Length, Risk, TravelTime, Paths.x, Paths.y , Fitness, Weights 
24.8883,219.468,2.12697,"20.9445;20.8919;20.8699;20.2352;19.4176;18.4652;17.7141;17.0726;16.4217;15.6882;15.0046;14.1847;13.5376;12.8587;12.129;11.1885;10.7276;10.1861;9.34796;8.51274;8.01628;7.48914;6.59071;5.92256;5.06383;4.16698;3.5816;2.67015;2.03254;1.62633;1.12084;1.09;1.03731;1","14.8279;13.9257;12.9792;12.7473;12.5034;12.2519;11.9845;11.7525;11.519;11.2203;11.0456;10.7732;10.6513;10.3497;10.0851;9.84812;9.86893;10.0069;10.1839;10.3206;10.4366;10.5626;10.7711;10.9696;11.2224;11.5123;11.7157;11.9905;12.1796;12.386;12.6572;13.3809;14.2763;15",0.2174
"0;0;1"
30.5684,3.92639,2.20341,"20.9445;20.9749;20.9992;21.0393;21.0609;20.6623;20.5008;20.1715;19.9524;19.5834;19.2499;18.5114;18.255;17.6616;17.5436;17.3179;16.5549;16.4047;15.8114;15.2283;14.9436;14.0466;13.3834;12.7161;12.1031;11.1484;10.8617;9.98174;9.11095;8.4631;7.78351;6.9156;6.33645;6.06549;5.73666;5.25437;4.81463;4.40589;4.15975;3.99866;3.35317;2.90389;2.2879;1.94024;1.21518;1.25479;1.13924;1","14.8279;14.2386;14.0376;13.6943;12.8873;12.4631;12.0982;11.3968;10.8495;10.2525;10.0176;9.44195;9.22372;8.64094;8.56743;8.35866;7.84754;7.59487;6.91972;6.51125;6.31988;5.88045;5.79384;5.60212;5.43529;5.4316;5.42343;5.48767;5.56515;5.79421;6.10299;6.51535;7.07917;7.34707;7.78778;8.29194;9.17854;9.97715;10.5208;11.1476;11.8726;12.3185;12.6856;12.73;12.9876;13.829;14.7064;15",0.284049
"0;0.0333333;0.966667"
31.3548,3.66928,2.26017,"20.9445;21.0528;21.2459;21.3698;21.3729;21.4001;21.3166;21.0152;20.5221;20.0046;19.66;19.0141;18.3316;17.4547;16.7383;16.2906;15.3986;14.6992;13.8657;13.5301;12.8727;12.0363;11.1187;10.8506;9.98174;9.11095;8.4631;7.52855;7.19593;7.0575;6.32308;5.89632;5.42084;5.17262;4.65748;4.24823;3.95269;3.71276;3.18244;2.62897;1.94024;1.54975;1.29219;1.25479;1.13924;1","14.8279;14.69;13.9274;13.1287;12.926;12.0311;11.4432;10.5306;9.66427;8.99547;8.5823;8.04798;7.57631;7.10072;6.6585;6.46378;6.04239;5.89388;5.61764;5.5326;5.45923;5.42157;5.38796;5.42003;5.48767;5.56515;5.79421;6.04537;6.21413;6.29003;6.80447;7.19077;7.8622;8.22131;8.9589;9.72352;10.3324;10.7829;11.564;12.2634;12.73;12.8258;13.6899;13.829;14.7064;15",0.327227
"0;0.0666667;0.933333"
31.2842,3.40634,2.28382,"20.9445;21.1713;21.2459;21.3698;21.3729;21.4001;21.3166;21.0152;20.5221;20.0046;19.66;19.0141;18.3316;17.4547;16.8938;16.2906;15.3986;14.4969;13.8657;13.5301;12.8727;12.0363;11.1187;10.8506;9.98174;9.37799;8.82119;8.30996;7.52855;7.19593;7.0575;6.32308;5.89632;5.42084;5.17262;4.65748;4.19209;4.09633;3.73903;3.4676;3.18244;2.65673;2.299;1.96268;1.72305;1.58248;1.46185;1.32586;1.11122;1","14.8279;14.3315;13.9274;13.1287;12.926;12.0311;11.4432;10.5306;9.66427;8.99547;8.5823;8.04798;7.57631;7.10072;6.78481;6.46378;6.04239;5.79033;5.61764;5.5326;5.45923;5.42157;5.38796;5.42003;5.48767;5.59043;5.70962;5.84416;6.04537;6.21413;6.29003;6.80447;7.19077;7.8622;8.22131;8.9589;9.6505;9.85094;10.4976;11.102;11.564;12.1491;12.4138;12.5953;12.6668;13.4298;14.0656;14.4161;14.8272;15",0.336828
"0;0.1;0.9"
31.5019,3.38096,2.27824,"20.9445;21.0538;21.2074;21.3175;21.3123;21.1301;20.9182;20.6068;20.3664;19.9853;19.6007;19.2677;18.4808;18.3728;18.0355;17.2427;16.4318;15.7579;15.4562;14.8416;14.4465;14.2994;13.3776;12.4106;12.1067;11.2334;10.5398;10.2276;9.31718;8.47971;8.0525;7.52855;6.80976;6.33645;6.06549;5.73666;5.12994;4.57623;4.43691;3.95269;3.3466;3.0644;2.67105;2.16836;1.70623;1.58248;1.46185;1.32586;1.11122;1","14.8279;13.9082;13.3479;12.5869;12.35;11.6558;10.7843;10.0284;9.54535;9.00932;8.70382;8.05641;7.51884;7.41354;7.09032;6.62215;6.18686;5.87371;5.75808;5.22467;5.22933;5.2093;5.05084;4.97935;5.22544;5.35093;5.53343;5.62389;5.42091;5.62061;5.81366;6.04537;6.60388;7.07917;7.34707;7.78778;8.55988;9.31021;9.58921;10.3324;11.0804;11.4248;11.9093;12.4501;13.0263;13.4298;14.0656;14.4161;14.8272;15",0.406975
"0;0.133333;0.866667"
32.0681,3.49077,2.29626,"20.9445;21.2459;21.3698;21.4319;21.3166;21.0152;20.5221;20.1464;19.6007;18.8914;18.6176;17.9297;17.1223;16.6393;15.8969;15.3511;14.416;13.5277;13.1409;12.3258;11.4369;10.5421;9.80577;8.89825;8.32269;7.52855;7.04605;6.3218;5.84618;5.44244;4.93992;5.00663;4.73469;4.60969;4.02365;3.37499;2.72673;1.94024;1.72305;1.58248;1.47922;1.11122;1","14.8279;13.9274;13.1287;12.1385;11.4432;10.5306;9.66427;9.03018;8.70382;8.17486;8.05609;7.46208;7.02026;6.78344;6.47403;6.24164;6.03978;5.86985;5.87394;5.96907;6.0207;5.86965;5.84108;5.87639;5.98584;6.04537;5.85007;6.41896;6.89546;7.48826;8.34066;8.83726;9.78661;10.643;11.3299;11.9163;12.663;12.73;12.6668;13.4298;14.1841;14.8272;15",0.527019
"0;0.166667;0.833333"
31.2673,3.40109,2.28515,"20.9445;20.9749;21.2074;21.3175;21.3513;21.2833;20.952;20.6068;20.3664;20.3192;19.8097;19.6007;18.9939;18.3316;17.8013;17.1962;16.3889;15.5933;14.6992;13.8657;13.3019;12.6799;12.4974;12.0363;11.1484;10.5398;9.80577;9.25446;8.5077;8.25585;7.47582;6.73465;6.29839;5.73666;5.25437;5.00663;4.66116;4.15975;3.72342;3.41607;2.92004;2.71753;1.94704;1.94024;1.70623;1.58248;1.47922;1.11122;1","14.8279;14.2386;13.3479;12.5869;12.1902;11.6059;10.729;10.0284;9.54535;9.48907;8.97154;8.70382;8.13618;7.57631;7.21465;6.75421;6.40039;6.23275;5.89388;5.61764;5.61834;5.50712;5.47763;5.42157;5.4316;5.53343;5.84108;6.0583;6.05528;6.07756;6.37702;6.74404;7.17083;7.78778;8.29194;8.83726;9.76957;10.5208;11.1478;11.4611;12.135;12.3164;12.8875;12.73;13.0263;13.4298;14.1841;14.8272;15",0.614487
"0;0.2;0.8"
31.4196,3.36959,2.30564,"20.9445;21.2459;21.3698;21.3729;21.4001;21.3166;21.0152;20.5221;20.0046;19.66;19.0141;18.3316;17.4547;16.7383;16.2906;15.3986;14.6992;13.8657;13.5301;12.8727;12.0363;11.1187;10.8506;9.98174;9.37799;8.52698;7.78351;7.41657;7.07724;6.73465;6.33645;6.06549;5.73666;5.30803;5.00663;4.58953;4.22555;3.87456;3.72009;3.37616;2.90389;2.41152;1.94704;1.94024;1.70623;1.58248;1.44043;1.02334;1","14.8279;13.9274;13.1287;12.926;12.0311;11.4432;10.5306;9.66427;8.99547;8.5823;8.04798;7.57631;7.10072;6.6585;6.46378;6.04239;5.89388;5.61764;5.5326;5.45923;5.42157;5.38796;5.42003;5.48767;5.59043;5.73847;6.10299;6.29772;6.50856;6.74404;7.07917;7.34707;7.78778;8.32069;8.83726;9.57149;10.2857;10.9359;11.237;11.7787;12.3185;12.6748;12.8875;12.73;13.0263;13.4298;14.3744;14.9846;15",0.709553
"0;0.233333;0.766667"
31.1502,3.19797,2.34452,"20.9445;21.0528;21.3772;21.383;21.3729;21.4001;21.3166;21.0152;20.5221;20.0046;19.66;19.0141;18.3316;17.4547;16.8938;16.2906;15.3986;14.4969;13.7161;13.3019;12.6799;12.1067;11.2607;10.9862;10.1961;9.65485;9.11095;8.4631;7.96119;7.56659;6.73465;6.29839;5.73666;5.12994;5.00663;4.58953;4.22555;3.66049;3.41607;2.93257;2.58033;2.2879;1.94704;1.692;1.44043;1.02334;1","14.8279;14.69;13.8979;13.7996;12.926;12.0311;11.4432;10.5306;9.66427;8.99547;8.5823;8.04798;7.57631;7.10072;6.78481;6.46378;6.04239;5.79033;5.66132;5.61834;5.50712;5.22544;5.24337;5.24897;5.24024;5.37482;5.56515;5.79421;6.0948;6.2626;6.74404;7.17083;7.78778;8.55988;8.83726;9.57149;10.2857;11.0578;11.4611;12.111;12.4728;12.6856;12.8875;13.6397;14.3744;14.9846;15",0.765152
"0;0.266667;0.733333"
30.9373,3.1518,2.34661,"20.9445;20.9749;21.0538;21.1731;21.1286;20.9369;20.7065;20.3055;19.9892;19.6007;18.9939;18.3316;17.4547;16.7383;16.2906;15.3986;14.6992;13.8657;13.5301;12.6799;12.1067;11.2607;10.4429;9.65485;9.31718;8.52698;7.96119;7.56659;6.73465;6.29839;5.73666;5.25437;5.00663;4.8312;4.60907;4.33045;3.99866;3.37499;2.72673;2.15388;1.692;1.44043;1.02334;1","14.8279;14.2386;13.9082;13.1707;12.2456;11.4017;10.6771;9.76761;9.23354;8.70382;8.13618;7.57631;7.10072;6.6585;6.46378;6.04239;5.89388;5.61764;5.5326;5.50712;5.22544;5.24337;5.24403;5.37482;5.42091;5.73847;6.0948;6.2626;6.74404;7.17083;7.78778;8.29194;8.83726;9.24807;10.0546;10.407;11.1476;11.9163;12.663;12.9406;13.6397;14.3744;14.9846;15",0.846944
"0;0.3;0.7"
31.0284,3.13839,2.38774,"20.9445;21.0528;21.3772;21.383;21.3729;21.4001;21.3166;21.0152;20.5221;20.0046;19.66;19.0141;18.3316;17.4547;16.7383;16.2906;15.3986;14.6992;13.8657;13.5301;12.8727;12.0363;11.1187;10.8506;9.98174;9.37799;8.52698;7.78351;7.41657;7.07724;6.73465;6.33645;6.06549;5.73666;5.30803;5.00663;4.58953;4.22555;3.87456;3.72009;3.35317;2.90389;2.15388;1.692;1.44043;1.02334;1","14.8279;14.69;13.8979;13.7996;12.926;12.0311;11.4432;10.5306;9.66427;8.99547;8.5823;8.04798;7.57631;7.10072;6.6585;6.46378;6.04239;5.89388;5.61764;5.5326;5.45923;5.42157;5.38796;5.42003;5.48767;5.59043;5.73847;6.10299;6.29772;6.50856;6.74404;7.07917;7.34707;7.78778;8.32069;8.83726;9.57149;10.2857;10.9359;11.237;11.8726;12.3185;12.9406;13.6397;14.3744;14.9846;15",0.936578
"0;0.333333;0.666667"
30.6386,3.09691,2.4308,"20.9445;21.0528;21.3772;21.4622;21.3513;21.3166;20.952;20.3502;19.8453;19.4336;18.9508;18.1655;17.4219;16.6569;15.8969;15.3511;14.5246;13.6469;13.3834;12.4806;11.9726;11.0191;10.2927;9.42622;9.06449;8.89825;8.32269;7.56659;6.92881;6.66525;6.61208;6.0878;5.70571;5.50781;5.20632;4.66732;4.35751;3.99866;3.80914;3.24198;2.82902;2.28558;1.73954;1.44043;1.02334;1","14.8279;14.69;13.8979;13.1726;12.1902;11.4432;10.729;9.9628;9.30542;8.85296;8.454;7.85707;7.48873;6.91359;6.47403;6.24164;5.97825;5.74708;5.79384;5.77844;5.67967;5.56431;5.59564;5.77136;5.83519;5.87639;5.98584;6.2626;6.74112;7.10763;7.23448;7.95804;8.55893;8.89227;9.24819;9.96901;10.5508;11.1476;11.5802;12.1985;12.7776;13.0108;13.8246;14.3744;14.9846;15",1.01503
"0;0.366667;0.633333"
31.4714,3.02717,2.43801,"20.9445;21.2459;21.3698;21.2842;21.1936;20.8874;20.952;20.7194;20.5221;20.2149;19.9038;19.3532;18.7087;17.952;17.6776;17.2559;16.489;15.8461;15.2715;14.2994;13.3931;12.4609;12.1067;11.1484;10.5398;10.2927;9.42622;9.06449;8.89825;8.32269;7.47582;6.96265;6.33819;5.80582;5.50781;5.20632;4.66732;4.36994;4.02365;3.56446;3.12032;2.82902;2.28558;2.03917;1.8177;1.35781;1.18586;1","14.8279;13.9274;13.1287;12.5491;12.0961;11.2906;10.729;10.0547;9.66427;8.7729;8.27224;7.74197;7.31401;6.92339;6.66171;6.38626;5.98093;5.52425;5.12165;5.2093;5.23579;5.22682;5.22544;5.4316;5.53343;5.59564;5.77136;5.83519;5.87639;5.98584;6.37702;7.10248;7.76443;8.43742;8.89227;9.24819;9.96901;10.6298;11.3299;11.9825;12.4609;12.7776;13.0108;13.5517;14.0697;14.7587;14.8795;15",1.07941
"0;0.4;0.6"
31.1308,3.10143,2.3712,"20.9445;21.0528;21.1713;21.2459;21.3698;21.3729;21.4001;21.3166;21.0152;20.5221;20.0046;19.66;19.0141;18.3316;17.4547;16.8938;16.2906;15.3986;14.4969;13.7161;12.8257;12.4974;12.0363;11.1187;10.7308;9.98174;9.11095;8.18033;7.52855;7.19593;7.0575;6.32308;5.89632;5.42084;5.28151;4.77285;4.55607;4.24823;3.95269;3.66049;3.34447;2.90389;2.15388;1.73954;1.44043;1.02334;1","14.8279;14.69;14.3315;13.9274;13.1287;12.926;12.0311;11.4432;10.5306;9.66427;8.99547;8.5823;8.04798;7.57631;7.10072;6.78481;6.46378;6.04239;5.79033;5.66132;5.53667;5.47763;5.42157;5.38796;5.39603;5.48767;5.56515;5.74472;6.04537;6.21413;6.29003;6.80447;7.19077;7.8622;7.98757;8.80192;9.20053;9.72352;10.3324;11.0578;11.781;12.3185;12.9406;13.8246;14.3744;14.9846;15",1.20154
"0;0.433333;0.566667"
30.3705,3.07247,2.42493,"20.9445;21.2459;21.3698;21.3729;21.4001;21.3166;21.0152;20.5221;20.0046;19.66;19.0141;18.3316;17.4547;16.6393;15.8969;15.3511;14.5246;13.6469;13.3834;12.4806;11.9726;11.4369;10.6506;9.95481;9.09621;8.38846;7.81765;7.49871;7.28027;6.83642;6.24201;5.91716;5.5628;5.06747;4.60969;4.11466;3.56446;2.92162;2.28558;2.03917;1.78695;1.35781;1.18586;1","14.8279;13.9274;13.1287;12.926;12.0311;11.4432;10.5306;9.66427;8.99547;8.5823;8.04798;7.57631;7.10072;6.78344;6.47403;6.24164;5.97825;5.74708;5.79384;5.77844;5.67967;6.0207;6.14477;6.21371;6.40705;6.57327;6.77767;7.04829;7.17873;7.82597;8.5448;9.10361;9.55887;10.1182;10.643;11.3105;11.9825;12.3855;13.0108;13.5517;14.2082;14.7587;14.8795;15",1.28045
"0;0.466667;0.533333"
31.1245,2.99979,2.44134,"20.9445;21.0528;21.1713;21.2459;21.3698;21.3729;21.4001;21.3166;21.0152;20.5221;20.0046;19.66;19.0141;18.3728;17.5735;16.8957;16.2156;15.4562;14.6639;13.7585;12.8691;12.1067;11.1484;10.2927;9.42622;8.5077;7.56659;7.01186;6.66525;6.57055;6.0878;5.70571;5.50781;5.20632;4.66732;4.36994;4.02365;3.56446;3.12032;2.28558;2.03917;1.78695;1.35781;1.18586;1","14.8279;14.69;14.3315;13.9274;13.1287;12.926;12.0311;11.4432;10.5306;9.66427;8.99547;8.5823;8.04798;7.41354;6.94366;6.47092;6.10222;5.75808;5.43315;5.35008;5.27662;5.22544;5.4316;5.59564;5.77136;6.05528;6.2626;6.76004;7.10763;7.42079;7.95804;8.55893;8.89227;9.24819;9.96901;10.6298;11.3299;11.9825;12.4609;13.0108;13.5517;14.2082;14.7587;14.8795;15",1.33557
"0;0.5;0.5"
31.0336,3.02332,2.40494,"20.9445;21.2459;21.3698;21.3729;21.4001;21.3166;21.0152;20.5221;20.0046;19.66;19.0141;18.3316;17.4547;16.7383;16.2906;15.3986;14.6992;13.8657;13.5301;12.8727;12.0363;11.1484;10.6577;9.98174;9.11095;8.30996;7.56659;6.73465;6.29839;5.73666;5.12994;5.00663;4.58953;4.22555;3.66049;3.41607;2.90389;2.15388;1.94626;1.78695;1.35781;1.18586;1","14.8279;13.9274;13.1287;12.926;12.0311;11.4432;10.5306;9.66427;8.99547;8.5823;8.04798;7.57631;7.10072;6.6585;6.46378;6.04239;5.89388;5.61764;5.5326;5.45923;5.42157;5.4316;5.47029;5.48767;5.56515;5.84416;6.2626;6.74404;7.17083;7.78778;8.55988;8.83726;9.57149;10.2857;11.0578;11.4611;12.3185;12.9406;13.5208;14.2082;14.7587;14.8795;15",1.43715
"0;0.533333;0.466667"
30.7955,2.96835,2.45881,"20.9445;21.0528;21.1713;21.2459;21.3698;21.3729;21.4001;21.3166;21.0152;20.5221;20.0046;19.66;19.0141;18.3316;17.4547;16.8938;16.2906;15.3986;14.4969;13.6321;12.8727;12.0363;11.1484;10.2927;9.42622;8.5077;7.79984;7.07833;6.75256;6.13151;5.53213;5.03098;4.5567;4.22555;3.87456;3.72009;3.35317;2.91729;2.24813;1.89183;1.78695;1.35781;1.18586;1","14.8279;14.69;14.3315;13.9274;13.1287;12.926;12.0311;11.4432;10.5306;9.66427;8.99547;8.5823;8.04798;7.57631;7.10072;6.78481;6.46378;6.04239;5.79033;5.48332;5.45923;5.42157;5.4316;5.59564;5.77136;6.05528;6.43346;6.86403;7.10376;7.58389;8.27425;8.81388;9.67651;10.2857;10.9359;11.237;11.8726;12.4828;13.1297;13.9521;14.2082;14.7587;14.8795;15",1.49583
"0;0.566667;0.433333"
31.2322,2.96008,2.48604,"20.9445;21.0528;21.3772;21.4622;21.5125;21.4001;21.3166;21.0152;20.5221;20.0046;19.66;19.0141;18.3316;17.4547;16.8938;16.2906;15.3986;14.9916;14.1215;13.5301;12.8727;12.0363;11.1187;10.7308;9.98174;9.11095;8.18033;7.52855;7.19593;7.0575;6.32308;5.89632;5.36056;4.8811;4.58953;4.22555;3.87456;3.72009;3.37616;2.89787;2.72673;2.24813;1.89183;1.63173;1.35781;1.18586;1","14.8279;14.69;13.8979;13.1726;12.6465;12.0311;11.4432;10.5306;9.66427;8.99547;8.5823;8.04798;7.57631;7.10072;6.78481;6.46378;6.04239;5.81136;5.58981;5.5326;5.45923;5.42157;5.38796;5.39603;5.48767;5.56515;5.74472;6.04537;6.21413;6.29003;6.80447;7.19077;8.02586;8.74236;9.57149;10.2857;10.9359;11.237;11.7787;12.5017;12.663;13.1297;13.9521;14.5175;14.7587;14.8795;15",1.57886
"0;0.6;0.4"
30.9857,2.93442,2.46684,"20.9445;21.2459;21.3698;21.3729;21.4001;21.3166;21.1514;21.0152;20.5221;20.0046;19.66;19.0141;18.3316;17.4547;16.8938;16.2906;15.3986;14.4969;13.7161;12.8257;12.4974;12.0363;11.1187;10.7308;9.98174;9.37799;8.82119;8.30996;7.78351;7.41657;7.07724;6.73465;6.08473;5.73666;5.30803;5.00663;4.58953;4.22555;3.87456;3.5816;3.02954;2.45528;2.08287;1.67112;1.63173;1.35781;1.18586;1","14.8279;13.9274;13.1287;12.926;12.0311;11.4432;10.9333;10.5306;9.66427;8.99547;8.5823;8.04798;7.57631;7.10072;6.78481;6.46378;6.04239;5.79033;5.66132;5.53667;5.47763;5.42157;5.38796;5.39603;5.48767;5.59043;5.70962;5.84416;6.10299;6.29772;6.50856;6.74404;7.36887;7.78778;8.32069;8.83726;9.57149;10.2857;10.9359;11.7157;12.5269;12.9713;13.6687;14.4526;14.5175;14.7587;14.8795;15",1.65032
"0;0.633333;0.366667"
30.9475,2.94143,2.52942,"20.9445;21.0528;21.2459;21.3698;21.3729;21.4001;21.3166;21.0152;20.5221;20.0046;19.66;19.0141;18.3316;17.8013;17.1962;16.3889;15.5933;14.7032;14.2664;13.6469;12.7161;11.8267;10.8376;10.5398;10.2927;9.42622;8.5077;7.56659;7.07833;6.66525;6.18483;5.78739;5.4352;5.20041;4.85266;4.66732;4.36994;4.02365;3.61188;3.28271;2.46893;2.08287;1.63173;1.36437;1","14.8279;14.69;13.9274;13.1287;12.926;12.0311;11.4432;10.5306;9.66427;8.99547;8.5823;8.04798;7.57631;7.21465;6.75421;6.40039;6.23275;5.99291;5.92039;5.74708;5.60212;5.53846;5.64608;5.53343;5.59564;5.77136;6.05528;6.2626;6.86403;7.10763;7.53536;7.9878;8.58236;8.98347;9.60797;9.96901;10.6298;11.3299;12.1327;12.5745;13.0919;13.6687;14.5175;14.804;15",1.74185
"0;0.666667;0.333333"
30.9766,2.92149,2.50444,"20.9445;21.2459;21.3698;21.3729;21.4001;21.3166;21.1514;21.0152;20.5221;20.0046;19.66;19.0141;18.3316;17.4547;16.8938;16.2906;15.3986;14.4969;13.7161;12.8257;12.4974;12.0363;11.1187;10.7308;9.98174;9.37799;8.82119;8.30996;7.78351;7.41657;7.07724;6.73465;6.29839;6.29018;6.08473;5.73666;5.12994;4.81463;4.5567;4.22555;3.87456;3.5816;3.12032;2.46893;2.08287;1.63173;1.36437;1","14.8279;13.9274;13.1287;12.926;12.0311;11.4432;10.9333;10.5306;9.66427;8.99547;8.5823;8.04798;7.57631;7.10072;6.78481;6.46378;6.04239;5.79033;5.66132;5.53667;5.47763;5.42157;5.38796;5.39603;5.48767;5.59043;5.70962;5.84416;6.10299;6.29772;6.50856;6.74404;7.17083;7.17791;7.36887;7.78778;8.55988;9.17854;9.67651;10.2857;10.9359;11.7157;12.4609;13.0919;13.6687;14.5175;14.804;15",1.81498
"0;0.7;0.3"
31.0336,2.9115,2.56191,"20.9445;21.0528;21.2459;21.3698;21.3729;21.4001;21.3166;21.0152;20.5221;20.0046;19.66;19.0141;18.3316;17.4547;16.7383;16.2906;15.3986;14.6992;13.8657;13.5301;12.8727;12.0363;11.1187;10.8506;9.98174;9.37799;8.52698;7.78351;7.41657;7.07724;6.73465;6.33645;6.06549;5.73666;5.12994;4.81463;4.40589;4.28303;3.98071;3.5816;3.15705;2.63303;2.08287;1.67112;1.63173;1.36437;1","14.8279;14.69;13.9274;13.1287;12.926;12.0311;11.4432;10.5306;9.66427;8.99547;8.5823;8.04798;7.57631;7.10072;6.6585;6.46378;6.04239;5.89388;5.61764;5.5326;5.45923;5.42157;5.38796;5.42003;5.48767;5.59043;5.73847;6.10299;6.29772;6.50856;6.74404;7.07917;7.34707;7.78778;8.55988;9.17854;9.97715;10.2803;11.1009;11.7157;12.5605;13.0983;13.6687;14.4526;14.5175;14.804;15",1.89409
"0;0.733333;0.266667"
31.3192,2.89484,2.56752,"20.9445;21.0528;21.2459;21.3698;21.3729;21.4001;21.3166;21.0152;20.5221;20.0046;19.66;19.0141;18.3728;17.5735;17.4859;17.0816;16.3889;15.5933;14.6992;13.8657;13.3019;12.4974;12.1031;11.1484;10.5398;10.2927;9.31718;8.4631;7.52855;6.80976;6.29839;5.73666;5.25437;5.0765;4.91669;4.50014;4.02365;3.80914;3.24198;3.02954;2.63303;2.38287;2.06097;1.48365;1.26826;1","14.8279;14.69;13.9274;13.1287;12.926;12.0311;11.4432;10.5306;9.66427;8.99547;8.5823;8.04798;7.41354;6.94366;6.89787;6.63097;6.40039;6.23275;5.89388;5.61764;5.61834;5.47763;5.43529;5.4316;5.53343;5.59564;5.42091;5.79421;6.04537;6.60388;7.17083;7.78778;8.29194;9.11447;10.0217;10.7166;11.3299;11.5802;12.1985;12.5269;13.0983;13.5641;14.1868;14.7505;14.8827;15",1.96741
"0;0.766667;0.233333"
31.1247,2.87651,2.59474,"20.9445;21.2583;21.3772;21.4622;21.3513;21.3166;21.0152;20.5221;20.1464;19.8158;19.1883;18.4808;18.3728;17.5735;16.8957;16.2156;15.4562;14.9713;14.0716;13.2671;12.4609;12.1067;11.2334;10.6577;9.77102;8.89825;8.5077;7.6096;6.92881;6.66525;6.18483;5.78739;5.53376;5.28745;4.9884;4.5145;3.98071;3.5816;3.15705;2.63303;2.19663;1.66722;1.48365;1.26826;1","14.8279;14.3264;13.8979;13.1726;12.1902;11.4432;10.5306;9.66427;9.03018;8.67301;8.02552;7.51884;7.41354;6.94366;6.47092;6.10222;5.75808;5.66384;5.53873;5.35659;5.22682;5.22544;5.35093;5.47029;5.60388;5.87639;6.05528;6.35406;6.74112;7.10763;7.53536;7.9878;8.54844;8.89877;9.50107;10.3282;11.1009;11.7157;12.5605;13.0983;13.9812;14.6087;14.7505;14.8827;15",2.03828
"0;0.8;0.2"
31.068,2.86109,2.58184,"20.9445;21.0528;21.2459;21.3698;21.3729;21.4001;21.3166;21.0152;20.5221;20.0046;19.66;19.0141;18.3316;17.4547;16.8938;16.2906;15.3986;14.6992;13.8657;13.5301;12.8727;12.0363;11.1187;10.8506;9.98174;9.37799;8.87892;7.96119;7.56659;7.07724;6.73465;6.06549;5.73666;5.30803;5.00663;4.8312;4.50424;4.33045;4.02365;3.61188;2.94391;2.63303;2.19663;2.06097;1.66722;1.48365;1.26826;1","14.8279;14.69;13.9274;13.1287;12.926;12.0311;11.4432;10.5306;9.66427;8.99547;8.5823;8.04798;7.57631;7.10072;6.78481;6.46378;6.04239;5.89388;5.61764;5.5326;5.45923;5.42157;5.38796;5.42003;5.48767;5.59043;5.75204;6.0948;6.2626;6.50856;6.74404;7.34707;7.78778;8.32069;8.83726;9.24807;10.0233;10.407;11.3299;12.1327;12.8298;13.0983;13.9812;14.1868;14.6087;14.7505;14.8827;15",2.11036
"0;0.833333;0.166667"
30.7138,2.8508,2.65379,"20.9445;21.2459;21.3698;21.3729;21.4001;20.9357;20.7065;20.3055;19.606;19.3157;18.9365;18.7957;18.1655;17.4601;17.0611;16.6393;15.8969;15.3511;14.7032;14.2002;13.3019;12.6799;12.4974;12.0363;11.1484;10.5398;10.2927;9.42622;8.89825;8.32269;7.56659;7.47582;6.96265;6.33819;5.7952;5.4268;4.9884;4.66732;4.36994;4.02365;3.88968;3.51954;2.9597;2.81997;2.28999;1.89472;1.54273;1.08228;1","14.8279;13.9274;13.1287;12.926;12.0311;11.6194;10.6771;9.76761;9.38159;8.9809;8.53693;8.40009;7.85707;7.4128;7.09161;6.78344;6.47403;6.24164;5.99291;5.85299;5.61834;5.50712;5.47763;5.42157;5.4316;5.53343;5.59564;5.77136;5.87639;5.98584;6.2626;6.37702;7.10248;7.76443;8.29821;8.86111;9.50107;9.96901;10.6298;11.3299;11.598;12.3221;13.0415;13.2178;14.0172;14.5158;14.7953;14.98;15",2.18586
"0;0.866667;0.133333"
21.5956,2.56847,10.7978,"20.8302;20.5229;19.6706;19.1095;18.5799;18.4307;17.6153;17.3105;16.7834;16.1675;15.6273;15.1124;14.4441;13.5949;12.7;11.8392;10.8814;10.4904;9.75653;9.37892;8.74865;7.87486;7.01068;6.21229;5.35301;4.85016;4.14342;3.51856;2.72696;1.84896;1.50174;1","15.1138;15.2971;15.6624;15.9031;16.1355;16.2161;16.6009;16.6799;16.794;17.2182;17.6039;17.809;18.0851;18.4266;18.6191;18.7565;18.8596;18.8806;18.9081;18.8517;18.7062;18.4545;18.1632;17.8055;17.3284;16.9237;16.3718;15.9285;15.5104;15.2439;15.1027;15",2.01636
"0;0.9;0.1"
22.2972,2.35984,11.1486,"20.8302;20.5252;19.6786;18.7351;18.2654;17.45;16.5986;16.162;15.3226;14.7221;14.0708;13.5992;12.6846;12.3303;11.4741;10.787;10.1385;9.3683;8.66859;7.72338;6.80517;6.3729;5.79889;5.27027;4.62884;4.37899;3.55519;2.95385;2.42694;1.50174;1","15.1138;15.786;15.8704;16.0541;16.286;16.8463;17.359;17.5455;18.0767;18.4503;18.8262;18.8999;19.1339;19.1512;19.2454;19.2693;19.2943;19.3095;19.0694;18.7595;18.4984;18.3871;18.0903;17.6745;17.0751;16.8559;16.313;15.8127;15.4766;15.1027;15",1.89632
"0;0.933333;0.0666667"
23.1178,2.05805,11.5589,"20.8302;20.5757;19.8587;19.2217;18.7601;18.0546;17.4879;16.737;16.253;15.7951;15.0662;14.6389;13.9732;13.0792;12.8113;11.9002;11.0554;10.3663;9.45689;8.49378;8.12602;7.25183;6.61139;5.90366;5.1951;4.46572;4.08517;3.59429;2.95385;2.42694;1.50174;1","15.1138;15.6485;16.121;16.7298;17.1719;17.6147;18.0645;18.551;18.8493;19.0467;19.3939;19.4672;19.726;20.1321;20.1491;20.1622;20.1831;20.1304;20.0609;19.8053;19.711;19.3944;19.0358;18.484;17.9547;17.2883;16.9679;16.3824;15.8127;15.4766;15.1027;15",1.67231
"0;0.966667;0.0333333"
31.3565,1.76607,15.6782,"20.8302;21.0214;21.3466;21.4966;21.5721;21.5634;21.4887;21.2131;20.9451;20.705;20.1921;19.8889;19.6548;19.0742;18.7343;18.2625;17.5024;16.8934;16.2499;15.456;15.004;14.2371;13.4742;12.5921;12.2526;11.3804;10.7145;9.9824;9.82289;9.16588;8.65223;8.2712;7.77985;7.40484;7.00348;6.59831;6.21296;5.67782;5.21652;4.93525;4.47974;4.17149;3.59429;3.43259;2.95385;2.42694;1.50174;1","15.1138;15.4965;16.3453;17.2615;18.1988;18.3054;18.8904;19.714;20.5266;21.0046;21.7429;22.1474;22.4572;23.0225;23.2986;23.7049;24.0649;24.3208;24.5306;24.77;24.8589;24.8911;24.8668;24.7328;24.6356;24.4027;24.1638;23.7646;23.6434;23.1657;22.7365;22.4096;21.9703;21.5489;21.132;20.673;20.275;19.4328;18.6709;18.2954;17.6574;17.1412;16.3824;16.2004;15.8127;15.4766;15.1027;15",1.438
"0;1;0"
24.1709,230.512,2.21885,"20.9445;20.7875;20.5203;19.8034;19.4176;18.4652;17.7141;17.0726;16.4217;15.6882;15.0046;14.1847;13.5376;12.8587;12.129;11.1885;10.7276;10.1861;9.26438;8.40654;7.66567;7.08052;6.32788;5.61944;5.09505;4.42696;3.61188;2.92162;1.97499;1.94024;1.21518;1.09701;1.02572;1","14.8279;14.1877;13.2556;12.6447;12.5034;12.2519;11.9845;11.7525;11.519;11.2203;11.0456;10.7732;10.6513;10.3497;10.0851;9.84812;9.86893;10.0069;10.2417;10.6328;10.8796;11.0469;11.3053;11.5351;11.6907;11.8666;12.1327;12.3855;12.6746;12.73;12.9876;13.8121;14.4702;15",0.298975
"0.0333333;0;0.966667"
26.1919,5.42864,2.33253,"20.9445;20.5615;19.974;19.4176;18.6508;18.2775;17.4775;16.6953;16.2452;15.8456;15.0937;14.4752;13.5613;12.5936;11.8925;11.5959;10.7999;10.2246;9.34292;8.4788;8.10402;7.20691;6.32315;5.91716;5.28162;4.93894;4.36994;3.98071;3.35317;2.71753;1.94024;1.21518;1.25479;1.13924;1","14.8279;13.9093;13.2369;12.5034;11.946;11.6697;11.1182;10.5306;10.2719;10.1757;9.59455;9.07151;8.69624;8.47878;8.33187;8.23291;7.94992;7.83544;8.05791;8.43964;8.27582;8.51498;8.96375;9.10361;9.54902;9.86964;10.6298;11.1009;11.8726;12.3164;12.73;12.9876;13.829;14.7064;15",0.394767
"0.0333333;0.0333333;0.933333"
27.4712,4.318,2.3991,"20.9445;20.5615;19.974;19.2875;19.2296;18.77;18.2775;17.9522;17.6607;17.2146;16.7628;16.2526;15.5257;14.759;13.9401;13.2047;12.6861;11.8585;11.0273;10.6803;10.139;9.66261;9.54508;8.61951;7.654;7.49871;6.76757;6.0878;5.4352;4.81463;4.58953;4.22555;3.66049;2.96013;2.299;1.97307;1.54975;1.29219;1.25479;1.13924;1","14.8279;13.9093;13.2369;12.6727;12.5476;12.2627;11.6697;11.0846;10.5323;10.0546;9.63506;9.25179;8.92383;8.64035;8.13801;7.88087;7.82933;7.57111;7.29656;7.26933;7.44216;7.177;7.13188;6.81384;7.02258;7.04829;7.36015;7.95804;8.58236;9.17854;9.57149;10.2857;11.0578;11.6859;12.4138;12.6374;12.8258;13.6899;13.829;14.7064;15",0.440582
"0.0333333;0.0666667;0.9"
28.2115,3.87745,2.41566,"20.9445;20.8235;20.2541;19.746;19.2296;18.9928;18.4898;18.0418;17.4459;16.7628;16.2526;15.8056;15.0187;14.6591;13.8323;13.0667;12.7971;12.2933;11.4192;10.7403;10.4818;9.74591;9.51656;9.06486;8.91263;8.38846;8.02803;7.56523;6.66525;6.29328;5.73666;5.25437;4.65748;4.19209;4.09633;3.73903;3.43895;3.18123;2.67105;1.9681;1.94024;1.72305;1.58248;1.46185;1.32586;1.11122;1","14.8279;14.6232;13.8429;13.0652;12.5476;12.2543;11.6274;10.9797;10.252;9.63506;9.25179;8.45837;7.91175;7.75692;7.27322;7.09902;7.11333;7.18805;7.1888;7.27676;7.0723;6.81259;6.70623;6.56905;6.56349;6.57327;6.61375;6.70048;7.10763;7.34795;7.78778;8.29194;8.9589;9.6505;9.85094;10.4976;11.0355;11.4136;11.9093;12.4028;12.73;12.6668;13.4298;14.0656;14.4161;14.8272;15",0.438609
"0.0333333;0.1;0.866667"
28.7298,3.53937,2.39062,"20.9445;20.5615;20.4538;19.8729;19.2296;18.9928;18.4898;18.1828;17.6716;17.2247;16.71;16.1434;15.8847;15.7291;15.3286;15.0263;14.5933;13.7043;12.7663;12.0741;11.4369;10.6889;9.95481;9.09621;8.38846;7.654;7.28027;7.11237;6.29839;5.73666;5.25437;5.12433;4.58566;4.19209;3.73903;3.3466;3.0644;2.67105;2.16836;1.70623;1.58248;1.46185;1.32586;1.11122;1","14.8279;13.9093;13.6063;12.9807;12.5476;12.2543;11.6274;10.8994;10.3127;9.51686;8.70749;8.31645;7.88818;7.67708;7.3026;7.05244;6.6976;6.36997;6.18787;6.12223;6.0207;5.95589;6.21371;6.40705;6.57327;7.02258;7.17873;7.16604;7.17083;7.78778;8.29194;8.46532;9.22451;9.6505;10.4976;11.0804;11.4248;11.9093;12.4501;13.0263;13.4298;14.0656;14.4161;14.8272;15",0.428095
"0.0333333;0.133333;0.833333"
29.7101,3.6049,2.41893,"20.9445;20.5615;19.974;19.4176;18.8553;18.2947;17.9469;17.6204;17.1118;16.9383;16.5549;16.1991;15.6717;14.9436;14.4969;13.6321;12.8727;11.9726;11.6418;10.8376;10.2429;9.42622;8.5077;7.77317;7.49871;7.05058;6.36524;5.91716;5.57283;4.91669;4.35657;3.99866;3.37499;2.72673;1.94024;1.72305;1.58248;1.47922;1.11122;1","14.8279;13.9093;13.2369;12.5034;11.7247;11.0924;10.191;9.26639;8.46382;8.28222;7.84754;7.45182;6.89929;6.31988;5.79033;5.48332;5.45923;5.67967;5.71353;5.64608;5.69032;5.77136;6.05528;6.63605;7.04829;7.79025;8.48894;9.10361;9.40644;10.0217;10.6852;11.1476;11.9163;12.663;12.73;12.6668;13.4298;14.1841;14.8272;15",0.546041
"0.0333333;0.166667;0.8"
30.3482,3.40964,2.31535,"20.9445;20.5615;20.4538;20.2352;20.152;20.0936;20.0777;20.0234;19.9197;19.5586;19.4304;18.9707;18.7518;18.3637;17.9496;17.4601;17.0611;16.3808;15.8969;15.3511;14.416;13.6469;13.3834;12.4806;11.9726;11.4925;10.5007;10.2276;9.42622;8.5077;8.25585;7.47582;6.92881;6.29839;5.73666;5.12994;5.00663;4.58953;4.22555;3.8204;3.41607;2.92004;2.71753;1.94704;1.94024;1.70623;1.58248;1.47922;1.11122;1","14.8279;13.9093;13.6063;12.7473;12.5519;11.8732;11.6967;11.1672;10.609;9.85366;9.62182;8.86438;8.51457;8.03287;7.81225;7.4128;7.09161;6.71861;6.47403;6.24164;6.03978;5.74708;5.79384;5.77844;5.67967;5.60504;5.63254;5.62389;5.77136;6.05528;6.07756;6.37702;6.74112;7.17083;7.78778;8.55988;8.83726;9.57149;10.2857;10.9221;11.4611;12.135;12.3164;12.8875;12.73;13.0263;13.4298;14.1841;14.8272;15",0.616198
"0.0333333;0.2;0.766667"
30.5169,3.22522,2.51582,"20.9445;20.594;20.3237;19.8671;19.8729;19.9515;19.9896;19.9414;19.7911;19.5461;19.4837;19.1134;19.1098;18.8497;18.2203;17.4601;17.0611;16.6393;15.7757;15.1769;14.6992;13.8657;13.5301;12.8727;12.0363;11.1187;10.7308;9.98174;9.37799;8.52698;7.78351;7.41657;7.07724;6.73465;6.33645;6.06549;5.73666;5.30803;5.00663;4.58953;4.22555;3.87456;3.72009;3.37616;2.90389;2.41152;1.94704;1.692;1.44043;1.02334;1","14.8279;14.5056;14.2932;13.8003;12.9807;12.3124;11.574;11.2687;10.6388;9.91212;9.75396;9.09378;9.0878;8.72528;8.01759;7.4128;7.09161;6.78344;6.32113;6.01224;5.89388;5.61764;5.5326;5.45923;5.42157;5.38796;5.39603;5.48767;5.59043;5.73847;6.10299;6.29772;6.50856;6.74404;7.07917;7.34707;7.78778;8.32069;8.83726;9.57149;10.2857;10.9359;11.237;11.7787;12.3185;12.6748;12.8875;13.6397;14.3744;14.9846;15",0.675865
"0.0333333;0.233333;0.733333"
31.2517,3.19683,2.32885,"20.9445;21.0538;21.3698;21.3729;21.4001;21.3166;21.0152;20.5221;20.1464;19.6271;19.2677;18.4808;17.9697;17.393;16.8957;16.2156;15.7579;15.0435;14.1162;13.2671;12.4609;12.1067;11.2607;10.9862;10.4429;9.65485;9.11095;8.4631;7.96119;7.56659;6.73465;6.29839;5.73666;5.12994;5.00663;4.58953;4.22555;3.66049;3.41607;2.93257;2.58033;2.2879;1.94704;1.692;1.44043;1.02334;1","14.8279;13.9082;13.1287;12.926;12.0311;11.4432;10.5306;9.66427;9.03018;8.33335;8.05641;7.51884;7.11434;6.7355;6.47092;6.10222;5.87371;5.73443;5.52412;5.35659;5.22682;5.22544;5.24337;5.24897;5.24403;5.37482;5.56515;5.79421;6.0948;6.2626;6.74404;7.17083;7.78778;8.55988;8.83726;9.57149;10.2857;11.0578;11.4611;12.111;12.4728;12.6856;12.8875;13.6397;14.3744;14.9846;15",0.764847
"0.0333333;0.266667;0.7"
31.2912,3.15093,2.39503,"20.9445;21.0528;21.3772;21.5208;21.5125;21.4001;21.3166;21.0152;20.5221;20.0046;19.66;19.0141;18.3316;17.4547;16.8938;16.2906;15.3986;14.9916;14.0716;13.2671;12.4609;12.1067;11.2334;10.6577;9.98174;9.11095;8.47971;7.78351;6.9156;6.29839;5.73666;5.25437;5.00663;4.8312;4.60907;4.33045;3.99866;3.37499;2.72673;2.15388;1.692;1.44043;1.02334;1","14.8279;14.69;13.8979;12.9506;12.6465;12.0311;11.4432;10.5306;9.66427;8.99547;8.5823;8.04798;7.57631;7.10072;6.78481;6.46378;6.04239;5.81136;5.53873;5.35659;5.22682;5.22544;5.35093;5.47029;5.48767;5.56515;5.62061;6.10299;6.51535;7.17083;7.78778;8.29194;8.83726;9.24807;10.0546;10.407;11.1476;11.9163;12.663;12.9406;13.6397;14.3744;14.9846;15",0.846683
"0.0333333;0.3;0.666667"
30.6555,3.1395,2.34379,"20.9445;20.9749;21.0538;21.1731;21.1286;20.9369;20.7065;20.3055;19.9892;19.6007;18.9939;18.3316;17.4547;16.6393;15.8969;15.3511;14.5246;13.6469;12.6799;12.4974;12.0363;11.1187;10.8506;9.98174;9.37799;8.52698;7.78351;7.41657;7.07724;6.73465;6.33645;6.06549;5.73666;5.30803;5.00663;4.58953;4.22555;3.87456;3.72009;3.37616;2.90389;2.37906;2.15388;1.692;1.44043;1.02334;1","14.8279;14.2386;13.9082;13.1707;12.2456;11.4017;10.6771;9.76761;9.23354;8.70382;8.13618;7.57631;7.10072;6.78344;6.47403;6.24164;5.97825;5.74708;5.50712;5.47763;5.42157;5.38796;5.42003;5.48767;5.59043;5.73847;6.10299;6.29772;6.50856;6.74404;7.07917;7.34707;7.78778;8.32069;8.83726;9.57149;10.2857;10.9359;11.237;11.7787;12.3185;12.7495;12.9406;13.6397;14.3744;14.9846;15",0.936948
"0.0333333;0.333333;0.633333"
31.4076,3.23512,2.37369,"20.9445;21.1713;21.2459;21.3698;21.3729;21.4001;21.3166;21.0152;20.5221;20.0046;19.66;19.0141;18.3316;17.4547;16.8938;16.4493;15.7459;15.2584;14.9644;14.5246;13.6469;12.6799;12.4974;12.0363;11.1484;10.6577;9.98174;9.11095;8.18033;7.52855;7.19593;7.0575;6.32308;5.89632;5.42084;5.28151;4.77285;4.55607;4.24823;3.73903;3.4676;2.75143;2.58379;2.37906;2.15388;1.692;1.44043;1.02334;1","14.8279;14.3315;13.9274;13.1287;12.926;12.0311;11.4432;10.5306;9.66427;8.99547;8.5823;8.04798;7.57631;7.10072;6.78481;6.54901;6.31559;6.15956;6.07536;5.97825;5.74708;5.50712;5.47763;5.42157;5.4316;5.47029;5.48767;5.56515;5.74472;6.04537;6.21413;6.29003;6.80447;7.19077;7.8622;7.98757;8.80192;9.20053;9.72352;10.4976;11.102;11.1779;12.0953;12.7495;12.9406;13.6397;14.3744;14.9846;15",1.0657
"0.0333333;0.366667;0.6"
30.9672,3.00435,2.42733,"20.9445;21.2459;21.3698;21.3729;21.4001;21.3166;21.0152;20.5221;20.0046;19.66;19.0141;18.3728;17.952;17.1572;16.652;16.0411;15.1827;14.4319;13.6083;12.8727;12.0363;11.1484;10.5398;10.2927;9.42622;9.06449;8.89825;8.32269;7.56659;7.12262;6.96265;6.33819;5.80582;5.50781;5.20632;4.66732;4.35751;3.99866;3.37499;2.72673;2.28558;2.03917;1.8177;1.35781;1.18586;1","14.8279;13.9274;13.1287;12.926;12.0311;11.4432;10.5306;9.66427;8.99547;8.5823;8.04798;7.41354;6.92339;6.56394;6.35554;6.12638;5.74215;5.54617;5.46146;5.45923;5.42157;5.4316;5.53343;5.59564;5.77136;5.83519;5.87639;5.98584;6.2626;6.9122;7.10248;7.76443;8.43742;8.89227;9.24819;9.96901;10.5508;11.1476;11.9163;12.663;13.0108;13.5517;14.0697;14.7587;14.8795;15",1.07028
"0.0333333;0.4;0.566667"
30.9084,3.0377,2.4536,"20.9445;21.0528;21.3772;21.4622;21.3513;21.2833;21.1514;20.7194;20.5221;20.0046;19.66;18.9207;18.4808;17.9697;17.2427;16.4606;16.2906;15.3986;14.9916;14.1215;13.3834;12.5688;11.7962;11.4369;10.6506;9.95481;9.36165;8.5077;8.25585;7.47582;6.96265;6.33819;5.80582;5.50781;5.26186;4.93894;4.36994;3.99866;3.37616;2.90389;2.28558;2.03917;1.78695;1.35781;1.18586;1","14.8279;14.69;13.8979;13.1726;12.1902;11.6059;10.9333;10.0547;9.66427;8.99547;8.5823;7.95094;7.51884;7.11434;6.62215;6.48899;6.46378;6.04239;5.81136;5.58981;5.79384;5.82692;5.94709;6.0207;6.14477;6.21371;6.18142;6.05528;6.07756;6.37702;7.10248;7.76443;8.43742;8.89227;9.28488;9.86964;10.6298;11.1476;11.7787;12.3185;13.0108;13.5517;14.2082;14.7587;14.8795;15",1.17392
"0.0333333;0.433333;0.533333"
30.9077,3.02096,2.4282,"20.9445;20.9749;21.2052;21.3729;21.4001;21.3166;21.0152;20.5221;20.0046;19.66;19.0141;18.3316;17.4547;16.6393;15.8969;15.0683;14.5246;13.6469;12.7161;11.8267;11.0191;10.2927;9.77102;8.89825;8.5077;7.56659;6.96039;6.75256;6.61208;6.0878;5.70571;5.38455;4.93894;4.36994;3.99866;3.5816;3.24198;2.82902;2.48013;2.28558;2.03917;1.78695;1.35781;1.18586;1","14.8279;14.2386;13.3551;12.926;12.0311;11.4432;10.5306;9.66427;8.99547;8.5823;8.04798;7.57631;7.10072;6.78344;6.47403;6.14751;5.97825;5.74708;5.60212;5.53846;5.56431;5.59564;5.60388;5.87639;6.05528;6.2626;6.82085;7.10376;7.23448;7.95804;8.55893;9.13598;9.86964;10.6298;11.1476;11.7157;12.1985;12.7776;12.7328;13.0108;13.5517;14.2082;14.7587;14.8795;15",1.25641
"0.0333333;0.466667;0.5"
30.799,2.98868,2.41031,"20.9445;20.9749;21.0538;21.1731;21.1286;20.9369;20.8652;20.7643;20.3502;20.0563;19.6007;18.9939;18.3316;17.4547;16.6393;15.8969;15.3511;14.7032;14.28;13.5301;12.8727;12.0363;11.1484;10.6577;9.98174;9.11095;8.32269;7.47582;6.73465;6.29839;5.73666;5.25437;5.00663;4.84438;4.60907;4.35751;4.02365;3.56446;2.92162;2.28558;2.03917;1.78695;1.35781;1.18586;1","14.8279;14.2386;13.9082;13.1707;12.2456;11.4017;11.1704;10.8564;9.9628;9.49113;8.70382;8.13618;7.57631;7.10072;6.78344;6.47403;6.24164;5.99291;5.81972;5.5326;5.45923;5.42157;5.4316;5.47029;5.48767;5.56515;5.98584;6.37702;6.74404;7.17083;7.78778;8.29194;8.83726;9.43106;10.0546;10.5508;11.3299;11.9825;12.3855;13.0108;13.5517;14.2082;14.7587;14.8795;15",1.33001
"0.0333333;0.5;0.466667"
30.7707,2.99076,2.46694,"20.9445;21.2459;21.3698;21.3729;21.4001;21.3166;21.0152;20.5221;20.0046;19.66;19.0141;18.3316;17.4547;16.6393;15.8969;15.3511;14.5246;13.6469;13.3834;12.4806;11.9726;11.4925;10.5398;9.98174;9.37799;8.82119;7.96119;7.47582;6.87409;6.33819;5.97381;5.38455;4.899;4.36994;3.99866;3.5816;3.02954;2.98854;2.24813;1.89183;1.78695;1.35781;1.18586;1","14.8279;13.9274;13.1287;12.926;12.0311;11.4432;10.5306;9.66427;8.99547;8.5823;8.04798;7.57631;7.10072;6.78344;6.47403;6.24164;5.97825;5.74708;5.79384;5.77844;5.67967;5.60504;5.53343;5.48767;5.59043;5.70962;6.0948;6.37702;7.07872;7.76443;8.40136;9.13598;9.88777;10.6298;11.1476;11.7157;12.5269;12.5805;13.1297;13.9521;14.2082;14.7587;14.8795;15",1.41979
"0.0333333;0.533333;0.433333"
31.0343,2.96125,2.48003,"20.9445;21.0528;21.3772;21.5208;21.5125;21.4001;21.3166;21.0152;20.5221;20.0046;19.66;19.0141;18.3316;17.4547;16.8938;16.2906;15.3986;14.4969;13.7161;12.8257;12.4974;12.0363;11.1187;10.8506;9.98174;9.41479;9.16837;8.30996;7.78351;7.41657;7.07724;6.73465;6.06549;5.73666;5.30803;5.00663;4.58953;4.22555;3.87456;3.72009;3.37499;2.72673;2.24813;1.89183;1.78695;1.35781;1.18586;1","14.8279;14.69;13.8979;12.9506;12.6465;12.0311;11.4432;10.5306;9.66427;8.99547;8.5823;8.04798;7.57631;7.10072;6.78481;6.46378;6.04239;5.79033;5.66132;5.53667;5.47763;5.42157;5.38796;5.42003;5.48767;5.51364;5.57572;5.84416;6.10299;6.29772;6.50856;6.74404;7.34707;7.78778;8.32069;8.83726;9.57149;10.2857;10.9359;11.237;11.9163;12.663;13.1297;13.9521;14.2082;14.7587;14.8795;15",1.4918
"0.0333333;0.566667;0.4"
31.3493,2.94358,2.47048,"20.9445;21.2459;21.3698;21.3729;21.4001;21.3166;21.0152;20.5221;20.0046;19.66;19.0141;18.3316;17.4547;16.8938;16.2906;15.3986;14.4969;13.7161;13.3019;12.3766;11.882;11.1484;10.6577;9.98174;9.11095;8.4631;7.52855;6.73862;6.09789;5.56673;5.10004;4.93992;4.71313;4.43691;4.22555;3.99866;3.56446;3.15705;2.82902;2.45528;2.08287;1.67112;1.63173;1.35781;1.18586;1","14.8279;13.9274;13.1287;12.926;12.0311;11.4432;10.5306;9.66427;8.99547;8.5823;8.04798;7.57631;7.10072;6.78481;6.46378;6.04239;5.79033;5.66132;5.61834;5.57306;5.50883;5.4316;5.47029;5.48767;5.56515;5.79421;6.04537;6.32091;6.82209;7.22412;8.01914;8.34066;8.83313;9.58921;10.2857;11.1476;11.9825;12.5605;12.7776;12.9713;13.6687;14.4526;14.5175;14.7587;14.8795;15",1.56895
"0.0333333;0.6;0.366667"
31.2583,2.94871,2.52089,"20.9445;21.0528;21.383;21.5208;21.5125;21.4001;21.3166;21.1514;20.7194;20.5221;20.0046;19.66;19.0141;18.3316;17.4547;16.8938;16.2906;15.3986;14.4969;13.8657;13.5301;12.8727;12.0363;11.1187;10.7308;9.98174;9.11095;8.4631;7.52855;7.19593;7.0575;6.32308;5.89632;5.42084;5.10045;4.90059;4.58953;4.22555;3.87456;3.5816;3.12032;2.82902;2.24813;2.08287;1.67112;1.63173;1.35781;1.18586;1","14.8279;14.69;13.7996;12.9506;12.6465;12.0311;11.4432;10.9333;10.0547;9.66427;8.99547;8.5823;8.04798;7.57631;7.10072;6.78481;6.46378;6.04239;5.79033;5.61764;5.5326;5.45923;5.42157;5.38796;5.39603;5.48767;5.56515;5.79421;6.04537;6.21413;6.29003;6.80447;7.19077;7.8622;8.46122;8.8687;9.57149;10.2857;10.9359;11.7157;12.4609;12.7776;13.1297;13.6687;14.4526;14.5175;14.7587;14.8795;15",1.65937
"0.0333333;0.633333;0.333333"
31.0482,2.92124,2.53113,"20.9445;21.0528;21.3772;21.5208;21.5125;21.4001;21.3166;21.1514;21.0152;20.5221;20.0046;19.66;19.0141;18.3316;17.4547;16.8938;16.2906;15.3986;14.4969;13.8657;13.5301;12.8727;12.0363;11.1187;10.7308;9.98174;9.37799;8.82119;8.30996;7.78351;7.41657;7.07724;6.73465;6.08473;5.73666;5.30803;5.00663;4.58953;4.22555;3.87456;3.5816;3.12032;2.46893;2.08287;1.63173;1.36437;1","14.8279;14.69;13.8979;12.9506;12.6465;12.0311;11.4432;10.9333;10.5306;9.66427;8.99547;8.5823;8.04798;7.57631;7.10072;6.78481;6.46378;6.04239;5.79033;5.61764;5.5326;5.45923;5.42157;5.38796;5.39603;5.48767;5.59043;5.70962;5.84416;6.10299;6.29772;6.50856;6.74404;7.36887;7.78778;8.32069;8.83726;9.57149;10.2857;10.9359;11.7157;12.4609;13.0919;13.6687;14.5175;14.804;15",1.72839
"0.0333333;0.666667;0.3"
30.9539,2.91622,2.56451,"20.9445;21.2459;21.3698;21.3729;21.4001;21.3166;21.0152;20.5221;20.0046;19.66;19.0141;18.3316;17.4547;16.8938;16.2906;15.3986;14.4969;13.7161;12.8257;12.4974;12.0363;11.1484;10.6577;9.77102;8.87892;7.96119;7.47582;6.92881;6.29839;5.78739;5.53213;5.08455;4.66116;4.33045;3.99866;3.80914;3.51954;3.28271;2.63303;2.08287;1.67112;1.63173;1.36437;1","14.8279;13.9274;13.1287;12.926;12.0311;11.4432;10.5306;9.66427;8.99547;8.5823;8.04798;7.57631;7.10072;6.78481;6.46378;6.04239;5.79033;5.66132;5.53667;5.47763;5.42157;5.4316;5.47029;5.60388;5.75204;6.0948;6.37702;6.74112;7.17083;7.9878;8.27425;9.01442;9.76957;10.407;11.1476;11.5802;12.3221;12.5745;13.0983;13.6687;14.4526;14.5175;14.804;15",1.81129
"0.0333333;0.7;0.266667"
30.2674,2.90105,2.53393,"20.9445;20.9749;21.0538;21.1731;21.1286;20.9369;20.6879;20.3055;19.9892;19.6007;18.9939;18.3316;17.4547;16.6393;15.8969;15.3511;14.7032;14.2664;13.3834;12.4806;11.9726;11.3183;10.4015;9.59658;8.95871;8.49356;7.79984;7.26889;6.76757;6.33819;5.97381;5.38455;4.93894;4.36994;3.99866;3.5816;3.12032;2.63303;2.38287;2.06097;1.48365;1.26826;1","14.8279;14.2386;13.9082;13.1707;12.2456;11.4017;10.5896;9.76761;9.23354;8.70382;8.13618;7.57631;7.10072;6.78344;6.47403;6.24164;5.99291;5.92039;5.79384;5.77844;5.67967;5.8199;5.76406;5.97076;6.09049;6.28456;6.43346;6.8432;7.36015;7.76443;8.40136;9.13598;9.86964;10.6298;11.1476;11.7157;12.4609;13.0983;13.5641;14.1868;14.7505;14.8827;15",1.88643
"0.0333333;0.733333;0.233333"
30.9793,2.8752,2.57646,"20.9445;21.2459;21.3698;21.3729;21.4001;21.3166;21.0152;20.5221;20.0046;19.66;19.0141;18.3316;17.4547;16.7383;16.2906;15.3986;14.6992;13.8657;13.5301;12.8727;12.0363;11.1187;10.5398;10.2927;9.42622;8.89825;7.96322;7.56659;6.92881;6.29839;5.78739;5.4268;4.9884;4.66732;4.36994;4.02365;3.56446;3.28271;2.63303;2.19663;1.66722;1.48365;1.26826;1","14.8279;13.9274;13.1287;12.926;12.0311;11.4432;10.5306;9.66427;8.99547;8.5823;8.04798;7.57631;7.10072;6.6585;6.46378;6.04239;5.89388;5.61764;5.5326;5.45923;5.42157;5.38796;5.53343;5.59564;5.77136;5.87639;6.14711;6.2626;6.74112;7.17083;7.9878;8.86111;9.50107;9.96901;10.6298;11.3299;11.9825;12.5745;13.0983;13.9812;14.6087;14.7505;14.8827;15",1.95236
"0.0333333;0.766667;0.2"
31.1537,2.86668,2.56349,"20.9445;21.2459;21.3698;21.3729;21.4001;21.3166;21.0152;20.5221;20.0046;19.66;19.0141;18.3316;17.4547;16.8938;16.4493;15.7459;15.2584;14.7032;14.28;13.3834;12.4806;11.9726;11.0191;10.5398;9.98174;9.11095;8.18033;7.52855;7.19593;7.0575;6.32308;5.89632;5.36056;4.8811;4.65112;4.28303;3.99866;3.56446;3.12032;2.63303;2.19663;2.06097;1.66722;1.48365;1.26826;1","14.8279;13.9274;13.1287;12.926;12.0311;11.4432;10.5306;9.66427;8.99547;8.5823;8.04798;7.57631;7.10072;6.78481;6.54901;6.31559;6.15956;5.99291;5.81972;5.79384;5.77844;5.67967;5.56431;5.53343;5.48767;5.56515;5.74472;6.04537;6.21413;6.29003;6.80447;7.19077;8.02586;8.74236;9.35614;10.2803;11.1476;11.9825;12.4609;13.0983;13.9812;14.1868;14.6087;14.7505;14.8827;15",2.03042
"0.0333333;0.8;0.166667"
31.0579,2.8534,2.61782,"20.9445;21.2459;21.3698;21.3729;21.4001;21.3166;21.0152;20.5221;20.0046;19.66;19.0141;18.3316;17.4547;16.7383;16.2906;15.5933;14.6992;14.28;13.3019;12.3766;11.882;11.1484;10.8617;9.98174;9.37799;8.52698;7.78351;7.41657;7.07724;6.73465;6.06549;5.73666;5.30803;5.00663;4.81463;4.40589;4.28303;3.98071;3.68698;3.28271;2.75304;2.43742;2.20012;1.54273;1.08228;1","14.8279;13.9274;13.1287;12.926;12.0311;11.4432;10.5306;9.66427;8.99547;8.5823;8.04798;7.57631;7.10072;6.6585;6.46378;6.23275;5.89388;5.81972;5.61834;5.57306;5.50883;5.4316;5.42343;5.48767;5.59043;5.73847;6.10299;6.29772;6.50856;6.74404;7.34707;7.78778;8.32069;8.83726;9.17854;9.97715;10.2803;11.1009;11.8072;12.5745;13.0873;13.4746;14.0514;14.7953;14.98;15",2.10395
"0.0333333;0.833333;0.133333"
21.6358,2.60355,10.8179,"20.8302;20.4937;19.6653;18.7351;18.4326;17.6665;16.8178;15.9678;15.5791;15.0188;14.2033;13.4123;13.1015;12.3159;11.8392;10.8736;10.4904;9.57826;8.80934;7.87486;7.01068;6.21229;5.35301;4.85016;4.14342;3.51856;2.72696;1.84896;1.50174;1","15.1138;15.5234;15.9096;16.0541;16.1535;16.4345;16.7558;17.1832;17.3515;17.7659;18.0905;18.4365;18.4882;18.6405;18.7565;18.8248;18.8806;18.8216;18.6647;18.4545;18.1632;17.8055;17.3284;16.9237;16.3718;15.9285;15.5104;15.2439;15.1027;15",1.97208
"0.0333333;0.866667;0.1"
22.0398,2.37084,11.0199,"20.8302;20.5229;19.904;19.0626;18.2473;17.6153;16.9401;16.2322;16.1415;15.3226;14.8121;14.4199;13.5992;12.7965;12.2018;11.2451;10.9349;10.0181;9.3683;8.66859;7.72338;6.80517;6.3729;5.79889;5.27027;4.62884;4.37899;3.55519;2.95385;2.42694;1.50174;1","15.1138;15.2971;15.5569;15.8273;16.2825;16.6009;16.9476;17.4938;17.5492;18.0767;18.4011;18.5481;18.8999;19.0077;19.1117;19.2417;19.3209;19.2832;19.3095;19.0694;18.7595;18.4984;18.3871;18.0903;17.6745;17.0751;16.8559;16.313;15.8127;15.4766;15.1027;15",1.83849
"0.0333333;0.9;0.0666667"
23.0528,2.05931,11.5264,"20.8302;20.4937;19.8587;19.2225;18.5824;17.9193;17.2571;16.399;15.6602;14.824;13.908;13.0792;12.8113;11.9002;11.0554;10.5905;10.3663;9.45689;8.49378;7.57716;6.78364;5.95816;5.48314;4.85514;4.46572;4.08517;3.43823;2.90997;2.26145;1.84896;1.50174;1","15.1138;15.5234;16.121;16.5467;17.0666;17.5716;18.0644;18.5779;19.0907;19.596;19.9201;20.1321;20.1491;20.1622;20.1831;20.1734;20.1304;20.0609;19.8053;19.6178;19.2172;18.6814;18.2597;17.6525;17.2883;16.9679;16.3306;15.9111;15.4791;15.2439;15.1027;15",1.61582
"0.0333333;0.933333;0.0333333"
24.5164,1.90652,12.2582,"20.8302;20.3089;19.8413;19.269;18.72;18.1061;17.8436;17.2056;16.5168;16.3319;15.512;15.1755;14.4345;13.5659;13.0644;12.2079;11.7819;10.9477;10.1144;9.26423;8.4683;7.89565;7.14837;6.72384;6.05876;5.53212;4.87599;4.22907;4.03764;3.43823;2.90997;2.26145;1.84896;1.50174;1","15.1138;15.7749;16.3792;16.9102;17.6028;18.2811;18.6383;19.2353;19.9173;20.0452;20.4983;20.7289;21.0122;21.1333;21.2553;21.3588;21.4351;21.2875;21.1658;21.0737;20.7456;20.538;20.1162;19.7528;19.0828;18.5662;17.8829;17.1331;16.9258;16.3306;15.9111;15.4791;15.2439;15.1027;15",1.52584
"0.0333333;0.966667;0"
23.8639,230.509,2.38115,"20.9445;20.5615;19.9527;19.5779;18.75;18.1597;17.3207;16.4217;15.6882;15.0046;14.1847;13.5376;12.8587;12.129;11.1885;10.7276;10.1861;9.26438;8.40654;7.66567;7.08052;6.32788;5.61944;5.09505;4.42696;3.61188;2.92162;1.97499;1.94024;1.21518;1.09701;1.02572;1","14.8279;13.9093;13.2829;13.0168;12.5032;12.2421;11.8934;11.519;11.2203;11.0456;10.7732;10.6513;10.3497;10.0851;9.84812;9.86893;10.0069;10.2417;10.6328;10.8796;11.0469;11.3053;11.5351;11.6907;11.8666;12.1327;12.3855;12.6746;12.73;12.9876;13.8121;14.4702;15",0.440141
"0.0666667;0;0.933333"
25.1353,7.31162,2.41095,"20.9445;20.5375;20.199;19.5779;18.7451;18.1499;17.4131;16.6536;15.8431;15.2876;14.9594;14.3772;14.2395;13.4395;12.5117;11.637;11.009;10.443;9.58316;9.15036;8.29999;7.69622;6.84902;6.0362;5.44392;4.84521;4.16698;3.35317;2.71753;1.97499;1.94024;1.21518;1.25479;1.13924;1","14.8279;14.2734;13.7058;13.0168;12.8596;12.5114;12.1997;11.5706;11.0606;10.506;10.209;9.74576;9.58442;9.14383;8.94722;8.73678;8.5939;8.55111;8.61656;8.65306;9.15931;9.48844;9.99204;10.4357;10.7308;11.0803;11.5123;11.8726;12.3164;12.6746;12.73;12.9876;13.829;14.7064;15",0.451241
"0.0666667;0.0333333;0.9"
25.9484,5.72968,2.43576,"20.9445;20.5375;20.199;19.5779;18.7451;18.386;17.8085;17.4169;16.8186;16.6536;15.8431;15.6402;15.2483;14.6101;13.9261;13.4607;13.1607;12.5936;11.8925;11.5959;11.0953;10.6025;9.65908;8.73754;8.67539;7.74889;7.44911;6.62661;6.19896;5.57283;4.91669;4.35657;3.99866;3.35317;2.90389;2.2879;1.54975;1.29219;1.25479;1.13924;1","14.8279;14.2734;13.7058;13.0168;12.8596;12.5685;12.2492;12.1787;11.6585;11.5706;11.0606;10.5666;9.90347;9.34109;8.79219;8.57442;8.46164;8.47878;8.33187;8.23291;8.22135;8.36759;8.4013;8.58684;8.59917;8.70407;8.87358;8.94355;9.05531;9.40644;10.0217;10.6852;11.1476;11.8726;12.3185;12.6856;12.8258;13.6899;13.829;14.7064;15",0.45603
"0.0666667;0.0666667;0.866667"
26.726,4.64592,2.42704,"20.9445;20.6332;20.3177;19.9527;19.2875;18.4652;18.0165;17.4775;16.956;16.3832;15.8893;15.3213;14.759;13.9401;13.0881;12.2741;11.4856;10.7999;9.86718;9.18451;8.83324;8.10402;7.81661;6.8589;6.36524;6.24201;5.91983;5.38455;4.73469;4.66732;4.35751;3.99866;3.34447;2.62897;1.94024;1.58523;1.58248;1.46185;1.32586;1.11122;1","14.8279;14.0402;13.726;13.2829;12.6727;12.2519;11.9209;11.1182;10.592;10.1187;9.39136;8.81434;8.64035;8.13801;8.0231;8.08124;7.98252;7.94992;8.03254;8.05545;8.06553;8.27582;8.29205;8.32092;8.48894;8.5448;8.72373;9.13598;9.78661;9.96901;10.5508;11.1476;11.781;12.2634;12.73;12.6166;13.4298;14.0656;14.4161;14.8272;15",0.431727
"0.0666667;0.1;0.833333"
26.8656,4.1235,2.48682,"20.9445;20.594;20.2014;19.622;19.2296;18.6508;18.2775;17.9522;17.5855;17.0828;16.7628;16.2526;15.6693;14.9839;14.1056;13.9096;13.0881;12.1581;11.2834;10.8447;10.0845;9.29375;8.38184;7.49962;7.14429;6.6773;6.12711;5.91716;5.57283;4.91669;4.35657;3.99866;3.35317;2.90389;2.16836;1.70623;1.58248;1.46185;1.32586;1.11122;1","14.8279;14.5056;13.8684;13.3137;12.5476;11.946;11.6697;11.0846;10.6564;10.121;9.63506;9.25179;8.60268;8.40114;8.10925;7.9514;8.0231;7.65724;7.59565;7.62403;7.71667;7.58589;7.55468;7.62363;7.89139;8.16929;8.70459;9.10361;9.40644;10.0217;10.6852;11.1476;11.8726;12.3185;12.4501;13.0263;13.4298;14.0656;14.4161;14.8272;15",0.50598
"0.0666667;0.133333;0.8"
27.8415,3.81681,2.48523,"20.9445;20.5615;20.199;19.5779;19.2296;18.9928;18.4898;18.2947;17.7718;17.251;16.7129;16.0304;15.8056;15.0187;14.6591;13.8926;13.0144;12.5588;12.2938;11.3758;10.4518;9.71583;8.97482;8.13031;7.49962;7.14429;6.4811;5.91716;5.57283;4.91669;4.35657;3.99866;3.37499;2.72673;1.94024;1.72305;1.58248;1.47922;1.11122;1","14.8279;13.9093;13.7058;13.0168;12.5476;12.2543;11.6274;11.0924;10.6458;10.0405;9.44263;8.94876;8.45837;7.91175;7.75692;7.19777;7.02504;6.77743;6.74059;6.49338;6.65524;6.74099;7.09106;7.55352;7.62363;7.89139;8.40995;9.10361;9.40644;10.0217;10.6852;11.1476;11.9163;12.663;12.73;12.6668;13.4298;14.1841;14.8272;15",0.581359
"0.0666667;0.166667;0.766667"
27.7263,3.94731,2.61335,"20.9445;20.594;20.3237;19.8671;19.2817;18.75;18.2067;17.5281;16.956;16.6588;16.2144;15.6965;15.2885;14.6591;13.8926;13.0144;12.3973;11.4192;10.6803;10.139;9.37353;8.47581;7.93925;7.65398;7.6442;6.76191;6.33819;6.0878;5.4568;4.8312;4.5567;4.22555;3.87456;3.72009;3.35317;2.90389;2.41152;1.94704;1.94024;1.70623;1.58248;1.47922;1.11122;1","14.8279;14.5056;14.2932;13.8003;13.2553;12.5032;12.0056;11.3749;10.592;10.2437;9.62894;8.93851;8.41533;7.75692;7.19777;7.02504;7.12173;7.1888;7.26933;7.44216;7.48379;7.34101;7.28346;7.30397;7.30498;7.50811;7.76443;7.95804;8.48777;9.24807;9.67651;10.2857;10.9359;11.237;11.8726;12.3185;12.6748;12.8875;12.73;13.0263;13.4298;14.1841;14.8272;15",0.723732
"0.0666667;0.2;0.733333"
27.9207,3.56725,2.48762,"20.9445;20.5615;19.9527;19.2875;19.2296;18.9928;18.4898;18.2947;18.0188;17.6716;16.9925;16.7129;16.2641;15.8056;15.0187;14.6591;13.8657;13.0144;12.4998;11.9914;11.0954;10.4272;9.54508;9.00254;8.92189;8.42167;7.48162;6.66525;6.29328;5.81549;5.30803;5.00663;4.58953;4.22555;3.87456;3.72009;3.37616;2.90389;2.41152;1.94704;1.692;1.44043;1.02334;1","14.8279;13.9093;13.2829;12.6727;12.5476;12.2543;11.6274;11.0924;10.6421;10.3127;9.76279;9.44263;8.85398;8.45837;7.91175;7.75692;7.37134;7.02504;7.00277;7.01482;7.0683;7.11948;7.13188;6.85093;6.83005;6.73747;6.79373;7.10763;7.34795;7.77049;8.32069;8.83726;9.57149;10.2857;10.9359;11.237;11.7787;12.3185;12.6748;12.8875;13.6397;14.3744;14.9846;15",0.755672
"0.0666667;0.233333;0.7"
28.0991,3.62484,2.77557,"20.9445;20.594;19.8102;19.1558;18.4241;17.8085;17.3492;16.9841;16.7096;16.6953;16.2872;16.0635;15.6693;15.0187;14.6695;14.0396;13.1112;12.2938;11.4121;10.4518;9.74092;9.15385;8.58992;8.02803;7.33347;6.66525;6.18483;6.13151;5.78739;5.12994;5.00663;4.58953;4.22555;3.8204;3.41607;2.92004;2.71753;1.94704;1.692;1.44043;1.02334;1","14.8279;14.5056;14.0316;13.3745;12.6979;12.2492;11.6162;10.7025;10.5401;10.5306;9.71919;9.25204;8.60268;7.91175;7.47073;7.20501;6.96858;6.74059;6.80287;6.65524;6.40988;6.35565;6.45278;6.61375;7.01487;7.10763;7.53536;7.58389;7.9878;8.55988;8.83726;9.57149;10.2857;10.9221;11.4611;12.135;12.3164;12.8875;13.6397;14.3744;14.9846;15",0.878983
"0.0666667;0.266667;0.666667"
28.4508,3.36445,2.54189,"20.9445;20.5375;20.199;19.5779;19.2296;18.9928;18.4898;18.0418;17.6716;17.2247;16.7846;16.1998;15.5667;14.8963;14.0608;13.3957;12.5588;12.2938;11.5022;11.0094;10.0446;9.74092;9.14291;8.58992;7.79984;6.92881;6.29839;6.29018;5.73666;5.30803;5.00663;4.58953;4.22555;3.8204;3.41607;2.90389;2.15388;1.692;1.44043;1.02334;1","14.8279;14.2734;13.7058;13.0168;12.5476;12.2543;11.6274;10.9797;10.3127;9.51686;8.84593;8.26572;7.67887;7.10024;6.7415;6.45714;6.77743;6.74059;6.6254;6.49867;6.3788;6.40988;6.34042;6.45278;6.43346;6.74112;7.17083;7.17791;7.78778;8.32069;8.83726;9.57149;10.2857;10.9221;11.4611;12.3185;12.9406;13.6397;14.3744;14.9846;15",0.91074
"0.0666667;0.3;0.633333"
28.9107,3.20763,2.58632,"20.9445;20.5615;19.9527;19.2875;19.2296;18.8406;18.5591;18.2741;17.9706;17.6204;17.1939;16.8814;16.2357;15.6971;15.4073;14.5503;13.7043;12.7663;12.0741;11.4369;11.2452;10.2904;9.42622;9.06449;8.89825;8.32269;7.47582;6.96265;6.33819;5.80582;5.50781;5.20632;4.66732;4.36994;4.02365;3.56446;3.12032;2.82902;2.28558;1.73954;1.44043;1.02334;1","14.8279;13.9093;13.2829;12.6727;12.5476;12.0263;11.4273;10.5487;9.87557;9.26639;8.84284;8.42941;7.71009;7.20895;7.00245;6.56698;6.36997;6.18787;6.12223;6.0207;5.95177;5.74367;5.77136;5.83519;5.87639;5.98584;6.37702;7.10248;7.76443;8.43742;8.89227;9.24819;9.96901;10.6298;11.3299;11.9825;12.4609;12.7776;13.0108;13.8246;14.3744;14.9846;15",0.95966
"0.0666667;0.333333;0.6"
29.2558,3.16145,2.56177,"20.9445;20.5615;19.974;19.4176;19.0179;18.5871;18.5172;18.255;17.891;17.6551;17.0329;16.4126;15.8969;14.9436;14.0466;13.1409;12.3258;11.4369;10.6506;9.95481;9.22386;8.50465;7.88567;7.65398;7.14429;6.4811;5.91716;5.5628;4.99256;4.43077;3.88968;3.56446;3.12032;2.82902;2.28558;2.03917;1.8177;1.35781;1.18586;1","14.8279;13.9093;13.2369;12.5034;11.8214;11.103;10.1199;9.22372;8.32318;7.94919;7.24626;6.81933;6.47403;6.31988;5.88045;5.87394;5.96907;6.0207;6.14477;6.21371;6.31807;6.30775;7.08293;7.30397;7.89139;8.40995;9.10361;9.55887;10.279;11.0311;11.598;11.9825;12.4609;12.7776;13.0108;13.5517;14.0697;14.7587;14.8795;15",1.03869
"0.0666667;0.366667;0.566667"
29.4757,3.11447,2.60349,"20.9445;20.5615;20.3177;19.746;19.2296;18.9928;18.4898;18.2947;18.0381;17.8828;17.6204;17.3179;16.7464;16.2875;15.5515;14.8845;14.5246;13.6469;13.3834;12.5688;12.0021;11.4369;10.9394;10.2363;9.8521;9.24355;8.25585;7.56659;7.14074;6.75256;6.33819;5.80582;5.50781;5.20632;4.66732;4.35751;3.99866;3.56446;3.12032;2.82902;2.28558;2.03917;1.8177;1.35781;1.18586;1","14.8279;13.9093;13.726;13.0652;12.5476;12.2543;11.6274;11.0924;10.3309;9.8261;9.26639;8.35866;7.59346;7.00071;6.4251;6.11301;5.97825;5.74708;5.79384;5.82692;5.90022;6.0207;6.03108;5.9779;5.95036;5.94885;6.07756;6.2626;6.72298;7.10376;7.76443;8.43742;8.89227;9.24819;9.96901;10.5508;11.1476;11.9825;12.4609;12.7776;13.0108;13.5517;14.0697;14.7587;14.8795;15",1.11433
"0.0666667;0.4;0.533333"
29.387,3.12494,2.65272,"20.9445;20.5375;20.2014;19.7665;19.5076;18.9816;18.5962;18.0442;17.9522;17.7211;17.5626;17.5337;17.5213;17.277;16.9431;16.7464;16.2875;15.5515;14.8845;14.5246;13.6469;12.7161;11.8267;10.8376;10.2429;9.42622;8.5077;7.79488;6.96265;6.33819;5.80582;5.50781;5.20632;4.66732;4.36994;4.02365;3.56446;2.92162;2.28558;2.03917;1.78695;1.35781;1.18586;1","14.8279;14.2734;13.8684;13.4423;13.0827;12.4132;12.0545;11.358;11.0846;10.4005;9.69198;9.49164;9.42354;8.5784;8.00909;7.59346;7.00071;6.4251;6.11301;5.97825;5.74708;5.60212;5.53846;5.64608;5.69032;5.77136;6.05528;6.56898;7.10248;7.76443;8.43742;8.89227;9.24819;9.96901;10.6298;11.3299;11.9825;12.3855;13.0108;13.5517;14.2082;14.7587;14.8795;15",1.21172
"0.0666667;0.433333;0.5"
29.3855,3.18403,2.90648,"20.8302;20.7394;20.3237;19.8671;19.1558;18.6651;17.9736;17.9967;17.9522;17.6716;17.5337;17.5213;17.277;16.9431;16.5775;15.9668;15.4536;14.9436;14.0466;13.1409;12.3258;11.4369;10.6506;9.95481;9.22386;8.38846;7.81765;7.28027;6.58414;5.7952;5.4268;4.9884;4.66732;4.36994;4.02365;3.56446;3.12032;2.28558;2.03917;1.78695;1.35781;1.18586;1","15.0517;14.8927;14.2932;13.8003;13.3745;12.7345;12.1084;11.795;11.0846;10.3127;9.49164;9.42354;8.5784;8.00909;7.45666;6.88919;6.50808;6.31988;5.88045;5.87394;5.96907;6.0207;6.14477;6.21371;6.31807;6.57327;6.77767;7.17873;7.79874;8.29821;8.86111;9.50107;9.96901;10.6298;11.3299;11.9825;12.4609;13.0108;13.5517;14.2082;14.7587;14.8795;15",1.33248
"0.0666667;0.466667;0.466667"
30.1841,3.04261,2.44946,"20.9445;20.5615;20.1808;19.959;19.9896;19.9414;19.7911;19.5461;19.4837;19.1134;19.1098;18.8497;18.2203;17.4601;17.0611;16.654;16.3808;15.5956;14.6992;13.8657;13.5301;12.8727;12.0363;11.1187;10.8506;9.98174;9.37799;8.52698;7.78351;7.41657;7.07724;6.73465;6.06549;5.73666;5.12994;5.00663;4.58953;4.22555;3.66049;3.41607;2.90389;2.15388;1.94626;1.78695;1.35781;1.18586;1","14.8279;13.9093;13.116;12.1759;11.574;11.2687;10.6388;9.91212;9.75396;9.09378;9.0878;8.72528;8.01759;7.4128;7.09161;6.86649;6.71861;6.26254;5.89388;5.61764;5.5326;5.45923;5.42157;5.38796;5.42003;5.48767;5.59043;5.73847;6.10299;6.29772;6.50856;6.74404;7.34707;7.78778;8.55988;8.83726;9.57149;10.2857;11.0578;11.4611;12.3185;12.9406;13.5208;14.2082;14.7587;14.8795;15",1.35698
"0.0666667;0.5;0.433333"
30.4887,3.01093,2.59551,"20.9445;20.5615;19.974;19.4176;19.5343;19.5508;19.6047;19.5175;19.3219;18.9707;18.6176;17.9297;17.4547;16.8938;16.3889;15.5933;14.9916;14.4969;13.6083;12.8727;12.0363;11.1484;10.2927;9.42622;8.5077;7.56659;6.92881;6.29839;5.73666;5.30803;5.03098;4.5567;4.22555;3.87456;3.72009;3.37499;2.91729;2.24813;1.89183;1.78695;1.35781;1.18586;1","14.8279;13.9093;13.2369;12.5034;11.8465;11.5091;10.8418;10.3539;9.69274;8.86438;8.05609;7.46208;7.10072;6.78481;6.40039;6.23275;5.81136;5.79033;5.46146;5.45923;5.42157;5.4316;5.59564;5.77136;6.05528;6.2626;6.74112;7.17083;7.78778;8.32069;8.81388;9.67651;10.2857;10.9359;11.237;11.9163;12.4828;13.1297;13.9521;14.2082;14.7587;14.8795;15",1.43055
"0.0666667;0.533333;0.4"
31.0573,2.9849,2.51179,"20.9445;20.5615;20.1808;20.152;20.3133;20.3344;20.2355;19.9468;19.8453;19.4218;18.9939;18.3316;17.5735;16.8957;16.4318;15.518;15.4562;14.9406;14.0787;13.3931;12.8691;12.1067;11.2607;10.3312;9.65485;9.06472;8.18033;7.52855;7.19593;7.0575;6.32308;5.89632;5.36056;5.25437;4.90059;4.58953;4.22555;3.87456;3.72009;3.35317;2.91729;2.72673;2.24813;1.89183;1.63173;1.35781;1.18586;1","14.8279;13.9093;13.116;12.5519;12.0626;11.0988;10.3648;9.4742;9.30542;8.71404;8.13618;7.57631;6.94366;6.47092;6.18686;5.79578;5.75808;5.48684;5.15008;5.23579;5.27662;5.22544;5.24337;5.25017;5.37482;5.49785;5.74472;6.04537;6.21413;6.29003;6.80447;7.19077;8.02586;8.29194;8.8687;9.57149;10.2857;10.9359;11.237;11.8726;12.4828;12.663;13.1297;13.9521;14.5175;14.7587;14.8795;15",1.50521
"0.0666667;0.566667;0.366667"
30.9475,2.97242,2.42555,"20.9445;20.9749;21.2074;21.3329;21.2833;20.952;20.6068;20.3664;19.9853;19.66;19.0141;18.3316;17.4547;16.7383;16.2906;15.3986;14.9916;14.4969;13.7161;13.3019;12.6799;12.4974;12.0363;11.1187;10.7308;9.98174;9.37799;8.82119;8.30996;7.78351;7.41657;7.07724;6.73465;6.06549;5.73666;5.30803;5.00663;4.58953;4.22555;3.87456;3.72009;3.37499;2.89787;2.72673;2.42944;2.28558;2.03917;1.8177;1.63173;1.35781;1.18586;1","14.8279;14.2386;13.3479;12.4588;11.6059;10.729;10.0284;9.54535;9.00932;8.5823;8.04798;7.57631;7.10072;6.6585;6.46378;6.04239;5.81136;5.79033;5.66132;5.61834;5.50712;5.47763;5.42157;5.38796;5.39603;5.48767;5.59043;5.70962;5.84416;6.10299;6.29772;6.50856;6.74404;7.34707;7.78778;8.32069;8.83726;9.57149;10.2857;10.9359;11.237;11.9163;12.5017;12.663;12.8938;13.0108;13.5517;14.0697;14.5175;14.7587;14.8795;15",1.58626
"0.0666667;0.6;0.333333"
30.848,2.93023,2.50056,"20.9445;20.9749;21.2074;21.3175;21.3123;21.2833;20.952;20.6068;20.3664;19.9853;19.66;19.0141;18.3316;17.4547;16.8938;16.2906;15.3986;14.9916;14.4969;13.7161;13.3019;12.3766;11.8267;10.8376;10.2429;9.42622;8.5077;7.56659;6.92881;6.29839;5.73666;5.30803;5.00663;4.5567;4.22555;3.87456;3.5816;3.15705;2.46893;2.08287;1.63173;1.36437;1","14.8279;14.2386;13.3479;12.5869;12.35;11.6059;10.729;10.0284;9.54535;9.00932;8.5823;8.04798;7.57631;7.10072;6.78481;6.46378;6.04239;5.81136;5.79033;5.66132;5.61834;5.57306;5.53846;5.64608;5.69032;5.77136;6.05528;6.2626;6.74112;7.17083;7.78778;8.32069;8.83726;9.67651;10.2857;10.9359;11.7157;12.5605;13.0919;13.6687;14.5175;14.804;15",1.64767
"0.0666667;0.633333;0.3"
31.2158,2.92579,2.53056,"20.9445;21.2583;21.3772;21.383;21.3729;21.4001;21.3166;21.0152;20.5221;20.0046;19.66;19.0141;18.3728;17.5735;16.8957;16.2156;15.4562;14.6639;13.7585;12.8691;11.9311;11.2334;10.7308;9.98174;9.37799;8.82119;8.30996;7.78351;7.41657;7.07724;6.73465;6.29839;6.08473;5.73666;5.12994;4.81463;4.5567;4.22555;3.87456;3.5816;3.12032;2.46893;2.08287;1.63173;1.36437;1","14.8279;14.3264;13.8979;13.7996;12.926;12.0311;11.4432;10.5306;9.66427;8.99547;8.5823;8.04798;7.41354;6.94366;6.47092;6.10222;5.75808;5.43315;5.35008;5.27662;5.30831;5.35093;5.39603;5.48767;5.59043;5.70962;5.84416;6.10299;6.29772;6.50856;6.74404;7.17083;7.36887;7.78778;8.55988;9.17854;9.67651;10.2857;10.9359;11.7157;12.4609;13.0919;13.6687;14.5175;14.804;15",1.73143
"0.0666667;0.666667;0.266667"
30.8404,2.897,2.5919,"20.9445;21.2583;21.3772;21.4622;21.3513;21.2833;21.1514;20.7194;20.5221;20.0046;19.66;19.0141;18.3316;17.4547;16.7383;15.8969;15.3511;14.7032;13.8657;13.3834;12.4806;11.9726;11.4925;10.8376;10.2455;9.80577;9.24355;8.5077;7.63094;7.47582;6.96265;6.33819;5.80582;5.50781;5.26186;4.899;4.36994;3.99866;3.56446;3.15705;2.63303;2.19663;1.66722;1.48365;1.26826;1","14.8279;14.3264;13.8979;13.1726;12.1902;11.6059;10.9333;10.0547;9.66427;8.99547;8.5823;8.04798;7.57631;7.10072;6.6585;6.47403;6.24164;5.99291;5.61764;5.79384;5.77844;5.67967;5.60504;5.64608;5.78046;5.84108;5.94885;6.05528;6.25539;6.37702;7.10248;7.76443;8.43742;8.89227;9.28488;9.88777;10.6298;11.1476;11.9825;12.5605;13.0983;13.9812;14.6087;14.7505;14.8827;15",1.79784
"0.0666667;0.7;0.233333"
30.4134,2.91547,2.53426,"20.9445;20.9749;21.0158;21.1731;21.1286;20.8874;20.7579;20.3502;19.8453;19.4336;18.9508;18.3637;18.1655;17.4601;17.0611;16.6393;15.7757;14.9436;14.28;13.3834;12.5372;12.0741;11.4369;10.6506;9.95481;9.36165;8.50465;7.79984;7.01186;6.29839;5.78739;5.53376;4.98829;4.66732;4.35751;3.99866;3.56446;3.02954;2.63303;2.19663;1.66722;1.48365;1.26826;1","14.8279;14.2386;13.8975;13.1707;12.2456;11.2906;10.8442;9.9628;9.30542;8.85296;8.454;8.03287;7.85707;7.4128;7.09161;6.78344;6.32113;6.31988;5.81972;5.79384;6.0355;6.12223;6.0207;6.14477;6.21371;6.18142;6.30775;6.43346;6.76004;7.17083;7.9878;8.54844;9.3842;9.96901;10.5508;11.1476;11.9825;12.5269;13.0983;13.9812;14.6087;14.7505;14.8827;15",1.897
"0.0666667;0.733333;0.2"
31.6237,2.89624,2.57428,"20.9445;21.0528;21.2459;21.3698;21.3729;21.4001;21.3166;21.0152;20.5221;20.2149;19.9038;19.3532;18.7087;17.952;17.6776;17.2559;16.489;15.7119;14.9541;13.9801;13.3776;12.8743;12.1394;11.2803;10.8376;10.2455;9.80577;9.02359;8.5077;8.25585;7.47582;6.73465;6.06549;5.73666;5.30803;5.00663;4.5567;4.22555;3.72342;3.37499;3.12032;2.63303;2.19663;2.06097;1.66722;1.48365;1.26826;1","14.8279;14.69;13.9274;13.1287;12.926;12.0311;11.4432;10.5306;9.66427;8.7729;8.27224;7.74197;7.31401;6.92339;6.66171;6.38626;5.98093;5.591;5.00502;4.91409;5.05084;5.16361;5.31188;5.47745;5.64608;5.78046;5.84108;5.92732;6.05528;6.07756;6.37702;6.74404;7.34707;7.78778;8.32069;8.83726;9.67651;10.2857;11.1478;11.9163;12.4609;13.0983;13.9812;14.1868;14.6087;14.7505;14.8827;15",1.96848
"0.0666667;0.766667;0.166667"
31.1847,2.8768,2.64243,"20.9445;21.2583;21.4562;21.5903;21.6413;21.5468;21.4207;21.0152;20.5221;20.0046;19.66;18.9207;18.4808;17.9697;17.393;16.8957;16.2156;15.518;14.7135;13.7585;13.2671;12.6805;11.8267;10.9314;10.1706;9.36165;8.50465;7.79984;6.92881;6.29839;6.29018;5.73666;5.30803;5.00663;4.81463;4.40589;4.28303;3.98071;3.68698;3.28271;2.75304;2.38287;2.06097;1.66722;1.48365;1.26826;1","14.8279;14.3264;13.8035;13.2361;12.8439;11.9246;11.3577;10.5306;9.66427;8.99547;8.5823;7.95094;7.51884;7.11434;6.7355;6.47092;6.10222;5.79578;5.53547;5.35008;5.35659;5.41098;5.53846;5.77205;6.03939;6.18142;6.30775;6.43346;6.74112;7.17083;7.17791;7.78778;8.32069;8.83726;9.17854;9.97715;10.2803;11.1009;11.8072;12.5745;13.0873;13.5641;14.1868;14.6087;14.7505;14.8827;15",2.03852
"0.0666667;0.8;0.133333"
21.7248,2.66287,10.8624,"20.9445;20.7394;20.021;19.512;18.7175;18.1575;17.3252;16.7287;16.0128;15.3227;14.4723;14.0836;13.2579;12.6322;11.6954;11.2425;10.4904;9.75653;9.37892;8.74865;7.87486;6.97938;6.07482;5.36551;4.79438;4.14342;3.51856;2.72696;1.84896;1.50174;1","14.8279;14.8927;15.2926;15.5417;15.8478;16.147;16.4256;16.7583;17.0451;17.445;17.7791;17.9379;18.3305;18.4733;18.6422;18.7463;18.8806;18.9081;18.8517;18.7062;18.4545;18.1184;17.6954;17.2085;16.8255;16.3718;15.9285;15.5104;15.2439;15.1027;15",1.94518
"0.0666667;0.833333;0.1"
22.0649,2.3198,11.0325,"20.8302;20.5229;19.6706;19.1095;18.7351;18.4825;17.8985;17.182;16.4974;15.6597;15.1224;14.5324;13.6181;12.6737;11.9265;10.9349;10.0181;9.38112;8.66405;7.87452;6.98201;6.41038;5.89593;5.13395;4.37899;3.55519;2.95385;2.70845;1.84896;1.50174;1","15.1138;15.2971;15.6624;15.9031;16.0541;16.2099;16.6107;17.113;17.628;18.0707;18.3674;18.7652;19.0739;19.3043;19.3396;19.3209;19.2832;19.2428;19.0449;18.859;18.5375;18.2893;18.0379;17.4228;16.8559;16.313;15.8127;15.654;15.2439;15.1027;15",1.72616
"0.0666667;0.866667;0.0666667"
22.9465,2.09997,11.4733,"20.8302;20.2807;19.7224;19.118;18.4974;17.8581;17.4369;17.3928;16.5951;15.9674;15.4354;14.9235;14.6389;13.9732;13.2366;12.8356;11.9414;11.2013;10.3663;9.45689;8.49378;8.12602;7.25183;6.61139;5.88008;5.55031;4.84485;4.70416;4.17149;3.58024;2.90997;2.26145;1.84896;1.50174;1","15.1138;15.5115;15.9239;16.3923;16.8483;17.3764;17.664;17.7108;18.2586;18.5481;18.8548;19.1915;19.4672;19.726;19.8111;19.9058;20.1185;19.991;20.1304;20.0609;19.8053;19.711;19.3944;19.0358;18.5909;18.374;17.889;17.7629;17.1412;16.5614;15.9111;15.4791;15.2439;15.1027;15",1.59471
"0.0666667;0.9;0.0333333"
23.3967,2.01245,11.6984,"20.8302;20.4937;19.8587;19.2217;18.7601;17.9921;17.4879;16.8365;16.4778;15.9244;15.2916;14.8097;14.0901;13.3814;12.7407;12.199;11.2593;11.0351;10.1212;9.84986;9.07895;8.90604;8.08978;7.3869;6.65353;5.95816;5.55031;4.84485;4.70416;4.17149;3.58024;2.90997;2.26145;1.84896;1.50174;1","15.1138;15.5234;16.121;16.7298;17.1719;17.6726;18.0645;18.6576;18.8545;19.1659;19.5696;19.7067;19.9724;20.2775;20.3971;20.4206;20.4961;20.5095;20.5431;20.5449;20.4002;20.313;20.0678;19.6492;19.2309;18.6814;18.374;17.889;17.7629;17.1412;16.5614;15.9111;15.4791;15.2439;15.1027;15",1.57209
"0.0666667;0.933333;0"
23.8284,230.562,2.47489,"20.9445;20.5615;20.1658;19.5076;18.6651;17.843;17.4131;16.6035;16.2944;15.3783;15.0046;14.1847;13.5376;12.8587;12.129;11.1885;10.7276;10.1861;9.26438;8.40654;7.66567;7.08052;6.32788;5.61944;5.09505;4.42696;3.61188;2.92162;1.97499;1.94024;1.21518;1.09701;1.02572;1","14.8279;13.9093;13.5643;13.0827;12.7345;12.364;12.1997;11.8091;11.63;11.3053;11.0456;10.7732;10.6513;10.3497;10.0851;9.84812;9.86893;10.0069;10.2417;10.6328;10.8796;11.0469;11.3053;11.5351;11.6907;11.8666;12.1327;12.3855;12.6746;12.73;12.9876;13.8121;14.4702;15",0.508785
"0.1;0;0.9"
24.8322,8.34449,2.38486,"20.9445;20.594;20.199;19.5779;19.3849;18.7556;18.0165;17.7398;16.9227;16.3659;16.1714;15.3227;14.7004;14.3772;13.6349;13.4395;12.5117;11.9855;11.1372;10.227;9.32674;8.53404;7.69785;7.0206;6.19876;5.28534;4.63768;4.06828;3.68698;2.92004;2.62897;1.96268;1.54975;1.21518;1.25479;1.13924;1","14.8279;14.5056;13.7058;13.0168;12.839;12.2845;11.9209;11.7995;11.2322;10.8668;10.8164;10.3087;9.92146;9.74576;9.21755;9.14383;8.94722;8.8524;8.916;8.85105;9.08206;9.47076;9.93471;10.2394;10.686;11.0556;11.361;11.6419;11.8072;12.135;12.2634;12.5953;12.8258;12.9876;13.829;14.7064;15",0.411918
"0.1;0.0333333;0.866667"
25.2075,6.11044,2.64828,"20.9445;20.594;19.8102;19.1558;18.5837;17.9736;17.3492;16.5449;16.0033;15.2483;14.7985;14.2943;13.6143;13.0372;12.0598;11.5959;11.0099;10.6025;9.68922;8.72927;7.83644;7.16288;6.70321;6.27086;5.94511;5.1939;4.60969;3.94894;3.5816;2.90389;2.58033;1.94024;1.54975;1.29219;1.25479;1.13924;1","14.8279;14.5056;14.0316;13.3745;12.7172;12.1084;11.6162;11.0425;10.5544;9.90347;9.6901;9.21251;8.9853;8.69271;8.68403;8.55629;8.46697;8.36759;8.47451;8.73839;8.91174;9.35643;9.58957;9.67782;9.79123;10.2851;10.643;11.2721;11.7157;12.3185;12.4728;12.73;12.8258;13.6899;13.829;14.7064;15",0.615594
"0.1;0.0666667;0.833333"
25.6635,5.28206,2.75277,"20.9445;20.594;19.8102;19.1558;18.4927;17.8085;17.0759;16.5449;15.8296;15.6384;15.0937;14.4752;14.1504;13.2836;12.8815;12.0776;11.8672;11.0953;10.2668;9.59631;9.23192;8.4786;7.83644;6.89734;6.60393;6.17261;5.76078;5.58722;4.91669;4.8896;4.36994;3.98071;3.47868;2.70647;1.94024;1.60318;1.58248;1.46185;1.32586;1.11122;1","14.8279;14.5056;14.0316;13.3745;12.9091;12.2492;11.7233;11.0425;10.3717;10.0731;9.59455;9.07151;8.74792;8.35666;8.31299;8.20418;8.15116;8.22135;8.23718;8.44876;8.49728;8.69436;8.91174;9.09566;9.14491;9.18736;9.35919;9.46471;10.0217;10.05;10.6298;11.1009;11.597;12.1685;12.73;12.7393;13.4298;14.0656;14.4161;14.8272;15",0.674565
"0.1;0.1;0.8"
25.7972,4.74552,2.64569,"20.9445;20.594;20.3237;19.8671;19.2817;18.5837;18.386;17.7424;17.0205;16.6841;16.5449;16.1121;15.8456;15.1361;14.5587;14.1973;13.2836;12.6747;12.2741;11.4856;10.7999;10.0382;9.34292;8.87405;8.10402;7.20691;6.32315;5.91716;5.57283;4.91669;4.35657;3.99866;3.35317;2.90389;2.16836;1.70623;1.58248;1.47922;1.11122;1","14.8279;14.5056;14.2932;13.8003;13.2553;12.7172;12.5685;12.1297;11.478;11.1502;11.0425;10.4006;10.1757;9.58564;9.02996;8.64842;8.35666;8.13037;8.08124;7.98252;7.94992;8.04748;8.05791;8.2304;8.27582;8.51498;8.96375;9.10361;9.40644;10.0217;10.6852;11.1476;11.8726;12.3185;12.4501;13.0263;13.4298;14.1841;14.8272;15",0.588916
"0.1;0.133333;0.766667"
26.3474,4.37019,2.46018,"20.9445;20.5615;20.179;19.3849;19.1808;18.5962;18.2775;17.9522;17.5866;17.3764;17.0553;16.2144;15.8203;15.0235;14.759;14.4402;13.5965;13.635;12.9421;12.0372;11.3736;11.0132;10.2246;9.33908;8.87405;8.10402;7.51125;6.65969;6.34067;5.79623;5.2735;4.60969;4.02365;3.80914;3.24198;2.72673;1.94024;1.70623;1.58248;1.47922;1.11122;1","14.8279;13.9093;13.3519;12.839;12.5943;12.0545;11.6697;11.0846;10.7517;10.6043;10.157;9.62894;9.15893;8.78609;8.64035;8.49475;8.17305;8.16079;7.93759;7.85103;7.73078;7.79096;7.83544;7.96193;8.2304;8.27582;8.42626;8.75483;8.91284;9.36282;9.91954;10.643;11.3299;11.5802;12.1985;12.663;12.73;13.0263;13.4298;14.1841;14.8272;15",0.673589
"0.1;0.166667;0.733333"
26.7164,4.52009,2.83446,"20.9445;20.594;20.3237;19.8671;19.1558;18.6033;18.2774;17.4148;17.254;16.6536;16.3659;16.1121;15.752;15.1905;14.6514;14.0287;13.5965;12.808;11.8403;11.0132;10.0845;9.30015;8.95072;8.78668;8.38647;7.49137;7.05681;6.26025;6.11507;5.97381;5.40631;5.06414;4.84438;4.42151;3.98386;3.72009;3.37616;2.90389;2.41152;1.94704;1.94024;1.70623;1.58248;1.47922;1.11122;1","14.8279;14.5056;14.2932;13.8003;13.3745;13.0748;12.8366;12.3592;12.2619;11.5706;10.8668;10.4006;9.89188;9.31906;8.78924;8.45197;8.17305;8.02327;7.83721;7.79096;7.71667;7.80686;7.80107;7.80947;7.84866;7.86283;7.92829;8.24676;8.31678;8.40136;8.83026;9.16464;9.43106;10.1194;10.8854;11.237;11.7787;12.3185;12.6748;12.8875;12.73;13.0263;13.4298;14.1841;14.8272;15",0.838286
"0.1;0.2;0.7"
27.0727,4.21873,2.95839,"20.9445;20.5615;19.7174;19.1558;18.6033;18.2774;17.4148;16.8186;16.5449;16.0033;15.8456;15.3885;14.8008;14.759;14.3127;13.4819;13.0881;12.867;12.0372;11.6417;10.6815;10.48;9.53851;9.29375;8.30999;7.65398;6.76191;6.33819;6.0878;5.4352;5.0765;4.66116;4.22555;3.66049;3.41607;2.93257;2.58033;2.2879;1.94704;1.692;1.44043;1.02334;1","14.8279;13.9093;13.6859;13.3745;13.0748;12.8366;12.3592;11.6585;11.0425;10.5544;10.1757;9.35136;8.68103;8.64035;8.31471;7.99602;8.0231;7.98927;7.85103;7.79459;7.55268;7.53224;7.62081;7.58589;7.4838;7.30397;7.50811;7.76443;7.95804;8.58236;9.11447;9.76957;10.2857;11.0578;11.4611;12.111;12.4728;12.6856;12.8875;13.6397;14.3744;14.9846;15",0.907684
"0.1;0.233333;0.666667"
27.3563,3.63206,2.56028,"20.9445;20.5615;20.2605;19.5779;19.2296;18.9928;18.4898;17.9522;17.4459;16.7628;16.1772;15.7024;15.2044;14.5076;13.7182;13.0144;12.2933;11.4192;10.7403;10.139;9.37353;8.38773;7.65398;6.76191;6.33819;6.0878;5.70571;5.4268;4.98829;4.66732;4.35751;3.99866;3.37499;2.72673;2.15388;1.692;1.44043;1.02334;1","14.8279;13.9093;13.5159;13.0168;12.5476;12.2543;11.6274;11.0846;10.252;9.63506;8.97708;8.49718;8.20743;7.75409;7.32767;7.02504;7.18805;7.1888;7.27676;7.44216;7.48379;7.37036;7.30397;7.50811;7.76443;7.95804;8.55893;8.86111;9.3842;9.96901;10.5508;11.1476;11.9163;12.663;12.9406;13.6397;14.3744;14.9846;15",0.880908
"0.1;0.266667;0.633333"
27.3892,3.71954,2.55444,"20.9445;20.5615;20.1658;19.5779;19.2296;18.7556;18.0165;17.4775;16.6953;16.247;15.8203;15.5368;15.0758;14.3904;13.7182;13.0144;12.2933;11.4192;10.7403;10.1402;9.37353;8.47581;7.93925;7.65398;7.6442;6.76191;6.33819;6.0878;5.4568;4.8312;4.5567;4.22555;3.87456;3.72009;3.35317;2.90389;2.15388;1.692;1.44043;1.02334;1","14.8279;13.9093;13.5643;13.0168;12.5476;12.2845;11.9209;11.1182;10.5306;9.77953;9.15893;8.81874;8.23302;7.71609;7.32767;7.02504;7.18805;7.1888;7.27676;7.38634;7.48379;7.34101;7.28346;7.30397;7.30498;7.50811;7.76443;7.95804;8.48777;9.24807;9.67651;10.2857;10.9359;11.237;11.8726;12.3185;12.9406;13.6397;14.3744;14.9846;15",1.01727
"0.1;0.3;0.6"
27.6723,3.38242,2.52401,"20.9445;20.5615;19.974;19.4176;18.8553;18.2947;17.6716;17.2247;16.7846;16.1434;15.5667;15.4121;14.5752;13.6515;12.8105;12.2938;11.3758;10.4518;9.74591;8.91188;8.63535;8.04979;7.65398;6.83616;6.26025;5.91716;5.5628;4.99256;4.43077;3.88968;3.56446;3.12032;2.82902;2.28558;1.73954;1.44043;1.02334;1","14.8279;13.9093;13.2369;12.5034;11.7247;11.0924;10.3127;9.51686;8.84593;8.31645;7.67887;7.54131;7.12161;6.94512;6.99223;6.74059;6.49338;6.65524;6.81259;7.0288;7.07637;7.23629;7.30397;7.7191;8.24676;9.10361;9.55887;10.279;11.0311;11.598;11.9825;12.4609;12.7776;13.0108;13.8246;14.3744;14.9846;15",1.01792
"0.1;0.333333;0.566667"
27.3357,3.45269,2.57926,"20.9445;20.5615;20.0436;19.5138;19.2296;18.9928;18.4898;17.7991;17.3764;17.0828;16.7628;16.1772;15.8056;15.0187;14.6591;13.8657;13.7182;13.5553;12.8432;12.2933;11.9593;11.1546;10.4518;9.74591;8.93461;8.13193;7.65398;7.14429;6.4811;5.91716;5.7697;5.39242;5.00274;4.31932;3.6574;2.82902;2.28558;2.03917;1.8177;1.35781;1.18586;1","14.8279;13.9093;13.3507;12.8374;12.5476;12.2543;11.6274;10.9337;10.6043;10.121;9.63506;8.97708;8.45837;7.91175;7.75692;7.37134;7.32767;7.27277;7.26176;7.18805;7.06632;6.84436;6.65524;6.81259;7.06761;7.21759;7.30397;7.89139;8.40995;9.10361;9.4637;10.3063;10.8997;11.6181;12.3479;12.7776;13.0108;13.5517;14.0697;14.7587;14.8795;15",1.14548
"0.1;0.366667;0.533333"
28.2009,3.54763,2.98572,"20.9445;20.5615;19.974;19.1558;18.5837;17.9736;17.7398;17.4775;16.6953;16.6588;16.3172;15.8203;15.4894;14.6591;13.8926;13.0144;12.2938;11.3758;10.4518;9.74591;8.93829;7.99772;7.49871;6.76757;6.0878;5.53376;5.28745;4.85266;4.66732;4.35751;3.99866;3.37499;2.72673;2.15388;1.73954;1.44043;1.02334;1","14.8279;13.9093;13.2369;13.3745;12.7172;12.1084;11.7995;11.1182;10.5306;10.2437;9.46646;9.15893;8.29162;7.75692;7.19777;7.02504;6.74059;6.49338;6.65524;6.81259;6.80913;6.92533;7.04829;7.36015;7.95804;8.54844;8.89877;9.60797;9.96901;10.5508;11.1476;11.9163;12.663;12.9406;13.8246;14.3744;14.9846;15",1.28759
"0.1;0.4;0.5"
27.8102,3.40981,2.85453,"20.9445;20.594;20.3237;19.8671;19.1558;18.5837;17.9736;17.6425;17.3055;16.956;16.7626;16.1772;15.8056;15.2479;14.6695;14.0322;13.3604;12.5711;12.0965;11.1546;10.3868;9.66639;8.92189;8.00817;7.28027;6.76191;6.33819;5.97381;5.38455;4.93894;4.36994;3.99866;3.5816;3.24198;2.82902;2.48013;2.28558;2.03917;1.78695;1.35781;1.18586;1","14.8279;14.5056;14.2932;13.8003;13.3745;12.7172;12.1084;11.239;10.8591;10.592;9.73805;8.97708;8.45837;7.75505;7.47073;7.31834;7.12573;6.94065;6.85883;6.84436;6.87411;6.79516;6.83005;6.97783;7.17873;7.50811;7.76443;8.40136;9.13598;9.86964;10.6298;11.1476;11.7157;12.1985;12.7776;12.7328;13.0108;13.5517;14.2082;14.7587;14.8795;15",1.33517
"0.1;0.433333;0.466667"
27.8963,3.39246,2.84427,"20.9445;20.594;20.3237;19.8671;19.1558;18.6651;17.9736;17.3504;16.956;16.6371;16.2526;15.8056;15.2479;14.733;14.3597;13.504;12.5133;11.8571;11.1546;10.3868;9.86689;8.91188;8.63535;7.88567;7.28027;6.43067;6.0878;5.6672;5.4268;4.9884;4.66732;4.36994;4.02365;3.56446;2.92162;2.28558;2.03917;1.78695;1.35781;1.18586;1","14.8279;14.5056;14.2932;13.8003;13.3745;12.7345;12.1084;11.4522;10.592;9.87593;9.25179;8.45837;7.75505;7.31277;7.07355;6.5589;6.64691;6.72959;6.84436;6.87411;6.90879;7.0288;7.07637;7.08293;7.17873;7.65338;7.95804;8.51446;8.86111;9.50107;9.96901;10.6298;11.3299;11.9825;12.3855;13.0108;13.5517;14.2082;14.7587;14.8795;15",1.42978
"0.1;0.466667;0.433333"
28.1644,3.27349,2.85018,"20.9445;20.594;20.3237;19.8671;19.2817;18.7451;18.4583;18.0165;17.4775;17.2874;16.9925;16.7129;16.3077;16.1434;15.5667;14.8935;14.5933;13.7043;13.4086;12.491;12.2051;11.3758;10.5178;9.74092;9.03263;8.42167;7.49871;7.28027;6.75797;6.20585;5.73739;5.11575;4.87711;4.35657;3.99866;3.5816;3.02954;2.98854;2.24813;1.89183;1.78695;1.35781;1.18586;1","14.8279;14.5056;14.2932;13.8003;13.2553;12.8596;12.4881;11.9209;11.1182;10.7009;9.76279;9.44263;8.6324;8.31645;7.67887;7.01387;6.6976;6.36997;6.36085;6.36826;6.37777;6.49338;6.59403;6.40988;6.49704;6.73747;7.04829;7.17873;7.72894;8.37458;9.02978;9.69069;9.99574;10.6852;11.1476;11.7157;12.5269;12.5805;13.1297;13.9521;14.2082;14.7587;14.8795;15",1.47242
"0.1;0.5;0.4"
28.3087,3.26312,2.8831,"20.9445;20.594;20.3237;19.8671;19.1558;18.5837;17.9736;17.6425;17.3764;16.9119;16.7129;16.3077;16.1434;15.9106;15.7291;15.3286;15.0263;14.366;13.7043;12.9262;12.2051;11.7197;11.1708;10.5178;9.66639;9.37438;8.61951;7.82599;7.49871;7.11237;6.57055;5.78739;5.53213;5.03098;4.81463;4.5567;4.15975;3.72009;3.37616;2.89787;2.72673;2.24813;1.89183;1.78695;1.35781;1.18586;1","14.8279;14.5056;14.2932;13.8003;13.3745;12.7172;12.1084;11.239;10.6043;9.77358;9.44263;8.6324;8.31645;7.91679;7.67708;7.3026;7.05244;6.6547;6.36997;6.35648;6.37777;6.39607;6.50747;6.59403;6.79516;6.85609;6.81384;6.98281;7.04829;7.16604;7.42079;7.9878;8.27425;8.81388;9.17854;9.67651;10.5208;11.237;11.7787;12.5017;12.663;13.1297;13.9521;14.2082;14.7587;14.8795;15",1.56505
"0.1;0.533333;0.366667"
28.8573,3.20643,2.71617,"20.9445;20.5615;19.7665;19.2875;19.2296;18.4652;18.2775;17.6425;17.4476;17.2782;16.8982;16.8814;16.2357;15.6971;15.4073;14.7265;14.5123;13.7043;12.9262;12.2051;11.3758;11.0094;10.4518;9.74591;9.37438;8.63535;8.00817;7.49871;7.11237;6.57055;5.78739;5.53213;5.08455;4.66116;4.50424;4.33045;3.94818;3.5816;3.02954;2.45528;2.08287;1.67112;1.63173;1.35781;1.18586;1","14.8279;13.9093;13.4423;12.6727;12.5476;12.2519;11.6697;11.239;10.3207;9.37601;8.45945;8.42941;7.71009;7.20895;7.00245;6.67507;6.52039;6.36997;6.35648;6.37777;6.49338;6.49867;6.65524;6.81259;6.85609;7.07637;6.97783;7.04829;7.16604;7.42079;7.9878;8.27425;9.01442;9.76957;10.0233;10.407;11.1969;11.7157;12.5269;12.9713;13.6687;14.4526;14.5175;14.7587;14.8795;15",1.63074
"0.1;0.566667;0.333333"
29.0696,3.02165,2.5286,"20.9445;20.807;20.5203;20.152;19.8934;19.3647;18.939;18.6247;18.3424;17.8048;17.3179;16.5549;16.4047;15.8114;15.2283;14.9436;14.248;13.3834;12.5688;11.9995;11.4369;10.6889;10.1706;9.36165;8.50465;8.02803;7.33347;7.11237;6.33819;5.7952;5.50781;5.22779;4.87711;4.685;4.3523;4.11466;3.61188;3.28271;2.46893;2.08287;1.63173;1.36437;1","14.8279;13.8557;13.2556;12.5519;12.1555;11.3315;10.6325;10.2148;9.51676;9.02033;8.35866;7.84754;7.59487;6.91972;6.51125;6.31988;6.21107;5.79384;5.82692;5.96417;6.0207;5.95589;6.03939;6.18142;6.30775;6.61375;7.01487;7.16604;7.76443;8.29821;8.89227;9.41274;9.99574;10.3891;10.916;11.3105;12.1327;12.5745;13.0919;13.6687;14.5175;14.804;15",1.6158
"0.1;0.6;0.3"
29.3255,3.0823,2.66298,"20.9445;20.5615;20.179;19.4587;19.2296;18.6508;18.2403;18.0418;17.9689;17.5626;17.3231;17.2974;17.266;16.8706;16.4047;15.8114;15.4536;14.6992;13.8657;13.3019;12.4806;11.5359;10.7007;9.74092;8.91263;8.38846;8.02803;7.56523;7.07833;6.66525;6.29328;5.81549;5.25437;4.90059;4.58953;4.22555;3.87456;3.5816;3.02954;2.46893;2.08287;1.63173;1.36437;1","14.8279;13.9093;13.3519;12.7942;12.5476;11.946;11.1541;10.9797;10.4088;9.69198;9.07855;8.99478;8.8963;8.23711;7.59487;6.91972;6.50808;5.89388;5.61764;5.61834;5.77844;5.9924;6.16493;6.40988;6.56349;6.57327;6.61375;6.70048;6.86403;7.10763;7.34795;7.77049;8.29194;8.8687;9.57149;10.2857;10.9359;11.7157;12.5269;13.0919;13.6687;14.5175;14.804;15",1.74397
"0.1;0.633333;0.266667"
29.7294,3.03719,2.68954,"20.9445;20.5615;19.974;19.4176;18.8553;18.5871;18.5172;18.255;17.7716;17.4078;17.0611;16.4126;15.7757;14.9916;14.1215;13.3834;13.1409;12.3258;11.4261;10.799;10.0446;9.74092;8.91263;8.38846;8.02803;7.56523;6.66525;6.29328;5.81549;5.30803;5.00663;4.81463;4.40589;4.28303;3.98071;3.56446;3.15705;2.63303;2.08287;1.67112;1.63173;1.36437;1","14.8279;13.9093;13.2369;12.5034;11.7247;11.103;10.1199;9.22372;8.58685;7.85944;7.09161;6.81933;6.32113;5.81136;5.58981;5.79384;5.87394;5.96907;6.1391;6.26591;6.3788;6.40988;6.56349;6.57327;6.61375;6.70048;7.10763;7.34795;7.77049;8.32069;8.83726;9.17854;9.97715;10.2803;11.1009;11.9825;12.5605;13.0983;13.6687;14.4526;14.5175;14.804;15",1.80569
"0.1;0.666667;0.233333"
28.8449,3.00611,2.56483,"20.9445;20.5615;20.4538;20.2352;19.7855;19.356;18.9187;18.7419;18.2556;17.6204;17.277;16.7443;16.0903;15.8114;15.2283;14.9436;14.0466;13.1409;12.5688;11.6816;11.4261;10.799;10.0446;9.06486;8.80777;7.99772;7.28027;6.76191;6.33819;5.97381;5.49746;4.91669;4.50014;4.02365;3.68698;3.02954;2.63303;2.19663;1.66722;1.48365;1.26826;1","14.8279;13.9093;13.6063;12.7473;12.3625;11.9322;11.0519;10.5616;9.88653;9.26639;8.5784;7.82092;7.17188;6.91972;6.51125;6.31988;5.88045;5.87394;5.82692;6.15116;6.1391;6.26591;6.3788;6.56905;6.63951;6.92533;7.17873;7.50811;7.76443;8.40136;9.21871;10.0217;10.7166;11.3299;11.8072;12.5269;13.0983;13.9812;14.6087;14.7505;14.8827;15",1.87422
"0.1;0.7;0.2"
29.1718,3.00865,2.68925,"20.9445;20.5615;19.974;19.4176;19.2296;18.8168;18.5871;18.2461;18.0088;17.8048;17.5436;16.9345;16.4525;15.8969;14.9436;14.0466;13.1409;12.3258;11.4261;10.799;10.0446;9.54764;8.80777;7.99772;7.49871;6.76757;6.0878;5.7952;5.28745;4.85266;4.60907;4.35751;3.94818;3.5816;3.12032;2.63303;2.19663;1.66722;1.48365;1.26826;1","14.8279;13.9093;13.2369;12.5034;12.5476;11.9684;11.103;10.3066;9.66035;9.02033;8.56743;7.8192;7.04849;6.47403;6.31988;5.88045;5.87394;5.96907;6.1391;6.26591;6.3788;6.46551;6.63951;6.92533;7.04829;7.36015;7.95804;8.29821;8.89877;9.60797;10.0546;10.5508;11.1969;11.7157;12.4609;13.0983;13.9812;14.6087;14.7505;14.8827;15",1.96533
"0.1;0.733333;0.166667"
29.0881,3.03699,2.81513,"20.9445;20.5615;19.7665;19.5779;19.2296;18.8168;18.4898;18.4814;17.9706;17.6204;17.277;16.7443;16.2847;15.8114;15.2283;14.9436;14.0466;13.3834;12.6085;11.9995;11.1667;10.3536;9.51656;8.93829;8.05274;7.65398;7.27071;6.76191;6.33819;6.0878;5.4352;4.8312;4.40589;4.28303;3.98071;3.68698;3.28271;2.81052;2.43742;2.19663;1.66722;1.48365;1.26826;1","14.8279;13.9093;13.4423;13.0168;12.5476;11.9684;11.6274;10.7226;9.87557;9.26639;8.5784;7.82092;7.14703;6.91972;6.51125;6.31988;5.88045;5.79384;5.83292;5.96417;6.15586;6.47036;6.70623;6.80913;7.08269;7.30397;7.33416;7.50811;7.76443;7.95804;8.58236;9.24807;9.97715;10.2803;11.1009;11.8072;12.5745;12.9669;13.4746;13.9812;14.6087;14.7505;14.8827;15",2.07639
"0.1;0.766667;0.133333"
21.5287,2.63973,10.7644,"20.8302;20.5229;19.6706;19.1095;18.7351;18.4326;17.6665;16.8178;15.9678;15.5092;14.623;14.0881;13.2579;12.6322;11.6954;11.2425;10.4904;9.54445;8.80934;7.87486;7.01068;6.97938;6.49144;5.53358;4.95615;4.62884;3.88425;3.43259;2.95385;2.70845;1.84896;1.50174;1","15.1138;15.2971;15.6624;15.9031;16.0541;16.1535;16.4345;16.7558;17.1832;17.3807;17.793;18.006;18.3305;18.4733;18.6422;18.7463;18.8806;18.8715;18.6647;18.4545;18.1632;18.1184;17.9513;17.6974;17.3201;17.0751;16.4988;16.2004;15.8127;15.654;15.2439;15.1027;15",1.84933
"0.1;0.8;0.1"
21.9769,2.38077,10.9885,"20.8302;20.021;19.512;18.6897;18.2473;17.45;16.5986;16.162;15.4522;14.602;13.9989;13.461;12.7423;12.2018;11.2451;10.3453;9.60675;8.66859;7.87452;6.92754;6.41038;5.89593;5.11247;4.72842;3.95145;3.55519;2.89349;2.26145;1.50174;1","15.0517;15.2926;15.5417;16.0314;16.2825;16.8463;17.359;17.5455;17.9655;18.3874;18.59;18.7444;18.9815;19.1117;19.2417;19.2961;19.3624;19.0694;18.859;18.5701;18.2893;18.0379;17.483;17.2113;16.6099;16.313;15.8498;15.4791;15.1027;15",1.71005
"0.1;0.833333;0.0666667"
22.8736,2.10235,11.4368,"20.8302;20.2807;19.7224;19.118;18.4974;18.1459;17.5144;17.1351;16.6919;16.0189;15.2863;14.9235;14.0803;13.3108;12.8356;11.9414;11.1495;10.2361;9.45689;8.49378;7.66336;7.25183;6.71324;6.21611;5.47321;4.85514;4.22907;3.58024;2.90997;2.26145;1.50174;1","15.1138;15.5115;15.9239;16.3923;16.8483;17.1161;17.6422;17.982;18.2698;18.6796;19.0906;19.1915;19.5172;19.717;19.9058;20.1185;20.0314;20.1649;20.0609;19.8053;19.5625;19.3944;18.9146;18.5705;18.0704;17.6525;17.1331;16.5614;15.9111;15.4791;15.1027;15",1.5377
"0.1;0.866667;0.0333333"
23.023,2.07904,11.5115,"20.8302;20.4937;19.8587;19.2225;18.5824;18.0546;17.9921;17.2571;16.399;15.998;15.2134;14.6389;14.2049;13.5681;12.7393;11.9414;11.1495;10.2361;9.45689;8.49378;7.66336;7.25183;6.61139;5.90366;5.47321;4.85514;4.22907;3.58024;2.90997;2.26145;1.50174;1","15.1138;15.5234;16.121;16.5467;17.0666;17.6147;17.6726;18.0644;18.5779;18.6419;19.203;19.4672;19.7084;19.8938;20.0951;20.1185;20.0314;20.1649;20.0609;19.8053;19.5625;19.3944;19.0358;18.484;18.0704;17.6525;17.1331;16.5614;15.9111;15.4791;15.1027;15",1.57587
"0.1;0.9;0"
23.6689,252.945,2.56346,"20.9445;20.594;20.1874;19.7665;19.1329;18.7451;17.9003;17.254;16.3918;16.2318;15.3745;14.8906;14.2208;13.8446;13.2808;12.9841;12.129;11.1885;10.7276;10.1861;9.26438;8.40654;7.66567;7.08052;6.32788;5.61944;5.09505;4.42696;3.61188;2.92162;1.97499;1.54975;1.21518;1.09701;1.02572;1","14.8279;14.5056;13.9117;13.4423;13.1001;12.8596;12.5072;12.2619;11.8873;11.8209;11.5174;11.2512;10.9487;10.8388;10.6067;10.4967;10.0851;9.84812;9.86893;10.0069;10.2417;10.6328;10.8796;11.0469;11.3053;11.5351;11.6907;11.8666;12.1327;12.3855;12.6746;12.8258;12.9876;13.8121;14.4702;15",0.566706
"0.133333;0;0.866667"
24.7207,8.72412,2.62673,"20.9445;20.594;19.8102;19.1558;18.5837;17.9736;17.3492;16.5449;16.1714;15.3227;14.7985;14.1391;13.5199;12.8769;12.5062;11.8518;11.1372;10.4205;9.44645;8.5944;7.92101;7.28421;6.62483;6.19876;5.28534;4.63768;4.06828;3.68698;2.92004;2.62897;1.96268;1.54975;1.21518;1.25479;1.13924;1","14.8279;14.5056;14.0316;13.3745;12.7172;12.1084;11.6162;11.0425;10.8164;10.3087;9.6901;9.45639;9.31937;9.14211;9.07092;9.00278;8.916;8.86436;9.06549;9.55791;9.83076;10.1547;10.4945;10.686;11.0556;11.361;11.6419;11.8072;12.135;12.2634;12.5953;12.8258;12.9876;13.829;14.7064;15",0.597639
"0.133333;0.0333333;0.833333"
24.7337,6.79955,2.79038,"20.9445;20.594;19.8102;19.0726;18.2774;17.7806;17.4131;16.6536;15.8431;15.5693;15.0707;14.6791;14.3772;13.7474;12.8871;12.115;11.8765;11.009;10.2086;9.23986;8.64175;8.48475;7.71462;7.24243;6.49693;6.29277;5.59771;4.8572;4.16698;3.37499;2.62897;1.72305;1.58248;1.46185;1.32586;1.11122;1","14.8279;14.5056;14.0316;13.4224;12.8366;12.4479;12.1997;11.5706;11.0606;10.7703;10.2647;9.84135;9.74576;9.20493;8.91319;8.72837;8.66695;8.5939;8.6457;8.76047;9.02557;9.09582;9.55284;9.81352;10.277;10.3773;10.7186;11.1634;11.5123;11.9163;12.2634;12.6668;13.4298;14.0656;14.4161;14.8272;15",0.704648
"0.133333;0.0666667;0.8"
25.5013,6.09744,2.68039,"20.9445;20.5615;19.7665;19.1329;18.7451;17.9003;17.254;16.6035;16.3399;15.8431;15.2876;14.6791;14.283;13.6451;13.0372;12.0598;11.8765;11.0128;10.4785;9.68922;9.23192;8.48157;7.74889;7.44911;6.64937;5.80121;4.91669;4.8896;4.36994;3.98071;3.47868;2.70647;1.94024;1.60318;1.58248;1.46185;1.32586;1.11122;1","14.8279;13.9093;13.4423;13.1001;12.8596;12.5072;12.2619;11.8091;11.5928;11.0606;10.506;9.84135;9.44546;9.07296;8.69271;8.68403;8.66695;8.50066;8.4483;8.47451;8.49728;8.62359;8.70407;8.87358;9.36743;9.57549;10.0217;10.05;10.6298;11.1009;11.597;12.1685;12.73;12.7393;13.4298;14.0656;14.4161;14.8272;15",0.590961
"0.133333;0.1;0.766667"
26.1543,4.9686,2.82123,"20.9445;20.5615;19.8671;19.1558;18.4241;17.8085;17.2674;17.0205;16.7535;16.5757;15.8456;15.0937;14.5571;13.9261;13.1607;12.2741;11.6417;11.0132;10.2246;9.34292;8.80025;8.10458;7.83644;7.20726;6.64937;5.80121;4.91669;4.8896;4.36994;3.99866;3.35317;2.90389;1.97499;1.94024;1.72305;1.58248;1.47922;1.11122;1","14.8279;13.9093;13.8003;13.3745;12.6979;12.2492;11.7165;11.478;10.7614;10.553;10.1757;9.59455;9.23855;8.79219;8.46164;8.08124;7.79459;7.79096;7.83544;8.05791;8.36529;8.6427;8.91174;9.12314;9.36743;9.57549;10.0217;10.05;10.6298;11.1476;11.8726;12.3185;12.6746;12.73;12.6668;13.4298;14.1841;14.8272;15",0.668549
"0.133333;0.133333;0.733333"
25.6635,4.88129,2.72446,"20.9445;20.594;20.3237;19.8671;19.1558;18.4241;17.8085;17.3207;16.6841;16.1121;15.4677;15.1502;14.4752;13.9919;13.1607;12.3491;11.5959;10.7528;9.86718;8.90224;8.10402;7.51125;6.65969;5.91716;5.26065;5.09731;4.685;4.35657;3.99866;3.37499;2.92162;2.41152;1.94024;1.70623;1.58248;1.47922;1.11122;1","14.8279;14.5056;14.2932;13.8003;13.3745;12.6979;12.2492;11.8934;11.1502;10.4006;9.76398;9.46995;9.07151;8.71544;8.46164;8.35831;8.23291;8.10706;8.03254;8.13302;8.27582;8.42626;8.75483;9.10361;9.77359;9.93086;10.3891;10.6852;11.1476;11.9163;12.3855;12.6748;12.73;13.0263;13.4298;14.1841;14.8272;15",0.758773
"0.133333;0.166667;0.7"
26.4426,4.70954,2.76712,"20.9445;20.5615;20.2265;19.4087;18.7451;18.386;17.7424;17.3207;16.6841;16.1121;15.4677;15.1502;14.4051;14.1973;13.3555;13.127;12.2741;11.3126;10.7999;10.6521;9.86718;8.90224;8.50493;8.10402;7.20691;6.24201;5.91983;5.38455;4.73469;4.31011;3.98386;3.72009;3.37616;2.90389;2.41152;1.94704;1.94024;1.70623;1.58248;1.44043;1.02334;1","14.8279;13.9093;13.8215;13.4782;12.8596;12.5685;12.1297;11.8934;11.1502;10.4006;9.76398;9.46995;8.81124;8.64842;8.25652;8.12756;8.08124;7.92234;7.94992;7.88656;8.03254;8.13302;8.15717;8.27582;8.51498;8.5448;8.72373;9.13598;9.78661;10.3856;10.8854;11.237;11.7787;12.3185;12.6748;12.8875;12.73;13.0263;13.4298;14.3744;14.9846;15",0.876177
"0.133333;0.2;0.666667"
26.1316,4.5249,2.84886,"20.9445;20.594;19.8102;19.146;18.6033;18.2774;17.4148;16.6035;16.4341;16.0033;15.8805;15.8456;15.5327;15.1502;14.4051;14.1973;13.867;13.2047;12.6861;11.8403;11.6417;11.2078;11.0132;10.2246;9.33908;8.87405;8.02248;7.18795;6.65969;5.91716;5.28162;4.93894;4.35751;3.99866;3.35317;2.90389;2.41152;1.94704;1.692;1.44043;1.02334;1","14.8279;14.5056;14.0316;13.4499;13.0748;12.8366;12.3592;11.8091;11.3042;10.5544;10.25;10.1757;9.81444;9.46995;8.81124;8.64842;8.20111;7.88087;7.82933;7.83721;7.79459;7.78745;7.79096;7.83544;7.96193;8.2304;8.27255;8.74203;8.75483;9.10361;9.54902;9.86964;10.5508;11.1476;11.8726;12.3185;12.6748;12.8875;13.6397;14.3744;14.9846;15",0.979123
"0.133333;0.233333;0.633333"
26.5126,4.14344,2.6982,"20.9445;20.594;20.3237;19.8671;19.2817;19.1329;18.4583;17.7398;17.3743;16.6953;16.6598;16.277;15.8272;15.3213;14.669;14.1056;13.3153;12.7691;12.2147;11.3736;10.4138;10.0382;9.34292;8.83324;7.90131;7.75926;6.94098;6.20585;5.50781;4.9884;4.66732;4.35751;3.99866;3.37499;2.72673;2.15388;1.692;1.44043;1.02334;1","14.8279;14.5056;14.2932;13.8003;13.2553;13.1001;12.4881;11.7995;11.1767;10.5306;10.3906;9.79361;9.28211;8.81434;8.45435;8.10925;7.74259;7.50996;7.76827;7.73078;7.85506;8.04748;8.05791;8.06553;8.23491;8.1845;8.09319;8.37458;8.89227;9.50107;9.96901;10.5508;11.1476;11.9163;12.663;12.9406;13.6397;14.3744;14.9846;15",1.01728
"0.133333;0.266667;0.6"
26.715,3.9102,2.73259,"20.9445;20.594;20.3237;19.8671;19.2817;18.7451;18.0037;17.3504;16.8306;16.3832;15.8893;15.3213;14.8032;14.0256;13.1261;12.2394;11.2834;10.48;9.53851;8.94727;8.17233;7.49962;6.83616;6.5927;5.7952;5.4352;4.8312;4.5567;4.22555;3.87456;3.72009;3.37616;2.90389;2.37906;2.15388;1.692;1.44043;1.02334;1","14.8279;14.5056;14.2932;13.8003;13.2553;12.8596;12.1986;11.4522;10.7429;10.1187;9.39136;8.81434;8.42415;7.83325;7.56462;7.5331;7.59565;7.53224;7.62081;7.67066;7.75256;7.62363;7.7191;7.81185;8.29821;8.58236;9.24807;9.67651;10.2857;10.9359;11.237;11.7787;12.3185;12.7495;12.9406;13.6397;14.3744;14.9846;15",1.07447
"0.133333;0.3;0.566667"
26.4432,3.75225,2.79618,"20.9445;20.594;20.3237;19.8671;19.2817;18.7451;18.0037;17.3264;16.9227;16.6953;16.3275;15.8203;15.4738;14.9839;14.249;13.711;12.7691;12.4204;11.5127;10.7403;10.1402;9.29375;8.37577;8.17233;7.36738;6.65969;6.14314;5.79623;5.20913;4.7076;4.11466;3.56446;3.12032;2.82902;2.28558;2.03917;1.8177;1.35781;1.18586;1","14.8279;14.5056;14.2932;13.8003;13.2553;12.8596;12.1986;11.7504;11.2322;10.5306;9.73363;9.15893;8.7899;8.40114;8.07147;7.73925;7.50996;7.40894;7.37506;7.27676;7.38634;7.58589;7.72523;7.75256;8.16162;8.75483;8.99337;9.36282;10.069;10.7045;11.3105;11.9825;12.4609;12.7776;13.0108;13.5517;14.0697;14.7587;14.8795;15",1.1412
"0.133333;0.333333;0.533333"
26.7658,3.87848,3.06495,"20.8302;20.1899;19.5834;19.0196;18.6926;18.3337;17.9736;17.5491;17.2914;16.8326;16.4495;15.8203;15.5368;14.9839;14.1056;13.635;13.0881;12.2801;11.3736;10.8447;10.139;9.29375;8.38184;8.17233;7.36738;6.6773;6.12711;5.91716;5.57283;4.91669;4.50014;4.02365;3.56446;3.12032;2.82902;2.28558;2.03917;1.8177;1.35781;1.18586;1","15.0517;14.7205;14.3699;13.9132;13.4915;12.9291;12.1084;11.5842;10.9272;10.184;9.64527;9.15893;8.81874;8.40114;8.10925;8.16079;8.0231;7.91516;7.73078;7.62403;7.44216;7.58589;7.55468;7.75256;8.16162;8.16929;8.70459;9.10361;9.40644;10.0217;10.7166;11.3299;11.9825;12.4609;12.7776;13.0108;13.5517;14.0697;14.7587;14.8795;15",1.30158
"0.133333;0.366667;0.5"
27.2614,3.3683,2.53919,"20.9445;20.5615;19.974;19.4176;18.8553;18.2947;17.7718;17.4601;16.8927;16.7205;16.0762;15.8767;15.2479;14.6918;13.7818;13.3604;12.3973;11.9593;11.0954;10.3968;9.54508;8.93461;8.13193;7.65398;6.83642;6.20585;5.80291;5.49746;4.93894;4.36994;3.94818;3.37499;2.71753;2.28558;2.03917;1.78695;1.35781;1.18586;1","14.8279;13.9093;13.2369;12.5034;11.7247;11.0924;10.6458;10.1212;9.31977;9.13537;8.54663;8.30618;7.75505;7.50179;7.18844;7.12573;7.12173;7.06632;7.0683;7.09572;7.13188;7.06761;7.21759;7.30397;7.82597;8.37458;8.89883;9.21871;9.86964;10.6298;11.1969;11.9163;12.3164;13.0108;13.5517;14.2082;14.7587;14.8795;15",1.21586
"0.133333;0.4;0.466667"
27.3433,3.37424,2.62829,"20.9445;20.5615;20.199;19.5779;19.2296;18.9928;18.4898;18.0418;17.4476;17.2593;16.8927;16.7205;16.0762;15.8056;15.4338;14.6695;13.8926;13.0667;12.7319;11.9593;11.0954;10.4272;9.66261;8.93461;8.13193;7.65398;6.83642;6.26025;5.80291;5.31333;4.91669;4.50014;4.02365;3.56446;3.12032;2.28558;2.03917;1.78695;1.35781;1.18586;1","14.8279;13.9093;13.7058;13.0168;12.5476;12.2543;11.6274;10.9797;10.3207;10.0243;9.31977;9.13537;8.54663;8.45837;8.02623;7.47073;7.19777;7.09902;7.10949;7.06632;7.0683;7.11948;7.177;7.06761;7.21759;7.30397;7.82597;8.24676;8.89883;9.34282;10.0217;10.7166;11.3299;11.9825;12.4609;13.0108;13.5517;14.2082;14.7587;14.8795;15",1.31975
"0.133333;0.433333;0.433333"
27.2117,3.56864,2.87809,"20.9445;20.594;19.8102;19.1558;18.4241;17.8085;17.2674;17.0205;16.686;16.3832;15.8893;15.5368;15.0758;14.6591;14.0396;13.1112;12.5711;11.9192;11.005;10.3968;9.54508;9.08293;8.38184;7.49137;7.14429;6.26025;5.50781;4.9884;4.66732;4.35751;4.02365;3.56446;3.12032;2.28558;2.03917;1.78695;1.35781;1.18586;1","14.8279;14.5056;14.0316;13.3745;12.6979;12.2492;11.7165;11.478;10.7337;10.1187;9.39136;8.81874;8.23302;7.75692;7.20501;6.96858;6.94065;6.96822;7.04356;7.09572;7.13188;7.20286;7.55468;7.86283;7.89139;8.24676;8.89227;9.50107;9.96901;10.5508;11.3299;11.9825;12.4609;13.0108;13.5517;14.2082;14.7587;14.8795;15",1.51199
"0.133333;0.466667;0.4"
27.216,3.47642,2.8194,"20.9445;20.594;20.3237;19.8671;19.2817;18.5837;17.9736;17.3504;16.956;16.6371;16.2526;16.0304;15.4894;14.6591;13.8657;13.0144;12.4998;11.9914;11.005;10.0116;9.66261;8.7368;8.13031;7.51198;6.75797;6.58414;5.7952;5.53376;5.0765;4.66116;4.15975;3.72009;3.37499;2.91729;2.24813;1.89183;1.78695;1.35781;1.18586;1","14.8279;14.5056;14.2932;13.8003;13.2553;12.7172;12.1084;11.4522;10.592;9.87593;9.25179;8.94876;8.29162;7.75692;7.37134;7.02504;7.00277;7.01482;7.04356;7.12699;7.177;7.50308;7.55352;7.54825;7.72894;7.79874;8.29821;8.54844;9.11447;9.76957;10.5208;11.237;11.9163;12.4828;13.1297;13.9521;14.2082;14.7587;14.8795;15",1.57388
"0.133333;0.5;0.366667"
27.4906,3.41385,2.88916,"20.9445;20.594;20.3237;19.8671;19.1558;18.5837;17.9736;17.6882;17.5866;17.4476;17.251;16.7628;16.2526;15.8056;15.2479;14.733;14.0797;13.6515;12.7999;11.9914;11.0954;10.4272;9.54508;9.08293;8.38184;7.49137;7.14429;7.05681;6.20585;5.50781;5.20632;4.66732;4.36994;4.02365;3.56446;3.15705;2.45358;2.08287;1.67112;1.63173;1.35781;1.18586;1","14.8279;14.5056;14.2932;13.8003;13.3745;12.7172;12.1084;11.3998;10.7517;10.3207;10.0405;9.63506;9.25179;8.45837;7.75505;7.31277;7.03615;6.94512;6.98142;7.01482;7.0683;7.11948;7.13188;7.20286;7.55468;7.86283;7.89139;7.92829;8.37458;8.89227;9.24819;9.96901;10.6298;11.3299;11.9825;12.5605;12.9828;13.6687;14.4526;14.5175;14.7587;14.8795;15",1.64544
"0.133333;0.533333;0.333333"
27.6971,3.4419,2.87387,"20.9445;20.594;20.3237;19.8671;19.047;18.7451;18.0037;17.3504;16.956;16.7459;16.2526;15.7024;15.4695;14.6695;14.0797;13.6515;12.7999;11.9914;11.0954;10.4272;9.66261;8.68538;7.93604;7.65398;6.76191;6.33819;6.0878;5.4352;5.08455;4.66116;4.50424;4.33045;4.02365;3.56446;2.89787;2.24813;2.08287;1.67112;1.63173;1.35781;1.18586;1","14.8279;14.5056;14.2932;13.8003;13.2411;12.8596;12.1986;11.4522;10.592;9.78426;9.25179;8.49718;8.03578;7.47073;7.03615;6.94512;6.98142;7.01482;7.0683;7.11948;7.177;7.31911;7.3578;7.30397;7.50811;7.76443;7.95804;8.58236;9.01442;9.76957;10.0233;10.407;11.3299;11.9825;12.5017;13.1297;13.6687;14.4526;14.5175;14.7587;14.8795;15",1.76417
"0.133333;0.566667;0.3"
27.8168,3.38812,2.91968,"20.9445;20.594;19.8102;19.1558;18.7451;18.0037;17.3504;17.0206;16.7459;16.1772;15.8056;15.2479;14.9879;14.5752;13.7045;12.8618;12.5588;11.9192;11.005;10.3968;9.66261;9.33466;8.43938;7.65398;6.76191;6.33819;6.0878;5.4352;5.08455;4.66116;4.33045;3.98071;3.5816;3.12032;2.46893;2.08287;1.63173;1.36437;1","14.8279;14.5056;14.0316;13.3745;12.8596;12.1986;11.4522;10.5819;9.78426;8.97708;8.45837;7.75505;7.44404;7.12161;6.6526;6.74879;6.77743;6.96822;7.04356;7.09572;7.177;7.23116;7.37213;7.30397;7.50811;7.76443;7.95804;8.58236;9.01442;9.76957;10.407;11.1009;11.7157;12.4609;13.0919;13.6687;14.5175;14.804;15",1.83568
"0.133333;0.6;0.266667"
27.9222,3.30946,2.94294,"20.9445;20.594;20.3237;19.7174;19.2817;18.7451;18.1597;17.9736;17.5491;17.2874;17.0828;16.7628;16.2641;15.889;15.5667;14.8963;14.0608;13.504;12.5133;12.2294;11.622;11.0185;10.102;9.54508;9.08293;8.47581;7.51198;6.75797;6.0878;5.4352;5.08455;4.66116;4.33045;3.99866;3.56446;3.28271;2.63303;2.08287;1.63173;1.36437;1","14.8279;14.5056;14.2932;13.6859;13.2553;12.8596;12.2421;12.1084;11.5842;10.7009;10.121;9.63506;8.85398;8.24218;7.67887;7.10024;6.7415;6.5589;6.64691;6.65189;6.7377;6.78131;6.96835;7.13188;7.20286;7.34101;7.54825;7.72894;7.95804;8.58236;9.01442;9.76957;10.407;11.1476;11.9825;12.5745;13.0983;13.6687;14.5175;14.804;15",1.88784
"0.133333;0.633333;0.233333"
27.8831,3.33428,3.20217,"20.8302;20.1899;19.5834;19.0196;18.6926;18.3337;17.8085;17.1777;16.956;16.6371;16.2526;15.8056;15.6153;14.9879;14.5752;13.7045;13.504;12.5133;12.3112;11.4121;11.1546;10.3868;9.86689;8.93461;8.34139;7.65398;6.83642;6.20585;5.80291;5.28162;4.91669;4.50014;4.11466;3.56446;3.02954;2.63303;2.19663;1.66722;1.26826;1","15.0517;14.7205;14.3699;13.9132;13.4915;12.9291;12.2492;11.491;10.592;9.87593;9.25179;8.45837;7.89559;7.44404;7.12161;6.6526;6.5589;6.64691;6.65225;6.80287;6.84436;6.87411;6.90879;7.06761;7.13291;7.30397;7.82597;8.37458;8.89883;9.54902;10.0217;10.7166;11.3105;11.9825;12.5269;13.0983;13.9812;14.6087;14.8827;15",2.00371
"0.133333;0.666667;0.2"
27.7326,3.23761,2.95109,"20.9445;20.5375;20.2014;19.4331;18.7451;18.2573;17.9736;17.6425;17.4476;16.7628;16.2641;15.8767;15.2479;14.733;13.9932;13.1062;12.3127;11.4121;10.6146;9.86689;8.97482;8.04835;7.31637;6.79962;6.58414;5.7952;5.4268;4.9884;4.66732;4.35751;3.94818;3.5816;3.15705;2.63303;2.19663;1.66722;1.26826;1","14.8279;14.2734;13.8684;13.3306;12.8596;12.226;12.1084;11.239;10.3207;9.63506;8.85398;8.30618;7.75505;7.31277;6.97387;6.79404;6.74071;6.80287;6.76895;6.90879;7.09106;7.30614;7.42867;7.663;7.79874;8.29821;8.86111;9.50107;9.96901;10.5508;11.1969;11.7157;12.5605;13.0983;13.9812;14.6087;14.8827;15",2.03627
"0.133333;0.7;0.166667"
28.1016,3.23318,3.06808,"20.8302;20.1899;19.7362;19.5286;19.1558;18.6651;17.9736;17.5491;17.4775;17.3764;16.9119;16.7628;16.2641;15.889;15.6153;14.9166;14.366;13.7043;13.4086;12.491;12.2051;11.3758;10.4518;9.74591;8.93461;8.14326;7.46515;7.14429;6.26025;6.11507;5.4268;5.29821;4.85266;4.60907;4.35751;4.02365;3.73016;3.46855;2.75304;2.52286;2.06097;1.48365;1.26826;1","15.0517;14.7205;14.2368;13.967;13.3745;12.7345;12.1084;11.5842;11.1182;10.6043;9.77358;9.63506;8.85398;8.24218;7.89559;7.26855;6.6547;6.36997;6.36085;6.36826;6.37777;6.49338;6.65524;6.81259;7.06761;7.46887;7.75513;7.89139;8.24676;8.31678;8.86111;9.00997;9.60797;10.0546;10.5508;11.3299;11.9611;12.5095;13.0873;13.4108;14.1868;14.7505;14.8827;15",2.12994
"0.133333;0.733333;0.133333"
21.8032,2.65451,10.9016,"20.8302;20.7394;19.7847;19.4406;18.9192;18.2473;17.6665;16.7834;15.9678;15.3227;14.4634;13.5542;12.6322;11.8807;11.2425;10.3711;9.54445;8.80934;7.87486;6.97938;6.21229;5.35301;4.6231;4.14718;3.43259;2.95385;2.70845;1.84896;1.50174;1","15.0517;14.8927;15.0122;15.4875;15.8606;16.2825;16.4345;16.794;17.1832;17.445;17.8351;18.2476;18.4733;18.6527;18.7463;18.874;18.8715;18.6647;18.4545;18.1184;17.8055;17.3284;16.8408;16.5923;16.2004;15.8127;15.654;15.2439;15.1027;15",1.78311
"0.133333;0.766667;0.1"
21.9587,2.37117,10.9794,"20.8302;20.5229;19.9101;19.6653;18.9867;18.3772;17.6217;17.1;16.5986;16.162;15.4522;14.8121;13.8856;13.461;12.5459;12.2018;11.2451;10.3453;9.60675;8.66859;7.87452;7.07837;6.41038;5.89593;5.11247;4.72842;3.95145;3.55519;2.89349;2.26145;1.50174;1","15.1138;15.2971;15.72;15.9096;16.2444;16.4282;16.811;17.1156;17.359;17.5455;17.9655;18.4011;18.6281;18.7444;19.0259;19.1117;19.2417;19.2961;19.3624;19.0694;18.859;18.5484;18.2893;18.0379;17.483;17.2113;16.6099;16.313;15.8498;15.4791;15.1027;15",1.63448
"0.133333;0.8;0.0666667"
22.5136,2.17134,11.2568,"20.8302;20.2807;19.6653;19.1308;18.377;17.7695;17.389;16.7126;16.1996;15.7643;14.9586;14.3391;13.6365;12.8735;12.0352;11.3096;10.5378;9.98772;9.41701;8.46039;8.09593;7.49613;7.29364;6.51537;5.79889;5.27027;4.72842;3.95145;3.55519;2.89349;2.26145;1.50174;1","15.1138;15.5115;15.9096;16.2311;16.791;17.2151;17.4742;17.9099;18.1743;18.4105;18.811;19.2293;19.3831;19.5994;19.7518;19.8049;19.7876;19.7887;19.7676;19.5805;19.4916;19.2803;19.1969;18.6599;18.0903;17.6745;17.2113;16.6099;16.313;15.8498;15.4791;15.1027;15",1.53605
"0.133333;0.833333;0.0333333"
22.6175,2.14887,11.3087,"20.8302;20.4937;20.0648;19.2354;18.4974;18.0146;17.4369;16.6461;16.0711;15.429;14.9024;14.3391;13.6075;12.6868;11.7598;10.8447;10.5378;9.98772;9.41701;8.46039;8.16645;7.49613;6.66994;6.21611;5.47321;4.85514;4.22907;3.58024;2.90997;2.26145;1.50174;1","15.1138;15.5234;15.8546;16.3783;16.8483;17.1848;17.664;18.1048;18.409;18.7713;19.0752;19.2293;19.4692;19.6545;19.8949;19.8798;19.7876;19.7887;19.7676;19.5805;19.5054;19.2803;18.8252;18.5705;18.0704;17.6525;17.1331;16.5614;15.9111;15.4791;15.1027;15",1.57802
"0.133333;0.866667;0"
23.2541,251.071,2.7942,"20.9445;20.594;20.3237;19.8671;19.1558;18.6033;18.2774;17.6987;17.0755;16.2318;15.3745;14.8906;14.2208;13.8446;13.2808;12.9841;12.129;11.1885;10.7276;10.1861;9.33932;8.67982;8.01628;7.16536;6.53506;5.88479;5.18618;4.35814;3.83725;2.90389;2.2879;1.70623;1.58248;1.36119;1","14.8279;14.5056;14.2932;13.8003;13.3745;13.0748;12.8366;12.5588;12.2545;11.8209;11.5174;11.2512;10.9487;10.8388;10.6067;10.4967;10.0851;9.84812;9.86893;10.0069;10.2326;10.3458;10.4366;10.8532;11.0938;11.2969;11.5252;11.8622;12.0503;12.3185;12.6856;13.0263;13.4298;14.1662;15",0.737194
"0.166667;0;0.833333"
24.1782,9.3025,2.82258,"20.9445;20.594;19.8102;19.0726;18.3337;17.6987;17.254;16.5788;16.2944;15.6671;15.0513;14.6538;13.9474;13.2981;12.5062;11.8518;11.1372;10.3496;9.78926;8.92714;8.57668;7.69492;6.81792;6.21721;5.56976;4.87454;4.31932;3.56446;2.90389;2.2879;1.70623;1.58248;1.38017;1.24729;1","14.8279;14.5056;14.0316;13.4224;12.9291;12.5588;12.2619;11.8093;11.63;10.9938;10.3363;9.99999;9.67907;9.44009;9.07092;9.00278;8.916;8.96507;9.06982;9.57543;9.79316;10.1048;10.5691;10.7786;11.1171;11.3916;11.6181;11.9825;12.3185;12.6856;13.0263;13.4298;14.2013;14.5166;15",0.730413
"0.166667;0.0333333;0.8"
24.4646,7.16447,2.80609,"20.9445;20.594;19.8102;19.0726;18.2774;17.4148;16.7958;16.3399;15.6671;15.0256;14.6746;13.9474;13.2896;13.0464;12.3189;11.4908;11.009;10.243;9.46292;8.91384;8.06387;7.24243;6.84902;6.0362;5.44392;5.04576;4.46646;3.73016;2.90389;2.2879;1.70623;1.58248;1.46185;1.32586;1.11122;1","14.8279;14.5056;14.0316;13.4224;12.8366;12.3592;11.9056;11.5928;10.9938;10.4871;10.0871;9.67907;9.178;9.11467;8.88315;8.69715;8.5939;8.71418;8.76697;8.9568;9.41087;9.81352;9.99204;10.4357;10.7308;11.0189;11.3788;11.9611;12.3185;12.6856;13.0263;13.4298;14.0656;14.4161;14.8272;15",0.687336
"0.166667;0.0666667;0.766667"
25.0483,6.12843,2.70086,"20.9445;20.594;19.8102;19.1558;18.4241;17.8085;17.0726;16.7961;16.1581;15.6402;15.1945;14.5504;14.181;13.322;13.0372;12.2697;11.5959;11.0128;10.443;9.58316;8.62452;7.95948;7.33684;6.71653;6.45621;5.84118;5.11342;4.9424;4.11466;3.37499;2.58033;1.94024;1.72305;1.58248;1.46185;1.32586;1.11122;1","14.8279;14.5056;14.0316;13.3745;12.6979;12.2492;11.7525;11.5029;10.8603;10.5666;9.9094;9.47852;9.24438;8.82868;8.69271;8.67047;8.55629;8.50066;8.55111;8.61656;8.80874;9.06343;9.50081;9.88047;10.0376;10.3212;10.7126;10.7911;11.3105;11.9163;12.4728;12.73;12.6668;13.4298;14.0656;14.4161;14.8272;15",0.580284
"0.166667;0.1;0.733333"
25.2435,5.10722,2.71983,"20.9445;20.594;19.8102;19.1558;18.5837;17.9736;17.3504;16.686;16.0712;15.7056;15.1905;14.5587;13.8353;12.9989;12.5936;12.0263;11.0953;10.3071;9.73968;9.23192;8.4786;7.83644;7.20726;6.70321;6.15536;5.54015;5.04576;4.31932;3.61188;3.51954;2.64319;1.94704;1.692;1.44043;1.02334;1","14.8279;14.5056;14.0316;13.3745;12.7172;12.1084;11.4522;10.7337;10.0896;9.65896;9.31906;9.02996;8.74411;8.49496;8.47878;8.29278;8.22135;8.33209;8.35418;8.49728;8.69436;8.91174;9.12314;9.58957;10.0697;10.6415;11.0189;11.6181;12.1327;12.3221;12.7978;12.8875;13.6397;14.3744;14.9846;15",0.637142
"0.166667;0.133333;0.7"
25.6343,5.20882,2.72416,"20.9445;20.594;20.3237;19.8671;19.1558;18.4241;17.8085;17.2674;17.0205;16.5046;15.8456;15.1502;14.4752;13.8353;13.4607;13.1607;12.3491;11.5959;11.0953;10.2668;9.73968;9.23192;8.48157;8.05917;7.44911;6.64937;6.52465;5.80121;4.91669;4.8896;4.36994;3.99866;3.5816;2.92162;2.41152;1.94704;1.94024;1.70623;1.58248;1.47922;1.11122;1","14.8279;14.5056;14.2932;13.8003;13.3745;12.6979;12.2492;11.7165;11.478;10.8512;10.1757;9.46995;9.07151;8.74411;8.57442;8.46164;8.35831;8.23291;8.22135;8.23718;8.35418;8.49728;8.62359;8.69651;8.87358;9.36743;9.37486;9.57549;10.0217;10.05;10.6298;11.1476;11.7157;12.3855;12.6748;12.8875;12.73;13.0263;13.4298;14.1841;14.8272;15",0.813362
"0.166667;0.166667;0.666667"
25.608,4.74699,2.75129,"20.9445;20.594;20.3237;19.8671;19.1558;18.4241;17.7424;17.0205;16.6841;16.1121;15.4677;15.1502;14.4752;13.9919;13.2836;12.8815;12.1074;11.8672;11.0883;10.7999;10.0382;9.31198;8.80025;7.85341;7.74889;6.81304;6.19896;5.57283;5.04113;4.87711;4.36994;3.98071;3.35317;2.90389;2.41152;1.94704;1.692;1.44043;1.02334;1","14.8279;14.5056;14.2932;13.8003;13.3745;12.6979;12.1297;11.478;11.1502;10.4006;9.76398;9.46995;9.07151;8.71544;8.35666;8.31299;8.18026;8.15116;8.06505;7.94992;8.04748;8.18112;8.36529;8.51467;8.70407;9.05433;9.05531;9.40644;9.84974;9.99574;10.6298;11.1009;11.8726;12.3185;12.6748;12.8875;13.6397;14.3744;14.9846;15",0.883666
"0.166667;0.2;0.633333"
25.7085,4.55752,2.79369,"20.9445;20.5615;19.7665;19.2817;18.7451;18.2163;17.8085;17.2674;16.5449;16.0033;15.8456;15.1361;14.4752;13.9261;13.2836;12.6747;12.2741;11.3126;11.0986;10.1482;9.88619;9.18451;8.87405;8.10402;7.51125;6.65969;5.91716;5.26065;5.09731;4.60969;3.94894;3.5816;2.9621;2.90389;2.15388;1.692;1.44043;1.02334;1","14.8279;13.9093;13.4423;13.2553;12.8596;12.6536;12.2492;11.7165;11.0425;10.5544;10.1757;9.58564;9.07151;8.79219;8.35666;8.13037;8.08124;7.92234;7.88571;7.90034;7.95102;8.05545;8.2304;8.27582;8.42626;8.75483;9.10361;9.77359;9.93086;10.643;11.2721;11.7157;12.2803;12.3185;12.9406;13.6397;14.3744;14.9846;15",0.986736
"0.166667;0.233333;0.6"
25.7807,4.44705,2.79682,"20.9445;20.594;19.8102;19.1558;18.4241;17.8085;17.7424;17.0205;16.5046;15.8456;15.4677;15.1502;14.4051;14.1973;13.2836;12.6747;12.2741;11.4856;10.6521;9.88619;9.18451;8.50493;7.75926;7.36738;6.8589;6.36524;6.24201;5.91983;5.38455;4.73469;4.31011;4.06591;3.47868;2.90389;2.15388;1.692;1.44043;1.02334;1","14.8279;14.5056;14.0316;13.3745;12.6979;12.2492;12.1297;11.478;10.8512;10.1757;9.76398;9.46995;8.81124;8.64842;8.35666;8.13037;8.08124;7.98252;7.88656;7.95102;8.05545;8.15717;8.1845;8.16162;8.32092;8.48894;8.5448;8.72373;9.13598;9.78661;10.3856;10.8182;11.597;12.3185;12.9406;13.6397;14.3744;14.9846;15",1.09824
"0.166667;0.266667;0.566667"
26.2764,4.25961,2.72377,"20.9445;20.594;19.8102;19.1558;18.5837;17.9736;17.5491;16.9875;16.6953;16.3275;15.8203;15.5368;14.9839;14.2997;13.9096;13.3316;12.3528;11.6417;10.9136;10.2246;9.32515;9.18451;8.22955;8.10402;7.85341;7.02987;6.32315;5.91716;5.25793;4.91669;4.8896;4.36994;3.99866;3.35317;2.90389;1.97499;1.94024;1.692;1.44043;1.02334;1","14.8279;14.5056;14.0316;13.3745;12.7172;12.1084;11.5842;10.9164;10.5306;9.73363;9.15893;8.81874;8.40114;8.12545;7.9514;7.73098;7.73235;7.79459;7.80534;7.83544;8.02897;8.05545;8.28869;8.27582;8.51467;8.70776;8.96375;9.10361;9.59964;10.0217;10.05;10.6298;11.1476;11.8726;12.3185;12.6746;12.73;13.6397;14.3744;14.9846;15",1.17929
"0.166667;0.3;0.533333"
25.9729,4.04893,2.78556,"20.9445;20.594;20.3237;19.8671;19.2817;18.5837;17.8085;17.7424;17.0205;16.3659;15.8456;15.5327;15.1905;14.8008;14.759;13.9401;13.2047;12.6861;11.8585;11.2834;10.48;9.61811;8.95072;8.10402;7.51125;6.65969;6.47554;5.7697;5.20913;4.7076;4.11466;3.56446;3.12032;2.82902;2.28558;2.03917;1.8177;1.35781;1.18586;1","14.8279;14.5056;14.2932;13.8003;13.2553;12.7172;12.2492;12.1297;11.478;10.8668;10.1757;9.81444;9.31906;8.68103;8.64035;8.13801;7.88087;7.82933;7.57111;7.59565;7.53224;7.70087;7.80107;8.27582;8.42626;8.75483;8.91571;9.4637;10.069;10.7045;11.3105;11.9825;12.4609;12.7776;13.0108;13.5517;14.0697;14.7587;14.8795;15",1.24009
"0.166667;0.333333;0.5"
26.4163,4.17828,2.79752,"20.9445;20.5615;19.7665;19.2817;18.7451;18.1499;17.8085;17.0759;16.9227;16.6953;16.3275;15.8203;15.5257;14.7585;13.9096;13.2047;12.2743;11.6417;11.0132;10.2246;10.0382;9.32515;8.83324;8.10402;7.20691;6.65969;5.91716;5.28162;4.93894;4.35751;3.99866;3.37499;2.72673;2.15388;1.73954;1.44043;1.02334;1","14.8279;13.9093;13.4423;13.2553;12.8596;12.5114;12.2492;11.7233;11.2322;10.5306;9.73363;9.15893;8.92383;8.34198;7.9514;7.88087;7.73311;7.79459;7.79096;7.83544;8.04748;8.02897;8.06553;8.27582;8.51498;8.75483;9.10361;9.54902;9.86964;10.5508;11.1476;11.9163;12.663;12.9406;13.8246;14.3744;14.9846;15",1.41153
"0.166667;0.366667;0.466667"
26.5161,3.83286,2.82895,"20.9445;20.594;20.3237;19.8671;19.047;18.7451;18.1597;17.9736;17.3492;16.8589;16.6953;16.3275;15.8203;15.5368;14.9839;14.3186;13.711;13.1639;12.2394;11.2834;10.8447;10.0845;9.45695;8.77919;8.002;7.6814;6.8589;6.12711;5.84585;5.26065;5.09731;4.60969;4.11466;3.56446;3.12032;2.82902;2.48013;2.28558;2.03917;1.78695;1.35781;1.18586;1","14.8279;14.5056;14.2932;13.8003;13.2411;12.8596;12.2421;12.1084;11.6162;10.7939;10.5306;9.73363;9.15893;8.81874;8.40114;7.87503;7.73925;7.60326;7.5331;7.59565;7.62403;7.71667;7.81691;7.83519;8.01737;8.04765;8.32092;8.70459;8.9768;9.77359;9.93086;10.643;11.3105;11.9825;12.4609;12.7776;12.7328;13.0108;13.5517;14.2082;14.7587;14.8795;15",1.40168
"0.166667;0.4;0.433333"
26.413,4.15227,3.38856,"20.8302;20.1899;19.5834;18.8001;18.0137;17.1794;17.1244;16.7257;16.4217;16.1581;15.8456;15.5551;15.3607;14.759;13.9401;13.3624;13.2047;12.2743;11.3459;10.48;9.49348;8.77919;8.10402;7.51125;6.65969;5.91716;5.57283;4.91669;4.50014;4.02365;3.56446;3.12032;2.28558;2.03917;1.78695;1.35781;1.18586;1","15.0517;14.7205;14.3699;13.7873;13.2927;12.8295;12.7534;12.3057;11.519;10.8603;10.1757;9.49881;9.13322;8.64035;8.13801;7.87791;7.88087;7.73311;7.6059;7.53224;7.65152;7.83519;8.27582;8.42626;8.75483;9.10361;9.40644;10.0217;10.7166;11.3299;11.9825;12.4609;13.0108;13.5517;14.2082;14.7587;14.8795;15",1.65687
"0.166667;0.433333;0.4"
26.7119,3.99496,3.3987,"20.8302;20.1899;19.5834;18.8001;18.0137;17.9149;17.1244;16.902;16.4341;16.1581;15.8456;15.3885;14.759;13.9401;13.3316;12.5538;12.2394;11.2834;10.4306;10.139;9.29375;8.44135;8.17233;7.19272;6.26025;5.80291;5.49746;4.91669;4.35657;3.99866;3.5816;3.02954;2.98854;2.24813;1.89183;1.78695;1.35781;1.18586;1","15.0517;14.7205;14.3699;13.7873;13.2927;13.2025;12.7534;12.1261;11.3042;10.8603;10.1757;9.35136;8.64035;8.13801;7.73098;7.61353;7.5331;7.59565;7.40988;7.44216;7.58589;7.67646;7.75256;7.93023;8.24676;8.89883;9.21871;10.0217;10.6852;11.1476;11.7157;12.5269;12.5805;13.1297;13.9521;14.2082;14.7587;14.8795;15",1.71091
"0.166667;0.466667;0.366667"
26.8936,3.90424,3.37009,"20.8302;20.1899;19.5834;18.8001;18.0137;17.4848;16.8898;16.4341;16.1121;16.0712;15.7056;15.3607;14.7296;14.0256;13.1261;12.7691;11.9198;11.5127;10.8141;10.139;9.29375;8.38647;7.75944;6.94098;6.26025;6.11507;5.70571;5.40631;5.06414;4.66116;4.31011;3.98071;3.5816;3.37499;2.72673;2.24813;1.89183;1.63173;1.35781;1.18586;1","15.0517;14.7205;14.3699;13.7873;13.2927;12.9119;12.1848;11.3042;10.4006;10.0896;9.65896;9.13322;8.37965;7.83325;7.56462;7.50996;7.41918;7.37506;7.3848;7.44216;7.58589;7.84866;7.98932;8.09319;8.24676;8.31678;8.55893;8.83026;9.16464;9.76957;10.3856;11.1009;11.7157;11.9163;12.663;13.1297;13.9521;14.5175;14.7587;14.8795;15",1.78776
"0.166667;0.5;0.333333"
27.0187,3.77262,3.17559,"20.8302;20.7394;20.0065;19.5286;18.6926;18.184;17.7996;17.254;16.7864;16.5449;16.1121;15.9865;15.5765;14.9839;14.5199;14.1618;13.7002;13.2735;12.2933;11.4192;10.6803;10.139;9.29375;8.37577;8.17233;7.84613;7.14429;6.26025;6.11507;5.4268;5.29539;4.85266;4.73469;4.33045;3.94818;3.37499;2.89787;2.72673;2.42944;2.28558;2.03917;1.8177;1.63173;1.35781;1.18586;1","15.0517;14.8927;14.3438;13.967;13.4915;13.0828;12.8311;12.2619;11.577;11.0425;10.4006;10.0197;9.10826;8.40114;7.93302;7.70715;7.44835;7.38038;7.18805;7.1888;7.26933;7.44216;7.58589;7.72523;7.75256;7.80624;7.89139;8.24676;8.31678;8.86111;8.98964;9.60797;9.78661;10.407;11.1969;11.9163;12.5017;12.663;12.8938;13.0108;13.5517;14.0697;14.5175;14.7587;14.8795;15",1.83675
"0.166667;0.533333;0.3"
27.104,3.36375,2.73439,"20.9445;20.594;20.2014;19.622;19.2949;18.7556;18.2775;17.7991;17.4476;17.2386;16.7129;16.2641;16.0762;15.4338;14.6591;13.8657;13.0144;12.4998;11.9914;11.005;10.0116;9.17968;8.38184;7.49137;7.05681;6.26025;6.11507;5.4268;5.06414;4.66116;4.33045;3.99866;3.56446;3.15705;2.46893;2.08287;1.67112;1.63173;1.35781;1.18586;1","14.8279;14.5056;13.8684;13.3137;12.8939;12.2845;11.6697;10.9337;10.3207;10.0716;9.44263;8.85398;8.54663;8.02623;7.75692;7.37134;7.02504;7.00277;7.01482;7.04356;7.12699;7.27849;7.55468;7.86283;7.92829;8.24676;8.31678;8.86111;9.16464;9.76957;10.407;11.1476;11.9825;12.5605;13.0919;13.6687;14.4526;14.5175;14.7587;14.8795;15",1.71989
"0.166667;0.566667;0.266667"
27.0915,3.55226,3.05766,"20.9445;20.594;19.8102;19.146;18.4927;17.8085;17.3207;17.0374;16.7096;16.6588;16.3275;16.0635;15.6965;15.2044;14.9001;14.1632;14.0322;13.3604;12.7971;12.3973;11.4192;10.7403;10.1402;9.37353;8.46251;7.49137;7.14429;6.27355;5.50781;4.9884;4.5145;4.35657;4.02365;3.75515;3.28271;2.63303;2.08287;1.67112;1.63173;1.35781;1.18586;1","14.8279;14.5056;14.0316;13.4499;12.9091;12.2492;11.8934;11.14;10.5401;10.2437;9.73363;9.25204;8.93851;8.20743;7.86256;7.38657;7.31834;7.12573;7.11333;7.12173;7.1888;7.27676;7.38634;7.48379;7.62545;7.86283;7.89139;8.29759;8.89227;9.50107;10.3282;10.6852;11.3299;11.9002;12.5745;13.0983;13.6687;14.4526;14.5175;14.7587;14.8795;15",1.93417
"0.166667;0.6;0.233333"
27.3,3.36557,3.02325,"20.8302;20.7394;20.3237;19.8671;19.1558;18.5837;17.9736;17.3504;16.956;16.6983;16.2526;15.8056;15.0187;14.6591;13.8926;13.0144;12.4998;11.9192;11.0954;10.2635;9.54508;8.93461;8.63535;7.93604;7.05058;6.27355;5.80291;5.49746;4.91669;4.50014;4.02365;3.56446;3.02954;2.63303;2.19663;1.66722;1.26826;1","15.0517;14.8927;14.2932;13.8003;13.3745;12.7172;12.1084;11.4522;10.592;10.1095;9.25179;8.45837;7.91175;7.75692;7.19777;7.02504;7.00277;6.96822;7.0683;7.05832;7.13188;7.06761;7.07637;7.3578;7.79025;8.29759;8.89883;9.21871;10.0217;10.7166;11.3299;11.9825;12.5269;13.0983;13.9812;14.6087;14.8827;15",1.92334
"0.166667;0.633333;0.2"
27.251,3.33946,2.98502,"20.9445;20.594;19.8102;19.1558;18.5837;18.0165;17.6425;17.0206;16.7459;16.1772;15.8056;15.2479;14.733;14.0797;13.6515;12.7999;11.9914;11.0954;10.3968;9.66261;9.33466;8.67316;8.36639;7.46515;7.14429;6.6773;5.91983;5.38455;4.93894;4.36994;3.99866;3.56446;3.15705;2.63303;2.19663;1.66722;1.26826;1","14.8279;14.5056;14.0316;13.3745;12.7172;11.9209;11.239;10.5819;9.78426;8.97708;8.45837;7.75505;7.31277;7.03615;6.94512;6.98142;7.01482;7.0683;7.09572;7.177;7.23116;7.37934;7.44468;7.75513;7.89139;8.16929;8.72373;9.13598;9.86964;10.6298;11.1476;11.9825;12.5605;13.0983;13.9812;14.6087;14.8827;15",2.00721
"0.166667;0.666667;0.166667"
21.115,3.02109,10.5575,"20.8302;20.021;19.2956;18.7828;18.0651;17.2743;16.5205;15.8554;15.5035;14.6728;14.3386;13.5113;12.6182;12.4735;11.5278;11.3885;10.4597;10.0733;9.14401;8.60456;7.90429;7.07118;6.34016;5.84053;5.41322;4.61941;4.15272;3.51856;2.72696;1.84896;1.50174;1","15.0517;15.2926;15.5015;15.6739;15.9441;16.2571;16.5774;16.798;16.9584;17.3232;17.4953;17.8292;18.0507;18.0948;18.2686;18.2811;18.3718;18.3673;18.314;18.1987;17.9812;17.6288;17.4485;17.2094;16.9823;16.6146;16.3417;15.9285;15.5104;15.2439;15.1027;15",1.88466
"0.166667;0.7;0.133333"
21.4252,2.71136,10.7126,"20.8302;20.021;19.512;18.7351;18.5799;17.6665;16.8178;15.9678;15.6207;15.5092;14.623;14.0881;13.5542;12.6322;11.7056;10.901;10.6963;9.78741;8.93826;8.07775;7.2627;6.38948;6.07482;5.35301;4.6231;4.14718;3.43259;2.95385;2.26145;1.50174;1","15.0517;15.2926;15.5417;16.0541;16.1355;16.4345;16.7558;17.1832;17.3451;17.3807;17.793;18.006;18.2476;18.4733;18.5231;18.5828;18.6006;18.7252;18.5674;18.3231;18.0898;17.7828;17.6954;17.3284;16.8408;16.5923;16.2004;15.8127;15.4791;15.1027;15",1.74728
"0.166667;0.733333;0.1"
22.0558,2.4096,11.0279,"20.8302;20.5757;20.0648;19.3359;18.5783;17.7293;17.1;16.5986;16.162;15.4522;14.602;13.9989;13.4013;12.9277;12.2867;11.3663;11.0442;10.3453;9.60675;8.66859;7.87452;7.07837;6.41038;5.89593;5.11247;4.31295;3.59429;2.90997;2.26145;1.50174;1","15.1138;15.6485;15.8546;16.1661;16.5345;16.8394;17.1156;17.359;17.5455;17.9655;18.3874;18.59;18.7409;18.8249;18.8641;18.9446;18.996;19.2961;19.3624;19.0694;18.859;18.5484;18.2893;18.0379;17.483;16.9407;16.3824;15.9111;15.4791;15.1027;15",1.59584
"0.166667;0.766667;0.0666667"
22.3167,2.24959,11.1584,"20.8302;20.4937;19.7224;18.9225;18.3772;17.5917;17.0804;16.4974;15.9614;15.4999;15.2186;14.5324;13.6181;13.0669;12.4856;11.5818;10.9917;10.041;9.73871;8.87672;8.1549;7.63508;7.19999;6.98294;6.3729;5.89593;5.11247;4.31295;3.59429;2.90997;2.26145;1.50174;1","15.1138;15.5234;15.9239;16.247;16.4282;16.8745;17.2349;17.628;18.0415;18.3211;18.4283;18.7652;19.0739;19.288;19.4053;19.5908;19.6378;19.6716;19.6887;19.5765;19.3325;19.103;18.8602;18.7289;18.3871;18.0379;17.483;16.9407;16.3824;15.9111;15.4791;15.1027;15",1.53722
"0.166667;0.8;0.0333333"
22.35,2.22449,11.175,"20.8302;20.4937;20.0648;19.3359;18.5783;17.779;17.0384;16.2516;15.7651;14.9971;14.744;13.9807;13.6445;12.9726;12.0351;11.1294;10.5378;10.4294;9.73871;8.87672;8.1549;7.63508;7.19999;6.98294;6.3729;5.89593;5.11247;4.31295;3.59429;2.90997;2.26145;1.50174;1","15.1138;15.5234;15.8546;16.1661;16.5345;17.0013;17.443;18.0008;18.2708;18.682;18.7609;19.0442;19.1317;19.317;19.5739;19.6699;19.7876;19.7767;19.6887;19.5765;19.3325;19.103;18.8602;18.7289;18.3871;18.0379;17.483;16.9407;16.3824;15.9111;15.4791;15.1027;15",1.58035
"0.166667;0.833333;0"
23.2055,252.153,2.80996,"20.9445;20.594;19.8102;19.146;18.3337;18.2774;17.6987;17.0755;16.2318;15.3745;14.8906;14.2208;13.8446;13.2808;12.9841;12.129;11.1885;10.7276;10.1861;9.26438;8.40654;7.66567;7.08052;6.32788;5.61944;5.31407;4.36905;3.51954;2.72673;1.94704;1.70623;1.58248;1.36119;1","14.8279;14.5056;14.0316;13.4499;12.9291;12.8366;12.5588;12.2545;11.8209;11.5174;11.2512;10.9487;10.8388;10.6067;10.4967;10.0851;9.84812;9.86893;10.0069;10.2417;10.6328;10.8796;11.0469;11.3053;11.5351;11.6595;11.9783;12.3221;12.663;12.8875;13.0263;13.4298;14.1662;15",0.72031
"0.2;0;0.8"
24.0596,11.1977,2.71371,"20.9445;20.5375;19.8671;19.1558;18.4241;17.8085;17.1753;16.2944;15.578;15.378;14.8104;14.0154;13.383;12.4432;11.5608;10.9132;10.5743;9.92469;9.11913;8.27175;7.53414;6.72141;6.15121;5.39318;4.58473;3.95051;3.51954;2.72673;1.94704;1.70623;1.58248;1.38017;1.24729;1","14.8279;14.2734;13.8003;13.3745;12.6979;12.2492;12.0181;11.63;11.1141;10.9395;10.423;9.94314;9.48728;9.18146;9.0449;9.05337;9.12911;9.27197;9.6802;10.0868;10.3304;10.6795;10.9959;11.3364;11.7851;12.1101;12.3221;12.663;12.8875;13.0263;13.4298;14.2013;14.5166;15",0.616512
"0.2;0.0333333;0.766667"
24.4466,8.04001,3.00028,"20.9445;20.4377;19.7362;19.292;18.4938;17.7996;17.0755;16.2318;15.6882;15.1768;14.6746;13.9474;13.2896;12.5493;12.2815;11.4028;10.8441;10.1881;9.32674;8.8209;8.60914;7.92101;7.28421;6.62483;6.21721;5.56976;4.87454;4.31932;3.56446;2.90389;2.2879;1.70623;1.58248;1.46185;1.32586;1.11122;1","14.8279;14.6105;14.2368;13.9163;13.3512;12.8311;12.2545;11.8209;11.2203;10.5985;10.0871;9.67907;9.178;8.91614;8.85699;8.92521;8.7902;8.71827;9.08206;9.21856;9.39414;9.83076;10.1547;10.4945;10.7786;11.1171;11.3916;11.6181;11.9825;12.3185;12.6856;13.0263;13.4298;14.0656;14.4161;14.8272;15",0.799855
"0.2;0.0666667;0.733333"
24.7558,6.61193,2.64911,"20.9445;20.594;20.3237;19.8671;19.4087;18.7451;18.386;17.7424;17.0205;16.2613;15.6402;14.9068;14.3772;13.5199;13.0464;12.3189;11.4908;11.009;10.2086;9.41754;9.15036;8.41077;8.0655;7.33684;6.71653;6.31348;5.54015;5.04576;4.46646;3.73016;3.56446;2.92162;2.37906;1.94024;1.70623;1.58248;1.46185;1.32586;1.11122;1","14.8279;14.5056;14.2932;13.8003;13.4782;12.8596;12.5685;12.1297;11.478;11.1221;10.5666;9.97171;9.74576;9.31937;9.11467;8.88315;8.69715;8.5939;8.6457;8.55019;8.65306;8.78398;8.98189;9.50081;9.88047;10.1891;10.6415;11.0189;11.3788;11.9611;11.9825;12.3855;12.7495;12.73;13.0263;13.4298;14.0656;14.4161;14.8272;15",0.628328
"0.2;0.1;0.7"
24.8927,5.59413,2.66402,"20.9445;20.594;20.3237;19.8671;19.2817;18.5837;17.8085;17.3207;16.7961;16.1581;15.6071;15.0937;14.181;13.6728;13.0372;12.5936;11.8447;11.5282;10.6025;9.68922;9.41754;8.69273;8.0499;7.33684;6.71653;6.31348;5.54015;5.04576;4.46646;3.73016;3.12032;2.72673;1.94704;1.692;1.44043;1.02334;1","14.8279;14.5056;14.2932;13.8003;13.2553;12.7172;12.2492;11.8934;11.5029;10.8603;10.2698;9.59455;9.24438;8.96374;8.69271;8.47878;8.36233;8.37052;8.36759;8.47451;8.55019;8.77938;9.07827;9.50081;9.88047;10.1891;10.6415;11.0189;11.3788;11.9611;12.4609;12.663;12.8875;13.6397;14.3744;14.9846;15",0.702064
"0.2;0.133333;0.666667"
25.1726,5.65347,3.14872,"20.8302;20.1899;19.5834;18.8001;18.0137;17.5009;16.8898;16.177;15.6671;15.3227;14.7985;14.6878;14.181;13.6143;12.9647;12.5936;11.8447;11.5282;10.6025;10.5185;9.59631;9.23192;8.41077;7.60541;7.43953;6.70321;5.94511;5.57059;5.1939;4.7076;4.11466;3.68698;2.92162;2.41152;1.94704;1.692;1.44043;1.02334;1","15.0517;14.7205;14.3699;13.7873;13.2927;12.6129;12.1848;11.6507;10.9938;10.3087;9.6901;9.60932;9.24438;8.9853;8.51227;8.47878;8.36233;8.37052;8.36759;8.41202;8.44876;8.49728;8.78398;9.04745;9.08983;9.58957;9.79123;10.0294;10.2851;10.7045;11.3105;11.8072;12.3855;12.6748;12.8875;13.6397;14.3744;14.9846;15",0.88746
"0.2;0.166667;0.633333"
25.3279,4.94013,2.74786,"20.9445;20.594;19.8102;19.1558;18.4241;17.8085;17.2674;17.0205;16.6873;16.1121;15.8456;15.1361;14.4752;13.9261;13.4607;13.1607;12.3491;11.8925;11.0953;10.2668;9.31198;8.87405;8.4788;7.74889;7.44911;7.11355;6.6246;6.12936;5.2735;4.9076;4.35657;3.99866;3.37499;2.9621;2.41152;1.94704;1.692;1.44043;1.02334;1","14.8279;14.5056;14.0316;13.3745;12.6979;12.2492;11.7165;11.478;10.8839;10.4006;10.1757;9.58564;9.07151;8.79219;8.57442;8.46164;8.35831;8.33187;8.22135;8.23718;8.18112;8.2304;8.43964;8.70407;8.87358;9.07627;9.32763;9.42774;9.91954;10.1841;10.6852;11.1476;11.9163;12.2803;12.6748;12.8875;13.6397;14.3744;14.9846;15",0.922295
"0.2;0.2;0.6"
25.4352,4.68827,2.7195,"20.9445;20.3237;19.8671;19.2817;18.7451;18.0037;17.3264;16.8006;16.5046;15.8456;15.1361;14.5212;13.7602;12.9989;12.1074;11.1609;10.7999;10.0382;9.31198;8.87405;8.22955;7.85341;7.0472;6.32315;5.91716;5.28162;4.93894;4.35751;3.99866;3.37499;2.72673;2.15388;1.692;1.44043;1.02334;1","14.8279;14.2932;13.8003;13.2553;12.8596;12.1986;11.7504;11.2197;10.8512;10.1757;9.58564;9.18103;8.74564;8.49496;8.18026;7.99144;7.94992;8.04748;8.18112;8.2304;8.28869;8.51467;8.82415;8.96375;9.10361;9.54902;9.86964;10.5508;11.1476;11.9163;12.663;12.9406;13.6397;14.3744;14.9846;15",1.01724
"0.2;0.233333;0.566667"
25.5827,4.58439,2.79484,"20.9445;20.594;19.8102;19.1558;18.4241;17.8085;17.2674;17.0205;16.5046;16.1121;15.4677;15.1502;14.5587;14.1504;13.2836;12.8815;12.1564;11.8672;11.0883;10.7528;9.86838;9.34292;8.91764;8.10402;7.51125;6.65969;5.84585;5.49746;4.899;4.5145;3.99866;3.37499;2.72673;2.15388;1.692;1.44043;1.02334;1","14.8279;14.5056;14.0316;13.3745;12.6979;12.2492;11.7165;11.478;10.8512;10.4006;9.76398;9.46995;9.02996;8.74792;8.35666;8.31299;8.15127;8.15116;8.06505;8.10706;8.04607;8.05791;8.09816;8.27582;8.42626;8.75483;8.9768;9.21871;9.88777;10.3282;11.1476;11.9163;12.663;12.9406;13.6397;14.3744;14.9846;15",1.13486
"0.2;0.266667;0.533333"
25.6191,4.3316,2.83958,"20.9445;20.594;19.8102;19.1558;18.4241;17.8085;17.2674;17.0205;16.5046;15.8456;15.1502;14.4051;14.1973;13.3555;12.6747;12.1418;11.3126;10.3683;10.2246;9.45695;8.63725;7.75926;6.84275;6.32315;5.79623;5.18054;4.60969;4.11466;3.56446;3.12032;2.82902;2.28558;1.73954;1.44043;1.02334;1","14.8279;14.5056;14.0316;13.3745;12.6979;12.2492;11.7165;11.478;10.8512;10.1757;9.46995;8.81124;8.64842;8.25652;8.13037;7.93444;7.92234;7.86676;7.83544;7.81691;8.06854;8.1845;8.53116;8.96375;9.36282;9.95864;10.643;11.3105;11.9825;12.4609;12.7776;13.0108;13.8246;14.3744;14.9846;15",1.20088
"0.2;0.3;0.5"
26.2539,4.58062,3.34909,"20.9445;20.594;19.7362;19.3997;18.549;18.0137;17.4848;16.7257;16.2318;15.6882;15.6671;15.6402;15.3765;15.0937;14.5587;14.1973;13.635;12.8179;12.1418;11.2834;10.6815;9.86718;9.33908;8.50493;8.10402;7.51125;6.65969;6.12936;5.94511;5.39242;4.81153;4.02365;3.37499;2.72673;2.28558;2.03917;1.8177;1.35781;1.18586;1","14.8279;14.5056;14.2368;13.9326;13.4601;13.2927;12.9119;12.3057;11.8209;11.2203;10.9938;10.5666;9.75764;9.59455;9.02996;8.64842;8.16079;8.04063;7.93444;7.59565;7.55268;8.03254;7.96193;8.15717;8.27582;8.42626;8.75483;9.42774;9.79123;10.3063;10.7333;11.3299;11.9163;12.663;13.0108;13.5517;14.0697;14.7587;14.8795;15",1.41732
"0.2;0.333333;0.466667"
25.9249,4.53619,3.32936,"20.8302;20.1899;19.5834;18.8001;18.0137;17.229;16.6193;16.0221;15.8431;15.6402;15.1713;14.5587;14.1504;13.3555;12.8179;12.1418;11.6417;10.9136;10.2246;9.33908;8.83324;8.10402;7.75926;6.84275;6.32315;5.7697;5.20913;4.60969;3.94894;3.37499;2.71753;2.28558;2.03917;1.78695;1.35781;1.18586;1","15.0517;14.7205;14.3699;13.7873;13.2927;12.7248;12.2718;11.4973;11.0606;10.5666;9.82006;9.02996;8.74792;8.25652;8.04063;7.93444;7.79459;7.80534;7.83544;7.96193;8.06553;8.27582;8.1845;8.53116;8.96375;9.4637;10.069;10.643;11.2721;11.9163;12.3164;13.0108;13.5517;14.2082;14.7587;14.8795;15",1.54274
"0.2;0.366667;0.433333"
26.1763,3.82526,2.60927,"20.9445;20.5615;20.1658;19.5779;19.2296;18.6508;18.2775;17.6425;17.3055;16.956;16.3832;15.8893;15.3213;14.669;13.9096;13.3316;12.9819;12.5538;12.1609;11.2834;10.8447;10.0845;9.29375;8.78668;7.90131;7.20691;6.65969;6.34067;5.79623;5.18054;4.60969;4.11466;3.56446;3.12032;2.28558;2.03917;1.78695;1.35781;1.18586;1","14.8279;13.9093;13.5643;13.0168;12.5476;11.946;11.6697;11.239;10.8591;10.592;10.1187;9.39136;8.81434;8.45435;7.9514;7.73098;7.62913;7.61353;7.5534;7.59565;7.62403;7.71667;7.58589;7.80947;8.23491;8.51498;8.75483;8.91284;9.36282;9.95864;10.643;11.3105;11.9825;12.4609;13.0108;13.5517;14.2082;14.7587;14.8795;15",1.39864
"0.2;0.4;0.4"
26.2094,4.00212,2.86746,"20.9445;20.594;20.3237;19.8671;19.1558;18.4241;17.8085;17.2674;17.0205;16.5046;16.0712;15.7056;15.3607;14.759;14.1056;13.9096;13.2047;12.2743;11.6417;11.0132;10.0845;9.61811;9.14886;8.78668;7.90131;7.75926;6.84275;6.18661;5.80291;5.09508;4.66732;4.33045;3.98071;3.5816;3.24198;2.91729;2.28558;2.03917;1.78695;1.35781;1.18586;1","14.8279;14.5056;14.2932;13.8003;13.3745;12.6979;12.2492;11.7165;11.478;10.8512;10.0896;9.65896;9.13322;8.64035;8.10925;7.9514;7.88087;7.73311;7.79459;7.79096;7.71667;7.70087;7.70885;7.80947;8.23491;8.1845;8.53116;8.72027;8.89883;9.51367;9.96901;10.407;11.1009;11.7157;12.1985;12.4828;13.0108;13.5517;14.2082;14.7587;14.8795;15",1.59184
"0.2;0.433333;0.366667"
26.3105,3.99846,2.85048,"20.9445;20.594;20.3237;19.8671;19.047;18.7451;18.2163;17.4131;16.8186;16.5449;16.3659;15.8456;15.5327;15.1905;14.759;14.2864;13.8498;13.3153;12.4551;12.1581;11.3459;10.8447;10.0845;9.30015;8.95072;8.002;7.6814;6.8589;6.36524;6.24201;5.91983;5.20632;4.66732;4.35751;3.94818;3.5816;3.24198;2.72673;2.24813;1.89183;1.78695;1.35781;1.18586;1","14.8279;14.5056;14.2932;13.8003;13.2411;12.8596;12.6536;12.1997;11.6585;11.0425;10.8668;10.1757;9.81444;9.31906;8.64035;8.29945;8.02201;7.74259;7.66285;7.65724;7.6059;7.62403;7.71667;7.80686;7.80107;8.01737;8.04765;8.32092;8.48894;8.5448;8.72373;9.24819;9.96901;10.5508;11.1969;11.7157;12.1985;12.663;13.1297;13.9521;14.2082;14.7587;14.8795;15",1.71258
"0.2;0.466667;0.333333"
26.5047,4.25887,3.43034,"20.8302;20.1899;19.6417;18.831;18.4079;17.8337;17.1244;16.6617;16.177;15.8431;15.6402;15.3765;15.0905;14.6514;13.867;13.2047;12.2743;11.3459;10.6815;9.86694;8.95072;8.8748;8.002;7.6814;6.8589;6.36524;6.24201;5.91983;5.38455;4.9884;4.66732;4.35751;3.94818;3.37499;2.89787;2.36739;2.28558;2.03917;1.78695;1.35781;1.18586;1","15.0517;14.7205;14.5061;14.1877;13.84;13.3157;12.7534;12.4608;11.6507;11.0606;10.5666;9.75764;9.17398;8.78924;8.20111;7.88087;7.73311;7.6059;7.55268;7.6138;7.80107;7.81254;8.01737;8.04765;8.32092;8.48894;8.5448;8.72373;9.13598;9.50107;9.96901;10.5508;11.1969;11.9163;12.5017;12.9475;13.0108;13.5517;14.2082;14.7587;14.8795;15",1.96508
"0.2;0.5;0.3"
26.4795,3.86337,3.21162,"20.8302;20.1899;19.5834;19.0196;18.3802;17.971;17.4131;16.8186;16.5046;16.081;15.7154;15.0235;14.3879;13.711;12.9104;12.2394;11.2834;10.3254;9.53851;8.95072;8.002;7.6814;6.8589;6.12711;5.79093;5.11575;4.8896;4.685;4.3523;4.11466;3.61188;3.28271;2.46893;2.08287;1.67112;1.63173;1.35781;1.18586;1","15.0517;14.7205;14.3699;13.9132;13.2269;12.7735;12.1997;11.6585;10.8512;10.0534;9.43235;8.78609;8.16365;7.73925;7.57214;7.5331;7.59565;7.51961;7.62081;7.80107;8.01737;8.04765;8.32092;8.70459;9.00401;9.69069;10.05;10.3891;10.916;11.3105;12.1327;12.5745;13.0919;13.6687;14.4526;14.5175;14.7587;14.8795;15",1.88515
"0.2;0.533333;0.266667"
26.7202,3.59455,2.92153,"20.8302;20.7394;20.3237;19.8671;19.2817;18.7451;18.4583;17.7398;17.3504;17.0192;16.956;16.6588;16.2144;15.6965;14.9839;14.4334;14.1618;13.2735;12.3175;11.4192;10.7403;10.6803;10.1402;9.29375;8.60023;8.17233;7.95318;7.36738;6.8589;6.36524;6.24201;5.91983;5.38455;4.9884;4.66732;4.35751;3.99866;3.56446;3.15705;2.46893;2.08287;1.67112;1.63173;1.35781;1.18586;1","15.0517;14.8927;14.2932;13.8003;13.2553;12.8596;12.4881;11.7995;11.4522;10.6611;10.592;10.2437;9.62894;8.93851;8.40114;7.97195;7.70715;7.38038;7.29218;7.1888;7.27676;7.26933;7.38634;7.58589;7.68788;7.75256;7.83314;8.16162;8.32092;8.48894;8.5448;8.72373;9.13598;9.50107;9.96901;10.5508;11.1476;11.9825;12.5605;13.0919;13.6687;14.4526;14.5175;14.7587;14.8795;15",1.85064
"0.2;0.566667;0.233333"
26.4619,3.61742,2.91813,"20.9445;20.3237;19.8671;19.2817;18.5837;18.386;17.7424;17.3264;16.9875;16.7096;16.6598;16.2144;15.5998;14.9839;14.4196;14.1618;13.2735;12.4204;11.5127;10.8141;10.139;9.29375;8.94727;8.38647;7.6814;6.8589;6.32315;5.7697;5.20913;4.72822;4.11466;3.56446;3.12032;2.63303;2.19663;1.66722;1.26826;1","14.8279;14.2932;13.8003;13.2553;12.7172;12.5685;12.1297;11.7504;10.9164;10.5401;10.3906;9.62894;8.85011;8.40114;7.86513;7.70715;7.38038;7.40894;7.37506;7.3848;7.44216;7.58589;7.67066;7.84866;8.04765;8.32092;8.96375;9.4637;10.069;10.5534;11.3105;11.9825;12.4609;13.0983;13.9812;14.6087;14.8827;15",1.97326
"0.2;0.6;0.2"
21.1766,3.27527,10.5883,"20.8302;20.5757;19.6786;19.163;18.5799;17.9149;17.3252;16.5205;15.8554;15.1923;14.2991;13.7669;13.3255;12.5127;11.71;11.0213;10.4177;9.72696;9.31564;8.39247;7.64993;6.8161;5.92639;5.41322;4.61941;4.15272;3.51856;2.72696;1.84896;1.50174;1","15.1138;15.6485;15.8704;16.0257;16.1355;16.2658;16.4256;16.5774;16.798;17.046;17.344;17.3855;17.561;17.7144;18.0131;18.0793;18.2087;18.2167;18.1785;17.9615;17.6845;17.3431;17.1582;16.9823;16.6146;16.3417;15.9285;15.5104;15.2439;15.1027;15",1.86656
"0.2;0.633333;0.166667"
21.1816,2.96613,10.5908,"20.8302;20.021;19.512;18.9192;18.1575;17.3252;16.9114;16.3183;15.3664;14.6728;14.3386;13.5113;12.6182;11.9045;11.0806;10.5844;9.97157;9.0237;8.35517;7.90429;7.07118;6.44073;5.84053;5.41322;4.61941;4.15272;3.51856;2.72696;1.84896;1.50174;1","15.0517;15.2926;15.5417;15.8606;16.147;16.4256;16.5781;16.7888;17.0919;17.3232;17.4953;17.8292;18.0507;18.2626;18.4592;18.5716;18.4776;18.3323;18.101;17.9812;17.6288;17.4624;17.2094;16.9823;16.6146;16.3417;15.9285;15.5104;15.2439;15.1027;15",1.75828
"0.2;0.666667;0.133333"
21.4156,2.74295,10.7078,"20.8302;20.4937;19.9101;19.163;18.2473;17.6665;16.8178;16.0921;15.5092;14.623;14.0881;13.2579;12.6322;11.7419;10.923;10.6963;10.2141;9.97157;8.99246;8.44077;7.72273;7.07283;6.38948;5.80278;5.35301;4.82388;4.05792;3.55519;2.90997;2.26145;1.50174;1","15.1138;15.5234;15.72;16.0257;16.2825;16.4345;16.7558;17.1167;17.3807;17.793;18.006;18.3305;18.4733;18.5844;18.5932;18.6006;18.5823;18.4776;18.4748;18.2865;18.1012;17.9013;17.7828;17.4731;17.3284;17.0243;16.5953;16.313;15.9111;15.4791;15.1027;15",1.69042
"0.2;0.7;0.1"
21.9176,2.41429,10.9588,"20.8302;20.5229;19.6706;19.1095;18.3772;17.6217;17.1;16.5986;16.162;15.4522;14.7668;13.9989;13.5931;12.9277;12.3376;11.5808;11.0442;10.5385;9.60675;8.66859;7.87452;7.07837;6.41038;5.89593;5.11247;4.31295;3.59429;2.90997;2.26145;1.50174;1","15.1138;15.2971;15.6624;15.9031;16.4282;16.811;17.1156;17.359;17.5455;17.9655;18.2836;18.59;18.6735;18.8249;18.8979;18.9342;18.996;19.1769;19.3624;19.0694;18.859;18.5484;18.2893;18.0379;17.483;16.9407;16.3824;15.9111;15.4791;15.1027;15",1.5299
"0.2;0.733333;0.0666667"
22.1021,2.27632,11.051,"20.8302;20.2807;19.7224;19.3359;18.6603;17.8319;17.3846;16.5885;15.7651;14.8999;14.5324;13.7282;13.6181;12.6737;11.8875;10.9071;10.3675;9.60675;9.4093;9.04046;8.23609;7.69639;6.98201;6.41038;5.89593;5.11247;4.31295;3.59429;2.90997;2.26145;1.50174;1","15.1138;15.5115;15.9239;16.1661;16.5533;17.0782;17.3073;17.7458;18.2708;18.6545;18.7652;19.0465;19.0739;19.3043;19.3718;19.4741;19.3752;19.3624;19.3562;19.2898;19.0865;18.8799;18.5375;18.2893;18.0379;17.483;16.9407;16.3824;15.9111;15.4791;15.1027;15",1.49366
"0.2;0.766667;0.0333333"
22.2791,2.25781,11.1396,"20.8302;20.4937;19.7224;19.5906;18.8517;18.377;17.8626;17.6832;17.389;16.5885;15.7651;15.3529;14.5324;13.6876;12.8416;11.8778;11.0314;10.2226;9.80941;9.13282;8.5994;8.13923;8.02896;7.63508;6.98294;6.3729;5.89593;5.11247;4.31295;3.59429;2.90997;2.26145;1.50174;1","15.1138;15.5234;15.9239;16.0086;16.4694;16.791;17.2372;17.3341;17.4742;17.7458;18.2708;18.4934;18.7652;18.8911;19.2884;19.3719;19.4857;19.53;19.5362;19.5004;19.4136;19.2838;19.2481;19.103;18.7289;18.3871;18.0379;17.483;16.9407;16.3824;15.9111;15.4791;15.1027;15",1.54379
"0.2;0.8;0"
23.2327,230.074,2.80252,"20.9445;20.8235;20.3237;19.8671;19.1558;18.6033;18.2774;17.6987;17.0755;16.2318;15.3745;14.8906;14.2208;13.8446;13.2808;12.9841;12.129;11.2032;10.3151;9.70297;9.28268;8.40654;7.66567;7.08052;6.32788;5.61944;5.31407;4.36905;3.51954;2.72673;1.94704;1.70623;1.58248;1.36119;1","14.8279;14.6232;14.2932;13.8003;13.3745;13.0748;12.8366;12.5588;12.2545;11.8209;11.5174;11.2512;10.9487;10.8388;10.6067;10.4967;10.0851;9.8311;9.94679;10.0953;10.2913;10.6328;10.8796;11.0469;11.3053;11.5351;11.6595;11.9783;12.3221;12.663;12.8875;13.0263;13.4298;14.1662;15",0.684596
"0.233333;0;0.766667"
23.919,12.3888,2.8341,"20.9445;20.594;19.8102;19.1558;18.3337;17.6987;17.0755;16.2006;15.3783;14.8187;14.0161;13.4962;12.7042;12.1899;11.7408;10.9936;10.5743;10.1552;9.27365;9.11913;8.792;8.10169;7.53414;6.63551;6.10312;5.81031;4.98149;4.25395;3.51954;2.72673;2.34309;1.70623;1.58248;1.38017;1.24729;1","14.8279;14.5056;14.0316;13.3745;12.9291;12.5588;12.2545;11.8101;11.3053;10.6918;10.1128;9.82795;9.43995;9.26732;9.16215;9.06602;9.12911;9.25883;9.65089;9.6802;9.79214;10.1171;10.3304;10.7588;11.0698;11.2051;11.674;12.0107;12.3221;12.663;12.8196;13.0263;13.4298;14.2013;14.5166;15",0.677992
"0.233333;0.0333333;0.733333"
24.2197,9.38283,3.14552,"20.9445;20.4377;20.0266;19.292;18.549;18.3666;17.4848;16.7257;16.3354;15.494;15.261;14.6541;14.0161;13.2981;12.5062;11.8518;11.4028;11.1372;10.6436;10.3496;9.89051;9.27558;8.5944;7.92101;7.33866;6.70571;6.21721;5.56976;4.85373;4.04566;3.61188;2.91729;2.37906;1.94704;1.70623;1.58248;1.46185;1.32586;1.11122;1","14.8279;14.6105;14.4108;13.9163;13.4601;13.3186;12.9119;12.3057;12.0665;11.5645;11.2661;10.5859;10.1128;9.44009;9.07092;9.00278;8.92521;8.916;8.90032;8.96507;9.03246;9.1427;9.55791;9.83076;10.1706;10.5098;10.7786;11.1171;11.5124;11.9601;12.1327;12.4828;12.7495;12.8875;13.0263;13.4298;14.0656;14.4161;14.8272;15",0.865169
"0.233333;0.0666667;0.7"
24.4837,6.95464,3.02207,"20.9445;20.4377;20.0266;19.292;18.4938;17.7996;17.5009;16.8898;16.2944;15.8233;15.2464;14.6538;14.0852;13.4133;12.5117;11.637;11.009;10.1825;9.23986;8.48475;7.69622;6.84902;6.0362;5.59771;5.04576;4.31932;3.73016;2.92162;2.37906;1.94704;1.58248;1.46185;1.32586;1.11122;1","14.8279;14.6105;14.4108;13.9163;13.3512;12.8311;12.6129;12.1848;11.63;11.0955;10.6215;9.99999;9.52906;9.24037;8.94722;8.73678;8.5939;8.66399;8.76047;9.09582;9.48844;9.99204;10.4357;10.7186;11.0189;11.6181;11.9611;12.3855;12.7495;12.8875;13.4298;14.0656;14.4161;14.8272;15",0.74167
"0.233333;0.1;0.666667"
24.6977,6.48783,3.01888,"20.9445;20.594;19.8102;19.1196;18.6926;18.184;17.4183;17.0755;16.2318;15.578;15.2464;14.6538;14.3772;13.7474;12.8871;12.0598;11.1062;11.009;10.1825;9.21545;9.15036;8.72927;8.0655;7.33684;6.71653;6.31348;5.54015;4.84521;4.06828;3.56446;2.92162;2.37906;1.94704;1.692;1.44043;1.02334;1","14.8279;14.5056;14.0316;13.601;13.4915;13.0828;12.5078;12.2545;11.8209;11.1141;10.6215;9.99999;9.74576;9.20493;8.91319;8.68403;8.59716;8.5939;8.66399;8.62339;8.65306;8.73839;8.98189;9.50081;9.88047;10.1891;10.6415;11.0803;11.6419;11.9825;12.3855;12.7495;12.8875;13.6397;14.3744;14.9846;15",0.821223
"0.233333;0.133333;0.633333"
24.9276,5.65107,2.84338,"20.9445;20.3237;19.7174;19.1558;18.6033;18.2774;17.4148;17.254;16.5788;16.3399;15.8233;15.2876;14.6791;14.283;13.6143;13.0372;12.5936;11.8447;11.5282;10.6025;10.2606;9.59631;9.23192;8.4786;7.83644;7.43953;6.89573;6.2692;5.49226;5.09586;4.81153;4.43077;3.88968;3.24198;2.92162;2.41152;1.94704;1.692;1.44043;1.02334;1","14.8279;14.2932;13.6859;13.3745;13.0748;12.8366;12.3592;12.2619;11.8093;11.5928;11.0955;10.506;9.84135;9.44546;8.9853;8.69271;8.47878;8.36233;8.37052;8.36759;8.33765;8.44876;8.49728;8.69436;8.91174;9.08983;9.38498;9.80731;10.3771;10.5547;10.7333;11.0311;11.598;12.1985;12.3855;12.6748;12.8875;13.6397;14.3744;14.9846;15",0.887069
"0.233333;0.166667;0.6"
25.2681,5.53078,3.05705,"20.9445;20.4377;19.7362;18.8945;18.549;17.7996;17.0755;16.2318;15.6882;15.6671;15.3227;14.7985;14.2517;13.5613;12.5936;11.8447;11.5282;10.7567;9.7665;9.23192;8.4786;7.83644;7.08654;6.64937;5.94511;5.39242;4.81153;4.11466;3.80914;3.56446;2.91729;2.37906;1.94704;1.692;1.44043;1.02334;1","14.8279;14.6105;14.2368;13.8318;13.4601;12.8311;12.2545;11.8209;11.2203;10.9938;10.3087;9.6901;9.191;8.69624;8.47878;8.36233;8.37052;8.2729;8.35972;8.49728;8.69436;8.91174;9.10482;9.36743;9.79123;10.3063;10.7333;11.3105;11.5802;11.9825;12.4828;12.7495;12.8875;13.6397;14.3744;14.9846;15",1.04042
"0.233333;0.2;0.566667"
25.2325,5.3195,3.0915,"20.8302;20.1899;19.5834;19.0196;18.6926;18.184;17.7996;17.0755;16.3399;15.6671;15.5693;15.0707;14.6791;14.283;13.6143;13.322;12.5936;11.8925;11.0953;10.7528;10.0382;9.31198;8.4788;7.74889;6.89734;6.64937;6.12936;5.2735;4.60969;4.11466;3.56446;2.89787;2.72673;2.15388;1.692;1.44043;1.02334;1","15.0517;14.7205;14.3699;13.9132;13.4915;13.0828;12.8311;12.2545;11.5928;10.9938;10.7703;10.2647;9.84135;9.44546;8.9853;8.82868;8.47878;8.33187;8.22135;8.10706;8.04748;8.18112;8.43964;8.70407;9.09566;9.36743;9.42774;9.91954;10.643;11.3105;11.9825;12.5017;12.663;12.9406;13.6397;14.3744;14.9846;15",1.16452
"0.233333;0.233333;0.533333"
25.3587,4.93784,3.10178,"20.9445;20.594;19.8102;19.1708;18.3802;18.184;17.4183;17.0755;16.4217;15.8431;15.5851;15.1348;14.6101;14.1958;13.9261;13.4607;12.9647;12.3491;11.5959;10.7528;10.0382;9.31198;8.4788;7.77529;7.18795;6.32315;5.7697;5.20913;4.72822;4.11466;3.56446;3.15705;2.28558;1.73954;1.44043;1.02334;1","14.8279;14.5056;14.0316;13.6396;13.2269;13.0828;12.5078;12.2545;11.519;11.0606;10.5865;9.90016;9.34109;8.96648;8.79219;8.57442;8.51227;8.35831;8.23291;8.10706;8.04748;8.18112;8.43964;8.60748;8.74203;8.96375;9.4637;10.069;10.5534;11.3105;11.9825;12.5605;13.0108;13.8246;14.3744;14.9846;15",1.22912
"0.233333;0.266667;0.5"
25.5145,4.73404,2.79416,"20.9445;20.594;19.8102;19.1558;18.4241;17.8085;17.4169;16.7961;16.3659;15.8456;15.1502;14.4051;14.1973;13.2836;12.8179;12.1418;11.3126;10.7999;10.0382;9.23192;8.48157;8.10458;7.67303;7.11355;6.64937;5.9933;5.20913;4.60969;4.11466;3.56446;2.89787;2.72673;2.15388;1.692;1.44043;1.02334;1","14.8279;14.5056;14.0316;13.3745;12.6979;12.2492;12.1787;11.5029;10.8668;10.1757;9.46995;8.81124;8.64842;8.35666;8.04063;7.93444;7.92234;7.94992;8.04748;8.49728;8.62359;8.6427;8.81075;9.07627;9.36743;9.69575;10.069;10.643;11.3105;11.9825;12.5017;12.663;12.9406;13.6397;14.3744;14.9846;15",1.32161
"0.233333;0.3;0.466667"
25.7012,4.20397,2.83035,"20.9445;20.594;19.8102;19.1558;18.5837;17.9736;17.5491;16.9875;16.6953;16.277;15.7154;15.3607;14.759;14.0951;13.2047;12.5748;11.6417;10.7999;9.86718;9.31198;8.80025;7.85341;7.18795;6.64937;5.94511;5.39242;4.81153;4.02365;3.37499;2.72673;2.28558;2.03917;1.8177;1.35781;1.18586;1","14.8279;14.5056;14.0316;13.3745;12.7172;12.1084;11.5842;10.9164;10.5306;9.79361;9.43235;9.13322;8.64035;8.12267;7.88087;7.79923;7.79459;7.94992;8.03254;8.18112;8.36529;8.51467;8.74203;9.36743;9.79123;10.3063;10.7333;11.3299;11.9163;12.663;13.0108;13.5517;14.0697;14.7587;14.8795;15",1.29177
"0.233333;0.333333;0.433333"
25.726,4.30244,2.89073,"20.9445;20.594;19.8102;19.0726;18.4927;17.843;17.3207;16.6841;16.1121;15.4677;15.1502;14.4051;14.1973;13.8983;13.127;12.2663;12.1418;11.2078;10.2246;9.33908;8.83324;8.50493;7.85341;7.0472;6.19896;5.57283;5.04113;4.87711;4.36994;3.99866;3.5816;3.24198;2.89787;2.15388;1.94626;1.78695;1.35781;1.18586;1","14.8279;14.5056;14.0316;13.4224;12.9091;12.364;11.8934;11.1502;10.4006;9.76398;9.46995;8.81124;8.64842;8.37848;8.12756;7.95804;7.93444;7.78745;7.83544;7.96193;8.06553;8.15717;8.51467;8.82415;9.05531;9.40644;9.84974;9.99574;10.6298;11.1476;11.7157;12.1985;12.5017;12.9406;13.5208;14.2082;14.7587;14.8795;15",1.45706
"0.233333;0.366667;0.4"
25.9064,4.1875,2.83689,"20.9445;20.594;20.3237;19.7174;19.1558;18.4241;17.8085;17.2674;17.0205;16.6873;16.1121;15.752;15.1905;14.6514;13.867;13.635;12.9421;12.5748;11.6417;10.9136;10.2246;9.25777;8.63725;8.10402;8.02248;7.18795;6.78183;6.32315;5.91716;5.28162;4.93894;4.35751;3.94818;3.37499;2.92162;2.50179;2.15388;1.94626;1.78695;1.35781;1.18586;1","14.8279;14.5056;14.2932;13.6859;13.3745;12.6979;12.2492;11.7165;11.478;10.8839;10.4006;9.89188;9.31906;8.78924;8.20111;8.16079;7.93759;7.79923;7.79459;7.80534;7.83544;7.90436;8.06854;8.27582;8.27255;8.74203;8.82106;8.96375;9.10361;9.54902;9.86964;10.5508;11.1969;11.9163;12.3855;12.721;12.9406;13.5208;14.2082;14.7587;14.8795;15",1.54354
"0.233333;0.4;0.366667"
25.9273,4.22587,3.00046,"20.9445;20.594;19.8102;19.1196;18.8096;18.2774;17.4148;16.7958;16.4341;16.0033;15.5327;15.1905;14.6514;13.867;12.9501;12.0372;11.6417;10.9136;10.2246;9.33908;8.50493;8.10402;7.51125;6.65969;5.84585;5.49746;4.899;4.5145;4.35751;3.94818;3.37499;2.91729;2.24813;1.89183;1.78695;1.35781;1.18586;1","14.8279;14.5056;14.0316;13.601;13.3376;12.8366;12.3592;11.9056;11.3042;10.5544;9.81444;9.31906;8.78924;8.20111;7.95082;7.85103;7.79459;7.80534;7.83544;7.96193;8.15717;8.27582;8.42626;8.75483;8.9768;9.21871;9.88777;10.3282;10.5508;11.1969;11.9163;12.4828;13.1297;13.9521;14.2082;14.7587;14.8795;15",1.68879
"0.233333;0.433333;0.333333"
25.9178,3.97825,2.89859,"20.9445;20.594;19.8102;19.1558;18.4241;17.8085;17.2674;17.0205;16.5046;16.081;15.5448;15.1857;14.759;13.867;13.0881;12.2743;11.8585;11.3459;10.48;9.61811;9.24071;8.63725;7.81301;7.20691;6.65969;6.14314;5.76078;5.09731;4.60969;4.11466;3.56446;3.12032;2.45358;2.08287;1.67112;1.35781;1.18586;1","14.8279;14.5056;14.0316;13.3745;12.6979;12.2492;11.7165;11.478;10.8512;10.0534;9.48782;9.10381;8.64035;8.20111;8.0231;7.73311;7.57111;7.6059;7.53224;7.70087;7.88843;8.06854;8.26331;8.51498;8.75483;8.99337;9.35919;9.93086;10.643;11.3105;11.9825;12.4609;12.9828;13.6687;14.4526;14.7587;14.8795;15",1.70314
"0.233333;0.466667;0.3"
26.2916,4.15242,3.1513,"20.9445;20.5615;19.9527;19.1558;18.4927;17.8085;17.7424;17.0205;16.5046;15.8456;15.5327;15.0937;14.6514;13.9667;13.635;13.4819;12.5748;11.6417;11.0132;10.2246;9.25777;8.83324;8.63725;7.90949;7.20691;6.65969;6.14314;5.91716;5.28162;4.93894;4.35751;3.99866;3.56446;2.99875;2.82902;2.24813;2.08287;1.67112;1.63173;1.35781;1.18586;1","14.8279;13.9093;13.2829;13.3745;12.9091;12.2492;12.1297;11.478;10.8512;10.1757;9.81444;9.59455;8.78924;8.41423;8.16079;7.99602;7.79923;7.79459;7.79096;7.83544;7.90436;8.06553;8.06854;8.22118;8.51498;8.75483;8.99337;9.10361;9.54902;9.86964;10.5508;11.1476;11.9825;12.6041;12.7776;13.1297;13.6687;14.4526;14.5175;14.7587;14.8795;15",1.91188
"0.233333;0.5;0.266667"
26.1813,3.90171,2.9449,"20.9445;20.594;20.3237;19.8671;19.1558;18.4241;17.8085;17.0759;16.5449;16.5046;16.0712;15.7056;15.3607;14.8008;14.759;13.9401;13.0881;12.2147;11.2834;10.3254;9.53851;9.29375;9.00724;8.60023;7.6814;6.84275;6.18661;5.73739;5.49746;4.93894;4.36994;3.99866;3.56446;3.15705;2.46893;2.08287;1.67112;1.63173;1.35781;1.18586;1","14.8279;14.5056;14.2932;13.8003;13.3745;12.6979;12.2492;11.7233;11.0425;10.8512;10.0896;9.65896;9.13322;8.68103;8.64035;8.13801;8.0231;7.76827;7.59565;7.51961;7.62081;7.58589;7.5668;7.68788;8.04765;8.53116;8.72027;9.02978;9.21871;9.86964;10.6298;11.1476;11.9825;12.5605;13.0919;13.6687;14.4526;14.5175;14.7587;14.8795;15",1.90563
"0.233333;0.533333;0.233333"
26.1007,3.83658,2.97172,"20.9445;20.594;19.8102;19.1558;18.5837;17.9736;17.5281;16.956;16.3832;16.2144;15.8203;15.3213;14.759;13.9401;13.635;13.0881;12.2147;11.3459;11.2834;10.7406;10.3254;9.53851;8.77919;7.90949;7.20691;6.65969;6.14314;5.91716;5.25793;5.04113;4.91669;4.685;4.3523;4.11466;3.61188;3.28271;2.81052;2.63303;2.08287;1.67112;1.63173;1.35781;1.18586;1","14.8279;14.5056;14.0316;13.3745;12.7172;12.1084;11.3749;10.592;10.1187;9.62894;9.15893;8.81434;8.64035;8.13801;8.16079;8.0231;7.76827;7.6059;7.59565;7.51923;7.51961;7.62081;7.83519;8.22118;8.51498;8.75483;8.99337;9.10361;9.59964;9.84974;10.0217;10.3891;10.916;11.3105;12.1327;12.5745;12.9669;13.0983;13.6687;14.4526;14.5175;14.7587;14.8795;15",1.98783
"0.233333;0.566667;0.2"
20.8623,3.36464,10.4311,"20.8302;20.3732;19.4406;18.7828;18.0651;17.3426;16.5205;15.8554;15.1923;14.2991;13.4389;12.8408;12.0774;11.327;10.8081;9.94935;9.33235;8.49257;7.58625;6.77165;5.86388;5.02865;4.53075;4.01848;3.1173;2.92157;2.62299;1.84896;1","15.1138;15.2586;15.4875;15.6739;15.9441;16.2998;16.5774;16.798;17.046;17.344;17.649;17.7267;17.9649;18.0124;18.0156;18.086;18.0324;17.7465;17.406;17.031;16.6801;16.3318;16.1039;15.8897;15.5793;15.524;15.4425;15.2439;15",1.82194
"0.233333;0.6;0.166667"
21.1464,3.02399,10.5732,"20.8302;20.3732;19.512;18.7175;17.9216;17.3426;16.5205;15.8554;15.1923;14.2991;13.4002;12.4735;11.5278;10.5844;9.97157;9.0237;8.60456;7.90429;7.07118;6.44073;5.84053;5.41322;4.61941;4.15272;3.51856;2.98714;2.42694;1.50174;1","15.1138;15.2586;15.5417;15.8478;16.1599;16.2998;16.5774;16.798;17.046;17.344;17.7742;18.0948;18.2686;18.5716;18.4776;18.3323;18.1987;17.9812;17.6288;17.4624;17.2094;16.9823;16.6146;16.3417;15.9285;15.6618;15.4766;15.1027;15",1.70742
"0.233333;0.633333;0.133333"
21.327,2.76509,10.6635,"20.8302;20.021;19.512;18.9192;18.1575;17.5981;16.8178;15.9678;15.3227;14.4723;14.0836;13.4927;12.6175;11.7056;10.901;10.6963;10.5844;10.2141;9.36203;8.44077;7.72273;7.07283;6.70468;5.80278;5.35301;4.82388;4.05792;3.55519;2.90997;2.26145;1.50174;1","15.0517;15.2926;15.5417;15.8606;16.147;16.4188;16.7558;17.1832;17.445;17.7791;17.9379;18.1569;18.3856;18.5231;18.5828;18.6006;18.5716;18.5823;18.5641;18.2865;18.1012;17.9013;17.8453;17.4731;17.3284;17.0243;16.5953;16.313;15.9111;15.4791;15.1027;15",1.62425
"0.233333;0.666667;0.1"
21.7252,2.49086,10.8626,"20.8302;20.5229;19.6706;19.1095;18.4307;17.6153;16.9401;16.4567;15.6273;14.7616;14.1395;13.3218;12.3473;11.3663;11.0442;10.5385;9.56981;8.81137;7.92685;7.24017;6.77094;5.92575;5.35301;4.82388;4.05792;3.55519;2.90997;2.26145;1.50174;1","15.1138;15.2971;15.6624;15.9031;16.2161;16.6009;16.9476;17.1936;17.6039;18.0014;18.3931;18.7003;18.8209;18.9446;18.996;19.1769;19.0741;18.8766;18.6983;18.4869;18.1856;17.7114;17.3284;17.0243;16.5953;16.313;15.9111;15.4791;15.1027;15",1.51395
"0.233333;0.7;0.0666667"
21.9265,2.36815,10.9633,"20.8302;20.5229;19.9101;19.1308;18.5783;17.7293;17.5917;17.1;16.5986;16.162;15.4522;15.0155;14.5394;13.9989;13.461;12.5459;12.2018;11.2451;10.787;10.0181;9.09346;8.24705;7.69639;6.98201;6.41038;5.89593;5.11247;4.31295;3.59429;2.90997;2.26145;1.50174;1","15.1138;15.2971;15.72;16.2311;16.5345;16.8394;16.8745;17.1156;17.359;17.5455;17.9655;18.1925;18.3805;18.59;18.7444;19.0259;19.1117;19.2417;19.2693;19.2832;19.2385;19.061;18.8799;18.5375;18.2893;18.0379;17.483;16.9407;16.3824;15.9111;15.4791;15.1027;15",1.49606
"0.233333;0.733333;0.0333333"
21.9575,2.36216,10.9788,"20.8302;20.5229;20.1101;19.6653;19.1308;18.3772;17.6217;17.1;16.5986;16.162;15.4522;15.0155;14.602;14.3436;13.4286;12.7965;12.3303;11.4185;10.9349;10.3453;9.38112;9.09346;8.19586;7.87452;7.07837;6.41038;5.89593;5.11247;4.31295;3.59429;2.90997;2.26145;1.50174;1","15.1138;15.2971;15.5604;15.9096;16.2311;16.4282;16.811;17.1156;17.359;17.5455;17.9655;18.1925;18.3874;18.475;18.8525;19.0077;19.1512;19.3106;19.3209;19.2961;19.2428;19.2385;19.0061;18.859;18.5484;18.2893;18.0379;17.483;16.9407;16.3824;15.9111;15.4791;15.1027;15",1.55946
"0.233333;0.766667;0"
23.1655,256.674,3.2003,"20.9445;20.594;20.0065;19.292;18.7974;17.9149;17.0567;16.2385;15.5377;14.6686;14.5212;13.951;13.5723;12.9841;12.129;11.1885;10.7276;10.1861;9.26438;8.40654;7.66567;7.08052;6.32788;5.61944;4.98389;4.53899;3.83023;3.02954;2.50179;1.70623;1.58248;1.36119;1","14.8279;14.5056;14.3438;13.9163;13.651;13.2025;12.7238;12.3091;11.9526;11.5838;11.5103;11.0334;10.8437;10.4967;10.0851;9.84812;9.86893;10.0069;10.2417;10.6328;10.8796;11.0469;11.3053;11.5351;11.77;11.9469;12.2455;12.5269;12.721;13.0263;13.4298;14.1662;15",0.94654
"0.266667;0;0.733333"
23.7846,13.3734,3.37511,"20.9445;20.4377;19.7362;18.8945;18.2496;17.4506;17.0567;16.2385;15.9526;15.1692;14.6993;14.1023;13.4962;13.1595;12.3328;12.1899;11.7408;10.9132;9.95831;9.11913;8.60717;8.12995;7.3824;7.16536;6.34179;5.78053;5.15481;4.45573;3.72193;2.94391;2.28558;1.73954;1.44043;1","14.8279;14.6105;14.2368;13.8318;13.5331;13.0371;12.7238;12.3091;12.2235;11.6092;11.0204;10.4872;9.82795;9.69072;9.32856;9.26732;9.16215;9.05337;9.21717;9.6802;10.0092;10.3044;10.7343;10.8532;11.3703;11.655;12.0194;12.3827;12.7339;12.8298;13.0108;13.8246;14.3744;15",1.02588
"0.266667;0.0333333;0.7"
24.2518,8.53147,2.82332,"20.9445;20.594;20.2947;19.8671;19.1558;18.6033;18.2774;17.4148;16.6035;15.8992;15.2464;14.4823;13.9527;13.248;12.5062;11.9446;11.8206;11.4028;10.6436;10.3496;9.44645;8.5944;7.92101;7.03669;6.64055;6.03887;5.17227;4.46646;3.68698;2.9621;2.2879;1.70623;1.58248;1.46185;1.32586;1.11122;1","14.8279;14.5056;14.051;13.8003;13.3745;13.0748;12.8366;12.3592;11.8091;11.2427;10.6215;10.1256;9.67406;9.3181;9.07092;8.95897;8.95662;8.92521;8.90032;8.96507;9.06549;9.55791;9.83076;10.0811;10.2583;10.5727;10.9979;11.3788;11.8072;12.2803;12.6856;13.0263;13.4298;14.0656;14.4161;14.8272;15",0.609167
"0.266667;0.0666667;0.666667"
24.355,6.97286,2.78257,"20.9445;20.594;19.8102;19.1558;18.4241;17.8085;17.3207;16.8186;16.2613;15.6402;15.3682;14.6538;14.0852;13.4133;12.5117;11.637;11.009;10.1825;9.46292;8.91384;8.48956;7.79966;7.26267;6.62483;6.21721;5.39318;4.58473;3.95051;3.6574;2.82902;2.15388;1.692;1.44043;1.02334;1","14.8279;14.5056;14.0316;13.3745;12.6979;12.2492;11.8934;11.6585;11.1221;10.5666;10.3903;9.99999;9.52906;9.24037;8.94722;8.73678;8.5939;8.66399;8.76697;8.9568;9.27257;9.76505;10.0992;10.4945;10.7786;11.3364;11.7851;12.1101;12.3479;12.7776;12.9406;13.6397;14.3744;14.9846;15",0.664421
"0.266667;0.1;0.633333"
24.5366,6.51193,2.87704,"20.9445;20.594;19.8102;19.0726;18.2774;17.4148;16.7958;16.3399;15.8431;15.2876;15.0707;14.3772;14.0852;13.4395;13.0464;12.5117;11.637;11.009;10.443;9.58316;8.71799;8.11288;7.33684;6.71653;6.31348;5.54015;5.2153;4.51201;3.95051;3.15705;2.82902;2.15388;1.692;1.44043;1.02334;1","14.8279;14.5056;14.0316;13.4224;12.8366;12.3592;11.9056;11.5928;11.0606;10.506;10.2647;9.74576;9.52906;9.14383;9.11467;8.94722;8.73678;8.5939;8.55111;8.61656;8.79182;9.08419;9.50081;9.88047;10.1891;10.6415;11.1719;11.738;12.1101;12.5605;12.7776;12.9406;13.6397;14.3744;14.9846;15",0.824437
"0.266667;0.133333;0.6"
24.8991,5.91246,2.84305,"20.9445;20.594;19.8102;19.1558;18.6033;18.2774;17.4148;16.7958;16.3399;15.8431;15.6671;15.3227;14.7985;14.5504;14.181;13.6143;13.322;13.0372;12.2697;11.5959;11.0099;10.6025;9.68922;9.41754;8.50154;7.95948;7.38172;7.07027;6.31348;5.54015;4.88343;4.16698;3.56446;2.91729;2.37906;1.94704;1.692;1.44043;1.02334;1","14.8279;14.5056;14.0316;13.3745;13.0748;12.8366;12.3592;11.9056;11.5928;11.0606;10.9938;10.3087;9.6901;9.47852;9.24438;8.9853;8.82868;8.69271;8.67047;8.55629;8.46697;8.36759;8.47451;8.55019;8.81449;9.06343;9.38036;9.60007;10.1891;10.6415;10.9976;11.5123;11.9825;12.4828;12.7495;12.8875;13.6397;14.3744;14.9846;15",0.930634
"0.266667;0.166667;0.566667"
24.9032,5.61114,2.88071,"20.9445;20.594;19.8102;19.0726;18.2774;17.4148;16.902;16.3399;15.8431;15.6671;15.0707;14.7733;14.6113;14.0823;13.6143;12.9647;12.5936;11.8447;11.5282;10.6025;9.68922;9.41754;8.72927;7.83644;7.08654;6.64937;5.94511;5.39242;4.60622;4.02365;3.37499;2.90389;2.15388;1.692;1.44043;1.02334;1","14.8279;14.5056;14.0316;13.4224;12.8366;12.3592;12.1261;11.5928;11.0606;10.9938;10.2647;9.86702;9.74055;9.24471;8.9853;8.51227;8.47878;8.36233;8.37052;8.36759;8.47451;8.55019;8.73839;8.91174;9.10482;9.36743;9.79123;10.3063;10.8718;11.3299;11.9163;12.3185;12.9406;13.6397;14.3744;14.9846;15",1.0565
"0.266667;0.2;0.533333"
25.194,5.54656,2.89106,"20.9445;20.594;20.3237;19.8671;19.1558;18.6033;18.2774;17.6987;16.8898;16.177;15.6671;15.0707;14.6113;14.181;13.6143;12.9647;12.5936;11.8447;11.5282;10.7567;10.6025;9.65908;8.73754;8.67539;8.48157;7.83644;6.89734;6.64937;5.80121;5.06747;4.50014;4.02365;3.56446;2.89787;2.72673;2.15388;1.692;1.44043;1.02334;1","14.8279;14.5056;14.2932;13.8003;13.3745;13.0748;12.8366;12.5588;12.1848;11.6507;10.9938;10.2647;9.74055;9.24438;8.9853;8.51227;8.47878;8.36233;8.37052;8.2729;8.36759;8.4013;8.58684;8.59917;8.62359;8.91174;9.09566;9.36743;9.57549;10.1182;10.7166;11.3299;11.9825;12.5017;12.663;12.9406;13.6397;14.3744;14.9846;15",1.21751
"0.266667;0.233333;0.5"
25.2709,4.82733,2.79356,"20.9445;20.594;19.8102;19.1558;18.7451;18.2573;18.0165;17.5281;16.8396;16.3832;15.6396;15.1905;14.5587;13.7602;13.1607;12.3491;11.8925;11.5959;11.0953;10.6025;9.65908;8.73754;8.48157;7.74889;6.78183;6.62661;5.79623;5.2735;5.06747;4.63392;3.99866;3.37616;2.90389;2.28558;1.73954;1.44043;1.02334;1","14.8279;14.5056;14.0316;13.3745;12.8596;12.226;11.9209;11.3749;10.6929;10.1187;9.57378;9.31906;9.02996;8.74564;8.46164;8.35831;8.33187;8.23291;8.22135;8.36759;8.4013;8.58684;8.62359;8.70407;8.82106;8.94355;9.36282;9.91954;10.1182;10.4856;11.1476;11.7787;12.3185;13.0108;13.8246;14.3744;14.9846;15",1.19965
"0.266667;0.266667;0.466667"
25.3573,4.89848,3.09877,"20.9445;20.594;19.8102;19.1708;18.3802;18.184;17.4183;17.0755;16.3399;15.8431;15.6402;15.1348;14.6101;13.9261;13.2836;12.8815;12.0776;11.0883;10.2044;9.31198;8.4788;7.74889;6.81304;6.60393;5.79623;5.04113;4.87711;4.36994;3.99866;3.37499;2.72673;2.28558;1.73954;1.44043;1.02334;1","14.8279;14.5056;14.0316;13.6396;13.2269;13.0828;12.5078;12.2545;11.5928;11.0606;10.5666;9.90016;9.34109;8.79219;8.35666;8.31299;8.20418;8.06505;8.14238;8.18112;8.43964;8.70407;9.05433;9.14491;9.36282;9.84974;9.99574;10.6298;11.1476;11.9163;12.663;13.0108;13.8246;14.3744;14.9846;15",1.37095
"0.266667;0.3;0.433333"
25.4178,4.53993,2.82603,"20.9445;20.594;19.8102;19.1558;18.4241;17.8085;17.2674;17.0205;16.5046;15.8456;15.3765;15.1361;14.5587;14.1504;13.2836;12.8815;12.1074;11.8672;11.0883;10.7999;9.86718;8.90224;8.64841;8.22955;7.85341;7.64151;6.89734;6.52465;5.64894;5.20913;4.86957;4.3523;3.80914;3.24198;2.72673;2.15388;1.94626;1.8177;1.35781;1.18586;1","14.8279;14.5056;14.0316;13.3745;12.6979;12.2492;11.7165;11.478;10.8512;10.1757;9.75764;9.58564;9.02996;8.74792;8.35666;8.31299;8.18026;8.15116;8.06505;7.94992;8.03254;8.13302;8.16727;8.28869;8.51467;8.64387;9.09566;9.37486;9.81966;10.069;10.3659;10.916;11.5802;12.1985;12.663;12.9406;13.5208;14.0697;14.7587;14.8795;15",1.40376
"0.266667;0.333333;0.4"
25.7022,4.40717,2.63101,"20.9445;20.5615;20.1658;19.5076;18.8399;17.9736;17.3264;17.1777;16.686;16.0804;15.7056;15.1168;14.4051;14.1973;13.8983;13.127;12.2741;11.4856;10.7999;10.5874;9.86718;9.31198;8.87405;8.4788;7.74889;6.89734;6.52465;5.80121;5.06747;4.50014;4.02365;3.80914;3.24198;2.89787;2.15388;1.94626;1.8177;1.35781;1.18586;1","14.8279;13.9093;13.5643;13.0827;12.5479;12.1084;11.7504;11.491;10.7337;10.0369;9.65896;9.21912;8.81124;8.64842;8.37848;8.12756;8.08124;7.98252;7.94992;7.96372;8.03254;8.18112;8.2304;8.43964;8.70407;9.09566;9.37486;9.57549;10.1182;10.7166;11.3299;11.5802;12.1985;12.5017;12.9406;13.5208;14.0697;14.7587;14.8795;15",1.49546
"0.266667;0.366667;0.366667"
25.672,4.45567,3.19262,"20.9445;20.4377;19.7362;18.8945;18.6926;18.184;17.7996;17.0755;16.4217;16.1581;15.8456;15.5327;15.1502;14.4752;13.9261;13.2836;12.6747;12.2741;11.4856;10.7999;9.88619;9.33908;8.50493;7.90131;7.81301;7.20691;6.32315;5.7697;5.20913;4.72822;4.11466;3.56446;2.98854;2.24813;2.03917;1.8177;1.35781;1.18586;1","14.8279;14.6105;14.2368;13.8318;13.4915;13.0828;12.8311;12.2545;11.519;10.8603;10.1757;9.81444;9.46995;9.07151;8.79219;8.35666;8.13037;8.08124;7.98252;7.94992;7.95102;7.96193;8.15717;8.23491;8.26331;8.51498;8.96375;9.4637;10.069;10.5534;11.3105;11.9825;12.5805;13.1297;13.5517;14.0697;14.7587;14.8795;15",1.65081
"0.266667;0.4;0.333333"
25.7253,4.63761,3.32377,"20.8302;20.1899;19.5834;18.8001;18.0137;17.2162;16.7257;16.177;15.8431;15.6402;15.1713;14.5212;14.4752;13.9919;13.2836;12.8815;12.1564;11.4856;10.7999;9.88619;9.18451;8.50493;8.10402;7.51125;6.65969;5.91716;5.28162;4.93894;4.35751;3.94818;3.37499;2.89787;2.28558;2.03917;1.78695;1.35781;1.18586;1","15.0517;14.7205;14.3699;13.7873;13.2927;12.6928;12.3057;11.6507;11.0606;10.5666;9.82006;9.18103;9.07151;8.71544;8.35666;8.31299;8.15127;7.98252;7.94992;7.95102;8.05545;8.15717;8.27582;8.42626;8.75483;9.10361;9.54902;9.86964;10.5508;11.1969;11.9163;12.5017;13.0108;13.5517;14.2082;14.7587;14.8795;15",1.86719
"0.266667;0.433333;0.3"
25.9275,4.55798,3.32716,"20.8302;20.1899;19.5834;18.8001;18.0137;17.2162;16.7257;16.177;15.8431;15.6071;15.1361;14.5587;14.1504;13.3555;13.127;12.2741;11.3126;10.7999;9.86718;9.25777;8.50493;8.10402;7.20691;6.65969;6.14314;5.91716;5.25793;4.91669;4.8896;4.35657;4.02365;3.68698;3.02954;2.28558;2.03917;1.78695;1.35781;1.18586;1","15.0517;14.7205;14.3699;13.7873;13.2927;12.6928;12.3057;11.6507;11.0606;10.2698;9.58564;9.02996;8.74792;8.25652;8.12756;8.08124;7.92234;7.94992;8.03254;7.90436;8.15717;8.27582;8.51498;8.75483;8.99337;9.10361;9.59964;10.0217;10.05;10.6852;11.3299;11.8072;12.5269;13.0108;13.5517;14.2082;14.7587;14.8795;15",1.97366
"0.266667;0.466667;0.266667"
26.0241,3.84225,2.74528,"20.9445;20.5615;20.1658;19.5076;18.75;18.0165;17.3743;16.7096;16.2286;15.7154;15.3607;14.759;13.9401;13.2047;12.2743;11.3459;11.2834;10.6815;10.0749;9.61811;8.8748;8.77919;7.90949;7.75926;7.20691;6.65969;6.14314;5.91716;5.25793;4.91669;4.35657;4.02365;3.56446;3.15705;2.46893;2.08287;1.67112;1.35781;1.18586;1","14.8279;13.9093;13.5643;13.0827;12.5032;11.9209;11.1767;10.5401;9.95058;9.43235;9.13322;8.64035;8.13801;7.88087;7.73311;7.6059;7.59565;7.55268;7.64967;7.70087;7.81254;7.83519;8.22118;8.1845;8.51498;8.75483;8.99337;9.10361;9.59964;10.0217;10.6852;11.3299;11.9825;12.5605;13.0919;13.6687;14.4526;14.7587;14.8795;15",1.7568
"0.266667;0.5;0.233333"
26.109,4.1065,3.35405,"20.9445;20.594;20.3237;19.8671;19.1558;18.3151;17.7996;17.254;16.6536;16.3659;15.8456;15.3885;14.759;13.867;13.635;12.882;12.0372;11.6417;10.8447;10.0845;9.25777;8.63725;8.10402;7.51125;6.65969;6.14314;5.91716;5.25793;4.91669;4.63392;4.11466;3.73016;3.28271;2.63303;2.08287;1.67112;1.35781;1.18586;1","14.8279;14.5056;14.2932;13.8003;13.3745;13.297;12.8311;12.2619;11.5706;10.8668;10.1757;9.35136;8.64035;8.20111;8.16079;7.99791;7.85103;7.79459;7.62403;7.71667;7.90436;8.06854;8.27582;8.42626;8.75483;8.99337;9.10361;9.59964;10.0217;10.4856;11.3105;11.9611;12.5745;13.0983;13.6687;14.4526;14.7587;14.8795;15",2.01485
"0.266667;0.533333;0.2"
20.9231,3.76088,10.4615,"20.8302;19.8911;19.6823;18.8262;17.977;17.5352;16.6127;16.3797;15.5316;14.7719;14.7038;13.8745;13.5958;13.129;12.338;11.4899;10.921;9.94935;9.4381;8.8566;8.04217;7.58625;6.77165;5.86388;5.02865;4.53075;4.01848;3.1173;2.92157;2.62299;1.84896;1","15.0517;15.1022;15.181;15.4694;15.6614;15.8354;16.0034;15.9963;16.1476;16.5293;16.5598;17.1081;17.2105;17.381;17.6901;17.8211;17.8783;18.086;18.0168;17.8374;17.5758;17.406;17.031;16.6801;16.3318;16.1039;15.8897;15.5793;15.524;15.4425;15.2439;15",1.94489
"0.266667;0.566667;0.166667"
21.1342,3.00519,10.5671,"20.8302;20.021;19.512;18.7175;17.9216;17.3252;16.9114;16.3183;15.6723;14.7697;14.3714;13.5113;12.6182;11.7591;11.4051;10.4597;9.97157;9.0237;8.60456;7.90429;7.07118;6.53159;5.84053;5.41322;4.61941;4.15272;3.51856;2.72696;1.84896;1","15.0517;15.2926;15.5417;15.8478;16.1599;16.4256;16.5781;16.7888;17.0807;17.4245;17.5848;17.8292;18.0507;18.1173;18.1708;18.3718;18.4776;18.3323;18.1987;17.9812;17.6288;17.4566;17.2094;16.9823;16.6146;16.3417;15.9285;15.5104;15.2439;15",1.60588
"0.266667;0.6;0.133333"
21.3418,2.8006,10.6709,"20.8302;20.021;19.512;18.7175;17.9216;17.3952;16.7287;16.0128;15.0952;14.3714;13.8518;12.9651;12.3468;11.901;10.923;10.6963;9.78741;8.93826;8.07775;7.2627;6.38948;5.80278;5.35301;4.82388;4.05792;3.55519;2.90997;2.26145;1.84896;1","15.0517;15.2926;15.5417;15.8478;16.1599;16.4352;16.7583;17.0451;17.3213;17.5848;17.811;18.1328;18.3746;18.475;18.5932;18.6006;18.7252;18.5674;18.3231;18.0898;17.7828;17.4731;17.3284;17.0243;16.5953;16.313;15.9111;15.4791;15.2439;15",1.56553
"0.266667;0.633333;0.1"
21.7454,2.46957,10.8727,"20.8302;20.4937;19.7224;18.9867;18.294;17.5917;17.1;16.5986;15.6986;14.9312;14.1107;13.3218;12.3473;11.3663;11.2431;10.2794;9.56981;8.81137;7.92685;7.24017;6.74754;6.24055;5.92575;5.35301;4.82388;4.05792;3.55519;2.90997;2.26145;1.84896;1","15.1138;15.5234;15.9239;16.2444;16.5358;16.8745;17.1156;17.359;17.6945;18.0492;18.4149;18.7003;18.8209;18.9446;18.9587;19.0251;19.0741;18.8766;18.6983;18.4869;18.2875;17.8989;17.7114;17.3284;17.0243;16.5953;16.313;15.9111;15.4791;15.2439;15",1.42767
"0.266667;0.666667;0.0666667"
21.8454,2.43797,10.9227,"20.8302;20.5229;19.6706;19.1095;18.5799;18.2654;17.6153;16.9401;16.4567;15.6986;14.9312;14.1107;13.3218;12.5597;11.8873;10.9349;10.3453;9.56981;8.76236;8.11339;7.72338;7.07037;6.7707;6.51268;5.92575;5.35301;4.82388;4.05792;3.55519;2.90997;2.26145;1.50174;1","15.1138;15.2971;15.6624;15.9031;16.1355;16.286;16.6009;16.9476;17.1936;17.6945;18.0492;18.4149;18.7003;18.9373;19.0578;19.3209;19.2961;19.0741;19.0233;18.9089;18.7595;18.4768;18.3565;18.2195;17.7114;17.3284;17.0243;16.5953;16.313;15.9111;15.4791;15.1027;15",1.47693
"0.266667;0.7;0.0333333"
21.9773,2.36282,10.9887,"20.8302;20.4937;19.7224;19.4132;18.5783;17.779;17.0121;16.162;15.4522;14.7668;13.8856;13.461;12.5459;12.2018;11.2451;10.3453;9.38112;9.09346;8.34862;7.69639;6.80517;6.41038;5.89593;5.11247;4.31295;3.59429;2.90997;2.26145;1.50174;1","15.1138;15.5234;15.9239;16.1255;16.5345;17.0013;17.3356;17.5455;17.9655;18.2836;18.6281;18.7444;19.0259;19.1117;19.2417;19.2961;19.2428;19.2385;19.1092;18.8799;18.4984;18.2893;18.0379;17.483;16.9407;16.3824;15.9111;15.4791;15.1027;15",1.49215
"0.266667;0.733333;0"
22.9335,273.306,3.31433,"20.9445;20.594;20.0065;19.292;18.7974;17.9149;17.0567;16.2385;15.5377;14.6686;14.5212;13.951;13.5723;12.9841;12.129;11.1885;10.7276;10.1861;9.70297;8.97216;8.04719;7.34262;6.57162;6.10249;5.26218;4.74662;3.95634;3.72193;2.94391;2.28558;1.73954;1.47922;1","14.8279;14.5056;14.3438;13.9163;13.651;13.2025;12.7238;12.3091;11.9526;11.5838;11.5103;11.0334;10.8437;10.4967;10.0851;9.84812;9.86893;10.0069;10.0953;10.5601;10.8912;11.2214;11.5825;11.7748;12.1146;12.3;12.6236;12.7339;12.8298;13.0108;13.8246;14.1841;15",0.983333
"0.3;0;0.7"
23.8897,14.1891,2.85486,"20.9445;20.594;19.8102;19.1196;18.4597;17.6987;17.0755;16.2006;15.3783;15.0435;14.8187;14.6541;14.2389;13.4962;13.1595;12.3328;11.7408;11.0861;10.1939;9.27365;9.11913;8.792;8.10169;7.53414;6.72141;6.15121;5.39318;4.51201;4.35814;3.51954;3.02954;2.37906;1.70623;1.58248;1.38017;1.24729;1","14.8279;14.5056;14.0316;13.601;13.0571;12.5588;12.2545;11.8101;11.3053;10.8426;10.6918;10.5859;10.4839;9.82795;9.69072;9.32856;9.16215;9.19894;9.49229;9.65089;9.6802;9.79214;10.1171;10.3304;10.6795;10.9959;11.3364;11.738;11.8622;12.3221;12.5269;12.7495;13.0263;13.4298;14.2013;14.5166;15",0.630197
"0.3;0.0333333;0.666667"
23.9753,9.0253,3.11017,"20.9445;20.4377;19.7362;19.292;18.4938;17.7996;17.254;16.902;16.177;15.6671;15.2464;15.0256;14.8104;14.0154;13.383;12.7981;12.4849;11.5608;10.9132;10.227;9.44645;8.53404;7.92101;7.28421;6.62483;6.21721;5.39318;4.51201;3.95051;3.15705;2.82902;2.28558;1.73954;1.44043;1.02334;1","14.8279;14.6105;14.2368;13.9163;13.3512;12.8311;12.2619;12.1261;11.6507;10.9938;10.6215;10.4871;10.423;9.94314;9.48728;9.33291;9.28474;9.0449;9.05337;8.85105;9.06549;9.47076;9.83076;10.1547;10.4945;10.7786;11.3364;11.738;12.1101;12.5605;12.7776;13.0108;13.8246;14.3744;14.9846;15",0.760379
"0.3;0.0666667;0.633333"
24.3458,7.13885,2.7089,"20.9445;20.594;20.3237;19.8671;19.2817;18.7451;18.1499;17.4131;16.6536;15.8431;15.6671;14.8742;14.8104;14.4823;13.9474;13.4133;13.0464;12.2815;11.4908;11.009;10.1825;9.46292;8.91384;8.48956;7.79966;7.03669;6.32064;5.60588;4.85373;4.35814;3.83023;2.99875;2.15388;1.692;1.44043;1.02334;1","14.8279;14.5056;14.2932;13.8003;13.2553;12.8596;12.5114;12.1997;11.5706;11.0606;10.9938;10.4433;10.423;10.1256;9.67907;9.24037;9.11467;8.85699;8.69715;8.5939;8.66399;8.76697;8.9568;9.27257;9.76505;10.0811;10.4834;10.9931;11.5124;11.8622;12.2455;12.6041;12.9406;13.6397;14.3744;14.9846;15",0.68102
"0.3;0.1;0.6"
24.5806,6.2892,2.87778,"20.9445;20.594;19.8102;19.146;18.6033;18.2774;17.7806;17.4131;16.8186;16.2613;15.6402;15.0952;14.283;13.6143;13.038;12.6377;11.8765;11.009;10.443;9.58316;8.71799;7.96014;7.24243;7.03669;6.38176;6.21721;5.39318;4.58473;3.95051;3.15705;2.82902;2.15388;1.692;1.44043;1.02334;1","14.8279;14.5056;14.0316;13.4499;13.0748;12.8366;12.4479;12.1997;11.6585;11.1221;10.5666;9.99242;9.44546;8.9853;8.87382;8.8165;8.66695;8.5939;8.55111;8.61656;8.79182;9.36182;9.81352;10.0811;10.636;10.7786;11.3364;11.7851;12.1101;12.5605;12.7776;12.9406;13.6397;14.3744;14.9846;15",0.79474
"0.3;0.133333;0.566667"
24.706,6.19445,2.87874,"20.9445;20.594;19.8102;19.0726;18.2774;17.4148;16.7958;16.3399;15.8431;15.3227;14.7985;14.2943;13.6143;12.6377;12.0598;11.1062;11.009;10.2086;9.21545;9.15036;8.29999;7.38172;6.71653;6.31348;5.54015;5.04576;4.46646;3.73016;3.12032;2.36739;2.15388;1.692;1.44043;1.02334;1","14.8279;14.5056;14.0316;13.4224;12.8366;12.3592;11.9056;11.5928;11.0606;10.3087;9.6901;9.21251;8.9853;8.8165;8.68403;8.59716;8.5939;8.6457;8.62339;8.65306;9.15931;9.38036;9.88047;10.1891;10.6415;11.0189;11.3788;11.9611;12.4609;12.9475;12.9406;13.6397;14.3744;14.9846;15",0.977633
"0.3;0.166667;0.533333"
24.8841,6.35087,3.27733,"20.8302;20.1899;19.5834;18.8001;18.0137;17.9149;17.1244;16.6617;16.1352;15.4851;15.378;15.2464;14.6538;14.2395;13.4395;12.8871;12.0598;11.5959;11.0128;10.4785;9.59631;9.15036;8.71799;8.0655;7.16288;6.70321;6.2692;6.01286;5.39242;4.7076;4.02365;3.37499;2.72673;2.15388;1.692;1.44043;1.02334;1","15.0517;14.7205;14.3699;13.7873;13.2927;13.2025;12.7534;12.4608;12.1174;11.4616;10.9395;10.6215;9.99999;9.58442;9.14383;8.91319;8.68403;8.55629;8.50066;8.4483;8.44876;8.65306;8.79182;8.98189;9.35643;9.58957;9.80731;10.0762;10.3063;10.7045;11.3299;11.9163;12.663;12.9406;13.6397;14.3744;14.9846;15",1.20443
"0.3;0.2;0.5"
24.9153,5.32282,2.78817,"20.9445;20.594;19.8102;19.1558;18.4241;17.8085;17.3207;16.7961;16.1581;15.6071;15.1348;14.7985;14.0823;13.6143;13.0372;12.5936;11.8447;11.5282;10.7567;10.2606;9.59631;9.23192;8.4786;7.83644;7.08654;6.52465;5.9933;5.20913;4.86957;4.3523;3.80914;3.24198;2.72673;2.15388;1.692;1.44043;1.02334;1","14.8279;14.5056;14.0316;13.3745;12.6979;12.2492;11.8934;11.5029;10.8603;10.2698;9.90016;9.6901;9.24471;8.9853;8.69271;8.47878;8.36233;8.37052;8.2729;8.33765;8.44876;8.49728;8.69436;8.91174;9.10482;9.37486;9.69575;10.069;10.3659;10.916;11.5802;12.1985;12.663;12.9406;13.6397;14.3744;14.9846;15",1.16531
"0.3;0.233333;0.466667"
25.067,5.3494,2.92766,"20.9445;20.594;20.3237;19.8671;19.1558;18.6033;18.2774;17.6987;16.8898;16.2944;15.6671;15.3227;14.7985;14.5504;14.181;13.6728;13.0372;12.5936;11.8925;11.5959;11.0953;10.3071;9.73968;9.23192;8.4786;7.83644;7.08654;6.288;5.7697;5.20913;4.60969;3.94894;3.5816;2.90389;2.28558;1.73954;1.44043;1.02334;1","14.8279;14.5056;14.2932;13.8003;13.3745;13.0748;12.8366;12.5588;12.1848;11.63;10.9938;10.3087;9.6901;9.47852;9.24438;8.96374;8.69271;8.47878;8.33187;8.23291;8.22135;8.33209;8.35418;8.49728;8.69436;8.91174;9.10482;9.31231;9.4637;10.069;10.643;11.2721;11.7157;12.3185;13.0108;13.8246;14.3744;14.9846;15",1.33887
"0.3;0.266667;0.433333"
25.3104,5.13057,3.12574,"20.8302;20.1899;19.5834;19.0196;18.6926;18.184;17.4183;17.0755;16.3399;15.6671;15.3682;14.7985;14.283;13.6143;12.9647;12.3491;11.8925;11.5959;10.7999;10.5874;9.86718;9.31198;8.4788;7.70135;7.08654;6.288;5.7697;5.21331;4.60969;4.11466;3.56446;3.02954;2.36739;2.28558;1.73954;1.44043;1.02334;1","15.0517;14.7205;14.3699;13.9132;13.4915;13.0828;12.5078;12.2545;11.5928;10.9938;10.3903;9.6901;9.44546;8.9853;8.51227;8.35831;8.33187;8.23291;7.94992;7.96372;8.03254;8.18112;8.43964;8.76498;9.10482;9.31231;9.4637;9.84846;10.643;11.3105;11.9825;12.5269;12.9475;13.0108;13.8246;14.3744;14.9846;15",1.44056
"0.3;0.3;0.4"
25.3078,4.69787,2.75203,"20.9445;20.3237;19.8671;19.2817;18.5837;18.386;17.7424;17.0205;16.6841;16.5449;16.1121;15.8456;15.1502;14.4752;13.9919;13.2836;12.3491;11.5959;10.7528;10.0382;9.31198;8.4788;7.74889;6.81304;6.60393;5.79623;5.04113;4.87711;4.36994;3.99866;3.37499;2.72673;2.36739;2.28558;1.73954;1.44043;1.02334;1","14.8279;14.2932;13.8003;13.2553;12.7172;12.5685;12.1297;11.478;11.1502;11.0425;10.4006;10.1757;9.46995;9.07151;8.71544;8.35666;8.35831;8.23291;8.10706;8.04748;8.18112;8.43964;8.70407;9.05433;9.14491;9.36282;9.84974;9.99574;10.6298;11.1476;11.9163;12.663;12.9475;13.0108;13.8246;14.3744;14.9846;15",1.45641
"0.3;0.333333;0.366667"
25.3792,4.76655,3.12202,"20.9445;20.594;19.8102;19.1196;18.3802;18.184;17.4183;17.0755;16.3399;15.8431;15.5851;15.1945;14.9263;14.4752;13.9919;13.2836;12.6747;11.8672;11.0883;10.2044;9.31198;8.4788;7.64151;6.89734;6.52465;5.64894;4.99256;4.60969;4.11466;3.56446;3.12032;2.28558;2.03917;1.8177;1.35781;1.18586;1","14.8279;14.5056;14.0316;13.601;13.2269;13.0828;12.5078;12.2545;11.5928;11.0606;10.5865;9.9094;9.50515;9.07151;8.71544;8.35666;8.13037;8.15116;8.06505;8.14238;8.18112;8.43964;8.64387;9.09566;9.37486;9.81966;10.279;10.643;11.3105;11.9825;12.4609;13.0108;13.5517;14.0697;14.7587;14.8795;15",1.62723
"0.3;0.366667;0.333333"
25.4697,4.51049,2.94892,"20.9445;20.594;19.8102;19.0726;18.2774;17.4148;17.254;16.6536;16.1581;15.8456;15.1502;14.5587;14.1973;13.3555;13.127;12.2741;11.3126;10.7999;10.5874;9.86718;9.31198;8.4788;7.74889;6.89734;6.52465;5.64894;4.99256;4.72822;4.11466;3.56446;3.02954;2.28558;2.03917;1.8177;1.35781;1.18586;1","14.8279;14.5056;14.0316;13.4224;12.8366;12.3592;12.2619;11.5706;10.8603;10.1757;9.46995;9.02996;8.64842;8.25652;8.12756;8.08124;7.92234;7.94992;7.96372;8.03254;8.18112;8.43964;8.70407;9.09566;9.37486;9.81966;10.279;10.5534;11.3105;11.9825;12.5269;13.0108;13.5517;14.0697;14.7587;14.8795;15",1.67273
"0.3;0.4;0.3"
25.5428,4.34234,2.85578,"20.9445;20.594;19.8102;19.1558;18.4241;17.7424;17.0205;16.5046;15.8456;15.752;15.1168;14.4051;14.1973;13.3555;12.6747;12.2741;11.3126;10.7999;9.86838;8.90224;8.22955;7.85341;7.0472;6.17261;5.76078;5.04113;4.91669;4.8896;4.36994;3.94818;3.37499;2.91729;2.89787;2.72673;2.42944;2.28558;2.03917;1.8177;1.35781;1.18586;1","14.8279;14.5056;14.0316;13.3745;12.6979;12.1297;11.478;10.8512;10.1757;9.89188;9.21912;8.81124;8.64842;8.25652;8.13037;8.08124;7.92234;7.94992;8.04607;8.13302;8.28869;8.51467;8.82415;9.18736;9.35919;9.84974;10.0217;10.05;10.6298;11.1969;11.9163;12.4828;12.5017;12.663;12.8938;13.0108;13.5517;14.0697;14.7587;14.8795;15",1.73927
"0.3;0.433333;0.266667"
25.7971,4.29374,2.94654,"20.9445;20.5615;19.7665;19.2817;18.7451;18.2163;17.8085;17.4169;16.7961;16.5449;16.1121;15.4677;15.1502;14.4051;14.1973;13.3555;13.127;12.2741;11.3126;10.7999;10.1482;9.88619;9.18451;8.50493;8.10402;7.81661;7.0472;6.17261;5.7697;5.2735;4.86957;4.72822;4.11466;3.61188;3.28271;2.46893;2.08287;1.67112;1.35781;1.18586;1","14.8279;13.9093;13.4423;13.2553;12.8596;12.6536;12.2492;12.1787;11.5029;11.0425;10.4006;9.76398;9.46995;8.81124;8.64842;8.25652;8.12756;8.08124;7.92234;7.94992;7.90034;7.95102;8.05545;8.15717;8.27582;8.29205;8.82415;9.18736;9.4637;9.91954;10.3659;10.5534;11.3105;12.1327;12.5745;13.0919;13.6687;14.4526;14.7587;14.8795;15",1.85037
"0.3;0.466667;0.233333"
20.6628,4.1029,10.3314,"20.8302;20.021;19.2956;18.7879;17.8106;17.5352;16.6127;15.7;15.1015;14.1875;13.7941;12.8924;12.5011;11.6895;11.0304;10.1928;9.28617;8.44989;7.96527;7.31976;6.66788;5.87713;5.02865;4.53075;4.01848;3.1173;2.92157;2.62299;1.84896;1","15.0517;15.2926;15.5015;15.5801;15.7765;15.8354;16.0034;16.3331;16.5316;16.8805;17.0297;17.3192;17.3919;17.5156;17.6476;17.8004;17.736;17.4353;17.2635;17.0658;16.8558;16.6127;16.3318;16.1039;15.8897;15.5793;15.524;15.4425;15.2439;15",1.88709
"0.3;0.5;0.2"
20.8084,3.62074,10.4042,"20.8302;20.021;19.2956;18.7749;18.5077;17.8087;16.9286;16.4666;15.6196;14.6768;13.8636;12.9734;12.0489;11.4899;10.916;9.94935;9.4381;8.8566;8.04217;7.58625;6.77165;5.86388;5.02865;4.53075;4.01848;3.1173;2.92157;2.62299;1.84896;1","15.0517;15.2926;15.5015;15.615;15.6941;15.9412;16.2064;16.3231;16.5764;16.9032;17.219;17.4578;17.6951;17.8211;17.951;18.086;18.0168;17.8374;17.5758;17.406;17.031;16.6801;16.3318;16.1039;15.8897;15.5793;15.524;15.4425;15.2439;15",1.75575
"0.3;0.533333;0.166667"
21.2424,2.94273,10.6212,"20.8302;20.3732;19.512;18.9192;18.1575;17.3252;16.7287;15.8077;15.0952;14.3714;13.5113;12.6182;12.4735;11.5307;11.1673;10.2141;9.78741;9.36203;8.4789;7.90429;7.07118;6.53159;5.84053;5.41322;4.61941;4.15272;3.51856;2.72696;1.84896;1","15.1138;15.2586;15.5417;15.8606;16.147;16.4256;16.7583;17.0433;17.3213;17.5848;17.8292;18.0507;18.0948;18.2849;18.3583;18.5823;18.7252;18.5641;18.2289;17.9812;17.6288;17.4566;17.2094;16.9823;16.6146;16.3417;15.9285;15.5104;15.2439;15",1.48164
"0.3;0.566667;0.133333"
21.2432,2.90049,10.6216,"20.8302;20.3732;19.4406;18.7828;18.0651;17.2743;16.5205;15.6723;15.0952;14.264;13.8156;12.9651;12.553;11.9045;11.0806;10.5844;10.1326;9.36203;8.99246;8.11224;7.90429;7.07118;6.53159;5.84053;5.41322;4.61941;4.15272;3.51856;2.72696;1.84896;1","15.1138;15.2586;15.4875;15.6739;15.9441;16.2571;16.5774;17.0807;17.3213;17.7116;17.8654;18.1328;18.2232;18.2626;18.4592;18.5716;18.6267;18.5641;18.4748;18.075;17.9812;17.6288;17.4566;17.2094;16.9823;16.6146;16.3417;15.9285;15.5104;15.2439;15",1.54345
"0.3;0.6;0.1"
21.5703,2.61431,10.7852,"20.8302;20.021;19.512;18.7175;17.9149;17.6665;17.41;16.8178;15.9678;15.5791;15.3227;14.623;14.0881;13.5542;12.7;11.8392;10.8814;10.3711;9.54445;9.37892;8.49407;7.8911;6.99303;6.77094;5.92575;5.35301;4.82388;4.05792;3.55519;2.90997;2.26145;1.84896;1","15.0517;15.2926;15.5417;15.8478;16.2658;16.4345;16.5652;16.7558;17.1832;17.3515;17.445;17.793;18.006;18.2476;18.6191;18.7565;18.8596;18.874;18.8715;18.8517;18.6713;18.6188;18.2967;18.1856;17.7114;17.3284;17.0243;16.5953;16.313;15.9111;15.4791;15.2439;15",1.44755
"0.3;0.633333;0.0666667"
21.5974,2.58673,10.7987,"20.8302;20.5229;19.6706;19.1095;18.5799;17.6665;17.3105;16.7189;16.1675;15.6062;15.3227;14.4634;13.5542;13.1484;12.3159;11.4659;10.49;10.0499;9.22124;8.81137;7.92042;7.24017;6.77094;5.92575;5.35301;4.82388;4.05792;3.55519;2.90997;2.26145;1.84896;1","15.1138;15.2971;15.6624;15.9031;16.1355;16.4345;16.6799;16.9656;17.2182;17.3893;17.445;17.8351;18.2476;18.4141;18.6405;18.8775;18.9682;18.9546;18.886;18.8766;18.7276;18.4869;18.1856;17.7114;17.3284;17.0243;16.5953;16.313;15.9111;15.4791;15.2439;15",1.50578
"0.3;0.666667;0.0333333"
21.8176,2.44429,10.9088,"20.8302;20.4937;19.7224;18.9225;18.3772;17.6217;17.1;16.5986;16.162;15.4522;14.8121;13.8856;12.9277;12.1969;11.2431;10.2794;9.56981;8.81137;7.92685;7.24017;6.77094;5.92575;5.35301;4.82388;4.05792;3.55519;2.90997;2.26145;1.84896;1","15.1138;15.5234;15.9239;16.247;16.4282;16.811;17.1156;17.359;17.5455;17.9655;18.4011;18.6281;18.8249;19.0039;18.9587;19.0251;19.0741;18.8766;18.6983;18.4869;18.1856;17.7114;17.3284;17.0243;16.5953;16.313;15.9111;15.4791;15.2439;15",1.48135
"0.3;0.7;0"
22.9001,256.49,3.30759,"20.9445;20.594;20.0065;19.292;18.7974;17.9149;17.0567;16.2385;15.5377;14.6686;14.5212;13.951;13.5723;12.9841;12.129;11.1885;10.7276;10.1861;9.26438;8.40654;7.66567;7.19452;6.5097;5.58749;5.26433;4.63893;3.72525;2.82902;2.28558;1.73954;1.47922;1","14.8279;14.5056;14.3438;13.9163;13.651;13.2025;12.7238;12.3091;11.9526;11.5838;11.5103;11.0334;10.8437;10.4967;10.0851;9.84812;9.86893;10.0069;10.2417;10.6328;10.8796;11.0686;11.4712;11.8321;11.9609;12.1792;12.4397;12.7776;13.0108;13.8246;14.1841;15",0.932016
"0.333333;0;0.666667"
23.7172,12.608,2.91502,"20.9445;20.594;20.3237;19.8671;19.1558;18.6033;18.2774;17.6987;17.0755;16.2318;15.4236;14.6993;14.1847;13.6671;13.1595;12.4849;11.7408;10.9132;9.95831;9.30656;8.53372;7.71768;7.53414;6.72141;6.10312;5.81031;5.18618;4.57677;3.95051;3.51954;2.64319;2.36739;2.28558;1.73954;1.44043;1","14.8279;14.5056;14.2932;13.8003;13.3745;13.0748;12.8366;12.5588;12.2545;11.8209;11.3783;11.0204;10.7732;10.2833;9.69072;9.28474;9.16215;9.05337;9.21717;9.51097;9.84977;10.2659;10.3304;10.6795;11.0698;11.2051;11.5252;11.8026;12.1101;12.3221;12.7978;12.9475;13.0108;13.8246;14.3744;15",0.636786
"0.333333;0.0333333;0.633333"
23.9496,8.92326,3.0392,"20.9445;20.594;19.8102;19.1196;18.3802;18.184;17.4183;16.9587;16.177;15.6882;15.378;14.8104;14.0154;13.2981;12.4432;11.8518;11.1372;10.3496;9.44645;8.5944;7.92101;7.34192;6.70571;6.21721;5.56976;4.85373;4.04566;3.83725;3.02954;2.15388;1.692;1.47922;1.11122;1","14.8279;14.5056;14.0316;13.601;13.2269;13.0828;12.5078;12.1798;11.6507;11.2203;10.9395;10.423;9.94314;9.44009;9.18146;9.00278;8.916;8.96507;9.06549;9.55791;9.83076;10.1511;10.5098;10.7786;11.1171;11.5124;11.9601;12.0503;12.5269;12.9406;13.6397;14.1841;14.8272;15",0.677782
"0.333333;0.0666667;0.6"
24.2491,8.54878,3.33504,"20.8302;20.1899;19.5834;18.8489;18.2496;17.4506;16.6617;16.1352;15.3745;14.8187;14.266;13.9474;13.2981;12.4432;11.9855;11.1372;10.227;9.37526;9.32674;8.69019;7.82202;7.19608;6.41457;6.19876;5.56976;4.85373;4.04566;3.83725;3.02954;2.15388;1.692;1.44043;1.02334;1","15.0517;14.7205;14.3699;13.8653;13.5331;13.0371;12.4608;12.1174;11.5174;10.6918;9.98187;9.67907;9.44009;9.18146;8.8524;8.916;8.85105;9.06331;9.08206;9.23854;9.66283;10.0372;10.5479;10.686;11.1171;11.5124;11.9601;12.0503;12.5269;12.9406;13.6397;14.3744;14.9846;15",0.822007
"0.333333;0.1;0.566667"
24.4346,7.74053,3.2851,"20.9445;20.594;20.0065;19.5286;18.6926;17.9149;17.1244;16.6617;16.1352;15.4851;15.3783;14.7887;14.266;13.9474;13.248;12.8769;11.9855;11.4028;10.8441;10.3413;9.46292;9.23986;8.64175;8.48475;7.64165;7.03669;6.32064;5.60588;4.85373;4.04566;3.83725;3.02954;2.15388;1.692;1.44043;1.02334;1","14.8279;14.5056;14.3438;13.967;13.4915;13.2025;12.7534;12.4608;12.1174;11.4616;11.3053;10.587;9.98187;9.67907;9.3181;9.14211;8.8524;8.92521;8.7902;8.74511;8.76697;8.76047;9.02557;9.09582;9.41627;10.0811;10.4834;10.9931;11.5124;11.9601;12.0503;12.5269;12.9406;13.6397;14.3744;14.9846;15",0.988251
"0.333333;0.133333;0.533333"
24.4917,6.37729,2.87659,"20.9445;20.594;19.8102;19.0726;18.2774;17.4148;16.7958;16.3399;15.6671;15.0906;14.3772;14.0852;13.4395;12.8871;12.2815;11.4908;11.009;10.443;9.58316;8.71799;7.95948;7.17997;6.45621;5.84118;5.16216;4.56294;4.46646;3.73016;2.91729;2.15388;1.692;1.44043;1.02334;1","14.8279;14.5056;14.0316;13.4224;12.8366;12.3592;11.9056;11.5928;10.9938;10.2542;9.74576;9.52906;9.14383;8.91319;8.85699;8.69715;8.5939;8.55111;8.61656;8.79182;9.06343;9.47329;10.0376;10.3212;10.7412;11.299;11.3788;11.9611;12.4828;12.9406;13.6397;14.3744;14.9846;15",1.00811
"0.333333;0.166667;0.5"
24.6433,6.15546,2.88555,"20.9445;20.594;20.3237;19.8671;19.1558;18.6033;18.2774;17.4148;16.6035;15.8992;15.6671;15.5866;15.0707;14.3772;13.7474;13.1735;12.2697;11.5959;11.0128;10.443;9.58316;9.15036;8.71799;7.95948;7.17997;6.46084;6.2692;5.49226;5.09586;4.81153;4.53981;3.88968;3.24198;2.89787;2.15388;1.692;1.44043;1.02334;1","14.8279;14.5056;14.2932;13.8003;13.3745;13.0748;12.8366;12.3592;11.8091;11.2427;10.9938;10.7205;10.2647;9.74576;9.20493;9.05804;8.67047;8.55629;8.50066;8.55111;8.61656;8.65306;8.79182;9.06343;9.47329;9.73837;9.80731;10.3771;10.5547;10.7333;10.952;11.598;12.1985;12.5017;12.9406;13.6397;14.3744;14.9846;15",1.16536
"0.333333;0.2;0.466667"
25.0192,5.64349,3.31898,"20.9445;20.594;19.7362;18.8945;18.2496;17.4848;16.7257;16.0318;15.6671;15.0707;14.6791;14.283;13.6451;13.0372;12.5936;11.8447;11.5282;10.6025;9.65908;8.73754;8.67539;8.05917;7.43953;6.64937;6.01286;5.49226;5.00274;4.46646;3.73016;3.15705;2.28558;1.73954;1.44043;1.02334;1","14.8279;14.5056;14.2368;13.8318;13.5331;12.9119;12.3057;11.8524;10.9938;10.2647;9.84135;9.44546;9.07296;8.69271;8.47878;8.36233;8.37052;8.36759;8.4013;8.58684;8.59917;8.69651;9.08983;9.36743;10.0762;10.3771;10.8997;11.3788;11.9611;12.5605;13.0108;13.8246;14.3744;14.9846;15",1.24013
"0.333333;0.233333;0.433333"
24.9107,5.36606,2.92781,"20.9445;20.594;20.3237;19.8671;19.1558;18.6033;18.2774;17.7806;17.4131;17.1753;16.3399;15.8431;15.6402;15.0952;14.7985;14.2517;13.6143;13.0372;12.3491;11.5959;11.0953;10.3071;10.0832;9.7665;9.23192;8.73754;8.67539;8.0655;7.16288;6.70321;6.2692;5.49226;5.09586;4.60622;4.11466;3.56446;2.89787;2.72673;2.28558;1.73954;1.44043;1.02334;1","14.8279;14.5056;14.2932;13.8003;13.3745;13.0748;12.8366;12.4479;12.1997;12.0181;11.5928;11.0606;10.5666;9.99242;9.6901;9.191;8.9853;8.69271;8.35831;8.23291;8.22135;8.33209;8.30263;8.35972;8.49728;8.58684;8.59917;8.98189;9.35643;9.58957;9.80731;10.3771;10.5547;10.8718;11.3105;11.9825;12.5017;12.663;13.0108;13.8246;14.3744;14.9846;15",1.34331
"0.333333;0.266667;0.4"
25.1238,5.43996,2.92189,"20.9445;20.594;19.8102;19.1558;18.6033;18.2774;17.6987;17.0755;16.3399;15.6671;15.2876;14.6538;14.2395;13.6143;12.9647;12.5936;11.8447;11.5959;11.0953;10.3071;9.73968;9.23192;8.73754;7.74889;7.11355;6.4608;5.94511;5.57059;4.99256;4.60969;3.94894;3.5816;2.90389;2.2879;2.00833;1.8177;1.35781;1.18586;1","14.8279;14.5056;14.0316;13.3745;13.0748;12.8366;12.5588;12.2545;11.5928;10.9938;10.506;9.99999;9.58442;8.9853;8.51227;8.47878;8.36233;8.23291;8.22135;8.33209;8.35418;8.49728;8.58684;8.70407;9.07627;9.47146;9.79123;10.0294;10.279;10.643;11.2721;11.7157;12.3185;12.6856;13.1643;14.0697;14.7587;14.8795;15",1.53339
"0.333333;0.3;0.366667"
25.4175,5.3333,3.39891,"20.8302;20.1899;19.5834;18.7894;18.2496;17.706;17.0567;16.2831;15.7519;15.6671;15.2077;14.7985;14.0852;13.7474;13.0372;12.3491;11.5959;10.7999;10.5874;9.86718;9.31198;8.80025;8.10458;7.78615;7.08654;6.52465;5.9933;5.1939;4.89156;4.7076;4.11466;3.56446;3.12032;2.28558;2.03917;1.8177;1.35781;1.18586;1","15.0517;14.7205;14.3699;13.876;13.5331;13.2127;12.7238;12.2125;11.6471;10.9938;10.3909;9.6901;9.52906;9.20493;8.69271;8.35831;8.23291;7.94992;7.96372;8.03254;8.18112;8.36529;8.6427;8.72251;9.10482;9.37486;9.69575;10.2851;10.5099;10.7045;11.3105;11.9825;12.4609;13.0108;13.5517;14.0697;14.7587;14.8795;15",1.6682
"0.333333;0.333333;0.333333"
25.2154,4.63047,2.85268,"20.9445;20.594;19.8102;19.1558;18.4241;17.8085;17.0759;16.5449;16.3659;15.8805;15.1361;14.4752;13.9919;13.2836;12.8815;12.0776;11.8672;11.0883;10.2044;9.31198;8.80025;8.10458;7.78615;7.08654;6.64937;6.52465;5.64894;4.99256;4.60969;4.3523;3.80914;3.24198;2.72673;2.28558;2.03917;1.8177;1.35781;1.18586;1","14.8279;14.5056;14.0316;13.3745;12.6979;12.2492;11.7233;11.0425;10.8668;10.25;9.58564;9.07151;8.71544;8.35666;8.31299;8.20418;8.15116;8.06505;8.14238;8.18112;8.36529;8.6427;8.72251;9.10482;9.36743;9.37486;9.81966;10.279;10.643;10.916;11.5802;12.1985;12.663;13.0108;13.5517;14.0697;14.7587;14.8795;15",1.57733
"0.333333;0.366667;0.3"
25.3722,5.12655,3.19773,"20.9445;20.7394;20.0266;19.7362;19.0196;18.3666;17.7996;17.0755;16.2318;15.578;15.378;14.9594;14.6113;14.0823;13.6728;12.9647;12.1074;11.8672;11.0883;10.7999;10.001;9.31198;8.4788;7.74889;7.44911;6.64937;5.80121;5.06747;4.50014;4.02365;3.56446;3.02954;2.36739;2.28558;2.03917;1.8177;1.35781;1.18586;1","14.8279;14.8927;14.4108;14.2368;13.9132;13.3186;12.8311;12.2545;11.8209;11.1141;10.9395;10.209;9.74055;9.24471;8.96374;8.51227;8.18026;8.15116;8.06505;7.94992;8.02414;8.18112;8.43964;8.70407;8.87358;9.36743;9.57549;10.1182;10.7166;11.3299;11.9825;12.5269;12.9475;13.0108;13.5517;14.0697;14.7587;14.8795;15",1.91916
"0.333333;0.4;0.266667"
25.528,4.52802,3.22713,"20.8302;20.1899;19.5834;19.0196;18.6926;18.4938;17.7996;17.254;16.7958;16.4341;16.0269;15.8456;15.1502;14.5587;14.1973;13.3555;12.6747;12.2741;11.4856;10.7999;10.5874;9.86718;9.31198;8.4788;7.74889;7.11355;6.4608;5.64894;4.99256;4.72822;4.11466;3.56446;2.99875;2.79632;2.24813;1.89183;1.78695;1.35781;1.18586;1","15.0517;14.7205;14.3699;13.9132;13.4915;13.3512;12.8311;12.2619;11.9056;11.3042;10.4693;10.1757;9.46995;9.02996;8.64842;8.25652;8.13037;8.08124;7.98252;7.94992;7.96372;8.03254;8.18112;8.43964;8.70407;9.07627;9.47146;9.81966;10.279;10.5534;11.3105;11.9825;12.6041;12.8025;13.1297;13.9521;14.2082;14.7587;14.8795;15",1.8197
"0.333333;0.433333;0.233333"
20.6795,4.23162,10.3397,"20.8302;20.021;19.2956;18.4557;17.5298;16.6868;15.8807;15.1015;14.8778;14.1897;13.4244;12.5661;11.6895;11.0304;10.6936;10.0136;9.28617;8.44989;7.96527;7.31976;6.66788;5.87713;5.02865;4.53075;4.01848;3.1173;2.92157;2.62299;1.84896;1","15.0517;15.2926;15.5015;15.6892;15.9253;16.1022;16.2917;16.5316;16.5689;16.725;16.9651;17.2307;17.5156;17.6476;17.779;17.8987;17.736;17.4353;17.2635;17.0658;16.8558;16.6127;16.3318;16.1039;15.8897;15.5793;15.524;15.4425;15.2439;15",1.82136
"0.333333;0.466667;0.2"
20.7669,3.75602,10.3835,"20.8302;20.021;19.2956;18.7749;18.5077;17.8087;16.9286;16.2555;15.695;15.0241;14.0928;13.5958;12.9572;12.0489;11.8044;10.921;10.4809;9.49846;9.23349;8.49272;7.58377;6.75165;5.87713;5.02865;4.53075;4.01848;3.1173;2.92157;2.62299;1.84896;1","15.0517;15.2926;15.5015;15.615;15.6941;15.9412;16.2064;16.3384;16.4639;16.6855;17.0428;17.2105;17.4013;17.6951;17.7288;17.8783;17.9572;17.9684;17.859;17.5709;17.2487;16.9702;16.6127;16.3318;16.1039;15.8897;15.5793;15.524;15.4425;15.2439;15",1.71365
"0.333333;0.5;0.166667"
21.0707,3.09569,10.5353,"20.8302;20.3732;19.512;18.7175;17.9216;17.3761;16.8742;15.9394;15.1923;14.2991;13.4389;12.6182;12.4735;11.5278;11.3885;10.4597;9.59542;8.64778;7.99162;7.58362;6.8161;5.92639;5.41322;4.61941;4.15272;3.51856;2.72696;1.84896;1","15.1138;15.2586;15.5417;15.8478;16.1599;16.3269;16.5219;16.7971;17.046;17.344;17.649;18.0507;18.0948;18.2686;18.2811;18.3718;18.3761;18.1077;17.8349;17.6628;17.3431;17.1582;16.9823;16.6146;16.3417;15.9285;15.5104;15.2439;15",1.47606
"0.333333;0.533333;0.133333"
21.3161,2.8275,10.6581,"20.8302;20.021;19.2956;18.7749;18.0651;17.3252;16.7287;16.0128;15.3227;14.4634;13.5542;12.5598;12.3468;11.4732;11.0806;10.5844;10.2141;9.45392;8.6562;7.90429;7.07118;6.53159;5.84053;5.41322;4.61941;4.15272;3.51856;2.72696;1.84896;1","15.0517;15.2926;15.5015;15.615;15.9441;16.4256;16.7583;17.0451;17.445;17.8351;18.2476;18.3294;18.3746;18.4246;18.4592;18.5716;18.5823;18.5213;18.2517;17.9812;17.6288;17.4566;17.2094;16.9823;16.6146;16.3417;15.9285;15.5104;15.2439;15",1.41598
"0.333333;0.566667;0.1"
21.5854,2.55987,10.7927,"20.8302;20.5229;19.6706;19.1095;18.5799;17.8985;17.2549;16.9401;16.248;15.6273;14.9042;14.648;14.4441;13.5132;13.4123;12.84;12.1129;11.4659;10.8044;10.4904;9.75653;9.37892;8.49407;8.21807;7.87486;7.01068;6.21229;5.35301;4.82388;4.05792;3.55519;2.90997;2.26145;1.84896;1","15.1138;15.2971;15.6624;15.9031;16.1355;16.6107;16.7933;16.9476;17.3447;17.6039;17.8852;18.0443;18.0851;18.337;18.4365;18.6327;18.7794;18.8775;18.9537;18.8806;18.9081;18.8517;18.6713;18.6039;18.4545;18.1632;17.8055;17.3284;17.0243;16.5953;16.313;15.9111;15.4791;15.2439;15",1.33908
"0.333333;0.6;0.0666667"
21.5956,2.552,10.7978,"20.8302;20.021;19.512;18.6897;18.2473;17.6153;16.9401;16.4567;15.6273;15.1124;14.2044;13.5949;12.84;12.1129;11.4659;10.557;9.57826;8.74865;7.8911;6.99303;6.24055;5.92575;5.07791;4.82388;4.05792;3.55519;2.90997;2.26145;1.84896;1","15.0517;15.2926;15.5417;16.0314;16.2825;16.6009;16.9476;17.1936;17.6039;17.809;18.1894;18.4266;18.6327;18.7794;18.8775;18.8986;18.8216;18.7062;18.6188;18.2967;17.8989;17.7114;17.196;17.0243;16.5953;16.313;15.9111;15.4791;15.2439;15",1.40808
"0.333333;0.633333;0.0333333"
21.6223,2.52128,10.8111,"20.8302;20.5229;19.6706;19.0215;18.5799;18.2654;17.6153;16.9401;16.0325;15.2523;14.4441;13.5949;12.6605;12.3473;11.5808;11.0442;10.0499;9.22124;8.81137;7.92685;7.35771;6.77094;5.92575;5.35301;4.82388;4.05792;3.55519;2.90997;2.26145;1.84896;1","15.1138;15.2971;15.6624;15.9092;16.1355;16.286;16.6009;16.9476;17.3309;17.7784;18.0851;18.4266;18.7459;18.8209;18.9342;18.996;18.9546;18.886;18.8766;18.6983;18.4998;18.1856;17.7114;17.3284;17.0243;16.5953;16.313;15.9111;15.4791;15.2439;15",1.46214
"0.333333;0.666667;0"
22.9597,256.498,3.24381,"20.9445;20.4377;19.7362;19.292;18.7974;17.9149;17.0567;16.2385;15.5377;14.6686;14.5212;13.951;13.5723;12.9841;12.129;11.1885;10.7276;10.1861;9.26438;8.40654;7.66567;7.08052;6.32788;5.61944;4.98389;4.53899;3.83023;2.99875;2.15388;1.95623;1.692;1.24729;1","14.8279;14.6105;14.2368;13.9163;13.651;13.2025;12.7238;12.3091;11.9526;11.5838;11.5103;11.0334;10.8437;10.4967;10.0851;9.84812;9.86893;10.0069;10.2417;10.6328;10.8796;11.0469;11.3053;11.5351;11.77;11.9469;12.2455;12.6041;12.9406;13.1879;13.6397;14.5166;15",0.845023
"0.366667;0;0.633333"
23.6314,13.5459,2.86713,"20.9445;20.594;20.3237;19.8671;19.1558;18.6033;18.2774;17.6987;17.0755;16.2318;15.6334;15.0435;14.8187;14.2148;13.3279;12.3942;12.1513;11.4588;11.0861;10.1552;9.24859;8.792;8.10169;7.53414;6.72141;6.15121;5.39318;4.51201;3.83725;3.02954;2.15388;1.95623;1.87327;1.47922;1.11122;1","14.8279;14.5056;14.2932;13.8003;13.3745;13.0748;12.8366;12.5588;12.2545;11.8209;11.3886;10.8426;10.6918;10.3156;9.89611;9.54049;9.45615;9.199;9.19894;9.25883;9.58925;9.79214;10.1171;10.3304;10.6795;10.9959;11.3364;11.738;12.0503;12.5269;12.9406;13.1879;13.318;14.1841;14.8272;15",0.574535
"0.366667;0.0333333;0.6"
23.8947,9.60696,3.0376,"20.9445;20.594;19.8102;19.1708;18.8613;18.184;17.4183;16.902;16.2944;15.5327;15.378;14.7542;14.0154;13.383;12.4432;11.5608;10.9132;9.97395;9.07649;8.26577;7.60008;6.81792;6.0511;5.39318;4.51201;3.83725;3.02954;2.15388;1.692;1.47922;1.11122;1","14.8279;14.5056;14.0316;13.6396;13.4865;13.0828;12.5078;12.1261;11.63;11.1019;10.9395;10.5803;9.94314;9.48728;9.18146;9.0449;9.05337;9.09425;9.25315;9.80936;10.0925;10.5691;10.9616;11.3364;11.738;12.0503;12.5269;12.9406;13.6397;14.1841;14.8272;15",0.639218
"0.366667;0.0666667;0.566667"
24.1377,7.95033,2.89713,"20.9445;20.594;19.8102;19.0726;18.3337;17.6987;17.4148;16.7958;16.3399;15.6671;15.2464;14.4823;13.9474;13.2896;12.7851;12.2815;11.9855;11.1372;10.227;9.37526;9.32674;8.8209;8.60914;7.92101;7.34192;6.70571;6.21721;5.56976;4.85373;4.04566;3.83725;3.02954;2.15388;1.692;1.44043;1.02334;1","14.8279;14.5056;14.0316;13.4224;12.9291;12.5588;12.3592;11.9056;11.5928;10.9938;10.6215;10.1256;9.67907;9.178;8.97608;8.85699;8.8524;8.916;8.85105;9.06331;9.08206;9.21856;9.39414;9.83076;10.1511;10.5098;10.7786;11.1171;11.5124;11.9601;12.0503;12.5269;12.9406;13.6397;14.3744;14.9846;15",0.762168
"0.366667;0.1;0.533333"
24.3312,7.01875,2.83185,"20.9445;20.594;20.3237;19.8671;19.1558;18.4927;17.9003;17.4169;16.6536;15.8431;15.6671;15.204;14.6538;14.0852;13.3614;13.1735;12.2815;11.9855;11.4028;10.8441;10.3413;9.46292;8.91384;8.48475;8.29999;7.69622;6.84902;6.0362;5.59771;5.04576;4.31932;3.73016;2.91729;2.15388;1.692;1.44043;1.02334;1","14.8279;14.5056;14.2932;13.8003;13.3745;12.9091;12.5072;12.1787;11.5706;11.0606;10.9938;10.5703;9.99999;9.52906;9.15335;9.05804;8.85699;8.8524;8.92521;8.7902;8.74511;8.76697;8.9568;9.09582;9.15931;9.48844;9.99204;10.4357;10.7186;11.0189;11.6181;11.9611;12.4828;12.9406;13.6397;14.3744;14.9846;15",0.892013
"0.366667;0.133333;0.5"
24.57,6.12037,2.83802,"20.9445;20.594;19.8102;19.146;18.4927;17.843;17.0726;16.8186;16.2613;15.6402;15.1348;14.7985;14.0823;13.6143;13.0372;12.2697;12.0598;11.1062;11.009;10.2086;9.23986;8.64175;8.29999;7.64165;7.33684;6.71653;6.31348;5.54015;4.84521;4.56294;4.46646;3.73016;3.02954;2.15388;1.692;1.44043;1.02334;1","14.8279;14.5056;14.0316;13.4499;12.9091;12.364;11.7525;11.6585;11.1221;10.5666;9.90016;9.6901;9.24471;8.9853;8.69271;8.67047;8.68403;8.59716;8.5939;8.6457;8.76047;9.02557;9.15931;9.41627;9.50081;9.88047;10.1891;10.6415;11.0803;11.299;11.3788;11.9611;12.5269;12.9406;13.6397;14.3744;14.9846;15",0.965286
"0.366667;0.166667;0.466667"
24.5562,6.19041,2.91173,"20.9445;20.594;19.8102;19.1196;18.8096;18.3337;17.6987;17.4148;16.7958;16.3399;15.6671;15.2077;14.6791;14.1391;13.7474;13.038;12.0598;11.1062;10.443;9.58316;9.15036;8.62452;7.95948;7.17997;6.45621;6.31348;5.54015;4.88343;4.16698;3.75515;3.12032;2.72673;2.15388;1.692;1.44043;1.02334;1","14.8279;14.5056;14.0316;13.601;13.3376;12.9291;12.5588;12.3592;11.9056;11.5928;10.9938;10.3909;9.84135;9.45639;9.20493;8.87382;8.68403;8.59716;8.55111;8.61656;8.65306;8.80874;9.06343;9.47329;10.0376;10.1891;10.6415;10.9976;11.5123;11.9002;12.4609;12.663;12.9406;13.6397;14.3744;14.9846;15",1.17235
"0.366667;0.2;0.433333"
24.7206,6.07708,3.14308,"20.8302;20.1899;19.5834;19.0196;18.6926;18.4938;17.7996;17.0755;16.4217;15.6671;15.5866;15.0707;14.6538;14.1391;13.4395;13.038;12.0598;11.8765;11.009;10.443;9.58316;8.69273;7.83644;7.43953;6.89573;6.27086;5.94511;5.39242;4.81153;4.53981;3.88968;3.56446;3.12032;2.82902;2.28558;1.73954;1.44043;1.02334;1","15.0517;14.7205;14.3699;13.9132;13.4915;13.3512;12.8311;12.2545;11.519;10.9938;10.7205;10.2647;9.99999;9.45639;9.14383;8.87382;8.68403;8.66695;8.5939;8.55111;8.61656;8.77938;8.91174;9.08983;9.38498;9.67782;9.79123;10.3063;10.7333;10.952;11.598;11.9825;12.4609;12.7776;13.0108;13.8246;14.3744;14.9846;15",1.34129
"0.366667;0.233333;0.4"
24.8873,5.13906,2.8285,"20.9445;20.594;19.8102;19.1558;18.4241;17.8085;17.2674;16.5449;16.0269;15.6384;14.9106;14.6614;14.2517;13.322;12.5936;11.8925;11.5959;11.0953;10.3071;10.0832;9.65908;8.73754;8.48157;8.05917;7.43953;6.62586;6.01286;5.39242;4.7076;4.11466;3.56446;3.02954;2.28558;1.73954;1.44043;1.02334;1","14.8279;14.5056;14.0316;13.3745;12.6979;12.2492;11.7165;11.0425;10.4693;10.0731;9.55541;9.39199;9.191;8.82868;8.47878;8.33187;8.23291;8.22135;8.33209;8.30263;8.4013;8.58684;8.62359;8.69651;9.08983;9.57508;10.0762;10.3063;10.7045;11.3105;11.9825;12.5269;13.0108;13.8246;14.3744;14.9846;15",1.28278
"0.366667;0.266667;0.366667"
24.885,5.39101,2.92203,"20.9445;20.594;19.8102;19.0726;18.2774;17.4148;17.254;16.5788;16.3399;15.8431;15.6402;14.9068;14.7985;14.2943;13.6143;13.0372;12.5936;11.8925;11.5959;11.0953;10.3071;10.0832;9.23192;8.4786;7.83644;7.43953;6.70321;5.92758;5.16216;4.46646;3.73016;2.99875;2.28558;1.73954;1.44043;1.02334;1","14.8279;14.5056;14.0316;13.4224;12.8366;12.3592;12.2619;11.8093;11.5928;11.0606;10.5666;9.97171;9.6901;9.21251;8.9853;8.69271;8.47878;8.33187;8.23291;8.22135;8.33209;8.30263;8.49728;8.69436;8.91174;9.08983;9.58957;10.1711;10.7412;11.3788;11.9611;12.6041;13.0108;13.8246;14.3744;14.9846;15",1.51871
"0.366667;0.3;0.333333"
24.9979,5.1969,2.9433,"20.9445;20.594;19.8102;19.0726;18.2774;17.4148;16.7958;16.3399;15.8431;15.6402;15.1348;14.7985;14.2943;13.6143;13.0372;12.5936;11.8925;11.5959;11.0953;10.2668;9.7665;9.23192;8.4786;7.83644;7.20726;6.64937;6.23445;5.57059;5.1939;4.7076;4.02365;3.68698;3.02954;2.36739;2.28558;2.03917;1.8177;1.35781;1.18586;1","14.8279;14.5056;14.0316;13.4224;12.8366;12.3592;11.9056;11.5928;11.0606;10.5666;9.90016;9.6901;9.21251;8.9853;8.69271;8.47878;8.33187;8.23291;8.22135;8.23718;8.35972;8.49728;8.69436;8.91174;9.12314;9.36743;9.62047;10.0294;10.2851;10.7045;11.3299;11.8072;12.5269;12.9475;13.0108;13.5517;14.0697;14.7587;14.8795;15",1.62275
"0.366667;0.333333;0.3"
25.1643,4.71017,2.8523,"20.9445;20.594;19.8102;19.1558;18.4241;17.8085;17.2674;17.0205;16.5046;15.8456;15.1361;14.5212;13.9261;13.7602;12.9647;12.3491;11.5959;10.7528;9.89176;9.31198;8.87405;8.4788;7.74889;6.89734;6.67984;5.9933;5.20913;4.99256;4.72822;4.11466;3.56446;3.02954;2.36739;2.28558;2.03917;1.8177;1.35781;1.18586;1","14.8279;14.5056;14.0316;13.3745;12.6979;12.2492;11.7165;11.478;10.8512;10.1757;9.58564;9.18103;8.79219;8.74564;8.51227;8.35831;8.23291;8.10706;8.22829;8.18112;8.2304;8.43964;8.70407;9.09566;9.18445;9.69575;10.069;10.279;10.5534;11.3105;11.9825;12.5269;12.9475;13.0108;13.5517;14.0697;14.7587;14.8795;15",1.60656
"0.366667;0.366667;0.266667"
25.2586,4.5472,2.91119,"20.9445;20.594;20.3237;19.8671;19.1558;18.4241;17.8085;17.0759;16.5449;16.0033;15.2483;14.5571;14.1958;13.9261;13.2836;12.6747;12.1418;11.4856;10.5874;10.0382;9.31198;8.87405;8.4788;7.74889;6.89734;6.52465;5.94511;5.57059;5.1939;4.7076;4.02365;3.56446;2.99875;2.82902;2.24813;1.89183;1.78695;1.35781;1.18586;1","14.8279;14.5056;14.2932;13.8003;13.3745;12.6979;12.2492;11.7233;11.0425;10.5544;9.90347;9.23855;8.96648;8.79219;8.35666;8.13037;7.93444;7.98252;7.96372;8.04748;8.18112;8.2304;8.43964;8.70407;9.09566;9.37486;9.79123;10.0294;10.2851;10.7045;11.3299;11.9825;12.6041;12.7776;13.1297;13.9521;14.2082;14.7587;14.8795;15",1.68742
"0.366667;0.4;0.233333"
20.6057,4.20154,10.3029,"20.8302;20.021;19.2956;18.7749;18.5077;17.8087;16.9286;16.4666;15.6196;14.6994;13.9561;13.7025;12.8924;12.6461;11.6895;10.7033;9.85649;9.32851;8.41712;7.65129;6.7911;6.46186;5.6157;4.82319;4.42176;4.01848;3.1173;2.92157;2.62299;1.84896;1","15.0517;15.2926;15.5015;15.615;15.6941;15.9412;16.2064;16.3231;16.5764;16.8271;17.012;17.078;17.3192;17.3816;17.5156;17.5805;17.7357;17.5695;17.2777;16.9941;16.7215;16.6397;16.3783;16.199;16.0509;15.8897;15.5793;15.524;15.4425;15.2439;15",1.67832
"0.366667;0.433333;0.2"
20.8073,3.72548,10.4036,"20.8302;20.3732;19.4406;18.5077;17.8087;17.1513;16.4666;15.695;14.8573;13.9561;13.129;12.338;11.4899;10.916;9.94935;9.38545;8.49272;7.58377;6.75165;5.87713;5.02865;4.53075;4.01848;3.1173;2.92157;2.62299;1.84896;1","15.1138;15.2586;15.4875;15.6941;15.9412;16.2288;16.3231;16.4639;16.7122;17.012;17.381;17.6901;17.8211;17.951;18.086;17.8853;17.5709;17.2487;16.9702;16.6127;16.3318;16.1039;15.8897;15.5793;15.524;15.4425;15.2439;15",1.58546
"0.366667;0.466667;0.166667"
20.9415,3.25587,10.4708,"20.8302;20.021;19.4406;18.7828;18.0651;17.1913;16.2992;15.5035;15.1923;14.2991;13.4389;12.8408;12.0774;11.3862;10.6634;9.72696;9.22051;8.26065;7.41211;6.51548;6.17895;5.33698;5.0982;4.28916;3.51856;2.72696;1.84896;1","15.0517;15.2926;15.4875;15.6739;15.9441;16.2423;16.677;16.9584;17.046;17.344;17.649;17.7267;17.9649;18.0836;18.201;18.2167;18.1008;17.8236;17.4931;17.1671;17.0005;16.6974;16.5931;16.2476;15.9285;15.5104;15.2439;15",1.46358
"0.366667;0.5;0.133333"
21.1098,3.03422,10.5549,"20.8302;20.3732;19.4406;18.7085;17.8087;17.1513;16.4442;15.8554;15.1923;14.3386;13.5113;12.6182;12.4735;11.5278;10.5781;10.0733;9.14401;8.60456;7.90429;7.07118;6.76137;5.92639;5.41322;4.61941;4.15272;3.51856;2.72696;1.84896;1","15.1138;15.2586;15.4875;15.578;15.9412;16.2288;16.4965;16.798;17.046;17.4953;17.8292;18.0507;18.0948;18.2686;18.3715;18.3673;18.314;18.1987;17.9812;17.6288;17.5134;17.1582;16.9823;16.6146;16.3417;15.9285;15.5104;15.2439;15",1.44328
"0.366667;0.533333;0.1"
21.4115,2.68,10.7057,"20.8302;20.5229;19.6706;19.1095;18.5799;18.4159;17.6665;16.7834;15.9678;15.3227;14.4723;14.0836;13.2579;12.6322;11.7419;11.0192;10.2128;9.2705;8.78696;8.27242;7.87486;7.01068;6.21229;5.35301;4.82388;4.05792;3.55519;2.90997;2.26145;1.84896;1","15.1138;15.2971;15.6624;15.9031;16.1355;16.2017;16.4345;16.794;17.1832;17.445;17.7791;17.9379;18.3305;18.4733;18.5844;18.7195;18.7099;18.7075;18.5911;18.5047;18.4545;18.1632;17.8055;17.3284;17.0243;16.5953;16.313;15.9111;15.4791;15.2439;15",1.33276
"0.366667;0.566667;0.0666667"
21.406,2.67338,10.703,"20.8302;20.5229;19.6706;19.1095;18.5799;18.2654;17.6153;16.7189;15.9678;15.5092;15.3227;14.4723;14.0836;13.4927;12.6322;11.6954;11.0192;10.2128;9.78741;8.95061;8.27242;7.87486;7.01068;6.21229;5.35301;4.82388;4.05792;3.55519;2.90997;2.26145;1.84896;1","15.1138;15.2971;15.6624;15.9031;16.1355;16.286;16.6009;16.9656;17.1832;17.3807;17.445;17.7791;17.9379;18.1569;18.4733;18.6422;18.7195;18.7099;18.7252;18.6707;18.5047;18.4545;18.1632;17.8055;17.3284;17.0243;16.5953;16.313;15.9111;15.4791;15.2439;15",1.40718
"0.366667;0.6;0.0333333"
21.489,2.68943,10.7445,"20.8302;20.3732;19.512;18.6897;18.5799;17.9149;17.3252;16.8178;15.9678;15.5791;15.3227;14.8806;14.0836;13.2579;12.6322;11.7419;11.0192;10.2128;9.78741;8.95061;8.27242;7.87486;7.01068;6.21229;5.35301;4.82388;4.05792;3.55519;2.90997;2.26145;1.84896;1","15.0517;15.2586;15.5417;16.0314;16.1355;16.2658;16.4256;16.7558;17.1832;17.3515;17.445;17.5517;17.9379;18.3305;18.4733;18.5844;18.7195;18.7099;18.7252;18.6707;18.5047;18.4545;18.1632;17.8055;17.3284;17.0243;16.5953;16.313;15.9111;15.4791;15.2439;15",1.49512
"0.366667;0.633333;0"
22.9597,256.498,3.24381,"20.9445;20.4377;19.7362;19.292;18.7974;17.9149;17.0567;16.2385;15.5377;14.6686;14.5212;13.951;13.5723;12.9841;12.129;11.1885;10.7276;10.1861;9.26438;8.40654;7.66567;7.08052;6.32788;5.61944;4.98389;4.53899;3.83023;2.99875;2.15388;1.95623;1.692;1.24729;1","14.8279;14.6105;14.2368;13.9163;13.651;13.2025;12.7238;12.3091;11.9526;11.5838;11.5103;11.0334;10.8437;10.4967;10.0851;9.84812;9.86893;10.0069;10.2417;10.6328;10.8796;11.0469;11.3053;11.5351;11.77;11.9469;12.2455;12.6041;12.9406;13.1879;13.6397;14.5166;15",0.800548
"0.4;0;0.6"
23.6071,15.2399,3.22833,"20.9445;20.4377;19.7362;18.8945;18.1958;18.0137;17.229;16.6193;16.0048;15.3745;15.1146;14.3695;14.1689;13.3966;12.7933;12.1513;11.4588;11.0861;10.3638;9.64114;9.33411;8.64266;8.20284;7.55938;7.0001;6.2215;5.50252;4.98389;4.53899;3.83023;2.99875;2.15388;1.95623;1.87327;1.47922;1.11122;1","14.8279;14.6105;14.2368;13.8318;13.4326;13.2927;12.7248;12.2718;11.941;11.5174;11.283;10.7469;10.5299;9.91424;9.6017;9.45615;9.199;9.19894;9.25265;9.49694;9.66915;10.0514;10.2816;10.6316;10.8903;11.2583;11.5409;11.77;11.9469;12.2455;12.6041;12.9406;13.1879;13.318;14.1841;14.8272;15",0.747298
"0.4;0.0333333;0.566667"
23.9356,11.1341,3.2478,"20.9445;20.594;19.7362;18.8945;18.1958;18.0137;17.229;16.6193;16.0318;15.3783;14.6993;14.2148;13.4962;12.872;12.4849;12.0218;11.7408;10.9936;10.3612;9.61556;8.92714;8.57668;7.71768;7.53414;6.72141;6.15121;5.39318;4.51201;3.83725;3.02954;2.15388;1.692;1.47922;1.11122;1","14.8279;14.5056;14.2368;13.8318;13.4326;13.2927;12.7248;12.2718;11.8524;11.3053;11.0204;10.3156;9.82795;9.42097;9.28474;9.17357;9.16215;9.06602;9.07184;9.08927;9.57543;9.79316;10.2659;10.3304;10.6795;10.9959;11.3364;11.738;12.0503;12.5269;12.9406;13.6397;14.1841;14.8272;15",0.720361
"0.4;0.0666667;0.533333"
24.0482,8.22985,3.04642,"20.9445;20.594;19.8102;19.1196;18.3802;18.184;17.4183;16.902;16.2944;15.6671;15.2464;14.4823;13.9474;13.248;12.5062;11.9446;11.4028;10.4205;10.227;9.37526;9.32674;8.53404;7.69785;7.30759;6.70571;6.21721;5.56976;4.85373;4.04566;3.83725;3.02954;2.15388;1.692;1.44043;1.02334;1","14.8279;14.5056;14.0316;13.601;13.2269;13.0828;12.5078;12.1261;11.63;10.9938;10.6215;10.1256;9.67907;9.3181;9.07092;8.95897;8.92521;8.86436;8.85105;9.06331;9.08206;9.47076;9.93471;10.1567;10.5098;10.7786;11.1171;11.5124;11.9601;12.0503;12.5269;12.9406;13.6397;14.3744;14.9846;15",0.79012
"0.4;0.1;0.5"
24.3291,8.11499,3.32057,"20.9445;20.594;20.3237;19.8671;19.4597;18.6926;17.9149;17.1244;16.6617;16.0318;15.4217;15.378;14.8104;14.1295;13.9474;13.248;12.5062;11.8206;10.8441;10.227;9.37526;9.32674;8.69019;7.82202;7.19608;6.41457;6.19876;5.56976;4.85373;4.04566;3.83725;3.02954;2.15388;1.692;1.44043;1.02334;1","14.8279;14.5056;14.2932;13.8003;13.5713;13.4915;13.2025;12.7534;12.4608;11.8524;11.2287;10.9395;10.423;9.82422;9.67907;9.3181;9.07092;8.95662;8.7902;8.85105;9.06331;9.08206;9.23854;9.66283;10.0372;10.5479;10.686;11.1171;11.5124;11.9601;12.0503;12.5269;12.9406;13.6397;14.3744;14.9846;15",1.03818
"0.4;0.133333;0.466667"
24.3673,6.75431,2.87535,"20.9445;20.594;19.8102;19.0726;18.2774;17.4148;17.254;16.5788;16.2944;15.8233;15.2464;14.6538;14.3772;14.0852;13.4133;13.0464;12.3189;11.4908;11.009;10.2086;9.23986;8.64175;8.48475;7.64165;6.84902;6.03887;5.28534;4.69449;4.04566;3.83725;3.02954;2.15388;1.692;1.44043;1.02334;1","14.8279;14.5056;14.0316;13.4224;12.8366;12.3592;12.2619;11.8093;11.63;11.0955;10.6215;9.99999;9.74576;9.52906;9.24037;9.11467;8.88315;8.69715;8.5939;8.6457;8.76047;9.02557;9.09582;9.41627;9.99204;10.5727;11.0556;11.4871;11.9601;12.0503;12.5269;12.9406;13.6397;14.3744;14.9846;15",1.07094
"0.4;0.166667;0.433333"
24.5461,6.04872,2.87261,"20.9445;20.594;19.8102;19.0726;18.6033;17.9003;17.4169;16.8186;16.2613;15.6402;15.0952;14.7985;14.283;13.4694;13.2769;12.6377;11.8765;11.009;10.443;9.58316;8.69273;7.95948;7.17997;6.45621;6.23083;5.54015;5.04576;4.46646;3.73016;3.56446;2.89787;2.15388;1.692;1.44043;1.02334;1","14.8279;14.5056;14.0316;13.4224;13.0748;12.5072;12.1787;11.6585;11.1221;10.5666;9.99242;9.6901;9.44546;9.01322;8.97036;8.8165;8.66695;8.5939;8.55111;8.61656;8.77938;9.06343;9.47329;10.0376;10.1716;10.6415;11.0189;11.3788;11.9611;11.9825;12.5017;12.9406;13.6397;14.3744;14.9846;15",1.14401
"0.4;0.2;0.4"
24.5993,6.09021,2.98183,"20.9445;20.594;19.8102;19.1558;18.4597;17.6987;17.4148;16.6035;16.3399;15.8431;15.6671;15.5866;15.0707;14.3772;13.6349;13.2769;12.6377;12.0598;11.5959;11.0128;10.443;9.58316;9.15036;8.62452;7.95948;7.17997;7.07027;6.52101;6.01286;5.4136;5.09586;4.51925;4.16698;3.73016;2.99875;2.28558;1.73954;1.44043;1.02334;1","14.8279;14.5056;14.0316;13.3745;13.0571;12.5588;12.3592;11.8091;11.5928;11.0606;10.9938;10.7205;10.2647;9.74576;9.21755;8.97036;8.8165;8.68403;8.55629;8.50066;8.55111;8.61656;8.65306;8.80874;9.06343;9.47329;9.60007;9.75147;10.0762;10.3363;10.5547;11.1303;11.5123;11.9611;12.6041;13.0108;13.8246;14.3744;14.9846;15",1.34436
"0.4;0.233333;0.366667"
24.8123,5.67977,3.11347,"20.9445;20.594;19.7362;19.3997;18.6926;18.184;17.4183;17.0755;16.3399;15.8431;15.4918;14.9445;14.181;13.6143;13.0372;12.2697;11.5959;11.0099;10.6025;9.68922;8.95951;8.41077;7.60541;7.16288;6.46084;6.01286;5.39242;4.58978;4.11466;3.56446;2.99875;2.28558;1.73954;1.44043;1.02334;1","14.8279;14.5056;14.2368;13.9326;13.4915;13.0828;12.5078;12.2545;11.5928;11.0606;10.4929;9.87881;9.24438;8.9853;8.69271;8.67047;8.55629;8.46697;8.36759;8.47451;8.6178;8.78398;9.04745;9.35643;9.73837;10.0762;10.3063;10.847;11.3105;11.9825;12.6041;13.0108;13.8246;14.3744;14.9846;15",1.42697
"0.4;0.266667;0.333333"
24.7825,5.2773,2.90166,"20.9445;20.594;19.8102;19.146;18.4927;17.843;17.3207;16.7961;16.1581;15.6071;14.7985;14.0823;13.6143;13.0372;12.5936;11.8447;11.5282;10.7567;10.6025;9.68922;8.95951;8.41077;7.60541;7.43953;6.62586;6.01286;5.43771;4.81153;4.02365;3.37499;2.72673;2.28558;2.03917;1.8177;1.35781;1.18586;1","14.8279;14.5056;14.0316;13.4499;12.9091;12.364;11.8934;11.5029;10.8603;10.2698;9.6901;9.24471;8.9853;8.69271;8.47878;8.36233;8.37052;8.2729;8.36759;8.47451;8.6178;8.78398;9.04745;9.08983;9.57508;10.0762;10.3714;10.7333;11.3299;11.9163;12.663;13.0108;13.5517;14.0697;14.7587;14.8795;15",1.4846
"0.4;0.3;0.3"
24.913,5.29434,2.94245,"20.9445;20.594;19.8102;19.0726;18.2774;17.4148;16.902;16.3399;15.8431;15.4918;14.9445;14.181;13.322;12.5936;11.8447;11.0953;10.2606;10.0832;9.7665;9.65908;8.73754;8.67539;8.13949;7.83644;7.43953;6.89573;6.2692;6.01286;5.4136;4.81153;4.11466;3.56446;3.12032;2.36739;2.28558;2.03917;1.8177;1.35781;1.18586;1","14.8279;14.5056;14.0316;13.4224;12.8366;12.3592;12.1261;11.5928;11.0606;10.4929;9.87881;9.24438;8.82868;8.47878;8.36233;8.22135;8.33765;8.30263;8.35972;8.4013;8.58684;8.59917;8.78478;8.91174;9.08983;9.38498;9.80731;10.0762;10.3363;10.7333;11.3105;11.9825;12.4609;12.9475;13.0108;13.5517;14.0697;14.7587;14.8795;15",1.65523
"0.4;0.333333;0.266667"
20.4514,5.01177,10.2257,"20.8302;20.021;19.2956;18.7879;17.8106;17.0678;16.3332;15.4996;14.8934;14.2049;13.497;12.5386;12.0917;11.4819;10.5503;9.55916;8.92493;8.27092;7.65129;6.7911;6.46186;5.6157;4.82319;4.42176;4.01848;3.1173;2.92157;2.62299;1.84896;1","15.0517;15.2926;15.5015;15.5801;15.7765;15.8964;16.086;16.285;16.4877;16.6814;16.8504;17.0661;17.139;17.3342;17.3473;17.3295;17.2857;17.1437;16.9941;16.7215;16.6397;16.3783;16.199;16.0509;15.8897;15.5793;15.524;15.4425;15.2439;15",1.94003
"0.4;0.366667;0.233333"
20.6756,4.52793,10.3378,"20.8302;19.8911;19.6823;18.7879;17.8106;17.0678;16.3797;15.5316;14.7989;14.2049;13.4244;12.5661;11.73;11.0946;10.1928;9.32851;8.41712;7.65129;6.7911;6.46186;5.6157;4.82319;4.42176;4.01848;3.1173;2.92157;2.62299;1.84896;1","15.0517;15.1022;15.181;15.5801;15.7765;15.8964;15.9963;16.1476;16.4511;16.6814;16.9651;17.2307;17.3733;17.4841;17.8004;17.5695;17.2777;16.9941;16.7215;16.6397;16.3783;16.199;16.0509;15.8897;15.5793;15.524;15.4425;15.2439;15",1.68531
"0.4;0.4;0.2"
20.6584,3.93102,10.3292,"20.8302;20.021;19.2956;18.7749;18.5077;17.8087;16.9286;16.4666;15.9604;15.3996;14.6768;14.2105;13.5958;13.0028;12.1;11.2277;10.6936;10.1928;9.28617;8.44989;7.96527;7.31976;6.66788;5.87713;5.02865;4.53075;4.01848;3.1173;2.92157;2.62299;1.84896;1","15.0517;15.2926;15.5015;15.615;15.6941;15.9412;16.2064;16.3231;16.4988;16.6891;16.9032;17.0365;17.2105;17.3629;17.5324;17.6614;17.779;17.8004;17.736;17.4353;17.2635;17.0658;16.8558;16.6127;16.3318;16.1039;15.8897;15.5793;15.524;15.4425;15.2439;15",1.561
"0.4;0.433333;0.166667"
20.9611,3.4672,10.4805,"20.8302;20.021;19.2956;18.7749;18.5077;17.8087;16.9286;16.2555;15.695;15.0474;14.5836;14.0928;13.5958;13.129;12.5127;12.0774;11.3862;10.4177;9.72696;9.10961;8.26065;7.41211;6.51548;6.17895;5.57134;4.95837;4.28916;3.51856;2.72696;1.84896;1","15.0517;15.2926;15.5015;15.615;15.6941;15.9412;16.2064;16.3384;16.4639;16.6348;16.8759;17.0428;17.2105;17.381;17.7144;17.9649;18.0836;18.2087;18.2167;18.0931;17.8236;17.4931;17.1671;17.0005;16.7361;16.5077;16.2476;15.9285;15.5104;15.2439;15",1.46463
"0.4;0.466667;0.133333"
21.1543,2.97592,10.5771,"20.8302;20.3732;19.512;18.7175;17.9216;17.3252;17.1636;16.3183;15.3664;14.6728;14.3386;13.5113;12.7718;12.087;11.5278;10.5844;9.97157;9.14401;8.60456;7.90429;7.07118;6.53159;5.84053;5.41322;4.61941;4.15272;3.51856;2.72696;1.84896;1","15.1138;15.2586;15.5417;15.8478;16.1599;16.4256;16.4459;16.7888;17.0919;17.3232;17.4953;17.8292;18.0568;18.2219;18.2686;18.5716;18.4776;18.314;18.1987;17.9812;17.6288;17.4566;17.2094;16.9823;16.6146;16.3417;15.9285;15.5104;15.2439;15",1.32392
"0.4;0.5;0.1"
21.393,2.68649,10.6965,"20.8302;20.5229;19.904;19.0626;18.2473;17.6153;16.7189;15.9678;15.3227;14.623;14.0881;13.2579;12.6322;11.6954;11.0192;10.2128;9.2705;8.62744;8.07775;7.21278;6.70468;5.80278;5.35301;4.82388;4.05792;3.55519;2.89349;2.26145;1.38826;1","15.1138;15.2971;15.5569;15.8273;16.2825;16.6009;16.9656;17.1832;17.445;17.793;18.006;18.3305;18.4733;18.6422;18.7195;18.7099;18.7075;18.5045;18.3231;18.1167;17.8453;17.4731;17.3284;17.0243;16.5953;16.313;15.8498;15.4791;15.1471;15",1.25782
"0.4;0.533333;0.0666667"
21.385,2.79082,10.6925,"20.8302;20.021;19.4989;19.4406;19.0626;18.5799;18.2473;17.41;16.8178;16.0128;15.3613;15.0952;14.264;13.8156;12.9104;12.3468;11.7419;10.923;10.1326;9.36203;8.57058;8.07775;7.2627;6.70468;5.80278;5.07791;4.82388;4.05792;3.55519;2.90997;2.26145;1.84896;1","15.0517;15.2926;15.4714;15.4875;15.8273;16.1355;16.2825;16.5652;16.7558;17.0451;17.184;17.3213;17.7116;17.8654;18.193;18.3746;18.5844;18.5932;18.6267;18.5641;18.5048;18.3231;18.0898;17.8453;17.4731;17.196;17.0243;16.5953;16.313;15.9111;15.4791;15.2439;15",1.39519
"0.4;0.566667;0.0333333"
21.4295,2.67381,10.7148,"20.8302;20.5229;19.6706;19.1095;18.5799;18.2654;17.6153;17.3105;16.7834;16.0128;15.3227;14.623;14.0881;13.2579;12.6322;12.2398;11.5024;11.0192;10.2128;9.78741;8.93826;8.27242;7.87486;7.01068;6.21229;5.35301;4.82388;4.05792;3.55519;2.90997;2.26145;1.84896;1","15.1138;15.2971;15.6624;15.9031;16.1355;16.286;16.6009;16.6799;16.794;17.0451;17.445;17.793;18.006;18.3305;18.4733;18.576;18.6581;18.7195;18.7099;18.7252;18.5674;18.5047;18.4545;18.1632;17.8055;17.3284;17.0243;16.5953;16.313;15.9111;15.4791;15.2439;15",1.40744
"0.4;0.6;0"
22.9597,256.498,3.24381,"20.9445;20.4377;19.7362;19.292;18.7974;17.9149;17.0567;16.2385;15.5377;14.6686;14.5212;13.951;13.5723;12.9841;12.129;11.1885;10.7276;10.1861;9.26438;8.40654;7.66567;7.08052;6.32788;5.61944;4.98389;4.53899;3.83023;2.99875;2.15388;1.95623;1.692;1.24729;1","14.8279;14.6105;14.2368;13.9163;13.651;13.2025;12.7238;12.3091;11.9526;11.5838;11.5103;11.0334;10.8437;10.4967;10.0851;9.84812;9.86893;10.0069;10.2417;10.6328;10.8796;11.0469;11.3053;11.5351;11.77;11.9469;12.2455;12.6041;12.9406;13.1879;13.6397;14.5166;15",0.756073
"0.433333;0;0.566667"
23.6365,15.7044,3.23451,"20.8302;20.1899;19.5834;18.8001;18.0137;17.229;16.6193;16.3354;15.494;14.6993;14.1023;13.4962;12.7042;12.1899;11.8233;11.357;10.7454;10.1482;9.45472;8.64266;8.20284;7.55938;7.0001;6.2215;5.50252;4.98389;4.53899;3.83023;2.99875;2.15388;1.95623;1.87327;1.47922;1.11122;1","15.0517;14.7205;14.3699;13.7873;13.2927;12.7248;12.2718;12.0665;11.5645;11.0204;10.4872;9.82795;9.43995;9.26732;9.28113;9.31634;9.37188;9.39887;9.64357;10.0514;10.2816;10.6316;10.8903;11.2583;11.5409;11.77;11.9469;12.2455;12.6041;12.9406;13.1879;13.318;14.1841;14.8272;15",0.705724
"0.433333;0.0333333;0.533333"
23.8483,10.1766,3.03714,"20.9445;20.594;19.8102;19.1708;18.8613;18.184;17.4183;16.902;16.2944;15.578;15.378;14.7542;14.0154;13.2981;12.4432;11.5608;10.8839;9.97395;9.44196;8.57668;7.71768;7.53414;6.72141;6.15121;5.39318;4.51201;3.83725;3.02954;2.15388;1.692;1.47922;1.11122;1","14.8279;14.5056;14.0316;13.6396;13.4865;13.0828;12.5078;12.1261;11.63;11.1141;10.9395;10.5803;9.94314;9.44009;9.18146;9.0449;9.01983;9.09425;9.35337;9.79316;10.2659;10.3304;10.6795;10.9959;11.3364;11.738;12.0503;12.5269;12.9406;13.6397;14.1841;14.8272;15",0.656531
"0.433333;0.0666667;0.5"
23.9991,8.7564,3.04488,"20.9445;20.594;19.8102;19.1708;18.8613;18.184;17.4183;16.8898;16.2318;15.6334;15.0435;14.8187;14.7542;14.0154;13.2981;12.7761;11.8518;11.1372;10.6436;10.3247;9.99564;9.32674;8.53404;7.69785;7.30759;6.70571;6.21721;5.56976;4.85373;4.04566;3.83725;3.02954;2.15388;1.692;1.44043;1.02334;1","14.8279;14.5056;14.0316;13.6396;13.4865;13.0828;12.5078;12.1848;11.8209;11.3886;10.8426;10.6918;10.5803;9.94314;9.44009;9.19493;9.00278;8.916;8.90032;8.90238;8.92552;9.08206;9.47076;9.93471;10.1567;10.5098;10.7786;11.1171;11.5124;11.9601;12.0503;12.5269;12.9406;13.6397;14.3744;14.9846;15",0.842774
"0.433333;0.1;0.466667"
24.1535,7.58451,2.92548,"20.9445;20.594;20.3237;19.8671;19.1558;18.6033;18.2774;17.4148;16.7958;16.3399;15.6671;14.8742;14.3772;13.7803;13.0464;12.7637;11.9855;11.1372;10.6436;9.99564;9.23356;8.48956;8.06387;7.51266;7.03669;6.32064;5.60588;4.85373;4.35814;3.6574;2.79632;2.28558;1.73954;1.44043;1.02334;1","14.8279;14.5056;14.2932;13.8003;13.3745;13.0748;12.8366;12.3592;11.9056;11.5928;10.9938;10.4433;9.74576;9.49507;9.11467;9.07707;8.8524;8.916;8.90032;8.92552;8.9759;9.27257;9.41087;9.77061;10.0811;10.4834;10.9931;11.5124;11.8622;12.3479;12.8025;13.0108;13.8246;14.3744;14.9846;15",0.967447
"0.433333;0.133333;0.433333"
24.2972,6.66893,2.91723,"20.9445;20.594;19.8102;19.0726;18.2774;17.4148;16.7958;16.2944;15.8992;15.204;14.6538;14.0852;13.4395;12.5493;12.2815;11.4908;11.1062;11.009;10.2086;10.1825;9.46292;8.91384;8.64175;8.48475;7.64165;6.84902;6.28746;5.60588;4.85373;4.51201;3.95051;3.15705;2.28558;1.73954;1.44043;1.02334;1","14.8279;14.5056;14.0316;13.4224;12.8366;12.3592;11.9056;11.63;11.2427;10.5703;9.99999;9.52906;9.14383;8.91614;8.85699;8.69715;8.59716;8.5939;8.6457;8.66399;8.76697;8.9568;9.02557;9.09582;9.41627;9.99204;10.4966;10.9931;11.5124;11.738;12.1101;12.5605;13.0108;13.8246;14.3744;14.9846;15",1.05671
"0.433333;0.166667;0.4"
24.4404,6.14412,2.87708,"20.9445;20.594;19.8102;19.146;18.4927;17.843;17.0726;16.7961;16.1581;15.6402;14.9068;14.283;13.7474;13.4395;12.5117;11.637;11.009;10.443;9.58316;8.71799;7.95948;7.38172;6.52101;6.01286;5.43771;4.9424;4.56445;4.16698;3.75515;3.12032;2.28558;1.73954;1.44043;1.02334;1","14.8279;14.5056;14.0316;13.4499;12.9091;12.364;11.7525;11.5029;10.8603;10.5666;9.97171;9.44546;9.20493;9.14383;8.94722;8.73678;8.5939;8.55111;8.61656;8.79182;9.06343;9.38036;9.75147;10.0762;10.3714;10.7911;11.1122;11.5123;11.9002;12.4609;13.0108;13.8246;14.3744;14.9846;15",1.16309
"0.433333;0.2;0.366667"
24.5067,6.13823,2.92507,"20.9445;20.594;19.8102;19.1558;18.6033;18.2774;17.4148;16.7958;16.3399;15.6671;15.5866;15.0707;14.6538;14.2395;13.4395;12.6377;12.0598;11.5959;10.7503;10.443;9.58316;8.71799;7.95948;7.17997;6.45621;6.23083;5.55214;5.00274;4.88343;4.46646;3.73016;2.99875;2.28558;1.73954;1.44043;1.02334;1","14.8279;14.5056;14.0316;13.3745;13.0748;12.8366;12.3592;11.9056;11.5928;10.9938;10.7205;10.2647;9.99999;9.58442;9.14383;8.8165;8.68403;8.55629;8.45403;8.55111;8.61656;8.79182;9.06343;9.47329;10.0376;10.1716;10.5349;10.8997;10.9976;11.3788;11.9611;12.6041;13.0108;13.8246;14.3744;14.9846;15",1.35557
"0.433333;0.233333;0.333333"
24.8256,5.76533,2.94051,"20.9445;20.5615;20.3177;19.4331;19.1558;18.4241;17.8085;17.2199;16.8186;16.2613;15.6402;14.9445;14.7985;14.5504;14.181;13.6728;13.0372;12.2697;11.5959;11.0128;10.443;9.58316;9.15036;8.69273;8.0655;7.38172;7.07027;6.45621;5.84118;5.55214;5.00274;4.88343;4.46646;3.73016;2.98854;2.28558;1.81564;1.44043;1.02334;1","14.8279;13.9093;13.726;13.3306;13.3745;12.6979;12.2492;12.0348;11.6585;11.1221;10.5666;9.87881;9.6901;9.47852;9.24438;8.96374;8.69271;8.67047;8.55629;8.50066;8.55111;8.61656;8.65306;8.77938;8.98189;9.38036;9.60007;10.0376;10.3212;10.5349;10.8997;10.9976;11.3788;11.9611;12.5805;13.0108;13.7764;14.3744;14.9846;15",1.44978
"0.433333;0.266667;0.3"
24.6445,5.66467,2.84711,"20.9445;20.594;19.8102;19.1558;18.4241;17.8085;17.2199;16.8186;16.2613;15.4918;14.7733;14.283;13.6143;13.038;12.0598;11.5959;10.8715;10.5185;9.68922;8.95951;8.0655;7.16288;6.46084;6.01286;5.8231;5.55214;5.00274;4.88343;4.16698;3.73016;2.98854;2.36739;2.28558;2.03917;1.8177;1.35781;1.18586;1","14.8279;14.5056;14.0316;13.3745;12.6979;12.2492;12.0348;11.6585;11.1221;10.4929;9.86702;9.44546;8.9853;8.87382;8.68403;8.55629;8.46835;8.41202;8.47451;8.6178;8.98189;9.35643;9.73837;10.0762;10.2545;10.5349;10.8997;10.9976;11.5123;11.9611;12.5805;12.9475;13.0108;13.5517;14.0697;14.7587;14.8795;15",1.60081
"0.433333;0.3;0.266667"
20.5754,5.42099,10.2877,"20.8302;20.021;19.2956;18.7749;18.2232;17.2862;17.0678;16.3797;15.5316;15.0639;14.1198;13.5161;12.9217;12.0917;11.3709;10.694;9.92959;8.95842;8.27092;7.65129;6.95231;5.99189;5.02865;4.53075;3.67422;3.1173;2.92157;2.62299;1.84896;1","15.0517;15.2926;15.5015;15.615;15.4314;15.74;15.8964;15.9963;16.1476;16.2926;16.553;16.749;16.8766;17.139;17.1278;17.1839;17.3981;17.2275;17.1437;16.9941;16.8531;16.5938;16.3318;16.1039;15.7578;15.5793;15.524;15.4425;15.2439;15",1.9545
"0.433333;0.333333;0.233333"
20.5257,4.6937,10.2629,"20.8302;19.8911;19.6823;18.8262;18.1058;17.5352;16.7133;15.8807;15.1015;14.2049;13.6746;12.8627;12.3817;11.5738;10.6903;9.70706;9.52363;8.94452;8.27092;7.65129;6.7911;6.46186;5.6157;4.82319;4.42176;4.01848;3.1173;2.92157;2.62299;1.84896;1","15.0517;15.1022;15.181;15.4694;15.6549;15.8354;16.0697;16.2917;16.5316;16.6814;16.7912;17.0831;17.2138;17.3733;17.5345;17.4933;17.4326;17.3188;17.1437;16.9941;16.7215;16.6397;16.3783;16.199;16.0509;15.8897;15.5793;15.524;15.4425;15.2439;15",1.67032
"0.433333;0.366667;0.2"
20.8604,4.08917,10.4302,"20.9445;20.7394;19.9099;19.6823;18.8262;18.1058;17.5352;16.6868;15.8807;15.1015;14.1875;13.9561;13.7025;12.8924;12.5489;11.6895;11.0304;10.6731;10.0136;9.28617;8.44989;7.96527;7.31976;6.66788;5.87713;5.02865;4.53075;4.01848;3.1173;2.92157;2.62299;1.84896;1","14.8279;14.8927;15.1305;15.181;15.4694;15.6549;15.8354;16.1022;16.2917;16.5316;16.8805;17.012;17.078;17.3192;17.3719;17.5156;17.6476;17.7436;17.8987;17.736;17.4353;17.2635;17.0658;16.8558;16.6127;16.3318;16.1039;15.8897;15.5793;15.524;15.4425;15.2439;15",1.50421
"0.433333;0.4;0.166667"
20.8991,3.74438,10.4495,"20.8302;20.021;19.2956;18.7749;17.8106;16.8826;16.296;15.3255;14.7719;13.9561;13.129;12.569;11.8044;11.1366;10.7321;9.94935;9.33235;8.49257;7.58625;6.66415;6.51559;5.57134;5.0982;4.28916;3.51856;2.98714;2.42694;1.84896;1","15.0517;15.2926;15.5015;15.615;15.7765;16.0259;16.1821;16.2208;16.5293;17.012;17.381;17.5644;17.7288;17.8999;17.9848;18.086;18.0324;17.7465;17.406;17.0731;17.0044;16.7361;16.5931;16.2476;15.9285;15.6618;15.4766;15.2439;15",1.48012
"0.433333;0.433333;0.133333"
21.3436,3.0395,10.6718,"20.9445;20.7394;19.9353;19.2956;18.7828;18.0651;17.2743;16.5205;15.8554;15.1923;14.2991;13.4002;12.4735;11.5278;10.5844;9.97157;9.14401;8.60456;7.90429;7.07118;6.53159;5.84053;5.41322;4.61941;4.15272;3.51856;2.98714;2.42694;1.84896;1","14.8279;14.8927;15.1734;15.5015;15.6739;15.9441;16.2571;16.5774;16.798;17.046;17.344;17.7742;18.0948;18.2686;18.5716;18.4776;18.314;18.1987;17.9812;17.6288;17.4566;17.2094;16.9823;16.6146;16.3417;15.9285;15.6618;15.4766;15.2439;15",1.26506
"0.433333;0.466667;0.1"
21.2589,2.82511,10.6295,"20.8302;20.5229;19.6706;19.0626;18.1575;17.3252;17.1636;16.3183;15.6723;15.0952;14.264;13.8156;12.9104;12.3468;11.7056;10.923;10.1326;9.36203;8.44077;7.72273;7.20323;6.68485;6.59559;5.84053;5.41322;4.61941;4.15272;3.51856;2.72696;1.84896;1","15.1138;15.2971;15.6624;15.8273;16.147;16.4256;16.4459;16.7888;17.0807;17.3213;17.7116;17.8654;18.193;18.3746;18.5231;18.5932;18.6267;18.5641;18.2865;18.1012;17.846;17.6481;17.6135;17.2094;16.9823;16.6146;16.3417;15.9285;15.5104;15.2439;15",1.27685
"0.433333;0.5;0.0666667"
21.3103,2.81556,10.6552,"20.8302;20.3732;19.512;18.7175;17.9216;17.3252;17.1636;16.3183;15.6723;14.7697;13.8518;12.9651;12.3468;11.901;10.923;10.6963;10.1326;9.36203;8.93826;8.57058;8.07775;7.22481;6.38948;5.80278;5.35301;4.82388;4.05792;3.55519;2.89349;2.26145;1.38826;1","15.1138;15.2586;15.5417;15.8478;16.1599;16.4256;16.4459;16.7888;17.0807;17.4245;17.811;18.1328;18.3746;18.475;18.5932;18.6006;18.6267;18.5641;18.5674;18.5048;18.3231;18.193;17.7828;17.4731;17.3284;17.0243;16.5953;16.313;15.8498;15.4791;15.1471;15",1.32666
"0.433333;0.533333;0.0333333"
21.3478,2.76491,10.6739,"20.8302;20.5229;19.904;19.0626;18.2473;17.6153;17.4741;16.7189;15.9678;15.6062;15.3227;14.4723;13.8156;12.9104;12.3468;11.7419;10.923;10.6963;10.2141;9.36203;8.57058;8.07775;7.21278;6.70468;5.80278;5.35301;4.82388;4.05792;3.55519;2.89349;2.26145;1.38826;1","15.1138;15.2971;15.5569;15.8273;16.2825;16.6009;16.6642;16.9656;17.1832;17.3893;17.445;17.7791;17.8654;18.193;18.3746;18.5844;18.5932;18.6006;18.5823;18.5641;18.5048;18.3231;18.1167;17.8453;17.4731;17.3284;17.0243;16.5953;16.313;15.8498;15.4791;15.1471;15",1.38087
"0.433333;0.566667;0"
22.9597,256.498,3.24381,"20.9445;20.4377;19.7362;19.292;18.7974;17.9149;17.0567;16.2385;15.5377;14.6686;14.5212;13.951;13.5723;12.9841;12.129;11.1885;10.7276;10.1861;9.26438;8.40654;7.66567;7.08052;6.32788;5.61944;4.98389;4.53899;3.83023;2.99875;2.15388;1.95623;1.692;1.24729;1","14.8279;14.6105;14.2368;13.9163;13.651;13.2025;12.7238;12.3091;11.9526;11.5838;11.5103;11.0334;10.8437;10.4967;10.0851;9.84812;9.86893;10.0069;10.2417;10.6328;10.8796;11.0469;11.3053;11.5351;11.77;11.9469;12.2455;12.6041;12.9406;13.1879;13.6397;14.5166;15",0.711598
"0.466667;0;0.533333"
23.5405,16.6023,3.03455,"20.9445;20.4377;20.0266;19.292;18.6926;18.184;17.4183;16.8898;16.2006;15.3783;14.6886;14.2389;14.1023;13.3279;12.7933;12.1513;11.4417;10.5032;9.71982;8.86041;8.12995;7.55938;7.0001;6.2215;5.50252;4.98389;4.53899;3.83023;2.99875;2.15388;1.95623;1.87327;1.47922;1.11122;1","14.8279;14.6105;14.4108;13.9163;13.4915;13.0828;12.5078;12.1848;11.8101;11.3053;10.7169;10.4839;10.4872;9.89611;9.6017;9.45615;9.28722;9.35125;9.62669;9.91845;10.3044;10.6316;10.8903;11.2583;11.5409;11.77;11.9469;12.2455;12.6041;12.9406;13.1879;13.318;14.1841;14.8272;15",0.562493
"0.466667;0.0333333;0.5"
23.7398,10.5581,2.91973,"20.9445;20.594;19.8102;19.1558;18.6033;18.2774;17.4148;17.254;16.5788;16.2944;15.578;15.378;14.7887;14.0161;13.4962;12.6735;11.8233;10.9132;9.96416;9.32674;8.53404;7.69785;7.30759;6.70571;5.92256;5.23451;4.42696;3.6574;2.79632;2.28558;1.73954;1.44043;1","14.8279;14.5056;14.0316;13.3745;13.0748;12.8366;12.3592;12.2619;11.8093;11.63;11.1141;10.9395;10.587;10.1128;9.82795;9.57926;9.28113;9.05337;9.02346;9.08206;9.47076;9.93471;10.1567;10.5098;10.9696;11.409;11.8666;12.3479;12.8025;13.0108;13.8246;14.3744;15",0.68196
"0.466667;0.0666667;0.466667"
24.0238,9.97276,3.31914,"20.9445;20.594;19.8102;19.1196;18.6926;17.9149;17.1244;16.4255;15.9526;15.3745;14.8187;14.2389;13.4962;12.872;12.0218;11.5608;10.9529;10.3496;9.80065;9.32674;8.96992;8.60914;7.92101;7.34192;6.70571;5.92256;5.23451;4.42696;3.95051;3.15705;2.28558;1.73954;1.44043;1.02334;1","14.8279;14.5056;14.0316;13.601;13.4915;13.2025;12.7534;12.5257;12.2235;11.5174;10.6918;10.4839;9.82795;9.42097;9.17357;9.0449;9.01391;8.96507;8.96977;9.08206;9.13067;9.39414;9.83076;10.1511;10.5098;10.9696;11.409;11.8666;12.1101;12.5605;13.0108;13.8246;14.3744;14.9846;15",0.964411
"0.466667;0.1;0.433333"
24.0822,8.35061,3.26324,"20.9445;20.594;19.8102;19.1196;18.3666;17.4848;16.7257;16.0318;15.3783;14.7542;14.266;13.9474;13.383;12.4432;11.8206;10.8441;10.227;9.37526;9.32674;8.96992;8.48956;7.82202;7.28981;6.62483;5.92256;5.23451;4.35814;3.6574;3.15705;2.28558;1.73954;1.44043;1.02334;1","14.8279;14.5056;14.0316;13.601;13.3186;12.9119;12.3057;11.8524;11.3053;10.5803;9.98187;9.67907;9.48728;9.18146;8.95662;8.7902;8.85105;9.06331;9.08206;9.13067;9.27257;9.66283;10.0407;10.4945;10.9696;11.409;11.8622;12.3479;12.5605;13.0108;13.8246;14.3744;14.9846;15",1.06959
"0.466667;0.133333;0.4"
24.2477,7.0237,2.91566,"20.9445;20.594;19.8102;19.0726;18.2774;17.4148;16.7958;16.3399;15.8431;15.4384;15.0707;14.3772;13.5199;13.0464;12.5117;11.8206;10.8441;10.3413;9.46292;9.23986;8.64175;8.48475;7.64165;6.84902;6.03887;5.28534;4.69449;3.95051;3.6574;2.99875;2.28558;1.73954;1.44043;1.02334;1","14.8279;14.5056;14.0316;13.4224;12.8366;12.3592;11.9056;11.5928;11.0606;10.6455;10.2647;9.74576;9.31937;9.11467;8.94722;8.95662;8.7902;8.74511;8.76697;8.76047;9.02557;9.09582;9.41627;9.99204;10.5727;11.0556;11.4871;12.1101;12.3479;12.6041;13.0108;13.8246;14.3744;14.9846;15",1.11584
"0.466667;0.166667;0.366667"
24.3614,6.27812,2.91487,"20.9445;20.594;19.8102;19.0726;18.2774;17.7806;17.4169;16.7864;16.2613;15.6402;14.9068;14.2395;13.4133;13.0464;12.3189;11.4908;11.009;10.443;9.58316;8.69273;7.95948;7.38172;7.07027;6.45621;6.31348;5.54015;4.84521;4.31932;3.61188;3.02954;2.72673;2.28558;1.73954;1.44043;1.02334;1","14.8279;14.5056;14.0316;13.4224;12.8366;12.4479;12.1787;11.577;11.1221;10.5666;9.97171;9.58442;9.24037;9.11467;8.88315;8.69715;8.5939;8.55111;8.61656;8.77938;9.06343;9.38036;9.60007;10.0376;10.1891;10.6415;11.0803;11.6181;12.1327;12.5269;12.663;13.0108;13.8246;14.3744;14.9846;15",1.18989
"0.466667;0.2;0.333333"
24.475,6.20893,2.91823,"20.9445;20.594;19.8102;19.146;18.6033;18.2774;17.4148;16.7958;16.3399;15.8431;15.2876;15.0707;14.5311;13.7474;12.8871;12.2815;11.4908;11.009;10.443;9.58316;8.69273;8.0655;7.38172;6.70321;5.92758;5.11342;4.46646;3.73016;2.99875;2.28558;1.73954;1.44043;1.02334;1","14.8279;14.5056;14.0316;13.4499;13.0748;12.8366;12.3592;11.9056;11.5928;11.0606;10.506;10.2647;9.76436;9.20493;8.91319;8.85699;8.69715;8.5939;8.55111;8.61656;8.77938;8.98189;9.38036;9.58957;10.1711;10.7126;11.3788;11.9611;12.6041;13.0108;13.8246;14.3744;14.9846;15",1.37207
"0.466667;0.233333;0.3"
24.6683,5.84504,2.8494,"20.9445;20.594;20.3237;19.8671;19.1558;18.4241;17.8085;17.3207;16.7961;16.1581;15.6402;15.1713;14.7985;14.2943;13.6143;12.8871;12.0598;11.5959;11.0128;10.443;9.58316;9.15036;8.29999;7.38172;6.71653;6.31348;5.54015;5.04576;4.31932;3.61188;2.98854;2.28558;2.03917;1.8177;1.35781;1.18586;1","14.8279;14.5056;14.2932;13.8003;13.3745;12.6979;12.2492;11.8934;11.5029;10.8603;10.5666;9.82006;9.6901;9.21251;8.9853;8.91319;8.68403;8.55629;8.50066;8.55111;8.61656;8.65306;9.15931;9.38036;9.88047;10.1891;10.6415;11.0189;11.6181;12.1327;12.5805;13.0108;13.5517;14.0697;14.7587;14.8795;15",1.47104
"0.466667;0.266667;0.266667"
20.4508,5.30805,10.2254,"20.8302;20.021;19.2956;18.4557;17.5298;16.6868;15.8807;15.7;14.8778;14.1897;13.497;12.5386;12.0917;11.4408;10.6656;10.266;9.59293;9.31723;8.35829;7.85382;6.96549;6.6066;6.11583;5.50262;4.5875;3.67422;3.1173;2.92157;2.62299;1.84896;1","15.0517;15.2926;15.5015;15.6892;15.9253;16.1022;16.2917;16.3331;16.5689;16.725;16.8504;17.0661;17.139;17.2498;17.4408;17.4479;17.1675;17.0673;16.7909;16.6631;16.4915;16.3886;16.3252;16.1609;15.9932;15.7578;15.5793;15.524;15.4425;15.2439;15",1.93997
"0.466667;0.3;0.233333"
20.6238,4.91184,10.3119,"20.9445;20.7394;19.9099;19.6823;18.8262;17.977;17.0678;16.3797;15.6343;14.7129;14.2049;14.0873;13.1359;12.3849;11.4819;10.5503;9.55916;8.92493;8.27092;7.65129;6.95231;5.99189;5.24826;4.53075;3.67422;3.1173;2.92157;2.62299;1.84896;1","14.8279;14.8927;15.1305;15.181;15.4694;15.6614;15.8964;15.9963;16.2099;16.5073;16.6814;16.7177;17.0064;17.1833;17.3342;17.3473;17.3295;17.2857;17.1437;16.9941;16.8531;16.5938;16.3739;16.1039;15.7578;15.5793;15.524;15.4425;15.2439;15",1.68247
"0.466667;0.333333;0.2"
20.7955,4.2399,10.3977,"20.9445;20.7394;19.9099;19.6823;18.8262;17.977;17.0678;16.296;15.695;14.8573;14.5037;13.7941;12.8924;12.6461;12.2151;11.3491;10.8126;9.85649;9.32851;8.41712;7.65129;6.95231;5.99189;5.02865;4.53075;3.67422;3.1173;2.92157;2.62299;1.84896;1","14.8279;14.8927;15.1305;15.181;15.4694;15.6614;15.8964;16.1821;16.4639;16.7122;16.8154;17.0297;17.3192;17.3816;17.448;17.4966;17.5954;17.7357;17.5695;17.2777;16.9941;16.8531;16.5938;16.3318;16.1039;15.7578;15.5793;15.524;15.4425;15.2439;15",1.60237
"0.466667;0.366667;0.166667"
20.9935,3.5615,10.4968,"20.8302;20.5757;19.7224;18.9867;18.3772;17.4741;17.3105;16.3183;15.5035;14.7427;13.8636;12.9734;12.569;11.8044;11.4899;10.7356;10.4809;9.49846;8.8566;8.04217;7.58625;6.66415;6.28093;5.57134;5.0982;4.28916;3.51856;2.98714;2.42694;1.84896;1","15.1138;15.6485;15.9239;16.2444;16.4282;16.6642;16.6799;16.7888;16.9584;17.131;17.219;17.4578;17.5644;17.7288;17.8211;17.9077;17.9572;17.9684;17.8374;17.5758;17.406;17.0731;16.9951;16.7361;16.5931;16.2476;15.9285;15.6618;15.4766;15.2439;15",1.49895
"0.466667;0.4;0.133333"
21.1557,3.26012,10.5778,"20.9445;20.7394;19.9099;19.6823;18.7879;18.5077;17.8087;17.1513;16.4872;15.674;15.1036;14.7427;13.8949;13.4389;12.8408;12.0774;11.3862;10.4177;10.3896;9.68361;9.31564;8.39247;7.64993;7.24594;6.38709;5.57134;5.0982;4.28916;3.51856;2.98714;2.42694;1.84896;1","14.8279;14.8927;15.1305;15.181;15.5801;15.6941;15.9412;16.2288;16.4706;16.7545;16.9789;17.131;17.497;17.649;17.7267;17.9649;18.0836;18.2087;18.2249;18.213;18.1785;17.9615;17.6845;17.5176;17.2384;16.7361;16.5931;16.2476;15.9285;15.6618;15.4766;15.2439;15",1.43429
"0.466667;0.433333;0.1"
21.3686,3.02967,10.6843,"20.9445;20.7394;19.9353;19.2956;18.7749;18.478;17.7926;17.1513;16.4872;15.674;15.1036;14.2991;13.4002;12.4735;11.5278;10.6205;9.97157;9.45392;8.95642;8.44077;7.72273;7.20323;6.68485;6.59559;6.34689;5.84053;5.41322;4.61941;4.15272;3.51856;2.98714;2.42694;1.84896;1","14.8279;14.8927;15.1734;15.5015;15.615;15.7712;16.0191;16.2288;16.4706;16.7545;16.9789;17.344;17.7742;18.0948;18.2686;18.4325;18.4776;18.5213;18.4242;18.2865;18.1012;17.846;17.6481;17.6135;17.4962;17.2094;16.9823;16.6146;16.3417;15.9285;15.6618;15.4766;15.2439;15",1.33493
"0.466667;0.466667;0.0666667"
21.4356,2.87865,10.7178,"20.9445;20.7394;20.021;19.512;18.7175;17.9149;17.5981;16.7287;16.0128;15.0952;14.3714;13.8518;13.4668;12.553;12.3278;11.4732;10.5844;10.1326;9.45392;8.58903;8.11224;7.34907;7.20323;6.68485;6.59559;6.34689;5.84053;5.41322;4.61941;4.15272;3.51856;2.98714;2.42694;1.84896;1","14.8279;14.8927;15.2926;15.5417;15.8478;16.2658;16.4188;16.7583;17.0451;17.3213;17.5848;17.811;17.8993;18.2232;18.3271;18.4246;18.5716;18.6267;18.5213;18.2722;18.075;17.8859;17.846;17.6481;17.6135;17.4962;17.2094;16.9823;16.6146;16.3417;15.9285;15.6618;15.4766;15.2439;15",1.30363
"0.466667;0.5;0.0333333"
21.4329,2.7308,10.7164,"20.8302;20.4937;19.6786;18.743;17.8985;17.4741;16.7189;15.9678;15.3227;14.623;14.0881;13.2579;12.6322;11.8807;11.0192;10.1326;9.45392;8.58903;8.11224;7.34907;7.20323;6.59559;5.84053;5.41322;4.61941;4.15272;3.51856;2.72696;1.84896;1","15.0517;15.5234;15.8704;16.2073;16.6107;16.6642;16.9656;17.1832;17.445;17.793;18.006;18.3305;18.4733;18.6527;18.7195;18.6267;18.5213;18.2722;18.075;17.8859;17.846;17.6135;17.2094;16.9823;16.6146;16.3417;15.9285;15.5104;15.2439;15",1.30652
"0.466667;0.533333;0"
22.8734,256.399,3.29597,"20.9445;20.4377;19.7362;19.292;18.7974;17.9149;17.0567;16.2385;15.5377;14.6686;14.5212;13.951;13.5723;12.9841;12.129;11.1885;10.7276;10.1861;9.26438;8.40654;7.66567;7.08052;6.32788;5.61944;5.31407;4.53899;3.6574;2.79632;2.28558;1.73954;1.47922;1","14.8279;14.6105;14.2368;13.9163;13.651;13.2025;12.7238;12.3091;11.9526;11.5838;11.5103;11.0334;10.8437;10.4967;10.0851;9.84812;9.86893;10.0069;10.2417;10.6328;10.8796;11.0469;11.3053;11.5351;11.6595;11.9469;12.3479;12.8025;13.0108;13.8246;14.1841;15",0.6932
"0.5;0;0.5"
23.4464,16.2012,3.082,"20.9445;20.594;19.8102;19.1196;18.3802;18.184;17.4183;16.8898;16.2006;15.3783;14.6993;14.1023;13.3966;13.3279;12.6735;12.1513;11.4417;10.5032;10.1482;9.45472;8.64266;8.20284;7.55938;7.0001;6.2215;5.31407;4.53899;3.6574;3.15705;2.28558;1.73954;1.44043;1","14.8279;14.5056;14.0316;13.601;13.2269;13.0828;12.5078;12.1848;11.8101;11.3053;11.0204;10.4872;9.91424;9.89611;9.57926;9.45615;9.28722;9.35125;9.39887;9.64357;10.0514;10.2816;10.6316;10.8903;11.2583;11.6595;11.9469;12.3479;12.5605;13.0108;13.8246;14.3744;15",0.547136
"0.5;0.0333333;0.466667"
23.7562,10.5185,2.91083,"20.9445;20.594;19.8102;19.0726;18.2774;17.6987;17.0755;16.2318;15.3783;15.0435;14.8187;14.0161;13.1595;12.3328;11.7408;10.9936;10.9132;9.97395;9.66749;9.07649;8.26577;7.60008;6.81792;6.0511;5.39318;4.78392;3.95051;3.15705;2.28558;1.73954;1.44043;1","14.8279;14.5056;14.0316;13.4224;12.8366;12.5588;12.2545;11.8209;11.3053;10.8426;10.6918;10.1128;9.69072;9.32856;9.16215;9.06602;9.05337;9.09425;9.10267;9.25315;9.80936;10.0925;10.5691;10.9616;11.3364;11.6921;12.1101;12.5605;13.0108;13.8246;14.3744;15",0.67932
"0.5;0.0666667;0.433333"
23.8779,9.39919,3.09399,"20.9445;20.4377;20.0266;19.292;18.6926;18.184;17.7996;17.0755;16.2006;15.4236;15.261;14.6541;14.0161;13.383;12.4432;11.5608;10.8839;10.1727;9.61556;9.27558;8.60914;7.92101;7.34192;6.70571;5.92256;5.23451;4.35814;3.51954;2.99875;2.28558;1.73954;1.44043;1.02334;1","14.8279;14.6105;14.4108;13.9163;13.4915;13.0828;12.8311;12.2545;11.8101;11.3783;11.2661;10.5859;10.1128;9.48728;9.18146;9.0449;9.01983;9.02436;9.08927;9.1427;9.39414;9.83076;10.1511;10.5098;10.9696;11.409;11.8622;12.3221;12.6041;13.0108;13.8246;14.3744;14.9846;15",0.907054
"0.5;0.1;0.4"
24.3061,8.46669,3.5427,"20.9445;20.594;19.7362;19.292;18.6926;17.71;17.0601;16.4255;15.9526;15.3745;14.9389;14.7887;14.4823;13.9527;13.248;12.5062;11.8518;11.1372;10.227;9.44645;8.52861;7.82202;7.28981;6.62483;5.92256;5.23451;4.35814;3.6574;2.98854;2.28558;1.73954;1.44043;1.02334;1","14.8279;14.5056;14.2368;13.9163;13.4915;13.3874;12.9504;12.5257;12.2235;11.5174;10.8959;10.587;10.1256;9.67406;9.3181;9.07092;9.00278;8.916;8.85105;9.06549;9.26603;9.66283;10.0407;10.4945;10.9696;11.409;11.8622;12.3479;12.5805;13.0108;13.8246;14.3744;14.9846;15",1.08507
"0.5;0.133333;0.366667"
24.2315,7.06128,2.91434,"20.9445;20.594;19.8102;19.0726;18.2774;17.4148;16.6035;16.3399;15.6671;14.9726;14.266;13.9527;13.4133;13.0464;12.3189;11.4908;10.8441;10.3413;9.46292;9.23986;8.64175;8.29999;7.69622;6.84902;6.03887;5.28534;4.69449;4.31932;3.73016;3.12032;2.28558;1.73954;1.44043;1.02334;1","14.8279;14.5056;14.0316;13.4224;12.8366;12.3592;11.8091;11.5928;10.9938;10.6036;9.98187;9.67406;9.24037;9.11467;8.88315;8.69715;8.7902;8.74511;8.76697;8.76047;9.02557;9.15931;9.48844;9.99204;10.5727;11.0556;11.4871;11.6181;11.9611;12.4609;13.0108;13.8246;14.3744;14.9846;15",1.1221
"0.5;0.166667;0.333333"
24.3087,6.56627,2.91627,"20.9445;20.594;19.8102;19.0726;18.2774;17.7806;17.4131;16.6536;15.8431;15.2464;14.6746;14.0384;13.5199;13.0464;12.3189;11.4908;11.009;10.1825;9.23986;8.62452;8.0499;7.38172;7.17997;6.45621;6.23083;5.54015;4.88343;4.16698;3.73016;2.99875;2.28558;1.73954;1.44043;1.02334;1","14.8279;14.5056;14.0316;13.4224;12.8366;12.4479;12.1997;11.5706;11.0606;10.6215;10.0871;9.6784;9.31937;9.11467;8.88315;8.69715;8.5939;8.66399;8.76047;8.80874;9.07827;9.38036;9.47329;10.0376;10.1716;10.6415;10.9976;11.5123;11.9611;12.6041;13.0108;13.8246;14.3744;14.9846;15",1.24752
"0.5;0.2;0.3"
24.3861,6.37913,2.86645,"20.9445;20.594;20.3237;19.8671;19.047;18.4927;17.7806;17.4131;16.6536;15.8431;15.2876;15.0707;14.7004;14.3772;14.0852;13.4395;12.7851;12.2815;11.4908;11.009;10.1825;9.23986;8.62452;8.0499;7.38172;7.17997;6.45621;5.92755;5.54015;4.84521;4.56294;4.46646;3.73016;3.15705;2.82902;2.28558;1.81564;1.44043;1.02334;1","14.8279;14.5056;14.2932;13.8003;13.2411;12.9091;12.4479;12.1997;11.5706;11.0606;10.506;10.2647;9.92146;9.74576;9.52906;9.14383;8.97608;8.85699;8.69715;8.5939;8.66399;8.76047;8.80874;9.07827;9.38036;9.47329;10.0376;10.3456;10.6415;11.0803;11.299;11.3788;11.9611;12.5605;12.7776;13.0108;13.7764;14.3744;14.9846;15",1.41178
"0.5;0.233333;0.266667"
20.3298,5.84293,10.1649,"20.8302;20.021;19.2956;18.7879;17.8106;17.5352;16.7133;16.296;15.4996;14.7038;13.8941;12.9217;12.2355;11.3641;10.5639;10.0236;9.31723;8.35829;7.85382;6.96549;6.6066;6.11583;5.50262;4.5875;3.67422;3.1173;2.92157;2.62299;1.84896;1","15.1138;15.2926;15.5015;15.5801;15.7765;15.8354;16.0697;16.1821;16.285;16.5598;16.7282;16.8766;17.0066;17.1127;17.1741;17.1613;17.0673;16.7909;16.6631;16.4915;16.3886;16.3252;16.1609;15.9932;15.7578;15.5793;15.524;15.4425;15.2439;15",1.93787
"0.5;0.266667;0.233333"
20.6559,5.17564,10.3279,"20.9445;20.7394;19.9099;19.6823;18.8262;18.1058;17.5352;16.6127;15.6343;14.6863;14.1198;13.5161;12.9217;12.0917;11.4819;10.6903;9.92066;9.41369;8.48281;7.62871;6.81282;6.11583;5.50262;4.5875;3.67422;3.1173;2.92157;2.62299;1.84896;1","14.8279;14.8927;15.1305;15.181;15.4694;15.6549;15.8354;16.0034;16.2099;16.3893;16.553;16.749;16.8766;17.139;17.3342;17.5345;17.4305;17.3546;16.9954;16.7191;16.5249;16.3252;16.1609;15.9932;15.7578;15.5793;15.524;15.4425;15.2439;15",1.78664
"0.5;0.3;0.2"
20.7195,4.35776,10.3597,"20.9445;20.7394;19.9099;19.6823;18.8262;18.1058;17.5352;16.7133;15.8807;15.1015;14.1875;13.7941;12.8924;12.6461;12.2151;11.3491;10.4725;9.52363;8.94452;8.43934;7.8935;6.95231;5.99189;5.02865;4.53075;3.67422;3.1173;2.92157;2.62299;1.84896;1","14.8279;14.8927;15.1305;15.181;15.4694;15.6549;15.8354;16.0697;16.2917;16.5316;16.8805;17.0297;17.3192;17.3816;17.448;17.4966;17.6008;17.4326;17.3188;17.2144;17.083;16.8531;16.5938;16.3318;16.1039;15.7578;15.5793;15.524;15.4425;15.2439;15",1.75483
"0.5;0.333333;0.166667"
20.9048,3.85606,10.4524,"20.9445;20.7394;19.9099;19.6823;18.8262;18.1058;17.5352;16.7578;15.9604;15.3996;14.6768;14.0928;13.5958;12.9572;12.1;11.2277;10.6936;9.92921;9.39106;8.49272;7.60049;7.4331;6.51559;6.18992;5.89202;5.0982;4.28916;3.51856;2.98714;2.42694;1.84896;1","14.8279;14.8927;15.1305;15.181;15.4694;15.6549;15.8354;16.2075;16.4988;16.6891;16.9032;17.0428;17.2105;17.4013;17.5324;17.6614;17.779;17.8983;17.8855;17.5709;17.2786;17.2416;17.0044;16.9292;16.8556;16.5931;16.2476;15.9285;15.6618;15.4766;15.2439;15",1.66217
"0.5;0.366667;0.133333"
21.2049,3.26698,10.6025,"20.9445;20.7394;19.9099;19.4406;18.7351;17.9149;17.1636;16.2992;15.5035;15.1923;14.2991;13.4389;12.8408;12.0774;11.3862;10.4177;9.72696;9.10961;8.47243;8.08895;7.227;6.51548;5.89202;5.0982;4.28916;3.51856;2.98714;2.42694;1.84896;1","14.8279;14.8927;15.1305;15.4875;16.0541;16.2658;16.4459;16.677;16.9584;17.046;17.344;17.649;17.7267;17.9649;18.0836;18.2087;18.2167;18.0931;17.8632;17.6823;17.3801;17.1671;16.8556;16.5931;16.2476;15.9285;15.6618;15.4766;15.2439;15",1.51211
"0.5;0.4;0.1"
21.3919,2.94275,10.6959,"20.9445;20.7394;19.9353;19.4406;18.7175;17.9216;17.3426;16.8742;16.3183;15.6723;14.7697;14.3714;13.5113;12.6182;12.087;11.1673;10.6205;9.97157;8.99246;8.44077;7.72273;7.20323;6.59559;5.84053;5.42;4.61941;4.15272;3.51856;2.98714;2.42694;1.84896;1","14.8279;14.8927;15.1734;15.4875;15.8478;16.1599;16.2998;16.5219;16.7888;17.0807;17.4245;17.5848;17.8292;18.0507;18.2219;18.3583;18.4325;18.4776;18.4748;18.2865;18.1012;17.846;17.6135;17.2094;16.9793;16.6146;16.3417;15.9285;15.6618;15.4766;15.2439;15",1.41863
"0.5;0.433333;0.0666667"
21.3488,2.98974,10.6744,"20.9445;20.7394;19.9353;19.2956;18.7828;18.0651;17.2397;16.5205;15.9394;15.1923;14.3386;13.5113;13.2044;12.7718;11.9045;11.1673;10.5781;10.4597;9.66786;9.0237;8.4789;7.72273;7.20323;6.68485;6.59559;6.34689;5.84053;5.41322;4.61941;4.15272;3.51856;2.98714;2.42694;1.84896;1","14.8279;14.8927;15.1734;15.5015;15.6739;15.9441;16.234;16.5774;16.7971;17.046;17.4953;17.8292;17.9481;18.0568;18.2626;18.3583;18.3715;18.3718;18.4284;18.3323;18.2289;18.1012;17.846;17.6481;17.6135;17.4962;17.2094;16.9823;16.6146;16.3417;15.9285;15.6618;15.4766;15.2439;15",1.44018
"0.5;0.466667;0.0333333"
21.3561,3.0224,10.678,"20.9445;20.7394;19.9099;19.6823;18.7879;18.0651;17.1913;16.5205;15.8554;15.1923;14.2991;13.4002;12.6182;11.9146;11.3852;10.8724;10.4597;9.66786;9.0237;8.4789;7.72273;7.20323;6.68485;6.59559;6.34689;5.84053;5.41322;4.61941;4.15272;3.51856;2.98714;2.42694;1.84896;1","14.8279;14.8927;15.1305;15.181;15.5801;15.9441;16.2423;16.5774;16.798;17.046;17.344;17.7742;18.0507;18.2823;18.3544;18.4168;18.3718;18.4284;18.3323;18.2289;18.1012;17.846;17.6481;17.6135;17.4962;17.2094;16.9823;16.6146;16.3417;15.9285;15.6618;15.4766;15.2439;15",1.43653
"0.5;0.5;0"
22.8727,256.4,3.29372,"20.9445;20.4377;19.7362;19.292;18.7974;17.9149;17.0567;16.2385;15.5377;14.6686;14.5212;13.951;13.5723;12.9841;12.129;11.1885;10.7276;10.1861;9.26438;8.40654;7.66567;7.08052;6.32788;5.61944;5.31407;4.53899;3.6574;3.15705;2.28558;1.73954;1.47922;1","14.8279;14.6105;14.2368;13.9163;13.651;13.2025;12.7238;12.3091;11.9526;11.5838;11.5103;11.0334;10.8437;10.4967;10.0851;9.84812;9.86893;10.0069;10.2417;10.6328;10.8796;11.0469;11.3053;11.5351;11.6595;11.9469;12.3479;12.5605;13.0108;13.8246;14.1841;15",0.72343
"0.533333;0;0.466667"
23.4167,17.3681,3.36216,"20.9445;20.4377;19.7362;18.8945;18.2496;17.4506;17.0567;16.6617;16.1352;15.3745;15.1285;14.4328;14.1689;13.6671;13.0317;12.1513;11.5401;10.7454;10.1482;9.45472;8.64266;8.20284;7.55938;7.0001;6.2215;5.31407;4.53899;3.6574;2.99875;2.28558;1.73954;1.44043;1","14.8279;14.6105;14.2368;13.8318;13.5331;13.0371;12.7238;12.4608;12.1174;11.5174;11.2309;10.7625;10.5299;10.2833;9.83637;9.45615;9.36512;9.37188;9.39887;9.64357;10.0514;10.2816;10.6316;10.8903;11.2583;11.6595;11.9469;12.3479;12.6041;13.0108;13.8246;14.3744;15",0.629457
"0.533333;0.0333333;0.433333"
23.7224,10.8129,2.93323,"20.9445;20.594;19.8102;19.0726;18.3337;17.6987;17.254;16.5788;16.2944;15.6671;14.7887;14.0161;13.4962;12.7981;12.4849;11.7408;10.9132;10.3612;10.1782;9.44196;8.57668;7.71768;7.53414;6.72141;6.15121;5.81031;4.98149;4.25395;3.6574;2.82902;2.64319;2.28558;1.73954;1.44043;1","14.8279;14.5056;14.0316;13.4224;12.9291;12.5588;12.2619;11.8093;11.63;10.9938;10.587;10.1128;9.82795;9.33291;9.28474;9.16215;9.05337;9.07184;9.15007;9.35337;9.79316;10.2659;10.3304;10.6795;10.9959;11.2051;11.674;12.0107;12.3479;12.7776;12.7978;13.0108;13.8246;14.3744;15",0.69895
"0.533333;0.0666667;0.4"
23.8582,10.1078,3.30033,"20.8302;20.1899;19.5834;18.8001;18.0137;17.229;16.6193;16.0318;15.3783;14.6886;14.2148;13.7783;13.4962;12.872;12.4849;12.0218;11.7408;10.9936;10.4419;9.61556;9.04027;8.60914;7.92101;7.34192;6.70571;5.92256;5.23451;4.35814;3.95051;3.12032;2.28558;1.73954;1.44043;1.02334;1","15.1138;14.7205;14.3699;13.7873;13.2927;12.7248;12.2718;11.8524;11.3053;10.7169;10.3156;9.89752;9.82795;9.42097;9.28474;9.17357;9.16215;9.06602;9.10395;9.08927;9.18979;9.39414;9.83076;10.1511;10.5098;10.9696;11.409;11.8622;12.1101;12.4609;13.0108;13.8246;14.3744;14.9846;15",0.977968
"0.533333;0.1;0.366667"
24.1532,8.29238,3.31558,"20.9445;20.594;19.8102;19.1708;18.6926;17.9149;17.1244;16.6617;16.1352;15.3745;14.8187;14.7887;14.266;14.1295;13.2922;12.5062;11.9446;11.8206;10.8441;10.227;9.37526;9.32674;8.69019;7.82202;7.28981;6.62483;5.92256;5.23451;4.58473;3.95051;3.12032;2.36739;2.28558;1.73954;1.44043;1.02334;1","14.8279;14.5056;14.0316;13.6396;13.4915;13.2025;12.7534;12.4608;12.1174;11.5174;10.6918;10.587;9.98187;9.82422;9.35367;9.07092;8.95897;8.95662;8.7902;8.85105;9.06331;9.08206;9.23854;9.66283;10.0407;10.4945;10.9696;11.409;11.7851;12.1101;12.4609;12.9475;13.0108;13.8246;14.3744;14.9846;15",1.06183
"0.533333;0.133333;0.333333"
24.2411,6.92041,2.82114,"20.9445;20.594;19.8102;19.1558;18.4241;17.8085;17.3207;16.8186;16.2613;15.6402;14.9068;14.3772;13.5199;13.0464;12.5117;11.9855;11.4028;10.8441;10.3413;9.46292;8.91384;8.29999;7.69622;6.84902;6.03887;5.28534;4.69449;4.31932;3.73016;3.12032;2.36739;2.28558;1.73954;1.44043;1.02334;1","14.8279;14.5056;14.0316;13.3745;12.6979;12.2492;11.8934;11.6585;11.1221;10.5666;9.97171;9.74576;9.31937;9.11467;8.94722;8.8524;8.92521;8.7902;8.74511;8.76697;8.9568;9.15931;9.48844;9.99204;10.5727;11.0556;11.4871;11.6181;11.9611;12.4609;12.9475;13.0108;13.8246;14.3744;14.9846;15",1.09863
"0.533333;0.166667;0.3"
20.2653,7.46152,10.1327,"20.8302;20.021;19.2956;18.7879;17.8106;17.0678;16.3797;15.5316;14.7599;14.0808;13.1103;12.156;11.1782;10.6201;10.0805;9.14243;8.78698;7.8439;7.04598;6.67557;6.02331;5.43715;5.02281;4.37133;3.86751;3.27019;2.3032;1.50174;1","15.0517;15.2926;15.5015;15.5801;15.7765;15.8964;15.9963;16.1476;16.2682;16.4087;16.6158;16.776;16.931;17.0559;16.9549;16.7543;16.7059;16.4876;16.2243;16.1493;15.9592;15.8171;15.7134;15.5786;15.4959;15.4015;15.2119;15.1027;15",2.19237
"0.533333;0.2;0.266667"
20.4812,6.62943,10.2406,"20.9445;20.7394;19.9099;19.6823;18.8262;17.977;17.0678;16.3797;15.5316;14.6551;13.7531;12.9411;12.156;11.2859;10.8735;10.222;9.34937;8.5254;8.03198;7.61795;6.81282;6.11583;5.50262;4.5875;3.67422;3.1173;2.62299;1.84896;1","14.8279;14.8927;15.1305;15.181;15.4694;15.6614;15.8964;15.9963;16.1476;16.3682;16.5157;16.6718;16.776;17.0244;17.1271;17.1531;17.0178;16.8466;16.7638;16.7047;16.5249;16.3252;16.1609;15.9932;15.7578;15.5793;15.4425;15.2439;15",1.9989
"0.533333;0.233333;0.233333"
20.6171,5.05686,10.3086,"20.9445;20.7394;19.9099;19.6823;18.8262;18.1058;17.5352;16.6868;15.8807;15.7;14.7719;14.2049;13.497;12.5386;11.6092;11.4819;10.5793;9.92959;9.41437;8.48281;7.62871;6.81282;6.11583;5.50262;4.5875;3.67422;3.1173;2.62299;1.84896;1","14.8279;14.8927;15.1305;15.181;15.4694;15.6549;15.8354;16.1022;16.2917;16.3331;16.5293;16.6814;16.8504;17.0661;17.3245;17.3342;17.3986;17.3981;17.3524;16.9954;16.7191;16.5249;16.3252;16.1609;15.9932;15.7578;15.5793;15.4425;15.2439;15",1.92639
"0.533333;0.266667;0.2"
20.6956,4.69675,10.3478,"20.9445;20.7394;19.9099;19.6823;18.8262;18.1058;17.5352;16.7133;15.8807;15.1015;14.2049;13.6746;12.8627;12.3817;11.6092;10.6903;10.4725;9.52363;8.94452;8.43934;7.8935;6.95231;5.99189;5.02865;4.53075;3.67422;3.1173;2.92157;2.62299;1.84896;1","14.8279;14.8927;15.1305;15.181;15.4694;15.6549;15.8354;16.0697;16.2917;16.5316;16.6814;16.7912;17.0831;17.2138;17.3245;17.5345;17.6008;17.4326;17.3188;17.2144;17.083;16.8531;16.5938;16.3318;16.1039;15.7578;15.5793;15.524;15.4425;15.2439;15",1.88458
"0.533333;0.3;0.166667"
20.8617,4.0921,10.4309,"20.9445;20.7394;19.9099;19.6823;18.8262;18.1058;17.5352;16.7133;16.296;15.8807;15.1015;14.1875;13.9561;13.7025;12.8924;12.5489;11.6895;11.0304;10.6731;10.0136;9.28617;8.44989;7.96527;7.31976;6.66788;5.99189;5.02865;4.53075;3.67422;3.1173;2.92157;2.62299;1.84896;1","14.8279;14.8927;15.1305;15.181;15.4694;15.6549;15.8354;16.0697;16.1821;16.2917;16.5316;16.8805;17.012;17.078;17.3192;17.3719;17.5156;17.6476;17.7436;17.8987;17.736;17.4353;17.2635;17.0658;16.8558;16.5938;16.3318;16.1039;15.7578;15.5793;15.524;15.4425;15.2439;15",1.79594
"0.533333;0.333333;0.133333"
21.1114,3.48774,10.5557,"20.9445;20.7394;19.9099;19.6823;18.8262;17.977;17.0678;16.296;15.695;15.0241;14.5836;13.8;13.3255;12.5127;12.0774;11.3862;10.4177;9.4381;8.8566;8.04217;7.58625;6.66415;6.28093;5.89202;5.0982;4.28916;3.51856;2.98714;2.42694;1.84896;1","14.8279;14.8927;15.1305;15.181;15.4694;15.6614;15.8964;16.1821;16.4639;16.6855;16.8759;17.3047;17.561;17.7144;17.9649;18.0836;18.2087;18.0168;17.8374;17.5758;17.406;17.0731;16.9951;16.8556;16.5931;16.2476;15.9285;15.6618;15.4766;15.2439;15",1.66281
"0.533333;0.366667;0.1"
21.2293,3.20605,10.6146,"20.9445;20.7394;20.021;19.512;18.7175;17.9216;17.3426;16.8742;16.2992;15.674;15.1923;14.2991;13.4389;12.8408;12.0774;11.3786;10.3896;9.46747;9.24902;8.37894;7.47035;6.76137;6.53159;5.84053;5.41322;4.61225;4.15272;3.51856;2.98714;2.42694;1.84896;1","14.8279;14.8927;15.2926;15.5417;15.8478;16.1599;16.2998;16.5219;16.677;16.7545;17.046;17.344;17.649;17.7267;17.9649;18.0912;18.2249;18.247;18.2069;17.9812;17.722;17.5134;17.4566;17.2094;16.9823;16.6552;16.3417;15.9285;15.6618;15.4766;15.2439;15",1.59991
"0.533333;0.4;0.0666667"
21.2386,3.18428,10.6193,"20.9445;20.7394;20.021;19.4406;18.7828;18.0651;17.3426;16.4442;15.8554;15.1923;14.2991;13.4389;12.8408;12.0774;11.4051;10.4177;10.3896;9.72696;9.31564;8.64778;7.90429;7.32968;6.44073;5.84053;5.41322;4.61225;4.15272;3.51856;2.98714;2.42694;1.84896;1","14.8279;14.8927;15.2926;15.4875;15.6739;15.9441;16.2998;16.4965;16.798;17.046;17.344;17.649;17.7267;17.9649;18.1708;18.2087;18.2249;18.2167;18.1785;18.1077;17.9812;17.8371;17.4624;17.2094;16.9823;16.6552;16.3417;15.9285;15.6618;15.4766;15.2439;15",1.59493
"0.533333;0.433333;0.0333333"
21.3201,3.05249,10.66,"20.9445;20.7394;19.9353;19.2956;18.7828;18.0651;17.1913;16.4442;15.674;15.1036;14.2991;13.4002;12.4735;11.5278;10.5781;9.59542;9.0237;8.4789;7.72273;7.20323;6.59559;6.34689;5.84053;5.42;4.61941;4.15272;3.51856;2.98714;2.42694;1.84896;1","14.8279;14.8927;15.1734;15.5015;15.6739;15.9441;16.2423;16.4965;16.7545;16.9789;17.344;17.7742;18.0948;18.2686;18.3715;18.3761;18.3323;18.2289;18.1012;17.846;17.6135;17.4962;17.2094;16.9793;16.6146;16.3417;15.9285;15.6618;15.4766;15.2439;15",1.5515
"0.533333;0.466667;0"
22.9461,214.034,3.47961,"20.8302;20.1083;19.3719;19.1599;18.2987;17.8434;17.0601;16.4255;15.9526;15.5377;14.6686;14.5212;13.951;13.5723;12.9125;12.129;11.1885;10.7276;9.83115;9.33932;9.26438;8.40654;7.66567;7.08052;6.32788;5.61944;5.31407;4.53899;3.6574;2.82902;2.64319;2.28558;1.73954;1.47922;1","15.1138;14.6827;14.2695;14.1521;13.6446;13.368;12.9504;12.5257;12.2235;11.9526;11.5838;11.5103;11.0334;10.8437;10.4666;10.0851;9.84812;9.86893;9.96866;10.2326;10.2417;10.6328;10.8796;11.0469;11.3053;11.5351;11.6595;11.9469;12.3479;12.7776;12.7978;13.0108;13.8246;14.1841;15",0.71368
"0.566667;0;0.433333"
23.4063,17.6054,3.32581,"20.9445;20.4377;19.7362;18.8945;18.1958;18.0137;17.1794;16.6617;16.1352;15.3745;15.0739;14.4328;14.1689;13.6671;13.0317;12.1513;11.357;10.5032;9.71982;8.86041;8.20284;7.55938;7.0001;6.2215;5.31407;4.53899;3.6574;2.98854;2.28558;1.73954;1.44043;1","14.8279;14.6105;14.2368;13.8318;13.4326;13.2927;12.8295;12.4608;12.1174;11.5174;11.2756;10.7625;10.5299;10.2833;9.83637;9.45615;9.31634;9.35125;9.62669;9.91845;10.2816;10.6316;10.8903;11.2583;11.6595;11.9469;12.3479;12.5805;13.0108;13.8246;14.3744;15",0.57589
"0.566667;0.0333333;0.4"
23.6717,12.0549,3.29661,"20.8302;20.1899;19.5834;18.8001;18.0137;17.229;16.6193;16.3354;15.494;15.1285;14.4328;14.1023;13.3279;12.7042;12.3328;11.7408;10.9936;10.9132;9.95831;9.19329;8.57668;7.71768;7.53414;6.63551;5.81031;4.98149;4.25395;3.6574;3.28271;2.45528;2.28558;1.73954;1.44043;1","15.0517;14.7205;14.3699;13.7873;13.2927;12.7248;12.2718;12.0665;11.5645;11.2309;10.7625;10.4872;9.89611;9.43995;9.32856;9.16215;9.06602;9.05337;9.21717;9.38955;9.79316;10.2659;10.3304;10.7588;11.2051;11.674;12.0107;12.3479;12.5745;12.9713;13.0108;13.8246;14.3744;15",0.781749
"0.566667;0.0666667;0.366667"
23.9917,9.3744,2.79678,"20.9445;20.5615;19.7665;19.1329;18.7451;18.0686;17.4169;17.1753;16.3399;15.8992;15.1768;14.8742;14.8104;14.0154;13.383;12.4432;11.5608;10.9132;9.95831;9.07649;8.60914;7.92101;7.34192;6.70571;5.92256;5.23451;4.35814;3.51954;2.64319;2.36739;2.28558;1.73954;1.44043;1.02334;1","14.8279;13.9093;13.4423;13.1001;12.8596;12.4751;12.1787;12.0181;11.5928;11.2427;10.5985;10.4433;10.423;9.94314;9.48728;9.18146;9.0449;9.05337;9.21717;9.25315;9.39414;9.83076;10.1511;10.5098;10.9696;11.409;11.8622;12.3221;12.7978;12.9475;13.0108;13.8246;14.3744;14.9846;15",0.904575
"0.566667;0.1;0.333333"
23.9686,8.05883,3.08779,"20.9445;20.594;19.8102;19.0726;18.2774;17.4148;16.7958;16.3399;15.6671;15.2464;14.4823;13.9474;13.2922;12.5062;11.8781;11.4028;10.4205;10.227;9.37526;9.32674;8.96992;8.48956;7.92101;7.60008;6.81792;6.25538;5.48167;4.73004;4.45573;4.1938;3.43851;2.63303;2.32353;1.78695;1.18586;1","14.8279;14.5056;14.0316;13.4224;12.8366;12.3592;11.9056;11.5928;10.9938;10.6215;10.1256;9.67907;9.35367;9.07092;8.98001;8.92521;8.86436;8.85105;9.06331;9.08206;9.13067;9.27257;9.83076;10.0925;10.5691;11.1323;11.7522;12.1948;12.3827;12.4416;12.7135;13.0983;13.4081;14.2082;14.8795;15",1.03069
"0.566667;0.133333;0.3"
20.4006,8.58084,10.2003,"20.9445;20.0551;19.2395;18.4082;17.5142;17.1725;16.3756;15.619;15.0858;14.483;13.6298;12.6678;12.4225;11.5102;10.8543;10.0805;9.14243;8.78698;7.8439;7.04598;6.67557;5.9154;4.9561;4.47523;3.64106;3.27019;2.3032;1.50174;1","14.8279;14.9635;15.1274;15.2468;15.4082;15.4467;15.6814;15.829;15.9606;16.1163;16.3103;16.5276;16.574;16.7513;16.9611;16.9549;16.7543;16.7059;16.4876;16.2243;16.1493;16.0013;15.7504;15.6683;15.4494;15.4015;15.2119;15.1027;15",2.21086
"0.566667;0.166667;0.266667"
20.4675,7.09587,10.2338,"20.9445;20.7394;19.9099;19.6823;18.8262;18.1058;17.5352;17.0678;16.3797;15.5316;14.7599;14.0808;13.1103;12.4474;11.8013;11.1782;10.6201;9.66129;8.90179;8.14623;7.17697;6.25824;5.7415;4.79513;3.86751;3.27019;2.3032;1.50174;1","14.8279;14.8927;15.1305;15.181;15.4694;15.6549;15.8354;15.8964;15.9963;16.1476;16.2682;16.4087;16.6158;16.8042;16.8146;16.931;17.0559;17.0564;16.8113;16.6523;16.4105;16.1722;16.0052;15.7834;15.4959;15.4015;15.2119;15.1027;15",2.13159
"0.566667;0.2;0.233333"
20.5006,5.90875,10.2503,"20.9445;20.7394;19.9099;19.6823;18.8262;17.977;17.0678;16.3332;15.5609;14.6863;14.1198;13.385;12.6645;11.6911;10.7561;10.222;9.34937;8.5254;8.03198;7.61795;6.81282;6.11583;5.50262;4.5875;3.67422;3.1173;2.62299;1.84896;1","14.8279;14.8927;15.1305;15.181;15.4694;15.6614;15.8964;16.086;16.2729;16.3893;16.553;16.7252;16.9009;17.117;17.2068;17.1531;17.0178;16.8466;16.7638;16.7047;16.5249;16.3252;16.1609;15.9932;15.7578;15.5793;15.4425;15.2439;15",2.11283
"0.566667;0.233333;0.2"
20.6296,5.04471,10.3148,"20.9445;20.7394;19.9099;19.6823;18.8262;17.977;17.0678;16.3332;15.4996;14.7038;14.1897;13.4244;13.1359;12.3849;11.4408;10.9028;10.266;9.41437;8.48281;7.62871;6.81282;6.11583;5.50262;4.5875;3.67422;3.1173;2.62299;1.84896;1","14.8279;14.8927;15.1305;15.181;15.4694;15.6614;15.8964;16.086;16.285;16.5598;16.725;16.9651;17.0064;17.1833;17.2498;17.3246;17.4479;17.3524;16.9954;16.7191;16.5249;16.3252;16.1609;15.9932;15.7578;15.5793;15.4425;15.2439;15",2.03976
"0.566667;0.266667;0.166667"
20.8131,4.19267,10.4066,"20.9445;20.7394;19.9099;19.6823;18.8262;17.977;17.0678;16.296;15.695;14.8573;14.5037;13.7941;12.8924;12.6461;11.6895;11.1699;10.6731;9.85649;9.32851;8.41712;7.65129;6.95231;5.99189;5.02865;4.53075;3.67422;3.1173;2.62299;1.84896;1","14.8279;14.8927;15.1305;15.181;15.4694;15.6614;15.8964;16.1821;16.4639;16.7122;16.8154;17.0297;17.3192;17.3816;17.5156;17.5629;17.7436;17.7357;17.5695;17.2777;16.9941;16.8531;16.5938;16.3318;16.1039;15.7578;15.5793;15.4425;15.2439;15",1.93573
"0.566667;0.3;0.133333"
21.0521,3.5768,10.5261,"20.9445;20.7394;19.9099;19.6823;18.8262;17.977;17.5352;16.6868;15.8417;15.6196;15.3924;14.5836;13.8;13.3255;12.5127;11.8044;11.1366;10.916;9.94935;9.18628;8.49257;7.58625;6.66415;6.28093;5.57478;5.0982;4.28916;3.51856;2.98714;2.42694;1.84896;1","14.8279;14.8927;15.1305;15.181;15.4694;15.6614;15.8354;16.1022;16.4919;16.5764;16.6581;16.8759;17.3047;17.561;17.7144;17.7288;17.8999;17.951;18.086;17.9754;17.7465;17.406;17.0731;16.9951;16.7382;16.5931;16.2476;15.9285;15.6618;15.4766;15.2439;15",1.8003
"0.566667;0.333333;0.1"
21.1825,3.23582,10.5912,"20.9445;20.7394;19.9099;19.6823;18.7879;18.0651;17.2397;16.5205;15.9394;15.1923;14.2991;13.4389;12.8408;12.0774;11.3862;10.4177;10.3896;10.2892;9.48157;9.24902;8.37894;7.99162;7.64993;7.58362;6.8161;6.38709;5.57478;5.0982;4.28916;3.51856;2.98714;2.42694;1.84896;1","14.8279;14.8927;15.1305;15.181;15.5801;15.9441;16.234;16.5774;16.7971;17.046;17.344;17.649;17.7267;17.9649;18.0836;18.2087;18.2249;18.2596;18.2382;18.2069;17.9812;17.8349;17.6845;17.6628;17.3431;17.2384;16.7382;16.5931;16.2476;15.9285;15.6618;15.4766;15.2439;15",1.72645
"0.566667;0.366667;0.0666667"
21.1952,3.3102,10.5976,"20.9445;20.7394;19.9099;19.6823;18.8262;18.1058;17.5352;16.8826;16.2555;15.3924;14.5646;13.8;13.6646;12.8408;12.0774;11.3862;10.4177;9.48157;9.24902;8.64778;7.90429;7.07118;6.53159;5.84053;5.41322;4.61225;4.15272;3.51856;2.98714;2.42694;1.84896;1","14.8279;14.8927;15.1305;15.181;15.4694;15.6549;15.8354;16.0259;16.3384;16.6581;16.9806;17.3047;17.3595;17.7267;17.9649;18.0836;18.2087;18.2382;18.2069;18.1077;17.9812;17.6288;17.4566;17.2094;16.9823;16.6552;16.3417;15.9285;15.6618;15.4766;15.2439;15",1.71926
"0.566667;0.4;0.0333333"
21.2294,3.19869,10.6147,"20.9445;20.7394;19.9099;19.6823;18.7879;18.5077;17.7926;17.2397;16.5205;15.674;15.1923;14.2991;13.4389;12.8408;12.0774;11.7873;11.3786;10.3896;9.68361;9.31564;8.64778;7.90429;7.32968;6.44073;5.84053;5.41322;4.61225;4.15272;3.51856;2.98714;2.42694;1.84896;1","14.8279;14.8927;15.1305;15.181;15.5801;15.6941;16.0191;16.234;16.5774;16.7545;17.046;17.344;17.649;17.7267;17.9649;18.0572;18.0912;18.2249;18.213;18.1785;18.1077;17.9812;17.8371;17.4624;17.2094;16.9823;16.6552;16.3417;15.9285;15.6618;15.4766;15.2439;15",1.69987
"0.566667;0.433333;0"
22.7707,262.797,3.7105,"20.8302;20.1083;19.3719;19.1599;18.2987;17.8434;17.0601;16.4255;15.9526;15.5377;14.6686;14.5212;13.951;13.5723;12.9841;12.129;11.1885;10.7276;10.1861;9.33932;8.72336;8.04719;7.34262;6.57162;6.10249;5.26218;4.74662;3.95634;3.50877;2.63303;2.32353;1.78695;1.11122;1","15.1138;14.6827;14.2695;14.1521;13.6446;13.368;12.9504;12.5257;12.2235;11.9526;11.5838;11.5103;11.0334;10.8437;10.4967;10.0851;9.84812;9.86893;10.0069;10.2326;10.5766;10.8912;11.2214;11.5825;11.7748;12.1146;12.3;12.6236;12.836;13.0983;13.4081;14.2082;14.8272;15",0.860876
"0.6;0;0.4"
23.3081,17.9103,3.59513,"20.9445;20.4377;19.7362;18.8945;18.2496;17.4506;16.6617;16.1352;15.3432;14.8777;14.3695;13.6671;13.0317;12.1663;11.4417;10.5032;10.1482;9.71982;8.86041;8.12995;7.3824;7.16536;6.32788;5.75444;5.48167;4.73004;3.95634;3.50877;2.63303;2.32353;1.78695;1.18586;1","14.8279;14.6105;14.2368;13.8318;13.5331;13.0371;12.4608;12.1174;11.6004;11.1868;10.7469;10.2833;9.83637;9.59025;9.28722;9.35125;9.39887;9.62669;9.91845;10.3044;10.7343;10.8532;11.3053;11.5979;11.7522;12.1948;12.6236;12.836;13.0983;13.4081;14.2082;14.8795;15",0.618038
"0.6;0.0333333;0.366667"
23.5676,13.0942,3.48832,"20.9445;20.594;19.8102;19.1196;18.3666;17.4848;16.6617;16.1352;15.4102;14.6993;14.1023;13.3279;12.6735;12.1899;11.4417;11.0861;10.3518;9.95831;9.19329;8.57668;8.10169;7.48914;7.0001;6.53506;5.77798;5.15481;4.45573;3.95634;3.50877;2.63303;2.32353;1.78695;1.18586;1","14.8279;14.5056;14.0316;13.601;13.3186;12.9119;12.4608;12.1174;11.4908;11.0204;10.4872;9.89611;9.57926;9.26732;9.28722;9.19894;9.18808;9.21717;9.38955;9.79316;10.1171;10.5626;10.8903;11.0938;11.6034;12.0194;12.3827;12.6236;12.836;13.0983;13.4081;14.2082;14.8795;15",0.851037
"0.6;0.0666667;0.333333"
23.821,10.3212,3.45914,"20.9445;20.594;19.8102;19.1196;18.6926;17.9149;17.1244;16.6617;16.1352;15.3745;15.0046;14.6541;14.0161;13.4962;13.1595;12.3328;11.7408;10.9936;10.9132;10.1727;9.32674;9.04027;8.60914;7.92101;7.33866;6.81792;6.15121;5.81031;5.31407;4.63893;4.07563;3.43851;2.81052;2.46893;1.81564;1.44043;1.02334;1","14.8279;14.5056;14.0316;13.601;13.4915;13.2025;12.7534;12.4608;12.1174;11.5174;11.0456;10.5859;10.1128;9.82795;9.69072;9.32856;9.16215;9.06602;9.05337;9.02436;9.08206;9.18979;9.39414;9.83076;10.1706;10.5691;10.9959;11.2051;11.6595;12.1792;12.4725;12.7135;12.9669;13.0919;13.7764;14.3744;14.9846;15",0.999252
"0.6;0.1;0.3"
20.3296,9.99636,10.1648,"20.9445;20.0551;19.2395;18.4082;17.5142;17.1725;16.3756;15.619;15.0858;14.483;13.8707;13.216;12.4225;11.5097;11.0309;10.6221;9.7808;9.07295;8.69167;7.81675;7.08565;6.5931;5.97872;5.02281;4.37133;3.86751;3.27019;2.3032;1.50174;1","14.8279;14.9635;15.1274;15.2468;15.4082;15.4467;15.6814;15.829;15.9606;16.1163;16.2377;16.377;16.574;16.7276;16.7829;16.8381;16.6391;16.4883;16.4376;16.2246;16.0797;15.9754;15.8692;15.7134;15.5786;15.4959;15.4015;15.2119;15.1027;15",2.33974
"0.6;0.133333;0.266667"
20.4006,8.32771,10.2003,"20.9445;20.0551;19.2395;18.4082;17.5142;17.1725;16.3756;15.619;15.0858;14.483;13.6298;12.6678;12.1328;11.2386;10.8543;10.0805;9.14243;8.78698;7.8439;7.04598;6.67557;5.9154;4.9561;4.47523;3.64106;3.27019;2.3032;1.50174;1","14.8279;14.9635;15.1274;15.2468;15.4082;15.4467;15.6814;15.829;15.9606;16.1163;16.3103;16.5276;16.6555;16.9111;16.9611;16.9549;16.7543;16.7059;16.4876;16.2243;16.1493;16.0013;15.7504;15.6683;15.4494;15.4015;15.2119;15.1027;15",2.29713
"0.6;0.166667;0.233333"
20.5024,6.34806,10.2512,"20.9445;20.7394;19.9099;19.6823;18.8262;17.977;17.0678;16.3797;15.5316;14.6551;13.8509;13.385;12.6645;11.9583;11.2859;10.8735;10.222;9.34937;8.90179;8.14623;7.17697;6.25824;5.7415;4.79513;3.86751;3.27019;2.3032;1.50174;1","14.8279;14.8927;15.1305;15.181;15.4694;15.6614;15.8964;15.9963;16.1476;16.3682;16.5622;16.7252;16.9009;16.9474;17.0244;17.1271;17.1531;17.0178;16.8113;16.6523;16.4105;16.1722;16.0052;15.7834;15.4959;15.4015;15.2119;15.1027;15",2.23603
"0.6;0.2;0.2"
20.6186,5.04598,10.3093,"20.9445;20.7394;19.9099;19.6823;18.8262;18.1058;17.5352;16.7133;16.296;15.7;14.7719;14.2049;13.497;12.5386;11.6092;11.4819;10.501;9.92959;9.41437;8.48281;7.62871;6.81282;6.11583;5.50262;4.5875;3.67422;3.1173;2.62299;1.84896;1","14.8279;14.8927;15.1305;15.181;15.4694;15.6549;15.8354;16.0697;16.1821;16.3331;16.5293;16.6814;16.8504;17.0661;17.3245;17.3342;17.426;17.3981;17.3524;16.9954;16.7191;16.5249;16.3252;16.1609;15.9932;15.7578;15.5793;15.4425;15.2439;15",2.1663
"0.6;0.233333;0.166667"
20.7195,4.35776,10.3597,"20.9445;20.7394;19.9099;19.6823;18.8262;18.1058;17.5352;16.7133;15.8807;15.1015;14.1875;13.7941;12.8924;12.6461;12.2151;11.3491;10.4725;9.52363;8.94452;8.43934;7.8935;6.95231;5.99189;5.02865;4.53075;3.67422;3.1173;2.62299;1.84896;1","14.8279;14.8927;15.1305;15.181;15.4694;15.6549;15.8354;16.0697;16.2917;16.5316;16.8805;17.0297;17.3192;17.3816;17.448;17.4966;17.6008;17.4326;17.3188;17.2144;17.083;16.8531;16.5938;16.3318;16.1039;15.7578;15.5793;15.4425;15.2439;15",2.1058
"0.6;0.266667;0.133333"
20.9463,3.76392,10.4732,"20.9445;20.7394;19.9099;19.6823;18.8262;18.1058;17.5352;16.7133;15.8195;15.0241;14.6994;13.8745;13.5958;13.129;12.569;12.0489;11.4899;10.7356;10.4809;9.49846;9.23349;8.49272;7.58377;6.66788;5.99189;5.02865;4.53075;3.67422;3.1173;2.62299;1.84896;1","14.8279;14.8927;15.1305;15.181;15.4694;15.6549;15.8354;16.0697;16.3781;16.6855;16.8271;17.1081;17.2105;17.381;17.5644;17.6951;17.8211;17.9077;17.9572;17.9684;17.859;17.5709;17.2487;16.8558;16.5938;16.3318;16.1039;15.7578;15.5793;15.4425;15.2439;15",1.9697
"0.6;0.3;0.1"
21.078,3.49819,10.539,"20.9445;20.7394;20.021;19.512;18.7175;17.9216;17.3252;16.5205;15.674;14.9592;14.2019;13.8;12.9734;12.0489;11.4899;10.7321;9.94935;9.33235;8.39247;7.64993;7.24594;6.62608;5.89202;5.0982;4.28916;3.51856;2.98714;2.42694;1.84896;1","14.8279;14.8927;15.2926;15.5417;15.8478;16.1599;16.4256;16.5774;16.7545;16.926;17.189;17.3047;17.4578;17.6951;17.8211;17.9848;18.086;18.0324;17.9615;17.6845;17.5176;17.2747;16.8556;16.5931;16.2476;15.9285;15.6618;15.4766;15.2439;15",1.89067
"0.6;0.333333;0.0666667"
21.065,3.51982,10.5325,"20.9445;20.7394;19.9099;19.6823;18.7879;18.4557;17.8087;16.9286;16.4666;15.9604;15.3996;14.9592;14.2215;13.8;13.3255;12.5127;12.0489;11.1366;10.4809;9.49846;9.18628;8.47243;8.26065;7.64993;7.58362;6.8161;6.38709;5.57478;5.0982;4.28916;3.51856;2.98714;2.42694;1.84896;1","14.8279;14.8927;15.1305;15.181;15.5801;15.6892;15.9412;16.2064;16.3231;16.4988;16.6891;16.926;17.1142;17.3047;17.561;17.7144;17.6951;17.8999;17.9572;17.9684;17.9754;17.8632;17.8236;17.6845;17.6628;17.3431;17.2384;16.7382;16.5931;16.2476;15.9285;15.6618;15.4766;15.2439;15",1.89851
"0.6;0.366667;0.0333333"
21.2117,3.1926,10.6059,"20.9445;20.7394;19.9099;19.6823;18.7879;18.0651;17.2397;16.5205;15.9394;15.1923;14.2991;13.4389;12.8408;12.0774;11.3862;10.4177;9.48157;8.64778;7.90429;7.32968;6.44073;5.84053;5.41322;4.61225;4.15272;3.51856;2.98714;2.42694;1.84896;1","14.8279;14.8927;15.1305;15.181;15.5801;15.9441;16.234;16.5774;16.7971;17.046;17.344;17.649;17.7267;17.9649;18.0836;18.2087;18.2382;18.1077;17.9812;17.8371;17.4624;17.2094;16.9823;16.6552;16.3417;15.9285;15.6618;15.4766;15.2439;15",1.81044
"0.6;0.4;0"
22.7828,273.161,3.71062,"20.8302;20.1083;19.3719;19.1599;18.2987;17.8434;17.0601;16.4255;15.9526;15.5377;14.6686;14.5212;13.951;13.5723;12.9841;12.129;11.1885;10.7276;10.1861;9.70297;8.97216;8.04719;7.34262;6.57162;6.10249;5.26218;4.74662;3.95634;3.50877;2.63303;2.32353;1.78695;1.11122;1","15.1138;14.6827;14.2695;14.1521;13.6446;13.368;12.9504;12.5257;12.2235;11.9526;11.5838;11.5103;11.0334;10.8437;10.4967;10.0851;9.84812;9.86893;10.0069;10.0953;10.5601;10.8912;11.2214;11.5825;11.7748;12.1146;12.3;12.6236;12.836;13.0983;13.4081;14.2082;14.8272;15",0.901069
"0.633333;0;0.366667"
23.3293,17.1871,3.55629,"20.8302;20.1083;19.5834;18.7894;18.2496;17.4506;16.6617;16.0048;15.4102;14.6993;14.4749;13.6671;13.0126;12.1311;11.2945;10.5032;10.1482;9.33411;8.60717;8.12995;7.55938;7.16536;6.32788;5.78053;5.15481;4.45573;4.1938;3.43851;2.63303;2.32353;1.78695;1.18586;1","15.1138;14.6827;14.3699;13.876;13.5331;13.0371;12.4608;11.941;11.4908;11.0204;10.8546;10.2833;9.78899;9.5342;9.32932;9.35125;9.39887;9.66915;10.0092;10.3044;10.6316;10.8532;11.3053;11.655;12.0194;12.3827;12.4416;12.7135;13.0983;13.4081;14.2082;14.8795;15",0.561969
"0.633333;0.0333333;0.333333"
23.6003,13.3459,3.42225,"20.8302;20.1899;19.5834;18.8001;18.0137;17.229;16.6193;16.0048;15.3745;15.1285;14.4328;14.1689;13.4962;13.1595;12.6735;11.8233;11.0861;10.3518;9.44196;8.57668;8.12995;7.55938;7.16536;6.32788;5.48167;4.73004;4.1938;3.43851;2.81052;2.46893;2.32966;1.94265;1.44043;1","15.0517;14.7205;14.3699;13.7873;13.2927;12.7248;12.2718;11.941;11.5174;11.2309;10.7625;10.5299;9.82795;9.69072;9.57926;9.28113;9.19894;9.18808;9.35337;9.79316;10.3044;10.6316;10.8532;11.3053;11.7522;12.1948;12.4416;12.7135;12.9669;13.0919;13.2473;13.7283;14.3744;15",0.867814
"0.633333;0.0666667;0.3"
20.2707,11.9313,10.1354,"20.9445;20.0551;19.2395;18.4082;17.5142;16.7019;16.0598;15.1165;14.2214;13.6015;13.1069;12.2985;11.3416;10.6574;9.90483;9.07295;8.69167;7.81675;7.08565;6.5931;5.97872;5.02281;4.37133;3.86751;3.27019;2.3032;1.50174;1","14.8279;14.9635;15.1274;15.2468;15.4082;15.5788;15.7011;15.8866;16.0515;16.2312;16.3299;16.4681;16.632;16.6804;16.595;16.4883;16.4376;16.2246;16.0797;15.9754;15.8692;15.7134;15.5786;15.4959;15.4015;15.2119;15.1027;15",2.50701
"0.633333;0.1;0.266667"
20.3932,8.06561,10.1966,"20.9445;20.7394;19.8911;19.6823;18.8262;18.1058;17.5352;16.6127;15.8213;14.9971;14.0808;13.1103;12.5741;11.8013;10.8543;9.90637;9.0656;8.60167;7.77954;7.00431;6.21564;5.43715;5.02281;4.37133;3.86751;3.27019;2.3032;1.50174;1","14.8279;14.8927;15.1022;15.181;15.4694;15.6549;15.8354;16.0034;16.1648;16.2766;16.4087;16.6158;16.6898;16.8146;16.9611;16.8027;16.5813;16.5296;16.3875;16.176;15.9698;15.8171;15.7134;15.5786;15.4959;15.4015;15.2119;15.1027;15",2.42943
"0.633333;0.133333;0.233333"
22.6698,9.90171,9.93965,"20.9445;20.594;20.199;19.5779;18.7451;17.8512;17.1244;16.2819;15.8972;15.2137;14.6568;14.2497;13.4946;12.9223;12.1328;11.1782;10.222;9.34937;8.90179;8.14623;7.17697;6.25824;5.7415;4.79513;3.86751;3.27019;2.3032;1.50174;1","14.8279;14.5056;13.7058;13.0168;12.8596;12.8121;12.7534;13.2784;13.7534;14.4233;15.0828;15.4705;16.0236;16.384;16.6555;16.931;17.1531;17.0178;16.8113;16.6523;16.4105;16.1722;16.0052;15.7834;15.4959;15.4015;15.2119;15.1027;15",1.60602
"0.633333;0.166667;0.2"
20.5613,5.5455,10.2806,"20.9445;20.7394;19.9099;19.6823;18.8262;17.977;17.0678;16.3332;15.4996;14.5771;13.9234;12.9533;11.9991;11.4408;10.9028;10.3259;9.59293;9.31723;8.35829;7.85382;6.96549;6.6066;6.00772;5.50262;4.5875;3.67422;3.1173;2.62299;1.84896;1","14.8279;14.8927;15.1305;15.181;15.4694;15.6614;15.8964;16.086;16.285;16.4718;16.654;16.8734;17.1454;17.2498;17.3246;17.3205;17.1675;17.0673;16.7909;16.6631;16.4915;16.3886;16.2002;16.1609;15.9932;15.7578;15.5793;15.4425;15.2439;15",2.32297
"0.633333;0.2;0.166667"
20.6534,4.91621,10.3267,"20.9445;20.0551;19.2395;18.4187;17.4644;16.9061;16.3797;15.6343;15.3255;14.5771;13.6746;12.8627;12.3849;11.4819;10.501;9.92959;8.95842;8.27092;7.65129;6.95231;5.99189;5.02865;4.53075;3.67422;3.1173;2.62299;1.84896;1","14.8279;14.9635;15.1274;15.4153;15.6332;15.8421;15.9963;16.2099;16.2208;16.4718;16.7912;17.0831;17.1833;17.3342;17.426;17.3981;17.2275;17.1437;16.9941;16.8531;16.5938;16.3318;16.1039;15.7578;15.5793;15.4425;15.2439;15",2.26461
"0.633333;0.233333;0.133333"
20.8956,3.91961,10.4478,"20.9445;20.7394;19.9099;19.6823;18.8262;17.977;17.5352;16.7133;15.8195;15.0241;14.6994;13.8745;12.9572;12.1;11.1845;10.7356;10.2498;9.92921;9.28617;8.44989;7.96527;7.31976;6.66788;6.07582;5.87713;5.02865;4.53075;3.67422;3.1173;2.62299;1.84896;1","14.8279;14.8927;15.1305;15.181;15.4694;15.6614;15.8354;16.0697;16.3781;16.6855;16.8271;17.1081;17.4013;17.5324;17.7223;17.9077;17.9232;17.8983;17.736;17.4353;17.2635;17.0658;16.8558;16.6771;16.6127;16.3318;16.1039;15.7578;15.5793;15.4425;15.2439;15",2.11123
"0.633333;0.266667;0.1"
21.0273,3.64367,10.5137,"20.9445;20.7394;19.8911;18.9536;18.1058;17.5352;17.0678;16.296;15.695;15.0241;14.6994;13.9561;13.129;12.338;11.4899;10.916;9.94935;9.33235;8.88933;8.08895;7.227;6.51548;6.17895;5.57478;5.0982;4.28916;3.51856;2.98714;2.42694;1.84896;1","14.8279;14.8927;15.1022;15.4464;15.6549;15.8354;15.8964;16.1821;16.4639;16.6855;16.8271;17.012;17.381;17.6901;17.8211;17.951;18.086;18.0324;17.8761;17.6823;17.3801;17.1671;17.0005;16.7382;16.5931;16.2476;15.9285;15.6618;15.4766;15.2439;15",2.02782
"0.633333;0.3;0.0666667"
21.0667,3.58883,10.5333,"20.9445;20.7394;20.021;19.4406;18.7828;17.8106;17.5352;16.7578;15.9604;15.6196;14.9592;14.2105;13.8636;12.9734;12.0489;11.1366;10.4809;9.49846;9.18628;8.47243;8.26065;7.64993;7.58362;6.8161;6.62608;5.89202;5.0982;4.28916;3.51856;2.98714;2.42694;1.84896;1","14.8279;14.8927;15.2926;15.4875;15.6739;15.7765;15.8354;16.2075;16.4988;16.5764;16.926;17.0365;17.219;17.4578;17.6951;17.8999;17.9572;17.9684;17.9754;17.8632;17.8236;17.6845;17.6628;17.3431;17.2747;16.8556;16.5931;16.2476;15.9285;15.6618;15.4766;15.2439;15",2.0029
"0.633333;0.333333;0.0333333"
21.1122,3.34146,10.5561,"20.9445;20.7394;20.021;19.512;18.7175;17.9216;17.1636;16.2992;15.5035;15.1923;14.2991;13.4389;12.8408;12.0774;11.71;11.327;11.0231;10.7356;10.4809;9.49846;9.18628;8.47243;8.26065;7.64993;7.58362;6.8161;6.38709;5.57478;5.0982;4.28916;3.51856;2.98714;2.42694;1.84896;1","14.8279;14.8927;15.2926;15.5417;15.8478;16.1599;16.4459;16.677;16.9584;17.046;17.344;17.649;17.7267;17.9649;18.0131;18.0124;17.9645;17.9077;17.9572;17.9684;17.9754;17.8632;17.8236;17.6845;17.6628;17.3431;17.2384;16.7382;16.5931;16.2476;15.9285;15.6618;15.4766;15.2439;15",1.97404
"0.633333;0.366667;0"
22.8073,256.418,3.61821,"20.8302;20.1083;19.3719;19.1599;18.2987;17.8434;17.0601;16.4255;15.9526;15.5377;14.6686;14.5212;13.951;13.5723;12.9841;12.129;11.1885;10.7276;10.1861;9.26438;8.40654;7.66567;7.19452;6.5097;5.58749;4.73004;4.1938;3.43851;2.81052;2.46893;2.32966;1.94265;1.44043;1","15.1138;14.6827;14.2695;14.1521;13.6446;13.368;12.9504;12.5257;12.2235;11.9526;11.5838;11.5103;11.0334;10.8437;10.4967;10.0851;9.84812;9.86893;10.0069;10.2417;10.6328;10.8796;11.0686;11.4712;11.8321;12.1948;12.4416;12.7135;12.9669;13.0919;13.2473;13.7283;14.3744;15",0.93219
"0.666667;0;0.333333"
23.3158,17.9145,3.61254,"20.8302;20.1083;19.5834;18.7894;18.2496;17.4506;16.6617;16.1352;15.3745;15.1146;14.3695;13.6671;13.0126;12.608;12.1663;11.7495;10.8003;10.1482;9.27365;8.60717;8.12995;7.55938;7.16536;6.32788;5.48167;4.73004;3.95634;3.50877;2.63303;2.32353;1.78695;1.18586;1","15.1138;14.6827;14.3699;13.876;13.5331;13.0371;12.4608;12.1174;11.5174;11.283;10.7469;10.2833;9.78899;9.68838;9.59025;9.50245;9.36203;9.39887;9.65089;10.0092;10.3044;10.6316;10.8532;11.3053;11.7522;12.1948;12.6236;12.836;13.0983;13.4081;14.2082;14.8795;15",0.593181
"0.666667;0.0333333;0.3"
20.3609,12.8293,10.1804,"20.9445;20.0551;19.2395;18.4082;17.5142;16.7019;16.0598;15.1165;14.483;13.8707;13.216;12.8846;12.1814;11.3416;10.6574;9.90483;9.07295;8.69167;7.81675;7.08565;6.5931;5.97872;5.02281;4.37133;3.86751;3.27019;2.3032;1.50174;1","14.8279;14.9635;15.1274;15.2468;15.4082;15.5788;15.7011;15.8866;16.1163;16.2377;16.377;16.206;16.3952;16.632;16.6804;16.595;16.4883;16.4376;16.2246;16.0797;15.9754;15.8692;15.7134;15.5786;15.4959;15.4015;15.2119;15.1027;15",2.57883
"0.666667;0.0666667;0.266667"
20.2986,10.9009,10.1493,"20.9445;20.0551;19.2395;18.4082;17.5142;17.1725;16.3756;15.619;15.0858;14.483;13.8707;13.216;12.4225;11.6649;11.3416;10.6615;9.97017;9.07295;8.69167;7.81675;7.08565;6.5931;5.97872;5.02281;4.37133;3.86751;3.27019;2.3032;1.50174;1","14.8279;14.9635;15.1274;15.2468;15.4082;15.4467;15.6814;15.829;15.9606;16.1163;16.2377;16.377;16.574;16.6382;16.632;16.7293;16.631;16.4883;16.4376;16.2246;16.0797;15.9754;15.8692;15.7134;15.5786;15.4959;15.4015;15.2119;15.1027;15",2.62033
"0.666667;0.1;0.233333"
20.3843,8.87682,10.1922,"20.9445;20.0551;19.2395;18.4082;17.5142;17.1725;16.3756;15.619;15.0858;14.483;13.6298;12.6678;12.4225;11.5102;11.0309;10.0805;9.14243;8.78698;7.8439;7.04598;6.67557;5.9154;4.9561;4.47523;3.64106;3.27019;2.3032;1.50174;1","14.8279;14.9635;15.1274;15.2468;15.4082;15.4467;15.6814;15.829;15.9606;16.1163;16.3103;16.5276;16.574;16.7513;16.7829;16.9549;16.7543;16.7059;16.4876;16.2243;16.1493;16.0013;15.7504;15.6683;15.4494;15.4015;15.2119;15.1027;15",2.5632
"0.666667;0.133333;0.2"
20.5024,6.34806,10.2512,"20.9445;20.7394;19.9099;19.6823;18.8262;17.977;17.0678;16.3797;15.5316;14.6551;13.8509;13.385;12.6645;11.9583;11.2859;10.8735;10.222;9.34937;8.90179;8.14623;7.17697;6.25824;5.7415;4.79513;3.86751;3.27019;2.3032;1.50174;1","14.8279;14.8927;15.1305;15.181;15.4694;15.6614;15.8964;15.9963;16.1476;16.3682;16.5622;16.7252;16.9009;16.9474;17.0244;17.1271;17.1531;17.0178;16.8113;16.6523;16.4105;16.1722;16.0052;15.7834;15.4959;15.4015;15.2119;15.1027;15",2.48448
"0.666667;0.166667;0.166667"
20.6189,4.88132,10.3094,"20.9445;20.7394;19.9099;19.6823;18.8262;18.1058;17.5352;16.7133;16.296;15.7;14.8778;14.0873;13.1359;12.3849;11.4819;10.5503;9.55916;8.92493;8.27092;7.65129;6.95231;5.99189;5.24826;4.53075;3.67422;3.1173;2.62299;1.84896;1","14.8279;14.8927;15.1305;15.181;15.4694;15.6549;15.8354;16.0697;16.1821;16.3331;16.5689;16.7177;17.0064;17.1833;17.3342;17.3473;17.3295;17.2857;17.1437;16.9941;16.8531;16.5938;16.3739;16.1039;15.7578;15.5793;15.4425;15.2439;15",2.40685
"0.666667;0.2;0.133333"
20.838,4.15776,10.419,"20.9445;20.7394;19.9099;19.6823;18.8262;18.1058;17.5352;16.7133;15.8807;15.1015;14.6994;14.0928;13.5958;12.8924;12.5489;11.6895;11.0304;10.6731;10.1928;9.32851;8.41712;7.65129;6.95231;5.99189;5.02865;4.53075;3.67422;3.1173;2.62299;1.84896;1","14.8279;14.8927;15.1305;15.181;15.4694;15.6549;15.8354;16.0697;16.2917;16.5316;16.8271;17.0428;17.2105;17.3192;17.3719;17.5156;17.6476;17.7436;17.8004;17.5695;17.2777;16.9941;16.8531;16.5938;16.3318;16.1039;15.7578;15.5793;15.4425;15.2439;15",2.26073
"0.666667;0.233333;0.1"
20.9636,3.78162,10.4818,"20.9445;20.0073;19.8911;19.6823;18.9536;18.1058;17.5352;16.7578;16.2555;15.695;14.8573;13.9561;13.7941;12.8924;12.5045;12.0791;11.1366;10.4809;9.49846;8.8566;8.04217;7.58625;6.66415;6.28093;6.14704;5.57134;5.0982;4.28916;3.51856;2.98714;2.42694;1.84896;1","14.8279;15.0681;15.1022;15.181;15.4464;15.6549;15.8354;16.2075;16.3384;16.4639;16.7122;17.012;17.0297;17.3192;17.4336;17.6154;17.8999;17.9572;17.9684;17.8374;17.5758;17.406;17.0731;16.9951;16.961;16.7361;16.5931;16.2476;15.9285;15.6618;15.4766;15.2439;15",2.17704
"0.666667;0.266667;0.0666667"
21.0272,3.66297,10.5136,"20.9445;20.439;19.4788;18.5792;17.977;17.5352;16.7578;16.2555;15.695;14.8573;14.0928;13.5958;12.9572;12.0489;11.4899;11.0698;10.7356;10.4809;9.49846;8.88933;8.26065;7.64993;7.58362;6.8161;6.62608;5.89202;5.0982;4.28916;3.51856;2.98714;2.42694;1.84896;1","14.8279;14.8722;15.0497;15.4602;15.6614;15.8354;16.2075;16.3384;16.4639;16.7122;17.0428;17.2105;17.4013;17.6951;17.8211;17.8785;17.9077;17.9572;17.9684;17.8761;17.8236;17.6845;17.6628;17.3431;17.2747;16.8556;16.5931;16.2476;15.9285;15.6618;15.4766;15.2439;15",2.13463
"0.666667;0.3;0.0333333"
21.0435,3.64177,10.5217,"20.9445;20.7394;20.021;19.4989;19.4406;18.7749;17.7932;17.0678;16.296;15.695;14.8573;14.0928;13.5958;12.9734;12.0489;11.1366;10.4809;9.49846;9.18628;8.47243;8.26065;7.64993;7.58362;6.8161;6.62608;5.89202;5.0982;4.28916;3.51856;2.98714;2.42694;1.84896;1","14.8279;14.8927;15.2926;15.4714;15.4875;15.615;15.7346;15.8964;16.1821;16.4639;16.7122;17.0428;17.2105;17.4578;17.6951;17.8999;17.9572;17.9684;17.9754;17.8632;17.8236;17.6845;17.6628;17.3431;17.2747;16.8556;16.5931;16.2476;15.9285;15.6618;15.4766;15.2439;15",2.12378
"0.666667;0.333333;0"
22.7382,270.841,3.77132,"20.8302;20.1083;19.3719;19.1599;18.2987;17.8434;17.0601;16.4255;15.9526;15.5377;14.6686;14.5212;13.951;13.5723;12.9841;12.129;11.1885;10.7276;10.1861;9.33932;8.59663;7.86153;7.15839;6.38749;5.90598;5.06729;4.46274;3.49894;3.12832;2.83521;2.19663;1.67112;1","15.1138;14.6827;14.2695;14.1521;13.6446;13.368;12.9504;12.5257;12.2235;11.9526;11.5838;11.5103;11.0334;10.8437;10.4967;10.0851;9.84812;9.86893;10.0069;10.2326;10.7724;11.1687;11.6654;12.0168;12.2078;12.5289;12.6983;12.9602;13.0095;13.3292;13.9812;14.4526;15",1.02715
"0.7;0;0.3"
20.188,27.2118,10.094,"20.9445;20.0551;19.2395;18.4082;17.5142;16.7019;16.0598;15.1165;14.6449;13.8935;13.2156;12.6189;12.0362;11.1927;11.0362;10.1093;9.21554;8.76526;7.93569;7.00786;6.5931;5.97872;5.02281;4.37133;3.86751;3.27019;2.3032;1.50174;1","14.8279;14.9635;15.1274;15.2468;15.4082;15.5788;15.7011;15.8866;15.9465;15.9946;16.0247;16.101;16.236;16.3043;16.3208;16.3945;16.3371;16.2974;16.1676;16.0513;15.9754;15.8692;15.7134;15.5786;15.4959;15.4015;15.2119;15.1027;15",2.82883
"0.7;0.0333333;0.266667"
20.2618,15.9368,10.1309,"20.9445;20.0551;19.2395;18.4082;17.5142;16.7019;16.0598;15.1165;14.6449;14.0602;13.6205;12.8846;12.2662;11.6432;10.7902;10.0716;9.21554;8.76526;7.93569;7.00786;6.5931;5.97872;5.02281;4.37133;3.86751;3.27019;2.3032;1.50174;1","14.8279;14.9635;15.1274;15.2468;15.4082;15.5788;15.7011;15.8866;15.9465;16.0315;16.1293;16.206;16.5171;16.4887;16.5074;16.4348;16.3371;16.2974;16.1676;16.0513;15.9754;15.8692;15.7134;15.5786;15.4959;15.4015;15.2119;15.1027;15",2.7771
"0.7;0.0666667;0.233333"
20.3296,9.99636,10.1648,"20.9445;20.0551;19.2395;18.4082;17.5142;17.1725;16.3756;15.619;15.0858;14.483;13.8707;13.216;12.4225;11.5097;11.0309;10.6221;9.7808;9.07295;8.69167;7.81675;7.08565;6.5931;5.97872;5.02281;4.37133;3.86751;3.27019;2.3032;1.50174;1","14.8279;14.9635;15.1274;15.2468;15.4082;15.4467;15.6814;15.829;15.9606;16.1163;16.2377;16.377;16.574;16.7276;16.7829;16.8381;16.6391;16.4883;16.4376;16.2246;16.0797;15.9754;15.8692;15.7134;15.5786;15.4959;15.4015;15.2119;15.1027;15",2.7297
"0.7;0.1;0.2"
20.4452,7.54098,10.2226,"20.9445;20.0551;19.2395;18.4082;17.5142;16.7019;16.0598;15.619;14.8225;14.0056;13.1103;12.156;11.1782;10.7233;10.0805;9.14243;8.78698;7.8439;7.04598;6.67557;5.9154;4.9561;4.47523;3.64106;3.27019;2.3032;1.50174;1","14.8279;14.9635;15.1274;15.2468;15.4082;15.5788;15.7011;15.829;16.1025;16.4069;16.6158;16.776;16.931;17.0748;16.9549;16.7543;16.7059;16.4876;16.2243;16.1493;16.0013;15.7504;15.6683;15.4494;15.4015;15.2119;15.1027;15",2.64876
"0.7;0.133333;0.166667"
20.6065,5.17984,10.3032,"20.9445;20.7394;19.9099;19.6823;18.8262;18.1058;17.5352;16.6127;16.2404;15.4996;14.5771;13.9234;12.9533;11.9991;11.4408;10.9028;9.92959;8.95842;8.27092;7.65129;6.95231;5.99189;5.24826;4.53075;3.67422;3.1173;2.62299;1.84896;1","14.8279;14.8927;15.1305;15.181;15.4694;15.6549;15.8354;16.0034;16.0937;16.285;16.4718;16.654;16.8734;17.1454;17.2498;17.3246;17.3981;17.2275;17.1437;16.9941;16.8531;16.5938;16.3739;16.1039;15.7578;15.5793;15.4425;15.2439;15",2.53585
"0.7;0.166667;0.133333"
20.7157,4.3579,10.3579,"20.9445;20.7394;19.9099;19.6823;18.8262;18.1058;17.5352;16.7133;15.8807;15.1015;14.1875;13.7941;12.8924;12.6461;12.2151;11.3491;10.4725;9.52363;8.94452;8.43934;7.8935;6.95231;5.99189;5.24826;4.53075;3.67422;3.1173;2.62299;1.84896;1","14.8279;14.8927;15.1305;15.181;15.4694;15.6549;15.8354;16.0697;16.2917;16.5316;16.8805;17.0297;17.3192;17.3816;17.448;17.4966;17.6008;17.4326;17.3188;17.2144;17.083;16.8531;16.5938;16.3739;16.1039;15.7578;15.5793;15.4425;15.2439;15",2.45937
"0.7;0.2;0.1"
20.8736,4.04233,10.4368,"20.9445;20.7394;19.9099;19.6823;18.9536;18.1058;17.7932;17.0678;16.296;15.8807;15.0474;14.5037;13.7941;12.8924;12.6461;12.2151;11.6895;11.0304;10.1928;9.23349;8.49272;7.58377;6.66788;6.07582;5.87713;5.02865;4.53075;3.67422;3.1173;2.62299;1.84896;1","14.8279;14.8927;15.1305;15.181;15.4464;15.6549;15.7346;15.8964;16.1821;16.2917;16.6348;16.8154;17.0297;17.3192;17.3816;17.448;17.5156;17.6476;17.8004;17.859;17.5709;17.2487;16.8558;16.6771;16.6127;16.3318;16.1039;15.7578;15.5793;15.4425;15.2439;15",2.3489
"0.7;0.233333;0.0666667"
20.9456,3.81544,10.4728,"20.9445;20.7394;19.9099;19.6823;18.8262;18.1058;17.5352;16.7133;15.8195;15.0474;14.5037;13.7941;12.8924;12.4694;11.5078;10.7097;10.2498;9.49846;8.88933;8.08895;7.24195;6.62608;5.89202;5.0982;4.28916;3.51856;2.98714;2.42694;1.84896;1","14.8279;14.8927;15.1305;15.181;15.4694;15.6549;15.8354;16.0697;16.3781;16.6348;16.8154;17.0297;17.3192;17.4384;17.6986;17.8827;17.9232;17.9684;17.8761;17.6823;17.4314;17.2747;16.8556;16.5931;16.2476;15.9285;15.6618;15.4766;15.2439;15",2.29849
"0.7;0.266667;0.0333333"
20.9758,3.74759,10.4879,"20.9445;20.0551;19.6009;18.6809;17.8106;17.0678;16.296;15.695;14.8573;14.0928;13.5958;12.9572;12.0791;11.5078;11.0928;10.2498;9.39106;8.8566;8.08895;7.24594;6.62608;5.89202;5.0982;4.28916;3.51856;2.98714;2.42694;1.84896;1","14.8279;14.9635;15.1415;15.5053;15.7765;15.8964;16.1821;16.4639;16.7122;17.0428;17.2105;17.4013;17.6154;17.6986;17.8007;17.9232;17.8855;17.8374;17.6823;17.5176;17.2747;16.8556;16.5931;16.2476;15.9285;15.6618;15.4766;15.2439;15",2.27734
"0.7;0.3;0"
22.7255,262.762,3.73151,"20.8302;20.1083;19.3719;19.1599;18.2987;17.8434;17.0601;16.4255;15.9526;15.5377;14.6686;14.5212;13.951;13.5723;12.9841;12.129;11.1885;10.7276;10.1861;9.33932;8.72336;8.04719;7.34262;6.54381;6.10249;5.27435;4.95056;4.34321;3.49894;3.21551;2.9597;2.52286;2.38287;1.78695;1.11122;1","15.1138;14.6827;14.2695;14.1521;13.6446;13.368;12.9504;12.5257;12.2235;11.9526;11.5838;11.5103;11.0334;10.8437;10.4967;10.0851;9.84812;9.86893;10.0069;10.2326;10.5766;10.8912;11.2214;11.5589;11.7748;12.1017;12.2327;12.5275;12.9602;12.9557;13.0415;13.4108;13.5641;14.2082;14.8272;15",1.08537
"0.733333;0;0.266667"
20.1886,26.8502,10.0943,"20.9445;20.0551;19.4788;18.5216;17.5544;16.8405;16.4758;15.5987;14.6128;13.9466;13.1834;12.7984;12.0362;11.4826;11.0362;10.1093;9.21554;8.76526;7.93569;7.00786;6.5931;5.97872;5.02281;4.37133;3.86751;3.27019;2.3032;1.50174;1","14.8279;14.9635;15.0497;15.1581;15.3009;15.4353;15.4878;15.5843;15.6924;15.7758;15.9439;16.0518;16.236;16.3205;16.3208;16.3945;16.3371;16.2974;16.1676;16.0513;15.9754;15.8692;15.7134;15.5786;15.4959;15.4015;15.2119;15.1027;15",2.96305
"0.733333;0.0333333;0.233333"
20.2697,11.9451,10.1348,"20.9445;20.0551;19.2395;18.4082;17.5142;16.7019;16.0598;15.1165;14.2214;13.6681;13.1069;12.2985;11.3416;10.6574;9.90483;9.07295;8.69167;7.81675;7.08565;6.5931;5.97872;5.02281;4.37133;3.86751;3.27019;2.3032;1.50174;1","14.8279;14.9635;15.1274;15.2468;15.4082;15.5788;15.7011;15.8866;16.0515;16.1932;16.3299;16.4681;16.632;16.6804;16.595;16.4883;16.4376;16.2246;16.0797;15.9754;15.8692;15.7134;15.5786;15.4959;15.4015;15.2119;15.1027;15",2.90359
"0.733333;0.0666667;0.2"
20.3868,8.93473,10.1934,"20.9445;20.0551;19.2395;18.4082;17.5142;16.7019;16.0598;15.1165;14.2214;13.6015;12.6678;12.1328;11.1782;10.8543;9.90637;9.0656;8.60167;7.77954;7.00431;6.21564;5.43715;5.02281;4.37133;3.86751;3.27019;2.3032;1.50174;1","14.8279;14.9635;15.1274;15.2468;15.4082;15.5788;15.7011;15.8866;16.0515;16.2312;16.5276;16.6555;16.931;16.9611;16.8027;16.5813;16.5296;16.3875;16.176;15.9698;15.8171;15.7134;15.5786;15.4959;15.4015;15.2119;15.1027;15",2.8177
"0.733333;0.1;0.166667"
20.4869,6.68469,10.2435,"20.9445;20.7394;19.9099;19.6823;18.8262;17.977;17.0678;16.3797;15.5316;14.7599;14.0808;13.1103;12.156;11.2859;10.8735;10.222;9.34937;8.5254;8.03198;7.61795;6.81282;6.09336;5.29977;4.42176;3.67422;3.1173;2.62299;1.84896;1","14.8279;14.8927;15.1305;15.181;15.4694;15.6614;15.8964;15.9963;16.1476;16.2682;16.4087;16.6158;16.776;17.0244;17.1271;17.1531;17.0178;16.8466;16.7638;16.7047;16.5249;16.3895;16.2525;16.0509;15.7578;15.5793;15.4425;15.2439;15",2.74428
"0.733333;0.133333;0.133333"
20.6203,4.87984,10.3101,"20.9445;20.7394;19.9099;19.6823;18.8262;18.1058;17.5352;16.7133;16.296;15.8807;15.1015;14.8778;14.0873;13.1359;12.3849;11.4819;10.5503;9.55916;8.92493;8.27092;7.65129;6.95231;5.99189;5.24826;4.53075;3.67422;3.1173;2.62299;1.84896;1","14.8279;14.8927;15.1305;15.181;15.4694;15.6549;15.8354;16.0697;16.1821;16.2917;16.5316;16.5689;16.7177;17.0064;17.1833;17.3342;17.3473;17.3295;17.2857;17.1437;16.9941;16.8531;16.5938;16.3739;16.1039;15.7578;15.5793;15.4425;15.2439;15",2.64648
"0.733333;0.166667;0.1"
20.8413,4.29071,10.4206,"20.9445;20.0073;19.8911;19.6009;18.6809;17.977;17.5352;16.6868;15.8807;15.1015;14.7038;14.2049;13.4244;12.5661;11.6895;11.1699;11.0304;10.1928;9.28617;8.44989;7.96527;7.31976;6.66788;5.99189;5.24826;4.53075;3.67422;3.1173;2.62299;1.84896;1","14.8279;15.0681;15.1022;15.1415;15.5053;15.6614;15.8354;16.1022;16.2917;16.5316;16.5598;16.6814;16.9651;17.2307;17.5156;17.5629;17.6476;17.8004;17.736;17.4353;17.2635;17.0658;16.8558;16.5938;16.3739;16.1039;15.7578;15.5793;15.4425;15.2439;15",2.48442
"0.733333;0.2;0.0666667"
20.881,3.9187,10.4405,"20.9445;20.0073;19.8911;18.9536;17.977;17.7932;16.8826;16.2555;15.695;15.5772;14.6994;14.5836;13.9561;13.7941;12.8924;12.6461;12.4694;12.1;11.1892;10.1928;9.28617;8.49272;8.13257;7.4331;6.51559;6.18992;5.89202;5.0982;4.28916;3.51856;2.98714;2.42694;1.84896;1","14.8279;15.0681;15.1022;15.4464;15.6614;15.7346;16.0259;16.3384;16.4639;16.499;16.8271;16.8759;17.012;17.0297;17.3192;17.3816;17.4384;17.5324;17.8039;17.8004;17.736;17.5709;17.4793;17.2416;17.0044;16.9292;16.8556;16.5931;16.2476;15.9285;15.6618;15.4766;15.2439;15",2.45531
"0.733333;0.233333;0.0333333"
20.8819,3.88851,10.441,"20.9445;20.7394;19.9099;19.6823;18.8262;18.1058;17.5352;17.0678;16.296;15.5772;14.6994;14.2105;13.5958;12.9572;12.1;11.1845;10.6936;10.1928;9.28617;8.3904;7.58625;6.66415;6.28093;5.57134;5.0982;4.28916;3.51856;2.98714;2.42694;1.84896;1","14.8279;14.8927;15.1305;15.181;15.4694;15.6549;15.8354;15.8964;16.1821;16.499;16.8271;17.0365;17.2105;17.4013;17.5324;17.7223;17.779;17.8004;17.736;17.4839;17.406;17.0731;16.9951;16.7361;16.5931;16.2476;15.9285;15.6618;15.4766;15.2439;15",2.45464
"0.733333;0.266667;0"
20.1214,104.538,10.0607,"20.9445;20.439;19.4788;18.5216;17.5544;16.8405;16.4758;15.5987;14.6128;13.9466;13.3414;12.4222;11.92;11.0609;10.6582;9.97346;9.40877;8.42052;7.47793;6.71501;5.81829;5.03837;4.58625;3.60954;2.78973;2.31249;1.50174;1","14.8279;14.8722;15.0497;15.1581;15.3009;15.4353;15.4878;15.5843;15.6924;15.7758;15.835;15.9513;16.034;16.1414;16.1861;16.0769;15.9906;15.9244;15.7728;15.6605;15.5875;15.5176;15.5087;15.3271;15.2222;15.1756;15.1027;15",3.14924
"0.766667;0;0.233333"
20.1947,24.9586,10.0973,"20.9445;20.0551;19.2395;18.4082;17.5142;16.7693;16.4758;15.5987;14.6128;13.9466;13.1834;12.7984;12.0362;11.4826;10.8657;10.1093;9.21554;8.76526;7.93569;7.00786;6.5931;5.97872;5.02281;4.37133;3.86751;3.27019;2.3032;1.50174;1","14.8279;14.9635;15.1274;15.2468;15.4082;15.4772;15.4878;15.5843;15.6924;15.7758;15.9439;16.0518;16.236;16.3205;16.4037;16.3945;16.3371;16.2974;16.1676;16.0513;15.9754;15.8692;15.7134;15.5786;15.4959;15.4015;15.2119;15.1027;15",3.09308
"0.766667;0.0333333;0.2"
20.2881,11.6154,10.144,"20.9445;20.0551;19.2395;18.4082;17.5142;17.1725;16.3756;15.619;15.0858;14.483;13.6015;13.1069;12.2985;11.3416;10.6615;9.97017;9.07295;8.69167;7.81675;7.08565;6.5931;5.97872;5.02281;4.37133;3.86751;3.27019;2.3032;1.50174;1","14.8279;14.9635;15.1274;15.2468;15.4082;15.4467;15.6814;15.829;15.9606;16.1163;16.2312;16.3299;16.4681;16.632;16.7293;16.631;16.4883;16.4376;16.2246;16.0797;15.9754;15.8692;15.7134;15.5786;15.4959;15.4015;15.2119;15.1027;15",3.02148
"0.766667;0.0666667;0.166667"
20.4313,7.46335,10.2157,"20.9445;20.7394;19.9099;19.6823;18.8262;18.1058;17.5352;17.0678;16.3797;15.5316;14.7599;14.0808;13.1103;12.156;11.1782;10.6201;10.0805;9.14243;8.78698;7.8439;7.04598;6.67557;5.9154;4.9561;4.47523;3.64106;3.27019;2.3032;1.50174;1","14.8279;14.8927;15.1305;15.181;15.4694;15.6549;15.8354;15.8964;15.9963;16.1476;16.2682;16.4087;16.6158;16.776;16.931;17.0559;16.9549;16.7543;16.7059;16.4876;16.2243;16.1493;16.0013;15.7504;15.6683;15.4494;15.4015;15.2119;15.1027;15",2.91167
"0.766667;0.1;0.133333"
20.6161,4.94527,10.3081,"20.9445;20.7394;19.9099;19.6823;18.8262;18.1058;17.5352;16.7133;16.296;15.7;14.7719;14.2049;13.497;12.5386;11.6092;11.4819;10.5793;9.92959;8.95842;8.27092;7.65129;6.7911;6.46186;5.6157;5.35432;4.42176;3.67422;3.1173;2.62299;1.84896;1","14.8279;14.8927;15.1305;15.181;15.4694;15.6549;15.8354;16.0697;16.1821;16.3331;16.5293;16.6814;16.8504;17.0661;17.3245;17.3342;17.3986;17.3981;17.2275;17.1437;16.9941;16.7215;16.6397;16.3783;16.3213;16.0509;15.7578;15.5793;15.4425;15.2439;15",2.76997
"0.766667;0.133333;0.1"
20.751,4.74528,10.3755,"20.9445;20.0551;19.4788;18.7572;18.4082;17.4861;16.8533;16.0854;15.3255;14.7989;14.3826;13.497;12.6427;12.3849;11.6092;11.0373;10.4725;10.3008;9.32851;8.41712;7.65129;6.7911;6.46186;5.6157;5.35432;4.42176;3.67422;3.1173;2.62299;1.84896;1","14.8279;14.9635;15.0497;15.165;15.2468;15.6014;15.6988;15.8956;16.2208;16.4511;16.5626;16.8504;17.0701;17.1833;17.3245;17.4626;17.6008;17.6392;17.5695;17.2777;16.9941;16.7215;16.6397;16.3783;16.3213;16.0509;15.7578;15.5793;15.4425;15.2439;15",2.66657
"0.766667;0.166667;0.0666667"
20.8209,4.43918,10.4104,"20.9445;20.7394;19.9099;19.6823;18.8262;18.1058;17.7932;17.0678;16.296;15.5316;14.7038;14.1897;13.4244;12.5661;11.73;11.0946;10.3008;9.32851;8.92889;8.13257;7.4331;6.98209;6.07582;5.87713;5.02865;4.53075;3.67422;3.1173;2.62299;1.84896;1","14.8279;14.8927;15.1305;15.181;15.4694;15.6549;15.7346;15.8964;16.1821;16.1476;16.5598;16.725;16.9651;17.2307;17.3733;17.4841;17.6392;17.5695;17.5728;17.4793;17.2416;17.0944;16.6771;16.6127;16.3318;16.1039;15.7578;15.5793;15.4425;15.2439;15",2.61299
"0.766667;0.2;0.0333333"
20.8485,4.21692,10.4243,"20.9445;20.7394;19.9099;19.6823;18.8262;18.1058;17.7932;17.0678;16.6127;15.7;15.1015;14.7038;14.1897;13.4244;12.5661;11.6895;11.1699;10.6303;10.1928;9.28617;8.49272;7.58625;6.66415;6.28093;5.89202;5.0982;4.28916;3.51856;2.98714;2.42694;1.84896;1","14.8279;14.8927;15.1305;15.181;15.4694;15.6549;15.7346;15.8964;16.0034;16.3331;16.5316;16.5598;16.725;16.9651;17.2307;17.5156;17.5629;17.7212;17.8004;17.736;17.5709;17.406;17.0731;16.9951;16.8556;16.5931;16.2476;15.9285;15.6618;15.4766;15.2439;15",2.59179
"0.766667;0.233333;0"
20.1214,104.538,10.0607,"20.9445;20.439;19.4788;18.5216;17.5544;16.8405;16.4758;15.5987;14.6128;13.9466;13.3414;12.4222;11.92;11.0609;10.6582;9.97346;9.40877;8.42052;7.47793;6.71501;5.81829;5.03837;4.58625;3.60954;2.78973;2.31249;1.50174;1","14.8279;14.8722;15.0497;15.1581;15.3009;15.4353;15.4878;15.5843;15.6924;15.7758;15.835;15.9513;16.034;16.1414;16.1861;16.0769;15.9906;15.9244;15.7728;15.6605;15.5875;15.5176;15.5087;15.3271;15.2222;15.1756;15.1027;15",3.28616
"0.8;0;0.2"
20.2074,19.2601,10.1037,"20.9445;20.0551;19.2395;18.4082;17.5142;16.7019;16.0598;15.1165;14.6449;13.8649;13.0561;12.5189;11.6334;10.9514;10.1093;9.21554;8.76526;7.93569;7.00786;6.5931;5.97872;5.02281;4.37133;3.86751;3.27019;2.3032;1.50174;1","14.8279;14.9635;15.1274;15.2468;15.4082;15.5788;15.7011;15.8866;15.9465;16.0044;16.1048;16.2487;16.4379;16.4402;16.3945;16.3371;16.2974;16.1676;16.0513;15.9754;15.8692;15.7134;15.5786;15.4959;15.4015;15.2119;15.1027;15",3.21736
"0.8;0.0333333;0.166667"
20.3312,10.0081,10.1656,"20.9445;20.0551;19.2395;18.4082;17.5142;16.7019;16.0598;15.1165;14.483;13.8707;13.216;12.4225;11.5097;11.0309;10.6221;9.7808;9.07295;8.69167;7.81675;7.08565;6.5931;5.97872;5.02281;4.37133;3.86751;3.27019;2.3032;1.50174;1","14.8279;14.9635;15.1274;15.2468;15.4082;15.5788;15.7011;15.8866;16.1163;16.2377;16.377;16.574;16.7276;16.7829;16.8381;16.6391;16.4883;16.4376;16.2246;16.0797;15.9754;15.8692;15.7134;15.5786;15.4959;15.4015;15.2119;15.1027;15",3.11835
"0.8;0.0666667;0.133333"
20.4869,6.68469,10.2435,"20.9445;20.7394;19.9099;19.6823;18.8262;17.977;17.0678;16.3797;15.5316;14.7599;14.0808;13.1103;12.156;11.2859;10.8735;10.222;9.34937;8.5254;8.03198;7.61795;6.81282;6.09336;5.29977;4.42176;3.67422;3.1173;2.62299;1.84896;1","14.8279;14.8927;15.1305;15.181;15.4694;15.6614;15.8964;15.9963;16.1476;16.2682;16.4087;16.6158;16.776;17.0244;17.1271;17.1531;17.0178;16.8466;16.7638;16.7047;16.5249;16.3895;16.2525;16.0509;15.7578;15.5793;15.4425;15.2439;15",2.99376
"0.8;0.1;0.1"
20.6482,5.16369,10.3241,"20.9445;20.0551;19.2395;18.4082;17.5142;16.6893;15.8733;15.5316;15.3255;15.0639;14.1198;13.5161;12.9533;12.0917;11.3272;10.6656;9.92066;9.41369;8.92493;8.27092;7.65129;6.7911;6.46186;5.6157;5.35432;4.42176;3.67422;3.1173;2.62299;1.84896;1","14.8279;14.9635;15.1274;15.2468;15.4082;15.6624;15.9681;16.1476;16.2208;16.2926;16.553;16.749;16.8734;17.139;17.2684;17.4408;17.4305;17.3546;17.2857;17.1437;16.9941;16.7215;16.6397;16.3783;16.3213;16.0509;15.7578;15.5793;15.4425;15.2439;15",2.86475
"0.8;0.133333;0.0666667"
20.7465,4.63012,10.3732,"20.9445;20.7394;19.9099;19.6823;18.8262;18.1058;17.5352;16.7133;16.296;15.8807;15.1015;14.2049;13.6746;13.397;12.6673;12.5386;11.6092;11.0373;10.3008;9.32851;8.92889;8.3904;7.91042;7.31976;6.66788;6.07582;5.87713;5.24826;4.53075;3.67422;3.1173;2.62299;1.84896;1","14.8279;14.8927;15.1305;15.181;15.4694;15.6549;15.8354;16.0697;16.1821;16.2917;16.5316;16.6814;16.7912;16.8576;17.0608;17.0661;17.3245;17.4626;17.6392;17.5695;17.5728;17.4839;17.2821;17.0658;16.8558;16.6771;16.6127;16.3739;16.1039;15.7578;15.5793;15.4425;15.2439;15",2.78614
"0.8;0.166667;0.0333333"
20.7758,4.33257,10.3879,"20.9445;20.7394;19.8911;18.9536;17.977;17.0678;16.3332;15.4996;14.7719;14.1897;13.4244;12.5661;11.6895;11.1699;10.8126;10.3008;9.32851;9.23658;8.3904;7.4331;6.51559;6.18992;5.89202;5.0982;4.28916;3.51856;2.98714;2.42694;1.84896;1","14.8279;14.8927;15.1022;15.4464;15.6614;15.8964;16.086;16.285;16.5293;16.725;16.9651;17.2307;17.5156;17.5629;17.5954;17.6392;17.5695;17.5757;17.4839;17.2416;17.0044;16.9292;16.8556;16.5931;16.2476;15.9285;15.6618;15.4766;15.2439;15",2.76269
"0.8;0.2;0"
20.1214,104.538,10.0607,"20.9445;20.439;19.4788;18.5216;17.5544;16.8405;16.4758;15.5987;14.6128;13.9466;13.3414;12.4222;11.92;11.0609;10.6582;9.97346;9.40877;8.42052;7.47793;6.71501;5.81829;5.03837;4.58625;3.60954;2.78973;2.31249;1.50174;1","14.8279;14.8722;15.0497;15.1581;15.3009;15.4353;15.4878;15.5843;15.6924;15.7758;15.835;15.9513;16.034;16.1414;16.1861;16.0769;15.9906;15.9244;15.7728;15.6605;15.5875;15.5176;15.5087;15.3271;15.2222;15.1756;15.1027;15",3.42309
"0.833333;0;0.166667"
20.3609,12.8293,10.1804,"20.9445;20.0551;19.2395;18.4082;17.5142;16.7019;16.0598;15.1165;14.483;13.8707;13.216;12.8846;12.1814;11.3416;10.6574;9.90483;9.07295;8.69167;7.81675;7.08565;6.5931;5.97872;5.02281;4.37133;3.86751;3.27019;2.3032;1.50174;1","14.8279;14.9635;15.1274;15.2468;15.4082;15.5788;15.7011;15.8866;16.1163;16.2377;16.377;16.206;16.3952;16.632;16.6804;16.595;16.4883;16.4376;16.2246;16.0797;15.9754;15.8692;15.7134;15.5786;15.4959;15.4015;15.2119;15.1027;15",3.22354
"0.833333;0.0333333;0.133333"
20.3843,8.87682,10.1922,"20.9445;20.0551;19.2395;18.4082;17.5142;17.1725;16.3756;15.619;15.0858;14.483;13.6298;12.6678;12.4225;11.5102;11.0309;10.0805;9.14243;8.78698;7.8439;7.04598;6.67557;5.9154;4.9561;4.47523;3.64106;3.27019;2.3032;1.50174;1","14.8279;14.9635;15.1274;15.2468;15.4082;15.4467;15.6814;15.829;15.9606;16.1163;16.3103;16.5276;16.574;16.7513;16.7829;16.9549;16.7543;16.7059;16.4876;16.2243;16.1493;16.0013;15.7504;15.6683;15.4494;15.4015;15.2119;15.1027;15",3.204
"0.833333;0.0666667;0.1"
20.5893,5.43759,10.2946,"20.9445;20.7394;19.8911;19.6823;18.8262;18.1058;17.5352;16.6127;16.2404;15.3255;15.0639;14.1198;13.385;12.9217;12.5275;11.6911;10.9438;10.3259;9.56581;8.92493;8.27092;7.65129;6.7911;6.46186;5.6157;5.35432;4.42176;3.67422;3.1173;2.62299;1.84896;1","14.8279;14.8927;15.1022;15.181;15.4694;15.6549;15.8354;16.0034;16.0937;16.2208;16.2926;16.553;16.7252;16.8766;16.9558;17.117;17.2429;17.3205;17.2563;17.2857;17.1437;16.9941;16.7215;16.6397;16.3783;16.3213;16.0509;15.7578;15.5793;15.4425;15.2439;15",3.03321
"0.833333;0.1;0.0666667"
20.6698,4.99121,10.3349,"20.9445;20.0551;19.2395;18.677;18.2232;17.2862;16.3797;15.5316;15.3255;14.438;13.5429;12.6427;12.0917;11.3272;10.5793;9.92066;9.57493;8.98567;8.3731;7.78651;7.00965;6.29851;5.99189;5.24826;4.53075;3.67422;3.1173;2.62299;1.84896;1","14.8279;14.9635;15.1274;15.2526;15.4314;15.74;15.9963;16.1476;16.2208;16.5264;16.7774;17.0701;17.139;17.2684;17.3986;17.4305;17.4462;17.4518;17.3349;17.1022;16.8813;16.68;16.5938;16.3739;16.1039;15.7578;15.5793;15.4425;15.2439;15",2.96613
"0.833333;0.133333;0.0333333"
20.7147,4.73043,10.3573,"20.9445;20.7394;20.0551;19.4982;18.677;18.2232;17.2862;16.3797;15.6343;14.7129;14.3826;13.497;12.6427;12.3849;11.6092;11.0373;10.6656;9.70706;8.98567;8.65621;7.91042;7.28254;6.75165;6.23185;5.66852;4.88005;4.28916;3.51856;2.98714;2.42694;1.84896;1","14.8279;14.8927;14.9635;15.0805;15.2526;15.4314;15.74;15.9963;16.2099;16.5073;16.5626;16.8504;17.0701;17.1833;17.3245;17.4626;17.4408;17.4933;17.4518;17.407;17.2821;17.1337;16.9702;16.814;16.6649;16.4574;16.2476;15.9285;15.6618;15.4766;15.2439;15",2.9287
"0.833333;0.166667;0"
20.1214,104.538,10.0607,"20.9445;20.439;19.4788;18.5216;17.5544;16.8405;16.4758;15.5987;14.6128;13.9466;13.3414;12.4222;11.92;11.0609;10.6582;9.97346;9.40877;8.42052;7.47793;6.71501;5.81829;5.03837;4.58625;3.60954;2.78973;2.31249;1.50174;1","14.8279;14.8722;15.0497;15.1581;15.3009;15.4353;15.4878;15.5843;15.6924;15.7758;15.835;15.9513;16.034;16.1414;16.1861;16.0769;15.9906;15.9244;15.7728;15.6605;15.5875;15.5176;15.5087;15.3271;15.2222;15.1756;15.1027;15",3.56001
"0.866667;0;0.133333"
20.274,11.9924,10.137,"20.9445;20.0551;19.2395;18.4082;17.5142;16.7019;16.0598;15.1165;14.6449;13.6756;13.1069;12.2985;11.3416;10.6574;9.90483;9.07295;8.69167;7.81675;7.08565;6.5931;5.97872;5.02281;4.37133;3.86751;3.27019;2.3032;1.50174;1","14.8279;14.9635;15.1274;15.2468;15.4082;15.5788;15.7011;15.8866;15.9465;16.141;16.3299;16.4681;16.632;16.6804;16.595;16.4883;16.4376;16.2246;16.0797;15.9754;15.8692;15.7134;15.5786;15.4959;15.4015;15.2119;15.1027;15",3.42776
"0.866667;0.0333333;0.1"
20.4977,6.77378,10.2488,"20.9445;20.7394;19.7847;19.2395;18.4082;17.5142;16.7019;16.0598;15.619;14.8225;14.0056;13.1103;12.156;11.2859;10.8735;10.222;9.34937;8.5254;8.03198;7.61795;6.81282;6.09336;5.29977;4.42176;3.67422;3.1173;2.62299;1.84896;1","14.8279;14.8927;15.0122;15.1274;15.2468;15.4082;15.5788;15.7011;15.829;16.1025;16.4069;16.6158;16.776;17.0244;17.1271;17.1531;17.0178;16.8466;16.7638;16.7047;16.5249;16.3895;16.2525;16.0509;15.7578;15.5793;15.4425;15.2439;15",3.23392
"0.866667;0.0666667;0.0666667"
20.5724,5.59774,10.2862,"20.9445;20.0551;19.4982;18.677;18.2581;17.4861;16.8533;16.0854;15.4857;14.6037;14.1198;13.385;12.6645;11.6911;10.7561;10.6247;9.83171;8.95842;8.27092;7.65129;6.7911;6.46186;5.6157;5.35432;4.42176;3.67422;3.1173;2.62299;1.84896;1","14.8279;14.9635;15.0805;15.2526;15.3936;15.6014;15.6988;15.8956;16.0601;16.4171;16.553;16.7252;16.9009;17.117;17.2068;17.2431;17.2331;17.2275;17.1437;16.9941;16.7215;16.6397;16.3783;16.3213;16.0509;15.7578;15.5793;15.4425;15.2439;15",3.16917
"0.866667;0.1;0.0333333"
20.644,5.02875,10.322,"20.9445;20.7394;19.8911;19.6823;18.8262;17.977;17.0678;16.3332;15.5316;15.3255;14.438;13.8941;13.6746;13.497;12.6427;12.0917;11.4408;10.5503;9.92959;9.41369;8.69256;7.78651;7.39228;7.00965;6.29851;5.99189;5.24826;4.53075;3.67422;3.1173;2.62299;1.84896;1","14.8279;14.8927;15.1022;15.181;15.4694;15.6614;15.8964;16.086;16.1476;16.2208;16.5264;16.7282;16.7912;16.8504;17.0701;17.139;17.2498;17.3473;17.3981;17.3546;17.3395;17.1022;16.991;16.8813;16.68;16.5938;16.3739;16.1039;15.7578;15.5793;15.4425;15.2439;15",3.1071
"0.866667;0.133333;0"
20.1214,104.538,10.0607,"20.9445;20.439;19.4788;18.5216;17.5544;16.8405;16.4758;15.5987;14.6128;13.9466;13.3414;12.4222;11.92;11.0609;10.6582;9.97346;9.40877;8.42052;7.47793;6.71501;5.81829;5.03837;4.58625;3.60954;2.78973;2.31249;1.50174;1","14.8279;14.8722;15.0497;15.1581;15.3009;15.4353;15.4878;15.5843;15.6924;15.7758;15.835;15.9513;16.034;16.1414;16.1861;16.0769;15.9906;15.9244;15.7728;15.6605;15.5875;15.5176;15.5087;15.3271;15.2222;15.1756;15.1027;15",3.69693
"0.9;0;0.1"
20.3312,10.0081,10.1656,"20.9445;20.0551;19.2395;18.4082;17.5142;16.7019;16.0598;15.1165;14.483;13.8707;13.216;12.4225;11.5097;11.0309;10.6221;9.7808;9.07295;8.69167;7.81675;7.08565;6.5931;5.97872;5.02281;4.37133;3.86751;3.27019;2.3032;1.50174;1","14.8279;14.9635;15.1274;15.2468;15.4082;15.5788;15.7011;15.8866;16.1163;16.2377;16.377;16.574;16.7276;16.7829;16.8381;16.6391;16.4883;16.4376;16.2246;16.0797;15.9754;15.8692;15.7134;15.5786;15.4959;15.4015;15.2119;15.1027;15",3.50814
"0.9;0.0333333;0.0666667"
20.5392,7.32006,10.2696,"20.9445;20.0551;19.2395;18.667;18.4082;17.4861;16.6893;16.3756;15.619;14.8225;13.8707;13.1611;12.3898;11.8013;11.1782;10.222;9.83171;9.59293;9.31723;8.5254;8.03198;7.61795;6.81282;6.09336;5.29977;4.42176;3.67422;3.1173;2.62299;1.84896;1","14.8279;14.9635;15.1274;15.2244;15.2468;15.6014;15.6624;15.6814;15.829;16.1025;16.2377;16.4733;16.6718;16.8146;16.931;17.1531;17.2331;17.1675;17.0673;16.8466;16.7638;16.7047;16.5249;16.3895;16.2525;16.0509;15.7578;15.5793;15.4425;15.2439;15",3.32093
"0.9;0.0666667;0.0333333"
20.5777,5.46193,10.2889,"20.9445;20.7394;19.9099;19.6823;18.8262;18.1058;17.5352;16.6127;16.2404;15.4996;14.5771;13.9234;12.9533;12.9217;12.5275;11.6911;10.7561;10.6247;9.83171;8.95842;8.43934;7.78651;7.39228;7.00965;6.29851;5.99189;5.24826;4.53075;3.67422;3.1173;2.62299;1.84896;1","14.8279;14.8927;15.1305;15.181;15.4694;15.6549;15.8354;16.0034;16.0937;16.285;16.4718;16.654;16.8734;16.8766;16.9558;17.117;17.2068;17.2431;17.2331;17.2275;17.2144;17.1022;16.991;16.8813;16.68;16.5938;16.3739;16.1039;15.7578;15.5793;15.4425;15.2439;15",3.28626
"0.9;0.1;0"
20.1214,104.538,10.0607,"20.9445;20.439;19.4788;18.5216;17.5544;16.8405;16.4758;15.5987;14.6128;13.9466;13.3414;12.4222;11.92;11.0609;10.6582;9.97346;9.40877;8.42052;7.47793;6.71501;5.81829;5.03837;4.58625;3.60954;2.78973;2.31249;1.50174;1","14.8279;14.8722;15.0497;15.1581;15.3009;15.4353;15.4878;15.5843;15.6924;15.7758;15.835;15.9513;16.034;16.1414;16.1861;16.0769;15.9906;15.9244;15.7728;15.6605;15.5875;15.5176;15.5087;15.3271;15.2222;15.1756;15.1027;15",3.83386
"0.933333;0;0.0666667"
20.3969,8.83825,10.1984,"20.9445;20.0551;19.4788;18.677;18.2581;17.4644;16.7008;15.8733;14.978;14.483;13.6298;13.216;12.4225;11.5102;10.6585;10.0805;9.14243;8.78698;7.8439;7.04598;6.67557;5.9154;4.9561;4.47523;3.64106;3.27019;2.3032;1.50174;1","14.8279;14.9635;15.0497;15.2526;15.3936;15.6332;15.7277;15.9681;16.079;16.1163;16.3103;16.377;16.574;16.7513;16.8516;16.9549;16.7543;16.7059;16.4876;16.2243;16.1493;16.0013;15.7504;15.6683;15.4494;15.4015;15.2119;15.1027;15",3.57679
"0.933333;0.0333333;0.0333333"
20.5093,7.2282,10.2547,"20.9445;20.0551;19.4788;18.7572;18.4082;17.5142;16.7019;16.0598;15.5614;15.0858;14.483;13.6175;13.1611;12.3898;11.8013;11.1782;10.222;10.0236;9.59293;9.31723;8.48281;7.62871;6.81282;6.2703;5.29977;4.42176;3.67422;3.1173;2.62299;1.84896;1","14.8279;14.9635;15.0497;15.165;15.2468;15.4082;15.5788;15.7011;15.8361;15.9606;16.1163;16.4294;16.4733;16.6718;16.8146;16.931;17.1531;17.1613;17.1675;17.0673;16.9954;16.7191;16.5249;16.4515;16.2525;16.0509;15.7578;15.5793;15.4425;15.2439;15",3.47182
"0.933333;0.0666667;0"
20.1214,104.538,10.0607,"20.9445;20.439;19.4788;18.5216;17.5544;16.8405;16.4758;15.5987;14.6128;13.9466;13.3414;12.4222;11.92;11.0609;10.6582;9.97346;9.40877;8.42052;7.47793;6.71501;5.81829;5.03837;4.58625;3.60954;2.78973;2.31249;1.50174;1","14.8279;14.8722;15.0497;15.1581;15.3009;15.4353;15.4878;15.5843;15.6924;15.7758;15.835;15.9513;16.034;16.1414;16.1861;16.0769;15.9906;15.9244;15.7728;15.6605;15.5875;15.5176;15.5087;15.3271;15.2222;15.1756;15.1027;15",3.97078
"0.966667;0;0.0333333"
20.3907,8.76658,10.1953,"20.9445;20.0551;19.2395;18.4082;17.5142;16.7693;16.0598;15.2894;14.483;13.6298;12.6678;12.1328;11.5102;10.6127;10.3718;9.90637;9.38701;8.90179;8.59111;8.14623;7.17697;6.25824;5.7415;4.79513;3.86751;3.27019;2.3032;1.50174;1","14.8279;14.9635;15.1274;15.2468;15.4082;15.4772;15.7011;15.8825;16.1163;16.3103;16.5276;16.6555;16.7513;16.8625;16.8713;16.8027;16.8706;16.8113;16.7586;16.6523;16.4105;16.1722;16.0052;15.7834;15.4959;15.4015;15.2119;15.1027;15",3.71049
"0.966667;0.0333333;0"
20.1214,104.538,10.0607,"20.9445;20.439;19.4788;18.5216;17.5544;16.8405;16.4758;15.5987;14.6128;13.9466;13.3414;12.4222;11.92;11.0609;10.6582;9.97346;9.40877;8.42052;7.47793;6.71501;5.81829;5.03837;4.58625;3.60954;2.78973;2.31249;1.50174;1","14.8279;14.8722;15.0497;15.1581;15.3009;15.4353;15.4878;15.5843;15.6924;15.7758;15.835;15.9513;16.034;16.1414;16.1861;16.0769;15.9906;15.9244;15.7728;15.6605;15.5875;15.5176;15.5087;15.3271;15.2222;15.1756;15.1027;15",4.10771
"1;0;0"
