Parent Map for Subproblem Tree 6
======================================
Child ID (x, y) -> Parent ID (x, y)
    1 (1.39291, 2.4352) -> 0 (0, 1)
    2 (2.8124, 3.84411) -> 0 (0, 1)
    3 (3.49355, 5.72455) -> 0 (0, 1)
    4 (5.46501, 6.06124) -> 0 (0, 1)
    5 (6.99215, 7.35269) -> 0 (0, 1)
    6 (6.19415, 9.18658) -> 0 (0, 1)
    7 (1.79466, 6.77991) -> 0 (0, 1)
    8 (8.84061, 6.589) -> 0 (0, 1)
    9 (10.2208, 5.14155) -> 0 (0, 1)
    10 (5.26338, 10.9568) -> 0 (0, 1)
    11 (5.94791, 12.836) -> 0 (0, 1)
    12 (1.58632, 6.32659) -> 0 (0, 1)
    13 (12.2048, 4.88956) -> 0 (0, 1)
    14 (7.82424, 13.5284) -> 3 (3.49355, 5.72455)
    15 (4.69234, 3.16158) -> 0 (0, 1)
    16 (8.29893, 5.83864) -> 0 (0, 1)
    17 (13.3548, 6.52593) -> 9 (10.2208, 5.14155)
    18 (9.01506, 15.1352) -> 3 (3.49355, 5.72455)
    19 (8.86472, 11.8203) -> 3 (3.49355, 5.72455)
    20 (10.8081, 16.0212) -> 6 (6.19415, 9.18658)
    21 (4.52953, 14.2461) -> 7 (1.79466, 6.77991)
    22 (1.62626, 8.7728) -> 0 (0, 1)
    23 (4.68044, 16.2404) -> 7 (1.79466, 6.77991)
    24 (12.7836, 15.7092) -> 19 (8.86472, 11.8203)
    25 (15.0894, 5.53043) -> 36 (6.68377, 2.97662)
    26 (12.4363, 17.6788) -> 1777 (11.849, 16.9187)
    27 (13.8838, 14.0389) -> 5 (6.99215, 7.35269)
    28 (16.8964, 6.38769) -> 13 (12.2048, 4.88956)
    29 (10.984, 19.0539) -> 14 (7.82424, 13.5284)
    30 (10.3501, 10.4811) -> 4 (5.46501, 6.06124)
    31 (15.6511, 14.9752) -> 335 (12.9617, 12.5277)
    32 (7.03781, 15.436) -> 11 (5.94791, 12.836)
    33 (3.28199, 17.6702) -> 22 (1.62626, 8.7728)
    34 (6.36752, 11.1791) -> 146 (5.99434, 10.6135)
    35 (16.9763, 16.4731) -> 30 (10.3501, 10.4811)
    36 (6.68377, 2.97662) -> 0 (0, 1)
    37 (18.2551, 7.85531) -> 9 (10.2208, 5.14155)
    38 (0.471607, 0.660038) -> 0 (0, 1)
    39 (16.1316, 16.9166) -> 30 (10.3501, 10.4811)
    40 (16.5001, 8.81458) -> 99 (11.0831, 6.54538)
    41 (6.45412, 4.10821) -> 0 (0, 1)
    42 (1.28279, 17.6134) -> 22 (1.62626, 8.7728)
    43 (7.72716, 1.27036) -> 0 (0, 1)
    44 (14.6081, 8.08451) -> 99 (11.0831, 6.54538)
    45 (18.9414, 16.1009) -> 80 (13.3406, 12.1141)
    46 (1.62308, 19.5843) -> 21 (4.52953, 14.2461)
    47 (1.33023, 4.34306) -> 0 (0, 1)
    48 (17.0894, 13.5854) -> 1122 (16.4475, 13.1035)
    49 (12.0773, 19.6463) -> 18 (9.01506, 15.1352)
    50 (0.29634, 21.0809) -> 21 (4.52953, 14.2461)
    51 (2.77714, 15.626) -> 22 (1.62626, 8.7728)
    52 (0.752174, 15.6851) -> 22 (1.62626, 8.7728)
    53 (19.4553, 6.25546) -> 25 (15.0894, 5.53043)
    54 (14.7379, 7.4993) -> 9 (10.2208, 5.14155)
    55 (6.37805, 2.08531) -> 0 (0, 1)
    56 (14.3964, 8.23327) -> 99 (11.0831, 6.54538)
    57 (20.7501, 16.9544) -> 500 (19.5393, 16.0195)
    58 (12.3158, 10.8498) -> 5 (6.99215, 7.35269)
    59 (5.14003, 14.8048) -> 21 (4.52953, 14.2461)
    60 (1.62416, 21.5843) -> 23 (4.68044, 16.2404)
    61 (8.16987, 16.9479) -> 11 (5.94791, 12.836)
    62 (7.82616, 9.81071) -> 3 (3.49355, 5.72455)
    63 (5.03988, 18.2078) -> 23 (4.68044, 16.2404)
    64 (3.10045, 3.4123) -> 0 (0, 1)
    65 (10.1784, 8.48849) -> 4 (5.46501, 6.06124)
    66 (20.0437, 4.34399) -> 1020 (18.1288, 5.12867)
    67 (11.7167, 7.67337) -> 16 (8.29893, 5.83864)
    68 (8.82374, 11.5442) -> 303 (6.09977, 8.80098)
    69 (6.90187, 13.8582) -> 10 (5.26338, 10.9568)
    70 (8.41334, 4.51004) -> 41 (6.45412, 4.10821)
    71 (15.853, 3.68195) -> 79 (11.0488, 3.25752)
    72 (16.7206, 6.82677) -> 13 (12.2048, 4.88956)
    73 (9.68822, 0.877601) -> 41 (6.45412, 4.10821)
    74 (6.27246, 16.6327) -> 105 (4.71964, 12.2551)
    75 (10.8453, 16.2021) -> 2393 (10.5297, 15.7882)
    76 (7.86077, 1.35962) -> 41 (6.45412, 4.10821)
    77 (20.04, 14.4297) -> 2142 (19.3202, 13.9267)
    78 (20.0082, 8.81786) -> 124 (15.4639, 7.10396)
    79 (11.0488, 3.25752) -> 36 (6.68377, 2.97662)
    80 (13.3406, 12.1141) -> 94 (8.54487, 8.56701)
    81 (11.3924, 12.5663) -> 337 (9.49792, 10.3253)
    82 (3.41588, 10.1908) -> 3 (3.49355, 5.72455)
    83 (16.5751, 6.86935) -> 13 (12.2048, 4.88956)
    84 (5.99936, 12.9988) -> 11 (5.94791, 12.836)
    85 (3.8356, 19.8046) -> 21 (4.52953, 14.2461)
    86 (2.47885, 11.9577) -> 3 (3.49355, 5.72455)
    87 (13.6999, 7.93158) -> 99 (11.0831, 6.54538)
    88 (0.500868, 10.4261) -> 3 (3.49355, 5.72455)
    89 (19.6998, 9.2383) -> 377 (16.5855, 7.78477)
    90 (5.58168, 18.0258) -> 21 (4.52953, 14.2461)
    91 (5.06319, 0.578277) -> 0 (0, 1)
    92 (14.158, 17.2408) -> 24 (12.7836, 15.7092)
    93 (17.037, 13.5332) -> 1122 (16.4475, 13.1035)
    94 (8.54487, 8.56701) -> 5 (6.99215, 7.35269)
    95 (0.918979, 13.2095) -> 22 (1.62626, 8.7728)
    96 (19.2085, 6.98472) -> 28 (16.8964, 6.38769)
    97 (13.5458, 3.4057) -> 307 (10.6037, 3.73958)
    98 (19.0929, 18.0739) -> 31 (15.6511, 14.9752)
    99 (11.0831, 6.54538) -> 41 (6.45412, 4.10821)
    100 (20.3135, 19.6582) -> 35 (16.9763, 16.4731)
    101 (17.7483, 4.32071) -> 97 (13.5458, 3.4057)
    102 (12.8794, 1.51998) -> 43 (7.72716, 1.27036)
    103 (6.90581, 19.5247) -> 21 (4.52953, 14.2461)
    104 (19.3101, 2.48338) -> 97 (13.5458, 3.4057)
    105 (4.71964, 12.2551) -> 7 (1.79466, 6.77991)
    106 (12.1593, 17.1676) -> 638 (10.3806, 14.8574)
    107 (4.01522, 10.6773) -> 116 (3.45811, 5.73701)
    108 (18.7889, 17.3463) -> 31 (15.6511, 14.9752)
    109 (6.84403, 7.50979) -> 4 (5.46501, 6.06124)
    110 (14.8162, 1.02087) -> 79 (11.0488, 3.25752)
    111 (20.8404, 16.2626) -> 1316 (19.3105, 14.8768)
    112 (8.80243, 18.89) -> 191 (7.9507, 17.2155)
    113 (0.39109, 19.0831) -> 23 (4.68044, 16.2404)
    114 (19.2161, 17.9862) -> 31 (15.6511, 14.9752)
    115 (11.8295, 10.8039) -> 5 (6.99215, 7.35269)
    116 (3.45811, 5.73701) -> 0 (0, 1)
    117 (18.7832, 11.0159) -> 87 (13.6999, 7.93158)
    118 (10.2211, 20.9026) -> 61 (8.16987, 16.9479)
    119 (17.1844, 18.617) -> 198 (14.5738, 15.9787)
    120 (12.2408, 13.7842) -> 410 (10.9006, 12.1887)
    121 (18.0157, 14.3281) -> 1122 (16.4475, 13.1035)
    122 (19.2988, 12.5722) -> 699 (17.577, 11.6075)
    123 (3.18698, 8.20396) -> 4 (5.46501, 6.06124)
    124 (15.4639, 7.10396) -> 9 (10.2208, 5.14155)
    125 (2.25196, 9.97065) -> 3 (3.49355, 5.72455)
    126 (-0.698989, 17.8828) -> 128 (3.33203, 13.7666)
    127 (8.67962, 2.84792) -> 41 (6.45412, 4.10821)
    128 (3.33203, 13.7666) -> 22 (1.62626, 8.7728)
    129 (14.9442, 13.3092) -> 80 (13.3406, 12.1141)
    130 (13.6436, -0.328257) -> 79 (11.0488, 3.25752)
    131 (1.08376, 4.41116) -> 0 (0, 1)
    132 (-0.16811, 3.68548) -> 0 (0, 1)
    133 (20.8812, 12.6153) -> 117 (18.7832, 11.0159)
    134 (8.22139, 20.8661) -> 74 (6.27246, 16.6327)
    135 (3.57235, 3.7261) -> 0 (0, 1)
    136 (6.82733, 19.5905) -> 59 (5.14003, 14.8048)
    137 (10.7564, 19.3165) -> 202 (8.61857, 15.5228)
    138 (3.60385, 6.24789) -> 4 (5.46501, 6.06124)
    139 (16.0236, 3.30808) -> 79 (11.0488, 3.25752)
    140 (5.82466, 0.653523) -> 4 (5.46501, 6.06124)
    141 (21.4441, 6.04473) -> 28 (16.8964, 6.38769)
    142 (2.27804, 13.9476) -> 22 (1.62626, 8.7728)
    143 (8.8763, 13.5395) -> 6 (6.19415, 9.18658)
    144 (18.4438, 13.2248) -> 521 (17.1866, 12.2205)
    145 (8.18909, 8.69548) -> 4 (5.46501, 6.06124)
    146 (5.99434, 10.6135) -> 116 (3.45811, 5.73701)
    147 (1.5236, 17.5303) -> 21 (4.52953, 14.2461)
    148 (14.0936, 2.78362) -> 307 (10.6037, 3.73958)
    149 (9.0832, 6.52616) -> 16 (8.29893, 5.83864)
    150 (12.7735, 15.7074) -> 1973 (11.6134, 14.6809)
    151 (14.129, 18.7439) -> 778 (13.5939, 18.1953)
    152 (12.9762, 15.8211) -> 24 (12.7836, 15.7092)
    153 (2.09784, -0.50416) -> 0 (0, 1)
    154 (6.6878, 0.109441) -> 41 (6.45412, 4.10821)
    155 (7.82117, 6.72961) -> 4 (5.46501, 6.06124)
    156 (4.95388, 5.43081) -> 4 (5.46501, 6.06124)
    157 (14.6639, 10.6144) -> 162 (13.1958, 9.25628)
    158 (11.6027, 7.49041) -> 16 (8.29893, 5.83864)
    159 (15.0373, 13.4999) -> 80 (13.3406, 12.1141)
    160 (1.89524, 11.8599) -> 22 (1.62626, 8.7728)
    161 (2.19232, 11.9698) -> 22 (1.62626, 8.7728)
    162 (13.1958, 9.25628) -> 8 (8.84061, 6.589)
    163 (21.7442, 7.82469) -> 28 (16.8964, 6.38769)
    164 (9.38372, 17.8542) -> 69 (6.90187, 13.8582)
    165 (3.56269, 8.19622) -> 4 (5.46501, 6.06124)
    166 (10.5275, 13.8266) -> 19 (8.86472, 11.8203)
    167 (12.9293, 7.31445) -> 99 (11.0831, 6.54538)
    168 (8.27992, 10.5936) -> 303 (6.09977, 8.80098)
    169 (8.40788, 6.57171) -> 41 (6.45412, 4.10821)
    170 (2.49333, 8.6539) -> 4 (5.46501, 6.06124)
    171 (17.8563, 11.7087) -> 548 (15.1194, 10.1908)
    172 (9.18796, 2.66614) -> 41 (6.45412, 4.10821)
    173 (12.3081, 17.7063) -> 20 (10.8081, 16.0212)
    174 (17.5108, 15.7111) -> 159 (15.0373, 13.4999)
    175 (15.4693, 19.6458) -> 603 (14.3573, 18.3913)
    176 (-0.0529274, 16.1249) -> 86 (2.47885, 11.9577)
    177 (18.6373, 5.06802) -> 854 (16.7564, 4.87759)
    178 (10.5056, 10.4619) -> 5 (6.99215, 7.35269)
    179 (19.315, 0.483384) -> 612 (16.7434, 1.96067)
    180 (17.9725, 0.996524) -> 97 (13.5458, 3.4057)
    181 (8.23126, 2.83739) -> 41 (6.45412, 4.10821)
    182 (4.45778, 14.5418) -> 246 (3.94709, 11.8635)
    183 (22.0397, 14.4671) -> 122 (19.2988, 12.5722)
    184 (15.4244, 10.5007) -> 162 (13.1958, 9.25628)
    185 (7.34385, 5.37572) -> 41 (6.45412, 4.10821)
    186 (2.40798, 18.4039) -> 21 (4.52953, 14.2461)
    187 (3.27699, 11.1897) -> 22 (1.62626, 8.7728)
    188 (13.3772, 18.1264) -> 1409 (12.5722, 17.0624)
    189 (15.6912, 12.3304) -> 1660 (14.831, 11.3675)
    190 (9.63732, 14.3726) -> 385 (7.77132, 11.6817)
    191 (7.9507, 17.2155) -> 11 (5.94791, 12.836)
    192 (5.32912, 6.24169) -> 4 (5.46501, 6.06124)
    193 (19.963, 0.801527) -> 804 (18.5535, 3.06978)
    194 (4.57235, -0.905871) -> 36 (6.68377, 2.97662)
    195 (-1.04001, 13.6124) -> 86 (2.47885, 11.9577)
    196 (6.16098, 6.98842) -> 4 (5.46501, 6.06124)
    197 (16.5532, 15.6923) -> 31 (15.6511, 14.9752)
    198 (14.5738, 15.9787) -> 81 (11.3924, 12.5663)
    199 (15.9543, 18.1201) -> 245 (14.2816, 16.1565)
    200 (4.80955, 6.63246) -> 4 (5.46501, 6.06124)
    201 (19.4821, 21.4772) -> 119 (17.1844, 18.617)
    202 (8.61857, 15.5228) -> 203 (7.16706, 12.8777)
    203 (7.16706, 12.8777) -> 146 (5.99434, 10.6135)
    204 (16.3226, 21.4546) -> 837 (15.0248, 19.9329)
    205 (11.2166, 8.90015) -> 8 (8.84061, 6.589)
    206 (6.59841, 16.3035) -> 105 (4.71964, 12.2551)
    207 (15.7671, 1.68842) -> 221 (12.2579, 3.42096)
    208 (16.7337, 19.962) -> 92 (14.158, 17.2408)
    209 (16.239, 8.94766) -> 167 (12.9293, 7.31445)
    210 (4.49361, 14.5995) -> 246 (3.94709, 11.8635)
    211 (6.80725, 5.37255) -> 4 (5.46501, 6.06124)
    212 (11.368, 17.604) -> 1580 (10.4674, 16.1732)
    213 (6.85203, 11.8793) -> 146 (5.99434, 10.6135)
    214 (12.8162, 1.02169) -> 307 (10.6037, 3.73958)
    215 (10.3622, 20.6751) -> 61 (8.16987, 16.9479)
    216 (8.25819, 8.68128) -> 4 (5.46501, 6.06124)
    217 (6.20997, 19.9245) -> 23 (4.68044, 16.2404)
    218 (17.3678, 15.9391) -> 989 (16.973, 15.6471)
    219 (16.9874, 13.9437) -> 869 (15.1963, 12.5298)
    220 (16.7773, 19.943) -> 92 (14.158, 17.2408)
    221 (12.2579, 3.42096) -> 323 (8.32676, 4.11705)
    222 (4.07617, 21.7901) -> 33 (3.28199, 17.6702)
    223 (3.03592, 8.16556) -> 4 (5.46501, 6.06124)
    224 (12.1762, 19.7257) -> 49 (12.0773, 19.6463)
    225 (10.9603, 19.0848) -> 910 (9.77656, 17.0606)
    226 (5.19693, 16.4717) -> 21 (4.52953, 14.2461)
    227 (2.16386, 11.9687) -> 22 (1.62626, 8.7728)
    228 (7.92404, 3.46172) -> 41 (6.45412, 4.10821)
    229 (16.5544, -0.413776) -> 285 (15.4556, 3.00761)
    230 (21.1131, 1.6177) -> 1805 (19.7382, 2.28827)
    231 (3.89826, 4.99719) -> 4 (5.46501, 6.06124)
    232 (13.8531, 3.69605) -> 79 (11.0488, 3.25752)
    233 (2.07013, 7.53153) -> 4 (5.46501, 6.06124)
    234 (2.09767, 1.68185) -> 0 (0, 1)
    235 (6.70806, 13.4633) -> 10 (5.26338, 10.9568)
    236 (1.50106, 2.35037) -> 0 (0, 1)
    237 (15.915, 12.9927) -> 58 (12.3158, 10.8498)
    238 (16.3027, 2.09735) -> 221 (12.2579, 3.42096)
    239 (12.0622, 9.20607) -> 8 (8.84061, 6.589)
    240 (17.1319, 11.542) -> 1736 (15.6019, 10.6245)
    241 (18.6682, 7.28141) -> 667 (16.3513, 6.40496)
    242 (6.49938, 0.088993) -> 41 (6.45412, 4.10821)
    243 (11.1008, 2.43449) -> 36 (6.68377, 2.97662)
    244 (17.5454, 15.8644) -> 159 (15.0373, 13.4999)
    245 (14.2816, 16.1565) -> 429 (12.9446, 14.4774)
    246 (3.94709, 11.8635) -> 22 (1.62626, 8.7728)
    247 (5.00298, 3.53761) -> 4 (5.46501, 6.06124)
    248 (17.3102, 4.83931) -> 1265 (15.8619, 5.14818)
    249 (5.51365, 4.5986) -> 4 (5.46501, 6.06124)
    250 (11.6734, 0.634571) -> 43 (7.72716, 1.27036)
    251 (8.68154, 3.0709) -> 41 (6.45412, 4.10821)
    252 (5.50111, 5.47459) -> 4 (5.46501, 6.06124)
    253 (21.0077, 17.0973) -> 500 (19.5393, 16.0195)
    254 (8.74156, 1.0718) -> 41 (6.45412, 4.10821)
    255 (2.41559, 14.5362) -> 107 (4.01522, 10.6773)
    256 (9.14089, 13.1392) -> 385 (7.77132, 11.6817)
    257 (-0.434884, 14.6815) -> 86 (2.47885, 11.9577)
    258 (6.63397, 2.08446) -> 4 (5.46501, 6.06124)
    259 (13.3346, 1.73552) -> 307 (10.6037, 3.73958)
    260 (12.415, 20.4342) -> 49 (12.0773, 19.6463)
    261 (15.7143, 20.1057) -> 1018 (15.0828, 19.3375)
    262 (19.1206, 11.1526) -> 117 (18.7832, 11.0159)
    263 (2.49613, 10.2885) -> 200 (4.80955, 6.63246)
    264 (8.74033, 19.5048) -> 1044 (7.78582, 17.2528)
    265 (18.4657, 10.754) -> 816 (16.5026, 9.78306)
    266 (18.8207, -0.840182) -> 338 (16.7643, 1.47353)
    267 (2.95423, 5.3932) -> 4 (5.46501, 6.06124)
    268 (13.9219, 16.2224) -> 1285 (13.5589, 15.7919)
    269 (8.97135, 15.2298) -> 14 (7.82424, 13.5284)
    270 (5.47539, 10.4285) -> 303 (6.09977, 8.80098)
    271 (21.0838, 3.40758) -> 819 (19.6184, 5.22831)
    272 (1.7252, 13.9378) -> 107 (4.01522, 10.6773)
    273 (13.9958, 1.64049) -> 307 (10.6037, 3.73958)
    274 (10.0637, 16.0879) -> 570 (8.41768, 13.9045)
    275 (6.65248, 4.08437) -> 4 (5.46501, 6.06124)
    276 (11.3077, 11.0583) -> 178 (10.5056, 10.4619)
    277 (14.3594, 5.53544) -> 13 (12.2048, 4.88956)
    278 (19.2208, 15.9242) -> 730 (16.8042, 14.437)
    279 (11.9609, 10.6488) -> 94 (8.54487, 8.56701)
    280 (10.1721, -1.06299) -> 43 (7.72716, 1.27036)
    281 (17.0804, 9.54268) -> 56 (14.3964, 8.23327)
    282 (15.0388, 13.4498) -> 80 (13.3406, 12.1141)
    283 (21.0624, 20.2514) -> 100 (20.3135, 19.6582)
    284 (1.2827, 2.57816) -> 0 (0, 1)
    285 (15.4556, 3.00761) -> 13 (12.2048, 4.88956)
    286 (4.70822, 2.66479) -> 4 (5.46501, 6.06124)
    287 (21.3172, 10.33) -> 360 (18.6297, 9.02177)
    288 (0.408841, 4.70995) -> 0 (0, 1)
    289 (8.65063, 4.1704) -> 41 (6.45412, 4.10821)
    290 (19.3765, 11.212) -> 117 (18.7832, 11.0159)
    291 (15.7494, 14.7595) -> 335 (12.9617, 12.5277)
    292 (16.733, 4.39437) -> 1618 (15.0658, 4.49349)
    293 (20.2884, 16.2979) -> 669 (18.8529, 15.2003)
    294 (17.7062, 1.22127) -> 285 (15.4556, 3.00761)
    295 (8.30371, 10.6779) -> 303 (6.09977, 8.80098)
    296 (17.4506, 19.3729) -> 1172 (16.3229, 18.3104)
    297 (2.60669, 4.60646) -> 4 (5.46501, 6.06124)
    298 (16.7385, 6.66207) -> 2081 (15.1479, 6.07411)
    299 (14.5339, 1.23263) -> 79 (11.0488, 3.25752)
    300 (-0.221132, 5.47037) -> 3 (3.49355, 5.72455)
    301 (2.19414, 18.6619) -> 23 (4.68044, 16.2404)
    302 (5.26349, 3.53563) -> 4 (5.46501, 6.06124)
    303 (6.09977, 8.80098) -> 3 (3.49355, 5.72455)
    304 (18.4218, 13.6272) -> 873 (17.9103, 13.3716)
    305 (12.2223, 14.386) -> 2413 (11.2729, 13.2785)
    306 (13.1953, 17.8091) -> 902 (11.7025, 15.7104)
    307 (10.6037, 3.73958) -> 36 (6.68377, 2.97662)
    308 (3.079, 3.42455) -> 0 (0, 1)
    309 (18.2428, 2.17165) -> 285 (15.4556, 3.00761)
    310 (15.8158, 0.56829) -> 285 (15.4556, 3.00761)
    311 (6.76459, 2.08752) -> 41 (6.45412, 4.10821)
    312 (5.27939, 20.0028) -> 23 (4.68044, 16.2404)
    313 (18.4621, 12.1309) -> 699 (17.577, 11.6075)
    314 (19.7735, 12.7535) -> 171 (17.8563, 11.7087)
    315 (11.4846, -0.00164994) -> 43 (7.72716, 1.27036)
    316 (17.021, 13.7545) -> 237 (15.915, 12.9927)
    317 (19.6429, 3.68016) -> 985 (17.2489, 4.2751)
    318 (8.14355, 10.2594) -> 62 (7.82616, 9.81071)
    319 (1.76805, 18.9771) -> 23 (4.68044, 16.2404)
    320 (15.4791, 19.0363) -> 330 (14.1061, 17.3558)
    321 (13.9565, 18.0263) -> 490 (12.1219, 15.8651)
    322 (4.04463, 15.6964) -> 21 (4.52953, 14.2461)
    323 (8.32676, 4.11705) -> 41 (6.45412, 4.10821)
    324 (8.53034, 18.3581) -> 191 (7.9507, 17.2155)
    325 (4.45573, 12.2474) -> 107 (4.01522, 10.6773)
    326 (13.9565, 18.0259) -> 490 (12.1219, 15.8651)
    327 (18.6308, 17.417) -> 31 (15.6511, 14.9752)
    328 (1.13831, 12.3218) -> 22 (1.62626, 8.7728)
    329 (2.5715, 15.6164) -> 325 (4.45573, 12.2474)
    330 (14.1061, 17.3558) -> 24 (12.7836, 15.7092)
    331 (12.1704, 8.30992) -> 492 (9.58387, 6.57888)
    332 (14.3527, 17.9664) -> 490 (12.1219, 15.8651)
    333 (17.4004, 10.8099) -> 1339 (15.4653, 9.79537)
    334 (20.1433, 14.1497) -> 1071 (18.657, 13.0981)
    335 (12.9617, 12.5277) -> 178 (10.5056, 10.4619)
    336 (21.7585, 12.5088) -> 117 (18.7832, 11.0159)
    337 (9.49792, 10.3253) -> 109 (6.84403, 7.50979)
    338 (16.7643, 1.47353) -> 285 (15.4556, 3.00761)
    339 (13.8274, 14.1232) -> 402 (12.4851, 12.6093)
    340 (9.26088, 8.51825) -> 1470 (8.63944, 8.11168)
    341 (5.50304, 0.829506) -> 41 (6.45412, 4.10821)
    342 (5.74025, 13.914) -> 105 (4.71964, 12.2551)
    343 (10.3469, 18.6752) -> 202 (8.61857, 15.5228)
    344 (18.5987, 5.72674) -> 25 (15.0894, 5.53043)
    345 (11.092, 17.0568) -> 949 (9.98921, 15.0789)
    346 (9.04978, 15.1089) -> 1850 (7.97618, 13.5335)
    347 (18.2756, -1.22528) -> 433 (15.3552, 0.552863)
    348 (19.5435, 9.40584) -> 377 (16.5855, 7.78477)
    349 (19.0963, 20.5095) -> 119 (17.1844, 18.617)
    350 (6.66443, 5.05282) -> 4 (5.46501, 6.06124)
    351 (14.6795, 10.2131) -> 162 (13.1958, 9.25628)
    352 (2.42494, 0.230534) -> 0 (0, 1)
    353 (10.7116, 14.4469) -> 684 (8.97927, 12.4677)
    354 (2.0673, 19.4531) -> 33 (3.28199, 17.6702)
    355 (13.0333, 15.6205) -> 2165 (12.6107, 15.0628)
    356 (20.2434, 12.8015) -> 443 (17.8948, 11.7265)
    357 (4.26681, 8.65239) -> 4 (5.46501, 6.06124)
    358 (19.4731, 18.4936) -> 98 (19.0929, 18.0739)
    359 (19.6826, 5.09765) -> 1332 (17.683, 5.13744)
    360 (18.6297, 9.02177) -> 679 (16.4181, 8.20621)
    361 (14.272, 21.1767) -> 871 (13.0516, 19.6065)
    362 (15.2736, 11.6005) -> 832 (13.3553, 10.4595)
    363 (7.83095, 10.3359) -> 303 (6.09977, 8.80098)
    364 (18.0785, 14.2825) -> 1122 (16.4475, 13.1035)
    365 (6.50971, 11.1615) -> 146 (5.99434, 10.6135)
    366 (9.5245, 0.694657) -> 36 (6.68377, 2.97662)
    367 (7.57491, 18.1903) -> 445 (6.81573, 15.6002)
    368 (0.252642, 10.0229) -> 165 (3.56269, 8.19622)
    369 (8.49836, 0.959072) -> 41 (6.45412, 4.10821)
    370 (13.229, 20.53) -> 1091 (12.133, 18.6183)
    371 (3.99905, 9.07928) -> 4 (5.46501, 6.06124)
    372 (13.0585, 2.84339) -> 307 (10.6037, 3.73958)
    373 (20.7796, 18.2617) -> 510 (18.4407, 16.5462)
    374 (14.3293, 8.35346) -> 99 (11.0831, 6.54538)
    375 (4.93136, 18.1165) -> 23 (4.68044, 16.2404)
    376 (-0.716853, 2.62023) -> 0 (0, 1)
    377 (16.5855, 7.78477) -> 17 (13.3548, 6.52593)
    378 (6.78826, 5.10793) -> 4 (5.46501, 6.06124)
    379 (2.21323, 11.6847) -> 22 (1.62626, 8.7728)
    380 (9.86926, 1.87931) -> 70 (8.41334, 4.51004)
    381 (10.9047, 1.2028) -> 289 (8.65063, 4.1704)
    382 (7.94072, 11.0735) -> 303 (6.09977, 8.80098)
    383 (8.13734, 18.8679) -> 32 (7.03781, 15.436)
    384 (4.46458, 8.99182) -> 4 (5.46501, 6.06124)
    385 (7.77132, 11.6817) -> 6 (6.19415, 9.18658)
    386 (0.67647, 17.8225) -> 51 (2.77714, 15.626)
    387 (3.81008, 19.8301) -> 23 (4.68044, 16.2404)
    388 (14.479, 8.22321) -> 87 (13.6999, 7.93158)
    389 (17.7584, 10.3077) -> 816 (16.5026, 9.78306)
    390 (3.41619, 12.5846) -> 107 (4.01522, 10.6773)
    391 (13.1698, 6.00311) -> 9 (10.2208, 5.14155)
    392 (11.0058, -0.794647) -> 243 (11.1008, 2.43449)
    393 (10.8646, 11.8002) -> 337 (9.49792, 10.3253)
    394 (3.35291, 10.3651) -> 22 (1.62626, 8.7728)
    395 (12.218, 17.6718) -> 20 (10.8081, 16.0212)
    396 (8.91789, 6.93567) -> 8 (8.84061, 6.589)
    397 (6.27457, 7.99769) -> 4 (5.46501, 6.06124)
    398 (4.04503, 19.1555) -> 23 (4.68044, 16.2404)
    399 (5.35335, 9.69466) -> 303 (6.09977, 8.80098)
    400 (-0.343761, 9.1178) -> 123 (3.18698, 8.20396)
    401 (15.8499, 16.6404) -> 1854 (15.588, 16.1595)
    402 (12.4851, 12.6093) -> 30 (10.3501, 10.4811)
    403 (3.24434, 6.17645) -> 4 (5.46501, 6.06124)
    404 (18.1274, 2.09261) -> 285 (15.4556, 3.00761)
    405 (0.671063, 13.6868) -> 187 (3.27699, 11.1897)
    406 (3.37266, 6.19411) -> 4 (5.46501, 6.06124)
    407 (3.64467, 5.0056) -> 4 (5.46501, 6.06124)
    408 (18.7898, 14.8107) -> 1613 (18.0135, 14.0902)
    409 (0.421591, 2.70999) -> 0 (0, 1)
    410 (10.9006, 12.1887) -> 337 (9.49792, 10.3253)
    411 (19.1614, 13.2243) -> 1085 (18.2522, 12.6142)
    412 (12.892, 0.0907114) -> 221 (12.2579, 3.42096)
    413 (3.93385, 21.4825) -> 103 (6.90581, 19.5247)
    414 (10.6062, 6.5348) -> 16 (8.29893, 5.83864)
    415 (20.183, 6.33913) -> 28 (16.8964, 6.38769)
    416 (-0.288156, 10.92) -> 22 (1.62626, 8.7728)
    417 (9.2426, 12.294) -> 19 (8.86472, 11.8203)
    418 (13.9878, 17.7036) -> 490 (12.1219, 15.8651)
    419 (11.4665, 21.1862) -> 648 (9.7515, 18.7706)
    420 (17.3401, 0.798836) -> 285 (15.4556, 3.00761)
    421 (13.4817, 19.4238) -> 395 (12.218, 17.6718)
    422 (5.68809, 10.5052) -> 303 (6.09977, 8.80098)
    423 (8.0991, 20.8675) -> 383 (8.13734, 18.8679)
    424 (9.22885, 12.451) -> 382 (7.94072, 11.0735)
    425 (1.55244, 17.3177) -> 23 (4.68044, 16.2404)
    426 (13.5572, 19.8014) -> 531 (11.7517, 17.4024)
    427 (14.5033, 5.34975) -> 13 (12.2048, 4.88956)
    428 (17.1132, 1.63096) -> 285 (15.4556, 3.00761)
    429 (12.9446, 14.4774) -> 81 (11.3924, 12.5663)
    430 (7.25409, 12.7678) -> 146 (5.99434, 10.6135)
    431 (3.87865, 19.8361) -> 33 (3.28199, 17.6702)
    432 (3.60216, 1.47624) -> 36 (6.68377, 2.97662)
    433 (15.3552, 0.552863) -> 285 (15.4556, 3.00761)
    434 (2.23979, 17.5887) -> 23 (4.68044, 16.2404)
    435 (14.2649, 1.40071) -> 221 (12.2579, 3.42096)
    436 (4.84526, 5.48214) -> 4 (5.46501, 6.06124)
    437 (3.52965, 4.34612) -> 4 (5.46501, 6.06124)
    438 (1.48421, 17.295) -> 23 (4.68044, 16.2404)
    439 (5.13482, 12.754) -> 105 (4.71964, 12.2551)
    440 (13.6669, 19.2705) -> 173 (12.3081, 17.7063)
    441 (2.24678, -0.261241) -> 0 (0, 1)
    442 (12.0614, 5.10893) -> 1864 (10.2722, 4.70108)
    443 (17.8948, 11.7265) -> 548 (15.1194, 10.1908)
    444 (14.6053, 7.79395) -> 903 (13.2746, 7.25783)
    445 (6.81573, 15.6002) -> 11 (5.94791, 12.836)
    446 (13.4698, -0.434463) -> 372 (13.0585, 2.84339)
    447 (9.96785, 8.6425) -> 1195 (8.30686, 7.69221)
    448 (12.9309, 11.2387) -> 58 (12.3158, 10.8498)
    449 (13.9198, 12.8547) -> 1731 (13.1225, 12.1232)
    450 (10.403, 16.6264) -> 143 (8.8763, 13.5395)
    451 (5.97312, 8.25915) -> 4 (5.46501, 6.06124)
    452 (18.6879, 9.89051) -> 2397 (17.5255, 9.36541)
    453 (16.2126, 2.66991) -> 285 (15.4556, 3.00761)
    454 (16.7918, 17.678) -> 39 (16.1316, 16.9166)
    455 (12.3465, 19.8403) -> 49 (12.0773, 19.6463)
    456 (15.1688, 11.3029) -> 711 (14.28, 10.4729)
    457 (4.97348, 4.01341) -> 4 (5.46501, 6.06124)
    458 (4.00157, 18.1216) -> 23 (4.68044, 16.2404)
    459 (2.09868, 1.82306) -> 0 (0, 1)
    460 (6.76338, 19.8076) -> 74 (6.27246, 16.6327)
    461 (16.1359, 18.872) -> 1942 (15.4272, 17.9738)
    462 (14.6927, 5.03931) -> 652 (12.2249, 4.24039)
    463 (21.2721, 2.09509) -> 1805 (19.7382, 2.28827)
    464 (11.0316, 2.28517) -> 289 (8.65063, 4.1704)
    465 (5.51645, 2.34164) -> 41 (6.45412, 4.10821)
    466 (21.7824, 5.13836) -> 415 (20.183, 6.33913)
    467 (17.0467, 10.6753) -> 1339 (15.4653, 9.79537)
    468 (4.34108, -0.382248) -> 55 (6.37805, 2.08531)
    469 (20.6866, 15.4448) -> 955 (18.9294, 14.3014)
    470 (15.7662, 16.9718) -> 198 (14.5738, 15.9787)
    471 (13.8885, 1.6567) -> 79 (11.0488, 3.25752)
    472 (-1.60454, 19.2152) -> 42 (1.28279, 17.6134)
    473 (16.3995, 15.5062) -> 31 (15.6511, 14.9752)
    474 (7.52571, 0.764347) -> 36 (6.68377, 2.97662)
    475 (5.17088, 12.7816) -> 105 (4.71964, 12.2551)
    476 (7.71705, 3.92516) -> 41 (6.45412, 4.10821)
    477 (15.3864, 0.370748) -> 285 (15.4556, 3.00761)
    478 (2.29648, 19.1669) -> 33 (3.28199, 17.6702)
    479 (5.53085, 6.78332) -> 4 (5.46501, 6.06124)
    480 (9.23023, 19.1392) -> 61 (8.16987, 16.9479)
    481 (14.5945, 7.80942) -> 903 (13.2746, 7.25783)
    482 (5.41018, 18.0914) -> 23 (4.68044, 16.2404)
    483 (14.2869, 15.3538) -> 120 (12.2408, 13.7842)
    484 (5.41428, 4.5054) -> 4 (5.46501, 6.06124)
    485 (0.574289, 7.30539) -> 165 (3.56269, 8.19622)
    486 (10.589, 9.32515) -> 1461 (9.43136, 8.51089)
    487 (16.914, 15.9973) -> 31 (15.6511, 14.9752)
    488 (1.0462, 2.57572) -> 0 (0, 1)
    489 (4.11635, 9.05803) -> 4 (5.46501, 6.06124)
    490 (12.1219, 15.8651) -> 610 (10.2445, 13.6632)
    491 (19.0968, 21.2455) -> 119 (17.1844, 18.617)
    492 (9.58387, 6.57888) -> 16 (8.29893, 5.83864)
    493 (8.65992, 2.72605) -> 41 (6.45412, 4.10821)
    494 (7.86941, 2.49721) -> 41 (6.45412, 4.10821)
    495 (5.78079, 21.8779) -> 877 (6.60835, 19.6487)
    496 (8.23978, 3.58761) -> 41 (6.45412, 4.10821)
    497 (13.4522, 20.125) -> 506 (12.2114, 18.1759)
    498 (20.5647, 13.889) -> 1060 (19.9381, 13.5464)
    499 (13.0263, 1.8938) -> 307 (10.6037, 3.73958)
    500 (19.5393, 16.0195) -> 219 (16.9874, 13.9437)
    501 (3.97549, 2.12047) -> 41 (6.45412, 4.10821)
    502 (21.7438, 9.81173) -> 89 (19.6998, 9.2383)
    503 (19.5997, 9.33586) -> 734 (17.2227, 8.38083)
    504 (8.44096, 3.17829) -> 41 (6.45412, 4.10821)
    505 (12.8532, 0.75173) -> 79 (11.0488, 3.25752)
    506 (12.2114, 18.1759) -> 20 (10.8081, 16.0212)
    507 (3.1197, -0.0372897) -> 0 (0, 1)
    508 (10.215, 9.90866) -> 94 (8.54487, 8.56701)
    509 (5.12065, 16.0796) -> 21 (4.52953, 14.2461)
    510 (18.4407, 16.5462) -> 174 (17.5108, 15.7111)
    511 (19.5986, 11.0807) -> 281 (17.0804, 9.54268)
    512 (20.4388, 0.832278) -> 835 (18.4499, 2.10945)
    513 (5.46907, 1.38775) -> 41 (6.45412, 4.10821)
    514 (17.7198, 13.7188) -> 1146 (16.6004, 12.7811)
    515 (18.8447, 19.7322) -> 454 (16.7918, 17.678)
    516 (13.3381, 3.56787) -> 307 (10.6037, 3.73958)
    517 (16.5786, 12.5029) -> 827 (15.2446, 11.5459)
    518 (6.51305, 9.78676) -> 6 (6.19415, 9.18658)
    519 (17.8921, 19.2756) -> 683 (16.6441, 18.0272)
    520 (19.8659, 6.82292) -> 28 (16.8964, 6.38769)
    521 (17.1866, 12.2205) -> 787 (15.0692, 10.5698)
    522 (14.4163, 9.77094) -> 331 (12.1704, 8.30992)
    523 (21.1551, 2.37118) -> 804 (18.5535, 3.06978)
    524 (0.57133, 0.632914) -> 0 (0, 1)
    525 (10.3991, 13.6327) -> 19 (8.86472, 11.8203)
    526 (8.7537, 8.46896) -> 1438 (7.09888, 7.2983)
    527 (5.42997, 15.8898) -> 21 (4.52953, 14.2461)
    528 (0.487944, 0.728561) -> 0 (0, 1)
    529 (8.28348, 20.4068) -> 367 (7.57491, 18.1903)
    530 (13.643, 11.6154) -> 58 (12.3158, 10.8498)
    531 (11.7517, 17.4024) -> 20 (10.8081, 16.0212)
    532 (3.00668, 3.87016) -> 252 (5.50111, 5.47459)
    533 (19.1054, 10.1345) -> 209 (16.239, 8.94766)
    534 (11.5233, 4.40842) -> 289 (8.65063, 4.1704)
    535 (6.1706, 5.52921) -> 4 (5.46501, 6.06124)
    536 (5.94649, 18.5878) -> 23 (4.68044, 16.2404)
    537 (0.611597, 0.719034) -> 0 (0, 1)
    538 (17.3056, 14.9502) -> 129 (14.9442, 13.3092)
    539 (13.2335, 13.3477) -> 402 (12.4851, 12.6093)
    540 (11.1999, 6.3821) -> 1715 (10.9571, 6.10922)
    541 (15.4065, 5.05337) -> 770 (12.8008, 4.22211)
    542 (1.41934, 18.3985) -> 51 (2.77714, 15.626)
    543 (7.96938, 8.72089) -> 109 (6.84403, 7.50979)
    544 (4.00922, 2.41455) -> 41 (6.45412, 4.10821)
    545 (9.55903, 5.25031) -> 1639 (7.73704, 4.68201)
    546 (19.8945, 2.80035) -> 1098 (17.6998, 3.60816)
    547 (3.57856, 12.629) -> 107 (4.01522, 10.6773)
    548 (15.1194, 10.1908) -> 522 (14.4163, 9.77094)
    549 (18.0138, 3.50536) -> 917 (15.7889, 4.19859)
    550 (7.86322, 21.05) -> 367 (7.57491, 18.1903)
    551 (2.57684, 16.7675) -> 21 (4.52953, 14.2461)
    552 (11.4917, 21.5207) -> 343 (10.3469, 18.6752)
    553 (8.00071, 6.61612) -> 4 (5.46501, 6.06124)
    554 (3.28135, 21.0425) -> 458 (4.00157, 18.1216)
    555 (1.75341, 12.5386) -> 107 (4.01522, 10.6773)
    556 (20.1705, 10.7933) -> 1630 (18.4237, 10.1313)
    557 (1.46119, 5.84789) -> 165 (3.56269, 8.19622)
    558 (2.88864, 3.7702) -> 252 (5.50111, 5.47459)
    559 (6.84098, 6.09466) -> 4 (5.46501, 6.06124)
    560 (17.4294, 0.444906) -> 710 (16.3676, 2.87373)
    561 (16.6083, 6.72032) -> 583 (13.7256, 5.52997)
    562 (9.75559, 1.99965) -> 70 (8.41334, 4.51004)
    563 (7.15624, 4.92001) -> 4 (5.46501, 6.06124)
    564 (11.4942, 19.6476) -> 29 (10.984, 19.0539)
    565 (2.99541, 6.89728) -> 4 (5.46501, 6.06124)
    566 (13.5696, -0.543151) -> 102 (12.8794, 1.51998)
    567 (1.53879, 17.3358) -> 51 (2.77714, 15.626)
    568 (1.95433, 6.48325) -> 200 (4.80955, 6.63246)
    569 (16.1812, 2.53462) -> 285 (15.4556, 3.00761)
    570 (8.41768, 13.9045) -> 213 (6.85203, 11.8793)
    571 (3.36244, 9.19151) -> 886 (4.2841, 7.88242)
    572 (10.9275, 18.2004) -> 747 (10.0308, 16.2152)
    573 (15.3604, 15.3878) -> 27 (13.8838, 14.0389)
    574 (15.8009, 8.32773) -> 167 (12.9293, 7.31445)
    575 (8.49581, 11.2305) -> 2189 (8.12221, 10.8641)
    576 (9.81656, 9.72858) -> 685 (7.96351, 8.2542)
    577 (17.688, 19.1174) -> 119 (17.1844, 18.617)
    578 (17.7099, 4.38342) -> 1265 (15.8619, 5.14818)
    579 (-0.452269, 13.5343) -> 161 (2.19232, 11.9698)
    580 (0.700755, 10.3703) -> 22 (1.62626, 8.7728)
    581 (2.02428, 19.6247) -> 33 (3.28199, 17.6702)
    582 (1.29274, 9.37426) -> 165 (3.56269, 8.19622)
    583 (13.7256, 5.52997) -> 13 (12.2048, 4.88956)
    584 (9.0687, 3.50671) -> 41 (6.45412, 4.10821)
    585 (0.748241, 17.6851) -> 51 (2.77714, 15.626)
    586 (0.930139, 10.3327) -> 123 (3.18698, 8.20396)
    587 (14.1695, 13.2549) -> 1731 (13.1225, 12.1232)
    588 (14.8199, 0.387998) -> 285 (15.4556, 3.00761)
    589 (4.32164, 14.5923) -> 246 (3.94709, 11.8635)
    590 (8.89049, 15.2736) -> 14 (7.82424, 13.5284)
    591 (7.22458, 0.604012) -> 36 (6.68377, 2.97662)
    592 (4.87612, 15.2009) -> 21 (4.52953, 14.2461)
    593 (15.4852, 9.98564) -> 2325 (14.1623, 9.25261)
    594 (18.9397, 1.04295) -> 1082 (16.7875, 1.9174)
    595 (17.0854, 20.2278) -> 1154 (15.8557, 18.6404)
    596 (4.49199, 16.1827) -> 21 (4.52953, 14.2461)
    597 (1.33424, 18.1243) -> 51 (2.77714, 15.626)
    598 (1.67463, 6.77339) -> 165 (3.56269, 8.19622)
    599 (2.45732, -0.0512411) -> 0 (0, 1)
    600 (8.28204, 10.422) -> 62 (7.82616, 9.81071)
    601 (4.28397, 6.33081) -> 4 (5.46501, 6.06124)
    602 (11.0859, 11.518) -> 731 (9.74316, 10.4632)
    603 (14.3573, 18.3913) -> 326 (13.9565, 18.0259)
    604 (3.45968, 8.96999) -> 886 (4.2841, 7.88242)
    605 (17.9974, 7.12435) -> 667 (16.3513, 6.40496)
    606 (12.9011, -0.176344) -> 372 (13.0585, 2.84339)
    607 (9.20517, 3.01733) -> 41 (6.45412, 4.10821)
    608 (8.60704, 7.0092) -> 952 (7.33851, 6.67168)
    609 (16.5598, 12.5537) -> 827 (15.2446, 11.5459)
    610 (10.2445, 13.6632) -> 424 (9.22885, 12.451)
    611 (13.8123, 0.803489) -> 221 (12.2579, 3.42096)
    612 (16.7434, 1.96067) -> 285 (15.4556, 3.00761)
    613 (7.2171, 4.76011) -> 4 (5.46501, 6.06124)
    614 (19.3977, 15.2103) -> 1613 (18.0135, 14.0902)
    615 (12.8589, 12.5951) -> 1233 (11.4689, 11.474)
    616 (12.9578, 11.1395) -> 58 (12.3158, 10.8498)
    617 (5.16082, 8.60137) -> 4 (5.46501, 6.06124)
    618 (6.19482, 10.451) -> 6 (6.19415, 9.18658)
    619 (11.9213, 12.7765) -> 393 (10.8646, 11.8002)
    620 (11.8316, 5.50355) -> 9 (10.2208, 5.14155)
    621 (2.43678, 6.00906) -> 4 (5.46501, 6.06124)
    622 (6.48885, 13.5128) -> 10 (5.26338, 10.9568)
    623 (11.5238, 8.73731) -> 1243 (10.1093, 7.92061)
    624 (4.45799, 19.9236) -> 33 (3.28199, 17.6702)
    625 (21.695, 9.37693) -> 78 (20.0082, 8.81786)
    626 (14.1632, 8.47942) -> 891 (12.7397, 7.58487)
    627 (6.69822, 15.5935) -> 11 (5.94791, 12.836)
    628 (21.4672, 18.3406) -> 1522 (19.4082, 18.0457)
    629 (5.02488, 20.0627) -> 33 (3.28199, 17.6702)
    630 (5.38014, 10.9183) -> 10 (5.26338, 10.9568)
    631 (5.17555, 18.0055) -> 23 (4.68044, 16.2404)
    632 (17.7846, 9.38547) -> 40 (16.5001, 8.81458)
    633 (7.37906, 15.4414) -> 11 (5.94791, 12.836)
    634 (17.0256, 10.6359) -> 1339 (15.4653, 9.79537)
    635 (2.56909, 1.48417) -> 0 (0, 1)
    636 (12.3593, 20.7819) -> 29 (10.984, 19.0539)
    637 (5.35825, 11.9508) -> 10 (5.26338, 10.9568)
    638 (10.3806, 14.8574) -> 256 (9.14089, 13.1392)
    639 (1.94048, -0.414472) -> 0 (0, 1)
    640 (6.80675, 17.6585) -> 74 (6.27246, 16.6327)
    641 (18.2674, 7.44461) -> 561 (16.6083, 6.72032)
    642 (6.6832, 4.10369) -> 4 (5.46501, 6.06124)
    643 (0.288403, 9.59059) -> 22 (1.62626, 8.7728)
    644 (4.77464, 10.273) -> 107 (4.01522, 10.6773)
    645 (3.73992, 21.1321) -> 217 (6.20997, 19.9245)
    646 (2.47174, 8.82751) -> 886 (4.2841, 7.88242)
    647 (2.7326, 17.2059) -> 23 (4.68044, 16.2404)
    648 (9.7515, 18.7706) -> 1046 (8.78267, 17.3791)
    649 (14.1845, 7.14998) -> 1525 (13.2701, 6.58057)
    650 (7.74412, 15.7877) -> 622 (6.48885, 13.5128)
    651 (0.825332, 3.61707) -> 0 (0, 1)
    652 (12.2249, 4.24039) -> 307 (10.6037, 3.73958)
    653 (14.8456, 0.926428) -> 285 (15.4556, 3.00761)
    654 (3.52151, 13.1974) -> 107 (4.01522, 10.6773)
    655 (19.3016, 5.59436) -> 815 (16.5994, 5.7773)
    656 (17.4567, 6.93421) -> 667 (16.3513, 6.40496)
    657 (15.7036, 10.9934) -> 787 (15.0692, 10.5698)
    658 (9.28656, 7.57778) -> 8 (8.84061, 6.589)
    659 (19.8782, 19.0408) -> 98 (19.0929, 18.0739)
    660 (4.80147, 11.6607) -> 107 (4.01522, 10.6773)
    661 (8.08889, 8.72103) -> 109 (6.84403, 7.50979)
    662 (16.6684, 5.2034) -> 1011 (16.1005, 5.20798)
    663 (6.55689, 11.1805) -> 146 (5.99434, 10.6135)
    664 (2.23081, 2.55729) -> 0 (0, 1)
    665 (20.6309, 18.8325) -> 108 (18.7889, 17.3463)
    666 (14.7801, 3.04123) -> 221 (12.2579, 3.42096)
    667 (16.3513, 6.40496) -> 583 (13.7256, 5.52997)
    668 (6.75316, 19.2786) -> 74 (6.27246, 16.6327)
    669 (18.8529, 15.2003) -> 316 (17.021, 13.7545)
    670 (12.3234, 16.3835) -> 353 (10.7116, 14.4469)
    671 (10.4006, 4.2846) -> 289 (8.65063, 4.1704)
    672 (20.959, 1.10721) -> 309 (18.2428, 2.17165)
    673 (3.52781, 12.7566) -> 107 (4.01522, 10.6773)
    674 (4.65725, 16.6621) -> 21 (4.52953, 14.2461)
    675 (5.36812, 6.32881) -> 4 (5.46501, 6.06124)
    676 (1.14099, 2.93047) -> 0 (0, 1)
    677 (12.6984, 10.2448) -> 205 (11.2166, 8.90015)
    678 (18.6743, 19.2468) -> 454 (16.7918, 17.678)
    679 (16.4181, 8.20621) -> 54 (14.7379, 7.4993)
    680 (10.3391, 16.1332) -> 881 (9.33426, 14.5141)
    681 (11.7339, 10.5957) -> 508 (10.215, 9.90866)
    682 (0.505504, 4.091) -> 12 (1.58632, 6.32659)
    683 (16.6441, 18.0272) -> 198 (14.5738, 15.9787)
    684 (8.97927, 12.4677) -> 382 (7.94072, 11.0735)
    685 (7.96351, 8.2542) -> 5 (6.99215, 7.35269)
    686 (8.77025, 11.2916) -> 363 (7.83095, 10.3359)
    687 (2.98411, 3.80748) -> 3 (3.49355, 5.72455)
    688 (16.1294, 14.2818) -> 282 (15.0388, 13.4498)
    689 (17.979, 3.72794) -> 917 (15.7889, 4.19859)
    690 (11.1911, 11.8429) -> 731 (9.74316, 10.4632)
    691 (20.7761, 1.12284) -> 404 (18.1274, 2.09261)
    692 (18.648, -1.14096) -> 294 (17.7062, 1.22127)
    693 (3.36772, 12.0886) -> 107 (4.01522, 10.6773)
    694 (4.42187, 5.76526) -> 4 (5.46501, 6.06124)
    695 (9.98411, 8.21636) -> 8 (8.84061, 6.589)
    696 (7.17767, 5.70813) -> 41 (6.45412, 4.10821)
    697 (13.8108, 14.1921) -> 726 (13.2785, 13.6356)
    698 (11.5988, 20.2071) -> 29 (10.984, 19.0539)
    699 (17.577, 11.6075) -> 548 (15.1194, 10.1908)
    700 (11.1503, 16.9165) -> 949 (9.98921, 15.0789)
    701 (16.5957, 16.738) -> 573 (15.3604, 15.3878)
    702 (11.4787, 7.07087) -> 414 (10.6062, 6.5348)
    703 (9.37299, 8.10931) -> 1195 (8.30686, 7.69221)
    704 (5.02045, 0.0661249) -> 55 (6.37805, 2.08531)
    705 (4.3134, 8.56994) -> 4 (5.46501, 6.06124)
    706 (14.4621, 3.05265) -> 221 (12.2579, 3.42096)
    707 (19.3767, 21.3277) -> 959 (17.9166, 19.4308)
    708 (3.72798, 6.20306) -> 4 (5.46501, 6.06124)
    709 (4.43792, 16.0352) -> 21 (4.52953, 14.2461)
    710 (16.3676, 2.87373) -> 285 (15.4556, 3.00761)
    711 (14.28, 10.4729) -> 239 (12.0622, 9.20607)
    712 (3.53124, 6.19647) -> 4 (5.46501, 6.06124)
    713 (10.6903, 4.67737) -> 1028 (8.35193, 4.42924)
    714 (7.41245, 20.7319) -> 367 (7.57491, 18.1903)
    715 (-0.302909, 17.3842) -> 52 (0.752174, 15.6851)
    716 (7.46051, 15.6606) -> 1013 (6.45564, 13.6695)
    717 (17.1428, 9.51749) -> 1419 (15.9093, 8.97811)
    718 (14.1295, 17.2427) -> 24 (12.7836, 15.7092)
    719 (18.5308, 3.07085) -> 854 (16.7564, 4.87759)
    720 (2.3335, 19.5596) -> 33 (3.28199, 17.6702)
    721 (5.85196, 14.662) -> 105 (4.71964, 12.2551)
    722 (8.19654, 17.7358) -> 191 (7.9507, 17.2155)
    723 (2.64831, 13.5671) -> 105 (4.71964, 12.2551)
    724 (7.68645, 13.4532) -> 430 (7.25409, 12.7678)
    725 (14.1006, 1.61883) -> 221 (12.2579, 3.42096)
    726 (13.2785, 13.6356) -> 690 (11.1911, 11.8429)
    727 (9.82195, 13.4328) -> 684 (8.97927, 12.4677)
    728 (8.96582, 11.6822) -> 68 (8.82374, 11.5442)
    729 (18.4108, 1.07446) -> 856 (16.4986, 2.19381)
    730 (16.8042, 14.437) -> 897 (15.1254, 13.3499)
    731 (9.74316, 10.4632) -> 661 (8.08889, 8.72103)
    732 (6.62973, 3.01651) -> 41 (6.45412, 4.10821)
    733 (9.50988, 18.2803) -> 795 (7.98455, 16.0421)
    734 (17.2227, 8.38083) -> 2471 (16.0788, 7.78921)
    735 (6.96197, 7.73198) -> 4 (5.46501, 6.06124)
    736 (0.45342, 0.566829) -> 0 (0, 1)
    737 (4.77294, 2.5571) -> 41 (6.45412, 4.10821)
    738 (4.72688, 3.21387) -> 41 (6.45412, 4.10821)
    739 (4.01612, 19.1109) -> 33 (3.28199, 17.6702)
    740 (4.23695, 12.5949) -> 107 (4.01522, 10.6773)
    741 (17.8787, 11.1639) -> 467 (17.0467, 10.6753)
    742 (3.04314, 3.42718) -> 3 (3.49355, 5.72455)
    743 (18.9006, 17.5763) -> 487 (16.914, 15.9973)
    744 (15.6121, 5.74926) -> 25 (15.0894, 5.53043)
    745 (10.3455, 4.00627) -> 289 (8.65063, 4.1704)
    746 (12.3971, 20.1672) -> 49 (12.0773, 19.6463)
    747 (10.0308, 16.2152) -> 570 (8.41768, 13.9045)
    748 (7.42783, 13.9095) -> 825 (6.64765, 13.1593)
    749 (0.633908, 7.37304) -> 123 (3.18698, 8.20396)
    750 (8.08563, 2.68437) -> 41 (6.45412, 4.10821)
    751 (18.6691, 16.9885) -> 989 (16.973, 15.6471)
    752 (10.8335, 20.4526) -> 648 (9.7515, 18.7706)
    753 (8.35562, 16.8765) -> 1294 (7.52507, 15.3666)
    754 (16.0757, 10.1767) -> 1339 (15.4653, 9.79537)
    755 (14.0122, 19.1937) -> 2160 (13.5479, 18.3862)
    756 (20.0014, 14.8538) -> 873 (17.9103, 13.3716)
    757 (-0.520535, 5.57811) -> 7 (1.79466, 6.77991)
    758 (21.7116, 5.04952) -> 415 (20.183, 6.33913)
    759 (15.0504, 17.012) -> 245 (14.2816, 16.1565)
    760 (12.3181, 21.3714) -> 29 (10.984, 19.0539)
    761 (2.27422, 9.82837) -> 165 (3.56269, 8.19622)
    762 (10.9353, 1.70174) -> 584 (9.0687, 3.50671)
    763 (16.4953, 11.7677) -> 2308 (15.2868, 10.8745)
    764 (5.32932, 14.3962) -> 105 (4.71964, 12.2551)
    765 (12.2609, 4.22157) -> 307 (10.6037, 3.73958)
    766 (17.8042, 3.65616) -> 917 (15.7889, 4.19859)
    767 (2.38486, 18.9253) -> 33 (3.28199, 17.6702)
    768 (7.48093, 9.43025) -> 196 (6.16098, 6.98842)
    769 (0.895815, 15.6906) -> 142 (2.27804, 13.9476)
    770 (12.8008, 4.22211) -> 307 (10.6037, 3.73958)
    771 (13.9758, 3.8691) -> 1311 (11.9853, 4.54449)
    772 (4.84241, 10.5759) -> 107 (4.01522, 10.6773)
    773 (19.8574, 11.4549) -> 117 (18.7832, 11.0159)
    774 (1.56919, 21.5835) -> 46 (1.62308, 19.5843)
    775 (4.49506, 1.41474) -> 36 (6.68377, 2.97662)
    776 (13.5559, 15.6829) -> 1089 (12.3184, 14.0121)
    777 (7.54759, 6.87355) -> 4 (5.46501, 6.06124)
    778 (13.5939, 18.1953) -> 670 (12.3234, 16.3835)
    779 (17.3814, 9.34982) -> 1093 (16.4964, 8.8652)
    780 (5.42307, 5.14161) -> 4 (5.46501, 6.06124)
    781 (11.8201, 20.1372) -> 29 (10.984, 19.0539)
    782 (18.9503, 10.062) -> 2397 (17.5255, 9.36541)
    783 (2.26802, 14.7779) -> 21 (4.52953, 14.2461)
    784 (0.567084, 5.3054) -> 7 (1.79466, 6.77991)
    785 (14.8139, 8.10165) -> 167 (12.9293, 7.31445)
    786 (19.8444, 0.556071) -> 404 (18.1274, 2.09261)
    787 (15.0692, 10.5698) -> 162 (13.1958, 9.25628)
    788 (17.3323, 20.304) -> 1154 (15.8557, 18.6404)
    789 (1.72941, -0.997688) -> 0 (0, 1)
    790 (19.5005, 15.5088) -> 901 (18.078, 14.4187)
    791 (4.45686, 13.7394) -> 246 (3.94709, 11.8635)
    792 (15.2116, 2.98137) -> 770 (12.8008, 4.22211)
    793 (12.5499, 5.27149) -> 13 (12.2048, 4.88956)
    794 (0.136583, 7.43831) -> 22 (1.62626, 8.7728)
    795 (7.98455, 16.0421) -> 69 (6.90187, 13.8582)
    796 (14.4703, 16.7794) -> 1272 (13.6639, 15.7138)
    797 (0.533673, 15.8276) -> 142 (2.27804, 13.9476)
    798 (12.7467, 19.9987) -> 1187 (12.1241, 18.7168)
    799 (8.53784, 10.0407) -> 1679 (7.90259, 9.11914)
    800 (14.7249, -0.976185) -> 273 (13.9958, 1.64049)
    801 (1.6047, 17.985) -> 51 (2.77714, 15.626)
    802 (12.6117, 10.8995) -> 486 (10.589, 9.32515)
    803 (8.66229, 10.64) -> 62 (7.82616, 9.81071)
    804 (18.5535, 3.06978) -> 854 (16.7564, 4.87759)
    805 (20.5122, 3.47422) -> 309 (18.2428, 2.17165)
    806 (7.25785, -0.741462) -> 43 (7.72716, 1.27036)
    807 (15.0718, 3.99889) -> 770 (12.8008, 4.22211)
    808 (16.555, 11.4724) -> 1331 (15.0323, 10.4719)
    809 (5.83564, 4.50064) -> 4 (5.46501, 6.06124)
    810 (1.38733, 16.6839) -> 51 (2.77714, 15.626)
    811 (21.1078, -0.403094) -> 179 (19.315, 0.483384)
    812 (14.978, 1.06548) -> 285 (15.4556, 3.00761)
    813 (2.67954, 16.9599) -> 23 (4.68044, 16.2404)
    814 (13.5931, 5.93444) -> 620 (11.8316, 5.50355)
    815 (16.5994, 5.7773) -> 25 (15.0894, 5.53043)
    816 (16.5026, 9.78306) -> 1281 (14.7534, 8.81343)
    817 (18.6384, 6.96805) -> 28 (16.8964, 6.38769)
    818 (8.54516, 9.16702) -> 109 (6.84403, 7.50979)
    819 (19.6184, 5.22831) -> 605 (17.9974, 7.12435)
    820 (10.6407, 11.8628) -> 337 (9.49792, 10.3253)
    821 (1.64787, 11.0677) -> 22 (1.62626, 8.7728)
    822 (4.83807, 5.02281) -> 4 (5.46501, 6.06124)
    823 (14.1592, 17.722) -> 885 (12.8352, 16.4034)
    824 (16.5143, 17.084) -> 1854 (15.588, 16.1595)
    825 (6.64765, 13.1593) -> 10 (5.26338, 10.9568)
    826 (14.8039, 17.3571) -> 24 (12.7836, 15.7092)
    827 (15.2446, 11.5459) -> 832 (13.3553, 10.4595)
    828 (14.5348, 20.7993) -> 421 (13.4817, 19.4238)
    829 (4.00519, 19.9193) -> 33 (3.28199, 17.6702)
    830 (16.559, 15.7357) -> 31 (15.6511, 14.9752)
    831 (2.27075, -0.310644) -> 0 (0, 1)
    832 (13.3553, 10.4595) -> 239 (12.0622, 9.20607)
    833 (8.35635, 21.4676) -> 383 (8.13734, 18.8679)
    834 (5.90741, 16.9145) -> 764 (5.32932, 14.3962)
    835 (18.4499, 2.10945) -> 985 (17.2489, 4.2751)
    836 (12.8938, 17.9379) -> 1077 (11.7026, 16.5218)
    837 (15.0248, 19.9329) -> 778 (13.5939, 18.1953)
    838 (6.66612, 2.94805) -> 41 (6.45412, 4.10821)
    839 (10.7825, 17.3503) -> 747 (10.0308, 16.2152)
    840 (19.0207, 21.7244) -> 1361 (18.0509, 19.9212)
    841 (5.18377, 17.0511) -> 23 (4.68044, 16.2404)
    842 (12.4179, 9.69247) -> 239 (12.0622, 9.20607)
    843 (11.9101, 16.4585) -> 353 (10.7116, 14.4469)
    844 (6.54517, 18.115) -> 74 (6.27246, 16.6327)
    845 (16.6822, -1.23429) -> 588 (14.8199, 0.387998)
    846 (9.83742, 20.2533) -> 480 (9.23023, 19.1392)
    847 (6.17072, 19.6144) -> 367 (7.57491, 18.1903)
    848 (8.90779, 1.09238) -> 584 (9.0687, 3.50671)
    849 (-0.0827351, 12.1559) -> 86 (2.47885, 11.9577)
    850 (11.0718, 11.266) -> 30 (10.3501, 10.4811)
    851 (3.15569, 0.78906) -> 64 (3.10045, 3.4123)
    852 (13.9452, 21.0387) -> 871 (13.0516, 19.6065)
    853 (1.99666, 9.09838) -> 886 (4.2841, 7.88242)
    854 (16.7564, 4.87759) -> 427 (14.5033, 5.34975)
    855 (0.0769981, 5.57023) -> 7 (1.79466, 6.77991)
    856 (16.4986, 2.19381) -> 285 (15.4556, 3.00761)
    857 (20.9027, 8.20515) -> 241 (18.6682, 7.28141)
    858 (5.64931, 20.1127) -> 1469 (6.4821, 19.5379)
    859 (14.5764, 5.1427) -> 652 (12.2249, 4.24039)
    860 (16.9122, 17.9475) -> 470 (15.7662, 16.9718)
    861 (20.4377, 14.7641) -> 144 (18.4438, 13.2248)
    862 (7.51109, 9.42282) -> 1279 (7.41423, 9.18334)
    863 (3.63753, 16.2355) -> 21 (4.52953, 14.2461)
    864 (16.9178, 11.8311) -> 787 (15.0692, 10.5698)
    865 (6.28337, 7.82842) -> 4 (5.46501, 6.06124)
    866 (19.6381, 11.0485) -> 906 (18.9057, 10.6112)
    867 (17.7805, -0.799231) -> 338 (16.7643, 1.47353)
    868 (17.0186, 3.7571) -> 2385 (15.6198, 4.15613)
    869 (15.1963, 12.5298) -> 530 (13.643, 11.6154)
    870 (7.58868, 11.6924) -> 518 (6.51305, 9.78676)
    871 (13.0516, 19.6065) -> 1932 (12.4821, 18.6747)
    872 (0.303361, 9.43135) -> 22 (1.62626, 8.7728)
    873 (17.9103, 13.3716) -> 517 (16.5786, 12.5029)
    874 (3.02142, 6.16562) -> 4 (5.46501, 6.06124)
    875 (10.366, 6.25315) -> 2401 (9.05228, 5.65161)
    876 (10.2677, 14.0983) -> 684 (8.97927, 12.4677)
    877 (6.60835, 19.6487) -> 367 (7.57491, 18.1903)
    878 (9.84081, 20.7686) -> 112 (8.80243, 18.89)
    879 (15.9495, 12.9773) -> 869 (15.1963, 12.5298)
    880 (17.2158, 9.19263) -> 1093 (16.4964, 8.8652)
    881 (9.33426, 14.5141) -> 143 (8.8763, 13.5395)
    882 (1.54503, 17.553) -> 51 (2.77714, 15.626)
    883 (8.59524, 16.5131) -> 1246 (7.35985, 14.9542)
    884 (21.2689, 5.32555) -> 415 (20.183, 6.33913)
    885 (12.8352, 16.4034) -> 927 (11.6066, 14.7217)
    886 (4.2841, 7.88242) -> 4 (5.46501, 6.06124)
    887 (20.6037, 8.7005) -> 37 (18.2551, 7.85531)
    888 (11.0378, 2.29992) -> 584 (9.0687, 3.50671)
    889 (16.7344, 7.38066) -> 124 (15.4639, 7.10396)
    890 (17.3938, 6.63446) -> 28 (16.8964, 6.38769)
    891 (12.7397, 7.58487) -> 99 (11.0831, 6.54538)
    892 (6.37677, 6.76187) -> 4 (5.46501, 6.06124)
    893 (4.86862, -0.243348) -> 91 (5.06319, 0.578277)
    894 (12.0368, 22.1255) -> 215 (10.3622, 20.6751)
    895 (-0.339219, 6.71883) -> 7 (1.79466, 6.77991)
    896 (18.115, 17.9222) -> 701 (16.5957, 16.738)
    897 (15.1254, 13.3499) -> 80 (13.3406, 12.1141)
    898 (6.35808, 15.5994) -> 721 (5.85196, 14.662)
    899 (1.15592, 0.81963) -> 0 (0, 1)
    900 (9.86439, -0.218358) -> 43 (7.72716, 1.27036)
    901 (18.078, 14.4187) -> 237 (15.915, 12.9927)
    902 (11.7025, 15.7104) -> 353 (10.7116, 14.4469)
    903 (13.2746, 7.25783) -> 99 (11.0831, 6.54538)
    904 (17.3945, 1.85182) -> 285 (15.4556, 3.00761)
    905 (20.794, 10.6172) -> 452 (18.6879, 9.89051)
    906 (18.9057, 10.6112) -> 281 (17.0804, 9.54268)
    907 (9.59211, 8.25861) -> 1195 (8.30686, 7.69221)
    908 (10.2263, 0.956792) -> 43 (7.72716, 1.27036)
    909 (13.7944, 22.4484) -> 1502 (13.1236, 20.5538)
    910 (9.77656, 17.0606) -> 1819 (9.19482, 15.9553)
    911 (6.45088, 5.2728) -> 4 (5.46501, 6.06124)
    912 (11.4588, 8.6147) -> 1243 (10.1093, 7.92061)
    913 (17.8708, 4.60737) -> 854 (16.7564, 4.87759)
    914 (17.0778, 12.0606) -> 787 (15.0692, 10.5698)
    915 (1.64047, 2.44422) -> 0 (0, 1)
    916 (19.1064, 7.32579) -> 1514 (17.7694, 6.8699)
    917 (15.7889, 4.19859) -> 1788 (14.5358, 4.17058)
    918 (11.1261, 13.0839) -> 1599 (9.81743, 11.7093)
    919 (10.8266, 13.9826) -> 417 (9.2426, 12.294)
    920 (15.1579, 5.39892) -> 427 (14.5033, 5.34975)
    921 (2.23117, 6.41483) -> 886 (4.2841, 7.88242)
    922 (17.4387, 19.2974) -> 1172 (16.3229, 18.3104)
    923 (1.58342, 4.25468) -> 3 (3.49355, 5.72455)
    924 (7.58708, 6.33138) -> 4 (5.46501, 6.06124)
    925 (7.59593, 9.62885) -> 768 (7.48093, 9.43025)
    926 (14.5529, 9.33739) -> 1765 (13.1297, 8.57564)
    927 (11.6066, 14.7217) -> 919 (10.8266, 13.9826)
    928 (9.17601, 3.28733) -> 70 (8.41334, 4.51004)
    929 (16.2441, 13.3998) -> 869 (15.1963, 12.5298)
    930 (5.69214, 13.9071) -> 105 (4.71964, 12.2551)
    931 (13.0068, 2.23274) -> 79 (11.0488, 3.25752)
    932 (10.5234, 18.5244) -> 910 (9.77656, 17.0606)
    933 (9.95746, 20.9276) -> 112 (8.80243, 18.89)
    934 (2.9312, 1.03628) -> 64 (3.10045, 3.4123)
    935 (18.2455, -0.984753) -> 294 (17.7062, 1.22127)
    936 (11.4729, -0.607179) -> 73 (9.68822, 0.877601)
    937 (3.54409, 14.849) -> 21 (4.52953, 14.2461)
    938 (17.7509, 13.7256) -> 1146 (16.6004, 12.7811)
    939 (12.9274, 10.7377) -> 1758 (12.2002, 10.152)
    940 (8.49078, 4.29286) -> 41 (6.45412, 4.10821)
    941 (7.58286, 7.74732) -> 892 (6.37677, 6.76187)
    942 (2.3341, 14.8152) -> 21 (4.52953, 14.2461)
    943 (9.62375, 19.892) -> 480 (9.23023, 19.1392)
    944 (0.343365, 2.9703) -> 0 (0, 1)
    945 (12.1736, 5.41918) -> 9 (10.2208, 5.14155)
    946 (0.837148, 6.93506) -> 22 (1.62626, 8.7728)
    947 (14.535, 5.05132) -> 652 (12.2249, 4.24039)
    948 (4.0415, 2.78847) -> 809 (5.83564, 4.50064)
    949 (9.98921, 15.0789) -> 143 (8.8763, 13.5395)
    950 (10.1588, 4.15105) -> 940 (8.49078, 4.29286)
    951 (15.3185, 8.20073) -> 1047 (14.9351, 8.06276)
    952 (7.33851, 6.67168) -> 4 (5.46501, 6.06124)
    953 (9.3369, 3.35206) -> 70 (8.41334, 4.51004)
    954 (20.496, 12.7666) -> 1399 (19.909, 12.4691)
    955 (18.9294, 14.3014) -> 1499 (17.4263, 13.2747)
    956 (5.62135, 0.745973) -> 36 (6.68377, 2.97662)
    957 (4.84398, 5.98514) -> 4 (5.46501, 6.06124)
    958 (20.912, 0.711136) -> 104 (19.3101, 2.48338)
    959 (17.9166, 19.4308) -> 119 (17.1844, 18.617)
    960 (7.29258, 7.73004) -> 4 (5.46501, 6.06124)
    961 (13.0075, 15.4154) -> 2121 (12.3114, 14.5013)
    962 (9.87633, 19.8374) -> 2324 (8.92301, 18.4135)
    963 (9.65334, 3.69904) -> 70 (8.41334, 4.51004)
    964 (11.6188, 17.1317) -> 20 (10.8081, 16.0212)
    965 (2.45712, 5.99537) -> 200 (4.80955, 6.63246)
    966 (9.89276, 17.9095) -> 1597 (9.52191, 16.5053)
    967 (18.3506, 3.13424) -> 854 (16.7564, 4.87759)
    968 (5.21831, 19.6115) -> 1469 (6.4821, 19.5379)
    969 (10.7658, 19.271) -> 343 (10.3469, 18.6752)
    970 (4.50889, 2.49993) -> 41 (6.45412, 4.10821)
    971 (13.6326, 7.96756) -> 891 (12.7397, 7.58487)
    972 (0.0990714, 1.86251) -> 0 (0, 1)
    973 (6.68095, 0.888618) -> 36 (6.68377, 2.97662)
    974 (7.81663, 17.355) -> 32 (7.03781, 15.436)
    975 (1.95321, 12.0198) -> 107 (4.01522, 10.6773)
    976 (15.2949, 18.9494) -> 418 (13.9878, 17.7036)
    977 (6.05997, 17.7436) -> 23 (4.68044, 16.2404)
    978 (20.1799, 17.3796) -> 1087 (18.7999, 16.1085)
    979 (7.77856, 2.56052) -> 41 (6.45412, 4.10821)
    980 (19.7685, 3.09831) -> 578 (17.7099, 4.38342)
    981 (0.294356, 7.55839) -> 22 (1.62626, 8.7728)
    982 (3.03572, 4.16567) -> 3 (3.49355, 5.72455)
    983 (8.22608, 18.0275) -> 191 (7.9507, 17.2155)
    984 (20.25, 5.22547) -> 817 (18.6384, 6.96805)
    985 (17.2489, 4.2751) -> 1271 (15.3773, 5.10584)
    986 (2.64306, 4.23445) -> 3 (3.49355, 5.72455)
    987 (16.2833, 15.4748) -> 31 (15.6511, 14.9752)
    988 (14.9499, 12.8459) -> 2433 (14.0166, 12.0978)
    989 (16.973, 15.6471) -> 291 (15.7494, 14.7595)
    990 (2.57809, 8.38451) -> 886 (4.2841, 7.88242)
    991 (16.5471, 16.7213) -> 573 (15.3604, 15.3878)
    992 (15.9173, 2.11567) -> 1574 (14.2819, 3.0674)
    993 (8.69201, 11.4126) -> 363 (7.83095, 10.3359)
    994 (19.1558, 19.63) -> 896 (18.115, 17.9222)
    995 (4.19742, 17.6178) -> 23 (4.68044, 16.2404)
    996 (14.473, 10.7953) -> 2143 (13.0151, 9.90353)
    997 (2.64963, 2.1857) -> 15 (4.69234, 3.16158)
    998 (17.2235, 15.0767) -> 688 (16.1294, 14.2818)
    999 (18.6634, 19.1917) -> 454 (16.7918, 17.678)
    1000 (17.3346, 3.85092) -> 1585 (15.8807, 4.47854)
    1001 (10.5847, 9.21198) -> 1461 (9.43136, 8.51089)
    1002 (10.382, 1.64685) -> 584 (9.0687, 3.50671)
    1003 (10.417, -0.352848) -> 562 (9.75559, 1.99965)
    1004 (1.20571, 11.8165) -> 263 (2.49613, 10.2885)
    1005 (15.6238, 5.76133) -> 25 (15.0894, 5.53043)
    1006 (6.59712, 10.9443) -> 146 (5.99434, 10.6135)
    1007 (19.8228, 11.1947) -> 906 (18.9057, 10.6112)
    1008 (4.81921, 18.0632) -> 23 (4.68044, 16.2404)
    1009 (5.9207, 17.4601) -> 23 (4.68044, 16.2404)
    1010 (13.7951, 8.24222) -> 891 (12.7397, 7.58487)
    1011 (16.1005, 5.20798) -> 427 (14.5033, 5.34975)
    1012 (5.32776, 11.9389) -> 10 (5.26338, 10.9568)
    1013 (6.45564, 13.6695) -> 11 (5.94791, 12.836)
    1014 (10.395, 18.4945) -> 1434 (9.8164, 17.3245)
    1015 (22.4903, 14.5809) -> 1117 (20.5704, 13.3235)
    1016 (12.8054, 3.48048) -> 307 (10.6037, 3.73958)
    1017 (11.2012, 9.27704) -> 1243 (10.1093, 7.92061)
    1018 (15.0828, 19.3375) -> 326 (13.9565, 18.0259)
    1019 (9.91358, 8.41102) -> 1195 (8.30686, 7.69221)
    1020 (18.1288, 5.12867) -> 1011 (16.1005, 5.20798)
    1021 (13.195, 15.4744) -> 2121 (12.3114, 14.5013)
    1022 (0.278377, 21.0799) -> 46 (1.62308, 19.5843)
    1023 (5.12076, 22.0604) -> 1113 (6.2932, 20.2099)
    1024 (12.838, 8.45801) -> 67 (11.7167, 7.67337)
    1025 (10.2213, 20.8824) -> 480 (9.23023, 19.1392)
    1026 (10.9774, 18.66) -> 910 (9.77656, 17.0606)
    1027 (4.78682, 7.78659) -> 4 (5.46501, 6.06124)
    1028 (8.35193, 4.42924) -> 41 (6.45412, 4.10821)
    1029 (21.1578, 10.6345) -> 1112 (19.4711, 9.95382)
    1030 (4.27748, 4.39648) -> 4 (5.46501, 6.06124)
    1031 (20.255, 7.86767) -> 241 (18.6682, 7.28141)
    1032 (21.9029, 5.3185) -> 415 (20.183, 6.33913)
    1033 (12.4827, 3.96309) -> 307 (10.6037, 3.73958)
    1034 (4.74239, 10.2552) -> 107 (4.01522, 10.6773)
    1035 (2.91294, 13.3647) -> 105 (4.71964, 12.2551)
    1036 (13.1472, -1.08268) -> 250 (11.6734, 0.634571)
    1037 (18.2208, 16.9773) -> 987 (16.2833, 15.4748)
    1038 (0.490673, 8.75843) -> 22 (1.62626, 8.7728)
    1039 (0.983796, 12.0803) -> 263 (2.49613, 10.2885)
    1040 (11.6837, 10.9989) -> 508 (10.215, 9.90866)
    1041 (2.59943, 1.89385) -> 15 (4.69234, 3.16158)
    1042 (6.37769, 1.36346) -> 36 (6.68377, 2.97662)
    1043 (15.3548, 18.9291) -> 330 (14.1061, 17.3558)
    1044 (7.78582, 17.2528) -> 32 (7.03781, 15.436)
    1045 (12.0355, 10.8853) -> 115 (11.8295, 10.8039)
    1046 (8.78267, 17.3791) -> 795 (7.98455, 16.0421)
    1047 (14.9351, 8.06276) -> 167 (12.9293, 7.31445)
    1048 (2.67378, 3.73805) -> 3 (3.49355, 5.72455)
    1049 (15.2069, 14.166) -> 587 (14.1695, 13.2549)
    1050 (6.77464, 10.2706) -> 6 (6.19415, 9.18658)
    1051 (5.61985, 16.2522) -> 21 (4.52953, 14.2461)
    1052 (12.7975, 5.56726) -> 945 (12.1736, 5.41918)
    1053 (8.63238, 19.6712) -> 1899 (8.29631, 19.0812)
    1054 (1.73981, 16.8669) -> 51 (2.77714, 15.626)
    1055 (8.32113, 22.0688) -> 1053 (8.63238, 19.6712)
    1056 (0.353126, 21.1293) -> 46 (1.62308, 19.5843)
    1057 (6.13781, 5.54434) -> 4 (5.46501, 6.06124)
    1058 (1.50553, 14.5232) -> 128 (3.33203, 13.7666)
    1059 (4.827, 19.1387) -> 33 (3.28199, 17.6702)
    1060 (19.9381, 13.5464) -> 1085 (18.2522, 12.6142)
    1061 (2.19283, 4.49753) -> 3 (3.49355, 5.72455)
    1062 (20.612, 12.6089) -> 1603 (19.7136, 12.0791)
    1063 (8.21966, 0.718666) -> 55 (6.37805, 2.08531)
    1064 (14.0881, 16.6387) -> 24 (12.7836, 15.7092)
    1065 (19.4314, 2.72959) -> 1000 (17.3346, 3.85092)
    1066 (-0.605574, 11.915) -> 821 (1.64787, 11.0677)
    1067 (21.6051, 10.0778) -> 89 (19.6998, 9.2383)
    1068 (3.95262, 11.1025) -> 107 (4.01522, 10.6773)
    1069 (1.0711, 14.294) -> 128 (3.33203, 13.7666)
    1070 (7.02287, 2.58453) -> 41 (6.45412, 4.10821)
    1071 (18.657, 13.0981) -> 864 (16.9178, 11.8311)
    1072 (11.5906, 12.8352) -> 81 (11.3924, 12.5663)
    1073 (14.0015, 17.6881) -> 885 (12.8352, 16.4034)
    1074 (0.710353, 3.72002) -> 2 (2.8124, 3.84411)
    1075 (8.10285, 3.09777) -> 41 (6.45412, 4.10821)
    1076 (14.9115, 12.0823) -> 832 (13.3553, 10.4595)
    1077 (11.7026, 16.5218) -> 1372 (10.3727, 14.8133)
    1078 (20.0685, 0.934595) -> 404 (18.1274, 2.09261)
    1079 (13.6514, 14.9377) -> 120 (12.2408, 13.7842)
    1080 (8.66183, 20.0916) -> 383 (8.13734, 18.8679)
    1081 (13.5364, 21.1363) -> 370 (13.229, 20.53)
    1082 (16.7875, 1.9174) -> 285 (15.4556, 3.00761)
    1083 (12.3925, 14.6319) -> 2050 (11.2934, 13.3489)
    1084 (1.18162, 0.58031) -> 0 (0, 1)
    1085 (18.2522, 12.6142) -> 808 (16.555, 11.4724)
    1086 (9.26786, 15.4388) -> 18 (9.01506, 15.1352)
    1087 (18.7999, 16.1085) -> 538 (17.3056, 14.9502)
    1088 (12.8923, 1.55098) -> 221 (12.2579, 3.42096)
    1089 (12.3184, 14.0121) -> 410 (10.9006, 12.1887)
    1090 (12.9731, 10.9866) -> 1350 (11.9349, 10.3529)
    1091 (12.133, 18.6183) -> 700 (11.1503, 16.9165)
    1092 (3.77527, 15.6629) -> 21 (4.52953, 14.2461)
    1093 (16.4964, 8.8652) -> 44 (14.6081, 8.08451)
    1094 (5.60206, 1.49602) -> 36 (6.68377, 2.97662)
    1095 (18.9497, 11.2906) -> 1392 (18.1503, 10.7949)
    1096 (8.25547, 17.4234) -> 633 (7.37906, 15.4414)
    1097 (15.102, 15.4871) -> 697 (13.8108, 14.1921)
    1098 (17.6998, 3.60816) -> 1585 (15.8807, 4.47854)
    1099 (5.3306, 11.6645) -> 10 (5.26338, 10.9568)
    1100 (15.6815, 18.3424) -> 796 (14.4703, 16.7794)
    1101 (15.0052, 2.15203) -> 1574 (14.2819, 3.0674)
    1102 (4.9954, -0.555355) -> 91 (5.06319, 0.578277)
    1103 (0.973847, 9.43942) -> 22 (1.62626, 8.7728)
    1104 (12.7286, 11.2009) -> 58 (12.3158, 10.8498)
    1105 (3.46238, 16.8473) -> 23 (4.68044, 16.2404)
    1106 (10.3647, 20.6352) -> 1783 (9.64839, 18.8775)
    1107 (3.58845, 3.96944) -> 957 (4.84398, 5.98514)
    1108 (14.6571, 13.3884) -> 80 (13.3406, 12.1141)
    1109 (17.3996, 10.1337) -> 816 (16.5026, 9.78306)
    1110 (2.2003, 11.088) -> 107 (4.01522, 10.6773)
    1111 (20.8892, 15.3058) -> 861 (20.4377, 14.7641)
    1112 (19.4711, 9.95382) -> 2135 (17.8312, 9.34942)
    1113 (6.2932, 20.2099) -> 1610 (7.38437, 18.5524)
    1114 (6.98784, 12.5112) -> 146 (5.99434, 10.6135)
    1115 (12.0298, 22.7546) -> 636 (12.3593, 20.7819)
    1116 (21.3949, 9.40684) -> 78 (20.0082, 8.81786)
    1117 (20.5704, 13.3235) -> 122 (19.2988, 12.5722)
    1118 (14.9319, 5.50873) -> 427 (14.5033, 5.34975)
    1119 (18.1647, 13.965) -> 1146 (16.6004, 12.7811)
    1120 (12.7849, 8.54253) -> 331 (12.1704, 8.30992)
    1121 (19.9737, 4.27435) -> 344 (18.5987, 5.72674)
    1122 (16.4475, 13.1035) -> 1076 (14.9115, 12.0823)
    1123 (20.9212, 12.6131) -> 1297 (19.8833, 11.9401)
    1124 (20.2491, 12.5042) -> 1980 (18.8799, 11.609)
    1125 (9.86321, 2.97222) -> 70 (8.41334, 4.51004)
    1126 (17.8167, 12.7668) -> 521 (17.1866, 12.2205)
    1127 (3.55312, 8.81795) -> 886 (4.2841, 7.88242)
    1128 (12.2324, 9.39572) -> 239 (12.0622, 9.20607)
    1129 (8.96415, 7.91933) -> 1195 (8.30686, 7.69221)
    1130 (18.5288, 2.47928) -> 985 (17.2489, 4.2751)
    1131 (10.2505, 14.1352) -> 684 (8.97927, 12.4677)
    1132 (2.14402, 12.6279) -> 246 (3.94709, 11.8635)
    1133 (14.12, 18.8461) -> 778 (13.5939, 18.1953)
    1134 (1.68368, 2.92992) -> 135 (3.57235, 3.7261)
    1135 (17.4318, 14.6496) -> 730 (16.8042, 14.437)
    1136 (7.01128, 5.9363) -> 4 (5.46501, 6.06124)
    1137 (17.4571, 7.26907) -> 83 (16.5751, 6.86935)
    1138 (11.6632, 14.4956) -> 1878 (10.6377, 13.554)
    1139 (17.0972, 20.4499) -> 320 (15.4791, 19.0363)
    1140 (8.22405, -1.12834) -> 254 (8.74156, 1.0718)
    1141 (0.624483, -0.640294) -> 0 (0, 1)
    1142 (3.61596, 10.4679) -> 489 (4.11635, 9.05803)
    1143 (2.65143, 18.1928) -> 33 (3.28199, 17.6702)
    1144 (17.4247, 21.1406) -> 1361 (18.0509, 19.9212)
    1145 (18.9053, -0.772645) -> 294 (17.7062, 1.22127)
    1146 (16.6004, 12.7811) -> 362 (15.2736, 11.6005)
    1147 (13.9841, 5.89288) -> 13 (12.2048, 4.88956)
    1148 (7.75846, 1.89266) -> 36 (6.68377, 2.97662)
    1149 (5.29162, 19.6734) -> 1469 (6.4821, 19.5379)
    1150 (14.8088, -0.523904) -> 273 (13.9958, 1.64049)
    1151 (19.4859, 15.3967) -> 901 (18.078, 14.4187)
    1152 (9.32018, 3.32454) -> 70 (8.41334, 4.51004)
    1153 (13.1343, 4.53812) -> 13 (12.2048, 4.88956)
    1154 (15.8557, 18.6404) -> 92 (14.158, 17.2408)
    1155 (21.6096, 10.7121) -> 1112 (19.4711, 9.95382)
    1156 (3.48693, 17.9118) -> 23 (4.68044, 16.2404)
    1157 (10.1132, 16.3152) -> 747 (10.0308, 16.2152)
    1158 (14.5916, 7.62908) -> 903 (13.2746, 7.25783)
    1159 (9.39183, 17.897) -> 164 (9.38372, 17.8542)
    1160 (13.0825, 13.2329) -> 402 (12.4851, 12.6093)
    1161 (3.60972, 14.7693) -> 21 (4.52953, 14.2461)
    1162 (11.2791, 14.3782) -> 919 (10.8266, 13.9826)
    1163 (8.35865, 10.6883) -> 1953 (7.27071, 9.78108)
    1164 (13.9209, 12.6992) -> 1731 (13.1225, 12.1232)
    1165 (10.5969, 4.53498) -> 940 (8.49078, 4.29286)
    1166 (11.8719, 8.4235) -> 1251 (10.3949, 7.13395)
    1167 (14.7499, 1.80881) -> 1574 (14.2819, 3.0674)
    1168 (4.0545, 11.8376) -> 107 (4.01522, 10.6773)
    1169 (-0.231458, 19.0214) -> 42 (1.28279, 17.6134)
    1170 (6.98621, 4.32975) -> 4 (5.46501, 6.06124)
    1171 (2.74546, 18.5957) -> 33 (3.28199, 17.6702)
    1172 (16.3229, 18.3104) -> 1792 (15.3809, 17.2971)
    1173 (18.9937, 13.2515) -> 1348 (17.2912, 11.9774)
    1174 (13.0145, 10.9884) -> 1350 (11.9349, 10.3529)
    1175 (11.6988, 17.3941) -> 20 (10.8081, 16.0212)
    1176 (16.0084, 18.0577) -> 759 (15.0504, 17.012)
    1177 (22.0173, 7.13609) -> 520 (19.8659, 6.82292)
    1178 (5.06489, 5.31552) -> 4 (5.46501, 6.06124)
    1179 (14.0908, 9.81059) -> 162 (13.1958, 9.25628)
    1180 (10.1922, 17.6039) -> 1597 (9.52191, 16.5053)
    1181 (-0.639471, 5.58614) -> 131 (1.08376, 4.41116)
    1182 (13.2869, 20.9227) -> 1708 (12.7617, 19.9336)
    1183 (16.8235, 3.5808) -> 1618 (15.0658, 4.49349)
    1184 (7.77187, 2.56489) -> 41 (6.45412, 4.10821)
    1185 (4.21649, 19.4381) -> 33 (3.28199, 17.6702)
    1186 (2.83838, 5.05816) -> 957 (4.84398, 5.98514)
    1187 (12.1241, 18.7168) -> 345 (11.092, 17.0568)
    1188 (7.99228, 9.66731) -> 1275 (7.13039, 8.11054)
    1189 (14.3752, 13.3558) -> 1731 (13.1225, 12.1232)
    1190 (0.274603, 3.93148) -> 47 (1.33023, 4.34306)
    1191 (9.4073, 3.49854) -> 70 (8.41334, 4.51004)
    1192 (8.44789, 15.6298) -> 748 (7.42783, 13.9095)
    1193 (2.21545, 7.33113) -> 886 (4.2841, 7.88242)
    1194 (9.34843, 13.3893) -> 256 (9.14089, 13.1392)
    1195 (8.30686, 7.69221) -> 892 (6.37677, 6.76187)
    1196 (6.80209, 17.1011) -> 206 (6.59841, 16.3035)
    1197 (-0.339259, -1.26938) -> 0 (0, 1)
    1198 (7.18776, 2.04594) -> 41 (6.45412, 4.10821)
    1199 (15.4468, 9.30062) -> 2396 (14.0917, 8.70162)
    1200 (-0.422531, 19.2068) -> 46 (1.62308, 19.5843)
    1201 (11.7712, 5.68386) -> 9 (10.2208, 5.14155)
    1202 (10.1772, 20.4929) -> 480 (9.23023, 19.1392)
    1203 (-1.64545, 3.18154) -> 944 (0.343365, 2.9703)
    1204 (6.7588, 11.2497) -> 146 (5.99434, 10.6135)
    1205 (19.1204, 20.0801) -> 1497 (17.4996, 18.818)
    1206 (14.7208, 0.900404) -> 285 (15.4556, 3.00761)
    1207 (11.3121, 6.13784) -> 545 (9.55903, 5.25031)
    1208 (12.7565, 2.31594) -> 79 (11.0488, 3.25752)
    1209 (8.66194, 11.3472) -> 363 (7.83095, 10.3359)
    1210 (4.69808, 1.19101) -> 55 (6.37805, 2.08531)
    1211 (4.71566, 19.2244) -> 33 (3.28199, 17.6702)
    1212 (8.09673, 13.0674) -> 1940 (7.29712, 11.4601)
    1213 (3.49843, 12.6095) -> 107 (4.01522, 10.6773)
    1214 (14.9017, 14.7169) -> 1296 (13.9921, 13.9242)
    1215 (6.51961, 16.2528) -> 721 (5.85196, 14.662)
    1216 (17.4528, 9.61136) -> 1419 (15.9093, 8.97811)
    1217 (0.797009, 16.539) -> 51 (2.77714, 15.626)
    1218 (7.56032, 11.7856) -> 518 (6.51305, 9.78676)
    1219 (16.653, 8.67091) -> 1047 (14.9351, 8.06276)
    1220 (5.22419, 17.517) -> 23 (4.68044, 16.2404)
    1221 (2.99661, 19.1884) -> 33 (3.28199, 17.6702)
    1222 (2.97045, 9.32775) -> 886 (4.2841, 7.88242)
    1223 (6.13582, 7.44208) -> 4 (5.46501, 6.06124)
    1224 (3.67892, 8.2082) -> 1979 (4.78929, 7.67702)
    1225 (9.88831, 21.6714) -> 118 (10.2211, 20.9026)
    1226 (5.59238, 0.246093) -> 55 (6.37805, 2.08531)
    1227 (20.6684, 17.044) -> 278 (19.2208, 15.9242)
    1228 (17.1627, 10.9759) -> 1339 (15.4653, 9.79537)
    1229 (10.4149, 1.08667) -> 607 (9.20517, 3.01733)
    1230 (19.47, 9.44402) -> 360 (18.6297, 9.02177)
    1231 (10.0318, -0.561859) -> 254 (8.74156, 1.0718)
    1232 (19.8636, 2.81678) -> 766 (17.8042, 3.65616)
    1233 (11.4689, 11.474) -> 30 (10.3501, 10.4811)
    1234 (3.37099, 13.0584) -> 105 (4.71964, 12.2551)
    1235 (15.8532, 9.6488) -> 626 (14.1632, 8.47942)
    1236 (15.2256, 11.4575) -> 711 (14.28, 10.4729)
    1237 (14.2751, 2.45307) -> 221 (12.2579, 3.42096)
    1238 (10.4731, 4.99411) -> 70 (8.41334, 4.51004)
    1239 (18.764, 14.1088) -> 873 (17.9103, 13.3716)
    1240 (16.926, 2.49756) -> 285 (15.4556, 3.00761)
    1241 (10.894, 1.27891) -> 172 (9.18796, 2.66614)
    1242 (12.5799, 5.74539) -> 1587 (11.5127, 5.47546)
    1243 (10.1093, 7.92061) -> 8 (8.84061, 6.589)
    1244 (12.7957, 18.2068) -> 1777 (11.849, 16.9187)
    1245 (2.37223, 6.59267) -> 165 (3.56269, 8.19622)
    1246 (7.35985, 14.9542) -> 622 (6.48885, 13.5128)
    1247 (17.6914, 3.65801) -> 1585 (15.8807, 4.47854)
    1248 (0.739085, 17.6072) -> 52 (0.752174, 15.6851)
    1249 (5.92167, 20.4913) -> 1469 (6.4821, 19.5379)
    1250 (17.7608, 16.3934) -> 1750 (16.6399, 15.4022)
    1251 (10.3949, 7.13395) -> 492 (9.58387, 6.57888)
    1252 (15.7725, 14.6419) -> 1863 (15.2401, 14.0259)
    1253 (4.63753, 1.96602) -> 55 (6.37805, 2.08531)
    1254 (4.20553, 11.0051) -> 107 (4.01522, 10.6773)
    1255 (8.80288, 17.5343) -> 795 (7.98455, 16.0421)
    1256 (18.2958, 7.70366) -> 83 (16.5751, 6.86935)
    1257 (4.73753, -0.170249) -> 91 (5.06319, 0.578277)
    1258 (7.78814, 9.53704) -> 1279 (7.41423, 9.18334)
    1259 (22.507, 3.6173) -> 884 (21.2689, 5.32555)
    1260 (16.0157, 14.3213) -> 159 (15.0373, 13.4999)
    1261 (20.5129, 19.3517) -> 98 (19.0929, 18.0739)
    1262 (1.37176, 11.798) -> 263 (2.49613, 10.2885)
    1263 (1.51109, 11.7933) -> 1578 (3.09492, 10.6534)
    1264 (2.08557, 8.49757) -> 165 (3.56269, 8.19622)
    1265 (15.8619, 5.14818) -> 427 (14.5033, 5.34975)
    1266 (16.6037, 15.7702) -> 31 (15.6511, 14.9752)
    1267 (13.0207, 15.8167) -> 24 (12.7836, 15.7092)
    1268 (16.3258, 18.5526) -> 199 (15.9543, 18.1201)
    1269 (12.7641, 16.3528) -> 927 (11.6066, 14.7217)
    1270 (1.56905, 0.351522) -> 0 (0, 1)
    1271 (15.3773, 5.10584) -> 427 (14.5033, 5.34975)
    1272 (13.6639, 15.7138) -> 1089 (12.3184, 14.0121)
    1273 (0.125967, 18.2581) -> 42 (1.28279, 17.6134)
    1274 (11.5898, 8.60088) -> 1243 (10.1093, 7.92061)
    1275 (7.13039, 8.11054) -> 196 (6.16098, 6.98842)
    1276 (1.94558, 4.05769) -> 231 (3.89826, 4.99719)
    1277 (-0.702137, 11.2164) -> 1454 (1.21879, 10.6374)
    1278 (5.39867, 15.2877) -> 21 (4.52953, 14.2461)
    1279 (7.41423, 9.18334) -> 1223 (6.13582, 7.44208)
    1280 (16.4809, 9.82828) -> 1281 (14.7534, 8.81343)
    1281 (14.7534, 8.81343) -> 1010 (13.7951, 8.24222)
    1282 (18.3165, 16.6531) -> 2089 (17.38, 15.8426)
    1283 (3.45642, 8.21518) -> 1979 (4.78929, 7.67702)
    1284 (0.53463, 6.75892) -> 7 (1.79466, 6.77991)
    1285 (13.5589, 15.7919) -> 2121 (12.3114, 14.5013)
    1286 (21.0652, 10.6465) -> 1112 (19.4711, 9.95382)
    1287 (12.7636, 9.01534) -> 1166 (11.8719, 8.4235)
    1288 (20.7152, 16.7353) -> 278 (19.2208, 15.9242)
    1289 (0.649164, 14.5444) -> 142 (2.27804, 13.9476)
    1290 (2.87765, 7.14991) -> 1027 (4.78682, 7.78659)
    1291 (5.29119, 17.3604) -> 23 (4.68044, 16.2404)
    1292 (21.2362, 10.7087) -> 1112 (19.4711, 9.95382)
    1293 (1.34742, 3.42508) -> 2 (2.8124, 3.84411)
    1294 (7.52507, 15.3666) -> 622 (6.48885, 13.5128)
    1295 (14.2308, 2.9395) -> 221 (12.2579, 3.42096)
    1296 (13.9921, 13.9242) -> 402 (12.4851, 12.6093)
    1297 (19.8833, 11.9401) -> 2435 (19.1034, 11.4101)
    1298 (15.3791, 16.6721) -> 198 (14.5738, 15.9787)
    1299 (2.95722, 9.23675) -> 886 (4.2841, 7.88242)
    1300 (16.938, 14.6233) -> 897 (15.1254, 13.3499)
    1301 (12.4488, 12.8421) -> 690 (11.1911, 11.8429)
    1302 (11.7746, 5.96992) -> 9 (10.2208, 5.14155)
    1303 (5.71138, 16.6571) -> 721 (5.85196, 14.662)
    1304 (1.07558, 2.99227) -> 2 (2.8124, 3.84411)
    1305 (14.6592, 5.74875) -> 2452 (13.8802, 5.49298)
    1306 (2.0123, 20.7065) -> 85 (3.8356, 19.8046)
    1307 (20.7157, 2.41708) -> 104 (19.3101, 2.48338)
    1308 (12.1902, 1.98459) -> 79 (11.0488, 3.25752)
    1309 (15.4128, 4.20696) -> 1788 (14.5358, 4.17058)
    1310 (4.16281, 5.20551) -> 4 (5.46501, 6.06124)
    1311 (11.9853, 4.54449) -> 307 (10.6037, 3.73958)
    1312 (1.6375, 2.06899) -> 0 (0, 1)
    1313 (1.45538, 12.1906) -> 263 (2.49613, 10.2885)
    1314 (13.1519, 15.9309) -> 24 (12.7836, 15.7092)
    1315 (12.3662, 14.653) -> 2050 (11.2934, 13.3489)
    1316 (19.3105, 14.8768) -> 1374 (18.1995, 14.0304)
    1317 (21.4753, 21.2862) -> 100 (20.3135, 19.6582)
    1318 (20.1411, 13.6586) -> 1085 (18.2522, 12.6142)
    1319 (4.02269, 13.3033) -> 105 (4.71964, 12.2551)
    1320 (17.2132, -1.54338) -> 229 (16.5544, -0.413776)
    1321 (0.491601, 5.5491) -> 7 (1.79466, 6.77991)
    1322 (2.82453, 7.15934) -> 1027 (4.78682, 7.78659)
    1323 (19.1115, 1.7136) -> 428 (17.1132, 1.63096)
    1324 (11.9224, 12.9563) -> 393 (10.8646, 11.8002)
    1325 (19.9998, 4.81214) -> 344 (18.5987, 5.72674)
    1326 (15.847, 16.649) -> 1854 (15.588, 16.1595)
    1327 (10.0833, 5.61062) -> 70 (8.41334, 4.51004)
    1328 (11.671, 7.45635) -> 1914 (11.312, 7.18963)
    1329 (-1.27121, 6.01771) -> 288 (0.408841, 4.70995)
    1330 (11.586, -0.534571) -> 381 (10.9047, 1.2028)
    1331 (15.0323, 10.4719) -> 162 (13.1958, 9.25628)
    1332 (17.683, 5.13744) -> 1011 (16.1005, 5.20798)
    1333 (16.4181, 3.23336) -> 285 (15.4556, 3.00761)
    1334 (19.4559, 6.9905) -> 96 (19.2085, 6.98472)
    1335 (14.1197, 12.7639) -> 80 (13.3406, 12.1141)
    1336 (17.5894, 14.7672) -> 730 (16.8042, 14.437)
    1337 (2.14155, 9.54324) -> 165 (3.56269, 8.19622)
    1338 (15.3542, 2.24642) -> 1574 (14.2819, 3.0674)
    1339 (15.4653, 9.79537) -> 1856 (13.8665, 8.95208)
    1340 (16.91, 17.7697) -> 39 (16.1316, 16.9166)
    1341 (16.4069, 15.5423) -> 31 (15.6511, 14.9752)
    1342 (1.94524, 11.9499) -> 1578 (3.09492, 10.6534)
    1343 (19.8179, 18.7361) -> 98 (19.0929, 18.0739)
    1344 (16.2924, 18.8966) -> 2177 (15.4685, 17.7871)
    1345 (18.7047, 7.72407) -> 72 (16.7206, 6.82677)
    1346 (4.97802, 14.688) -> 21 (4.52953, 14.2461)
    1347 (11.8032, 7.38458) -> 1914 (11.312, 7.18963)
    1348 (17.2912, 11.9774) -> 808 (16.555, 11.4724)
    1349 (17.02, 3.75431) -> 2385 (15.6198, 4.15613)
    1350 (11.9349, 10.3529) -> 2460 (10.6069, 9.32359)
    1351 (12.7913, 8.06391) -> 158 (11.6027, 7.49041)
    1352 (4.94236, 20.3174) -> 1469 (6.4821, 19.5379)
    1353 (20.0919, 2.27785) -> 404 (18.1274, 2.09261)
    1354 (1.80287, 8.99586) -> 165 (3.56269, 8.19622)
    1355 (6.00945, 16.8488) -> 23 (4.68044, 16.2404)
    1356 (17.8895, 16.0062) -> 174 (17.5108, 15.7111)
    1357 (8.69812, 6.83698) -> 16 (8.29893, 5.83864)
    1358 (6.09918, 2.04854) -> 41 (6.45412, 4.10821)
    1359 (14.4631, 5.37236) -> 2328 (13.215, 5.09264)
    1360 (8.31006, 14.6197) -> 430 (7.25409, 12.7678)
    1361 (18.0509, 19.9212) -> 1676 (16.974, 18.4731)
    1362 (3.37849, 1.86802) -> 15 (4.69234, 3.16158)
    1363 (4.2028, 3.59585) -> 1378 (5.79283, 4.84901)
    1364 (20.8103, 8.23819) -> 2429 (19.5402, 8.46498)
    1365 (5.06845, 18.0632) -> 23 (4.68044, 16.2404)
    1366 (18.7394, 5.60865) -> 815 (16.5994, 5.7773)
    1367 (2.27183, 19.316) -> 33 (3.28199, 17.6702)
    1368 (1.73905, -0.569579) -> 507 (3.1197, -0.0372897)
    1369 (20.3311, 3.34611) -> 967 (18.3506, 3.13424)
    1370 (10.1786, 11.5176) -> 2203 (9.29974, 10.5179)
    1371 (8.0276, -1.27209) -> 474 (7.52571, 0.764347)
    1372 (10.3727, 14.8133) -> 256 (9.14089, 13.1392)
    1373 (16.4216, 1.04857) -> 1782 (15.8965, 2.74313)
    1374 (18.1995, 14.0304) -> 1146 (16.6004, 12.7811)
    1375 (16.5356, 6.46757) -> 667 (16.3513, 6.40496)
    1376 (4.23901, 21.4379) -> 85 (3.8356, 19.8046)
    1377 (20.3413, 13.8869) -> 1601 (19.6534, 13.4444)
    1378 (5.79283, 4.84901) -> 4 (5.46501, 6.06124)
    1379 (8.86278, 2.18169) -> 940 (8.49078, 4.29286)
    1380 (13.6717, 7.31372) -> 903 (13.2746, 7.25783)
    1381 (21.2275, 14.1268) -> 1060 (19.9381, 13.5464)
    1382 (-0.0784641, 19.54) -> 46 (1.62308, 19.5843)
    1383 (-0.0315547, 20.7077) -> 46 (1.62308, 19.5843)
    1384 (8.56122, 18.4237) -> 191 (7.9507, 17.2155)
    1385 (17.3231, 19.5844) -> 1176 (16.0084, 18.0577)
    1386 (8.06072, 15.8708) -> 1246 (7.35985, 14.9542)
    1387 (10.7572, 9.42821) -> 2460 (10.6069, 9.32359)
    1388 (3.05331, 14.8251) -> 21 (4.52953, 14.2461)
    1389 (5.06372, 20.349) -> 1469 (6.4821, 19.5379)
    1390 (8.75754, 19.3834) -> 1701 (8.68381, 19.1365)
    1391 (6.20703, 15.654) -> 721 (5.85196, 14.662)
    1392 (18.1503, 10.7949) -> 1280 (16.4809, 9.82828)
    1393 (15.1842, 16.6602) -> 198 (14.5738, 15.9787)
    1394 (3.62861, 5.00016) -> 4 (5.46501, 6.06124)
    1395 (8.03682, 13.728) -> 1621 (7.49546, 13.0233)
    1396 (10.6902, 1.99959) -> 607 (9.20517, 3.01733)
    1397 (19.9714, 15.9329) -> 669 (18.8529, 15.2003)
    1398 (19.5281, 0.807822) -> 404 (18.1274, 2.09261)
    1399 (19.909, 12.4691) -> 1980 (18.8799, 11.609)
    1400 (3.31139, 0.468907) -> 91 (5.06319, 0.578277)
    1401 (3.8755, 7.91184) -> 1979 (4.78929, 7.67702)
    1402 (5.34488, 9.01163) -> 1976 (5.53455, 8.32187)
    1403 (9.02953, 15.6177) -> 590 (8.89049, 15.2736)
    1404 (19.5173, 14.8442) -> 1119 (18.1647, 13.965)
    1405 (13.0872, 12.5667) -> 335 (12.9617, 12.5277)
    1406 (9.05155, 3.15278) -> 70 (8.41334, 4.51004)
    1407 (5.65282, 9.45842) -> 303 (6.09977, 8.80098)
    1408 (8.46831, -1.00371) -> 254 (8.74156, 1.0718)
    1409 (12.5722, 17.0624) -> 902 (11.7025, 15.7104)
    1410 (3.98051, 5.90559) -> 4 (5.46501, 6.06124)
    1411 (1.19479, 0.11861) -> 0 (0, 1)
    1412 (19.2263, 10.2516) -> 779 (17.3814, 9.34982)
    1413 (16.886, 14.8383) -> 688 (16.1294, 14.2818)
    1414 (18.2723, 0.00110868) -> 338 (16.7643, 1.47353)
    1415 (4.11855, 20.4616) -> 85 (3.8356, 19.8046)
    1416 (14.6772, 0.0701714) -> 1101 (15.0052, 2.15203)
    1417 (5.01947, 8.23079) -> 675 (5.36812, 6.32881)
    1418 (8.5496, 18.5126) -> 191 (7.9507, 17.2155)
    1419 (15.9093, 8.97811) -> 56 (14.3964, 8.23327)
    1420 (13.8608, 5.90817) -> 620 (11.8316, 5.50355)
    1421 (-0.380901, 19.153) -> 46 (1.62308, 19.5843)
    1422 (9.63588, 11.823) -> 803 (8.66229, 10.64)
    1423 (3.97782, 21.0763) -> 85 (3.8356, 19.8046)
    1424 (10.4912, 18.9285) -> 343 (10.3469, 18.6752)
    1425 (12.6566, 15.3539) -> 1162 (11.2791, 14.3782)
    1426 (18.8253, 17.8362) -> 1713 (17.6366, 16.6688)
    1427 (21.1035, 7.43354) -> 96 (19.2085, 6.98472)
    1428 (17.4943, 15.8569) -> 291 (15.7494, 14.7595)
    1429 (7.87713, 8.8713) -> 735 (6.96197, 7.73198)
    1430 (18.9537, 17.4454) -> 1250 (17.7608, 16.3934)
    1431 (3.39022, 6.37592) -> 4 (5.46501, 6.06124)
    1432 (5.86375, 15.5799) -> 764 (5.32932, 14.3962)
    1433 (14.9787, 18.3654) -> 330 (14.1061, 17.3558)
    1434 (9.8164, 17.3245) -> 1819 (9.19482, 15.9553)
    1435 (14.1845, 12.2943) -> 2492 (13.5652, 11.8264)
    1436 (8.87718, 20.726) -> 383 (8.13734, 18.8679)
    1437 (4.85205, 11.888) -> 10 (5.26338, 10.9568)
    1438 (7.09888, 7.2983) -> 4 (5.46501, 6.06124)
    1439 (7.68738, 18.7509) -> 367 (7.57491, 18.1903)
    1440 (19.2357, 5.85516) -> 890 (17.3938, 6.63446)
    1441 (10.7504, 4.73524) -> 1864 (10.2722, 4.70108)
    1442 (-1.32237, -0.353271) -> 0 (0, 1)
    1443 (20.022, 16.2337) -> 669 (18.8529, 15.2003)
    1444 (14.8483, 0.506267) -> 1995 (14.3033, 2.25387)
    1445 (0.716119, 18.8528) -> 42 (1.28279, 17.6134)
    1446 (6.87366, 11.4939) -> 146 (5.99434, 10.6135)
    1447 (12.4916, 11.0679) -> 279 (11.9609, 10.6488)
    1448 (14.752, 7.11573) -> 17 (13.3548, 6.52593)
    1449 (19.3175, 20.061) -> 577 (17.688, 19.1174)
    1450 (15.6127, -0.16168) -> 812 (14.978, 1.06548)
    1451 (-0.000826321, -1.3809) -> 1411 (1.19479, 0.11861)
    1452 (12.5156, 8.69055) -> 331 (12.1704, 8.30992)
    1453 (6.63849, 1.69451) -> 36 (6.68377, 2.97662)
    1454 (1.21879, 10.6374) -> 22 (1.62626, 8.7728)
    1455 (6.0066, 4.03043) -> 4 (5.46501, 6.06124)
    1456 (15.848, 7.3571) -> 1563 (15.2741, 7.21406)
    1457 (6.71559, 0.608276) -> 55 (6.37805, 2.08531)
    1458 (5.96495, 17.7406) -> 23 (4.68044, 16.2404)
    1459 (5.06924, 10.9729) -> 10 (5.26338, 10.9568)
    1460 (19.5139, 3.10477) -> 1706 (17.9749, 4.20444)
    1461 (9.43136, 8.51089) -> 1470 (8.63944, 8.11168)
    1462 (17.8767, 1.86495) -> 1829 (16.1995, 2.46685)
    1463 (2.67095, -1.31756) -> 507 (3.1197, -0.0372897)
    1464 (21.6439, 13.4537) -> 356 (20.2434, 12.8015)
    1465 (6.73442, 10.6721) -> 6 (6.19415, 9.18658)
    1466 (13.446, 18.188) -> 306 (13.1953, 17.8091)
    1467 (17.2862, 17.216) -> 701 (16.5957, 16.738)
    1468 (15.4679, 15.2441) -> 1296 (13.9921, 13.9242)
    1469 (6.4821, 19.5379) -> 367 (7.57491, 18.1903)
    1470 (8.63944, 8.11168) -> 1978 (7.56002, 7.50459)
    1471 (6.03964, 2.87464) -> 41 (6.45412, 4.10821)
    1472 (11.5141, 6.4084) -> 1715 (10.9571, 6.10922)
    1473 (19.2853, 17.7813) -> 1037 (18.2208, 16.9773)
    1474 (3.85392, 9.27471) -> 371 (3.99905, 9.07928)
    1475 (6.78006, 10.1074) -> 6 (6.19415, 9.18658)
    1476 (21.3067, 15.7376) -> 756 (20.0014, 14.8538)
    1477 (14.2227, 10.3191) -> 1620 (13.096, 9.75284)
    1478 (6.83809, 13.446) -> 825 (6.64765, 13.1593)
    1479 (6.12965, 4.13179) -> 4 (5.46501, 6.06124)
    1480 (14.2854, 14.7879) -> 726 (13.2785, 13.6356)
    1481 (18.6447, 19.0675) -> 860 (16.9122, 17.9475)
    1482 (2.70524, 11.9938) -> 107 (4.01522, 10.6773)
    1483 (1.88653, 15.0051) -> 128 (3.33203, 13.7666)
    1484 (2.01891, 9.08466) -> 165 (3.56269, 8.19622)
    1485 (6.1246, 16.9991) -> 206 (6.59841, 16.3035)
    1486 (6.85931, 2.79328) -> 41 (6.45412, 4.10821)
    1487 (15.3935, 0.339535) -> 1101 (15.0052, 2.15203)
    1488 (15.264, 2.2125) -> 1574 (14.2819, 3.0674)
    1489 (5.99157, 17.767) -> 23 (4.68044, 16.2404)
    1490 (14.1817, 2.76908) -> 221 (12.2579, 3.42096)
    1491 (16.7361, 17.5016) -> 1854 (15.588, 16.1595)
    1492 (9.70223, 9.86567) -> 2011 (8.52185, 8.7037)
    1493 (18.8279, 15.9421) -> 538 (17.3056, 14.9502)
    1494 (7.98509, 8.27901) -> 5 (6.99215, 7.35269)
    1495 (6.1355, 4.35679) -> 4 (5.46501, 6.06124)
    1496 (8.54377, 22.0881) -> 118 (10.2211, 20.9026)
    1497 (17.4996, 18.818) -> 683 (16.6441, 18.0272)
    1498 (17.2691, 9.60429) -> 1419 (15.9093, 8.97811)
    1499 (17.4263, 13.2747) -> 609 (16.5598, 12.5537)
    1500 (14.5631, 10.3305) -> 162 (13.1958, 9.25628)
    1501 (13.6109, 3.45278) -> 1311 (11.9853, 4.54449)
    1502 (13.1236, 20.5538) -> 1187 (12.1241, 18.7168)
    1503 (20.821, 14.2627) -> 411 (19.1614, 13.2243)
    1504 (7.50876, 11.1121) -> 1475 (6.78006, 10.1074)
    1505 (14.6226, 10.0757) -> 162 (13.1958, 9.25628)
    1506 (22.0392, 5.59469) -> 415 (20.183, 6.33913)
    1507 (2.18286, 2.21583) -> 135 (3.57235, 3.7261)
    1508 (12.8752, 18.2252) -> 1777 (11.849, 16.9187)
    1509 (5.72005, 9.52862) -> 303 (6.09977, 8.80098)
    1510 (10.1084, 0.6169) -> 243 (11.1008, 2.43449)
    1511 (2.08297, 15.9055) -> 142 (2.27804, 13.9476)
    1512 (18.3793, 16.6046) -> 2089 (17.38, 15.8426)
    1513 (5.31125, 0.492525) -> 55 (6.37805, 2.08531)
    1514 (17.7694, 6.8699) -> 667 (16.3513, 6.40496)
    1515 (6.31643, 2.49748) -> 41 (6.45412, 4.10821)
    1516 (14.3349, 13.8002) -> 335 (12.9617, 12.5277)
    1517 (0.302985, 0.579345) -> 0 (0, 1)
    1518 (22.0435, 0.921452) -> 1078 (20.0685, 0.934595)
    1519 (12.9831, 18.9946) -> 531 (11.7517, 17.4024)
    1520 (4.28646, 16.3964) -> 23 (4.68044, 16.2404)
    1521 (1.98481, 19.5197) -> 42 (1.28279, 17.6134)
    1522 (19.4082, 18.0457) -> 327 (18.6308, 17.417)
    1523 (19.7723, 1.68435) -> 404 (18.1274, 2.09261)
    1524 (7.29053, -0.810449) -> 140 (5.82466, 0.653523)
    1525 (13.2701, 6.58057) -> 1302 (11.7746, 5.96992)
    1526 (17.4453, -0.226575) -> 338 (16.7643, 1.47353)
    1527 (10.4075, 2.74379) -> 584 (9.0687, 3.50671)
    1528 (-0.877146, 14.41) -> 52 (0.752174, 15.6851)
    1529 (8.83001, 13.9888) -> 1212 (8.09673, 13.0674)
    1530 (19.3474, -1.38118) -> 179 (19.315, 0.483384)
    1531 (2.31422, 4.332) -> 3 (3.49355, 5.72455)
    1532 (5.27603, 12.855) -> 105 (4.71964, 12.2551)
    1533 (2.20233, 6.58517) -> 3 (3.49355, 5.72455)
    1534 (14.415, 17.8397) -> 330 (14.1061, 17.3558)
    1535 (14.841, 16.8604) -> 245 (14.2816, 16.1565)
    1536 (-0.987003, 7.90329) -> 485 (0.574289, 7.30539)
    1537 (0.815467, 15.7261) -> 51 (2.77714, 15.626)
    1538 (6.4352, 9.15831) -> 303 (6.09977, 8.80098)
    1539 (22.5642, 13.8451) -> 1117 (20.5704, 13.3235)
    1540 (8.00136, 8.691) -> 109 (6.84403, 7.50979)
    1541 (1.57264, 2.07159) -> 0 (0, 1)
    1542 (20.584, 8.2985) -> 1345 (18.7047, 7.72407)
    1543 (14.4678, 18.8004) -> 321 (13.9565, 18.0263)
    1544 (15.3999, 10.1677) -> 2325 (14.1623, 9.25261)
    1545 (16.4694, 8.32052) -> 54 (14.7379, 7.4993)
    1546 (10.4605, 17.2092) -> 747 (10.0308, 16.2152)
    1547 (9.38213, 1.36529) -> 43 (7.72716, 1.27036)
    1548 (14.7976, 1.83709) -> 1574 (14.2819, 3.0674)
    1549 (9.30927, 5.00538) -> 1639 (7.73704, 4.68201)
    1550 (1.11448, 7.38222) -> 22 (1.62626, 8.7728)
    1551 (17.4235, 9.6134) -> 1419 (15.9093, 8.97811)
    1552 (4.0113, 20.643) -> 85 (3.8356, 19.8046)
    1553 (20.0975, 19.3779) -> 98 (19.0929, 18.0739)
    1554 (5.81366, 7.96583) -> 4 (5.46501, 6.06124)
    1555 (7.8201, 9.26708) -> 1275 (7.13039, 8.11054)
    1556 (0.813353, 12.5512) -> 86 (2.47885, 11.9577)
    1557 (3.79889, 19.841) -> 63 (5.03988, 18.2078)
    1558 (0.44196, 8.38709) -> 22 (1.62626, 8.7728)
    1559 (1.76951, 7.00454) -> 123 (3.18698, 8.20396)
    1560 (4.85289, 9.96571) -> 617 (5.16082, 8.60137)
    1561 (10.8929, 12.6499) -> 1599 (9.81743, 11.7093)
    1562 (12.9894, 2.7737) -> 79 (11.0488, 3.25752)
    1563 (15.2741, 7.21406) -> 17 (13.3548, 6.52593)
    1564 (5.4903, -1.49243) -> 154 (6.6878, 0.109441)
    1565 (6.558, 11.2912) -> 146 (5.99434, 10.6135)
    1566 (5.06241, 3.02406) -> 41 (6.45412, 4.10821)
    1567 (2.55754, 20.0431) -> 186 (2.40798, 18.4039)
    1568 (14.6528, 6.31406) -> 2481 (14.1676, 6.20576)
    1569 (13.6734, 15.5962) -> 2441 (12.7943, 14.5452)
    1570 (5.09212, 19.7981) -> 1469 (6.4821, 19.5379)
    1571 (8.7452, 17.5747) -> 795 (7.98455, 16.0421)
    1572 (9.05952, 20.3751) -> 264 (8.74033, 19.5048)
    1573 (5.28033, 1.67452) -> 36 (6.68377, 2.97662)
    1574 (14.2819, 3.0674) -> 1153 (13.1343, 4.53812)
    1575 (3.10186, 4.50206) -> 3 (3.49355, 5.72455)
    1576 (11.0206, 2.57801) -> 671 (10.4006, 4.2846)
    1577 (17.0136, 17.8118) -> 39 (16.1316, 16.9166)
    1578 (3.09492, 10.6534) -> 371 (3.99905, 9.07928)
    1579 (20.23, 1.19768) -> 104 (19.3101, 2.48338)
    1580 (10.4674, 16.1732) -> 881 (9.33426, 14.5141)
    1581 (2.04044, 15.1444) -> 128 (3.33203, 13.7666)
    1582 (11.0845, 10.96) -> 178 (10.5056, 10.4619)
    1583 (7.84083, 20.7586) -> 383 (8.13734, 18.8679)
    1584 (-1.01165, 11.7347) -> 88 (0.500868, 10.4261)
    1585 (15.8807, 4.47854) -> 1618 (15.0658, 4.49349)
    1586 (12.309, 4.38637) -> 307 (10.6037, 3.73958)
    1587 (11.5127, 5.47546) -> 9 (10.2208, 5.14155)
    1588 (2.8829, 15.3654) -> 21 (4.52953, 14.2461)
    1589 (14.8771, 7.61671) -> 54 (14.7379, 7.4993)
    1590 (0.768408, 2.71288) -> 0 (0, 1)
    1591 (4.74541, 18.5814) -> 33 (3.28199, 17.6702)
    1592 (13.0636, 15.7797) -> 1973 (11.6134, 14.6809)
    1593 (9.25801, 19.2207) -> 480 (9.23023, 19.1392)
    1594 (11.7696, 20.5844) -> 29 (10.984, 19.0539)
    1595 (6.76651, 6.21974) -> 4 (5.46501, 6.06124)
    1596 (2.50049, 12.563) -> 1578 (3.09492, 10.6534)
    1597 (9.52191, 16.5053) -> 590 (8.89049, 15.2736)
    1598 (15.2796, 20.8179) -> 837 (15.0248, 19.9329)
    1599 (9.81743, 11.7093) -> 803 (8.66229, 10.64)
    1600 (8.00772, -0.60895) -> 43 (7.72716, 1.27036)
    1601 (19.6534, 13.4444) -> 1085 (18.2522, 12.6142)
    1602 (17.4714, 8.68049) -> 679 (16.4181, 8.20621)
    1603 (19.7136, 12.0791) -> 1980 (18.8799, 11.609)
    1604 (3.76908, 5.91467) -> 4 (5.46501, 6.06124)
    1605 (21.636, 2.41022) -> 980 (19.7685, 3.09831)
    1606 (15.488, 7.28673) -> 1563 (15.2741, 7.21406)
    1607 (21.619, 2.45226) -> 980 (19.7685, 3.09831)
    1608 (12.0835, 0.302632) -> 381 (10.9047, 1.2028)
    1609 (4.6148, 9.66939) -> 1946 (4.93207, 8.2807)
    1610 (7.38437, 18.5524) -> 367 (7.57491, 18.1903)
    1611 (7.49693, 11.3486) -> 1475 (6.78006, 10.1074)
    1612 (12.2253, 12.6112) -> 602 (11.0859, 11.518)
    1613 (18.0135, 14.0902) -> 1146 (16.6004, 12.7811)
    1614 (3.01654, 9.76095) -> 165 (3.56269, 8.19622)
    1615 (15.8429, 12.4564) -> 1660 (14.831, 11.3675)
    1616 (18.17, 17.8899) -> 35 (16.9763, 16.4731)
    1617 (6.30549, 13.7539) -> 11 (5.94791, 12.836)
    1618 (15.0658, 4.49349) -> 1153 (13.1343, 4.53812)
    1619 (6.0303, 4.87462) -> 4 (5.46501, 6.06124)
    1620 (13.096, 9.75284) -> 239 (12.0622, 9.20607)
    1621 (7.49546, 13.0233) -> 213 (6.85203, 11.8793)
    1622 (3.66825, 2.86006) -> 15 (4.69234, 3.16158)
    1623 (8.87349, -0.92384) -> 254 (8.74156, 1.0718)
    1624 (10.7557, 9.10115) -> 447 (9.96785, 8.6425)
    1625 (5.93968, 2.49727) -> 41 (6.45412, 4.10821)
    1626 (14.8954, 14.6448) -> 1296 (13.9921, 13.9242)
    1627 (21.2882, 19.72) -> 100 (20.3135, 19.6582)
    1628 (12.9717, 8.73821) -> 331 (12.1704, 8.30992)
    1629 (3.81606, 11.7911) -> 107 (4.01522, 10.6773)
    1630 (18.4237, 10.1313) -> 1498 (17.2691, 9.60429)
    1631 (10.872, 0.477867) -> 243 (11.1008, 2.43449)
    1632 (12.3151, 0.955336) -> 243 (11.1008, 2.43449)
    1633 (8.94642, 17.1155) -> 2193 (8.2146, 16.1464)
    1634 (14.718, 7.77579) -> 903 (13.2746, 7.25783)
    1635 (21.7727, 12.0309) -> 773 (19.8574, 11.4549)
    1636 (10.5061, 12.7888) -> 1422 (9.63588, 11.823)
    1637 (8.88885, 11.8466) -> 19 (8.86472, 11.8203)
    1638 (16.0216, 16.6473) -> 1854 (15.588, 16.1595)
    1639 (7.73704, 4.68201) -> 41 (6.45412, 4.10821)
    1640 (16.7426, 15.4473) -> 291 (15.7494, 14.7595)
    1641 (11.4454, 8.41376) -> 1243 (10.1093, 7.92061)
    1642 (2.38462, 7.91164) -> 886 (4.2841, 7.88242)
    1643 (19.0098, 6.05598) -> 890 (17.3938, 6.63446)
    1644 (8.37742, 8.33975) -> 1438 (7.09888, 7.2983)
    1645 (22.4005, 15.8246) -> 183 (22.0397, 14.4671)
    1646 (1.08497, 2.52327) -> 0 (0, 1)
    1647 (7.69105, 13.9975) -> 203 (7.16706, 12.8777)
    1648 (14.9965, 9.84117) -> 2325 (14.1623, 9.25261)
    1649 (-1.67359, 9.97866) -> 368 (0.252642, 10.0229)
    1650 (5.54964, 1.69697) -> 36 (6.68377, 2.97662)
    1651 (12.0613, 5.90637) -> 9 (10.2208, 5.14155)
    1652 (8.83101, 2.57058) -> 70 (8.41334, 4.51004)
    1653 (10.6742, 10.7959) -> 30 (10.3501, 10.4811)
    1654 (18.331, 16.6246) -> 2089 (17.38, 15.8426)
    1655 (7.26792, 20.549) -> 1610 (7.38437, 18.5524)
    1656 (19.4669, 8.81486) -> 2306 (18.6477, 8.52492)
    1657 (1.80771, 5.18634) -> 3 (3.49355, 5.72455)
    1658 (4.25423, 9.4447) -> 1027 (4.78682, 7.78659)
    1659 (9.78307, 9.73657) -> 2011 (8.52185, 8.7037)
    1660 (14.831, 11.3675) -> 832 (13.3553, 10.4595)
    1661 (11.8894, 8.65008) -> 1243 (10.1093, 7.92061)
    1662 (8.92358, 10.4896) -> 1679 (7.90259, 9.11914)
    1663 (6.86127, 10.0924) -> 6 (6.19415, 9.18658)
    1664 (4.20897, 13.7105) -> 105 (4.71964, 12.2551)
    1665 (2.88506, 6.85681) -> 886 (4.2841, 7.88242)
    1666 (0.250754, 16.7074) -> 52 (0.752174, 15.6851)
    1667 (12.536, 1.3234) -> 243 (11.1008, 2.43449)
    1668 (2.88604, 4.70076) -> 3 (3.49355, 5.72455)
    1669 (5.15119, 1.56628) -> 55 (6.37805, 2.08531)
    1670 (21.6381, 11.4638) -> 773 (19.8574, 11.4549)
    1671 (3.13964, 12.6152) -> 105 (4.71964, 12.2551)
    1672 (-0.55661, 18.3987) -> 42 (1.28279, 17.6134)
    1673 (11.0305, 11.0073) -> 178 (10.5056, 10.4619)
    1674 (8.73802, 10.0358) -> 1679 (7.90259, 9.11914)
    1675 (13.4892, 14.4932) -> 2045 (12.3815, 13.45)
    1676 (16.974, 18.4731) -> 683 (16.6441, 18.0272)
    1677 (6.32943, 2.48485) -> 41 (6.45412, 4.10821)
    1678 (11.9723, 17.6922) -> 531 (11.7517, 17.4024)
    1679 (7.90259, 9.11914) -> 1275 (7.13039, 8.11054)
    1680 (19.59, -0.30732) -> 729 (18.4108, 1.07446)
    1681 (2.20272, 4.15444) -> 231 (3.89826, 4.99719)
    1682 (11.6266, 18.9063) -> 2128 (10.8987, 17.5735)
    1683 (10.5419, 3.15997) -> 1767 (9.63105, 4.83114)
    1684 (10.3314, 14.3793) -> 1131 (10.2505, 14.1352)
    1685 (7.72376, 10.0205) -> 1953 (7.27071, 9.78108)
    1686 (16.6197, 0.546428) -> 856 (16.4986, 2.19381)
    1687 (5.63568, 8.78057) -> 479 (5.53085, 6.78332)
    1688 (12.9796, 1.74905) -> 221 (12.2579, 3.42096)
    1689 (17.0511, 16.1904) -> 31 (15.6511, 14.9752)
    1690 (15.2741, 7.30184) -> 1448 (14.752, 7.11573)
    1691 (1.84755, 20.079) -> 186 (2.40798, 18.4039)
    1692 (18.5932, 2.35759) -> 1240 (16.926, 2.49756)
    1693 (4.90257, 8.93664) -> 1417 (5.01947, 8.23079)
    1694 (16.5509, 9.2481) -> 1419 (15.9093, 8.97811)
    1695 (5.40469, 17.3243) -> 23 (4.68044, 16.2404)
    1696 (-0.829278, 14.4608) -> 52 (0.752174, 15.6851)
    1697 (9.78428, 0.757108) -> 172 (9.18796, 2.66614)
    1698 (8.9233, 7.63833) -> 777 (7.54759, 6.87355)
    1699 (22.1795, 6.22228) -> 415 (20.183, 6.33913)
    1700 (13.0359, 19.7226) -> 1932 (12.4821, 18.6747)
    1701 (8.68381, 19.1365) -> 974 (7.81663, 17.355)
    1702 (15.909, 11.5105) -> 1500 (14.5631, 10.3305)
    1703 (15.4881, 21.5269) -> 837 (15.0248, 19.9329)
    1704 (10.7755, 18.5845) -> 1180 (10.1922, 17.6039)
    1705 (0.893676, 15.3911) -> 142 (2.27804, 13.9476)
    1706 (17.9749, 4.20444) -> 854 (16.7564, 4.87759)
    1707 (10.6676, 15.5638) -> 190 (9.63732, 14.3726)
    1708 (12.7617, 19.9336) -> 1187 (12.1241, 18.7168)
    1709 (8.68372, 2.98991) -> 70 (8.41334, 4.51004)
    1710 (16.8938, 10.3543) -> 1339 (15.4653, 9.79537)
    1711 (8.68869, 6.44108) -> 16 (8.29893, 5.83864)
    1712 (3.66452, 8.23246) -> 1979 (4.78929, 7.67702)
    1713 (17.6366, 16.6688) -> 830 (16.559, 15.7357)
    1714 (-0.136107, 13.2059) -> 328 (1.13831, 12.3218)
    1715 (10.9571, 6.10922) -> 545 (9.55903, 5.25031)
    1716 (18.0483, 7.80975) -> 889 (16.7344, 7.38066)
    1717 (10.5356, 20.7594) -> 215 (10.3622, 20.6751)
    1718 (4.2015, 11.4684) -> 107 (4.01522, 10.6773)
    1719 (17.8268, 2.47174) -> 985 (17.2489, 4.2751)
    1720 (10.5188, 20.4198) -> 1783 (9.64839, 18.8775)
    1721 (-1.18024, 17.0449) -> 176 (-0.0529274, 16.1249)
    1722 (12.29, 2.20925) -> 79 (11.0488, 3.25752)
    1723 (11.6852, 4.11561) -> 2379 (10.1767, 4.26779)
    1724 (8.87518, 19.3588) -> 722 (8.19654, 17.7358)
    1725 (12.5887, 15.9033) -> 1771 (11.3482, 14.5121)
    1726 (3.66602, 3.10053) -> 15 (4.69234, 3.16158)
    1727 (2.22779, 3.57268) -> 135 (3.57235, 3.7261)
    1728 (12.7425, 10.6793) -> 2198 (11.826, 9.55942)
    1729 (10.5022, 11.6353) -> 337 (9.49792, 10.3253)
    1730 (7.32738, 11.2213) -> 518 (6.51305, 9.78676)
    1731 (13.1225, 12.1232) -> 1040 (11.6837, 10.9989)
    1732 (0.648074, 9.37299) -> 22 (1.62626, 8.7728)
    1733 (17.111, 9.31711) -> 209 (16.239, 8.94766)
    1734 (3.8951, 5.99639) -> 4 (5.46501, 6.06124)
    1735 (11.093, 17.9053) -> 2128 (10.8987, 17.5735)
    1736 (15.6019, 10.6245) -> 1505 (14.6226, 10.0757)
    1737 (16.4762, 17.0476) -> 1854 (15.588, 16.1595)
    1738 (3.9717, 17.2301) -> 23 (4.68044, 16.2404)
    1739 (12.0793, 7.57552) -> 1914 (11.312, 7.18963)
    1740 (17.7651, 10.8374) -> 1710 (16.8938, 10.3543)
    1741 (19.4633, 9.92543) -> 2135 (17.8312, 9.34942)
    1742 (6.615, 7.18748) -> 4 (5.46501, 6.06124)
    1743 (8.50412, 21.4151) -> 264 (8.74033, 19.5048)
    1744 (20.1061, 1.04956) -> 104 (19.3101, 2.48338)
    1745 (14.2776, 1.25792) -> 1574 (14.2819, 3.0674)
    1746 (1.57268, 4.34908) -> 267 (2.95423, 5.3932)
    1747 (11.9833, 12.3547) -> 602 (11.0859, 11.518)
    1748 (4.46103, 11.7835) -> 107 (4.01522, 10.6773)
    1749 (4.67041, 16.2706) -> 23 (4.68044, 16.2404)
    1750 (16.6399, 15.4022) -> 291 (15.7494, 14.7595)
    1751 (18.9257, 2.46301) -> 1240 (16.926, 2.49756)
    1752 (5.31776, 4.97277) -> 4 (5.46501, 6.06124)
    1753 (2.176, 19.8483) -> 186 (2.40798, 18.4039)
    1754 (6.56645, 2.49262) -> 41 (6.45412, 4.10821)
    1755 (2.72777, 18.7075) -> 33 (3.28199, 17.6702)
    1756 (7.60564, 9.63263) -> 768 (7.48093, 9.43025)
    1757 (3.21592, 6.22651) -> 200 (4.80955, 6.63246)
    1758 (12.2002, 10.152) -> 1001 (10.5847, 9.21198)
    1759 (12.8354, 17.538) -> 1409 (12.5722, 17.0624)
    1760 (16.9653, 18.5342) -> 683 (16.6441, 18.0272)
    1761 (10.7656, 2.5075) -> 671 (10.4006, 4.2846)
    1762 (2.31968, 9.56758) -> 165 (3.56269, 8.19622)
    1763 (3.50738, 4.80093) -> 957 (4.84398, 5.98514)
    1764 (5.33145, 1.94474) -> 36 (6.68377, 2.97662)
    1765 (13.1297, 8.57564) -> 67 (11.7167, 7.67337)
    1766 (17.6674, 9.04526) -> 1219 (16.653, 8.67091)
    1767 (9.63105, 4.83114) -> 70 (8.41334, 4.51004)
    1768 (4.56398, 1.3462) -> 15 (4.69234, 3.16158)
    1769 (19.6738, 8.81368) -> 2306 (18.6477, 8.52492)
    1770 (10.2777, 9.97721) -> 508 (10.215, 9.90866)
    1771 (11.3482, 14.5121) -> 919 (10.8266, 13.9826)
    1772 (18.2086, 5.70337) -> 2054 (16.5658, 5.73049)
    1773 (15.4134, 15.2252) -> 1296 (13.9921, 13.9242)
    1774 (10.8312, -0.946995) -> 250 (11.6734, 0.634571)
    1775 (7.09612, 17.6367) -> 206 (6.59841, 16.3035)
    1776 (12.0317, 12.6979) -> 690 (11.1911, 11.8429)
    1777 (11.849, 16.9187) -> 1707 (10.6676, 15.5638)
    1778 (2.69042, 13.9827) -> 21 (4.52953, 14.2461)
    1779 (2.47148, 11.5793) -> 107 (4.01522, 10.6773)
    1780 (15.3389, 1.95754) -> 1574 (14.2819, 3.0674)
    1781 (12.5552, 9.24141) -> 912 (11.4588, 8.6147)
    1782 (15.8965, 2.74313) -> 285 (15.4556, 3.00761)
    1783 (9.64839, 18.8775) -> 1046 (8.78267, 17.3791)
    1784 (3.53461, 1.44794) -> 286 (4.70822, 2.66479)
    1785 (7.40814, 2.39202) -> 36 (6.68377, 2.97662)
    1786 (4.1495, 9.08038) -> 1979 (4.78929, 7.67702)
    1787 (10.8601, 20.9872) -> 215 (10.3622, 20.6751)
    1788 (14.5358, 4.17058) -> 1153 (13.1343, 4.53812)
    1789 (12.7588, 9.82147) -> 239 (12.0622, 9.20607)
    1790 (3.0928, 0.921123) -> 91 (5.06319, 0.578277)
    1791 (10.7603, 2.24373) -> 607 (9.20517, 3.01733)
    1792 (15.3809, 17.2971) -> 245 (14.2816, 16.1565)
    1793 (10.7251, 17.5629) -> 747 (10.0308, 16.2152)
    1794 (4.53467, 8.79901) -> 1027 (4.78682, 7.78659)
    1795 (0.585684, 9.25463) -> 22 (1.62626, 8.7728)
    1796 (4.7371, 14.6158) -> 21 (4.52953, 14.2461)
    1797 (4.24415, 19.5563) -> 847 (6.17072, 19.6144)
    1798 (2.62859, 14.8677) -> 21 (4.52953, 14.2461)
    1799 (9.53537, -0.787619) -> 73 (9.68822, 0.877601)
    1800 (17.665, 1.34602) -> 569 (16.1812, 2.53462)
    1801 (9.99658, 15.0861) -> 143 (8.8763, 13.5395)
    1802 (5.97547, 3.17524) -> 41 (6.45412, 4.10821)
    1803 (17.6672, 10.6137) -> 2403 (16.4854, 9.8527)
    1804 (1.93249, 20.5597) -> 301 (2.19414, 18.6619)
    1805 (19.7382, 2.28827) -> 404 (18.1274, 2.09261)
    1806 (-0.201796, 13.9677) -> 95 (0.918979, 13.2095)
    1807 (13.914, 10.1004) -> 1620 (13.096, 9.75284)
    1808 (2.70146, 14.4681) -> 21 (4.52953, 14.2461)
    1809 (0.61301, 4.03665) -> 47 (1.33023, 4.34306)
    1810 (16.7991, 6.67625) -> 2081 (15.1479, 6.07411)
    1811 (12.847, -0.736354) -> 250 (11.6734, 0.634571)
    1812 (17.9729, 1.00023) -> 856 (16.4986, 2.19381)
    1813 (19.7309, 0.0436831) -> 180 (17.9725, 0.996524)
    1814 (4.79607, 5.87713) -> 4 (5.46501, 6.06124)
    1815 (9.13745, 22.2014) -> 118 (10.2211, 20.9026)
    1816 (12.8708, 11.2442) -> 58 (12.3158, 10.8498)
    1817 (8.2379, 6.27311) -> 1853 (7.34432, 5.01148)
    1818 (14.1566, 11.5458) -> 2348 (13.2254, 10.5175)
    1819 (9.19482, 15.9553) -> 1360 (8.31006, 14.6197)
    1820 (2.38876, 18.4238) -> 33 (3.28199, 17.6702)
    1821 (13.5841, 18.0132) -> 2442 (12.8363, 17.004)
    1822 (4.1369, 18.1721) -> 33 (3.28199, 17.6702)
    1823 (12.7012, 19.1245) -> 1932 (12.4821, 18.6747)
    1824 (12.9988, 20.918) -> 49 (12.0773, 19.6463)
    1825 (18.7225, 4.59973) -> 292 (16.733, 4.39437)
    1826 (5.30944, 0.557131) -> 55 (6.37805, 2.08531)
    1827 (10.3743, 11.5648) -> 337 (9.49792, 10.3253)
    1828 (7.60949, 20.5098) -> 383 (8.13734, 18.8679)
    1829 (16.1995, 2.46685) -> 285 (15.4556, 3.00761)
    1830 (16.2224, 14.8464) -> 1863 (15.2401, 14.0259)
    1831 (1.80971, 9.82723) -> 22 (1.62626, 8.7728)
    1832 (17.6276, -1.18104) -> 229 (16.5544, -0.413776)
    1833 (17.3587, 19.0702) -> 683 (16.6441, 18.0272)
    1834 (12.5515, 11.3503) -> 115 (11.8295, 10.8039)
    1835 (17.6954, 1.78084) -> 1183 (16.8235, 3.5808)
    1836 (-1.03407, 1.33848) -> 0 (0, 1)
    1837 (14.6932, 4.12754) -> 1153 (13.1343, 4.53812)
    1838 (9.51767, 7.24989) -> 8 (8.84061, 6.589)
    1839 (15.3049, 16.9429) -> 198 (14.5738, 15.9787)
    1840 (10.4616, 11.5378) -> 337 (9.49792, 10.3253)
    1841 (12.758, 15.787) -> 927 (11.6066, 14.7217)
    1842 (20.8221, 14.3704) -> 1601 (19.6534, 13.4444)
    1843 (10.5438, 18.687) -> 910 (9.77656, 17.0606)
    1844 (6.72094, 17.5924) -> 74 (6.27246, 16.6327)
    1845 (13.3337, 13.3953) -> 402 (12.4851, 12.6093)
    1846 (15.5139, 3.03396) -> 285 (15.4556, 3.00761)
    1847 (12.0117, 15.1115) -> 919 (10.8266, 13.9826)
    1848 (15.5114, 10.5531) -> 184 (15.4244, 10.5007)
    1849 (15.6693, 10.5235) -> 522 (14.4163, 9.77094)
    1850 (7.97618, 13.5335) -> 213 (6.85203, 11.8793)
    1851 (10.8971, 15.3536) -> 2161 (10.4934, 14.7572)
    1852 (5.31154, 6.02989) -> 4 (5.46501, 6.06124)
    1853 (7.34432, 5.01148) -> 41 (6.45412, 4.10821)
    1854 (15.588, 16.1595) -> 1480 (14.2854, 14.7879)
    1855 (9.72718, 22.4416) -> 118 (10.2211, 20.9026)
    1856 (13.8665, 8.95208) -> 1765 (13.1297, 8.57564)
    1857 (19.8667, 6.41302) -> 817 (18.6384, 6.96805)
    1858 (17.7886, 4.16099) -> 854 (16.7564, 4.87759)
    1859 (20.4676, 17.4328) -> 500 (19.5393, 16.0195)
    1860 (12.4561, 10.6096) -> 2198 (11.826, 9.55942)
    1861 (4.21991, 4.97719) -> 4 (5.46501, 6.06124)
    1862 (16.4024, 17.6158) -> 1298 (15.3791, 16.6721)
    1863 (15.2401, 14.0259) -> 449 (13.9198, 12.8547)
    1864 (10.2722, 4.70108) -> 70 (8.41334, 4.51004)
    1865 (15.0221, 10.1878) -> 522 (14.4163, 9.77094)
    1866 (17.3228, 10.8288) -> 467 (17.0467, 10.6753)
    1867 (2.98204, 5.17052) -> 3 (3.49355, 5.72455)
    1868 (8.55254, 8.53848) -> 941 (7.58286, 7.74732)
    1869 (1.93748, 13.603) -> 86 (2.47885, 11.9577)
    1870 (15.6924, 3.75087) -> 1788 (14.5358, 4.17058)
    1871 (6.65303, 1.87502) -> 36 (6.68377, 2.97662)
    1872 (22.4582, 9.4495) -> 887 (20.6037, 8.7005)
    1873 (19.137, 21.6006) -> 349 (19.0963, 20.5095)
    1874 (20.7153, 5.92136) -> 96 (19.2085, 6.98472)
    1875 (12.1733, 16.8935) -> 1851 (10.8971, 15.3536)
    1876 (15.8051, 2.56826) -> 285 (15.4556, 3.00761)
    1877 (8.29617, 4.87954) -> 185 (7.34385, 5.37572)
    1878 (10.6377, 13.554) -> 2349 (9.41036, 12.4295)
    1879 (10.0972, 15.4714) -> 881 (9.33426, 14.5141)
    1880 (6.46001, 20.33) -> 1439 (7.68738, 18.7509)
    1881 (11.6493, 10.4932) -> 2444 (10.8109, 9.98388)
    1882 (8.7072, 0.187746) -> 43 (7.72716, 1.27036)
    1883 (7.84192, 1.41838) -> 55 (6.37805, 2.08531)
    1884 (11.8907, 16.548) -> 1851 (10.8971, 15.3536)
    1885 (13.1191, 7.60175) -> 2126 (11.5751, 6.76577)
    1886 (1.93107, 1.52056) -> 0 (0, 1)
    1887 (2.0116, 7.85221) -> 165 (3.56269, 8.19622)
    1888 (15.8708, 2.05413) -> 1574 (14.2819, 3.0674)
    1889 (20.0531, 6.47654) -> 817 (18.6384, 6.96805)
    1890 (2.21565, 15.2835) -> 128 (3.33203, 13.7666)
    1891 (11.1677, 3.11858) -> 671 (10.4006, 4.2846)
    1892 (11.4932, 1.81331) -> 79 (11.0488, 3.25752)
    1893 (21.4922, 17.9444) -> 665 (20.6309, 18.8325)
    1894 (13.2334, 8.41717) -> 67 (11.7167, 7.67337)
    1895 (13.8139, 4.69526) -> 1586 (12.309, 4.38637)
    1896 (9.15482, 6.9994) -> 8 (8.84061, 6.589)
    1897 (2.63812, 12.8054) -> 246 (3.94709, 11.8635)
    1898 (18.8781, 11.5908) -> 333 (17.4004, 10.8099)
    1899 (8.29631, 19.0812) -> 974 (7.81663, 17.355)
    1900 (5.46959, 10.8643) -> 10 (5.26338, 10.9568)
    1901 (11.1193, 13.6597) -> 2097 (10.0204, 12.7379)
    1902 (11.6875, 17.758) -> 700 (11.1503, 16.9165)
    1903 (11.9543, 13.2248) -> 81 (11.3924, 12.5663)
    1904 (1.1886, 6.18875) -> 7 (1.79466, 6.77991)
    1905 (13.3582, 11.0731) -> 1758 (12.2002, 10.152)
    1906 (14.5633, 12.4351) -> 2433 (14.0166, 12.0978)
    1907 (15.9636, 14.9611) -> 291 (15.7494, 14.7595)
    1908 (20.8756, 4.41067) -> 141 (21.4441, 6.04473)
    1909 (21.659, 3.16469) -> 66 (20.0437, 4.34399)
    1910 (8.24356, 16.055) -> 1246 (7.35985, 14.9542)
    1911 (13.052, 7.99964) -> 158 (11.6027, 7.49041)
    1912 (15.1502, 21.0107) -> 426 (13.5572, 19.8014)
    1913 (-0.284037, 16.3134) -> 52 (0.752174, 15.6851)
    1914 (11.312, 7.18963) -> 492 (9.58387, 6.57888)
    1915 (0.916935, 16.7544) -> 52 (0.752174, 15.6851)
    1916 (19.3932, 2.99086) -> 1706 (17.9749, 4.20444)
    1917 (13.9799, 4.56052) -> 1586 (12.309, 4.38637)
    1918 (15.528, 10.3371) -> 522 (14.4163, 9.77094)
    1919 (19.8689, 9.77195) -> 360 (18.6297, 9.02177)
    1920 (4.1408, 7.30106) -> 4 (5.46501, 6.06124)
    1921 (11.9769, 13.1844) -> 81 (11.3924, 12.5663)
    1922 (3.61615, 12.9594) -> 105 (4.71964, 12.2551)
    1923 (1.49815, 12.799) -> 86 (2.47885, 11.9577)
    1924 (1.70391, 2.51091) -> 2 (2.8124, 3.84411)
    1925 (-0.716503, 17.6664) -> 42 (1.28279, 17.6134)
    1926 (4.72826, 16.0655) -> 21 (4.52953, 14.2461)
    1927 (-0.00910067, 19.606) -> 46 (1.62308, 19.5843)
    1928 (18.3212, 5.70383) -> 2054 (16.5658, 5.73049)
    1929 (17.2597, 8.22699) -> 2471 (16.0788, 7.78921)
    1930 (18.028, 12.7089) -> 914 (17.0778, 12.0606)
    1931 (10.126, 9.19722) -> 526 (8.7537, 8.46896)
    1932 (12.4821, 18.6747) -> 1175 (11.6988, 17.3941)
    1933 (14.0369, 9.88783) -> 162 (13.1958, 9.25628)
    1934 (12.7234, 7.73056) -> 1914 (11.312, 7.18963)
    1935 (17.4126, 8.3499) -> 2471 (16.0788, 7.78921)
    1936 (21.8363, 9.41217) -> 887 (20.6037, 8.7005)
    1937 (-0.335679, 14.767) -> 95 (0.918979, 13.2095)
    1938 (12.7554, 1.95725) -> 221 (12.2579, 3.42096)
    1939 (18.566, 1.97943) -> 1240 (16.926, 2.49756)
    1940 (7.29712, 11.4601) -> 2297 (6.65116, 10.1624)
    1941 (19.9108, 13.3035) -> 313 (18.4621, 12.1309)
    1942 (15.4272, 17.9738) -> 796 (14.4703, 16.7794)
    1943 (0.475022, 18.2429) -> 42 (1.28279, 17.6134)
    1944 (20.4905, -1.24395) -> 266 (18.8207, -0.840182)
    1945 (1.53955, 16.8433) -> 51 (2.77714, 15.626)
    1946 (4.93207, 8.2807) -> 675 (5.36812, 6.32881)
    1947 (-1.00465, 12.2949) -> 416 (-0.288156, 10.92)
    1948 (2.4466, 15.4081) -> 128 (3.33203, 13.7666)
    1949 (10.8201, 4.49899) -> 1165 (10.5969, 4.53498)
    1950 (18.3319, 3.81436) -> 292 (16.733, 4.39437)
    1951 (1.51817, 11.7786) -> 263 (2.49613, 10.2885)
    1952 (0.662812, 1.17652) -> 0 (0, 1)
    1953 (7.27071, 9.78108) -> 303 (6.09977, 8.80098)
    1954 (0.6676, 1.18539) -> 0 (0, 1)
    1955 (16.726, 9.38064) -> 1419 (15.9093, 8.97811)
    1956 (5.6305, 4.34401) -> 4 (5.46501, 6.06124)
    1957 (-0.32444, 6.83448) -> 598 (1.67463, 6.77339)
    1958 (19.5171, 8.79227) -> 2306 (18.6477, 8.52492)
    1959 (12.8335, 20.4357) -> 49 (12.0773, 19.6463)
    1960 (9.19936, 3.35692) -> 70 (8.41334, 4.51004)
    1961 (15.0113, 10.592) -> 1933 (14.0369, 9.88783)
    1962 (14.4012, 11.7292) -> 2348 (13.2254, 10.5175)
    1963 (9.97324, 20.9463) -> 118 (10.2211, 20.9026)
    1964 (17.729, 8.85913) -> 1545 (16.4694, 8.32052)
    1965 (2.08625, 2.0886) -> 64 (3.10045, 3.4123)
    1966 (10.9166, 18.2389) -> 1546 (10.4605, 17.2092)
    1967 (18.6557, 19.2562) -> 1497 (17.4996, 18.818)
    1968 (1.21725, 4.99824) -> 12 (1.58632, 6.32659)
    1969 (0.996703, 7.43955) -> 22 (1.62626, 8.7728)
    1970 (1.08327, 10.0827) -> 22 (1.62626, 8.7728)
    1971 (0.3633, 21.1376) -> 46 (1.62308, 19.5843)
    1972 (17.5585, 6.22611) -> 2071 (16.2726, 5.81662)
    1973 (11.6134, 14.6809) -> 919 (10.8266, 13.9826)
    1974 (1.6722, 3.25768) -> 2 (2.8124, 3.84411)
    1975 (6.41423, 2.10861) -> 41 (6.45412, 4.10821)
    1976 (5.53455, 8.32187) -> 479 (5.53085, 6.78332)
    1977 (1.37699, 19.2879) -> 42 (1.28279, 17.6134)
    1978 (7.56002, 7.50459) -> 892 (6.37677, 6.76187)
    1979 (4.78929, 7.67702) -> 4 (5.46501, 6.06124)
    1980 (18.8799, 11.609) -> 333 (17.4004, 10.8099)
    1981 (10.8002, 20.4582) -> 343 (10.3469, 18.6752)
    1982 (14.0626, -1.15331) -> 588 (14.8199, 0.387998)
    1983 (11.6489, 3.83284) -> 2379 (10.1767, 4.26779)
    1984 (7.64856, 21.9385) -> 529 (8.28348, 20.4068)
    1985 (5.62757, 18.1614) -> 74 (6.27246, 16.6327)
    1986 (11.098, 16.0148) -> 1707 (10.6676, 15.5638)
    1987 (6.617, 2.49056) -> 41 (6.45412, 4.10821)
    1988 (2.76579, 16.0463) -> 51 (2.77714, 15.626)
    1989 (0.708843, 9.41873) -> 22 (1.62626, 8.7728)
    1990 (7.50306, 4.413) -> 41 (6.45412, 4.10821)
    1991 (12.7119, 2.66104) -> 79 (11.0488, 3.25752)
    1992 (12.5259, 17.6169) -> 1077 (11.7026, 16.5218)
    1993 (9.1572, 4.53204) -> 70 (8.41334, 4.51004)
    1994 (14.7123, 8.0061) -> 903 (13.2746, 7.25783)
    1995 (14.3033, 2.25387) -> 1574 (14.2819, 3.0674)
    1996 (3.96838, 15.3344) -> 21 (4.52953, 14.2461)
    1997 (12.9805, 11.8692) -> 1040 (11.6837, 10.9989)
    1998 (15.0303, 11.4661) -> 1660 (14.831, 11.3675)
    1999 (11.9238, 1.46172) -> 243 (11.1008, 2.43449)
    2000 (9.50721, 11.9041) -> 686 (8.77025, 11.2916)
    2001 (1.36463, -0.696297) -> 352 (2.42494, 0.230534)
    2002 (19.1102, 15.0461) -> 364 (18.0785, 14.2825)
    2003 (12.7697, 17.5755) -> 843 (11.9101, 16.4585)
    2004 (15.0119, 17.0032) -> 245 (14.2816, 16.1565)
    2005 (1.39724, 15.1524) -> 142 (2.27804, 13.9476)
    2006 (9.03323, 7.80649) -> 777 (7.54759, 6.87355)
    2007 (20.1428, 0.709234) -> 729 (18.4108, 1.07446)
    2008 (2.74379, 15.1236) -> 128 (3.33203, 13.7666)
    2009 (17.2108, 20.2978) -> 461 (16.1359, 18.872)
    2010 (11.3421, 9.89085) -> 2460 (10.6069, 9.32359)
    2011 (8.52185, 8.7037) -> 685 (7.96351, 8.2542)
    2012 (17.0968, 20.4646) -> 1344 (16.2924, 18.8966)
    2013 (5.77724, 4.79856) -> 4 (5.46501, 6.06124)
    2014 (4.93341, 0.8538) -> 286 (4.70822, 2.66479)
    2015 (17.245, 21.2661) -> 208 (16.7337, 19.962)
    2016 (19.2522, 14.0909) -> 144 (18.4438, 13.2248)
    2017 (10.3782, 14.2273) -> 876 (10.2677, 14.0983)
    2018 (1.33203, 13.769) -> 128 (3.33203, 13.7666)
    2019 (10.8308, 2.36847) -> 607 (9.20517, 3.01733)
    2020 (0.837491, 9.43321) -> 22 (1.62626, 8.7728)
    2021 (8.38664, 15.4786) -> 1647 (7.69105, 13.9975)
    2022 (19.3758, 9.16893) -> 360 (18.6297, 9.02177)
    2023 (22.2436, 5.06598) -> 141 (21.4441, 6.04473)
    2024 (1.01673, -1.3522) -> 1270 (1.56905, 0.351522)
    2025 (11.0284, 9.40618) -> 1461 (9.43136, 8.51089)
    2026 (12.1966, 20.6542) -> 1682 (11.6266, 18.9063)
    2027 (5.32324, 9.58918) -> 1976 (5.53455, 8.32187)
    2028 (1.3802, 5.23625) -> 7 (1.79466, 6.77991)
    2029 (20.8126, 10.0081) -> 348 (19.5435, 9.40584)
    2030 (14.5891, 7.66538) -> 903 (13.2746, 7.25783)
    2031 (16.6887, 20.629) -> 320 (15.4791, 19.0363)
    2032 (3.89315, 12.5905) -> 105 (4.71964, 12.2551)
    2033 (3.36476, 10.6623) -> 489 (4.11635, 9.05803)
    2034 (-0.905933, 12.7352) -> 1039 (0.983796, 12.0803)
    2035 (18.5826, 5.51898) -> 815 (16.5994, 5.7773)
    2036 (18.72, -0.353069) -> 420 (17.3401, 0.798836)
    2037 (0.622653, 16.2286) -> 52 (0.752174, 15.6851)
    2038 (0.532293, 2.51188) -> 0 (0, 1)
    2039 (10.144, 22.7207) -> 118 (10.2211, 20.9026)
    2040 (0.482734, 9.0369) -> 22 (1.62626, 8.7728)
    2041 (10.5881, 6.52424) -> 414 (10.6062, 6.5348)
    2042 (15.4603, 10.7802) -> 1331 (15.0323, 10.4719)
    2043 (9.60924, 10.0023) -> 2311 (8.69834, 9.15267)
    2044 (14.2394, 2.17969) -> 1574 (14.2819, 3.0674)
    2045 (12.3815, 13.45) -> 1324 (11.9224, 12.9563)
    2046 (4.42017, 17.5561) -> 23 (4.68044, 16.2404)
    2047 (6.32292, 3.84494) -> 211 (6.80725, 5.37255)
    2048 (17.8487, 4.272) -> 854 (16.7564, 4.87759)
    2049 (4.14216, 19.9373) -> 458 (4.00157, 18.1216)
    2050 (11.2934, 13.3489) -> 918 (11.1261, 13.0839)
    2051 (1.41362, 2.24124) -> 664 (2.23081, 2.55729)
    2052 (17.8773, 4.36094) -> 1585 (15.8807, 4.47854)
    2053 (15.5963, 17.498) -> 1792 (15.3809, 17.2971)
    2054 (16.5658, 5.73049) -> 25 (15.0894, 5.53043)
    2055 (10.5271, 6.4906) -> 2401 (9.05228, 5.65161)
    2056 (15.5547, 15.1146) -> 1516 (14.3349, 13.8002)
    2057 (15.4905, 13.7655) -> 282 (15.0388, 13.4498)
    2058 (22.4536, 6.91043) -> 163 (21.7442, 7.82469)
    2059 (15.0026, 18.1364) -> 92 (14.158, 17.2408)
    2060 (0.00782479, 4.31433) -> 47 (1.33023, 4.34306)
    2061 (10.3283, 21.9211) -> 118 (10.2211, 20.9026)
    2062 (8.71631, 6.5452) -> 16 (8.29893, 5.83864)
    2063 (10.3643, 12.7058) -> 1422 (9.63588, 11.823)
    2064 (1.82937, 12.836) -> 86 (2.47885, 11.9577)
    2065 (14.8227, 8.21122) -> 44 (14.6081, 8.08451)
    2066 (12.4131, 17.9642) -> 395 (12.218, 17.6718)
    2067 (10.6641, 18.4389) -> 1180 (10.1922, 17.6039)
    2068 (9.34733, 1.59001) -> 43 (7.72716, 1.27036)
    2069 (12.7674, 13.1029) -> 1301 (12.4488, 12.8421)
    2070 (7.16825, 11.4385) -> 2297 (6.65116, 10.1624)
    2071 (16.2726, 5.81662) -> 25 (15.0894, 5.53043)
    2072 (15.3321, -0.496612) -> 812 (14.978, 1.06548)
    2073 (6.92616, 9.05182) -> 303 (6.09977, 8.80098)
    2074 (18.4294, 4.98195) -> 854 (16.7564, 4.87759)
    2075 (14.5113, 7.60259) -> 903 (13.2746, 7.25783)
    2076 (2.46276, 8.42544) -> 357 (4.26681, 8.65239)
    2077 (10.0999, 0.0370103) -> 254 (8.74156, 1.0718)
    2078 (17.1422, 14.8659) -> 688 (16.1294, 14.2818)
    2079 (20.9087, 1.43133) -> 1805 (19.7382, 2.28827)
    2080 (12.0043, 10.7869) -> 681 (11.7339, 10.5957)
    2081 (15.1479, 6.07411) -> 583 (13.7256, 5.52997)
    2082 (15.7156, 4.15639) -> 1788 (14.5358, 4.17058)
    2083 (1.35163, 10.1144) -> 22 (1.62626, 8.7728)
    2084 (18.0202, 12.7037) -> 914 (17.0778, 12.0606)
    2085 (13.0474, -0.157859) -> 102 (12.8794, 1.51998)
    2086 (2.79929, 6.54777) -> 1920 (4.1408, 7.30106)
    2087 (18.1496, 21.9188) -> 349 (19.0963, 20.5095)
    2088 (10.6899, 12.0813) -> 1827 (10.3743, 11.5648)
    2089 (17.38, 15.8426) -> 1830 (16.2224, 14.8464)
    2090 (6.37147, 10.7281) -> 146 (5.99434, 10.6135)
    2091 (18.6246, 11.0984) -> 1392 (18.1503, 10.7949)
    2092 (14.6313, 7.47443) -> 1525 (13.2701, 6.58057)
    2093 (0.313397, 11.0597) -> 379 (2.21323, 11.6847)
    2094 (16.0124, 11.2831) -> 1961 (15.0113, 10.592)
    2095 (1.15269, 11.0854) -> 263 (2.49613, 10.2885)
    2096 (8.1161, 10.6635) -> 2484 (7.14218, 9.69817)
    2097 (10.0204, 12.7379) -> 68 (8.82374, 11.5442)
    2098 (-0.211043, 5.84539) -> 288 (0.408841, 4.70995)
    2099 (3.04675, 17.1367) -> 51 (2.77714, 15.626)
    2100 (19.7091, 10.097) -> 452 (18.6879, 9.89051)
    2101 (-0.983775, 14.5248) -> 257 (-0.434884, 14.6815)
    2102 (19.623, 17.105) -> 1087 (18.7999, 16.1085)
    2103 (11.8438, 16.4459) -> 1851 (10.8971, 15.3536)
    2104 (18.5535, 16.5967) -> 174 (17.5108, 15.7111)
    2105 (3.95564, 13.0117) -> 105 (4.71964, 12.2551)
    2106 (18.9256, 16.9206) -> 2104 (18.5535, 16.5967)
    2107 (9.33679, 12.5924) -> 424 (9.22885, 12.451)
    2108 (8.03974, 15.4351) -> 748 (7.42783, 13.9095)
    2109 (12.5686, -1.02853) -> 315 (11.4846, -0.00164994)
    2110 (13.2635, 7.98974) -> 891 (12.7397, 7.58487)
    2111 (16.9004, 12.2929) -> 1702 (15.909, 11.5105)
    2112 (17.9948, 3.98434) -> 854 (16.7564, 4.87759)
    2113 (9.19064, 2.37338) -> 584 (9.0687, 3.50671)
    2114 (12.2492, 12.3695) -> 2434 (11.4041, 11.5144)
    2115 (2.59208, 14.577) -> 128 (3.33203, 13.7666)
    2116 (11.7643, 6.46939) -> 1715 (10.9571, 6.10922)
    2117 (10.0833, 3.5112) -> 940 (8.49078, 4.29286)
    2118 (19.5777, -0.778692) -> 179 (19.315, 0.483384)
    2119 (21.4048, 18.1639) -> 1522 (19.4082, 18.0457)
    2120 (1.80617, 4.04182) -> 135 (3.57235, 3.7261)
    2121 (12.3114, 14.5013) -> 2413 (11.2729, 13.2785)
    2122 (1.62645, 10.6724) -> 1142 (3.61596, 10.4679)
    2123 (17.8815, 14.5483) -> 219 (16.9874, 13.9437)
    2124 (5.97305, 6.07812) -> 4 (5.46501, 6.06124)
    2125 (15.394, 3.7832) -> 2366 (13.8992, 4.20773)
    2126 (11.5751, 6.76577) -> 99 (11.0831, 6.54538)
    2127 (7.35944, 18.6331) -> 367 (7.57491, 18.1903)
    2128 (10.8987, 17.5735) -> 747 (10.0308, 16.2152)
    2129 (4.49757, 4.73578) -> 4 (5.46501, 6.06124)
    2130 (15.9519, 8.41709) -> 1047 (14.9351, 8.06276)
    2131 (2.9502, 4.16688) -> 3 (3.49355, 5.72455)
    2132 (2.80144, 17.7361) -> 33 (3.28199, 17.6702)
    2133 (8.31519, -1.07324) -> 474 (7.52571, 0.764347)
    2134 (7.35068, 5.41028) -> 41 (6.45412, 4.10821)
    2135 (17.8312, 9.34942) -> 40 (16.5001, 8.81458)
    2136 (14.6062, 11.9374) -> 1905 (13.3582, 11.0731)
    2137 (13.3103, 9.6425) -> 239 (12.0622, 9.20607)
    2138 (18.8145, 20.382) -> 959 (17.9166, 19.4308)
    2139 (7.98526, 3.33785) -> 41 (6.45412, 4.10821)
    2140 (3.08036, 17.4838) -> 33 (3.28199, 17.6702)
    2141 (13.666, 0.128) -> 102 (12.8794, 1.51998)
    2142 (19.3202, 13.9267) -> 144 (18.4438, 13.2248)
    2143 (13.0151, 9.90353) -> 239 (12.0622, 9.20607)
    2144 (0.0148446, 11.2562) -> 821 (1.64787, 11.0677)
    2145 (2.84412, 10.6365) -> 1474 (3.85392, 9.27471)
    2146 (4.58423, 3.9679) -> 252 (5.50111, 5.47459)
    2147 (1.0977, 2.35662) -> 0 (0, 1)
    2148 (16.2678, 6.89896) -> 1568 (14.6528, 6.31406)
    2149 (7.79118, 14.1727) -> 203 (7.16706, 12.8777)
    2150 (10.8873, 20.8889) -> 215 (10.3622, 20.6751)
    2151 (21.2973, 10.5764) -> 511 (19.5986, 11.0807)
    2152 (17.3325, 2.79882) -> 292 (16.733, 4.39437)
    2153 (13.2817, 9.403) -> 162 (13.1958, 9.25628)
    2154 (2.75741, 2.65555) -> 15 (4.69234, 3.16158)
    2155 (2.65186, 7.05579) -> 1920 (4.1408, 7.30106)
    2156 (11.774, 12.9975) -> 81 (11.3924, 12.5663)
    2157 (19.0658, 17.9384) -> 327 (18.6308, 17.417)
    2158 (5.84003, 1.6095) -> 36 (6.68377, 2.97662)
    2159 (19.09, 17.8992) -> 327 (18.6308, 17.417)
    2160 (13.5479, 18.3862) -> 306 (13.1953, 17.8091)
    2161 (10.4934, 14.7572) -> 1194 (9.34843, 13.3893)
    2162 (9.72431, 19.5097) -> 2324 (8.92301, 18.4135)
    2163 (19.0119, 10.7624) -> 906 (18.9057, 10.6112)
    2164 (12.5894, 19.8388) -> 1187 (12.1241, 18.7168)
    2165 (12.6107, 15.0628) -> 1315 (12.3662, 14.653)
    2166 (3.3703, 15.6572) -> 23 (4.68044, 16.2404)
    2167 (13.4625, 13.6223) -> 402 (12.4851, 12.6093)
    2168 (5.55544, 13.907) -> 439 (5.13482, 12.754)
    2169 (15.878, 2.66584) -> 285 (15.4556, 3.00761)
    2170 (5.47456, 4.6347) -> 4 (5.46501, 6.06124)
    2171 (3.95541, 15.6944) -> 21 (4.52953, 14.2461)
    2172 (5.04689, 14.5668) -> 21 (4.52953, 14.2461)
    2173 (13.3192, 2.73289) -> 221 (12.2579, 3.42096)
    2174 (13.9638, 5.27758) -> 2328 (13.215, 5.09264)
    2175 (17.0871, 10.898) -> 754 (16.0757, 10.1767)
    2176 (5.19258, 7.91955) -> 675 (5.36812, 6.32881)
    2177 (15.4685, 17.7871) -> 1535 (14.841, 16.8604)
    2178 (9.54898, 10.2939) -> 818 (8.54516, 9.16702)
    2179 (15.9725, 6.7177) -> 1568 (14.6528, 6.31406)
    2180 (11.205, 14.3493) -> 919 (10.8266, 13.9826)
    2181 (8.61883, 1.41479) -> 43 (7.72716, 1.27036)
    2182 (7.09176, 4.34646) -> 41 (6.45412, 4.10821)
    2183 (1.19188, 11.7105) -> 86 (2.47885, 11.9577)
    2184 (13.0423, 6.05665) -> 1201 (11.7712, 5.68386)
    2185 (9.71482, 4.01971) -> 70 (8.41334, 4.51004)
    2186 (10.7108, 19.4885) -> 343 (10.3469, 18.6752)
    2187 (10.6622, -0.00586571) -> 73 (9.68822, 0.877601)
    2188 (6.03138, 13.7076) -> 11 (5.94791, 12.836)
    2189 (8.12221, 10.8641) -> 2484 (7.14218, 9.69817)
    2190 (16.8125, 3.33902) -> 285 (15.4556, 3.00761)
    2191 (16.6904, 10.5895) -> 1339 (15.4653, 9.79537)
    2192 (2.34506, 4.33667) -> 231 (3.89826, 4.99719)
    2193 (8.2146, 16.1464) -> 1246 (7.35985, 14.9542)
    2194 (22.0754, 15.9121) -> 861 (20.4377, 14.7641)
    2195 (12.304, 8.33174) -> 331 (12.1704, 8.30992)
    2196 (1.38968, 0.33466) -> 0 (0, 1)
    2197 (14.1869, 17.9031) -> 418 (13.9878, 17.7036)
    2198 (11.826, 9.55942) -> 205 (11.2166, 8.90015)
    2199 (-0.574647, 13.9911) -> 95 (0.918979, 13.2095)
    2200 (14.8399, 5.1864) -> 2328 (13.215, 5.09264)
    2201 (4.88902, 15.6118) -> 21 (4.52953, 14.2461)
    2202 (1.3495, 21.0737) -> 46 (1.62308, 19.5843)
    2203 (9.29974, 10.5179) -> 1674 (8.73802, 10.0358)
    2204 (10.3918, 8.96535) -> 1461 (9.43136, 8.51089)
    2205 (15.5412, 18.6654) -> 2059 (15.0026, 18.1364)
    2206 (1.72902, 1.83288) -> 664 (2.23081, 2.55729)
    2207 (16.0176, 17.2763) -> 1298 (15.3791, 16.6721)
    2208 (10.3741, 2.78289) -> 584 (9.0687, 3.50671)
    2209 (1.68552, 1.35666) -> 0 (0, 1)
    2210 (8.58473, 6.98417) -> 155 (7.82117, 6.72961)
    2211 (2.77824, 10.2406) -> 371 (3.99905, 9.07928)
    2212 (4.07519, 11.7371) -> 107 (4.01522, 10.6773)
    2213 (16.7367, 18.4402) -> 2053 (15.5963, 17.498)
    2214 (10.6676, 19.7533) -> 648 (9.7515, 18.7706)
    2215 (12.6029, 0.477425) -> 102 (12.8794, 1.51998)
    2216 (10.2688, 18.067) -> 910 (9.77656, 17.0606)
    2217 (4.34462, 14.2791) -> 439 (5.13482, 12.754)
    2218 (13.0679, 19.4397) -> 506 (12.2114, 18.1759)
    2219 (5.72888, 1.71482) -> 36 (6.68377, 2.97662)
    2220 (-0.681939, 4.6875) -> 288 (0.408841, 4.70995)
    2221 (20.4005, 2.30261) -> 804 (18.5535, 3.06978)
    2222 (5.84704, 13.8291) -> 439 (5.13482, 12.754)
    2223 (15.3179, 4.89728) -> 2333 (14.658, 4.83349)
    2224 (14.64, 2.1295) -> 1574 (14.2819, 3.0674)
    2225 (1.76971, 19.8386) -> 186 (2.40798, 18.4039)
    2226 (14.4682, 5.21795) -> 2328 (13.215, 5.09264)
    2227 (3.61607, 2.36104) -> 15 (4.69234, 3.16158)
    2228 (15.1932, 9.83541) -> 2325 (14.1623, 9.25261)
    2229 (17.0536, 9.53559) -> 1419 (15.9093, 8.97811)
    2230 (10.516, 15.9556) -> 949 (9.98921, 15.0789)
    2231 (14.7067, 20.8967) -> 426 (13.5572, 19.8014)
    2232 (22.436, 14.6826) -> 861 (20.4377, 14.7641)
    2233 (3.5751, 7.33458) -> 1979 (4.78929, 7.67702)
    2234 (3.45336, 5.67108) -> 200 (4.80955, 6.63246)
    2235 (4.73089, 20.0819) -> 847 (6.17072, 19.6144)
    2236 (18.7146, 0.361282) -> 294 (17.7062, 1.22127)
    2237 (7.84537, 2.78686) -> 1028 (8.35193, 4.42924)
    2238 (15.9819, -1.14144) -> 477 (15.3864, 0.370748)
    2239 (-0.71855, 19.0447) -> 113 (0.39109, 19.0831)
    2240 (17.8366, 11.3885) -> 2191 (16.6904, 10.5895)
    2241 (2.59769, 13.15) -> 740 (4.23695, 12.5949)
    2242 (5.73136, 21.6635) -> 312 (5.27939, 20.0028)
    2243 (1.97405, 4.12827) -> 135 (3.57235, 3.7261)
    2244 (4.77534, 10.2559) -> 107 (4.01522, 10.6773)
    2245 (-0.403672, 11.0807) -> 1454 (1.21879, 10.6374)
    2246 (5.04642, 12.0307) -> 10 (5.26338, 10.9568)
    2247 (3.31575, 16.6232) -> 23 (4.68044, 16.2404)
    2248 (17.527, 2.95459) -> 1870 (15.6924, 3.75087)
    2249 (17.5827, 11.4916) -> 2386 (17.2112, 11.2182)
    2250 (16.7973, 11.2954) -> 1736 (15.6019, 10.6245)
    2251 (12.3492, 2.99259) -> 534 (11.5233, 4.40842)
    2252 (18.0085, 3.03359) -> 985 (17.2489, 4.2751)
    2253 (1.96173, 15.8533) -> 51 (2.77714, 15.626)
    2254 (18.4161, 2.47017) -> 1240 (16.926, 2.49756)
    2255 (6.46671, 5.03678) -> 4 (5.46501, 6.06124)
    2256 (6.58824, 14.7127) -> 1617 (6.30549, 13.7539)
    2257 (11.5188, 16.3935) -> 1707 (10.6676, 15.5638)
    2258 (1.58235, 20.6896) -> 46 (1.62308, 19.5843)
    2259 (0.531641, 0.488924) -> 0 (0, 1)
    2260 (-0.0303241, 16.0314) -> 52 (0.752174, 15.6851)
    2261 (-0.143163, 11.2282) -> 1454 (1.21879, 10.6374)
    2262 (14.1724, 2.63808) -> 1574 (14.2819, 3.0674)
    2263 (10.1789, 13.6584) -> 424 (9.22885, 12.451)
    2264 (5.27341, 11.0702) -> 10 (5.26338, 10.9568)
    2265 (9.51076, 7.24973) -> 8 (8.84061, 6.589)
    2266 (13.5044, 12.058) -> 1834 (12.5515, 11.3503)
    2267 (6.50228, -0.310667) -> 43 (7.72716, 1.27036)
    2268 (1.13598, 6.19549) -> 7 (1.79466, 6.77991)
    2269 (14.4296, 4.83932) -> 770 (12.8008, 4.22211)
    2270 (12.8787, -1.53247) -> 412 (12.892, 0.0907114)
    2271 (3.17828, 16.2579) -> 23 (4.68044, 16.2404)
    2272 (14.3191, 20.3829) -> 421 (13.4817, 19.4238)
    2273 (15.2201, 21.2694) -> 837 (15.0248, 19.9329)
    2274 (1.10913, 0.211608) -> 0 (0, 1)
    2275 (17.2942, 18.4688) -> 2207 (16.0176, 17.2763)
    2276 (18.9596, 14.2466) -> 873 (17.9103, 13.3716)
    2277 (19.2246, 10.8001) -> 906 (18.9057, 10.6112)
    2278 (0.94012, 4.6824) -> 621 (2.43678, 6.00906)
    2279 (6.70787, 0.135898) -> 43 (7.72716, 1.27036)
    2280 (19.0426, 14.1035) -> 873 (17.9103, 13.3716)
    2281 (5.79337, 3.26571) -> 41 (6.45412, 4.10821)
    2282 (7.35764, 18.3127) -> 74 (6.27246, 16.6327)
    2283 (7.82117, 4.4183) -> 41 (6.45412, 4.10821)
    2284 (13.1975, 9.15573) -> 331 (12.1704, 8.30992)
    2285 (0.781653, 19.156) -> 42 (1.28279, 17.6134)
    2286 (18.5545, 2.29026) -> 1240 (16.926, 2.49756)
    2287 (18.3892, 4.88481) -> 854 (16.7564, 4.87759)
    2288 (6.83484, 2.36303) -> 36 (6.68377, 2.97662)
    2289 (15.1238, 21.0447) -> 426 (13.5572, 19.8014)
    2290 (5.32022, 5.06372) -> 4 (5.46501, 6.06124)
    2291 (2.42657, 3.63875) -> 135 (3.57235, 3.7261)
    2292 (14.5768, 16.2769) -> 245 (14.2816, 16.1565)
    2293 (1.99934, 13.5787) -> 86 (2.47885, 11.9577)
    2294 (14.523, 21.8689) -> 837 (15.0248, 19.9329)
    2295 (17.9582, 11.0881) -> 333 (17.4004, 10.8099)
    2296 (0.745422, 5.87775) -> 7 (1.79466, 6.77991)
    2297 (6.65116, 10.1624) -> 6 (6.19415, 9.18658)
    2298 (2.80968, 18.6184) -> 33 (3.28199, 17.6702)
    2299 (4.9491, 6.93718) -> 4 (5.46501, 6.06124)
    2300 (14.8113, 0.882111) -> 1995 (14.3033, 2.25387)
    2301 (7.54991, 10.7784) -> 1663 (6.86127, 10.0924)
    2302 (8.72874, 18.967) -> 722 (8.19654, 17.7358)
    2303 (2.9794, 4.54596) -> 3 (3.49355, 5.72455)
    2304 (-0.186624, 20.2542) -> 113 (0.39109, 19.0831)
    2305 (1.64307, 20.6608) -> 46 (1.62308, 19.5843)
    2306 (18.6477, 8.52492) -> 1929 (17.2597, 8.22699)
    2307 (18.9221, 14.4507) -> 1119 (18.1647, 13.965)
    2308 (15.2868, 10.8745) -> 1500 (14.5631, 10.3305)
    2309 (1.3271, -0.158238) -> 2209 (1.68552, 1.35666)
    2310 (21.5033, 2.73996) -> 805 (20.5122, 3.47422)
    2311 (8.69834, 9.15267) -> 145 (8.18909, 8.69548)
    2312 (12.1159, 8.43823) -> 1166 (11.8719, 8.4235)
    2313 (1.62923, 12.095) -> 86 (2.47885, 11.9577)
    2314 (6.40976, 17.3623) -> 206 (6.59841, 16.3035)
    2315 (-1.2334, 5.58745) -> 2296 (0.745422, 5.87775)
    2316 (5.05026, 7.97447) -> 675 (5.36812, 6.32881)
    2317 (18.7392, 5.61309) -> 890 (17.3938, 6.63446)
    2318 (6.98151, 4.8953) -> 211 (6.80725, 5.37255)
    2319 (18.7958, 17.2974) -> 1250 (17.7608, 16.3934)
    2320 (1.26179, 13.0798) -> 86 (2.47885, 11.9577)
    2321 (0.542364, 10.947) -> 160 (1.89524, 11.8599)
    2322 (17.2275, 14.9561) -> 688 (16.1294, 14.2818)
    2323 (-1.17913, 1.67338) -> 0 (0, 1)
    2324 (8.92301, 18.4135) -> 61 (8.16987, 16.9479)
    2325 (14.1623, 9.25261) -> 1765 (13.1297, 8.57564)
    2326 (15.8175, 3.08923) -> 1788 (14.5358, 4.17058)
    2327 (19.4033, 10.0538) -> 2135 (17.8312, 9.34942)
    2328 (13.215, 5.09264) -> 13 (12.2048, 4.88956)
    2329 (12.7147, 3.0398) -> 79 (11.0488, 3.25752)
    2330 (14.7218, 6.05625) -> 583 (13.7256, 5.52997)
    2331 (2.71941, 17.5882) -> 33 (3.28199, 17.6702)
    2332 (13.3456, 19.7334) -> 2218 (13.0679, 19.4397)
    2333 (14.658, 4.83349) -> 2328 (13.215, 5.09264)
    2334 (9.43204, 2.22705) -> 584 (9.0687, 3.50671)
    2335 (1.9804, 15.1155) -> 142 (2.27804, 13.9476)
    2336 (16.5679, 6.48066) -> 667 (16.3513, 6.40496)
    2337 (-0.587512, -0.352521) -> 0 (0, 1)
    2338 (5.55063, 10.832) -> 10 (5.26338, 10.9568)
    2339 (6.37197, 3.03903) -> 41 (6.45412, 4.10821)
    2340 (0.1374, 20.1351) -> 46 (1.62308, 19.5843)
    2341 (6.45178, 20.0811) -> 2127 (7.35944, 18.6331)
    2342 (9.12313, 2.44008) -> 2417 (8.17749, 3.85307)
    2343 (12.044, 22.0448) -> 1594 (11.7696, 20.5844)
    2344 (6.85548, 18.1992) -> 74 (6.27246, 16.6327)
    2345 (17.3495, 21.7436) -> 2009 (17.2108, 20.2978)
    2346 (12.232, 7.89907) -> 67 (11.7167, 7.67337)
    2347 (19.2151, 5.05303) -> 1332 (17.683, 5.13744)
    2348 (13.2254, 10.5175) -> 1128 (12.2324, 9.39572)
    2349 (9.41036, 12.4295) -> 19 (8.86472, 11.8203)
    2350 (14.0944, 1.16246) -> 148 (14.0936, 2.78362)
    2351 (18.9698, 19.1131) -> 896 (18.115, 17.9222)
    2352 (0.0156117, 7.97889) -> 1887 (2.0116, 7.85221)
    2353 (16.5885, 13.9717) -> 897 (15.1254, 13.3499)
    2354 (16.7323, 9.45898) -> 1419 (15.9093, 8.97811)
    2355 (10.9187, 0.416511) -> 73 (9.68822, 0.877601)
    2356 (12.8998, 1.09519) -> 1562 (12.9894, 2.7737)
    2357 (0.837663, 21.0639) -> 46 (1.62308, 19.5843)
    2358 (18.7812, 18.0717) -> 1616 (18.17, 17.8899)
    2359 (5.17549, -0.255744) -> 91 (5.06319, 0.578277)
    2360 (0.87211, 17.8162) -> 42 (1.28279, 17.6134)
    2361 (10.2431, 14.7255) -> 1194 (9.34843, 13.3893)
    2362 (11.2496, 0.97253) -> 243 (11.1008, 2.43449)
    2363 (12.1373, 2.30191) -> 79 (11.0488, 3.25752)
    2364 (8.54909, 15.4815) -> 2149 (7.79118, 14.1727)
    2365 (11.5835, 3.47671) -> 671 (10.4006, 4.2846)
    2366 (13.8992, 4.20773) -> 1153 (13.1343, 4.53812)
    2367 (6.64864, 4.77967) -> 211 (6.80725, 5.37255)
    2368 (-0.426865, 12.2565) -> 328 (1.13831, 12.3218)
    2369 (14.2005, 6.29661) -> 391 (13.1698, 6.00311)
    2370 (13.3779, 2.56253) -> 221 (12.2579, 3.42096)
    2371 (11.0761, 9.09263) -> 1243 (10.1093, 7.92061)
    2372 (7.4924, 2.69163) -> 1170 (6.98621, 4.32975)
    2373 (12.4996, 5.02819) -> 13 (12.2048, 4.88956)
    2374 (0.949967, 3.51179) -> 47 (1.33023, 4.34306)
    2375 (1.28814, 17.0384) -> 52 (0.752174, 15.6851)
    2376 (4.78178, 0.0980131) -> 91 (5.06319, 0.578277)
    2377 (2.4638, 9.08517) -> 165 (3.56269, 8.19622)
    2378 (-0.555489, 10.9684) -> 88 (0.500868, 10.4261)
    2379 (10.1767, 4.26779) -> 289 (8.65063, 4.1704)
    2380 (21.6446, 4.15034) -> 1874 (20.7153, 5.92136)
    2381 (2.28952, 19.9799) -> 186 (2.40798, 18.4039)
    2382 (19.3967, 19.9746) -> 519 (17.8921, 19.2756)
    2383 (12.7266, 3.88601) -> 534 (11.5233, 4.40842)
    2384 (0.568881, 5.29425) -> 12 (1.58632, 6.32659)
    2385 (15.6198, 4.15613) -> 1788 (14.5358, 4.17058)
    2386 (17.2112, 11.2182) -> 1849 (15.6693, 10.5235)
    2387 (6.51458, 2.32701) -> 36 (6.68377, 2.97662)
    2388 (2.12587, 15.0443) -> 142 (2.27804, 13.9476)
    2389 (21.2731, 20.1082) -> 100 (20.3135, 19.6582)
    2390 (0.491055, 13.0495) -> 142 (2.27804, 13.9476)
    2391 (10.8744, 11.3185) -> 731 (9.74316, 10.4632)
    2392 (12.1491, 5.67408) -> 1587 (11.5127, 5.47546)
    2393 (10.5297, 15.7882) -> 190 (9.63732, 14.3726)
    2394 (17.4821, 10.6054) -> 1710 (16.8938, 10.3543)
    2395 (10.7663, 1.7702) -> 79 (11.0488, 3.25752)
    2396 (14.0917, 8.70162) -> 1351 (12.7913, 8.06391)
    2397 (17.5255, 9.36541) -> 1093 (16.4964, 8.8652)
    2398 (7.36866, 18.5243) -> 367 (7.57491, 18.1903)
    2399 (18.2223, 6.23825) -> 815 (16.5994, 5.7773)
    2400 (7.51472, 2.85192) -> 41 (6.45412, 4.10821)
    2401 (9.05228, 5.65161) -> 1639 (7.73704, 4.68201)
    2402 (11.4889, 19.5943) -> 1026 (10.9774, 18.66)
    2403 (16.4854, 9.8527) -> 1199 (15.4468, 9.30062)
    2404 (15.4493, 13.751) -> 282 (15.0388, 13.4498)
    2405 (17.6414, 1.89897) -> 2190 (16.8125, 3.33902)
    2406 (15.0262, 6.06483) -> 583 (13.7256, 5.52997)
    2407 (10.0113, 20.0503) -> 1783 (9.64839, 18.8775)
    2408 (1.93155, 11.2695) -> 2033 (3.36476, 10.6623)
    2409 (18.4035, 3.56014) -> 985 (17.2489, 4.2751)
    2410 (14.3833, 15.7997) -> 1675 (13.4892, 14.4932)
    2411 (11.4611, 2.20332) -> 79 (11.0488, 3.25752)
    2412 (0.119766, 6.78909) -> 7 (1.79466, 6.77991)
    2413 (11.2729, 13.2785) -> 918 (11.1261, 13.0839)
    2414 (1.08248, 9.25165) -> 22 (1.62626, 8.7728)
    2415 (9.28365, 19.5009) -> 324 (8.53034, 18.3581)
    2416 (11.1174, 6.46782) -> 875 (10.366, 6.25315)
    2417 (8.17749, 3.85307) -> 613 (7.2171, 4.76011)
    2418 (10.8094, 16.4442) -> 949 (9.98921, 15.0789)
    2419 (8.38687, 17.0606) -> 650 (7.74412, 15.7877)
    2420 (14.3471, 3.08427) -> 1574 (14.2819, 3.0674)
    2421 (14.6069, 2.11761) -> 1574 (14.2819, 3.0674)
    2422 (-0.162457, 2.12151) -> 0 (0, 1)
    2423 (11.2218, 2.70498) -> 307 (10.6037, 3.73958)
    2424 (17.3001, 11.6812) -> 240 (17.1319, 11.542)
    2425 (5.28665, 17.6127) -> 23 (4.68044, 16.2404)
    2426 (16.6987, 5.29907) -> 920 (15.1579, 5.39892)
    2427 (12.4267, 0.935624) -> 381 (10.9047, 1.2028)
    2428 (18.0392, 10.5572) -> 1109 (17.3996, 10.1337)
    2429 (19.5402, 8.46498) -> 37 (18.2551, 7.85531)
    2430 (10.2237, 15.7739) -> 881 (9.33426, 14.5141)
    2431 (10.0527, 17.6724) -> 910 (9.77656, 17.0606)
    2432 (2.42316, 14.8335) -> 128 (3.33203, 13.7666)
    2433 (14.0166, 12.0978) -> 1816 (12.8708, 11.2442)
    2434 (11.4041, 11.5144) -> 30 (10.3501, 10.4811)
    2435 (19.1034, 11.4101) -> 1803 (17.6672, 10.6137)
    2436 (9.37733, 2.07213) -> 584 (9.0687, 3.50671)
    2437 (3.46155, 6.0594) -> 200 (4.80955, 6.63246)
    2438 (12.9696, 22.6865) -> 636 (12.3593, 20.7819)
    2439 (14.4023, 1.96644) -> 1574 (14.2819, 3.0674)
    2440 (18.5086, 3.51276) -> 985 (17.2489, 4.2751)
    2441 (12.7943, 14.5452) -> 1089 (12.3184, 14.0121)
    2442 (12.8363, 17.004) -> 670 (12.3234, 16.3835)
    2443 (12.4312, 17.7219) -> 1777 (11.849, 16.9187)
    2444 (10.8109, 9.98388) -> 1931 (10.126, 9.19722)
    2445 (15.6202, 15.2896) -> 1214 (14.9017, 14.7169)
    2446 (12.3221, 20.4918) -> 49 (12.0773, 19.6463)
    2447 (9.90518, 21.0732) -> 118 (10.2211, 20.9026)
    2448 (14.8995, 1.12651) -> 2262 (14.1724, 2.63808)
    2449 (6.94571, 2.21468) -> 36 (6.68377, 2.97662)
    2450 (15.7279, 16.469) -> 2499 (14.7382, 15.2852)
    2451 (6.33822, 20.1043) -> 1469 (6.4821, 19.5379)
    2452 (13.8802, 5.49298) -> 2373 (12.4996, 5.02819)
    2453 (2.29826, 14.4164) -> 128 (3.33203, 13.7666)
    2454 (21.3736, 15.2337) -> 334 (20.1433, 14.1497)
    2455 (-1.29978, 10.1682) -> 368 (0.252642, 10.0229)
    2456 (17.4221, 5.75298) -> 2054 (16.5658, 5.73049)
    2457 (15.5799, 8.08619) -> 1634 (14.718, 7.77579)
    2458 (0.939435, 17.5723) -> 42 (1.28279, 17.6134)
    2459 (0.704474, 4.71186) -> 47 (1.33023, 4.34306)
    2460 (10.6069, 9.32359) -> 340 (9.26088, 8.51825)
    2461 (15.0222, 8.21658) -> 785 (14.8139, 8.10165)
    2462 (13.6132, 3.74118) -> 221 (12.2579, 3.42096)
    2463 (4.03676, 19.309) -> 1365 (5.06845, 18.0632)
    2464 (12.9943, 0.232783) -> 102 (12.8794, 1.51998)
    2465 (15.5323, 18.3777) -> 826 (14.8039, 17.3571)
    2466 (10.0442, 15.0786) -> 190 (9.63732, 14.3726)
    2467 (0.925304, 16.7064) -> 52 (0.752174, 15.6851)
    2468 (2.60394, 8.13058) -> 165 (3.56269, 8.19622)
    2469 (10.4591, 21.4056) -> 118 (10.2211, 20.9026)
    2470 (14.0453, 13.9782) -> 1296 (13.9921, 13.9242)
    2471 (16.0788, 7.78921) -> 1448 (14.752, 7.11573)
    2472 (19.5057, 8.75026) -> 2306 (18.6477, 8.52492)
    2473 (17.5296, 2.2949) -> 985 (17.2489, 4.2751)
    2474 (6.91566, 2.63856) -> 41 (6.45412, 4.10821)
    2475 (11.8894, 8.64999) -> 1661 (11.8894, 8.65008)
    2476 (18.3811, 2.88482) -> 2190 (16.8125, 3.33902)
    2477 (5.34297, 10.3678) -> 1509 (5.72005, 9.52862)
    2478 (11.1782, 18.7849) -> 1180 (10.1922, 17.6039)
    2479 (1.18828, 2.862) -> 47 (1.33023, 4.34306)
    2480 (17.7764, 2.83763) -> 985 (17.2489, 4.2751)
    2481 (14.1676, 6.20576) -> 1242 (12.5799, 5.74539)
    2482 (9.10489, 17.6872) -> 1046 (8.78267, 17.3791)
    2483 (13.0065, 5.42757) -> 13 (12.2048, 4.88956)
    2484 (7.14218, 9.69817) -> 303 (6.09977, 8.80098)
    2485 (12.0073, 18.1544) -> 700 (11.1503, 16.9165)
    2486 (13.0559, 18.1647) -> 836 (12.8938, 17.9379)
    2487 (1.0873, 11.4241) -> 86 (2.47885, 11.9577)
    2488 (5.13774, 10.0581) -> 617 (5.16082, 8.60137)
    2489 (14.2564, 19.5557) -> 2160 (13.5479, 18.3862)
    2490 (2.17116, 22.0054) -> 60 (1.62416, 21.5843)
    2491 (3.05854, 16.3579) -> 23 (4.68044, 16.2404)
    2492 (13.5652, 11.8264) -> 58 (12.3158, 10.8498)
    2493 (12.6338, 14.6924) -> 305 (12.2223, 14.386)
    2494 (14.2385, 17.147) -> 1314 (13.1519, 15.9309)
    2495 (6.37994, 5.43198) -> 4 (5.46501, 6.06124)
    2496 (16.8399, 16.5063) -> 987 (16.2833, 15.4748)
    2497 (7.79743, 4.42846) -> 41 (6.45412, 4.10821)
    2498 (-0.666989, 7.0611) -> 485 (0.574289, 7.30539)
    2499 (14.7382, 15.2852) -> 1480 (14.2854, 14.7879)
    2500 (1.53857, 12.6405) -> 86 (2.47885, 11.9577)
