Length, Risk, TravelTime, Paths.x, Paths.y, Cost, Weight
21.8,61.883,0.350341,"1;1.07635;1.15269;1.22904;1.30539;1.38174;1.45808;1.53726;1.61926;1.70409;1.79175;1.88223;1.97271;2.0632;2.15368;2.24417;2.33465;2.42514;2.51562;2.60611;2.69659;2.78722;2.87798;2.96888;3.05992;3.15111;3.24229;3.33347;3.42465;3.51583;3.60701;3.6982;3.78938;3.88056;3.9723;4.06462;4.15749;4.25093;4.34429;4.43701;4.52909;4.62236;4.71683;4.81313;4.91127;5.01124;5.11122;5.21119;5.31117;5.41114;5.50693;5.59853;5.69115;5.78478;5.87942;5.97926;6.08431;6.18936;6.29441;6.39945;6.5045;6.60955;6.7146;6.81964;6.92469;7.02974;7.1405;7.25698;7.37499;7.49452;7.61559;7.73246;7.84515;7.95784;8.07052;8.18321;8.2959;8.40681;8.51593;8.62327;8.72883;8.83261;8.93639;9.04016;9.14394;9.24772;9.3515;9.45452;9.55677;9.65827;9.76158;9.8667;9.97439;10.0847;10.1963;10.3069;10.4163;10.5246;10.6317;10.7389;10.846;10.9532;11.0603;11.1679;11.2759;11.3843;11.4932;11.6025;11.7118;11.8209;11.9298;12.0384;12.1468;12.255;12.3632;12.4703;12.5765;12.6816;12.7857;12.8887;12.9918;13.0948;13.2003;13.3082;13.4185;13.5313;13.6441;13.7545;13.8625;13.9681;14.0713;14.1746;14.2778;14.381;14.4886;14.6004;14.7166;14.8322;14.9471;15.0571;15.1621;15.2621;15.3621;15.4641;15.5682;15.6744;15.7827;15.893;16.0033;16.1137;16.224;16.3343;16.4423;16.5479;16.6512;16.7522;16.8509;16.9495;17.0482;17.1468;17.2455;17.3442;17.4428;17.5406;17.6375;17.7336;17.8288;17.9232;18.0176;18.1119;18.2063;18.3007;18.395;18.4894;18.5838;18.6792;18.7757;18.8732;18.9718;19.0715;19.1711;19.2708;19.3704;19.4701;19.5702;19.6707;19.7717;19.8731;19.973;20.0711;20.1672;20.2614;20.3537;20.4461;20.5384;20.6307;20.723;20.8154;20.9077;21","15;14.9315;14.8629;14.7944;14.7259;14.6574;14.5888;14.5216;14.4557;14.3912;14.3279;14.266;14.2041;14.1421;14.0802;14.0183;13.9563;13.8944;13.8325;13.7706;13.7086;13.6485;13.59;13.5333;13.4784;13.4252;13.372;13.3188;13.2656;13.2124;13.1592;13.106;13.0529;12.9997;12.9481;12.8982;12.8499;12.8033;12.7585;12.7139;12.6696;12.6264;12.5845;12.5436;12.5037;12.4649;12.4261;12.3873;12.3485;12.3097;12.2728;12.2378;12.2046;12.1731;12.1433;12.1135;12.0834;12.0534;12.0233;11.9933;11.9632;11.9332;11.9031;11.8731;11.843;11.813;11.7827;11.7521;11.7227;11.6944;11.6673;11.6416;11.6173;11.5931;11.5688;11.5445;11.5202;11.4981;11.4782;11.4605;11.4449;11.4316;11.4182;11.4049;11.3915;11.3782;11.3648;11.3526;11.3414;11.3314;11.3234;11.3173;11.3122;11.308;11.3053;11.3031;11.3016;11.3006;11.3001;11.2997;11.2993;11.2989;11.2985;11.2987;11.2995;11.3009;11.3029;11.3055;11.3081;11.3116;11.316;11.3213;11.3274;11.3345;11.3415;11.35;11.3601;11.3717;11.3848;11.3994;11.414;11.4286;11.4447;11.4623;11.4814;11.5021;11.5243;11.5468;11.5694;11.5921;11.615;11.6379;11.6607;11.6836;11.7082;11.7344;11.7624;11.7914;11.8213;11.8506;11.8792;11.9072;11.9351;11.9648;11.9963;12.0295;12.0645;12.1013;12.1381;12.1749;12.2116;12.2484;12.2865;12.3259;12.3665;12.4085;12.4518;12.495;12.5383;12.5815;12.6248;12.668;12.7113;12.7562;12.8026;12.8507;12.9003;12.9516;13.0028;13.0541;13.1053;13.1566;13.2078;13.2591;13.3104;13.3639;13.4199;13.4782;13.5388;13.6017;13.6647;13.7277;13.7906;13.8536;13.9178;13.9833;14.0501;14.1181;14.1884;14.2597;14.332;14.4053;14.4797;14.554;14.6283;14.7027;14.777;14.8513;14.9257;15",0.350341,"0;0;1"
35.2957,4.65895,0.458897,"1;1.12193;1.24986;1.38065;1.5102;1.63135;1.74408;1.8424;1.92169;1.98605;2.04265;2.08917;2.12561;2.15972;2.19151;2.22097;2.25053;2.28018;2.30992;2.33975;2.36968;2.3996;2.42953;2.45945;2.48938;2.52027;2.55212;2.58495;2.61873;2.65349;2.68824;2.723;2.75775;2.79403;2.83183;2.87115;2.91318;2.95793;3.00386;3.05097;3.09928;3.15054;3.20475;3.26359;3.32706;3.3968;3.46986;3.54625;3.62428;3.70396;3.78364;3.86332;3.943;4.02267;4.10806;4.19916;4.29597;4.3985;4.50673;4.61496;4.72268;4.82988;4.93987;5.05264;5.1682;5.28705;5.42234;5.57076;5.72006;5.87022;6.02789;6.17991;6.3263;6.47932;6.64518;6.81725;6.99554;7.18005;7.37187;7.56317;7.75395;7.94422;8.13397;8.32337;8.51403;8.70595;8.89901;9.09321;9.28729;9.47521;9.65698;9.8327;10.0024;10.166;10.3297;10.4975;10.6695;10.8456;11.0259;11.2104;11.3949;11.5734;11.746;11.918;12.0894;12.2602;12.4363;12.6178;12.7993;12.9808;13.1622;13.3437;13.5252;13.7042;13.8792;14.0504;14.2176;14.381;14.5436;14.7112;14.8839;15.0616;15.2443;15.4292;15.6118;15.7921;15.9701;16.1458;16.3215;16.493;16.6602;16.8232;16.982;17.1363;17.2902;17.4439;17.5973;17.7504;17.9035;18.0566;18.208;18.3578;18.5059;18.6523;18.7971;18.9364;19.0702;19.1985;19.3184;19.4299;19.5386;19.6443;19.7492;19.8562;19.9651;20.0703;20.1717;20.2673;20.359;20.4468;20.5363;20.6277;20.7183;20.8062;20.8914;20.968;21.0358;21.0977;21.1512;21.1963;21.239;21.2792;21.317;21.3548;21.3901;21.4228;21.453;21.4768;21.4941;21.5075;21.5169;21.5224;21.5279;21.5315;21.5334;21.5309;21.5238;21.5123;21.4981;21.4812;21.4596;21.4334;21.4025;21.3668;21.3266;21.2779;21.221;21.1556;21.082;21","15;14.9137;14.8164;14.7045;14.571;14.425;14.2667;14.1069;13.9484;13.7982;13.647;13.4938;13.3386;13.1823;13.0249;12.8663;12.7036;12.5368;12.3658;12.1906;12.0112;11.8319;11.6525;11.4732;11.2939;11.117;10.9426;10.7707;10.6013;10.4344;10.2675;10.1006;9.9337;9.76788;9.60316;9.43954;9.277;9.11554;8.95407;8.79257;8.63106;8.46857;8.30511;8.13886;7.96983;7.80326;7.64014;7.48047;7.32604;7.17685;7.02767;6.87849;6.72931;6.58012;6.43433;6.29191;6.15289;6.01725;5.885;5.75274;5.62675;5.50701;5.39396;5.28759;5.1879;5.08863;4.98777;4.88491;4.789;4.70005;4.61626;4.53965;4.47022;4.39902;4.32775;4.25821;4.1904;4.1243;4.06159;4.00316;3.949;3.89912;3.85352;3.81186;3.77152;3.73249;3.69746;3.66641;3.63804;3.61436;3.59535;3.57836;3.56338;3.5504;3.53743;3.52779;3.52148;3.5185;3.51886;3.52255;3.52624;3.53133;3.53783;3.54881;3.56428;3.58424;3.60727;3.63339;3.6595;3.68562;3.71173;3.73785;3.76397;3.79122;3.82019;3.85088;3.88328;3.91741;3.95431;3.99577;4.04178;4.09234;4.14746;4.20733;4.26958;4.33422;4.40124;4.47065;4.54006;4.61183;4.68595;4.76244;4.84129;4.9254;5.01242;5.10234;5.19516;5.29089;5.38661;5.48234;5.58388;5.69124;5.80442;5.92341;6.04822;6.17258;6.29649;6.41995;6.54317;6.66616;6.78936;6.91279;7.04178;7.17614;7.31584;7.45729;7.60049;7.74007;7.88259;8.02804;8.18005;8.33861;8.50675;8.67794;8.85217;9.02436;9.1945;9.35955;9.52293;9.68463;9.84973;10.0183;10.1902;10.3621;10.5363;10.7129;10.8917;11.0682;11.2422;11.4115;11.576;11.7359;11.8957;12.0595;12.2272;12.3951;12.5632;12.7315;12.8961;13.0571;13.224;13.397;13.5759;13.7608;13.9517;14.1489;14.3523;14.562;14.7779;15",0.878902,"0;0.1;0.9"
35.9419,4.60409,0.467407,"1;1.16309;1.32617;1.4753;1.61048;1.73169;1.831;1.90838;1.9778;2.03926;2.09276;2.14316;2.19047;2.23468;2.27579;2.31159;2.34515;2.37649;2.4056;2.43248;2.45925;2.48591;2.51245;2.53879;2.56695;2.59705;2.62909;2.66306;2.69907;2.73507;2.77108;2.80709;2.8431;2.87906;2.91498;2.95085;2.9924;3.03962;3.09256;3.15018;3.21249;3.27377;3.33525;3.39693;3.45986;3.52402;3.58942;3.65482;3.72434;3.79799;3.87576;3.95765;4.04918;4.14621;4.25224;4.36727;4.48983;4.61439;4.74098;4.86781;4.99489;5.12597;5.26106;5.40657;5.56079;5.72237;5.88903;6.06077;6.23117;6.40023;6.57004;6.74058;6.91186;7.07817;7.2395;7.39512;7.55257;7.71186;7.87869;8.05306;8.23498;8.41689;8.59881;8.78072;8.96215;9.14307;9.32351;9.50345;9.68289;9.86234;10.0418;10.2212;10.4007;10.5758;10.7466;10.913;11.0768;11.2378;11.4004;11.5647;11.73;11.895;12.0594;12.2233;12.3883;12.5548;12.7228;12.8922;13.0632;13.2341;13.4051;13.5761;13.747;13.9179;14.0888;14.2596;14.4299;14.5996;14.7687;14.9373;15.1054;15.2735;15.4429;15.6136;15.7858;15.9592;16.134;16.3085;16.4826;16.6563;16.8296;17.0026;17.1757;17.3487;17.5217;17.6948;17.8634;18.0276;18.1846;18.3344;18.4769;18.6166;18.7535;18.9;19.042;19.1795;19.3125;19.4498;19.5819;19.7181;19.8585;20.0031;20.141;20.2693;20.3928;20.5116;20.6232;20.7297;20.8338;20.9298;21.0176;21.0995;21.1745;21.2425;21.3101;21.3774;21.4444;21.5089;21.571;21.6299;21.6825;21.7287;21.7717;21.8114;21.848;21.8797;21.9069;21.9296;21.9477;21.9589;21.9678;21.9743;21.9749;21.9698;21.9614;21.9497;21.9297;21.9046;21.8744;21.8384;21.7964;21.75;21.6992;21.6439;21.5718;21.4828;21.3797;21.2627;21.1323;21","15;14.8938;14.7877;14.6742;14.5534;14.4253;14.2857;14.1345;13.9792;13.8196;13.6559;13.4855;13.3086;13.1251;12.9351;12.7401;12.5466;12.3547;12.1643;11.9755;11.7904;11.6091;11.4315;11.2626;11.0942;10.9226;10.7478;10.5698;10.3838;10.1978;10.0117;9.82569;9.63966;9.46134;9.29074;9.12787;8.96238;8.7943;8.6159;8.4341;8.2489;8.07063;7.90036;7.73807;7.57685;7.4167;7.25761;7.09852;6.94428;6.79489;6.65034;6.51064;6.37265;6.2315;6.088;5.94216;5.7962;5.65326;5.51335;5.38131;5.25712;5.13976;5.02922;4.92366;4.81745;4.71683;4.6206;4.52877;4.44463;4.36819;4.29662;4.22994;4.16814;4.11173;4.06071;4.01166;3.96583;3.92321;3.88185;3.84174;3.80287;3.76401;3.72515;3.68629;3.65316;3.62574;3.60405;3.58808;3.57783;3.56758;3.55734;3.54709;3.53684;3.52837;3.52168;3.51677;3.51509;3.51664;3.51965;3.5241;3.53157;3.54059;3.55116;3.5633;3.57833;3.5947;3.61243;3.63149;3.65191;3.67232;3.69273;3.71314;3.73356;3.75711;3.7838;3.81363;3.84825;3.88767;3.92875;3.97149;4.01588;4.06027;4.10937;4.16317;4.22168;4.28489;4.3528;4.42186;4.49206;4.56637;4.64478;4.72731;4.81281;4.90128;4.98975;5.07821;5.16792;5.25886;5.35159;5.44608;5.54236;5.63917;5.73652;5.84686;5.95806;6.07012;6.18303;6.30868;6.43407;6.56817;6.71098;6.8625;7.01494;7.16551;7.31737;7.47053;7.62844;7.78701;7.94904;8.10682;8.26037;8.40623;8.54562;8.67852;8.82072;8.97221;9.13301;9.30017;9.47369;9.64549;9.81485;9.98177;10.148;10.3135;10.4783;10.6279;10.7761;10.9227;11.0677;11.2143;11.3775;11.5438;11.7157;11.8933;12.0736;12.2565;12.448;12.6455;12.849;13.044;13.2306;13.409;13.5792;13.7414;13.9208;14.1174;14.3247;14.5427;14.7716;15",1.29474,"0;0.2;0.8"
36.4618,4.58075,0.474136,"1;1.17718;1.30906;1.44338;1.56504;1.67405;1.77842;1.87817;1.97083;2.04763;2.10856;2.1607;2.20405;2.2386;2.27147;2.30267;2.33218;2.36002;2.38618;2.41235;2.43851;2.46467;2.49083;2.51699;2.5443;2.57275;2.60235;2.63309;2.66498;2.69687;2.72876;2.76177;2.79591;2.83117;2.87002;2.91246;2.95735;3.00471;3.05453;3.10434;3.15416;3.20598;3.25979;3.31771;3.37973;3.44584;3.51407;3.58442;3.65479;3.72868;3.80608;3.88698;3.97137;4.06172;4.15454;4.24983;4.35034;4.45606;4.56453;4.6782;4.79708;4.91842;5.04223;5.1685;5.30866;5.46271;5.62241;5.78776;5.95875;6.12152;6.28568;6.4595;6.64295;6.82986;7.02022;7.20439;7.38237;7.55416;7.72596;7.89775;8.07042;8.24398;8.41843;8.59375;8.76996;8.94617;9.12436;9.30453;9.48668;9.67081;9.85692;10.0423;10.227;10.411;10.5943;10.7768;10.9594;11.142;11.3246;11.516;11.7164;11.9162;12.1152;12.3136;12.5024;12.6891;12.8765;13.0647;13.2538;13.4437;13.6304;13.8205;14.0101;14.1991;14.3876;14.5722;14.7499;14.9248;15.0968;15.2659;15.4337;15.603;15.7737;15.946;16.1198;16.2935;16.4673;16.6411;16.8148;16.9856;17.1534;17.3182;17.4801;17.639;17.7978;17.9567;18.114;18.2697;18.424;18.5771;18.7288;18.8808;19.0332;19.1855;19.3378;19.4928;19.6459;19.797;19.946;20.091;20.2293;20.3655;20.4941;20.6152;20.7308;20.8409;20.9454;21.047;21.1458;21.2416;21.3345;21.4205;21.5024;21.5803;21.654;21.7237;21.7934;21.8631;21.9286;21.9899;22.047;22.0998;22.1484;22.1939;22.2361;22.2703;22.2964;22.3144;22.3279;22.3318;22.3309;22.3253;22.3149;22.2951;22.271;22.2427;22.2078;22.1664;22.1226;22.0766;22.0161;21.9433;21.8583;21.7611;21.6516;21.5412;21.4209;21.2905;21.1593;21","15;14.898;14.7936;14.6785;14.5518;14.4136;14.2612;14.0946;13.9246;13.7501;13.5711;13.3911;13.2101;13.0279;12.8479;12.67;12.4943;12.3206;12.1491;11.9776;11.8061;11.6345;11.463;11.2915;11.1182;10.9432;10.7664;10.5878;10.4074;10.2271;10.0468;9.86933;9.69484;9.52327;9.35354;9.18565;9.01669;8.84664;8.67551;8.50438;8.33325;8.16531;8.00055;7.83444;7.66698;7.49818;7.32483;7.15255;6.98588;6.82607;6.67315;6.5271;6.38233;6.24019;6.09939;5.95994;5.82596;5.69745;5.57306;5.45397;5.34017;5.22755;5.11609;5.00581;4.89359;4.77943;4.67262;4.57315;4.48102;4.39818;4.32461;4.25102;4.17742;4.1106;4.05055;3.99729;3.95082;3.91113;3.87145;3.83177;3.79433;3.75913;3.72617;3.69546;3.66699;3.63852;3.61207;3.58763;3.56522;3.54483;3.52646;3.51181;3.50088;3.49367;3.49017;3.4904;3.49063;3.49086;3.49108;3.49267;3.49561;3.50171;3.51097;3.52338;3.53761;3.55542;3.57557;3.59807;3.6229;3.65008;3.68018;3.71266;3.7477;3.78531;3.82548;3.86583;3.90778;3.95115;3.99593;4.04213;4.0933;4.148;4.20626;4.26805;4.3334;4.39874;4.46409;4.52943;4.59478;4.66381;4.73653;4.81293;4.89302;4.9768;5.06058;5.14435;5.23023;5.3182;5.41081;5.50807;5.60997;5.71442;5.82142;5.92843;6.03543;6.14941;6.26947;6.39561;6.52783;6.66573;6.80235;6.93856;7.07424;7.20937;7.34434;7.47917;7.61384;7.75251;7.89516;8.04179;8.19242;8.34846;8.50594;8.66484;8.82518;8.98694;9.14871;9.31047;9.47557;9.644;9.81577;9.99087;10.1693;10.3505;10.5344;10.7168;10.8976;11.0767;11.2735;11.4695;11.6691;11.8722;12.0789;12.2678;12.4574;12.6475;12.83;13.0047;13.1711;13.3292;13.4838;13.6434;13.8079;13.9774;14.1517;14.3134;14.479;14.6487;14.8056;15",1.70612,"0;0.3;0.7"
36.7871,4.57165,0.479226,"1;1.20658;1.34286;1.49359;1.62363;1.74469;1.84758;1.9323;2.00737;2.06926;2.11798;2.16271;2.20345;2.24067;2.27788;2.31232;2.34397;2.37285;2.39896;2.42228;2.4456;2.46893;2.49225;2.51659;2.54194;2.5683;2.59568;2.62407;2.65247;2.68086;2.70925;2.74121;2.77674;2.81585;2.85852;2.90717;2.95823;3.01169;3.06756;3.12584;3.18412;3.2424;3.29993;3.35671;3.4176;3.4826;3.55171;3.62568;3.70449;3.78331;3.85111;3.93164;4.01389;4.09787;4.19703;4.31958;4.44175;4.57457;4.72372;4.87573;5.02851;5.18204;5.33634;5.49125;5.64677;5.80783;5.9771;6.15457;6.33471;6.51346;6.69085;6.86419;7.0335;7.20599;7.38568;7.56757;7.75165;7.93792;8.11917;8.29539;8.47497;8.65791;8.8442;9.03384;9.22684;9.41604;9.60146;9.78309;9.96093;10.135;10.309;10.4831;10.6617;10.8449;11.0297;11.2161;11.4041;11.5892;11.7713;11.9534;12.1359;12.3188;12.502;12.6856;12.8695;13.0591;13.2544;13.4465;13.6355;13.8214;13.9985;14.1669;14.3352;14.5076;14.6841;14.8647;15.0493;15.2379;15.4215;15.5999;15.7732;15.9414;16.1044;16.2778;16.4616;16.6493;16.8408;17.0363;17.2286;17.407;17.578;17.7416;17.9021;18.0563;18.2148;18.3779;18.5449;18.7117;18.878;19.0388;19.1942;19.3443;19.4905;19.6326;19.7758;19.9201;20.0656;20.2098;20.353;20.4869;20.6116;20.7271;20.8329;20.9291;21.026;21.1237;21.2222;21.323;21.4267;21.5312;21.6363;21.7362;21.8309;21.9196;21.9994;22.0702;22.1364;22.198;22.255;22.3105;22.3599;22.4046;22.4447;22.4802;22.5111;22.5389;22.5637;22.5794;22.5863;22.5841;22.5761;22.5622;22.5417;22.5148;22.4813;22.4413;22.391;22.337;22.2797;22.2191;22.1593;22.0827;21.9984;21.9059;21.8052;21.6922;21.5607;21.4014;21.2422;21","15;14.925;14.7952;14.6756;14.5386;14.3934;14.2423;14.0854;13.9309;13.7705;13.6042;13.4299;13.2474;13.0568;12.8661;12.6788;12.4949;12.3143;12.1371;11.9632;11.7894;11.6155;11.4416;11.2652;11.0862;10.9045;10.7203;10.5335;10.3468;10.16;9.97319;9.78853;9.60601;9.42561;9.24735;9.06905;8.88859;8.70596;8.52117;8.33421;8.14725;7.96029;7.78417;7.61887;7.45908;7.30479;7.156;7.00187;6.84242;6.68296;6.54763;6.40108;6.26325;6.13413;5.99932;5.8424;5.69873;5.54837;5.39273;5.24621;5.10976;4.98337;4.86704;4.76194;4.66805;4.57671;4.48926;4.40571;4.32349;4.24869;4.18129;4.11998;4.06473;4.01484;3.96423;3.91673;3.87234;3.83105;3.79359;3.75996;3.72711;3.69502;3.6637;3.63316;3.60338;3.57829;3.55789;3.54216;3.53113;3.52477;3.51842;3.51206;3.50803;3.50633;3.50696;3.50993;3.51524;3.52055;3.52588;3.5312;3.53994;3.55209;3.56765;3.58662;3.60901;3.63243;3.65689;3.68389;3.71342;3.74548;3.77905;3.81411;3.84917;3.88729;3.92847;3.97271;4.02001;4.07037;4.1209;4.17161;4.22249;4.27354;4.32477;4.38157;4.44395;4.51152;4.58429;4.66226;4.74259;4.82239;4.90203;4.98153;5.06515;5.15016;5.23943;5.33298;5.43501;5.54126;5.65174;5.76285;5.87459;5.98276;6.09117;6.19982;6.31231;6.42862;6.54876;6.67295;6.80121;6.92965;7.05827;7.18709;7.31104;7.43014;7.55556;7.68731;7.8254;7.9708;8.12805;8.28981;8.4561;8.62593;8.79928;8.97165;9.13643;9.29364;9.44946;9.60391;9.75698;9.91526;10.0818;10.2515;10.4242;10.6;10.7789;10.954;11.1254;11.2967;11.4679;11.639;11.8138;11.9923;12.1714;12.351;12.531;12.7117;12.8973;13.0875;13.2661;13.4331;13.5794;13.7369;13.8793;14.0226;14.1668;14.3212;14.4659;14.6273;14.7887;15",2.11619,"0;0.4;0.6"
37.1057,4.56553,0.483719,"1;1.14141;1.28281;1.41648;1.5407;1.65385;1.75592;1.84231;1.91966;1.98965;2.05393;2.1125;2.16994;2.22134;2.2667;2.30602;2.33929;2.36653;2.39376;2.41978;2.44458;2.46816;2.49053;2.51167;2.53282;2.55646;2.58261;2.61125;2.64239;2.67603;2.70967;2.74331;2.77695;2.8065;2.83955;2.8761;2.91614;2.95969;3.01081;3.063;3.11625;3.17056;3.22593;3.28287;3.34031;3.39826;3.46096;3.5284;3.60046;3.67714;3.75845;3.84015;3.92496;4.01252;4.10283;4.19519;4.28962;4.39093;4.49914;4.61779;4.74758;4.88849;5.02854;5.16773;5.3257;5.49187;5.66622;5.85317;6.0513;6.23742;6.4225;6.60653;6.78224;6.95105;7.12129;7.29257;7.46491;7.64556;7.83453;8.02177;8.20728;8.39106;8.58739;8.78601;8.98865;9.19531;9.40599;9.6064;9.80481;10.0012;10.1956;10.388;10.5784;10.7627;10.941;11.1187;11.2958;11.4725;11.6546;11.8379;12.0169;12.1915;12.3652;12.538;12.7141;12.8935;13.0764;13.2592;13.4344;13.6022;13.7701;13.9381;14.1062;14.282;14.4654;14.6488;14.8322;15.0148;15.1967;15.3778;15.5582;15.7378;15.9173;16.0941;16.268;16.4391;16.6073;16.7736;16.9408;17.1089;17.2772;17.4458;17.6137;17.781;17.9476;18.1143;18.2759;18.4326;18.5843;18.7311;18.8731;19.0154;19.1578;19.3006;19.4451;19.5913;19.739;19.8883;20.0393;20.1886;20.3364;20.4796;20.6182;20.7522;20.8833;21.0114;21.1312;21.2427;21.3454;21.4394;21.5262;21.6142;21.7032;21.7939;21.8864;21.9791;22.0661;22.1473;22.2225;22.2902;22.3504;22.4091;22.4643;22.5161;22.5659;22.6104;22.6494;22.685;22.7115;22.7289;22.7408;22.7419;22.7323;22.7176;22.695;22.6646;22.6315;22.5907;22.5344;22.4646;22.3811;22.2733;22.1571;22.0402;21.9196;21.7954;21.5959;21.4133;21.0203;21","15;14.9094;14.8188;14.7197;14.6097;14.4869;14.3516;14.2053;14.052;13.8944;13.734;13.5709;13.4034;13.2319;13.0566;12.8773;12.6941;12.507;12.3199;12.1339;11.9489;11.7649;11.5819;11.3999;11.218;11.0365;10.8553;10.6746;10.4943;10.3144;10.1346;9.95467;9.77478;9.6194;9.46126;9.30036;9.13671;8.9703;8.77664;8.5844;8.39358;8.20418;8.0162;7.83595;7.662;7.49435;7.32933;7.16694;7.00329;6.83838;6.6722;6.50843;6.34951;6.19305;6.03903;5.89242;5.75322;5.61363;5.47366;5.33889;5.20435;5.07005;4.94935;4.84227;4.73114;4.6268;4.52926;4.43047;4.33545;4.25629;4.18336;4.11668;4.05977;4.00762;3.95973;3.91486;3.87303;3.8307;3.78787;3.74849;3.71255;3.68006;3.65128;3.62777;3.60608;3.58621;3.56816;3.55166;3.5372;3.52478;3.51439;3.50603;3.49971;3.49475;3.49114;3.49068;3.49337;3.4992;3.50683;3.51685;3.52749;3.53873;3.55161;3.56614;3.5817;3.59831;3.61595;3.63359;3.65271;3.67329;3.6981;3.72713;3.76039;3.7964;3.83516;3.87392;3.91268;3.95448;3.99932;4.0472;4.09811;4.15207;4.20603;4.26192;4.31976;4.37954;4.44126;4.50603;4.57191;4.6389;4.71195;4.79107;4.87513;4.96415;5.05812;5.15209;5.24495;5.33671;5.42736;5.51691;5.60787;5.70136;5.79736;5.89589;6.00314;6.11658;6.23622;6.36206;6.4941;6.62682;6.76023;6.89655;7.0358;7.17797;7.32237;7.469;7.61241;7.75257;7.8896;8.02347;8.15706;8.29359;8.43306;8.58207;8.74062;8.90585;9.07288;9.24171;9.40566;9.56708;9.72597;9.88722;10.0539;10.226;10.4011;10.5833;10.7725;10.9657;11.1597;11.3547;11.5466;11.7444;11.9481;12.1606;12.3716;12.581;12.7799;12.971;13.1628;13.3555;13.549;13.7554;13.9475;14.1167;14.2723;14.4142;14.5768;14.7172;14.9914;15",2.52462,"0;0.5;0.5"
36.3254,3.00067,2.07785,"1;1.13083;1.27956;1.41699;1.55649;1.68522;1.79721;1.89246;1.98228;2.05333;2.11845;2.17763;2.22931;2.27348;2.31609;2.35697;2.39612;2.43511;2.47395;2.51263;2.55132;2.59002;2.62874;2.66747;2.70622;2.74497;2.78371;2.82295;2.86268;2.9029;2.94361;2.98481;3.02601;3.06806;3.11096;3.1547;3.19928;3.24918;3.30336;3.36182;3.42457;3.4916;3.55844;3.62529;3.69213;3.75898;3.83421;3.91297;3.99526;4.08108;4.17044;4.25494;4.34264;4.43352;4.5276;4.62488;4.72431;4.82271;4.92322;5.02584;5.13189;5.24239;5.35735;5.47362;5.59847;5.73058;5.86996;6.01701;6.17175;6.32691;6.48264;6.63894;6.79539;6.95198;7.10873;7.27117;7.43929;7.61311;7.79262;7.96461;8.1379;8.31247;8.48835;8.66551;8.85717;9.05148;9.24842;9.44801;9.64649;9.84384;10.0374;10.2273;10.4084;10.5846;10.7559;10.9223;11.0853;11.2498;11.4159;11.5848;11.7565;11.9294;12.1036;12.279;12.4544;12.6269;12.7964;12.9536;13.108;13.2598;13.4118;13.5641;13.7319;13.9054;14.0847;14.2697;14.4604;14.6474;14.8308;15.0083;15.1799;15.3457;15.5093;15.6708;15.8322;15.9936;16.1551;16.3167;16.4783;16.6399;16.8015;16.9631;17.1238;17.2835;17.4423;17.6002;17.7571;17.9099;18.0586;18.2032;18.3437;18.4808;18.6185;18.7569;18.896;19.0358;19.1755;19.3122;19.4459;19.5764;19.7039;19.8284;19.9528;20.0758;20.1971;20.317;20.4353;20.552;20.6667;20.7792;20.8896;20.9979;21.104;21.2102;21.315;21.4183;21.5203;21.6208;21.7168;21.8095;21.8927;21.9663;22.0304;22.0882;22.1396;22.1885;22.2347;22.2758;22.3116;22.3421;22.37;22.3934;22.408;22.4138;22.4107;22.3978;22.3768;22.3473;22.3178;22.2773;22.2267;22.1509;22.0683;21.9704;21.8565;21.7269;21.5818;21.4104;21.2274;21","15;15.0636;15.1637;15.2626;15.3835;15.52;15.66;15.8035;15.9517;16.0969;16.2453;16.397;16.5509;16.7071;16.8624;17.02;17.18;17.3432;17.5098;17.6796;17.8496;18.0198;18.1902;18.3608;18.5315;18.7023;18.8731;19.044;19.2151;19.3863;19.5577;19.7292;19.9008;20.0728;20.2452;20.4181;20.5914;20.7815;20.9694;21.1552;21.3386;21.5199;21.6825;21.8452;22.0078;22.1704;22.3493;22.5256;22.6992;22.8703;23.0387;23.1884;23.3363;23.4826;23.6273;23.7702;23.9063;24.037;24.1633;24.2851;24.4019;24.5189;24.6362;24.7529;24.8707;24.9901;25.1112;25.2296;25.3454;25.4569;25.5601;25.6552;25.7462;25.8332;25.9162;25.9978;26.0777;26.1562;26.2331;26.3022;26.3674;26.4288;26.4864;26.5401;26.5963;26.6489;26.6978;26.7431;26.7816;26.8132;26.8416;26.8668;26.8853;26.9003;26.9119;26.9199;26.9226;26.9233;26.9222;26.9175;26.9092;26.8991;26.8874;26.8739;26.8604;26.8449;26.8272;26.8087;26.7863;26.7599;26.7318;26.7018;26.6648;26.6238;26.5789;26.5301;26.4773;26.4237;26.3693;26.3116;26.2508;26.1866;26.1201;26.051;25.982;25.9095;25.8335;25.754;25.6711;25.5847;25.4983;25.4118;25.3215;25.2274;25.1293;25.0273;24.9215;24.8172;24.7143;24.613;24.5132;24.4107;24.3041;24.1934;24.0786;23.9597;23.8407;23.7182;23.592;23.4621;23.3286;23.1915;23.0544;22.9146;22.7722;22.6271;22.4795;22.3291;22.1733;22.0119;21.8449;21.6724;21.4944;21.3163;21.136;20.9535;20.7686;20.5815;20.3886;20.1922;20.0017;19.8172;19.6387;19.4696;19.31;19.1494;18.9877;18.8205;18.6478;18.4696;18.2869;18.0919;17.903;17.72;17.543;17.3727;17.2168;17.0354;16.8712;16.6963;16.5098;16.3032;16.1276;15.9402;15.7605;15.5886;15.4406;15.2917;15.1344;15",2.63155,"0;0.6;0.4"
37.2106,2.9342,2.19791,"1;1.18371;1.3597;1.52797;1.67558;1.80254;1.90884;2.00549;2.08359;2.15607;2.22294;2.2842;2.33382;2.38071;2.42488;2.46546;2.50245;2.53858;2.57384;2.60825;2.64266;2.67706;2.71147;2.74684;2.78318;2.82048;2.85874;2.89797;2.93719;2.97844;3.02172;3.06701;3.11433;3.16367;3.21301;3.26595;3.32248;3.38261;3.44633;3.51365;3.58722;3.66502;3.74704;3.83329;3.92214;4.00733;4.09089;4.17281;4.25698;4.34501;4.43691;4.53267;4.6323;4.73334;4.83578;4.93963;5.04488;5.1573;5.27547;5.3994;5.52908;5.66452;5.80199;5.9415;6.08727;6.2393;6.3976;6.56047;6.72793;6.89573;7.06389;7.2324;7.40443;7.57997;7.75402;7.92657;8.09762;8.26485;8.42825;8.59285;8.76115;8.93315;9.11144;9.29601;9.48742;9.68315;9.88321;10.0772;10.265;10.4462;10.6207;10.7942;10.9735;11.1584;11.3498;11.5476;11.7461;11.9453;12.1376;12.3222;12.4991;12.6684;12.8368;13.012;13.194;13.3829;13.5785;13.765;13.9423;14.1104;14.2704;14.4223;14.5752;14.7348;14.9013;15.0734;15.2534;15.4412;15.631;15.823;16.0122;16.1967;16.3765;16.5514;16.7216;16.8935;17.067;17.2359;17.4003;17.5601;17.7137;17.8612;18.0087;18.1556;18.302;18.4478;18.5931;18.7379;18.8826;19.0271;19.1713;19.3152;19.4589;19.6023;19.7406;19.8739;20.002;20.1252;20.2432;20.3613;20.4793;20.5959;20.711;20.8246;20.9337;21.0382;21.1396;21.238;21.3333;21.4286;21.5223;21.6141;21.7006;21.7817;21.8573;21.9292;21.9975;22.0657;22.1339;22.2022;22.2652;22.3231;22.3759;22.4235;22.4625;22.4979;22.5299;22.5584;22.5834;22.6036;22.6191;22.6297;22.6312;22.6236;22.6059;22.5779;22.5397;22.4898;22.4281;22.3606;22.2783;22.1811;22.075;21.9549;21.821;21.7045;21.5298;21.3627;21.086;21","15;15.0947;15.199;15.3127;15.4394;15.579;15.7316;15.8944;16.0661;16.2433;16.4259;16.6139;16.7975;16.9781;17.1556;17.3307;17.5034;17.6767;17.8505;18.0249;18.1993;18.3737;18.5481;18.7232;18.8988;19.0752;19.2521;19.4297;19.6072;19.7859;19.9658;20.1467;20.3288;20.5121;20.6953;20.8802;21.0668;21.255;21.445;21.6366;21.8396;22.0424;22.245;22.4473;22.6422;22.8181;22.9868;23.1482;23.299;23.4465;23.5907;23.7316;23.8692;24.0086;24.1497;24.2925;24.437;24.581;24.7229;24.8625;24.9999;25.1351;25.2656;25.3916;25.5142;25.6333;25.7491;25.8609;25.9689;26.0718;26.1696;26.2623;26.3533;26.4425;26.5247;26.5997;26.6677;26.729;26.7837;26.8372;26.8874;26.9343;26.9793;27.0222;27.0614;27.0987;27.1344;27.1648;27.1899;27.2118;27.2303;27.2437;27.2554;27.2651;27.2701;27.2701;27.2671;27.261;27.2488;27.2336;27.2153;27.194;27.1665;27.1357;27.1017;27.0644;27.0239;26.9842;26.9451;26.9067;26.8667;26.8253;26.7817;26.7321;26.6766;26.6173;26.5524;26.4819;26.4096;26.3355;26.2582;26.1794;26.0992;26.0176;25.9346;25.8485;25.7591;25.6674;25.5733;25.477;25.3815;25.2868;25.1922;25.0925;24.9878;24.8782;24.7635;24.6439;24.5242;24.4009;24.2738;24.1431;24.0086;23.8705;23.7337;23.5984;23.4645;23.332;23.2009;23.0699;22.9388;22.8032;22.6631;22.5185;22.371;22.2209;22.0724;21.9257;21.7808;21.6358;21.4873;21.3353;21.1798;21.0207;20.8582;20.6957;20.5332;20.3707;20.2082;20.0457;19.8825;19.7186;19.5539;19.3885;19.2191;19.0462;18.8699;18.6903;18.5073;18.3243;18.1414;17.9586;17.7743;17.5885;17.3978;17.2019;17.0011;16.8028;16.6069;16.4171;16.2372;16.0673;15.9012;15.7453;15.5995;15.4799;15.3422;15.2261;15.0504;15",2.71331,"0;0.7;0.3"
38.2013,2.88758,2.33913,"1;1.23514;1.39358;1.5586;1.69291;1.7977;1.89755;1.987;2.06607;2.13398;2.19535;2.25017;2.2997;2.34337;2.39107;2.43619;2.47872;2.51867;2.55661;2.59254;2.62848;2.66405;2.69926;2.73411;2.76859;2.80272;2.83684;2.87322;2.91186;2.95275;2.99589;3.0413;3.0867;3.13245;3.17856;3.22502;3.27404;3.32561;3.37939;3.43557;3.49415;3.55293;3.61607;3.68358;3.75717;3.83683;3.92256;4.01175;4.10439;4.1986;4.29405;4.39075;4.48716;4.58325;4.66432;4.75108;4.84353;4.94167;5.04549;5.17239;5.30199;5.43426;5.56773;5.70239;5.83557;5.96725;6.10711;6.25662;6.4158;6.58463;6.75544;6.91856;7.07401;7.23506;7.40172;7.5783;7.76478;7.96116;8.15417;8.33508;8.50727;8.67697;8.84419;9.00892;9.1815;9.36193;9.54396;9.7311;9.92333;10.1191;10.3183;10.5209;10.7161;10.9036;11.0895;11.2737;11.4563;11.654;11.8667;12.071;12.2669;12.4601;12.6414;12.8109;12.9861;13.1652;13.3432;13.5201;13.6958;13.8775;14.0669;14.2633;14.4555;14.6435;14.8231;14.9942;15.157;15.3259;15.5009;15.679;15.8602;16.0447;16.2267;16.4064;16.5838;16.7587;16.9313;17.1039;17.2746;17.4433;17.6101;17.7749;17.9378;18.1033;18.2715;18.4423;18.6086;18.7705;18.9254;19.0732;19.2139;19.3546;19.4954;19.6349;19.7733;19.9105;20.0466;20.1814;20.3163;20.4474;20.5747;20.6982;20.818;20.9324;21.0451;21.1561;21.2655;21.3744;21.4845;21.5958;21.7004;21.7984;21.8886;21.9713;22.0465;22.1221;22.1979;22.2741;22.3502;22.4263;22.4979;22.565;22.6278;22.6835;22.7323;22.7745;22.8103;22.8395;22.8606;22.8736;22.8823;22.8868;22.8855;22.875;22.8552;22.8265;22.7889;22.7384;22.6825;22.6199;22.5502;22.4591;22.3524;22.2492;22.1236;21.9756;21.7699;21.5513;21.216;21","15;15.1053;15.2436;15.3717;15.5077;15.6422;15.786;15.9409;16.1069;16.2594;16.4172;16.5805;16.7386;16.9001;17.0893;17.2805;17.4738;17.6691;17.8578;18.04;18.2222;18.4037;18.5845;18.7646;18.944;19.1226;19.3013;19.4793;19.6567;19.8334;20.0095;20.1849;20.3603;20.5317;20.699;20.8622;21.0258;21.1895;21.3576;21.5265;21.6963;21.8626;22.0349;22.2132;22.3974;22.5875;22.7835;22.9746;23.1608;23.3456;23.5225;23.6915;23.8539;24.0098;24.1349;24.2637;24.3962;24.5325;24.6724;24.8353;24.9933;25.1465;25.2897;25.4229;25.551;25.6741;25.7934;25.9142;26.0363;26.1598;26.276;26.3836;26.4825;26.5781;26.6703;26.762;26.8529;26.9433;27.0276;27.1;27.1663;27.2257;27.2781;27.3236;27.3665;27.4068;27.4455;27.48;27.5103;27.5382;27.5636;27.5865;27.6065;27.6236;27.6357;27.643;27.6453;27.642;27.6331;27.6209;27.6055;27.5847;27.5621;27.5377;27.5112;27.4824;27.4523;27.4209;27.3881;27.3495;27.3052;27.2565;27.2055;27.1524;27.1004;27.0493;26.9992;26.9423;26.8787;26.8095;26.7347;26.6545;26.5728;26.4898;26.4055;26.3197;26.2326;26.1455;26.0549;25.9608;25.8631;25.7619;25.6572;25.5481;25.4345;25.3165;25.1961;25.0731;24.952;24.8328;24.7156;24.5983;24.481;24.3581;24.2296;24.0954;23.9556;23.8101;23.6646;23.5197;23.3752;23.2313;23.0879;22.9423;22.794;22.643;22.4892;22.3266;22.1579;21.9831;21.8103;21.6395;21.4768;21.3195;21.1677;21.0132;20.856;20.6838;20.4993;20.3023;20.0954;19.8786;19.664;19.4548;19.2508;19.0488;18.8489;18.6511;18.4576;18.2684;18.0844;17.9055;17.7276;17.5411;17.3461;17.1555;16.9694;16.7892;16.6195;16.4625;16.3053;16.1429;15.9779;15.8359;15.6983;15.5649;15.418;15.2905;15.081;15",2.77789,"0;0.8;0.2"
39.4259,2.8542,2.51805,"1;1.10042;1.28254;1.41898;1.55949;1.68748;1.79309;1.89357;1.98362;2.06506;2.1332;2.19791;2.25975;2.31871;2.37297;2.42394;2.47161;2.51597;2.55704;2.59481;2.63258;2.67105;2.71022;2.7501;2.79068;2.83197;2.87329;2.91465;2.95604;2.99746;3.03949;3.08208;3.12523;3.16896;3.21399;3.25977;3.3063;3.35358;3.40592;3.46259;3.52357;3.58888;3.65842;3.72789;3.79729;3.87385;3.95757;4.04717;4.14263;4.24397;4.34393;4.44653;4.55315;4.66267;4.77509;4.89556;5.02005;5.14858;5.27362;5.39518;5.51986;5.64769;5.77865;5.91877;6.06806;6.21473;6.3588;6.50025;6.6467;6.79815;6.9546;7.11713;7.28629;7.45709;7.62952;7.80358;7.97678;8.14855;8.31889;8.48683;8.65237;8.81694;8.98719;9.1631;9.35415;9.56036;9.77991;10.0062;10.2391;10.4677;10.6921;10.9047;11.1058;11.2948;11.4743;11.6443;11.8176;12.0022;12.1986;12.4068;12.627;12.8497;13.0669;13.2784;13.4838;13.6831;13.8819;14.0803;14.2782;14.4743;14.6684;14.8605;15.0507;15.2389;15.4347;15.6379;15.8399;16.0406;16.2399;16.4305;16.6146;16.801;16.9897;17.1792;17.3696;17.5585;17.7422;17.9208;18.0957;18.2669;18.4343;18.6018;18.7693;18.9321;19.0904;19.2441;19.3932;19.5377;19.6787;19.8163;19.9504;20.0811;20.2097;20.3396;20.471;20.6037;20.7377;20.8718;20.9989;21.1189;21.2318;21.3387;21.4395;21.5412;21.6502;21.759;21.8667;21.9732;22.0785;22.1722;22.2618;22.3473;22.4268;22.5004;22.5721;22.6419;22.7099;22.7778;22.8422;22.9031;22.9579;23.0066;23.0492;23.0893;23.1231;23.153;23.179;23.2011;23.2148;23.2232;23.2261;23.2236;23.2095;23.1883;23.1599;23.1208;23.0709;23.0166;22.9361;22.8299;22.7103;22.5773;22.4209;22.2697;22.1245;21.9766;21.8352;21.6125;21.586;21","15;15.0307;15.1395;15.2282;15.3387;15.457;15.5812;15.7217;15.8649;16.0213;16.1895;16.3714;16.5624;16.7624;16.9608;17.1601;17.3602;17.5612;17.763;17.9657;18.1685;18.3704;18.5717;18.7721;18.9718;19.1708;19.3639;19.5513;19.7327;19.9084;20.0792;20.2511;20.4239;20.5978;20.7712;20.9431;21.1136;21.2827;21.4549;21.6316;21.813;21.9989;22.184;22.3638;22.5382;22.7175;22.9017;23.0897;23.2815;23.4771;23.6661;23.8521;24.0414;24.226;24.4059;24.5847;24.7591;24.929;25.0906;25.2438;25.3931;25.5382;25.6793;25.8209;25.963;26.0977;26.2249;26.3447;26.4635;26.5814;26.6984;26.8112;26.9186;27.0215;27.1198;27.2137;27.3018;27.3857;27.4652;27.538;27.6039;27.6673;27.7278;27.7855;27.8409;27.894;27.9405;27.981;28.0152;28.0428;28.0635;28.0802;28.0928;28.0996;28.1034;28.1039;28.1015;28.0924;28.0783;28.0592;28.0355;28.0064;27.9756;27.9432;27.9069;27.8664;27.8236;27.7786;27.7312;27.6818;27.6303;27.5766;27.5208;27.463;27.3996;27.3308;27.2574;27.1794;27.0968;27.0152;26.9298;26.8397;26.7449;26.6449;26.5395;26.4335;26.3258;26.2162;26.1054;25.9934;25.8802;25.7671;25.6539;25.5393;25.4233;25.3058;25.1869;25.0665;24.9459;24.8251;24.704;24.5828;24.4547;24.3202;24.1791;24.0316;23.8775;23.7234;23.5741;23.4296;23.2899;23.1495;23.0083;22.8617;22.6961;22.5236;22.3498;22.1745;21.9979;21.8336;21.6693;21.5052;21.3377;21.1668;20.9924;20.8144;20.6329;20.4514;20.2672;20.0803;19.8951;19.7117;19.5299;19.3526;19.1783;19.0027;18.8256;18.6472;18.4711;18.2935;18.1141;17.9332;17.7418;17.5362;17.332;17.1305;16.9318;16.7446;16.5526;16.3483;16.1554;15.9739;15.7965;15.6517;15.5388;15.4327;15.3406;15.2391;15.2005;15",2.82059,"0;0.9;0.1"
41.124,2.84012,2.81075,"1;1.19843;1.33594;1.49688;1.64159;1.77188;1.8897;1.99271;2.0809;2.16334;2.24037;2.31004;2.37234;2.42729;2.47384;2.5204;2.56696;2.61351;2.65744;2.69875;2.73744;2.7735;2.80694;2.84038;2.87548;2.91226;2.95071;2.99082;3.03433;3.07956;3.12652;3.1752;3.22907;3.28642;3.34724;3.41153;3.4793;3.54706;3.61483;3.68724;3.76429;3.84599;3.93229;4.02319;4.11405;4.20487;4.29625;4.38823;4.4808;4.57398;4.6718;4.77365;4.87955;4.98949;5.10347;5.22218;5.3434;5.46714;5.59339;5.72216;5.84871;5.98459;6.12979;6.28314;6.44464;6.61429;6.78277;6.95007;7.11502;7.2776;7.43783;7.5957;7.76148;7.93753;8.12385;8.31116;8.49946;8.67848;8.86027;9.04484;9.24147;9.43645;9.62978;9.83661;10.0326;10.2177;10.4274;10.6413;10.832;11.0239;11.2342;11.4287;11.6281;11.8323;12.0298;12.2166;12.4051;12.5952;12.7874;12.9933;13.1987;13.4036;13.6109;13.8202;14.0316;14.2454;14.4616;14.6773;14.8924;15.1071;15.3222;15.5377;15.7535;15.9706;16.1887;16.4076;16.6232;16.8357;17.0442;17.244;17.435;17.6213;17.8028;17.9738;18.1392;18.299;18.4536;18.603;18.7529;18.9032;19.0534;19.203;19.352;19.5005;19.6484;19.7989;19.952;20.1064;20.262;20.4189;20.5744;20.7286;20.8794;21.0267;21.1705;21.3109;21.4479;21.5788;21.7039;21.8229;21.9319;22.0309;22.1297;22.2281;22.3264;22.4275;22.5272;22.6217;22.7108;22.7946;22.8741;22.9488;23.0188;23.0858;23.1498;23.2085;23.2665;23.3239;23.3732;23.4145;23.4501;23.4801;23.5044;23.527;23.5477;23.563;23.5727;23.5736;23.5674;23.5541;23.5317;23.5001;23.4628;23.4198;23.3711;23.309;23.2333;23.1458;23.0464;22.9218;22.7855;22.6437;22.4882;22.3191;22.1359;21.9387;21.7212;21.49;21.245;21","15;15.0834;15.1841;15.2973;15.4312;15.5748;15.741;15.916;16.0998;16.3013;16.5175;16.7357;16.9559;17.178;17.387;17.596;17.805;18.0141;18.2186;18.4186;18.6142;18.8052;18.9918;19.1783;19.3673;19.5585;19.7521;19.9481;20.1468;20.3459;20.5454;20.7453;20.9437;21.14;21.3345;21.527;21.7175;21.908;22.0985;22.2919;22.4881;22.6871;22.8864;23.086;23.283;23.4774;23.6637;23.8447;24.0202;24.1904;24.355;24.5195;24.6838;24.8481;25.0122;25.1791;25.3429;25.5036;25.6613;25.816;25.9649;26.1166;26.2711;26.4254;26.5795;26.7335;26.8845;27.0325;27.1731;27.3062;27.4318;27.55;27.6614;27.7736;27.8866;27.9927;28.0919;28.1833;28.2693;28.3498;28.4326;28.5088;28.5784;28.6432;28.6954;28.735;28.7682;28.7936;28.8071;28.8167;28.8197;28.8186;28.8146;28.8077;28.7978;28.7852;28.7702;28.7527;28.7317;28.7073;28.6803;28.6506;28.616;28.5776;28.5355;28.4883;28.4362;28.3813;28.3236;28.2632;28.1996;28.1327;28.0627;27.987;27.9057;27.822;27.7338;27.641;27.546;27.4494;27.351;27.2532;27.1558;27.0593;26.9633;26.8677;26.771;26.6731;26.5735;26.4724;26.3676;26.2606;26.1515;26.0402;25.9268;25.8069;25.6805;25.5458;25.4028;25.2514;25.0982;24.9431;24.7863;24.6277;24.4674;24.3053;24.1414;23.9802;23.8217;23.6658;23.5141;23.3665;23.2111;23.048;22.8772;22.6895;22.493;22.2972;22.1019;21.9072;21.7207;21.536;21.3529;21.1595;20.9556;20.7434;20.5211;20.2887;20.0644;19.8482;19.6379;19.4335;19.2351;19.0274;18.8105;18.6002;18.3966;18.1923;17.9966;17.8094;17.62;17.4283;17.2417;17.0602;16.8837;16.704;16.5208;16.3496;16.1902;16.0337;15.8834;15.7518;15.6242;15.5006;15.3947;15.3067;15.2239;15.1461;15.073;15",2.84012,"0;1;0"
20.0567,75.5339,0.377715,"1;1.10371;1.20742;1.31113;1.41483;1.51741;1.61885;1.71916;1.81833;1.91637;2.01441;2.11244;2.21048;2.30852;2.40656;2.5046;2.60264;2.70068;2.79872;2.89676;2.99479;3.09283;3.19087;3.28917;3.38773;3.48655;3.58562;3.68496;3.7843;3.88364;3.98298;4.08231;4.18165;4.28099;4.38033;4.48089;4.58267;4.68567;4.7899;4.89348;4.9952;5.09506;5.19306;5.2892;5.38534;5.48297;5.58211;5.68274;5.78487;5.8885;5.99214;6.09577;6.1994;6.30303;6.40666;6.51029;6.61392;6.71755;6.82119;6.92361;7.02483;7.12484;7.22364;7.32123;7.41883;7.51642;7.61402;7.71161;7.80921;7.9068;8.0044;8.10199;8.19959;8.29718;8.39478;8.49237;8.58988;8.68731;8.78465;8.88191;8.97908;9.07625;9.17342;9.27059;9.36777;9.46494;9.56338;9.66309;9.76407;9.86633;9.96985;10.0734;10.1769;10.2804;10.3839;10.4875;10.591;10.6945;10.7971;10.8986;10.9993;11.0989;11.1976;11.2962;11.3949;11.4936;11.5922;11.6909;11.7896;11.8883;11.9869;12.0856;12.1843;12.2832;12.3823;12.4816;12.5812;12.681;12.7807;12.8805;12.981;13.0822;13.1841;13.2867;13.3899;13.4932;13.5965;13.6998;13.8031;13.9064;14.0097;14.1127;14.2155;14.318;14.4203;14.5224;14.6245;14.7265;14.8286;14.9307;15.0327;15.1348;15.2369;15.3389;15.4415;15.5446;15.6482;15.7523;15.857;15.9598;16.0607;16.1598;16.2571;16.3525;16.448;16.5434;16.6388;16.7343;16.8297;16.9251;17.0205;17.116;17.2121;17.309;17.4066;17.505;17.604;17.7031;17.8021;17.9012;18.0003;18.0993;18.1984;18.2975;18.3965;18.4956;18.5947;18.6937;18.7928;18.8918;18.9909;19.0915;19.1935;19.2971;19.4021;19.5086;19.6151;19.7217;19.8282;19.9347;20.0413;20.1478;20.2543;20.3608;20.4674;20.5739;20.6804;20.7869;20.8935;21","15;14.9881;14.9762;14.9642;14.9523;14.9406;14.9291;14.9178;14.9067;14.8958;14.8848;14.8739;14.863;14.8521;14.8412;14.8303;14.8194;14.8085;14.7976;14.7867;14.7758;14.7649;14.754;14.7436;14.7338;14.7245;14.7157;14.7074;14.6992;14.691;14.6827;14.6745;14.6663;14.658;14.6498;14.6416;14.6334;14.6253;14.6173;14.6095;14.6019;14.5944;14.5872;14.5802;14.5731;14.5661;14.5591;14.552;14.545;14.538;14.5309;14.5239;14.5169;14.5098;14.5028;14.4958;14.4887;14.4817;14.4747;14.4681;14.4621;14.4566;14.4516;14.4471;14.4425;14.438;14.4335;14.429;14.4245;14.4199;14.4154;14.4109;14.4064;14.4019;14.3973;14.3928;14.3887;14.385;14.3817;14.3788;14.3763;14.3738;14.3713;14.3688;14.3663;14.3638;14.3617;14.3598;14.3582;14.3569;14.356;14.355;14.3541;14.3531;14.3522;14.3512;14.3503;14.3493;14.3488;14.3487;14.3491;14.3498;14.351;14.3522;14.3534;14.3546;14.3558;14.357;14.3582;14.3594;14.3606;14.3618;14.363;14.3643;14.3657;14.3673;14.369;14.3708;14.3726;14.3745;14.3766;14.379;14.3816;14.3846;14.3879;14.3911;14.3944;14.3976;14.4009;14.4041;14.4074;14.4108;14.4146;14.4185;14.4227;14.4272;14.4316;14.4361;14.4405;14.445;14.4494;14.4539;14.4583;14.4628;14.4676;14.4729;14.4786;14.4847;14.4913;14.4979;14.5047;14.5115;14.5185;14.5255;14.5326;14.5396;14.5466;14.5537;14.5607;14.5678;14.5748;14.5818;14.5891;14.5967;14.6046;14.6128;14.6212;14.6297;14.6381;14.6465;14.655;14.6634;14.6718;14.6803;14.6887;14.6971;14.7056;14.714;14.7225;14.7309;14.7393;14.7489;14.7597;14.7717;14.7849;14.7992;14.8136;14.8279;14.8422;14.8566;14.8709;14.8853;14.8996;14.914;14.9283;14.9426;14.957;14.9713;14.9857;15",2.34561,"0.1;0;0.9"
31.1586,6.6709,0.416685,"1;1.12374;1.2366;1.33858;1.42967;1.50987;1.5792;1.64852;1.71784;1.78716;1.85297;1.91527;1.97406;2.02933;2.0811;2.13173;2.18123;2.22959;2.27683;2.32293;2.36903;2.41513;2.46123;2.50934;2.55945;2.61158;2.6657;2.72184;2.77797;2.8341;2.89109;2.94892;3.00761;3.06715;3.12754;3.19055;3.25618;3.32444;3.39532;3.46882;3.54299;3.61783;3.69334;3.76953;3.84639;3.92324;4.00405;4.08882;4.17753;4.2702;4.36726;4.46474;4.56265;4.66099;4.75975;4.85852;4.96367;5.07519;5.18979;5.30747;5.43324;5.5607;5.68987;5.82107;5.95431;6.08458;6.2119;6.33625;6.46088;6.58581;6.71102;6.83652;6.96231;7.09368;7.23062;7.37315;7.52126;7.67495;7.83223;7.9931;8.15757;8.32314;8.48984;8.65407;8.81582;8.97137;9.12317;9.27124;9.41557;9.55616;9.69758;9.83984;9.98294;10.1269;10.2716;10.4164;10.5652;10.7181;10.8751;11.0325;11.1902;11.3443;11.4947;11.6415;11.7878;11.9338;12.0794;12.2246;12.3695;12.5143;12.6594;12.8046;12.9499;13.0955;13.2412;13.389;13.5389;13.6909;13.8451;13.9977;14.1466;14.292;14.4337;14.5683;14.6993;14.8269;14.953;15.0775;15.204;15.3325;15.4629;15.5934;15.7238;15.8542;15.9847;16.1151;16.2473;16.3812;16.5169;16.6495;16.779;16.9073;17.0343;17.1541;17.2715;17.3864;17.4954;17.5984;17.7015;17.8045;17.9075;18.0105;18.1129;18.2145;18.3154;18.4156;18.5151;18.6146;18.7106;18.8032;18.8923;18.9779;19.0581;19.1361;19.2122;19.2861;19.3581;19.428;19.4961;19.5622;19.6263;19.6886;19.7508;19.813;19.8752;19.9375;19.9982;20.0574;20.1142;20.1685;20.2205;20.2716;20.3218;20.3701;20.4164;20.4607;20.5031;20.5436;20.584;20.6245;20.6649;20.7053;20.7458;20.7848;20.8224;20.859;20.8946;20.9293;20.9644;21","15;14.8723;14.7436;14.614;14.4835;14.352;14.2196;14.0872;13.9548;13.8224;13.6875;13.5501;13.4102;13.2677;13.1228;12.9785;12.8348;12.6918;12.5495;12.4078;12.2662;12.1245;11.9828;11.8382;11.6906;11.54;11.3864;11.2298;11.0733;10.9167;10.7633;10.6131;10.4661;10.3222;10.1816;10.0383;9.89237;9.74382;9.59266;9.43887;9.28986;9.14562;9.00616;8.87147;8.74156;8.61165;8.48274;8.35483;8.22792;8.10201;7.98042;7.86215;7.7472;7.63557;7.52726;7.41895;7.30724;7.19212;7.07873;6.96704;6.8545;6.74451;6.63706;6.53265;6.43129;6.33553;6.2454;6.16087;6.07918;6.00032;5.92429;5.85108;5.78071;5.71049;5.64042;5.57049;5.50071;5.43108;5.36417;5.29997;5.2385;5.18174;5.12971;5.07969;5.03166;4.99042;4.95397;4.9223;4.89541;4.8733;4.85271;4.83361;4.81603;4.79994;4.78537;4.77079;4.75859;4.74875;4.74129;4.73863;4.74078;4.74537;4.75239;4.76185;4.77352;4.78741;4.80351;4.82182;4.84235;4.86287;4.88648;4.91319;4.94298;4.97586;5.01183;5.05086;5.09296;5.13813;5.18635;5.23852;5.29157;5.3455;5.40031;5.45573;5.51087;5.56575;5.62484;5.68815;5.75595;5.82823;5.90501;5.98179;6.05857;6.13534;6.21212;6.2889;6.37297;6.46433;6.56298;6.66666;6.77535;6.88519;6.99616;7.10789;7.22266;7.34046;7.45788;7.57493;7.69197;7.80902;7.92606;8.04311;8.16368;8.28777;8.41539;8.54652;8.68118;8.81584;8.95099;9.08662;9.22275;9.35937;9.49488;9.62879;9.76112;9.89185;10.021;10.1513;10.2827;10.4152;10.5489;10.6837;10.8185;10.9534;11.0882;11.223;11.363;11.5081;11.6573;11.8107;11.9683;12.1249;12.2805;12.4343;12.5862;12.7363;12.8846;13.031;13.1774;13.3238;13.4702;13.6166;13.763;13.9142;14.0702;14.2371;14.415;14.6038;14.7988;15",4.1163,"0.1;0.1;0.8"
32.8215,5.35796,0.432656,"1;1.10772;1.21543;1.32315;1.42411;1.51831;1.60575;1.68316;1.75052;1.81459;1.87539;1.93289;1.9904;2.04716;2.10056;2.15061;2.19731;2.24065;2.28137;2.3221;2.36283;2.40356;2.44501;2.48717;2.53006;2.57366;2.61798;2.6623;2.70382;2.7489;2.79754;2.84652;2.89583;2.94827;2.99749;3.04349;3.09342;3.1473;3.20511;3.26716;3.33345;3.40004;3.47379;3.5547;3.63864;3.7256;3.81558;3.90026;3.97963;4.06268;4.14941;4.23982;4.33538;4.43609;4.53979;4.64648;4.75617;4.86885;4.98591;5.10437;5.22423;5.34548;5.47244;5.60369;5.73925;5.87054;5.99756;6.12361;6.24869;6.37279;6.50048;6.63176;6.76341;6.89544;7.02785;7.16989;7.32156;7.47849;7.64066;7.8023;7.95818;8.10829;8.25549;8.39978;8.54693;8.69695;8.84982;9.00543;9.16377;9.32358;9.48485;9.6476;9.80908;9.97802;10.1557;10.3379;10.5247;10.7161;10.9034;11.0774;11.2422;11.3979;11.5555;11.715;11.8805;12.0522;12.2299;12.4027;12.5706;12.7384;12.9014;13.0596;13.2131;13.3639;13.5121;13.6624;13.8148;13.9694;14.1226;14.2745;14.4249;14.574;14.7217;14.8694;15.0171;15.1647;15.312;15.4591;15.606;15.7526;15.8991;16.0455;16.1918;16.3381;16.4798;16.617;16.7482;16.8736;16.9931;17.1112;17.2297;17.3499;17.472;17.5957;17.7212;17.8435;17.9626;18.0784;18.191;18.2988;18.4049;18.5095;18.6125;18.7138;18.8152;18.9154;19.0142;19.1119;19.2082;19.3033;19.3937;19.4793;19.5601;19.6362;19.7075;19.7804;19.8549;19.9311;20.0037;20.0728;20.1362;20.1939;20.2459;20.2973;20.3481;20.3989;20.4457;20.4886;20.5274;20.5623;20.5933;20.6242;20.6551;20.6861;20.717;20.7479;20.7779;20.807;20.8351;20.8622;20.8859;20.9071;20.9258;20.942;20.9556;20.9692;20.9805;20.9894;20.9983;21","15;14.8861;14.7722;14.6583;14.5431;14.4267;14.309;14.1812;14.0432;13.8964;13.7408;13.5763;13.4118;13.2401;13.0691;12.8988;12.7293;12.5604;12.3995;12.2385;12.0776;11.9167;11.7551;11.5929;11.43;11.2665;11.1023;10.9382;10.7857;10.6269;10.4619;10.3014;10.1454;9.98235;9.83014;9.68878;9.54494;9.39862;9.24981;9.10116;8.95267;8.80682;8.65633;8.50119;8.34729;8.19464;8.04323;7.90449;7.77843;7.652;7.5252;7.39805;7.26639;7.13024;6.9976;6.86849;6.7429;6.62083;6.50242;6.38414;6.26599;6.14798;6.03148;5.91634;5.80257;5.69786;5.60221;5.5115;5.42572;5.34488;5.26607;5.1893;5.11577;5.04547;4.97841;4.91191;4.84597;4.78214;4.72043;4.6635;4.60925;4.55767;4.51113;4.46965;4.43054;4.39381;4.35945;4.32521;4.29111;4.2599;4.23158;4.20615;4.18349;4.16523;4.14861;4.13452;4.12297;4.11394;4.10581;4.10117;4.09915;4.09973;4.10415;4.11241;4.1246;4.14073;4.16079;4.18356;4.20905;4.23453;4.2613;4.28936;4.3187;4.35137;4.38736;4.42539;4.46545;4.50755;4.55216;4.59927;4.64889;4.70101;4.75564;4.81027;4.86491;4.92247;4.98296;5.04639;5.11598;5.19173;5.27073;5.35295;5.43841;5.52387;5.60949;5.69527;5.78169;5.86875;5.95646;6.04466;6.1386;6.23779;6.34221;6.45189;6.56681;6.68459;6.80521;6.92869;7.05502;7.18336;7.31086;7.43752;7.56334;7.68831;7.81328;7.94355;8.0791;8.21994;8.36607;8.5175;8.66549;8.81005;8.95117;9.08887;9.22313;9.36593;9.51726;9.67713;9.84085;10.0084;10.1708;10.328;10.48;10.6315;10.7825;10.9335;11.0852;11.2376;11.3907;11.5445;11.699;11.8535;12.008;12.1625;12.317;12.4715;12.6272;12.7841;12.9422;13.1015;13.2652;13.432;13.602;13.775;13.9512;14.1274;14.3204;14.5302;14.7399;15",4.6566,"0.1;0.2;0.7"
33.5731,5.02114,0.4404,"1;1.1416;1.28126;1.41491;1.53393;1.63831;1.7287;1.80511;1.86719;1.92465;1.97748;2.0257;2.06929;2.11461;2.15697;2.19636;2.2328;2.26762;2.30082;2.33536;2.37124;2.40847;2.44569;2.48291;2.52013;2.55735;2.59417;2.63059;2.66661;2.70223;2.73745;2.77267;2.81194;2.85524;2.90258;2.95396;3.00939;3.06614;3.12423;3.18364;3.24797;3.31723;3.38738;3.45844;3.5304;3.60487;3.68183;3.76399;3.8532;3.94946;4.04758;4.14756;4.24941;4.34704;4.44047;4.53663;4.63551;4.73712;4.84566;4.94975;5.06449;5.18306;5.30546;5.43168;5.5731;5.7077;5.82993;5.95511;6.08323;6.2143;6.34405;6.48486;6.6214;6.75864;6.89659;7.0395;7.18738;7.34022;7.49306;7.64774;7.80424;7.96259;8.12276;8.28477;8.44461;8.60227;8.75777;8.91689;9.07961;9.24812;9.42241;9.59778;9.76846;9.93443;10.0957;10.2523;10.4132;10.5783;10.7478;10.9216;11.0957;11.2658;11.432;11.5943;11.7546;11.9169;12.0812;12.2475;12.4158;12.5841;12.7515;12.9179;13.0833;13.2491;13.4151;13.5823;13.7513;13.9221;14.0914;14.2591;14.4253;14.5894;14.7513;14.9091;15.0626;15.212;15.3597;15.5058;15.6546;15.806;15.96;16.1134;16.2662;16.4184;16.5699;16.7164;16.8585;16.9961;17.1273;17.2522;17.3751;17.4961;17.6152;17.7329;17.8492;17.9641;18.0776;18.189;18.2996;18.4095;18.5186;18.6269;18.7352;18.8435;18.9506;19.0564;19.161;19.2644;19.3665;19.4686;19.5681;19.6648;19.7589;19.8484;19.9334;20.0165;20.0978;20.1722;20.2417;20.3061;20.3647;20.4173;20.469;20.5195;20.5689;20.618;20.6669;20.7156;20.7595;20.7987;20.833;20.8626;20.8874;20.9121;20.9369;20.9598;20.9807;20.9997;21.0163;21.0277;21.0358;21.0406;21.0421;21.0407;21.0393;21.0358;21.03;21.0222;21.0122;21","15;14.8933;14.7663;14.6338;14.4927;14.3431;14.1917;14.0385;13.9018;13.7623;13.6201;13.4751;13.3274;13.1643;13.0017;12.8397;12.6782;12.517;12.3562;12.1952;12.034;11.8726;11.7112;11.5497;11.3883;11.2269;11.0675;10.9101;10.7547;10.6013;10.45;10.2986;10.1456;9.99081;9.83437;9.67625;9.51643;9.35546;9.19335;9.03008;8.86075;8.68536;8.51636;8.35376;8.19754;8.04659;7.9009;7.74917;7.59432;7.43635;7.28129;7.12916;6.97994;6.84069;6.71139;6.58645;6.46586;6.34962;6.22778;6.11501;5.99677;5.88393;5.77649;5.67444;5.5631;5.46262;5.37291;5.28483;5.19837;5.11352;5.03541;4.95324;4.87618;4.8052;4.7403;4.67637;4.61341;4.55142;4.48942;4.43123;4.37684;4.32624;4.27945;4.23645;4.19559;4.15685;4.12025;4.08697;4.05703;4.02828;4.00073;3.97578;3.95221;3.93004;3.90927;3.88989;3.8743;3.8625;3.8545;3.85029;3.85204;3.85595;3.86204;3.87029;3.88328;3.89883;3.91694;3.93763;3.96088;3.98412;4.00813;4.03291;4.05844;4.08682;4.11806;4.15139;4.1882;4.2285;4.2721;4.319;4.3692;4.4213;4.47531;4.53054;4.58699;4.64467;4.70671;4.77313;4.8427;4.91541;4.99127;5.07122;5.15528;5.24343;5.33569;5.42997;5.52218;5.61231;5.70259;5.79301;5.88563;5.98047;6.07751;6.17631;6.27687;6.37919;6.48328;6.59289;6.70626;6.82341;6.94433;7.06901;7.1937;7.31838;7.44852;7.58413;7.72519;7.87172;8.02371;8.17569;8.33128;8.49048;8.65329;8.81988;8.99026;9.16081;9.33153;9.4988;9.66245;9.82245;9.98045;10.1364;10.2941;10.4559;10.6218;10.7903;10.9614;11.135;11.3057;11.4736;11.6386;11.8007;11.96;12.1192;12.2785;12.443;12.6129;12.7882;12.974;13.1614;13.3449;13.5248;13.7008;13.8678;14.0348;14.2104;14.3948;14.5878;14.7896;15",5.1279,"0.1;0.3;0.6"
32.3004,3.77225,1.62163,"1;1.11147;1.22562;1.33977;1.45347;1.56673;1.67154;1.7679;1.85392;1.93094;1.99897;2.0651;2.12934;2.19359;2.25783;2.31747;2.37249;2.4229;2.4687;2.50989;2.55109;2.59228;2.63347;2.67466;2.71585;2.75932;2.80508;2.85311;2.90342;2.95602;3.00862;3.06121;3.11381;3.16891;3.22651;3.28662;3.34922;3.41549;3.48292;3.5515;3.62124;3.69213;3.76303;3.83392;3.90481;3.981;4.06246;4.14634;4.23262;4.3213;4.40835;4.49375;4.5804;4.66828;4.76367;4.86533;4.97325;5.08917;5.21309;5.33874;5.46613;5.5973;5.73053;5.86582;6.00315;6.14254;6.28193;6.42132;6.55982;6.69742;6.83414;6.96997;7.1049;7.24119;7.37883;7.51782;7.65816;7.80173;7.94718;8.0945;8.2437;8.39477;8.54475;8.69366;8.84147;8.98821;9.13386;9.27951;9.42845;9.58068;9.73619;9.895;10.0571;10.2192;10.3798;10.539;10.6966;10.8528;11.0076;11.1556;11.2968;11.4356;11.572;11.7061;11.8445;12.0007;12.1625;12.3299;12.5029;12.6815;12.8524;13.0232;13.194;13.3636;13.532;13.6992;13.8629;14.0232;14.1813;14.3372;14.494;14.6539;14.8138;14.9737;15.1334;15.2875;15.4359;15.5818;15.7252;15.8661;16.0076;16.1496;16.2922;16.4354;16.5792;16.7241;16.87;17.0093;17.1419;17.2679;17.3861;17.4988;17.6138;17.7311;17.8507;17.9726;18.0945;18.2118;18.3246;18.4298;18.5275;18.6176;18.7067;18.7946;18.8844;18.976;19.0694;19.1628;19.2562;19.3496;19.4396;19.5262;19.6093;19.6875;19.7609;19.8329;19.9034;19.9725;20.0384;20.1011;20.1616;20.22;20.2762;20.3335;20.3919;20.4474;20.5002;20.5501;20.5972;20.6414;20.683;20.722;20.7583;20.792;20.823;20.854;20.885;20.916;20.947;20.9728;20.9934;21.0087;21.0189;21.0239;21.0265;21.0265;21.024;21.0183;21.0115;21","15;15.0833;15.1825;15.2817;15.3974;15.5297;15.6703;15.8192;15.9765;16.131;16.2826;16.4342;16.5859;16.7376;16.8892;17.042;17.1957;17.3506;17.5064;17.6633;17.8202;17.9771;18.134;18.291;18.4479;18.6058;18.7647;18.9247;19.0856;19.2476;19.4095;19.5715;19.7335;19.8967;20.0613;20.2271;20.3942;20.5573;20.7151;20.8677;21.015;21.157;21.299;21.441;21.583;21.7239;21.8636;21.9971;22.1244;22.2454;22.3612;22.4717;22.5821;22.6924;22.8064;22.9244;23.0463;23.1693;23.2933;23.4146;23.5331;23.6448;23.7525;23.8562;23.956;24.0519;24.1477;24.2435;24.3349;24.4218;24.5042;24.5821;24.6556;24.7276;24.7983;24.8675;24.9354;24.9993;25.0606;25.1192;25.1753;25.2287;25.2788;25.3256;25.3691;25.4092;25.4461;25.4829;25.5161;25.5458;25.5719;25.5944;25.6134;25.6323;25.6492;25.6638;25.6764;25.6868;25.6951;25.7009;25.7042;25.7039;25.6998;25.692;25.6829;25.6702;25.6533;25.6323;25.6072;25.578;25.5471;25.5162;25.4853;25.45;25.4103;25.3661;25.3161;25.2602;25.2028;25.144;25.0808;25.0147;24.9466;24.8766;24.8045;24.7314;24.6572;24.581;24.5028;24.4226;24.3403;24.2558;24.1692;24.0805;23.9897;23.8954;23.7978;23.7014;23.6061;23.512;23.4224;23.3305;23.2316;23.1258;23.0131;22.8935;22.7738;22.6558;22.5394;22.4262;22.3161;22.2092;22.0977;21.9818;21.8599;21.732;21.5982;21.4644;21.3306;21.1967;21.0641;20.9328;20.8027;20.6729;20.5433;20.4128;20.2814;20.1491;20.0193;19.8922;19.7619;19.6285;19.4918;19.3494;19.2013;19.0543;18.9086;18.7641;18.6208;18.4787;18.3324;18.1817;18.0268;17.8675;17.704;17.5404;17.3769;17.2133;17.0497;16.8849;16.7186;16.5511;16.3822;16.2273;16.0563;15.8692;15.666;15.4576;15.196;15",5.54976,"0.1;0.4;0.5"
32.978,3.52857,1.70897,"1;1.12731;1.25461;1.37761;1.49629;1.61066;1.72072;1.81862;1.90867;1.99087;2.06124;2.11979;2.17436;2.22327;2.26652;2.30808;2.34797;2.38617;2.42437;2.46257;2.50078;2.53898;2.57797;2.61776;2.65835;2.69973;2.7419;2.78407;2.82624;2.86841;2.91298;2.95993;3.00928;3.06102;3.11515;3.16928;3.22434;3.28033;3.33726;3.39512;3.45583;3.51846;3.58301;3.6523;3.72633;3.80327;3.88311;3.96586;4.05188;4.14118;4.23367;4.32935;4.42824;4.52804;4.62877;4.73043;4.83301;4.93652;5.04002;5.14381;5.24788;5.35223;5.45686;5.564;5.67336;5.78495;5.90384;6.03002;6.16126;6.29758;6.44179;6.58884;6.73872;6.89417;7.05517;7.21905;7.3858;7.55542;7.72519;7.89705;8.07083;8.24654;8.41879;8.58758;8.75097;8.90897;9.06158;9.21146;9.35861;9.50303;9.6443;9.78242;9.92012;10.0618;10.2074;10.3574;10.5118;10.6705;10.8293;10.9872;11.1444;11.3008;11.4563;11.6111;11.7658;11.9279;12.0974;12.2742;12.4522;12.6312;12.8007;12.9606;13.111;13.2594;13.4059;13.5538;13.703;13.8546;14.0072;14.1609;14.3159;14.4722;14.6287;14.7856;14.9446;15.1056;15.2684;15.4315;15.5949;15.7556;15.9137;16.0692;16.2186;16.3618;16.4999;16.6327;16.7604;16.8881;17.0157;17.1429;17.2695;17.3956;17.5189;17.6394;17.7577;17.8737;17.9875;18.0985;18.2067;18.312;18.4148;18.515;18.6154;18.7161;18.821;18.9301;19.0376;19.1436;19.2481;19.3471;19.4404;19.5337;19.6269;19.72;19.8095;19.8955;19.978;20.0571;20.1327;20.2083;20.2801;20.3481;20.4123;20.4727;20.5294;20.586;20.6426;20.6944;20.7413;20.7849;20.8252;20.8622;20.9006;20.9362;20.9674;20.9941;21.0164;21.0344;21.0523;21.0663;21.0765;21.0828;21.0852;21.0838;21.0773;21.0639;21.0484;21.032;21.0064;21","15;15.0885;15.177;15.2751;15.3829;15.5003;15.6274;15.7645;15.902;16.0399;16.179;16.3193;16.4604;16.6058;16.7556;16.9087;17.0654;17.2256;17.3857;17.5459;17.706;17.8662;18.0262;18.186;18.3457;18.5053;18.6647;18.824;18.9834;19.1428;19.3031;19.4643;19.6264;19.7894;19.9534;20.1173;20.2771;20.4329;20.5845;20.732;20.8764;21.022;21.1685;21.3163;21.4653;21.6121;21.7568;21.8993;22.0398;22.1781;22.3166;22.4554;22.5943;22.7295;22.8609;22.9886;23.1125;23.2326;23.3527;23.4694;23.5827;23.6925;23.7989;23.9003;23.9999;24.0979;24.1956;24.293;24.3918;24.492;24.5911;24.6879;24.7822;24.8755;24.9679;25.0558;25.1394;25.2186;25.292;25.3585;25.4238;25.4879;25.5463;25.5989;25.6471;25.6908;25.73;25.7663;25.7997;25.8302;25.8571;25.8801;25.9024;25.9216;25.9377;25.9515;25.9632;25.9727;25.9821;25.9883;25.9912;25.9908;25.9872;25.9803;25.9734;25.9625;25.9477;25.9288;25.9068;25.8816;25.856;25.8301;25.8037;25.7732;25.7385;25.7009;25.6603;25.6148;25.5673;25.5178;25.4644;25.4071;25.3479;25.2869;25.221;25.1523;25.0806;25.0044;24.9236;24.8406;24.7554;24.6679;24.5793;24.4895;24.399;24.3079;24.2162;24.1245;24.0327;23.9388;23.8428;23.7445;23.6423;23.5362;23.4283;23.3187;23.2072;23.097;22.9879;22.8801;22.7717;22.6626;22.5517;22.439;22.3171;22.1878;22.0521;21.9102;21.762;21.6149;21.4689;21.3227;21.1762;21.0295;20.8805;20.7293;20.5761;20.4209;20.2637;20.1066;19.9492;19.7918;19.6341;19.4763;19.3183;19.1603;19.0023;18.851;18.7063;18.5593;18.4102;18.2589;18.0987;17.9303;17.7627;17.5957;17.4295;17.2639;17.0983;16.9294;16.7573;16.5818;16.4031;16.2211;16.0139;15.7618;15.5293;15.3215;15.0589;15",5.74568,"0.1;0.5;0.4"
33.6952,3.33055,1.8067,"1;1.08197;1.18557;1.28052;1.38381;1.48569;1.60191;1.72504;1.84412;1.94951;2.0412;2.11571;2.18057;2.23578;2.28755;2.33589;2.38078;2.42223;2.46025;2.49826;2.53613;2.57386;2.61145;2.6489;2.68621;2.72352;2.76158;2.8004;2.83997;2.8803;2.92268;2.96636;3.01133;3.05862;3.10825;3.1589;3.21058;3.26329;3.3181;3.37502;3.43404;3.49492;3.55765;3.62013;3.68237;3.74435;3.81042;3.88057;3.9548;4.03311;4.11551;4.19878;4.28294;4.36799;4.45392;4.5438;4.63675;4.73413;4.83592;4.94212;5.04967;5.15857;5.26747;5.38406;5.50645;5.63464;5.76864;5.90558;6.03776;6.17852;6.32183;6.46767;6.61893;6.77559;6.93238;7.09536;7.26191;7.43205;7.60452;7.77314;7.93791;8.10144;8.26373;8.42112;8.57362;8.72123;8.87491;9.03466;9.20536;9.38333;9.56857;9.75011;9.92797;10.1021;10.2734;10.4417;10.6071;10.7695;10.9316;11.0962;11.2633;11.4329;11.604;11.7739;11.9428;12.1106;12.2787;12.4483;12.6192;12.7915;12.9652;13.1389;13.3153;13.4943;13.6759;13.8541;14.0288;14.1985;14.3631;14.5226;14.6832;14.8448;15.0064;15.168;15.3272;15.4838;15.6381;15.7898;15.9391;16.0908;16.2447;16.3987;16.5527;16.7054;16.8543;16.9996;17.1435;17.2861;17.4292;17.5685;17.7038;17.8352;17.9627;18.0857;18.2076;18.3284;18.4481;18.5692;18.6858;18.7993;18.9095;19.0165;19.1177;19.2188;19.3198;19.4158;19.5069;19.5938;19.6765;19.7551;19.8342;19.9141;19.9939;20.0777;20.1602;20.2413;20.321;20.3951;20.4594;20.5195;20.5752;20.6266;20.678;20.7285;20.778;20.8265;20.8763;20.922;20.9644;21.0037;21.0399;21.0707;21.0983;21.1229;21.1445;21.1629;21.1751;21.1842;21.1902;21.1932;21.1931;21.1924;21.1891;21.1834;21.1751;21.1547;21.1227;21.0872;21.0295;21","15;15.041;15.1096;15.1785;15.2626;15.3556;15.4791;15.6271;15.7884;15.9611;16.1451;16.3231;16.4992;16.6735;16.845;17.0136;17.1794;17.3424;17.5025;17.6626;17.8217;17.9797;18.1366;18.2926;18.4475;18.6023;18.7607;18.9225;19.0879;19.2567;19.4256;19.5913;19.7537;19.9112;20.0638;20.215;20.3646;20.5127;20.6626;20.8143;20.9677;21.1196;21.2699;21.4168;21.5604;21.7006;21.8404;21.9798;22.1189;22.2576;22.3959;22.5319;22.6654;22.7966;22.9255;23.0529;23.1812;23.3077;23.4324;23.5551;23.6751;23.7923;23.9094;24.0292;24.1482;24.2663;24.3836;24.4959;24.6006;24.7087;24.8123;24.9113;25.0099;25.1081;25.1978;25.2868;25.3727;25.4552;25.5317;25.6026;25.668;25.7306;25.7903;25.8457;25.8968;25.9436;25.9856;26.023;26.0599;26.0946;26.1271;26.1579;26.1869;26.2142;26.238;26.2581;26.2747;26.2878;26.2948;26.2993;26.3013;26.3009;26.2962;26.2896;26.2813;26.2712;26.2559;26.2371;26.2149;26.1893;26.1603;26.1312;26.0981;26.0607;26.0193;25.9733;25.9227;25.8686;25.8109;25.7496;25.6852;25.6176;25.5501;25.4825;25.4127;25.3407;25.2665;25.19;25.1114;25.029;24.9429;24.8517;24.7553;24.6526;24.5473;24.4394;24.3305;24.2205;24.1054;23.9886;23.87;23.7497;23.6276;23.5088;23.3899;23.2709;23.1518;23.0274;22.9005;22.7715;22.6402;22.5066;22.3751;22.2427;22.1093;21.9806;21.8566;21.7323;21.6076;21.4826;21.3515;21.2144;21.0773;20.9296;20.7795;20.627;20.4721;20.3161;20.1697;20.0245;19.8807;19.7382;19.5957;19.4464;19.2904;19.1276;18.948;18.7668;18.5908;18.42;18.2465;18.0804;17.9156;17.7521;17.5899;17.4369;17.288;17.1339;16.9746;16.8102;16.6406;16.4908;16.345;16.2033;16.0658;15.8974;15.6785;15.4622;15.1363;15",5.90985,"0.1;0.6;0.3"
34.2551,3.21116,1.89086,"1;1.21418;1.32446;1.46176;1.57414;1.6789;1.77606;1.86133;1.94234;2.01907;2.09038;2.15627;2.22101;2.28022;2.33391;2.38323;2.42818;2.46876;2.50934;2.54949;2.58921;2.6285;2.66736;2.70579;2.74421;2.78264;2.82107;2.86152;2.904;2.94978;2.99886;3.05098;3.10413;3.1583;3.21222;3.26589;3.32184;3.38008;3.44059;3.5034;3.56849;3.63358;3.70245;3.77511;3.85156;3.9322;4.01704;4.10229;4.18795;4.27402;4.36009;4.44616;4.5287;4.61485;4.70459;4.79793;4.89487;5.00002;5.10626;5.2136;5.32203;5.43336;5.54651;5.66148;5.77825;5.89684;6.01704;6.13883;6.26223;6.38723;6.52055;6.66058;6.80734;6.95995;7.1184;7.27597;7.43019;7.58105;7.73397;7.88895;8.04599;8.20758;8.37371;8.53985;8.70752;8.87673;9.04747;9.21974;9.38953;9.55529;9.71702;9.87473;10.0359;10.2047;10.381;10.5602;10.7423;10.9216;11.098;11.2716;11.4468;11.6238;11.8035;11.9861;12.1714;12.3596;12.5446;12.7238;12.8972;13.0646;13.2249;13.3838;13.5414;13.6977;13.8516;14.0044;14.1562;14.3068;14.4565;14.6056;14.7542;14.9023;15.0499;15.2061;15.3713;15.5346;15.6961;15.8557;16.006;16.147;16.2896;16.4339;16.5798;16.7223;16.8615;16.9972;17.1295;17.2584;17.3893;17.5222;17.657;17.7938;17.9325;18.0654;18.1924;18.3136;18.4331;18.551;18.673;18.8055;18.9357;19.0595;19.1769;19.2878;19.3855;19.4826;19.5775;19.6704;19.7612;19.8505;19.9383;20.0229;20.1042;20.1821;20.2567;20.328;20.3994;20.4707;20.5405;20.6089;20.6757;20.7411;20.805;20.8636;20.9171;20.9653;21.0083;21.0443;21.0785;21.1109;21.1416;21.1704;21.1993;21.2232;21.2423;21.2565;21.2658;21.2702;21.2745;21.2764;21.2758;21.2689;21.2557;21.2361;21.2127;21.1855;21.1583;21.1158;21.1039;21","15;15.1221;15.213;15.3254;15.4437;15.5731;15.7135;15.8663;16.0205;16.176;16.3373;16.5042;16.6755;16.8498;17.0271;17.2032;17.3779;17.5514;17.7248;17.8954;18.0631;18.2279;18.3898;18.5489;18.7079;18.867;19.026;19.1898;19.3583;19.5332;19.7145;19.8957;20.0723;20.2443;20.4099;20.5692;20.7283;20.887;21.0456;21.2038;21.3617;21.5197;21.6777;21.8358;21.9939;22.1475;22.2966;22.4412;22.5812;22.7167;22.8522;22.9877;23.113;23.2369;23.3593;23.4801;23.5995;23.7242;23.8454;23.9633;24.0777;24.1878;24.297;24.4053;24.5126;24.619;24.7226;24.8234;24.9214;25.0166;25.1097;25.2036;25.2981;25.3905;25.4806;25.5677;25.65;25.7273;25.8008;25.8707;25.9369;26.0014;26.0642;26.1269;26.1865;26.243;26.2963;26.3464;26.3886;26.426;26.4586;26.4865;26.5089;26.5306;26.5516;26.5701;26.586;26.5974;26.6042;26.6063;26.6056;26.6021;26.5948;26.5835;26.5684;26.5494;26.5252;26.4997;26.4728;26.4446;26.4124;26.3776;26.3402;26.3002;26.2567;26.2122;26.1669;26.1207;26.0735;26.0243;25.973;25.9196;25.8641;25.8;25.7292;25.6545;25.5759;25.4934;25.4107;25.3278;25.242;25.1534;25.062;24.9698;24.877;24.7835;24.6892;24.5943;24.494;24.3882;24.277;24.1603;24.0382;23.9178;23.799;23.6819;23.5601;23.4338;23.3012;23.1533;23.0039;22.8591;22.7189;22.5834;22.4576;22.328;22.1942;22.0564;21.9145;21.7723;21.6298;21.4857;21.34;21.1925;21.0435;20.8927;20.742;20.5913;20.4371;20.2794;20.1182;19.9536;19.7855;19.6188;19.4537;19.29;19.1278;18.9662;18.8039;18.6407;18.4768;18.312;18.1472;17.9805;17.8118;17.6411;17.4685;17.2939;17.1194;16.9496;16.7846;16.6183;16.4508;16.2821;16.1073;15.9265;15.7456;15.5242;15.3839;15",6.0515,"0.1;0.7;0.2"
34.8462,3.11368,1.97642,"1;1.13393;1.27467;1.40787;1.53355;1.6517;1.76231;1.85858;1.94668;2.02659;2.09833;2.16179;2.21695;2.27034;2.32194;2.37176;2.4178;2.46006;2.5002;2.53823;2.57415;2.61006;2.64598;2.68189;2.71781;2.75491;2.79321;2.83269;2.87335;2.91521;2.95706;2.99892;3.04078;3.08381;3.12802;3.17341;3.2235;3.27831;3.33664;3.3995;3.4651;3.52992;3.59395;3.66029;3.72793;3.79866;3.87248;3.94939;4.02839;4.10948;4.19266;4.27978;4.37085;4.46379;4.5608;4.6619;4.76522;4.8704;4.97743;5.08409;5.19037;5.30252;5.4209;5.5455;5.67634;5.81672;5.95409;6.08846;6.21983;6.35608;6.49391;6.63963;6.79323;6.9558;7.11945;7.28419;7.45002;7.61758;7.78579;7.95466;8.12235;8.28887;8.44931;8.60367;8.75196;8.89495;9.03266;9.17378;9.31831;9.46625;9.61863;9.77544;9.93598;10.1002;10.2682;10.4363;10.6046;10.7733;10.9423;11.1117;11.285;11.4633;11.6428;11.8238;12.0062;12.19;12.3742;12.5623;12.754;12.9492;13.1383;13.3212;13.4944;13.6587;13.8143;13.9707;14.1301;14.2926;14.4571;14.6238;14.7883;14.9486;15.1048;15.2567;15.4044;15.558;15.7174;15.8827;16.0484;16.2147;16.3755;16.531;16.6802;16.8283;16.9755;17.1217;17.267;17.4086;17.5465;17.6808;17.8115;17.9386;18.0628;18.1843;18.3031;18.419;18.5322;18.6353;18.7449;18.8607;18.974;19.0848;19.2031;19.3084;19.4005;19.4929;19.5853;19.6779;19.7747;19.8722;19.966;20.0556;20.141;20.2222;20.3028;20.3828;20.4606;20.5361;20.6093;20.6803;20.7452;20.8062;20.8635;20.917;20.9667;21.0149;21.0617;21.1069;21.1507;21.1929;21.2311;21.2652;21.2951;21.3206;21.3391;21.3547;21.3673;21.3773;21.38;21.3779;21.3711;21.3568;21.3349;21.3101;21.2812;21.2483;21.2036;21.1471;21.0895;21","15;15.0756;15.1701;15.2766;15.395;15.5253;15.6675;15.8028;15.9422;16.0857;16.2332;16.3912;16.5599;16.7342;16.9142;17.0999;17.2809;17.457;17.6292;17.7974;17.9616;18.1258;18.29;18.4542;18.6184;18.7829;18.9478;19.1131;19.2787;19.4446;19.6106;19.7765;19.9425;20.106;20.267;20.4257;20.5897;20.759;20.9362;21.1205;21.3054;21.4832;21.6538;21.815;21.9674;22.1175;22.2652;22.4106;22.5564;22.7026;22.8492;22.9942;23.1374;23.2784;23.4166;23.5518;23.6863;23.8165;23.9425;24.065;24.1841;24.3026;24.4238;24.5478;24.6747;24.806;24.9305;25.0484;25.1597;25.2648;25.3622;25.4602;25.5587;25.6548;25.748;25.8381;25.9253;26.0063;26.0841;26.1588;26.2282;26.2925;26.3528;26.4092;26.4615;26.5096;26.5535;26.5934;26.6292;26.661;26.691;26.719;26.7451;26.7691;26.7912;26.809;26.8226;26.8328;26.8396;26.8431;26.8453;26.8434;26.8387;26.8304;26.8187;26.8035;26.7878;26.7677;26.7439;26.7163;26.6849;26.6497;26.6146;26.5768;26.5365;26.4937;26.4461;26.394;26.3397;26.2833;26.2242;26.1643;26.1038;26.0426;25.9808;25.9121;25.8365;25.7542;25.6663;25.5731;25.4812;25.3907;25.2985;25.203;25.1044;25.0026;24.8976;24.7913;24.6838;24.575;24.465;24.3537;24.2414;24.1281;24.0138;23.8985;23.7822;23.675;23.5572;23.429;23.2974;23.1626;23.0153;22.8801;22.7569;22.6306;22.5013;22.3688;22.2285;22.083;21.9402;21.7944;21.6457;21.494;21.3368;21.1739;21.009;20.8421;20.6732;20.5024;20.3326;20.166;20.0024;19.8418;19.6844;19.5186;19.3445;19.1621;18.9714;18.7724;18.5804;18.3956;18.2178;18.0472;17.8796;17.7079;17.5322;17.3524;17.165;16.974;16.7795;16.581;16.3785;16.1756;15.9818;15.7969;15.6073;15.4128;15.2278;15",6.1732,"0.1;0.8;0.1"
35.3503,3.04855,2.05785,"1;1.14055;1.26393;1.38241;1.49599;1.60468;1.70846;1.816;1.91503;2.00553;2.08751;2.15753;2.22412;2.28727;2.34697;2.39906;2.44697;2.4907;2.53024;2.56561;2.60097;2.63774;2.67592;2.7155;2.75648;2.79887;2.84126;2.88365;2.92603;2.96994;3.01537;3.06232;3.1108;3.16079;3.21163;3.2633;3.31582;3.36918;3.42339;3.47966;3.53801;3.59843;3.66091;3.72705;3.79475;3.86404;3.93489;4.00954;4.0864;4.16548;4.24678;4.3303;4.41882;4.51235;4.61089;4.71443;4.82664;4.94252;5.06206;5.18526;5.31213;5.43812;5.56323;5.68746;5.81387;5.94247;6.07413;6.20885;6.34517;6.48002;6.61341;6.74605;6.87796;7.0106;7.14396;7.29624;7.45013;7.60562;7.76272;7.92142;8.06847;8.22045;8.37736;8.5428;8.71675;8.89429;9.07541;9.25298;9.42341;9.58671;9.74305;9.89243;10.042;10.1979;10.3603;10.5288;10.7036;10.8903;11.0774;11.2649;11.4528;11.6411;11.8241;12.0071;12.1897;12.3719;12.5537;12.7351;12.9115;13.0832;13.2502;13.4138;13.574;13.7354;13.8982;14.0622;14.2263;14.3921;14.5597;14.7291;14.8974;15.0647;15.2291;15.3907;15.5441;15.692;15.8367;15.9782;16.1165;16.257;16.3998;16.5422;16.6843;16.8259;16.9672;17.1081;17.249;17.3891;17.5284;17.667;17.8048;17.9417;18.0787;18.1911;18.2997;18.4046;18.5056;18.603;18.7211;18.8393;18.9595;19.0769;19.1916;19.3035;19.4127;19.5171;19.6215;19.7259;19.8239;19.9178;20.0077;20.0948;20.1789;20.2666;20.3555;20.4456;20.5317;20.6137;20.6918;20.7639;20.8301;20.8942;20.9542;21.0099;21.0634;21.1146;21.1611;21.2051;21.2466;21.2852;21.3209;21.3524;21.3799;21.4033;21.423;21.4391;21.4516;21.4579;21.4581;21.452;21.4398;21.4216;21.4002;21.3754;21.3328;21.2726;21.2124;21.143;21.0779;21","15;15.0789;15.1524;15.2409;15.3442;15.4624;15.5955;15.753;15.9143;16.0797;16.249;16.4251;16.6039;16.7856;16.97;17.1564;17.3419;17.5266;17.7104;17.8934;18.0764;18.2573;18.4361;18.6129;18.7877;18.9604;19.1331;19.3058;19.4785;19.6491;19.8177;19.9843;20.1489;20.3114;20.4747;20.6388;20.8038;20.9695;21.136;21.2983;21.4564;21.6102;21.7599;21.9072;22.0564;22.2076;22.3608;22.5176;22.676;22.8361;22.998;23.1615;23.3213;23.4774;23.6299;23.7788;23.9213;24.0611;24.1984;24.333;24.4649;24.5947;24.7223;24.8477;24.9693;25.087;25.2031;25.3176;25.426;25.5301;25.6299;25.7232;25.81;25.8947;25.9772;26.063;26.1462;26.2269;26.3051;26.3808;26.4467;26.5108;26.573;26.6317;26.6867;26.7399;26.7914;26.8378;26.881;26.9209;26.9556;26.9852;27.0128;27.0359;27.0543;27.0701;27.0832;27.0926;27.099;27.1024;27.1029;27.1004;27.0959;27.0914;27.0831;27.0709;27.055;27.0351;27.009;26.9804;26.9493;26.9137;26.8736;26.8314;26.7871;26.7408;26.6944;26.6455;26.5939;26.5397;26.4806;26.4166;26.3502;26.2815;26.2107;26.14;26.066;25.9889;25.9085;25.8249;25.7378;25.6478;25.5547;25.4587;25.3596;25.2574;25.1553;25.0506;24.9433;24.8335;24.721;24.606;24.491;24.3964;24.2988;24.1983;24.0948;23.9884;23.8586;23.7287;23.5956;23.46;23.3222;23.182;23.0395;22.8981;22.7567;22.6153;22.4814;22.35;22.221;22.0837;21.938;21.7764;21.6039;21.4207;21.2383;21.0568;20.8762;20.7003;20.529;20.3614;20.1973;20.0365;19.8755;19.7141;19.5471;19.375;19.1975;19.0144;18.8256;18.6358;18.445;18.2531;18.0608;17.8678;17.6731;17.4771;17.2798;17.0812;16.8812;16.6864;16.4963;16.311;16.0968;15.8537;15.6322;15.4061;15.1987;15",6.27873,"0.1;0.9;0"
20.0124,74.4642,0.3851,"1;1.09884;1.19768;1.29653;1.39537;1.49421;1.59305;1.6919;1.79074;1.88958;1.98842;2.08726;2.18611;2.28495;2.38405;2.4834;2.58302;2.68289;2.78302;2.88314;2.98327;3.0834;3.18353;3.28366;3.38378;3.48391;3.5841;3.68434;3.78465;3.88501;3.98544;4.08586;4.18629;4.28671;4.38713;4.48756;4.58798;4.68841;4.78883;4.88882;4.98836;5.08746;5.18613;5.28435;5.38257;5.4808;5.57902;5.67724;5.77547;5.87369;5.97192;6.07014;6.16836;6.26659;6.36481;6.46303;6.56358;6.66644;6.77163;6.87709;6.98283;7.08652;7.18817;7.28778;7.38738;7.48699;7.5866;7.6862;7.78581;7.88542;7.98502;8.08463;8.18424;8.28384;8.38345;8.48305;8.58266;8.6833;8.78497;8.88767;8.9914;9.09617;9.20094;9.3057;9.41002;9.51388;9.61729;9.72025;9.82276;9.92527;10.0278;10.1303;10.2328;10.3353;10.4378;10.5403;10.6428;10.7454;10.847;10.9477;11.0476;11.1465;11.2446;11.3426;11.4407;11.5387;11.6368;11.7349;11.8329;11.931;12.0291;12.1271;12.2252;12.3232;12.4209;12.5182;12.6151;12.7116;12.8077;12.9038;13;13.0961;13.1922;13.2883;13.3844;13.4806;13.5767;13.6742;13.7729;13.8731;13.9746;14.0774;14.1802;14.283;14.3858;14.4886;14.5914;14.6942;14.7971;14.8999;15.0027;15.1042;15.2045;15.3035;15.4012;15.4977;15.5942;15.6906;15.7871;15.8836;15.98;16.0765;16.173;16.2694;16.3665;16.4642;16.5625;16.6613;16.7608;16.8603;16.9597;17.0592;17.1587;17.2582;17.3576;17.4571;17.5566;17.656;17.7566;17.8581;17.9607;18.0644;18.1691;18.2738;18.3785;18.4832;18.588;18.6927;18.7974;18.9021;19.005;19.106;19.2052;19.3026;19.3982;19.4938;19.5893;19.6849;19.7804;19.876;19.9758;20.0798;20.188;20.3004;20.417;20.5336;20.6502;20.7668;20.8834;21","15;14.9941;14.9882;14.9823;14.9764;14.9705;14.9647;14.9588;14.9529;14.947;14.9411;14.9352;14.9293;14.9234;14.9178;14.9126;14.9077;14.903;14.8988;14.8945;14.8902;14.8859;14.8816;14.8773;14.873;14.8687;14.8647;14.8609;14.8574;14.8541;14.851;14.848;14.845;14.8419;14.8389;14.8359;14.8328;14.8298;14.8268;14.8238;14.8209;14.818;14.8151;14.8123;14.8095;14.8067;14.8039;14.8012;14.7984;14.7956;14.7928;14.79;14.7872;14.7844;14.7816;14.7788;14.7762;14.7736;14.7713;14.7691;14.767;14.7649;14.7628;14.7607;14.7586;14.7565;14.7544;14.7523;14.7502;14.7481;14.746;14.7439;14.7418;14.7397;14.7376;14.7355;14.7334;14.731;14.7283;14.7253;14.7219;14.7182;14.7146;14.7109;14.7077;14.7049;14.7026;14.7007;14.6993;14.6979;14.6964;14.695;14.6936;14.6921;14.6907;14.6893;14.6879;14.6864;14.6854;14.6848;14.6845;14.6847;14.6853;14.6859;14.6865;14.6871;14.6876;14.6882;14.6888;14.6894;14.69;14.6905;14.6911;14.6917;14.6925;14.6935;14.6947;14.6961;14.6977;14.6993;14.7009;14.7026;14.7042;14.7058;14.7074;14.709;14.7106;14.7126;14.715;14.7177;14.7207;14.7242;14.7276;14.7311;14.7345;14.7379;14.7414;14.7448;14.7482;14.7517;14.7551;14.7584;14.7616;14.7646;14.7676;14.7703;14.7731;14.7759;14.7787;14.7814;14.7842;14.787;14.7898;14.7925;14.7955;14.7985;14.8017;14.805;14.8085;14.812;14.8154;14.8189;14.8224;14.8258;14.8293;14.8327;14.8362;14.8397;14.8432;14.8469;14.8506;14.8544;14.8583;14.8623;14.8662;14.8701;14.874;14.8779;14.8818;14.8857;14.8896;14.8935;14.8973;14.9011;14.9048;14.9086;14.9124;14.9161;14.9199;14.9237;14.9284;14.9341;14.9408;14.9484;14.957;14.9656;14.9742;14.9828;14.9914;15",4.31057,"0.2;0;0.8"
29.3929,9.41652,0.400644,"1;1.06008;1.15532;1.23883;1.32821;1.41759;1.50757;1.59327;1.67468;1.75181;1.82466;1.89262;1.96057;2.02673;2.09108;2.15364;2.21439;2.27334;2.3323;2.39125;2.45021;2.50916;2.56811;2.62707;2.68602;2.74497;2.80514;2.86651;2.92908;2.99287;3.05786;3.12285;3.18899;3.25626;3.32468;3.39423;3.46493;3.53563;3.60765;3.68099;3.75566;3.83165;3.90897;3.98629;4.06822;4.15476;4.24591;4.34169;4.44207;4.54131;4.6394;4.73634;4.83214;4.92679;5.02144;5.11805;5.21662;5.31716;5.41965;5.52411;5.62857;5.73302;5.83748;5.94348;6.05102;6.16011;6.27074;6.38291;6.49667;6.61203;6.72897;6.8475;6.96763;7.08775;7.20788;7.33277;7.46244;7.59687;7.73608;7.88006;8.02403;8.16416;8.30045;8.43289;8.56405;8.69395;8.82641;8.96145;9.09906;9.23667;9.37842;9.52431;9.67433;9.8285;9.9868;10.1449;10.3029;10.4607;10.6183;10.7758;10.9333;11.0871;11.2372;11.3837;11.5265;11.6656;11.8047;11.9436;12.0822;12.2206;12.3587;12.4965;12.6344;12.7722;12.9071;13.0391;13.1682;13.2961;13.4228;13.5512;13.6814;13.8169;13.9559;14.0984;14.2444;14.394;14.5414;14.6867;14.8298;14.9709;15.1098;15.2487;15.388;15.5279;15.6682;15.803;15.9323;16.0557;16.1731;16.2859;16.4002;16.516;16.6331;16.7495;16.8638;16.9758;17.0857;17.1934;17.3011;17.4088;17.5127;17.6127;17.7089;17.8013;17.8899;17.9784;18.067;18.1598;18.2568;18.3531;18.4488;18.5438;18.6313;18.7114;18.7888;18.8636;18.9358;19.0079;19.0799;19.1517;19.2235;19.2951;19.3668;19.4384;19.5084;19.5767;19.6433;19.7083;19.7715;19.8348;19.8964;19.9563;20.0145;20.0711;20.1259;20.1808;20.2357;20.2906;20.3454;20.4003;20.4541;20.5069;20.5586;20.6093;20.6589;20.7147;20.7767;20.8449;20.9194;21","15;14.9372;14.7997;14.6871;14.562;14.4369;14.3031;14.1675;14.0301;13.8909;13.7498;13.6158;13.4817;13.348;13.2145;13.0814;12.9485;12.816;12.6835;12.5509;12.4184;12.2859;12.1533;12.0208;11.8883;11.7557;11.6238;11.4925;11.3617;11.2316;11.102;10.9724;10.8438;10.716;10.5891;10.4631;10.338;10.2129;10.0906;9.97113;9.8545;9.74068;9.6297;9.51871;9.40464;9.28748;9.16723;9.04389;8.91746;8.79566;8.67847;8.56591;8.45796;8.35463;8.25131;8.1497;8.0498;7.95162;7.85516;7.76042;7.66567;7.57093;7.47618;7.38448;7.29583;7.21022;7.12765;7.04814;6.97102;6.89631;6.82401;6.75411;6.68661;6.61911;6.55161;6.48556;6.42095;6.35777;6.29604;6.23576;6.17547;6.11786;6.06292;6.01067;5.96351;5.92145;5.88182;5.84461;5.80983;5.77504;5.74271;5.71285;5.68544;5.66049;5.638;5.61925;5.60424;5.59297;5.58543;5.58164;5.57785;5.57699;5.57906;5.58407;5.59201;5.60288;5.61375;5.62797;5.64554;5.66645;5.69071;5.71833;5.74594;5.77355;5.80284;5.83382;5.86648;5.90203;5.94046;5.98009;6.02093;6.06793;6.11989;6.17682;6.2387;6.30554;6.3739;6.44377;6.51515;6.58804;6.66245;6.73686;6.81456;6.89557;6.97987;7.06652;7.15553;7.24358;7.33069;7.42015;7.51292;7.60899;7.70837;7.81221;7.9172;8.02334;8.13064;8.2391;8.34755;8.456;8.56369;8.67062;8.77677;8.88217;8.98679;9.09142;9.19604;9.30899;9.43026;9.55404;9.68034;9.80916;9.9321;10.0492;10.1662;10.2831;10.3999;10.5196;10.642;10.7673;10.8954;11.0262;11.1571;11.288;11.4194;11.5512;11.6835;11.8164;11.9497;12.083;12.2163;12.3496;12.4829;12.6162;12.7495;12.8828;13.0161;13.1493;13.2826;13.4159;13.549;13.682;13.8148;13.9473;14.0798;14.2294;14.3962;14.5803;14.7815;15",7.10069,"0.2;0.1;0.7"
28.8929,6.48258,1.21732,"1;1.10723;1.21447;1.31591;1.41156;1.50143;1.58551;1.66086;1.73328;1.80278;1.86934;1.93297;1.99659;2.06022;2.12328;2.18576;2.24767;2.30901;2.36977;2.43054;2.4913;2.55207;2.61283;2.6736;2.73399;2.79402;2.85368;2.91297;2.9719;3.03082;3.08974;3.14867;3.2126;3.28154;3.35314;3.42741;3.50433;3.5789;3.65113;3.72335;3.79558;3.8678;3.94217;4.01867;4.09732;4.1781;4.26102;4.34394;4.42686;4.50978;4.59549;4.68398;4.77525;4.86931;4.96651;5.06407;5.162;5.26029;5.35894;5.45758;5.5645;5.67967;5.79633;5.91448;6.03412;6.15217;6.26862;6.39025;6.51706;6.64905;6.78105;6.91589;7.0536;7.19415;7.33399;7.47309;7.60863;7.74058;7.86896;7.99733;8.12571;8.25448;8.38365;8.51322;8.64318;8.77354;8.90441;9.03579;9.1697;9.30613;9.44509;9.58521;9.72648;9.86691;10.0065;10.1468;10.2887;10.4322;10.5766;10.722;10.8668;11.011;11.1546;11.2981;11.4416;11.5852;11.7287;11.8722;12.0157;12.1598;12.3045;12.4498;12.5958;12.7423;12.8888;13.0354;13.1819;13.3262;13.4683;13.6082;13.7458;13.8813;14.0167;14.1521;14.2865;14.4199;14.5522;14.6835;14.8138;14.9427;15.07;15.196;15.3204;15.4435;15.5669;15.6908;15.8151;15.9399;16.0651;16.1903;16.3154;16.4348;16.5483;16.6603;16.7709;16.8801;16.9937;17.1118;17.2323;17.3502;17.4656;17.5784;17.6886;17.7901;17.8878;17.9818;18.072;18.1586;18.2451;18.3294;18.4115;18.4914;18.5709;18.6499;18.7306;18.8131;18.894;18.9715;19.0457;19.1164;19.1838;19.2514;19.3194;19.3877;19.4564;19.5253;19.5943;19.6632;19.7306;19.7964;19.8606;19.9233;19.9844;20.0455;20.1065;20.1665;20.2255;20.2833;20.3399;20.3953;20.4506;20.5058;20.5609;20.6159;20.671;20.7261;20.7811;20.8469;20.8913;21","15;15.1172;15.2345;15.3493;15.4617;15.5716;15.6792;15.7879;15.9;16.0157;16.1349;16.2576;16.3803;16.503;16.6265;16.7507;16.8758;17.0016;17.1283;17.2549;17.3815;17.5081;17.6348;17.7614;17.8874;18.0128;18.1375;18.2616;18.3851;18.5086;18.632;18.7555;18.8845;19.019;19.1521;19.2839;19.4143;19.5379;19.6545;19.7712;19.8879;20.0046;20.1199;20.2339;20.3466;20.4579;20.568;20.678;20.788;20.898;21.0059;21.1118;21.2156;21.3173;21.4166;21.5157;21.6145;21.713;21.8113;21.9096;22.0106;22.1144;22.214;22.3095;22.4007;22.4862;22.5661;22.6473;22.7298;22.8136;22.8975;22.9791;23.0586;23.1359;23.2075;23.2732;23.3353;23.3938;23.4487;23.5036;23.5584;23.6093;23.6562;23.699;23.7379;23.7727;23.807;23.8407;23.8731;23.9041;23.9337;23.96;23.9829;24.0032;24.021;24.0354;24.0488;24.0614;24.07;24.0746;24.076;24.0744;24.0697;24.0631;24.0547;24.0444;24.0323;24.0184;24.0044;23.987;23.9659;23.9414;23.9133;23.8817;23.8501;23.8185;23.7869;23.7519;23.7137;23.6721;23.6272;23.579;23.5308;23.4826;23.4327;23.381;23.3276;23.2724;23.2155;23.1562;23.0945;23.0304;22.964;22.8951;22.8233;22.7484;22.6706;22.5898;22.5059;22.4221;22.3383;22.2541;22.1697;22.0804;21.9864;21.8876;21.7844;21.6767;21.5647;21.4514;21.3368;21.2208;21.1035;20.9904;20.8783;20.7674;20.6577;20.5491;20.4404;20.3332;20.2273;20.1228;20.0141;19.9012;19.7828;19.6588;19.5315;19.4065;19.2837;19.1631;19.0447;18.924;18.8008;18.6752;18.5473;18.4169;18.2865;18.1561;18.0261;17.8963;17.7668;17.6376;17.5087;17.3798;17.2509;17.1214;16.9911;16.8601;16.727;16.5918;16.4551;16.3169;16.1772;16.0376;15.8979;15.7583;15.6187;15.4391;15.3394;15",7.80549,"0.2;0.2;0.6"
30.2495,5.00554,1.37153,"1;1.12107;1.24214;1.35529;1.46053;1.55785;1.64725;1.7262;1.80259;1.87644;1.94501;2.00831;2.06887;2.1267;2.18181;2.23691;2.29201;2.34711;2.40221;2.45731;2.51188;2.56592;2.61943;2.67241;2.72485;2.7773;2.82975;2.8822;2.93464;2.98896;3.04514;3.10319;3.16311;3.2249;3.28668;3.35223;3.42154;3.4949;3.57233;3.65382;3.7356;3.81822;3.90139;3.98511;4.06936;4.15416;4.2469;4.34034;4.43447;4.52928;4.62478;4.71303;4.80231;4.89262;4.98397;5.07636;5.17521;5.27949;5.38921;5.50436;5.62493;5.74704;5.87068;5.99585;6.12255;6.24843;6.37195;6.49313;6.61195;6.73114;6.85304;6.97767;7.10503;7.2351;7.36517;7.49524;7.62531;7.75538;7.8894;8.02738;8.16931;8.3152;8.46504;8.61487;8.75737;8.89254;9.03013;9.17013;9.31256;9.46473;9.62666;9.78819;9.94931;10.11;10.2703;10.4302;10.5901;10.7501;10.91;11.0652;11.2158;11.3617;11.5029;11.6401;11.778;11.9165;12.0557;12.1955;12.3353;12.4737;12.6107;12.7464;12.8806;13.016;13.1538;13.2941;13.437;13.5823;13.7276;13.8733;14.0193;14.1656;14.3086;14.4481;14.584;14.716;14.8444;14.9727;15.1032;15.2358;15.3706;15.5043;15.637;15.7665;15.8929;16.0162;16.1394;16.2626;16.3859;16.5076;16.6279;16.7468;16.8641;16.98;17.0966;17.2105;17.3217;17.4302;17.536;17.6383;17.7406;17.8429;17.9453;18.0476;18.1519;18.2527;18.35;18.4438;18.5341;18.6189;18.7038;18.7886;18.8718;18.9536;19.0338;19.1124;19.1895;19.2666;19.3437;19.4208;19.4979;19.5721;19.6432;19.7114;19.7767;19.8389;19.9012;19.9614;20.0194;20.0754;20.1292;20.1809;20.2324;20.2838;20.335;20.386;20.4368;20.4876;20.539;20.5908;20.6393;20.6843;20.7259;20.7636;20.7973;20.831;20.8648;20.9053;20.9322;21","15;15.094;15.188;15.2886;15.3957;15.5093;15.6295;15.7584;15.8897;16.0232;16.1587;16.2963;16.4336;16.5707;16.7075;16.8443;16.9811;17.1179;17.2547;17.3915;17.528;17.6642;17.8001;17.9357;18.0709;18.2062;18.3415;18.4767;18.612;18.748;18.8848;19.0223;19.1606;19.2996;19.4386;19.5801;19.724;19.8689;20.0148;20.1618;20.3073;20.4481;20.5857;20.72;20.8511;20.979;21.1142;21.2464;21.3755;21.5015;21.6245;21.7371;21.8476;21.9561;22.0626;22.167;22.27;22.3736;22.4779;22.5827;22.6882;22.7916;22.8931;22.9925;23.0899;23.1826;23.2724;23.3594;23.4436;23.5215;23.5958;23.6666;23.7338;23.7975;23.8612;23.9248;23.9885;24.0522;24.1133;24.1717;24.2275;24.2807;24.3303;24.379;24.4235;24.4637;24.5004;24.5344;24.5657;24.5978;24.6306;24.6594;24.6843;24.7053;24.7223;24.7353;24.7484;24.7614;24.7745;24.7836;24.7886;24.7897;24.7868;24.7779;24.767;24.7542;24.7394;24.7226;24.7059;24.687;24.6661;24.643;24.6179;24.5874;24.5536;24.5165;24.4761;24.4324;24.3887;24.3424;24.2936;24.2421;24.1877;24.1303;24.0726;24.0145;23.9561;23.8976;23.8358;23.7706;23.702;23.6278;23.5479;23.4656;23.3811;23.2943;23.2074;23.1206;23.0337;22.9452;22.8549;22.7628;22.669;22.5735;22.4745;22.3728;22.2684;22.1614;22.0516;21.9427;21.8337;21.7248;21.6159;21.5069;21.3935;21.2785;21.162;21.0439;20.9242;20.8075;20.6907;20.574;20.4552;20.3345;20.2118;20.0871;19.9604;19.8337;19.707;19.5803;19.4537;19.3252;19.1949;19.0629;18.9291;18.7935;18.6579;18.5224;18.3869;18.2515;18.1161;17.9807;17.8429;17.7027;17.56;17.4148;17.2672;17.1196;16.9616;16.793;16.6241;16.4547;16.2849;16.1252;15.9755;15.8259;15.6762;15.4811;15.3769;15",8.23732,"0.2;0.3;0.5"
31.0461,4.41254,1.46948,"1;1.13209;1.25242;1.36906;1.47809;1.58154;1.6757;1.76055;1.8398;1.91127;1.97292;2.0324;2.08972;2.14487;2.20002;2.25517;2.30842;2.35979;2.40927;2.45686;2.50466;2.55457;2.60659;2.66071;2.71694;2.77317;2.82941;2.88564;2.94187;2.99868;3.05606;3.11403;3.17257;3.23169;3.2926;3.3553;3.41978;3.48606;3.55413;3.62608;3.70192;3.78165;3.86527;3.95154;4.03659;4.12042;4.20302;4.2844;4.36578;4.45194;4.5429;4.63864;4.74107;4.85019;4.96121;5.07412;5.18894;5.30376;5.41858;5.53348;5.64848;5.76356;5.87874;5.994;6.10926;6.22452;6.34107;6.45892;6.57805;6.69848;6.82019;6.94554;7.07451;7.20711;7.34959;7.50195;7.65731;7.81566;7.97702;8.13513;8.28643;8.4342;8.57842;8.72392;8.87068;9.02225;9.18411;9.35625;9.52386;9.68693;9.85029;10.0085;10.1614;10.3192;10.4809;10.6417;10.8015;10.9605;11.1188;11.2772;11.4357;11.5944;11.7532;11.9085;12.0605;12.2091;12.3543;12.4962;12.638;12.7799;12.9287;13.0805;13.2351;13.3928;13.5533;13.7099;13.8665;14.0231;14.1754;14.3236;14.4676;14.6073;14.7429;14.8785;15.014;15.1496;15.2831;15.4146;15.544;15.6713;15.7967;15.922;16.0473;16.1717;16.2953;16.412;16.522;16.6304;16.7381;16.8452;16.9575;17.074;17.1894;17.3038;17.4171;17.5174;17.618;17.719;17.8203;17.922;18.0359;18.1499;18.2594;18.3646;18.4653;18.5616;18.6535;18.7415;18.8255;18.9087;18.9909;19.0724;19.1569;19.2444;19.3287;19.4096;19.4872;19.5616;19.6328;19.7043;19.7761;19.8454;19.9122;19.9763;20.0376;20.0955;20.1525;20.2088;20.2643;20.319;20.3718;20.4227;20.4717;20.5187;20.5638;20.609;20.652;20.6947;20.7332;20.7674;20.7972;20.825;20.8486;20.8723;20.8959;20.9186;20.9404;20.9612;20.9811;21","15;15.1068;15.2325;15.3546;15.4793;15.6169;15.751;15.8815;16.0121;16.1492;16.2824;16.4218;16.5675;16.7194;16.8713;17.0232;17.1712;17.3153;17.4556;17.592;17.7288;17.8697;18.0148;18.1642;18.3177;18.4712;18.6247;18.7782;18.9317;19.082;19.2289;19.3725;19.5129;19.6499;19.7865;19.9228;20.0586;20.194;20.3291;20.466;20.6049;20.7457;20.8885;21.0284;21.1637;21.2943;21.4203;21.5415;21.6627;21.7867;21.9133;22.0428;22.1708;22.2974;22.4199;22.5382;22.6524;22.7667;22.8809;22.9904;23.0952;23.1953;23.2907;23.3814;23.4722;23.5629;23.6494;23.7317;23.8097;23.8836;23.9533;24.0226;24.0916;24.1602;24.2286;24.2968;24.3635;24.4287;24.4925;24.5547;24.6125;24.6675;24.7196;24.7685;24.8144;24.8599;24.9038;24.9459;24.9841;25.0184;25.0471;25.0716;25.092;25.1107;25.1254;25.1378;25.1479;25.1538;25.1556;25.1554;25.1535;25.1496;25.1458;25.1385;25.1277;25.1135;25.0959;25.0748;25.0537;25.0326;25.007;24.9763;24.9405;24.8997;24.8538;24.8072;24.7607;24.7142;24.6651;24.6133;24.5588;24.5018;24.4421;24.3824;24.3226;24.2629;24.2002;24.1345;24.0658;23.9941;23.9194;23.8447;23.77;23.6923;23.6116;23.5309;23.4502;23.3644;23.2764;23.1863;23.091;22.9902;22.8888;22.7869;22.6845;22.5918;22.4948;22.3935;22.2878;22.1778;22.0533;21.9288;21.8063;21.6857;21.567;21.4504;21.3356;21.2226;21.1113;20.995;20.8737;20.7474;20.6143;20.4745;20.3365;20.2005;20.0663;19.934;19.7979;19.656;19.5084;19.3594;19.2089;19.0629;18.9212;18.7807;18.6371;18.4903;18.3404;18.1874;18.0334;17.8784;17.7225;17.5656;17.4077;17.2498;17.0918;16.9235;16.7565;16.591;16.427;16.2644;16.1136;15.9628;15.812;15.6573;15.4988;15.3364;15.1701;15",8.56202,"0.2;0.4;0.4"
31.8732,3.95012,1.57541,"1;1.12172;1.24737;1.36267;1.47236;1.57646;1.66844;1.75866;1.84561;1.92928;2.00566;2.07649;2.1418;2.20308;2.26033;2.31711;2.37342;2.42719;2.47843;2.52713;2.57379;2.61866;2.66382;2.70925;2.75496;2.80095;2.84694;2.89293;2.94105;2.9913;3.04369;3.09821;3.15487;3.21153;3.26818;3.32729;3.38884;3.45285;3.5193;3.5882;3.6571;3.72788;3.80055;3.87509;3.95151;4.02981;4.11037;4.19319;4.27826;4.36692;4.45917;4.55274;4.64764;4.74387;4.84133;4.94004;5.04203;5.14732;5.25591;5.36655;5.47925;5.59194;5.70464;5.82125;5.94176;6.06619;6.19452;6.32676;6.459;6.59329;6.7304;6.87032;7.01306;7.15862;7.30494;7.45127;7.59759;7.74506;7.89367;8.04343;8.19433;8.34638;8.50057;8.65691;8.81539;8.97601;9.13878;9.30398;9.4716;9.64164;9.81411;9.98699;10.1578;10.3267;10.4935;10.6596;10.827;10.9957;11.1647;11.3342;11.5027;11.6704;11.8343;11.9955;12.1538;12.3094;12.4621;12.6157;12.7701;12.9254;13.0815;13.2385;13.3954;13.5651;13.7326;13.8981;14.0615;14.2228;14.3688;14.5144;14.6596;14.8006;14.9374;15.0706;15.2;15.3257;15.4586;15.5986;15.733;15.8665;15.9992;16.124;16.2408;16.3622;16.4912;16.6205;16.7502;16.8803;17.0108;17.1335;17.2553;17.3762;17.4963;17.6156;17.7349;17.8504;17.9622;18.0703;18.1747;18.2754;18.376;18.4767;18.5761;18.6742;18.771;18.8665;18.9608;19.0551;19.1468;19.2362;19.323;19.4046;19.4811;19.5548;19.6258;19.6941;19.7624;19.8283;19.8919;19.9525;20.0101;20.0645;20.1183;20.1713;20.2243;20.2774;20.3276;20.375;20.4195;20.4612;20.5002;20.5391;20.578;20.6159;20.6528;20.6886;20.7235;20.7573;20.7911;20.8218;20.8493;20.8737;20.8949;20.9121;20.9284;20.9439;20.9586;20.9724;20.9862;21","15;15.0879;15.201;15.3102;15.4251;15.5459;15.6709;15.8041;15.9441;16.0906;16.2451;16.3992;16.5529;16.7078;16.8639;17.0257;17.1932;17.361;17.529;17.6971;17.8598;18.0138;18.1646;18.3122;18.4567;18.598;18.7393;18.8806;19.0241;19.1699;19.3181;19.4684;19.6211;19.7738;19.9264;20.0765;20.224;20.3689;20.5111;20.6508;20.7905;20.9291;21.0664;21.2026;21.3377;21.4715;21.605;21.7382;21.8711;22.002;22.131;22.2584;22.3842;22.5084;22.6291;22.7462;22.8594;22.9687;23.0739;23.1788;23.2833;23.3877;23.4922;23.5964;23.7005;23.8044;23.9081;24.0117;24.1152;24.2146;24.3078;24.3948;24.4757;24.5503;24.6229;24.6956;24.7682;24.8374;24.9031;24.9654;25.0242;25.0796;25.1324;25.1827;25.2305;25.2758;25.3185;25.359;25.3971;25.433;25.4665;25.4936;25.5166;25.5354;25.5501;25.5594;25.5675;25.5744;25.5775;25.5766;25.5731;25.567;25.5563;25.5439;25.5296;25.5135;25.4955;25.4739;25.4486;25.4196;25.387;25.3506;25.3143;25.2723;25.2262;25.1761;25.1219;25.0636;25.006;24.9477;24.8886;24.8283;24.7669;24.7052;24.6432;24.5807;24.512;24.4369;24.3621;24.2839;24.2025;24.124;24.0485;23.9694;23.882;23.7913;23.6974;23.6002;23.4998;23.401;23.2986;23.1928;23.0834;22.9705;22.8577;22.7443;22.6305;22.5162;22.4015;22.2863;22.171;22.0558;21.936;21.8115;21.6824;21.5486;21.4103;21.2719;21.1338;20.996;20.8586;20.7235;20.591;20.4606;20.3323;20.2062;20.0801;19.954;19.8278;19.6994;19.5687;19.4356;19.3002;19.1625;19.0248;18.8871;18.7472;18.6052;18.4609;18.3145;18.1659;18.0173;17.8687;17.7166;17.5611;17.4021;17.2396;17.0736;16.9076;16.7452;16.5864;16.4311;16.2794;16.1215;15.954;15.7767;15.5898;15.3932;15.1966;15",8.82232,"0.2;0.5;0.3"
32.5444,3.6699,1.66257,"1;1.20186;1.29643;1.42593;1.53052;1.62796;1.71826;1.80204;1.8793;1.95656;2.02815;2.09296;2.15097;2.20219;2.24663;2.28995;2.33328;2.37662;2.41999;2.46336;2.50676;2.55015;2.59355;2.63694;2.68034;2.7248;2.77032;2.81691;2.86457;2.91329;2.96202;3.01074;3.05946;3.10819;3.16098;3.21785;3.27879;3.34646;3.42085;3.49791;3.57686;3.65772;3.73782;3.81952;3.90283;3.98849;4.07651;4.16545;4.25295;4.33901;4.42362;4.50854;4.59519;4.68359;4.77372;4.8721;4.97698;5.08628;5.2;5.31813;5.43417;5.54373;5.65514;5.76839;5.88348;6.00041;6.12356;6.24684;6.37024;6.49378;6.61746;6.74126;6.86947;7.0021;7.13915;7.2806;7.42647;7.57234;7.71821;7.86409;8.00988;8.15561;8.29705;8.4342;8.57516;8.72002;8.86878;9.02563;9.19422;9.36642;9.54225;9.72488;9.91432;10.1018;10.2872;10.4706;10.6489;10.8195;10.9877;11.1535;11.3169;11.4778;11.6374;11.7955;11.9523;12.1077;12.2617;12.4157;12.5697;12.7237;12.8803;13.0395;13.2014;13.3659;13.5321;13.6973;13.8574;14.0122;14.1619;14.3072;14.4495;14.5929;14.7376;14.8834;15.0305;15.1771;15.3233;15.4691;15.6132;15.7558;15.8972;16.0354;16.1704;16.3035;16.4345;16.5635;16.6925;16.8207;16.948;17.0746;17.2004;17.3253;17.4493;17.5724;17.6944;17.8155;17.9449;18.073;18.1998;18.3251;18.4475;18.5575;18.6645;18.7686;18.8696;18.9694;19.0679;19.1664;19.2611;19.3521;19.4393;19.5208;19.5965;19.6701;19.7418;19.8114;19.881;19.9506;20.0202;20.0897;20.1556;20.2179;20.2768;20.332;20.384;20.4359;20.4878;20.5398;20.5882;20.633;20.6743;20.7121;20.7463;20.7787;20.8092;20.8378;20.8646;20.8895;20.9124;20.9331;20.9517;20.9667;20.978;20.9879;20.9962;21.0031;21.0069;21.0076;21.0084;21","15;15.11;15.2053;15.3088;15.418;15.5358;15.6621;15.7945;15.933;16.0714;16.2124;16.3546;16.4981;16.6427;16.7887;16.9333;17.0803;17.2299;17.3819;17.5364;17.6933;17.8503;18.0072;18.1642;18.3211;18.4774;18.633;18.7879;18.9422;19.0957;19.2493;19.4028;19.5564;19.7099;19.8667;20.0265;20.1895;20.3549;20.5226;20.6895;20.8536;21.0148;21.174;21.329;21.48;21.6289;21.7758;21.915;22.0486;22.1766;22.2991;22.4163;22.534;22.6521;22.7707;22.8929;23.0185;23.1433;23.2674;23.3907;23.5099;23.6201;23.7269;23.8303;23.9303;24.0268;24.1248;24.22;24.3122;24.4015;24.4879;24.5714;24.6528;24.7322;24.8096;24.885;24.9583;25.0316;25.1049;25.1782;25.2482;25.3147;25.3752;25.4296;25.4777;25.523;25.5655;25.6077;25.6492;25.6901;25.7305;25.7678;25.8023;25.8306;25.8527;25.8687;25.8808;25.8872;25.8919;25.8947;25.8958;25.895;25.8904;25.8821;25.8699;25.854;25.8343;25.8146;25.7949;25.7752;25.7513;25.7233;25.6911;25.6548;25.614;25.5729;25.5302;25.4859;25.4402;25.3932;25.3409;25.2844;25.2237;25.1588;25.0897;25.0187;24.946;24.8714;24.7934;24.712;24.6291;24.5432;24.4544;24.3642;24.2727;24.1799;24.087;23.9906;23.8907;23.7873;23.6803;23.5698;23.4584;23.3461;23.2329;23.1187;22.9923;22.8631;22.7311;22.5963;22.4593;22.3315;22.2019;22.0706;21.9376;21.8021;21.6643;21.5265;21.3895;21.2532;21.1177;20.9821;20.8465;20.7101;20.573;20.4351;20.2971;20.1592;20.0213;19.8796;19.7331;19.5819;19.4259;19.2652;19.1034;18.9417;18.7799;18.6181;18.4581;18.2997;18.143;17.988;17.8347;17.678;17.5178;17.3541;17.1869;17.0163;16.8452;16.6737;16.5017;16.3346;16.1724;16.0155;15.864;15.7177;15.5582;15.3855;15.2127;15",9.04334,"0.2;0.6;0.2"
33.0184,3.5096,1.72754,"1;1.12056;1.24644;1.36923;1.4786;1.58634;1.69068;1.78198;1.86332;1.94602;2.0183;2.08015;2.14307;2.2028;2.2601;2.31499;2.36747;2.41568;2.46389;2.51138;2.55817;2.60424;2.64961;2.69426;2.73891;2.78536;2.83361;2.88284;2.93306;2.98426;3.03465;3.08422;3.13581;3.18943;3.24507;3.30273;3.36241;3.42209;3.48531;3.55206;3.62235;3.69618;3.77354;3.8509;3.92827;4.00563;4.08583;4.16888;4.25477;4.34351;4.43508;4.52666;4.61869;4.71116;4.80408;4.90406;5.01109;5.12474;5.24499;5.37161;5.4964;5.61934;5.74045;5.85973;5.9774;6.09507;6.21698;6.34312;6.4735;6.60461;6.73646;6.86482;6.99653;7.13161;7.27354;7.42232;7.57897;7.73663;7.8953;8.05499;8.21406;8.37149;8.52728;8.68144;8.83396;8.98648;9.139;9.29153;9.44405;9.60095;9.76223;9.9279;10.0952;10.2643;10.4306;10.5942;10.755;10.9145;11.0724;11.2289;11.3839;11.5376;11.6912;11.8449;11.9987;12.1575;12.3213;12.4925;12.6709;12.8503;13.0256;13.1969;13.3618;13.5203;13.6788;13.8345;13.9874;14.1374;14.2847;14.4291;14.5735;14.7192;14.866;15.0139;15.1631;15.313;15.4625;15.6115;15.7601;15.9066;16.0514;16.1945;16.336;16.4484;16.5605;16.6707;16.7789;16.8851;17.0166;17.1465;17.2765;17.4048;17.5316;17.6567;17.7803;17.8991;18.0148;18.1274;18.2368;18.3431;18.4473;18.5493;18.6492;18.7469;18.8425;18.9382;19.0339;19.1297;19.2251;19.3199;19.4143;19.5073;19.5992;19.6903;19.7807;19.8664;19.9482;20.0261;20.1;20.1699;20.2359;20.298;20.3562;20.4105;20.4608;20.51;20.5582;20.6053;20.6512;20.6961;20.7411;20.7826;20.8207;20.854;20.8824;20.9059;20.9278;20.9482;20.9687;20.9891;21.0074;21.0236;21.0376;21.0494;21.0592;21.0617;21.0571;21.0452;21.0262;21","15;15.0869;15.186;15.2925;15.3959;15.5164;15.6498;15.7897;15.9287;16.0846;16.2373;16.3868;16.5495;16.7168;16.8852;17.0549;17.2259;17.388;17.5501;17.7123;17.8745;18.0369;18.1993;18.3618;18.5244;18.6908;18.8612;19.0319;19.2028;19.3739;19.5412;19.7048;19.8673;20.0286;20.1887;20.3477;20.5055;20.6633;20.8194;20.9737;21.1262;21.2769;21.4259;21.5749;21.7238;21.8728;22.0173;22.1574;22.2931;22.4243;22.5511;22.6779;22.8023;22.9244;23.0441;23.1651;23.2876;23.4138;23.5437;23.6744;23.7983;23.9154;24.0257;24.1293;24.2291;24.3289;24.4273;24.5244;24.6201;24.7115;24.7987;24.883;24.9646;25.0434;25.1223;25.2015;25.2769;25.3485;25.4163;25.4804;25.5364;25.5884;25.6363;25.6801;25.7199;25.7596;25.7993;25.839;25.8787;25.9153;25.9487;25.9789;26.0049;26.0267;26.0474;26.067;26.0855;26.1003;26.1113;26.1186;26.1222;26.1194;26.1142;26.1063;26.0959;26.0818;26.0665;26.0473;26.0243;25.9957;25.9625;25.9249;25.8854;25.8441;25.8027;25.7586;25.7116;25.6618;25.6092;25.5537;25.4982;25.4396;25.3777;25.3127;25.2444;25.1718;25.098;25.023;24.9469;24.8669;24.7842;24.699;24.6111;24.5381;24.464;24.3878;24.3096;24.2294;24.1295;24.0289;23.9283;23.8238;23.7154;23.6032;23.4871;23.3692;23.2534;23.1398;23.0282;22.9188;22.8057;22.689;22.5685;22.4444;22.3165;22.1866;22.0545;21.9203;21.7819;21.6393;21.4946;21.3457;21.1928;21.0377;20.8806;20.7197;20.5573;20.3932;20.2276;20.0603;19.8974;19.739;19.5851;19.4356;19.2906;19.1437;18.9952;18.8449;18.6928;18.539;18.3852;18.2346;18.0872;17.9364;17.782;17.6242;17.4596;17.2882;17.1169;16.9455;16.7721;16.5965;16.4189;16.2392;16.0574;15.8657;15.6641;15.4526;15.2313;15",9.23315,"0.2;0.7;0.1"
33.5591,3.36063,1.80455,"1;1.13871;1.2529;1.36762;1.4747;1.57415;1.67413;1.76922;1.85886;1.94306;2.02248;2.09711;2.16611;2.22947;2.2872;2.33865;2.38381;2.42897;2.47413;2.51854;2.5622;2.60511;2.64727;2.68868;2.73009;2.77151;2.81292;2.85433;2.8974;2.94212;2.98849;3.03652;3.08621;3.13589;3.18558;3.23526;3.28494;3.3408;3.40066;3.46451;3.53237;3.60423;3.67392;3.7436;3.8154;3.8893;3.96532;4.04344;4.12368;4.2043;4.28531;4.36672;4.44851;4.52962;4.61356;4.70032;4.78991;4.88233;4.98242;5.08626;5.19385;5.30521;5.41966;5.53346;5.6466;5.75909;5.87092;5.98633;6.10534;6.22793;6.35412;6.48388;6.61811;6.75678;6.8999;7.04748;7.20094;7.35585;7.5122;7.66999;7.82923;7.98982;8.14747;8.30219;8.45398;8.60283;8.74943;8.89806;9.04974;9.20445;9.36221;9.52097;9.68074;9.84584;10.0163;10.1921;10.3732;10.56;10.7471;10.9292;11.1063;11.2785;11.4454;11.607;11.7685;11.93;12.0915;12.2516;12.4104;12.5679;12.724;12.8842;13.0498;13.2207;13.397;13.5712;13.7379;13.8972;14.0529;14.2049;14.3609;14.5208;14.6845;14.8429;14.9958;15.1433;15.2892;15.4336;15.5818;15.7304;15.8794;16.0248;16.1668;16.3073;16.4498;16.5901;16.7282;16.8641;16.9958;17.1233;17.2509;17.3784;17.5059;17.6241;17.7406;17.8553;17.9683;18.0773;18.1917;18.3037;18.4139;18.5221;18.6307;18.7396;18.8488;18.9573;19.065;19.1721;19.2784;19.3792;19.4751;19.5662;19.6524;19.726;19.8005;19.8756;19.9514;20.0249;20.1038;20.1797;20.2527;20.3226;20.3927;20.4627;20.5363;20.6039;20.6655;20.7211;20.7706;20.8105;20.8486;20.8849;20.9194;20.952;20.9828;21.0115;21.0356;21.0553;21.0704;21.0811;21.0881;21.0939;21.0985;21.1018;21.101;21.0936;21.0794;21.0586;21.0312;21","15;15.0917;15.1824;15.2819;15.3898;15.5062;15.6314;15.7657;15.9003;16.0352;16.1825;16.3422;16.5094;16.6839;16.8658;17.0431;17.2157;17.3882;17.5608;17.7311;17.8992;18.0649;18.2284;18.3896;18.5508;18.712;18.8732;19.0344;19.1944;19.3532;19.5107;19.6671;19.8222;19.9773;20.1325;20.2876;20.4427;20.6102;20.7763;20.941;21.1044;21.2664;21.4146;21.5629;21.7083;21.851;21.9908;22.1278;22.2621;22.3941;22.5241;22.6518;22.7775;22.8972;23.0152;23.1313;23.2455;23.3579;23.473;23.5889;23.7056;23.8232;23.9389;24.052;24.1626;24.2706;24.376;24.4779;24.5763;24.6712;24.7626;24.8505;24.9401;25.0314;25.1242;25.2188;25.3107;25.3983;25.4817;25.5608;25.6356;25.708;25.7759;25.8393;25.8982;25.9526;26.0034;26.0525;26.0976;26.1387;26.1759;26.2107;26.2431;26.2723;26.2981;26.3206;26.3398;26.3527;26.3626;26.3688;26.3714;26.3703;26.3685;26.3661;26.3616;26.3551;26.3466;26.3335;26.3159;26.2957;26.2731;26.244;26.211;26.1742;26.1334;26.0896;26.0466;26.0045;25.9584;25.9085;25.8539;25.7946;25.7306;25.6664;25.6019;25.5371;25.4681;25.3949;25.3177;25.2362;25.1505;25.0645;24.9783;24.8876;24.7926;24.6942;24.5924;24.4871;24.3827;24.2791;24.1756;24.072;23.9684;23.87;23.7684;23.6635;23.5555;23.4454;23.3281;23.212;23.0922;22.9688;22.8404;22.7071;22.5689;22.4286;22.2863;22.1418;21.9952;21.8498;21.7076;21.5685;21.4327;21.3108;21.1828;21.0488;20.9087;20.7645;20.6053;20.448;20.2851;20.1166;19.9407;19.7574;19.5556;19.3609;19.1733;18.9929;18.8195;18.6643;18.5023;18.3336;18.1582;17.9761;17.7873;17.5987;17.4142;17.2337;17.0574;16.8852;16.7196;16.5569;16.3971;16.2402;16.0786;15.8985;15.6998;15.4826;15.2468;15",9.40032,"0.2;0.8;0"
20.0032,73.8586,0.388474,"1;1.0946;1.18921;1.28381;1.37841;1.47302;1.56762;1.66392;1.76191;1.86159;1.96297;2.06604;2.16911;2.27218;2.37526;2.47833;2.5814;2.68447;2.78754;2.89062;2.99369;3.09676;3.19889;3.30007;3.4003;3.49959;3.59793;3.69627;3.79461;3.89295;3.99129;4.08963;4.18797;4.28631;4.38465;4.48299;4.58133;4.67967;4.77801;4.87635;4.97509;5.07422;5.17375;5.27367;5.37399;5.47431;5.57463;5.67495;5.77526;5.87558;5.9759;6.07622;6.17654;6.27685;6.37717;6.47749;6.57781;6.67813;6.77845;6.87878;6.97911;7.07944;7.17977;7.2801;7.38043;7.48076;7.58109;7.68142;7.78175;7.88208;7.98238;8.08263;8.18286;8.28304;8.38319;8.48334;8.58349;8.68364;8.78379;8.88394;8.98409;9.08424;9.18439;9.28454;9.38469;9.48491;9.58519;9.68555;9.78597;9.88646;9.98694;10.0874;10.1879;10.2884;10.3889;10.4894;10.5899;10.6904;10.7909;10.8913;10.9918;11.0928;11.1943;11.2962;11.3986;11.5015;11.6045;11.7074;11.8103;11.9132;12.0161;12.119;12.2219;12.3249;12.4262;12.5261;12.6244;12.7213;12.8165;12.9118;13.0071;13.1024;13.1977;13.293;13.3883;13.485;13.5832;13.6829;13.784;13.8866;13.9892;14.0918;14.1944;14.297;14.3996;14.5022;14.6048;14.7074;14.81;14.9126;15.0152;15.1178;15.2204;15.3217;15.4217;15.5204;15.6178;15.7138;15.8099;15.906;16.0021;16.0982;16.1943;16.2903;16.3864;16.4825;16.5796;16.6777;16.7768;16.877;16.9781;17.0793;17.1804;17.2816;17.3827;17.4838;17.585;17.6861;17.7873;17.8884;17.9896;18.0907;18.1919;18.2935;18.3957;18.4983;18.6015;18.7052;18.8088;18.9125;19.0162;19.1198;19.2237;19.3277;19.4319;19.5363;19.6408;19.7454;19.8499;19.9545;20.059;20.1636;20.2681;20.3727;20.4772;20.5818;20.6863;20.7909;20.8954;21","15;14.9981;14.9962;14.9943;14.9924;14.9905;14.9886;14.9866;14.9847;14.9827;14.9806;14.9785;14.9764;14.9743;14.9723;14.9702;14.9681;14.966;14.9639;14.9618;14.9597;14.9576;14.9554;14.9531;14.9507;14.9482;14.9455;14.9428;14.9402;14.9375;14.9349;14.9322;14.9296;14.9269;14.9242;14.9216;14.9189;14.9163;14.9136;14.911;14.9085;14.9064;14.9045;14.9028;14.9013;14.8999;14.8984;14.897;14.8956;14.8941;14.8927;14.8913;14.8898;14.8884;14.8869;14.8855;14.8841;14.8826;14.8811;14.8796;14.8781;14.8766;14.8751;14.8736;14.8721;14.8706;14.8691;14.8675;14.866;14.8645;14.8632;14.8619;14.8609;14.86;14.8592;14.8585;14.8577;14.857;14.8562;14.8555;14.8547;14.8539;14.8532;14.8524;14.8517;14.851;14.8504;14.8498;14.8493;14.8489;14.8485;14.848;14.8476;14.8472;14.8468;14.8463;14.8459;14.8455;14.8451;14.8446;14.8442;14.844;14.844;14.8442;14.8447;14.8453;14.846;14.8466;14.8473;14.848;14.8486;14.8493;14.8499;14.8506;14.8512;14.8517;14.8521;14.8525;14.8528;14.8531;14.8533;14.8536;14.8539;14.8542;14.8545;14.8549;14.8555;14.8561;14.8569;14.8578;14.8587;14.8596;14.8604;14.8613;14.8622;14.8631;14.864;14.8649;14.8658;14.8667;14.8675;14.8684;14.8693;14.8704;14.8717;14.8731;14.8748;14.8766;14.8784;14.8802;14.8821;14.8839;14.8857;14.8875;14.8893;14.8912;14.8929;14.8946;14.8962;14.8978;14.8993;14.9007;14.9022;14.9037;14.9052;14.9066;14.9081;14.9096;14.9111;14.9125;14.914;14.9155;14.917;14.9188;14.9209;14.9233;14.9261;14.9292;14.9323;14.9354;14.9385;14.9416;14.9447;14.9478;14.951;14.9543;14.9575;14.9608;14.9641;14.9673;14.9706;14.9739;14.9771;14.9804;14.9837;14.9869;14.9902;14.9935;14.9967;15",6.27289,"0.3;0;0.7"
25.6937,14.0118,0.890005,"1;1.08616;1.17231;1.25847;1.34517;1.43242;1.52022;1.60856;1.69383;1.77547;1.85349;1.92788;2.00028;2.07431;2.14998;2.22728;2.30622;2.38515;2.46408;2.54302;2.62195;2.70089;2.77975;2.85855;2.93727;3.01593;3.09452;3.1731;3.25169;3.33082;3.41049;3.49069;3.57144;3.65273;3.73401;3.8153;3.89534;3.97413;4.05167;4.12961;4.20797;4.28799;4.36966;4.45649;4.54682;4.64064;4.73796;4.83877;4.93959;5.04092;5.14277;5.24514;5.34802;5.45143;5.55483;5.65676;5.75721;5.8562;5.95371;6.05256;6.15421;6.25867;6.36593;6.47599;6.58606;6.69612;6.80619;6.91688;7.0282;7.14015;7.25273;7.36593;7.47914;7.59234;7.70554;7.82038;7.93686;8.05498;8.17473;8.29613;8.41752;8.54111;8.66691;8.79491;8.92511;9.05751;9.18991;9.3235;9.45829;9.59364;9.72955;9.86602;10.0012;10.135;10.2681;10.398;10.5247;10.6489;10.7706;10.8899;11.0091;11.1277;11.2457;11.363;11.4797;11.5957;11.7134;11.8327;11.9536;12.0762;12.2003;12.3245;12.4487;12.5729;12.6988;12.8266;12.9562;13.0876;13.2208;13.354;13.4872;13.6168;13.7427;13.865;13.9837;14.0977;14.2105;14.3223;14.433;14.5426;14.6522;14.7611;14.8692;14.9766;15.0857;15.1965;15.3097;15.4254;15.5435;15.6596;15.7736;15.8841;15.991;16.0943;16.1961;16.2962;16.3964;16.4958;16.5946;16.6929;16.7909;16.8884;16.9863;17.0845;17.1828;17.2787;17.3723;17.4636;17.5526;17.6393;17.7261;17.8128;17.8989;17.9846;18.0696;18.1541;18.2381;18.322;18.406;18.4899;18.5739;18.6578;18.7418;18.8261;18.9108;18.9958;19.0812;19.1646;19.2456;19.3242;19.4005;19.4761;19.5533;19.6322;19.7128;19.7951;19.8774;19.9596;20.0419;20.1242;20.2064;20.2902;20.3755;20.4624;20.5507;20.6406;20.7304;20.8203;20.9101;21","15;15.0818;15.1637;15.2455;15.3319;15.4229;15.5185;15.6187;15.7208;15.8202;15.9169;16.0109;16.1046;16.2006;16.2989;16.3995;16.5024;16.6053;16.7082;16.8111;16.9141;17.017;17.1198;17.2226;17.3253;17.4279;17.5305;17.633;17.7356;17.8377;17.9394;18.0407;18.1416;18.2421;18.3425;18.443;18.5399;18.6333;18.7231;18.81;18.8938;18.9782;19.0632;19.1507;19.2403;19.3319;19.4256;19.5213;19.617;19.7112;19.8038;19.8949;19.9845;20.0726;20.1606;20.2442;20.3234;20.3982;20.4685;20.5347;20.6013;20.6683;20.7355;20.8032;20.8708;20.9385;21.0061;21.0707;21.1322;21.1906;21.2459;21.2982;21.3505;21.4028;21.455;21.5056;21.5546;21.6018;21.6474;21.6912;21.7351;21.777;21.8169;21.8547;21.8906;21.9245;21.9584;21.9907;22.0215;22.0495;22.0747;22.0971;22.1176;22.1363;22.1545;22.1688;22.1793;22.1863;22.1901;22.1905;22.1909;22.1903;22.1888;22.1864;22.183;22.1786;22.1716;22.162;22.1498;22.1349;22.1175;22.1;22.0825;22.065;22.0434;22.0176;21.9876;21.9534;21.9151;21.8768;21.8385;21.799;21.7582;21.7161;21.6729;21.6269;21.5794;21.5305;21.4801;21.4282;21.3763;21.323;21.2684;21.2125;21.1523;21.0878;21.0204;20.9501;20.8768;20.8034;20.7297;20.6557;20.5815;20.5069;20.4322;20.3575;20.2827;20.2072;20.131;20.0528;19.9726;19.8903;19.8068;19.722;19.6371;19.5516;19.4654;19.3784;19.2908;19.2024;19.1141;19.0257;18.9358;18.8442;18.7511;18.6564;18.5601;18.4637;18.3674;18.2711;18.1748;18.0785;17.9822;17.8844;17.7851;17.6843;17.582;17.4803;17.3808;17.2834;17.1881;17.0909;16.9898;16.8847;16.7757;16.6627;16.5497;16.4367;16.3238;16.2108;16.0978;15.9825;15.8649;15.745;15.6227;15.4982;15.3736;15.2491;15.1245;15",9.6433,"0.3;0.1;0.6"
28.0851,7.73692,1.12976,"1;1.08708;1.17415;1.26123;1.3483;1.43538;1.52246;1.60523;1.68369;1.75785;1.82798;1.89407;1.96045;2.02709;2.09402;2.16094;2.22786;2.29479;2.36213;2.42989;2.49806;2.56666;2.63567;2.70468;2.77369;2.84157;2.90831;2.97452;3.0402;3.10536;3.17112;3.2375;3.30531;3.37455;3.44522;3.51733;3.59086;3.667;3.74574;3.82709;3.91104;3.99576;4.07865;4.15972;4.24298;4.32845;4.41794;4.51227;4.61143;4.71141;4.81219;4.91379;5.01538;5.11817;5.22217;5.32737;5.43376;5.54136;5.64896;5.75656;5.86376;5.97058;6.077;6.18302;6.28866;6.39662;6.50692;6.61955;6.73451;6.8518;6.97217;7.09563;7.22216;7.34945;7.47749;7.6032;7.72658;7.84763;7.96868;8.08931;8.20951;8.3293;8.45165;8.57655;8.70443;8.83529;8.96752;9.09814;9.22716;9.35524;9.4824;9.61023;9.73875;9.87206;10.0095;10.151;10.2967;10.4465;10.5975;10.7499;10.9035;11.0585;11.2094;11.355;11.4953;11.632;11.7653;11.9004;12.0374;12.1793;12.3244;12.4727;12.6241;12.7739;12.919;13.0593;13.1949;13.3296;13.4684;13.6111;13.7541;13.8972;14.0365;14.172;14.3015;14.4287;14.5566;14.685;14.8139;14.9456;15.0801;15.212;15.3415;15.4686;15.5931;15.7131;15.8309;15.9468;16.0629;16.1793;16.2982;16.4183;16.5397;16.66;16.7754;16.8859;16.9925;17.0954;17.1945;17.2974;17.404;17.5094;17.6134;17.7161;17.8136;17.906;17.9984;18.0906;18.1826;18.2744;18.3661;18.4575;18.546;18.6314;18.7139;18.7935;18.87;18.9465;19.0224;19.0977;19.1723;19.2463;19.3197;19.393;19.4664;19.5398;19.6101;19.6775;19.7418;19.8032;19.8616;19.9199;19.9783;20.0367;20.0937;20.1493;20.2035;20.2587;20.3148;20.3731;20.4337;20.4967;20.5596;20.6225;20.6854;20.7483;20.8112;20.8742;20.9371;21","15;15.1048;15.2096;15.3144;15.4193;15.5241;15.6289;15.7348;15.8417;15.9498;16.0618;16.178;16.297;16.4191;16.544;16.669;16.794;16.919;17.0447;17.1712;17.2983;17.4262;17.5548;17.6834;17.8121;17.9384;18.0626;18.1839;18.3025;18.4183;18.5335;18.6483;18.7628;18.8772;18.9913;19.1053;19.2192;19.3334;19.4482;19.5634;19.679;19.7917;19.901;20.0069;20.1146;20.2241;20.3389;20.4552;20.5731;20.6874;20.7981;20.9051;21.0121;21.1159;21.2165;21.3139;21.4081;21.4991;21.5901;21.681;21.7685;21.8525;21.933;22.0101;22.0836;22.1569;22.2298;22.3024;22.3748;22.4468;22.5186;22.5902;22.6615;22.7291;22.7928;22.853;22.9095;22.9625;23.0155;23.0674;23.1184;23.1682;23.216;23.2616;23.3061;23.3495;23.3896;23.4275;23.4631;23.4952;23.5238;23.5511;23.5771;23.5994;23.6193;23.6368;23.652;23.6647;23.6741;23.6801;23.6827;23.682;23.6765;23.6698;23.6616;23.6506;23.6368;23.6215;23.6047;23.5839;23.5606;23.5348;23.5064;23.4742;23.4406;23.4057;23.3695;23.3295;23.287;23.242;23.1941;23.1432;23.0918;23.04;22.9868;22.933;22.8745;22.8115;22.744;22.6727;22.5976;22.5225;22.4473;22.3721;22.2967;22.221;22.1448;22.0682;21.9876;21.9031;21.8151;21.724;21.6298;21.5361;21.443;21.3507;21.2587;21.1669;21.0754;20.9786;20.8767;20.7727;20.6668;20.5589;20.4543;20.3529;20.2515;20.1474;20.0405;19.9309;19.8185;19.7033;19.5892;19.4761;19.3641;19.2531;19.1431;19.0332;18.9204;18.8049;18.6866;18.5656;18.4417;18.3179;18.194;18.0702;17.9483;17.8285;17.7106;17.5947;17.4808;17.3669;17.2531;17.1392;17.0257;16.9125;16.7997;16.6811;16.5565;16.4258;16.2888;16.1456;16.0024;15.8592;15.716;15.5728;15.4296;15.2864;15.1432;15",10.5378,"0.3;0.2;0.5"
29.3624,5.88956,1.27158,"1;1.09454;1.19856;1.29711;1.39515;1.49271;1.58118;1.66604;1.7473;1.82276;1.89244;1.95993;2.02524;2.08836;2.15148;2.2146;2.27677;2.33797;2.39822;2.4575;2.51583;2.57471;2.63414;2.69411;2.75464;2.81572;2.87593;2.93526;2.99373;3.05131;3.10803;3.16966;3.2362;3.30333;3.37107;3.43939;3.50609;3.57114;3.63887;3.70928;3.78236;3.85545;3.93201;4.01207;4.0956;4.18262;4.27312;4.36655;4.46291;4.5622;4.66441;4.76955;4.87469;4.98225;5.09224;5.20464;5.31945;5.43669;5.55393;5.66953;5.78348;5.89579;6.00646;6.11963;6.23692;6.35836;6.48393;6.61364;6.74334;6.87305;7.0023;7.1311;7.25944;7.38733;7.51477;7.6422;7.77568;7.9152;8.06077;8.20858;8.35864;8.50492;8.64541;8.78012;8.91284;9.04357;9.17232;9.30686;9.4472;9.59334;9.74528;9.90013;10.0521;10.2012;10.3474;10.4907;10.634;10.7759;10.9165;11.0558;11.1937;11.3302;11.4679;11.6067;11.7466;11.8853;12.0227;12.1577;12.2903;12.4251;12.5645;12.7083;12.8567;13.0089;13.1604;13.3112;13.4613;13.6108;13.7602;13.9096;14.0391;14.1678;14.2959;14.4233;14.548;14.69;14.8301;14.9681;15.1041;15.2401;15.3721;15.5;15.6239;15.7437;15.8595;15.9753;16.091;16.208;16.3263;16.4459;16.5667;16.6888;16.8124;16.9376;17.0612;17.1833;17.3038;17.4212;17.5322;17.64;17.7445;17.8458;17.9425;18.0378;18.1315;18.2238;18.3146;18.4053;18.496;18.5852;18.6729;18.7591;18.8438;18.9261;19.0074;19.0878;19.1673;19.2419;19.3126;19.3795;19.4425;19.5011;19.5593;19.6169;19.6741;19.7307;19.7871;19.8435;19.8997;19.9558;20.012;20.0681;20.1242;20.1803;20.235;20.2882;20.3399;20.3902;20.439;20.4878;20.5366;20.5854;20.6342;20.684;20.7347;20.7864;20.8391;20.8927;20.9464;21","15;15.0905;15.2089;15.3228;15.443;15.5695;15.6908;15.8115;15.9316;16.0534;16.1769;16.3027;16.4308;16.5611;16.6915;16.8219;16.9534;17.0861;17.2199;17.3548;17.4909;17.6276;17.765;17.9029;18.0415;18.1807;18.3162;18.448;18.5761;18.7005;18.8213;18.9491;19.084;19.2174;19.3492;19.4796;19.6038;19.7218;19.8424;19.9654;20.091;20.2165;20.3416;20.4661;20.59;20.7135;20.8364;20.9586;21.0801;21.2008;21.3209;21.4402;21.5594;21.6762;21.7903;21.9019;22.0109;22.1174;22.2238;22.3265;22.4254;22.5206;22.6121;22.6993;22.786;22.8723;22.958;23.0432;23.1284;23.2136;23.2932;23.3671;23.4355;23.4982;23.5553;23.6124;23.6699;23.7277;23.7858;23.8428;23.8986;23.9528;24.0008;24.0425;24.0794;24.1116;24.1391;24.1661;24.1926;24.2186;24.2441;24.2663;24.2857;24.3021;24.3157;24.3265;24.3372;24.3456;24.3515;24.355;24.3561;24.3547;24.3504;24.3431;24.3328;24.3186;24.3006;24.2816;24.2617;24.2383;24.2123;24.1836;24.1524;24.116;24.0772;24.036;23.9922;23.9461;23.8999;23.8537;23.8132;23.7698;23.7234;23.6741;23.6185;23.5511;23.4803;23.4063;23.329;23.2517;23.1742;23.0963;23.0182;22.9398;22.8611;22.7825;22.7038;22.6215;22.5355;22.446;22.3528;22.2561;22.1549;22.0495;21.9415;21.8308;21.7175;21.6058;21.496;21.3862;21.2765;21.1669;21.0579;20.9493;20.8371;20.7214;20.6021;20.4788;20.3515;20.225;20.0994;19.9746;19.8507;19.7264;19.6007;19.4738;19.3457;19.2209;19.1008;18.9853;18.8745;18.7674;18.6595;18.5506;18.4408;18.3267;18.2091;18.0879;17.9634;17.8353;17.7072;17.5791;17.4511;17.323;17.1933;17.062;16.9291;16.7946;16.6585;16.5224;16.3862;16.2501;16.114;15.9714;15.8224;15.6669;15.505;15.3367;15.1683;15",11.0842,"0.3;0.3;0.4"
30.2892,4.96887,1.3794,"1;1.11949;1.23897;1.34972;1.45172;1.54499;1.62952;1.70531;1.77827;1.84839;1.91569;1.98161;2.04617;2.11218;2.17723;2.24131;2.30296;2.36217;2.41896;2.47495;2.53014;2.58454;2.63814;2.69094;2.74375;2.79655;2.84909;2.90136;2.95337;3.009;3.06823;3.13135;3.19834;3.26922;3.34009;3.4091;3.47624;3.54152;3.60494;3.67007;3.73879;3.81108;3.88696;3.96642;4.04588;4.12534;4.2048;4.28426;4.36269;4.4401;4.52351;4.61294;4.70838;4.81086;4.92037;5.02989;5.14041;5.25192;5.36443;5.47793;5.59243;5.70693;5.83373;5.9609;6.08843;6.21632;6.34457;6.46088;6.57718;6.69436;6.81243;6.93137;7.05119;7.17189;7.30825;7.44457;7.58085;7.7209;7.86474;7.99669;8.13247;8.27207;8.41168;8.55315;8.6965;8.84173;8.98883;9.1378;9.28669;9.43549;9.58422;9.73285;9.88141;10.03;10.1751;10.3167;10.455;10.5903;10.7285;10.8733;11.0244;11.182;11.3422;11.4992;11.6529;11.8034;11.9506;12.097;12.2427;12.3875;12.5316;12.6749;12.8182;12.9615;13.1044;13.2467;13.3886;13.53;13.6716;13.8138;13.9566;14.1001;14.2441;14.3881;14.5294;14.668;14.8038;14.9368;15.0671;15.197;15.3264;15.4553;15.5838;15.7119;15.84;15.9727;16.1102;16.2494;16.3904;16.5331;16.6727;16.8051;16.9333;17.0571;17.1767;17.2921;17.4074;17.5208;17.6323;17.7419;17.8496;17.9553;18.0585;18.1592;18.2561;18.3493;18.4387;18.527;18.614;18.7003;18.7858;18.8704;18.9543;19.0373;19.1204;19.2035;19.2865;19.3696;19.4491;19.525;19.5974;19.6661;19.7313;19.7965;19.8617;19.9244;19.9846;20.0424;20.0977;20.1489;20.1987;20.2469;20.2935;20.3386;20.3837;20.4288;20.4756;20.5239;20.5723;20.6206;20.669;20.7136;20.7543;20.7929;20.8292;20.8634;20.8975;20.9317;20.9658;21","15;15.1139;15.2279;15.3447;15.4644;15.587;15.7125;15.8409;15.9679;16.0937;16.2181;16.3489;16.486;16.6309;16.782;16.9392;17.095;17.2492;17.402;17.5515;17.6978;17.8408;17.9806;18.1172;18.2537;18.3903;18.5232;18.6526;18.7784;18.9061;19.0357;19.1709;19.3116;19.4579;19.6042;19.7447;19.8795;20.0085;20.1318;20.2503;20.3697;20.49;20.6112;20.7333;20.8554;20.9775;21.0997;21.2218;21.3382;21.4488;21.5586;21.6676;21.7759;21.889;22.0071;22.1252;22.2403;22.3525;22.4618;22.5681;22.6715;22.7748;22.8827;22.9854;23.0829;23.1752;23.2623;23.3396;23.4169;23.4924;23.5661;23.6378;23.7078;23.7759;23.8506;23.9239;23.9959;24.0644;24.1295;24.1846;24.2377;24.2888;24.3399;24.3889;24.4357;24.4803;24.5227;24.563;24.5998;24.6331;24.6629;24.6893;24.7121;24.735;24.7553;24.773;24.7882;24.8004;24.8085;24.8149;24.8197;24.8228;24.8218;24.8178;24.811;24.8012;24.7885;24.7732;24.7554;24.735;24.7121;24.6866;24.6611;24.6356;24.6073;24.5761;24.5422;24.5055;24.4618;24.4139;24.3619;24.3057;24.2453;24.185;24.1242;24.063;24.0014;23.9394;23.8769;23.8122;23.7452;23.6758;23.6042;23.5303;23.4564;23.3772;23.2927;23.2018;23.1043;23.0004;22.8953;22.7887;22.6816;22.5742;22.4664;22.3582;22.2501;22.1401;22.0284;21.9149;21.7997;21.6827;21.5665;21.4511;21.3361;21.2218;21.1079;20.9937;20.8793;20.7604;20.637;20.5092;20.3769;20.2401;20.1033;19.9665;19.8297;19.6929;19.5548;19.4155;19.2748;19.1328;18.9895;18.8462;18.703;18.5598;18.4167;18.2737;18.1309;17.9904;17.8522;17.7163;17.5827;17.4514;17.32;17.1887;17.0491;16.9011;16.7479;16.5895;16.4259;16.2652;16.1075;15.9495;15.7914;15.6331;15.4748;15.3166;15.1583;15",11.4881,"0.3;0.4;0.3"
30.97,4.4622,1.46328,"1;1.10765;1.2153;1.31369;1.41724;1.51931;1.61989;1.71119;1.80246;1.87809;1.94473;2.00238;2.05885;2.11412;2.17115;2.22687;2.28131;2.33444;2.38628;2.43507;2.48386;2.53378;2.58483;2.63701;2.69032;2.74594;2.80275;2.86073;2.9199;2.98024;3.04275;3.10742;3.17425;3.24324;3.31729;3.39424;3.4728;3.55297;3.63612;3.71937;3.8027;3.88741;3.97349;4.05958;4.14566;4.23308;4.32186;4.41197;4.50343;4.59624;4.6921;4.79101;4.89298;4.998;5.10607;5.21415;5.3226;5.43144;5.54065;5.65024;5.76021;5.87019;5.9741;6.07475;6.17214;6.2751;6.38361;6.50374;6.63268;6.77044;6.9082;7.04596;7.18804;7.33444;7.48295;7.63357;7.78631;7.93684;8.08517;8.23349;8.38182;8.53015;8.67847;8.8268;8.96655;9.10894;9.25397;9.40163;9.55193;9.71228;9.87149;10.0295;10.1864;10.3394;10.4896;10.637;10.7816;10.9258;11.0724;11.2214;11.3728;11.5266;11.6804;11.8342;11.9911;12.1511;12.3143;12.4806;12.6476;12.8121;12.9741;13.1337;13.2908;13.4479;13.5996;13.7458;13.8865;14.025;14.1613;14.3008;14.4434;14.5884;14.7323;14.8754;15.0175;15.1581;15.2981;15.4375;15.5763;15.7133;15.849;15.9835;16.1167;16.2473;16.3765;16.5044;16.6309;16.756;16.8777;16.9959;17.1107;17.222;17.3299;17.437;17.5435;17.6492;17.7543;17.8586;17.963;18.0633;18.1597;18.2521;18.3405;18.4248;18.5083;18.5908;18.6723;18.7529;18.8326;18.9111;18.9883;19.0643;19.139;19.2126;19.2861;19.3597;19.4332;19.5067;19.5803;19.6522;19.7225;19.7912;19.8569;19.9196;19.9808;20.0406;20.0991;20.155;20.2083;20.2591;20.3073;20.353;20.3987;20.4444;20.49;20.5355;20.5809;20.6234;20.6631;20.7001;20.7343;20.7657;20.7972;20.827;20.8552;20.8818;20.9068;20.9348;20.9535;21","15;15.103;15.206;15.3022;15.4141;15.5379;15.6736;15.815;15.9689;16.1132;16.2519;16.3849;16.5184;16.6523;16.7941;16.9375;17.0825;17.2292;17.3776;17.5198;17.662;17.808;17.9577;18.1111;18.2683;18.4282;18.5869;18.7444;18.9008;19.0561;19.2112;19.3661;19.5207;19.6752;19.8329;19.9942;20.1554;20.3165;20.4736;20.6232;20.7652;20.9033;21.0374;21.1716;21.3057;21.4392;21.5719;21.7039;21.8352;21.9658;22.0927;22.2157;22.335;22.4504;22.5621;22.6738;22.7817;22.8858;22.9862;23.0828;23.1757;23.2685;23.3552;23.4376;23.5158;23.5926;23.6681;23.7485;23.8318;23.9179;24.0041;24.0902;24.1756;24.2604;24.338;24.4086;24.4722;24.5294;24.5803;24.6312;24.6821;24.7329;24.7838;24.8347;24.8793;24.9196;24.9557;24.9875;25.015;25.0413;25.0641;25.0836;25.0997;25.1113;25.1218;25.131;25.1391;25.1431;25.1443;25.1426;25.138;25.1305;25.123;25.1155;25.1042;25.0891;25.0701;25.0474;25.0187;24.9879;24.955;24.9199;24.8827;24.8455;24.8063;24.7651;24.722;24.6744;24.6222;24.5675;24.5102;24.4489;24.3863;24.3223;24.2569;24.1885;24.1186;24.0471;23.9741;23.8977;23.8195;23.7395;23.6576;23.5719;23.4841;23.3942;23.3022;23.2082;23.1139;23.0195;22.9248;22.8299;22.7348;22.6363;22.5344;22.4291;22.3203;22.2082;22.096;21.985;21.8751;21.7662;21.6586;21.552;21.441;21.3255;21.2055;21.0811;20.9523;20.8226;20.692;20.5606;20.4283;20.2952;20.1621;20.029;19.8958;19.7627;19.6296;19.4965;19.3634;19.2303;19.0945;18.956;18.8149;18.671;18.5244;18.3783;18.2328;18.0877;17.9431;17.799;17.655;17.5109;17.3627;17.2104;17.0539;16.8996;16.7474;16.6015;16.4618;16.3284;16.195;16.0587;15.9196;15.7777;15.6328;15.4472;15.3374;15",11.8148,"0.3;0.5;0.2"
31.5865,4.09389,1.5419,"1;1.11918;1.23152;1.33703;1.43569;1.52752;1.6125;1.69415;1.77245;1.8474;1.91689;1.98092;2.04283;2.10262;2.15895;2.21393;2.26755;2.31983;2.37005;2.41959;2.46843;2.51658;2.56403;2.61148;2.65893;2.70638;2.75383;2.80129;2.85037;2.90109;2.95345;3.00744;3.06307;3.11879;3.1746;3.23051;3.29064;3.35501;3.4235;3.49612;3.57288;3.65113;3.73087;3.81211;3.89485;3.98322;4.07573;4.16982;4.26551;4.36605;4.46733;4.56933;4.67584;4.78684;4.89907;5.01141;5.12386;5.23521;5.34545;5.45457;5.5637;5.67283;5.78736;5.9073;6.03265;6.1634;6.29956;6.43572;6.57402;6.71446;6.85704;6.99919;7.14156;7.28203;7.42059;7.55884;7.69936;7.84147;7.98518;8.13049;8.27328;8.41355;8.55629;8.70148;8.84912;9.00174;9.1612;9.32033;9.47913;9.6376;9.79613;9.95287;10.11;10.2635;10.4135;10.5594;10.6854;10.8141;10.9495;11.0915;11.2403;11.4042;11.5608;11.7139;11.8636;12.0097;12.1597;12.3171;12.476;12.6363;12.798;12.9612;13.1222;13.2795;13.433;13.5827;13.7287;13.871;14.0132;14.1555;14.3017;14.452;14.6062;14.7587;14.9095;15.0545;15.1975;15.3385;15.4831;15.6192;15.7524;15.8791;15.9992;16.1128;16.232;16.3512;16.4704;16.5896;16.7088;16.828;16.9478;17.0682;17.1893;17.311;17.4301;17.5455;17.6572;17.7652;17.8801;17.9927;18.1034;18.2123;18.3233;18.4259;18.5206;18.6157;18.7114;18.8034;18.8918;18.9885;19.0834;19.1764;19.2674;19.3566;19.4418;19.525;19.6061;19.6852;19.7596;19.8313;19.9003;19.9649;20.0251;20.0836;20.1417;20.1994;20.2545;20.307;20.357;20.4031;20.4452;20.4874;20.5273;20.565;20.6005;20.6337;20.6647;20.6957;20.7267;20.7576;20.7886;20.8174;20.8444;20.8694;20.8926;20.9139;20.9354;20.9569;20.9785;21","15;15.1011;15.2049;15.3114;15.4206;15.5325;15.6472;15.7681;15.8952;16.0285;16.167;16.3108;16.4537;16.5956;16.7399;16.8878;17.039;17.1937;17.3494;17.5028;17.6538;17.8025;17.9488;18.0952;18.2415;18.3878;18.5341;18.6805;18.8279;18.9764;19.1259;19.2766;19.4283;19.5755;19.718;19.856;19.9946;20.1337;20.2781;20.4277;20.5825;20.7357;20.8871;21.0369;21.1851;21.3351;21.4887;21.6414;21.7932;21.9441;22.0905;22.2324;22.3715;22.5078;22.6413;22.7666;22.8837;22.9953;23.1014;23.202;23.3026;23.4031;23.5026;23.6011;23.6984;23.7947;23.8899;23.9851;24.0795;24.173;24.2657;24.3533;24.4349;24.5114;24.5826;24.6466;24.7075;24.7662;24.8228;24.8773;24.9299;24.9808;25.0292;25.0752;25.1189;25.1619;25.2048;25.2455;25.2842;25.3207;25.352;25.3777;25.4003;25.4179;25.4305;25.441;25.4484;25.4532;25.4573;25.4607;25.4635;25.464;25.4617;25.4558;25.4463;25.4331;25.419;25.4008;25.3787;25.3525;25.3223;25.2882;25.2531;25.2158;25.1762;25.1343;25.0901;25.0436;24.9972;24.9507;24.8998;24.8445;24.7848;24.7209;24.6527;24.5847;24.513;24.4374;24.3579;24.2802;24.2002;24.1218;24.0449;23.9697;23.8902;23.8084;23.7242;23.6377;23.5487;23.4575;23.3633;23.2662;23.1662;23.0632;22.9593;22.8555;22.7517;22.6479;22.5296;22.4075;22.2834;22.1575;22.0222;21.8921;21.7692;21.6408;21.5069;21.3748;21.2448;21.102;20.9578;20.8122;20.6652;20.5168;20.3664;20.2155;20.0641;19.9121;19.7598;19.6078;19.4561;19.3073;19.1615;19.0184;18.8724;18.7235;18.5741;18.4242;18.2738;18.1284;17.9881;17.8478;17.7066;17.5646;17.4216;17.2777;17.133;16.9883;16.8435;16.6988;16.554;16.4082;16.2541;16.0919;15.9215;15.7428;15.5571;15.3714;15.1857;15",12.0865,"0.3;0.6;0.1"
32.1786,3.81577,1.6181,"1;1.09671;1.23744;1.34956;1.46205;1.5549;1.64203;1.72346;1.79917;1.86918;1.93791;2.00537;2.06844;2.12712;2.18142;2.23259;2.28064;2.32869;2.37674;2.42479;2.47284;2.52031;2.56719;2.6135;2.65921;2.70521;2.75208;2.7998;2.8484;2.89937;2.95185;3.00585;3.06136;3.11838;3.1754;3.23243;3.29106;3.35131;3.41318;3.47665;3.54174;3.60683;3.67485;3.7458;3.81967;3.89646;3.97727;4.05914;4.1421;4.22613;4.31123;4.39792;4.48617;4.57601;4.66742;4.7604;4.85339;4.94637;5.04736;5.15635;5.26329;5.3757;5.49359;5.60895;5.72283;5.84527;5.96876;6.0933;6.21888;6.34595;6.47448;6.61052;6.75406;6.90509;7.05795;7.21262;7.36309;7.50935;7.6514;7.79345;7.9355;8.07629;8.22229;8.3735;8.52994;8.69158;8.85479;9.01807;9.1814;9.34479;9.50825;9.67668;9.84622;10.0169;10.1835;10.3461;10.5047;10.6563;10.8011;10.9441;11.0892;11.2364;11.3875;11.5425;11.7015;11.8604;12.0224;12.1876;12.3559;12.5273;12.6961;12.859;13.0161;13.1674;13.3128;13.458;13.603;13.7477;13.8959;14.0476;14.203;14.3622;14.5286;14.6985;14.8657;15.0304;15.1926;15.3487;15.4988;15.6465;15.7919;15.9337;16.0719;16.2066;16.3401;16.4724;16.6048;16.7342;16.8607;16.984;17.1039;17.2206;17.3368;17.4527;17.5686;17.6844;17.7974;17.9074;18.0153;18.1213;18.2251;18.3299;18.4356;18.5412;18.6469;18.7548;18.8587;18.9588;19.055;19.1472;19.2334;19.3195;19.4052;19.4903;19.5749;19.6554;19.7318;19.8045;19.8737;19.9393;20.0048;20.0704;20.1341;20.1959;20.2558;20.3137;20.3687;20.4226;20.4754;20.5271;20.575;20.62;20.6623;20.7017;20.7356;20.7665;20.7945;20.8197;20.842;20.8628;20.8823;20.9002;20.9158;20.929;20.9413;20.9526;20.9629;20.9745;20.9836;21","15;15.0758;15.2075;15.3166;15.4331;15.5499;15.6707;15.7955;15.9245;16.0575;16.1999;16.3517;16.5067;16.6649;16.8263;16.9815;17.1306;17.2797;17.4288;17.5778;17.7269;17.8754;18.0234;18.1708;18.3176;18.4662;18.6171;18.7704;18.926;19.0832;19.2396;19.3952;19.5501;19.7041;19.8582;20.0123;20.1625;20.309;20.4516;20.5905;20.7255;20.8605;20.9967;21.1339;21.2723;21.4118;21.5503;21.6868;21.8212;21.9536;22.0839;22.2119;22.3377;22.4613;22.5825;22.7016;22.8206;22.9396;23.0627;23.1899;23.3093;23.4267;23.5422;23.6516;23.7509;23.8519;23.9488;24.0415;24.1301;24.2186;24.307;24.396;24.4856;24.5759;24.6614;24.7422;24.8175;24.8872;24.9515;25.0157;25.0799;25.1402;25.1984;25.2547;25.309;25.3614;25.4119;25.4583;25.5005;25.5386;25.5725;25.6061;25.6369;25.6649;25.6872;25.704;25.7151;25.7223;25.7255;25.7275;25.727;25.7239;25.7197;25.7141;25.7074;25.7006;25.6896;25.6743;25.6547;25.6309;25.6011;25.5696;25.5363;25.5013;25.4645;25.4265;25.3873;25.3468;25.3028;25.2552;25.2053;25.153;25.0939;25.0302;24.9612;24.8869;24.8073;24.7269;24.6457;24.5636;24.4806;24.3963;24.311;24.2244;24.1377;24.0508;23.9639;23.8773;23.7911;23.7009;23.6065;23.5079;23.4049;23.2974;23.1899;23.0824;22.9744;22.8658;22.7516;22.6319;22.5064;22.3759;22.2402;22.1046;21.9689;21.8262;21.6833;21.5404;21.3974;21.2543;21.1183;20.9822;20.8444;20.7048;20.5635;20.4195;20.2731;20.1258;19.9778;19.8289;19.6801;19.5313;19.383;19.2352;19.0879;18.9411;18.7923;18.6412;18.4875;18.3314;18.1697;18.0047;17.8366;17.6652;17.4947;17.3283;17.1659;17.0076;16.8534;16.7006;16.549;16.3988;16.2495;16.1011;15.9523;15.803;15.6533;15.4628;15.3539;15",12.3246,"0.3;0.7;0"
20.0074,74.134,0.386795,"1;1.10239;1.20479;1.30718;1.40957;1.51197;1.61436;1.71675;1.81915;1.92154;2.02315;2.12399;2.22405;2.32332;2.42182;2.52032;2.61882;2.71731;2.81581;2.91431;3.01288;3.11152;3.21024;3.30903;3.40789;3.50675;3.60561;3.70447;3.80334;3.9022;4.00106;4.09992;4.19878;4.29836;4.39865;4.49965;4.60137;4.7038;4.80622;4.90865;5.01108;5.11351;5.21594;5.31837;5.4208;5.52323;5.62566;5.72784;5.82978;5.93146;6.0329;6.1341;6.23529;6.33649;6.43768;6.53887;6.64007;6.74049;6.84015;6.93903;7.03715;7.1345;7.23184;7.32919;7.42654;7.52388;7.62123;7.71858;7.81593;7.91327;8.01062;8.10797;8.20602;8.30477;8.40422;8.50437;8.60522;8.70607;8.80693;8.90778;9.00863;9.10948;9.21034;9.31119;9.41158;9.5115;9.61096;9.70995;9.80848;9.907;10.0055;10.1041;10.2026;10.301;10.3994;10.4977;10.5959;10.694;10.7921;10.8902;10.9884;11.0865;11.1846;11.2827;11.3809;11.479;11.5771;11.6757;11.7748;11.8743;11.9743;12.0748;12.1753;12.2758;12.3763;12.4768;12.5772;12.6777;12.7782;12.8787;12.9795;13.0807;13.1823;13.2842;13.3864;13.4886;13.5909;13.6931;13.7953;13.8976;13.9998;14.102;14.2043;14.3065;14.4079;14.5086;14.6085;14.7076;14.8059;14.9042;15.0024;15.1007;15.199;15.2973;15.3956;15.4939;15.5922;15.6905;15.7888;15.8871;15.9854;16.0825;16.1785;16.2734;16.3671;16.4597;16.5522;16.6469;16.7437;16.8425;16.9435;17.0465;17.1495;17.2526;17.3556;17.4587;17.5617;17.6647;17.7678;17.8708;17.9739;18.0769;18.1799;18.283;18.386;18.489;18.5925;18.6963;18.8005;18.9051;19.0101;19.1152;19.2202;19.3252;19.4302;19.5344;19.6377;19.7402;19.8419;19.9428;20.0436;20.1445;20.2454;20.3462;20.4471;20.5479;20.6537;20.7642;20.8748;21","15;14.9938;14.9876;14.9814;14.9753;14.9691;14.9629;14.9567;14.9505;14.9443;14.9387;14.9335;14.9288;14.9247;14.9211;14.9174;14.9138;14.9101;14.9065;14.9029;14.8994;14.8962;14.8931;14.8902;14.8875;14.8848;14.8822;14.8795;14.8768;14.8741;14.8714;14.8687;14.8661;14.8633;14.8605;14.8576;14.8546;14.8516;14.8486;14.8455;14.8425;14.8395;14.8364;14.8334;14.8304;14.8273;14.8243;14.8213;14.8185;14.8157;14.813;14.8104;14.8078;14.8052;14.8026;14.8;14.7974;14.795;14.7929;14.7911;14.7895;14.7881;14.7868;14.7854;14.7841;14.7827;14.7814;14.78;14.7786;14.7773;14.7759;14.7746;14.7735;14.7728;14.7724;14.7723;14.7726;14.7728;14.7731;14.7733;14.7735;14.7738;14.774;14.7743;14.7746;14.775;14.7755;14.7761;14.7767;14.7774;14.7781;14.7787;14.7794;14.7802;14.7813;14.7825;14.784;14.7856;14.7873;14.7889;14.7905;14.7922;14.7938;14.7954;14.7971;14.7987;14.8003;14.8017;14.8029;14.8039;14.8046;14.8051;14.8055;14.806;14.8065;14.807;14.8075;14.808;14.8084;14.8089;14.8094;14.8098;14.8102;14.8106;14.8109;14.8112;14.8116;14.8119;14.8123;14.8126;14.8129;14.8133;14.8136;14.814;14.8146;14.8155;14.8168;14.8184;14.8202;14.8221;14.8239;14.8258;14.8277;14.8295;14.8314;14.8332;14.8351;14.837;14.8388;14.8407;14.8425;14.8448;14.8474;14.8505;14.8539;14.8577;14.8615;14.8652;14.8686;14.8719;14.8749;14.8778;14.8807;14.8836;14.8865;14.8893;14.8922;14.8951;14.898;14.9009;14.9037;14.9066;14.9095;14.9124;14.9152;14.9181;14.9209;14.9235;14.926;14.9284;14.9306;14.9329;14.9351;14.9373;14.9396;14.9421;14.9448;14.9479;14.9511;14.9547;14.9582;14.9617;14.9652;14.9688;14.9723;14.9758;14.9804;14.9859;14.9914;15",8.23504,"0.4;0;0.6"
25.0146,16.7845,0.828151,"1;1.08286;1.16573;1.24859;1.33145;1.41432;1.49718;1.58004;1.66372;1.74822;1.83354;1.91968;2.00663;2.09242;2.17704;2.26049;2.34277;2.42389;2.50501;2.58613;2.66724;2.74836;2.82952;2.91071;2.99194;3.0732;3.15451;3.23581;3.31711;3.39842;3.47972;3.56102;3.64233;3.72504;3.80917;3.89471;3.98167;4.07003;4.15983;4.25105;4.34167;4.43169;4.5211;4.60849;4.69384;4.78115;4.87041;4.96409;5.06217;5.16466;5.2696;5.377;5.48489;5.5933;5.7022;5.81162;5.92153;6.03145;6.14102;6.25023;6.3591;6.46762;6.57579;6.68396;6.79212;6.90029;7.00846;7.11663;7.22737;7.34068;7.45656;7.57502;7.69604;7.81707;7.9381;8.05912;8.18015;8.30118;8.42043;8.5379;8.6536;8.76752;8.87967;8.99181;9.10693;9.22502;9.34608;9.47012;9.59713;9.72413;9.85219;9.9813;10.1115;10.2437;10.378;10.5125;10.6471;10.7818;10.9156;11.0529;11.1944;11.3324;11.4669;11.5979;11.7211;11.8364;11.9511;12.0652;12.1788;12.2918;12.4073;12.5259;12.6477;12.7725;12.9005;13.0284;13.1554;13.2812;13.406;13.5301;13.6536;13.7774;13.8986;14.017;14.1324;14.2447;14.3549;14.4661;14.5784;14.6916;14.8058;14.9177;15.0274;15.1347;15.2397;15.3417;15.4428;15.5431;15.6425;15.7412;15.8399;15.9385;16.0372;16.1359;16.2346;16.3332;16.4324;16.532;16.632;16.7326;16.831;16.9267;17.0199;17.1104;17.1982;17.2861;17.3739;17.4627;17.5524;17.643;17.7345;17.8269;17.9193;18.0118;18.1042;18.1966;18.289;18.3808;18.472;18.5626;18.6526;18.742;18.8313;18.9207;19.0075;19.0917;19.1733;19.2523;19.3287;19.4051;19.4816;19.5585;19.636;19.714;19.7926;19.8717;19.9508;20.0299;20.109;20.1881;20.2672;20.3463;20.4254;20.5045;20.5846;20.6658;20.748;20.8313;20.9157;21","15;15.087;15.174;15.2609;15.3479;15.4349;15.5219;15.6089;15.6976;15.7882;15.8805;15.9747;16.0706;16.1666;16.2627;16.3588;16.4551;16.5515;16.6478;16.7442;16.8405;16.9369;17.0322;17.1265;17.2197;17.3118;17.4029;17.494;17.5851;17.6762;17.7673;17.8585;17.9496;18.041;18.1327;18.2247;18.317;18.4097;18.5031;18.5973;18.6891;18.7786;18.8656;18.9495;19.0302;19.1114;19.1929;19.275;19.3576;19.4408;19.5239;19.6072;19.6888;19.7687;19.8469;19.9235;19.9983;20.0732;20.1457;20.2157;20.2834;20.3487;20.4116;20.4745;20.5374;20.6003;20.6632;20.7261;20.7857;20.842;20.895;20.9447;20.991;21.0374;21.0838;21.1302;21.1766;21.2229;21.2662;21.3062;21.3431;21.3769;21.4074;21.438;21.4669;21.4941;21.5195;21.5433;21.5653;21.5874;21.6086;21.6289;21.6484;21.6657;21.6809;21.6932;21.7026;21.709;21.7136;21.7156;21.7167;21.7151;21.7108;21.7039;21.6952;21.6848;21.6739;21.6626;21.6507;21.6383;21.622;21.6023;21.5793;21.5529;21.5231;21.4933;21.4624;21.4304;21.3972;21.3611;21.3221;21.2814;21.2387;21.1943;21.1497;21.1051;21.0581;21.0089;20.9575;20.9038;20.8478;20.7922;20.7368;20.6818;20.6271;20.5702;20.5109;20.4491;20.3848;20.318;20.2512;20.1844;20.1177;20.0509;19.9841;19.9173;19.8486;19.778;19.7054;19.6309;19.5545;19.4783;19.4021;19.3261;19.2501;19.1741;19.0982;19.0194;18.9378;18.8535;18.7664;18.6764;18.5865;18.4966;18.4067;18.3167;18.2268;18.1353;18.0423;17.9477;17.8515;17.7538;17.6561;17.5584;17.4617;17.3661;17.2716;17.1781;17.0858;16.9934;16.901;16.8077;16.7134;16.6182;16.522;16.4249;16.3278;16.2307;16.1336;16.0364;15.9393;15.8422;15.7451;15.648;15.5476;15.444;15.3371;15.2269;15.1134;15",12.0984,"0.4;0.1;0.5"
27.382,9.13034,1.05579,"1;1.07722;1.17751;1.26997;1.3623;1.45451;1.53971;1.61791;1.69694;1.77678;1.85744;1.9381;2.01876;2.09787;2.17543;2.25144;2.32589;2.3988;2.4717;2.54461;2.61752;2.69042;2.76333;2.83624;2.90915;2.98206;3.05498;3.12789;3.20081;3.27373;3.34664;3.41956;3.49247;3.56555;3.63878;3.71217;3.78572;3.85942;3.93538;4.0136;4.09407;4.1768;4.26178;4.34676;4.43448;4.52494;4.61813;4.71405;4.81393;4.91503;5.01734;5.12087;5.22562;5.32897;5.43095;5.53153;5.63074;5.72855;5.82636;5.93065;6.04141;6.15553;6.27299;6.39381;6.51151;6.6255;6.73888;6.85167;6.96387;7.07546;7.18706;7.30053;7.41588;7.5331;7.65219;7.77316;7.89449;8.01619;8.13824;8.26066;8.38515;8.51136;8.63928;8.76891;8.90025;9.0316;9.16294;9.29429;9.42563;9.55634;9.68643;9.81607;9.94526;10.074;10.2029;10.332;10.4602;10.5875;10.7138;10.842;10.972;11.1048;11.2404;11.3787;11.517;11.6553;11.7936;11.9302;12.065;12.1981;12.3295;12.4591;12.5887;12.7198;12.8523;12.9863;13.1218;13.2587;13.3957;13.5326;13.669;13.805;13.9405;14.0755;14.2069;14.3354;14.4608;14.5831;14.7025;14.8218;14.9412;15.0605;15.1784;15.2947;15.4095;15.5227;15.6345;15.7463;15.8578;15.9692;16.0803;16.1913;16.302;16.4128;16.5235;16.6361;16.7495;16.8635;16.9783;17.089;17.1937;17.2937;17.3889;17.4793;17.5697;17.6602;17.7506;17.8409;17.9312;18.0214;18.1117;18.2019;18.2921;18.3823;18.4725;18.5627;18.6502;18.735;18.8168;18.8958;18.9718;19.0477;19.1233;19.1987;19.2737;19.3478;19.421;19.4932;19.5648;19.6357;19.7066;19.7776;19.8472;19.9156;19.9827;20.0484;20.1129;20.1774;20.2416;20.3055;20.3691;20.4324;20.4954;20.5584;20.6214;20.6886;20.7601;20.8358;20.9158;21","15;15.0732;15.1724;15.267;15.3658;15.4686;15.5725;15.6775;15.788;15.9041;16.0258;16.1475;16.2692;16.3915;16.5142;16.6375;16.7613;16.8857;17.01;17.1343;17.2587;17.383;17.5062;17.6281;17.7489;17.8686;17.987;18.1054;18.2239;18.3423;18.4607;18.5792;18.6976;18.8121;18.9226;19.0291;19.1317;19.2303;19.3294;19.4291;19.5293;19.63;19.7312;19.8324;19.9344;20.0374;20.1412;20.2458;20.3514;20.457;20.5626;20.6682;20.7739;20.8753;20.9725;21.0655;21.1541;21.2386;21.323;21.4113;21.5033;21.5954;21.6877;21.7801;21.8689;21.9495;22.0257;22.0975;22.1648;22.2276;22.2905;22.3513;22.4102;22.467;22.5218;22.5747;22.6256;22.6747;22.722;22.7674;22.8096;22.8504;22.89;22.9282;22.9651;23.002;23.0389;23.0758;23.1127;23.1456;23.1745;23.1982;23.2167;23.23;23.2421;23.2529;23.2617;23.2685;23.2732;23.2741;23.2712;23.2665;23.26;23.2518;23.2436;23.2353;23.2271;23.2158;23.2014;23.1839;23.1634;23.1397;23.1161;23.089;23.0583;23.0241;22.9865;22.9453;22.9041;22.863;22.8193;22.7731;22.7244;22.6733;22.6185;22.5626;22.5056;22.4474;22.3882;22.329;22.2698;22.2105;22.1482;22.0828;22.0143;21.9427;21.868;21.7933;21.7157;21.6353;21.552;21.4659;21.3769;21.288;21.199;21.1077;21.0132;20.9156;20.8148;20.7138;20.6149;20.519;20.4261;20.3361;20.2462;20.1563;20.0625;19.9651;19.8638;19.7588;19.65;19.5412;19.4325;19.3237;19.2149;19.1061;18.9965;18.8861;18.7749;18.6627;18.5497;18.4367;18.3236;18.2092;18.0936;17.9767;17.8586;17.7391;17.6195;17.4999;17.3802;17.2606;17.1409;17.0212;16.9015;16.7817;16.662;16.5422;16.4219;16.301;16.1797;16.0578;15.9354;15.813;15.6906;15.563;15.4301;15.292;15.1486;15",13.2012,"0.4;0.2;0.4"
28.7558,6.66868,1.20326,"1;1.10012;1.20023;1.29936;1.39749;1.48999;1.57686;1.6581;1.7347;1.80666;1.87862;1.95059;2.01958;2.0856;2.14864;2.20872;2.26619;2.32402;2.38222;2.44079;2.49972;2.55865;2.61758;2.67652;2.73545;2.79438;2.85331;2.9138;2.97585;3.03945;3.10461;3.17133;3.23805;3.30476;3.37148;3.44081;3.51275;3.58731;3.66448;3.74426;3.82404;3.90383;3.98361;4.06339;4.14317;4.22416;4.30636;4.38976;4.47438;4.56451;4.65896;4.75772;4.8608;4.96819;5.07558;5.1812;5.28506;5.38715;5.48747;5.58959;5.69529;5.80456;5.91741;6.03382;6.14856;6.26162;6.37299;6.48269;6.59335;6.70664;6.82257;6.94469;7.073;7.20487;7.33906;7.47558;7.61087;7.74492;7.87773;8.01055;8.14337;8.27565;8.40741;8.53863;8.66931;8.80576;8.94849;9.09558;9.24702;9.40283;9.5567;9.70864;9.86059;10.0125;10.1607;10.3051;10.4458;10.5826;10.7158;10.85;10.9852;11.1215;11.2589;11.3974;11.5359;11.6743;11.8135;11.9534;12.0941;12.2355;12.3777;12.5198;12.6619;12.8041;12.9482;13.0942;13.2423;13.3923;13.5388;13.6798;13.8153;13.9454;14.07;14.1943;14.3182;14.4417;14.5649;14.6875;14.8099;14.9319;15.0537;15.1752;15.2968;15.4183;15.5401;15.6622;15.7845;15.9071;16.0281;16.1473;16.2647;16.3803;16.494;16.6054;16.7144;16.8211;16.9254;17.0273;17.1265;17.223;17.3169;17.4081;17.4982;17.5899;17.6833;17.7794;17.8783;17.9783;18.0794;18.1782;18.2735;18.3685;18.4632;18.5576;18.6521;18.7467;18.8382;18.9266;19.0118;19.0887;19.1621;19.232;19.2984;19.3612;19.4289;19.4965;19.5633;19.6293;19.6944;19.7584;19.8214;19.8841;19.9466;20.0088;20.0714;20.1344;20.1976;20.2612;20.3252;20.39;20.4558;20.5204;20.584;20.6465;20.707;20.7656;20.8242;20.8828;20.9414;21","15;15.1033;15.2066;15.3115;15.418;15.5272;15.6392;15.7539;15.8697;15.9867;16.1037;16.2207;16.3382;16.4562;16.5747;16.6938;16.8145;16.9365;17.0597;17.1841;17.3098;17.4354;17.5611;17.6867;17.8124;17.938;18.0637;18.1888;18.3135;18.4377;18.5614;18.6846;18.8079;18.9311;19.0543;19.1776;19.3009;19.4242;19.5476;19.671;19.7943;19.9177;20.0411;20.1645;20.2879;20.408;20.5249;20.6386;20.749;20.857;20.966;21.0758;21.1866;21.2982;21.4098;21.5169;21.6193;21.717;21.8102;21.8997;21.9901;22.0816;22.1741;22.2675;22.3567;22.4415;22.5221;22.5984;22.6707;22.7434;22.8164;22.8887;22.9605;23.0312;23.0987;23.1631;23.2254;23.2855;23.3435;23.4015;23.4594;23.5151;23.5685;23.6196;23.6685;23.7142;23.759;23.7995;23.8357;23.8675;23.8958;23.9205;23.9453;23.97;23.9908;24.0076;24.0204;24.0291;24.0339;24.0373;24.0394;24.04;24.0393;24.0373;24.0352;24.0332;24.0265;24.0153;23.9994;23.979;23.954;23.929;23.9039;23.8789;23.85;23.8171;23.7803;23.7396;23.6941;23.6479;23.601;23.5533;23.5049;23.4552;23.4042;23.3519;23.2984;23.24;23.178;23.1124;23.0432;22.9705;22.8977;22.8249;22.7496;22.6717;22.5912;22.5082;22.4217;22.3341;22.2456;22.156;22.0654;21.9749;21.8845;21.7941;21.7039;21.6138;21.5227;21.4307;21.3377;21.2438;21.1471;21.0484;20.9478;20.8418;20.7302;20.6151;20.4964;20.3767;20.2594;20.1394;20.0166;19.8912;19.7616;19.6277;19.4949;19.363;19.2321;19.112;18.9938;18.8774;18.763;18.6504;18.5289;18.4074;18.2853;18.1626;18.0393;17.9134;17.7851;17.6548;17.5226;17.3885;17.2519;17.113;16.9716;16.8278;16.6816;16.5305;16.3746;16.2179;16.0605;15.9025;15.7486;15.5989;15.4491;15.2994;15.1497;15",13.8639,"0.4;0.3;0.3"
29.6219,5.60447,1.30195,"1;1.04637;1.1627;1.25572;1.35502;1.45333;1.55064;1.64214;1.72782;1.81305;1.89348;1.96546;2.03381;2.09854;2.15964;2.21711;2.2746;2.33211;2.38963;2.44717;2.50473;2.56229;2.61984;2.67815;2.73722;2.79704;2.85761;2.91894;2.98027;3.04361;3.10896;3.17633;3.24572;3.31772;3.39033;3.46354;3.53735;3.61177;3.68643;3.76135;3.83651;3.91192;3.98757;4.06587;4.1468;4.23037;4.31657;4.40541;4.49426;4.5831;4.67194;4.76079;4.85282;4.94803;5.04644;5.14807;5.25292;5.35781;5.46275;5.56772;5.67748;5.79204;5.91139;6.03553;6.16446;6.29381;6.42356;6.55547;6.68952;6.82572;6.96365;7.10081;7.23544;7.36756;7.49716;7.62425;7.75133;7.88005;8.01039;8.14237;8.27597;8.4112;8.54643;8.68166;8.81612;8.94981;9.08273;9.21489;9.34627;9.47926;9.61386;9.75007;9.88788;10.0273;10.1667;10.3055;10.4436;10.581;10.7178;10.8539;10.9921;11.1325;11.275;11.4196;11.5663;11.7131;11.8614;12.0113;12.1628;12.316;12.4703;12.6243;12.7779;12.9312;13.0844;13.238;13.3919;13.5461;13.7007;13.8519;13.9998;14.1444;14.2857;14.4237;14.5587;14.6907;14.8198;14.9459;15.0712;15.1986;15.3281;15.4598;15.5936;15.7234;15.8493;15.971;16.0886;16.2019;16.3151;16.4281;16.5396;16.6497;16.7584;16.8656;16.9715;17.0773;17.1831;17.2895;17.3965;17.504;17.6121;17.7187;17.8234;17.926;18.0267;18.1239;18.2196;18.3137;18.4065;18.4977;18.5889;18.6801;18.7685;18.854;18.9366;19.0163;19.0932;19.1701;19.247;19.3224;19.3963;19.4688;19.5398;19.6094;19.6783;19.7465;19.8141;19.881;19.9473;20.0136;20.0799;20.1431;20.2032;20.2602;20.3141;20.365;20.4158;20.4653;20.5134;20.5602;20.6056;20.6496;20.6936;20.7375;20.7814;20.8251;20.8689;20.9126;20.9563;21","15;15.0371;15.1659;15.2641;15.3743;15.4918;15.6166;15.7453;15.8777;16.0173;16.1534;16.2856;16.4174;16.5487;16.6797;16.8103;16.9411;17.0724;17.2039;17.3358;17.468;17.6002;17.7325;17.8664;18.0021;18.1394;18.2786;18.4194;18.5602;18.7015;18.8432;18.9853;19.1279;19.2689;19.4081;19.5453;19.6807;19.8141;19.943;20.0674;20.1874;20.3028;20.4138;20.5258;20.6389;20.7531;20.8683;20.9846;21.101;21.2173;21.3336;21.4499;21.5654;21.6801;21.794;21.9043;22.0109;22.1148;22.2159;22.3142;22.4123;22.5102;22.6079;22.7055;22.8029;22.8977;22.99;23.0778;23.161;23.2396;23.3163;23.3886;23.4586;23.5262;23.5914;23.6543;23.7172;23.7773;23.8346;23.8891;23.9408;23.9897;24.0386;24.0875;24.1323;24.173;24.2096;24.2421;24.2705;24.2984;24.3259;24.3528;24.3792;24.4051;24.431;24.454;24.4741;24.4912;24.5053;24.5166;24.5245;24.5292;24.5305;24.5286;24.5233;24.5181;24.5098;24.4986;24.4843;24.467;24.4443;24.4191;24.3914;24.3612;24.3251;24.2854;24.2422;24.1954;24.1451;24.0923;24.037;23.9793;23.9191;23.8563;23.7937;23.7313;23.6689;23.6067;23.541;23.4718;23.3991;23.3228;23.243;23.1624;23.081;22.9979;22.913;22.8264;22.7388;22.6502;22.5599;22.4679;22.3741;22.2786;22.1814;22.0842;21.987;21.8862;21.7818;21.6738;21.5623;21.4485;21.3361;21.225;21.1154;21.0037;20.8886;20.7701;20.6482;20.5229;20.3976;20.2723;20.1474;20.0229;19.8988;19.7752;19.6519;19.5286;19.4053;19.2811;19.156;19.0299;18.9029;18.775;18.6436;18.5087;18.3703;18.2285;18.0833;17.938;17.7927;17.651;17.5127;17.3778;17.2465;17.1186;16.9907;16.8612;16.7301;16.5974;16.463;16.327;16.1831;16.0312;15.8713;15.7034;15.5276;15.3517;15.1759;15",14.3509,"0.4;0.4;0.2"
30.3043,4.95432,1.38273,"1;1.09968;1.20041;1.30221;1.40505;1.50896;1.60554;1.69375;1.77358;1.84536;1.90909;1.97314;2.03751;2.09985;2.15982;2.21743;2.27267;2.32556;2.37845;2.43133;2.48422;2.53756;2.59137;2.64563;2.70036;2.75555;2.81073;2.86638;2.9225;2.97908;3.03612;3.09362;3.15113;3.21305;3.27939;3.35015;3.42533;3.50576;3.58703;3.66914;3.75016;3.8301;3.90812;3.98422;4.05192;4.12321;4.19808;4.27653;4.35856;4.45066;4.5439;4.6383;4.73383;4.83051;4.93187;5.03676;5.14518;5.25712;5.3726;5.48848;5.60478;5.72148;5.83859;5.95612;6.07314;6.18965;6.3087;6.43029;6.55441;6.68158;6.81179;6.94367;7.07723;7.21246;7.34937;7.48796;7.62866;7.77147;7.91641;8.06345;8.21008;8.35416;8.49571;8.63472;8.76863;8.89997;9.02876;9.15779;9.28706;9.41914;9.55402;9.70649;9.85968;10.0136;10.1682;10.3236;10.4649;10.6057;10.7459;10.8864;11.027;11.1677;11.3092;11.4515;11.5937;11.7359;11.8835;12.0365;12.1949;12.3587;12.5173;12.6653;12.8066;12.9412;13.069;13.2006;13.336;13.4773;13.6245;13.7735;13.9245;14.0775;14.2253;14.3681;14.5097;14.6502;14.7895;14.9288;15.0693;15.2112;15.3543;15.4988;15.6371;15.7679;15.8914;16.0129;16.1325;16.2577;16.3884;16.5246;16.6552;16.7801;16.8994;17.0131;17.1211;17.2291;17.3372;17.4473;17.5596;17.6684;17.7737;17.8757;17.972;18.0628;18.1536;18.2437;18.3331;18.4219;18.5099;18.5973;18.6813;18.7621;18.8396;18.9163;18.9922;19.0717;19.1549;19.2417;19.3269;19.4106;19.4917;19.5701;19.6423;19.7109;19.7758;19.837;19.8947;19.9523;20.0099;20.0661;20.1209;20.1736;20.2243;20.273;20.321;20.3684;20.4158;20.4632;20.5107;20.5581;20.6055;20.645;20.6848;20.7248;20.765;20.8055;20.8541;20.9028;20.9514;21","15;15.0838;15.177;15.2798;15.3922;15.514;15.6429;15.7692;15.893;16.021;16.1532;16.2922;16.4379;16.5875;16.7341;16.8777;17.0184;17.1562;17.294;17.4318;17.5695;17.7068;17.8435;17.9797;18.1153;18.2504;18.3855;18.5225;18.6614;18.8021;18.9448;19.0893;19.2339;19.3791;19.5249;19.6715;19.8187;19.9642;20.1074;20.2482;20.3831;20.5121;20.6375;20.7594;20.8663;20.974;21.0824;21.1916;21.3014;21.4233;21.5442;21.6642;21.7832;21.9012;22.0181;22.1348;22.2513;22.3677;22.4838;22.5952;22.7018;22.8036;22.9006;22.9929;23.0826;23.1698;23.2554;23.3394;23.4219;23.5053;23.5896;23.6721;23.7528;23.8316;23.9086;23.9837;24.0558;24.125;24.1912;24.2545;24.3115;24.3651;24.4154;24.4624;24.5029;24.5402;24.5745;24.6051;24.6321;24.6586;24.6846;24.7124;24.7377;24.7603;24.7803;24.7977;24.8102;24.8213;24.831;24.8373;24.8401;24.8396;24.837;24.8325;24.8279;24.8233;24.8153;24.8039;24.789;24.7707;24.7477;24.7236;24.6971;24.6683;24.637;24.6046;24.5709;24.5332;24.4913;24.446;24.3972;24.3449;24.2903;24.2335;24.174;24.1116;24.0464;23.9812;23.9122;23.8392;23.7623;23.6815;23.599;23.5187;23.4406;23.3595;23.2753;23.1859;23.0913;22.9914;22.8916;22.7919;22.6923;22.5928;22.4934;22.3941;22.2947;22.1908;22.0825;21.9717;21.8586;21.7431;21.6298;21.5187;21.4075;21.2948;21.1807;21.0651;20.9479;20.8293;20.7115;20.5944;20.478;20.3567;20.2306;20.0965;19.9543;19.8041;19.6527;19.5001;19.3487;19.1985;19.0519;18.9078;18.7661;18.6269;18.4901;18.3533;18.2166;18.0813;17.9477;17.8114;17.6725;17.531;17.3854;17.2356;17.0858;16.936;16.7862;16.6364;16.4866;16.3612;16.2271;16.0844;15.9329;15.7728;15.5796;15.3864;15.1932;15",14.7372,"0.4;0.5;0.1"
30.9791,4.45283,1.46544,"1;1.12617;1.26373;1.39009;1.50883;1.61994;1.71215;1.79665;1.87345;1.94648;2.01575;2.08195;2.14508;2.20514;2.26213;2.31605;2.36997;2.42389;2.47781;2.53173;2.58565;2.63785;2.68833;2.73708;2.78412;2.82943;2.87627;2.92464;2.97455;3.02599;3.07896;3.13193;3.1849;3.23959;3.29601;3.35415;3.41452;3.47711;3.5402;3.6038;3.66789;3.73522;3.80579;3.87959;3.95768;4.04007;4.12351;4.20801;4.29356;4.37911;4.47021;4.56467;4.66248;4.76366;4.86819;4.97053;5.07662;5.18647;5.30007;5.41742;5.53852;5.65963;5.78073;5.90184;6.02294;6.14405;6.26623;6.38948;6.5138;6.6392;6.76941;6.90337;7.04108;7.18253;7.32773;7.46927;7.60715;7.74137;7.87193;8.00351;8.13978;8.28072;8.42581;8.57502;8.72369;8.87181;9.01939;9.16962;9.32252;9.47808;9.6363;9.79718;9.95806;10.1002;10.2435;10.3853;10.5256;10.6645;10.8205;10.9741;11.1283;11.2831;11.4386;11.5947;11.7515;11.9083;12.0651;12.2327;12.4012;12.5705;12.7406;12.9115;13.0723;13.2296;13.3835;13.5338;13.6807;13.8242;13.9676;14.1111;14.2545;14.386;14.5181;14.6508;14.7843;14.9183;15.0651;15.21;15.353;15.4941;15.6333;15.7706;15.9041;16.0337;16.1594;16.2831;16.4046;16.528;16.654;16.7795;16.9029;17.0221;17.137;17.2471;17.3551;17.4624;17.5709;17.6808;17.7919;17.9043;18.0136;18.1198;18.2229;18.3229;18.4198;18.5167;18.6113;18.7037;18.7938;18.8817;18.9673;19.053;19.1386;19.2223;19.3039;19.3836;19.4613;19.5352;19.6072;19.6772;19.7455;19.8118;19.8752;19.9356;19.9931;20.048;20.1004;20.1533;20.2066;20.2603;20.312;20.3617;20.4093;20.4549;20.4985;20.5421;20.5839;20.624;20.6619;20.6974;20.7307;20.7625;20.7928;20.822;20.8502;20.8775;20.9061;20.936;20.966;21","15;15.1002;15.2269;15.3523;15.4913;15.6439;15.7943;15.9439;16.0926;16.2348;16.3705;16.5082;16.6479;16.7895;16.933;17.0785;17.224;17.3695;17.515;17.6605;17.806;17.9491;18.0899;18.2283;18.3643;18.4979;18.6316;18.7654;18.8993;19.0333;19.1673;19.3014;19.4355;19.5717;19.7102;19.851;19.99;20.1275;20.2611;20.3908;20.5168;20.6434;20.7708;20.8989;21.0274;21.1563;21.2849;21.4132;21.5412;21.6692;21.7998;21.9287;22.0557;22.1809;22.3042;22.4231;22.538;22.649;22.7561;22.8593;22.9586;23.0579;23.1572;23.2566;23.3559;23.4552;23.5508;23.6428;23.7311;23.8158;23.8964;23.9765;24.0562;24.1354;24.2142;24.2889;24.3596;24.4261;24.4886;24.546;24.6022;24.6573;24.7095;24.7586;24.8058;24.8511;24.8945;24.9351;24.9728;25.0077;25.0396;25.0688;25.0979;25.1231;25.1464;25.1651;25.1791;25.1885;25.1973;25.2033;25.205;25.2023;25.1954;25.1841;25.1685;25.1528;25.1372;25.1191;25.0975;25.0723;25.0436;25.0114;24.9781;24.9415;24.9016;24.8584;24.812;24.7622;24.7124;24.6626;24.6129;24.5663;24.5152;24.4595;24.3991;24.3342;24.2614;24.186;24.1081;24.0276;23.9445;23.8589;23.7749;23.6926;23.6119;23.5307;23.4491;23.3654;23.2767;23.1834;23.0878;22.9905;22.8917;22.7941;22.6974;22.5957;22.4881;22.3747;22.2555;22.1304;22.0054;21.8805;21.7557;21.6309;21.5063;21.3816;21.254;21.1236;20.9902;20.854;20.7148;20.5757;20.4365;20.2958;20.1534;20.0094;19.8639;19.717;19.5703;19.424;19.278;19.1323;18.9907;18.8532;18.7197;18.5857;18.451;18.3115;18.1673;18.0184;17.8691;17.7195;17.5695;17.4191;17.2684;17.1176;16.9706;16.8274;16.6844;16.5417;16.3992;16.2548;16.1087;15.9641;15.8212;15.6799;15.5272;15.3629;15.1987;15",15.0633,"0.4;0.6;0"
20.0017,73.5047,0.390342,"1;1.09969;1.19938;1.29906;1.39875;1.49844;1.59789;1.69711;1.79609;1.89483;1.99334;2.09184;2.19035;2.28886;2.38737;2.48587;2.58438;2.68289;2.78139;2.8799;2.97841;3.07692;3.17542;3.27393;3.37244;3.47095;3.57019;3.67017;3.77088;3.87233;3.97452;4.0767;4.17889;4.28107;4.38326;4.48544;4.58763;4.68981;4.792;4.89418;4.99605;5.09761;5.19885;5.29978;5.40039;5.50101;5.60162;5.70223;5.80284;5.90346;6.00407;6.10468;6.20529;6.30591;6.40652;6.50713;6.60836;6.7102;6.81266;6.91573;7.01941;7.1231;7.22678;7.33046;7.43415;7.53783;7.64152;7.7452;7.84889;7.9517;8.05363;8.15469;8.25487;8.35418;8.45349;8.5528;8.65211;8.75141;8.85072;8.95003;9.04934;9.14865;9.24795;9.34726;9.44699;9.54714;9.64772;9.74871;9.85013;9.95155;10.053;10.1544;10.2558;10.3572;10.4586;10.5598;10.6607;10.7613;10.8617;10.9618;11.0619;11.162;11.2621;11.3626;11.4634;11.5646;11.6661;11.768;11.8699;11.9718;12.0737;12.1756;12.2775;12.3794;12.4813;12.5832;12.6851;12.787;12.8889;12.99;13.0905;13.1902;13.2891;13.3874;13.4856;13.5838;13.6821;13.7803;13.8785;13.9768;14.075;14.1732;14.2715;14.3697;14.4679;14.5662;14.6647;14.7636;14.8628;14.9624;15.0622;15.1621;15.2619;15.3618;15.4616;15.5615;15.6613;15.7612;15.861;15.9609;16.0608;16.1609;16.2615;16.3624;16.4636;16.5651;16.6667;16.7682;16.8698;16.9713;17.0729;17.1744;17.276;17.3775;17.4791;17.5806;17.6822;17.7837;17.8842;17.9836;18.082;18.1792;18.2755;18.3717;18.4679;18.5641;18.6603;18.7566;18.8528;18.949;19.0452;19.1414;19.2376;19.3339;19.4301;19.5282;19.6284;19.7304;19.8344;19.9404;20.0464;20.1523;20.2583;20.3642;20.4702;20.5762;20.6821;20.7881;20.894;21","15;15.0005;15.001;15.0015;15.002;15.0025;15.0025;15.0019;15.0008;14.9991;14.9969;14.9947;14.9924;14.9902;14.988;14.9858;14.9836;14.9814;14.9792;14.977;14.9747;14.9725;14.9703;14.9681;14.9659;14.9637;14.9618;14.9602;14.9589;14.9579;14.9572;14.9565;14.9558;14.9551;14.9544;14.9537;14.9531;14.9524;14.9517;14.951;14.95;14.9488;14.9473;14.9456;14.9436;14.9416;14.9396;14.9376;14.9356;14.9336;14.9316;14.9296;14.9276;14.9256;14.9236;14.9216;14.92;14.9187;14.9178;14.9173;14.9171;14.9169;14.9167;14.9166;14.9164;14.9162;14.916;14.9158;14.9157;14.9156;14.9156;14.9158;14.9161;14.9165;14.9168;14.9172;14.9176;14.918;14.9184;14.9187;14.9191;14.9195;14.9199;14.9203;14.9207;14.9212;14.9218;14.9224;14.9231;14.9238;14.9245;14.9252;14.9259;14.9266;14.9273;14.9282;14.9292;14.9303;14.9315;14.9329;14.9343;14.9357;14.9371;14.9383;14.9391;14.9398;14.9401;14.9402;14.9403;14.9405;14.9406;14.9407;14.9408;14.9409;14.941;14.9411;14.9412;14.9413;14.9414;14.9416;14.9418;14.9421;14.9424;14.9428;14.9433;14.9437;14.9441;14.9445;14.9449;14.9453;14.9457;14.9461;14.9465;14.9469;14.9473;14.9477;14.9478;14.9475;14.9468;14.9458;14.9445;14.9431;14.9417;14.9404;14.939;14.9376;14.9363;14.9349;14.9336;14.9322;14.9308;14.9302;14.9302;14.931;14.9325;14.9347;14.9369;14.9391;14.9413;14.9435;14.9457;14.9479;14.9501;14.9523;14.9545;14.9566;14.9588;14.961;14.9631;14.9652;14.9671;14.9689;14.9707;14.9724;14.9742;14.9759;14.9777;14.9794;14.9811;14.9829;14.9846;14.9864;14.9881;14.9899;14.9916;14.9931;14.9943;14.9952;14.9959;14.9962;14.9966;14.997;14.9974;14.9977;14.9981;14.9985;14.9989;14.9992;14.9996;15",10.196,"0.5;0;0.5"
24.3914,19.842,0.773323,"1;1.07339;1.15474;1.2361;1.32011;1.40682;1.49357;1.58037;1.6672;1.75408;1.84096;1.92784;2.01472;2.1016;2.18848;2.27536;2.36224;2.44912;2.53516;2.62036;2.70473;2.78827;2.87096;2.95366;3.03636;3.11905;3.20175;3.28606;3.372;3.45955;3.54746;3.63573;3.72274;3.80848;3.89297;3.97951;4.0681;4.15874;4.25143;4.34618;4.44093;4.53567;4.63042;4.72516;4.81991;4.91431;5.00837;5.10208;5.19545;5.28847;5.3815;5.47795;5.57784;5.68116;5.78791;5.8981;6.00828;6.11812;6.22761;6.33676;6.44556;6.55402;6.66248;6.77094;6.879;6.98665;7.09391;7.20076;7.30721;7.41366;7.52011;7.62656;7.73301;7.84447;7.96092;8.08238;8.20707;8.33498;8.46111;8.58547;8.70804;8.83062;8.95051;9.06773;9.18227;9.29412;9.4033;9.51247;9.62347;9.73629;9.85093;9.96739;10.0857;10.2047;10.3246;10.4452;10.5665;10.6887;10.8109;10.933;11.0552;11.1809;11.307;11.4334;11.5601;11.6871;11.8109;11.9347;12.0585;12.1823;12.3062;12.4246;12.5378;12.6485;12.7568;12.8627;12.9694;13.0795;13.19;13.3008;13.4121;13.5258;13.6394;13.756;13.8754;13.9977;14.1203;14.2432;14.3634;14.4811;14.5962;14.7112;14.8263;14.9394;15.0507;15.1601;15.2676;15.3732;15.4788;15.5818;15.6821;15.7798;15.8755;15.9692;16.0637;16.1588;16.2546;16.3504;16.4462;16.542;16.6378;16.7319;16.8245;16.9154;17.0047;17.0921;17.179;17.2655;17.3527;17.4405;17.5292;17.6189;17.7096;17.8003;17.891;17.9817;18.0707;18.1579;18.2435;18.3273;18.4104;18.4945;18.5795;18.6656;18.7527;18.8398;18.9269;19.014;19.1011;19.1882;19.2753;19.3624;19.4495;19.5366;19.6237;19.7108;19.7979;19.885;19.9721;20.0592;20.1463;20.2354;20.3265;20.4196;20.5147;20.6117;20.7088;20.8059;20.9029;21","15;15.0616;15.1368;15.2119;15.2915;15.3762;15.4613;15.5468;15.6329;15.7194;15.806;15.8925;15.9791;16.0656;16.1521;16.2387;16.3252;16.4118;16.498;16.5839;16.6695;16.7547;16.8397;16.9246;17.0096;17.0945;17.1795;17.2654;17.3524;17.4404;17.5275;17.6138;17.6981;17.7804;17.8609;17.9425;18.0252;18.109;18.194;18.2801;18.3661;18.4522;18.5383;18.6243;18.7104;18.7936;18.8741;18.9517;19.0264;19.0984;19.1703;19.2426;19.3151;19.3879;19.461;19.5343;19.6077;19.6791;19.7485;19.8159;19.8813;19.9447;20.0082;20.0716;20.1322;20.1901;20.2451;20.2974;20.3468;20.3963;20.4458;20.4953;20.5447;20.5944;20.6442;20.6943;20.7422;20.7879;20.8313;20.8724;20.9112;20.9499;20.9862;21.02;21.0513;21.0801;21.1064;21.1328;21.1566;21.1779;21.1968;21.2131;21.227;21.2387;21.2482;21.2555;21.2607;21.2637;21.2667;21.2697;21.2727;21.2747;21.2732;21.2681;21.2594;21.247;21.232;21.217;21.202;21.187;21.1719;21.1569;21.1418;21.1251;21.1068;21.0868;21.0649;21.039;21.0108;20.9803;20.9474;20.9124;20.8775;20.8402;20.8005;20.7584;20.7134;20.6654;20.6168;20.5677;20.5181;20.4684;20.4187;20.3681;20.3166;20.2642;20.2108;20.1565;20.1022;20.0473;19.9919;19.9358;19.8772;19.816;19.7528;19.6875;19.6203;19.553;19.4857;19.4185;19.3512;19.2839;19.2166;19.1492;19.0818;19.0136;18.9447;18.8751;18.802;18.7253;18.6459;18.5636;18.4786;18.3935;18.3084;18.2234;18.1389;18.0551;17.9719;17.8893;17.8058;17.7205;17.6336;17.5451;17.4549;17.3647;17.2745;17.1843;17.0941;17.0039;16.9137;16.8224;16.73;16.6365;16.5418;16.4461;16.3504;16.2547;16.159;16.0633;15.9675;15.8688;15.767;15.6622;15.5544;15.4435;15.3326;15.2217;15.1109;15",14.4892,"0.5;0.1;0.4"
26.7457,10.6841,0.991011,"1;1.10107;1.20214;1.29851;1.3902;1.4772;1.5595;1.63712;1.71474;1.79236;1.86997;1.94759;2.02198;2.09313;2.16106;2.22828;2.29481;2.36388;2.43547;2.5096;2.58373;2.65787;2.732;2.80613;2.88026;2.95439;3.0298;3.10651;3.1845;3.26379;3.34435;3.42492;3.50549;3.58606;3.66587;3.74493;3.82323;3.90077;3.97755;4.05408;4.13036;4.21043;4.29429;4.38195;4.47365;4.56941;4.66219;4.752;4.83883;4.92456;5.0092;5.09571;5.18411;5.2796;5.3803;5.4862;5.59732;5.71287;5.82764;5.94165;6.0626;6.185;6.30963;6.43649;6.56558;6.68918;6.81279;6.93639;7.06171;7.18873;7.31746;7.4479;7.57963;7.71095;7.84186;7.97235;8.10243;8.22861;8.3509;8.47132;8.58986;8.70654;8.82525;8.94598;9.06671;9.18744;9.31054;9.436;9.56273;9.69074;9.82002;9.94821;10.0752;10.202;10.3287;10.4552;10.5816;10.7093;10.8383;10.9685;11.1;11.2327;11.3655;11.4961;11.6246;11.751;11.8753;11.9974;12.1195;12.2446;12.3727;12.5036;12.6392;12.7794;12.9212;13.0646;13.2026;13.3334;13.4572;13.5769;13.6925;13.8111;13.9328;14.0575;14.1804;14.3016;14.421;14.5386;14.6545;14.7703;14.8862;15.0021;15.1163;15.2288;15.3397;15.449;15.5566;15.6642;15.7717;15.8795;15.9875;16.0957;16.204;16.3102;16.414;16.5155;16.6146;16.7154;16.8201;16.9228;17.0234;17.1219;17.2143;17.3038;17.3966;17.4925;17.5916;17.694;17.7943;17.8926;17.9889;18.0832;18.1754;18.2676;18.3599;18.4521;18.541;18.6264;18.7086;18.7873;18.8626;18.938;19.0133;19.0887;19.1641;19.242;19.3225;19.403;19.4833;19.5636;19.6412;19.7161;19.7909;19.8658;19.9407;20.0139;20.0855;20.1554;20.2236;20.2901;20.3566;20.4232;20.4897;20.5562;20.6226;20.6921;20.7645;20.8399;20.9184;21","15;15.11;15.22;15.329;15.4371;15.5443;15.6505;15.7557;15.861;15.9662;16.0714;16.1767;16.2797;16.3807;16.4794;16.5801;16.6827;16.7894;16.9002;17.0151;17.13;17.2448;17.3597;17.4746;17.5895;17.7044;17.8191;17.9337;18.0481;18.1624;18.2765;18.3906;18.5048;18.6189;18.7295;18.8365;18.94;19.04;19.1364;19.2317;19.3258;19.4219;19.5201;19.6204;19.7239;19.8306;19.9316;20.0268;20.1163;20.2002;20.2787;20.3574;20.4364;20.5191;20.6051;20.6946;20.7875;20.8814;20.9729;21.062;21.1536;21.2402;21.3241;21.4053;21.484;21.555;21.626;21.697;21.7667;21.8351;21.9021;21.9679;22.0304;22.091;22.1497;22.2065;22.2613;22.3119;22.3583;22.4004;22.4381;22.4715;22.5048;22.5379;22.5711;22.6042;22.636;22.6665;22.6941;22.7188;22.7405;22.7606;22.7773;22.7921;22.805;22.8161;22.8254;22.8323;22.8368;22.8389;22.8386;22.836;22.8334;22.829;22.8228;22.815;22.8053;22.7939;22.7826;22.7694;22.7544;22.7377;22.7164;22.6904;22.6617;22.6301;22.5962;22.5626;22.5295;22.4941;22.4563;22.4157;22.3724;22.3263;22.2778;22.2269;22.1737;22.1181;22.0601;22.0022;21.9442;21.8862;21.8267;21.7656;21.7029;21.6387;21.573;21.5072;21.4414;21.3738;21.3043;21.2329;21.1596;21.0832;21.0058;20.9271;20.8473;20.7627;20.6743;20.5854;20.496;20.406;20.3192;20.2307;20.1373;20.039;19.9359;19.8279;19.7197;19.6114;19.5029;19.3942;19.2854;19.1765;19.0677;18.9588;18.8506;18.7431;18.6362;18.5299;18.4242;18.3186;18.213;18.1073;18.0017;17.8906;17.7739;17.6545;17.5322;17.4072;17.2849;17.1654;17.0459;16.9263;16.8068;16.688;16.5701;16.453;16.3366;16.2211;16.1056;15.99;15.8745;15.759;15.6445;15.5254;15.4014;15.2727;15.1393;15",15.807,"0.5;0.2;0.3"
28.1486,7.62421,1.13695,"1;1.09195;1.1839;1.27584;1.36779;1.45585;1.54001;1.62028;1.69665;1.76783;1.83769;1.90625;1.9735;2.03944;2.10538;2.17131;2.23725;2.30319;2.36913;2.43507;2.507;2.57989;2.65376;2.72861;2.80442;2.87521;2.94601;3.01681;3.0876;3.1584;3.2292;3.29999;3.37348;3.44965;3.5285;3.61005;3.69427;3.77887;3.86383;3.94917;4.03352;4.11689;4.20166;4.28784;4.37542;4.46574;4.55882;4.6519;4.74498;4.83806;4.93262;5.02867;5.1262;5.22522;5.32573;5.42624;5.52675;5.62725;5.72776;5.83548;5.95043;6.06652;6.18376;6.30216;6.41449;6.52075;6.63034;6.74327;6.85954;6.97913;7.10206;7.22499;7.34792;7.46946;7.5896;7.70835;7.82571;7.94625;8.07139;8.20111;8.33542;8.47431;8.61062;8.74434;8.87548;9.00403;9.1341;9.26828;9.40657;9.54896;9.69546;9.84196;9.98846;10.134;10.2785;10.422;10.5646;10.7062;10.8515;11.0007;11.1493;11.2975;11.4453;11.5888;11.7265;11.8626;11.9971;12.1299;12.2612;12.3924;12.5236;12.6547;12.7855;12.916;13.0464;13.1842;13.3298;13.4768;13.6252;13.7751;13.9179;14.0538;14.189;14.3234;14.455;14.5842;14.7111;14.8358;14.9582;15.0806;15.203;15.3254;15.4478;15.5644;15.675;15.7838;15.8908;15.996;16.1053;16.2186;16.3304;16.4405;16.5491;16.655;16.7583;16.8607;16.962;17.0624;17.1628;17.2631;17.3623;17.4603;17.557;17.6526;17.7469;17.8413;17.9356;18.03;18.1215;18.2102;18.2961;18.3792;18.4595;18.5398;18.6201;18.7003;18.7806;18.8609;18.9414;19.0221;19.1031;19.1843;19.2634;19.3402;19.4146;19.4867;19.5564;19.6244;19.6908;19.7556;19.8186;19.88;19.9414;20.0028;20.0641;20.1255;20.1873;20.2493;20.3118;20.3746;20.4377;20.5008;20.5638;20.6265;20.6891;20.7514;20.8136;20.8757;20.9379;21","15;15.1077;15.2154;15.3232;15.4309;15.5401;15.6507;15.7628;15.8763;15.9928;16.1106;16.2298;16.3505;16.4725;16.5946;16.7166;16.8387;16.9607;17.0828;17.2048;17.3379;17.4724;17.6082;17.7453;17.8838;18.0126;18.1415;18.2703;18.3991;18.5279;18.6567;18.7855;18.9143;19.043;19.1716;19.3001;19.4286;19.5546;19.6779;19.7988;19.9145;20.0251;20.1337;20.2405;20.3453;20.4508;20.5569;20.663;20.7691;20.8752;20.978;21.0775;21.1738;21.2667;21.3564;21.4461;21.5358;21.6255;21.7152;21.8069;21.9007;21.9912;22.0783;22.1619;22.2402;22.313;22.384;22.4531;22.5203;22.5857;22.6492;22.7126;22.7761;22.8375;22.8969;22.9542;23.0095;23.0619;23.1136;23.1645;23.2145;23.2638;23.3107;23.3551;23.3971;23.4366;23.4706;23.5017;23.5298;23.5549;23.577;23.5991;23.6213;23.6404;23.6566;23.6699;23.6802;23.6876;23.6924;23.6945;23.6934;23.6892;23.6817;23.6738;23.6631;23.6503;23.6354;23.6183;23.5991;23.5799;23.5607;23.5386;23.5136;23.4856;23.4547;23.4181;23.3788;23.3376;23.2945;23.2494;23.2027;23.1546;23.1041;23.0513;22.9935;22.9328;22.8694;22.8032;22.7342;22.6652;22.5962;22.5272;22.4582;22.3915;22.3273;22.2599;22.1893;22.1156;22.0363;21.9514;21.8653;21.7781;21.6898;21.5988;21.5051;21.41;21.3133;21.2151;21.1169;21.0188;20.9182;20.8154;20.7102;20.6026;20.4927;20.3828;20.2729;20.163;20.0537;19.945;19.8369;19.7294;19.6225;19.5156;19.4087;19.3018;19.1949;19.088;18.9777;18.8641;18.7472;18.6269;18.504;18.3819;18.2607;18.1403;18.0206;17.9011;17.7817;17.6624;17.5432;17.4241;17.305;17.1859;17.0668;16.9477;16.8248;16.698;16.5675;16.4331;16.2948;16.1566;16.0167;15.8751;15.7317;15.5868;15.4401;15.2934;15.1467;15",16.589,"0.5;0.3;0.2"
29.0634,6.25386,1.237,"1;1.10606;1.20799;1.30582;1.39952;1.48911;1.57458;1.65549;1.73186;1.80367;1.87092;1.93363;1.99633;2.05904;2.12174;2.18444;2.24715;2.31024;2.37373;2.43762;2.50189;2.56656;2.63123;2.69589;2.76056;2.82523;2.8899;2.95414;3.01796;3.08135;3.14433;3.20687;3.26942;3.33399;3.40059;3.4692;3.53984;3.6125;3.68684;3.76286;3.84056;3.91993;4.00098;4.08588;4.17463;4.26586;4.35957;4.45575;4.55057;4.64401;4.73894;4.83535;4.93406;5.03505;5.13833;5.24242;5.34731;5.45253;5.55807;5.66393;5.77139;5.88045;5.99445;6.11338;6.23725;6.36479;6.49391;6.62095;6.74591;6.8688;6.99123;7.11529;7.24098;7.36829;7.49722;7.63017;7.76714;7.90812;8.05311;8.2058;8.36215;8.51319;8.65892;8.79934;8.93768;9.07395;9.21713;9.36723;9.52187;9.67412;9.82401;9.97151;10.1166;10.2595;10.4002;10.5387;10.6772;10.8157;10.9565;11.0995;11.2449;11.39;11.5348;11.6781;11.8199;11.96;12.0988;12.2363;12.3738;12.5113;12.6487;12.786;12.923;13.0598;13.1964;13.3328;13.4691;13.6055;13.7361;13.8608;13.9833;14.1036;14.2217;14.3433;14.4685;14.5933;14.7176;14.8414;14.9647;15.0876;15.2105;15.3334;15.4563;15.5792;15.7021;15.8249;15.9477;16.0704;16.1931;16.3151;16.4362;16.5566;16.6761;16.7912;16.9025;17.01;17.1137;17.2158;17.32;17.4263;17.5348;17.6453;17.7521;17.8552;17.9546;18.0502;18.1422;18.2342;18.3248;18.414;18.5019;18.5883;18.6706;18.7501;18.8267;18.9006;18.9718;19.043;19.1143;19.1856;19.257;19.3283;19.3997;19.4698;19.5386;19.6062;19.6725;19.7376;19.8009;19.8625;19.9224;19.9805;20.0369;20.0933;20.1497;20.2061;20.2625;20.3189;20.3753;20.4317;20.4882;20.5448;20.6015;20.6584;20.7153;20.7722;20.8292;20.8861;20.9431;21","15;15.1016;15.2042;15.3079;15.4125;15.5181;15.6247;15.737;15.8551;15.9788;16.1082;16.2434;16.3785;16.5136;16.6488;16.7839;16.919;17.0545;17.1903;17.3264;17.4629;17.5997;17.7365;17.8732;18.01;18.1468;18.2836;18.418;18.5501;18.6798;18.8072;18.9322;19.0572;19.1816;19.3054;19.4286;19.5511;19.6731;19.7957;19.9189;20.0428;20.1673;20.2924;20.42;20.55;20.6771;20.8014;20.9228;21.0389;21.1497;21.2605;21.3714;21.48;21.5863;21.6904;21.7923;21.892;21.9896;22.085;22.1784;22.2688;22.3564;22.445;22.5345;22.625;22.7172;22.8063;22.8906;22.9701;23.0447;23.1133;23.1806;23.2468;23.3117;23.3753;23.4382;23.5004;23.5618;23.6225;23.6821;23.7413;23.7957;23.8452;23.8899;23.9296;23.9644;23.9986;24.0323;24.0629;24.0908;24.1161;24.1389;24.1589;24.1764;24.1913;24.2035;24.2104;24.2119;24.2106;24.2065;24.1997;24.1926;24.1851;24.1742;24.1601;24.1427;24.1224;24.0991;24.0758;24.0525;24.0292;24.0023;23.972;23.9382;23.9008;23.86;23.8191;23.7783;23.7366;23.694;23.6487;23.6005;23.5495;23.4966;23.4417;23.3844;23.3247;23.2627;23.1982;23.1314;23.0645;22.9977;22.9308;22.864;22.7929;22.7177;22.6382;22.5545;22.4666;22.3772;22.2862;22.1937;22.0996;22.0041;21.9088;21.8135;21.7184;21.6194;21.5164;21.4095;21.2986;21.1837;21.0694;20.9556;20.8422;20.7294;20.6171;20.5048;20.3913;20.2766;20.1607;20.0436;19.9268;19.8115;19.6978;19.5839;19.4697;19.3538;19.2361;19.1166;18.9972;18.8778;18.7583;18.6366;18.5125;18.3862;18.2576;18.1267;17.9953;17.8636;17.7314;17.5987;17.4657;17.3326;17.1995;17.0665;16.9334;16.8003;16.6673;16.5342;16.396;16.2528;16.1045;15.951;15.7925;15.634;15.4755;15.317;15.1585;15",17.1569,"0.5;0.4;0.1"
29.8224,5.39469,1.32397,"1;1.13304;1.22878;1.33193;1.42626;1.51175;1.6005;1.68508;1.76551;1.8431;1.91546;1.98543;2.05299;2.11816;2.18092;2.24369;2.30645;2.36694;2.42514;2.48106;2.53745;2.59431;2.65393;2.71629;2.78042;2.84356;2.90573;2.96691;3.0271;3.0873;3.1475;3.20745;3.26716;3.32663;3.38812;3.45164;3.51744;3.5855;3.65583;3.72616;3.79649;3.8679;3.9404;4.01398;4.08864;4.16784;4.2505;4.33661;4.42618;4.51921;4.61224;4.70526;4.79829;4.89132;4.98435;5.08754;5.19673;5.31194;5.42905;5.54807;5.65885;5.76553;5.87148;5.98081;6.09352;6.20961;6.33248;6.45876;6.59272;6.73437;6.87729;7.01809;7.15676;7.28903;7.41864;7.55198;7.68906;7.82988;7.97443;8.11898;8.26353;8.39359;8.52225;8.64952;8.7754;8.89989;9.03749;9.17613;9.31583;9.45658;9.59839;9.74507;9.89558;10.0499;10.2054;10.362;10.5159;10.6671;10.8156;10.9641;11.1126;11.2594;11.4044;11.5477;11.6893;11.8272;11.9632;12.0971;12.2298;12.361;12.4929;12.6254;12.76;12.8959;13.0332;13.1719;13.312;13.4521;13.5875;13.7182;13.85;13.9829;14.1168;14.2565;14.4019;14.5423;14.6775;14.8076;14.9327;15.053;15.1736;15.2946;15.4158;15.5375;15.659;15.7805;15.9019;16.0232;16.1517;16.2787;16.4041;16.5279;16.6502;16.7637;16.8752;16.9846;17.0919;17.1972;17.3004;17.4036;17.5067;17.6098;17.7169;17.8281;17.9374;18.0449;18.1505;18.2502;18.3439;18.4375;18.5312;18.6249;18.7176;18.8096;18.9006;18.9876;19.0705;19.1501;19.2264;19.2985;19.3696;19.4397;19.5088;19.5769;19.6457;19.7152;19.7855;19.8565;19.9282;19.9968;20.0623;20.1246;20.1838;20.2398;20.2959;20.3519;20.4072;20.4619;20.5133;20.5616;20.6066;20.65;20.6918;20.7345;20.778;20.8224;20.8668;20.9112;20.9556;21","15;15.1031;15.187;15.2814;15.3791;15.4802;15.5992;15.7258;15.8598;15.9986;16.1428;16.2877;16.4332;16.5793;16.7261;16.8729;17.0197;17.1635;17.3042;17.4419;17.5809;17.7212;17.8658;18.0149;18.1642;18.3094;18.4505;18.5876;18.7205;18.8535;18.9865;19.1155;19.2406;19.3618;19.4808;19.5978;19.7167;19.8374;19.96;20.0826;20.2052;20.3256;20.4439;20.56;20.6739;20.7859;20.8981;21.0107;21.1234;21.2365;21.3495;21.4625;21.5737;21.683;21.7904;21.9034;22.0163;22.1309;22.2417;22.3487;22.4445;22.5347;22.6206;22.7077;22.7959;22.8854;22.9764;23.0677;23.1609;23.2559;23.347;23.4338;23.5163;23.5931;23.6623;23.7298;23.7956;23.8595;23.9217;23.984;24.0462;24.1006;24.1508;24.1967;24.2382;24.2755;24.3161;24.3536;24.3879;24.4191;24.4471;24.4711;24.4943;24.5167;24.5354;24.5503;24.5622;24.5712;24.5772;24.5833;24.5893;24.5929;24.5939;24.5925;24.5886;24.5807;24.5714;24.5606;24.5468;24.5301;24.5118;24.4921;24.4675;24.4395;24.4082;24.3735;24.3354;24.2973;24.2599;24.2231;24.1822;24.1373;24.0882;24.0345;23.9761;23.9176;23.859;23.8004;23.7416;23.6802;23.6163;23.5499;23.481;23.4095;23.3357;23.2597;23.1814;23.1007;23.0105;22.9184;22.8243;22.7282;22.6302;22.5376;22.4435;22.3481;22.2513;22.1531;22.0526;21.9512;21.8487;21.7453;21.633;21.5129;21.3888;21.2608;21.1288;21.0001;20.8746;20.7484;20.6214;20.4938;20.3632;20.2297;20.0932;19.9581;19.8243;19.6948;19.5697;19.4463;19.3204;19.1919;19.0609;18.9274;18.7903;18.6497;18.5056;18.3579;18.2066;18.0566;17.9077;17.76;17.6136;17.4683;17.323;17.1777;17.0289;16.8765;16.7272;16.5811;16.4382;16.2944;16.1497;15.9974;15.8375;15.67;15.5025;15.335;15.1675;15",17.6086,"0.5;0.5;0"
20.0026,73.5778,0.389643,"1;1.09844;1.19687;1.29531;1.39374;1.49218;1.59062;1.68905;1.78749;1.88592;1.98436;2.0828;2.18123;2.27967;2.3781;2.47654;2.57498;2.67365;2.77256;2.87171;2.97109;3.07072;3.17034;3.26996;3.36959;3.46921;3.56883;3.66846;3.76808;3.86821;3.96886;4.07001;4.17168;4.27385;4.37603;4.4782;4.58038;4.68256;4.78473;4.88691;4.98908;5.09126;5.19343;5.29326;5.39073;5.48584;5.57861;5.66902;5.76088;5.8542;5.94897;6.0452;6.14288;6.24056;6.33824;6.43592;6.5336;6.63128;6.72896;6.82664;6.92432;7.022;7.11968;7.21736;7.31621;7.41622;7.5174;7.61974;7.72325;7.82676;7.93027;8.03378;8.13729;8.24081;8.34432;8.44783;8.55134;8.65485;8.75836;8.86187;8.96538;9.06741;9.16796;9.26703;9.36461;9.46072;9.55683;9.65294;9.74904;9.84515;9.94126;10.0374;10.1335;10.231;10.33;10.4304;10.5322;10.6354;10.7387;10.842;10.9452;11.0485;11.1517;11.255;11.3582;11.4615;11.5647;11.668;11.7712;11.8734;11.9745;12.0744;12.1732;12.271;12.3687;12.4665;12.5642;12.662;12.7597;12.8575;12.9552;13.053;13.1507;13.2485;13.3462;13.4452;13.5453;13.6467;13.7493;13.853;13.9568;14.0606;14.1644;14.2682;14.3719;14.475;14.5774;14.679;14.78;14.8803;14.9805;15.0808;15.181;15.2813;15.3815;15.4818;15.582;15.6823;15.7825;15.8828;15.9826;16.082;16.181;16.2796;16.3778;16.476;16.5742;16.6724;16.7705;16.8687;16.9669;17.0651;17.1633;17.2614;17.3607;17.4611;17.5626;17.6651;17.7688;17.8725;17.9762;18.0799;18.1835;18.2872;18.3899;18.4917;18.5925;18.6924;18.7914;18.8903;18.9892;19.0881;19.1871;19.286;19.3849;19.4859;19.5889;19.6938;19.8008;19.9098;20.0189;20.1279;20.2369;20.3459;20.4549;20.5639;20.673;20.782;20.891;21","15;14.9963;14.9926;14.989;14.9853;14.9816;14.9779;14.9743;14.9706;14.9669;14.9632;14.9596;14.9559;14.9522;14.9485;14.9449;14.9412;14.9381;14.9357;14.9339;14.9328;14.9323;14.9317;14.9312;14.9307;14.9301;14.9296;14.9291;14.9285;14.9279;14.9271;14.9262;14.9252;14.9241;14.9229;14.9218;14.9207;14.9195;14.9184;14.9173;14.9161;14.915;14.9139;14.9128;14.9118;14.911;14.9102;14.9095;14.9089;14.9084;14.9081;14.9078;14.9077;14.9075;14.9074;14.9073;14.9071;14.907;14.9069;14.9067;14.9066;14.9065;14.9063;14.9062;14.9062;14.9065;14.9069;14.9075;14.9084;14.9092;14.91;14.9108;14.9116;14.9124;14.9132;14.9141;14.9149;14.9157;14.9165;14.9173;14.9181;14.9187;14.9192;14.9194;14.9194;14.9191;14.9189;14.9187;14.9185;14.9183;14.9181;14.9179;14.9177;14.9175;14.9175;14.9174;14.9175;14.9176;14.9176;14.9177;14.9178;14.9179;14.918;14.9181;14.9182;14.9183;14.9184;14.9185;14.9186;14.9187;14.9189;14.9191;14.9193;14.9195;14.9198;14.9201;14.9203;14.9206;14.9208;14.9211;14.9213;14.9216;14.9218;14.9221;14.9223;14.9223;14.9221;14.9216;14.9208;14.9198;14.9188;14.9177;14.9167;14.9157;14.9147;14.9142;14.9142;14.9148;14.9159;14.9175;14.9191;14.9208;14.9224;14.924;14.9257;14.9273;14.9289;14.9305;14.9322;14.9338;14.9351;14.936;14.9366;14.9369;14.9368;14.9367;14.9366;14.9365;14.9364;14.9363;14.9363;14.9362;14.9361;14.936;14.9364;14.9373;14.9387;14.9406;14.943;14.9454;14.9478;14.9502;14.9526;14.9549;14.9567;14.9579;14.9584;14.9583;14.9576;14.9568;14.9561;14.9554;14.9547;14.9539;14.9532;14.9534;14.9544;14.9564;14.9592;14.9629;14.9666;14.9703;14.974;14.9777;14.9815;14.9852;14.9889;14.9926;14.9963;15",12.1574,"0.6;0;0.4"
23.7898,23.3237,0.722358,"1;1.08819;1.17638;1.26457;1.35277;1.44096;1.52915;1.61725;1.70526;1.79318;1.88101;1.96875;2.05649;2.14423;2.23197;2.3197;2.40744;2.49526;2.58315;2.67113;2.75918;2.8473;2.93543;3.02356;3.11168;3.19981;3.28794;3.37606;3.46419;3.55232;3.64044;3.72857;3.8167;3.9047;3.99259;4.08036;4.168;4.25718;4.34802;4.44052;4.53469;4.6305;4.72632;4.82214;4.91796;5.01378;5.1096;5.20542;5.30378;5.40467;5.5081;5.61407;5.72192;5.8291;5.93563;6.04151;6.14672;6.25193;6.35714;6.46236;6.56847;6.67547;6.78337;6.89217;7.00187;7.11156;7.22126;7.33148;7.44224;7.55352;7.66534;7.77769;7.89004;8.00239;8.1156;8.22968;8.34462;8.46043;8.57649;8.69194;8.80678;8.91987;9.03123;9.14146;9.25057;9.35855;9.47036;9.58598;9.70542;9.82868;9.95576;10.0828;10.2148;10.3482;10.4832;10.6196;10.7516;10.8743;10.9909;11.1073;11.2234;11.3452;11.4704;11.5991;11.7256;11.8499;11.9694;12.0864;12.2009;12.3128;12.4221;12.5315;12.6394;12.7459;12.851;12.9547;13.0597;13.1675;13.2782;13.3916;13.5079;13.6214;13.7321;13.84;13.9452;14.0476;14.15;14.2524;14.3553;14.458;14.5604;14.6625;14.7644;14.8654;14.9652;15.0639;15.1613;15.2576;15.3545;15.453;15.5533;15.6553;15.759;15.8627;15.9664;16.0701;16.1738;16.2775;16.3812;16.4849;16.587;16.6875;16.7863;16.8836;16.9792;17.0748;17.1704;17.2656;17.3603;17.4545;17.5484;17.6417;17.7351;17.8284;17.9218;18.0152;18.1085;18.2019;18.2947;18.3869;18.4785;18.5695;18.66;18.7505;18.8409;18.9314;19.0207;19.1089;19.1959;19.2818;19.3665;19.4512;19.536;19.6207;19.7054;19.7902;19.8753;19.9608;20.0467;20.133;20.2197;20.3064;20.3931;20.4798;20.5665;20.6532;20.7399;20.8266;20.9133;21","15;15.0737;15.1475;15.2212;15.295;15.3687;15.4424;15.5183;15.5962;15.6761;15.7582;15.8424;15.9265;16.0107;16.0948;16.1789;16.2631;16.3467;16.4298;16.5124;16.5945;16.6761;16.7577;16.8393;16.9208;17.0024;17.084;17.1656;17.2471;17.3287;17.4103;17.4918;17.5734;17.6542;17.7342;17.8134;17.8918;17.9691;18.0459;18.1224;18.1985;18.2742;18.3499;18.4255;18.5012;18.5769;18.6526;18.7283;18.8042;18.8803;18.9566;19.0332;19.107;19.1779;19.246;19.3112;19.3734;19.4357;19.498;19.5602;19.6206;19.6791;19.7358;19.7906;19.8435;19.8965;19.9494;20.0004;20.0496;20.0968;20.1422;20.1857;20.2291;20.2726;20.3145;20.3548;20.3935;20.4307;20.4649;20.4977;20.5293;20.5576;20.5827;20.6059;20.6272;20.6467;20.6646;20.681;20.6959;20.7093;20.7212;20.7331;20.7453;20.7561;20.7656;20.7738;20.7793;20.7819;20.7832;20.7829;20.7808;20.7783;20.7743;20.7687;20.762;20.7541;20.7436;20.7315;20.7179;20.7028;20.6861;20.6694;20.6511;20.6311;20.6095;20.5863;20.5595;20.5308;20.5002;20.4677;20.4333;20.3982;20.3623;20.3256;20.2881;20.2499;20.2116;20.1734;20.1335;20.0918;20.0483;20.003;19.9559;19.9086;19.8615;19.8147;19.7681;19.7218;19.6721;19.6187;19.5616;19.501;19.4366;19.3723;19.308;19.2437;19.1794;19.115;19.0507;18.9864;18.921;18.8544;18.7868;18.718;18.6481;18.5782;18.5084;18.4372;18.3649;18.2914;18.2166;18.1405;18.0645;17.9885;17.9125;17.8365;17.7605;17.6844;17.6075;17.5295;17.4506;17.3707;17.2899;17.209;17.1282;17.0473;16.9665;16.8857;16.8049;16.7242;16.6435;16.5627;16.482;16.4012;16.3205;16.2398;16.1572;16.0728;15.9866;15.8986;15.8087;15.7189;15.629;15.5392;15.4493;15.3594;15.2696;15.1797;15.0899;15",16.823,"0.6;0.1;0.3"
26.2923,11.991,0.947346,"1;1.09442;1.18885;1.28294;1.3767;1.47013;1.56068;1.64836;1.73348;1.81607;1.89611;1.97615;2.05618;2.13622;2.21505;2.29266;2.36907;2.44426;2.51824;2.59221;2.66619;2.74017;2.81415;2.88813;2.96211;3.03608;3.11152;3.18841;3.26675;3.34656;3.42781;3.50884;3.58965;3.67022;3.75057;3.8307;3.91082;3.99094;4.07106;4.15118;4.23432;4.32047;4.40964;4.50183;4.59703;4.69223;4.78743;4.88581;4.98737;5.09126;5.19749;5.30606;5.41379;5.52067;5.62755;5.73443;5.84131;5.94819;6.05507;6.16195;6.2697;6.37831;6.48779;6.59814;6.70935;6.82056;6.93178;7.04299;7.1542;7.26608;7.37862;7.49182;7.60569;7.72022;7.83994;7.96157;8.08511;8.21057;8.33794;8.46204;8.58613;8.71023;8.83433;8.95989;9.0869;9.21536;9.34529;9.47667;9.60805;9.73943;9.8708;9.98085;10.0912;10.2019;10.3129;10.4242;10.5571;10.6901;10.8231;10.9516;11.0757;11.1954;11.3106;11.4212;11.5316;11.6453;11.7621;11.8822;12.0056;12.1324;12.2593;12.3863;12.5135;12.6408;12.7683;12.8958;13.0233;13.1497;13.2752;13.3996;13.523;13.6455;13.7679;13.8903;14.0112;14.1307;14.2486;14.3651;14.48;14.595;14.71;14.8249;14.9399;15.0554;15.1714;15.288;15.405;15.5189;15.629;15.7377;15.8449;15.9506;16.0586;16.1688;16.279;16.3892;16.4978;16.6048;16.7103;16.8141;16.9164;17.0186;17.1209;17.2222;17.3225;17.4219;17.5203;17.6177;17.7152;17.8101;17.9026;17.9927;18.0803;18.1654;18.2505;18.3356;18.4207;18.5131;18.6033;18.6914;18.7773;18.861;18.9354;19.0099;19.0843;19.1587;19.2331;19.3095;19.3879;19.4683;19.5508;19.6352;19.7188;19.8015;19.8834;19.9644;20.0445;20.1218;20.1963;20.268;20.3369;20.403;20.4691;20.5352;20.6013;20.6674;20.7403;20.82;20.8998;21","15;15.097;15.1939;15.2949;15.3998;15.5086;15.6199;15.7336;15.8459;15.9566;16.0658;16.175;16.2842;16.3934;16.5018;16.6094;16.7161;16.8219;16.927;17.032;17.1371;17.2421;17.3471;17.4522;17.5572;17.6623;17.7682;17.875;17.9826;18.0911;18.2005;18.3075;18.4122;18.5146;18.6146;18.7122;18.8099;18.9076;19.0052;19.1029;19.2;19.2968;19.393;19.4888;19.5841;19.6793;19.7746;19.872;19.9715;20.0689;20.1643;20.2575;20.3466;20.4315;20.5164;20.6013;20.6862;20.771;20.8559;20.9408;21.0222;21.0999;21.1741;21.2448;21.3119;21.379;21.4461;21.5132;21.5803;21.644;21.7043;21.7612;21.8148;21.865;21.9168;21.9667;22.0146;22.0607;22.1047;22.1452;22.1857;22.2262;22.2667;22.3043;22.3389;22.3706;22.3993;22.4251;22.4509;22.4767;22.5025;22.5239;22.5421;22.5571;22.569;22.5778;22.588;22.5981;22.6083;22.6156;22.62;22.6216;22.6196;22.614;22.6076;22.5983;22.5861;22.5719;22.5557;22.5374;22.5172;22.4953;22.4716;22.4461;22.4188;22.3914;22.3641;22.3331;22.2982;22.2597;22.2174;22.1713;22.1253;22.0792;22.0316;21.9824;21.9317;21.8795;21.8256;21.7718;21.718;21.6642;21.6104;21.5534;21.4932;21.4298;21.3632;21.2939;21.225;21.1527;21.0769;20.9978;20.9148;20.8279;20.741;20.6541;20.5665;20.4779;20.3886;20.2984;20.2075;20.1165;20.0255;19.933;19.8389;19.7432;19.6461;19.5473;19.4486;19.3504;19.2527;19.1555;19.0589;18.9627;18.8666;18.7704;18.6743;18.5682;18.4616;18.3543;18.2465;18.138;18.0389;17.9397;17.8406;17.7414;17.6423;17.5391;17.4318;17.3205;17.2051;17.0856;16.9674;16.8505;16.7348;16.6204;16.5072;16.3954;16.285;16.1759;16.0682;15.9618;15.8555;15.7491;15.6428;15.5364;15.419;15.2904;15.1619;15",18.3631,"0.6;0.2;0.2"
27.5381,8.79803,1.07299,"1;1.04788;1.13787;1.21382;1.29679;1.37977;1.46274;1.54571;1.62868;1.71013;1.79005;1.86844;1.9453;2.01964;2.09298;2.16532;2.23666;2.307;2.37734;2.44769;2.51803;2.58837;2.65871;2.72905;2.80007;2.87177;2.94416;3.01723;3.09097;3.16472;3.23847;3.31222;3.38597;3.46046;3.53572;3.61172;3.68847;3.76598;3.84348;3.92099;3.9985;4.07963;4.16438;4.25276;4.34476;4.44039;4.53602;4.63121;4.72595;4.82026;4.91413;5.00755;5.1056;5.20827;5.31556;5.42689;5.54226;5.65572;5.76728;5.87694;5.98529;6.09231;6.19933;6.30658;6.41407;6.52178;6.62973;6.73791;6.85086;6.9686;7.09111;7.2184;7.34716;7.47261;7.59475;7.71359;7.82912;7.94466;8.06694;8.19599;8.32634;8.45797;8.59091;8.71838;8.84184;8.96676;9.09314;9.22098;9.35028;9.47958;9.60335;9.72816;9.85402;9.98091;10.1088;10.2434;10.3779;10.5108;10.6421;10.7719;10.9;11.0266;11.1551;11.2855;11.4178;11.552;11.6881;11.8242;11.9603;12.0964;12.2294;12.3594;12.4863;12.612;12.7364;12.8627;12.9907;13.1206;13.2505;13.3804;13.5103;13.6416;13.7742;13.9083;14.0447;14.1835;14.3233;14.4641;14.6017;14.7381;14.8735;15.0077;15.1409;15.2748;15.4065;15.5342;15.6579;15.7777;15.896;16.0127;16.1262;16.2367;16.344;16.4482;16.5493;16.6504;16.7515;16.8526;16.9537;17.055;17.1564;17.2579;17.3596;17.4615;17.5633;17.6617;17.7566;17.8481;17.936;18.0214;18.1077;18.1949;18.283;18.372;18.459;18.5439;18.6269;18.7078;18.7868;18.8657;18.9447;19.0236;19.1026;19.1783;19.2507;19.3214;19.3905;19.4578;19.5266;19.597;19.6674;19.7378;19.8082;19.8786;19.949;20.0194;20.0911;20.1642;20.2387;20.3121;20.3847;20.4549;20.5228;20.5883;20.6539;20.7195;20.7851;20.8543;20.9162;21","15;15.0569;15.1732;15.2697;15.3761;15.4825;15.589;15.6954;15.8018;15.9105;16.0215;16.1347;16.2502;16.3689;16.4885;16.609;16.7305;16.8529;16.9753;17.0977;17.2201;17.3425;17.465;17.5874;17.7091;17.8303;17.9509;18.0708;18.1901;18.3094;18.4287;18.548;18.6673;18.7846;18.8999;19.0132;19.1244;19.2337;19.343;19.4522;19.5615;19.6707;19.7797;19.8886;19.9973;20.106;20.2147;20.3207;20.424;20.5247;20.6227;20.718;20.8148;20.913;21.0126;21.1118;21.2105;21.3057;21.3975;21.4858;21.5725;21.6576;21.7427;21.8248;21.9039;21.9799;22.0529;22.1228;22.1935;22.2649;22.337;22.4099;22.4794;22.5449;22.6064;22.6637;22.7171;22.7704;22.8234;22.8759;22.9254;22.9718;23.0152;23.0559;23.0914;23.1245;23.1551;23.1832;23.2089;23.2345;23.2575;23.2769;23.2929;23.3054;23.3145;23.3228;23.3312;23.338;23.3433;23.347;23.3493;23.35;23.3479;23.3429;23.3352;23.3246;23.3112;23.2978;23.2845;23.2711;23.256;23.2394;23.2211;23.1983;23.1709;23.1407;23.1076;23.0715;23.0355;22.9994;22.9634;22.9232;22.8788;22.8303;22.7759;22.7156;22.6535;22.5898;22.5261;22.4607;22.3937;22.3249;22.2545;22.18;22.105;22.0274;21.9474;21.8648;21.7803;21.6939;21.607;21.5195;21.4315;21.3429;21.2537;21.1646;21.0754;20.9863;20.8971;20.8055;20.7115;20.615;20.516;20.4146;20.3132;20.213;20.1139;20.0159;19.9191;19.8198;19.7167;19.61;19.4995;19.3853;19.2713;19.1574;19.0436;18.9299;18.8164;18.7029;18.5894;18.4759;18.3623;18.2511;18.1423;18.0325;17.9217;17.81;17.6949;17.5766;17.4582;17.3398;17.2215;17.1031;16.9848;16.8664;16.7433;16.6155;16.4829;16.3483;16.2116;16.0778;15.9466;15.8182;15.6897;15.5613;15.4328;15.2949;15.176;15",19.2696,"0.6;0.3;0.1"
28.4677,7.09665,1.17009,"1;1.09452;1.18905;1.28197;1.37331;1.46305;1.55119;1.63774;1.72015;1.79842;1.87255;1.94255;2.0084;2.07362;2.13822;2.20219;2.26553;2.32824;2.39095;2.45366;2.51637;2.57908;2.64179;2.7045;2.76721;2.82992;2.89371;2.95856;3.02449;3.09203;3.16118;3.23087;3.30109;3.37185;3.44261;3.51337;3.58413;3.65495;3.72583;3.79677;3.86778;3.94184;4.01889;4.09893;4.18197;4.26799;4.35402;4.44005;4.52608;4.61617;4.71033;4.80856;4.91086;5.01723;5.12198;5.22512;5.32665;5.42657;5.52729;5.63041;5.73595;5.8439;5.95679;6.07219;6.19012;6.31058;6.43356;6.55653;6.68205;6.81011;6.94072;7.07386;7.20954;7.34309;7.47452;7.60671;7.73969;7.87344;8.01175;8.15223;8.29198;8.431;8.56929;8.70499;8.84048;8.97576;9.11083;9.24569;9.38055;9.52049;9.6655;9.81559;9.96909;10.126;10.2813;10.4349;10.5851;10.7336;10.8804;11.0256;11.169;11.3187;11.4748;11.6366;11.8016;11.9698;12.1338;12.2935;12.4496;12.6044;12.7543;12.9002;13.0424;13.1807;13.3152;13.4521;13.5914;13.7332;13.8747;14.0148;14.1509;14.2832;14.4116;14.5388;14.666;14.7933;14.9205;15.0438;15.1631;15.2784;15.3898;15.4939;15.5974;15.7003;15.8027;15.9089;16.0222;16.1399;16.262;16.3823;16.4964;16.6044;16.7061;16.8021;16.8987;16.9957;17.0933;17.1915;17.2896;17.3899;17.4925;17.5972;17.6996;17.7997;17.8953;17.9863;18.0728;18.1593;18.2457;18.3308;18.4144;18.4966;18.5773;18.6566;18.7359;18.8131;18.888;18.9608;19.0314;19.1012;19.1724;19.245;19.319;19.3943;19.4697;19.545;19.6187;19.6908;19.7612;19.83;19.8971;19.9642;20.0314;20.0985;20.1626;20.2238;20.282;20.3372;20.3894;20.4417;20.4939;20.5462;20.5984;20.6506;20.7029;20.7575;20.8145;20.874;20.9358;21","15;15.0933;15.1866;15.2859;15.3911;15.5023;15.6194;15.7425;15.8638;15.9832;16.1008;16.2166;16.3305;16.4468;16.5655;16.6864;16.8098;16.9355;17.0611;17.1868;17.3125;17.4382;17.5639;17.6895;17.8152;17.9409;18.068;18.1966;18.3266;18.4559;18.5847;18.7114;18.8361;18.9588;19.0814;19.204;19.3267;19.4471;19.5653;19.6812;19.7949;19.9056;20.0157;20.125;20.2337;20.3416;20.4496;20.5576;20.6655;20.7736;20.8817;20.9899;21.0982;21.2066;21.3118;21.414;21.5131;21.6092;21.7011;21.7921;21.8821;21.9711;22.0585;22.1452;22.2314;22.3169;22.4018;22.4866;22.5704;22.6531;22.7346;22.8151;22.8944;22.9693;23.0398;23.1058;23.1673;23.2243;23.2801;23.3329;23.3829;23.4301;23.4745;23.5147;23.5526;23.588;23.621;23.6516;23.6822;23.7115;23.7396;23.7664;23.7887;23.8065;23.8211;23.8325;23.8385;23.8424;23.8442;23.8438;23.8413;23.837;23.8307;23.8221;23.8096;23.7933;23.7738;23.7511;23.7258;23.6992;23.67;23.6393;23.6072;23.5737;23.5387;23.5012;23.461;23.4182;23.3731;23.3234;23.2717;23.2179;23.1622;23.1041;23.0461;22.988;22.93;22.8716;22.8129;22.754;22.6947;22.6365;22.5767;22.5152;22.452;22.3818;22.3032;22.2192;22.1298;22.0374;21.9473;21.8596;21.7742;21.6885;21.6;21.5089;21.415;21.3184;21.2218;21.1214;21.0172;20.9091;20.7997;20.6889;20.5805;20.4746;20.3711;20.2676;20.1642;20.0602;19.9558;19.8509;19.7455;19.6396;19.5338;19.4278;19.3218;19.2158;19.1096;18.9983;18.8817;18.7601;18.6333;18.5013;18.3693;18.2373;18.1051;17.9728;17.8402;17.7074;17.5744;17.4414;17.3084;17.1755;17.0437;16.9132;16.784;16.6559;16.5292;16.4024;16.2756;16.1489;16.0221;15.8953;15.7685;15.6328;15.4881;15.3344;15.1717;15",19.9193,"0.6;0.4;0"
20.0007,73.3929,0.390996,"1;1.09883;1.19765;1.29648;1.39531;1.49413;1.59296;1.69178;1.79061;1.88944;1.98826;2.08709;2.18592;2.28474;2.38357;2.48239;2.58122;2.68005;2.77939;2.87925;2.97963;3.08053;3.18195;3.28336;3.38478;3.4862;3.58761;3.68903;3.79044;3.89186;3.99328;4.09469;4.19611;4.29753;4.39894;4.50036;4.60091;4.7006;4.79942;4.89737;4.99447;5.09156;5.18865;5.28574;5.38284;5.47993;5.57702;5.6744;5.77207;5.87004;5.96829;6.06683;6.16537;6.26392;6.36246;6.461;6.55954;6.65809;6.75663;6.85517;6.95372;7.05226;7.1508;7.24934;7.34789;7.44643;7.5458;7.64601;7.74705;7.84892;7.95163;8.05433;8.15704;8.25975;8.36245;8.46516;8.56786;8.67057;8.77327;8.87598;8.97868;9.08139;9.18409;9.28688;9.38975;9.49271;9.59575;9.69887;9.80199;9.90511;10.0082;10.1114;10.2145;10.3176;10.4207;10.5238;10.627;10.7301;10.8332;10.9357;11.0376;11.1388;11.2394;11.3394;11.4394;11.5394;11.6394;11.7394;11.8393;11.9393;12.0393;12.1394;12.2394;12.3396;12.4397;12.5399;12.6402;12.7404;12.8406;12.9408;13.041;13.1412;13.2414;13.3417;13.4419;13.5421;13.6423;13.7422;13.8419;13.9412;14.0403;14.1391;14.2378;14.3366;14.4354;14.5342;14.6329;14.7317;14.8305;14.93;15.0302;15.1312;15.2329;15.3353;15.4378;15.5402;15.6426;15.745;15.8475;15.9499;16.0523;16.1548;16.2546;16.3518;16.4465;16.5385;16.628;16.7191;16.8119;16.9064;17.0025;17.1003;17.1981;17.2959;17.3936;17.4914;17.5892;17.687;17.7848;17.8826;17.9804;18.0782;18.176;18.2754;18.3764;18.4791;18.5834;18.6893;18.7953;18.9012;19.0071;19.113;19.2187;19.3241;19.4293;19.5343;19.639;19.7437;19.8484;19.9531;20.0577;20.1624;20.2671;20.3718;20.4765;20.5812;20.6859;20.7906;20.8953;21","15;14.9992;14.9984;14.9976;14.9969;14.9961;14.9953;14.9945;14.9937;14.9929;14.9922;14.9914;14.9906;14.9898;14.989;14.9882;14.9875;14.9867;14.9859;14.985;14.9841;14.9832;14.9822;14.9813;14.9803;14.9793;14.9784;14.9774;14.9764;14.9755;14.9745;14.9736;14.9726;14.9716;14.9707;14.9697;14.9688;14.9681;14.9674;14.9669;14.9664;14.9659;14.9655;14.965;14.9645;14.9641;14.9636;14.9633;14.963;14.9629;14.9629;14.963;14.9631;14.9632;14.9633;14.9634;14.9635;14.9636;14.9637;14.9638;14.9639;14.964;14.9641;14.9642;14.9643;14.9644;14.9643;14.964;14.9635;14.9628;14.9618;14.9609;14.96;14.9591;14.9581;14.9572;14.9563;14.9554;14.9544;14.9535;14.9526;14.9517;14.9508;14.95;14.9494;14.9489;14.9485;14.9484;14.9482;14.948;14.9478;14.9476;14.9475;14.9473;14.9471;14.9469;14.9467;14.9465;14.9464;14.9463;14.9465;14.9468;14.9472;14.9478;14.9484;14.949;14.9496;14.9503;14.9509;14.9515;14.9521;14.9526;14.953;14.9534;14.9536;14.9538;14.9539;14.9541;14.9542;14.9544;14.9545;14.9547;14.9548;14.955;14.9551;14.9553;14.9554;14.9556;14.9557;14.9558;14.9559;14.956;14.9561;14.9561;14.9562;14.9563;14.9564;14.9565;14.9566;14.9566;14.9566;14.9565;14.9564;14.9562;14.9561;14.9559;14.9558;14.9556;14.9554;14.9553;14.9551;14.955;14.955;14.9553;14.9557;14.9564;14.9572;14.9583;14.9596;14.9612;14.963;14.9651;14.9671;14.9692;14.9712;14.9733;14.9753;14.9774;14.9795;14.9815;14.9836;14.9856;14.9877;14.9896;14.9913;14.993;14.9944;14.9958;14.9971;14.9984;14.9997;15.0011;15.0021;15.0028;15.0032;15.0033;15.003;15.0028;15.0026;15.0023;15.0021;15.0019;15.0016;15.0014;15.0012;15.0009;15.0007;15.0005;15.0002;15",14.1178,"0.7;0;0.3"
23.2996,26.6211,0.682141,"1;1.08963;1.18016;1.2716;1.36394;1.45653;1.54935;1.64151;1.733;1.82383;1.91466;2.00549;2.09632;2.18714;2.27797;2.3688;2.45963;2.55046;2.64002;2.72831;2.81534;2.9011;2.98559;3.07008;3.15457;3.23906;3.32354;3.40803;3.49452;3.58301;3.6735;3.76598;3.86046;3.95495;4.04943;4.14391;4.2384;4.33288;4.42736;4.52184;4.61633;4.71081;4.8058;4.90129;4.99728;5.09378;5.19078;5.28778;5.38393;5.47923;5.57367;5.66726;5.75999;5.85272;5.94545;6.04099;6.13932;6.24045;6.34438;6.45107;6.55771;6.66431;6.77087;6.87738;6.98389;7.0904;7.19857;7.3084;7.41989;7.53305;7.64786;7.76268;7.87406;7.98201;8.08653;8.19202;8.29848;8.40933;8.52459;8.64425;8.7639;8.88038;8.99369;9.10382;9.21079;9.31457;9.41929;9.52495;9.63154;9.73907;9.84753;9.956;10.0645;10.1735;10.2831;10.3933;10.504;10.6167;10.7309;10.8465;10.9636;11.0821;11.2005;11.3164;11.4295;11.54;11.6498;11.7589;11.87;11.9831;12.0982;12.2133;12.3284;12.443;12.5571;12.6707;12.7838;12.8964;13.009;13.1217;13.2343;13.3469;13.4595;13.5704;13.6795;13.7868;13.8939;14.0006;14.1088;14.2184;14.3295;14.4406;14.5516;14.6622;14.7724;14.882;14.9911;15.0976;15.202;15.3041;15.4041;15.502;15.5998;15.7076;15.816;15.9253;16.0353;16.1461;16.2477;16.3493;16.451;16.5526;16.6534;16.7533;16.8523;16.9504;17.0477;17.1449;17.2421;17.3396;17.4373;17.5351;17.6332;17.7314;17.8296;17.9277;18.0259;18.1221;18.2163;18.3086;18.3989;18.4873;18.5756;18.6639;18.7523;18.8406;18.929;19.0173;19.1057;19.194;19.2823;19.3707;19.459;19.5467;19.6336;19.7199;19.8054;19.8903;19.9752;20.06;20.1449;20.2297;20.3146;20.3995;20.4843;20.5692;20.6632;20.7663;20.8694;21","15;15.0704;15.1424;15.2159;15.2909;15.3676;15.446;15.5246;15.6033;15.6822;15.7611;15.84;15.9189;15.9978;16.0767;16.1556;16.2345;16.3133;16.3913;16.4682;16.5442;16.6192;16.6932;16.7672;16.8413;16.9153;16.9893;17.0634;17.1373;17.2112;17.2851;17.3589;17.4326;17.5064;17.5801;17.6539;17.7276;17.8014;17.8751;17.9489;18.0226;18.0963;18.1682;18.2383;18.3065;18.3728;18.4374;18.5019;18.565;18.6269;18.6873;18.7465;18.8042;18.862;18.9198;18.978;19.0366;19.0955;19.1549;19.2133;19.2703;19.3259;19.3801;19.433;19.4858;19.5387;19.5895;19.6382;19.6848;19.7294;19.7719;19.8144;19.8542;19.8914;19.926;19.9588;19.9898;20.0216;20.0544;20.088;20.1216;20.1528;20.1817;20.2082;20.2324;20.2542;20.2741;20.292;20.308;20.322;20.3341;20.3462;20.3583;20.3686;20.3771;20.3838;20.3887;20.3906;20.3912;20.3906;20.3888;20.3857;20.3826;20.3792;20.3754;20.3712;20.3645;20.3554;20.344;20.3305;20.3149;20.2992;20.2836;20.2655;20.2448;20.2217;20.1961;20.168;20.14;20.1119;20.0838;20.0557;20.0276;19.9989;19.9695;19.9395;19.9067;19.8712;19.8337;19.794;19.7523;19.7105;19.6688;19.6252;19.5796;19.532;19.4826;19.4306;19.3781;19.325;19.2714;19.2172;19.163;19.1016;19.0382;18.9727;18.9051;18.8354;18.7707;18.7059;18.6412;18.5765;18.5118;18.4469;18.382;18.3171;18.2521;18.187;18.122;18.0562;17.9885;17.9191;17.8479;17.775;17.7011;17.6273;17.5534;17.4794;17.4051;17.3306;17.2559;17.1809;17.106;17.0311;16.9562;16.8812;16.8063;16.7314;16.6565;16.5815;16.5066;16.4317;16.3568;16.2819;16.207;16.1321;16.0572;15.9824;15.9075;15.8326;15.7578;15.6829;15.6081;15.5332;15.4583;15.3835;15.3002;15.2086;15.1169;15",19.1083,"0.7;0.1;0.2"
25.8369,13.4959,0.903786,"1;1.09017;1.1791;1.26679;1.35324;1.43844;1.5224;1.60635;1.69031;1.77427;1.85652;1.93705;2.01587;2.09297;2.16837;2.24376;2.31915;2.39455;2.46994;2.54533;2.62073;2.69612;2.77151;2.84879;2.92795;3.00899;3.09192;3.17673;3.26106;3.34493;3.42832;3.51124;3.59368;3.67612;3.75961;3.84413;3.92968;4.01628;4.10391;4.19155;4.27918;4.36758;4.45673;4.54665;4.63734;4.72878;4.82022;4.91167;5.00311;5.09467;5.18634;5.27812;5.37002;5.46202;5.55403;5.64679;5.74031;5.83458;5.92961;6.02851;6.13052;6.23566;6.34391;6.45529;6.56666;6.67803;6.78816;6.89703;7.00466;7.11104;7.22789;7.34705;7.46849;7.59223;7.71826;7.83486;7.95127;8.06748;8.18351;8.29934;8.41498;8.53061;8.64724;8.76486;8.88346;9.00305;9.12363;9.24802;9.37623;9.50824;9.64406;9.78067;9.91425;10.0448;10.1723;10.2996;10.4297;10.5626;10.6984;10.8369;10.9789;11.1244;11.2686;11.4115;11.5529;11.6895;11.8144;11.9325;12.0491;12.1644;12.2782;12.3974;12.5219;12.6465;12.7777;12.9155;13.0535;13.1916;13.33;13.4619;13.5874;13.7128;13.8383;13.964;14.0898;14.2157;14.3419;14.4681;14.5936;14.7183;14.8421;14.9609;15.0747;15.1843;15.2896;15.3907;15.4919;15.5983;15.7099;15.8218;15.9339;16.0463;16.1536;16.2558;16.358;16.4602;16.5625;16.6647;16.7654;16.8645;16.9621;17.0582;17.1528;17.2473;17.3418;17.4364;17.5309;17.6238;17.7151;17.8048;17.8928;17.9792;18.0656;18.152;18.2384;18.3248;18.4111;18.4975;18.5832;18.6681;18.7523;18.8358;18.9185;19.0012;19.0839;19.1667;19.2473;19.326;19.4027;19.4773;19.5499;19.6225;19.695;19.7676;19.8402;19.9128;19.9854;20.058;20.132;20.2074;20.2843;20.3625;20.4422;20.5219;20.6016;20.6813;20.761;20.8406;20.9203;21","15;15.0917;15.1851;15.2805;15.3776;15.4766;15.5774;15.6781;15.7789;15.8797;15.9808;16.082;16.1835;16.2851;16.3871;16.489;16.5909;16.6928;16.7947;16.8966;16.9985;17.1004;17.2023;17.3051;17.4089;17.5135;17.619;17.7254;17.8307;17.935;18.0381;18.1402;18.2411;18.3421;18.4412;18.5385;18.634;18.7277;18.8195;18.9113;19.0032;19.0945;19.1853;19.2755;19.3653;19.4546;19.5438;19.6331;19.7223;19.8091;19.8935;19.9754;20.0548;20.1318;20.2088;20.2854;20.3616;20.4374;20.5129;20.5873;20.6611;20.7342;20.8066;20.8784;20.9502;21.022;21.0909;21.1569;21.2201;21.2804;21.3438;21.4071;21.4703;21.5333;21.5962;21.6529;21.7058;21.7548;21.8001;21.8415;21.8791;21.9168;21.9529;21.9877;22.021;22.0529;22.0833;22.1123;22.14;22.1662;22.1911;22.2129;22.233;22.2514;22.2681;22.28;22.2887;22.2942;22.2965;22.2957;22.2926;22.2872;22.2797;22.27;22.2582;22.2466;22.2346;22.222;22.2073;22.1906;22.1718;22.1516;22.1299;22.1082;22.0834;22.0555;22.0236;21.9875;21.9474;21.9063;21.8642;21.8221;21.7799;21.7355;21.6888;21.6399;21.5886;21.535;21.4791;21.4206;21.3598;21.2975;21.2339;21.1713;21.1098;21.0493;20.9888;20.9241;20.8551;20.783;20.7077;20.6293;20.5519;20.4757;20.3994;20.3231;20.2469;20.1706;20.0921;20.0112;19.9281;19.8427;19.7551;19.6674;19.5797;19.492;19.4044;19.3154;19.2253;19.1338;19.0412;18.9473;18.8534;18.7594;18.6655;18.5716;18.4777;18.3838;18.2885;18.1918;18.0938;17.9943;17.8935;17.7927;17.6919;17.5911;17.4899;17.3885;17.2866;17.1844;17.0819;16.9794;16.8769;16.7744;16.6719;16.5694;16.4668;16.3643;16.2591;16.1512;16.0407;15.9274;15.8115;15.6956;15.5796;15.4637;15.3478;15.2319;15.1159;15",20.8754,"0.7;0.2;0.1"
27.2066,9.52192,1.03802,"1;1.10498;1.19459;1.28419;1.36872;1.44819;1.52771;1.60728;1.68691;1.76654;1.84617;1.92343;1.9983;2.0708;2.14093;2.20867;2.27642;2.34417;2.41191;2.47966;2.54741;2.61515;2.6829;2.75335;2.82651;2.90237;2.98094;3.06054;3.13846;3.21469;3.28925;3.36213;3.43501;3.50991;3.58682;3.66576;3.74671;3.82968;3.91266;3.99563;4.08124;4.16949;4.26037;4.3539;4.45006;4.54622;4.64209;4.73767;4.83296;4.92795;5.02472;5.12355;5.22445;5.32741;5.43244;5.53728;5.64193;5.74638;5.85064;5.95471;6.05878;6.16285;6.27071;6.38236;6.49781;6.61705;6.74008;6.86312;6.98615;7.10678;7.225;7.3421;7.45808;7.57294;7.68907;7.80804;7.92855;8.05061;8.17422;8.29861;8.42223;8.54509;8.66717;8.78849;8.91018;9.03225;9.15469;9.27751;9.40071;9.52405;9.64755;9.7712;9.895;10.0189;10.1453;10.2741;10.4053;10.5389;10.6749;10.8108;10.9464;11.0811;11.2147;11.3473;11.4792;11.6102;11.7412;11.8723;12.0005;12.1259;12.2485;12.3733;12.5003;12.6322;12.7692;12.9111;13.053;13.1931;13.3314;13.468;13.6027;13.7334;13.8619;13.9882;14.1123;14.2342;14.356;14.4779;14.5979;14.716;14.8323;14.9467;15.0592;15.1717;15.2833;15.3965;15.5111;15.6272;15.7448;15.8648;15.9848;16.1048;16.2209;16.3332;16.4417;16.5463;16.647;16.7478;16.8486;16.9493;17.0501;17.1494;17.2473;17.3437;17.4386;17.5322;17.6257;17.7192;17.811;17.9009;17.9891;18.0756;18.1602;18.2448;18.3293;18.4138;18.4983;18.5828;18.6673;18.7518;18.8363;18.9208;19.0053;19.0867;19.1651;19.2404;19.3126;19.3818;19.451;19.5208;19.591;19.6618;19.733;19.8049;19.8767;19.9485;20.0203;20.0921;20.1628;20.2325;20.3011;20.3687;20.4352;20.5017;20.5682;20.6413;20.7211;20.8074;20.9004;21","15;15.0979;15.1956;15.2934;15.3946;15.4993;15.6074;15.7191;15.8342;15.9494;16.0646;16.179;16.2928;16.4059;16.5183;16.63;16.7417;16.8534;16.9651;17.0768;17.1885;17.3002;17.4119;17.5269;17.6452;17.7668;17.8917;18.0149;18.1333;18.2467;18.3551;18.4586;18.5622;18.6675;18.7746;18.8834;18.9941;19.1066;19.219;19.3315;19.4437;19.5558;19.6677;19.7794;19.8909;20.0024;20.1111;20.2171;20.3203;20.4207;20.5181;20.6153;20.7124;20.8093;20.906;20.9994;21.0895;21.1764;21.2599;21.3401;21.4204;21.5007;21.5799;21.6583;21.7356;21.812;21.8874;21.9627;22.0381;22.1093;22.1763;22.2388;22.2966;22.3498;22.4026;22.4534;22.5028;22.5506;22.5969;22.64;22.6814;22.7211;22.7591;22.7953;22.8297;22.8621;22.8925;22.921;22.9476;22.9731;22.9976;23.0211;23.0435;23.0649;23.0841;23.1011;23.116;23.1288;23.1393;23.1475;23.1531;23.1555;23.1546;23.1504;23.1453;23.1394;23.1336;23.1277;23.1182;23.105;23.0883;23.0663;23.0391;23.0104;22.9802;22.9483;22.9165;22.8819;22.8445;22.8044;22.7616;22.7151;22.6677;22.6195;22.5703;22.5204;22.4704;22.4204;22.3684;22.3145;22.2586;22.2008;22.141;22.0811;22.0191;21.9527;21.8821;21.8072;21.7281;21.6469;21.5657;21.4845;21.4017;21.3172;21.2312;21.1435;21.0542;20.9649;20.8756;20.7864;20.6971;20.6056;20.512;20.4162;20.3183;20.2182;20.118;20.0179;19.9186;19.8201;19.7223;19.6253;19.5254;19.4218;19.3145;19.2034;19.0887;18.974;18.8593;18.7446;18.6299;18.5152;18.4005;18.2864;18.173;18.0602;17.948;17.8365;17.725;17.6105;17.4929;17.3723;17.2486;17.1219;16.9952;16.8685;16.7418;16.6151;16.4903;16.3672;16.246;16.1267;16.0091;15.8916;15.7741;15.6441;15.5017;15.3469;15.1797;15",21.9012,"0.7;0.3;0"
20.0005,73.1323,0.392116,"1;1.09872;1.19744;1.29617;1.39489;1.49361;1.59233;1.69105;1.78978;1.8885;1.98722;2.08594;2.18466;2.28339;2.38211;2.48083;2.57955;2.67827;2.777;2.876;2.97528;3.07484;3.17469;3.27481;3.37493;3.47506;3.57518;3.6753;3.77487;3.87389;3.97235;4.07026;4.16762;4.26497;4.36233;4.45968;4.55704;4.65439;4.75175;4.8491;4.94646;5.04381;5.14247;5.24241;5.34366;5.4462;5.55004;5.65388;5.75772;5.86156;5.96541;6.06925;6.17309;6.27693;6.38077;6.48326;6.58442;6.68424;6.78271;6.87984;6.97697;7.0741;7.17123;7.26836;7.3655;7.46263;7.55976;7.65689;7.75402;7.85222;7.95149;8.05182;8.15322;8.2557;8.35817;8.45971;8.56032;8.66;8.75875;8.85657;8.95439;9.05221;9.15003;9.24785;9.34567;9.44349;9.54131;9.63913;9.7366;9.83371;9.93047;10.0269;10.1229;10.219;10.315;10.4111;10.5071;10.6032;10.6992;10.7958;10.893;10.9908;11.0891;11.1879;11.2868;11.3856;11.4845;11.5834;11.6822;11.7811;11.88;11.9788;12.0777;12.1765;12.2763;12.3769;12.4783;12.5807;12.6838;12.787;12.8902;12.9934;13.0966;13.1998;13.303;13.4061;13.5092;13.6123;13.7154;13.8185;13.9215;14.0246;14.1276;14.2307;14.3338;14.4368;14.5399;14.643;14.746;14.8491;14.9522;15.0552;15.1583;15.2612;15.3642;15.4671;15.5699;15.6728;15.7756;15.8785;15.9813;16.0842;16.187;16.2899;16.3921;16.4936;16.5945;16.6948;16.7944;16.894;16.9936;17.0932;17.1928;17.2925;17.3921;17.4917;17.5917;17.692;17.7927;17.8937;17.9951;18.0965;18.1979;18.2993;18.4007;18.5021;18.6035;18.7049;18.8063;18.9075;19.0083;19.109;19.2093;19.3094;19.4095;19.511;19.6138;19.7181;19.8236;19.9306;20.0375;20.1445;20.2514;20.3583;20.4653;20.5722;20.6792;20.7861;20.8931;21","15;14.9996;14.9993;14.9989;14.9985;14.9982;14.9978;14.9974;14.9971;14.9967;14.9963;14.996;14.9956;14.9952;14.9949;14.9945;14.9941;14.9938;14.9934;14.9929;14.9923;14.9916;14.9908;14.9898;14.9889;14.988;14.987;14.9861;14.9854;14.9849;14.9847;14.9848;14.9851;14.9853;14.9856;14.9859;14.9862;14.9865;14.9868;14.9871;14.9873;14.9876;14.9882;14.9891;14.9903;14.9918;14.9937;14.9955;14.9973;14.9991;15.0009;15.0028;15.0046;15.0064;15.0082;15.0096;15.0105;15.011;15.011;15.0106;15.0102;15.0098;15.0093;15.0089;15.0085;15.0081;15.0077;15.0073;15.0068;15.0065;15.0063;15.0061;15.0061;15.0061;15.0061;15.0063;15.0066;15.0071;15.0077;15.0084;15.0092;15.0099;15.0107;15.0114;15.0121;15.0129;15.0136;15.0144;15.0151;15.0158;15.0165;15.0171;15.0177;15.0184;15.019;15.0196;15.0202;15.0209;15.0215;15.0217;15.0215;15.021;15.02;15.0186;15.0173;15.0159;15.0145;15.0132;15.0118;15.0104;15.0091;15.0077;15.0063;15.005;15.0036;15.0023;15.0009;14.9996;14.9983;14.997;14.9956;14.9943;14.993;14.9917;14.9906;14.9899;14.9894;14.9892;14.9892;14.9893;14.9893;14.9894;14.9894;14.9895;14.9895;14.9896;14.9896;14.9897;14.9897;14.9898;14.9898;14.9899;14.9899;14.9897;14.9896;14.9893;14.989;14.9887;14.9883;14.988;14.9877;14.9873;14.987;14.9867;14.9865;14.9864;14.9865;14.9867;14.987;14.9874;14.9877;14.988;14.9884;14.9887;14.989;14.9894;14.9898;14.9902;14.9907;14.9913;14.9919;14.9925;14.9931;14.9937;14.9943;14.995;14.9956;14.9962;14.9968;14.9974;14.998;14.9986;14.9992;14.9998;15.0004;15.0008;15.0011;15.0013;15.0013;15.0012;15.0011;15.001;15.0008;15.0007;15.0006;15.0005;15.0004;15.0002;15.0001;15",16.0789,"0.8;0;0.2"
22.8654,29.9481,0.647088,"1;1.09819;1.19638;1.29248;1.38648;1.47839;1.5682;1.65591;1.74362;1.83134;1.91905;2.00676;2.09448;2.18219;2.26991;2.35771;2.4456;2.53358;2.62165;2.70981;2.79797;2.88613;2.97429;3.06245;3.15061;3.23877;3.32693;3.41509;3.5043;3.59456;3.68587;3.77824;3.87165;3.96506;4.05847;4.15188;4.24529;4.3387;4.43211;4.52552;4.61893;4.71234;4.80575;4.89916;4.99394;5.0901;5.18762;5.28652;5.3868;5.48707;5.58753;5.6882;5.78906;5.89012;5.99137;6.09262;6.19388;6.29513;6.39639;6.49764;6.59886;6.70005;6.8012;6.90232;7.00341;7.1045;7.20559;7.30668;7.40777;7.51024;7.61409;7.71932;7.8259;7.93383;8.04172;8.14957;8.25739;8.36521;8.47302;8.58084;8.68866;8.79525;8.90061;9.00475;9.10766;9.20934;9.3129;9.41834;9.52566;9.63606;9.74957;9.86429;9.98022;10.0974;10.2145;10.3334;10.4539;10.5762;10.7001;10.8232;10.9438;11.062;11.1776;11.2907;11.4038;11.517;11.6301;11.7435;11.8571;11.971;12.0852;12.1997;12.3142;12.4286;12.5431;12.6576;12.772;12.8841;12.9939;13.1013;13.2064;13.3095;13.413;13.517;13.6214;13.7262;13.831;13.9358;14.0406;14.1468;14.2546;14.3638;14.4744;14.5866;14.6985;14.8102;14.9218;15.033;15.1441;15.2552;15.3663;15.482;15.5942;15.7029;15.8083;15.9102;16.0041;16.098;16.1919;16.2858;16.3797;16.4736;16.5675;16.6613;16.7549;16.8483;16.9416;17.0347;17.1283;17.2225;17.3171;17.4123;17.5079;17.6044;17.7017;17.7998;17.8988;17.9986;18.0983;18.1959;18.2913;18.3845;18.4754;18.5642;18.653;18.7418;18.8306;18.9194;19.0081;19.0969;19.1857;19.2745;19.3633;19.452;19.5408;19.6296;19.7184;19.8087;19.9005;19.9939;20.0888;20.1852;20.2816;20.3797;20.4796;20.5813;20.6846;20.7898;20.8949;21","15;15.0773;15.1545;15.2302;15.3041;15.3765;15.4472;15.5162;15.5853;15.6543;15.7234;15.7925;15.8615;15.9306;15.9996;16.0689;16.1385;16.2083;16.2785;16.3488;16.4192;16.4895;16.5599;16.6303;16.7006;16.771;16.8414;16.9117;16.9812;17.0497;17.1174;17.1841;17.25;17.3158;17.3816;17.4475;17.5133;17.5791;17.645;17.7108;17.7767;17.8425;17.9083;17.9742;18.0392;18.1034;18.1667;18.2292;18.2909;18.3526;18.4126;18.4709;18.5274;18.5822;18.6353;18.6884;18.7416;18.7947;18.8478;18.9009;18.9522;19.0017;19.0494;19.0954;19.1395;19.1836;19.2278;19.2719;19.316;19.3581;19.3981;19.4359;19.4714;19.5043;19.5369;19.5692;19.6011;19.6329;19.6648;19.6967;19.7286;19.7582;19.7856;19.8108;19.8338;19.8545;19.875;19.8953;19.9153;19.9336;19.9503;19.9657;19.9796;19.9922;20.0048;20.0162;20.0264;20.0355;20.0433;20.0471;20.0481;20.0462;20.0414;20.0337;20.026;20.0184;20.0107;20.0006;19.988;19.9729;19.9554;19.9354;19.9154;19.8954;19.8754;19.8554;19.8355;19.8147;19.7932;19.771;19.748;19.7225;19.6952;19.6661;19.6353;19.6027;19.5701;19.5375;19.5049;19.4689;19.4296;19.3869;19.3409;19.2915;19.2414;19.1906;19.1391;19.0868;19.0339;18.981;18.928;18.8712;18.8138;18.7557;18.697;18.6378;18.5818;18.5258;18.4698;18.4138;18.3578;18.3018;18.2458;18.1881;18.1286;18.0674;18.0045;17.9397;17.8747;17.8092;17.7433;17.6771;17.6105;17.5426;17.4736;17.4033;17.3318;17.259;17.1863;17.115;17.045;16.9765;16.9094;16.8437;16.778;16.7124;16.6467;16.581;16.5153;16.4496;16.3839;16.3182;16.2525;16.1868;16.1211;16.0554;15.9897;15.9217;15.8512;15.7783;15.7031;15.6255;15.5478;15.47;15.392;15.3139;15.2355;15.157;15.0785;15",21.3518,"0.8;0.1;0.1"
25.3457,15.3662,0.858321,"1;1.09535;1.19071;1.28606;1.38141;1.47345;1.56216;1.64755;1.72963;1.80839;1.88714;1.9659;2.04465;2.12341;2.20217;2.28092;2.35968;2.43844;2.51719;2.59773;2.68005;2.76414;2.85002;2.93608;3.02053;3.10337;3.18462;3.26426;3.34389;3.42353;3.50317;3.58281;3.66245;3.74216;3.82194;3.90179;3.98173;4.06176;4.14182;4.2219;4.302;4.38189;4.46157;4.54103;4.62401;4.7105;4.80073;4.89469;4.99238;5.08762;5.18042;5.2757;5.37345;5.47366;5.57879;5.68937;5.80048;5.91212;6.02429;6.13633;6.24771;6.35842;6.46847;6.57786;6.68725;6.79781;6.90954;7.02244;7.13623;7.25089;7.36526;7.47934;7.59313;7.70691;7.8207;7.93448;8.04801;8.16128;8.27429;8.38705;8.49955;8.61326;8.72819;8.84434;8.96171;9.08029;9.19887;9.31766;9.43664;9.55583;9.67521;9.79632;9.91896;10.0431;10.167;10.2905;10.4123;10.5321;10.6502;10.7683;10.8866;11.0053;11.1241;11.2433;11.3627;11.4821;11.6016;11.7238;11.8489;11.9768;12.1075;12.241;12.3745;12.5042;12.6301;12.7522;12.8705;12.985;13.0997;13.2147;13.33;13.4455;13.5612;13.677;13.7927;13.9085;14.0242;14.14;14.2548;14.3687;14.4816;14.5936;14.7046;14.8158;14.9271;15.0385;15.15;15.2617;15.3734;15.4847;15.5956;15.7061;15.8163;15.926;16.0358;16.1456;16.2553;16.3651;16.4738;16.5816;16.6883;16.7937;16.8978;17.0015;17.1048;17.2079;17.3109;17.4139;17.5169;17.6164;17.7124;17.805;17.894;17.9796;18.0653;18.1511;18.237;18.3231;18.4093;18.4952;18.5808;18.6661;18.7511;18.8359;18.9197;19.0026;19.0846;19.1658;19.2463;19.3268;19.4074;19.488;19.5686;19.6492;19.7299;19.8105;19.8911;19.9717;20.0536;20.1366;20.2209;20.3064;20.3931;20.4798;20.5665;20.6532;20.7399;20.8266;20.9133;21","15;15.0971;15.1941;15.2912;15.3883;15.485;15.5812;15.677;15.7725;15.8675;15.9625;16.0575;16.1525;16.2475;16.3425;16.4376;16.5326;16.6276;16.7226;16.8201;16.92;17.0224;17.1272;17.2314;17.3325;17.4305;17.5254;17.6172;17.7089;17.8007;17.8925;17.9842;18.076;18.1671;18.2576;18.3475;18.4354;18.5215;18.6062;18.6897;18.7719;18.8527;18.9321;19.01;19.0889;19.1687;19.2509;19.3355;19.4225;19.5067;19.5882;19.6699;19.7517;19.8337;19.9186;20.0051;20.0901;20.1737;20.2558;20.3342;20.4103;20.4841;20.5555;20.6246;20.6937;20.7618;20.8289;20.8951;20.9581;21.0179;21.0757;21.1313;21.1847;21.2381;21.2916;21.345;21.3956;21.4433;21.4883;21.5303;21.5696;21.6071;21.6428;21.6768;21.7091;21.7396;21.7701;21.7985;21.8249;21.8492;21.8715;21.8912;21.9103;21.9289;21.9436;21.9544;21.9618;21.9657;21.9663;21.9668;21.9666;21.9654;21.9634;21.9606;21.9569;21.9532;21.9495;21.943;21.9337;21.9216;21.9066;21.8888;21.871;21.8516;21.8305;21.8077;21.7834;21.7573;21.7277;21.6945;21.6577;21.6174;21.5735;21.5296;21.4857;21.4418;21.398;21.3541;21.3076;21.2586;21.2071;21.153;21.0963;21.038;20.978;20.9163;20.853;20.788;20.723;20.6558;20.5864;20.5147;20.4409;20.3649;20.2888;20.2128;20.1367;20.0607;19.9843;19.9075;19.8303;19.7503;19.6675;19.5821;19.4943;19.4041;19.3138;19.2235;19.1333;19.0438;18.9551;18.8672;18.78;18.6936;18.6059;18.5168;18.4263;18.3344;18.2411;18.146;18.0489;17.95;17.8491;17.7464;17.6451;17.5452;17.446;17.3476;17.25;17.1518;17.0529;16.954;16.855;16.7561;16.6572;16.5583;16.4594;16.3605;16.2581;16.1522;16.0429;15.9301;15.8139;15.6976;15.5813;15.4651;15.3488;15.2325;15.1163;15",23.3498,"0.8;0.2;0"
20.0005,73.2569,0.391573,"1;1.09949;1.19899;1.29848;1.39797;1.49747;1.59696;1.69645;1.79595;1.89544;1.99493;2.09443;2.19392;2.29341;2.39325;2.49343;2.59395;2.69482;2.79603;2.89724;2.99845;3.09966;3.20087;3.30208;3.40329;3.50451;3.60555;3.70643;3.80714;3.90769;4.00808;4.10846;4.20885;4.30923;4.40961;4.51;4.61038;4.71076;4.81049;4.90956;5.00798;5.10573;5.20284;5.29994;5.39704;5.49414;5.59124;5.68834;5.78544;5.88255;5.97965;6.07675;6.17466;6.27339;6.37293;6.47329;6.57446;6.67562;6.77679;6.87796;6.97913;7.0803;7.18147;7.28264;7.3838;7.48497;7.58614;7.68731;7.78919;7.89178;7.99508;8.09909;8.20382;8.30854;8.41326;8.51799;8.62137;8.72341;8.82412;8.92348;9.02151;9.11953;9.21756;9.31558;9.41361;9.51163;9.60966;9.70768;9.80571;9.90374;10.0023;10.1014;10.2011;10.3014;10.4021;10.5029;10.6037;10.7045;10.8053;10.9061;11.0069;11.1076;11.2084;11.3092;11.4093;11.5088;11.6075;11.7056;11.803;11.9004;11.9979;12.0953;12.1927;12.2901;12.3875;12.4849;12.5824;12.6802;12.7785;12.8773;12.9765;13.0762;13.1759;13.2756;13.3753;13.4749;13.5746;13.6743;13.774;13.8737;13.9733;14.073;14.1736;14.275;14.3772;14.4804;14.5837;14.6863;14.7883;14.8896;14.9902;15.0908;15.1914;15.292;15.3926;15.4932;15.5939;15.6945;15.7951;15.8957;15.9963;16.0969;16.1983;16.3006;16.4036;16.5075;16.6122;16.7169;16.8215;16.9254;17.0284;17.1307;17.2321;17.3326;17.4332;17.5338;17.6344;17.7349;17.8355;17.9361;18.0367;18.1372;18.2378;18.3384;18.439;18.5395;18.6401;18.7408;18.8415;18.9423;19.0431;19.1441;19.245;19.346;19.4469;19.5478;19.6488;19.7504;19.8528;19.9559;20.0596;20.1641;20.2686;20.3731;20.4776;20.5821;20.6865;20.791;20.8955;21","15;14.9998;14.9996;14.9994;14.9992;14.999;14.9988;14.9986;14.9984;14.9982;14.998;14.9978;14.9976;14.9974;14.9973;14.9971;14.997;14.9968;14.9967;14.9966;14.9965;14.9964;14.9963;14.9962;14.9961;14.996;14.9958;14.9954;14.9949;14.9943;14.9936;14.9929;14.9922;14.9915;14.9907;14.99;14.9893;14.9886;14.9878;14.9869;14.9859;14.9848;14.9836;14.9825;14.9813;14.9801;14.979;14.9778;14.9766;14.9755;14.9743;14.9731;14.9723;14.9717;14.9715;14.9715;14.9718;14.9722;14.9725;14.9728;14.9732;14.9735;14.9738;14.9742;14.9745;14.9748;14.9752;14.9755;14.9758;14.976;14.9762;14.9764;14.9765;14.9766;14.9767;14.9768;14.9769;14.9772;14.9776;14.978;14.9786;14.9791;14.9797;14.9802;14.9808;14.9813;14.9819;14.9824;14.983;14.9835;14.9838;14.9837;14.9834;14.9827;14.9818;14.9809;14.9799;14.979;14.9781;14.9771;14.9762;14.9753;14.9743;14.9734;14.973;14.9731;14.9737;14.9748;14.9764;14.978;14.9797;14.9813;14.9829;14.9845;14.9862;14.9878;14.9894;14.9906;14.9914;14.9917;14.9916;14.9911;14.9905;14.99;14.9895;14.9889;14.9884;14.9879;14.9873;14.9868;14.9863;14.9857;14.9853;14.985;14.9849;14.9848;14.9849;14.9849;14.985;14.985;14.9851;14.9851;14.9851;14.9852;14.9852;14.9853;14.9853;14.9853;14.9854;14.9854;14.9855;14.9855;14.9854;14.9852;14.9848;14.9843;14.9837;14.9831;14.9825;14.9819;14.9815;14.981;14.9807;14.9804;14.9801;14.9798;14.9795;14.9792;14.9788;14.9785;14.9782;14.9779;14.9776;14.9773;14.977;14.9767;14.9764;14.9763;14.9765;14.9768;14.9773;14.9781;14.9789;14.9796;14.9804;14.9811;14.9819;14.9828;14.9838;14.985;14.9864;14.9879;14.9894;14.9909;14.9924;14.994;14.9955;14.997;14.9985;15",18.0396,"0.9;0;0.1"
22.464,33.3546,0.615455,"1;1.08967;1.17933;1.269;1.35866;1.44833;1.53799;1.62766;1.71733;1.80699;1.89666;1.98632;2.07599;2.1652;2.25395;2.34226;2.4301;2.51749;2.60488;2.69227;2.77966;2.86705;2.95444;3.04183;3.13142;3.22321;3.31719;3.41337;3.51174;3.61012;3.7085;3.80395;3.89649;3.98611;4.07281;4.15853;4.24621;4.33582;4.42739;4.5209;4.61441;4.70792;4.80143;4.89495;4.98846;5.08197;5.17677;5.27286;5.37025;5.46892;5.56889;5.66909;5.76952;5.87019;5.9734;6.07916;6.18723;6.29762;6.40877;6.51837;6.62642;6.73292;6.83787;6.94192;7.04508;7.14733;7.24869;7.34916;7.44962;7.55008;7.65055;7.75101;7.85147;7.9546;8.06039;8.16885;8.27997;8.39375;8.50753;8.622;8.73716;8.85301;8.96955;9.08655;9.20333;9.31988;9.4362;9.5523;9.6684;9.78323;9.89679;10.0091;10.1201;10.2287;10.3361;10.4424;10.5475;10.6514;10.7554;10.8605;10.9667;11.0741;11.1826;11.2923;11.402;11.5116;11.6213;11.731;11.8411;11.9517;12.0627;12.1742;12.2861;12.398;12.5099;12.6209;12.731;12.8403;12.9487;13.0565;13.1644;13.2725;13.3807;13.489;13.5972;13.7058;13.8148;13.9241;14.0337;14.1437;14.2538;14.3638;14.4738;14.5838;14.6938;14.8038;14.9137;15.0237;15.1325;15.2402;15.3469;15.4524;15.5568;15.6612;15.7642;15.8657;15.9657;16.0644;16.1616;16.2588;16.3557;16.4524;16.5489;16.6451;16.7411;16.8371;16.9331;17.0291;17.125;17.221;17.317;17.412;17.5062;17.5994;17.6918;17.7832;17.8747;17.9661;18.0555;18.1429;18.2283;18.3116;18.395;18.4806;18.5684;18.6584;18.7505;18.8426;18.9346;19.0267;19.1188;19.2109;19.303;19.3951;19.4872;19.5793;19.6714;19.7635;19.8572;19.9526;20.0496;20.1482;20.2484;20.3487;20.4489;20.5491;20.6544;20.7646;20.8748;21","15;15.0618;15.1235;15.1853;15.2471;15.3088;15.3706;15.4323;15.4941;15.5559;15.6176;15.6794;15.7412;15.8034;15.8661;15.9292;15.9928;16.0569;16.121;16.1851;16.2491;16.3132;16.3773;16.4414;16.5062;16.5719;16.6384;16.7057;16.7739;16.842;16.9101;16.9761;17.0399;17.1016;17.1612;17.2192;17.2778;17.337;17.3967;17.457;17.5174;17.5777;17.638;17.6983;17.7587;17.819;17.8786;17.9374;17.9955;18.0529;18.1095;18.1657;18.2214;18.2768;18.3322;18.3876;18.4435;18.4998;18.555;18.6085;18.6602;18.7103;18.7587;18.8047;18.8483;18.8896;18.9284;18.9649;19.0014;19.0378;19.0743;19.1108;19.1472;19.1826;19.2168;19.2498;19.2817;19.3125;19.3433;19.3724;19.3999;19.4257;19.4499;19.4707;19.4899;19.5073;19.5231;19.5371;19.5512;19.564;19.5756;19.5859;19.595;19.6017;19.6074;19.6121;19.6156;19.6181;19.6206;19.6217;19.6215;19.6199;19.6169;19.6126;19.6082;19.6039;19.5996;19.5953;19.5886;19.5795;19.5681;19.5542;19.5381;19.5219;19.5057;19.4882;19.4694;19.4493;19.427;19.4026;19.3774;19.3514;19.3245;19.2976;19.2707;19.2412;19.2092;19.1746;19.1374;19.0977;19.0579;19.0182;18.9784;18.9387;18.8989;18.8582;18.8166;18.774;18.7295;18.683;18.6355;18.5869;18.5374;18.4878;18.4376;18.3869;18.3356;18.2837;18.2312;18.1787;18.1258;18.0726;18.019;17.965;17.9095;17.8529;17.7951;17.7361;17.676;17.6158;17.5557;17.4958;17.436;17.3764;17.317;17.2578;17.1985;17.1393;17.0807;17.0226;16.9653;16.9085;16.8505;16.7909;16.7295;16.6663;16.6014;16.5364;16.4715;16.4066;16.3416;16.2767;16.2118;16.1469;16.0819;16.017;15.9521;15.8872;15.8208;15.7529;15.6835;15.6126;15.5402;15.4679;15.3955;15.3232;15.2474;15.1683;15.0892;15",23.5531,"0.9;0.1;0"
20.0004,73.1902,0.392021,"1;1.10034;1.20068;1.30102;1.40136;1.5017;1.60204;1.70237;1.80271;1.90305;2.00339;2.10373;2.20407;2.30441;2.40475;2.50509;2.60543;2.70614;2.80721;2.90866;3.01047;3.11265;3.21483;3.31701;3.41919;3.52137;3.62355;3.72573;3.82791;3.93009;4.03227;4.13446;4.23664;4.33882;4.441;4.54318;4.64462;4.74531;4.84526;4.94448;5.04294;5.14202;5.2417;5.34199;5.44288;5.54438;5.64589;5.74739;5.84889;5.95039;6.05189;6.15339;6.25489;6.3564;6.4579;6.5594;6.65976;6.75899;6.85708;6.95403;7.04984;7.14566;7.24147;7.33729;7.4331;7.52892;7.62473;7.72055;7.81662;7.91294;8.00952;8.10635;8.20343;8.30052;8.3976;8.49469;8.59177;8.68886;8.78594;8.88303;8.98011;9.0772;9.17428;9.27136;9.36845;9.46615;9.56447;9.6634;9.76294;9.86311;9.96327;10.0634;10.1636;10.2638;10.3639;10.4641;10.5644;10.6649;10.7655;10.8662;10.9672;11.0681;11.169;11.2699;11.3708;11.4717;11.5727;11.6736;11.7745;11.8754;11.9768;12.0786;12.1809;12.2836;12.3869;12.4901;12.5933;12.6965;12.7997;12.9029;13.0061;13.1093;13.2125;13.3157;13.4189;13.5221;13.6249;13.7273;13.8293;13.9309;14.0321;14.1333;14.2345;14.3357;14.4369;14.5381;14.6393;14.7405;14.8417;14.9429;15.0441;15.1453;15.2465;15.3477;15.448;15.5472;15.6455;15.7427;15.839;15.9353;16.0316;16.1279;16.2242;16.3205;16.4168;16.5131;16.6094;16.7057;16.802;16.8996;16.9984;17.0986;17.1999;17.3026;17.4052;17.5078;17.6105;17.7131;17.8157;17.9184;18.021;18.1236;18.2258;18.3274;18.4286;18.5292;18.6294;18.7296;18.8297;18.9299;19.03;19.1302;19.2304;19.3305;19.4307;19.5309;19.631;19.7312;19.8314;19.9315;20.0334;20.1369;20.242;20.3489;20.4574;20.5659;20.6744;20.783;20.8915;21","15;15.0004;15.0008;15.0012;15.0016;15.002;15.0024;15.0028;15.0032;15.0036;15.004;15.0044;15.0048;15.0052;15.0056;15.006;15.0064;15.0065;15.0063;15.0058;15.0051;15.004;15.003;15.0019;15.0009;14.9998;14.9988;14.9977;14.9967;14.9956;14.9946;14.9935;14.9925;14.9914;14.9904;14.9893;14.9886;14.9882;14.9882;14.9884;14.9891;14.9895;14.9898;14.99;14.99;14.9898;14.9896;14.9895;14.9893;14.9891;14.989;14.9888;14.9886;14.9884;14.9883;14.9881;14.9878;14.9874;14.9868;14.9862;14.9854;14.9846;14.9838;14.983;14.9822;14.9814;14.9806;14.9798;14.9793;14.9792;14.9793;14.9797;14.9805;14.9812;14.982;14.9827;14.9834;14.9842;14.9849;14.9857;14.9864;14.9871;14.9879;14.9886;14.9894;14.9902;14.9911;14.9921;14.9933;14.9945;14.9957;14.9968;14.998;14.9992;15.0004;15.0016;15.0026;15.0033;15.0037;15.0038;15.0037;15.0036;15.0035;15.0034;15.0033;15.0032;15.0031;15.003;15.0029;15.0028;15.0025;15.0021;15.0015;15.0007;14.9998;14.9988;14.9979;14.997;14.9961;14.9951;14.9942;14.9933;14.9923;14.9914;14.9905;14.9896;14.9889;14.9885;14.9883;14.9884;14.9888;14.9891;14.9895;14.9898;14.9902;14.9905;14.9909;14.9912;14.9916;14.9919;14.9923;14.9926;14.993;14.9933;14.9936;14.9939;14.9942;14.9944;14.9946;14.9948;14.9949;14.9951;14.9953;14.9955;14.9957;14.9959;14.9961;14.9962;14.9964;14.9967;14.997;14.9974;14.9978;14.9983;14.9988;14.9993;14.9998;15.0002;15.0007;15.0012;15.0017;15.0022;15.0027;15.0032;15.0037;15.0042;15.0047;15.0052;15.0057;15.0063;15.0068;15.0073;15.0078;15.0083;15.0088;15.0093;15.0098;15.0103;15.0108;15.0114;15.0114;15.011;15.0102;15.009;15.0074;15.0058;15.0043;15.0029;15.0014;15",20.0004,"1;0;0"
