Length, Risk, TravelTime, Paths.x, Paths.y , Fitness, Weights
27.2765,4.03346,2.35059,"1;1.00974;0.993047;0.915359;0.908026;0.882507;0.776335;1.20592;1.55949;1.86473;2.19809;2.31669;2.705;2.84221;3.11015;3.51824;3.8785;4.27618;4.60037;4.98853;5.39597;5.88834;6.04304;6.53625;7.02634;7.48208;7.85323;8.21411;8.58149;8.98376;9.13371;9.45823;9.76711;10.1109;10.5816;10.813;11.1224;11.5099;11.7728;12.1639;12.5484;12.8532;13.1905;13.6521;14.0781;14.1908;14.6491;15.1409;15.4016;15.6806;16.0408;16.5196;16.9246;17.2518;17.481;17.7831;18.255;18.5558;18.9262;19.3768;19.6946;20.0882;20.3442;20.5175;20.8787;21.2275;21.5885;21.715;21.9884;21.8873;21.7857;21.6609;21.4814;21.2119;21","15;14.538;14.4758;14.0175;13.7956;13.3039;12.9032;12.697;12.3577;12.2444;11.8756;11.8947;11.8932;11.8947;11.9928;12.0311;12.0303;11.9189;11.7861;11.7676;11.6537;11.5962;11.56;11.5822;11.4854;11.3551;11.4302;11.409;11.307;11.2661;11.257;11.1186;11.086;11.0352;10.9686;11.0007;11.0569;10.8848;10.9778;11.0632;11.1131;11.116;11.0966;11.1718;11.1493;11.1525;11.2695;11.2485;11.2708;11.207;11.0612;11.0946;11.0663;11.184;11.1674;11.0836;11.2113;11.2893;11.3839;11.3567;11.6884;11.7774;11.567;11.7298;12.0712;12.2313;12.2832;12.508;12.6849;13.0927;13.5208;13.8372;14.2858;14.6675;15",2.35059,"0;0;1"
24.3664,1.78741,2.29166,"1;1.23386;1.44253;1.51195;1.60394;1.65629;1.66309;1.97873;2.19844;2.58728;2.9987;3.46044;3.91078;4.10672;4.46131;4.87293;5.21448;5.43906;5.87464;6.17001;6.56655;7.05345;7.26367;7.53559;7.96545;8.34016;8.75825;9.00678;9.45573;9.8966;10.3493;10.8219;11.0941;11.5235;11.6525;11.9909;12.4268;12.849;13.0471;13.4022;13.8987;14.144;14.6242;14.8341;15.2036;15.6439;16.0983;16.5781;16.8754;17.2001;17.3844;17.8251;18.2559;18.5649;19.0385;19.3645;19.8135;20.2155;20.6171;21.0455;21.2145;21.2911;21.2449;21.1786;21.1045;21.1006;21","15;14.6226;14.1849;13.8474;13.409;13.0592;12.9092;12.888;12.8618;12.8645;12.7468;12.6189;12.4107;12.3941;12.362;12.2676;12.2635;12.288;12.3524;12.3886;12.4775;12.4683;12.5285;12.6788;12.6006;12.5558;12.5354;12.578;12.6201;12.8305;12.9383;12.9738;12.895;12.936;12.8871;12.7322;12.7405;12.7596;12.6985;12.6379;12.5962;12.4987;12.5836;12.6494;12.7298;12.6351;12.8438;12.7031;12.5931;12.5913;12.6311;12.6943;12.6672;12.672;12.7551;12.6872;12.6218;12.7269;12.8741;12.941;12.9862;13.1985;13.6797;13.9312;14.1981;14.5757;15",2.27485,"0;0.0333333;0.966667"
24.8183,1.79142,2.35862,"1;1.16325;1.30088;1.52689;1.59554;1.71221;1.62958;2.05086;2.39329;2.73461;3.06773;3.37036;3.78905;4.12874;4.37576;4.82212;5.07482;5.38735;5.78897;6.09544;6.54324;6.95865;7.13101;7.42615;7.91519;8.34021;8.66639;9.10353;9.52253;9.82422;10.127;10.599;11.0453;11.5234;11.9856;12.1606;12.5926;12.767;13.2262;13.6204;13.7325;14.1875;14.594;14.9055;15.3246;15.7901;16.156;16.6158;16.6985;17.1253;17.3615;17.6303;18.0126;18.3638;18.7138;18.9643;19.4235;19.7729;20.2182;20.6068;20.9154;21.3035;21.3884;21.5039;21.3713;21.2984;21.1034;20.962;21","15;14.7704;14.4528;14.1699;13.7863;13.336;12.8839;12.827;12.7559;12.6764;12.6014;12.5034;12.4561;12.4408;12.4154;12.2272;12.1641;12.0637;12.0785;12.1407;12.222;12.2392;12.2716;12.3098;12.3149;12.3726;12.3551;12.2369;12.1925;12.3276;12.3696;12.4831;12.5703;12.5861;12.5949;12.7176;12.7907;12.763;12.6132;12.5192;12.553;12.5377;12.5992;12.6564;12.6886;12.6145;12.3369;12.3737;12.3958;12.4764;12.5134;12.6194;12.5358;12.538;12.5853;12.5811;12.5607;12.5082;12.6701;12.8142;12.929;12.8603;12.9289;13.3341;13.6555;14.045;14.5037;14.8129;15",2.32081,"0;0.0666667;0.933333"
24.3417,2.01774,2.25462,"1;1.17126;1.27391;1.35072;1.41976;1.57761;1.83695;2.08;2.34992;2.78028;3.17514;3.51816;3.75655;4.14876;4.46023;4.73589;5.18586;5.48505;5.94408;6.10322;6.48431;6.92268;7.16269;7.64619;7.96649;8.23404;8.64103;9.06406;9.43656;9.86032;10.206;10.4218;10.8996;11.2829;11.7412;12.1638;12.5356;12.9288;13.3674;13.6622;14.0776;14.2994;14.7261;14.8918;15.3153;15.6177;15.994;16.2242;16.5998;17.0227;17.3078;17.6262;18.0086;18.2207;18.6894;19.167;19.5862;19.9049;20.2808;20.768;20.9749;21.074;20.9858;20.9692;21.0468;21","15;14.5302;14.1351;13.6722;13.3063;12.9105;12.9326;12.989;12.9226;12.8691;12.8414;12.789;12.6327;12.6514;12.7679;12.7549;12.8189;12.8169;12.6521;12.5793;12.43;12.262;12.2688;12.1556;12.0597;12.0338;11.8931;11.9037;11.873;11.8447;11.8181;11.8379;11.8899;12.0367;12.0614;11.9961;11.9755;11.8906;11.8138;12.0307;12.0932;12.1826;12.223;12.2918;12.3097;12.4459;12.4321;12.4463;12.4494;12.2849;12.2992;12.3311;12.447;12.4644;12.5936;12.5331;12.4942;12.6066;12.7197;12.7937;12.83;13.1672;13.6131;14.0974;14.5728;15",2.23093,"0;0.1;0.9"
23.9218,1.71974,2.29453,"1;1.20043;1.44101;1.50073;1.57183;1.6841;1.74968;1.96426;2.32102;2.51619;2.82271;3.13712;3.50249;3.7999;4.06893;4.38323;4.73384;5.17249;5.49079;5.84338;6.24437;6.45423;6.88017;7.11305;7.4219;7.76177;8.25957;8.50766;8.92552;9.15164;9.56579;9.91274;10.2789;10.7222;11.0774;11.2313;11.7262;12.1481;12.3192;12.6483;13.1016;13.5214;13.9888;14.2799;14.7341;15.0301;15.3985;15.7181;16.1688;16.4334;16.7698;17.191;17.5328;17.9208;18.3355;18.8105;19.0042;19.3127;19.7782;20.2518;20.47;20.9388;20.9677;21.0239;20.8928;20.9095;20.9824;21","15;14.73;14.3167;14.0159;13.7021;13.2162;12.9352;12.8917;12.6939;12.666;12.5982;12.6898;12.6872;12.7063;12.6457;12.7683;12.8333;12.7304;12.7123;12.7048;12.6393;12.625;12.7266;12.803;12.7667;12.7279;12.7278;12.6599;12.8443;12.8655;12.7601;12.7728;12.7322;12.5526;12.5561;12.5954;12.5303;12.4831;12.5492;12.6212;12.6935;12.7971;12.7694;12.7338;12.6962;12.6656;12.735;12.6583;12.6809;12.6528;12.6985;12.5974;12.5663;12.7041;12.7619;12.6229;12.6373;12.6517;12.8114;12.8353;12.8531;12.9708;13.2395;13.7234;14.1944;14.4165;14.796;15",2.21789,"0;0.133333;0.866667"
24.7269,1.54424,2.36863,"1;1.24605;1.52929;1.63346;1.85357;1.92672;1.98486;1.9828;2.41072;2.81117;3.23374;3.60852;4.08579;4.20527;4.6548;5.09959;5.24574;5.6404;5.8697;6.02993;6.51827;6.93372;7.32458;7.75951;8.07381;8.48399;8.75713;9.18476;9.66614;10.1507;10.5282;10.9579;11.4078;11.7926;11.9614;12.2371;12.5398;12.8044;13.1905;13.6765;14.036;14.4313;14.682;15.104;15.5709;15.6322;16.1204;16.3184;16.7515;17.1964;17.4916;17.5223;18.0098;18.3629;18.723;19.0577;19.4705;19.8223;20.2143;20.6117;21.0448;21.2695;21.2545;21.2675;21.269;21.1614;21.063;21","15;14.7705;14.4184;14.1517;13.7332;13.4879;13.1252;12.9395;12.6849;12.8322;12.8283;12.625;12.523;12.5173;12.4739;12.4759;12.5031;12.4224;12.302;12.1481;12.1101;12.0561;12.0565;12.0675;11.9395;11.8152;11.8504;11.7704;11.8347;11.8413;11.8225;11.889;11.8525;11.8637;11.9554;12.1219;12.0886;12.0826;12.1173;12.2166;12.4135;12.5621;12.6795;12.6948;12.7569;12.7367;12.8389;12.7847;12.6755;12.7666;12.7409;12.7529;12.6446;12.6322;12.6624;12.5134;12.3721;12.574;12.7859;12.7915;12.9288;12.7692;13.1775;13.4624;13.8836;14.2463;14.678;15",2.23123,"0;0.166667;0.833333"
24.0064,1.96525,2.28684,"1;1.13218;1.1338;1.19818;1.38446;1.56666;1.76508;1.92287;2.22355;2.66544;3.03259;3.51106;3.99566;4.25842;4.50763;4.84141;5.14349;5.52481;6.01429;6.49945;6.83614;7.12078;7.49221;7.85216;8.24036;8.73034;9.12546;9.57673;9.97893;10.4323;10.8113;11.1386;11.4584;11.8213;12.1803;12.6481;12.6908;12.9596;13.3777;13.6318;14.0939;14.1965;14.6193;14.9189;15.2496;15.6914;16.1378;16.5233;16.973;17.3777;17.7585;17.8725;18.2226;18.4139;18.879;19.3062;19.7808;20.2326;20.547;20.9913;20.9764;20.9468;20.8916;20.9361;21.014;21","15;14.766;14.4717;14.0959;13.7424;13.2952;12.9198;12.8926;12.6691;12.7013;12.6164;12.5188;12.4786;12.409;12.3503;12.3801;12.3725;12.3903;12.3798;12.3071;12.3636;12.434;12.1754;12.1554;12.1175;12.2098;12.2249;12.2423;12.2026;12.291;12.3277;12.2363;12.2128;12.1178;12.2331;12.2191;12.2312;12.2253;12.1285;12.063;12.0903;12.1296;12.1529;12.2663;12.2748;12.2611;12.1895;12.2113;12.2957;12.2957;12.3804;12.4576;12.5751;12.6015;12.6636;12.7344;12.7874;12.9002;12.9014;12.918;13.2604;13.7477;14.1833;14.4052;14.8541;15",2.22252,"0;0.2;0.8"
24.6513,2.06928,2.34055,"1;1.05372;1.1593;1.2612;1.39337;1.51207;1.74453;1.91554;2.17826;2.16003;2.15027;2.30371;2.68673;3.10167;3.38043;3.55124;3.75903;4.1046;4.27014;4.70059;5.08195;5.53348;5.63871;6.09483;6.52072;6.96631;7.31575;7.63946;7.80089;8.18784;8.577;8.87268;9.10274;9.53972;10.0394;10.1861;10.489;10.9487;11.3609;11.7709;12.1343;12.5643;12.9747;13.2926;13.6683;14.0929;14.4266;14.911;15.3955;15.7707;16.1817;16.3809;16.8354;17.219;17.6897;18.08;18.3642;18.8585;19.0931;19.4978;19.7795;20.2127;20.4676;20.6569;20.599;20.6683;20.8418;20.8913;21.0458;21","15;14.8625;14.5027;14.0393;13.6071;13.1289;12.9808;12.8771;12.7225;12.4861;12.4163;12.232;12.3174;12.2999;12.4697;12.5967;12.6398;12.6996;12.6724;12.6328;12.5456;12.4938;12.4883;12.4964;12.5897;12.6175;12.5473;12.4582;12.403;12.4284;12.458;12.5674;12.5252;12.5856;12.5892;12.5662;12.8177;12.8223;12.6447;12.5303;12.6016;12.8204;12.8195;12.7777;12.7357;12.7829;12.721;12.6844;12.6917;12.7843;12.624;12.6937;12.4882;12.4392;12.4633;12.4142;12.367;12.4078;12.3859;12.3223;12.2442;12.3634;12.5108;12.9412;13.2989;13.6238;14.0215;14.2398;14.5477;15",2.27726,"0;0.233333;0.766667"
25.2273,1.7343,2.39144,"1;1.30051;1.40963;1.42237;1.46849;1.67055;1.83263;1.95314;2.3201;2.73194;2.97293;3.18311;3.51641;3.89665;4.3445;4.51182;4.92791;5.27941;5.51828;5.9973;6.43071;6.73934;6.8433;7.3321;7.75702;8.08383;8.45474;8.79275;9.26686;9.70216;10.014;10.238;10.6838;11.0179;11.1641;11.575;11.8701;12.2961;12.6115;12.7738;12.9881;13.4822;13.7973;14.2254;14.5275;14.6617;15.1032;15.4376;15.6648;15.7832;16.2454;16.65;16.8332;17.2931;17.6842;18.0644;18.3025;18.5917;18.9962;19.4442;19.8078;20.2248;20.4523;20.6693;20.9449;20.9147;21.0265;21.1358;21.1972;21.1121;21","15;14.8263;14.4833;14.2783;13.9406;13.4894;13.1113;12.8021;12.5531;12.5171;12.828;12.8038;12.7247;12.6069;12.4426;12.4051;12.4853;12.4424;12.3526;12.2759;12.3167;12.3195;12.2672;12.2959;12.3908;12.3245;12.3648;12.3662;12.2963;12.4793;12.4277;12.6385;12.651;12.4207;12.021;11.7643;11.6586;11.5638;11.741;11.7324;11.7114;11.766;11.8368;11.669;11.8013;11.9446;12.1494;12.0831;12.1197;12.1141;12.0891;12.1458;12.0591;12.0114;12.2422;12.3374;12.3932;12.4295;12.2663;12.331;12.2521;12.2746;12.593;12.7832;12.9666;13.3286;13.8042;14.0631;14.5406;14.8385;15",2.21621,"0;0.266667;0.733333"
23.8467,1.50534,2.48374,"1;1.12136;1.35498;1.55093;1.77421;1.91137;2.05796;2.08889;2.19953;2.6273;3.05091;3.53521;3.77155;4.13301;4.5129;4.75257;5.07023;5.4205;5.66864;6.03151;6.26895;6.76276;7.18984;7.61936;8.1098;8.43856;8.76928;9.15551;9.41326;9.81255;10.1813;10.6316;11.0269;11.4304;11.7585;12.1356;12.5576;12.9898;13.4454;13.7077;14.0179;14.4772;14.7419;15.1635;15.4476;15.7098;16.1718;16.6592;17.0901;17.4266;17.8745;18.1483;18.4149;18.6953;19.0933;19.5448;20.0187;20.459;20.6007;20.6398;20.6699;20.6888;20.8243;20.6744;21","15;14.9667;14.5921;14.2756;13.9265;13.7666;13.3102;13.2248;12.8168;12.7317;12.766;12.8223;12.699;12.5288;12.6929;12.6306;12.4781;12.2638;12.1527;12.1676;12.1597;12.0939;11.9637;11.908;12.0054;12.0459;12.0586;12.1141;12.1961;12.1343;12.267;12.3577;12.4201;12.3674;12.4186;12.3799;12.1643;12.2045;12.07;12.0591;11.9431;11.9232;12.0457;12.0803;12.1101;12.0843;12.1554;12.2662;12.2308;12.3335;12.4339;12.4252;12.5094;12.5683;12.6754;12.7179;12.7415;12.7541;13.2134;13.3362;13.8166;13.8948;14.3761;14.7033;15",2.19022,"0;0.3;0.7"
24.0667,1.49896,2.43554,"1;1.22788;1.52636;1.75029;1.72942;1.89703;2.07784;2.35387;2.44182;2.91327;3.30382;3.59509;3.89671;4.27055;4.50186;4.93544;5.38779;5.73313;6.2016;6.56514;6.89314;7.1709;7.6311;8.08147;8.30936;8.71287;8.94093;9.24761;9.57628;9.83275;10.1846;10.6062;11.0025;11.3001;11.6769;12.0451;12.2989;12.6755;12.7931;13.2484;13.6535;13.8754;14.3203;14.6841;15.1395;15.4696;15.9545;16.3525;16.8309;17.1603;17.3954;17.8449;18.2955;18.6965;18.9563;19.4138;19.6237;20.106;20.57;20.8693;20.8725;21.0244;21.059;21.1088;21.185;21","15;14.8334;14.4798;14.0818;13.9059;13.4586;13.1274;12.7387;12.6814;12.5964;12.3613;12.4833;12.5937;12.5771;12.6916;12.6057;12.605;12.644;12.6733;12.7339;12.7693;12.6409;12.7081;12.8849;12.7806;12.8531;12.8234;12.7359;12.8491;12.9273;12.7958;12.8192;12.8418;12.8618;12.8627;12.8773;12.7966;12.7037;12.6857;12.6084;12.6012;12.6302;12.661;12.6334;12.7529;12.8299;12.7899;12.7216;12.7045;12.6859;12.6925;12.6438;12.7069;12.5461;12.56;12.5206;12.5987;12.6484;12.6331;12.7382;13.1387;13.5449;13.9964;14.3215;14.671;15",2.12335,"0;0.333333;0.666667"
23.8769,1.47015,2.4632,"1;1.30974;1.51978;1.83633;1.92547;2.04484;2.2321;2.10745;2.47013;2.83376;3.25674;3.67574;4.07872;4.34369;4.79971;4.9665;5.3425;5.78041;5.9158;6.31763;6.77166;7.04251;7.48979;7.77829;8.17944;8.55126;8.92024;9.36344;9.6585;10.1253;10.5648;10.972;11.0747;11.5242;11.7314;12.0629;12.5052;12.8511;13.3082;13.7474;14.2354;14.4354;14.8787;15.3589;15.7592;15.9695;16.3038;16.5522;17.0004;17.313;17.7771;18.1299;18.38;18.6505;19.1;19.4721;19.8353;20.2192;20.6784;20.7486;20.7895;20.7381;20.751;20.8943;21","15;14.7417;14.345;14.175;14.002;13.7583;13.3102;12.9712;12.8217;12.5937;12.4883;12.386;12.3512;12.3413;12.2945;12.344;12.2475;12.2395;12.2887;12.1877;12.1159;12.038;12.0646;12.1225;12.1992;12.3345;12.3835;12.4216;12.3934;12.5011;12.573;12.5843;12.5723;12.5357;12.3893;12.4222;12.5035;12.608;12.692;12.755;12.7622;12.7387;12.7628;12.7154;12.7408;12.8005;12.9067;12.913;12.9027;12.624;12.5995;12.6657;12.7567;12.8313;12.8038;12.6585;12.7194;12.8165;12.8115;13.1872;13.535;13.7919;14.1226;14.5793;15",2.09908,"0;0.366667;0.633333"
23.6459,1.38848,2.4438,"1;1.37342;1.58062;1.70753;1.89114;2.16376;2.20806;2.24988;2.49097;2.96306;3.26987;3.6494;4.05148;4.53287;4.93022;5.03639;5.48389;5.60174;5.9561;6.23041;6.72675;7.20451;7.68625;8.1659;8.58433;9.00874;9.26408;9.672;9.88275;10.1863;10.4408;10.8016;11.1333;11.5626;11.7891;12.0948;12.4876;12.9029;13.2297;13.6489;13.9701;14.3173;14.6229;15.02;15.4889;15.7576;16.0227;16.4287;16.7232;17.1898;17.6291;18.0918;18.297;18.7792;19.1515;19.5595;19.7312;20.1513;20.4231;20.7603;20.735;20.7682;20.8568;20.9455;21","15;14.7513;14.5156;14.3571;14.0751;13.7581;13.3857;12.9092;12.7843;12.6509;12.6124;12.5681;12.4596;12.47;12.4423;12.421;12.3966;12.4286;12.4241;12.3947;12.3403;12.3891;12.4158;12.4063;12.3726;12.3506;12.3769;12.329;12.2925;12.2593;12.3076;12.3335;12.3412;12.3376;12.4144;12.4849;12.5844;12.6874;12.6474;12.7691;12.9318;12.9026;12.9023;12.8944;12.977;12.9239;12.8025;12.692;12.7354;12.6737;12.6011;12.5357;12.4162;12.4349;12.5192;12.5548;12.5163;12.6315;12.7647;12.8416;13.2744;13.713;14.205;14.6971;15",2.02167,"0;0.4;0.6"
24.0071,1.27968,2.60713,"1;1.49642;1.68769;1.90241;2.11457;2.31422;2.42194;2.59822;2.66442;2.74653;3.19193;3.56718;3.83763;4.17708;4.62064;4.79647;5.27313;5.64442;5.92153;6.33484;6.81069;7.06196;7.51048;7.7634;8.12872;8.29751;8.75667;9.02023;9.43035;9.71143;10.0251;10.4539;10.559;11.0066;11.32;11.7009;12.167;12.4734;12.9548;13.2254;13.5447;13.7312;14.1767;14.539;14.8401;15.2397;15.6102;15.9821;16.4663;16.8883;17.1884;17.6649;17.9655;18.3655;18.7383;19.2167;19.6304;20.1012;20.3948;20.6115;21.0936;21.0453;21.0019;21.1096;20.954;21","15;14.9402;14.7068;14.3962;14.1439;13.7691;13.5666;13.191;13.0238;12.8563;12.9018;12.9957;12.928;12.9647;12.9788;12.9626;12.8749;12.9225;12.8792;12.8275;12.981;12.9455;12.7959;12.7665;12.8496;12.8675;12.8633;12.7888;12.7314;12.5306;12.428;12.3062;12.3146;12.3437;12.3835;12.3711;12.4711;12.344;12.2675;12.4532;12.5982;12.7025;12.7346;12.7756;12.7941;12.8713;12.7319;12.6799;12.7775;12.8129;12.8635;12.9205;12.7838;12.9618;12.8019;12.776;12.858;12.7888;12.7711;12.8143;12.8962;13.383;13.723;14.1258;14.5976;15",2.0319,"0;0.433333;0.566667"
23.9983,1.57724,2.35227,"1;1.24425;1.45457;1.61151;1.6795;1.88356;1.92292;2.00117;2.47492;2.88439;3.29969;3.71662;4.15861;4.2891;4.7809;5.03748;5.26097;5.6794;6.17854;6.50488;6.84632;7.27001;7.58696;8.06873;8.54395;8.87311;9.0467;9.52104;9.8648;10.193;10.4724;10.6964;11.0614;11.5291;11.9471;12.3246;12.7633;12.9897;13.4874;13.9158;14.3285;14.7561;15.1484;15.5539;15.9263;16.3382;16.6752;17.0109;17.4804;17.9226;18.311;18.4244;18.8383;19.2724;19.6791;20.0346;20.5142;20.7858;20.8363;20.8767;20.8112;20.7814;20.9067;21","15;14.7536;14.3874;14.0924;13.9511;13.5189;13.0252;12.8294;12.7361;12.94;12.8478;12.8122;12.7679;12.7606;12.772;12.6821;12.5365;12.3925;12.3651;12.1981;12.1586;12.0693;12.0787;12.1568;12.0722;12.233;12.1298;12.1893;12.1303;12.2537;12.3588;12.4505;12.6042;12.5429;12.5295;12.3933;12.4451;12.4338;12.4483;12.4701;12.5637;12.6531;12.9562;12.9501;12.971;12.9336;12.9214;12.7827;12.752;12.5917;12.6617;12.6242;12.7576;12.7979;12.8586;12.9111;12.9337;12.9252;13.3902;13.6151;14.0664;14.3939;14.7331;15",1.99059,"0;0.466667;0.533333"
23.9852,1.3741,2.65459,"1;1.3919;1.51739;1.76283;1.90873;2.13265;2.25662;2.28567;2.36363;2.55126;3.00119;3.30946;3.74309;4.14507;4.49876;4.93264;5.36741;5.76282;6.09697;6.57776;6.78775;7.15049;7.40782;7.78705;8.08102;8.47815;8.95969;9.11633;9.53896;9.80041;10.0919;10.3573;10.7263;11.0635;11.4868;11.9372;12.1897;12.5731;12.8357;13.2839;13.7474;13.9568;14.4365;14.5556;14.8882;15.035;15.5011;15.917;16.1216;16.5017;16.9693;17.4148;17.7302;18.136;18.5355;18.8397;19.0358;19.3695;19.6569;19.9998;20.2336;20.2195;20.3047;20.3989;20.4128;20.4037;20.7627;21","15;14.9399;14.8406;14.4178;14.0536;13.793;13.4474;12.9796;12.9416;12.9747;12.823;12.6341;12.5154;12.6645;12.6251;12.6147;12.5513;12.3869;12.4381;12.4119;12.2984;12.2731;12.5777;12.5571;12.5337;12.4022;12.3329;12.3572;12.322;12.2015;12.1424;12.0598;12.0768;12.1679;12.0635;11.8965;11.7531;11.6134;11.5578;11.7511;11.9188;12.2258;12.2115;12.3278;12.4258;12.5112;12.6325;12.5977;12.6368;12.8536;12.6828;12.727;12.6888;12.6606;12.4981;12.5364;12.5523;12.7045;12.7906;12.9162;13.0024;13.4941;13.8016;14.0429;14.4554;14.5488;14.826;15",2.01435,"0;0.5;0.5"
24.2105,1.36581,2.52525,"1;1.25881;1.58638;1.93741;2.12738;2.33954;2.44558;2.4515;2.52771;2.91659;3.35302;3.8502;4.31492;4.66206;5.04439;5.30257;5.58866;5.92416;6.31663;6.80895;7.10644;7.46574;7.86285;8.25649;8.56962;8.77425;9.10437;9.34337;9.76815;10.0859;10.3376;10.7292;10.9427;11.3536;11.6867;11.9912;12.1738;12.6301;12.9837;13.4715;13.6091;14.0245;14.2897;14.749;15.2405;15.6962;15.9826;16.2967;16.6561;17.0937;17.5648;17.9252;18.1134;18.5107;18.9841;19.3864;19.7578;20.1388;20.5481;20.7173;20.761;20.7618;20.8037;20.7977;20.9154;21","15;14.8602;14.5601;14.3368;14.0109;13.7048;13.3348;13.1344;12.6652;12.3656;12.2324;12.1829;11.9993;12.0549;12.3076;12.2553;12.2176;12.0927;11.8641;11.8318;11.8211;11.7387;11.6644;11.6665;11.7475;11.74;11.8226;11.685;11.8568;11.9601;11.9967;12.1842;12.2153;12.2571;12.3296;12.5019;12.5739;12.5907;12.5931;12.5311;12.5286;12.4307;12.5881;12.4599;12.3818;12.3482;12.3601;12.4033;12.4609;12.4197;12.418;12.5301;12.4534;12.4134;12.4495;12.4802;12.4682;12.5085;12.5942;12.769;13.0388;13.507;13.9052;14.2926;14.5902;15",1.90688,"0;0.533333;0.466667"
23.4614,1.18778,2.70886,"1;1.43337;1.64634;2.02366;2.22075;2.42141;2.67199;2.87461;3.01644;3.46527;3.56065;4.01619;4.16034;4.62546;4.87421;5.33713;5.67025;6.01134;6.44214;6.83528;7.18653;7.4553;7.78982;8.21875;8.49997;8.93835;9.03385;9.47233;9.62994;9.96779;10.4138;10.8928;11.2617;11.5155;11.8356;12.239;12.5733;13.0543;13.3078;13.6576;14.0803;14.3538;14.5799;15.0501;15.3685;15.7745;16.0695;16.4652;16.6702;17.1199;17.4576;17.806;18.053;18.3224;18.6791;18.9054;19.2223;19.6747;20.04;20.5331;20.88;20.9753;20.8685;20.7735;20.9216;21.0477;21","15;14.8374;14.7238;14.4683;14.2315;14.0772;13.8148;13.4023;12.9855;12.9265;12.927;12.8719;12.8686;12.7889;12.7513;12.6758;12.7003;12.7806;12.7419;12.6821;12.5621;12.45;12.4905;12.2895;12.2468;12.2931;12.2877;12.2917;12.396;12.4022;12.4132;12.5274;12.4931;12.485;12.5485;12.6476;12.661;12.7017;12.7661;12.8027;12.7093;12.8017;12.8273;12.905;12.8895;12.8823;12.9576;12.7476;12.8369;12.8239;12.7548;12.9026;12.8129;12.7841;12.7577;12.7466;12.8081;12.8121;12.8032;12.789;12.9096;13.0093;13.4862;13.9619;14.3409;14.6456;15",1.84691,"0;0.566667;0.433333"
24.0604,1.25683,2.60029,"1;1.42563;1.77636;2.12186;2.27823;2.42175;2.53886;2.6302;2.71774;3.13357;3.39017;3.69374;3.94366;4.38343;4.76228;5.08291;5.36701;5.69768;6.13201;6.59218;7.03672;7.47953;7.97122;8.44876;8.90803;9.31359;9.59211;9.87481;10.2029;10.5418;10.9817;11.3443;11.6567;12.1258;12.5753;13.029;13.3676;13.7504;14.1799;14.5029;14.6945;15.0765;15.5575;15.8777;16.2941;16.6479;16.8647;17.3582;17.7076;17.9619;18.324;18.6392;19.0458;19.4101;19.7359;19.9921;20.4652;20.618;21.0576;21.0897;21.0734;21.1679;21.182;20.9987;21","15;14.8509;14.6123;14.2978;13.9752;13.7351;13.484;13.1178;12.9576;12.832;12.7284;12.5322;12.5052;12.383;12.4173;12.2942;12.1597;12.0978;11.8956;11.7305;11.808;11.7198;11.7959;11.8147;11.9768;12.0506;12.0025;11.9858;12.244;12.302;12.2198;12.1575;12.1041;12.1101;12.2417;12.2278;12.2293;12.3106;12.4165;12.5887;12.6886;12.8365;12.9003;12.8753;12.9311;12.9287;12.9174;12.8957;12.904;12.9592;12.881;12.9722;12.895;12.8504;12.7707;12.7692;12.8189;12.73;12.7878;13.1419;13.4414;13.8764;14.277;14.7412;15",1.79422,"0;0.6;0.4"
23.1581,1.29463,2.62505,"1;1.34745;1.6847;1.92355;2.26075;2.42715;2.57167;3.06501;3.26084;3.72918;4.20608;4.38101;4.7151;5.01346;5.45789;5.72123;6.11879;6.46673;6.88054;7.08954;7.56245;7.85667;8.04588;8.36689;8.57314;8.98901;9.1152;9.58841;10.0208;10.4108;10.7697;11.2345;11.5257;11.9247;12.1412;12.4854;12.6967;13.1169;13.4962;13.7902;14.2695;14.5784;14.9414;15.2775;15.7545;16.1679;16.5406;16.963;17.2196;17.6003;18.0765;18.4966;18.8138;19.2746;19.6907;19.8687;20.2587;20.2968;20.3104;20.3265;20.4782;20.5129;20.9035;21","15;14.7642;14.4624;14.1268;13.762;13.2968;12.9692;12.9984;12.9684;12.9486;12.9974;12.8786;12.8786;12.8256;12.7915;12.7783;12.8878;12.9477;12.9342;12.8944;12.7523;12.6965;12.6157;12.5419;12.5379;12.4872;12.4545;12.5217;12.5346;12.5791;12.6229;12.5788;12.6233;12.5121;12.5274;12.5192;12.474;12.4514;12.5984;12.6222;12.605;12.5598;12.8391;12.9622;12.9119;12.6632;12.7928;12.8948;12.9219;12.9757;12.9594;12.8576;12.7768;12.8063;12.8441;12.8529;12.905;13.1564;13.6029;13.9642;14.3796;14.5602;14.771;15",1.78245,"0;0.633333;0.366667"
24.348,1.21734,2.7895,"1;1.29434;1.59655;1.90608;2.19612;2.40293;2.74428;2.95946;2.99175;3.13428;3.40608;3.88685;4.2016;4.46736;4.88583;5.29635;5.67289;6.14403;6.59314;7.0348;7.43293;7.90368;8.3605;8.73916;9.04187;9.50698;9.98068;10.281;10.6515;10.9649;11.2635;11.5359;11.9241;12.3582;12.7001;12.9828;13.3654;13.6604;13.9777;14.2958;14.6298;15.0985;15.5431;15.8549;16.036;16.2118;16.6927;17.0294;17.3673;17.5162;17.7715;18.1299;18.4215;18.7465;19.1182;19.6099;19.9961;20.477;20.5552;20.6372;20.6448;20.8708;20.9366;21","15;14.9448;14.9161;14.783;14.4083;14.1293;13.8388;13.3887;13.1763;12.7375;12.5113;12.4378;12.3894;12.5045;12.4;12.4325;12.4487;12.4742;12.4043;12.1753;12.2569;12.299;12.4536;12.2941;12.1698;12.2172;12.2861;12.0997;11.7804;11.7267;11.9684;12.3319;12.3477;12.4704;12.5062;12.1589;12.097;11.8291;11.6745;11.5142;11.6133;11.6424;11.6427;11.7425;11.7572;11.7054;11.793;11.871;12.0269;12.0752;12.4367;12.5258;12.58;12.7175;12.6974;12.7762;12.9754;12.9531;13.4004;13.7422;13.8226;14.2114;14.616;15",1.74139,"0;0.666667;0.333333"
24.3376,1.21759,2.71056,"1;1.46876;1.69121;2.02878;2.22831;2.43363;2.63606;2.78315;2.89732;2.93574;3.2246;3.65141;3.83326;4.06293;4.33383;4.66002;5.00705;5.34373;5.77776;6.20559;6.65866;7.1502;7.56748;7.79328;8.26811;8.5446;9.02542;9.29602;9.74244;9.99161;10.4374;10.9006;11.3235;11.7187;12.146;12.3597;12.6642;12.7215;13.0628;13.2761;13.7206;14.1715;14.4679;14.8891;15.3845;15.7362;16.2245;16.5529;17.004;17.4615;17.8857;18.1606;18.5406;18.8802;19.1954;19.561;19.9481;20.1733;20.4809;20.8084;21.1717;21.2219;21.1605;21.2217;21.1803;21.0928;21","15;14.826;14.7457;14.5738;14.4024;14.1161;13.9483;13.5619;13.3325;12.9037;12.7097;12.5906;12.532;12.5218;12.5239;12.6158;12.6974;12.7187;12.5719;12.3997;12.3259;12.3007;12.3019;12.2895;12.1558;11.9207;11.952;11.9884;11.9659;11.828;11.7756;11.7909;11.9049;12.025;12.1429;12.2129;12.3127;12.3843;12.638;12.8462;12.9204;12.9547;12.9214;12.9449;12.8859;12.8415;12.8891;12.9213;12.8954;12.862;12.9848;12.8554;12.7138;12.9232;12.8379;12.6256;12.6469;12.7116;12.7683;12.8548;12.8834;13.0514;13.3959;13.8835;14.2996;14.7325;15",1.66548,"0;0.7;0.3"
24.12,1.20634,2.70921,"1;1.16887;1.60444;1.80125;2.01162;2.31438;2.5813;2.75475;3.02839;3.1621;3.39328;3.7888;4.05398;4.31821;4.77546;5.21275;5.59152;6.07689;6.1931;6.55625;6.74799;6.95457;7.24328;7.50162;7.82196;8.2483;8.72524;9.12261;9.31509;9.77933;10.122;10.3945;10.8502;11.3372;11.6601;11.9185;12.3377;12.7321;13.2161;13.7018;14.1438;14.5422;14.7895;15.2061;15.4846;15.8742;16.2808;16.6674;17.1093;17.5456;17.9587;18.4391;18.7564;19.1919;19.5557;19.9234;20.3851;20.8538;20.8423;20.8793;20.9322;20.971;21","15;14.9751;14.7698;14.5699;14.4101;14.0888;13.7376;13.4566;13.2444;12.9726;12.8845;12.7487;12.6025;12.5663;12.4704;12.3025;12.23;12.2167;12.1484;12.0578;11.7792;11.3721;11.5158;11.4195;11.4351;11.359;11.2979;11.3474;11.3779;11.3186;11.4343;11.5853;11.7777;11.8187;12.0306;12.2239;12.3943;12.3816;12.4085;12.481;12.268;12.5556;12.7487;12.6925;12.6597;12.7467;12.7869;12.6797;12.7942;12.8198;12.8107;12.8858;12.6185;12.5054;12.616;12.6832;12.8285;12.9682;13.3531;13.7959;14.191;14.517;15",1.60711,"0;0.733333;0.266667"
23.162,1.14665,2.97535,"1;1.45434;1.83741;2.23586;2.54863;2.91493;2.94649;3.19767;3.429;3.65443;4.13483;4.20151;4.6866;5.06617;5.36175;5.61095;5.95523;6.35581;6.55511;6.79023;7.12249;7.45397;7.94638;8.27098;8.58393;8.80015;9.27344;9.74708;10.0986;10.4593;10.7974;11.228;11.3104;11.4853;11.8916;12.0887;12.4639;12.7878;13.2198;13.679;13.7258;14.1075;14.5383;14.7623;15.103;15.559;15.9969;16.4461;16.8248;17.2738;17.4945;17.9677;18.0605;18.4996;18.9238;19.3956;19.6253;19.9014;20.1498;20.4973;20.5019;20.6135;20.7515;20.8884;20.9413;20.9075;21","15;15.0497;14.7373;14.5152;14.281;13.974;13.9342;13.5956;13.2209;12.9622;12.9408;12.9755;12.9566;12.8807;12.9222;12.9684;12.8799;12.6903;12.6065;12.5257;12.5849;12.4631;12.5365;12.5774;12.5276;12.5935;12.6436;12.5846;12.664;12.7338;12.4889;12.288;12.2519;12.2307;12.1159;12.1563;12.1328;12.043;11.8962;11.9007;11.9652;11.9677;12.0206;12.0845;12.2017;12.2455;12.4453;12.4321;12.6805;12.7512;12.7527;12.7326;12.6711;12.762;12.8171;12.8746;12.8437;12.8653;12.9122;12.9325;13.2148;13.5086;13.7225;13.9649;14.4387;14.7313;15",1.57334,"0;0.766667;0.233333"
23.544,1.18753,2.81565,"1;1.17726;1.62822;2.03824;2.40934;2.54037;2.78669;2.9956;3.08763;3.26812;3.36715;3.69771;3.97409;4.22163;4.58692;4.76865;5.19275;5.65315;5.96668;6.32576;6.68745;6.74275;7.23058;7.64922;8.09043;8.44152;8.77038;9.22721;9.44117;9.8567;10.2382;10.7136;11.0011;11.3063;11.5384;11.9112;12.3849;12.8827;13.2598;13.6918;14.032;14.4171;14.7882;14.9435;15.3154;15.6921;15.9787;16.4415;16.7338;16.9688;17.2634;17.6218;17.7955;18.2681;18.7224;19.129;19.496;19.9543;20.4226;20.5392;20.5344;20.5242;20.6145;20.7537;20.8171;21","15;14.9587;14.8138;14.6918;14.4123;14.1506;13.9264;13.5162;13.2487;12.8032;12.7641;12.4549;12.4365;12.392;12.3714;12.8024;12.9518;12.9433;12.9777;12.9438;12.9454;12.9474;12.8577;12.8389;12.8751;12.9138;12.8946;12.8958;12.9645;12.8315;12.8346;12.8506;12.7665;12.7605;12.7393;12.7547;12.8267;12.8399;12.6895;12.8572;12.9696;12.9844;12.9925;12.9687;12.8716;12.766;12.6302;12.4994;12.4617;12.4904;12.4881;12.5397;12.5349;12.6222;12.6497;12.7225;12.9292;12.9141;12.9438;12.9538;13.091;13.4993;13.7404;14.1994;14.5779;15",1.51315,"0;0.8;0.2"
22.9067,1.12114,2.97758,"1;1.44522;1.75761;2.13543;2.47812;2.76992;3.09152;3.34556;3.46108;3.56479;4.01986;4.2051;4.44139;4.89247;5.33144;5.45174;5.49158;5.96087;6.3053;6.53998;6.99102;7.46275;7.91749;8.0592;8.35897;8.81254;9.23214;9.43521;9.87365;10.3252;10.3935;10.6027;10.8921;11.21;11.6086;11.8344;12.2002;12.6641;13.0931;13.3876;13.7718;14.2455;14.4244;14.8981;15.3289;15.4607;15.8728;16.1471;16.3955;16.7191;17.011;17.4364;17.7643;18.2422;18.6792;19.1482;19.5579;19.9844;20.2826;20.5135;20.6758;20.6785;20.8078;20.9;21","15;14.9378;14.848;14.7677;14.5118;14.2322;13.8766;13.5017;13.2489;12.9059;12.7246;12.7043;12.6939;12.8912;12.888;12.9003;12.8973;12.8704;12.8002;12.7849;12.7502;12.7128;12.6783;12.6366;12.6113;12.5803;12.5205;12.4784;12.4359;12.5125;12.5322;12.6577;12.622;12.5886;12.6073;12.6788;12.7536;12.9084;12.9098;12.9121;12.7331;12.671;12.8228;12.7054;12.5361;12.4917;12.4705;12.4836;12.5653;12.597;12.6106;12.7778;12.8858;12.9112;12.8394;12.8295;12.9877;12.9351;12.9848;13.3172;13.7593;13.9454;14.3967;14.7221;15",1.43055,"0;0.833333;0.166667"
23.0105,1.11511,2.98502,"1;1.4752;1.81883;1.96475;2.14741;2.48724;2.63234;2.99599;3.22005;3.57084;3.72108;3.88136;4.14163;4.45097;4.91889;5.342;5.80148;6.28525;6.7162;7.13426;7.35942;7.63589;7.99308;8.41551;8.79858;9.27071;9.54136;9.83566;10.2059;10.6982;10.9374;11.2819;11.427;11.8083;12.0208;12.5021;12.7666;13.1548;13.4986;13.6432;14.0807;14.2409;14.6675;15.1169;15.4331;15.8422;16.233;16.3915;16.7769;17.229;17.5978;17.9355;18.3619;18.623;18.9335;19.3685;19.784;20.1981;20.6263;20.7644;20.8134;20.8571;20.9227;21.0642;21.0541;21","15;14.9764;14.7839;14.7008;14.5922;14.4268;14.2882;13.9475;13.7241;13.4102;13.0905;12.8665;12.8558;12.9025;12.9626;12.8934;12.868;12.9944;12.9623;12.9296;12.9075;12.9102;12.8954;12.8881;12.9434;12.8097;12.9251;12.9183;12.9356;12.9248;12.8445;12.942;12.9718;12.885;12.8306;12.8888;12.9183;12.8387;12.9514;12.9714;12.9681;12.9228;12.9448;12.9303;12.9825;12.8612;12.7746;12.7809;12.715;12.884;12.7299;12.7704;12.6624;12.6391;12.7485;12.7438;12.7716;12.855;12.95;12.9844;13.1778;13.5165;13.7162;14.1809;14.5892;15",1.36443,"0;0.866667;0.133333"
22.7137,1.07057,3.36113,"1;1.31511;1.80873;2.22696;2.61104;3.01768;3.08681;3.49494;3.78686;4.01506;4.23844;4.52284;4.90112;5.24869;5.72176;6.19125;6.67052;7.08955;7.42254;7.90853;8.19366;8.55678;9.03265;9.21259;9.62827;9.85938;10.2694;10.4961;10.8493;11.1469;11.5204;11.8839;12.1536;12.5312;12.984;13.3706;13.7278;14.0446;14.46;14.7552;15.1766;15.2727;15.6853;16.1078;16.5545;16.8105;17.0272;17.4952;17.9072;18.4013;18.8081;19.2707;19.6935;20.0113;20.3201;20.3854;20.4503;20.5456;20.7181;20.8143;21","15;14.9567;15.0035;14.8517;14.6587;14.4234;14.408;14.1314;13.8411;13.5931;13.3216;13.0069;12.8014;12.8887;12.892;12.9085;12.9428;12.9717;12.9606;12.8744;12.8888;12.8888;12.9853;12.8619;12.6489;12.7596;12.6308;12.4629;12.5678;12.5239;12.4937;12.4901;12.7018;12.5979;12.6538;12.5751;12.5254;12.5944;12.4877;12.5384;12.6092;12.5888;12.6126;12.6413;12.7014;12.7071;12.7076;12.6085;12.5429;12.5812;12.6273;12.765;12.7608;12.8864;12.9759;13.272;13.6968;13.913;14.3362;14.73;15",1.29963,"0;0.9;0.1"
22.6828,1.06992,3.68319,"1;1.36941;1.81422;2.1854;2.52758;2.81587;3.22095;3.52202;3.82558;4.02115;4.28185;4.67672;5.01535;5.09415;5.23704;5.53885;5.95227;6.29584;6.61408;6.92156;7.30574;7.66164;7.90208;8.0394;8.51828;8.9607;9.31046;9.72302;10.2051;10.5319;10.9056;11.1986;11.5988;11.9002;12.3764;12.636;12.9812;13.364;13.8102;14.2916;14.7286;15.0233;15.4894;15.929;16.229;16.6969;17.1774;17.2486;17.6658;18.079;18.4036;18.8408;19.154;19.6155;20.0672;20.1554;20.2358;20.2956;20.3747;20.6397;20.8619;21","15;15.1051;15.0352;14.9273;14.8366;14.7357;14.5585;14.2808;14.1192;13.827;13.7216;13.4551;13.1546;13.016;12.8678;12.5975;12.7226;12.6941;12.7781;12.5228;12.5002;12.4594;12.4178;12.3725;12.3074;12.2666;12.3156;12.3612;12.3798;12.4582;12.5087;12.6184;12.7344;12.8117;12.7043;12.6093;12.7226;12.7744;12.8386;12.8196;12.7385;12.6844;12.5822;12.587;12.5319;12.4356;12.3724;12.3958;12.4797;12.5185;12.5856;12.6878;12.7629;12.8875;12.9369;12.9439;13.3715;13.7169;14.187;14.4952;14.8503;15",1.24414,"0;0.933333;0.0666667"
22.1495,1.03425,4.31053,"1;1.41968;1.74969;2.02972;2.47901;2.97118;3.40356;3.75806;4.17404;4.29361;4.66174;5.00148;5.25625;5.60786;5.95106;6.28138;6.74416;7.23199;7.47298;7.87605;8.26383;8.71437;9.1599;9.3321;9.67401;9.95821;10.3283;10.7213;11.0329;11.4437;11.8974;11.9857;12.4708;12.7011;12.9126;13.3234;13.5581;14.0052;14.3067;14.7215;14.8902;15.2906;15.7065;16.0482;16.2565;16.5756;17.0398;17.3127;17.7484;17.8827;18.3807;18.7136;18.9878;19.4554;19.8464;19.9983;20.0675;20.2202;20.551;20.7215;20.8105;21","15;15.0785;14.9994;14.998;14.8305;14.7679;14.7053;14.5941;14.4963;14.4351;14.1896;13.9708;13.8059;13.6702;13.3687;13.0586;12.8799;12.7935;12.7444;12.9526;12.6837;12.7623;12.8026;12.856;12.8629;12.7998;12.8164;12.796;12.6579;12.5659;12.5774;12.5981;12.5783;12.5937;12.5982;12.6154;12.7464;12.8172;12.8481;12.9316;12.9001;12.9009;12.8895;12.7852;12.7514;12.6818;12.6959;12.6984;12.6816;12.6621;12.7012;12.7199;12.8505;12.7738;13.0183;13.2525;13.4708;13.7298;14.0557;14.4187;14.5994;15",1.14346,"0;0.966667;0.0333333"
20.7064,0.990526,10.3532,"1;1.17081;1.51365;1.75222;2.22801;2.68588;3.11127;3.5656;3.8158;4.18737;4.43558;4.86463;5.29967;5.77726;6.20371;6.5512;7.02921;7.46003;7.66715;8.01093;8.37367;8.87093;9.34536;9.52513;9.97827;10.3858;10.665;11.1066;11.3601;11.8077;12.2164;12.6179;12.9863;13.4282;13.8355;14.3201;14.5772;14.9144;15.3366;15.6829;15.8517;16.1786;16.6449;17.0234;17.3996;17.6394;17.6621;17.9685;18.4378;18.8208;19.267;19.4013;19.8667;20.2077;20.5146;20.9199;21","15;15.025;14.9916;14.9443;15.0005;15.023;14.9344;14.9552;14.9096;14.9635;14.9941;15.1061;15.0578;14.9505;14.9203;14.975;14.9247;14.8504;14.831;14.8086;14.72;14.7722;14.9191;14.9292;14.8442;14.8108;14.7742;14.8099;14.7421;14.6329;14.3878;14.4484;14.5221;14.4759;14.4534;14.393;14.375;14.5154;14.3878;14.4574;14.7712;14.7634;14.8795;14.8394;15.0593;15.0098;14.9984;14.8487;14.766;14.7823;14.7559;14.8118;14.7458;14.7433;14.9673;15.0384;15",0.990526,"0;1;0"
23.9759,2.08676,2.24039,"1;1.1722;1.20822;1.31377;1.38414;1.47047;1.88194;2.0214;2.42268;2.86888;3.23198;3.52853;3.93335;4.36003;4.81716;5.27212;5.65757;6.01377;6.15375;6.64012;6.95607;7.18564;7.62431;7.85503;8.34212;8.70681;9.18945;9.65029;10.0063;10.2147;10.6803;11.0157;11.3457;11.8292;12.0014;12.4396;12.7296;13.1155;13.4234;13.7627;14.1621;14.5709;14.7752;14.9869;15.3377;15.619;15.8783;16.133;16.5632;16.761;17.1128;17.6034;17.8506;18.3279;18.788;19.2566;19.5601;20.0021;20.4218;20.7904;20.8791;20.9551;20.9812;21.026;21","15;14.5306;14.0319;13.7129;13.3704;12.9957;12.8294;12.7416;12.6567;12.5607;12.4634;12.485;12.5282;12.4604;12.3648;12.3835;12.5186;12.4331;12.4317;12.4058;12.3321;12.4005;12.4531;12.5102;12.4409;12.4755;12.4388;12.5267;12.5432;12.4797;12.5456;12.6203;12.6373;12.5442;12.5266;12.4804;12.4611;12.4683;12.5736;12.5578;12.3691;12.3783;12.3892;12.4657;12.4073;12.3606;12.3858;12.2859;12.2715;12.2501;12.2289;12.2414;12.2548;12.3801;12.5118;12.6082;12.5914;12.5934;12.8384;12.8749;13.3485;13.7474;14.1279;14.5682;15",2.96491,"0.0333333;0;0.966667"
24.0374,2.2068,2.24134,"1;1.10922;1.14786;1.2416;1.32156;1.45441;1.56534;1.98644;2.25092;2.67523;3.17211;3.49649;3.94803;4.43853;4.72489;4.97629;5.33902;5.73404;6.19631;6.28092;6.74226;7.04632;7.45616;7.94561;8.29792;8.72231;9.09734;9.44359;9.78343;10.1378;10.3681;10.6802;10.99;11.3441;11.7689;12.2037;12.3363;12.7623;13.1851;13.4816;13.6497;14.0643;14.3793;14.862;15.3576;15.7579;16.1098;16.435;16.8045;17.1508;17.487;17.7704;18.1472;18.4106;18.7951;19.2174;19.4846;19.9166;20.2696;20.6681;20.7584;20.8322;20.9171;20.9611;20.9737;21","15;14.5121;14.2362;13.8806;13.4536;13.0148;12.7557;12.6524;12.6738;12.6872;12.6881;12.6544;12.6623;12.646;12.6766;12.69;12.7581;12.7728;12.8866;12.8246;12.9157;12.9227;12.9392;12.8536;12.8935;12.6915;12.6843;12.694;12.717;12.7459;12.7338;12.7066;12.6545;12.5977;12.5286;12.5937;12.5498;12.6513;12.6753;12.6875;12.6523;12.5548;12.6144;12.5457;12.4942;12.3874;12.3893;12.3635;12.3156;12.2491;12.1728;12.0657;12.2112;12.3706;12.5142;12.7266;12.8263;12.9012;12.8323;12.8431;13.3246;13.6158;13.9857;14.3619;14.6304;15",2.96673,"0.0333333;0.0333333;0.933333"
24.2893,2.27822,2.23235,"1;1.06867;1.15688;1.22807;1.26513;1.3178;1.31182;1.36967;1.83453;2.29437;2.75373;3.18908;3.6846;3.81414;4.20651;4.67287;5.05553;5.36747;5.7666;5.96809;6.39959;6.64928;6.98032;7.35676;7.71149;7.82464;8.22451;8.66305;8.83124;9.29599;9.66477;9.93879;10.427;10.8867;11.2039;11.5759;12.0249;12.3509;12.7677;13.1604;13.5145;13.9991;14.4059;14.7926;15.1842;15.6405;16.0917;16.5792;16.9926;17.3534;17.7689;18.0584;18.3068;18.7365;19.1717;19.6307;20.0732;20.3254;20.795;20.8018;20.773;20.8215;20.8542;20.9396;21","15;14.6344;14.3076;14.0319;13.7439;13.4213;13.1295;12.8489;12.845;12.9332;12.8824;12.8987;12.8917;12.8979;12.9022;12.8755;12.7409;12.8055;12.9034;12.8728;12.838;12.86;12.8177;12.6763;12.7232;12.5155;12.505;12.5013;12.5985;12.6741;12.6149;12.6333;12.5411;12.5443;12.569;12.5723;12.5789;12.3983;12.4225;12.514;12.5621;12.5607;12.3587;12.4663;12.3923;12.4025;12.4955;12.5782;12.6732;12.7359;12.7958;12.7205;12.7612;12.7625;12.677;12.6448;12.588;12.7549;12.868;13.1555;13.4875;13.8935;14.3617;14.6273;15",2.97064,"0.0333333;0.0666667;0.9"
24.0528,1.44719,2.43133,"1;1.13032;1.38358;1.53229;1.84878;1.98744;2.1078;2.23541;2.45434;2.69949;2.96517;3.28772;3.75609;4.22446;4.71601;5.06875;5.32164;5.72895;5.90829;6.22334;6.44789;6.90103;7.18628;7.6181;7.93713;8.35561;8.50986;8.92795;9.27729;9.68489;9.94875;10.3978;10.725;10.9194;11.3153;11.788;12.066;12.4497;12.8792;13.2392;13.6313;14.0052;14.1031;14.5364;14.8268;15.2967;15.5312;16.0017;16.4607;16.6871;17.176;17.5761;17.8802;18.2235;18.6449;19.1437;19.5708;20.0647;20.5186;20.8597;20.879;20.8896;20.8692;20.8629;20.8069;21","15;14.8928;14.598;14.391;14.1163;13.7142;13.2533;12.9617;12.8634;12.6942;12.6162;12.403;12.4243;12.3557;12.4276;12.2066;12.1982;12.1566;12.2067;12.268;12.2423;12.1397;12.323;12.2708;12.0428;12.1829;12.1833;12.1624;12.1818;12.4466;12.5316;12.6518;12.8452;12.8571;12.9425;12.9714;12.8519;12.8835;12.8033;12.8015;12.5912;12.623;12.6147;12.5169;12.3399;12.2375;12.272;12.3451;12.3699;12.3724;12.4199;12.4379;12.496;12.4912;12.4623;12.4795;12.7207;12.74;12.7336;12.9846;13.2178;13.5239;13.9767;14.4642;14.6727;15",3.05363,"0.0333333;0.1;0.866667"
23.7371,1.99177,2.28936,"1;1.08986;1.2363;1.26226;1.28936;1.45337;1.58066;2.04502;2.48855;2.74269;3.10452;3.29587;3.50112;3.89469;4.39146;4.6428;5.05966;5.23414;5.70337;5.74161;6.16197;6.63949;7.06702;7.43105;7.71485;8.14917;8.64625;9.06548;9.54633;9.79217;10.1828;10.6284;11.0999;11.4793;11.6717;12.0829;12.4633;12.6503;13.019;13.4445;13.9318;14.1943;14.6817;15.129;15.4925;15.8923;16.2789;16.7072;17.0333;17.4095;17.6989;17.9421;18.2946;18.6448;18.9144;19.2669;19.6021;19.7896;20.2467;20.6063;20.7204;20.7177;20.7691;20.7739;20.8013;21","15;14.7916;14.3294;14.0691;13.7252;13.3654;12.9584;12.9407;12.8229;12.7641;12.6779;12.7281;12.6505;12.6591;12.6709;12.6872;12.6681;12.6422;12.6616;12.6636;12.4842;12.3936;12.2044;12.0816;12.1117;12.1209;12.1549;12.1192;12.047;12.0099;12.0633;12.0987;12.0086;12.11;12.1333;12.1576;12.1373;12.1668;12.1677;12.3013;12.3922;12.4482;12.3967;12.5029;12.534;12.6566;12.6501;12.5522;12.5255;12.5037;12.493;12.5101;12.5957;12.4932;12.6628;12.8343;12.993;12.9764;12.9112;12.9711;13.2724;13.5278;13.9255;14.3664;14.7434;15",2.9646,"0.0333333;0.133333;0.833333"
24.0966,1.85184,2.29401,"1;1.18839;1.2775;1.35277;1.47694;1.52129;1.56163;1.62677;1.71989;2.18058;2.25761;2.65233;2.81466;3.19527;3.59847;3.95508;4.38983;4.86059;5.27591;5.46991;5.81164;6.28648;6.72746;7.14693;7.51653;7.98627;8.43598;8.90182;9.19129;9.42341;9.89679;10.3484;10.5988;11.0548;11.4961;11.9151;12.3513;12.7671;13.1526;13.3564;13.7943;14.2861;14.6858;15.1249;15.2616;15.698;16.192;16.6151;17.055;17.4305;17.7649;18.1514;18.5123;18.813;19.2406;19.3969;19.8725;20.3548;20.526;20.9874;20.9786;20.9203;20.888;20.9391;21.0621;21.0543;21","15;14.6892;14.4496;14.0753;13.6917;13.4194;13.1576;12.9889;12.9223;12.7296;12.7082;12.7906;12.7951;12.7265;12.8482;12.8974;12.8335;12.6857;12.5878;12.6082;12.6011;12.664;12.7451;12.6627;12.6886;12.5912;12.5296;12.5528;12.5915;12.6318;12.6963;12.7494;12.7791;12.8295;12.8624;12.8451;12.7849;12.8135;12.8344;12.8455;12.7804;12.8001;12.8799;12.8233;12.6851;12.7604;12.8239;12.8479;12.862;12.785;12.7538;12.7611;12.7604;12.8118;12.6844;12.6105;12.6128;12.7383;12.7445;12.8231;13.2931;13.7238;13.8561;14.2949;14.6717;14.9905;15",2.94707,"0.0333333;0.166667;0.8"
23.0235,1.39229,2.46119,"1;1.07666;1.46658;1.63031;1.78627;1.98335;2.16536;2.31782;2.70375;3.04132;3.27354;3.70248;4.17639;4.65309;5.15055;5.58661;5.89351;6.3502;6.66132;7.06321;7.32198;7.69131;7.85306;8.31065;8.74234;9.14479;9.393;9.8545;10.1983;10.6289;10.9102;11.2545;11.5673;11.9731;12.3311;12.7952;13.1925;13.383;13.8536;14.2804;14.5124;14.9398;15.3539;15.7309;16.1888;16.4541;16.5808;17.0697;17.502;17.7872;18.2475;18.619;18.9361;19.3488;19.7218;20.1626;20.36;20.4811;20.6088;20.6071;20.689;20.8526;21","15;14.9035;14.641;14.3666;14.0005;13.7042;13.4062;12.9672;12.9604;12.8774;12.8168;12.7881;12.7749;12.7427;12.7157;12.7383;12.759;12.791;12.839;12.9453;12.9584;12.9351;12.9333;12.8964;12.9441;12.9592;12.9603;12.9383;12.8969;12.8909;12.8469;12.8777;12.8047;12.8772;12.8808;12.8712;12.8029;12.7528;12.635;12.7097;12.7578;12.9103;12.9208;12.8782;12.8804;12.8148;12.8208;12.8781;12.914;12.9011;12.8769;12.8299;12.7977;12.7453;12.6808;12.7207;12.7946;13.1873;13.5328;14.006;14.2132;14.6748;15",2.93282,"0.0333333;0.2;0.766667"
23.5249,1.45332,2.41712,"1;1.1518;1.44813;1.60769;1.77643;2.00373;2.12261;2.32554;2.70528;3.07752;3.27412;3.65289;3.92262;4.39172;4.67256;5.09696;5.45995;5.81123;6.02927;6.49933;6.69778;7.14262;7.5424;8.03104;8.46284;8.95251;9.42623;9.82209;10.267;10.6664;11.0846;11.394;11.6417;11.9976;12.3729;12.5164;13.0145;13.3161;13.7623;13.8999;14.3589;14.7575;15.0053;15.4393;15.912;16.2692;16.6003;17.0585;17.5167;17.9253;18.1856;18.5384;19.0164;19.4677;19.8993;20.049;20.4715;20.8053;20.9356;20.9752;21.0411;21.018;21.0608;21","15;14.7886;14.5216;14.3053;14.0432;13.7435;13.2588;12.8383;12.824;12.7148;12.7791;12.6706;12.5685;12.5526;12.5155;12.5207;12.474;12.4095;12.4307;12.3448;12.2934;12.1878;12.1221;12.115;12.0275;12.0346;12.0772;12.0546;12.0233;12.1002;12.1217;12.327;12.2787;12.2334;12.3002;12.2971;12.2536;12.2236;12.2003;12.1975;12.148;12.1023;12.1356;12.3167;12.4268;12.4619;12.4099;12.4661;12.483;12.4926;12.6103;12.5815;12.6248;12.6248;12.7386;12.8543;12.916;12.9505;13.2938;13.5497;14.0374;14.4645;14.9176;15",2.89582,"0.0333333;0.233333;0.733333"
23.3991,1.68025,2.31413,"1;1.2121;1.34831;1.60645;1.66864;1.8205;1.91014;2.23049;2.45146;2.94815;3.40995;3.87391;4.36279;4.7537;5.14029;5.59624;5.92519;6.39157;6.58411;6.96148;7.24825;7.59519;8.03792;8.48452;8.68896;8.98895;9.46531;9.88048;10.3112;10.5248;10.8802;11.2126;11.4616;11.8608;12.1141;12.338;12.7389;13.0306;13.4711;13.964;14.4182;14.831;15.3209;15.7512;15.9354;16.3579;16.7333;17.0592;17.5418;17.9161;18.3111;18.668;19.1266;19.5458;19.8615;20.2025;20.4805;20.7062;20.7823;20.7752;20.8077;20.817;20.9432;21","15;14.5689;14.2347;13.8429;13.7271;13.3177;12.918;12.9486;12.8468;12.8005;12.7182;12.6174;12.6126;12.4724;12.5464;12.7259;12.6664;12.6138;12.6229;12.6424;12.6972;12.7654;12.921;12.8884;12.9397;12.8398;12.8656;12.9004;12.9494;12.9784;12.9591;12.9934;12.9554;12.8111;12.8436;12.8793;12.8461;12.769;12.7834;12.814;12.8201;12.8375;12.868;12.8915;12.9055;12.9351;12.9123;12.892;12.8144;12.868;12.9377;12.9499;12.8945;12.8694;12.9395;12.9341;12.9801;12.9993;13.4596;13.6539;14.1122;14.464;14.9041;15",2.84793,"0.0333333;0.266667;0.7"
23.4367,1.46987,2.39293,"1;1.1814;1.38276;1.70589;1.89029;2.05869;2.18774;2.33478;2.79255;3.14032;3.43337;3.7877;4.00024;4.28288;4.70997;5.18027;5.48094;5.85216;6.19777;6.46196;6.80166;7.0922;7.33091;7.6923;8.08942;8.21778;8.70655;9.03014;9.51026;9.73405;10.2118;10.462;10.7363;11.1039;11.5212;11.8503;12.1824;12.4438;12.8801;13.37;13.7111;14.1077;14.5239;14.9653;15.3984;15.8925;16.2781;16.6866;17.1378;17.5204;17.9698;18.4513;18.7462;19.221;19.5899;20.0488;20.3816;20.833;20.8298;20.8721;20.9687;20.9175;20.8758;21","15;14.765;14.442;14.125;13.8565;13.3918;12.994;12.8973;12.972;12.9164;12.876;12.842;12.9093;12.8939;12.8402;12.8131;12.882;12.9225;12.8732;12.8941;12.9603;12.9878;12.9722;12.9336;12.9266;12.8789;12.9523;12.8517;12.7793;12.7416;12.7485;12.8429;12.8215;12.8694;12.8087;12.8106;12.8627;12.884;12.849;12.9013;12.8483;12.8449;12.7448;12.6644;12.7535;12.7627;12.6329;12.6697;12.6901;12.8886;12.7231;12.7104;12.7407;12.845;12.8483;12.9186;12.9435;12.9295;13.3189;13.5226;13.8303;14.2163;14.5869;15",2.81747,"0.0333333;0.3;0.666667"
23.3206,1.45571,2.39736,"1;1.21692;1.52522;1.7912;1.94502;2.07501;2.1319;2.15148;2.56459;3.01305;3.30625;3.63451;4.11422;4.37787;4.79773;5.26959;5.73355;6.2187;6.68721;7.03768;7.49524;7.82126;8.15628;8.63713;9.10425;9.42392;9.86933;10.3032;10.5721;10.9783;11.33;11.7614;12.0741;12.3083;12.7322;13.1485;13.601;14.0198;14.4405;14.8899;15.2909;15.6076;16.0547;16.5505;17.0103;17.4681;17.9494;18.2309;18.5812;19.0713;19.4289;19.7427;20.116;20.5436;20.6468;20.7178;20.8014;20.7922;20.8195;20.8953;21","15;14.7606;14.3823;14.0431;13.8657;13.4454;13.2258;12.9638;12.8338;12.7547;12.5304;12.6128;12.4987;12.4274;12.4453;12.4479;12.5127;12.4646;12.4775;12.501;12.5229;12.5384;12.4348;12.4052;12.5816;12.56;12.4998;12.4832;12.4072;12.3925;12.4106;12.3904;12.4844;12.5192;12.5434;12.5722;12.5499;12.4839;12.5201;12.5471;12.4606;12.432;12.3874;12.381;12.4015;12.4351;12.4971;12.5278;12.6034;12.6148;12.674;12.7174;12.7735;12.8223;13.0472;13.3889;13.7835;14.073;14.3165;14.6607;15",2.78092,"0.0333333;0.333333;0.633333"
23.8698,1.70074,2.43873,"1;1.11199;1.36609;1.5856;1.81179;1.86405;1.95475;1.98826;2.21156;2.58457;3.0596;3.51226;3.9246;4.38683;4.51659;4.9637;5.25294;5.65156;5.99926;6.35806;6.58382;6.91763;7.30913;7.58873;7.95851;8.3684;8.71601;9.13142;9.49661;9.85896;10.312;10.6741;11.0547;11.2447;11.6762;12.1297;12.3;12.6156;12.9564;13.4251;13.5518;13.9978;14.3632;14.7098;15.1984;15.6493;16.0305;16.4252;16.8674;17.0694;17.5452;17.9792;18.2464;18.6309;18.9314;19.3526;19.5558;19.9998;20.4254;20.6588;20.7365;20.7003;20.6147;20.7351;20.8381;21.0099;21.0915;21","15;14.5127;14.2875;13.9896;13.6679;13.5361;13.1811;12.9688;12.8846;12.7306;12.7127;12.6815;12.6424;12.6238;12.6036;12.5182;12.4815;12.4373;12.4115;12.4575;12.481;12.4496;12.3852;12.3008;12.1973;12.2313;12.2797;12.2898;12.4341;12.4338;12.5376;12.5288;12.4714;12.4214;12.5387;12.3916;12.3978;12.3844;12.3903;12.4434;12.4412;12.4581;12.7828;12.8374;12.8583;12.9562;12.7876;12.7668;12.7003;12.6945;12.646;12.5105;12.5084;12.4623;12.4182;12.632;12.6626;12.7489;12.8268;12.8118;13.033;13.4434;13.7792;14.0989;14.3298;14.7034;14.9971;15",2.8825,"0.0333333;0.366667;0.6"
23.9408,1.25987,2.68895,"1;1.30413;1.6139;1.84156;2.1457;2.29248;2.59469;2.62967;2.87559;3.1042;3.5486;3.70279;4.04833;4.42741;4.87593;5.20532;5.58499;5.97352;6.25431;6.50016;6.86083;7.29304;7.71636;8.16021;8.52808;8.75446;9.07719;9.55615;9.8492;10.3327;10.582;10.9716;11.4528;11.8885;12.2132;12.582;12.9965;13.2455;13.5021;13.8284;14.1207;14.574;14.7516;15.0934;15.4436;15.875;16.2773;16.5279;16.9896;17.2477;17.6192;17.9972;18.3947;18.7842;18.9997;19.4458;19.6304;20.1108;20.3892;20.5057;20.6015;20.6481;20.77;20.901;20.9154;21.0481;21","15;14.895;14.6076;14.3781;14.1283;13.9122;13.6445;13.2634;13.0449;12.7551;12.6842;12.6677;12.512;12.4896;12.4306;12.5428;12.4053;12.3163;12.2469;12.1421;12.0251;11.9066;11.8173;11.8605;11.7337;11.5939;11.5949;11.6206;11.7527;11.838;11.8223;11.98;11.9519;11.9063;11.8539;11.8064;11.8618;11.8521;11.8875;12.0837;12.1946;12.4023;12.4022;12.353;12.4845;12.6032;12.5192;12.3971;12.4568;12.3911;12.1921;12.3319;12.4514;12.3799;12.3903;12.2956;12.1991;12.1808;12.4413;12.8887;13.2389;13.667;14.0381;14.3978;14.6578;14.9579;15",2.82571,"0.0333333;0.4;0.566667"
24.724,1.0739,12.362,"1;1.21231;1.47091;1.93472;2.3974;2.88888;3.36727;3.84757;4.23518;4.71304;5.16877;5.66814;6.12707;6.5429;6.98885;7.4361;7.93041;8.26834;8.76312;9.22012;9.63574;10.1347;10.629;10.6931;11.0862;11.5838;12.0748;12.5647;12.9817;13.1393;13.5862;13.9548;14.3107;14.5776;15.0773;15.4377;15.8814;16.3613;16.8172;17.3152;17.6122;18.1112;18.5738;18.9317;19.3611;19.8002;20.0114;20.2143;20.4553;20.6358;20.8164;20.997;21","15;15.0613;15.1681;14.9813;14.7918;14.6999;14.5545;14.6934;14.3776;14.2305;14.0248;14.0499;14.2484;14.3385;14.3673;14.5909;14.5157;14.8842;14.9562;15.1591;14.8812;14.9128;14.8374;14.3415;14.0325;14.0809;14.1755;14.0753;14.3511;14.8256;15.0498;15.3876;15.7388;16.1616;16.1803;16.5268;16.7574;16.8976;16.6922;16.6475;17.0498;17.0186;17.2083;17.5575;17.8136;17.5745;17.1213;16.8357;16.4065;15.9402;15.474;15.0077;15",7.88254,"0.0333333;0.433333;0.533333"
23.5828,1.29824,2.52442,"1;1.42086;1.69627;2.04477;2.21614;2.25478;2.41127;2.5088;2.99395;3.33242;3.57217;3.95497;4.09779;4.55589;4.99195;5.22029;5.58555;5.87501;6.07496;6.49858;6.84749;7.21909;7.67221;8.14604;8.52271;8.95575;9.28495;9.5778;9.83702;10.2524;10.5517;10.86;11.1138;11.5732;11.9118;12.2764;12.6535;12.9411;13.3681;13.8202;14.2126;14.6531;15.0468;15.3364;15.7133;16.0046;16.3296;16.5813;16.9644;17.3443;17.8017;18.1531;18.4386;18.765;19.1913;19.4709;19.9386;20.4016;20.6611;20.7329;20.7892;20.887;20.9324;20.9145;21","15;14.73;14.5506;14.2526;13.9209;13.668;13.2807;12.967;12.9406;12.8716;12.8445;12.7801;12.741;12.6675;12.5438;12.4854;12.3738;12.1972;12.0614;11.834;11.7098;11.6443;11.5047;11.4597;11.5259;11.656;11.7142;11.7574;11.9405;11.972;12.0046;12.0494;12.0606;12.0883;12.1253;12.3221;12.4798;12.7905;12.7408;12.7486;12.6715;12.681;12.7245;12.6696;12.6154;12.6009;12.5789;12.652;12.7385;12.9147;12.8503;12.8327;12.8793;12.8512;12.8301;12.8261;12.9357;12.8886;12.9824;13.4655;13.8198;14.0488;14.3866;14.605;15",2.65415,"0.0333333;0.466667;0.5"
23.5822,1.4162,2.40955,"1;1.27888;1.33413;1.63019;1.73536;1.929;2.14749;2.2883;2.59829;3.08696;3.5085;3.8669;4.31154;4.56191;5.0109;5.42791;5.80047;6.03811;6.40383;6.87418;7.14653;7.51702;7.92879;8.34389;8.65457;8.99997;9.33433;9.77824;10.1837;10.471;10.7242;10.9894;11.4821;11.9067;12.34;12.7941;13.195;13.2946;13.744;14.0799;14.4948;14.7154;15.0665;15.3564;15.6849;16.1174;16.257;16.6741;17.1213;17.4099;17.8569;18.2306;18.3146;18.8111;18.9543;19.3774;19.6264;20.0934;20.3892;20.7778;20.8864;20.9661;20.925;20.9927;20.9801;21","15;14.7696;14.7139;14.3626;14.1095;13.7624;13.3357;12.9526;12.7344;12.6728;12.7103;12.6385;12.619;12.6042;12.5421;12.6114;12.4055;12.4715;12.5963;12.6409;12.7192;12.8208;12.7542;12.7995;12.7816;12.8678;12.8779;12.8573;12.7845;12.7926;12.7265;12.6586;12.5771;12.4766;12.4649;12.4884;12.4643;12.4908;12.5236;12.5238;12.5149;12.5725;12.7089;12.7696;12.7396;12.6764;12.6561;12.6052;12.4967;12.4937;12.5076;12.4911;12.478;12.4282;12.3878;12.3933;12.4006;12.5128;12.6057;12.8366;13.1592;13.4906;13.9315;14.2539;14.6643;15",2.61863,"0.0333333;0.5;0.466667"
23.4053,1.3633,2.4795,"1;1.43685;1.67156;1.85355;1.93648;2.08047;2.22844;2.4318;2.83285;3.21497;3.70297;4.13137;4.51082;4.83742;5.21024;5.62254;6.10607;6.35052;6.65835;7.04086;7.29032;7.72761;8.21344;8.64133;9.07533;9.43535;9.68082;9.98495;10.2694;10.658;10.9652;11.4045;11.744;12.0931;12.4825;12.8488;13.2841;13.6591;14.1187;14.5305;15.0059;15.2701;15.6244;15.7764;16.2655;16.7267;17.1108;17.4991;17.8993;18.296;18.6225;19.018;19.4419;19.6354;20.0212;20.4327;20.621;20.7155;20.7127;20.7761;20.8202;21","15;14.7568;14.522;14.2416;13.9747;13.6254;13.1618;12.9394;12.6696;12.5397;12.487;12.4076;12.3086;12.3864;12.4611;12.3986;12.4372;12.4209;12.3815;12.359;12.3295;12.2226;12.2259;12.2275;12.2201;12.2064;12.2778;12.2568;12.2482;12.1702;12.1561;12.0782;12.0757;11.9663;12.0075;11.9878;12.056;12.03;11.9681;12.0095;11.8891;11.876;11.8589;11.9089;11.9922;12.1205;12.2046;12.2526;12.3251;12.3692;12.3888;12.4317;12.3265;12.4371;12.6817;12.7733;12.9315;13.21;13.6617;14.0576;14.5453;15",2.58172,"0.0333333;0.533333;0.433333"
23.498,1.31828,2.55034,"1;1.3452;1.71993;1.83359;1.96179;2.0533;2.32471;2.51674;2.90663;3.26946;3.31037;3.80985;4.15337;4.44272;4.89702;5.34898;5.7951;6.13097;6.57903;6.99602;7.16221;7.50721;7.96784;8.21167;8.51771;8.96289;9.22811;9.64919;10.0405;10.2818;10.6498;10.8682;11.358;11.7652;12.2204;12.7066;12.7625;13.2336;13.6972;14.1661;14.6062;14.9656;15.418;15.8392;16.1611;16.5887;17.0134;17.4462;17.7351;18.1221;18.4868;18.8054;19.2364;19.5696;19.9906;20.1954;20.6163;20.7005;20.8349;20.901;21.0417;21.0661;21","15;14.7691;14.5143;14.3237;13.9823;13.8084;13.3929;13.0371;12.8583;12.7959;12.7879;12.7651;12.7773;12.7546;12.6027;12.5063;12.629;12.6026;12.4137;12.1462;12.1298;12.0925;12.0231;12.0473;12.0872;12.039;12.0497;12.1255;12.1562;12.1793;12.0495;11.9691;11.9271;11.8746;11.7345;11.6735;11.6799;11.7598;11.6098;11.614;11.5907;11.8647;11.9568;11.9661;11.9508;12.0059;12.1232;12.2347;12.2479;12.1068;12.3891;12.3375;12.4257;12.4753;12.6686;12.7427;12.9582;13.2919;13.6544;14.1441;14.3829;14.6916;15",2.55042,"0.0333333;0.566667;0.4"
23.9558,1.26416,2.62985,"1;1.40057;1.77639;1.98095;2.23234;2.5487;2.68192;2.72556;2.87119;3.08675;3.56338;4.03213;4.28485;4.71;5.14084;5.51078;5.88972;6.23558;6.644;6.85354;7.32676;7.6816;7.9013;8.21888;8.4394;8.77292;9.19237;9.45444;9.90821;10.2967;10.5913;11.084;11.5738;12.0557;12.4982;12.983;13.3313;13.7941;14.2789;14.6124;14.9096;15.3445;15.83;16.2625;16.6702;17.1484;17.4334;17.7334;18.1151;18.5628;18.6826;19.059;19.5463;19.8276;20.2088;20.5342;20.6739;21.1525;21.2915;21.2031;21.1973;21.2382;21.078;21","15;14.7008;14.5542;14.3657;14.0555;13.6783;13.4295;13.1488;12.8497;12.7913;12.8029;12.8427;12.835;12.8235;12.8446;12.8642;12.823;12.9111;12.8584;12.8166;12.7132;12.622;12.4589;12.3478;12.2561;12.2826;12.2219;12.3441;12.4765;12.4466;12.4293;12.5078;12.5069;12.5979;12.5537;12.5465;12.648;12.7695;12.7655;12.8069;12.8288;12.8772;12.8143;12.6189;12.7224;12.7552;12.6448;12.4481;12.4438;12.4531;12.4789;12.5351;12.5559;12.5765;12.6802;12.8966;12.9964;12.914;13.0833;13.4118;13.7024;14.1633;14.6207;15",2.5213,"0.0333333;0.6;0.366667"
23.2032,1.23666,2.8693,"1;1.28183;1.64842;2.03288;2.31288;2.59358;2.81902;3.10607;3.20796;3.57219;4.05176;4.41747;4.87799;5.28764;5.73929;6.20677;6.51684;6.75508;7.18917;7.61065;7.96877;8.39721;8.89237;9.29595;9.76149;10.1721;10.5314;10.7832;11.1921;11.6731;12.1476;12.6082;12.8292;13.3255;13.6612;14.1488;14.6019;15.0311;15.2959;15.5787;15.9516;16.3029;16.57;16.7521;17.1377;17.3887;17.6416;18.0399;18.2124;18.5805;19.0238;19.504;19.8897;20.1314;20.1959;20.2454;20.3058;20.3407;20.6996;21","15;14.7091;14.6208;14.4371;14.204;13.8739;13.6071;13.3241;12.8414;12.656;12.5177;12.4635;12.3679;12.3609;12.3448;12.3541;12.2767;12.2289;12.1365;12.2983;12.411;12.2012;12.1318;12.0468;12.06;12.2793;12.2438;12.2432;12.4066;12.5249;12.6234;12.7938;12.751;12.7663;12.6043;12.6029;12.5818;12.4824;12.3418;12.2925;12.4406;12.3535;12.23;12.1363;12.1813;12.3181;12.4496;12.4785;12.5426;12.7138;12.8128;12.8614;12.8227;12.9874;13.296;13.5584;13.993;14.3499;14.698;15",2.51309,"0.0333333;0.633333;0.333333"
22.494,1.11022,3.07042,"1;1.23327;1.55208;1.80897;2.01535;2.46369;2.78589;3.19252;3.31278;3.48947;3.73563;4.13684;4.62589;5.00349;5.47888;5.94242;6.41398;6.74644;7.10266;7.49048;7.85121;8.0983;8.42296;8.84997;9.31314;9.5418;9.83122;10.0541;10.5289;11.0083;11.3024;11.7873;12.1336;12.5752;12.87;13.2613;13.5709;14.0496;14.4268;14.7513;15.0643;15.5614;15.9829;16.3225;16.706;17.0367;17.5019;17.7552;18.1092;18.5719;19.0132;19.3516;19.5266;19.9927;20.0637;20.2925;20.4179;20.4651;20.734;20.7838;20.9103;21","15;14.9144;14.8496;14.7661;14.695;14.4782;14.1211;13.8302;13.5667;13.2829;13.0157;12.8311;12.8173;12.7357;12.6817;12.6654;12.6159;12.4769;12.3865;12.2673;12.2363;12.2444;12.2701;12.2703;12.3389;12.4201;12.4253;12.4316;12.4105;12.3758;12.2721;12.3687;12.4312;12.4832;12.4759;12.33;12.3047;12.2259;12.2959;12.3865;12.475;12.453;12.6172;12.6211;12.649;12.7609;12.8076;12.7462;12.8598;12.8468;12.776;12.7935;12.8306;12.8748;13.0155;13.46;13.8175;13.9701;14.2464;14.4227;14.765;15",2.41107,"0.0333333;0.666667;0.3"
23.6237,1.23475,2.65924,"1;1.25056;1.66421;2.07077;2.28194;2.34572;2.56169;2.70946;2.89384;3.39085;3.70223;4.15291;4.49701;4.7903;5.28694;5.63068;5.99923;6.48591;6.84408;7.31311;7.74709;8.14057;8.40903;8.77918;9.20194;9.35637;9.79926;10.0696;10.371;10.7568;11.0867;11.5258;11.968;12.327;12.7962;13.1838;13.5366;13.9442;14.068;14.5055;14.953;15.3019;15.5557;15.9035;16.0548;16.4009;16.7728;16.9355;16.961;17.4263;17.6631;18.0521;18.4828;18.8137;19.1808;19.3149;19.7482;20.0664;20.3896;20.6407;20.623;20.817;20.8357;20.8679;20.8871;21","15;14.8925;14.6247;14.3772;14.1339;13.7285;13.4743;13.2196;12.9928;12.9869;12.9723;12.949;12.7276;12.6659;12.6185;12.5771;12.7699;12.7388;12.6905;12.8553;12.7976;12.5369;12.5065;12.3704;12.3186;12.2754;12.4422;12.4308;12.4392;12.5774;12.5876;12.5447;12.5698;12.4534;12.5408;12.756;12.7788;12.8107;12.7893;12.7216;12.6324;12.6495;12.5664;12.4594;12.3953;12.3779;12.399;12.3978;12.4072;12.2971;12.1142;12.1267;12.1356;12.1401;12.3606;12.4912;12.6376;12.6744;12.6784;12.798;13.2638;13.6963;14.027;14.3219;14.5891;15",2.36091,"0.0333333;0.7;0.266667"
22.9074,1.16516,2.86076,"1;1.47011;1.87158;1.99035;2.20088;2.46319;2.73211;2.91676;3.2438;3.44102;3.78081;3.97954;4.33028;4.71499;5.18733;5.66312;6.06723;6.36585;6.6325;6.97809;7.30338;7.73777;8.03033;8.49586;8.67789;9.05193;9.41755;9.91174;10.2305;10.618;11.0939;11.2343;11.627;12.085;12.1323;12.5411;13.0186;13.4862;13.8014;14.2006;14.616;15.0991;15.5879;16.0341;16.4891;16.887;17.259;17.5655;18.0342;18.4639;18.6529;18.925;19.3612;19.7642;20.2424;20.3595;20.4159;20.6158;20.6697;20.6753;20.7242;20.8229;21","15;14.8297;14.5317;14.4009;14.1418;14.0524;13.7879;13.5531;13.2304;12.988;12.9848;12.9444;12.8264;12.722;12.7847;12.9219;12.7448;12.6723;12.6529;12.6736;12.6994;12.7213;12.7562;12.7623;12.8099;12.8415;12.8358;12.881;12.9787;12.8474;12.7452;12.6597;12.3544;12.2431;12.2327;12.4318;12.317;12.461;12.5672;12.5737;12.5832;12.7058;12.6899;12.6759;12.5812;12.5482;12.5885;12.7059;12.7184;12.7252;12.684;12.5318;12.709;12.8456;12.9303;12.9764;13.2846;13.665;13.7756;14.2589;14.4237;14.787;15",2.28554,"0.0333333;0.733333;0.233333"
23.427,1.1528,11.7135,"1;1.40208;1.78175;2.24748;2.74311;3.15244;3.63972;4.13714;4.54201;4.9795;5.36056;5.86037;6.27754;6.77698;7.26894;7.50844;7.91581;8.39171;8.82791;9.2567;9.7257;10.2247;10.525;10.9616;11.4586;11.877;12.2044;12.5457;12.9569;13.2188;13.6499;14.0929;14.5315;15.0059;15.4917;15.8023;16.2544;16.5338;16.937;17.2694;17.7217;18.2082;18.525;19.0018;19.5016;20.0015;20.3896;20.7689;21","15;14.7028;14.3774;14.1955;14.1296;14.4168;14.5288;14.5796;14.873;15.115;15.4388;15.4247;15.7003;15.6766;15.7659;16.0865;16.1976;16.351;16.5954;16.8525;17.0259;16.994;17.3774;17.3148;17.2597;17.5334;17.1555;16.7901;16.5056;16.0797;15.8265;15.5945;15.8347;15.9925;15.8742;15.4824;15.2689;14.8542;14.5586;14.185;14.3981;14.5132;14.9001;15.0508;15.0381;15.0254;14.7102;14.8719;15",4.00742,"0.0333333;0.766667;0.2"
25.3882,1.06876,12.6941,"1;1.47022;1.96595;2.45463;2.93813;3.39442;3.75096;4.24997;4.66062;5.14809;5.64573;6.11337;6.55583;6.97061;7.3859;7.72102;8.07405;8.55184;8.74683;9.00045;9.44749;9.85892;10.3556;10.7342;11.227;11.6999;12.0268;12.5234;13.0216;13.384;13.6232;14.1231;14.6169;14.8648;15.3609;15.4183;15.6541;16.1244;16.4798;16.9489;17.4179;17.8006;17.8663;18.2147;18.6114;18.583;18.7252;19.2246;19.6535;20.1106;20.4412;20.9113;21","15;15.17;15.2352;15.341;15.2135;15.0091;14.6586;14.6271;14.9124;15.0236;15.0721;14.8951;14.7824;14.71;14.9885;15.2471;15.3102;15.4576;15.918;16.3489;16.5728;16.2887;16.2313;15.9046;15.989;16.1513;15.773;15.7149;15.6729;15.4639;15.1417;15.1321;15.0536;15.4878;15.55;16.0467;16.4876;16.3178;16.6694;16.4962;16.323;16.0012;15.5055;15.2113;14.9402;14.441;13.9617;13.9364;14.1934;13.9907;14.3658;14.536;15",3.81697,"0.0333333;0.8;0.166667"
22.9663,1.09521,3.56417,"1;1.41144;1.53798;1.94679;2.37579;2.73762;3.07265;3.36383;3.7009;3.93863;4.20911;4.28008;4.63227;4.79553;5.03594;5.44703;5.84669;6.25164;6.70218;7.07138;7.24198;7.72272;8.086;8.43486;8.65914;8.93724;9.16791;9.63886;10.0262;10.3249;10.6457;10.972;11.4024;11.7251;12.1477;12.559;12.9168;13.123;13.5587;13.9327;14.353;14.7939;15.1855;15.6268;15.9009;16.2521;16.7057;17.1868;17.6136;17.9968;18.4224;18.8234;19.0518;19.5226;19.7556;20.1094;20.2137;20.3264;20.4556;20.6385;20.7419;20.8964;21","15;15.1352;15.095;15.082;14.9111;14.8641;14.6097;14.3545;14.1473;13.9026;13.618;13.4539;13.2117;12.9885;12.6361;12.879;12.6005;12.7508;12.8537;12.8468;12.7653;12.8693;12.9051;12.8302;12.7555;12.7164;12.8111;12.6614;12.4184;12.4243;12.3952;12.5065;12.6058;12.5974;12.54;12.7044;12.7351;12.723;12.7005;12.5744;12.47;12.4752;12.2396;12.2721;12.295;12.3081;12.3523;12.4035;12.6194;12.7344;12.857;12.897;12.8745;12.8733;12.9179;12.99;13.1169;13.3339;13.6891;14.1371;14.3292;14.6369;15",2.15344,"0.0333333;0.833333;0.133333"
25.0208,1.08743,9.13061,"1;1.1618;1.43434;1.93291;2.41862;2.91514;3.40418;3.90022;4.34789;4.62949;5.0799;5.26037;5.69862;5.91506;6.24058;6.61104;6.95688;7.10563;7.37219;7.60698;7.87338;8.11203;8.33455;8.49679;8.68766;8.91859;8.97437;9.05607;9.27601;9.74506;10.1939;10.4953;10.8938;11.2836;11.5215;11.964;12.2319;12.7319;13.0639;13.3831;13.7816;14.0683;14.3106;14.5835;14.6769;14.7636;14.9776;15.4082;15.79;16.0472;16.4222;16.888;17.2957;17.6177;18.1103;18.5935;19.0116;19.4376;19.9107;20.3704;20.732;21","15;15.0677;15.2477;15.2855;15.4042;15.3453;15.4494;15.5122;15.7349;15.8363;15.8328;15.9947;16.2354;16.1733;16.1992;16.0072;15.6461;15.405;15.092;14.9059;14.5586;14.3484;14.2838;13.9252;13.8497;13.4619;13.032;12.9125;12.4924;12.5634;12.696;12.6061;12.5978;12.4383;12.4273;12.4222;12.4979;12.5046;12.1308;11.7459;12.0478;12.2374;12.6418;12.9544;13.1333;13.4454;13.8973;14.1513;14.4742;14.8993;15.2193;15.4013;15.6828;15.7334;15.8189;15.9474;16.2216;15.9598;15.7979;15.6012;15.2559;15",2.68953,"0.0333333;0.866667;0.1"
23.8746,1.18431,11.5866,"1;1.49728;1.69799;2.13508;2.63501;3.11343;3.31642;3.78033;4.27624;4.77393;5.15979;5.60497;6.09079;6.29334;6.62724;6.86776;7.2913;7.68745;8.18439;8.50889;8.94612;9.2137;9.67999;10.1795;10.5161;11.0159;11.1756;11.2884;11.7872;12.2569;12.7281;13.1941;13.6863;14.1423;14.5819;15.0812;15.5737;16.0114;16.222;16.7197;16.9945;17.4591;17.865;18.2548;18.7282;19.2099;19.6915;20.032;20.4556;20.9046;21","15;14.9479;14.49;14.2472;14.2388;14.0934;13.6365;13.45;13.3862;13.4342;13.1162;12.8886;13.0069;13.2119;13.4055;13.3555;13.0898;13.3949;13.4501;13.7025;13.7096;14.132;14.3124;14.3354;14.7051;14.7191;15.1929;15.68;15.6451;15.8164;15.6492;15.468;15.38;15.5853;15.3471;15.3201;15.2336;14.9919;14.5384;14.5865;15.0042;15.1891;15.4811;15.7941;15.6332;15.499;15.3647;14.9986;14.733;14.9532;15",2.63414,"0.0333333;0.9;0.0666667"
22.5649,1.09124,4.80128,"1;1.41657;1.90993;2.219;2.66925;2.97736;3.39106;3.83174;4.25951;4.66833;4.89369;5.09258;5.30446;5.53321;5.63042;6.05073;6.19835;6.39343;6.85247;7.10141;7.51762;7.8584;7.9795;8.31717;8.62511;9.07956;9.49179;9.70693;10.1723;10.2705;10.7686;11.1613;11.6361;12.0448;12.3771;12.8471;13.0587;13.468;13.9516;14.4109;14.7997;15.1377;15.3247;15.811;16.1668;16.501;16.7406;17.1504;17.4552;17.8947;18.2496;18.5865;19.0271;19.4425;19.7;19.9563;20.2219;20.249;20.4945;20.5846;21","15;15.2765;15.1953;15.1359;15.0664;14.9523;14.7521;14.7493;14.6348;14.54;14.5155;14.3595;14.2243;14.0652;13.9993;13.7456;13.6199;13.3443;13.1759;12.9771;12.796;12.9381;12.8632;12.5428;12.7818;12.5974;12.4721;12.4571;12.4983;12.525;12.5105;12.4777;12.4024;12.2639;12.301;12.2637;12.242;12.1147;12.2106;12.1975;12.136;12.0572;12.1316;12.248;12.2693;12.3863;12.3733;12.6597;12.5942;12.683;12.6886;12.6967;12.634;12.8599;13.1214;13.3681;13.7561;13.9666;14.3965;14.7563;15",1.9307,"0.0333333;0.933333;0.0333333"
20.3368,0.994627,10.1684,"1;1.20453;1.51388;1.88264;2.33593;2.8209;3.15397;3.6099;4.03935;4.43799;4.84396;5.04639;5.38655;5.79175;6.26628;6.70638;7.13711;7.437;7.66091;8.14049;8.519;8.81003;9.30568;9.46441;9.93223;10.2228;10.6502;10.9309;11.3168;11.7085;11.996;12.452;12.5892;12.9935;13.2068;13.4919;13.6932;14.1551;14.6247;14.9621;15.4531;15.8947;16.3368;16.6111;17.1092;17.5593;17.9637;18.3765;18.6043;19.036;19.2766;19.7338;19.9721;20.3012;20.5419;21","15;14.9915;14.9285;14.8334;14.7235;14.7113;14.8422;14.8345;14.8431;14.8818;14.9269;14.9377;14.872;14.8404;14.8614;14.9447;14.7864;14.9287;14.9529;14.9485;15.0558;15.0603;15.1112;15.1105;15.2268;15.2298;15.191;15.1506;15.2071;15.2172;15.1194;15.0834;15.0708;15.0815;15.1177;15.1725;15.18;15.0929;15.0159;15.0955;15.1377;14.9941;15.0238;15.1456;15.1721;15.17;15.1345;15.1666;15.1651;15.2705;15.265;15.2891;15.2167;15.1645;15.1477;15",1.63937,"0.0333333;0.966667;0"
24.0383,2.50741,2.22909,"1;1.03374;1.05615;1.20622;1.30189;1.4171;1.78064;2.20068;2.63838;3.11025;3.56073;4.0498;4.3585;4.75748;5.17732;5.49637;5.82528;6.3186;6.67059;6.91366;7.22136;7.6209;8.06272;8.46476;8.89712;9.19531;9.48609;9.93355;10.198;10.517;10.9594;11.3757;11.772;12.0693;12.3741;12.8346;13.1715;13.5859;14.0245;14.382;14.7841;15.1453;15.4646;15.8077;16.2299;16.6686;17.1455;17.5645;17.9078;18.2262;18.5134;18.9714;19.1155;19.4763;19.6157;19.8686;20.3272;20.7865;20.8131;20.852;20.9423;20.9648;20.9779;21","15;14.5124;14.0343;13.5574;13.0908;12.8242;12.6066;12.4829;12.4558;12.4695;12.4627;12.4786;12.4013;12.3228;12.1902;12.1095;12.1158;12.151;12.1552;12.1994;12.2108;12.1823;12.0692;12.0459;11.9277;11.9288;11.8729;11.9514;12.0348;12.0695;12.0403;11.9654;12.0553;12.0762;12.1364;12.1394;12.1527;12.1363;12.1404;12.2235;12.3202;12.3215;12.3776;12.5455;12.6225;12.7391;12.7084;12.8287;12.8139;12.6935;12.6309;12.6939;12.7834;12.7623;12.8324;12.8655;12.9;12.9909;13.2725;13.6035;13.9761;14.3074;14.6768;15",3.68304,"0.0666667;0;0.933333"
23.7567,2.26316,2.31161,"1;1.00325;1.02984;1.25847;1.29001;1.42077;1.55116;1.89073;2.25748;2.65295;2.97154;3.42841;3.78857;4.02909;4.23837;4.68498;4.98444;5.26177;5.48872;5.93945;6.10477;6.28086;6.66705;6.95352;7.29225;7.7489;8.20277;8.68187;8.94851;9.31555;9.78722;10.2799;10.6777;10.8404;11.2748;11.7121;11.8725;12.2866;12.5019;12.8285;13.0311;13.3871;13.5149;13.943;14.3592;14.8247;15.2136;15.4993;15.8481;16.3193;16.6467;16.958;17.3402;17.6917;18.1462;18.5754;18.9983;19.428;19.7508;20.1095;20.4452;20.4307;20.4739;20.5144;20.6089;20.7894;21","15;14.6518;14.2571;13.8323;13.705;13.2491;12.9188;12.8212;12.7637;12.7595;12.6538;12.58;12.6519;12.5943;12.6273;12.5621;12.4398;12.3873;12.2946;12.1998;12.1679;12.0883;12.0172;12.0901;12.0302;12.0369;12.0196;11.9206;11.8795;11.8997;11.8902;11.9227;12.0929;12.1739;12.3511;12.3536;12.4166;12.4771;12.4422;12.4105;12.4287;12.3663;12.3117;12.3847;12.3982;12.5577;12.7167;12.6834;12.6827;12.6718;12.6342;12.4871;12.476;12.5254;12.4881;12.5152;12.5945;12.5739;12.5911;12.8447;12.9844;13.3988;13.6757;13.9931;14.3954;14.7044;15",3.73967,"0.0666667;0.0333333;0.9"
24.4463,1.16082,7.13452,"1;1.40105;1.84656;2.10274;2.60007;2.95129;3.44793;3.94766;4.34113;4.84112;5.28841;5.73757;6.09072;6.4429;6.93993;7.40875;7.90375;8.40198;8.89874;9.39868;9.83296;10.0328;10.5316;10.8064;10.9039;11.2055;11.6008;12.1005;12.587;13.0177;13.4995;13.8533;14.3013;14.7863;15.2031;15.5522;15.9731;16.3941;16.8246;17.1587;17.5245;17.9428;18.0727;18.4542;18.9136;19.205;19.5393;19.9817;20.1164;20.4597;20.8031;21","15;15.2986;15.5256;15.7145;15.7085;15.3526;15.4105;15.394;15.0855;15.0829;14.8984;14.7418;14.3878;14.0329;14.0874;14.2612;14.1907;14.2328;14.1759;14.1835;13.9357;13.4774;13.442;13.0243;12.8644;12.7231;12.417;12.3998;12.5154;12.2614;12.3951;12.0418;12.2639;12.1423;11.8662;11.5082;11.778;12.0479;11.7936;11.4215;11.7624;12.0362;12.5191;12.8424;12.721;12.9784;13.3502;13.5831;14.0646;14.4281;14.7916;15",7.89039,"0.0666667;0.0666667;0.866667"
22.7528,1.23829,11.3764,"1;1.25214;1.75202;2.2519;2.70367;3.1005;3.59041;4.04195;4.34922;4.75505;5.25389;5.65807;6.08315;6.46135;6.8241;7.24711;7.60748;8.10748;8.50624;8.98448;9.47183;9.93101;10.3734;10.8343;11.2967;11.7959;12.2956;12.7942;13.2942;13.7939;14.1305;14.6285;15.021;15.3102;15.8071;16.2423;16.6682;17.1462;17.2188;17.5729;17.9767;18.2531;18.6696;19.1212;19.5477;20.0449;20.2617;20.6363;21","15;14.5682;14.5792;14.5901;14.8043;15.1085;15.2085;15.4232;15.8177;16.1097;16.0756;16.1015;16.212;15.885;15.5408;15.2743;14.9277;14.9304;14.6287;14.7746;14.6629;14.8608;15.0938;14.9002;14.7099;14.6819;14.6991;14.7368;14.7359;14.753;14.3833;14.428;14.1182;13.7104;13.6548;13.4087;13.6707;13.8174;13.844;14.1352;14.3188;14.6351;14.8846;15.0582;15.1553;15.1021;14.8851;14.8051;15",11.121,"0.0666667;0.1;0.833333"
24.1527,1.99231,2.26015,"1;1.18215;1.21991;1.32383;1.34194;1.40181;1.54989;1.90774;2.19122;2.5706;3.01492;3.38013;3.70178;3.96985;4.21189;4.69597;4.92178;5.35778;5.75282;6.19207;6.42359;6.78307;7.19122;7.51275;7.99144;8.43511;8.7379;9.04653;9.25613;9.59188;9.9487;10.4235;10.7455;11.1824;11.3925;11.7636;12.1633;12.5854;13.0481;13.3423;13.8203;14.2847;14.7051;15.0996;15.4419;15.8102;16.3074;16.7319;16.8715;17.2894;17.3901;17.7619;18.2323;18.5843;18.7821;19.1849;19.6763;20.1244;20.5229;20.6868;20.7465;20.7559;20.8012;20.8797;20.9883;21","15;14.5901;14.4798;14.0472;13.8515;13.3861;12.9507;12.8487;12.7534;12.6132;12.7218;12.6084;12.3036;12.115;12.1834;12.2709;12.2703;12.3546;12.4475;12.4138;12.3958;12.2577;12.3045;12.1225;12.0417;12.045;12.0166;12.0074;12.0149;12.0946;12.2008;12.2267;12.3828;12.2884;12.3714;12.5117;12.6041;12.759;12.6782;12.6939;12.7485;12.8128;12.5966;12.5937;12.5571;12.5428;12.5581;12.5929;12.529;12.5357;12.5427;12.6426;12.5807;12.5007;12.4697;12.4013;12.4075;12.5847;12.8666;12.9759;13.0823;13.5121;13.9572;14.2916;14.7715;15",3.68394,"0.0666667;0.133333;0.8"
23.6551,1.61894,2.375,"1;1.20863;1.41052;1.56345;1.76434;1.83891;1.96418;2.05542;2.47459;2.73523;3.07341;3.32002;3.58259;3.87543;4.19049;4.66604;4.83583;5.30254;5.63844;6.11527;6.5616;6.99872;7.33235;7.71091;8.07104;8.46849;8.89282;9.37296;9.77281;10.1016;10.498;10.749;11.0428;11.3873;11.8306;12.2241;12.628;12.9682;13.4211;13.5579;14.0543;14.2005;14.6127;15.0164;15.3482;15.8321;16.1641;16.4902;16.8885;17.2003;17.4332;17.8015;18.1597;18.2939;18.7514;19.1423;19.6238;20.0134;20.3773;20.5049;20.5764;20.7757;20.7989;20.9033;21","15;14.6566;14.3858;13.9097;13.625;13.4003;13.0937;12.8999;12.7076;12.7111;12.4181;12.4699;12.3982;12.421;12.4492;12.428;12.4651;12.3527;12.1844;12.206;12.1828;12.2728;12.2874;12.2716;12.3906;12.4628;12.2816;12.2171;12.0135;11.9543;11.9522;11.9833;11.7775;11.8784;11.9235;12.0879;12.2821;12.2928;12.3423;12.3679;12.4121;12.3784;12.3521;12.3504;12.4098;12.4977;12.5046;12.5419;12.6727;12.743;12.7661;12.8485;12.7949;12.7546;12.6672;12.9038;12.857;12.9086;12.8367;13.1515;13.6247;14.0673;14.4594;14.6149;15",3.66766,"0.0666667;0.166667;0.766667"
23.5909,1.40832,2.52451,"1;1.35943;1.61516;1.78866;1.94377;2.26921;2.39641;2.77428;3.21915;3.59768;4.08104;4.38004;4.59268;4.92832;5.25517;5.74618;6.01896;6.47282;6.87492;7.06759;7.52078;8.0069;8.40946;8.72733;8.96366;9.4282;9.79316;10.2779;10.6678;11.0676;11.4231;11.8883;12.2286;12.5841;13.0288;13.4831;13.7518;14.1293;14.391;14.8568;15.2135;15.4875;15.812;16.146;16.4555;16.8701;17.3538;17.7156;18.1492;18.4596;18.8524;19.024;19.5041;19.9367;20.4254;20.4394;20.4795;20.5602;20.5651;20.7618;21","15;14.6946;14.2659;13.9228;13.7538;13.4034;12.9556;12.9098;12.829;12.5108;12.522;12.4932;12.4406;12.4861;12.4808;12.4437;12.3157;12.2497;12.2229;12.2309;12.0634;12.0854;11.8463;11.6972;11.6821;11.5711;11.3879;11.503;11.576;11.64;11.6181;11.6456;11.7464;11.8746;11.9473;11.9017;11.8468;11.8245;11.8348;11.741;11.8265;11.8968;11.9794;11.8765;12.0348;12.2466;12.1923;12.3774;12.426;12.5096;12.6561;12.6955;12.8159;12.8147;12.844;13.2647;13.7558;14.2403;14.5622;14.7412;15",3.7057,"0.0666667;0.2;0.733333"
24.5443,1.53717,2.3885,"1;1.38748;1.46499;1.65083;1.76165;1.81979;1.9388;2.40023;2.77575;3.26291;3.54906;4.0058;4.44566;4.80199;5.14203;5.3103;5.68758;5.92154;6.37858;6.80044;7.15947;7.61053;8.05298;8.42595;8.74437;8.96516;9.08201;9.49288;9.94404;10.3286;10.6579;11.112;11.4907;11.8579;12.2462;12.4198;12.7709;13.2214;13.5946;13.925;14.4106;14.8144;15.0814;15.4296;15.8963;16.2173;16.6671;16.9616;17.3939;17.4604;17.889;18.1065;18.5929;19.0028;19.1866;19.6193;19.9342;20.3329;20.8195;21.2893;21.2474;21.1998;21.2411;21.31;21.2214;21.1527;21.0175;21","15;14.7482;14.6122;14.1714;13.7734;13.4825;13.0011;12.8759;12.7199;12.7805;12.7175;12.794;12.9599;12.8504;12.7494;12.7743;12.4608;12.5645;12.5992;12.3747;12.212;12.1025;12.0847;12.0133;12.0984;12.1705;12.1465;12.1316;12.1114;12.1292;12.0842;12.052;12.1814;12.1637;12.0791;12.0935;12.1267;12.314;12.4117;12.312;12.2207;12.1574;12.1256;12.1147;12.1901;12.1719;12.2969;12.3517;12.3795;12.406;12.5427;12.7085;12.636;12.7281;12.7472;12.7435;12.8362;12.8534;12.7385;12.8764;13.0113;13.4642;13.6655;14.0002;14.4301;14.5525;14.9417;15",3.66691,"0.0666667;0.233333;0.7"
23.1456,1.43115,2.44056,"1;1.27027;1.47917;1.79519;1.95223;2.06216;2.28014;2.69306;3.05743;3.52236;3.8822;4.22405;4.52661;4.77266;5.25686;5.39062;5.85391;6.26379;6.52418;6.72846;7.22056;7.65392;8.02304;8.23767;8.53632;8.99242;9.29578;9.78044;10.2397;10.5806;10.8188;11.1022;11.3589;11.625;12.0895;12.5625;12.8849;13.3573;13.6539;14.0903;14.4489;14.8155;15.2858;15.4691;15.8637;16.3207;16.8063;17.2002;17.6129;17.8968;18.1736;18.4926;18.8555;19.2747;19.4339;19.9196;20.3692;20.4878;20.5905;20.6992;20.7435;20.8;20.9044;20.9477;21","15;14.7771;14.4147;14.1029;13.658;13.3889;12.951;12.7609;12.6539;12.7584;12.5896;12.5983;12.5735;12.603;12.4916;12.4621;12.3728;12.2535;12.2446;12.2803;12.1918;12.1548;12.1513;12.1807;12.2324;12.2643;12.3116;12.3528;12.3516;12.3755;12.4431;12.4427;12.5189;12.5691;12.5678;12.5116;12.5496;12.5337;12.5475;12.5789;12.7583;12.7654;12.7755;12.8468;12.8515;12.7956;12.7118;12.5807;12.5188;12.4542;12.503;12.6604;12.6601;12.7199;12.8147;12.8631;12.9414;13.0224;13.3784;13.5661;13.7524;14.1648;14.5291;14.8867;15",3.55172,"0.0666667;0.266667;0.666667"
23.3818,1.43421,2.41301,"1;1.35943;1.65631;1.84705;1.89366;2.00232;2.08453;2.10194;2.20771;2.60916;2.97029;3.2313;3.51666;3.7781;4.07849;4.38985;4.80254;4.8856;5.18116;5.57525;5.88988;6.36683;6.60132;7.05027;7.51058;7.97051;8.44561;8.93816;9.13931;9.5177;9.72484;10.0377;10.5019;10.8932;11.3885;11.8691;12.1772;12.4211;12.8032;13.2153;13.6999;14.1254;14.597;15.0647;15.3349;15.8013;16.1361;16.5421;17.0324;17.4148;17.7148;18.0638;18.2341;18.6096;19.0378;19.5201;19.7948;20.2166;20.5947;20.6214;20.7301;20.7453;20.7638;20.9318;21","15;14.722;14.4058;14.1089;13.9602;13.4894;13.0749;12.9817;12.9893;12.726;12.6906;12.6635;12.6218;12.6157;12.6899;12.5822;12.4998;12.4564;12.363;12.2424;12.1469;12.1694;12.1862;12.2636;12.4588;12.4889;12.5899;12.5992;12.5555;12.5842;12.5964;12.623;12.7495;12.7442;12.7476;12.8733;12.9157;12.9028;12.8876;12.9142;12.9918;12.9964;12.8928;12.7848;12.7672;12.7308;12.7703;12.8715;12.9231;12.9524;12.9618;12.8174;12.7805;12.8487;12.8358;12.7814;12.7486;12.8421;12.9918;13.3614;13.7852;14.119;14.4879;14.8096;15",3.51729,"0.0666667;0.3;0.633333"
23.0496,1.3369,2.5536,"1;1.07539;1.426;1.78441;1.99688;2.10869;2.21192;2.36802;2.40262;2.60049;3.06948;3.40564;3.66586;4.13726;4.60808;4.85691;5.23001;5.58164;5.99055;6.35446;6.5839;7.05111;7.31004;7.80344;8.27571;8.73423;9.01552;9.30205;9.66816;10.1478;10.5725;10.9782;11.2898;11.5809;12.0185;12.377;12.5926;13.0276;13.4793;13.9536;14.3797;14.6201;14.9663;15.1346;15.5997;15.9455;16.3762;16.7818;17.146;17.5293;17.9877;18.4366;18.8295;18.9823;19.3289;19.8049;20.1353;20.3022;20.3402;20.4256;20.6389;20.8475;21","15;14.9699;14.6607;14.3725;14.1248;13.9032;13.5168;13.1995;13.0054;12.7958;12.6934;12.7243;12.7326;12.6289;12.6315;12.6779;12.8527;12.9639;12.7862;12.7827;12.723;12.7619;12.6734;12.708;12.7554;12.8777;12.7874;12.8274;12.7683;12.6331;12.5871;12.4083;12.3969;12.4249;12.2775;12.3688;12.4217;12.4846;12.5762;12.6191;12.5478;12.5446;12.5519;12.5492;12.5513;12.5699;12.5716;12.5367;12.5813;12.5872;12.5906;12.5578;12.5441;12.5941;12.6139;12.7496;12.8927;13.24;13.6743;14.0602;14.4031;14.7795;15",3.51443,"0.0666667;0.333333;0.6"
22.956,1.39894,2.64769,"1;1.315;1.40655;1.79048;1.93961;2.08708;2.32078;2.48029;2.7733;3.26645;3.59635;3.85269;4.34893;4.78086;5.17081;5.60721;5.9546;6.36225;6.82541;7.18354;7.40918;7.77046;8.17083;8.66188;9.0339;9.43204;9.91086;10.3791;10.8267;11.2298;11.5317;11.8599;12.3514;12.8054;13.0858;13.3813;13.6249;14.0773;14.2526;14.6992;14.8914;15.3535;15.7774;15.9945;16.3346;16.7874;17.1396;17.5248;17.7885;18.0412;18.3959;18.8485;19.2888;19.693;19.8833;20.0232;20.0834;20.0848;20.2953;20.5691;21","15;14.7056;14.4822;14.1741;13.846;13.5829;13.1896;12.9944;12.6685;12.6067;12.5855;12.5611;12.5306;12.4608;12.3532;12.2373;12.139;11.9721;12.0781;12.0065;11.9826;12.0259;12.1006;12.0162;12.0304;12.0608;12.0486;11.9483;11.8953;11.8492;11.7871;11.7886;11.8377;11.8531;12.0891;12.1829;12.2074;12.1819;12.1849;12.2827;12.2614;12.2173;12.1886;12.2894;12.4132;12.4797;12.4965;12.5273;12.5463;12.5672;12.5199;12.7044;12.8551;12.887;12.9301;13.3871;13.6488;13.9019;14.3486;14.7544;15",3.54371,"0.0666667;0.366667;0.566667"
23.8173,1.34029,2.51003,"1;1.35747;1.71323;1.80938;2.15291;2.22915;2.24779;2.3913;2.59958;2.98357;3.32085;3.78588;4.18268;4.61514;5.03197;5.51535;5.69599;6.04811;6.41154;6.56653;6.94093;7.31861;7.7413;8.22097;8.69703;9.12633;9.59193;10.0042;10.2224;10.676;11.1704;11.6368;11.9158;12.0354;12.4142;12.6635;13.1542;13.269;13.6634;14.0869;14.5076;14.8488;15.2973;15.6566;16.0613;16.5606;17.0034;17.4486;17.795;18.2615;18.6263;19.0696;19.3965;19.5855;19.8832;20.2792;20.5987;20.8037;20.8655;20.852;20.9463;20.8402;21.0076;21","15;14.7527;14.4457;14.3315;13.9976;13.7309;13.5063;13.0402;12.8119;12.9681;12.9553;12.9611;12.8969;12.9885;12.856;12.8881;12.7537;12.9406;12.8359;12.7618;12.6997;12.8043;12.9462;12.9341;12.8016;12.7023;12.8522;12.7243;12.7488;12.7466;12.8132;12.8669;12.8709;12.8563;12.9217;12.9233;12.8756;12.8612;12.9307;12.9341;12.8526;12.699;12.7509;12.7219;12.5023;12.4859;12.4477;12.3565;12.3205;12.236;12.3413;12.4601;12.5413;12.6316;12.6017;12.8545;12.9013;12.8809;13.018;13.4592;13.7509;14.2234;14.6769;15",3.46262,"0.0666667;0.4;0.533333"
23.1699,1.33829,2.59122,"1;1.34958;1.54695;1.66789;1.79873;2.02922;2.25104;2.56898;2.84931;3.14519;3.29273;3.78454;4.26371;4.58805;4.97956;5.37696;5.74535;6.08858;6.49194;6.8597;7.32462;7.5747;8.04626;8.46755;8.72635;9.1322;9.52569;9.81514;10.0671;10.4374;10.7107;11.1807;11.5843;11.9464;12.1381;12.5046;12.7907;13.2109;13.6232;14.0208;14.4451;14.8479;15.2836;15.6873;16.1276;16.4842;16.6607;17.0982;17.518;18.0042;18.4974;18.7732;19.0735;19.5123;19.9627;20.3495;20.4147;20.5522;20.6964;20.7126;20.8615;21","15;14.9353;14.6219;14.4291;14.178;13.7642;13.3664;13.0588;12.8236;12.7794;12.7118;12.6594;12.5919;12.6752;12.7777;12.8813;12.864;12.8112;12.7798;12.6577;12.605;12.5981;12.6045;12.49;12.4436;12.4872;12.402;12.3677;12.393;12.2794;12.2433;12.3364;12.4811;12.412;12.3806;12.3593;12.2499;12.1292;12.3172;12.4808;12.5491;12.7398;12.7688;12.8319;12.7694;12.7794;12.8041;12.8987;12.8377;12.92;12.9147;12.9924;12.829;12.7256;12.9093;12.909;13.065;13.5014;13.8302;14.2679;14.5383;15",3.4202,"0.0666667;0.433333;0.5"
23.3401,1.21741,2.70327,"1;1.47942;1.83436;2.00782;2.24092;2.57087;2.77501;3.03835;3.32817;3.74664;4.19797;4.51552;4.93268;5.25977;5.62259;6.09686;6.42837;6.7442;7.12654;7.45742;7.64985;7.99717;8.1992;8.56084;8.91252;9.27318;9.55337;10.0475;10.4943;10.9378;11.2652;11.75;12.1814;12.5874;12.7928;13.2323;13.6283;14.0012;14.2792;14.7266;15.1184;15.6114;15.7803;16.2654;16.4333;16.7894;17.2388;17.549;17.818;18.2429;18.4803;18.8534;19.3048;19.7286;20.0512;20.3996;20.5141;20.6424;20.6916;20.7744;20.9747;21","15;14.858;14.5059;14.312;14.0063;13.6822;13.2283;13.0005;12.8478;12.8879;12.9496;12.7051;12.8254;12.7851;12.5859;12.506;12.4704;12.5703;12.8405;12.8161;12.8492;12.8317;12.8047;12.665;12.668;12.6488;12.7599;12.7972;12.6387;12.5637;12.4212;12.3568;12.4289;12.2706;12.3003;12.2618;12.4043;12.402;12.4872;12.5115;12.7673;12.7156;12.7824;12.879;12.8631;12.8556;12.8969;12.9064;12.7654;12.5482;12.4901;12.6954;12.7326;12.681;12.7636;12.8627;13.1069;13.5002;13.8737;14.3395;14.7842;15",3.38566,"0.0666667;0.466667;0.466667"
23.1748,1.15804,2.85572,"1;1.48996;1.92791;2.17264;2.32943;2.55686;2.7816;2.98771;3.13645;3.37051;3.73627;4.16496;4.54223;4.86394;5.20009;5.5514;5.95988;6.21509;6.64398;7.0271;7.45465;7.87386;8.30226;8.52071;8.84663;9.17651;9.43752;9.68498;10.1011;10.4128;10.6792;11.1147;11.536;11.8147;12.0213;12.409;12.5643;12.9432;13.3016;13.7867;14.2538;14.7244;15.1097;15.2574;15.7382;16.2149;16.5678;16.9171;17.3121;17.5019;17.8174;18.1095;18.5839;18.9252;19.3255;19.739;20.05;20.2827;20.3528;20.6554;20.6357;20.6973;20.8638;21","15;14.9003;14.6591;14.4716;14.3088;14.1112;13.871;13.4906;13.2615;12.8604;12.9255;12.8186;12.6242;12.4747;12.4807;12.2825;12.1418;12.0262;12.058;12.2169;12.2149;12.1315;12.0684;12.1012;12.1986;12.3341;12.2566;12.4068;12.3091;12.2608;12.2286;12.3484;12.3527;12.4932;12.4728;12.5669;12.6313;12.8024;12.7943;12.7998;12.9418;12.8797;12.8967;12.9066;12.9401;12.9022;12.6551;12.7329;12.7758;12.8667;12.9097;12.8149;12.8588;12.7879;12.6948;12.8279;12.9846;12.9605;13.3736;13.7618;13.8509;14.3414;14.6782;15",3.36148,"0.0666667;0.5;0.433333"
22.9281,1.19522,2.7927,"1;1.05646;1.33517;1.59718;1.86664;2.13506;2.3923;2.66505;2.88478;2.99862;3.13131;3.511;3.97469;4.22977;4.58038;4.73346;5.17068;5.58777;5.93225;6.42846;6.56245;6.95748;7.24673;7.57077;8.03543;8.52585;8.67142;9.12737;9.35266;9.64143;10.0374;10.2189;10.6496;11.0384;11.3304;11.5721;11.8391;12.1361;12.4784;12.8018;13.2825;13.5562;13.9056;14.3541;14.8331;15.3036;15.5231;15.8601;16.2081;16.6165;17.0917;17.5228;17.9086;18.1366;18.5036;18.8347;19.2565;19.7127;20.0541;20.108;20.2247;20.402;20.357;20.5813;20.8452;21","15;14.9796;14.8652;14.7628;14.5905;14.2568;13.9252;13.6932;13.3405;12.973;12.9093;12.8625;12.7955;12.7214;12.6006;12.4751;12.3436;12.287;12.2197;12.2115;12.3129;12.3151;12.4962;12.5143;12.6825;12.6054;12.5786;12.5593;12.5975;12.6081;12.6707;12.6689;12.6986;12.6893;12.6964;12.6714;12.6715;12.6338;12.6961;12.7593;12.7087;12.7482;12.8811;12.9978;12.9544;12.9166;12.9786;12.9129;12.7577;12.8177;12.7921;12.8063;12.6045;12.6539;12.4806;12.6328;12.8423;12.928;12.9534;13.1398;13.5827;13.9221;14.1615;14.5193;14.85;15",3.28307,"0.0666667;0.533333;0.4"
23.291,1.20054,2.7344,"1;1.41158;1.79496;2.03756;2.30303;2.38847;2.64908;2.89078;3.07295;3.09016;3.43478;3.78515;4.24064;4.66007;5.05535;5.53783;5.72061;6.17817;6.54726;6.88459;7.34686;7.72418;8.15086;8.55862;9.00789;9.26077;9.71473;9.99731;10.4582;10.8917;11.3247;11.5508;11.9998;12.1929;12.6581;13.1564;13.4006;13.831;14.097;14.4981;14.7616;15.201;15.541;15.9988;16.2544;16.6216;16.9756;17.3559;17.7089;18.0602;18.2966;18.534;19.0171;19.4424;19.939;20.2279;20.7058;20.8149;20.7294;20.8097;20.9275;20.9208;21","15;14.7915;14.6191;14.5232;14.247;14.0553;13.6995;13.5385;13.1419;12.973;12.8151;12.7191;12.6221;12.3878;12.2673;12.2563;12.1709;12.3076;12.2536;12.1629;12.1366;12.1066;11.9756;11.9641;11.8613;11.9368;11.9993;12.014;12.0455;12.1782;12.1432;12.1735;12.104;12.1289;12.2461;12.2529;12.203;12.1421;12.1036;12.0974;12.1229;12.1655;12.2708;12.3205;12.3437;12.3737;12.3985;12.3428;12.4011;12.4528;12.6116;12.8119;12.7011;12.9316;12.9172;12.9977;12.9971;13.4085;13.6738;14.1106;14.563;14.6454;15",3.23566,"0.0666667;0.566667;0.366667"
22.9466,1.19236,2.83568,"1;1.49154;1.93289;2.19781;2.37295;2.67717;2.86335;2.99278;3.38015;3.57622;4.07121;4.51405;4.84765;5.24452;5.60032;5.88336;6.31106;6.75808;7.19343;7.66055;7.97243;8.24215;8.58054;9.0318;9.29084;9.75393;10.1199;10.5541;10.9824;11.2982;11.5742;11.9922;12.3415;12.8283;13.1838;13.4491;13.8808;14.323;14.7337;15.0377;15.1025;15.5411;16.0006;16.2115;16.4836;16.9338;17.3905;17.8688;18.3223;18.7649;19.2473;19.6559;20.1003;20.1838;20.2914;20.3973;20.7412;21.0038;21","15;14.9084;14.6735;14.4574;13.9951;13.7251;13.3956;13.012;12.7455;12.7155;12.7534;12.9077;12.9456;12.989;12.8663;12.7721;12.6713;12.4743;12.566;12.4801;12.6072;12.7064;12.7652;12.6957;12.6508;12.5417;12.5982;12.5459;12.6419;12.5739;12.458;12.592;12.5603;12.569;12.5324;12.4921;12.5439;12.5119;12.5312;12.6128;12.637;12.692;12.7275;12.7391;12.7902;12.6888;12.5464;12.5083;12.4829;12.6217;12.6853;12.8281;12.9637;13.2821;13.641;13.8196;14.1785;14.5766;15",3.19042,"0.0666667;0.6;0.333333"
23.061,1.17189,2.79184,"1;1.45801;1.84515;2.01712;2.24167;2.45345;2.75734;3.08292;3.24314;3.65699;3.85386;4.25361;4.42236;4.83878;5.23931;5.58143;6.04321;6.36213;6.65009;7.01581;7.10315;7.51241;7.9714;8.28282;8.68317;8.83161;8.97439;9.44794;9.76136;10.066;10.439;10.6351;11.0322;11.3517;11.6187;12.0308;12.4848;12.7471;13.2288;13.6676;13.9843;14.2687;14.7433;14.9945;15.4405;15.9139;16.0339;16.4322;16.8677;17.0935;17.4972;17.7088;17.8031;18.2816;18.6588;19.139;19.3492;19.5234;19.9029;20.3008;20.5164;20.7526;20.8908;20.9297;20.9686;21","15;14.8315;14.6002;14.4608;14.1863;14.0117;13.8072;13.428;12.9923;13.0005;12.947;12.7266;12.6974;12.6429;12.3474;12.2945;12.2306;12.2192;12.2026;12.0579;12.0163;11.9729;12.0569;11.9995;12.084;12.1265;12.1817;12.1742;12.1865;12.1433;12.1475;12.2019;12.3018;12.3338;12.419;12.5242;12.5708;12.5212;12.5188;12.5666;12.6124;12.674;12.7676;12.7905;12.7482;12.8852;12.8253;12.6858;12.6553;12.6593;12.6089;12.6247;12.6048;12.6462;12.622;12.6193;12.6239;12.664;12.6426;12.8945;12.9196;13.2663;13.6;14.0985;14.597;15",3.11715,"0.0666667;0.633333;0.3"
23.6292,1.06866,11.8146,"1;1.34298;1.61471;1.92339;2.34812;2.82687;3.25195;3.72103;4.1235;4.62293;5.11159;5.44804;5.83766;6.32071;6.80243;7.23452;7.70961;7.93162;8.39239;8.81829;9.20436;9.50723;10.0072;10.5071;10.9695;11.4695;11.9692;12.4582;12.9282;13.4074;13.8523;14.3252;14.8175;15.1978;15.6838;16.118;16.4453;16.9301;17.2493;17.5602;18.0137;18.5077;18.7415;19.1822;19.6203;20.0169;20.2629;20.6902;20.8992;20.9681;21","15;14.9084;14.8803;14.7409;14.4771;14.3328;14.0696;13.8965;14.1932;14.217;14.1111;14.0745;14.0178;14.1469;14.2809;14.5325;14.6883;14.2403;14.4345;14.1725;14.4902;14.8881;14.881;14.8865;14.6961;14.6993;14.7151;14.8195;14.9903;15.1329;15.3611;15.1987;15.1116;14.787;14.9047;15.1526;15.5306;15.6528;16.0376;16.1918;16.0478;16.1253;16.5673;16.8034;17.0445;16.74;16.3047;16.0451;15.6344;15.4215;15",5.43828,"0.0666667;0.666667;0.266667"
23.3569,1.21106,2.95694,"1;1.48001;1.85801;2.23601;2.48045;2.34915;2.63259;2.91184;3.25385;3.52473;3.85345;4.29619;4.75816;5.13572;5.57924;5.90972;6.34584;6.6879;7.04888;7.41383;7.65815;8.10017;8.5282;8.89343;9.25229;9.72967;10.0767;10.3613;10.6604;10.9253;11.3753;11.8428;12.3366;12.713;13.1998;13.6144;14.0142;14.1748;14.4549;14.8269;15.1729;15.4509;15.7008;16.07;16.3112;16.7798;17.148;17.5194;17.8988;18.339;18.6041;19.0191;19.3812;19.7308;20.1321;20.3442;20.577;20.6551;20.8548;20.9462;20.9246;21","15;14.86;14.713;14.4688;14.229;13.8054;13.6241;13.417;13.0896;12.8045;12.8488;12.8608;12.9151;12.8872;12.9223;12.7326;12.6143;12.679;12.6283;12.6793;12.6752;12.5283;12.3698;12.3849;12.386;12.3388;12.3826;12.2212;12.0995;11.9662;11.8682;11.7684;11.8392;11.8411;11.8775;11.8978;11.7695;11.7791;11.7949;11.7806;11.9589;12.0281;12.0455;12.1981;12.1676;12.2408;12.1842;12.2163;12.4891;12.6992;12.7633;12.8723;12.8092;12.9269;12.9021;12.8791;13.3159;13.5753;13.9907;14.1186;14.5512;15",3.09482,"0.0666667;0.7;0.233333"
22.5645,1.14948,3.01121,"1;1.32518;1.72315;2.10753;2.40693;2.66858;2.7967;2.90443;3.05151;3.37499;3.87313;4.27582;4.6013;4.85475;5.29439;5.75444;6.24159;6.6592;7.07874;7.41369;7.82408;8.0571;8.46658;8.95292;9.30031;9.70165;10.1881;10.5136;10.8151;11.1949;11.5371;11.7932;12.0674;12.5388;12.8815;13.2764;13.4846;13.9829;14.4713;14.8064;15.2707;15.6433;15.9227;16.1942;16.5408;17.0083;17.4886;17.977;18.3511;18.8128;19.2047;19.4943;19.6445;19.8346;20.0644;20.3061;20.3685;20.6052;20.7357;21","15;14.9282;14.8435;14.6515;14.3064;14.0123;13.8022;13.5759;13.227;12.8846;12.9116;12.7057;12.7166;12.7225;12.7469;12.8714;12.7588;12.6746;12.5799;12.3191;12.2724;12.2523;12.2403;12.3563;12.4549;12.4956;12.6112;12.7224;12.6504;12.6347;12.6388;12.7401;12.7688;12.7827;12.804;12.7366;12.8316;12.8527;12.7657;12.8172;12.7994;12.7761;12.7723;12.7621;12.6814;12.6487;12.59;12.6974;12.7061;12.6192;12.7342;12.8376;13.0235;13.3673;13.6133;14.0429;14.1061;14.534;14.8521;15",2.9495,"0.0666667;0.733333;0.2"
22.4647,1.14202,3.11993,"1;1.17255;1.48983;1.87683;2.1572;2.50896;2.67049;3.00496;3.26972;3.45696;3.8165;4.17567;4.64742;4.97387;5.39275;5.8736;6.19421;6.60697;6.94343;7.37927;7.70977;8.18576;8.58589;8.91091;9.14926;9.61051;9.81619;10.1417;10.321;10.7176;10.8171;11.204;11.6167;11.9766;12.2176;12.6642;13.0241;13.3087;13.7821;14.1052;14.5263;14.9075;15.2462;15.6527;16.0962;16.5113;16.9229;17.1954;17.687;17.9369;18.296;18.6352;18.7644;19.1724;19.5994;19.7468;19.9893;20.2325;20.4731;20.5801;20.9085;21","15;14.902;14.6922;14.5219;14.3749;14.1921;14.0445;13.8029;13.6299;13.3125;12.9792;12.7678;12.7887;12.8043;12.9796;12.9725;12.9544;12.944;12.8654;12.8525;12.7637;12.6713;12.7293;12.7018;12.749;12.722;12.7333;12.7899;12.8168;12.7883;12.7387;12.6617;12.6913;12.7406;12.6957;12.7279;12.6471;12.7012;12.5704;12.4759;12.5553;12.56;12.7648;12.6761;12.6424;12.5843;12.507;12.5111;12.4517;12.4025;12.4077;12.5175;12.8553;12.8346;12.8764;13.0194;13.3651;13.6215;13.9905;14.1513;14.5256;15",2.89318,"0.0666667;0.766667;0.166667"
22.5106,1.162,2.86494,"1;1.33896;1.69731;2.01884;2.31846;2.4496;2.50216;2.63469;2.92576;3.23024;3.32692;3.58493;3.83249;4.12805;4.53875;4.64113;5.09605;5.46807;5.82923;6.30908;6.74904;7.22955;7.56389;7.92547;8.27112;8.54292;9.03959;9.33627;9.74105;10.2051;10.6124;10.9203;11.2984;11.6987;12.1315;12.3593;12.8459;13.3126;13.6072;14.0779;14.1386;14.6198;14.9517;15.2298;15.6624;15.7737;16.1971;16.4603;16.8342;17.322;17.8193;18.2813;18.7647;19.2199;19.6581;20.0294;20.2946;20.5168;20.5869;20.822;21","15;14.9119;14.7051;14.5084;14.1529;13.9945;13.9309;13.7036;13.4575;13.0975;12.9805;12.9264;12.8846;12.8715;12.655;12.6115;12.6699;12.7329;12.8593;12.8092;12.7728;12.7418;12.8323;12.7689;12.7738;12.8665;12.8602;12.8388;12.8786;12.7808;12.6321;12.5921;12.6149;12.5704;12.5764;12.5515;12.5078;12.357;12.31;12.4444;12.4736;12.4918;12.425;12.3396;12.3781;12.4183;12.3671;12.3629;12.3343;12.3513;12.3297;12.5108;12.5783;12.6803;12.7772;13.0017;13.3875;13.7758;14.2025;14.5939;15",2.8123,"0.0666667;0.8;0.133333"
22.1584,1.05054,3.65825,"1;1.19135;1.64501;1.85354;2.32577;2.79433;3.12941;3.49492;3.82019;4.18585;4.58087;4.74879;5.01923;5.41374;5.85405;6.19732;6.44565;6.85434;7.15774;7.58666;7.99322;8.41971;8.71432;9.18847;9.3863;9.71246;10.0708;10.4655;10.5868;11.017;11.3811;11.8237;12.0423;12.4718;12.9588;13.134;13.513;13.9831;14.1993;14.5007;14.9744;15.3453;15.8432;16.2734;16.629;17.0553;17.4404;17.7797;18.0833;18.3902;18.6926;18.9458;19.4099;19.7677;19.9962;20.2119;20.4108;20.5675;20.6832;20.969;21","15;15.0121;14.9165;14.8963;14.765;14.591;14.452;14.4077;14.0505;13.728;13.4279;13.1628;12.9861;12.8345;12.9464;12.9841;12.8964;12.9593;12.8576;12.7194;12.6764;12.5551;12.609;12.6386;12.6921;12.7776;12.8916;12.9768;12.9729;12.7999;12.7592;12.6612;12.6548;12.6828;12.6731;12.6524;12.7313;12.6538;12.7341;12.698;12.8326;12.8735;12.8706;12.9112;12.8982;12.9666;12.9827;12.989;12.8918;12.8418;12.823;12.8973;12.9266;12.9503;13.3368;13.7283;14.0153;14.2211;14.4556;14.8396;15",2.7185,"0.0666667;0.833333;0.1"
22.0601,1.04749,4.1478,"1;1.34043;1.80404;1.95691;2.33587;2.66083;3.01623;3.3433;3.77654;4.04785;4.41096;4.87985;5.24214;5.46115;5.69972;6.0681;6.21618;6.42838;6.80037;7.15978;7.62534;8.0818;8.37637;8.64039;8.83766;9.25334;9.58394;10.026;10.5109;10.8829;11.37;11.5788;11.8708;12.1291;12.5852;13.0231;13.4456;13.6288;14.0822;14.4691;14.8237;15.2418;15.6846;16.1033;16.466;16.6039;16.8755;17.355;17.6735;17.9815;18.3283;18.5416;18.9947;19.461;19.5681;19.8265;19.9854;20.2698;20.5067;20.7544;20.8408;21","15;15.0717;15.0025;14.9915;14.8096;14.711;14.6192;14.2623;14.1708;14.106;13.9405;13.8089;13.5992;13.3483;13.0904;12.9299;12.9598;12.9187;12.8933;12.7336;12.8593;12.9084;12.7262;12.7081;12.7371;12.592;12.5665;12.5743;12.6019;12.6301;12.7167;12.7323;12.6682;12.7838;12.622;12.8009;12.9564;12.9461;12.8598;12.8698;12.8955;12.9235;12.9646;12.8536;12.8967;12.8622;12.8965;12.8449;12.8093;12.8017;12.9263;12.875;12.8734;12.9576;12.9865;13.3569;13.6357;14.0254;14.2948;14.4582;14.7651;15",2.65502,"0.0666667;0.866667;0.0666667"
21.6123,1.03178,4.65264,"1;1.40285;1.79161;1.99199;2.30682;2.65405;2.98863;3.43509;3.91542;4.15575;4.48121;4.85098;5.24885;5.34136;5.78893;5.91415;6.32289;6.48017;6.87871;7.34784;7.66465;8.14888;8.39148;8.70158;8.89153;9.3224;9.82093;10.0142;10.4009;10.8418;11.1989;11.5124;11.7651;12.1083;12.5799;13.0568;13.3715;13.8424;14.0904;14.4681;14.7948;15.0658;15.5385;15.9957;16.4556;16.7834;17.2073;17.3885;17.8127;18.1436;18.4175;18.7303;18.987;19.1652;19.456;19.6901;19.9288;20.1637;20.5202;21","15;15.0484;14.9894;14.9405;14.8327;14.7398;14.6565;14.5263;14.4;14.0355;13.8079;13.5316;13.3371;13.3005;13.1248;12.9988;12.8145;12.7807;12.9096;12.9892;12.9687;12.9439;12.9341;12.8841;12.8941;12.8835;12.9218;12.8834;12.9489;12.9158;12.8186;12.7462;12.7975;12.7055;12.6135;12.6007;12.718;12.7767;12.7708;12.8215;12.8332;12.8243;12.815;12.7111;12.759;12.5679;12.6696;12.7302;12.787;12.9899;13.2818;13.5646;13.7135;13.8551;14.1644;14.2594;14.4666;14.696;14.9026;15",2.52451,"0.0666667;0.9;0.0333333"
22.4763,1.04249,11.2382,"1;1.49997;1.96538;2.46144;2.85576;3.12799;3.52475;3.86266;4.35237;4.76873;4.90768;5.27877;5.50418;5.88915;6.21651;6.7164;7.21628;7.48382;7.98367;8.48256;8.98255;9.36831;9.81079;10.3107;10.7364;11.0981;11.5953;12.0952;12.4655;12.8574;13.1579;13.6439;14.0136;14.2599;14.7085;15.0346;15.2535;15.4652;15.7471;16.2231;16.6176;16.9275;17.2387;17.5824;17.9748;18.3545;18.6575;19.0484;19.5265;19.7553;20.0789;20.5568;21","15;14.9946;14.8118;14.8744;15.1819;15.3379;15.5838;15.6869;15.7505;15.7979;15.6777;15.5232;15.2724;15.3574;15.3154;15.3047;15.2941;14.8716;14.8839;14.9171;14.9204;14.6023;14.8352;14.8425;15.1048;14.7595;14.8119;14.8032;14.4672;14.1566;14.293;14.3813;14.3374;14.406;14.4102;14.2669;14.1352;13.9377;13.6653;13.5599;13.3526;13.5277;13.919;14.251;14.4773;14.742;15.1397;15.2499;15.316;15.3053;15.2836;15.1365;15",2.47141,"0.0666667;0.933333;0"
23.6843,2.40544,2.29529,"1;1.0073;1.07389;1.08051;1.24293;1.36791;1.37567;1.50852;1.82092;2.14349;2.53557;2.91632;3.36333;3.68193;3.88117;4.24785;4.71432;5.17432;5.42531;5.72109;6.11954;6.55835;6.96573;7.45214;7.73511;8.0363;8.31249;8.72073;9.15483;9.65045;10.0392;10.3898;10.7862;11.1659;11.3456;11.8285;12.2292;12.5543;13.0145;13.2793;13.7731;14.0822;14.5377;15.0097;15.3997;15.877;16.2493;16.685;17.1628;17.6356;17.8515;18.2369;18.6491;19.0154;19.424;19.8684;20.3377;20.5903;20.7037;20.8354;20.9986;20.9468;21","15;14.5155;14.046;13.9989;13.5347;13.1845;12.9892;12.9093;12.9698;12.9664;12.8941;12.8022;12.6063;12.4706;12.3319;12.3078;12.1894;12.2461;12.2277;12.1512;12.0637;12.093;12.1168;12.1107;12.096;12.0845;12.052;12.0707;12.1347;12.1185;12.195;12.3024;12.1944;12.2264;12.2371;12.2362;12.3381;12.3974;12.4564;12.4598;12.4511;12.3827;12.3318;12.3606;12.2994;12.3345;12.4441;12.4826;12.4845;12.4631;12.4887;12.4535;12.4439;12.6225;12.7276;12.7872;12.903;13.179;13.63;13.9404;14.3357;14.543;15",4.43419,"0.1;0;0.9"
24.6571,2.24962,2.27066,"1;1.09697;1.21902;1.33197;1.42333;1.50931;1.48321;1.79739;2.14093;2.52497;2.62889;3.12413;3.37876;3.81824;4.29519;4.65633;5.01856;5.41262;5.76298;6.20022;6.41253;6.72165;7.15904;7.46207;7.80227;8.21804;8.68756;8.94897;9.40286;9.88643;10.2149;10.4137;10.814;11.0966;11.5166;11.8603;12.32;12.5405;12.9368;13.3759;13.8322;14.1995;14.5231;14.9843;15.2517;15.749;16.1254;16.3421;16.7653;16.9157;17.2771;17.74;18.2337;18.6371;18.9468;19.2244;19.5713;19.9396;20.4288;20.83;20.8532;20.9724;21.0489;21.1464;21.1368;21.163;21.0545;21","15;14.5425;14.1008;13.6946;13.3034;13.0392;12.6815;12.4606;12.527;12.5016;12.554;12.5124;12.4856;12.4763;12.5098;12.4318;12.4917;12.4221;12.4285;12.4927;12.4721;12.3082;12.3556;12.3379;12.3906;12.3487;12.3992;12.3806;12.4498;12.3744;12.3645;12.3737;12.3278;12.3911;12.2714;12.0149;11.8404;11.9474;12.174;12.2154;12.2863;12.333;12.3552;12.4646;12.494;12.4475;12.5137;12.5488;12.6571;12.7261;12.5751;12.5842;12.5302;12.3991;12.2628;12.3616;12.4031;12.5234;12.6007;12.8149;12.8667;13.1432;13.4872;13.7434;14.1269;14.4217;14.7278;15",4.50861,"0.1;0.0333333;0.866667"
24.0723,1.77952,2.29801,"1;1.16014;1.30518;1.40626;1.53315;1.66665;1.79637;2.19157;2.68776;2.98955;3.40363;3.54414;3.80294;4.28784;4.45303;4.92496;5.30055;5.61806;6.03016;6.3165;6.74603;7.12826;7.41489;7.71253;8.09058;8.31628;8.69816;9.0723;9.28353;9.44114;9.74849;9.93251;10.3807;10.6699;11.1354;11.5969;11.9688;12.3823;12.7608;13.0889;13.4729;13.9585;14.1515;14.6139;15.0781;15.4237;15.8593;16.2654;16.7492;17.1394;17.4705;17.7079;18.158;18.6407;19.1306;19.556;19.8026;20.2597;20.7006;20.8142;20.9277;20.9544;21.0884;21.1028;21.1148;21","15;14.6673;14.3936;14.0361;13.6818;13.2096;12.8996;12.8371;12.7766;12.7819;12.774;12.757;12.772;12.8616;12.9568;12.898;12.8751;12.7371;12.6438;12.6123;12.3791;12.2684;12.3252;12.0947;12.2747;12.0096;11.8153;11.8373;11.806;11.8031;12.058;12.1106;12.2119;12.2546;12.3162;12.4062;12.5232;12.6564;12.7425;12.7419;12.7931;12.7754;12.7768;12.7245;12.6315;12.6406;12.7093;12.7204;12.6623;12.7146;12.8452;12.8617;12.8805;12.7544;12.8407;12.9196;12.9587;12.9618;12.9796;12.9785;13.3981;13.4752;13.9382;14.1691;14.5786;15",4.44088,"0.1;0.0666667;0.833333"
23.184,1.52799,2.47543,"1;1.33704;1.59325;1.66756;1.87038;2.04838;2.14768;2.414;2.86125;3.27162;3.47185;3.90835;4.3289;4.66621;5.13407;5.58165;5.9324;6.40518;6.69205;7.05424;7.35236;7.76038;8.18499;8.43926;8.85382;9.24216;9.52408;9.98359;10.4744;10.715;10.9685;11.2925;11.6705;11.969;12.3852;12.7495;13.1409;13.5775;13.811;14.1042;14.5988;15.0863;15.3734;15.8435;16.1526;16.6153;17.0273;17.2576;17.6611;18.1055;18.4406;18.841;19.2149;19.5315;19.8336;20.1837;20.1535;20.3253;20.4911;20.6335;20.867;21","15;14.6307;14.2139;13.9547;13.5334;13.097;12.7699;12.702;12.629;12.562;12.5476;12.6051;12.6658;12.7322;12.7293;12.5846;12.5751;12.6475;12.6715;12.6594;12.6772;12.5661;12.6005;12.5877;12.5736;12.338;12.2965;12.3452;12.408;12.334;12.3252;12.2965;12.2991;12.2962;12.2516;12.3614;12.3209;12.292;12.2462;12.2293;12.2902;12.3814;12.4117;12.4629;12.5172;12.6085;12.6858;12.6491;12.7862;12.7812;12.8626;12.917;12.9062;12.8449;12.7878;13.0112;13.4532;13.71;14.0552;14.4508;14.5889;15",4.45155,"0.1;0.1;0.8"
23.8249,1.57079,2.36384,"1;1.15605;1.42321;1.48625;1.68695;1.85008;2.05222;2.16378;2.40297;2.86901;3.19835;3.67478;4.05674;4.26776;4.56954;4.77327;5.1274;5.51409;5.92193;6.32197;6.65032;7.04154;7.3723;7.79643;8.08207;8.37782;8.78715;9.22888;9.62828;10.0113;10.2404;10.7357;11.0515;11.4357;11.8521;12.2887;12.498;12.7214;13.1523;13.6344;14.0538;14.3684;14.7022;15.0461;15.4594;15.9442;16.4079;16.7999;17.2108;17.6267;17.8656;18.248;18.4005;18.8001;19.1734;19.3065;19.7918;20.1373;20.4626;20.7888;20.9689;20.9991;21.0781;21.0794;21.0315;21.0088;21","15;14.6944;14.3801;14.2145;13.954;13.522;13.1051;12.8654;12.7921;12.7518;12.7226;12.6596;12.6643;12.6756;12.6426;12.6196;12.6232;12.7191;12.9136;12.9404;12.9423;12.8856;12.8927;12.8703;12.853;12.8088;12.5738;12.6137;12.6149;12.7487;12.711;12.6472;12.6709;12.7289;12.6653;12.6785;12.6446;12.5285;12.415;12.3775;12.526;12.6034;12.5752;12.4853;12.3207;12.3982;12.5026;12.5393;12.638;12.7436;12.7845;12.9039;12.8959;12.8639;12.7889;12.757;12.7566;12.6476;12.7299;12.9086;12.9386;13.4015;13.8429;14.2184;14.6122;15.0103;15",4.40421,"0.1;0.133333;0.766667"
23.7414,1.72246,2.28673,"1;1.27424;1.46248;1.56516;1.60576;1.74821;1.80517;2.2361;2.70796;2.88215;3.36262;3.47512;3.92805;4.36635;4.69108;5.086;5.5179;6.00623;6.22951;6.50989;6.97107;7.39484;7.60223;8.08578;8.56477;8.95014;9.42735;9.89605;10.297;10.7858;11.2417;11.6897;12.1355;12.6057;13.034;13.2555;13.7244;14.1104;14.4324;14.7518;15.2206;15.718;16.1452;16.5018;16.6754;17.1407;17.4368;17.845;18.1727;18.59;19.0331;19.4322;19.8437;20.2448;20.7033;20.7325;20.7551;20.7772;20.8356;20.8873;21","15;14.5819;14.1566;13.6945;13.411;12.9647;12.9251;12.8351;12.8153;12.795;12.7073;12.7728;12.7883;12.7087;12.7342;12.9045;12.8285;12.798;12.8167;12.584;12.5889;12.6134;12.4724;12.4609;12.5098;12.4215;12.2834;12.233;12.2055;12.2347;12.2366;12.2425;12.1122;12.014;12.1544;12.1281;12.1395;12.3388;12.359;12.4211;12.3159;12.2907;12.3967;12.3844;12.4006;12.4567;12.4039;12.5407;12.5277;12.7404;12.8085;12.8744;12.9399;12.905;12.9331;13.3013;13.5202;13.7835;14.249;14.5972;15",4.33816,"0.1;0.166667;0.733333"
23.6557,1.64385,2.33763,"1;1.27706;1.44817;1.57895;1.77964;1.83771;1.89388;2.07461;2.29286;2.72683;2.98141;3.33512;3.81548;4.24972;4.55808;5.05065;5.40212;5.70324;6.01261;6.27129;6.67598;7.11392;7.41719;7.83741;8.07518;8.41983;8.81169;9.25964;9.42101;9.85382;10.3181;10.7787;11.1719;11.4504;11.9004;12.3943;12.5687;12.9702;13.1341;13.5162;13.8741;14.3246;14.6616;14.9811;15.474;15.9232;16.2142;16.5701;16.9811;17.2676;17.6955;18.0462;18.5156;18.8348;19.1503;19.4396;19.8713;20.2878;20.5314;20.6233;20.7175;20.8335;20.9538;20.9816;21","15;14.5838;14.3037;14.0446;13.6548;13.4781;12.9883;12.7169;12.5293;12.4484;12.377;12.1958;12.1513;12.1161;12.0683;12.0651;12.0697;12.0122;12.088;12.1046;12.1215;12.1707;12.2871;12.3825;12.2336;12.1644;12.1043;12.2071;12.2209;12.143;12.2515;12.4006;12.5523;12.5894;12.4278;12.4999;12.5493;12.4448;12.4236;12.45;12.4817;12.5636;12.5651;12.5945;12.5267;12.4838;12.4589;12.3969;12.2545;12.2314;12.2535;12.255;12.3035;12.3672;12.4452;12.5068;12.6665;12.8585;12.9882;13.3006;13.7266;14.0341;14.4464;14.641;15",4.33069,"0.1;0.2;0.7"
23.3873,1.58411,2.4153,"1;1.31035;1.43516;1.5576;1.79165;1.79132;1.96935;2.45989;2.85978;3.26911;3.53957;3.98415;4.2463;4.55202;5.01217;5.45349;5.8921;6.07488;6.41096;6.82807;7.11518;7.47008;7.76921;8.11951;8.53431;8.91612;9.40195;9.66215;10.0404;10.4252;10.6772;10.7962;11.2087;11.3494;11.7274;12.0861;12.5515;12.9126;13.3658;13.8208;13.9751;14.3416;14.7842;14.9785;15.2652;15.7489;16.0991;16.2096;16.6415;16.9512;17.3238;17.6131;17.9512;18.4157;18.8764;19.3095;19.7488;20.1932;20.2671;20.4101;20.5296;20.7648;20.8855;21","15;14.6661;14.2905;13.9799;13.6228;13.2771;12.9744;12.9033;12.7898;12.8001;12.8093;12.7436;12.7458;12.7674;12.6723;12.5765;12.46;12.4421;12.4029;12.3539;12.2281;12.2935;12.2262;12.298;12.2567;12.291;12.1963;12.1568;12.0312;11.973;12.0744;12.1868;12.2665;12.2272;12.2852;12.454;12.422;12.4168;12.5549;12.7115;12.7696;12.7049;12.5456;12.4851;12.3402;12.3208;12.2992;12.3215;12.432;12.5116;12.6828;12.8735;12.8206;12.8335;12.7131;12.7695;12.7128;12.9279;13.4145;13.7924;14.001;14.3939;14.6726;15",4.31855,"0.1;0.233333;0.666667"
23.011,1.42312,2.51077,"1;1.36537;1.61578;1.75334;1.98714;2.17158;2.37462;2.58793;3.0152;3.26508;3.59538;3.70296;4.19443;4.64719;5.05299;5.54292;5.91395;6.29116;6.78417;7.0504;7.40841;7.61491;8.05827;8.30084;8.64632;8.84573;9.27872;9.67251;10.0653;10.3133;10.7638;10.9507;11.426;11.7972;12.1629;12.4229;12.8933;13.3521;13.5766;13.883;14.1841;14.5534;14.9958;15.3462;15.7726;16.2258;16.6215;17.0399;17.2108;17.6083;17.8256;18.162;18.4764;18.7967;19.124;19.5754;19.7175;20.09;20.1644;20.1761;20.3435;20.5412;20.8079;21","15;14.6994;14.4109;13.9719;13.6409;13.2334;12.7992;12.7454;12.6957;12.5627;12.6392;12.632;12.5617;12.4621;12.3584;12.3941;12.4868;12.5521;12.5747;12.5679;12.5075;12.4188;12.3918;12.4266;12.4044;12.4533;12.2499;12.2093;12.2602;12.2516;12.3736;12.4161;12.554;12.4817;12.5841;12.5937;12.5216;12.6283;12.6399;12.6578;12.7063;12.7694;12.7828;12.7445;12.6911;12.5932;12.5383;12.4809;12.4581;12.4089;12.424;12.4258;12.455;12.5133;12.6192;12.7888;12.8655;12.9714;13.3532;13.5315;13.9639;14.2699;14.6769;15",4.27075,"0.1;0.266667;0.633333"
23.037,1.51564,2.4379,"1;1.11553;1.21799;1.55702;1.72241;1.93417;2.02798;2.20143;2.58313;2.90382;3.30499;3.62202;3.98043;4.21923;4.50491;4.70642;5.20102;5.46156;5.8919;6.30164;6.53639;6.85386;7.07215;7.37755;7.85932;8.26478;8.64753;9.07752;9.56397;9.9793;10.3838;10.8165;10.9129;11.3414;11.697;12.0188;12.4221;12.9012;13.3443;13.6619;14.0109;14.2397;14.5392;14.8186;15.2108;15.3971;15.7397;16.1103;16.2765;16.7492;16.8903;17.3753;17.5954;17.9756;18.2224;18.491;18.9326;19.2515;19.3775;19.8477;20.2014;20.3179;20.4846;20.5518;20.6251;20.7803;20.8879;21","15;14.827;14.618;14.2664;14.0533;13.6747;13.2157;12.8666;12.8024;12.8143;12.7408;12.5981;12.6466;12.6141;12.5174;12.3808;12.4064;12.502;12.4783;12.384;12.313;12.3586;12.3706;12.3892;12.3992;12.3955;12.4442;12.4812;12.5412;12.5456;12.5554;12.6793;12.6493;12.5746;12.5285;12.4604;12.5179;12.5254;12.5082;12.389;12.425;12.4282;12.4106;12.4595;12.5362;12.5053;12.5037;12.5119;12.5093;12.5203;12.5099;12.5483;12.5442;12.5878;12.6556;12.6973;12.6779;12.9043;12.9809;12.9866;12.9702;13.2909;13.761;14.0934;14.2464;14.652;14.8332;15",4.22113,"0.1;0.3;0.6"
22.8861,1.35263,2.60851,"1;1.173;1.57339;1.74566;2.01339;2.31052;2.42094;2.60306;2.86708;3.11221;3.55709;4.03617;4.47843;4.86188;5.35173;5.54302;5.86528;6.17315;6.43652;6.91167;7.31659;7.7996;8.13312;8.50796;8.69137;9.06039;9.40332;9.8673;10.0469;10.4564;10.95;11.2401;11.5508;12.0209;12.3889;12.8312;13.2717;13.6457;14.0446;14.51;14.9546;15.4144;15.8156;16.2419;16.5484;17.0227;17.4492;17.8756;18.2047;18.5465;18.8598;19.2783;19.7295;20.0996;20.2105;20.4106;20.6592;20.8973;21","15;14.8192;14.6216;14.1553;13.8269;13.5552;13.3182;12.973;12.7758;12.704;12.4757;12.3826;12.408;12.3747;12.3274;12.2983;12.2412;12.2862;12.312;12.3124;12.3245;12.3742;12.3578;12.3741;12.3868;12.4594;12.4571;12.624;12.6619;12.7206;12.6619;12.5807;12.4872;12.4269;12.5099;12.6273;12.6642;12.4793;12.4533;12.4454;12.4459;12.5312;12.3941;12.3737;12.5127;12.5503;12.6401;12.5599;12.5608;12.6498;12.7167;12.6812;12.7903;12.9517;13.4091;13.6974;14.1154;14.553;15",4.21765,"0.1;0.333333;0.566667"
22.9008,1.33006,2.51804,"1;1.28426;1.59684;1.65254;1.92877;2.03214;2.21125;2.40708;2.49669;2.94631;3.3162;3.56233;3.94605;4.32462;4.78031;5.10923;5.32911;5.71717;6.07879;6.4407;6.72416;7.08472;7.56225;7.67984;8.06996;8.35436;8.8368;9.21181;9.65153;9.94639;10.2037;10.557;11.0527;11.3814;11.8052;12.2379;12.5605;12.849;13.1403;13.5723;14.0272;14.4789;14.7672;14.873;15.3426;15.607;16.0579;16.4851;16.8543;17.3084;17.7012;18.193;18.6644;19.0854;19.5006;19.732;20.0064;20.2783;20.3168;20.4851;20.5792;20.6783;20.8409;20.9744;21","15;14.8179;14.4732;14.3865;14.0443;13.8793;13.6091;13.2022;12.9265;12.7705;12.6728;12.6166;12.5496;12.5073;12.5214;12.4659;12.4803;12.4982;12.5126;12.3921;12.2736;12.2382;12.2488;12.2468;12.2988;12.2287;12.2544;12.1923;12.1872;12.1477;12.105;12.1028;12.1552;12.2032;12.3078;12.4138;12.411;12.3982;12.3569;12.3332;12.4982;12.6532;12.6801;12.7127;12.6232;12.7405;12.6733;12.6532;12.59;12.5371;12.4965;12.5543;12.5217;12.6476;12.8178;12.9285;12.9608;12.9891;13.3622;13.714;13.9115;14.2567;14.5943;14.9217;15",4.12073,"0.1;0.366667;0.533333"
22.8269,1.28394,2.62121,"1;1.39691;1.40215;1.73532;2.04603;2.26591;2.43643;2.59871;2.76455;3.06491;3.44523;3.65203;3.98291;4.37816;4.74205;5.17639;5.49486;5.9121;6.15444;6.43534;6.8911;7.36785;7.81392;8.02316;8.48452;8.93437;8.99875;9.45809;9.81374;10.3097;10.6816;11.1171;11.5308;11.8384;12.0977;12.4684;12.738;13.1225;13.3747;13.8174;14.2436;14.7321;15.0862;15.5338;15.9917;16.2215;16.463;16.784;17.1336;17.3449;17.789;18.0998;18.4778;18.6586;19.1197;19.3757;19.6388;19.9491;20.3814;20.4543;20.7354;20.7391;20.8985;20.986;21.1017;21","15;14.7021;14.6938;14.3229;14.0265;13.7132;13.4462;13.2658;12.9258;12.9266;12.8781;12.7918;12.792;12.7747;12.8459;12.7276;12.6988;12.7072;12.6399;12.675;12.7694;12.8182;12.9092;12.9355;12.9446;12.9494;12.9717;12.9478;12.9632;12.9726;12.9813;12.9468;12.9189;12.8961;12.7865;12.776;12.7838;12.7984;12.8106;12.8927;12.898;12.9027;12.7956;12.6768;12.7016;12.704;12.7256;12.7712;12.8384;12.824;12.7959;12.8085;12.8762;12.9;12.863;12.8681;12.8646;12.8553;12.9366;13.2792;13.5701;13.8328;14.1933;14.3761;14.769;15",4.10687,"0.1;0.4;0.5"
21.7907,1.16502,10.8953,"1;1.38259;1.71187;2.20979;2.68469;3.17963;3.67678;4.16282;4.66276;4.94438;5.39076;5.8588;6.26232;6.66814;7.14722;7.58634;8.0863;8.34184;8.81093;9.3108;9.54986;9.90437;10.3711;10.5316;10.9755;11.4755;11.9446;12.0522;12.5064;12.7088;13.027;13.5252;14.024;14.3696;14.8307;15.3195;15.6501;16.0791;16.579;16.8267;17.293;17.6092;18.0995;18.583;19.009;19.4613;19.8674;20.1555;20.5217;20.8996;21","15;15.3219;15.6982;15.6526;15.4962;15.4252;15.3719;15.2545;15.247;14.8569;14.9257;14.7498;15.045;14.753;14.6099;14.849;14.8546;14.9352;15.0248;15.0132;15.0983;15.0398;15.1381;15.04;14.9416;14.9446;15.1177;15.1551;15.3459;15.359;15.3953;15.437;15.4722;15.3896;15.3678;15.3134;15.362;15.1051;15.0944;14.6601;14.4798;14.2677;14.2359;14.3633;14.3042;14.2519;14.2332;14.215;14.5554;14.8828;15",7.76841,"0.1;0.433333;0.466667"
22.7438,1.27435,2.66737,"1;1.19735;1.509;1.73767;2.07706;2.3698;2.46915;2.77967;2.91817;3.4063;3.77544;4.13105;4.35418;4.72712;5.0071;5.48818;5.90345;6.3316;6.53497;7.00835;7.23318;7.5684;8.03298;8.45058;8.56716;9.01966;9.31255;9.60048;10.0613;10.5475;11.0188;11.1792;11.5578;11.972;12.3537;12.7084;13.1231;13.4962;13.7985;13.8131;14.3083;14.5487;14.9163;15.1971;15.6254;16.0222;16.3849;16.848;17.139;17.4594;17.8929;18.2446;18.4522;18.8666;19.2292;19.6387;20.1028;20.3556;20.4565;20.6599;20.8153;20.8907;21","15;15.0008;14.6593;14.3818;14.0793;13.8267;13.4007;13.0578;12.972;12.9529;12.8785;12.8988;12.8771;12.7159;12.5853;12.5649;12.4329;12.2864;12.2476;12.2657;12.2794;12.2971;12.3642;12.351;12.3082;12.3064;12.3208;12.2647;12.3053;12.2978;12.2698;12.2251;12.2685;12.2846;12.2958;12.3258;12.3333;12.2519;12.2178;12.2222;12.1977;12.2587;12.299;12.3131;12.3178;12.3282;12.3664;12.3832;12.3378;12.3497;12.4809;12.5438;12.5492;12.6286;12.647;12.7506;12.917;12.9947;13.3335;13.7733;14.2192;14.6594;15",4.02494,"0.1;0.466667;0.433333"
22.86,1.39228,2.48932,"1;1.32882;1.63175;1.79922;1.89387;2.06852;2.2454;2.31798;2.64938;2.94818;3.40381;3.54976;3.95773;4.31709;4.5442;4.85121;5.31387;5.7395;5.98013;6.48012;6.94812;7.17659;7.65672;8.12579;8.26991;8.76552;9.19648;9.4887;9.90407;10.4003;10.7724;10.9429;11.3907;11.6236;12.0935;12.532;12.992;13.3658;13.7822;13.8791;14.2851;14.627;14.903;15.2678;15.5202;15.9987;16.4229;16.7225;17.1677;17.3711;17.8058;18.1611;18.4082;18.8026;19.2919;19.7325;20.1411;20.2071;20.3719;20.4621;20.5104;20.6303;20.7787;20.9745;21","15;14.7324;14.3586;14.0647;13.901;13.5389;13.0864;12.9527;12.7536;12.752;12.8269;12.7665;12.6687;12.6264;12.6061;12.6641;12.7029;12.8312;12.8378;12.8351;12.8751;12.8882;12.8321;12.8551;12.85;12.7839;12.6978;12.6511;12.5771;12.559;12.5865;12.6032;12.5345;12.5632;12.6704;12.4622;12.3369;12.2928;12.2954;12.306;12.33;12.3335;12.3231;12.3364;12.3662;12.4313;12.4245;12.4279;12.5294;12.6213;12.5948;12.585;12.6277;12.7627;12.7921;12.8171;12.9526;13.2264;13.5794;13.8369;14.1303;14.3731;14.6828;14.9795;15",3.97787,"0.1;0.5;0.4"
23.0748,1.25345,2.58265,"1;1.44845;1.70869;2.04715;2.15421;2.31455;2.40522;2.58878;2.91769;3.40297;3.6655;4.14269;4.56748;4.95288;5.01616;5.49367;5.7528;6.05848;6.50196;6.90968;7.39101;7.77636;8.13114;8.50645;8.78612;9.15694;9.36842;9.85983;10.2557;10.6801;11.0126;11.3434;11.7974;12.1698;12.6571;12.8462;13.1776;13.5976;13.9876;14.3937;14.8719;15.2407;15.6498;16.0789;16.4293;16.6657;17.0932;17.4611;17.9369;18.2867;18.5513;18.8632;19.3354;19.7749;20.2654;20.7113;20.7453;20.8424;20.9675;20.9936;21","15;14.7789;14.6198;14.3318;14.0879;13.6835;13.5315;13.1912;12.8158;12.7586;12.7389;12.6217;12.5772;12.5028;12.4908;12.4119;12.4532;12.4876;12.4887;12.4297;12.2987;12.4012;12.4399;12.4477;12.4663;12.47;12.4843;12.5206;12.548;12.5418;12.4563;12.4225;12.3797;12.4028;12.392;12.4428;12.4072;12.4671;12.3983;12.415;12.5041;12.6278;12.7715;12.6529;12.6659;12.6814;12.6678;12.6924;12.6991;12.7273;12.7211;12.6883;12.6514;12.7778;12.8731;12.9991;13.282;13.7693;14.18;14.5706;15",3.92296,"0.1;0.533333;0.366667"
22.3568,1.23735,2.82862,"1;1.24995;1.41642;1.68487;1.97531;2.23197;2.56814;2.67812;2.75724;2.88177;3.08725;3.37281;3.78347;4.14358;4.31836;4.68229;5.04151;5.48864;5.6913;6.16309;6.51561;6.98545;7.17057;7.59568;8.0407;8.45231;8.847;8.94051;9.33518;9.833;9.99006;10.3558;10.7535;11.1379;11.5247;11.7949;12.1343;12.339;12.7131;12.9982;13.4157;13.6096;14.0817;14.4669;14.7627;15.1682;15.374;15.866;16.0895;16.5651;17.0273;17.5101;17.9035;18.2406;18.68;18.9971;19.2123;19.6402;19.8712;19.964;20.2381;20.409;20.7273;21","15;14.8418;14.7232;14.4797;14.0903;13.9341;13.6105;13.5222;13.415;13.0392;12.919;12.967;12.936;12.7771;12.7976;12.772;12.7178;12.6412;12.5958;12.5602;12.5449;12.5177;12.4981;12.4587;12.3499;12.2291;12.3096;12.3805;12.4176;12.371;12.3833;12.383;12.3306;12.3514;12.5542;12.5934;12.6484;12.6546;12.6959;12.721;12.8102;12.8149;12.7562;12.7227;12.7415;12.7765;12.8242;12.7644;12.7504;12.7238;12.704;12.6907;12.9007;12.9048;12.9235;12.8364;12.8481;12.9833;13.3192;13.7359;14.0375;14.2933;14.6222;15",3.87971,"0.1;0.566667;0.333333"
22.4499,1.13515,2.95785,"1;1.22614;1.59379;1.81489;2.23658;2.5567;2.80279;3.02088;3.13576;3.40396;3.57536;4.00497;4.49651;4.9188;5.302;5.79228;6.11804;6.47212;6.94863;7.23711;7.58452;7.78489;8.21539;8.66774;9.1311;9.41008;9.80068;10.2359;10.5523;10.8681;11.2961;11.6935;12.099;12.5558;13.0342;13.4678;13.9383;14.3901;14.8347;15.2651;15.6389;16.0023;16.3076;16.7569;17.0248;17.4349;17.8873;18.2703;18.562;19.0396;19.4914;19.9404;20.198;20.3332;20.5649;20.6634;20.9217;21","15;14.9893;14.8063;14.7528;14.5726;14.2261;13.9283;13.6681;13.386;12.99;12.9435;12.9206;12.9391;12.8196;12.9285;12.866;12.7303;12.7657;12.6771;12.6499;12.618;12.653;12.6435;12.619;12.6759;12.5989;12.4338;12.4127;12.5101;12.5988;12.6366;12.6196;12.6065;12.6581;12.6178;12.5267;12.4749;12.5213;12.5246;12.4731;12.4787;12.5154;12.4706;12.5717;12.6435;12.832;12.8757;12.9002;12.8781;12.921;12.8926;12.9492;13.3592;13.7191;14.0835;14.3508;14.6185;15",3.81343,"0.1;0.6;0.3"
22.2209,1.18986,3.01665,"1;1.46027;1.82398;1.9345;2.29599;2.50846;2.80859;2.99961;3.16343;3.61659;4.03985;4.38162;4.60334;5.07719;5.29422;5.51692;5.92955;6.25127;6.57544;6.9711;7.46615;7.90092;8.25199;8.72304;9.09401;9.56549;9.92375;10.2722;10.7271;11.1721;11.5256;12.0133;12.4549;12.693;13.1613;13.4694;13.8126;14.2496;14.5764;14.8705;15.3311;15.7829;16.1346;16.3512;16.6949;17.059;17.3294;17.7637;18.1885;18.4582;18.885;19.2298;19.3645;19.5664;19.7838;19.9786;20.1704;20.4421;20.6748;21","15;14.8047;14.4616;14.3375;14.0357;13.8034;13.4392;13.1056;12.9252;12.9003;12.7848;12.7876;12.7916;12.7969;12.6628;12.6099;12.5952;12.5948;12.5687;12.5773;12.597;12.6487;12.7099;12.643;12.6295;12.7329;12.7069;12.6445;12.6851;12.46;12.3119;12.3219;12.3568;12.3526;12.3962;12.4978;12.5652;12.5865;12.426;12.4691;12.453;12.4104;12.4261;12.5338;12.4748;12.4602;12.4055;12.5713;12.7839;12.8593;12.8685;13.0242;13.2141;13.5963;13.7942;14.0088;14.2177;14.5817;14.8274;15",3.78011,"0.1;0.633333;0.266667"
22.3193,1.17427,2.84811,"1;1.41008;1.78664;1.99811;2.29682;2.49118;2.77308;2.96228;3.21416;3.6842;4.12274;4.31365;4.66958;4.97995;5.47015;5.69287;5.99601;6.22798;6.68027;7.08883;7.49804;7.94271;8.39912;8.65132;9.0761;9.54671;10.0206;10.4572;10.9311;11.3639;11.781;12.1438;12.6308;12.9944;13.4047;13.7307;14.0854;14.5617;15.0392;15.4347;15.9171;16.3803;16.7266;17.1849;17.3513;17.8126;18.2151;18.7096;19.1486;19.5024;19.8217;20.0202;20.1335;20.2913;20.4392;20.7126;21","15;14.8427;14.5903;14.4332;14.1105;13.8909;13.6232;13.2794;12.9013;12.7844;12.7954;12.7382;12.7703;12.7885;12.8369;12.8597;12.9173;12.9109;12.7713;12.7054;12.5545;12.6015;12.6114;12.6173;12.6292;12.6318;12.628;12.5939;12.5363;12.5129;12.5217;12.613;12.5596;12.6947;12.6466;12.675;12.5701;12.5576;12.4766;12.5072;12.5627;12.6351;12.6966;12.7387;12.7058;12.7108;12.7921;12.8605;12.8104;12.903;12.9863;13.2542;13.5079;13.9438;14.3623;14.6587;15",3.67933,"0.1;0.666667;0.233333"
22.244,1.08749,3.35739,"1;1.42933;1.89245;2.33983;2.7044;2.93761;3.19297;3.59701;3.88037;4.23306;4.50793;4.84188;5.20625;5.30787;5.72148;5.97274;6.40743;6.68385;7.02591;7.21533;7.65276;8.10177;8.2404;8.59882;9.09024;9.20803;9.63122;10.0681;10.3143;10.7074;11.1631;11.5393;11.81;12.1994;12.6699;13.0392;13.4994;13.9916;14.1834;14.5246;15.0004;15.3261;15.6937;16.1436;16.6187;17.0902;17.5263;17.8982;18.3681;18.7074;18.8881;19.1831;19.5854;19.8012;19.8808;20.1021;20.2792;20.7296;20.9375;21","15;14.8851;14.7782;14.5763;14.3846;14.1463;13.759;13.5353;13.2388;12.9033;12.8157;12.7641;12.7285;12.7208;12.7331;12.7762;12.6523;12.6539;12.6858;12.7415;12.8138;12.7492;12.8802;12.8192;12.7683;12.7501;12.898;12.9308;12.9747;12.9294;12.8359;12.856;12.8039;12.7793;12.7354;12.8306;12.8982;12.8786;12.8968;12.8664;12.886;12.8932;12.8982;12.89;12.9294;12.8914;12.7899;12.7968;12.7702;12.6236;12.6737;12.8751;12.9694;13.3725;13.4214;13.7854;14.2374;14.4085;14.8633;15",3.65712,"0.1;0.7;0.2"
21.9675,1.11939,3.23482,"1;1.32374;1.51137;1.92956;2.22359;2.569;2.84603;3.04631;3.28962;3.54127;3.80531;4.25938;4.38427;4.87777;5.17405;5.63696;5.88985;6.22365;6.54699;6.93622;7.0685;7.54609;7.97364;8.37594;8.77669;9.17562;9.57559;9.7376;10.1734;10.4698;10.7517;11.2416;11.5233;11.9162;12.2453;12.6854;13.1191;13.592;13.7911;14.2722;14.6368;14.9641;15.3027;15.7892;15.9905;16.4078;16.8174;17.0506;17.429;17.7676;18.1632;18.547;18.8801;19.1618;19.2948;19.5826;19.88;20.2142;20.4867;20.6121;20.7943;21","15;14.9539;14.8237;14.6434;14.4345;14.1644;13.8976;13.6993;13.3837;13.012;12.8953;12.9149;12.9309;12.9089;12.909;12.8095;12.7821;12.7923;12.7689;12.7073;12.6884;12.6677;12.5821;12.5972;12.6562;12.6573;12.6898;12.7425;12.7295;12.6478;12.6755;12.633;12.6162;12.6479;12.6672;12.754;12.831;12.8411;12.8962;12.8479;12.7174;12.7688;12.7117;12.7121;12.6927;12.69;12.6181;12.5474;12.6796;12.8075;12.8308;12.9249;12.9783;12.9998;13.2198;13.4894;13.7873;13.9848;14.3204;14.5035;14.9368;15",3.55677,"0.1;0.733333;0.166667"
21.8039,1.10045,3.75474,"1;1.47021;1.82612;2.15438;2.45993;2.62021;2.7784;3.01833;3.18578;3.56249;3.6172;3.79685;4.1481;4.4493;4.93679;5.28603;5.74762;6.17635;6.36645;6.5495;6.99362;7.13719;7.56556;7.84952;8.21233;8.64296;9.11885;9.50399;9.79456;10.0325;10.459;10.929;11.3899;11.4458;11.9033;12.2061;12.6112;13.0632;13.5465;13.987;14.4575;14.9413;15.3219;15.5752;16.006;16.3629;16.757;17.24;17.7121;18.1563;18.6302;18.9152;19.0304;19.3721;19.7115;19.8428;20.0814;20.3883;20.6884;21","15;15.1337;15.0106;14.8943;14.6387;14.4684;14.2692;14.124;13.9699;13.6467;13.6165;13.4222;13.0993;12.8995;12.8176;12.7502;12.5757;12.6016;12.6175;12.6861;12.6461;12.6804;12.7019;12.6106;12.6416;12.6155;12.6517;12.6201;12.5568;12.6135;12.6371;12.5312;12.5236;12.5073;12.3911;12.4277;12.4893;12.4678;12.4184;12.4737;12.4455;12.4501;12.5061;12.5212;12.5841;12.6162;12.6563;12.7734;12.8217;12.8739;12.9687;13.319;13.4604;13.7106;14.0511;14.2286;14.3915;14.7176;14.86;15",3.5247,"0.1;0.766667;0.133333"
21.5877,1.0583,4.09821,"1;1.41101;1.61569;2.03897;2.50598;2.6312;2.96987;3.34852;3.66597;3.96063;4.24475;4.49915;4.80701;5.21699;5.60772;5.92434;6.26521;6.61352;7.11349;7.28066;7.68628;8.01738;8.32619;8.77342;9.02042;9.44933;9.915;10.2635;10.4635;10.8992;11.3306;11.6662;12.0154;12.4859;12.8632;13.2933;13.7591;14.1588;14.6151;15.1065;15.4868;15.7178;16.1178;16.33;16.796;17.018;17.3421;17.6609;17.9003;18.1529;18.453;18.7656;18.9581;19.3622;19.553;19.8244;20.2165;20.5711;21","15;14.9021;14.8392;14.674;14.4979;14.4647;14.2607;14.0944;13.9317;13.5434;13.3718;13.2124;12.992;12.8511;12.7043;12.5302;12.6588;12.5737;12.5792;12.5588;12.6358;12.6583;12.7278;12.6575;12.5956;12.5133;12.4743;12.4684;12.468;12.539;12.6243;12.7034;12.6896;12.5795;12.4526;12.5271;12.6014;12.5771;12.7044;12.7221;12.8302;12.7033;12.7314;12.7916;12.7382;12.7781;12.7821;12.8159;12.913;13.0235;13.1922;13.3961;13.5707;13.7818;14.034;14.25;14.5573;14.7708;15",3.41523,"0.1;0.8;0.1"
21.614,1.03533,10.807,"1;1.45757;1.94898;2.44755;2.88559;3.12697;3.60589;4.03916;4.16527;4.64013;5.07488;5.47822;5.87206;6.36396;6.72778;7.20288;7.68408;8.02864;8.3433;8.60136;9.08024;9.55689;9.99894;10.4161;10.5914;11.0503;11.3273;11.7384;12.1925;12.6362;13.0878;13.1993;13.5497;13.8129;14.2923;14.7089;15.0132;15.2404;15.6574;16.0679;16.3583;16.8124;17.3077;17.6631;17.9463;18.435;18.649;19.1167;19.3579;19.6807;20.0421;20.4132;20.7646;21","15;15.2016;15.2938;15.3317;15.36;15.5165;15.6602;15.9098;15.9579;16.1074;16.1783;16.0915;16.166;16.1634;16.1572;16.0907;16.1295;15.9417;15.8889;15.9272;15.8203;15.8431;15.7605;15.8531;15.8022;15.75;15.6415;15.452;15.3399;15.4568;15.2728;15.0422;15.0145;14.6291;14.5007;14.2943;14.2982;14.1714;14.1613;13.9236;13.9469;13.9893;13.9206;14.2333;14.2636;14.3602;14.4866;14.6202;14.8648;15.0565;15.2254;15.479;15.1663;15",3.74465,"0.1;0.833333;0.0666667"
21.3762,1.01566,5.29425,"1;1.4906;1.99035;2.48783;2.76123;3.18636;3.53118;3.90758;4.32924;4.73656;4.97144;5.39137;5.6096;5.93273;6.29061;6.70395;6.83542;7.06041;7.31499;7.76376;8.04198;8.40178;8.72457;9.17783;9.59987;10.0591;10.5504;10.7694;11.21;11.5273;11.8809;12.2003;12.5526;12.7818;13.1081;13.3389;13.7679;14.1642;14.6607;15.0546;15.5201;15.7145;16.0211;16.2309;16.6513;17.1166;17.5908;17.952;18.2715;18.67;18.9032;19.1198;19.5331;19.9324;20.3402;20.5478;21","15;14.9035;14.9193;14.8691;14.8832;14.7806;14.6463;14.5449;14.4461;14.1894;14.0893;13.8334;13.7167;13.5871;13.275;13.2282;13.1669;13.0612;12.9347;12.8717;12.7903;12.6489;12.6269;12.4376;12.5166;12.4965;12.4706;12.527;12.4278;12.3999;12.3892;12.3232;12.3301;12.3575;12.4326;12.4716;12.5084;12.5458;12.5951;12.6308;12.7139;12.7615;12.8455;12.8299;12.7657;12.8123;12.8632;12.9748;13.3014;13.6017;13.825;14.1519;14.3308;14.5433;14.8222;14.906;15",3.19433,"0.1;0.866667;0.0333333"
23.2039,1.11367,10.8888,"1;1.44066;1.91635;2.20399;2.62504;2.96709;3.4532;3.94105;4.43941;4.92664;5.40408;5.89514;6.36162;6.71257;6.78487;7.05785;7.55197;7.73672;8.1573;8.62489;8.85896;9.25822;9.70075;9.83178;10.264;10.6134;10.7356;11.2301;11.6472;12.1469;12.5737;12.7108;13.2087;13.7066;14.1307;14.4915;14.974;15.4739;15.8923;16.3821;16.7056;17.0835;17.312;17.6899;18.1184;18.5678;18.9119;19.374;19.7345;20.0798;20.1403;20.5914;20.863;21","15;14.7637;14.6097;14.2962;14.2082;13.8435;13.7265;13.6169;13.6573;13.545;13.3965;13.4906;13.3675;13.0845;13.0097;12.8431;12.9195;12.9415;12.9898;13.099;13.0177;13.3186;13.5514;14.0339;14.2853;14.643;15.1278;15.0543;15.3301;15.3124;15.567;15.7623;15.7165;15.6707;15.4059;15.0598;14.9284;14.9343;14.7631;14.6816;14.6974;14.7327;14.9608;15.1092;14.9862;14.767;14.7984;14.7339;14.6476;14.3305;14.1528;14.3685;14.7883;15",3.32269,"0.1;0.9;0"
24.1168,2.46247,2.2493,"1;1.00549;1.11212;1.24572;1.30116;1.33324;1.63275;1.96566;2.15875;2.62227;3.06936;3.46751;3.87544;4.24446;4.69753;5.11702;5.26076;5.72778;6.07997;6.3865;6.81542;7.11691;7.55744;7.95558;8.36964;8.76311;9.10177;9.27875;9.6855;9.91862;10.2948;10.6812;10.9782;11.3707;11.7721;12.1035;12.5097;12.688;13.0327;13.4193;13.7989;14.2413;14.7101;14.8625;15.3243;15.8094;16.2579;16.705;16.8866;17.2484;17.6911;18.1298;18.2151;18.6448;19.0911;19.5662;19.682;20.1114;20.3778;20.6441;20.6916;20.7483;20.8216;20.8965;20.9303;20.8895;21","15;14.5;14.0115;13.5297;13.3073;12.8952;12.803;12.6814;12.6551;12.506;12.5006;12.4972;12.5846;12.6277;12.556;12.4828;12.4671;12.4195;12.3049;12.198;12.0809;11.8984;11.8078;11.7318;11.6738;11.6827;11.7579;11.796;11.8444;11.8148;11.8621;12.0402;12.0184;12.0777;12.1429;12.166;12.3147;12.337;12.3502;12.4003;12.4624;12.4884;12.4087;12.4878;12.4286;12.4249;12.3769;12.3758;12.6053;12.6916;12.6376;12.7365;12.7352;12.8892;12.9455;12.919;12.8974;12.8867;12.9126;12.9271;13.0234;13.2462;13.6671;14.1369;14.47;14.8419;15",5.16496,"0.133333;0;0.866667"
23.4189,1.86786,2.31649,"1;1.1438;1.25057;1.34551;1.45013;1.61168;1.72283;1.92536;2.36658;2.61387;2.90825;3.40132;3.70352;4.09383;4.47641;4.83265;5.30033;5.75675;5.99085;6.35406;6.83674;7.25209;7.68153;7.9822;8.36205;8.44991;8.90357;9.16489;9.52243;9.94765;10.1415;10.5047;10.8253;11.3248;11.7319;12.2074;12.5534;12.8209;13.3129;13.4103;13.8202;14.3071;14.5212;14.8612;15.3431;15.8237;16.1857;16.6117;17.0681;17.5373;17.7726;18.09;18.424;18.6804;19.1735;19.4472;19.7118;20.0932;20.3876;20.4594;20.5049;20.5948;20.6452;20.7115;21","15;14.5971;14.3935;14.0614;13.7669;13.3769;12.8981;12.6943;12.744;12.7443;12.7503;12.8066;12.8623;12.8626;12.852;12.8046;12.8623;12.9234;12.9183;12.8389;12.7944;12.6934;12.7016;12.7292;12.6979;12.6873;12.578;12.6328;12.6099;12.6028;12.6113;12.6125;12.6056;12.6063;12.5327;12.474;12.4352;12.4389;12.3753;12.3729;12.4238;12.4117;12.4314;12.5999;12.6224;12.6888;12.7557;12.6866;12.6847;12.6717;12.6405;12.7132;12.7449;12.7707;12.8281;12.7956;12.8499;12.7826;12.8802;13.1293;13.4974;13.7878;14.1632;14.6095;15",5.11518,"0.133333;0.0333333;0.833333"
23.4015,1.8274,2.30798,"1;1.13031;1.16311;1.44552;1.60073;1.6726;1.76449;2.09146;2.52559;2.83774;3.03263;3.48486;3.7819;4.15128;4.52427;5.01776;5.1493;5.61149;6.01763;6.49048;6.90822;7.10157;7.41409;7.68754;8.05255;8.52938;8.97916;9.36717;9.70448;10.1356;10.4096;10.8877;11.3669;11.8036;12.1781;12.584;12.9787;13.3737;13.8473;14.1831;14.672;15.1712;15.5775;16.0322;16.4814;16.9625;17.2528;17.5765;17.9091;18.3467;18.4605;18.9103;19.2773;19.5572;20.0136;20.4885;20.6354;20.7603;20.831;20.899;20.956;21","15;14.532;14.3574;14.0225;13.7847;13.3965;12.9412;12.8766;12.9078;12.8708;12.9266;12.8819;12.8591;12.7733;12.7207;12.691;12.6575;12.5095;12.5385;12.4395;12.4014;12.3675;12.2932;12.34;12.3139;12.3689;12.4072;12.4998;12.5087;12.4598;12.4751;12.5052;12.5526;12.5435;12.6644;12.817;12.8555;12.8524;12.9595;12.9467;12.966;12.9574;12.9496;12.9084;12.8615;12.8937;12.9172;12.9461;12.9183;12.946;12.8943;12.8395;12.8448;12.7761;12.7897;12.8873;13.0222;13.4717;13.8317;14.1454;14.5918;15",5.0884,"0.133333;0.0666667;0.8"
23.047,1.67607,2.3814,"1;1.18217;1.24141;1.54642;1.65437;1.7103;1.8468;1.9102;2.26523;2.67686;3.09835;3.54783;4.00915;4.43665;4.69124;5.15565;5.60418;5.92597;6.29188;6.64118;7.01834;7.45469;7.91704;8.07162;8.55983;8.73058;9.19182;9.42345;9.90247;10.3982;10.8162;11.2395;11.6716;12.145;12.6115;12.9482;13.2579;13.689;14.0842;14.4351;14.7345;15.0749;15.539;15.8595;16.1402;16.5817;17.0266;17.3147;17.6494;18.0577;18.3392;18.8107;19.2659;19.7134;19.8965;20.2377;20.383;20.4049;20.6305;20.8131;20.8916;21","15;14.5388;14.4623;14.0763;13.8832;13.5304;13.0995;12.9329;12.9105;12.8052;12.7968;12.8611;12.755;12.7391;12.7674;12.747;12.6696;12.5953;12.5116;12.5385;12.6143;12.6468;12.729;12.692;12.6181;12.6321;12.5832;12.6031;12.5736;12.628;12.6256;12.6934;12.6009;12.5339;12.5625;12.5043;12.5762;12.5249;12.5546;12.5815;12.5699;12.5402;12.4329;12.408;12.3999;12.3964;12.5454;12.567;12.6048;12.7453;12.6771;12.665;12.7521;12.8118;12.8951;12.9915;13.4261;13.748;14.1479;14.4612;14.5942;15",5.06627,"0.133333;0.1;0.766667"
23.3058,1.62622,2.41949,"1;1.09744;1.27826;1.37893;1.58759;1.72405;1.88647;2.00335;2.0699;2.47198;2.86636;3.09602;3.54045;4.02899;4.35102;4.72025;5.04003;5.28082;5.75156;6.2191;6.53299;7.01875;7.4152;7.69703;7.85988;8.2791;8.7721;9.23551;9.5218;9.89595;10.3674;10.7899;11.1479;11.6022;11.9377;12.3044;12.5072;12.7955;13.2699;13.4871;13.9554;14.3598;14.7679;15.0202;15.3279;15.5556;16.0038;16.3848;16.8781;17.3167;17.7692;18.0388;18.419;18.7999;19.0902;19.4781;19.8679;20.0859;20.2393;20.4177;20.4411;20.6012;20.7281;20.8745;21","15;14.8825;14.6562;14.2909;14.0323;13.6875;13.2348;12.8429;12.7558;12.5584;12.5724;12.5765;12.6035;12.6552;12.6611;12.6186;12.4719;12.3978;12.4694;12.3983;12.2793;12.3307;12.3141;12.3232;12.3574;12.4503;12.4314;12.3791;12.2071;12.2228;12.2023;12.2517;12.2815;12.3337;12.3132;12.3919;12.4424;12.4853;12.4768;12.5368;12.5537;12.662;12.7125;12.7019;12.6652;12.6308;12.5882;12.4954;12.4395;12.5134;12.3644;12.3923;12.3457;12.3995;12.5457;12.667;12.7801;12.8429;13.2361;13.5396;13.976;14.2312;14.4409;14.7843;15",5.09855,"0.133333;0.133333;0.733333"
23.2275,1.61715,2.40048,"1;1.27146;1.38264;1.56271;1.66854;1.81348;1.87222;2.13958;2.55044;2.92615;3.22714;3.47904;3.92304;4.36066;4.7864;5.1626;5.41329;5.76924;6.00827;6.50382;6.91388;7.13545;7.62337;8.10446;8.34036;8.77499;9.18683;9.63505;10.0295;10.3482;10.7361;11.184;11.4908;11.9108;12.3591;12.7655;13.1752;13.6073;14.082;14.4026;14.758;15.2529;15.613;16.0087;16.38;16.6111;17.0562;17.386;17.8601;18.1868;18.5607;19.0185;19.2588;19.5641;19.9405;20.1448;20.1647;20.2695;20.506;20.7678;20.8729;21","15;14.6201;14.4066;14.0095;13.7508;13.4402;12.9615;12.8688;12.9799;12.8424;12.831;12.8559;12.7879;12.8629;12.8464;12.8532;12.6841;12.6295;12.6305;12.6928;12.7929;12.772;12.71;12.5886;12.6393;12.6265;12.5082;12.4233;12.4898;12.5513;12.4951;12.5906;12.5621;12.5195;12.6154;12.5373;12.5849;12.6021;12.5022;12.4493;12.3929;12.3495;12.2668;12.3036;12.3728;12.3514;12.3208;12.3853;12.3354;12.4067;12.4422;12.4179;12.4848;12.7236;12.9077;12.9456;13.3587;13.4773;13.9037;14.3183;14.6319;15",5.04686,"0.133333;0.166667;0.7"
23.1599,1.4958,2.39649,"1;1.20383;1.44584;1.65772;1.83872;2.01866;2.08234;2.45769;2.87144;3.27392;3.65264;4.15065;4.37901;4.86038;5.32556;5.78508;5.93416;6.42176;6.60804;6.94594;7.35337;7.67989;8.09921;8.5431;9.03515;9.47999;9.79468;10.1039;10.5773;10.8459;11.2262;11.5937;11.9536;12.4139;12.8854;13.3656;13.5127;13.9112;14.2096;14.6508;15.0544;15.3576;15.6249;16.0457;16.3301;16.7474;17.0825;17.3624;17.7657;18.1235;18.5656;18.8449;19.202;19.5908;19.9594;20.4004;20.4333;20.6111;20.7543;20.8421;20.9199;21","15;14.7389;14.3768;14.0928;13.749;13.2993;13.0089;12.8582;12.9321;12.9088;12.8394;12.8177;12.7841;12.8259;12.9366;12.8527;12.9439;12.9051;12.8271;12.6987;12.6619;12.624;12.5814;12.7161;12.6767;12.5978;12.5856;12.5201;12.5197;12.5197;12.4908;12.4142;12.3995;12.3184;12.3966;12.4295;12.4142;12.409;12.4452;12.443;12.4741;12.4388;12.3618;12.3555;12.3135;12.3001;12.3217;12.1965;12.1973;12.2385;12.3281;12.3575;12.3678;12.5008;12.7431;12.9576;13.2629;13.5893;13.9502;14.2653;14.6162;15",4.9848,"0.133333;0.2;0.666667"
22.8892,1.41092,2.50973,"1;1.2903;1.45501;1.70217;1.90753;2.09664;2.34788;2.50433;2.97944;3.33613;3.79763;3.94982;4.41822;4.88629;5.13274;5.54633;5.74689;6.04952;6.41175;6.89507;7.1111;7.37455;7.84992;8.23557;8.67581;8.92638;9.42108;9.66;10.1562;10.6331;11.0745;11.4352;11.5782;11.6622;12.1059;12.3077;12.6067;13.0434;13.514;13.9898;14.4291;14.835;15.0556;15.204;15.6781;15.8464;16.3248;16.6509;17.007;17.504;17.978;18.3736;18.5614;18.9422;19.3406;19.7871;20.1674;20.2578;20.3758;20.4176;20.558;20.8799;21","15;14.6881;14.4465;14.1652;13.7326;13.4386;13.0217;12.8838;12.9147;12.9464;12.9769;12.9468;12.8921;12.8378;12.6051;12.7585;12.7553;12.7109;12.6622;12.7694;12.817;12.7289;12.5798;12.4938;12.5326;12.5188;12.5673;12.6139;12.5874;12.5831;12.4979;12.4771;12.4353;12.4185;12.4486;12.5428;12.5766;12.6044;12.6115;12.666;12.6913;12.6868;12.6841;12.6699;12.7461;12.7655;12.7695;12.8053;12.9477;12.9634;12.8391;12.829;12.8042;12.8118;12.8118;12.9764;12.9488;13.393;13.7409;14.0047;14.4797;14.8454;15",4.9706,"0.133333;0.233333;0.633333"
22.9177,1.37979,2.48931,"1;1.21133;1.42148;1.74006;1.91483;2.04812;2.19794;2.3441;2.56712;2.9371;3.26694;3.73698;4.17979;4.46021;4.92965;5.28924;5.73748;6.21491;6.66222;7.12007;7.61137;8.00439;8.16293;8.60569;9.05399;9.29403;9.70569;10.1579;10.5401;10.9089;11.3786;11.6894;12.0744;12.5511;13.0051;13.3601;13.6649;14.0144;14.3123;14.6807;15.0473;15.3731;15.8067;16.1954;16.4058;16.7789;17.1947;17.4964;17.8005;18.2167;18.3786;18.7492;19.2415;19.6632;20.0356;20.2211;20.2636;20.4215;20.43;20.5306;20.7851;20.9085;21","15;14.8363;14.6174;14.2491;13.9709;13.619;13.3492;12.9341;12.7932;12.6967;12.6514;12.5966;12.5465;12.4842;12.336;12.3429;12.3576;12.3564;12.3861;12.3982;12.3216;12.2722;12.3564;12.4607;12.6511;12.6517;12.779;12.8139;12.828;12.7994;12.8925;12.9771;12.8657;12.8688;12.9199;12.8539;12.7918;12.7275;12.76;12.7833;12.6897;12.6322;12.5557;12.5297;12.479;12.5292;12.5452;12.5553;12.6237;12.6636;12.7055;12.7952;12.7968;12.8213;12.9987;12.999;13.0321;13.472;13.5689;13.952;14.3425;14.6851;15",4.91721,"0.133333;0.266667;0.6"
22.726,1.31101,2.59021,"1;1.38638;1.61266;1.74817;1.9469;2.09133;2.26109;2.56672;2.69165;3.10013;3.50967;3.97001;4.41303;4.73061;5.17217;5.64571;6.01443;6.4532;6.73302;7.195;7.53114;8.01543;8.44603;8.64589;9.044;9.29948;9.79085;10.2138;10.6606;11.0675;11.4176;11.8673;12.335;12.6651;13.1304;13.6181;13.929;14.1501;14.6187;15.112;15.4992;15.9727;16.367;16.8267;17.0279;17.3932;17.8017;18.2347;18.6957;18.9601;19.4337;19.7128;20.0808;20.281;20.4184;20.4781;20.6609;20.8811;21","15;14.7451;14.5047;14.3221;14.1042;13.7215;13.3697;13.029;12.9443;12.8046;12.6293;12.6058;12.5754;12.5724;12.4944;12.4229;12.4112;12.3618;12.3766;12.4849;12.4966;12.541;12.5353;12.4924;12.4228;12.3874;12.3305;12.322;12.3005;12.3072;12.4264;12.4568;12.3551;12.3509;12.3886;12.3656;12.4435;12.5179;12.632;12.5851;12.6306;12.5888;12.574;12.494;12.5;12.5528;12.5698;12.5669;12.4409;12.5298;12.6619;12.6337;12.9605;13.346;13.783;13.8972;14.3268;14.734;15",4.89122,"0.133333;0.3;0.566667"
22.9392,1.32484,2.55644,"1;1.0571;1.4468;1.60472;1.82219;2.05322;2.2066;2.35224;2.64278;2.96581;3.42724;3.79545;4.28757;4.76206;5.08198;5.5185;5.78003;6.18896;6.46175;6.89969;7.3051;7.79328;8.25701;8.46315;8.95664;9.45347;9.70851;10.0594;10.4991;10.8614;11.0173;11.4782;11.9396;12.0246;12.4882;12.867;13.3617;13.6269;14.0989;14.5128;14.8685;15.1273;15.4141;15.7497;16.189;16.5554;16.8566;17.2929;17.7241;17.7955;17.985;18.3205;18.7389;19.1297;19.3118;19.8013;20.2923;20.3951;20.4909;20.6544;20.7677;20.8497;20.8285;21","15;14.9351;14.6532;14.4915;14.249;13.9374;13.6307;13.1854;12.8793;12.9537;12.9783;12.9291;12.8512;12.9787;12.968;12.9471;12.9399;12.9318;12.945;12.9303;12.908;12.8618;12.9277;12.8765;12.9377;12.8884;12.9524;12.9768;12.7993;12.8098;12.8162;12.7769;12.7533;12.7478;12.7195;12.8248;12.7827;12.6402;12.6688;12.6154;12.6856;12.7211;12.7284;12.765;12.8409;12.8254;12.8462;12.8645;12.8879;12.9289;12.9214;12.8212;12.6463;12.8181;12.8471;12.8326;12.9193;13.1672;13.5603;13.9671;14.2506;14.6763;14.8751;15",4.8636,"0.133333;0.333333;0.533333"
22.7768,1.38219,2.5306,"1;1.18593;1.49219;1.6945;1.90054;2.04156;2.15827;2.38454;2.46316;2.8997;3.29435;3.5825;4.04416;4.53813;4.90813;5.33703;5.80982;6.28936;6.52452;6.88879;7.35891;7.84221;8.29096;8.53645;8.89944;9.30043;9.59191;9.9998;10.3448;10.7673;11.2575;11.7159;12.1103;12.5946;12.9578;13.3426;13.8182;14.1491;14.5749;14.9918;15.3189;15.8041;16.2282;16.567;16.9975;17.3106;17.748;18.0002;18.4343;18.8997;19.384;19.6413;20.0768;20.2764;20.379;20.4473;20.5928;20.641;21","15;14.8305;14.5382;14.1935;13.7981;13.5007;13.3573;12.9972;12.982;12.9279;12.7927;12.6924;12.6274;12.7003;12.7531;12.7878;12.778;12.748;12.6545;12.5781;12.5549;12.5495;12.5454;12.4633;12.4687;12.4169;12.4462;12.4309;12.4046;12.3688;12.3362;12.3098;12.2484;12.316;12.3813;12.4092;12.4305;12.3776;12.3983;12.4596;12.5268;12.5693;12.7858;12.8959;12.9243;12.907;12.9263;12.9272;12.9495;12.8598;12.8799;12.9007;12.8592;13.3166;13.7886;14.104;14.5546;14.6915;15",4.80901,"0.133333;0.366667;0.5"
23.7876,1.07856,9.03377,"1;1.47166;1.96716;2.45607;2.73864;3.16518;3.65836;4.15784;4.65731;5.10992;5.60964;6.02588;6.52064;6.99832;7.49789;7.9968;8.43153;8.89829;9.38385;9.76643;10.2247;10.6258;10.6581;11.0335;11.2732;11.7651;12.2574;12.7571;12.938;13.0848;13.3911;13.6706;13.7923;14.109;14.5771;15.0605;15.5348;15.9932;16.4663;16.8686;17.2132;17.6417;18.0701;18.5472;19.0276;19.365;19.734;20.068;20.3837;20.8037;21","15;15.1659;15.099;15.2037;15.6162;15.8771;15.7948;15.7719;15.749;15.5365;15.5197;15.7967;15.7245;15.8722;15.8928;15.8598;15.6128;15.4335;15.3142;14.9923;14.7923;14.4938;13.9949;13.6645;13.2258;13.3155;13.4031;13.3867;13.0183;12.5828;12.6897;12.92;12.7999;12.413;12.5887;12.4609;12.6191;12.8188;12.6569;12.36;12.7222;12.9799;13.2376;13.3875;13.4464;13.5047;13.8421;14.2142;14.6019;14.8732;15",7.81886,"0.133333;0.4;0.466667"
22.5013,1.20064,2.75348,"1;1.0588;1.36578;1.68894;1.95878;2.2389;2.51942;2.82364;3.14448;3.59931;4.01816;4.33281;4.71518;5.19969;5.4261;5.81273;6.02273;6.46782;6.88941;7.18856;7.61583;8.04813;8.44094;8.92833;9.27298;9.73307;9.97331;10.2844;10.6907;10.9987;11.4571;11.9423;12.3844;12.5801;12.975;13.3709;13.7634;14.1847;14.6425;14.9381;15.3914;15.7571;16.0209;16.4893;16.9707;17.3066;17.6343;18.1109;18.5829;18.8161;19.1392;19.6008;19.97;20.1993;20.3975;20.5012;20.6636;20.8304;21","15;14.9751;14.8172;14.7108;14.3697;14.0213;13.6291;13.3347;13.0027;12.8175;12.7787;12.7712;12.7431;12.7991;12.8708;12.9049;12.8749;12.8439;12.7649;12.6738;12.6192;12.5629;12.5263;12.5539;12.4907;12.4649;12.4471;12.3744;12.2986;12.1793;12.2104;12.1422;12.1633;12.1814;12.2675;12.2234;12.1883;12.194;12.1423;12.1331;12.172;12.1875;12.2034;12.3717;12.4715;12.5466;12.6027;12.7332;12.8555;12.8992;12.9473;12.8639;12.8924;12.9885;13.4149;13.7453;14.1886;14.6164;15",4.71362,"0.133333;0.433333;0.433333"
22.8007,1.20347,2.71842,"1;1.19052;1.44955;1.84102;2.17165;2.39817;2.56817;2.7856;2.91156;3.14752;3.32494;3.65009;4.10443;4.28279;4.69479;5.10415;5.5688;5.75911;6.12412;6.39073;6.80096;7.19075;7.54;7.95393;8.13051;8.39717;8.84315;9.25791;9.50378;9.96604;10.3474;10.7608;11.1896;11.5334;11.9685;12.3105;12.6388;12.9189;13.3602;13.6882;14.1593;14.4163;14.8208;15.2137;15.6455;16.0076;16.378;16.7361;17.1643;17.5411;18.0004;18.4335;18.8631;19.0712;19.4056;19.7759;20.2408;20.4545;20.5829;20.7762;20.9599;21.0204;21.0774;21","15;14.9176;14.7477;14.4593;14.1149;13.8566;13.6694;13.433;13.2608;12.9663;12.9231;12.7627;12.6859;12.6579;12.6071;12.7228;12.7477;12.7419;12.8202;12.8103;12.7688;12.7876;12.8352;12.6471;12.6286;12.6199;12.5604;12.5459;12.5133;12.4144;12.433;12.4588;12.3139;12.2548;12.3666;12.2526;12.2489;12.2589;12.3168;12.3417;12.3935;12.3305;12.266;12.3013;12.2355;12.2392;12.1862;12.3291;12.3521;12.31;12.3982;12.5617;12.6534;12.699;12.7433;12.8148;12.883;12.9957;13.4167;13.8223;14.2165;14.3317;14.8027;15",4.68907,"0.133333;0.466667;0.4"
22.4415,1.23207,2.89147,"1;1.31707;1.47826;1.76433;1.92116;2.16647;2.40239;2.61982;2.7416;2.85792;3.1731;3.56242;4.05543;4.50898;4.85415;5.29371;5.76484;6.20692;6.49589;6.78914;7.00192;7.4433;7.90117;8.28031;8.67585;9.05879;9.4258;9.79189;10.1749;10.6211;11.061;11.546;11.8945;12.2469;12.7161;12.8537;13.2529;13.7015;14.0707;14.4966;14.8912;15.3496;15.3959;15.6721;16.0757;16.4464;16.6313;17.0779;17.5447;17.9882;18.1364;18.611;19.082;19.2827;19.5432;19.6194;19.816;19.9467;20.1096;20.473;20.7566;20.9442;21","15;14.8779;14.8414;14.5592;14.4021;14.0948;13.8083;13.464;13.1635;12.9413;12.6197;12.6053;12.5698;12.6037;12.5967;12.5728;12.587;12.5725;12.5383;12.4885;12.4821;12.4379;12.3083;12.2389;12.1819;12.1635;12.1438;12.0612;11.9915;12.1146;12.1263;12.1279;12.15;12.1412;12.1552;12.1586;12.1767;12.3214;12.35;12.3938;12.4124;12.4041;12.3854;12.3816;12.4519;12.4526;12.458;12.4988;12.5727;12.7319;12.7833;12.7712;12.7838;12.8734;13.0923;13.1603;13.5203;13.7584;14.0043;14.2389;14.3887;14.8427;15",4.66843,"0.133333;0.5;0.366667"
22.268,1.13497,3.0824,"1;1.46148;1.85556;2.12812;2.35595;2.65228;2.94474;3.09286;3.31847;3.48936;3.59143;3.68429;4.04859;4.3726;4.58281;5.0591;5.35839;5.85069;6.27818;6.63561;7.07811;7.17413;7.66827;7.92622;8.30483;8.58736;9.01448;9.43792;9.62917;10.0873;10.3315;10.6714;11.1213;11.4452;11.6385;11.9529;12.3;12.5583;12.9885;13.4002;13.5422;14.0109;14.4746;14.8599;15.2462;15.5769;15.94;16.2744;16.6593;16.9399;17.3461;17.7481;18.1184;18.3459;18.6982;18.9166;19.2772;19.6408;19.7206;19.9101;20.2176;20.5069;20.8037;21","15;14.8076;14.6839;14.5809;14.27;13.9435;13.6978;13.5741;13.3283;13.0779;13.0034;12.9578;12.8072;12.8457;12.8893;12.8604;12.8842;12.8144;12.731;12.6546;12.6375;12.6206;12.5967;12.5623;12.5343;12.3917;12.4507;12.3484;12.2859;12.2259;12.3046;12.2745;12.2887;12.2383;12.2002;12.156;12.1031;12.0477;11.997;12.0147;12.0147;12.0961;12.271;12.4379;12.3801;12.5095;12.4264;12.4053;12.4555;12.5662;12.6406;12.5635;12.5807;12.5788;12.5807;12.6748;12.8314;13.0157;13.2601;13.5718;13.952;14.3164;14.6429;15",4.60183,"0.133333;0.533333;0.333333"
22.3614,1.13909,3.02347,"1;1.46422;1.71955;2.05126;2.38491;2.52589;2.84298;2.86689;3.25299;3.43696;3.63448;3.90565;4.27269;4.75283;5.10054;5.45035;5.64784;5.98884;6.2946;6.51148;6.98186;7.47176;7.76002;8.2498;8.63716;8.92047;9.3804;9.57949;9.99972;10.4233;10.6066;10.9151;11.2808;11.5155;11.7707;12.0691;12.2944;12.7871;13.0768;13.5312;14.0121;14.3576;14.6717;15.1572;15.646;16.0015;16.4479;16.9265;17.0845;17.5668;17.7942;18.2643;18.6768;19.0146;19.4859;19.9092;19.9835;20.1428;20.3839;20.5808;20.7398;20.9486;21","15;14.8753;14.7195;14.3968;14.215;14.1192;13.7435;13.736;13.4356;13.1915;13.0308;12.7628;12.5968;12.616;12.6034;12.6068;12.6262;12.6475;12.5304;12.5166;12.3976;12.3189;12.3398;12.3016;12.2191;12.2465;12.295;12.1987;12.3333;12.4359;12.5054;12.5935;12.7007;12.7824;12.7978;12.8635;12.8866;12.9209;12.9463;12.8979;12.8952;12.9015;12.841;12.8917;12.9129;12.8919;12.7776;12.8143;12.7798;12.7726;12.7596;12.7465;12.7031;12.7054;12.8559;12.9909;13.1133;13.3102;13.6169;13.9521;14.3314;14.6475;15",4.53404,"0.133333;0.566667;0.3"
22.2312,1.16629,2.91532,"1;1.43979;1.79052;2.10084;2.35877;2.68086;2.95687;3.21376;3.34462;3.57523;3.94783;4.41435;4.854;5.26104;5.60519;6.06984;6.52043;6.66083;7.15404;7.49606;7.93497;8.1859;8.59364;8.71111;9.16545;9.55221;9.92013;10.2955;10.708;11.0733;11.36;11.7139;11.9227;12.2134;12.6873;13.1713;13.5805;13.8889;14.3138;14.7913;15.029;15.4185;15.7564;16.1593;16.6358;16.8845;17.3334;17.7921;18.2663;18.7517;19.0055;19.2663;19.7195;19.9484;20.1489;20.4353;20.6175;20.7608;20.8899;21","15;14.8754;14.5672;14.2494;14.0502;13.7027;13.3925;13.1087;12.9429;12.9416;12.9402;12.8129;12.8205;12.8638;12.8346;12.766;12.7159;12.7101;12.6843;12.6825;12.7077;12.7532;12.7677;12.824;12.7935;12.6836;12.6842;12.6851;12.4696;12.4541;12.4282;12.4865;12.4706;12.4454;12.5248;12.6502;12.6424;12.6609;12.7612;12.7689;12.8254;12.8058;12.7064;12.6521;12.7581;12.7969;12.8165;12.8352;12.849;12.9055;12.9366;12.9312;12.9308;13.2821;13.5711;13.9804;14.1511;14.5315;14.925;15",4.44135,"0.133333;0.6;0.266667"
25.3961,1.15302,9.52029,"1;1.12296;1.57196;1.86676;2.14692;2.64652;3.14613;3.58556;4.08125;4.5791;5.07213;5.50428;6.00262;6.45027;6.93758;7.32625;7.53374;8.014;8.50131;8.991;9.4734;9.875;10.3423;10.8267;11.3111;11.7903;12.2564;12.7552;13.1668;13.0791;13.2685;13.4321;13.3286;13.5019;13.9185;14.4064;14.8959;15.258;15.7578;16.254;16.7047;17.1917;17.6888;18.0894;18.5652;18.7751;19.1338;19.5593;20.0331;20.4777;20.6554;20.8332;21","15;14.8595;14.7844;14.495;14.2504;14.2703;14.2901;14.0516;14.1171;14.0708;13.9876;13.7361;13.7768;13.554;13.4421;13.1276;12.6727;12.5335;12.4216;12.5226;12.3911;12.0933;12.2711;12.3951;12.5191;12.3764;12.5573;12.5927;12.8765;13.3687;13.8315;14.304;14.7932;15.2622;15.5387;15.4298;15.5319;15.1872;15.1709;15.2323;15.0158;15.1292;15.0753;14.7762;14.6224;14.1686;13.8202;13.5576;13.398;13.6268;14.0942;14.5615;15",6.33778,"0.133333;0.633333;0.233333"
22.3817,1.14675,2.99171,"1;1.48346;1.76406;1.92872;2.31412;2.52432;2.76791;3.09076;3.12889;3.18668;3.53348;3.65711;4.0431;4.42902;4.90463;5.0248;5.46384;5.84578;6.29809;6.61064;6.8904;7.34672;7.62296;7.96851;8.44237;8.83361;9.15825;9.63102;9.79805;9.8587;10.3332;10.6178;11.0679;11.56;11.6006;12.0741;12.409;12.7794;12.9261;13.2844;13.7345;14.062;14.3846;14.6535;14.911;15.2055;15.6801;16.0669;16.4507;16.7292;17.1175;17.5592;18.0294;18.325;18.7317;19.1685;19.5896;19.7671;20.0435;20.2507;20.4279;20.5674;20.7858;21","15;14.8724;14.6532;14.5552;14.3626;14.1693;13.8308;13.4851;13.414;13.2978;12.9404;12.8463;12.5818;12.4789;12.4762;12.5017;12.5019;12.5169;12.5174;12.5293;12.4934;12.3689;12.4664;12.4658;12.5123;12.3567;12.3;12.3003;12.2893;12.2815;12.2369;12.2365;12.2529;12.2134;12.191;12.1985;12.1387;12.1268;12.1091;12.1029;12.1297;12.1573;12.2281;12.2057;12.1969;12.2131;12.2557;12.3076;12.4082;12.5145;12.5495;12.5634;12.54;12.5039;12.5555;12.7342;12.9256;12.9597;13.2165;13.6528;13.9564;14.3726;14.8199;15",4.34707,"0.133333;0.666667;0.2"
22.4442,1.15217,3.06033,"1;1.45138;1.82775;2.05466;2.32552;2.68912;2.82476;3.12064;3.26614;3.60403;3.8794;4.29853;4.72066;5.12787;5.37828;5.73944;6.05215;6.3415;6.79882;7.26217;7.56277;7.9164;8.37665;8.64488;8.99524;9.27868;9.73453;10.1542;10.4824;10.8244;11.1828;11.3733;11.8476;12.1703;12.5971;12.694;13.1395;13.5875;14.0795;14.3528;14.7399;15.1759;15.6152;15.9963;16.4242;16.7678;17.1681;17.3436;17.819;18.1133;18.5594;18.9863;19.3654;19.8298;20.0092;20.2663;20.5939;20.791;20.8854;21","15;14.8303;14.5389;14.3003;14.1735;13.9613;13.9209;13.582;13.3191;13.0776;12.7919;12.6575;12.7536;12.6114;12.567;12.5222;12.53;12.4804;12.4311;12.5064;12.5521;12.5701;12.5289;12.4433;12.4481;12.4705;12.5032;12.4546;12.493;12.476;12.6276;12.6695;12.6205;12.5793;12.5516;12.5517;12.4052;12.3965;12.375;12.4183;12.5563;12.736;12.5459;12.4741;12.4217;12.3034;12.456;12.5331;12.5818;12.6195;12.8344;12.8579;12.8923;12.9953;13.2328;13.5444;13.8861;14.2511;14.7242;15",4.30914,"0.133333;0.7;0.166667"
22.4946,1.03815,11.2473,"1;1.49891;1.96352;2.4635;2.9612;3.32529;3.76569;4.05188;4.29515;4.69385;5.1434;5.53487;5.88583;6.12672;6.5989;7.05713;7.45888;7.88606;8.1339;8.62814;9.11854;9.60907;9.87555;10.3667;10.8214;11.2929;11.7883;12.2442;12.6239;13.0235;12.9478;13.2936;13.4803;13.7901;14.2818;14.7787;15.2767;15.7475;16.1356;16.5543;16.908;17.2135;17.6914;18.1824;18.6735;18.9379;19.285;19.483;19.9744;20.4657;20.9609;21","15;14.967;15.1518;15.1478;15.0999;14.7572;14.9939;14.986;15.1462;15.2326;15.0138;15.291;15.5741;15.8093;15.8628;15.9662;16.0392;16.2257;16.5941;16.6044;16.7019;16.605;16.6498;16.7032;16.4953;16.3289;16.2611;16.0558;15.7304;15.4374;14.9958;14.8761;14.4825;14.1469;14.2375;14.2939;14.3381;14.1697;14.1363;14.1692;14.1221;14.2178;14.3649;14.4592;14.5534;14.3594;14.6209;14.7147;14.8071;14.8995;14.9692;15",5.26021,"0.133333;0.733333;0.133333"
21.8121,1.06486,3.97158,"1;1.17113;1.544;1.88668;2.25777;2.51442;2.85836;3.12209;3.58608;3.87426;4.1508;4.38587;4.75202;5.21084;5.43434;5.82797;5.96591;6.30955;6.69956;7.14738;7.53898;7.97971;8.34254;8.79524;9.24378;9.63304;9.74308;10.178;10.556;11.0306;11.4305;11.8373;12.0116;12.3924;12.528;12.9048;13.2848;13.7414;14.2197;14.697;15.1713;15.5316;16.0272;16.4974;16.5993;16.99;17.4185;17.8655;18.0965;18.2794;18.5561;18.6649;18.9356;19.0067;19.2237;19.6227;19.974;20.0488;20.4512;20.7166;21","15;14.9656;14.9868;14.8728;14.7172;14.6251;14.2777;14.1031;13.9542;13.7684;13.4924;13.2502;13.0006;12.9456;12.7578;12.8033;12.8752;12.9418;12.9072;12.8725;12.8402;12.7329;12.6275;12.612;12.5261;12.4942;12.5695;12.5997;12.6305;12.6064;12.6502;12.644;12.6881;12.5448;12.4739;12.2574;12.2527;12.2487;12.2154;12.2272;12.26;12.3063;12.3104;12.328;12.359;12.4285;12.5082;12.5697;12.709;12.8354;13.0815;13.239;13.558;13.6496;13.8115;14.0946;14.3507;14.4138;14.6105;14.8342;15",4.12182,"0.133333;0.766667;0.1"
21.4638,1.03951,5.24146,"1;1.24975;1.58656;1.83817;2.23729;2.393;2.67235;3.07176;3.25092;3.6253;4.10218;4.56312;4.89279;5.22785;5.59316;5.72559;6.08377;6.54551;6.8426;7.20665;7.59731;7.73084;8.16793;8.55594;8.98494;9.44897;9.92905;10.392;10.7067;10.9887;11.251;11.7295;12.046;12.3872;12.6945;12.9895;13.4375;13.9276;14.373;14.5889;14.9784;15.141;15.5299;15.7198;16.1911;16.5506;17.0205;17.1226;17.5932;17.9276;18.2291;18.5769;19.0568;19.3723;19.7433;19.85;19.9909;20.435;20.5316;21","15;14.9445;14.902;14.8465;14.6707;14.543;14.4232;14.2564;14.2238;14.1824;14.0322;13.8384;13.543;13.3125;13.0719;12.9966;12.9672;12.9343;12.7336;12.7431;12.6048;12.5292;12.4739;12.5745;12.3802;12.336;12.3433;12.4514;12.3631;12.3783;12.4936;12.4408;12.5054;12.569;12.6241;12.621;12.6525;12.6017;12.6911;12.546;12.6514;12.7075;12.8603;12.9192;12.9092;12.9982;13.128;13.0763;13.2143;13.5503;13.8463;14.0237;14.0671;14.267;14.4638;14.5182;14.6539;14.8712;14.8703;15",4.04288,"0.133333;0.8;0.0666667"
20.336,0.987523,10.168,"1;1.49983;1.61738;2.05562;2.4922;2.83156;3.18779;3.60647;4.08712;4.48461;4.94484;5.39436;5.85028;6.24229;6.51258;6.86798;7.34916;7.73141;7.99965;8.19897;8.63544;8.86659;9.28442;9.50721;9.92053;10.0453;10.5253;10.952;11.2242;11.6723;12.0533;12.4539;12.6463;13.1184;13.5011;13.8555;14.3492;14.6456;15.0827;15.5213;15.958;16.437;16.8478;17.2566;17.5425;18.0009;18.4521;18.7345;19.216;19.5729;20.0112;20.253;20.7221;20.9514;21","15;15.0131;15.0361;15.0908;15.1685;15.0929;15.1632;15.1473;15.1554;15.2505;15.4199;15.4718;15.5279;15.5293;15.5397;15.5131;15.4986;15.5799;15.633;15.7011;15.669;15.6962;15.5878;15.6443;15.6903;15.644;15.6807;15.6817;15.6649;15.6323;15.5951;15.648;15.5832;15.5781;15.3847;15.4574;15.4861;15.4858;15.4889;15.5603;15.4373;15.3896;15.418;15.3356;15.2964;15.4266;15.4055;15.3954;15.2989;15.3265;15.2605;15.198;15.1492;15.0008;15",3.87334,"0.133333;0.833333;0.0333333"
20.3571,1.01372,10.1786,"1;1.43042;1.89914;2.33457;2.65608;3.09017;3.39809;3.62983;4.08528;4.45672;4.88681;5.03528;5.44909;5.665;6.04114;6.36897;6.85142;6.99187;7.43797;7.81132;8.21915;8.70523;9.01767;9.36203;9.73096;9.91388;10.2807;10.5591;11.0364;11.4563;11.7833;12.2117;12.6818;12.9059;13.2181;13.5141;13.8486;14.1354;14.5642;14.8625;15.1467;15.4338;15.8525;16.323;16.8179;17.077;17.4043;17.7913;18.1025;18.5616;19.0014;19.3271;19.6741;19.9577;20.2973;20.5523;21","15;15.174;15.058;15.1657;15.1714;15.1614;15.162;15.1714;15.249;15.3159;15.2695;15.2573;15.2703;15.2352;15.1397;15.1568;15.1086;15.1412;14.9204;14.8183;14.64;14.6677;14.6718;14.6466;14.7134;14.6865;14.7134;14.7642;14.7828;14.8054;14.8502;14.7382;14.6026;14.5796;14.5299;14.5486;14.5517;14.6606;14.6156;14.6706;14.6922;14.7854;14.8189;14.9257;14.9706;14.927;14.8721;14.8414;14.8218;14.8027;14.7645;14.8583;14.8626;14.9404;14.9487;14.9466;15",3.59283,"0.133333;0.866667;0"
23.1283,1.71682,2.36316,"1;1.14125;1.25812;1.34057;1.53963;1.66885;1.85124;2.29226;2.64887;2.94342;3.37265;3.60933;3.87058;4.15258;4.58671;5.06384;5.51692;5.84138;6.2162;6.499;6.75535;7.24131;7.4431;7.91925;8.37079;8.75546;9.13734;9.52021;9.84028;10.3383;10.3867;10.8423;11.1095;11.3712;11.8119;12.0121;12.4058;12.8752;13.0311;13.4374;13.8194;14.2973;14.719;14.9028;15.2957;15.7643;16.2222;16.5147;16.9551;17.3121;17.7189;18.1374;18.627;18.9743;19.1656;19.5959;19.906;20.2492;20.341;20.4291;20.6023;20.7791;21","15;14.6813;14.3408;14.1674;13.8439;13.4755;13.01;12.8739;12.8422;12.8295;12.853;12.9207;12.9031;12.9574;12.9118;12.8476;12.8621;12.7523;12.6702;12.6381;12.6806;12.5731;12.5645;12.5194;12.4871;12.5246;12.5844;12.6239;12.588;12.5943;12.5935;12.5901;12.5861;12.5349;12.4345;12.4122;12.4161;12.4324;12.3531;12.4517;12.3336;12.411;12.4273;12.4272;12.332;12.3857;12.4219;12.5293;12.6895;12.7726;12.7574;12.7836;12.7085;12.7649;12.6969;12.7364;12.8443;12.8831;13.3485;13.7872;14.2248;14.627;15",5.82402,"0.166667;0;0.833333"
23.576,1.84938,2.33649,"1;1.11507;1.17134;1.38625;1.56277;1.63719;1.78684;2.27274;2.65299;2.97456;3.41615;3.89446;4.34443;4.75687;5.14489;5.56881;5.99812;6.0312;6.48649;6.81912;7.15292;7.51429;7.82213;8.06671;8.3728;8.84708;9.25767;9.59511;9.95309;10.388;10.8726;11.2979;11.7078;12.1395;12.1716;12.665;12.8808;13.3495;13.735;14.0661;14.5165;14.7741;15.2737;15.4765;15.9241;16.236;16.7228;17.2007;17.6272;18.0219;18.1855;18.6253;19.1111;19.3154;19.6229;20.0128;20.4052;20.5207;20.6718;20.7471;20.6689;20.7281;21","15;14.5525;14.4317;14.0739;13.6965;13.2352;12.8824;12.8546;12.873;12.8817;12.8855;12.8116;12.8848;12.861;12.887;12.9358;12.743;12.6011;12.5385;12.5255;12.6163;12.6214;12.6726;12.7373;12.7909;12.7622;12.7497;12.7289;12.6819;12.7103;12.688;12.7687;12.7402;12.5187;12.5076;12.428;12.3943;12.3225;12.3096;12.3094;12.2594;12.3324;12.3105;12.3205;12.332;12.3751;12.3317;12.4019;12.3434;12.3895;12.3964;12.505;12.5521;12.6229;12.6537;12.7901;12.944;12.9819;13.3804;13.7897;14.1883;14.6358;15",5.86019,"0.166667;0.0333333;0.8"
23.3016,1.89571,2.33759,"1;1.08966;1.22664;1.34966;1.42617;1.48328;1.57281;1.71703;2.16875;2.57682;3.01034;3.38505;3.66923;3.95733;4.43356;4.92104;5.29574;5.43439;5.80647;6.29398;6.54816;6.92698;7.26076;7.58784;7.91094;8.20664;8.54954;8.80365;9.09086;9.53351;9.90971;10.1467;10.5762;10.8281;10.9464;11.3293;11.7646;12.1884;12.6813;12.7825;13.2421;13.5461;13.7834;14.1893;14.37;14.7234;15.1253;15.5462;16.007;16.1722;16.5187;16.9142;17.3609;17.7524;18.1114;18.5042;18.9476;19.222;19.6186;19.956;20.3243;20.4105;20.5196;20.5271;20.6056;20.7869;21","15;14.556;14.3091;14.0713;13.8275;13.5431;13.2827;12.966;12.8704;12.8284;12.6945;12.7013;12.6927;12.6346;12.6073;12.613;12.577;12.5389;12.5848;12.4922;12.4971;12.6072;12.6303;12.6579;12.6619;12.542;12.5693;12.4187;12.4052;12.3596;12.3308;12.3167;12.3176;12.3323;12.3258;12.3624;12.4439;12.467;12.3932;12.4177;12.6018;12.6028;12.5708;12.5607;12.5758;12.6118;12.6145;12.6152;12.774;12.7564;12.8457;12.7252;12.6043;12.6022;12.7532;12.734;12.7508;12.7585;12.7588;12.8921;12.9843;13.2368;13.5999;13.9746;14.3206;14.7862;15",5.80215,"0.166667;0.0666667;0.766667"
23.3913,1.65177,2.34153,"1;1.28309;1.44738;1.51953;1.5828;1.6444;1.71495;1.82087;2.28752;2.70126;3.07017;3.54306;3.95677;4.41955;4.66098;5.06867;5.49839;5.88043;6.13317;6.54895;7.01986;7.43884;7.81808;8.2844;8.70009;9.08545;9.57402;9.98097;10.3865;10.7446;11.1379;11.5732;12.0619;12.2346;12.726;13.1899;13.3431;13.7466;14.2264;14.5375;14.9505;15.2029;15.532;15.852;16.2525;16.3597;16.7149;17.1219;17.5505;17.9728;18.3465;18.831;19.254;19.534;19.9054;20.2429;20.486;20.6389;20.8086;20.9035;20.9827;21","15;14.7697;14.4183;14.1274;13.6545;13.4032;13.2162;12.944;12.8899;12.884;12.9623;12.9029;12.6757;12.5398;12.4968;12.4532;12.4604;12.4907;12.5457;12.6044;12.6812;12.7827;12.8904;12.9226;12.8667;12.8221;12.7772;12.7712;12.6187;12.709;12.7281;12.6829;12.7009;12.6725;12.5806;12.5991;12.5803;12.6183;12.6853;12.6083;12.6493;12.6726;12.7778;12.792;12.8856;12.9134;12.9356;12.8888;12.8844;12.8456;12.9073;12.9132;12.7911;12.7925;12.7918;12.8702;12.9503;13.2088;13.6738;14.1158;14.5758;15",5.78085,"0.166667;0.1;0.733333"
23.8027,1.71846,2.36222,"1;1.07418;1.26103;1.41247;1.6231;1.70561;1.82516;2.00754;2.19968;2.5675;2.93502;3.25697;3.65622;4.02999;4.32416;4.69411;5.13285;5.42892;5.80651;6.19946;6.40939;6.85648;7.28914;7.77775;8.07692;8.5323;8.92473;9.29193;9.69789;10.1524;10.5864;10.9266;11.3615;11.762;12.1989;12.616;12.9243;13.4194;13.6139;14.0509;14.3959;14.6288;14.9618;15.4018;15.8732;16.1275;16.4659;16.6658;17.1042;17.3488;17.8271;18.3116;18.4613;18.6247;18.9787;19.3689;19.564;19.8734;20.2212;20.5239;20.6791;20.7861;21.0376;21.1233;21.1562;21","15;14.7968;14.4777;14.1371;13.7289;13.4533;13.0815;12.8172;12.7885;12.8062;12.9359;12.907;12.9513;12.8584;12.7451;12.673;12.5388;12.4265;12.4687;12.5186;12.5178;12.4543;12.4276;12.481;12.4737;12.3762;12.3511;12.2785;12.2498;12.3499;12.3089;12.3197;12.3888;12.2515;12.1864;12.1667;12.1304;12.0681;12.0255;12.1181;12.1893;12.2299;12.2495;12.2827;12.2065;12.1871;12.1597;12.1647;12.2562;12.2511;12.1825;12.2242;12.2056;12.2685;12.3035;12.3354;12.3792;12.6357;12.6203;12.6644;13.015;13.3698;13.7605;14.2175;14.7103;15",5.8498,"0.166667;0.133333;0.7"
22.8437,1.49598,2.45753,"1;1.08301;1.18799;1.44881;1.61094;1.75077;1.99669;2.23425;2.47953;2.92535;3.40165;3.54788;3.95652;4.24556;4.47937;4.97315;5.44801;5.90046;6.20595;6.60445;6.9148;7.31762;7.45473;7.83571;8.27937;8.69014;9.01806;9.25984;9.69696;9.98951;10.211;10.4018;10.7656;11.0619;11.2774;11.6468;12.1147;12.5401;12.9641;13.3556;13.689;14.1563;14.3547;14.6675;15.1317;15.4936;15.904;16.2692;16.5479;16.9738;17.433;17.7155;18.1183;18.5392;18.9524;19.2775;19.5588;19.8643;20.0591;20.1637;20.3532;20.4122;20.5648;20.7723;20.9799;21","15;14.9111;14.7909;14.4376;13.9984;13.7495;13.3521;12.98;12.7191;12.7408;12.8481;12.892;12.8679;12.8727;12.8038;12.7314;12.7128;12.7248;12.654;12.5662;12.4962;12.5266;12.5541;12.6262;12.6874;12.711;12.795;12.8555;12.7958;12.813;12.7642;12.7627;12.7414;12.7613;12.732;12.771;12.7252;12.6661;12.5549;12.4753;12.4106;12.5033;12.5215;12.5819;12.6492;12.6784;12.6778;12.6872;12.6759;12.6883;12.7288;12.7515;12.7233;12.7224;12.786;12.8485;12.7617;12.8334;12.9158;13.0308;13.3608;13.6452;14.0462;14.5011;14.956;15",5.69498,"0.166667;0.166667;0.666667"
23.2342,1.58557,2.54986,"1;1.28601;1.56012;1.75231;1.68942;1.78633;1.84794;1.96947;2.38661;2.82848;2.97002;3.3338;3.71592;4.15796;4.57678;4.86341;5.20643;5.59452;5.90006;6.26025;6.45051;6.7518;7.1743;7.4546;7.8808;8.12615;8.56536;8.90515;9.23858;9.57384;10.0205;10.4855;10.8299;11.2418;11.6516;12.1233;12.535;12.8414;13.3169;13.708;14.0606;14.5333;14.8905;15.1147;15.4939;15.8316;16.2146;16.6178;16.8363;17.1463;17.5827;18.0614;18.5;18.9916;19.2962;19.5738;19.6439;19.9467;20.3018;20.4299;20.5137;20.7021;20.831;21","15;14.7073;14.3323;13.9785;13.6299;13.3531;12.9711;12.9029;12.8271;12.7917;12.7673;12.7747;12.8448;12.9135;12.7578;12.7858;12.8307;12.7268;12.5804;12.5028;12.411;12.6123;12.6555;12.8012;12.8299;12.8463;12.7414;12.7375;12.6761;12.7675;12.768;12.6666;12.5474;12.5179;12.3142;12.2833;12.2773;12.2237;12.2733;12.088;12.1691;12.1092;12.1737;12.2284;12.1184;12.1565;12.2058;12.3866;12.4004;12.4155;12.4677;12.4016;12.4886;12.5438;12.6882;12.8942;12.986;13.2996;13.6138;13.9171;14.1206;14.4016;14.7082;15",5.8044,"0.166667;0.2;0.633333"
22.7226,1.43944,2.52269,"1;1.17912;1.42738;1.62581;1.82793;2.02753;2.20636;2.28642;2.45662;2.91205;3.40635;3.62298;3.98962;4.22309;4.44782;4.8678;5.01646;5.34691;5.73868;6.16541;6.60372;6.827;7.13203;7.48256;7.87913;8.34635;8.68934;9.04634;9.18193;9.27307;9.72865;10.2062;10.5905;10.8918;11.2286;11.5454;11.9145;12.2712;12.6254;13.019;13.2503;13.5721;13.8476;14.1612;14.6346;14.9869;15.4207;15.906;16.3721;16.8363;17.2254;17.6915;18.1455;18.5954;19.0081;19.4624;19.8988;20.1229;20.3354;20.5296;20.6321;20.8095;21","15;14.851;14.4857;14.0395;13.816;13.5138;13.1587;12.9944;12.8877;12.8611;12.8465;12.8149;12.7694;12.7194;12.7094;12.6714;12.6569;12.6001;12.5829;12.6126;12.6705;12.5991;12.5312;12.5375;12.4908;12.4381;12.2862;12.3012;12.138;12.1202;12.0467;12.1607;12.1845;12.2043;12.1972;12.1662;12.1176;12.1264;12.1232;12.0871;12.0791;12.0376;12.1242;12.1917;12.2626;12.3546;12.4915;12.5184;12.4209;12.4366;12.3953;12.3644;12.4593;12.6096;12.7157;12.8037;12.9714;13.2095;13.6376;14.0321;14.3086;14.6734;15",5.63659,"0.166667;0.233333;0.6"
23.0827,1.37355,2.54378,"1;1.271;1.49472;1.60636;1.83583;2.03915;2.21535;2.51554;2.76438;3.16096;3.59412;3.902;4.30101;4.50436;4.88825;5.2604;5.65506;6.03038;6.46803;6.88046;6.99734;7.13497;7.60026;8.07494;8.46233;8.88528;9.03516;9.53349;9.66612;10.0888;10.4485;10.8763;11.1414;11.4686;11.9345;12.0737;12.5477;12.9092;13.1829;13.6139;14.0884;14.4885;14.8562;15.1873;15.5547;15.8148;16.2324;16.4506;16.887;17.1156;17.596;18.0644;18.3675;18.818;19.276;19.5406;19.7585;20.1367;20.3191;20.393;20.499;20.6841;20.727;20.8967;21","15;14.8914;14.5179;14.3608;13.9476;13.6304;13.3222;12.9589;12.851;12.8761;12.9276;12.6987;12.7897;12.7642;12.6654;12.6288;12.5939;12.6014;12.5306;12.374;12.3912;12.3899;12.4387;12.4206;12.3199;12.3106;12.2621;12.2669;12.2587;12.2374;12.2302;12.3358;12.314;12.3817;12.2143;12.182;12.3087;12.481;12.5382;12.566;12.5616;12.5976;12.5182;12.4633;12.5824;12.5919;12.72;12.6572;12.7508;12.8145;12.7743;12.6601;12.6765;12.4788;12.5001;12.5318;12.7253;12.875;13.2349;13.4035;13.862;14.3077;14.5708;14.7953;15",5.65488,"0.166667;0.266667;0.566667"
22.9847,1.32798,2.58806,"1;1.20591;1.55973;1.6613;1.81576;2.08559;2.25507;2.45251;2.68855;3.16082;3.57812;3.77298;4.21782;4.64103;5.11918;5.42461;5.66082;6.0043;6.49487;6.92233;7.34552;7.66701;8.13291;8.5707;9.03534;9.49498;9.70268;10.183;10.5998;10.9696;11.3666;11.6481;12.0494;12.5179;12.7639;13.1523;13.4661;13.7454;14.2127;14.6686;15.1073;15.5597;16.05;16.4589;16.8209;17.2365;17.6929;18.0181;18.5059;18.9943;19.4609;19.6852;20.0457;20.3565;20.4596;20.6767;20.7189;20.9843;21.0685;21","15;14.8553;14.5177;14.4096;14.0448;13.694;13.5051;13.1881;12.9598;12.8024;12.6958;12.673;12.6219;12.5943;12.4914;12.4527;12.45;12.5097;12.4734;12.404;12.466;12.4942;12.4181;12.3651;12.4901;12.5865;12.6132;12.6279;12.4335;12.3846;12.1916;12.2097;12.2807;12.2473;12.2616;12.2711;12.2658;12.3189;12.4602;12.4641;12.4247;12.4025;12.39;12.4085;12.4522;12.5146;12.4904;12.5627;12.6007;12.6307;12.5241;12.5572;12.6753;12.9581;13.2808;13.59;13.9816;14.372;14.6083;15