Length, Risk, TravelTime, Paths.x, Paths.y, Cost, Weight
22.5295,12.0934,0.237025,"1;1.34539;1.65888;2.06931;2.37656;2.61051;2.71357;3.17485;3.6368;4.11685;4.1809;4.50975;4.89007;5.32225;5.50021;5.91347;6.2828;6.45934;6.90433;7.19852;7.59406;7.96725;8.38943;8.58026;8.99886;9.33058;9.68887;10.0955;10.4297;10.8296;11.0961;11.3678;11.811;11.9608;12.2931;12.5133;12.9718;13.4694;13.7755;14.2537;14.6421;14.9088;15.3912;15.8688;15.8916;16.0405;16.2768;16.6202;16.9376;17.0515;17.4685;17.6558;18.0517;18.3783;18.8438;19.0824;19.5463;19.6278;20.0759;20.5035;20.9995;21","15;14.6782;14.5259;14.4144;14.6114;14.7421;14.6851;14.4922;14.3009;14.4407;14.3073;14.1081;14.2167;14.1735;14.1809;14.2187;14.3056;14.6682;14.4704;14.6062;14.5845;14.5135;14.5697;14.638;14.6431;14.6113;14.5796;14.7973;15.0231;14.9589;14.9844;14.9761;15.1983;15.5295;15.8538;15.7606;15.5613;15.6107;16.006;15.8599;15.5785;15.5974;15.6804;15.6401;15.6311;15.5734;15.1618;15.1481;15.0401;15.0266;15.1956;14.8006;15.0839;15.0521;15.0973;15.2537;15.0671;15.0417;14.9429;14.9369;14.9999;15",0.237025
"0;0;1"
22.966,98.7127,0.26413,"1;1.82034;2.6074;3.58281;4.11807;5.10376;6.08726;7.08539;7.47122;8.46251;8.72801;9.46067;10.3446;11.3344;11.8786;12.3142;13.3011;14.2148;15.1805;16.1526;17.0959;17.6022;18.6022;19.5374;20.512;21","15;15.5719;16.1888;16.4091;15.5644;15.733;15.9139;15.975;16.8975;16.7659;16.6674;16.8265;16.3589;16.2167;15.8058;16.417;16.256;16.6624;16.4027;16.1684;15.8363;14.974;14.9816;15.3357;15.112;15",5.18656
"0;0.05;0.95"
22.9746,31.3354,0.254681,"1;1.99575;2.95133;3.93089;4.67154;5.67069;6.19048;7.18021;8.08615;9.08611;10.0249;11.0163;11.7558;11.9561;12.8716;13.6554;14.6295;14.9394;15.7908;16.4801;17.4676;18.2094;19.2086;20.2079;21","15;14.9079;15.2026;15.0015;15.6734;15.6322;16.4865;16.3435;15.9201;15.9294;16.2739;16.1434;16.0927;16.4853;16.083;16.704;16.478;15.5273;15.0028;14.2783;14.436;15.1066;15.0684;15.0303;15",3.36275
"0;0.1;0.9"
24.5498,54282.6,0.269848,"1;1.97088;2.34854;2.98776;3.98204;4.97038;5.94241;6.93242;7.5832;8.42417;9.20807;9.79405;9.92439;10.8891;11.8803;12.8723;13.5879;14.2956;15.2953;16.2951;17.1475;18.1417;19.1358;19.9109;20.8852;21","15;15.2396;16.1655;16.9345;16.8278;16.6755;16.9104;16.7694;16.0101;15.469;14.8481;14.1659;13.1889;13.4521;13.3191;13.4448;14.1433;14.8499;14.8723;14.8947;15.4175;15.3098;15.202;14.5701;14.3452;15",8142.62
"0;0.15;0.85"
22.1034,12.2573,0.232999,"1;1.99276;2.82435;3.81489;4.77741;5.77685;6.25819;7.16073;8.09022;9.02912;9.95815;10.8298;11.8277;12.7256;13.6472;14.2814;15.1705;16.0421;16.9244;17.923;18.9189;19.7445;20.602;21","15;14.8799;14.3245;14.1873;14.4585;14.4918;15.3684;15.799;15.4301;15.7743;16.1443;15.6542;15.59;15.1497;14.8769;14.4583;14.6879;14.1976;14.6683;14.7208;14.8112;14.2469;14.7613;15",2.63787
"0;0.2;0.8"
27.0567,180858.0,0.298868,"1;1.97201;2.95282;3.90426;4.7295;4.64441;5.64309;6.63504;7.46164;8.38528;9.35318;10.3459;11.1172;11.8129;12.7742;13.0215;13.8233;14.6734;15.2017;16.2012;17.1581;18.1408;18.8773;19.8266;20.6653;21.5423;21.9722;21.0522;21","15;15.235;15.04;15.3478;15.9126;16.909;16.9603;16.8337;16.2709;15.8876;16.1389;16.2598;16.8962;16.1779;16.4536;15.4847;14.8871;14.3606;13.5115;13.5438;13.8342;13.6489;12.9725;12.658;13.2026;13.6831;14.5859;14.9778;15",45214.7
"0;0.25;0.75"
24.8066,38.0661,0.279243,"1;1.99314;2.85766;3.51079;4.41989;5.41413;6.35459;7.24585;8.21284;8.59439;9.38821;10.312;11.1429;11.9045;12.891;13.3461;14.2782;15.2606;15.9759;16.1328;17.0094;17.1884;17.8879;18.3361;19.167;20.0377;20.9085;21","15;15.117;15.6195;16.3768;16.7934;16.9005;16.5606;16.1071;16.3619;15.4376;14.8294;14.4465;15.0029;15.6509;15.8148;16.7053;16.3431;16.1562;16.1765;16.6455;16.263;15.3311;15.2844;14.5214;13.9649;14.4566;14.9483;15",11.6153
"0;0.3;0.7"
22.6583,51.9955,0.257635,"1;1.87682;2.8765;3.87645;4.80367;5.71586;6.26273;7.22925;8.22786;9.22765;10.2221;10.9871;11.984;12.8798;13.8797;14.8752;15.8581;16.8042;17.8041;17.9029;18.8937;19.8845;20.7701;21","15;14.5192;14.5443;14.5341;14.9086;15.3184;16.1556;16.4122;16.4649;16.4856;16.5911;15.947;16.0248;16.4693;16.4816;16.576;16.7601;16.4363;16.4181;15.423;15.2877;15.1524;15.6168;15",18.3659
"0;0.35;0.65"
23.6456,23.0231,0.260257,"1;1.99143;2.85682;3.84146;4.14425;4.84255;5.84014;6.73036;7.24212;8.23752;9.22555;10.1078;11.1041;12.0045;12.8792;13.876;14.843;15.5874;16.3866;17.0261;18.0258;18.8783;19.5071;20.3691;21","15;15.1306;14.6295;14.4549;15.408;16.1238;16.0544;15.5989;16.458;16.5538;16.3996;15.9287;15.8438;15.4085;14.924;14.8443;15.0992;15.7668;16.368;15.5992;15.6245;16.1472;15.3697;14.8628;15",9.36538
"0;0.4;0.6"
23.3677,28.0911,0.239155,"1;1.77537;2.77537;3.77499;4.72778;5.39549;6.38999;6.6689;7.3312;8.31046;9.30492;10.2366;11.1917;11.7793;12.7115;13.4501;14.4297;15.2432;16.2127;17.1506;18.0358;18.7875;19.2541;19.8591;20.8224;21","15;14.3685;14.3667;14.3393;14.643;13.8986;13.7938;13.9829;13.456;13.6586;13.7637;14.1271;13.8308;14.64;15.0018;14.3276;14.1266;13.5451;13.7901;13.4432;12.9779;13.6375;14.5219;15.3181;15.0495;15",12.7725
"0;0.45;0.55"
24.3872,18.8578,0.26304,"1;1.89391;2.60457;3.37061;4.20749;4.97658;5.68647;6.50285;7.46946;8.41113;9.41113;10.39;11.3036;12.2221;13.1829;14.1615;14.4658;14.6793;15.6521;16.6359;17.6014;18.5374;19.1702;20.0767;20.7423;21","15;15.4483;16.1518;16.7946;16.2472;16.8863;16.182;15.6045;15.3483;15.0117;15.0108;15.2151;14.8085;15.2039;15.4813;15.6868;14.7342;13.7572;13.5254;13.7045;13.9651;14.3169;13.5425;13.9646;14.711;15",9.5604
"0;0.5;0.5"
23.7373,39.1577,0.260303,"1;1.85518;2.63865;3.06235;4.03395;4.91382;5.88772;6.77682;7.43583;8.42771;9.39504;10.3947;11.179;11.5013;12.3796;13.3759;14.3525;15.2019;16.0498;16.6081;17.5977;18.3617;19.2893;20.046;21","15;14.4817;15.1031;16.0089;15.7723;15.2971;15.524;15.0663;14.3142;14.4413;14.6949;14.7212;15.3415;16.2882;16.7662;16.6799;16.4647;15.9371;16.4674;15.6378;15.494;14.8489;15.2226;15.0215;15",21.6539
"0;0.55;0.45"
22.063,167.498,0.256041,"1;1.99623;2.95551;3.93675;4.93621;5.84998;6.63529;7.21727;8.08075;9.08074;10.0776;11.0629;12.0414;12.8143;13.8085;14.7298;15.6527;16.607;17.5627;18.5569;19.5049;20.1371;20.9993;21","15;14.9133;14.6308;14.438;14.4709;14.8772;15.4963;16.3095;16.8139;16.8168;16.8962;16.7251;16.5189;15.8845;15.7771;16.166;16.5511;16.8499;16.5556;16.6628;16.3444;15.5696;15.063;15",100.601
"0;0.6;0.4"
23.2061,22.1717,0.246782,"1;1.90644;2.66056;3.64286;4.4726;5.43702;5.97358;6.67611;7.59141;8.49022;9.48815;10.3869;11.3631;12.3562;13.2862;13.3128;14.0743;14.6055;15.5949;16.5085;17.4431;18.3814;19.3197;20.2296;21","15;14.5777;13.9209;13.7336;14.2918;14.0274;14.8712;15.5829;15.9856;16.424;16.3597;15.9212;16.1379;16.0206;15.6531;15.19;14.6302;13.783;13.6377;14.0444;13.6888;14.0347;14.3806;14.7955;15",14.498
"0;0.65;0.35"
26.5321,26.5153,0.302482,"1;1.988;2.98764;3.75332;4.53224;4.9294;5.27681;6.27093;7.26506;8.21817;8.63738;9.63559;10.4974;11.4706;12.1453;12.4155;13.4074;14.3419;15.3039;16.1859;17.1859;17.9436;18.6268;19.551;20.5509;21.226;21.0785;21","15;14.8455;14.8722;14.2289;14.8561;15.7738;16.7115;16.6033;16.4951;16.1925;15.2846;15.2248;14.7176;14.4875;15.2256;16.1884;16.0615;15.7054;15.9784;15.5072;15.5005;16.1531;16.8834;17.2652;17.2531;16.5154;15.5263;15",18.6515
"0;0.7;0.3"
30.7247,91.7899,4.23595,"1;1.11099;1.97612;2.96663;3.68859;4.48942;5.4751;5.71051;5.8841;5.74498;5.65876;5.70247;6.60627;7.59938;8.51873;9.48231;10.4628;11.2223;11.4022;12.2146;13.057;14.0085;14.7118;15.5205;16.4726;17.4066;18.1835;18.5156;18.9861;19.46;20.0995;21.015;21.0212;21","15;15.9938;16.4954;16.5868;17.2249;17.8238;17.6553;18.6271;19.612;19.7526;20.5862;21.5853;22.0132;21.8961;22.2895;22.0221;21.8254;22.4759;22.4897;22.3521;22.8909;22.583;21.8722;21.2839;21.5899;21.2328;20.6031;19.6599;18.7774;17.8969;17.1281;16.7258;15.7258;15",69.9014
"0;0.75;0.25"
21.9505,39.8756,0.250241,"1;1.96118;2.92963;3.92921;4.59098;5.42788;6.33508;7.25985;8.24144;9.14315;10.1307;10.8702;11.6678;12.6483;13.6059;14.5996;15.5826;16.5473;16.9985;17.4579;18.4427;19.3118;20.181;21","15;14.7241;14.4749;14.5039;15.2536;15.801;16.2217;16.6022;16.4112;15.9789;16.1359;15.4627;16.0659;16.2627;16.5507;16.6625;16.4788;16.2154;16.3496;16.6288;16.4549;15.9604;15.4659;15",31.9505
"0;0.8;0.2"
21.9809,39.6575,0.251836,"1;1.99494;2.89233;3.74566;4.74564;5.67652;6.67265;7.62848;8.62115;9.59973;10.5886;11.3938;12.3748;13.3708;14.3667;15.3375;16.2613;17.1001;18.0702;19.0542;19.8925;20.4516;21","15;15.1005;15.5417;16.0631;16.0569;16.4222;16.3343;16.6283;16.5074;16.7133;16.5647;15.9716;15.7777;15.6879;15.5981;15.8381;16.221;15.6766;15.919;16.0972;16.6424;15.8133;15",33.7466
"0;0.85;0.15"
24.3645,94.095,0.278285,"1;1.25931;2.08619;2.9911;3.984;4.95907;5.66005;6.64783;7.64194;8.64194;9.37599;10.3717;11.1556;11.8306;12.793;13.7834;13.883;14.7738;15.6494;16.6275;17.5724;18.4016;19.2678;19.647;20.358;20.8742;21","15;15.9658;16.5282;16.1026;16.2215;15.9996;16.7128;16.8686;16.7602;16.7608;16.0817;15.989;16.6099;15.872;16.1437;16.0057;15.8012;15.8677;15.3846;15.1765;15.5038;16.0628;15.5632;14.6379;13.9347;14.7912;15",84.7133
"0;0.9;0.1"
24.0642,84.6205,0.281395,"1;2;2.99513;3.98775;4.53376;5.36532;6.06561;6.35922;7.15673;7.77784;8.76452;9.725;10.1611;11.1471;12.1326;12.8428;13.8208;14.6038;15.5248;16.2639;16.8608;17.4141;18.3401;19.0015;19.8164;20.4582;21","15;15;15.0986;14.9773;15.8151;16.3705;16.1829;16.2603;16.8636;16.0798;16.2425;15.9642;16.864;16.6971;16.5273;15.8234;15.6147;16.2367;16.6263;16.7382;15.9418;16.4975;16.7506;16.9936;16.414;15.6472;15",80.4035
"0;0.95;0.05"
22.2211,10.4827,0.231839,"1;1.43499;1.79799;2.26767;2.69312;3.18125;3.67976;4.03548;4.12354;4.56998;4.84979;5.32061;5.78957;6.00834;6.3029;6.74241;6.85139;7.30865;7.37082;7.83262;8.16608;8.56948;8.84669;9.17036;9.4673;9.94095;10.4089;10.767;11.1312;11.4556;11.5975;11.9337;12.2326;12.4184;12.7735;13.0991;13.3731;13.7677;14.2467;14.7467;15.228;15.5189;15.8786;16.2322;16.5448;16.744;17.1082;17.3731;17.7674;18.1688;18.5809;19.0713;19.4415;19.9085;20.3353;20.7866;21","15;14.991;15.021;14.8495;15.1122;15.2204;15.259;14.9624;14.8471;14.9563;15.0303;15.1552;15.1542;15.4669;15.2221;14.9925;14.7521;14.7562;14.6405;14.8041;14.82;14.9168;14.7974;14.7506;14.5514;14.6516;14.8201;14.7099;14.5784;14.7658;14.8234;14.8302;14.5805;14.5143;14.7617;14.4976;14.504;14.8111;14.9544;14.9578;15.0931;14.6864;14.3391;14.5634;14.6309;14.7535;15.0171;15.0538;15.0447;14.9842;14.9109;14.8136;14.7298;14.5872;14.683;14.8982;15",10.4827
"0;1;0"
23.1877,134.393,0.272867,"1;2;2.77358;3.63576;4.23335;5.1899;6.1759;7.16554;8.12939;8.71424;9.71018;10.7074;11.6605;12.4994;13.3853;14.2253;14.9725;15.9635;16.8434;17.1451;18.1433;19.1226;19.7714;20.7544;21","15;15;15.6337;16.1403;16.9421;16.6505;16.8173;16.6738;16.8463;16.7918;16.7017;16.627;16.3245;16.8689;16.4051;15.8625;16.5271;16.6612;16.186;15.2327;15.1717;15.3739;14.6129;14.4295;15",1.41861
"0.05;0;0.95"
37.8267,45.9726,7.44636,"1;1.77276;1.71878;2.51903;2.65264;3.17194;4.12862;5.11476;5.61326;5.22981;5.30344;5.76485;6.45964;7.43941;8.30736;9.01951;9.78279;10.7376;11.576;12.1466;12.6237;13.3842;14.2369;15.1286;16.0426;17.0413;17.6866;18.0431;18.3996;17.621;18.2406;18.9126;19.3213;20.3066;20.4808;21.3145;22.2069;21.6771;20.7894;21","15;15.6347;16.6332;17.2329;18.2239;19.0785;19.3697;19.5356;20.4025;20.6387;21.3533;22.2405;22.9597;22.7596;22.2629;22.9649;22.3189;22.0215;21.4766;22.2978;23.1767;23.826;24.3483;24.8011;24.3954;24.4472;23.6833;22.749;21.8148;21.1872;20.4023;19.6618;18.7491;18.92;17.9353;17.3831;16.9319;16.0838;15.6233;15",10.8917
"0.05;0.05;0.9"
22.4154,69.1062,0.228245,"1;1.66983;2.2409;2.90565;3.62106;4.51271;5.46473;6.46461;7.46434;8.40672;9.28506;9.76129;10.1418;10.9371;11.8822;12.8686;13.2002;13.7531;14.6937;15.6115;16.4803;17.1382;17.9218;18.6812;19.3532;20.3517;21","15;14.8856;14.423;14.2691;14.0656;13.6129;13.3068;13.322;13.3453;13.6798;13.9499;13.6805;13.112;13.7182;13.3915;13.5558;14.1665;14.0222;14.3618;13.9647;13.4696;13.344;13.3896;14.0403;14.7808;14.7267;15",8.2254
"0.05;0.1;0.85"
30.4334,50.5052,4.03358,"1;1.49786;2.33071;2.53839;3.29906;4.24391;5.03777;5.2975;5.4427;6.35769;7.26562;8.12714;9.12505;9.98;10.9362;11.297;12.2796;13.2796;14.1614;15.1606;16.1419;17.0743;17.5752;18.0521;18.5291;18.4103;19.1432;20.1277;20.4022;20.6768;20.5885;21","15;15.8673;16.4208;17.399;18.0481;18.3756;18.9837;19.9494;20.9388;21.3423;21.7614;22.2691;22.2046;21.6859;21.3931;22.3257;22.1398;22.1314;21.6598;21.622;21.8148;22.1762;21.3107;20.4318;19.5529;18.56;17.8796;18.0552;17.0936;16.132;15.1359;15",12.3243
"0.05;0.15;0.8"
24.8961,95.4958,0.297388,"1;1.98804;2.98726;3.83256;4.75924;5.67956;6.67956;7.67955;8.22382;9.2163;10.2158;10.9951;11.9775;12.9713;13.689;14.0205;14.2469;14.9768;15.7434;16.4649;17.3893;18.0676;18.6368;19.4165;19.9639;20.5113;21","15;15.1542;15.1937;15.728;15.3521;14.9609;14.9635;14.966;15.805;15.9274;15.9598;16.5864;16.773;16.8844;16.1881;15.2446;15.2782;15.5371;16.1791;16.8716;16.4901;17.2248;18.047;17.4208;16.584;15.7471;15",20.567
"0.05;0.2;0.75"
24.6797,41.0823,0.277311,"1;1.8781;2.807;3.48063;4.47915;5.47668;6.31125;7.0442;8.04412;8.7858;9.75175;10.5224;11.4495;12.2042;13.1987;14.0673;14.929;15.4043;16.3978;16.7779;17.5812;18.5491;19.5189;19.7559;20.5227;21","15;15.4785;15.8488;16.5879;16.5335;16.6037;16.0528;16.733;16.746;16.0753;16.334;15.6967;16.0716;15.4155;15.5201;16.0156;16.523;15.6432;15.529;14.604;14.2183;14.2946;14.0505;15.022;15.6639;15",11.6987
"0.05;0.25;0.7"
23.5981,122.577,0.271429,"1;1.76477;2.6198;3.59658;4.58254;5.45711;6.45629;7.45141;7.91614;8.91091;9.89508;10.8793;11.8792;12.8408;13.7948;14.7466;14.7575;15.5777;16.5777;17.5613;18.5289;19.0031;20.0014;20.6263;21","15;15.6443;16.1629;15.9486;16.1156;15.6307;15.5902;15.4915;16.3769;16.4791;16.6564;16.8335;16.8454;16.5708;16.8703;16.5636;15.5637;14.9916;14.9931;15.1734;15.4258;16.3062;16.2477;15.467;15",38.1294
"0.05;0.3;0.65"
42.6865,166.806,9.59786,"1;1.99947;2.34017;3.26108;3.77724;4.23356;5.23235;5.54342;5.69181;5.3065;5.51725;5.89328;6.1509;7.1442;8.03923;9.03679;10.0368;10.1966;10.2804;11.1611;11.977;12.1805;12.6611;13.6563;14.6147;15.5867;16.24;17.1297;18.1256;18.9655;19.6403;20.3994;21.3973;22.2703;22.9771;23.242;22.9663;23.077;22.7431;23.1531;22.6799;23.2232;24.03;23.6632;22.7022;21.8341;21","15;15.0326;15.9727;16.3625;17.219;18.1088;18.0595;19.0099;19.9989;20.5861;20.9835;21.8871;21.7571;21.6415;21.1955;21.1257;21.1172;22.1043;23.1008;23.5744;23.7861;23.8958;24.6789;24.5803;24.2951;24.5301;23.773;24.2296;24.3201;24.8629;24.8262;24.914;24.9781;24.4902;23.7829;22.8186;21.8573;20.8635;19.9209;19.0088;18.1278;17.2882;16.6974;15.7671;15.4903;14.994;15",66.2751
"0.05;0.35;0.6"
23.9831,53.4323,0.251516,"1;1.97643;2.65871;3.36619;4.36592;4.83427;5.261;6.13137;7.07962;7.67057;7.9729;8.14896;9.14039;10.1131;11.1043;12.0497;13.0227;13.9673;14.8153;15.7182;16.4096;16.7148;17.6561;18.5974;19.4108;20.4045;21","15;14.7842;15.5152;16.222;16.1989;15.8994;15.753;16.2454;15.9278;15.1211;14.1679;13.1835;13.3142;13.5463;13.6787;14.0047;13.7741;13.4458;13.9757;13.5458;13.9366;13.4635;13.801;14.1385;14.7204;14.8318;15",22.7104
"0.05;0.4;0.55"
28.0383,69.5232,0.287281,"1;1.8685;2.86816;3.63612;4.54801;5.46643;6.42048;7.37243;8.24756;9.18251;9.82987;10.6609;11.6354;11.925;12.9081;13.445;13.8944;14.8763;15.8423;16.7805;17.7764;17.8794;18.7719;19.665;20.4998;21.2361;22.2223;22.4652;21.9225;21","15;15.4957;15.4698;15.4368;15.0738;14.6782;14.9779;14.6716;14.1877;13.833;14.5952;14.0389;14.2633;13.3062;13.4897;13.9352;13.325;13.1357;13.3944;13.7406;13.6502;12.6556;12.2045;12.6544;12.1646;12.7125;12.878;13.848;14.6324;15",32.831
"0.05;0.45;0.5"
23.7114,42.598,0.26039,"1;2;2.92865;3.92799;4.92044;5.38723;6.38315;7.31124;8.2452;8.77972;9.67948;10.3815;11.0163;12.0146;12.7833;13.7748;14.717;14.8443;15.413;16.1625;17.1625;18.146;19.0308;19.9981;20.9745;21","15;15;14.6291;14.5927;14.47;13.5856;13.6758;14.0482;13.6908;14.536;14.0996;14.8117;15.5844;15.644;16.2835;16.4139;16.7489;16.2201;16.0309;16.6929;16.6835;16.5031;16.0371;15.7834;15.5675;15",22.6017
"0.05;0.5;0.45"
24.7812,62.2496,0.272515,"1;1.79457;2.74501;3.46555;4.23401;5.1702;6.11828;7.11177;8.11156;9.0828;10.0776;11.0709;10.9923;11.8934;12.5354;13.147;13.8741;14.1209;14.9653;15.7955;16.7501;17.75;18.6214;19.4933;20.2913;21.2907;21","15;15.6072;15.2963;14.6028;13.9629;13.6115;13.2934;13.4073;13.3869;13.625;13.7265;13.8423;14.8392;15.2727;16.0395;16.8307;16.5337;16.6036;16.0679;16.6253;16.3272;16.3133;16.8039;16.3143;15.7115;15.6796;15",35.5854
"0.05;0.55;0.4"
22.5561,124.845,0.254209,"1;1.65725;2.62734;3.54068;4.5324;5.32701;6.30677;7.16886;8.11121;8.92179;9.51273;9.88723;10.8682;11.7339;12.5364;13.1603;14.0404;14.9029;15.8896;16.8896;17.7983;18.5505;19.547;20.5011;21","15;15.7537;15.511;15.1037;14.9754;15.5825;15.7827;15.2759;15.4258;15.3511;15.435;15.6118;15.4174;15.9179;16.5145;15.733;16.2077;16.7139;16.8762;16.8881;16.4707;15.8118;15.8952;15.5955;15",76.1241
"0.05;0.6;0.35"
25.6306,128.769,0.308325,"1;1.80459;2.77685;3.70325;4.37039;5.34251;6.32308;7.13909;8.12689;9.12169;10.1063;10.7342;10.4793;11.4144;12.2947;13.0304;14.0213;14.9702;15.9532;16.5063;17.3304;18.0945;19.0702;19.6199;20.0386;20.4297;21","15;15.5938;15.8277;15.4512;16.1961;15.9617;16.1579;16.7359;16.8916;16.7897;16.615;15.8367;14.8697;14.5152;14.9896;15.6669;15.8013;15.4858;15.6692;16.5024;17.0688;17.7139;17.9329;17.0975;16.1894;15.2691;15",85.0739
"0.05;0.65;0.3"
22.5752,11.874,0.237446,"1;1.77103;2.73177;3.60496;4.5895;5.48868;6.4877;7.4832;7.99057;8.98805;9.88528;10.8851;11.6485;12.5551;13.2274;13.9988;14.9926;15.9876;16.9109;17.693;18.6425;19.6203;20.4962;21","15;14.3632;14.0858;14.5732;14.7483;14.3107;14.3551;14.4499;15.3116;15.2406;14.799;14.8171;15.4631;15.885;15.1448;15.7811;15.6702;15.7706;15.3866;14.7635;14.4496;14.24;14.7225;15",9.49993
"0.05;0.7;0.25"
37.2575,64.5744,7.90493,"1;1.86337;1.84773;2.6206;3.57233;4.44906;5.44058;5.8498;5.43955;5.3298;6.2552;6.02455;6.84653;7.84592;8.84523;9.67917;10.6018;11.2638;12.0618;13.0411;13.6982;14.6721;15.6693;16.5595;17.366;18.0646;18.9409;19.7314;19.8277;19.9854;20.3444;20.9438;21.1298;22.1207;22.7641;22.2226;21.681;21.1394;21","15;15.5046;16.5044;17.139;17.446;17.9269;18.0569;18.9693;19.8813;20.8753;21.2543;22.2273;22.7968;22.762;22.7247;23.2766;22.8908;22.1413;22.7439;22.9463;23.7002;23.927;23.8523;24.3078;23.7165;24.432;23.9503;23.3378;22.3425;21.355;20.4217;19.6212;18.6387;18.504;17.7385;16.8978;16.0571;15.2165;15",51.8747
"0.05;0.75;0.2"
25.2832,17.3566,0.273518,"1;1.90131;2.78072;3.6262;4.62124;5.12122;5.98029;6.95108;7.89205;8.83745;9.53585;10.146;10.6571;11.494;12.4883;13.1907;14.1904;14.6481;15.6418;16.6356;17.2373;18.2205;18.9522;19.9284;20.7029;21.5022;21","15;15.4332;15.9092;16.4433;16.5427;15.6766;15.1648;14.9248;14.5864;14.2604;14.6413;13.9792;13.4337;13.9811;14.0876;14.7994;14.8251;15.7142;15.6025;15.4907;16.2894;16.1066;15.425;15.6415;16.2741;15.6732;15",15.1905
"0.05;0.8;0.15"
22.9263,16.3745,0.244392,"1;1.51422;2.44688;3.44473;4.06018;4.42332;5.36026;5.95132;6.88175;7.81344;8.81344;9.51781;10.0914;11.0837;11.8067;12.5024;13.4832;14.483;15.4823;16.4821;17.4514;18.4327;19.3459;20.1287;21","15;14.1423;13.7816;13.8471;14.6353;14.9722;15.1606;15.284;15.3844;15.0212;15.0196;15.7294;16.5485;16.4243;15.7334;15.0151;15.2103;15.1923;15.1558;15.1793;14.9336;15.1263;14.7188;15.341;15",15.0891
"0.05;0.85;0.1"
24.302,39.4983,0.268609,"1;1.97002;2.97002;3.93077;4.8211;5.73866;6.57156;7.5036;8.49433;9.2404;10.1602;11.0946;11.6239;12.5062;13.2389;14.2275;14.7863;15.451;16.4407;17.1605;17.7355;18.7004;19.5744;20.0212;20.7303;21","15;15.243;15.2407;14.9633;15.4186;15.8162;16.3696;16.0073;15.8714;15.2056;14.8132;14.457;13.6086;13.1379;13.8186;13.969;14.7983;15.5455;15.6883;16.3825;17.2006;16.9378;16.4521;16.4457;15.9563;15",36.777
"0.05;0.9;0.05"
34.6591,48.4871,7.20965,"1;1.80841;2.42467;3.42367;4.08479;4.63663;5.52166;5.67777;5.00312;5.25136;4.68031;5.29523;5.90483;6.27871;6.59421;6.78022;7.64605;8.27405;8.64601;9.63268;10.6148;11.6004;12.3147;13.2857;14.2854;15.0114;15.8998;16.6131;17.1502;17.262;17.9664;18.949;19.1473;20.032;20.2422;21.1029;21.0688;20.5119;20.8925;21","15;15.5886;16.3762;16.421;16.877;17.5502;18.0158;19.0035;19.0639;19.908;20.7289;21.5175;22.3102;23.2377;23.5473;24.1029;24.6032;24.4164;24.5943;24.4316;24.6196;24.4502;23.7504;23.5112;23.5346;22.8469;23.3062;22.6053;22.2136;21.8445;21.1347;20.9489;19.9688;19.5027;18.525;18.0159;17.0164;16.1858;15.2611;15",47.7957
"0.05;0.95;0"
23.2808,21.2186,0.249447,"1;2;2.8027;3.60334;4.60099;5.45204;6.45119;7.21403;7.75649;8.69738;9.69597;10.6659;11.5507;12.3816;13.3737;14.2696;15.1545;15.9767;16.4305;17.065;17.9889;18.8326;19.7829;20.7332;21","15;15;15.5964;16.1955;16.127;15.6019;15.6432;14.9966;14.1565;13.8178;13.7646;13.5213;13.9873;14.5437;14.4178;14.862;14.3962;14.9654;15.8565;16.6295;16.2469;15.7101;15.3987;15.0874;15",2.55258
"0.1;0;0.9"
25.3984,46.2882,0.282982,"1;1.93115;2.92605;3.8891;3.55258;4.47383;5.47357;6.45466;7.12283;7.45406;8.24653;9.02508;9.96843;10.9642;11.9471;12.9355;13.1222;13.9955;14.9012;15.2416;15.2533;16.217;17.2113;17.9482;18.9467;19.566;20.0011;20.6297;21","15;15.3646;15.2638;15.5331;16.4748;16.8637;16.8413;16.6477;16.161;16.6132;16.0032;16.6308;16.299;16.2074;16.3915;16.2396;15.2572;14.77;14.3461;13.4464;13.4101;13.6768;13.7835;13.1075;13.162;13.9472;14.8476;14.9626;15",5.09479
"0.1;0.05;0.85"
23.9202,27.3466,0.251624,"1;1.88455;2.52517;3.45718;4.33638;5.15906;6.13855;7.13855;7.32967;8.32697;9.17975;9.67173;10.6031;11.6013;11.8967;12.8794;13.773;14.7668;15.7489;16.7361;17.7351;18.1935;19.1008;20.0799;21","15;15.4665;16.2343;15.8719;15.3954;14.8269;15.0284;15.0265;16.0081;15.9345;15.4123;14.5417;14.1775;14.2373;13.2819;13.4674;13.9162;13.8048;13.9931;13.8336;13.8772;14.7659;15.1865;14.9832;15",5.32798
"0.1;0.1;0.8"
25.9475,35.7413,0.286353,"1;1.32493;2.28523;2.82072;3.69739;4.6404;5.32664;6.12378;7.11717;7.28664;7.89312;8.88555;9.88552;10.5192;11.5092;12.0811;12.9485;13.7182;14.7151;15.5347;16.0708;16.3702;17.3013;17.9574;18.9525;19.7177;20.407;21","15;14.0543;14.3332;15.1778;14.6967;15.0294;15.7568;16.3606;16.4754;16.1461;15.8446;15.7217;15.7145;16.4881;16.3475;15.5272;15.0296;15.668;15.5896;15.0166;15.8607;16.8149;16.4499;15.6953;15.5961;14.9522;15.6767;15",8.17071
"0.1;0.15;0.75"
35.1373,53.6891,8.03605,"1;1.17212;2.16226;3.12303;3.54382;4.19464;4.87681;4.6933;5.27654;5.76797;6.19796;6.04338;6.7168;7.62778;8.46543;9.39471;10.2875;11.2849;12.2818;13.244;14.0501;14.9981;15.0193;15.9257;16.5168;16.9992;17.8972;18.8487;19.8238;20.6127;21.4857;21.7257;21.5849;21.4441;21.3033;21.5258;21.1124;21","15;15.9851;16.1251;15.8477;16.7549;17.5141;18.2453;19.2283;20.0406;20.9115;21.804;22.6578;23.397;23.8095;24.3557;23.9863;24.4367;24.3645;24.4436;24.7158;24.1241;24.3437;24.3704;23.948;23.1414;22.2654;22.7054;22.3975;22.176;21.5614;21.0738;20.103;19.113;18.1229;17.1329;16.158;15.2474;15",19.8768
"0.1;0.2;0.7"
25.6284,146.922,0.259177,"1;1.11479;1.70258;2.63892;3.46654;3.97099;4.86302;5.81322;6.80543;7.80537;8.79648;9.76631;10.4868;10.991;11.7388;12.7126;13.5795;14.3737;15.0801;16.054;16.9434;17.9137;18.7912;19.761;20.1945;21.1879;21.0683;21","15;14.0066;13.1976;12.8465;12.2852;12.9529;13.4049;13.0932;13.2178;13.2286;13.3616;13.1179;13.5862;13.7838;13.4484;13.2211;13.7197;14.3273;13.6195;13.8466;13.3896;13.1475;12.6679;12.4242;13.3254;13.4401;14.4329;15",39.4619
"0.1;0.25;0.65"
25.066,67.1009,0.298448,"1;1.91943;2.89985;3.89839;4.89574;5.88522;5.97456;6.46923;7.46908;8.46901;9.4663;10.4584;11.3204;12.0462;13.0118;13.9612;14.238;14.55;15.547;16.4305;17.2355;17.9845;18.6792;19.5307;20.1189;20.9288;20.9674;21","15;15.3932;15.5902;15.6441;15.5713;15.716;15.8293;16.5277;16.5448;16.5332;16.4596;16.334;15.8272;16.5152;16.255;15.9411;15.8694;16.7494;16.8273;16.359;15.7656;16.4281;17.1474;16.6229;17.4316;16.8449;15.8457;15",22.8159
"0.1;0.3;0.6"
22.4745,56.8761,0.252376,"1;1.75173;2.70863;3.70843;4.70823;5.59454;6.44871;7.33523;8.33513;8.93714;9.85698;10.4016;10.5863;11.3157;12.2983;13.2555;14.1451;15.0045;15.9997;16.9951;17.9637;18.8395;19.767;20.7541;21","15;14.3405;14.6309;14.6511;14.6713;15.1344;15.6543;15.1916;15.1776;15.9761;15.5838;16.4225;16.3649;16.828;16.6425;16.3531;16.8099;16.2985;16.2007;16.1049;16.3533;15.8706;15.4969;15.3368;15",22.2929
"0.1;0.35;0.55"
23.5721,68.2497,0.280457,"1;2;2.76624;3.53665;4.1433;5.01202;5.97051;6.96504;7.95645;8.94098;9.91402;10.9036;11.8206;12.5604;13.5539;14.459;15.2698;16.1252;17.0892;17.878;18.686;19.3134;19.9691;20.6248;21","15;15;14.3574;14.995;15.79;16.2853;16.5704;16.4659;16.3351;16.1599;15.9293;15.7856;16.1846;16.8574;16.7436;16.3184;15.7331;16.2512;16.5169;17.1316;17.7207;16.942;16.187;15.432;15",29.7973
"0.1;0.4;0.5"
23.11,29.5072,0.259661,"1;1.94007;2.72327;3.50764;4.34932;5.08833;5.94422;6.71982;7.159;7.86605;8.75104;9.56516;10.242;11.2396;12.1349;13.1258;13.7254;14.6466;15.6174;16.3848;17.0954;17.8873;18.8209;19.7128;20.7128;21","15;14.659;15.2808;15.9011;16.441;17.1147;16.5976;15.9664;15.6024;15.3217;15.558;16.0178;16.2624;16.1927;16.6382;16.504;15.7037;15.3146;15.5545;16.1558;15.5313;14.9207;14.5624;15.0146;15.0033;15",15.7061
"0.1;0.45;0.45"
34.3315,97.2484,6.5851,"1;1.872;2.36408;2.88348;3.64805;4.61825;5.41692;5.3861;5.54086;5.9296;6.90448;7.73523;7.87765;8.7404;9.45304;10.0426;10.4517;10.7012;11.6962;11.9448;12.9442;13.8754;14.6138;15.5716;16.1754;16.9734;17.7468;18.104;18.4612;19.1209;19.425;18.7165;18.9906;19.0498;19.7623;20.5553;20.2255;21","15;15.4895;16.3601;17.2146;17.8591;17.6168;18.2186;19.2181;20.206;21.1274;21.3501;21.3492;21.12;21.6257;22.3272;22.3769;22.2751;23.2435;23.143;24.1116;24.0791;24.4437;23.7694;24.057;24.2587;24.1408;23.507;22.5729;21.6389;20.8874;19.9348;19.229;18.2673;17.269;16.5673;15.958;15.014;15",54.6914
"0.1;0.5;0.4"
24.0968,17.0529,0.265328,"1;1.96318;2.95173;3.94907;4.92465;5.92451;6.38972;7.08697;7.36282;8.29024;9.27913;10.0217;10.8593;11.6017;12.6017;13.599;14.229;15.0927;15.6998;16.6663;17.6646;18.0724;18.6308;19.501;19.8671;20.7838;20.9793;21","15;14.7311;14.5803;14.5074;14.727;14.744;13.8588;14.1632;14.0892;14.4632;14.6119;15.2817;14.7354;15.4054;15.4131;15.3397;16.1162;15.6121;16.4067;16.1502;16.2092;17.1222;17.0303;16.7868;16.484;16.0844;15.1037;15",11.8817
"0.1;0.55;0.35"
26.1204,53.2544,0.290523,"1;1.96666;2.86154;3.63832;4.51616;5.51482;6.02958;7.02761;7.46997;8.02115;8.96378;9.32233;9.94046;10.9404;11.8173;12.5343;13.1469;13.8604;14.8584;15.7512;16.6683;17.6682;18.0577;19.0188;19.8941;20.324;19.8084;20.7126;21","15;14.744;14.2976;13.6679;14.1468;14.1985;13.3412;13.4039;13.6788;13.5174;13.1835;14.1171;14.9031;14.9154;14.4348;15.1319;15.9223;16.6229;16.5584;16.108;16.5066;16.5249;17.1154;16.8392;17.3227;16.4198;15.563;15.1358;15",34.6518
"0.1;0.6;0.3"
24.2851,24.4746,0.263714,"1;1.85204;2.85159;3.49758;4.45539;5.45291;6.20849;7.20849;8.08103;8.99151;9.96399;10.5654;11.5642;12.4954;13.2205;13.9053;14.8005;15.5871;16.4244;17.2971;18.1604;18.3721;19.2109;20.1801;21.1068;21","15;15.5235;15.4936;14.7303;14.4429;14.3725;15.0275;15.0256;14.5371;14.9507;14.7177;15.5167;15.4672;15.1027;15.7912;16.52;16.0742;16.6916;16.1448;16.6329;16.1283;15.1509;14.6065;14.3601;14.7357;15",18.4029
"0.1;0.65;0.25"
25.9633,72.4246,0.319425,"1;1.71264;2.67819;3.55279;4.29049;5.07309;5.75065;6.66875;7.48404;8.44272;9.1563;9.99625;10.7595;11.7396;12.7293;13.4478;13.4868;14.4858;15.4495;16.4024;17.343;18.215;18.7147;19.7146;20.6033;20.7614;21.3721;21","15;15.7015;15.4413;15.721;15.9179;16.5404;15.805;16.2013;15.6223;15.3377;16.0383;15.4957;16.1417;16.3405;16.1972;16.0875;16.85;16.8056;16.5385;16.2353;16.5747;17.0643;17.9305;17.9359;17.4774;16.49;15.6981;15",53.3574
"0.1;0.7;0.2"
23.0435,35.6248,0.26233,"1;1.99999;2.73923;3.42431;4.42208;5.41448;6.39498;7.20994;7.66137;8.19555;9.195;9.93156;10.7067;11.5187;12.5057;13.31;13.9843;14.4905;15.4845;16.193;17.1329;17.7846;18.5653;19.2959;20.1896;21","15;14.9968;15.6702;14.9417;14.8749;14.998;15.1945;15.774;15.6352;15.943;15.9099;16.5862;15.9544;16.5382;16.378;16.0734;16.0623;16.1494;16.0402;16.7459;16.4045;17.163;16.5381;15.8552;15.4067;15",29.0623
"0.1;0.75;0.15"
25.3424,25.9472,0.288528,"1;1.86475;2.17299;3.17299;3.85508;4.66909;5.65745;6.65373;6.80421;7.22698;8.00552;8.82321;9.05451;10.051;10.842;11.6624;12.6435;13.6086;14.3382;15.2795;16.0575;16.878;17.2011;17.7512;18.6612;19.3232;20.0495;20.9925;21","15;15.5022;16.4535;16.4546;16.3971;16.0067;15.8546;15.9407;16.0904;16.7601;16.3611;15.8366;14.8637;14.7794;15.3911;14.8193;14.626;14.8881;15.572;15.2346;15.8629;16.4345;16.1782;16.922;17.3366;16.5871;15.8997;15.5671;15",23.3209
"0.1;0.8;0.1"
25.4504,77.328,0.302463,"1;1.91236;2.91213;3.80996;4.80778;5.77922;6.67284;7.66378;7.93774;8.93619;9.82425;10.764;11.6424;12.5196;13.4135;13.739;14.7367;15.6958;16.4577;17.4577;18.424;18.842;19.8095;20.7393;20.8473;21.0997;21","15;14.5906;14.6121;15.0524;14.9864;14.7491;15.1979;15.0637;16.0254;16.081;16.5407;16.8826;16.4047;16.8849;16.4367;15.4911;15.4236;15.7068;16.3544;16.3499;16.6073;17.5157;17.7688;17.401;16.4068;15.4392;15",68.289
"0.1;0.85;0.05"
24.8863,29.0629,0.260968,"1;1.90116;2.88238;3.74149;4.42226;5.41601;6.41168;6.89129;7.30493;8.30014;9.29542;9.63577;10.6138;10.8636;11.7689;12.7405;13.6397;14.4128;15.3553;16.1973;16.9061;17.4611;18.0087;18.9295;19.8504;20.106;20.987;21","15;14.5665;14.3736;14.2349;14.7715;14.6599;14.7528;15.475;16.3458;16.248;16.1509;15.2106;15.4189;14.4506;14.0257;13.7894;14.227;13.5927;13.2586;13.7981;14.4336;14.2841;13.7332;14.1232;14.5131;15.4799;15.007;15",28.6453
"0.1;0.9;0"
30.7703,46.6251,5.23917,"1;2;2.59149;3.41398;4.18833;4.71131;5.45609;5.19451;5.81787;5.58954;6.53976;7.53477;8.52834;9.1622;10.0213;10.8068;11.8021;12.7894;13.7529;14.6339;15.5931;16.4315;16.9301;17.1269;17.7719;18.189;18.919;19.1906;19.5337;20.4232;20.9963;20.9984;21","15;15;15.8063;16.3751;17.0079;17.8602;18.5275;19.4927;20.2746;21.2482;21.5598;21.6595;21.7728;22.5462;23.058;23.6769;23.5798;23.4213;23.1534;22.6803;22.3977;22.9428;22.076;21.9006;21.5363;20.6274;19.944;18.9816;18.0423;17.5854;16.7659;15.7659;15",9.06884
"0.15;0;0.85"
27.5074,17.9907,0.35527,"1;1.58113;2.56052;3.53312;4.50508;5.08153;5.85737;6.73109;7.69534;8.60763;9.59298;9.93585;10.8;11.7327;12.729;13.7053;14.5138;15.4493;16.4465;17.0451;17.9502;18.7554;18.9702;19.9374;20.7575;21.252;21.8131;21.3485;21","15;14.1862;13.9842;14.2167;13.9816;14.7987;15.4296;14.9432;14.6782;15.0878;14.9172;15.7792;15.6173;15.7995;15.7135;15.9299;15.3414;15.6947;15.769;16.5701;16.9952;17.5882;18.5648;18.819;18.2468;17.3777;16.5499;15.6644;15",5.30986
"0.15;0.05;0.8"
23.4296,77.5626,0.26975,"1;1.80487;2.5739;3.52123;3.69506;4.50094;5.49714;6.48942;7.46211;8.37122;9.24141;9.91117;10.9078;11.8932;12.8682;13.3311;14.0059;14.2419;15.2104;15.9138;16.9022;17.8035;18.664;19.6568;20.6087;21","15;15.5935;14.9542;15.2745;16.2593;16.8514;16.9384;16.8143;16.5822;16.1656;16.6584;15.9158;15.8335;15.6633;15.441;16.3274;16.5356;16.7401;16.4908;15.78;15.6284;16.0618;15.5524;15.4322;15.1259;15",11.473
"0.15;0.1;0.75"
26.4382,61.4972,0.289487,"1;1.92732;2.86218;3.86218;4.79075;5.62897;6.6289;7.10018;8.09727;8.70688;9.01194;9.40143;10.3911;11.2306;11.8338;12.8152;13.3802;14.1493;15.1491;15.6091;16.3309;17.2083;18.0988;19.0988;19.9586;20.7684;20.9294;21","15;15.3743;15.0192;15.0182;14.647;15.1923;15.1798;16.0618;15.9856;15.1929;14.2406;13.3196;13.463;14.0063;13.2088;13.4005;14.2257;14.8647;14.8845;15.7724;16.4646;16.9442;16.4892;16.4955;17.0061;16.4195;15.4325;15",13.393
"0.15;0.15;0.7"
23.8375,15.021,0.253502,"1;2;2.96172;3.52057;4.45702;5.18764;6.13908;7.13672;8.12384;9.06597;9.86941;10.8373;11.8372;12.8371;13.8369;14.7853;15.0632;16.0441;16.6032;17.1442;18.0864;19.0478;19.9067;20.4237;20.4411;21","15;15;15.274;14.9;14.8711;14.1883;13.8804;13.8118;13.9718;14.307;14.9024;15.1536;15.1385;15.1234;15.1012;14.7843;13.8237;14.018;14.8472;15.6881;16.0234;16.2983;16.8105;15.9544;15.4347;15",6.7446
"0.15;0.2;0.65"
23.2855,28.8754,0.242205,"1;1.85822;2.84197;3.77929;4.15543;5.12167;5.98554;6.87876;7.80459;8.63676;9.55715;10.5547;11.4697;12.4366;12.6936;13.6917;14.5588;15.4007;16.3592;17.0162;17.7642;18.7628;19.6943;20.6941;21","15;15.5133;15.6928;16.0413;15.1147;14.8571;15.3608;14.9112;14.5333;13.9787;13.5877;13.6578;13.2544;13.5099;14.4763;14.5392;14.0412;14.581;14.5744;14.1651;14.8288;14.8816;14.5179;14.5395;15",10.857
"0.15;0.25;0.6"
22.9026,43.5391,0.253891,"1;1.99273;2.855;3.71105;4.51615;5.47035;6.43713;7.4368;8.43386;9.4274;10.4231;11.367;12.1734;12.9705;13.945;14.5466;15.45;15.9115;16.2664;17.2384;18.0841;18.7813;19.4438;20.264;21","15;14.8796;15.386;14.8691;15.4623;15.7615;16.017;16.0428;15.9662;16.0797;15.9868;15.6565;16.2478;16.8516;16.6269;15.8281;16.2569;15.8689;15.6794;15.9142;15.3805;14.6636;13.9146;14.4867;15",16.6367
"0.15;0.3;0.55"
26.6288,49.941,0.325988,"1;1.89934;1.83732;2.74116;3.69448;4.54984;5.12429;5.95496;6.9512;7.10002;7.94745;8.76821;9.6726;10.6392;10.7079;11.0885;11.9859;12.6264;13.48;14.322;15.3143;15.9742;16.5782;16.9507;17.4978;18.2591;19.2162;19.7683;20.7421;20.8819;21","15;15.4373;16.4353;16.8632;17.1652;17.6832;16.8646;16.3079;16.2213;16.0593;16.1347;16.7059;16.2792;16.5355;16.2447;15.6421;16.0833;16.1236;16.0041;15.4647;15.3404;16.0918;16.8888;16.3725;16.4959;17.1443;17.434;16.6002;16.8273;15.8371;15",21.6367
"0.15;0.35;0.5"
22.868,21.2443,0.251743,"1;2;2.85612;3.8466;4.83423;5.74743;6.62555;7.01844;7.56824;8.17913;9.06358;9.95626;10.9406;11.6801;12.2073;12.6734;13.5158;14.4478;15.431;16.2519;16.8561;17.5982;18.5459;19.4935;20.4411;21","15;15;15.5168;15.6544;15.8113;16.2188;16.6972;16.2919;16.3636;15.5718;16.0385;15.5878;15.4117;16.0848;15.7301;15.9692;15.4303;15.0678;15.2504;14.6795;15.4763;16.1466;15.8272;15.5078;15.1884;15",12.0412
"0.15;0.4;0.45"
24.4458,31.9147,0.291811,"1;1.81697;2.79393;3.6667;4.65163;5.54875;6.39026;7.37136;8.36633;9.30434;10.1787;11.1379;11.9144;12.8634;13.7689;14.7246;15.3854;16.1765;16.3322;17.3024;17.9838;17.8229;18.3902;19.0678;19.6658;20.0086;20.7159;21","15;15.5767;15.3633;14.8751;14.7022;15.144;15.6842;15.8777;15.9779;16.3245;15.8393;16.1223;15.4922;15.8073;15.3829;15.6771;16.4277;16.6768;16.7495;16.5072;17.0355;17.361;18.1845;17.5895;16.788;15.8486;15.1417;15",18.1452
"0.15;0.45;0.4"
26.7259,163213.0,0.31899,"1;1.98789;2.9341;3.93375;4.60059;5.60043;6.60027;7.09484;7.55253;8.41905;9.31693;9.84641;10.8404;11.7753;12.7639;13.5512;13.5602;14.278;15.2766;15.989;16.7721;17.4884;18.3211;19.1174;20.095;20.8955;21.685;22.0999;21.4564;21","15;15.1551;15.4787;15.4522;14.707;14.7249;14.7427;14.6717;14.4374;14.9366;15.3768;16.2252;16.116;16.471;16.6217;16.0052;15.9803;15.3183;15.3709;16.0727;16.6945;17.3923;16.8385;17.4433;17.2327;17.8321;17.2183;16.3084;15.5429;15",81610.5
"0.15;0.5;0.35"
33.8876,69.3262,6.97309,"1;1.49764;1.64391;2.44865;3.21538;4.06941;4.51559;5.0274;5.54604;5.85956;5.55561;6.50486;7.47518;7.80217;8.58408;9.5837;10.5352;10.9707;11.8998;12.605;13.2078;14.2063;14.8158;15.6478;16.5425;17.4998;17.9269;18.9188;19.3386;19.1301;19.5774;20.1354;20.3992;20.6055;20.8117;21","15;15.8674;16.8566;17.4402;18.0454;18.5656;18.3855;18.2788;19.1338;20.0833;21.036;21.3505;21.5924;22.5374;23.1608;23.1886;22.881;23.7812;24.1508;23.4417;22.6438;22.5902;23.383;23.9378;23.4911;23.2019;22.2977;22.4246;21.517;20.539;19.6446;18.8148;17.8502;16.8717;15.8932;15",45.3045
"0.15;0.55;0.3"
23.5646,20.9689,0.26483,"1;2;2.94453;3.74792;4.6851;5.31907;6.26546;7.0083;7.79697;8.71862;9.47209;10.4633;11.1169;12.1146;13.1146;14.1143;15.0051;15.9757;16.9701;17.9422;18.5947;19.3107;20.2303;20.5195;21","15;15;14.6716;14.0761;13.7273;14.5006;14.8236;15.4931;16.1079;15.7199;15.0624;15.195;15.9518;16.0192;16.0109;16.0338;16.4882;16.2473;16.3522;16.5868;17.3446;16.6466;16.2536;15.2964;15",16.1822
"0.15;0.6;0.25"
25.8481,64.2374,0.295813,"1;1.71605;2.44265;3.37725;4.32055;4.79207;5.66853;6.31723;7.31333;8.18417;9.07616;9.85477;10.5234;11.3597;12.2672;13.2073;13.8482;14.8428;15.6128;16.4976;17.4637;18.3041;19.2457;19.5269;20.2588;21.2387;21","15;15.6981;16.3851;16.0294;15.6975;16.5793;17.0608;16.2997;16.2116;16.7031;16.2511;16.8786;16.135;16.6831;16.2631;16.6042;15.8366;15.9394;15.3014;14.8352;14.5773;14.0353;14.3722;15.3319;16.0132;15.8138;15",45.6907
"0.15;0.65;0.2"
23.8001,104.928,0.273491,"1;1.94866;2.9469;3.93742;4.44819;5.37443;6.34753;6.91394;7.57099;8.55673;9.54717;10.5358;11.5315;12.531;13.5125;14.1972;14.7101;15.6889;16.5674;17.2616;17.8318;18.6656;19.4993;20.3277;21","15;14.6837;14.743;14.8804;15.7401;15.3632;15.1328;15.9569;16.7108;16.879;16.7411;16.5908;16.684;16.6532;16.4616;15.7329;14.8744;15.0794;15.557;16.2768;17.0983;16.5461;15.9939;15.4338;15",77.0607
"0.15;0.7;0.15"
22.2284,40.5741,0.245247,"1;1.68237;2.67998;3.67933;4.6332;4.67741;5.63154;6.52024;7.5094;8.03676;8.50563;9.31112;10.3078;11.2945;11.7642;12.3978;13.3618;14.3542;15.2937;16.2477;16.7688;17.6102;18.163;18.6354;19.3117;20.3061;21","15;15.731;15.6618;15.6257;15.5635;15.5638;15.8632;16.3217;16.1749;15.8951;16.0881;16.6807;16.7616;16.5991;15.7162;14.9425;15.2083;15.3311;14.9886;14.6889;14.6841;14.3662;14.3013;14.7038;15.1821;15.0766;15",33.7894
"0.15;0.75;0.1"
26.0355,30.2743,0.280837,"1;1.99586;2.83799;3.77075;4.24613;5.11009;5.80747;6.76211;7.56611;7.8335;8.66065;9.65492;10.6548;11.4612;12.4551;13.3954;14.1546;15.0141;15.8569;16.4613;17.4612;18.4092;18.7766;19.7756;20.3651;21.3561;21.0122;21","15;14.9091;15.4484;15.8089;16.6887;17.1922;16.4755;16.7733;16.1787;15.2151;14.6531;14.5462;14.528;13.9367;13.8268;14.1672;14.8181;15.3292;14.7909;13.9943;14.0079;14.3263;13.3963;13.3531;14.161;14.0276;14.9666;15",28.1388
"0.15;0.8;0.05"
43.5553,84.9559,8.84115,"1;1.25817;2.13988;2.33647;3.21025;4.2047;5.1448;5.43595;5.67992;5.51166;6.02767;7.02206;8.02204;8.82914;9.65098;10.6107;11.5132;12.4005;13.3794;14.3706;15.2641;16.0151;16.5068;17.0016;17.7242;18.7085;19.6061;20.2721;21.2284;21.151;22.0301;22.8239;23.4285;24.0943;25.0805;26.0288;25.8685;25.0458;24.4231;24.55;24.6829;23.8366;22.9904;22.1441;21.2978;21","15;15.9661;16.4379;17.4184;17.9047;18.0099;18.3508;19.3075;20.2773;21.0797;21.2149;21.3206;21.3275;21.9179;22.4876;22.2065;21.7759;21.3148;21.5195;21.6517;21.2027;21.863;22.7338;23.6028;24.2941;24.1173;24.5582;25.3042;25.5966;24.75;24.2733;23.6652;22.8687;22.1225;21.9569;21.6394;20.6523;20.0839;19.3014;18.3095;17.3184;16.7856;16.2529;15.7202;15.1874;15",78.7458
"0.15;0.85;0"
25.3746,203615.0,0.290297,"1;1.77082;2.60419;3.40599;4.06912;4.92867;5.78097;6.73826;7.66669;8.58436;9.07941;10.0409;10.9677;11.8744;12.1867;12.9906;13.787;14.3469;15.2147;16.1967;17.0601;17.6408;18.2655;19.0852;19.8794;20.875;20.9816;21","15;15.6371;16.1898;16.7148;17.0095;17.5205;16.9975;16.7084;16.3368;15.9395;15.0706;14.7959;14.4202;14.8419;15.7919;16.3868;15.7821;16.6107;16.1138;15.9248;15.6752;15.8886;15.1077;14.5349;13.9273;13.8336;14.8279;15",5.30715
"0.2;0;0.8"
23.7875,45.8244,0.265882,"1;1.72953;2.7273;3.52143;4.36866;5.20317;5.92539;6.70724;7.70332;8.60605;9.59641;10.2876;11.2561;12.2529;13.2444;14.207;14.4193;15.1798;16.1017;17.0398;17.9089;18.8751;19.8321;20.6127;21.5955;21.0129;21","15;14.3161;14.2492;14.8569;15.3882;15.9392;16.4971;16.0436;16.1321;16.0251;16.0832;16.8059;16.5569;16.4776;16.347;16.6178;16.4257;16.3861;15.9988;15.6523;15.1576;14.9;14.6098;13.9848;14.1693;14.982;15",7.24814
"0.2;0.05;0.75"
26.0412,14.4842,0.283798,"1;1.91152;2.67271;3.47463;4.47273;5.33845;6.25232;7.24894;8.12258;9.09728;10.0918;10.9237;11.6208;11.9747;12.9316;13.6899;14.3498;15.2556;16.0697;16.52;17.3266;18.3092;18.7027;19.677;20.588;20.8879;21.2488;21","15;14.8743;14.5152;13.9178;13.9794;14.4799;14.886;14.8039;15.2905;15.067;15.1714;14.6164;15.3335;16.2687;16.2845;15.6398;14.8885;14.4648;15.0455;15.9384;15.3472;15.5327;16.452;16.6772;17.0897;16.1712;15.8219;15",6.85532
"0.2;0.1;0.7"
37.0387,77.1066,7.26475,"1;1.99736;2.85328;2.49463;3.09651;3.816;4.61369;5.59016;5.82122;5.70585;5.90857;6.64255;7.60089;8.60064;9.1437;9.63462;10.5108;11.1423;12.1418;12.7057;13.1703;14.1601;14.9718;15.9431;16.7366;17.2877;18.2726;19.1678;19.6343;20.5461;21.1683;21.1442;20.7089;20.5029;19.7295;20.072;19.7159;20.3391;20.9622;21","15;15.0726;15.5897;16.5232;17.3218;18.0163;18.6193;18.4037;19.3766;20.3699;21.3492;22.0283;21.7427;21.7205;21.6366;22.0972;22.5623;22.1333;22.1641;22.99;23.8755;23.7331;24.3173;24.0796;23.471;22.6365;22.8093;23.2551;22.3705;22.7811;21.9981;20.9984;20.0982;19.1196;18.4857;17.5462;16.6117;15.8296;15.0474;15",23.6958
"0.2;0.15;0.65"
24.2049,52.6381,0.258671,"1;1.41666;2.40681;3.38788;4.38526;4.98567;5.9395;6.8953;7.89229;8.68574;9.68479;10.683;11.2629;12.1786;13.0994;13.6463;14.2078;15.191;16.0305;16.9926;17.7325;18.1138;18.8315;19.815;20.7985;21","15;14.0909;14.231;14.0373;14.1096;13.3099;13.6102;13.9042;13.9817;14.5903;14.634;14.5737;15.3883;14.9864;14.5965;15.4337;16.2612;16.0786;16.622;16.8946;16.2219;15.2974;14.6011;14.782;14.9629;15",15.5238
"0.2;0.2;0.6"
30.3587,14.7036,0.453291,"1;1.91824;2.90691;3.89404;4.89403;5.87904;6.85793;7.84413;8.8063;9.6154;10.5351;11.5351;12.438;13.4378;14.1006;14.151;15.1274;15.827;16.2301;17.0084;17.5385;18.1439;18.4708;18.9191;19.8551;20.6965;21.686;22.2365;22.9247;23.4472;22.5716;21.696;21","15;15.396;15.2459;15.086;15.081;15.2535;15.0491;14.8835;15.156;14.5683;14.961;14.9647;14.5349;14.5544;13.9128;13.8535;14.0693;14.7839;15.4339;15.6133;16.4612;17.2571;18.2022;19.096;19.4481;18.9078;18.763;17.9282;17.2026;16.35;15.8669;15.3839;15",9.99696
"0.2;0.25;0.55"
35.6634,76.9095,6.70256,"1;1.98649;2.53;3.37764;4.2054;5.17343;5.88547;5.71754;5.49603;5.48131;5.83073;6.45126;7.42196;8.33753;9.27747;10.1236;10.9134;11.8946;12.8934;13.6263;14.3608;14.5748;15.4309;16.3368;17.0721;17.88;18.768;19.6966;20.2599;20.7357;21.1233;21.1046;21.0859;21.6976;21.5872;21.3822;21.1773;21","15;15.1638;16.0032;16.5338;17.0949;16.8441;17.5462;18.532;19.5072;20.5071;21.444;22.2282;22.4685;22.0663;22.3862;22.0542;22.6676;22.4747;22.525;21.8447;21.7241;21.5279;21.7557;22.1185;22.7962;23.3855;23.8454;24.2166;23.3904;22.5108;21.5889;20.5891;19.5893;18.7982;17.8043;16.8255;15.8468;15",33.5568
"0.2;0.3;0.5"
22.9636,14.7093,0.239659,"1;1.70646;2.70644;3.0434;4.03164;4.90552;5.90223;6.89941;7.87696;8.73893;9.49763;10.3636;11.2394;12.1406;12.9368;13.9361;14.8222;15.5275;16.3786;16.6137;17.3619;18.2609;19.2572;20.1872;21","15;14.2922;14.2989;13.3574;13.2045;13.6906;13.7717;13.8467;14.0574;14.5643;15.2158;15.7159;15.2332;14.7998;14.1948;14.1572;14.6208;15.3297;15.8547;15.801;15.6729;15.2349;15.1494;15.5171;15",9.84881
"0.2;0.35;0.45"
43.2865,103.265,9.61603,"1;1.52334;2.44196;3.43778;4.23731;4.9283;5.85786;5.73357;5.77356;4.95752;5.86132;6.06618;6.95778;7.90868;8.84224;9.79264;10.2572;10.6913;11.1709;11.954;12.9536;13.9023;14.8629;15.6651;16.4665;16.9254;17.7313;18.7241;19.6391;20.2231;21.0293;22.0069;22.5383;22.7677;23.2997;23.9474;23.801;24.4037;23.7948;24.1147;24.6366;23.7444;22.8522;22.2856;21.2895;21","15;15.8521;16.2473;16.1559;16.7566;17.4794;17.8481;18.8403;19.8395;20.4145;20.8357;21.8145;22.2673;22.5768;22.9352;23.2463;23.4541;23.6849;22.8075;22.1855;22.2113;22.5275;22.2496;22.8467;23.4449;24.3334;24.9254;25.0451;24.6417;25.4534;24.8618;24.651;23.804;22.8306;21.9838;21.222;20.2327;19.4347;18.6414;17.694;16.841;16.3893;15.9377;15.1137;15.0256;15",53.8095
"0.2;0.4;0.4"
22.9105,12.0147,0.244291,"1;1.90496;2.90494;3.5636;4.53748;5.4609;6.45984;7.38132;7.90959;8.88708;9.82013;10.8195;11.4724;12.4716;13.4046;14.0331;15.0271;16.0231;16.9729;17.908;18.8308;19.805;20.4219;21","15;14.5745;14.5685;15.3209;15.548;15.9318;15.9778;15.5894;14.7403;14.9513;14.5915;14.6281;15.3854;15.345;14.9851;15.763;15.6541;15.7434;15.4304;15.076;14.6907;14.9163;15.7034;15",10.0742
"0.2;0.45;0.35"
42.0616,35.0917,8.97184,"1;1.70949;2.60473;3.37127;4.14858;4.81634;4.29656;4.44555;5.04654;5.71407;5.98183;6.31066;7.23251;8.01846;8.99548;9.96656;10.9096;11.8991;12.7108;13.3604;14.2798;15.0205;15.7905;16.5927;17.3118;18.2359;18.4647;19.1524;20.0535;20.776;21.7576;22.6068;22.4128;22.9014;22.6113;23.348;23.6369;23.0546;23.7142;23.8192;22.8901;21.9611;21.1699;21","15;15.7047;15.2591;15.9013;16.5304;17.2748;18.1291;19.1179;19.9172;20.6618;21.6253;22.5696;22.4536;22.823;22.8855;22.6467;22.9794;23.1235;22.5393;23.2995;22.9062;22.2344;21.5963;22.1933;22.8882;23.2704;24.2439;24.9698;24.5361;23.8447;23.6537;23.1256;22.1446;21.2721;20.3151;19.6389;18.6815;17.8686;17.1169;16.1224;15.7525;15.3826;14.7711;15",28.6497
"0.2;0.5;0.3"
28.0026,30.1332,0.320014,"1;1.94468;2.93176;3.80478;4.79186;5.73485;6.68924;7.47291;8.46466;8.56398;8.80928;9.70094;10.6909;11.6438;12.6438;13.4661;14.4377;15.1409;16.1372;16.8145;17.4082;18.0256;18.8176;19.5489;20.3646;21.3643;22.3528;22.7128;21.8431;21","15;15.328;15.1678;15.6555;15.4953;15.8281;16.1267;16.7479;16.6197;15.9227;15.681;15.2283;15.3693;15.0661;15.059;14.4899;14.2536;14.9646;14.8783;15.6139;16.4186;17.2053;16.5948;17.2768;16.6982;16.7202;16.8712;15.9383;15.5012;15",22.2538
"0.2;0.55;0.25"
24.2328,158.137,0.274019,"1;1.28549;2.28546;3.27644;4.2207;5.142;5.84968;6.54319;7.50408;8.48833;9.03967;10.0333;10.9122;11.9021;12.2412;12.8527;13.8527;14.5364;14.8201;15.6815;16.5096;17.4621;18.1378;19.1369;19.7141;20.6981;20.9694;21","15;14.0416;14.0337;13.8997;14.2289;14.6177;15.3242;16.0447;15.7678;15.9446;16.7789;16.8915;16.4145;16.5563;16.4389;16.8667;16.8719;16.6128;16.6186;16.1107;15.5501;15.8547;15.1176;15.0765;15.8932;16.0711;15.1086;15",99.7834
"0.2;0.6;0.2"
30.4961,341826.0,3.64657,"1;1.93847;2.46338;3.15605;4.15292;4.73591;5.32445;5.53702;5.63119;6.16426;7.13796;7.4639;8.04862;8.79918;9.67278;10.4786;11.3986;12.2986;13.2303;14.0154;14.7311;15.6601;16.1793;16.6247;17.2258;17.9658;18.8117;19.1417;19.5378;19.9472;20.5567;21.5554;21.5207;21","15;15.3454;16.1965;16.9178;16.9968;17.8093;18.6177;19.5949;20.5904;21.4365;21.6643;21.8994;21.2512;21.912;22.3986;21.8065;21.4146;21.8505;21.4873;22.1066;21.4082;21.7783;21.6384;21.5147;20.7155;20.0429;19.5096;18.5753;18.2582;17.3459;16.5531;16.5009;15.5015;15",222194.0
"0.2;0.65;0.15"
24.534,100.157,0.268922,"1;1.81446;2.814;3.29154;3.92791;4.86539;5.8643;6.72821;7.55081;8.54367;9.15781;9.44188;9.98773;10.9841;11.4199;11.9967;12.8023;13.7779;14.6803;15.5009;16.288;17.2713;18.2632;19.2529;20.1938;20.5269;21","15;15.5802;15.55;14.6714;13.9;14.248;14.2946;13.7909;13.2223;13.1031;13.8923;14.2435;14.4501;14.5355;15.4356;16.2525;16.845;16.6254;16.1946;15.6231;16.24;16.4217;16.295;16.4387;16.1001;15.1572;15",75.0437
"0.2;0.7;0.1"
35.0608,29.4448,6.42315,"1;1.25788;1.9672;2.88943;3.71322;3.64916;3.70833;3.56151;4.31863;5.16414;5.81717;6.47312;6.42873;7.42204;8.41253;9.40769;10.1663;10.9449;11.7762;12.4738;13.4659;14.4434;15.2627;16.0149;16.9623;17.5762;18.0629;18.9499;19.8764;20.4591;21.0411;21.6908;22.1585;22.6086;21.9468;21.0543;21","15;15.9662;16.6711;17.0577;17.6246;18.6225;19.6208;20.61;21.2632;21.7972;22.5545;23.3093;24.3083;24.4239;24.2863;24.3845;23.733;23.1054;22.5497;21.8331;21.9584;22.1694;21.5961;22.255;21.935;21.1456;20.272;19.8102;19.434;18.6213;17.8081;17.0479;16.1641;15.2711;14.5214;14.9726;15",29.4169
"0.2;0.75;0.05"
24.0736,387199.0,0.285344,"1;2;2.70787;2.93377;3.85913;4.83032;5.82953;6.72504;7.40323;8.37496;8.66697;9.23668;10.1756;11.1686;12.0285;12.9283;13.9245;14.81;15.5754;16.4875;17.23;17.8603;18.1757;18.5049;19.4104;20.3868;21","15;15;15.6994;16.4926;16.8716;17.1099;17.0702;16.6251;15.8903;16.1264;15.8475;16.6337;16.2897;16.1714;15.6609;16.0972;16.1843;16.6488;16.0053;16.4152;17.0851;16.9602;16.7602;15.8159;15.3915;15.6072;15",309764.0
"0.2;0.8;0"
22.9329,50.1874,0.25576,"1;1.93887;2.78166;3.67819;4.36758;5.2558;6.18832;7.17563;8.17517;8.98621;9.66536;10.6654;11.6649;12.6486;13.4937;14.4184;14.8889;15.8752;16.4446;17.4273;18.4188;19.1277;20.0964;21","15;14.6557;15.194;15.6369;16.3613;15.9019;15.5408;15.382;15.4124;15.9973;16.7313;16.7339;16.7031;16.5236;15.9889;16.3697;15.4873;15.6525;14.8305;14.6449;14.775;15.4803;15.2318;15",5.92504
"0.25;0;0.75"
23.6767,45.8144,0.26387,"1;1.75057;2.68882;3.62553;4.62553;5.11229;5.84027;6.72221;7.71937;8.65465;9.65233;10.5846;11.2729;11.993;12.713;13.4644;14.4371;14.583;15.4255;16.3275;17.2286;17.7307;18.7094;19.5376;20.4203;21","15;14.3392;14.6852;15.0353;15.0332;15.9068;16.5924;16.121;16.1964;15.8425;15.7744;15.4127;16.1381;15.4442;16.1382;16.798;16.566;16.5172;16.7177;16.2859;15.8523;14.9875;14.7819;14.2214;14.6914;15",8.3946
"0.25;0.05;0.7"
23.4292,76.6935,0.263705,"1;1.99642;2.77714;3.59821;4.58103;5.54644;6.22791;7.08508;7.95557;8.95349;9.88382;10.6415;11.3622;12.351;13.3357;14.2713;15.2712;16.2357;17.0639;17.7445;18.7445;19.3924;20.2897;20.8621;21","15;14.9154;15.5403;14.9695;14.7849;15.0456;15.7774;16.2925;16.7847;16.8491;16.4824;15.8298;16.5231;16.3737;16.1997;16.5529;16.5677;16.3038;15.7433;15.0107;15.0074;14.2456;13.8043;14.4529;15",13.6981
"0.25;0.1;0.65"
22.8284,67.2853,0.264016,"1;1.86042;2.58267;3.38531;4.36578;5.18112;5.96304;6.77732;7.69413;8.57829;9.47131;10.3352;11.3195;12.2681;13.2609;14.2255;14.9149;15.8725;16.8711;17.8681;18.6133;19.1959;20.1899;21","15;15.5096;16.2012;15.6048;15.8015;16.3804;15.757;16.3375;15.9382;16.4054;16.8554;16.3518;16.1752;16.4917;16.3722;16.1085;16.8328;16.5444;16.4934;16.4156;15.7488;14.936;14.8268;15",15.9583
"0.25;0.15;0.6"
24.6492,29.3469,0.266948,"1;1.99957;2.44565;3.41259;4.3354;5.17592;5.79457;6.72001;7.61464;8.38727;9.29653;9.9955;10.5913;11.5748;12.5598;13.5448;14.5298;15.5148;16.3166;16.4448;17.2288;18.1292;19.1028;20.1001;20.6457;21","15;15.0295;15.9245;15.6695;16.0548;15.513;14.7273;14.3484;13.9016;14.5365;14.9527;15.6679;16.471;16.6519;16.4792;16.3066;16.134;15.9613;15.3637;14.372;13.7512;13.3161;13.5445;13.618;14.456;15",12.1785
"0.25;0.2;0.55"
23.6572,11.5493,0.249395,"1;1.78534;2.75439;3.68986;4.42389;5.42304;6.09426;6.78979;7.09424;8.05453;9.01584;9.87122;10.5687;11.5598;12.346;13.1422;14.093;15.0178;15.9943;16.9925;17.8192;18.6376;19.4845;20.3207;20.7332;21","15;15.6191;15.3722;15.7256;15.0465;15.0052;15.7465;15.684;15.7533;15.4743;15.1988;15.7168;15.0002;14.8675;15.4855;14.8805;15.1905;14.8101;14.5945;14.6539;14.0912;13.5166;14.0484;13.5;14.4109;15",8.92633
"0.25;0.25;0.5"
24.6614,55.3969,0.271325,"1;1.83126;2.81857;3.68117;4.47966;5.45376;6.28927;7.1971;8.0336;8.94975;9.94238;10.4137;11.0528;12.0287;12.9807;13.8032;14.6559;15.6106;16.2968;16.5883;17.5738;18.1499;19.1492;19.9859;20.5182;21","15;14.4441;14.2853;14.7912;15.3933;15.6193;16.1688;15.7495;15.2015;14.8007;14.6795;15.5615;16.3306;16.1125;15.8063;16.3751;16.8975;16.6002;15.8728;14.9162;15.0861;15.9035;15.941;15.3934;14.5468;15",22.9065
"0.25;0.3;0.45"
23.6161,88.0465,0.248531,"1;1.8361;2.78367;3.56943;4.36882;5.15981;6.12435;7.12358;8.09404;9.09122;9.67237;10.5887;10.8954;11.8718;12.7472;13.6569;14.4923;15.4756;16.1077;16.9777;17.9084;18.8322;19.4754;20.4188;21","15;15.5486;15.229;14.6105;14.0097;13.3978;13.1339;13.1732;13.4145;13.3395;14.1533;14.5538;15.5056;15.7215;15.2382;15.6534;16.2032;16.0214;15.2465;14.7535;14.3875;14.7704;15.536;15.2043;15",36.8197
"0.25;0.35;0.4"
25.9474,55.3587,0.297627,"1;1.6993;2.54072;3.54067;4.51804;5.18007;5.34529;6.03392;6.92928;7.87447;8.87443;9.35539;9.73415;10.6888;11.6807;12.2724;13.1561;14.0009;14.9983;15.6328;16.6041;17.4691;18.3348;18.8954;19.8617;20.2566;20.6515;21","15;15.7148;16.2552;16.2446;16.0331;15.2836;14.2973;13.5722;13.1269;13.4534;13.463;13.9512;13.9737;13.676;13.8034;14.6096;15.0776;15.6126;15.5399;16.3129;16.0753;16.5772;17.0777;17.9057;17.6484;16.7297;15.811;15",28.7345
"0.25;0.4;0.35"
22.626,21.8758,0.2453,"1;1.64676;2.62986;3.62342;4.58267;5.31056;6.23834;7.17213;8.12932;9.12892;9.98441;10.5844;11.2644;12.2189;12.9156;13.0339;13.9603;14.9582;15.7885;16.7841;17.7547;18.6899;19.5686;20.1651;21","15;14.2373;14.0542;13.941;14.2235;14.9092;15.2823;14.9245;14.6351;14.6634;15.1812;15.9812;16.7145;16.4163;15.8157;15.8369;15.4604;15.3951;15.9525;16.0453;15.8047;16.159;15.6817;15.4195;15",15.5742
"0.25;0.45;0.3"
22.23,14.2419,0.243179,"1;1.57926;2.52218;3.47729;4.35831;5.35752;6.15366;7.15037;8.14987;8.91851;9.87856;10.8462;11.8393;12.8348;13.8303;14.5454;15.254;15.4206;16.4079;17.328;18.0162;19.0128;19.9079;20.8029;21","15;15.8151;15.4821;15.1859;15.659;15.6985;15.0934;15.1745;15.143;15.7826;15.5028;15.7552;15.8719;15.7772;15.6824;16.3815;15.9304;15.8979;15.739;15.3472;16.0726;15.99;15.5441;15.0982;15",12.7392
"0.25;0.5;0.25"
26.6394,73.6226,0.296834,"1;1.72831;2.26183;3.20618;3.96669;4.95028;5.59363;6.58592;7.17426;8.16598;8.62703;9.51215;10.4402;11.3337;12.304;13.2839;13.9775;14.9633;15.743;16.6218;17.4053;18.3344;19.328;20.2732;21.2085;21.8336;21.0138;21","15;15.6853;16.531;16.86;17.5093;17.6897;16.9242;16.8002;15.9916;15.8632;14.9758;14.5105;14.1381;13.6889;13.4472;13.2474;13.9677;14.1359;13.5098;13.9871;13.3658;12.996;13.1094;13.436;13.0822;13.8627;14.2814;15",47.2116
"0.25;0.55;0.2"
24.0961,24.1282,0.264039,"1;1.74212;2.60992;3.60903;4.57519;4.89597;5.89486;6.86398;7.73091;8.70133;9.50743;9.62883;10.1673;11.0992;12.0943;13.0785;13.9529;14.9317;15.8477;16.4248;16.8983;17.4073;18.2404;19.15;19.9263;20.9062;21","15;15.6703;15.1734;15.2154;15.4734;16.4205;16.3735;16.6201;16.1217;15.8803;15.5447;15.5064;14.6638;14.3009;14.2024;14.3798;14.865;14.6602;14.2592;15.0758;15.9567;16.8175;16.2644;15.8489;15.2186;15.0191;15",20.5405
"0.25;0.6;0.15"
24.4117,20.5364,0.256675,"1;1.80314;2.78281;3.36558;3.9927;4.91678;5.8171;6.78013;7.41387;8.2282;8.60493;9.22647;10.2186;11.0142;11.9086;12.4458;13.0003;13.9946;14.3668;14.9507;15.95;16.8311;17.7313;18.3372;18.9984;19.8496;20.7008;21","15;15.5958;15.3952;14.5825;15.0517;15.4339;15.8692;15.5998;14.8262;14.2458;14.4016;14.3048;14.1795;14.7853;15.2326;14.3891;13.5569;13.4499;13.9477;13.7429;13.7801;14.253;14.6885;15.4841;16.2343;15.7094;15.1845;15",19.4773
"0.25;0.65;0.1"
25.7,38.996,0.297587,"1;1.99993;2.74511;3.73328;4.73212;5.73096;6.21869;7.16593;7.87145;8.77671;9.76834;10.2523;11.1516;11.8005;12.4583;13.2996;14.2893;15.2264;16.144;16.6734;17.6729;18.4523;19.4392;19.9551;20.7756;21.7227;21.0716;21","15;14.988;14.3212;14.1678;14.216;14.2641;15.1371;15.4576;16.1663;16.5912;16.4621;15.587;15.1497;15.9106;15.7568;16.1153;15.972;16.321;15.9235;16.7719;16.8037;17.4302;17.5916;16.735;16.1634;15.8424;15.0834;15",33.737
"0.25;0.7;0.05"
23.6684,80.636,0.2629,"1;1.84228;2.70488;3.60583;4.56933;5.28814;6.25412;7.00242;7.24231;7.92303;8.92303;9.22421;9.92263;10.9067;11.2424;11.4895;12.489;13.4869;14.4842;15.4834;16.4833;17.4644;18.2709;19.2583;20.0426;21","15;15.539;16.0449;15.611;15.3433;16.0385;15.7799;16.4432;16.542;16.8337;16.8295;16.1585;16.8015;16.6238;15.6818;14.7128;14.7434;14.8084;14.735;14.7756;14.7682;14.9618;15.5531;15.3949;14.7745;15",66.3941
"0.25;0.75;0"
23.6081,16.5946,0.252345,"1;1.83864;2.64601;3.64501;4.15216;5.06033;5.96881;6.4195;7.38523;8.34035;9.2795;10.2014;11.1994;12.1828;13.1564;13.9026;14.8073;15.688;15.9335;16.9294;17.8678;18.8653;19.6297;20.1386;21","15;15.0709;15.0804;15.0357;14.1739;13.7553;14.1732;15.0659;15.3254;15.0292;14.6857;15.073;15.1374;14.9562;14.7278;15.3935;14.9674;15.4409;16.4103;16.4998;16.1541;16.0838;15.439;14.5783;15",7.25908
"0.3;0;0.7"
24.1372,56.1742,0.261861,"1;1.90151;2.82392;3.82114;4.81832;5.69161;6.42598;7.41644;8.40466;9.40465;10.1833;10.9169;11.7998;12.7802;13.717;14.3161;14.6452;14.9137;15.9087;16.8673;17.4193;18.2859;19.1371;20.0441;20.8847;21","15;14.5672;14.9535;15.028;15.1029;15.5901;14.9114;14.7736;14.9267;14.9325;14.305;13.6255;13.1559;13.3533;13.7032;14.5039;15.4482;16.4114;16.5117;16.2271;17.061;16.5621;16.0372;15.616;15.0743;15",10.2201
"0.3;0.05;0.65"
32.8629,31.7365,6.47471,"1;1.88868;2.88547;3.82404;3.85558;4.65567;4.13198;3.98306;4.54674;4.2329;5.16918;6.06221;7.06194;8.00554;8.96685;9.42163;10.0507;10.869;11.8689;12.8541;13.7588;14.7498;15.5732;16.1104;17.0947;17.7141;18.2531;18.6567;19.0603;19.5723;19.6883;20.1465;20.6046;21","15;15.4585;15.3786;15.7236;16.7232;17.323;18.1749;19.1638;19.9898;20.9393;21.2905;21.7405;21.7172;22.0482;22.3237;23.2143;23.9916;24.5665;24.5527;24.3812;23.9552;24.0886;23.5211;22.6777;22.8542;22.0691;21.2268;20.3119;19.397;18.5379;17.5447;16.6558;15.767;15",16.9173
"0.3;0.1;0.6"
27.8922,118.625,0.332226,"1;1.04776;1.93231;2.92937;3.92864;4.90795;5.86826;6.86455;7.84902;8.84105;9.84011;10.0269;10.2044;11.1963;12.0031;12.807;13.4665;14.4656;15.458;16.2932;16.8955;17.3989;18.2893;19.2561;19.792;20.6411;21.6116;21.2884;21","15;15.9989;16.4653;16.3887;16.4271;16.6294;16.9084;16.8223;16.6467;16.7727;16.7293;15.7469;14.7628;14.8902;15.4809;16.0757;15.324;15.2811;15.4037;14.8538;15.652;16.5161;16.9714;16.7158;17.5601;17.0317;16.7906;15.8443;15",26.3441
"0.3;0.15;0.55"
24.3514,37.3016,0.281134,"1;1.99954;2.79795;3.79741;4.72681;5.72677;6.71657;7.48175;8.22785;8.97035;9.93441;10.7154;11.6892;12.4939;13.0021;13.5476;14.1934;14.7593;15.0027;15.9964;16.9931;17.8209;18.7286;19.1218;20.0098;20.4998;20.9899;21","15;15.0302;15.6323;15.5993;15.9684;15.9589;16.1014;16.7452;16.0794;15.4095;15.6752;16.2997;16.5271;15.9334;15.2645;15.8012;16.0492;16.3014;16.6366;16.5246;16.4432;15.8821;16.3017;17.2212;16.7613;15.8896;15.0179;15",14.9063
"0.3;0.2;0.5"
23.5416,25.7475,0.26322,"1;1.82729;2.53188;3.48987;4.44597;5.21806;5.75623;6.7455;7.7434;8.672;9.33451;10.2195;11.1204;11.9348;12.4811;13.303;13.645;14.5498;15.393;16.3856;16.8197;17.6403;18.4741;19.4202;20.3663;21","15;15.5618;16.2714;15.9846;16.2776;16.9131;16.0703;15.9242;15.8595;15.4884;16.2374;16.7031;16.2691;15.6888;15.6786;15.1854;15.3177;15.7437;16.2812;16.1596;15.2587;14.6872;14.1352;14.4591;14.783;15",13.6178
"0.3;0.25;0.45"
23.7326,50.5134,0.261154,"1;2;2.92247;3.56603;4.55972;5.48139;6.35888;7.35812;8.14614;9.14129;10.1397;10.6315;11.5501;12.3631;13.3488;14.2949;15.2948;16.2495;16.5972;17.3804;17.6595;18.6205;19.6193;20.3308;21","15;15;15.3861;16.1515;16.2636;15.8756;15.396;15.435;14.8194;14.9177;14.862;15.5734;15.6989;16.2811;16.4498;16.7736;16.7799;16.482;15.5444;14.9227;13.9624;13.686;13.6364;14.3391;15",22.3782
"0.3;0.3;0.4"
25.2648,18.889,0.275157,"1;1.98808;2.34576;3.15951;4.0206;5.02059;5.94828;6.69464;7.65624;8.57861;9.52983;10.2612;11.2109;12.2031;13.2013;14.1976;14.716;15.4498;16.4458;17.4132;17.6215;18.5007;19.3969;20.0666;21.0552;20.7054;21","15;14.846;15.7799;16.3611;16.8695;16.8729;16.4996;15.834;16.1085;15.7222;16.0308;15.3488;15.6618;15.5371;15.4762;15.3909;14.5357;13.8563;13.9461;14.1991;13.8322;14.3087;13.8652;13.1226;13.2734;14.1969;15",14.2869
"0.3;0.35;0.35"
35.4215,61.9383,7.89052,"1;1.81343;2.31872;2.98995;3.70157;4.34199;5.23892;5.88061;5.56263;5.77539;5.42977;6.34336;6.87332;7.59498;8.59053;9.53901;10.2499;11.2365;12.1821;12.891;13.5851;14.4448;15.3056;16.1877;17.1441;18.1424;19.1365;19.3456;19.8017;20.5035;19.979;20.3381;20.3583;19.8956;20.3048;21.1078;21","15;15.5817;16.2482;16.221;16.8555;17.6235;18.0657;18.8326;19.7807;20.7578;21.6962;22.1029;22.9509;23.6431;23.5489;23.2321;23.9353;24.0984;23.7729;23.0676;22.3477;22.8586;23.3675;23.8385;23.5465;23.6048;23.7135;22.7357;21.8457;21.1333;20.2819;19.3486;18.3488;17.4623;16.5499;15.9538;15",37.7689
"0.3;0.4;0.3"
23.8273,341182.0,0.281033,"1;1.16429;1.55846;2.54586;3.46948;4.42292;5.41897;6.34089;6.94016;7.90233;8.90059;9.59728;9.66184;10.5742;11.546;12.5427;13.3464;14.0587;14.9293;15.7418;16.5439;17.5419;18.4211;19.4161;20.3947;21","15;15.9864;16.9054;17.0637;17.447;17.1455;17.2343;16.8469;16.0463;15.7739;15.7149;16.4323;16.4327;16.646;16.4101;16.4906;15.8956;15.1937;14.7016;14.1187;14.7159;14.7795;15.2559;15.3557;15.5617;15",153539.0
"0.3;0.45;0.25"
23.9767,59.5303,0.269796,"1;1.95181;2.95168;3.73803;4.61041;5.37637;6.33731;7.31713;8.17127;8.81297;9.80244;10.5337;10.7982;11.7914;12.2191;12.8115;13.4478;13.7305;14.3954;14.8261;15.7784;16.7593;17.7099;18.6611;19.3596;20.2606;21","15;14.6933;14.7094;15.3272;15.816;16.4589;16.7357;16.5358;16.0157;16.7827;16.6379;16.1735;16.7297;16.6132;15.8183;15.6002;15.8782;16.2225;15.4756;14.573;14.8781;15.0725;15.3829;15.0742;15.7898;15.356;15",37.0121
"0.3;0.5;0.2"
23.7019,46.1029,0.265198,"1;1.7742;2.77366;3.75624;4.73085;5.70649;6.52549;7.51783;7.79501;8.43284;9.35511;10.0394;10.9845;11.6287;12.5567;13.4399;14.4337;15.0596;16.0388;16.9135;17.4037;17.5644;18.5221;19.4797;20.4155;21","15;15.6329;15.6;15.7859;16.0098;16.2292;16.803;16.6794;16.41;16.2759;16.0128;16.1861;16.513;15.7482;15.3755;15.8444;15.7334;16.5133;16.3102;15.8255;14.9539;13.9669;14.2549;14.5428;14.1903;15",32.5069
"0.3;0.55;0.15"
22.3543,10.7378,0.236254,"1;1.99905;2.92387;3.73283;4.64041;4.98858;5.88468;6.80504;7.71702;8.71702;9.59738;10.57;11.32;12.3145;13.3125;14.0483;15.0482;16.0481;17.0378;17.9089;18.8509;19.7636;20.7591;21","15;15.0437;15.4241;16.012;15.5921;14.6547;14.2108;14.6019;15.0121;15.0112;14.5369;14.7692;15.4307;15.5352;15.5985;14.9213;14.9326;14.9439;15.0876;15.5787;15.2431;14.8345;14.7401;15",13.1726
"0.3;0.6;0.1"
24.8945,48.318,0.268367,"1;2;2.95727;3.76687;4.76671;5.69188;6.68686;7.53707;8.49895;9.26175;10.2549;10.511;10.9538;11.8504;12.5167;12.5966;13.5925;14.5896;15.5401;16.3767;17.2708;18.1814;18.6875;18.9927;19.6392;20.5079;21","15;15;15.2892;15.8762;15.8583;15.4788;15.3787;15.9052;16.1786;16.8253;16.7082;15.8766;15.9929;15.5501;14.8045;13.8077;13.8978;13.8223;13.5116;14.0595;13.6118;13.1984;14.0609;15.0131;15.7761;15.2807;15",38.8885
"0.3;0.65;0.05"
25.3319,33.2539,0.287779,"1;1.70435;2.30988;3.03138;3.84793;4.53857;5.3302;6.12774;7.12197;7.54241;8.49206;9.46783;10.4431;11.4257;11.7837;12.1767;12.7836;13.7792;14.6905;15.6756;16.5683;17.5628;18.1834;19.0254;19.9011;20.732;20.8962;21","15;15.7099;16.5057;17.1981;17.4431;17.8787;17.2677;16.6644;16.5572;15.6498;15.3365;15.1177;15.3389;15.153;14.2193;14.3458;14.2312;14.3243;13.9126;14.0851;14.5357;14.6399;13.8558;13.3162;12.8334;13.3898;14.3762;15",30.8773
"0.3;0.7;0"
33.9773,19.6191,6.09842,"1;1.91383;2.74413;3.13459;3.64225;4.44016;4.30855;3.96285;4.34199;4.50169;4.94659;5.87493;6.87409;7.87247;8.63317;9.58336;10.3853;11.1873;12.0794;12.8787;13.8112;14.6687;15.5001;16.5001;17.4426;18.3451;18.6355;19.131;19.6835;19.6676;19.785;20.2562;19.3787;19.5303;20.529;21","15;15.4061;15.9634;16.8094;17.4704;18.0732;19.0645;20.0028;20.9282;21.9153;22.8109;23.1827;23.2235;23.1665;23.8156;23.504;22.9066;22.3093;22.5271;22.3347;21.9736;21.4591;22.0147;22.0229;22.357;21.9262;20.9693;20.1007;19.2672;18.2673;17.2742;16.3922;15.9126;14.9242;14.9757;15",15.856
"0.35;0;0.65"
24.2987,62.7644,0.280465,"1;1.8383;2.60906;3.58694;4.58109;5.56966;6.34714;7.20513;8.20484;8.93227;9.91276;10.2001;11.1986;12.1794;13.0782;13.9436;14.9112;15.8655;16.8121;17.8096;18.4419;19.3041;20.3041;20.6096;21.0058;21","15;15.5452;14.9081;14.6989;14.807;14.6562;15.2851;14.7715;14.7954;15.4816;15.6781;16.636;16.5816;16.7766;16.3382;16.8393;16.5871;16.288;15.9657;15.8947;16.6694;17.176;17.169;16.2168;15.2986;15",11.811
"0.35;0.05;0.6"
25.2243,87.6528,0.286246,"1;1.78929;2.78878;3.20159;3.74612;4.73712;5.61783;6.60362;7.59317;8.58075;9.54404;10.4147;11.0788;12.0614;12.7661;13.0686;14.0675;15.0489;15.9367;16.8032;17.7918;18.6201;19.3505;20.0944;20.9782;21.0842;21","15;15.614;15.5821;16.4929;17.3316;17.1977;16.7241;16.5561;16.7003;16.8574;16.5889;16.0971;15.3494;15.5352;14.8257;13.8726;13.8254;13.6338;13.1734;13.6725;13.8234;14.3835;15.0665;15.7348;16.2027;15.8932;15",17.7512
"0.35;0.1;0.55"
25.6706,36.3467,0.299231,"1;1.77353;1.75821;2.74047;3.70735;4.63284;5.58886;6.55761;7.55292;8.48265;9.39729;10.3913;11.2463;11.7842;12.7116;13.3682;13.9755;14.9428;15.8513;16.5422;16.8289;17.8226;18.1079;19.0721;19.794;20.5159;21","15;15.6338;16.6336;16.8211;16.5659;16.9446;16.6513;16.4033;16.3065;16.6748;16.2705;16.1617;16.6803;15.8372;15.4632;14.709;13.9145;14.1681;14.5862;15.3091;16.2671;16.1549;17.1133;16.848;16.156;15.464;15",14.5863
"0.35;0.15;0.5"
23.3889,34.011,0.25801,"1;1.92091;2.85844;3.83929;4.66022;5.43754;6.20998;7.20994;8.05363;8.52068;9.47992;10.4133;11.3986;12.3964;13.3806;14.3774;14.768;15.6201;16.5675;17.2426;18.2121;19.0012;19.67;20.67;21","15;14.6102;14.2623;14.457;13.886;14.5151;15.1502;15.1587;15.6955;16.5798;16.2972;16.6561;16.4854;16.5512;16.3737;16.2942;15.3737;14.8503;15.1704;15.9082;16.1533;15.5391;14.7956;14.7943;15",15.1044
"0.35;0.2;0.45"
27.6039,20.9559,0.285608,"1;1.94428;2.94402;3.92644;4.85679;5.80342;6.72997;7.03182;8.03178;9.02925;9.76377;10.4408;11.3396;12.2982;13.1742;13.9688;14.9686;15.8973;16.7366;17.4766;18.3933;19.3235;20.2035;21.1845;21.8442;22.3674;22.9107;22.0331;21.1555;21","15;15.3292;15.3064;15.4931;15.1264;15.4488;15.8249;14.8716;14.8808;14.9519;15.0333;15.1546;14.7163;14.4313;13.9491;14.5563;14.5359;14.1651;13.6215;12.9489;12.5492;12.1823;11.7073;11.5132;12.2647;13.1169;13.9564;14.4358;14.9151;15",15.0146
"0.35;0.25;0.4"
33.3234,53.0329,5.08487,"1;1.41645;2.1643;2.33333;3.33333;4.33208;4.36341;4.4721;4.70719;5.64664;5.76385;5.1195;5.91533;6.65062;7.65051;8.64558;9.61914;10.3964;11.3585;12.3273;13.1943;14.1881;15.145;15.8501;16.8305;17.2915;17.4958;17.7525;18.6162;19.0425;19.9501;20.1491;21.011;20.6384;21.2939;20.7055;20.9456;21","15;15.9092;16.573;17.5586;17.5604;17.6103;18.1371;18.6004;19.5724;19.9151;20.9082;21.6729;21.6953;21.3704;21.3558;21.455;21.6834;22.3126;22.5851;22.8329;22.3345;22.2234;22.5139;23.223;23.0258;22.1384;22.0071;21.251;20.8488;20.5892;20.1695;19.1895;18.6823;17.7544;16.9992;16.1906;15.2199;15",29.3527
"0.35;0.3;0.35"
23.9103,50.3597,0.270825,"1;2;2.28453;3.27531;4.27341;5.14627;6.14586;7.01352;8.0061;8.8809;9.87168;10.2904;11.2887;11.7523;12.6916;13.3703;14.3195;15.0732;16.073;17.016;17.748;18.4895;19.4051;20.1482;21","15;15;15.9587;16.0941;16.0325;16.5205;16.5491;16.0519;16.1735;16.658;16.5225;15.6143;15.5571;14.671;15.0143;15.7487;16.0633;16.7205;16.7391;16.4062;15.7249;15.054;14.6519;15.3211;15",26.0758
"0.35;0.35;0.3"
25.7272,33.8868,0.282301,"1;2;2.9328;3.9328;4.40593;5.40314;6.33013;7.12044;7.94428;8.73791;9.67335;10.3245;11.1567;11.7336;12.5874;13.5592;14.557;15.5543;16.244;17.0642;17.6857;17.7749;18.7576;19.5516;20.4565;20.7712;21","15;15;15.3604;15.3618;16.2428;16.1681;15.7931;16.4058;15.8389;16.4473;16.8008;16.0419;16.5964;15.7795;15.259;15.4949;15.4285;15.3554;16.0795;15.5075;14.7241;13.7281;13.5429;12.9349;13.3605;14.3098;15",22.6298
"0.35;0.4;0.25"
24.5696,100.304,0.281039,"1;1.98837;2.98225;3.96751;4.82552;5.67876;6.61309;7.54544;8.46252;9.27302;10.1926;11.1865;12.1528;13.1321;13.9211;14.8367;15.7557;16.7012;17.6246;18.0247;17.8968;18.7573;19.4458;20.0506;20.6555;21","15;15.1521;15.2625;15.4336;15.9472;16.4687;16.1123;16.4739;16.8726;16.2868;16.6797;16.5688;16.8262;16.624;16.0097;16.4118;16.8061;16.4805;16.0967;15.1802;14.1884;13.6791;12.9538;13.7501;14.5464;15",53.7923
"0.35;0.45;0.2"
24.4536,439955.0,0.269823,"1;1.83214;2.32945;3.30137;4.29512;5.1221;6.09833;6.51542;7.45819;8.45805;9.34106;10.3307;11.0887;12.0884;12.6361;13.5085;14.2561;14.3851;15.3777;16.284;17.1218;17.9959;18.6971;19.6861;20.6621;21.595;21.0688;21","15;14.565;13.7735;14.0088;14.1205;13.5582;13.775;13.9708;14.2494;14.2663;14.7356;14.5922;15.2445;15.2198;16.0565;16.5452;16.095;16.064;16.1857;16.6084;17.1544;16.6687;15.9557;16.1034;16.3215;15.9614;15.1111;15",219986.0
"0.35;0.5;0.15"
35.437,106.088,8.18807,"1;1.92933;2.79132;3.62471;4.4701;5.42628;5.84085;5.82244;4.97463;5.02726;4.8856;5.58571;5.67105;6.6667;7.66334;8.43973;9.41217;10.3589;10.4585;11.3442;12.1438;13.1366;14.1363;15.1094;15.9831;16.7495;17.521;17.8977;18.276;19.2015;20.1193;20.2663;20.6358;20.7263;20.5263;21.2761;21.1596;21","15;15.3693;15.8762;16.4289;16.963;17.2558;18.1658;19.1656;19.6959;20.6946;21.6845;22.3985;23.3949;23.488;23.5699;24.2002;23.967;24.289;24.194;24.1183;24.7188;24.5986;24.5773;24.3469;24.8334;24.191;23.5548;22.6285;21.7028;21.3239;20.927;19.9378;19.0086;18.0127;17.0329;16.3713;15.3781;15",71.57
"0.35;0.55;0.1"
21.9268,13.2311,0.225924,"1;1.98365;2.9836;3.90623;4.75254;5.73326;6.71113;7.56488;8.56239;9.53463;10.4769;11.4668;12.1399;13.1399;14.087;15.0825;16.0759;16.7057;17.7019;18.7014;19.3667;20.3128;21","15;14.8199;14.8294;14.4437;14.9764;14.7809;14.5717;14.051;14.1215;14.3555;14.0205;14.1618;14.9014;14.9125;14.5917;14.4969;14.6117;13.8349;13.9215;13.9553;14.7019;14.3781;15",15.6243
"0.35;0.6;0.05"
24.2066,51.9823,0.290952,"1;1.99582;2.90697;3.72372;4.45867;5.45818;6.13199;6.93146;7.8109;8.76963;9.76396;10.7439;11.7355;12.6605;13.4936;14.4112;15.3957;16.117;16.9118;17.5383;18.4052;19.2784;20.0894;20.9419;20.9901;21","15;14.9087;15.3208;14.7438;15.4219;15.4531;16.192;16.7928;16.3168;16.0324;16.1388;16.3381;16.2087;16.5887;16.0356;16.433;16.6083;15.9156;16.5225;17.3019;17.8004;17.3129;16.7279;16.2052;15.2063;15",42.2608
"0.35;0.65;0"
23.2791,33.4836,0.24511,"1;1.8548;2.77729;3.77518;4.63125;4.84139;5.71989;6.68713;7.62658;8.35953;9.3568;10.2218;11.115;12.0441;12.6248;13.4636;14.384;15.2422;16.1966;17.1965;18.0065;18.9187;19.7405;20.7175;21","15;15.519;15.905;15.9698;16.4867;15.5238;15.3419;15.0881;14.7454;14.0651;14.1388;14.6406;15.0904;15.4601;14.646;14.1016;13.7106;13.1973;13.4961;13.4986;14.0851;14.4948;15.0646;15.2781;15",9.45872
"0.4;0;0.6"
22.4902,50.4363,0.253001,"1;1.84995;2.7824;3.72008;4.72002;5.51014;6.30069;6.92293;7.09352;7.97418;8.93464;9.88328;10.8827;11.752;12.5762;13.5625;14.5248;15.5222;16.5216;17.2051;18.1537;19.1154;19.9041;20.8094;21","15;15.5269;15.1656;14.8181;14.8286;15.4415;16.0539;16.4153;16.6634;16.1896;16.468;16.7844;16.7513;16.2569;15.6907;15.5256;15.2534;15.1813;15.1482;15.8782;16.1945;16.4688;15.854;15.4291;15",11.6571
"0.4;0.05;0.55"
24.7652,31.7433,0.268346,"1;1.91992;2.89139;3.76509;4.63632;5.63627;6.52886;6.43551;7.43128;8.22365;9.00385;9.88785;10.6386;11.4984;12.497;13.4929;13.9155;14.4872;15.4713;16.4274;17.2877;17.8555;18.8345;19.6242;20.4923;21","15;15.3921;15.1549;14.6685;15.1593;15.1496;15.6005;16.5961;16.688;16.0779;15.4524;15.9199;16.5804;16.0697;16.1224;16.0321;15.1258;14.3053;14.1278;13.8348;14.3445;13.5213;13.3176;13.9311;14.4275;15",13.2146
"0.4;0.1;0.5"
23.9975,25.2347,0.252838,"1;1.97148;2.95168;3.69791;4.59143;5.09868;5.9956;6.68228;7.6806;8.67891;9.46486;10.1405;10.409;11.3978;12.3656;13.2938;14.2205;15.2108;16.2056;17.0405;17.7714;18.7409;19.469;20.2354;21","15;15.2371;15.0391;15.7048;15.2558;16.1176;16.5598;15.8329;15.7748;15.7167;15.0984;14.3612;13.3979;13.5475;13.7991;14.171;14.547;14.4079;14.5097;13.9593;13.2768;13.0315;13.717;14.3593;15",13.498
"0.4;0.15;0.45"
25.9108,79.0296,0.283612,"1;1.81475;2.66983;3.57733;4.24331;5.2416;6.22316;7.07086;7.90026;8.63512;9.38269;9.50762;10.4643;11.4533;12.4422;12.6201;12.8656;13.8045;14.5564;15.5559;16.5541;17.519;18.1976;18.9372;19.5646;20.2247;20.8258;21","15;15.4607;15.655;15.2349;15.9809;15.9224;15.7313;16.2618;15.7031;16.3813;15.9389;16.87;16.5789;16.4307;16.2825;15.2984;14.329;13.9848;13.3255;13.2956;13.3561;13.0933;13.8279;14.5009;15.2796;16.0308;15.2316;15",26.2837
"0.4;0.2;0.4"
27.2854,60.0738,0.303252,"1;1.9762;2.38273;3.30036;4.14811;5.04654;5.85009;6.84457;7.83965;8.7561;9.73953;10.424;11.3015;12.2935;13.1935;13.8256;14.3905;15.1806;16.1089;16.8918;17.7202;18.2211;18.8473;19.3818;20.2296;21.2289;22.121;21.5084;21","15;14.7831;15.6968;16.0942;15.5638;16.0029;16.5981;16.4932;16.3941;16.7943;16.613;15.8839;15.4045;15.5312;15.0953;15.8702;16.6954;16.7361;16.3642;15.7421;15.182;14.3165;13.5368;12.9331;13.0651;13.1016;13.5536;14.344;15",26.0388
"0.4;0.25;0.35"
24.0455,79.4017,0.24583,"1;1.94015;2.88313;3.64547;4.55312;5.46544;6.38866;6.51991;7.37305;8.37268;8.96376;9.85235;10.7017;11.6943;11.8233;11.8654;12.8622;13.7535;14.7517;15.12;16.0056;16.7136;17.6559;18.6559;19.4995;20.3988;21","15;15.3408;15.0079;14.3607;13.941;13.5315;13.1472;13.6067;13.3232;13.3503;14.1569;13.6982;13.1704;13.292;14.0588;14.2773;14.3561;14.8096;14.7499;13.8202;13.3558;14.062;13.7273;13.7334;14.2703;14.7077;15",33.5125
"0.4;0.3;0.3"
25.659,24.6661,0.273319,"1;2;2.88967;3.88033;4.87453;5.57695;6.53392;7.5335;8.02293;8.93401;9.82214;10.4685;11.1429;12.0363;13.0363;14.0141;14.8973;15.0598;15.6397;16.6201;17.2321;18.1463;18.8482;18.9855;19.5624;20.3282;21","15;15;15.4566;15.3202;15.4277;14.7159;14.4257;14.4548;13.5828;13.995;14.4546;15.2176;15.956;16.4052;16.4025;16.1931;15.7241;14.7373;13.9227;14.1197;13.3289;13.7343;14.4465;15.437;16.0701;15.6202;15",18.9651
"0.4;0.35;0.25"
23.693,21.0151,0.254984,"1;1.98157;2.88392;3.59952;4.59951;5.5428;6.2503;7.22511;7.98567;8.33351;8.85775;9.61623;10.3112;11.2972;12.2798;12.9738;13.9461;14.1525;15.1376;15.9157;16.8407;17.7969;18.7036;19.557;20.4313;21","15;14.8089;14.3779;15.0764;15.072;15.404;14.6973;14.4742;13.825;14.0228;14.3143;14.966;14.247;14.08;14.266;14.9859;15.2194;16.1979;16.0256;16.6536;16.2736;15.9808;16.4026;15.8814;15.396;15",17.9343
"0.4;0.4;0.2"
25.7019,83.1223,0.289777,"1;1.10368;1.58506;2.58142;3.58024;4.58013;5.56049;6.19934;6.55896;7.55821;8.53055;9.38517;9.94259;10.7595;11.7595;12.7594;13.734;14.7021;15.6845;15.9253;16.9127;17.9118;18.894;19.6573;20.3291;21.2323;21.6171;21","15;14.8627;14.189;14.1038;14.1524;14.1378;14.335;15.1044;16.0375;15.9986;15.765;15.2458;16.076;16.6527;16.666;16.6587;16.8826;16.6318;16.4453;15.4747;15.6327;15.5895;15.402;16.048;16.7888;16.3596;15.6609;15",47.7293
"0.4;0.45;0.15"
24.7718,18.2075,0.272158,"1;1.65934;2.43619;3.14173;4.14172;4.57992;5.49651;6.32929;6.87455;7.87029;8.74953;9.59018;10.2678;11.2668;12.2668;12.891;13.8885;14.6147;15.6005;16.5826;17.2004;18.008;18.95;19.3632;20.3586;21","15;15.7518;16.3815;17.0902;17.0854;16.1865;15.7867;15.2331;14.3948;14.487;14.9634;14.4218;13.6864;13.6428;13.6452;14.4265;14.497;15.1845;15.0161;15.2041;15.9904;16.5802;16.2445;15.3339;15.4293;15",19.0397
"0.4;0.5;0.1"
25.8183,72.3583,0.306556,"1;1.85209;2.75698;3.65771;4.62765;5.46572;6.15552;7.1137;7.96966;8.5176;8.84882;9.82621;10.6758;11.6678;12.4022;13.2234;14.2232;15.0869;15.9488;16.8799;17.2996;18.0557;18.7524;19.7367;20.0205;20.5592;21","15;14.4766;14.9023;14.4679;14.2245;14.7701;14.0461;14.3323;14.8493;15.6858;16.6294;16.8408;16.3134;16.1872;15.5085;16.0792;16.1016;15.5976;16.1046;16.4694;17.3771;18.0316;17.3142;17.4908;16.532;15.6895;15",50.1397
"0.4;0.55;0.05"
23.5132,110.663,0.241025,"1;1.53791;2.53698;3.50229;4.50045;5.48785;6.18839;7.05893;8.03935;9.03917;9.99512;10.4626;11.408;12.3239;12.9402;13.4702;14.4698;15.448;16.3795;17.3493;18.0607;19.0402;19.82;20.5998;21","15;14.157;14.2003;13.9392;13.9997;13.8414;14.5551;15.0472;15.2441;15.2252;14.9317;14.0477;14.3738;14.7752;13.9877;13.1397;13.1125;13.3202;13.684;13.9278;13.225;13.4266;14.0527;14.6787;15",75.8033
"0.4;0.6;0"
23.1872,15.6529,0.249705,"1;1.98722;2.69757;3.30837;4.26919;5.0897;6.08731;7.03767;7.99839;8.43434;9.41373;10.3521;11.3344;12.2895;12.954;13.7891;14.7862;15.688;16.5383;17.392;18.3129;18.9172;19.7262;20.5289;21","15;15.1594;15.8632;16.655;16.3778;15.8062;15.737;16.0481;16.3257;15.4257;15.6277;15.282;15.0948;14.7984;15.344;14.8761;14.9523;14.5201;13.9939;13.473;13.8628;14.6595;14.2687;14.7797;15",10.5716
"0.45;0;0.55"
23.648,70.5784,0.261009,"1;1.8643;2.67732;3.54941;4.54883;5.52803;6.52681;7.47881;8.3942;9.06418;9.67294;10.3876;11.3692;12.297;13.2949;14.0819;14.9117;15.9054;16.9036;17.7942;18.466;19.1043;19.5899;20.1661;21","15;14.497;13.9148;14.4041;14.4383;14.2354;14.2847;13.9786;14.3812;15.1236;15.9169;16.6164;16.4255;16.7987;16.8626;16.2456;15.6875;15.5753;15.635;15.1803;15.9211;16.6908;15.9684;15.2796;15",14.301
"0.45;0.05;0.5"
24.1924,18.1631,0.255119,"1;1.69972;2.43002;3.1846;4.11754;5.03455;5.99348;6.88847;7.81833;8.65305;9.61289;10.1913;10.934;11.7322;12.7219;13.7118;14.6782;15.5701;16.0047;16.9966;17.8752;18.7608;19.5791;20.3891;21.1926;21","15;15.7144;15.6998;15.1954;14.8353;14.4365;14.1528;13.7067;14.0747;13.524;13.8045;14.6203;15.2899;15.8924;15.7495;15.8916;15.6346;16.0868;15.1862;15.0591;14.5815;15.046;14.4712;13.8849;14.4803;15",12.8177
"0.45;0.1;0.45"
25.9651,98.572,0.278082,"1;1.99993;2.95461;3.5189;4.32348;5.21393;6.01215;6.73292;7.67934;8.49113;9.14616;10.0628;11.0556;12.0294;13.0255;13.1563;13.9635;14.7078;15.5873;16.5873;17.508;18.403;19.2352;19.9692;20.6604;21.5989;21.0783;21","15;15.0114;14.7138;15.5394;16.1332;16.5883;15.9859;15.2928;15.6157;15.6996;16.4533;16.0535;16.1732;15.9462;15.8578;14.8664;14.2761;13.6082;13.1322;13.1304;13.5205;13.0745;13.629;12.9499;13.6725;14.0178;14.8716;15",26.5813
"0.45;0.15;0.4"
38.4577,114.428,8.76656,"1;1.05822;2.03096;2.8892;3.70578;4.58006;5.47511;5.49544;5.67909;5.86468;5.11385;5.77802;6.77609;7.77608;8.73507;9.67116;10.5439;11.4486;11.6522;12.4953;13.4911;14.2673;14.42;15.2737;16.2716;17.2565;18.0528;18.8467;19.7225;20.3184;21.2569;21.8004;21.3186;21.7096;22.0848;22.3347;22.0455;21.746;21.6731;21.6299;21","15;15.9983;16.2302;16.7435;17.3207;16.8353;17.2813;18.2811;19.2641;20.2467;20.9072;21.6548;21.7169;21.7126;21.9961;22.3478;22.836;23.2621;24.2411;24.7789;24.8706;24.3188;24.5004;23.9797;23.9139;24.0866;24.6916;24.0835;24.5661;23.7631;23.4178;22.5784;21.7021;20.7817;20.0779;19.4191;18.4618;17.5077;16.5103;15.6526;15",43.2599
"0.45;0.2;0.35"
23.7438,44.3488,0.279719,"1;1.92052;2.84512;3.29577;4.24665;4.36205;5.35338;6.16468;7.15968;7.45526;8.072;8.53564;8.8699;9.8615;10.7544;11.7379;12.6285;13.617;14.4286;15.3964;16.3641;17.364;17.9845;18.8209;19.4094;20.3554;21","15;15.3907;15.0097;15.9024;16.212;17.2053;17.0739;16.4893;16.3894;16.12;15.9799;16.2878;16.5827;16.4533;16.003;15.8224;16.2772;16.1264;16.7106;16.4587;16.2068;16.1922;16.9765;16.4283;15.6199;15.2956;15",21.8558
"0.45;0.25;0.3"
23.2734,27.2969,0.262431,"1;1.99884;2.87988;3.48619;4.01188;5.00978;5.9283;6.40103;6.76025;7.69986;8.67206;9.04305;9.65721;10.1873;10.8142;11.8136;12.8135;13.6167;14.5429;15.3581;16.3158;17.3077;18.2997;19.0143;19.9682;20.8122;21","15;15.0481;15.5212;16.3164;17.1671;17.1024;16.707;16.3177;16.5043;16.162;16.3962;16.3332;16.5679;15.72;14.9408;14.9052;14.9155;15.5112;15.8884;15.3093;15.5973;15.4708;15.3443;14.6448;14.3445;14.8807;15",18.7277
"0.45;0.3;0.25"
25.2486,52.5529,0.263539,"1;1.12795;2.10994;3.10935;3.99579;4.88062;5.55992;6.07408;7.06959;7.84553;8.82648;9.816;10.1498;10.4857;11.4681;12.4403;13.365;14.3649;15.3226;16.3224;17.2154;18.2049;19.049;20.0132;19.83;20.8107;21","15;14.0082;13.8193;13.7848;14.2476;14.7135;15.4474;16.3051;16.2105;15.5797;15.774;15.9184;14.9757;14.0338;13.8475;13.6133;13.2324;13.2478;13.5355;13.5168;13.9669;14.111;13.5748;13.8398;14.8229;14.8106;15",29.8081
"0.45;0.35;0.2"
24.6418,53.0922,0.280442,"1;1.95074;1.90533;2.74159;3.73785;4.53876;5.53544;6.52189;7.25521;8.18963;9.15511;10.1526;11.093;11.9709;12.9235;13.6876;14.6001;15.2821;16.0979;17.039;18.0018;18.8899;19.7727;20.5863;21.3873;21","15;15.31;16.309;16.8573;16.9436;16.3448;16.2634;16.4274;15.7476;16.1037;15.8432;15.7722;16.1122;16.5911;16.8952;16.2502;15.841;15.1096;14.5314;14.8698;14.5997;15.0594;15.5291;16.1105;15.5118;15",32.3678
"0.45;0.4;0.15"
23.7269,62.2264,0.257599,"1;2;2.96234;3.87643;4.85762;5.8281;6.68746;7.40112;8.39852;9.39707;10.1898;11.1894;11.3388;12.0881;13.086;14.0603;14.5066;15.495;16.4213;17.0162;17.635;18.629;19.4699;20.3559;21","15;15;15.2718;14.8663;14.6733;14.4321;13.9207;14.6212;14.5492;14.4953;15.105;15.0797;16.0685;16.7307;16.6661;16.8912;15.9963;15.8446;16.2213;15.4176;14.632;14.7407;14.1994;14.663;15",38.7048
"0.45;0.45;0.1"
36.8044,18.1494,7.59726,"1;1.90153;1.77918;2.58644;2.55941;3.42264;4.18311;4.42381;4.90408;5.28653;5.67395;6.67152;7.62248;8.48998;9.4193;10.0314;10.4758;11.3539;12.3327;13.2666;14.1804;14.9448;15.6333;16.6259;17.5667;18.5259;19.3496;20.2291;21.0804;21.5917;22.3237;22.0747;21.8257;22.6543;23.16;22.3898;21.6196;21","15;15.4327;16.4252;17.0154;18.015;18.5199;19.1692;20.1398;21.0169;21.9409;22.8628;22.9325;22.6232;22.1257;21.7565;22.5472;23.4431;23.9215;24.1263;23.7689;24.1751;23.5303;22.8051;22.9263;22.5874;22.3047;21.7377;22.2135;21.6888;20.8294;20.1481;19.1796;18.2111;17.6514;16.7887;16.1509;15.5131;15",26.0166
"0.45;0.5;0.05"
24.586,60.331,0.263478,"1;1.99987;2.98456;3.98445;4.6908;5.52058;6.44628;7.44158;8.36319;9.2869;10.209;11.0735;11.2311;11.1253;12.0822;12.9225;13.9104;14.9081;15.8954;16.2378;16.8523;17.7937;18.6909;19.1837;19.9315;20.6832;21","15;14.984;15.1584;15.1436;15.8514;16.4095;16.0313;16.1282;16.5163;16.1332;16.5201;16.0175;15.03;14.0356;13.7452;13.2031;13.3586;13.292;13.451;13.9321;13.7413;14.0787;13.637;14.5071;15.0327;14.5542;15",44.2457
"0.45;0.55;0"
34.5263,161.436,7.09977,"1;1.07361;1.67763;2.17667;3.09185;4.03329;5.02975;5.78775;5.72263;5.24244;6.09208;6.39992;7.14823;8.12612;7.76902;8.67572;9.61788;10.6127;11.596;12.5826;13.5822;14.3754;15.3594;15.8466;16.6443;17.1451;17.6459;18.4083;18.1723;18.9333;19.8718;20.8538;21.6805;21.4111;21.1407;21","15;15.9973;16.7943;17.6608;18.0639;18.4011;18.317;18.9692;19.9671;20.8443;21.3716;22.3231;22.9864;23.1956;24.1297;24.5514;24.8866;24.7847;24.6028;24.766;24.7921;24.1832;24.0046;23.1313;22.5283;21.6627;20.7971;20.1501;19.1783;18.5296;18.1841;17.9955;17.4329;16.4698;15.5071;15",20.813
"0.5;0;0.5"
24.7204,39.8039,0.259181,"1;1.65092;2.65016;3.60645;4.02552;4.87324;5.86786;6.71562;7.27763;7.69498;8.6274;9.61688;10.61;11.3824;12.2645;13.0145;14.0133;14.9748;15.9695;16.4943;17.3491;17.9301;18.6695;19.5971;20.5866;21","15;15.7591;15.7199;15.4275;14.5196;13.9891;13.8855;13.3551;14.0225;13.153;13.5144;13.6591;13.7761;14.4113;13.9403;14.6018;14.6516;14.377;14.4798;15.331;14.8119;15.6258;16.2991;15.9257;15.7807;15",14.467
"0.5;0.05;0.45"
23.6953,32.5161,0.245935,"1;1.99989;2.98034;3.85909;4.55336;5.5343;6.53357;7.52537;8.25555;9.22159;10.1805;10.9291;11.8288;12.4386;13.4346;14.3905;14.9248;15.7307;16.644;17.051;17.9923;18.6583;19.4176;20.351;21","15;14.9855;15.1823;14.705;13.9853;13.791;13.8293;13.9571;13.2739;13.5323;13.816;14.479;14.9155;15.7081;15.7972;16.0908;15.2455;14.6535;14.2462;13.3328;12.995;13.7409;14.3917;14.7505;15",15.1976
"0.5;0.1;0.4"
23.2076,42.2995,0.262718,"1;1.99958;2.8457;3.58101;4.53356;5.26232;6.17268;7.16818;7.96132;8.94202;9.93862;10.932;11.8591;12.3108;13.1794;14.0855;14.9784;14.878;15.8261;16.8214;17.7565;18.5893;19.4919;20.4878;21","15;15.0291;15.5621;16.2398;16.5442;16.7132;16.7055;16.6107;16.0017;16.1972;16.2796;16.1647;15.7899;16.682;16.1864;16.6095;16.1593;15.1643;14.8464;14.9434;14.589;15.1426;14.712;14.802;15",18.0407
"0.5;0.15;0.35"
26.9267,35.7428,0.312856,"1;1.53252;2.28282;3.26385;4.17865;5.15575;6.12976;7.12875;8.12875;8.82582;8.99411;9.90117;10.6811;11.4976;12.1383;13.0992;13.9472;14.7216;15.6869;15.9121;16.5224;17.1191;17.9984;18.6068;19.3574;20.1557;21.1382;21.5333;21.1684;21","15;14.4007;13.7396;13.9335;14.3374;14.1246;13.8981;13.8532;13.8554;14.5724;15.5582;15.9791;16.605;16.0275;15.2597;15.5365;16.0665;16.6991;16.4379;16.1725;15.8884;16.6908;17.1671;17.9608;17.3;16.6978;16.8838;15.9981;15.2488;15",20.7058
"0.5;0.2;0.3"
24.2378,35.6823,0.261856,"1;1.94832;2.59007;3.5767;3.82064;4.71253;5.70708;6.58891;7.16392;7.54247;8.53279;8.79061;9.78277;10.7647;11.6987;12.174;13.0625;13.5634;14.5449;15.5174;16.4294;17.3685;18.3;19.0222;19.9144;20.6149;21","15;15.3173;14.5504;14.7134;13.7436;13.2914;13.3957;13.8672;13.6981;13.566;13.4272;14.3934;14.2684;14.4574;14.1;14.9798;15.4387;16.3042;16.4956;16.2626;16.6728;16.3291;16.693;16.0013;15.5496;15.3188;15",21.1049
"0.5;0.25;0.25"
23.3068,53.6813,0.272878,"1;1.2843;2.2142;2.99461;3.87605;4.67289;5.63718;6.54076;7.52728;8.5259;9.42799;10.3335;10.4006;11.1924;11.5247;12.1784;13.1306;14.0281;14.1306;15.1297;16.1297;17.1244;17.8672;18.8575;19.409;20.2526;21","15;15.9587;15.5909;14.9656;15.4379;16.0421;16.307;16.7354;16.5718;16.6242;16.1926;16.1189;16.6269;16.6542;16.2967;16.4879;16.1823;16.1061;16.1895;16.2313;16.2244;16.3269;16.9964;16.8574;16.0233;15.4863;15",27.8124
"0.5;0.3;0.2"
35.3398,107.363,7.0603,"1;1.70974;2.56248;3.32652;4.07466;5.03509;5.89439;5.55795;4.91923;5.34572;5.81853;6.70437;7.06153;8.04543;9.02072;9.97292;10.6873;11.674;12.5218;13.4998;14.2861;15.1014;15.9985;16.8269;17.2379;16.7389;17.0501;17.3225;18.0639;19.0572;19.8509;20.7492;21.3158;22.1745;21.8523;21.3997;21","15;15.7045;16.2268;16.872;17.5355;17.814;18.3255;19.2672;19.7322;20.2444;21.1256;21.5895;22.5236;22.7023;22.9232;23.2287;23.9284;24.0915;24.6217;24.4131;23.7953;24.3743;24.8161;24.256;23.3444;22.4778;21.5275;20.5653;19.8943;20.01;19.4017;18.9624;18.1383;17.626;16.6793;15.7876;15",56.3059
"0.5;0.35;0.15"
24.0342,31.0203,0.265589,"1;1.79035;2.7887;3.68152;4.11568;5.05182;5.86962;6.30506;6.86264;7.32551;7.75684;8.62315;9.5115;9.77993;10.7541;11.7194;12.3547;13.3547;14.307;15.3019;15.7315;16.7305;17.3343;18.2015;19.1513;20.101;21","15;15.6127;15.67;16.1204;17.0213;17.3729;16.7974;16.5309;16.6795;16.4374;16.2318;15.7323;15.2731;14.3098;14.5358;14.7969;14.0246;14.02;14.3253;14.4256;15.3286;15.373;14.5758;14.0779;14.3909;14.7038;15",24.4518
"0.5;0.4;0.1"
24.884,55.1262,0.280143,"1;1.90585;2.74023;3.46804;4.41663;5.09452;5.99759;6.83604;7.32195;7.72701;8.62247;9.08196;9.60728;10.6073;10.4135;11.1934;12.1804;13.1552;13.9763;14.9694;15.7199;16.071;16.6107;17.4134;18.0154;18.9117;19.808;20.6361;21","15;14.5764;15.1276;15.8134;16.1299;16.865;16.5919;16.1181;16.1254;16.7069;16.5934;16.1878;16.7671;16.7648;15.7838;15.1579;14.9971;14.7741;15.3449;15.4622;15.3523;15.9593;15.8246;16.4211;15.6226;15.1791;14.7357;15.2962;15",37.2628
"0.5;0.45;0.05"
26.4239,68.0132,0.297485,"1;1.09417;1.78966;2.77694;3.75712;4.75711;5.57835;6.55321;7.03374;8.01873;8.47757;9.46807;10.2626;11.2023;12.2006;12.6493;13.3509;14.3335;15.1127;16.0052;16.9819;17.1276;17.805;18.6957;19.3153;20.0103;20.7053;21","15;15.9956;16.7141;16.5551;16.357;16.3611;16.9317;16.7089;15.8319;15.6593;14.7708;14.6332;15.2405;14.8985;14.8405;15.7341;16.4467;16.2609;16.8876;16.4365;16.2217;15.2324;14.4968;14.0422;13.2573;13.9762;14.6952;15",47.2186
"0.5;0.5;0"
22.6679,42.923,0.256848,"1;1.42545;2.36214;3.35244;4.35167;5.34558;6.32826;7.10712;7.77657;7.86733;8.86294;9.86293;10.8446;11.8355;12.7478;13.7459;14.7428;15.5808;16.5668;17.5454;18.5112;19.3352;20.3333;21","15;15.905;15.5548;15.6937;15.6545;15.5443;15.3589;14.7317;15.4746;16.4705;16.5641;16.5682;16.3777;16.2433;16.6529;16.5921;16.5127;15.9671;16.1342;15.9285;15.669;15.1025;15.041;15",12.5829
"0.55;0;0.45"
27.0323,25.7169,0.335839,"1;1.99794;2.98891;3.87534;4.87508;5.6902;6.60601;7.51825;8.00687;9.00683;9.92768;10.758;11.5733;12.4655;13.1826;14.1396;14.7724;15.6163;16.2672;16.8814;17.3499;18.2805;18.7341;19.5662;20.5265;20.6673;20.808;20.9488;21","15;15.0642;14.9301;15.393;15.37;15.9493;15.5477;15.1381;16.0106;16.0018;15.6119;15.0547;14.4756;14.0239;13.3269;13.6168;14.3911;14.8646;15.1244;15.9136;16.7971;17.1631;18.0543;18.609;18.3303;17.3402;16.3502;15.3601;15",16.2879
"0.55;0.05;0.4"
24.4875,37.0496,0.260795,"1;1.97704;2.95077;3.78751;4.5817;5.58169;6.52552;7.50456;8.4053;9.26956;10.2676;10.9161;11.9129;12.8502;13.8426;14.8333;15.5821;16.0216;15.7333;16.5935;17.1061;17.5608;18.4263;19.2807;20.0175;20.8894;21","15;15.2131;14.9854;15.533;14.9253;14.9299;14.5994;14.8031;15.2374;15.7405;15.6775;16.4386;16.3579;16.0094;15.8864;15.7501;15.5266;14.7309;13.7734;13.2634;13.1846;13.0096;13.5105;14.0301;14.7062;14.2165;15",17.2644
"0.55;0.1;0.35"
34.4223,32.4597,6.67614,"1;1.19747;2.00069;2.30248;3.02612;4.00812;4.96801;5.21697;4.92977;5.12196;5.62635;5.46481;6.36281;7.23523;8.23178;9.15589;10.0534;11.0194;11.7722;12.7627;13.3964;14.2879;15.1732;16.1516;17.0835;17.998;18.914;19.6287;20.5755;21.3941;21.3214;21.2486;21.1759;21.1032;21.0769;21","15;15.9803;16.576;17.5294;18.2195;18.4084;18.6888;19.6573;20.6152;21.5965;22.46;23.4469;23.8869;24.3757;24.2927;23.9106;23.4696;23.7282;23.0699;23.2071;22.4335;21.9805;21.5155;21.7224;21.3597;20.9551;21.3562;20.6568;20.9787;20.4043;19.407;18.4096;17.4122;16.4149;15.4152;15",25.8041
"0.55;0.15;0.3"
24.2156,24.3902,0.266073,"1;1.47533;2.37685;3.25735;4.25499;5.13477;5.78101;6.77663;7.24241;8.24187;9.24133;10.1101;11.0736;11.2878;12.1773;13.0731;14.056;15.056;15.859;16.5126;17.486;18.1845;19.0347;19.8044;20.6323;21","15;15.8798;16.3125;16.7866;16.7179;17.1933;16.4302;16.3366;15.4517;15.4189;15.3861;15.8812;15.6132;14.6364;14.1794;13.7351;13.5505;13.5501;14.146;14.9029;14.674;14.3224;14.8285;14.19;14.7509;15",18.2631
"0.55;0.2;0.25"
22.488,27.3384,0.230551,"1;1.98728;2.97077;3.92315;4.92075;5.86241;6.78658;7.78295;8.64667;9.6428;10.6333;11.2692;11.9703;12.9198;13.904;14.8909;15.886;16.5378;17.4218;18.3014;19.0751;19.8488;20.6224;21","15;14.841;15.0219;14.717;14.6477;14.3112;13.9292;14.0143;13.5103;13.4224;13.56;14.3317;15.0447;14.7308;14.554;14.3927;14.4916;13.7331;13.2658;12.7901;13.4236;14.0572;14.6908;15",19.2491
"0.55;0.25;0.2"
23.4434,13.3628,0.250188,"1;2;2.87475;3.65713;4.30511;5.21624;6.05716;7.03672;7.71102;8.70935;9.70768;10.682;11.6537;12.6531;13.2258;14.0713;15.0273;15.4434;16.4186;17.3938;18.215;19.2111;20.0509;20.9626;21","15;15;15.4846;16.1074;16.1242;15.7121;15.1709;14.9698;14.2313;14.289;14.3468;14.572;14.8081;14.7731;15.5929;15.0589;15.3524;16.2617;16.0402;15.8188;15.2483;15.1595;14.6166;14.2057;15",16.9402
"0.55;0.3;0.15"
22.2682,12.7669,0.236233,"1;1.97095;2.87599;3.85212;4.79256;5.76913;6.76032;7.64118;8.62797;9.32289;10.1094;10.7592;11.7561;12.5163;13.4984;14.2712;15.0521;16.0096;16.8335;17.648;18.4784;19.4777;20.4773;21","15;15.2393;14.814;14.5968;14.2568;14.0416;14.1741;14.6475;14.8095;15.3717;15.0456;15.8058;15.7273;15.0777;15.2661;15.9008;15.2763;15.5649;16.1316;15.5515;14.9942;14.9585;14.9858;15",16.7396
"0.55;0.35;0.1"
22.8788,60.2062,0.234235,"1;1.93834;2.93818;3.86534;4.78884;5.59364;6.4427;7.43485;8.43288;9.42342;10.409;11.3163;12.2692;13.2534;14.2411;15.2411;16.029;16.9715;17.8294;18.4792;19.4788;20.4236;20.9943;21","15;15.3457;15.3276;14.9529;14.5693;13.9758;13.4475;13.3224;13.2597;13.3968;13.2275;13.648;13.9513;13.7742;13.9305;13.9228;14.5386;14.8727;14.3588;13.5987;13.6274;13.3;14.1212;15",36.6775
"0.55;0.4;0.05"
26.009,57.4346,0.304192,"1;1.91797;2.8416;3.8416;4.68338;5.46822;6.42898;7.22275;8.09601;9.09366;9.43125;10.4275;11.3462;12.1599;13.1568;14.0384;14.2634;15.2105;15.8967;16.7741;17.754;18.1065;18.8191;19.6595;20.1256;20.5608;20.9961;21","15;15.3966;15.0134;15.0126;15.5524;14.9328;15.2101;14.6019;14.1147;14.1831;13.2418;13.3286;13.7236;14.3048;14.3832;14.8553;15.8297;16.1503;16.8778;16.3982;16.5979;17.5337;18.2354;17.6935;16.8087;15.9084;15.0081;15",40.1505
"0.55;0.45;0"
25.579,51.4416,0.28741,"1;1.21816;2.21695;2.9104;3.6081;4.6032;5.51612;6.50866;7.50865;8.50829;9.38444;10.2584;11.0071;11.2484;12.2412;12.9568;13.7699;14.7405;15.6345;16.5808;17.5673;18.5234;19.5229;20.3578;21.3075;21.7097;21","15;15.9759;15.9266;15.2061;14.4897;14.3909;14.799;14.9209;14.9264;14.9529;14.4709;14.9569;15.6199;16.5903;16.71;16.0115;16.155;16.3855;16.8336;16.5102;16.6737;16.3805;16.4122;15.8619;16.1753;15.2597;15",15.4624
"0.6;0;0.4"
24.4461,27.5495,0.262183,"1;1.98757;2.94137;3.93777;4.76586;4.9773;5.90293;6.89774;7.85587;8.78469;9.52642;10.3399;11.3399;12.3397;13.3235;13.4524;14.4086;15.4084;15.9903;16.455;16.8688;17.7788;18.575;19.5565;20.5547;21","15;14.8428;14.5424;14.6271;15.1877;16.1651;16.5435;16.4418;16.1554;15.7849;15.1142;14.5326;14.5308;14.549;14.3697;13.3781;13.671;13.6885;14.5018;15.3872;16.2976;15.883;15.278;15.0865;15.0267;15",16.1369
"0.6;0.05;0.35"
23.5256,81.3498,0.270549,"1;1.83909;2.62104;3.58875;4.52519;5.30574;6.30563;7.13926;8.13873;9.13137;9.49305;10.0137;10.9203;11.9072;12.6715;13.4507;14.448;15.353;16.1041;16.9942;17.9626;18.2718;18.8504;19.7596;20.6688;21","15;15.544;16.1673;15.9153;15.5644;16.1895;16.1751;16.7274;16.6947;16.8158;16.2905;16.3452;16.7671;16.6055;15.9606;16.5873;16.6613;16.2358;15.5757;16.0315;15.7821;14.8311;14.0155;14.4319;14.8483;15",22.3315
"0.6;0.1;0.3"
24.0728,13.2334,0.25814,"1;1.95168;2.78485;3.5487;4.26448;5.26415;6.09328;6.93;7.89474;8.81174;9.63964;10.5766;11.4982;12.0346;12.7223;12.9947;13.8138;14.7406;15.2664;16.0464;16.9586;17.9224;18.878;19.7219;20.3268;20.3476;21","15;14.6929;15.1744;15.1133;15.8116;15.786;15.2269;14.6793;14.4161;14.0172;14.5781;14.2287;14.6169;15.4608;15.2603;15.1809;14.6074;14.2317;15.0823;15.7081;16.1178;15.8512;16.1461;16.6826;15.8863;15.2363;15",16.4932
"0.6;0.15;0.25"
22.9444,70.7907,0.24703,"1;2;2.9886;3.95498;4.76398;5.74469;6.51764;7.26532;8.26241;9.23477;10.1835;10.9454;11.6635;12.6425;12.8641;13.6741;14.6568;15.4414;16.4322;17.3893;18.3463;19.0583;20.0569;21","15;15;15.1506;14.8935;15.4813;15.2858;15.9203;16.5844;16.5081;16.7416;16.4254;15.7777;15.0818;14.8778;13.9027;13.3162;13.1312;13.7513;13.6163;13.9062;14.1961;14.8983;14.9506;15",27.9742
"0.6;0.2;0.2"
24.2249,102.478,0.255733,"1;1.73179;2.51521;3.25324;4.18255;5.08365;5.75445;6.23698;7.09423;8.05929;8.92456;9.91905;10.9057;11.8415;12.7667;13.7463;14.7426;15.6699;16.6528;17.5086;18.3644;18.6704;19.6315;20.602;20.9269;21","15;15.6815;16.303;16.9778;16.6085;16.1749;15.4332;14.5574;14.0425;13.7804;13.2791;13.1743;13.3369;13.6896;13.3102;13.5113;13.5975;13.2233;13.4072;12.8899;13.4071;14.3592;14.083;13.8416;14.7873;15",40.1928
"0.6;0.25;0.15"
22.3319,27.8213,0.24802,"1;1.85923;2.76891;3.76246;4.69175;5.68144;6.3275;7.21634;8.07623;9.07546;9.89835;10.8515;11.6145;12.6111;13.6077;14.2003;15.1821;16.1796;17.0808;18.0496;19.028;20.0218;20.6697;21","15;14.4884;14.9037;14.7903;15.1597;15.3029;16.0662;15.608;16.1185;16.1578;16.7259;16.4233;15.777;15.6945;15.612;16.4175;16.2276;16.1574;15.724;15.4761;15.6828;15.7936;15.0318;15",21.7703
"0.6;0.3;0.1"
23.8708,25.4837,0.256043,"1;1.93967;2.85783;3.03274;3.93277;4.92786;5.75776;6.75544;7.72932;8.71933;9.4517;10.0462;10.7193;11.6465;11.7487;12.6457;13.5164;14.4997;15.4917;16.3478;17.0118;17.8522;18.6225;19.4307;19.9677;20.9281;21","15;15.3421;15.7383;16.4322;16.6974;16.5984;16.0405;15.9724;16.1995;16.0585;15.3776;14.5735;13.834;13.4595;13.6493;13.4172;13.909;14.091;14.2167;13.6999;14.4477;13.9058;13.268;13.8568;14.7005;14.9791;15",23.2546
"0.6;0.35;0.05"
24.3552,66.5284,0.254525,"1;1.94268;2.80535;2.94199;3.91733;4.91522;5.84851;6.25091;7.19375;8.19293;9.1536;9.41865;10.2751;11.235;12.2243;13.0267;13.7869;14.7781;15.6983;16.6777;17.3056;18.2488;18.9648;19.754;20.39;21","15;14.6663;15.1721;15.9;16.1135;16.0485;15.6894;14.7739;14.4407;14.4811;14.7589;13.7946;13.2784;13.5588;13.7048;13.108;13.7577;13.6259;13.2343;13.436;14.2143;14.5464;15.2445;15.8587;15.087;15",41.2245
"0.6;0.4;0"
36.9712,112.456,8.30018,"1;1.97828;2.97525;3.38688;4.30725;5.15961;5.68117;5.76079;5.80041;5.69081;5.02271;5.02433;4.7497;5.74542;6.44969;7.22481;8.22338;9.22271;10.0954;10.9665;11.6893;12.5744;13.5523;14.5364;15.3804;15.9853;16.9769;17.3672;17.2659;17.892;18.7624;19.6487;20.4929;21.3711;21.2763;21.1815;21.3321;21.1222;21","15;14.7927;14.8705;15.7818;16.1729;16.6959;17.5491;18.5459;19.5451;20.5391;21.2831;22.2831;23.2447;23.3371;24.047;24.6789;24.7324;24.769;24.2806;23.7896;23.0986;23.564;23.7732;23.951;24.4873;23.691;23.5616;22.641;21.6461;20.8663;20.3741;19.911;19.3749;18.8966;17.9011;16.9056;16.547;15.5693;15",26.9364
"0.65;0;0.35"
30.6213,49.4803,4.32819,"1;1.92269;2.85239;3.25273;4.18341;5.13791;5.08607;5.25588;5.09648;5.70887;6.53354;7.16186;8.13356;9.11746;10.1065;11.0197;11.9773;12.8666;13.8316;14.6094;15.5873;16.4304;17.3859;17.9302;18.9301;19.0095;19.934;20.1764;20.8126;20.8221;20.4273;20.823;21","15;15.3855;15.7539;16.6702;17.0361;17.3343;18.3329;19.3184;20.3056;21.0962;21.6618;22.4398;22.676;22.4972;22.3495;22.7569;22.549;22.3283;22.0662;21.4377;21.2285;21.7663;21.4711;20.6322;20.6454;19.6485;19.2673;18.2971;17.5256;17.2479;16.3291;15.4108;15",23.6763
"0.65;0.05;0.3"
30.6683,31.5899,0.41433,"1;1.70702;2.49708;3.49309;4.47885;5.34169;6.28044;7.08829;8.08154;8.97353;9.80539;10.7962;11.456;12.4364;13.4351;14.4111;15.1876;16.1658;16.5641;16.7756;17.7366;18.0047;18.7087;19.6726;20.6525;21.5994;22.4996;23.1915;23.1786;22.3622;21.5457;21","15;15.7072;16.3202;16.231;16.0629;16.5684;16.2237;15.6344;15.5184;15.9704;16.5254;16.3904;15.6389;15.4419;15.3904;15.6079;14.9778;14.7699;15.6872;16.6645;16.9411;17.9045;18.6147;18.3483;18.1488;17.8272;18.2625;17.5406;16.5406;15.9633;15.3859;15",23.197
"0.65;0.1;0.25"
37.3671,31.1723,7.91815,"1;1.84492;2.485;3.06715;3.71521;3.27906;3.15554;3.74993;3.77628;4.72046;5.15495;6.14887;5.92513;6.81526;7.79787;8.68883;9.68662;10.4465;11.4315;11.9434;12.6923;13.6742;14.6383;15.4561;16.4517;17.412;18.2434;18.6032;18.7413;19.1868;19.9804;20.8766;21.605;22.2387;21.7308;22.4238;22.2832;21.3445;21","15;15.5349;16.3032;17.1163;17.8779;18.7777;19.7701;20.5743;21.5739;21.9033;22.804;22.9142;23.8888;24.3445;24.1588;24.6129;24.6792;24.0291;24.2013;23.3423;22.6796;22.4901;22.2248;22.8003;22.7071;22.9863;22.4307;21.4977;20.5072;19.612;19.0035;18.5599;17.8747;17.1011;16.2397;15.5187;14.5286;14.8734;15",30.5481
"0.65;0.15;0.2"
26.0629,34.4739,0.311955,"1;1.45736;2.44118;3.42421;4.2887;5.2887;5.67426;6.67147;7.59072;8.00632;9.0025;9.94439;10.8763;11.8734;12.6492;13.4867;14.4505;15.1147;16.0725;16.8456;17.6773;18.1394;18.919;19.9147;20.6661;20.8188;20.9714;21","15;14.1107;14.2779;14.4576;14.9602;14.9626;15.8853;15.8107;15.417;16.3265;16.4138;16.0779;15.7152;15.7906;16.4216;16.055;16.02;16.7675;16.4799;15.8456;16.4008;17.2876;17.9139;17.8212;17.1614;16.1731;15.1848;15",23.8825
"0.65;0.2;0.15"
22.705,12.0536,0.236875,"1;1.91257;2.89775;3.69328;4.66185;5.64102;6.56606;7.46295;8.44094;9.38743;10.1591;10.9672;11.5648;12.3665;13.0878;14.0802;15.0802;15.9648;16.9604;17.818;18.7628;19.3436;20.3151;21","15;15.4089;15.2374;15.8433;15.5945;15.3915;15.0116;14.5693;14.3607;14.038;14.674;15.263;14.4611;15.0588;14.3662;14.2434;14.2515;14.7179;14.6239;14.1097;13.782;14.5961;14.833;15",17.7953
"0.65;0.25;0.1"
24.6814,364596.0,0.291539,"1;1.99983;2.98675;3.96355;4.96034;5.64177;6.4225;7.08161;8.08108;8.94486;9.64976;10.1763;11.1671;12.0838;12.8173;13.0857;13.8125;14.4261;14.8124;15.7752;16.6888;17.622;18.4467;18.7695;19.7457;20.4079;21.2473;21","15;14.9817;15.1429;14.9288;14.8487;15.5806;16.2055;15.4534;15.4209;14.917;15.6263;16.4765;16.3413;15.9419;16.6216;16.6415;16.7193;16.3525;16.7364;16.4662;16.8727;17.2321;17.7976;16.8511;16.6347;15.8853;15.3418;15",109395.0
"0.65;0.3;0.05"
34.4815,181840.0,7.40721,"1;1.53765;2.49772;3.35207;4.26267;5.04633;5.84073;5.70712;5.70371;5.5892;6.01305;6.88025;7.87928;8.29559;9.03966;9.92709;10.8732;11.8703;12.5112;13.5102;14.4214;14.8334;15.772;16.7597;17.4179;18.3357;19.3102;20.2999;20.1783;20.8014;21.4098;21.332;21.3752;21.7253;21.5437;21.0576;21","15;15.8432;16.1229;16.6426;17.0559;17.6771;18.2845;18.6893;19.2751;20.2685;21.1742;21.6722;21.7162;22.6254;23.2935;22.8326;23.1564;23.0796;23.8473;23.8911;24.303;23.3919;23.737;23.893;23.1401;22.7431;22.9676;22.8242;21.8316;21.0495;20.2558;19.2588;18.2598;17.3231;16.3397;15.4659;15",63666.5
"0.65;0.35;0"
23.4583,25.1605,0.259217,"1;1.91653;2.89272;3.86402;4.052;4.89274;5.89023;6.86833;7.77579;8.77522;9.7745;10.4467;11.4467;12.3773;13.0854;14.0558;14.9871;15.9519;16.2146;17.148;18.059;18.5899;19.5703;20.5507;21","15;14.6;14.3831;14.621;15.6031;16.1446;16.0737;15.8656;15.4454;15.4118;15.3738;16.1142;16.103;16.4691;15.763;15.5216;15.1574;15.4206;16.3855;16.7443;16.3318;15.4844;15.2873;15.0903;15",16.4986
"0.7;0;0.3"
23.8148,69.8194,0.276374,"1;1.35066;2.34903;2.84056;3.80349;4.77385;5.70419;6.69685;7.51136;8.264;9.22062;9.90376;10.7703;11.763;12.5165;13.4894;14.446;15.2837;16.2371;16.9922;17.9052;18.905;19.9033;20.8488;21.3214;21","15;15.9365;15.9937;15.8345;15.7804;16.0221;16.3887;16.2679;16.848;16.1896;16.4809;15.7506;16.2497;16.1284;16.7858;16.5546;16.2634;16.8096;16.5078;15.8551;15.7916;15.7684;15.8265;16.1521;15.2708;15",20.2304
"0.7;0.05;0.25"
24.3345,85.9362,0.297884,"1;1.69566;2.67182;2.77867;3.76553;4.26922;5.14749;5.95115;6.3712;6.85719;7.84301;8.83546;9.56234;9.76377;10.6652;11.597;12.3506;13.2633;14.2588;15.1947;16.1822;16.8857;17.6678;18.1525;18.9411;19.9141;20.8872;21","15;15.7184;15.9355;16.9297;17.0913;17.9552;17.477;16.8819;16.5048;16.4587;16.6266;16.5039;16.4859;16.8757;16.4428;16.0798;16.7371;16.3284;16.4238;16.0716;15.9144;16.6251;16.0019;15.1272;14.5122;14.7427;14.9733;15",25.6873
"0.7;0.1;0.2"
22.8593,107.271,0.261839,"1;1.81166;2.78886;3.68517;4.24361;5.03101;6.02653;6.99808;7.93851;8.93487;9.71294;10.5817;11.2052;11.5806;12.5621;12.9402;13.3062;13.5447;14.4184;15.3904;16.3529;16.9862;17.907;18.9059;19.9047;20.7727;21","15;14.4159;14.6282;15.0716;15.9012;16.5176;16.423;16.1862;15.8462;15.7609;16.3891;16.8843;16.8094;16.8383;16.6467;16.4022;16.4631;16.8328;16.3464;16.5813;16.31;15.5361;15.146;15.0988;15.0517;15.5483;15",32.1314
"0.7;0.15;0.15"
28.6893,385044.0,0.355137,"1;1.39128;2.30001;3.1581;3.98629;4.95896;5.89471;6.15569;7.15173;8.12958;8.33199;9.08856;10.0754;10.366;11.0608;12.0553;13.0352;13.6284;14.5438;15.0544;15.9929;16.5368;17.4368;18.0933;18.5816;18.6932;19.6833;20.6569;21.6348;21.3472;21.0596;21","15;15.9203;16.3377;16.8511;17.4116;17.6438;17.2911;16.3258;16.2368;16.4461;16.4622;16.7296;16.8912;16.296;16.7206;16.8247;16.6248;15.8198;16.2224;15.3626;15.0175;14.1783;14.6143;15.3685;16.2413;17.235;17.0945;17.323;17.1141;16.1563;15.1986;15",77029.0
"0.7;0.2;0.1"
25.2629,25.7732,0.278098,"1;1.99972;2.87643;3.86133;4.71361;5.5072;6.50656;6.9926;7.72272;8.4917;8.98897;9.94952;10.8996;11.4399;12.4135;13.4133;14.1618;15.1431;15.732;16.7187;17.6635;17.7807;18.0156;19.0145;19.8425;20.4479;21","15;15.0238;15.5048;15.3316;15.8461;16.4169;16.4525;16.4497;15.917;16.5373;15.6698;15.9479;16.2598;15.4183;15.19;15.1679;15.831;15.6385;16.4468;16.2844;15.9566;14.9635;13.9915;14.0388;13.4782;14.2741;15",24.1412
"0.7;0.25;0.05"
34.3153,74.4188,5.86794,"1;1.36665;2.3429;3.27202;4.21413;5.21343;5.52087;5.89891;5.44854;5.5715;5.22044;5.65336;6.65108;7.58916;8.42307;9.25707;10.2547;11.2001;12.1046;12.9694;13.8875;14.5205;15.1535;15.9156;16.8346;16.8837;17.828;18.2341;19.143;19.9938;20.3929;20.5226;21.0349;21.1598;21.7081;20.9499;21","15;15.9304;16.147;16.5168;16.8521;16.8894;17.841;18.7668;19.6596;20.652;21.5884;22.4898;22.4224;22.7688;23.3207;22.7689;22.6995;22.3736;22.8001;23.3021;23.6985;22.9244;22.1502;21.5028;21.2702;21.2521;21.5812;20.6674;21.0843;20.5588;19.6419;18.6503;17.7915;16.7994;15.9631;15.311;15",46.3463
"0.7;0.3;0"
23.3389,51.495,0.256886,"1;1.89777;2.75033;3.74978;4.74956;5.60474;6.41914;7.13574;8.06896;9.06881;9.57649;10.1617;11.0068;11.9969;12.9864;13.7251;13.781;14.5038;15.3311;16.331;17.3152;18.2635;18.9429;19.8318;20.5706;21","15;15.4405;15.9631;15.9965;15.9756;15.4573;16.0376;16.7351;16.3758;16.3579;16.4431;16.3017;16.5214;16.381;16.2363;15.5624;14.5639;13.8729;13.3111;13.3243;13.5013;13.8187;14.272;13.9343;14.6083;15",17.5684
"0.75;0;0.25"
23.8633,20.854,0.262332,"1;1.91933;2.75687;3.64142;4.59277;5.5584;6.16154;7.16118;7.57573;8.48571;9.45386;10.4286;11.4262;11.9282;12.9271;13.8806;14.7181;15.372;16.3713;17.3674;18.2323;19.2283;19.8987;20.8977;21","15;15.3935;15.9399;15.4734;15.1653;15.4252;16.2229;16.196;15.2859;15.7006;15.951;15.7275;15.6588;16.5237;16.4783;16.1769;15.6303;14.8738;14.8379;14.7491;15.2509;15.1606;15.9026;15.8572;15",18.9926
"0.75;0.05;0.2"
22.5591,39.0089,0.254189,"1;1.79742;2.64805;3.58457;4.57934;5.56746;6.46337;7.46014;7.89227;8.78647;9.78642;10.7196;11.4969;12.4868;13.3335;14.0812;15.0519;16.0485;16.9564;17.7298;18.5201;19.4952;20.4883;21","15;15.6034;16.1292;15.7786;15.8807;15.727;16.1713;16.0909;15.1891;15.6368;15.6466;16.006;15.3769;15.5187;16.0508;16.7148;16.4742;16.392;16.8111;16.1772;15.5646;15.3426;15.2253;15",20.8583
"0.75;0.1;0.15"
23.2176,15.6781,0.249763,"1;1.70334;2.62929;3.57566;4.43879;5.41843;6.41609;7.32857;8.32741;9.15775;10.1519;10.7171;10.9977;11.9037;12.6171;13.3979;14.3056;15.1114;16.0496;16.8713;17.6566;18.5988;19.5619;20.555;21","15;15.7109;16.0885;15.7654;16.2704;16.0696;16.0012;15.592;15.5438;14.9865;14.8785;14.0536;13.9175;14.3407;13.6399;14.2647;13.8451;14.4372;14.7834;15.3532;15.9725;15.6375;15.9066;15.7889;15",19.7899
"0.75;0.15;0.1"
24.5699,16.1058,0.265558,"1;1.76042;1.94145;2.92929;3.816;4.13351;4.73386;5.72971;6.63322;7.58791;8.58632;9.55997;10.5401;11.0971;12.0754;12.9666;13.9666;14.6099;15.6065;16.5798;17.5385;18.353;18.9381;19.9078;20.616;21","15;14.3506;13.3671;13.2116;13.6739;14.6222;15.4219;15.5129;15.9415;15.6439;15.5875;15.8155;16.0138;15.1833;14.9758;15.4294;15.4263;16.1919;16.274;16.0441;15.7599;16.3401;15.5292;15.2851;14.579;15",21.6618
"0.75;0.2;0.05"
38.7379,102.264,8.27755,"1;1.98952;2.8189;2.86054;3.85873;4.24343;4.86238;5.01202;5.87211;5.63401;4.81786;4.79907;4.21967;4.58862;5.53942;6.53817;7.50045;8.43714;9.31131;10.2844;11.2776;11.9963;12.6191;13.6103;14.5555;15.4393;16.2885;17.2615;18.2403;19.0604;20.0091;20.7102;21.1074;21.2494;21.8882;22.5649;22.6927;22.5071;21.9886;21.0474;21","15;15.1444;15.7031;16.7022;16.7624;17.6854;18.4709;19.4596;19.9697;20.941;21.5188;22.5186;23.3337;24.2631;24.573;24.6229;24.8949;24.5448;24.0592;24.2897;24.4058;23.7105;22.9281;23.06;22.7336;22.2657;21.7376;21.9686;22.173;21.6007;21.2846;20.5715;19.6537;18.6639;17.8944;17.1583;16.4283;15.5002;14.6451;14.983;15",54.6194
"0.75;0.25;0"
24.4042,21.0188,0.263787,"1;1.96701;2.53227;3.38282;4.18618;4.81949;5.81831;6.64006;7.5823;8.50675;9.47168;10.2924;11.0603;11.7157;12.5999;13.4271;14.2392;15.2107;16.1062;17.0872;17.2466;18.245;19.2328;19.9753;20.9717;21","15;15.2547;14.4298;14.9557;14.3602;14.2122;14.2608;14.8306;15.1656;15.5469;15.2844;15.8556;15.215;15.9703;15.5032;16.065;16.6485;16.4116;15.9664;15.7727;14.7855;14.8425;14.9982;15.6681;15.7533;15",19.5761
"0.8;0;0.2"
23.325,24.2055,0.24414,"1;1.92091;2.90325;3.85332;4.61736;5.58475;6.2814;7.27558;8.26176;9.25711;10.0623;11.0611;12.0259;12.9033;13.9018;14.75;15.4628;16.235;16.8648;17.2064;18.1311;19.1281;20.0157;20.7586;21","15;14.6102;14.7973;15.1094;14.4642;14.2109;13.4935;13.6012;13.7669;13.8632;14.4563;14.5059;14.243;13.7632;13.7086;14.2382;13.5368;14.1722;14.9489;15.8888;16.2694;16.3476;15.887;15.2176;15",19.9069
"0.8;0.05;0.15"
25.0391,102.195,0.276761,"1;1.99661;2.18903;3.18744;4.18723;5.10904;5.82903;6.77612;7.77577;8.44318;9.31069;10.2892;11.0399;12.0315;13.01;13.9476;14.809;15.2788;15.9331;16.6568;17.4235;18.423;19.3869;20.2049;20.5972;21.0153;21","15;14.9177;13.9364;13.9928;13.9723;14.36;15.054;15.3749;15.3486;14.6039;14.1065;13.9005;13.2398;13.1103;13.3165;13.6642;14.1722;15.0549;15.8112;16.5013;17.1434;17.1729;17.4394;16.8643;15.9444;15.036;15",30.2785
"0.8;0.1;0.1"
27.1637,71.2088,0.389274,"1;1.99078;2.98295;3.92635;4.43705;5.25596;5.81155;6.45325;7.29895;8.2887;9.2522;10.2379;11.2094;12.0815;13.0075;13.9618;14.8395;15.4917;16.4873;16.8686;17.7515;18.1549;18.6295;19.6239;20.53;21.5258;21.3681;21.2104;21.0526;21","15;14.8645;14.7396;15.0713;15.2187;15.732;16.0256;16.3142;16.8479;16.7051;16.4374;16.2686;16.5052;16.0159;16.3934;16.0944;16.5736;15.8156;15.722;16.6464;17.116;18.0311;18.9113;18.8062;18.383;18.292;17.3045;16.317;15.3295;15",32.4318
"0.8;0.15;0.05"
23.4197,92.4301,0.256657,"1;1.96667;2.56365;3.32111;4.28668;5.27037;6.26498;7.23344;8.22514;9.21684;10.2167;11.1939;11.4912;12.2482;12.7175;13.4601;14.4499;15.3965;16.3669;17.2386;18.1573;18.9881;19.8189;20.5304;21","15;15.256;14.4538;13.8009;13.5407;13.3609;13.4645;13.2153;13.3439;13.4724;13.4861;13.6986;14.6534;15.3068;16.1899;16.8596;16.7172;16.3948;16.1532;16.5306;16.9045;16.3479;15.7913;15.0887;15",37.2218
"0.8;0.2;0"
24.4462,37.9519,0.258072,"1;1.2941;2.11281;3.1035;3.75856;4.47232;5.36434;5.67878;6.52712;7.52012;8.48559;9.47989;10.4756;11.4058;12.3903;13.3532;14.1721;15.0828;15.6031;16.5919;17.122;18.1209;19.1198;19.8061;20.6317;21","15;15.9558;16.53;16.6661;15.9105;15.2102;14.7582;13.8089;13.2794;13.3975;13.658;13.7646;13.8575;14.2245;14.0492;14.3191;13.7452;13.3322;14.1862;14.3353;15.1833;15.1361;15.0889;15.8162;15.2518;15",20.818
"0.85;0;0.15"
25.0876,25.3524,0.270183,"1;1.99924;2.68769;3.63364;4.63168;4.71436;5.24032;6.20883;7.19157;8.14789;9.14664;9.84802;10.8176;11.6562;12.6562;13.6491;14.586;15.4773;16.1759;17.0986;17.7443;18.1846;18.8306;19.761;20.2503;20.6333;21","15;15.039;15.7642;16.0886;16.026;15.239;14.7125;14.4635;14.6485;14.3562;14.4062;13.6934;13.4485;13.9931;14.0001;14.1191;13.7696;13.3161;14.0316;14.4172;15.1807;16.0786;16.842;17.2085;16.3363;15.4126;15",22.6191
"0.85;0.05;0.1"
30.8608,36.5512,0.447016,"1;1.08915;1.93682;2.77109;3.7685;4.30276;5.07174;6.02027;6.86716;7.85769;8.84329;9.84047;10.8353;11.8351;12.835;13.7783;14.775;15.0605;15.9751;16.7503;17.4382;18.3124;19.2129;19.8926;20.8274;21.6488;22.2433;23.0346;23.5003;22.6942;21.8881;21.082;21","15;15.996;16.5265;17.0779;17.006;16.1607;15.5214;15.2047;14.673;14.8102;14.6411;14.7162;14.8178;14.8357;14.8536;15.1855;15.104;16.0624;16.3713;16.5412;17.2671;17.7526;18.1874;18.9209;18.5657;19.1361;18.332;17.7206;16.8356;16.2438;15.652;15.0602;15",29.9091
"0.85;0.1;0.05"
35.6121,36.2888,5.99735,"1;1.40986;2.34417;3.27976;4.06445;5.03484;4.8855;5.75598;5.36015;5.36285;5.92214;6.41647;6.9336;7.16104;8.10303;9.03709;10.0057;11.0057;11.9712;12.9615;13.7191;14.6063;15.1707;16.1644;16.7167;17.48;18.3198;18.6549;18.6742;19.5113;20.3956;21.392;22.348;22.3197;21.9552;21.7075;21.125;21","15;15.9121;16.2686;16.6217;17.2416;17.4831;18.4719;18.9641;19.8825;20.8825;21.7114;21.9812;22.616;23.1281;22.7924;23.1495;22.9009;22.9029;22.6424;22.5036;21.8508;22.3121;21.4865;21.5983;22.432;23.0779;22.535;21.5928;20.593;20.046;19.579;19.664;19.3706;18.371;17.4398;16.471;15.6581;15",35.7136
"0.85;0.15;0"
25.2584,24.627,0.269592,"1;1.88514;2.88514;3.74294;4.58113;5.41343;6.09901;6.8823;7.6349;8.37111;9.03549;9.98747;10.9226;11.4268;12.3773;13.3705;14.3528;15.2205;15.7756;16.5402;17.5251;17.8543;18.7646;19.5402;20.536;20.9047;21","15;14.5347;14.5351;15.0491;15.5945;15.0401;14.3121;14.9338;15.5923;14.9155;14.1681;13.862;14.2164;13.3528;13.6635;13.5472;13.7342;14.2313;15.0631;15.7075;15.5342;16.4784;16.8923;16.261;16.1697;15.2402;15",22.7595
"0.9;0;0.1"
23.3299,16.2551,0.254659,"1;1.95056;2.9043;3.89189;4.73261;5.39913;6.35796;7.28361;8.15529;9.05775;10.0402;11.0284;11.6994;12.5563;13.4897;14.2647;14.8447;15.694;16.6201;17.3204;17.9606;18.9578;19.4593;20.327;21","15;14.6895;14.9901;14.833;15.3745;14.629;14.3451;14.7234;15.2135;15.6443;15.8308;15.6775;14.9361;14.4206;14.7795;15.4115;16.2261;15.6982;16.0755;16.6061;16.8221;16.748;15.8828;15.3856;15",21.8224
"0.9;0.05;0.05"
23.1341,17.112,0.249165,"1;1.95079;2.89246;3.85397;4.85253;5.82321;6.80482;7.80379;8.63057;9.16978;9.84608;10.8429;11.8398;12.8308;13.7798;14.7668;15.7338;16.5287;17.5274;18.5256;19.0745;19.7448;20.333;20.9211;21","15;14.6902;14.3536;14.0789;14.1325;13.8921;13.7012;13.7467;14.3092;15.1513;15.888;15.8086;15.7293;15.8626;16.178;16.0169;15.7621;15.1555;15.2077;15.148;15.9839;16.7259;15.9172;15.1084;15",22.5319
"0.9;0.1;0"
27.7415,57.3092,0.309526,"1;1.66089;2.65983;3.32846;4.32669;4.69778;5.51316;6.48709;7.48252;8.27796;8.96919;9.86793;10.6493;11.6352;12.6198;13.5277;14.5197;15.4227;16.4163;17.1808;17.4122;17.9034;18.4278;19.4133;20.2837;21.1713;21.3265;21.688;21.0461;21","15;15.7505;15.7964;15.0528;15.1123;16.0409;16.6198;16.393;16.2974;15.6914;16.414;15.9755;16.5996;16.4327;16.2576;16.6769;16.8026;16.3729;16.2597;15.6151;14.6422;13.7712;12.9197;13.0892;12.597;12.4863;13.2458;14.1782;14.9449;15",26.3699
"0.95;0;0.05"
23.977,16.8178,0.249322,"1;1.314;2.31284;3.24718;4.18051;5.1507;6.0434;6.72745;6.82267;7.77191;8.6825;9.53257;9.97831;10.9779;11.7781;12.6574;13.639;14.6379;15.5111;16.3485;17.3361;18.2005;19.1755;20.0688;21","15;14.0506;14.0987;14.4551;14.8141;15.0565;15.5072;14.7777;13.7823;13.4677;13.881;14.4077;15.3029;15.2754;14.6757;15.1519;15.3429;15.2964;14.8089;14.2623;14.419;14.8924;15.0996;14.6502;15",23.6191
"0.95;0.05;0"
22.0413,34.364,0.240193,"1;1.38871;1.88212;2.34867;2.5619;3.02954;3.49953;3.90647;4.2689;4.65459;5.12155;5.52336;5.94727;6.26009;6.54898;6.87753;7.25114;7.66361;8.16361;8.54314;8.86951;9.36725;9.86725;10.3648;10.8474;11.3221;11.6745;11.9879;12.4481;12.6202;13.1157;13.5161;13.9565;14.2566;14.5481;14.8127;14.9298;15.4128;15.8032;16.179;16.4324;16.7992;17.1651;17.5566;17.7811;18.1594;18.563;18.9711;19.4614;19.961;20.4117;20.8196;21","15;14.6855;14.6046;14.5916;14.472;14.649;14.5708;14.5235;14.4916;14.3098;14.3296;14.5279;14.7278;14.897;15.1253;15.1702;15.4693;15.7519;15.7533;15.9482;16.1578;16.1103;16.1094;16.0599;15.9291;16.0862;16.381;16.5421;16.619;16.6983;16.7649;16.6464;16.5305;16.3167;16.0106;15.8049;15.4845;15.3701;15.1449;15.0784;14.9404;14.8117;14.6107;14.3496;14.3773;14.2512;14.5464;14.8353;14.9331;14.9548;15.1387;15.0684;15",22.0413
"1;0;0"
