Length, Risk, TravelTime, Paths.x, Paths.y, Cost, Weight
0.527884,1.08022,0.148751,"1;1.07245;1.14489;1.21734;1.28978;1.36223;1.43467;1.50712;1.57956;1.65201;1.72445;1.7969;1.86934;1.94179;2.01424;2.08668;2.15913;2.23566;2.31629;2.40101;2.48982;2.58272;2.67563;2.76853;2.86143;2.95434;3.04724;3.14014;3.23304;3.32595;3.41885;3.51175;3.60466;3.69756;3.79046;3.88571;3.9833;4.08324;4.18553;4.29016;4.39479;4.49943;4.60406;4.70869;4.81332;4.91795;5.02259;5.12722;5.23185;5.33648;5.44112;5.54575;5.65038;5.7563;5.86352;5.97203;6.08183;6.19293;6.30403;6.41512;6.52622;6.63731;6.74841;6.8595;6.9706;7.08169;7.19279;7.30389;7.41498;7.52608;7.63717;7.74802;7.85862;7.96897;8.07907;8.18892;8.29877;8.40862;8.51847;8.62832;8.73817;8.84803;8.95788;9.06773;9.17758;9.28743;9.39728;9.50713;9.61699;9.72305;9.82534;9.92384;10.0186;10.1095;10.2004;10.2914;10.3823;10.4733;10.5642;10.6551;10.7461;10.837;10.9279;11.0189;11.1098;11.2008;11.2917;11.3826;11.4773;11.5757;11.6779;11.7839;11.8935;12.0032;12.1129;12.2226;12.3323;12.442;12.5516;12.6613;12.771;12.8807;12.9904;13.1001;13.2097;13.3194;13.4277;13.5345;13.64;13.744;13.8466;13.9492;14.0518;14.1544;14.257;14.3596;14.4622;14.5648;14.6674;14.77;14.8726;14.9752;15.0778;15.1805;15.2831;15.3872;15.4927;15.5998;15.7084;15.8185;15.9285;16.0386;16.1487;16.2587;16.3688;16.4789;16.5889;16.699;16.8091;16.9191;17.0292;17.1393;17.2493;17.3556;17.4582;17.5571;17.6521;17.7435;17.8348;17.9262;18.0175;18.1089;18.2002;18.2916;18.3829;18.4743;18.5656;18.657;18.7483;18.8397;18.931;19.0224;19.1179;19.2176;19.3214;19.4294;19.5416;19.6538;19.766;19.8782;19.9904;20.1025;20.2147;20.3269;20.4391;20.5513;20.6635;20.7756;20.8878;21","15;15.0842;15.1685;15.2527;15.337;15.4212;15.5055;15.5897;15.674;15.7582;15.8425;15.9267;16.0109;16.0952;16.1794;16.2637;16.3479;16.4031;16.4293;16.4264;16.3945;16.3336;16.2726;16.2117;16.1507;16.0898;16.0288;15.9679;15.9069;15.846;15.785;15.7241;15.6631;15.6022;15.5412;15.485;15.4335;15.3867;15.3446;15.3072;15.2698;15.2324;15.195;15.1576;15.1202;15.0829;15.0455;15.0081;14.9707;14.9333;14.8959;14.8585;14.8211;14.7916;14.7699;14.7561;14.7501;14.752;14.7538;14.7557;14.7575;14.7594;14.7613;14.7631;14.765;14.7668;14.7687;14.7706;14.7724;14.7743;14.7762;14.7743;14.7687;14.7595;14.7465;14.7298;14.7131;14.6965;14.6798;14.6631;14.6464;14.6297;14.613;14.5964;14.5797;14.563;14.5463;14.5296;14.5129;14.489;14.4578;14.4193;14.3735;14.3205;14.2675;14.2145;14.1615;14.1085;14.0554;14.0024;13.9494;13.8964;13.8434;13.7904;13.7373;13.6843;13.6313;13.5783;13.5394;13.5147;13.5042;13.5078;13.5255;13.5433;13.5611;13.5788;13.5966;13.6143;13.6321;13.6499;13.6676;13.6854;13.7031;13.7209;13.7386;13.7564;13.7753;13.7954;13.8166;13.8389;13.8625;13.886;13.9095;13.933;13.9565;13.98;14.0035;14.027;14.0505;14.0741;14.0976;14.1211;14.1446;14.1681;14.1916;14.2135;14.2337;14.2522;14.269;14.2842;14.2995;14.3147;14.3299;14.3451;14.3603;14.3755;14.3907;14.4059;14.4211;14.4363;14.4515;14.4667;14.4819;14.5045;14.5346;14.572;14.6169;14.6692;14.7215;14.7738;14.8261;14.8784;14.9307;14.983;15.0353;15.0877;15.14;15.1923;15.2446;15.2969;15.3492;15.4015;15.437;15.4557;15.4577;15.4428;15.4112;15.3796;15.3479;15.3163;15.2847;15.253;15.2214;15.1898;15.1582;15.1265;15.0949;15.0633;15.0316;15",0.148751,"0;0;1"
1.16043,0.327934,0.574855,"1;1.23894;1.47789;1.71683;1.95578;2.19472;2.43367;2.66283;2.8822;3.09178;3.29157;3.48158;3.67159;3.86159;4.0516;4.16703;4.20787;4.17413;4.06581;3.88291;3.70001;3.51711;3.33422;3.21473;3.15865;3.16598;3.19146;3.23507;3.23341;3.18648;3.09428;3.00208;2.90987;2.79379;2.65381;2.48996;2.30222;2.09059;1.98598;1.98839;2.08164;2.26572;2.54063;2.79936;3.0419;3.28444;3.51728;3.74042;3.9676;4.19882;4.43408;4.68309;4.94584;5.20859;5.47135;5.71287;5.93315;6.05099;6.06639;5.97934;5.81108;5.56161;5.31214;5.06267;4.8132;4.66411;4.6154;4.66708;4.81914;5.07159;5.31696;5.55524;5.78645;6.01058;6.22763;6.44468;6.66173;6.8468;6.99989;7.12099;7.21012;7.26726;7.3244;7.42343;7.56433;7.74711;7.97178;8.23833;8.50487;8.737;8.9347;9.09798;9.22684;9.32128;9.41572;9.51016;9.63412;9.78759;9.97059;10.1831;10.4251;10.6672;10.9092;11.1512;11.3879;11.6191;11.845;12.0655;12.2805;12.4956;12.7107;12.9258;13.1328;13.3318;13.5227;13.7055;13.8803;14.0551;14.2298;14.4046;14.5825;14.7635;14.9477;15.135;15.3254;15.5158;15.7063;15.8973;16.0889;16.2811;16.4739;16.6674;16.8608;17.0542;17.2476;17.3636;17.4021;17.3632;17.2469;17.0531;16.8593;16.6656;16.5267;16.4426;16.4135;16.4391;16.5197;16.6003;16.6808;16.7614;16.815;16.8417;16.8802;16.9305;16.9926;17.0934;17.2329;17.3725;17.512;17.608;17.6605;17.6694;17.6347;17.5565;17.5172;17.5167;17.5551;17.6323;17.7483;17.8643;17.9804;18.0385;18.0388;17.9811;17.8655;17.6921;17.5186;17.4354;17.4425;17.5399;17.7276;18.0056;18.2836;18.5616;18.8077;19.0219;19.2042;19.3546;19.4731;19.5917;19.7102;19.8287;19.9547;20.0881;20.229;20.3772;20.5329;20.6886;20.8443;21","15;14.9265;14.853;14.7794;14.7059;14.6324;14.5589;14.5326;14.5534;14.6215;14.7368;14.8993;15.0617;15.2242;15.3867;15.5507;15.7164;15.8836;16.0525;16.2229;16.3933;16.5638;16.7342;16.9075;17.0836;17.2625;17.4602;17.6768;17.9094;18.158;18.4226;18.6872;18.9517;19.1953;19.4178;19.6192;19.7995;19.9588;20.0871;20.1843;20.2342;20.2366;20.1916;20.1303;20.0525;19.9747;19.9508;19.9809;20.0347;20.1121;20.2132;20.2841;20.3247;20.3654;20.406;20.4046;20.3612;20.3128;20.2596;20.2015;20.1805;20.1968;20.2131;20.2293;20.2456;20.2482;20.2372;20.2126;20.1744;20.1225;20.1176;20.1596;20.2485;20.3844;20.5671;20.7499;20.9327;21.1344;21.355;21.5946;21.8531;22.1305;22.4079;22.6334;22.8069;22.9285;22.9981;23.0158;23.0335;22.9982;22.9099;22.7686;22.5743;22.327;22.0797;21.8324;21.6471;21.5237;21.4624;21.463;21.5256;21.5882;21.6508;21.7134;21.789;21.8776;21.9791;22.0935;22.221;22.3484;22.4758;22.6033;22.741;22.8889;23.0472;23.2157;23.3944;23.5732;23.7519;23.9307;24.0311;24.0531;23.9968;23.8622;23.6492;23.4362;23.2232;23.0211;22.8299;22.6497;22.4804;22.322;22.1636;22.0052;21.8468;21.6781;21.4991;21.3097;21.1101;20.9001;20.6901;20.4802;20.2649;20.0442;19.8183;19.5869;19.3503;19.1136;18.8769;18.6403;18.4105;18.1876;17.9639;17.7393;17.5138;17.2805;17.0395;16.7985;16.5575;16.3128;16.0642;15.8119;15.5558;15.2959;15.044;14.8;14.5641;14.3361;14.1161;13.8961;13.6762;13.4579;13.2412;13.0263;12.813;12.6014;12.3898;12.2074;12.054;11.9298;11.8346;11.7686;11.7026;11.6365;11.6277;11.6762;11.7818;11.9447;12.1648;12.3849;12.605;12.8251;13.059;13.3068;13.5683;13.8436;14.1327;14.4218;14.7109;15",0.570739,"0;0.0166667;0.983333"
1.03071,0.151563,0.21172,"1;1.22172;1.44344;1.66516;1.88688;2.1086;2.33032;2.55204;2.73035;2.86525;2.95673;3.00481;3.00948;3.01414;3.01881;3.02348;3.02815;2.99977;2.93835;2.84389;2.71638;2.55583;2.39528;2.23472;2.07417;1.91362;1.81203;1.76939;1.78571;1.86098;1.99522;2.12945;2.26368;2.39791;2.53214;2.67708;2.83272;2.99907;3.17612;3.36388;3.55164;3.7394;3.92715;4.11491;4.29035;4.45348;4.6043;4.7428;4.86898;4.99516;5.12135;5.24753;5.37372;5.49355;5.60702;5.71413;5.81489;5.90929;6.0037;6.0981;6.1925;6.2869;6.40681;6.55223;6.72316;6.91959;7.14153;7.36348;7.58542;7.80736;8.0293;8.23613;8.42785;8.60446;8.76595;8.91233;9.05871;9.20509;9.35147;9.49785;9.65456;9.8216;9.99897;10.1867;10.3847;10.5827;10.7808;10.9788;11.1768;11.3469;11.489;11.6032;11.6894;11.7476;11.8059;11.8641;11.9224;11.9806;12.0659;12.1781;12.3173;12.4835;12.6767;12.8698;13.063;13.2562;13.4494;13.64;13.828;14.0134;14.1963;14.3766;14.5569;14.7372;14.9175;15.0978;15.2517;15.3793;15.4805;15.5554;15.6039;15.6524;15.701;15.7495;15.798;15.8406;15.8773;15.908;15.9329;15.9517;15.9706;15.9895;16.0084;16.0273;16.042;16.0527;16.0593;16.0618;16.0601;16.0585;16.0568;16.0991;16.1854;16.3156;16.4898;16.7079;16.926;17.1101;17.2603;17.3765;17.4588;17.507;17.5553;17.6036;17.6518;17.7307;17.84;17.98;18.1504;18.3515;18.5525;18.7536;18.9546;19.1477;19.3329;19.5102;19.6796;19.8411;20.0151;20.2017;20.4007;20.6123;20.8363;21.0604;21.2845;21.4854;21.663;21.8174;21.9486;22.0566;22.1646;22.2725;22.3805;22.4221;22.3974;22.3063;22.1489;21.9251;21.7429;21.6023;21.5033;21.446;21.4303;21.4018;21.3604;21.3063;21.2393;21.1595;21.0798;21","15;15.0149;15.0299;15.0448;15.0597;15.0747;15.0896;15.1046;15.0721;14.9922;14.8648;14.6901;14.4679;14.2457;14.0236;13.8014;13.5792;13.3707;13.176;12.9949;12.8276;12.6739;12.5203;12.3667;12.213;12.0594;11.901;11.738;11.5703;11.3979;11.2208;11.0437;10.8666;10.6895;10.5124;10.3469;10.1931;10.051;9.92044;9.80157;9.68271;9.56384;9.44497;9.3261;9.19442;9.04993;8.89263;8.72252;8.5396;8.35668;8.17376;7.99084;7.80791;7.62134;7.43112;7.23725;7.03972;6.83855;6.63738;6.4362;6.23503;6.03385;5.87514;5.7589;5.68512;5.6538;5.66494;5.67609;5.68723;5.69838;5.70953;5.685;5.62481;5.52895;5.39742;5.23022;5.06302;4.89582;4.72862;4.56142;4.44783;4.38784;4.38146;4.42869;4.52952;4.63036;4.73119;4.83202;4.93286;4.97063;4.94535;4.85702;4.70562;4.49117;4.27672;4.06227;3.84782;3.63337;3.43984;3.26723;3.11554;2.98477;2.87492;2.76508;2.65523;2.54538;2.43553;2.37364;2.3597;2.39371;2.47567;2.60558;2.7355;2.86541;2.99533;3.12524;3.27255;3.43724;3.61932;3.81879;4.03565;4.25251;4.46937;4.68623;4.90309;5.12086;5.33954;5.55913;5.77964;6.00106;6.22248;6.4439;6.66531;6.88673;7.10859;7.33089;7.55363;7.77682;8.00044;8.22406;8.44769;8.64648;8.82044;8.96956;9.09385;9.19331;9.29277;9.42017;9.57551;9.75878;9.96999;10.2091;10.4483;10.6874;10.9266;11.1416;11.3326;11.4995;11.6423;11.761;11.8798;11.9985;12.1172;12.2453;12.3828;12.5297;12.686;12.8517;12.9894;13.0992;13.1811;13.235;13.2609;13.2869;13.3128;13.3781;13.4828;13.6268;13.8102;14.033;14.2558;14.4785;14.7013;14.8715;14.989;15.0539;15.0661;15.0258;15.0456;15.1255;15.2656;15.4659;15.7263;15.8847;15.9412;15.8957;15.7482;15.4988;15.2494;15",0.209715,"0;0.0333333;0.966667"
0.776452,0.329107,0.39884,"1;1.11249;1.22498;1.33748;1.44997;1.56246;1.67495;1.78744;1.89994;2.01243;2.12492;2.24825;2.38241;2.52741;2.68324;2.8499;3.01657;3.18324;3.3499;3.51657;3.68324;3.8499;4.01657;4.18228;4.34705;4.51086;4.67372;4.83563;4.99754;5.15945;5.32135;5.48326;5.64517;5.80708;5.96899;6.10322;6.20978;6.27975;6.31313;6.30992;6.2978;6.27676;6.26757;6.27025;6.28477;6.31115;6.34939;6.38762;6.42586;6.46977;6.51935;6.57461;6.63555;6.70216;6.76877;6.83538;6.902;6.96861;7.03522;7.10183;7.16047;7.21112;7.25381;7.28852;7.31525;7.36563;7.43966;7.53734;7.65867;7.80991;7.9674;8.13116;8.30117;8.47743;8.6537;8.82997;9.00624;9.17731;9.34319;9.50387;9.65936;9.80965;9.95994;10.1102;10.2539;10.3909;10.5213;10.645;10.7621;10.8792;10.9963;11.1134;11.2304;11.3475;11.4645;11.5815;11.6985;11.8155;11.9325;12.0495;12.1665;12.2835;12.4005;12.5175;12.644;12.7798;12.9251;13.0799;13.244;13.4082;13.5724;13.7365;13.9007;14.0644;14.2276;14.3903;14.5525;14.7142;14.8759;15.0377;15.1994;15.3611;15.5229;15.6846;15.7993;15.8668;15.8872;15.8605;15.7868;15.713;15.6392;15.5655;15.4917;15.4179;15.3441;15.2704;15.2139;15.1747;15.1528;15.1483;15.161;15.1737;15.2129;15.2785;15.3706;15.4892;15.6343;15.7794;15.9245;16.0696;16.2146;16.3597;16.5048;16.6499;16.7888;16.9216;17.0482;17.1686;17.2829;17.3972;17.5115;17.6257;17.74;17.8543;17.9686;18.0571;18.1199;18.157;18.1683;18.1581;18.1519;18.1499;18.1521;18.1583;18.1646;18.1709;18.1772;18.1835;18.1898;18.2249;18.2888;18.3815;18.503;18.6534;18.8038;18.9541;19.1045;19.2548;19.4052;19.5555;19.7044;19.8518;19.9977;20.1422;20.2851;20.4281;20.5711;20.7141;20.857;21","15;15.123;15.246;15.3689;15.4919;15.6149;15.7379;15.8608;15.9838;16.1068;16.2298;16.3282;16.4021;16.4514;16.4763;16.4765;16.4768;16.4771;16.4773;16.4776;16.4779;16.4781;16.4784;16.4814;16.4872;16.4957;16.5071;16.5211;16.5352;16.5493;16.5633;16.5774;16.5915;16.6056;16.6196;16.658;16.7207;16.8144;16.9391;17.0949;17.2574;17.4266;17.5967;17.7677;17.9397;18.1126;18.2864;18.4602;18.634;18.803;18.9673;19.1268;19.2815;19.4315;19.5815;19.7314;19.8814;20.0314;20.1814;20.3313;20.4855;20.6438;20.8062;20.9728;21.1436;21.2891;21.4095;21.5048;21.5748;21.6112;21.6391;21.6585;21.6695;21.6719;21.6744;21.6769;21.6793;21.6614;21.6231;21.5645;21.4854;21.386;21.2866;21.1872;21.1304;21.1161;21.1444;21.2153;21.3287;21.4422;21.5556;21.669;21.7835;21.899;22.0156;22.1332;22.2519;22.3706;22.4893;22.608;22.7267;22.8454;22.9641;23.0828;23.1693;23.2235;23.2456;23.2354;23.193;23.1506;23.1082;23.0657;23.0233;22.9928;22.9743;22.9676;22.9729;22.99;23.0072;23.0244;23.0416;23.0587;23.0759;23.0931;23.0769;23.0275;22.9447;22.8286;22.6791;22.5297;22.3802;22.2308;22.0813;21.9319;21.7825;21.633;21.48;21.3234;21.1633;20.9995;20.8322;20.6649;20.5162;20.3862;20.2748;20.1821;20.108;20.0338;19.9597;19.8856;19.8115;19.7374;19.6632;19.5891;19.5053;19.4118;19.3086;19.1957;19.0731;18.9505;18.8279;18.7053;18.5827;18.4601;18.3375;18.2732;18.2671;18.3194;18.43;18.5315;18.5658;18.5326;18.4322;18.2644;18.0966;17.9289;17.7611;17.5933;17.4255;17.2708;17.1293;17.0008;16.8855;16.7833;16.681;16.5788;16.4766;16.3743;16.2721;16.1699;16.064;15.9544;15.8411;15.7241;15.6034;15.4827;15.362;15.2414;15.1207;15",0.395353,"0;0.05;0.95"
1.11497,0.232389,0.915764,"1;1.22904;1.45807;1.68711;1.91614;2.14518;2.37422;2.60375;2.8338;3.06434;3.29538;3.52693;3.75848;3.99002;4.22157;4.43144;4.61964;4.78617;4.93101;5.05419;5.17736;5.30054;5.42371;5.4898;5.49881;5.45073;5.34558;5.18333;5.02109;4.85885;4.70243;4.55183;4.40705;4.26808;4.13494;4.00179;3.86865;3.73551;3.60132;3.46609;3.32982;3.19251;3.05415;2.9158;2.77744;2.63909;2.51137;2.39428;2.28783;2.19202;2.10684;2.02167;1.93649;1.84591;1.74993;1.64856;1.54179;1.42961;1.31744;1.20527;1.09309;1.03289;1.02464;1.06836;1.16404;1.31169;1.45933;1.60698;1.75463;1.92373;2.1143;2.32632;2.5598;2.80799;3.04943;3.28411;3.51204;3.73322;3.9544;4.17558;4.39676;4.52843;4.57059;4.52324;4.38638;4.16001;4.02316;3.97582;4.018;4.1497;4.37091;4.59212;4.81333;5.03507;5.25733;5.48013;5.70345;5.92352;6.13982;6.35234;6.56108;6.74389;6.90455;7.04306;7.15941;7.25362;7.3807;7.54066;7.7335;7.95922;8.21781;8.46766;8.70875;8.94109;9.16686;9.38604;9.6074;9.83094;10.0566;10.2823;10.5081;10.6891;10.8254;10.917;10.964;10.9935;11.0501;11.134;11.245;11.3833;11.4634;11.4855;11.4881;11.4711;11.4345;11.4364;11.4769;11.5173;11.5968;11.7152;11.8727;12.0693;12.3048;12.4843;12.6079;12.6754;12.6869;12.6425;12.6507;12.7115;12.8251;12.9913;13.2102;13.4291;13.648;13.8669;14.0857;14.2962;14.4981;14.6915;14.8765;15.053;15.2295;15.406;15.5825;15.7586;15.9345;16.1101;16.2853;16.4602;16.6351;16.81;16.9849;17.1598;17.3432;17.5351;17.7354;17.9442;18.1615;18.3787;18.596;18.8133;19.0267;19.2364;19.4423;19.6444;19.8426;20.0409;20.2392;20.4375;20.6358;20.7935;20.9106;20.9871;21.0231;21.0185;21.0139;21.0092;21.0046;21","15;15.1002;15.2004;15.3006;15.4008;15.5011;15.6013;15.7003;15.7981;15.8948;15.9902;16.0845;16.1788;16.273;16.3673;16.4862;16.6298;16.798;16.9909;17.2085;17.426;17.6436;17.8611;18.0707;18.2724;18.4662;18.652;18.8299;19.0078;19.1856;19.3703;19.5616;19.7598;19.9646;20.1762;20.3878;20.5994;20.811;21.0219;21.2322;21.4417;21.6506;21.8589;22.0671;22.2753;22.4835;22.6939;22.9065;23.1212;23.3381;23.5572;23.7763;23.9954;24.2153;24.4361;24.6578;24.8804;25.1038;25.3272;25.5506;25.7741;25.988;26.1924;26.3872;26.5726;26.7484;26.9243;27.1001;27.276;27.4242;27.5448;27.6378;27.7032;27.7127;27.694;27.6471;27.572;27.4686;27.3653;27.2619;27.1585;27.0529;26.945;26.8349;26.7225;26.6079;26.5034;26.4091;26.3249;26.2509;26.1871;26.1232;26.0593;26.0355;26.0515;26.1076;26.2036;26.3366;26.4666;26.5937;26.7178;26.7651;26.7384;26.6377;26.4631;26.2146;26.0108;25.8517;25.7374;25.6678;25.6429;25.6579;25.7127;25.8074;25.9274;26.0725;26.203;26.3189;26.4201;26.5213;26.6226;26.6586;26.6294;26.5349;26.3753;26.1547;25.9384;25.7264;25.5186;25.3152;25.1061;24.8913;24.666;24.4302;24.1839;23.9329;23.677;23.4211;23.1946;22.9977;22.8302;22.6921;22.5836;22.4481;22.2859;22.0967;21.8807;21.6379;21.4513;21.3209;21.2468;21.2289;21.2673;21.3056;21.344;21.3823;21.4207;21.4159;21.3681;21.2772;21.1432;20.9662;20.7891;20.6121;20.435;20.2659;20.1049;19.9518;19.8067;19.6697;19.5326;19.3955;19.2585;19.1214;18.987;18.8553;18.7262;18.5999;18.4762;18.3525;18.2289;18.1052;17.9862;17.8718;17.7622;17.6572;17.5568;17.4565;17.3562;17.2558;17.1555;17.0194;16.8475;16.6398;16.3963;16.117;15.8378;15.5585;15.2793;15",0.870205,"0;0.0666667;0.933333"
0.931174,0.229822,0.624117,"1;1.22222;1.44444;1.66667;1.88889;2.11111;2.33333;2.55556;2.73914;2.88408;2.99039;3.05805;3.08708;3.1161;3.14513;3.17415;3.20318;3.26185;3.35018;3.46815;3.61577;3.79304;3.97031;4.14758;4.32485;4.50212;4.67939;4.86346;5.05432;5.25198;5.45644;5.6677;5.87895;6.09021;6.30146;6.51272;6.68286;6.8119;6.86818;6.8517;6.81915;6.81166;6.8292;6.90344;7.03438;7.16531;7.30283;7.44695;7.59765;7.75494;7.91882;8.03829;8.11335;8.144;8.13024;8.07207;8.0139;7.95573;7.89755;7.83938;7.81925;7.83716;7.8931;7.98708;8.11911;8.25113;8.38316;8.51518;8.65128;8.79146;8.93571;9.08404;9.23645;9.38885;9.54126;9.69621;9.8537;10.0137;10.1763;10.3414;10.5065;10.6716;10.8368;10.9982;11.1558;11.3098;11.46;11.6065;11.753;11.8926;12.0253;12.151;12.2698;12.3817;12.4935;12.6054;12.7172;12.8291;12.943;13.0589;13.1769;13.297;13.419;13.5411;13.6632;13.7853;13.9073;14.0294;14.1345;14.2227;14.2939;14.3481;14.3854;14.4227;14.46;14.5115;14.5773;14.6573;14.7013;14.7093;14.6671;14.5747;14.4321;14.2895;14.2043;14.1764;14.2059;14.2927;14.4369;14.5811;14.7253;14.8706;15.017;15.1646;15.2596;15.3021;15.291;15.2263;15.108;15.042;15.0283;15.067;15.158;15.3157;15.4877;15.674;15.8747;16.0897;16.3047;16.5197;16.7346;16.9496;17.1288;17.2722;17.3798;17.4516;17.518;17.6146;17.7417;17.8991;18.0868;18.2746;18.4332;18.5628;18.6633;18.7346;18.7769;18.8116;18.8385;18.8914;18.9702;19.0748;19.2205;19.4073;19.6015;19.8032;20.0125;20.2217;20.399;20.5444;20.658;20.7396;20.7618;20.7563;20.7233;20.6627;20.5745;20.4863;20.3981;20.3099;20.261;20.2514;20.2811;20.3501;20.4585;20.5668;20.6751;20.7834;20.8917;21","15;15;15;15;15;15;15;15;15.0441;15.1322;15.2644;15.4406;15.661;15.8813;16.1016;16.3219;16.5422;16.737;16.9062;17.0499;17.1681;17.2607;17.3533;17.4459;17.5385;17.6311;17.7237;17.8116;17.8947;17.9731;18.0468;18.1157;18.1847;18.2536;18.3226;18.3915;18.4107;18.3801;18.3742;18.393;18.4266;18.5247;18.6873;18.84;18.9827;19.1255;19.2713;19.4203;19.5723;19.7274;19.8856;20.0514;20.2246;20.4054;20.5937;20.7895;20.9853;21.181;21.3768;21.5726;21.7626;21.9467;22.1249;22.2973;22.4639;22.6304;22.797;22.9635;23.0701;23.1166;23.1032;23.0298;22.8964;22.763;22.6296;22.5477;22.5174;22.5385;22.6112;22.7355;22.8597;22.9839;23.1081;23.2361;23.3678;23.5033;23.6425;23.7854;23.9284;24.0812;24.2438;24.4162;24.5984;24.7904;24.9824;25.1744;25.3664;25.5584;25.7437;25.9223;26.0942;26.2593;26.4177;26.5762;26.7346;26.893;27.0514;27.2099;27.2935;27.3025;27.2366;27.096;26.8807;26.6654;26.45;26.2428;26.0436;25.8525;25.6779;25.5199;25.3704;25.2294;25.0969;24.9643;24.8282;24.6886;24.5455;24.3988;24.2485;24.0983;23.948;23.8069;23.6748;23.5517;23.4222;23.2861;23.1345;22.9673;22.7845;22.606;22.4318;22.2618;22.096;21.9704;21.8805;21.8265;21.8083;21.8259;21.8435;21.8611;21.8787;21.8962;21.8687;21.796;21.6782;21.5153;21.3263;21.1565;21.0058;20.8742;20.7617;20.6493;20.5205;20.3754;20.214;20.0363;19.8423;19.7326;19.7074;19.6907;19.6828;19.6834;19.6233;19.5024;19.3964;19.3054;19.2294;19.1533;19.0516;18.9241;18.771;18.5921;18.3895;18.1889;17.9904;17.7938;17.5993;17.4048;17.2102;17.0157;16.8194;16.6214;16.4216;16.22;16.0167;15.8133;15.61;15.4067;15.2033;15",0.59126,"0;0.0833333;0.916667"
1.10635,0.302641,0.228804,"1;1.05801;1.11602;1.17403;1.23204;1.29005;1.34806;1.38995;1.41573;1.4254;1.41895;1.39639;1.37383;1.35127;1.32871;1.34267;1.39315;1.48016;1.60369;1.76374;1.92379;2.08385;2.2439;2.37104;2.46525;2.52655;2.55494;2.5504;2.54587;2.54134;2.5368;2.49548;2.41736;2.30246;2.15076;1.96227;1.77378;1.58529;1.46964;1.42681;1.45682;1.55966;1.73534;1.91814;2.10806;2.30512;2.5093;2.72061;2.93193;3.14612;3.36321;3.58318;3.80604;4.03179;4.25754;4.48329;4.70903;4.93693;5.16696;5.39915;5.63348;5.86995;6.09886;6.32021;6.53399;6.74021;6.93886;7.13751;7.3447;7.56041;7.78465;8.01742;8.25872;8.50001;8.74131;8.99186;9.25166;9.52072;9.71657;9.83923;9.87945;9.83721;9.71253;9.66371;9.69074;9.79364;9.97239;10.227;10.4706;10.7032;10.9247;11.1353;11.3348;11.5343;11.7338;11.9083;12.0579;12.1524;12.1919;12.1763;12.1307;12.0551;11.9894;11.9336;11.8878;11.8518;11.8815;11.9668;12.1078;12.3044;12.5675;12.8415;13.1089;13.3697;13.6239;13.8608;14.0802;14.2996;14.5189;14.7383;14.9633;15.1938;15.4299;15.6715;15.9187;16.1658;16.413;16.6602;16.9043;17.1453;17.3833;17.6182;17.85;18.0818;18.3136;18.5454;18.7226;18.8452;18.9131;18.9264;18.885;18.8763;18.9002;18.9568;19.046;19.1678;19.2897;19.4115;19.5333;19.6696;19.8202;19.927;19.99;20.0092;19.9702;19.873;19.7759;19.6787;19.6321;19.636;19.6904;19.7435;19.7953;19.7953;19.7434;19.6396;19.5359;19.4322;19.3284;19.2435;19.1775;19.1302;19.1018;19.0922;19.0826;19.073;19.1122;19.2001;19.3368;19.5223;19.7565;19.9908;20.225;20.4593;20.6892;20.9148;21.1361;21.3531;21.5657;21.7784;21.991;22.2037;22.3195;22.3385;22.2607;22.086;21.8145;21.543;21.2715;21","15;14.7568;14.5136;14.2705;14.0273;13.7841;13.5409;13.2966;13.0511;12.8044;12.5566;12.3076;12.0587;11.8097;11.5607;11.3231;11.0969;10.8821;10.6786;10.4866;10.2945;10.1025;9.91045;9.70682;9.4916;9.26481;9.02643;8.77647;8.52651;8.27655;8.02659;7.79443;7.58007;7.3835;7.20473;7.04376;6.88279;6.72182;6.55721;6.38896;6.21707;6.04155;5.86238;5.7475;5.69691;5.71062;5.78861;5.93089;6.07317;6.20848;6.33681;6.45817;6.57256;6.67998;6.78739;6.89481;7.00222;7.0697;7.09725;7.08485;7.03252;6.94026;6.83995;6.73162;6.61524;6.49083;6.35838;6.22593;6.13093;6.07337;6.05326;6.07059;6.12536;6.18014;6.23491;6.27803;6.3095;6.3293;6.38601;6.47962;6.62178;6.8125;7.05177;7.24369;7.38825;7.48546;7.53532;7.53782;7.51457;7.46557;7.39081;7.2903;7.16404;7.03777;6.91151;6.75881;6.5797;6.47534;6.44575;6.49092;6.63728;6.88482;7.12714;7.36424;7.59611;7.82276;8.01286;8.17163;8.29908;8.3952;8.44106;8.46798;8.45796;8.41101;8.32713;8.22526;8.1054;7.98554;7.86567;7.74581;7.64243;7.55553;7.4851;7.43116;7.39369;7.35622;7.31876;7.28129;7.27004;7.285;7.32618;7.39356;7.48716;7.58077;7.67437;7.76797;7.89744;8.0628;8.26403;8.50113;8.77412;9.03313;9.27816;9.50922;9.72631;9.92942;10.1325;10.3356;10.5388;10.6522;10.6759;10.7025;10.7318;10.764;10.8886;11.1057;11.3229;11.54;11.761;11.986;12.2148;12.4453;12.6774;12.9073;13.1349;13.3602;13.5855;13.8108;14.0361;14.2653;14.4982;14.735;14.9755;15.2199;15.4643;15.7086;15.8867;15.9983;16.0437;16.0227;15.9354;15.848;15.7607;15.6733;15.5772;15.4722;15.3584;15.2358;15.1043;14.9729;14.8414;14.71;14.6232;14.5812;14.5839;14.6314;14.7235;14.8157;14.9078;15",0.236188,"0;0.1;0.9"
1.12143,0.241869,0.637586,"1;1.24843;1.49686;1.74528;1.99371;2.24214;2.49057;2.73922;2.98811;3.23722;3.48656;3.73613;3.98569;4.23526;4.48483;4.69678;4.8711;5.00781;5.10689;5.16835;5.22981;5.29127;5.35274;5.35702;5.30412;5.19405;5.0268;4.80236;4.57793;4.3535;4.16229;4.0043;3.87953;3.78799;3.72966;3.67133;3.61301;3.55468;3.56283;3.63744;3.77853;3.9861;4.26013;4.53416;4.8082;5.08317;5.35907;5.63591;5.91369;6.1924;6.47112;6.74983;6.95456;7.08531;7.14208;7.12487;7.03368;6.94249;6.8647;6.80031;6.74932;6.71172;6.68754;6.66335;6.65063;6.6494;6.65963;6.7232;6.8401;6.99886;7.19946;7.44192;7.68438;7.92684;8.16742;8.40611;8.64577;8.88642;9.12804;9.37253;9.56092;9.69036;9.76085;9.77238;9.72496;9.67754;9.63012;9.63626;9.69597;9.80924;9.97606;10.1323;10.2245;10.2525;10.2654;10.2631;10.3097;10.4053;10.5499;10.6944;10.839;11.0097;11.2067;11.4299;11.6794;11.955;12.2306;12.5063;12.7632;13.0015;13.2211;13.4221;13.6044;13.7867;13.9689;14.1451;14.315;14.4789;14.6365;14.788;14.9395;15.091;15.2425;15.4192;15.621;15.848;16.1002;16.3775;16.6548;16.9322;17.1331;17.2578;17.3061;17.3322;17.336;17.3938;17.5057;17.6717;17.8377;18.0036;18.1685;18.3324;18.4898;18.6408;18.7853;18.9243;19.058;19.1916;19.3252;19.4886;19.6817;19.9045;20.157;20.4392;20.7214;20.8979;20.9687;20.9338;20.7932;20.5468;20.3005;20.0541;19.8285;19.6237;19.4396;19.2763;19.1337;18.9435;18.785;18.6581;18.5628;18.4991;18.5147;18.5302;18.5458;18.5613;18.5585;18.5374;18.4978;18.4399;18.3637;18.2874;18.2443;18.2343;18.2574;18.3136;18.4029;18.4922;18.6034;18.7363;18.8911;19.0676;19.2659;19.4643;19.6626;19.884;20.1285;20.3959;20.6864;21","15;14.972;14.944;14.916;14.888;14.86;14.832;14.8126;14.8017;14.7993;14.8054;14.8201;14.8348;14.8495;14.8642;14.9244;15.0302;15.1814;15.3782;15.6206;15.8629;16.1052;16.3475;16.5768;16.7929;16.9959;17.1858;17.3626;17.5395;17.7163;17.9063;18.1097;18.3263;18.5561;18.7992;19.0423;19.2854;19.5285;19.7313;19.8937;20.0157;20.0974;20.1388;20.1802;20.2215;20.2662;20.3143;20.3657;20.4204;20.4785;20.5366;20.5946;20.6899;20.8223;20.9919;21.1987;21.4427;21.6867;21.9327;22.1807;22.4308;22.683;22.9372;23.1914;23.3354;23.3694;23.2932;23.1945;23.0735;23.0402;23.0945;23.2366;23.3786;23.5207;23.6265;23.696;23.7489;23.7852;23.805;23.8445;23.8429;23.7805;23.6573;23.4733;23.2285;22.9837;22.7389;22.5601;22.4473;22.4005;22.4198;22.4472;22.4168;22.3285;22.267;22.2322;22.282;22.4163;22.6353;22.8542;23.0732;23.2634;23.4248;23.5576;23.6615;23.7367;23.812;23.8872;23.9033;23.8605;23.7586;23.5976;23.3776;23.1576;22.9375;22.8013;22.7488;22.7802;22.8952;23.0941;23.293;23.4918;23.6907;23.836;23.9279;23.9662;23.9509;23.8822;23.8135;23.7447;23.6464;23.5185;23.3611;23.1728;22.9537;22.7333;22.5117;22.2888;22.0659;21.8429;21.716;21.685;21.652;21.617;21.58;21.4451;21.2121;20.9792;20.7462;20.5524;20.3977;20.2821;20.2057;20.1684;20.131;20.082;20.0213;19.9488;19.8647;19.7688;19.673;19.5771;19.4525;19.2991;19.117;18.9061;18.6665;18.4665;18.2654;18.0634;17.8604;17.6563;17.4116;17.1668;16.9221;16.6774;16.4336;16.1909;15.9492;15.7085;15.4688;15.2291;14.992;14.7575;14.5255;14.2961;14.0693;13.8425;13.7022;13.6484;13.681;13.8002;14.0058;14.2115;14.4171;14.5931;14.7393;14.8559;14.9428;15",0.591419,"0;0.116667;0.883333"
1.52478,0.0763075,1.80603,"1;1.30909;1.61818;1.92726;2.23635;2.4545;2.58171;2.61799;2.56332;2.41772;2.27211;2.21323;2.24108;2.35566;2.55696;2.84499;3.13302;3.35806;3.5201;3.61915;3.6552;3.62826;3.60131;3.64475;3.75858;3.94278;4.19737;4.52234;4.84731;5.16998;5.49035;5.80841;6.12418;6.35871;6.51432;6.59101;6.58877;6.50761;6.51492;6.61069;6.79492;7.06763;7.4288;7.75504;8.04636;8.22031;8.2769;8.21613;8.07291;7.84726;7.6216;7.38825;7.14719;6.89842;6.64195;6.37778;6.11361;5.88499;5.69193;5.53442;5.41247;5.32607;5.23967;5.16398;5.09899;5.0447;5.00112;4.96824;4.93537;4.9586;5.03795;5.17341;5.36499;5.61268;5.86037;6.10276;6.33985;6.57165;6.79815;7.01935;7.25674;7.51032;7.7801;8.06606;8.36821;8.66232;8.94838;9.22001;9.4772;9.71996;9.95632;10.1863;10.4388;10.7139;11.0115;11.3317;11.6387;11.91;12.1455;12.3782;12.608;12.8708;13.1665;13.4951;13.8015;14.0859;14.3481;14.5882;14.8061;15.0043;15.1828;15.3415;15.4901;15.6286;15.7767;15.9345;16.1161;16.3119;16.5219;16.746;16.9843;17.0763;17.1759;17.283;17.3976;17.5196;17.7954;18.0712;18.3561;18.6501;18.9533;19.2656;19.5871;19.9086;20.2273;20.5433;20.8565;21.167;21.4747;21.7824;22.095;22.4127;22.7353;23.0628;23.3954;23.7279;23.9206;23.9734;23.8863;23.7381;23.5288;23.3981;23.3461;23.3728;23.3995;23.4788;23.6106;23.7949;24.0322;24.3225;24.6133;24.9045;25.1962;25.4879;25.7325;25.9301;26.0807;26.1843;26.1537;26.0358;25.8307;25.5384;25.1589;24.8414;24.5859;24.3925;24.2611;24.1918;24.1466;24.1256;24.1288;24.1562;24.2078;24.2666;24.3326;24.4058;24.4862;24.5739;24.5636;24.4552;24.2488;23.9709;23.6216;23.2921;22.9824;22.6925;22.3957;21.9952;21.7887;21","15;15.1248;15.2496;15.3744;15.4992;15.659;15.8538;16.0837;16.3485;16.6484;16.9482;17.2197;17.4629;17.6776;17.8641;18.0221;18.1802;18.3731;18.6009;18.8634;19.1608;19.4931;19.8253;20.1055;20.3335;20.5095;20.6334;20.7052;20.7769;20.8655;20.9709;21.093;21.2319;21.4184;21.6356;21.8836;22.1624;22.4719;22.7222;22.9134;23.0454;23.1183;23.132;23.0739;22.944;22.8604;22.8231;22.8321;22.9593;23.2046;23.45;23.6869;23.9154;24.1355;24.3472;24.5505;24.7538;24.9808;25.2315;25.506;25.8042;26.1262;26.4481;26.772;27.0979;27.4257;27.7554;28.0871;28.4188;28.7288;29.0171;29.2836;29.5284;29.7515;29.9745;30.2054;30.4442;30.6907;30.9451;31.2073;31.4529;31.6816;31.8937;32.089;32.2676;32.4292;32.5738;32.6314;32.602;32.4856;32.2992;32.0428;31.8294;31.659;31.5315;31.447;31.3439;31.1792;30.953;30.6946;30.4039;30.1426;29.9105;29.7077;29.4876;29.25;28.995;28.7227;28.433;28.1261;27.8022;27.4611;27.1261;26.797;26.4911;26.2083;25.9547;25.7073;25.466;25.2309;25.002;24.8497;24.7806;24.7948;24.8922;25.0729;25.2602;25.4474;25.6148;25.7624;25.8902;25.9981;26.0863;26.1744;26.2705;26.3747;26.4868;26.607;26.7351;26.8633;26.9612;27.0289;27.0663;27.0734;27.0503;27.0272;27.0039;26.9805;26.9569;26.8715;26.7242;26.5153;26.2447;25.9125;25.5802;25.2643;24.9647;24.6814;24.4324;24.2175;24.0204;23.8412;23.6798;23.5185;23.3203;23.0852;22.8133;22.5045;22.2028;21.9449;21.7308;21.5606;21.4343;21.2632;21.0473;20.7867;20.4814;20.1313;19.7773;19.4194;19.0576;18.692;18.3224;17.9611;17.608;17.2633;16.9267;16.5985;16.3117;16.0664;15.8625;15.6759;15.5066;15.3396;15.1751;15.013;14.8775;14.8584;14.6598;15",1.5754,"0;0.133333;0.866667"
0.943249,0.29826,0.492226,"1;1.02105;1.0421;1.06314;1.08419;1.10524;1.12629;1.14734;1.16838;1.22502;1.31725;1.44507;1.60848;1.80747;2.00647;2.20547;2.40447;2.60346;2.80246;2.9958;3.18347;3.36548;3.54182;3.71251;3.88319;4.05388;4.22456;4.39525;4.56593;4.69297;4.77636;4.81611;4.81221;4.76467;4.71713;4.66958;4.67694;4.73921;4.83416;4.9618;5.12212;5.26022;5.37611;5.492;5.60788;5.72377;5.83965;5.95554;6.07379;6.19441;6.31739;6.44274;6.57046;6.69817;6.82589;6.9536;7.07087;7.17769;7.27406;7.35998;7.43545;7.51092;7.58639;7.66187;7.73734;7.81281;7.86971;7.90804;7.92779;7.92897;7.91158;7.89419;7.8768;7.85941;7.84202;7.82463;7.84833;7.9131;8.01897;8.16591;8.35394;8.54197;8.73;8.91803;9.10607;9.2941;9.48671;9.68392;9.88572;10.0921;10.3031;10.514;10.725;10.936;11.1383;11.3319;11.5168;11.693;11.8605;12.028;12.1956;12.3631;12.5306;12.6637;12.7623;12.8264;12.856;12.8512;12.8464;12.8416;12.8368;12.8631;12.9207;13.0094;13.1294;13.2805;13.4316;13.5827;13.7338;13.8933;14.061;14.2371;14.4214;14.6141;14.8068;14.9995;15.1921;15.3848;15.5588;15.7141;15.8507;15.9687;16.0679;16.1672;16.2664;16.3657;16.4649;16.5322;16.5675;16.5709;16.5422;16.4816;16.421;16.4111;16.4521;16.5438;16.6863;16.8796;17.0729;17.2662;17.4596;17.6529;17.8518;18.0565;18.2669;18.4829;18.7047;18.9264;19.1481;19.3699;19.5916;19.7781;19.9293;20.0454;20.1261;20.1717;20.2172;20.2628;20.3083;20.3539;20.3994;20.4555;20.5222;20.5995;20.6873;20.7857;20.884;20.9824;21.0808;21.1792;21.2805;21.3846;21.4917;21.6016;21.7144;21.8272;21.94;22.0528;22.1656;22.2784;22.3311;22.3236;22.2559;22.128;21.94;21.752;21.564;21.376;21.188;21","15;15.1989;15.3978;15.5967;15.7956;15.9944;16.1933;16.3922;16.5911;16.7462;16.8576;16.9251;16.9489;16.9289;16.9089;16.8889;16.8689;16.8489;16.8289;16.792;16.7383;16.6678;16.5804;16.4762;16.3719;16.2677;16.1634;16.0592;15.9549;15.9133;15.9342;16.0178;16.1639;16.3727;16.5814;16.7902;16.9495;17.0593;17.1598;17.2511;17.3329;17.4549;17.617;17.7791;17.9412;18.1033;18.2654;18.4276;18.5891;18.7501;18.9104;19.0703;19.2295;19.3887;19.548;19.7072;19.8717;20.0413;20.2161;20.3962;20.5814;20.7666;20.9518;21.137;21.3222;21.5074;21.6954;21.8863;22.0799;22.2763;22.4756;22.6748;22.8741;23.0733;23.2726;23.4718;23.6448;23.7916;23.9122;24.0066;24.0747;24.1429;24.211;24.2792;24.3473;24.4155;24.4654;24.4971;24.5105;24.5057;24.4827;24.4597;24.4367;24.4137;24.3706;24.3076;24.2246;24.1216;23.9986;23.8756;23.7525;23.6295;23.5065;23.3667;23.2101;23.0367;22.8465;22.6395;22.4325;22.2255;22.0185;21.8212;21.6335;21.4554;21.287;21.1283;20.9695;20.8108;20.652;20.5398;20.474;20.4548;20.482;20.5558;20.6295;20.7033;20.777;20.8508;20.8745;20.8482;20.7718;20.6454;20.469;20.2926;20.1161;19.9397;19.7632;19.5842;19.4024;19.2181;19.031;18.8414;18.6517;18.5219;18.4519;18.4418;18.4916;18.6012;18.7108;18.8204;18.93;19.0396;19.1244;19.1842;19.2192;19.2293;19.2146;19.1998;19.185;19.1703;19.1555;19.1047;19.018;18.8952;18.7365;18.5417;18.347;18.1522;17.9575;17.7628;17.568;17.3724;17.1758;16.9784;16.78;16.5808;16.3815;16.1822;15.983;15.7837;15.5913;15.4057;15.2269;15.0549;14.8898;14.7246;14.5595;14.3943;14.2292;14.064;13.9636;13.9278;13.9567;14.0503;14.2086;14.3669;14.5251;14.6834;14.8417;15",0.463131,"0;0.15;0.85"
1.27616,0.315556,0.901072,"1;1.19844;1.39689;1.59533;1.79378;1.99222;2.20872;2.44328;2.69588;2.96655;3.22956;3.46687;3.67848;3.86438;4.01103;4.14413;4.26367;4.36966;4.4621;4.55453;4.64697;4.69278;4.69195;4.66741;4.61917;4.54723;4.49821;4.47211;4.44602;4.46994;4.54389;4.66785;4.84183;5.06583;5.28983;5.52358;5.76708;6.02033;6.28332;6.55607;6.82882;7.10157;7.37775;7.65739;7.94046;8.22924;8.52372;8.82047;9.11948;9.42076;9.72204;9.92183;10.0283;10.0414;9.9611;9.78749;9.64531;9.52643;9.43085;9.35858;9.3096;9.26063;9.21166;9.14799;9.0696;8.97651;8.86871;8.74621;8.62371;8.5012;8.42615;8.39854;8.41838;8.48567;8.60041;8.71514;8.82988;8.97706;9.15669;9.36877;9.61329;9.89026;10.1672;10.4442;10.6964;10.9238;11.1265;11.3044;11.4575;11.6106;11.7638;11.9277;12.1025;12.2881;12.4845;12.6917;12.899;13.1062;13.3098;13.5098;13.7062;13.8989;14.0881;14.294;14.5167;14.7562;15.0126;15.2857;15.5589;15.769;15.9162;16.0003;16.0215;15.9796;15.9405;15.9042;15.8705;15.8397;15.8115;15.7602;15.6858;15.5882;15.4674;15.3235;15.2322;15.1934;15.2073;15.2738;15.3928;15.5118;15.6309;15.7177;15.7724;15.7949;15.7852;15.7051;15.5869;15.4305;15.236;15.0033;14.7706;14.5863;14.4504;14.363;14.3695;14.4701;14.6163;14.8082;15.0457;15.2832;15.4764;15.6253;15.7298;15.7899;15.8353;15.9103;16.0148;16.1503;16.3168;16.4848;16.6542;16.825;16.9959;17.1667;17.309;17.4226;17.5077;17.5642;17.5921;17.62;17.6479;17.717;17.8272;17.9786;18.1712;18.4049;18.6387;18.8724;19.1157;19.3687;19.6312;19.9034;20.1852;20.4669;20.7487;20.929;21.0078;20.9851;20.8609;20.6352;20.4096;20.1839;20.0486;20.0038;20.0493;20.1852;20.4116;20.6198;20.8642;21","15;15.2056;15.4111;15.6167;15.8222;16.0278;16.1934;16.319;16.4047;16.4504;16.5005;16.5949;16.7337;16.9168;17.1528;17.3974;17.6506;17.9124;18.1827;18.4531;18.7234;18.9876;19.2455;19.5035;19.7617;20.0199;20.2844;20.5552;20.8259;21.0775;21.3099;21.523;21.717;21.8917;22.0664;22.2174;22.3448;22.4484;22.5283;22.5846;22.6409;22.6971;22.7107;22.6815;22.6097;22.518;22.4066;22.3181;22.2526;22.2099;22.1673;22.1721;22.1447;22.0851;21.9932;21.8692;21.7626;21.7529;21.8404;22.0248;22.3063;22.5878;22.8693;23.1461;23.4182;23.6857;23.9485;24.2066;24.4647;24.7229;24.9817;25.2412;25.5015;25.7624;26.0241;26.2857;26.5474;26.7427;26.8716;26.9342;26.9304;26.8603;26.7901;26.72;26.6161;26.4787;26.3075;26.1027;25.8642;25.6258;25.3873;25.2359;25.1714;25.1941;25.3037;25.5004;25.6971;25.8938;26.1;26.3158;26.5411;26.7761;27.0205;27.2163;27.3634;27.4619;27.5117;27.5128;27.5139;27.4521;27.3273;27.1395;26.8887;26.575;26.2718;25.9791;25.6969;25.4253;25.1642;24.8999;24.6325;24.362;24.0884;23.8116;23.5405;23.275;23.0152;22.761;22.5125;22.2639;22.0154;21.7567;21.4879;21.209;20.92;20.6496;20.4081;20.1953;20.0113;19.8561;19.7009;19.6253;19.6294;19.713;19.7894;19.8586;19.8408;19.7362;19.5448;19.3533;19.1489;18.9317;18.7016;18.4586;18.1964;17.928;17.6532;17.3839;17.1199;16.8676;16.6269;16.3979;16.1689;15.9399;15.6998;15.4486;15.1864;14.9131;14.6288;14.3445;14.0601;13.7998;13.5634;13.3511;13.1628;12.9984;12.8341;12.6698;12.5289;12.4113;12.3172;12.2465;12.1991;12.1518;12.1044;12.0992;12.1362;12.2152;12.3364;12.4997;12.6631;12.8264;13.023;13.253;13.5162;13.8127;14.1425;14.4459;14.8021;15",0.803486,"0;0.166667;0.833333"
0.975977,0.138291,0.71248,"1;1.22214;1.44428;1.66643;1.88857;2.11071;2.33285;2.55499;2.7347;2.87197;2.9668;3.0192;3.02916;3.03912;3.04908;3.05904;3.069;3.07847;3.08746;3.09595;3.10395;3.11146;3.11897;3.12648;3.13399;3.1415;3.18957;3.2782;3.40738;3.57712;3.78742;3.99772;4.20802;4.41832;4.62862;4.79541;4.91871;4.9985;5.03479;5.02757;5.02036;5.01314;5.00593;4.99872;4.9915;4.99778;5.01755;5.05081;5.09756;5.1578;5.21804;5.27828;5.33852;5.39876;5.45247;5.49966;5.54033;5.57447;5.60209;5.62971;5.65732;5.68494;5.71256;5.74018;5.80436;5.90512;6.04244;6.21634;6.4268;6.63726;6.84772;7.05819;7.26865;7.47428;7.67509;7.87107;8.06222;8.24854;8.43487;8.62119;8.80752;8.99384;9.18016;9.37034;9.56437;9.76225;9.96399;10.1696;10.3752;10.5808;10.7559;10.9007;11.0151;11.099;11.1526;11.2061;11.2596;11.3132;11.3835;11.4706;11.5744;11.695;11.8324;11.9698;12.1072;12.2446;12.382;12.4563;12.4674;12.4154;12.3002;12.1219;11.9437;11.7654;11.5871;11.4088;11.311;11.2936;11.3568;11.4975;11.7159;11.9314;12.1441;12.3539;12.5638;12.7736;12.9834;13.1749;13.3479;13.5026;13.6389;13.7568;13.8747;13.9926;14.1105;14.2286;14.3469;14.4653;14.5839;14.7027;14.8214;14.9402;15.059;15.1769;15.2939;15.41;15.5252;15.6396;15.7539;15.8683;15.948;15.9933;16.004;15.9801;15.9216;15.8632;15.8524;15.8893;15.9739;16.1061;16.2859;16.4658;16.6456;16.8255;17.0054;17.1749;17.3343;17.4833;17.622;17.7505;17.879;18.0075;18.1359;18.2644;18.3929;18.5214;18.6498;18.7783;18.9068;19.0353;19.1637;19.2922;19.4207;19.5492;19.6776;19.8226;19.984;20.162;20.3564;20.5673;20.7783;20.9892;21.2001;21.411;21.5381;21.5814;21.5408;21.4164;21.2082;21","15;15.006;15.0119;15.0179;15.0239;15.0299;15.0358;15.0418;15.091;15.1834;15.319;15.4978;15.7198;15.9417;16.1637;16.3857;16.6077;16.8298;17.0518;17.2739;17.4959;17.718;17.9401;18.1622;18.3843;18.6064;18.7984;18.9604;19.0924;19.1942;19.266;19.3379;19.4097;19.4815;19.5533;19.6507;19.7738;19.9224;20.0967;20.2965;20.4964;20.6963;20.8961;21.096;21.2959;21.4986;21.704;21.9123;22.1234;22.3373;22.5512;22.7651;22.979;23.1929;23.4037;23.6112;23.8157;24.0169;24.215;24.4131;24.6112;24.8092;25.0073;25.2054;25.3781;25.5255;25.6476;25.7442;25.8156;25.8869;25.9582;26.0296;26.1009;26.1725;26.2444;26.3165;26.3889;26.4616;26.5343;26.607;26.6797;26.7524;26.8251;26.8961;26.9656;27.0334;27.0995;27.1641;27.2286;27.2932;27.3032;27.2585;27.1593;27.0054;26.797;26.5885;26.3801;26.1716;25.9737;25.7862;25.6092;25.4427;25.2867;25.1307;24.9747;24.8186;24.6626;24.5126;24.3686;24.2306;24.0987;23.9727;23.8468;23.7208;23.5948;23.4689;23.3491;23.2355;23.1281;23.0354;22.9576;22.8884;22.8278;22.7759;22.7239;22.672;22.62;22.6151;22.6571;22.7462;22.8822;23.0653;23.2483;23.4314;23.6144;23.7268;23.7685;23.7396;23.6399;23.4696;23.2993;23.129;22.9586;22.7866;22.613;22.4376;22.2606;22.0819;21.9032;21.7245;21.5423;21.3566;21.1674;20.9747;20.7786;20.5824;20.4065;20.2508;20.1155;20.0004;19.9056;19.8108;19.7159;19.6211;19.5263;19.4198;19.3016;19.1717;19.0301;18.8768;18.7236;18.5703;18.417;18.2637;18.1105;17.9572;17.8039;17.6506;17.4973;17.3441;17.1908;17.0375;16.8842;16.7309;16.5777;16.4411;16.3211;16.2178;16.1312;16.0612;15.9913;15.9213;15.8514;15.7814;15.6934;15.5872;15.463;15.3207;15.1604;15",0.607212,"0;0.183333;0.816667"
0.92124,0.317832,0.194812,"1;1.15419;1.30837;1.46256;1.61675;1.77093;1.92512;2.07931;2.23349;2.36479;2.4732;2.55871;2.62133;2.66106;2.7008;2.74053;2.78026;2.81999;2.85972;2.88169;2.88589;2.87233;2.84099;2.7919;2.7428;2.6937;2.6446;2.60415;2.57234;2.54918;2.53466;2.52878;2.5229;2.51703;2.51115;2.50527;2.4994;2.51978;2.56642;2.63931;2.73846;2.86387;2.98928;3.11469;3.2401;3.36551;3.49092;3.6181;3.74704;3.87776;4.01025;4.14451;4.27876;4.41894;4.56504;4.71706;4.875;5.03886;5.20272;5.36658;5.53044;5.6943;5.86548;6.04398;6.2298;6.42294;6.6234;6.82386;7.02432;7.22478;7.42524;7.62255;7.81671;8.00772;8.19558;8.38029;8.565;8.74971;8.93567;9.1229;9.31139;9.45831;9.56368;9.62622;9.64594;9.62284;9.59974;9.57664;9.59886;9.6664;9.77926;9.93745;10.1409;10.3445;10.548;10.7515;10.955;11.1462;11.3251;11.4918;11.6462;11.7882;11.9303;12.0724;12.215;12.358;12.5015;12.6454;12.7898;12.9425;13.1035;13.2729;13.4505;13.6365;13.8225;14.0085;14.1945;14.3805;14.5569;14.7239;14.8813;15.0292;15.1675;15.3059;15.4443;15.5676;15.6759;15.7693;15.8476;15.9109;15.9797;16.0539;16.1337;16.2189;16.3096;16.4003;16.491;16.5817;16.6724;16.7797;16.9037;17.0443;17.2015;17.3754;17.5492;17.7231;17.897;18.0708;18.2447;18.4011;18.5399;18.6612;18.765;18.8513;18.9376;19.0239;19.1102;19.1965;19.2828;19.3426;19.376;19.3828;19.3631;19.3169;19.2708;19.2246;19.1784;19.1322;19.0861;19.0828;19.1225;19.2051;19.3307;19.4992;19.6677;19.8362;20.0046;20.1731;20.3416;20.4831;20.5977;20.6854;20.746;20.7797;20.8135;20.8472;20.8809;20.9146;20.9483;20.982;21.0078;21.0255;21.0353;21.0371;21.0309;21.0247;21.0186;21.0124;21.0062;21","15;14.8726;14.7452;14.6179;14.4905;14.3631;14.2357;14.1083;13.9809;13.8398;13.685;13.5164;13.3341;13.1381;12.9421;12.7461;12.5501;12.3541;12.1581;11.9614;11.7641;11.5662;11.3676;11.1684;10.9692;10.7701;10.5709;10.3715;10.172;9.9724;9.77263;9.57272;9.37281;9.17289;8.97298;8.77307;8.57315;8.38206;8.19979;8.02635;7.86173;7.70593;7.55014;7.39434;7.23854;7.08275;6.92695;6.828;6.7859;6.80065;6.87225;7.0007;7.12915;7.25344;7.37358;7.48956;7.60138;7.70904;7.8167;7.92437;8.03203;8.13969;8.2364;8.32214;8.39692;8.46073;8.51359;8.56645;8.61931;8.67216;8.72502;8.74976;8.74637;8.71487;8.65525;8.5675;8.47976;8.39202;8.29836;8.19879;8.09331;7.96742;7.8211;7.66028;7.48496;7.29513;7.1053;6.91548;6.76058;6.64061;6.55557;6.50547;6.49029;6.47511;6.45994;6.44476;6.42958;6.44801;6.50005;6.58569;6.70494;6.85779;7.01065;7.1635;7.31797;7.47406;7.63176;7.79108;7.95201;8.0641;8.12735;8.14174;8.10729;8.024;7.9407;7.85741;7.77411;7.69082;7.65097;7.65458;7.70164;7.79216;7.92612;8.06009;8.19405;8.33825;8.49268;8.65734;8.83223;9.01736;9.20029;9.38103;9.55958;9.73593;9.91009;10.0842;10.2584;10.4326;10.6067;10.7263;10.7912;10.8016;10.7574;10.6585;10.5597;10.4608;10.362;10.2632;10.1643;10.1213;10.1342;10.2029;10.3275;10.5079;10.6883;10.8688;11.0492;11.2296;11.41;11.5933;11.7794;11.9683;12.1601;12.3547;12.5493;12.7439;12.9385;13.133;13.3276;13.5049;13.6647;13.8072;13.9324;14.0401;14.1479;14.2556;14.3634;14.4712;14.5789;14.7009;14.837;14.9873;15.1518;15.3304;15.5091;15.6878;15.8664;16.0451;16.2238;16.4024;16.5014;16.5206;16.4601;16.3198;16.0998;15.8799;15.6599;15.4399;15.22;15",0.219416,"0;0.2;0.8"
0.833327,0.182143,0.493909,"1;1.18182;1.36364;1.54545;1.72727;1.90909;2.09091;2.27273;2.45455;2.63636;2.81311;2.98479;3.1514;3.31294;3.46941;3.62588;3.78235;3.93882;4.09529;4.25176;4.39204;4.51615;4.62407;4.71582;4.79138;4.86694;4.9425;5.01806;5.09362;5.1591;5.21449;5.2598;5.29503;5.32017;5.34531;5.36739;5.38643;5.40242;5.41536;5.42525;5.43513;5.44502;5.45491;5.46479;5.47468;5.48457;5.50841;5.5462;5.59794;5.66364;5.74329;5.82294;5.90259;5.98224;6.06189;6.14154;6.24096;6.36015;6.49912;6.65786;6.83637;7.01325;7.18851;7.36213;7.53413;7.70451;7.87488;8.04525;8.21562;8.386;8.55637;8.72674;8.85824;8.95088;9.00464;9.01954;8.99556;8.99865;9.02881;9.08603;9.17031;9.28166;9.39301;9.51374;9.64383;9.78331;9.93215;10.0904;10.2486;10.4068;10.565;10.7233;10.8749;11.0201;11.1586;11.2907;11.4162;11.5417;11.6672;11.7927;11.9182;12.0437;12.1692;12.304;12.448;12.6014;12.7641;12.936;13.1079;13.2799;13.4518;13.6238;13.7957;13.9618;14.1221;14.2766;14.4252;14.568;14.7109;14.8537;14.9965;15.1327;15.2622;15.3852;15.5015;15.6111;15.7208;15.8304;15.9401;16.0497;16.1594;16.269;16.3712;16.4658;16.553;16.6326;16.7048;16.7769;16.8491;16.9224;16.997;17.0727;17.1497;17.2279;17.3061;17.3843;17.4625;17.5406;17.6188;17.697;17.7792;17.8654;17.9555;18.0496;18.1478;18.2459;18.344;18.4421;18.5403;18.6551;18.7866;18.9348;19.0998;19.2814;19.463;19.6446;19.8262;20.0078;20.1895;20.3711;20.5182;20.6309;20.7092;20.753;20.7623;20.7717;20.781;20.7903;20.7997;20.809;20.8183;20.8277;20.837;20.8463;20.8557;20.865;20.8744;20.8837;20.893;20.9024;20.9117;20.921;20.9305;20.9401;20.9499;20.9598;20.9699;20.9799;20.99;21","15;15;15;15;15;15;15;15;15;15;15.0154;15.0463;15.0925;15.1542;15.2313;15.3084;15.3855;15.4626;15.5397;15.6168;15.7123;15.8263;15.9588;16.1097;16.279;16.4483;16.6176;16.787;16.9563;17.1245;17.2917;17.4578;17.6229;17.7868;17.9508;18.117;18.2854;18.4559;18.6287;18.8037;18.9787;19.1537;19.3287;19.5037;19.6787;19.8536;20.0269;20.1985;20.3684;20.5366;20.703;20.8695;21.0359;21.2024;21.3689;21.5353;21.6571;21.7341;21.7665;21.7542;21.6971;21.6509;21.6155;21.591;21.5773;21.5744;21.5715;21.5687;21.5658;21.5629;21.56;21.5572;21.5877;21.6517;21.749;21.8798;22.044;22.2059;22.3655;22.5227;22.6777;22.8303;22.983;23.0924;23.1586;23.1816;23.1614;23.098;23.0345;22.9711;22.9076;22.8442;22.8198;22.8343;22.8879;22.9804;23.112;23.2436;23.3751;23.5067;23.6382;23.7698;23.9013;23.9999;24.0655;24.0981;24.0977;24.0643;24.0309;23.9975;23.9641;23.9307;23.8973;23.8454;23.7751;23.6863;23.5791;23.4533;23.3276;23.2019;23.0762;23.0046;22.9872;23.0239;23.1148;23.2598;23.4049;23.5499;23.6949;23.84;23.985;24.13;24.2111;24.2282;24.1814;24.0706;23.8959;23.7212;23.5465;23.3768;23.2121;23.0525;22.898;22.7484;22.5989;22.4493;22.2998;22.1502;22.0007;21.8511;21.7028;21.5557;21.4099;21.2653;21.1219;20.9785;20.8351;20.6917;20.5483;20.4319;20.3424;20.2799;20.2444;20.2359;20.2273;20.2187;20.2102;20.2016;20.1931;20.1845;20.1414;20.0636;19.9512;19.8043;19.6227;19.4411;19.2595;19.078;18.8964;18.7148;18.5332;18.3516;18.1701;17.9885;17.8069;17.6253;17.4437;17.2622;17.0806;16.899;16.7174;16.5359;16.3515;16.1644;15.9745;15.7818;15.5863;15.3909;15.1954;15",0.42636,"0;0.216667;0.783333"
0.958094,0.100978,0.639462,"1;1.0859;1.1718;1.25771;1.34361;1.42951;1.51541;1.60131;1.68721;1.75563;1.80655;1.83999;1.85593;1.85439;1.85285;1.8513;1.84976;1.84822;1.84668;1.84936;1.85628;1.86743;1.8828;1.90241;1.92201;1.94162;1.96122;1.98083;2.00043;2.05593;2.14731;2.27459;2.43775;2.63681;2.83586;3.03492;3.23397;3.43303;3.63208;3.82794;4.02059;4.21004;4.3963;4.57935;4.7624;4.94545;5.1285;5.31155;5.49461;5.67999;5.8677;6.05775;6.25013;6.44484;6.63955;6.83426;7.02897;7.22367;7.41838;7.61413;7.8109;8.00871;8.20756;8.40743;8.60731;8.80719;9.00706;9.20694;9.40681;9.59397;9.76839;9.93009;10.0791;10.2153;10.3515;10.4878;10.624;10.7603;10.8965;11.0194;11.1288;11.2249;11.3076;11.3768;11.4461;11.5154;11.5847;11.6539;11.7232;11.818;11.9382;12.084;12.2552;12.4519;12.6486;12.8454;13.0421;13.2388;13.4355;13.6329;13.8309;14.0296;14.2289;14.4288;14.6288;14.8288;15.0287;15.2287;15.4287;15.6267;15.8227;16.0168;16.2089;16.399;16.5891;16.7793;16.9694;17.1595;17.3497;17.523;17.6795;17.8191;17.9419;18.0479;18.1539;18.2599;18.3659;18.4719;18.5779;18.6919;18.8139;18.944;19.082;19.2281;19.3742;19.5202;19.6663;19.8123;19.9584;20.1152;20.2829;20.4613;20.6505;20.8505;21.0505;21.2505;21.4505;21.6505;21.8504;22.0413;22.223;22.3956;22.559;22.7133;22.8676;23.0219;23.1762;23.3305;23.4848;23.6281;23.7604;23.8817;23.992;24.0913;24.1905;24.2898;24.3891;24.4883;24.5876;24.6627;24.7135;24.7402;24.7426;24.7208;24.699;24.6772;24.6554;24.6336;24.6118;24.5546;24.462;24.3339;24.1705;23.9716;23.7727;23.5738;23.3799;23.191;23.007;22.8281;22.6541;22.4801;22.3062;22.1322;21.9582;21.7784;21.5926;21.401;21.2034;21","15;15.1806;15.3612;15.5418;15.7225;15.9031;16.0837;16.2643;16.4449;16.6294;16.8178;17.01;17.2061;17.4061;17.6061;17.8061;18.0061;18.2061;18.4061;18.6059;18.8055;19.0049;19.2041;19.4032;19.6022;19.8012;20.0003;20.1993;20.3984;20.5615;20.6887;20.7799;20.8353;20.8547;20.8741;20.8935;20.9129;20.9324;20.9518;20.9834;21.0273;21.0834;21.1518;21.2323;21.3129;21.3935;21.4741;21.5546;21.6352;21.7088;21.7754;21.8351;21.8877;21.9334;21.9791;22.0248;22.0705;22.1162;22.1619;22.1999;22.2301;22.2526;22.2674;22.2744;22.2814;22.2885;22.2955;22.3025;22.3096;22.3445;22.4072;22.4979;22.6164;22.7629;22.9093;23.0557;23.2021;23.3485;23.4949;23.6496;23.8125;23.9836;24.163;24.3506;24.5382;24.7259;24.9135;25.1011;25.2887;25.4316;25.5297;25.5831;25.5918;25.5557;25.5196;25.4836;25.4475;25.4114;25.3753;25.3473;25.3271;25.315;25.3109;25.3148;25.3186;25.3225;25.3263;25.3302;25.334;25.3247;25.3022;25.2665;25.2177;25.1556;25.0936;25.0316;24.9695;24.9075;24.8454;24.7619;24.6568;24.5303;24.3822;24.2126;24.043;23.8734;23.7038;23.5342;23.3646;23.2016;23.0451;22.8953;22.7521;22.6155;22.4789;22.3422;22.2056;22.069;21.9324;21.8227;21.74;21.6843;21.6556;21.6538;21.652;21.6502;21.6484;21.6467;21.6449;21.618;21.5661;21.489;21.3868;21.2596;21.1323;21.0051;20.8779;20.7506;20.6234;20.4868;20.341;20.186;20.0216;19.848;19.6744;19.5008;19.3271;19.1535;18.9799;18.8012;18.6175;18.4288;18.235;18.0362;17.8374;17.6386;17.4398;17.241;17.0422;16.8856;16.7711;16.6989;16.6688;16.6809;16.6931;16.7052;16.6872;16.6392;16.5611;16.4529;16.3146;16.1764;16.0381;15.8998;15.7616;15.6186;15.471;15.3187;15.1617;15",0.513816,"0;0.233333;0.766667"
0.874906,0.196298,0.484875,"1;1.19986;1.39971;1.59957;1.79942;1.99928;2.19914;2.39899;2.59885;2.76511;2.89777;2.99683;3.06229;3.09415;3.12602;3.15788;3.18975;3.22161;3.25348;3.31886;3.41776;3.55017;3.7161;3.91555;4.115;4.31444;4.51389;4.71334;4.91279;5.06475;5.16923;5.22622;5.23573;5.19776;5.15979;5.12181;5.08384;5.04586;5.00789;4.96361;4.91303;4.85615;4.79297;4.72348;4.654;4.58451;4.51503;4.44555;4.37606;4.32759;4.30014;4.29371;4.30829;4.34389;4.37949;4.42809;4.4897;4.56432;4.65194;4.75257;4.8532;4.95383;5.07351;5.21223;5.37;5.54681;5.74267;5.93853;6.13439;6.33025;6.52611;6.72197;6.90804;7.08431;7.2508;7.4075;7.5544;7.70131;7.84821;7.99512;8.14203;8.28893;8.44639;8.61441;8.79298;8.9821;9.17747;9.36852;9.55525;9.73767;9.91578;10.0939;10.272;10.4468;10.6184;10.7866;10.9516;11.1133;11.275;11.4367;11.6038;11.7764;11.9544;12.1378;12.3267;12.5156;12.7044;12.8933;13.0821;13.271;13.4385;13.5848;13.7097;13.8132;13.8955;13.9777;14.0457;14.0994;14.1388;14.1639;14.1748;14.2137;14.2807;14.3758;14.4989;14.6501;14.8012;14.9524;15.1036;15.2514;15.396;15.5372;15.6751;15.8097;15.9443;16.0846;16.2308;16.3827;16.5404;16.7038;16.8673;17.0307;17.1942;17.3327;17.4464;17.5353;17.5992;17.6383;17.6774;17.7165;17.7556;17.7946;17.8337;17.9033;18.0034;18.134;18.2951;18.4867;18.6784;18.8624;19.0389;19.2077;19.369;19.5228;19.6765;19.8302;19.9221;19.9522;19.9205;19.827;19.6717;19.5851;19.5672;19.618;19.7376;19.9259;20.1142;20.3025;20.4907;20.679;20.8673;21.0153;21.123;21.1904;21.2175;21.2043;21.1911;21.1779;21.1647;21.1515;21.1383;21.1251;21.1112;21.0967;21.0816;21.0658;21.0493;21.0329;21.0164;21","15;15.0076;15.0152;15.0228;15.0303;15.0379;15.0455;15.0531;15.0607;15.1063;15.1898;15.3113;15.4708;15.6682;15.8657;16.0631;16.2605;16.458;16.6554;16.8164;16.9408;17.0287;17.08;17.0949;17.1097;17.1246;17.1395;17.1543;17.1692;17.2203;17.3078;17.4315;17.5916;17.788;17.9843;18.1807;18.377;18.5734;18.7698;18.9644;19.1572;19.3483;19.5376;19.7251;19.9127;20.1002;20.2877;20.4753;20.6628;20.8521;21.043;21.2356;21.43;21.626;21.822;21.9496;22.0087;21.9993;21.9215;21.7752;21.6289;21.4826;21.3599;21.2606;21.185;21.1328;21.1042;21.0756;21.0469;21.0183;20.9897;20.9611;20.9653;21.0024;21.0724;21.1752;21.311;21.4467;21.5824;21.7181;21.8538;21.9895;22.0972;22.1769;22.2285;22.2522;22.2354;22.2063;22.1648;22.1109;22.0447;21.9784;21.9122;21.8802;21.8825;21.919;21.9898;22.0948;22.1998;22.3048;22.3995;22.4839;22.558;22.6218;22.6753;22.7288;22.7823;22.8358;22.8892;22.9427;23.0182;23.1158;23.2353;23.3769;23.5405;23.7041;23.7938;23.8097;23.7518;23.62;23.4144;23.2271;23.0583;22.908;22.776;22.6624;22.5488;22.4353;22.3217;22.2566;22.2399;22.2717;22.352;22.4806;22.6093;22.6988;22.7489;22.7598;22.7315;22.6639;22.5963;22.5286;22.461;22.3685;22.2511;22.1087;21.9414;21.7492;21.557;21.3648;21.1725;20.9803;20.7881;20.6247;20.4902;20.3845;20.3077;20.2597;20.2117;20.1557;20.0916;20.0196;19.9396;19.8516;19.7636;19.6756;19.5862;19.4954;19.4033;19.3098;19.215;19.1256;19.0417;18.9633;18.8904;18.823;18.7555;18.6881;18.6206;18.5532;18.4857;18.3955;18.2825;18.1467;17.9881;17.8068;17.6255;17.4441;17.2628;17.0814;16.9001;16.7188;16.5285;16.3293;16.1211;15.9041;15.678;15.452;15.226;15",0.412731,"0;0.25;0.75"
0.964145,0.36126,0.512071,"1;1.21961;1.43922;1.65882;1.87843;2.09804;2.31765;2.53725;2.72908;2.89312;3.02937;3.13784;3.21853;3.29922;3.3799;3.46059;3.54128;3.64884;3.78328;3.94459;4.13278;4.34785;4.56292;4.77798;4.99305;5.20812;5.35465;5.43266;5.44214;5.38309;5.25551;5.18418;5.1691;5.21027;5.30769;5.46135;5.61502;5.76869;5.86196;5.89483;5.8673;5.77937;5.63105;5.48273;5.3344;5.18608;5.03775;4.96276;4.96109;5.03275;5.17773;5.39605;5.61436;5.82868;6.03898;6.24528;6.44758;6.64587;6.84417;7.04246;7.22339;7.38694;7.53314;7.66196;7.77341;7.88487;8.00459;8.13256;8.2688;8.41329;8.56604;8.7188;8.87155;9.02431;9.17706;9.33663;9.50302;9.67622;9.85624;10.0431;10.2299;10.4168;10.6036;10.7904;10.9621;11.1185;11.2597;11.3858;11.4966;11.6075;11.7183;11.8291;11.94;12.0622;12.1957;12.3406;12.4968;12.6644;12.8319;12.9995;13.167;13.3346;13.5074;13.6854;13.8686;14.057;14.2506;14.4442;14.6379;14.8108;14.963;15.0946;15.2054;15.2955;15.3856;15.4757;15.5658;15.656;15.7099;15.7276;15.709;15.6543;15.5634;15.4725;15.3815;15.2906;15.1997;15.1087;15.0803;15.1142;15.2107;15.3696;15.591;15.8124;16.0138;16.1954;16.357;16.4988;16.6206;16.7424;16.8643;16.934;16.9515;16.917;16.8303;16.6914;16.5526;16.4137;16.3386;16.3271;16.3794;16.4953;16.675;16.843;16.9995;17.1445;17.2778;17.3995;17.5213;17.6431;17.7228;17.7604;17.756;17.7095;17.621;17.5325;17.4439;17.3554;17.2669;17.1784;17.1432;17.1615;17.2332;17.3583;17.5368;17.7153;17.8938;18.0722;18.2507;18.4292;18.6046;18.7769;18.946;19.1121;19.275;19.438;19.6009;19.7639;19.9268;20.0751;20.2088;20.3279;20.4323;20.5221;20.6119;20.7017;20.7915;20.8691;20.9711;21","15;14.966;14.932;14.898;14.864;14.8301;14.7961;14.7621;14.7763;14.8387;14.9494;15.1082;15.3153;15.5223;15.7294;15.9364;16.1435;16.298;16.3998;16.4491;16.4457;16.3898;16.3339;16.2779;16.222;16.166;16.1588;16.2001;16.2902;16.4289;16.6163;16.7952;16.9656;17.1275;17.2809;17.4259;17.5708;17.7158;17.8648;18.018;18.1752;18.3366;18.5021;18.6676;18.833;18.9985;19.164;19.286;19.3644;19.3993;19.3908;19.3387;19.2866;19.2457;19.2161;19.1977;19.1905;19.1946;19.1987;19.2027;19.2415;19.315;19.4232;19.5661;19.7437;19.9213;20.0899;20.2493;20.3997;20.5411;20.6734;20.8056;20.9379;21.0702;21.2025;21.3323;21.4598;21.5849;21.7076;21.8279;21.9482;22.0686;22.1889;22.3092;22.444;22.5932;22.7569;22.935;23.1276;23.3202;23.5128;23.7054;23.898;24.0813;24.2553;24.4199;24.5752;24.7212;24.8671;25.0131;25.159;25.305;25.407;25.4649;25.4789;25.4489;25.3749;25.3008;25.2268;25.1274;25.0027;24.8525;24.677;24.4761;24.2752;24.0743;23.8734;23.6726;23.4762;23.2844;23.0972;22.9145;22.7364;22.5583;22.3801;22.202;22.0239;21.8457;21.6969;21.5775;21.4873;21.4265;21.3951;21.3636;21.3038;21.2155;21.0989;20.9538;20.7804;20.6069;20.4335;20.2648;20.1009;19.9418;19.7874;19.6379;19.4883;19.3388;19.1916;19.0467;18.9042;18.7641;18.6263;18.4797;18.3244;18.1602;17.9873;17.8056;17.6239;17.4422;17.2617;17.0823;16.9041;16.7272;16.5513;16.3755;16.1997;16.0239;15.8481;15.6723;15.5136;15.372;15.2476;15.1402;15.05;14.9597;14.8695;14.7793;14.689;14.5988;14.4964;14.3818;14.2551;14.1161;13.965;13.8139;13.6628;13.5117;13.3606;13.2864;13.2891;13.3686;13.5251;13.7584;13.9917;14.225;14.4583;14.66;14.925;15",0.471855,"0;0.266667;0.733333"
0.965452,0.356989,0.514343,"1;1.1514;1.3028;1.45419;1.60559;1.75699;1.90839;2.05978;2.22135;2.39308;2.57498;2.76705;2.96928;3.17152;3.37375;3.57599;3.77822;3.97278;4.15966;4.33886;4.51038;4.67422;4.83806;5.0019;5.16574;5.32958;5.4991;5.67428;5.85514;6.04168;6.23388;6.42609;6.61829;6.8105;7.0027;7.15331;7.26232;7.32974;7.35555;7.33977;7.32399;7.30821;7.29243;7.27665;7.28604;7.3206;7.38034;7.46525;7.57533;7.68541;7.7955;7.90558;8.01566;8.14375;8.28984;8.45394;8.63603;8.83614;9.03624;9.23634;9.43645;9.63655;9.83204;10.0229;10.2092;10.3908;10.5678;10.7449;10.9219;11.0989;11.276;11.453;11.6081;11.7413;11.8525;11.9419;12.0093;12.0767;12.1442;12.2116;12.279;12.3728;12.4929;12.6394;12.8123;13.0115;13.2107;13.4099;13.6091;13.8083;14.0075;14.2048;14.4002;14.5937;14.7852;14.9749;15.1645;15.3541;15.5438;15.7334;15.8591;15.9209;15.9187;15.8525;15.7225;15.5924;15.4623;15.3323;15.2022;15.0609;14.9082;14.7443;14.5692;14.4691;14.4554;14.528;14.6716;14.8863;15.0855;15.2694;15.4344;15.596;15.7541;15.9088;16.06;16.1658;16.2262;16.2412;16.2108;16.135;16.0591;15.9833;15.9075;15.8882;15.9256;16.0195;16.17;16.3771;16.5842;16.7914;16.9985;17.2056;17.334;17.3838;17.355;17.2475;17.0886;16.957;16.8526;16.7756;16.7259;16.6761;16.6264;16.5766;16.5269;16.4865;16.4554;16.4336;16.4212;16.4181;16.415;16.4118;16.4438;16.5109;16.6132;16.7505;16.9229;17.0953;17.2678;17.4402;17.6126;17.7851;17.9632;18.1472;18.3369;18.5323;18.7335;18.9347;19.1359;19.3371;19.5383;19.7018;19.8275;19.9155;19.9658;19.9784;19.991;20.0036;20.0161;20.0287;20.0413;20.078;20.1389;20.224;20.3332;20.4665;20.5999;20.7333;20.8666;21","15;15.1627;15.3253;15.488;15.6507;15.8133;15.976;16.1387;16.2872;16.4217;16.542;16.6482;16.7403;16.8325;16.9246;17.0167;17.1088;17.2125;17.3278;17.4547;17.5932;17.7434;17.8935;18.0436;18.1938;18.3439;18.4863;18.621;18.748;18.8672;18.9788;19.0903;19.2018;19.3134;19.4249;19.5584;19.714;19.8916;20.0913;20.3129;20.5346;20.7563;20.9779;21.1996;21.4155;21.6257;21.8302;22.029;22.222;22.4151;22.6081;22.8011;22.9942;23.1679;23.3224;23.4576;23.5736;23.6702;23.7669;23.8635;23.9602;24.0568;24.1528;24.248;24.3425;24.4363;24.5293;24.6224;24.7154;24.8085;24.9016;24.9946;25.0267;24.9979;24.9081;24.7573;24.5455;24.3338;24.122;23.9103;23.6985;23.5256;23.3914;23.2961;23.2395;23.2218;23.204;23.1862;23.1685;23.1507;23.1329;23.0955;23.0386;22.9619;22.8657;22.7499;22.634;22.5182;22.4023;22.2865;22.1627;22.031;21.8913;21.7437;21.5882;21.4326;21.2771;21.1215;20.966;20.8631;20.8129;20.8153;20.8705;20.9564;21.0204;21.0626;21.0511;20.9859;20.889;20.7602;20.5984;20.4356;20.2715;20.1063;19.94;19.7664;19.5857;19.3978;19.2027;19.0004;18.7981;18.5959;18.3936;18.2295;18.1035;18.0157;17.966;17.9546;17.9431;17.9316;17.9201;17.9086;17.8986;17.8901;17.8831;17.8776;17.8345;17.7522;17.6307;17.4701;17.2703;17.0705;16.8708;16.671;16.4712;16.2713;16.0712;15.8709;15.6705;15.4699;15.2693;15.0687;14.8879;14.727;14.586;14.4648;14.3634;14.2621;14.1608;14.0594;13.9581;13.8568;13.7946;13.7715;13.7876;13.8428;13.9372;14.0315;14.1259;14.2202;14.3146;14.43;14.5664;14.7239;14.9025;15.1021;15.3017;15.5013;15.7009;15.9005;16.1001;16.2169;16.251;16.2024;16.0709;15.8567;15.6426;15.4284;15.2142;15",0.46976,"0;0.283333;0.716667"
1.09164,0.233085,0.783414,"1;1.24506;1.49013;1.73519;1.98025;2.22532;2.47038;2.67602;2.84225;2.96905;3.05643;3.10439;3.15235;3.20031;3.24827;3.28329;3.30537;3.31452;3.31073;3.294;3.27727;3.26054;3.24381;3.27766;3.36209;3.49709;3.68267;3.91883;4.15499;4.39115;4.62731;4.86483;5.1037;5.34394;5.58553;5.82849;6.07144;6.31439;6.55734;6.73573;6.84955;6.8988;6.88349;6.80361;6.72373;6.64385;6.56397;6.5042;6.46454;6.445;6.44558;6.46627;6.48695;6.50764;6.52833;6.55531;6.5886;6.62818;6.67406;6.72625;6.77843;6.83061;6.88279;6.94375;7.01348;7.09199;7.17927;7.27533;7.37139;7.46745;7.56351;7.68138;7.82107;7.98257;8.16588;8.371;8.57613;8.78126;8.98638;9.1962;9.41072;9.62993;9.85384;10.0769;10.2944;10.5064;10.7129;10.9138;11.1148;11.3157;11.5166;11.7188;11.9221;12.1267;12.3324;12.5394;12.7463;12.9533;13.1602;13.3551;13.5379;13.7087;13.8674;14.014;14.1606;14.2827;14.3801;14.4528;14.501;14.5246;14.5481;14.5717;14.5952;14.6527;14.7441;14.8695;15.0287;15.2219;15.4151;15.6083;15.7408;15.8128;15.8241;15.7747;15.7233;15.7304;15.7959;15.92;16.113;16.3163;16.53;16.7541;16.9383;17.0722;17.1558;17.1575;17.0772;16.9651;16.8213;16.6457;16.4702;16.2813;16.0792;15.8639;15.6353;15.3934;15.2055;15.0716;14.9917;14.9658;14.9939;15.0221;15.077;15.1589;15.2676;15.4032;15.5656;15.7281;15.8159;15.829;15.7676;15.7187;15.6825;15.7335;15.8718;16.0973;16.3228;16.5483;16.7738;16.9926;17.2047;17.4101;17.6203;17.8354;18.0621;18.3003;18.5501;18.7999;19.0497;19.2995;19.5195;19.7097;19.8701;20.0008;20.1016;20.2025;20.3034;20.4042;20.5064;20.6098;20.7145;20.8206;20.9279;21.0352;21.1426;21.2499;21.2893;21.2608;21.2323;21","15;14.9506;14.9011;14.8517;14.8023;14.7528;14.7034;14.7129;14.7814;14.9088;15.0952;15.3406;15.5859;15.8313;16.0767;16.3228;16.5698;16.8176;17.0663;17.3157;17.5651;17.8146;18.064;18.28;18.4624;18.6114;18.7269;18.809;18.891;18.973;19.0551;19.1325;19.2053;19.2734;19.337;19.3959;19.4549;19.5138;19.5728;19.6673;19.7974;19.9631;20.1644;20.4013;20.6382;20.8751;21.112;21.3514;21.5932;21.8374;22.0841;22.3332;22.5824;22.8315;23.0807;23.3289;23.5762;23.8225;24.0679;24.3124;24.5569;24.8014;25.0459;25.2877;25.5267;25.763;25.9965;26.2273;26.4581;26.6889;26.9198;27.0758;27.1571;27.1637;27.0955;26.9526;26.8097;26.6668;26.5239;26.4056;26.3119;26.2428;26.1984;26.1527;26.0813;25.9841;25.8612;25.7124;25.5637;25.4149;25.2662;25.1752;25.1421;25.1667;25.2492;25.3894;25.5297;25.6699;25.8102;25.9561;26.1076;26.2647;26.4274;26.5958;26.7642;26.8506;26.8552;26.7779;26.6187;26.3776;26.1365;25.8953;25.6542;25.4303;25.2237;25.0343;24.8621;24.7071;24.5521;24.3972;24.2355;24.0672;23.8922;23.7105;23.5262;23.346;23.1698;22.9978;22.8418;22.6979;22.566;22.4461;22.3037;22.1268;21.9153;21.698;21.4748;21.2802;21.1142;20.9769;20.8396;20.7105;20.5895;20.4768;20.3722;20.2759;20.1479;19.9883;19.7971;19.5743;19.3199;19.0655;18.8283;18.6084;18.4056;18.2201;18.0518;17.8835;17.7785;17.7367;17.7582;17.8097;17.8913;17.9398;17.9551;17.9372;17.9193;17.9014;17.8835;17.8913;17.9249;17.9842;18.0492;18.1197;18.1702;18.2006;18.2109;18.2211;18.2314;18.2417;18.2041;18.1188;17.9856;17.8047;17.5759;17.3472;17.1184;16.8897;16.6615;16.434;16.207;15.9806;15.7548;15.529;15.3032;15.0774;14.9342;14.8736;14.8129;15",0.618315,"0;0.3;0.7"
1.01888,0.321867,0.209941,"1;1.03093;1.06186;1.09279;1.12372;1.15465;1.18558;1.21651;1.24578;1.27338;1.29931;1.32357;1.34617;1.36877;1.39137;1.41397;1.43657;1.49542;1.59053;1.72189;1.8895;2.09337;2.29723;2.5011;2.70496;2.90041;3.08745;3.26607;3.43628;3.59807;3.75987;3.92166;4.08345;4.24525;4.41215;4.58417;4.7613;4.94355;5.1309;5.31826;5.50562;5.66368;5.79246;5.89195;5.96215;6.00306;6.04396;6.04358;6.00191;5.91895;5.7947;5.62916;5.46362;5.29808;5.13254;4.967;4.82946;4.71992;4.63838;4.58484;4.5593;4.53376;4.50822;4.48268;4.45715;4.46969;4.52032;4.60904;4.73583;4.90072;5.0656;5.23048;5.39537;5.56025;5.73291;5.91334;6.10154;6.29752;6.50128;6.70503;6.90879;7.11254;7.3163;7.52057;7.72535;7.93065;8.13647;8.3428;8.54913;8.75546;8.96179;9.16812;9.37455;9.58109;9.78772;9.99445;10.2013;10.4083;10.6152;10.8223;11.0294;11.2364;11.4435;11.6506;11.8577;12.0404;12.1988;12.3329;12.4426;12.528;12.6134;12.6988;12.7842;12.8696;12.945;13.0106;13.0662;13.1118;13.1742;13.2633;13.379;13.5215;13.6906;13.8597;14.0374;14.2237;14.4186;14.6221;14.8341;15.0461;15.2582;15.4702;15.6543;15.8106;15.9389;16.0394;16.1119;16.1845;16.2571;16.3296;16.4022;16.4262;16.4018;16.3288;16.2073;16.0585;15.9308;15.8242;15.7939;15.8399;15.941;16.0973;16.3088;16.5203;16.6894;16.8162;16.8953;16.9267;16.9103;16.8885;16.8823;16.8971;16.9329;16.9896;17.0673;17.1165;17.1373;17.1296;17.0935;17.0289;16.9643;16.8997;16.8351;16.7787;16.7303;16.6901;16.7071;16.7814;16.9047;17.0771;17.2986;17.5201;17.7416;17.9631;18.1846;18.4017;18.6146;18.8231;19.0272;19.2271;19.4269;19.6268;19.8266;20.0265;20.215;20.3923;20.5583;20.7131;20.8565;21","15;14.7799;14.5599;14.3398;14.1198;13.8997;13.6796;13.4596;13.2393;13.0189;12.7982;12.5773;12.3563;12.1352;11.9141;11.693;11.472;11.281;11.1201;10.9892;10.8885;10.8178;10.7471;10.6764;10.6057;10.5203;10.4202;10.3053;10.1757;10.0314;9.88703;9.7427;9.59838;9.45405;9.36329;9.3261;9.34248;9.41243;9.53594;9.65946;9.78297;9.83886;9.82714;9.7478;9.60084;9.38626;9.17168;8.97037;8.78232;8.60753;8.44602;8.29776;8.14951;8.00126;7.853;7.70475;7.542;7.36475;7.17299;6.96674;6.74599;6.52524;6.30449;6.08374;5.86299;5.6566;5.46455;5.28686;5.12353;4.97454;4.82556;4.67657;4.52759;4.3786;4.24168;4.11681;4.004;3.90325;3.81455;3.72586;3.63716;3.54847;3.45978;3.40373;3.38032;3.38956;3.43144;3.50596;3.58049;3.65501;3.72953;3.80406;3.89037;3.98846;4.09833;4.21998;4.34286;4.45517;4.55692;4.64811;4.72874;4.80937;4.88999;4.97062;5.05125;5.15678;5.28722;5.44257;5.62282;5.82798;6.03314;6.2383;6.44346;6.64862;6.85091;7.05033;7.24688;7.44057;7.56334;7.61808;7.60479;7.52345;7.37408;7.22472;7.10736;7.02203;6.96872;6.94742;6.95814;6.96886;6.97958;6.9903;7.03982;7.12814;7.25527;7.42119;7.62591;7.83064;8.03536;8.24008;8.44481;8.6325;8.80316;8.95678;9.09338;9.22794;9.3775;9.54206;9.70547;9.86773;10.0138;10.1438;10.2576;10.3714;10.5117;10.6785;10.862;11.0621;11.2788;11.4856;11.6847;11.886;12.0896;12.2953;12.5034;12.7109;12.9178;13.1242;13.3301;13.5355;13.7409;13.9463;14.1516;14.3688;14.5977;14.8383;15.0342;15.1855;15.2804;15.3188;15.3008;15.2828;15.2648;15.2468;15.2288;15.2339;15.2619;15.313;15.3872;15.4844;15.5816;15.6787;15.7759;15.8731;15.8975;15.8491;15.7278;15.5337;15.2669;15",0.245384,"0;0.316667;0.683333"
1.01806,0.0507529,0.90579,"1;1.15497;1.30994;1.46491;1.61988;1.77485;1.92982;2.08479;2.21616;2.32395;2.40815;2.46875;2.50576;2.54277;2.57978;2.6168;2.65381;2.68409;2.70764;2.72446;2.73455;2.73791;2.74126;2.74462;2.74798;2.75134;2.78478;2.84829;2.94189;3.06557;3.21932;3.37308;3.52684;3.68059;3.83435;3.99021;4.14818;4.30826;4.47044;4.63473;4.79902;4.96331;5.1276;5.29189;5.43796;5.56579;5.6754;5.76678;5.83993;5.91308;5.98624;6.05939;6.13254;6.20898;6.28869;6.37169;6.45797;6.54754;6.6371;6.72667;6.81623;6.90579;7.0185;7.15435;7.31335;7.49549;7.70078;7.90606;8.11135;8.31663;8.52192;8.72407;8.92309;9.11897;9.31172;9.50133;9.69095;9.88056;10.0702;10.2598;10.4265;10.5702;10.6909;10.7888;10.8636;10.9385;11.0134;11.0882;11.1631;11.259;11.3759;11.5139;11.6729;11.8529;12.0329;12.2129;12.393;12.573;12.7612;12.9576;13.1622;13.3751;13.5961;13.8171;14.0381;14.2591;14.4802;14.7003;14.9195;15.1378;15.3552;15.5718;15.7883;16.0048;16.2213;16.4378;16.6512;16.8616;17.0688;17.273;17.4741;17.6752;17.8762;18.0559;18.2141;18.3509;18.4663;18.5602;18.6541;18.748;18.842;18.9359;19.057;19.2053;19.3808;19.5835;19.8134;20.0433;20.2731;20.4904;20.695;20.887;21.0663;21.233;21.346;21.4052;21.4106;21.3623;21.2602;21.1581;21.0561;20.954;20.8519;20.76;20.6783;20.6068;20.5454;20.4943;20.4432;20.392;20.3238;20.2385;20.1361;20.0167;19.8802;19.7437;19.6072;19.4707;19.3342;19.2683;19.2731;19.3484;19.4944;19.711;19.9276;20.0912;20.2017;20.2593;20.2638;20.2152;20.1667;20.1182;20.0696;20.0694;20.1173;20.1369;20.1279;20.0906;19.9765;19.7857;19.673;19.6384;19.6817;19.8032;20.0026;20.2021;20.4016;20.6011;20.8005;21","15;15.1593;15.3185;15.4778;15.6371;15.7964;15.9556;16.1149;16.2861;16.4693;16.6645;16.8717;17.0908;17.3099;17.529;17.7481;17.9673;18.187;18.4073;18.6283;18.8499;19.0721;19.2943;19.5165;19.7387;19.9609;20.1707;20.3682;20.5534;20.7262;20.8866;21.047;21.2075;21.3679;21.5284;21.6867;21.8428;21.9967;22.1485;22.2982;22.4478;22.5974;22.7471;22.8967;23.0584;23.2321;23.4179;23.6157;23.8255;24.0353;24.2452;24.455;24.6649;24.8734;25.0806;25.2866;25.4913;25.6946;25.898;26.1014;26.3048;26.5081;26.6879;26.8439;26.9763;27.0851;27.1702;27.2553;27.3404;27.4254;27.5105;27.6018;27.6992;27.8028;27.9125;28.0284;28.1443;28.2601;28.376;28.4919;28.5428;28.5286;28.4494;28.3052;28.096;27.8867;27.6775;27.4683;27.2591;27.0656;26.888;26.7261;26.58;26.4497;26.3194;26.1891;26.0588;25.9286;25.8289;25.76;25.7217;25.7141;25.7371;25.7602;25.7833;25.8063;25.8294;25.8578;25.8917;25.9309;25.9756;26.0257;26.0757;26.1258;26.1758;26.2259;26.261;26.2812;26.2865;26.2769;26.2524;26.2278;26.2033;26.1434;26.0481;25.9175;25.7515;25.5501;25.3487;25.1473;24.9459;24.7445;24.5795;24.451;24.3589;24.3033;24.2841;24.2649;24.2457;24.2001;24.1281;24.0297;23.9049;23.7538;23.5972;23.4352;23.2679;23.0951;22.9169;22.7388;22.5606;22.3825;22.2043;22.0193;21.8276;21.6291;21.4237;21.2116;20.9995;20.7874;20.5865;20.3968;20.2183;20.0511;19.8951;19.739;19.583;19.427;19.2709;19.1323;19.0112;18.9075;18.8212;18.7524;18.6835;18.584;18.4538;18.2929;18.1014;17.8791;17.6569;17.4347;17.2124;17.0243;16.8703;16.7407;16.6356;16.5551;16.4649;16.3651;16.2562;16.138;16.0107;15.8742;15.7285;15.5828;15.4371;15.2914;15.1457;15",0.620778,"0;0.333333;0.666667"
1.77218,0.25838,0.469579,"1;0.979127;0.958253;0.93738;0.988564;1.11181;1.1804;1.19434;1.15364;0.986226;0.799964;0.721557;0.751006;0.896895;1.15922;1.43014;1.70963;2.02055;2.3543;2.71089;3.03468;3.32565;3.56099;3.80181;4.04811;4.35554;4.72409;5.16201;5.60818;6.05755;6.51014;6.96593;7.4167;7.73465;7.92479;8.10293;8.26905;8.42316;8.69306;9.07874;9.44443;9.79014;10.1159;10.4216;10.7073;10.9412;11.1233;11.2535;11.3319;11.3584;11.3778;11.3901;11.475;11.6324;11.8625;12.1722;12.5617;12.9424;13.3143;13.6775;14.0319;14.3775;14.7176;15.0522;15.3813;15.7131;16.0477;16.3907;16.742;17.1017;17.4613;17.8209;18.1996;18.5974;18.9983;19.4022;19.8092;20.2001;20.5708;20.9371;21.2992;21.6569;21.9449;22.1674;22.3246;22.4163;22.4426;22.4883;22.5534;22.6377;22.7415;22.8646;22.8854;22.8039;22.6389;22.3906;22.0588;21.7459;21.5767;21.5322;21.6126;21.6984;21.7896;21.7616;21.739;21.7217;21.8291;22.0833;22.4845;22.9079;23.3534;23.7879;24.1493;24.4374;24.7021;24.9434;25.1945;25.4954;25.8556;26.2253;26.6046;26.9935;27.3919;27.7615;28.1024;28.4144;28.6976;28.952;29.2356;29.5482;29.89;30.2609;30.6608;31.0019;31.2842;31.5075;31.6719;31.7775;31.7868;31.6997;31.5164;31.2367;30.8607;30.4721;30.0707;29.6567;29.2263;28.7795;28.475;28.3131;28.2935;28.2844;28.2858;28.1515;27.8815;27.5022;27.1492;26.8225;26.5221;26.2368;25.9401;25.6321;25.3129;25.0781;24.8382;24.5932;24.3431;24.0878;23.7605;23.4619;23.1921;22.9511;22.7049;22.4247;22.1105;21.7623;21.3995;21.056;20.732;20.3794;19.9981;19.6422;19.3118;19.0068;18.7592;18.569;18.3626;18.1402;17.9017;17.7548;17.7158;17.7848;17.9619;18.2469;18.5483;18.9127;19.3401;19.8304;20.3837;21","15;14.6005;14.2011;13.8016;13.4252;13.0717;12.7555;12.4766;12.235;12.0077;11.772;11.5134;11.2322;10.9353;10.6229;10.3178;10.0198;9.74424;9.48381;9.23852;8.97687;8.69887;8.38937;8.13673;7.94097;7.83357;7.81455;7.87355;7.92221;7.94499;7.9419;7.91293;7.86844;7.7696;7.63195;7.51526;7.41953;7.34478;7.32979;7.37459;7.35445;7.26936;7.11933;6.90436;6.62445;6.3207;5.9931;5.64167;5.26639;4.86727;4.4587;4.04067;3.68424;3.3894;3.15616;2.99396;2.90281;2.78962;2.65439;2.49713;2.31783;2.11649;1.89628;1.65718;1.39921;1.21654;1.10915;1.09593;1.17687;1.35199;1.56487;1.81551;2.07226;2.3351;2.61736;2.88128;3.12685;3.38575;3.62118;3.81983;3.98169;4.10677;4.25713;4.46957;4.74409;5.08068;5.47935;5.87123;6.25633;6.63464;7.00616;7.3709;7.70324;8.00319;8.28294;8.54252;8.7819;9.0335;9.27244;9.48653;9.67576;9.88931;10.1272;10.4142;10.6811;10.9279;11.1054;11.1988;11.208;11.2023;11.1818;11.2221;11.3667;11.6153;11.9222;12.2872;12.6348;12.9363;13.1478;13.3153;13.4387;13.5181;13.5536;13.6436;13.7883;13.9877;14.2417;14.5504;14.798;14.9847;15.1105;15.1752;15.179;15.2592;15.4158;15.6488;15.9582;16.344;16.68;16.9661;17.2024;17.3888;17.5253;17.6219;17.6786;17.6953;17.7311;17.7858;17.8974;18.0659;18.2912;18.4844;18.6453;18.7761;18.8768;19.0095;19.2043;19.4612;19.7802;20.0425;20.186;20.2108;20.1168;19.9251;19.8068;19.7617;19.7901;19.8917;19.9303;19.8535;19.6613;19.3536;19.0229;18.7846;18.6386;18.585;18.6874;18.8534;19.083;19.2986;19.5001;19.5424;19.4253;19.149;18.8163;18.4273;18.0635;17.7251;17.4119;17.1469;16.892;16.6472;16.4124;16.1877;15.9248;15.6878;15.4769;15.2919;15.133;15",0.395659,"0;0.35;0.65"
1.67467,0.129102,2.7295,"1;1.17632;1.35264;1.52895;1.65312;1.72513;1.745;1.71271;1.62826;1.57898;1.56486;1.5859;1.68326;1.85694;2.07178;2.24841;2.38682;2.44585;2.4255;2.3957;2.43581;2.54584;2.7258;2.95762;3.17139;3.41573;3.69066;3.99616;4.30309;4.61144;4.87261;5.08658;5.30187;5.56569;5.87803;6.22929;6.61949;7.00009;7.35412;7.68157;7.99206;8.28044;8.54671;8.80787;9.06389;9.3336;9.62213;9.82806;9.9514;9.99215;9.9315;9.76945;9.72292;9.79191;9.97644;10.273;10.6816;11.0867;11.4884;11.7601;11.9055;11.9244;11.9419;11.9579;12.0616;12.2527;12.5314;12.7727;13.004;13.2628;13.5491;13.8628;14.2041;14.4348;14.5549;14.5643;14.586;14.6198;14.7805;15.0681;15.4826;15.9011;16.2929;16.6537;16.9836;17.2826;17.5507;17.8414;18.1547;18.4906;18.8492;19.2303;19.6081;19.9823;20.3531;20.7205;21.0844;21.4242;21.74;22.0316;22.3138;22.5866;22.7916;22.929;22.9986;22.9859;22.9396;22.9423;22.9937;23.0189;23.0177;23.0625;23.1684;23.3356;23.62;24.0151;24.3998;24.7588;24.9626;25.0302;25.1122;25.2182;25.3479;25.6123;26.0115;26.4012;26.6984;26.9032;27.0343;27.1804;27.3417;27.5917;27.8696;28.1754;28.4203;28.6043;28.7839;29.02;29.223;29.3928;29.5295;29.5166;29.354;29.1315;28.8491;28.5265;28.2235;28.056;28.0241;28.1278;28.2305;28.3322;28.317;28.1849;27.9359;27.8019;27.7828;27.8787;28.0896;28.277;28.3259;28.2364;28.0084;27.6456;27.2865;26.9312;26.5795;26.3424;26.2162;26.0814;25.9379;25.7858;25.4863;25.0789;24.6833;24.2994;23.9271;23.6111;23.3116;23.0288;22.7626;22.513;22.3267;22.2037;22.1441;22.1478;22.2148;22.2682;22.3079;22.3339;22.3463;22.3438;22.3401;22.3352;22.2645;22.128;21.9268;21.661;21.3305;21","15;15.359;15.7181;16.0771;16.4426;16.8144;17.1926;17.5772;17.9682;18.367;18.7736;19.1881;19.591;19.9823;20.3543;20.7204;21.0807;21.4544;21.8416;22.214;22.5579;22.8735;23.1607;23.2963;23.3088;23.2657;23.1671;23.0129;22.8506;22.6803;22.4342;22.1123;21.8179;21.6266;21.5384;21.544;21.6432;21.733;21.7417;21.6693;21.5252;21.4428;21.422;21.5347;21.7807;22.0716;22.2741;22.4707;22.6615;22.8463;23.1138;23.4639;23.7432;23.9518;24.0897;24.1838;24.2342;24.3117;24.4161;24.5784;24.7715;24.9954;25.2302;25.4759;25.7232;25.9722;26.2228;26.4949;26.7634;27.0067;27.225;27.4181;27.5861;27.7771;27.9913;28.2284;28.4479;28.6498;28.7749;28.8231;28.7944;28.7296;28.7082;28.7664;28.9041;29.1214;29.4182;29.68;29.9066;30.0982;30.2546;30.3759;30.5062;30.6454;30.7935;30.9506;31.1166;31.3311;31.594;31.9053;32.2073;32.4999;32.7835;33.0583;33.3242;33.639;34.0098;34.388;34.7733;35.1687;35.5743;35.9579;36.2548;36.4652;36.5203;36.4657;36.3264;36.167;35.9562;35.7598;35.5455;35.3977;35.3164;35.2966;35.3384;35.4286;35.3989;35.2493;35.016;34.7544;34.4643;34.2297;34.0021;33.7816;33.5127;33.1955;32.8976;32.6674;32.4275;32.1779;31.9186;31.6228;31.2904;30.9989;30.7481;30.5076;30.2365;29.9848;29.7525;29.5396;29.3436;29.1645;28.9522;28.7068;28.4284;28.1571;27.8929;27.6359;27.386;27.1416;26.8957;26.6481;26.399;26.1602;25.9333;25.7184;25.5154;25.2725;24.9777;24.6759;24.3671;24.0513;23.812;23.6094;23.3987;23.1797;22.9526;22.6831;22.4111;22.1365;21.8593;21.5796;21.2873;20.9824;20.6648;20.3347;19.9919;19.6383;19.2738;18.8984;18.5121;18.1039;17.6848;17.2547;16.836;16.4286;16.0436;15.6808;15.3404;15",1.77602,"0;0.366667;0.633333"
1.07006,0.224481,0.827181,"1;1.21908;1.43815;1.65723;1.8763;2.09538;2.31446;2.53353;2.75249;2.97133;3.19004;3.40864;3.62712;3.84561;4.06409;4.28257;4.50105;4.67669;4.80951;4.8995;4.94665;4.95097;4.95529;4.95961;4.96393;4.96826;4.97178;4.97452;4.97647;4.97762;4.97798;4.97834;4.9787;4.97906;4.97942;4.9892;5.00841;5.03703;5.07508;5.12255;5.17002;5.21749;5.26496;5.31243;5.39478;5.512;5.6641;5.85107;6.07292;6.29477;6.51662;6.73847;6.96032;7.16643;7.3568;7.53142;7.6903;7.83344;7.97658;8.11972;8.26285;8.40599;8.54016;8.66535;8.78157;8.88881;8.98708;9.08535;9.18362;9.28189;9.38016;9.49348;9.62186;9.76528;9.92376;10.0973;10.2708;10.4443;10.6179;10.7972;10.9825;11.1735;11.3704;11.5731;11.7758;11.9786;12.1813;12.384;12.5871;12.7906;12.9944;13.1987;13.4033;13.6078;13.8124;14.017;14.2188;14.4178;14.6141;14.8075;14.9981;15.1888;15.3794;15.5701;15.7607;15.9272;16.0696;16.1878;16.2818;16.3517;16.4217;16.4916;16.5615;16.6642;16.7997;16.9681;17.1693;17.4033;17.6155;17.8059;17.9746;18.1215;18.2466;18.3029;18.2903;18.209;18.0588;17.8397;17.6207;17.4017;17.1826;16.9674;16.7561;16.5485;16.3448;16.1449;15.945;15.7452;15.5453;15.3637;15.2004;15.0554;14.9288;14.8204;14.7453;14.7035;14.695;14.7198;14.7779;14.836;14.8955;14.9566;15.0192;15.0832;15.1487;15.2143;15.2798;15.3718;15.4902;15.6351;15.8065;16.0043;16.2021;16.3999;16.5977;16.7135;16.8241;16.9295;17.0297;17.1248;17.2968;17.4688;17.6407;17.8127;17.9801;18.1429;18.3011;18.4547;18.6038;18.7529;18.8993;19.0431;19.1843;19.3229;19.4589;19.5949;19.7309;19.8626;19.99;20.1131;20.2319;20.3465;20.4523;20.5493;20.6376;20.7171;20.7878;20.8585;20.9293;21","15;14.9627;14.9255;14.8882;14.851;14.8137;14.7764;14.7392;14.7175;14.7114;14.7208;14.7459;14.7865;14.8271;14.8677;14.9083;14.9489;15.0258;15.1391;15.2886;15.4745;15.6967;15.9188;16.141;16.3632;16.5854;16.8076;17.0298;17.252;17.4742;17.6964;17.9186;18.1408;18.3631;18.5853;18.8065;19.0267;19.2458;19.4639;19.681;19.8981;20.1152;20.3323;20.5494;20.7205;20.8456;20.9247;20.9579;20.945;20.9322;20.9193;20.9065;20.8936;20.9173;20.9776;21.0744;21.2079;21.3778;21.5478;21.7178;21.8878;22.0578;22.2336;22.4153;22.6029;22.7964;22.9957;23.195;23.3943;23.5936;23.7929;23.9884;24.1799;24.3677;24.5515;24.7315;24.9114;25.0914;25.2714;25.4335;25.5779;25.7045;25.8133;25.9043;25.9954;26.0864;26.1774;26.2684;26.37;26.482;26.6047;26.7378;26.8815;27.0252;27.1688;27.3125;27.4503;27.5822;27.7081;27.8282;27.9424;28.0566;28.1707;28.2849;28.3991;28.4424;28.4149;28.3166;28.1474;27.9074;27.6674;27.4273;27.1873;26.9942;26.848;26.7487;26.6963;26.6908;26.6523;26.5807;26.4761;26.3384;26.1676;26.0117;25.8707;25.7446;25.6333;25.5369;25.4405;25.3441;25.2477;25.1418;25.0264;24.9016;24.7674;24.6236;24.4799;24.3362;24.1924;24.0328;23.8573;23.6659;23.4586;23.2355;23.0134;22.7923;22.5723;22.3534;22.1355;21.9176;21.6965;21.4721;21.2445;21.0136;20.7796;20.5455;20.3114;20.1043;19.9243;19.7713;19.6453;19.5463;19.4474;19.3484;19.2494;19.1191;18.9806;18.834;18.6793;18.5164;18.3768;18.2372;18.0975;17.9579;17.8861;17.8821;17.9459;18.0775;18.277;18.4764;18.6009;18.6503;18.6247;18.5241;18.3485;18.1729;17.9973;17.8112;17.6145;17.4073;17.1895;16.9612;16.7285;16.4912;16.2494;16.0031;15.7523;15.5016;15.2508;15",0.596146,"0;0.383333;0.616667"
1.25915,0.134321,0.886511,"1;1.2784;1.55679;1.83519;2.11359;2.39198;2.60778;2.76096;2.85154;2.87952;2.84489;2.81026;2.77563;2.78227;2.83017;2.91934;3.04977;3.22147;3.39317;3.56487;3.75372;3.95972;4.18287;4.42316;4.6806;4.93805;5.19549;5.45375;5.71283;5.97272;6.23343;6.49496;6.75649;7.01802;7.28126;7.5462;7.81285;8.08121;8.35127;8.62134;8.89141;9.10525;9.26288;9.36428;9.40947;9.39843;9.38739;9.37635;9.36532;9.39835;9.47545;9.59662;9.76185;9.97116;10.1805;10.3898;10.5922;10.7879;10.9767;11.1587;11.3339;11.509;11.6842;11.8594;12.051;12.2593;12.484;12.7253;12.983;13.2408;13.4986;13.7507;13.997;14.2376;14.4724;14.7015;14.9306;15.1598;15.3889;15.6046;15.8071;15.9961;16.1719;16.3343;16.4966;16.659;16.8324;17.0166;17.2119;17.4181;17.6352;17.8524;18.0695;18.2867;18.5038;18.7208;18.9378;19.1548;19.3717;19.5886;19.8055;20.0264;20.2514;20.4804;20.7134;20.9505;21.1875;21.4246;21.6616;21.8971;22.1311;22.3635;22.5944;22.8238;23.0531;23.2825;23.5125;23.743;23.9742;24.206;24.4384;24.6708;24.9032;25.1356;25.3779;25.6303;25.8925;26.1647;26.4469;26.7291;27.0113;27.2304;27.3866;27.4799;27.5101;27.4773;27.4446;27.4118;27.3791;27.3902;27.4453;27.5443;27.6348;27.717;27.7469;27.7244;27.6497;27.575;27.5003;27.492;27.5502;27.6749;27.866;28.1235;28.3811;28.6387;28.8573;29.037;29.1778;29.2796;29.3425;29.4053;29.4041;29.3388;29.2071;29.0089;28.7443;28.4774;28.2052;27.9298;27.6514;27.3699;27.0962;26.8334;26.5814;26.3403;26.1101;25.8798;25.6496;25.4194;25.1913;24.9654;24.7416;24.52;24.305;24.0945;23.8885;23.6869;23.4899;23.2928;23.0958;22.8895;22.674;22.4493;22.2155;21.9724;21.7293;21.4862;21.2431;21","15;15.0642;15.1285;15.1927;15.257;15.3212;15.4294;15.5814;15.7772;16.017;16.3006;16.5842;16.8678;17.1403;17.4019;17.6523;17.8917;18.1201;18.3485;18.5768;18.7843;18.9709;19.1366;19.2814;19.4053;19.5292;19.6532;19.7753;19.8957;20.0143;20.1311;20.2461;20.3612;20.4762;20.5869;20.6932;20.7952;20.8928;20.9861;21.0793;21.1726;21.2972;21.453;21.6402;21.8586;22.1084;22.3581;22.6079;22.8577;23.0964;23.324;23.5406;23.7461;23.9406;24.1351;24.3296;24.5209;24.7089;24.8937;25.0753;25.2537;25.4321;25.6104;25.7888;25.9561;26.1125;26.2577;26.392;26.5152;26.6384;26.7616;26.8401;26.8741;26.8633;26.8079;26.7079;26.6079;26.5078;26.4078;26.2808;26.1267;25.9456;25.7376;25.5025;25.2674;25.0323;24.8195;24.6289;24.4605;24.3144;24.1905;24.0666;23.9428;23.8189;23.757;23.7571;23.8191;23.9431;24.1291;24.315;24.501;24.6657;24.809;24.9311;25.0318;25.1112;25.1906;25.27;25.3495;25.3789;25.3584;25.288;25.1675;24.9972;24.8268;24.6564;24.5017;24.3626;24.2392;24.1314;24.0392;23.9471;23.8549;23.7628;23.6801;23.6068;23.5431;23.4888;23.4439;23.3991;23.3542;23.2688;23.1427;22.9761;22.7688;22.521;22.2731;22.0253;21.7775;21.5418;21.3183;21.107;20.8936;20.6781;20.4484;20.2045;19.9463;19.6881;19.4299;19.2013;19.0021;18.8325;18.6924;18.5818;18.4712;18.3607;18.2165;18.0388;17.8275;17.5826;17.3041;17.0257;16.8126;16.6649;16.5947;16.6018;16.6864;16.783;16.8691;16.9328;16.9741;16.993;17.0086;17.0432;17.097;17.1698;17.2617;17.3537;17.4456;17.5375;17.5918;17.6086;17.5878;17.5294;17.4136;17.278;17.1227;16.9475;16.7526;16.5577;16.3627;16.179;16.0064;15.8451;15.6949;15.5559;15.4169;15.278;15.139;15",0.585635,"0;0.4;0.6"
0.997929,0.441271,0.426256,"1;1.19802;1.39604;1.59405;1.79207;1.99009;2.18811;2.38613;2.58709;2.79101;2.99787;3.20769;3.42045;3.63321;3.84597;4.05874;4.2715;4.40827;4.46904;4.45383;4.36261;4.19541;4.0282;3.86099;3.69379;3.58319;3.5292;3.53182;3.59105;3.70689;3.82273;3.93856;4.07026;4.21781;4.38122;4.56048;4.7556;4.88701;4.95471;4.9587;4.89898;4.77555;4.71822;4.72699;4.80186;4.94282;5.14989;5.36508;5.5884;5.81983;6.05939;6.30706;6.55474;6.80241;7.05009;7.24131;7.37608;7.45439;7.52184;7.57843;7.68062;7.80799;7.96055;8.09269;8.20443;8.29577;8.3871;8.47843;8.58797;8.71573;8.86171;9.01234;9.16764;9.30938;9.43757;9.55221;9.66685;9.80034;9.95267;10.1238;10.3139;10.5242;10.7361;10.9494;11.1642;11.3804;11.5967;11.813;12.0292;12.2455;12.4671;12.694;12.9262;13.1637;13.4066;13.6494;13.8923;14.0782;14.2072;14.2792;14.2943;14.2525;14.2637;14.3279;14.4451;14.6152;14.8384;15.0616;15.2848;15.5089;15.7341;15.9602;16.1874;16.4155;16.6495;16.8895;17.1354;17.3872;17.5922;17.7447;17.8446;17.9393;18.0289;18.166;18.3505;18.5826;18.8146;19.0466;19.2787;19.4724;19.628;19.7452;19.8243;19.865;19.9058;19.899;19.8446;19.7427;19.5932;19.3961;19.199;19.0019;18.7972;18.5848;18.3649;18.1373;17.9129;17.6991;17.4961;17.3038;17.1223;16.9407;16.7591;16.5775;16.4676;16.4293;16.4334;16.4798;16.5685;16.6279;16.658;16.688;16.7181;16.7432;16.7633;16.7784;16.7886;16.7937;16.7989;16.8428;16.9255;17.0469;17.2072;17.4062;17.6052;17.8042;18.0032;18.2022;18.4027;18.6046;18.8081;19.013;19.2194;19.4258;19.6322;19.8385;20.0449;20.2336;20.4046;20.558;20.6936;20.8115;20.9295;21.0474;21.1276;21.17;21.1747;21.1416;21.0708;21","15;15.1009;15.2017;15.3026;15.4034;15.5043;15.6051;15.706;15.7738;15.8087;15.8105;15.7794;15.7153;15.6511;15.587;15.5228;15.4587;15.4384;15.4622;15.5298;15.6413;15.7968;15.9523;16.1078;16.2633;16.4267;16.5979;16.7771;16.9641;17.159;17.3539;17.5487;17.7258;17.8849;18.0261;18.1494;18.2549;18.3805;18.5263;18.6923;18.8785;19.0849;19.2669;19.4245;19.5578;19.6668;19.7514;19.8183;19.8675;19.899;19.9129;19.9091;19.9053;19.9015;19.8976;19.8507;19.7606;19.6274;19.5257;19.4554;19.4596;19.5497;19.7255;19.9126;20.1109;20.3204;20.5299;20.7394;20.8754;20.938;20.9271;20.9127;20.895;20.9473;21.0697;21.2622;21.4546;21.6157;21.7453;21.8434;21.9101;21.9282;21.9289;21.9123;21.8785;21.8274;21.7763;21.7252;21.6741;21.623;21.5798;21.5446;21.5172;21.4978;21.4862;21.4747;21.4632;21.4038;21.2967;21.1418;20.9391;20.6886;20.4718;20.2887;20.1392;20.0234;19.9413;19.8593;19.7772;19.7229;19.6966;19.6981;19.7274;19.7846;19.8266;19.8534;19.865;19.8613;19.8034;19.7064;19.5703;19.4509;19.3482;19.3011;19.3097;19.3741;19.4384;19.5027;19.567;19.5713;19.5157;19.4;19.2244;18.9888;18.7532;18.5383;18.3441;18.1706;18.0179;17.8859;17.7539;17.6219;17.5146;17.4322;17.3746;17.3418;17.3038;17.2358;17.1377;17.0095;16.8514;16.6932;16.5351;16.3769;16.2644;16.1977;16.1146;16.0154;15.8999;15.7225;15.4832;15.2439;15.0046;14.7673;14.5321;14.299;14.068;13.839;13.61;13.4466;13.3488;13.3166;13.3499;13.4488;13.5477;13.6466;13.7455;13.8443;13.9399;14.0322;14.1212;14.2069;14.2893;14.3717;14.454;14.5364;14.6188;14.7257;14.8572;15.0131;15.1936;15.3987;15.6037;15.8088;15.9119;15.913;15.8122;15.6094;15.3047;15",0.432512,"0;0.416667;0.583333"
1.11665,0.243743,0.825152,"1;1.24494;1.48988;1.73481;1.97975;2.22469;2.46963;2.71541;2.96204;3.20951;3.45784;3.707;3.95617;4.20534;4.45451;4.66237;4.82892;4.95417;5.03811;5.08075;5.12338;5.16602;5.20866;5.25587;5.30766;5.36402;5.42496;5.49047;5.55599;5.6215;5.66062;5.67335;5.65967;5.6196;5.55313;5.48666;5.42019;5.35372;5.25775;5.13228;4.97731;4.79283;4.57885;4.45773;4.42948;4.4941;4.65157;4.90192;5.10238;5.25298;5.3537;5.40454;5.40551;5.40647;5.45886;5.56267;5.71789;5.92453;6.18259;6.44065;6.69226;6.93744;7.17616;7.41325;7.64871;7.88897;8.13404;8.38393;8.63381;8.88369;9.13357;9.35491;9.54772;9.71199;9.84772;9.95491;10.0621;10.1693;10.2765;10.4117;10.5749;10.7662;10.9854;11.2327;11.48;11.7272;11.9745;12.1584;12.2788;12.3357;12.3292;12.2593;12.1894;12.1195;12.0496;12.0212;12.0344;12.0892;12.1855;12.3234;12.4613;12.5992;12.7371;12.8973;13.0798;13.2846;13.5116;13.761;14.0103;14.2597;14.509;14.7569;15.0032;15.2481;15.4914;15.7333;15.9752;16.2171;16.4589;16.6915;16.9146;17.1284;17.3329;17.528;17.7232;17.9183;18.1134;18.3195;18.5365;18.7645;19.0034;19.2533;19.5032;19.7531;20.003;20.2472;20.4857;20.7185;20.9456;21.167;21.3884;21.6099;21.8313;22.0527;22.2294;22.3613;22.4485;22.4909;22.4886;22.4863;22.4839;22.4816;22.5019;22.5448;22.6103;22.6984;22.8091;22.9199;23.0306;23.1413;23.252;23.3457;23.4427;23.543;23.6466;23.7536;23.8808;24.0081;24.1354;24.2627;24.39;24.446;24.4308;24.3444;24.1867;23.9578;23.7289;23.4999;23.271;23.0708;22.8992;22.7562;22.6419;22.5563;22.4706;22.385;22.2993;22.2137;22.1259;22.0359;21.9439;21.8497;21.7533;21.6569;21.5606;21.4642;21.36;21.2479;21.1358;21","15;14.9499;14.8999;14.8498;14.7998;14.7497;14.6997;14.6555;14.6174;14.5851;14.5588;14.5384;14.518;14.4976;14.4772;14.508;14.5898;14.7228;14.9069;15.1421;15.3773;15.6125;15.8478;16.0859;16.3269;16.5707;16.8175;17.0672;17.3168;17.5665;17.8129;18.056;18.2959;18.5324;18.7657;18.999;19.2323;19.4656;19.631;19.7284;19.7578;19.7193;19.6128;19.5339;19.4825;19.4586;19.4622;19.4934;19.5676;19.6848;19.8449;20.0481;20.2942;20.5404;20.7362;20.8815;20.9765;21.021;21.0151;21.0093;21.0133;21.0272;21.0509;21.0743;21.0973;21.1101;21.1127;21.105;21.0973;21.0896;21.0819;21.1209;21.2066;21.339;21.5182;21.744;21.9699;22.1957;22.4216;22.6096;22.7599;22.8723;22.9469;22.9837;23.0205;23.0574;23.0942;23.1716;23.2897;23.4485;23.6479;23.8879;24.1279;24.3679;24.6079;24.8417;25.0691;25.2902;25.5051;25.7136;25.9221;26.1306;26.3392;26.5024;26.6203;26.6928;26.7201;26.702;26.6839;26.6659;26.6478;26.646;26.6604;26.6912;26.7381;26.8014;26.8646;26.9278;26.9911;27.0104;26.9858;26.9173;26.805;26.6487;26.4924;26.3361;26.1798;26.0563;25.9655;25.9075;25.8823;25.8898;25.8973;25.9048;25.9124;25.9146;25.9116;25.9033;25.8897;25.8708;25.852;25.8331;25.8142;25.7954;25.7303;25.619;25.4614;25.2577;25.0077;24.7577;24.5077;24.2577;24.0192;23.7921;23.5765;23.3724;23.1797;22.987;22.7943;22.6017;22.409;22.207;22.0071;21.8093;21.6137;21.4201;21.2379;21.0558;20.8736;20.6914;20.5093;20.3435;20.194;20.0608;19.944;19.8435;19.743;19.6425;19.542;19.4206;19.2783;19.1151;18.9309;18.7259;18.5208;18.3158;18.1107;17.9057;17.6955;17.4802;17.2597;17.0342;16.8035;16.5728;16.3421;16.1114;15.8619;15.5935;15.325;15",0.573208,"0;0.433333;0.566667"
0.929875,0.25737,0.558786,"1;1.15757;1.31513;1.4727;1.63027;1.78784;1.9454;2.10297;2.26054;2.42178;2.58671;2.75532;2.9276;3.10357;3.27953;3.4555;3.63146;3.80743;3.9834;4.15474;4.32147;4.48358;4.64107;4.79395;4.88834;4.92427;4.90172;4.82069;4.68119;4.54169;4.40219;4.26269;4.18148;4.15855;4.19392;4.28757;4.43951;4.59146;4.7434;4.89534;5.04728;5.20292;5.36226;5.52528;5.69201;5.86243;6.03285;6.15991;6.24362;6.28397;6.28395;6.24356;6.20615;6.17172;6.14027;6.10883;6.07738;6.04593;6.01449;5.98304;5.98859;6.03112;6.11064;6.22716;6.38066;6.53416;6.68766;6.84117;6.99467;7.14817;7.30286;7.45874;7.61581;7.77407;7.93351;8.09295;8.2524;8.41184;8.57128;8.71677;8.84831;8.96588;9.06951;9.15918;9.24884;9.33851;9.43537;9.53943;9.65068;9.76912;9.89475;10.0204;10.146;10.2717;10.3973;10.537;10.6909;10.8589;11.0411;11.2373;11.4336;11.6298;11.8317;12.0391;12.2521;12.4644;12.676;12.8812;13.0801;13.2726;13.4652;13.6577;13.843;14.0211;14.1919;14.3556;14.5119;14.6758;14.8471;15.0259;15.2122;15.406;15.569;15.7012;15.8026;15.8732;15.913;15.9529;15.9927;16.0325;16.0724;16.0767;16.0455;15.9787;15.8933;15.7891;15.7018;15.6313;15.5775;15.4924;15.3759;15.2281;15.0488;14.8382;14.6276;14.4879;14.4191;14.4213;14.4944;14.6384;14.7824;14.9265;15.0705;15.2145;15.3183;15.382;15.4054;15.3887;15.3836;15.4304;15.529;15.6794;15.8817;16.0839;16.2862;16.4884;16.6745;16.8444;16.9982;17.1357;17.2571;17.3852;17.5203;17.6621;17.8108;17.9663;18.1218;18.2773;18.4328;18.5883;18.7438;18.9082;19.0814;19.2636;19.4547;19.6546;19.8545;20.0545;20.2544;20.4544;20.6543;20.8127;20.9296;21.0049;21.0387;21.031;21.0232;21.0155;21.0077;21","15;15.1232;15.2464;15.3695;15.4927;15.6159;15.7391;15.8622;15.9854;16.0649;16.1008;16.0931;16.0417;15.9466;15.8515;15.7565;15.6614;15.5664;15.4713;15.4276;15.4353;15.4943;15.6048;15.7666;15.9227;16.0731;16.2179;16.357;16.4904;16.6238;16.7572;16.8907;17.0281;17.1696;17.3152;17.4648;17.6184;17.772;17.9257;18.0793;18.233;18.3843;18.5333;18.6801;18.8245;18.9667;19.1089;19.2659;19.438;19.6249;19.8229;20.032;20.2372;20.4386;20.6361;20.8336;21.0311;21.2286;21.4261;21.6237;21.8073;21.9771;22.133;22.2751;22.4033;22.5315;22.6597;22.7879;22.9161;23.0443;23.1757;23.3102;23.4479;23.5888;23.7328;23.8768;24.0209;24.1649;24.3089;24.3877;24.4013;24.3498;24.233;24.051;23.869;23.687;23.576;23.5361;23.5672;23.6693;23.8424;24.0155;24.1887;24.3618;24.5349;24.6854;24.8131;24.9182;25.0005;25.0602;25.1199;25.1795;25.227;25.2623;25.2854;25.2766;25.2358;25.1753;25.0951;24.9951;24.8951;24.7951;24.6885;24.5752;24.4553;24.3288;24.1956;24.087;24.003;23.9436;23.9088;23.8986;23.8521;23.7691;23.6499;23.4943;23.3023;23.1103;22.9183;22.7264;22.5344;22.3609;22.206;22.0696;21.9284;21.7824;21.6131;21.4205;21.2046;21.0243;20.8797;20.7707;20.6973;20.6596;20.6219;20.5632;20.4836;20.3831;20.2617;20.1193;19.977;19.8346;19.6923;19.5499;19.3949;19.2274;19.0472;18.8545;18.6945;18.5799;18.5108;18.4871;18.5087;18.5304;18.5521;18.5737;18.5596;18.5098;18.4241;18.3027;18.1455;17.9946;17.85;17.7117;17.5796;17.4538;17.3281;17.2023;17.0765;16.9507;16.825;16.7253;16.6518;16.6044;16.5832;16.588;16.5929;16.5978;16.6027;16.6075;16.6124;16.57;16.4802;16.3431;16.1587;15.927;15.6952;15.4635;15.2317;15",0.423149,"0;0.45;0.55"
1.20806,0.378638,0.747604,"1;1.25812;1.51624;1.77436;2.03248;2.29059;2.54723;2.80238;3.05604;3.29464;3.51817;3.72811;3.92448;4.10726;4.29005;4.47283;4.65484;4.83608;5.01655;5.19624;5.37517;5.5477;5.71385;5.87362;6.027;6.17399;6.33694;6.51585;6.63007;6.6796;6.66445;6.56865;6.3922;6.21575;6.03931;5.92071;5.85996;5.85707;5.93013;6.07914;6.24626;6.43149;6.63482;6.83816;7.04149;7.2591;7.49098;7.73714;7.99757;8.27228;8.54699;8.8217;9.06333;9.28732;9.49367;9.64996;9.75621;9.84547;9.90233;9.88441;9.82414;9.72151;9.57653;9.38919;9.20186;9.01452;8.91718;8.90983;8.99248;9.16512;9.42776;9.6904;9.95304;10.2104;10.4626;10.7094;10.9511;11.1874;11.4127;11.6268;11.8297;12.0215;12.2022;12.3423;12.4417;12.5006;12.5188;12.4964;12.474;12.4516;12.4675;12.5219;12.6147;12.7459;12.9155;13.085;13.2546;13.4242;13.6112;13.8158;14.0378;14.2773;14.5343;14.7913;15.0483;15.279;15.4835;15.6617;15.8138;15.9395;16.0653;16.191;16.2962;16.3807;16.4447;16.488;16.5107;16.5334;16.5561;16.5788;16.5824;16.5669;16.5323;16.4786;16.4057;16.3329;16.329;16.394;16.5279;16.7306;17.0023;17.274;17.5457;17.7577;17.9099;18.0023;18.035;18.0245;18.0304;18.0527;18.0915;18.1468;18.2021;18.2574;18.297;18.321;18.3292;18.3218;18.2987;18.2508;18.1779;18.0801;17.9574;17.8097;17.6621;17.5391;17.4407;17.3669;17.3177;17.293;17.2684;17.2438;17.262;17.323;17.4268;17.5735;17.7629;17.9524;18.1419;18.3314;18.5368;18.7582;18.9955;19.2488;19.518;19.7873;20.0565;20.2806;20.4596;20.5935;20.6822;20.7258;20.7693;20.8129;20.8565;20.9406;21.0651;21.2301;21.4355;21.6814;21.9273;22.1732;22.3144;22.351;22.2828;22.11;21.8325;21.555;21.2775;21","15;14.8775;14.755;14.6325;14.51;14.3875;14.2931;14.2269;14.1888;14.2132;14.3;14.4213;14.5769;14.7668;14.9567;15.1467;15.3337;15.518;15.6994;15.878;16.0538;16.2423;16.4436;16.6578;16.8847;17.1244;17.3605;17.5931;17.8226;18.0492;18.2727;18.4969;18.7216;18.9463;19.171;19.3941;19.6155;19.8353;20.043;20.2386;20.4237;20.5985;20.7627;20.927;21.0913;21.2148;21.2975;21.3394;21.3406;21.3009;21.2613;21.2217;21.1173;20.9974;20.862;20.7812;20.7551;20.8484;21.0118;21.2357;21.45;21.6546;21.8496;22.0349;22.2201;22.4054;22.5314;22.5979;22.6051;22.553;22.4414;22.3299;22.2183;22.1545;22.1385;22.1701;22.2495;22.3767;22.5142;22.6622;22.8205;22.9893;23.1684;23.3687;23.5901;23.8327;24.0964;24.3812;24.6661;24.9509;25.2155;25.4599;25.684;25.888;26.0717;26.2554;26.4391;26.6228;26.7947;26.9549;27.1033;27.2399;27.3648;27.4896;27.6145;27.6694;27.6544;27.5695;27.4146;27.1898;26.965;26.7402;26.5106;26.2761;26.0368;25.7927;25.5437;25.2947;25.0458;24.7968;24.5433;24.2852;24.0226;23.7555;23.4837;23.212;22.977;22.7786;22.6169;22.4918;22.4034;22.315;22.2266;22.1085;21.9607;21.7832;21.576;21.3362;21.0934;20.8477;20.599;20.3474;20.0958;19.8442;19.5901;19.3335;19.0744;18.8129;18.5488;18.2929;18.045;17.8053;17.5736;17.35;17.1264;16.8905;16.6425;16.3823;16.1098;15.8252;15.5405;15.2559;14.9956;14.7595;14.5478;14.3604;14.1973;14.0342;13.8711;13.708;13.5584;13.4223;13.2997;13.1906;13.095;12.9994;12.9038;12.8765;12.9176;13.0271;13.2049;13.4511;13.6972;13.9434;14.1896;14.4156;14.6215;14.8073;14.9729;15.1184;15.2638;15.4093;15.5024;15.543;15.5311;15.4668;15.3501;15.2334;15.1167;15",0.57542,"0;0.466667;0.533333"
1.0219,0.169978,0.595306,"1;1.19284;1.38568;1.57852;1.77136;1.96419;2.15703;2.34987;2.53593;2.7152;2.88769;3.05339;3.21231;3.37124;3.53016;3.68908;3.848;3.94534;3.9811;3.95528;3.86788;3.7189;3.56992;3.42094;3.27195;3.12297;2.97942;2.84131;2.70862;2.58137;2.45955;2.33773;2.28106;2.28954;2.36318;2.50196;2.70589;2.90983;3.11376;3.31766;3.52153;3.72538;3.92919;4.13297;4.33675;4.54053;4.71545;4.86151;4.9787;5.06704;5.12651;5.18599;5.24546;5.30494;5.38779;5.49404;5.62367;5.77668;5.95308;6.12948;6.30589;6.44134;6.53584;6.58939;6.60199;6.57364;6.54529;6.51694;6.48859;6.46025;6.48191;6.5536;6.6753;6.84701;7.06874;7.29047;7.51221;7.73394;7.95804;8.18452;8.41337;8.6446;8.87819;9.11179;9.34539;9.57899;9.80495;10.0233;10.2339;10.437;10.6324;10.8278;11.0232;11.2186;11.4073;11.5894;11.7648;11.9336;12.0957;12.2579;12.42;12.5821;12.7379;12.8874;13.0306;13.1675;13.2981;13.4287;13.5593;13.6899;13.8205;13.9621;14.1149;14.2787;14.4536;14.6396;14.8256;15.0116;15.1976;15.3835;15.5546;15.7107;15.8518;15.978;16.0892;16.2004;16.3116;16.4229;16.5341;16.6653;16.8166;16.9878;17.1791;17.3903;17.6016;17.8129;18.0241;18.2354;18.4315;18.6123;18.778;18.9285;19.0638;19.1991;19.2969;19.3572;19.38;19.3654;19.3133;19.2611;19.2358;19.2373;19.2656;19.3206;19.4025;19.4844;19.5663;19.6482;19.6848;19.676;19.622;19.5226;19.3856;19.2562;19.1344;19.0203;18.9138;18.7875;18.6414;18.4756;18.2899;18.0845;17.8791;17.679;17.4842;17.2946;17.1103;16.9313;16.8314;16.8105;16.8687;17.006;17.2223;17.4386;17.6549;17.8713;18.0876;18.3039;18.5203;18.7366;18.9529;19.1693;19.3856;19.6019;19.8183;20.0346;20.2609;20.4973;20.7336;21","15;15.1104;15.2209;15.3313;15.4417;15.5522;15.6626;15.773;15.8925;16.0209;16.1582;16.3046;16.4599;16.6152;16.7706;16.9259;17.0812;17.2384;17.3976;17.5587;17.7216;17.8865;18.0514;18.2163;18.3812;18.5461;18.7145;18.8865;19.0621;19.2412;19.4238;19.6065;19.7663;19.9031;20.017;20.108;20.1761;20.2442;20.3123;20.3553;20.3732;20.3661;20.3339;20.2767;20.2194;20.1621;20.1589;20.2098;20.3146;20.4735;20.6865;20.8995;21.1124;21.3254;21.5252;21.7119;21.8856;22.0461;22.1935;22.3409;22.4883;22.6503;22.8269;23.0181;23.2239;23.4443;23.6647;23.8851;24.1055;24.3259;24.5031;24.637;24.7277;24.7751;24.7793;24.7835;24.7876;24.7918;24.7948;24.7967;24.7974;24.7969;24.7953;24.7937;24.792;24.7904;24.7641;24.7131;24.6374;24.537;24.4119;24.2868;24.1617;24.0366;23.9046;23.7657;23.6199;23.4672;23.3075;23.1479;22.9883;22.8287;22.737;22.7131;22.7572;22.8691;23.0489;23.2287;23.4085;23.5883;23.7681;23.8876;23.9468;23.9458;23.8845;23.7628;23.6412;23.5196;23.398;23.2763;23.1406;22.9906;22.8265;22.6483;22.4559;22.2636;22.0712;21.8788;21.6864;21.5187;21.3757;21.2574;21.1638;21.0949;21.026;20.957;20.8881;20.8192;20.7334;20.6308;20.5113;20.3749;20.2217;20.0684;19.9019;19.722;19.5288;19.3223;19.1025;18.8827;18.6639;18.4461;18.2294;18.0136;17.799;17.5843;17.3696;17.1549;16.9532;16.7646;16.5889;16.4263;16.2668;16.0976;15.9187;15.7299;15.5314;15.3499;15.1856;15.0383;14.9081;14.795;14.6819;14.5716;14.4641;14.3594;14.2575;14.1583;14.0891;14.05;14.0408;14.0617;14.1125;14.1633;14.2141;14.2649;14.3158;14.3666;14.4174;14.4682;14.5191;14.5699;14.6207;14.6715;14.7224;14.7732;14.8264;14.8819;14.9374;15",0.389731,"0;0.483333;0.516667"
1.42697,0.214532,1.53904,"1;1.32707;1.65414;1.9812;2.30827;2.62717;2.93789;3.24044;3.53482;3.82103;4.10723;4.37579;4.6267;4.85997;5.07558;5.27355;5.47153;5.62325;5.72872;5.78794;5.80092;5.76764;5.73437;5.77116;5.87802;6.05495;6.30194;6.5721;6.79534;6.97167;7.1011;7.22657;7.39499;7.60636;7.8607;8.06553;8.1779;8.19782;8.12528;7.96028;7.79483;7.62893;7.46256;7.29574;7.225;7.25079;7.37313;7.592;7.90742;8.22283;8.49249;8.71641;8.89457;9.02698;9.11365;9.20031;9.31603;9.4608;9.63462;9.83749;10.0694;10.3013;10.5449;10.8001;11.067;11.3455;11.6356;11.9213;12.2026;12.4795;12.7519;13.0018;13.2336;13.4472;13.6428;13.8202;13.9977;14.1374;14.2394;14.3037;14.3304;14.3193;14.3082;14.3236;14.3656;14.4342;14.5293;14.6509;14.7726;14.9362;15.1417;15.3893;15.6788;16.0102;16.3411;16.6716;17.0015;17.331;17.6631;17.9984;18.3368;18.6783;19.023;19.3616;19.6942;20.0208;20.3413;20.6558;20.9511;21.2271;21.484;21.7216;21.94;22.1584;22.3304;22.456;22.5352;22.568;22.5545;22.5409;22.5256;22.5086;22.4898;22.5027;22.5474;22.6254;22.7369;22.8817;23.0266;23.0913;23.0757;22.9796;22.803;22.5459;22.2793;22.0033;21.7182;21.435;21.1538;20.8837;20.6247;20.3772;20.1303;19.8839;19.638;19.3926;19.1472;18.8938;18.6325;18.3633;18.086;17.8008;17.5991;17.4807;17.4458;17.4943;17.6263;17.7733;17.9355;18.1128;18.3218;18.5625;18.8199;19.0774;19.3349;19.5759;19.8005;20.0085;20.1264;20.1543;20.0922;19.94;19.6977;19.4555;19.1891;19.0446;18.9854;19.0116;19.123;19.3439;19.5282;19.7125;19.901;20.0679;20.2134;20.3374;20.4399;20.5168;20.5937;20.6573;20.7078;20.7449;20.7689;20.7796;20.7903;20.801;20.8273;20.8693;20.9112;21","15;14.9357;14.8714;14.807;14.7427;14.7254;14.7552;14.832;14.9558;15.1267;15.2975;15.4845;15.6874;15.9064;16.1415;16.3926;16.6437;16.905;17.1766;17.4584;17.7505;18.0527;18.355;18.579;18.7247;18.792;18.7811;18.7747;18.8513;19.0108;19.2532;19.5523;19.8251;20.0718;20.2922;20.5057;20.7384;20.9905;21.2618;21.5524;21.8339;22.1063;22.3696;22.6238;22.8267;22.9874;23.1059;23.1822;23.2163;23.2504;23.3397;23.484;23.6835;23.9381;24.2478;24.5574;24.8465;25.1149;25.3626;25.5898;25.7963;26.0027;26.1313;26.1819;26.1546;26.0494;25.8662;25.6912;25.5242;25.3653;25.2145;25.1513;25.1676;25.2634;25.4387;25.6935;25.9483;26.2187;26.5049;26.8067;27.1241;27.4573;27.7904;28.119;28.443;28.7625;29.0774;29.3878;29.6981;29.9359;30.1013;30.1941;30.2144;30.1622;30.141;30.1509;30.1918;30.2637;30.3634;30.4599;30.5531;30.6431;30.7297;30.826;30.9319;31.0474;31.1725;31.3072;31.3735;31.3714;31.301;31.1623;30.9552;30.7481;30.5221;30.2772;30.0135;29.7308;29.4293;29.1278;28.8314;28.5401;28.2539;27.9687;27.6845;27.3963;27.1039;26.8074;26.5109;26.2282;25.9592;25.7143;25.4937;25.2972;25.1094;24.9303;24.7494;24.5604;24.3632;24.1597;23.9498;23.8201;23.7772;23.8208;23.9511;24.168;24.385;24.5165;24.5627;24.5235;24.399;24.189;23.9573;23.7039;23.4287;23.1318;22.8132;22.603;22.5012;22.5078;22.5623;22.6646;22.7062;22.6467;22.4861;22.2851;22.0435;21.7615;21.4912;21.2327;20.9861;20.7512;20.528;20.3049;20.063;19.9127;19.7538;19.5863;19.4101;19.2441;18.9778;18.7114;18.4649;18.2068;17.937;17.6557;17.3627;17.0384;16.714;16.3974;16.0886;15.7876;15.4943;15.2088;14.9233;14.6378;14.5027;14.518;14.5334;15",0.876788,"0;0.5;0.5"
0.962802,0.157642,0.618541,"1;1.16631;1.33263;1.49894;1.66525;1.83156;1.99788;2.16419;2.3305;2.46335;2.56274;2.62866;2.66112;2.66011;2.65911;2.6581;2.6571;2.65609;2.66301;2.67785;2.70061;2.7313;2.76991;2.80851;2.84712;2.88573;2.92433;2.96294;3.01068;3.06755;3.13356;3.2087;3.29297;3.37725;3.46152;3.54579;3.63006;3.72508;3.83083;3.94733;4.07456;4.21254;4.35052;4.4885;4.62647;4.76445;4.90243;5.0226;5.12497;5.20953;5.27629;5.32525;5.37421;5.42316;5.47212;5.52108;5.57884;5.64542;5.7208;5.80499;5.89799;5.99099;6.08398;6.17698;6.26998;6.35134;6.42106;6.47914;6.52557;6.56037;6.59517;6.62996;6.66476;6.69956;6.7588;6.8425;6.95064;7.08323;7.24026;7.3973;7.55434;7.71137;7.86841;8.0266;8.18595;8.34644;8.5081;8.6709;8.83371;8.99651;9.16795;9.34802;9.53671;9.73404;9.94;10.146;10.3519;10.553;10.7491;10.9404;11.1268;11.3082;11.4897;11.6712;11.8192;11.9338;12.015;12.0627;12.0966;12.15;12.223;12.3155;12.4277;12.5398;12.6519;12.7641;12.8762;12.9906;13.1074;13.2265;13.3479;13.4716;13.5954;13.7191;13.8581;14.0124;14.182;14.367;14.5672;14.7685;14.971;15.1746;15.3794;15.5853;15.7911;15.997;16.2029;16.3827;16.5365;16.6641;16.7657;16.8413;16.9168;16.9923;17.0679;17.1652;17.2844;17.4272;17.5939;17.7843;17.9766;18.1708;18.3651;18.5594;18.7536;18.9479;19.0998;19.2092;19.2763;19.3009;19.2831;19.2653;19.2475;19.2298;19.212;19.1909;19.1665;19.1388;19.1079;19.0736;19.0393;19.005;18.9707;18.9365;18.9501;19.0117;19.1212;19.2529;19.407;19.5355;19.6383;19.7155;19.7927;19.8699;19.9472;20.0244;20.1016;20.1683;20.2246;20.2705;20.3058;20.3308;20.3557;20.3806;20.4055;20.4305;20.5024;20.6213;20.7402;21","15;15.1111;15.2222;15.3333;15.4443;15.5554;15.6665;15.7776;15.8887;16.022;16.1775;16.3553;16.5553;16.7775;16.9997;17.222;17.4442;17.6664;17.8834;18.0952;18.3019;18.5033;18.6996;18.8958;19.092;19.2883;19.4845;19.6807;19.8789;20.0789;20.2807;20.4845;20.6901;20.8957;21.1013;21.307;21.5126;21.706;21.8873;22.0564;22.2134;22.3582;22.503;22.6477;22.7925;22.9373;23.0821;23.2413;23.4149;23.6028;23.8052;24.022;24.2387;24.4555;24.6722;24.889;25.0259;25.0829;25.06;24.9572;24.7745;24.5918;24.4091;24.2265;24.0438;23.8568;23.6656;23.4702;23.2704;23.0664;22.8624;22.6584;22.4544;22.2504;22.1159;22.0511;22.0557;22.13;22.2738;22.4176;22.5614;22.7052;22.849;22.9872;23.1196;23.2464;23.3675;23.4829;23.5984;23.7138;23.8057;23.874;23.9188;23.9401;23.9377;23.9354;23.9331;23.91;23.866;23.8012;23.7155;23.609;23.5025;23.396;23.2641;23.1069;22.9243;22.7164;22.496;22.2886;22.094;21.9123;21.7436;21.5748;21.4061;21.2373;21.0686;20.9706;20.9435;20.9872;21.1017;21.2871;21.4724;21.6578;21.7847;21.853;21.863;21.8144;21.7073;21.6305;21.5838;21.5672;21.5809;21.6247;21.6686;21.7124;21.7563;21.8312;21.9373;22.0745;22.2428;22.4422;22.6416;22.841;23.0404;23.1824;23.2669;23.2945;23.265;23.1785;23.0924;23.0067;22.921;22.8353;22.7496;22.6639;22.5547;22.4218;22.2655;22.0855;21.8821;21.6786;21.4751;21.2716;21.0681;20.864;20.6594;20.4541;20.2482;20.0417;19.8352;19.6287;19.4223;19.2158;19.0386;18.8907;18.7721;18.6579;18.5481;18.4134;18.2538;18.0693;17.8848;17.7003;17.5158;17.3313;17.1468;16.9551;16.7561;16.5498;16.3362;16.1154;15.8946;15.6737;15.4529;15.2321;15.0764;14.9858;14.8952;15",0.38041,"0;0.516667;0.483333"
1.06049,0.217204,0.748237,"1;1.20093;1.40186;1.60278;1.80371;2.00464;2.20557;2.4065;2.60044;2.78741;2.96739;3.14039;3.30642;3.47244;3.63846;3.80448;3.9705;4.10999;4.22294;4.30935;4.36923;4.40257;4.43591;4.46925;4.50259;4.53593;4.57136;4.60888;4.64849;4.6902;4.73399;4.77779;4.82158;4.86538;4.90917;4.96042;5.0191;5.08524;5.15882;5.23985;5.32088;5.40191;5.48294;5.56397;5.64005;5.71118;5.77736;5.83859;5.89486;5.95114;6.00742;6.0637;6.11997;6.16981;6.2132;6.25015;6.28066;6.30472;6.32879;6.35285;6.37692;6.40098;6.45978;6.55331;6.68158;6.84457;7.0423;7.24003;7.43776;7.63549;7.8335;8.03177;8.23032;8.42915;8.62824;8.82734;9.02643;9.22553;9.42463;9.56345;9.64202;9.66031;9.61833;9.51609;9.41385;9.31161;9.20937;9.17056;9.19519;9.28326;9.43477;9.64971;9.86465;10.0796;10.2945;10.5095;10.7245;10.9397;11.1551;11.3705;11.5861;11.8017;12.0173;12.2329;12.3764;12.4477;12.5095;12.5617;12.6044;12.7097;12.8775;13.0454;13.2132;13.3315;13.4002;13.4193;13.3889;13.309;13.2773;13.294;13.359;13.4723;13.6339;13.7955;13.9571;14.132;14.3203;14.5218;14.7367;14.965;15.1932;15.4195;15.6438;15.8661;16.0865;16.3048;16.5232;16.7416;16.9599;17.1781;17.3963;17.6144;17.8323;18.0503;18.2683;18.4863;18.6258;18.6868;18.6693;18.5733;18.3988;18.2244;18.0499;17.8674;17.677;17.4785;17.2893;17.1095;16.9469;16.8016;16.6735;16.5455;16.4175;16.3549;16.3579;16.4263;16.5601;16.7595;16.9588;17.1582;17.3575;17.5451;17.7209;17.8849;18.0372;18.1777;18.3182;18.4772;18.6546;18.8505;19.0649;19.2977;19.4841;19.6241;19.7176;19.7647;19.7654;19.7661;19.7827;19.8153;19.8638;19.9406;20.0455;20.1626;20.292;20.4336;20.5752;20.7168;20.8584;21","15;15.0949;15.1898;15.2848;15.3797;15.4746;15.5695;15.6645;15.77;15.886;16.0126;16.1498;16.2975;16.4452;16.5929;16.7406;16.8883;17.0504;17.2269;17.4179;17.6232;17.8429;18.0626;18.2823;18.502;18.7217;18.941;19.16;19.3786;19.5968;19.8147;20.0326;20.2504;20.4683;20.6862;20.9018;21.1153;21.3266;21.5357;21.7427;21.9496;22.1565;22.3634;22.5703;22.7789;22.989;23.2008;23.4141;23.6291;23.8441;24.0591;24.2741;24.489;24.7052;24.9226;25.1411;25.3608;25.5817;25.8027;26.0236;26.2445;26.4654;26.6727;26.8665;27.0466;27.2132;27.3662;27.5192;27.6721;27.8251;27.9278;27.9801;27.982;27.9337;27.8349;27.7362;27.6375;27.5388;27.4401;27.3164;27.1677;26.994;26.7952;26.5715;26.3478;26.1241;25.9004;25.7101;25.5533;25.43;25.3401;25.2837;25.2273;25.1708;25.1144;25.058;24.9876;24.9031;24.8046;24.692;24.5655;24.4389;24.3123;24.1858;24.0382;23.8697;23.6969;23.5196;23.338;23.1729;23.0245;22.876;22.7275;22.5667;22.3935;22.208;22.0101;21.7998;21.5951;21.3961;21.2027;21.0149;20.8327;20.6505;20.4684;20.3403;20.2664;20.2467;20.2811;20.3697;20.4582;20.5504;20.6461;20.7455;20.8484;20.955;21.0615;21.1681;21.236;21.2652;21.2559;21.2079;21.1212;21.0346;20.9479;20.8613;20.7566;20.6339;20.4932;20.3344;20.1577;19.9809;19.8042;19.6419;19.4942;19.3611;19.2281;19.0953;18.9482;18.7867;18.6108;18.4349;18.259;18.0942;17.9404;17.7977;17.6661;17.5454;17.4248;17.3042;17.1836;17.0498;16.903;16.743;16.5699;16.3837;16.1975;16.0388;15.9076;15.804;15.728;15.6795;15.5928;15.4678;15.3047;15.1033;14.8637;14.6241;14.3891;14.1587;13.9329;13.798;13.754;13.7963;13.925;14.14;14.355;14.57;14.785;15",0.46502,"0;0.533333;0.466667"
0.821012,0.139886,0.556058,"1;1.1396;1.2792;1.4188;1.55841;1.69801;1.83761;1.97721;2.11681;2.25641;2.39601;2.53407;2.67058;2.80554;2.93896;3.07083;3.2027;3.33458;3.46645;3.59832;3.73019;3.86206;3.99393;4.09486;4.16485;4.2039;4.21201;4.18918;4.16635;4.14352;4.12068;4.09785;4.07502;4.05219;4.02935;4.03703;4.07521;4.14389;4.24308;4.37278;4.50247;4.63217;4.76187;4.89156;5.02126;5.15096;5.23401;5.27041;5.26017;5.20328;5.09974;4.99621;4.89267;4.78914;4.6856;4.58207;4.47853;4.375;4.30649;4.273;4.27454;4.31111;4.38269;4.45428;4.52587;4.59746;4.66905;4.74064;4.81223;4.90101;5.007;5.13018;5.27056;5.42815;5.58573;5.74331;5.90089;6.05847;6.21605;6.37363;6.53121;6.68455;6.83365;6.97851;7.11912;7.2555;7.39188;7.52825;7.66463;7.801;7.93738;8.07375;8.2158;8.3635;8.51688;8.67592;8.84063;9.00533;9.17004;9.33475;9.49945;9.66416;9.82887;9.99357;10.1488;10.2946;10.4309;10.5578;10.6752;10.7926;10.91;11.0274;11.1448;11.2622;11.3796;11.4891;11.5906;11.6841;11.7697;11.8473;11.9249;12.0025;12.0802;12.1578;12.2414;12.331;12.4265;12.5281;12.6356;12.7432;12.8507;12.9582;13.0658;13.1733;13.2952;13.4316;13.5824;13.7475;13.9271;14.1067;14.2863;14.4658;14.6454;14.7893;14.8974;14.9698;15.0264;15.0671;15.1278;15.2083;15.3088;15.4093;15.5098;15.6103;15.7108;15.8113;15.9118;16.0059;16.0936;16.175;16.25;16.3186;16.3962;16.4827;16.5782;16.6826;16.8032;16.931;17.066;17.2081;17.3574;17.5068;17.6561;17.8055;17.9548;18.1041;18.2517;18.3976;18.5416;18.6839;18.8245;18.9585;19.0859;19.2068;19.3211;19.4288;19.5366;19.6443;19.7521;19.8598;19.9676;20.0753;20.1851;20.2971;20.4111;20.5272;20.6454;20.7636;20.8818;21","15;15.091;15.1821;15.2731;15.3642;15.4552;15.5463;15.6373;15.7284;15.8194;15.9105;16.0037;16.0991;16.1966;16.2964;16.3983;16.5002;16.6021;16.7041;16.806;16.9079;17.0098;17.1117;17.2263;17.3535;17.4933;17.6458;17.8109;17.976;18.1411;18.3062;18.4712;18.6363;18.8014;18.9665;19.1241;19.2741;19.4166;19.5516;19.679;19.8064;19.9338;20.0613;20.1887;20.3161;20.4435;20.5716;20.7003;20.8296;20.9596;21.0902;21.2208;21.3514;21.482;21.6126;21.7432;21.8738;22.0045;22.1424;22.2876;22.4401;22.5999;22.7671;22.9342;23.1013;23.2685;23.4356;23.6027;23.7699;23.9144;24.0364;24.1358;24.2127;24.2669;24.3212;24.3755;24.4298;24.4841;24.5383;24.5926;24.6469;24.7144;24.795;24.8889;24.9959;25.1162;25.2364;25.3567;25.4769;25.5972;25.7174;25.8377;25.939;26.0213;26.0847;26.1291;26.1546;26.1801;26.2056;26.2311;26.2566;26.282;26.3075;26.333;26.3256;26.2854;26.2123;26.1063;25.9675;25.8287;25.6898;25.551;25.4122;25.2733;25.1345;24.9928;24.8482;24.7007;24.5504;24.3972;24.244;24.0907;23.9375;23.7843;23.6363;23.4935;23.3559;23.2236;23.0964;22.9693;22.8421;22.715;22.5878;22.4607;22.3582;22.2805;22.2275;22.1993;22.1957;22.1922;22.1886;22.1851;22.1816;22.1408;22.0628;21.9475;21.8064;21.6394;21.4838;21.3396;21.2068;21.074;20.9412;20.8083;20.6755;20.5427;20.4099;20.2723;20.13;19.983;19.8312;19.6748;19.5198;19.3665;19.2147;19.0644;18.9317;18.8149;18.714;18.6291;18.5601;18.4912;18.4222;18.3533;18.2843;18.2154;18.1401;18.0585;17.9706;17.8764;17.7759;17.6662;17.5473;17.4193;17.282;17.1355;16.9891;16.8426;16.6962;16.5497;16.4033;16.2568;16.1075;15.9554;15.8004;15.6426;15.482;15.3213;15.1607;15",0.327164,"0;0.55;0.45"
0.808774,0.307588,0.392375,"1;1.16812;1.33624;1.50436;1.67248;1.8406;2.00873;2.17685;2.34497;2.51309;2.68281;2.85414;3.02707;3.20161;3.37775;3.55389;3.73003;3.90617;4.08232;4.25846;4.4346;4.5929;4.73338;4.85601;4.96082;5.04779;5.13476;5.22173;5.3087;5.39567;5.48264;5.56961;5.61894;5.63063;5.60467;5.54107;5.43984;5.3386;5.23736;5.13612;5.03488;4.93364;4.8324;4.74581;4.67387;4.61658;4.57394;4.54595;4.51796;4.48997;4.46198;4.43398;4.40599;4.378;4.38537;4.42809;4.50618;4.61962;4.76843;4.91723;5.06603;5.21484;5.36364;5.51244;5.66125;5.81005;5.95265;6.08905;6.21925;6.34324;6.47318;6.61527;6.76951;6.93589;7.11442;7.29296;7.47149;7.65002;7.82855;7.95526;8.03016;8.05323;8.0765;8.09998;8.17547;8.30298;8.4825;8.66203;8.84156;9.02108;9.20061;9.38014;9.55966;9.71822;9.85582;9.97245;10.0681;10.1428;10.2335;10.3403;10.4631;10.602;10.7568;10.9117;11.0666;11.2215;11.3489;11.4489;11.5214;11.5665;11.5842;11.6018;11.6194;11.6371;11.6847;11.7622;11.8697;12.0072;12.1746;12.3421;12.5095;12.6771;12.8447;13.0124;13.1802;13.3481;13.516;13.6839;13.8519;14.0145;14.1719;14.324;14.4709;14.6171;14.7679;14.9234;15.0835;15.2481;15.4128;15.5775;15.7422;15.9069;16.0716;16.2363;16.401;16.5578;16.7067;16.8476;16.9807;17.1058;17.231;17.3562;17.4813;17.6065;17.7316;17.8568;17.9663;18.0601;18.1383;18.2008;18.2476;18.2945;18.3413;18.3881;18.435;18.4818;18.5287;18.5755;18.6453;18.738;18.8537;18.9923;19.1539;19.3155;19.477;19.6386;19.8002;19.9617;20.1233;20.2811;20.4352;20.5855;20.7321;20.875;21.0178;21.1607;21.3035;21.4464;21.5892;21.7321;21.8749;21.956;21.9754;21.9331;21.829;21.6632;21.4974;21.3316;21.1658;21","15;15.0692;15.1385;15.2077;15.2769;15.3462;15.4154;15.4846;15.5539;15.6231;15.6875;15.7471;15.8018;15.8517;15.8968;15.9419;15.987;16.032;16.0771;16.1222;16.1673;16.2353;16.3262;16.44;16.5768;16.7365;16.8961;17.0558;17.2155;17.3751;17.5348;17.6945;17.8524;18.0086;18.1631;18.3159;18.4669;18.6179;18.7689;18.92;19.071;19.222;19.373;19.5298;19.6923;19.8605;20.0344;20.214;20.3937;20.5733;20.753;20.9326;21.1123;21.2919;21.4507;21.5885;21.7054;21.8014;21.8764;21.9515;22.0266;22.1017;22.1767;22.2518;22.3269;22.4019;22.4385;22.4366;22.3962;22.3173;22.2326;22.1805;22.161;22.1741;22.2198;22.2655;22.3112;22.3569;22.4026;22.4021;22.3552;22.262;22.158;22.0432;21.9639;21.9201;21.9117;21.9034;21.895;21.8867;21.8783;21.87;21.8616;21.8871;21.9465;22.0397;22.1667;22.3276;22.4468;22.5243;22.5602;22.5543;22.5067;22.4592;22.4116;22.3641;22.2914;22.1936;22.0706;21.9225;21.7493;21.5761;21.4029;21.2297;21.0842;20.9665;20.8766;20.8144;20.7799;20.7455;20.7111;20.6734;20.6324;20.5881;20.5406;20.4898;20.4389;20.3881;20.3373;20.2752;20.2017;20.1169;20.0209;19.9298;19.8552;19.7969;19.7549;19.7293;19.7038;19.6782;19.6526;19.627;19.6015;19.5759;19.5503;19.5035;19.4354;19.346;19.2354;19.1035;18.9716;18.8397;18.7078;18.576;18.4441;18.3122;18.1747;18.0316;17.8829;17.7285;17.5686;17.4086;17.2487;17.0887;16.9288;16.7688;16.6089;16.4489;16.3043;16.175;16.0609;15.9622;15.8789;15.7955;15.7121;15.6287;15.5453;15.4619;15.3785;15.2947;15.2103;15.1254;15.04;14.9542;14.8683;14.7825;14.6966;14.6107;14.5249;14.439;14.3532;14.3079;14.3031;14.3389;14.4153;14.5322;14.6492;14.7661;14.8831;15",0.344329,"0;0.566667;0.433333"
1.08075,0.379879,0.218109,"1;1.05516;1.11032;1.16548;1.22064;1.2758;1.33096;1.36997;1.39285;1.39958;1.39017;1.36461;1.33906;1.31351;1.28795;1.26518;1.2452;1.228;1.21359;1.20196;1.19033;1.1787;1.16708;1.15707;1.14867;1.1419;1.13674;1.13319;1.12965;1.12611;1.12257;1.12916;1.14589;1.17276;1.20977;1.25691;1.30405;1.35119;1.39834;1.48449;1.60967;1.77386;1.97706;2.21928;2.4615;2.70372;2.91192;3.0861;3.22627;3.33241;3.40454;3.47666;3.54879;3.62091;3.72603;3.86414;4.03523;4.23932;4.4764;4.71348;4.95056;5.18764;5.39487;5.57226;5.74331;5.90803;6.06642;6.24832;6.45373;6.65567;6.85416;7.04917;7.24072;7.42881;7.6169;7.80498;7.9735;8.12245;8.25182;8.36163;8.4406;8.50829;8.5647;8.60984;8.6437;8.70157;8.78344;8.88932;9.0192;9.17309;9.32698;9.48087;9.63476;9.78865;9.96172;10.154;10.3654;10.596;10.8459;11.0957;11.3455;11.5953;11.8353;12.0654;12.2858;12.4963;12.697;12.8978;13.0985;13.2992;13.4999;13.6832;13.8491;14.006;14.1538;14.2926;14.4397;14.5952;14.7507;14.9062;15.0617;15.234;15.423;15.6288;15.8513;16.0907;16.33;16.5693;16.7861;16.9804;17.0893;17.1127;17.0507;16.9257;16.7378;16.5499;16.362;16.1741;16.0106;15.8715;15.7568;15.6666;15.6008;15.5349;15.4691;15.4033;15.3865;15.4187;15.4999;15.5874;15.6813;15.7325;15.741;15.7467;15.7924;15.8779;16.0034;16.1673;16.3299;16.491;16.6508;16.8092;16.9391;17.0404;17.1132;17.1575;17.2194;17.3276;17.482;17.6826;17.9295;18.1763;18.4232;18.6701;18.9033;19.123;19.3291;19.5217;19.7006;19.8796;20.0585;20.2375;20.4165;20.6096;20.817;21.0385;21.2743;21.5242;21.7742;22.0242;22.2741;22.4234;22.472;22.4199;22.2672;22.0137;21.7603;21.5069;21.2534;21","15;14.7562;14.5123;14.2685;14.0246;13.7808;13.537;13.2922;13.0464;12.7996;12.5519;12.3032;12.0545;11.8058;11.5571;11.3082;11.0591;10.8098;10.5603;10.3106;10.0608;9.81112;9.56139;9.31161;9.06178;8.8119;8.56198;8.312;8.06203;7.81205;7.56208;7.313;7.06481;6.81751;6.5711;6.32558;6.08007;5.83455;5.58904;5.39925;5.26519;5.18686;5.16426;5.19739;5.23051;5.26364;5.24226;5.16639;5.03602;4.85115;4.61178;4.37241;4.13304;3.89367;3.71804;3.60615;3.558;3.57359;3.65292;3.73226;3.81159;3.89092;4.00446;4.1522;4.30032;4.44882;4.59771;4.71277;4.79401;4.88818;4.99528;5.11532;5.24829;5.3942;5.5401;5.686;5.84882;6.02854;6.22518;6.43872;6.66697;6.893;7.11681;7.33842;7.55781;7.70127;7.76878;7.76035;7.67597;7.51566;7.35534;7.19503;7.03471;6.8744;6.74811;6.65583;6.59758;6.57335;6.58315;6.59294;6.60273;6.61252;6.60128;6.56901;6.5157;6.44136;6.34599;6.25062;6.15525;6.05988;5.96451;5.93766;5.97932;6.0753;6.22559;6.43019;6.62057;6.79675;6.97293;7.1491;7.32528;7.4631;7.56256;7.62367;7.64642;7.63081;7.6152;7.5996;7.55887;7.49302;7.45589;7.44747;7.46778;7.54191;7.66989;7.79786;7.92583;8.0538;8.20376;8.3757;8.56963;8.78553;9.02343;9.26132;9.49921;9.73711;9.95412;10.1502;10.3255;10.5027;10.682;10.8842;11.1093;11.3383;11.5482;11.739;11.9108;12.0705;12.2372;12.4108;12.5915;12.7792;12.9747;13.1782;13.3895;13.6086;13.7824;13.9028;13.97;13.9838;13.9442;13.9047;13.8652;13.8257;13.8204;13.8494;13.9127;14.0101;14.1419;14.2736;14.4054;14.5371;14.6689;14.7734;14.8506;14.9005;14.9232;14.9187;14.9141;14.9095;14.9049;14.9042;14.9074;14.9145;14.9255;14.9404;14.9553;14.9702;14.9851;15",0.312475,"0;0.583333;0.416667"
1.083,0.237927,0.714847,"1;1.24834;1.49668;1.74502;1.99336;2.2417;2.49005;2.73474;2.97579;3.2132;3.44696;3.67708;3.90719;4.13731;4.36742;4.55493;4.69984;4.80214;4.86183;4.87892;4.89601;4.9131;4.89534;4.84273;4.75527;4.63296;4.47581;4.36453;4.29912;4.27959;4.30594;4.37817;4.4504;4.52262;4.62904;4.76965;4.94444;5.15342;5.38948;5.61841;5.84023;6.05085;6.25025;6.40226;6.50686;6.56406;6.57793;6.5485;6.51906;6.53085;6.58388;6.67815;6.81365;6.99039;7.16712;7.34386;7.51143;7.66985;7.8191;7.95919;8.09011;8.24343;8.41912;8.6172;8.83767;9.08052;9.32336;9.56029;9.79129;10.0164;10.2355;10.4488;10.662;10.8752;11.0884;11.2835;11.4605;11.6193;11.76;11.8825;12.0051;12.1276;12.2502;12.3912;12.5507;12.7286;12.9251;13.14;13.3549;13.5698;13.7847;14.0038;14.2271;14.4547;14.6866;14.9226;15.1587;15.3948;15.6308;15.8644;16.0956;16.3243;16.5505;16.7742;16.998;17.2218;17.4455;17.6627;17.8732;18.0772;18.2746;18.4653;18.656;18.8468;19.0375;19.2283;19.4155;19.5992;19.7793;19.9559;20.1289;20.302;20.4751;20.5968;20.6672;20.6862;20.654;20.5704;20.4868;20.4032;20.3196;20.2459;20.182;20.128;20.0838;20.0495;20.0152;19.9448;19.8385;19.6961;19.5177;19.3033;19.1069;18.9287;18.7686;18.6266;18.5027;18.3788;18.2549;18.1078;17.9376;17.7442;17.5276;17.2878;17.048;16.8397;16.6629;16.5467;16.491;16.496;16.5301;16.5934;16.6566;16.7199;16.818;16.9509;17.1186;17.3212;17.5586;17.7441;17.8777;17.9594;17.9892;17.9671;17.9451;17.923;17.9306;17.9679;18.0348;18.1314;18.2577;18.384;18.5103;18.6366;18.7508;18.8529;18.943;19.021;19.087;19.1529;19.2188;19.2848;19.395;19.5496;19.7485;19.9918;20.2794;20.5385;20.8546;21","15;15.0288;15.0575;15.0863;15.115;15.1438;15.1725;15.2083;15.2511;15.3009;15.3577;15.4215;15.4853;15.5491;15.6129;15.7083;15.8352;15.9936;16.1835;16.405;16.6265;16.848;17.0613;17.2664;17.4633;17.6521;17.8326;18.0221;18.2205;18.4279;18.6441;18.8693;19.0945;19.3197;19.4811;19.5786;19.6124;19.5824;19.5315;19.5235;19.5585;19.6482;19.7926;19.9576;20.1433;20.3497;20.5649;20.789;21.0131;21.2219;21.4154;21.5936;21.7565;21.904;22.0516;22.1992;22.2828;22.3025;22.2583;22.1502;21.9782;21.8329;21.7145;21.6229;21.558;21.52;21.482;21.4777;21.5071;21.5702;21.667;21.7975;21.928;22.0585;22.189;22.337;22.5025;22.6854;22.8858;23.1038;23.3217;23.5396;23.7575;23.9573;24.1392;24.303;24.4488;24.5765;24.7043;24.832;24.9598;25.0455;25.0892;25.091;25.0507;24.9684;24.8861;24.8038;24.7215;24.6779;24.6731;24.7071;24.7798;24.8913;25.0028;25.1143;25.2258;25.3378;25.4503;25.5633;25.6768;25.7908;25.9048;26.0188;26.1328;26.2468;26.3064;26.3114;26.262;26.1582;25.9998;25.8415;25.6831;25.5093;25.32;25.1153;24.8952;24.6596;24.424;24.1884;23.9527;23.7147;23.4744;23.2316;22.9864;22.7389;22.4914;22.3211;22.228;22.2123;22.2737;22.4125;22.4831;22.4857;22.4203;22.2867;22.0851;21.8835;21.6819;21.5138;21.3792;21.2782;21.2107;21.1767;21.1428;21.0661;20.9468;20.7911;20.599;20.3704;20.1481;19.932;19.7159;19.4998;19.3357;19.2234;19.1631;19.1548;19.1983;19.1854;19.1159;18.99;18.8076;18.5686;18.3297;18.0907;17.8668;17.6578;17.4638;17.2848;17.1208;16.9568;16.7927;16.6287;16.4555;16.273;16.0812;15.8803;15.67;15.4598;15.2496;15.0394;14.8847;14.7856;14.742;14.7539;14.8213;14.884;14.9562;15",0.428695,"0;0.6;0.4"
1.33096,0.159942,1.32774,"1;1.272;1.544;1.816;2.088;2.36;2.56671;2.70814;2.78429;2.79515;2.74073;2.6863;2.63188;2.59369;2.57173;2.566;2.5765;2.60323;2.62996;2.6567;2.72627;2.83868;2.99393;3.19201;3.43294;3.67387;3.87202;4.02739;4.19115;4.3633;4.54385;4.77557;5.05846;5.34135;5.62424;5.90551;6.18518;6.46323;6.73966;7.00115;7.24929;7.48408;7.70554;7.91365;8.07747;8.19701;8.27225;8.30321;8.28988;8.27655;8.20643;8.07953;7.89584;7.65536;7.46538;7.38267;7.40725;7.49737;7.65303;7.76695;7.83914;7.86959;7.93635;8.03942;8.1788;8.35448;8.58305;8.8282;9.08992;9.36822;9.6631;9.95797;10.2453;10.5251;10.7974;11.0622;11.3194;11.5767;11.8339;12.076;12.303;12.5149;12.7117;12.8933;13.0749;13.2566;13.4482;13.6499;13.8616;14.0833;14.315;14.5467;14.7784;15.0146;15.2552;15.5003;15.7498;16.0038;16.2578;16.5118;16.7608;17.0048;17.2437;17.4777;17.7067;17.9356;18.1646;18.4009;18.6447;18.8958;19.1543;19.4202;19.6861;19.952;20.2203;20.4912;20.7646;21.0405;21.3188;21.5972;21.8756;22.1499;22.4201;22.6862;22.9482;23.2061;23.464;23.722;23.9593;24.1761;24.3723;24.5479;24.703;24.858;24.9495;24.9776;24.9421;24.8431;24.6806;24.5181;24.3555;24.2245;24.1249;24.0568;24.0202;24.015;24.0098;24.0692;24.1932;24.3817;24.6348;24.9042;25.1254;25.2983;25.4229;25.4993;25.5213;25.4889;25.4022;25.261;25.0654;24.848;24.6088;24.3477;24.0648;23.7601;23.4547;23.1487;22.8421;22.5348;22.2269;21.919;21.6491;21.4171;21.223;21.067;20.9488;20.8307;20.7126;20.6146;20.5367;20.4789;20.4412;20.4236;20.406;20.419;20.4965;20.5871;20.6909;20.8079;20.9003;20.9345;20.9615;20.9814;20.9942;21.0032;21.0082;21.0094;21.0066;21","15;15.0875;15.1749;15.2624;15.3498;15.4373;15.5634;15.728;15.9313;16.1732;16.4537;16.7341;17.0146;17.2959;17.578;17.8608;18.1445;18.429;18.7134;18.9979;19.1911;19.2931;19.3039;19.2235;19.0518;18.8801;18.7888;18.7779;18.8001;18.8556;18.9443;18.9858;18.9802;18.9747;18.9691;18.9989;19.064;19.1646;19.3005;19.4806;19.6694;19.8669;20.0732;20.2882;20.5159;20.7562;21.009;21.2745;21.5526;21.8307;22.0592;22.2379;22.367;22.4465;22.5067;22.5976;22.7189;22.8886;23.1066;23.3424;23.596;23.8673;24.1175;24.3464;24.5541;24.7405;24.8534;24.9141;24.9225;24.8787;24.7825;24.6864;24.5885;24.4889;24.3875;24.2843;24.1795;24.0746;23.9697;23.9299;23.9552;24.0455;24.201;24.4215;24.6421;24.8626;25.0725;25.2717;25.4602;25.638;25.8052;25.9723;26.1395;26.2994;26.452;26.5974;26.7355;26.8664;26.9972;27.1281;27.2669;27.4138;27.5687;27.7316;27.9025;28.0734;28.2443;28.4019;28.5463;28.6774;28.7953;28.8999;29.0044;29.109;29.2055;29.294;29.3745;29.4469;29.5113;29.5756;29.64;29.716;29.8038;29.9033;30.0145;30.1374;30.2603;30.3832;30.4321;30.4071;30.3081;30.1352;29.8883;29.6414;29.3969;29.1548;28.915;28.6777;28.4427;28.2077;27.9727;27.7236;27.4606;27.1834;26.8923;26.5871;26.2818;26.0235;25.8119;25.6472;25.5293;25.4175;25.2649;25.0716;24.8375;24.5627;24.293;24.0283;23.7687;23.5142;23.2647;23.0715;22.9344;22.8535;22.8289;22.8604;22.8808;22.8899;22.8879;22.8747;22.8503;22.8259;22.7544;22.6358;22.47;22.257;21.997;21.7369;21.4768;21.2063;20.9253;20.6339;20.332;20.0196;19.7073;19.4612;19.2162;18.9674;18.7148;18.4584;18.1363;17.8134;17.4948;17.1805;16.8703;16.5389;16.1861;15.8121;15.4167;15",0.607597,"0;0.616667;0.383333"
1.11609,0.0585835,1.16031,"1;1.07718;1.15437;1.23155;1.30874;1.38592;1.4631;1.5653;1.69252;1.84475;2.02199;2.22425;2.42651;2.62877;2.83103;2.99813;3.13008;3.22687;3.2885;3.31497;3.34145;3.36792;3.39439;3.40803;3.40884;3.3968;3.37193;3.33423;3.29652;3.25882;3.22111;3.2097;3.2246;3.26579;3.33328;3.42707;3.52086;3.61465;3.70844;3.8223;3.95623;4.11024;4.28431;4.47846;4.67261;4.86676;5.0609;5.22607;5.36226;5.46946;5.54768;5.59692;5.64617;5.69541;5.74465;5.8335;5.96197;6.13005;6.33774;6.58504;6.83234;7.07965;7.32695;7.56084;7.78133;7.98841;8.18208;8.34995;8.50542;8.64849;8.77917;8.89746;9.01575;9.13403;9.25232;9.40086;9.57965;9.7887;10.0132;10.2532;10.4785;10.689;10.8847;11.0804;11.2801;11.4837;11.6913;11.9028;12.1184;12.3339;12.5494;12.7649;12.9578;13.1281;13.2759;13.401;13.5035;13.606;13.6573;13.6572;13.6058;13.503;13.349;13.195;13.0409;12.8869;12.7641;12.6726;12.6123;12.5834;12.5856;12.6255;12.7029;12.8179;12.9704;13.1605;13.3506;13.5408;13.7309;13.9066;14.0681;14.2152;14.3479;14.4664;14.5848;14.7032;14.8216;14.9606;15.12;15.3;15.5005;15.7215;15.9425;16.1635;16.3838;16.6035;16.8226;17.041;17.2588;17.4056;17.4816;17.4867;17.421;17.2843;17.1477;17.011;16.8744;16.7876;16.7506;16.7634;16.8261;16.9386;17.0511;17.1637;17.2762;17.4152;17.5809;17.7731;17.9919;18.2372;18.4825;18.7278;18.9334;19.0991;19.225;19.3111;19.3575;19.4038;19.4501;19.4964;19.5483;19.6058;19.6689;19.7376;19.8118;19.8769;19.9326;19.9792;20.0165;20.0445;20.0726;20.1006;20.1308;20.1632;20.1977;20.2451;20.3053;20.3762;20.4764;20.6059;20.7541;20.9208;21.1062;21.2916;21.4068;21.4518;21.4266;21.3312;21.1656;21","15;15.2378;15.4756;15.7134;15.9511;16.1889;16.4267;16.6463;16.8478;17.0311;17.1962;17.3431;17.4901;17.637;17.7839;17.9512;18.1388;18.3467;18.575;18.8236;19.0722;19.3208;19.5694;19.8177;20.0657;20.3134;20.5608;20.808;21.0551;21.3023;21.5494;21.7935;22.0344;22.2723;22.5072;22.7389;22.9706;23.2024;23.4341;23.651;23.8531;24.0403;24.2126;24.3701;24.5276;24.6851;24.8426;25.0176;25.2102;25.4202;25.6478;25.8929;26.138;26.3831;26.6282;26.8316;26.9933;27.1134;27.1917;27.2283;27.2649;27.3015;27.3382;27.3915;27.4614;27.5481;27.6514;27.7914;27.9515;28.1316;28.3318;28.552;28.7723;28.9925;29.2128;29.3968;29.5447;29.6563;29.7513;29.8296;29.9274;30.0448;30.1816;30.3185;30.4039;30.4378;30.4202;30.3512;30.2306;30.1101;29.9896;29.8691;29.7279;29.566;29.3834;29.1802;28.9563;28.7324;28.514;28.3009;28.0932;27.8909;27.694;27.497;27.3001;27.1032;26.8939;26.6722;26.438;26.1914;25.9325;25.6991;25.4915;25.3095;25.1531;25.0224;24.8918;24.7611;24.6304;24.5699;24.5796;24.6594;24.8094;25.0296;25.2497;25.4699;25.6901;25.8433;25.9297;25.9493;25.9019;25.7876;25.6734;25.5591;25.4769;25.4267;25.4085;25.4224;25.4683;25.465;25.4123;25.3104;25.1593;24.9588;24.7584;24.558;24.3576;24.1526;23.943;23.7289;23.5102;23.2869;23.0637;22.8404;22.6172;22.4344;22.2919;22.1899;22.1283;22.1071;22.086;22.0648;22.0008;21.8942;21.7447;21.5525;21.3176;21.0826;20.8477;20.6128;20.3805;20.1511;19.9243;19.7002;19.4789;19.2494;19.0116;18.7655;18.5112;18.2487;17.9862;17.7237;17.5562;17.4839;17.5067;17.5304;17.5551;17.4856;17.3349;17.103;16.884;16.6779;16.4847;16.2915;16.0917;15.8852;15.6722;15.4525;15.2263;15",0.462549,"0;0.633333;0.366667"
0.864949,0.321395,0.453837,"1;1.02757;1.05513;1.0827;1.11026;1.13783;1.16539;1.19296;1.22052;1.28119;1.37495;1.50181;1.66178;1.85484;2.0479;2.24097;2.43403;2.62709;2.82015;3.01052;3.19818;3.38314;3.5654;3.74496;3.92452;4.10409;4.28365;4.46321;4.64277;4.82233;4.9704;5.08698;5.17206;5.22564;5.24774;5.26983;5.29192;5.31401;5.33611;5.3582;5.38528;5.41736;5.45442;5.49647;5.54352;5.59056;5.63761;5.68465;5.73169;5.77874;5.82578;5.90097;6.0043;6.13577;6.29539;6.48315;6.67092;6.85868;7.04644;7.2342;7.42196;7.60641;7.78753;7.96534;8.13984;8.31101;8.46892;8.61356;8.74494;8.86306;8.96791;9.07276;9.17761;9.29809;9.43421;9.58595;9.75333;9.93634;10.1193;10.3024;10.4888;10.6786;10.8718;11.0683;11.2683;11.4683;11.6683;11.8683;12.0683;12.2682;12.4221;12.5297;12.5912;12.6065;12.5757;12.5449;12.5141;12.5293;12.5908;12.6983;12.8519;13.0517;13.2515;13.4513;13.6119;13.7335;13.816;13.8594;13.8637;13.8681;13.8724;13.8767;13.881;13.9192;13.9914;14.0975;14.2376;14.4115;14.5855;14.7595;14.9335;15.1075;15.2814;15.4493;15.611;15.7665;15.9159;16.0253;16.1008;16.1425;16.1504;16.1244;16.0985;16.0725;16.0465;16.0206;15.9946;15.9561;15.9051;15.8416;15.7655;15.6769;15.5883;15.4997;15.3974;15.2813;15.1515;15.0421;14.953;14.8981;14.8773;14.8906;14.9374;15.0176;15.1313;15.2784;15.4589;15.638;15.8157;15.9937;16.1719;16.3503;16.5304;16.7122;16.894;17.0758;17.2576;17.4394;17.6212;17.803;17.9713;18.1262;18.2677;18.3957;18.5103;18.6249;18.7395;18.8541;18.9687;19.0833;19.1979;19.3249;19.4643;19.6161;19.7803;19.957;20.1336;20.3103;20.4869;20.6636;20.8402;21.0169;21.1458;21.2272;21.2608;21.2468;21.1851;21.1234;21.0617;21","15;15.1981;15.3962;15.5943;15.7924;15.9905;16.1885;16.3866;16.5847;16.7536;16.8934;17.004;17.0854;17.1376;17.1898;17.242;17.2942;17.3464;17.3987;17.4462;17.4889;17.5269;17.5602;17.5888;17.6173;17.6459;17.6744;17.703;17.7316;17.7601;17.8227;17.9194;18.05;18.2148;18.4135;18.6123;18.8111;19.0099;19.2087;19.4074;19.6016;19.7911;19.976;20.1562;20.3319;20.5075;20.6831;20.8587;21.0344;21.21;21.3856;21.5399;21.6727;21.7841;21.8742;21.9428;22.0115;22.0801;22.1488;22.2174;22.2861;22.3417;22.3841;22.4135;22.4298;22.4331;22.4046;22.3444;22.2525;22.1289;21.9736;21.8182;21.6629;21.5498;21.4788;21.4499;21.4632;21.5187;21.5742;21.6296;21.6735;21.7058;21.7265;21.7355;21.733;21.7305;21.728;21.7255;21.723;21.7205;21.7567;21.8318;21.9457;22.0983;22.2898;22.4812;22.6726;22.8232;22.9328;23.0015;23.0294;23.0163;23.0032;22.9902;22.9411;22.8559;22.7347;22.5774;22.3841;22.1908;21.9975;21.8042;21.6109;21.4721;21.3878;21.3581;21.3828;21.462;21.5412;21.6205;21.6997;21.7789;21.8582;21.941;22.0274;22.1174;22.211;22.2512;22.2347;22.1612;22.0309;21.8437;21.6565;21.4693;21.2821;21.0949;20.9077;20.7227;20.5399;20.3593;20.1808;20.0046;19.8284;19.6522;19.5334;19.4722;19.4685;19.4601;19.4471;19.3719;19.2346;19.0352;18.8623;18.716;18.5962;18.503;18.4363;18.3947;18.3782;18.3744;18.3833;18.4049;18.4141;18.4109;18.4078;18.4046;18.4014;18.3983;18.3951;18.3919;18.3612;18.3028;18.2168;18.1033;17.9621;17.8209;17.6798;17.5386;17.3975;17.2563;17.1151;16.9936;16.8917;16.8094;16.7467;16.7036;16.6606;16.6175;16.5745;16.5314;16.4883;16.4453;16.3655;16.2491;16.0959;15.9061;15.6796;15.4531;15.2265;15",0.36775,"0;0.65;0.35"
0.960623,0.369914,0.521212,"1;1.20176;1.40351;1.60527;1.80702;1.98188;2.12984;2.2509;2.34507;2.41234;2.47961;2.54688;2.619;2.69599;2.77783;2.86453;2.95608;3.04764;3.13919;3.23075;3.3223;3.43549;3.57031;3.72676;3.90485;4.10457;4.30428;4.504;4.70371;4.84368;4.98319;5.12223;5.26081;5.39893;5.59633;5.79373;5.99113;6.15582;6.2878;6.38706;6.45362;6.48747;6.52131;6.55516;6.589;6.62741;6.67037;6.7179;6.76999;6.82664;6.91144;7.0244;7.16552;7.33479;7.53221;7.72964;7.92706;8.0927;8.22656;8.32863;8.39892;8.39834;8.35867;8.27992;8.16209;8.00516;7.84824;7.69132;7.5344;7.37747;7.21619;7.05053;6.88051;6.70613;6.52738;6.34863;6.16988;5.99113;5.81238;5.69986;5.65357;5.6735;5.75965;5.91204;6.06442;6.21681;6.36919;6.52167;6.67424;6.8269;6.97966;7.13251;7.28536;7.45123;7.63012;7.82204;8.02699;8.24496;8.46292;8.68089;8.89886;9.11683;9.31218;9.48493;9.63507;9.7626;9.86752;9.97244;10.0774;10.1823;10.2872;10.3893;10.4887;10.5853;10.6791;10.7702;10.8612;10.9522;11.0433;11.125;11.1975;11.284;11.3847;11.4996;11.6378;11.7995;11.9451;12.0747;12.1882;12.2857;12.3893;12.5152;12.6632;12.8334;13.0258;13.2183;13.4107;13.6031;13.7955;13.9924;14.1936;14.3991;14.6091;14.8235;15.0378;15.2522;15.4665;15.6809;15.8804;16.0652;16.2351;16.3903;16.5306;16.6709;16.8113;16.9516;17.0919;17.2459;17.4135;17.5947;17.7896;17.9981;18.2066;18.4152;18.6199;18.8209;19.0181;19.2115;19.4011;19.5231;19.5775;19.5643;19.4834;19.3349;19.1864;19.1009;19.0783;19.1231;19.2353;19.4149;19.5989;19.7873;19.9758;20.1642;20.3527;20.5413;20.7301;20.919;21.1081;21.2973;21.4866;21.6758;21.8651;21.9667;21.9808;21.9073;21.7461;21.4974;21.2487;21","15;15.1051;15.2101;15.3152;15.4203;15.544;15.6863;15.8472;16.0268;16.225;16.4232;16.6213;16.8182;17.0137;17.2079;17.4008;17.5923;17.7838;17.9753;18.1669;18.3584;18.5231;18.661;18.7721;18.8564;18.9138;18.9713;19.0288;19.0862;19.1943;19.2658;19.301;19.2997;19.2619;19.137;19.0122;18.8874;18.8331;18.8494;18.9362;19.0935;19.3214;19.5492;19.7771;20.005;20.1413;20.1862;20.1395;20.0014;19.7717;19.6063;19.5053;19.4686;19.4963;19.5882;19.6802;19.7722;19.8843;20.0166;20.1691;20.3417;20.5274;20.706;20.8775;21.0419;21.1992;21.3566;21.5139;21.6713;21.8286;21.9809;22.1281;22.2703;22.4074;22.5394;22.6714;22.8035;22.9355;23.0675;23.2034;23.3432;23.4868;23.6343;23.7857;23.9371;24.0885;24.2399;24.3303;24.3599;24.3285;24.2362;24.083;23.9298;23.8067;23.7137;23.6508;23.6181;23.6155;23.6129;23.6103;23.6077;23.6051;23.5679;23.4962;23.3901;23.2493;23.0741;22.8988;22.7236;22.5483;22.3731;22.1958;22.0166;21.8354;21.6523;21.4671;21.2819;21.0968;20.9116;20.7238;20.5333;20.4123;20.3607;20.3785;20.4684;20.6303;20.8017;20.9827;21.1731;21.373;21.5184;21.5998;21.6171;21.5705;21.4597;21.349;21.2383;21.1276;21.0169;20.9166;20.8268;20.7473;20.6783;20.6197;20.5611;20.5025;20.4439;20.3853;20.304;20.1999;20.0731;19.9235;19.7512;19.5789;19.4066;19.2343;19.062;18.9055;18.7649;18.6401;18.5312;18.4381;18.3451;18.252;18.1741;18.1115;18.064;18.0318;18.0147;17.9668;17.888;17.7783;17.6377;17.4663;17.2948;17.1518;17.0372;16.937;16.8511;16.7797;16.6942;16.5946;16.4951;16.3955;16.296;16.194;16.0897;15.983;15.874;15.7626;15.6511;15.5397;15.4283;15.3309;15.2476;15.1784;15.1233;15.0822;15.0411;15",0.420346,"0;0.666667;0.333333"
0.923272,0.174075,0.510923,"1;1.19779;1.39558;1.59338;1.79117;1.98896;2.18675;2.38454;2.58233;2.73199;2.83352;2.88692;2.89218;2.84931;2.80644;2.76357;2.7207;2.67783;2.63496;2.626;2.65095;2.7098;2.80257;2.92924;3.05591;3.18258;3.30925;3.43592;3.56259;3.67031;3.75906;3.82885;3.87968;3.91156;3.94343;3.9753;4.00717;4.03905;4.07092;4.11631;4.17521;4.24763;4.33357;4.43302;4.53247;4.63193;4.73138;4.83083;4.93028;5.04355;5.17063;5.31153;5.46625;5.63478;5.80332;5.97185;6.14038;6.30891;6.47744;6.64432;6.80954;6.9731;7.135;7.29524;7.45549;7.61573;7.77598;7.93622;8.09647;8.26204;8.43295;8.60919;8.79077;8.97767;9.16458;9.35149;9.53839;9.7253;9.91221;10.0935;10.2692;10.4394;10.6039;10.7629;10.9218;11.0808;11.2397;11.3987;11.5576;11.7076;11.8486;11.9807;12.1038;12.218;12.3322;12.4464;12.5605;12.6747;12.7889;12.9199;13.0678;13.2327;13.4143;13.6129;13.8115;14.0133;14.2183;14.4266;14.6382;14.8529;15.0677;15.2559;15.4173;15.5522;15.6604;15.7419;15.8234;15.905;15.9865;16.068;16.1646;16.2763;16.403;16.5448;16.7016;16.8585;17.0153;17.1222;17.1793;17.1864;17.1437;17.051;16.9583;16.8657;16.7626;16.6492;16.5253;16.3911;16.2464;16.1018;15.9572;15.8125;15.7344;15.7228;15.7778;15.8993;16.0873;16.2753;16.4633;16.6513;16.8393;17.0273;17.2076;17.3697;17.5136;17.6393;17.7468;17.8582;17.9841;18.1245;18.2793;18.4485;18.6015;18.7381;18.8584;18.9623;19.0499;19.1375;19.2251;19.3128;19.4004;19.5114;19.6458;19.8036;19.9849;20.1896;20.3942;20.5693;20.7148;20.8464;20.9643;21.0683;21.1881;21.3237;21.4593;21.5948;21.7304;21.866;22.0016;22.0817;22.1065;22.0759;21.9899;21.8485;21.7071;21.5657;21.4242;21.2828;21.1414;21","15;15.0296;15.0593;15.0889;15.1186;15.1482;15.1778;15.2075;15.2371;15.2999;15.3958;15.5249;15.6871;15.8824;16.0778;16.2731;16.4685;16.6638;16.8592;17.0464;17.2255;17.3965;17.5594;17.7142;17.869;18.0238;18.1785;18.3333;18.4881;18.6514;18.8232;19.0036;19.1925;19.3899;19.5874;19.7848;19.9823;20.1797;20.3772;20.5698;20.7577;20.9408;21.1191;21.2926;21.4661;21.6397;21.8132;21.9867;22.1602;22.3206;22.4678;22.6018;22.7226;22.8303;22.938;23.0457;23.1534;23.2611;23.3688;23.431;23.4477;23.419;23.3448;23.2251;23.1054;22.9858;22.8661;22.7464;22.6268;22.5453;22.5019;22.4968;22.5298;22.6009;22.6721;22.7433;22.8145;22.8856;22.9568;23.038;23.1293;23.2306;23.3419;23.4633;23.5847;23.7061;23.8275;23.9489;24.0703;24.1346;24.1417;24.0917;23.9846;23.8204;23.6562;23.492;23.3278;23.1636;22.9994;22.8855;22.8219;22.8086;22.8457;22.9331;23.0204;23.0978;23.1653;23.2228;23.2703;23.3079;23.3455;23.3375;23.2841;23.1851;23.0405;22.8505;22.6604;22.4703;22.2803;22.0902;21.9156;21.7564;21.6126;21.4843;21.3714;21.2585;21.1456;21.0176;20.8745;20.7162;20.5427;20.3541;20.1656;19.977;19.7951;19.6199;19.4514;19.2896;19.1345;18.9794;18.8242;18.6691;18.5501;18.4672;18.4203;18.4096;18.435;18.4604;18.4857;18.5111;18.5365;18.5618;18.6037;18.6069;18.5713;18.4969;18.3838;18.2286;18.0866;17.9579;17.8425;17.7403;17.6204;17.483;17.328;17.1555;16.9653;16.7751;16.585;16.3948;16.2046;16.0387;15.8971;15.7797;15.6866;15.6177;15.5488;15.4543;15.3341;15.1983;15.0469;14.8798;14.7228;14.5757;14.4287;14.2817;14.1346;13.9876;13.8406;13.7552;13.7316;13.7697;13.8695;14.031;14.1925;14.354;14.5155;14.677;14.8385;15",0.280744,"0;0.683333;0.316667"
0.876517,0.158524,0.564944,"1;1.04449;1.08898;1.13348;1.17797;1.22246;1.26695;1.31144;1.35594;1.40043;1.45891;1.53138;1.61785;1.7183;1.83275;1.94719;2.06163;2.17608;2.29052;2.40497;2.51941;2.64619;2.7853;2.93675;3.10053;3.27665;3.45277;3.62888;3.805;3.98112;4.15723;4.33335;4.46138;4.54131;4.57316;4.55691;4.50459;4.4643;4.43602;4.41977;4.41554;4.4113;4.40707;4.40284;4.3986;4.39437;4.38843;4.38077;4.37141;4.36034;4.34755;4.33477;4.32198;4.3092;4.29642;4.28363;4.27085;4.26346;4.26146;4.26485;4.27363;4.28781;4.30198;4.31616;4.33033;4.34451;4.35868;4.36;4.34846;4.37062;4.42649;4.51606;4.6522;4.83491;5.01761;5.20032;5.38302;5.56087;5.73386;5.90199;6.06527;6.22369;6.38211;6.54052;6.69894;6.85736;6.99562;7.11372;7.21166;7.28944;7.34705;7.40467;7.46229;7.51991;7.60514;7.71797;7.85841;8.02646;8.22211;8.41777;8.61343;8.81011;9.00783;9.20658;9.40637;9.60718;9.79458;9.96857;10.1291;10.2763;10.4108;10.5461;10.6821;10.8188;10.9563;11.0939;11.2314;11.3689;11.5064;11.6439;11.789;11.9418;12.1021;12.2701;12.4457;12.6213;12.7969;12.9725;13.1481;13.3237;13.4993;13.6735;13.8464;14.018;14.1882;14.357;14.5259;14.6947;14.8636;15.0324;15.2013;15.3701;15.54;15.7109;15.8828;16.0558;16.2297;16.4037;16.5777;16.7516;16.9256;17.0996;17.2735;17.4231;17.5483;17.649;17.7254;17.7773;17.8293;17.8812;17.9332;17.9851;18.0371;18.0891;18.1669;18.2706;18.4001;18.5556;18.7369;18.9182;19.0995;19.2808;19.4621;19.6434;19.8132;19.9717;20.1188;20.2544;20.3787;20.5029;20.6271;20.7514;20.8756;20.9998;21.1241;21.1988;21.2242;21.2;21.1264;21.0034;20.8803;20.7573;20.6342;20.5603;20.5354;20.5596;20.6329;20.7553;20.8776;21","15;15.1763;15.3526;15.5289;15.7052;15.8815;16.0577;16.234;16.4103;16.5866;16.7559;16.9182;17.0735;17.2218;17.363;17.5043;17.6456;17.7869;17.9282;18.0694;18.2107;18.3328;18.4356;18.5192;18.5836;18.6288;18.674;18.7192;18.7643;18.8095;18.8547;18.8999;18.9727;19.0732;19.2013;19.3571;19.5438;19.7339;19.9272;20.1239;20.3238;20.5238;20.7237;20.9237;21.1236;21.3236;21.5198;21.7124;21.9012;22.0863;22.2676;22.449;22.6304;22.8117;22.9931;23.1745;23.3558;23.5408;23.7294;23.9217;24.1176;24.3171;24.5166;24.716;24.9155;25.115;25.3145;25.429;25.4583;25.4594;25.4323;25.377;25.3786;25.4371;25.4955;25.554;25.6124;25.6424;25.644;25.6171;25.5617;25.4779;25.3941;25.3102;25.2264;25.1426;25.0368;24.9092;24.7596;24.5882;24.3949;24.2015;24.0082;23.8148;23.6636;23.5545;23.4875;23.4627;23.4799;23.4972;23.5145;23.5367;23.5637;23.5957;23.6325;23.6743;23.6752;23.6353;23.5546;23.4331;23.2762;23.1246;22.9784;22.8376;22.7021;22.5666;22.4311;22.2956;22.1601;22.0246;21.9068;21.8066;21.7241;21.6593;21.6122;21.565;21.5178;21.4707;21.4235;21.3763;21.3292;21.3049;21.3036;21.3252;21.3697;21.4371;21.5045;21.5719;21.6394;21.7068;21.7742;21.8416;21.885;21.9043;21.8996;21.8708;21.8179;21.765;21.7122;21.6593;21.6065;21.5536;21.5007;21.4236;21.3222;21.1965;21.0465;20.8723;20.6981;20.5238;20.3496;20.1753;20.0011;19.8269;19.6706;19.5323;19.4119;19.3095;19.2251;19.1406;19.0562;18.9717;18.8873;18.8028;18.7087;18.605;18.4915;18.3684;18.2357;18.1029;17.9702;17.8374;17.7047;17.5719;17.4392;17.3026;17.1622;17.0181;16.8701;16.7183;16.5665;16.4147;16.2629;16.1031;15.9353;15.7594;15.5756;15.3837;15.1919;15",0.28045,"0;0.7;0.3"
0.717992,0.202884,0.401006,"1;1.10476;1.20952;1.31428;1.41904;1.5238;1.62855;1.73331;1.83807;1.94283;2.04759;2.15235;2.26329;2.38042;2.50373;2.63322;2.7689;2.90458;3.04026;3.17594;3.31161;3.44729;3.58297;3.71865;3.85433;3.97629;4.08455;4.1791;4.25994;4.32706;4.39419;4.46132;4.52844;4.59557;4.6627;4.72982;4.79695;4.86408;4.94485;5.03927;5.14735;5.26907;5.40444;5.53981;5.67518;5.81055;5.94592;6.08129;6.21666;6.35203;6.4874;6.61953;6.74842;6.87407;7.00201;7.13226;7.26804;7.40936;7.55623;7.70309;7.84995;7.99681;8.14367;8.29053;8.43739;8.56975;8.68761;8.79096;8.87982;8.95417;9.02852;9.10287;9.19138;9.29403;9.41085;9.54181;9.68693;9.83204;9.97716;10.1223;10.2625;10.3978;10.5283;10.6538;10.7745;10.8952;11.0158;11.1365;11.2572;11.3778;11.4985;11.6192;11.7398;11.8671;12.001;12.1414;12.2885;12.4422;12.5959;12.7495;12.9032;13.0569;13.2106;13.3642;13.5179;13.6716;13.8192;13.9606;14.096;14.2253;14.3484;14.4716;14.5948;14.718;14.8411;14.9643;15.0875;15.2106;15.3338;15.457;15.5862;15.7214;15.8627;16.01;16.1633;16.3167;16.47;16.6233;16.7767;16.93;17.0834;17.2367;17.3901;17.523;17.6356;17.7277;17.7995;17.8509;17.9023;17.9537;18.0051;18.0566;18.108;18.1594;18.2108;18.2622;18.3136;18.349;18.3684;18.3718;18.3593;18.3307;18.3022;18.2736;18.2451;18.2166;18.188;18.1595;18.1309;18.1024;18.1017;18.1289;18.184;18.2669;18.3778;18.4886;18.5994;18.7102;18.8211;18.9319;19.0427;19.1535;19.2644;19.3752;19.4754;19.5649;19.6438;19.7121;19.7698;19.8274;19.885;19.9427;20.0003;20.058;20.1156;20.1733;20.2309;20.2889;20.3473;20.406;20.4651;20.5245;20.5839;20.6434;20.7028;20.7623;20.8217;20.8811;20.9406;21","15;15.1127;15.2253;15.338;15.4507;15.5633;15.676;15.7887;15.9013;16.014;16.1267;16.2394;16.344;16.4406;16.5292;16.6097;16.6823;16.7548;16.8273;16.8998;16.9724;17.0449;17.1174;17.19;17.2625;17.3482;17.4471;17.5591;17.6844;17.8228;17.9613;18.0997;18.2381;18.3765;18.515;18.6534;18.7918;18.9303;19.0556;19.1679;19.2671;19.3533;19.4264;19.4995;19.5726;19.6457;19.7188;19.7919;19.865;19.9381;20.0112;20.0798;20.1438;20.2034;20.2515;20.2882;20.318;20.3409;20.3569;20.3729;20.3889;20.405;20.421;20.437;20.453;20.4894;20.546;20.623;20.7202;20.8378;20.9554;21.073;21.1735;21.2571;21.3236;21.3731;21.4056;21.4381;21.4706;21.5031;21.5482;21.6059;21.6761;21.759;21.8544;21.9499;22.0453;22.1407;22.2362;22.3316;22.427;22.5225;22.6179;22.6928;22.7472;22.781;22.7943;22.787;22.7797;22.7724;22.7652;22.7579;22.7506;22.7434;22.7361;22.7288;22.7375;22.7621;22.8026;22.859;22.9314;23.0038;23.0761;23.1485;23.2209;23.2932;23.3656;23.438;23.5104;23.5827;23.6381;23.6766;23.698;23.7026;23.6901;23.6776;23.6652;23.6527;23.6403;23.6278;23.6153;23.6029;23.5904;23.5538;23.493;23.408;23.2989;23.1656;23.0323;22.8991;22.7658;22.6325;22.4992;22.3659;22.2326;22.0993;21.966;21.8292;21.6887;21.5447;21.3971;21.2459;21.0948;20.9436;20.7924;20.6412;20.4901;20.3389;20.1877;20.0365;19.8976;19.7708;19.6562;19.5539;19.4638;19.3736;19.2835;19.1933;19.1032;19.013;18.9229;18.8327;18.7426;18.6525;18.5518;18.4407;18.319;18.1869;18.0443;17.9016;17.759;17.6163;17.4737;17.3311;17.1884;17.0458;16.9031;16.7596;16.6152;16.4699;16.3237;16.1766;16.0295;15.8825;15.7354;15.5883;15.4412;15.2942;15.1471;15",0.259018,"0;0.716667;0.283333"
1.07986,0.401465,0.578651,"1;1.24818;1.49636;1.74455;1.99273;2.24091;2.48909;2.73696;2.98451;3.23174;3.47865;3.72525;3.97184;4.21844;4.46504;4.65962;4.80218;4.89272;4.93124;4.91775;4.8762;4.8066;4.70895;4.58325;4.42949;4.35792;4.36855;4.46136;4.6144;4.82766;5.01895;5.18828;5.33563;5.48299;5.63034;5.7777;5.88168;5.94229;5.95952;5.93338;5.86448;5.7962;5.72853;5.66148;5.59503;5.52859;5.51161;5.54408;5.626;5.75739;5.93822;6.11906;6.23446;6.28443;6.26896;6.18806;6.04172;5.89539;5.74905;5.60271;5.51188;5.47655;5.49672;5.5724;5.70358;5.85541;6.02789;6.22102;6.43481;6.66924;6.90367;7.1381;7.37254;7.57467;7.74451;7.88206;7.9873;8.06025;8.1332;8.20615;8.2791;8.34306;8.41714;8.50135;8.59568;8.70014;8.82373;8.96828;9.1338;9.32028;9.52773;9.75614;9.98455;10.213;10.4237;10.6168;10.7922;10.95;11.09;11.2301;11.3702;11.5171;11.6709;11.8316;11.999;12.1487;12.2736;12.3739;12.4495;12.5004;12.5512;12.6021;12.653;12.7422;12.8698;13.0357;13.24;13.4826;13.7252;13.9679;14.1764;14.3509;14.4913;14.5976;14.6698;14.742;14.8142;14.8865;14.9868;15.1152;15.2717;15.4562;15.6689;15.8816;16.0942;16.3069;16.509;16.7004;16.8812;17.0514;17.211;17.3706;17.5302;17.6898;17.7799;17.8004;17.7515;17.6331;17.4452;17.2573;17.0694;16.8814;16.7292;16.6127;16.5318;16.4866;16.4771;16.4676;16.458;16.4242;16.3661;16.2837;16.1769;16.1172;16.1287;16.2115;16.3656;16.591;16.8164;16.9928;17.1203;17.1988;17.2289;17.2106;17.1928;17.1756;17.159;17.1423;17.1257;17.1443;17.1981;17.2871;17.4113;17.5708;17.7302;17.8897;18.0491;18.2212;18.406;18.6035;18.8136;19.0363;19.2591;19.4819;19.7046;19.9395;20.1865;20.4455;20.7167;21","15;14.9699;14.9398;14.9097;14.8796;14.8495;14.8194;14.7871;14.7526;14.7159;14.677;14.6359;14.5948;14.5537;14.5126;14.5277;14.5991;14.7268;14.9106;15.1508;15.3863;15.6173;15.8436;16.0654;16.2826;16.4455;16.554;16.6081;16.6569;16.7003;16.7927;16.9342;17.1246;17.315;17.5055;17.6959;17.8897;18.0867;18.2871;18.4907;18.7023;18.9187;19.1398;19.3655;19.596;19.8265;20.0461;20.2549;20.4529;20.64;20.8163;20.9926;21.1727;21.3567;21.5445;21.7362;21.9317;22.1272;22.3228;22.5183;22.6311;22.6613;22.6088;22.4735;22.2556;22.0923;21.9837;21.9297;21.9303;21.9856;22.0409;22.0962;22.1515;22.2428;22.3701;22.5335;22.7328;22.9682;23.2036;23.439;23.6744;23.9057;24.052;24.1133;24.0895;23.9807;23.791;23.6288;23.494;23.3867;23.3068;23.2544;23.2021;23.1497;23.0664;22.9523;22.8073;22.6314;22.4247;22.218;22.0113;21.878;21.818;21.8315;21.9184;22;22.0031;21.9275;21.7733;21.5406;21.3078;21.075;20.8422;20.668;20.5524;20.4954;20.4971;20.5573;20.6176;20.6779;20.7739;20.9058;21.0735;21.277;21.5164;21.7557;21.9951;22.2344;22.4522;22.6483;22.8229;22.9759;23.1074;23.2388;23.3702;23.5017;23.5683;23.5702;23.5073;23.3796;23.1872;22.9948;22.8023;22.6099;22.4239;22.2443;22.0711;21.9043;21.7439;21.5835;21.4231;21.2627;21.0873;20.8968;20.6912;20.4705;20.2348;19.9991;19.7634;19.5262;19.2877;19.0477;18.8063;18.5883;18.3951;18.2266;18.083;17.9642;17.8453;17.698;17.5221;17.3177;17.0906;16.841;16.5973;16.3594;16.1275;15.8956;15.6636;15.4396;15.2234;15.0151;14.8147;14.6221;14.4296;14.237;14.0445;13.9131;13.843;13.8341;13.8863;13.9998;14.1133;14.2267;14.3402;14.4598;14.5856;14.7176;14.8557;15",0.448715,"0;0.733333;0.266667"
1.39951,0.100418,1.10146,"1;1.02216;1.04433;1.06649;1.08866;1.15165;1.25549;1.40015;1.58565;1.81198;2.03831;2.21867;2.35306;2.44147;2.48392;2.48039;2.47686;2.52919;2.63736;2.80139;3.02127;3.297;3.57273;3.85659;4.14859;4.44873;4.757;5.07341;5.38982;5.68779;5.96732;6.22842;6.47109;6.69532;6.94068;7.20718;7.49481;7.80357;8.13347;8.46337;8.76661;9.04319;9.2931;9.51636;9.71295;9.90955;10.126;10.3624;10.6187;10.8949;11.191;11.4871;11.7611;12.0128;12.2424;12.4499;12.6352;12.8204;13.0055;13.1906;13.3755;13.5605;13.7454;13.928;14.1085;14.287;14.4637;14.6385;14.8137;15.0214;15.2612;15.5331;15.837;16.1299;16.3795;16.586;16.7493;16.8695;17.0244;17.2143;17.439;17.6985;17.9929;18.2924;18.5969;18.9066;19.2213;19.541;19.8608;20.1749;20.4834;20.7863;21.0835;21.3751;21.5902;21.7289;21.791;21.7766;21.6858;21.595;21.584;21.6529;21.8017;22.0303;22.3388;22.6473;22.9604;23.2781;23.6003;23.9271;24.2585;24.5899;24.8189;24.9455;24.9696;24.8914;24.7108;24.5301;24.4181;24.3747;24.3999;24.4937;24.6561;24.8185;24.9909;25.1733;25.3656;25.568;25.7803;25.9926;26.2257;26.4794;26.7537;27.0488;27.3646;27.6803;27.8714;27.9379;27.8798;27.697;27.4366;27.2233;27.057;26.9377;26.8773;26.8287;26.7919;26.7669;26.8115;26.9141;27.0745;27.2928;27.5689;27.8451;28.0172;28.0852;28.0491;27.9089;27.6647;27.4204;27.1788;26.9397;26.7031;26.4692;26.2305;25.9845;25.7311;25.5591;25.4685;25.4666;25.4568;25.439;25.3245;25.1134;24.8056;24.4978;24.2274;23.9943;23.7987;23.6405;23.5196;23.3987;23.2419;23.0492;22.8206;22.556;22.2714;21.9851;21.6971;21.4073;21.1158;20.8863;20.7805;20.7981;20.9393;21.1082;21.225;21.2458;21.1709;21","15;15.3326;15.6652;15.9978;16.3304;16.6454;16.9428;17.2227;17.485;17.7297;17.9744;18.2369;18.517;18.8149;19.1305;19.4638;19.7971;20.1012;20.3761;20.6219;20.8384;21.0257;21.213;21.3838;21.5381;21.676;21.7973;21.9022;22.0071;22.1344;22.2841;22.4563;22.6509;22.868;23.0511;23.2005;23.3159;23.3975;23.4452;23.493;23.585;23.7213;23.9019;24.1268;24.396;24.6652;24.8694;25.0086;25.0828;25.092;25.0363;24.9805;24.8832;24.7444;24.5641;24.3422;24.0788;23.8136;23.5464;23.2774;23.0065;22.7338;22.461;22.3061;22.2692;22.3492;22.5462;22.8601;23.1731;23.4048;23.5561;23.6272;23.618;23.6013;23.6576;23.7866;23.9886;24.2634;24.5064;24.7177;24.8971;25.0446;25.1604;25.2714;25.3777;25.4792;25.576;25.668;25.76;25.8121;25.8244;25.7968;25.7294;25.6221;25.6004;25.6643;25.8138;26.0489;26.3696;26.6903;26.9721;27.2151;27.4191;27.5842;27.7104;27.8367;27.9304;27.9918;28.0207;28.0172;27.9812;27.9452;27.8604;27.7268;27.5443;27.313;27.0329;26.7527;26.4704;26.1858;25.8991;25.6102;25.3191;25.028;24.7438;24.4663;24.1957;23.9319;23.675;23.418;23.1911;22.9942;22.8273;22.6905;22.5837;22.4768;22.3816;22.298;22.2261;22.1657;22.0657;21.9146;21.7122;21.4586;21.1469;20.8283;20.5028;20.1704;19.8616;19.5834;19.3356;19.1185;18.9318;18.7451;18.5574;18.3685;18.1785;17.9873;17.7951;17.6028;17.4941;17.4689;17.5273;17.6691;17.8557;18.0033;18.1122;18.1268;18.0471;17.912;17.7727;17.6293;17.537;17.4959;17.5061;17.5162;17.4634;17.3476;17.1688;16.927;16.6223;16.3175;16.0557;15.837;15.6612;15.5284;15.4272;15.3035;15.1572;14.9885;14.7972;14.6672;14.5362;14.4043;14.2715;14.2504;14.2688;14.3998;14.6435;15",0.350677,"0;0.75;0.25"
0.898676,0.211091,0.515057,"1;1.19563;1.39127;1.5869;1.78253;1.97816;2.1738;2.36943;2.56506;2.71157;2.80897;2.85724;2.85639;2.80642;2.75645;2.70649;2.65652;2.60655;2.55658;2.55789;2.61048;2.66888;2.73309;2.80312;2.82768;2.80677;2.78587;2.76496;2.74405;2.72315;2.70224;2.71675;2.76669;2.85204;2.97281;3.12899;3.28518;3.44137;3.59756;3.75374;3.90993;4.0734;4.24414;4.42217;4.60747;4.80005;4.99263;5.18521;5.37779;5.57036;5.76679;5.96705;6.17116;6.37912;6.57797;6.76388;6.93685;7.09688;7.24396;7.39105;7.53813;7.68522;7.8323;7.98977;8.15763;8.33587;8.52449;8.7235;8.89303;9.03306;9.14361;9.22468;9.27625;9.32782;9.4064;9.51198;9.64457;9.80416;9.99075;10.1773;10.3639;10.5403;10.7064;10.8729;11.0397;11.2068;11.3846;11.5729;11.7612;11.9495;12.1378;12.3261;12.5144;12.695;12.868;13.0333;13.191;13.341;13.491;13.6409;13.7862;13.9267;14.0624;14.1935;14.3197;14.446;14.5723;14.6986;14.8249;14.9643;15.117;15.2828;15.4618;15.654;15.8462;16.0383;16.1989;16.3279;16.4252;16.491;16.5251;16.5592;16.5934;16.6206;16.641;16.6544;16.661;16.6608;16.6605;16.6602;16.6599;16.6596;16.6249;16.5557;16.452;16.3686;16.3053;16.2967;16.3427;16.3999;16.4135;16.3835;16.31;16.1929;16.0758;15.9587;15.8416;15.7246;15.6075;15.5443;15.5349;15.5794;15.6777;15.8299;15.9822;16.1344;16.2866;16.4388;16.5723;16.687;16.783;16.8603;16.9189;16.9775;17.0361;17.0947;17.1696;17.2609;17.3685;17.4924;17.6441;17.8071;17.9816;18.1674;18.3646;18.5619;18.7591;18.9563;19.1535;19.3507;19.5388;19.7178;19.8876;20.0483;20.1999;20.3515;20.5031;20.6547;20.8062;20.9578;21.0726;21.1505;21.1915;21.1957;21.1631;21.1305;21.0979;21.0652;21.0326;21","15;15.0416;15.0831;15.1247;15.1663;15.2078;15.2494;15.291;15.3325;15.4045;15.5069;15.6398;15.803;15.9966;16.1903;16.384;16.5776;16.7713;16.9649;17.1261;17.2547;17.3843;17.515;17.6468;17.8121;18.011;18.2099;18.4089;18.6078;18.8067;19.0056;19.1897;19.359;19.5135;19.6532;19.7781;19.9031;20.028;20.1529;20.2778;20.4027;20.5132;20.6093;20.6909;20.7581;20.8108;20.8635;20.9163;20.969;21.0217;21.0732;21.1234;21.1724;21.2201;21.2843;21.3663;21.4661;21.5836;21.7189;21.8542;21.9895;22.1248;22.2601;22.3791;22.4817;22.5681;22.6382;22.692;22.7727;22.8804;23.015;23.1765;23.365;23.5534;23.7197;23.8639;23.9858;24.0856;24.1632;24.2409;24.3185;24.398;24.4794;24.5332;24.5593;24.5577;24.5266;24.466;24.4053;24.3446;24.284;24.2233;24.1627;24.1375;24.1479;24.1938;24.2752;24.3921;24.5091;24.626;24.6909;24.7038;24.6647;24.5736;24.4305;24.2874;24.1443;24.0012;23.8581;23.7459;23.6648;23.6147;23.5955;23.6073;23.6192;23.631;23.5993;23.5241;23.4054;23.2431;23.0373;22.8315;22.6257;22.4231;22.2236;22.0273;21.8341;21.6441;21.4541;21.2641;21.0741;20.8841;20.739;20.6387;20.5834;20.5329;20.4873;20.4016;20.2759;20.1134;19.9542;19.7982;19.6454;19.4958;19.3462;19.1966;19.0471;18.8975;18.7479;18.6;18.4538;18.3093;18.1665;18.0253;17.8842;17.743;17.6018;17.4607;17.3106;17.1514;16.9833;16.8063;16.6202;16.4342;16.2481;16.062;15.8829;15.7107;15.5454;15.387;15.2725;15.1949;15.1543;15.1506;15.1838;15.217;15.2503;15.2835;15.3167;15.3499;15.4026;15.4747;15.5663;15.6773;15.8078;15.9383;16.0688;16.1992;16.3297;16.4602;16.5215;16.5137;16.4369;16.2908;16.0757;15.8606;15.6454;15.4303;15.2151;15",0.282017,"0;0.766667;0.233333"
0.854588,0.327606,0.176302,"1;1.08933;1.17866;1.26799;1.35732;1.44665;1.53599;1.62532;1.71465;1.80398;1.87543;1.929;1.96469;1.9825;1.98243;1.98235;1.98228;1.98221;1.98214;1.98207;1.98199;2.01778;2.08941;2.19691;2.34025;2.51946;2.69866;2.87786;3.05707;3.23627;3.41547;3.59467;3.77431;3.95438;4.13489;4.31582;4.4972;4.67857;4.85994;5.04131;5.22268;5.40406;5.58543;5.73254;5.8454;5.92399;5.96833;5.97841;5.9885;5.99858;6.00866;6.01874;6.02882;6.07681;6.16272;6.28654;6.44826;6.64791;6.84755;7.04719;7.24683;7.43747;7.61911;7.79176;7.9554;8.11005;8.27312;8.44461;8.62454;8.81289;9.00967;9.20644;9.40322;9.59033;9.76776;9.93553;10.0936;10.242;10.3523;10.4244;10.5027;10.5872;10.6779;10.8129;10.9922;11.1715;11.3508;11.5302;11.7095;11.8888;12.0681;12.2473;12.4262;12.605;12.7837;12.9621;13.1406;13.319;13.4975;13.676;13.8544;13.9922;14.0893;14.1456;14.1613;14.1363;14.1113;14.0863;14.0613;14.0363;14.0113;14.0266;14.0822;14.1781;14.3143;14.4908;14.6673;14.8439;15.0204;15.1972;15.3745;15.552;15.7299;15.9082;16.0864;16.2647;16.4429;16.5926;16.7136;16.8061;16.8891;16.9628;17.0557;17.1678;17.2991;17.4304;17.5617;17.6931;17.8244;17.9072;17.9415;17.9273;17.8647;17.7535;17.6423;17.5311;17.4498;17.3984;17.3769;17.3852;17.4235;17.4617;17.4999;17.5382;17.5764;17.6447;17.7429;17.8712;17.9928;18.1075;18.1856;18.2269;18.2314;18.2359;18.2404;18.245;18.2495;18.2385;18.2119;18.1697;18.112;18.0388;18.0112;18.0293;18.0931;18.2026;18.3577;18.5128;18.6061;18.6375;18.6071;18.5149;18.3608;18.2733;18.2524;18.2982;18.4106;18.5896;18.7686;18.9477;19.1267;19.3057;19.4848;19.6638;19.8559;20.0612;20.2795;20.5109;20.7555;21","15;14.8416;14.6833;14.5249;14.3666;14.2082;14.0498;13.8915;13.7331;13.5748;13.4117;13.244;13.0715;12.8944;12.7126;12.5308;12.349;12.1671;11.9853;11.8035;11.6217;11.4701;11.3487;11.2575;11.1966;11.1659;11.1351;11.1044;11.0737;11.0429;11.0122;10.9815;10.9544;10.9308;10.9109;10.8946;10.8818;10.8691;10.8564;10.8436;10.8309;10.8182;10.8054;10.7557;10.6691;10.5454;10.3848;10.1873;9.98972;9.79215;9.59459;9.39702;9.19945;9.03973;8.91786;8.83383;8.78764;8.77931;8.77097;8.76263;8.75429;8.72334;8.66979;8.59363;8.49487;8.3735;8.28389;8.22605;8.19998;8.20568;8.24315;8.28061;8.31808;8.32483;8.30088;8.24622;8.16085;8.04477;7.91743;7.77882;7.65882;7.55743;7.47465;7.42175;7.39871;7.37568;7.35264;7.32961;7.30658;7.28354;7.26051;7.23733;7.21402;7.19057;7.16698;7.14325;7.11952;7.0958;7.07207;7.04834;7.02461;6.96795;6.87835;6.75582;6.60035;6.41195;6.22355;6.03515;5.84675;5.65835;5.46995;5.32642;5.22774;5.17392;5.16496;5.20087;5.23677;5.27268;5.30858;5.35284;5.40546;5.46645;5.53579;5.61348;5.69118;5.76888;5.84658;5.94468;6.06317;6.20206;6.35299;6.51597;6.67061;6.81689;6.95483;7.09276;7.2307;7.36863;7.50657;7.64653;7.78852;7.93254;8.07858;8.22665;8.37472;8.5228;8.68044;8.84767;9.02446;9.21084;9.40679;9.60274;9.79869;9.99464;10.1906;10.3576;10.4957;10.6048;10.7136;10.8222;10.9596;11.1256;11.3203;11.515;11.7097;11.9044;12.0992;12.2879;12.4706;12.6472;12.8179;12.9826;13.1377;13.2831;13.4191;13.5454;13.6621;13.7789;13.8909;13.9982;14.1008;14.1986;14.2917;14.3726;14.4411;14.4974;14.5414;14.5731;14.6048;14.6365;14.6682;14.6999;14.7316;14.7633;14.7974;14.8337;14.8724;14.9134;14.9567;15",0.294823,"0;0.783333;0.216667"
0.931115,0.0741361,0.698537,"1;1.14448;1.28896;1.43344;1.57791;1.72239;1.86687;2.01135;2.15583;2.26407;2.33607;2.37183;2.37134;2.33462;2.2979;2.26118;2.22446;2.18774;2.15102;2.1448;2.16909;2.22388;2.30918;2.42499;2.54079;2.67355;2.82324;2.98989;3.17348;3.37401;3.57455;3.77508;3.97562;4.14862;4.2941;4.41205;4.50247;4.56537;4.62826;4.69115;4.75405;4.81694;4.87983;4.96932;5.08542;5.22811;5.3974;5.59329;5.78918;5.94753;6.06834;6.15161;6.19734;6.20553;6.21373;6.22192;6.23011;6.2383;6.24649;6.29145;6.37318;6.49167;6.64693;6.83895;7.02799;7.21405;7.39712;7.5772;7.7543;7.93141;8.10851;8.28561;8.46271;8.58547;8.65389;8.66796;8.62769;8.53307;8.43845;8.39622;8.40637;8.4689;8.58381;8.7511;8.91839;9.07786;9.2295;9.37332;9.50932;9.64722;9.79485;9.95219;10.1193;10.2961;10.475;10.6562;10.8395;11.025;11.2127;11.4003;11.588;11.7757;11.9592;12.1387;12.314;12.4877;12.6599;12.8347;13.012;13.1919;13.3717;13.5516;13.7314;13.9113;14.0912;14.272;14.4538;14.6366;14.8204;15.0052;15.1899;15.3796;15.5742;15.7737;15.978;16.1873;16.389;16.5831;16.7696;16.9484;17.1196;17.2909;17.4621;17.6333;17.8046;17.9187;17.9758;17.9757;17.9186;17.8044;17.6901;17.5759;17.4617;17.3475;17.2332;17.1285;17.0331;16.9473;16.8708;16.8344;16.8285;16.8531;16.9083;16.994;17.0797;17.1655;17.2512;17.3369;17.4518;17.5958;17.7691;17.9601;18.1689;18.3664;18.5524;18.7271;18.8657;18.9681;19.0343;19.0644;19.0583;19.0523;19.0462;19.0401;19.0341;19.028;19.058;19.1242;19.2264;19.3647;19.5391;19.7136;19.888;20.0367;20.1596;20.2568;20.3283;20.3741;20.4198;20.4656;20.5113;20.5571;20.6028;20.6516;20.7036;20.7585;20.8166;20.8777;20.9389;21","15;15.1383;15.2766;15.4149;15.5532;15.6915;15.8298;15.9681;16.1064;16.2563;16.4179;16.5912;16.7762;16.9728;17.1694;17.366;17.5626;17.7592;17.9558;18.1436;18.3226;18.4928;18.6542;18.8068;18.9594;19.0978;19.2219;19.3318;19.4274;19.5087;19.5901;19.6714;19.7528;19.8558;19.9806;20.127;20.2952;20.4851;20.6749;20.8648;21.0546;21.2445;21.4343;21.6004;21.7426;21.861;21.9556;22.0264;22.0971;22.1925;22.3125;22.4572;22.6264;22.8203;23.0141;23.208;23.4019;23.5957;23.7896;23.9487;24.0731;24.1627;24.2176;24.2377;24.2708;24.317;24.3762;24.4484;24.5336;24.6188;24.704;24.7893;24.8745;24.9764;25.095;25.2303;25.3823;25.5509;25.7196;25.8267;25.8723;25.8563;25.7789;25.6398;25.5008;25.3548;25.2018;25.0418;24.8748;24.7599;24.7042;24.7075;24.77;24.8916;25.01;25.1251;25.2369;25.3455;25.4508;25.5561;25.6615;25.7668;25.8398;25.8805;25.8888;25.8586;25.7898;25.7148;25.6335;25.5461;25.4586;25.3711;25.2837;25.1962;25.1087;25.0513;25.024;25.0268;25.0597;25.1227;25.1857;25.2502;25.3163;25.384;25.4532;25.524;25.5601;25.5615;25.5282;25.4601;25.3573;25.2546;25.1518;25.049;24.9463;24.8312;24.7039;24.5643;24.4124;24.2482;24.0841;23.9199;23.7557;23.5916;23.4274;23.2591;23.0867;22.9102;22.7296;22.5433;22.3552;22.1655;21.9742;21.7812;21.5881;21.3951;21.2021;21.0091;20.862;20.7608;20.7056;20.7;20.744;20.7917;20.8432;20.8983;20.9025;20.8557;20.758;20.6093;20.4097;20.21;20.0103;19.8107;19.611;19.4114;19.2298;19.0664;18.921;18.7937;18.6845;18.5754;18.4662;18.3399;18.1965;18.036;17.8584;17.6637;17.469;17.2743;17.0796;16.8849;16.6902;16.4824;16.2615;16.0276;15.7805;15.5203;15.2602;15",0.199016,"0;0.8;0.2"
1.0671,0.220822,0.676031,"1;1.21795;1.43591;1.65386;1.87181;2.08977;2.30772;2.53169;2.76169;2.99771;3.23975;3.48782;3.73588;3.98394;4.23201;4.44261;4.61574;4.75142;4.84962;4.91037;4.97111;5.03185;5.0926;5.10668;5.0741;4.99486;4.86895;4.69639;4.52383;4.35126;4.1787;4.00935;3.84321;3.68029;3.52058;3.36409;3.2076;3.05111;2.89462;2.7758;2.69465;2.65118;2.64538;2.67725;2.70912;2.74099;2.77287;2.80289;2.83106;2.85739;2.88186;2.90449;2.92711;2.94974;2.97237;2.99499;3.05391;3.14911;3.28061;3.4484;3.65248;3.85655;4.06063;4.26471;4.4473;4.6084;4.74802;4.86615;4.96279;5.05944;5.15608;5.23627;5.30001;5.34729;5.37813;5.39251;5.40689;5.42127;5.46596;5.54095;5.64626;5.78186;5.94778;6.11369;6.24846;6.35208;6.42455;6.46587;6.47605;6.48622;6.4964;6.54872;6.6432;6.77983;6.95862;7.17955;7.40049;7.62142;7.84236;8.00328;8.1042;8.19199;8.26666;8.32821;8.43666;8.59199;8.74732;8.90265;9.05798;9.21331;9.38213;9.56443;9.76022;9.9695;10.1923;10.415;10.6378;10.8605;11.0767;11.2862;11.4891;11.6854;11.8751;12.0648;12.2616;12.4654;12.6763;12.8943;13.1194;13.3445;13.5696;13.7865;13.9953;14.196;14.3886;14.5731;14.7575;14.942;15.1264;15.2597;15.3417;15.3724;15.352;15.2803;15.2632;15.3006;15.3926;15.5391;15.7402;15.9413;16.1424;16.3435;16.5446;16.7312;16.9035;17.0614;17.2049;17.3341;17.4632;17.5923;17.7214;17.8313;17.922;17.9935;18.0458;18.0789;18.112;18.1451;18.1782;18.2113;18.2859;18.4021;18.5597;18.7589;18.9996;19.2403;19.481;19.7217;19.9444;20.1489;20.3353;20.5036;20.6539;20.8041;20.9544;21.1046;21.2549;21.3592;21.4177;21.4302;21.3968;21.3176;21.2383;21.159;21.0798;21.0216;20.9846;20.9686;20.9738;21","15;15.1225;15.2449;15.3674;15.4898;15.6123;15.7348;15.8265;15.8876;15.9179;15.9176;15.8865;15.8555;15.8244;15.7934;15.817;15.8954;16.0285;16.2163;16.4588;16.7013;16.9438;17.1863;17.4165;17.6343;17.8399;18.0331;18.214;18.3949;18.5758;18.7567;18.9404;19.1269;19.3162;19.5084;19.7033;19.8983;20.0933;20.2882;20.4938;20.7099;20.9367;21.1741;21.422;21.67;21.9179;22.1659;22.4085;22.6457;22.8775;23.104;23.325;23.5461;23.7672;23.9882;24.2093;24.4061;24.5787;24.727;24.851;24.9508;25.0506;25.1504;25.2502;25.3722;25.5162;25.6824;25.8707;26.0812;26.2916;26.5021;26.6198;26.6448;26.577;26.4165;26.1633;25.9101;25.6569;25.4205;25.2009;24.9982;24.8123;24.6432;24.4741;24.2902;24.0917;23.8784;23.6504;23.4077;23.165;22.9223;22.7101;22.5284;22.3771;22.2564;22.1661;22.0759;21.9857;21.8954;21.7767;21.6294;21.5319;21.4843;21.4866;21.5671;21.7261;21.885;22.0439;22.2028;22.3617;22.4662;22.5161;22.5116;22.4526;22.3391;22.2256;22.1121;21.9987;21.9341;21.9183;21.9515;22.0335;22.1644;22.2953;22.4166;22.5283;22.6305;22.7231;22.8061;22.8891;22.9721;23.0107;23.0046;22.9541;22.859;22.7195;22.5799;22.4403;22.3007;22.143;21.9671;21.7729;21.5606;21.3302;21.1647;21.0642;21.0288;21.0584;21.153;21.2476;21.3422;21.4368;21.5314;21.5643;21.5354;21.4448;21.2924;21.0783;20.8643;20.6502;20.4361;20.2209;20.0046;19.7871;19.5685;19.3487;19.129;18.9092;18.6895;18.4698;18.2805;18.1216;17.9932;17.8952;17.8277;17.7601;17.6926;17.6251;17.5383;17.4323;17.307;17.1625;16.9988;16.8351;16.6713;16.5076;16.3439;16.1654;15.9724;15.7646;15.5422;15.3051;15.068;14.8309;14.5938;14.4628;14.4379;14.5192;14.7065;15",0.304277,"0;0.816667;0.183333"
1.37426,0.165544,0.250921,"1;1.27427;1.54853;1.8228;2.09706;2.37133;2.57923;2.72076;2.79593;2.80473;2.74716;2.68959;2.63202;2.56745;2.49587;2.41728;2.33168;2.23908;2.14647;2.05387;2.0429;2.11358;2.26589;2.49985;2.7678;2.98811;3.16077;3.2858;3.36317;3.44055;3.55355;3.70217;3.88642;4.10628;4.36176;4.61724;4.87681;5.14046;5.40819;5.68;5.9559;6.2318;6.4492;6.60811;6.70852;6.75044;6.73386;6.71728;6.75676;6.85229;7.0116;7.23469;7.52155;7.81614;8.05657;8.23512;8.35179;8.40659;8.39951;8.39242;8.38534;8.36535;8.33245;8.28665;8.22793;8.15631;8.08469;8.05292;8.06099;8.10891;8.19667;8.32428;8.48413;8.67622;8.90055;9.0952;9.26019;9.36327;9.44707;9.51159;9.61875;9.76853;9.96095;10.1735;10.4062;10.6591;10.9321;11.2252;11.504;11.7684;12.0185;12.2542;12.4756;12.6969;12.9182;13.15;13.3922;13.6448;13.9078;14.1813;14.4547;14.7282;15.0135;15.3108;15.6201;15.9412;16.2743;16.6074;16.9042;17.1649;17.3894;17.5777;17.7298;17.8819;18.034;18.19;18.3499;18.5136;18.6813;18.8841;19.1183;19.3837;19.6803;20.0083;20.3362;20.6376;20.9122;21.1603;21.3816;21.5764;21.7819;21.9981;22.2251;22.4629;22.7114;22.9599;23.2243;23.5047;23.801;24.1133;24.4333;24.7451;25.0487;25.3441;25.6313;25.9185;26.1429;26.3043;26.4028;26.4978;26.5892;26.74;26.9502;27.2197;27.4134;27.5312;27.5733;27.5395;27.4455;27.367;27.304;27.2566;27.2247;27.1928;27.123;27.0154;26.8699;26.6864;26.4652;26.2439;26.025;25.8085;25.5943;25.3826;25.1732;24.9616;24.7478;24.5317;24.3133;24.0927;23.8721;23.6702;23.4713;23.2755;23.0827;22.893;22.6876;22.5054;22.3463;22.2418;22.1919;22.1965;22.1758;22.1297;22.0267;21.8668;21.6501;21.4334;21.2167;21","15;14.9199;14.8399;14.7598;14.6797;14.5997;14.4796;14.3196;14.1197;13.8798;13.6;13.3201;13.0402;12.7623;12.4863;12.2122;11.94;11.6697;11.3994;11.1291;10.8974;10.7043;10.5498;10.4339;10.3107;10.1416;9.92671;9.66591;9.35923;9.05255;8.77923;8.53927;8.33268;8.15944;8.01957;7.8797;7.7487;7.62659;7.51336;7.40901;7.31355;7.21808;7.08534;6.91534;6.70806;6.46352;6.1817;5.89989;5.65233;5.43903;5.27893;5.17204;5.11835;5.08361;5.01384;4.89011;4.71242;4.48076;4.19513;3.90951;3.62388;3.33027;3.02867;2.71909;2.40153;2.07598;1.75043;1.54237;1.45179;1.4787;1.62309;1.88497;2.13364;2.36912;2.5914;2.82285;3.06346;3.32644;3.60205;3.89028;4.16877;4.43752;4.69654;4.9242;5.12052;5.28549;5.41911;5.52138;5.56706;5.55616;5.48867;5.36459;5.18393;5.00327;4.8226;4.66151;4.51998;4.39802;4.29563;4.2128;4.12998;4.04716;3.98354;3.93912;3.91391;3.90791;3.92111;3.9343;3.89649;3.80766;3.66782;3.47697;3.23511;2.99325;2.75138;2.51017;2.26961;2.0297;1.79044;1.61148;1.49217;1.43251;1.4325;1.49213;1.55177;1.55964;1.51575;1.42009;1.27266;1.07347;0.956023;0.920312;0.966341;1.09411;1.30362;1.51313;1.69248;1.84168;1.96073;2.04962;2.09267;2.12003;2.13171;2.12771;2.10802;2.08833;2.12886;2.2296;2.39055;2.58362;2.8088;3.00588;3.17486;3.31574;3.4873;3.68953;3.92244;4.18602;4.48192;4.77946;5.07864;5.37946;5.68192;5.98439;6.26671;6.52889;6.77093;6.99282;7.19458;7.39633;7.60624;7.82431;8.05055;8.28494;8.52749;8.7656;8.99927;9.22848;9.45325;9.67358;9.89391;10.0639;10.2467;10.4421;10.6504;10.8713;11.1553;11.457;11.7764;12.1068;12.4482;12.8006;13.1291;13.4335;13.7205;13.9903;14.2427;14.4951;14.7476;15",0.179773,"0;0.833333;0.166667"
1.31349,0.152984,1.40015,"1;1.22437;1.44875;1.67312;1.8975;2.12187;2.35828;2.60671;2.86717;3.13967;3.42419;3.70871;3.99323;4.21124;4.36275;4.44776;4.46625;4.41825;4.42541;4.48776;4.60529;4.77799;5.00587;5.25465;5.52433;5.81491;6.12639;6.3965;6.60434;6.74992;6.83324;6.85429;6.87535;6.8964;6.87883;6.82264;6.72783;6.59439;6.42233;6.25028;6.07822;5.95469;5.87968;5.85321;5.87525;5.94583;6.0164;6.08698;6.10421;6.0681;5.97865;5.83586;5.63972;5.44358;5.31834;5.264;5.28055;5.368;5.55258;5.7634;6.00045;6.26374;6.55327;6.84279;7.02146;7.08925;7.04618;6.89225;6.62745;6.36265;6.17923;6.07718;6.05651;6.11721;6.24265;6.35146;6.44363;6.51917;6.57807;6.63698;6.73781;6.88057;7.06526;7.29188;7.56043;7.79954;8.00922;8.18946;8.34027;8.46165;8.58302;8.72061;8.8744;9.04441;9.23063;9.43306;9.66963;9.94036;10.2216;10.5134;10.8157;11.0944;11.3495;11.5717;11.7609;11.9172;12.0405;12.1309;12.2213;12.327;12.4481;12.5846;12.7364;12.8797;12.9989;13.0941;13.2116;13.3514;13.5375;13.7699;14.0485;14.3272;14.4924;14.5441;14.4823;14.4136;14.3379;14.3689;14.5064;14.7505;14.9945;15.2386;15.4892;15.7464;16.0102;16.2805;16.5574;16.8343;17.1112;17.378;17.6346;17.8385;17.9899;18.0887;18.1451;18.159;18.1387;18.0842;17.9955;17.8727;17.7156;17.5586;17.4579;17.4135;17.4254;17.4937;17.6011;17.6914;17.7645;17.8203;17.8591;17.8653;17.8074;17.6854;17.4993;17.249;16.9672;16.6854;16.4709;16.3239;16.2443;16.2322;16.3402;16.5009;16.7144;16.9807;17.2997;17.6188;17.9268;18.2239;18.5099;18.785;19.0491;19.3132;19.5773;19.8312;20.075;20.3087;20.5323;20.7457;20.9592;21.1194;21.2264;21.2801;21.2807;21.228;21.1754;21.1192;21.07;21","15;15.1769;15.3538;15.5307;15.7075;15.8844;16.0312;16.1477;16.2341;16.2904;16.3165;16.3425;16.3686;16.4467;16.5766;16.7585;16.9923;17.2781;17.5482;17.8027;18.0415;18.2647;18.4723;18.6216;18.7126;18.7454;18.72;18.71;18.7738;18.9113;19.1225;19.4074;19.6924;19.9773;20.2509;20.5131;20.7639;21.0034;21.2315;21.4596;21.6877;21.9255;22.1731;22.4305;22.6976;22.9744;23.2513;23.5282;23.7924;24.0439;24.2827;24.5089;24.7225;24.936;25.1642;25.4071;25.6647;25.937;26.1935;26.4195;26.6151;26.7802;26.9149;27.0495;27.1977;27.3595;27.5348;27.7237;27.9262;28.1287;28.245;28.2751;28.2191;28.0769;27.9508;27.9271;28.0056;28.1865;28.4696;28.7528;29.0172;29.2628;29.4896;29.6976;29.8869;29.9781;29.9711;29.8661;29.6629;29.3616;29.0604;28.7797;28.5196;28.2802;28.0613;27.863;27.7128;27.6105;27.5073;27.4031;27.2979;27.1437;26.9405;26.8395;26.8408;26.9444;27.1501;27.4582;27.7662;28.0604;28.3406;28.6071;28.8596;28.9987;29.038;28.9777;28.8338;28.6064;28.3951;28.1999;28.0209;27.8418;27.6799;27.5352;27.4077;27.3457;27.3492;27.401;27.5012;27.6497;27.7982;27.9468;28.0797;28.197;28.2986;28.3847;28.4551;28.5256;28.596;28.6248;28.612;28.5266;28.3686;28.1381;27.8766;27.5842;27.2944;27.0073;26.7227;26.4407;26.1613;25.8819;25.6052;25.331;25.0595;24.7906;24.5177;24.2379;23.9515;23.6584;23.3585;23.0754;22.8212;22.5959;22.3994;22.2318;22.0764;21.9209;21.7306;21.5055;21.2456;20.9508;20.6678;20.4314;20.2416;20.0985;20.0019;19.9053;19.8062;19.7047;19.6006;19.494;19.385;19.2759;19.1668;19.0284;18.8605;18.6633;18.4366;18.1806;17.9246;17.6539;17.3686;17.0687;16.7542;16.425;16.0959;15.7451;15.4376;15",0.340059,"0;0.85;0.15"
1.30038,0.0738616,1.62318,"1;1.27708;1.55416;1.83123;2.10831;2.38539;2.59651;2.74168;2.82089;2.83414;2.78144;2.72874;2.67604;2.59461;2.48446;2.34559;2.178;1.98168;1.78537;1.58905;1.45524;1.38395;1.37516;1.42889;1.54513;1.66136;1.7776;1.87222;1.94523;1.99662;2.02639;2.03455;2.04271;2.05087;2.06759;2.09288;2.12674;2.16916;2.22014;2.27112;2.32211;2.38166;2.4498;2.5265;2.61178;2.70563;2.79948;2.89333;2.99817;3.11399;3.24079;3.37858;3.52735;3.67612;3.82489;3.95798;4.07539;4.17712;4.26317;4.33354;4.40391;4.47428;4.55621;4.64972;4.75479;4.87143;4.99964;5.12785;5.25606;5.40296;5.56855;5.75283;5.95579;6.17745;6.39018;6.59397;6.78885;6.97479;7.15181;7.35315;7.57882;7.82881;8.10313;8.40178;8.68693;8.95859;9.23323;9.51084;9.79143;10.0228;10.2051;10.3216;10.3726;10.3578;10.3431;10.3284;10.372;10.4739;10.6341;10.8526;11.1294;11.4062;11.683;11.9208;12.1198;12.2799;12.401;12.4833;12.6012;12.7548;12.9442;13.1692;13.4173;13.6529;13.8759;14.0863;14.2842;14.4086;14.4595;14.4369;14.3744;14.272;14.203;14.1676;14.1656;14.1637;14.2072;14.2961;14.4305;14.6102;14.8354;15.0606;15.2858;15.5086;15.729;15.9471;16.1627;16.3759;16.5892;16.8024;16.9909;17.1546;17.2936;17.4077;17.4971;17.5865;17.7124;17.8749;18.0738;18.3093;18.5812;18.8532;19.1252;19.3955;19.6641;19.9311;20.1964;20.4601;20.7237;20.9874;21.2421;21.4878;21.6859;21.8365;21.9395;22.0256;22.0947;22.1854;22.2978;22.4318;22.524;22.5744;22.583;22.5498;22.4748;22.3998;22.3247;22.2114;22.0598;21.8706;21.6437;21.3793;21.1154;20.8523;20.6214;20.4226;20.2562;20.1219;20.0199;19.9178;19.8158;19.7707;19.7825;19.8513;19.9771;20.1598;20.3424;20.547;20.7078;21","15;15.0697;15.1394;15.2091;15.2789;15.3486;15.4605;15.6147;15.811;16.0496;16.3305;16.6113;16.8921;17.1582;17.4098;17.6466;17.8689;18.0765;18.284;18.4916;18.7099;18.9389;19.1785;19.4288;19.6898;19.9508;20.2118;20.4777;20.7486;21.0243;21.305;21.5906;21.8762;22.1618;22.4465;22.7303;23.0132;23.2953;23.5764;23.8575;24.1386;24.4175;24.6941;24.9685;25.2406;25.5105;25.7803;26.0502;26.3149;26.5744;26.8287;27.0778;27.3217;27.5656;27.8096;28.0601;28.3172;28.5809;28.8512;29.1281;29.4051;29.682;29.9546;30.2229;30.4868;30.7465;31.0018;31.2571;31.5125;31.7605;32.0012;32.2347;32.4608;32.6796;32.8174;32.8742;32.85;32.7448;32.5585;32.4104;32.3004;32.2285;32.1947;32.199;32.1584;32.0729;31.9801;31.8802;31.773;31.6528;31.5197;31.3358;31.1012;30.8159;30.5305;30.2452;30.0311;29.8882;29.8166;29.8161;29.887;29.9578;30.0286;30.0343;29.9749;29.8505;29.6609;29.4063;29.166;28.9402;28.7288;28.5318;28.3402;28.1394;27.9295;27.7104;27.4823;27.2651;27.0587;26.8633;26.6613;26.4528;26.2268;25.9834;25.7225;25.4616;25.2188;24.9941;24.7875;24.599;24.4286;24.2582;24.0878;23.9895;23.9633;24.0092;24.1273;24.3174;24.5076;24.6977;24.795;24.7993;24.7107;24.5292;24.2548;23.9803;23.7783;23.6487;23.5914;23.6066;23.6941;23.7817;23.8693;23.9173;23.9258;23.8948;23.8242;23.7141;23.6041;23.494;23.3959;23.3098;23.1819;23.0121;22.8004;22.5432;22.2405;21.9462;21.6602;21.3825;21.1094;20.8407;20.5766;20.3169;20.0617;19.8065;19.5513;19.3561;19.2208;19.1294;19.0819;19.0783;19.0586;19.0229;18.9419;18.8158;18.6444;18.4278;18.166;17.9042;17.6424;17.3772;17.1086;16.8366;16.5612;16.2824;16.0036;15.6913;15.4459;15",0.280438,"0;0.866667;0.133333"
0.806129,0.172292,0.463282,"1;1.16076;1.32151;1.48227;1.64302;1.80378;1.96454;2.12529;2.28605;2.4468;2.60756;2.76082;2.9066;3.04488;3.17566;3.29896;3.42225;3.54555;3.66885;3.79214;3.91544;4.03873;4.16203;4.24786;4.29622;4.30711;4.28054;4.2165;4.15246;4.08842;4.02438;3.96033;3.89629;3.83225;3.76821;3.73695;3.73848;3.77279;3.83988;3.93975;4.03962;4.13949;4.23936;4.33924;4.43911;4.53898;4.63885;4.74322;4.85207;4.96541;5.08324;5.20556;5.32788;5.4502;5.57252;5.69484;5.81716;5.93948;6.0618;6.19285;6.33263;6.48114;6.63837;6.80434;6.9703;7.13626;7.30223;7.46819;7.63416;7.80012;7.96608;8.13125;8.29563;8.45922;8.62201;8.78402;8.94602;9.10802;9.27002;9.43202;9.59402;9.75603;9.91803;10.079;10.239;10.3979;10.5558;10.7127;10.8695;11.0264;11.1833;11.3402;11.497;11.6539;11.8108;11.9665;12.121;12.2744;12.4266;12.5776;12.7286;12.8796;13.0307;13.1817;13.3327;13.4837;13.6348;13.774;13.9015;14.0171;14.121;14.2131;14.3052;14.3973;14.4893;14.5814;14.6735;14.7656;14.8577;14.9638;15.084;15.2182;15.3664;15.5287;15.691;15.8533;16.0155;16.1778;16.3401;16.5024;16.6646;16.8123;16.9454;17.0639;17.1678;17.2572;17.3465;17.4358;17.5251;17.6144;17.7038;17.7931;17.8772;17.9561;18.0298;18.0982;18.1615;18.2247;18.2879;18.3512;18.4144;18.4777;18.5409;18.6042;18.6686;18.7341;18.8008;18.8686;18.9376;19.0066;19.0756;19.1446;19.2136;19.2826;19.3516;19.44;19.5479;19.6753;19.8221;19.9884;20.1547;20.3209;20.4872;20.6535;20.8197;20.986;21.1523;21.2807;21.3713;21.4241;21.4391;21.4162;21.3933;21.3704;21.3475;21.3246;21.3017;21.2788;21.2558;21.2328;21.2096;21.1864;21.1631;21.1398;21.1165;21.0932;21.0699;21.0466;21.0233;21","15;15.044;15.088;15.132;15.176;15.22;15.264;15.3079;15.3519;15.3959;15.4399;15.4975;15.5688;15.6537;15.7522;15.8643;15.9765;16.0886;16.2008;16.3129;16.425;16.5372;16.6493;16.7698;16.8987;17.0358;17.1814;17.3352;17.4891;17.643;17.7968;17.9507;18.1046;18.2585;18.4123;18.5621;18.7078;18.8494;18.9869;19.1204;19.2538;19.3872;19.5207;19.6541;19.7875;19.9209;20.0544;20.1838;20.3091;20.4304;20.5476;20.6608;20.774;20.8873;21.0005;21.1137;21.2269;21.3401;21.4533;21.5469;21.6209;21.6754;21.7103;21.7256;21.7409;21.7561;21.7714;21.7867;21.802;21.8173;21.8326;21.837;21.8305;21.8131;21.7849;21.7457;21.7066;21.6674;21.6282;21.5891;21.5499;21.5108;21.4716;21.4516;21.4506;21.4687;21.5059;21.5622;21.6185;21.6748;21.731;21.7873;21.8436;21.8999;21.9562;22.0153;22.0773;22.1421;22.2098;22.2802;22.3507;22.4212;22.4917;22.5622;22.6327;22.7032;22.7737;22.8579;22.9557;23.0673;23.1925;23.3314;23.4704;23.6093;23.7482;23.8871;24.026;24.1649;24.3038;24.4074;24.4755;24.5083;24.5057;24.4677;24.4297;24.3917;24.3537;24.3157;24.2777;24.2397;24.2016;24.1396;24.0534;23.9432;23.8089;23.6505;23.4922;23.3338;23.1755;23.0171;22.8587;22.7004;22.5428;22.3861;22.2303;22.0752;21.921;21.7668;21.6126;21.4584;21.3042;21.15;20.9958;20.8416;20.6846;20.5248;20.3622;20.1968;20.0286;19.8603;19.6921;19.5239;19.3557;19.1875;19.0192;18.887;18.7906;18.7302;18.7057;18.7172;18.7286;18.7401;18.7516;18.763;18.7745;18.7859;18.7974;18.7705;18.7052;18.6016;18.4596;18.2792;18.0988;17.9185;17.7381;17.5577;17.3773;17.197;17.016;16.8343;16.652;16.469;16.2854;16.1017;15.9181;15.7345;15.5509;15.3672;15.1836;15",0.206241,"0;0.883333;0.116667"
1.33293,0.400661,0.313559,"1;1.28551;1.57103;1.85654;2.14205;2.42757;2.66101;2.8424;2.97172;3.04897;3.07416;3.09935;3.12454;3.19288;3.30438;3.45903;3.65683;3.89778;4.13873;4.37969;4.54537;4.63577;4.65089;4.59074;4.45532;4.31989;4.18447;4.03413;3.86888;3.68871;3.49363;3.28364;3.07365;2.86366;2.70279;2.59106;2.52845;2.51496;2.55061;2.58626;2.6219;2.71195;2.85641;3.05528;3.30855;3.61623;3.87259;4.07762;4.23133;4.33371;4.38477;4.46901;4.58642;4.73701;4.92077;5.15562;5.40838;5.67905;5.96764;6.27413;6.58063;6.8087;6.95835;7.02957;7.02237;6.93674;6.85111;6.80238;6.79055;6.81562;6.87758;7.0218;7.21139;7.44634;7.72666;8.05234;8.37802;8.6709;8.93098;9.15825;9.35272;9.51438;9.67605;9.79406;9.86841;9.89911;9.88616;9.82955;9.77294;9.71634;9.72048;9.78537;9.91101;10.0974;10.3445;10.5917;10.8352;11.075;11.3112;11.5438;11.7728;11.9913;12.1995;12.3972;12.5846;12.7803;12.9947;13.2279;13.4798;13.7505;14.0212;14.2918;14.5614;14.8298;15.0972;15.3634;15.6285;15.8937;16.1588;16.3879;16.581;16.7381;16.8592;16.9443;17.0294;17.1414;17.2803;17.4461;17.6388;17.8584;18.078;18.2976;18.4327;18.4832;18.4492;18.3307;18.1277;17.9247;17.7377;17.5669;17.4121;17.2735;17.151;17.0284;16.9039;16.7773;16.6486;16.5179;16.4747;16.5209;16.6566;16.8818;17.1965;17.424;17.5643;17.6174;17.5834;17.4622;17.341;17.2427;17.1674;17.1149;17.0854;17.1245;17.2096;17.3404;17.5171;17.7491;17.9906;18.2415;18.502;18.772;19.042;19.3133;19.586;19.8601;20.1355;20.4123;20.6891;20.9659;21.2508;21.5439;21.845;22.1542;22.4715;22.7889;23.0246;23.1787;23.2511;23.242;23.1512;23.0604;22.9696;22.8255;22.628;22.3771;22.0728;21.7152;21.3576;21","15;14.9893;14.9786;14.9678;14.9571;14.9464;14.8809;14.7606;14.5856;14.3558;14.0712;13.7866;13.502;13.2436;13.0114;12.8054;12.6257;12.4721;12.3186;12.1651;11.9919;11.7992;11.5868;11.3548;11.1033;10.8517;10.6001;10.3601;10.1316;9.91476;9.70945;9.5157;9.32196;9.12822;8.91653;8.68689;8.4393;8.17377;7.89029;7.6068;7.32332;7.10093;6.93961;6.83939;6.80025;6.82219;6.89905;7.03081;7.21748;7.45905;7.75554;8.03312;8.29179;8.53155;8.7524;8.90672;9.01341;9.07248;9.08391;9.04772;9.01153;8.92196;8.77903;8.58272;8.33304;8.03;7.72695;7.53914;7.46656;7.50922;7.66711;7.88335;8.0427;8.14515;8.19072;8.1794;8.16808;8.10201;7.98118;7.80561;7.57528;7.2902;7.00513;6.72105;6.43799;6.15593;5.87487;5.59482;5.31477;5.03472;4.84875;4.75686;4.75905;4.85532;5.04567;5.23602;5.41893;5.59442;5.76246;5.92308;6.07625;6.24572;6.43147;6.6335;6.85183;7.02121;7.12537;7.16431;7.13802;7.04651;6.955;6.86349;6.76899;6.67148;6.57099;6.46749;6.361;6.25451;6.14802;6.12728;6.19231;6.34308;6.57962;6.90191;7.2242;7.51859;7.78507;8.02365;8.23432;8.41709;8.59986;8.78263;8.97487;9.17656;9.38771;9.60832;9.8384;10.0685;10.3043;10.546;10.7935;11.0467;11.3058;11.5648;11.8337;12.1125;12.4012;12.6997;12.9653;13.1882;13.3684;13.5058;13.6005;13.7282;13.889;14.0829;14.3099;14.57;14.8301;15.0954;15.3659;15.6417;15.9227;16.2025;16.4756;16.7422;17.0022;17.2441;17.4744;17.6931;17.9002;18.0957;18.2912;18.4335;18.5225;18.5582;18.5407;18.4699;18.3991;18.3283;18.2513;18.168;18.0785;17.9827;17.8807;17.7786;17.6428;17.4732;17.2699;17.0328;16.7618;16.4909;16.22;15.9762;15.7594;15.5696;15.4069;15.2713;15.1356;15",0.391951,"0;0.9;0.1"
1.27693,0.0739727,1.17545,"1;1.17429;1.34857;1.52286;1.69714;1.87143;2.04963;2.23176;2.41781;2.60779;2.80168;2.99557;3.18947;3.36753;3.52976;3.67615;3.80672;3.92145;4.03618;4.15091;4.28818;4.44801;4.63038;4.83531;5.06278;5.29025;5.51772;5.74111;5.96042;6.17564;6.38679;6.59386;6.80092;7.00799;7.20781;7.40038;7.5857;7.76379;7.93462;8.10546;8.27629;8.44851;8.62211;8.7971;8.97348;9.15123;9.32899;9.50675;9.70416;9.92121;10.1579;10.4143;10.6903;10.9663;11.2422;11.5167;11.7896;12.0609;12.3306;12.5989;12.8671;13.1353;13.387;13.6223;13.8411;14.0435;14.2295;14.4154;14.6013;14.7922;14.9881;15.189;15.3948;15.6057;15.8165;16.0273;16.248;16.4784;16.7187;16.9688;17.2288;17.4887;17.7486;18.0092;18.2703;18.5319;18.7942;19.0571;19.3199;19.5828;19.803;19.9806;20.1155;20.2079;20.2575;20.3072;20.3569;20.4245;20.5101;20.6137;20.7351;20.8746;21.014;21.1535;21.2669;21.3542;21.4155;21.4507;21.4599;21.4691;21.4783;21.4418;21.3597;21.2319;21.0585;20.8394;20.6203;20.4013;20.1785;19.9521;19.722;19.4882;19.2507;19.0133;18.8545;18.7744;18.773;18.8502;19.0061;19.1871;19.3932;19.6244;19.8807;20.1621;20.4435;20.7249;20.9966;21.2586;21.5108;21.7557;21.9933;22.2333;22.4758;22.7208;22.9528;23.1718;23.378;23.5781;23.7721;23.973;24.1807;24.3954;24.569;24.7016;24.7933;24.8439;24.8535;24.9129;25.0221;25.181;25.3477;25.5221;25.6545;25.7449;25.7932;25.8912;26.0387;26.1286;26.1608;26.1352;26.0023;25.7621;25.5218;25.2816;25.0546;24.841;24.6406;24.4536;24.2799;24.1061;23.9926;23.9393;23.9461;24.0132;24.1405;24.1897;24.1609;24.054;23.869;23.606;23.343;23.0799;22.8295;22.5916;22.3663;22.1301;21.8829;21.6121;21.3178;21","15;15.2264;15.4528;15.6792;15.9056;16.132;16.3551;16.5749;16.7913;17.0045;17.2144;17.4242;17.6341;17.8543;18.0849;18.3258;18.5771;18.8388;19.1004;19.3621;19.606;19.8322;20.0406;20.2312;20.4041;20.577;20.7499;20.9275;21.11;21.2973;21.4894;21.6862;21.8831;22.08;22.2833;22.493;22.7092;22.9317;23.1608;23.3898;23.6188;23.8467;24.0736;24.2994;24.5242;24.7479;24.9716;25.1952;25.389;25.5527;25.6865;25.7904;25.8643;25.9381;26.012;26.0908;26.1746;26.2632;26.3568;26.4553;26.5537;26.6522;26.7744;26.9203;27.0898;27.2831;27.5;27.717;27.9339;28.146;28.3533;28.5558;28.7534;28.9463;29.1391;29.3319;29.5099;29.6731;29.8214;29.9548;30.0734;30.192;30.3106;30.3831;30.4095;30.3897;30.3239;30.2119;30.0999;29.9879;29.8421;29.6623;29.4487;29.2012;28.9199;28.6385;28.3572;28.0822;27.8136;27.5515;27.2957;27.0463;26.7969;26.5475;26.2914;26.0283;25.7585;25.4819;25.1984;24.915;24.6315;24.3681;24.1246;23.9012;23.6978;23.5144;23.331;23.1476;22.9809;22.8308;22.6974;22.5807;22.4807;22.3806;22.2525;22.0965;21.9124;21.7002;21.4601;21.2597;21.0991;20.9784;20.8974;20.8562;20.815;20.7738;20.7544;20.7567;20.7808;20.7891;20.7817;20.7367;20.6543;20.5343;20.489;20.5182;20.6221;20.7274;20.8341;20.8677;20.8281;20.7154;20.5692;20.3897;20.1768;19.9305;19.6508;19.4051;19.1933;19.0154;18.8417;18.672;18.4724;18.2429;17.9835;17.7466;17.5322;17.3588;17.2266;17.1354;17.0629;17.009;16.9551;16.9012;16.8923;16.9284;17.0095;17.1356;17.3068;17.4779;17.5727;17.5913;17.5335;17.3995;17.1892;17.0091;16.8592;16.7395;16.65;16.5906;16.5313;16.472;16.3914;16.2897;16.1667;15.9985;15.7849;15.5473;15.2857;15",0.165763,"0;0.916667;0.0833333"
1.25024,0.0902753,1.23165,"1;1.28366;1.56732;1.85098;2.13464;2.4183;2.69268;2.95778;3.21359;3.46012;3.69738;3.93463;4.17188;4.34307;4.44819;4.48724;4.46023;4.36716;4.27408;4.18101;4.14246;4.15844;4.22895;4.35398;4.53354;4.65426;4.71613;4.71917;4.66335;4.5487;4.43404;4.31939;4.2687;4.28199;4.35924;4.50047;4.70566;4.91086;5.11606;5.25992;5.34246;5.36367;5.32355;5.2221;5.12065;5.04564;4.99708;4.97496;4.97929;5.01006;5.04083;5.07161;5.11085;5.15856;5.25833;5.41016;5.61405;5.86153;6.15261;6.44368;6.69216;6.89806;7.06136;7.17021;7.2246;7.26714;7.29781;7.31662;7.33543;7.41117;7.54385;7.73346;7.98001;8.28349;8.5383;8.74444;8.90192;9.01072;9.07086;9.15912;9.27548;9.41996;9.59255;9.79326;9.99397;10.1111;10.1446;10.0945;9.96081;9.74353;9.6034;9.54041;9.55457;9.65418;9.83922;10.0326;10.2342;10.4441;10.654;10.8866;11.1419;11.4199;11.7205;11.9986;12.2316;12.4194;12.562;12.6595;12.7285;12.7691;12.7813;12.765;12.7203;12.6756;12.6937;12.7747;12.9185;13.1251;13.3946;13.6641;13.9336;14.1908;14.4357;14.6683;14.8886;15.0966;15.3046;15.5126;15.6883;15.8316;15.9426;16.0212;16.0676;16.1139;16.1602;16.1956;16.2202;16.2339;16.2367;16.2286;16.2205;16.1761;16.0954;16.0392;16.0074;16.0002;16.0538;16.1682;16.2826;16.397;16.5355;16.6981;16.8849;17.0957;17.3306;17.5655;17.8068;18.0543;18.3082;18.5684;18.8349;19.1027;19.3719;19.6425;19.9145;20.1878;20.4095;20.5797;20.6983;20.8103;20.9158;21.0663;21.1918;21.3637;21.5367;21.711;21.8866;22.1334;22.3802;22.627;22.8088;22.9258;22.9779;22.9651;22.8874;22.8085;22.7285;22.6473;22.565;22.4815;22.398;22.2701;22.0977;21.9173;21.7287;21.5321;21.3718;21.2479;21.1239;21","15;15.0342;15.0684;15.1026;15.1368;15.171;15.2302;15.3144;15.4236;15.5578;15.717;15.8762;16.0354;16.2168;16.4203;16.6461;16.894;17.1642;17.4343;17.7044;17.9603;18.202;18.4295;18.6427;18.8417;19.0533;19.2774;19.514;19.7631;20.0248;20.2865;20.5482;20.7974;21.0339;21.2579;21.4693;21.6681;21.8669;22.0657;22.285;22.5248;22.7851;23.0659;23.3671;23.6684;23.9658;24.2594;24.5491;24.835;25.1171;25.3991;25.6812;25.964;26.2475;26.4912;26.6953;26.8597;26.9837;27.0673;27.1509;27.2852;27.4702;27.706;27.989;28.3192;28.6458;28.969;29.2886;29.6082;29.8838;30.1154;30.303;30.4466;30.5463;30.5727;30.526;30.406;30.2129;29.9466;29.6925;29.4507;29.2211;29.0038;28.7987;28.5936;28.3969;28.2086;28.0286;27.857;27.6939;27.6109;27.6083;27.6858;27.7552;27.8162;27.7888;27.6729;27.4685;27.2642;27.112;27.012;26.9642;26.9686;27.0648;27.2006;27.3761;27.5911;27.8456;27.9895;28.0226;27.945;27.7566;27.4574;27.1583;26.938;26.7965;26.7338;26.7499;26.8448;26.9398;27.0347;27.072;27.0517;26.9738;26.8383;26.6451;26.452;26.2588;26.0486;25.8212;25.5767;25.3151;25.0364;24.7577;24.479;24.1918;23.896;23.5916;23.2787;22.9573;22.6359;22.4309;22.3424;22.2673;22.2056;22.1573;22.006;21.7516;21.4973;21.2429;21.0824;21.0157;21.0428;21.1638;21.3786;21.5934;21.7277;21.7814;21.7545;21.6471;21.4592;21.276;21.0977;20.9241;20.7552;20.5912;20.4068;20.2021;19.977;19.7411;19.4943;19.257;19.0275;18.8799;18.8047;18.8021;18.8718;19.0158;19.1598;19.3038;19.367;19.3493;19.2509;19.0716;18.8115;18.5437;18.2681;17.9848;17.6937;17.3948;17.096;16.8667;16.7071;16.5434;16.3756;16.2037;15.9581;15.6387;15.3194;15",0.166367,"0;0.933333;0.0666667"
0.979511,0.253051,0.614147,"1;1.22222;1.44444;1.66667;1.88889;2.11111;2.33333;2.55556;2.76813;2.97105;3.16431;3.34793;3.5219;3.69586;3.86983;4.04379;4.21776;4.39655;4.58016;4.76859;4.96185;5.1616;5.36302;5.56611;5.77087;5.9773;6.1465;6.27849;6.37325;6.43079;6.44116;6.44158;6.43206;6.4126;6.38319;6.35378;6.32618;6.30038;6.27638;6.25419;6.2338;6.21341;6.22866;6.27957;6.36611;6.4883;6.6365;6.77506;6.90398;7.02326;7.13291;7.24255;7.35219;7.46184;7.57148;7.62655;7.62705;7.57298;7.46434;7.30113;7.13791;6.9747;6.81149;6.64827;6.53314;6.4661;6.44714;6.47626;6.55346;6.63067;6.70787;6.78508;6.86228;6.96705;7.09937;7.25926;7.44671;7.66171;7.87672;8.09173;8.30673;8.52174;8.73211;8.93784;9.13893;9.33538;9.52719;9.71901;9.91082;10.0988;10.2828;10.463;10.6393;10.8117;10.9841;11.1565;11.3289;11.5013;11.6746;11.8488;12.0238;12.1998;12.3766;12.5535;12.7058;12.8336;12.9369;13.0157;13.0699;13.1242;13.2017;13.3024;13.4264;13.5736;13.7441;13.9146;14.085;14.2555;14.3459;14.3563;14.3711;14.3905;14.4145;14.523;14.7162;14.9093;15.1024;15.2956;15.4887;15.6862;15.888;16.0943;16.3049;16.5198;16.7348;16.9497;17.1647;17.3796;17.5628;17.7142;17.8339;17.9219;17.978;18.0342;18.0904;18.1466;18.2027;18.238;18.2525;18.246;18.2354;18.2205;18.2224;18.2409;18.2761;18.3113;18.3465;18.3817;18.4169;18.4753;18.5569;18.6617;18.7897;18.9409;19.0922;19.2434;19.3946;19.5458;19.6289;19.6439;19.5907;19.4695;19.2801;19.0907;18.9014;18.756;18.6545;18.5971;18.5835;18.6465;18.7419;18.8699;19.0303;19.2233;19.4163;19.6092;19.8022;19.9762;20.1312;20.2673;20.3844;20.4825;20.5806;20.6787;20.7768;20.8749;20.9463;20.9909;21.0356;21","15;15;15;15;15;15;15;15;15.0277;15.083;15.1659;15.2765;15.4148;15.5531;15.6914;15.8296;15.9679;16.0742;16.1484;16.1907;16.201;16.1794;16.158;16.1367;16.1157;16.0948;16.118;16.1853;16.2966;16.4521;16.6567;16.8663;17.081;17.3007;17.5255;17.7502;17.9768;18.2054;18.4358;18.6682;18.9025;19.1367;19.3603;19.5732;19.7755;19.9671;20.1505;20.3364;20.5247;20.7155;20.9088;21.1021;21.2954;21.4887;21.682;21.8668;22.0431;22.2109;22.3702;22.521;22.6718;22.8226;22.9734;23.1242;23.2866;23.4604;23.6458;23.8426;24.051;24.2594;24.4678;24.6762;24.8845;25.04;25.1426;25.1922;25.189;25.1328;25.0766;25.0205;24.9643;24.9081;24.8396;24.7587;24.6655;24.5599;24.4419;24.3239;24.2059;24.1357;24.113;24.1381;24.2109;24.3313;24.4517;24.5721;24.6926;24.813;24.8808;24.8959;24.8584;24.7682;24.6255;24.4827;24.3252;24.1531;23.9663;23.7649;23.5489;23.3328;23.1345;22.954;22.7912;22.6463;22.5191;22.3919;22.2648;22.1376;22.0624;22.0392;22.0634;22.135;22.2541;22.3686;22.4785;22.5884;22.6983;22.8083;22.9182;23.0174;23.1059;23.1837;23.2508;23.3072;23.3636;23.4199;23.4763;23.5327;23.5383;23.4932;23.3972;23.2505;23.0531;22.8556;22.6581;22.4606;22.2631;22.0642;21.8637;21.6617;21.4564;21.2476;21.0369;20.8243;20.6099;20.3954;20.1809;19.9664;19.7519;19.5484;19.356;19.1745;19.004;18.8445;18.6851;18.5256;18.3661;18.2066;18.0971;18.0376;18.028;18.0685;18.1589;18.2493;18.3397;18.3674;18.3325;18.235;18.0749;17.8835;17.7236;17.5951;17.498;17.4323;17.3667;17.301;17.2353;17.1502;17.0455;16.9213;16.7775;16.6143;16.451;16.2878;16.1245;15.9613;15.7672;15.5423;15.3174;15",0.271105,"0;0.95;0.05"
1.23349,0.237128,1.29861,"1;1.21548;1.43095;1.64643;1.8619;2.07738;2.23783;2.34326;2.39367;2.38906;2.32942;2.26979;2.21015;2.18974;2.20855;2.26658;2.36383;2.5003;2.63677;2.77325;2.88586;2.97463;3.03954;3.08059;3.09779;3.11499;3.13219;3.13441;3.12164;3.09388;3.05114;2.99341;2.93569;2.87796;2.84398;2.83376;2.84729;2.88457;2.9456;3.00663;3.06766;3.07221;3.02029;2.9119;2.74704;2.5257;2.30436;2.08302;1.92212;1.82167;1.78167;1.80212;1.88301;1.96389;2.04478;2.16542;2.3258;2.52594;2.76581;3.04544;3.32506;3.60469;3.88436;4.16407;4.44383;4.72363;5.00347;5.28331;5.56316;5.8437;6.12494;6.40688;6.68951;6.97285;7.25618;7.53952;7.82594;8.11545;8.40804;8.70371;9.00248;9.29366;9.57728;9.85332;10.1218;10.3861;10.6538;10.9249;11.1995;11.4774;11.7554;12.0333;12.1958;12.2427;12.1742;11.9902;11.7926;11.6968;11.7028;11.8107;11.9489;12.0156;12.0108;11.9345;11.7866;11.6388;11.492;11.4313;11.4565;11.5676;11.7648;12.0468;12.3288;12.6108;12.8339;12.9981;13.1035;13.1499;13.1375;13.1251;13.1179;13.1159;13.1192;13.1276;13.1413;13.098;12.9979;12.8408;12.6268;12.3559;12.0851;11.8792;11.7384;11.6627;11.652;11.7063;11.8009;11.9357;12.1108;12.3262;12.5818;12.8374;13.093;13.2487;13.3296;13.3359;13.3422;13.3484;13.4547;13.6356;13.8912;14.1468;14.4023;14.6122;14.7762;14.8945;14.967;14.9938;15.0042;14.9984;14.9763;14.9379;14.8832;14.8285;14.8161;14.8459;14.918;15.0323;15.1889;15.3667;15.5656;15.7858;16.0016;16.2131;16.3991;16.5597;16.6947;16.8298;16.9648;17.048;17.0794;17.0589;17.068;17.1068;17.2271;17.4289;17.7122;17.9955;18.2788;18.5484;18.8043;19.0465;19.2749;19.4896;19.7043;19.919;20.1559;20.415;20.6742;21","15;15.1876;15.3752;15.5629;15.7505;15.9381;16.1441;16.3685;16.6112;16.8722;17.1516;17.4311;17.7105;17.9795;18.2382;18.4864;18.7243;18.9518;19.1793;19.4068;19.6458;19.8964;20.1585;20.4322;20.7174;21.0026;21.2878;21.5719;21.855;22.1369;22.4178;22.6976;22.9775;23.2573;23.537;23.8165;24.0959;24.3752;24.6543;24.9334;25.2125;25.472;25.7117;25.9318;26.1321;26.3128;26.4934;26.6741;26.8735;27.0915;27.3282;27.5835;27.8575;28.1316;28.4056;28.6365;28.8244;28.9692;29.071;29.1296;29.1883;29.247;29.2951;29.3325;29.3594;29.3757;29.3814;29.387;29.3927;29.4046;29.4227;29.4471;29.4776;29.5144;29.5512;29.588;29.6145;29.6307;29.6367;29.6323;29.6176;29.6001;29.5797;29.5564;29.5302;29.5109;29.5013;29.5014;29.5113;29.5308;29.5504;29.5699;29.5684;29.5457;29.5019;29.437;29.3313;29.2062;29.0614;28.8971;28.6989;28.4864;28.2596;28.0184;27.763;27.5075;27.3359;27.2075;27.1223;27.0803;27.0816;27.0422;27.0028;26.9635;26.8794;26.7505;26.5769;26.3585;26.0953;25.8322;25.5634;25.289;25.0089;24.7232;24.4319;24.176;23.9554;23.7703;23.6206;23.5063;23.392;23.2512;23.0838;22.8899;22.6695;22.4225;22.2036;22.0128;21.8502;21.7156;21.6092;21.5027;21.3963;21.3124;21.3133;21.3991;21.5317;21.7112;21.915;22.0807;22.2084;22.3361;22.4638;22.5074;22.4667;22.3418;22.1327;21.8395;21.5509;21.2669;20.9875;20.7128;20.4427;20.1727;19.9169;19.6755;19.4483;19.2355;19.037;18.9031;18.8336;18.8287;18.8148;18.792;18.6956;18.5258;18.2824;18.0391;17.7957;17.556;17.3199;17.0874;16.911;16.7906;16.7226;16.7071;16.744;16.781;16.8179;16.8097;16.7565;16.6581;16.5147;16.3262;16.1377;15.9492;15.7411;15.5136;15.2861;15",0.27251,"0;0.966667;0.0333333"
1.12984,0.329804,0.627212,"1;1.25;1.5;1.75;2;2.25;2.5;2.73279;2.94836;3.14672;3.32787;3.49181;3.65574;3.81968;3.98361;4.08512;4.1242;4.10085;4.01508;3.86688;3.71868;3.57048;3.42228;3.26559;3.10043;2.92678;2.74464;2.55402;2.36341;2.17279;1.98217;1.78412;1.57864;1.36573;1.14539;1.00699;0.957947;0.998272;1.12796;1.34702;1.57009;1.79718;2.02829;2.26342;2.50257;2.74172;2.98087;3.22002;3.45769;3.69389;3.92861;4.16185;4.39362;4.62539;4.85716;5.06585;5.25144;5.41395;5.55338;5.66971;5.78605;5.90239;6.01872;6.13224;6.24295;6.35084;6.44287;6.51903;6.58214;6.65221;6.72924;6.82629;6.94336;7.03171;7.13815;7.26268;7.4053;7.566;7.79583;8.02799;8.26248;8.49928;8.73842;8.97787;9.21763;9.45771;9.6981;9.93881;10.1795;10.4202;10.6609;10.8895;11.106;11.3104;11.5026;11.6827;11.8628;12.0393;12.2124;12.3818;12.5478;12.7102;12.8726;13.0349;13.213;13.4067;13.616;13.841;14.0816;14.3223;14.5629;14.7344;14.8369;14.8703;14.9041;14.9384;15.0423;15.2157;15.4586;15.7015;15.9445;16.1213;16.2321;16.2767;16.2553;16.1678;16.0468;15.8923;15.7056;15.4867;15.2355;14.9856;14.7401;14.4975;14.258;14.0215;13.788;13.6541;13.6199;13.6853;13.8492;14.1116;14.3727;14.6328;14.8916;15.1505;15.4093;15.6443;15.8554;16.0427;16.2062;16.3458;16.4854;16.5668;16.59;16.555;16.4618;16.3104;16.1591;16.0077;15.8717;15.8058;15.81;15.8843;16.0287;16.2279;16.427;16.6261;16.8252;17.0176;17.2031;17.3818;17.5537;17.7188;17.8838;18.0489;18.214;18.3961;18.5951;18.8111;19.0441;19.2941;19.5441;19.794;20.044;20.2858;20.5195;20.745;20.9623;21.1715;21.3807;21.5899;21.7991;21.9178;21.9459;21.8835;21.7305;21.487;21.2435;21","15;15;15;15;15;15;15;15.0377;15.1132;15.2265;15.3775;15.5662;15.755;15.9437;16.1325;16.3237;16.5175;16.7138;16.9126;17.114;17.3153;17.5167;17.718;17.9114;18.0969;18.2745;18.4442;18.6059;18.7677;18.9294;19.0912;19.2326;19.3536;19.4543;19.5345;19.6153;19.7168;19.8392;19.9823;20.1463;20.2804;20.3845;20.4587;20.5029;20.5172;20.5315;20.5459;20.5602;20.5891;20.6326;20.6907;20.7634;20.8507;20.938;21.0253;21.0523;21.0189;20.9252;20.7711;20.5567;20.3422;20.1278;19.9134;19.7878;19.7511;19.8033;19.9484;20.1865;20.4286;20.6717;20.9155;21.1562;21.3937;21.6269;21.8352;22.0184;22.1766;22.3098;22.3728;22.3896;22.3602;22.2847;22.1629;22.079;22.033;22.0248;22.0545;22.122;22.1895;22.2571;22.3246;22.4156;22.5301;22.6682;22.8297;23.0148;23.1999;23.3874;23.5775;23.7701;23.9652;24.1629;24.3605;24.5581;24.7218;24.8514;24.9471;25.0087;25.0364;25.0641;25.0917;25.065;24.9838;24.8483;24.6901;24.5093;24.3604;24.2432;24.1578;24.0725;23.9871;23.8701;23.7216;23.5414;23.3296;23.0862;22.8637;22.6622;22.4809;22.3198;22.1788;22.0371;21.8995;21.7669;21.6392;21.5164;21.3986;21.2844;21.1737;21.0666;20.9723;20.8908;20.8187;20.7558;20.7022;20.6487;20.5951;20.5082;20.388;20.2346;20.0478;19.8277;19.6077;19.3888;19.1712;18.9549;18.7398;18.5259;18.3121;18.0982;17.9432;17.8006;17.6707;17.5532;17.4483;17.2972;17.146;16.9949;16.8437;16.6852;16.5194;16.3463;16.1659;15.9782;15.7904;15.6027;15.4149;15.264;15.1497;15.0722;15.0314;15.0274;15.0234;15.0194;15.0154;15.0395;15.0919;15.1724;15.2811;15.418;15.5549;15.6917;15.8286;15.894;15.888;15.8104;15.6614;15.441;15.2205;15",0.33476,"0;0.983333;0.0166667"
1.24226,0.176798,0.239181,"1;1.01197;1.02395;1.03592;1.0479;1.05987;1.06757;1.07099;1.07014;1.06501;1.0556;1.04619;1.03678;1.05188;1.09147;1.15556;1.24415;1.35725;1.47034;1.58343;1.67743;1.75235;1.80817;1.8449;1.86255;1.8802;1.92662;2.00183;2.10582;2.23859;2.40015;2.5617;2.72326;2.85435;2.95498;3.02516;3.06487;3.07413;3.08338;3.09263;3.11985;3.16503;3.22817;3.30927;3.40833;3.5074;3.60646;3.71381;3.82943;3.95333;4.0855;4.22975;4.37778;4.52959;4.6852;4.8446;5.00399;5.16338;5.34146;5.53823;5.75368;5.98781;6.2196;6.43036;6.62009;6.7888;6.9661;7.17304;7.40959;7.67578;7.97239;8.26981;8.54345;8.79333;9.01944;9.22098;9.39795;9.57492;9.75188;9.94455;10.1529;10.377;10.6167;10.8722;11.1135;11.3408;11.5539;11.7529;11.9379;12.1228;12.3077;12.5158;12.747;13.0014;13.2597;13.522;13.7652;13.9235;13.9969;14.0046;13.9466;13.8228;13.6991;13.5754;13.5054;13.4893;13.527;13.6185;13.7638;13.8635;13.9175;13.9258;13.8885;13.8056;13.7226;13.6397;13.6121;13.6398;13.7228;13.8611;14.0548;14.2484;14.4421;14.6552;14.8877;15.1395;15.4108;15.7016;15.9803;16.247;16.5018;16.7446;16.9812;17.2236;17.4718;17.7257;17.9869;18.2494;18.5132;18.7784;19.0439;19.3084;19.5718;19.8342;20.0955;20.3283;20.5324;20.708;20.855;20.9733;21.0917;21.2101;21.3027;21.3697;21.4109;21.4264;21.4162;21.4061;21.3959;21.432;21.5143;21.6429;21.8178;22.039;22.2273;22.3828;22.5054;22.5952;22.6522;22.7091;22.7926;22.9027;23.0393;23.1378;23.2752;23.425;23.5871;23.7616;24.0132;24.2648;24.4173;24.4707;24.4251;24.2936;24.0763;23.8563;23.6337;23.4084;23.1671;22.9099;22.6527;22.3956;22.1729;21.9849;21.8126;21.6562;21.5156;21.3562;21.1781;21","15;14.7145;14.4291;14.1436;13.8581;13.5727;13.2872;13.0017;12.7162;12.4306;12.1451;11.8595;11.574;11.293;11.0167;10.7451;10.4781;10.2157;9.95332;9.69095;9.42227;9.14728;8.866;8.57842;8.28453;7.99065;7.70841;7.43782;7.17887;6.93157;6.69592;6.46026;6.22461;5.97897;5.72336;5.45776;5.18217;4.89661;4.61104;4.32548;4.04343;3.7649;3.48988;3.21837;2.95038;2.68239;2.4144;2.25408;2.20144;2.25648;2.41919;2.67738;2.92338;3.15718;3.3788;3.58822;3.79764;4.00706;4.19021;4.34708;4.47767;4.58198;4.60041;4.55923;4.45845;4.29806;4.12498;3.99883;3.91959;3.88728;3.91928;3.96867;3.97027;3.92409;3.83013;3.67099;3.44668;3.22237;2.99806;2.809;2.65518;2.53661;2.45329;2.40522;2.3232;2.20724;2.05734;1.87349;1.65569;1.4379;1.2201;1.04888;0.92424;0.846173;0.843939;0.917536;1.02039;1.16783;1.35987;1.56725;1.78996;2.02801;2.26606;2.50411;2.74138;2.97786;3.21355;3.44845;3.68257;3.91865;4.1567;4.39672;4.63871;4.88266;5.12662;5.37057;5.60229;5.82177;6.02902;6.22403;6.40681;6.58959;6.77236;6.91097;7.00541;7.05568;7.06178;7.02371;6.98123;6.93435;6.88306;6.82736;6.81062;6.83723;6.9072;7.02053;7.14109;7.22552;7.27382;7.286;7.28447;7.30536;7.34866;7.41438;7.50251;7.62094;7.76967;7.94871;8.15804;8.39766;8.63729;8.87692;9.12573;9.38372;9.65089;9.92724;10.2128;10.4983;10.7838;11.0378;11.2602;11.451;11.6102;11.7379;11.8883;12.0616;12.2577;12.4766;12.7183;12.96;13.1915;13.4125;13.6233;13.7773;13.904;14.014;14.1072;14.1835;14.2896;14.3957;14.4732;14.5222;14.5426;14.5929;14.6731;14.7724;14.8908;15.0283;15.1266;15.1856;15.2446;15.3036;15.4183;15.5887;15.6925;15.7296;15.7002;15.5483;15.2742;15",0.176798,"0;1;0"
0.565436,1.02489,0.142257,"1;1.11716;1.23432;1.35148;1.46864;1.5858;1.70295;1.82011;1.93727;2.05443;2.17159;2.28875;2.40591;2.52307;2.64023;2.75739;2.87396;2.98995;3.10535;3.22016;3.33439;3.44862;3.56285;3.67708;3.79131;3.90554;4.01977;4.134;4.24823;4.36246;4.47669;4.59092;4.70515;4.81689;4.92612;5.03287;5.13712;5.23887;5.34062;5.44238;5.54413;5.64589;5.74764;5.84939;5.95115;6.0529;6.15465;6.25641;6.35816;6.45991;6.55862;6.65427;6.74688;6.83643;6.92294;7.00945;7.09595;7.18246;7.26896;7.35547;7.44197;7.52848;7.61499;7.70149;7.788;7.8745;7.96101;8.0517;8.14658;8.24564;8.34889;8.45632;8.56375;8.67118;8.77861;8.88605;8.99348;9.10091;9.20834;9.31577;9.42321;9.53064;9.63807;9.7455;9.85389;9.96325;10.0736;10.1848;10.2971;10.4093;10.5215;10.6337;10.746;10.8582;10.9704;11.0827;11.1949;11.3071;11.4194;11.5316;11.6438;11.7549;11.8647;11.9734;12.0809;12.1872;12.2935;12.3998;12.506;12.6123;12.7186;12.8249;12.9312;13.0375;13.1438;13.2501;13.3564;13.4627;13.5687;13.6744;13.7798;13.885;13.9898;14.0947;14.1995;14.3044;14.4092;14.5141;14.6189;14.7238;14.8286;14.9334;15.0383;15.1431;15.248;15.343;15.4281;15.5033;15.5687;15.6242;15.6798;15.7353;15.7908;15.8463;15.9018;15.9573;16.0129;16.0684;16.1239;16.1794;16.2349;16.2905;16.3579;16.4372;16.5284;16.6315;16.7465;16.8615;16.9765;17.0915;17.2065;17.3215;17.4365;17.5515;17.6665;17.7815;17.8965;18.0115;18.1265;18.2312;18.3257;18.4098;18.4837;18.5472;18.6108;18.6744;18.738;18.8015;18.8651;18.9287;18.9923;19.0559;19.1194;19.183;19.2466;19.3102;19.3871;19.4773;19.5809;19.6978;19.828;19.9582;20.0884;20.2187;20.3489;20.4791;20.6093;20.7396;20.8698;21","15;15.0107;15.0214;15.0321;15.0428;15.0535;15.0642;15.0749;15.0856;15.0963;15.1071;15.1178;15.1285;15.1392;15.1499;15.1606;15.1635;15.1587;15.1461;15.1257;15.0975;15.0694;15.0412;15.0131;14.9849;14.9568;14.9286;14.9005;14.8723;14.8442;14.816;14.7879;14.7597;14.7254;14.6849;14.6382;14.5853;14.5263;14.4672;14.4082;14.3491;14.2901;14.231;14.172;14.1129;14.0539;13.9948;13.9358;13.8767;13.8177;13.7545;13.6872;13.6157;13.5401;13.4604;13.3806;13.3009;13.2212;13.1414;13.0617;12.982;12.9022;12.8225;12.7428;12.663;12.5833;12.5036;12.4302;12.3632;12.3025;12.2482;12.2002;12.1523;12.1043;12.0564;12.0085;11.9605;11.9126;11.8646;11.8167;11.7687;11.7208;11.6728;11.6249;11.5935;11.5789;11.5809;11.5995;11.6348;11.6701;11.7054;11.7407;11.776;11.8112;11.8465;11.8818;11.9171;11.9524;11.9877;12.023;12.0583;12.0764;12.0774;12.0613;12.028;11.9776;11.9271;11.8767;11.8263;11.7759;11.7255;11.675;11.6246;11.5742;11.5238;11.4734;11.4229;11.3725;11.3429;11.3339;11.3458;11.3784;11.4318;11.4851;11.5385;11.5919;11.6452;11.6986;11.752;11.8053;11.8587;11.9121;11.9654;12.0188;12.0722;12.1356;12.2091;12.2927;12.3864;12.4901;12.5938;12.6975;12.8013;12.905;13.0087;13.1124;13.2161;13.3199;13.4236;13.5273;13.631;13.7348;13.8128;13.8651;13.8917;13.8926;13.8678;13.843;13.8181;13.7933;13.7685;13.7437;13.7189;13.6941;13.6693;13.6445;13.6196;13.5948;13.57;13.57;13.5947;13.6441;13.7184;13.8174;13.9163;14.0153;14.1143;14.2133;14.3123;14.4113;14.5103;14.6093;14.7083;14.8072;14.9062;15.0052;15.081;15.1336;15.1631;15.1693;15.1524;15.1355;15.1185;15.1016;15.0847;15.0677;15.0508;15.0339;15.0169;15",0.14931,"0.0166667;0;0.983333"
