Length, Risk, TravelTime, Paths.x, Paths.y , Fitness, Weights 
25.2869,87.3851,2.16338,"20.8928;20.9029;20.8207;20.7897;20.7349;20.7167;20.7344;20.437;20.1277;19.8265;19.5273;19.0723;18.7459;18.3287;17.9027;17.4377;17.0224;16.5749;16.2745;15.9182;15.5297;15.0917;14.8708;14.6189;14.2377;13.991;13.6079;13.2858;13.0212;12.5735;12.168;11.8284;11.3426;10.8905;10.5497;10.1358;9.67438;9.332;8.92391;8.43074;8.17712;7.70267;7.29187;7.06974;6.70263;6.28853;5.889;5.57141;5.13513;4.67194;4.2649;3.81938;3.46201;3.2089;2.86007;2.52806;2.08838;1.83299;1.37932;1.12025;0.910573;0.998778;0.982284;0.96185;1.04919;1","14.8921;14.742;14.2578;13.8097;13.4226;13.0905;12.9016;12.8964;12.7131;12.6041;12.3492;12.2291;12.2146;12.0466;11.8566;11.7662;11.5158;11.3053;11.1449;10.9373;10.8392;10.7833;10.6979;10.5934;10.3811;10.4214;10.3559;10.2732;10.2093;10.1935;10.1267;10.0985;9.98294;9.93864;10.0179;10.0745;10.1658;10.1996;10.2375;10.2376;10.2515;10.3333;10.3974;10.4341;10.4815;10.7105;10.9679;11.1193;11.2677;11.3519;11.4456;11.6121;11.8199;11.8515;12.0178;12.1411;12.3456;12.3676;12.4477;12.6309;12.7268;13.2026;13.6428;14.0101;14.5024;15",2.23946
"0;0;1"
26.4367,0.18937,2.17356,"20.8928;20.9029;20.8207;20.7897;20.7349;20.7167;20.6546;20.4291;20.2951;20.1525;19.7692;19.6191;19.2077;18.9316;18.676;18.2886;17.9814;17.737;17.313;17.0933;16.6417;16.2505;15.9317;15.5919;15.223;14.8119;14.4146;14.1552;13.721;13.3539;13.0723;12.631;12.3245;11.884;11.7899;11.4952;11.1457;10.8497;10.4779;10.1559;9.98258;9.63918;9.26766;8.88426;8.47783;8.20702;8.05589;7.62944;7.6145;7.22113;6.77609;6.53455;6.17377;5.79742;5.35902;5.35288;4.97871;4.64012;4.3029;3.95676;3.66244;3.22387;2.96292;2.67783;2.2565;2.1449;1.81923;1.37721;1.04649;0.910573;0.998778;0.982284;0.96185;1.04919;1","14.8921;14.742;14.2578;13.8097;13.4226;13.0905;12.6027;12.4015;12.1227;11.979;11.712;11.6249;11.4816;11.4045;11.3642;11.1348;11.0636;11.0299;10.9369;10.9143;10.7326;10.6306;10.5106;10.2877;10.1431;9.92362;9.65858;9.56198;9.41772;9.24251;9.11102;8.90104;8.75829;8.65117;8.64682;8.63473;8.66605;8.56659;8.62694;8.70458;8.73113;8.76982;8.89751;9.13132;9.2575;9.21431;9.22705;9.4631;9.47528;9.66722;9.89251;10.0158;10.244;10.4669;10.6392;10.6587;10.8995;10.9224;10.9467;11.1333;11.2333;11.405;11.5411;11.6562;11.8831;11.9556;12.1849;12.3495;12.618;12.7268;13.2026;13.6428;14.0101;14.5024;15",2.13716
"0;0.05;0.95"
27.0953,0.124355,2.18015,"20.8928;20.9029;20.8207;20.7897;20.7349;20.7167;20.6546;20.3018;20.1435;19.7692;19.6028;19.2077;18.9316;18.676;18.2886;17.951;17.7609;17.3949;17.0747;16.7494;16.4973;16.4632;16.0809;15.7687;15.2843;14.9005;14.5184;14.3084;13.8587;13.5259;13.418;13.0054;12.7937;12.6143;12.2773;11.9712;11.5408;11.1773;10.7438;10.3647;10.0668;9.64745;9.55122;9.5105;9.12694;8.75022;8.38281;8.34683;7.94813;7.64158;7.44314;7.0238;6.62574;6.1744;5.77661;5.46711;5.27596;4.94261;4.53194;4.10396;3.74919;3.49495;3.21239;3.01154;2.71579;2.51989;2.14593;1.88527;1.52646;1.37721;1.06559;0.910573;0.998778;0.982284;0.96185;1.04919;1","14.8921;14.742;14.2578;13.8097;13.4226;13.0905;12.6027;12.2888;11.9352;11.712;11.5624;11.4816;11.4045;11.3642;11.1348;10.7662;10.6144;10.3231;10.2332;10.0915;9.97916;9.87623;9.68703;9.46905;9.38824;9.29261;9.17097;8.99396;8.78797;8.53939;8.5247;8.44443;8.34284;8.30539;8.18886;8.10172;8.16837;8.2441;8.39111;8.35187;8.40565;8.44362;8.57029;8.5745;8.64356;8.63785;8.77505;8.78468;8.90705;8.9008;8.85258;8.9127;9.03203;9.17906;9.3769;9.50696;9.6357;9.89153;10.1045;10.3406;10.5741;10.805;11.0077;11.1867;11.3366;11.4837;11.7939;11.9111;12.2282;12.3495;12.5826;12.7268;13.2026;13.6428;14.0101;14.5024;15",2.0306
"0;0.1;0.9"
27.1337,0.114179,2.18053,"20.8928;20.9029;20.8207;20.7897;20.7349;20.7167;20.6546;20.4291;20.1085;19.8969;19.6191;19.3524;18.984;18.5976;18.2963;17.8957;17.5519;17.3621;17.2288;16.9273;16.6164;16.1604;15.7687;15.2843;14.9005;14.5184;14.3084;13.8161;13.6487;13.3523;12.9466;12.6143;12.1413;12.0427;11.9712;11.5408;11.1773;10.7112;10.2979;10.0164;9.55173;9.08794;8.87931;8.51263;8.34063;8.0043;7.76059;7.33931;7.00235;6.86711;6.5621;6.26043;6.1744;5.77661;5.46711;5.27596;4.94261;4.53194;4.10396;3.74919;3.49495;3.21239;3.01154;2.71579;2.51989;2.14593;1.88527;1.52646;1.37721;1.06559;0.910573;0.998778;0.982284;0.96185;1.04919;1","14.8921;14.742;14.2578;13.8097;13.4226;13.0905;12.6027;12.4015;12.1746;11.9212;11.6249;11.3913;11.0603;10.8648;10.5952;10.5168;10.3444;10.1201;10.0256;9.80587;9.66172;9.54356;9.46905;9.38824;9.29261;9.17097;8.99396;8.95215;8.79242;8.67581;8.48338;8.30539;8.17921;8.13348;8.10172;8.16837;8.2441;8.16078;8.21518;8.12216;8.26063;8.34128;8.37563;8.35267;8.35205;8.40064;8.43324;8.5252;8.59464;8.66452;8.82844;9.13149;9.17906;9.3769;9.50696;9.6357;9.89153;10.1045;10.3406;10.5741;10.805;11.0077;11.1867;11.3366;11.4837;11.7939;11.9111;12.2282;12.3495;12.5826;12.7268;13.2026;13.6428;14.0101;14.5024;15",1.91812
"0;0.15;0.85"
27.7342,0.107699,2.18654,"20.8928;20.9029;20.8207;20.7897;20.7349;20.7167;20.6546;20.3018;20.2951;19.8969;19.6028;19.2063;18.7792;18.3709;18.0151;17.6709;17.5069;17.0628;16.5657;16.4238;16.2567;15.8606;15.5824;15.2843;14.9005;14.5184;14.3241;14.277;13.9327;13.5259;13.418;13.0054;12.6143;12.1413;12.0427;11.9712;11.5408;11.1773;10.7112;10.2588;9.99303;9.49931;9.17392;8.7867;8.44286;8.03805;7.73447;7.26339;7.02206;6.56296;6.07;5.72868;5.41907;5.12997;4.78976;4.57274;4.19671;4.03599;3.68711;3.50543;3.13797;2.82306;2.45594;2.11848;1.77969;1.69598;1.37721;1.06559;0.910573;0.998778;0.982284;0.96185;1.04919;1","14.8921;14.742;14.2578;13.8097;13.4226;13.0905;12.6027;12.2888;12.1227;11.9212;11.5624;11.3498;11.161;11.0307;10.8789;10.8729;10.7786;10.7177;10.7562;10.5609;10.0975;9.90306;9.71793;9.38824;9.29261;9.17097;9.0094;8.82528;8.67648;8.53939;8.5247;8.44443;8.30539;8.17921;8.13348;8.10172;8.16837;8.2441;8.16078;7.98058;7.85225;7.84394;7.81252;7.87358;7.96359;8.11198;8.17989;8.29377;8.4287;8.59732;8.66876;8.8239;8.92754;9.07227;9.29219;9.4934;9.74053;9.85227;10.1916;10.3936;10.7232;11.1042;11.4346;11.669;11.926;11.9845;12.3495;12.5826;12.7268;13.2026;13.6428;14.0101;14.5024;15",1.81009
"0;0.2;0.8"
27.7879,0.0824257,2.18708,"20.8928;20.9029;20.8207;20.7897;20.7349;20.7167;20.6546;20.4291;20.1085;19.8969;19.6191;19.2077;18.9316;18.676;18.2886;18.0151;17.7609;17.3949;17.0676;16.7349;16.2989;15.8862;15.474;15.1585;14.887;14.604;14.3083;14.0876;13.6918;13.2058;12.8239;12.5557;12.318;12.0539;11.688;11.3847;11.1133;10.6199;10.241;9.79;9.43752;9.35392;8.90088;8.51005;8.10171;7.71515;7.458;7.00733;6.83197;6.53751;6.12308;5.92625;5.69698;5.28128;4.83122;4.44932;4.3221;3.95071;3.76142;3.54182;3.34355;3.05305;2.81819;2.57063;2.39352;2.11848;1.77969;1.69598;1.37721;1.06559;0.910573;0.998778;0.982284;0.96185;1.04919;1","14.8921;14.742;14.2578;13.8097;13.4226;13.0905;12.6027;12.4015;12.1746;11.9212;11.6249;11.4816;11.4045;11.3642;11.1348;10.8789;10.6144;10.3231;10.1897;9.86085;9.62941;9.42117;9.20825;8.9875;8.75547;8.57354;8.40686;8.31026;8.11163;8.09868;7.97473;7.89548;7.75095;7.61929;7.62662;7.51538;7.47943;7.45764;7.46444;7.61675;7.58054;7.58302;7.58785;7.5668;7.69204;7.77989;7.92717;7.93689;8.12468;8.24816;8.43194;8.53533;8.67874;8.95334;9.13343;9.42307;9.56273;9.74965;9.86704;10.0581;10.244;10.6423;10.9084;11.1756;11.3514;11.669;11.926;11.9845;12.3495;12.5826;12.7268;13.2026;13.6428;14.0101;14.5024;15",1.69736
"0;0.25;0.75"
28.1115,0.0806767,2.19031,"20.8928;20.9029;20.8207;20.7897;20.7349;20.7167;20.6546;20.3018;20.1085;19.8969;19.6028;19.1484;18.9171;18.676;18.2886;18.1286;17.737;17.5069;17.2311;17.0557;16.7494;16.4889;16.2989;15.9054;15.4805;15.2415;14.8201;14.7559;14.5734;14.371;14.0425;13.6404;13.3264;13.0403;12.6251;12.5458;12.0539;11.5939;11.1133;10.8988;10.4291;10.241;9.87031;9.43752;9.14787;8.68537;8.51005;8.10171;7.71515;7.458;7.00733;6.78757;6.3663;5.93546;5.6361;5.28128;4.83122;4.44932;4.07943;3.89983;3.54182;3.34355;3.05305;2.81819;2.57063;2.39352;2.11848;1.77969;1.69598;1.37721;1.06559;0.910573;0.998778;0.982284;0.96185;1.04919;1","14.8921;14.742;14.2578;13.8097;13.4226;13.0905;12.6027;12.2888;12.1746;11.9212;11.5624;11.551;11.5002;11.3642;11.1348;11.092;11.0299;10.7786;10.5404;10.3494;10.0915;9.8055;9.62941;9.32995;9.12041;8.91868;8.66357;8.61502;8.33176;8.13249;8.02597;7.92102;7.85653;7.88459;7.66492;7.63833;7.61929;7.6079;7.47943;7.51066;7.41714;7.46444;7.59878;7.58054;7.44834;7.51665;7.5668;7.69204;7.77989;7.92717;7.93689;7.95625;8.14596;8.28016;8.64596;8.95334;9.13343;9.42307;9.58028;9.73745;10.0581;10.244;10.6423;10.9084;11.1756;11.3514;11.669;11.926;11.9845;12.3495;12.5826;12.7268;13.2026;13.6428;14.0101;14.5024;15",1.58647
"0;0.3;0.7"
28.299,0.0721658,2.19219,"20.8928;20.9029;20.8207;20.7897;20.7349;20.7167;20.6546;20.3018;20.0614;19.7692;19.6028;19.2452;18.984;18.5749;18.2963;17.8957;17.6263;17.3621;17.2288;16.9273;16.7006;16.2885;15.9054;15.4805;15.2415;14.8201;14.604;14.5832;14.1382;14.0876;13.6825;13.2715;12.8518;12.6362;12.3495;11.9652;11.6655;11.2119;11.0762;10.5814;10.4756;10.0126;9.52391;9.19666;8.96857;8.7197;8.51087;8.23061;7.96772;7.54325;7.36194;6.97779;6.57976;6.18644;5.85302;5.38944;5.08592;4.90005;4.66407;4.34189;4.04955;3.85256;3.58041;3.54863;3.34355;3.01333;2.78183;2.57063;2.39352;2.11848;1.77969;1.69598;1.37721;1.06559;0.910573;0.998778;0.982284;0.96185;1.04919;1","14.8921;14.742;14.2578;13.8097;13.4226;13.0905;12.6027;12.2888;11.994;11.712;11.5624;11.2903;11.0603;10.7777;10.5952;10.5168;10.3362;10.1201;10.0256;9.80587;9.62071;9.583;9.32995;9.12041;8.91868;8.66357;8.57354;8.55774;8.36273;8.31026;8.06077;7.83516;7.63514;7.52873;7.34828;7.18224;7.05231;7.13849;7.1732;7.16182;7.13087;6.97412;6.89976;7.08356;7.09245;7.12285;7.1483;7.21302;7.30856;7.45939;7.60029;7.72014;7.84095;7.97055;8.14781;8.32246;8.42993;8.60547;8.78774;8.98761;9.30819;9.49423;9.87745;9.9059;10.244;10.5502;10.7833;11.1756;11.3514;11.669;11.926;11.9845;12.3495;12.5826;12.7268;13.2026;13.6428;14.0101;14.5024;15",1.47437
"0;0.35;0.65"
29.0456,0.0609712,2.19965,"20.8928;20.9029;20.8207;20.7897;20.7349;20.7167;20.6546;20.3018;20.1435;19.9075;19.7427;19.5742;19.1652;18.8168;18.7257;18.5161;18.1401;17.8484;17.3804;17.2513;16.8524;16.48;16.1754;16.0487;15.6833;15.305;14.9969;14.6693;14.3943;14.143;13.6542;13.2696;12.8349;12.6637;12.2939;11.846;11.3905;11.0276;10.6064;10.3148;9.82018;9.53336;9.30551;8.86136;8.41834;7.9864;7.82985;7.41499;7.11287;6.91939;6.62246;6.28644;6.10695;5.89217;5.60387;5.19679;4.877;4.51708;4.18019;4.03437;3.93575;3.74435;3.54863;3.34355;3.05305;2.81819;2.57063;2.39352;2.11848;1.77969;1.69598;1.37721;1.06559;0.910573;0.998778;0.982284;0.96185;1.04919;1","14.8921;14.742;14.2578;13.8097;13.4226;13.0905;12.6027;12.2888;11.9352;11.6335;11.1863;11.014;10.7809;10.5904;10.4654;10.2032;9.9952;9.59281;9.42302;9.38322;9.19738;8.97555;8.71573;8.60101;8.32023;8.12346;7.78329;7.60998;7.4291;7.46545;7.46041;7.42934;7.3292;7.31631;7.19849;7.04752;6.99782;6.8758;6.89116;6.87642;6.81522;6.75415;6.76993;6.77002;6.66784;6.83406;6.99034;7.08797;7.12085;7.11494;7.25372;7.45071;7.55268;7.78204;7.89117;8.15011;8.36704;8.55643;8.87858;9.09943;9.27924;9.67672;9.9059;10.244;10.6423;10.9084;11.1756;11.3514;11.669;11.926;11.9845;12.3495;12.5826;12.7268;13.2026;13.6428;14.0101;14.5024;15",1.36544
"0;0.4;0.6"
29.106,0.0585589,2.20026,"20.8928;20.9029;20.8207;20.7897;20.7349;20.7167;20.6546;20.4676;20.1525;19.7692;19.6028;19.5872;19.3075;19.0338;18.7257;18.5161;18.3501;18.1894;17.8484;17.3804;17.2513;16.8524;16.48;16.4301;16.0487;15.6833;15.305;14.8945;14.6754;14.1823;13.7705;13.4232;13.2592;12.837;12.629;12.2031;11.8918;11.4492;11.018;10.7118;10.316;9.93906;9.74659;9.30551;8.86136;8.41834;7.9864;7.82985;7.41499;7.28278;6.94848;6.81154;6.41552;6.10695;5.97339;5.60387;5.19679;4.877;4.51708;4.18019;3.83019;3.5972;3.21893;2.93863;2.77571;2.45289;2.20907;2.03811;1.70248;1.61241;1.28461;1.06559;0.910573;0.998778;0.982284;0.96185;1.04919;1","14.8921;14.742;14.2578;13.8097;13.4226;13.0905;12.6027;12.251;11.979;11.712;11.5624;11.2794;11.0046;10.7985;10.4654;10.2032;9.97586;9.84079;9.59281;9.42302;9.38322;9.19738;8.97555;8.8474;8.60101;8.32023;8.12346;7.89137;7.81334;7.7325;7.44976;7.35068;7.24303;7.13904;6.98863;6.82511;6.7732;6.65732;6.53761;6.49833;6.5735;6.63347;6.66367;6.76993;6.77002;6.66784;6.83406;6.99034;7.08797;7.13947;7.29875;7.33584;7.44437;7.55268;7.62276;7.89117;8.15011;8.36704;8.55643;8.87858;9.21739;9.54884;9.73787;10.0478;10.1908;10.4455;10.8289;11.1056;11.4432;11.9172;12.2561;12.5826;12.7268;13.2026;13.6428;14.0101;14.5024;15",1.25198
"0;0.45;0.55"
29.9592,0.0500888,2.20879,"20.8928;20.9029;20.8207;20.7897;20.7349;20.7167;20.6546;20.7201;20.6388;20.5551;20.3694;19.9764;19.5742;19.2549;18.9464;18.7382;18.5248;18.2795;17.9228;17.5368;17.2218;16.9687;16.535;16.4212;16.0568;15.8653;15.6584;15.4534;15.0645;14.9309;14.4341;14.2434;13.8089;13.6838;13.4831;13.1939;12.7846;12.5776;12.2093;11.9768;11.573;11.1267;10.9549;10.4933;10.1646;9.87458;9.39572;9.18257;8.79696;8.37815;7.97852;7.67718;7.4517;7.01655;6.60134;6.25868;5.98013;5.65477;5.24573;4.96585;4.66023;4.31802;4.26083;3.89361;3.73999;3.52296;3.18734;2.99364;2.77571;2.45289;2.20907;2.03811;1.70248;1.61241;1.28461;1.06559;0.910573;0.998778;0.982284;0.96185;1.04919;1","14.8921;14.742;14.2578;13.8097;13.4226;13.0905;12.6027;12.4402;12.1148;11.9319;11.5268;11.2234;11.014;10.6387;10.2931;9.93595;9.81764;9.5909;9.32097;9.21142;8.94526;8.5198;8.28299;8.18984;7.93178;7.67293;7.4372;7.36161;7.24611;7.19494;7.14439;7.01428;6.78369;6.69009;6.55352;6.40113;6.26038;6.22976;6.13937;6.10666;6.12602;6.14559;6.07547;6.19897;6.10438;6.2604;6.25196;6.2205;6.29503;6.34016;6.48384;6.68675;6.77282;6.92514;7.11998;7.34948;7.44763;7.65263;7.91252;8.13629;8.33134;8.56662;8.61064;8.93502;9.0561;9.22574;9.48883;9.81087;10.1908;10.4455;10.8289;11.1056;11.4432;11.9172;12.2561;12.5826;12.7268;13.2026;13.6428;14.0101;14.5024;15",1.14243
"0;0.5;0.5"
29.902,0.0515595,2.20822,"20.8928;20.9029;20.8207;20.7897;20.7349;20.7167;20.6546;20.6388;20.5492;20.3694;19.9764;19.5742;19.2549;18.9464;18.7083;18.5248;18.2795;17.9228;17.5371;17.2218;17.0454;16.8511;16.4623;16.0879;15.9245;15.7321;15.4554;14.9969;14.6693;14.3943;14.1464;13.9184;13.5938;13.1705;12.7151;12.2557;12.0434;11.7451;11.296;10.9315;10.4933;10.1646;9.74388;9.52883;9.06671;8.79696;8.37815;7.97852;7.70137;7.44306;7.05099;6.61573;6.34756;6.01008;5.70642;5.44226;5.24598;4.84878;4.57669;4.2071;3.8646;3.54242;3.26986;3.02982;2.76158;2.50929;2.28544;1.97662;1.8114;1.70248;1.61241;1.28461;1.06559;0.910573;0.998778;0.982284;0.96185;1.04919;1","14.8921;14.742;14.2578;13.8097;13.4226;13.0905;12.6027;12.1148;11.8258;11.5268;11.2234;11.014;10.6387;10.2931;10;9.81764;9.5909;9.32097;9.10597;8.94526;8.82906;8.48291;8.39622;8.26703;8.26329;8.03792;7.91592;7.78329;7.60998;7.4291;7.21661;7.13676;7.00891;6.9419;6.74858;6.60811;6.50849;6.37509;6.21666;6.15376;6.19897;6.10438;6.19069;6.26224;6.24397;6.29503;6.34016;6.48384;6.43106;6.48189;6.67379;6.85967;6.94637;7.15321;7.29978;7.41636;7.54145;7.8114;7.97003;8.1934;8.44721;8.8015;9.13728;9.43901;9.71807;10.0778;10.2693;10.6461;11.0435;11.4432;11.9172;12.2561;12.5826;12.7268;13.2026;13.6428;14.0101;14.5024;15",1.02793
"0;0.55;0.45"
30.1507,0.0471856,2.2107,"20.8928;20.9029;20.8207;20.7897;20.7349;20.7167;20.6546;20.4291;20.3233;20.1435;19.9075;19.5872;19.3075;19.0338;18.7257;18.5161;18.1401;17.8484;17.8027;17.4934;17.2696;17.0454;16.7872;16.4623;16.0514;15.7707;15.4971;15.1926;15.0645;14.6806;14.2346;13.83;13.5462;13.1586;12.9392;12.5776;12.2093;11.8456;11.5895;11.166;10.7784;10.3382;9.87211;9.49883;9.14862;8.98714;8.53585;8.21669;7.8813;7.49114;7.1167;6.81552;6.69266;6.58942;6.24637;5.87714;5.50526;5.08254;4.75319;4.57669;4.2071;3.8646;3.54242;3.34126;3.04796;2.85727;2.5868;2.28544;1.97662;1.8114;1.70248;1.61241;1.28461;1.06559;0.910573;0.998778;0.982284;0.96185;1.04919;1","14.8921;14.742;14.2578;13.8097;13.4226;13.0905;12.6027;12.4015;12.196;11.9352;11.6335;11.2794;11.0046;10.7985;10.4654;10.2032;9.9952;9.59281;9.51919;9.2176;9.03424;8.82906;8.67597;8.39622;8.11362;7.81407;7.65314;7.36301;7.24611;6.97271;6.85736;6.63914;6.57244;6.3448;6.31565;6.22976;6.13937;5.94151;5.8695;5.78445;5.75388;5.7715;5.59537;5.56306;5.56837;5.56688;5.61202;5.66418;5.89276;6.03847;6.21575;6.42411;6.51354;6.59051;6.82233;7.07964;7.32809;7.57324;7.77404;7.97003;8.1934;8.44721;8.8015;9.00743;9.2768;9.6932;9.90295;10.2693;10.6461;11.0435;11.4432;11.9172;12.2561;12.5826;12.7268;13.2026;13.6428;14.0101;14.5024;15",0.914712
"0;0.6;0.4"
30.753,0.0455208,2.22439,"20.8928;20.8019;20.8541;20.8193;20.7349;20.7167;20.6546;20.4291;20.3233;20.1435;19.7692;19.6561;19.3371;19.1351;18.8168;18.7257;18.5161;18.1401;18.2795;18.0063;17.6845;17.3548;17.1203;16.9187;16.6843;16.4196;15.9854;15.7207;15.3648;15.0243;14.6296;14.4603;14.0098;13.6055;13.1971;13.0703;12.6557;12.4158;11.9458;11.4887;11.166;10.7784;10.3382;10.2118;9.87211;9.6712;9.26685;8.86814;8.43971;8.31796;7.8813;7.49114;7.1167;6.81552;6.69266;6.58942;6.24637;5.87714;5.50526;5.08254;4.65492;4.27064;3.90781;3.76227;3.54242;3.26986;3.02982;2.9932;2.88202;2.77571;2.45289;2.20907;2.03811;1.70248;1.61241;1.28461;1.06559;0.910573;0.998778;0.982284;0.96185;1.04919;1","14.8921;14.4433;14.0596;13.6778;13.4226;13.0905;12.6027;12.4015;12.196;11.9352;11.712;11.5515;11.1849;10.941;10.5904;10.4654;10.2032;9.9952;9.5909;9.2845;8.95611;8.60375;8.28566;8.12155;7.91108;7.48704;7.37318;7.09351;6.94509;6.77528;6.62799;6.47373;6.28397;6.10824;5.98944;5.94418;5.78229;5.74474;5.75807;5.82816;5.78445;5.75388;5.7715;5.685;5.59537;5.71728;5.68812;5.8554;5.81137;5.81003;5.89276;6.03847;6.21575;6.42411;6.51354;6.59051;6.82233;7.07964;7.32809;7.57324;7.75803;8.03624;8.33917;8.56594;8.8015;9.13728;9.43901;9.57899;9.86757;10.1908;10.4455;10.8289;11.1056;11.4432;11.9172;12.2561;12.5826;12.7268;13.2026;13.6428;14.0101;14.5024;15",0.805165
"0;0.65;0.35"
31.7502,0.0420457,2.23282,"20.8928;20.8019;20.8541;20.7897;20.7349;20.7167;20.6546;20.7201;20.7574;20.607;20.3694;20.2503;19.8845;19.7447;19.5717;19.4403;19.0181;18.7269;18.567;18.3706;18.0606;17.9272;17.7308;17.471;17.0828;16.6843;16.4196;15.9854;15.6449;15.3648;15.0243;14.6296;14.4603;14.0098;13.64;13.3293;13.1708;12.8619;12.5733;12.1085;11.8775;11.4139;10.9156;10.8473;10.4094;9.99429;9.53585;9.21851;8.98714;8.5188;8.03163;7.84166;7.49074;7.07742;6.72733;6.39041;5.97739;5.74087;5.35538;5.11688;4.82412;4.69934;4.49969;4.29965;4.10953;3.72465;3.64003;3.44476;3.08258;2.71255;2.46399;2.3872;2.15767;1.93979;1.83539;1.61243;1.35328;1.1982;0.950604;0.935509;0.910573;0.998778;0.982284;0.96185;1.04919;1","14.8921;14.4433;14.0596;13.8097;13.4226;13.0905;12.6027;12.4402;11.9575;11.7365;11.5268;11.1291;10.897;10.7116;10.3044;9.8617;9.85579;9.50037;9.22812;9.02916;8.6509;8.59863;8.28412;8.25886;8.15359;7.91108;7.48704;7.37318;7.22599;6.94509;6.77528;6.62799;6.47373;6.28397;5.96176;5.70878;5.7229;5.66337;5.48952;5.42343;5.32832;5.36701;5.35879;5.37262;5.40114;5.37773;5.49493;5.57152;5.56688;5.52031;5.49147;5.50508;5.68502;5.77313;5.9249;6.08946;6.24992;6.43649;6.72944;6.79221;7.18056;7.39547;7.57847;7.74729;7.94265;8.22713;8.31841;8.74489;8.93592;9.19833;9.62169;9.71355;9.95423;10.3288;10.4796;10.8063;11.1813;11.6176;12.0397;12.2648;12.7268;13.2026;13.6428;14.0101;14.5024;15",0.692668
"0;0.7;0.3"
32.5948,0.0371798,2.23916,"20.8928;20.9537;21.0261;21.0457;21.1074;21.0429;21.0101;20.9008;20.8497;20.756;20.6539;20.5188;20.4326;20.2799;20.0785;19.8654;19.7543;19.5648;19.4307;19.1473;18.8543;18.6107;18.2906;18.1123;17.9283;17.7593;17.3986;17.1597;16.7181;16.4007;15.9594;15.6834;15.278;14.9549;14.7471;14.5701;14.1114;13.873;13.6409;13.1708;12.8619;12.5733;12.1085;11.8775;11.5818;11.3072;10.9744;10.5806;10.1298;9.76231;9.2818;8.97823;8.75256;8.44908;8.11595;7.67688;7.45561;7.19395;6.80351;6.50318;6.16695;5.89466;5.68979;5.34143;4.95137;4.61492;4.44038;4.09446;3.82434;3.59027;3.47229;3.30267;2.97288;2.621;2.36004;2.06975;1.81515;1.59475;1.41615;1.37575;1.34479;1.28476;1.1982;0.950604;0.935509;0.910573;0.998778;0.982284;0.96185;1.04919;1","14.8921;14.54;14.0714;13.8153;13.4455;13.0615;12.5658;12.3068;12.0171;11.7305;11.2732;10.9467;10.6851;10.241;9.83704;9.40959;9.18772;8.94067;8.76366;8.48019;8.21939;7.98795;7.75346;7.50413;7.3795;7.26972;7.02773;6.93456;6.78343;6.52088;6.30263;6.2301;6.3889;6.32569;6.1919;6.13234;5.96045;5.90383;5.85433;5.7229;5.66337;5.48952;5.42343;5.32832;5.30177;5.1236;5.07907;4.93161;4.88901;4.83187;4.83194;4.87595;4.8753;4.98928;5.15365;5.25269;5.33704;5.43955;5.61336;5.65653;5.8085;6.04229;6.11533;6.38183;6.5829;6.75143;6.87005;7.11771;7.45553;7.7278;7.88514;8.35507;8.5769;8.84685;9.12011;9.37596;9.79056;10.0921;10.5211;10.8424;11.0914;11.2557;11.6176;12.0397;12.2648;12.7268;13.2026;13.6428;14.0101;14.5024;15",0.578808
"0;0.75;0.25"
33.5991,0.034548,2.2492,"20.8928;20.9537;21.0261;21.0457;21.1074;21.0429;21.0101;20.9735;20.8497;20.726;20.5073;20.4509;20.223;20.0041;19.7723;19.5936;19.2428;19.1604;19.0749;18.9094;18.7997;18.6794;18.4882;18.2898;17.9001;17.7161;17.5662;17.2026;16.9927;16.6668;16.3679;16.0725;15.5971;15.1473;14.6846;14.4213;14.2307;13.8657;13.4219;13.1279;12.6944;12.6352;12.4619;12.1278;11.7133;11.2583;10.9469;10.4744;10.0507;9.68918;9.42291;9.04693;8.61055;8.13763;7.8455;7.40695;7.24006;6.89833;6.58901;6.25528;5.86629;5.6784;5.25891;4.9624;4.57241;4.4276;4.05942;3.85729;3.67837;3.55856;3.23463;2.9066;2.7922;2.51397;2.52542;2.30562;2.01368;1.91767;1.68335;1.4677;1.41615;1.37575;1.34479;1.28476;1.1982;0.950604;0.935509;0.910573;0.998778;0.982284;0.96185;1.04919;1","14.8921;14.54;14.0714;13.8153;13.4455;13.0615;12.5658;12.2627;12.0171;11.6297;11.2624;11.1855;10.8511;10.4589;10.0601;9.89335;9.65961;9.40676;9.1059;8.64001;8.46674;8.29696;8.07559;7.86056;7.69799;7.40744;7.27455;6.97666;6.82134;6.5224;6.28499;6.11432;5.99432;5.86707;5.76112;5.41763;5.24163;5.032;4.81291;4.73705;4.66466;4.55959;4.34868;4.24976;4.26607;4.17894;4.15733;4.25802;4.33461;4.29818;4.23383;4.28801;4.51652;4.56482;4.96464;5.13333;5.18516;5.30595;5.33111;5.43622;5.619;5.64564;5.84119;5.99809;6.12605;6.21328;6.50652;6.65088;6.88448;7.0849;7.4543;7.67189;7.7969;8.13354;8.43709;8.84086;9.14517;9.36216;9.64287;10.0718;10.5211;10.8424;11.0914;11.2557;11.6176;12.0397;12.2648;12.7268;13.2026;13.6428;14.0101;14.5024;15",0.465055
"0;0.8;0.2"
34.9166,0.0307913,2.26477,"20.8928;20.9656;21.0261;21.0457;21.1074;21.1052;21.0429;21.0101;20.9658;20.9387;20.9111;20.8649;20.9844;20.7883;20.6958;20.4964;20.4245;20.0909;19.9854;19.8595;19.6336;19.5082;19.2979;19.1788;18.9333;18.8033;18.4856;18.3766;17.9963;17.7202;17.4007;17.094;16.7811;16.547;16.4925;16.1508;15.8954;15.6049;15.1592;14.7167;14.5658;14.2117;13.9635;13.5956;13.4028;12.9642;12.7625;12.3194;11.8908;11.6029;11.2461;10.7826;10.4461;9.98626;9.53287;9.20709;8.93302;8.61572;8.32341;7.86129;7.38829;7.1743;6.75908;6.64984;6.49527;6.23465;5.982;5.62904;5.35754;5.0605;4.79283;4.49393;4.22126;3.96909;3.62537;3.39707;3.04892;2.94022;2.59068;2.21019;2.07613;1.88864;1.7926;1.65107;1.48348;1.31099;1.00281;0.941868;0.802998;0.713926;0.657038;0.655222;0.663446;0.753802;0.910573;0.998778;0.982284;0.96185;1.04919;1","14.8921;14.5206;14.0714;13.8153;13.4455;13.2525;13.0615;12.5658;12.0949;11.7274;11.2888;11.0434;10.6272;10.4191;10.2126;9.76796;9.64042;9.35198;8.97085;8.71557;8.39469;8.23032;7.83472;7.65861;7.32763;7.19831;6.97976;6.90438;6.6042;6.2641;6.13294;5.93809;5.73537;5.60039;5.54954;5.27187;5.13176;5.03448;4.93215;4.80181;4.72055;4.59371;4.45783;4.29985;4.24482;4.13463;4.04058;3.94681;3.97551;3.96746;4.00122;4.04627;3.9942;3.99528;4.00282;4.03789;4.07265;4.11854;4.16269;4.14741;4.16774;4.35396;4.52799;4.59139;4.65536;4.78486;4.95715;5.19174;5.3818;5.55214;5.69882;5.98454;5.9666;6.35572;6.64481;6.86361;7.11003;7.18965;7.43248;7.67024;8.13735;8.41718;8.74017;9.04051;9.36936;9.77413;10.1643;10.6119;10.9154;11.2198;11.5662;11.767;12.0577;12.5064;12.7268;13.2026;13.6428;14.0101;14.5024;15",0.351127
"0;0.85;0.15"
36.2038,0.0297725,2.27541,"20.8928;20.9656;21.0261;21.0457;21.1074;21.0429;21.0101;20.9735;21.0859;21.2005;20.8649;20.7446;20.7883;20.6958;20.5697;20.4354;20.0909;19.8448;19.5861;19.5082;19.1014;18.744;18.6505;18.2758;18.154;17.8974;17.6518;17.2684;17.0219;16.698;16.4274;16.3259;15.9495;15.6762;15.3599;15.1687;14.8818;14.6245;14.2409;13.8586;13.7238;13.3147;13.0373;12.6862;12.2655;11.8422;11.4629;11.3191;10.9188;10.454;10.0976;9.87988;9.40442;9.1665;8.72825;8.33433;8.11417;7.80671;7.42244;7.32584;6.94955;6.57393;6.14103;5.8899;5.48977;5.25563;5.05077;4.66007;4.21332;3.97042;3.68953;3.38142;3.08888;2.8211;2.58405;2.26427;2.12889;1.85475;1.63618;1.44801;1.34067;1.09368;0.939858;0.875364;0.772502;0.71641;0.601478;0.657038;0.655222;0.663446;0.753802;0.910573;0.998778;0.982284;0.96185;1.04919;1","14.8921;14.5206;14.0714;13.8153;13.4455;13.0615;12.5658;12.2627;11.8187;11.3577;11.0434;10.7587;10.4191;10.2126;9.88755;9.70256;9.35198;8.9858;8.63674;8.23032;8.01571;7.71825;7.48163;7.40756;6.93999;6.71018;6.59999;6.49328;6.21771;5.83911;5.68234;5.46691;5.27827;4.86398;4.53594;4.41169;4.04893;3.74801;3.54639;3.55626;3.49796;3.33658;3.16845;3.17857;3.10391;3.08905;3.14286;3.19992;3.12071;3.17287;3.19504;3.19754;3.35139;3.46674;3.59349;3.77103;3.85061;3.94838;4.04514;4.06068;4.27495;4.35311;4.5191;4.66434;4.92222;5.13328;5.30611;5.4352;5.53712;5.71046;5.82275;6.11294;6.33745;6.58849;6.96333;7.29743;7.53294;7.88429;8.15207;8.55036;8.71152;9.13405;9.60125;10.0874;10.4412;10.7876;11.1698;11.5662;11.767;12.0577;12.5064;12.7268;13.2026;13.6428;14.0101;14.5024;15",0.235149
"0;0.9;0.1"
40.7344,0.0241935,2.33289,"20.8928;20.9656;21.0261;21.0457;21.1074;21.1052;21.0446;21.1832;21.4259;21.5004;21.5396;21.5607;21.5866;21.591;21.4822;21.4069;21.4181;21.253;20.9673;20.8591;20.6656;20.5236;20.4548;20.3527;20.2428;19.9896;19.7571;19.5187;19.3942;19.2523;19.019;18.9416;18.7438;18.5939;18.3371;18.0566;18.0248;17.6276;17.3075;17.162;16.7256;16.3593;16.013;15.6436;15.4447;14.9805;14.8886;14.5789;14.4038;14.0662;13.6069;13.1262;12.6377;12.1987;11.9912;11.7602;11.3382;10.9128;10.6405;10.28;9.84573;9.69062;9.24509;8.78423;8.39293;8.13405;7.8788;7.43681;7.13421;6.88826;6.63097;6.19678;5.73833;5.35682;5.10153;4.76539;4.41393;4.18417;3.92611;3.53439;3.48453;3.10057;2.78962;2.6962;2.40352;2.23702;2.09124;1.93085;1.58137;1.21409;1.00847;0.834119;0.734016;0.521518;0.357221;0.296849;0.189933;0.148907;0.0723716;0.0482196;0.0167612;0.095156;0.268813;0.379723;0.475192;0.567411;0.657171;0.910573;0.998778;0.982284;0.96185;1.04919;1","14.8921;14.5206;14.0714;13.8153;13.4455;13.2525;13.0511;12.6874;12.2885;11.833;11.5743;11.1976;10.733;10.3378;9.84996;9.48026;9.23945;8.77684;8.62693;8.35344;7.9605;7.61314;7.33148;7.11787;6.67837;6.33417;6.08189;5.77799;5.65557;5.41241;5.12792;4.91177;4.73074;4.45721;4.24822;3.89391;3.55171;3.26268;3.149;2.88309;2.68849;2.58089;2.62534;2.42173;2.40279;2.32809;2.25108;1.9927;1.8062;1.55326;1.53274;1.63795;1.54145;1.46645;1.34487;1.30383;1.21335;1.26695;1.35366;1.48144;1.55127;1.60322;1.56144;1.52956;1.70779;1.80266;1.91337;2.06922;2.24475;2.48063;2.74257;2.84706;2.9948;3.2928;3.48328;3.79456;4.04217;4.13438;4.25746;4.55338;4.59695;4.88827;5.14938;5.25416;5.58188;5.7789;6.02986;6.35205;6.67282;6.91142;7.24368;7.69927;7.93305;8.30108;8.68052;8.89471;9.21877;9.44219;9.78047;10.0416;10.4665;10.8223;11.1887;11.6444;11.8698;12.2844;12.4245;12.7268;13.2026;13.6428;14.0101;14.5024;15",0.120448
"0;0.95;0.05"
50.1872,0.0132713,25.0936,"21.2434;21.5667;21.7683;21.9886;22.2928;22.5458;22.854;22.99;23.2253;23.4758;23.7427;23.9446;24.1388;24.2752;24.4369;24.5945;24.6763;24.6816;24.7314;24.7609;24.7936;24.7466;24.74;24.8217;24.8327;24.8596;24.8416;24.8002;24.7405;24.638;24.4103;24.4068;24.3144;24.3374;24.1295;23.9066;23.7084;23.5816;23.3748;23.165;22.9787;22.7436;22.5096;22.2377;22.0206;21.7438;21.424;21.0857;20.8829;20.5563;20.0973;19.7212;19.3805;19.0501;18.7368;18.2426;17.7516;17.3244;17.0007;16.5164;16.188;15.9586;15.5729;15.3904;15.0401;14.7156;14.2629;13.9089;13.457;13.0715;12.7626;12.3119;11.918;11.5843;11.1066;10.6616;10.2633;9.83608;9.39791;9.00096;8.56665;8.09426;7.79251;7.36653;6.97137;6.53607;6.30606;6.22161;5.78248;5.36302;4.93684;4.53463;4.13003;3.78831;3.43498;3.12293;2.96287;2.71001;2.34375;2.22419;1.98422;1.73755;1.64148;1.4667;1.26274;0.990698;0.830649;0.665816;0.651552;0.535989;0.406119;0.361577;0.24778;0.215664;0.270037;0.227553;0.196515;0.25428;0.235239;0.234671;0.210428;0.178053;0.00779018;0.115447;0.0769793;0.128426;0.112027;0.119031;0.0986472;0.140703;0.170511;0.239314;0.434829;0.539753;0.630958;0.810944;1","14.9924;15.2429;15.4108;15.6724;15.9231;16.0327;16.3477;16.4879;16.7961;17.1308;17.5043;17.8095;18.1735;18.3956;18.7037;19.0755;19.3147;19.6655;19.9066;20.2994;20.7099;20.8625;21.2185;21.6369;22.0809;22.5407;22.9986;23.3601;23.6836;23.9612;24.3635;24.7572;25.2408;25.5105;25.7981;26.0213;26.3934;26.5571;26.8303;27.2697;27.4967;27.747;27.994;28.1466;28.2721;28.4991;28.7432;28.9731;29.198;29.3774;29.5377;29.6589;29.7923;29.8514;29.8353;29.7978;29.7691;29.7457;29.7394;29.7907;29.8173;29.8217;29.7527;29.7678;29.8404;29.9526;29.8825;29.8478;29.7842;29.812;29.6582;29.6367;29.6765;29.7123;29.8244;29.8606;29.7139;29.7506;29.7588;29.7611;29.8052;29.8193;29.8699;29.9425;29.8987;29.8088;29.7762;29.7408;29.7019;29.589;29.4475;29.3318;29.1515;28.9233;28.6932;28.5478;28.4363;28.2099;27.9152;27.7829;27.4588;27.1954;26.8806;26.5538;26.2213;25.8862;25.6961;25.2734;25.1147;24.6878;24.2124;23.8951;23.5478;23.3029;22.9218;22.5406;22.0941;21.6835;21.3758;20.9197;20.5176;20.1213;19.9302;19.5848;19.2861;19.0806;18.7778;18.3145;18.0678;17.5831;17.2082;16.7524;16.3501;15.88;15.6701;15.2811;15",0.013449
"0;1;0"
24.2204,88.3105,2.29967,"20.8928;20.8019;20.6297;20.4416;20.2035;19.9215;19.7139;19.3298;19.173;18.9305;18.7459;18.3287;17.9027;17.4377;17.0224;16.5749;16.2745;15.821;15.44;15.0917;14.8708;14.6189;14.2916;13.991;13.6079;13.2858;13.0212;12.5735;12.168;11.8284;11.3426;10.8905;10.5497;10.1358;9.67438;9.23205;8.77237;8.55557;8.2221;7.82715;7.35021;7.25007;6.79577;6.31298;5.83857;5.47113;5.19669;4.95195;4.76236;4.5075;4.07055;3.64706;3.49234;3.35763;2.98358;2.67599;2.30939;1.90689;1.49396;1.23003;1.15132;1.03454;0.96185;1.04919;1","14.8921;14.4433;14.0541;13.6032;13.3295;13.0091;12.8362;12.5777;12.5334;12.3918;12.2146;12.0466;11.8566;11.7662;11.5158;11.3053;11.1449;11.0096;10.9134;10.7833;10.6979;10.5934;10.4796;10.4214;10.3559;10.2732;10.2093;10.1935;10.1267;10.0985;9.98294;9.93864;10.0179;10.0745;10.1658;10.372;10.5397;10.6658;10.8215;11.0078;11.146;11.1539;11.2079;11.2251;11.2491;11.3169;11.3164;11.4549;11.6026;11.7195;11.9459;12.0644;12.0978;12.1399;12.333;12.5135;12.6605;12.7659;12.7822;12.9676;13.4367;13.7629;14.0101;14.5024;15",2.25696
"0.05;0;0.95"
25.022,1.48546,2.27836,"20.8928;20.8019;20.8541;20.7897;20.5171;20.2674;19.9302;19.5313;19.173;18.9305;18.7459;18.3287;18.0157;17.9088;17.4369;17.2063;16.7386;16.2515;16.1031;15.6774;15.2753;14.9151;14.6588;14.4232;14.1048;13.7238;13.6079;13.3225;13.1445;12.7123;12.2726;11.7848;11.5459;11.2013;10.8425;10.4573;10.3134;9.91594;9.60379;9.20606;8.98567;8.77237;8.55557;8.2221;7.82715;7.35021;7.25007;6.79577;6.31298;5.83857;5.47113;5.19669;4.95195;4.76236;4.5075;4.07055;3.64706;3.49234;3.35763;2.98358;2.67599;2.30939;1.90689;1.49396;1.23003;1.15132;1.03454;0.96185;1.04919;1","14.8921;14.4433;14.0596;13.8097;13.3957;13.0313;12.7872;12.6613;12.5334;12.3918;12.2146;12.0466;12.0211;12.0428;12.0738;11.9846;11.829;11.7932;11.851;11.7638;11.5801;11.3643;11.2053;11.0111;10.7246;10.4641;10.3559;10.069;9.95926;9.73429;9.53109;9.60863;9.46598;9.48778;9.60994;9.6697;9.71578;9.8266;9.95788;10.221;10.3595;10.5397;10.6658;10.8215;11.0078;11.146;11.1539;11.2079;11.2251;11.2491;11.3169;11.3164;11.4549;11.6026;11.7195;11.9459;12.0644;12.0978;12.1399;12.333;12.5135;12.6605;12.7659;12.7822;12.9676;13.4367;13.7629;14.0101;14.5024;15",2.11899
"0.05;0.05;0.9"
24.9433,0.700649,2.24842,"20.8928;20.8019;20.6297;20.4416;20.417;20.2674;20.0651;19.9383;19.555;19.3729;18.8884;18.7459;18.3287;17.9027;17.4377;17.0224;16.5749;16.1909;15.9182;15.5297;15.0917;14.8219;14.4946;14.2355;13.991;13.6079;13.4078;13.1445;12.7123;12.2726;11.7894;11.6109;11.2013;10.752;10.4924;10.2037;9.75152;9.34595;8.946;8.50225;8.17712;7.68293;7.25357;6.88388;6.68443;6.23745;5.91052;5.47113;5.19669;4.95195;4.76236;4.5075;4.07055;3.64706;3.49234;3.35763;2.98358;2.67599;2.30939;1.90689;1.49396;1.23003;1.15132;1.03454;0.96185;1.04919;1","14.8921;14.4433;14.0541;13.6032;13.2103;13.0313;12.7822;12.6966;12.4873;12.3409;12.2298;12.2146;12.0466;11.8566;11.7662;11.5158;11.3053;11.0584;10.9373;10.8392;10.7833;10.6922;10.4215;10.3489;10.4214;10.3559;10.0938;9.95926;9.73429;9.53109;9.5974;9.62179;9.48778;9.47437;9.38891;9.42527;9.5442;9.72479;9.86618;10.0299;10.2515;10.318;10.5433;10.7619;10.9166;11.0981;11.2226;11.3169;11.3164;11.4549;11.6026;11.7195;11.9459;12.0644;12.0978;12.1399;12.333;12.5135;12.6605;12.7659;12.7822;12.9676;13.4367;13.7629;14.0101;14.5024;15",1.97582
"0.05;0.1;0.85"
25.3345,0.527291,2.32902,"21.2434;21.2614;21.1752;21.0261;20.8193;20.7349;20.5447;20.1718;19.8265;19.3951;19.1618;18.9305;18.7459;18.3287;18.0157;17.7966;17.4377;17.0224;16.5749;16.1909;15.9182;15.5297;15.0917;14.8219;14.4946;14.2355;14.0265;13.8746;13.4055;13.0406;12.6605;12.5303;12.1642;11.7541;11.3405;11.1945;10.7842;10.4924;10.2037;9.78569;9.34595;8.946;8.50225;8.17712;7.68293;7.25357;6.88388;6.68443;6.23745;5.91052;5.47113;5.19669;4.95195;4.76236;4.5075;4.07055;3.64706;3.49234;3.35763;2.98358;2.67599;2.30939;1.90689;1.49396;1.23003;1.15132;1.03454;0.96185;1.04919;1","14.9924;14.7334;14.3958;14.0714;13.6778;13.4226;13.0705;12.8394;12.6041;12.5691;12.529;12.3918;12.2146;12.0466;12.0211;11.8764;11.7662;11.5158;11.3053;11.0584;10.9373;10.8392;10.7833;10.6922;10.4215;10.3489;10.0804;9.90897;9.89078;9.60357;9.50892;9.49879;9.37371;9.34355;9.28076;9.31742;9.34795;9.38891;9.42527;9.58162;9.72479;9.86618;10.0299;10.2515;10.318;10.5433;10.7619;10.9166;11.0981;11.2226;11.3169;11.3164;11.4549;11.6026;11.7195;11.9459;12.0644;12.0978;12.1399;12.333;12.5135;12.6605;12.7659;12.7822;12.9676;13.4367;13.7629;14.0101;14.5024;15",1.96062
"0.05;0.15;0.8"
25.412,0.322483,2.2424,"20.8928;20.9537;20.8541;20.8193;20.7349;20.5447;20.1718;19.8265;19.5273;19.0723;18.7459;18.3287;17.9027;17.4377;17.0224;16.5749;16.1909;15.8921;15.5316;15.3419;15.2051;14.8083;14.6489;14.3585;13.9628;13.5384;13.1439;12.7748;12.465;12.1287;11.6862;11.3046;10.8322;10.5483;10.1068;9.89037;9.56938;9.24054;8.99992;8.53335;8.09835;7.72079;7.33085;6.90709;6.70263;6.28853;5.889;5.57141;5.13513;4.95195;4.76236;4.5075;4.07055;3.64706;3.49234;3.35763;2.98358;2.67599;2.30939;1.90689;1.49396;1.23003;1.15132;1.03454;0.96185;1.04919;1","14.8921;14.54;14.0596;13.6778;13.4226;13.0705;12.8394;12.6041;12.3492;12.2291;12.2146;12.0466;11.8566;11.7662;11.5158;11.3053;11.0584;10.8239;10.6281;10.4649;10.2305;9.97592;9.89112;9.77116;9.76663;9.63974;9.43285;9.32741;9.15435;9.20382;9.21152;8.98848;9.06799;9.01867;9.10612;9.17284;9.35055;9.49456;9.65196;9.74125;9.81824;9.91375;10.1684;10.4143;10.4815;10.7105;10.9679;11.1193;11.2677;11.4549;11.6026;11.7195;11.9459;12.0644;12.0978;12.1399;12.333;12.5135;12.6605;12.7659;12.7822;12.9676;13.4367;13.7629;14.0101;14.5024;15",1.73886
"0.05;0.2;0.75"
25.1032,0.29787,2.38726,"20.8928;20.8019;20.6297;20.4416;20.2376;19.8385;19.4198;19.2506;18.9305;18.7459;18.3287;17.9027;17.4377;17.0224;16.5749;16.3913;16.1909;15.9182;15.5316;15.3419;15.2051;14.8083;14.3585;14.1552;13.8499;13.4331;13.0723;12.8511;12.3979;12.0299;11.5672;11.3046;10.8322;10.5483;10.1068;9.99646;9.6305;9.37179;8.99992;8.53335;8.09835;7.72079;7.33085;6.90709;6.70263;6.28853;5.889;5.57141;5.13513;4.95195;4.76236;4.5075;4.07055;3.64706;3.49234;3.35763;2.98358;2.67599;2.30939;1.90689;1.49396;1.23003;1.15132;1.03454;0.96185;1.04919;1","14.8921;14.4433;14.0541;13.6032;13.3552;13.0582;12.8327;12.6533;12.3918;12.2146;12.0466;11.8566;11.7662;11.5158;11.3053;11.1142;11.0584;10.9373;10.6281;10.4649;10.2305;9.97592;9.77116;9.56198;9.42543;9.2023;9.11102;9.05163;9.03764;8.95534;8.88805;8.98848;9.06799;9.01867;9.10612;9.18421;9.40315;9.55139;9.65196;9.74125;9.81824;9.91375;10.1684;10.4143;10.4815;10.7105;10.9679;11.1193;11.2677;11.4549;11.6026;11.7195;11.9459;12.0644;12.0978;12.1399;12.333;12.5135;12.6605;12.7659;12.7822;12.9676;13.4367;13.7629;14.0101;14.5024;15",1.72434
"0.05;0.25;0.7"
25.0997,0.321694,2.38723,"20.8928;20.8019;20.6297;20.4416;20.2376;19.8385;19.4198;19.2506;18.9305;18.7459;18.3287;17.9027;17.596;17.2754;16.9534;16.6047;16.2516;15.8921;15.5316;15.3419;15.2051;14.7873;14.5891;14.2181;13.8976;13.5372;13.3911;12.9412;12.5561;12.2594;11.8636;11.5672;11.3046;10.8322;10.5404;10.1068;9.99646;9.6305;9.37179;8.99992;8.53335;8.09835;7.72079;7.33085;6.90709;6.70263;6.28853;5.889;5.57141;5.13513;4.95195;4.76236;4.5075;4.07055;3.64706;3.49234;3.35763;2.98358;2.67599;2.30939;1.90689;1.49396;1.23003;1.15132;1.03454;0.96185;1.04919;1","14.8921;14.4433;14.0541;13.6032;13.3552;13.0582;12.8327;12.6533;12.3918;12.2146;12.0466;11.8566;11.7737;11.405;11.1591;11.0399;10.9398;10.8239;10.6281;10.4649;10.2305;10.0697;9.96187;9.77062;9.49345;9.42087;9.4216;9.35292;9.31614;9.23702;9.0382;8.88805;8.98848;9.06799;9.12338;9.10612;9.18421;9.40315;9.55139;9.65196;9.74125;9.81824;9.91375;10.1684;10.4143;10.4815;10.7105;10.9679;11.1193;11.2677;11.4549;11.6026;11.7195;11.9459;12.0644;12.0978;12.1399;12.333;12.5135;12.6605;12.7659;12.7822;12.9676;13.4367;13.7629;14.0101;14.5024;15",1.60115
"0.05;0.3;0.65"
24.9619,0.276634,2.39416,"20.8928;20.8019;20.6297;20.4416;20.2376;19.8385;19.8246;19.4198;19.2506;18.9305;18.7459;18.3287;17.9027;17.7966;17.4377;17.0224;16.5749;16.2745;15.9182;15.8082;15.3878;15.0228;14.7796;14.4884;14.138;13.9628;13.7514;13.3911;12.9412;12.5561;12.2594;11.9489;11.7236;11.3046;11.061;10.5772;10.1737;9.73083;9.55707;9.24175;8.89211;8.51699;8.06387;7.72079;7.33085;6.90709;6.70263;6.28853;5.889;5.57141;5.13513;4.95195;4.76236;4.5075;4.07055;3.64706;3.49234;3.35763;2.98358;2.67599;2.30939;1.90689;1.50843;1.40241;1.36321;1.34488;1.26041;1.24013;1.2091;1.05686;1","14.8921;14.4433;14.0541;13.6032;13.3552;13.0582;13.0433;12.8327;12.6533;12.3918;12.2146;12.0466;11.8566;11.8764;11.7662;11.5158;11.3053;11.1449;10.9373;10.8861;10.6386;10.4988;10.2429;9.93289;9.81073;9.76663;9.48033;9.4216;9.35292;9.31614;9.23702;9.12088;9.10193;8.98848;8.83488;8.83521;8.86091;9.05289;9.12207;9.16483;9.36013;9.54718;9.62594;9.91375;10.1684;10.4143;10.4815;10.7105;10.9679;11.1193;11.2677;11.4549;11.6026;11.7195;11.9459;12.0644;12.0978;12.1399;12.333;12.5135;12.6605;12.7659;12.8737;13.0139;13.3567;13.6295;13.919;14.1857;14.4213;14.8296;15",1.48214
"0.05;0.35;0.6"
25.1904,0.276802,2.51735,"21.1839;20.9537;20.8207;20.6684;20.4416;20.2376;19.9937;19.5866;19.1625;18.7062;18.2141;17.8581;17.6948;17.4798;17.2063;16.7386;16.3565;16.0615;15.6802;15.3737;15.0228;14.7796;14.4884;14.138;13.9628;13.721;13.2584;12.8511;12.3979;12.1399;11.8636;11.4094;11.3046;10.8322;10.5483;10.3292;9.9795;9.55707;9.24175;8.89211;8.51699;8.09835;7.72079;7.33085;6.90709;6.70263;6.28853;5.889;5.57141;5.13513;4.95195;4.76236;4.5075;4.07055;3.64706;3.49234;3.35763;2.98358;2.67599;2.30939;1.90689;1.50843;1.40241;1.36321;1.34488;1.26041;1.24013;1.2091;1.05686;1","14.925;14.54;14.2578;13.9256;13.6032;13.3552;13.1449;12.9895;12.865;12.6878;12.6138;12.5402;12.4365;12.3562;11.9846;11.829;11.5197;11.2534;11.05;10.7181;10.4988;10.2429;9.93289;9.81073;9.76663;9.41772;9.2301;9.05163;9.03764;8.99308;9.0382;9.04588;8.98848;9.06799;9.01867;8.99904;8.9969;9.12207;9.16483;9.36013;9.54718;9.81824;9.91375;10.1684;10.4143;10.4815;10.7105;10.9679;11.1193;11.2677;11.4549;11.6026;11.7195;11.9459;12.0644;12.0978;12.1399;12.333;12.5135;12.6605;12.7659;12.8737;13.0139;13.3567;13.6295;13.919;14.1857;14.4213;14.8296;15",1.43917
"0.05;0.4;0.55"
25.2181,0.230552,2.4698,"21.1839;20.9537;20.8207;20.6684;20.4416;20.2376;19.9937;19.8246;19.4198;19.2506;18.9305;18.7459;18.3287;17.9027;17.4377;17.0224;16.5749;16.2858;15.8921;15.5316;15.3419;15.2051;14.8083;14.3585;14.1552;13.8499;13.4331;13.0723;12.7378;12.2939;12.1399;11.7401;11.4725;11.1457;10.8305;10.4779;10.011;9.57846;9.36547;9.09648;8.75478;8.51699;8.09835;7.72079;7.33085;6.90709;6.70263;6.28853;5.889;5.57141;5.13513;4.95195;4.76236;4.5075;4.07055;3.64706;3.49234;3.35763;2.98358;2.67599;2.30939;1.90689;1.50843;1.37064;1.34488;1.26041;1.24013;1.2091;1.05686;1","14.925;14.54;14.2578;13.9256;13.6032;13.3552;13.1449;13.0433;12.8327;12.6533;12.3918;12.2146;12.0466;11.8566;11.7662;11.5158;11.3053;11.073;10.8239;10.6281;10.4649;10.2305;9.97592;9.77116;9.56198;9.42543;9.2023;9.11102;8.99605;8.98106;8.99308;8.89103;8.80028;8.66605;8.63644;8.62694;8.71764;8.88725;9.05096;9.19896;9.44058;9.54718;9.81824;9.91375;10.1684;10.4143;10.4815;10.7105;10.9679;11.1193;11.2677;11.4549;11.6026;11.7195;11.9459;12.0644;12.0978;12.1399;12.333;12.5135;12.6605;12.7659;12.8737;13.1602;13.6295;13.919;14.1857;14.4213;14.8296;15",1.28456
"0.05;0.45;0.5"
25.0259,0.203722,2.59685,"20.8928;20.5962;20.3293;20.1158;19.8836;19.6734;19.4744;19.3321;18.9978;18.7967;18.4671;18.2153;17.9002;17.7966;17.4377;17.0224;16.5749;16.3913;16.2614;15.8921;15.5316;15.3419;15.2051;14.9945;14.6489;14.4453;14.0344;13.5892;13.4331;13.0723;12.6779;12.3979;12.1399;11.7401;11.4725;11.1457;10.7107;10.4616;10.0261;9.63918;9.26766;8.88426;8.47783;8.35019;8.32761;7.87128;7.54532;7.33511;6.93934;6.77609;6.53455;6.17377;5.79742;5.5102;5.2185;4.93514;4.66469;4.2649;3.91707;3.73368;3.35763;2.98358;2.67599;2.30939;1.90689;1.50843;1.37064;1.34488;1.26041;1.24013;1.2091;1.05686;1","14.8921;14.7591;14.5682;14.3278;14.0707;13.7783;13.5617;13.3336;13.0214;12.8118;12.5554;12.3506;11.992;11.8764;11.7662;11.5158;11.3053;11.1142;10.9819;10.8239;10.6281;10.4649;10.2305;10.0378;9.89112;9.60045;9.36132;9.26254;9.2023;9.11102;9.05989;9.03764;8.99308;8.89103;8.80028;8.66605;8.45052;8.44848;8.598;8.76982;8.89751;9.13132;9.2575;9.30917;9.31866;9.50859;9.61946;9.70888;9.90414;9.89251;10.0158;10.244;10.4669;10.6952;10.8169;10.9692;11.1778;11.4456;11.7626;11.842;12.1399;12.333;12.5135;12.6605;12.7659;12.8737;13.1602;13.6295;13.919;14.1857;14.4213;14.8296;15",1.20282
"0.05;0.5;0.45"
25.0709,0.190266,2.61373,"20.8928;20.9029;20.5542;20.4098;20.1366;19.9585;19.7518;19.4422;19.1033;18.7967;18.4671;18.1403;17.7892;17.4369;17.0509;16.6899;16.3913;16.2614;15.8921;15.5316;15.3419;15.2706;14.9945;14.8119;14.4146;14.2746;14.0481;13.9649;13.7278;13.4331;13.0723;12.631;12.3245;11.884;11.4952;11.0318;10.7107;10.4616;10.0261;9.63918;9.26766;8.88426;8.47783;8.35019;8.32761;7.87128;7.54532;7.33511;6.93934;6.77609;6.53455;6.17377;5.79742;5.5102;5.2185;4.93514;4.66469;4.2649;3.91707;3.73368;3.35763;2.98358;2.67599;2.30939;1.90689;1.50843;1.37064;1.34488;1.26041;1.24013;1.2091;1.05686;1","14.8921;14.742;14.4662;14.2926;14.0296;13.8258;13.5245;13.3372;13.0934;12.8118;12.5554;12.4111;12.2761;12.0738;11.8299;11.4869;11.1142;10.9819;10.8239;10.6281;10.4649;10.3731;10.0378;9.92362;9.65858;9.47056;9.31844;9.2693;9.2005;9.2023;9.11102;8.90104;8.75829;8.65117;8.63473;8.47289;8.45052;8.44848;8.598;8.76982;8.89751;9.13132;9.2575;9.30917;9.31866;9.50859;9.61946;9.70888;9.90414;9.89251;10.0158;10.244;10.4669;10.6952;10.8169;10.9692;11.1778;11.4456;11.7626;11.842;12.1399;12.333;12.5135;12.6605;12.7659;12.8737;13.1602;13.6295;13.919;14.1857;14.4213;14.8296;15",1.07592
"0.05;0.55;0.4"
25.4739,0.193122,2.49641,"21.1839;20.9537;20.8541;20.7848;20.4941;20.2376;19.8385;19.4198;19.2506;18.9305;18.7459;18.3287;17.9027;17.4377;17.0224;16.5749;16.1909;15.9182;15.5463;15.3878;15.0228;14.6816;14.4884;14.1552;13.8499;13.5892;13.2873;13.0045;12.6571;12.3245;11.884;11.4952;11.0318;10.7107;10.4616;10.1812;10.0261;9.63918;9.26766;8.88426;8.47783;8.35019;8.32761;7.87128;7.54532;7.33511;6.93934;6.77609;6.53455;6.17377;5.79742;5.5102;5.2185;4.93514;4.66469;4.2649;3.91707;3.73368;3.35763;2.98358;2.67599;2.30939;1.90689;1.50843;1.37064;1.34488;1.26041;1.24013;1.2091;1.05686;1","14.925;14.54;14.0596;14.0095;13.6589;13.3552;13.0582;12.8327;12.6533;12.3918;12.2146;12.0466;11.8566;11.7662;11.5158;11.3053;11.0584;10.9373;10.7018;10.6386;10.4988;10.2835;9.93289;9.56198;9.42543;9.26254;8.95295;8.84681;8.77238;8.75829;8.65117;8.63473;8.47289;8.45052;8.44848;8.53751;8.598;8.76982;8.89751;9.13132;9.2575;9.30917;9.31866;9.50859;9.61946;9.70888;9.90414;9.89251;10.0158;10.244;10.4669;10.6952;10.8169;10.9692;11.1778;11.4456;11.7626;11.842;12.1399;12.333;12.5135;12.6605;12.7659;12.8737;13.1602;13.6295;13.919;14.1857;14.4213;14.8296;15",0.90851
"0.05;0.6;0.35"
25.454,0.191201,2.65151,"21.1839;20.9537;20.7936;20.564;20.2563;19.8739;19.5515;19.2427;18.9434;18.7062;18.2141;17.8581;17.6948;17.4798;17.2063;16.7386;16.3565;16.0615;15.6802;15.3737;15.0228;14.6816;14.4884;14.138;13.8815;13.5892;13.4331;13.0723;12.631;12.3245;11.8764;11.4952;11.0318;10.7438;10.3647;10.0668;9.61909;9.55122;9.06968;8.84089;8.53941;8.29598;8.05589;7.64452;7.6145;7.22113;6.77609;6.53455;6.17377;5.79742;5.5102;5.2185;4.93514;4.66469;4.2649;3.91707;3.73368;3.35763;2.98358;2.67599;2.30939;1.90689;1.50843;1.37064;1.34488;1.26041;1.24013;1.2091;1.05686;1","14.925;14.54;14.251;13.9733;13.6823;13.3703;13.1885;13.0346;12.8181;12.6878;12.6138;12.5402;12.4365;12.3562;11.9846;11.829;11.5197;11.2534;11.05;10.7181;10.4988;10.2835;9.93289;9.81073;9.55986;9.26254;9.2023;9.11102;8.90104;8.75829;8.73074;8.63473;8.47289;8.39111;8.35187;8.40565;8.55706;8.57029;8.67823;8.74858;9.02448;9.16318;9.22705;9.47697;9.47528;9.66722;9.89251;10.0158;10.244;10.4669;10.6952;10.8169;10.9692;11.1778;11.4456;11.7626;11.842;12.1399;12.333;12.5135;12.6605;12.7659;12.8737;13.1602;13.6295;13.919;14.1857;14.4213;14.8296;15",0.82525
"0.05;0.65;0.3"
25.1642,0.214197,2.9153,"20.8928;20.5962;20.2725;19.931;19.5324;19.2172;19.133;18.765;18.4595;18.147;17.8483;17.5171;17.1556;16.9361;16.5462;16.3066;15.8684;15.8449;15.667;15.34;15.2452;15.0917;14.8842;14.6816;14.4884;14.1552;13.8499;13.4331;13.0723;12.7378;12.3979;12.0299;11.5672;11.1483;10.9529;10.4779;10.1812;9.71841;9.5105;9.06968;8.84089;8.48726;8.29598;8.05589;7.64452;7.6145;7.22113;6.77609;6.53455;6.17377;5.79742;5.5102;5.2185;4.93514;4.66469;4.2649;3.91707;3.73368;3.35763;2.98358;2.67599;2.30939;1.90689;1.50843;1.37064;1.34488;1.26041;1.24013;1.2091;1.05686;1","14.8921;14.7591;14.5641;14.381;14.1258;13.8279;13.7644;13.5196;13.2646;13.0147;12.8592;12.7026;12.3642;12.106;12.1096;12.0937;11.8672;11.7708;11.3705;11.0446;10.964;10.7833;10.6117;10.2835;9.93289;9.56198;9.42543;9.2023;9.11102;8.99605;9.03764;8.95534;8.88805;8.69479;8.69239;8.62694;8.53751;8.51946;8.5745;8.67823;8.74858;8.97141;9.16318;9.22705;9.47697;9.47528;9.66722;9.89251;10.0158;10.244;10.4669;10.6952;10.8169;10.9692;11.1778;11.4456;11.7626;11.842;12.1399;12.333;12.5135;12.6605;12.7659;12.8737;13.1602;13.6295;13.919;14.1857;14.4213;14.8296;15",0.747844
"0.05;0.7;0.25"
25.3572,0.167386,2.94083,"20.8928;20.5962;20.3293;20.1158;19.7484;19.3612;18.9866;18.765;18.4595;18.147;17.8653;17.6948;17.4369;17.1389;16.7538;16.5016;16.2745;15.9182;15.8111;15.5919;15.223;14.8119;14.4146;14.268;14.0344;13.5892;13.2873;12.8559;12.5814;12.1567;11.9361;11.5564;11.1773;10.7392;10.3647;10.0668;9.61909;9.55122;9.06968;8.84089;8.48726;8.09964;7.76926;7.33511;6.93934;6.77609;6.53455;6.17377;5.79742;5.5102;5.2185;4.93514;4.66469;4.2649;3.91707;3.73368;3.35763;2.98358;2.67599;2.30939;1.88092;1.79544;1.40241;1.36321;1.34488;1.26041;1.24013;1.2091;1.05686;1","14.8921;14.7591;14.5682;14.3278;13.99;13.7334;13.593;13.5196;13.2646;13.0147;12.7596;12.4365;12.0738;11.7447;11.6274;11.2959;11.1449;10.9373;10.6922;10.2877;10.1431;9.92362;9.65858;9.51268;9.36132;9.26254;8.95295;8.79229;8.63316;8.45286;8.44165;8.25942;8.2441;8.20135;8.35187;8.40565;8.55706;8.57029;8.67823;8.74858;8.97141;9.22325;9.53019;9.70888;9.90414;9.89251;10.0158;10.244;10.4669;10.6952;10.8169;10.9692;11.1778;11.4456;11.7626;11.842;12.1399;12.333;12.5135;12.6605;12.8385;12.9362;13.0139;13.3567;13.6295;13.919;14.1857;14.4213;14.8296;15",0.603382
"0.05;0.75;0.2"
25.5799,0.174134,3.45639,"20.9033;20.585;20.1359;19.6661;19.4606;19.0887;18.68;18.3752;18.1716;17.7286;17.4417;17.1397;16.8082;16.5689;16.3066;16.1031;15.9222;15.667;15.34;15.1838;15.0228;14.7873;14.5891;14.4146;14.268;14.0344;13.5892;13.2873;12.9618;12.5814;12.1567;11.727;11.3709;11.1773;10.7112;10.2979;10.0164;9.55173;9.08794;8.8385;8.67806;8.30648;7.97004;7.7294;7.354;7.22113;6.93934;6.81703;6.54465;6.40996;5.97188;5.58212;5.19669;4.95195;4.76236;4.5075;4.07055;3.70327;3.31196;3.00549;2.68541;2.19578;1.79544;1.74116;1.6124;1.37326;1.25339;1.05686;1","14.9879;14.7997;14.6341;14.4747;14.3669;14.2473;14.1058;13.8665;13.6489;13.4295;13.2121;13.0762;12.7638;12.4122;12.0937;11.851;11.7111;11.3705;11.0446;10.7464;10.4988;10.0697;9.96187;9.65858;9.51268;9.36132;9.26254;8.95295;8.69506;8.63316;8.45286;8.23253;8.12937;8.2441;8.16078;8.21518;8.12216;8.26063;8.34128;8.40388;8.51999;8.80452;9.03983;9.23403;9.52882;9.66722;9.90414;10.1223;10.3917;10.4879;10.7258;11.0243;11.3164;11.4549;11.6026;11.7195;11.9459;12.1011;12.3359;12.5627;12.8179;12.9;12.9362;13.4225;13.7486;14.1192;14.4251;14.8296;15",0.525766
"0.05;0.8;0.15"
24.9444,0.196988,2.96159,"20.8928;20.5962;20.3293;19.931;19.5324;19.2172;19.133;18.765;18.4595;18.147;17.8483;17.6245;17.4469;17.3021;16.9361;16.6843;16.3435;16.0096;15.7128;15.44;15.1838;15.0228;14.7796;14.4884;14.138;13.8815;13.5892;13.4331;13.0723;12.631;12.3245;11.884;11.4952;11.0318;10.7438;10.3647;10.0668;9.61909;9.12694;8.90189;8.53941;8.29598;8.05589;7.64452;7.33511;6.93934;6.81703;6.54465;6.40996;5.97188;5.58212;5.19669;4.95195;4.76236;4.5075;4.07055;3.70327;3.31196;3.00549;2.68541;2.19578;1.79544;1.74116;1.6124;1.37326;1.25339;1.05686;1","14.8921;14.7591;14.5682;14.381;14.1258;13.8279;13.7644;13.5196;13.2646;13.0147;12.8592;12.7124;12.413;12.2165;12.106;11.9627;11.7198;11.3982;11.1253;10.9134;10.7464;10.4988;10.2429;9.93289;9.81073;9.55986;9.26254;9.2023;9.11102;8.90104;8.75829;8.65117;8.63473;8.47289;8.39111;8.35187;8.40565;8.55706;8.64356;8.91431;9.02448;9.16318;9.22705;9.47697;9.70888;9.90414;10.1223;10.3917;10.4879;10.7258;11.0243;11.3164;11.4549;11.6026;11.7195;11.9459;12.1011;12.3359;12.5627;12.8179;12.9;12.9362;13.4225;13.7486;14.1192;14.4251;14.8296;15",0.303767
"0.05;0.85;0.1"
25.0297,0.178559,2.9926,"20.8928;20.5962;20.3293;20.0766;19.7552;19.5381;19.2151;18.765;18.4595;18.147;17.8653;17.6946;17.4469;17.2508;17.0173;16.6899;16.3913;16.3745;15.9317;15.5884;15.223;14.9945;14.5891;14.138;13.9628;13.7514;13.3539;13.2584;12.8511;12.7378;12.3245;11.884;11.4952;11.0731;10.7438;10.3647;10.0668;9.61909;9.12694;8.84089;8.34683;7.90856;7.474;7.18282;6.84577;6.46673;6.29741;6.0207;5.66131;5.35902;4.97871;4.93514;4.66919;4.366;3.91707;3.82115;3.49234;3.35763;2.98358;2.67599;2.36959;2.01631;1.79833;1.6124;1.37326;1.25339;1.05686;1","14.8921;14.7591;14.5682;14.4135;14.1389;14.0611;13.7333;13.5196;13.2646;13.0147;12.7596;12.6531;12.413;12.1885;11.8379;11.4869;11.1142;10.6967;10.5106;10.2677;10.1431;10.0378;9.96187;9.81073;9.76663;9.48033;9.24251;9.2301;9.05163;8.99605;8.75829;8.65117;8.63473;8.467;8.39111;8.35187;8.40565;8.55706;8.64356;8.74858;8.78468;8.95546;9.14546;9.3158;9.52943;9.70622;9.74644;10.0278;10.348;10.6392;10.8995;10.9692;11.3195;11.5662;11.7626;11.8638;12.0978;12.1399;12.333;12.5135;12.7722;12.9438;13.3496;13.7486;14.1192;14.4251;14.8296;15",0.160809
"0.05;0.9;0.05"
22.0234,0.0777559,11.0117,"21.2434;20.8107;20.3364;19.9471;19.6268;19.2276;18.9947;18.6404;18.4677;18.0401;17.8381;17.5172;17.0761;16.873;16.5391;16.3784;16.0692;15.8134;15.5611;15.1727;14.7597;14.4975;14.066;13.721;13.4366;13.0771;12.5991;12.1705;11.7309;11.3249;11.1099;10.7786;10.4405;10.1994;9.96619;9.61289;9.15252;8.91728;8.50389;8.06131;7.71433;7.35513;6.90386;6.512;6.08166;5.95768;5.59073;5.45581;5.14829;4.79755;4.53477;4.18942;3.76035;3.45076;3.07318;2.77459;2.43106;2.15925;1.74727;1.44949;1","14.9924;15.1994;15.1857;15.2717;15.4009;15.5453;15.6917;15.7844;15.7859;15.9291;15.9747;16.0327;16.0669;16.161;16.2559;16.2812;16.5097;16.6334;16.6606;16.8552;16.85;16.9829;17.1424;17.4733;17.6796;17.8766;18.0079;18.2596;18.3444;18.3905;18.4195;18.4723;18.6246;18.6665;18.6749;18.6296;18.5864;18.6712;18.5933;18.4952;18.3505;18.2874;18.0944;17.9411;17.7838;17.7356;17.6359;17.5843;17.4232;17.2602;17.1237;17.0494;16.8647;16.6908;16.363;16.1055;15.8063;15.609;15.4064;15.219;15",0.107153
"0.05;0.95;0"
24.075,89.0787,2.50596,"21.1839;20.9537;20.8207;20.6684;20.4416;20.2376;19.9937;19.5866;19.1625;18.7062;18.4671;18.1403;17.7892;17.4369;17.2063;16.7386;16.4557;16.0764;15.667;15.2713;14.8782;14.4232;14.0127;13.7702;13.5152;13.0947;12.7691;12.377;12.168;11.8284;11.3426;10.8905;10.5497;10.1358;9.67438;9.46039;9.23205;8.77237;8.55557;8.2221;7.82715;7.35021;7.25007;6.79577;6.31298;5.83857;5.47113;5.19669;4.95195;4.76236;4.5075;4.07055;3.64706;3.49234;3.35763;2.98358;2.67599;2.30939;1.90689;1.50843;1.37064;1.34488;1.26041;1.24013;1.2091;1.05686;1","14.925;14.54;14.2578;13.9256;13.6032;13.3552;13.1449;12.9895;12.865;12.6878;12.5554;12.4111;12.2761;12.0738;11.9846;11.829;11.6832;11.6029;11.3705;11.3554;11.1917;11.0111;10.8792;10.8026;10.7109;10.5094;10.3468;10.1604;10.1267;10.0985;9.98294;9.93864;10.0179;10.0745;10.1658;10.2613;10.372;10.5397;10.6658;10.8215;11.0078;11.146;11.1539;11.2079;11.2251;11.2491;11.3169;11.3164;11.4549;11.6026;11.7195;11.9459;12.0644;12.0978;12.1399;12.333;12.5135;12.6605;12.7659;12.8737;13.1602;13.6295;13.919;14.1857;14.4213;14.8296;15",2.34476
"0.1;0;0.9"
24.4735,1.25735,2.46235,"21.1839;20.9537;20.8207;20.6684;20.4416;20.2376;19.9937;19.8246;19.4198;19.2506;18.9305;18.7459;18.3287;17.9027;17.596;17.2715;17.0308;16.6899;16.3565;16.0096;15.7807;15.34;14.9068;14.6326;14.38;14.1048;13.8873;13.4907;13.2858;12.939;12.4673;12.0116;11.6094;11.1135;10.8368;10.5443;10.1956;9.78569;9.34595;8.946;8.50225;8.17712;7.68293;7.25357;6.88388;6.68443;6.23745;5.91052;5.47113;5.19669;4.95195;4.76236;4.5075;4.07055;3.64706;3.49234;3.35763;2.98358;2.67599;2.30939;1.90689;1.50843;1.37064;1.34488;1.26041;1.24013;1.2091;1.05686;1","14.925;14.54;14.2578;13.9256;13.6032;13.3552;13.1449;13.0433;12.8327;12.6533;12.3918;12.2146;12.0466;11.8566;11.7737;11.6995;11.6443;11.4869;11.5197;11.3982;11.2736;11.0446;11.0555;11.0194;10.8152;10.7246;10.5687;10.3967;10.2732;10.1407;10.0073;9.84202;9.67998;9.62746;9.64503;9.62373;9.59808;9.58162;9.72479;9.86618;10.0299;10.2515;10.318;10.5433;10.7619;10.9166;11.0981;11.2226;11.3169;11.3164;11.4549;11.6026;11.7195;11.9459;12.0644;12.0978;12.1399;12.333;12.5135;12.6605;12.7659;12.8737;13.1602;13.6295;13.919;14.1857;14.4213;14.8296;15",2.17743
"0.1;0.05;0.85"
24.3581,0.613152,2.59018,"20.8928;20.5962;20.3293;20.1158;19.8836;19.6734;19.4744;19.3321;18.9978;18.7967;18.4671;18.2153;17.9002;17.7966;17.4377;17.0224;16.5749;16.2745;15.9182;15.8111;15.5919;15.223;14.872;14.5891;14.138;13.9628;13.5384;13.0406;12.6605;12.1665;11.6982;11.5459;11.0573;10.6811;10.1956;9.78569;9.34595;8.946;8.50225;8.17712;7.68293;7.25357;6.88388;6.68443;6.23745;5.91052;5.47113;5.19669;4.95195;4.76236;4.5075;4.07055;3.64706;3.49234;3.35763;2.98358;2.67599;2.30939;1.90689;1.50843;1.37064;1.34488;1.26041;1.24013;1.2091;1.05686;1","14.8921;14.7591;14.5682;14.3278;14.0707;13.7783;13.5617;13.3336;13.0214;12.8118;12.5554;12.3506;11.992;11.8764;11.7662;11.5158;11.3053;11.1449;10.9373;10.6922;10.2877;10.1431;10.0172;9.96187;9.81073;9.76663;9.63974;9.60357;9.50892;9.48115;9.48382;9.46598;9.45511;9.52511;9.59808;9.58162;9.72479;9.86618;10.0299;10.2515;10.318;10.5433;10.7619;10.9166;11.0981;11.2226;11.3169;11.3164;11.4549;11.6026;11.7195;11.9459;12.0644;12.0978;12.1399;12.333;12.5135;12.6605;12.7659;12.8737;13.1602;13.6295;13.919;14.1857;14.4213;14.8296;15",2.133
"0.1;0.1;0.8"
24.1914,0.824798,2.58851,"20.8928;20.5962;20.3293;20.1158;19.8836;19.6734;19.4744;19.3321;18.9978;18.7967;18.4671;18.2153;17.9002;17.596;17.2754;16.9534;16.6047;16.2516;15.8082;15.5297;15.1838;14.8842;14.7224;14.3202;14.0058;13.6882;13.4078;13.1445;12.7123;12.2726;11.7848;11.6109;11.2528;10.8425;10.5443;10.1956;9.78569;9.34595;8.946;8.50225;8.17712;7.68293;7.25357;6.88388;6.68443;6.23745;5.91052;5.47113;5.19669;4.95195;4.76236;4.5075;4.07055;3.64706;3.49234;3.35763;2.98358;2.67599;2.30939;1.90689;1.50843;1.37064;1.34488;1.26041;1.24013;1.2091;1.05686;1","14.8921;14.7591;14.5682;14.3278;14.0707;13.7783;13.5617;13.3336;13.0214;12.8118;12.5554;12.3506;11.992;11.7737;11.405;11.1591;11.0399;10.9398;10.8861;10.8392;10.7464;10.6117;10.5016;10.3371;10.2435;10.1974;10.0938;9.95926;9.73429;9.53109;9.60863;9.62179;9.60337;9.60994;9.62373;9.59808;9.58162;9.72479;9.86618;10.0299;10.2515;10.318;10.5433;10.7619;10.9166;11.0981;11.2226;11.3169;11.3164;11.4549;11.6026;11.7195;11.9459;12.0644;12.0978;12.1399;12.333;12.5135;12.6605;12.7659;12.8737;13.1602;13.6295;13.919;14.1857;14.4213;14.8296;15",1.99844
"0.1;0.15;0.75"
24.2164,0.660753,2.58876,"20.8928;20.5962;20.3293;20.1158;19.8836;19.6734;19.4744;19.3321;18.9978;18.7967;18.4671;18.2153;17.9002;17.7966;17.4377;17.0224;16.5749;16.2858;15.821;15.44;15.0917;14.7224;14.2377;14.0058;13.6882;13.3225;12.8602;12.6875;12.2726;12.1665;11.6982;11.2013;10.752;10.4924;10.2037;9.78569;9.34595;8.946;8.50225;8.17712;7.68293;7.25357;6.88388;6.68443;6.23745;5.91052;5.47113;5.19669;4.95195;4.76236;4.5075;4.07055;3.64706;3.49234;3.35763;2.98358;2.67599;2.30939;1.90689;1.50843;1.37064;1.34488;1.26041;1.24013;1.2091;1.05686;1","14.8921;14.7591;14.5682;14.3278;14.0707;13.7783;13.5617;13.3336;13.0214;12.8118;12.5554;12.3506;11.992;11.8764;11.7662;11.5158;11.3053;11.073;11.0096;10.9134;10.7833;10.5016;10.3811;10.2435;10.1974;10.069;9.89192;9.80774;9.53109;9.48115;9.48382;9.48778;9.47437;9.38891;9.42527;9.58162;9.72479;9.86618;10.0299;10.2515;10.318;10.5433;10.7619;10.9166;11.0981;11.2226;11.3169;11.3164;11.4549;11.6026;11.7195;11.9459;12.0644;12.0978;12.1399;12.333;12.5135;12.6605;12.7659;12.8737;13.1602;13.6295;13.919;14.1857;14.4213;14.8296;15",1.86538
"0.1;0.2;0.7"
24.4136,0.49537,2.60713,"20.8928;20.9029;20.5542;20.4098;20.1366;19.9585;19.7518;19.4398;19.1033;18.7967;18.6038;18.3866;18.0157;17.7966;17.4377;17.0224;16.5749;16.2745;15.821;15.44;15.0917;14.8219;14.4946;14.1611;13.8746;13.5384;13.1439;12.8896;12.5561;12.1769;11.8246;11.3405;11.1945;10.7842;10.4924;10.2037;9.78569;9.34595;8.946;8.50225;8.17712;7.68293;7.25357;6.88388;6.68443;6.23745;5.91052;5.47113;5.19669;4.95195;4.76236;4.5075;4.07055;3.64706;3.49234;3.35763;2.98358;2.67599;2.30939;1.90689;1.50843;1.37064;1.34488;1.26041;1.24013;1.2091;1.05686;1","14.8921;14.742;14.4662;14.2926;14.0296;13.8258;13.5245;13.2996;13.0934;12.8118;12.5787;12.2391;12.0211;11.8764;11.7662;11.5158;11.3053;11.1449;11.0096;10.9134;10.7833;10.6922;10.4215;10.0517;9.90897;9.63974;9.43285;9.43299;9.31614;9.33201;9.25315;9.28076;9.31742;9.34795;9.38891;9.42527;9.58162;9.72479;9.86618;10.0299;10.2515;10.318;10.5433;10.7619;10.9166;11.0981;11.2226;11.3169;11.3164;11.4549;11.6026;11.7195;11.9459;12.0644;12.0978;12.1399;12.333;12.5135;12.6605;12.7659;12.8737;13.1602;13.6295;13.919;14.1857;14.4213;14.8296;15",1.74408
"0.1;0.25;0.65"
24.5927,0.550799,2.70168,"20.8928;20.9537;20.7287;20.6297;20.2594;20.0527;19.7819;19.4398;19.1033;18.7967;18.6038;18.3866;18.0157;17.7966;17.4377;17.0224;16.5749;16.1909;15.9182;15.5297;15.0917;14.8219;14.6189;14.2355;13.991;13.6882;13.4078;13.2426;12.9405;12.5303;12.1769;11.8246;11.6862;11.3405;11.1945;10.7842;10.4924;10.2037;9.78569;9.34595;8.946;8.50225;8.17712;7.68293;7.25357;6.88388;6.68443;6.23745;5.91052;5.47113;5.19669;4.95195;4.76236;4.5075;4.07055;3.64706;3.49234;3.35763;2.98358;2.67599;2.30939;1.90689;1.50843;1.37064;1.34488;1.26041;1.24013;1.2091;1.05686;1","14.8921;14.54;14.3356;14.0541;13.9274;13.6367;13.5225;13.2996;13.0934;12.8118;12.5787;12.2391;12.0211;11.8764;11.7662;11.5158;11.3053;11.0584;10.9373;10.8392;10.7833;10.6922;10.5934;10.3489;10.4214;10.1974;10.0938;9.94836;9.73392;9.49879;9.33201;9.25315;9.21152;9.28076;9.31742;9.34795;9.38891;9.42527;9.58162;9.72479;9.86618;10.0299;10.2515;10.318;10.5433;10.7619;10.9166;11.0981;11.2226;11.3169;11.3164;11.4549;11.6026;11.7195;11.9459;12.0644;12.0978;12.1399;12.333;12.5135;12.6605;12.7659;12.8737;13.1602;13.6295;13.919;14.1857;14.4213;14.8296;15",1.66665
"0.1;0.3;0.6"
24.9892,0.433291,2.76851,"21.1839;20.9537;20.8656;20.4591;20.2594;20.0527;19.7819;19.4398;19.1033;18.7967;18.4671;18.2153;18.0157;17.765;17.5423;17.3839;17.0933;16.6417;16.2505;15.9317;15.5884;15.223;14.9945;14.5891;14.2181;13.9628;13.5384;13.1591;12.7748;12.4094;12.3413;11.8636;11.4094;11.1283;10.7428;10.4924;10.2037;9.78569;9.34595;8.946;8.50225;8.17712;7.68293;7.25357;6.88388;6.68443;6.23745;5.91052;5.47113;5.19669;4.95195;4.76236;4.5075;4.07055;3.64706;3.49234;3.35763;2.98358;2.67599;2.30939;1.90689;1.50843;1.37064;1.34488;1.26041;1.24013;1.2091;1.05686;1","14.925;14.54;14.1761;13.9899;13.9274;13.6367;13.5225;13.2996;13.0934;12.8118;12.5554;12.3506;12.0211;11.6964;11.3279;11.1068;10.9143;10.7326;10.6306;10.5106;10.2677;10.1431;10.0378;9.96187;9.77062;9.76663;9.63974;9.41158;9.32741;9.10582;9.09972;9.0382;9.04588;9.16313;9.19318;9.38891;9.42527;9.58162;9.72479;9.86618;10.0299;10.2515;10.318;10.5433;10.7619;10.9166;11.0981;11.2226;11.3169;11.3164;11.4549;11.6026;11.7195;11.9459;12.0644;12.0978;12.1399;12.333;12.5135;12.6605;12.7659;12.8737;13.1602;13.6295;13.919;14.1857;14.4213;14.8296;15",1.57731
"0.1;0.35;0.55"
24.3915,0.415435,2.92201,"20.8928;20.5962;20.3293;19.931;19.5324;19.2172;19.133;18.765;18.4373;18.3248;17.9339;17.5171;17.1556;17.0002;16.6843;16.3435;16.0096;15.7807;15.34;15.1203;14.8219;14.4946;14.1611;13.8746;13.5384;13.1439;12.7748;12.465;12.0299;11.5672;11.3046;10.8322;10.5404;10.1495;9.75152;9.34595;8.946;8.50225;8.17712;7.68293;7.25357;6.88388;6.68443;6.23745;5.91052;5.47113;5.19669;4.95195;4.76236;4.5075;4.07055;3.64706;3.49234;3.35763;2.98358;2.67599;2.30939;1.90689;1.50843;1.37064;1.34488;1.26041;1.24013;1.2091;1.05686;1","14.8921;14.7591;14.5682;14.381;14.1258;13.8279;13.7644;13.5196;13.2373;13.1371;12.9067;12.7026;12.3642;12.1992;11.9627;11.7198;11.3982;11.2736;11.0446;10.85;10.6922;10.4215;10.0517;9.90897;9.63974;9.43285;9.32741;9.15435;8.95534;8.88805;8.98848;9.06799;9.12338;9.33997;9.5442;9.72479;9.86618;10.0299;10.2515;10.318;10.5433;10.7619;10.9166;11.0981;11.2226;11.3169;11.3164;11.4549;11.6026;11.7195;11.9459;12.0644;12.0978;12.1399;12.333;12.5135;12.6605;12.7659;12.8737;13.1602;13.6295;13.919;14.1857;14.4213;14.8296;15",1.49904
"0.1;0.4;0.5"
24.5546,0.315348,2.90507,"20.8928;20.5962;20.3293;20.0708;19.8589;19.5342;19.133;18.765;18.4595;18.147;17.8653;17.6946;17.4798;17.2063;16.7386;16.3565;16.0096;15.7807;15.34;15.1203;14.8219;14.4946;14.1611;13.8746;13.5384;13.1591;12.9412;12.5177;12.465;12.3413;11.8636;11.4725;11.061;10.7498;10.3292;9.89037;9.56938;9.24054;8.99992;8.53335;8.09835;7.72079;7.33085;6.90709;6.70263;6.28853;5.889;5.57141;5.13513;4.95195;4.76236;4.5075;4.07055;3.64706;3.49234;3.35763;2.98358;2.67599;2.30939;1.90689;1.50843;1.37064;1.34488;1.26041;1.24013;1.2091;1.05686;1","14.8921;14.7591;14.5682;14.4174;14.1866;14.0607;13.7644;13.5196;13.2646;13.0147;12.7596;12.6531;12.3562;11.9846;11.829;11.5197;11.3982;11.2736;11.0446;10.85;10.6922;10.4215;10.0517;9.90897;9.63974;9.41158;9.35292;9.18809;9.15435;9.09972;9.0382;8.80028;8.83488;8.85314;8.99904;9.17284;9.35055;9.49456;9.65196;9.74125;9.81824;9.91375;10.1684;10.4143;10.4815;10.7105;10.9679;11.1193;11.2677;11.4549;11.6026;11.7195;11.9459;12.0644;12.0978;12.1399;12.333;12.5135;12.6605;12.7659;12.8737;13.1602;13.6295;13.919;14.1857;14.4213;14.8296;15",1.34151
"0.1;0.45;0.45"
24.5042,0.339886,2.78077,"20.8928;20.5962;20.3293;20.1158;19.8836;19.6734;19.4744;19.102;19.0134;18.5755;18.2118;17.8581;17.6948;17.4798;17.2063;16.7386;16.3565;16.0096;15.7807;15.34;15.1203;14.8219;14.4946;14.1611;13.8746;13.5384;13.1439;12.7748;12.3413;12.1399;11.7401;11.3046;10.8322;10.5404;10.201;9.99646;9.6305;9.37179;8.99992;8.53335;8.09835;7.72079;7.33085;6.90709;6.70263;6.28853;5.889;5.57141;5.13513;4.95195;4.76236;4.5075;4.07055;3.64706;3.49234;3.35763;2.98358;2.67599;2.30939;1.88092;1.79544;1.40241;1.36321;1.34488;1.26041;1.24013;1.2091;1.05686;1","14.8921;14.7591;14.5682;14.3278;14.0707;13.7783;13.5617;13.3104;13.2174;13.0261;12.8026;12.5402;12.4365;12.3562;11.9846;11.829;11.5197;11.3982;11.2736;11.0446;10.85;10.6922;10.4215;10.0517;9.90897;9.63974;9.43285;9.32741;9.09972;8.99308;8.89103;8.98848;9.06799;9.12338;9.21003;9.18421;9.40315;9.55139;9.65196;9.74125;9.81824;9.91375;10.1684;10.4143;10.4815;10.7105;10.9679;11.1193;11.2677;11.4549;11.6026;11.7195;11.9459;12.0644;12.0978;12.1399;12.333;12.5135;12.6605;12.8385;12.9362;13.0139;13.3567;13.6295;13.919;14.1857;14.4213;14.8296;15",1.14274
"0.1;0.5;0.4"
24.264,0.281707,3.00025,"20.8928;20.5962;20.3293;20.0766;19.7552;19.5342;19.133;18.765;18.4595;18.3248;17.9339;17.8483;17.4462;17.2598;17.0074;16.892;16.601;16.3435;16.0015;15.7807;15.34;15.1203;14.8219;14.4946;14.1611;13.8746;13.5384;13.1439;12.7748;12.465;12.1399;11.7401;11.4725;11.1483;10.7498;10.5772;10.1591;9.73083;9.55707;9.24175;8.89211;8.51699;8.09835;7.71735;7.32036;6.90709;6.70263;6.28853;5.889;5.57141;5.19669;4.95195;4.76236;4.5075;4.07055;3.66286;3.35763;2.98358;2.67599;2.36959;2.01631;1.79833;1.6124;1.37326;1.25339;1.05686;1","14.8921;14.7591;14.5682;14.4135;14.1389;14.0607;13.7644;13.5196;13.2646;13.1371;12.9067;12.8592;12.7224;12.7063;12.3101;12.2409;11.9247;11.7198;11.4452;11.2736;11.0446;10.85;10.6922;10.4215;10.0517;9.90897;9.63974;9.43285;9.32741;9.15435;8.99308;8.89103;8.80028;8.69479;8.85314;8.83521;8.83708;9.05289;9.12207;9.16483;9.36013;9.54718;9.81824;10.0187;10.1862;10.4143;10.4815;10.7105;10.9679;11.1193;11.3164;11.4549;11.6026;11.7195;11.9459;12.0173;12.1399;12.333;12.5135;12.7722;12.9438;13.3496;13.7486;14.1192;14.4251;14.8296;15",1.07671
"0.1;0.55;0.35"
24.4571,0.304136,3.011,"20.8928;20.9029;20.5542;20.4098;20.1257;19.7439;19.2995;18.9866;18.765;18.4595;18.147;17.8653;17.6946;17.4798;17.2063;16.7386;16.3565;16.0096;15.7807;15.34;15.1203;14.8219;14.4946;14.1611;13.8746;13.5384;13.1439;12.7748;12.465;12.3413;11.8636;11.7236;11.3046;10.8322;10.5483;10.3292;9.9795;9.55707;9.13772;8.75478;8.51699;8.09835;7.71735;7.32036;6.90709;6.70263;6.28853;5.889;5.57141;5.19669;4.95195;4.76236;4.5075;4.07055;3.70327;3.31196;3.00549;2.68541;2.19578;1.79544;1.74116;1.6124;1.37326;1.25339;1.05686;1","14.8921;14.742;14.4662;14.2926;14.0492;13.778;13.6543;13.593;13.5196;13.2646;13.0147;12.7596;12.6531;12.3562;11.9846;11.829;11.5197;11.3982;11.2736;11.0446;10.85;10.6922;10.4215;10.0517;9.90897;9.63974;9.43285;9.32741;9.15435;9.09972;9.0382;9.10193;8.98848;9.06799;9.01867;8.99904;8.9969;9.12207;9.18608;9.44058;9.54718;9.81824;10.0187;10.1862;10.4143;10.4815;10.7105;10.9679;11.1193;11.3164;11.4549;11.6026;11.7195;11.9459;12.1011;12.3359;12.5627;12.8179;12.9;12.9362;13.4225;13.7486;14.1192;14.4251;14.8296;15",0.926122
"0.1;0.6;0.3"
24.3304,0.393913,3.39271,"20.8928;20.5962;20.1359;19.6661;19.4606;19.046;18.7884;18.3752;18.1716;17.7286;17.4417;17.1108;16.808;16.358;16.0365;15.9118;15.7497;15.4306;15.2753;14.9151;14.6588;14.4232;14.1048;13.9191;13.6882;13.4055;13.1813;12.8896;12.5561;12.2594;11.8762;11.5188;11.1283;10.8322;10.5483;10.3292;9.9795;9.55707;9.24175;8.85217;8.49209;8.09835;7.71735;7.32036;6.90709;6.70263;6.28853;5.89151;5.58212;5.19669;4.98611;4.77704;4.5075;4.07055;3.70327;3.49234;3.35763;3.003;2.67599;2.30939;2.02643;1.79544;1.74116;1.6124;1.37326;1.25339;1.05686;1","14.8921;14.7591;14.6341;14.4747;14.3669;14.1237;13.9995;13.8665;13.6489;13.4295;13.2121;12.9927;12.7685;12.5617;12.2469;12.1774;12.0021;11.7076;11.5801;11.3643;11.2053;11.0111;10.7246;10.5341;10.1974;9.89078;9.66507;9.43299;9.31614;9.23702;9.08633;9.08648;9.16313;9.06799;9.01867;8.99904;8.9969;9.12207;9.16483;9.45265;9.74019;9.81824;10.0187;10.1862;10.4143;10.4815;10.7105;10.8568;11.0243;11.3164;11.5536;11.6142;11.7195;11.9459;12.1011;12.0978;12.1399;12.2279;12.5135;12.6605;12.7566;12.9362;13.4225;13.7486;14.1192;14.4251;14.8296;15",0.867196
"0.1;0.65;0.25"
24.3828,0.278186,2.95138,"20.8928;20.5962;20.3293;20.0448;19.7552;19.5342;19.133;18.765;18.4595;18.147;17.8653;17.6946;17.4798;17.2508;16.9361;16.6843;16.3435;16.0096;15.7128;15.44;15.0917;14.8219;14.4946;14.1611;13.889;13.5095;13.1591;12.8009;12.465;12.1399;11.7401;11.4725;11.061;10.5772;10.1737;9.73083;9.55707;9.13772;8.75478;8.51699;8.09835;7.71735;7.32036;6.90709;6.70263;6.28853;5.889;5.57141;5.19669;4.95195;4.76236;4.5075;4.07055;3.70327;3.31196;3.00549;2.68541;2.19578;1.79544;1.74116;1.6124;1.37326;1.25339;1.05686;1","14.8921;14.7591;14.5682;14.435;14.1389;14.0607;13.7644;13.5196;13.2646;13.0147;12.7596;12.6531;12.3562;12.1885;12.106;11.9627;11.7198;11.3982;11.1253;10.9134;10.7833;10.6922;10.4215;10.0517;9.78236;9.54934;9.41158;9.32445;9.15435;8.99308;8.89103;8.80028;8.83488;8.83521;8.86091;9.05289;9.12207;9.18608;9.44058;9.54718;9.81824;10.0187;10.1862;10.4143;10.4815;10.7105;10.9679;11.1193;11.3164;11.4549;11.6026;11.7195;11.9459;12.1011;12.3359;12.5627;12.8179;12.9;12.9362;13.4225;13.7486;14.1192;14.4251;14.8296;15",0.605492
"0.1;0.7;0.2"
24.4321,0.266676,3.00016,"20.8928;20.5962;20.3293;20.0766;19.8589;19.4969;19.3612;18.9866;18.765;18.4595;18.147;17.8483;17.4462;17.0939;16.892;16.601;16.3435;16.0096;15.6802;15.44;15.0917;14.8219;14.4946;14.1611;13.8746;13.5384;13.1439;12.7748;12.3413;12.1399;11.7401;11.4725;11.061;10.5772;10.1257;9.98258;9.6069;9.26766;8.88426;8.64005;8.28458;8.00005;7.72079;7.33085;6.90709;6.70263;6.28853;5.889;5.57141;5.19669;4.95195;4.76236;4.5075;4.07055;3.66286;3.35763;2.98358;2.67599;2.36959;2.01631;1.79833;1.6124;1.37326;1.25339;1.05686;1","14.8921;14.7591;14.5682;14.4135;14.1866;13.8513;13.7334;13.593;13.5196;13.2646;13.0147;12.8592;12.7224;12.6359;12.2409;11.9247;11.7198;11.3982;11.05;10.9134;10.7833;10.6922;10.4215;10.0517;9.90897;9.63974;9.43285;9.32741;9.09972;8.99308;8.89103;8.80028;8.83488;8.83521;8.79076;8.73113;8.74189;8.89751;9.13132;9.38822;9.4731;9.74143;9.91375;10.1684;10.4143;10.4815;10.7105;10.9679;11.1193;11.3164;11.4549;11.6026;11.7195;11.9459;12.0173;12.1399;12.333;12.5135;12.7722;12.9438;13.3496;13.7486;14.1192;14.4251;14.8296;15",0.461435
"0.1;0.75;0.15"
24.6652,0.223778,3.12977,"20.9033;20.585;20.1359;19.8532;19.4606;19.2099;19.0595;18.765;18.4595;18.147;17.8653;17.6946;17.4798;17.2063;17.0509;16.6899;16.5016;16.1909;15.8921;15.5316;15.3419;15.2051;14.8083;14.3585;14.1552;13.721;13.3539;13.0723;12.8511;12.3979;12.1399;11.7401;11.4725;11.1457;10.8305;10.4779;10.0261;9.98258;9.6069;9.26766;9.04895;8.59246;8.28458;8.00005;7.72079;7.33085;6.90709;6.70263;6.28853;5.889;5.57141;5.19669;4.95195;4.76236;4.5075;4.07055;3.70327;3.31196;3.00549;2.68541;2.36689;2.17769;2.02463;1.79833;1.6124;1.37326;1.25339;1.05686;1","14.9879;14.7997;14.6341;14.5411;14.3669;13.9359;13.7546;13.5196;13.2646;13.0147;12.7596;12.6531;12.3562;11.9846;11.8299;11.4869;11.2959;11.0584;10.8239;10.6281;10.4649;10.2305;9.97592;9.77116;9.56198;9.41772;9.24251;9.11102;9.05163;9.03764;8.99308;8.89103;8.80028;8.66605;8.63644;8.62694;8.598;8.73113;8.74189;8.89751;9.03745;9.22378;9.4731;9.74143;9.91375;10.1684;10.4143;10.4815;10.7105;10.9679;11.1193;11.3164;11.4549;11.6026;11.7195;11.9459;12.1011;12.3359;12.5627;12.8179;13.0075;12.9757;13.0583;13.3496;13.7486;14.1192;14.4251;14.8296;15",0.317848
"0.1;0.8;0.1"
20.6205,0.27516,10.3103,"20.8772;20.8107;20.4057;20.0413;19.7937;19.3287;19.1166;18.7107;18.2818;18.0358;17.6408;17.397;17.0789;16.8856;16.5377;16.1309;15.8539;15.4594;15.1838;14.86;14.4858;14.1439;13.7057;13.5179;13.1905;12.732;12.4882;12.0827;11.8885;11.4954;11.0305;10.7438;10.331;9.87306;9.44048;9.01516;8.53637;8.21731;7.76301;7.34912;6.8772;6.58448;6.39478;5.96859;5.56156;5.23173;4.9221;4.5299;4.12896;3.80643;3.44099;3.04391;2.57196;2.19378;1.95434;1.4819;1","15.11;15.1994;15.1406;15.1258;15.1572;15.1075;15.1267;15.1452;15.2442;15.3774;15.5239;15.5418;15.5802;15.587;15.6701;15.6879;15.7034;15.7818;15.7771;15.7981;15.852;15.946;16.1486;16.2093;16.2863;16.4152;16.4979;16.6787;16.8243;16.8689;16.9219;16.9872;17.1626;17.1792;17.1906;17.1214;17.0539;16.9701;16.837;16.657;16.5004;16.3621;16.2903;16.1279;15.9847;15.9334;15.8521;15.8052;15.7974;15.7668;15.6497;15.4799;15.385;15.2201;15.1411;15.1307;15",0.519636
"0.1;0.85;0.05"
21.6219,0.0884577,10.811,"21.2434;20.8107;20.3364;19.9471;19.6268;19.2276;18.7814;18.682;18.4677;18.0401;17.8381;17.5172;17.0745;16.8509;16.3784;16.0692;15.8134;15.5611;15.1727;14.8033;14.3947;14.3342;13.9325;13.721;13.4366;12.9892;12.5636;12.0947;11.7126;11.2728;11.2003;10.7193;10.2765;9.78058;9.3695;9.10539;8.7078;8.29203;7.96983;7.47841;7.27645;6.83;6.38269;6.08903;5.88195;5.45348;5.03735;4.63679;4.34812;4.14612;3.94246;3.75655;3.41913;2.99803;2.65245;2.36558;2.15925;1.74727;1.44949;1","14.9924;15.1994;15.1857;15.2717;15.4009;15.5453;15.7211;15.7268;15.7859;15.9291;15.9747;16.0327;16.1743;16.2067;16.2812;16.5097;16.6334;16.6606;16.8552;17.0694;17.2389;17.2487;17.3446;17.4733;17.6796;17.7729;17.7822;17.803;17.9802;18.0078;18.034;18.1543;18.1347;18.1576;18.1137;18.1175;18.1961;18.0757;18.0019;17.9497;17.8304;17.6343;17.5146;17.4044;17.3378;17.1199;17.0061;16.8948;16.7675;16.67;16.425;16.3646;16.2334;16.0408;15.8771;15.7118;15.609;15.4064;15.219;15",0.254458
"0.1;0.9;0"
23.7016,88.9276,2.61939,"20.8928;20.9029;20.5542;20.4098;20.1366;19.9585;19.7518;19.4398;19.1033;18.7967;18.4671;18.1403;17.7892;17.4369;17.2063;16.7386;16.4557;16.0764;15.667;15.2713;14.8782;14.4232;14.0127;13.7702;13.5152;13.0947;12.7691;12.377;12.168;11.8284;11.3426;10.8905;10.5497;10.1358;9.67438;9.46039;9.23205;8.81773;8.45727;8.16492;7.794;7.44627;7.14578;6.84663;6.57977;6.20972;5.84136;5.48329;5.0411;4.77326;4.4234;4.03849;3.74567;3.3469;3.04346;2.68541;2.19578;1.79544;1.40241;1.36321;1.34488;1.26041;1.24013;1.2091;1.05686;1","14.8921;14.742;14.4662;14.2926;14.0296;13.8258;13.5245;13.2996;13.0934;12.8118;12.5554;12.4111;12.2761;12.0738;11.9846;11.829;11.6832;11.6029;11.3705;11.3554;11.1917;11.0111;10.8792;10.8026;10.7109;10.5094;10.3468;10.1604;10.1267;10.0985;9.98294;9.93864;10.0179;10.0745;10.1658;10.2613;10.372;10.4521;10.5597;10.6555;10.7273;10.9164;11.1005;11.1833;11.1839;11.4836;11.7104;11.8274;11.9266;12.0673;12.2189;12.44;12.5898;12.7155;12.76;12.8179;12.9;12.9362;13.0139;13.3567;13.6295;13.919;14.1857;14.4213;14.8296;15",2.29115
"0.15;0;0.85"
24.2113,2.93065,2.65847,"21.1839;20.9537;20.7936;20.564;20.2563;19.8739;19.5515;19.2427;18.9434;18.7062;18.2141;17.8581;17.6948;17.4469;17.0002;16.6843;16.2515;15.8942;15.5187;15.1281;14.8782;14.6326;14.38;14.1048;13.8873;13.4907;13.2858;12.939;12.4673;12.0116;11.6094;11.1135;10.8368;10.4998;10.0733;9.78061;9.46039;9.23205;8.81773;8.45727;8.16492;7.794;7.44627;7.14578;6.84663;6.57977;6.20972;5.84136;5.48329;5.0411;4.77326;4.4234;4.03849;3.74567;3.3469;3.04346;2.68541;2.19578;1.79544;1.40241;1.36321;1.34488;1.26041;1.24013;1.2091;1.05686;1","14.925;14.54;14.251;13.9733;13.6823;13.3703;13.1885;13.0346;12.8181;12.6878;12.6138;12.5402;12.4365;12.413;12.1992;11.9627;11.7932;11.7175;11.6299;11.3694;11.1917;11.0194;10.8152;10.7246;10.5687;10.3967;10.2732;10.1407;10.0073;9.84202;9.67998;9.62746;9.64503;9.7317;9.90442;10.0409;10.2613;10.372;10.4521;10.5597;10.6555;10.7273;10.9164;11.1005;11.1833;11.1839;11.4836;11.7104;11.8274;11.9266;12.0673;12.2189;12.44;12.5898;12.7155;12.76;12.8179;12.9;12.9362;13.0139;13.3567;13.6295;13.919;14.1857;14.4213;14.8296;15",2.20624
"0.15;0.05;0.8"
23.9819,1.81288,2.7739,"20.8928;20.9029;20.5542;20.4098;20.1257;19.7439;19.4744;19.1331;18.9823;18.5755;18.2118;17.8581;17.6948;17.3021;16.9361;16.6586;16.2515;16.006;15.6185;15.2753;14.9151;14.8782;14.6326;14.38;14.1048;13.8873;13.6079;13.2858;12.9183;12.7483;12.2574;12.0116;11.6094;11.1135;10.8368;10.4998;10.0733;9.61412;9.1277;8.92391;8.43074;8.17712;7.68293;7.25357;6.88388;6.68443;6.23745;5.91052;5.47113;5.19669;4.95195;4.76236;4.5075;4.07055;3.64706;3.49234;3.35763;2.98358;2.67599;2.30939;1.90689;1.50843;1.37064;1.34488;1.26041;1.24013;1.2091;1.05686;1","14.8921;14.742;14.4662;14.2926;14.0492;13.778;13.5617;13.2669;13.1995;13.0261;12.8026;12.5402;12.4365;12.2165;12.106;12.0011;11.7932;11.6638;11.6296;11.5801;11.3643;11.1917;11.0194;10.8152;10.7246;10.5687;10.3559;10.2732;10.1179;10.0122;9.92332;9.84202;9.67998;9.62746;9.64503;9.7317;9.90442;10.01;10.1231;10.2375;10.2376;10.2515;10.318;10.5433;10.7619;10.9166;11.0981;11.2226;11.3169;11.3164;11.4549;11.6026;11.7195;11.9459;12.0644;12.0978;12.1399;12.333;12.5135;12.6605;12.7659;12.8737;13.1602;13.6295;13.919;14.1857;14.4213;14.8296;15",2.13748
"0.15;0.1;0.75"
24.2246,1.2131,2.93261,"20.8928;20.5962;20.3293;20.1158;19.8239;19.6744;19.2995;18.9866;18.765;18.4595;18.147;17.8483;17.5171;17.1556;16.9361;16.7386;16.3565;16.0096;15.7807;15.34;15.2452;14.8708;14.8219;14.6189;14.2377;13.9494;13.8746;13.5384;13.0406;12.6605;12.1665;11.904;11.5459;11.2013;10.8425;10.4573;10.0733;9.61412;9.1277;8.92391;8.43074;8.17712;7.68293;7.25357;6.88388;6.68443;6.23745;5.91052;5.47113;5.19669;4.95195;4.76236;4.5075;4.07055;3.64706;3.49234;3.35763;2.98358;2.67599;2.30939;1.90689;1.50843;1.37064;1.34488;1.26041;1.24013;1.2091;1.05686;1","14.8921;14.7591;14.5682;14.3278;14.0152;13.8538;13.6543;13.593;13.5196;13.2646;13.0147;12.8592;12.7026;12.3642;12.106;11.829;11.5197;11.3982;11.2736;11.0446;10.964;10.6979;10.6922;10.5934;10.3811;10.1302;9.90897;9.63974;9.60357;9.50892;9.48115;9.4414;9.46598;9.48778;9.60994;9.6697;9.90442;10.01;10.1231;10.2375;10.2376;10.2515;10.318;10.5433;10.7619;10.9166;11.0981;11.2226;11.3169;11.3164;11.4549;11.6026;11.7195;11.9459;12.0644;12.0978;12.1399;12.333;12.5135;12.6605;12.7659;12.8737;13.1602;13.6295;13.919;14.1857;14.4213;14.8296;15",2.10608
"0.15;0.15;0.7"
24.2041,0.83408,2.58864,"20.8928;20.5962;20.3293;20.1158;19.8836;19.6734;19.4744;19.3321;18.9978;18.7967;18.4671;18.2153;17.9002;17.7966;17.4377;17.0224;16.5749;16.2745;15.821;15.44;15.0917;14.8219;14.6189;14.2355;13.9494;13.6882;13.3005;12.9405;12.7549;12.2726;11.7848;11.6109;11.1135;10.8368;10.5443;10.1956;9.78569;9.34595;8.946;8.50225;8.17712;7.68293;7.25357;6.88388;6.68443;6.23745;5.91052;5.47113;5.19669;4.95195;4.76236;4.5075;4.07055;3.64706;3.49234;3.35763;2.98358;2.67599;2.30939;1.90689;1.50843;1.37064;1.34488;1.26041;1.24013;1.2091;1.05686;1","14.8921;14.7591;14.5682;14.3278;14.0707;13.7783;13.5617;13.3336;13.0214;12.8118;12.5554;12.3506;11.992;11.8764;11.7662;11.5158;11.3053;11.1449;11.0096;10.9134;10.7833;10.6922;10.5934;10.3489;10.1302;10.1974;9.92428;9.73392;9.61047;9.53109;9.60863;9.62179;9.62746;9.64503;9.62373;9.59808;9.58162;9.72479;9.86618;10.0299;10.2515;10.318;10.5433;10.7619;10.9166;11.0981;11.2226;11.3169;11.3164;11.4549;11.6026;11.7195;11.9459;12.0644;12.0978;12.1399;12.333;12.5135;12.6605;12.7659;12.8737;13.1602;13.6295;13.919;14.1857;14.4213;14.8296;15",1.73206
"0.15;0.2;0.65"
24.1783,0.90411,2.83957,"20.8928;20.9029;20.5542;20.4098;20.2234;19.9585;19.7518;19.3321;19.1331;18.9207;18.5755;18.2118;17.8581;17.6948;17.3021;16.9361;16.6586;16.2515;16.006;15.5187;15.1281;14.8782;14.6326;14.38;14.1048;13.7238;13.6079;13.3225;13.1445;12.7123;12.2726;11.7848;11.6109;11.1135;10.8368;10.5443;10.1956;9.78569;9.34595;8.946;8.50225;8.17712;7.68293;7.25357;6.88388;6.68443;6.23745;5.91052;5.47113;5.19669;4.95195;4.76236;4.5075;4.07055;3.64706;3.49234;3.35763;2.98358;2.67599;2.30939;1.88092;1.79544;1.40241;1.36321;1.34488;1.26041;1.24013;1.2091;1.05686;1","14.8921;14.742;14.4662;14.2926;13.9297;13.8258;13.5245;13.3336;13.2669;13.1608;13.0261;12.8026;12.5402;12.4365;12.2165;12.106;12.0011;11.7932;11.6638;11.6299;11.3694;11.1917;11.0194;10.8152;10.7246;10.4641;10.3559;10.069;9.95926;9.73429;9.53109;9.60863;9.62179;9.62746;9.64503;9.62373;9.59808;9.58162;9.72479;9.86618;10.0299;10.2515;10.318;10.5433;10.7619;10.9166;11.0981;11.2226;11.3169;11.3164;11.4549;11.6026;11.7195;11.9459;12.0644;12.0978;12.1399;12.333;12.5135;12.6605;12.8385;12.9362;13.0139;13.3567;13.6295;13.919;14.1857;14.4213;14.8296;15",1.74939
"0.15;0.25;0.6"
24.1733,0.544858,2.71827,"21.1839;20.9537;20.7936;20.564;20.2563;19.8739;19.5515;19.2427;18.9434;18.6038;18.2153;17.9002;17.7966;17.4377;17.0224;16.5749;16.3913;16.2858;15.9182;15.5297;15.1838;14.8219;14.6189;14.2377;14.0058;13.6882;13.4078;13.1445;12.7123;12.2726;12.1665;11.6982;11.6138;11.1432;10.7842;10.4924;10.2037;9.98461;9.54725;9.32734;8.99992;8.53335;8.09835;7.72079;7.33085;6.90709;6.70263;6.28853;5.889;5.57141;5.13513;4.95195;4.76236;4.5075;4.07055;3.64706;3.49234;3.35763;2.98358;2.67599;2.36959;2.01631;1.79833;1.6124;1.37326;1.25339;1.05686;1","14.925;14.54;14.251;13.9733;13.6823;13.3703;13.1885;13.0346;12.8181;12.5787;12.3506;11.992;11.8764;11.7662;11.5158;11.3053;11.1142;11.073;10.9373;10.8392;10.7464;10.6922;10.5934;10.3811;10.2435;10.1974;10.0938;9.95926;9.73429;9.53109;9.48115;9.48382;9.492;9.32312;9.34795;9.38891;9.42527;9.46894;9.52875;9.57696;9.65196;9.74125;9.81824;9.91375;10.1684;10.4143;10.4815;10.7105;10.9679;11.1193;11.2677;11.4549;11.6026;11.7195;11.9459;12.0644;12.0978;12.1399;12.333;12.5135;12.7722;12.9438;13.3496;13.7486;14.1192;14.4251;14.8296;15",1.54968
"0.15;0.3;0.55"
23.9549,0.472437,2.95968,"20.8928;20.5962;20.3293;20.0766;19.7552;19.5381;19.2151;18.765;18.4595;18.147;17.9339;17.5171;17.1556;16.9361;16.6843;16.3435;16.0096;15.7807;15.34;15.1203;14.8219;14.4946;14.1611;13.8746;13.4055;12.9405;12.5303;12.1642;11.7342;11.3405;11.1945;10.7842;10.4924;10.2037;9.98461;9.54725;9.32734;8.99992;8.53335;8.09835;7.71735;7.32036;6.90709;6.70263;6.28853;5.889;5.57141;5.19669;4.95195;4.76236;4.5075;4.07055;3.66286;3.35763;2.98358;2.67599;2.30939;1.88092;1.79544;1.74116;1.6124;1.37326;1.25339;1.05686;1","14.8921;14.7591;14.5682;14.4135;14.1389;14.0611;13.7333;13.5196;13.2646;13.0147;12.9067;12.7026;12.3642;12.106;11.9627;11.7198;11.3982;11.2736;11.0446;10.85;10.6922;10.4215;10.0517;9.90897;9.89078;9.73392;9.49879;9.37371;9.29644;9.28076;9.31742;9.34795;9.38891;9.42527;9.46894;9.52875;9.57696;9.65196;9.74125;9.81824;10.0187;10.1862;10.4143;10.4815;10.7105;10.9679;11.1193;11.3164;11.4549;11.6026;11.7195;11.9459;12.0173;12.1399;12.333;12.5135;12.6605;12.8385;12.9362;13.4225;13.7486;14.1192;14.4251;14.8296;15",1.51788
"0.15;0.35;0.5"
24.2691,0.575392,3.35368,"21.1839;20.9537;20.5542;20.116;19.8836;19.4969;19.2151;18.765;18.4857;18.0794;17.8241;17.5038;17.202;16.9104;16.6111;16.3621;16.1926;15.8684;15.6774;15.2753;14.9151;14.6588;14.38;14.1048;13.7238;13.6079;13.3225;13.1445;12.7123;12.2726;12.1665;11.7342;11.3405;11.1945;10.7842;10.4924;10.2037;9.98461;9.54725;9.32734;8.99992;8.53335;8.09835;7.71735;7.32036;6.90709;6.70263;6.28853;5.889;5.57141;5.19669;4.95195;4.76236;4.5075;4.07055;3.70327;3.31196;3.00549;2.68541;2.19578;1.79544;1.74116;1.6124;1.37326;1.25339;1.05686;1","14.925;14.54;14.4662;14.2408;14.0707;13.8513;13.7333;13.5196;13.4167;13.278;13.1678;12.9542;12.8833;12.8016;12.5443;12.3519;12.236;11.8672;11.7638;11.5801;11.3643;11.2053;10.8152;10.7246;10.4641;10.3559;10.069;9.95926;9.73429;9.53109;9.48115;9.29644;9.28076;9.31742;9.34795;9.38891;9.42527;9.46894;9.52875;9.57696;9.65196;9.74125;9.81824;10.0187;10.1862;10.4143;10.4815;10.7105;10.9679;11.1193;11.3164;11.4549;11.6026;11.7195;11.9459;12.1011;12.3359;12.5627;12.8179;12.9;12.9362;13.4225;13.7486;14.1192;14.4251;14.8296;15",1.55386
"0.15;0.4;0.45"
24.0166,0.538876,3.40652,"20.9033;20.585;20.1359;19.8532;19.4262;19.0388;18.7176;18.4203;18.1716;17.7286;17.4417;17.1108;16.808;16.358;16.0964;15.7128;15.402;15.2706;14.912;14.6588;14.4232;14.1048;13.9191;13.6882;13.3005;12.9405;12.5303;12.2662;11.8246;11.3405;11.1945;10.7842;10.4924;10.2037;9.98461;9.54725;9.32734;8.99992;8.53335;8.09835;7.71735;7.32036;6.90709;6.70263;6.28853;5.889;5.57141;5.19669;4.95195;4.76236;4.5075;4.07055;3.70327;3.31196;3.00549;2.68541;2.19578;1.79544;1.74116;1.6124;1.37326;1.25339;1.05686;1","14.9879;14.7997;14.6341;14.5411;14.2871;14.0549;13.8263;13.7169;13.6489;13.4295;13.2121;12.9927;12.7685;12.5617;12.4111;12.199;11.922;11.7993;11.497;11.2053;11.0111;10.7246;10.5341;10.1974;9.92428;9.73392;9.49879;9.44685;9.25315;9.28076;9.31742;9.34795;9.38891;9.42527;9.46894;9.52875;9.57696;9.65196;9.74125;9.81824;10.0187;10.1862;10.4143;10.4815;10.7105;10.9679;11.1193;11.3164;11.4549;11.6026;11.7195;11.9459;12.1011;12.3359;12.5627;12.8179;12.9;12.9362;13.4225;13.7486;14.1192;14.4251;14.8296;15",1.38209
"0.15;0.45;0.4"
24.2209,0.397891,3.00075,"20.8928;20.5962;20.3293;19.931;19.7484;19.4969;19.2151;18.765;18.4373;18.3248;17.9339;17.5171;17.1556;16.9361;16.6843;16.3435;16.0096;15.7807;15.34;15.2452;14.8708;14.4946;14.1611;13.8746;13.5384;13.1591;12.8009;12.465;12.3413;11.8636;11.5188;11.1283;10.6764;10.4924;10.2037;9.98461;9.54725;9.32734;8.99992;8.53335;8.09835;7.71735;7.32036;6.90709;6.70263;6.28853;5.89151;5.58212;5.19669;4.98611;4.77704;4.5075;4.07055;3.70327;3.31196;3.00549;2.68541;2.19578;1.79544;1.74116;1.6124;1.37326;1.25339;1.05686;1","14.8921;14.7591;14.5682;14.381;13.99;13.8513;13.7333;13.5196;13.2373;13.1371;12.9067;12.7026;12.3642;12.106;11.9627;11.7198;11.3982;11.2736;11.0446;10.964;10.6979;10.4215;10.0517;9.90897;9.63974;9.41158;9.32445;9.15435;9.09972;9.0382;9.08648;9.16313;9.29446;9.38891;9.42527;9.46894;9.52875;9.57696;9.65196;9.74125;9.81824;10.0187;10.1862;10.4143;10.4815;10.7105;10.8568;11.0243;11.3164;11.5536;11.6142;11.7195;11.9459;12.1011;12.3359;12.5627;12.8179;12.9;12.9362;13.4225;13.7486;14.1192;14.4251;14.8296;15",1.07689
"0.15;0.5;0.35"
24.29,0.387786,2.98332,"20.8928;20.9029;20.5542;20.116;19.7484;19.4969;19.2151;18.765;18.4595;18.147;17.8653;17.6946;17.4798;17.2063;16.7386;16.3565;16.0096;15.7807;15.34;15.1203;14.8219;14.4946;14.1611;13.8746;13.5384;13.1439;12.7748;12.5561;12.1769;11.7342;11.3405;11.0509;10.7428;10.5404;10.1068;9.99646;9.6305;9.37179;8.99992;8.53335;8.09835;7.72079;7.33085;6.90709;6.70263;6.28853;5.889;5.57141;5.19669;4.95195;4.76236;4.5075;4.07055;3.70327;3.31196;3.00549;2.68541;2.19578;1.79544;1.74116;1.6124;1.37326;1.25339;1.05686;1","14.8921;14.742;14.4662;14.2408;13.99;13.8513;13.7333;13.5196;13.2646;13.0147;12.7596;12.6531;12.3562;11.9846;11.829;11.5197;11.3982;11.2736;11.0446;10.85;10.6922;10.4215;10.0517;9.90897;9.63974;9.43285;9.32741;9.31614;9.33201;9.29644;9.28076;9.27415;9.19318;9.12338;9.10612;9.18421;9.40315;9.55139;9.65196;9.74125;9.81824;9.91375;10.1684;10.4143;10.4815;10.7105;10.9679;11.1193;11.3164;11.4549;11.6026;11.7195;11.9459;12.1011;12.3359;12.5627;12.8179;12.9;12.9362;13.4225;13.7486;14.1192;14.4251;14.8296;15",0.917819
"0.15;0.55;0.3"
24.6602,0.338657,3.13934,"21.1839;20.9537;20.6858;20.3445;20.1257;19.6744;19.2995;18.9866;18.765;18.4595;18.3248;17.9339;17.8483;17.4462;17.2598;17.0074;16.892;16.601;16.3435;16.0096;15.7807;15.34;15.1203;14.8219;14.4946;14.1611;13.8746;13.5384;13.1439;12.7748;12.465;12.0299;11.5672;11.3046;10.8322;10.5404;10.1068;9.99646;9.6305;9.37179;8.99992;8.53335;8.09835;7.72079;7.33085;6.90709;6.70263;6.28853;5.889;5.57141;5.19669;4.95195;4.76236;4.5075;4.07055;3.66286;3.35763;2.98358;2.67599;2.36959;2.01631;1.79544;1.74116;1.6124;1.37326;1.25339;1.05686;1","14.925;14.54;14.3913;14.2478;14.0492;13.8538;13.6543;13.593;13.5196;13.2646;13.1371;12.9067;12.8592;12.7224;12.7063;12.3101;12.2409;11.9247;11.7198;11.3982;11.2736;11.0446;10.85;10.6922;10.4215;10.0517;9.90897;9.63974;9.43285;9.32741;9.15435;8.95534;8.88805;8.98848;9.06799;9.12338;9.10612;9.18421;9.40315;9.55139;9.65196;9.74125;9.81824;9.91375;10.1684;10.4143;10.4815;10.7105;10.9679;11.1193;11.3164;11.4549;11.6026;11.7195;11.9459;12.0173;12.1399;12.333;12.5135;12.7722;12.9438;12.9362;13.4225;13.7486;14.1192;14.4251;14.8296;15",0.809667
"0.15;0.6;0.25"
24.2789,0.357573,3.41463,"20.8928;20.5962;20.2725;19.931;19.5324;19.1061;18.7176;18.4203;18.1716;17.7286;17.4417;17.1108;16.808;16.5002;16.1926;15.9571;15.6774;15.2753;14.86;14.6814;14.529;14.2355;14.0058;13.6882;13.3005;12.9405;12.7652;12.5002;12.1287;11.8636;11.4725;11.061;10.7498;10.3292;9.9795;9.55707;9.09648;8.64005;8.28458;8.00005;7.72079;7.33085;6.90709;6.70263;6.28853;5.889;5.57141;5.19669;4.95195;4.76236;4.5075;4.07055;3.66286;3.35763;2.98358;2.67599;2.36959;2.01631;1.79833;1.6124;1.37326;1.25339;1.05686;1","14.8921;14.7591;14.5641;14.381;14.1258;13.9998;13.8263;13.7169;13.6489;13.4295;13.2121;12.9927;12.7685;12.5474;12.236;12.0791;11.7638;11.5801;11.3329;11.0895;10.7303;10.3489;10.2435;10.1974;9.92428;9.73392;9.51894;9.40743;9.20382;9.0382;8.80028;8.83488;8.85314;8.99904;8.9969;9.12207;9.19896;9.38822;9.4731;9.74143;9.91375;10.1684;10.4143;10.4815;10.7105;10.9679;11.1193;11.3164;11.4549;11.6026;11.7195;11.9459;12.0173;12.1399;12.333;12.5135;12.7722;12.9438;13.3496;13.7486;14.1192;14.4251;14.8296;15",0.698142
"0.15;0.65;0.2"
24.1744,0.436722,3.5154,"20.8928;20.5962;20.3293;20.0448;19.7552;19.3664;19.1061;18.7176;18.4203;18.1716;17.7286;17.4417;17.1108;16.808;16.358;16.0964;15.888;15.6774;15.5187;15.1281;14.9068;14.529;14.2355;13.991;13.6882;13.3005;12.9405;12.7652;12.5002;12.1769;11.8246;11.6862;11.3405;11.1498;10.7428;10.5404;10.1052;9.85155;9.67503;9.35114;8.99992;8.53335;8.09835;7.72079;7.33085;6.90709;6.70263;6.28853;5.889;5.57141;5.19669;4.95195;4.76236;4.5075;4.07055;3.70327;3.31196;3.00549;2.68541;2.36689;2.17769;2.02463;1.79833;1.6124;1.37326;1.25339;1.05686;1","14.8921;14.7591;14.5682;14.435;14.1389;14.1096;13.9998;13.8263;13.7169;13.6489;13.4295;13.2121;12.9927;12.7685;12.5617;12.4111;12.066;11.7638;11.6299;11.3694;11.0555;10.7303;10.3489;10.4214;10.1974;9.92428;9.73392;9.51894;9.40743;9.33201;9.25315;9.21152;9.28076;9.26934;9.19318;9.12338;9.07818;9.13481;9.17051;9.44968;9.65196;9.74125;9.81824;9.91375;10.1684;10.4143;10.4815;10.7105;10.9679;11.1193;11.3164;11.4549;11.6026;11.7195;11.9459;12.1011;12.3359;12.5627;12.8179;13.0075;12.9757;13.0583;13.3496;13.7486;14.1192;14.4251;14.8296;15",0.538722
"0.15;0.7;0.15"
24.2572,0.305189,3.05748,"20.8928;20.5962;20.3293;20.1158;19.7484;19.3612;19.2995;19.0286;18.6406;18.2544;18.2118;17.8581;17.6948;17.4798;17.2063;16.7386;16.3435;16.0096;15.7128;15.44;15.0917;14.8219;14.4946;14.1611;13.9628;13.7514;13.3911;13.1591;12.7748;12.465;12.1399;11.8636;11.4094;11.1283;10.7428;10.3292;9.9795;9.55707;9.24175;9.09648;8.64005;8.28458;8.00005;7.72079;7.33085;6.90709;6.70263;6.28853;5.889;5.57141;5.19669;4.98611;4.81128;4.48442;4.08673;3.83543;3.57531;3.3469;2.97285;2.61717;2.37309;2.21723;2.01888;1.83685;1.55457;1.30539;1.05686;1","14.8921;14.7591;14.5682;14.3278;13.99;13.7334;13.6543;13.3529;13.0936;12.9056;12.8026;12.5402;12.4365;12.3562;11.9846;11.829;11.7198;11.3982;11.1253;10.9134;10.7833;10.6922;10.4215;10.0517;9.76663;9.48033;9.4216;9.41158;9.32741;9.15435;8.99308;9.0382;9.04588;9.16313;9.19318;8.99904;8.9969;9.12207;9.16483;9.19896;9.38822;9.4731;9.74143;9.91375;10.1684;10.4143;10.4815;10.7105;10.9679;11.1193;11.3164;11.5536;11.6426;11.8516;12.0138;12.3974;12.5679;12.7155;12.8367;13.0232;13.2624;13.4731;13.7644;14.102;14.3925;14.5458;14.8296;15",0.313355
"0.15;0.75;0.1"
20.8875,0.305809,10.4438,"21.1839;20.8107;20.4057;20.0413;19.7937;19.3287;19.1166;18.7107;18.2818;17.9746;17.5231;17.2627;16.8394;16.5771;16.1992;16.0815;15.8539;15.4594;15.1838;14.86;14.4195;13.939;13.5179;13.1905;12.732;12.4882;12.0827;11.8885;11.4954;11.0305;10.729;10.2561;10.0734;9.67717;9.29487;8.94739;8.73161;8.28902;7.80089;7.33956;6.9597;6.58911;6.26652;5.81131;5.56156;5.23173;4.9221;4.5299;4.12896;3.80643;3.44099;3.04391;2.57196;2.19378;1.95434;1.4819;1","14.925;15.1994;15.1406;15.1258;15.1572;15.1075;15.1267;15.1452;15.2442;15.2799;15.2422;15.2839;15.3572;15.4331;15.5533;15.6163;15.7034;15.7818;15.7771;15.7981;16.0227;16.1404;16.2093;16.2863;16.4152;16.4979;16.6787;16.8243;16.8689;16.9219;16.9822;16.9967;16.9841;16.9012;16.8014;16.5663;16.5142;16.4312;16.363;16.2879;16.2373;16.1498;16.0879;16.06;15.9847;15.9334;15.8521;15.8052;15.7974;15.7668;15.6497;15.4799;15.385;15.2201;15.1411;15.1307;15",0.527154
"0.15;0.8;0.05"
21.3528,0.117829,10.6764,"21.2434;20.8107;20.3364;19.9471;19.6268;19.2276;18.7814;18.682;18.4677;18.0401;17.8381;17.5172;17.1791;16.7935;16.3978;16.0692;15.8134;15.4165;15.1727;14.7597;14.2913;13.9608;13.5496;13.2679;13.0444;12.6066;12.132;11.7446;11.4547;10.9618;10.7565;10.3305;9.90438;9.76113;9.36729;8.91613;8.88193;8.52518;8.19786;7.84447;7.43246;7.11165;6.70542;6.2839;5.94496;5.55186;5.24529;4.8986;4.65741;4.35781;4.15966;3.80643;3.44099;3.04391;2.57196;2.19378;1.95434;1.4819;1","14.9924;15.1994;15.1857;15.2717;15.4009;15.5453;15.7211;15.7268;15.7859;15.9291;15.9747;16.0327;16.2445;16.3037;16.3678;16.5097;16.6334;16.8263;16.8552;16.85;16.9563;17.1237;17.2169;17.3365;17.3163;17.5287;17.628;17.5895;17.7005;17.6512;17.5995;17.6503;17.7143;17.7326;17.6852;17.6587;17.6503;17.5503;17.4586;17.2147;16.9998;16.7301;16.6428;16.616;16.4837;16.3567;16.3736;16.2247;16.1284;16.0293;15.9161;15.7668;15.6497;15.4799;15.385;15.2201;15.1411;15.1307;15",0.422057
"0.15;0.85;0"
23.6541,89.0794,2.79001,"20.8928;20.9029;20.5542;20.4098;20.1257;19.7439;19.4744;19.1331;18.9823;18.5755;18.2118;17.8581;17.6948;17.3021;16.9361;16.6586;16.2515;16.0764;15.667;15.2713;14.8782;14.4232;14.0127;13.7702;13.5152;13.0947;12.7691;12.377;12.168;11.8284;11.3426;10.8905;10.5497;10.1358;9.67438;9.46039;9.23205;8.77237;8.55557;8.2221;7.82715;7.35021;7.25007;6.79577;6.31298;5.83857;5.47113;5.19669;4.95195;4.76236;4.5075;4.07055;3.64706;3.49234;3.35763;2.98358;2.67599;2.30939;1.88092;1.79544;1.40241;1.36321;1.34488;1.26041;1.24013;1.2091;1.05686;1","14.8921;14.742;14.4662;14.2926;14.0492;13.778;13.5617;13.2669;13.1995;13.0261;12.8026;12.5402;12.4365;12.2165;12.106;12.0011;11.7932;11.6029;11.3705;11.3554;11.1917;11.0111;10.8792;10.8026;10.7109;10.5094;10.3468;10.1604;10.1267;10.0985;9.98294;9.93864;10.0179;10.0745;10.1658;10.2613;10.372;10.5397;10.6658;10.8215;11.0078;11.146;11.1539;11.2079;11.2251;11.2491;11.3169;11.3164;11.4549;11.6026;11.7195;11.9459;12.0644;12.0978;12.1399;12.333;12.5135;12.6605;12.8385;12.9362;13.0139;13.3567;13.6295;13.919;14.1857;14.4213;14.8296;15",2.29287
"0.2;0;0.8"
23.8601,4.116,2.79207,"20.8928;20.9029;20.5542;20.4098;20.1257;19.7439;19.4744;19.1331;18.9823;18.5755;18.2118;17.8581;17.6948;17.3021;16.9361;16.6586;16.2515;16.006;15.6185;15.2753;14.9151;14.6588;14.38;14.1048;13.7238;13.2858;13.0212;12.5511;12.1521;12.0626;11.5954;11.1993;10.7145;10.5501;10.0716;9.61412;9.1277;8.92391;8.43074;8.17712;7.68293;7.25357;6.88388;6.68443;6.23745;5.91052;5.47113;5.19669;4.95195;4.76236;4.5075;4.07055;3.64706;3.49234;3.35763;2.98358;2.67599;2.30939;1.88092;1.79544;1.40241;1.36321;1.34488;1.26041;1.24013;1.2091;1.05686;1","14.8921;14.742;14.4662;14.2926;14.0492;13.778;13.5617;13.2669;13.1995;13.0261;12.8026;12.5402;12.4365;12.2165;12.106;12.0011;11.7932;11.6638;11.6296;11.5801;11.3643;11.2053;10.8152;10.7246;10.4641;10.2732;10.2093;10.0747;9.96186;9.94981;9.78768;9.8335;9.88572;9.93073;9.93193;10.01;10.1231;10.2375;10.2376;10.2515;10.318;10.5433;10.7619;10.9166;11.0981;11.2226;11.3169;11.3164;11.4549;11.6026;11.7195;11.9459;12.0644;12.0978;12.1399;12.333;12.5135;12.6605;12.8385;12.9362;13.0139;13.3567;13.6295;13.919;14.1857;14.4213;14.8296;15",2.15111
"0.2;0.05;0.75"
23.6747,1.78023,3.21891,"20.8928;20.5962;20.3293;20.0708;19.8589;19.5342;19.133;18.765;18.4857;18.0794;17.8241;17.5038;17.202;16.9104;16.6111;16.3621;16.1926;15.8684;15.6774;15.2753;14.9151;14.6588;14.38;14.1048;13.991;13.6882;13.4078;13.1445;12.8602;12.4308;12.0116;11.6109;11.1135;10.8368;10.5443;10.3134;9.91594;9.61412;9.20606;8.98567;8.77237;8.55557;8.2221;7.82715;7.44861;7.0463;6.95975;6.49864;6.16513;5.74601;5.55956;5.20076;4.86743;4.52076;4.03849;3.74567;3.3469;2.97285;2.68541;2.36959;2.01631;1.79833;1.6124;1.37326;1.25339;1.05686;1","14.8921;14.7591;14.5682;14.4174;14.1866;14.0607;13.7644;13.5196;13.4167;13.278;13.1678;12.9542;12.8833;12.8016;12.5443;12.3519;12.236;11.8672;11.7638;11.5801;11.3643;11.2053;10.8152;10.7246;10.4214;10.1974;10.0938;9.95926;9.89192;9.90345;9.84202;9.62179;9.62746;9.64503;9.62373;9.71578;9.8266;10.01;10.221;10.3595;10.5397;10.6658;10.8215;11.0078;11.1768;11.3668;11.4176;11.6016;11.7949;11.8622;11.8785;12.0996;12.2194;12.3115;12.44;12.5898;12.7155;12.8367;12.8179;12.7722;12.9438;13.3496;13.7486;14.1192;14.4251;14.8296;15",2.30649
"0.2;0.1;0.7"
24.2533,1.47235,2.68659,"21.1839;20.9537;20.7936;20.564;20.2563;19.8739;19.5515;19.2427;18.9434;18.6038;18.1403;17.7892;17.4369;17.2063;16.7386;16.3565;16.0615;15.6802;15.4385;15.0917;14.8708;14.6189;14.2377;13.991;13.6882;13.4078;13.1445;12.7123;12.2726;12.1665;11.6982;11.6109;11.2013;10.8368;10.4573;10.3134;9.91594;9.60379;9.20606;8.98567;8.77237;8.55557;8.2221;7.82715;7.44861;7.0463;6.95975;6.49864;6.16513;5.74601;5.55956;5.20076;4.86743;4.52076;4.03849;3.74567;3.3469;3.04346;2.68541;2.19578;1.79544;1.74116;1.6124;1.37326;1.25339;1.05686;1","14.925;14.54;14.251;13.9733;13.6823;13.3703;13.1885;13.0346;12.8181;12.5787;12.4111;12.2761;12.0738;11.9846;11.829;11.5197;11.2534;11.05;10.9039;10.7833;10.6979;10.5934;10.3811;10.4214;10.1974;10.0938;9.95926;9.73429;9.53109;9.48115;9.48382;9.62179;9.48778;9.64503;9.6697;9.71578;9.8266;9.95788;10.221;10.3595;10.5397;10.6658;10.8215;11.0078;11.1768;11.3668;11.4176;11.6016;11.7949;11.8622;11.8785;12.0996;12.2194;12.3115;12.44;12.5898;12.7155;12.76;12.8179;12.9;12.9362;13.4225;13.7486;14.1192;14.4251;14.8296;15",1.81085
"0.2;0.15;0.65"
24.0022,1.27542,2.9521,"20.8928;20.5962;20.2725;19.931;19.5324;19.2172;19.133;18.765;18.4595;18.147;17.9339;17.6245;17.4469;17.2508;16.9361;16.6843;16.3435;16.0096;15.6802;15.4385;15.1838;14.8219;14.4946;14.2355;13.9494;13.8746;13.5384;13.0406;12.6605;12.1665;11.6982;11.2013;10.752;10.6601;10.2915;9.91594;9.60379;9.20606;8.98567;8.77237;8.55557;8.2221;7.82715;7.44861;7.0463;6.95975;6.49864;6.16513;5.74601;5.55956;5.20076;4.86743;4.52076;4.03849;3.74567;3.3469;3.04346;2.68541;2.19578;1.79544;1.74116;1.6124;1.37326;1.25339;1.05686;1","14.8921;14.7591;14.5641;14.381;14.1258;13.8279;13.7644;13.5196;13.2646;13.0147;12.9067;12.7124;12.413;12.1885;12.106;11.9627;11.7198;11.3982;11.05;10.9039;10.7464;10.6922;10.4215;10.3489;10.1302;9.90897;9.63974;9.60357;9.50892;9.48115;9.48382;9.48778;9.47437;9.47716;9.67;9.8266;9.95788;10.221;10.3595;10.5397;10.6658;10.8215;11.0078;11.1768;11.3668;11.4176;11.6016;11.7949;11.8622;11.8785;12.0996;12.2194;12.3115;12.44;12.5898;12.7155;12.76;12.8179;12.9;12.9362;13.4225;13.7486;14.1192;14.4251;14.8296;15",1.8169
"0.2;0.2;0.6"
24.2731,0.79646,3.11144,"21.1839;20.9537;20.6858;20.2947;19.8836;19.4969;19.2151;18.765;18.4595;18.147;17.8483;17.4462;17.0939;16.6111;16.2863;16.2531;15.8684;15.4306;15.2753;14.9151;14.8782;14.6326;14.38;14.1048;13.7238;13.6079;13.3225;13.1445;12.7123;12.2726;11.7848;11.6109;11.2013;10.8425;10.5443;10.1956;9.78569;9.32734;8.99992;8.53335;8.09835;7.71735;7.32036;6.90709;6.70263;6.28853;5.889;5.57141;5.19669;4.95195;4.76236;4.5075;4.07055;3.70327;3.31196;3.00549;2.68541;2.19578;1.79544;1.74116;1.6124;1.37326;1.25339;1.05686;1","14.925;14.54;14.3913;14.2363;14.0707;13.8513;13.7333;13.5196;13.2646;13.0147;12.8592;12.7224;12.6359;12.5443;12.171;12.1448;11.8672;11.7076;11.5801;11.3643;11.1917;11.0194;10.8152;10.7246;10.4641;10.3559;10.069;9.95926;9.73429;9.53109;9.60863;9.62179;9.48778;9.60994;9.62373;9.59808;9.58162;9.57696;9.65196;9.74125;9.81824;10.0187;10.1862;10.4143;10.4815;10.7105;10.9679;11.1193;11.3164;11.4549;11.6026;11.7195;11.9459;12.1011;12.3359;12.5627;12.8179;12.9;12.9362;13.4225;13.7486;14.1192;14.4251;14.8296;15",1.76592
"0.2;0.25;0.55"
23.9122,0.756483,3.41141,"20.9033;20.585;20.1359;19.8532;19.4606;19.046;18.632;18.3752;18.1716;17.7286;17.4417;17.1108;16.808;16.358;16.0964;15.7128;15.402;15.2706;14.912;14.6588;14.4232;14.1048;13.7238;13.6079;13.3539;13.1123;12.7123;12.2726;12.1665;11.6982;11.5459;11.0573;10.6387;10.1956;9.75152;9.34595;8.946;8.50225;8.17712;7.68293;7.25357;6.88388;6.68443;6.23745;5.91052;5.56812;5.24255;4.86532;4.4234;4.03849;3.74567;3.3469;3.04346;2.68541;2.19578;1.79544;1.74116;1.6124;1.37326;1.25339;1.05686;1","14.9879;14.7997;14.6341;14.5411;14.3669;14.1237;13.9989;13.8665;13.6489;13.4295;13.2121;12.9927;12.7685;12.5617;12.4111;12.199;11.922;11.7993;11.497;11.2053;11.0111;10.7246;10.4641;10.3559;10.1955;10.0132;9.73429;9.53109;9.48115;9.48382;9.46598;9.45511;9.51852;9.59808;9.5442;9.72479;9.86618;10.0299;10.2515;10.318;10.5433;10.7619;10.9166;11.0981;11.2226;11.5361;11.8475;12.0266;12.2189;12.44;12.5898;12.7155;12.76;12.8179;12.9;12.9362;13.4225;13.7486;14.1192;14.4251;14.8296;15",1.73006
"0.2;0.3;0.5"
23.8598,0.745359,3.37796,"20.8928;20.5962;20.2725;19.931;19.5324;19.1061;18.7176;18.4203;18.1716;17.7286;17.4417;17.1108;16.808;16.358;16.1131;15.9118;15.5048;15.2706;14.9551;14.6588;14.4232;14.1048;13.7238;13.3591;12.99;12.6236;12.3177;12.1665;11.6982;11.5459;11.0573;10.6387;10.1956;9.78569;9.32734;8.99992;8.53335;8.09835;7.71735;7.32036;6.90709;6.70263;6.28853;5.89151;5.58212;5.19669;4.98611;4.77704;4.5075;4.07055;3.70327;3.31196;3.00549;2.68541;2.19578;1.79544;1.74116;1.6124;1.37326;1.25339;1.05686;1","14.8921;14.7591;14.5641;14.381;14.1258;13.9998;13.8263;13.7169;13.6489;13.4295;13.2121;12.9927;12.7685;12.5617;12.3263;12.1774;11.992;11.7993;11.5705;11.2053;11.0111;10.7246;10.4641;10.2651;10.0693;9.79545;9.55975;9.48115;9.48382;9.46598;9.45511;9.51852;9.59808;9.58162;9.57696;9.65196;9.74125;9.81824;10.0187;10.1862;10.4143;10.4815;10.7105;10.8568;11.0243;11.3164;11.5536;11.6142;11.7195;11.9459;12.1011;12.3359;12.5627;12.8179;12.9;12.9362;13.4225;13.7486;14.1192;14.4251;14.8296;15",1.55432
"0.2;0.35;0.45"
23.8764,0.741822,3.19942,"20.8928;20.5962;20.3293;19.931;19.5324;19.3664;19.0595;18.6285;18.3971;18.0794;17.8241;17.5038;17.202;16.9104;16.6111;16.3621;16.1926;15.8684;15.6774;15.2753;14.9151;14.6588;14.4232;14.1048;13.9191;13.6079;13.3539;13.1123;12.7123;12.2726;12.1665;11.6982;11.5459;11.0573;10.6387;10.1956;9.75152;9.34595;8.946;8.50225;8.17712;7.70267;7.29187;7.06974;6.70263;6.28853;5.889;5.57141;5.19669;4.95195;4.76236;4.5075;4.07055;3.70327;3.31196;3.00549;2.68541;2.19578;1.79544;1.74116;1.6124;1.37326;1.25339;1.05686;1","14.8921;14.7591;14.5682;14.381;14.1258;14.1096;13.7546;13.5568;13.3727;13.278;13.1678;12.9542;12.8833;12.8016;12.5443;12.3519;12.236;11.8672;11.7638;11.5801;11.3643;11.2053;11.0111;10.7246;10.5341;10.3559;10.1955;10.0132;9.73429;9.53109;9.48115;9.48382;9.46598;9.45511;9.51852;9.59808;9.5442;9.72479;9.86618;10.0299;10.2515;10.3333;10.3974;10.4341;10.4815;10.7105;10.9679;11.1193;11.3164;11.4549;11.6026;11.7195;11.9459;12.1011;12.3359;12.5627;12.8179;12.9;12.9362;13.4225;13.7486;14.1192;14.4251;14.8296;15",1.3102
"0.2;0.4;0.4"
23.974,0.627132,3.4061,"20.9033;20.585;20.1359;19.8532;19.4262;19.0388;18.7176;18.4203;18.1716;17.7286;17.4417;17.1108;16.808;16.5002;16.1926;15.8684;15.6774;15.2753;14.9151;14.6588;14.4232;14.1048;13.7238;13.6079;13.3539;13.1123;12.7123;12.5303;12.1642;11.7342;11.3405;11.1945;10.7842;10.4924;10.2037;9.75152;9.34595;8.946;8.50225;8.17712;7.70267;7.29187;7.06974;6.70263;6.28853;5.889;5.57141;5.19669;4.95195;4.76236;4.5075;4.07055;3.66286;3.35763;2.98358;2.67599;2.36959;2.01631;1.79544;1.74116;1.6124;1.37326;1.25339;1.05686;1","14.9879;14.7997;14.6341;14.5411;14.2871;14.0549;13.8263;13.7169;13.6489;13.4295;13.2121;12.9927;12.7685;12.5474;12.236;11.8672;11.7638;11.5801;11.3643;11.2053;11.0111;10.7246;10.4641;10.3559;10.1955;10.0132;9.73429;9.49879;9.37371;9.29644;9.28076;9.31742;9.34795;9.38891;9.42527;9.5442;9.72479;9.86618;10.0299;10.2515;10.3333;10.3974;10.4341;10.4815;10.7105;10.9679;11.1193;11.3164;11.4549;11.6026;11.7195;11.9459;12.0173;12.1399;12.333;12.5135;12.7722;12.9438;12.9362;13.4225;13.7486;14.1192;14.4251;14.8296;15",1.20918
"0.2;0.45;0.35"
23.9473,0.625867,3.46869,"20.9033;20.585;20.1359;19.8532;19.4606;19.046;18.7884;18.3752;18.1716;17.7895;17.4417;17.1397;16.808;16.358;16.0964;15.7128;15.402;15.2706;14.912;14.6588;14.4232;14.0127;13.8873;13.6079;13.3225;13.1709;12.9405;12.7652;12.5002;12.1642;11.7342;11.3405;11.1945;10.7842;10.4924;10.2037;9.78569;9.34595;8.946;8.50225;8.17712;7.70267;7.29187;7.06974;6.70263;6.28853;5.889;5.57141;5.19669;4.95195;4.76236;4.5075;4.07055;3.66286;3.35763;2.98358;2.67599;2.36959;2.01631;1.79833;1.6124;1.37326;1.25339;1.05686;1","14.9879;14.7997;14.6341;14.5411;14.3669;14.1237;13.9995;13.8665;13.6489;13.3544;13.2121;13.0762;12.7685;12.5617;12.4111;12.199;11.922;11.7993;11.497;11.2053;11.0111;10.8792;10.5687;10.3559;10.069;9.97756;9.73392;9.51894;9.40743;9.37371;9.29644;9.28076;9.31742;9.34795;9.38891;9.42527;9.58162;9.72479;9.86618;10.0299;10.2515;10.3333;10.3974;10.4341;10.4815;10.7105;10.9679;11.1193;11.3164;11.4549;11.6026;11.7195;11.9459;12.0173;12.1399;12.333;12.5135;12.7722;12.9438;13.3496;13.7486;14.1192;14.4251;14.8296;15",1.05522
"0.2;0.5;0.3"
23.9745,0.485888,3.6375,"20.9033;20.585;20.1359;19.8532;19.4262;19.0388;18.7176;18.4203;18.1716;17.7286;17.4417;17.1108;16.808;16.358;16.0964;15.7128;15.402;15.2706;14.912;14.6588;14.4232;14.1048;13.991;13.6882;13.4078;13.3225;12.8602;12.6875;12.3177;12.1665;11.7541;11.3405;11.1283;10.8322;10.5483;10.1052;9.85155;9.55501;9.09648;8.64005;8.28458;8.00005;7.72079;7.33085;6.90709;6.70263;6.28853;5.889;5.83857;5.56812;5.24255;4.86532;4.4234;4.03849;3.74567;3.3469;2.97285;2.61717;2.37309;2.21723;2.01888;1.83685;1.55457;1.30539;1.05686;1","14.9879;14.7997;14.6341;14.5411;14.2871;14.0549;13.8263;13.7169;13.6489;13.4295;13.2121;12.9927;12.7685;12.5617;12.4111;12.199;11.922;11.7993;11.497;11.2053;11.0111;10.7246;10.4214;10.1974;10.0938;10.069;9.89192;9.80774;9.55975;9.48115;9.34355;9.28076;9.16313;9.06799;9.01867;9.07818;9.13481;9.12488;9.19896;9.38822;9.4731;9.74143;9.91375;10.1684;10.4143;10.4815;10.7105;10.9679;11.2491;11.5361;11.8475;12.0266;12.2189;12.44;12.5898;12.7155;12.8367;13.0232;13.2624;13.4731;13.7644;14.102;14.3925;14.5458;14.8296;15",0.921552
"0.2;0.55;0.25"
23.9871,0.402562,3.09732,"20.8928;20.5962;20.2725;19.931;19.5324;19.3664;19.133;18.765;18.4373;18.3248;17.9339;17.5171;17.1556;16.9361;16.6843;16.3435;16.0015;15.7807;15.34;15.2452;14.8708;14.4946;14.1611;13.8746;13.5384;13.1439;12.7748;12.666;12.2594;12.1287;11.6862;11.3405;11.0509;10.6764;10.201;9.92752;9.54725;9.37179;8.99992;8.53335;8.09835;7.72079;7.33085;6.90709;6.70263;6.28853;5.889;5.57141;5.19669;4.95195;4.76236;4.5075;4.07055;3.70327;3.31196;3.00549;2.68541;2.36689;2.17769;2.02463;1.79833;1.6124;1.37326;1.25339;1.05686;1","14.8921;14.7591;14.5641;14.381;14.1258;14.1096;13.7644;13.5196;13.2373;13.1371;12.9067;12.7026;12.3642;12.106;11.9627;11.7198;11.4452;11.2736;11.0446;10.964;10.6979;10.4215;10.0517;9.90897;9.63974;9.43285;9.32741;9.2566;9.23702;9.20382;9.21152;9.28076;9.27415;9.29446;9.21003;9.44385;9.52875;9.55139;9.65196;9.74125;9.81824;9.91375;10.1684;10.4143;10.4815;10.7105;10.9679;11.1193;11.3164;11.4549;11.6026;11.7195;11.9459;12.1011;12.3359;12.5627;12.8179;13.0075;12.9757;13.0583;13.3496;13.7486;14.1192;14.4251;14.8296;15",0.63468
"0.2;0.6;0.2"
24.0461,0.51205,3.65913,"20.9033;20.585;20.1359;19.8532;19.4606;19.046;18.7884;18.3752;18.1716;17.7286;17.4417;17.1108;16.808;16.5002;16.1926;15.8684;15.6774;15.2753;14.9151;14.8782;14.6326;14.38;14.0197;13.8873;13.6079;13.4078;13.2426;12.9405;12.5303;12.1665;11.7541;11.3405;11.1945;10.7428;10.5404;10.1052;9.85155;9.56938;9.24054;8.99992;8.53335;8.09835;7.72079;7.34752;7.1307;6.90121;6.68443;6.42002;6.18116;5.91052;5.56812;5.24255;4.86532;4.4234;4.03849;3.74567;3.3469;2.99205;2.61717;2.26615;2.01888;1.83685;1.55457;1.30539;1.05686;1","14.9879;14.7997;14.6341;14.5411;14.3669;14.1237;13.9995;13.8665;13.6489;13.4295;13.2121;12.9927;12.7685;12.5474;12.236;11.8672;11.7638;11.5801;11.3643;11.1917;11.0194;10.8152;10.7997;10.5687;10.3559;10.0938;9.94836;9.73392;9.49879;9.48115;9.34355;9.28076;9.31742;9.19318;9.12338;9.07818;9.13481;9.35055;9.49456;9.65196;9.74125;9.81824;9.91375;10.2453;10.6905;10.8315;10.9166;10.9916;11.0925;11.2226;11.5361;11.8475;12.0266;12.2189;12.44;12.5898;12.7155;12.8515;13.0232;13.3529;13.7644;14.102;14.3925;14.5458;14.8296;15",0.556176
"0.2;0.65;0.15"
24.0597,0.428963,3.08037,"20.8928;20.9029;20.5542;20.116;19.8836;19.6309;19.2995;18.9691;18.6406;18.2544;17.8483;17.4462;17.2598;17.0748;16.9361;16.6843;16.3435;16.0096;15.7807;15.34;15.1203;14.8219;14.6189;14.2377;13.991;13.6882;13.4078;13.2426;12.9405;12.5303;12.1642;11.8246;11.6862;11.3405;11.0509;10.7428;10.5404;10.1052;9.85155;9.67503;9.35114;9.24054;8.85045;8.49209;8.09835;7.72079;7.33085;6.90709;6.70263;6.28853;5.889;5.57141;5.19669;4.98611;4.68692;4.4234;4.03849;3.74567;3.3469;2.97285;2.61717;2.37309;2.21723;2.01888;1.83685;1.55457;1.30539;1.05686;1","14.8921;14.742;14.4662;14.2408;14.0707;13.8557;13.6543;13.3492;13.0936;12.9056;12.8592;12.7224;12.7063;12.3346;12.106;11.9627;11.7198;11.3982;11.2736;11.0446;10.85;10.6922;10.5934;10.3811;10.4214;10.1974;10.0938;9.94836;9.73392;9.49879;9.37371;9.25315;9.21152;9.28076;9.27415;9.19318;9.12338;9.07818;9.13481;9.17051;9.44968;9.49456;9.52471;9.74019;9.81824;9.91375;10.1684;10.4143;10.4815;10.7105;10.9679;11.1193;11.3164;11.5536;11.9057;12.2189;12.44;12.5898;12.7155;12.8367;13.0232;13.2624;13.4731;13.7644;14.102;14.3925;14.5458;14.8296;15",0.315645
"0.2;0.7;0.1"
20.8975,0.309413,10.4487,"21.2434;20.8107;20.4057;20.0413;19.7937;19.3287;19.1166;18.7107;18.2818;18.0358;17.6408;17.397;17.0789;16.8856;16.5377;16.1309;15.8539;15.4594;15.1838;14.86;14.4858;14.1439;13.7057;13.5179;13.1905;12.732;12.4882;12.0827;11.8885;11.4954;11.0305;10.6028;10.2561;10.0734;9.67717;9.29487;8.94739;8.73161;8.28902;7.80089;7.33956;6.9597;6.58911;6.26652;5.81131;5.56156;5.23173;4.9221;4.5299;4.12896;3.80643;3.44099;3.04391;2.57196;2.19378;1.95434;1.4819;1","14.9924;15.1994;15.1406;15.1258;15.1572;15.1075;15.1267;15.1452;15.2442;15.3774;15.5239;15.5418;15.5802;15.587;15.6701;15.6879;15.7034;15.7818;15.7771;15.7981;15.852;15.946;16.1486;16.2093;16.2863;16.4152;16.4979;16.6787;16.8243;16.8689;16.9219;16.9583;16.9967;16.9841;16.9012;16.8014;16.5663;16.5142;16.4312;16.363;16.2879;16.2373;16.1498;16.0879;16.06;15.9847;15.9334;15.8521;15.8052;15.7974;15.7668;15.6497;15.4799;15.385;15.2201;15.1411;15.1307;15",0.653803
"0.2;0.75;0.05"
21.4411,0.121449,10.7205,"21.2434;20.8107;20.4057;20.0413;19.6268;19.2276;18.7814;18.6404;18.4677;18.0401;17.8381;17.5172;17.1791;16.8502;16.3978;16.0692;15.8134;15.4937;15.1379;14.8033;14.3947;14.3342;13.9325;13.5496;13.1546;12.7305;12.5292;12.3077;12.0528;11.7622;11.4097;11.1406;10.7565;10.3305;9.98082;9.61314;9.36737;8.97098;8.74179;8.55057;8.10806;7.84447;7.43246;7.11165;6.70542;6.2839;5.94496;5.55186;5.24529;4.8986;4.65741;4.35781;4.15966;3.80643;3.44099;3.04391;2.57196;2.19378;1.95434;1.4819;1","14.9924;15.1994;15.1406;15.1258;15.4009;15.5453;15.7211;15.7844;15.7859;15.9291;15.9747;16.0327;16.2445;16.3903;16.3678;16.5097;16.6334;16.6706;16.9132;17.0694;17.2389;17.2487;17.3446;17.2169;17.4372;17.444;17.459;17.5708;17.5502;17.5105;17.5118;17.6442;17.5995;17.6503;17.6387;17.5858;17.5407;17.4319;17.4021;17.3526;17.2877;17.2147;16.9998;16.7301;16.6428;16.616;16.4837;16.3567;16.3736;16.2247;16.1284;16.0293;15.9161;15.7668;15.6497;15.4799;15.385;15.2201;15.1411;15.1307;15",0.545082
"0.2;0.8;0"
23.6835,92.2129,3.06123,"21.1839;20.9537;20.5542;20.4098;20.1257;19.7439;19.4744;19.1331;18.7164;18.3925;17.9339;17.8483;17.5171;17.2598;17.0939;16.6111;16.2934;15.9118;15.5048;15.1635;14.7701;14.3911;14.0309;13.7673;13.5121;13.0913;12.7229;12.377;12.168;11.8284;11.3426;10.8905;10.5497;10.1358;9.67438;9.23205;8.77237;8.55557;8.2221;7.82715;7.44861;7.0463;6.95975;6.49864;6.16513;5.74601;5.55956;5.20076;4.86743;4.52076;4.03849;3.74567;3.3469;3.04346;2.68541;2.19578;1.79544;1.74116;1.6124;1.37326;1.25339;1.05686;1","14.925;14.54;14.4662;14.2926;14.0492;13.778;13.5617;13.2669;13.1391;13.0263;12.9067;12.8592;12.7026;12.7063;12.6359;12.5443;12.46;12.1774;11.992;11.8733;11.6743;11.4301;11.2447;11.0719;10.9172;10.7399;10.4108;10.1604;10.1267;10.0985;9.98294;9.93864;10.0179;10.0745;10.1658;10.372;10.5397;10.6658;10.8215;11.0078;11.1768;11.3668;11.4176;11.6016;11.7949;11.8622;11.8785;12.0996;12.2194;12.3115;12.44;12.5898;12.7155;12.76;12.8179;12.9;12.9362;13.4225;13.7486;14.1192;14.4251;14.8296;15",2.37042
"0.25;0;0.75"
23.6827,4.39564,2.98069,"20.8928;20.9029;20.5542;20.116;19.7484;19.3612;18.9866;18.765;18.4595;18.147;17.8653;17.6946;17.4469;17.0002;16.6843;16.2515;16.006;15.6185;15.2753;14.9151;14.6588;14.2192;14.1621;14.0197;13.7045;13.3842;13.0212;12.7483;12.2574;12.0626;11.5954;11.1993;11.159;10.6922;10.4998;10.0716;9.67438;9.23205;8.77237;8.55557;8.2221;7.82715;7.44861;7.0463;6.95975;6.49864;6.16513;5.74601;5.55956;5.20076;4.86743;4.52076;4.03849;3.74567;3.3469;3.04346;2.68541;2.19578;1.79544;1.74116;1.6124;1.37326;1.25339;1.05686;1","14.8921;14.742;14.4662;14.2408;13.99;13.7334;13.593;13.5196;13.2646;13.0147;12.7596;12.6531;12.413;12.1992;11.9627;11.7932;11.6638;11.6296;11.5801;11.3643;11.2053;11.1142;11.0602;10.7997;10.6523;10.4002;10.2093;10.0122;9.92332;9.94981;9.78768;9.8335;9.85138;9.78695;9.7317;9.93193;10.1658;10.372;10.5397;10.6658;10.8215;11.0078;11.1768;11.3668;11.4176;11.6016;11.7949;11.8622;11.8785;12.0996;12.2194;12.3115;12.44;12.5898;12.7155;12.76;12.8179;12.9;12.9362;13.4225;13.7486;14.1192;14.4251;14.8296;15",2.13974
"0.25;0.05;0.7"
23.5913,2.04471,3.40227,"20.9033;20.585;20.1359;19.8532;19.4262;19.0388;18.7176;18.4203;18.1716;17.7286;17.4417;17.1108;16.808;16.358;16.0964;15.7128;15.402;15.2706;14.8288;14.4414;14.2192;14.0127;13.7045;13.5265;13.2858;12.939;12.4673;12.0116;11.6094;11.1135;10.8368;10.4573;10.3134;9.91594;9.61412;9.20606;8.98567;8.77237;8.55557;8.2221;7.82715;7.44861;7.0463;6.95975;6.49864;6.16513;5.74601;5.55956;5.20076;4.86743;4.52076;4.03849;3.74567;3.3469;3.04346;2.68541;2.19578;1.79544;1.74116;1.6124;1.37326;1.25339;1.05686;1","14.9879;14.7997;14.6341;14.5411;14.2871;14.0549;13.8263;13.7169;13.6489;13.4295;13.2121;12.9927;12.7685;12.5617;12.4111;12.199;11.922;11.7993;11.5728;11.2814;11.1142;10.8792;10.6523;10.4749;10.2732;10.1407;10.0073;9.84202;9.67998;9.62746;9.64503;9.6697;9.71578;9.8266;10.01;10.221;10.3595;10.5397;10.6658;10.8215;11.0078;11.1768;11.3668;11.4176;11.6016;11.7949;11.8622;11.8785;12.0996;12.2194;12.3115;12.44;12.5898;12.7155;12.76;12.8179;12.9;12.9362;13.4225;13.7486;14.1192;14.4251;14.8296;15",2.24314
"0.25;0.1;0.65"
23.8547,1.66345,3.30385,"20.8928;20.5962;20.2725;19.931;19.5324;19.2172;19.133;18.765;18.4857;18.0794;17.8241;17.3777;16.9259;16.6111;16.3621;15.9571;15.7497;15.4306;15.2753;14.9151;14.6588;14.4232;14.1621;13.8486;13.4266;13.129;13.0212;12.5511;12.1521;12.0626;11.5954;11.2528;10.8368;10.5443;10.2037;9.98461;9.54725;9.32734;8.99992;8.53335;8.09835;7.71735;7.32036;6.90709;6.70263;6.28853;5.89151;5.58212;5.19669;4.98611;4.77704;4.5075;4.07055;3.70327;3.31196;3.00549;2.68541;2.19578;1.79544;1.74116;1.6124;1.37326;1.25339;1.05686;1","14.8921;14.7591;14.5641;14.381;14.1258;13.8279;13.7644;13.5196;13.4167;13.278;13.1678;13.0373;12.8248;12.5443;12.3519;12.0791;12.0021;11.7076;11.5801;11.3643;11.2053;11.0111;11.0602;10.8718;10.6802;10.4207;10.2093;10.0747;9.96186;9.94981;9.78768;9.60337;9.64503;9.62373;9.42527;9.46894;9.52875;9.57696;9.65196;9.74125;9.81824;10.0187;10.1862;10.4143;10.4815;10.7105;10.8568;11.0243;11.3164;11.5536;11.6142;11.7195;11.9459;12.1011;12.3359;12.5627;12.8179;12.9;12.9362;13.4225;13.7486;14.1192;14.4251;14.8296;15",2.02796
"0.25;0.15;0.6"
23.7507,1.22948,3.30281,"20.8928;20.5962;20.2725;19.931;19.5324;19.2172;19.133;18.765;18.4857;18.0794;17.8241;17.3777;16.9259;16.6111;16.3621;15.9571;15.6774;15.2753;14.9151;14.6588;14.4232;14.1048;13.7238;13.6079;13.3539;13.1123;12.7123;12.3177;12.1665;11.6982;11.2528;10.8368;10.4573;10.3134;9.91594;9.60626;9.4445;9.1277;8.92391;8.56905;8.17952;7.794;7.44627;7.14578;6.84663;6.49159;6.24707;5.84136;5.48329;5.0411;4.77326;4.4234;4.03849;3.74567;3.3469;3.04346;2.68541;2.19578;1.79544;1.74116;1.6124;1.37326;1.25339;1.05686;1","14.8921;14.7591;14.5641;14.381;14.1258;13.8279;13.7644;13.5196;13.4167;13.278;13.1678;13.0373;12.8248;12.5443;12.3519;12.0791;11.7638;11.5801;11.3643;11.2053;11.0111;10.7246;10.4641;10.3559;10.1955;10.0132;9.73429;9.55975;9.48115;9.48382;9.60337;9.64503;9.6697;9.71578;9.8266;9.93576;9.98739;10.1231;10.2375;10.3551;10.5032;10.7273;10.9164;11.1005;11.1833;11.5254;11.4837;11.7104;11.8274;11.9266;12.0673;12.2189;12.44;12.5898;12.7155;12.76;12.8179;12.9;12.9362;13.4225;13.7486;14.1192;14.4251;14.8296;15",1.85839
"0.25;0.2;0.55"
24.0671,0.830216,3.40788,"20.9033;20.585;20.1359;19.6661;19.4606;19.046;18.7884;18.4203;18.1716;17.7286;17.4417;17.1108;16.808;16.5002;16.1926;15.9571;15.6774;15.2753;14.9551;14.8782;14.6326;14.38;14.1048;13.9191;13.6079;13.4078;13.1445;12.7123;12.2726;11.7894;11.6109;11.2528;10.8425;10.5443;10.1956;9.78569;9.32734;8.99992;8.53335;8.09835;7.72079;7.33085;6.90709;6.70263;6.28853;5.889;5.57141;5.19669;4.95195;4.76236;4.5075;4.07055;3.70327;3.31196;3.00549;2.68541;2.19578;1.79544;1.74116;1.6124;1.37326;1.25339;1.05686;1","14.9879;14.7997;14.6341;14.4747;14.3669;14.1237;13.9995;13.7169;13.6489;13.4295;13.2121;12.9927;12.7685;12.5474;12.236;12.0791;11.7638;11.5801;11.5705;11.1917;11.0194;10.8152;10.7246;10.5341;10.3559;10.0938;9.95926;9.73429;9.53109;9.5974;9.62179;9.60337;9.60994;9.62373;9.59808;9.58162;9.57696;9.65196;9.74125;9.81824;9.91375;10.1684;10.4143;10.4815;10.7105;10.9679;11.1193;11.3164;11.4549;11.6026;11.7195;11.9459;12.1011;12.3359;12.5627;12.8179;12.9;12.9362;13.4225;13.7486;14.1192;14.4251;14.8296;15",1.7283
"0.25;0.25;0.5"
24.0414,0.981331,3.41209,"20.9033;20.585;20.1359;19.8532;19.4606;19.046;18.7884;18.3752;18.1716;17.7286;17.4417;17.1108;16.808;16.5689;16.3066;16.1031;15.9222;15.667;15.34;15.1203;14.8219;14.6189;14.2377;14.0058;13.6882;13.4078;13.203;12.7549;12.2726;11.7848;11.6109;11.1135;10.8368;10.4573;10.3134;9.91594;9.69745;9.20606;8.946;8.50225;8.17712;7.70267;7.29187;7.06974;6.70263;6.28853;5.889;5.57141;5.19669;4.95195;4.76236;4.5075;4.07055;3.66286;3.35763;2.98358;2.67599;2.36959;2.01631;1.79544;1.74116;1.6124;1.37326;1.25339;1.05686;1","14.9879;14.7997;14.6341;14.5411;14.3669;14.1237;13.9995;13.8665;13.6489;13.4295;13.2121;12.9927;12.7685;12.4122;12.0937;11.851;11.7111;11.3705;11.0446;10.85;10.6922;10.5934;10.3811;10.2435;10.1974;10.0938;9.75585;9.61047;9.53109;9.60863;9.62179;9.62746;9.64503;9.6697;9.71578;9.8266;9.76836;9.78962;9.86618;10.0299;10.2515;10.3333;10.3974;10.4341;10.4815;10.7105;10.9679;11.1193;11.3164;11.4549;11.6026;11.7195;11.9459;12.0173;12.1399;12.333;12.5135;12.7722;12.9438;12.9362;13.4225;13.7486;14.1192;14.4251;14.8296;15",1.55736
"0.25;0.3;0.45"
23.729,0.868541,3.43613,"20.9033;20.585;20.1359;19.8532;19.4262;19.0388;18.7176;18.4203;18.1716;17.7286;17.4417;17.1108;16.808;16.358;16.0964;15.7128;15.402;15.2706;14.912;14.6588;14.4232;14.0197;13.7045;13.3842;13.2435;12.99;12.6236;12.2726;11.7894;11.6109;11.1135;10.6387;10.2037;9.98461;9.54725;9.37179;8.99992;8.53335;8.09835;7.98723;7.71735;7.32036;6.90709;6.70263;6.28853;5.889;5.57141;5.19669;4.95195;4.76236;4.5075;4.07055;3.66286;3.35763;2.98358;2.67599;2.36959;2.01631;1.79833;1.6124;1.37326;1.25339;1.05686;1","14.9879;14.7997;14.6341;14.5411;14.2871;14.0549;13.8263;13.7169;13.6489;13.4295;13.2121;12.9927;12.7685;12.5617;12.4111;12.199;11.922;11.7993;11.497;11.2053;11.0111;10.7997;10.6523;10.4002;10.3028;10.0693;9.79545;9.53109;9.5974;9.62179;9.62746;9.51852;9.42527;9.46894;9.52875;9.55139;9.65196;9.74125;9.81824;9.88093;10.0187;10.1862;10.4143;10.4815;10.7105;10.9679;11.1193;11.3164;11.4549;11.6026;11.7195;11.9459;12.0173;12.1399;12.333;12.5135;12.7722;12.9438;13.3496;13.7486;14.1192;14.4251;14.8296;15",1.39394
"0.25;0.35;0.4"
23.7284,0.762732,3.43612,"20.9033;20.585;20.1359;19.8532;19.4262;19.0388;18.7176;18.4203;18.1716;17.7286;17.4417;17.1108;16.808;16.358;16.0964;15.7128;15.5048;15.2706;14.9551;14.86;14.6588;14.4232;14.1048;13.9191;13.6079;13.3539;13.1123;12.6875;12.2726;12.1665;11.6982;11.5459;11.0573;10.6387;10.1956;9.78569;9.34595;8.946;8.50225;8.17712;7.70267;7.29187;7.06974;6.70263;6.28853;5.889;5.57141;5.19669;4.95195;4.76236;4.5075;4.07055;3.66286;3.35763;2.98358;2.67599;2.36959;2.01631;1.79833;1.6124;1.37326;1.25339;1.05686;1","14.9879;14.7997;14.6341;14.5411;14.2871;14.0549;13.8263;13.7169;13.6489;13.4295;13.2121;12.9927;12.7685;12.5617;12.4111;12.199;11.992;11.7993;11.5705;11.3329;11.2053;11.0111;10.7246;10.5341;10.3559;10.1955;10.0132;9.80774;9.53109;9.48115;9.48382;9.46598;9.45511;9.51852;9.59808;9.58162;9.72479;9.86618;10.0299;10.2515;10.3333;10.3974;10.4341;10.4815;10.7105;10.9679;11.1193;11.3164;11.4549;11.6026;11.7195;11.9459;12.0173;12.1399;12.333;12.5135;12.7722;12.9438;13.3496;13.7486;14.1192;14.4251;14.8296;15",1.21969
"0.25;0.4;0.35"
23.7483,0.584118,3.63524,"20.9033;20.585;20.1359;19.8532;19.4262;19.0388;18.7176;18.4203;18.1716;17.7286;17.4417;17.1108;16.808;16.358;16.0964;15.7128;15.402;15.2706;14.912;14.6588;14.4232;14.1048;13.7238;13.6079;13.3225;13.1445;12.7123;12.5303;12.1642;11.7342;11.3405;11.1283;10.8322;10.5404;10.201;9.92752;9.75152;9.34595;9.20606;8.76023;8.50225;8.17712;7.70267;7.25357;6.88388;6.68443;6.23745;5.91052;5.56812;5.24255;4.86532;4.4234;4.03849;3.74567;3.3469;2.97285;2.61717;2.37309;2.21723;2.01888;1.83685;1.55457;1.30539;1.05686;1","14.9879;14.7997;14.6341;14.5411;14.2871;14.0549;13.8263;13.7169;13.6489;13.4295;13.2121;12.9927;12.7685;12.5617;12.4111;12.199;11.922;11.7993;11.497;11.2053;11.0111;10.7246;10.4641;10.3559;10.069;9.95926;9.73429;9.49879;9.37371;9.29644;9.28076;9.16313;9.06799;9.12338;9.21003;9.44385;9.5442;9.72479;9.78962;9.86288;10.0299;10.2515;10.3333;10.5433;10.7619;10.9166;11.0981;11.2226;11.5361;11.8475;12.0266;12.2189;12.44;12.5898;12.7155;12.8367;13.0232;13.2624;13.4731;13.7644;14.102;14.3925;14.5458;14.8296;15",1.10518
"0.25;0.45;0.3"
23.8825,0.587951,3.5171,"20.9033;20.585;20.1359;19.8532;19.4262;19.0388;18.7176;18.4203;18.1716;17.7286;17.4417;17.1108;16.808;16.358;16.0964;15.7128;15.402;15.1635;14.912;14.6588;14.4232;14.1048;13.991;13.6882;13.3005;12.9405;12.5303;12.1642;11.7541;11.3405;11.1945;10.7842;10.4924;10.2037;9.78569;9.34595;9.20606;8.946;8.50225;8.00887;7.76436;7.34752;7.10618;6.70263;6.28853;5.889;5.57141;5.19669;4.95195;4.76236;4.5075;4.07055;3.70327;3.31196;3.00549;2.68541;2.36689;2.17769;2.02463;1.79833;1.6124;1.37326;1.25339;1.05686;1","14.9879;14.7997;14.6341;14.5411;14.2871;14.0549;13.8263;13.7169;13.6489;13.4295;13.2121;12.9927;12.7685;12.5617;12.4111;12.199;11.922;11.8733;11.497;11.2053;11.0111;10.7246;10.4214;10.1974;9.92428;9.73392;9.49879;9.37371;9.34355;9.28076;9.31742;9.34795;9.38891;9.42527;9.58162;9.72479;9.78962;9.86618;10.0299;9.99988;10.0582;10.2453;10.3399;10.4815;10.7105;10.9679;11.1193;11.3164;11.4549;11.6026;11.7195;11.9459;12.1011;12.3359;12.5627;12.8179;13.0075;12.9757;13.0583;13.3496;13.7486;14.1192;14.4251;14.8296;15",0.891452
"0.25;0.5;0.25"
24.1439,0.509593,3.66011,"20.9033;20.585;20.1359;19.8532;19.4606;19.046;18.7884;18.3752;18.1716;17.7286;17.4417;17.1108;16.808;16.5002;16.1926;15.8684;15.6774;15.2753;14.8288;14.4414;14.2192;14.1048;13.991;13.6882;13.3005;12.9405;12.5303;12.1642;11.7541;11.3405;11.1945;10.7428;10.5404;10.201;9.85155;9.67503;9.35114;9.24054;8.99992;8.53335;8.09835;7.72079;7.34752;7.1307;6.90121;6.68443;6.23745;5.91052;5.56812;5.24255;4.86532;4.4234;4.03849;3.74567;3.3469;2.99205;2.61717;2.26615;2.01888;1.83685;1.55457;1.30539;1.05686;1","14.9879;14.7997;14.6341;14.5411;14.3669;14.1237;13.9995;13.8665;13.6489;13.4295;13.2121;12.9927;12.7685;12.5474;12.236;11.8672;11.7638;11.5801;11.5728;11.2814;11.1142;10.7246;10.4214;10.1974;9.92428;9.73392;9.49879;9.37371;9.34355;9.28076;9.31742;9.19318;9.12338;9.21003;9.13481;9.17051;9.44968;9.49456;9.65196;9.74125;9.81824;9.91375;10.2453;10.6905;10.8315;10.9166;11.0981;11.2226;11.5361;11.8475;12.0266;12.2189;12.44;12.5898;12.7155;12.8515;13.0232;13.3529;13.7644;14.102;14.3925;14.5458;14.8296;15",0.741764
"0.25;0.55;0.2"
23.9508,0.4617,3.22031,"20.8928;20.9029;20.5542;20.116;19.7484;19.4969;19.2151;18.765;18.4595;18.147;17.8483;17.5171;17.1556;16.9361;16.6843;16.3435;16.0096;15.7807;15.34;15.2452;14.8708;14.6189;14.2355;13.991;13.6882;13.3005;12.9405;12.5303;12.1287;11.6862;11.3405;11.0509;10.7428;10.5404;10.1052;9.67503;9.37179;8.99992;8.76023;8.50225;8.17712;7.70267;7.25357;6.88388;6.68443;6.42002;6.18116;5.83092;5.56812;5.24255;4.86532;4.4234;4.03849;3.74567;3.3469;2.97285;2.61717;2.37309;2.21723;2.01888;1.83685;1.55457;1.30539;1.05686;1","14.8921;14.742;14.4662;14.2408;13.99;13.8513;13.7333;13.5196;13.2646;13.0147;12.8592;12.7026;12.3642;12.106;11.9627;11.7198;11.3982;11.2736;11.0446;10.964;10.6979;10.5934;10.3489;10.4214;10.1974;9.92428;9.73392;9.49879;9.20382;9.21152;9.28076;9.27415;9.19318;9.12338;9.07818;9.17051;9.55139;9.65196;9.86288;10.0299;10.2515;10.3333;10.5433;10.7619;10.9166;10.9916;11.0925;11.3556;11.5361;11.8475;12.0266;12.2189;12.44;12.5898;12.7155;12.8367;13.0232;13.2624;13.4731;13.7644;14.102;14.3925;14.5458;14.8296;15",0.494457
"0.25;0.6;0.15"
20.4225,0.504231,10.2113,"20.8772;20.8107;20.4057;20.0413;19.7937;19.3287;19.1166;18.7107;18.2818;18.1179;17.6626;17.397;17.0789;16.6307;16.3073;15.9702;15.5697;15.4594;15.3166;14.86;14.4858;14.1439;13.7057;13.5179;13.1905;12.732;12.4882;12.0827;11.6143;11.3494;10.893;10.7551;10.2715;9.80564;9.46331;9.25016;8.88695;8.5278;8.06927;7.80089;7.33956;6.9597;6.58911;6.26652;5.81131;5.56156;5.25192;4.9221;4.5299;4.12896;3.80643;3.44099;3.04391;2.57196;2.19378;1.95434;1.4819;1","15.11;15.1994;15.1406;15.1258;15.1572;15.1075;15.1267;15.1452;15.2442;15.3702;15.5251;15.5418;15.5802;15.6587;15.8059;15.8029;15.7844;15.7818;15.742;15.7981;15.852;15.946;16.1486;16.2093;16.2863;16.4152;16.4979;16.6787;16.5942;16.5474;16.5197;16.5108;16.4647;16.4156;16.4374;16.4511;16.4788;16.4175;16.3874;16.363;16.2879;16.2373;16.1498;16.0879;16.06;15.9847;15.9123;15.8521;15.8052;15.7974;15.7668;15.6497;15.4799;15.385;15.2201;15.1411;15.1307;15",1.02937
"0.25;0.65;0.1"
20.9176,0.31012,10.4588,"21.2434;20.8107;20.4057;20.0413;19.7937;19.3287;18.964;18.4711;18.088;17.7146;17.2627;16.8394;16.5771;16.1992;15.7413;15.4594;15.1838;14.86;14.4858;14.1439;13.7057;13.5179;13.1905;12.732;12.4882;12.0827;11.8885;11.4954;11.0305;10.6028;10.2561;10.0734;9.67717;9.29487;8.94739;8.73161;8.28902;7.80089;7.33956;6.9597;6.58911;6.26652;5.81131;5.56156;5.23173;4.9221;4.5299;4.12896;3.80643;3.44099;3.04391;2.57196;2.19378;1.95434;1.4819;1","14.9924;15.1994;15.1406;15.1258;15.1572;15.1075;15.1773;15.1034;15.1176;15.248;15.2839;15.3572;15.4331;15.5533;15.6372;15.7818;15.7771;15.7981;15.852;15.946;16.1486;16.2093;16.2863;16.4152;16.4979;16.6787;16.8243;16.8689;16.9219;16.9583;16.9967;16.9841;16.9012;16.8014;16.5663;16.5142;16.4312;16.363;16.2879;16.2373;16.1498;16.0879;16.06;15.9847;15.9334;15.8521;15.8052;15.7974;15.7668;15.6497;15.4799;15.385;15.2201;15.1411;15.1307;15",0.812217
"0.25;0.7;0.05"
21.2011,0.154121,10.6006,"21.2434;20.8892;20.6172;20.1862;20.0873;19.692;19.3236;19.201;18.82;18.6866;18.3253;17.9254;17.6964;17.251;16.7945;16.4033;16.0692;15.8134;15.5611;15.2348;14.7555;14.3021;14.2144;13.7161;13.3712;12.9912;12.5334;12.2854;11.8185;11.5474;11.1013;10.6935;10.3217;9.8626;9.8289;9.39565;8.97098;8.74179;8.55057;8.10806;7.84447;7.43246;7.11165;6.70542;6.2839;5.94496;5.55186;5.24529;4.8986;4.65741;4.35781;4.15966;3.80643;3.44099;3.04391;2.57196;2.19378;1.95434;1.4819;1","14.9924;15.1537;15.332;15.5614;15.6192;15.7634;15.8958;15.9129;15.9985;16.0316;16.1383;16.2285;16.3194;16.3697;16.5249;16.4398;16.5097;16.6334;16.6606;16.6305;16.6304;16.6558;16.6641;16.7041;16.8044;16.9099;17.0274;17.1861;17.3054;17.3024;17.2724;17.3235;17.3341;17.4623;17.4728;17.4396;17.4319;17.4021;17.3526;17.2877;17.2147;16.9998;16.7301;16.6428;16.616;16.4837;16.3567;16.3736;16.2247;16.1284;16.0293;15.9161;15.7668;15.6497;15.4799;15.385;15.2201;15.1411;15.1307;15",0.741342
"0.25;0.75;0"
23.312,92.2131,3.21287,"20.8928;20.5962;20.3293;20.1158;19.7484;19.4969;19.2151;18.765;18.4595;18.0794;17.8241;17.5038;17.202;16.9104;16.5002;16.1131;15.9118;15.5048;15.1635;14.7701;14.3911;14.0309;13.7673;13.5121;13.0913;12.7229;12.377;12.168;11.8284;11.3426;10.8905;10.5497;10.1358;9.67438;9.23205;8.77237;8.55557;8.2221;7.82715;7.44861;7.0463;6.95975;6.49864;6.16513;5.74601;5.55956;5.20076;4.86743;4.52076;4.03849;3.74567;3.3469;3.04346;2.68541;2.19578;1.79544;1.74116;1.6124;1.37326;1.25339;1.05686;1","14.8921;14.7591;14.5682;14.3278;13.99;13.8513;13.7333;13.5196;13.2646;13.278;13.1678;12.9542;12.8833;12.8016;12.5474;12.3263;12.1774;11.992;11.8733;11.6743;11.4301;11.2447;11.0719;10.9172;10.7399;10.4108;10.1604;10.1267;10.0985;9.98294;9.93864;10.0179;10.0745;10.1658;10.372;10.5397;10.6658;10.8215;11.0078;11.1768;11.3668;11.4176;11.6016;11.7949;11.8622;11.8785;12.0996;12.2194;12.3115;12.44;12.5898;12.7155;12.76;12.8179;12.9;12.9362;13.4225;13.7486;14.1192;14.4251;14.8296;15",2.30226
"0.3;0;0.7"
23.6098,5.97639,3.40246,"20.9033;20.585;20.1359;19.8532;19.4262;19.0388;18.7176;18.4203;18.1716;17.7286;17.4417;17.1108;16.808;16.358;16.0964;15.7128;15.402;15.1635;14.9423;14.6588;14.4232;14.0197;13.7045;13.3842;13.0212;12.5511;12.1521;12.0626;11.5954;11.1993;11.159;10.6922;10.3002;10.0531;9.67438;9.23205;8.77237;8.55557;8.34502;8.02362;7.70661;7.47863;7.08744;6.67624;6.20428;5.76005;5.26494;4.86532;4.4234;4.03849;3.74567;3.3469;3.04346;2.68541;2.19578;1.79544;1.74116;1.6124;1.37326;1.25339;1.05686;1","14.9879;14.7997;14.6341;14.5411;14.2871;14.0549;13.8263;13.7169;13.6489;13.4295;13.2121;12.9927;12.7685;12.5617;12.4111;12.199;11.922;11.8733;11.516;11.2053;11.0111;10.7997;10.6523;10.4002;10.2093;10.0747;9.96186;9.94981;9.78768;9.8335;9.85138;9.78695;9.96381;10.0328;10.1658;10.372;10.5397;10.6658;10.8463;11.0277;11.214;11.3406;11.6138;11.8632;11.9133;11.9434;11.9374;12.0266;12.2189;12.44;12.5898;12.7155;12.76;12.8179;12.9;12.9362;13.4225;13.7486;14.1192;14.4251;14.8296;15",2.24326
"0.3;0.05;0.65"
23.6821,3.26831,3.37618,"20.8928;20.5962;20.2725;19.931;19.5324;19.1061;18.7176;18.4203;18.1716;17.7286;17.4417;17.1108;16.808;16.358;16.0964;15.7128;15.402;15.1635;14.9551;14.7233;14.4414;14.1621;14.0127;13.7702;13.5265;13.2435;13.0212;12.5511;12.1521;12.0626;11.5954;11.2528;10.8368;10.4573;10.0733;9.78061;9.62233;9.23205;8.77237;8.55557;8.34502;8.02362;7.70661;7.47863;7.08744;6.67624;6.20428;5.76005;5.26494;4.86532;4.4234;4.03849;3.74567;3.3469;3.04346;2.68541;2.19578;1.79544;1.74116;1.6124;1.37326;1.25339;1.05686;1","14.8921;14.7591;14.5641;14.381;14.1258;13.9998;13.8263;13.7169;13.6489;13.4295;13.2121;12.9927;12.7685;12.5617;12.4111;12.199;11.922;11.8733;11.5705;11.4485;11.2814;11.0602;10.8792;10.8026;10.4749;10.3028;10.2093;10.0747;9.96186;9.94981;9.78768;9.60337;9.64503;9.6697;9.90442;10.0409;10.1243;10.372;10.5397;10.6658;10.8463;11.0277;11.214;11.3406;11.6138;11.8632;11.9133;11.9434;11.9374;12.0266;12.2189;12.44;12.5898;12.7155;12.76;12.8179;12.9;12.9362;13.4225;13.7486;14.1192;14.4251;14.8296;15",2.07136
"0.3;0.1;0.6"
23.7464,2.04352,3.40976,"20.9033;20.585;20.1359;19.8532;19.4606;19.046;18.632;18.3752;18.1716;17.7286;17.4417;17.1108;16.808;16.358;16.0964;15.7128;15.402;15.2706;14.9551;14.6588;14.4232;14.0127;13.7045;13.5265;13.2435;13.0212;12.939;12.4673;12.0116;11.6109;11.1135;10.8368;10.5443;10.3134;9.91594;9.61412;9.20606;8.98567;8.77237;8.55557;8.34502;8.02362;7.70661;7.47863;7.08744;6.67624;6.20428;5.76005;5.26494;4.86532;4.4234;4.03849;3.74567;3.3469;3.04346;2.68541;2.19578;1.79544;1.74116;1.6124;1.37326;1.25339;1.05686;1","14.9879;14.7997;14.6341;14.5411;14.3669;14.1237;13.9989;13.8665;13.6489;13.4295;13.2121;12.9927;12.7685;12.5617;12.4111;12.199;11.922;11.7993;11.5705;11.2053;11.0111;10.8792;10.6523;10.4749;10.3028;10.2093;10.1407;10.0073;9.84202;9.62179;9.62746;9.64503;9.62373;9.71578;9.8266;10.01;10.221;10.3595;10.5397;10.6658;10.8463;11.0277;11.214;11.3406;11.6138;11.8632;11.9133;11.9434;11.9374;12.0266;12.2189;12.44;12.5898;12.7155;12.76;12.8179;12.9;12.9362;13.4225;13.7486;14.1192;14.4251;14.8296;15",1.90216
"0.3;0.15;0.55"
23.7723,1.80587,3.37709,"20.8928;20.5962;20.2725;19.931;19.5324;19.1061;18.7176;18.4203;18.1716;17.7286;17.4417;17.1108;16.808;16.5002;16.1926;15.8684;15.6774;15.2753;14.9151;14.6588;14.4232;14.1048;13.7238;13.6079;13.3539;13.1123;12.6875;12.306;12.0116;11.6109;11.5591;11.2528;10.8368;10.4573;10.3134;9.91594;9.61412;9.20606;8.98567;8.77237;8.55557;8.34502;8.02362;7.70661;7.47863;7.08744;6.67624;6.20428;5.76005;5.26494;4.86532;4.4234;4.03849;3.74567;3.3469;3.04346;2.68541;2.19578;1.79544;1.74116;1.6124;1.37326;1.25339;1.05686;1","14.8921;14.7591;14.5641;14.381;14.1258;13.9998;13.8263;13.7169;13.6489;13.4295;13.2121;12.9927;12.7685;12.5474;12.236;11.8672;11.7638;11.5801;11.3643;11.2053;11.0111;10.7246;10.4641;10.3559;10.1955;10.0132;9.80774;9.75559;9.84202;9.62179;9.58968;9.60337;9.64503;9.6697;9.71578;9.8266;10.01;10.221;10.3595;10.5397;10.6658;10.8463;11.0277;11.214;11.3406;11.6138;11.8632;11.9133;11.9434;11.9374;12.0266;12.2189;12.44;12.5898;12.7155;12.76;12.8179;12.9;12.9362;13.4225;13.7486;14.1192;14.4251;14.8296;15",1.72658
"0.3;0.2;0.5"
23.652,1.10114,3.4401,"20.9033;20.585;20.1359;19.8532;19.4262;19.1061;18.7176;18.4203;18.1716;17.7286;17.4417;17.1108;16.808;16.5002;16.1926;15.8684;15.6774;15.2753;14.9151;14.6588;14.4232;14.1048;13.8873;13.4907;13.2858;12.99;12.6236;12.306;11.8743;11.6094;11.2528;10.8368;10.5443;10.1956;9.78569;9.34595;8.946;8.50225;8.17712;7.70267;7.29187;7.06974;6.70263;6.28853;5.889;5.57141;5.19669;4.95195;4.76236;4.5075;4.07055;3.66286;3.35763;2.98358;2.67599;2.36959;2.01631;1.79833;1.6124;1.37326;1.25339;1.05686;1","14.9879;14.7997;14.6341;14.5411;14.2871;13.9998;13.8263;13.7169;13.6489;13.4295;13.2121;12.9927;12.7685;12.5474;12.236;11.8672;11.7638;11.5801;11.3643;11.2053;11.0111;10.7246;10.5687;10.3967;10.2732;10.0693;9.79545;9.75559;9.82509;9.67998;9.60337;9.64503;9.62373;9.59808;9.58162;9.72479;9.86618;10.0299;10.2515;10.3333;10.3974;10.4341;10.4815;10.7105;10.9679;11.1193;11.3164;11.4549;11.6026;11.7195;11.9459;12.0173;12.1399;12.333;12.5135;12.7722;12.9438;13.3496;13.7486;14.1192;14.4251;14.8296;15",1.56997
"0.3;0.25;0.45"
23.7323,1.19992,3.43616,"20.9033;20.585;20.1359;19.8532;19.4262;19.0388;18.7176;18.4203;18.1716;17.7286;17.4417;17.1108;16.808;16.5002;16.1926;15.8684;15.6774;15.2753;14.9151;14.6588;14.4232;14.1621;13.7702;13.4266;13.129;12.939;12.4673;12.0116;11.6109;11.2013;10.752;10.4924;10.2037;9.92752;9.54725;9.37179;8.99992;8.53335;8.09835;7.72079;7.33085;6.90709;6.70263;6.28853;5.889;5.57141;5.19669;4.95195;4.76236;4.5075;4.07055;3.66286;3.35763;2.98358;2.67599;2.36959;2.01631;1.79833;1.6124;1.37326;1.25339;1.05686;1","14.9879;14.7997;14.6341;14.5411;14.2871;14.0549;13.8263;13.7169;13.6489;13.4295;13.2121;12.9927;12.7685;12.5474;12.236;11.8672;11.7638;11.5801;11.3643;11.2053;11.0111;11.0602;10.8026;10.6802;10.4207;10.1407;10.0073;9.84202;9.62179;9.48778;9.47437;9.38891;9.42527;9.44385;9.52875;9.55139;9.65196;9.74125;9.81824;9.91375;10.1684;10.4143;10.4815;10.7105;10.9679;11.1193;11.3164;11.4549;11.6026;11.7195;11.9459;12.0173;12.1399;12.333;12.5135;12.7722;12.9438;13.3496;13.7486;14.1192;14.4251;14.8296;15",1.39395
"0.3;0.3;0.4"
23.9611,0.718561,3.43845,"20.9033;20.585;20.1359;19.8532;19.4262;19.0388;18.7176;18.4203;18.1716;17.7286;17.4417;17.1108;16.808;16.5002;16.1926;15.8684;15.6774;15.2753;14.9551;14.6588;14.6326;14.38;14.1048;13.9191;13.6079;13.4078;13.2426;12.9405;12.7549;12.2726;12.1665;11.6982;11.5459;11.0573;10.6387;10.1956;9.78569;9.34595;9.20606;8.76023;8.50225;8.17712;7.70267;7.29187;7.06974;6.70263;6.28853;5.889;5.57141;5.19669;4.95195;4.77704;4.36728;4.07055;3.70327;3.31196;3.00549;2.68541;2.36959;2.01631;1.79833;1.6124;1.37326;1.25339;1.05686;1","14.9879;14.7997;14.6341;14.5411;14.2871;14.0549;13.8263;13.7169;13.6489;13.4295;13.2121;12.9927;12.7685;12.5474;12.236;11.8672;11.7638;11.5801;11.5705;11.2053;11.0194;10.8152;10.7246;10.5341;10.3559;10.0938;9.94836;9.73392;9.61047;9.53109;9.48115;9.48382;9.46598;9.45511;9.51852;9.59808;9.58162;9.72479;9.78962;9.86288;10.0299;10.2515;10.3333;10.3974;10.4341;10.4815;10.7105;10.9679;11.1193;11.3164;11.4549;11.6142;11.793;11.9459;12.1011;12.3359;12.5627;12.8179;12.7722;12.9438;13.3496;13.7486;14.1192;14.4251;14.8296;15",1.22051
"0.3;0.35;0.35"
23.6199,0.743631,3.48748,"20.8928;20.5962;20.2725;19.931;19.5324;19.1061;18.7176;18.4203;18.1716;17.7286;17.4417;17.1108;16.808;16.358;16.0964;15.7128;15.5048;15.2706;14.912;14.6588;14.4232;14.1048;13.8873;13.6079;13.3539;13.1123;12.7123;12.2726;12.1665;11.6982;11.5459;11.0573;10.6387;10.1956;9.78569;9.34595;8.946;8.50225;8.00887;7.76436;7.34752;7.10618;6.70263;6.28853;5.889;5.57141;5.19669;4.95195;4.76236;4.5075;4.07055;3.70327;3.31196;3.00549;2.68541;2.36689;2.17769;2.02463;1.79833;1.6124;1.37326;1.25339;1.05686;1","14.8921;14.7591;14.5641;14.381;14.1258;13.9998;13.8263;13.7169;13.6489;13.4295;13.2121;12.9927;12.7685;12.5617;12.4111;12.199;11.992;11.7993;11.497;11.2053;11.0111;10.7246;10.5687;10.3559;10.1955;10.0132;9.73429;9.53109;9.48115;9.48382;9.46598;9.45511;9.51852;9.59808;9.58162;9.72479;9.86618;10.0299;9.99988;10.0582;10.2453;10.3399;10.4815;10.7105;10.9679;11.1193;11.3164;11.4549;11.6026;11.7195;11.9459;12.1011;12.3359;12.5627;12.8179;13.0075;12.9757;13.0583;13.3496;13.7486;14.1192;14.4251;14.8296;15",1.06907
"0.3;0.4;0.3"
23.6897,0.792675,3.52049,"20.9033;20.585;20.1359;19.8532;19.4606;19.046;18.7884;18.3752;18.1716;17.7286;17.4417;17.1108;16.808;16.358;16.0964;15.7128;15.402;15.2706;14.912;14.6588;14.4232;14.1048;13.8873;13.7238;13.3591;12.99;12.6236;12.2726;12.1665;11.6982;11.5459;11.0573;10.6387;10.1956;9.78569;9.34595;8.946;8.50225;8.17712;7.70267;7.29187;7.06974;6.70263;6.28853;5.89151;5.57141;5.19669;4.95195;4.76236;4.5075;4.07055;3.70327;3.31196;3.00549;2.68541;2.36689;2.17769;2.02463;1.79833;1.6124;1.37326;1.25339;1.05686;1","14.9879;14.7997;14.6341;14.5411;14.3669;14.1237;13.9995;13.8665;13.6489;13.4295;13.2121;12.9927;12.7685;12.5617;12.4111;12.199;11.922;11.7993;11.497;11.2053;11.0111;10.7246;10.5687;10.4641;10.2651;10.0693;9.79545;9.53109;9.48115;9.48382;9.46598;9.45511;9.51852;9.59808;9.58162;9.72479;9.86618;10.0299;10.2515;10.3333;10.3974;10.4341;10.4815;10.7105;10.8568;11.1193;11.3164;11.4549;11.6026;11.7195;11.9459;12.1011;12.3359;12.5627;12.8179;13.0075;12.9757;13.0583;13.3496;13.7486;14.1192;14.4251;14.8296;15",0.892299
"0.3;0.45;0.25"
24.0357,0.570564,3.20289,"21.1839;20.9537;20.8019;20.421;20.1366;19.7439;19.2995;19.0286;18.6406;18.2544;17.8483;17.6245;17.4469;17.3021;16.9361;16.601;16.3435;16.0096;15.7128;15.44;15.0917;14.8708;14.6189;14.2377;14.0058;13.6882;13.3005;12.9405;12.7652;12.5303;12.1642;11.7541;11.3405;11.1945;10.7842;10.4924;10.2037;9.92752;9.54725;9.20606;8.946;8.50225;8.22762;8.08184;7.794;7.44627;7.14578;6.89286;6.65272;6.24707;5.84136;5.48329;5.0411;4.77326;4.4234;4.03849;3.74567;3.3469;2.97285;2.61717;2.37309;2.21723;2.01888;1.83685;1.55457;1.30539;1.05686;1","14.925;14.54;14.4433;14.1962;14.0296;13.778;13.6543;13.3529;13.0936;12.9056;12.8592;12.7124;12.413;12.2165;12.106;11.9247;11.7198;11.3982;11.1253;10.9134;10.7833;10.6979;10.5934;10.3811;10.2435;10.1974;9.92428;9.73392;9.51894;9.49879;9.37371;9.34355;9.28076;9.31742;9.34795;9.38891;9.42527;9.44385;9.52875;9.78962;9.86618;10.0299;10.3311;10.5112;10.7273;10.9164;11.1005;11.2134;11.4276;11.4837;11.7104;11.8274;11.9266;12.0673;12.2189;12.44;12.5898;12.7155;12.8367;13.0232;13.2624;13.4731;13.7644;14.102;14.3925;14.5458;14.8296;15",0.660444
"0.3;0.5;0.2"
23.6878,0.624213,3.64046,"20.9033;20.585;20.1359;19.6661;19.4606;19.046;18.7884;18.3752;18.1716;17.7286;17.4417;17.1108;16.8082;16.6111;16.3621;16.1926;15.8684;15.6774;15.2753;14.9151;14.6588;14.38;14.1048;13.7238;13.4078;13.1445;12.7123;12.5303;12.2662;12.1665;11.6982;11.5459;11.1432;10.7842;10.4924;10.2037;9.92752;9.52916;9.37179;8.99992;8.76023;8.50225;8.17712;7.70267;7.25357;6.88388;6.68443;6.23745;5.83092;5.56812;5.24255;4.86532;4.4234;4.03849;3.74567;3.3469;2.97285;2.61717;2.37309;2.21723;2.01888;1.83685;1.55457;1.30539;1.05686;1","14.9879;14.7997;14.6341;14.4747;14.3669;14.1237;13.9995;13.8665;13.6489;13.4295;13.2121;12.9927;12.7638;12.5443;12.3519;12.236;11.8672;11.7638;11.5801;11.3643;11.2053;10.8152;10.7246;10.4641;10.0938;9.95926;9.73429;9.49879;9.44685;9.48115;9.48382;9.46598;9.32312;9.34795;9.38891;9.42527;9.44385;9.47663;9.55139;9.65196;9.86288;10.0299;10.2515;10.3333;10.5433;10.7619;10.9166;11.0981;11.3556;11.5361;11.8475;12.0266;12.2189;12.44;12.5898;12.7155;12.8367;13.0232;13.2624;13.4731;13.7644;14.102;14.3925;14.5458;14.8296;15",0.553375
"0.3;0.55;0.15"
20.7574,0.483829,10.3787,"21.1839;20.8107;20.3364;19.9471;19.6268;19.2276;18.7814;18.682;18.4677;18.0401;17.8381;17.5172;17.1925;16.873;16.5391;16.1138;15.6439;15.3701;14.9817;14.5269;14.0925;13.7896;13.3377;12.864;12.4882;12.0827;11.6143;11.3494;10.893;10.7551;10.2715;9.80564;9.46331;9.25016;8.88695;8.5278;8.06927;7.80089;7.33956;6.9597;6.58911;6.26652;5.81131;5.56156;5.25192;4.9221;4.5299;4.12896;3.80643;3.44099;3.04391;2.57196;2.19378;1.95434;1.4819;1","14.925;15.1994;15.1857;15.2717;15.4009;15.5453;15.7211;15.7268;15.7859;15.9291;15.9747;16.0327;16.0948;16.161;16.2559;16.2362;16.1901;16.3586;16.3981;16.4569;16.383;16.3851;16.3918;16.4044;16.4979;16.6787;16.5942;16.5474;16.5197;16.5108;16.4647;16.4156;16.4374;16.4511;16.4788;16.4175;16.3874;16.363;16.2879;16.2373;16.1498;16.0879;16.06;15.9847;15.9123;15.8521;15.8052;15.7974;15.7668;15.6497;15.4799;15.385;15.2201;15.1411;15.1307;15",1.0478
"0.3;0.6;0.1"
20.9572,0.219542,10.4786,"21.2434;20.8107;20.3364;19.9471;19.6268;19.2276;18.7814;18.682;18.4677;18.0401;17.8381;17.5172;17.1925;16.873;16.5391;16.1138;15.6439;15.3701;14.9817;14.5269;14.2421;13.873;13.4882;13.3712;12.9912;12.5334;12.0692;11.6599;11.276;10.834;10.421;10.0734;9.67717;9.29487;8.94739;8.73161;8.28902;7.80089;7.33956;6.9597;6.58911;6.26652;5.81131;5.56156;5.25192;4.9221;4.5299;4.12896;3.80643;3.44099;3.04391;2.57196;2.19378;1.95434;1.4819;1","14.9924;15.1994;15.1857;15.2717;15.4009;15.5453;15.7211;15.7268;15.7859;15.9291;15.9747;16.0327;16.0948;16.161;16.2559;16.2362;16.1901;16.3586;16.3981;16.4569;16.4936;16.6286;16.7922;16.8044;16.9099;17.0274;16.9587;17.061;17.2049;17.1506;17.0524;16.9841;16.9012;16.8014;16.5663;16.5142;16.4312;16.363;16.2879;16.2373;16.1498;16.0879;16.06;15.9847;15.9123;15.8521;15.8052;15.7974;15.7668;15.6497;15.4799;15.385;15.2201;15.1411;15.1307;15",0.962796
"0.3;0.65;0.05"
21.1748,0.161394,10.5874,"21.2434;20.8892;20.6172;20.1862;20.0873;19.692;19.3236;19.201;18.82;18.6866;18.3253;17.9254;17.6964;17.2948;16.8502;16.3978;16.0692;15.8134;15.4937;15.2348;14.7555;14.3021;14.2144;13.7161;13.3712;12.9912;12.5334;12.2854;12.0376;11.5474;11.1013;10.8532;10.3873;10.3217;9.8626;9.60553;9.47663;9.05613;8.60774;8.53637;8.21731;7.94283;7.7263;7.34912;6.8772;6.55523;6.10162;5.96859;5.56156;5.25192;4.9221;4.5299;4.12896;3.80643;3.44099;3.04391;2.57196;2.19378;1.95434;1.4819;1","14.9924;15.1537;15.332;15.5614;15.6192;15.7634;15.8958;15.9129;15.9985;16.0316;16.1383;16.2285;16.3194;16.3461;16.3903;16.3678;16.5097;16.6334;16.6706;16.6305;16.6304;16.6558;16.6641;16.7041;16.8044;16.9099;17.0274;17.1861;17.3432;17.3024;17.2724;17.3868;17.37;17.3341;17.4623;17.3638;17.3115;17.2315;17.095;17.0539;16.9701;16.8943;16.8336;16.657;16.5004;16.3783;16.1859;16.1279;15.9847;15.9123;15.8521;15.8052;15.7974;15.7668;15.6497;15.4799;15.385;15.2201;15.1411;15.1307;15",0.897497
"0.3;0.7;0"
23.3774,93.0578,3.64509,"20.9033;20.585;20.1359;19.8532;19.4606;19.046;18.632;18.3752;18.0124;17.7657;17.4029;17.0494;16.6937;16.3108;16.1644;15.8175;15.4425;15.2139;14.9501;14.5647;14.151;13.8324;13.4435;13.0913;12.7229;12.377;12.168;11.8284;11.3426;10.8905;10.5497;10.1358;9.67438;9.23205;8.77237;8.55557;8.34502;8.02362;7.70661;7.47863;7.08744;6.67624;6.20428;5.76005;5.26494;4.86532;4.4234;4.03849;3.74567;3.3469;3.04346;2.68541;2.19578;1.79544;1.74116;1.6124;1.37326;1.25339;1.05686;1","14.9879;14.7997;14.6341;14.5411;14.3669;14.1237;13.9989;13.8665;13.7303;13.5506;13.3529;13.208;13.0826;12.83;12.73;12.4721;12.227;12.0887;11.9435;11.6547;11.4057;11.1864;10.9968;10.7399;10.4108;10.1604;10.1267;10.0985;9.98294;9.93864;10.0179;10.0745;10.1658;10.372;10.5397;10.6658;10.8463;11.0277;11.214;11.3406;11.6138;11.8632;11.9133;11.9434;11.9374;12.0266;12.2189;12.44;12.5898;12.7155;12.76;12.8179;12.9;12.9362;13.4225;13.7486;14.1192;14.4251;14.8296;15",2.40097
"0.35;0;0.65"
23.646,5.86048,3.40282,"20.9033;20.585;20.1359;19.8532;19.4262;19.0388;18.7176;18.4203;18.1716;17.7286;17.4417;17.1108;16.808;16.358;16.0964;15.7128;15.402;15.1635;14.912;14.6588;14.4232;14.0197;13.7045;13.3842;13.0212;12.7483;12.2574;12.0626;11.5954;11.1993;11.159;10.6922;10.3002;10.0531;9.67438;9.23205;8.77237;8.55557;8.34502;8.02362;7.70661;7.47863;7.08744;6.67624;6.20428;5.76005;5.26494;4.86532;4.4234;4.03849;3.74567;3.3469;3.04346;2.68541;2.19578;1.79544;1.74116;1.6124;1.37326;1.25339;1.05686;1","14.9879;14.7997;14.6341;14.5411;14.2871;14.0549;13.8263;13.7169;13.6489;13.4295;13.2121;12.9927;12.7685;12.5617;12.4111;12.199;11.922;11.8733;11.497;11.2053;11.0111;10.7997;10.6523;10.4002;10.2093;10.0122;9.92332;9.94981;9.78768;9.8335;9.85138;9.78695;9.96381;10.0328;10.1658;10.372;10.5397;10.6658;10.8463;11.0277;11.214;11.3406;11.6138;11.8632;11.9133;11.9434;11.9374;12.0266;12.2189;12.44;12.5898;12.7155;12.76;12.8179;12.9;12.9362;13.4225;13.7486;14.1192;14.4251;14.8296;15",2.07092
"0.35;0.05;0.6"
23.5279,2.69081,3.43412,"20.9033;20.585;20.1359;19.8532;19.4262;19.0388;18.7176;18.4203;18.1716;17.7286;17.4417;17.1108;16.808;16.358;16.0964;15.7128;15.402;15.2706;14.8288;14.4414;14.1621;14.0197;13.7045;13.3842;13.0212;12.7483;12.2574;12.0626;11.5954;11.1993;11.159;10.6922;10.4998;10.0733;9.60626;9.4445;9.1277;8.92391;8.56905;8.32763;7.97791;7.70267;7.29187;7.06974;6.70263;6.28853;5.889;5.57141;5.19669;4.95195;4.76236;4.5075;4.07055;3.66286;3.35763;2.98358;2.67599;2.36959;2.01631;1.79833;1.6124;1.37326;1.25339;1.05686;1","14.9879;14.7997;14.6341;14.5411;14.2871;14.0549;13.8263;13.7169;13.6489;13.4295;13.2121;12.9927;12.7685;12.5617;12.4111;12.199;11.922;11.7993;11.5728;11.2814;11.0602;10.7997;10.6523;10.4002;10.2093;10.0122;9.92332;9.94981;9.78768;9.8335;9.85138;9.78695;9.7317;9.90442;9.93576;9.98739;10.1231;10.2375;10.3551;10.3186;10.3052;10.3333;10.3974;10.4341;10.4815;10.7105;10.9679;11.1193;11.3164;11.4549;11.6026;11.7195;11.9459;12.0173;12.1399;12.333;12.5135;12.7722;12.9438;13.3496;13.7486;14.1192;14.4251;14.8296;15",1.91556
"0.35;0.1;0.55"
23.5639,2.25551,3.43448,"20.9033;20.585;20.1359;19.8532;19.4262;19.0388;18.7176;18.4203;18.1716;17.7286;17.4417;17.1108;16.808;16.358;16.0964;15.7128;15.402;15.2706;14.8288;14.4414;14.1621;14.0127;13.7045;13.3842;13.0212;12.5511;12.1521;12.0116;11.6094;11.1135;10.8368;10.4998;10.0733;9.60379;9.20606;8.81773;8.55557;8.18607;7.794;7.44627;7.14578;6.92426;6.48937;6.23745;5.91052;5.47113;5.19669;4.95195;4.76236;4.5075;4.07055;3.66286;3.35763;2.98358;2.67599;2.36959;2.01631;1.79833;1.6124;1.37326;1.25339;1.05686;1","14.9879;14.7997;14.6341;14.5411;14.2871;14.0549;13.8263;13.7169;13.6489;13.4295;13.2121;12.9927;12.7685;12.5617;12.4111;12.199;11.922;11.7993;11.5728;11.2814;11.0602;10.8792;10.6523;10.4002;10.2093;10.0747;9.96186;9.84202;9.67998;9.62746;9.64503;9.7317;9.90442;9.95788;10.221;10.4521;10.6658;10.6994;10.7273;10.9164;11.1005;11.0171;11.0795;11.0981;11.2226;11.3169;11.3164;11.4549;11.6026;11.7195;11.9459;12.0173;12.1399;12.333;12.5135;12.7722;12.9438;13.3496;13.7486;14.1192;14.4251;14.8296;15",1.74159
"0.35;0.15;0.5"
23.4652,1.86333,3.85638,"20.8928;20.4493;20.1359;19.8532;19.4606;19.046;18.632;18.3752;18.0124;17.7908;17.4936;17.2604;16.8495;16.4954;16.1644;15.8175;15.4425;15.1635;14.7701;14.3911;14.0309;13.7673;13.5152;13.129;12.7691;12.4293;12.0116;11.6109;11.1135;10.752;10.389;9.98461;9.57246;9.20606;8.76023;8.43074;8.33203;7.97791;7.70267;7.25357;6.88388;6.68443;6.23745;5.91052;5.56812;5.24255;4.86532;4.4234;4.03849;3.74567;3.3469;2.97285;2.61717;2.37309;2.21723;2.01888;1.83685;1.55457;1.30539;1.05686;1","14.8921;14.7019;14.6341;14.5411;14.3669;14.1237;13.9989;13.8665;13.7303;13.7183;13.5523;13.4494;13.2056;12.9453;12.73;12.4721;12.227;11.8733;11.6743;11.4301;11.2447;11.0719;10.7109;10.4207;10.3468;10.0795;9.84202;9.62179;9.62746;9.47437;9.53444;9.46894;9.56574;9.78962;9.86288;10.2376;10.2724;10.3052;10.3333;10.5433;10.7619;10.9166;11.0981;11.2226;11.5361;11.8475;12.0266;12.2189;12.44;12.5898;12.7155;12.8367;13.0232;13.2624;13.4731;13.7644;14.102;14.3925;14.5458;14.8296;15",1.76961
"0.35;0.2;0.45"
23.6756,1.26013,3.44017,"20.9033;20.585;20.3293;19.931;19.5324;19.1061;18.7176;18.4203;18.1716;17.7286;17.4417;17.1108;16.8082;16.6111;16.3621;15.9571;15.7497;15.4306;15.2753;14.9151;14.6588;14.4232;14.0127;13.7702;13.5265;13.2858;12.939;12.4673;12.0116;11.6094;11.2528;11.018;10.5443;10.1956;9.75152;9.34595;8.946;8.50225;8.17712;7.70267;7.29187;7.06974;6.70263;6.28853;5.889;5.57141;5.19669;4.98611;4.77704;4.5075;4.07055;3.70327;3.31196;3.00549;2.68541;2.36959;2.01631;1.79833;1.6124;1.37326;1.25339;1.05686;1","14.9879;14.7997;14.5682;14.381;14.1258;13.9998;13.8263;13.7169;13.6489;13.4295;13.2121;12.9927;12.7638;12.5443;12.3519;12.0791;12.0021;11.7076;11.5801;11.3643;11.2053;11.0111;10.8792;10.8026;10.4749;10.2732;10.1407;10.0073;9.84202;9.67998;9.60337;9.55951;9.62373;9.59808;9.5442;9.72479;9.86618;10.0299;10.2515;10.3333;10.3974;10.4341;10.4815;10.7105;10.9679;11.1193;11.3164;11.5536;11.6142;11.7195;11.9459;12.1011;12.3359;12.5627;12.8179;12.7722;12.9438;13.3496;13.7486;14.1192;14.4251;14.8296;15",1.39555
"0.35;0.25;0.4"
23.6056,1.17087,3.51433,"20.9033;20.585;20.1359;19.8532;19.4262;19.0388;18.7176;18.4203;18.1716;17.7286;17.4417;17.1108;16.8082;16.6111;16.2863;16.2531;15.8684;15.6774;15.2753;14.912;14.6588;14.4232;14.0197;13.7045;13.5265;13.4907;13.2858;13.0212;12.7483;12.4308;12.0116;11.6094;11.2528;11.018;10.5443;10.1956;9.78569;9.34595;9.20606;8.946;8.50225;8.00887;7.76436;7.34752;7.10618;6.70263;6.28853;5.889;5.57141;5.19669;4.95195;4.76236;4.5075;4.07055;3.70327;3.31196;3.00549;2.68541;2.36689;2.17769;2.02463;1.79833;1.6124;1.37326;1.25339;1.05686;1","14.9879;14.7997;14.6341;14.5411;14.2871;14.0549;13.8263;13.7169;13.6489;13.4295;13.2121;12.9927;12.7638;12.5443;12.171;12.1448;11.8672;11.7638;11.5801;11.497;11.2053;11.0111;10.7997;10.6523;10.4749;10.3967;10.2732;10.2093;10.0122;9.90345;9.84202;9.67998;9.60337;9.55951;9.62373;9.59808;9.58162;9.72479;9.78962;9.86618;10.0299;9.99988;10.0582;10.2453;10.3399;10.4815;10.7105;10.9679;11.1193;11.3164;11.4549;11.6026;11.7195;11.9459;12.1011;12.3359;12.5627;12.8179;13.0075;12.9757;13.0583;13.3496;13.7486;14.1192;14.4251;14.8296;15",1.24706
"0.35;0.3;0.35"
23.6624,1.11764,3.06052,"20.8928;20.5962;20.3293;20.0766;19.7552;19.5342;19.133;18.765;18.4595;18.147;17.8483;17.5171;17.1556;16.9361;16.7386;16.3565;16.0615;15.6802;15.44;15.1798;14.8219;14.4946;14.2355;14.0058;13.6882;13.3005;12.9405;12.5303;12.2726;11.7894;11.5459;11.2013;10.8368;10.4573;10.3134;9.91594;9.60626;9.4445;9.1277;8.92391;8.56905;8.31851;7.93189;7.794;7.44627;7.14578;6.84663;6.57977;6.20972;5.84136;5.48329;5.0411;4.77326;4.4234;4.03849;3.74567;3.3469;3.04346;2.81352;2.36689;2.17769;2.02463;1.79833;1.6124;1.37326;1.25339;1.05686;1","14.8921;14.7591;14.5682;14.4135;14.1389;14.0607;13.7644;13.5196;13.2646;13.0147;12.8592;12.7026;12.3642;12.106;11.829;11.5197;11.2534;11.05;10.9134;10.8095;10.6922;10.4215;10.3489;10.2435;10.1974;9.92428;9.73392;9.49879;9.53109;9.5974;9.46598;9.48778;9.64503;9.6697;9.71578;9.8266;9.93576;9.98739;10.1231;10.2375;10.3551;10.48;10.6764;10.7273;10.9164;11.1005;11.1833;11.1839;11.4836;11.7104;11.8274;11.9266;12.0673;12.2189;12.44;12.5898;12.7155;12.76;12.8149;13.0075;12.9757;13.0583;13.3496;13.7486;14.1192;14.4251;14.8296;15",0.940978
"0.35;0.35;0.3"
23.5719,0.775246,3.26084,"20.8928;20.5962;20.2725;19.931;19.5324;19.2172;19.133;18.765;18.4595;18.147;17.8483;17.5171;17.1556;16.9361;16.6843;16.3435;16.0096;15.7128;15.44;15.0917;14.8708;14.6189;14.2377;14.0058;13.6882;13.4055;13.203;12.7549;12.2726;11.7848;11.5591;11.1135;10.6387;10.1956;9.78569;9.34595;9.20606;8.8333;8.50225;8.33203;7.97791;7.70267;7.25357;6.88388;6.68443;6.23745;5.91052;5.56812;5.24255;4.86532;4.4234;4.03849;3.73636;3.60135;3.16627;2.78096;2.44521;2.2381;2.13322;1.83685;1.55457;1.30539;1.05686;1","14.8921;14.7591;14.5641;14.381;14.1258;13.8279;13.7644;13.5196;13.2646;13.0147;12.8592;12.7026;12.3642;12.106;11.9627;11.7198;11.3982;11.1253;10.9134;10.7833;10.6979;10.5934;10.3811;10.2435;10.1974;9.89078;9.75585;9.61047;9.53109;9.60863;9.58968;9.62746;9.51852;9.59808;9.58162;9.72479;9.78962;9.93933;10.0299;10.2724;10.3052;10.3333;10.5433;10.7619;10.9166;11.0981;11.2226;11.5361;11.8475;12.0266;12.2189;12.44;12.7891;12.9075;12.9098;13.0368;13.315;13.5405;13.7071;14.102;14.3925;14.5458;14.8296;15",0.834228
"0.35;0.4;0.25"
23.6082,0.808697,3.63915,"20.9033;20.585;20.1359;19.8532;19.4606;19.046;18.7884;18.3752;18.1716;17.7286;17.4417;17.1108;16.808;16.358;15.9965;15.7497;15.4306;15.2753;14.9151;14.8782;14.4232;14.0197;13.7045;13.5265;13.2858;12.99;12.6236;12.2726;12.1665;11.6982;11.5459;11.0573;10.752;10.4924;10.2037;9.92752;9.52916;9.20606;8.82397;8.43074;8.32763;8.08184;7.794;7.44627;7.08103;6.67908;6.26532;5.84136;5.48329;5.24255;4.86532;4.4234;4.03849;3.74567;3.3469;2.97285;2.61717;2.37309;2.21723;2.01888;1.83685;1.55457;1.30539;1.05686;1","14.9879;14.7997;14.6341;14.5411;14.3669;14.1237;13.9995;13.8665;13.6489;13.4295;13.2121;12.9927;12.7685;12.5617;12.3488;12.0021;11.7076;11.5801;11.3643;11.1917;11.0111;10.7997;10.6523;10.4749;10.2732;10.0693;9.79545;9.53109;9.48115;9.48382;9.46598;9.45511;9.47437;9.38891;9.42527;9.44385;9.47663;9.78962;9.95209;10.2376;10.3186;10.5112;10.7273;10.9164;11.1577;11.3431;11.4913;11.7104;11.8274;11.8475;12.0266;12.2189;12.44;12.5898;12.7155;12.8367;13.0232;13.2624;13.4731;13.7644;14.102;14.3925;14.5458;14.8296;15",0.737572
"0.35;0.45;0.2"
23.5628,0.751444,3.63869,"20.9033;20.585;20.1359;19.8532;19.4606;19.046;18.7884;18.3752;18.1716;17.7286;17.4417;17.1108;16.808;16.358;16.0964;15.7128;15.402;15.1635;14.9482;14.8288;14.4414;14.2192;14.1621;13.7702;13.5265;13.2858;12.99;12.6236;12.3177;12.1665;11.7342;11.3405;11.0509;10.7842;10.4924;10.2037;9.92752;9.57246;9.20606;8.946;8.50225;8.17712;7.70267;7.25357;6.88388;6.68443;6.23745;5.83092;5.56812;5.24255;4.86532;4.4234;4.03849;3.74567;3.3469;2.97285;2.61717;2.37309;2.21723;2.01888;1.83685;1.55457;1.30539;1.05686;1","14.9879;14.7997;14.6341;14.5411;14.3669;14.1237;13.9995;13.8665;13.6489;13.4295;13.2121;12.9927;12.7685;12.5617;12.4111;12.199;11.922;11.8733;11.6515;11.5728;11.2814;11.1142;11.0602;10.8026;10.4749;10.2732;10.0693;9.79545;9.55975;9.48115;9.29644;9.28076;9.27415;9.34795;9.38891;9.42527;9.44385;9.56574;9.78962;9.86618;10.0299;10.2515;10.3333;10.5433;10.7619;10.9166;11.0981;11.3556;11.5361;11.8475;12.0266;12.2189;12.44;12.5898;12.7155;12.8367;13.0232;13.2624;13.4731;13.7644;14.102;14.3925;14.5458;14.8296;15",0.553111
"0.35;0.5;0.15"
20.6944,0.702124,10.3472,"21.2434;20.8107;20.4057;20.0413;19.7937;19.3287;19.1166;18.7107;18.2818;18.0358;17.6408;17.397;17.0789;16.6307;16.3073;15.9702;15.5697;15.4594;15.2459;14.86;14.4858;14.1439;13.7811;13.4012;13.0941;12.7187;12.4236;11.9751;11.574;11.1297;10.7551;10.2715;9.80564;9.46331;9.25016;8.88695;8.5278;8.06927;7.80089;7.33956;6.9597;6.58911;6.26652;5.92763;5.56156;5.25192;4.9221;4.5299;4.12896;3.80643;3.44099;3.04391;2.57196;2.19378;1.95434;1.4819;1","14.9924;15.1994;15.1406;15.1258;15.1572;15.1075;15.1267;15.1452;15.2442;15.3774;15.5239;15.5418;15.5802;15.6587;15.8059;15.8029;15.7844;15.7818;15.7773;15.7981;15.852;15.946;15.9603;16.0784;16.1479;16.1591;16.2353;16.3362;16.3302;16.4541;16.5108;16.4647;16.4156;16.4374;16.4511;16.4788;16.4175;16.3874;16.363;16.2879;16.2373;16.1498;16.0879;16.0656;15.9847;15.9123;15.8521;15.8052;15.7974;15.7668;15.6497;15.4799;15.385;15.2201;15.1411;15.1307;15",1.21524
"0.35;0.55;0.1"
20.9548,0.219544,10.4774,"21.2434;20.8107;20.3364;19.9471;19.6268;19.2276;18.7814;18.682;18.4677;18.0401;17.8381;17.5172;17.1925;16.873;16.5391;16.1138;15.6439;15.3701;14.9817;14.5269;14.2421;13.873;13.4882;13.3712;12.9912;12.5334;12.0692;11.6599;11.276;10.834;10.421;10.0734;9.67717;9.29487;8.94739;8.73161;8.28902;7.80089;7.33956;6.9597;6.58911;6.26652;5.92763;5.56156;5.25192;4.9221;4.5299;4.12896;3.80643;3.44099;3.04391;2.57196;2.19378;1.95434;1.4819;1","14.9924;15.1994;15.1857;15.2717;15.4009;15.5453;15.7211;15.7268;15.7859;15.9291;15.9747;16.0327;16.0948;16.161;16.2559;16.2362;16.1901;16.3586;16.3981;16.4569;16.4936;16.6286;16.7922;16.8044;16.9099;17.0274;16.9587;17.061;17.2049;17.1506;17.0524;16.9841;16.9012;16.8014;16.5663;16.5142;16.4312;16.363;16.2879;16.2373;16.1498;16.0879;16.0656;15.9847;15.9123;15.8521;15.8052;15.7974;15.7668;15.6497;15.4799;15.385;15.2201;15.1411;15.1307;15",1.1241
"0.35;0.6;0.05"
21.0725,0.260987,10.5362,"21.2434;20.8928;20.6922;20.206;19.7668;19.4879;19.085;18.8164;18.5385;18.088;17.7146;17.5231;17.2836;16.8856;16.5377;16.1309;15.8539;15.4594;15.1838;14.7308;14.3;14.0024;13.5179;13.4412;13.0192;12.7374;12.2851;11.8885;11.4954;11.0305;10.7072;10.6028;10.421;10.0734;9.68514;9.29349;9.01516;8.78293;8.53637;8.21731;7.82982;7.7263;7.34912;6.8772;6.55523;6.10162;5.96859;5.56156;5.25192;4.9221;4.5299;4.12896;3.80643;3.44099;3.04391;2.57196;2.19378;1.95434;1.4819;1","14.9924;14.8921;14.8344;14.9063;14.8228;14.8497;14.8407;14.8544;14.933;15.1176;15.248;15.2422;15.4357;15.587;15.6701;15.6879;15.7034;15.7818;15.7771;15.7997;15.9567;16.112;16.2093;16.2324;16.4573;16.6049;16.7966;16.8243;16.8689;16.9219;16.9793;16.9583;17.0524;16.9841;17.0331;17.0998;17.1214;17.1078;17.0539;16.9701;16.874;16.8336;16.657;16.5004;16.3783;16.1859;16.1279;15.9847;15.9123;15.8521;15.8052;15.7974;15.7668;15.6497;15.4799;15.385;15.2201;15.1411;15.1307;15",1.08291
"0.35;0.65;0"
23.2384,71.5178,3.67618,"20.9033;20.585;20.1359;19.8532;19.4606;19.046;18.632;18.3752;18.0124;17.7657;17.4029;17.0494;16.6937;16.3108;16.1644;15.8175;15.4425;15.2139;14.9501;14.5647;14.151;13.8324;13.4435;13.0913;12.7229;12.377;12.168;11.8284;11.3426;10.8905;10.4621;10.0531;9.76403;9.332;8.92391;8.43074;8.17712;7.70267;7.29187;7.06974;6.70263;6.28853;5.889;5.57141;5.19669;4.95195;4.76236;4.5075;4.07055;3.66286;3.35763;2.98358;2.67599;2.36959;2.01631;1.79833;1.6124;1.37326;1.25339;1.05686;1","14.9879;14.7997;14.6341;14.5411;14.3669;14.1237;13.9989;13.8665;13.7303;13.5506;13.3529;13.208;13.0826;12.83;12.73;12.4721;12.227;12.0887;11.9435;11.6547;11.4057;11.1864;10.9968;10.7399;10.4108;10.1604;10.1267;10.0985;9.98294;9.93864;9.99237;10.0328;10.1041;10.1996;10.2375;10.2376;10.2515;10.3333;10.3974;10.4341;10.4815;10.7105;10.9679;11.1193;11.3164;11.4549;11.6026;11.7195;11.9459;12.0173;12.1399;12.333;12.5135;12.7722;12.9438;13.3496;13.7486;14.1192;14.4251;14.8296;15",2.23493
"0.4;0;0.6"
23.4472,6.72864,3.33226,"20.8928;20.5962;20.2725;19.931;19.5324;19.2172;19.133;18.765;18.4857;18.0794;17.8241;17.3777;16.9259;16.808;16.358;16.0964;15.7128;15.402;15.1635;14.9551;14.7233;14.4414;14.1621;14.0197;13.7045;13.3842;13.0212;12.5511;12.1521;12.0626;11.6768;11.1993;10.7145;10.3002;10.0531;9.67438;9.23205;8.77237;8.55557;8.2221;7.82715;7.44861;7.0463;6.95975;6.49864;6.16513;5.76005;5.26494;4.86532;4.4234;4.1989;3.74567;3.3469;3.04346;2.68541;2.36959;2.01631;1.79833;1.6124;1.37326;1.25339;1.05686;1","14.8921;14.7591;14.5641;14.381;14.1258;13.8279;13.7644;13.5196;13.4167;13.278;13.1678;13.0373;12.8248;12.7685;12.5617;12.4111;12.199;11.922;11.8733;11.5705;11.4485;11.2814;11.0602;10.7997;10.6523;10.4002;10.2093;10.0747;9.96186;9.94981;9.72291;9.8335;9.88572;9.96381;10.0328;10.1658;10.372;10.5397;10.6658;10.8215;11.0078;11.1768;11.3668;11.4176;11.6016;11.7949;11.9434;11.9374;12.0266;12.2189;12.5294;12.5898;12.7155;12.76;12.8179;12.7722;12.9438;13.3496;13.7486;14.1192;14.4251;14.8296;15",1.87458
"0.4;0.05;0.55"
23.3129,1.93278,3.63088,"20.9033;20.585;20.1359;19.8532;19.4262;19.0388;18.7176;18.4203;18.1716;17.7286;17.4417;17.1108;16.808;16.358;16.0964;15.7128;15.402;15.2706;14.912;14.6588;14.4232;14.0127;13.7045;13.5265;13.2858;12.99;12.7483;12.2574;12.0116;11.6109;11.1135;10.8368;10.4573;10.3134;9.91594;9.61412;9.20606;8.98567;8.77237;8.55557;8.2221;7.82715;7.35021;7.25007;6.84663;6.49159;6.24707;5.84136;5.48329;5.0411;4.77326;4.4234;4.03849;3.74567;3.3469;2.97285;2.61717;2.37309;2.21723;2.01888;1.83685;1.55457;1.30539;1.05686;1","14.9879;14.7997;14.6341;14.5411;14.2871;14.0549;13.8263;13.7169;13.6489;13.4295;13.2121;12.9927;12.7685;12.5617;12.4111;12.199;11.922;11.7993;11.497;11.2053;11.0111;10.8792;10.6523;10.4749;10.2732;10.0693;10.0122;9.92332;9.84202;9.62179;9.62746;9.64503;9.6697;9.71578;9.8266;10.01;10.221;10.3595;10.5397;10.6658;10.8215;11.0078;11.146;11.1539;11.1833;11.5254;11.4837;11.7104;11.8274;11.9266;12.0673;12.2189;12.44;12.5898;12.7155;12.8367;13.0232;13.2624;13.4731;13.7644;14.102;14.3925;14.5458;14.8296;15",1.8398
"0.4;0.1;0.5"
23.4199,2.27274,3.48548,"20.8928;20.5962;20.2725;19.931;19.5324;19.1061;18.7176;18.4203;18.1716;17.7286;17.4417;17.1108;16.8082;16.6111;16.3621;15.9571;15.6774;15.2753;14.9151;14.6588;14.4232;14.0127;13.7702;13.5152;13.2142;13.0212;12.5511;12.1521;12.0626;11.6768;11.6094;11.1135;10.8368;10.4573;10.3134;9.91594;9.61412;9.20606;8.98567;8.77237;8.55557;8.2221;7.82715;7.44861;7.0463;6.95975;6.49864;6.16513;5.76005;5.26494;4.86532;4.4234;4.03849;3.74567;3.3469;2.97285;2.68541;2.36689;2.17769;2.02463;1.79833;1.6124;1.37326;1.25339;1.05686;1","14.8921;14.7591;14.5641;14.381;14.1258;13.9998;13.8263;13.7169;13.6489;13.4295;13.2121;12.9927;12.7638;12.5443;12.3519;12.0791;11.7638;11.5801;11.3643;11.2053;11.0111;10.8792;10.8026;10.7109;10.3406;10.2093;10.0747;9.96186;9.94981;9.72291;9.67998;9.62746;9.64503;9.6697;9.71578;9.8266;10.01;10.221;10.3595;10.5397;10.6658;10.8215;11.0078;11.1768;11.3668;11.4176;11.6016;11.7949;11.9434;11.9374;12.0266;12.2189;12.44;12.5898;12.7155;12.8367;12.8179;13.0075;12.9757;13.0583;13.3496;13.7486;14.1192;14.4251;14.8296;15",1.6027
"0.4;0.15;0.45"
23.5842,1.75917,3.52005,"20.9033;20.585;20.1359;19.8532;19.4606;19.046;18.632;18.3752;18.1716;17.7286;17.4417;17.1108;16.8082;16.6111;16.2863;16.2531;15.8684;15.6774;15.2753;14.9151;14.6588;14.4232;14.0197;13.7045;13.5265;13.3539;13.1123;12.6875;12.306;11.8743;11.6768;11.2528;11.018;10.5443;10.2915;9.91594;9.61412;9.20606;8.98567;8.77237;8.55557;8.2221;7.82715;7.44861;7.0463;6.95975;6.49864;6.16513;5.76005;5.26494;4.86532;4.4234;4.03849;3.74567;3.3469;3.04346;2.81352;2.36689;2.17769;2.02463;1.79833;1.6124;1.37326;1.25339;1.05686;1","14.9879;14.7997;14.6341;14.5411;14.3669;14.1237;13.9989;13.8665;13.6489;13.4295;13.2121;12.9927;12.7638;12.5443;12.171;12.1448;11.8672;11.7638;11.5801;11.3643;11.2053;11.0111;10.7997;10.6523;10.4749;10.1955;10.0132;9.80774;9.75559;9.82509;9.72291;9.60337;9.55951;9.62373;9.67;9.8266;10.01;10.221;10.3595;10.5397;10.6658;10.8215;11.0078;11.1768;11.3668;11.4176;11.6016;11.7949;11.9434;11.9374;12.0266;12.2189;12.44;12.5898;12.7155;12.76;12.8149;13.0075;12.9757;13.0583;13.3496;13.7486;14.1192;14.4251;14.8296;15",1.4275
"0.4;0.2;0.4"
23.6205,1.7817,3.51979,"20.9033;20.585;20.1359;19.8532;19.4606;19.046;18.7884;18.3752;18.1716;17.7286;17.4417;17.1108;16.808;16.358;16.0964;15.7128;15.402;15.2706;14.9551;14.7233;14.4414;14.1621;13.8585;13.5152;13.2142;12.939;12.6236;12.306;11.8743;11.6109;11.2013;10.752;10.6387;10.2915;9.91594;9.60379;9.20606;8.98567;8.77237;8.55557;8.2221;7.82715;7.44861;7.0463;6.95975;6.49864;6.16513;5.74601;5.55956;5.20076;4.86743;4.52076;4.03849;3.74567;3.3469;3.04346;2.81352;2.36689;2.17769;2.02463;1.79833;1.6124;1.37326;1.25339;1.05686;1","14.9879;14.7997;14.6341;14.5411;14.3669;14.1237;13.9995;13.8665;13.6489;13.4295;13.2121;12.9927;12.7685;12.5617;12.4111;12.199;11.922;11.7993;11.5705;11.4485;11.2814;11.0602;10.9456;10.7109;10.3406;10.1407;9.79545;9.75559;9.82509;9.62179;9.48778;9.47437;9.51852;9.67;9.8266;9.95788;10.221;10.3595;10.5397;10.6658;10.8215;11.0078;11.1768;11.3668;11.4176;11.6016;11.7949;11.8622;11.8785;12.0996;12.2194;12.3115;12.44;12.5898;12.7155;12.76;12.8149;13.0075;12.9757;13.0583;13.3496;13.7486;14.1192;14.4251;14.8296;15",1.24898
"0.4;0.25;0.35"
23.4054,1.18077,3.65273,"20.9033;20.585;20.1359;19.8532;19.4606;19.046;18.7884;18.3752;18.1716;17.7286;17.4417;17.1108;16.808;16.5002;16.1926;15.9571;15.7497;15.4306;15.2753;14.9151;14.6588;14.4232;14.0197;13.7045;13.5265;13.2435;13.0212;12.7483;12.4308;12.0116;11.6109;11.1135;10.8425;10.389;9.98461;9.75152;9.34595;9.20606;8.946;8.50225;8.22762;8.08184;7.794;7.44627;7.14578;6.89286;6.65272;6.19367;5.84136;5.48329;5.0411;4.77326;4.4234;4.03849;3.74567;3.3469;2.99205;2.61717;2.26615;2.01888;1.83685;1.55457;1.30539;1.05686;1","14.9879;14.7997;14.6341;14.5411;14.3669;14.1237;13.9995;13.8665;13.6489;13.4295;13.2121;12.9927;12.7685;12.5474;12.236;12.0791;12.0021;11.7076;11.5801;11.3643;11.2053;11.0111;10.7997;10.6523;10.4749;10.3028;10.2093;10.0122;9.90345;9.84202;9.62179;9.62746;9.60994;9.53444;9.46894;9.5442;9.72479;9.78962;9.86618;10.0299;10.3311;10.5112;10.7273;10.9164;11.1005;11.2134;11.4276;11.5112;11.7104;11.8274;11.9266;12.0673;12.2189;12.44;12.5898;12.7155;12.8515;13.0232;13.3529;13.7644;14.102;14.3925;14.5458;14.8296;15",1.11043
"0.4;0.3;0.3"
23.5514,1.02747,3.63858,"20.9033;20.585;20.1359;19.8532;19.4606;19.046;18.7884;18.3752;18.1716;17.7286;17.4417;17.1108;16.8082;16.6111;16.3621;16.1926;15.8684;15.6774;15.2753;14.9151;14.8782;14.6326;14.38;14.1048;13.9191;13.6079;13.2858;13.1123;12.6875;12.306;12.0116;11.6109;11.2528;10.9758;10.5443;10.1956;9.75152;9.34595;8.946;8.50225;8.17712;7.70267;7.25357;6.88388;6.68443;6.42002;6.18116;5.83092;5.56812;5.24255;4.86532;4.4234;4.03849;3.74567;3.3469;2.97285;2.61717;2.37309;2.21723;2.01888;1.83685;1.55457;1.30539;1.05686;1","14.9879;14.7997;14.6341;14.5411;14.3669;14.1237;13.9995;13.8665;13.6489;13.4295;13.2121;12.9927;12.7638;12.5443;12.3519;12.236;11.8672;11.7638;11.5801;11.3643;11.1917;11.0194;10.8152;10.7246;10.5341;10.3559;10.2732;10.0132;9.80774;9.75559;9.84202;9.62179;9.60337;9.60624;9.62373;9.59808;9.5442;9.72479;9.86618;10.0299;10.2515;10.3333;10.5433;10.7619;10.9166;10.9916;11.0925;11.3556;11.5361;11.8475;12.0266;12.2189;12.44;12.5898;12.7155;12.8367;13.0232;13.2624;13.4731;13.7644;14.102;14.3925;14.5458;14.8296;15",0.921823
"0.4;0.35;0.25"
23.4614,0.864845,3.63768,"20.9033;20.585;20.1359;19.8532;19.4606;19.046;18.7884;18.3752;18.1716;17.7286;17.4417;17.1108;16.808;16.358;16.0964;15.7128;15.402;15.2706;14.8288;14.4414;14.2192;14.0127;13.7045;13.3842;13.2435;12.99;12.6236;12.2726;12.1665;11.6982;11.5459;11.0573;10.6387;10.1956;9.78569;9.34595;9.20606;8.76023;8.50225;8.17712;7.70267;7.25357;6.88388;6.68443;6.23745;5.83092;5.56812;5.24255;4.86532;4.4234;4.03849;3.74567;3.3469;2.97285;2.61717;2.37309;2.21723;2.01888;1.83685;1.55457;1.30539;1.05686;1","14.9879;14.7997;14.6341;14.5411;14.3669;14.1237;13.9995;13.8665;13.6489;13.4295;13.2121;12.9927;12.7685;12.5617;12.4111;12.199;11.922;11.7993;11.5728;11.2814;11.1142;10.8792;10.6523;10.4002;10.3028;10.0693;9.79545;9.53109;9.48115;9.48382;9.46598;9.45511;9.51852;9.59808;9.58162;9.72479;9.78962;9.86288;10.0299;10.2515;10.3333;10.5433;10.7619;10.9166;11.0981;11.3556;11.5361;11.8475;12.0266;12.2189;12.44;12.5898;12.7155;12.8367;13.0232;13.2624;13.4731;13.7644;14.102;14.3925;14.5458;14.8296;15",0.737278
"0.4;0.4;0.2"
20.6021,0.819582,10.3011,"21.1839;20.8928;20.6922;20.206;19.7897;19.3287;19.1166;18.7107;18.2818;18.0358;17.6408;17.397;17.0789;16.6307;16.3073;15.9702;15.5697;15.4594;15.2459;14.86;14.4858;14.1439;13.7811;13.4012;13.0941;12.7187;12.4562;12.018;11.574;11.3578;11.0602;10.5761;10.1285;9.80564;9.46331;9.25016;8.88695;8.5278;8.06927;7.80089;7.33956;6.9597;6.58911;6.26652;5.92763;5.56156;5.25192;4.9221;4.5299;4.12896;3.80643;3.44099;3.04391;2.57196;2.19378;1.95434;1.4819;1","14.925;14.8921;14.8344;14.9063;15.0359;15.1075;15.1267;15.1452;15.2442;15.3774;15.5239;15.5418;15.5802;15.6587;15.8059;15.8029;15.7844;15.7818;15.7773;15.7981;15.852;15.946;15.9603;16.0784;16.1479;16.1591;16.2031;16.2551;16.3302;16.3502;16.4221;16.4047;16.3602;16.4156;16.4374;16.4511;16.4788;16.4175;16.3874;16.363;16.2879;16.2373;16.1498;16.0879;16.0656;15.9847;15.9123;15.8521;15.8052;15.7974;15.7668;15.6497;15.4799;15.385;15.2201;15.1411;15.1307;15",1.56006
"0.4;0.45;0.15"
20.7123,0.61399,10.3561,"21.2434;20.8107;20.4057;20.0413;19.7937;19.3287;19.1166;18.7107;18.2818;18.0358;17.6408;17.397;17.0789;16.6307;16.4525;16.1309;15.8539;15.4594;15.0862;14.7308;14.4858;14.1439;13.7811;13.4012;13.0941;12.7187;12.2833;11.9751;11.7822;11.3494;10.893;10.7551;10.2715;9.80564;9.46331;9.25016;8.88695;8.5278;8.06927;7.80089;7.33956;6.9597;6.58911;6.26652;5.92763;5.56156;5.25192;4.9221;4.5299;4.12896;3.80643;3.44099;3.04391;2.57196;2.19378;1.95434;1.4819;1","14.9924;15.1994;15.1406;15.1258;15.1572;15.1075;15.1267;15.1452;15.2442;15.3774;15.5239;15.5418;15.5802;15.6587;15.6991;15.6879;15.7034;15.7818;15.8235;15.7997;15.852;15.946;15.9603;16.0784;16.1479;16.1591;16.2897;16.3362;16.4771;16.5474;16.5197;16.5108;16.4647;16.4156;16.4374;16.4511;16.4788;16.4175;16.3874;16.363;16.2879;16.2373;16.1498;16.0879;16.0656;15.9847;15.9123;15.8521;15.8052;15.7974;15.7668;15.6497;15.4799;15.385;15.2201;15.1411;15.1307;15",1.38169
"0.4;0.5;0.1"
20.9548,0.219544,10.4774,"21.2434;20.8107;20.3364;19.9471;19.6268;19.2276;18.7814;18.682;18.4677;18.0401;17.8381;17.5172;17.1925;16.873;16.5391;16.1138;15.6439;15.3701;14.9817;14.5269;14.2421;13.873;13.4882;13.3712;12.9912;12.5334;12.0692;11.6599;11.276;10.834;10.421;10.0734;9.67717;9.29487;8.94739;8.73161;8.28902;7.80089;7.33956;6.9597;6.58911;6.26652;5.92763;5.56156;5.25192;4.9221;4.5299;4.12896;3.80643;3.44099;3.04391;2.57196;2.19378;1.95434;1.4819;1","14.9924;15.1994;15.1857;15.2717;15.4009;15.5453;15.7211;15.7268;15.7859;15.9291;15.9747;16.0327;16.0948;16.161;16.2559;16.2362;16.1901;16.3586;16.3981;16.4569;16.4936;16.6286;16.7922;16.8044;16.9099;17.0274;16.9587;17.061;17.2049;17.1506;17.0524;16.9841;16.9012;16.8014;16.5663;16.5142;16.4312;16.363;16.2879;16.2373;16.1498;16.0879;16.0656;15.9847;15.9123;15.8521;15.8052;15.7974;15.7668;15.6497;15.4799;15.385;15.2201;15.1411;15.1307;15",1.28469
"0.4;0.55;0.05"
20.9641,0.273988,10.4821,"21.2434;20.8107;20.4057;20.0413;19.7937;19.3287;19.1166;18.7107;18.2818;18.0358;17.6408;17.397;17.0789;16.6307;16.3073;15.9702;15.5697;15.4594;15.1838;14.86;14.4858;14.1439;13.7057;13.5179;13.4412;13.0192;12.7374;12.2851;11.8885;11.4954;11.0305;10.6028;10.2031;10.0734;9.60568;9.29487;8.98435;8.51359;8.25181;8.16742;7.73313;7.34912;6.8772;6.55523;6.10162;5.96859;5.56156;5.25192;4.9221;4.5299;4.12896;3.80643;3.44099;3.04391;2.57196;2.19378;1.95434;1.4819;1","14.9924;15.1994;15.1406;15.1258;15.1572;15.1075;15.1267;15.1452;15.2442;15.3774;15.5239;15.5418;15.5802;15.6587;15.8059;15.8029;15.7844;15.7818;15.7771;15.7981;15.852;15.946;16.1486;16.2093;16.2324;16.4573;16.6049;16.7966;16.8243;16.8689;16.9219;16.9583;17.0374;16.9841;16.9253;16.8014;16.8367;16.7431;16.7137;16.68;16.6922;16.657;16.5004;16.3783;16.1859;16.1279;15.9847;15.9123;15.8521;15.8052;15.7974;15.7668;15.6497;15.4799;15.385;15.2201;15.1411;15.1307;15",1.28095
"0.4;0.6;0"
22.8942,92.2083,3.52564,"20.8928;20.5962;20.2725;19.931;19.5324;19.2172;19.133;18.765;18.4857;18.0794;17.8241;17.3777;16.9259;16.8082;16.5002;16.1131;15.9118;15.5048;15.1635;14.7701;14.3911;14.0309;13.7673;13.5121;13.0913;12.7229;12.377;12.168;11.8284;11.3426;10.8905;10.5497;10.1358;9.67438;9.23205;8.77237;8.55557;8.2221;7.82715;7.35021;7.25007;6.84663;6.49159;6.24707;5.84136;5.48329;5.0411;4.77326;4.4234;4.03849;3.74567;3.3469;2.97285;2.61717;2.37309;2.21723;2.01888;1.83685;1.55457;1.30539;1.05686;1","14.8921;14.7591;14.5641;14.381;14.1258;13.8279;13.7644;13.5196;13.4167;13.278;13.1678;13.0373;12.8248;12.7638;12.5474;12.3263;12.1774;11.992;11.8733;11.6743;11.4301;11.2447;11.0719;10.9172;10.7399;10.4108;10.1604;10.1267;10.0985;9.98294;9.93864;10.0179;10.0745;10.1658;10.372;10.5397;10.6658;10.8215;11.0078;11.146;11.1539;11.1833;11.5254;11.4837;11.7104;11.8274;11.9266;12.0673;12.2189;12.44;12.5898;12.7155;12.8367;13.0232;13.2624;13.4731;13.7644;14.102;14.3925;14.5458;14.8296;15",1.98094
"0.45;0;0.55"
23.2735,5.86087,3.40996,"20.8928;20.5962;20.2725;19.931;19.5324;19.2172;19.133;18.765;18.4857;18.0794;17.8241;17.3777;16.9259;16.6111;16.3621;15.9571;15.7497;15.4306;15.2753;14.9151;14.6588;14.4232;14.0197;13.7045;13.3842;13.0212;12.939;12.4673;12.0626;11.5954;11.1993;11.159;10.6922;10.3002;10.0531;9.67438;9.23205;8.77237;8.55557;8.2221;7.82715;7.44861;7.0463;6.95975;6.49864;6.16513;5.76005;5.26494;4.86532;4.4234;4.03849;3.74567;3.38457;2.99205;2.68541;2.36689;2.17769;2.02463;1.79833;1.6124;1.37326;1.25339;1.05686;1","14.8921;14.7591;14.5641;14.381;14.1258;13.8279;13.7644;13.5196;13.4167;13.278;13.1678;13.0373;12.8248;12.5443;12.3519;12.0791;12.0021;11.7076;11.5801;11.3643;11.2053;11.0111;10.7997;10.6523;10.4002;10.2093;10.1407;10.0073;9.94981;9.78768;9.8335;9.85138;9.78695;9.96381;10.0328;10.1658;10.372;10.5397;10.6658;10.8215;11.0078;11.1768;11.3668;11.4176;11.6016;11.7949;11.9434;11.9374;12.0266;12.2189;12.44;12.5898;12.7867;12.8515;12.8179;13.0075;12.9757;13.0583;13.3496;13.7486;14.1192;14.4251;14.8296;15",1.74302
"0.45;0.05;0.5"
23.3962,2.97975,3.51224,"20.9033;20.585;20.1359;19.8532;19.4262;19.0388;18.7176;18.4203;18.1716;17.7286;17.4417;17.1108;16.8082;16.6111;16.3621;15.9571;15.6774;15.5187;15.1281;14.8782;14.4232;14.0197;13.7045;13.3842;13.0212;12.939;12.4673;12.0116;11.6094;11.1135;10.8368;10.4573;10.0716;9.62233;9.23205;8.77237;8.55557;8.2221;7.82715;7.44861;7.0463;6.95975;6.49864;6.16513;5.76005;5.26494;4.86532;4.4234;4.03849;3.74567;3.3469;3.04346;2.81352;2.36689;2.17769;2.02463;1.79833;1.6124;1.37326;1.25339;1.05686;1","14.9879;14.7997;14.6341;14.5411;14.2871;14.0549;13.8263;13.7169;13.6489;13.4295;13.2121;12.9927;12.7638;12.5443;12.3519;12.0791;11.7638;11.6299;11.3694;11.1917;11.0111;10.7997;10.6523;10.4002;10.2093;10.1407;10.0073;9.84202;9.67998;9.62746;9.64503;9.6697;9.93193;10.1243;10.372;10.5397;10.6658;10.8215;11.0078;11.1768;11.3668;11.4176;11.6016;11.7949;11.9434;11.9374;12.0266;12.2189;12.44;12.5898;12.7155;12.76;12.8149;13.0075;12.9757;13.0583;13.3496;13.7486;14.1192;14.4251;14.8296;15",1.60243
"0.45;0.1;0.45"
23.372,2.36662,3.29047,"20.8928;20.5962;20.2725;19.931;19.5324;19.2172;19.133;18.765;18.4857;18.0794;17.8241;17.5038;17.202;16.9104;16.6111;16.3621;15.9571;15.6774;15.2753;14.9151;14.6588;14.4232;14.0127;13.7045;13.5265;13.4907;13.2858;12.939;12.4673;12.0116;11.6094;11.1135;10.8368;10.4573;10.0716;9.66333;9.332;8.98567;8.77237;8.55557;8.2221;7.82715;7.44861;7.0463;6.95975;6.49864;6.16513;5.74601;5.55956;5.20076;4.86743;4.52076;4.03849;3.74567;3.3469;3.04346;2.81352;2.36689;2.17769;2.02463;1.79833;1.6124;1.37326;1.25339;1.05686;1","14.8921;14.7591;14.5641;14.381;14.1258;13.8279;13.7644;13.5196;13.4167;13.278;13.1678;12.9542;12.8833;12.8016;12.5443;12.3519;12.0791;11.7638;11.5801;11.3643;11.2053;11.0111;10.8792;10.6523;10.4749;10.3967;10.2732;10.1407;10.0073;9.84202;9.67998;9.62746;9.64503;9.6697;9.93193;10.0405;10.1996;10.3595;10.5397;10.6658;10.8215;11.0078;11.1768;11.3668;11.4176;11.6016;11.7949;11.8622;11.8785;12.0996;12.2194;12.3115;12.44;12.5898;12.7155;12.76;12.8149;13.0075;12.9757;13.0583;13.3496;13.7486;14.1192;14.4251;14.8296;15",1.34662
"0.45;0.15;0.4"
23.4278,1.85992,3.65295,"20.9033;20.585;20.1359;19.8532;19.4606;19.046;18.7884;18.3752;18.1716;17.7286;17.4417;17.1108;16.808;16.358;16.0964;15.7128;15.402;15.2706;14.9551;14.5949;14.3911;14.1621;13.7702;13.5152;13.2142;13.0212;12.7483;12.2574;12.0116;11.6109;11.5591;11.2528;11.018;10.6811;10.1956;9.91594;9.60626;9.20606;8.98567;8.77237;8.55557;8.2221;7.82715;7.44861;7.0463;6.95975;6.49864;6.16513;5.74601;5.48329;5.0411;4.77326;4.4234;4.03849;3.74567;3.3469;2.99205;2.61717;2.26615;2.01888;1.83685;1.55457;1.30539;1.05686;1","14.9879;14.7997;14.6341;14.5411;14.3669;14.1237;13.9995;13.8665;13.6489;13.4295;13.2121;12.9927;12.7685;12.5617;12.4111;12.199;11.922;11.7993;11.5705;11.563;11.4301;11.0602;10.8026;10.7109;10.3406;10.2093;10.0122;9.92332;9.84202;9.62179;9.58968;9.60337;9.55951;9.52511;9.59808;9.8266;9.93576;10.221;10.3595;10.5397;10.6658;10.8215;11.0078;11.1768;11.3668;11.4176;11.6016;11.7949;11.8622;11.8274;11.9266;12.0673;12.2189;12.44;12.5898;12.7155;12.8515;13.0232;13.3529;13.7644;14.102;14.3925;14.5458;14.8296;15",1.29558
"0.45;0.2;0.35"
23.5452,0.752468,3.63852,"20.9033;20.585;20.1359;19.8532;19.4606;19.046;18.7884;18.3752;18.1716;17.7286;17.4417;17.1108;16.808;16.5002;16.1926;15.9571;15.6774;15.2753;14.9151;14.6588;14.4232;14.1048;13.7238;13.6079;13.3539;13.1123;12.6875;12.2726;12.1665;11.6982;11.2013;10.752;10.4924;10.2037;9.98461;9.57246;9.20606;8.946;8.50225;8.22762;8.08184;7.794;7.44627;7.14578;6.89286;6.65272;6.24707;5.84136;5.48329;5.0411;4.77326;4.4234;4.03849;3.74567;3.3469;2.97285;2.61717;2.37309;2.21723;2.01888;1.83685;1.55457;1.30539;1.05686;1","14.9879;14.7997;14.6341;14.5411;14.3669;14.1237;13.9995;13.8665;13.6489;13.4295;13.2121;12.9927;12.7685;12.5474;12.236;12.0791;11.7638;11.5801;11.3643;11.2053;11.0111;10.7246;10.4641;10.3559;10.1955;10.0132;9.80774;9.53109;9.48115;9.48382;9.48778;9.47437;9.38891;9.42527;9.46894;9.56574;9.78962;9.86618;10.0299;10.3311;10.5112;10.7273;10.9164;11.1005;11.2134;11.4276;11.4837;11.7104;11.8274;11.9266;12.0673;12.2189;12.44;12.5898;12.7155;12.8367;13.0232;13.2624;13.4731;13.7644;14.102;14.3925;14.5458;14.8296;15",1.10617
"0.45;0.25;0.3"
23.552,1.11302,3.41754,"20.8928;20.5962;20.3293;20.0448;19.7552;19.5342;19.133;18.765;18.4857;18.0794;17.8241;17.5038;17.202;16.9104;16.6111;16.3621;16.1926;15.8684;15.6774;15.2753;14.9551;14.8782;14.6326;14.38;14.1048;13.7045;13.5265;13.2435;13.0212;12.7483;12.4308;12.0116;11.6094;11.2528;11.018;10.752;10.389;9.98461;9.57246;9.20606;8.76023;8.50225;8.17712;7.70267;7.25357;6.88388;6.68443;6.42002;6.18116;5.83092;5.56812;5.24255;4.86532;4.4234;4.03849;3.74567;3.3469;2.97285;2.61717;2.37309;2.21723;2.01888;1.83685;1.55457;1.30539;1.05686;1","14.8921;14.7591;14.5682;14.435;14.1389;14.0607;13.7644;13.5196;13.4167;13.278;13.1678;12.9542;12.8833;12.8016;12.5443;12.3519;12.236;11.8672;11.7638;11.5801;11.5705;11.1917;11.0194;10.8152;10.7246;10.6523;10.4749;10.3028;10.2093;10.0122;9.90345;9.84202;9.67998;9.60337;9.55951;9.47437;9.53444;9.46894;9.56574;9.78962;9.86288;10.0299;10.2515;10.3333;10.5433;10.7619;10.9166;10.9916;11.0925;11.3556;11.5361;11.8475;12.0266;12.2189;12.44;12.5898;12.7155;12.8367;13.0232;13.2624;13.4731;13.7644;14.102;14.3925;14.5458;14.8296;15",0.873403
"0.45;0.3;0.25"
23.5233,0.904926,3.6383,"20.9033;20.585;20.1359;19.8532;19.4606;19.046;18.7884;18.3752;18.1716;17.7286;17.4417;17.1108;16.808;16.5002;16.1926;15.8684;15.6774;15.2753;14.9151;14.6588;14.4232;14.1048;13.7238;13.6079;13.3225;13.1445;12.9405;12.7549;12.2726;11.7848;11.6109;11.1135;10.8425;10.5443;10.1956;9.78569;9.34595;9.20606;8.82397;8.43074;8.33203;7.97791;7.70267;7.25357;6.88388;6.68443;6.42002;6.18116;5.83092;5.56812;5.24255;4.86532;4.4234;4.03849;3.74567;3.3469;2.97285;2.61717;2.37309;2.21723;2.01888;1.83685;1.55457;1.30539;1.05686;1","14.9879;14.7997;14.6341;14.5411;14.3669;14.1237;13.9995;13.8665;13.6489;13.4295;13.2121;12.9927;12.7685;12.5474;12.236;11.8672;11.7638;11.5801;11.3643;11.2053;11.0111;10.7246;10.4641;10.3559;10.069;9.95926;9.73392;9.61047;9.53109;9.60863;9.62179;9.62746;9.60994;9.62373;9.59808;9.58162;9.72479;9.78962;9.95209;10.2376;10.2724;10.3052;10.3333;10.5433;10.7619;10.9166;10.9916;11.0925;11.3556;11.5361;11.8475;12.0266;12.2189;12.44;12.5898;12.7155;12.8367;13.0232;13.2624;13.4731;13.7644;14.102;14.3925;14.5458;14.8296;15",0.737402
"0.45;0.35;0.2"
20.6738,0.819633,10.3369,"21.2434;20.8928;20.6922;20.206;19.7897;19.3287;19.1166;18.7107;18.2818;18.0358;17.6408;17.397;17.0789;16.6307;16.3073;15.9702;15.5697;15.4594;15.2459;14.86;14.4858;14.1439;13.7811;13.4012;13.0941;12.7187;12.4562;12.018;11.574;11.3578;11.0602;10.5761;10.1285;9.80564;9.46331;9.25016;8.88695;8.5278;8.06927;7.80089;7.33956;6.9597;6.58911;6.26652;5.92763;5.56156;5.25192;4.9221;4.5299;4.12896;3.80643;3.44099;3.04391;2.57196;2.19378;1.95434;1.4819;1","14.9924;14.8921;14.8344;14.9063;15.0359;15.1075;15.1267;15.1452;15.2442;15.3774;15.5239;15.5418;15.5802;15.6587;15.8059;15.8029;15.7844;15.7818;15.7773;15.7981;15.852;15.946;15.9603;16.0784;16.1479;16.1591;16.2031;16.2551;16.3302;16.3502;16.4221;16.4047;16.3602;16.4156;16.4374;16.4511;16.4788;16.4175;16.3874;16.363;16.2879;16.2373;16.1498;16.0879;16.0656;15.9847;15.9123;15.8521;15.8052;15.7974;15.7668;15.6497;15.4799;15.385;15.2201;15.1411;15.1307;15",1.57172
"0.45;0.4;0.15"
20.6738,0.819633,10.3369,"21.2434;20.8928;20.6922;20.206;19.7897;19.3287;19.1166;18.7107;18.2818;18.0358;17.6408;17.397;17.0789;16.6307;16.3073;15.9702;15.5697;15.4594;15.2459;14.86;14.4858;14.1439;13.7811;13.4012;13.0941;12.7187;12.4562;12.018;11.574;11.3578;11.0602;10.5761;10.1285;9.80564;9.46331;9.25016;8.88695;8.5278;8.06927;7.80089;7.33956;6.9597;6.58911;6.26652;5.92763;5.56156;5.25192;4.9221;4.5299;4.12896;3.80643;3.44099;3.04391;2.57196;2.19378;1.95434;1.4819;1","14.9924;14.8921;14.8344;14.9063;15.0359;15.1075;15.1267;15.1452;15.2442;15.3774;15.5239;15.5418;15.5802;15.6587;15.8059;15.8029;15.7844;15.7818;15.7773;15.7981;15.852;15.946;15.9603;16.0784;16.1479;16.1591;16.2031;16.2551;16.3302;16.3502;16.4221;16.4047;16.3602;16.4156;16.4374;16.4511;16.4788;16.4175;16.3874;16.363;16.2879;16.2373;16.1498;16.0879;16.0656;15.9847;15.9123;15.8521;15.8052;15.7974;15.7668;15.6497;15.4799;15.385;15.2201;15.1411;15.1307;15",1.57172
"0.45;0.45;0.1"
20.9548,0.219544,10.4774,"21.2434;20.8107;20.3364;19.9471;19.6268;19.2276;18.7814;18.682;18.4677;18.0401;17.8381;17.5172;17.1925;16.873;16.5391;16.1138;15.6439;15.3701;14.9817;14.5269;14.2421;13.873;13.4882;13.3712;12.9912;12.5334;12.0692;11.6599;11.276;10.834;10.421;10.0734;9.67717;9.29487;8.94739;8.73161;8.28902;7.80089;7.33956;6.9597;6.58911;6.26652;5.92763;5.56156;5.25192;4.9221;4.5299;4.12896;3.80643;3.44099;3.04391;2.57196;2.19378;1.95434;1.4819;1","14.9924;15.1994;15.1857;15.2717;15.4009;15.5453;15.7211;15.7268;15.7859;15.9291;15.9747;16.0327;16.0948;16.161;16.2559;16.2362;16.1901;16.3586;16.3981;16.4569;16.4936;16.6286;16.7922;16.8044;16.9099;17.0274;16.9587;17.061;17.2049;17.1506;17.0524;16.9841;16.9012;16.8014;16.5663;16.5142;16.4312;16.363;16.2879;16.2373;16.1498;16.0879;16.0656;15.9847;15.9123;15.8521;15.8052;15.7974;15.7668;15.6497;15.4799;15.385;15.2201;15.1411;15.1307;15",1.44527
"0.45;0.5;0.05"
21.027,0.293492,10.5135,"21.2434;20.8928;20.6922;20.206;19.7668;19.3123;18.8164;18.3984;18.0164;17.7441;17.5231;17.2627;16.8394;16.5771;16.1992;16.0815;15.8539;15.4594;15.1838;14.7308;14.4858;14.1439;13.7057;13.5179;13.1905;12.8152;12.4174;12.0827;11.8885;11.4954;11.0305;10.6028;10.2031;10.0734;9.68514;9.29349;9.01516;8.78293;8.53637;8.21731;7.94283;7.7263;7.34912;6.8772;6.55523;6.10162;5.96859;5.56156;5.25192;4.9221;4.5299;4.12896;3.80643;3.44099;3.04391;2.57196;2.19378;1.95434;1.4819;1","14.9924;14.8921;14.8344;14.9063;14.8228;14.814;14.8544;14.944;15.0331;15.1322;15.2422;15.2839;15.3572;15.4331;15.5533;15.6163;15.7034;15.7818;15.7771;15.7997;15.852;15.946;16.1486;16.2093;16.2863;16.3594;16.429;16.6787;16.8243;16.8689;16.9219;16.9583;17.0374;16.9841;17.0331;17.0998;17.1214;17.1078;17.0539;16.9701;16.8943;16.8336;16.657;16.5004;16.3783;16.1859;16.1279;15.9847;15.9123;15.8521;15.8052;15.7974;15.7668;15.6497;15.4799;15.385;15.2201;15.1411;15.1307;15",1.41275
"0.45;0.55;0"
23.047,92.2128,3.40769,"20.8928;20.5962;20.2725;19.931;19.5324;19.2172;19.133;18.765;18.4857;18.0794;17.8241;17.3777;16.9259;16.8082;16.5002;16.1131;15.9118;15.5048;15.1635;14.7701;14.3911;14.0309;13.7673;13.5121;13.0913;12.7229;12.377;12.168;11.8284;11.3426;10.8905;10.5497;10.1358;9.67438;9.23205;8.77237;8.55557;8.2221;7.82715;7.44861;7.0463;6.95975;6.49864;6.16513;5.76005;5.26494;4.86532;4.4234;4.03849;3.74567;3.3469;3.04346;2.81352;2.36689;2.17769;2.02463;1.79833;1.6124;1.37326;1.25339;1.05686;1","14.8921;14.7591;14.5641;14.381;14.1258;13.8279;13.7644;13.5196;13.4167;13.278;13.1678;13.0373;12.8248;12.7638;12.5474;12.3263;12.1774;11.992;11.8733;11.6743;11.4301;11.2447;11.0719;10.9172;10.7399;10.4108;10.1604;10.1267;10.0985;9.98294;9.93864;10.0179;10.0745;10.1658;10.372;10.5397;10.6658;10.8215;11.0078;11.1768;11.3668;11.4176;11.6016;11.7949;11.9434;11.9374;12.0266;12.2189;12.44;12.5898;12.7155;12.76;12.8149;13.0075;12.9757;13.0583;13.3496;13.7486;14.1192;14.4251;14.8296;15",1.74188
"0.5;0;0.5"
23.3195,5.94707,3.41042,"20.8928;20.5962;20.2725;19.931;19.5324;19.2172;19.133;18.765;18.4857;18.0794;17.8241;17.3777;16.9259;16.808;16.358;16.0964;15.7128;15.402;15.1635;14.9423;14.4744;14.1621;14.0197;13.7045;13.3842;13.0212;12.5511;12.1521;12.0626;11.5954;11.1993;11.159;10.6922;10.3002;10.0531;9.67438;9.23205;8.77237;8.55557;8.2221;7.82715;7.44861;7.0463;6.95975;6.49864;6.16513;5.74601;5.55956;5.20076;4.86743;4.52076;4.03849;3.74567;3.3469;3.04346;2.81352;2.36689;2.17769;2.02463;1.79833;1.6124;1.37326;1.25339;1.05686;1","14.8921;14.7591;14.5641;14.381;14.1258;13.8279;13.7644;13.5196;13.4167;13.278;13.1678;13.0373;12.8248;12.7685;12.5617;12.4111;12.199;11.922;11.8733;11.516;11.3841;11.0602;10.7997;10.6523;10.4002;10.2093;10.0747;9.96186;9.94981;9.78768;9.8335;9.85138;9.78695;9.96381;10.0328;10.1658;10.372;10.5397;10.6658;10.8215;11.0078;11.1768;11.3668;11.4176;11.6016;11.7949;11.8622;11.8785;12.0996;12.2194;12.3115;12.44;12.5898;12.7155;12.76;12.8149;13.0075;12.9757;13.0583;13.3496;13.7486;14.1192;14.4251;14.8296;15",1.56892
"0.5;0.05;0.45"
23.2496,3.32111,3.65308,"20.9033;20.585;20.1359;19.8532;19.4606;19.046;18.7884;18.3752;18.1716;17.7895;17.4417;17.1108;16.808;16.358;16.0964;15.6948;15.3283;14.9501;14.5647;14.3911;14.0781;13.7712;13.4266;13.0947;12.892;12.7691;12.377;12.0626;11.5954;11.2528;10.8368;10.5443;10.2915;9.91594;9.60379;9.20606;8.98567;8.77237;8.55557;8.2221;7.82715;7.44861;7.0463;6.95975;6.49864;6.16513;5.74601;5.48329;5.0411;4.77326;4.4234;4.03849;3.74567;3.3469;2.99205;2.61717;2.26615;2.01888;1.83685;1.55457;1.30539;1.05686;1","14.9879;14.7997;14.6341;14.5411;14.3669;14.1237;13.9995;13.8665;13.6489;13.3544;13.2121;12.9927;12.7685;12.5617;12.4111;12.2756;12.2168;11.9435;11.6547;11.4301;11.0548;10.9429;10.6802;10.5094;10.405;10.3468;10.1604;9.94981;9.78768;9.60337;9.64503;9.62373;9.67;9.8266;9.95788;10.221;10.3595;10.5397;10.6658;10.8215;11.0078;11.1768;11.3668;11.4176;11.6016;11.7949;11.8622;11.8274;11.9266;12.0673;12.2189;12.44;12.5898;12.7155;12.8515;13.0232;13.3529;13.7644;14.102;14.3925;14.5458;14.8296;15",1.48072
"0.5;0.1;0.4"
23.1872,1.93457,3.4081,"20.8928;20.5962;20.2725;19.931;19.5324;19.2172;19.133;18.765;18.4857;18.0794;17.8241;17.5038;17.202;16.808;16.358;16.0964;15.7128;15.402;15.2706;14.912;14.7233;14.4414;14.2192;14.0127;13.7045;13.5265;13.2435;13.0212;12.7483;12.2574;12.0116;11.6094;11.1135;10.8368;10.5443;10.2915;9.91594;9.61412;9.20606;8.81773;8.44289;8.2221;7.82715;7.44861;7.0463;6.95975;6.49864;6.16513;5.74601;5.48329;5.0411;4.77326;4.4234;4.03849;3.74567;3.3469;2.97285;2.61717;2.37309;2.21723;2.01888;1.83685;1.55457;1.30539;1.05686;1","14.8921;14.7591;14.5641;14.381;14.1258;13.8279;13.7644;13.5196;13.4167;13.278;13.1678;12.9542;12.8833;12.7685;12.5617;12.4111;12.199;11.922;11.7993;11.497;11.4485;11.2814;11.1142;10.8792;10.6523;10.4749;10.3028;10.2093;10.0122;9.92332;9.84202;9.67998;9.62746;9.64503;9.62373;9.67;9.8266;10.01;10.221;10.4521;10.6898;10.8215;11.0078;11.1768;11.3668;11.4176;11.6016;11.7949;11.8622;11.8274;11.9266;12.0673;12.2189;12.44;12.5898;12.7155;12.8367;13.0232;13.2624;13.4731;13.7644;14.102;14.3925;14.5458;14.8296;15",1.21946
"0.5;0.15;0.35"
23.3822,1.32407,3.63689,"20.9033;20.585;20.1359;19.8532;19.4606;19.046;18.7884;18.3752;18.1716;17.7286;17.4417;17.1108;16.8082;16.6111;16.3621;15.9571;15.6774;15.5187;15.1281;14.8782;14.6326;14.38;14.0626;13.8873;13.5265;13.2435;13.0212;12.5511;12.1521;11.8743;11.6109;11.2528;11.018;10.6811;10.1956;9.75152;9.34595;8.946;8.50225;8.17712;7.70267;7.25357;6.88388;6.68443;6.42002;6.18116;5.83092;5.56812;5.24255;4.86532;4.4234;4.03849;3.74567;3.3469;2.97285;2.61717;2.37309;2.21723;2.01888;1.83685;1.55457;1.30539;1.05686;1","14.9879;14.7997;14.6341;14.5411;14.3669;14.1237;13.9995;13.8665;13.6489;13.4295;13.2121;12.9927;12.7638;12.5443;12.3519;12.0791;11.7638;11.6299;11.3694;11.1917;11.0194;10.8152;10.7342;10.5687;10.4749;10.3028;10.2093;10.0747;9.96186;9.82509;9.62179;9.60337;9.55951;9.52511;9.59808;9.5442;9.72479;9.86618;10.0299;10.2515;10.3333;10.5433;10.7619;10.9166;10.9916;11.0925;11.3556;11.5361;11.8475;12.0266;12.2189;12.44;12.5898;12.7155;12.8367;13.0232;13.2624;13.4731;13.7644;14.102;14.3925;14.5458;14.8296;15",1.10568
"0.5;0.2;0.3"
23.4065,1.54173,3.41169,"20.8928;20.5962;20.3293;19.931;19.5324;19.2172;19.133;18.765;18.4857;18.0794;17.8241;17.5038;17.202;16.9104;16.6111;16.3621;16.1926;15.8684;15.6774;15.2753;14.9151;14.6588;14.38;14.1048;13.7238;13.2858;12.99;12.6875;12.306;11.8743;11.6109;11.2013;10.752;10.6387;10.2915;9.91594;9.60626;9.20606;8.81773;8.44289;8.2221;7.82715;7.35021;6.89286;6.65272;6.24707;5.84136;5.55956;5.17224;4.86743;4.52076;4.03849;3.74567;3.3469;2.97285;2.61717;2.37309;2.21723;2.01888;1.83685;1.55457;1.30539;1.05686;1","14.8921;14.7591;14.5682;14.381;14.1258;13.8279;13.7644;13.5196;13.4167;13.278;13.1678;12.9542;12.8833;12.8016;12.5443;12.3519;12.236;11.8672;11.7638;11.5801;11.3643;11.2053;10.8152;10.7246;10.4641;10.2732;10.0693;9.80774;9.75559;9.82509;9.62179;9.48778;9.47437;9.51852;9.67;9.8266;9.93576;10.221;10.4521;10.6898;10.8215;11.0078;11.146;11.2134;11.4276;11.4837;11.7104;11.8785;12.0909;12.2194;12.3115;12.44;12.5898;12.7155;12.8367;13.0232;13.2624;13.4731;13.7644;14.102;14.3925;14.5458;14.8296;15",0.871942
"0.5;0.25;0.25"
23.3699,1.36815,3.63677,"20.9033;20.585;20.1359;19.8532;19.4606;19.046;18.7884;18.3752;18.1716;17.7286;17.4417;17.1108;16.808;16.358;16.0964;15.7128;15.5048;15.2706;14.912;14.6588;14.4232;14.1048;13.9191;13.5265;13.2142;12.9183;12.4673;12.0116;11.6768;11.2528;11.018;10.5443;10.1956;9.75152;9.34595;9.04967;8.94734;8.62438;8.24013;7.794;7.44627;7.08103;6.67908;6.26532;5.84136;5.48329;5.24255;4.86532;4.4234;4.03849;3.74567;3.3469;2.97285;2.61717;2.37309;2.21723;2.01888;1.83685;1.55457;1.30539;1.05686;1","14.9879;14.7997;14.6341;14.5411;14.3669;14.1237;13.9995;13.8665;13.6489;13.4295;13.2121;12.9927;12.7685;12.5617;12.4111;12.199;11.992;11.7993;11.497;11.2053;11.0111;10.7246;10.5341;10.4749;10.3406;10.1179;10.0073;9.84202;9.72291;9.60337;9.55951;9.62373;9.59808;9.5442;9.72479;10.0207;10.1608;10.3276;10.5469;10.7273;10.9164;11.1577;11.3431;11.4913;11.7104;11.8274;11.8475;12.0266;12.2189;12.44;12.5898;12.7155;12.8367;13.0232;13.2624;13.4731;13.7644;14.102;14.3925;14.5458;14.8296;15",0.737095
"0.5;0.3;0.2"
20.6738,0.819633,10.3369,"21.2434;20.8928;20.6922;20.206;19.7897;19.3287;19.1166;18.7107;18.2818;18.0358;17.6408;17.397;17.0789;16.6307;16.3073;15.9702;15.5697;15.4594;15.2459;14.86;14.4858;14.1439;13.7811;13.4012;13.0941;12.7187;12.4562;12.018;11.574;11.3578;11.0602;10.5761;10.1285;9.80564;9.46331;9.25016;8.88695;8.5278;8.06927;7.80089;7.33956;6.9597;6.58911;6.26652;5.92763;5.56156;5.25192;4.9221;4.5299;4.12896;3.80643;3.44099;3.04391;2.57196;2.19378;1.95434;1.4819;1","14.9924;14.8921;14.8344;14.9063;15.0359;15.1075;15.1267;15.1452;15.2442;15.3774;15.5239;15.5418;15.5802;15.6587;15.8059;15.8029;15.7844;15.7818;15.7773;15.7981;15.852;15.946;15.9603;16.0784;16.1479;16.1591;16.2031;16.2551;16.3302;16.3502;16.4221;16.4047;16.3602;16.4156;16.4374;16.4511;16.4788;16.4175;16.3874;16.363;16.2879;16.2373;16.1498;16.0879;16.0656;15.9847;15.9123;15.8521;15.8052;15.7974;15.7668;15.6497;15.4799;15.385;15.2201;15.1411;15.1307;15",1.74636
"0.5;0.35;0.15"
20.6738,0.819633,10.3369,"21.2434;20.8928;20.6922;20.206;19.7897;19.3287;19.1166;18.7107;18.2818;18.0358;17.6408;17.397;17.0789;16.6307;16.3073;15.9702;15.5697;15.4594;15.2459;14.86;14.4858;14.1439;13.7811;13.4012;13.0941;12.7187;12.4562;12.018;11.574;11.3578;11.0602;10.5761;10.1285;9.80564;9.46331;9.25016;8.88695;8.5278;8.06927;7.80089;7.33956;6.9597;6.58911;6.26652;5.92763;5.56156;5.25192;4.9221;4.5299;4.12896;3.80643;3.44099;3.04391;2.57196;2.19378;1.95434;1.4819;1","14.9924;14.8921;14.8344;14.9063;15.0359;15.1075;15.1267;15.1452;15.2442;15.3774;15.5239;15.5418;15.5802;15.6587;15.8059;15.8029;15.7844;15.7818;15.7773;15.7981;15.852;15.946;15.9603;16.0784;16.1479;16.1591;16.2031;16.2551;16.3302;16.3502;16.4221;16.4047;16.3602;16.4156;16.4374;16.4511;16.4788;16.4175;16.3874;16.363;16.2879;16.2373;16.1498;16.0879;16.0656;15.9847;15.9123;15.8521;15.8052;15.7974;15.7668;15.6497;15.4799;15.385;15.2201;15.1411;15.1307;15",1.74636
"0.5;0.4;0.1"
20.9464,0.384642,10.4732,"21.2434;20.8107;20.3364;19.9471;19.6268;19.2276;18.7814;18.682;18.4677;18.0401;17.8381;17.5172;17.1925;16.873;16.5391;16.1138;15.6439;15.3701;14.9817;14.5269;14.0804;13.6849;13.5226;13.1905;12.732;12.4882;12.0827;11.6143;11.141;10.7784;10.6625;10.2649;9.85393;9.39732;9.25016;8.88695;8.5278;8.06927;7.80089;7.33956;6.9597;6.58911;6.26652;5.92763;5.56156;5.25192;4.9221;4.5299;4.12896;3.80643;3.44099;3.04391;2.57196;2.19378;1.95434;1.4819;1","14.9924;15.1994;15.1857;15.2717;15.4009;15.5453;15.7211;15.7268;15.7859;15.9291;15.9747;16.0327;16.0948;16.161;16.2559;16.2362;16.1901;16.3586;16.3981;16.4569;16.4009;16.4325;16.488;16.2863;16.4152;16.4979;16.6787;16.5942;16.6695;16.7926;16.8452;16.7399;16.5472;16.4654;16.4511;16.4788;16.4175;16.3874;16.363;16.2879;16.2373;16.1498;16.0879;16.0656;15.9847;15.9123;15.8521;15.8052;15.7974;15.7668;15.6497;15.4799;15.385;15.2201;15.1411;15.1307;15",1.61003
"0.5;0.45;0.05"
20.9041,0.400846,10.452,"21.2434;20.8107;20.4057;20.0413;19.7937;19.3287;19.1166;18.7107;18.2818;18.1179;17.6626;17.397;17.0789;16.6307;16.3073;15.9702;15.5697;15.4594;15.2459;14.86;14.4195;13.939;13.5931;13.1905;12.732;12.4174;11.9328;11.8269;11.6143;11.141;11.0851;10.6087;10.2649;10.1594;9.67717;9.29487;8.94739;8.73161;8.28902;8.12291;7.90667;7.80089;7.33956;6.93802;6.58911;6.26652;5.92763;5.56156;5.25192;4.9221;4.5299;4.12896;3.80643;3.44099;3.04391;2.57196;2.19378;1.95434;1.4819;1","14.9924;15.1994;15.1406;15.1258;15.1572;15.1075;15.1267;15.1452;15.2442;15.3702;15.5251;15.5418;15.5802;15.6587;15.8059;15.8029;15.7844;15.7818;15.7773;15.7981;16.0227;16.1404;16.2802;16.2863;16.4152;16.429;16.5197;16.5682;16.5942;16.6695;16.6489;16.6182;16.7399;16.7988;16.9012;16.8014;16.5663;16.5142;16.4312;16.4354;16.3958;16.363;16.2879;16.2447;16.1498;16.0879;16.0656;15.9847;15.9123;15.8521;15.8052;15.7974;15.7668;15.6497;15.4799;15.385;15.2201;15.1411;15.1307;15",1.6312
"0.5;0.5;0"
22.8602,93.9841,4.06686,"20.9033;20.585;20.1359;19.8532;19.4606;19.046;18.7884;18.3752;18.0124;17.7657;17.4029;17.0494;16.6937;16.3108;16.1644;15.8175;15.4425;15.2139;14.9501;14.5647;14.151;13.8324;13.4435;13.0913;12.7229;12.377;12.168;11.8284;11.3426;10.8905;10.5497;10.1358;9.67438;9.23205;9.01525;8.68509;8.27658;7.93401;7.76492;7.34251;7.06897;6.88142;6.57395;6.10803;5.80364;5.4586;5.34239;4.85143;4.56146;4.10096;3.81067;3.60135;3.12807;2.90433;2.67526;2.31877;2.0391;1.70289;1.42471;1","14.9879;14.7997;14.6341;14.5411;14.3669;14.1237;13.9995;13.8665;13.7303;13.5506;13.3529;13.208;13.0826;12.83;12.73;12.4721;12.227;12.0887;11.9435;11.6547;11.4057;11.1864;10.9968;10.7399;10.4108;10.1604;10.1267;10.0985;9.98294;9.93864;10.0179;10.0745;10.1658;10.372;10.5164;10.8624;11.0523;11.2252;11.5095;11.7388;11.9212;11.9514;12.0936;12.2735;12.3852;12.5478;12.5899;12.6808;12.7051;12.8304;12.8978;12.9075;13.0225;13.2173;13.4577;13.8074;14.1584;14.4704;14.774;15",1.85201
"0.55;0;0.45"
23.0342,5.39248,3.42218,"20.8928;20.5962;20.2725;19.931;19.5324;19.2172;19.133;18.765;18.4857;18.0794;17.8241;17.5038;17.202;16.808;16.358;16.0964;15.7128;15.402;15.1635;14.9482;14.8288;14.3911;14.0309;13.7673;13.3922;13.2135;12.892;12.5735;12.4293;12.0626;11.5954;11.1993;10.7145;10.5501;10.0716;9.61412;9.20606;8.81773;8.44289;8.2221;7.82715;7.44861;7.0463;6.95975;6.49864;6.16513;5.74601;5.48329;5.0411;4.77326;4.4234;4.03849;3.74567;3.3469;2.99205;2.61717;2.26615;2.01888;1.83685;1.55457;1.30539;1.05686;1","14.8921;14.7591;14.5641;14.381;14.1258;13.8279;13.7644;13.5196;13.4167;13.278;13.1678;12.9542;12.8833;12.7685;12.5617;12.4111;12.199;11.922;11.8733;11.6515;11.5728;11.4301;11.2447;11.0719;10.7955;10.6315;10.405;10.1935;10.0795;9.94981;9.78768;9.8335;9.88572;9.93073;9.93193;10.01;10.221;10.4521;10.6898;10.8215;11.0078;11.1768;11.3668;11.4176;11.6016;11.7949;11.8622;11.8274;11.9266;12.0673;12.2189;12.44;12.5898;12.7155;12.8515;13.0232;13.3529;13.7644;14.102;14.3925;14.5458;14.8296;15",1.3993
"0.55;0.05;0.4"
23.2333,2.99212,3.6354,"20.9033;20.585;20.1359;19.8532;19.4606;19.046;18.7884;18.3752;18.1716;17.7286;17.4417;17.1108;16.808;16.358;16.0964;15.9118;15.5048;15.1635;14.9551;14.7233;14.4414;14.1621;14.0197;13.7045;13.3842;13.0212;12.5511;12.1521;12.0626;11.5954;11.1993;11.159;10.6922;10.3134;9.91594;9.61412;9.20606;8.81773;8.44289;8.2221;7.82715;7.35021;6.89286;6.65272;6.24707;5.84136;5.48329;5.0411;4.77326;4.4234;4.03849;3.74567;3.3469;2.97285;2.61717;2.37309;2.21723;2.01888;1.83685;1.55457;1.30539;1.05686;1","14.9879;14.7997;14.6341;14.5411;14.3669;14.1237;13.9995;13.8665;13.6489;13.4295;13.2121;12.9927;12.7685;12.5617;12.4111;12.1774;11.992;11.8733;11.5705;11.4485;11.2814;11.0602;10.7997;10.6523;10.4002;10.2093;10.0747;9.96186;9.94981;9.78768;9.8335;9.85138;9.78695;9.71578;9.8266;10.01;10.221;10.4521;10.6898;10.8215;11.0078;11.146;11.2134;11.4276;11.4837;11.7104;11.8274;11.9266;12.0673;12.2189;12.44;12.5898;12.7155;12.8367;13.0232;13.2624;13.4731;13.7644;14.102;14.3925;14.5458;14.8296;15",1.28944
"0.55;0.1;0.35"
23.2143,1.93015,3.63521,"20.9033;20.585;20.1359;19.8532;19.4606;19.046;18.7884;18.3752;18.1716;17.7286;17.4417;17.1108;16.808;16.5002;16.1926;15.9571;15.6774;15.5187;15.1281;14.8782;14.6326;14.38;14.1048;13.8873;13.4907;13.2858;12.9183;12.4673;12.0116;11.6094;11.1135;10.8368;10.4573;10.3134;9.91594;9.61412;9.20606;8.81773;8.44289;8.2221;7.82715;7.35021;6.89286;6.65272;6.24707;5.84136;5.55956;5.17224;4.86743;4.52076;4.03849;3.74567;3.3469;2.97285;2.61717;2.37309;2.21723;2.01888;1.83685;1.55457;1.30539;1.05686;1","14.9879;14.7997;14.6341;14.5411;14.3669;14.1237;13.9995;13.8665;13.6489;13.4295;13.2121;12.9927;12.7685;12.5474;12.236;12.0791;11.7638;11.6299;11.3694;11.1917;11.0194;10.8152;10.7246;10.5687;10.3967;10.2732;10.1179;10.0073;9.84202;9.67998;9.62746;9.64503;9.6697;9.71578;9.8266;10.01;10.221;10.4521;10.6898;10.8215;11.0078;11.146;11.2134;11.4276;11.4837;11.7104;11.8785;12.0909;12.2194;12.3115;12.44;12.5898;12.7155;12.8367;13.0232;13.2624;13.4731;13.7644;14.102;14.3925;14.5458;14.8296;15",1.10518
"0.55;0.15;0.3"
23.4544,2.23706,3.63761,"20.9033;20.585;20.1359;19.8532;19.4606;19.046;18.7884;18.3752;18.1716;17.7286;17.4417;17.1108;16.808;16.358;16.0964;15.7128;15.402;15.3356;14.9482;14.8288;14.4414;14.1621;14.0197;13.7045;13.5265;13.2435;12.7691;12.5511;12.1521;12.0626;11.6768;11.6094;11.1135;10.6811;10.1956;9.91594;9.61412;9.20606;8.81773;8.55557;8.08481;7.68735;7.25007;6.79577;6.3505;6.03676;5.83092;5.56812;5.24255;4.86532;4.4234;4.03849;3.74567;3.3469;2.97285;2.61717;2.37309;2.21723;2.01888;1.83685;1.55457;1.30539;1.05686;1","14.9879;14.7997;14.6341;14.5411;14.3669;14.1237;13.9995;13.8665;13.6489;13.4295;13.2121;12.9927;12.7685;12.5617;12.4111;12.199;11.922;11.8684;11.6515;11.5728;11.2814;11.0602;10.7997;10.6523;10.4749;10.3028;10.3468;10.0747;9.96186;9.94981;9.72291;9.67998;9.62746;9.52511;9.59808;9.8266;10.01;10.221;10.4521;10.6658;10.7557;11.0365;11.1539;11.2079;11.2614;11.3447;11.3556;11.5361;11.8475;12.0266;12.2189;12.44;12.5898;12.7155;12.8367;13.0232;13.2624;13.4731;13.7644;14.102;14.3925;14.5458;14.8296;15",0.92158
"0.55;0.2;0.25"
20.5805,2.05145,10.2902,"21.1839;20.8928;20.6922;20.206;19.7897;19.3287;19.1166;18.7107;18.2818;18.0358;17.6408;17.397;17.0789;16.6307;16.4525;16.1309;15.8539;15.4594;15.2459;14.86;14.4858;14.0836;13.7811;13.4012;13.0941;12.7187;12.3002;12.0631;11.7032;11.286;10.811;10.5137;10.116;9.66432;9.16761;8.9882;8.56228;8.12081;7.65745;7.27659;6.89924;6.713;6.26652;5.92763;5.56156;5.25192;4.9221;4.5299;4.12896;3.80643;3.44099;3.04391;2.57196;2.19378;1.95434;1.4819;1","14.925;14.8921;14.8344;14.9063;15.0359;15.1075;15.1267;15.1452;15.2442;15.3774;15.5239;15.5418;15.5802;15.6587;15.6991;15.6879;15.7034;15.7818;15.7773;15.7981;15.852;15.8574;15.9603;16.0784;16.1479;16.1591;16.1224;16.1418;16.2313;16.2512;16.2242;16.1998;16.0541;16.0249;16.0625;16.0381;16.0449;16.0056;15.9988;15.9957;15.9957;15.988;16.0879;16.0656;15.9847;15.9123;15.8521;15.8052;15.7974;15.7668;15.6497;15.4799;15.385;15.2201;15.1411;15.1307;15",2.07791
"0.55;0.25;0.2"
20.656,1.25919,10.328,"21.2434;20.8928;20.6922;20.206;19.7897;19.3287;19.1166;18.7107;18.2818;18.0358;17.6408;17.397;17.0789;16.6307;16.4525;16.1309;15.8539;15.4594;15.2459;14.86;14.4858;14.0836;13.74;13.2788;12.92;12.4469;12.0631;11.7032;11.3542;10.959;10.5584;10.1285;9.80564;9.46331;9.25016;8.88695;8.5278;8.06927;7.80089;7.33956;6.9597;6.58911;6.26652;5.92763;5.56156;5.25192;4.9221;4.5299;4.12896;3.80643;3.44099;3.04391;2.57196;2.19378;1.95434;1.4819;1","14.9924;14.8921;14.8344;14.9063;15.0359;15.1075;15.1267;15.1452;15.2442;15.3774;15.5239;15.5418;15.5802;15.6587;15.6991;15.6879;15.7034;15.7818;15.7773;15.7981;15.852;15.8574;15.9022;15.8347;15.9457;16.0606;16.1418;16.2313;16.2733;16.2709;16.3281;16.3602;16.4156;16.4374;16.4511;16.4788;16.4175;16.3874;16.363;16.2879;16.2373;16.1498;16.0879;16.0656;15.9847;15.9123;15.8521;15.8052;15.7974;15.7668;15.6497;15.4799;15.385;15.2201;15.1411;15.1307;15",1.93078
"0.55;0.3;0.15"
20.6738,0.819633,10.3369,"21.2434;20.8928;20.6922;20.206;19.7897;19.3287;19.1166;18.7107;18.2818;18.0358;17.6408;17.397;17.0789;16.6307;16.3073;15.9702;15.5697;15.4594;15.2459;14.86;14.4858;14.1439;13.7811;13.4012;13.0941;12.7187;12.4562;12.018;11.574;11.3578;11.0602;10.5761;10.1285;9.80564;9.46331;9.25016;8.88695;8.5278;8.06927;7.80089;7.33956;6.9597;6.58911;6.26652;5.92763;5.56156;5.25192;4.9221;4.5299;4.12896;3.80643;3.44099;3.04391;2.57196;2.19378;1.95434;1.4819;1","14.9924;14.8921;14.8344;14.9063;15.0359;15.1075;15.1267;15.1452;15.2442;15.3774;15.5239;15.5418;15.5802;15.6587;15.8059;15.8029;15.7844;15.7818;15.7773;15.7981;15.852;15.946;15.9603;16.0784;16.1479;16.1591;16.2031;16.2551;16.3302;16.3502;16.4221;16.4047;16.3602;16.4156;16.4374;16.4511;16.4788;16.4175;16.3874;16.363;16.2879;16.2373;16.1498;16.0879;16.0656;15.9847;15.9123;15.8521;15.8052;15.7974;15.7668;15.6497;15.4799;15.385;15.2201;15.1411;15.1307;15",1.92099
"0.55;0.35;0.1"
20.8248,0.462133,10.4124,"21.2434;20.8107;20.4057;20.0413;19.7937;19.3287;19.1166;18.7107;18.2818;17.9746;17.5231;17.2627;16.8394;16.5771;16.1992;16.0815;15.8539;15.4594;15.1838;14.7308;14.3766;13.939;13.5179;13.1366;12.8152;12.3342;11.8566;11.6143;11.141;10.8627;10.6087;10.169;9.80564;9.46331;9.25016;8.88695;8.5278;8.06927;7.80089;7.33956;6.9597;6.58911;6.26652;5.92763;5.56156;5.25192;4.9221;4.5299;4.12896;3.80643;3.44099;3.04391;2.57196;2.19378;1.95434;1.4819;1","14.9924;15.1994;15.1406;15.1258;15.1572;15.1075;15.1267;15.1452;15.2442;15.2799;15.2422;15.2839;15.3572;15.4331;15.5533;15.6163;15.7034;15.7818;15.7771;15.7997;16.0373;16.1404;16.2093;16.2861;16.3594;16.435;16.582;16.5942;16.6695;16.787;16.6182;16.5012;16.4156;16.4374;16.4511;16.4788;16.4175;16.3874;16.363;16.2879;16.2373;16.1498;16.0879;16.0656;15.9847;15.9123;15.8521;15.8052;15.7974;15.7668;15.6497;15.4799;15.385;15.2201;15.1411;15.1307;15",1.83791
"0.55;0.4;0.05"
20.9722,0.415296,10.4861,"21.2434;20.8107;20.4057;20.0413;19.7937;19.3287;19.1166;18.7107;18.2818;17.9746;17.6408;17.397;17.0789;16.6307;16.3073;15.8473;15.4594;15.2645;14.8977;14.7904;14.3766;14.0966;13.7057;13.5179;13.1905;12.732;12.4882;12.3342;11.9317;11.6143;11.141;10.8627;10.6087;10.2649;9.85393;9.50278;9.04206;8.94739;8.73161;8.28902;8.12291;7.90667;7.80089;7.33956;6.93802;6.58911;6.26652;5.92763;5.56156;5.25192;4.9221;4.5299;4.12896;3.80643;3.44099;3.04391;2.57196;2.19378;1.95434;1.4819;1","14.9924;15.1994;15.1406;15.1258;15.1572;15.1075;15.1267;15.1452;15.2442;15.2799;15.5239;15.5418;15.5802;15.6587;15.8059;15.8056;15.7818;15.9277;16.0752;16.089;16.0373;16.1362;16.1486;16.2093;16.2863;16.4152;16.4979;16.435;16.5722;16.5942;16.6695;16.787;16.6182;16.7399;16.5472;16.5889;16.5705;16.5663;16.5142;16.4312;16.4354;16.3958;16.363;16.2879;16.2447;16.1498;16.0879;16.0656;15.9847;15.9123;15.8521;15.8052;15.7974;15.7668;15.6497;15.4799;15.385;15.2201;15.1411;15.1307;15",1.75685
"0.55;0.45;0"
22.9181,65.6198,3.87127,"20.9033;20.585;20.1359;19.8532;19.4606;19.046;18.7884;18.3752;18.0124;17.7657;17.4029;17.0494;16.6937;16.3108;16.1644;15.8175;15.4425;15.2139;14.9501;14.5647;14.151;13.8324;13.4435;13.0913;12.7229;12.377;12.168;11.8284;11.3426;10.8905;10.8276;10.5501;10.0716;9.66333;9.332;8.98567;8.81773;8.44289;8.2221;7.82715;7.44861;7.0463;6.95975;6.49864;6.16513;5.74601;5.55956;5.17224;4.86743;4.52076;4.03849;3.74567;3.3469;2.97285;2.61717;2.37309;2.21723;2.01888;1.83685;1.55457;1.30539;1.05686;1","14.9879;14.7997;14.6341;14.5411;14.3669;14.1237;13.9995;13.8665;13.7303;13.5506;13.3529;13.208;13.0826;12.83;12.73;12.4721;12.227;12.0887;11.9435;11.6547;11.4057;11.1864;10.9968;10.7399;10.4108;10.1604;10.1267;10.0985;9.98294;9.93864;9.91329;9.93073;9.93193;10.0405;10.1996;10.3595;10.4521;10.6898;10.8215;11.0078;11.1768;11.3668;11.4176;11.6016;11.7949;11.8622;11.8785;12.0909;12.2194;12.3115;12.44;12.5898;12.7155;12.8367;13.0232;13.2624;13.4731;13.7644;14.102;14.3925;14.5458;14.8296;15",1.56799
"0.6;0;0.4"
23.2117,5.69511,3.87421,"20.9033;20.585;20.1359;19.8532;19.4606;19.046;18.7884;18.3752;18.0124;17.7657;17.4029;17.0494;16.6937;16.3108;16.1644;15.8175;15.4425;15.1635;14.9551;14.7233;14.4414;14.1621;14.0197;13.7045;13.5265;13.2858;12.939;12.4673;12.0626;11.5954;11.1993;10.7145;10.5501;10.0716;9.67438;9.23205;8.77237;8.55557;8.2221;7.82715;7.35021;7.25007;6.79577;6.31298;5.83092;5.56812;5.24255;4.86532;4.4234;4.03849;3.74567;3.3469;2.97285;2.61717;2.37309;2.21723;2.01888;1.83685;1.55457;1.30539;1.05686;1","14.9879;14.7997;14.6341;14.5411;14.3669;14.1237;13.9995;13.8665;13.7303;13.5506;13.3529;13.208;13.0826;12.83;12.73;12.4721;12.227;11.8733;11.5705;11.4485;11.2814;11.0602;10.7997;10.6523;10.4749;10.2732;10.1407;10.0073;9.94981;9.78768;9.8335;9.88572;9.93073;9.93193;10.1658;10.372;10.5397;10.6658;10.8215;11.0078;11.146;11.1539;11.2079;11.2251;11.3556;11.5361;11.8475;12.0266;12.2189;12.44;12.5898;12.7155;12.8367;13.0232;13.2624;13.4731;13.7644;14.102;14.3925;14.5458;14.8296;15",1.37302
"0.6;0.05;0.35"
23.2307,3.03104,3.8759,"20.9033;20.585;20.1359;19.8532;19.4606;19.046;18.7884;18.3752;18.0124;17.8109;17.4298;17.0494;16.6937;16.3108;16.1644;15.8175;15.4425;15.1635;14.7701;14.3911;14.0781;13.8486;13.5152;13.129;12.7691;12.377;12.0626;11.6768;11.6094;11.1135;10.8368;10.5443;10.2915;9.91594;9.61412;9.20606;8.81773;8.44289;8.2221;7.82715;7.35021;6.89286;6.65272;6.24707;5.84136;5.55956;5.17224;4.86743;4.52076;4.03849;3.74567;3.3469;2.97285;2.61717;2.37309;2.21723;2.01888;1.83685;1.55457;1.30539;1.05686;1","14.9879;14.7997;14.6341;14.5411;14.3669;14.1237;13.9995;13.8665;13.7303;13.6276;13.3507;13.208;13.0826;12.83;12.73;12.4721;12.227;11.8733;11.6743;11.4301;11.0548;10.8718;10.7109;10.4207;10.3468;10.1604;9.94981;9.72291;9.67998;9.62746;9.64503;9.62373;9.67;9.8266;10.01;10.221;10.4521;10.6898;10.8215;11.0078;11.146;11.2134;11.4276;11.4837;11.7104;11.8785;12.0909;12.2194;12.3115;12.44;12.5898;12.7155;12.8367;13.0232;13.2624;13.4731;13.7644;14.102;14.3925;14.5458;14.8296;15",1.17738
"0.6;0.1;0.3"
23.1201,2.14103,3.83044,"20.9033;20.585;20.1359;19.8532;19.4606;19.046;18.7884;18.3752;18.1716;17.7286;17.4417;17.1108;16.808;16.358;16.0964;15.7128;15.402;15.3356;14.9482;14.8288;14.4414;14.1621;14.0127;13.7045;13.3842;13.0212;12.939;12.4673;12.0116;11.6768;11.2528;10.8368;10.4573;10.3134;9.91594;9.61412;9.20606;8.81773;8.55557;8.25637;7.93401;7.66727;7.27127;6.88142;6.57395;6.10803;5.80364;5.4586;5.23199;4.85143;4.56146;4.10096;3.81067;3.60135;3.12807;2.90433;2.67526;2.31877;2.0391;1.70289;1.42471;1","14.9879;14.7997;14.6341;14.5411;14.3669;14.1237;13.9995;13.8665;13.6489;13.4295;13.2121;12.9927;12.7685;12.5617;12.4111;12.199;11.922;11.8684;11.6515;11.5728;11.2814;11.0602;10.8792;10.6523;10.4002;10.2093;10.1407;10.0073;9.84202;9.72291;9.60337;9.64503;9.6697;9.71578;9.8266;10.01;10.221;10.4521;10.6658;10.9686;11.2252;11.4392;11.7108;11.9514;12.0936;12.2735;12.3852;12.5478;12.5954;12.6808;12.7051;12.8304;12.8978;12.9075;13.0225;13.2173;13.4577;13.8074;14.1584;14.4704;14.774;15",0.969787
"0.6;0.15;0.25"
20.6522,2.0515,10.3261,"21.2434;20.8928;20.6922;20.206;19.7897;19.3287;19.1166;18.7107;18.2818;18.0358;17.6408;17.397;17.0789;16.6307;16.4525;16.1309;15.8539;15.4594;15.2459;14.86;14.4858;14.0836;13.7811;13.4012;13.0941;12.7187;12.3002;12.0631;11.7032;11.286;10.811;10.5137;10.116;9.66432;9.16761;8.9882;8.56228;8.12081;7.65745;7.27659;6.89924;6.713;6.26652;5.92763;5.56156;5.25192;4.9221;4.5299;4.12896;3.80643;3.44099;3.04391;2.57196;2.19378;1.95434;1.4819;1","14.9924;14.8921;14.8344;14.9063;15.0359;15.1075;15.1267;15.1452;15.2442;15.3774;15.5239;15.5418;15.5802;15.6587;15.6991;15.6879;15.7034;15.7818;15.7773;15.7981;15.852;15.8574;15.9603;16.0784;16.1479;16.1591;16.1224;16.1418;16.2313;16.2512;16.2242;16.1998;16.0541;16.0249;16.0625;16.0381;16.0449;16.0056;15.9988;15.9957;15.9957;15.988;16.0879;16.0656;15.9847;15.9123;15.8521;15.8052;15.7974;15.7668;15.6497;15.4799;15.385;15.2201;15.1411;15.1307;15",2.1086
"0.6;0.2;0.2"
20.6545,1.29201,10.3273,"21.2434;20.8928;20.6922;20.206;19.7897;19.3287;19.1166;18.7107;18.2818;18.0358;17.6408;17.397;17.0789;16.6307;16.4525;16.1309;15.8539;15.4594;15.2459;14.86;14.4858;14.0836;13.74;13.2788;12.92;12.4469;12.0631;11.7032;11.286;10.959;10.5584;10.1285;9.80564;9.46331;9.25016;8.88695;8.5278;8.06927;7.80089;7.33956;6.9597;6.58911;6.26652;5.92763;5.56156;5.25192;4.9221;4.5299;4.12896;3.80643;3.44099;3.04391;2.57196;2.19378;1.95434;1.4819;1","14.9924;14.8921;14.8344;14.9063;15.0359;15.1075;15.1267;15.1452;15.2442;15.3774;15.5239;15.5418;15.5802;15.6587;15.6991;15.6879;15.7034;15.7818;15.7773;15.7981;15.852;15.8574;15.9022;15.8347;15.9457;16.0606;16.1418;16.2313;16.2512;16.2709;16.3281;16.3602;16.4156;16.4374;16.4511;16.4788;16.4175;16.3874;16.363;16.2879;16.2373;16.1498;16.0879;16.0656;15.9847;15.9123;15.8521;15.8052;15.7974;15.7668;15.6497;15.4799;15.385;15.2201;15.1411;15.1307;15",2.10718
"0.6;0.25;0.15"
20.6738,0.819633,10.3369,"21.2434;20.8928;20.6922;20.206;19.7897;19.3287;19.1166;18.7107;18.2818;18.0358;17.6408;17.397;17.0789;16.6307;16.3073;15.9702;15.5697;15.4594;15.2459;14.86;14.4858;14.1439;13.7811;13.4012;13.0941;12.7187;12.4562;12.018;11.574;11.3578;11.0602;10.5761;10.1285;9.80564;9.46331;9.25016;8.88695;8.5278;8.06927;7.80089;7.33956;6.9597;6.58911;6.26652;5.92763;5.56156;5.25192;4.9221;4.5299;4.12896;3.80643;3.44099;3.04391;2.57196;2.19378;1.95434;1.4819;1","14.9924;14.8921;14.8344;14.9063;15.0359;15.1075;15.1267;15.1452;15.2442;15.3774;15.5239;15.5418;15.5802;15.6587;15.8059;15.8029;15.7844;15.7818;15.7773;15.7981;15.852;15.946;15.9603;16.0784;16.1479;16.1591;16.2031;16.2551;16.3302;16.3502;16.4221;16.4047;16.3602;16.4156;16.4374;16.4511;16.4788;16.4175;16.3874;16.363;16.2879;16.2373;16.1498;16.0879;16.0656;15.9847;15.9123;15.8521;15.8052;15.7974;15.7668;15.6497;15.4799;15.385;15.2201;15.1411;15.1307;15",2.09563
"0.6;0.3;0.1"
20.7289,0.511813,10.3645,"21.2434;20.8107;20.4057;20.0413;19.7937;19.3287;19.1166;18.7107;18.2818;18.0358;17.6408;17.397;17.0789;16.6272;16.1992;15.7271;15.4594;15.1838;14.86;14.4858;14.1439;13.7057;13.2522;12.8152;12.3342;11.9317;11.6143;11.1682;10.7551;10.2715;9.80564;9.46331;9.25016;8.88695;8.5278;8.06927;7.80089;7.33956;6.9597;6.58911;6.26652;5.92763;5.56156;5.25192;4.9221;4.5299;4.12896;3.80643;3.44099;3.04391;2.57196;2.19378;1.95434;1.4819;1","14.9924;15.1994;15.1406;15.1258;15.1572;15.1075;15.1267;15.1452;15.2442;15.3774;15.5239;15.5418;15.5802;15.568;15.5533;15.6831;15.7818;15.7771;15.7981;15.852;15.946;16.1486;16.2753;16.3594;16.435;16.5722;16.5942;16.5871;16.5108;16.4647;16.4156;16.4374;16.4511;16.4788;16.4175;16.3874;16.363;16.2879;16.2373;16.1498;16.0879;16.0656;15.9847;15.9123;15.8521;15.8052;15.7974;15.7668;15.6497;15.4799;15.385;15.2201;15.1411;15.1307;15",2.06254
"0.6;0.35;0.05"
20.9199,0.419358,10.4599,"21.2434;20.8107;20.4057;20.0413;19.7937;19.3287;19.1166;18.7107;18.2818;18.0358;17.6408;17.397;17.0789;16.8856;16.5377;16.1309;15.8539;15.4594;15.2645;14.8977;14.7904;14.4429;14.0804;13.7337;13.5226;13.0925;12.8809;12.7374;12.3342;11.9317;11.6143;11.1682;11.0626;10.6087;10.2649;9.85393;9.50278;9.04206;8.94739;8.73161;8.28902;7.80089;7.33956;6.93802;6.58911;6.26652;5.92763;5.56156;5.25192;4.9221;4.5299;4.12896;3.80643;3.44099;3.04391;2.57196;2.19378;1.95434;1.4819;1","14.9924;15.1994;15.1406;15.1258;15.1572;15.1075;15.1267;15.1452;15.2442;15.3774;15.5239;15.5418;15.5802;15.587;15.6701;15.6879;15.7034;15.7818;15.9277;16.0752;16.089;16.1721;16.4009;16.5042;16.488;16.5375;16.551;16.6049;16.435;16.5722;16.5942;16.5871;16.537;16.6182;16.7399;16.5472;16.5889;16.5705;16.5663;16.5142;16.4312;16.363;16.2879;16.2447;16.1498;16.0879;16.0656;15.9847;15.9123;15.8521;15.8052;15.7974;15.7668;15.6497;15.4799;15.385;15.2201;15.1411;15.1307;15",1.94797
"0.6;0.4;0"
22.8933,93.0028,3.87102,"20.9033;20.585;20.1359;19.8532;19.4606;19.046;18.7884;18.3752;18.0124;17.7657;17.4029;17.0494;16.6937;16.3108;16.1644;15.8175;15.4425;15.2139;14.9501;14.5647;14.151;13.8324;13.4435;13.0913;12.7229;12.377;12.168;11.8284;11.3426;10.8905;10.5497;10.1358;9.67438;9.23205;8.77237;8.55557;8.2221;7.82715;7.35021;6.89286;6.65272;6.24707;5.84136;5.55956;5.17224;4.86743;4.52076;4.03849;3.74567;3.3469;2.97285;2.61717;2.37309;2.21723;2.01888;1.83685;1.55457;1.30539;1.05686;1","14.9879;14.7997;14.6341;14.5411;14.3669;14.1237;13.9995;13.8665;13.7303;13.5506;13.3529;13.208;13.0826;12.83;12.73;12.4721;12.227;12.0887;11.9435;11.6547;11.4057;11.1864;10.9968;10.7399;10.4108;10.1604;10.1267;10.0985;9.98294;9.93864;10.0179;10.0745;10.1658;10.372;10.5397;10.6658;10.8215;11.0078;11.146;11.2134;11.4276;11.4837;11.7104;11.8785;12.0909;12.2194;12.3115;12.44;12.5898;12.7155;12.8367;13.0232;13.2624;13.4731;13.7644;14.102;14.3925;14.5458;14.8296;15",1.37191
"0.65;0;0.35"
23.1376,5.82651,3.86455,"20.9033;20.585;20.1359;19.8532;19.4606;19.046;18.7884;18.3752;18.0124;17.7657;17.4298;17.1117;16.6937;16.4954;16.1644;15.8175;15.4425;15.3283;14.9501;14.5647;14.2945;14.0669;13.7673;13.3922;13.2135;12.892;12.7691;12.377;12.0626;11.5954;11.1993;11.159;10.6922;10.4998;10.0716;9.67438;9.23205;8.77237;8.55557;8.08481;7.68735;7.25007;6.79577;6.3505;6.03676;5.83092;5.56812;5.24255;4.86532;4.4234;4.03849;3.74567;3.3469;2.97285;2.61717;2.37309;2.21723;2.01888;1.83685;1.55457;1.30539;1.05686;1","14.9879;14.7997;14.6341;14.5411;14.3669;14.1237;13.9995;13.8665;13.7303;13.5506;13.3507;13.2572;13.0826;12.9453;12.73;12.4721;12.227;12.2168;11.9435;11.6547;11.4743;11.3187;11.0719;10.7955;10.6315;10.405;10.3468;10.1604;9.94981;9.78768;9.8335;9.85138;9.78695;9.7317;9.93193;10.1658;10.372;10.5397;10.6658;10.7557;11.0365;11.1539;11.2079;11.2614;11.3447;11.3556;11.5361;11.8475;12.0266;12.2189;12.44;12.5898;12.7155;12.8367;13.0232;13.2624;13.4731;13.7644;14.102;14.3925;14.5458;14.8296;15",1.17398
"0.65;0.05;0.3"
23.2092,2.67201,3.63516,"20.9033;20.585;20.1359;19.8532;19.4606;19.046;18.7884;18.3752;18.1716;17.7286;17.4417;17.1108;16.808;16.358;16.0964;15.7128;15.402;15.0439;14.7233;14.4414;14.1621;13.8486;13.4266;13.2135;12.892;12.5735;12.4293;12.0116;11.6109;11.1135;10.8368;10.5443;10.2915;9.91594;9.61412;9.20606;8.81773;8.44289;8.2221;7.82715;7.44861;7.0463;6.95975;6.49864;6.16513;5.76005;5.26494;4.86532;4.4234;4.03849;3.74567;3.3469;2.97285;2.61717;2.37309;2.21723;2.01888;1.83685;1.55457;1.30539;1.05686;1","14.9879;14.7997;14.6341;14.5411;14.3669;14.1237;13.9995;13.8665;13.6489;13.4295;13.2121;12.9927;12.7685;12.5617;12.4111;12.199;11.922;11.7957;11.4485;11.2814;11.0602;10.8718;10.6802;10.6315;10.405;10.1935;10.0795;9.84202;9.62179;9.62746;9.64503;9.62373;9.67;9.8266;10.01;10.221;10.4521;10.6898;10.8215;11.0078;11.1768;11.3668;11.4176;11.6016;11.7949;11.9434;11.9374;12.0266;12.2189;12.44;12.5898;12.7155;12.8367;13.0232;13.2624;13.4731;13.7644;14.102;14.3925;14.5458;14.8296;15",0.920967
"0.65;0.1;0.25"
20.6701,2.14476,10.335,"21.2434;20.8107;20.4057;20.0413;19.7937;19.3287;19.1166;18.7107;18.2818;18.0358;17.6408;17.397;17.0789;16.6272;16.1992;15.7413;15.2548;15.0646;14.6119;14.5349;14.0592;13.7245;13.2788;12.92;12.4469;12.0631;11.7032;11.286;10.811;10.5137;10.116;9.66432;9.16761;8.9882;8.56228;8.12081;7.65745;7.27659;6.89924;6.713;6.26652;5.92763;5.56156;5.25192;4.9221;4.5299;4.12896;3.80643;3.44099;3.04391;2.57196;2.19378;1.95434;1.4819;1","14.9924;15.1994;15.1406;15.1258;15.1572;15.1075;15.1267;15.1452;15.2442;15.3774;15.5239;15.5418;15.5802;15.568;15.5533;15.6372;15.6913;15.6477;15.7544;15.7522;15.8175;15.7573;15.8347;15.9457;16.0606;16.1418;16.2313;16.2512;16.2242;16.1998;16.0541;16.0249;16.0625;16.0381;16.0449;16.0056;15.9988;15.9957;15.9957;15.988;16.0879;16.0656;15.9847;15.9123;15.8521;15.8052;15.7974;15.7668;15.6497;15.4799;15.385;15.2201;15.1411;15.1307;15",2.27267
"0.65;0.15;0.2"
20.6811,0.795942,10.3406,"21.2434;20.8107;20.4057;20.0413;19.7937;19.3287;19.1166;18.7107;18.2818;18.0358;17.6408;17.397;17.0789;16.6307;16.4525;16.1309;15.8539;15.4594;15.2459;14.86;14.7308;14.3;14.0024;13.7057;13.2258;12.8177;12.4236;12.018;11.574;11.3578;11.0602;10.5761;10.1285;9.80564;9.46331;9.25016;8.88695;8.5278;8.06927;7.80089;7.33956;6.9597;6.58911;6.26652;5.92763;5.56156;5.25192;4.9221;4.5299;4.12896;3.80643;3.44099;3.04391;2.57196;2.19378;1.95434;1.4819;1","14.9924;15.1994;15.1406;15.1258;15.1572;15.1075;15.1267;15.1452;15.2442;15.3774;15.5239;15.5418;15.5802;15.6587;15.6991;15.6879;15.7034;15.7818;15.7773;15.7981;15.7997;15.9567;16.112;16.1486;16.2001;16.2358;16.2353;16.2551;16.3302;16.3502;16.4221;16.4047;16.3602;16.4156;16.4374;16.4511;16.4788;16.4175;16.3874;16.363;16.2879;16.2373;16.1498;16.0879;16.0656;15.9847;15.9123;15.8521;15.8052;15.7974;15.7668;15.6497;15.4799;15.385;15.2201;15.1411;15.1307;15",2.26549
"0.65;0.2;0.15"
20.6738,0.819633,10.3369,"21.2434;20.8928;20.6922;20.206;19.7897;19.3287;19.1166;18.7107;18.2818;18.0358;17.6408;17.397;17.0789;16.6307;16.3073;15.9702;15.5697;15.4594;15.2459;14.86;14.4858;14.1439;13.7811;13.4012;13.0941;12.7187;12.4562;12.018;11.574;11.3578;11.0602;10.5761;10.1285;9.80564;9.46331;9.25016;8.88695;8.5278;8.06927;7.80089;7.33956;6.9597;6.58911;6.26652;5.92763;5.56156;5.25192;4.9221;4.5299;4.12896;3.80643;3.44099;3.04391;2.57196;2.19378;1.95434;1.4819;1","14.9924;14.8921;14.8344;14.9063;15.0359;15.1075;15.1267;15.1452;15.2442;15.3774;15.5239;15.5418;15.5802;15.6587;15.8059;15.8029;15.7844;15.7818;15.7773;15.7981;15.852;15.946;15.9603;16.0784;16.1479;16.1591;16.2031;16.2551;16.3302;16.3502;16.4221;16.4047;16.3602;16.4156;16.4374;16.4511;16.4788;16.4175;16.3874;16.363;16.2879;16.2373;16.1498;16.0879;16.0656;15.9847;15.9123;15.8521;15.8052;15.7974;15.7668;15.6497;15.4799;15.385;15.2201;15.1411;15.1307;15",2.27026
"0.65;0.25;0.1"
20.722,0.548022,10.361,"21.2434;20.8107;20.4057;20.0413;19.7937;19.3287;19.1166;18.7107;18.2818;18.0358;17.6408;17.397;17.0789;16.6307;16.3073;15.9702;15.5697;15.2459;14.86;14.7308;14.3;13.939;13.5179;13.1366;12.8152;12.5989;12.2517;11.7822;11.3494;10.893;10.7551;10.2715;9.80564;9.46331;9.25016;8.88695;8.5278;8.06927;7.80089;7.33956;6.9597;6.58911;6.26652;5.92763;5.56156;5.25192;4.9221;4.5299;4.12896;3.80643;3.44099;3.04391;2.57196;2.19378;1.95434;1.4819;1","14.9924;15.1994;15.1406;15.1258;15.1572;15.1075;15.1267;15.1452;15.2442;15.3774;15.5239;15.5418;15.5802;15.6587;15.8059;15.8029;15.7844;15.7773;15.7981;15.7997;15.9567;16.1404;16.2093;16.2861;16.3594;16.34;16.4051;16.4771;16.5474;16.5197;16.5108;16.4647;16.4156;16.4374;16.4511;16.4788;16.4175;16.3874;16.363;16.2879;16.2373;16.1498;16.0879;16.0656;15.9847;15.9123;15.8521;15.8052;15.7974;15.7668;15.6497;15.4799;15.385;15.2201;15.1411;15.1307;15",2.23889
"0.65;0.3;0.05"
20.851,0.490371,10.4255,"21.2434;20.8107;20.4057;20.0413;19.7937;19.3287;19.1166;18.7107;18.2818;18.0358;17.6408;17.397;17.0789;16.6307;16.4525;16.1309;15.7271;15.3166;14.86;14.7308;14.4195;13.939;13.5931;13.1905;12.8177;12.4174;11.9751;11.7822;11.3494;11.1074;11.0851;10.6087;10.1752;9.70258;9.50278;9.04206;8.94739;8.73161;8.28902;8.12291;7.90667;7.80089;7.33956;6.9597;6.58911;6.26652;5.92763;5.56156;5.25192;4.9221;4.5299;4.12896;3.80643;3.44099;3.04391;2.57196;2.19378;1.95434;1.4819;1","14.9924;15.1994;15.1406;15.1258;15.1572;15.1075;15.1267;15.1452;15.2442;15.3774;15.5239;15.5418;15.5802;15.6587;15.6991;15.6879;15.6831;15.742;15.7981;15.7997;16.0227;16.1404;16.2802;16.2863;16.2358;16.429;16.3362;16.4771;16.5474;16.6571;16.6489;16.6182;16.5888;16.5541;16.5889;16.5705;16.5663;16.5142;16.4312;16.4354;16.3958;16.363;16.2879;16.2373;16.1498;16.0879;16.0656;15.9847;15.9123;15.8521;15.8052;15.7974;15.7668;15.6497;15.4799;15.385;15.2201;15.1411;15.1307;15",2.15507
"0.65;0.35;0"
22.8016,93.0606,4.06628,"20.9033;20.585;20.1359;19.8532;19.4606;19.046;18.7884;18.3752;18.0124;17.7657;17.4029;17.0494;16.6937;16.3108;16.1644;15.8175;15.4425;15.2139;14.9501;14.5647;14.151;13.8324;13.4435;13.0913;12.7229;12.377;12.168;11.8284;11.3426;10.8905;10.5497;10.1358;9.67438;9.23205;8.77237;8.55557;8.34502;8.02362;7.70661;7.47863;7.08744;6.67624;6.3844;6.10803;5.80364;5.4586;5.23199;4.85143;4.56146;4.10096;3.81067;3.60135;3.12807;2.90433;2.67526;2.31877;2.0391;1.70289;1.42471;1","14.9879;14.7997;14.6341;14.5411;14.3669;14.1237;13.9995;13.8665;13.7303;13.5506;13.3529;13.208;13.0826;12.83;12.73;12.4721;12.227;12.0887;11.9435;11.6547;11.4057;11.1864;10.9968;10.7399;10.4108;10.1604;10.1267;10.0985;9.98294;9.93864;10.0179;10.0745;10.1658;10.372;10.5397;10.6658;10.8463;11.0277;11.214;11.3406;11.6138;11.8632;12.147;12.2735;12.3852;12.5478;12.5954;12.6808;12.7051;12.8304;12.8978;12.9075;13.0225;13.2173;13.4577;13.8074;14.1584;14.4704;14.774;15",1.2345
"0.7;0;0.3"
23.0793,5.55987,3.7981,"20.8928;20.4493;20.1034;19.8532;19.4606;19.046;18.7884;18.3752;18.1716;17.7286;17.4417;17.1108;16.808;16.358;16.0964;15.7128;15.402;15.1635;14.9482;14.8288;14.3911;14.1621;13.7702;13.5265;13.4907;13.2858;12.939;12.4673;12.0626;11.5954;11.1993;11.159;10.6922;10.3002;9.86694;9.46039;9.23205;8.77237;8.55557;8.34502;7.9826;7.66727;7.27127;6.88142;6.57395;6.10803;5.80364;5.4586;5.23199;4.85143;4.56146;4.10096;3.81067;3.66596;3.22783;2.98279;2.78747;2.5317;2.31877;2.0391;1.70289;1.42471;1","14.8921;14.7019;14.6008;14.5411;14.3669;14.1237;13.9995;13.8665;13.6489;13.4295;13.2121;12.9927;12.7685;12.5617;12.4111;12.199;11.922;11.8733;11.6515;11.5728;11.4301;11.0602;10.8026;10.4749;10.3967;10.2732;10.1407;10.0073;9.94981;9.78768;9.8335;9.85138;9.78695;9.96381;10.0646;10.2613;10.372;10.5397;10.6658;10.8463;11.1304;11.4392;11.7108;11.9514;12.0936;12.2735;12.3852;12.5478;12.5954;12.6808;12.7051;12.8304;12.8978;12.8605;12.9936;13.2274;13.383;13.595;13.8074;14.1584;14.4704;14.774;15",0.968544
"0.7;0.05;0.25"
20.636,2.1448,10.318,"21.2434;20.8107;20.4057;20.0413;19.7937;19.3287;19.1166;18.7107;18.2818;17.9746;17.5151;17.0917;16.6272;16.1992;15.7413;15.4511;15.1727;15.0646;14.6119;14.5349;14.0592;13.7245;13.2788;12.92;12.4469;12.0631;11.7032;11.286;10.811;10.5137;10.116;9.66432;9.16761;8.9882;8.56228;8.12081;7.65745;7.27659;6.89924;6.713;6.26652;5.92763;5.56156;5.25192;4.9221;4.5299;4.12896;3.80643;3.44099;3.04391;2.57196;2.19378;1.95434;1.4819;1","14.9924;15.1994;15.1406;15.1258;15.1572;15.1075;15.1267;15.1452;15.2442;15.2799;15.3656;15.4889;15.568;15.5533;15.6372;15.6713;15.6519;15.6477;15.7544;15.7522;15.8175;15.7573;15.8347;15.9457;16.0606;16.1418;16.2313;16.2512;16.2242;16.1998;16.0541;16.0249;16.0625;16.0381;16.0449;16.0056;15.9988;15.9957;15.9957;15.988;16.0879;16.0656;15.9847;15.9123;15.8521;15.8052;15.7974;15.7668;15.6497;15.4799;15.385;15.2201;15.1411;15.1307;15",2.47134
"0.7;0.1;0.2"
20.6522,2.0515,10.3261,"21.2434;20.8928;20.6922;20.206;19.7897;19.3287;19.1166;18.7107;18.2818;18.0358;17.6408;17.397;17.0789;16.6307;16.4525;16.1309;15.8539;15.4594;15.2459;14.86;14.4858;14.0836;13.7811;13.4012;13.0941;12.7187;12.3002;12.0631;11.7032;11.286;10.811;10.5137;10.116;9.66432;9.16761;8.9882;8.56228;8.12081;7.65745;7.27659;6.89924;6.713;6.26652;5.92763;5.56156;5.25192;4.9221;4.5299;4.12896;3.80643;3.44099;3.04391;2.57196;2.19378;1.95434;1.4819;1","14.9924;14.8921;14.8344;14.9063;15.0359;15.1075;15.1267;15.1452;15.2442;15.3774;15.5239;15.5418;15.5802;15.6587;15.6991;15.6879;15.7034;15.7818;15.7773;15.7981;15.852;15.8574;15.9603;16.0784;16.1479;16.1591;16.1224;16.1418;16.2313;16.2512;16.2242;16.1998;16.0541;16.0249;16.0625;16.0381;16.0449;16.0056;15.9988;15.9957;15.9957;15.988;16.0879;16.0656;15.9847;15.9123;15.8521;15.8052;15.7974;15.7668;15.6497;15.4799;15.385;15.2201;15.1411;15.1307;15",2.46003
"0.7;0.15;0.15"
20.6545,1.29201,10.3273,"21.2434;20.8928;20.6922;20.206;19.7897;19.3287;19.1166;18.7107;18.2818;18.0358;17.6408;17.397;17.0789;16.6307;16.4525;16.1309;15.8539;15.4594;15.2459;14.86;14.4858;14.0836;13.74;13.2788;12.92;12.4469;12.0631;11.7032;11.286;10.959;10.5584;10.1285;9.80564;9.46331;9.25016;8.88695;8.5278;8.06927;7.80089;7.33956;6.9597;6.58911;6.26652;5.92763;5.56156;5.25192;4.9221;4.5299;4.12896;3.80643;3.44099;3.04391;2.57196;2.19378;1.95434;1.4819;1","14.9924;14.8921;14.8344;14.9063;15.0359;15.1075;15.1267;15.1452;15.2442;15.3774;15.5239;15.5418;15.5802;15.6587;15.6991;15.6879;15.7034;15.7818;15.7773;15.7981;15.852;15.8574;15.9022;15.8347;15.9457;16.0606;16.1418;16.2313;16.2512;16.2709;16.3281;16.3602;16.4156;16.4374;16.4511;16.4788;16.4175;16.3874;16.363;16.2879;16.2373;16.1498;16.0879;16.0656;15.9847;15.9123;15.8521;15.8052;15.7974;15.7668;15.6497;15.4799;15.385;15.2201;15.1411;15.1307;15",2.45838
"0.7;0.2;0.1"
20.7233,0.616927,10.3617,"21.2434;20.8107;20.4057;20.0413;19.7937;19.3287;19.1166;18.7107;18.2818;18.0358;17.6408;17.397;17.0789;16.6272;16.1992;15.7413;15.4511;15.1727;15.0646;14.6119;14.5349;14.0836;13.7811;13.4012;13.0941;12.7187;12.2833;11.9751;11.7822;11.3494;10.893;10.7551;10.2715;9.80564;9.46331;9.25016;8.88695;8.5278;8.06927;7.80089;7.33956;6.9597;6.58911;6.26652;5.92763;5.56156;5.25192;4.9221;4.5299;4.12896;3.80643;3.44099;3.04391;2.57196;2.19378;1.95434;1.4819;1","14.9924;15.1994;15.1406;15.1258;15.1572;15.1075;15.1267;15.1452;15.2442;15.3774;15.5239;15.5418;15.5802;15.568;15.5533;15.6372;15.6713;15.6519;15.6477;15.7544;15.7522;15.8574;15.9603;16.0784;16.1479;16.1591;16.2897;16.3362;16.4771;16.5474;16.5197;16.5108;16.4647;16.4156;16.4374;16.4511;16.4788;16.4175;16.3874;16.363;16.2879;16.2373;16.1498;16.0879;16.0656;15.9847;15.9123;15.8521;15.8052;15.7974;15.7668;15.6497;15.4799;15.385;15.2201;15.1411;15.1307;15",2.4102
"0.7;0.25;0.05"
20.8671,0.46006,10.4336,"21.2434;20.8928;20.6922;20.206;19.7897;19.3287;19.1166;18.7107;18.2818;18.0358;17.6408;17.397;17.0789;16.6307;16.4525;15.9702;15.5697;15.4594;15.2645;14.8977;14.7904;14.4658;14.0966;13.939;13.5179;13.4412;13.1905;12.7894;12.4174;11.9751;11.6143;11.141;11.0851;10.6087;10.1752;9.70258;9.50278;9.04206;8.94739;8.73161;8.28902;7.80089;7.33956;6.9597;6.58911;6.26652;5.92763;5.56156;5.25192;4.9221;4.5299;4.12896;3.80643;3.44099;3.04391;2.57196;2.19378;1.95434;1.4819;1","14.9924;14.8921;14.8344;14.9063;15.0359;15.1075;15.1267;15.1452;15.2442;15.3774;15.5239;15.5418;15.5802;15.6587;15.6991;15.8029;15.7844;15.7818;15.9277;16.0752;16.089;16.1258;16.1362;16.1404;16.2093;16.2324;16.2863;16.5142;16.429;16.3362;16.5942;16.6695;16.6489;16.6182;16.5888;16.5541;16.5889;16.5705;16.5663;16.5142;16.4312;16.363;16.2879;16.2373;16.1498;16.0879;16.0656;15.9847;15.9123;15.8521;15.8052;15.7974;15.7668;15.6497;15.4799;15.385;15.2201;15.1411;15.1307;15",2.30955
"0.7;0.3;0"
23.0779,93.0077,4.07665,"21.1839;20.8928;20.5962;20.1359;19.8532;19.4606;19.046;18.7884;18.3752;18.0124;17.7657;17.4029;17.0494;16.6937;16.3108;16.1644;15.8175;15.4425;15.2139;14.9501;14.5647;14.151;13.8324;13.4435;13.0913;12.7229;12.377;12.168;11.8284;11.3426;10.8905;10.5497;10.1358;9.67438;9.23205;8.77237;8.55557;8.2221;7.82715;7.44861;7.0463;6.95975;6.49864;6.16513;5.76005;5.26494;4.86532;4.4234;4.03849;3.74567;3.38457;3.16627;2.78096;2.44521;2.2381;2.13322;1.83685;1.55457;1.30539;1.05686;1","14.925;14.8921;14.7591;14.6341;14.5411;14.3669;14.1237;13.9995;13.8665;13.7303;13.5506;13.3529;13.208;13.0826;12.83;12.73;12.4721;12.227;12.0887;11.9435;11.6547;11.4057;11.1864;10.9968;10.7399;10.4108;10.1604;10.1267;10.0985;9.98294;9.93864;10.0179;10.0745;10.1658;10.372;10.5397;10.6658;10.8215;11.0078;11.1768;11.3668;11.4176;11.6016;11.7949;11.9434;11.9374;12.0266;12.2189;12.44;12.5898;12.7867;12.9098;13.0368;13.315;13.5405;13.7071;14.102;14.3925;14.5458;14.8296;15",1.04399
"0.75;0;0.25"
20.636,2.1448,10.318,"21.2434;20.8107;20.4057;20.0413;19.7937;19.3287;19.1166;18.7107;18.2818;17.9746;17.5151;17.0917;16.6272;16.1992;15.7413;15.4511;15.1727;15.0646;14.6119;14.5349;14.0592;13.7245;13.2788;12.92;12.4469;12.0631;11.7032;11.286;10.811;10.5137;10.116;9.66432;9.16761;8.9882;8.56228;8.12081;7.65745;7.27659;6.89924;6.713;6.26652;5.92763;5.56156;5.25192;4.9221;4.5299;4.12896;3.80643;3.44099;3.04391;2.57196;2.19378;1.95434;1.4819;1","14.9924;15.1994;15.1406;15.1258;15.1572;15.1075;15.1267;15.1452;15.2442;15.2799;15.3656;15.4889;15.568;15.5533;15.6372;15.6713;15.6519;15.6477;15.7544;15.7522;15.8175;15.7573;15.8347;15.9457;16.0606;16.1418;16.2313;16.2512;16.2242;16.1998;16.0541;16.0249;16.0625;16.0381;16.0449;16.0056;15.9988;15.9957;15.9957;15.988;16.0879;16.0656;15.9847;15.9123;15.8521;15.8052;15.7974;15.7668;15.6497;15.4799;15.385;15.2201;15.1411;15.1307;15",2.64786
"0.75;0.05;0.2"
20.636,2.1448,10.318,"21.2434;20.8107;20.4057;20.0413;19.7937;19.3287;19.1166;18.7107;18.2818;17.9746;17.5151;17.0917;16.6272;16.1992;15.7413;15.4511;15.1727;15.0646;14.6119;14.5349;14.0592;13.7245;13.2788;12.92;12.4469;12.0631;11.7032;11.286;10.811;10.5137;10.116;9.66432;9.16761;8.9882;8.56228;8.12081;7.65745;7.27659;6.89924;6.713;6.26652;5.92763;5.56156;5.25192;4.9221;4.5299;4.12896;3.80643;3.44099;3.04391;2.57196;2.19378;1.95434;1.4819;1","14.9924;15.1994;15.1406;15.1258;15.1572;15.1075;15.1267;15.1452;15.2442;15.2799;15.3656;15.4889;15.568;15.5533;15.6372;15.6713;15.6519;15.6477;15.7544;15.7522;15.8175;15.7573;15.8347;15.9457;16.0606;16.1418;16.2313;16.2512;16.2242;16.1998;16.0541;16.0249;16.0625;16.0381;16.0449;16.0056;15.9988;15.9957;15.9957;15.988;16.0879;16.0656;15.9847;15.9123;15.8521;15.8052;15.7974;15.7668;15.6497;15.4799;15.385;15.2201;15.1411;15.1307;15",2.64786
"0.75;0.1;0.15"
20.6545,1.29201,10.3273,"21.2434;20.8928;20.6922;20.206;19.7897;19.3287;19.1166;18.7107;18.2818;18.0358;17.6408;17.397;17.0789;16.6307;16.4525;16.1309;15.8539;15.4594;15.2459;14.86;14.4858;14.0836;13.74;13.2788;12.92;12.4469;12.0631;11.7032;11.286;10.959;10.5584;10.1285;9.80564;9.46331;9.25016;8.88695;8.5278;8.06927;7.80089;7.33956;6.9597;6.58911;6.26652;5.92763;5.56156;5.25192;4.9221;4.5299;4.12896;3.80643;3.44099;3.04391;2.57196;2.19378;1.95434;1.4819;1","14.9924;14.8921;14.8344;14.9063;15.0359;15.1075;15.1267;15.1452;15.2442;15.3774;15.5239;15.5418;15.5802;15.6587;15.6991;15.6879;15.7034;15.7818;15.7773;15.7981;15.852;15.8574;15.9022;15.8347;15.9457;16.0606;16.1418;16.2313;16.2512;16.2709;16.3281;16.3602;16.4156;16.4374;16.4511;16.4788;16.4175;16.3874;16.363;16.2879;16.2373;16.1498;16.0879;16.0656;15.9847;15.9123;15.8521;15.8052;15.7974;15.7668;15.6497;15.4799;15.385;15.2201;15.1411;15.1307;15",2.63398
"0.75;0.15;0.1"
20.6772,0.8196,10.3386,"21.2434;20.8107;20.4057;20.0413;19.7937;19.3287;19.1166;18.7107;18.2818;18.0358;17.6408;17.397;17.0789;16.6307;16.3073;15.9702;15.5697;15.2459;14.86;14.4858;14.1439;13.7811;13.4012;13.0941;12.7187;12.4562;12.018;11.574;11.3578;11.0602;10.5761;10.1285;9.80564;9.46331;9.25016;8.88695;8.5278;8.06927;7.80089;7.33956;6.9597;6.58911;6.26652;5.92763;5.56156;5.25192;4.9221;4.5299;4.12896;3.80643;3.44099;3.04391;2.57196;2.19378;1.95434;1.4819;1","14.9924;15.1994;15.1406;15.1258;15.1572;15.1075;15.1267;15.1452;15.2442;15.3774;15.5239;15.5418;15.5802;15.6587;15.8059;15.8029;15.7844;15.7773;15.7981;15.852;15.946;15.9603;16.0784;16.1479;16.1591;16.2031;16.2551;16.3302;16.3502;16.4221;16.4047;16.3602;16.4156;16.4374;16.4511;16.4788;16.4175;16.3874;16.363;16.2879;16.2373;16.1498;16.0879;16.0656;15.9847;15.9123;15.8521;15.8052;15.7974;15.7668;15.6497;15.4799;15.385;15.2201;15.1411;15.1307;15",2.61695
"0.75;0.2;0.05"
20.7636,0.526591,10.3818,"21.2434;20.8107;20.4057;20.0413;19.7937;19.3287;19.1166;18.7107;18.2818;18.0358;17.6408;17.397;17.0789;16.6307;16.4525;16.1309;15.7271;15.3166;14.86;14.4858;14.2131;13.7811;13.4542;13.0941;12.7187;12.2833;11.9751;11.7822;11.6143;11.141;11.0851;10.6087;10.2018;9.95909;9.50278;9.04206;8.94739;8.73161;8.28902;7.80089;7.33956;6.9597;6.58911;6.26652;5.92763;5.56156;5.25192;4.9221;4.5299;4.12896;3.80643;3.44099;3.04391;2.57196;2.19378;1.95434;1.4819;1","14.9924;15.1994;15.1406;15.1258;15.1572;15.1075;15.1267;15.1452;15.2442;15.3774;15.5239;15.5418;15.5802;15.6587;15.6991;15.6879;15.6831;15.742;15.7981;15.852;15.8935;15.9603;16.1055;16.1479;16.1591;16.2897;16.3362;16.4771;16.5942;16.6695;16.6489;16.6182;16.5464;16.5471;16.5889;16.5705;16.5663;16.5142;16.4312;16.363;16.2879;16.2373;16.1498;16.0879;16.0656;15.9847;15.9123;15.8521;15.8052;15.7974;15.7668;15.6497;15.4799;15.385;15.2201;15.1411;15.1307;15",2.55214
"0.75;0.25;0"
20.636,2.1448,10.318,"21.2434;20.8107;20.4057;20.0413;19.7937;19.3287;19.1166;18.7107;18.2818;17.9746;17.5151;17.0917;16.6272;16.1992;15.7413;15.4511;15.1727;15.0646;14.6119;14.5349;14.0592;13.7245;13.2788;12.92;12.4469;12.0631;11.7032;11.286;10.811;10.5137;10.116;9.66432;9.16761;8.9882;8.56228;8.12081;7.65745;7.27659;6.89924;6.713;6.26652;5.92763;5.56156;5.25192;4.9221;4.5299;4.12896;3.80643;3.44099;3.04391;2.57196;2.19378;1.95434;1.4819;1","14.9924;15.1994;15.1406;15.1258;15.1572;15.1075;15.1267;15.1452;15.2442;15.2799;15.3656;15.4889;15.568;15.5533;15.6372;15.6713;15.6519;15.6477;15.7544;15.7522;15.8175;15.7573;15.8347;15.9457;16.0606;16.1418;16.2313;16.2512;16.2242;16.1998;16.0541;16.0249;16.0625;16.0381;16.0449;16.0056;15.9988;15.9957;15.9957;15.988;16.0879;16.0656;15.9847;15.9123;15.8521;15.8052;15.7974;15.7668;15.6497;15.4799;15.385;15.2201;15.1411;15.1307;15",2.82439
"0.8;0;0.2"
20.636,2.1448,10.318,"21.2434;20.8107;20.4057;20.0413;19.7937;19.3287;19.1166;18.7107;18.2818;17.9746;17.5151;17.0917;16.6272;16.1992;15.7413;15.4511;15.1727;15.0646;14.6119;14.5349;14.0592;13.7245;13.2788;12.92;12.4469;12.0631;11.7032;11.286;10.811;10.5137;10.116;9.66432;9.16761;8.9882;8.56228;8.12081;7.65745;7.27659;6.89924;6.713;6.26652;5.92763;5.56156;5.25192;4.9221;4.5299;4.12896;3.80643;3.44099;3.04391;2.57196;2.19378;1.95434;1.4819;1","14.9924;15.1994;15.1406;15.1258;15.1572;15.1075;15.1267;15.1452;15.2442;15.2799;15.3656;15.4889;15.568;15.5533;15.6372;15.6713;15.6519;15.6477;15.7544;15.7522;15.8175;15.7573;15.8347;15.9457;16.0606;16.1418;16.2313;16.2512;16.2242;16.1998;16.0541;16.0249;16.0625;16.0381;16.0449;16.0056;15.9988;15.9957;15.9957;15.988;16.0879;16.0656;15.9847;15.9123;15.8521;15.8052;15.7974;15.7668;15.6497;15.4799;15.385;15.2201;15.1411;15.1307;15",2.82439
"0.8;0.05;0.15"
20.65,2.05193,10.325,"21.2434;20.8107;20.4057;20.0413;19.7937;19.3287;19.1166;18.7107;18.2818;17.9746;17.5151;17.0917;16.6272;16.1992;15.7413;15.4594;15.2459;14.86;14.4858;14.0836;13.7811;13.4012;13.0941;12.7187;12.3002;12.0631;11.7032;11.286;10.811;10.5137;10.116;9.66432;9.16761;8.9882;8.56228;8.12081;7.65745;7.27659;6.89924;6.713;6.26652;5.92763;5.56156;5.25192;4.9221;4.5299;4.12896;3.80643;3.44099;3.04391;2.57196;2.19378;1.95434;1.4819;1","14.9924;15.1994;15.1406;15.1258;15.1572;15.1075;15.1267;15.1452;15.2442;15.2799;15.3656;15.4889;15.568;15.5533;15.6372;15.7818;15.7773;15.7981;15.852;15.8574;15.9603;16.0784;16.1479;16.1591;16.1224;16.1418;16.2313;16.2512;16.2242;16.1998;16.0541;16.0249;16.0625;16.0381;16.0449;16.0056;15.9988;15.9957;15.9957;15.988;16.0879;16.0656;15.9847;15.9123;15.8521;15.8052;15.7974;15.7668;15.6497;15.4799;15.385;15.2201;15.1411;15.1307;15",2.81322
"0.8;0.1;0.1"
20.6772,0.8196,10.3386,"21.2434;20.8107;20.4057;20.0413;19.7937;19.3287;19.1166;18.7107;18.2818;18.0358;17.6408;17.397;17.0789;16.6307;16.3073;15.9702;15.5697;15.2459;14.86;14.4858;14.1439;13.7811;13.4012;13.0941;12.7187;12.4562;12.018;11.574;11.3578;11.0602;10.5761;10.1285;9.80564;9.46331;9.25016;8.88695;8.5278;8.06927;7.80089;7.33956;6.9597;6.58911;6.26652;5.92763;5.56156;5.25192;4.9221;4.5299;4.12896;3.80643;3.44099;3.04391;2.57196;2.19378;1.95434;1.4819;1","14.9924;15.1994;15.1406;15.1258;15.1572;15.1075;15.1267;15.1452;15.2442;15.3774;15.5239;15.5418;15.5802;15.6587;15.8059;15.8029;15.7844;15.7773;15.7981;15.852;15.946;15.9603;16.0784;16.1479;16.1591;16.2031;16.2551;16.3302;16.3502;16.4221;16.4047;16.3602;16.4156;16.4374;16.4511;16.4788;16.4175;16.3874;16.363;16.2879;16.2373;16.1498;16.0879;16.0656;15.9847;15.9123;15.8521;15.8052;15.7974;15.7668;15.6497;15.4799;15.385;15.2201;15.1411;15.1307;15",2.79142
"0.8;0.15;0.05"
20.8709,0.492907,10.4355,"21.2434;20.8928;20.6922;20.206;19.7897;19.3287;18.964;18.4955;18.088;17.7146;17.5231;17.1265;16.6736;16.3462;16.0356;15.7271;15.3166;14.86;14.7308;14.5349;14.0592;13.7811;13.4012;13.0941;12.8152;12.732;12.4174;11.9751;11.7822;11.6143;11.141;11.0851;10.6087;10.2018;9.95909;9.50278;9.04206;8.94739;8.73161;8.28902;7.80089;7.33956;6.9597;6.58911;6.26652;5.92763;5.56156;5.25192;4.9221;4.5299;4.12896;3.80643;3.44099;3.04391;2.57196;2.19378;1.95434;1.4819;1","14.9924;14.8921;14.8344;14.9063;15.0359;15.1075;15.1773;15.1182;15.1176;15.248;15.2422;15.2867;15.4566;15.4898;15.6025;15.6831;15.742;15.7981;15.7997;15.7522;15.8175;15.9603;16.0784;16.1479;16.3594;16.4152;16.429;16.3362;16.4771;16.5942;16.6695;16.6489;16.6182;16.5464;16.5471;16.5889;16.5705;16.5663;16.5142;16.4312;16.363;16.2879;16.2373;16.1498;16.0879;16.0656;15.9847;15.9123;15.8521;15.8052;15.7974;15.7668;15.6497;15.4799;15.385;15.2201;15.1411;15.1307;15",2.63646
"0.8;0.2;0"
20.636,2.1448,10.318,"21.2434;20.8107;20.4057;20.0413;19.7937;19.3287;19.1166;18.7107;18.2818;17.9746;17.5151;17.0917;16.6272;16.1992;15.7413;15.4511;15.1727;15.0646;14.6119;14.5349;14.0592;13.7245;13.2788;12.92;12.4469;12.0631;11.7032;11.286;10.811;10.5137;10.116;9.66432;9.16761;8.9882;8.56228;8.12081;7.65745;7.27659;6.89924;6.713;6.26652;5.92763;5.56156;5.25192;4.9221;4.5299;4.12896;3.80643;3.44099;3.04391;2.57196;2.19378;1.95434;1.4819;1","14.9924;15.1994;15.1406;15.1258;15.1572;15.1075;15.1267;15.1452;15.2442;15.2799;15.3656;15.4889;15.568;15.5533;15.6372;15.6713;15.6519;15.6477;15.7544;15.7522;15.8175;15.7573;15.8347;15.9457;16.0606;16.1418;16.2313;16.2512;16.2242;16.1998;16.0541;16.0249;16.0625;16.0381;16.0449;16.0056;15.9988;15.9957;15.9957;15.988;16.0879;16.0656;15.9847;15.9123;15.8521;15.8052;15.7974;15.7668;15.6497;15.4799;15.385;15.2201;15.1411;15.1307;15",3.00091
"0.85;0;0.15"
20.636,2.1448,10.318,"21.2434;20.8107;20.4057;20.0413;19.7937;19.3287;19.1166;18.7107;18.2818;17.9746;17.5151;17.0917;16.6272;16.1992;15.7413;15.4511;15.1727;15.0646;14.6119;14.5349;14.0592;13.7245;13.2788;12.92;12.4469;12.0631;11.7032;11.286;10.811;10.5137;10.116;9.66432;9.16761;8.9882;8.56228;8.12081;7.65745;7.27659;6.89924;6.713;6.26652;5.92763;5.56156;5.25192;4.9221;4.5299;4.12896;3.80643;3.44099;3.04391;2.57196;2.19378;1.95434;1.4819;1","14.9924;15.1994;15.1406;15.1258;15.1572;15.1075;15.1267;15.1452;15.2442;15.2799;15.3656;15.4889;15.568;15.5533;15.6372;15.6713;15.6519;15.6477;15.7544;15.7522;15.8175;15.7573;15.8347;15.9457;16.0606;16.1418;16.2313;16.2512;16.2242;16.1998;16.0541;16.0249;16.0625;16.0381;16.0449;16.0056;15.9988;15.9957;15.9957;15.988;16.0879;16.0656;15.9847;15.9123;15.8521;15.8052;15.7974;15.7668;15.6497;15.4799;15.385;15.2201;15.1411;15.1307;15",3.00091
"0.85;0.05;0.1"
20.6368,1.29971,10.3184,"21.2434;20.8107;20.4057;20.0413;19.7937;19.3287;19.1166;18.7107;18.2818;17.9746;17.5151;17.0917;16.6272;16.1992;15.7413;15.4511;15.1727;15.0646;14.6119;14.5349;14.0592;13.7245;13.2788;12.92;12.4469;12.0631;11.7032;11.286;10.959;10.5584;10.1285;9.80564;9.46331;9.25016;8.88695;8.5278;8.06927;7.80089;7.33956;6.9597;6.58911;6.26652;5.92763;5.56156;5.25192;4.9221;4.5299;4.12896;3.80643;3.44099;3.04391;2.57196;2.19378;1.95434;1.4819;1","14.9924;15.1994;15.1406;15.1258;15.1572;15.1075;15.1267;15.1452;15.2442;15.2799;15.3656;15.4889;15.568;15.5533;15.6372;15.6713;15.6519;15.6477;15.7544;15.7522;15.8175;15.7573;15.8347;15.9457;16.0606;16.1418;16.2313;16.2512;16.2709;16.3281;16.3602;16.4156;16.4374;16.4511;16.4788;16.4175;16.3874;16.363;16.2879;16.2373;16.1498;16.0879;16.0656;15.9847;15.9123;15.8521;15.8052;15.7974;15.7668;15.6497;15.4799;15.385;15.2201;15.1411;15.1307;15",3.00021
"0.85;0.1;0.05"
20.7917,0.592479,10.3958,"21.2434;20.8107;20.4057;20.0413;19.7937;19.3287;19.1166;18.7107;18.2818;18.0358;17.6408;17.397;17.0789;16.6307;16.4525;16.1309;15.8539;15.4594;15.1838;14.86;14.4858;14.0592;13.7245;13.2788;12.999;12.7187;12.2833;11.9751;11.7822;11.3494;11.0626;10.6087;10.2018;9.95909;9.50278;9.04206;8.94739;8.73161;8.28902;7.80089;7.33956;6.9597;6.58911;6.26652;5.92763;5.56156;5.25192;4.9221;4.5299;4.12896;3.80643;3.44099;3.04391;2.57196;2.19378;1.95434;1.4819;1","14.9924;15.1994;15.1406;15.1258;15.1572;15.1075;15.1267;15.1452;15.2442;15.3774;15.5239;15.5418;15.5802;15.6587;15.6991;15.6879;15.7034;15.7818;15.7771;15.7981;15.852;15.8175;15.7573;15.8347;16.0291;16.1591;16.2897;16.3362;16.4771;16.5474;16.537;16.6182;16.5464;16.5471;16.5889;16.5705;16.5663;16.5142;16.4312;16.363;16.2879;16.2373;16.1498;16.0879;16.0656;15.9847;15.9123;15.8521;15.8052;15.7974;15.7668;15.6497;15.4799;15.385;15.2201;15.1411;15.1307;15",2.86858
"0.85;0.15;0"
20.636,2.1448,10.318,"21.2434;20.8107;20.4057;20.0413;19.7937;19.3287;19.1166;18.7107;18.2818;17.9746;17.5151;17.0917;16.6272;16.1992;15.7413;15.4511;15.1727;15.0646;14.6119;14.5349;14.0592;13.7245;13.2788;12.92;12.4469;12.0631;11.7032;11.286;10.811;10.5137;10.116;9.66432;9.16761;8.9882;8.56228;8.12081;7.65745;7.27659;6.89924;6.713;6.26652;5.92763;5.56156;5.25192;4.9221;4.5299;4.12896;3.80643;3.44099;3.04391;2.57196;2.19378;1.95434;1.4819;1","14.9924;15.1994;15.1406;15.1258;15.1572;15.1075;15.1267;15.1452;15.2442;15.2799;15.3656;15.4889;15.568;15.5533;15.6372;15.6713;15.6519;15.6477;15.7544;15.7522;15.8175;15.7573;15.8347;15.9457;16.0606;16.1418;16.2313;16.2512;16.2242;16.1998;16.0541;16.0249;16.0625;16.0381;16.0449;16.0056;15.9988;15.9957;15.9957;15.988;16.0879;16.0656;15.9847;15.9123;15.8521;15.8052;15.7974;15.7668;15.6497;15.4799;15.385;15.2201;15.1411;15.1307;15",3.17743
"0.9;0;0.1"
20.636,2.1448,10.318,"21.2434;20.8107;20.4057;20.0413;19.7937;19.3287;19.1166;18.7107;18.2818;17.9746;17.5151;17.0917;16.6272;16.1992;15.7413;15.4511;15.1727;15.0646;14.6119;14.5349;14.0592;13.7245;13.2788;12.92;12.4469;12.0631;11.7032;11.286;10.811;10.5137;10.116;9.66432;9.16761;8.9882;8.56228;8.12081;7.65745;7.27659;6.89924;6.713;6.26652;5.92763;5.56156;5.25192;4.9221;4.5299;4.12896;3.80643;3.44099;3.04391;2.57196;2.19378;1.95434;1.4819;1","14.9924;15.1994;15.1406;15.1258;15.1572;15.1075;15.1267;15.1452;15.2442;15.2799;15.3656;15.4889;15.568;15.5533;15.6372;15.6713;15.6519;15.6477;15.7544;15.7522;15.8175;15.7573;15.8347;15.9457;16.0606;16.1418;16.2313;16.2512;16.2242;16.1998;16.0541;16.0249;16.0625;16.0381;16.0449;16.0056;15.9988;15.9957;15.9957;15.988;16.0879;16.0656;15.9847;15.9123;15.8521;15.8052;15.7974;15.7668;15.6497;15.4799;15.385;15.2201;15.1411;15.1307;15",3.17743
"0.9;0.05;0.05"
20.788,0.841713,10.394,"21.2434;20.8928;20.6922;20.206;19.7668;19.3123;18.8164;18.4699;18.1142;17.8644;17.4159;17.1299;16.7087;16.3851;16.0827;15.7503;15.3472;15.0278;14.7215;14.2739;14.0545;13.7245;13.2788;12.92;12.4469;12.3002;11.8473;11.574;11.1297;10.893;10.6639;10.169;9.85393;9.50278;9.04206;8.94739;8.73161;8.28902;7.80089;7.33956;6.9597;6.58911;6.26652;5.92763;5.56156;5.25192;4.9221;4.5299;4.12896;3.80643;3.44099;3.04391;2.57196;2.19378;1.95434;1.4819;1","14.9924;14.8921;14.8344;14.9063;14.8228;14.814;14.8544;14.7652;14.8563;14.8184;14.8801;14.8238;14.9104;15.0106;15.121;15.1476;15.3934;15.4365;15.5124;15.5706;15.6492;15.7573;15.8347;15.9457;16.0606;16.1224;16.2758;16.3302;16.4541;16.5197;16.5124;16.5012;16.5472;16.5889;16.5705;16.5663;16.5142;16.4312;16.363;16.2879;16.2373;16.1498;16.0879;16.0656;15.9847;15.9123;15.8521;15.8052;15.7974;15.7668;15.6497;15.4799;15.385;15.2201;15.1411;15.1307;15",3.04065
"0.9;0.1;0"
20.636,2.1448,10.318,"21.2434;20.8107;20.4057;20.0413;19.7937;19.3287;19.1166;18.7107;18.2818;17.9746;17.5151;17.0917;16.6272;16.1992;15.7413;15.4511;15.1727;15.0646;14.6119;14.5349;14.0592;13.7245;13.2788;12.92;12.4469;12.0631;11.7032;11.286;10.811;10.5137;10.116;9.66432;9.16761;8.9882;8.56228;8.12081;7.65745;7.27659;6.89924;6.713;6.26652;5.92763;5.56156;5.25192;4.9221;4.5299;4.12896;3.80643;3.44099;3.04391;2.57196;2.19378;1.95434;1.4819;1","14.9924;15.1994;15.1406;15.1258;15.1572;15.1075;15.1267;15.1452;15.2442;15.2799;15.3656;15.4889;15.568;15.5533;15.6372;15.6713;15.6519;15.6477;15.7544;15.7522;15.8175;15.7573;15.8347;15.9457;16.0606;16.1418;16.2313;16.2512;16.2242;16.1998;16.0541;16.0249;16.0625;16.0381;16.0449;16.0056;15.9988;15.9957;15.9957;15.988;16.0879;16.0656;15.9847;15.9123;15.8521;15.8052;15.7974;15.7668;15.6497;15.4799;15.385;15.2201;15.1411;15.1307;15",3.35396
"0.95;0;0.05"
20.7056,0.677646,10.3528,"21.2434;20.8107;20.4057;20.0413;19.7937;19.3287;19.1166;18.7107;18.2818;18.0358;17.6408;17.397;17.0789;16.6307;16.4525;16.1309;15.7271;15.3166;14.86;14.4858;14.0592;13.7811;13.4012;13.0941;12.7187;12.2833;11.9751;11.574;11.1297;10.7551;10.6639;10.169;9.95909;9.85393;9.39732;9.25016;8.88695;8.5278;8.06927;7.80089;7.33956;6.9597;6.58911;6.26652;5.92763;5.56156;5.25192;4.9221;4.5299;4.12896;3.80643;3.44099;3.04391;2.57196;2.19378;1.95434;1.4819;1","14.9924;15.1994;15.1406;15.1258;15.1572;15.1075;15.1267;15.1452;15.2442;15.3774;15.5239;15.5418;15.5802;15.6587;15.6991;15.6879;15.6831;15.742;15.7981;15.852;15.8175;15.9603;16.0784;16.1479;16.1591;16.2897;16.3362;16.3302;16.4541;16.5108;16.5124;16.5012;16.5471;16.5472;16.4654;16.4511;16.4788;16.4175;16.3874;16.363;16.2879;16.2373;16.1498;16.0879;16.0656;15.9847;15.9123;15.8521;15.8052;15.7974;15.7668;15.6497;15.4799;15.385;15.2201;15.1411;15.1307;15",3.28785
"0.95;0.05;0"
20.636,2.1448,10.318,"21.2434;20.8107;20.4057;20.0413;19.7937;19.3287;19.1166;18.7107;18.2818;17.9746;17.5151;17.0917;16.6272;16.1992;15.7413;15.4511;15.1727;15.0646;14.6119;14.5349;14.0592;13.7245;13.2788;12.92;12.4469;12.0631;11.7032;11.286;10.811;10.5137;10.116;9.66432;9.16761;8.9882;8.56228;8.12081;7.65745;7.27659;6.89924;6.713;6.26652;5.92763;5.56156;5.25192;4.9221;4.5299;4.12896;3.80643;3.44099;3.04391;2.57196;2.19378;1.95434;1.4819;1","14.9924;15.1994;15.1406;15.1258;15.1572;15.1075;15.1267;15.1452;15.2442;15.2799;15.3656;15.4889;15.568;15.5533;15.6372;15.6713;15.6519;15.6477;15.7544;15.7522;15.8175;15.7573;15.8347;15.9457;16.0606;16.1418;16.2313;16.2512;16.2242;16.1998;16.0541;16.0249;16.0625;16.0381;16.0449;16.0056;15.9988;15.9957;15.9957;15.988;16.0879;16.0656;15.9847;15.9123;15.8521;15.8052;15.7974;15.7668;15.6497;15.4799;15.385;15.2201;15.1411;15.1307;15",3.53048
"1;0;0"
