Length, Cost1, Paths.x, Paths.y ,Fitness, 
24.094,24.094,"19.559;19.2402;17.1005;16.6506;16.6552;11.9933;11.539;11.8911;9.4177;13.3298;10.1439;0","14.8407;14.1557;12.3434;12.4614;10.4614;7.08673;6.83299;5.7467;5.47478;4.75432;3.61127;1",2.02092
24.094,24.094,"19.559;19.2402;17.1005;16.6506;16.6552;11.9933;11.539;11.8911;9.4177;13.3298;10.1439;0","14.8407;14.1557;12.3434;12.4614;10.4614;7.08673;6.83299;5.7467;5.47478;4.75432;3.61127;1",1.01046
24.094,24.094,"19.559;19.2402;17.1005;16.6506;16.6552;11.9933;11.539;11.8911;9.4177;13.3298;10.1439;0","14.8407;14.1557;12.3434;12.4614;10.4614;7.08673;6.83299;5.7467;5.47478;4.75432;3.61127;1",2.02092
