Length, Risk, TravelTime, Paths.x, Paths.y , Fitness, Weights 
25.7871,3.63494,2.34505,"20.9591;20.6785;20.5928;20.587;20.5893;20.5297;20.5856;20.5203;20.2394;19.9692;19.4987;19.1792;18.8566;18.3803;18.0192;17.6008;17.2056;16.8967;16.6298;16.2975;15.9875;15.6977;15.276;15.0309;14.8989;14.6212;14.2992;13.9088;13.5385;13.4013;13.0134;12.767;12.4307;12.1225;11.6888;11.3632;10.9353;10.4613;10.0993;9.61539;9.15539;8.86393;8.61094;8.20649;7.83069;7.4296;7.2764;6.9552;6.70115;6.44792;6.17447;5.73777;5.46687;5.07726;4.88621;4.46345;4.08227;3.82294;3.57138;3.20094;2.79478;2.32668;2.01877;1.72392;1.78896;1.50433;1.42933;1.32132;1.20426;1.11396;1","14.9507;14.6018;14.4743;14.083;13.8687;13.392;13.0947;12.7071;12.7546;12.682;12.6836;12.3149;12.1981;12.1088;12.0303;11.9396;11.9222;11.8216;11.665;11.5202;11.2519;11.0101;10.8581;10.6679;10.5293;10.308;10.0782;9.86127;9.59311;9.57898;9.50732;9.32329;9.45961;9.47014;9.46262;9.64979;9.89159;9.91842;10.0121;10.0156;9.8962;9.78401;9.75268;9.84639;10.0275;10.1682;10.4394;10.4621;10.5124;10.6387;10.7238;10.8113;11.056;11.1624;11.1951;11.2221;11.3827;11.3704;11.6111;11.9469;12.2386;12.315;12.4432;12.6561;13.0727;13.4028;13.7582;13.9781;14.2889;14.7137;15",2.37709
"0;0;1"
26.5549,0.152356,2.35272,"20.9591;20.6785;20.5928;20.587;20.5893;20.5297;20.5856;20.5203;20.2394;19.9692;19.9575;19.5778;19.2195;18.8639;18.7119;18.2846;18.1203;17.845;17.4518;17.1225;16.8016;16.5191;16.2203;15.9748;15.6313;15.2403;14.8695;14.4765;14.1924;13.7192;13.4457;13.0308;12.5649;12.1512;11.8137;11.7656;11.3239;10.8757;10.4752;10.2494;9.90946;9.65488;9.22154;8.80866;8.41627;8.30566;8.00546;7.63643;7.19111;6.75935;6.36888;5.99604;5.69795;5.45893;5.00293;4.59161;4.12333;3.64651;3.26855;2.9722;2.75517;2.47217;2.01877;1.72392;1.78896;1.50433;1.42933;1.32132;1.20426;1.11396;1","14.9507;14.6018;14.4743;14.083;13.8687;13.392;13.0947;12.7071;12.7546;12.682;12.3168;12.0483;11.8507;11.6641;11.6222;11.3771;11.2625;10.9285;10.6624;10.311;10.0979;10.0452;9.99754;10.0122;9.8102;9.73908;9.54615;9.25513;9.16813;9.0323;9.00715;8.76841;8.61106;8.51666;8.43517;8.41905;8.4956;8.55712;8.42081;8.59751;8.44499;8.4518;8.6638;8.73589;8.87047;8.89826;9.11523;9.36426;9.40443;9.61275;9.76124;9.96961;10.2038;10.3485;10.5102;10.7911;10.9663;11.1168;11.4429;11.6474;12.0052;12.2545;12.4432;12.6561;13.0727;13.4028;13.7582;13.9781;14.2889;14.7137;15",2.30527
"0;0.0333333;0.966667"
26.9931,0.142129,2.35711,"20.9591;20.6785;20.5928;20.587;20.5893;20.5297;20.5856;20.5203;20.2394;19.9692;19.4987;19.1792;18.8566;18.4294;18.2424;17.8422;17.6759;17.4988;17.0813;16.7835;16.4734;16.1305;15.897;15.5299;15.2403;14.8695;14.4765;14.1924;14.0323;13.7167;13.4457;13.0308;12.5649;12.2734;11.8137;11.7656;11.3255;11.0632;10.6344;10.2469;9.85014;9.73985;9.48566;9.36865;8.90627;8.53039;8.27443;8.00546;7.63643;7.3594;7.29743;6.85331;6.48773;6.14524;5.73673;5.45893;5.00293;4.59161;4.12333;3.64651;3.26855;2.9722;2.75517;2.47217;2.01877;1.72392;1.78896;1.50433;1.42933;1.32132;1.20426;1.11396;1","14.9507;14.6018;14.4743;14.083;13.8687;13.392;13.0947;12.7071;12.7546;12.682;12.6836;12.3149;12.1981;12.056;11.7997;11.7083;11.627;11.231;11.3215;11.0896;10.787;10.4562;10.3163;10.0144;9.73908;9.54615;9.25513;9.16813;8.95194;8.88226;9.00715;8.76841;8.61106;8.55118;8.43517;8.41905;8.19968;8.11367;7.97916;7.93233;7.91125;7.95519;8.12535;8.20739;8.29008;8.54253;8.79598;9.11523;9.36426;9.60715;9.61993;9.75258;9.95763;10.179;10.1946;10.3485;10.5102;10.7911;10.9663;11.1168;11.4429;11.6474;12.0052;12.2545;12.4432;12.6561;13.0727;13.4028;13.7582;13.9781;14.2889;14.7137;15",2.22987
"0;0.0666667;0.933333"
27.0999,0.136222,2.35817,"20.9591;20.6785;20.5928;20.587;20.5893;20.5297;20.5856;20.5203;20.2394;19.9692;19.4987;19.1792;18.8566;18.5875;18.2424;18.0096;17.8658;17.6139;17.5063;17.2894;17.0052;16.6051;16.5191;16.1045;15.7804;15.5825;15.1542;14.8268;14.4765;14.1924;13.7192;13.4457;13.0308;12.5649;12.2734;11.9345;11.5415;11.0632;10.6344;10.4042;10.0347;9.60137;9.36865;8.90627;8.53039;8.27443;8.00546;7.63643;7.19111;6.75935;6.36888;6.16241;5.80494;5.52071;5.29865;5.00293;4.59161;4.12333;3.64651;3.26855;2.9722;2.75517;2.47217;2.01877;1.72392;1.78896;1.50433;1.42933;1.32132;1.20426;1.11396;1","14.9507;14.6018;14.4743;14.083;13.8687;13.392;13.0947;12.7071;12.7546;12.682;12.6836;12.3149;12.1981;12.0612;11.7997;11.4267;11.235;10.9689;10.8532;10.5718;10.462;10.2129;10.0452;9.89635;9.59422;9.48434;9.50147;9.12505;9.25513;9.16813;9.0323;9.00715;8.76841;8.61106;8.55118;8.20944;8.04196;8.11367;7.97916;8.09863;8.24145;8.28381;8.20739;8.29008;8.54253;8.79598;9.11523;9.36426;9.40443;9.61275;9.76124;9.77303;9.83549;10.0229;10.1434;10.5102;10.7911;10.9663;11.1168;11.4429;11.6474;12.0052;12.2545;12.4432;12.6561;13.0727;13.4028;13.7582;13.9781;14.2889;14.7137;15",2.15119
"0;0.1;0.9"
27.2681,0.123697,2.35986,"20.9591;20.6785;20.5928;20.587;20.5893;20.5297;20.5856;20.5203;20.2394;19.9692;19.9575;19.5778;19.2195;18.8639;18.6157;18.4011;18.2245;17.8914;17.4517;17.1225;16.8016;16.5191;16.1045;15.7804;15.5825;15.1542;14.8268;14.4765;14.1924;13.7192;13.4457;13.0308;12.5649;12.2734;11.8137;11.4333;11.0632;10.6344;10.2469;9.85014;9.73985;9.26729;9.04619;8.61334;8.12452;7.7621;7.31482;6.99698;6.61395;6.35057;5.93451;5.55057;5.27466;4.91228;4.64456;4.47212;4.32423;4.17987;3.86681;3.64651;3.26855;2.9722;2.75517;2.47217;2.01877;1.72392;1.78896;1.50433;1.42933;1.32132;1.20426;1.11396;1","14.9507;14.6018;14.4743;14.083;13.8687;13.392;13.0947;12.7071;12.7546;12.682;12.3168;12.0483;11.8507;11.6641;11.2346;10.9922;10.9226;10.6054;10.4919;10.311;10.0979;10.0452;9.89635;9.59422;9.48434;9.50147;9.12505;9.25513;9.16813;9.0323;9.00715;8.76841;8.61106;8.55118;8.43517;8.16375;8.11367;7.97916;7.93233;7.91125;7.95519;8.04453;8.07387;8.25866;8.22687;8.5592;8.51538;8.83298;9.11997;9.4797;9.5646;9.65175;9.73862;10.0337;10.2289;10.4146;10.5853;10.7979;10.9798;11.1168;11.4429;11.6474;12.0052;12.2545;12.4432;12.6561;13.0727;13.4028;13.7582;13.9781;14.2889;14.7137;15",2.07298
"0;0.133333;0.866667"
27.5508,0.0948357,2.36268,"20.9591;20.6785;20.5928;20.587;20.5893;20.5297;20.5856;20.5203;20.2394;19.9692;19.9575;19.5778;19.2195;18.8639;18.6157;18.4011;18.1628;17.8592;17.6286;17.2038;16.8933;16.5194;16.1592;15.8829;15.4819;15.2024;14.8585;14.6495;14.389;14.0468;13.7849;13.6067;13.1552;12.9377;12.4748;12.1837;11.8905;11.5534;11.3445;10.9233;10.5871;10.32;9.85014;9.73985;9.26729;8.80406;8.61634;8.28603;8.04986;7.75266;7.46642;7.31482;6.99698;6.61395;6.35057;5.93451;5.55057;5.27466;4.91228;4.64456;4.47212;4.32423;4.17987;3.86681;3.64651;3.26855;2.9722;2.75517;2.47217;2.01877;1.72392;1.78896;1.50433;1.42933;1.32132;1.20426;1.11396;1","14.9507;14.6018;14.4743;14.083;13.8687;13.392;13.0947;12.7071;12.7546;12.682;12.3168;12.0483;11.8507;11.6641;11.2346;10.9922;10.6748;10.3659;10.1186;9.8876;9.68398;9.37907;9.14803;9.17159;9.01435;8.97081;8.70845;8.60535;8.53255;8.51996;8.34135;8.25775;8.1251;7.90114;7.86301;7.71647;7.57921;7.5755;7.55288;7.64944;7.85106;7.87579;7.91125;7.95519;8.04453;7.96083;7.96795;7.99069;8.01501;8.13158;8.35266;8.51538;8.83298;9.11997;9.4797;9.5646;9.65175;9.73862;10.0337;10.2289;10.4146;10.5853;10.7979;10.9798;11.1168;11.4429;11.6474;12.0052;12.2545;12.4432;12.6561;13.0727;13.4028;13.7582;13.9781;14.2889;14.7137;15",1.9956
"0;0.166667;0.833333"
28.0892,0.0954711,2.36803,"20.9591;20.6785;20.7066;20.5893;20.5297;20.5856;20.5203;20.2394;19.9692;19.9575;19.6382;19.3533;19.0296;18.5746;18.2846;18.1203;17.845;17.4518;17.1225;16.8016;16.698;16.5148;16.226;15.9847;15.5825;15.4819;15.2024;14.8585;14.6495;14.389;14.0468;13.7849;13.6067;13.1552;12.9377;12.8025;12.4256;11.9968;11.5651;11.3445;10.9233;10.5871;10.32;9.86286;9.46162;9.13893;8.79018;8.50232;8.16582;8.04986;7.75266;7.46642;7.31482;6.99698;6.61395;6.35057;5.93451;5.55057;5.22178;4.84765;4.56187;4.32423;4.17987;3.86681;3.64651;3.26855;2.9722;2.75517;2.47217;2.01877;1.72392;1.78896;1.50433;1.42933;1.32132;1.20426;1.11396;1","14.9507;14.6018;14.1276;13.8687;13.392;13.0947;12.7071;12.7546;12.682;12.3168;12.1024;11.8647;11.6269;11.528;11.3771;11.2625;10.9285;10.6624;10.311;10.0979;9.70372;9.65289;9.50443;9.50394;9.48434;9.01435;8.97081;8.70845;8.60535;8.53255;8.51996;8.34135;8.25775;8.1251;7.90114;7.65595;7.5186;7.38625;7.37908;7.55288;7.64944;7.85106;7.87579;7.84227;7.63762;7.68944;7.72042;7.71867;7.9302;8.01501;8.13158;8.35266;8.51538;8.83298;9.11997;9.4797;9.5646;9.65175;9.76505;10.0147;10.292;10.5853;10.7979;10.9798;11.1168;11.4429;11.6474;12.0052;12.2545;12.4432;12.6561;13.0727;13.4028;13.7582;13.9781;14.2889;14.7137;15",1.92006
"0;0.2;0.8"
28.268,0.085184,2.36985,"20.9591;20.6785;20.5928;20.587;20.5893;20.5297;20.5856;20.5203;20.2394;19.9692;19.9575;19.6382;19.2195;18.8639;18.6157;18.4011;18.1628;17.8592;17.6286;17.2038;16.8933;16.6115;16.4929;16.3035;15.9891;15.502;15.3601;14.9922;14.5377;14.3284;14.0466;13.8184;13.439;13.2085;12.8012;12.3561;11.8694;11.5651;11.3445;10.9233;10.5871;10.32;9.86286;9.46162;9.13893;8.79018;8.50232;8.16582;8.04986;7.75266;7.46642;7.31482;6.99698;6.61395;6.35057;5.93451;5.55057;5.22178;4.84765;4.56187;4.32423;4.17987;3.86681;3.64651;3.26855;2.9722;2.75517;2.47217;2.01877;1.72392;1.78896;1.50433;1.42933;1.32132;1.20426;1.11396;1","14.9507;14.6018;14.4743;14.083;13.8687;13.392;13.0947;12.7071;12.7546;12.682;12.3168;12.1024;11.8507;11.6641;11.2346;10.9922;10.6748;10.3659;10.1186;9.8876;9.68398;9.35938;9.08162;8.90355;8.82953;8.75511;8.41995;8.20461;8.04948;7.8492;7.52384;7.34528;7.24;7.22284;7.088;7.08464;7.16476;7.37908;7.55288;7.64944;7.85106;7.87579;7.84227;7.63762;7.68944;7.72042;7.71867;7.9302;8.01501;8.13158;8.35266;8.51538;8.83298;9.11997;9.4797;9.5646;9.65175;9.76505;10.0147;10.292;10.5853;10.7979;10.9798;11.1168;11.4429;11.6474;12.0052;12.2545;12.4432;12.6561;13.0727;13.4028;13.7582;13.9781;14.2889;14.7137;15",1.84145
"0;0.233333;0.766667"
28.6206,0.0916588,2.37335,"20.9591;20.6785;20.7066;20.5893;20.5297;20.5856;20.5203;20.2394;19.9692;19.9575;19.5778;19.2195;18.8639;18.6157;18.4011;18.2245;17.8914;17.4517;17.1225;16.8452;16.6051;16.2203;15.9929;15.5825;15.4819;15.2024;14.8585;14.5015;14.4672;14.3284;14.0466;13.8184;13.439;13.2085;12.8012;12.3561;11.8694;11.5651;11.3445;10.9233;10.5871;10.32;9.86286;9.46162;9.13893;8.73258;8.48526;8.04986;7.75266;7.46642;7.31482;6.99698;6.61395;6.35057;5.93451;5.55057;5.22178;4.84765;4.56187;4.32423;4.17987;3.86681;3.64651;3.26855;2.9722;2.75517;2.47217;2.01877;1.72392;1.78896;1.50433;1.42933;1.32132;1.20426;1.11396;1","14.9507;14.6018;14.1276;13.8687;13.392;13.0947;12.7071;12.7546;12.682;12.3168;12.0483;11.8507;11.6641;11.2346;10.9922;10.9226;10.6054;10.4919;10.311;10.4466;10.2129;9.99754;9.58502;9.48434;9.01435;8.97081;8.70845;8.53027;8.05716;7.8492;7.52384;7.34528;7.24;7.22284;7.088;7.08464;7.16476;7.37908;7.55288;7.64944;7.85106;7.87579;7.84227;7.63762;7.68944;7.74861;7.86042;8.01501;8.13158;8.35266;8.51538;8.83298;9.11997;9.4797;9.5646;9.65175;9.76505;10.0147;10.292;10.5853;10.7979;10.9798;11.1168;11.4429;11.6474;12.0052;12.2545;12.4432;12.6561;13.0727;13.4028;13.7582;13.9781;14.2889;14.7137;15",1.76395
"0;0.266667;0.733333"
28.6361,0.093139,2.3735,"20.9591;20.6785;20.7066;20.5893;20.5297;20.5856;20.5203;20.2394;19.9692;19.9575;19.6382;19.3533;19.2877;18.9869;18.9422;18.6901;18.4793;18.1628;17.8914;17.4517;17.1225;16.8452;16.6051;16.2203;15.9929;15.5825;15.4819;15.2024;14.8585;14.5015;14.4672;14.3284;14.0466;13.8184;13.439;13.2085;12.8012;12.3561;11.8694;11.5651;11.3445;10.9233;10.5871;10.32;9.85014;9.73985;9.26729;8.80406;8.61634;8.28603;8.04986;7.75266;7.46642;7.31482;6.99698;6.61395;6.35057;5.93451;5.55057;5.22178;4.84765;4.56187;4.32423;4.17987;3.86681;3.64651;3.26855;2.9722;2.75517;2.47217;2.01877;1.72392;1.78896;1.50433;1.42933;1.32132;1.20426;1.11396;1","14.9507;14.6018;14.1276;13.8687;13.392;13.0947;12.7071;12.7546;12.682;12.3168;12.1024;11.8647;11.5704;11.3739;11.1526;10.9393;10.8269;10.6748;10.6054;10.4919;10.311;10.4466;10.2129;9.99754;9.58502;9.48434;9.01435;8.97081;8.70845;8.53027;8.05716;7.8492;7.52384;7.34528;7.24;7.22284;7.088;7.08464;7.16476;7.37908;7.55288;7.64944;7.85106;7.87579;7.91125;7.95519;8.04453;7.96083;7.96795;7.99069;8.01501;8.13158;8.35266;8.51538;8.83298;9.11997;9.4797;9.5646;9.65175;9.76505;10.0147;10.292;10.5853;10.7979;10.9798;11.1168;11.4429;11.6474;12.0052;12.2545;12.4432;12.6561;13.0727;13.4028;13.7582;13.9781;14.2889;14.7137;15",1.68388
"0;0.3;0.7"
28.9422,0.0962835,2.3766,"20.9591;20.6785;20.5928;20.587;20.5893;20.5297;20.5856;20.5203;20.2394;19.9692;19.4987;19.1792;18.8566;18.7608;18.5746;18.2846;18.1203;17.845;17.6773;17.4517;17.2996;17.2038;16.9686;16.5802;16.3035;16.3748;16.1592;15.8829;15.4819;14.9883;14.8585;14.6495;14.2709;13.7849;13.3166;13.0859;12.8025;12.3151;11.8905;11.4189;11.3445;10.9233;10.5871;10.32;9.86286;9.46162;9.13893;8.79018;8.50232;8.00971;7.6266;7.46642;7.31482;6.99698;6.61395;6.35057;6.0334;5.64938;5.53214;5.27466;4.91228;4.64456;4.47212;4.32423;4.17987;3.86681;3.64651;3.26855;2.9722;2.75517;2.47217;2.01877;1.72392;1.78896;1.50433;1.42933;1.32132;1.20426;1.11396;1","14.9507;14.6018;14.4743;14.083;13.8687;13.392;13.0947;12.7071;12.7546;12.682;12.6836;12.3149;12.1981;11.9515;11.528;11.3771;11.2625;10.9285;10.7296;10.4919;10.0529;9.8876;9.47212;9.2848;8.90355;8.74474;9.14803;9.17159;9.01435;9.00956;8.70845;8.60535;8.35583;8.34135;8.24998;7.82076;7.65595;7.63852;7.57921;7.52716;7.55288;7.64944;7.85106;7.87579;7.84227;7.63762;7.68944;7.72042;7.71867;7.68411;7.9801;8.35266;8.51538;8.83298;9.11997;9.4797;9.50294;9.52554;9.57529;9.73862;10.0337;10.2289;10.4146;10.5853;10.7979;10.9798;11.1168;11.4429;11.6474;12.0052;12.2545;12.4432;12.6561;13.0727;13.4028;13.7582;13.9781;14.2889;14.7137;15",1.60576
"0;0.333333;0.666667"
30.5888,0.0697337,2.40109,"20.9591;20.6785;20.5928;20.587;20.4888;20.4303;20.3564;20.3864;19.9692;19.9575;19.6382;19.8327;20.0399;19.8974;19.4965;19.3814;18.9422;18.6901;18.4955;18.5393;18.3122;18.1627;17.8212;17.382;16.8993;16.5802;16.3035;15.9891;15.502;15.3601;14.9922;14.5377;14.3284;14.0466;13.8184;13.3708;12.9312;12.52;12.3498;11.9968;11.703;11.4508;11.2237;10.8105;10.542;10.3006;9.99046;9.67312;9.34742;9.1219;8.72023;8.41216;8.0042;7.72605;7.29037;6.87983;6.72402;6.34903;6.14501;5.77827;5.45863;5.16116;5.0471;4.67149;4.52808;4.30365;3.849;3.6955;3.54684;3.26801;3.0679;2.98084;2.66727;2.42013;2.06067;2.01877;1.72392;1.78896;1.50433;1.42933;1.32132;1.20426;1.11396;1","14.9507;14.6018;14.4743;14.083;13.6863;13.3341;13.0756;12.83;12.682;12.3168;12.1024;11.7404;11.455;11.2383;11.1168;10.9451;11.1526;10.9393;10.5808;10.3137;10.0092;9.88088;9.71884;9.55714;9.44009;9.2848;8.90355;8.82953;8.75511;8.41995;8.20461;8.04948;7.8492;7.52384;7.34528;7.51555;7.33708;7.33443;7.30303;7.38625;7.08678;6.8209;6.51508;6.43886;6.31916;6.29882;6.34673;6.60253;6.97498;7.11562;7.26005;7.30804;7.37895;7.49492;7.64592;7.61463;7.60548;7.86033;7.86224;7.94565;8.32251;8.64021;8.80974;9.10079;9.15245;9.53866;9.54195;10.0173;10.2024;10.61;10.8897;11.1582;11.4932;11.8211;12.0505;12.4432;12.6561;13.0727;13.4028;13.7582;13.9781;14.2889;14.7137;15",1.54098
"0;0.366667;0.633333"
29.7312,0.0689781,2.38445,"20.9591;20.6785;20.7066;20.5893;20.5297;20.5856;20.5203;20.2394;19.9692;19.9575;19.6382;19.3533;19.0296;18.5746;18.1323;17.845;17.4518;17.1225;16.8016;16.698;16.5148;16.226;15.8829;15.4819;15.4252;15.3601;14.9922;14.5377;14.3284;14.0466;13.7278;13.4615;13.3058;13.1024;12.7123;12.4087;12.1948;11.9983;11.5349;11.4554;11.0597;10.6038;10.1909;9.84867;9.51445;9.1219;8.72023;8.41216;8.0042;7.72605;7.29037;6.87983;6.72402;6.34903;6.14501;5.77827;5.45863;5.16116;5.0471;4.67149;4.52808;4.30365;3.849;3.6955;3.54684;3.26801;3.0679;2.98084;2.66727;2.42013;2.06067;2.01877;1.72392;1.78896;1.50433;1.42933;1.32132;1.20426;1.11396;1","14.9507;14.6018;14.1276;13.8687;13.392;13.0947;12.7071;12.7546;12.682;12.3168;12.1024;11.8647;11.6269;11.528;11.2968;10.9285;10.6624;10.311;10.0979;9.70372;9.65289;9.50443;9.17159;9.01435;8.84405;8.41995;8.20461;8.04948;7.8492;7.52384;7.48872;7.13232;6.95166;6.6248;6.44896;6.38296;6.57114;6.47856;6.48917;6.51137;6.63487;6.72682;6.48224;6.63194;6.92733;7.11562;7.26005;7.30804;7.37895;7.49492;7.64592;7.61463;7.60548;7.86033;7.86224;7.94565;8.32251;8.64021;8.80974;9.10079;9.15245;9.53866;9.54195;10.0173;10.2024;10.61;10.8897;11.1582;11.4932;11.8211;12.0505;12.4432;12.6561;13.0727;13.4028;13.7582;13.9781;14.2889;14.7137;15",1.4499
"0;0.4;0.6"
30.503,0.0562901,2.39217,"20.9591;20.6785;20.7066;20.5893;20.5297;20.5856;20.5203;20.63;20.8255;20.939;20.8496;20.4364;20.3771;20.1461;19.8725;19.6589;19.5084;19.2066;18.8974;18.7315;18.443;18.0999;17.9816;17.8067;17.4595;17.1287;16.8545;16.5533;16.2933;15.988;15.701;15.284;14.9263;14.6199;14.1987;13.9979;13.6939;13.3171;13.1024;12.7123;12.4087;12.1417;11.7287;11.3224;11.0716;10.7969;10.4639;10.1243;9.7825;9.35634;9.01138;8.63194;8.40157;8.27337;7.95561;7.72605;7.29037;6.87983;6.72402;6.34903;6.14501;5.77827;5.45863;5.16116;5.0471;4.67149;4.52808;4.30365;3.849;3.6955;3.54684;3.26801;3.0679;2.98084;2.66727;2.42013;2.06067;2.01877;1.72392;1.78896;1.50433;1.42933;1.32132;1.20426;1.11396;1","14.9507;14.6018;14.1276;13.8687;13.392;13.0947;12.7071;12.3479;12.1968;11.8895;11.6469;11.4531;11.3859;11.056;10.7929;10.6439;10.2886;10.0321;9.75426;9.64948;9.32043;9.08695;9.03594;8.8715;8.65592;8.32749;8.05702;8.00103;7.99616;7.92323;7.71275;7.56836;7.403;7.42612;7.35004;7.24516;7.09971;6.77198;6.6248;6.44896;6.38296;6.36052;6.16243;6.29653;6.10028;6.0861;6.00708;5.9618;5.9507;6.16433;6.43496;6.57458;6.92085;7.08211;7.33894;7.49492;7.64592;7.61463;7.60548;7.86033;7.86224;7.94565;8.32251;8.64021;8.80974;9.10079;9.15245;9.53866;9.54195;10.0173;10.2024;10.61;10.8897;11.1582;11.4932;11.8211;12.0505;12.4432;12.6561;13.0727;13.4028;13.7582;13.9781;14.2889;14.7137;15",1.37372
"0;0.433333;0.566667"
30.5597,0.0559924,2.39274,"20.9591;20.6785;20.7066;20.5893;20.5297;20.5856;20.5203;20.6691;20.8255;20.939;20.8496;20.4364;20.3771;20.1461;19.8725;19.6589;19.5084;19.3169;19.2708;18.9401;18.6583;18.4173;18.042;17.7787;17.4595;17.1287;16.8545;16.5533;16.2933;15.988;15.701;15.284;14.9263;14.5803;14.0935;13.6939;13.3171;13.1024;12.7123;12.4087;12.1417;11.7287;11.3224;11.0997;10.878;10.4639;10.1243;9.7825;9.35634;9.01138;8.63194;8.40157;8.27337;7.95561;7.72605;7.29037;6.87983;6.72402;6.34903;6.14501;5.77827;5.51757;5.16116;5.0471;4.67149;4.52808;4.30365;3.849;3.6955;3.54684;3.26801;3.0679;2.98084;2.66727;2.42013;2.06067;2.01877;1.72392;1.78896;1.50433;1.42933;1.32132;1.20426;1.11396;1","14.9507;14.6018;14.1276;13.8687;13.392;13.0947;12.7071;12.4451;12.1968;11.8895;11.6469;11.4531;11.3859;11.056;10.7929;10.6439;10.2886;10.105;9.84584;9.49577;9.38387;9.23433;8.97488;8.82236;8.65592;8.32749;8.05702;8.00103;7.99616;7.92323;7.71275;7.56836;7.403;7.21658;7.12772;7.09971;6.77198;6.6248;6.44896;6.38296;6.36052;6.16243;6.29653;6.09453;6.04976;6.00708;5.9618;5.9507;6.16433;6.43496;6.57458;6.92085;7.08211;7.33894;7.49492;7.64592;7.61463;7.60548;7.86033;7.86224;7.94565;8.33451;8.64021;8.80974;9.10079;9.15245;9.53866;9.54195;10.0173;10.2024;10.61;10.8897;11.1582;11.4932;11.8211;12.0505;12.4432;12.6561;13.0727;13.4028;13.7582;13.9781;14.2889;14.7137;15",1.29322
"0;0.466667;0.533333"
30.3613,0.0609311,2.39075,"20.9591;20.6785;20.7066;20.5893;20.5297;20.5856;20.5203;20.2394;19.9692;19.4987;19.1792;18.8566;18.7608;18.5746;18.1323;17.8395;17.6773;17.4517;17.2996;17.2038;17.1848;17.1036;16.8303;16.5428;16.3571;15.988;15.701;15.284;14.9263;14.5803;14.0935;14.0042;13.6206;13.3171;13.1024;12.7123;12.4087;12.1948;11.9983;11.5349;11.4554;11.3224;11.0997;10.878;10.4639;10.1243;9.7825;9.35634;9.01138;8.63194;8.40157;8.27337;7.95561;7.57344;7.29037;6.87983;6.72402;6.34903;6.14501;5.77827;5.51757;5.16116;5.0471;4.67149;4.52808;4.30365;3.849;3.6955;3.54684;3.26801;3.0679;2.98084;2.66727;2.42013;2.06067;2.01877;1.72392;1.78896;1.50433;1.42933;1.32132;1.20426;1.11396;1","14.9507;14.6018;14.1276;13.8687;13.392;13.0947;12.7071;12.7546;12.682;12.6836;12.3149;12.1981;11.9515;11.528;11.2968;11.0199;10.7296;10.4919;10.0529;9.8876;9.41727;9.21308;8.87255;8.50545;8.04927;7.92323;7.71275;7.56836;7.403;7.21658;7.12772;7.13811;6.94759;6.77198;6.6248;6.44896;6.38296;6.57114;6.47856;6.48917;6.51137;6.29653;6.09453;6.04976;6.00708;5.9618;5.9507;6.16433;6.43496;6.57458;6.92085;7.08211;7.33894;7.45211;7.64592;7.61463;7.60548;7.86033;7.86224;7.94565;8.33451;8.64021;8.80974;9.10079;9.15245;9.53866;9.54195;10.0173;10.2024;10.61;10.8897;11.1582;11.4932;11.8211;12.0505;12.4432;12.6561;13.0727;13.4028;13.7582;13.9781;14.2889;14.7137;15",1.2114
"0;0.5;0.5"
30.1963,0.0587871,2.3891,"20.9591;20.6785;20.7066;20.5893;20.5297;20.5856;20.5203;20.2394;19.9692;19.9575;19.6382;19.3651;19.0296;18.9422;18.6901;18.5993;18.5393;18.3122;18.1627;17.8212;17.382;17.1036;16.8303;16.5428;16.3571;15.988;15.701;15.284;14.9263;14.5803;14.0935;13.6939;13.3171;13.1024;12.7123;12.4087;12.1948;11.9983;11.5349;11.4554;11.3224;11.0997;10.878;10.4639;10.1243;9.7825;9.35634;9.01138;8.63194;8.5233;8.27337;7.95561;7.57344;7.29037;6.87983;6.72402;6.34903;6.14501;5.77827;5.51757;5.16116;5.0471;4.67149;4.52808;4.16102;3.849;3.6955;3.54684;3.26801;3.0679;2.98084;2.66727;2.42013;2.06067;2.01877;1.72392;1.78896;1.50433;1.42933;1.32132;1.20426;1.11396;1","14.9507;14.6018;14.1276;13.8687;13.392;13.0947;12.7071;12.7546;12.682;12.3168;12.1024;11.9566;11.6269;11.1526;10.9393;10.5295;10.3137;10.0092;9.88088;9.71884;9.55714;9.21308;8.87255;8.50545;8.04927;7.92323;7.71275;7.56836;7.403;7.21658;7.12772;7.09971;6.77198;6.6248;6.44896;6.38296;6.57114;6.47856;6.48917;6.51137;6.29653;6.09453;6.04976;6.00708;5.9618;5.9507;6.16433;6.43496;6.57458;6.6593;7.08211;7.33894;7.45211;7.64592;7.61463;7.60548;7.86033;7.86224;7.94565;8.33451;8.64021;8.80974;9.10079;9.15245;9.38337;9.54195;10.0173;10.2024;10.61;10.8897;11.1582;11.4932;11.8211;12.0505;12.4432;12.6561;13.0727;13.4028;13.7582;13.9781;14.2889;14.7137;15",1.12987
"0;0.533333;0.466667"
30.8424,0.0557102,2.39557,"20.9591;20.6785;20.7066;20.5893;20.5297;20.5856;20.5203;20.6691;20.8255;20.939;20.8496;20.6584;20.3902;20.1985;20.1945;19.8716;19.6468;19.2708;18.9401;18.6583;18.4173;18.042;17.7787;17.4595;17.1287;16.8545;16.5533;16.2933;15.988;15.701;15.284;14.9263;14.5803;14.0935;13.6939;13.3171;12.9413;12.5388;12.1948;11.9983;11.5349;11.4554;11.3224;11.0997;10.878;10.4639;10.1243;9.7825;9.35634;9.01138;8.63194;8.40157;8.27337;7.95561;7.72605;7.29037;6.87983;6.72402;6.34903;6.14501;5.77827;5.52036;5.25792;4.87153;4.60697;4.23145;4.05438;3.66693;3.49761;3.50326;3.26983;3.09082;2.90093;2.60415;2.53118;2.42013;2.06067;2.01877;1.72392;1.78896;1.50433;1.42933;1.32132;1.20426;1.11396;1","14.9507;14.6018;14.1276;13.8687;13.392;13.0947;12.7071;12.4451;12.1968;11.8895;11.6469;11.3362;11.2233;10.9164;10.5464;10.1801;9.985;9.84584;9.49577;9.38387;9.23433;8.97488;8.82236;8.65592;8.32749;8.05702;8.00103;7.99616;7.92323;7.71275;7.56836;7.403;7.21658;7.12772;7.09971;6.77198;6.55688;6.34999;6.57114;6.47856;6.48917;6.51137;6.29653;6.09453;6.04976;6.00708;5.9618;5.9507;6.16433;6.43496;6.57458;6.92085;7.08211;7.33894;7.49492;7.64592;7.61463;7.60548;7.86033;7.86224;7.94565;7.97273;8.15315;8.38136;8.53373;8.76008;8.92675;9.23644;9.52007;9.91359;10.2343;10.5281;10.9783;11.3379;11.6301;11.8211;12.0505;12.4432;12.6561;13.0727;13.4028;13.7582;13.9781;14.2889;14.7137;15",1.05196
"0;0.566667;0.433333"
32.9178,0.0428903,2.41632,"20.9591;20.6785;20.7066;20.5893;20.5297;20.5856;20.5203;20.6691;20.8255;20.939;20.8496;21.054;20.7168;20.5786;20.1945;19.8716;19.6468;19.2708;18.9401;18.6583;18.4173;18.042;17.7787;17.4595;17.1287;16.8545;16.5533;16.3509;16.202;15.8951;15.5505;15.3167;14.9903;14.6077;14.3469;14.0824;13.6825;13.3749;13.1308;12.7085;12.4079;12.0514;11.9179;11.4546;11.1718;10.7503;10.2905;9.96583;9.76849;9.34083;8.90247;8.72111;8.36691;8.23061;7.86979;7.60516;7.19854;7.17229;6.74856;6.55487;6.17033;5.87306;5.4173;5.23834;4.86981;4.72071;4.34127;4.23417;3.80763;3.5366;3.34145;3.24358;3.10448;2.75082;2.74681;2.62928;2.43687;2.11426;2.02195;1.90915;1.86739;1.81308;1.66419;1.72392;1.78896;1.50433;1.42933;1.32132;1.20426;1.11396;1","14.9507;14.6018;14.1276;13.8687;13.392;13.0947;12.7071;12.4451;12.1968;11.8895;11.6469;11.2219;10.9392;10.7586;10.5464;10.1801;9.985;9.84584;9.49577;9.38387;9.23433;8.97488;8.82236;8.65592;8.32749;8.05702;8.00103;7.58231;7.22365;7.11105;6.78543;6.60408;6.4355;6.18081;6.09702;5.87789;5.59176;5.47248;5.59426;5.41444;5.30103;5.28047;5.29792;5.23511;5.2368;5.44234;5.42123;5.29761;5.27077;5.20179;5.16032;5.1872;5.50893;5.5285;5.65466;5.56936;5.48242;5.86631;5.93749;6.05183;6.22495;6.23592;6.37438;6.70292;6.84908;7.19225;7.51702;7.61639;7.82539;8.19315;8.44064;8.75766;9.03887;9.39231;9.59984;10.0076;10.4458;10.7149;10.9252;11.3632;11.7003;12.0626;12.5208;12.6561;13.0727;13.4028;13.7582;13.9781;14.2889;14.7137;15",0.979344
"0;0.6;0.4"
32.3872,0.04538,2.41101,"20.9591;20.6785;20.7066;20.5893;20.5297;20.5856;20.5203;20.2394;19.9692;19.9575;19.6382;19.3533;19.388;18.9869;18.6157;18.4011;18.1628;17.9679;17.788;17.7971;17.6082;17.428;17.2312;17.038;16.8319;16.5533;16.3509;16.202;15.8951;15.5505;15.3167;14.9903;14.6077;14.3469;14.0824;13.6825;13.3749;13.1308;12.7085;12.4079;12.0514;11.9179;11.4546;11.1718;10.7503;10.2905;9.96583;9.76849;9.34083;8.90247;8.72111;8.36691;8.23061;7.86979;7.60516;7.19854;7.17229;6.74856;6.55487;6.17033;5.87306;5.4173;5.23834;4.86981;4.72071;4.34127;4.23417;3.80763;3.5366;3.34145;3.24358;3.10448;2.75082;2.74681;2.62928;2.43687;2.11426;2.02195;1.90915;1.86739;1.81308;1.66419;1.72392;1.78896;1.50433;1.42933;1.32132;1.20426;1.11396;1","14.9507;14.6018;14.1276;13.8687;13.392;13.0947;12.7071;12.7546;12.682;12.3168;12.1024;11.8647;11.5448;11.3739;11.2346;10.9922;10.6748;10.3087;10.1599;9.80022;9.46887;9.22496;8.87422;8.61867;8.32897;8.00103;7.58231;7.22365;7.11105;6.78543;6.60408;6.4355;6.18081;6.09702;5.87789;5.59176;5.47248;5.59426;5.41444;5.30103;5.28047;5.29792;5.23511;5.2368;5.44234;5.42123;5.29761;5.27077;5.20179;5.16032;5.1872;5.50893;5.5285;5.65466;5.56936;5.48242;5.86631;5.93749;6.05183;6.22495;6.23592;6.37438;6.70292;6.84908;7.19225;7.51702;7.61639;7.82539;8.19315;8.44064;8.75766;9.03887;9.39231;9.59984;10.0076;10.4458;10.7149;10.9252;11.3632;11.7003;12.0626;12.5208;12.6561;13.0727;13.4028;13.7582;13.9781;14.2889;14.7137;15",0.895787
"0;0.633333;0.366667"
33.7731,0.0424693,2.42487,"20.9591;20.6785;20.7066;20.5893;20.5297;20.5856;20.5203;20.7296;20.9389;21.3317;21.2523;20.9399;20.6483;20.3771;20.1461;19.8725;19.6589;19.5084;19.2066;18.8974;18.6583;18.4173;18.042;17.7787;17.5949;17.4582;17.3631;17.0277;16.8741;16.7577;16.4652;16.0767;15.8298;15.4019;14.9903;14.6077;14.3469;14.0824;13.6749;13.2012;12.8607;12.6224;12.2919;11.9297;11.5041;11.0445;10.6963;10.2905;9.96583;9.76849;9.34083;8.90247;8.49341;8.19866;7.85015;7.60802;7.43614;6.95875;6.59972;6.16221;5.7845;5.43941;5.13534;4.82433;4.60188;4.32253;4.04196;3.79733;3.67806;3.62938;3.5366;3.34145;3.24358;3.10448;2.75082;2.73573;2.51238;2.54546;2.14201;2.1161;2.07992;2.02195;1.90915;1.86739;1.81308;1.66419;1.72392;1.78896;1.50433;1.42933;1.32132;1.20426;1.11396;1","14.9507;14.6018;14.1276;13.8687;13.392;13.0947;12.7071;12.4992;12.1854;11.9373;11.6596;11.4797;11.2996;11.3859;11.056;10.7929;10.6439;10.2886;10.0321;9.75426;9.38387;9.23433;8.97488;8.82236;8.41855;8.01893;7.96938;7.70281;7.55295;7.22407;6.85866;6.62424;6.48839;6.49504;6.4355;6.18081;6.09702;5.87789;6.10456;6.07298;5.93388;5.82418;5.65615;5.5151;5.50599;5.58516;5.58579;5.42123;5.29761;5.27077;5.20179;5.16032;4.91284;5.09442;4.98829;4.88025;5.06705;5.09412;5.24195;5.39981;5.64837;5.96064;6.24141;6.40571;6.48931;6.58851;6.84834;7.25921;7.58257;7.93356;8.19315;8.44064;8.75766;9.03887;9.39231;9.40861;9.66081;9.95171;10.2216;10.336;10.4725;10.9252;11.3632;11.7003;12.0626;12.5208;12.6561;13.0727;13.4028;13.7582;13.9781;14.2889;14.7137;15",0.818971
"0;0.666667;0.333333"
34.6072,0.0379365,2.43321,"20.9591;20.6785;20.7066;20.5893;20.5297;20.5856;20.5203;20.7296;20.9389;21.0325;20.8496;20.6584;20.3902;20.1985;20.1945;19.8716;19.6468;19.3981;19.103;18.9999;18.7026;18.6393;18.4411;18.2073;17.769;17.8532;17.5347;17.2816;17.0375;16.6681;16.4296;16.3626;16.0429;15.6901;15.3355;15.1108;14.725;14.543;14.0714;13.6932;13.2775;13.2041;12.8092;12.5217;12.1875;11.7465;11.3891;11.1718;10.695;10.6297;10.2279;9.98253;9.72037;9.27349;9.04148;8.62419;8.35225;7.97172;7.64881;7.23293;6.95875;6.59972;6.16221;5.7845;5.43941;5.13534;4.82433;4.60188;4.32253;4.04196;3.79733;3.67806;3.62938;3.5366;3.34145;3.24358;3.10448;2.75082;2.73573;2.51238;2.54546;2.14201;2.1161;2.07992;2.02195;1.90915;1.86739;1.81308;1.66419;1.72392;1.78896;1.50433;1.42933;1.32132;1.20426;1.11396;1","14.9507;14.6018;14.1276;13.8687;13.392;13.0947;12.7071;12.4992;12.1854;11.9712;11.6469;11.3362;11.2233;10.9164;10.5464;10.1801;9.985;9.60031;9.31046;8.85079;8.55846;8.34968;7.96267;7.72393;7.53252;7.07711;6.73768;6.51407;6.27637;5.98699;5.54991;5.37967;5.1431;5.37531;5.24299;5.09229;4.83798;4.83649;4.80431;4.6821;4.73704;4.8865;5.04575;5.03094;5.17867;5.1179;5.20541;5.2368;5.20678;5.159;5.0314;4.80161;4.74533;4.93178;4.92768;4.75687;4.68318;4.66226;4.75096;4.81396;5.09412;5.24195;5.39981;5.64837;5.96064;6.24141;6.40571;6.48931;6.58851;6.84834;7.25921;7.58257;7.93356;8.19315;8.44064;8.75766;9.03887;9.39231;9.40861;9.66081;9.95171;10.2216;10.336;10.4725;10.9252;11.3632;11.7003;12.0626;12.5208;12.6561;13.0727;13.4028;13.7582;13.9781;14.2889;14.7137;15",0.739576
"0;0.7;0.3"
34.4006,0.0405629,2.44386,"20.9591;20.6785;20.7066;20.5893;20.5297;20.5856;20.3864;19.9692;19.9575;19.6382;19.3533;19.388;18.9869;18.9422;18.6108;18.4955;18.5393;18.3122;18.2249;18.0221;17.8067;17.7787;17.5949;17.4582;17.1755;16.8741;16.7577;16.4652;16.6024;16.7853;16.9315;16.5315;16.128;15.8106;15.4912;15.3355;15.1108;14.725;14.278;14.0714;13.6932;13.2775;12.8494;12.5217;12.1875;11.9668;11.7053;11.5724;11.1497;10.6913;10.2443;9.86192;9.52013;9.10657;8.698;8.35225;7.97172;7.64881;7.23293;6.95875;6.59972;6.16221;5.7845;5.43941;5.13534;4.82433;4.60188;4.32253;4.04196;3.79733;3.67806;3.62938;3.5366;3.34145;3.24358;3.10448;2.75082;2.73573;2.51238;2.54546;2.14201;2.1161;2.07992;2.02195;1.90915;1.86739;1.81308;1.66419;1.72392;1.78896;1.50433;1.42933;1.32132;1.20426;1.11396;1","14.9507;14.6018;14.1276;13.8687;13.392;13.0947;12.83;12.682;12.3168;12.1024;11.8647;11.5448;11.3739;11.1526;11.0293;10.5808;10.3137;10.0092;9.61049;9.26137;8.8715;8.82236;8.41855;8.01893;7.69995;7.55295;7.22407;6.85866;6.68249;6.40822;5.93263;5.6716;5.58195;5.49718;5.36596;5.24299;5.09229;4.83798;4.78803;4.80431;4.6821;4.73704;4.85547;5.03094;5.17867;5.03411;4.89321;4.77586;4.57192;4.53628;4.58522;4.52131;4.61282;4.65491;4.65547;4.68318;4.66226;4.75096;4.81396;5.09412;5.24195;5.39981;5.64837;5.96064;6.24141;6.40571;6.48931;6.58851;6.84834;7.25921;7.58257;7.93356;8.19315;8.44064;8.75766;9.03887;9.39231;9.40861;9.66081;9.95171;10.2216;10.336;10.4725;10.9252;11.3632;11.7003;12.0626;12.5208;12.6561;13.0727;13.4028;13.7582;13.9781;14.2889;14.7137;15",0.660241
"0;0.733333;0.266667"
33.5327,0.0426779,2.42247,"20.9591;20.6785;20.7066;20.5893;20.5297;20.5856;20.5203;20.2394;19.9692;20.0214;20.1416;20.173;20.0399;19.8974;19.4965;19.3814;19.1988;19.1074;18.8588;18.7302;18.6778;18.3545;18.0999;17.7787;17.5949;17.4582;17.1755;16.8741;16.7577;16.4652;16.0767;15.8298;15.4019;14.9903;14.6077;14.3469;14.0824;13.6749;13.2012;12.8607;12.4252;12.1628;11.9299;11.7724;11.3409;11.0445;10.6963;10.2905;9.96583;9.76849;9.34083;8.90247;8.49341;8.19866;7.85015;7.60802;7.43614;6.95875;6.59972;6.16221;5.84747;5.78263;5.43941;5.13534;4.82433;4.60188;4.32253;4.04196;3.79733;3.67806;3.36944;3.18643;2.953;2.54443;2.31965;2.13452;2.0263;1.89881;1.87877;1.88723;1.79823;1.75179;1.78716;1.81308;1.66419;1.72392;1.78896;1.50433;1.42933;1.32132;1.20426;1.11396;1","14.9507;14.6018;14.1276;13.8687;13.392;13.0947;12.7071;12.7546;12.682;12.2791;12.1925;11.7851;11.455;11.2383;11.1168;10.9451;10.51;10.4681;10.2531;9.88466;9.72695;9.38588;9.08695;8.82236;8.41855;8.01893;7.69995;7.55295;7.22407;6.85866;6.62424;6.48839;6.49504;6.4355;6.18081;6.09702;5.87789;6.10456;6.07298;5.93388;5.78586;5.88635;5.67666;5.5672;5.56943;5.58516;5.58579;5.42123;5.29761;5.27077;5.20179;5.16032;4.91284;5.09442;4.98829;4.88025;5.06705;5.09412;5.24195;5.39981;5.61352;5.86865;5.96064;6.24141;6.40571;6.48931;6.58851;6.84834;7.25921;7.58257;7.67703;7.99628;8.14191;8.29552;8.65409;8.9939;9.23012;9.62864;10.1282;10.6168;11.0617;11.3876;11.5716;12.0626;12.5208;12.6561;13.0727;13.4028;13.7582;13.9781;14.2889;14.7137;15",0.572719
"0;0.766667;0.233333"
33.2549,0.0431517,2.43241,"20.9591;20.6785;20.7066;20.5893;20.5297;20.5856;20.3864;19.9692;19.9575;19.6382;19.3533;19.388;18.9869;18.9422;18.6901;18.4955;18.5393;18.3122;18.2249;18.0221;17.8067;17.7787;17.5949;17.4582;17.1755;16.8741;16.7577;16.4652;16.0767;15.8298;15.4019;14.9903;14.6077;14.3469;14.0824;13.6825;13.3749;13.1308;12.7085;12.4079;12.0514;11.9167;11.5041;11.0445;10.6963;10.2905;9.96583;9.76849;9.34083;9.23352;8.77129;8.36691;8.23061;7.86979;7.60516;7.19854;6.9446;6.60508;6.30204;5.84747;5.78263;5.43941;5.13534;4.82433;4.60188;4.32253;4.04196;3.79733;3.62076;3.36944;3.18643;2.953;2.54443;2.31965;2.13452;2.0263;1.89881;1.87877;1.88723;1.79823;1.75179;1.78716;1.81308;1.66419;1.72392;1.78896;1.50433;1.42933;1.32132;1.20426;1.11396;1","14.9507;14.6018;14.1276;13.8687;13.392;13.0947;12.83;12.682;12.3168;12.1024;11.8647;11.5448;11.3739;11.1526;10.9393;10.5808;10.3137;10.0092;9.61049;9.26137;8.8715;8.82236;8.41855;8.01893;7.69995;7.55295;7.22407;6.85866;6.62424;6.48839;6.49504;6.4355;6.18081;6.09702;5.87789;5.59176;5.47248;5.59426;5.41444;5.30103;5.28047;5.49779;5.50599;5.58516;5.58579;5.42123;5.29761;5.27077;5.20179;5.45125;5.36235;5.50893;5.5285;5.65466;5.56936;5.48242;5.31171;5.30399;5.53988;5.61352;5.86865;5.96064;6.24141;6.40571;6.48931;6.58851;6.84834;7.25921;7.50416;7.67703;7.99628;8.14191;8.29552;8.65409;8.9939;9.23012;9.62864;10.1282;10.6168;11.0617;11.3876;11.5716;12.0626;12.5208;12.6561;13.0727;13.4028;13.7582;13.9781;14.2889;14.7137;15",0.49289
"0;0.8;0.2"
33.4084,0.0420525,2.46458,"20.9591;20.6785;20.7066;20.8266;20.8445;20.668;20.4441;20.3864;19.9692;19.9575;19.6382;19.3533;19.388;19.4965;19.3814;19.1988;18.8588;18.6447;18.3122;18.1627;17.8212;17.5762;17.428;17.2312;17.038;16.8319;16.5533;16.3509;16.0138;15.8951;15.5505;15.3167;14.9903;14.6077;14.3469;14.0824;13.6183;13.5621;13.1308;12.7085;12.4079;12.0514;11.9179;11.4546;11.1718;10.695;10.2905;9.96583;9.76849;9.34083;8.90247;8.49341;8.23133;7.97172;7.64881;7.23293;6.78719;6.43679;6.17031;5.89674;5.74245;5.31394;4.99881;4.61468;4.15387;3.81529;3.75815;3.49396;3.32673;3.10592;2.91778;2.6387;2.3055;2.14419;1.80156;1.71536;1.69383;1.68664;1.61929;1.66137;1.60068;1.71702;1.75179;1.78716;1.81308;1.66419;1.72392;1.78896;1.50433;1.42933;1.32132;1.20426;1.11396;1","14.9507;14.6018;14.1276;13.9176;13.7202;13.2556;12.8974;12.83;12.682;12.3168;12.1024;11.8647;11.5448;11.1168;10.9451;10.51;10.2531;10.2139;10.0092;9.88088;9.71884;9.41754;9.22496;8.87422;8.61867;8.32897;8.00103;7.58231;7.45039;7.11105;6.78543;6.60408;6.4355;6.18081;6.09702;5.87789;5.84468;5.81858;5.59426;5.41444;5.30103;5.28047;5.29792;5.23511;5.2368;5.20678;5.42123;5.29761;5.27077;5.20179;5.16032;4.91284;4.75801;4.66226;4.75096;4.81396;4.95143;4.97968;4.98765;5.18944;5.32169;5.56687;5.62327;5.89162;5.92362;6.1434;6.22924;6.6126;6.82424;7.0875;7.45671;7.79603;8.08734;8.53037;8.80202;9.16351;9.62558;9.66913;10.0002;10.4297;10.8493;10.9517;11.3876;11.5716;12.0626;12.5208;12.6561;13.0727;13.4028;13.7582;13.9781;14.2889;14.7137;15",0.416104
"0;0.833333;0.166667"
40.8581,0.0307043,2.49576,"20.9591;20.6785;20.5928;20.587;20.5893;20.5297;20.5856;20.5203;20.7296;21.0913;21.3317;21.7939;21.762;21.5445;21.6331;21.4032;21.3269;21.046;21.0291;20.6737;20.7416;20.8283;20.8025;20.6281;20.4272;20.2962;20.1493;19.947;19.5842;19.15;18.8899;18.7197;18.6253;18.5116;18.1635;17.9202;17.5213;17.0924;16.6959;16.402;16.2;16.0258;15.9528;15.6274;15.4756;15.0982;14.8044;14.3868;14.047;13.7192;13.5478;13.2349;12.9148;12.7273;12.4087;12.2355;11.7383;11.3718;10.8919;10.5414;10.1488;10.0625;9.63206;9.45799;9.11156;8.65209;8.31674;8.02265;7.57769;7.33151;7.04869;6.61881;6.4414;6.02262;5.6503;5.29222;5.1573;4.80884;4.44324;4.31539;4.17719;3.81529;3.75815;3.49396;3.32673;3.10592;2.91778;2.6387;2.3055;2.14419;1.80156;1.71536;1.69383;1.68664;1.61929;1.66137;1.60068;1.71702;1.75179;1.78716;1.81308;1.66419;1.72392;1.78896;1.50433;1.42933;1.32132;1.20426;1.11396;1","14.9507;14.6018;14.4743;14.083;13.8687;13.392;13.0947;12.7071;12.4992;12.3153;11.9373;12.0515;11.5559;11.1278;10.8008;10.4678;10.2848;9.98435;9.61188;9.3673;8.9921;8.53705;8.14402;7.77164;7.36291;7.00761;6.60194;6.19495;5.90449;5.70092;5.449;5.29091;5.01508;4.56715;4.28754;4.59311;4.58825;4.33529;4.03125;3.74387;3.63903;3.25809;3.12567;2.79401;2.51681;2.40506;2.02149;2.0738;2.1156;1.95044;2.31593;2.47104;2.57763;2.41537;2.26162;2.72543;2.75222;2.78447;2.91679;2.96045;2.74457;2.86098;2.90847;3.28568;3.5882;3.61304;3.87135;3.79629;3.85121;3.97262;4.11444;4.31301;4.3856;4.59113;4.78854;4.91663;5.10844;5.46335;5.60975;5.77069;5.83623;6.1434;6.22924;6.6126;6.82424;7.0875;7.45671;7.79603;8.08734;8.53037;8.80202;9.16351;9.62558;9.66913;10.0002;10.4297;10.8493;10.9517;11.3876;11.5716;12.0626;12.5208;12.6561;13.0727;13.4028;13.7582;13.9781;14.2889;14.7137;15",0.33704
"0;0.866667;0.133333"
41.4763,0.0302831,2.50191,"20.9591;20.6785;20.7066;20.5893;20.5297;20.5856;20.5203;20.2394;19.9692;19.9575;19.6382;19.3533;19.3065;19.3231;19.2139;19.1988;19.2066;19.4195;19.2708;19.3602;19.3344;19.3101;19.2848;19.2899;19.2652;19.1449;18.9402;18.5185;18.2387;18.0671;17.6537;17.2934;17.1016;16.9958;16.9073;16.5587;16.3774;16.277;16.2294;16.0397;15.9528;15.6274;15.4756;15.2512;14.9444;14.5883;14.1239;13.83;13.6466;13.4398;12.9942;12.6222;12.2261;11.7737;11.4164;10.9433;10.459;10.3414;9.99849;9.59185;9.16123;9.05504;8.63243;8.25759;7.91022;7.55642;7.25619;6.88799;6.6748;6.2489;5.89142;5.68733;5.25248;5.12426;4.83463;4.60258;4.3728;4.13338;3.75981;3.47623;3.31116;3.05203;2.88663;2.80915;2.53734;2.28497;2.05294;1.91167;1.85665;1.60904;1.40343;1.28981;1.21706;1.68887;1.68664;1.61929;1.66137;1.60068;1.71702;1.75179;1.78716;1.81308;1.66419;1.72392;1.78896;1.50433;1.42933;1.32132;1.20426;1.11396;1","14.9507;14.6018;14.1276;13.8687;13.392;13.0947;12.7071;12.7546;12.682;12.3168;12.1024;11.8647;11.3673;11.1259;10.9013;10.51;10.0321;9.58064;9.40796;8.95472;8.84091;8.5599;8.10879;7.98229;7.53556;7.27628;7.01574;6.8628;6.45858;6.38224;6.27641;6.01715;5.74423;5.40914;5.15031;4.9027;4.76174;4.38325;4.02597;3.59195;3.12567;2.79401;2.51681;2.07854;1.86046;1.64029;1.60552;1.28135;1.1164;0.866182;0.655214;0.517806;0.34906;0.238379;0.232046;0.147665;0.0439491;0.140105;0.337785;0.495751;0.613087;0.622308;0.780399;0.856409;1.0386;1.22921;1.53298;1.61309;1.99102;2.19053;2.47349;2.70139;2.91982;3.0571;3.41886;3.76109;3.85516;4.15768;4.47942;4.61347;4.91902;5.17959;5.60535;5.80006;6.09266;6.43695;6.79798;7.21303;7.6946;7.97191;8.41764;8.68222;9.09744;9.20652;9.66913;10.0002;10.4297;10.8493;10.9517;11.3876;11.5716;12.0626;12.5208;12.6561;13.0727;13.4028;13.7582;13.9781;14.2889;14.7137;15",0.253395
"0;0.9;0.1"
44.1045,0.0297053,2.52819,"20.9591;20.6785;20.7066;20.5893;20.5297;20.5856;20.5203;20.7296;21.0913;21.3317;20.9478;21.0727;20.8185;20.5786;20.4201;20.4253;20.2593;19.7854;19.6247;19.3344;19.3101;19.2848;19.2899;19.2652;19.1449;18.9402;18.5185;18.2387;18.0671;17.6537;17.2934;17.1016;16.9958;16.9073;16.5587;16.3774;16.277;16.2294;16.0397;15.9528;15.6274;15.4756;15.2512;14.9444;14.5883;14.1239;13.83;13.6466;13.4398;12.9942;12.6222;12.2261;11.8536;11.4164;10.9433;10.459;10.3414;9.99849;9.59185;9.16123;9.05504;8.63243;8.25759;7.91022;7.51044;7.28111;6.99074;6.64772;6.40934;6.15168;5.82865;5.53904;5.09046;4.91887;4.82987;4.60258;4.3728;4.13338;4.09074;3.83433;3.44072;3.30789;3.32984;3.12806;2.92083;2.67703;2.20811;1.93161;1.82561;1.66822;1.44665;1.41932;1.36782;1.54631;1.69289;1.60904;1.40343;1.28981;1.21706;1.68887;1.68664;1.61929;1.66137;1.60068;1.71702;1.75179;1.78716;1.81308;1.66419;1.72392;1.78896;1.50433;1.42933;1.32132;1.20426;1.11396;1","14.9507;14.6018;14.1276;13.8687;13.392;13.0947;12.7071;12.4992;12.3153;11.9373;11.6477;11.3345;11.1257;10.7586;10.4242;10.035;9.76887;9.62958;9.18137;8.84091;8.5599;8.10879;7.98229;7.53556;7.27628;7.01574;6.8628;6.45858;6.38224;6.27641;6.01715;5.74423;5.40914;5.15031;4.9027;4.76174;4.38325;4.02597;3.59195;3.12567;2.79401;2.51681;2.07854;1.86046;1.64029;1.60552;1.28135;1.1164;0.866182;0.655214;0.517806;0.34906;0.337243;0.232046;0.147665;0.0439491;0.140105;0.337785;0.495751;0.613087;0.622308;0.780399;0.856409;1.0386;1.01298;1.11786;1.19387;1.31398;1.47229;1.78668;2.14979;2.39231;2.53947;2.99789;3.37957;3.76109;3.85516;4.15768;4.46266;4.15597;4.33758;4.30488;3.92038;4.2463;4.60489;4.677;4.72662;5.03965;5.4869;5.88138;6.26969;6.72701;7.05785;7.25888;7.66385;7.97191;8.41764;8.68222;9.09744;9.20652;9.66913;10.0002;10.4297;10.8493;10.9517;11.3876;11.5716;12.0626;12.5208;12.6561;13.0727;13.4028;13.7582;13.9781;14.2889;14.7137;15",0.170682
"0;0.933333;0.0666667"
49.604,0.0242965,2.58034,"20.9591;20.6785;20.7066;20.8266;21.0606;20.9869;21.2396;21.5559;21.7939;21.9903;22.3346;22.4243;22.6752;22.8995;23.0832;23.3019;23.0561;22.7846;22.5521;22.5419;22.3878;22.4493;22.4134;22.3629;22.1157;21.708;21.6214;21.513;21.2574;21.082;20.7958;20.5917;20.43;20.1763;19.8195;19.551;19.3882;19.1358;18.6488;18.1657;17.8584;17.5203;17.2245;16.7603;16.3245;15.927;15.6488;15.5401;15.2617;14.9444;14.5883;14.1239;13.83;13.6466;13.4398;12.9942;12.6222;12.2261;11.7737;11.4164;10.9433;10.459;10.3414;9.99849;9.59185;9.18503;9.04661;8.80997;8.47349;8.05379;7.80817;7.36142;7.32215;6.84559;6.36225;5.99901;5.70871;5.28454;4.90073;4.53728;4.27452;4.08477;3.6604;3.30734;3.23577;2.97655;2.72189;2.32656;2.10149;2.03622;1.85796;1.60288;1.36591;1.32993;1.31472;1.29501;1.28041;1.33431;1.35821;1.3579;1.38399;1.31644;1.19207;1.41932;1.09647;0.768422;0.529528;0.388215;0.173791;0.215885;0.223221;0.163969;0.128768;0.138286;0.159094;0.254553;0.361641;0.647004;0.862163;0.849608;0.679232;1.01462;1.01133;1.44586;1.50433;1.42933;1.32132;1.20426;1.11396;1","14.9507;14.6018;14.1276;13.9176;13.5202;13.0386;12.7022;12.336;12.0515;11.9595;11.6857;11.3648;11.2442;10.8894;10.5266;10.2055;9.92132;9.57565;9.13297;8.83171;8.62494;8.32827;7.92802;7.50723;7.11915;6.86012;6.60246;6.29609;6.06489;5.70774;5.3338;4.92184;4.78743;4.37214;4.05116;3.70603;3.69493;3.71474;3.63779;3.71133;3.54397;3.47321;3.1324;3.0566;2.9199;2.76309;2.34761;2.03464;1.93527;1.86046;1.64029;1.60552;1.28135;1.1164;0.866182;0.655214;0.517806;0.34906;0.238379;0.232046;0.147665;0.0439491;0.140105;0.337785;0.495751;0.442637;-0.0185972;-0.224241;-0.334845;-0.484702;-0.565573;-0.548136;-0.442151;-0.443927;-0.416102;-0.483682;-0.565919;-0.455942;-0.435374;-0.349596;-0.385359;-0.168412;0.0802276;0.42015;0.589038;0.930104;1.19477;1.47893;1.68311;2.04871;2.43725;2.46535;2.33713;2.83372;3.08581;3.42819;3.74659;4.18613;4.61079;4.92642;5.37985;5.87476;6.33992;6.72701;6.78514;6.89247;7.32702;7.66569;8.09472;8.4186;8.68181;9.09483;9.58477;9.88142;10.2552;10.6834;10.9731;11.2838;11.4665;11.9057;12.179;12.4918;12.8625;12.9745;13.4028;13.7582;13.9781;14.2889;14.7137;15",0.0870795
"0;0.966667;0.0333333"
46.8636,0.0146841,23.4318,"21.1085;21.5373;21.6788;21.7986;22.1975;22.3669;22.6882;22.8409;22.9468;23.0587;23.1241;23.1588;23.3973;23.488;23.5909;23.8259;23.9569;23.9802;23.8847;23.8673;24.0574;23.9683;23.8056;23.9512;23.9825;23.9346;23.9419;23.7141;23.6281;23.475;23.3123;23.421;23.4917;23.3966;23.0259;22.7428;22.2721;22.2089;21.9762;21.7281;21.3946;21.0515;20.6626;20.3137;20.2262;20.0028;19.5185;19.1163;18.8737;18.5132;18.4872;18.0896;17.8704;17.5893;17.2394;16.8302;16.3513;15.9284;15.6465;15.3165;15.0122;14.5876;14.1128;13.7012;13.413;13.0201;12.5413;12.0985;11.8081;11.5631;11.1601;10.8042;10.5738;10.2163;9.9478;9.57446;9.17112;8.70092;8.31435;7.88453;7.47061;7.44588;7.02576;6.71605;6.60962;6.21119;5.92265;5.65675;5.41053;5.09853;4.77338;4.5512;4.38103;4.19141;3.90776;3.91993;3.84491;3.4415;3.24175;3.15629;3.00244;2.9183;2.57577;2.27122;2.11302;1.96284;1.67946;1.75664;1.57204;1.5762;1.49185;1.46206;1.46079;1.3553;1.33931;1.3093;1.29628;1.18122;1.07381;1.07678;0.980068;0.929405;1.02051;1","15.0071;15.2547;15.5093;15.594;15.7997;15.9511;16.2889;16.644;17.032;17.1761;17.6071;17.9926;18.3117;18.388;18.8037;19.1401;19.4298;19.8457;20.1241;20.5141;20.9239;21.3499;21.7932;22.1249;22.6082;22.9055;23.3258;23.74;23.8374;24.1953;24.5238;24.9725;25.4293;25.7103;25.8823;26.151;26.2197;26.5902;26.6956;26.8287;27.0419;27.2823;27.5868;27.9329;28.0911;28.4175;28.5125;28.5722;28.535;28.846;29.2649;29.2776;29.2432;29.3047;29.1847;29.1343;29.2026;29.3143;29.3726;29.6946;29.8569;29.9777;29.8724;29.8837;29.7984;29.7498;29.6885;29.5489;29.5424;29.4813;29.2544;29.2574;29.3314;29.404;29.4013;29.5007;29.4268;29.4194;29.2442;29.0022;28.7701;28.7623;28.4912;28.2856;28.2087;27.9339;27.7167;27.4823;27.2459;26.8997;26.5551;26.1929;25.9201;25.5473;25.4224;25.1897;24.7089;24.6848;24.5717;24.4416;23.993;23.5188;23.1567;22.7612;22.3873;22.0663;21.7858;21.3327;20.9373;20.5062;20.1116;19.6954;19.2789;18.8705;18.3786;17.9237;17.5154;17.2494;16.786;16.651;16.225;15.9202;15.4578;15",0.0147648
"0;1;0"
25.3902,3.63504,2.36225,"20.9591;20.6785;20.7066;20.4888;20.4303;20.3564;20.3864;19.9692;19.4987;19.1792;18.8566;18.3803;18.0192;17.6008;17.2056;16.8967;16.6298;16.2975;15.9875;15.6977;15.276;15.0309;14.8989;14.6212;14.2992;13.9088;13.5385;13.4013;13.0134;12.767;12.4307;12.1225;11.6888;11.3632;10.9353;10.4613;10.0993;9.61539;9.15539;8.86393;8.61094;8.20649;7.83069;7.4296;7.2764;6.9552;6.70115;6.44792;6.17447;5.73777;5.46687;5.07726;4.88621;4.46345;4.07456;4.07286;3.73416;3.42507;3.04787;2.78875;2.43508;1.98626;1.78896;1.50433;1.42933;1.32132;1.20426;1.11396;1","14.9507;14.6018;14.1276;13.6863;13.3341;13.0756;12.83;12.682;12.6836;12.3149;12.1981;12.1088;12.0303;11.9396;11.9222;11.8216;11.665;11.5202;11.2519;11.0101;10.8581;10.6679;10.5293;10.308;10.0782;9.86127;9.59311;9.57898;9.50732;9.32329;9.45961;9.47014;9.46262;9.64979;9.89159;9.91842;10.0121;10.0156;9.8962;9.78401;9.75268;9.84639;10.0275;10.1682;10.4394;10.4621;10.5124;10.6387;10.7238;10.8113;11.056;11.1624;11.1951;11.2221;11.5059;11.7651;11.8912;12.127;12.3553;12.503;12.6628;12.7807;13.0727;13.4028;13.7582;13.9781;14.2889;14.7137;15",2.31448
"0.0333333;0;0.966667"
25.5719,0.662599,2.36407,"20.9591;20.6785;20.7066;20.4888;20.4303;20.3564;20.3864;19.9692;19.4987;19.1792;18.8566;18.3803;18.0192;17.6008;17.1352;16.8967;16.5868;16.4485;16.0712;15.6977;15.276;15.0309;14.8989;14.6212;14.2992;13.9088;13.5385;13.4013;13.0134;12.767;12.3565;12.1225;11.6888;11.3632;10.9424;10.732;10.3657;9.92571;9.5858;9.12865;8.9036;8.61094;8.20649;7.83069;7.4296;7.2764;6.9552;6.70115;6.44792;6.17447;5.73777;5.46687;5.07726;4.88621;4.46345;4.07456;4.07286;3.73416;3.42507;3.04787;2.78875;2.43508;1.98626;1.78896;1.50433;1.42933;1.32132;1.20426;1.11396;1","14.9507;14.6018;14.1276;13.6863;13.3341;13.0756;12.83;12.682;12.6836;12.3149;12.1981;12.1088;12.0303;11.9396;11.7795;11.8216;11.5035;11.3447;11.1964;11.0101;10.8581;10.6679;10.5293;10.308;10.0782;9.86127;9.59311;9.57898;9.50732;9.32329;9.50146;9.47014;9.46262;9.64979;9.39456;9.62133;9.5653;9.50118;9.72689;9.75982;9.72941;9.75268;9.84639;10.0275;10.1682;10.4394;10.4621;10.5124;10.6387;10.7238;10.8113;11.056;11.1624;11.1951;11.2221;11.5059;11.7651;11.8912;12.127;12.3553;12.503;12.6628;12.7807;13.0727;13.4028;13.7582;13.9781;14.2889;14.7137;15",2.23637
"0.0333333;0.0333333;0.933333"
25.2278,0.253219,2.54126,"20.9591;20.6785;20.3944;20.2979;19.9575;19.8057;19.6745;19.5148;19.3939;19.0555;18.9556;18.8566;18.4294;18.0192;17.6008;17.1352;16.7278;16.2975;16.2133;16.0454;15.7336;15.4748;15.0309;14.8989;14.6212;14.2992;13.9088;13.5385;13.4013;13.135;12.7054;12.2387;11.9474;11.5614;11.1487;10.838;10.3897;9.96592;9.4903;9.05518;8.59376;8.36668;7.96285;7.61862;7.29743;6.85331;6.48773;6.14524;5.73673;5.45893;5.00293;4.59161;4.12333;3.7163;3.39777;3.12102;2.9722;2.75517;2.47217;2.23994;1.93467;1.78896;1.50433;1.42933;1.32132;1.20426;1.11396;1","14.9507;14.6018;14.4515;14.1106;13.7936;13.3418;13.1699;12.8693;12.6948;12.3786;12.2542;12.1981;12.056;12.0303;11.9396;11.7795;11.7749;11.5202;11.368;11.2134;10.9509;10.7368;10.6679;10.5293;10.308;10.0782;9.86127;9.59311;9.57898;9.35077;9.25083;9.21025;9.17382;9.00806;8.89268;8.87357;8.85477;8.84737;8.93837;8.93261;9.0385;9.2205;9.3699;9.52126;9.61993;9.75258;9.95763;10.179;10.1946;10.3485;10.5102;10.7911;10.9663;11.0739;11.1464;11.4792;11.6474;12.0052;12.2545;12.2898;12.6279;13.0727;13.4028;13.7582;13.9781;14.2889;14.7137;15",2.31597
"0.0333333;0.0666667;0.9"
26.0532,0.242523,2.35857,"20.9591;20.6785;20.5928;20.587;20.4888;20.4303;20.3564;20.3864;19.9692;19.9575;19.6382;19.2195;18.8639;18.7119;18.357;18.1203;17.7535;17.4988;17.0871;16.8652;16.6916;16.247;15.9925;15.7336;15.4748;15.0309;14.8989;14.6212;14.2992;14.0837;13.8708;13.513;13.3616;13.0221;12.6345;12.1771;11.9474;11.5614;11.1487;10.838;10.3897;9.96592;9.4903;9.00836;8.59376;8.36668;7.96285;7.61862;7.29743;6.85331;6.48773;6.14524;5.73673;5.45893;5.00293;4.59161;4.12333;3.7163;3.39777;3.12102;2.9722;2.75517;2.47217;2.23994;1.93467;1.78896;1.50433;1.42933;1.32132;1.20426;1.11396;1","14.9507;14.6018;14.4743;14.083;13.6863;13.3341;13.0756;12.83;12.682;12.3168;12.1024;11.8507;11.6641;11.6222;11.5041;11.4246;11.4402;11.231;11.1602;11.2093;11.144;11.1079;11.124;10.9509;10.7368;10.6679;10.5293;10.308;10.0782;9.84275;9.4625;9.48784;9.294;9.17589;9.09982;9.15519;9.17382;9.00806;8.89268;8.87357;8.85477;8.84737;8.93837;8.91469;9.0385;9.2205;9.3699;9.52126;9.61993;9.75258;9.95763;10.179;10.1946;10.3485;10.5102;10.7911;10.9663;11.0739;11.1464;11.4792;11.6474;12.0052;12.2545;12.2898;12.6279;13.0727;13.4028;13.7582;13.9781;14.2889;14.7137;15",2.07186
"0.0333333;0.1;0.866667"
26.0989,0.216223,2.36273,"20.9591;20.6785;20.5928;20.587;20.4888;20.4303;20.3564;20.3864;19.9692;19.9575;19.6382;19.2195;18.8639;18.6157;18.4011;18.1628;17.8592;17.6286;17.2038;16.8933;16.5148;16.226;15.9847;15.5825;15.1317;14.7472;14.585;14.1182;13.8708;13.513;13.3616;13.0221;12.6345;12.1771;11.9847;11.5614;11.1487;10.838;10.3897;9.96592;9.4903;9.00836;8.59376;8.36668;7.96285;7.61862;7.29743;6.85331;6.48773;6.14524;5.73673;5.45893;5.00293;4.59161;4.12333;3.7163;3.39777;3.12102;2.9722;2.75517;2.47217;2.28326;1.98626;1.78896;1.50433;1.42933;1.32132;1.20426;1.11396;1","14.9507;14.6018;14.4743;14.083;13.6863;13.3341;13.0756;12.83;12.682;12.3168;12.1024;11.8507;11.6641;11.2346;10.9922;10.6748;10.3659;10.1186;9.8876;9.68398;9.65289;9.50443;9.50394;9.48434;9.40874;9.48565;9.41052;9.46278;9.4625;9.48784;9.294;9.17589;9.09982;9.15519;9.10984;9.00806;8.89268;8.87357;8.85477;8.84737;8.93837;8.91469;9.0385;9.2205;9.3699;9.52126;9.61993;9.75258;9.95763;10.179;10.1946;10.3485;10.5102;10.7911;10.9663;11.0739;11.1464;11.4792;11.6474;12.0052;12.2545;12.5846;12.7807;13.0727;13.4028;13.7582;13.9781;14.2889;14.7137;15",1.99565
"0.0333333;0.133333;0.833333"
26.1317,0.252375,2.36306,"20.9591;20.6785;20.5928;20.587;20.4888;20.4303;20.3564;20.3864;19.9692;19.4987;19.3939;19.0555;18.7931;18.4313;17.9572;17.6802;17.4787;17.2056;16.8967;16.5868;16.2133;16.0454;15.7336;15.4748;15.0309;14.8989;14.6212;14.5145;14.2373;13.8708;13.513;13.3616;13.0379;12.767;12.4834;12.1771;11.9847;11.5614;11.1487;10.838;10.3897;9.96592;9.4903;9.00836;8.59376;8.36668;7.96285;7.61862;7.29743;6.85331;6.48773;6.14524;5.73673;5.45893;5.00293;4.59161;4.12333;3.7163;3.39777;3.12102;2.9722;2.75517;2.47217;2.28326;1.98626;1.78896;1.50433;1.42933;1.32132;1.20426;1.11396;1","14.9507;14.6018;14.4743;14.083;13.6863;13.3341;13.0756;12.83;12.682;12.6836;12.6948;12.3786;12.4464;12.5021;12.5111;12.3342;12.2384;11.9222;11.8216;11.5035;11.368;11.2134;10.9509;10.7368;10.6679;10.5293;10.308;9.82975;9.60288;9.4625;9.48784;9.294;9.49828;9.32329;9.30424;9.15519;9.10984;9.00806;8.89268;8.87357;8.85477;8.84737;8.93837;8.91469;9.0385;9.2205;9.3699;9.52126;9.61993;9.75258;9.95763;10.179;10.1946;10.3485;10.5102;10.7911;10.9663;11.0739;11.1464;11.4792;11.6474;12.0052;12.2545;12.5846;12.7807;13.0727;13.4028;13.7582;13.9781;14.2889;14.7137;15",1.91608
"0.0333333;0.166667;0.8"
26.6442,0.262867,2.52568,"20.9591;20.6785;20.5928;20.587;20.5893;20.5297;20.3564;20.3864;20.2394;19.8585;19.5148;19.3526;19.0426;18.7852;18.3925;17.9555;17.6003;17.4163;16.9678;16.6267;16.2626;15.9984;15.8704;15.6977;15.3917;15.0111;14.6212;14.7104;14.5145;14.2788;13.8708;13.513;13.3176;13.0134;12.7054;12.2387;11.9474;11.5614;11.1487;10.838;10.3897;9.96592;9.4903;9.00836;8.59376;8.36668;7.96285;7.61862;7.29743;6.85331;6.48773;6.14524;5.73673;5.45893;5.00293;4.59161;4.12333;3.7163;3.39777;3.12102;2.9722;2.75517;2.47217;2.28326;1.98626;1.78896;1.50433;1.42933;1.32132;1.20426;1.11396;1","14.9507;14.6018;14.4743;14.083;13.8687;13.392;13.0756;12.83;12.7546;13.0362;12.8693;13.0194;12.9632;12.9844;12.7718;12.8595;12.8535;12.6695;12.4541;12.0971;11.8776;11.746;11.3605;11.0101;10.8282;10.5586;10.308;10.0414;9.82975;9.63703;9.4625;9.48784;9.67655;9.50732;9.25083;9.21025;9.17382;9.00806;8.89268;8.87357;8.85477;8.84737;8.93837;8.91469;9.0385;9.2205;9.3699;9.52126;9.61993;9.75258;9.95763;10.179;10.1946;10.3485;10.5102;10.7911;10.9663;11.0739;11.1464;11.4792;11.6474;12.0052;12.2545;12.5846;12.7807;13.0727;13.4028;13.7582;13.9781;14.2889;14.7137;15",1.96092
"0.0333333;0.2;0.766667"
25.8296,0.211898,2.52995,"20.9591;20.6785;20.5928;20.587;20.5893;20.3446;20.0322;19.7671;19.4987;19.1792;18.8566;18.5875;18.3848;18.1711;18.1203;17.8395;17.6773;17.4517;17.1225;16.7997;16.5191;16.1045;15.7804;15.5825;15.1542;14.9679;14.585;14.1924;13.7192;13.3616;13.0221;12.5789;12.1029;11.9765;11.5614;11.1487;10.838;10.3897;9.96592;9.67859;9.42371;9.05518;8.59376;8.36668;7.96285;7.61862;7.29743;6.85331;6.48773;6.14524;5.73673;5.45893;5.00293;4.59161;4.12333;3.7163;3.39777;3.12102;2.9722;2.75517;2.47217;2.28326;1.98626;1.78896;1.50433;1.42933;1.32132;1.20426;1.11396;1","14.9507;14.6018;14.4743;14.083;13.8687;13.4644;13.2682;13.0449;12.6836;12.3149;12.1981;12.0612;11.8826;11.5864;11.4246;11.0199;10.7296;10.4919;10.311;10.1995;10.0452;9.89635;9.59422;9.48434;9.50147;9.51338;9.41052;9.16813;9.0323;9.294;9.17589;9.04197;8.98239;9.13258;9.00806;8.89268;8.87357;8.85477;8.84737;8.71966;8.85538;8.93261;9.0385;9.2205;9.3699;9.52126;9.61993;9.75258;9.95763;10.179;10.1946;10.3485;10.5102;10.7911;10.9663;11.0739;11.1464;11.4792;11.6474;12.0052;12.2545;12.5846;12.7807;13.0727;13.4028;13.7582;13.9781;14.2889;14.7137;15",1.8788
"0.0333333;0.233333;0.733333"
25.8262,0.154677,2.51634,"20.9591;20.6785;20.5928;20.587;20.4888;20.1938;20.0322;19.7671;19.4987;19.1792;18.8566;18.5875;18.2424;17.8422;17.6759;17.4988;17.0813;16.7835;16.4734;16.1305;15.897;15.5299;15.2403;14.8695;14.4765;14.1924;13.7192;13.4457;13.0308;12.5649;12.2734;11.8137;11.6968;11.2697;10.796;10.3231;9.90946;9.65488;9.22154;8.80866;8.41627;8.00546;7.70034;7.2292;6.93405;6.75935;6.36888;5.99604;5.69795;5.45893;5.00293;4.59161;4.12333;3.7163;3.39777;3.12102;2.9722;2.75517;2.47217;2.28326;1.98626;1.78896;1.50433;1.42933;1.32132;1.20426;1.11396;1","14.9507;14.6018;14.4743;14.083;13.6863;13.4288;13.2682;13.0449;12.6836;12.3149;12.1981;12.0612;11.7997;11.7083;11.627;11.231;11.3215;11.0896;10.787;10.4562;10.3163;10.0144;9.73908;9.54615;9.25513;9.16813;9.0323;9.00715;8.76841;8.61106;8.55118;8.43517;8.4935;8.31792;8.47101;8.62714;8.44499;8.4518;8.6638;8.73589;8.87047;9.11523;9.32386;9.4416;9.56395;9.61275;9.76124;9.96961;10.2038;10.3485;10.5102;10.7911;10.9663;11.0739;11.1464;11.4792;11.6474;12.0052;12.2545;12.5846;12.7807;13.0727;13.4028;13.7582;13.9781;14.2889;14.7137;15",1.78387
"0.0333333;0.266667;0.7"
25.836,0.165551,2.51644,"20.9591;20.6785;20.5928;20.587;20.4888;20.1938;20.0322;19.7671;19.4987;19.1792;18.8566;18.5875;18.4694;18.2186;18.1203;17.8395;17.6773;17.4517;17.1225;16.7997;16.5191;16.1045;15.7804;15.5825;15.1542;14.9679;14.585;14.1924;13.7192;13.4457;13.0308;12.5649;12.2734;11.8137;11.3239;10.8757;10.7529;10.3231;10.2331;10.0095;9.67859;9.42371;9.09316;8.59376;8.36668;7.96285;7.61862;7.29743;6.85331;6.48773;6.14524;5.73673;5.45893;5.00293;4.59161;4.12333;3.7163;3.39777;3.12102;2.9722;2.75517;2.47217;2.28326;1.98626;1.78896;1.50433;1.42933;1.32132;1.20426;1.11396;1","14.9507;14.6018;14.4743;14.083;13.6863;13.4288;13.2682;13.0449;12.6836;12.3149;12.1981;12.0612;11.8636;11.5059;11.4246;11.0199;10.7296;10.4919;10.311;10.1995;10.0452;9.89635;9.59422;9.48434;9.50147;9.51338;9.41052;9.16813;9.0323;9.00715;8.76841;8.61106;8.55118;8.43517;8.4956;8.55712;8.40186;8.62714;8.64884;8.62964;8.71966;8.85538;9.06289;9.0385;9.2205;9.3699;9.52126;9.61993;9.75258;9.95763;10.179;10.1946;10.3485;10.5102;10.7911;10.9663;11.0739;11.1464;11.4792;11.6474;12.0052;12.2545;12.5846;12.7807;13.0727;13.4028;13.7582;13.9781;14.2889;14.7137;15",1.69899
"0.0333333;0.3;0.666667"
25.7953,0.153114,2.50746,"20.9591;20.6785;20.5928;20.587;20.4888;20.1938;20.0322;19.8585;19.5148;19.3939;19.0497;18.8566;18.5875;18.4694;18.1711;17.8658;17.6139;17.5063;17.2894;17.0052;16.6051;16.5191;16.1045;15.7804;15.5825;15.1317;14.7472;14.585;14.1924;13.7192;13.4457;13.0308;12.5649;12.2734;11.8137;11.6968;11.2697;10.796;10.3231;10.2331;10.0095;9.67859;9.22154;8.80866;8.41627;8.00546;7.70034;7.22987;7.19111;6.75935;6.36888;5.99604;5.69795;5.45893;5.00293;4.59161;4.12333;3.7163;3.39777;3.12102;2.9722;2.75517;2.47217;2.28326;1.98626;1.78896;1.50433;1.42933;1.32132;1.20426;1.11396;1","14.9507;14.6018;14.4743;14.083;13.6863;13.4288;13.2682;13.0362;12.8693;12.6948;12.3739;12.1981;12.0612;11.8636;11.5864;11.235;10.9689;10.8532;10.5718;10.462;10.2129;10.0452;9.89635;9.59422;9.48434;9.40874;9.48565;9.41052;9.16813;9.0323;9.00715;8.76841;8.61106;8.55118;8.43517;8.4935;8.31792;8.47101;8.62714;8.64884;8.62964;8.71966;8.6638;8.73589;8.87047;9.11523;9.32386;9.34981;9.40443;9.61275;9.76124;9.96961;10.2038;10.3485;10.5102;10.7911;10.9663;11.0739;11.1464;11.4792;11.6474;12.0052;12.2545;12.5846;12.7807;13.0727;13.4028;13.7582;13.9781;14.2889;14.7137;15",1.60835
"0.0333333;0.333333;0.633333"
26.5501,0.140841,2.52358,"20.9591;20.6785;20.5928;20.587;20.4888;20.1938;20.0322;19.7671;19.4987;19.1792;18.8566;18.5875;18.3848;18.1711;17.8658;17.6139;17.5063;17.2894;17.1225;16.8016;16.5191;16.2203;15.9748;15.6313;15.2403;14.8695;14.585;14.1924;13.8958;13.7551;13.7849;13.6067;13.1552;12.9377;12.4748;12.0711;11.9345;11.8386;11.5415;11.0632;10.6357;10.2494;10.2331;10.0095;9.67859;9.22154;8.80866;8.41627;8.00546;7.70034;7.22987;7.19111;6.75935;6.36888;5.99604;5.69795;5.45893;5.00293;4.59161;4.12333;3.7163;3.39777;3.12102;2.9722;2.75517;2.47217;2.28326;1.98626;1.78896;1.50433;1.42933;1.32132;1.20426;1.11396;1","14.9507;14.6018;14.4743;14.083;13.6863;13.4288;13.2682;13.0449;12.6836;12.3149;12.1981;12.0612;11.8826;11.5864;11.235;10.9689;10.8532;10.5718;10.311;10.0979;10.0452;9.99754;10.0122;9.8102;9.73908;9.54615;9.41052;9.16813;8.84642;8.43608;8.34135;8.25775;8.1251;7.90114;7.86301;8.15162;8.20944;8.15856;8.04196;8.11367;8.30531;8.59751;8.64884;8.62964;8.71966;8.6638;8.73589;8.87047;9.11523;9.32386;9.34981;9.40443;9.61275;9.76124;9.96961;10.2038;10.3485;10.5102;10.7911;10.9663;11.0739;11.1464;11.4792;11.6474;12.0052;12.2545;12.5846;12.7807;13.0727;13.4028;13.7582;13.9781;14.2889;14.7137;15",1.53337
"0.0333333;0.366667;0.6"
26.2986,0.147621,2.52078,"20.9591;20.6785;20.5928;20.587;20.5893;20.3446;20.0708;19.8585;19.5148;19.3939;19.0497;18.8566;18.7608;18.5746;18.2846;18.1203;17.845;17.4518;17.1225;16.8016;16.5191;16.1045;15.7804;15.5825;15.1542;14.8268;14.4765;14.1924;13.7192;13.4457;13.0308;12.5649;12.5683;12.4428;12.0711;11.9345;11.8386;11.5415;11.0632;10.6357;10.2494;10.2331;10.0095;9.67859;9.22154;8.80866;8.41627;8.00546;7.70034;7.22987;7.19111;6.75935;6.36888;5.99604;5.69795;5.45893;5.00293;4.59161;4.12333;3.7163;3.39777;3.12102;2.9722;2.75517;2.47217;2.28326;1.98626;1.78896;1.50433;1.42933;1.32132;1.20426;1.11396;1","14.9507;14.6018;14.4743;14.083;13.8687;13.4644;13.2313;13.0362;12.8693;12.6948;12.3739;12.1981;11.9515;11.528;11.3771;11.2625;10.9285;10.6624;10.311;10.0979;10.0452;9.89635;9.59422;9.48434;9.50147;9.12505;9.25513;9.16813;9.0323;9.00715;8.76841;8.61106;8.56396;8.42211;8.15162;8.20944;8.15856;8.04196;8.11367;8.30531;8.59751;8.64884;8.62964;8.71966;8.6638;8.73589;8.87047;9.11523;9.32386;9.34981;9.40443;9.61275;9.76124;9.96961;10.2038;10.3485;10.5102;10.7911;10.9663;11.0739;11.1464;11.4792;11.6474;12.0052;12.2545;12.5846;12.7807;13.0727;13.4028;13.7582;13.9781;14.2889;14.7137;15",1.4466
"0.0333333;0.4;0.566667"
26.4298,0.137245,2.52238,"20.9591;20.6785;20.5928;20.587;20.4888;20.1938;20.0322;19.7671;19.4987;19.1792;18.8566;18.5875;18.3848;18.1711;17.8658;17.6139;17.5063;17.2894;17.1225;16.8016;16.5191;16.1671;15.7287;15.6313;15.2403;14.8695;14.4765;14.1924;13.7192;13.4457;13.0308;12.5649;12.5683;12.4428;12.0711;11.9345;11.5415;11.0632;10.6344;10.4042;10.0347;9.60137;9.36865;8.90627;8.53039;8.27443;8.00546;7.70034;7.22987;7.19111;6.75935;6.36888;5.99604;5.69795;5.45893;5.00293;4.59161;4.12333;3.7163;3.39777;3.12102;2.9722;2.75517;2.47217;2.28326;1.98626;1.78896;1.50433;1.42933;1.32132;1.20426;1.11396;1","14.9507;14.6018;14.4743;14.083;13.6863;13.4288;13.2682;13.0449;12.6836;12.3149;12.1981;12.0612;11.8826;11.5864;11.235;10.9689;10.8532;10.5718;10.311;10.0979;10.0452;10.2235;10.1007;9.8102;9.73908;9.54615;9.25513;9.16813;9.0323;9.00715;8.76841;8.61106;8.56396;8.42211;8.15162;8.20944;8.04196;8.11367;7.97916;8.09863;8.24145;8.28381;8.20739;8.29008;8.54253;8.79598;9.11523;9.32386;9.34981;9.40443;9.61275;9.76124;9.96961;10.2038;10.3485;10.5102;10.7911;10.9663;11.0739;11.1464;11.4792;11.6474;12.0052;12.2545;12.5846;12.7807;13.0727;13.4028;13.7582;13.9781;14.2889;14.7137;15",1.36236
"0.0333333;0.433333;0.533333"
26.4359,0.137274,2.52244,"20.9591;20.6785;20.5928;20.587;20.4888;20.1938;20.0322;19.7671;19.4987;19.3939;19.0497;18.8566;18.5875;18.3848;18.1711;17.8658;17.6139;17.5063;17.2894;17.1225;16.8016;16.5191;16.1671;15.7287;15.6313;15.2403;14.8695;14.4765;14.1924;13.7192;13.4457;13.0308;12.5649;12.5683;12.4428;12.0711;11.9345;11.5415;11.0632;10.6344;10.4042;10.0347;9.60137;9.36865;8.90627;8.53039;8.27443;8.00546;7.70034;7.22987;7.19111;6.75935;6.36888;5.99604;5.69795;5.45893;5.00293;4.59161;4.12333;3.7163;3.39777;3.12102;2.9722;2.75517;2.47217;2.28326;1.98626;1.78896;1.50433;1.42933;1.32132;1.20426;1.11396;1","14.9507;14.6018;14.4743;14.083;13.6863;13.4288;13.2682;13.0449;12.6836;12.6948;12.3739;12.1981;12.0612;11.8826;11.5864;11.235;10.9689;10.8532;10.5718;10.311;10.0979;10.0452;10.2235;10.1007;9.8102;9.73908;9.54615;9.25513;9.16813;9.0323;9.00715;8.76841;8.61106;8.56396;8.42211;8.15162;8.20944;8.04196;8.11367;7.97916;8.09863;8.24145;8.28381;8.20739;8.29008;8.54253;8.79598;9.11523;9.32386;9.34981;9.40443;9.61275;9.76124;9.96961;10.2038;10.3485;10.5102;10.7911;10.9663;11.0739;11.1464;11.4792;11.6474;12.0052;12.2545;12.5846;12.7807;13.0727;13.4028;13.7582;13.9781;14.2889;14.7137;15",1.27724
"0.0333333;0.466667;0.5"
27.2594,0.0972142,2.52374,"20.9591;20.6785;20.5928;20.587;20.4888;20.1938;20.0708;19.8585;19.5148;19.3939;19.0555;18.9556;18.7608;18.5746;18.2846;18.1203;17.845;17.4518;17.0052;16.6051;16.5191;16.1045;15.9929;15.954;15.5417;15.1321;14.9883;14.8585;14.6495;14.2709;14.1554;13.782;13.3505;12.9377;12.4748;12.3151;11.8905;11.5534;11.3445;10.9233;10.5871;10.32;9.86286;9.43851;9.13893;8.73258;8.48526;8.04986;7.75266;7.46897;7.31482;6.99698;6.61395;6.35057;6.16241;5.99604;5.69795;5.45893;5.00293;4.59161;4.12333;3.7163;3.39777;3.12102;2.9722;2.75517;2.47217;2.28326;1.98626;1.78896;1.50433;1.42933;1.32132;1.20426;1.11396;1","14.9507;14.6018;14.4743;14.083;13.6863;13.4288;13.2313;13.0362;12.8693;12.6948;12.3786;12.2542;11.9515;11.528;11.3771;11.2625;10.9285;10.6624;10.462;10.2129;10.0452;9.89635;9.58502;9.36396;9.13305;9.12992;9.00956;8.70845;8.60535;8.35583;7.99811;7.95347;7.76301;7.90114;7.86301;7.63852;7.57921;7.5755;7.55288;7.64944;7.85106;7.87579;7.84227;7.77234;7.68944;7.74861;7.86042;8.01501;8.13158;8.35245;8.51538;8.83298;9.11997;9.4797;9.77303;9.96961;10.2038;10.3485;10.5102;10.7911;10.9663;11.0739;11.1464;11.4792;11.6474;12.0052;12.2545;12.5846;12.7807;13.0727;13.4028;13.7582;13.9781;14.2889;14.7137;15",1.1927
"0.0333333;0.5;0.466667"
26.3093,0.142473,2.52117,"20.9591;20.6785;20.5928;20.587;20.4888;20.1938;20.0322;19.7671;19.4987;19.1792;18.9556;18.7608;18.7119;18.6157;18.4011;18.2245;17.8914;17.4517;17.1225;16.7997;16.5191;16.1045;15.7804;15.5825;15.1317;14.8268;14.4765;14.1924;13.7192;13.4457;13.0308;12.5649;12.2734;11.8137;11.6968;11.2697;10.796;10.4752;10.0347;9.60137;9.36865;8.90627;8.53039;8.27443;8.00546;7.70034;7.22987;7.19111;6.75935;6.36888;5.99604;5.69795;5.45893;5.00293;4.59161;4.12333;3.7163;3.39777;3.12102;2.9722;2.75517;2.47217;2.28326;1.98626;1.78896;1.50433;1.42933;1.32132;1.20426;1.11396;1","14.9507;14.6018;14.4743;14.083;13.6863;13.4288;13.2682;13.0449;12.6836;12.3149;12.2542;11.9515;11.6222;11.2346;10.9922;10.9226;10.6054;10.4919;10.311;10.1995;10.0452;9.89635;9.59422;9.48434;9.40874;9.12505;9.25513;9.16813;9.0323;9.00715;8.76841;8.61106;8.55118;8.43517;8.4935;8.31792;8.47101;8.42081;8.24145;8.28381;8.20739;8.29008;8.54253;8.79598;9.11523;9.32386;9.34981;9.40443;9.61275;9.76124;9.96961;10.2038;10.3485;10.5102;10.7911;10.9663;11.0739;11.1464;11.4792;11.6474;12.0052;12.2545;12.5846;12.7807;13.0727;13.4028;13.7582;13.9781;14.2889;14.7137;15",1.10639
"0.0333333;0.533333;0.433333"
26.3959,0.137952,2.73915,"20.9591;20.6785;20.3944;19.9996;19.9627;19.5473;19.4516;19.3416;19.0789;19.0426;18.9022;18.7931;18.5875;18.3848;18.1711;18.1323;17.845;17.4518;17.0052;16.6051;16.2203;15.9929;15.5825;15.1317;14.8268;14.4765;14.1924;13.7192;13.4457;13.0308;12.5649;12.5683;12.4428;12.0711;11.9345;11.8386;11.5415;11.0632;10.6357;10.4042;10.0347;9.60137;9.19083;8.95156;8.53039;8.27443;8.00546;7.70034;7.22987;7.19111;6.75935;6.36888;5.99604;5.69795;5.45893;5.00293;4.59161;4.12333;3.7163;3.39777;3.12102;2.9722;2.75517;2.47217;2.28326;1.98626;1.78896;1.50433;1.42933;1.32132;1.20426;1.11396;1","14.9507;14.6018;14.4515;14.2116;14.19;13.9116;13.7602;13.6059;13.3178;12.9632;12.7404;12.4464;12.0612;11.8826;11.5864;11.2968;10.9285;10.6624;10.462;10.2129;9.99754;9.58502;9.48434;9.40874;9.12505;9.25513;9.16813;9.0323;9.00715;8.76841;8.61106;8.56396;8.42211;8.15162;8.20944;8.15856;8.04196;8.11367;8.30531;8.09863;8.24145;8.28381;8.40041;8.37165;8.54253;8.79598;9.11523;9.32386;9.34981;9.40443;9.61275;9.76124;9.96961;10.2038;10.3485;10.5102;10.7911;10.9663;11.0739;11.1464;11.4792;11.6474;12.0052;12.2545;12.5846;12.7807;13.0727;13.4028;13.7582;13.9781;14.2889;14.7137;15",1.10848
"0.0333333;0.566667;0.4"
26.3536,0.147412,2.70099,"20.9591;20.6785;20.3944;19.9996;19.9575;19.8133;19.4825;19.165;18.7852;18.3925;18.1236;17.6802;17.4787;17.2056;16.8967;16.5868;16.375;16.247;16.1499;16.1671;15.9748;15.6313;15.2403;14.8695;14.585;14.1924;13.7192;13.4457;13.0308;12.5649;12.5683;12.4428;12.0711;11.9345;11.5415;11.0632;10.7529;10.4752;10.0347;9.60137;9.19083;8.95156;8.53039;8.27443;8.00546;7.70034;7.22987;7.19111;6.75935;6.36888;5.99604;5.69795;5.45893;5.00293;4.59161;4.12333;3.7163;3.39777;3.12102;2.9722;2.75517;2.47217;2.28326;1.98626;1.78896;1.50433;1.42933;1.32132;1.20426;1.11396;1","14.9507;14.6018;14.4515;14.2116;13.7936;13.6448;13.3605;12.9807;12.9844;12.7718;12.5243;12.3342;12.2384;11.9222;11.8216;11.5035;11.2379;11.1079;10.671;10.2235;10.0122;9.8102;9.73908;9.54615;9.41052;9.16813;9.0323;9.00715;8.76841;8.61106;8.56396;8.42211;8.15162;8.20944;8.04196;8.11367;8.40186;8.42081;8.24145;8.28381;8.40041;8.37165;8.54253;8.79598;9.11523;9.32386;9.34981;9.40443;9.61275;9.76124;9.96961;10.2038;10.3485;10.5102;10.7911;10.9663;11.0739;11.1464;11.4792;11.6474;12.0052;12.2545;12.5846;12.7807;13.0727;13.4028;13.7582;13.9781;14.2889;14.7137;15",1.00211
"0.0333333;0.6;0.366667"
25.8572,0.147077,2.82535,"20.9591;20.6785;20.3944;19.9996;19.9627;19.5473;19.4516;19.3416;19.0789;18.7412;18.3925;18.1551;17.9056;17.4787;17.2056;16.8967;16.5868;16.375;16.247;16.1499;15.7702;15.5499;15.2403;14.8695;14.585;14.1924;13.7192;13.4457;13.0308;12.5649;12.3645;11.9345;11.5415;11.0632;10.7529;10.4752;10.0347;9.60137;9.19083;8.95156;8.53039;8.27443;8.00546;7.70034;7.22987;7.19111;6.75935;6.36888;5.99604;5.69795;5.45893;5.00293;4.59161;4.12333;3.7163;3.39777;3.12102;2.9722;2.75517;2.47217;2.28326;1.98626;1.78896;1.50433;1.42933;1.32132;1.20426;1.11396;1","14.9507;14.6018;14.4515;14.2116;14.19;13.9116;13.7602;13.6059;13.3178;13.0373;12.7718;12.6651;12.3861;12.2384;11.9222;11.8216;11.5035;11.2379;11.1079;10.671;10.3624;10.0894;9.73908;9.54615;9.41052;9.16813;9.0323;9.00715;8.76841;8.61106;8.40119;8.20944;8.04196;8.11367;8.40186;8.42081;8.24145;8.28381;8.40041;8.37165;8.54253;8.79598;9.11523;9.32386;9.34981;9.40443;9.61275;9.76124;9.96961;10.2038;10.3485;10.5102;10.7911;10.9663;11.0739;11.1464;11.4792;11.6474;12.0052;12.2545;12.5846;12.7807;13.0727;13.4028;13.7582;13.9781;14.2889;14.7137;15",0.952462
"0.0333333;0.633333;0.333333"
26.1288,0.12964,2.82806,"20.9591;20.6785;20.3944;19.9996;19.9627;19.5473;19.4516;19.3416;19.0789;18.7412;18.3925;18.1236;17.6802;17.4787;17.2056;16.8967;16.5868;16.375;16.247;16.1499;15.7702;15.5499;15.2403;14.8695;14.4765;14.1924;13.7192;13.4457;13.0308;12.5649;12.5683;12.4428;12.0711;11.9345;11.8386;11.4333;11.0632;10.6344;10.2469;9.85014;9.67821;9.26729;8.80406;8.61634;8.28603;8.04986;7.75266;7.46897;7.31482;6.99698;6.61395;6.35057;6.16241;5.99604;5.69795;5.45893;5.00293;4.59161;4.12333;3.7163;3.39777;3.12102;2.9722;2.75517;2.47217;2.28326;1.98626;1.78896;1.50433;1.42933;1.32132;1.20426;1.11396;1","14.9507;14.6018;14.4515;14.2116;14.19;13.9116;13.7602;13.6059;13.3178;13.0373;12.7718;12.5243;12.3342;12.2384;11.9222;11.8216;11.5035;11.2379;11.1079;10.671;10.3624;10.0894;9.73908;9.54615;9.25513;9.16813;9.0323;9.00715;8.76841;8.61106;8.56396;8.42211;8.15162;8.20944;8.15856;8.16375;8.11367;7.97916;7.93233;7.91125;8.01998;8.04453;7.96083;7.96795;7.99069;8.01501;8.13158;8.35245;8.51538;8.83298;9.11997;9.4797;9.77303;9.96961;10.2038;10.3485;10.5102;10.7911;10.9663;11.0739;11.1464;11.4792;11.6474;12.0052;12.2545;12.5846;12.7807;13.0727;13.4028;13.7582;13.9781;14.2889;14.7137;15",0.858031
"0.0333333;0.666667;0.3"
26.0615,0.130659,2.82739,"20.9591;20.6785;20.3944;19.9996;19.9627;19.5473;19.4516;19.3416;19.0789;18.7412;18.3925;18.1236;17.6802;17.4787;17.2056;16.8967;16.5868;16.375;16.247;16.1499;15.7702;15.5499;15.2403;14.8695;14.4765;14.1924;13.7192;13.4457;13.0308;12.5649;12.2734;11.9345;11.8386;11.4333;11.0632;10.6344;10.2469;9.85014;9.67821;9.26729;9.04619;8.61334;8.12452;7.7621;7.31482;6.99698;6.61395;6.35057;5.93451;5.55321;5.08931;4.96093;4.64456;4.37289;4.17987;3.86681;3.7163;3.39777;3.12102;2.9722;2.75517;2.47217;2.28326;1.98626;1.78896;1.50433;1.42933;1.32132;1.20426;1.11396;1","14.9507;14.6018;14.4515;14.2116;14.19;13.9116;13.7602;13.6059;13.3178;13.0373;12.7718;12.5243;12.3342;12.2384;11.9222;11.8216;11.5035;11.2379;11.1079;10.671;10.3624;10.0894;9.73908;9.54615;9.25513;9.16813;9.0323;9.00715;8.76841;8.61106;8.55118;8.20944;8.15856;8.16375;8.11367;7.97916;7.93233;7.91125;8.01998;8.04453;8.07387;8.25866;8.22687;8.5592;8.51538;8.83298;9.11997;9.4797;9.5646;9.8366;9.94566;10.0204;10.2289;10.5496;10.7979;10.9798;11.0739;11.1464;11.4792;11.6474;12.0052;12.2545;12.5846;12.7807;13.0727;13.4028;13.7582;13.9781;14.2889;14.7137;15",0.762515
"0.0333333;0.7;0.266667"
26.067,0.127708,2.82744,"20.9591;20.6785;20.3944;19.9996;19.9627;19.5473;19.4516;19.3416;19.0789;18.7412;18.3925;18.1236;17.6802;17.4787;17.2056;16.8967;16.5868;16.375;16.247;16.1499;15.7702;15.5499;15.2403;14.8695;14.4765;14.1924;13.7192;13.4457;13.0308;12.5649;12.5683;12.3645;11.9345;11.8386;11.4333;11.0632;10.6344;10.2469;9.85014;9.67821;9.26729;8.80406;8.61634;8.28603;8.04986;7.75266;7.46897;7.31482;6.99698;6.61395;6.35057;5.93451;5.55321;5.08931;4.96093;4.64456;4.37289;4.17987;3.86681;3.7163;3.39777;3.12102;2.9722;2.75517;2.47217;2.28326;1.98626;1.78896;1.50433;1.42933;1.32132;1.20426;1.11396;1","14.9507;14.6018;14.4515;14.2116;14.19;13.9116;13.7602;13.6059;13.3178;13.0373;12.7718;12.5243;12.3342;12.2384;11.9222;11.8216;11.5035;11.2379;11.1079;10.671;10.3624;10.0894;9.73908;9.54615;9.25513;9.16813;9.0323;9.00715;8.76841;8.61106;8.56396;8.40119;8.20944;8.15856;8.16375;8.11367;7.97916;7.93233;7.91125;8.01998;8.04453;7.96083;7.96795;7.99069;8.01501;8.13158;8.35245;8.51538;8.83298;9.11997;9.4797;9.5646;9.8366;9.94566;10.0204;10.2289;10.5496;10.7979;10.9798;11.0739;11.1464;11.4792;11.6474;12.0052;12.2545;12.5846;12.7807;13.0727;13.4028;13.7582;13.9781;14.2889;14.7137;15",0.667213
"0.0333333;0.733333;0.233333"
26.904,0.129907,3.21856,"20.9591;20.6785;20.2976;20.0774;19.8566;19.5113;19.1855;19.0518;18.621;18.5555;18.1955;17.9555;17.9056;17.4787;17.2056;16.8967;16.5868;16.375;16.4734;16.1305;15.9748;15.7804;15.5825;15.1542;14.7472;14.4069;14.1924;13.7192;13.4457;13.0308;12.5649;12.5683;12.3645;11.9345;11.8386;11.4333;11.0632;10.6344;10.2469;9.85014;9.73985;9.26729;8.80406;8.61634;8.28603;8.04986;7.75266;7.46897;7.31482;6.99698;6.61395;6.35057;6.16241;5.99604;5.69795;5.45893;5.00293;4.59161;4.29942;3.86681;3.7163;3.39777;3.12102;2.9722;2.75517;2.47217;2.28326;1.98626;1.78896;1.50433;1.42933;1.32132;1.20426;1.11396;1","14.9507;14.6018;14.7827;14.6902;14.4177;14.187;14.0349;13.8446;13.5907;13.5739;13.2368;12.8595;12.3861;12.2384;11.9222;11.8216;11.5035;11.2379;10.787;10.4562;10.0122;9.59422;9.48434;9.50147;9.48565;9.2832;9.16813;9.0323;9.00715;8.76841;8.61106;8.56396;8.40119;8.20944;8.15856;8.16375;8.11367;7.97916;7.93233;7.91125;7.95519;8.04453;7.96083;7.96795;7.99069;8.01501;8.13158;8.35245;8.51538;8.83298;9.11997;9.4797;9.77303;9.96961;10.2038;10.3485;10.5102;10.7911;10.8647;10.9798;11.0739;11.1464;11.4792;11.6474;12.0052;12.2545;12.5846;12.7807;13.0727;13.4028;13.7582;13.9781;14.2889;14.7137;15",0.650121
"0.0333333;0.766667;0.2"
26.6513,0.127967,3.09779,"20.9591;20.6785;20.3944;19.9996;19.9627;19.5473;19.1872;18.8809;18.5555;18.1955;18.0293;17.9486;17.6802;17.4787;17.2056;16.8967;16.5868;16.375;16.4734;16.1305;15.9748;15.7804;15.5825;15.1542;14.7472;14.4069;14.1924;13.7192;13.4457;13.0308;12.5649;12.5683;12.3645;11.9345;11.8386;11.4333;11.0632;10.6344;10.2469;9.86286;9.43851;9.40996;9.13893;8.73258;8.48526;8.04986;7.75266;7.46897;7.31482;6.99698;6.61395;6.35057;6.16241;5.99604;5.69795;5.45893;5.00293;4.59161;4.29942;4.19679;3.86681;3.7163;3.39777;3.12102;2.9722;2.75517;2.47217;2.28326;1.98626;1.78896;1.50433;1.42933;1.32132;1.20426;1.11396;1","14.9507;14.6018;14.4515;14.2116;14.19;13.9116;13.8195;13.6791;13.5739;13.2368;12.941;12.6975;12.3342;12.2384;11.9222;11.8216;11.5035;11.2379;10.787;10.4562;10.0122;9.59422;9.48434;9.50147;9.48565;9.2832;9.16813;9.0323;9.00715;8.76841;8.61106;8.56396;8.40119;8.20944;8.15856;8.16375;8.11367;7.97916;7.93233;7.84227;7.77234;7.76148;7.68944;7.74861;7.86042;8.01501;8.13158;8.35245;8.51538;8.83298;9.11997;9.4797;9.77303;9.96961;10.2038;10.3485;10.5102;10.7911;10.8647;10.8612;10.9798;11.0739;11.1464;11.4792;11.6474;12.0052;12.2545;12.5846;12.7807;13.0727;13.4028;13.7582;13.9781;14.2889;14.7137;15",0.521638
"0.0333333;0.8;0.166667"
26.5054,0.126046,3.13726,"20.9591;20.6785;20.3944;19.9996;19.5113;19.1855;19.0518;18.621;18.5555;18.1955;18.0293;17.9486;17.6802;17.4787;17.2056;16.8967;16.5868;16.375;16.247;16.1499;15.7568;15.5499;15.2403;14.8695;14.585;14.1924;14.0323;13.7753;13.682;13.2223;13.1129;12.682;12.3645;11.9345;11.5415;11.0632;10.6344;10.32;9.86286;9.40996;9.13893;8.73258;8.48526;8.04986;7.75266;7.46642;7.31482;6.99698;6.61395;6.35057;6.16241;5.99604;5.69795;5.45893;5.00293;4.59161;4.33134;3.99681;3.82294;3.57138;3.20094;3.04787;2.78875;2.43508;2.24964;2.0761;1.81933;1.71485;1.62604;1.56797;1.40899;1.24828;1","14.9507;14.6018;14.4515;14.2116;14.187;14.0349;13.8446;13.5907;13.5739;13.2368;12.941;12.6975;12.3342;12.2384;11.9222;11.8216;11.5035;11.2379;11.1079;10.671;10.4233;10.0894;9.73908;9.54615;9.41052;9.16813;8.95194;8.53226;8.50754;8.52066;8.61695;8.63961;8.40119;8.20944;8.04196;8.11367;7.97916;7.87579;7.84227;7.76148;7.68944;7.74861;7.86042;8.01501;8.13158;8.35266;8.51538;8.83298;9.11997;9.4797;9.77303;9.96961;10.2038;10.3485;10.5102;10.7911;10.8639;11.0718;11.3704;11.6111;11.9469;12.3553;12.503;12.6628;12.7808;12.7874;13.1522;13.6412;13.8805;14.0659;14.3343;14.6596;15",0.422573
"0.0333333;0.833333;0.133333"
27.0797,0.121952,2.54933,"20.9591;20.6785;20.7066;20.4888;20.1938;20.0322;19.7671;19.4987;19.1792;18.9556;18.7608;18.7119;18.3765;18.1323;17.7535;17.6139;17.4518;17.1225;16.8016;16.698;16.5148;16.226;15.9847;15.5825;15.1542;14.7472;14.4069;14.1924;13.7192;13.4457;13.0308;12.5649;12.1512;11.9345;11.8386;11.4333;11.0632;10.6344;10.2469;9.86286;9.40996;9.13893;8.73258;8.48526;8.04986;7.75266;7.46642;7.31482;6.99698;6.61395;6.35057;6.0334;5.71154;5.55321;5.29865;5.00293;4.90665;4.59161;4.33134;3.99681;3.82294;3.57138;3.20094;3.04787;2.78875;2.43508;2.0761;1.81933;1.71485;1.62604;1.56797;1.40899;1.24828;1","14.9507;14.6018;14.1276;13.6863;13.4288;13.2682;13.0449;12.6836;12.3149;12.2542;11.9515;11.6222;11.3201;11.2968;11.4402;10.9689;10.6624;10.311;10.0979;9.70372;9.65289;9.50443;9.50394;9.48434;9.50147;9.48565;9.2832;9.16813;9.0323;9.00715;8.76841;8.61106;8.51666;8.20944;8.15856;8.16375;8.11367;7.97916;7.93233;7.84227;7.76148;7.68944;7.74861;7.86042;8.01501;8.13158;8.35266;8.51538;8.83298;9.11997;9.4797;9.50294;9.69884;9.8366;10.1434;10.5102;10.4834;10.7911;10.8639;11.0718;11.3704;11.6111;11.9469;12.3553;12.503;12.6628;12.7874;13.1522;13.6412;13.8805;14.0659;14.3343;14.6596;15",0.258137
"0.0333333;0.866667;0.1"
26.6148,0.129523,3.18245,"20.9591;20.6785;20.3944;19.9996;19.9627;19.5473;19.1872;18.8809;18.5555;18.1955;17.8653;17.7023;17.4163;17.3189;17.1352;17.0813;16.8652;16.5287;16.4734;16.1305;15.9748;15.6907;15.2168;14.8695;14.4765;14.1924;13.7192;13.4457;13.0308;12.5649;12.1512;11.9345;11.8386;11.4333;11.0632;10.6344;10.2469;9.85014;9.67821;9.26729;8.80406;8.61634;8.28603;8.04986;7.75266;7.46642;7.31482;6.99698;6.61395;6.35057;5.93451;5.55321;5.08931;4.96093;4.64456;4.37289;4.17987;3.86681;3.39777;3.12102;2.9722;2.75517;2.47217;2.28326;1.98626;1.81933;1.71485;1.62604;1.56797;1.40899;1.24828;1","14.9507;14.6018;14.4515;14.2116;14.19;13.9116;13.8195;13.6791;13.5739;13.2368;13.0161;12.8926;12.6695;12.2285;11.7795;11.3215;11.2093;11.2741;10.787;10.4562;10.0122;9.81479;9.66534;9.54615;9.25513;9.16813;9.0323;9.00715;8.76841;8.61106;8.51666;8.20944;8.15856;8.16375;8.11367;7.97916;7.93233;7.91125;8.01998;8.04453;7.96083;7.96795;7.99069;8.01501;8.13158;8.35266;8.51538;8.83298;9.11997;9.4797;9.5646;9.8366;9.94566;10.0204;10.2289;10.5496;10.7979;10.9798;11.1464;11.4792;11.6474;12.0052;12.2545;12.5846;12.7807;13.1522;13.6412;13.8805;14.0659;14.3343;14.6596;15",0.214299
"0.0333333;0.9;0.0666667"
26.6163,0.127413,3.18961,"20.9591;20.6785;20.3944;19.9996;19.9627;19.5473;19.1872;18.8809;18.5555;18.1955;17.8653;17.7023;17.4163;16.9678;16.9224;16.6913;16.5868;16.7835;16.7495;16.5139;16.1305;15.9748;15.6313;15.2403;14.8695;14.4765;14.1924;13.7192;13.4457;13.0308;12.5649;12.5683;12.3645;11.9345;11.6273;11.4333;11.0632;10.6344;10.2469;9.86286;9.40996;9.13893;8.73258;8.48526;8.04986;7.75266;7.46642;7.31482;6.99698;6.61395;6.35057;5.93451;5.55057;5.27466;4.91228;4.64456;4.37289;4.17987;3.86681;3.39777;3.12102;2.9722;2.75517;2.47217;2.28326;2.0761;1.81933;1.71485;1.62604;1.56797;1.40899;1.24828;1","14.9507;14.6018;14.4515;14.2116;14.19;13.9116;13.8195;13.6791;13.5739;13.2368;13.0161;12.8926;12.6695;12.4541;12.3038;11.9079;11.5035;11.0896;10.8908;10.684;10.4562;10.0122;9.8102;9.73908;9.54615;9.25513;9.16813;9.0323;9.00715;8.76841;8.61106;8.56396;8.40119;8.20944;8.13526;8.16375;8.11367;7.97916;7.93233;7.84227;7.76148;7.68944;7.74861;7.86042;8.01501;8.13158;8.35266;8.51538;8.83298;9.11997;9.4797;9.5646;9.65175;9.73862;10.0337;10.2289;10.5496;10.7979;10.9798;11.1464;11.4792;11.6474;12.0052;12.2545;12.5846;12.7874;13.1522;13.6412;13.8805;14.0659;14.3343;14.6596;15",0.118964
"0.0333333;0.933333;0.0333333"
25.4174,0.0415613,12.7087,"21.1085;21.5373;21.6788;21.4026;21.0658;20.7788;20.615;20.199;19.9113;19.5323;19.4794;19.2423;18.8737;18.4488;18.079;17.6045;17.4423;17.2498;17.0013;16.6965;16.4687;16.0182;15.5969;15.2332;14.8462;14.5777;14.121;13.7065;13.309;12.8651;12.5047;12.1025;11.7391;11.286;11.084;10.8292;10.4459;10.079;9.85874;9.46681;9.08155;8.69084;8.31395;8.09138;7.60435;7.23907;6.91567;6.82728;6.65875;6.33363;6.01471;5.61645;5.45702;5.46038;5.1496;4.73522;4.43296;4.20967;3.90497;3.57958;3.12724;2.80353;2.66905;2.54075;2.24599;1.76236;1.30767;1","15.0071;15.2547;15.5093;15.8747;16.1424;16.4987;16.8221;16.9627;16.9507;17.155;17.2033;17.626;17.9237;18.1845;18.3335;18.3776;18.7012;18.8031;19.123;19.2655;19.3179;19.2045;19.1934;19.2562;19.5612;19.6539;19.8208;19.8267;19.9822;20.1767;20.2122;20.2138;20.1664;20.1737;20.0926;19.8719;19.8455;19.7928;19.6823;19.4937;19.7029;19.5789;19.5127;19.3862;19.4218;19.146;19.0085;18.8479;18.3831;18.3873;18.1613;17.9852;17.7042;17.735;17.6188;17.3551;17.2104;17.0538;16.792;16.6181;16.4051;16.1571;15.9368;15.7118;15.5686;15.5745;15.3748;15",0.040254
"0.0333333;0.966667;0"
25.0063,3.63477,2.50814,"20.9591;20.6785;20.5928;20.587;20.4888;20.1938;20.0322;19.7671;19.4987;19.1792;18.8566;18.3803;18.0192;17.6008;17.2056;16.8967;16.6298;16.2975;15.9875;15.6977;15.276;15.0309;14.8989;14.6212;14.2992;13.9088;13.5385;13.4013;13.0134;12.767;12.4307;12.1225;11.6888;11.3632;10.9353;10.4613;10.0993;9.61539;9.15539;8.86393;8.61094;8.20649;7.83069;7.4296;7.2764;6.9552;6.70115;6.44792;6.17447;5.73777;5.46687;5.07726;4.88621;4.46345;4.07456;4.07286;3.73416;3.42507;3.04787;2.78875;2.43508;1.98626;1.78896;1.50433;1.42933;1.32132;1.20426;1.11396;1","14.9507;14.6018;14.4743;14.083;13.6863;13.4288;13.2682;13.0449;12.6836;12.3149;12.1981;12.1088;12.0303;11.9396;11.9222;11.8216;11.665;11.5202;11.2519;11.0101;10.8581;10.6679;10.5293;10.308;10.0782;9.86127;9.59311;9.57898;9.50732;9.32329;9.45961;9.47014;9.46262;9.64979;9.89159;9.91842;10.0121;10.0156;9.8962;9.78401;9.75268;9.84639;10.0275;10.1682;10.4394;10.4621;10.5124;10.6387;10.7238;10.8113;11.056;11.1624;11.1951;11.2221;11.5059;11.7651;11.8912;12.127;12.3553;12.503;12.6628;12.7807;13.0727;13.4028;13.7582;13.9781;14.2889;14.7137;15",2.37084
"0.0666667;0;0.933333"
25.1542,0.267196,2.50962,"20.9591;20.6785;20.5928;20.587;20.4888;20.1938;20.0322;19.7671;19.4987;19.1792;18.8566;18.3803;18.0192;17.6008;17.1352;16.7278;16.2975;16.2133;16.0454;15.753;15.4167;15.0111;14.6212;14.2992;13.9088;13.5385;13.4013;13.0134;12.6001;12.2309;11.9474;11.5614;11.1487;10.838;10.3897;9.96592;9.4903;9.05518;8.59376;8.36668;7.96285;7.61862;7.29743;6.85331;6.48773;6.14524;5.73673;5.45893;5.00293;4.59161;4.12333;3.7163;3.39777;3.12102;2.9722;2.75517;2.47217;2.28326;1.98626;1.78896;1.50433;1.42933;1.32132;1.20426;1.11396;1","14.9507;14.6018;14.4743;14.083;13.6863;13.4288;13.2682;13.0449;12.6836;12.3149;12.1981;12.1088;12.0303;11.9396;11.7795;11.7749;11.5202;11.368;11.2134;11.0101;10.7561;10.5586;10.308;10.0782;9.86127;9.59311;9.57898;9.50732;9.46584;9.32557;9.17382;9.00806;8.89268;8.87357;8.85477;8.84737;8.93837;8.93261;9.0385;9.2205;9.3699;9.52126;9.61993;9.75258;9.95763;10.179;10.1946;10.3485;10.5102;10.7911;10.9663;11.0739;11.1464;11.4792;11.6474;12.0052;12.2545;12.5846;12.7807;13.0727;13.4028;13.7582;13.9781;14.2889;14.7137;15",2.28749
"0.0666667;0.0333333;0.9"
25.177,0.268169,2.50985,"20.9591;20.6785;20.5928;20.587;20.4888;20.1938;20.0322;19.7671;19.4987;19.1792;18.8566;18.3803;18.0192;17.6008;17.1352;16.8967;16.5868;16.4485;16.0712;15.6977;15.276;15.0309;14.8989;14.6212;14.2992;13.9088;13.5385;13.4013;13.0134;12.6001;12.2309;11.9474;11.5614;11.1487;10.838;10.3897;9.96592;9.4903;9.05518;8.59376;8.36668;7.96285;7.61862;7.29743;6.85331;6.48773;6.14524;5.73673;5.45893;5.00293;4.59161;4.12333;3.7163;3.39777;3.12102;2.9722;2.75517;2.47217;2.28326;1.98626;1.78896;1.50433;1.42933;1.32132;1.20426;1.11396;1","14.9507;14.6018;14.4743;14.083;13.6863;13.4288;13.2682;13.0449;12.6836;12.3149;12.1981;12.1088;12.0303;11.9396;11.7795;11.8216;11.5035;11.3447;11.1964;11.0101;10.8581;10.6679;10.5293;10.308;10.0782;9.86127;9.59311;9.57898;9.50732;9.46584;9.32557;9.17382;9.00806;8.89268;8.87357;8.85477;8.84737;8.93837;8.93261;9.0385;9.2205;9.3699;9.52126;9.61993;9.75258;9.95763;10.179;10.1946;10.3485;10.5102;10.7911;10.9663;11.0739;11.1464;11.4792;11.6474;12.0052;12.2545;12.5846;12.7807;13.0727;13.4028;13.7582;13.9781;14.2889;14.7137;15",2.20297
"0.0666667;0.0666667;0.866667"
25.1595,0.531348,2.52918,"20.9591;20.6785;20.5928;20.587;20.4888;20.1938;20.0322;19.7671;19.5148;19.3939;19.0555;18.9556;18.8566;18.4294;18.0192;17.6008;17.1352;16.8967;16.5868;16.2133;16.0454;15.7336;15.4748;15.0309;14.8989;14.6212;14.2992;13.9088;13.5385;13.1278;12.767;12.3565;12.1225;11.6888;11.3632;10.9424;10.8868;10.6965;10.2623;10.1142;9.73931;9.41617;9.1358;8.9036;8.61094;8.20649;7.83069;7.4296;7.2764;6.9552;6.70115;6.44792;6.17447;5.73777;5.46687;5.07726;4.88621;4.46345;4.07456;4.07286;3.73416;3.42507;3.04787;2.78875;2.43508;1.98626;1.78896;1.50433;1.42933;1.32132;1.20426;1.11396;1","14.9507;14.6018;14.4743;14.083;13.6863;13.4288;13.2682;13.0449;12.8693;12.6948;12.3786;12.2542;12.1981;12.056;12.0303;11.9396;11.7795;11.8216;11.5035;11.368;11.2134;10.9509;10.7368;10.6679;10.5293;10.308;10.0782;9.86127;9.59311;9.44479;9.32329;9.50146;9.47014;9.46262;9.64979;9.39456;9.37474;9.3615;9.20596;9.27326;9.51395;9.50889;9.6613;9.72941;9.75268;9.84639;10.0275;10.1682;10.4394;10.4621;10.5124;10.6387;10.7238;10.8113;11.056;11.1624;11.1951;11.2221;11.5059;11.7651;11.8912;12.127;12.3553;12.503;12.6628;12.7807;13.0727;13.4028;13.7582;13.9781;14.2889;14.7137;15",2.13435
"0.0666667;0.1;0.833333"
25.2394,0.25344,2.52998,"20.9591;20.6785;20.5928;20.587;20.4888;20.1938;20.0322;19.7671;19.5148;19.165;18.7852;18.3925;18.1551;17.9572;17.6802;17.4787;17.2056;16.8967;16.5868;16.2133;16.0454;15.7336;15.4748;15.0309;14.8989;14.6212;14.2992;13.9088;13.5385;13.4013;13.135;12.7054;12.2387;11.9474;11.5614;11.1487;10.838;10.3897;9.96592;9.4903;9.05518;8.59376;8.36668;7.96285;7.61862;7.29743;6.85331;6.48773;6.14524;5.73673;5.45893;5.00293;4.59161;4.12333;3.7163;3.39777;3.12102;2.9722;2.75517;2.47217;2.28326;1.98626;1.78896;1.50433;1.42933;1.32132;1.20426;1.11396;1","14.9507;14.6018;14.4743;14.083;13.6863;13.4288;13.2682;13.0449;12.8693;12.9807;12.9844;12.7718;12.6651;12.5111;12.3342;12.2384;11.9222;11.8216;11.5035;11.368;11.2134;10.9509;10.7368;10.6679;10.5293;10.308;10.0782;9.86127;9.59311;9.57898;9.35077;9.25083;9.21025;9.17382;9.00806;8.89268;8.87357;8.85477;8.84737;8.93837;8.93261;9.0385;9.2205;9.3699;9.52126;9.61993;9.75258;9.95763;10.179;10.1946;10.3485;10.5102;10.7911;10.9663;11.0739;11.1464;11.4792;11.6474;12.0052;12.2545;12.5846;12.7807;13.0727;13.4028;13.7582;13.9781;14.2889;14.7137;15",2.04961
"0.0666667;0.133333;0.8"
25.2548,0.259608,2.53013,"20.9591;20.6785;20.5928;20.587;20.4888;20.1938;20.0322;19.7671;19.5148;19.3939;19.0555;18.9556;18.8566;18.4294;18.0192;17.6008;17.2056;16.8967;16.5868;16.2133;16.0454;15.7336;15.4748;15.0309;14.8989;14.6212;14.2992;13.9088;13.5385;13.3176;13.0379;12.6742;12.2387;11.9474;11.5614;11.1487;10.838;10.3897;9.96592;9.4903;9.00836;8.59376;8.36668;7.96285;7.61862;7.29743;6.85331;6.48773;6.14524;5.73673;5.45893;5.00293;4.59161;4.12333;3.7163;3.39777;3.12102;2.9722;2.75517;2.47217;2.28326;1.98626;1.78896;1.50433;1.42933;1.32132;1.20426;1.11396;1","14.9507;14.6018;14.4743;14.083;13.6863;13.4288;13.2682;13.0449;12.8693;12.6948;12.3786;12.2542;12.1981;12.056;12.0303;11.9396;11.9222;11.8216;11.5035;11.368;11.2134;10.9509;10.7368;10.6679;10.5293;10.308;10.0782;9.86127;9.59311;9.67655;9.49828;9.24632;9.21025;9.17382;9.00806;8.89268;8.87357;8.85477;8.84737;8.93837;8.91469;9.0385;9.2205;9.3699;9.52126;9.61993;9.75258;9.95763;10.179;10.1946;10.3485;10.5102;10.7911;10.9663;11.0739;11.1464;11.4792;11.6474;12.0052;12.2545;12.5846;12.7807;13.0727;13.4028;13.7582;13.9781;14.2889;14.7137;15",1.96433
"0.0666667;0.166667;0.766667"
25.4558,0.244424,2.53214,"20.9591;20.6785;20.5928;20.587;20.4888;20.1938;20.0322;19.7671;19.5148;19.165;18.7852;18.3925;18.1551;17.9572;17.6802;17.4787;17.2056;16.8967;16.5868;16.2133;16.0454;15.7336;15.4748;15.0309;14.8989;14.6212;14.2992;14.0837;13.8708;13.513;13.3616;13.0221;12.6345;12.1771;11.9474;11.5614;11.1487;10.838;10.3897;9.96592;9.4903;9.00836;8.59376;8.36668;7.96285;7.61862;7.29743;6.85331;6.48773;6.14524;5.73673;5.45893;5.00293;4.59161;4.12333;3.7163;3.39777;3.12102;2.9722;2.75517;2.47217;2.28326;1.98626;1.78896;1.50433;1.42933;1.32132;1.20426;1.11396;1","14.9507;14.6018;14.4743;14.083;13.6863;13.4288;13.2682;13.0449;12.8693;12.9807;12.9844;12.7718;12.6651;12.5111;12.3342;12.2384;11.9222;11.8216;11.5035;11.368;11.2134;10.9509;10.7368;10.6679;10.5293;10.308;10.0782;9.84275;9.4625;9.48784;9.294;9.17589;9.09982;9.15519;9.17382;9.00806;8.89268;8.87357;8.85477;8.84737;8.93837;8.91469;9.0385;9.2205;9.3699;9.52126;9.61993;9.75258;9.95763;10.179;10.1946;10.3485;10.5102;10.7911;10.9663;11.0739;11.1464;11.4792;11.6474;12.0052;12.2545;12.5846;12.7807;13.0727;13.4028;13.7582;13.9781;14.2889;14.7137;15",1.8804
"0.0666667;0.2;0.733333"
25.4259,0.246141,2.51234,"20.9591;20.6785;20.5928;20.587;20.4888;20.1938;20.0322;19.7671;19.4987;19.3939;18.9022;18.444;18.1551;17.9572;17.6802;17.4787;17.2056;16.8967;16.5868;16.2133;16.0454;15.7336;15.4748;15.0309;14.8989;14.6212;14.3952;14.1347;13.9088;13.5385;13.37;13.0527;12.6345;12.1771;11.9847;11.5614;11.1487;10.838;10.3897;9.96592;9.4903;9.00836;8.59376;8.36668;7.96285;7.61862;7.29743;6.85331;6.48773;6.14524;5.73673;5.45893;5.00293;4.59161;4.12333;3.7163;3.39777;3.12102;2.9722;2.75517;2.47217;2.28326;1.98626;1.78896;1.50433;1.42933;1.32132;1.20426;1.11396;1","14.9507;14.6018;14.4743;14.083;13.6863;13.4288;13.2682;13.0449;12.6836;12.6948;12.7404;12.5402;12.6651;12.5111;12.3342;12.2384;11.9222;11.8216;11.5035;11.368;11.2134;10.9509;10.7368;10.6679;10.5293;10.308;10.2511;10.0348;9.86127;9.59311;9.34798;9.18607;9.09982;9.15519;9.10984;9.00806;8.89268;8.87357;8.85477;8.84737;8.93837;8.91469;9.0385;9.2205;9.3699;9.52126;9.61993;9.75258;9.95763;10.179;10.1946;10.3485;10.5102;10.7911;10.9663;11.0739;11.1464;11.4792;11.6474;12.0052;12.2545;12.5846;12.7807;13.0727;13.4028;13.7582;13.9781;14.2889;14.7137;15",1.78106
"0.0666667;0.233333;0.7"
25.5024,0.238549,2.5131,"20.9591;20.6785;20.5928;20.587;20.4888;20.1938;20.0322;19.7671;19.4987;19.1792;18.8566;18.4294;18.0192;17.6008;17.2056;16.8967;16.5868;16.2133;16.0454;15.7336;15.276;15.0309;14.8989;14.6212;14.5145;14.2788;13.8708;13.513;13.3616;13.0221;12.6345;12.1771;11.9847;11.5614;11.1487;10.838;10.3897;9.96592;9.4903;9.00836;8.59376;8.36668;7.96285;7.61862;7.29743;6.85331;6.48773;6.14524;5.73673;5.45893;5.00293;4.59161;4.12333;3.7163;3.39777;3.12102;2.9722;2.75517;2.47217;2.28326;1.98626;1.78896;1.50433;1.42933;1.32132;1.20426;1.11396;1","14.9507;14.6018;14.4743;14.083;13.6863;13.4288;13.2682;13.0449;12.6836;12.3149;12.1981;12.056;12.0303;11.9396;11.9222;11.8216;11.5035;11.368;11.2134;10.9509;10.8581;10.6679;10.5293;10.308;9.82975;9.63703;9.4625;9.48784;9.294;9.17589;9.09982;9.15519;9.10984;9.00806;8.89268;8.87357;8.85477;8.84737;8.93837;8.91469;9.0385;9.2205;9.3699;9.52126;9.61993;9.75258;9.95763;10.179;10.1946;10.3485;10.5102;10.7911;10.9663;11.0739;11.1464;11.4792;11.6474;12.0052;12.2545;12.5846;12.7807;13.0727;13.4028;13.7582;13.9781;14.2889;14.7137;15",1.69676
"0.0666667;0.266667;0.666667"
25.2104,0.259753,2.73893,"20.9591;20.6785;20.5928;20.587;20.4888;20.1938;20.0322;19.7671;19.3526;19.165;18.7852;18.3925;18.1551;17.9125;17.6802;17.4787;17.2056;16.8967;16.5868;16.375;15.9925;15.7336;15.3917;15.0111;14.6212;14.3952;14.1347;13.9088;13.5385;13.3176;13.0379;12.767;12.4834;12.1771;11.9847;11.5614;11.1487;10.838;10.3897;9.96592;9.4903;9.00836;8.59376;8.36668;7.96285;7.61862;7.29743;6.85331;6.48773;6.14524;5.73673;5.45893;5.00293;4.59161;4.12333;3.7163;3.39777;3.12102;2.9722;2.75517;2.47217;2.28326;1.98626;1.78896;1.50433;1.42933;1.32132;1.20426;1.11396;1","14.9507;14.6018;14.4743;14.083;13.6863;13.4288;13.2682;13.0449;13.0194;12.9807;12.9844;12.7718;12.6651;12.5343;12.3342;12.2384;11.9222;11.8216;11.5035;11.2379;11.124;10.9509;10.8282;10.5586;10.308;10.2511;10.0348;9.86127;9.59311;9.67655;9.49828;9.32329;9.30424;9.15519;9.10984;9.00806;8.89268;8.87357;8.85477;8.84737;8.93837;8.91469;9.0385;9.2205;9.3699;9.52126;9.61993;9.75258;9.95763;10.179;10.1946;10.3485;10.5102;10.7911;10.9663;11.0739;11.1464;11.4792;11.6474;12.0052;12.2545;12.5846;12.7807;13.0727;13.4028;13.7582;13.9781;14.2889;14.7137;15",1.75495
"0.0666667;0.3;0.633333"
25.4878,0.251409,2.76569,"20.9591;20.6785;20.5928;20.587;20.4888;20.1938;20.0322;19.6745;19.4885;19.0426;18.7852;18.3925;18.1551;17.9572;17.6802;17.4787;17.2056;16.8967;16.5868;16.2133;16.0454;15.753;15.3917;15.0111;14.6212;14.5145;14.2373;13.8708;13.513;13.3616;13.0379;12.767;12.4834;12.1771;11.9847;11.5614;11.1487;10.838;10.3897;9.96592;9.4903;9.00836;8.59376;8.36668;7.96285;7.61862;7.29743;6.85331;6.48773;6.14524;5.73673;5.45893;5.00293;4.59161;4.12333;3.7163;3.39777;3.12102;2.9722;2.75517;2.47217;2.28326;1.98626;1.78896;1.50433;1.42933;1.32132;1.20426;1.11396;1","14.9507;14.6018;14.4743;14.083;13.6863;13.4288;13.2682;13.1699;13.1081;12.9632;12.9844;12.7718;12.6651;12.5111;12.3342;12.2384;11.9222;11.8216;11.5035;11.368;11.2134;11.0101;10.8282;10.5586;10.308;9.82975;9.60288;9.4625;9.48784;9.294;9.49828;9.32329;9.30424;9.15519;9.10984;9.00806;8.89268;8.87357;8.85477;8.84737;8.93837;8.91469;9.0385;9.2205;9.3699;9.52126;9.61993;9.75258;9.95763;10.179;10.1946;10.3485;10.5102;10.7911;10.9663;11.0739;11.1464;11.4792;11.6474;12.0052;12.2545;12.5846;12.7807;13.0727;13.4028;13.7582;13.9781;14.2889;14.7137;15",1.67864
"0.0666667;0.333333;0.6"
25.6504,0.229718,2.51458,"20.9591;20.6785;20.5928;20.587;20.4888;20.1938;20.0322;19.7671;19.4987;19.1792;18.8566;18.5875;18.2424;17.9631;17.7535;17.4988;17.0871;16.7495;16.5139;16.1305;15.9748;15.6313;15.2403;14.8695;14.4765;14.1924;13.7192;13.3616;13.0379;12.767;12.4834;12.1771;11.9847;11.5614;11.1487;10.838;10.3897;9.96592;9.4903;9.00836;8.59376;8.36668;7.96285;7.61862;7.29743;6.85331;6.48773;6.14524;5.73673;5.45893;5.00293;4.59161;4.12333;3.7163;3.39777;3.12102;2.9722;2.75517;2.47217;2.28326;1.98626;1.78896;1.50433;1.42933;1.32132;1.20426;1.11396;1","14.9507;14.6018;14.4743;14.083;13.6863;13.4288;13.2682;13.0449;12.6836;12.3149;12.1981;12.0612;11.7997;11.5862;11.4402;11.231;11.1602;10.8908;10.684;10.4562;10.0122;9.8102;9.73908;9.54615;9.25513;9.16813;9.0323;9.294;9.49828;9.32329;9.30424;9.15519;9.10984;9.00806;8.89268;8.87357;8.85477;8.84737;8.93837;8.91469;9.0385;9.2205;9.3699;9.52126;9.61993;9.75258;9.95763;10.179;10.1946;10.3485;10.5102;10.7911;10.9663;11.0739;11.1464;11.4792;11.6474;12.0052;12.2545;12.5846;12.7807;13.0727;13.4028;13.7582;13.9781;14.2889;14.7137;15",1.44309
"0.0666667;0.366667;0.566667"
25.4313,0.240291,2.62948,"20.9052;20.6785;20.3944;19.9996;19.9575;19.8133;19.4825;19.165;18.9022;18.7931;18.7445;18.4294;18.2424;17.9631;17.7535;17.4988;17.0871;16.7495;16.5139;16.1305;15.897;15.5299;15.2403;14.8695;14.4765;14.1924;13.8697;13.513;13.3176;13.0134;12.767;12.4834;12.1771;11.9847;11.5614;11.1487;10.838;10.3897;9.96592;9.4903;9.42371;9.05518;8.59376;8.36668;7.96285;7.61862;7.29743;6.85331;6.48773;6.14524;5.73673;5.45893;5.00293;4.59161;4.12333;3.7163;3.39777;3.12102;2.9722;2.75517;2.47217;2.28326;1.98626;1.78896;1.50433;1.42933;1.32132;1.20426;1.11396;1","14.8285;14.6018;14.4515;14.2116;13.7936;13.6448;13.3605;12.9807;12.7404;12.4464;12.3781;12.056;11.7997;11.5862;11.4402;11.231;11.1602;10.8908;10.684;10.4562;10.3163;10.0144;9.73908;9.54615;9.25513;9.16813;9.41882;9.48784;9.67655;9.50732;9.32329;9.30424;9.15519;9.10984;9.00806;8.89268;8.87357;8.85477;8.84737;8.93837;8.85538;8.93261;9.0385;9.2205;9.3699;9.52126;9.61993;9.75258;9.95763;10.179;10.1946;10.3485;10.5102;10.7911;10.9663;11.0739;11.1464;11.4792;11.6474;12.0052;12.2545;12.5846;12.7807;13.0727;13.4028;13.7582;13.9781;14.2889;14.7137;15",1.45464
"0.0666667;0.4;0.533333"
25.7632,0.237319,2.75807,"20.9591;20.6785;20.7066;20.587;20.2934;20.168;19.8196;19.7035;19.4182;19.0426;18.7852;18.3925;17.9555;17.6003;17.4163;16.9678;16.6267;16.2626;15.9984;15.8704;15.6977;15.3917;15.0111;14.6212;14.5145;14.2788;13.8697;13.513;13.3616;13.0221;12.5789;12.1029;11.9765;11.5614;11.1487;10.838;10.3897;9.96592;9.4903;9.00836;8.76646;8.30566;8.01769;7.63643;7.19111;6.75935;6.36888;5.99604;5.69795;5.45893;5.00293;4.59161;4.12333;3.7163;3.39777;3.12102;2.9722;2.75517;2.47217;2.28326;1.98626;1.78896;1.50433;1.42933;1.32132;1.20426;1.11396;1","14.9507;14.6018;14.1276;14.083;13.815;13.7607;13.5204;13.392;13.1669;12.9632;12.9844;12.7718;12.8595;12.8535;12.6695;12.4541;12.0971;11.8776;11.746;11.3605;11.0101;10.8282;10.5586;10.308;9.82975;9.63703;9.41882;9.48784;9.294;9.17589;9.04197;8.98239;9.13258;9.00806;8.89268;8.87357;8.85477;8.84737;8.93837;8.91469;8.91294;8.89826;9.1935;9.36426;9.40443;9.61275;9.76124;9.96961;10.2038;10.3485;10.5102;10.7911;10.9663;11.0739;11.1464;11.4792;11.6474;12.0052;12.2545;12.5846;12.7807;13.0727;13.4028;13.7582;13.9781;14.2889;14.7137;15",1.39506
"0.0666667;0.433333;0.5"
25.4256,0.241569,3.17331,"20.9591;20.6785;20.3944;19.9996;19.5133;19.1872;18.8809;18.521;18.1955;17.8653;17.7023;17.4163;17.2724;16.9224;16.8967;16.5868;16.375;15.9925;15.7336;15.3917;15.0111;14.6212;14.5145;14.2788;13.8697;13.513;13.3616;13.0221;12.5789;12.1029;11.9765;11.5614;11.1487;10.838;10.3897;9.96592;9.4903;9.42371;9.09316;8.59376;8.36668;7.96285;7.61862;7.29743;6.85331;6.48773;6.14524;5.73673;5.45893;5.00293;4.59161;4.12333;3.7163;3.39777;3.12102;2.9722;2.75517;2.47217;2.28326;1.98626;1.78896;1.50433;1.42933;1.32132;1.20426;1.11396;1","14.9507;14.6018;14.4515;14.2116;14.1286;13.8195;13.6791;13.5254;13.2368;13.0161;12.8926;12.6695;12.5105;12.3038;11.8216;11.5035;11.2379;11.124;10.9509;10.8282;10.5586;10.308;9.82975;9.63703;9.41882;9.48784;9.294;9.17589;9.04197;8.98239;9.13258;9.00806;8.89268;8.87357;8.85477;8.84737;8.93837;8.85538;9.06289;9.0385;9.2205;9.3699;9.52126;9.61993;9.75258;9.95763;10.179;10.1946;10.3485;10.5102;10.7911;10.9663;11.0739;11.1464;11.4792;11.6474;12.0052;12.2545;12.5846;12.7807;13.0727;13.4028;13.7582;13.9781;14.2889;14.7137;15",1.49583
"0.0666667;0.466667;0.466667"
25.5076,0.301591,3.11184,"20.9052;20.6785;20.3944;19.9996;19.5133;19.1872;18.8809;18.521;18.1955;17.8653;17.7023;17.2518;16.778;16.5131;16.1001;16.0656;15.7214;15.5866;15.2475;15.1011;14.9521;14.7275;14.5972;14.3699;14.1636;14.0102;13.9088;13.5385;13.3616;13.0221;12.5789;12.1029;11.9474;11.5614;11.1487;10.7372;10.3897;9.96592;9.4903;9.42371;9.09316;8.59376;8.36668;7.96285;7.61862;7.29743;6.85331;6.48773;6.14524;5.73673;5.45893;5.00293;4.59161;4.33134;3.86681;3.7163;3.39777;3.12102;2.9722;2.75517;2.47217;2.28326;1.98626;1.78896;1.50433;1.42933;1.32132;1.20426;1.11396;1","14.8285;14.6018;14.4515;14.2116;14.1286;13.8195;13.6791;13.5254;13.2368;13.0161;12.8926;12.9675;12.942;12.8464;12.7482;12.507;12.1649;12.0983;11.96;11.7388;11.3608;10.9852;10.9118;10.8547;10.5634;10.2085;9.86127;9.59311;9.294;9.17589;9.04197;8.98239;9.17382;9.00806;8.89268;8.84471;8.85477;8.84737;8.93837;8.85538;9.06289;9.0385;9.2205;9.3699;9.52126;9.61993;9.75258;9.95763;10.179;10.1946;10.3485;10.5102;10.7911;10.8639;10.9798;11.0739;11.1464;11.4792;11.6474;12.0052;12.2545;12.5846;12.7807;13.0727;13.4028;13.7582;13.9781;14.2889;14.7137;15",1.39092
"0.0666667;0.5;0.433333"
25.7725,0.258429,2.8713,"20.9591;20.6371;20.2976;20.0774;19.8566;19.6809;19.4516;19.3416;19.0789;18.7412;18.3925;18.1551;17.9572;17.7504;17.3189;16.9121;16.8967;16.5868;16.4485;16.0712;15.7336;15.3917;15.0111;14.6212;14.5145;14.1347;13.9088;13.5385;13.3616;13.0527;12.5789;12.1029;11.9474;11.5614;11.1487;10.8031;10.3897;9.96592;9.67859;9.42371;9.09316;8.59376;8.36668;7.96285;7.61862;7.29743;6.85331;6.48773;6.14524;5.73673;5.45893;5.00293;4.59161;4.29942;3.86681;3.7163;3.39777;3.12102;2.9722;2.75517;2.47217;2.28326;1.98626;1.78896;1.50433;1.42933;1.32132;1.20426;1.11396;1","14.9507;14.8719;14.7827;14.6902;14.4177;14.055;13.7602;13.6059;13.3178;13.0373;12.7718;12.6651;12.5111;12.2371;12.2285;12.0928;11.8216;11.5035;11.3447;11.1964;10.9509;10.8282;10.5586;10.308;9.82975;10.0348;9.86127;9.59311;9.294;9.18607;9.04197;8.98239;9.17382;9.00806;8.89268;9.05181;8.85477;8.84737;8.71966;8.85538;9.06289;9.0385;9.2205;9.3699;9.52126;9.61993;9.75258;9.95763;10.179;10.1946;10.3485;10.5102;10.7911;10.8647;10.9798;11.0739;11.1464;11.4792;11.6474;12.0052;12.2545;12.5846;12.7807;13.0727;13.4028;13.7582;13.9781;14.2889;14.7137;15",1.16134
"0.0666667;0.533333;0.4"
25.7306,0.233403,2.82408,"20.9591;20.6785;20.3944;19.9996;19.9627;19.5473;19.4516;19.3416;19.0789;18.7412;18.3925;18.1551;17.9125;17.6802;17.4787;17.2056;16.8967;16.5868;16.4485;16.0712;15.7336;15.3917;15.0111;14.6212;14.7104;14.5994;14.4069;14.1924;13.7192;13.3616;13.0527;12.5789;12.1029;11.9474;11.5614;11.1487;10.7372;10.3231;10.2331;10.0095;9.67859;9.42371;9.09316;8.59376;8.36668;7.96285;7.61862;7.29743;6.85331;6.48773;6.14524;5.73673;5.45893;5.00293;4.59161;4.33134;3.86681;3.7163;3.39777;3.12102;2.9722;2.75517;2.47217;2.28326;1.98626;1.78896;1.50433;1.42933;1.32132;1.20426;1.11396;1","14.9507;14.6018;14.4515;14.2116;14.19;13.9116;13.7602;13.6059;13.3178;13.0373;12.7718;12.6651;12.5343;12.3342;12.2384;11.9222;11.8216;11.5035;11.3447;11.1964;10.9509;10.8282;10.5586;10.308;10.0414;9.71091;9.2832;9.16813;9.0323;9.294;9.18607;9.04197;8.98239;9.17382;9.00806;8.89268;8.84471;8.62714;8.64884;8.62964;8.71966;8.85538;9.06289;9.0385;9.2205;9.3699;9.52126;9.61993;9.75258;9.95763;10.179;10.1946;10.3485;10.5102;10.7911;10.8639;10.9798;11.0739;11.1464;11.4792;11.6474;12.0052;12.2545;12.5846;12.7807;13.0727;13.4028;13.7582;13.9781;14.2889;14.7137;15",1.04724
"0.0666667;0.566667;0.366667"
25.6896,0.198181,2.82367,"20.9591;20.6785;20.3944;19.9996;19.9627;19.5473;19.4516;19.3416;19.0789;18.7412;18.3925;18.0293;17.6003;17.2724;16.9224;16.6267;16.2626;15.9896;15.8704;15.6977;15.3917;15.0111;14.6212;14.2992;14.0837;13.8708;13.7192;13.4457;13.0308;12.5649;12.2734;11.8137;11.3239;10.8757;10.7529;10.3231;10.2331;10.0095;9.67859;9.42371;9.09316;8.59376;8.36668;7.96285;7.61862;7.29743;6.85331;6.48773;6.14524;5.73673;5.45893;5.00293;4.59161;4.29942;4.19679;3.86681;3.7163;3.39777;3.12102;2.9722;2.75517;2.47217;2.28326;1.98626;1.78896;1.50433;1.42933;1.32132;1.20426;1.11396;1","14.9507;14.6018;14.4515;14.2116;14.19;13.9116;13.7602;13.6059;13.3178;13.0373;12.7718;12.941;12.8535;12.5105;12.3038;12.0971;11.8776;11.5879;11.3605;11.0101;10.8282;10.5586;10.308;10.0782;9.84275;9.4625;9.0323;9.00715;8.76841;8.61106;8.55118;8.43517;8.4956;8.55712;8.40186;8.62714;8.64884;8.62964;8.71966;8.85538;9.06289;9.0385;9.2205;9.3699;9.52126;9.61993;9.75258;9.95763;10.179;10.1946;10.3485;10.5102;10.7911;10.8647;10.8612;10.9798;11.0739;11.1464;11.4792;11.6474;12.0052;12.2545;12.5846;12.7807;13.0727;13.4028;13.7582;13.9781;14.2889;14.7137;15",0.951904
"0.0666667;0.6;0.333333"
25.5671,0.198031,2.86924,"20.9591;20.6371;20.2976;20.0774;19.8566;19.6809;19.4516;19.3416;19.0789;18.7412;18.3925;18.1236;17.6802;17.4787;17.2056;16.8967;16.5868;16.4485;16.0712;15.753;15.3917;15.0111;14.6212;14.2992;13.9088;13.5385;13.3616;13.2552;12.9478;12.5649;12.2734;11.9345;11.8386;11.5415;11.1147;10.7529;10.3231;10.2331;10.0095;9.67859;9.42371;9.09316;8.59376;8.36668;7.96285;7.61862;7.29743;6.85331;6.48773;6.14524;5.73673;5.45893;5.00293;4.59161;4.29942;4.19679;3.86681;3.7163;3.39777;3.12102;2.9722;2.75517;2.47217;2.28326;1.98626;1.78896;1.50433;1.42933;1.32132;1.20426;1.11396;1","14.9507;14.8719;14.7827;14.6902;14.4177;14.055;13.7602;13.6059;13.3178;13.0373;12.7718;12.5243;12.3342;12.2384;11.9222;11.8216;11.5035;11.3447;11.1964;11.0101;10.8282;10.5586;10.308;10.0782;9.86127;9.59311;9.294;9.12547;8.85903;8.61106;8.55118;8.20944;8.15856;8.04196;8.11792;8.40186;8.62714;8.64884;8.62964;8.71966;8.85538;9.06289;9.0385;9.2205;9.3699;9.52126;9.61993;9.75258;9.95763;10.179;10.1946;10.3485;10.5102;10.7911;10.8647;10.8612;10.9798;11.0739;11.1464;11.4792;11.6474;12.0052;12.2545;12.5846;12.7807;13.0727;13.4028;13.7582;13.9781;14.2889;14.7137;15",0.870386
"0.0666667;0.633333;0.3"
25.4116,0.192619,3.18871,"20.9591;20.6371;20.2976;20.0774;19.8566;19.5113;19.1872;18.8809;18.521;18.1955;17.8653;17.7023;17.4163;17.2724;16.9224;16.8967;16.5868;16.4485;16.0712;15.753;15.3917;15.0111;14.6212;14.2992;13.9088;13.5385;13.3616;13.2552;12.9478;12.5649;12.2734;11.8137;11.6968;11.2697;10.796;10.3231;10.2331;10.0095;9.67859;9.22154;8.80866;8.41627;8.00546;7.70034;7.22987;7.19111;6.75935;6.36888;5.99604;5.69795;5.45893;5.00293;4.59161;4.33134;3.99681;3.82294;3.57138;3.20094;3.04787;2.78875;2.43508;2.24964;2.0761;1.81933;1.71485;1.56797;1.40899;1.24828;1","14.9507;14.8719;14.7827;14.6902;14.4177;14.187;13.8195;13.6791;13.5254;13.2368;13.0161;12.8926;12.6695;12.5105;12.3038;11.8216;11.5035;11.3447;11.1964;11.0101;10.8282;10.5586;10.308;10.0782;9.86127;9.59311;9.294;9.12547;8.85903;8.61106;8.55118;8.43517;8.4935;8.31792;8.47101;8.62714;8.64884;8.62964;8.71966;8.6638;8.73589;8.87047;9.11523;9.32386;9.34981;9.40443;9.61275;9.76124;9.96961;10.2038;10.3485;10.5102;10.7911;10.8639;11.0718;11.3704;11.6111;11.9469;12.3553;12.503;12.6628;12.7808;12.7874;13.1522;13.6412;14.0659;14.3343;14.6596;15",0.858866
"0.0666667;0.666667;0.266667"
25.7792,0.16279,2.88514,"20.9591;20.6371;20.2976;20.0774;19.8566;19.6809;19.4516;19.3416;19.0789;18.7412;18.3925;18.1236;17.7504;17.6008;17.1352;17.0813;16.7835;16.4734;16.1305;15.897;15.5299;15.2403;14.8695;14.4765;14.1924;14.0323;13.7167;13.4457;13.0308;12.9478;12.4639;12.2734;11.8137;11.6968;11.2697;10.796;10.3231;10.2331;10.0095;9.67859;9.22154;8.80866;8.41627;8.30566;8.00546;7.70034;7.2292;6.93405;6.75935;6.36888;5.99604;5.69795;5.45893;5.00293;4.90665;4.59161;4.33134;3.99681;3.82294;3.57138;3.20094;3.04787;2.78875;2.43508;2.0761;1.81933;1.71485;1.56797;1.40899;1.24828;1","14.9507;14.8719;14.7827;14.6902;14.4177;14.055;13.7602;13.6059;13.3178;13.0373;12.7718;12.5243;12.2371;11.9396;11.7795;11.3215;11.0896;10.787;10.4562;10.3163;10.0144;9.73908;9.54615;9.25513;9.16813;8.95194;8.88226;9.00715;8.76841;8.85903;8.77277;8.55118;8.43517;8.4935;8.31792;8.47101;8.62714;8.64884;8.62964;8.71966;8.6638;8.73589;8.87047;8.89826;9.11523;9.32386;9.4416;9.56395;9.61275;9.76124;9.96961;10.2038;10.3485;10.5102;10.4834;10.7911;10.8639;11.0718;11.3704;11.6111;11.9469;12.3553;12.503;12.6628;12.7874;13.1522;13.6412;14.0659;14.3343;14.6596;15",0.680676
"0.0666667;0.7;0.233333"
25.7405,0.187308,3.20801,"20.9591;20.6785;20.3944;19.9996;19.5113;19.1872;18.8809;18.521;18.1955;17.8653;17.7023;17.4163;17.2724;16.9224;16.8819;16.8967;16.5868;16.4485;16.0712;15.753;15.3917;15.0111;14.6212;14.2992;13.9088;13.5385;13.3616;13.2552;12.9478;12.5683;12.4428;12.0711;11.9345;11.5415;11.0632;10.6357;10.2494;10.2331;10.0095;9.67859;9.22154;8.80866;8.41627;8.30566;8.00546;7.70034;7.2292;6.93405;6.75935;6.36888;5.99604;5.69795;5.45893;5.00293;4.90665;4.59161;4.33134;3.99681;3.82294;3.57138;3.20094;3.04787;2.78875;2.43508;2.0761;1.81933;1.71485;1.56797;1.40899;1.24828;1","14.9507;14.6018;14.4515;14.2116;14.187;13.8195;13.6791;13.5254;13.2368;13.0161;12.8926;12.6695;12.5105;12.3038;12.159;11.8216;11.5035;11.3447;11.1964;11.0101;10.8282;10.5586;10.308;10.0782;9.86127;9.59311;9.294;9.12547;8.85903;8.56396;8.42211;8.15162;8.20944;8.04196;8.11367;8.30531;8.59751;8.64884;8.62964;8.71966;8.6638;8.73589;8.87047;8.89826;9.11523;9.32386;9.4416;9.56395;9.61275;9.76124;9.96961;10.2038;10.3485;10.5102;10.4834;10.7911;10.8639;11.0718;11.3704;11.6111;11.9469;12.3553;12.503;12.6628;12.7874;13.1522;13.6412;14.0659;14.3343;14.6596;15",0.64801
"0.0666667;0.733333;0.2"
25.8644,0.16565,3.19331,"20.9591;20.6371;20.2976;20.0774;19.8566;19.5113;19.1872;18.8809;18.521;18.1955;17.8653;17.7023;17.4163;17.2724;16.9224;16.6913;16.6298;16.4485;16.247;16.1499;15.7702;15.5499;15.2403;14.8695;14.4765;14.1924;13.7192;13.4457;13.0308;12.5649;12.5683;12.3741;11.9345;11.8386;11.5415;11.0632;10.6357;10.2494;10.2331;10.0095;9.67859;9.42371;9.09316;8.59376;8.36668;7.96285;7.63643;7.19111;6.75935;6.36888;5.99604;5.69795;5.45893;5.00293;4.90665;4.43169;4.1485;3.7163;3.39777;3.12102;2.9722;2.75517;2.47217;2.28326;2.0761;1.81933;1.71485;1.62604;1.56797;1.40899;1.24828;1","14.9507;14.8719;14.7827;14.6902;14.4177;14.187;13.8195;13.6791;13.5254;13.2368;13.0161;12.8926;12.6695;12.5105;12.3038;11.9079;11.665;11.3447;11.1079;10.671;10.3624;10.0894;9.73908;9.54615;9.25513;9.16813;9.0323;9.00715;8.76841;8.61106;8.56396;8.27245;8.20944;8.15856;8.04196;8.11367;8.30531;8.59751;8.64884;8.62964;8.71966;8.85538;9.06289;9.0385;9.2205;9.3699;9.36426;9.40443;9.61275;9.76124;9.96961;10.2038;10.3485;10.5102;10.4834;10.619;10.8374;11.0739;11.1464;11.4792;11.6474;12.0052;12.2545;12.5846;12.7874;13.1522;13.6412;13.8805;14.0659;14.3343;14.6596;15",0.537558
"0.0666667;0.766667;0.166667"
25.8789,0.185789,3.20258,"20.9591;20.6785;20.3944;19.9996;19.5113;19.1872;18.8809;18.521;18.1955;17.8653;17.6003;17.2724;16.9224;16.8819;16.7278;16.2975;15.9875;15.6977;15.3917;15.0111;14.6212;14.5145;14.2788;13.8708;13.7192;13.4457;13.0308;12.5649;12.5683;12.3741;11.9345;11.8386;11.5415;11.0632;10.6357;10.2494;10.2331;10.0095;9.67859;9.42371;9.09316;8.59376;8.36668;7.96285;7.61862;7.29743;6.85331;6.48773;6.14524;5.73673;5.45893;5.00293;4.59161;4.1485;3.86681;3.39777;3.12102;2.9722;2.75517;2.47217;2.28326;1.98626;1.81933;1.71485;1.62604;1.56797;1.40899;1.24828;1","14.9507;14.6018;14.4515;14.2116;14.187;13.8195;13.6791;13.5254;13.2368;13.0161;12.8535;12.5105;12.3038;12.159;11.7749;11.5202;11.2519;11.0101;10.8282;10.5586;10.308;9.82975;9.63703;9.4625;9.0323;9.00715;8.76841;8.61106;8.56396;8.27245;8.20944;8.15856;8.04196;8.11367;8.30531;8.59751;8.64884;8.62964;8.71966;8.85538;9.06289;9.0385;9.2205;9.3699;9.52126;9.61993;9.75258;9.95763;10.179;10.1946;10.3485;10.5102;10.7911;10.8374;10.9798;11.1464;11.4792;11.6474;12.0052;12.2545;12.5846;12.7807;13.1522;13.6412;13.8805;14.0659;14.3343;14.6596;15",0.431283
"0.0666667;0.8;0.133333"
25.7931,0.168593,3.20861,"20.9591;20.6785;20.3944;19.9996;19.5113;19.1872;18.8809;18.521;18.1955;17.8653;17.7023;17.4163;17.2724;16.9224;16.6913;16.6298;16.4485;16.247;16.1499;15.7702;15.5499;15.2403;14.8695;14.4765;14.1924;13.7192;13.4457;13.0308;12.5649;12.2734;11.9345;11.8386;11.5415;11.0632;10.6357;10.2494;10.2331;10.0095;9.67859;9.42371;9.09316;8.59376;8.36668;7.96285;7.61862;7.29743;6.85331;6.48773;6.14524;5.73673;5.45893;5.00293;4.59161;4.1485;3.86681;3.39777;3.12102;2.9722;2.75517;2.47217;2.28326;2.0761;1.81933;1.71485;1.62604;1.56797;1.40899;1.24828;1","14.9507;14.6018;14.4515;14.2116;14.187;13.8195;13.6791;13.5254;13.2368;13.0161;12.8926;12.6695;12.5105;12.3038;11.9079;11.665;11.3447;11.1079;10.671;10.3624;10.0894;9.73908;9.54615;9.25513;9.16813;9.0323;9.00715;8.76841;8.61106;8.55118;8.20944;8.15856;8.04196;8.11367;8.30531;8.59751;8.64884;8.62964;8.71966;8.85538;9.06289;9.0385;9.2205;9.3699;9.52126;9.61993;9.75258;9.95763;10.179;10.1946;10.3485;10.5102;10.7911;10.8374;10.9798;11.1464;11.4792;11.6474;12.0052;12.2545;12.5846;12.7874;13.1522;13.6412;13.8805;14.0659;14.3343;14.6596;15",0.324065
"0.0666667;0.833333;0.1"
25.9869,0.166416,3.21055,"20.9591;20.6785;20.3944;19.9996;19.5113;19.1872;18.8809;18.521;18.1955;17.8653;17.7023;17.4163;17.2724;16.9224;16.6913;16.6298;16.4485;16.247;16.1499;15.7702;15.5499;15.2403;14.8695;14.4765;14.1924;13.7192;13.4457;13.0308;12.5649;12.5683;12.3741;11.9345;11.8386;11.5415;11.0632;10.6357;10.2494;10.2331;10.0095;9.67859;9.22154;8.80866;8.41627;8.00546;7.70034;7.45835;7.07284;6.9902;6.59271;6.33659;5.98722;5.73777;5.46687;5.07726;4.88621;4.46345;4.07456;4.07286;3.73416;3.42507;3.04787;2.86759;2.54979;2.28326;2.0761;1.81933;1.71485;1.62604;1.56797;1.40899;1.24828;1","14.9507;14.6018;14.4515;14.2116;14.187;13.8195;13.6791;13.5254;13.2368;13.0161;12.8926;12.6695;12.5105;12.3038;11.9079;11.665;11.3447;11.1079;10.671;10.3624;10.0894;9.73908;9.54615;9.25513;9.16813;9.0323;9.00715;8.76841;8.61106;8.56396;8.27245;8.20944;8.15856;8.04196;8.11367;8.30531;8.59751;8.64884;8.62964;8.71966;8.6638;8.73589;8.87047;9.11523;9.32386;9.71186;9.99281;10.0144;10.1762;10.5782;10.6802;10.8113;11.056;11.1624;11.1951;11.2221;11.5059;11.7651;11.8912;12.127;12.3553;12.3986;12.4608;12.5846;12.7874;13.1522;13.6412;13.8805;14.0659;14.3343;14.6596;15",0.216173
"0.0666667;0.866667;0.0666667"
23.1595,0.113957,11.5798,"21.0021;20.6371;20.1476;19.8993;20.0052;19.7587;19.5012;19.2453;19.2116;18.9722;18.5147;18.2323;17.8616;17.5784;17.0997;16.9526;16.4847;16.1745;15.9638;15.5085;15.1027;14.6773;14.2054;13.7586;13.4059;12.9214;12.5601;12.1813;11.7746;11.3691;10.9959;10.6001;10.4831;10.0764;9.78495;9.36506;8.91723;8.45724;8.17491;7.88754;7.49782;7.27595;6.89851;6.76183;6.34229;5.98186;5.75803;5.41296;4.9235;4.56701;4.11057;3.65422;3.50753;3.23682;3.02224;2.77497;2.4487;2.16262;1.70477;1.39947;1","15.1397;14.8719;14.8736;15.2284;15.5003;15.8289;16.1702;16.5342;16.7104;16.8419;16.9234;17.1119;17.3614;17.6514;17.7532;17.6927;17.72;17.968;17.9367;18.1059;18.3691;18.1335;18.213;18.2739;18.0226;17.9575;17.8017;17.5611;17.5676;17.4617;17.4869;17.5984;17.6288;17.6946;17.7005;17.5218;17.455;17.3873;17.037;16.9737;16.7983;16.7012;16.4217;16.4323;16.351;16.1439;16.3476;16.5091;16.4983;16.3621;16.2118;16.0511;15.8873;15.7488;15.4451;15.4104;15.2367;15.0475;15.0703;14.9914;15",0.388321
"0.0666667;0.9;0.0333333"
24.3444,0.0597285,12.1722,"21.1085;21.5373;21.6788;21.4026;21.0658;20.7788;20.615;20.199;19.8025;19.3828;18.9722;18.5147;18.2323;17.8616;17.5784;17.0997;16.9526;16.4847;16.1745;15.9638;15.5085;15.1027;14.6542;14.5093;14.1504;13.8042;13.3663;12.9409;12.5548;12.1816;11.8264;11.4165;10.9328;10.6224;10.2617;9.93864;9.52723;9.2182;8.90526;8.44499;8.0247;7.80398;7.51817;7.20511;6.79464;6.56079;6.23747;6.01488;5.78191;5.42853;5.02079;4.9235;4.56701;4.11057;3.65422;3.50753;3.23682;3.02224;2.77497;2.4487;2.16262;1.70477;1.39947;1","15.0071;15.2547;15.5093;15.8747;16.1424;16.4987;16.8221;16.9627;16.8215;16.6907;16.8419;16.9234;17.1119;17.3614;17.6514;17.7532;17.6927;17.72;17.968;17.9367;18.1059;18.3691;18.5828;18.4935;18.5089;18.3139;18.3625;18.506;18.7752;18.8322;18.8689;18.9082;18.9276;19.0236;19.079;19.157;19.0713;19.0136;18.7628;18.8613;18.5917;18.622;18.3373;18.1896;17.9171;17.7672;17.6106;17.3363;17.1329;16.8145;16.5917;16.4983;16.3621;16.2118;16.0511;15.8873;15.7488;15.4451;15.4104;15.2367;15.0475;15.0703;14.9914;15",0.0558219
"0.0666667;0.933333;0"
25.0063,3.63477,2.50814,"20.9591;20.6785;20.5928;20.587;20.4888;20.1938;20.0322;19.7671;19.4987;19.1792;18.8566;18.3803;18.0192;17.6008;17.2056;16.8967;16.6298;16.2975;15.9875;15.6977;15.276;15.0309;14.8989;14.6212;14.2992;13.9088;13.5385;13.4013;13.0134;12.767;12.4307;12.1225;11.6888;11.3632;10.9353;10.4613;10.0993;9.61539;9.15539;8.86393;8.61094;8.20649;7.83069;7.4296;7.2764;6.9552;6.70115;6.44792;6.17447;5.73777;5.46687;5.07726;4.88621;4.46345;4.07456;4.07286;3.73416;3.42507;3.04787;2.78875;2.43508;1.98626;1.78896;1.50433;1.42933;1.32132;1.20426;1.11396;1","14.9507;14.6018;14.4743;14.083;13.6863;13.4288;13.2682;13.0449;12.6836;12.3149;12.1981;12.1088;12.0303;11.9396;11.9222;11.8216;11.665;11.5202;11.2519;11.0101;10.8581;10.6679;10.5293;10.308;10.0782;9.86127;9.59311;9.57898;9.50732;9.32329;9.45961;9.47014;9.46262;9.64979;9.89159;9.91842;10.0121;10.0156;9.8962;9.78401;9.75268;9.84639;10.0275;10.1682;10.4394;10.4621;10.5124;10.6387;10.7238;10.8113;11.056;11.1624;11.1951;11.2221;11.5059;11.7651;11.8912;12.127;12.3553;12.503;12.6628;12.7807;13.0727;13.4028;13.7582;13.9781;14.2889;14.7137;15",2.28616
"0.1;0;0.9"
25.0517,0.26732,2.73809,"20.9591;20.6785;20.5928;20.587;20.4888;20.1938;20.0322;19.6745;19.4885;19.165;18.9022;18.444;18.1236;17.6802;17.4787;17.2056;16.8967;16.5868;16.2133;16.0454;15.753;15.4167;15.0111;14.6212;14.2992;13.9088;13.5385;13.4013;13.0134;12.6001;12.2309;11.9474;11.5614;11.1487;10.838;10.3897;9.96592;9.4903;9.05518;8.59376;8.36668;7.96285;7.61862;7.29743;6.85331;6.48773;6.14524;5.73673;5.45893;5.00293;4.59161;4.12333;3.7163;3.39777;3.12102;2.9722;2.75517;2.47217;2.28326;1.98626;1.78896;1.50433;1.42933;1.32132;1.20426;1.11396;1","14.9507;14.6018;14.4743;14.083;13.6863;13.4288;13.2682;13.1699;13.1081;12.9807;12.7404;12.5402;12.5243;12.3342;12.2384;11.9222;11.8216;11.5035;11.368;11.2134;11.0101;10.7561;10.5586;10.308;10.0782;9.86127;9.59311;9.57898;9.50732;9.46584;9.32557;9.17382;9.00806;8.89268;8.87357;8.85477;8.84737;8.93837;8.93261;9.0385;9.2205;9.3699;9.52126;9.61993;9.75258;9.95763;10.179;10.1946;10.3485;10.5102;10.7911;10.9663;11.0739;11.1464;11.4792;11.6474;12.0052;12.2545;12.5846;12.7807;13.0727;13.4028;13.7582;13.9781;14.2889;14.7137;15",2.40078
"0.1;0.0333333;0.866667"
25.1542,0.267196,2.50962,"20.9591;20.6785;20.5928;20.587;20.4888;20.1938;20.0322;19.7671;19.4987;19.1792;18.8566;18.3803;18.0192;17.6008;17.1352;16.7278;16.2975;16.2133;16.0454;15.753;15.4167;15.0111;14.6212;14.2992;13.9088;13.5385;13.4013;13.0134;12.6001;12.2309;11.9474;11.5614;11.1487;10.838;10.3897;9.96592;9.4903;9.05518;8.59376;8.36668;7.96285;7.61862;7.29743;6.85331;6.48773;6.14524;5.73673;5.45893;5.00293;4.59161;4.12333;3.7163;3.39777;3.12102;2.9722;2.75517;2.47217;2.28326;1.98626;1.78896;1.50433;1.42933;1.32132;1.20426;1.11396;1","14.9507;14.6018;14.4743;14.083;13.6863;13.4288;13.2682;13.0449;12.6836;12.3149;12.1981;12.1088;12.0303;11.9396;11.7795;11.7749;11.5202;11.368;11.2134;11.0101;10.7561;10.5586;10.308;10.0782;9.86127;9.59311;9.57898;9.50732;9.46584;9.32557;9.17382;9.00806;8.89268;8.87357;8.85477;8.84737;8.93837;8.93261;9.0385;9.2205;9.3699;9.52126;9.61993;9.75258;9.95763;10.179;10.1946;10.3485;10.5102;10.7911;10.9663;11.0739;11.1464;11.4792;11.6474;12.0052;12.2545;12.5846;12.7807;13.0727;13.4028;13.7582;13.9781;14.2889;14.7137;15",2.11805
"0.1;0.0666667;0.833333"
24.834,0.268593,2.63713,"20.9384;20.7224;20.3944;19.9996;19.9575;19.8133;19.4825;19.165;18.7852;18.3925;18.1551;17.9572;17.6802;17.4787;17.2056;16.8967;16.5868;16.4485;16.0712;15.6977;15.276;15.0309;14.8989;14.6212;14.2992;13.9088;13.5385;13.4013;13.0134;12.6001;12.2309;11.9474;11.5614;11.1487;10.838;10.3897;9.96592;9.4903;9.05518;8.59376;8.36668;7.96285;7.61862;7.29743;6.85331;6.48773;6.14524;5.73673;5.45893;5.00293;4.59161;4.12333;3.7163;3.39777;3.12102;2.9722;2.75517;2.47217;2.28326;1.98626;1.78896;1.50433;1.42933;1.32132;1.20426;1.11396;1","14.8333;14.7303;14.4515;14.2116;13.7936;13.6448;13.3605;12.9807;12.9844;12.7718;12.6651;12.5111;12.3342;12.2384;11.9222;11.8216;11.5035;11.3447;11.1964;11.0101;10.8581;10.6679;10.5293;10.308;10.0782;9.86127;9.59311;9.57898;9.50732;9.46584;9.32557;9.17382;9.00806;8.89268;8.87357;8.85477;8.84737;8.93837;8.93261;9.0385;9.2205;9.3699;9.52126;9.61993;9.75258;9.95763;10.179;10.1946;10.3485;10.5102;10.7911;10.9663;11.0739;11.1464;11.4792;11.6474;12.0052;12.2545;12.5846;12.7807;13.0727;13.4028;13.7582;13.9781;14.2889;14.7137;15",2.18078
"0.1;0.1;0.8"
25.0788,0.256631,2.74049,"20.9591;20.6785;20.7066;20.5893;20.168;19.8196;19.7035;19.4182;19.165;18.7852;18.3925;18.1551;17.9572;17.6802;17.4787;17.2056;16.8967;16.5868;16.4485;16.0712;15.753;15.4748;15.0309;14.8989;14.6212;14.2992;13.9088;13.5385;13.1278;12.6988;12.2387;11.9474;11.5614;11.1487;10.838;10.3897;9.96592;9.4903;9.05518;8.59376;8.36668;7.96285;7.61862;7.29743;6.85331;6.48773;6.14524;5.73673;5.45893;5.00293;4.59161;4.12333;3.7163;3.39777;3.12102;2.9722;2.75517;2.47217;2.28326;1.98626;1.78896;1.50433;1.42933;1.32132;1.20426;1.11396;1","14.9507;14.6018;14.1276;13.8687;13.7607;13.5204;13.392;13.1669;12.9807;12.9844;12.7718;12.6651;12.5111;12.3342;12.2384;11.9222;11.8216;11.5035;11.3447;11.1964;11.0101;10.7368;10.6679;10.5293;10.308;10.0782;9.86127;9.59311;9.44479;9.35992;9.21025;9.17382;9.00806;8.89268;8.87357;8.85477;8.84737;8.93837;8.93261;9.0385;9.2205;9.3699;9.52126;9.61993;9.75258;9.95763;10.179;10.1946;10.3485;10.5102;10.7911;10.9663;11.0739;11.1464;11.4792;11.6474;12.0052;12.2545;12.5846;12.7807;13.0727;13.4028;13.7582;13.9781;14.2889;14.7137;15",2.12561
"0.1;0.133333;0.766667"
24.9024,0.253265,2.63527,"20.9384;20.7224;20.3944;19.9996;19.9575;19.7035;19.4182;19.165;18.7852;18.3925;18.1551;17.9572;17.6802;17.4787;17.2056;16.8967;16.5868;16.2133;16.0454;15.7336;15.4748;15.0309;14.8989;14.6212;14.2992;13.9088;13.5385;13.4013;13.135;12.7054;12.2387;11.9474;11.5614;11.1487;10.838;10.3897;9.96592;9.4903;9.05518;8.59376;8.36668;7.96285;7.61862;7.29743;6.85331;6.48773;6.14524;5.73673;5.45893;5.00293;4.59161;4.12333;3.7163;3.39777;3.12102;2.9722;2.75517;2.47217;2.28326;1.98626;1.78896;1.50433;1.42933;1.32132;1.20426;1.11396;1","14.8333;14.7303;14.4515;14.2116;13.7936;13.392;13.1669;12.9807;12.9844;12.7718;12.6651;12.5111;12.3342;12.2384;11.9222;11.8216;11.5035;11.368;11.2134;10.9509;10.7368;10.6679;10.5293;10.308;10.0782;9.86127;9.59311;9.57898;9.35077;9.25083;9.21025;9.17382;9.00806;8.89268;8.87357;8.85477;8.84737;8.93837;8.93261;9.0385;9.2205;9.3699;9.52126;9.61993;9.75258;9.95763;10.179;10.1946;10.3485;10.5102;10.7911;10.9663;11.0739;11.1464;11.4792;11.6474;12.0052;12.2545;12.5846;12.7807;13.0727;13.4028;13.7582;13.9781;14.2889;14.7137;15",1.99769
"0.1;0.166667;0.733333"
24.8633,0.252049,2.62126,"20.9052;20.6785;20.3944;19.9996;19.9575;19.7035;19.4182;19.165;18.7852;18.3925;18.1551;17.9572;17.6802;17.4787;17.2056;16.8967;16.5868;16.2133;16.0454;15.7336;15.4748;15.0309;14.8989;14.6212;14.2992;13.9088;13.5385;13.135;12.7054;12.2387;11.9474;11.5614;11.1487;10.838;10.3897;9.96592;9.4903;9.00836;8.59376;8.36668;7.96285;7.61862;7.29743;6.85331;6.48773;6.14524;5.73673;5.45893;5.00293;4.59161;4.12333;3.7163;3.39777;3.12102;2.9722;2.75517;2.47217;2.28326;1.98626;1.78896;1.50433;1.42933;1.32132;1.20426;1.11396;1","14.8285;14.6018;14.4515;14.2116;13.7936;13.392;13.1669;12.9807;12.9844;12.7718;12.6651;12.5111;12.3342;12.2384;11.9222;11.8216;11.5035;11.368;11.2134;10.9509;10.7368;10.6679;10.5293;10.308;10.0782;9.86127;9.59311;9.35077;9.25083;9.21025;9.17382;9.00806;8.89268;8.87357;8.85477;8.84737;8.93837;8.91469;9.0385;9.2205;9.3699;9.52126;9.61993;9.75258;9.95763;10.179;10.1946;10.3485;10.5102;10.7911;10.9663;11.0739;11.1464;11.4792;11.6474;12.0052;12.2545;12.5846;12.7807;13.0727;13.4028;13.7582;13.9781;14.2889;14.7137;15",1.90346
"0.1;0.2;0.7"
24.8688,0.25206,2.62131,"20.9052;20.6785;20.3944;19.9996;19.9575;19.7035;19.4182;19.165;18.7852;18.3925;18.1551;17.9572;17.6802;17.4787;17.2056;16.8967;16.5868;16.2133;16.0454;15.7336;15.4748;15.0309;14.8989;14.6212;14.2992;13.9088;13.5385;13.135;12.7054;12.2387;11.9474;11.5614;11.1487;10.838;10.3897;9.96592;9.4903;9.00836;8.59376;8.36668;7.96285;7.61862;7.29743;6.85331;6.48773;6.14524;5.73673;5.45893;5.00293;4.59161;4.33134;4.29942;4.12333;3.7163;3.39777;3.12102;2.9722;2.75517;2.47217;2.28326;1.98626;1.78896;1.50433;1.42933;1.32132;1.20426;1.11396;1","14.8285;14.6018;14.4515;14.2116;13.7936;13.392;13.1669;12.9807;12.9844;12.7718;12.6651;12.5111;12.3342;12.2384;11.9222;11.8216;11.5035;11.368;11.2134;10.9509;10.7368;10.6679;10.5293;10.308;10.0782;9.86127;9.59311;9.35077;9.25083;9.21025;9.17382;9.00806;8.89268;8.87357;8.85477;8.84737;8.93837;8.91469;9.0385;9.2205;9.3699;9.52126;9.61993;9.75258;9.95763;10.179;10.1946;10.3485;10.5102;10.7911;10.8639;10.8647;10.9663;11.0739;11.1464;11.4792;11.6474;12.0052;12.2545;12.5846;12.7807;13.0727;13.4028;13.7582;13.9781;14.2889;14.7137;15",1.81286
"0.1;0.233333;0.666667"
25.0292,0.260986,2.921,"20.9591;20.6785;20.3944;19.9996;19.9575;19.5901;19.4516;19.3416;19.0789;18.7412;18.3925;18.1551;17.9572;17.6802;17.4787;17.2056;16.8967;16.5868;16.2133;16.0454;15.7336;15.3917;15.0309;14.8989;14.6212;14.2992;13.9088;13.5385;13.3176;13.0134;12.767;12.6742;12.2387;11.9474;11.5614;11.1487;10.838;10.3897;9.96592;9.4903;9.00836;8.59376;8.36668;7.96285;7.61862;7.29743;6.85331;6.48773;6.14524;5.73673;5.45893;5.00293;4.59161;4.29942;3.86681;3.7163;3.39777;3.12102;2.9722;2.75517;2.47217;2.28326;1.98626;1.78896;1.50433;1.42933;1.32132;1.20426;1.11396;1","14.9507;14.6018;14.4515;14.2116;13.7936;13.7316;13.7602;13.6059;13.3178;13.0373;12.7718;12.6651;12.5111;12.3342;12.2384;11.9222;11.8216;11.5035;11.368;11.2134;10.9509;10.8282;10.6679;10.5293;10.308;10.0782;9.86127;9.59311;9.67655;9.50732;9.32329;9.24632;9.21025;9.17382;9.00806;8.89268;8.87357;8.85477;8.84737;8.93837;8.91469;9.0385;9.2205;9.3699;9.52126;9.61993;9.75258;9.95763;10.179;10.1946;10.3485;10.5102;10.7911;10.8647;10.9798;11.0739;11.1464;11.4792;11.6474;12.0052;12.2545;12.5846;12.7807;13.0727;13.4028;13.7582;13.9781;14.2889;14.7137;15",1.87026
"0.1;0.266667;0.633333"
25.1362,0.244845,3.08743,"20.9591;20.6785;20.3944;19.9996;19.5133;19.1872;18.8809;18.521;18.1955;18.019;17.9486;17.6802;17.4787;17.2056;16.8967;16.5868;16.2133;16.0454;15.7336;15.4748;15.0309;14.8989;14.6212;14.2992;14.0837;13.8708;13.513;13.3616;13.0221;12.6345;12.1771;11.9474;11.5614;11.1487;10.838;10.3897;9.96592;9.4903;9.00836;8.59376;8.36668;7.96285;7.61862;7.29743;6.85331;6.48773;6.14524;5.73673;5.45893;5.00293;4.59161;4.29942;3.86681;3.7163;3.39777;3.12102;2.9722;2.75517;2.47217;2.28326;1.98626;1.78896;1.50433;1.42933;1.32132;1.20426;1.11396;1","14.9507;14.6018;14.4515;14.2116;14.1286;13.8195;13.6791;13.5254;13.2368;12.8922;12.6975;12.3342;12.2384;11.9222;11.8216;11.5035;11.368;11.2134;10.9509;10.7368;10.6679;10.5293;10.308;10.0782;9.84275;9.4625;9.48784;9.294;9.17589;9.09982;9.15519;9.17382;9.00806;8.89268;8.87357;8.85477;8.84737;8.93837;8.91469;9.0385;9.2205;9.3699;9.52126;9.61993;9.75258;9.95763;10.179;10.1946;10.3485;10.5102;10.7911;10.8647;10.9798;11.0739;11.1464;11.4792;11.6474;12.0052;12.2545;12.5846;12.7807;13.0727;13.4028;13.7582;13.9781;14.2889;14.7137;15",1.87168
"0.1;0.3;0.6"
24.9891,0.245057,3.08596,"20.9591;20.6785;20.3944;19.9996;19.5133;19.1872;18.8809;18.521;18.1955;18.019;17.9486;17.6802;17.4787;17.2056;16.8967;16.5868;16.2133;16.0454;15.7336;15.4748;15.0309;14.8989;14.6212;14.2992;13.9088;13.5385;13.37;13.0527;12.6345;12.1771;11.9847;11.5614;11.1487;10.838;10.3897;9.96592;9.4903;9.00836;8.59376;8.36668;7.96285;7.61862;7.29743;6.85331;6.48773;6.14524;5.73673;5.45893;5.00293;4.59161;4.29942;3.86681;3.7163;3.39777;3.12102;2.9722;2.75517;2.47217;2.28326;1.98626;1.78896;1.50433;1.42933;1.32132;1.20426;1.11396;1","14.9507;14.6018;14.4515;14.2116;14.1286;13.8195;13.6791;13.5254;13.2368;12.8922;12.6975;12.3342;12.2384;11.9222;11.8216;11.5035;11.368;11.2134;10.9509;10.7368;10.6679;10.5293;10.308;10.0782;9.86127;9.59311;9.34798;9.18607;9.09982;9.15519;9.10984;9.00806;8.89268;8.87357;8.85477;8.84737;8.93837;8.91469;9.0385;9.2205;9.3699;9.52126;9.61993;9.75258;9.95763;10.179;10.1946;10.3485;10.5102;10.7911;10.8647;10.9798;11.0739;11.1464;11.4792;11.6474;12.0052;12.2545;12.5846;12.7807;13.0727;13.4028;13.7582;13.9781;14.2889;14.7137;15",1.76687
"0.1;0.333333;0.566667"
25.0091,0.246465,3.08616,"20.9591;20.6785;20.3944;19.9996;19.5133;19.1872;18.8809;18.521;18.1955;18.019;17.9486;17.6802;17.4787;17.2056;16.8967;16.5868;16.2133;16.0454;15.7336;15.4748;15.0309;14.8989;14.6212;14.3952;14.1347;13.9088;13.5385;13.37;13.0527;12.6345;12.1771;11.9847;11.5614;11.1487;10.838;10.3897;9.96592;9.4903;9.00836;8.59376;8.36668;7.96285;7.61862;7.29743;6.85331;6.48773;6.14524;5.73673;5.45893;5.00293;4.59161;4.29942;4.19679;3.86681;3.7163;3.39777;3.12102;2.9722;2.75517;2.47217;2.28326;1.98626;1.78896;1.50433;1.42933;1.32132;1.20426;1.11396;1","14.9507;14.6018;14.4515;14.2116;14.1286;13.8195;13.6791;13.5254;13.2368;12.8922;12.6975;12.3342;12.2384;11.9222;11.8216;11.5035;11.368;11.2134;10.9509;10.7368;10.6679;10.5293;10.308;10.2511;10.0348;9.86127;9.59311;9.34798;9.18607;9.09982;9.15519;9.10984;9.00806;8.89268;8.87357;8.85477;8.84737;8.93837;8.91469;9.0385;9.2205;9.3699;9.52126;9.61993;9.75258;9.95763;10.179;10.1946;10.3485;10.5102;10.7911;10.8647;10.8612;10.9798;11.0739;11.1464;11.4792;11.6474;12.0052;12.2545;12.5846;12.7807;13.0727;13.4028;13.7582;13.9781;14.2889;14.7137;15",1.66304
"0.1;0.366667;0.533333"
25.166,0.239082,2.86523,"20.9591;20.6371;20.2976;20.0774;19.8566;19.6809;19.4516;19.3416;19.0789;18.7412;18.3925;18.1551;17.9572;17.6802;17.4787;17.2056;16.8967;16.5868;16.2133;16.0454;15.7336;15.276;15.0309;14.8989;14.6212;14.5145;14.2788;13.8708;13.513;13.3616;13.0221;12.6345;12.1771;11.9847;11.5614;11.1487;10.838;10.3897;9.96592;9.4903;9.00836;8.59376;8.36668;7.96285;7.61862;7.29743;6.85331;6.48773;6.14524;5.73673;5.45893;5.00293;4.59161;4.29942;4.19679;3.86681;3.7163;3.39777;3.12102;2.9722;2.75517;2.47217;2.28326;1.98626;1.78896;1.50433;1.42933;1.32132;1.20426;1.11396;1","14.9507;14.8719;14.7827;14.6902;14.4177;14.055;13.7602;13.6059;13.3178;13.0373;12.7718;12.6651;12.5111;12.3342;12.2384;11.9222;11.8216;11.5035;11.368;11.2134;10.9509;10.8581;10.6679;10.5293;10.308;9.82975;9.63703;9.4625;9.48784;9.294;9.17589;9.09982;9.15519;9.10984;9.00806;8.89268;8.87357;8.85477;8.84737;8.93837;8.91469;9.0385;9.2205;9.3699;9.52126;9.61993;9.75258;9.95763;10.179;10.1946;10.3485;10.5102;10.7911;10.8647;10.8612;10.9798;11.0739;11.1464;11.4792;11.6474;12.0052;12.2545;12.5846;12.7807;13.0727;13.4028;13.7582;13.9781;14.2889;14.7137;15",1.44864
"0.1;0.4;0.5"
25.0717,0.258986,2.86429,"20.9591;20.6371;20.2976;20.0774;19.8566;19.6809;19.4516;19.3416;19.0789;18.7412;18.3925;18.1551;17.9125;17.6802;17.4787;17.2056;16.8967;16.5868;16.2133;16.0454;15.7336;15.3917;15.0111;14.6212;14.3952;14.1347;13.9088;13.5385;13.3616;13.0379;12.767;12.4834;12.1771;11.9847;11.5614;11.1487;10.838;10.3897;9.96592;9.4903;9.00836;8.59376;8.36668;7.96285;7.61862;7.29743;6.85331;6.48773;6.14524;5.73673;5.45893;5.00293;4.59161;4.29942;4.19679;3.86681;3.7163;3.39777;3.12102;2.9722;2.75517;2.47217;2.28326;1.98626;1.78896;1.50433;1.42933;1.32132;1.20426;1.11396;1","14.9507;14.8719;14.7827;14.6902;14.4177;14.055;13.7602;13.6059;13.3178;13.0373;12.7718;12.6651;12.5343;12.3342;12.2384;11.9222;11.8216;11.5035;11.368;11.2134;10.9509;10.8282;10.5586;10.308;10.2511;10.0348;9.86127;9.59311;9.294;9.49828;9.32329;9.30424;9.15519;9.10984;9.00806;8.89268;8.87357;8.85477;8.84737;8.93837;8.91469;9.0385;9.2205;9.3699;9.52126;9.61993;9.75258;9.95763;10.179;10.1946;10.3485;10.5102;10.7911;10.8647;10.8612;10.9798;11.0739;11.1464;11.4792;11.6474;12.0052;12.2545;12.5846;12.7807;13.0727;13.4028;13.7582;13.9781;14.2889;14.7137;15",1.35162
"0.1;0.433333;0.466667"
25.3681,0.252384,3.18292,"20.9591;20.6371;20.2976;19.8503;19.6138;19.3005;19.0288;18.6687;18.4741;18.1697;18.019;17.9486;17.6802;17.4787;17.2056;16.8967;16.5868;16.2133;16.0454;15.7336;15.4748;15.0111;14.6212;14.5145;14.2373;13.8708;13.513;13.3616;13.0379;12.767;12.4834;12.1771;11.9847;11.5614;11.1487;10.838;10.3897;9.96592;9.4903;9.00836;8.59376;8.36668;7.96285;7.61862;7.29743;6.85331;6.48773;6.14524;5.73673;5.45893;5.00293;4.59161;4.33134;3.99681;3.82294;3.57138;3.20094;3.04787;2.78875;2.43508;2.24964;2.0761;1.81933;1.71485;1.56797;1.40899;1.24828;1","14.9507;14.8719;14.7827;14.7655;14.5432;14.469;14.2175;13.9253;13.6554;13.3301;12.8922;12.6975;12.3342;12.2384;11.9222;11.8216;11.5035;11.368;11.2134;10.9509;10.7368;10.5586;10.308;9.82975;9.60288;9.4625;9.48784;9.294;9.49828;9.32329;9.30424;9.15519;9.10984;9.00806;8.89268;8.87357;8.85477;8.84737;8.93837;8.91469;9.0385;9.2205;9.3699;9.52126;9.61993;9.75258;9.95763;10.179;10.1946;10.3485;10.5102;10.7911;10.8639;11.0718;11.3704;11.6111;11.9469;12.3553;12.503;12.6628;12.7808;12.7874;13.1522;13.6412;14.0659;14.3343;14.6596;15",1.39315
"0.1;0.466667;0.433333"
25.2025,0.251249,2.87938,"20.9591;20.6371;20.2976;20.0774;19.8566;19.6809;19.4516;19.3416;19.0789;18.7412;18.3925;18.1551;17.9572;17.6802;17.4787;17.2056;16.8967;16.5868;16.4485;16.0712;15.7336;15.4748;15.0111;14.6212;14.5145;14.2373;13.8708;13.513;13.3616;13.0379;12.767;12.4834;12.1771;11.9847;11.5614;11.1487;10.838;10.3897;9.96592;9.4903;9.00836;8.59376;8.36668;7.96285;7.61862;7.29743;6.85331;6.48773;6.14524;5.73673;5.45893;5.00293;4.59161;4.33134;3.99681;3.82294;3.57138;3.20094;3.04787;2.78875;2.43508;2.24964;2.0761;1.81933;1.71485;1.56797;1.40899;1.24828;1","14.9507;14.8719;14.7827;14.6902;14.4177;14.055;13.7602;13.6059;13.3178;13.0373;12.7718;12.6651;12.5111;12.3342;12.2384;11.9222;11.8216;11.5035;11.3447;11.1964;10.9509;10.7368;10.5586;10.308;9.82975;9.60288;9.4625;9.48784;9.294;9.49828;9.32329;9.30424;9.15519;9.10984;9.00806;8.89268;8.87357;8.85477;8.84737;8.93837;8.91469;9.0385;9.2205;9.3699;9.52126;9.61993;9.75258;9.95763;10.179;10.1946;10.3485;10.5102;10.7911;10.8639;11.0718;11.3704;11.6111;11.9469;12.3553;12.503;12.6628;12.7808;12.7874;13.1522;13.6412;14.0659;14.3343;14.6596;15",1.16457
"0.1;0.5;0.4"
25.2798,0.252513,2.88015,"20.9591;20.6371;20.2976;20.0774;19.8566;19.6809;19.4516;19.3416;19.0789;18.7412;18.3925;18.1551;17.9572;17.6802;17.4787;17.2056;16.7278;16.2975;16.2133;16.0712;15.9925;15.7336;15.3917;15.0111;14.6212;14.5145;14.2373;14.1182;13.8708;13.513;13.3616;13.0379;12.767;12.4834;12.1771;11.9847;11.5614;11.1487;10.838;10.3897;9.96592;9.4903;9.00836;8.59376;8.36668;7.96285;7.61862;7.29743;6.85331;6.48773;6.14524;5.73673;5.45893;5.00293;4.90665;4.59161;4.33134;3.99681;3.82294;3.57138;3.20094;3.04787;2.78875;2.43508;2.0761;1.81933;1.71485;1.56797;1.40899;1.24828;1","14.9507;14.8719;14.7827;14.6902;14.4177;14.055;13.7602;13.6059;13.3178;13.0373;12.7718;12.6651;12.5111;12.3342;12.2384;11.9222;11.7749;11.5202;11.368;11.1964;11.124;10.9509;10.8282;10.5586;10.308;9.82975;9.60288;9.46278;9.4625;9.48784;9.294;9.49828;9.32329;9.30424;9.15519;9.10984;9.00806;8.89268;8.87357;8.85477;8.84737;8.93837;8.91469;9.0385;9.2205;9.3699;9.52126;9.61993;9.75258;9.95763;10.179;10.1946;10.3485;10.5102;10.4834;10.7911;10.8639;11.0718;11.3704;11.6111;11.9469;12.3553;12.503;12.6628;12.7874;13.1522;13.6412;14.0659;14.3343;14.6596;15",1.0678
"0.1;0.533333;0.366667"
25.5862,0.227887,2.53432,"20.9591;20.6785;20.7066;20.4888;20.1938;20.0322;19.7671;19.4987;19.1792;18.8566;18.5875;18.2424;17.9631;17.7535;17.4988;17.0871;16.7495;16.5139;16.1305;15.897;15.5299;15.2403;14.8695;14.4765;14.1924;13.7192;13.3616;13.0379;12.7054;12.5946;12.1771;11.9847;11.5614;11.1487;10.838;10.3897;9.96592;9.4903;9.05518;8.59376;8.36668;7.96285;7.61862;7.29743;6.85331;6.48773;6.14524;5.73673;5.45893;5.00293;4.90665;4.59161;4.33134;3.99681;3.82294;3.57138;3.20094;3.04787;2.78875;2.43508;2.0761;1.81933;1.71485;1.56797;1.40899;1.24828;1","14.9507;14.6018;14.1276;13.6863;13.4288;13.2682;13.0449;12.6836;12.3149;12.1981;12.0612;11.7997;11.5862;11.4402;11.231;11.1602;10.8908;10.684;10.4562;10.3163;10.0144;9.73908;9.54615;9.25513;9.16813;9.0323;9.294;9.49828;9.25083;9.11461;9.15519;9.10984;9.00806;8.89268;8.87357;8.85477;8.84737;8.93837;8.93261;9.0385;9.2205;9.3699;9.52126;9.61993;9.75258;9.95763;10.179;10.1946;10.3485;10.5102;10.4834;10.7911;10.8639;11.0718;11.3704;11.6111;11.9469;12.3553;12.503;12.6628;12.7874;13.1522;13.6412;14.0659;14.3343;14.6596;15",0.855455
"0.1;0.566667;0.333333"
25.5451,0.256031,3.30167,"21.0278;20.6371;20.1476;20.029;19.8566;19.5113;19.1872;18.8809;18.521;18.1955;17.8653;17.6003;17.2724;17.1113;16.8967;16.5868;16.375;15.9925;15.7336;15.3917;15.0111;14.6212;14.5145;14.2788;13.8708;13.513;13.3176;13.0134;12.7054;12.5946;12.1771;12.0447;11.5614;11.1487;10.838;10.3897;9.96592;9.4903;9.20018;8.76646;8.59376;8.36668;7.96285;7.61862;7.29743;6.85331;6.48773;6.14524;5.73673;5.45893;5.00293;4.90665;4.59161;4.33134;3.99681;3.82294;3.57138;3.20094;3.04787;2.78875;2.43508;2.0761;1.81933;1.71485;1.56797;1.40899;1.24828;1","15.0532;14.8719;14.8736;14.5077;14.4177;14.187;13.8195;13.6791;13.5254;13.2368;13.0161;12.8535;12.5105;12.0989;11.8216;11.5035;11.2379;11.124;10.9509;10.8282;10.5586;10.308;9.82975;9.63703;9.4625;9.48784;9.67655;9.50732;9.25083;9.11461;9.15519;9.13361;9.00806;8.89268;8.87357;8.85477;8.84737;8.93837;8.97943;8.91294;9.0385;9.2205;9.3699;9.52126;9.61993;9.75258;9.95763;10.179;10.1946;10.3485;10.5102;10.4834;10.7911;10.8639;11.0718;11.3704;11.6111;11.9469;12.3553;12.503;12.6628;12.7874;13.1522;13.6412;14.0659;14.3343;14.6596;15",0.999501
"0.1;0.6;0.3"
25.4363,0.255426,3.25047,"20.9591;20.6371;20.2976;20.0774;19.8566;19.6809;19.1855;18.8809;18.521;18.1955;17.8653;17.6003;17.2724;17.1113;16.8967;16.5868;16.375;15.9925;15.7336;15.3917;15.0111;14.6212;14.5145;14.2788;13.8708;13.513;13.3176;13.0134;12.7054;12.5946;12.1771;12.0447;11.5614;11.1487;10.838;10.3897;9.96592;9.4903;9.20018;8.76646;8.59376;8.36668;7.96285;7.61862;7.29743;6.85331;6.48773;6.14524;5.73673;5.45893;5.00293;4.90665;4.43169;4.1485;3.7163;3.39777;3.12102;2.9722;2.75517;2.47217;2.28326;2.0761;1.81933;1.71485;1.56797;1.40899;1.24828;1","14.9507;14.8719;14.7827;14.6902;14.4177;14.055;14.0349;13.6791;13.5254;13.2368;13.0161;12.8535;12.5105;12.0989;11.8216;11.5035;11.2379;11.124;10.9509;10.8282;10.5586;10.308;9.82975;9.63703;9.4625;9.48784;9.67655;9.50732;9.25083;9.11461;9.15519;9.13361;9.00806;8.89268;8.87357;8.85477;8.84737;8.93837;8.97943;8.91294;9.0385;9.2205;9.3699;9.52126;9.61993;9.75258;9.95763;10.179;10.1946;10.3485;10.5102;10.4834;10.619;10.8374;11.0739;11.1464;11.4792;11.6474;12.0052;12.2545;12.5846;12.7874;13.1522;13.6412;14.0659;14.3343;14.6596;15",0.875335
"0.1;0.633333;0.266667"
25.381,0.240475,3.20871,"20.9591;20.6371;20.2976;20.0774;19.6138;19.3005;19.0288;18.6687;18.4741;18.1697;17.8653;17.7023;17.4163;16.9678;16.7772;16.7278;16.2975;16.2133;16.0712;15.9925;15.7336;15.3917;15.0111;14.6212;14.5145;14.2788;13.8697;13.513;13.3616;13.0221;12.5789;12.1029;11.9765;11.5614;11.1487;10.838;10.3897;9.96592;9.4903;9.42371;9.05518;8.59376;8.36668;7.96285;7.61862;7.29743;6.85331;6.48773;6.14524;5.73673;5.45893;5.00293;4.90665;4.43169;4.1485;3.7163;3.39777;3.12102;2.9722;2.75517;2.47217;2.28326;2.0761;1.81933;1.71485;1.56797;1.40899;1.24828;1","14.9507;14.8719;14.7827;14.6902;14.5432;14.469;14.2175;13.9253;13.6554;13.3301;13.0161;12.8926;12.6695;12.4541;12.2484;11.7749;11.5202;11.368;11.1964;11.124;10.9509;10.8282;10.5586;10.308;9.82975;9.63703;9.41882;9.48784;9.294;9.17589;9.04197;8.98239;9.13258;9.00806;8.89268;8.87357;8.85477;8.84737;8.93837;8.85538;8.93261;9.0385;9.2205;9.3699;9.52126;9.61993;9.75258;9.95763;10.179;10.1946;10.3485;10.5102;10.4834;10.619;10.8374;11.0739;11.1464;11.4792;11.6474;12.0052;12.2545;12.5846;12.7874;13.1522;13.6412;14.0659;14.3343;14.6596;15",0.756176
"0.1;0.666667;0.233333"
25.9161,0.218802,3.1657,"20.9591;20.6371;20.2976;20.0774;19.6138;19.3005;19.0288;18.6687;18.5555;18.1955;17.9555;17.9056;17.7504;17.7053;17.6759;17.4988;17.0813;16.7835;16.5139;16.1305;15.897;15.5299;15.2403;14.8695;14.4765;14.1924;13.7192;13.3616;13.0221;12.5789;12.1029;11.9765;11.5614;11.1487;10.7372;10.3897;9.96592;9.4903;9.00836;8.59376;8.36668;7.96285;7.61862;7.29743;6.85331;6.48773;6.14524;5.73673;5.45893;5.00293;4.59161;4.1485;3.86681;3.39777;3.12102;2.9722;2.75517;2.47217;2.28326;1.98626;1.81933;1.71485;1.56797;1.40899;1.24828;1","14.9507;14.8719;14.7827;14.6902;14.5432;14.469;14.2175;13.9253;13.5739;13.2368;12.8595;12.3861;12.2371;11.9073;11.627;11.231;11.3215;11.0896;10.684;10.4562;10.3163;10.0144;9.73908;9.54615;9.25513;9.16813;9.0323;9.294;9.17589;9.04197;8.98239;9.13258;9.00806;8.89268;8.84471;8.85477;8.84737;8.93837;8.91469;9.0385;9.2205;9.3699;9.52126;9.61993;9.75258;9.95763;10.179;10.1946;10.3485;10.5102;10.7911;10.8374;10.9798;11.1464;11.4792;11.6474;12.0052;12.2545;12.5846;12.7807;13.1522;13.6412;14.0659;14.3343;14.6596;15",0.639548
"0.1;0.7;0.2"
26.1402,0.218549,3.21931,"21.0278;20.6371;20.2976;20.0774;19.6138;19.5113;19.1872;18.8809;18.521;18.1955;17.9555;17.9056;17.7504;17.7053;17.6759;17.4988;17.0813;16.7835;16.5139;16.1305;15.9748;15.6313;15.2403;14.8695;14.4765;14.1924;13.7192;13.3616;13.0221;12.5789;12.1029;11.9765;11.5614;11.1487;10.7372;10.3897;9.96592;9.4903;9.00836;8.59376;8.36668;7.96285;7.61862;7.29743;6.85331;6.48773;6.14524;5.73673;5.45893;5.00293;4.59161;4.1485;3.86681;3.39777;3.12102;2.9722;2.75517;2.47217;2.28326;1.98626;1.81933;1.71485;1.56797;1.40899;1.24828;1","15.0532;14.8719;14.7827;14.6902;14.5432;14.187;13.8195;13.6791;13.5254;13.2368;12.8595;12.3861;12.2371;11.9073;11.627;11.231;11.3215;11.0896;10.684;10.4562;10.0122;9.8102;9.73908;9.54615;9.25513;9.16813;9.0323;9.294;9.17589;9.04197;8.98239;9.13258;9.00806;8.89268;8.84471;8.85477;8.84737;8.93837;8.91469;9.0385;9.2205;9.3699;9.52126;9.61993;9.75258;9.95763;10.179;10.1946;10.3485;10.5102;10.7911;10.8374;10.9798;11.1464;11.4792;11.6474;12.0052;12.2545;12.5846;12.7807;13.1522;13.6412;14.0659;14.3343;14.6596;15",0.541552
"0.1;0.733333;0.166667"
25.7078,0.242118,3.23352,"20.9591;20.6371;20.2976;20.0774;19.6138;19.3005;19.0288;18.6687;18.5555;18.1955;17.8653;17.7023;17.4163;17.2724;16.9224;16.8967;16.5868;16.375;15.9925;15.6977;15.3917;15.0111;14.6212;14.5145;14.2373;13.8708;13.7192;13.3616;13.0221;12.5789;12.1029;11.9474;11.5614;11.1487;10.7372;10.3897;9.96592;9.4903;9.00836;8.59376;8.36668;7.96285;7.61862;7.29743;6.85331;6.48773;6.14524;5.73673;5.45893;5.00293;4.59161;4.1485;3.86681;3.39777;3.12102;2.9722;2.75517;2.47217;2.28326;2.0761;1.81933;1.71485;1.56797;1.40899;1.24828;1","14.9507;14.8719;14.7827;14.6902;14.5432;14.469;14.2175;13.9253;13.5739;13.2368;13.0161;12.8926;12.6695;12.5105;12.3038;11.8216;11.5035;11.2379;11.124;11.0101;10.8282;10.5586;10.308;9.82975;9.60288;9.4625;9.0323;9.294;9.17589;9.04197;8.98239;9.17382;9.00806;8.89268;8.84471;8.85477;8.84737;8.93837;8.91469;9.0385;9.2205;9.3699;9.52126;9.61993;9.75258;9.95763;10.179;10.1946;10.3485;10.5102;10.7911;10.8374;10.9798;11.1464;11.4792;11.6474;12.0052;12.2545;12.5846;12.7874;13.1522;13.6412;14.0659;14.3343;14.6596;15",0.435407
"0.1;0.766667;0.133333"
25.6716,0.166372,2.58075,"20.9052;20.6785;20.7066;20.5893;20.168;19.8196;19.6745;19.5148;19.3939;19.0497;18.8566;18.7608;18.5746;18.2846;18.1203;17.845;17.4518;17.1225;16.7997;16.3678;15.9748;15.6313;15.2403;14.8695;14.585;14.1924;13.7192;13.4457;13.0308;12.5649;12.2734;11.8137;11.6968;11.2697;10.796;10.3231;10.2331;9.96592;9.4903;9.00836;8.59376;8.36668;7.96285;7.61862;7.29743;6.85331;6.48773;6.14524;5.73673;5.45893;5.00293;4.59161;4.1485;3.86681;3.39777;3.12102;2.9722;2.75517;2.47217;2.28326;2.0761;1.81933;1.71485;1.56797;1.40899;1.24828;1","14.8285;14.6018;14.1276;13.8687;13.7607;13.5204;13.1699;12.8693;12.6948;12.3739;12.1981;11.9515;11.528;11.3771;11.2625;10.9285;10.6624;10.311;10.1995;10.007;10.0122;9.8102;9.73908;9.54615;9.41052;9.16813;9.0323;9.00715;8.76841;8.61106;8.55118;8.43517;8.4935;8.31792;8.47101;8.62714;8.64884;8.84737;8.93837;8.91469;9.0385;9.2205;9.3699;9.52126;9.61993;9.75258;9.95763;10.179;10.1946;10.3485;10.5102;10.7911;10.8374;10.9798;11.1464;11.4792;11.6474;12.0052;12.2545;12.5846;12.7874;13.1522;13.6412;14.0659;14.3343;14.6596;15",0.267873
"0.1;0.8;0.1"
25.7227,0.169429,2.88465,"20.9591;20.6371;20.2976;20.0774;19.8566;19.6809;19.4516;19.3416;19.0789;18.7412;18.3925;18.1236;17.7504;17.6008;17.1352;17.0813;16.7835;16.4734;16.1305;15.897;15.5299;15.2403;14.8695;14.585;14.1924;13.7192;13.4457;13.0308;12.5649;12.2734;11.8137;11.6968;11.2697;10.796;10.3231;9.90946;9.65488;9.42371;9.09316;8.59376;8.36668;7.96285;7.61862;7.29743;6.85331;6.48773;6.14524;5.73673;5.45893;5.00293;4.59161;4.1485;3.86681;3.39777;3.12102;2.9722;2.75517;2.47217;2.28326;2.0761;1.81933;1.71485;1.62604;1.56797;1.40899;1.24828;1","14.9507;14.8719;14.7827;14.6902;14.4177;14.055;13.7602;13.6059;13.3178;13.0373;12.7718;12.5243;12.2371;11.9396;11.7795;11.3215;11.0896;10.787;10.4562;10.3163;10.0144;9.73908;9.54615;9.41052;9.16813;9.0323;9.00715;8.76841;8.61106;8.55118;8.43517;8.4935;8.31792;8.47101;8.62714;8.44499;8.4518;8.85538;9.06289;9.0385;9.2205;9.3699;9.52126;9.61993;9.75258;9.95763;10.179;10.1946;10.3485;10.5102;10.7911;10.8374;10.9798;11.1464;11.4792;11.6474;12.0052;12.2545;12.5846;12.7874;13.1522;13.6412;13.8805;14.0659;14.3343;14.6596;15",0.194446
"0.1;0.833333;0.0666667"
22.1704,0.219499,11.0852,"21.0021;20.6371;20.1476;19.8503;19.4047;19.0145;18.7129;18.6548;18.172;17.7561;17.4388;17.0071;16.7006;16.3025;15.8769;15.5854;15.2362;14.8381;14.6288;14.3105;13.9554;13.815;13.5599;13.2759;12.8223;12.4882;12.0459;11.7704;11.3691;10.9959;10.6001;10.4831;10.0764;9.78495;9.36506;8.91723;8.45724;8.17491;7.88754;7.49782;7.27595;6.89851;6.76183;6.34229;5.98186;5.75803;5.41296;4.9235;4.56701;4.11057;3.65422;3.50753;3.23682;3.02224;2.77497;2.4487;2.16262;1.70477;1.39947;1","15.1397;14.8719;14.8736;14.7655;14.8893;15.1486;15.4278;15.5139;15.5995;15.515;15.4627;15.3774;15.3204;15.4715;15.3719;15.4745;15.5004;15.408;15.5183;15.6015;15.6744;15.9528;16.1209;16.4104;16.6151;16.7894;16.9607;17.234;17.4617;17.4869;17.5984;17.6288;17.6946;17.7005;17.5218;17.455;17.3873;17.037;16.9737;16.7983;16.7012;16.4217;16.4323;16.351;16.1439;16.3476;16.5091;16.4983;16.3621;16.2118;16.0511;15.8873;15.7488;15.4451;15.4104;15.2367;15.0475;15.0703;14.9914;15",0.371834
"0.1;0.866667;0.0333333"
24.3444,0.0597285,12.1722,"21.1085;21.5373;21.6788;21.4026;21.0658;20.7788;20.615;20.199;19.8025;19.3828;18.9722;18.5147;18.2323;17.8616;17.5784;17.0997;16.9526;16.4847;16.1745;15.9638;15.5085;15.1027;14.6542;14.5093;14.1504;13.8042;13.3663;12.9409;12.5548;12.1816;11.8264;11.4165;10.9328;10.6224;10.2617;9.93864;9.52723;9.2182;8.90526;8.44499;8.0247;7.80398;7.51817;7.20511;6.79464;6.56079;6.23747;6.01488;5.78191;5.42853;5.02079;4.9235;4.56701;4.11057;3.65422;3.50753;3.23682;3.02224;2.77497;2.4487;2.16262;1.70477;1.39947;1","15.0071;15.2547;15.5093;15.8747;16.1424;16.4987;16.8221;16.9627;16.8215;16.6907;16.8419;16.9234;17.1119;17.3614;17.6514;17.7532;17.6927;17.72;17.968;17.9367;18.1059;18.3691;18.5828;18.4935;18.5089;18.3139;18.3625;18.506;18.7752;18.8322;18.8689;18.9082;18.9276;19.0236;19.079;19.157;19.0713;19.0136;18.7628;18.8613;18.5917;18.622;18.3373;18.1896;17.9171;17.7672;17.6106;17.3363;17.1329;16.8145;16.5917;16.4983;16.3621;16.2118;16.0511;15.8873;15.7488;15.4451;15.4104;15.2367;15.0475;15.0703;14.9914;15",0.0538283
"0.1;0.9;0"
24.8943,3.63526,2.77746,"20.9591;20.6785;20.7066;20.5893;20.168;19.8196;19.7035;19.4182;19.0426;18.7852;18.3925;18.1551;17.9572;17.6802;17.4787;17.2056;16.8967;16.6298;16.2975;15.9875;15.6977;15.276;15.0309;14.8989;14.6212;14.2992;13.9088;13.5385;13.4013;13.0134;12.767;12.4307;12.1225;11.6888;11.3632;10.9353;10.4613;10.0993;9.61539;9.15539;8.86393;8.61094;8.20649;7.83069;7.4296;7.2764;6.9552;6.70115;6.44792;6.17447;5.73777;5.46687;5.07726;4.88621;4.46345;4.07456;4.07286;3.73416;3.42507;3.04787;2.78875;2.43508;1.98626;1.78896;1.50433;1.42933;1.32132;1.20426;1.11396;1","14.9507;14.6018;14.1276;13.8687;13.7607;13.5204;13.392;13.1669;12.9632;12.9844;12.7718;12.6651;12.5111;12.3342;12.2384;11.9222;11.8216;11.665;11.5202;11.2519;11.0101;10.8581;10.6679;10.5293;10.308;10.0782;9.86127;9.59311;9.57898;9.50732;9.32329;9.45961;9.47014;9.46262;9.64979;9.89159;9.91842;10.0121;10.0156;9.8962;9.78401;9.75268;9.84639;10.0275;10.1682;10.4394;10.4621;10.5124;10.6387;10.7238;10.8113;11.056;11.1624;11.1951;11.2221;11.5059;11.7651;11.8912;12.127;12.3553;12.503;12.6628;12.7807;13.0727;13.4028;13.7582;13.9781;14.2889;14.7137;15",2.4349
"0.133333;0;0.866667"
25.0377,0.267327,2.74008,"20.9591;20.6785;20.7066;20.5893;20.168;19.8196;19.7035;19.4182;19.165;18.9022;18.444;18.1236;17.6802;17.4787;17.2056;16.8967;16.5868;16.2133;16.0454;15.753;15.4167;15.0111;14.6212;14.2992;13.9088;13.5385;13.4013;13.0134;12.6001;12.2309;11.9474;11.5614;11.1487;10.838;10.3897;9.96592;9.4903;9.05518;8.59376;8.36668;7.96285;7.61862;7.29743;6.85331;6.48773;6.14524;5.73673;5.45893;5.00293;4.59161;4.29942;3.86681;3.7163;3.39777;3.12102;2.9722;2.75517;2.47217;2.28326;1.98626;1.78896;1.50433;1.42933;1.32132;1.20426;1.11396;1","14.9507;14.6018;14.1276;13.8687;13.7607;13.5204;13.392;13.1669;12.9807;12.7404;12.5402;12.5243;12.3342;12.2384;11.9222;11.8216;11.5035;11.368;11.2134;11.0101;10.7561;10.5586;10.308;10.0782;9.86127;9.59311;9.57898;9.50732;9.46584;9.32557;9.17382;9.00806;8.89268;8.87357;8.85477;8.84737;8.93837;8.93261;9.0385;9.2205;9.3699;9.52126;9.61993;9.75258;9.95763;10.179;10.1946;10.3485;10.5102;10.7911;10.8647;10.9798;11.0739;11.1464;11.4792;11.6474;12.0052;12.2545;12.5846;12.7807;13.0727;13.4028;13.7582;13.9781;14.2889;14.7137;15",2.3101
"0.133333;0.0333333;0.833333"
25.0445,0.267431,2.74015,"20.9591;20.6785;20.7066;20.5893;20.168;19.8196;19.7035;19.4182;19.165;18.7852;18.3925;18.1551;17.9572;17.6802;17.4787;17.2056;16.8967;16.5868;16.2133;16.0454;15.753;15.4167;15.0111;14.6212;14.2992;13.9088;13.5385;13.4013;13.0134;12.6001;12.2309;11.9474;11.5614;11.1487;10.838;10.3897;9.96592;9.4903;9.05518;8.59376;8.36668;7.96285;7.61862;7.29743;6.85331;6.48773;6.14524;5.73673;5.45893;5.00293;4.59161;4.29942;3.86681;3.7163;3.39777;3.12102;2.9722;2.75517;2.47217;2.28326;1.98626;1.78896;1.50433;1.42933;1.32132;1.20426;1.11396;1","14.9507;14.6018;14.1276;13.8687;13.7607;13.5204;13.392;13.1669;12.9807;12.9844;12.7718;12.6651;12.5111;12.3342;12.2384;11.9222;11.8216;11.5035;11.368;11.2134;11.0101;10.7561;10.5586;10.308;10.0782;9.86127;9.59311;9.57898;9.50732;9.46584;9.32557;9.17382;9.00806;8.89268;8.87357;8.85477;8.84737;8.93837;8.93261;9.0385;9.2205;9.3699;9.52126;9.61993;9.75258;9.95763;10.179;10.1946;10.3485;10.5102;10.7911;10.8647;10.9798;11.0739;11.1464;11.4792;11.6474;12.0052;12.2545;12.5846;12.7807;13.0727;13.4028;13.7582;13.9781;14.2889;14.7137;15",2.21775
"0.133333;0.0666667;0.8"
25.0359,0.267421,2.77888,"20.9591;20.6785;20.7066;20.5893;20.168;19.8196;19.7035;19.4182;19.0426;18.7852;18.3925;18.1551;17.9572;17.6802;17.4787;17.2056;16.8967;16.5868;16.2133;16.0454;15.753;15.4167;15.0111;14.6212;14.2992;13.9088;13.5385;13.4013;13.0134;12.6001;12.2309;11.9474;11.5614;11.1487;10.838;10.3897;9.96592;9.4903;9.05518;8.59376;8.36668;7.96285;7.61862;7.29743;6.85331;6.48773;6.14524;5.73673;5.45893;5.00293;4.59161;4.29942;3.86681;3.7163;3.39777;3.12102;2.9722;2.75517;2.47217;2.28326;1.98626;1.78896;1.50433;1.42933;1.32132;1.20426;1.11396;1","14.9507;14.6018;14.1276;13.8687;13.7607;13.5204;13.392;13.1669;12.9632;12.9844;12.7718;12.6651;12.5111;12.3342;12.2384;11.9222;11.8216;11.5035;11.368;11.2134;11.0101;10.7561;10.5586;10.308;10.0782;9.86127;9.59311;9.57898;9.50732;9.46584;9.32557;9.17382;9.00806;8.89268;8.87357;8.85477;8.84737;8.93837;8.93261;9.0385;9.2205;9.3699;9.52126;9.61993;9.75258;9.95763;10.179;10.1946;10.3485;10.5102;10.7911;10.8647;10.9798;11.0739;11.1464;11.4792;11.6474;12.0052;12.2545;12.5846;12.7807;13.0727;13.4028;13.7582;13.9781;14.2889;14.7137;15",2.15504
"0.133333;0.1;0.766667"
24.8438,0.272949,3.16749,"20.9591;20.6785;20.3944;19.9996;19.5133;19.1872;18.8809;18.521;18.1955;17.8653;17.7023;17.4163;16.9678;16.6035;16.2626;15.9984;15.8704;15.6977;15.276;15.0309;14.8989;14.6212;14.2992;13.9088;13.5385;13.4013;13.0134;12.6001;12.2309;11.9474;11.5614;11.1487;10.838;10.3897;9.96592;9.4903;9.05518;8.59376;8.36668;7.96285;7.61862;7.29743;6.85331;6.48773;6.14524;5.73673;5.45893;5.00293;4.59161;4.33134;3.86681;3.7163;3.39777;3.12102;2.9722;2.75517;2.47217;2.28326;1.98626;1.78896;1.50433;1.42933;1.32132;1.20426;1.11396;1","14.9507;14.6018;14.4515;14.2116;14.1286;13.8195;13.6791;13.5254;13.2368;13.0161;12.8926;12.6695;12.4541;12.1167;11.8776;11.746;11.3605;11.0101;10.8581;10.6679;10.5293;10.308;10.0782;9.86127;9.59311;9.57898;9.50732;9.46584;9.32557;9.17382;9.00806;8.89268;8.87357;8.85477;8.84737;8.93837;8.93261;9.0385;9.2205;9.3699;9.52126;9.61993;9.75258;9.95763;10.179;10.1946;10.3485;10.5102;10.7911;10.8639;10.9798;11.0739;11.1464;11.4792;11.6474;12.0052;12.2545;12.5846;12.7807;13.0727;13.4028;13.7582;13.9781;14.2889;14.7137;15",2.34632
"0.133333;0.133333;0.733333"
24.8822,0.268991,3.16788,"20.9591;20.6785;20.3944;19.9996;19.5133;19.1872;18.8809;18.521;18.1955;17.8653;17.7023;17.4163;16.9678;16.6035;16.2626;15.9896;15.8704;15.753;15.4748;15.0309;14.8989;14.6212;14.2992;13.9088;13.5385;13.4013;13.0134;12.6001;12.2387;11.9474;11.5614;11.1487;10.838;10.3897;9.96592;9.4903;9.05518;8.59376;8.36668;7.96285;7.61862;7.29743;6.85331;6.48773;6.14524;5.73673;5.45893;5.00293;4.59161;4.29942;4.19679;3.86681;3.7163;3.39777;3.12102;2.9722;2.75517;2.47217;2.28326;1.98626;1.78896;1.50433;1.42933;1.32132;1.20426;1.11396;1","14.9507;14.6018;14.4515;14.2116;14.1286;13.8195;13.6791;13.5254;13.2368;13.0161;12.8926;12.6695;12.4541;12.1167;11.8776;11.5879;11.3605;11.0101;10.7368;10.6679;10.5293;10.308;10.0782;9.86127;9.59311;9.57898;9.50732;9.46584;9.21025;9.17382;9.00806;8.89268;8.87357;8.85477;8.84737;8.93837;8.93261;9.0385;9.2205;9.3699;9.52126;9.61993;9.75258;9.95763;10.179;10.1946;10.3485;10.5102;10.7911;10.8647;10.8612;10.9798;11.0739;11.1464;11.4792;11.6474;12.0052;12.2545;12.5846;12.7807;13.0727;13.4028;13.7582;13.9781;14.2889;14.7137;15",2.23994
"0.133333;0.166667;0.7"
24.8608,0.256753,2.82451,"20.9591;20.6371;20.2976;20.0774;19.8566;19.6809;19.4516;19.3416;19.0789;18.7852;18.3925;18.1551;17.9572;17.6802;17.4787;17.2056;16.8967;16.5868;16.2133;16.0454;15.7336;15.4748;15.0309;14.8989;14.6212;14.2992;13.9088;13.5385;13.1278;12.6988;12.2387;11.9474;11.5614;11.1487;10.838;10.3897;9.96592;9.4903;9.05518;8.59376;8.36668;7.96285;7.61862;7.29743;6.85331;6.48773;6.14524;5.73673;5.45893;5.00293;4.59161;4.29942;4.19679;3.86681;3.7163;3.39777;3.12102;2.9722;2.75517;2.47217;2.28326;1.98626;1.78896;1.50433;1.42933;1.32132;1.20426;1.11396;1","14.9507;14.8719;14.7827;14.6902;14.4177;14.055;13.7602;13.6059;13.3178;12.9844;12.7718;12.6651;12.5111;12.3342;12.2384;11.9222;11.8216;11.5035;11.368;11.2134;10.9509;10.7368;10.6679;10.5293;10.308;10.0782;9.86127;9.59311;9.44479;9.35992;9.21025;9.17382;9.00806;8.89268;8.87357;8.85477;8.84737;8.93837;8.93261;9.0385;9.2205;9.3699;9.52126;9.61993;9.75258;9.95763;10.179;10.1946;10.3485;10.5102;10.7911;10.8647;10.8612;10.9798;11.0739;11.1464;11.4792;11.6474;12.0052;12.2545;12.5846;12.7807;13.0727;13.4028;13.7582;13.9781;14.2889;14.7137;15",1.90437
"0.133333;0.2;0.666667"
24.9796,0.252167,2.67721,"20.9052;20.6785;20.7066;20.5893;20.168;19.8196;19.7035;19.4182;19.165;18.7852;18.3925;18.1551;17.9572;17.6802;17.4787;17.2056;16.8967;16.5868;16.2133;16.0454;15.7336;15.4748;15.0309;14.8989;14.6212;14.2992;13.9088;13.5385;13.135;12.7054;12.2387;11.9474;11.5614;11.1487;10.838;10.3897;9.96592;9.4903;9.05518;8.59376;8.36668;7.96285;7.61862;7.29743;6.85331;6.48773;6.14524;5.73673;5.45893;5.00293;4.59161;4.29942;4.19679;3.86681;3.7163;3.39777;3.12102;2.9722;2.75517;2.47217;2.28326;1.98626;1.78896;1.50433;1.42933;1.32132;1.20426;1.11396;1","14.8285;14.6018;14.1276;13.8687;13.7607;13.5204;13.392;13.1669;12.9807;12.9844;12.7718;12.6651;12.5111;12.3342;12.2384;11.9222;11.8216;11.5035;11.368;11.2134;10.9509;10.7368;10.6679;10.5293;10.308;10.0782;9.86127;9.59311;9.35077;9.25083;9.21025;9.17382;9.00806;8.89268;8.87357;8.85477;8.84737;8.93837;8.93261;9.0385;9.2205;9.3699;9.52126;9.61993;9.75258;9.95763;10.179;10.1946;10.3485;10.5102;10.7911;10.8647;10.8612;10.9798;11.0739;11.1464;11.4792;11.6474;12.0052;12.2545;12.5846;12.7807;13.0727;13.4028;13.7582;13.9781;14.2889;14.7137;15",1.75762
"0.133333;0.233333;0.633333"
24.8696,0.252299,2.86227,"20.9591;20.6371;20.2976;20.0774;19.8566;19.6809;19.4516;19.3416;19.0789;18.7412;18.3925;18.1551;17.9572;17.6802;17.4787;17.2056;16.8967;16.5868;16.2133;16.0454;15.7336;15.4748;15.0309;14.8989;14.6212;14.2992;13.9088;13.5385;13.135;12.7054;12.2387;11.9474;11.5614;11.1487;10.838;10.3897;9.96592;9.4903;9.05518;8.59376;8.36668;7.96285;7.61862;7.29743;6.85331;6.48773;6.14524;5.73673;5.45893;5.00293;4.59161;4.29942;4.19679;3.86681;3.7163;3.39777;3.12102;2.9722;2.75517;2.47217;2.28326;1.98626;1.78896;1.50433;1.42933;1.32132;1.20426;1.11396;1","14.9507;14.8719;14.7827;14.6902;14.4177;14.055;13.7602;13.6059;13.3178;13.0373;12.7718;12.6651;12.5111;12.3342;12.2384;11.9222;11.8216;11.5035;11.368;11.2134;10.9509;10.7368;10.6679;10.5293;10.308;10.0782;9.86127;9.59311;9.35077;9.25083;9.21025;9.17382;9.00806;8.89268;8.87357;8.85477;8.84737;8.93837;8.93261;9.0385;9.2205;9.3699;9.52126;9.61993;9.75258;9.95763;10.179;10.1946;10.3485;10.5102;10.7911;10.8647;10.8612;10.9798;11.0739;11.1464;11.4792;11.6474;12.0052;12.2545;12.5846;12.7807;13.0727;13.4028;13.7582;13.9781;14.2889;14.7137;15",1.73659
"0.133333;0.266667;0.6"
24.8225,0.252627,2.87558,"20.9591;20.6371;20.2976;20.0774;19.8566;19.6809;19.4516;19.3416;19.0789;18.7412;18.3925;18.1551;17.9572;17.6802;17.4787;17.2056;16.8967;16.5868;16.2133;16.0454;15.7336;15.4748;15.0309;14.8989;14.6212;14.2992;13.9088;13.5385;13.135;12.7054;12.2387;11.9474;11.5614;11.1487;10.838;10.3897;9.96592;9.4903;9.00836;8.59376;8.36668;7.96285;7.61862;7.29743;6.85331;6.48773;6.14524;5.73673;5.45893;5.00293;4.59161;4.33134;3.99681;3.82294;3.57138;3.20094;3.04787;2.78875;2.43508;2.24964;2.0761;1.81933;1.71485;1.56797;1.40899;1.24828;1","14.9507;14.8719;14.7827;14.6902;14.4177;14.055;13.7602;13.6059;13.3178;13.0373;12.7718;12.6651;12.5111;12.3342;12.2384;11.9222;11.8216;11.5035;11.368;11.2134;10.9509;10.7368;10.6679;10.5293;10.308;10.0782;9.86127;9.59311;9.35077;9.25083;9.21025;9.17382;9.00806;8.89268;8.87357;8.85477;8.84737;8.93837;8.91469;9.0385;9.2205;9.3699;9.52126;9.61993;9.75258;9.95763;10.179;10.1946;10.3485;10.5102;10.7911;10.8639;11.0718;11.3704;11.6111;11.9469;12.3553;12.503;12.6628;12.7808;12.7874;13.1522;13.6412;14.0659;14.3343;14.6596;15",1.64765
"0.133333;0.3;0.566667"
24.8225,0.252627,2.87558,"20.9591;20.6371;20.2976;20.0774;19.8566;19.6809;19.4516;19.3416;19.0789;18.7412;18.3925;18.1551;17.9572;17.6802;17.4787;17.2056;16.8967;16.5868;16.2133;16.0454;15.7336;15.4748;15.0309;14.8989;14.6212;14.2992;13.9088;13.5385;13.135;12.7054;12.2387;11.9474;11.5614;11.1487;10.838;10.3897;9.96592;9.4903;9.00836;8.59376;8.36668;7.96285;7.61862;7.29743;6.85331;6.48773;6.14524;5.73673;5.45893;5.00293;4.59161;4.33134;3.99681;3.82294;3.57138;3.20094;3.04787;2.78875;2.43508;2.24964;2.0761;1.81933;1.71485;1.56797;1.40899;1.24828;1","14.9507;14.8719;14.7827;14.6902;14.4177;14.055;13.7602;13.6059;13.3178;13.0373;12.7718;12.6651;12.5111;12.3342;12.2384;11.9222;11.8216;11.5035;11.368;11.2134;10.9509;10.7368;10.6679;10.5293;10.308;10.0782;9.86127;9.59311;9.35077;9.25083;9.21025;9.17382;9.00806;8.89268;8.87357;8.85477;8.84737;8.93837;8.91469;9.0385;9.2205;9.3699;9.52126;9.61993;9.75258;9.95763;10.179;10.1946;10.3485;10.5102;10.7911;10.8639;11.0718;11.3704;11.6111;11.9469;12.3553;12.503;12.6628;12.7808;12.7874;13.1522;13.6412;14.0659;14.3343;14.6596;15",1.55073
"0.133333;0.333333;0.533333"
24.9246,0.262098,3.0991,"20.9591;20.6785;20.3944;19.9996;19.5133;19.1872;18.8809;18.521;18.1955;18.019;17.9486;17.6802;17.4787;17.2056;16.8967;16.5868;16.2133;16.0454;15.7336;15.3917;15.0309;14.8989;14.6212;14.2992;13.9088;13.5385;13.3176;13.0134;12.767;12.6742;12.2387;11.9474;11.5614;11.1487;10.838;10.3897;9.96592;9.4903;9.05518;8.59376;8.36668;7.96285;7.61862;7.29743;6.85331;6.48773;6.14524;5.73673;5.45893;5.00293;4.90665;4.59161;4.33134;3.99681;3.82294;3.57138;3.20094;3.04787;2.78875;2.43508;2.0761;1.81933;1.71485;1.56797;1.40899;1.24828;1","14.9507;14.6018;14.4515;14.2116;14.1286;13.8195;13.6791;13.5254;13.2368;12.8922;12.6975;12.3342;12.2384;11.9222;11.8216;11.5035;11.368;11.2134;10.9509;10.8282;10.6679;10.5293;10.308;10.0782;9.86127;9.59311;9.67655;9.50732;9.32329;9.24632;9.21025;9.17382;9.00806;8.89268;8.87357;8.85477;8.84737;8.93837;8.93261;9.0385;9.2205;9.3699;9.52126;9.61993;9.75258;9.95763;10.179;10.1946;10.3485;10.5102;10.4834;10.7911;10.8639;11.0718;11.3704;11.6111;11.9469;12.3553;12.503;12.6628;12.7874;13.1522;13.6412;14.0659;14.3343;14.6596;15",1.56557
"0.133333;0.366667;0.5"
25.1103,0.245515,3.10095,"20.9591;20.6785;20.3944;19.9996;19.5133;19.1872;18.8809;18.521;18.1955;18.019;17.9486;17.6802;17.4787;17.2056;16.8967;16.5868;16.2133;16.0454;15.7336;15.4748;15.0309;14.8989;14.6212;14.2992;14.0837;13.8708;13.513;13.3616;13.0221;12.6345;12.1771;11.9474;11.5614;11.1487;10.838;10.3897;9.96592;9.4903;9.05518;8.59376;8.36668;7.96285;7.61862;7.29743;6.85331;6.48773;6.14524;5.73673;5.45893;5.00293;4.90665;4.59161;4.33134;3.99681;3.82294;3.57138;3.20094;3.04787;2.78875;2.43508;2.0761;1.81933;1.71485;1.56797;1.40899;1.24828;1","14.9507;14.6018;14.4515;14.2116;14.1286;13.8195;13.6791;13.5254;13.2368;12.8922;12.6975;12.3342;12.2384;11.9222;11.8216;11.5035;11.368;11.2134;10.9509;10.7368;10.6679;10.5293;10.308;10.0782;9.84275;9.4625;9.48784;9.294;9.17589;9.09982;9.15519;9.17382;9.00806;8.89268;8.87357;8.85477;8.84737;8.93837;8.93261;9.0385;9.2205;9.3699;9.52126;9.61993;9.75258;9.95763;10.179;10.1946;10.3485;10.5102;10.4834;10.7911;10.8639;11.0718;11.3704;11.6111;11.9469;12.3553;12.503;12.6628;12.7874;13.1522;13.6412;14.0659;14.3343;14.6596;15",1.46206
"0.133333;0.4;0.466667"
24.9177,0.261293,2.87653,"20.9591;20.6371;20.2976;20.0774;19.8566;19.6809;19.4516;19.3416;19.0789;18.7412;18.3925;18.1551;17.9125;17.6802;17.4787;17.2056;16.8967;16.5868;16.4485;16.0712;15.9925;15.7336;15.4748;15.0309;14.8989;14.6212;14.2992;13.9088;13.5385;13.3176;13.0134;12.767;12.6742;12.2387;11.9474;11.5614;11.1487;10.838;10.3897;9.96592;9.4903;9.05518;8.59376;8.36668;7.96285;7.61862;7.29743;6.85331;6.48773;6.14524;5.73673;5.45893;5.00293;4.90665;4.59161;4.33134;3.99681;3.82294;3.57138;3.20094;3.04787;2.78875;2.43508;2.0761;1.81933;1.71485;1.56797;1.40899;1.24828;1","14.9507;14.8719;14.7827;14.6902;14.4177;14.055;13.7602;13.6059;13.3178;13.0373;12.7718;12.6651;12.5343;12.3342;12.2384;11.9222;11.8216;11.5035;11.3447;11.1964;11.124;10.9509;10.7368;10.6679;10.5293;10.308;10.0782;9.86127;9.59311;9.67655;9.50732;9.32329;9.24632;9.21025;9.17382;9.00806;8.89268;8.87357;8.85477;8.84737;8.93837;8.93261;9.0385;9.2205;9.3699;9.52126;9.61993;9.75258;9.95763;10.179;10.1946;10.3485;10.5102;10.4834;10.7911;10.8639;11.0718;11.3704;11.6111;11.9469;12.3553;12.503;12.6628;12.7874;13.1522;13.6412;14.0659;14.3343;14.6596;15",1.26038
"0.133333;0.433333;0.433333"
25.0994,0.242945,3.10084,"20.9591;20.6785;20.3944;19.9996;19.5133;19.1872;18.8809;18.521;18.1955;18.019;17.9486;17.6802;17.4787;17.2056;16.8967;16.5868;16.2133;16.0454;15.7336;15.4748;15.0309;14.8989;14.6212;14.2992;14.0837;13.8708;13.513;13.3616;13.0221;12.6345;12.1771;11.9847;11.5614;11.1487;10.838;10.3897;9.96592;9.4903;9.00836;8.59376;8.36668;7.96285;7.61862;7.29743;6.85331;6.48773;6.14524;5.73673;5.45893;5.00293;4.90665;4.59161;4.33134;3.99681;3.82294;3.57138;3.20094;3.04787;2.78875;2.43508;2.0761;1.81933;1.71485;1.56797;1.40899;1.24828;1","14.9507;14.6018;14.4515;14.2116;14.1286;13.8195;13.6791;13.5254;13.2368;12.8922;12.6975;12.3342;12.2384;11.9222;11.8216;11.5035;11.368;11.2134;10.9509;10.7368;10.6679;10.5293;10.308;10.0782;9.84275;9.4625;9.48784;9.294;9.17589;9.09982;9.15519;9.10984;9.00806;8.89268;8.87357;8.85477;8.84737;8.93837;8.91469;9.0385;9.2205;9.3699;9.52126;9.61993;9.75258;9.95763;10.179;10.1946;10.3485;10.5102;10.4834;10.7911;10.8639;11.0718;11.3704;11.6111;11.9469;12.3553;12.503;12.6628;12.7874;13.1522;13.6412;14.0659;14.3343;14.6596;15",1.25315
"0.133333;0.466667;0.4"
24.8613,0.246852,2.82917,"20.9591;20.6785;20.3944;19.9996;19.9627;19.5473;19.4516;19.3416;19.0789;18.7412;18.3925;18.1551;17.9572;17.6802;17.4787;17.2056;16.7278;16.2975;16.2133;16.0712;15.7336;15.276;15.0111;14.6212;14.3952;14.1347;13.9088;13.5385;13.37;13.0527;12.6345;12.1771;11.9847;11.5614;11.1487;10.838;10.3897;9.96592;9.4903;9.00836;8.59376;8.36668;7.96285;7.61862;7.29743;6.85331;6.48773;6.14524;5.73673;5.45893;5.00293;4.90665;4.59161;4.33134;3.99681;3.82294;3.57138;3.20094;3.04787;2.78875;2.43508;2.0761;1.81933;1.71485;1.56797;1.40899;1.24828;1","14.9507;14.6018;14.4515;14.2116;14.19;13.9116;13.7602;13.6059;13.3178;13.0373;12.7718;12.6651;12.5111;12.3342;12.2384;11.9222;11.7749;11.5202;11.368;11.1964;10.9509;10.8581;10.5586;10.308;10.2511;10.0348;9.86127;9.59311;9.34798;9.18607;9.09982;9.15519;9.10984;9.00806;8.89268;8.87357;8.85477;8.84737;8.93837;8.91469;9.0385;9.2205;9.3699;9.52126;9.61993;9.75258;9.95763;10.179;10.1946;10.3485;10.5102;10.4834;10.7911;10.8639;11.0718;11.3704;11.6111;11.9469;12.3553;12.503;12.6628;12.7874;13.1522;13.6412;14.0659;14.3343;14.6596;15",1.04911
"0.133333;0.5;0.366667"
25.0391,0.238907,2.83094,"20.9591;20.6785;20.3944;19.9996;19.9627;19.5473;19.4516;19.3416;19.0789;18.7412;18.3925;18.1551;17.9572;17.6802;17.4787;17.2056;16.8967;16.5868;16.2133;16.0454;15.7336;15.276;15.0309;14.8989;14.6212;14.5145;14.2788;13.8708;13.513;13.3616;13.0221;12.6345;12.1771;11.9847;11.5614;11.1487;10.838;10.3897;9.96592;9.4903;9.00836;8.59376;8.36668;7.96285;7.61862;7.29743;6.85331;6.48773;6.14524;5.73673;5.45893;5.00293;4.90665;4.43169;4.1485;3.7163;3.39777;3.12102;2.9722;2.75517;2.47217;2.28326;2.0761;1.81933;1.71485;1.56797;1.40899;1.24828;1","14.9507;14.6018;14.4515;14.2116;14.19;13.9116;13.7602;13.6059;13.3178;13.0373;12.7718;12.6651;12.5111;12.3342;12.2384;11.9222;11.8216;11.5035;11.368;11.2134;10.9509;10.8581;10.6679;10.5293;10.308;9.82975;9.63703;9.4625;9.48784;9.294;9.17589;9.09982;9.15519;9.10984;9.00806;8.89268;8.87357;8.85477;8.84737;8.93837;8.91469;9.0385;9.2205;9.3699;9.52126;9.61993;9.75258;9.95763;10.179;10.1946;10.3485;10.5102;10.4834;10.619;10.8374;11.0739;11.1464;11.4792;11.6474;12.0052;12.2545;12.5846;12.7874;13.1522;13.6412;14.0659;14.3343;14.6596;15",0.954328
"0.133333;0.533333;0.333333"
24.9577,0.259076,2.83013,"20.9591;20.6785;20.3944;19.9996;19.9627;19.5473;19.4516;19.3416;19.0789;18.7412;18.3925;18.1551;17.9125;17.6802;17.4787;17.2056;16.7278;16.2975;16.2133;16.0712;15.9925;15.7336;15.3917;15.0111;14.6212;14.3952;14.1347;13.9088;13.5385;13.3616;13.0379;12.767;12.4834;12.1771;11.9847;11.5614;11.1487;10.838;10.3897;9.96592;9.4903;9.00836;8.59376;8.36668;7.96285;7.61862;7.29743;6.85331;6.48773;6.14524;5.73673;5.45893;5.00293;4.90665;4.43169;4.1485;3.7163;3.39777;3.12102;2.9722;2.75517;2.47217;2.28326;2.0761;1.81933;1.71485;1.56797;1.40899;1.24828;1","14.9507;14.6018;14.4515;14.2116;14.19;13.9116;13.7602;13.6059;13.3178;13.0373;12.7718;12.6651;12.5343;12.3342;12.2384;11.9222;11.7749;11.5202;11.368;11.1964;11.124;10.9509;10.8282;10.5586;10.308;10.2511;10.0348;9.86127;9.59311;9.294;9.49828;9.32329;9.30424;9.15519;9.10984;9.00806;8.89268;8.87357;8.85477;8.84737;8.93837;8.91469;9.0385;9.2205;9.3699;9.52126;9.61993;9.75258;9.95763;10.179;10.1946;10.3485;10.5102;10.4834;10.619;10.8374;11.0739;11.1464;11.4792;11.6474;12.0052;12.2545;12.5846;12.7874;13.1522;13.6412;14.0659;14.3343;14.6596;15",0.858651
"0.133333;0.566667;0.3"
25.3469,0.252502,3.15251,"20.9591;20.6371;20.2976;20.0774;19.6138;19.3005;19.0288;18.6687;18.4741;18.1697;18.019;17.9486;17.6802;17.4787;17.2056;16.8967;16.5868;16.2133;16.0454;15.7336;15.3917;15.0111;14.6212;14.5145;14.2373;13.8708;13.513;13.3616;13.0379;12.767;12.4834;12.1771;11.9847;11.5614;11.1487;10.838;10.3897;9.96592;9.4903;9.05518;8.59376;8.36668;7.96285;7.61862;7.29743;6.85331;6.48773;6.14524;5.73673;5.45893;5.00293;4.59161;4.1485;3.86681;3.39777;3.12102;2.9722;2.75517;2.47217;2.28326;1.98626;1.81933;1.71485;1.56797;1.40899;1.24828;1","14.9507;14.8719;14.7827;14.6902;14.5432;14.469;14.2175;13.9253;13.6554;13.3301;12.8922;12.6975;12.3342;12.2384;11.9222;11.8216;11.5035;11.368;11.2134;10.9509;10.8282;10.5586;10.308;9.82975;9.60288;9.4625;9.48784;9.294;9.49828;9.32329;9.30424;9.15519;9.10984;9.00806;8.89268;8.87357;8.85477;8.84737;8.93837;8.93261;9.0385;9.2205;9.3699;9.52126;9.61993;9.75258;9.95763;10.179;10.1946;10.3485;10.5102;10.7911;10.8374;10.9798;11.1464;11.4792;11.6474;12.0052;12.2545;12.5846;12.7807;13.1522;13.6412;14.0659;14.3343;14.6596;15",0.849214
"0.133333;0.6;0.266667"
25.3469,0.252502,3.15251,"20.9591;20.6371;20.2976;20.0774;19.6138;19.3005;19.0288;18.6687;18.4741;18.1697;18.019;17.9486;17.6802;17.4787;17.2056;16.8967;16.5868;16.2133;16.0454;15.7336;15.3917;15.0111;14.6212;14.5145;14.2373;13.8708;13.513;13.3616;13.0379;12.767;12.4834;12.1771;11.9847;11.5614;11.1487;10.838;10.3897;9.96592;9.4903;9.05518;8.59376;8.36668;7.96285;7.61862;7.29743;6.85331;6.48773;6.14524;5.73673;5.45893;5.00293;4.59161;4.1485;3.86681;3.39777;3.12102;2.9722;2.75517;2.47217;2.28326;1.98626;1.81933;1.71485;1.56797;1.40899;1.24828;1","14.9507;14.8719;14.7827;14.6902;14.5432;14.469;14.2175;13.9253;13.6554;13.3301;12.8922;12.6975;12.3342;12.2384;11.9222;11.8216;11.5035;11.368;11.2134;10.9509;10.8282;10.5586;10.308;9.82975;9.60288;9.4625;9.48784;9.294;9.49828;9.32329;9.30424;9.15519;9.10984;9.00806;8.89268;8.87357;8.85477;8.84737;8.93837;8.93261;9.0385;9.2205;9.3699;9.52126;9.61993;9.75258;9.95763;10.179;10.1946;10.3485;10.5102;10.7911;10.8374;10.9798;11.1464;11.4792;11.6474;12.0052;12.2545;12.5846;12.7807;13.1522;13.6412;14.0659;14.3343;14.6596;15",0.743062
"0.133333;0.633333;0.233333"
25.1011,0.251176,2.8336,"20.9591;20.6785;20.3944;20.1965;19.9627;19.5473;19.4516;19.3416;19.0789;18.7412;18.3925;18.1551;17.9572;17.6802;17.4787;17.2056;16.8967;16.5868;16.2133;16.0454;15.753;15.4167;15.0111;14.6212;14.5145;14.2373;13.8708;13.513;13.3616;13.0379;12.767;12.4834;12.1771;11.9847;11.5614;11.1487;10.838;10.3897;9.96592;9.4903;9.05518;8.59376;8.36668;7.96285;7.61862;7.29743;6.85331;6.48773;6.14524;5.73673;5.45893;5.00293;4.59161;4.1485;3.86681;3.39777;3.12102;2.9722;2.75517;2.47217;2.28326;2.0761;1.81933;1.71485;1.56797;1.40899;1.24828;1","14.9507;14.6018;14.4515;14.2937;14.19;13.9116;13.7602;13.6059;13.3178;13.0373;12.7718;12.6651;12.5111;12.3342;12.2384;11.9222;11.8216;11.5035;11.368;11.2134;11.0101;10.7561;10.5586;10.308;9.82975;9.60288;9.4625;9.48784;9.294;9.49828;9.32329;9.30424;9.15519;9.10984;9.00806;8.89268;8.87357;8.85477;8.84737;8.93837;8.93261;9.0385;9.2205;9.3699;9.52126;9.61993;9.75258;9.95763;10.179;10.1946;10.3485;10.5102;10.7911;10.8374;10.9798;11.1464;11.4792;11.6474;12.0052;12.2545;12.5846;12.7874;13.1522;13.6412;14.0659;14.3343;14.6596;15",0.573128
"0.133333;0.666667;0.2"
25.1096,0.251459,2.83368,"20.9591;20.6785;20.3944;20.1965;19.9627;19.5473;19.4516;19.3416;19.0789;18.7412;18.3925;18.1551;17.9572;17.6802;17.4787;17.2056;16.8967;16.5868;16.2133;16.0454;15.7336;15.3917;15.0111;14.6212;14.5145;14.2373;13.8708;13.513;13.3616;13.0379;12.767;12.4834;12.1771;11.9847;11.5614;11.1487;10.838;10.3897;9.96592;9.4903;9.05518;8.59376;8.36668;7.96285;7.61862;7.29743;6.85331;6.48773;6.14524;5.73673;5.45893;5.00293;4.59161;4.1485;3.86681;3.39777;3.12102;2.9722;2.75517;2.47217;2.28326;2.0761;1.81933;1.71485;1.56797;1.40899;1.24828;1","14.9507;14.6018;14.4515;14.2937;14.19;13.9116;13.7602;13.6059;13.3178;13.0373;12.7718;12.6651;12.5111;12.3342;12.2384;11.9222;11.8216;11.5035;11.368;11.2134;10.9509;10.8282;10.5586;10.308;9.82975;9.60288;9.4625;9.48784;9.294;9.49828;9.32329;9.30424;9.15519;9.10984;9.00806;8.89268;8.87357;8.85477;8.84737;8.93837;8.93261;9.0385;9.2205;9.3699;9.52126;9.61993;9.75258;9.95763;10.179;10.1946;10.3485;10.5102;10.7911;10.8374;10.9798;11.1464;11.4792;11.6474;12.0052;12.2545;12.5846;12.7874;13.1522;13.6412;14.0659;14.3343;14.6596;15",0.477621
"0.133333;0.7;0.166667"
25.1611,0.252758,2.8342,"20.9591;20.6785;20.3944;20.1965;19.9627;19.5473;19.4516;19.3416;19.0789;18.7412;18.3925;18.1551;17.9572;17.6802;17.4787;17.2056;16.8967;16.5868;16.2133;16.0454;15.7336;15.3917;15.0111;14.6212;14.5145;14.2373;14.1182;13.8708;13.513;13.3616;13.0379;12.6742;12.2387;11.9474;11.5614;11.1487;10.838;10.3897;9.96592;9.4903;9.05518;8.59376;8.36668;7.96285;7.61862;7.29743;6.85331;6.48773;6.14524;5.73673;5.45893;5.00293;4.59161;4.1485;3.86681;3.39777;3.12102;2.9722;2.75517;2.47217;2.28326;2.0761;1.81933;1.71485;1.56797;1.40899;1.24828;1","14.9507;14.6018;14.4515;14.2937;14.19;13.9116;13.7602;13.6059;13.3178;13.0373;12.7718;12.6651;12.5111;12.3342;12.2384;11.9222;11.8216;11.5035;11.368;11.2134;10.9509;10.8282;10.5586;10.308;9.82975;9.60288;9.46278;9.4625;9.48784;9.294;9.49828;9.24632;9.21025;9.17382;9.00806;8.89268;8.87357;8.85477;8.84737;8.93837;8.93261;9.0385;9.2205;9.3699;9.52126;9.61993;9.75258;9.95763;10.179;10.1946;10.3485;10.5102;10.7911;10.8374;10.9798;11.1464;11.4792;11.6474;12.0052;12.2545;12.5846;12.7874;13.1522;13.6412;14.0659;14.3343;14.6596;15",0.382165
"0.133333;0.733333;0.133333"
25.5688,0.255571,3.30191,"21.0278;20.6371;20.1476;20.029;19.8566;19.5113;19.1872;18.8809;18.521;18.1955;17.8653;17.6003;17.2724;17.1113;16.8967;16.5868;16.375;15.9925;15.7336;15.3917;15.0111;14.6212;14.7104;14.5145;14.2788;13.8708;13.513;13.3176;13.0134;12.767;12.5946;12.1771;11.9847;11.5614;11.1487;10.838;10.3897;9.96592;9.4903;9.05518;8.59376;8.36668;7.96285;7.61862;7.29743;6.85331;6.48773;6.14524;5.73673;5.45893;5.00293;4.59161;4.1485;3.86681;3.39777;3.12102;2.9722;2.75517;2.47217;2.28326;2.0761;1.81933;1.71485;1.56797;1.40899;1.24828;1","15.0532;14.8719;14.8736;14.5077;14.4177;14.187;13.8195;13.6791;13.5254;13.2368;13.0161;12.8535;12.5105;12.0989;11.8216;11.5035;11.2379;11.124;10.9509;10.8282;10.5586;10.308;10.0414;9.82975;9.63703;9.4625;9.48784;9.67655;9.50732;9.32329;9.11461;9.15519;9.10984;9.00806;8.89268;8.87357;8.85477;8.84737;8.93837;8.93261;9.0385;9.2205;9.3699;9.52126;9.61993;9.75258;9.95763;10.179;10.1946;10.3485;10.5102;10.7911;10.8374;10.9798;11.1464;11.4792;11.6474;12.0052;12.2545;12.5846;12.7874;13.1522;13.6412;14.0659;14.3343;14.6596;15",0.333191
"0.133333;0.766667;0.1"
25.2429,0.257801,3.475,"20.9591;20.6785;20.3944;19.9996;19.5113;19.1872;18.8809;18.521;18.1955;17.8653;17.7023;17.4163;16.9678;16.8819;16.7278;16.2975;16.2133;16.0712;15.9925;15.7336;15.276;15.0309;14.8989;14.6212;14.2992;13.9088;13.5385;13.3616;13.2552;12.9478;12.5789;12.1771;11.9847;11.5614;11.1487;10.7372;10.3071;9.96592;9.4903;9.05518;8.59376;8.36668;7.96285;7.61862;7.45835;7.22709;6.83696;6.70115;6.39606;5.96471;5.56777;5.22445;5.01231;4.87399;4.42507;4.17899;3.74448;3.3286;2.94597;2.60995;2.52948;2.3699;2.18265;2.07308;1.87497;1.69089;1.27364;1","14.9507;14.6018;14.4515;14.2116;14.187;13.8195;13.6791;13.5254;13.2368;13.0161;12.8926;12.6695;12.4541;12.159;11.7749;11.5202;11.368;11.1964;11.124;10.9509;10.8581;10.6679;10.5293;10.308;10.0782;9.86127;9.59311;9.294;9.12547;8.85903;9.04197;9.15519;9.10984;9.00806;8.89268;8.84471;8.75592;8.84737;8.93837;8.93261;9.0385;9.2205;9.3699;9.52126;9.71186;10.0036;10.222;10.5124;10.7781;11.0031;11.2974;11.5544;11.8388;12.2744;12.4542;12.7297;12.625;12.6678;12.8185;13.0846;13.4745;13.7086;13.8659;14.135;14.4526;14.6408;14.8808;15",0.233803
"0.133333;0.8;0.0666667"
22.2174,0.22588,11.1087,"21.0021;20.6371;20.1476;19.8503;19.4047;19.0403;18.6595;18.3834;17.911;17.4388;17.0071;16.7006;16.3025;15.8769;15.5854;15.2362;14.8381;14.6288;14.3105;13.9554;13.815;13.5599;13.2759;12.8223;12.4882;12.0459;11.7704;11.3691;10.9959;10.6897;10.4831;10.0764;9.78495;9.36506;9.15219;8.79818;8.65282;8.15282;7.88754;7.49782;7.27595;6.89851;6.76183;6.34229;5.98186;5.75803;5.41296;4.9235;4.56701;4.11057;3.65422;3.50753;3.23682;3.02224;2.77497;2.4487;2.16262;1.70477;1.39947;1","15.1397;14.8719;14.8736;14.7655;14.8893;15.169;15.4743;15.4687;15.5168;15.4627;15.3774;15.3204;15.4715;15.3719;15.4745;15.5004;15.408;15.5183;15.6015;15.6744;15.9528;16.1209;16.4104;16.6151;16.7894;16.9607;17.234;17.4617;17.4869;17.5384;17.6288;17.6946;17.7005;17.5218;17.1136;17.1042;17.021;17.018;16.9737;16.7983;16.7012;16.4217;16.4323;16.351;16.1439;16.3476;16.5091;16.4983;16.3621;16.2118;16.0511;15.8873;15.7488;15.4451;15.4104;15.2367;15.0475;15.0703;14.9914;15",0.372617
"0.133333;0.833333;0.0333333"
24.3793,0.0620342,12.1896,"21.2074;21.5373;21.6788;21.4026;21.0658;20.7113;20.5162;20.3597;19.9925;19.5012;19.4532;18.9745;18.5239;18.189;17.903;17.5361;17.1501;16.9493;16.5903;16.2438;15.9995;15.7901;15.5085;15.1027;14.6542;14.5093;14.1504;13.8042;13.3663;12.9409;12.5548;12.1816;11.8264;11.4165;10.9328;10.6224;10.2617;9.93864;9.52723;9.2182;8.90526;8.53008;8.16708;7.84007;7.41521;7.24646;6.79464;6.56079;6.23747;6.01488;5.78191;5.42853;5.02079;4.9235;4.56701;4.11057;3.65422;3.50753;3.23682;3.02224;2.77497;2.4487;2.16262;1.70477;1.39947;1","14.9691;15.2547;15.5093;15.8747;16.1424;16.3751;16.1197;15.9556;16.1419;16.1702;16.1692;16.2706;16.193;16.5122;16.8404;16.9469;16.9096;16.9752;17.235;17.5023;17.696;17.7488;18.1059;18.3691;18.5828;18.4935;18.5089;18.3139;18.3625;18.506;18.7752;18.8322;18.8689;18.9082;18.9276;19.0236;19.079;19.157;19.0713;19.0136;18.7628;18.6724;18.4366;18.2237;18.0352;18.1007;17.9171;17.7672;17.6106;17.3363;17.1329;16.8145;16.5917;16.4983;16.3621;16.2118;16.0511;15.8873;15.7488;15.4451;15.4104;15.2367;15.0475;15.0703;14.9914;15",0.0538963
"0.133333;0.866667;0"
24.8256,3.63691,2.77678,"20.9591;20.6785;20.7066;20.5893;20.168;19.8196;19.7035;19.4182;19.0426;18.7852;18.3925;18.1551;17.9572;17.6802;17.4787;17.1113;16.8967;16.5868;16.2133;15.9875;15.6977;15.276;15.0309;14.8989;14.6212;14.2992;13.9088;13.5385;13.4013;13.0134;12.7225;12.4307;12.1225;11.6888;11.3632;10.9353;10.4613;10.0993;9.61539;9.15539;8.86393;8.61094;8.20649;7.83069;7.4296;7.2764;6.9552;6.70115;6.44792;6.17447;5.73777;5.46687;5.07726;4.88621;4.46345;4.07456;4.07286;3.73416;3.42507;3.04787;2.78875;2.43508;1.98626;1.78896;1.50433;1.42933;1.32132;1.20426;1.11396;1","14.9507;14.6018;14.1276;13.8687;13.7607;13.5204;13.392;13.1669;12.9632;12.9844;12.7718;12.6651;12.5111;12.3342;12.2384;12.0989;11.8216;11.5035;11.368;11.2519;11.0101;10.8581;10.6679;10.5293;10.308;10.0782;9.86127;9.59311;9.57898;9.50732;9.51141;9.45961;9.47014;9.46262;9.64979;9.89159;9.91842;10.0121;10.0156;9.8962;9.78401;9.75268;9.84639;10.0275;10.1682;10.4394;10.4621;10.5124;10.6387;10.7238;10.8113;11.056;11.1624;11.1951;11.2221;11.5059;11.7651;11.8912;12.127;12.3553;12.503;12.6628;12.7807;13.0727;13.4028;13.7582;13.9781;14.2889;14.7137;15",2.34068
"0.166667;0;0.833333"
24.8643,0.730582,2.73835,"20.9591;20.6785;20.7066;20.5893;20.168;19.8196;19.7035;19.4182;19.165;18.9022;18.444;18.1236;17.6802;17.4787;17.2056;16.8967;16.6298;16.2975;16.0454;15.753;15.4167;15.0111;14.6212;14.2992;13.9088;13.5385;13.4013;13.0134;12.767;12.4307;12.1225;11.6888;11.3632;10.9919;10.732;10.3657;9.92571;9.5858;9.12865;8.9036;8.61094;8.20649;7.83069;7.4296;7.2764;6.9552;6.70115;6.44792;6.17447;5.73777;5.46687;5.07726;4.88621;4.46345;4.07456;4.07286;3.73416;3.42507;3.04787;2.78875;2.43508;1.98626;1.78896;1.50433;1.42933;1.32132;1.20426;1.11396;1","14.9507;14.6018;14.1276;13.8687;13.7607;13.5204;13.392;13.1669;12.9807;12.7404;12.5402;12.5243;12.3342;12.2384;11.9222;11.8216;11.665;11.5202;11.2134;11.0101;10.7561;10.5586;10.308;10.0782;9.86127;9.59311;9.57898;9.50732;9.32329;9.45961;9.47014;9.46262;9.64979;9.66708;9.62133;9.5653;9.50118;9.72689;9.75982;9.72941;9.75268;9.84639;10.0275;10.1682;10.4394;10.4621;10.5124;10.6387;10.7238;10.8113;11.056;11.1624;11.1951;11.2221;11.5059;11.7651;11.8912;12.127;12.3553;12.503;12.6628;12.7807;13.0727;13.4028;13.7582;13.9781;14.2889;14.7137;15",2.21631
"0.166667;0.0333333;0.8"
24.8649,0.730339,2.73836,"20.9591;20.6785;20.7066;20.5893;20.168;19.8196;19.7035;19.4182;19.165;18.9022;18.444;18.1236;17.6802;17.4787;17.2056;16.8967;16.5868;16.2133;16.0454;15.753;15.4167;15.0111;14.6212;14.2992;13.9088;13.5385;13.4013;13.0134;12.767;12.4307;12.1225;11.6888;11.3632;10.9919;10.732;10.3657;9.92571;9.5858;9.12865;8.9036;8.61094;8.20649;7.83069;7.4296;7.2764;6.9552;6.70115;6.44792;6.17447;5.73777;5.46687;5.07726;4.88621;4.46345;4.07456;4.07286;3.73416;3.42507;3.04787;2.78875;2.43508;1.98626;1.78896;1.50433;1.42933;1.32132;1.20426;1.11396;1","14.9507;14.6018;14.1276;13.8687;13.7607;13.5204;13.392;13.1669;12.9807;12.7404;12.5402;12.5243;12.3342;12.2384;11.9222;11.8216;11.5035;11.368;11.2134;11.0101;10.7561;10.5586;10.308;10.0782;9.86127;9.59311;9.57898;9.50732;9.32329;9.45961;9.47014;9.46262;9.64979;9.66708;9.62133;9.5653;9.50118;9.72689;9.75982;9.72941;9.75268;9.84639;10.0275;10.1682;10.4394;10.4621;10.5124;10.6387;10.7238;10.8113;11.056;11.1624;11.1951;11.2221;11.5059;11.7651;11.8912;12.127;12.3553;12.503;12.6628;12.7807;13.0727;13.4028;13.7582;13.9781;14.2889;14.7137;15",2.12397
"0.166667;0.0666667;0.766667"
24.8857,0.273007,3.18568,"20.9591;20.6785;20.3944;19.9996;19.5113;19.1872;18.8809;18.521;18.1955;17.8653;17.7023;17.4163;16.9678;16.6035;16.2626;15.9984;15.8704;15.6977;15.276;15.0309;14.8989;14.6212;14.2992;13.9088;13.5385;13.4013;13.0134;12.6001;12.2309;11.9474;11.5614;11.1487;10.838;10.3897;9.96592;9.4903;9.05518;8.59376;8.36668;7.96285;7.61862;7.29743;6.85331;6.48773;6.14524;5.73673;5.45893;5.00293;4.59161;4.29942;4.19679;3.86681;3.7163;3.39777;3.12102;2.9722;2.75517;2.47217;2.28326;1.98626;1.78896;1.50433;1.42933;1.32132;1.20426;1.11396;1","14.9507;14.6018;14.4515;14.2116;14.187;13.8195;13.6791;13.5254;13.2368;13.0161;12.8926;12.6695;12.4541;12.1167;11.8776;11.746;11.3605;11.0101;10.8581;10.6679;10.5293;10.308;10.0782;9.86127;9.59311;9.57898;9.50732;9.46584;9.32557;9.17382;9.00806;8.89268;8.87357;8.85477;8.84737;8.93837;8.93261;9.0385;9.2205;9.3699;9.52126;9.61993;9.75258;9.95763;10.179;10.1946;10.3485;10.5102;10.7911;10.8647;10.8612;10.9798;11.0739;11.1464;11.4792;11.6474;12.0052;12.2545;12.5846;12.7807;13.0727;13.4028;13.7582;13.9781;14.2889;14.7137;15",2.35966
"0.166667;0.1;0.733333"
24.7734,0.267937,2.83204,"20.9591;20.6371;20.2976;20.0774;19.8566;19.6809;19.4516;19.3416;19.0789;18.8987;18.7852;18.3925;18.1551;17.9572;17.6802;17.4787;17.2056;16.8967;16.5868;16.2133;16.0454;15.753;15.4167;15.0111;14.6212;14.2992;13.9088;13.5385;13.4013;13.0134;12.6001;12.2309;11.9474;11.5614;11.1487;10.838;10.3897;9.96592;9.4903;9.05518;8.59376;8.36668;7.96285;7.61862;7.29743;6.85331;6.48773;6.14524;5.73673;5.45893;5.00293;4.59161;4.33134;3.99681;3.82294;3.57138;3.20094;3.04787;2.78875;2.43508;2.24964;2.0761;1.81933;1.71485;1.56797;1.40899;1.24828;1","14.9507;14.8719;14.7827;14.6902;14.4177;14.055;13.7602;13.6059;13.3178;13.1294;12.9844;12.7718;12.6651;12.5111;12.3342;12.2384;11.9222;11.8216;11.5035;11.368;11.2134;11.0101;10.7561;10.5586;10.308;10.0782;9.86127;9.59311;9.57898;9.50732;9.46584;9.32557;9.17382;9.00806;8.89268;8.87357;8.85477;8.84737;8.93837;8.93261;9.0385;9.2205;9.3699;9.52126;9.61993;9.75258;9.95763;10.179;10.1946;10.3485;10.5102;10.7911;10.8639;11.0718;11.3704;11.6111;11.9469;12.3553;12.503;12.6628;12.7808;12.7874;13.1522;13.6412;14.0659;14.3343;14.6596;15",2.00485
"0.166667;0.133333;0.7"
24.7957,0.273408,3.18079,"20.9591;20.6785;20.3944;19.9996;19.5133;19.1872;18.8809;18.521;18.1955;17.8653;17.7023;17.4163;16.9678;16.6035;16.2626;15.9984;15.8704;15.6977;15.276;15.0309;14.8989;14.6212;14.2992;13.9088;13.5385;13.4013;13.0134;12.6001;12.2309;11.9474;11.5614;11.1487;10.838;10.3897;9.96592;9.4903;9.05518;8.59376;8.36668;7.96285;7.61862;7.29743;6.85331;6.48773;6.14524;5.73673;5.45893;5.00293;4.59161;4.33134;3.99681;3.82294;3.57138;3.20094;3.04787;2.78875;2.43508;2.24964;2.0761;1.81933;1.71485;1.56797;1.40899;1.24828;1","14.9507;14.6018;14.4515;14.2116;14.1286;13.8195;13.6791;13.5254;13.2368;13.0161;12.8926;12.6695;12.4541;12.1167;11.8776;11.746;11.3605;11.0101;10.8581;10.6679;10.5293;10.308;10.0782;9.86127;9.59311;9.57898;9.50732;9.46584;9.32557;9.17382;9.00806;8.89268;8.87357;8.85477;8.84737;8.93837;8.93261;9.0385;9.2205;9.3699;9.52126;9.61993;9.75258;9.95763;10.179;10.1946;10.3485;10.5102;10.7911;10.8639;11.0718;11.3704;11.6111;11.9469;12.3553;12.503;12.6628;12.7808;12.7874;13.1522;13.6412;14.0659;14.3343;14.6596;15",2.14189
"0.166667;0.166667;0.666667"
24.7765,0.636059,3.1806,"20.9591;20.6785;20.3944;19.9996;19.5133;19.1872;18.8809;18.521;18.1955;17.8653;17.7023;17.4163;16.9678;16.6035;16.2626;15.9896;15.8704;15.753;15.4748;15.0309;14.8989;14.6212;14.2992;13.9088;13.5385;13.4013;13.0134;12.767;12.3565;12.1225;11.6888;11.3632;10.9424;10.732;10.3657;9.92571;9.73931;9.41617;9.1358;8.9036;8.61094;8.20649;7.83069;7.4296;7.2764;6.9552;6.70115;6.44792;6.17447;5.73777;5.46687;5.07726;4.88621;4.46345;4.07456;4.07286;3.73416;3.42507;3.04787;2.78875;2.43508;2.0761;1.81933;1.71485;1.56797;1.40899;1.24828;1","14.9507;14.6018;14.4515;14.2116;14.1286;13.8195;13.6791;13.5254;13.2368;13.0161;12.8926;12.6695;12.4541;12.1167;11.8776;11.5879;11.3605;11.0101;10.7368;10.6679;10.5293;10.308;10.0782;9.86127;9.59311;9.57898;9.50732;9.32329;9.50146;9.47014;9.46262;9.64979;9.39456;9.62133;9.5653;9.50118;9.51395;9.50889;9.6613;9.72941;9.75268;9.84639;10.0275;10.1682;10.4394;10.4621;10.5124;10.6387;10.7238;10.8113;11.056;11.1624;11.1951;11.2221;11.5059;11.7651;11.8912;12.127;12.3553;12.503;12.6628;12.7874;13.1522;13.6412;14.0659;14.3343;14.6596;15",2.03467
"0.166667;0.2;0.633333"
24.6913,0.62907,2.842,"20.9052;20.6785;20.3944;20.029;19.8566;19.6809;19.4516;19.3416;19.0789;18.7412;18.3925;18.1551;17.9572;17.6802;17.4787;17.2056;16.8967;16.5868;16.4485;16.0712;15.753;15.4748;15.0309;14.8989;14.6212;14.2992;13.9088;13.5385;13.1278;12.767;12.3565;12.1225;11.6888;11.3632;10.9424;10.732;10.3657;9.92571;9.73931;9.41617;9.1358;8.9036;8.61094;8.20649;7.83069;7.4296;7.2764;6.9552;6.70115;6.44792;6.17447;5.73777;5.46687;5.07726;4.88621;4.46345;4.07456;4.07286;3.73416;3.42507;3.04787;2.78875;2.43508;2.0761;1.81933;1.71485;1.56797;1.40899;1.24828;1","14.8285;14.6018;14.4515;14.5077;14.4177;14.055;13.7602;13.6059;13.3178;13.0373;12.7718;12.6651;12.5111;12.3342;12.2384;11.9222;11.8216;11.5035;11.3447;11.1964;11.0101;10.7368;10.6679;10.5293;10.308;10.0782;9.86127;9.59311;9.44479;9.32329;9.50146;9.47014;9.46262;9.64979;9.39456;9.62133;9.5653;9.50118;9.51395;9.50889;9.6613;9.72941;9.75268;9.84639;10.0275;10.1682;10.4394;10.4621;10.5124;10.6387;10.7238;10.8113;11.056;11.1624;11.1951;11.2221;11.5059;11.7651;11.8912;12.127;12.3553;12.503;12.6628;12.7874;13.1522;13.6412;14.0659;14.3343;14.6596;15",1.76399
"0.166667;0.233333;0.6"
24.7564,0.257216,2.84265,"20.9052;20.6785;20.3944;20.029;19.8566;19.6809;19.4516;19.3416;19.0789;18.7412;18.3925;18.1551;17.9572;17.6802;17.4787;17.2056;16.8967;16.5868;16.2133;16.0454;15.7336;15.4748;15.0309;14.8989;14.6212;14.2992;13.9088;13.5385;13.1278;12.6988;12.2387;11.9474;11.5614;11.1487;10.838;10.3897;9.96592;9.4903;9.05518;8.59376;8.36668;7.96285;7.61862;7.29743;6.85331;6.48773;6.14524;5.73673;5.45893;5.00293;4.90665;4.59161;4.33134;3.99681;3.82294;3.57138;3.20094;3.04787;2.78875;2.43508;2.0761;1.81933;1.71485;1.56797;1.40899;1.24828;1","14.8285;14.6018;14.4515;14.5077;14.4177;14.055;13.7602;13.6059;13.3178;13.0373;12.7718;12.6651;12.5111;12.3342;12.2384;11.9222;11.8216;11.5035;11.368;11.2134;10.9509;10.7368;10.6679;10.5293;10.308;10.0782;9.86127;9.59311;9.44479;9.35992;9.21025;9.17382;9.00806;8.89268;8.87357;8.85477;8.84737;8.93837;8.93261;9.0385;9.2205;9.3699;9.52126;9.61993;9.75258;9.95763;10.179;10.1946;10.3485;10.5102;10.4834;10.7911;10.8639;11.0718;11.3704;11.6111;11.9469;12.3553;12.503;12.6628;12.7874;13.1522;13.6412;14.0659;14.3343;14.6596;15",1.66636
"0.166667;0.266667;0.566667"
24.8446,0.252837,2.8758,"20.9591;20.6371;20.2976;20.0774;19.8566;19.6809;19.4516;19.3416;19.0789;18.7412;18.3925;18.1551;17.9572;17.6802;17.4787;17.2056;16.8967;16.5868;16.2133;16.0454;15.7336;15.4748;15.0309;14.8989;14.6212;14.2992;13.9088;13.5385;13.135;12.7054;12.2387;11.9474;11.5614;11.1487;10.838;10.3897;9.96592;9.4903;9.05518;8.59376;8.36668;7.96285;7.61862;7.29743;6.85331;6.48773;6.14524;5.73673;5.45893;5.00293;4.90665;4.59161;4.33134;3.99681;3.82294;3.57138;3.20094;3.04787;2.78875;2.43508;2.0761;1.81933;1.71485;1.56797;1.40899;1.24828;1","14.9507;14.8719;14.7827;14.6902;14.4177;14.055;13.7602;13.6059;13.3178;13.0373;12.7718;12.6651;12.5111;12.3342;12.2384;11.9222;11.8216;11.5035;11.368;11.2134;10.9509;10.7368;10.6679;10.5293;10.308;10.0782;9.86127;9.59311;9.35077;9.25083;9.21025;9.17382;9.00806;8.89268;8.87357;8.85477;8.84737;8.93837;8.93261;9.0385;9.2205;9.3699;9.52126;9.61993;9.75258;9.95763;10.179;10.1946;10.3485;10.5102;10.4834;10.7911;10.8639;11.0718;11.3704;11.6111;11.9469;12.3553;12.503;12.6628;12.7874;13.1522;13.6412;14.0659;14.3343;14.6596;15",1.55085
"0.166667;0.3;0.533333"
24.8446,0.252837,2.8758,"20.9591;20.6371;20.2976;20.0774;19.8566;19.6809;19.4516;19.3416;19.0789;18.7412;18.3925;18.1551;17.9572;17.6802;17.4787;17.2056;16.8967;16.5868;16.2133;16.0454;15.7336;15.4748;15.0309;14.8989;14.6212;14.2992;13.9088;13.5385;13.135;12.7054;12.2387;11.9474;11.5614;11.1487;10.838;10.3897;9.96592;9.4903;9.05518;8.59376;8.36668;7.96285;7.61862;7.29743;6.85331;6.48773;6.14524;5.73673;5.45893;5.00293;4.90665;4.59161;4.33134;3.99681;3.82294;3.57138;3.20094;3.04787;2.78875;2.43508;2.0761;1.81933;1.71485;1.56797;1.40899;1.24828;1","14.9507;14.8719;14.7827;14.6902;14.4177;14.055;13.7602;13.6059;13.3178;13.0373;12.7718;12.6651;12.5111;12.3342;12.2384;11.9222;11.8216;11.5035;11.368;11.2134;10.9509;10.7368;10.6679;10.5293;10.308;10.0782;9.86127;9.59311;9.35077;9.25083;9.21025;9.17382;9.00806;8.89268;8.87357;8.85477;8.84737;8.93837;8.93261;9.0385;9.2205;9.3699;9.52126;9.61993;9.75258;9.95763;10.179;10.1946;10.3485;10.5102;10.4834;10.7911;10.8639;11.0718;11.3704;11.6111;11.9469;12.3553;12.503;12.6628;12.7874;13.1522;13.6412;14.0659;14.3343;14.6596;15",1.45392
"0.166667;0.333333;0.5"
24.8446,0.252837,2.8758,"20.9591;20.6371;20.2976;20.0774;19.8566;19.6809;19.4516;19.3416;19.0789;18.7412;18.3925;18.1551;17.9572;17.6802;17.4787;17.2056;16.8967;16.5868;16.2133;16.0454;15.7336;15.4748;15.0309;14.8989;14.6212;14.2992;13.9088;13.5385;13.135;12.7054;12.2387;11.9474;11.5614;11.1487;10.838;10.3897;9.96592;9.4903;9.05518;8.59376;8.36668;7.96285;7.61862;7.29743;6.85331;6.48773;6.14524;5.73673;5.45893;5.00293;4.90665;4.59161;4.33134;3.99681;3.82294;3.57138;3.20094;3.04787;2.78875;2.43508;2.0761;1.81933;1.71485;1.56797;1.40899;1.24828;1","14.9507;14.8719;14.7827;14.6902;14.4177;14.055;13.7602;13.6059;13.3178;13.0373;12.7718;12.6651;12.5111;12.3342;12.2384;11.9222;11.8216;11.5035;11.368;11.2134;10.9509;10.7368;10.6679;10.5293;10.308;10.0782;9.86127;9.59311;9.35077;9.25083;9.21025;9.17382;9.00806;8.89268;8.87357;8.85477;8.84737;8.93837;8.93261;9.0385;9.2205;9.3699;9.52126;9.61993;9.75258;9.95763;10.179;10.1946;10.3485;10.5102;10.4834;10.7911;10.8639;11.0718;11.3704;11.6111;11.9469;12.3553;12.503;12.6628;12.7874;13.1522;13.6412;14.0659;14.3343;14.6596;15",1.35699
"0.166667;0.366667;0.466667"
24.9214,0.261304,2.87657,"20.9591;20.6371;20.2976;20.0774;19.8566;19.6809;19.4516;19.3416;19.0789;18.7412;18.3925;18.1551;17.9572;17.6802;17.4787;17.2056;16.8967;16.5868;16.2133;16.0454;15.7336;15.4748;15.0309;14.8989;14.6212;14.2992;13.9088;13.5385;13.3176;13.1278;12.6988;12.2387;11.9474;11.5614;11.1487;10.838;10.3897;9.96592;9.4903;9.00836;8.59376;8.36668;7.96285;7.61862;7.29743;6.85331;6.48773;6.14524;5.73673;5.45893;5.00293;4.90665;4.43169;4.1485;3.7163;3.39777;3.12102;2.9722;2.75517;2.47217;2.28326;2.0761;1.81933;1.71485;1.56797;1.40899;1.24828;1","14.9507;14.8719;14.7827;14.6902;14.4177;14.055;13.7602;13.6059;13.3178;13.0373;12.7718;12.6651;12.5111;12.3342;12.2384;11.9222;11.8216;11.5035;11.368;11.2134;10.9509;10.7368;10.6679;10.5293;10.308;10.0782;9.86127;9.59311;9.67655;9.44479;9.35992;9.21025;9.17382;9.00806;8.89268;8.87357;8.85477;8.84737;8.93837;8.91469;9.0385;9.2205;9.3699;9.52126;9.61993;9.75258;9.95763;10.179;10.1946;10.3485;10.5102;10.4834;10.619;10.8374;11.0739;11.1464;11.4792;11.6474;12.0052;12.2545;12.5846;12.7874;13.1522;13.6412;14.0659;14.3343;14.6596;15",1.2604
"0.166667;0.4;0.433333"
24.8287,0.261172,2.82884,"20.9591;20.6785;20.3944;19.9996;19.9627;19.5473;19.4516;19.3416;19.0789;18.7412;18.3925;18.1551;17.9125;17.6802;17.4787;17.2056;16.8967;16.5868;16.2133;16.0454;15.7336;15.4748;15.0309;14.8989;14.6212;14.2992;13.9088;13.5385;13.3176;13.1278;12.6988;12.2387;11.9474;11.5614;11.1487;10.838;10.3897;9.96592;9.4903;9.00836;8.59376;8.36668;7.96285;7.61862;7.29743;6.85331;6.48773;6.14524;5.73673;5.45893;5.00293;4.90665;4.43169;4.1485;3.7163;3.39777;3.12102;2.9722;2.75517;2.47217;2.28326;2.0761;1.81933;1.71485;1.56797;1.40899;1.24828;1","14.9507;14.6018;14.4515;14.2116;14.19;13.9116;13.7602;13.6059;13.3178;13.0373;12.7718;12.6651;12.5343;12.3342;12.2384;11.9222;11.8216;11.5035;11.368;11.2134;10.9509;10.7368;10.6679;10.5293;10.308;10.0782;9.86127;9.59311;9.67655;9.44479;9.35992;9.21025;9.17382;9.00806;8.89268;8.87357;8.85477;8.84737;8.93837;8.91469;9.0385;9.2205;9.3699;9.52126;9.61993;9.75258;9.95763;10.179;10.1946;10.3485;10.5102;10.4834;10.619;10.8374;11.0739;11.1464;11.4792;11.6474;12.0052;12.2545;12.5846;12.7874;13.1522;13.6412;14.0659;14.3343;14.6596;15",1.14435
"0.166667;0.433333;0.4"
24.8241,0.260575,2.82879,"20.9591;20.6785;20.3944;19.9996;19.9627;19.5473;19.4516;19.3416;19.0789;18.7412;18.3925;18.1551;17.9572;17.6802;17.4787;17.2056;16.8967;16.5868;16.4485;16.0712;15.753;15.4748;15.0309;14.8989;14.6212;14.2992;13.9088;13.5385;13.3176;13.0134;12.767;12.6742;12.2387;11.9474;11.5614;11.1487;10.838;10.3897;9.96592;9.4903;9.00836;8.59376;8.36668;7.96285;7.61862;7.29743;6.85331;6.48773;6.14524;5.73673;5.45893;5.00293;4.90665;4.43169;4.1485;3.7163;3.39777;3.12102;2.9722;2.75517;2.47217;2.28326;2.0761;1.81933;1.71485;1.56797;1.40899;1.24828;1","14.9507;14.6018;14.4515;14.2116;14.19;13.9116;13.7602;13.6059;13.3178;13.0373;12.7718;12.6651;12.5111;12.3342;12.2384;11.9222;11.8216;11.5035;11.3447;11.1964;11.0101;10.7368;10.6679;10.5293;10.308;10.0782;9.86127;9.59311;9.67655;9.50732;9.32329;9.24632;9.21025;9.17382;9.00806;8.89268;8.87357;8.85477;8.84737;8.93837;8.91469;9.0385;9.2205;9.3699;9.52126;9.61993;9.75258;9.95763;10.179;10.1946;10.3485;10.5102;10.4834;10.619;10.8374;11.0739;11.1464;11.4792;11.6474;12.0052;12.2545;12.5846;12.7874;13.1522;13.6412;14.0659;14.3343;14.6596;15",1.04897
"0.166667;0.466667;0.366667"
24.8236,0.260346,2.82164,"20.9591;20.6785;20.3944;19.9996;19.9627;19.5473;19.4516;19.3416;19.0789;18.7412;18.3925;18.1551;17.9572;17.6802;17.4787;17.2056;16.8967;16.5868;16.2133;16.0454;15.7336;15.4748;15.0309;14.8989;14.6212;14.2992;13.9088;13.5385;13.3176;13.0379;12.767;12.6742;12.2387;11.9474;11.5614;11.1487;10.838;10.3897;9.96592;9.4903;9.05518;8.59376;8.36668;7.96285;7.61862;7.29743;6.85331;6.48773;6.14524;5.73673;5.45893;5.00293;4.59161;4.1485;3.86681;3.39777;3.12102;2.9722;2.75517;2.47217;2.28326;1.98626;1.81933;1.71485;1.56797;1.40899;1.24828;1","14.9507;14.6018;14.4515;14.2116;14.19;13.9116;13.7602;13.6059;13.3178;13.0373;12.7718;12.6651;12.5111;12.3342;12.2384;11.9222;11.8216;11.5035;11.368;11.2134;10.9509;10.7368;10.6679;10.5293;10.308;10.0782;9.86127;9.59311;9.67655;9.49828;9.32329;9.24632;9.21025;9.17382;9.00806;8.89268;8.87357;8.85477;8.84737;8.93837;8.93261;9.0385;9.2205;9.3699;9.52126;9.61993;9.75258;9.95763;10.179;10.1946;10.3485;10.5102;10.7911;10.8374;10.9798;11.1464;11.4792;11.6474;12.0052;12.2545;12.5846;12.7807;13.1522;13.6412;14.0659;14.3343;14.6596;15",0.951228
"0.166667;0.5;0.333333"
24.8365,0.244595,2.82177,"20.9591;20.6785;20.3944;19.9996;19.9627;19.5473;19.4516;19.3416;19.0789;18.7412;18.3925;18.1551;17.9572;17.6802;17.4787;17.2056;16.8967;16.5868;16.2133;16.0454;15.7336;15.4748;15.0309;14.8989;14.6212;14.2992;13.9088;13.5385;13.37;13.0527;12.6345;12.1771;11.9847;11.5614;11.1487;10.838;10.3897;9.96592;9.4903;9.05518;8.59376;8.36668;7.96285;7.61862;7.29743;6.85331;6.48773;6.14524;5.73673;5.45893;5.00293;4.59161;4.1485;3.86681;3.39777;3.12102;2.9722;2.75517;2.47217;2.28326;1.98626;1.81933;1.71485;1.56797;1.40899;1.24828;1","14.9507;14.6018;14.4515;14.2116;14.19;13.9116;13.7602;13.6059;13.3178;13.0373;12.7718;12.6651;12.5111;12.3342;12.2384;11.9222;11.8216;11.5035;11.368;11.2134;10.9509;10.7368;10.6679;10.5293;10.308;10.0782;9.86127;9.59311;9.34798;9.18607;9.09982;9.15519;9.10984;9.00806;8.89268;8.87357;8.85477;8.84737;8.93837;8.93261;9.0385;9.2205;9.3699;9.52126;9.61993;9.75258;9.95763;10.179;10.1946;10.3485;10.5102;10.7911;10.8374;10.9798;11.1464;11.4792;11.6474;12.0052;12.2545;12.5846;12.7807;13.1522;13.6412;14.0659;14.3343;14.6596;15",0.856144
"0.166667;0.533333;0.3"
24.8265,0.245987,2.82882,"20.9591;20.6785;20.3944;19.9996;19.9627;19.5473;19.4516;19.3416;19.0789;18.7412;18.3925;18.1551;17.9125;17.6802;17.4787;17.2056;16.8967;16.5868;16.2133;16.0454;15.7336;15.4748;15.0309;14.8989;14.6212;14.3952;14.1347;13.9088;13.5385;13.37;13.0527;12.6345;12.1771;11.9847;11.5614;11.1487;10.838;10.3897;9.96592;9.4903;9.05518;8.59376;8.36668;7.96285;7.61862;7.29743;6.85331;6.48773;6.14524;5.73673;5.45893;5.00293;4.59161;4.1485;3.86681;3.39777;3.12102;2.9722;2.75517;2.47217;2.28326;2.0761;1.81933;1.71485;1.56797;1.40899;1.24828;1","14.9507;14.6018;14.4515;14.2116;14.19;13.9116;13.7602;13.6059;13.3178;13.0373;12.7718;12.6651;12.5343;12.3342;12.2384;11.9222;11.8216;11.5035;11.368;11.2134;10.9509;10.7368;10.6679;10.5293;10.308;10.2511;10.0348;9.86127;9.59311;9.34798;9.18607;9.09982;9.15519;9.10984;9.00806;8.89268;8.87357;8.85477;8.84737;8.93837;8.93261;9.0385;9.2205;9.3699;9.52126;9.61993;9.75258;9.95763;10.179;10.1946;10.3485;10.5102;10.7911;10.8374;10.9798;11.1464;11.4792;11.6474;12.0052;12.2545;12.5846;12.7874;13.1522;13.6412;14.0659;14.3343;14.6596;15",0.762896
"0.166667;0.566667;0.266667"
25.029,0.238493,2.83084,"20.9591;20.6785;20.3944;19.9996;19.9627;19.5473;19.4516;19.3416;19.0789;18.7412;18.3925;18.1551;17.9572;17.6802;17.4787;17.2056;16.8967;16.5868;16.2133;16.0454;15.7336;15.4748;15.0309;14.8989;14.6212;14.5145;14.2373;13.8708;13.513;13.3616;13.0221;12.6345;12.1771;11.9847;11.5614;11.1487;10.838;10.3897;9.96592;9.4903;9.05518;8.59376;8.36668;7.96285;7.61862;7.29743;6.85331;6.48773;6.14524;5.73673;5.45893;5.00293;4.59161;4.1485;3.86681;3.39777;3.12102;2.9722;2.75517;2.47217;2.28326;2.0761;1.81933;1.71485;1.56797;1.40899;1.24828;1","14.9507;14.6018;14.4515;14.2116;14.19;13.9116;13.7602;13.6059;13.3178;13.0373;12.7718;12.6651;12.5111;12.3342;12.2384;11.9222;11.8216;11.5035;11.368;11.2134;10.9509;10.7368;10.6679;10.5293;10.308;9.82975;9.60288;9.4625;9.48784;9.294;9.17589;9.09982;9.15519;9.10984;9.00806;8.89268;8.87357;8.85477;8.84737;8.93837;8.93261;9.0385;9.2205;9.3699;9.52126;9.61993;9.75258;9.95763;10.179;10.1946;10.3485;10.5102;10.7911;10.8374;10.9798;11.1464;11.4792;11.6474;12.0052;12.2545;12.5846;12.7874;13.1522;13.6412;14.0659;14.3343;14.6596;15",0.668006
"0.166667;0.6;0.233333"
25.0266,0.238513,2.83082,"20.9591;20.6785;20.3944;19.9996;19.9627;19.5473;19.4516;19.3416;19.0789;18.7412;18.3925;18.1551;17.9572;17.6802;17.4787;17.2056;16.8967;16.5868;16.2133;16.0454;15.7336;15.4748;15.0309;14.8989;14.6212;14.5145;14.2788;13.8708;13.513;13.3616;13.0221;12.6345;12.1771;11.9847;11.5614;11.1487;10.838;10.3897;9.96592;9.4903;9.05518;8.59376;8.36668;7.96285;7.61862;7.29743;6.85331;6.48773;6.14524;5.73673;5.45893;5.00293;4.59161;4.1485;3.86681;3.39777;3.12102;2.9722;2.75517;2.47217;2.28326;2.0761;1.81933;1.71485;1.56797;1.40899;1.24828;1","14.9507;14.6018;14.4515;14.2116;14.19;13.9116;13.7602;13.6059;13.3178;13.0373;12.7718;12.6651;12.5111;12.3342;12.2384;11.9222;11.8216;11.5035;11.368;11.2134;10.9509;10.7368;10.6679;10.5293;10.308;9.82975;9.63703;9.4625;9.48784;9.294;9.17589;9.09982;9.15519;9.10984;9.00806;8.89268;8.87357;8.85477;8.84737;8.93837;8.93261;9.0385;9.2205;9.3699;9.52126;9.61993;9.75258;9.95763;10.179;10.1946;10.3485;10.5102;10.7911;10.8374;10.9798;11.1464;11.4792;11.6474;12.0052;12.2545;12.5846;12.7874;13.1522;13.6412;14.0659;14.3343;14.6596;15",0.572572
"0.166667;0.633333;0.2"
25.0318,0.23851,2.83087,"20.9591;20.6785;20.3944;19.9996;19.9627;19.5473;19.4516;19.3416;19.0789;18.7412;18.3925;18.1551;17.9125;17.6802;17.4787;17.2056;16.8967;16.5868;16.2133;16.0454;15.7336;15.4748;15.0309;14.8989;14.6212;14.5145;14.2373;13.8708;13.513;13.3616;13.0221;12.6345;12.1771;11.9847;11.5614;11.1487;10.838;10.3897;9.96592;9.4903;9.05518;8.59376;8.36668;7.96285;7.61862;7.29743;6.85331;6.48773;6.14524;5.73673;5.45893;5.00293;4.59161;4.1485;3.86681;3.39777;3.12102;2.9722;2.75517;2.47217;2.28326;2.0761;1.81933;1.71485;1.56797;1.40899;1.24828;1","14.9507;14.6018;14.4515;14.2116;14.19;13.9116;13.7602;13.6059;13.3178;13.0373;12.7718;12.6651;12.5343;12.3342;12.2384;11.9222;11.8216;11.5035;11.368;11.2134;10.9509;10.7368;10.6679;10.5293;10.308;9.82975;9.60288;9.4625;9.48784;9.294;9.17589;9.09982;9.15519;9.10984;9.00806;8.89268;8.87357;8.85477;8.84737;8.93837;8.93261;9.0385;9.2205;9.3699;9.52126;9.61993;9.75258;9.95763;10.179;10.1946;10.3485;10.5102;10.7911;10.8374;10.9798;11.1464;11.4792;11.6474;12.0052;12.2545;12.5846;12.7874;13.1522;13.6412;14.0659;14.3343;14.6596;15",0.477152
"0.166667;0.666667;0.166667"
25.1829,0.225094,2.83238,"20.9591;20.6785;20.3944;19.9996;19.9627;19.5473;19.4516;19.3416;19.0789;18.7412;18.3925;18.1551;17.9125;17.6802;17.4787;17.2056;16.8967;16.5868;16.4485;16.247;16.1499;15.897;15.5299;15.2403;14.9679;14.585;14.1182;13.8697;13.513;13.3616;13.0221;12.6345;12.1771;11.9847;11.5614;11.1487;10.838;10.3897;9.96592;9.4903;9.05518;8.59376;8.36668;7.96285;7.61862;7.29743;6.85331;6.48773;6.14524;5.73673;5.45893;5.00293;4.59161;4.1485;3.86681;3.39777;3.12102;2.9722;2.75517;2.47217;2.28326;2.0761;1.81933;1.71485;1.56797;1.40899;1.24828;1","14.9507;14.6018;14.4515;14.2116;14.19;13.9116;13.7602;13.6059;13.3178;13.0373;12.7718;12.6651;12.5343;12.3342;12.2384;11.9222;11.8216;11.5035;11.3447;11.1079;10.671;10.3163;10.0144;9.73908;9.51338;9.41052;9.46278;9.41882;9.48784;9.294;9.17589;9.09982;9.15519;9.10984;9.00806;8.89268;8.87357;8.85477;8.84737;8.93837;8.93261;9.0385;9.2205;9.3699;9.52126;9.61993;9.75258;9.95763;10.179;10.1946;10.3485;10.5102;10.7911;10.8374;10.9798;11.1464;11.4792;11.6474;12.0052;12.2545;12.5846;12.7874;13.1522;13.6412;14.0659;14.3343;14.6596;15",0.381923
"0.166667;0.7;0.133333"
25.3228,0.252038,3.15942,"20.9591;20.6371;20.2976;20.0774;19.6138;19.3005;19.0288;18.6687;18.4741;18.1697;18.019;17.9486;17.6802;17.4787;17.2056;16.8967;16.5868;16.2133;16.0454;15.7336;15.4748;15.0111;14.6212;14.5145;14.2373;13.8708;13.513;13.3616;13.0379;12.767;12.4834;12.1771;11.9847;11.5614;11.1487;10.838;10.3897;9.96592;9.4903;9.05518;8.59376;8.36668;7.96285;7.61862;7.29743;6.85331;6.48773;6.14524;5.73673;5.45893;5.00293;4.59161;4.1485;3.86681;3.39777;3.12102;2.9722;2.75517;2.47217;2.28326;2.0761;1.81933;1.71485;1.56797;1.40899;1.24828;1","14.9507;14.8719;14.7827;14.6902;14.5432;14.469;14.2175;13.9253;13.6554;13.3301;12.8922;12.6975;12.3342;12.2384;11.9222;11.8216;11.5035;11.368;11.2134;10.9509;10.7368;10.5586;10.308;9.82975;9.60288;9.4625;9.48784;9.294;9.49828;9.32329;9.30424;9.15519;9.10984;9.00806;8.89268;8.87357;8.85477;8.84737;8.93837;8.93261;9.0385;9.2205;9.3699;9.52126;9.61993;9.75258;9.95763;10.179;10.1946;10.3485;10.5102;10.7911;10.8374;10.9798;11.1464;11.4792;11.6474;12.0052;12.2545;12.5846;12.7874;13.1522;13.6412;14.0659;14.3343;14.6596;15",0.319146
"0.166667;0.733333;0.1"
23.2373,0.124274,11.6187,"21.0021;20.6371;20.1476;19.8993;20.0052;19.7587;19.5012;19.2453;19.2116;18.9722;18.5147;18.2323;17.8616;17.5784;17.0997;16.9526;16.4847;16.1745;15.9638;15.5085;15.1027;14.6773;14.4894;14.1253;13.824;13.3803;13.2708;12.8137;12.5927;12.1813;11.7746;11.3691;10.9959;10.6001;10.4831;10.0764;9.74519;9.31899;9.15219;8.79818;8.65282;8.15282;7.88754;7.49782;7.27595;6.89851;6.76183;6.34229;5.98186;5.75803;5.41296;4.9235;4.56701;4.11057;3.65422;3.50753;3.23682;3.02224;2.77497;2.4487;2.16262;1.70477;1.39947;1","15.1397;14.8719;14.8736;15.2284;15.5003;15.8289;16.1702;16.5342;16.7104;16.8419;16.9234;17.1119;17.3614;17.6514;17.7532;17.6927;17.72;17.968;17.9367;18.1059;18.3691;18.1335;17.8422;17.6147;17.6025;17.6894;17.6936;17.6636;17.55;17.5611;17.5676;17.4617;17.4869;17.5984;17.6288;17.6946;17.6111;17.3583;17.1136;17.1042;17.021;17.018;16.9737;16.7983;16.7012;16.4217;16.4323;16.351;16.1439;16.3476;16.5091;16.4983;16.3621;16.2118;16.0511;15.8873;15.7488;15.4451;15.4104;15.2367;15.0475;15.0703;14.9914;15",0.779234
"0.166667;0.766667;0.0666667"
22.0422,0.226089,11.0211,"20.9384;20.5192;20.1476;19.8503;19.4047;18.9129;18.4388;17.9602;17.5136;17.0632;16.7006;16.3025;15.8769;15.5854;15.2362;14.8381;14.6288;14.3105;13.9554;13.815;13.5599;13.2759;12.8223;12.4882;12.0459;11.7704;11.3691;10.9959;10.6001;10.4831;10.0764;9.78495;9.36506;9.15219;8.79818;8.65282;8.15282;7.88754;7.49782;7.27595;6.89851;6.76183;6.34229;5.98186;5.75803;5.41296;4.9235;4.56701;4.11057;3.65422;3.50753;3.23682;3.02224;2.77497;2.4487;2.16262;1.70477;1.39947;1","14.8333;14.7032;14.8736;14.7655;14.8893;14.963;14.8977;14.9754;14.9276;15.0027;15.3204;15.4715;15.3719;15.4745;15.5004;15.408;15.5183;15.6015;15.6744;15.9528;16.1209;16.4104;16.6151;16.7894;16.9607;17.234;17.4617;17.4869;17.5984;17.6288;17.6946;17.7005;17.5218;17.1136;17.1042;17.021;17.018;16.9737;16.7983;16.7012;16.4217;16.4323;16.351;16.1439;16.3476;16.5091;16.4983;16.3621;16.2118;16.0511;15.8873;15.7488;15.4451;15.4104;15.2367;15.0475;15.0703;14.9914;15",0.370331
"0.166667;0.8;0.0333333"
22.4511,0.206365,11.2256,"21.2074;20.9384;20.5192;20.1476;19.8503;19.4047;19.0145;18.7129;18.6548;18.172;17.7561;17.4388;17.0071;16.7006;16.3025;15.8769;15.5854;15.2362;14.8381;14.6288;14.3105;14.1435;13.9818;13.715;13.2759;12.8223;12.4882;12.0459;11.7704;11.3691;10.9959;10.6251;10.3834;10.0764;9.78495;9.36506;9.20113;8.78881;8.45724;8.17491;7.88754;7.40779;7.27595;6.89851;6.76183;6.34229;5.98186;5.75803;5.41296;4.9235;4.56701;4.11057;3.65422;3.50753;3.23682;3.02224;2.77497;2.4487;2.16262;1.70477;1.39947;1","14.9691;14.8333;14.7032;14.8736;14.7655;14.8893;15.1486;15.4278;15.5139;15.5995;15.515;15.4627;15.3774;15.3204;15.4715;15.3719;15.4745;15.5004;15.408;15.5183;15.6015;15.9767;16.1041;16.2849;16.4104;16.6151;16.7894;16.9607;17.234;17.4617;17.4869;17.6602;17.6844;17.6946;17.7005;17.5218;17.5551;17.5368;17.3873;17.037;16.9737;16.845;16.7012;16.4217;16.4323;16.351;16.1439;16.3476;16.5091;16.4983;16.3621;16.2118;16.0511;15.8873;15.7488;15.4451;15.4104;15.2367;15.0475;15.0703;14.9914;15",0.291532
"0.166667;0.833333;0"
24.3164,3.89606,3.11371,"20.9052;20.6785;20.3944;19.9996;19.5133;19.1872;18.8809;18.521;18.1955;17.8653;17.7023;17.4163;16.9678;16.6035;16.2626;15.9984;15.621;15.4651;15.1442;14.9219;14.5972;14.3699;13.9324;13.5096;13.3034;12.9874;12.8034;12.4301;12.0122;11.6316;11.3632;10.9353;10.4613;10.0993;9.61539;9.15539;8.86393;8.61094;8.20649;7.83069;7.4296;7.2764;6.9552;6.70115;6.44792;6.17447;5.73777;5.46687;5.07726;4.88621;4.46345;4.07456;4.07286;3.73416;3.42507;3.04787;2.78875;2.43508;2.24964;2.0761;1.81933;1.71485;1.56797;1.40899;1.24828;1","14.8285;14.6018;14.4515;14.2116;14.1286;13.8195;13.6791;13.5254;13.2368;13.0161;12.8926;12.6695;12.4541;12.1167;11.8776;11.746;11.8071;11.5374;11.2848;11.1481;10.9118;10.8547;10.6379;10.4536;10.2967;10.098;9.8468;9.77668;9.75456;9.44777;9.64979;9.89159;9.91842;10.0121;10.0156;9.8962;9.78401;9.75268;9.84639;10.0275;10.1682;10.4394;10.4621;10.5124;10.6387;10.7238;10.8113;11.056;11.1624;11.1951;11.2221;11.5059;11.7651;11.8912;12.127;12.3553;12.503;12.6628;12.7808;12.7874;13.1522;13.6412;14.0659;14.3343;14.6596;15",2.56935
"0.2;0;0.8"
24.5027,0.730694,2.82933,"20.9591;20.6371;20.2976;20.0774;19.8566;19.6809;19.4516;19.3416;19.0789;18.8987;18.7852;18.3925;18.1551;17.9572;17.6802;17.4787;17.2056;16.8967;16.5868;16.4485;16.0712;15.9925;15.7336;15.4167;15.0111;14.6212;14.2992;13.9088;13.5385;13.4013;13.0134;12.6001;12.1225;11.6888;11.3632;10.9919;10.732;10.3657;9.92571;9.5858;9.12865;8.9036;8.61094;8.20649;7.83069;7.4296;7.2764;6.9552;6.70115;6.44792;6.17447;5.73777;5.46687;5.07726;4.88621;4.46345;4.07456;4.07286;3.73416;3.42507;3.04787;2.78875;2.43508;2.0761;1.81933;1.71485;1.56797;1.40899;1.24828;1","14.9507;14.8719;14.7827;14.6902;14.4177;14.055;13.7602;13.6059;13.3178;13.1294;12.9844;12.7718;12.6651;12.5111;12.3342;12.2384;11.9222;11.8216;11.5035;11.3447;11.1964;11.124;10.9509;10.7561;10.5586;10.308;10.0782;9.86127;9.59311;9.57898;9.50732;9.46584;9.47014;9.46262;9.64979;9.66708;9.62133;9.5653;9.50118;9.72689;9.75982;9.72941;9.75268;9.84639;10.0275;10.1682;10.4394;10.4621;10.5124;10.6387;10.7238;10.8113;11.056;11.1624;11.1951;11.2221;11.5059;11.7651;11.8912;12.127;12.3553;12.503;12.6628;12.7874;13.1522;13.6412;14.0659;14.3343;14.6596;15",2.19372
"0.2;0.0333333;0.766667"
24.4995,0.730982,2.8293,"20.9591;20.6371;20.2976;20.0774;19.8566;19.6809;19.4516;19.3416;19.0789;18.8987;18.7852;18.3925;18.1551;17.9572;17.6802;17.4787;17.2056;16.8967;16.5868;16.2133;16.0454;15.753;15.4167;15.0111;14.6212;14.2992;13.9088;13.5385;13.4013;13.0134;12.6001;12.1225;11.6888;11.3632;10.9919;10.732;10.3657;9.92571;9.5858;9.12865;8.9036;8.61094;8.20649;7.83069;7.4296;7.2764;6.9552;6.70115;6.44792;6.17447;5.73777;5.46687;5.07726;4.88621;4.46345;4.07456;4.07286;3.73416;3.42507;3.04787;2.78875;2.43508;2.0761;1.81933;1.71485;1.56797;1.40899;1.24828;1","14.9507;14.8719;14.7827;14.6902;14.4177;14.055;13.7602;13.6059;13.3178;13.1294;12.9844;12.7718;12.6651;12.5111;12.3342;12.2384;11.9222;11.8216;11.5035;11.368;11.2134;11.0101;10.7561;10.5586;10.308;10.0782;9.86127;9.59311;9.57898;9.50732;9.46584;9.47014;9.46262;9.64979;9.66708;9.62133;9.5653;9.50118;9.72689;9.75982;9.72941;9.75268;9.84639;10.0275;10.1682;10.4394;10.4621;10.5124;10.6387;10.7238;10.8113;11.056;11.1624;11.1951;11.2221;11.5059;11.7651;11.8912;12.127;12.3553;12.503;12.6628;12.7874;13.1522;13.6412;14.0659;14.3343;14.6596;15",2.09831
"0.2;0.0666667;0.733333"
24.5201,0.732199,2.8295,"20.9591;20.6371;20.2976;20.0774;19.8566;19.6809;19.4516;19.3416;19.0789;18.8987;18.7852;18.3925;18.1551;17.9572;17.6802;17.4787;17.2056;16.8967;16.5868;16.4485;16.0712;15.6977;15.276;15.0309;14.8989;14.6212;14.2992;13.9088;13.5385;13.4013;13.0134;12.6001;12.1225;11.6888;11.3632;10.9919;10.732;10.3657;9.92571;9.5858;9.12865;8.9036;8.61094;8.20649;7.83069;7.4296;7.2764;6.9552;6.70115;6.44792;6.17447;5.73777;5.46687;5.07726;4.88621;4.46345;4.07456;4.07286;3.73416;3.42507;3.04787;2.78875;2.43508;2.0761;1.81933;1.71485;1.56797;1.40899;1.24828;1","14.9507;14.8719;14.7827;14.6902;14.4177;14.055;13.7602;13.6059;13.3178;13.1294;12.9844;12.7718;12.6651;12.5111;12.3342;12.2384;11.9222;11.8216;11.5035;11.3447;11.1964;11.0101;10.8581;10.6679;10.5293;10.308;10.0782;9.86127;9.59311;9.57898;9.50732;9.46584;9.47014;9.46262;9.64979;9.66708;9.62133;9.5653;9.50118;9.72689;9.75982;9.72941;9.75268;9.84639;10.0275;10.1682;10.4394;10.4621;10.5124;10.6387;10.7238;10.8113;11.056;11.1624;11.1951;11.2221;11.5059;11.7651;11.8912;12.127;12.3553;12.503;12.6628;12.7874;13.1522;13.6412;14.0659;14.3343;14.6596;15",2.00308
"0.2;0.1;0.7"
24.6085,0.594896,3.11663,"20.9052;20.6785;20.3944;19.9996;19.5133;19.1872;18.8809;18.521;18.1955;17.8653;17.7023;17.4163;16.9678;16.6267;16.2626;15.9984;15.8704;15.6977;15.276;15.0309;14.8989;14.6212;14.2992;13.9088;13.5385;13.3176;13.0134;12.6001;12.1225;11.6888;11.2642;10.8868;10.732;10.3657;9.92571;9.5858;9.12865;8.9036;8.61094;8.20649;7.83069;7.4296;7.2764;6.9552;6.70115;6.44792;6.17447;5.73777;5.46687;5.07726;4.88621;4.46345;4.07456;4.07286;3.73416;3.42507;3.04787;2.78875;2.43508;2.0761;1.81933;1.71485;1.56797;1.40899;1.24828;1","14.8285;14.6018;14.4515;14.2116;14.1286;13.8195;13.6791;13.5254;13.2368;13.0161;12.8926;12.6695;12.4541;12.0971;11.8776;11.746;11.3605;11.0101;10.8581;10.6679;10.5293;10.308;10.0782;9.86127;9.59311;9.67655;9.50732;9.46584;9.47014;9.46262;9.24512;9.37474;9.62133;9.5653;9.50118;9.72689;9.75982;9.72941;9.75268;9.84639;10.0275;10.1682;10.4394;10.4621;10.5124;10.6387;10.7238;10.8113;11.056;11.1624;11.1951;11.2221;11.5059;11.7651;11.8912;12.127;12.3553;12.503;12.6628;12.7874;13.1522;13.6412;14.0659;14.3343;14.6596;15",2.14307
"0.2;0.133333;0.666667"
24.6124,0.458115,3.09027,"20.9591;20.6371;20.2976;20.0774;19.7606;19.5113;19.1855;19.0518;18.621;18.521;18.1955;18.019;17.9486;17.6802;17.4787;17.2056;16.8967;16.5868;16.2133;16.0454;15.753;15.4167;15.0111;14.6212;14.2992;13.9088;13.5385;13.4013;13.0134;12.6001;12.1225;11.6888;11.2642;10.8868;10.6965;10.2623;10.1142;9.73931;9.41617;9.1358;8.9036;8.61094;8.20649;7.83069;7.4296;7.2764;6.9552;6.70115;6.44792;6.17447;5.73777;5.46687;5.07726;4.88621;4.46345;4.07456;4.07286;3.73416;3.42507;3.04787;2.78875;2.43508;2.0761;1.81933;1.71485;1.56797;1.40899;1.24828;1","14.9507;14.8719;14.7827;14.6902;14.4106;14.187;14.0349;13.8446;13.5907;13.5254;13.2368;12.8922;12.6975;12.3342;12.2384;11.9222;11.8216;11.5035;11.368;11.2134;11.0101;10.7561;10.5586;10.308;10.0782;9.86127;9.59311;9.57898;9.50732;9.46584;9.47014;9.46262;9.24512;9.37474;9.3615;9.20596;9.27326;9.51395;9.50889;9.6613;9.72941;9.75268;9.84639;10.0275;10.1682;10.4394;10.4621;10.5124;10.6387;10.7238;10.8113;11.056;11.1624;11.1951;11.2221;11.5059;11.7651;11.8912;12.127;12.3553;12.503;12.6628;12.7874;13.1522;13.6412;14.0659;14.3343;14.6596;15",1.97746
"0.2;0.166667;0.633333"
24.781,0.63285,3.09196,"20.9591;20.6371;20.2976;20.0774;19.7606;19.5113;19.1855;19.0518;18.621;18.521;18.1955;18.019;17.9486;17.6802;17.4787;17.2056;16.8967;16.5868;16.2133;16.0454;15.753;15.4167;15.0309;14.8989;14.6212;14.2992;13.9088;13.5385;13.4013;13.0134;12.767;12.3565;12.1225;11.6888;11.3632;10.9424;10.732;10.3657;9.92571;9.73931;9.41617;9.1358;8.9036;8.61094;8.20649;7.83069;7.4296;7.2764;6.9552;6.70115;6.44792;6.17447;5.73777;5.46687;5.07726;4.88621;4.46345;4.07456;4.07286;3.73416;3.42507;3.04787;2.78875;2.43508;2.0761;1.81933;1.71485;1.56797;1.40899;1.24828;1","14.9507;14.8719;14.7827;14.6902;14.4106;14.187;14.0349;13.8446;13.5907;13.5254;13.2368;12.8922;12.6975;12.3342;12.2384;11.9222;11.8216;11.5035;11.368;11.2134;11.0101;10.7561;10.6679;10.5293;10.308;10.0782;9.86127;9.59311;9.57898;9.50732;9.32329;9.50146;9.47014;9.46262;9.64979;9.39456;9.62133;9.5653;9.50118;9.51395;9.50889;9.6613;9.72941;9.75268;9.84639;10.0275;10.1682;10.4394;10.4621;10.5124;10.6387;10.7238;10.8113;11.056;11.1624;11.1951;11.2221;11.5059;11.7651;11.8912;12.127;12.3553;12.503;12.6628;12.7874;13.1522;13.6412;14.0659;14.3343;14.6596;15",1.8744
"0.2;0.2;0.6"
24.8154,0.632258,2.89164,"20.9591;20.6371;20.2976;20.0774;19.7606;19.5655;19.4516;19.3416;19.0789;18.7412;18.3925;18.1551;17.9125;17.6802;17.4787;17.2056;16.8967;16.5868;16.4485;16.0712;15.753;15.4748;15.0309;14.8989;14.6212;14.2992;13.9088;13.5385;13.4013;13.0134;12.767;12.3565;12.1225;11.6888;11.3632;10.9424;10.732;10.3657;9.92571;9.73931;9.41617;9.1358;8.9036;8.61094;8.20649;7.83069;7.4296;7.2764;6.9552;6.70115;6.44792;6.17447;5.73777;5.46687;5.07726;4.88621;4.46345;4.07456;4.07286;3.73416;3.42507;3.04787;2.78875;2.43508;2.0761;1.81933;1.71485;1.56797;1.40899;1.24828;1","14.9507;14.8719;14.7827;14.6902;14.4106;14.1827;13.7602;13.6059;13.3178;13.0373;12.7718;12.6651;12.5343;12.3342;12.2384;11.9222;11.8216;11.5035;11.3447;11.1964;11.0101;10.7368;10.6679;10.5293;10.308;10.0782;9.86127;9.59311;9.57898;9.50732;9.32329;9.50146;9.47014;9.46262;9.64979;9.39456;9.62133;9.5653;9.50118;9.51395;9.50889;9.6613;9.72941;9.75268;9.84639;10.0275;10.1682;10.4394;10.4621;10.5124;10.6387;10.7238;10.8113;11.056;11.1624;11.1951;11.2221;11.5059;11.7651;11.8912;12.127;12.3553;12.503;12.6628;12.7874;13.1522;13.6412;14.0659;14.3343;14.6596;15",1.65675
"0.2;0.233333;0.566667"
24.7564,0.292398,2.84265,"20.9052;20.6785;20.3944;20.029;19.8566;19.6809;19.4516;19.3416;19.0789;18.7412;18.3925;18.1551;17.9572;17.6802;17.4787;17.2056;16.8967;16.5868;16.4485;16.0712;15.753;15.4748;15.0309;14.8989;14.6212;14.2992;13.9088;13.5385;13.1278;12.6988;12.2387;11.9474;11.5614;11.1487;10.838;10.3897;9.96592;9.63811;9.30771;8.94642;8.67233;8.24186;7.83069;7.4296;7.2764;6.9552;6.70115;6.44792;6.17447;5.73777;5.46687;5.07726;4.88621;4.46345;4.07456;4.07286;3.73416;3.42507;3.04787;2.78875;2.43508;2.0761;1.81933;1.71485;1.56797;1.40899;1.24828;1","14.8285;14.6018;14.4515;14.5077;14.4177;14.055;13.7602;13.6059;13.3178;13.0373;12.7718;12.6651;12.5111;12.3342;12.2384;11.9222;11.8216;11.5035;11.3447;11.1964;11.0101;10.7368;10.6679;10.5293;10.308;10.0782;9.86127;9.59311;9.44479;9.35992;9.21025;9.17382;9.00806;8.89268;8.87357;8.85477;8.84737;8.9842;9.06904;9.19576;9.58077;9.82834;10.0275;10.1682;10.4394;10.4621;10.5124;10.6387;10.7238;10.8113;11.056;11.1624;11.1951;11.2221;11.5059;11.7651;11.8912;12.127;12.3553;12.503;12.6628;12.7874;13.1522;13.6412;14.0659;14.3343;14.6596;15",1.56834
"0.2;0.266667;0.533333"
24.7499,0.256652,2.84259,"20.9052;20.6785;20.3944;20.029;19.8566;19.6809;19.4516;19.3416;19.0789;18.7412;18.3925;18.1551;17.9572;17.6802;17.4787;17.2056;16.8967;16.5868;16.2133;16.0454;15.7336;15.4748;15.0309;14.8989;14.6212;14.2992;13.9088;13.5385;13.1278;12.6988;12.2387;11.9474;11.5614;11.1487;10.838;10.3897;9.96592;9.4903;9.05518;8.59376;8.36668;7.96285;7.61862;7.29743;6.85331;6.48773;6.14524;5.73673;5.45893;5.00293;4.90665;4.43169;4.1485;3.7163;3.39777;3.12102;2.9722;2.75517;2.47217;2.28326;2.0761;1.81933;1.71485;1.56797;1.40899;1.24828;1","14.8285;14.6018;14.4515;14.5077;14.4177;14.055;13.7602;13.6059;13.3178;13.0373;12.7718;12.6651;12.5111;12.3342;12.2384;11.9222;11.8216;11.5035;11.368;11.2134;10.9509;10.7368;10.6679;10.5293;10.308;10.0782;9.86127;9.59311;9.44479;9.35992;9.21025;9.17382;9.00806;8.89268;8.87357;8.85477;8.84737;8.93837;8.93261;9.0385;9.2205;9.3699;9.52126;9.61993;9.75258;9.95763;10.179;10.1946;10.3485;10.5102;10.4834;10.619;10.8374;11.0739;11.1464;11.4792;11.6474;12.0052;12.2545;12.5846;12.7874;13.1522;13.6412;14.0659;14.3343;14.6596;15",1.47028
"0.2;0.3;0.5"
24.7483,0.25205,2.82804,"20.9591;20.6785;20.3944;19.9996;19.9627;19.5473;19.4516;19.3416;19.0789;18.7412;18.3925;18.1551;17.9572;17.6802;17.4787;17.2056;16.8967;16.5868;16.4485;16.0712;15.753;15.4748;15.0309;14.8989;14.6212;14.2992;13.9088;13.5385;13.135;12.7054;12.2387;11.9474;11.5614;11.1487;10.838;10.3897;9.96592;9.4903;9.05518;8.59376;8.36668;7.96285;7.61862;7.29743;6.85331;6.48773;6.14524;5.73673;5.45893;5.00293;4.90665;4.43169;4.1485;3.7163;3.39777;3.12102;2.9722;2.75517;2.47217;2.28326;2.0761;1.81933;1.71485;1.56797;1.40899;1.24828;1","14.9507;14.6018;14.4515;14.2116;14.19;13.9116;13.7602;13.6059;13.3178;13.0373;12.7718;12.6651;12.5111;12.3342;12.2384;11.9222;11.8216;11.5035;11.3447;11.1964;11.0101;10.7368;10.6679;10.5293;10.308;10.0782;9.86127;9.59311;9.35077;9.25083;9.21025;9.17382;9.00806;8.89268;8.87357;8.85477;8.84737;8.93837;8.93261;9.0385;9.2205;9.3699;9.52126;9.61993;9.75258;9.95763;10.179;10.1946;10.3485;10.5102;10.4834;10.619;10.8374;11.0739;11.1464;11.4792;11.6474;12.0052;12.2545;12.5846;12.7874;13.1522;13.6412;14.0659;14.3343;14.6596;15",1.3347
"0.2;0.333333;0.466667"
24.7493,0.252002,2.82805,"20.9591;20.6785;20.3944;19.9996;19.9627;19.5473;19.4516;19.3416;19.0789;18.7412;18.3925;18.1551;17.9572;17.6802;17.4787;17.2056;16.8967;16.5868;16.2133;16.0454;15.7336;15.4748;15.0309;14.8989;14.6212;14.2992;13.9088;13.5385;13.135;12.7054;12.2387;11.9474;11.5614;11.1487;10.838;10.3897;9.96592;9.4903;9.00836;8.59376;8.36668;7.96285;7.61862;7.29743;6.85331;6.48773;6.14524;5.73673;5.45893;5.00293;4.90665;4.43169;4.1485;3.7163;3.39777;3.12102;2.9722;2.75517;2.47217;2.28326;2.0761;1.81933;1.71485;1.56797;1.40899;1.24828;1","14.9507;14.6018;14.4515;14.2116;14.19;13.9116;13.7602;13.6059;13.3178;13.0373;12.7718;12.6651;12.5111;12.3342;12.2384;11.9222;11.8216;11.5035;11.368;11.2134;10.9509;10.7368;10.6679;10.5293;10.308;10.0782;9.86127;9.59311;9.35077;9.25083;9.21025;9.17382;9.00806;8.89268;8.87357;8.85477;8.84737;8.93837;8.91469;9.0385;9.2205;9.3699;9.52126;9.61993;9.75258;9.95763;10.179;10.1946;10.3485;10.5102;10.4834;10.619;10.8374;11.0739;11.1464;11.4792;11.6474;12.0052;12.2545;12.5846;12.7874;13.1522;13.6412;14.0659;14.3343;14.6596;15",1.23937
"0.2;0.366667;0.433333"
24.7559,0.252207,2.82097,"20.9591;20.6785;20.3944;19.9996;19.9627;19.5473;19.4516;19.3416;19.0789;18.7412;18.3925;18.1551;17.9572;17.6802;17.4787;17.2056;16.8967;16.5868;16.2133;16.0454;15.7336;15.4748;15.0309;14.8989;14.6212;14.2992;13.9088;13.5385;13.135;12.7054;12.2387;11.9474;11.5614;11.1487;10.838;10.3897;9.96592;9.4903;9.05518;8.59376;8.36668;7.96285;7.61862;7.29743;6.85331;6.48773;6.14524;5.73673;5.45893;5.00293;4.59161;4.1485;3.86681;3.39777;3.12102;2.9722;2.75517;2.47217;2.28326;1.98626;1.81933;1.71485;1.56797;1.40899;1.24828;1","14.9507;14.6018;14.4515;14.2116;14.19;13.9116;13.7602;13.6059;13.3178;13.0373;12.7718;12.6651;12.5111;12.3342;12.2384;11.9222;11.8216;11.5035;11.368;11.2134;10.9509;10.7368;10.6679;10.5293;10.308;10.0782;9.86127;9.59311;9.35077;9.25083;9.21025;9.17382;9.00806;8.89268;8.87357;8.85477;8.84737;8.93837;8.93261;9.0385;9.2205;9.3699;9.52126;9.61993;9.75258;9.95763;10.179;10.1946;10.3485;10.5102;10.7911;10.8374;10.9798;11.1464;11.4792;11.6474;12.0052;12.2545;12.5846;12.7807;13.1522;13.6412;14.0659;14.3343;14.6596;15",1.1412
"0.2;0.4;0.4"
24.7559,0.252207,2.82097,"20.9591;20.6785;20.3944;19.9996;19.9627;19.5473;19.4516;19.3416;19.0789;18.7412;18.3925;18.1551;17.9572;17.6802;17.4787;17.2056;16.8967;16.5868;16.2133;16.0454;15.7336;15.4748;15.0309;14.8989;14.6212;14.2992;13.9088;13.5385;13.135;12.7054;12.2387;11.9474;11.5614;11.1487;10.838;10.3897;9.96592;9.4903;9.05518;8.59376;8.36668;7.96285;7.61862;7.29743;6.85331;6.48773;6.14524;5.73673;5.45893;5.00293;4.59161;4.1485;3.86681;3.39777;3.12102;2.9722;2.75517;2.47217;2.28326;1.98626;1.81933;1.71485;1.56797;1.40899;1.24828;1","14.9507;14.6018;14.4515;14.2116;14.19;13.9116;13.7602;13.6059;13.3178;13.0373;12.7718;12.6651;12.5111;12.3342;12.2384;11.9222;11.8216;11.5035;11.368;11.2134;10.9509;10.7368;10.6679;10.5293;10.308;10.0782;9.86127;9.59311;9.35077;9.25083;9.21025;9.17382;9.00806;8.89268;8.87357;8.85477;8.84737;8.93837;8.93261;9.0385;9.2205;9.3699;9.52126;9.61993;9.75258;9.95763;10.179;10.1946;10.3485;10.5102;10.7911;10.8374;10.9798;11.1464;11.4792;11.6474;12.0052;12.2545;12.5846;12.7807;13.1522;13.6412;14.0659;14.3343;14.6596;15",1.0461
"0.2;0.433333;0.366667"
24.7702,0.253603,2.82111,"20.9591;20.6785;20.3944;19.9996;19.9627;19.5473;19.4516;19.3416;19.0789;18.7412;18.3925;18.1551;17.9572;17.6802;17.4787;17.2056;16.8967;16.5868;16.2133;16.0454;15.7336;15.4748;15.0309;14.8989;14.6212;14.3952;14.1347;13.9088;13.5385;13.135;12.7054;12.2387;11.9474;11.5614;11.1487;10.838;10.3897;9.96592;9.4903;9.05518;8.59376;8.36668;7.96285;7.61862;7.29743;6.85331;6.48773;6.14524;5.73673;5.45893;5.00293;4.59161;4.1485;3.86681;3.39777;3.12102;2.9722;2.75517;2.47217;2.28326;1.98626;1.81933;1.71485;1.56797;1.40899;1.24828;1","14.9507;14.6018;14.4515;14.2116;14.19;13.9116;13.7602;13.6059;13.3178;13.0373;12.7718;12.6651;12.5111;12.3342;12.2384;11.9222;11.8216;11.5035;11.368;11.2134;10.9509;10.7368;10.6679;10.5293;10.308;10.2511;10.0348;9.86127;9.59311;9.35077;9.25083;9.21025;9.17382;9.00806;8.89268;8.87357;8.85477;8.84737;8.93837;8.93261;9.0385;9.2205;9.3699;9.52126;9.61993;9.75258;9.95763;10.179;10.1946;10.3485;10.5102;10.7911;10.8374;10.9798;11.1464;11.4792;11.6474;12.0052;12.2545;12.5846;12.7807;13.1522;13.6412;14.0659;14.3343;14.6596;15",0.95105
"0.2;0.466667;0.333333"
24.7992,0.260342,2.82855,"20.9591;20.6785;20.3944;19.9996;19.9627;19.5473;19.4516;19.3416;19.0789;18.7412;18.3925;18.1551;17.9125;17.6802;17.4787;17.2056;16.8967;16.5868;16.2133;16.0454;15.7336;15.4748;15.0309;14.8989;14.6212;14.2992;13.9088;13.5385;13.3176;13.0379;12.767;12.6742;12.2387;11.9474;11.5614;11.1487;10.838;10.3897;9.96592;9.4903;9.05518;8.59376;8.36668;7.96285;7.61862;7.29743;6.85331;6.48773;6.14524;5.73673;5.45893;5.00293;4.59161;4.1485;3.86681;3.39777;3.12102;2.9722;2.75517;2.47217;2.28326;2.0761;1.81933;1.71485;1.56797;1.40899;1.24828;1","14.9507;14.6018;14.4515;14.2116;14.19;13.9116;13.7602;13.6059;13.3178;13.0373;12.7718;12.6651;12.5343;12.3342;12.2384;11.9222;11.8216;11.5035;11.368;11.2134;10.9509;10.7368;10.6679;10.5293;10.308;10.0782;9.86127;9.59311;9.67655;9.49828;9.32329;9.24632;9.21025;9.17382;9.00806;8.89268;8.87357;8.85477;8.84737;8.93837;8.93261;9.0385;9.2205;9.3699;9.52126;9.61993;9.75258;9.95763;10.179;10.1946;10.3485;10.5102;10.7911;10.8374;10.9798;11.1464;11.4792;11.6474;12.0052;12.2545;12.5846;12.7874;13.1522;13.6412;14.0659;14.3343;14.6596;15",0.858176
"0.2;0.5;0.3"
24.8766,0.278204,2.82932,"20.9591;20.6785;20.3944;19.9996;19.9627;19.5473;19.4516;19.3416;19.0789;18.7412;18.3925;18.1551;17.9125;17.6802;17.4787;17.2056;16.8967;16.5868;16.4485;16.0712;15.753;15.4748;15.0309;14.8989;14.6212;14.2992;13.9088;13.5385;13.3176;13.0212;12.6811;12.4834;12.1771;11.9474;11.5614;11.1487;10.838;10.3897;9.96592;9.4903;9.05518;8.59376;8.36668;7.96285;7.61862;7.29743;6.85331;6.48773;6.14524;5.73673;5.45893;5.00293;4.59161;4.1485;3.86681;3.39777;3.12102;2.9722;2.75517;2.47217;2.28326;2.0761;1.81933;1.71485;1.56797;1.40899;1.24828;1","14.9507;14.6018;14.4515;14.2116;14.19;13.9116;13.7602;13.6059;13.3178;13.0373;12.7718;12.6651;12.5343;12.3342;12.2384;11.9222;11.8216;11.5035;11.3447;11.1964;11.0101;10.7368;10.6679;10.5293;10.308;10.0782;9.86127;9.59311;9.67655;9.69073;9.60256;9.30424;9.15519;9.17382;9.00806;8.89268;8.87357;8.85477;8.84737;8.93837;8.93261;9.0385;9.2205;9.3699;9.52126;9.61993;9.75258;9.95763;10.179;10.1946;10.3485;10.5102;10.7911;10.8374;10.9798;11.1464;11.4792;11.6474;12.0052;12.2545;12.5846;12.7874;13.1522;13.6412;14.0659;14.3343;14.6596;15",0.763029
"0.2;0.533333;0.266667"
24.9364,0.248708,2.82992,"20.9591;20.6785;20.3944;19.9996;19.9627;19.5473;19.4516;19.3416;19.0789;18.7412;18.3925;18.1551;17.9572;17.6802;17.4787;17.2056;16.8967;16.5868;16.2133;16.0454;15.7336;15.4748;15.0309;14.8989;14.6212;14.2992;14.0837;13.8708;13.513;13.37;13.0527;12.7054;12.2387;11.9474;11.5614;11.1487;10.838;10.3897;9.96592;9.4903;9.05518;8.59376;8.36668;7.96285;7.61862;7.29743;6.85331;6.48773;6.14524;5.73673;5.45893;5.00293;4.59161;4.1485;3.86681;3.39777;3.12102;2.9722;2.75517;2.47217;2.28326;2.0761;1.81933;1.71485;1.56797;1.40899;1.24828;1","14.9507;14.6018;14.4515;14.2116;14.19;13.9116;13.7602;13.6059;13.3178;13.0373;12.7718;12.6651;12.5111;12.3342;12.2384;11.9222;11.8216;11.5035;11.368;11.2134;10.9509;10.7368;10.6679;10.5293;10.308;10.0782;9.84275;9.4625;9.48784;9.34798;9.18607;9.25083;9.21025;9.17382;9.00806;8.89268;8.87357;8.85477;8.84737;8.93837;8.93261;9.0385;9.2205;9.3699;9.52126;9.61993;9.75258;9.95763;10.179;10.1946;10.3485;10.5102;10.7911;10.8374;10.9798;11.1464;11.4792;11.6474;12.0052;12.2545;12.5846;12.7874;13.1522;13.6412;14.0659;14.3343;14.6596;15",0.66779
"0.2;0.566667;0.233333"
24.7832,0.259114,2.82838,"20.9591;20.6785;20.3944;19.9996;19.9627;19.5473;19.4516;19.3416;19.0789;18.7412;18.3925;18.1551;17.9572;17.6802;17.4787;17.2056;16.8967;16.5868;16.2133;16.0454;15.7336;15.4748;15.0309;14.8989;14.6212;14.2992;13.9088;13.5385;13.3176;13.0379;12.767;12.4834;12.1771;11.9847;11.5614;11.1487;10.838;10.3897;9.96592;9.4903;9.05518;8.59376;8.36668;7.96285;7.61862;7.29743;6.85331;6.48773;6.14524;5.73673;5.45893;5.00293;4.59161;4.1485;3.86681;3.39777;3.12102;2.9722;2.75517;2.47217;2.28326;2.0761;1.81933;1.71485;1.56797;1.40899;1.24828;1","14.9507;14.6018;14.4515;14.2116;14.19;13.9116;13.7602;13.6059;13.3178;13.0373;12.7718;12.6651;12.5111;12.3342;12.2384;11.9222;11.8216;11.5035;11.368;11.2134;10.9509;10.7368;10.6679;10.5293;10.308;10.0782;9.86127;9.59311;9.67655;9.49828;9.32329;9.30424;9.15519;9.10984;9.00806;8.89268;8.87357;8.85477;8.84737;8.93837;8.93261;9.0385;9.2205;9.3699;9.52126;9.61993;9.75258;9.95763;10.179;10.1946;10.3485;10.5102;10.7911;10.8374;10.9798;11.1464;11.4792;11.6474;12.0052;12.2545;12.5846;12.7874;13.1522;13.6412;14.0659;14.3343;14.6596;15",0.572085
"0.2;0.6;0.2"
24.8094,0.244573,2.82865,"20.9591;20.6785;20.3944;19.9996;19.9627;19.5473;19.4516;19.3416;19.0789;18.7412;18.3925;18.1551;17.9572;17.6802;17.4787;17.2056;16.8967;16.5868;16.2133;16.0454;15.7336;15.4748;15.0309;14.8989;14.6212;14.2992;13.9088;13.5385;13.37;13.0527;12.6345;12.1771;11.9847;11.5614;11.1487;10.838;10.3897;9.96592;9.4903;9.05518;8.59376;8.36668;7.96285;7.61862;7.29743;6.85331;6.48773;6.14524;5.73673;5.45893;5.00293;4.59161;4.1485;3.86681;3.39777;3.12102;2.9722;2.75517;2.47217;2.28326;2.0761;1.81933;1.71485;1.56797;1.40899;1.24828;1","14.9507;14.6018;14.4515;14.2116;14.19;13.9116;13.7602;13.6059;13.3178;13.0373;12.7718;12.6651;12.5111;12.3342;12.2384;11.9222;11.8216;11.5035;11.368;11.2134;10.9509;10.7368;10.6679;10.5293;10.308;10.0782;9.86127;9.59311;9.34798;9.18607;9.09982;9.15519;9.10984;9.00806;8.89268;8.87357;8.85477;8.84737;8.93837;8.93261;9.0385;9.2205;9.3699;9.52126;9.61993;9.75258;9.95763;10.179;10.1946;10.3485;10.5102;10.7911;10.8374;10.9798;11.1464;11.4792;11.6474;12.0052;12.2545;12.5846;12.7874;13.1522;13.6412;14.0659;14.3343;14.6596;15",0.476781
"0.2;0.633333;0.166667"
24.9389,0.241912,2.82994,"20.9591;20.6785;20.3944;19.9996;19.9627;19.5473;19.4516;19.3416;19.0789;18.7412;18.3925;18.1551;17.9572;17.6802;17.4787;17.2056;16.8967;16.5868;16.2133;16.0454;15.7336;15.4748;15.0309;14.8989;14.6212;14.2992;14.0837;13.8708;13.513;13.3616;13.0221;12.6345;12.1771;11.9847;11.5614;11.1487;10.838;10.3897;9.96592;9.4903;9.05518;8.59376;8.36668;7.96285;7.61862;7.29743;6.85331;6.48773;6.14524;5.73673;5.45893;5.00293;4.59161;4.1485;3.86681;3.39777;3.12102;2.9722;2.75517;2.47217;2.28326;2.0761;1.81933;1.71485;1.56797;1.40899;1.24828;1","14.9507;14.6018;14.4515;14.2116;14.19;13.9116;13.7602;13.6059;13.3178;13.0373;12.7718;12.6651;12.5111;12.3342;12.2384;11.9222;11.8216;11.5035;11.368;11.2134;10.9509;10.7368;10.6679;10.5293;10.308;10.0782;9.84275;9.4625;9.48784;9.294;9.17589;9.09982;9.15519;9.10984;9.00806;8.89268;8.87357;8.85477;8.84737;8.93837;8.93261;9.0385;9.2205;9.3699;9.52126;9.61993;9.75258;9.95763;10.179;10.1946;10.3485;10.5102;10.7911;10.8374;10.9798;11.1464;11.4792;11.6474;12.0052;12.2545;12.5846;12.7874;13.1522;13.6412;14.0659;14.3343;14.6596;15",0.381598
"0.2;0.666667;0.133333"
24.9216,0.319646,3.10173,"20.9591;20.6785;20.3944;19.9996;19.9627;19.5473;19.4516;19.3416;19.0789;18.7412;18.3925;18.1551;17.9572;17.6802;17.4787;17.2056;16.8967;16.5868;16.375;15.9925;15.7336;15.4748;15.0309;14.8989;14.6212;14.3952;14.1347;13.9088;13.5385;13.37;13.0527;12.5789;12.1029;11.9765;11.5614;11.1487;10.838;10.3897;9.96592;9.69416;9.41617;9.1358;8.99656;8.61094;8.20649;7.83069;7.4296;7.2764;6.87612;6.39606;5.96471;5.56777;5.22445;5.01231;4.87399;4.42507;4.17899;3.74448;3.3286;2.94597;2.60995;2.52948;2.3699;2.18265;2.07308;1.87497;1.69089;1.27364;1","14.9507;14.6018;14.4515;14.2116;14.19;13.9116;13.7602;13.6059;13.3178;13.0373;12.7718;12.6651;12.5111;12.3342;12.2384;11.9222;11.8216;11.5035;11.2379;11.124;10.9509;10.7368;10.6679;10.5293;10.308;10.2511;10.0348;9.86127;9.59311;9.34798;9.18607;9.04197;8.98239;9.13258;9.00806;8.89268;8.87357;8.85477;8.84737;9.21682;9.50889;9.6613;9.59993;9.75268;9.84639;10.0275;10.1682;10.4394;10.7052;10.7781;11.0031;11.2974;11.5544;11.8388;12.2744;12.4542;12.7297;12.625;12.6678;12.8185;13.0846;13.4745;13.7086;13.8659;14.135;14.4526;14.6408;14.8808;15",0.313377
"0.2;0.7;0.1"
22.2257,0.203947,11.1129,"20.9591;20.6785;20.2976;19.8503;19.4047;18.9359;18.7299;18.4883;18.1382;17.8747;17.4388;17.0071;16.7006;16.4699;16.0143;15.5682;15.5275;15.0441;14.6481;14.2716;13.9818;13.715;13.2759;12.8223;12.4882;12.0459;11.7704;11.3691;10.9959;10.6001;10.4831;10.0764;9.74519;9.31899;9.15219;8.79818;8.65282;8.15282;7.88754;7.49782;7.27595;6.89851;6.76183;6.34229;5.98186;5.75803;5.41296;4.9235;4.56701;4.11057;3.65422;3.50753;3.23682;3.02224;2.77497;2.4487;2.16262;1.70477;1.39947;1","14.9507;14.6018;14.7827;14.7655;14.8893;14.9797;15.0065;15.2271;15.2804;15.4027;15.4627;15.3774;15.3204;15.7259;15.9078;15.9302;15.9068;15.9423;15.6749;15.9537;16.1041;16.2849;16.4104;16.6151;16.7894;16.9607;17.234;17.4617;17.4869;17.5984;17.6288;17.6946;17.6111;17.3583;17.1136;17.1042;17.021;17.018;16.9737;16.7983;16.7012;16.4217;16.4323;16.351;16.1439;16.3476;16.5091;16.4983;16.3621;16.2118;16.0511;15.8873;15.7488;15.4451;15.4104;15.2367;15.0475;15.0703;14.9914;15",0.742994
"0.2;0.733333;0.0666667"
22.5582,0.204183,11.2791,"20.9591;20.6785;20.3944;20.1476;19.8503;19.4047;18.9359;18.7299;18.4883;18.1382;17.8747;17.4388;17.0071;16.7006;16.4699;16.0143;15.5682;15.5275;15.0441;14.6481;14.2716;13.9818;13.715;13.2759;12.8223;12.4882;12.0459;11.7704;11.3691;10.9959;10.6001;10.4831;10.0764;9.78495;9.36506;9.15219;8.79818;8.65282;8.15282;7.88754;7.49782;7.27595;6.89851;6.76183;6.34229;5.98186;5.75803;5.41296;4.9235;4.56701;4.11057;3.65422;3.50753;3.23682;3.02224;2.77497;2.4487;2.16262;1.70477;1.39947;1","14.9507;14.6018;14.4515;14.8736;14.7655;14.8893;14.9797;15.0065;15.2271;15.2804;15.4027;15.4627;15.3774;15.3204;15.7259;15.9078;15.9302;15.9068;15.9423;15.6749;15.9537;16.1041;16.2849;16.4104;16.6151;16.7894;16.9607;17.234;17.4617;17.4869;17.5984;17.6288;17.6946;17.7005;17.5218;17.1136;17.1042;17.021;17.018;16.9737;16.7983;16.7012;16.4217;16.4323;16.351;16.1439;16.3476;16.5091;16.4983;16.3621;16.2118;16.0511;15.8873;15.7488;15.4451;15.4104;15.2367;15.0475;15.0703;14.9914;15",0.377037
"0.2;0.766667;0.0333333"
23.9689,0.0608823,11.9844,"21.2074;20.9384;20.6785;20.3944;20.1476;19.8993;20.0052;19.7587;19.4532;19.2453;19.2116;18.9722;18.5147;18.0456;17.8987;17.5633;17.0997;16.8089;16.6187;16.2696;15.8545;15.5767;15.1027;14.6773;14.2054;13.8042;13.3442;12.9409;12.5548;12.1816;11.8264;11.4165;10.9328;10.6224;10.2617;9.93864;9.52723;9.2182;8.90526;8.53008;8.16708;7.84007;7.41521;7.24646;6.79464;6.56079;6.23747;6.01488;5.78191;5.42853;5.02079;4.9235;4.56701;4.11057;3.65422;3.50753;3.23682;3.02224;2.77497;2.4487;2.16262;1.70477;1.39947;1","14.9691;14.8333;14.6018;14.4515;14.8736;15.2284;15.5003;15.8289;16.1692;16.5342;16.7104;16.8419;16.9234;17.0728;17.2572;17.5882;17.7532;18.011;17.9681;18.2705;18.4074;18.4969;18.3691;18.1335;18.213;18.3139;18.365;18.506;18.7752;18.8322;18.8689;18.9082;18.9276;19.0236;19.079;19.157;19.0713;19.0136;18.7628;18.6724;18.4366;18.2237;18.0352;18.1007;17.9171;17.7672;17.6106;17.3363;17.1329;16.8145;16.5917;16.4983;16.3621;16.2118;16.0511;15.8873;15.7488;15.4451;15.4104;15.2367;15.0475;15.0703;14.9914;15",0.0488289
"0.2;0.8;0"
24.5307,3.63581,2.82961,"20.9591;20.6371;20.2976;20.0774;19.8566;19.6809;19.4516;19.3416;19.0789;18.8987;18.7852;18.3925;18.1551;17.9572;17.6802;17.4787;17.2056;16.8967;16.6298;16.2975;15.9875;15.6977;15.276;15.0309;14.8989;14.6212;14.2992;13.9088;13.5385;13.4013;13.0134;12.6001;12.1225;11.6888;11.3632;10.9353;10.4613;10.0993;9.61539;9.15539;8.86393;8.61094;8.20649;7.83069;7.4296;7.2764;6.9552;6.70115;6.44792;6.17447;5.73777;5.46687;5.07726;4.88621;4.46345;4.07456;4.07286;3.73416;3.42507;3.04787;2.78875;2.43508;2.0761;1.81933;1.71485;1.56797;1.40899;1.24828;1","14.9507;14.8719;14.7827;14.6902;14.4177;14.055;13.7602;13.6059;13.3178;13.1294;12.9844;12.7718;12.6651;12.5111;12.3342;12.2384;11.9222;11.8216;11.665;11.5202;11.2519;11.0101;10.8581;10.6679;10.5293;10.308;10.0782;9.86127;9.59311;9.57898;9.50732;9.46584;9.47014;9.46262;9.64979;9.89159;9.91842;10.0121;10.0156;9.8962;9.78401;9.75268;9.84639;10.0275;10.1682;10.4394;10.4621;10.5124;10.6387;10.7238;10.8113;11.056;11.1624;11.1951;11.2221;11.5059;11.7651;11.8912;12.127;12.3553;12.503;12.6628;12.7874;13.1522;13.6412;14.0659;14.3343;14.6596;15",2.19393
"0.233333;0;0.766667"
24.4978,0.731278,2.82928,"20.9591;20.6371;20.2976;20.0774;19.8566;19.6809;19.4516;19.3416;19.0789;18.8987;18.7852;18.3925;18.1551;17.9572;17.6802;17.4787;17.2056;16.8967;16.5868;16.2133;16.0454;15.753;15.3917;15.0111;14.6212;14.2992;13.9088;13.5385;13.4013;13.0134;12.6001;12.1225;11.6888;11.3632;10.9919;10.732;10.3657;9.92571;9.5858;9.12865;8.9036;8.61094;8.20649;7.83069;7.4296;7.2764;6.9552;6.70115;6.44792;6.17447;5.73777;5.46687;5.07726;4.88621;4.46345;4.07456;4.07286;3.73416;3.42507;3.04787;2.78875;2.43508;2.0761;1.81933;1.71485;1.56797;1.40899;1.24828;1","14.9507;14.8719;14.7827;14.6902;14.4177;14.055;13.7602;13.6059;13.3178;13.1294;12.9844;12.7718;12.6651;12.5111;12.3342;12.2384;11.9222;11.8216;11.5035;11.368;11.2134;11.0101;10.8282;10.5586;10.308;10.0782;9.86127;9.59311;9.57898;9.50732;9.46584;9.47014;9.46262;9.64979;9.66708;9.62133;9.5653;9.50118;9.72689;9.75982;9.72941;9.75268;9.84639;10.0275;10.1682;10.4394;10.4621;10.5124;10.6387;10.7238;10.8113;11.056;11.1624;11.1951;11.2221;11.5059;11.7651;11.8912;12.127;12.3553;12.503;12.6628;12.7874;13.1522;13.6412;14.0659;14.3343;14.6596;15",2.0983
"0.233333;0.0333333;0.733333"
24.5468,1.44529,3.22998,"20.9591;20.6371;20.2976;19.8503;19.6138;19.3005;19.0288;18.8784;18.5555;18.1955;17.8653;17.7023;17.4163;16.9678;16.6035;16.2626;15.9984;15.621;15.4651;15.1442;14.9219;14.5972;14.3699;13.9324;13.5096;13.3034;12.9874;12.5128;12.124;12.0122;11.6888;11.3632;10.9919;10.732;10.3657;9.92571;9.5858;9.12865;8.9036;8.61094;8.20649;7.83069;7.4296;7.2764;6.9552;6.70115;6.44792;6.17447;5.73777;5.46687;5.07726;4.88621;4.46345;4.07456;4.07286;3.73416;3.42507;3.04787;2.78875;2.43508;2.0761;1.81933;1.71485;1.56797;1.40899;1.24828;1","14.9507;14.8719;14.7827;14.7655;14.5432;14.469;14.2175;13.9519;13.5739;13.2368;13.0161;12.8926;12.6695;12.4541;12.1167;11.8776;11.746;11.8071;11.5374;11.2848;11.1481;10.9118;10.8547;10.6379;10.4536;10.2967;10.098;10.1712;9.97609;9.75456;9.46262;9.64979;9.66708;9.62133;9.5653;9.50118;9.72689;9.75982;9.72941;9.75268;9.84639;10.0275;10.1682;10.4394;10.4621;10.5124;10.6387;10.7238;10.8113;11.056;11.1624;11.1951;11.2221;11.5059;11.7651;11.8912;12.127;12.3553;12.503;12.6628;12.7874;13.1522;13.6412;14.0659;14.3343;14.6596;15",2.28342
"0.233333;0.0666667;0.7"
24.6082,0.731648,3.13753,"20.9384;20.6785;20.3944;20.029;19.5917;19.5113;19.1855;19.0518;18.621;18.521;18.1955;18.019;17.9486;17.6802;17.4787;17.2056;16.8967;16.5868;16.2133;16.0454;15.753;15.4167;15.0111;14.6212;14.2992;13.9088;13.5385;13.4013;13.0134;12.6001;12.1225;11.6888;11.3632;10.9919;10.732;10.3657;9.92571;9.5858;9.12865;8.9036;8.61094;8.20649;7.83069;7.4296;7.2764;6.9552;6.70115;6.44792;6.17447;5.73777;5.46687;5.07726;4.88621;4.46345;4.07456;4.07286;3.73416;3.42507;3.04787;2.78875;2.43508;2.0761;1.81933;1.71485;1.56797;1.40899;1.24828;1","14.8333;14.6018;14.4515;14.5077;14.4734;14.187;14.0349;13.8446;13.5907;13.5254;13.2368;12.8922;12.6975;12.3342;12.2384;11.9222;11.8216;11.5035;11.368;11.2134;11.0101;10.7561;10.5586;10.308;10.0782;9.86127;9.59311;9.57898;9.50732;9.46584;9.47014;9.46262;9.64979;9.66708;9.62133;9.5653;9.50118;9.72689;9.75982;9.72941;9.75268;9.84639;10.0275;10.1682;10.4394;10.4621;10.5124;10.6387;10.7238;10.8113;11.056;11.1624;11.1951;11.2221;11.5059;11.7651;11.8912;12.127;12.3553;12.503;12.6628;12.7874;13.1522;13.6412;14.0659;14.3343;14.6596;15",2.15092
"0.233333;0.1;0.666667"
24.5101,0.736511,3.17223,"20.9591;20.6371;20.2976;20.0774;19.7606;19.5113;19.1855;19.0518;18.621;18.521;18.1955;17.8653;17.7023;17.4163;16.9678;16.6035;16.2626;15.9984;15.8704;15.6977;15.276;15.0309;14.8989;14.6212;14.2992;13.9088;13.5385;13.4013;13.0134;12.6001;12.1225;11.6888;11.3632;10.9919;10.732;10.3657;9.92571;9.5858;9.12865;8.9036;8.61094;8.20649;7.83069;7.4296;7.2764;6.9552;6.70115;6.44792;6.17447;5.73777;5.46687;5.07726;4.88621;4.46345;4.07456;4.07286;3.73416;3.42507;3.04787;2.78875;2.43508;2.0761;1.81933;1.71485;1.56797;1.40899;1.24828;1","14.9507;14.8719;14.7827;14.6902;14.4106;14.187;14.0349;13.8446;13.5907;13.5254;13.2368;13.0161;12.8926;12.6695;12.4541;12.1167;11.8776;11.746;11.3605;11.0101;10.8581;10.6679;10.5293;10.308;10.0782;9.86127;9.59311;9.57898;9.50732;9.46584;9.47014;9.46262;9.64979;9.66708;9.62133;9.5653;9.50118;9.72689;9.75982;9.72941;9.75268;9.84639;10.0275;10.1682;10.4394;10.4621;10.5124;10.6387;10.7238;10.8113;11.056;11.1624;11.1951;11.2221;11.5059;11.7651;11.8912;12.127;12.3553;12.503;12.6628;12.7874;13.1522;13.6412;14.0659;14.3343;14.6596;15",2.02937
"0.233333;0.133333;0.633333"
24.7961,0.303278,2.83765,"20.9591;20.6371;20.2976;20.0774;19.8566;19.6809;19.4516;19.3416;19.0789;18.7852;18.3925;18.1551;17.9572;17.6802;17.4787;17.2056;16.8967;16.5868;16.2133;16.0454;15.753;15.4167;15.0111;14.6212;14.2992;13.9088;13.5385;13.4013;13.0134;12.6001;12.2309;11.9474;11.5614;11.1487;10.838;10.3897;9.96592;9.63811;9.30771;8.94642;8.67233;8.24186;7.83069;7.4296;7.2764;6.9552;6.70115;6.44792;6.17447;5.73777;5.46687;5.07726;4.88621;4.46345;4.07456;4.07286;3.73416;3.42507;3.04787;2.78875;2.43508;2.0761;1.81933;1.71485;1.56797;1.40899;1.24828;1","14.9507;14.8719;14.7827;14.6902;14.4177;14.055;13.7602;13.6059;13.3178;12.9844;12.7718;12.6651;12.5111;12.3342;12.2384;11.9222;11.8216;11.5035;11.368;11.2134;11.0101;10.7561;10.5586;10.308;10.0782;9.86127;9.59311;9.57898;9.50732;9.46584;9.32557;9.17382;9.00806;8.89268;8.87357;8.85477;8.84737;8.9842;9.06904;9.19576;9.58077;9.82834;10.0275;10.1682;10.4394;10.4621;10.5124;10.6387;10.7238;10.8113;11.056;11.1624;11.1951;11.2221;11.5059;11.7651;11.8912;12.127;12.3553;12.503;12.6628;12.7874;13.1522;13.6412;14.0659;14.3343;14.6596;15",1.72181
"0.233333;0.166667;0.6"
24.7596,0.53965,3.17472,"20.9591;20.6371;20.2976;20.0774;19.7606;19.5113;19.1855;19.0518;18.621;18.521;18.1955;17.8653;17.7023;17.4163;16.9678;16.6035;16.2626;15.9984;15.8704;15.6977;15.276;15.0309;14.8989;14.6212;14.2992;13.9088;13.5385;13.4013;13.0134;12.767;12.3565;12.1225;11.6888;11.3632;10.9424;10.8868;10.6965;10.2623;10.1142;9.73931;9.41617;9.1358;8.9036;8.61094;8.20649;7.83069;7.4296;7.2764;6.9552;6.70115;6.44792;6.17447;5.73777;5.46687;5.07726;4.88621;4.46345;4.07456;4.07286;3.73416;3.42507;3.04787;2.78875;2.43508;2.0761;1.81933;1.71485;1.56797;1.40899;1.24828;1","14.9507;14.8719;14.7827;14.6902;14.4106;14.187;14.0349;13.8446;13.5907;13.5254;13.2368;13.0161;12.8926;12.6695;12.4541;12.1167;11.8776;11.746;11.3605;11.0101;10.8581;10.6679;10.5293;10.308;10.0782;9.86127;9.59311;9.57898;9.50732;9.32329;9.50146;9.47014;9.46262;9.64979;9.39456;9.37474;9.3615;9.20596;9.27326;9.51395;9.50889;9.6613;9.72941;9.75268;9.84639;10.0275;10.1682;10.4394;10.4621;10.5124;10.6387;10.7238;10.8113;11.056;11.1624;11.1951;11.2221;11.5059;11.7651;11.8912;12.127;12.3553;12.503;12.6628;12.7874;13.1522;13.6412;14.0659;14.3343;14.6596;15",1.81717
"0.233333;0.2;0.566667"
24.8388,0.304569,2.89187,"20.9591;20.6371;20.2976;20.0774;19.7606;19.5655;19.4516;19.3416;19.0789;18.7412;18.3925;18.1551;17.9125;17.6802;17.4787;17.2056;16.8967;16.5868;16.4485;16.0712;15.6977;15.276;15.0309;14.8989;14.6212;14.2992;13.9088;13.5385;13.4013;13.0134;12.6001;12.2309;11.9474;11.5614;11.1487;10.838;10.3897;9.96592;9.63811;9.30771;8.94642;8.67233;8.24186;7.83069;7.4296;7.2764;6.9552;6.70115;6.44792;6.17447;5.73777;5.46687;5.07726;4.88621;4.46345;4.07456;4.07286;3.73416;3.42507;3.04787;2.78875;2.43508;2.0761;1.81933;1.71485;1.56797;1.40899;1.24828;1","14.9507;14.8719;14.7827;14.6902;14.4106;14.1827;13.7602;13.6059;13.3178;13.0373;12.7718;12.6651;12.5343;12.3342;12.2384;11.9222;11.8216;11.5035;11.3447;11.1964;11.0101;10.8581;10.6679;10.5293;10.308;10.0782;9.86127;9.59311;9.57898;9.50732;9.46584;9.32557;9.17382;9.00806;8.89268;8.87357;8.85477;8.84737;8.9842;9.06904;9.19576;9.58077;9.82834;10.0275;10.1682;10.4394;10.4621;10.5124;10.6387;10.7238;10.8113;11.056;11.1624;11.1951;11.2221;11.5059;11.7651;11.8912;12.127;12.3553;12.503;12.6628;12.7874;13.1522;13.6412;14.0659;14.3343;14.6596;15",1.55942
"0.233333;0.233333;0.533333"
24.7424,0.303882,2.82798,"20.9591;20.6785;20.3944;19.9996;19.9627;19.5473;19.4516;19.3416;19.0789;18.7412;18.3925;18.1551;17.9125;17.6802;17.4787;17.2056;16.8967;16.5868;16.4485;16.0712;15.753;15.4748;15.0309;14.8989;14.6212;14.2992;13.9088;13.5385;13.4013;13.0134;12.6001;12.2309;11.9474;11.5614;11.1487;10.838;10.3897;9.96592;9.63811;9.30771;8.94642;8.67233;8.24186;7.83069;7.4296;7.2764;6.9552;6.70115;6.44792;6.17447;5.73777;5.46687;5.07726;4.88621;4.46345;4.07456;4.07286;3.73416;3.42507;3.04787;2.78875;2.43508;2.0761;1.81933;1.71485;1.56797;1.40899;1.24828;1","14.9507;14.6018;14.4515;14.2116;14.19;13.9116;13.7602;13.6059;13.3178;13.0373;12.7718;12.6651;12.5343;12.3342;12.2384;11.9222;11.8216;11.5035;11.3447;11.1964;11.0101;10.7368;10.6679;10.5293;10.308;10.0782;9.86127;9.59311;9.57898;9.50732;9.46584;9.32557;9.17382;9.00806;8.89268;8.87357;8.85477;8.84737;8.9842;9.06904;9.19576;9.58077;9.82834;10.0275;10.1682;10.4394;10.4621;10.5124;10.6387;10.7238;10.8113;11.056;11.1624;11.1951;11.2221;11.5059;11.7651;11.8912;12.127;12.3553;12.503;12.6628;12.7874;13.1522;13.6412;14.0659;14.3343;14.6596;15",1.43001
"0.233333;0.266667;0.5"
24.7392,0.256577,2.8208,"20.9591;20.6785;20.3944;19.9996;19.9627;19.5473;19.4516;19.3416;19.0789;18.7412;18.3925;18.1551;17.9572;17.6802;17.4787;17.2056;16.8967;16.5868;16.4485;16.0712;15.753;15.4748;15.0309;14.8989;14.6212;14.2992;13.9088;13.5385;13.1278;12.6988;12.2387;11.9474;11.5614;11.1487;10.838;10.3897;9.96592;9.4903;9.05518;8.59376;8.36668;7.96285;7.61862;7.29743;6.85331;6.48773;6.14524;5.73673;5.45893;5.00293;4.59161;4.1485;3.86681;3.39777;3.12102;2.9722;2.75517;2.47217;2.28326;1.98626;1.81933;1.71485;1.56797;1.40899;1.24828;1","14.9507;14.6018;14.4515;14.2116;14.19;13.9116;13.7602;13.6059;13.3178;13.0373;12.7718;12.6651;12.5111;12.3342;12.2384;11.9222;11.8216;11.5035;11.3447;11.1964;11.0101;10.7368;10.6679;10.5293;10.308;10.0782;9.86127;9.59311;9.44479;9.35992;9.21025;9.17382;9.00806;8.89268;8.87357;8.85477;8.84737;8.93837;8.93261;9.0385;9.2205;9.3699;9.52126;9.61993;9.75258;9.95763;10.179;10.1946;10.3485;10.5102;10.7911;10.8374;10.9798;11.1464;11.4792;11.6474;12.0052;12.2545;12.5846;12.7807;13.1522;13.6412;14.0659;14.3343;14.6596;15",1.33133
"0.233333;0.3;0.466667"
24.7335,0.256651,2.82074,"20.9591;20.6785;20.3944;19.9996;19.9627;19.5473;19.4516;19.3416;19.0789;18.7412;18.3925;18.1551;17.9572;17.6802;17.4787;17.2056;16.8967;16.5868;16.2133;16.0454;15.7336;15.4748;15.0309;14.8989;14.6212;14.2992;13.9088;13.5385;13.1278;12.6988;12.2387;11.9474;11.5614;11.1487;10.838;10.3897;9.96592;9.4903;9.05518;8.59376;8.36668;7.96285;7.61862;7.29743;6.85331;6.48773;6.14524;5.73673;5.45893;5.00293;4.59161;4.1485;3.86681;3.39777;3.12102;2.9722;2.75517;2.47217;2.28326;1.98626;1.81933;1.71485;1.56797;1.40899;1.24828;1","14.9507;14.6018;14.4515;14.2116;14.19;13.9116;13.7602;13.6059;13.3178;13.0373;12.7718;12.6651;12.5111;12.3342;12.2384;11.9222;11.8216;11.5035;11.368;11.2134;10.9509;10.7368;10.6679;10.5293;10.308;10.0782;9.86127;9.59311;9.44479;9.35992;9.21025;9.17382;9.00806;8.89268;8.87357;8.85477;8.84737;8.93837;8.93261;9.0385;9.2205;9.3699;9.52126;9.61993;9.75258;9.95763;10.179;10.1946;10.3485;10.5102;10.7911;10.8374;10.9798;11.1464;11.4792;11.6474;12.0052;12.2545;12.5846;12.7807;13.1522;13.6412;14.0659;14.3343;14.6596;15",1.23621
"0.233333;0.333333;0.433333"
24.7739,0.253277,2.82115,"20.9591;20.6785;20.3944;19.9996;19.9627;19.5473;19.4516;19.3416;19.0789;18.7412;18.3925;18.1551;17.9572;17.6802;17.4787;17.2056;16.8967;16.5868;16.2133;16.0454;15.7336;15.4748;15.0309;14.8989;14.6212;14.2992;13.9088;13.5385;13.4013;13.135;12.7054;12.2387;11.9474;11.5614;11.1487;10.838;10.3897;9.96592;9.4903;9.05518;8.59376;8.36668;7.96285;7.61862;7.29743;6.85331;6.48773;6.14524;5.73673;5.45893;5.00293;4.59161;4.1485;3.86681;3.39777;3.12102;2.9722;2.75517;2.47217;2.28326;1.98626;1.81933;1.71485;1.56797;1.40899;1.24828;1","14.9507;14.6018;14.4515;14.2116;14.19;13.9116;13.7602;13.6059;13.3178;13.0373;12.7718;12.6651;12.5111;12.3342;12.2384;11.9222;11.8216;11.5035;11.368;11.2134;10.9509;10.7368;10.6679;10.5293;10.308;10.0782;9.86127;9.59311;9.57898;9.35077;9.25083;9.21025;9.17382;9.00806;8.89268;8.87357;8.85477;8.84737;8.93837;8.93261;9.0385;9.2205;9.3699;9.52126;9.61993;9.75258;9.95763;10.179;10.1946;10.3485;10.5102;10.7911;10.8374;10.9798;11.1464;11.4792;11.6474;12.0052;12.2545;12.5846;12.7807;13.1522;13.6412;14.0659;14.3343;14.6596;15",1.14127
"0.233333;0.366667;0.4"
24.7288,0.252185,2.82784,"20.9591;20.6785;20.3944;19.9996;19.9627;19.5473;19.4516;19.3416;19.0789;18.7412;18.3925;18.1551;17.9572;17.6802;17.4787;17.2056;16.8967;16.5868;16.2133;16.0454;15.7336;15.4748;15.0309;14.8989;14.6212;14.2992;13.9088;13.5385;13.135;12.7054;12.2387;11.9474;11.5614;11.1487;10.838;10.3897;9.96592;9.4903;9.05518;8.59376;8.36668;7.96285;7.61862;7.29743;6.85331;6.48773;6.14524;5.73673;5.45893;5.00293;4.59161;4.1485;3.86681;3.39777;3.12102;2.9722;2.75517;2.47217;2.28326;2.0761;1.81933;1.71485;1.56797;1.40899;1.24828;1","14.9507;14.6018;14.4515;14.2116;14.19;13.9116;13.7602;13.6059;13.3178;13.0373;12.7718;12.6651;12.5111;12.3342;12.2384;11.9222;11.8216;11.5035;11.368;11.2134;10.9509;10.7368;10.6679;10.5293;10.308;10.0782;9.86127;9.59311;9.35077;9.25083;9.21025;9.17382;9.00806;8.89268;8.87357;8.85477;8.84737;8.93837;8.93261;9.0385;9.2205;9.3699;9.52126;9.61993;9.75258;9.95763;10.179;10.1946;10.3485;10.5102;10.7911;10.8374;10.9798;11.1464;11.4792;11.6474;12.0052;12.2545;12.5846;12.7874;13.1522;13.6412;14.0659;14.3343;14.6596;15",1.04862
"0.233333;0.4;0.366667"
24.7288,0.252185,2.82784,"20.9591;20.6785;20.3944;19.9996;19.9627;19.5473;19.4516;19.3416;19.0789;18.7412;18.3925;18.1551;17.9572;17.6802;17.4787;17.2056;16.8967;16.5868;16.2133;16.0454;15.7336;15.4748;15.0309;14.8989;14.6212;14.2992;13.9088;13.5385;13.135;12.7054;12.2387;11.9474;11.5614;11.1487;10.838;10.3897;9.96592;9.4903;9.05518;8.59376;8.36668;7.96285;7.61862;7.29743;6.85331;6.48773;6.14524;5.73673;5.45893;5.00293;4.59161;4.1485;3.86681;3.39777;3.12102;2.9722;2.75517;2.47217;2.28326;2.0761;1.81933;1.71485;1.56797;1.40899;1.24828;1","14.9507;14.6018;14.4515;14.2116;14.19;13.9116;13.7602;13.6059;13.3178;13.0373;12.7718;12.6651;12.5111;12.3342;12.2384;11.9222;11.8216;11.5035;11.368;11.2134;10.9509;10.7368;10.6679;10.5293;10.308;10.0782;9.86127;9.59311;9.35077;9.25083;9.21025;9.17382;9.00806;8.89268;8.87357;8.85477;8.84737;8.93837;8.93261;9.0385;9.2205;9.3699;9.52126;9.61993;9.75258;9.95763;10.179;10.1946;10.3485;10.5102;10.7911;10.8374;10.9798;11.1464;11.4792;11.6474;12.0052;12.2545;12.5846;12.7874;13.1522;13.6412;14.0659;14.3343;14.6596;15",0.953294
"0.233333;0.433333;0.333333"
24.7288,0.252185,2.82784,"20.9591;20.6785;20.3944;19.9996;19.9627;19.5473;19.4516;19.3416;19.0789;18.7412;18.3925;18.1551;17.9572;17.6802;17.4787;17.2056;16.8967;16.5868;16.2133;16.0454;15.7336;15.4748;15.0309;14.8989;14.6212;14.2992;13.9088;13.5385;13.135;12.7054;12.2387;11.9474;11.5614;11.1487;10.838;10.3897;9.96592;9.4903;9.05518;8.59376;8.36668;7.96285;7.61862;7.29743;6.85331;6.48773;6.14524;5.73673;5.45893;5.00293;4.59161;4.1485;3.86681;3.39777;3.12102;2.9722;2.75517;2.47217;2.28326;2.0761;1.81933;1.71485;1.56797;1.40899;1.24828;1","14.9507;14.6018;14.4515;14.2116;14.19;13.9116;13.7602;13.6059;13.3178;13.0373;12.7718;12.6651;12.5111;12.3342;12.2384;11.9222;11.8216;11.5035;11.368;11.2134;10.9509;10.7368;10.6679;10.5293;10.308;10.0782;9.86127;9.59311;9.35077;9.25083;9.21025;9.17382;9.00806;8.89268;8.87357;8.85477;8.84737;8.93837;8.93261;9.0385;9.2205;9.3699;9.52126;9.61993;9.75258;9.95763;10.179;10.1946;10.3485;10.5102;10.7911;10.8374;10.9798;11.1464;11.4792;11.6474;12.0052;12.2545;12.5846;12.7874;13.1522;13.6412;14.0659;14.3343;14.6596;15",0.857964
"0.233333;0.466667;0.3"
24.7288,0.252185,2.82784,"20.9591;20.6785;20.3944;19.9996;19.9627;19.5473;19.4516;19.3416;19.0789;18.7412;18.3925;18.1551;17.9572;17.6802;17.4787;17.2056;16.8967;16.5868;16.2133;16.0454;15.7336;15.4748;15.0309;14.8989;14.6212;14.2992;13.9088;13.5385;13.135;12.7054;12.2387;11.9474;11.5614;11.1487;10.838;10.3897;9.96592;9.4903;9.05518;8.59376;8.36668;7.96285;7.61862;7.29743;6.85331;6.48773;6.14524;5.73673;5.45893;5.00293;4.59161;4.1485;3.86681;3.39777;3.12102;2.9722;2.75517;2.47217;2.28326;2.0761;1.81933;1.71485;1.56797;1.40899;1.24828;1","14.9507;14.6018;14.4515;14.2116;14.19;13.9116;13.7602;13.6059;13.3178;13.0373;12.7718;12.6651;12.5111;12.3342;12.2384;11.9222;11.8216;11.5035;11.368;11.2134;10.9509;10.7368;10.6679;10.5293;10.308;10.0782;9.86127;9.59311;9.35077;9.25083;9.21025;9.17382;9.00806;8.89268;8.87357;8.85477;8.84737;8.93837;8.93261;9.0385;9.2205;9.3699;9.52126;9.61993;9.75258;9.95763;10.179;10.1946;10.3485;10.5102;10.7911;10.8374;10.9798;11.1464;11.4792;11.6474;12.0052;12.2545;12.5846;12.7874;13.1522;13.6412;14.0659;14.3343;14.6596;15",0.762635
"0.233333;0.5;0.266667"
24.7288,0.252185,2.82784,"20.9591;20.6785;20.3944;19.9996;19.9627;19.5473;19.4516;19.3416;19.0789;18.7412;18.3925;18.1551;17.9572;17.6802;17.4787;17.2056;16.8967;16.5868;16.2133;16.0454;15.7336;15.4748;15.0309;14.8989;14.6212;14.2992;13.9088;13.5385;13.135;12.7054;12.2387;11.9474;11.5614;11.1487;10.838;10.3897;9.96592;9.4903;9.05518;8.59376;8.36668;7.96285;7.61862;7.29743;6.85331;6.48773;6.14524;5.73673;5.45893;5.00293;4.59161;4.1485;3.86681;3.39777;3.12102;2.9722;2.75517;2.47217;2.28326;2.0761;1.81933;1.71485;1.56797;1.40899;1.24828;1","14.9507;14.6018;14.4515;14.2116;14.19;13.9116;13.7602;13.6059;13.3178;13.0373;12.7718;12.6651;12.5111;12.3342;12.2384;11.9222;11.8216;11.5035;11.368;11.2134;10.9509;10.7368;10.6679;10.5293;10.308;10.0782;9.86127;9.59311;9.35077;9.25083;9.21025;9.17382;9.00806;8.89268;8.87357;8.85477;8.84737;8.93837;8.93261;9.0385;9.2205;9.3699;9.52126;9.61993;9.75258;9.95763;10.179;10.1946;10.3485;10.5102;10.7911;10.8374;10.9798;11.1464;11.4792;11.6474;12.0052;12.2545;12.5846;12.7874;13.1522;13.6412;14.0659;14.3343;14.6596;15",0.667306
"0.233333;0.533333;0.233333"
24.9284,0.249285,2.82984,"20.9591;20.6785;20.3944;19.9996;19.9627;19.5473;19.4516;19.3416;19.0789;18.7412;18.3925;18.1551;17.9572;17.6802;17.4787;17.2056;16.8967;16.5868;16.2133;16.0454;15.7336;15.276;15.0309;14.8989;14.6212;14.2992;14.0837;13.8708;13.513;13.37;13.0527;12.7054;12.2387;11.9474;11.5614;11.1487;10.838;10.3897;9.96592;9.4903;9.05518;8.59376;8.36668;7.96285;7.61862;7.29743;6.85331;6.48773;6.14524;5.73673;5.45893;5.00293;4.59161;4.1485;3.86681;3.39777;3.12102;2.9722;2.75517;2.47217;2.28326;2.0761;1.81933;1.71485;1.56797;1.40899;1.24828;1","14.9507;14.6018;14.4515;14.2116;14.19;13.9116;13.7602;13.6059;13.3178;13.0373;12.7718;12.6651;12.5111;12.3342;12.2384;11.9222;11.8216;11.5035;11.368;11.2134;10.9509;10.8581;10.6679;10.5293;10.308;10.0782;9.84275;9.4625;9.48784;9.34798;9.18607;9.25083;9.21025;9.17382;9.00806;8.89268;8.87357;8.85477;8.84737;8.93837;8.93261;9.0385;9.2205;9.3699;9.52126;9.61993;9.75258;9.95763;10.179;10.1946;10.3485;10.5102;10.7911;10.8374;10.9798;11.1464;11.4792;11.6474;12.0052;12.2545;12.5846;12.7874;13.1522;13.6412;14.0659;14.3343;14.6596;15",0.572376
"0.233333;0.566667;0.2"
24.8366,0.354078,3.10088,"20.9591;20.6785;20.3944;19.9996;19.9627;19.5473;19.4516;19.3416;19.0789;18.7412;18.3925;18.1551;17.9125;17.6802;17.4787;17.2056;16.8967;16.5868;16.2133;16.0454;15.7336;15.4748;15.0309;14.8989;14.6212;14.2992;13.9088;13.5385;13.3176;13.0212;12.6811;12.4834;12.1771;11.9474;11.5614;11.1487;10.838;10.3897;9.96592;9.69416;9.41617;9.1358;8.9036;8.61094;8.20649;7.83069;7.4296;7.2764;6.87612;6.39606;5.96471;5.56777;5.22445;5.01231;4.87399;4.42507;4.17899;3.74448;3.3286;2.94597;2.60995;2.52948;2.3699;2.18265;2.07308;1.87497;1.69089;1.27364;1","14.9507;14.6018;14.4515;14.2116;14.19;13.9116;13.7602;13.6059;13.3178;13.0373;12.7718;12.6651;12.5343;12.3342;12.2384;11.9222;11.8216;11.5035;11.368;11.2134;10.9509;10.7368;10.6679;10.5293;10.308;10.0782;9.86127;9.59311;9.67655;9.69073;9.60256;9.30424;9.15519;9.17382;9.00806;8.89268;8.87357;8.85477;8.84737;9.21682;9.50889;9.6613;9.72941;9.75268;9.84639;10.0275;10.1682;10.4394;10.7052;10.7781;11.0031;11.2974;11.5544;11.8388;12.2744;12.4542;12.7297;12.625;12.6678;12.8185;13.0846;13.4745;13.7086;13.8659;14.135;14.4526;14.6408;14.8808;15",0.522154
"0.233333;0.6;0.166667"
24.8402,0.351511,3.10092,"20.9591;20.6785;20.3944;19.9996;19.9627;19.5473;19.4516;19.3416;19.0789;18.7412;18.3925;18.1551;17.9125;17.6802;17.4787;17.2056;16.8967;16.5868;16.2133;16.0454;15.7336;15.276;15.0309;14.8989;14.6212;14.2992;13.9088;13.5385;13.3176;13.0212;12.6811;12.4834;12.0447;11.5614;11.1487;10.838;10.3897;9.96592;9.69416;9.41617;9.1358;8.99656;8.61094;8.24186;7.83069;7.4296;7.2764;6.87612;6.39606;5.96471;5.56777;5.22445;5.01231;4.87399;4.42507;4.17899;3.74448;3.3286;2.94597;2.60995;2.52948;2.3699;2.18265;2.07308;1.87497;1.69089;1.27364;1","14.9507;14.6018;14.4515;14.2116;14.19;13.9116;13.7602;13.6059;13.3178;13.0373;12.7718;12.6651;12.5343;12.3342;12.2384;11.9222;11.8216;11.5035;11.368;11.2134;10.9509;10.8581;10.6679;10.5293;10.308;10.0782;9.86127;9.59311;9.67655;9.69073;9.60256;9.30424;9.13361;9.00806;8.89268;8.87357;8.85477;8.84737;9.21682;9.50889;9.6613;9.59993;9.75268;9.82834;10.0275;10.1682;10.4394;10.7052;10.7781;11.0031;11.2974;11.5544;11.8388;12.2744;12.4542;12.7297;12.625;12.6678;12.8185;13.0846;13.4745;13.7086;13.8659;14.135;14.4526;14.6408;14.8808;15",0.417728
"0.233333;0.633333;0.133333"
24.7959,0.272104,3.10048,"20.9591;20.6785;20.3944;19.9996;19.9627;19.5473;19.4516;19.3416;19.0789;18.7412;18.3925;18.1551;17.9572;17.6802;17.4787;17.2056;16.8967;16.5868;16.2133;16.0454;15.7336;15.4748;15.0309;14.8989;14.6212;14.2992;13.9088;13.5385;13.3176;13.0379;12.6742;12.2387;11.9474;11.5614;11.1487;10.7372;10.3897;9.96592;9.4903;9.05518;8.59376;8.36668;7.96285;7.61862;7.45835;7.22709;6.83696;6.70115;6.39606;5.96471;5.56777;5.22445;5.01231;4.87399;4.42507;4.17899;3.74448;3.3286;2.94597;2.60995;2.52948;2.3699;2.18265;2.07308;1.87497;1.69089;1.27364;1","14.9507;14.6018;14.4515;14.2116;14.19;13.9116;13.7602;13.6059;13.3178;13.0373;12.7718;12.6651;12.5111;12.3342;12.2384;11.9222;11.8216;11.5035;11.368;11.2134;10.9509;10.7368;10.6679;10.5293;10.308;10.0782;9.86127;9.59311;9.67655;9.49828;9.24632;9.21025;9.17382;9.00806;8.89268;8.84471;8.85477;8.84737;8.93837;8.93261;9.0385;9.2205;9.3699;9.52126;9.71186;10.0036;10.222;10.5124;10.7781;11.0031;11.2974;11.5544;11.8388;12.2744;12.4542;12.7297;12.625;12.6678;12.8185;13.0846;13.4745;13.7086;13.8659;14.135;14.4526;14.6408;14.8808;15",0.313252
"0.233333;0.666667;0.1"
22.2257,0.203947,11.1129,"20.9591;20.6785;20.2976;19.8503;19.4047;18.9359;18.7299;18.4883;18.1382;17.8747;17.4388;17.0071;16.7006;16.4699;16.0143;15.5682;15.5275;15.0441;14.6481;14.2716;13.9818;13.715;13.2759;12.8223;12.4882;12.0459;11.7704;11.3691;10.9959;10.6001;10.4831;10.0764;9.74519;9.31899;9.15219;8.79818;8.65282;8.15282;7.88754;7.49782;7.27595;6.89851;6.76183;6.34229;5.98186;5.75803;5.41296;4.9235;4.56701;4.11057;3.65422;3.50753;3.23682;3.02224;2.77497;2.4487;2.16262;1.70477;1.39947;1","14.9507;14.6018;14.7827;14.7655;14.8893;14.9797;15.0065;15.2271;15.2804;15.4027;15.4627;15.3774;15.3204;15.7259;15.9078;15.9302;15.9068;15.9423;15.6749;15.9537;16.1041;16.2849;16.4104;16.6151;16.7894;16.9607;17.234;17.4617;17.4869;17.5984;17.6288;17.6946;17.6111;17.3583;17.1136;17.1042;17.021;17.018;16.9737;16.7983;16.7012;16.4217;16.4323;16.351;16.1439;16.3476;16.5091;16.4983;16.3621;16.2118;16.0511;15.8873;15.7488;15.4451;15.4104;15.2367;15.0475;15.0703;14.9914;15",0.742994
"0.233333;0.7;0.0666667"
22.7004,0.205202,11.3502,"21.1085;20.9384;20.6785;20.3944;19.9996;19.5113;19.0288;18.567;18.2016;18.0249;17.8299;17.5136;17.0632;16.7006;16.4699;16.0143;15.5682;15.5275;15.0441;14.6481;14.2716;13.9818;13.715;13.2759;12.8223;12.4882;12.0459;11.7704;11.3691;10.9959;10.6001;10.4831;10.0764;9.78495;9.36506;9.15219;8.79818;8.65282;8.15282;7.88754;7.49782;7.27595;6.89851;6.76183;6.34229;5.98186;5.75803;5.41296;4.9235;4.56701;4.11057;3.65422;3.50753;3.23682;3.02224;2.77497;2.4487;2.16262;1.70477;1.39947;1","15.0071;14.8333;14.6018;14.4515;14.2116;14.187;14.2175;14.3559;14.467;14.7562;14.8259;14.9276;15.0027;15.3204;15.7259;15.9078;15.9302;15.9068;15.9423;15.6749;15.9537;16.1041;16.2849;16.4104;16.6151;16.7894;16.9607;17.234;17.4617;17.4869;17.5984;17.6288;17.6946;17.7005;17.5218;17.1136;17.1042;17.021;17.018;16.9737;16.7983;16.7012;16.4217;16.4323;16.351;16.1439;16.3476;16.5091;16.4983;16.3621;16.2118;16.0511;15.8873;15.7488;15.4451;15.4104;15.2367;15.0475;15.0703;14.9914;15",0.380152
"0.233333;0.733333;0.0333333"
22.7331,0.198434,11.3665,"21.2074;20.9384;20.6785;20.3944;19.9996;19.5113;19.0288;18.567;18.2016;18.0249;17.8299;17.5136;17.0632;16.7006;16.4699;16.0143;15.5682;15.5275;15.0441;14.6481;14.2716;13.9818;13.715;13.2759;12.8223;12.4882;12.0459;11.7704;11.3691;10.9959;10.6251;10.3834;10.0764;9.78495;9.36506;9.20113;8.78881;8.45724;8.17491;7.88754;7.40779;7.27595;6.89851;6.76183;6.34229;5.98186;5.75803;5.41296;4.9235;4.56701;4.11057;3.65422;3.50753;3.23682;3.02224;2.77497;2.4487;2.16262;1.70477;1.39947;1","14.9691;14.8333;14.6018;14.4515;14.2116;14.187;14.2175;14.3559;14.467;14.7562;14.8259;14.9276;15.0027;15.3204;15.7259;15.9078;15.9302;15.9068;15.9423;15.6749;15.9537;16.1041;16.2849;16.4104;16.6151;16.7894;16.9607;17.234;17.4617;17.4869;17.6602;17.6844;17.6946;17.7005;17.5218;17.5551;17.5368;17.3873;17.037;16.9737;16.845;16.7012;16.4217;16.4323;16.351;16.1439;16.3476;16.5091;16.4983;16.3621;16.2118;16.0511;15.8873;15.7488;15.4451;15.4104;15.2367;15.0475;15.0703;14.9914;15",0.342349
"0.233333;0.766667;0"
24.4596,3.8962,3.19194,"20.9591;20.6785;20.3944;19.9996;19.5113;19.1855;19.0518;18.621;18.521;18.1955;17.8653;17.7023;17.4163;16.9678;16.6035;16.2626;15.9984;15.621;15.4651;15.1442;14.9219;14.5972;14.3699;13.9324;13.5096;13.3034;12.9874;12.8034;12.4301;12.0122;11.6316;11.3632;10.9353;10.4613;10.0993;9.61539;9.15539;8.86393;8.61094;8.20649;7.83069;7.4296;7.2764;6.9552;6.70115;6.44792;6.17447;5.73777;5.46687;5.07726;4.88621;4.46345;4.07456;4.07286;3.73416;3.42507;3.04787;2.78875;2.43508;2.0761;1.81933;1.71485;1.56797;1.40899;1.24828;1","14.9507;14.6018;14.4515;14.2116;14.187;14.0349;13.8446;13.5907;13.5254;13.2368;13.0161;12.8926;12.6695;12.4541;12.1167;11.8776;11.746;11.8071;11.5374;11.2848;11.1481;10.9118;10.8547;10.6379;10.4536;10.2967;10.098;9.8468;9.77668;9.75456;9.44777;9.64979;9.89159;9.91842;10.0121;10.0156;9.8962;9.78401;9.75268;9.84639;10.0275;10.1682;10.4394;10.4621;10.5124;10.6387;10.7238;10.8113;11.056;11.1624;11.1951;11.2221;11.5059;11.7651;11.8912;12.127;12.3553;12.503;12.6628;12.7874;13.1522;13.6412;14.0659;14.3343;14.6596;15",2.36425
"0.266667;0;0.733333"
24.4309,0.993059,3.19165,"20.9591;20.6785;20.3944;19.9996;19.5113;19.1855;19.0518;18.621;18.521;18.1955;17.8653;17.7023;17.4163;16.9678;16.6035;16.2626;15.9984;15.621;15.4651;15.1442;14.9219;14.5972;14.3699;13.9324;13.5096;13.3034;12.9874;12.8034;12.4301;12.0122;11.6316;11.3632;10.9919;10.732;10.3657;9.92571;9.5858;9.12865;8.9036;8.61094;8.20649;7.83069;7.4296;7.2764;6.9552;6.70115;6.44792;6.17447;5.73777;5.46687;5.07726;4.88621;4.46345;4.07456;4.07286;3.73416;3.42507;3.04787;2.78875;2.43508;2.0761;1.81933;1.71485;1.56797;1.40899;1.24828;1","14.9507;14.6018;14.4515;14.2116;14.187;14.0349;13.8446;13.5907;13.5254;13.2368;13.0161;12.8926;12.6695;12.4541;12.1167;11.8776;11.746;11.8071;11.5374;11.2848;11.1481;10.9118;10.8547;10.6379;10.4536;10.2967;10.098;9.8468;9.77668;9.75456;9.44777;9.64979;9.66708;9.62133;9.5653;9.50118;9.72689;9.75982;9.72941;9.75268;9.84639;10.0275;10.1682;10.4394;10.4621;10.5124;10.6387;10.7238;10.8113;11.056;11.1624;11.1951;11.2221;11.5059;11.7651;11.8912;12.127;12.3553;12.503;12.6628;12.7874;13.1522;13.6412;14.0659;14.3343;14.6596;15",2.25658
"0.266667;0.0333333;0.7"
24.499,0.73098,2.83468,"20.9591;20.6371;20.2976;20.0774;19.8566;19.6809;19.4516;19.3416;19.0789;18.7852;18.3925;18.1551;17.9572;17.6802;17.4787;17.2056;16.8967;16.5868;16.2133;16.0454;15.753;15.4167;15.0111;14.6212;14.2992;13.9088;13.5385;13.4013;13.0134;12.6001;12.1225;11.6888;11.3632;10.9919;10.732;10.3657;9.92571;9.5858;9.12865;8.9036;8.61094;8.20649;7.83069;7.4296;7.2764;6.9552;6.70115;6.44792;6.17447;5.73777;5.46687;5.07726;4.88621;4.46345;4.07456;4.07286;3.73416;3.42507;3.04787;2.78875;2.43508;2.0761;1.81933;1.71485;1.56797;1.40899;1.24828;1","14.9507;14.8719;14.7827;14.6902;14.4177;14.055;13.7602;13.6059;13.3178;12.9844;12.7718;12.6651;12.5111;12.3342;12.2384;11.9222;11.8216;11.5035;11.368;11.2134;11.0101;10.7561;10.5586;10.308;10.0782;9.86127;9.59311;9.57898;9.50732;9.46584;9.47014;9.46262;9.64979;9.66708;9.62133;9.5653;9.50118;9.72689;9.75982;9.72941;9.75268;9.84639;10.0275;10.1682;10.4394;10.4621;10.5124;10.6387;10.7238;10.8113;11.056;11.1624;11.1951;11.2221;11.5059;11.7651;11.8912;12.127;12.3553;12.503;12.6628;12.7874;13.1522;13.6412;14.0659;14.3343;14.6596;15",1.91114
"0.266667;0.0666667;0.666667"
24.499,0.73098,2.83468,"20.9591;20.6371;20.2976;20.0774;19.8566;19.6809;19.4516;19.3416;19.0789;18.7852;18.3925;18.1551;17.9572;17.6802;17.4787;17.2056;16.8967;16.5868;16.2133;16.0454;15.753;15.4167;15.0111;14.6212;14.2992;13.9088;13.5385;13.4013;13.0134;12.6001;12.1225;11.6888;11.3632;10.9919;10.732;10.3657;9.92571;9.5858;9.12865;8.9036;8.61094;8.20649;7.83069;7.4296;7.2764;6.9552;6.70115;6.44792;6.17447;5.73777;5.46687;5.07726;4.88621;4.46345;4.07456;4.07286;3.73416;3.42507;3.04787;2.78875;2.43508;2.0761;1.81933;1.71485;1.56797;1.40899;1.24828;1","14.9507;14.8719;14.7827;14.6902;14.4177;14.055;13.7602;13.6059;13.3178;12.9844;12.7718;12.6651;12.5111;12.3342;12.2384;11.9222;11.8216;11.5035;11.368;11.2134;11.0101;10.7561;10.5586;10.308;10.0782;9.86127;9.59311;9.57898;9.50732;9.46584;9.47014;9.46262;9.64979;9.66708;9.62133;9.5653;9.50118;9.72689;9.75982;9.72941;9.75268;9.84639;10.0275;10.1682;10.4394;10.4621;10.5124;10.6387;10.7238;10.8113;11.056;11.1624;11.1951;11.2221;11.5059;11.7651;11.8912;12.127;12.3553;12.503;12.6628;12.7874;13.1522;13.6412;14.0659;14.3343;14.6596;15",1.81559
"0.266667;0.1;0.633333"
24.4927,0.737515,3.11547,"20.9052;20.6785;20.3944;19.9996;19.5133;19.1872;18.8809;18.521;18.1955;17.8653;17.7023;17.4163;16.9678;16.6035;16.2626;15.9984;15.8704;15.6977;15.276;15.0309;14.8989;14.6212;14.2992;13.9088;13.5385;13.4013;13.0134;12.767;12.3565;12.1225;11.6888;11.3632;10.9919;10.732;10.3657;9.92571;9.5858;9.12865;8.9036;8.61094;8.20649;7.83069;7.4296;7.2764;6.9552;6.70115;6.44792;6.17447;5.73777;5.46687;5.07726;4.88621;4.46345;4.07456;4.07286;3.73416;3.42507;3.04787;2.78875;2.43508;2.0761;1.81933;1.71485;1.56797;1.40899;1.24828;1","14.8285;14.6018;14.4515;14.2116;14.1286;13.8195;13.6791;13.5254;13.2368;13.0161;12.8926;12.6695;12.4541;12.1167;11.8776;11.746;11.3605;11.0101;10.8581;10.6679;10.5293;10.308;10.0782;9.86127;9.59311;9.57898;9.50732;9.32329;9.50146;9.47014;9.46262;9.64979;9.66708;9.62133;9.5653;9.50118;9.72689;9.75982;9.72941;9.75268;9.84639;10.0275;10.1682;10.4394;10.4621;10.5124;10.6387;10.7238;10.8113;11.056;11.1624;11.1951;11.2221;11.5059;11.7651;11.8912;12.127;12.3553;12.503;12.6628;12.7874;13.1522;13.6412;14.0659;14.3343;14.6596;15",1.92807
"0.266667;0.133333;0.6"
24.7005,0.303129,2.78989,"20.9591;20.6785;20.3944;19.9996;19.9627;19.5473;19.4516;19.3416;19.0789;18.7852;18.3925;18.1551;17.9572;17.6802;17.4787;17.2056;16.8967;16.5868;16.2133;16.0454;15.753;15.4167;15.0111;14.6212;14.2992;13.9088;13.5385;13.4013;13.0134;12.6001;12.2309;11.9474;11.5614;11.1487;10.838;10.3897;9.96592;9.63811;9.30771;8.94642;8.67233;8.24186;7.83069;7.4296;7.2764;6.9552;6.70115;6.44792;6.17447;5.73777;5.46687;5.07726;4.88621;4.46345;4.07456;4.07286;3.73416;3.42507;3.04787;2.78875;2.43508;2.0761;1.81933;1.71485;1.56797;1.40899;1.24828;1","14.9507;14.6018;14.4515;14.2116;14.19;13.9116;13.7602;13.6059;13.3178;12.9844;12.7718;12.6651;12.5111;12.3342;12.2384;11.9222;11.8216;11.5035;11.368;11.2134;11.0101;10.7561;10.5586;10.308;10.0782;9.86127;9.59311;9.57898;9.50732;9.46584;9.32557;9.17382;9.00806;8.89268;8.87357;8.85477;8.84737;8.9842;9.06904;9.19576;9.58077;9.82834;10.0275;10.1682;10.4394;10.4621;10.5124;10.6387;10.7238;10.8113;11.056;11.1624;11.1951;11.2221;11.5059;11.7651;11.8912;12.127;12.3553;12.503;12.6628;12.7874;13.1522;13.6412;14.0659;14.3343;14.6596;15",1.5991
"0.266667;0.166667;0.566667"
24.6742,0.483616,2.82195,"20.9591;20.6785;20.3944;19.9996;19.9627;19.5473;19.4516;19.3416;19.0789;18.7852;18.3925;18.1551;17.9572;17.6802;17.4787;17.2056;16.8967;16.5868;16.2133;16.0454;15.753;15.4167;15.0111;14.6212;14.2992;13.9088;13.5385;13.4013;13.0134;12.767;12.3565;12.1225;11.6888;11.2642;10.8868;10.6965;10.2623;10.1142;9.73931;9.48282;9.12865;8.9036;8.61094;8.20649;7.83069;7.4296;7.2764;6.9552;6.70115;6.44792;6.17447;5.73777;5.46687;5.07726;4.88621;4.46345;4.07456;4.07286;3.73416;3.42507;3.22023;2.96718;2.58426;2.2525;2.06764;1.74375;1.71485;1.56797;1.40899;1.24828;1","14.9507;14.6018;14.4515;14.2116;14.19;13.9116;13.7602;13.6059;13.3178;12.9844;12.7718;12.6651;12.5111;12.3342;12.2384;11.9222;11.8216;11.5035;11.368;11.2134;11.0101;10.7561;10.5586;10.308;10.0782;9.86127;9.59311;9.57898;9.50732;9.32329;9.50146;9.47014;9.46262;9.24512;9.37474;9.3615;9.20596;9.27326;9.51395;9.74911;9.75982;9.72941;9.75268;9.84639;10.0275;10.1682;10.4394;10.4621;10.5124;10.6387;10.7238;10.8113;11.056;11.1624;11.1951;11.2221;11.5059;11.7651;11.8912;12.127;12.5598;12.6602;12.8217;12.9646;12.9997;13.3722;13.6412;14.0659;14.3343;14.6596;15",1.52213
"0.266667;0.2;0.533333"
24.6994,0.267383,2.8204,"20.9591;20.6785;20.3944;19.9996;19.9627;19.5473;19.4516;19.3416;19.0789;18.7412;18.3925;18.1551;17.9572;17.6802;17.4787;17.2056;16.8967;16.5868;16.2133;16.0454;15.753;15.4167;15.0111;14.6212;14.2992;13.9088;13.5385;13.4013;13.0134;12.6001;12.2309;11.9474;11.5614;11.1487;10.838;10.3897;9.96592;9.4903;9.05518;8.59376;8.36668;7.96285;7.61862;7.29743;6.85331;6.48773;6.14524;5.73673;5.45893;5.00293;4.59161;4.1485;3.86681;3.39777;3.12102;2.9722;2.75517;2.47217;2.28326;1.98626;1.81933;1.71485;1.56797;1.40899;1.24828;1","14.9507;14.6018;14.4515;14.2116;14.19;13.9116;13.7602;13.6059;13.3178;13.0373;12.7718;12.6651;12.5111;12.3342;12.2384;11.9222;11.8216;11.5035;11.368;11.2134;11.0101;10.7561;10.5586;10.308;10.0782;9.86127;9.59311;9.57898;9.50732;9.46584;9.32557;9.17382;9.00806;8.89268;8.87357;8.85477;8.84737;8.93837;8.93261;9.0385;9.2205;9.3699;9.52126;9.61993;9.75258;9.95763;10.179;10.1946;10.3485;10.5102;10.7911;10.8374;10.9798;11.1464;11.4792;11.6474;12.0052;12.2545;12.5846;12.7807;13.1522;13.6412;14.0659;14.3343;14.6596;15",1.42622
"0.266667;0.233333;0.5"
24.6994,0.267383,2.8204,"20.9591;20.6785;20.3944;19.9996;19.9627;19.5473;19.4516;19.3416;19.0789;18.7412;18.3925;18.1551;17.9572;17.6802;17.4787;17.2056;16.8967;16.5868;16.2133;16.0454;15.753;15.4167;15.0111;14.6212;14.2992;13.9088;13.5385;13.4013;13.0134;12.6001;12.2309;11.9474;11.5614;11.1487;10.838;10.3897;9.96592;9.4903;9.05518;8.59376;8.36668;7.96285;7.61862;7.29743;6.85331;6.48773;6.14524;5.73673;5.45893;5.00293;4.59161;4.1485;3.86681;3.39777;3.12102;2.9722;2.75517;2.47217;2.28326;1.98626;1.81933;1.71485;1.56797;1.40899;1.24828;1","14.9507;14.6018;14.4515;14.2116;14.19;13.9116;13.7602;13.6059;13.3178;13.0373;12.7718;12.6651;12.5111;12.3342;12.2384;11.9222;11.8216;11.5035;11.368;11.2134;11.0101;10.7561;10.5586;10.308;10.0782;9.86127;9.59311;9.57898;9.50732;9.46584;9.32557;9.17382;9.00806;8.89268;8.87357;8.85477;8.84737;8.93837;8.93261;9.0385;9.2205;9.3699;9.52126;9.61993;9.75258;9.95763;10.179;10.1946;10.3485;10.5102;10.7911;10.8374;10.9798;11.1464;11.4792;11.6474;12.0052;12.2545;12.5846;12.7807;13.1522;13.6412;14.0659;14.3343;14.6596;15",1.33114
"0.266667;0.266667;0.466667"
24.7042,0.267321,2.82045,"20.9591;20.6785;20.3944;19.9996;19.9627;19.5473;19.4516;19.3416;19.0789;18.7412;18.3925;18.1551;17.9125;17.6802;17.4787;17.2056;16.8967;16.5868;16.2133;16.0454;15.7336;15.4167;15.0111;14.6212;14.2992;13.9088;13.5385;13.4013;13.0134;12.6001;12.2309;11.9474;11.5614;11.1487;10.838;10.3897;9.96592;9.4903;9.05518;8.59376;8.36668;7.96285;7.61862;7.29743;6.85331;6.48773;6.14524;5.73673;5.45893;5.00293;4.59161;4.1485;3.86681;3.39777;3.12102;2.9722;2.75517;2.47217;2.28326;1.98626;1.81933;1.71485;1.56797;1.40899;1.24828;1","14.9507;14.6018;14.4515;14.2116;14.19;13.9116;13.7602;13.6059;13.3178;13.0373;12.7718;12.6651;12.5343;12.3342;12.2384;11.9222;11.8216;11.5035;11.368;11.2134;10.9509;10.7561;10.5586;10.308;10.0782;9.86127;9.59311;9.57898;9.50732;9.46584;9.32557;9.17382;9.00806;8.89268;8.87357;8.85477;8.84737;8.93837;8.93261;9.0385;9.2205;9.3699;9.52126;9.61993;9.75258;9.95763;10.179;10.1946;10.3485;10.5102;10.7911;10.8374;10.9798;11.1464;11.4792;11.6474;12.0052;12.2545;12.5846;12.7807;13.1522;13.6412;14.0659;14.3343;14.6596;15",1.23608
"0.266667;0.3;0.433333"
24.7028,0.291681,2.8599,"20.9591;20.6785;20.3944;19.9996;19.9627;19.5473;19.4516;19.3416;19.0789;18.7412;18.3925;18.1551;17.9572;17.6802;17.4787;17.2056;16.8967;16.5868;16.2133;16.0454;15.7336;15.4167;15.0111;14.6212;14.2992;13.9088;13.5385;13.1278;12.6988;12.2387;11.9474;11.5614;11.1487;10.838;10.3897;9.96592;9.63811;9.30771;8.94642;8.67233;8.24186;7.83069;7.4296;7.2764;6.9552;6.70115;6.44792;6.17447;5.73777;5.46687;5.07726;4.88621;4.46345;4.07456;4.07286;3.73416;3.42507;3.22023;2.96718;2.58426;2.2525;2.06764;1.74375;1.71485;1.56797;1.40899;1.24828;1","14.9507;14.6018;14.4515;14.2116;14.19;13.9116;13.7602;13.6059;13.3178;13.0373;12.7718;12.6651;12.5111;12.3342;12.2384;11.9222;11.8216;11.5035;11.368;11.2134;10.9509;10.7561;10.5586;10.308;10.0782;9.86127;9.59311;9.44479;9.35992;9.21025;9.17382;9.00806;8.89268;8.87357;8.85477;8.84737;8.9842;9.06904;9.19576;9.58077;9.82834;10.0275;10.1682;10.4394;10.4621;10.5124;10.6387;10.7238;10.8113;11.056;11.1624;11.1951;11.2221;11.5059;11.7651;11.8912;12.127;12.5598;12.6602;12.8217;12.9646;12.9997;13.3722;13.6412;14.0659;14.3343;14.6596;15",1.15678
"0.266667;0.333333;0.4"
24.7064,0.256629,2.82762,"20.9591;20.6785;20.3944;19.9996;19.9627;19.5473;19.4516;19.3416;19.0789;18.7412;18.3925;18.1551;17.9572;17.6802;17.4787;17.2056;16.8967;16.5868;16.2133;16.0454;15.7336;15.4748;15.0309;14.8989;14.6212;14.2992;13.9088;13.5385;13.1278;12.6988;12.2387;11.9474;11.5614;11.1487;10.838;10.3897;9.96592;9.4903;9.05518;8.59376;8.36668;7.96285;7.61862;7.29743;6.85331;6.48773;6.14524;5.73673;5.45893;5.00293;4.59161;4.1485;3.86681;3.39777;3.12102;2.9722;2.75517;2.47217;2.28326;2.0761;1.81933;1.71485;1.56797;1.40899;1.24828;1","14.9507;14.6018;14.4515;14.2116;14.19;13.9116;13.7602;13.6059;13.3178;13.0373;12.7718;12.6651;12.5111;12.3342;12.2384;11.9222;11.8216;11.5035;11.368;11.2134;10.9509;10.7368;10.6679;10.5293;10.308;10.0782;9.86127;9.59311;9.44479;9.35992;9.21025;9.17382;9.00806;8.89268;8.87357;8.85477;8.84737;8.93837;8.93261;9.0385;9.2205;9.3699;9.52126;9.61993;9.75258;9.95763;10.179;10.1946;10.3485;10.5102;10.7911;10.8374;10.9798;11.1464;11.4792;11.6474;12.0052;12.2545;12.5846;12.7874;13.1522;13.6412;14.0659;14.3343;14.6596;15",1.04854
"0.266667;0.366667;0.366667"
24.7064,0.256629,2.82762,"20.9591;20.6785;20.3944;19.9996;19.9627;19.5473;19.4516;19.3416;19.0789;18.7412;18.3925;18.1551;17.9572;17.6802;17.4787;17.2056;16.8967;16.5868;16.2133;16.0454;15.7336;15.4748;15.0309;14.8989;14.6212;14.2992;13.9088;13.5385;13.1278;12.6988;12.2387;11.9474;11.5614;11.1487;10.838;10.3897;9.96592;9.4903;9.05518;8.59376;8.36668;7.96285;7.61862;7.29743;6.85331;6.48773;6.14524;5.73673;5.45893;5.00293;4.59161;4.1485;3.86681;3.39777;3.12102;2.9722;2.75517;2.47217;2.28326;2.0761;1.81933;1.71485;1.56797;1.40899;1.24828;1","14.9507;14.6018;14.4515;14.2116;14.19;13.9116;13.7602;13.6059;13.3178;13.0373;12.7718;12.6651;12.5111;12.3342;12.2384;11.9222;11.8216;11.5035;11.368;11.2134;10.9509;10.7368;10.6679;10.5293;10.308;10.0782;9.86127;9.59311;9.44479;9.35992;9.21025;9.17382;9.00806;8.89268;8.87357;8.85477;8.84737;8.93837;8.93261;9.0385;9.2205;9.3699;9.52126;9.61993;9.75258;9.95763;10.179;10.1946;10.3485;10.5102;10.7911;10.8374;10.9798;11.1464;11.4792;11.6474;12.0052;12.2545;12.5846;12.7874;13.1522;13.6412;14.0659;14.3343;14.6596;15",0.953219
"0.266667;0.4;0.333333"
24.7288,0.252185,2.82784,"20.9591;20.6785;20.3944;19.9996;19.9627;19.5473;19.4516;19.3416;19.0789;18.7412;18.3925;18.1551;17.9572;17.6802;17.4787;17.2056;16.8967;16.5868;16.2133;16.0454;15.7336;15.4748;15.0309;14.8989;14.6212;14.2992;13.9088;13.5385;13.135;12.7054;12.2387;11.9474;11.5614;11.1487;10.838;10.3897;9.96592;9.4903;9.05518;8.59376;8.36668;7.96285;7.61862;7.29743;6.85331;6.48773;6.14524;5.73673;5.45893;5.00293;4.59161;4.1485;3.86681;3.39777;3.12102;2.9722;2.75517;2.47217;2.28326;2.0761;1.81933;1.71485;1.56797;1.40899;1.24828;1","14.9507;14.6018;14.4515;14.2116;14.19;13.9116;13.7602;13.6059;13.3178;13.0373;12.7718;12.6651;12.5111;12.3342;12.2384;11.9222;11.8216;11.5035;11.368;11.2134;10.9509;10.7368;10.6679;10.5293;10.308;10.0782;9.86127;9.59311;9.35077;9.25083;9.21025;9.17382;9.00806;8.89268;8.87357;8.85477;8.84737;8.93837;8.93261;9.0385;9.2205;9.3699;9.52126;9.61993;9.75258;9.95763;10.179;10.1946;10.3485;10.5102;10.7911;10.8374;10.9798;11.1464;11.4792;11.6474;12.0052;12.2545;12.5846;12.7874;13.1522;13.6412;14.0659;14.3343;14.6596;15",0.857964
"0.266667;0.433333;0.3"
24.7701,0.287958,2.82825,"20.9591;20.6785;20.3944;19.9996;19.9627;19.5473;19.4516;19.3416;19.0789;18.7412;18.3925;18.1551;17.9572;17.6802;17.4787;17.2056;16.8967;16.5868;16.2133;16.0454;15.7336;15.4748;15.0309;14.8989;14.6212;14.2992;13.9088;13.5385;13.135;12.7054;12.2387;11.9474;11.5614;11.1487;10.838;10.3897;9.96592;9.63811;9.30771;8.94642;8.67233;8.24186;7.83069;7.4296;7.2764;6.9552;6.70115;6.44792;6.17447;5.73777;5.46687;5.07726;4.88621;4.46345;4.07456;4.07286;3.73416;3.42507;3.04787;2.86759;2.54979;2.28326;2.0761;1.81933;1.71485;1.56797;1.40899;1.24828;1","14.9507;14.6018;14.4515;14.2116;14.19;13.9116;13.7602;13.6059;13.3178;13.0373;12.7718;12.6651;12.5111;12.3342;12.2384;11.9222;11.8216;11.5035;11.368;11.2134;10.9509;10.7368;10.6679;10.5293;10.308;10.0782;9.86127;9.59311;9.35077;9.25083;9.21025;9.17382;9.00806;8.89268;8.87357;8.85477;8.84737;8.9842;9.06904;9.19576;9.58077;9.82834;10.0275;10.1682;10.4394;10.4621;10.5124;10.6387;10.7238;10.8113;11.056;11.1624;11.1951;11.2221;11.5059;11.7651;11.8912;12.127;12.3553;12.3986;12.4608;12.5846;12.7874;13.1522;13.6412;14.0659;14.3343;14.6596;15",0.762745
"0.266667;0.466667;0.266667"
24.7288,0.252185,2.82784,"20.9591;20.6785;20.3944;19.9996;19.9627;19.5473;19.4516;19.3416;19.0789;18.7412;18.3925;18.1551;17.9572;17.6802;17.4787;17.2056;16.8967;16.5868;16.2133;16.0454;15.7336;15.4748;15.0309;14.8989;14.6212;14.2992;13.9088;13.5385;13.135;12.7054;12.2387;11.9474;11.5614;11.1487;10.838;10.3897;9.96592;9.4903;9.05518;8.59376;8.36668;7.96285;7.61862;7.29743;6.85331;6.48773;6.14524;5.73673;5.45893;5.00293;4.59161;4.1485;3.86681;3.39777;3.12102;2.9722;2.75517;2.47217;2.28326;2.0761;1.81933;1.71485;1.56797;1.40899;1.24828;1","14.9507;14.6018;14.4515;14.2116;14.19;13.9116;13.7602;13.6059;13.3178;13.0373;12.7718;12.6651;12.5111;12.3342;12.2384;11.9222;11.8216;11.5035;11.368;11.2134;10.9509;10.7368;10.6679;10.5293;10.308;10.0782;9.86127;9.59311;9.35077;9.25083;9.21025;9.17382;9.00806;8.89268;8.87357;8.85477;8.84737;8.93837;8.93261;9.0385;9.2205;9.3699;9.52126;9.61993;9.75258;9.95763;10.179;10.1946;10.3485;10.5102;10.7911;10.8374;10.9798;11.1464;11.4792;11.6474;12.0052;12.2545;12.5846;12.7874;13.1522;13.6412;14.0659;14.3343;14.6596;15",0.667306
"0.266667;0.5;0.233333"
24.6945,0.327985,3.09946,"20.9591;20.6785;20.3944;19.9996;19.9627;19.5473;19.4516;19.3416;19.0789;18.7412;18.3925;18.1551;17.9572;17.6802;17.4787;17.2056;16.8967;16.5868;16.2133;16.0454;15.7336;15.4748;15.0309;14.8989;14.6212;14.2992;13.9088;13.5385;13.135;12.7054;12.2387;11.9474;11.5614;11.1487;10.838;10.3897;9.96592;9.69416;9.41617;9.1358;8.9036;8.61094;8.20649;7.83069;7.4296;7.2764;6.87612;6.39606;5.96471;5.56777;5.22445;5.01231;4.87399;4.42507;4.17899;3.74448;3.3286;2.94597;2.60995;2.52948;2.3699;2.18265;2.07308;1.87497;1.69089;1.27364;1","14.9507;14.6018;14.4515;14.2116;14.19;13.9116;13.7602;13.6059;13.3178;13.0373;12.7718;12.6651;12.5111;12.3342;12.2384;11.9222;11.8216;11.5035;11.368;11.2134;10.9509;10.7368;10.6679;10.5293;10.308;10.0782;9.86127;9.59311;9.35077;9.25083;9.21025;9.17382;9.00806;8.89268;8.87357;8.85477;8.84737;9.21682;9.50889;9.6613;9.72941;9.75268;9.84639;10.0275;10.1682;10.4394;10.7052;10.7781;11.0031;11.2974;11.5544;11.8388;12.2744;12.4542;12.7297;12.625;12.6678;12.8185;13.0846;13.4745;13.7086;13.8659;14.135;14.4526;14.6408;14.8808;15",0.6263
"0.266667;0.533333;0.2"
24.6945,0.327985,3.09946,"20.9591;20.6785;20.3944;19.9996;19.9627;19.5473;19.4516;19.3416;19.0789;18.7412;18.3925;18.1551;17.9572;17.6802;17.4787;17.2056;16.8967;16.5868;16.2133;16.0454;15.7336;15.4748;15.0309;14.8989;14.6212;14.2992;13.9088;13.5385;13.135;12.7054;12.2387;11.9474;11.5614;11.1487;10.838;10.3897;9.96592;9.69416;9.41617;9.1358;8.9036;8.61094;8.20649;7.83069;7.4296;7.2764;6.87612;6.39606;5.96471;5.56777;5.22445;5.01231;4.87399;4.42507;4.17899;3.74448;3.3286;2.94597;2.60995;2.52948;2.3699;2.18265;2.07308;1.87497;1.69089;1.27364;1","14.9507;14.6018;14.4515;14.2116;14.19;13.9116;13.7602;13.6059;13.3178;13.0373;12.7718;12.6651;12.5111;12.3342;12.2384;11.9222;11.8216;11.5035;11.368;11.2134;10.9509;10.7368;10.6679;10.5293;10.308;10.0782;9.86127;9.59311;9.35077;9.25083;9.21025;9.17382;9.00806;8.89268;8.87357;8.85477;8.84737;9.21682;9.50889;9.6613;9.72941;9.75268;9.84639;10.0275;10.1682;10.4394;10.7052;10.7781;11.0031;11.2974;11.5544;11.8388;12.2744;12.4542;12.7297;12.625;12.6678;12.8185;13.0846;13.4745;13.7086;13.8659;14.135;14.4526;14.6408;14.8808;15",0.521917
"0.266667;0.566667;0.166667"
24.7321,0.337887,3.09984,"20.9591;20.6785;20.3944;19.9996;19.9627;19.5473;19.4516;19.3416;19.0789;18.7412;18.3925;18.1551;17.9572;17.6802;17.4787;17.2056;16.8967;16.5868;16.2133;16.0454;15.7336;15.4748;15.0309;14.8989;14.6212;14.2992;13.9088;13.5385;13.3176;13.0379;12.6988;12.2387;11.9474;11.5614;11.1487;10.838;10.3897;9.96592;9.69416;9.41617;9.1358;8.9036;8.61094;8.20649;7.83069;7.4296;7.2764;6.87612;6.39606;5.96471;5.56777;5.22445;5.01231;4.87399;4.42507;4.17899;3.74448;3.3286;2.94597;2.60995;2.52948;2.3699;2.18265;2.07308;1.87497;1.69089;1.27364;1","14.9507;14.6018;14.4515;14.2116;14.19;13.9116;13.7602;13.6059;13.3178;13.0373;12.7718;12.6651;12.5111;12.3342;12.2384;11.9222;11.8216;11.5035;11.368;11.2134;10.9509;10.7368;10.6679;10.5293;10.308;10.0782;9.86127;9.59311;9.67655;9.49828;9.35992;9.21025;9.17382;9.00806;8.89268;8.87357;8.85477;8.84737;9.21682;9.50889;9.6613;9.72941;9.75268;9.84639;10.0275;10.1682;10.4394;10.7052;10.7781;11.0031;11.2974;11.5544;11.8388;12.2744;12.4542;12.7297;12.625;12.6678;12.8185;13.0846;13.4745;13.7086;13.8659;14.135;14.4526;14.6408;14.8808;15",0.417584
"0.266667;0.6;0.133333"
23.5534,0.12458,11.7767,"20.9591;20.6785;20.3944;20.1476;19.8993;20.0052;19.7587;19.5012;19.2453;19.2116;18.9722;18.5147;18.2323;17.8616;17.5784;17.0997;16.9526;16.4847;16.1745;15.9638;15.5085;15.1027;14.6773;14.4894;14.1253;13.824;13.3803;13.2708;12.8137;12.5927;12.1813;11.7746;11.3691;10.9959;10.6001;10.4831;10.0764;9.74519;9.31899;9.15219;8.79818;8.65282;8.15282;7.88754;7.49782;7.27595;6.89851;6.76183;6.34229;5.98186;5.75803;5.41296;4.9235;4.56701;4.11057;3.65422;3.50753;3.23682;3.02224;2.77497;2.4487;2.16262;1.70477;1.39947;1","14.9507;14.6018;14.4515;14.8736;15.2284;15.5003;15.8289;16.1702;16.5342;16.7104;16.8419;16.9234;17.1119;17.3614;17.6514;17.7532;17.6927;17.72;17.968;17.9367;18.1059;18.3691;18.1335;17.8422;17.6147;17.6025;17.6894;17.6936;17.6636;17.55;17.5611;17.5676;17.4617;17.4869;17.5984;17.6288;17.6946;17.6111;17.3583;17.1136;17.1042;17.021;17.018;16.9737;16.7983;16.7012;16.4217;16.4323;16.351;16.1439;16.3476;16.5091;16.4983;16.3621;16.2118;16.0511;15.8873;15.7488;15.4451;15.4104;15.2367;15.0475;15.0703;14.9914;15",1.18087
"0.266667;0.633333;0.1"
23.4445,0.126482,11.7222,"20.9591;20.6785;20.3944;20.1476;19.8503;19.4047;19.0145;18.7129;18.6548;18.5821;18.4879;18.189;17.903;17.4824;17.2774;16.9493;16.5903;16.2972;15.9995;15.7901;15.5085;15.1027;14.6773;14.4894;14.1253;13.824;13.3803;13.2708;12.8137;12.5927;12.1813;11.7746;11.3691;10.9959;10.6001;10.4831;10.0764;9.74519;9.31899;9.15219;8.79818;8.65282;8.15282;7.88754;7.49782;7.27595;6.89851;6.76183;6.34229;5.98186;5.75803;5.41296;4.9235;4.56701;4.11057;3.65422;3.50753;3.23682;3.02224;2.77497;2.4487;2.16262;1.70477;1.39947;1","14.9507;14.6018;14.4515;14.8736;14.7655;14.8893;15.1486;15.4278;15.5139;15.8728;16.1934;16.5122;16.8404;17.0114;17.0665;16.9752;17.235;17.3661;17.696;17.7488;18.1059;18.3691;18.1335;17.8422;17.6147;17.6025;17.6894;17.6936;17.6636;17.55;17.5611;17.5676;17.4617;17.4869;17.5984;17.6288;17.6946;17.6111;17.3583;17.1136;17.1042;17.021;17.018;16.9737;16.7983;16.7012;16.4217;16.4323;16.351;16.1439;16.3476;16.5091;16.4983;16.3621;16.2118;16.0511;15.8873;15.7488;15.4451;15.4104;15.2367;15.0475;15.0703;14.9914;15",0.783618
"0.266667;0.666667;0.0666667"
23.187,0.126234,11.5935,"20.9591;20.6785;20.2976;19.8503;19.4047;19.0145;18.7129;18.6548;18.5821;18.4879;18.189;17.903;17.4824;17.2774;16.9493;16.5903;16.2972;15.9995;15.7901;15.5085;15.1027;14.6773;14.4894;14.1253;13.824;13.3803;13.2708;12.8137;12.5927;12.1813;11.7746;11.3691;10.9959;10.6001;10.4831;10.0764;9.74519;9.31899;9.15219;8.79818;8.65282;8.15282;7.88754;7.49782;7.27595;6.89851;6.76183;6.34229;5.98186;5.75803;5.41296;4.9235;4.56701;4.11057;3.65422;3.50753;3.23682;3.02224;2.77497;2.4487;2.16262;1.70477;1.39947;1","14.9507;14.6018;14.7827;14.7655;14.8893;15.1486;15.4278;15.5139;15.8728;16.1934;16.5122;16.8404;17.0114;17.0665;16.9752;17.235;17.3661;17.696;17.7488;18.1059;18.3691;18.1335;17.8422;17.6147;17.6025;17.6894;17.6936;17.6636;17.55;17.5611;17.5676;17.4617;17.4869;17.5984;17.6288;17.6946;17.6111;17.3583;17.1136;17.1042;17.021;17.018;16.9737;16.7983;16.7012;16.4217;16.4323;16.351;16.1439;16.3476;16.5091;16.4983;16.3621;16.2118;16.0511;15.8873;15.7488;15.4451;15.4104;15.2367;15.0475;15.0703;14.9914;15",0.387519
"0.266667;0.7;0.0333333"
23.6275,0.0702865,11.8138,"21.2074;20.9384;20.6785;20.2976;20.1476;19.8993;20.0052;19.7587;19.4532;18.9745;18.5239;18.189;17.903;17.4824;17.2774;17.0041;16.5903;16.2438;15.9995;15.7901;15.5085;15.1027;14.6542;14.5093;14.1504;13.8042;13.3663;12.9409;12.5548;12.1816;12.0452;11.7942;11.3607;10.8942;10.6343;10.3286;10.0977;9.90165;9.61452;9.13614;8.69033;8.34351;8.02769;7.78605;7.41521;7.24646;6.79464;6.56079;6.23747;6.01488;5.78191;5.42853;5.02079;4.9235;4.56701;4.11057;3.65422;3.50753;3.23682;3.02224;2.77497;2.4487;2.16262;1.70477;1.39947;1","14.9691;14.8333;14.6018;14.7827;14.8736;15.2284;15.5003;15.8289;16.1692;16.2706;16.193;16.5122;16.8404;17.0114;17.0665;17.2273;17.235;17.5023;17.696;17.7488;18.1059;18.3691;18.5828;18.4935;18.5089;18.3139;18.3625;18.506;18.7752;18.8322;18.7964;18.653;18.4603;18.3894;18.3199;18.2234;18.2121;18.1791;18.4051;18.456;18.3083;18.1439;18.016;17.9665;18.0352;18.1007;17.9171;17.7672;17.6106;17.3363;17.1329;16.8145;16.5917;16.4983;16.3621;16.2118;16.0511;15.8873;15.7488;15.4451;15.4104;15.2367;15.0475;15.0703;14.9914;15",0.152743
"0.266667;0.733333;0"
24.3029,3.89604,3.11357,"20.9052;20.6785;20.3944;19.9996;19.5133;19.1872;18.8809;18.521;18.1955;17.8653;17.7023;17.4163;16.9678;16.6035;16.2626;15.9984;15.621;15.4651;15.1442;14.9219;14.5972;14.3699;13.9324;13.5096;13.3034;12.9874;12.8034;12.4301;12.0122;11.6316;11.3632;10.9353;10.4613;10.0993;9.61539;9.15539;8.86393;8.61094;8.20649;7.83069;7.4296;7.2764;6.9552;6.70115;6.44792;6.17447;5.73777;5.46687;5.07726;4.88621;4.46345;4.07456;4.07286;3.73416;3.42507;3.04787;2.78875;2.43508;2.0761;1.81933;1.71485;1.56797;1.40899;1.24828;1","14.8285;14.6018;14.4515;14.2116;14.1286;13.8195;13.6791;13.5254;13.2368;13.0161;12.8926;12.6695;12.4541;12.1167;11.8776;11.746;11.8071;11.5374;11.2848;11.1481;10.9118;10.8547;10.6379;10.4536;10.2967;10.098;9.8468;9.77668;9.75456;9.44777;9.64979;9.89159;9.91842;10.0121;10.0156;9.8962;9.78401;9.75268;9.84639;10.0275;10.1682;10.4394;10.4621;10.5124;10.6387;10.7238;10.8113;11.056;11.1624;11.1951;11.2221;11.5059;11.7651;11.8912;12.127;12.3553;12.503;12.6628;12.7874;13.1522;13.6412;14.0659;14.3343;14.6596;15",2.24809
"0.3;0;0.7"
24.2742,0.992901,3.11329,"20.9052;20.6785;20.3944;19.9996;19.5133;19.1872;18.8809;18.521;18.1955;17.8653;17.7023;17.4163;16.9678;16.6035;16.2626;15.9984;15.621;15.4651;15.1442;14.9219;14.5972;14.3699;13.9324;13.5096;13.3034;12.9874;12.8034;12.4301;12.0122;11.6316;11.3632;10.9919;10.732;10.3657;9.92571;9.5858;9.12865;8.9036;8.61094;8.20649;7.83069;7.4296;7.2764;6.9552;6.70115;6.44792;6.17447;5.73777;5.46687;5.07726;4.88621;4.46345;4.07456;4.07286;3.73416;3.42507;3.04787;2.78875;2.43508;2.0761;1.81933;1.71485;1.56797;1.40899;1.24828;1","14.8285;14.6018;14.4515;14.2116;14.1286;13.8195;13.6791;13.5254;13.2368;13.0161;12.8926;12.6695;12.4541;12.1167;11.8776;11.746;11.8071;11.5374;11.2848;11.1481;10.9118;10.8547;10.6379;10.4536;10.2967;10.098;9.8468;9.77668;9.75456;9.44777;9.64979;9.66708;9.62133;9.5653;9.50118;9.72689;9.75982;9.72941;9.75268;9.84639;10.0275;10.1682;10.4394;10.4621;10.5124;10.6387;10.7238;10.8113;11.056;11.1624;11.1951;11.2221;11.5059;11.7651;11.8912;12.127;12.3553;12.503;12.6628;12.7874;13.1522;13.6412;14.0659;14.3343;14.6596;15",2.14084
"0.3;0.0333333;0.666667"
24.4034,0.73083,2.78692,"20.9591;20.6785;20.3944;19.9996;19.9627;19.5473;19.4516;19.3416;19.0789;18.7852;18.3925;18.1551;17.9572;17.6802;17.4787;17.2056;16.8967;16.5868;16.2133;16.0454;15.753;15.4167;15.0111;14.6212;14.2992;13.9088;13.5385;13.4013;13.0134;12.6001;12.1225;11.6888;11.3632;10.9919;10.732;10.3657;9.92571;9.5858;9.12865;8.9036;8.61094;8.20649;7.83069;7.4296;7.2764;6.9552;6.70115;6.44792;6.17447;5.73777;5.46687;5.07726;4.88621;4.46345;4.07456;4.07286;3.73416;3.42507;3.04787;2.78875;2.43508;2.0761;1.81933;1.71485;1.56797;1.40899;1.24828;1","14.9507;14.6018;14.4515;14.2116;14.19;13.9116;13.7602;13.6059;13.3178;12.9844;12.7718;12.6651;12.5111;12.3342;12.2384;11.9222;11.8216;11.5035;11.368;11.2134;11.0101;10.7561;10.5586;10.308;10.0782;9.86127;9.59311;9.57898;9.50732;9.46584;9.47014;9.46262;9.64979;9.66708;9.62133;9.5653;9.50118;9.72689;9.75982;9.72941;9.75268;9.84639;10.0275;10.1682;10.4394;10.4621;10.5124;10.6387;10.7238;10.8113;11.056;11.1624;11.1951;11.2221;11.5059;11.7651;11.8912;12.127;12.3553;12.503;12.6628;12.7874;13.1522;13.6412;14.0659;14.3343;14.6596;15",1.78534
"0.3;0.0666667;0.633333"
24.5754,0.482698,2.82096,"20.9591;20.6785;20.3944;19.9996;19.9627;19.5473;19.4516;19.3416;19.0789;18.7852;18.3925;18.1551;17.9572;17.6802;17.4787;17.2056;16.8967;16.6298;16.2975;16.0454;15.753;15.4167;15.0111;14.6212;14.2992;13.9088;13.5385;13.4013;13.0134;12.6001;12.1225;11.6888;11.2642;10.8868;10.6965;10.2623;10.1142;9.73931;9.48282;9.12865;8.9036;8.61094;8.20649;7.83069;7.4296;7.2764;6.9552;6.70115;6.44792;6.17447;5.73777;5.46687;5.07726;4.88621;4.46345;4.07456;4.07286;3.73416;3.42507;3.22023;2.96718;2.58426;2.2525;2.06764;1.74375;1.71485;1.56797;1.40899;1.24828;1","14.9507;14.6018;14.4515;14.2116;14.19;13.9116;13.7602;13.6059;13.3178;12.9844;12.7718;12.6651;12.5111;12.3342;12.2384;11.9222;11.8216;11.665;11.5202;11.2134;11.0101;10.7561;10.5586;10.308;10.0782;9.86127;9.59311;9.57898;9.50732;9.46584;9.47014;9.46262;9.24512;9.37474;9.3615;9.20596;9.27326;9.51395;9.74911;9.75982;9.72941;9.75268;9.84639;10.0275;10.1682;10.4394;10.4621;10.5124;10.6387;10.7238;10.8113;11.056;11.1624;11.1951;11.2221;11.5059;11.7651;11.8912;12.127;12.5598;12.6602;12.8217;12.9646;12.9997;13.3722;13.6412;14.0659;14.3343;14.6596;15",1.7118
"0.3;0.1;0.6"
24.5761,0.482456,2.82096,"20.9591;20.6785;20.3944;19.9996;19.9627;19.5473;19.4516;19.3416;19.0789;18.7852;18.3925;18.1551;17.9572;17.6802;17.4787;17.2056;16.8967;16.5868;16.2133;16.0454;15.753;15.4167;15.0111;14.6212;14.2992;13.9088;13.5385;13.4013;13.0134;12.6001;12.1225;11.6888;11.2642;10.8868;10.6965;10.2623;10.1142;9.73931;9.48282;9.12865;8.9036;8.61094;8.20649;7.83069;7.4296;7.2764;6.9552;6.70115;6.44792;6.17447;5.73777;5.46687;5.07726;4.88621;4.46345;4.07456;4.07286;3.73416;3.42507;3.22023;2.96718;2.58426;2.2525;2.06764;1.74375;1.71485;1.56797;1.40899;1.24828;1","14.9507;14.6018;14.4515;14.2116;14.19;13.9116;13.7602;13.6059;13.3178;12.9844;12.7718;12.6651;12.5111;12.3342;12.2384;11.9222;11.8216;11.5035;11.368;11.2134;11.0101;10.7561;10.5586;10.308;10.0782;9.86127;9.59311;9.57898;9.50732;9.46584;9.47014;9.46262;9.24512;9.37474;9.3615;9.20596;9.27326;9.51395;9.74911;9.75982;9.72941;9.75268;9.84639;10.0275;10.1682;10.4394;10.4621;10.5124;10.6387;10.7238;10.8113;11.056;11.1624;11.1951;11.2221;11.5059;11.7651;11.8912;12.127;12.5598;12.6602;12.8217;12.9646;12.9997;13.3722;13.6412;14.0659;14.3343;14.6596;15",1.6167
"0.3;0.133333;0.566667"
24.5283,0.732183,2.82049,"20.9591;20.6785;20.3944;19.9996;19.9627;19.5473;19.4516;19.3416;19.0789;18.7852;18.3925;18.1551;17.9572;17.6802;17.4787;17.2056;16.8967;16.5868;16.2133;16.0454;15.753;15.4167;15.0111;14.6212;14.2992;13.9088;13.5385;13.4013;13.0134;12.767;12.3565;12.1225;11.6888;11.3632;10.9919;10.732;10.3657;9.92571;9.5858;9.12865;8.9036;8.61094;8.20649;7.83069;7.4296;7.2764;6.9552;6.70115;6.44792;6.17447;5.73777;5.46687;5.07726;4.88621;4.46345;4.07456;4.07286;3.73416;3.42507;3.22023;2.96718;2.58426;2.2525;2.06764;1.74375;1.71485;1.56797;1.40899;1.24828;1","14.9507;14.6018;14.4515;14.2116;14.19;13.9116;13.7602;13.6059;13.3178;12.9844;12.7718;12.6651;12.5111;12.3342;12.2384;11.9222;11.8216;11.5035;11.368;11.2134;11.0101;10.7561;10.5586;10.308;10.0782;9.86127;9.59311;9.57898;9.50732;9.32329;9.50146;9.47014;9.46262;9.64979;9.66708;9.62133;9.5653;9.50118;9.72689;9.75982;9.72941;9.75268;9.84639;10.0275;10.1682;10.4394;10.4621;10.5124;10.6387;10.7238;10.8113;11.056;11.1624;11.1951;11.2221;11.5059;11.7651;11.8912;12.127;12.5598;12.6602;12.8217;12.9646;12.9997;13.3722;13.6412;14.0659;14.3343;14.6596;15",1.52135
"0.3;0.166667;0.533333"
24.5147,0.732173,2.85802,"20.9591;20.6785;20.3944;19.9996;19.9627;19.5473;19.4516;19.3416;19.0789;18.7412;18.3925;18.1551;17.9572;17.6802;17.4787;17.2056;16.8967;16.5868;16.2133;16.0454;15.753;15.4167;15.0111;14.6212;14.2992;13.9088;13.5385;13.4013;13.0134;12.767;12.3565;12.1225;11.6888;11.3632;10.9919;10.732;10.3657;9.92571;9.5858;9.12865;8.9036;8.61094;8.20649;7.83069;7.4296;7.2764;6.9552;6.70115;6.44792;6.17447;5.73777;5.46687;5.07726;4.88621;4.46345;4.07456;4.07286;3.73416;3.42507;3.22023;2.96718;2.58426;2.2525;2.06764;1.74375;1.71485;1.56797;1.40899;1.24828;1","14.9507;14.6018;14.4515;14.2116;14.19;13.9116;13.7602;13.6059;13.3178;13.0373;12.7718;12.6651;12.5111;12.3342;12.2384;11.9222;11.8216;11.5035;11.368;11.2134;11.0101;10.7561;10.5586;10.308;10.0782;9.86127;9.59311;9.57898;9.50732;9.32329;9.50146;9.47014;9.46262;9.64979;9.66708;9.62133;9.5653;9.50118;9.72689;9.75982;9.72941;9.75268;9.84639;10.0275;10.1682;10.4394;10.4621;10.5124;10.6387;10.7238;10.8113;11.056;11.1624;11.1951;11.2221;11.5059;11.7651;11.8912;12.127;12.5598;12.6602;12.8217;12.9646;12.9997;13.3722;13.6412;14.0659;14.3343;14.6596;15",1.44503
"0.3;0.2;0.5"
24.6722,0.267361,2.82728,"20.9591;20.6785;20.3944;19.9996;19.9627;19.5473;19.4516;19.3416;19.0789;18.7412;18.3925;18.1551;17.9572;17.6802;17.4787;17.2056;16.8967;16.5868;16.2133;16.0454;15.753;15.4167;15.0111;14.6212;14.2992;13.9088;13.5385;13.4013;13.0134;12.6001;12.2309;11.9474;11.5614;11.1487;10.838;10.3897;9.96592;9.4903;9.05518;8.59376;8.36668;7.96285;7.61862;7.29743;6.85331;6.48773;6.14524;5.73673;5.45893;5.00293;4.59161;4.1485;3.86681;3.39777;3.12102;2.9722;2.75517;2.47217;2.28326;2.0761;1.81933;1.71485;1.56797;1.40899;1.24828;1","14.9507;14.6018;14.4515;14.2116;14.19;13.9116;13.7602;13.6059;13.3178;13.0373;12.7718;12.6651;12.5111;12.3342;12.2384;11.9222;11.8216;11.5035;11.368;11.2134;11.0101;10.7561;10.5586;10.308;10.0782;9.86127;9.59311;9.57898;9.50732;9.46584;9.32557;9.17382;9.00806;8.89268;8.87357;8.85477;8.84737;8.93837;8.93261;9.0385;9.2205;9.3699;9.52126;9.61993;9.75258;9.95763;10.179;10.1946;10.3485;10.5102;10.7911;10.8374;10.9798;11.1464;11.4792;11.6474;12.0052;12.2545;12.5846;12.7874;13.1522;13.6412;14.0659;14.3343;14.6596;15",1.33435
"0.3;0.233333;0.466667"
24.6722,0.267361,2.82728,"20.9591;20.6785;20.3944;19.9996;19.9627;19.5473;19.4516;19.3416;19.0789;18.7412;18.3925;18.1551;17.9572;17.6802;17.4787;17.2056;16.8967;16.5868;16.2133;16.0454;15.753;15.4167;15.0111;14.6212;14.2992;13.9088;13.5385;13.4013;13.0134;12.6001;12.2309;11.9474;11.5614;11.1487;10.838;10.3897;9.96592;9.4903;9.05518;8.59376;8.36668;7.96285;7.61862;7.29743;6.85331;6.48773;6.14524;5.73673;5.45893;5.00293;4.59161;4.1485;3.86681;3.39777;3.12102;2.9722;2.75517;2.47217;2.28326;2.0761;1.81933;1.71485;1.56797;1.40899;1.24828;1","14.9507;14.6018;14.4515;14.2116;14.19;13.9116;13.7602;13.6059;13.3178;13.0373;12.7718;12.6651;12.5111;12.3342;12.2384;11.9222;11.8216;11.5035;11.368;11.2134;11.0101;10.7561;10.5586;10.308;10.0782;9.86127;9.59311;9.57898;9.50732;9.46584;9.32557;9.17382;9.00806;8.89268;8.87357;8.85477;8.84737;8.93837;8.93261;9.0385;9.2205;9.3699;9.52126;9.61993;9.75258;9.95763;10.179;10.1946;10.3485;10.5102;10.7911;10.8374;10.9798;11.1464;11.4792;11.6474;12.0052;12.2545;12.5846;12.7874;13.1522;13.6412;14.0659;14.3343;14.6596;15",1.23904
"0.3;0.266667;0.433333"
24.6722,0.267361,2.82728,"20.9591;20.6785;20.3944;19.9996;19.9627;19.5473;19.4516;19.3416;19.0789;18.7412;18.3925;18.1551;17.9572;17.6802;17.4787;17.2056;16.8967;16.5868;16.2133;16.0454;15.753;15.4167;15.0111;14.6212;14.2992;13.9088;13.5385;13.4013;13.0134;12.6001;12.2309;11.9474;11.5614;11.1487;10.838;10.3897;9.96592;9.4903;9.05518;8.59376;8.36668;7.96285;7.61862;7.29743;6.85331;6.48773;6.14524;5.73673;5.45893;5.00293;4.59161;4.1485;3.86681;3.39777;3.12102;2.9722;2.75517;2.47217;2.28326;2.0761;1.81933;1.71485;1.56797;1.40899;1.24828;1","14.9507;14.6018;14.4515;14.2116;14.19;13.9116;13.7602;13.6059;13.3178;13.0373;12.7718;12.6651;12.5111;12.3342;12.2384;11.9222;11.8216;11.5035;11.368;11.2134;11.0101;10.7561;10.5586;10.308;10.0782;9.86127;9.59311;9.57898;9.50732;9.46584;9.32557;9.17382;9.00806;8.89268;8.87357;8.85477;8.84737;8.93837;8.93261;9.0385;9.2205;9.3699;9.52126;9.61993;9.75258;9.95763;10.179;10.1946;10.3485;10.5102;10.7911;10.8374;10.9798;11.1464;11.4792;11.6474;12.0052;12.2545;12.5846;12.7874;13.1522;13.6412;14.0659;14.3343;14.6596;15",1.14373
"0.3;0.3;0.4"
24.677,0.267299,2.82732,"20.9591;20.6785;20.3944;19.9996;19.9627;19.5473;19.4516;19.3416;19.0789;18.7412;18.3925;18.1551;17.9125;17.6802;17.4787;17.2056;16.8967;16.5868;16.2133;16.0454;15.7336;15.4167;15.0111;14.6212;14.2992;13.9088;13.5385;13.4013;13.0134;12.6001;12.2309;11.9474;11.5614;11.1487;10.838;10.3897;9.96592;9.4903;9.05518;8.59376;8.36668;7.96285;7.61862;7.29743;6.85331;6.48773;6.14524;5.73673;5.45893;5.00293;4.59161;4.1485;3.86681;3.39777;3.12102;2.9722;2.75517;2.47217;2.28326;2.0761;1.81933;1.71485;1.56797;1.40899;1.24828;1","14.9507;14.6018;14.4515;14.2116;14.19;13.9116;13.7602;13.6059;13.3178;13.0373;12.7718;12.6651;12.5343;12.3342;12.2384;11.9222;11.8216;11.5035;11.368;11.2134;10.9509;10.7561;10.5586;10.308;10.0782;9.86127;9.59311;9.57898;9.50732;9.46584;9.32557;9.17382;9.00806;8.89268;8.87357;8.85477;8.84737;8.93837;8.93261;9.0385;9.2205;9.3699;9.52126;9.61993;9.75258;9.95763;10.179;10.1946;10.3485;10.5102;10.7911;10.8374;10.9798;11.1464;11.4792;11.6474;12.0052;12.2545;12.5846;12.7874;13.1522;13.6412;14.0659;14.3343;14.6596;15",1.04843
"0.3;0.333333;0.366667"
24.6613,0.25573,2.82717,"20.9591;20.6785;20.3944;19.9996;19.9627;19.5473;19.4516;19.3416;19.0789;18.7412;18.3925;18.1551;17.9572;17.6802;17.4787;17.2056;16.8967;16.5868;16.2133;16.0454;15.7336;15.4167;15.0111;14.6212;14.2992;13.9088;13.5385;13.1278;12.6988;12.2387;11.9474;11.5614;11.1487;10.838;10.3897;9.96592;9.4903;9.05518;8.59376;8.36668;7.96285;7.61862;7.29743;6.85331;6.48773;6.14524;5.73673;5.45893;5.00293;4.59161;4.1485;3.86681;3.39777;3.12102;2.9722;2.75517;2.47217;2.28326;2.0761;1.81933;1.71485;1.56797;1.40899;1.24828;1","14.9507;14.6018;14.4515;14.2116;14.19;13.9116;13.7602;13.6059;13.3178;13.0373;12.7718;12.6651;12.5111;12.3342;12.2384;11.9222;11.8216;11.5035;11.368;11.2134;10.9509;10.7561;10.5586;10.308;10.0782;9.86127;9.59311;9.44479;9.35992;9.21025;9.17382;9.00806;8.89268;8.87357;8.85477;8.84737;8.93837;8.93261;9.0385;9.2205;9.3699;9.52126;9.61993;9.75258;9.95763;10.179;10.1946;10.3485;10.5102;10.7911;10.8374;10.9798;11.1464;11.4792;11.6474;12.0052;12.2545;12.5846;12.7874;13.1522;13.6412;14.0659;14.3343;14.6596;15",0.953069
"0.3;0.366667;0.333333"
24.7477,0.292402,2.82803,"20.9591;20.6785;20.3944;19.9996;19.9627;19.5473;19.4516;19.3416;19.0789;18.7412;18.3925;18.1551;17.9572;17.6802;17.4787;17.2056;16.8967;16.5868;16.2133;16.0454;15.7336;15.4748;15.0309;14.8989;14.6212;14.2992;13.9088;13.5385;13.1278;12.6988;12.2387;11.9474;11.5614;11.1487;10.838;10.3897;9.96592;9.63811;9.30771;8.94642;8.67233;8.24186;7.83069;7.4296;7.2764;6.9552;6.70115;6.44792;6.17447;5.73777;5.46687;5.07726;4.88621;4.46345;4.07456;4.07286;3.73416;3.42507;3.04787;2.86759;2.54979;2.28326;2.0761;1.81933;1.71485;1.56797;1.40899;1.24828;1","14.9507;14.6018;14.4515;14.2116;14.19;13.9116;13.7602;13.6059;13.3178;13.0373;12.7718;12.6651;12.5111;12.3342;12.2384;11.9222;11.8216;11.5035;11.368;11.2134;10.9509;10.7368;10.6679;10.5293;10.308;10.0782;9.86127;9.59311;9.44479;9.35992;9.21025;9.17382;9.00806;8.89268;8.87357;8.85477;8.84737;8.9842;9.06904;9.19576;9.58077;9.82834;10.0275;10.1682;10.4394;10.4621;10.5124;10.6387;10.7238;10.8113;11.056;11.1624;11.1951;11.2221;11.5059;11.7651;11.8912;12.127;12.3553;12.3986;12.4608;12.5846;12.7874;13.1522;13.6412;14.0659;14.3343;14.6596;15",0.858021
"0.3;0.4;0.3"
24.7002,0.292375,2.85987,"20.9591;20.6785;20.3944;19.9996;19.9627;19.5473;19.4516;19.3416;19.0789;18.7412;18.3925;18.1551;17.9572;17.6802;17.4787;17.2056;16.8967;16.5868;16.2133;16.0454;15.7336;15.4748;15.0309;14.8989;14.6212;14.2992;13.9088;13.5385;13.1278;12.6988;12.2387;11.9474;11.5614;11.1487;10.838;10.3897;9.96592;9.63811;9.30771;8.94642;8.67233;8.24186;7.83069;7.4296;7.2764;6.9552;6.70115;6.44792;6.17447;5.73777;5.46687;5.07726;4.88621;4.46345;4.07456;4.07286;3.73416;3.42507;3.04787;2.60023;2.24964;2.06764;1.74375;1.71485;1.56797;1.40899;1.24828;1","14.9507;14.6018;14.4515;14.2116;14.19;13.9116;13.7602;13.6059;13.3178;13.0373;12.7718;12.6651;12.5111;12.3342;12.2384;11.9222;11.8216;11.5035;11.368;11.2134;10.9509;10.7368;10.6679;10.5293;10.308;10.0782;9.86127;9.59311;9.44479;9.35992;9.21025;9.17382;9.00806;8.89268;8.87357;8.85477;8.84737;8.9842;9.06904;9.19576;9.58077;9.82834;10.0275;10.1682;10.4394;10.4621;10.5124;10.6387;10.7238;10.8113;11.056;11.1624;11.1951;11.2221;11.5059;11.7651;11.8912;12.127;12.3553;12.4433;12.7808;12.9997;13.3722;13.6412;14.0659;14.3343;14.6596;15",0.771177
"0.3;0.433333;0.266667"
24.6688,0.293545,3.09921,"20.9591;20.6785;20.3944;19.9996;19.9627;19.5473;19.4516;19.3416;19.0789;18.7412;18.3925;18.1551;17.9572;17.6802;17.4787;17.2056;16.8967;16.5868;16.2133;16.0454;15.7336;15.4748;15.0309;14.8989;14.6212;14.2992;13.9088;13.5385;13.4013;13.135;12.7054;12.2387;11.9474;11.5614;11.1487;10.838;10.3897;9.96592;9.63811;9.30771;8.94642;8.67233;8.24186;7.83069;7.4296;7.2764;6.87612;6.39606;5.96471;5.56777;5.22445;5.01231;4.87399;4.42507;4.17899;3.74448;3.3286;2.94597;2.60995;2.52948;2.3699;2.18265;2.07308;1.87497;1.69089;1.27364;1","14.9507;14.6018;14.4515;14.2116;14.19;13.9116;13.7602;13.6059;13.3178;13.0373;12.7718;12.6651;12.5111;12.3342;12.2384;11.9222;11.8216;11.5035;11.368;11.2134;10.9509;10.7368;10.6679;10.5293;10.308;10.0782;9.86127;9.59311;9.57898;9.35077;9.25083;9.21025;9.17382;9.00806;8.89268;8.87357;8.85477;8.84737;8.9842;9.06904;9.19576;9.58077;9.82834;10.0275;10.1682;10.4394;10.7052;10.7781;11.0031;11.2974;11.5544;11.8388;12.2744;12.4542;12.7297;12.625;12.6678;12.8185;13.0846;13.4745;13.7086;13.8659;14.135;14.4526;14.6408;14.8808;15",0.730624
"0.3;0.466667;0.233333"
24.6945,0.327985,3.09946,"20.9591;20.6785;20.3944;19.9996;19.9627;19.5473;19.4516;19.3416;19.0789;18.7412;18.3925;18.1551;17.9572;17.6802;17.4787;17.2056;16.8967;16.5868;16.2133;16.0454;15.7336;15.4748;15.0309;14.8989;14.6212;14.2992;13.9088;13.5385;13.135;12.7054;12.2387;11.9474;11.5614;11.1487;10.838;10.3897;9.96592;9.69416;9.41617;9.1358;8.9036;8.61094;8.20649;7.83069;7.4296;7.2764;6.87612;6.39606;5.96471;5.56777;5.22445;5.01231;4.87399;4.42507;4.17899;3.74448;3.3286;2.94597;2.60995;2.52948;2.3699;2.18265;2.07308;1.87497;1.69089;1.27364;1","14.9507;14.6018;14.4515;14.2116;14.19;13.9116;13.7602;13.6059;13.3178;13.0373;12.7718;12.6651;12.5111;12.3342;12.2384;11.9222;11.8216;11.5035;11.368;11.2134;10.9509;10.7368;10.6679;10.5293;10.308;10.0782;9.86127;9.59311;9.35077;9.25083;9.21025;9.17382;9.00806;8.89268;8.87357;8.85477;8.84737;9.21682;9.50889;9.6613;9.72941;9.75268;9.84639;10.0275;10.1682;10.4394;10.7052;10.7781;11.0031;11.2974;11.5544;11.8388;12.2744;12.4542;12.7297;12.625;12.6678;12.8185;13.0846;13.4745;13.7086;13.8659;14.135;14.4526;14.6408;14.8808;15",0.6263
"0.3;0.5;0.2"
24.6945,0.327985,3.09946,"20.9591;20.6785;20.3944;19.9996;19.9627;19.5473;19.4516;19.3416;19.0789;18.7412;18.3925;18.1551;17.9572;17.6802;17.4787;17.2056;16.8967;16.5868;16.2133;16.0454;15.7336;15.4748;15.0309;14.8989;14.6212;14.2992;13.9088;13.5385;13.135;12.7054;12.2387;11.9474;11.5614;11.1487;10.838;10.3897;9.96592;9.69416;9.41617;9.1358;8.9036;8.61094;8.20649;7.83069;7.4296;7.2764;6.87612;6.39606;5.96471;5.56777;5.22445;5.01231;4.87399;4.42507;4.17899;3.74448;3.3286;2.94597;2.60995;2.52948;2.3699;2.18265;2.07308;1.87497;1.69089;1.27364;1","14.9507;14.6018;14.4515;14.2116;14.19;13.9116;13.7602;13.6059;13.3178;13.0373;12.7718;12.6651;12.5111;12.3342;12.2384;11.9222;11.8216;11.5035;11.368;11.2134;10.9509;10.7368;10.6679;10.5293;10.308;10.0782;9.86127;9.59311;9.35077;9.25083;9.21025;9.17382;9.00806;8.89268;8.87357;8.85477;8.84737;9.21682;9.50889;9.6613;9.72941;9.75268;9.84639;10.0275;10.1682;10.4394;10.7052;10.7781;11.0031;11.2974;11.5544;11.8388;12.2744;12.4542;12.7297;12.625;12.6678;12.8185;13.0846;13.4745;13.7086;13.8659;14.135;14.4526;14.6408;14.8808;15",0.521917
"0.3;0.533333;0.166667"
24.7241,0.338464,3.09976,"20.9591;20.6785;20.3944;19.9996;19.9627;19.5473;19.4516;19.3416;19.0789;18.7412;18.3925;18.1551;17.9572;17.6802;17.4787;17.2056;16.8967;16.5868;16.2133;16.0454;15.7336;15.276;15.0309;14.8989;14.6212;14.2992;13.9088;13.5385;13.3176;13.0379;12.6988;12.2387;11.9474;11.5614;11.1487;10.838;10.3897;9.96592;9.69416;9.41617;9.1358;8.9036;8.61094;8.20649;7.83069;7.4296;7.2764;6.87612;6.39606;5.96471;5.56777;5.22445;5.01231;4.87399;4.42507;4.17899;3.74448;3.3286;2.94597;2.60995;2.52948;2.3699;2.18265;2.07308;1.87497;1.69089;1.27364;1","14.9507;14.6018;14.4515;14.2116;14.19;13.9116;13.7602;13.6059;13.3178;13.0373;12.7718;12.6651;12.5111;12.3342;12.2384;11.9222;11.8216;11.5035;11.368;11.2134;10.9509;10.8581;10.6679;10.5293;10.308;10.0782;9.86127;9.59311;9.67655;9.49828;9.35992;9.21025;9.17382;9.00806;8.89268;8.87357;8.85477;8.84737;9.21682;9.50889;9.6613;9.72941;9.75268;9.84639;10.0275;10.1682;10.4394;10.7052;10.7781;11.0031;11.2974;11.5544;11.8388;12.2744;12.4542;12.7297;12.625;12.6678;12.8185;13.0846;13.4745;13.7086;13.8659;14.135;14.4526;14.6408;14.8808;15",0.417573
"0.3;0.566667;0.133333"
23.2373,0.124274,11.6187,"21.0021;20.6371;20.1476;19.8993;20.0052;19.7587;19.5012;19.2453;19.2116;18.9722;18.5147;18.2323;17.8616;17.5784;17.0997;16.9526;16.4847;16.1745;15.9638;15.5085;15.1027;14.6773;14.4894;14.1253;13.824;13.3803;13.2708;12.8137;12.5927;12.1813;11.7746;11.3691;10.9959;10.6001;10.4831;10.0764;9.74519;9.31899;9.15219;8.79818;8.65282;8.15282;7.88754;7.49782;7.27595;6.89851;6.76183;6.34229;5.98186;5.75803;5.41296;4.9235;4.56701;4.11057;3.65422;3.50753;3.23682;3.02224;2.77497;2.4487;2.16262;1.70477;1.39947;1","15.1397;14.8719;14.8736;15.2284;15.5003;15.8289;16.1702;16.5342;16.7104;16.8419;16.9234;17.1119;17.3614;17.6514;17.7532;17.6927;17.72;17.968;17.9367;18.1059;18.3691;18.1335;17.8422;17.6147;17.6025;17.6894;17.6936;17.6636;17.55;17.5611;17.5676;17.4617;17.4869;17.5984;17.6288;17.6946;17.6111;17.3583;17.1136;17.1042;17.021;17.018;16.9737;16.7983;16.7012;16.4217;16.4323;16.351;16.1439;16.3476;16.5091;16.4983;16.3621;16.2118;16.0511;15.8873;15.7488;15.4451;15.4104;15.2367;15.0475;15.0703;14.9914;15",1.16885
"0.3;0.6;0.1"
23.4445,0.126482,11.7222,"20.9591;20.6785;20.3944;20.1476;19.8503;19.4047;19.0145;18.7129;18.6548;18.5821;18.4879;18.189;17.903;17.4824;17.2774;16.9493;16.5903;16.2972;15.9995;15.7901;15.5085;15.1027;14.6773;14.4894;14.1253;13.824;13.3803;13.2708;12.8137;12.5927;12.1813;11.7746;11.3691;10.9959;10.6001;10.4831;10.0764;9.74519;9.31899;9.15219;8.79818;8.65282;8.15282;7.88754;7.49782;7.27595;6.89851;6.76183;6.34229;5.98186;5.75803;5.41296;4.9235;4.56701;4.11057;3.65422;3.50753;3.23682;3.02224;2.77497;2.4487;2.16262;1.70477;1.39947;1","14.9507;14.6018;14.4515;14.8736;14.7655;14.8893;15.1486;15.4278;15.5139;15.8728;16.1934;16.5122;16.8404;17.0114;17.0665;16.9752;17.235;17.3661;17.696;17.7488;18.1059;18.3691;18.1335;17.8422;17.6147;17.6025;17.6894;17.6936;17.6636;17.55;17.5611;17.5676;17.4617;17.4869;17.5984;17.6288;17.6946;17.6111;17.3583;17.1136;17.1042;17.021;17.018;16.9737;16.7983;16.7012;16.4217;16.4323;16.351;16.1439;16.3476;16.5091;16.4983;16.3621;16.2118;16.0511;15.8873;15.7488;15.4451;15.4104;15.2367;15.0475;15.0703;14.9914;15",0.783618
"0.3;0.633333;0.0666667"
23.4445,0.126482,11.7222,"20.9591;20.6785;20.3944;20.1476;19.8503;19.4047;19.0145;18.7129;18.6548;18.5821;18.4879;18.189;17.903;17.4824;17.2774;16.9493;16.5903;16.2972;15.9995;15.7901;15.5085;15.1027;14.6773;14.4894;14.1253;13.824;13.3803;13.2708;12.8137;12.5927;12.1813;11.7746;11.3691;10.9959;10.6001;10.4831;10.0764;9.74519;9.31899;9.15219;8.79818;8.65282;8.15282;7.88754;7.49782;7.27595;6.89851;6.76183;6.34229;5.98186;5.75803;5.41296;4.9235;4.56701;4.11057;3.65422;3.50753;3.23682;3.02224;2.77497;2.4487;2.16262;1.70477;1.39947;1","14.9507;14.6018;14.4515;14.8736;14.7655;14.8893;15.1486;15.4278;15.5139;15.8728;16.1934;16.5122;16.8404;17.0114;17.0665;16.9752;17.235;17.3661;17.696;17.7488;18.1059;18.3691;18.1335;17.8422;17.6147;17.6025;17.6894;17.6936;17.6636;17.55;17.5611;17.5676;17.4617;17.4869;17.5984;17.6288;17.6946;17.6111;17.3583;17.1136;17.1042;17.021;17.018;16.9737;16.7983;16.7012;16.4217;16.4323;16.351;16.1439;16.3476;16.5091;16.4983;16.3621;16.2118;16.0511;15.8873;15.7488;15.4451;15.4104;15.2367;15.0475;15.0703;14.9914;15",0.391809
"0.3;0.666667;0.0333333"
23.7025,0.114555,11.8512,"21.2074;20.9384;20.6785;20.3944;20.1476;19.8993;20.0052;19.7587;19.4532;18.9745;18.5239;18.189;17.903;17.4824;17.2774;17.0041;16.5903;16.2438;15.9995;15.7901;15.5085;15.1027;14.6542;14.5093;14.1504;13.8042;13.4696;13.0627;12.9214;12.5601;12.1813;11.7746;11.3691;10.9959;10.6251;10.3834;10.0764;9.78495;9.36506;9.20113;8.78881;8.45724;8.17491;7.88754;7.49782;7.27595;6.89851;6.76183;6.34229;5.98186;5.75803;5.41296;4.9235;4.56701;4.11057;3.65422;3.50753;3.23682;3.02224;2.77497;2.4487;2.16262;1.70477;1.39947;1","14.9691;14.8333;14.6018;14.4515;14.8736;15.2284;15.5003;15.8289;16.1692;16.2706;16.193;16.5122;16.8404;17.0114;17.0665;17.2273;17.235;17.5023;17.696;17.7488;18.1059;18.3691;18.5828;18.4935;18.5089;18.3139;18.1737;17.9418;17.9575;17.8017;17.5611;17.5676;17.4617;17.4869;17.6602;17.6844;17.6946;17.7005;17.5218;17.5551;17.5368;17.3873;17.037;16.9737;16.7983;16.7012;16.4217;16.4323;16.351;16.1439;16.3476;16.5091;16.4983;16.3621;16.2118;16.0511;15.8873;15.7488;15.4451;15.4104;15.2367;15.0475;15.0703;14.9914;15",0.149343
"0.3;0.7;0"
24.3859,0.74401,2.81906,"20.9591;20.6785;20.3944;19.9996;19.9627;19.5473;19.4516;19.3416;19.0789;18.7852;18.3925;18.1551;17.9572;17.6802;17.4787;17.2056;16.8967;16.6298;16.2975;15.9875;15.6977;15.276;15.0309;14.8989;14.6212;14.2992;13.9088;13.5385;13.4013;13.0134;12.6001;12.1225;11.6888;11.3632;10.9919;10.732;10.3657;9.95516;9.48282;9.12865;8.9036;8.61094;8.20649;7.83069;7.4296;7.2764;6.9552;6.70115;6.44792;6.17447;5.73777;5.46687;5.07726;4.88621;4.46345;4.07456;4.07286;3.73416;3.42507;3.22023;2.96718;2.58426;2.2525;2.06764;1.74375;1.71485;1.56797;1.40899;1.24828;1","14.9507;14.6018;14.4515;14.2116;14.19;13.9116;13.7602;13.6059;13.3178;12.9844;12.7718;12.6651;12.5111;12.3342;12.2384;11.9222;11.8216;11.665;11.5202;11.2519;11.0101;10.8581;10.6679;10.5293;10.308;10.0782;9.86127;9.59311;9.57898;9.50732;9.46584;9.47014;9.46262;9.64979;9.66708;9.62133;9.5653;9.58926;9.74911;9.75982;9.72941;9.75268;9.84639;10.0275;10.1682;10.4394;10.4621;10.5124;10.6387;10.7238;10.8113;11.056;11.1624;11.1951;11.2221;11.5059;11.7651;11.8912;12.127;12.5598;12.6602;12.8217;12.9646;12.9997;13.3722;13.6412;14.0659;14.3343;14.6596;15",1.90074
"0.333333;0;0.666667"
24.3859,0.74401,2.81906,"20.9591;20.6785;20.3944;19.9996;19.9627;19.5473;19.4516;19.3416;19.0789;18.7852;18.3925;18.1551;17.9572;17.6802;17.4787;17.2056;16.8967;16.6298;16.2975;15.9875;15.6977;15.276;15.0309;14.8989;14.6212;14.2992;13.9088;13.5385;13.4013;13.0134;12.6001;12.1225;11.6888;11.3632;10.9919;10.732;10.3657;9.95516;9.48282;9.12865;8.9036;8.61094;8.20649;7.83069;7.4296;7.2764;6.9552;6.70115;6.44792;6.17447;5.73777;5.46687;5.07726;4.88621;4.46345;4.07456;4.07286;3.73416;3.42507;3.22023;2.96718;2.58426;2.2525;2.06764;1.74375;1.71485;1.56797;1.40899;1.24828;1","14.9507;14.6018;14.4515;14.2116;14.19;13.9116;13.7602;13.6059;13.3178;12.9844;12.7718;12.6651;12.5111;12.3342;12.2384;11.9222;11.8216;11.665;11.5202;11.2519;11.0101;10.8581;10.6679;10.5293;10.308;10.0782;9.86127;9.59311;9.57898;9.50732;9.46584;9.47014;9.46262;9.64979;9.66708;9.62133;9.5653;9.58926;9.74911;9.75982;9.72941;9.75268;9.84639;10.0275;10.1682;10.4394;10.4621;10.5124;10.6387;10.7238;10.8113;11.056;11.1624;11.1951;11.2221;11.5059;11.7651;11.8912;12.127;12.5598;12.6602;12.8217;12.9646;12.9997;13.3722;13.6412;14.0659;14.3343;14.6596;15",1.8057
"0.333333;0.0333333;0.633333"
24.3828,0.742568,2.81903,"20.9591;20.6785;20.3944;19.9996;19.9627;19.5473;19.4516;19.3416;19.0789;18.7852;18.3925;18.1551;17.9572;17.6802;17.4787;17.2056;16.8967;16.6298;16.2975;16.0454;15.753;15.4167;15.0111;14.6212;14.2992;13.9088;13.5385;13.4013;13.0134;12.6001;12.1225;11.6888;11.3632;10.9919;10.732;10.3657;9.95516;9.48282;9.12865;8.9036;8.61094;8.20649;7.83069;7.4296;7.2764;6.9552;6.70115;6.44792;6.17447;5.73777;5.46687;5.07726;4.88621;4.46345;4.07456;4.07286;3.73416;3.42507;3.22023;2.96718;2.58426;2.2525;2.06764;1.74375;1.71485;1.56797;1.40899;1.24828;1","14.9507;14.6018;14.4515;14.2116;14.19;13.9116;13.7602;13.6059;13.3178;12.9844;12.7718;12.6651;12.5111;12.3342;12.2384;11.9222;11.8216;11.665;11.5202;11.2134;11.0101;10.7561;10.5586;10.308;10.0782;9.86127;9.59311;9.57898;9.50732;9.46584;9.47014;9.46262;9.64979;9.66708;9.62133;9.5653;9.58926;9.74911;9.75982;9.72941;9.75268;9.84639;10.0275;10.1682;10.4394;10.4621;10.5124;10.6387;10.7238;10.8113;11.056;11.1624;11.1951;11.2221;11.5059;11.7651;11.8912;12.127;12.5598;12.6602;12.8217;12.9646;12.9997;13.3722;13.6412;14.0659;14.3343;14.6596;15",1.71064
"0.333333;0.0666667;0.6"
24.3828,0.742568,2.81903,"20.9591;20.6785;20.3944;19.9996;19.9627;19.5473;19.4516;19.3416;19.0789;18.7852;18.3925;18.1551;17.9572;17.6802;17.4787;17.2056;16.8967;16.6298;16.2975;16.0454;15.753;15.4167;15.0111;14.6212;14.2992;13.9088;13.5385;13.4013;13.0134;12.6001;12.1225;11.6888;11.3632;10.9919;10.732;10.3657;9.95516;9.48282;9.12865;8.9036;8.61094;8.20649;7.83069;7.4296;7.2764;6.9552;6.70115;6.44792;6.17447;5.73777;5.46687;5.07726;4.88621;4.46345;4.07456;4.07286;3.73416;3.42507;3.22023;2.96718;2.58426;2.2525;2.06764;1.74375;1.71485;1.56797;1.40899;1.24828;1","14.9507;14.6018;14.4515;14.2116;14.19;13.9116;13.7602;13.6059;13.3178;12.9844;12.7718;12.6651;12.5111;12.3342;12.2384;11.9222;11.8216;11.665;11.5202;11.2134;11.0101;10.7561;10.5586;10.308;10.0782;9.86127;9.59311;9.57898;9.50732;9.46584;9.47014;9.46262;9.64979;9.66708;9.62133;9.5653;9.58926;9.74911;9.75982;9.72941;9.75268;9.84639;10.0275;10.1682;10.4394;10.4621;10.5124;10.6387;10.7238;10.8113;11.056;11.1624;11.1951;11.2221;11.5059;11.7651;11.8912;12.127;12.5598;12.6602;12.8217;12.9646;12.9997;13.3722;13.6412;14.0659;14.3343;14.6596;15",1.61561
"0.333333;0.1;0.566667"
24.5618,0.482688,2.85849,"20.9591;20.6785;20.3944;19.9996;19.9627;19.5473;19.4516;19.3416;19.0789;18.7412;18.3925;18.1551;17.9572;17.6802;17.4787;17.2056;16.8967;16.6298;16.2975;16.0454;15.753;15.4167;15.0111;14.6212;14.2992;13.9088;13.5385;13.4013;13.0134;12.6001;12.1225;11.6888;11.2642;10.8868;10.6965;10.2623;10.1142;9.73931;9.48282;9.12865;8.9036;8.61094;8.20649;7.83069;7.4296;7.2764;6.9552;6.70115;6.44792;6.17447;5.73777;5.46687;5.07726;4.88621;4.46345;4.07456;4.07286;3.73416;3.42507;3.22023;2.96718;2.58426;2.2525;2.06764;1.74375;1.71485;1.56797;1.40899;1.24828;1","14.9507;14.6018;14.4515;14.2116;14.19;13.9116;13.7602;13.6059;13.3178;13.0373;12.7718;12.6651;12.5111;12.3342;12.2384;11.9222;11.8216;11.665;11.5202;11.2134;11.0101;10.7561;10.5586;10.308;10.0782;9.86127;9.59311;9.57898;9.50732;9.46584;9.47014;9.46262;9.24512;9.37474;9.3615;9.20596;9.27326;9.51395;9.74911;9.75982;9.72941;9.75268;9.84639;10.0275;10.1682;10.4394;10.4621;10.5124;10.6387;10.7238;10.8113;11.056;11.1624;11.1951;11.2221;11.5059;11.7651;11.8912;12.127;12.5598;12.6602;12.8217;12.9646;12.9997;13.3722;13.6412;14.0659;14.3343;14.6596;15",1.54162
"0.333333;0.133333;0.533333"
24.5625,0.482446,2.8585,"20.9591;20.6785;20.3944;19.9996;19.9627;19.5473;19.4516;19.3416;19.0789;18.7412;18.3925;18.1551;17.9572;17.6802;17.4787;17.2056;16.8967;16.5868;16.2133;16.0454;15.753;15.4167;15.0111;14.6212;14.2992;13.9088;13.5385;13.4013;13.0134;12.6001;12.1225;11.6888;11.2642;10.8868;10.6965;10.2623;10.1142;9.73931;9.48282;9.12865;8.9036;8.61094;8.20649;7.83069;7.4296;7.2764;6.9552;6.70115;6.44792;6.17447;5.73777;5.46687;5.07726;4.88621;4.46345;4.07456;4.07286;3.73416;3.42507;3.22023;2.96718;2.58426;2.2525;2.06764;1.74375;1.71485;1.56797;1.40899;1.24828;1","14.9507;14.6018;14.4515;14.2116;14.19;13.9116;13.7602;13.6059;13.3178;13.0373;12.7718;12.6651;12.5111;12.3342;12.2384;11.9222;11.8216;11.5035;11.368;11.2134;11.0101;10.7561;10.5586;10.308;10.0782;9.86127;9.59311;9.57898;9.50732;9.46584;9.47014;9.46262;9.24512;9.37474;9.3615;9.20596;9.27326;9.51395;9.74911;9.75982;9.72941;9.75268;9.84639;10.0275;10.1682;10.4394;10.4621;10.5124;10.6387;10.7238;10.8113;11.056;11.1624;11.1951;11.2221;11.5059;11.7651;11.8912;12.127;12.5598;12.6602;12.8217;12.9646;12.9997;13.3722;13.6412;14.0659;14.3343;14.6596;15",1.44527
"0.333333;0.166667;0.5"
24.6722,0.267361,2.82728,"20.9591;20.6785;20.3944;19.9996;19.9627;19.5473;19.4516;19.3416;19.0789;18.7412;18.3925;18.1551;17.9572;17.6802;17.4787;17.2056;16.8967;16.5868;16.2133;16.0454;15.753;15.4167;15.0111;14.6212;14.2992;13.9088;13.5385;13.4013;13.0134;12.6001;12.2309;11.9474;11.5614;11.1487;10.838;10.3897;9.96592;9.4903;9.05518;8.59376;8.36668;7.96285;7.61862;7.29743;6.85331;6.48773;6.14524;5.73673;5.45893;5.00293;4.59161;4.1485;3.86681;3.39777;3.12102;2.9722;2.75517;2.47217;2.28326;2.0761;1.81933;1.71485;1.56797;1.40899;1.24828;1","14.9507;14.6018;14.4515;14.2116;14.19;13.9116;13.7602;13.6059;13.3178;13.0373;12.7718;12.6651;12.5111;12.3342;12.2384;11.9222;11.8216;11.5035;11.368;11.2134;11.0101;10.7561;10.5586;10.308;10.0782;9.86127;9.59311;9.57898;9.50732;9.46584;9.32557;9.17382;9.00806;8.89268;8.87357;8.85477;8.84737;8.93837;8.93261;9.0385;9.2205;9.3699;9.52126;9.61993;9.75258;9.95763;10.179;10.1946;10.3485;10.5102;10.7911;10.8374;10.9798;11.1464;11.4792;11.6474;12.0052;12.2545;12.5846;12.7874;13.1522;13.6412;14.0659;14.3343;14.6596;15",1.33435
"0.333333;0.2;0.466667"
24.6722,0.267361,2.82728,"20.9591;20.6785;20.3944;19.9996;19.9627;19.5473;19.4516;19.3416;19.0789;18.7412;18.3925;18.1551;17.9572;17.6802;17.4787;17.2056;16.8967;16.5868;16.2133;16.0454;15.753;15.4167;15.0111;14.6212;14.2992;13.9088;13.5385;13.4013;13.0134;12.6001;12.2309;11.9474;11.5614;11.1487;10.838;10.3897;9.96592;9.4903;9.05518;8.59376;8.36668;7.96285;7.61862;7.29743;6.85331;6.48773;6.14524;5.73673;5.45893;5.00293;4.59161;4.1485;3.86681;3.39777;3.12102;2.9722;2.75517;2.47217;2.28326;2.0761;1.81933;1.71485;1.56797;1.40899;1.24828;1","14.9507;14.6018;14.4515;14.2116;14.19;13.9116;13.7602;13.6059;13.3178;13.0373;12.7718;12.6651;12.5111;12.3342;12.2384;11.9222;11.8216;11.5035;11.368;11.2134;11.0101;10.7561;10.5586;10.308;10.0782;9.86127;9.59311;9.57898;9.50732;9.46584;9.32557;9.17382;9.00806;8.89268;8.87357;8.85477;8.84737;8.93837;8.93261;9.0385;9.2205;9.3699;9.52126;9.61993;9.75258;9.95763;10.179;10.1946;10.3485;10.5102;10.7911;10.8374;10.9798;11.1464;11.4792;11.6474;12.0052;12.2545;12.5846;12.7874;13.1522;13.6412;14.0659;14.3343;14.6596;15",1.23904
"0.333333;0.233333;0.433333"
24.6722,0.267361,2.82728,"20.9591;20.6785;20.3944;19.9996;19.9627;19.5473;19.4516;19.3416;19.0789;18.7412;18.3925;18.1551;17.9572;17.6802;17.4787;17.2056;16.8967;16.5868;16.2133;16.0454;15.753;15.4167;15.0111;14.6212;14.2992;13.9088;13.5385;13.4013;13.0134;12.6001;12.2309;11.9474;11.5614;11.1487;10.838;10.3897;9.96592;9.4903;9.05518;8.59376;8.36668;7.96285;7.61862;7.29743;6.85331;6.48773;6.14524;5.73673;5.45893;5.00293;4.59161;4.1485;3.86681;3.39777;3.12102;2.9722;2.75517;2.47217;2.28326;2.0761;1.81933;1.71485;1.56797;1.40899;1.24828;1","14.9507;14.6018;14.4515;14.2116;14.19;13.9116;13.7602;13.6059;13.3178;13.0373;12.7718;12.6651;12.5111;12.3342;12.2384;11.9222;11.8216;11.5035;11.368;11.2134;11.0101;10.7561;10.5586;10.308;10.0782;9.86127;9.59311;9.57898;9.50732;9.46584;9.32557;9.17382;9.00806;8.89268;8.87357;8.85477;8.84737;8.93837;8.93261;9.0385;9.2205;9.3699;9.52126;9.61993;9.75258;9.95763;10.179;10.1946;10.3485;10.5102;10.7911;10.8374;10.9798;11.1464;11.4792;11.6474;12.0052;12.2545;12.5846;12.7874;13.1522;13.6412;14.0659;14.3343;14.6596;15",1.14373
"0.333333;0.266667;0.4"
24.6722,0.267361,2.82728,"20.9591;20.6785;20.3944;19.9996;19.9627;19.5473;19.4516;19.3416;19.0789;18.7412;18.3925;18.1551;17.9572;17.6802;17.4787;17.2056;16.8967;16.5868;16.2133;16.0454;15.753;15.4167;15.0111;14.6212;14.2992;13.9088;13.5385;13.4013;13.0134;12.6001;12.2309;11.9474;11.5614;11.1487;10.838;10.3897;9.96592;9.4903;9.05518;8.59376;8.36668;7.96285;7.61862;7.29743;6.85331;6.48773;6.14524;5.73673;5.45893;5.00293;4.59161;4.1485;3.86681;3.39777;3.12102;2.9722;2.75517;2.47217;2.28326;2.0761;1.81933;1.71485;1.56797;1.40899;1.24828;1","14.9507;14.6018;14.4515;14.2116;14.19;13.9116;13.7602;13.6059;13.3178;13.0373;12.7718;12.6651;12.5111;12.3342;12.2384;11.9222;11.8216;11.5035;11.368;11.2134;11.0101;10.7561;10.5586;10.308;10.0782;9.86127;9.59311;9.57898;9.50732;9.46584;9.32557;9.17382;9.00806;8.89268;8.87357;8.85477;8.84737;8.93837;8.93261;9.0385;9.2205;9.3699;9.52126;9.61993;9.75258;9.95763;10.179;10.1946;10.3485;10.5102;10.7911;10.8374;10.9798;11.1464;11.4792;11.6474;12.0052;12.2545;12.5846;12.7874;13.1522;13.6412;14.0659;14.3343;14.6596;15",1.04842
"0.333333;0.3;0.366667"
24.7033,0.656141,2.82759,"20.9591;20.6785;20.3944;19.9996;19.9627;19.5473;19.4516;19.3416;19.0789;18.7412;18.3925;18.1551;17.9572;17.6802;17.4787;17.2056;16.8967;16.5868;16.2133;16.0454;15.753;15.4167;15.0111;14.6212;14.2992;13.9088;13.5385;13.4013;13.0134;12.767;12.3565;12.1225;11.6888;11.3632;10.9424;10.732;10.3657;9.92571;9.73931;9.48282;9.12865;8.9036;8.61094;8.20649;7.83069;7.4296;7.2764;6.9552;6.70115;6.44792;6.17447;5.73777;5.46687;5.07726;4.88621;4.46345;4.07456;4.07286;3.73416;3.42507;3.04787;2.86759;2.54979;2.28326;2.0761;1.81933;1.71485;1.56797;1.40899;1.24828;1","14.9507;14.6018;14.4515;14.2116;14.19;13.9116;13.7602;13.6059;13.3178;13.0373;12.7718;12.6651;12.5111;12.3342;12.2384;11.9222;11.8216;11.5035;11.368;11.2134;11.0101;10.7561;10.5586;10.308;10.0782;9.86127;9.59311;9.57898;9.50732;9.32329;9.50146;9.47014;9.46262;9.64979;9.39456;9.62133;9.5653;9.50118;9.51395;9.74911;9.75982;9.72941;9.75268;9.84639;10.0275;10.1682;10.4394;10.4621;10.5124;10.6387;10.7238;10.8113;11.056;11.1624;11.1951;11.2221;11.5059;11.7651;11.8912;12.127;12.3553;12.3986;12.4608;12.5846;12.7874;13.1522;13.6412;14.0659;14.3343;14.6596;15",0.953209
"0.333333;0.333333;0.333333"
24.6606,0.656053,2.85948,"20.9591;20.6785;20.3944;19.9996;19.9627;19.5473;19.4516;19.3416;19.0789;18.7412;18.3925;18.1551;17.9125;17.6802;17.4787;17.2056;16.8967;16.5868;16.2133;16.0454;15.7336;15.4167;15.0111;14.6212;14.2992;13.9088;13.5385;13.4013;13.0134;12.767;12.3565;12.1225;11.6888;11.3632;10.9424;10.732;10.3657;9.92571;9.73931;9.48282;9.12865;8.9036;8.61094;8.20649;7.83069;7.4296;7.2764;6.9552;6.70115;6.44792;6.17447;5.73777;5.46687;5.07726;4.88621;4.46345;4.07456;4.07286;3.73416;3.42507;3.04787;2.60023;2.24964;2.06764;1.74375;1.71485;1.56797;1.40899;1.24828;1","14.9507;14.6018;14.4515;14.2116;14.19;13.9116;13.7602;13.6059;13.3178;13.0373;12.7718;12.6651;12.5343;12.3342;12.2384;11.9222;11.8216;11.5035;11.368;11.2134;10.9509;10.7561;10.5586;10.308;10.0782;9.86127;9.59311;9.57898;9.50732;9.32329;9.50146;9.47014;9.46262;9.64979;9.39456;9.62133;9.5653;9.50118;9.51395;9.74911;9.75982;9.72941;9.75268;9.84639;10.0275;10.1682;10.4394;10.4621;10.5124;10.6387;10.7238;10.8113;11.056;11.1624;11.1951;11.2221;11.5059;11.7651;11.8912;12.127;12.3553;12.4433;12.7808;12.9997;13.3722;13.6412;14.0659;14.3343;14.6596;15",0.867455
"0.333333;0.366667;0.3"
24.6753,0.652986,2.85962,"20.9591;20.6785;20.3944;19.9996;19.9627;19.5473;19.4516;19.3416;19.0789;18.7412;18.3925;18.1551;17.9572;17.6802;17.4787;17.2056;16.8967;16.6298;16.375;15.9925;15.7336;15.4167;15.0111;14.6212;14.2992;13.9088;13.5385;13.1278;12.767;12.3565;12.1225;11.6888;11.3632;10.9424;10.732;10.3657;9.92571;9.73931;9.48282;9.12865;8.9036;8.61094;8.20649;7.83069;7.4296;7.2764;6.9552;6.70115;6.44792;6.17447;5.73777;5.46687;5.07726;4.88621;4.46345;4.07456;4.07286;3.73416;3.42507;3.04787;2.60023;2.24964;2.06764;1.74375;1.71485;1.56797;1.40899;1.24828;1","14.9507;14.6018;14.4515;14.2116;14.19;13.9116;13.7602;13.6059;13.3178;13.0373;12.7718;12.6651;12.5111;12.3342;12.2384;11.9222;11.8216;11.665;11.2379;11.124;10.9509;10.7561;10.5586;10.308;10.0782;9.86127;9.59311;9.44479;9.32329;9.50146;9.47014;9.46262;9.64979;9.39456;9.62133;9.5653;9.50118;9.51395;9.74911;9.75982;9.72941;9.75268;9.84639;10.0275;10.1682;10.4394;10.4621;10.5124;10.6387;10.7238;10.8113;11.056;11.1624;11.1951;11.2221;11.5059;11.7651;11.8912;12.127;12.3553;12.4433;12.7808;12.9997;13.3722;13.6412;14.0659;14.3343;14.6596;15",0.77111
"0.333333;0.4;0.266667"
24.6341,0.296845,3.09886,"20.9591;20.6785;20.3944;19.9996;19.9627;19.5473;19.4516;19.3416;19.0789;18.7412;18.3925;18.1551;17.9572;17.6802;17.4787;17.2056;16.8967;16.5868;16.4485;16.0712;15.753;15.4748;15.0309;14.8989;14.6212;14.2992;13.9088;13.5385;13.1278;12.6988;12.2387;11.9474;11.5614;11.1487;10.838;10.3897;9.96592;9.63811;9.30771;8.94642;8.67233;8.24186;7.83069;7.4296;7.2764;6.87612;6.39606;5.96471;5.56777;5.22445;5.01231;4.87399;4.42507;4.17899;3.74448;3.3286;2.94597;2.60995;2.52948;2.3699;2.18265;2.07308;1.87497;1.69089;1.27364;1","14.9507;14.6018;14.4515;14.2116;14.19;13.9116;13.7602;13.6059;13.3178;13.0373;12.7718;12.6651;12.5111;12.3342;12.2384;11.9222;11.8216;11.5035;11.3447;11.1964;11.0101;10.7368;10.6679;10.5293;10.308;10.0782;9.86127;9.59311;9.44479;9.35992;9.21025;9.17382;9.00806;8.89268;8.87357;8.85477;8.84737;8.9842;9.06904;9.19576;9.58077;9.82834;10.0275;10.1682;10.4394;10.7052;10.7781;11.0031;11.2974;11.5544;11.8388;12.2744;12.4542;12.7297;12.625;12.6678;12.8185;13.0846;13.4745;13.7086;13.8659;14.135;14.4526;14.6408;14.8808;15",0.730543
"0.333333;0.433333;0.233333"
24.672,0.332429,3.09924,"20.9591;20.6785;20.3944;19.9996;19.9627;19.5473;19.4516;19.3416;19.0789;18.7412;18.3925;18.1551;17.9572;17.6802;17.4787;17.2056;16.8967;16.5868;16.2133;16.0454;15.7336;15.4748;15.0309;14.8989;14.6212;14.2992;13.9088;13.5385;13.1278;12.6988;12.2387;11.9474;11.5614;11.1487;10.838;10.3897;9.96592;9.69416;9.41617;9.1358;8.9036;8.61094;8.20649;7.83069;7.4296;7.2764;6.87612;6.39606;5.96471;5.56777;5.22445;5.01231;4.87399;4.42507;4.17899;3.74448;3.3286;2.94597;2.60995;2.52948;2.3699;2.18265;2.07308;1.87497;1.69089;1.27364;1","14.9507;14.6018;14.4515;14.2116;14.19;13.9116;13.7602;13.6059;13.3178;13.0373;12.7718;12.6651;12.5111;12.3342;12.2384;11.9222;11.8216;11.5035;11.368;11.2134;10.9509;10.7368;10.6679;10.5293;10.308;10.0782;9.86127;9.59311;9.44479;9.35992;9.21025;9.17382;9.00806;8.89268;8.87357;8.85477;8.84737;9.21682;9.50889;9.6613;9.72941;9.75268;9.84639;10.0275;10.1682;10.4394;10.7052;10.7781;11.0031;11.2974;11.5544;11.8388;12.2744;12.4542;12.7297;12.625;12.6678;12.8185;13.0846;13.4745;13.7086;13.8659;14.135;14.4526;14.6408;14.8808;15",0.626256
"0.333333;0.466667;0.2"
24.6688,0.293545,3.09921,"20.9591;20.6785;20.3944;19.9996;19.9627;19.5473;19.4516;19.3416;19.0789;18.7412;18.3925;18.1551;17.9572;17.6802;17.4787;17.2056;16.8967;16.5868;16.2133;16.0454;15.7336;15.4748;15.0309;14.8989;14.6212;14.2992;13.9088;13.5385;13.4013;13.135;12.7054;12.2387;11.9474;11.5614;11.1487;10.838;10.3897;9.96592;9.63811;9.30771;8.94642;8.67233;8.24186;7.83069;7.4296;7.2764;6.87612;6.39606;5.96471;5.56777;5.22445;5.01231;4.87399;4.42507;4.17899;3.74448;3.3286;2.94597;2.60995;2.52948;2.3699;2.18265;2.07308;1.87497;1.69089;1.27364;1","14.9507;14.6018;14.4515;14.2116;14.19;13.9116;13.7602;13.6059;13.3178;13.0373;12.7718;12.6651;12.5111;12.3342;12.2384;11.9222;11.8216;11.5035;11.368;11.2134;10.9509;10.7368;10.6679;10.5293;10.308;10.0782;9.86127;9.59311;9.57898;9.35077;9.25083;9.21025;9.17382;9.00806;8.89268;8.87357;8.85477;8.84737;8.9842;9.06904;9.19576;9.58077;9.82834;10.0275;10.1682;10.4394;10.7052;10.7781;11.0031;11.2974;11.5544;11.8388;12.2744;12.4542;12.7297;12.625;12.6678;12.8185;13.0846;13.4745;13.7086;13.8659;14.135;14.4526;14.6408;14.8808;15",0.521874
"0.333333;0.5;0.166667"
24.6966,0.336909,3.09948,"20.9591;20.6785;20.3944;19.9996;19.9627;19.5473;19.4516;19.3416;19.0789;18.7412;18.3925;18.1551;17.9572;17.6802;17.4787;17.2056;16.8967;16.5868;16.2133;16.0454;15.7336;15.4748;15.0111;14.6212;14.2992;13.9088;13.5385;13.3176;13.0379;12.6988;12.2387;11.9474;11.5614;11.1487;10.838;10.3897;9.96592;9.69416;9.41617;9.1358;8.9036;8.61094;8.20649;7.83069;7.4296;7.2764;6.87612;6.39606;5.96471;5.56777;5.22445;5.01231;4.87399;4.42507;4.17899;3.74448;3.3286;2.94597;2.60995;2.52948;2.3699;2.18265;2.07308;1.87497;1.69089;1.27364;1","14.9507;14.6018;14.4515;14.2116;14.19;13.9116;13.7602;13.6059;13.3178;13.0373;12.7718;12.6651;12.5111;12.3342;12.2384;11.9222;11.8216;11.5035;11.368;11.2134;10.9509;10.7368;10.5586;10.308;10.0782;9.86127;9.59311;9.67655;9.49828;9.35992;9.21025;9.17382;9.00806;8.89268;8.87357;8.85477;8.84737;9.21682;9.50889;9.6613;9.72941;9.75268;9.84639;10.0275;10.1682;10.4394;10.7052;10.7781;11.0031;11.2974;11.5544;11.8388;12.2744;12.4542;12.7297;12.625;12.6678;12.8185;13.0846;13.4745;13.7086;13.8659;14.135;14.4526;14.6408;14.8808;15",0.417537
"0.333333;0.533333;0.133333"
23.2373,0.124274,11.6187,"21.0021;20.6371;20.1476;19.8993;20.0052;19.7587;19.5012;19.2453;19.2116;18.9722;18.5147;18.2323;17.8616;17.5784;17.0997;16.9526;16.4847;16.1745;15.9638;15.5085;15.1027;14.6773;14.4894;14.1253;13.824;13.3803;13.2708;12.8137;12.5927;12.1813;11.7746;11.3691;10.9959;10.6001;10.4831;10.0764;9.74519;9.31899;9.15219;8.79818;8.65282;8.15282;7.88754;7.49782;7.27595;6.89851;6.76183;6.34229;5.98186;5.75803;5.41296;4.9235;4.56701;4.11057;3.65422;3.50753;3.23682;3.02224;2.77497;2.4487;2.16262;1.70477;1.39947;1","15.1397;14.8719;14.8736;15.2284;15.5003;15.8289;16.1702;16.5342;16.7104;16.8419;16.9234;17.1119;17.3614;17.6514;17.7532;17.6927;17.72;17.968;17.9367;18.1059;18.3691;18.1335;17.8422;17.6147;17.6025;17.6894;17.6936;17.6636;17.55;17.5611;17.5676;17.4617;17.4869;17.5984;17.6288;17.6946;17.6111;17.3583;17.1136;17.1042;17.021;17.018;16.9737;16.7983;16.7012;16.4217;16.4323;16.351;16.1439;16.3476;16.5091;16.4983;16.3621;16.2118;16.0511;15.8873;15.7488;15.4451;15.4104;15.2367;15.0475;15.0703;14.9914;15",1.16885
"0.333333;0.566667;0.1"
23.187,0.126234,11.5935,"20.9591;20.6785;20.2976;19.8503;19.4047;19.0145;18.7129;18.6548;18.5821;18.4879;18.189;17.903;17.4824;17.2774;16.9493;16.5903;16.2972;15.9995;15.7901;15.5085;15.1027;14.6773;14.4894;14.1253;13.824;13.3803;13.2708;12.8137;12.5927;12.1813;11.7746;11.3691;10.9959;10.6001;10.4831;10.0764;9.74519;9.31899;9.15219;8.79818;8.65282;8.15282;7.88754;7.49782;7.27595;6.89851;6.76183;6.34229;5.98186;5.75803;5.41296;4.9235;4.56701;4.11057;3.65422;3.50753;3.23682;3.02224;2.77497;2.4487;2.16262;1.70477;1.39947;1","14.9507;14.6018;14.7827;14.7655;14.8893;15.1486;15.4278;15.5139;15.8728;16.1934;16.5122;16.8404;17.0114;17.0665;16.9752;17.235;17.3661;17.696;17.7488;18.1059;18.3691;18.1335;17.8422;17.6147;17.6025;17.6894;17.6936;17.6636;17.55;17.5611;17.5676;17.4617;17.4869;17.5984;17.6288;17.6946;17.6111;17.3583;17.1136;17.1042;17.021;17.018;16.9737;16.7983;16.7012;16.4217;16.4323;16.351;16.1439;16.3476;16.5091;16.4983;16.3621;16.2118;16.0511;15.8873;15.7488;15.4451;15.4104;15.2367;15.0475;15.0703;14.9914;15",0.775037
"0.333333;0.6;0.0666667"
23.4445,0.126482,11.7222,"20.9591;20.6785;20.3944;20.1476;19.8503;19.4047;19.0145;18.7129;18.6548;18.5821;18.4879;18.189;17.903;17.4824;17.2774;16.9493;16.5903;16.2972;15.9995;15.7901;15.5085;15.1027;14.6773;14.4894;14.1253;13.824;13.3803;13.2708;12.8137;12.5927;12.1813;11.7746;11.3691;10.9959;10.6001;10.4831;10.0764;9.74519;9.31899;9.15219;8.79818;8.65282;8.15282;7.88754;7.49782;7.27595;6.89851;6.76183;6.34229;5.98186;5.75803;5.41296;4.9235;4.56701;4.11057;3.65422;3.50753;3.23682;3.02224;2.77497;2.4487;2.16262;1.70477;1.39947;1","14.9507;14.6018;14.4515;14.8736;14.7655;14.8893;15.1486;15.4278;15.5139;15.8728;16.1934;16.5122;16.8404;17.0114;17.0665;16.9752;17.235;17.3661;17.696;17.7488;18.1059;18.3691;18.1335;17.8422;17.6147;17.6025;17.6894;17.6936;17.6636;17.55;17.5611;17.5676;17.4617;17.4869;17.5984;17.6288;17.6946;17.6111;17.3583;17.1136;17.1042;17.021;17.018;16.9737;16.7983;16.7012;16.4217;16.4323;16.351;16.1439;16.3476;16.5091;16.4983;16.3621;16.2118;16.0511;15.8873;15.7488;15.4451;15.4104;15.2367;15.0475;15.0703;14.9914;15",0.391809
"0.333333;0.633333;0.0333333"
23.7025,0.114555,11.8512,"21.2074;20.9384;20.6785;20.3944;20.1476;19.8993;20.0052;19.7587;19.4532;18.9745;18.5239;18.189;17.903;17.4824;17.2774;17.0041;16.5903;16.2438;15.9995;15.7901;15.5085;15.1027;14.6542;14.5093;14.1504;13.8042;13.4696;13.0627;12.9214;12.5601;12.1813;11.7746;11.3691;10.9959;10.6251;10.3834;10.0764;9.78495;9.36506;9.20113;8.78881;8.45724;8.17491;7.88754;7.49782;7.27595;6.89851;6.76183;6.34229;5.98186;5.75803;5.41296;4.9235;4.56701;4.11057;3.65422;3.50753;3.23682;3.02224;2.77497;2.4487;2.16262;1.70477;1.39947;1","14.9691;14.8333;14.6018;14.4515;14.8736;15.2284;15.5003;15.8289;16.1692;16.2706;16.193;16.5122;16.8404;17.0114;17.0665;17.2273;17.235;17.5023;17.696;17.7488;18.1059;18.3691;18.5828;18.4935;18.5089;18.3139;18.1737;17.9418;17.9575;17.8017;17.5611;17.5676;17.4617;17.4869;17.6602;17.6844;17.6946;17.7005;17.5218;17.5551;17.5368;17.3873;17.037;16.9737;16.7983;16.7012;16.4217;16.4323;16.351;16.1439;16.3476;16.5091;16.4983;16.3621;16.2118;16.0511;15.8873;15.7488;15.4451;15.4104;15.2367;15.0475;15.0703;14.9914;15",0.165937
"0.333333;0.666667;0"
24.3978,1.02093,2.81918,"20.9591;20.6785;20.3944;19.9996;19.9627;19.5473;19.4516;19.3416;19.0789;18.7852;18.3925;18.1551;17.9572;17.6802;17.4787;17.1113;16.8967;16.6298;16.2975;15.9875;15.6977;15.276;14.8275;14.5972;14.3699;13.9324;13.5096;13.3034;12.9441;12.7312;12.4301;12.0122;11.6316;11.3632;10.9919;10.732;10.3657;9.95516;9.48282;9.12865;8.9036;8.61094;8.20649;7.83069;7.4296;7.2764;6.9552;6.70115;6.44792;6.17447;5.73777;5.46687;5.07726;4.88621;4.46345;4.07456;4.07286;3.73416;3.42507;3.22023;2.96718;2.58426;2.2525;2.06764;1.74375;1.71485;1.56797;1.40899;1.24828;1","14.9507;14.6018;14.4515;14.2116;14.19;13.9116;13.7602;13.6059;13.3178;12.9844;12.7718;12.6651;12.5111;12.3342;12.2384;12.0989;11.8216;11.665;11.5202;11.2519;11.0101;10.8581;10.8893;10.9118;10.8547;10.6379;10.4536;10.2967;10.1489;9.92006;9.77668;9.75456;9.44777;9.64979;9.66708;9.62133;9.5653;9.58926;9.74911;9.75982;9.72941;9.75268;9.84639;10.0275;10.1682;10.4394;10.4621;10.5124;10.6387;10.7238;10.8113;11.056;11.1624;11.1951;11.2221;11.5059;11.7651;11.8912;12.127;12.5598;12.6602;12.8217;12.9646;12.9997;13.3722;13.6412;14.0659;14.3343;14.6596;15",1.80577
"0.366667;0;0.633333"
24.3859,0.74401,2.81906,"20.9591;20.6785;20.3944;19.9996;19.9627;19.5473;19.4516;19.3416;19.0789;18.7852;18.3925;18.1551;17.9572;17.6802;17.4787;17.2056;16.8967;16.6298;16.2975;15.9875;15.6977;15.276;15.0309;14.8989;14.6212;14.2992;13.9088;13.5385;13.4013;13.0134;12.6001;12.1225;11.6888;11.3632;10.9919;10.732;10.3657;9.95516;9.48282;9.12865;8.9036;8.61094;8.20649;7.83069;7.4296;7.2764;6.9552;6.70115;6.44792;6.17447;5.73777;5.46687;5.07726;4.88621;4.46345;4.07456;4.07286;3.73416;3.42507;3.22023;2.96718;2.58426;2.2525;2.06764;1.74375;1.71485;1.56797;1.40899;1.24828;1","14.9507;14.6018;14.4515;14.2116;14.19;13.9116;13.7602;13.6059;13.3178;12.9844;12.7718;12.6651;12.5111;12.3342;12.2384;11.9222;11.8216;11.665;11.5202;11.2519;11.0101;10.8581;10.6679;10.5293;10.308;10.0782;9.86127;9.59311;9.57898;9.50732;9.46584;9.47014;9.46262;9.64979;9.66708;9.62133;9.5653;9.58926;9.74911;9.75982;9.72941;9.75268;9.84639;10.0275;10.1682;10.4394;10.4621;10.5124;10.6387;10.7238;10.8113;11.056;11.1624;11.1951;11.2221;11.5059;11.7651;11.8912;12.127;12.5598;12.6602;12.8217;12.9646;12.9997;13.3722;13.6412;14.0659;14.3343;14.6596;15",1.71066
"0.366667;0.0333333;0.6"
24.3692,0.742558,2.85656,"20.9591;20.6785;20.3944;19.9996;19.9627;19.5473;19.4516;19.3416;19.0789;18.7412;18.3925;18.1551;17.9572;17.6802;17.4787;17.2056;16.8967;16.6298;16.2975;16.0454;15.753;15.4167;15.0111;14.6212;14.2992;13.9088;13.5385;13.4013;13.0134;12.6001;12.1225;11.6888;11.3632;10.9919;10.732;10.3657;9.95516;9.48282;9.12865;8.9036;8.61094;8.20649;7.83069;7.4296;7.2764;6.9552;6.70115;6.44792;6.17447;5.73777;5.46687;5.07726;4.88621;4.46345;4.07456;4.07286;3.73416;3.42507;3.22023;2.96718;2.58426;2.2525;2.06764;1.74375;1.71485;1.56797;1.40899;1.24828;1","14.9507;14.6018;14.4515;14.2116;14.19;13.9116;13.7602;13.6059;13.3178;13.0373;12.7718;12.6651;12.5111;12.3342;12.2384;11.9222;11.8216;11.665;11.5202;11.2134;11.0101;10.7561;10.5586;10.308;10.0782;9.86127;9.59311;9.57898;9.50732;9.46584;9.47014;9.46262;9.64979;9.66708;9.62133;9.5653;9.58926;9.74911;9.75982;9.72941;9.75268;9.84639;10.0275;10.1682;10.4394;10.4621;10.5124;10.6387;10.7238;10.8113;11.056;11.1624;11.1951;11.2221;11.5059;11.7651;11.8912;12.127;12.5598;12.6602;12.8217;12.9646;12.9997;13.3722;13.6412;14.0659;14.3343;14.6596;15",1.63688
"0.366667;0.0666667;0.566667"
24.4658,1.12689,2.82521,"20.9591;20.6785;20.3944;19.9996;19.9627;19.5473;19.4516;19.3416;19.0789;18.7412;18.3925;18.1551;17.9572;17.6802;17.4787;17.1113;16.6913;16.2626;15.9984;15.621;15.4651;15.1442;14.9219;14.5972;14.3699;13.9324;13.89;13.5096;13.3034;12.9874;12.7312;12.4301;12.0122;11.6316;11.3632;10.9919;10.732;10.3657;9.95516;9.48282;9.11935;8.85285;8.5356;8.36876;8.02986;7.57665;7.21892;6.72926;6.26303;5.76806;5.46687;4.96824;4.85751;4.46345;4.07456;4.07286;3.73416;3.42507;3.04787;2.86759;2.54979;2.28326;2.0761;1.81933;1.71485;1.56797;1.40899;1.24828;1","14.9507;14.6018;14.4515;14.2116;14.19;13.9116;13.7602;13.6059;13.3178;13.0373;12.7718;12.6651;12.5111;12.3342;12.2384;12.0989;11.9079;11.8776;11.746;11.8071;11.5374;11.2848;11.1481;10.9118;10.8547;10.6379;10.5617;10.4536;10.2967;10.098;9.92006;9.77668;9.75456;9.44777;9.64979;9.66708;9.62133;9.5653;9.58926;9.74911;9.93758;10.0729;10.1629;10.469;10.7986;10.8417;10.9142;10.8733;11.0138;11.0803;11.056;11.0568;11.0797;11.2221;11.5059;11.7651;11.8912;12.127;12.3553;12.3986;12.4608;12.5846;12.7874;13.1522;13.6412;14.0659;14.3343;14.6596;15",1.52387
"0.366667;0.1;0.533333"
24.6716,0.267603,2.82727,"20.9591;20.6785;20.3944;19.9996;19.9627;19.5473;19.4516;19.3416;19.0789;18.7412;18.3925;18.1551;17.9572;17.6802;17.4787;17.2056;16.8967;16.6298;16.2975;16.0454;15.753;15.4167;15.0111;14.6212;14.2992;13.9088;13.5385;13.4013;13.0134;12.6001;12.2309;11.9474;11.5614;11.1487;10.838;10.3897;9.96592;9.4903;9.05518;8.59376;8.36668;7.96285;7.61862;7.29743;6.85331;6.48773;6.14524;5.73673;5.45893;5.00293;4.59161;4.1485;3.86681;3.39777;3.12102;2.9722;2.75517;2.47217;2.28326;2.0761;1.81933;1.71485;1.56797;1.40899;1.24828;1","14.9507;14.6018;14.4515;14.2116;14.19;13.9116;13.7602;13.6059;13.3178;13.0373;12.7718;12.6651;12.5111;12.3342;12.2384;11.9222;11.8216;11.665;11.5202;11.2134;11.0101;10.7561;10.5586;10.308;10.0782;9.86127;9.59311;9.57898;9.50732;9.46584;9.32557;9.17382;9.00806;8.89268;8.87357;8.85477;8.84737;8.93837;8.93261;9.0385;9.2205;9.3699;9.52126;9.61993;9.75258;9.95763;10.179;10.1946;10.3485;10.5102;10.7911;10.8374;10.9798;11.1464;11.4792;11.6474;12.0052;12.2545;12.5846;12.7874;13.1522;13.6412;14.0659;14.3343;14.6596;15",1.42965
"0.366667;0.133333;0.5"
24.6722,0.267361,2.82728,"20.9591;20.6785;20.3944;19.9996;19.9627;19.5473;19.4516;19.3416;19.0789;18.7412;18.3925;18.1551;17.9572;17.6802;17.4787;17.2056;16.8967;16.5868;16.2133;16.0454;15.753;15.4167;15.0111;14.6212;14.2992;13.9088;13.5385;13.4013;13.0134;12.6001;12.2309;11.9474;11.5614;11.1487;10.838;10.3897;9.96592;9.4903;9.05518;8.59376;8.36668;7.96285;7.61862;7.29743;6.85331;6.48773;6.14524;5.73673;5.45893;5.00293;4.59161;4.1485;3.86681;3.39777;3.12102;2.9722;2.75517;2.47217;2.28326;2.0761;1.81933;1.71485;1.56797;1.40899;1.24828;1","14.9507;14.6018;14.4515;14.2116;14.19;13.9116;13.7602;13.6059;13.3178;13.0373;12.7718;12.6651;12.5111;12.3342;12.2384;11.9222;11.8216;11.5035;11.368;11.2134;11.0101;10.7561;10.5586;10.308;10.0782;9.86127;9.59311;9.57898;9.50732;9.46584;9.32557;9.17382;9.00806;8.89268;8.87357;8.85477;8.84737;8.93837;8.93261;9.0385;9.2205;9.3699;9.52126;9.61993;9.75258;9.95763;10.179;10.1946;10.3485;10.5102;10.7911;10.8374;10.9798;11.1464;11.4792;11.6474;12.0052;12.2545;12.5846;12.7874;13.1522;13.6412;14.0659;14.3343;14.6596;15",1.33435
"0.366667;0.166667;0.466667"
24.6722,0.267361,2.82728,"20.9591;20.6785;20.3944;19.9996;19.9627;19.5473;19.4516;19.3416;19.0789;18.7412;18.3925;18.1551;17.9572;17.6802;17.4787;17.2056;16.8967;16.5868;16.2133;16.0454;15.753;15.4167;15.0111;14.6212;14.2992;13.9088;13.5385;13.4013;13.0134;12.6001;12.2309;11.9474;11.5614;11.1487;10.838;10.3897;9.96592;9.4903;9.05518;8.59376;8.36668;7.96285;7.61862;7.29743;6.85331;6.48773;6.14524;5.73673;5.45893;5.00293;4.59161;4.1485;3.86681;3.39777;3.12102;2.9722;2.75517;2.47217;2.28326;2.0761;1.81933;1.71485;1.56797;1.40899;1.24828;1","14.9507;14.6018;14.4515;14.2116;14.19;13.9116;13.7602;13.6059;13.3178;13.0373;12.7718;12.6651;12.5111;12.3342;12.2384;11.9222;11.8216;11.5035;11.368;11.2134;11.0101;10.7561;10.5586;10.308;10.0782;9.86127;9.59311;9.57898;9.50732;9.46584;9.32557;9.17382;9.00806;8.89268;8.87357;8.85477;8.84737;8.93837;8.93261;9.0385;9.2205;9.3699;9.52126;9.61993;9.75258;9.95763;10.179;10.1946;10.3485;10.5102;10.7911;10.8374;10.9798;11.1464;11.4792;11.6474;12.0052;12.2545;12.5846;12.7874;13.1522;13.6412;14.0659;14.3343;14.6596;15",1.23904
"0.366667;0.2;0.433333"
24.6722,0.267361,2.82728,"20.9591;20.6785;20.3944;19.9996;19.9627;19.5473;19.4516;19.3416;19.0789;18.7412;18.3925;18.1551;17.9572;17.6802;17.4787;17.2056;16.8967;16.5868;16.2133;16.0454;15.753;15.4167;15.0111;14.6212;14.2992;13.9088;13.5385;13.4013;13.0134;12.6001;12.2309;11.9474;11.5614;11.1487;10.838;10.3897;9.96592;9.4903;9.05518;8.59376;8.36668;7.96285;7.61862;7.29743;6.85331;6.48773;6.14524;5.73673;5.45893;5.00293;4.59161;4.1485;3.86681;3.39777;3.12102;2.9722;2.75517;2.47217;2.28326;2.0761;1.81933;1.71485;1.56797;1.40899;1.24828;1","14.9507;14.6018;14.4515;14.2116;14.19;13.9116;13.7602;13.6059;13.3178;13.0373;12.7718;12.6651;12.5111;12.3342;12.2384;11.9222;11.8216;11.5035;11.368;11.2134;11.0101;10.7561;10.5586;10.308;10.0782;9.86127;9.59311;9.57898;9.50732;9.46584;9.32557;9.17382;9.00806;8.89268;8.87357;8.85477;8.84737;8.93837;8.93261;9.0385;9.2205;9.3699;9.52126;9.61993;9.75258;9.95763;10.179;10.1946;10.3485;10.5102;10.7911;10.8374;10.9798;11.1464;11.4792;11.6474;12.0052;12.2545;12.5846;12.7874;13.1522;13.6412;14.0659;14.3343;14.6596;15",1.14373
"0.366667;0.233333;0.4"
24.5623,0.482268,2.82618,"20.9591;20.6785;20.3944;19.9996;19.9627;19.5473;19.4516;19.3416;19.0789;18.7412;18.3925;18.1551;17.9572;17.6802;17.4787;17.2056;16.8967;16.5868;16.2133;16.0454;15.753;15.4167;15.0111;14.6212;14.2992;13.9088;13.5385;13.4013;13.0134;12.6001;12.1225;11.6888;11.2642;10.8868;10.6965;10.2623;10.1142;9.73931;9.48282;9.12865;8.9036;8.61094;8.20649;7.83069;7.4296;7.2764;6.9552;6.70115;6.44792;6.17447;5.73777;5.46687;5.07726;4.88621;4.46345;4.07456;4.07286;3.73416;3.42507;3.04787;2.86759;2.54979;2.28326;2.0761;1.81933;1.71485;1.56797;1.40899;1.24828;1","14.9507;14.6018;14.4515;14.2116;14.19;13.9116;13.7602;13.6059;13.3178;13.0373;12.7718;12.6651;12.5111;12.3342;12.2384;11.9222;11.8216;11.5035;11.368;11.2134;11.0101;10.7561;10.5586;10.308;10.0782;9.86127;9.59311;9.57898;9.50732;9.46584;9.47014;9.46262;9.24512;9.37474;9.3615;9.20596;9.27326;9.51395;9.74911;9.75982;9.72941;9.75268;9.84639;10.0275;10.1682;10.4394;10.4621;10.5124;10.6387;10.7238;10.8113;11.056;11.1624;11.1951;11.2221;11.5059;11.7651;11.8912;12.127;12.3553;12.3986;12.4608;12.5846;12.7874;13.1522;13.6412;14.0659;14.3343;14.6596;15",1.04801
"0.366667;0.266667;0.366667"
24.6558,0.656114,2.85943,"20.9591;20.6785;20.3944;19.9996;19.9627;19.5473;19.4516;19.3416;19.0789;18.7412;18.3925;18.1551;17.9572;17.6802;17.4787;17.2056;16.8967;16.5868;16.2133;16.0454;15.753;15.4167;15.0111;14.6212;14.2992;13.9088;13.5385;13.4013;13.0134;12.767;12.3565;12.1225;11.6888;11.3632;10.9424;10.732;10.3657;9.92571;9.73931;9.48282;9.12865;8.9036;8.61094;8.20649;7.83069;7.4296;7.2764;6.9552;6.70115;6.44792;6.17447;5.73777;5.46687;5.07726;4.88621;4.46345;4.07456;4.07286;3.73416;3.42507;3.04787;2.60023;2.24964;2.06764;1.74375;1.71485;1.56797;1.40899;1.24828;1","14.9507;14.6018;14.4515;14.2116;14.19;13.9116;13.7602;13.6059;13.3178;13.0373;12.7718;12.6651;12.5111;12.3342;12.2384;11.9222;11.8216;11.5035;11.368;11.2134;11.0101;10.7561;10.5586;10.308;10.0782;9.86127;9.59311;9.57898;9.50732;9.32329;9.50146;9.47014;9.46262;9.64979;9.39456;9.62133;9.5653;9.50118;9.51395;9.74911;9.75982;9.72941;9.75268;9.84639;10.0275;10.1682;10.4394;10.4621;10.5124;10.6387;10.7238;10.8113;11.056;11.1624;11.1951;11.2221;11.5059;11.7651;11.8912;12.127;12.3553;12.4433;12.7808;12.9997;13.3722;13.6412;14.0659;14.3343;14.6596;15",0.963823
"0.366667;0.3;0.333333"
24.6558,0.656114,2.85943,"20.9591;20.6785;20.3944;19.9996;19.9627;19.5473;19.4516;19.3416;19.0789;18.7412;18.3925;18.1551;17.9572;17.6802;17.4787;17.2056;16.8967;16.5868;16.2133;16.0454;15.753;15.4167;15.0111;14.6212;14.2992;13.9088;13.5385;13.4013;13.0134;12.767;12.3565;12.1225;11.6888;11.3632;10.9424;10.732;10.3657;9.92571;9.73931;9.48282;9.12865;8.9036;8.61094;8.20649;7.83069;7.4296;7.2764;6.9552;6.70115;6.44792;6.17447;5.73777;5.46687;5.07726;4.88621;4.46345;4.07456;4.07286;3.73416;3.42507;3.04787;2.60023;2.24964;2.06764;1.74375;1.71485;1.56797;1.40899;1.24828;1","14.9507;14.6018;14.4515;14.2116;14.19;13.9116;13.7602;13.6059;13.3178;13.0373;12.7718;12.6651;12.5111;12.3342;12.2384;11.9222;11.8216;11.5035;11.368;11.2134;11.0101;10.7561;10.5586;10.308;10.0782;9.86127;9.59311;9.57898;9.50732;9.32329;9.50146;9.47014;9.46262;9.64979;9.39456;9.62133;9.5653;9.50118;9.51395;9.74911;9.75982;9.72941;9.75268;9.84639;10.0275;10.1682;10.4394;10.4621;10.5124;10.6387;10.7238;10.8113;11.056;11.1624;11.1951;11.2221;11.5059;11.7651;11.8912;12.127;12.3553;12.4433;12.7808;12.9997;13.3722;13.6412;14.0659;14.3343;14.6596;15",0.867441
"0.366667;0.333333;0.3"
24.61,0.660562,3.09862,"20.9591;20.6785;20.3944;19.9996;19.9627;19.5473;19.4516;19.3416;19.0789;18.7412;18.3925;18.1551;17.9572;17.6802;17.4787;17.2056;16.8967;16.6298;16.4485;16.0712;15.9925;15.7336;15.4167;15.0111;14.6212;14.2992;13.9088;13.5385;13.4013;13.0134;12.767;12.3565;12.1225;11.6888;11.3632;10.9424;10.732;10.3657;9.92571;9.73931;9.48282;9.12865;8.9036;8.61094;8.20649;7.83069;7.4296;7.2764;6.87612;6.39606;5.96471;5.56777;5.22445;5.01231;4.87399;4.42507;4.17899;3.74448;3.3286;2.94597;2.60995;2.52948;2.3699;2.18265;2.07308;1.87497;1.69089;1.27364;1","14.9507;14.6018;14.4515;14.2116;14.19;13.9116;13.7602;13.6059;13.3178;13.0373;12.7718;12.6651;12.5111;12.3342;12.2384;11.9222;11.8216;11.665;11.3447;11.1964;11.124;10.9509;10.7561;10.5586;10.308;10.0782;9.86127;9.59311;9.57898;9.50732;9.32329;9.50146;9.47014;9.46262;9.64979;9.39456;9.62133;9.5653;9.50118;9.51395;9.74911;9.75982;9.72941;9.75268;9.84639;10.0275;10.1682;10.4394;10.7052;10.7781;11.0031;11.2974;11.5544;11.8388;12.2744;12.4542;12.7297;12.625;12.6678;12.8185;13.0846;13.4745;13.7086;13.8659;14.135;14.4526;14.6408;14.8808;15",0.834842
"0.366667;0.366667;0.266667"
24.61,0.660562,3.09862,"20.9591;20.6785;20.3944;19.9996;19.9627;19.5473;19.4516;19.3416;19.0789;18.7412;18.3925;18.1551;17.9572;17.6802;17.4787;17.2056;16.8967;16.6298;16.4485;16.0712;15.9925;15.7336;15.4167;15.0111;14.6212;14.2992;13.9088;13.5385;13.4013;13.0134;12.767;12.3565;12.1225;11.6888;11.3632;10.9424;10.732;10.3657;9.92571;9.73931;9.48282;9.12865;8.9036;8.61094;8.20649;7.83069;7.4296;7.2764;6.87612;6.39606;5.96471;5.56777;5.22445;5.01231;4.87399;4.42507;4.17899;3.74448;3.3286;2.94597;2.60995;2.52948;2.3699;2.18265;2.07308;1.87497;1.69089;1.27364;1","14.9507;14.6018;14.4515;14.2116;14.19;13.9116;13.7602;13.6059;13.3178;13.0373;12.7718;12.6651;12.5111;12.3342;12.2384;11.9222;11.8216;11.665;11.3447;11.1964;11.124;10.9509;10.7561;10.5586;10.308;10.0782;9.86127;9.59311;9.57898;9.50732;9.32329;9.50146;9.47014;9.46262;9.64979;9.39456;9.62133;9.5653;9.50118;9.51395;9.74911;9.75982;9.72941;9.75268;9.84639;10.0275;10.1682;10.4394;10.7052;10.7781;11.0031;11.2974;11.5544;11.8388;12.2744;12.4542;12.7297;12.625;12.6678;12.8185;13.0846;13.4745;13.7086;13.8659;14.135;14.4526;14.6408;14.8808;15",0.730487
"0.366667;0.4;0.233333"
24.5661,0.535362,3.09818,"20.9591;20.6785;20.3944;19.9996;19.9627;19.5473;19.4516;19.3416;19.0789;18.7412;18.3925;18.1551;17.9572;17.6802;17.4787;17.2056;16.8967;16.6298;16.375;15.9925;15.7336;15.4167;15.0111;14.6212;14.2992;13.9088;13.5385;13.1278;12.767;12.3565;12.1225;11.6888;11.3632;10.9424;10.8868;10.6965;10.2623;10.1142;9.73931;9.41617;9.1358;8.9036;8.61094;8.20649;7.83069;7.4296;7.2764;6.87612;6.39606;5.96471;5.56777;5.22445;5.01231;4.87399;4.42507;4.17899;3.74448;3.3286;2.94597;2.60995;2.52948;2.3699;2.18265;2.07308;1.87497;1.69089;1.27364;1","14.9507;14.6018;14.4515;14.2116;14.19;13.9116;13.7602;13.6059;13.3178;13.0373;12.7718;12.6651;12.5111;12.3342;12.2384;11.9222;11.8216;11.665;11.2379;11.124;10.9509;10.7561;10.5586;10.308;10.0782;9.86127;9.59311;9.44479;9.32329;9.50146;9.47014;9.46262;9.64979;9.39456;9.37474;9.3615;9.20596;9.27326;9.51395;9.50889;9.6613;9.72941;9.75268;9.84639;10.0275;10.1682;10.4394;10.7052;10.7781;11.0031;11.2974;11.5544;11.8388;12.2744;12.4542;12.7297;12.625;12.6678;12.8185;13.0846;13.4745;13.7086;13.8659;14.135;14.4526;14.6408;14.8808;15",0.626044
"0.366667;0.433333;0.2"
24.5212,0.489674,3.06006,"20.9591;20.6785;20.3944;19.9996;19.9627;19.5473;19.4516;19.3416;19.0789;18.7852;18.3925;18.1551;17.9572;17.6802;17.4787;17.2056;16.8967;16.5868;16.4485;16.0712;15.9925;15.7336;15.4748;15.0111;14.6212;14.2992;13.9088;13.5385;13.3176;13.0134;12.6001;12.1225;11.6888;11.2642;10.8868;10.6965;10.2623;10.1142;9.73931;9.48282;9.12865;8.9036;8.61094;8.20649;7.83069;7.4296;7.2764;6.87612;6.39606;5.96471;5.56777;5.22445;5.01231;4.87399;4.42507;4.17899;3.74448;3.3286;2.94597;2.60995;2.52948;2.3699;2.18265;2.07308;1.87497;1.69089;1.27364;1","14.9507;14.6018;14.4515;14.2116;14.19;13.9116;13.7602;13.6059;13.3178;12.9844;12.7718;12.6651;12.5111;12.3342;12.2384;11.9222;11.8216;11.5035;11.3447;11.1964;11.124;10.9509;10.7368;10.5586;10.308;10.0782;9.86127;9.59311;9.67655;9.50732;9.46584;9.47014;9.46262;9.24512;9.37474;9.3615;9.20596;9.27326;9.51395;9.74911;9.75982;9.72941;9.75268;9.84639;10.0275;10.1682;10.4394;10.7052;10.7781;11.0031;11.2974;11.5544;11.8388;12.2744;12.4542;12.7297;12.625;12.6678;12.8185;13.0846;13.4745;13.7086;13.8659;14.135;14.4526;14.6408;14.8808;15",0.515351
"0.366667;0.466667;0.166667"
23.2373,0.124274,11.6187,"21.0021;20.6371;20.1476;19.8993;20.0052;19.7587;19.5012;19.2453;19.2116;18.9722;18.5147;18.2323;17.8616;17.5784;17.0997;16.9526;16.4847;16.1745;15.9638;15.5085;15.1027;14.6773;14.4894;14.1253;13.824;13.3803;13.2708;12.8137;12.5927;12.1813;11.7746;11.3691;10.9959;10.6001;10.4831;10.0764;9.74519;9.31899;9.15219;8.79818;8.65282;8.15282;7.88754;7.49782;7.27595;6.89851;6.76183;6.34229;5.98186;5.75803;5.41296;4.9235;4.56701;4.11057;3.65422;3.50753;3.23682;3.02224;2.77497;2.4487;2.16262;1.70477;1.39947;1","15.1397;14.8719;14.8736;15.2284;15.5003;15.8289;16.1702;16.5342;16.7104;16.8419;16.9234;17.1119;17.3614;17.6514;17.7532;17.6927;17.72;17.968;17.9367;18.1059;18.3691;18.1335;17.8422;17.6147;17.6025;17.6894;17.6936;17.6636;17.55;17.5611;17.5676;17.4617;17.4869;17.5984;17.6288;17.6946;17.6111;17.3583;17.1136;17.1042;17.021;17.018;16.9737;16.7983;16.7012;16.4217;16.4323;16.351;16.1439;16.3476;16.5091;16.4983;16.3621;16.2118;16.0511;15.8873;15.7488;15.4451;15.4104;15.2367;15.0475;15.0703;14.9914;15",1.55847
"0.366667;0.5;0.133333"
23.1284,0.126176,11.5642,"21.0021;20.6371;20.1476;19.8503;19.4047;19.0145;18.7129;18.6548;18.5821;18.4879;18.189;17.903;17.4824;17.2774;16.9493;16.5903;16.2972;15.9995;15.7901;15.5085;15.1027;14.6773;14.4894;14.1253;13.824;13.3803;13.2708;12.8137;12.5927;12.1813;11.7746;11.3691;10.9959;10.6001;10.4831;10.0764;9.74519;9.31899;9.15219;8.79818;8.65282;8.15282;7.88754;7.49782;7.27595;6.89851;6.76183;6.34229;5.98186;5.75803;5.41296;4.9235;4.56701;4.11057;3.65422;3.50753;3.23682;3.02224;2.77497;2.4487;2.16262;1.70477;1.39947;1","15.1397;14.8719;14.8736;14.7655;14.8893;15.1486;15.4278;15.5139;15.8728;16.1934;16.5122;16.8404;17.0114;17.0665;16.9752;17.235;17.3661;17.696;17.7488;18.1059;18.3691;18.1335;17.8422;17.6147;17.6025;17.6894;17.6936;17.6636;17.55;17.5611;17.5676;17.4617;17.4869;17.5984;17.6288;17.6946;17.6111;17.3583;17.1136;17.1042;17.021;17.018;16.9737;16.7983;16.7012;16.4217;16.4323;16.351;16.1439;16.3476;16.5091;16.4983;16.3621;16.2118;16.0511;15.8873;15.7488;15.4451;15.4104;15.2367;15.0475;15.0703;14.9914;15",1.16341
"0.366667;0.533333;0.1"
23.4445,0.126482,11.7222,"20.9591;20.6785;20.3944;20.1476;19.8503;19.4047;19.0145;18.7129;18.6548;18.5821;18.4879;18.189;17.903;17.4824;17.2774;16.9493;16.5903;16.2972;15.9995;15.7901;15.5085;15.1027;14.6773;14.4894;14.1253;13.824;13.3803;13.2708;12.8137;12.5927;12.1813;11.7746;11.3691;10.9959;10.6001;10.4831;10.0764;9.74519;9.31899;9.15219;8.79818;8.65282;8.15282;7.88754;7.49782;7.27595;6.89851;6.76183;6.34229;5.98186;5.75803;5.41296;4.9235;4.56701;4.11057;3.65422;3.50753;3.23682;3.02224;2.77497;2.4487;2.16262;1.70477;1.39947;1","14.9507;14.6018;14.4515;14.8736;14.7655;14.8893;15.1486;15.4278;15.5139;15.8728;16.1934;16.5122;16.8404;17.0114;17.0665;16.9752;17.235;17.3661;17.696;17.7488;18.1059;18.3691;18.1335;17.8422;17.6147;17.6025;17.6894;17.6936;17.6636;17.55;17.5611;17.5676;17.4617;17.4869;17.5984;17.6288;17.6946;17.6111;17.3583;17.1136;17.1042;17.021;17.018;16.9737;16.7983;16.7012;16.4217;16.4323;16.351;16.1439;16.3476;16.5091;16.4983;16.3621;16.2118;16.0511;15.8873;15.7488;15.4451;15.4104;15.2367;15.0475;15.0703;14.9914;15",0.783618
"0.366667;0.566667;0.0666667"
23.4445,0.126482,11.7222,"20.9591;20.6785;20.3944;20.1476;19.8503;19.4047;19.0145;18.7129;18.6548;18.5821;18.4879;18.189;17.903;17.4824;17.2774;16.9493;16.5903;16.2972;15.9995;15.7901;15.5085;15.1027;14.6773;14.4894;14.1253;13.824;13.3803;13.2708;12.8137;12.5927;12.1813;11.7746;11.3691;10.9959;10.6001;10.4831;10.0764;9.74519;9.31899;9.15219;8.79818;8.65282;8.15282;7.88754;7.49782;7.27595;6.89851;6.76183;6.34229;5.98186;5.75803;5.41296;4.9235;4.56701;4.11057;3.65422;3.50753;3.23682;3.02224;2.77497;2.4487;2.16262;1.70477;1.39947;1","14.9507;14.6018;14.4515;14.8736;14.7655;14.8893;15.1486;15.4278;15.5139;15.8728;16.1934;16.5122;16.8404;17.0114;17.0665;16.9752;17.235;17.3661;17.696;17.7488;18.1059;18.3691;18.1335;17.8422;17.6147;17.6025;17.6894;17.6936;17.6636;17.55;17.5611;17.5676;17.4617;17.4869;17.5984;17.6288;17.6946;17.6111;17.3583;17.1136;17.1042;17.021;17.018;16.9737;16.7983;16.7012;16.4217;16.4323;16.351;16.1439;16.3476;16.5091;16.4983;16.3621;16.2118;16.0511;15.8873;15.7488;15.4451;15.4104;15.2367;15.0475;15.0703;14.9914;15",0.391809
"0.366667;0.6;0.0333333"
23.521,0.116003,11.7605,"21.2074;20.9384;20.6785;20.2976;20.1476;19.8993;20.0052;19.7587;19.4532;18.9745;18.5239;18.189;17.903;17.4824;17.2774;17.0041;16.5903;16.2438;15.9995;15.7901;15.5085;15.1027;14.6542;14.5093;14.1504;13.8042;13.4696;13.0627;12.9214;12.5601;12.1813;11.7746;11.4928;11.0353;10.9959;10.6251;10.3834;10.0764;9.74519;9.36506;8.91723;8.69993;8.45724;8.17491;7.88754;7.49782;7.27595;6.89851;6.76183;6.34229;5.98186;5.75803;5.41296;4.9235;4.56701;4.11057;3.65422;3.50753;3.23682;3.02224;2.77497;2.4487;2.16262;1.70477;1.39947;1","14.9691;14.8333;14.6018;14.7827;14.8736;15.2284;15.5003;15.8289;16.1692;16.2706;16.193;16.5122;16.8404;17.0114;17.0665;17.2273;17.235;17.5023;17.696;17.7488;18.1059;18.3691;18.5828;18.4935;18.5089;18.3139;18.1737;17.9418;17.9575;17.8017;17.5611;17.5676;17.5459;17.3983;17.4869;17.6602;17.6844;17.6946;17.6111;17.5218;17.455;17.4621;17.3873;17.037;16.9737;16.7983;16.7012;16.4217;16.4323;16.351;16.1439;16.3476;16.5091;16.4983;16.3621;16.2118;16.0511;15.8873;15.7488;15.4451;15.4104;15.2367;15.0475;15.0703;14.9914;15",0.249086
"0.366667;0.633333;0"
24.3842,1.02092,2.85671,"20.9591;20.6785;20.3944;19.9996;19.9627;19.5473;19.4516;19.3416;19.0789;18.7412;18.3925;18.1551;17.9572;17.6802;17.4787;17.1113;16.8967;16.6298;16.2975;15.9875;15.6977;15.276;14.8275;14.5972;14.3699;13.9324;13.5096;13.3034;12.9441;12.7312;12.4301;12.0122;11.6316;11.3632;10.9919;10.732;10.3657;9.95516;9.48282;9.12865;8.9036;8.61094;8.20649;7.83069;7.4296;7.2764;6.9552;6.70115;6.44792;6.17447;5.73777;5.46687;5.07726;4.88621;4.46345;4.07456;4.07286;3.73416;3.42507;3.22023;2.96718;2.58426;2.2525;2.06764;1.74375;1.71485;1.56797;1.40899;1.24828;1","14.9507;14.6018;14.4515;14.2116;14.19;13.9116;13.7602;13.6059;13.3178;13.0373;12.7718;12.6651;12.5111;12.3342;12.2384;12.0989;11.8216;11.665;11.5202;11.2519;11.0101;10.8581;10.8893;10.9118;10.8547;10.6379;10.4536;10.2967;10.1489;9.92006;9.77668;9.75456;9.44777;9.64979;9.66708;9.62133;9.5653;9.58926;9.74911;9.75982;9.72941;9.75268;9.84639;10.0275;10.1682;10.4394;10.4621;10.5124;10.6387;10.7238;10.8113;11.056;11.1624;11.1951;11.2221;11.5059;11.7651;11.8912;12.127;12.5598;12.6602;12.8217;12.9646;12.9997;13.3722;13.6412;14.0659;14.3343;14.6596;15",1.73325
"0.4;0;0.6"
24.4617,3.73214,2.82517,"20.9591;20.6785;20.3944;19.9996;19.9627;19.5473;19.4516;19.3416;19.0789;18.7412;18.3925;18.1551;17.9572;17.6802;17.4787;17.2056;16.8967;16.6298;16.2975;15.9875;15.6977;15.276;15.0309;14.8989;14.6212;14.2992;13.9088;13.5385;13.4013;13.0134;12.6001;12.1225;11.6888;11.3632;10.9353;10.4613;10.0993;9.61539;9.15539;8.85285;8.5356;8.36876;8.02986;7.57665;7.21892;6.72926;6.26303;5.76806;5.46687;4.96824;4.85751;4.46345;4.07456;4.07286;3.73416;3.42507;3.04787;2.86759;2.54979;2.28326;2.0761;1.81933;1.71485;1.56797;1.40899;1.24828;1","14.9507;14.6018;14.4515;14.2116;14.19;13.9116;13.7602;13.6059;13.3178;13.0373;12.7718;12.6651;12.5111;12.3342;12.2384;11.9222;11.8216;11.665;11.5202;11.2519;11.0101;10.8581;10.6679;10.5293;10.308;10.0782;9.86127;9.59311;9.57898;9.50732;9.46584;9.47014;9.46262;9.64979;9.89159;9.91842;10.0121;10.0156;9.8962;10.0729;10.1629;10.469;10.7986;10.8417;10.9142;10.8733;11.0138;11.0803;11.056;11.0568;11.0797;11.2221;11.5059;11.7651;11.8912;12.127;12.3553;12.3986;12.4608;12.5846;12.7874;13.1522;13.6412;14.0659;14.3343;14.6596;15",1.61909
"0.4;0.0333333;0.566667"
24.6016,3.32577,2.82657,"20.9591;20.6785;20.3944;19.9996;19.9627;19.5473;19.4516;19.3416;19.0789;18.7412;18.3925;18.1551;17.9572;17.6802;17.4787;17.2056;16.8967;16.6298;16.2975;16.0454;15.753;15.4167;15.0111;14.6212;14.2992;13.9088;13.5385;13.4013;13.0134;12.767;12.4307;12.1225;11.6888;11.3632;10.9353;10.5246;10.2068;10.0993;9.61539;9.15539;8.85285;8.5356;8.36876;8.02986;7.57665;7.21892;6.72926;6.26303;5.76806;5.46687;4.96824;4.85751;4.46345;4.07456;4.07286;3.73416;3.42507;3.04787;2.86759;2.54979;2.28326;2.0761;1.81933;1.71485;1.56797;1.40899;1.24828;1","14.9507;14.6018;14.4515;14.2116;14.19;13.9116;13.7602;13.6059;13.3178;13.0373;12.7718;12.6651;12.5111;12.3342;12.2384;11.9222;11.8216;11.665;11.5202;11.2134;11.0101;10.7561;10.5586;10.308;10.0782;9.86127;9.59311;9.57898;9.50732;9.32329;9.45961;9.47014;9.46262;9.64979;9.89159;9.83624;10.0436;10.0121;10.0156;9.8962;10.0729;10.1629;10.469;10.7986;10.8417;10.9142;10.8733;11.0138;11.0803;11.056;11.0568;11.0797;11.2221;11.5059;11.7651;11.8912;12.127;12.3553;12.3986;12.4608;12.5846;12.7874;13.1522;13.6412;14.0659;14.3343;14.6596;15",1.52459
"0.4;0.0666667;0.533333"
24.6012,1.11827,2.82657,"20.9591;20.6785;20.3944;19.9996;19.9627;19.5473;19.4516;19.3416;19.0789;18.7412;18.3925;18.1551;17.9572;17.6802;17.4787;17.2056;16.8967;16.6913;16.2626;15.9984;15.621;15.4651;15.1442;14.9219;14.5972;14.3699;13.9324;13.5096;13.3034;12.9874;12.8034;12.4301;12.0122;11.6316;11.3632;10.9919;10.732;10.3657;9.95516;9.48282;9.11935;8.85285;8.5356;8.36876;8.02986;7.57665;7.21892;6.72926;6.26303;5.76806;5.46687;4.96824;4.85751;4.46345;4.07456;4.07286;3.73416;3.42507;3.04787;2.86759;2.54979;2.28326;2.0761;1.81933;1.71485;1.56797;1.40899;1.24828;1","14.9507;14.6018;14.4515;14.2116;14.19;13.9116;13.7602;13.6059;13.3178;13.0373;12.7718;12.6651;12.5111;12.3342;12.2384;11.9222;11.8216;11.9079;11.8776;11.746;11.8071;11.5374;11.2848;11.1481;10.9118;10.8547;10.6379;10.4536;10.2967;10.098;9.8468;9.77668;9.75456;9.44777;9.64979;9.66708;9.62133;9.5653;9.58926;9.74911;9.93758;10.0729;10.1629;10.469;10.7986;10.8417;10.9142;10.8733;11.0138;11.0803;11.056;11.0568;11.0797;11.2221;11.5059;11.7651;11.8912;12.127;12.3553;12.3986;12.4608;12.5846;12.7874;13.1522;13.6412;14.0659;14.3343;14.6596;15",1.4293
"0.4;0.1;0.5"
24.6716,0.267603,2.82727,"20.9591;20.6785;20.3944;19.9996;19.9627;19.5473;19.4516;19.3416;19.0789;18.7412;18.3925;18.1551;17.9572;17.6802;17.4787;17.2056;16.8967;16.6298;16.2975;16.0454;15.753;15.4167;15.0111;14.6212;14.2992;13.9088;13.5385;13.4013;13.0134;12.6001;12.2309;11.9474;11.5614;11.1487;10.838;10.3897;9.96592;9.4903;9.05518;8.59376;8.36668;7.96285;7.61862;7.29743;6.85331;6.48773;6.14524;5.73673;5.45893;5.00293;4.59161;4.1485;3.86681;3.39777;3.12102;2.9722;2.75517;2.47217;2.28326;2.0761;1.81933;1.71485;1.56797;1.40899;1.24828;1","14.9507;14.6018;14.4515;14.2116;14.19;13.9116;13.7602;13.6059;13.3178;13.0373;12.7718;12.6651;12.5111;12.3342;12.2384;11.9222;11.8216;11.665;11.5202;11.2134;11.0101;10.7561;10.5586;10.308;10.0782;9.86127;9.59311;9.57898;9.50732;9.46584;9.32557;9.17382;9.00806;8.89268;8.87357;8.85477;8.84737;8.93837;8.93261;9.0385;9.2205;9.3699;9.52126;9.61993;9.75258;9.95763;10.179;10.1946;10.3485;10.5102;10.7911;10.8374;10.9798;11.1464;11.4792;11.6474;12.0052;12.2545;12.5846;12.7874;13.1522;13.6412;14.0659;14.3343;14.6596;15",1.33434
"0.4;0.133333;0.466667"
24.6716,0.267603,2.82727,"20.9591;20.6785;20.3944;19.9996;19.9627;19.5473;19.4516;19.3416;19.0789;18.7412;18.3925;18.1551;17.9572;17.6802;17.4787;17.2056;16.8967;16.6298;16.2975;16.0454;15.753;15.4167;15.0111;14.6212;14.2992;13.9088;13.5385;13.4013;13.0134;12.6001;12.2309;11.9474;11.5614;11.1487;10.838;10.3897;9.96592;9.4903;9.05518;8.59376;8.36668;7.96285;7.61862;7.29743;6.85331;6.48773;6.14524;5.73673;5.45893;5.00293;4.59161;4.1485;3.86681;3.39777;3.12102;2.9722;2.75517;2.47217;2.28326;2.0761;1.81933;1.71485;1.56797;1.40899;1.24828;1","14.9507;14.6018;14.4515;14.2116;14.19;13.9116;13.7602;13.6059;13.3178;13.0373;12.7718;12.6651;12.5111;12.3342;12.2384;11.9222;11.8216;11.665;11.5202;11.2134;11.0101;10.7561;10.5586;10.308;10.0782;9.86127;9.59311;9.57898;9.50732;9.46584;9.32557;9.17382;9.00806;8.89268;8.87357;8.85477;8.84737;8.93837;8.93261;9.0385;9.2205;9.3699;9.52126;9.61993;9.75258;9.95763;10.179;10.1946;10.3485;10.5102;10.7911;10.8374;10.9798;11.1464;11.4792;11.6474;12.0052;12.2545;12.5846;12.7874;13.1522;13.6412;14.0659;14.3343;14.6596;15",1.23903
"0.4;0.166667;0.433333"
24.5623,0.482268,2.82618,"20.9591;20.6785;20.3944;19.9996;19.9627;19.5473;19.4516;19.3416;19.0789;18.7412;18.3925;18.1551;17.9572;17.6802;17.4787;17.2056;16.8967;16.5868;16.2133;16.0454;15.753;15.4167;15.0111;14.6212;14.2992;13.9088;13.5385;13.4013;13.0134;12.6001;12.1225;11.6888;11.2642;10.8868;10.6965;10.2623;10.1142;9.73931;9.48282;9.12865;8.9036;8.61094;8.20649;7.83069;7.4296;7.2764;6.9552;6.70115;6.44792;6.17447;5.73777;5.46687;5.07726;4.88621;4.46345;4.07456;4.07286;3.73416;3.42507;3.04787;2.86759;2.54979;2.28326;2.0761;1.81933;1.71485;1.56797;1.40899;1.24828;1","14.9507;14.6018;14.4515;14.2116;14.19;13.9116;13.7602;13.6059;13.3178;13.0373;12.7718;12.6651;12.5111;12.3342;12.2384;11.9222;11.8216;11.5035;11.368;11.2134;11.0101;10.7561;10.5586;10.308;10.0782;9.86127;9.59311;9.57898;9.50732;9.46584;9.47014;9.46262;9.24512;9.37474;9.3615;9.20596;9.27326;9.51395;9.74911;9.75982;9.72941;9.75268;9.84639;10.0275;10.1682;10.4394;10.4621;10.5124;10.6387;10.7238;10.8113;11.056;11.1624;11.1951;11.2221;11.5059;11.7651;11.8912;12.127;12.3553;12.3986;12.4608;12.5846;12.7874;13.1522;13.6412;14.0659;14.3343;14.6596;15",1.14329
"0.4;0.2;0.4"
24.369,0.730808,2.85656,"20.9591;20.6785;20.3944;19.9996;19.9627;19.5473;19.4516;19.3416;19.0789;18.7412;18.3925;18.1551;17.9572;17.6802;17.4787;17.2056;16.8967;16.5868;16.2133;16.0454;15.753;15.4167;15.0111;14.6212;14.2992;13.9088;13.5385;13.4013;13.0134;12.6001;12.1225;11.6888;11.3632;10.9919;10.732;10.3657;9.92571;9.5858;9.12865;8.9036;8.61094;8.20649;7.83069;7.4296;7.2764;6.9552;6.70115;6.44792;6.17447;5.73777;5.46687;5.07726;4.88621;4.46345;4.07456;4.07286;3.73416;3.42507;3.04787;2.60023;2.24964;2.06764;1.74375;1.71485;1.56797;1.40899;1.24828;1","14.9507;14.6018;14.4515;14.2116;14.19;13.9116;13.7602;13.6059;13.3178;13.0373;12.7718;12.6651;12.5111;12.3342;12.2384;11.9222;11.8216;11.5035;11.368;11.2134;11.0101;10.7561;10.5586;10.308;10.0782;9.86127;9.59311;9.57898;9.50732;9.46584;9.47014;9.46262;9.64979;9.66708;9.62133;9.5653;9.50118;9.72689;9.75982;9.72941;9.75268;9.84639;10.0275;10.1682;10.4394;10.4621;10.5124;10.6387;10.7238;10.8113;11.056;11.1624;11.1951;11.2221;11.5059;11.7651;11.8912;12.127;12.3553;12.4433;12.7808;12.9997;13.3722;13.6412;14.0659;14.3343;14.6596;15",1.05915
"0.4;0.233333;0.366667"
24.5148,0.482241,2.85802,"20.9591;20.6785;20.3944;19.9996;19.9627;19.5473;19.4516;19.3416;19.0789;18.7412;18.3925;18.1551;17.9572;17.6802;17.4787;17.2056;16.8967;16.5868;16.2133;16.0454;15.753;15.4167;15.0111;14.6212;14.2992;13.9088;13.5385;13.4013;13.0134;12.6001;12.1225;11.6888;11.2642;10.8868;10.6965;10.2623;10.1142;9.73931;9.48282;9.12865;8.9036;8.61094;8.20649;7.83069;7.4296;7.2764;6.9552;6.70115;6.44792;6.17447;5.73777;5.46687;5.07726;4.88621;4.46345;4.07456;4.07286;3.73416;3.42507;3.04787;2.60023;2.24964;2.06764;1.74375;1.71485;1.56797;1.40899;1.24828;1","14.9507;14.6018;14.4515;14.2116;14.19;13.9116;13.7602;13.6059;13.3178;13.0373;12.7718;12.6651;12.5111;12.3342;12.2384;11.9222;11.8216;11.5035;11.368;11.2134;11.0101;10.7561;10.5586;10.308;10.0782;9.86127;9.59311;9.57898;9.50732;9.46584;9.47014;9.46262;9.24512;9.37474;9.3615;9.20596;9.27326;9.51395;9.74911;9.75982;9.72941;9.75268;9.84639;10.0275;10.1682;10.4394;10.4621;10.5124;10.6387;10.7238;10.8113;11.056;11.1624;11.1951;11.2221;11.5059;11.7651;11.8912;12.127;12.3553;12.4433;12.7808;12.9997;13.3722;13.6412;14.0659;14.3343;14.6596;15",0.963353
"0.4;0.266667;0.333333"
24.443,0.486785,3.09695,"20.9591;20.6785;20.3944;19.9996;19.9627;19.5473;19.4516;19.3416;19.0789;18.7412;18.3925;18.1551;17.9572;17.6802;17.4787;17.2056;16.8967;16.5868;16.2133;16.0454;15.753;15.4167;15.0111;14.6212;14.2992;13.9088;13.5385;13.4013;13.0134;12.6001;12.1225;11.6888;11.2642;10.8868;10.6965;10.2623;10.1142;9.73931;9.48282;9.12865;8.9036;8.61094;8.20649;7.83069;7.4296;7.2764;6.87612;6.39606;5.96471;5.56777;5.22445;5.01231;4.87399;4.42507;4.17899;3.74448;3.3286;2.94597;2.60995;2.52948;2.3699;2.18265;2.07308;1.87497;1.69089;1.27364;1","14.9507;14.6018;14.4515;14.2116;14.19;13.9116;13.7602;13.6059;13.3178;13.0373;12.7718;12.6651;12.5111;12.3342;12.2384;11.9222;11.8216;11.5035;11.368;11.2134;11.0101;10.7561;10.5586;10.308;10.0782;9.86127;9.59311;9.57898;9.50732;9.46584;9.47014;9.46262;9.24512;9.37474;9.3615;9.20596;9.27326;9.51395;9.74911;9.75982;9.72941;9.75268;9.84639;10.0275;10.1682;10.4394;10.7052;10.7781;11.0031;11.2974;11.5544;11.8388;12.2744;12.4542;12.7297;12.625;12.6678;12.8185;13.0846;13.4745;13.7086;13.8659;14.135;14.4526;14.6408;14.8808;15",0.938696
"0.4;0.3;0.3"
24.584,0.660658,3.09836,"20.9591;20.6785;20.3944;19.9996;19.9627;19.5473;19.4516;19.3416;19.0789;18.7412;18.3925;18.1551;17.9572;17.6802;17.4787;17.2056;16.8967;16.5868;16.2133;16.0454;15.753;15.4167;15.0111;14.6212;14.2992;13.9088;13.5385;13.4013;13.0134;12.767;12.3565;12.1225;11.6888;11.3632;10.9424;10.732;10.3657;9.92571;9.73931;9.48282;9.12865;8.9036;8.61094;8.20649;7.83069;7.4296;7.2764;6.87612;6.39606;5.96471;5.56777;5.22445;5.01231;4.87399;4.42507;4.17899;3.74448;3.3286;2.94597;2.60995;2.52948;2.3699;2.18265;2.07308;1.87497;1.69089;1.27364;1","14.9507;14.6018;14.4515;14.2116;14.19;13.9116;13.7602;13.6059;13.3178;13.0373;12.7718;12.6651;12.5111;12.3342;12.2384;11.9222;11.8216;11.5035;11.368;11.2134;11.0101;10.7561;10.5586;10.308;10.0782;9.86127;9.59311;9.57898;9.50732;9.32329;9.50146;9.47014;9.46262;9.64979;9.39456;9.62133;9.5653;9.50118;9.51395;9.74911;9.75982;9.72941;9.75268;9.84639;10.0275;10.1682;10.4394;10.7052;10.7781;11.0031;11.2974;11.5544;11.8388;12.2744;12.4542;12.7297;12.625;12.6678;12.8185;13.0846;13.4745;13.7086;13.8659;14.135;14.4526;14.6408;14.8808;15",0.834773
"0.4;0.333333;0.266667"
24.584,0.660658,3.09836,"20.9591;20.6785;20.3944;19.9996;19.9627;19.5473;19.4516;19.3416;19.0789;18.7412;18.3925;18.1551;17.9572;17.6802;17.4787;17.2056;16.8967;16.5868;16.2133;16.0454;15.753;15.4167;15.0111;14.6212;14.2992;13.9088;13.5385;13.4013;13.0134;12.767;12.3565;12.1225;11.6888;11.3632;10.9424;10.732;10.3657;9.92571;9.73931;9.48282;9.12865;8.9036;8.61094;8.20649;7.83069;7.4296;7.2764;6.87612;6.39606;5.96471;5.56777;5.22445;5.01231;4.87399;4.42507;4.17899;3.74448;3.3286;2.94597;2.60995;2.52948;2.3699;2.18265;2.07308;1.87497;1.69089;1.27364;1","14.9507;14.6018;14.4515;14.2116;14.19;13.9116;13.7602;13.6059;13.3178;13.0373;12.7718;12.6651;12.5111;12.3342;12.2384;11.9222;11.8216;11.5035;11.368;11.2134;11.0101;10.7561;10.5586;10.308;10.0782;9.86127;9.59311;9.57898;9.50732;9.32329;9.50146;9.47014;9.46262;9.64979;9.39456;9.62133;9.5653;9.50118;9.51395;9.74911;9.75982;9.72941;9.75268;9.84639;10.0275;10.1682;10.4394;10.7052;10.7781;11.0031;11.2974;11.5544;11.8388;12.2744;12.4542;12.7297;12.625;12.6678;12.8185;13.0846;13.4745;13.7086;13.8659;14.135;14.4526;14.6408;14.8808;15",0.730426
"0.4;0.366667;0.233333"
24.5041,0.489749,3.09756,"20.9591;20.6785;20.3944;19.9996;19.9627;19.5473;19.4516;19.3416;19.0789;18.7412;18.3925;18.1551;17.9572;17.6802;17.4787;17.2056;16.8967;16.5868;16.2133;16.0454;15.7336;15.4167;15.0111;14.6212;14.2992;13.9088;13.5385;13.3176;13.0379;12.6001;12.1225;11.6888;11.2642;10.8868;10.6965;10.2623;10.1142;9.73931;9.48282;9.12865;8.9036;8.61094;8.20649;7.83069;7.4296;7.2764;6.87612;6.39606;5.96471;5.56777;5.22445;5.01231;4.87399;4.42507;4.17899;3.74448;3.3286;2.94597;2.60995;2.52948;2.3699;2.18265;2.07308;1.87497;1.69089;1.27364;1","14.9507;14.6018;14.4515;14.2116;14.19;13.9116;13.7602;13.6059;13.3178;13.0373;12.7718;12.6651;12.5111;12.3342;12.2384;11.9222;11.8216;11.5035;11.368;11.2134;10.9509;10.7561;10.5586;10.308;10.0782;9.86127;9.59311;9.67655;9.49828;9.46584;9.47014;9.46262;9.24512;9.37474;9.3615;9.20596;9.27326;9.51395;9.74911;9.75982;9.72941;9.75268;9.84639;10.0275;10.1682;10.4394;10.7052;10.7781;11.0031;11.2974;11.5544;11.8388;12.2744;12.4542;12.7297;12.625;12.6678;12.8185;13.0846;13.4745;13.7086;13.8659;14.135;14.4526;14.6408;14.8808;15",0.62592
"0.4;0.4;0.2"
24.4962,0.490147,3.09748,"20.9591;20.6785;20.3944;19.9996;19.9627;19.5473;19.4516;19.3416;19.0789;18.7412;18.3925;18.1551;17.9572;17.6802;17.4787;17.2056;16.8967;16.5868;16.4485;16.0712;15.753;15.3917;15.0111;14.6212;14.2992;13.9088;13.5385;13.3176;13.0134;12.6001;12.1225;11.6888;11.2642;10.8868;10.6965;10.2623;10.1142;9.73931;9.48282;9.12865;8.9036;8.61094;8.20649;7.83069;7.4296;7.2764;6.87612;6.39606;5.96471;5.56777;5.22445;5.01231;4.87399;4.42507;4.17899;3.74448;3.3286;2.94597;2.60995;2.52948;2.3699;2.18265;2.07308;1.87497;1.69089;1.27364;1","14.9507;14.6018;14.4515;14.2116;14.19;13.9116;13.7602;13.6059;13.3178;13.0373;12.7718;12.6651;12.5111;12.3342;12.2384;11.9222;11.8216;11.5035;11.3447;11.1964;11.0101;10.8282;10.5586;10.308;10.0782;9.86127;9.59311;9.67655;9.50732;9.46584;9.47014;9.46262;9.24512;9.37474;9.3615;9.20596;9.27326;9.51395;9.74911;9.75982;9.72941;9.75268;9.84639;10.0275;10.1682;10.4394;10.7052;10.7781;11.0031;11.2974;11.5544;11.8388;12.2744;12.4542;12.7297;12.625;12.6678;12.8185;13.0846;13.4745;13.7086;13.8659;14.135;14.4526;14.6408;14.8808;15",0.521587
"0.4;0.433333;0.166667"
23.5534,0.12458,11.7767,"20.9591;20.6785;20.3944;20.1476;19.8993;20.0052;19.7587;19.5012;19.2453;19.2116;18.9722;18.5147;18.2323;17.8616;17.5784;17.0997;16.9526;16.4847;16.1745;15.9638;15.5085;15.1027;14.6773;14.4894;14.1253;13.824;13.3803;13.2708;12.8137;12.5927;12.1813;11.7746;11.3691;10.9959;10.6001;10.4831;10.0764;9.74519;9.31899;9.15219;8.79818;8.65282;8.15282;7.88754;7.49782;7.27595;6.89851;6.76183;6.34229;5.98186;5.75803;5.41296;4.9235;4.56701;4.11057;3.65422;3.50753;3.23682;3.02224;2.77497;2.4487;2.16262;1.70477;1.39947;1","14.9507;14.6018;14.4515;14.8736;15.2284;15.5003;15.8289;16.1702;16.5342;16.7104;16.8419;16.9234;17.1119;17.3614;17.6514;17.7532;17.6927;17.72;17.968;17.9367;18.1059;18.3691;18.1335;17.8422;17.6147;17.6025;17.6894;17.6936;17.6636;17.55;17.5611;17.5676;17.4617;17.4869;17.5984;17.6288;17.6946;17.6111;17.3583;17.1136;17.1042;17.021;17.018;16.9737;16.7983;16.7012;16.4217;16.4323;16.351;16.1439;16.3476;16.5091;16.4983;16.3621;16.2118;16.0511;15.8873;15.7488;15.4451;15.4104;15.2367;15.0475;15.0703;14.9914;15",1.5745
"0.4;0.466667;0.133333"
23.1284,0.126176,11.5642,"21.0021;20.6371;20.1476;19.8503;19.4047;19.0145;18.7129;18.6548;18.5821;18.4879;18.189;17.903;17.4824;17.2774;16.9493;16.5903;16.2972;15.9995;15.7901;15.5085;15.1027;14.6773;14.4894;14.1253;13.824;13.3803;13.2708;12.8137;12.5927;12.1813;11.7746;11.3691;10.9959;10.6001;10.4831;10.0764;9.74519;9.31899;9.15219;8.79818;8.65282;8.15282;7.88754;7.49782;7.27595;6.89851;6.76183;6.34229;5.98186;5.75803;5.41296;4.9235;4.56701;4.11057;3.65422;3.50753;3.23682;3.02224;2.77497;2.4487;2.16262;1.70477;1.39947;1","15.1397;14.8719;14.8736;14.7655;14.8893;15.1486;15.4278;15.5139;15.8728;16.1934;16.5122;16.8404;17.0114;17.0665;16.9752;17.235;17.3661;17.696;17.7488;18.1059;18.3691;18.1335;17.8422;17.6147;17.6025;17.6894;17.6936;17.6636;17.55;17.5611;17.5676;17.4617;17.4869;17.5984;17.6288;17.6946;17.6111;17.3583;17.1136;17.1042;17.021;17.018;16.9737;16.7983;16.7012;16.4217;16.4323;16.351;16.1439;16.3476;16.5091;16.4983;16.3621;16.2118;16.0511;15.8873;15.7488;15.4451;15.4104;15.2367;15.0475;15.0703;14.9914;15",1.16341
"0.4;0.5;0.1"
23.1284,0.126176,11.5642,"21.0021;20.6371;20.1476;19.8503;19.4047;19.0145;18.7129;18.6548;18.5821;18.4879;18.189;17.903;17.4824;17.2774;16.9493;16.5903;16.2972;15.9995;15.7901;15.5085;15.1027;14.6773;14.4894;14.1253;13.824;13.3803;13.2708;12.8137;12.5927;12.1813;11.7746;11.3691;10.9959;10.6001;10.4831;10.0764;9.74519;9.31899;9.15219;8.79818;8.65282;8.15282;7.88754;7.49782;7.27595;6.89851;6.76183;6.34229;5.98186;5.75803;5.41296;4.9235;4.56701;4.11057;3.65422;3.50753;3.23682;3.02224;2.77497;2.4487;2.16262;1.70477;1.39947;1","15.1397;14.8719;14.8736;14.7655;14.8893;15.1486;15.4278;15.5139;15.8728;16.1934;16.5122;16.8404;17.0114;17.0665;16.9752;17.235;17.3661;17.696;17.7488;18.1059;18.3691;18.1335;17.8422;17.6147;17.6025;17.6894;17.6936;17.6636;17.55;17.5611;17.5676;17.4617;17.4869;17.5984;17.6288;17.6946;17.6111;17.3583;17.1136;17.1042;17.021;17.018;16.9737;16.7983;16.7012;16.4217;16.4323;16.351;16.1439;16.3476;16.5091;16.4983;16.3621;16.2118;16.0511;15.8873;15.7488;15.4451;15.4104;15.2367;15.0475;15.0703;14.9914;15",0.775604
"0.4;0.533333;0.0666667"
23.4445,0.126482,11.7222,"20.9591;20.6785;20.3944;20.1476;19.8503;19.4047;19.0145;18.7129;18.6548;18.5821;18.4879;18.189;17.903;17.4824;17.2774;16.9493;16.5903;16.2972;15.9995;15.7901;15.5085;15.1027;14.6773;14.4894;14.1253;13.824;13.3803;13.2708;12.8137;12.5927;12.1813;11.7746;11.3691;10.9959;10.6001;10.4831;10.0764;9.74519;9.31899;9.15219;8.79818;8.65282;8.15282;7.88754;7.49782;7.27595;6.89851;6.76183;6.34229;5.98186;5.75803;5.41296;4.9235;4.56701;4.11057;3.65422;3.50753;3.23682;3.02224;2.77497;2.4487;2.16262;1.70477;1.39947;1","14.9507;14.6018;14.4515;14.8736;14.7655;14.8893;15.1486;15.4278;15.5139;15.8728;16.1934;16.5122;16.8404;17.0114;17.0665;16.9752;17.235;17.3661;17.696;17.7488;18.1059;18.3691;18.1335;17.8422;17.6147;17.6025;17.6894;17.6936;17.6636;17.55;17.5611;17.5676;17.4617;17.4869;17.5984;17.6288;17.6946;17.6111;17.3583;17.1136;17.1042;17.021;17.018;16.9737;16.7983;16.7012;16.4217;16.4323;16.351;16.1439;16.3476;16.5091;16.4983;16.3621;16.2118;16.0511;15.8873;15.7488;15.4451;15.4104;15.2367;15.0475;15.0703;14.9914;15",0.391809
"0.4;0.566667;0.0333333"
23.4839,0.116016,11.742,"21.2074;20.9384;20.6785;20.2976;20.1476;19.8993;20.0052;19.7587;19.4532;18.9745;18.5239;18.189;17.903;17.4824;17.2774;17.0041;16.5903;16.2438;15.9995;15.7901;15.5085;15.1027;14.6542;14.5093;14.1504;13.8042;13.4696;13.0627;12.9214;12.5601;12.1813;11.7746;11.4928;11.0353;10.6001;10.3834;10.0764;9.74519;9.36506;8.91723;8.69993;8.45724;8.17491;7.88754;7.49782;7.27595;6.89851;6.76183;6.34229;5.98186;5.75803;5.41296;4.9235;4.56701;4.11057;3.65422;3.50753;3.23682;3.02224;2.77497;2.4487;2.16262;1.70477;1.39947;1","14.9691;14.8333;14.6018;14.7827;14.8736;15.2284;15.5003;15.8289;16.1692;16.2706;16.193;16.5122;16.8404;17.0114;17.0665;17.2273;17.235;17.5023;17.696;17.7488;18.1059;18.3691;18.5828;18.4935;18.5089;18.3139;18.1737;17.9418;17.9575;17.8017;17.5611;17.5676;17.5459;17.3983;17.5984;17.6844;17.6946;17.6111;17.5218;17.455;17.4621;17.3873;17.037;16.9737;16.7983;16.7012;16.4217;16.4323;16.351;16.1439;16.3476;16.5091;16.4983;16.3621;16.2118;16.0511;15.8873;15.7488;15.4451;15.4104;15.2367;15.0475;15.0703;14.9914;15",0.286547
"0.4;0.6;0"
24.4736,4.00907,2.82529,"20.9591;20.6785;20.3944;19.9996;19.9627;19.5473;19.4516;19.3416;19.0789;18.7412;18.3925;18.1551;17.9572;17.6802;17.4787;17.1113;16.8967;16.6298;16.2975;15.9875;15.6977;15.276;14.8275;14.5972;14.3699;13.9324;13.5096;13.3034;12.9441;12.7312;12.4301;12.0122;11.6316;11.3632;10.9353;10.4613;10.0993;9.61539;9.15539;8.85285;8.5356;8.36876;8.02986;7.57665;7.21892;6.72926;6.26303;5.76806;5.46687;4.96824;4.85751;4.46345;4.07456;4.07286;3.73416;3.42507;3.04787;2.86759;2.54979;2.28326;2.0761;1.81933;1.71485;1.56797;1.40899;1.24828;1","14.9507;14.6018;14.4515;14.2116;14.19;13.9116;13.7602;13.6059;13.3178;13.0373;12.7718;12.6651;12.5111;12.3342;12.2384;12.0989;11.8216;11.665;11.5202;11.2519;11.0101;10.8581;10.8893;10.9118;10.8547;10.6379;10.4536;10.2967;10.1489;9.92006;9.77668;9.75456;9.44777;9.64979;9.89159;9.91842;10.0121;10.0156;9.8962;10.0729;10.1629;10.469;10.7986;10.8417;10.9142;10.8733;11.0138;11.0803;11.056;11.0568;11.0797;11.2221;11.5059;11.7651;11.8912;12.127;12.3553;12.3986;12.4608;12.5846;12.7874;13.1522;13.6412;14.0659;14.3343;14.6596;15",1.61915
"0.433333;0;0.566667"
24.4617,3.73214,2.82517,"20.9591;20.6785;20.3944;19.9996;19.9627;19.5473;19.4516;19.3416;19.0789;18.7412;18.3925;18.1551;17.9572;17.6802;17.4787;17.2056;16.8967;16.6298;16.2975;15.9875;15.6977;15.276;15.0309;14.8989;14.6212;14.2992;13.9088;13.5385;13.4013;13.0134;12.6001;12.1225;11.6888;11.3632;10.9353;10.4613;10.0993;9.61539;9.15539;8.85285;8.5356;8.36876;8.02986;7.57665;7.21892;6.72926;6.26303;5.76806;5.46687;4.96824;4.85751;4.46345;4.07456;4.07286;3.73416;3.42507;3.04787;2.86759;2.54979;2.28326;2.0761;1.81933;1.71485;1.56797;1.40899;1.24828;1","14.9507;14.6018;14.4515;14.2116;14.19;13.9116;13.7602;13.6059;13.3178;13.0373;12.7718;12.6651;12.5111;12.3342;12.2384;11.9222;11.8216;11.665;11.5202;11.2519;11.0101;10.8581;10.6679;10.5293;10.308;10.0782;9.86127;9.59311;9.57898;9.50732;9.46584;9.47014;9.46262;9.64979;9.89159;9.91842;10.0121;10.0156;9.8962;10.0729;10.1629;10.469;10.7986;10.8417;10.9142;10.8733;11.0138;11.0803;11.056;11.0568;11.0797;11.2221;11.5059;11.7651;11.8912;12.127;12.3553;12.3986;12.4608;12.5846;12.7874;13.1522;13.6412;14.0659;14.3343;14.6596;15",1.52385
"0.433333;0.0333333;0.533333"
24.5309,3.58833,3.16436,"20.9591;20.6785;20.3944;19.9996;19.9627;19.5473;19.1872;18.8809;18.521;18.1955;17.8653;17.7023;17.4163;16.9678;16.6035;16.2626;15.9984;15.621;15.4651;15.1442;14.9219;14.5972;14.3699;13.9324;13.5096;13.3034;12.9874;12.8034;12.4301;12.0122;11.6316;11.3632;10.9353;10.5246;10.2068;10.0993;9.61539;9.15539;8.85285;8.5356;8.36876;8.02986;7.57665;7.21892;6.72926;6.26303;5.76806;5.46687;5.07726;4.85751;4.51134;4.07456;4.07286;3.73416;3.42507;3.04787;2.86759;2.54979;2.28326;2.0761;1.81933;1.71485;1.56797;1.40899;1.24828;1","14.9507;14.6018;14.4515;14.2116;14.19;13.9116;13.8195;13.6791;13.5254;13.2368;13.0161;12.8926;12.6695;12.4541;12.1167;11.8776;11.746;11.8071;11.5374;11.2848;11.1481;10.9118;10.8547;10.6379;10.4536;10.2967;10.098;9.8468;9.77668;9.75456;9.44777;9.64979;9.89159;9.83624;10.0436;10.0121;10.0156;9.8962;10.0729;10.1629;10.469;10.7986;10.8417;10.9142;10.8733;11.0138;11.0803;11.056;11.1624;11.0797;11.3556;11.5059;11.7651;11.8912;12.127;12.3553;12.3986;12.4608;12.5846;12.7874;13.1522;13.6412;14.0659;14.3343;14.6596;15",1.5982
"0.433333;0.0666667;0.5"
24.5918,1.11831,2.82647,"20.9591;20.6785;20.3944;19.9996;19.9627;19.5473;19.4516;19.3416;19.0789;18.7412;18.3925;18.1551;17.9572;17.6802;17.4787;17.2056;16.8967;16.6913;16.2626;15.9984;15.621;15.4651;15.1442;14.9219;14.5972;14.3699;13.9324;13.5096;13.3034;12.9874;12.8034;12.4301;12.0122;11.6316;11.3632;10.9919;10.732;10.3657;9.95516;9.48282;9.11935;8.85285;8.5356;8.36876;8.02986;7.57665;7.21892;6.72926;6.26303;5.76806;5.46687;5.07726;4.88621;4.46345;4.07456;4.07286;3.73416;3.42507;3.04787;2.86759;2.54979;2.28326;2.0761;1.81933;1.71485;1.56797;1.40899;1.24828;1","14.9507;14.6018;14.4515;14.2116;14.19;13.9116;13.7602;13.6059;13.3178;13.0373;12.7718;12.6651;12.5111;12.3342;12.2384;11.9222;11.8216;11.9079;11.8776;11.746;11.8071;11.5374;11.2848;11.1481;10.9118;10.8547;10.6379;10.4536;10.2967;10.098;9.8468;9.77668;9.75456;9.44777;9.64979;9.66708;9.62133;9.5653;9.58926;9.74911;9.93758;10.0729;10.1629;10.469;10.7986;10.8417;10.9142;10.8733;11.0138;11.0803;11.056;11.1624;11.1951;11.2221;11.5059;11.7651;11.8912;12.127;12.3553;12.3986;12.4608;12.5846;12.7874;13.1522;13.6412;14.0659;14.3343;14.6596;15",1.33397
"0.433333;0.1;0.466667"
24.5617,0.48251,2.82617,"20.9591;20.6785;20.3944;19.9996;19.9627;19.5473;19.4516;19.3416;19.0789;18.7412;18.3925;18.1551;17.9572;17.6802;17.4787;17.2056;16.8967;16.6298;16.2975;16.0454;15.753;15.4167;15.0111;14.6212;14.2992;13.9088;13.5385;13.4013;13.0134;12.6001;12.1225;11.6888;11.2642;10.8868;10.6965;10.2623;10.1142;9.73931;9.48282;9.12865;8.9036;8.61094;8.20649;7.83069;7.4296;7.2764;6.9552;6.70115;6.44792;6.17447;5.73777;5.46687;5.07726;4.88621;4.46345;4.07456;4.07286;3.73416;3.42507;3.04787;2.86759;2.54979;2.28326;2.0761;1.81933;1.71485;1.56797;1.40899;1.24828;1","14.9507;14.6018;14.4515;14.2116;14.19;13.9116;13.7602;13.6059;13.3178;13.0373;12.7718;12.6651;12.5111;12.3342;12.2384;11.9222;11.8216;11.665;11.5202;11.2134;11.0101;10.7561;10.5586;10.308;10.0782;9.86127;9.59311;9.57898;9.50732;9.46584;9.47014;9.46262;9.24512;9.37474;9.3615;9.20596;9.27326;9.51395;9.74911;9.75982;9.72941;9.75268;9.84639;10.0275;10.1682;10.4394;10.4621;10.5124;10.6387;10.7238;10.8113;11.056;11.1624;11.1951;11.2221;11.5059;11.7651;11.8912;12.127;12.3553;12.3986;12.4608;12.5846;12.7874;13.1522;13.6412;14.0659;14.3343;14.6596;15",1.23856
"0.433333;0.133333;0.433333"
24.5142,0.482484,2.85801,"20.9591;20.6785;20.3944;19.9996;19.9627;19.5473;19.4516;19.3416;19.0789;18.7412;18.3925;18.1551;17.9572;17.6802;17.4787;17.2056;16.8967;16.6298;16.2975;16.0454;15.753;15.4167;15.0111;14.6212;14.2992;13.9088;13.5385;13.4013;13.0134;12.6001;12.1225;11.6888;11.2642;10.8868;10.6965;10.2623;10.1142;9.73931;9.48282;9.12865;8.9036;8.61094;8.20649;7.83069;7.4296;7.2764;6.9552;6.70115;6.44792;6.17447;5.73777;5.46687;5.07726;4.88621;4.46345;4.07456;4.07286;3.73416;3.42507;3.04787;2.60023;2.24964;2.06764;1.74375;1.71485;1.56797;1.40899;1.24828;1","14.9507;14.6018;14.4515;14.2116;14.19;13.9116;13.7602;13.6059;13.3178;13.0373;12.7718;12.6651;12.5111;12.3342;12.2384;11.9222;11.8216;11.665;11.5202;11.2134;11.0101;10.7561;10.5586;10.308;10.0782;9.86127;9.59311;9.57898;9.50732;9.46584;9.47014;9.46262;9.24512;9.37474;9.3615;9.20596;9.27326;9.51395;9.74911;9.75982;9.72941;9.75268;9.84639;10.0275;10.1682;10.4394;10.4621;10.5124;10.6387;10.7238;10.8113;11.056;11.1624;11.1951;11.2221;11.5059;11.7651;11.8912;12.127;12.3553;12.4433;12.7808;12.9997;13.3722;13.6412;14.0659;14.3343;14.6596;15",1.15602
"0.433333;0.166667;0.4"
24.5148,0.482241,2.85802,"20.9591;20.6785;20.3944;19.9996;19.9627;19.5473;19.4516;19.3416;19.0789;18.7412;18.3925;18.1551;17.9572;17.6802;17.4787;17.2056;16.8967;16.5868;16.2133;16.0454;15.753;15.4167;15.0111;14.6212;14.2992;13.9088;13.5385;13.4013;13.0134;12.6001;12.1225;11.6888;11.2642;10.8868;10.6965;10.2623;10.1142;9.73931;9.48282;9.12865;8.9036;8.61094;8.20649;7.83069;7.4296;7.2764;6.9552;6.70115;6.44792;6.17447;5.73777;5.46687;5.07726;4.88621;4.46345;4.07456;4.07286;3.73416;3.42507;3.04787;2.60023;2.24964;2.06764;1.74375;1.71485;1.56797;1.40899;1.24828;1","14.9507;14.6018;14.4515;14.2116;14.19;13.9116;13.7602;13.6059;13.3178;13.0373;12.7718;12.6651;12.5111;12.3342;12.2384;11.9222;11.8216;11.5035;11.368;11.2134;11.0101;10.7561;10.5586;10.308;10.0782;9.86127;9.59311;9.57898;9.50732;9.46584;9.47014;9.46262;9.24512;9.37474;9.3615;9.20596;9.27326;9.51395;9.74911;9.75982;9.72941;9.75268;9.84639;10.0275;10.1682;10.4394;10.4621;10.5124;10.6387;10.7238;10.8113;11.056;11.1624;11.1951;11.2221;11.5059;11.7651;11.8912;12.127;12.3553;12.4433;12.7808;12.9997;13.3722;13.6412;14.0659;14.3343;14.6596;15",1.05969
"0.433333;0.2;0.366667"
24.443,0.486785,3.09695,"20.9591;20.6785;20.3944;19.9996;19.9627;19.5473;19.4516;19.3416;19.0789;18.7412;18.3925;18.1551;17.9572;17.6802;17.4787;17.2056;16.8967;16.5868;16.2133;16.0454;15.753;15.4167;15.0111;14.6212;14.2992;13.9088;13.5385;13.4013;13.0134;12.6001;12.1225;11.6888;11.2642;10.8868;10.6965;10.2623;10.1142;9.73931;9.48282;9.12865;8.9036;8.61094;8.20649;7.83069;7.4296;7.2764;6.87612;6.39606;5.96471;5.56777;5.22445;5.01231;4.87399;4.42507;4.17899;3.74448;3.3286;2.94597;2.60995;2.52948;2.3699;2.18265;2.07308;1.87497;1.69089;1.27364;1","14.9507;14.6018;14.4515;14.2116;14.19;13.9116;13.7602;13.6059;13.3178;13.0373;12.7718;12.6651;12.5111;12.3342;12.2384;11.9222;11.8216;11.5035;11.368;11.2134;11.0101;10.7561;10.5586;10.308;10.0782;9.86127;9.59311;9.57898;9.50732;9.46584;9.47014;9.46262;9.24512;9.37474;9.3615;9.20596;9.27326;9.51395;9.74911;9.75982;9.72941;9.75268;9.84639;10.0275;10.1682;10.4394;10.7052;10.7781;11.0031;11.2974;11.5544;11.8388;12.2744;12.4542;12.7297;12.625;12.6678;12.8185;13.0846;13.4745;13.7086;13.8659;14.135;14.4526;14.6408;14.8808;15",1.043
"0.433333;0.233333;0.333333"
24.3232,0.735255,3.09575,"20.9591;20.6785;20.3944;19.9996;19.9627;19.5473;19.4516;19.3416;19.0789;18.7412;18.3925;18.1551;17.9572;17.6802;17.4787;17.2056;16.8967;16.6298;16.4485;16.0712;15.9925;15.7336;15.4167;15.0111;14.6212;14.2992;13.9088;13.5385;13.4013;13.0134;12.6001;12.1225;11.6888;11.3632;10.9919;10.732;10.3657;9.92571;9.5858;9.12865;8.9036;8.61094;8.20649;7.83069;7.4296;7.2764;6.87612;6.39606;5.96471;5.56777;5.22445;5.01231;4.87399;4.42507;4.17899;3.74448;3.3286;2.94597;2.60995;2.52948;2.3699;2.18265;2.07308;1.87497;1.69089;1.27364;1","14.9507;14.6018;14.4515;14.2116;14.19;13.9116;13.7602;13.6059;13.3178;13.0373;12.7718;12.6651;12.5111;12.3342;12.2384;11.9222;11.8216;11.665;11.3447;11.1964;11.124;10.9509;10.7561;10.5586;10.308;10.0782;9.86127;9.59311;9.57898;9.50732;9.46584;9.47014;9.46262;9.64979;9.66708;9.62133;9.5653;9.50118;9.72689;9.75982;9.72941;9.75268;9.84639;10.0275;10.1682;10.4394;10.7052;10.7781;11.0031;11.2974;11.5544;11.8388;12.2744;12.4542;12.7297;12.625;12.6678;12.8185;13.0846;13.4745;13.7086;13.8659;14.135;14.4526;14.6408;14.8808;15",0.938337
"0.433333;0.266667;0.3"
24.443,0.486785,3.09695,"20.9591;20.6785;20.3944;19.9996;19.9627;19.5473;19.4516;19.3416;19.0789;18.7412;18.3925;18.1551;17.9572;17.6802;17.4787;17.2056;16.8967;16.5868;16.2133;16.0454;15.753;15.4167;15.0111;14.6212;14.2992;13.9088;13.5385;13.4013;13.0134;12.6001;12.1225;11.6888;11.2642;10.8868;10.6965;10.2623;10.1142;9.73931;9.48282;9.12865;8.9036;8.61094;8.20649;7.83069;7.4296;7.2764;6.87612;6.39606;5.96471;5.56777;5.22445;5.01231;4.87399;4.42507;4.17899;3.74448;3.3286;2.94597;2.60995;2.52948;2.3699;2.18265;2.07308;1.87497;1.69089;1.27364;1","14.9507;14.6018;14.4515;14.2116;14.19;13.9116;13.7602;13.6059;13.3178;13.0373;12.7718;12.6651;12.5111;12.3342;12.2384;11.9222;11.8216;11.5035;11.368;11.2134;11.0101;10.7561;10.5586;10.308;10.0782;9.86127;9.59311;9.57898;9.50732;9.46584;9.47014;9.46262;9.24512;9.37474;9.3615;9.20596;9.27326;9.51395;9.74911;9.75982;9.72941;9.75268;9.84639;10.0275;10.1682;10.4394;10.7052;10.7781;11.0031;11.2974;11.5544;11.8388;12.2744;12.4542;12.7297;12.625;12.6678;12.8185;13.0846;13.4745;13.7086;13.8659;14.135;14.4526;14.6408;14.8808;15",0.834397
"0.433333;0.3;0.266667"
24.584,0.660658,3.09836,"20.9591;20.6785;20.3944;19.9996;19.9627;19.5473;19.4516;19.3416;19.0789;18.7412;18.3925;18.1551;17.9572;17.6802;17.4787;17.2056;16.8967;16.5868;16.2133;16.0454;15.753;15.4167;15.0111;14.6212;14.2992;13.9088;13.5385;13.4013;13.0134;12.767;12.3565;12.1225;11.6888;11.3632;10.9424;10.732;10.3657;9.92571;9.73931;9.48282;9.12865;8.9036;8.61094;8.20649;7.83069;7.4296;7.2764;6.87612;6.39606;5.96471;5.56777;5.22445;5.01231;4.87399;4.42507;4.17899;3.74448;3.3286;2.94597;2.60995;2.52948;2.3699;2.18265;2.07308;1.87497;1.69089;1.27364;1","14.9507;14.6018;14.4515;14.2116;14.19;13.9116;13.7602;13.6059;13.3178;13.0373;12.7718;12.6651;12.5111;12.3342;12.2384;11.9222;11.8216;11.5035;11.368;11.2134;11.0101;10.7561;10.5586;10.308;10.0782;9.86127;9.59311;9.57898;9.50732;9.32329;9.50146;9.47014;9.46262;9.64979;9.39456;9.62133;9.5653;9.50118;9.51395;9.74911;9.75982;9.72941;9.75268;9.84639;10.0275;10.1682;10.4394;10.7052;10.7781;11.0031;11.2974;11.5544;11.8388;12.2744;12.4542;12.7297;12.625;12.6678;12.8185;13.0846;13.4745;13.7086;13.8659;14.135;14.4526;14.6408;14.8808;15",0.730426
"0.433333;0.333333;0.233333"
24.5992,0.484606,3.06084,"20.9591;20.6785;20.3944;19.9996;19.9627;19.5473;19.4516;19.3416;19.0789;18.7852;18.3925;18.1551;17.9572;17.6802;17.4787;17.2056;16.8967;16.5868;16.2133;16.0454;15.7336;15.276;15.0309;14.8989;14.6212;14.2992;13.9088;13.5385;13.4013;13.135;12.767;12.4307;12.1225;11.6888;11.2642;10.8868;10.6965;10.2623;10.1142;9.73931;9.48282;9.12865;8.9036;8.61094;8.20649;7.83069;7.4296;7.2764;6.87612;6.39606;5.96471;5.56777;5.22445;5.01231;4.87399;4.42507;4.17899;3.74448;3.3286;2.94597;2.60995;2.52948;2.3699;2.18265;2.07308;1.87497;1.69089;1.27364;1","14.9507;14.6018;14.4515;14.2116;14.19;13.9116;13.7602;13.6059;13.3178;12.9844;12.7718;12.6651;12.5111;12.3342;12.2384;11.9222;11.8216;11.5035;11.368;11.2134;10.9509;10.8581;10.6679;10.5293;10.308;10.0782;9.86127;9.59311;9.57898;9.35077;9.32329;9.45961;9.47014;9.46262;9.24512;9.37474;9.3615;9.20596;9.27326;9.51395;9.74911;9.75982;9.72941;9.75268;9.84639;10.0275;10.1682;10.4394;10.7052;10.7781;11.0031;11.2974;11.5544;11.8388;12.2744;12.4542;12.7297;12.625;12.6678;12.8185;13.0846;13.4745;13.7086;13.8659;14.135;14.4526;14.6408;14.8808;15",0.618577
"0.433333;0.366667;0.2"
24.5856,0.484597,3.09837,"20.9591;20.6785;20.3944;19.9996;19.9627;19.5473;19.4516;19.3416;19.0789;18.7412;18.3925;18.1551;17.9572;17.6802;17.4787;17.2056;16.8967;16.5868;16.2133;16.0454;15.7336;15.276;15.0309;14.8989;14.6212;14.2992;13.9088;13.5385;13.4013;13.135;12.767;12.4307;12.1225;11.6888;11.2642;10.8868;10.6965;10.2623;10.1142;9.73931;9.48282;9.12865;8.9036;8.61094;8.20649;7.83069;7.4296;7.2764;6.87612;6.39606;5.96471;5.56777;5.22445;5.01231;4.87399;4.42507;4.17899;3.74448;3.3286;2.94597;2.60995;2.52948;2.3699;2.18265;2.07308;1.87497;1.69089;1.27364;1","14.9507;14.6018;14.4515;14.2116;14.19;13.9116;13.7602;13.6059;13.3178;13.0373;12.7718;12.6651;12.5111;12.3342;12.2384;11.9222;11.8216;11.5035;11.368;11.2134;10.9509;10.8581;10.6679;10.5293;10.308;10.0782;9.86127;9.59311;9.57898;9.35077;9.32329;9.45961;9.47014;9.46262;9.24512;9.37474;9.3615;9.20596;9.27326;9.51395;9.74911;9.75982;9.72941;9.75268;9.84639;10.0275;10.1682;10.4394;10.7052;10.7781;11.0031;11.2974;11.5544;11.8388;12.2744;12.4542;12.7297;12.625;12.6678;12.8185;13.0846;13.4745;13.7086;13.8659;14.135;14.4526;14.6408;14.8808;15",0.521736
"0.433333;0.4;0.166667"
23.5534,0.12458,11.7767,"20.9591;20.6785;20.3944;20.1476;19.8993;20.0052;19.7587;19.5012;19.2453;19.2116;18.9722;18.5147;18.2323;17.8616;17.5784;17.0997;16.9526;16.4847;16.1745;15.9638;15.5085;15.1027;14.6773;14.4894;14.1253;13.824;13.3803;13.2708;12.8137;12.5927;12.1813;11.7746;11.3691;10.9959;10.6001;10.4831;10.0764;9.74519;9.31899;9.15219;8.79818;8.65282;8.15282;7.88754;7.49782;7.27595;6.89851;6.76183;6.34229;5.98186;5.75803;5.41296;4.9235;4.56701;4.11057;3.65422;3.50753;3.23682;3.02224;2.77497;2.4487;2.16262;1.70477;1.39947;1","14.9507;14.6018;14.4515;14.8736;15.2284;15.5003;15.8289;16.1702;16.5342;16.7104;16.8419;16.9234;17.1119;17.3614;17.6514;17.7532;17.6927;17.72;17.968;17.9367;18.1059;18.3691;18.1335;17.8422;17.6147;17.6025;17.6894;17.6936;17.6636;17.55;17.5611;17.5676;17.4617;17.4869;17.5984;17.6288;17.6946;17.6111;17.3583;17.1136;17.1042;17.021;17.018;16.9737;16.7983;16.7012;16.4217;16.4323;16.351;16.1439;16.3476;16.5091;16.4983;16.3621;16.2118;16.0511;15.8873;15.7488;15.4451;15.4104;15.2367;15.0475;15.0703;14.9914;15",1.5745
"0.433333;0.433333;0.133333"
23.4445,0.126482,11.7222,"20.9591;20.6785;20.3944;20.1476;19.8503;19.4047;19.0145;18.7129;18.6548;18.5821;18.4879;18.189;17.903;17.4824;17.2774;16.9493;16.5903;16.2972;15.9995;15.7901;15.5085;15.1027;14.6773;14.4894;14.1253;13.824;13.3803;13.2708;12.8137;12.5927;12.1813;11.7746;11.3691;10.9959;10.6001;10.4831;10.0764;9.74519;9.31899;9.15219;8.79818;8.65282;8.15282;7.88754;7.49782;7.27595;6.89851;6.76183;6.34229;5.98186;5.75803;5.41296;4.9235;4.56701;4.11057;3.65422;3.50753;3.23682;3.02224;2.77497;2.4487;2.16262;1.70477;1.39947;1","14.9507;14.6018;14.4515;14.8736;14.7655;14.8893;15.1486;15.4278;15.5139;15.8728;16.1934;16.5122;16.8404;17.0114;17.0665;16.9752;17.235;17.3661;17.696;17.7488;18.1059;18.3691;18.1335;17.8422;17.6147;17.6025;17.6894;17.6936;17.6636;17.55;17.5611;17.5676;17.4617;17.4869;17.5984;17.6288;17.6946;17.6111;17.3583;17.1136;17.1042;17.021;17.018;16.9737;16.7983;16.7012;16.4217;16.4323;16.351;16.1439;16.3476;16.5091;16.4983;16.3621;16.2118;16.0511;15.8873;15.7488;15.4451;15.4104;15.2367;15.0475;15.0703;14.9914;15",1.17543
"0.433333;0.466667;0.1"
23.4445,0.126482,11.7222,"20.9591;20.6785;20.3944;20.1476;19.8503;19.4047;19.0145;18.7129;18.6548;18.5821;18.4879;18.189;17.903;17.4824;17.2774;16.9493;16.5903;16.2972;15.9995;15.7901;15.5085;15.1027;14.6773;14.4894;14.1253;13.824;13.3803;13.2708;12.8137;12.5927;12.1813;11.7746;11.3691;10.9959;10.6001;10.4831;10.0764;9.74519;9.31899;9.15219;8.79818;8.65282;8.15282;7.88754;7.49782;7.27595;6.89851;6.76183;6.34229;5.98186;5.75803;5.41296;4.9235;4.56701;4.11057;3.65422;3.50753;3.23682;3.02224;2.77497;2.4487;2.16262;1.70477;1.39947;1","14.9507;14.6018;14.4515;14.8736;14.7655;14.8893;15.1486;15.4278;15.5139;15.8728;16.1934;16.5122;16.8404;17.0114;17.0665;16.9752;17.235;17.3661;17.696;17.7488;18.1059;18.3691;18.1335;17.8422;17.6147;17.6025;17.6894;17.6936;17.6636;17.55;17.5611;17.5676;17.4617;17.4869;17.5984;17.6288;17.6946;17.6111;17.3583;17.1136;17.1042;17.021;17.018;16.9737;16.7983;16.7012;16.4217;16.4323;16.351;16.1439;16.3476;16.5091;16.4983;16.3621;16.2118;16.0511;15.8873;15.7488;15.4451;15.4104;15.2367;15.0475;15.0703;14.9914;15",0.783618
"0.433333;0.5;0.0666667"
23.4445,0.126482,11.7222,"20.9591;20.6785;20.3944;20.1476;19.8503;19.4047;19.0145;18.7129;18.6548;18.5821;18.4879;18.189;17.903;17.4824;17.2774;16.9493;16.5903;16.2972;15.9995;15.7901;15.5085;15.1027;14.6773;14.4894;14.1253;13.824;13.3803;13.2708;12.8137;12.5927;12.1813;11.7746;11.3691;10.9959;10.6001;10.4831;10.0764;9.74519;9.31899;9.15219;8.79818;8.65282;8.15282;7.88754;7.49782;7.27595;6.89851;6.76183;6.34229;5.98186;5.75803;5.41296;4.9235;4.56701;4.11057;3.65422;3.50753;3.23682;3.02224;2.77497;2.4487;2.16262;1.70477;1.39947;1","14.9507;14.6018;14.4515;14.8736;14.7655;14.8893;15.1486;15.4278;15.5139;15.8728;16.1934;16.5122;16.8404;17.0114;17.0665;16.9752;17.235;17.3661;17.696;17.7488;18.1059;18.3691;18.1335;17.8422;17.6147;17.6025;17.6894;17.6936;17.6636;17.55;17.5611;17.5676;17.4617;17.4869;17.5984;17.6288;17.6946;17.6111;17.3583;17.1136;17.1042;17.021;17.018;16.9737;16.7983;16.7012;16.4217;16.4323;16.351;16.1439;16.3476;16.5091;16.4983;16.3621;16.2118;16.0511;15.8873;15.7488;15.4451;15.4104;15.2367;15.0475;15.0703;14.9914;15",0.391809
"0.433333;0.533333;0.0333333"
23.6973,0.116222,11.8486,"21.2074;20.9384;20.6785;20.3944;20.1476;19.8993;20.0052;19.7587;19.4532;18.9745;18.5239;18.189;17.903;17.4824;17.2774;17.0041;16.5903;16.2438;15.9995;15.7901;15.5085;15.1027;14.6542;14.5093;14.1504;13.8042;13.4696;13.0627;12.9214;12.5601;12.1813;11.7746;11.4928;11.0353;10.6001;10.3834;10.0764;9.74519;9.36506;8.91723;8.69993;8.45724;8.17491;7.88754;7.49782;7.27595;6.89851;6.76183;6.34229;5.98186;5.75803;5.41296;4.9235;4.56701;4.11057;3.65422;3.50753;3.23682;3.02224;2.77497;2.4487;2.16262;1.70477;1.39947;1","14.9691;14.8333;14.6018;14.4515;14.8736;15.2284;15.5003;15.8289;16.1692;16.2706;16.193;16.5122;16.8404;17.0114;17.0665;17.2273;17.235;17.5023;17.696;17.7488;18.1059;18.3691;18.5828;18.4935;18.5089;18.3139;18.1737;17.9418;17.9575;17.8017;17.5611;17.5676;17.5459;17.3983;17.5984;17.6844;17.6946;17.6111;17.5218;17.455;17.4621;17.3873;17.037;16.9737;16.7983;16.7012;16.4217;16.4323;16.351;16.1439;16.3476;16.5091;16.4983;16.3621;16.2118;16.0511;15.8873;15.7488;15.4451;15.4104;15.2367;15.0475;15.0703;14.9914;15",0.217987
"0.433333;0.566667;0"
24.5047,4.00928,2.8256,"20.9591;20.6785;20.3944;19.9996;19.9627;19.5473;19.4516;19.3416;19.0789;18.7412;18.3925;18.1551;17.9572;17.6802;17.4787;17.1113;16.8967;16.6298;16.2975;15.9875;15.6977;15.276;14.8275;14.5972;14.3699;13.9324;13.5096;13.3034;12.9441;12.7312;12.4301;12.0122;11.6316;11.3632;10.9353;10.4613;10.0993;9.61539;9.15539;8.85285;8.5356;8.36876;8.02986;7.57665;7.21892;6.72926;6.26303;5.76806;5.46687;5.07726;4.85751;4.51134;4.07456;4.07286;3.73416;3.42507;3.04787;2.86759;2.54979;2.28326;2.0761;1.81933;1.71485;1.56797;1.40899;1.24828;1","14.9507;14.6018;14.4515;14.2116;14.19;13.9116;13.7602;13.6059;13.3178;13.0373;12.7718;12.6651;12.5111;12.3342;12.2384;12.0989;11.8216;11.665;11.5202;11.2519;11.0101;10.8581;10.8893;10.9118;10.8547;10.6379;10.4536;10.2967;10.1489;9.92006;9.77668;9.75456;9.44777;9.64979;9.89159;9.91842;10.0121;10.0156;9.8962;10.0729;10.1629;10.469;10.7986;10.8417;10.9142;10.8733;11.0138;11.0803;11.056;11.1624;11.0797;11.3556;11.5059;11.7651;11.8912;12.127;12.3553;12.3986;12.4608;12.5846;12.7874;13.1522;13.6412;14.0659;14.3343;14.6596;15",1.52407
"0.466667;0;0.533333"
24.4642,4.00911,2.8252,"20.9591;20.6785;20.3944;19.9996;19.9627;19.5473;19.4516;19.3416;19.0789;18.7412;18.3925;18.1551;17.9572;17.6802;17.4787;17.1113;16.8967;16.6298;16.2975;15.9875;15.6977;15.276;14.8275;14.5972;14.3699;13.9324;13.5096;13.3034;12.9441;12.7312;12.4301;12.0122;11.6316;11.3632;10.9353;10.4613;10.0993;9.61539;9.15539;8.85285;8.5356;8.36876;8.02986;7.57665;7.21892;6.72926;6.26303;5.76806;5.46687;5.07726;4.88621;4.46345;4.07456;4.07286;3.73416;3.42507;3.04787;2.86759;2.54979;2.28326;2.0761;1.81933;1.71485;1.56797;1.40899;1.24828;1","14.9507;14.6018;14.4515;14.2116;14.19;13.9116;13.7602;13.6059;13.3178;13.0373;12.7718;12.6651;12.5111;12.3342;12.2384;12.0989;11.8216;11.665;11.5202;11.2519;11.0101;10.8581;10.8893;10.9118;10.8547;10.6379;10.4536;10.2967;10.1489;9.92006;9.77668;9.75456;9.44777;9.64979;9.89159;9.91842;10.0121;10.0156;9.8962;10.0729;10.1629;10.469;10.7986;10.8417;10.9142;10.8733;11.0138;11.0803;11.056;11.1624;11.1951;11.2221;11.5059;11.7651;11.8912;12.127;12.3553;12.3986;12.4608;12.5846;12.7874;13.1522;13.6412;14.0659;14.3343;14.6596;15",1.42862
"0.466667;0.0333333;0.5"
24.353,1.00427,3.16258,"20.9591;20.6785;20.3944;19.9996;19.9627;19.5473;19.1872;18.8809;18.521;18.1955;17.8653;17.7023;17.4163;16.9678;16.6035;16.2626;15.9984;15.621;15.4651;15.1442;14.9219;14.5972;14.3699;13.9324;13.5096;13.3034;12.9874;12.8034;12.4301;12.0122;11.6316;11.3632;10.9919;10.732;10.3657;9.95516;9.48282;9.12865;8.9036;8.61094;8.20649;7.83069;7.4296;7.2764;6.9552;6.70115;6.44792;6.17447;5.73777;5.46687;5.07726;4.88621;4.46345;4.07456;4.07286;3.73416;3.42507;3.04787;2.86759;2.54979;2.28326;2.0761;1.81933;1.71485;1.56797;1.40899;1.24828;1","14.9507;14.6018;14.4515;14.2116;14.19;13.9116;13.8195;13.6791;13.5254;13.2368;13.0161;12.8926;12.6695;12.4541;12.1167;11.8776;11.746;11.8071;11.5374;11.2848;11.1481;10.9118;10.8547;10.6379;10.4536;10.2967;10.098;9.8468;9.77668;9.75456;9.44777;9.64979;9.66708;9.62133;9.5653;9.58926;9.74911;9.75982;9.72941;9.75268;9.84639;10.0275;10.1682;10.4394;10.4621;10.5124;10.6387;10.7238;10.8113;11.056;11.1624;11.1951;11.2221;11.5059;11.7651;11.8912;12.127;12.3553;12.3986;12.4608;12.5846;12.7874;13.1522;13.6412;14.0659;14.3343;14.6596;15",1.49083
"0.466667;0.0666667;0.466667"
24.3216,0.742354,2.85609,"20.9591;20.6785;20.3944;19.9996;19.9627;19.5473;19.4516;19.3416;19.0789;18.7412;18.3925;18.1551;17.9572;17.6802;17.4787;17.2056;16.8967;16.6298;16.2975;16.0454;15.753;15.4167;15.0111;14.6212;14.2992;13.9088;13.5385;13.4013;13.0134;12.6001;12.1225;11.6888;11.3632;10.9919;10.732;10.3657;9.95516;9.48282;9.12865;8.9036;8.61094;8.20649;7.83069;7.4296;7.2764;6.9552;6.70115;6.44792;6.17447;5.73777;5.46687;5.07726;4.88621;4.46345;4.07456;4.07286;3.73416;3.42507;3.04787;2.60023;2.24964;2.06764;1.74375;1.71485;1.56797;1.40899;1.24828;1","14.9507;14.6018;14.4515;14.2116;14.19;13.9116;13.7602;13.6059;13.3178;13.0373;12.7718;12.6651;12.5111;12.3342;12.2384;11.9222;11.8216;11.665;11.5202;11.2134;11.0101;10.7561;10.5586;10.308;10.0782;9.86127;9.59311;9.57898;9.50732;9.46584;9.47014;9.46262;9.64979;9.66708;9.62133;9.5653;9.58926;9.74911;9.75982;9.72941;9.75268;9.84639;10.0275;10.1682;10.4394;10.4621;10.5124;10.6387;10.7238;10.8113;11.056;11.1624;11.1951;11.2221;11.5059;11.7651;11.8912;12.127;12.3553;12.4433;12.7808;12.9997;13.3722;13.6412;14.0659;14.3343;14.6596;15",1.25152
"0.466667;0.1;0.433333"
24.3216,0.742354,2.85609,"20.9591;20.6785;20.3944;19.9996;19.9627;19.5473;19.4516;19.3416;19.0789;18.7412;18.3925;18.1551;17.9572;17.6802;17.4787;17.2056;16.8967;16.6298;16.2975;16.0454;15.753;15.4167;15.0111;14.6212;14.2992;13.9088;13.5385;13.4013;13.0134;12.6001;12.1225;11.6888;11.3632;10.9919;10.732;10.3657;9.95516;9.48282;9.12865;8.9036;8.61094;8.20649;7.83069;7.4296;7.2764;6.9552;6.70115;6.44792;6.17447;5.73777;5.46687;5.07726;4.88621;4.46345;4.07456;4.07286;3.73416;3.42507;3.04787;2.60023;2.24964;2.06764;1.74375;1.71485;1.56797;1.40899;1.24828;1","14.9507;14.6018;14.4515;14.2116;14.19;13.9116;13.7602;13.6059;13.3178;13.0373;12.7718;12.6651;12.5111;12.3342;12.2384;11.9222;11.8216;11.665;11.5202;11.2134;11.0101;10.7561;10.5586;10.308;10.0782;9.86127;9.59311;9.57898;9.50732;9.46584;9.47014;9.46262;9.64979;9.66708;9.62133;9.5653;9.58926;9.74911;9.75982;9.72941;9.75268;9.84639;10.0275;10.1682;10.4394;10.4621;10.5124;10.6387;10.7238;10.8113;11.056;11.1624;11.1951;11.2221;11.5059;11.7651;11.8912;12.127;12.3553;12.4433;12.7808;12.9997;13.3722;13.6412;14.0659;14.3343;14.6596;15",1.15525
"0.466667;0.133333;0.4"
24.4424,0.487027,3.09694,"20.9591;20.6785;20.3944;19.9996;19.9627;19.5473;19.4516;19.3416;19.0789;18.7412;18.3925;18.1551;17.9572;17.6802;17.4787;17.2056;16.8967;16.6298;16.2975;16.0454;15.753;15.4167;15.0111;14.6212;14.2992;13.9088;13.5385;13.4013;13.0134;12.6001;12.1225;11.6888;11.2642;10.8868;10.6965;10.2623;10.1142;9.73931;9.48282;9.12865;8.9036;8.61094;8.20649;7.83069;7.4296;7.2764;6.87612;6.39606;5.96471;5.56777;5.22445;5.01231;4.87399;4.42507;4.17899;3.74448;3.3286;2.94597;2.60995;2.52948;2.3699;2.18265;2.07308;1.87497;1.69089;1.27364;1","14.9507;14.6018;14.4515;14.2116;14.19;13.9116;13.7602;13.6059;13.3178;13.0373;12.7718;12.6651;12.5111;12.3342;12.2384;11.9222;11.8216;11.665;11.5202;11.2134;11.0101;10.7561;10.5586;10.308;10.0782;9.86127;9.59311;9.57898;9.50732;9.46584;9.47014;9.46262;9.24512;9.37474;9.3615;9.20596;9.27326;9.51395;9.74911;9.75982;9.72941;9.75268;9.84639;10.0275;10.1682;10.4394;10.7052;10.7781;11.0031;11.2974;11.5544;11.8388;12.2744;12.4542;12.7297;12.625;12.6678;12.8185;13.0846;13.4745;13.7086;13.8659;14.135;14.4526;14.6408;14.8808;15",1.14729
"0.466667;0.166667;0.366667"
24.4424,0.487027,3.09694,"20.9591;20.6785;20.3944;19.9996;19.9627;19.5473;19.4516;19.3416;19.0789;18.7412;18.3925;18.1551;17.9572;17.6802;17.4787;17.2056;16.8967;16.6298;16.2975;16.0454;15.753;15.4167;15.0111;14.6212;14.2992;13.9088;13.5385;13.4013;13.0134;12.6001;12.1225;11.6888;11.2642;10.8868;10.6965;10.2623;10.1142;9.73931;9.48282;9.12865;8.9036;8.61094;8.20649;7.83069;7.4296;7.2764;6.87612;6.39606;5.96471;5.56777;5.22445;5.01231;4.87399;4.42507;4.17899;3.74448;3.3286;2.94597;2.60995;2.52948;2.3699;2.18265;2.07308;1.87497;1.69089;1.27364;1","14.9507;14.6018;14.4515;14.2116;14.19;13.9116;13.7602;13.6059;13.3178;13.0373;12.7718;12.6651;12.5111;12.3342;12.2384;11.9222;11.8216;11.665;11.5202;11.2134;11.0101;10.7561;10.5586;10.308;10.0782;9.86127;9.59311;9.57898;9.50732;9.46584;9.47014;9.46262;9.24512;9.37474;9.3615;9.20596;9.27326;9.51395;9.74911;9.75982;9.72941;9.75268;9.84639;10.0275;10.1682;10.4394;10.7052;10.7781;11.0031;11.2974;11.5544;11.8388;12.2744;12.4542;12.7297;12.625;12.6678;12.8185;13.0846;13.4745;13.7086;13.8659;14.135;14.4526;14.6408;14.8808;15",1.04299
"0.466667;0.2;0.333333"
24.3223,0.735257,3.09574,"20.9591;20.6785;20.3944;19.9996;19.9627;19.5473;19.4516;19.3416;19.0789;18.7412;18.3925;18.1551;17.9572;17.6802;17.4787;17.2056;16.8967;16.6298;16.4485;16.0712;15.7336;15.4167;15.0111;14.6212;14.2992;13.9088;13.5385;13.4013;13.0134;12.6001;12.1225;11.6888;11.3632;10.9919;10.732;10.3657;9.92571;9.5858;9.12865;8.9036;8.61094;8.20649;7.83069;7.4296;7.2764;6.87612;6.39606;5.96471;5.56777;5.22445;5.01231;4.87399;4.42507;4.17899;3.74448;3.3286;2.94597;2.60995;2.52948;2.3699;2.18265;2.07308;1.87497;1.69089;1.27364;1","14.9507;14.6018;14.4515;14.2116;14.19;13.9116;13.7602;13.6059;13.3178;13.0373;12.7718;12.6651;12.5111;12.3342;12.2384;11.9222;11.8216;11.665;11.3447;11.1964;10.9509;10.7561;10.5586;10.308;10.0782;9.86127;9.59311;9.57898;9.50732;9.46584;9.47014;9.46262;9.64979;9.66708;9.62133;9.5653;9.50118;9.72689;9.75982;9.72941;9.75268;9.84639;10.0275;10.1682;10.4394;10.7052;10.7781;11.0031;11.2974;11.5544;11.8388;12.2744;12.4542;12.7297;12.625;12.6678;12.8185;13.0846;13.4745;13.7086;13.8659;14.135;14.4526;14.6408;14.8808;15",0.938334
"0.466667;0.233333;0.3"
24.443,0.486785,3.09695,"20.9591;20.6785;20.3944;19.9996;19.9627;19.5473;19.4516;19.3416;19.0789;18.7412;18.3925;18.1551;17.9572;17.6802;17.4787;17.2056;16.8967;16.5868;16.2133;16.0454;15.753;15.4167;15.0111;14.6212;14.2992;13.9088;13.5385;13.4013;13.0134;12.6001;12.1225;11.6888;11.2642;10.8868;10.6965;10.2623;10.1142;9.73931;9.48282;9.12865;8.9036;8.61094;8.20649;7.83069;7.4296;7.2764;6.87612;6.39606;5.96471;5.56777;5.22445;5.01231;4.87399;4.42507;4.17899;3.74448;3.3286;2.94597;2.60995;2.52948;2.3699;2.18265;2.07308;1.87497;1.69089;1.27364;1","14.9507;14.6018;14.4515;14.2116;14.19;13.9116;13.7602;13.6059;13.3178;13.0373;12.7718;12.6651;12.5111;12.3342;12.2384;11.9222;11.8216;11.5035;11.368;11.2134;11.0101;10.7561;10.5586;10.308;10.0782;9.86127;9.59311;9.57898;9.50732;9.46584;9.47014;9.46262;9.24512;9.37474;9.3615;9.20596;9.27326;9.51395;9.74911;9.75982;9.72941;9.75268;9.84639;10.0275;10.1682;10.4394;10.7052;10.7781;11.0031;11.2974;11.5544;11.8388;12.2744;12.4542;12.7297;12.625;12.6678;12.8185;13.0846;13.4745;13.7086;13.8659;14.135;14.4526;14.6408;14.8808;15",0.834397
"0.466667;0.266667;0.266667"
24.3527,0.74455,3.09604,"20.9591;20.6785;20.3944;19.9996;19.9627;19.5473;19.4516;19.3416;19.0789;18.7412;18.3925;18.1551;17.9572;17.6802;17.4787;17.2056;16.8967;16.5868;16.2133;16.0454;15.7336;15.276;15.0309;14.8989;14.6212;14.2992;13.9088;13.5385;13.1278;12.767;12.4307;12.1225;11.6888;11.3632;10.9919;10.732;10.3657;9.95516;9.48282;9.12865;8.9036;8.61094;8.20649;7.83069;7.4296;7.2764;6.87612;6.39606;5.96471;5.56777;5.22445;5.01231;4.87399;4.42507;4.17899;3.74448;3.3286;2.94597;2.60995;2.52948;2.3699;2.18265;2.07308;1.87497;1.69089;1.27364;1","14.9507;14.6018;14.4515;14.2116;14.19;13.9116;13.7602;13.6059;13.3178;13.0373;12.7718;12.6651;12.5111;12.3342;12.2384;11.9222;11.8216;11.5035;11.368;11.2134;10.9509;10.8581;10.6679;10.5293;10.308;10.0782;9.86127;9.59311;9.44479;9.32329;9.45961;9.47014;9.46262;9.64979;9.66708;9.62133;9.5653;9.58926;9.74911;9.75982;9.72941;9.75268;9.84639;10.0275;10.1682;10.4394;10.7052;10.7781;11.0031;11.2974;11.5544;11.8388;12.2744;12.4542;12.7297;12.625;12.6678;12.8185;13.0846;13.4745;13.7086;13.8659;14.135;14.4526;14.6408;14.8808;15",0.729886
"0.466667;0.3;0.233333"
24.5856,0.484597,3.09837,"20.9591;20.6785;20.3944;19.9996;19.9627;19.5473;19.4516;19.3416;19.0789;18.7412;18.3925;18.1551;17.9572;17.6802;17.4787;17.2056;16.8967;16.5868;16.2133;16.0454;15.7336;15.276;15.0309;14.8989;14.6212;14.2992;13.9088;13.5385;13.4013;13.135;12.767;12.4307;12.1225;11.6888;11.2642;10.8868;10.6965;10.2623;10.1142;9.73931;9.48282;9.12865;8.9036;8.61094;8.20649;7.83069;7.4296;7.2764;6.87612;6.39606;5.96471;5.56777;5.22445;5.01231;4.87399;4.42507;4.17899;3.74448;3.3286;2.94597;2.60995;2.52948;2.3699;2.18265;2.07308;1.87497;1.69089;1.27364;1","14.9507;14.6018;14.4515;14.2116;14.19;13.9116;13.7602;13.6059;13.3178;13.0373;12.7718;12.6651;12.5111;12.3342;12.2384;11.9222;11.8216;11.5035;11.368;11.2134;10.9509;10.8581;10.6679;10.5293;10.308;10.0782;9.86127;9.59311;9.57898;9.35077;9.32329;9.45961;9.47014;9.46262;9.24512;9.37474;9.3615;9.20596;9.27326;9.51395;9.74911;9.75982;9.72941;9.75268;9.84639;10.0275;10.1682;10.4394;10.7052;10.7781;11.0031;11.2974;11.5544;11.8388;12.2744;12.4542;12.7297;12.625;12.6678;12.8185;13.0846;13.4745;13.7086;13.8659;14.135;14.4526;14.6408;14.8808;15",0.626083
"0.466667;0.333333;0.2"
24.5486,0.48312,3.098,"20.9591;20.6785;20.3944;19.9996;19.9627;19.5473;19.4516;19.3416;19.0789;18.7412;18.3925;18.1551;17.9572;17.6802;17.4787;17.2056;16.8967;16.5868;16.2133;16.0454;15.7336;15.4167;15.0111;14.6212;14.2992;13.9088;13.5385;13.4013;13.135;12.767;12.4307;12.1225;11.6888;11.2642;10.8868;10.6965;10.2623;10.1142;9.73931;9.48282;9.12865;8.9036;8.61094;8.20649;7.83069;7.4296;7.2764;6.87612;6.39606;5.96471;5.56777;5.22445;5.01231;4.87399;4.42507;4.17899;3.74448;3.3286;2.94597;2.60995;2.52948;2.3699;2.18265;2.07308;1.87497;1.69089;1.27364;1","14.9507;14.6018;14.4515;14.2116;14.19;13.9116;13.7602;13.6059;13.3178;13.0373;12.7718;12.6651;12.5111;12.3342;12.2384;11.9222;11.8216;11.5035;11.368;11.2134;10.9509;10.7561;10.5586;10.308;10.0782;9.86127;9.59311;9.57898;9.35077;9.32329;9.45961;9.47014;9.46262;9.24512;9.37474;9.3615;9.20596;9.27326;9.51395;9.74911;9.75982;9.72941;9.75268;9.84639;10.0275;10.1682;10.4394;10.7052;10.7781;11.0031;11.2974;11.5544;11.8388;12.2744;12.4542;12.7297;12.625;12.6678;12.8185;13.0846;13.4745;13.7086;13.8659;14.135;14.4526;14.6408;14.8808;15",0.521674
"0.466667;0.366667;0.166667"
23.4445,0.126482,11.7222,"20.9591;20.6785;20.3944;20.1476;19.8503;19.4047;19.0145;18.7129;18.6548;18.5821;18.4879;18.189;17.903;17.4824;17.2774;16.9493;16.5903;16.2972;15.9995;15.7901;15.5085;15.1027;14.6773;14.4894;14.1253;13.824;13.3803;13.2708;12.8137;12.5927;12.1813;11.7746;11.3691;10.9959;10.6001;10.4831;10.0764;9.74519;9.31899;9.15219;8.79818;8.65282;8.15282;7.88754;7.49782;7.27595;6.89851;6.76183;6.34229;5.98186;5.75803;5.41296;4.9235;4.56701;4.11057;3.65422;3.50753;3.23682;3.02224;2.77497;2.4487;2.16262;1.70477;1.39947;1","14.9507;14.6018;14.4515;14.8736;14.7655;14.8893;15.1486;15.4278;15.5139;15.8728;16.1934;16.5122;16.8404;17.0114;17.0665;16.9752;17.235;17.3661;17.696;17.7488;18.1059;18.3691;18.1335;17.8422;17.6147;17.6025;17.6894;17.6936;17.6636;17.55;17.5611;17.5676;17.4617;17.4869;17.5984;17.6288;17.6946;17.6111;17.3583;17.1136;17.1042;17.021;17.018;16.9737;16.7983;16.7012;16.4217;16.4323;16.351;16.1439;16.3476;16.5091;16.4983;16.3621;16.2118;16.0511;15.8873;15.7488;15.4451;15.4104;15.2367;15.0475;15.0703;14.9914;15",1.56724
"0.466667;0.4;0.133333"
23.4445,0.126482,11.7222,"20.9591;20.6785;20.3944;20.1476;19.8503;19.4047;19.0145;18.7129;18.6548;18.5821;18.4879;18.189;17.903;17.4824;17.2774;16.9493;16.5903;16.2972;15.9995;15.7901;15.5085;15.1027;14.6773;14.4894;14.1253;13.824;13.3803;13.2708;12.8137;12.5927;12.1813;11.7746;11.3691;10.9959;10.6001;10.4831;10.0764;9.74519;9.31899;9.15219;8.79818;8.65282;8.15282;7.88754;7.49782;7.27595;6.89851;6.76183;6.34229;5.98186;5.75803;5.41296;4.9235;4.56701;4.11057;3.65422;3.50753;3.23682;3.02224;2.77497;2.4487;2.16262;1.70477;1.39947;1","14.9507;14.6018;14.4515;14.8736;14.7655;14.8893;15.1486;15.4278;15.5139;15.8728;16.1934;16.5122;16.8404;17.0114;17.0665;16.9752;17.235;17.3661;17.696;17.7488;18.1059;18.3691;18.1335;17.8422;17.6147;17.6025;17.6894;17.6936;17.6636;17.55;17.5611;17.5676;17.4617;17.4869;17.5984;17.6288;17.6946;17.6111;17.3583;17.1136;17.1042;17.021;17.018;16.9737;16.7983;16.7012;16.4217;16.4323;16.351;16.1439;16.3476;16.5091;16.4983;16.3621;16.2118;16.0511;15.8873;15.7488;15.4451;15.4104;15.2367;15.0475;15.0703;14.9914;15",1.17543
"0.466667;0.433333;0.1"
23.4445,0.126482,11.7222,"20.9591;20.6785;20.3944;20.1476;19.8503;19.4047;19.0145;18.7129;18.6548;18.5821;18.4879;18.189;17.903;17.4824;17.2774;16.9493;16.5903;16.2972;15.9995;15.7901;15.5085;15.1027;14.6773;14.4894;14.1253;13.824;13.3803;13.2708;12.8137;12.5927;12.1813;11.7746;11.3691;10.9959;10.6001;10.4831;10.0764;9.74519;9.31899;9.15219;8.79818;8.65282;8.15282;7.88754;7.49782;7.27595;6.89851;6.76183;6.34229;5.98186;5.75803;5.41296;4.9235;4.56701;4.11057;3.65422;3.50753;3.23682;3.02224;2.77497;2.4487;2.16262;1.70477;1.39947;1","14.9507;14.6018;14.4515;14.8736;14.7655;14.8893;15.1486;15.4278;15.5139;15.8728;16.1934;16.5122;16.8404;17.0114;17.0665;16.9752;17.235;17.3661;17.696;17.7488;18.1059;18.3691;18.1335;17.8422;17.6147;17.6025;17.6894;17.6936;17.6636;17.55;17.5611;17.5676;17.4617;17.4869;17.5984;17.6288;17.6946;17.6111;17.3583;17.1136;17.1042;17.021;17.018;16.9737;16.7983;16.7012;16.4217;16.4323;16.351;16.1439;16.3476;16.5091;16.4983;16.3621;16.2118;16.0511;15.8873;15.7488;15.4451;15.4104;15.2367;15.0475;15.0703;14.9914;15",0.783618
"0.466667;0.466667;0.0666667"
23.5822,0.126584,11.7911,"21.0278;20.9384;20.6785;20.3944;20.1476;19.8503;19.4047;19.0145;18.7129;18.6548;18.5821;18.4879;18.189;17.903;17.4824;17.2774;16.9493;16.5903;16.2972;15.9995;15.7901;15.5085;15.1027;14.6773;14.4894;14.1253;13.824;13.3803;13.2708;12.8137;12.5927;12.1813;11.7746;11.3691;10.9959;10.6001;10.4831;10.0764;9.74519;9.31899;9.15219;8.79818;8.65282;8.15282;7.88754;7.49782;7.27595;6.89851;6.76183;6.34229;5.98186;5.75803;5.41296;4.9235;4.56701;4.11057;3.65422;3.50753;3.23682;3.02224;2.77497;2.4487;2.16262;1.70477;1.39947;1","15.0532;14.8333;14.6018;14.4515;14.8736;14.7655;14.8893;15.1486;15.4278;15.5139;15.8728;16.1934;16.5122;16.8404;17.0114;17.0665;16.9752;17.235;17.3661;17.696;17.7488;18.1059;18.3691;18.1335;17.8422;17.6147;17.6025;17.6894;17.6936;17.6636;17.55;17.5611;17.5676;17.4617;17.4869;17.5984;17.6288;17.6946;17.6111;17.3583;17.1136;17.1042;17.021;17.018;16.9737;16.7983;16.7012;16.4217;16.4323;16.351;16.1439;16.3476;16.5091;16.4983;16.3621;16.2118;16.0511;15.8873;15.7488;15.4451;15.4104;15.2367;15.0475;15.0703;14.9914;15",0.394036
"0.466667;0.5;0.0333333"
23.6947,0.116344,11.8473,"21.2074;20.9384;20.6785;20.3944;20.1476;19.8993;20.0052;19.7587;19.4532;18.9745;18.5239;18.189;17.903;17.4824;17.2774;17.0041;16.5903;16.2438;15.9995;15.7901;15.5085;15.1027;14.6542;14.2746;13.9446;13.4696;13.0627;12.9214;12.5601;12.1813;11.7746;11.4928;11.0353;10.6001;10.3834;10.0764;9.74519;9.36506;8.91723;8.69993;8.45724;8.17491;7.88754;7.49782;7.27595;6.89851;6.76183;6.34229;5.98186;5.75803;5.41296;4.9235;4.56701;4.11057;3.65422;3.50753;3.23682;3.02224;2.77497;2.4487;2.16262;1.70477;1.39947;1","14.9691;14.8333;14.6018;14.4515;14.8736;15.2284;15.5003;15.8289;16.1692;16.2706;16.193;16.5122;16.8404;17.0114;17.0665;17.2273;17.235;17.5023;17.696;17.7488;18.1059;18.3691;18.5828;18.3226;18.3192;18.1737;17.9418;17.9575;17.8017;17.5611;17.5676;17.5459;17.3983;17.5984;17.6844;17.6946;17.6111;17.5218;17.455;17.4621;17.3873;17.037;16.9737;16.7983;16.7012;16.4217;16.4323;16.351;16.1439;16.3476;16.5091;16.4983;16.3621;16.2118;16.0511;15.8873;15.7488;15.4451;15.4104;15.2367;15.0475;15.0703;14.9914;15",0.235959
"0.466667;0.533333;0"
24.384,1.02075,2.82439,"20.9591;20.6785;20.3944;19.9996;19.9627;19.5473;19.4516;19.3416;19.0789;18.7412;18.3925;18.1551;17.9572;17.6802;17.4787;17.1113;16.8967;16.6298;16.2975;15.9875;15.6977;15.276;14.8275;14.5972;14.3699;13.9324;13.5096;13.3034;12.9441;12.7312;12.4301;12.0122;11.6316;11.3632;10.9919;10.732;10.3657;9.95516;9.48282;9.12865;8.9036;8.61094;8.20649;7.83069;7.4296;7.2764;6.9552;6.70115;6.44792;6.17447;5.73777;5.46687;5.07726;4.88621;4.46345;4.07456;4.07286;3.73416;3.42507;3.04787;2.86759;2.54979;2.28326;2.0761;1.81933;1.71485;1.56797;1.40899;1.24828;1","14.9507;14.6018;14.4515;14.2116;14.19;13.9116;13.7602;13.6059;13.3178;13.0373;12.7718;12.6651;12.5111;12.3342;12.2384;12.0989;11.8216;11.665;11.5202;11.2519;11.0101;10.8581;10.8893;10.9118;10.8547;10.6379;10.4536;10.2967;10.1489;9.92006;9.77668;9.75456;9.44777;9.64979;9.66708;9.62133;9.5653;9.58926;9.74911;9.75982;9.72941;9.75268;9.84639;10.0275;10.1682;10.4394;10.4621;10.5124;10.6387;10.7238;10.8113;11.056;11.1624;11.1951;11.2221;11.5059;11.7651;11.8912;12.127;12.3553;12.3986;12.4608;12.5846;12.7874;13.1522;13.6412;14.0659;14.3343;14.6596;15",1.42822
"0.5;0;0.5"
24.3366,1.02072,2.85624,"20.9591;20.6785;20.3944;19.9996;19.9627;19.5473;19.4516;19.3416;19.0789;18.7412;18.3925;18.1551;17.9572;17.6802;17.4787;17.1113;16.8967;16.6298;16.2975;15.9875;15.6977;15.276;14.8275;14.5972;14.3699;13.9324;13.5096;13.3034;12.9441;12.7312;12.4301;12.0122;11.6316;11.3632;10.9919;10.732;10.3657;9.95516;9.48282;9.12865;8.9036;8.61094;8.20649;7.83069;7.4296;7.2764;6.9552;6.70115;6.44792;6.17447;5.73777;5.46687;5.07726;4.88621;4.46345;4.07456;4.07286;3.73416;3.42507;3.04787;2.60023;2.24964;2.06764;1.74375;1.71485;1.56797;1.40899;1.24828;1","14.9507;14.6018;14.4515;14.2116;14.19;13.9116;13.7602;13.6059;13.3178;13.0373;12.7718;12.6651;12.5111;12.3342;12.2384;12.0989;11.8216;11.665;11.5202;11.2519;11.0101;10.8581;10.8893;10.9118;10.8547;10.6379;10.4536;10.2967;10.1489;9.92006;9.77668;9.75456;9.44777;9.64979;9.66708;9.62133;9.5653;9.58926;9.74911;9.75982;9.72941;9.75268;9.84639;10.0275;10.1682;10.4394;10.4621;10.5124;10.6387;10.7238;10.8113;11.056;11.1624;11.1951;11.2221;11.5059;11.7651;11.8912;12.127;12.3553;12.4433;12.7808;12.9997;13.3722;13.6412;14.0659;14.3343;14.6596;15",1.34786
"0.5;0.0333333;0.466667"
24.3055,1.00424,3.19443,"20.9591;20.6785;20.3944;19.9996;19.9627;19.5473;19.1872;18.8809;18.521;18.1955;17.8653;17.7023;17.4163;16.9678;16.6035;16.2626;15.9984;15.621;15.4651;15.1442;14.9219;14.5972;14.3699;13.9324;13.5096;13.3034;12.9874;12.8034;12.4301;12.0122;11.6316;11.3632;10.9919;10.732;10.3657;9.95516;9.48282;9.12865;8.9036;8.61094;8.20649;7.83069;7.4296;7.2764;6.9552;6.70115;6.44792;6.17447;5.73777;5.46687;5.07726;4.88621;4.46345;4.07456;4.07286;3.73416;3.42507;3.04787;2.60023;2.24964;2.06764;1.74375;1.71485;1.56797;1.40899;1.24828;1","14.9507;14.6018;14.4515;14.2116;14.19;13.9116;13.8195;13.6791;13.5254;13.2368;13.0161;12.8926;12.6695;12.4541;12.1167;11.8776;11.746;11.8071;11.5374;11.2848;11.1481;10.9118;10.8547;10.6379;10.4536;10.2967;10.098;9.8468;9.77668;9.75456;9.44777;9.64979;9.66708;9.62133;9.5653;9.58926;9.74911;9.75982;9.72941;9.75268;9.84639;10.0275;10.1682;10.4394;10.4621;10.5124;10.6387;10.7238;10.8113;11.056;11.1624;11.1951;11.2221;11.5059;11.7651;11.8912;12.127;12.3553;12.4433;12.7808;12.9997;13.3722;13.6412;14.0659;14.3343;14.6596;15",1.39814
"0.5;0.0666667;0.433333"
24.3216,0.742354,2.85609,"20.9591;20.6785;20.3944;19.9996;19.9627;19.5473;19.4516;19.3416;19.0789;18.7412;18.3925;18.1551;17.9572;17.6802;17.4787;17.2056;16.8967;16.6298;16.2975;16.0454;15.753;15.4167;15.0111;14.6212;14.2992;13.9088;13.5385;13.4013;13.0134;12.6001;12.1225;11.6888;11.3632;10.9919;10.732;10.3657;9.95516;9.48282;9.12865;8.9036;8.61094;8.20649;7.83069;7.4296;7.2764;6.9552;6.70115;6.44792;6.17447;5.73777;5.46687;5.07726;4.88621;4.46345;4.07456;4.07286;3.73416;3.42507;3.04787;2.60023;2.24964;2.06764;1.74375;1.71485;1.56797;1.40899;1.24828;1","14.9507;14.6018;14.4515;14.2116;14.19;13.9116;13.7602;13.6059;13.3178;13.0373;12.7718;12.6651;12.5111;12.3342;12.2384;11.9222;11.8216;11.665;11.5202;11.2134;11.0101;10.7561;10.5586;10.308;10.0782;9.86127;9.59311;9.57898;9.50732;9.46584;9.47014;9.46262;9.64979;9.66708;9.62133;9.5653;9.58926;9.74911;9.75982;9.72941;9.75268;9.84639;10.0275;10.1682;10.4394;10.4621;10.5124;10.6387;10.7238;10.8113;11.056;11.1624;11.1951;11.2221;11.5059;11.7651;11.8912;12.127;12.3553;12.4433;12.7808;12.9997;13.3722;13.6412;14.0659;14.3343;14.6596;15",1.15525
"0.5;0.1;0.4"
24.2507,0.747017,3.09502,"20.9591;20.6785;20.3944;19.9996;19.9627;19.5473;19.4516;19.3416;19.0789;18.7412;18.3925;18.1551;17.9572;17.6802;17.4787;17.1113;16.8967;16.6298;16.2975;16.0454;15.753;15.4167;15.0111;14.6212;14.2992;13.9088;13.5385;13.4013;13.0134;12.6001;12.1225;11.6888;11.3632;10.9919;10.732;10.3657;9.95516;9.48282;9.12865;8.9036;8.61094;8.20649;7.83069;7.4296;7.2764;6.87612;6.39606;5.96471;5.56777;5.22445;5.01231;4.87399;4.42507;4.17899;3.74448;3.3286;2.94597;2.60995;2.52948;2.3699;2.18265;2.07308;1.87497;1.69089;1.27364;1","14.9507;14.6018;14.4515;14.2116;14.19;13.9116;13.7602;13.6059;13.3178;13.0373;12.7718;12.6651;12.5111;12.3342;12.2384;12.0989;11.8216;11.665;11.5202;11.2134;11.0101;10.7561;10.5586;10.308;10.0782;9.86127;9.59311;9.57898;9.50732;9.46584;9.47014;9.46262;9.64979;9.66708;9.62133;9.5653;9.58926;9.74911;9.75982;9.72941;9.75268;9.84639;10.0275;10.1682;10.4394;10.7052;10.7781;11.0031;11.2974;11.5544;11.8388;12.2744;12.4542;12.7297;12.625;12.6678;12.8185;13.0846;13.4745;13.7086;13.8659;14.135;14.4526;14.6408;14.8808;15",1.14659
"0.5;0.133333;0.366667"
24.2965,0.735594,3.09548,"20.9591;20.6785;20.3944;19.9996;19.9627;19.5473;19.4516;19.3416;19.0789;18.7412;18.3925;18.1551;17.9572;17.6802;17.4787;17.2056;16.8967;16.6298;16.2975;16.0454;15.753;15.4167;15.0111;14.6212;14.2992;13.9088;13.5385;13.4013;13.0134;12.6001;12.1225;11.6888;11.3632;10.9919;10.732;10.3657;9.92571;9.5858;9.12865;8.9036;8.61094;8.20649;7.83069;7.4296;7.2764;6.87612;6.39606;5.96471;5.56777;5.22445;5.01231;4.87399;4.42507;4.17899;3.74448;3.3286;2.94597;2.60995;2.52948;2.3699;2.18265;2.07308;1.87497;1.69089;1.27364;1","14.9507;14.6018;14.4515;14.2116;14.19;13.9116;13.7602;13.6059;13.3178;13.0373;12.7718;12.6651;12.5111;12.3342;12.2384;11.9222;11.8216;11.665;11.5202;11.2134;11.0101;10.7561;10.5586;10.308;10.0782;9.86127;9.59311;9.57898;9.50732;9.46584;9.47014;9.46262;9.64979;9.66708;9.62133;9.5653;9.50118;9.72689;9.75982;9.72941;9.75268;9.84639;10.0275;10.1682;10.4394;10.7052;10.7781;11.0031;11.2974;11.5544;11.8388;12.2744;12.4542;12.7297;12.625;12.6678;12.8185;13.0846;13.4745;13.7086;13.8659;14.135;14.4526;14.6408;14.8808;15",1.04251
"0.5;0.166667;0.333333"
24.2965,0.735594,3.09548,"20.9591;20.6785;20.3944;19.9996;19.9627;19.5473;19.4516;19.3416;19.0789;18.7412;18.3925;18.1551;17.9572;17.6802;17.4787;17.2056;16.8967;16.6298;16.2975;16.0454;15.753;15.4167;15.0111;14.6212;14.2992;13.9088;13.5385;13.4013;13.0134;12.6001;12.1225;11.6888;11.3632;10.9919;10.732;10.3657;9.92571;9.5858;9.12865;8.9036;8.61094;8.20649;7.83069;7.4296;7.2764;6.87612;6.39606;5.96471;5.56777;5.22445;5.01231;4.87399;4.42507;4.17899;3.74448;3.3286;2.94597;2.60995;2.52948;2.3699;2.18265;2.07308;1.87497;1.69089;1.27364;1","14.9507;14.6018;14.4515;14.2116;14.19;13.9116;13.7602;13.6059;13.3178;13.0373;12.7718;12.6651;12.5111;12.3342;12.2384;11.9222;11.8216;11.665;11.5202;11.2134;11.0101;10.7561;10.5586;10.308;10.0782;9.86127;9.59311;9.57898;9.50732;9.46584;9.47014;9.46262;9.64979;9.66708;9.62133;9.5653;9.50118;9.72689;9.75982;9.72941;9.75268;9.84639;10.0275;10.1682;10.4394;10.7052;10.7781;11.0031;11.2974;11.5544;11.8388;12.2744;12.4542;12.7297;12.625;12.6678;12.8185;13.0846;13.4745;13.7086;13.8659;14.135;14.4526;14.6408;14.8808;15",0.938257
"0.5;0.2;0.3"
24.4471,0.512725,3.09699,"20.9591;20.6785;20.3944;19.9996;19.9627;19.5473;19.4516;19.3416;19.0789;18.7412;18.3925;18.1551;17.9572;17.6802;17.4787;17.2056;16.8967;16.5868;16.2133;16.0454;15.7336;15.276;15.0309;14.8989;14.6212;14.2992;13.9088;13.5385;13.3176;13.1278;12.6988;12.2387;11.9474;11.5559;11.2642;10.8868;10.7751;10.3657;9.95516;9.48282;9.12865;8.9036;8.61094;8.20649;7.83069;7.4296;7.2764;6.87612;6.39606;5.96471;5.56777;5.22445;5.01231;4.87399;4.42507;4.17899;3.74448;3.3286;2.94597;2.60995;2.52948;2.3699;2.18265;2.07308;1.87497;1.69089;1.27364;1","14.9507;14.6018;14.4515;14.2116;14.19;13.9116;13.7602;13.6059;13.3178;13.0373;12.7718;12.6651;12.5111;12.3342;12.2384;11.9222;11.8216;11.5035;11.368;11.2134;10.9509;10.8581;10.6679;10.5293;10.308;10.0782;9.86127;9.59311;9.67655;9.44479;9.35992;9.21025;9.17382;9.16795;9.24512;9.37474;9.4295;9.5653;9.58926;9.74911;9.75982;9.72941;9.75268;9.84639;10.0275;10.1682;10.4394;10.7052;10.7781;11.0031;11.2974;11.5544;11.8388;12.2744;12.4542;12.7297;12.625;12.6678;12.8185;13.0846;13.4745;13.7086;13.8659;14.135;14.4526;14.6408;14.8808;15",0.834408
"0.5;0.233333;0.266667"
24.3695,0.743,3.05855,"20.9591;20.6785;20.3944;19.9996;19.9627;19.5473;19.4516;19.3416;19.0789;18.7852;18.3925;18.1551;17.9572;17.6802;17.4787;17.2056;16.8967;16.5868;16.2133;16.0454;15.7336;15.4167;15.0111;14.6212;14.2992;13.9088;13.5385;13.4013;13.135;12.767;12.4307;12.1225;11.6888;11.3632;10.9919;10.732;10.3657;9.95516;9.48282;9.12865;8.9036;8.61094;8.20649;7.83069;7.4296;7.2764;6.87612;6.39606;5.96471;5.56777;5.22445;5.01231;4.87399;4.42507;4.17899;3.74448;3.3286;2.94597;2.60995;2.52948;2.3699;2.18265;2.07308;1.87497;1.69089;1.27364;1","14.9507;14.6018;14.4515;14.2116;14.19;13.9116;13.7602;13.6059;13.3178;12.9844;12.7718;12.6651;12.5111;12.3342;12.2384;11.9222;11.8216;11.5035;11.368;11.2134;10.9509;10.7561;10.5586;10.308;10.0782;9.86127;9.59311;9.57898;9.35077;9.32329;9.45961;9.47014;9.46262;9.64979;9.66708;9.62133;9.5653;9.58926;9.74911;9.75982;9.72941;9.75268;9.84639;10.0275;10.1682;10.4394;10.7052;10.7781;11.0031;11.2974;11.5544;11.8388;12.2744;12.4542;12.7297;12.625;12.6678;12.8185;13.0846;13.4745;13.7086;13.8659;14.135;14.4526;14.6408;14.8808;15",0.721137
"0.5;0.266667;0.233333"
24.4255,0.726308,3.09677,"20.9591;20.6785;20.3944;19.9996;19.9627;19.5473;19.4516;19.3416;19.0789;18.7412;18.3925;18.1551;17.9572;17.6802;17.4787;17.2056;16.8967;16.5868;16.2133;16.0454;15.7336;15.4167;15.0111;14.6212;14.2992;13.9088;13.5385;13.4013;13.135;12.767;12.4307;12.1225;11.6888;11.3632;10.9919;10.732;10.3657;9.92571;9.73931;9.48282;9.12865;8.9036;8.61094;8.20649;7.83069;7.4296;7.2764;6.87612;6.39606;5.96471;5.56777;5.22445;5.01231;4.87399;4.42507;4.17899;3.74448;3.3286;2.94597;2.60995;2.52948;2.3699;2.18265;2.07308;1.87497;1.69089;1.27364;1","14.9507;14.6018;14.4515;14.2116;14.19;13.9116;13.7602;13.6059;13.3178;13.0373;12.7718;12.6651;12.5111;12.3342;12.2384;11.9222;11.8216;11.5035;11.368;11.2134;10.9509;10.7561;10.5586;10.308;10.0782;9.86127;9.59311;9.57898;9.35077;9.32329;9.45961;9.47014;9.46262;9.64979;9.66708;9.62133;9.5653;9.50118;9.51395;9.74911;9.75982;9.72941;9.75268;9.84639;10.0275;10.1682;10.4394;10.7052;10.7781;11.0031;11.2974;11.5544;11.8388;12.2744;12.4542;12.7297;12.625;12.6678;12.8185;13.0846;13.4745;13.7086;13.8659;14.135;14.4526;14.6408;14.8808;15",0.625763
"0.5;0.3;0.2"
23.2373,0.124274,11.6187,"21.0021;20.6371;20.1476;19.8993;20.0052;19.7587;19.5012;19.2453;19.2116;18.9722;18.5147;18.2323;17.8616;17.5784;17.0997;16.9526;16.4847;16.1745;15.9638;15.5085;15.1027;14.6773;14.4894;14.1253;13.824;13.3803;13.2708;12.8137;12.5927;12.1813;11.7746;11.3691;10.9959;10.6001;10.4831;10.0764;9.74519;9.31899;9.15219;8.79818;8.65282;8.15282;7.88754;7.49782;7.27595;6.89851;6.76183;6.34229;5.98186;5.75803;5.41296;4.9235;4.56701;4.11057;3.65422;3.50753;3.23682;3.02224;2.77497;2.4487;2.16262;1.70477;1.39947;1","15.1397;14.8719;14.8736;15.2284;15.5003;15.8289;16.1702;16.5342;16.7104;16.8419;16.9234;17.1119;17.3614;17.6514;17.7532;17.6927;17.72;17.968;17.9367;18.1059;18.3691;18.1335;17.8422;17.6147;17.6025;17.6894;17.6936;17.6636;17.55;17.5611;17.5676;17.4617;17.4869;17.5984;17.6288;17.6946;17.6111;17.3583;17.1136;17.1042;17.021;17.018;16.9737;16.7983;16.7012;16.4217;16.4323;16.351;16.1439;16.3476;16.5091;16.4983;16.3621;16.2118;16.0511;15.8873;15.7488;15.4451;15.4104;15.2367;15.0475;15.0703;14.9914;15",1.94808
"0.5;0.333333;0.166667"
23.1284,0.126176,11.5642,"21.0021;20.6371;20.1476;19.8503;19.4047;19.0145;18.7129;18.6548;18.5821;18.4879;18.189;17.903;17.4824;17.2774;16.9493;16.5903;16.2972;15.9995;15.7901;15.5085;15.1027;14.6773;14.4894;14.1253;13.824;13.3803;13.2708;12.8137;12.5927;12.1813;11.7746;11.3691;10.9959;10.6001;10.4831;10.0764;9.74519;9.31899;9.15219;8.79818;8.65282;8.15282;7.88754;7.49782;7.27595;6.89851;6.76183;6.34229;5.98186;5.75803;5.41296;4.9235;4.56701;4.11057;3.65422;3.50753;3.23682;3.02224;2.77497;2.4487;2.16262;1.70477;1.39947;1","15.1397;14.8719;14.8736;14.7655;14.8893;15.1486;15.4278;15.5139;15.8728;16.1934;16.5122;16.8404;17.0114;17.0665;16.9752;17.235;17.3661;17.696;17.7488;18.1059;18.3691;18.1335;17.8422;17.6147;17.6025;17.6894;17.6936;17.6636;17.55;17.5611;17.5676;17.4617;17.4869;17.5984;17.6288;17.6946;17.6111;17.3583;17.1136;17.1042;17.021;17.018;16.9737;16.7983;16.7012;16.4217;16.4323;16.351;16.1439;16.3476;16.5091;16.4983;16.3621;16.2118;16.0511;15.8873;15.7488;15.4451;15.4104;15.2367;15.0475;15.0703;14.9914;15",1.55121
"0.5;0.366667;0.133333"
23.5534,0.12458,11.7767,"20.9591;20.6785;20.3944;20.1476;19.8993;20.0052;19.7587;19.5012;19.2453;19.2116;18.9722;18.5147;18.2323;17.8616;17.5784;17.0997;16.9526;16.4847;16.1745;15.9638;15.5085;15.1027;14.6773;14.4894;14.1253;13.824;13.3803;13.2708;12.8137;12.5927;12.1813;11.7746;11.3691;10.9959;10.6001;10.4831;10.0764;9.74519;9.31899;9.15219;8.79818;8.65282;8.15282;7.88754;7.49782;7.27595;6.89851;6.76183;6.34229;5.98186;5.75803;5.41296;4.9235;4.56701;4.11057;3.65422;3.50753;3.23682;3.02224;2.77497;2.4487;2.16262;1.70477;1.39947;1","14.9507;14.6018;14.4515;14.8736;15.2284;15.5003;15.8289;16.1702;16.5342;16.7104;16.8419;16.9234;17.1119;17.3614;17.6514;17.7532;17.6927;17.72;17.968;17.9367;18.1059;18.3691;18.1335;17.8422;17.6147;17.6025;17.6894;17.6936;17.6636;17.55;17.5611;17.5676;17.4617;17.4869;17.5984;17.6288;17.6946;17.6111;17.3583;17.1136;17.1042;17.021;17.018;16.9737;16.7983;16.7012;16.4217;16.4323;16.351;16.1439;16.3476;16.5091;16.4983;16.3621;16.2118;16.0511;15.8873;15.7488;15.4451;15.4104;15.2367;15.0475;15.0703;14.9914;15",1.18087
"0.5;0.4;0.1"
23.4445,0.126482,11.7222,"20.9591;20.6785;20.3944;20.1476;19.8503;19.4047;19.0145;18.7129;18.6548;18.5821;18.4879;18.189;17.903;17.4824;17.2774;16.9493;16.5903;16.2972;15.9995;15.7901;15.5085;15.1027;14.6773;14.4894;14.1253;13.824;13.3803;13.2708;12.8137;12.5927;12.1813;11.7746;11.3691;10.9959;10.6001;10.4831;10.0764;9.74519;9.31899;9.15219;8.79818;8.65282;8.15282;7.88754;7.49782;7.27595;6.89851;6.76183;6.34229;5.98186;5.75803;5.41296;4.9235;4.56701;4.11057;3.65422;3.50753;3.23682;3.02224;2.77497;2.4487;2.16262;1.70477;1.39947;1","14.9507;14.6018;14.4515;14.8736;14.7655;14.8893;15.1486;15.4278;15.5139;15.8728;16.1934;16.5122;16.8404;17.0114;17.0665;16.9752;17.235;17.3661;17.696;17.7488;18.1059;18.3691;18.1335;17.8422;17.6147;17.6025;17.6894;17.6936;17.6636;17.55;17.5611;17.5676;17.4617;17.4869;17.5984;17.6288;17.6946;17.6111;17.3583;17.1136;17.1042;17.021;17.018;16.9737;16.7983;16.7012;16.4217;16.4323;16.351;16.1439;16.3476;16.5091;16.4983;16.3621;16.2118;16.0511;15.8873;15.7488;15.4451;15.4104;15.2367;15.0475;15.0703;14.9914;15",0.783618
"0.5;0.433333;0.0666667"
23.5822,0.126584,11.7911,"21.0278;20.9384;20.6785;20.3944;20.1476;19.8503;19.4047;19.0145;18.7129;18.6548;18.5821;18.4879;18.189;17.903;17.4824;17.2774;16.9493;16.5903;16.2972;15.9995;15.7901;15.5085;15.1027;14.6773;14.4894;14.1253;13.824;13.3803;13.2708;12.8137;12.5927;12.1813;11.7746;11.3691;10.9959;10.6001;10.4831;10.0764;9.74519;9.31899;9.15219;8.79818;8.65282;8.15282;7.88754;7.49782;7.27595;6.89851;6.76183;6.34229;5.98186;5.75803;5.41296;4.9235;4.56701;4.11057;3.65422;3.50753;3.23682;3.02224;2.77497;2.4487;2.16262;1.70477;1.39947;1","15.0532;14.8333;14.6018;14.4515;14.8736;14.7655;14.8893;15.1486;15.4278;15.5139;15.8728;16.1934;16.5122;16.8404;17.0114;17.0665;16.9752;17.235;17.3661;17.696;17.7488;18.1059;18.3691;18.1335;17.8422;17.6147;17.6025;17.6894;17.6936;17.6636;17.55;17.5611;17.5676;17.4617;17.4869;17.5984;17.6288;17.6946;17.6111;17.3583;17.1136;17.1042;17.021;17.018;16.9737;16.7983;16.7012;16.4217;16.4323;16.351;16.1439;16.3476;16.5091;16.4983;16.3621;16.2118;16.0511;15.8873;15.7488;15.4451;15.4104;15.2367;15.0475;15.0703;14.9914;15",0.394036
"0.5;0.466667;0.0333333"
23.4814,0.116139,11.7407,"21.2074;20.9384;20.6785;20.2976;20.1476;19.8993;20.0052;19.7587;19.4532;18.9745;18.5239;18.189;17.903;17.4824;17.2774;17.0041;16.5903;16.2438;15.9995;15.7901;15.5085;15.1027;14.6542;14.2746;13.9446;13.4696;13.0627;12.9214;12.5601;12.1813;11.7746;11.4928;11.0353;10.6001;10.3834;10.0764;9.74519;9.36506;8.91723;8.69993;8.45724;8.17491;7.88754;7.49782;7.27595;6.89851;6.76183;6.34229;5.98186;5.75803;5.41296;4.9235;4.56701;4.11057;3.65422;3.50753;3.23682;3.02224;2.77497;2.4487;2.16262;1.70477;1.39947;1","14.9691;14.8333;14.6018;14.7827;14.8736;15.2284;15.5003;15.8289;16.1692;16.2706;16.193;16.5122;16.8404;17.0114;17.0665;17.2273;17.235;17.5023;17.696;17.7488;18.1059;18.3691;18.5828;18.3226;18.3192;18.1737;17.9418;17.9575;17.8017;17.5611;17.5676;17.5459;17.3983;17.5984;17.6844;17.6946;17.6111;17.5218;17.455;17.4621;17.3873;17.037;16.9737;16.7983;16.7012;16.4217;16.4323;16.351;16.1439;16.3476;16.5091;16.4983;16.3621;16.2118;16.0511;15.8873;15.7488;15.4451;15.4104;15.2367;15.0475;15.0703;14.9914;15",0.359473
"0.5;0.5;0"
24.3366,1.02072,2.85624,"20.9591;20.6785;20.3944;19.9996;19.9627;19.5473;19.4516;19.3416;19.0789;18.7412;18.3925;18.1551;17.9572;17.6802;17.4787;17.1113;16.8967;16.6298;16.2975;15.9875;15.6977;15.276;14.8275;14.5972;14.3699;13.9324;13.5096;13.3034;12.9441;12.7312;12.4301;12.0122;11.6316;11.3632;10.9919;10.732;10.3657;9.95516;9.48282;9.12865;8.9036;8.61094;8.20649;7.83069;7.4296;7.2764;6.9552;6.70115;6.44792;6.17447;5.73777;5.46687;5.07726;4.88621;4.46345;4.07456;4.07286;3.73416;3.42507;3.04787;2.60023;2.24964;2.06764;1.74375;1.71485;1.56797;1.40899;1.24828;1","14.9507;14.6018;14.4515;14.2116;14.19;13.9116;13.7602;13.6059;13.3178;13.0373;12.7718;12.6651;12.5111;12.3342;12.2384;12.0989;11.8216;11.665;11.5202;11.2519;11.0101;10.8581;10.8893;10.9118;10.8547;10.6379;10.4536;10.2967;10.1489;9.92006;9.77668;9.75456;9.44777;9.64979;9.66708;9.62133;9.5653;9.58926;9.74911;9.75982;9.72941;9.75268;9.84639;10.0275;10.1682;10.4394;10.4621;10.5124;10.6387;10.7238;10.8113;11.056;11.1624;11.1951;11.2221;11.5059;11.7651;11.8912;12.127;12.3553;12.4433;12.7808;12.9997;13.3722;13.6412;14.0659;14.3343;14.6596;15",1.34786
"0.533333;0;0.466667"
24.3366,1.02072,2.85624,"20.9591;20.6785;20.3944;19.9996;19.9627;19.5473;19.4516;19.3416;19.0789;18.7412;18.3925;18.1551;17.9572;17.6802;17.4787;17.1113;16.8967;16.6298;16.2975;15.9875;15.6977;15.276;14.8275;14.5972;14.3699;13.9324;13.5096;13.3034;12.9441;12.7312;12.4301;12.0122;11.6316;11.3632;10.9919;10.732;10.3657;9.95516;9.48282;9.12865;8.9036;8.61094;8.20649;7.83069;7.4296;7.2764;6.9552;6.70115;6.44792;6.17447;5.73777;5.46687;5.07726;4.88621;4.46345;4.07456;4.07286;3.73416;3.42507;3.04787;2.60023;2.24964;2.06764;1.74375;1.71485;1.56797;1.40899;1.24828;1","14.9507;14.6018;14.4515;14.2116;14.19;13.9116;13.7602;13.6059;13.3178;13.0373;12.7718;12.6651;12.5111;12.3342;12.2384;12.0989;11.8216;11.665;11.5202;11.2519;11.0101;10.8581;10.8893;10.9118;10.8547;10.6379;10.4536;10.2967;10.1489;9.92006;9.77668;9.75456;9.44777;9.64979;9.66708;9.62133;9.5653;9.58926;9.74911;9.75982;9.72941;9.75268;9.84639;10.0275;10.1682;10.4394;10.4621;10.5124;10.6387;10.7238;10.8113;11.056;11.1624;11.1951;11.2221;11.5059;11.7651;11.8912;12.127;12.3553;12.4433;12.7808;12.9997;13.3722;13.6412;14.0659;14.3343;14.6596;15",1.25159
"0.533333;0.0333333;0.433333"
24.2529,0.748339,3.09505,"20.9591;20.6785;20.3944;19.9996;19.9627;19.5473;19.4516;19.3416;19.0789;18.7412;18.3925;18.1551;17.9572;17.6802;17.4787;17.2056;16.8967;16.6298;16.2975;15.9875;15.6977;15.276;15.0309;14.8989;14.6212;14.2992;13.9088;13.5385;13.4013;13.0134;12.6001;12.1225;11.6888;11.3632;10.9919;10.732;10.3657;9.95516;9.48282;9.12865;8.9036;8.61094;8.20649;7.83069;7.4296;7.2764;6.87612;6.39606;5.96471;5.56777;5.22445;5.01231;4.87399;4.42507;4.17899;3.74448;3.3286;2.94597;2.60995;2.52948;2.3699;2.18265;2.07308;1.87497;1.69089;1.27364;1","14.9507;14.6018;14.4515;14.2116;14.19;13.9116;13.7602;13.6059;13.3178;13.0373;12.7718;12.6651;12.5111;12.3342;12.2384;11.9222;11.8216;11.665;11.5202;11.2519;11.0101;10.8581;10.6679;10.5293;10.308;10.0782;9.86127;9.59311;9.57898;9.50732;9.46584;9.47014;9.46262;9.64979;9.66708;9.62133;9.5653;9.58926;9.74911;9.75982;9.72941;9.75268;9.84639;10.0275;10.1682;10.4394;10.7052;10.7781;11.0031;11.2974;11.5544;11.8388;12.2744;12.4542;12.7297;12.625;12.6678;12.8185;13.0846;13.4745;13.7086;13.8659;14.135;14.4526;14.6408;14.8808;15",1.25083
"0.533333;0.0666667;0.4"
24.2497,0.746897,3.09501,"20.9591;20.6785;20.3944;19.9996;19.9627;19.5473;19.4516;19.3416;19.0789;18.7412;18.3925;18.1551;17.9572;17.6802;17.4787;17.2056;16.8967;16.6298;16.2975;16.0454;15.753;15.4167;15.0111;14.6212;14.2992;13.9088;13.5385;13.4013;13.0134;12.6001;12.1225;11.6888;11.3632;10.9919;10.732;10.3657;9.95516;9.48282;9.12865;8.9036;8.61094;8.20649;7.83069;7.4296;7.2764;6.87612;6.39606;5.96471;5.56777;5.22445;5.01231;4.87399;4.42507;4.17899;3.74448;3.3286;2.94597;2.60995;2.52948;2.3699;2.18265;2.07308;1.87497;1.69089;1.27364;1","14.9507;14.6018;14.4515;14.2116;14.19;13.9116;13.7602;13.6059;13.3178;13.0373;12.7718;12.6651;12.5111;12.3342;12.2384;11.9222;11.8216;11.665;11.5202;11.2134;11.0101;10.7561;10.5586;10.308;10.0782;9.86127;9.59311;9.57898;9.50732;9.46584;9.47014;9.46262;9.64979;9.66708;9.62133;9.5653;9.58926;9.74911;9.75982;9.72941;9.75268;9.84639;10.0275;10.1682;10.4394;10.7052;10.7781;11.0031;11.2974;11.5544;11.8388;12.2744;12.4542;12.7297;12.625;12.6678;12.8185;13.0846;13.4745;13.7086;13.8659;14.135;14.4526;14.6408;14.8808;15",1.14659
"0.533333;0.1;0.366667"
24.2497,0.746897,3.09501,"20.9591;20.6785;20.3944;19.9996;19.9627;19.5473;19.4516;19.3416;19.0789;18.7412;18.3925;18.1551;17.9572;17.6802;17.4787;17.2056;16.8967;16.6298;16.2975;16.0454;15.753;15.4167;15.0111;14.6212;14.2992;13.9088;13.5385;13.4013;13.0134;12.6001;12.1225;11.6888;11.3632;10.9919;10.732;10.3657;9.95516;9.48282;9.12865;8.9036;8.61094;8.20649;7.83069;7.4296;7.2764;6.87612;6.39606;5.96471;5.56777;5.22445;5.01231;4.87399;4.42507;4.17899;3.74448;3.3286;2.94597;2.60995;2.52948;2.3699;2.18265;2.07308;1.87497;1.69089;1.27364;1","14.9507;14.6018;14.4515;14.2116;14.19;13.9116;13.7602;13.6059;13.3178;13.0373;12.7718;12.6651;12.5111;12.3342;12.2384;11.9222;11.8216;11.665;11.5202;11.2134;11.0101;10.7561;10.5586;10.308;10.0782;9.86127;9.59311;9.57898;9.50732;9.46584;9.47014;9.46262;9.64979;9.66708;9.62133;9.5653;9.58926;9.74911;9.75982;9.72941;9.75268;9.84639;10.0275;10.1682;10.4394;10.7052;10.7781;11.0031;11.2974;11.5544;11.8388;12.2744;12.4542;12.7297;12.625;12.6678;12.8185;13.0846;13.4745;13.7086;13.8659;14.135;14.4526;14.6408;14.8808;15",1.04235
"0.533333;0.133333;0.333333"
24.4424,0.487027,3.09694,"20.9591;20.6785;20.3944;19.9996;19.9627;19.5473;19.4516;19.3416;19.0789;18.7412;18.3925;18.1551;17.9572;17.6802;17.4787;17.2056;16.8967;16.6298;16.2975;16.0454;15.753;15.4167;15.0111;14.6212;14.2992;13.9088;13.5385;13.4013;13.0134;12.6001;12.1225;11.6888;11.2642;10.8868;10.6965;10.2623;10.1142;9.73931;9.48282;9.12865;8.9036;8.61094;8.20649;7.83069;7.4296;7.2764;6.87612;6.39606;5.96471;5.56777;5.22445;5.01231;4.87399;4.42507;4.17899;3.74448;3.3286;2.94597;2.60995;2.52948;2.3699;2.18265;2.07308;1.87497;1.69089;1.27364;1","14.9507;14.6018;14.4515;14.2116;14.19;13.9116;13.7602;13.6059;13.3178;13.0373;12.7718;12.6651;12.5111;12.3342;12.2384;11.9222;11.8216;11.665;11.5202;11.2134;11.0101;10.7561;10.5586;10.308;10.0782;9.86127;9.59311;9.57898;9.50732;9.46584;9.47014;9.46262;9.24512;9.37474;9.3615;9.20596;9.27326;9.51395;9.74911;9.75982;9.72941;9.75268;9.84639;10.0275;10.1682;10.4394;10.7052;10.7781;11.0031;11.2974;11.5544;11.8388;12.2744;12.4542;12.7297;12.625;12.6678;12.8185;13.0846;13.4745;13.7086;13.8659;14.135;14.4526;14.6408;14.8808;15",0.938694
"0.533333;0.166667;0.3"
24.2804,0.747546,3.09532,"20.9591;20.6785;20.3944;19.9996;19.9627;19.5473;19.4516;19.3416;19.0789;18.7412;18.3925;18.1551;17.9125;17.6802;17.4787;17.2056;16.8967;16.5868;16.4485;16.0712;15.6977;15.276;15.0111;14.6212;14.2992;13.9088;13.5385;13.4013;13.0134;12.6001;12.1225;11.6888;11.3632;10.9919;10.732;10.3657;9.95516;9.48282;9.12865;8.9036;8.61094;8.20649;7.83069;7.4296;7.2764;6.87612;6.39606;5.96471;5.56777;5.22445;5.01231;4.87399;4.42507;4.17899;3.74448;3.3286;2.94597;2.60995;2.52948;2.3699;2.18265;2.07308;1.87497;1.69089;1.27364;1","14.9507;14.6018;14.4515;14.2116;14.19;13.9116;13.7602;13.6059;13.3178;13.0373;12.7718;12.6651;12.5343;12.3342;12.2384;11.9222;11.8216;11.5035;11.3447;11.1964;11.0101;10.8581;10.5586;10.308;10.0782;9.86127;9.59311;9.57898;9.50732;9.46584;9.47014;9.46262;9.64979;9.66708;9.62133;9.5653;9.58926;9.74911;9.75982;9.72941;9.75268;9.84639;10.0275;10.1682;10.4394;10.7052;10.7781;11.0031;11.2974;11.5544;11.8388;12.2744;12.4542;12.7297;12.625;12.6678;12.8185;13.0846;13.4745;13.7086;13.8659;14.135;14.4526;14.6408;14.8808;15",0.833963
"0.533333;0.2;0.266667"
24.3786,0.746183,3.05864,"20.9591;20.6785;20.3944;19.9996;19.9627;19.5473;19.4516;19.3416;19.0789;18.7852;18.3925;18.1551;17.9572;17.6802;17.4787;17.2056;16.8967;16.5868;16.2133;16.0454;15.7336;15.276;15.0309;14.8989;14.6212;14.2992;13.9088;13.5385;13.1278;12.767;12.3565;12.1225;11.6888;11.3632;10.9919;10.732;10.3657;9.95516;9.48282;9.12865;8.9036;8.61094;8.20649;7.83069;7.4296;7.2764;6.87612;6.39606;5.96471;5.56777;5.22445;5.01231;4.87399;4.42507;4.17899;3.74448;3.3286;2.94597;2.60995;2.52948;2.3699;2.18265;2.07308;1.87497;1.69089;1.27364;1","14.9507;14.6018;14.4515;14.2116;14.19;13.9116;13.7602;13.6059;13.3178;12.9844;12.7718;12.6651;12.5111;12.3342;12.2384;11.9222;11.8216;11.5035;11.368;11.2134;10.9509;10.8581;10.6679;10.5293;10.308;10.0782;9.86127;9.59311;9.44479;9.32329;9.50146;9.47014;9.46262;9.64979;9.66708;9.62133;9.5653;9.58926;9.74911;9.75982;9.72941;9.75268;9.84639;10.0275;10.1682;10.4394;10.7052;10.7781;11.0031;11.2974;11.5544;11.8388;12.2744;12.4542;12.7297;12.625;12.6678;12.8185;13.0846;13.4745;13.7086;13.8659;14.135;14.4526;14.6408;14.8808;15",0.721158
"0.533333;0.233333;0.233333"
24.4134,0.733703,3.09665,"20.9591;20.6785;20.3944;19.9996;19.9627;19.5473;19.4516;19.3416;19.0789;18.7412;18.3925;18.1551;17.9572;17.6802;17.4787;17.2056;16.8967;16.6298;16.2975;15.9875;15.7336;15.4167;15.0111;14.6212;14.2992;13.9088;13.5385;13.4013;13.135;12.767;12.3565;12.1225;11.6888;11.3632;10.9919;10.732;10.3657;9.92571;9.5858;9.12865;8.9036;8.61094;8.20649;7.83069;7.4296;7.2764;6.87612;6.39606;5.96471;5.56777;5.22445;5.01231;4.87399;4.42507;4.17899;3.74448;3.3286;2.94597;2.60995;2.52948;2.3699;2.18265;2.07308;1.87497;1.69089;1.27364;1","14.9507;14.6018;14.4515;14.2116;14.19;13.9116;13.7602;13.6059;13.3178;13.0373;12.7718;12.6651;12.5111;12.3342;12.2384;11.9222;11.8216;11.665;11.5202;11.2519;10.9509;10.7561;10.5586;10.308;10.0782;9.86127;9.59311;9.57898;9.35077;9.32329;9.50146;9.47014;9.46262;9.64979;9.66708;9.62133;9.5653;9.50118;9.72689;9.75982;9.72941;9.75268;9.84639;10.0275;10.1682;10.4394;10.7052;10.7781;11.0031;11.2974;11.5544;11.8388;12.2744;12.4542;12.7297;12.625;12.6678;12.8185;13.0846;13.4745;13.7086;13.8659;14.135;14.4526;14.6408;14.8808;15",0.625738
"0.533333;0.266667;0.2"
23.2373,0.124274,11.6187,"21.0021;20.6371;20.1476;19.8993;20.0052;19.7587;19.5012;19.2453;19.2116;18.9722;18.5147;18.2323;17.8616;17.5784;17.0997;16.9526;16.4847;16.1745;15.9638;15.5085;15.1027;14.6773;14.4894;14.1253;13.824;13.3803;13.2708;12.8137;12.5927;12.1813;11.7746;11.3691;10.9959;10.6001;10.4831;10.0764;9.74519;9.31899;9.15219;8.79818;8.65282;8.15282;7.88754;7.49782;7.27595;6.89851;6.76183;6.34229;5.98186;5.75803;5.41296;4.9235;4.56701;4.11057;3.65422;3.50753;3.23682;3.02224;2.77497;2.4487;2.16262;1.70477;1.39947;1","15.1397;14.8719;14.8736;15.2284;15.5003;15.8289;16.1702;16.5342;16.7104;16.8419;16.9234;17.1119;17.3614;17.6514;17.7532;17.6927;17.72;17.968;17.9367;18.1059;18.3691;18.1335;17.8422;17.6147;17.6025;17.6894;17.6936;17.6636;17.55;17.5611;17.5676;17.4617;17.4869;17.5984;17.6288;17.6946;17.6111;17.3583;17.1136;17.1042;17.021;17.018;16.9737;16.7983;16.7012;16.4217;16.4323;16.351;16.1439;16.3476;16.5091;16.4983;16.3621;16.2118;16.0511;15.8873;15.7488;15.4451;15.4104;15.2367;15.0475;15.0703;14.9914;15",1.94808
"0.533333;0.3;0.166667"
23.4445,0.126482,11.7222,"20.9591;20.6785;20.3944;20.1476;19.8503;19.4047;19.0145;18.7129;18.6548;18.5821;18.4879;18.189;17.903;17.4824;17.2774;16.9493;16.5903;16.2972;15.9995;15.7901;15.5085;15.1027;14.6773;14.4894;14.1253;13.824;13.3803;13.2708;12.8137;12.5927;12.1813;11.7746;11.3691;10.9959;10.6001;10.4831;10.0764;9.74519;9.31899;9.15219;8.79818;8.65282;8.15282;7.88754;7.49782;7.27595;6.89851;6.76183;6.34229;5.98186;5.75803;5.41296;4.9235;4.56701;4.11057;3.65422;3.50753;3.23682;3.02224;2.77497;2.4487;2.16262;1.70477;1.39947;1","14.9507;14.6018;14.4515;14.8736;14.7655;14.8893;15.1486;15.4278;15.5139;15.8728;16.1934;16.5122;16.8404;17.0114;17.0665;16.9752;17.235;17.3661;17.696;17.7488;18.1059;18.3691;18.1335;17.8422;17.6147;17.6025;17.6894;17.6936;17.6636;17.55;17.5611;17.5676;17.4617;17.4869;17.5984;17.6288;17.6946;17.6111;17.3583;17.1136;17.1042;17.021;17.018;16.9737;16.7983;16.7012;16.4217;16.4323;16.351;16.1439;16.3476;16.5091;16.4983;16.3621;16.2118;16.0511;15.8873;15.7488;15.4451;15.4104;15.2367;15.0475;15.0703;14.9914;15",1.56724
"0.533333;0.333333;0.133333"
23.5534,0.12458,11.7767,"20.9591;20.6785;20.3944;20.1476;19.8993;20.0052;19.7587;19.5012;19.2453;19.2116;18.9722;18.5147;18.2323;17.8616;17.5784;17.0997;16.9526;16.4847;16.1745;15.9638;15.5085;15.1027;14.6773;14.4894;14.1253;13.824;13.3803;13.2708;12.8137;12.5927;12.1813;11.7746;11.3691;10.9959;10.6001;10.4831;10.0764;9.74519;9.31899;9.15219;8.79818;8.65282;8.15282;7.88754;7.49782;7.27595;6.89851;6.76183;6.34229;5.98186;5.75803;5.41296;4.9235;4.56701;4.11057;3.65422;3.50753;3.23682;3.02224;2.77497;2.4487;2.16262;1.70477;1.39947;1","14.9507;14.6018;14.4515;14.8736;15.2284;15.5003;15.8289;16.1702;16.5342;16.7104;16.8419;16.9234;17.1119;17.3614;17.6514;17.7532;17.6927;17.72;17.968;17.9367;18.1059;18.3691;18.1335;17.8422;17.6147;17.6025;17.6894;17.6936;17.6636;17.55;17.5611;17.5676;17.4617;17.4869;17.5984;17.6288;17.6946;17.6111;17.3583;17.1136;17.1042;17.021;17.018;16.9737;16.7983;16.7012;16.4217;16.4323;16.351;16.1439;16.3476;16.5091;16.4983;16.3621;16.2118;16.0511;15.8873;15.7488;15.4451;15.4104;15.2367;15.0475;15.0703;14.9914;15",1.18087
"0.533333;0.366667;0.1"
23.4445,0.126482,11.7222,"20.9591;20.6785;20.3944;20.1476;19.8503;19.4047;19.0145;18.7129;18.6548;18.5821;18.4879;18.189;17.903;17.4824;17.2774;16.9493;16.5903;16.2972;15.9995;15.7901;15.5085;15.1027;14.6773;14.4894;14.1253;13.824;13.3803;13.2708;12.8137;12.5927;12.1813;11.7746;11.3691;10.9959;10.6001;10.4831;10.0764;9.74519;9.31899;9.15219;8.79818;8.65282;8.15282;7.88754;7.49782;7.27595;6.89851;6.76183;6.34229;5.98186;5.75803;5.41296;4.9235;4.56701;4.11057;3.65422;3.50753;3.23682;3.02224;2.77497;2.4487;2.16262;1.70477;1.39947;1","14.9507;14.6018;14.4515;14.8736;14.7655;14.8893;15.1486;15.4278;15.5139;15.8728;16.1934;16.5122;16.8404;17.0114;17.0665;16.9752;17.235;17.3661;17.696;17.7488;18.1059;18.3691;18.1335;17.8422;17.6147;17.6025;17.6894;17.6936;17.6636;17.55;17.5611;17.5676;17.4617;17.4869;17.5984;17.6288;17.6946;17.6111;17.3583;17.1136;17.1042;17.021;17.018;16.9737;16.7983;16.7012;16.4217;16.4323;16.351;16.1439;16.3476;16.5091;16.4983;16.3621;16.2118;16.0511;15.8873;15.7488;15.4451;15.4104;15.2367;15.0475;15.0703;14.9914;15",0.783618
"0.533333;0.4;0.0666667"
23.5571,0.127926,11.7786,"21.0021;20.7224;20.3944;20.1476;19.8503;19.4047;18.9359;18.7299;18.4883;18.1382;17.6865;17.6183;17.405;17.2449;16.9909;16.6367;16.2972;15.9995;15.7901;15.5085;15.1027;14.6773;14.4894;14.1253;13.824;13.3803;13.2708;12.8137;12.5927;12.1813;11.7746;11.3691;10.9959;10.6001;10.4831;10.0764;9.74519;9.31899;9.15219;8.79818;8.65282;8.15282;7.88754;7.49782;7.27595;6.89851;6.76183;6.34229;5.98186;5.75803;5.41296;4.9235;4.56701;4.11057;3.65422;3.50753;3.23682;3.02224;2.77497;2.4487;2.16262;1.70477;1.39947;1","15.1397;14.7303;14.4515;14.8736;14.7655;14.8893;14.9797;15.0065;15.2271;15.2804;15.4696;15.8882;16.2368;16.4772;16.7877;17.0606;17.3661;17.696;17.7488;18.1059;18.3691;18.1335;17.8422;17.6147;17.6025;17.6894;17.6936;17.6636;17.55;17.5611;17.5676;17.4617;17.4869;17.5984;17.6288;17.6946;17.6111;17.3583;17.1136;17.1042;17.021;17.018;16.9737;16.7983;16.7012;16.4217;16.4323;16.351;16.1439;16.3476;16.5091;16.4983;16.3621;16.2118;16.0511;15.8873;15.7488;15.4451;15.4104;15.2367;15.0475;15.0703;14.9914;15",0.394947
"0.533333;0.433333;0.0333333"
23.4814,0.116139,11.7407,"21.2074;20.9384;20.6785;20.2976;20.1476;19.8993;20.0052;19.7587;19.4532;18.9745;18.5239;18.189;17.903;17.4824;17.2774;17.0041;16.5903;16.2438;15.9995;15.7901;15.5085;15.1027;14.6542;14.2746;13.9446;13.4696;13.0627;12.9214;12.5601;12.1813;11.7746;11.4928;11.0353;10.6001;10.3834;10.0764;9.74519;9.36506;8.91723;8.69993;8.45724;8.17491;7.88754;7.49782;7.27595;6.89851;6.76183;6.34229;5.98186;5.75803;5.41296;4.9235;4.56701;4.11057;3.65422;3.50753;3.23682;3.02224;2.77497;2.4487;2.16262;1.70477;1.39947;1","14.9691;14.8333;14.6018;14.7827;14.8736;15.2284;15.5003;15.8289;16.1692;16.2706;16.193;16.5122;16.8404;17.0114;17.0665;17.2273;17.235;17.5023;17.696;17.7488;18.1059;18.3691;18.5828;18.3226;18.3192;18.1737;17.9418;17.9575;17.8017;17.5611;17.5676;17.5459;17.3983;17.5984;17.6844;17.6946;17.6111;17.5218;17.455;17.4621;17.3873;17.037;16.9737;16.7983;16.7012;16.4217;16.4323;16.351;16.1439;16.3476;16.5091;16.4983;16.3621;16.2118;16.0511;15.8873;15.7488;15.4451;15.4104;15.2367;15.0475;15.0703;14.9914;15",0.383438
"0.533333;0.466667;0"
24.2648,1.02526,3.09516,"20.9591;20.6785;20.3944;19.9996;19.9627;19.5473;19.4516;19.3416;19.0789;18.7412;18.3925;18.1551;17.9572;17.6802;17.4787;17.1113;16.8967;16.6298;16.2975;15.9875;15.6977;15.276;14.8275;14.5972;14.3699;13.9324;13.5096;13.3034;12.9441;12.7312;12.4301;12.0122;11.6316;11.3632;10.9919;10.732;10.3657;9.95516;9.48282;9.12865;8.9036;8.61094;8.20649;7.83069;7.4296;7.2764;6.87612;6.39606;5.96471;5.56777;5.22445;5.01231;4.87399;4.42507;4.17899;3.74448;3.3286;2.94597;2.60995;2.52948;2.3699;2.18265;2.07308;1.87497;1.69089;1.27364;1","14.9507;14.6018;14.4515;14.2116;14.19;13.9116;13.7602;13.6059;13.3178;13.0373;12.7718;12.6651;12.5111;12.3342;12.2384;12.0989;11.8216;11.665;11.5202;11.2519;11.0101;10.8581;10.8893;10.9118;10.8547;10.6379;10.4536;10.2967;10.1489;9.92006;9.77668;9.75456;9.44777;9.64979;9.66708;9.62133;9.5653;9.58926;9.74911;9.75982;9.72941;9.75268;9.84639;10.0275;10.1682;10.4394;10.7052;10.7781;11.0031;11.2974;11.5544;11.8388;12.2744;12.4542;12.7297;12.625;12.6678;12.8185;13.0846;13.4745;13.7086;13.8659;14.135;14.4526;14.6408;14.8808;15",1.35512
"0.566667;0;0.433333"
24.2648,1.02526,3.09516,"20.9591;20.6785;20.3944;19.9996;19.9627;19.5473;19.4516;19.3416;19.0789;18.7412;18.3925;18.1551;17.9572;17.6802;17.4787;17.1113;16.8967;16.6298;16.2975;15.9875;15.6977;15.276;14.8275;14.5972;14.3699;13.9324;13.5096;13.3034;12.9441;12.7312;12.4301;12.0122;11.6316;11.3632;10.9919;10.732;10.3657;9.95516;9.48282;9.12865;8.9036;8.61094;8.20649;7.83069;7.4296;7.2764;6.87612;6.39606;5.96471;5.56777;5.22445;5.01231;4.87399;4.42507;4.17899;3.74448;3.3286;2.94597;2.60995;2.52948;2.3699;2.18265;2.07308;1.87497;1.69089;1.27364;1","14.9507;14.6018;14.4515;14.2116;14.19;13.9116;13.7602;13.6059;13.3178;13.0373;12.7718;12.6651;12.5111;12.3342;12.2384;12.0989;11.8216;11.665;11.5202;11.2519;11.0101;10.8581;10.8893;10.9118;10.8547;10.6379;10.4536;10.2967;10.1489;9.92006;9.77668;9.75456;9.44777;9.64979;9.66708;9.62133;9.5653;9.58926;9.74911;9.75982;9.72941;9.75268;9.84639;10.0275;10.1682;10.4394;10.7052;10.7781;11.0031;11.2974;11.5544;11.8388;12.2744;12.4542;12.7297;12.625;12.6678;12.8185;13.0846;13.4745;13.7086;13.8659;14.135;14.4526;14.6408;14.8808;15",1.25088
"0.566667;0.0333333;0.4"
24.2529,0.748339,3.09505,"20.9591;20.6785;20.3944;19.9996;19.9627;19.5473;19.4516;19.3416;19.0789;18.7412;18.3925;18.1551;17.9572;17.6802;17.4787;17.2056;16.8967;16.6298;16.2975;15.9875;15.6977;15.276;15.0309;14.8989;14.6212;14.2992;13.9088;13.5385;13.4013;13.0134;12.6001;12.1225;11.6888;11.3632;10.9919;10.732;10.3657;9.95516;9.48282;9.12865;8.9036;8.61094;8.20649;7.83069;7.4296;7.2764;6.87612;6.39606;5.96471;5.56777;5.22445;5.01231;4.87399;4.42507;4.17899;3.74448;3.3286;2.94597;2.60995;2.52948;2.3699;2.18265;2.07308;1.87497;1.69089;1.27364;1","14.9507;14.6018;14.4515;14.2116;14.19;13.9116;13.7602;13.6059;13.3178;13.0373;12.7718;12.6651;12.5111;12.3342;12.2384;11.9222;11.8216;11.665;11.5202;11.2519;11.0101;10.8581;10.6679;10.5293;10.308;10.0782;9.86127;9.59311;9.57898;9.50732;9.46584;9.47014;9.46262;9.64979;9.66708;9.62133;9.5653;9.58926;9.74911;9.75982;9.72941;9.75268;9.84639;10.0275;10.1682;10.4394;10.7052;10.7781;11.0031;11.2974;11.5544;11.8388;12.2744;12.4542;12.7297;12.625;12.6678;12.8185;13.0846;13.4745;13.7086;13.8659;14.135;14.4526;14.6408;14.8808;15",1.1466
"0.566667;0.0666667;0.366667"
24.2472,0.747122,3.09499,"20.9591;20.6785;20.3944;19.9996;19.9627;19.5473;19.4516;19.3416;19.0789;18.7412;18.3925;18.1551;17.9572;17.6802;17.4787;17.2056;16.8967;16.5868;16.2133;15.9875;15.6977;15.3917;15.0111;14.6212;14.2992;13.9088;13.5385;13.4013;13.0134;12.6001;12.1225;11.6888;11.3632;10.9919;10.732;10.3657;9.95516;9.48282;9.12865;8.9036;8.61094;8.20649;7.83069;7.4296;7.2764;6.87612;6.39606;5.96471;5.56777;5.22445;5.01231;4.87399;4.42507;4.17899;3.74448;3.3286;2.94597;2.60995;2.52948;2.3699;2.18265;2.07308;1.87497;1.69089;1.27364;1","14.9507;14.6018;14.4515;14.2116;14.19;13.9116;13.7602;13.6059;13.3178;13.0373;12.7718;12.6651;12.5111;12.3342;12.2384;11.9222;11.8216;11.5035;11.368;11.2519;11.0101;10.8282;10.5586;10.308;10.0782;9.86127;9.59311;9.57898;9.50732;9.46584;9.47014;9.46262;9.64979;9.66708;9.62133;9.5653;9.58926;9.74911;9.75982;9.72941;9.75268;9.84639;10.0275;10.1682;10.4394;10.7052;10.7781;11.0031;11.2974;11.5544;11.8388;12.2744;12.4542;12.7297;12.625;12.6678;12.8185;13.0846;13.4745;13.7086;13.8659;14.135;14.4526;14.6408;14.8808;15",1.04234
"0.566667;0.1;0.333333"
24.3462,0.75075,3.46277,"20.9591;20.6785;20.3944;19.9996;19.5113;19.1855;19.0518;18.621;18.521;18.1955;17.8653;17.7023;17.4163;16.9678;16.6035;16.2626;15.9896;15.8704;15.6977;15.3917;15.0111;14.6212;14.2992;13.9088;13.5385;13.4013;13.0134;12.6001;12.1225;11.6888;11.3632;10.9919;10.732;10.3657;9.95516;9.48282;9.12865;8.9036;8.61094;8.20649;7.83069;7.4296;7.2764;6.87612;6.39606;5.96471;5.56777;5.22445;5.01231;4.87399;4.42507;4.17899;3.74448;3.3286;2.94597;2.60995;2.52948;2.3699;2.18265;2.07308;1.87497;1.69089;1.27364;1","14.9507;14.6018;14.4515;14.2116;14.187;14.0349;13.8446;13.5907;13.5254;13.2368;13.0161;12.8926;12.6695;12.4541;12.1167;11.8776;11.5879;11.3605;11.0101;10.8282;10.5586;10.308;10.0782;9.86127;9.59311;9.57898;9.50732;9.46584;9.47014;9.46262;9.64979;9.66708;9.62133;9.5653;9.58926;9.74911;9.75982;9.72941;9.75268;9.84639;10.0275;10.1682;10.4394;10.7052;10.7781;11.0031;11.2974;11.5544;11.8388;12.2744;12.4542;12.7297;12.625;12.6678;12.8185;13.0846;13.4745;13.7086;13.8659;14.135;14.4526;14.6408;14.8808;15",1.04844
"0.566667;0.133333;0.3"
24.264,0.746664,3.05749,"20.9591;20.6785;20.3944;19.9996;19.9627;19.5473;19.4516;19.3416;19.0789;18.7852;18.3925;18.1551;17.9572;17.6802;17.4787;17.2056;16.8967;16.5868;16.2133;16.0454;15.753;15.4167;15.0111;14.6212;14.2992;13.9088;13.5385;13.4013;13.0134;12.6001;12.1225;11.6888;11.3632;10.9919;10.732;10.3657;9.95516;9.48282;9.12865;8.9036;8.61094;8.20649;7.83069;7.4296;7.2764;6.87612;6.39606;5.96471;5.56777;5.22445;5.01231;4.87399;4.42507;4.17899;3.74448;3.3286;2.94597;2.60995;2.52948;2.3699;2.18265;2.07308;1.87497;1.69089;1.27364;1","14.9507;14.6018;14.4515;14.2116;14.19;13.9116;13.7602;13.6059;13.3178;12.9844;12.7718;12.6651;12.5111;12.3342;12.2384;11.9222;11.8216;11.5035;11.368;11.2134;11.0101;10.7561;10.5586;10.308;10.0782;9.86127;9.59311;9.57898;9.50732;9.46584;9.47014;9.46262;9.64979;9.66708;9.62133;9.5653;9.58926;9.74911;9.75982;9.72941;9.75268;9.84639;10.0275;10.1682;10.4394;10.7052;10.7781;11.0031;11.2974;11.5544;11.8388;12.2744;12.4542;12.7297;12.625;12.6678;12.8185;13.0846;13.4745;13.7086;13.8659;14.135;14.4526;14.6408;14.8808;15",0.823875
"0.566667;0.166667;0.266667"
24.3416,0.744707,3.05827,"20.9591;20.6785;20.3944;19.9996;19.9627;19.5473;19.4516;19.3416;19.0789;18.7852;18.3925;18.1551;17.9572;17.6802;17.4787;17.2056;16.8967;16.5868;16.2133;16.0454;15.7336;15.4167;15.0111;14.6212;14.2992;13.9088;13.5385;13.1278;12.767;12.3565;12.1225;11.6888;11.3632;10.9919;10.732;10.3657;9.95516;9.48282;9.12865;8.9036;8.61094;8.20649;7.83069;7.4296;7.2764;6.87612;6.39606;5.96471;5.56777;5.22445;5.01231;4.87399;4.42507;4.17899;3.74448;3.3286;2.94597;2.60995;2.52948;2.3699;2.18265;2.07308;1.87497;1.69089;1.27364;1","14.9507;14.6018;14.4515;14.2116;14.19;13.9116;13.7602;13.6059;13.3178;12.9844;12.7718;12.6651;12.5111;12.3342;12.2384;11.9222;11.8216;11.5035;11.368;11.2134;10.9509;10.7561;10.5586;10.308;10.0782;9.86127;9.59311;9.44479;9.32329;9.50146;9.47014;9.46262;9.64979;9.66708;9.62133;9.5653;9.58926;9.74911;9.75982;9.72941;9.75268;9.84639;10.0275;10.1682;10.4394;10.7052;10.7781;11.0031;11.2974;11.5544;11.8388;12.2744;12.4542;12.7297;12.625;12.6678;12.8185;13.0846;13.4745;13.7086;13.8659;14.135;14.4526;14.6408;14.8808;15",0.721072
"0.566667;0.2;0.233333"
24.328,0.744697,3.0958,"20.9591;20.6785;20.3944;19.9996;19.9627;19.5473;19.4516;19.3416;19.0789;18.7412;18.3925;18.1551;17.9572;17.6802;17.4787;17.2056;16.8967;16.5868;16.2133;16.0454;15.7336;15.4167;15.0111;14.6212;14.2992;13.9088;13.5385;13.1278;12.767;12.3565;12.1225;11.6888;11.3632;10.9919;10.732;10.3657;9.95516;9.48282;9.12865;8.9036;8.61094;8.20649;7.83069;7.4296;7.2764;6.87612;6.39606;5.96471;5.56777;5.22445;5.01231;4.87399;4.42507;4.17899;3.74448;3.3286;2.94597;2.60995;2.52948;2.3699;2.18265;2.07308;1.87497;1.69089;1.27364;1","14.9507;14.6018;14.4515;14.2116;14.19;13.9116;13.7602;13.6059;13.3178;13.0373;12.7718;12.6651;12.5111;12.3342;12.2384;11.9222;11.8216;11.5035;11.368;11.2134;10.9509;10.7561;10.5586;10.308;10.0782;9.86127;9.59311;9.44479;9.32329;9.50146;9.47014;9.46262;9.64979;9.66708;9.62133;9.5653;9.58926;9.74911;9.75982;9.72941;9.75268;9.84639;10.0275;10.1682;10.4394;10.7052;10.7781;11.0031;11.2974;11.5544;11.8388;12.2744;12.4542;12.7297;12.625;12.6678;12.8185;13.0846;13.4745;13.7086;13.8659;14.135;14.4526;14.6408;14.8808;15",0.625568
"0.566667;0.233333;0.2"
23.2373,0.124274,11.6187,"21.0021;20.6371;20.1476;19.8993;20.0052;19.7587;19.5012;19.2453;19.2116;18.9722;18.5147;18.2323;17.8616;17.5784;17.0997;16.9526;16.4847;16.1745;15.9638;15.5085;15.1027;14.6773;14.4894;14.1253;13.824;13.3803;13.2708;12.8137;12.5927;12.1813;11.7746;11.3691;10.9959;10.6001;10.4831;10.0764;9.74519;9.31899;9.15219;8.79818;8.65282;8.15282;7.88754;7.49782;7.27595;6.89851;6.76183;6.34229;5.98186;5.75803;5.41296;4.9235;4.56701;4.11057;3.65422;3.50753;3.23682;3.02224;2.77497;2.4487;2.16262;1.70477;1.39947;1","15.1397;14.8719;14.8736;15.2284;15.5003;15.8289;16.1702;16.5342;16.7104;16.8419;16.9234;17.1119;17.3614;17.6514;17.7532;17.6927;17.72;17.968;17.9367;18.1059;18.3691;18.1335;17.8422;17.6147;17.6025;17.6894;17.6936;17.6636;17.55;17.5611;17.5676;17.4617;17.4869;17.5984;17.6288;17.6946;17.6111;17.3583;17.1136;17.1042;17.021;17.018;16.9737;16.7983;16.7012;16.4217;16.4323;16.351;16.1439;16.3476;16.5091;16.4983;16.3621;16.2118;16.0511;15.8873;15.7488;15.4451;15.4104;15.2367;15.0475;15.0703;14.9914;15",1.94808
"0.566667;0.266667;0.166667"
23.1284,0.126176,11.5642,"21.0021;20.6371;20.1476;19.8503;19.4047;19.0145;18.7129;18.6548;18.5821;18.4879;18.189;17.903;17.4824;17.2774;16.9493;16.5903;16.2972;15.9995;15.7901;15.5085;15.1027;14.6773;14.4894;14.1253;13.824;13.3803;13.2708;12.8137;12.5927;12.1813;11.7746;11.3691;10.9959;10.6001;10.4831;10.0764;9.74519;9.31899;9.15219;8.79818;8.65282;8.15282;7.88754;7.49782;7.27595;6.89851;6.76183;6.34229;5.98186;5.75803;5.41296;4.9235;4.56701;4.11057;3.65422;3.50753;3.23682;3.02224;2.77497;2.4487;2.16262;1.70477;1.39947;1","15.1397;14.8719;14.8736;14.7655;14.8893;15.1486;15.4278;15.5139;15.8728;16.1934;16.5122;16.8404;17.0114;17.0665;16.9752;17.235;17.3661;17.696;17.7488;18.1059;18.3691;18.1335;17.8422;17.6147;17.6025;17.6894;17.6936;17.6636;17.55;17.5611;17.5676;17.4617;17.4869;17.5984;17.6288;17.6946;17.6111;17.3583;17.1136;17.1042;17.021;17.018;16.9737;16.7983;16.7012;16.4217;16.4323;16.351;16.1439;16.3476;16.5091;16.4983;16.3621;16.2118;16.0511;15.8873;15.7488;15.4451;15.4104;15.2367;15.0475;15.0703;14.9914;15",1.55121
"0.566667;0.3;0.133333"
23.5534,0.12458,11.7767,"20.9591;20.6785;20.3944;20.1476;19.8993;20.0052;19.7587;19.5012;19.2453;19.2116;18.9722;18.5147;18.2323;17.8616;17.5784;17.0997;16.9526;16.4847;16.1745;15.9638;15.5085;15.1027;14.6773;14.4894;14.1253;13.824;13.3803;13.2708;12.8137;12.5927;12.1813;11.7746;11.3691;10.9959;10.6001;10.4831;10.0764;9.74519;9.31899;9.15219;8.79818;8.65282;8.15282;7.88754;7.49782;7.27595;6.89851;6.76183;6.34229;5.98186;5.75803;5.41296;4.9235;4.56701;4.11057;3.65422;3.50753;3.23682;3.02224;2.77497;2.4487;2.16262;1.70477;1.39947;1","14.9507;14.6018;14.4515;14.8736;15.2284;15.5003;15.8289;16.1702;16.5342;16.7104;16.8419;16.9234;17.1119;17.3614;17.6514;17.7532;17.6927;17.72;17.968;17.9367;18.1059;18.3691;18.1335;17.8422;17.6147;17.6025;17.6894;17.6936;17.6636;17.55;17.5611;17.5676;17.4617;17.4869;17.5984;17.6288;17.6946;17.6111;17.3583;17.1136;17.1042;17.021;17.018;16.9737;16.7983;16.7012;16.4217;16.4323;16.351;16.1439;16.3476;16.5091;16.4983;16.3621;16.2118;16.0511;15.8873;15.7488;15.4451;15.4104;15.2367;15.0475;15.0703;14.9914;15",1.18087
"0.566667;0.333333;0.1"
23.4445,0.126482,11.7222,"20.9591;20.6785;20.3944;20.1476;19.8503;19.4047;19.0145;18.7129;18.6548;18.5821;18.4879;18.189;17.903;17.4824;17.2774;16.9493;16.5903;16.2972;15.9995;15.7901;15.5085;15.1027;14.6773;14.4894;14.1253;13.824;13.3803;13.2708;12.8137;12.5927;12.1813;11.7746;11.3691;10.9959;10.6001;10.4831;10.0764;9.74519;9.31899;9.15219;8.79818;8.65282;8.15282;7.88754;7.49782;7.27595;6.89851;6.76183;6.34229;5.98186;5.75803;5.41296;4.9235;4.56701;4.11057;3.65422;3.50753;3.23682;3.02224;2.77497;2.4487;2.16262;1.70477;1.39947;1","14.9507;14.6018;14.4515;14.8736;14.7655;14.8893;15.1486;15.4278;15.5139;15.8728;16.1934;16.5122;16.8404;17.0114;17.0665;16.9752;17.235;17.3661;17.696;17.7488;18.1059;18.3691;18.1335;17.8422;17.6147;17.6025;17.6894;17.6936;17.6636;17.55;17.5611;17.5676;17.4617;17.4869;17.5984;17.6288;17.6946;17.6111;17.3583;17.1136;17.1042;17.021;17.018;16.9737;16.7983;16.7012;16.4217;16.4323;16.351;16.1439;16.3476;16.5091;16.4983;16.3621;16.2118;16.0511;15.8873;15.7488;15.4451;15.4104;15.2367;15.0475;15.0703;14.9914;15",0.783618
"0.566667;0.366667;0.0666667"
23.6016,0.127948,11.8008,"21.2074;20.9384;20.6785;20.3944;20.1476;19.8503;19.4047;18.9359;18.7299;18.4883;18.1382;17.6865;17.6183;17.405;17.2449;16.9909;16.6367;16.2972;15.9995;15.7901;15.5085;15.1027;14.6773;14.4894;14.1253;13.824;13.3803;13.2708;12.8137;12.5927;12.1813;11.7746;11.3691;10.9959;10.6001;10.4831;10.0764;9.74519;9.31899;9.15219;8.79818;8.65282;8.15282;7.88754;7.49782;7.27595;6.89851;6.76183;6.34229;5.98186;5.75803;5.41296;4.9235;4.56701;4.11057;3.65422;3.50753;3.23682;3.02224;2.77497;2.4487;2.16262;1.70477;1.39947;1","14.9691;14.8333;14.6018;14.4515;14.8736;14.7655;14.8893;14.9797;15.0065;15.2271;15.2804;15.4696;15.8882;16.2368;16.4772;16.7877;17.0606;17.3661;17.696;17.7488;18.1059;18.3691;18.1335;17.8422;17.6147;17.6025;17.6894;17.6936;17.6636;17.55;17.5611;17.5676;17.4617;17.4869;17.5984;17.6288;17.6946;17.6111;17.3583;17.1136;17.1042;17.021;17.018;16.9737;16.7983;16.7012;16.4217;16.4323;16.351;16.1439;16.3476;16.5091;16.4983;16.3621;16.2118;16.0511;15.8873;15.7488;15.4451;15.4104;15.2367;15.0475;15.0703;14.9914;15",0.396856
"0.566667;0.4;0.0333333"
23.7171,0.122728,11.8585,"21.2074;20.9384;20.6785;20.3944;20.1476;19.8993;20.0052;19.7587;19.4532;18.9745;18.5239;18.189;17.903;17.4824;17.2774;17.0041;16.5903;16.2438;15.9995;15.7901;15.5085;15.1027;14.6542;14.2746;13.9446;13.4696;13.0627;12.9214;12.5601;12.1813;11.7746;11.3691;11.0353;10.6001;10.3834;10.0764;9.74519;9.31899;9.15219;8.79818;8.65282;8.17491;7.88754;7.49782;7.27595;6.89851;6.76183;6.34229;5.98186;5.75803;5.41296;4.9235;4.56701;4.11057;3.65422;3.50753;3.23682;3.02224;2.77497;2.4487;2.16262;1.70477;1.39947;1","14.9691;14.8333;14.6018;14.4515;14.8736;15.2284;15.5003;15.8289;16.1692;16.2706;16.193;16.5122;16.8404;17.0114;17.0665;17.2273;17.235;17.5023;17.696;17.7488;18.1059;18.3691;18.5828;18.3226;18.3192;18.1737;17.9418;17.9575;17.8017;17.5611;17.5676;17.4617;17.3983;17.5984;17.6844;17.6946;17.6111;17.3583;17.1136;17.1042;17.021;17.037;16.9737;16.7983;16.7012;16.4217;16.4323;16.351;16.1439;16.3476;16.5091;16.4983;16.3621;16.2118;16.0511;15.8873;15.7488;15.4451;15.4104;15.2367;15.0475;15.0703;14.9914;15",0.273828
"0.566667;0.433333;0"
24.3148,3.95505,3.09567,"20.9591;20.6785;20.3944;19.9996;19.9627;19.5473;19.4516;19.3416;19.0789;18.7412;18.3925;18.1551;17.9572;17.6802;17.4787;17.1113;16.8967;16.6298;16.2975;15.9875;15.6977;15.276;14.8275;14.5972;14.3699;13.9324;13.5096;13.3034;12.9441;12.7312;12.4301;12.0122;11.6316;11.3632;10.9353;10.4613;10.0993;9.61539;9.15539;8.85285;8.5356;8.33741;7.91188;7.4296;7.2764;6.87612;6.39606;5.96471;5.56777;5.22445;5.01231;4.87399;4.42507;4.17899;3.74448;3.3286;2.94597;2.60995;2.52948;2.3699;2.18265;2.07308;1.87497;1.69089;1.27364;1","14.9507;14.6018;14.4515;14.2116;14.19;13.9116;13.7602;13.6059;13.3178;13.0373;12.7718;12.6651;12.5111;12.3342;12.2384;12.0989;11.8216;11.665;11.5202;11.2519;11.0101;10.8581;10.8893;10.9118;10.8547;10.6379;10.4536;10.2967;10.1489;9.92006;9.77668;9.75456;9.44777;9.64979;9.89159;9.91842;10.0121;10.0156;9.8962;10.0729;10.1629;10.2239;10.2289;10.1682;10.4394;10.7052;10.7781;11.0031;11.2974;11.5544;11.8388;12.2744;12.4542;12.7297;12.625;12.6678;12.8185;13.0846;13.4745;13.7086;13.8659;14.135;14.4526;14.6408;14.8808;15",1.25108
"0.6;0;0.4"
24.2648,1.02526,3.09516,"20.9591;20.6785;20.3944;19.9996;19.9627;19.5473;19.4516;19.3416;19.0789;18.7412;18.3925;18.1551;17.9572;17.6802;17.4787;17.1113;16.8967;16.6298;16.2975;15.9875;15.6977;15.276;14.8275;14.5972;14.3699;13.9324;13.5096;13.3034;12.9441;12.7312;12.4301;12.0122;11.6316;11.3632;10.9919;10.732;10.3657;9.95516;9.48282;9.12865;8.9036;8.61094;8.20649;7.83069;7.4296;7.2764;6.87612;6.39606;5.96471;5.56777;5.22445;5.01231;4.87399;4.42507;4.17899;3.74448;3.3286;2.94597;2.60995;2.52948;2.3699;2.18265;2.07308;1.87497;1.69089;1.27364;1","14.9507;14.6018;14.4515;14.2116;14.19;13.9116;13.7602;13.6059;13.3178;13.0373;12.7718;12.6651;12.5111;12.3342;12.2384;12.0989;11.8216;11.665;11.5202;11.2519;11.0101;10.8581;10.8893;10.9118;10.8547;10.6379;10.4536;10.2967;10.1489;9.92006;9.77668;9.75456;9.44777;9.64979;9.66708;9.62133;9.5653;9.58926;9.74911;9.75982;9.72941;9.75268;9.84639;10.0275;10.1682;10.4394;10.7052;10.7781;11.0031;11.2974;11.5544;11.8388;12.2744;12.4542;12.7297;12.625;12.6678;12.8185;13.0846;13.4745;13.7086;13.8659;14.135;14.4526;14.6408;14.8808;15",1.14664
"0.6;0.0333333;0.366667"
24.2529,0.748339,3.09505,"20.9591;20.6785;20.3944;19.9996;19.9627;19.5473;19.4516;19.3416;19.0789;18.7412;18.3925;18.1551;17.9572;17.6802;17.4787;17.2056;16.8967;16.6298;16.2975;15.9875;15.6977;15.276;15.0309;14.8989;14.6212;14.2992;13.9088;13.5385;13.4013;13.0134;12.6001;12.1225;11.6888;11.3632;10.9919;10.732;10.3657;9.95516;9.48282;9.12865;8.9036;8.61094;8.20649;7.83069;7.4296;7.2764;6.87612;6.39606;5.96471;5.56777;5.22445;5.01231;4.87399;4.42507;4.17899;3.74448;3.3286;2.94597;2.60995;2.52948;2.3699;2.18265;2.07308;1.87497;1.69089;1.27364;1","14.9507;14.6018;14.4515;14.2116;14.19;13.9116;13.7602;13.6059;13.3178;13.0373;12.7718;12.6651;12.5111;12.3342;12.2384;11.9222;11.8216;11.665;11.5202;11.2519;11.0101;10.8581;10.6679;10.5293;10.308;10.0782;9.86127;9.59311;9.57898;9.50732;9.46584;9.47014;9.46262;9.64979;9.66708;9.62133;9.5653;9.58926;9.74911;9.75982;9.72941;9.75268;9.84639;10.0275;10.1682;10.4394;10.7052;10.7781;11.0031;11.2974;11.5544;11.8388;12.2744;12.4542;12.7297;12.625;12.6678;12.8185;13.0846;13.4745;13.7086;13.8659;14.135;14.4526;14.6408;14.8808;15",1.04236
"0.6;0.0666667;0.333333"
24.3462,0.75075,3.46277,"20.9591;20.6785;20.3944;19.9996;19.5113;19.1855;19.0518;18.621;18.521;18.1955;17.8653;17.7023;17.4163;16.9678;16.6035;16.2626;15.9896;15.8704;15.6977;15.3917;15.0111;14.6212;14.2992;13.9088;13.5385;13.4013;13.0134;12.6001;12.1225;11.6888;11.3632;10.9919;10.732;10.3657;9.95516;9.48282;9.12865;8.9036;8.61094;8.20649;7.83069;7.4296;7.2764;6.87612;6.39606;5.96471;5.56777;5.22445;5.01231;4.87399;4.42507;4.17899;3.74448;3.3286;2.94597;2.60995;2.52948;2.3699;2.18265;2.07308;1.87497;1.69089;1.27364;1","14.9507;14.6018;14.4515;14.2116;14.187;14.0349;13.8446;13.5907;13.5254;13.2368;13.0161;12.8926;12.6695;12.4541;12.1167;11.8776;11.5879;11.3605;11.0101;10.8282;10.5586;10.308;10.0782;9.86127;9.59311;9.57898;9.50732;9.46584;9.47014;9.46262;9.64979;9.66708;9.62133;9.5653;9.58926;9.74911;9.75982;9.72941;9.75268;9.84639;10.0275;10.1682;10.4394;10.7052;10.7781;11.0031;11.2974;11.5544;11.8388;12.2744;12.4542;12.7297;12.625;12.6678;12.8185;13.0846;13.4745;13.7086;13.8659;14.135;14.4526;14.6408;14.8808;15",1.04844
"0.6;0.1;0.3"
24.2799,0.748166,3.05765,"20.9591;20.6785;20.3944;19.9996;19.9627;19.5473;19.4516;19.3416;19.0789;18.7852;18.3925;18.1551;17.9572;17.6802;17.4787;17.2056;16.8967;16.5868;16.2133;15.9875;15.6977;15.276;15.0309;14.8989;14.6212;14.2992;13.9088;13.5385;13.4013;13.0134;12.6001;12.1225;11.6888;11.3632;10.9919;10.732;10.3657;9.95516;9.48282;9.12865;8.9036;8.61094;8.20649;7.83069;7.4296;7.2764;6.87612;6.39606;5.96471;5.56777;5.22445;5.01231;4.87399;4.42507;4.17899;3.74448;3.3286;2.94597;2.60995;2.52948;2.3699;2.18265;2.07308;1.87497;1.69089;1.27364;1","14.9507;14.6018;14.4515;14.2116;14.19;13.9116;13.7602;13.6059;13.3178;12.9844;12.7718;12.6651;12.5111;12.3342;12.2384;11.9222;11.8216;11.5035;11.368;11.2519;11.0101;10.8581;10.6679;10.5293;10.308;10.0782;9.86127;9.59311;9.57898;9.50732;9.46584;9.47014;9.46262;9.64979;9.66708;9.62133;9.5653;9.58926;9.74911;9.75982;9.72941;9.75268;9.84639;10.0275;10.1682;10.4394;10.7052;10.7781;11.0031;11.2974;11.5544;11.8388;12.2744;12.4542;12.7297;12.625;12.6678;12.8185;13.0846;13.4745;13.7086;13.8659;14.135;14.4526;14.6408;14.8808;15",0.823917
"0.6;0.133333;0.266667"
24.2922,0.748069,3.09544,"20.9591;20.6785;20.3944;19.9996;19.9627;19.5473;19.4516;19.3416;19.0789;18.7412;18.3925;18.1551;17.9125;17.6802;17.4787;17.2056;16.8967;16.5868;16.2133;16.0454;15.7336;15.276;15.0309;14.8989;14.6212;14.2992;13.9088;13.5385;13.4013;13.0134;12.6001;12.1225;11.6888;11.3632;10.9919;10.732;10.3657;9.95516;9.48282;9.12865;8.9036;8.61094;8.20649;7.83069;7.4296;7.2764;6.87612;6.39606;5.96471;5.56777;5.22445;5.01231;4.87399;4.42507;4.17899;3.74448;3.3286;2.94597;2.60995;2.52948;2.3699;2.18265;2.07308;1.87497;1.69089;1.27364;1","14.9507;14.6018;14.4515;14.2116;14.19;13.9116;13.7602;13.6059;13.3178;13.0373;12.7718;12.6651;12.5343;12.3342;12.2384;11.9222;11.8216;11.5035;11.368;11.2134;10.9509;10.8581;10.6679;10.5293;10.308;10.0782;9.86127;9.59311;9.57898;9.50732;9.46584;9.47014;9.46262;9.64979;9.66708;9.62133;9.5653;9.58926;9.74911;9.75982;9.72941;9.75268;9.84639;10.0275;10.1682;10.4394;10.7052;10.7781;11.0031;11.2974;11.5544;11.8388;12.2744;12.4542;12.7297;12.625;12.6678;12.8185;13.0846;13.4745;13.7086;13.8659;14.135;14.4526;14.6408;14.8808;15",0.729745
"0.6;0.166667;0.233333"
24.3156,0.743074,3.09567,"20.9591;20.6785;20.3944;19.9996;19.9627;19.5473;19.4516;19.3416;19.0789;18.7412;18.3925;18.1551;17.9572;17.6802;17.4787;17.2056;16.8967;16.5868;16.2133;16.0454;15.7336;15.4167;15.0111;14.6212;14.2992;13.9088;13.5385;13.1278;12.767;12.4307;12.1225;11.6888;11.3632;10.9919;10.732;10.3657;9.95516;9.48282;9.12865;8.9036;8.61094;8.20649;7.83069;7.4296;7.2764;6.87612;6.39606;5.96471;5.56777;5.22445;5.01231;4.87399;4.42507;4.17899;3.74448;3.3286;2.94597;2.60995;2.52948;2.3699;2.18265;2.07308;1.87497;1.69089;1.27364;1","14.9507;14.6018;14.4515;14.2116;14.19;13.9116;13.7602;13.6059;13.3178;13.0373;12.7718;12.6651;12.5111;12.3342;12.2384;11.9222;11.8216;11.5035;11.368;11.2134;10.9509;10.7561;10.5586;10.308;10.0782;9.86127;9.59311;9.44479;9.32329;9.45961;9.47014;9.46262;9.64979;9.66708;9.62133;9.5653;9.58926;9.74911;9.75982;9.72941;9.75268;9.84639;10.0275;10.1682;10.4394;10.7052;10.7781;11.0031;11.2974;11.5544;11.8388;12.2744;12.4542;12.7297;12.625;12.6678;12.8185;13.0846;13.4745;13.7086;13.8659;14.135;14.4526;14.6408;14.8808;15",0.625543
"0.6;0.2;0.2"
23.1284,0.126176,11.5642,"21.0021;20.6371;20.1476;19.8503;19.4047;19.0145;18.7129;18.6548;18.5821;18.4879;18.189;17.903;17.4824;17.2774;16.9493;16.5903;16.2972;15.9995;15.7901;15.5085;15.1027;14.6773;14.4894;14.1253;13.824;13.3803;13.2708;12.8137;12.5927;12.1813;11.7746;11.3691;10.9959;10.6001;10.4831;10.0764;9.74519;9.31899;9.15219;8.79818;8.65282;8.15282;7.88754;7.49782;7.27595;6.89851;6.76183;6.34229;5.98186;5.75803;5.41296;4.9235;4.56701;4.11057;3.65422;3.50753;3.23682;3.02224;2.77497;2.4487;2.16262;1.70477;1.39947;1","15.1397;14.8719;14.8736;14.7655;14.8893;15.1486;15.4278;15.5139;15.8728;16.1934;16.5122;16.8404;17.0114;17.0665;16.9752;17.235;17.3661;17.696;17.7488;18.1059;18.3691;18.1335;17.8422;17.6147;17.6025;17.6894;17.6936;17.6636;17.55;17.5611;17.5676;17.4617;17.4869;17.5984;17.6288;17.6946;17.6111;17.3583;17.1136;17.1042;17.021;17.018;16.9737;16.7983;16.7012;16.4217;16.4323;16.351;16.1439;16.3476;16.5091;16.4983;16.3621;16.2118;16.0511;15.8873;15.7488;15.4451;15.4104;15.2367;15.0475;15.0703;14.9914;15",1.93901
"0.6;0.233333;0.166667"
23.1284,0.126176,11.5642,"21.0021;20.6371;20.1476;19.8503;19.4047;19.0145;18.7129;18.6548;18.5821;18.4879;18.189;17.903;17.4824;17.2774;16.9493;16.5903;16.2972;15.9995;15.7901;15.5085;15.1027;14.6773;14.4894;14.1253;13.824;13.3803;13.2708;12.8137;12.5927;12.1813;11.7746;11.3691;10.9959;10.6001;10.4831;10.0764;9.74519;9.31899;9.15219;8.79818;8.65282;8.15282;7.88754;7.49782;7.27595;6.89851;6.76183;6.34229;5.98186;5.75803;5.41296;4.9235;4.56701;4.11057;3.65422;3.50753;3.23682;3.02224;2.77497;2.4487;2.16262;1.70477;1.39947;1","15.1397;14.8719;14.8736;14.7655;14.8893;15.1486;15.4278;15.5139;15.8728;16.1934;16.5122;16.8404;17.0114;17.0665;16.9752;17.235;17.3661;17.696;17.7488;18.1059;18.3691;18.1335;17.8422;17.6147;17.6025;17.6894;17.6936;17.6636;17.55;17.5611;17.5676;17.4617;17.4869;17.5984;17.6288;17.6946;17.6111;17.3583;17.1136;17.1042;17.021;17.018;16.9737;16.7983;16.7012;16.4217;16.4323;16.351;16.1439;16.3476;16.5091;16.4983;16.3621;16.2118;16.0511;15.8873;15.7488;15.4451;15.4104;15.2367;15.0475;15.0703;14.9914;15",1.55121
"0.6;0.266667;0.133333"
23.4445,0.126482,11.7222,"20.9591;20.6785;20.3944;20.1476;19.8503;19.4047;19.0145;18.7129;18.6548;18.5821;18.4879;18.189;17.903;17.4824;17.2774;16.9493;16.5903;16.2972;15.9995;15.7901;15.5085;15.1027;14.6773;14.4894;14.1253;13.824;13.3803;13.2708;12.8137;12.5927;12.1813;11.7746;11.3691;10.9959;10.6001;10.4831;10.0764;9.74519;9.31899;9.15219;8.79818;8.65282;8.15282;7.88754;7.49782;7.27595;6.89851;6.76183;6.34229;5.98186;5.75803;5.41296;4.9235;4.56701;4.11057;3.65422;3.50753;3.23682;3.02224;2.77497;2.4487;2.16262;1.70477;1.39947;1","14.9507;14.6018;14.4515;14.8736;14.7655;14.8893;15.1486;15.4278;15.5139;15.8728;16.1934;16.5122;16.8404;17.0114;17.0665;16.9752;17.235;17.3661;17.696;17.7488;18.1059;18.3691;18.1335;17.8422;17.6147;17.6025;17.6894;17.6936;17.6636;17.55;17.5611;17.5676;17.4617;17.4869;17.5984;17.6288;17.6946;17.6111;17.3583;17.1136;17.1042;17.021;17.018;16.9737;16.7983;16.7012;16.4217;16.4323;16.351;16.1439;16.3476;16.5091;16.4983;16.3621;16.2118;16.0511;15.8873;15.7488;15.4451;15.4104;15.2367;15.0475;15.0703;14.9914;15",1.17543
"0.6;0.3;0.1"
23.5534,0.12458,11.7767,"20.9591;20.6785;20.3944;20.1476;19.8993;20.0052;19.7587;19.5012;19.2453;19.2116;18.9722;18.5147;18.2323;17.8616;17.5784;17.0997;16.9526;16.4847;16.1745;15.9638;15.5085;15.1027;14.6773;14.4894;14.1253;13.824;13.3803;13.2708;12.8137;12.5927;12.1813;11.7746;11.3691;10.9959;10.6001;10.4831;10.0764;9.74519;9.31899;9.15219;8.79818;8.65282;8.15282;7.88754;7.49782;7.27595;6.89851;6.76183;6.34229;5.98186;5.75803;5.41296;4.9235;4.56701;4.11057;3.65422;3.50753;3.23682;3.02224;2.77497;2.4487;2.16262;1.70477;1.39947;1","14.9507;14.6018;14.4515;14.8736;15.2284;15.5003;15.8289;16.1702;16.5342;16.7104;16.8419;16.9234;17.1119;17.3614;17.6514;17.7532;17.6927;17.72;17.968;17.9367;18.1059;18.3691;18.1335;17.8422;17.6147;17.6025;17.6894;17.6936;17.6636;17.55;17.5611;17.5676;17.4617;17.4869;17.5984;17.6288;17.6946;17.6111;17.3583;17.1136;17.1042;17.021;17.018;16.9737;16.7983;16.7012;16.4217;16.4323;16.351;16.1439;16.3476;16.5091;16.4983;16.3621;16.2118;16.0511;15.8873;15.7488;15.4451;15.4104;15.2367;15.0475;15.0703;14.9914;15",0.787248
"0.6;0.333333;0.0666667"
23.6016,0.127948,11.8008,"21.2074;20.9384;20.6785;20.3944;20.1476;19.8503;19.4047;18.9359;18.7299;18.4883;18.1382;17.6865;17.6183;17.405;17.2449;16.9909;16.6367;16.2972;15.9995;15.7901;15.5085;15.1027;14.6773;14.4894;14.1253;13.824;13.3803;13.2708;12.8137;12.5927;12.1813;11.7746;11.3691;10.9959;10.6001;10.4831;10.0764;9.74519;9.31899;9.15219;8.79818;8.65282;8.15282;7.88754;7.49782;7.27595;6.89851;6.76183;6.34229;5.98186;5.75803;5.41296;4.9235;4.56701;4.11057;3.65422;3.50753;3.23682;3.02224;2.77497;2.4487;2.16262;1.70477;1.39947;1","14.9691;14.8333;14.6018;14.4515;14.8736;14.7655;14.8893;14.9797;15.0065;15.2271;15.2804;15.4696;15.8882;16.2368;16.4772;16.7877;17.0606;17.3661;17.696;17.7488;18.1059;18.3691;18.1335;17.8422;17.6147;17.6025;17.6894;17.6936;17.6636;17.55;17.5611;17.5676;17.4617;17.4869;17.5984;17.6288;17.6946;17.6111;17.3583;17.1136;17.1042;17.021;17.018;16.9737;16.7983;16.7012;16.4217;16.4323;16.351;16.1439;16.3476;16.5091;16.4983;16.3621;16.2118;16.0511;15.8873;15.7488;15.4451;15.4104;15.2367;15.0475;15.0703;14.9914;15",0.396856
"0.6;0.366667;0.0333333"
23.4895,1.37915,11.7447,"21.0278;20.9384;20.6785;20.3944;19.9996;19.5113;19.1855;18.8327;18.4425;18.1327;17.8028;17.395;16.9183;16.4717;16.0659;15.8601;15.403;15.0662;14.7122;14.4402;14.316;14.0153;13.9783;14.0175;14.0602;13.9371;13.5738;13.1146;12.8993;12.4512;12.2429;11.8822;11.6541;11.409;10.9943;10.7149;10.446;10.191;9.93685;9.61749;9.19456;9.01429;8.53679;8.0797;7.91139;7.62899;7.41986;6.97879;6.90957;6.44291;6.40435;6.03442;5.66148;5.22279;4.97002;4.6261;4.46977;3.99309;3.73703;3.29131;2.83775;2.48731;2.16262;1.70477;1.39947;1","15.0532;14.8333;14.6018;14.4515;14.2116;14.187;14.0349;14.0783;13.9439;13.792;13.6493;13.5396;13.6259;13.8058;13.7938;13.7327;13.8521;13.7393;13.5941;13.6749;13.9271;14.2935;14.6486;14.973;15.2459;15.5436;15.6326;15.65;16.0156;15.9591;16.1846;16.3033;16.2701;16.3836;16.4963;16.6604;16.6042;16.8414;16.5201;16.3978;16.2695;16.4003;16.4604;16.4297;16.2152;16.1211;16.1803;16.0804;15.9561;15.8647;15.863;15.5746;15.6298;15.7198;15.7425;15.5685;15.5567;15.7076;15.588;15.4001;15.2523;15.0542;15.0475;15.0703;14.9914;15",0.551678
"0.6;0.4;0"
24.3148,3.95505,3.09567,"20.9591;20.6785;20.3944;19.9996;19.9627;19.5473;19.4516;19.3416;19.0789;18.7412;18.3925;18.1551;17.9572;17.6802;17.4787;17.1113;16.8967;16.6298;16.2975;15.9875;15.6977;15.276;14.8275;14.5972;14.3699;13.9324;13.5096;13.3034;12.9441;12.7312;12.4301;12.0122;11.6316;11.3632;10.9353;10.4613;10.0993;9.61539;9.15539;8.85285;8.5356;8.33741;7.91188;7.4296;7.2764;6.87612;6.39606;5.96471;5.56777;5.22445;5.01231;4.87399;4.42507;4.17899;3.74448;3.3286;2.94597;2.60995;2.52948;2.3699;2.18265;2.07308;1.87497;1.69089;1.27364;1","14.9507;14.6018;14.4515;14.2116;14.19;13.9116;13.7602;13.6059;13.3178;13.0373;12.7718;12.6651;12.5111;12.3342;12.2384;12.0989;11.8216;11.665;11.5202;11.2519;11.0101;10.8581;10.8893;10.9118;10.8547;10.6379;10.4536;10.2967;10.1489;9.92006;9.77668;9.75456;9.44777;9.64979;9.89159;9.91842;10.0121;10.0156;9.8962;10.0729;10.1629;10.2239;10.2289;10.1682;10.4394;10.7052;10.7781;11.0031;11.2974;11.5544;11.8388;12.2744;12.4542;12.7297;12.625;12.6678;12.8185;13.0846;13.4745;13.7086;13.8659;14.135;14.4526;14.6408;14.8808;15",1.14683
"0.633333;0;0.366667"
24.2915,1.00889,3.46222,"20.9591;20.6785;20.3944;19.9996;19.5113;19.1855;19.0518;18.621;18.521;18.1955;17.8653;17.7023;17.4163;16.9678;16.6035;16.2626;15.9984;15.621;15.4651;15.1442;14.9219;14.5972;14.3699;13.9324;13.5096;13.3034;12.9874;12.8034;12.4301;12.0122;11.6316;11.3632;10.9919;10.732;10.3657;9.95516;9.48282;9.12865;8.9036;8.61094;8.20649;7.83069;7.4296;7.2764;6.87612;6.39606;5.96471;5.56777;5.22445;5.01231;4.87399;4.42507;4.17899;3.74448;3.3286;2.94597;2.60995;2.52948;2.3699;2.18265;2.07308;1.87497;1.69089;1.27364;1","14.9507;14.6018;14.4515;14.2116;14.187;14.0349;13.8446;13.5907;13.5254;13.2368;13.0161;12.8926;12.6695;12.4541;12.1167;11.8776;11.746;11.8071;11.5374;11.2848;11.1481;10.9118;10.8547;10.6379;10.4536;10.2967;10.098;9.8468;9.77668;9.75456;9.44777;9.64979;9.66708;9.62133;9.5653;9.58926;9.74911;9.75982;9.72941;9.75268;9.84639;10.0275;10.1682;10.4394;10.7052;10.7781;11.0031;11.2974;11.5544;11.8388;12.2744;12.4542;12.7297;12.625;12.6678;12.8185;13.0846;13.4745;13.7086;13.8659;14.135;14.4526;14.6408;14.8808;15",1.16475
"0.633333;0.0333333;0.333333"
24.2337,1.00879,3.43336,"20.9591;20.6785;20.3944;19.9996;19.9627;19.5473;19.1872;18.8809;18.521;18.1955;17.8653;17.7023;17.4163;16.9678;16.6035;16.2626;15.9984;15.621;15.4651;15.1442;14.9219;14.5972;14.3699;13.9324;13.5096;13.3034;12.9874;12.8034;12.4301;12.0122;11.6316;11.3632;10.9919;10.732;10.3657;9.95516;9.48282;9.12865;8.9036;8.61094;8.20649;7.83069;7.4296;7.2764;6.87612;6.39606;5.96471;5.56777;5.22445;5.01231;4.87399;4.42507;4.17899;3.74448;3.3286;2.94597;2.60995;2.52948;2.3699;2.18265;2.07308;1.87497;1.69089;1.27364;1","14.9507;14.6018;14.4515;14.2116;14.19;13.9116;13.8195;13.6791;13.5254;13.2368;13.0161;12.8926;12.6695;12.4541;12.1167;11.8776;11.746;11.8071;11.5374;11.2848;11.1481;10.9118;10.8547;10.6379;10.4536;10.2967;10.098;9.8468;9.77668;9.75456;9.44777;9.64979;9.66708;9.62133;9.5653;9.58926;9.74911;9.75982;9.72941;9.75268;9.84639;10.0275;10.1682;10.4394;10.7052;10.7781;11.0031;11.2974;11.5544;11.8388;12.2744;12.4542;12.7297;12.625;12.6678;12.8185;13.0846;13.4745;13.7086;13.8659;14.135;14.4526;14.6408;14.8808;15",1.03962
"0.633333;0.0666667;0.3"
24.2474,0.747314,3.05732,"20.9591;20.6785;20.3944;19.9996;19.9627;19.5473;19.4516;19.3416;19.0789;18.7852;18.3925;18.1551;17.9572;17.6802;17.4787;17.2056;16.8967;16.6298;16.2975;15.9875;15.6977;15.3917;15.0111;14.6212;14.2992;13.9088;13.5385;13.4013;13.0134;12.6001;12.1225;11.6888;11.3632;10.9919;10.732;10.3657;9.95516;9.48282;9.12865;8.9036;8.61094;8.20649;7.83069;7.4296;7.2764;6.87612;6.39606;5.96471;5.56777;5.22445;5.01231;4.87399;4.42507;4.17899;3.74448;3.3286;2.94597;2.60995;2.52948;2.3699;2.18265;2.07308;1.87497;1.69089;1.27364;1","14.9507;14.6018;14.4515;14.2116;14.19;13.9116;13.7602;13.6059;13.3178;12.9844;12.7718;12.6651;12.5111;12.3342;12.2384;11.9222;11.8216;11.665;11.5202;11.2519;11.0101;10.8282;10.5586;10.308;10.0782;9.86127;9.59311;9.57898;9.50732;9.46584;9.47014;9.46262;9.64979;9.66708;9.62133;9.5653;9.58926;9.74911;9.75982;9.72941;9.75268;9.84639;10.0275;10.1682;10.4394;10.7052;10.7781;11.0031;11.2974;11.5544;11.8388;12.2744;12.4542;12.7297;12.625;12.6678;12.8185;13.0846;13.4745;13.7086;13.8659;14.135;14.4526;14.6408;14.8808;15",0.823831
"0.633333;0.1;0.266667"
24.271,0.747871,3.09523,"20.9591;20.6785;20.3944;19.9996;19.9627;19.5473;19.4516;19.3416;19.0789;18.7412;18.3925;18.1551;17.9572;17.6802;17.4787;17.2056;16.8967;16.5868;16.4485;16.0712;15.6977;15.276;15.0309;14.8989;14.6212;14.2992;13.9088;13.5385;13.4013;13.0134;12.6001;12.1225;11.6888;11.3632;10.9919;10.732;10.3657;9.95516;9.48282;9.12865;8.9036;8.61094;8.20649;7.83069;7.4296;7.2764;6.87612;6.39606;5.96471;5.56777;5.22445;5.01231;4.87399;4.42507;4.17899;3.74448;3.3286;2.94597;2.60995;2.52948;2.3699;2.18265;2.07308;1.87497;1.69089;1.27364;1","14.9507;14.6018;14.4515;14.2116;14.19;13.9116;13.7602;13.6059;13.3178;13.0373;12.7718;12.6651;12.5111;12.3342;12.2384;11.9222;11.8216;11.5035;11.3447;11.1964;11.0101;10.8581;10.6679;10.5293;10.308;10.0782;9.86127;9.59311;9.57898;9.50732;9.46584;9.47014;9.46262;9.64979;9.66708;9.62133;9.5653;9.58926;9.74911;9.75982;9.72941;9.75268;9.84639;10.0275;10.1682;10.4394;10.7052;10.7781;11.0031;11.2974;11.5544;11.8388;12.2744;12.4542;12.7297;12.625;12.6678;12.8185;13.0846;13.4745;13.7086;13.8659;14.135;14.4526;14.6408;14.8808;15",0.729696
"0.633333;0.133333;0.233333"
24.0422,0.743657,3.66972,"20.9591;20.6785;20.3944;19.9996;19.9627;19.5473;19.4516;19.3416;19.0789;18.7412;18.3925;18.1551;17.9572;17.6802;17.4787;17.2056;16.8967;16.5868;16.2133;16.0454;15.7336;15.4167;15.0111;14.6212;14.2992;13.9088;13.5385;13.1278;12.767;12.4307;12.1225;11.6888;11.3632;10.9919;10.732;10.3657;9.95516;9.48282;9.12865;8.9036;8.61094;8.20649;7.83069;7.4296;7.2764;6.87612;6.39606;5.96471;5.56777;5.22445;5.01231;4.87399;4.75685;4.49576;4.19585;3.97458;3.7223;3.50771;3.12889;2.8875;2.69834;2.37415;2.01485;1.69089;1.27364;1","14.9507;14.6018;14.4515;14.2116;14.19;13.9116;13.7602;13.6059;13.3178;13.0373;12.7718;12.6651;12.5111;12.3342;12.2384;11.9222;11.8216;11.5035;11.368;11.2134;10.9509;10.7561;10.5586;10.308;10.0782;9.86127;9.59311;9.44479;9.32329;9.45961;9.47014;9.46262;9.64979;9.66708;9.62133;9.5653;9.58926;9.74911;9.75982;9.72941;9.75268;9.84639;10.0275;10.1682;10.4394;10.7052;10.7781;11.0031;11.2974;11.5544;11.8388;12.2744;12.6345;12.7909;13.1458;13.1984;13.4607;13.5094;13.6161;13.7248;13.9661;14.2062;14.4631;14.6408;14.8808;15",0.740352
"0.633333;0.166667;0.2"
23.1284,0.126176,11.5642,"21.0021;20.6371;20.1476;19.8503;19.4047;19.0145;18.7129;18.6548;18.5821;18.4879;18.189;17.903;17.4824;17.2774;16.9493;16.5903;16.2972;15.9995;15.7901;15.5085;15.1027;14.6773;14.4894;14.1253;13.824;13.3803;13.2708;12.8137;12.5927;12.1813;11.7746;11.3691;10.9959;10.6001;10.4831;10.0764;9.74519;9.31899;9.15219;8.79818;8.65282;8.15282;7.88754;7.49782;7.27595;6.89851;6.76183;6.34229;5.98186;5.75803;5.41296;4.9235;4.56701;4.11057;3.65422;3.50753;3.23682;3.02224;2.77497;2.4487;2.16262;1.70477;1.39947;1","15.1397;14.8719;14.8736;14.7655;14.8893;15.1486;15.4278;15.5139;15.8728;16.1934;16.5122;16.8404;17.0114;17.0665;16.9752;17.235;17.3661;17.696;17.7488;18.1059;18.3691;18.1335;17.8422;17.6147;17.6025;17.6894;17.6936;17.6636;17.55;17.5611;17.5676;17.4617;17.4869;17.5984;17.6288;17.6946;17.6111;17.3583;17.1136;17.1042;17.021;17.018;16.9737;16.7983;16.7012;16.4217;16.4323;16.351;16.1439;16.3476;16.5091;16.4983;16.3621;16.2118;16.0511;15.8873;15.7488;15.4451;15.4104;15.2367;15.0475;15.0703;14.9914;15",1.93901
"0.633333;0.2;0.166667"
23.1284,0.126176,11.5642,"21.0021;20.6371;20.1476;19.8503;19.4047;19.0145;18.7129;18.6548;18.5821;18.4879;18.189;17.903;17.4824;17.2774;16.9493;16.5903;16.2972;15.9995;15.7901;15.5085;15.1027;14.6773;14.4894;14.1253;13.824;13.3803;13.2708;12.8137;12.5927;12.1813;11.7746;11.3691;10.9959;10.6001;10.4831;10.0764;9.74519;9.31899;9.15219;8.79818;8.65282;8.15282;7.88754;7.49782;7.27595;6.89851;6.76183;6.34229;5.98186;5.75803;5.41296;4.9235;4.56701;4.11057;3.65422;3.50753;3.23682;3.02224;2.77497;2.4487;2.16262;1.70477;1.39947;1","15.1397;14.8719;14.8736;14.7655;14.8893;15.1486;15.4278;15.5139;15.8728;16.1934;16.5122;16.8404;17.0114;17.0665;16.9752;17.235;17.3661;17.696;17.7488;18.1059;18.3691;18.1335;17.8422;17.6147;17.6025;17.6894;17.6936;17.6636;17.55;17.5611;17.5676;17.4617;17.4869;17.5984;17.6288;17.6946;17.6111;17.3583;17.1136;17.1042;17.021;17.018;16.9737;16.7983;16.7012;16.4217;16.4323;16.351;16.1439;16.3476;16.5091;16.4983;16.3621;16.2118;16.0511;15.8873;15.7488;15.4451;15.4104;15.2367;15.0475;15.0703;14.9914;15",1.55121
"0.633333;0.233333;0.133333"
23.4445,0.126482,11.7222,"20.9591;20.6785;20.3944;20.1476;19.8503;19.4047;19.0145;18.7129;18.6548;18.5821;18.4879;18.189;17.903;17.4824;17.2774;16.9493;16.5903;16.2972;15.9995;15.7901;15.5085;15.1027;14.6773;14.4894;14.1253;13.824;13.3803;13.2708;12.8137;12.5927;12.1813;11.7746;11.3691;10.9959;10.6001;10.4831;10.0764;9.74519;9.31899;9.15219;8.79818;8.65282;8.15282;7.88754;7.49782;7.27595;6.89851;6.76183;6.34229;5.98186;5.75803;5.41296;4.9235;4.56701;4.11057;3.65422;3.50753;3.23682;3.02224;2.77497;2.4487;2.16262;1.70477;1.39947;1","14.9507;14.6018;14.4515;14.8736;14.7655;14.8893;15.1486;15.4278;15.5139;15.8728;16.1934;16.5122;16.8404;17.0114;17.0665;16.9752;17.235;17.3661;17.696;17.7488;18.1059;18.3691;18.1335;17.8422;17.6147;17.6025;17.6894;17.6936;17.6636;17.55;17.5611;17.5676;17.4617;17.4869;17.5984;17.6288;17.6946;17.6111;17.3583;17.1136;17.1042;17.021;17.018;16.9737;16.7983;16.7012;16.4217;16.4323;16.351;16.1439;16.3476;16.5091;16.4983;16.3621;16.2118;16.0511;15.8873;15.7488;15.4451;15.4104;15.2367;15.0475;15.0703;14.9914;15",1.17543
"0.633333;0.266667;0.1"
23.4445,0.126482,11.7222,"20.9591;20.6785;20.3944;20.1476;19.8503;19.4047;19.0145;18.7129;18.6548;18.5821;18.4879;18.189;17.903;17.4824;17.2774;16.9493;16.5903;16.2972;15.9995;15.7901;15.5085;15.1027;14.6773;14.4894;14.1253;13.824;13.3803;13.2708;12.8137;12.5927;12.1813;11.7746;11.3691;10.9959;10.6001;10.4831;10.0764;9.74519;9.31899;9.15219;8.79818;8.65282;8.15282;7.88754;7.49782;7.27595;6.89851;6.76183;6.34229;5.98186;5.75803;5.41296;4.9235;4.56701;4.11057;3.65422;3.50753;3.23682;3.02224;2.77497;2.4487;2.16262;1.70477;1.39947;1","14.9507;14.6018;14.4515;14.8736;14.7655;14.8893;15.1486;15.4278;15.5139;15.8728;16.1934;16.5122;16.8404;17.0114;17.0665;16.9752;17.235;17.3661;17.696;17.7488;18.1059;18.3691;18.1335;17.8422;17.6147;17.6025;17.6894;17.6936;17.6636;17.55;17.5611;17.5676;17.4617;17.4869;17.5984;17.6288;17.6946;17.6111;17.3583;17.1136;17.1042;17.021;17.018;16.9737;16.7983;16.7012;16.4217;16.4323;16.351;16.1439;16.3476;16.5091;16.4983;16.3621;16.2118;16.0511;15.8873;15.7488;15.4451;15.4104;15.2367;15.0475;15.0703;14.9914;15",0.783618
"0.633333;0.3;0.0666667"
23.6969,0.124685,11.8484,"21.1085;20.9384;20.6785;20.3944;20.1476;19.8993;20.0052;19.7587;19.5012;19.2453;19.2116;18.9722;18.5147;18.2323;17.8616;17.5784;17.0997;16.9526;16.4847;16.1745;15.9638;15.5085;15.1027;14.6773;14.4894;14.1253;13.824;13.3803;13.2708;12.8137;12.5927;12.1813;11.7746;11.3691;10.9959;10.6001;10.4831;10.0764;9.74519;9.31899;9.15219;8.79818;8.65282;8.15282;7.88754;7.49782;7.27595;6.89851;6.76183;6.34229;5.98186;5.75803;5.41296;4.9235;4.56701;4.11057;3.65422;3.50753;3.23682;3.02224;2.77497;2.4487;2.16262;1.70477;1.39947;1","15.0071;14.8333;14.6018;14.4515;14.8736;15.2284;15.5003;15.8289;16.1702;16.5342;16.7104;16.8419;16.9234;17.1119;17.3614;17.6514;17.7532;17.6927;17.72;17.968;17.9367;18.1059;18.3691;18.1335;17.8422;17.6147;17.6025;17.6894;17.6936;17.6636;17.55;17.5611;17.5676;17.4617;17.4869;17.5984;17.6288;17.6946;17.6111;17.3583;17.1136;17.1042;17.021;17.018;16.9737;16.7983;16.7012;16.4217;16.4323;16.351;16.1439;16.3476;16.5091;16.4983;16.3621;16.2118;16.0511;15.8873;15.7488;15.4451;15.4104;15.2367;15.0475;15.0703;14.9914;15",0.396759
"0.633333;0.333333;0.0333333"
23.7235,0.122741,11.8618,"21.2074;20.9384;20.6785;20.3944;20.1476;19.8993;20.0052;19.7587;19.4532;18.9745;18.5239;18.189;17.903;17.4824;17.2774;17.0041;16.5903;16.2438;15.9995;15.7901;15.5085;15.1027;14.6542;14.2746;13.8042;13.4696;13.0627;12.9214;12.5601;12.1813;11.7746;11.3691;11.0353;10.6001;10.3834;10.0764;9.74519;9.31899;9.15219;8.79818;8.65282;8.17491;7.88754;7.49782;7.27595;6.89851;6.76183;6.34229;5.98186;5.75803;5.41296;4.9235;4.56701;4.11057;3.65422;3.50753;3.23682;3.02224;2.77497;2.4487;2.16262;1.70477;1.39947;1","14.9691;14.8333;14.6018;14.4515;14.8736;15.2284;15.5003;15.8289;16.1692;16.2706;16.193;16.5122;16.8404;17.0114;17.0665;17.2273;17.235;17.5023;17.696;17.7488;18.1059;18.3691;18.5828;18.3226;18.3139;18.1737;17.9418;17.9575;17.8017;17.5611;17.5676;17.4617;17.3983;17.5984;17.6844;17.6946;17.6111;17.3583;17.1136;17.1042;17.021;17.037;16.9737;16.7983;16.7012;16.4217;16.4323;16.351;16.1439;16.3476;16.5091;16.4983;16.3621;16.2118;16.0511;15.8873;15.7488;15.4451;15.4104;15.2367;15.0475;15.0703;14.9914;15",0.30196
"0.633333;0.366667;0"
24.2915,1.00889,3.46222,"20.9591;20.6785;20.3944;19.9996;19.5113;19.1855;19.0518;18.621;18.521;18.1955;17.8653;17.7023;17.4163;16.9678;16.6035;16.2626;15.9984;15.621;15.4651;15.1442;14.9219;14.5972;14.3699;13.9324;13.5096;13.3034;12.9874;12.8034;12.4301;12.0122;11.6316;11.3632;10.9919;10.732;10.3657;9.95516;9.48282;9.12865;8.9036;8.61094;8.20649;7.83069;7.4296;7.2764;6.87612;6.39606;5.96471;5.56777;5.22445;5.01231;4.87399;4.42507;4.17899;3.74448;3.3286;2.94597;2.60995;2.52948;2.3699;2.18265;2.07308;1.87497;1.69089;1.27364;1","14.9507;14.6018;14.4515;14.2116;14.187;14.0349;13.8446;13.5907;13.5254;13.2368;13.0161;12.8926;12.6695;12.4541;12.1167;11.8776;11.746;11.8071;11.5374;11.2848;11.1481;10.9118;10.8547;10.6379;10.4536;10.2967;10.098;9.8468;9.77668;9.75456;9.44777;9.64979;9.66708;9.62133;9.5653;9.58926;9.74911;9.75982;9.72941;9.75268;9.84639;10.0275;10.1682;10.4394;10.7052;10.7781;11.0031;11.2974;11.5544;11.8388;12.2744;12.4542;12.7297;12.625;12.6678;12.8185;13.0846;13.4745;13.7086;13.8659;14.135;14.4526;14.6408;14.8808;15",1.16475
"0.666667;0;0.333333"
24.2459,1.00884,3.43945,"20.9591;20.6785;20.3944;19.9996;19.9627;19.5473;19.1872;18.8809;18.5555;18.1697;17.8653;17.7023;17.4163;16.9678;16.6035;16.2626;15.9984;15.621;15.4651;15.1442;14.9219;14.5972;14.3699;13.9324;13.5096;13.3034;12.9874;12.8034;12.4301;12.0122;11.6316;11.3632;10.9919;10.732;10.3657;9.95516;9.48282;9.12865;8.9036;8.61094;8.20649;7.83069;7.4296;7.2764;6.87612;6.39606;5.96471;5.56777;5.22445;5.01231;4.87399;4.42507;4.17899;3.74448;3.3286;2.94597;2.60995;2.52948;2.3699;2.18265;2.07308;1.87497;1.69089;1.27364;1","14.9507;14.6018;14.4515;14.2116;14.19;13.9116;13.8195;13.6791;13.5739;13.3301;13.0161;12.8926;12.6695;12.4541;12.1167;11.8776;11.746;11.8071;11.5374;11.2848;11.1481;10.9118;10.8547;10.6379;10.4536;10.2967;10.098;9.8468;9.77668;9.75456;9.44777;9.64979;9.66708;9.62133;9.5653;9.58926;9.74911;9.75982;9.72941;9.75268;9.84639;10.0275;10.1682;10.4394;10.7052;10.7781;11.0031;11.2974;11.5544;11.8388;12.2744;12.4542;12.7297;12.625;12.6678;12.8185;13.0846;13.4745;13.7086;13.8659;14.135;14.4526;14.6408;14.8808;15",1.04145
"0.666667;0.0333333;0.3"
24.2674,1.00781,3.43966,"20.9591;20.6785;20.3944;19.9996;19.9627;19.5473;19.1872;18.8809;18.5555;18.1697;17.8653;17.7023;17.4163;16.9678;16.6035;16.2626;15.9984;15.621;15.4651;15.1442;14.9219;14.5972;14.3699;13.9324;13.89;13.5096;13.3034;12.9874;12.8034;12.4301;12.0122;11.6316;11.3632;10.9919;10.732;10.3657;9.95516;9.48282;9.12865;8.9036;8.61094;8.20649;7.83069;7.4296;7.2764;6.87612;6.39606;5.96471;5.56777;5.22445;5.01231;4.87399;4.42507;4.17899;3.74448;3.3286;2.94597;2.60995;2.52948;2.3699;2.18265;2.07308;1.87497;1.69089;1.27364;1","14.9507;14.6018;14.4515;14.2116;14.19;13.9116;13.8195;13.6791;13.5739;13.3301;13.0161;12.8926;12.6695;12.4541;12.1167;11.8776;11.746;11.8071;11.5374;11.2848;11.1481;10.9118;10.8547;10.6379;10.5617;10.4536;10.2967;10.098;9.8468;9.77668;9.75456;9.44777;9.64979;9.66708;9.62133;9.5653;9.58926;9.74911;9.75982;9.72941;9.75268;9.84639;10.0275;10.1682;10.4394;10.7052;10.7781;11.0031;11.2974;11.5544;11.8388;12.2744;12.4542;12.7297;12.625;12.6678;12.8185;13.0846;13.4745;13.7086;13.8659;14.135;14.4526;14.6408;14.8808;15",0.925787
"0.666667;0.0666667;0.266667"
24.2338,0.747305,3.09485,"20.9591;20.6785;20.3944;19.9996;19.9627;19.5473;19.4516;19.3416;19.0789;18.7412;18.3925;18.1551;17.9572;17.6802;17.4787;17.2056;16.8967;16.6298;16.2975;15.9875;15.6977;15.3917;15.0111;14.6212;14.2992;13.9088;13.5385;13.4013;13.0134;12.6001;12.1225;11.6888;11.3632;10.9919;10.732;10.3657;9.95516;9.48282;9.12865;8.9036;8.61094;8.20649;7.83069;7.4296;7.2764;6.87612;6.39606;5.96471;5.56777;5.22445;5.01231;4.87399;4.42507;4.17899;3.74448;3.3286;2.94597;2.60995;2.52948;2.3699;2.18265;2.07308;1.87497;1.69089;1.27364;1","14.9507;14.6018;14.4515;14.2116;14.19;13.9116;13.7602;13.6059;13.3178;13.0373;12.7718;12.6651;12.5111;12.3342;12.2384;11.9222;11.8216;11.665;11.5202;11.2519;11.0101;10.8282;10.5586;10.308;10.0782;9.86127;9.59311;9.57898;9.50732;9.46584;9.47014;9.46262;9.64979;9.66708;9.62133;9.5653;9.58926;9.74911;9.75982;9.72941;9.75268;9.84639;10.0275;10.1682;10.4394;10.7052;10.7781;11.0031;11.2974;11.5544;11.8388;12.2744;12.4542;12.7297;12.625;12.6678;12.8185;13.0846;13.4745;13.7086;13.8659;14.135;14.4526;14.6408;14.8808;15",0.729609
"0.666667;0.1;0.233333"
23.2373,0.124274,11.6187,"21.0021;20.6371;20.1476;19.8993;20.0052;19.7587;19.5012;19.2453;19.2116;18.9722;18.5147;18.2323;17.8616;17.5784;17.0997;16.9526;16.4847;16.1745;15.9638;15.5085;15.1027;14.6773;14.4894;14.1253;13.824;13.3803;13.2708;12.8137;12.5927;12.1813;11.7746;11.3691;10.9959;10.6001;10.4831;10.0764;9.74519;9.31899;9.15219;8.79818;8.65282;8.15282;7.88754;7.49782;7.27595;6.89851;6.76183;6.34229;5.98186;5.75803;5.41296;4.9235;4.56701;4.11057;3.65422;3.50753;3.23682;3.02224;2.77497;2.4487;2.16262;1.70477;1.39947;1","15.1397;14.8719;14.8736;15.2284;15.5003;15.8289;16.1702;16.5342;16.7104;16.8419;16.9234;17.1119;17.3614;17.6514;17.7532;17.6927;17.72;17.968;17.9367;18.1059;18.3691;18.1335;17.8422;17.6147;17.6025;17.6894;17.6936;17.6636;17.55;17.5611;17.5676;17.4617;17.4869;17.5984;17.6288;17.6946;17.6111;17.3583;17.1136;17.1042;17.021;17.018;16.9737;16.7983;16.7012;16.4217;16.4323;16.351;16.1439;16.3476;16.5091;16.4983;16.3621;16.2118;16.0511;15.8873;15.7488;15.4451;15.4104;15.2367;15.0475;15.0703;14.9914;15",2.3377
"0.666667;0.133333;0.2"
23.1284,0.126176,11.5642,"21.0021;20.6371;20.1476;19.8503;19.4047;19.0145;18.7129;18.6548;18.5821;18.4879;18.189;17.903;17.4824;17.2774;16.9493;16.5903;16.2972;15.9995;15.7901;15.5085;15.1027;14.6773;14.4894;14.1253;13.824;13.3803;13.2708;12.8137;12.5927;12.1813;11.7746;11.3691;10.9959;10.6001;10.4831;10.0764;9.74519;9.31899;9.15219;8.79818;8.65282;8.15282;7.88754;7.49782;7.27595;6.89851;6.76183;6.34229;5.98186;5.75803;5.41296;4.9235;4.56701;4.11057;3.65422;3.50753;3.23682;3.02224;2.77497;2.4487;2.16262;1.70477;1.39947;1","15.1397;14.8719;14.8736;14.7655;14.8893;15.1486;15.4278;15.5139;15.8728;16.1934;16.5122;16.8404;17.0114;17.0665;16.9752;17.235;17.3661;17.696;17.7488;18.1059;18.3691;18.1335;17.8422;17.6147;17.6025;17.6894;17.6936;17.6636;17.55;17.5611;17.5676;17.4617;17.4869;17.5984;17.6288;17.6946;17.6111;17.3583;17.1136;17.1042;17.021;17.018;16.9737;16.7983;16.7012;16.4217;16.4323;16.351;16.1439;16.3476;16.5091;16.4983;16.3621;16.2118;16.0511;15.8873;15.7488;15.4451;15.4104;15.2367;15.0475;15.0703;14.9914;15",1.93901
"0.666667;0.166667;0.166667"
23.1284,0.126176,11.5642,"21.0021;20.6371;20.1476;19.8503;19.4047;19.0145;18.7129;18.6548;18.5821;18.4879;18.189;17.903;17.4824;17.2774;16.9493;16.5903;16.2972;15.9995;15.7901;15.5085;15.1027;14.6773;14.4894;14.1253;13.824;13.3803;13.2708;12.8137;12.5927;12.1813;11.7746;11.3691;10.9959;10.6001;10.4831;10.0764;9.74519;9.31899;9.15219;8.79818;8.65282;8.15282;7.88754;7.49782;7.27595;6.89851;6.76183;6.34229;5.98186;5.75803;5.41296;4.9235;4.56701;4.11057;3.65422;3.50753;3.23682;3.02224;2.77497;2.4487;2.16262;1.70477;1.39947;1","15.1397;14.8719;14.8736;14.7655;14.8893;15.1486;15.4278;15.5139;15.8728;16.1934;16.5122;16.8404;17.0114;17.0665;16.9752;17.235;17.3661;17.696;17.7488;18.1059;18.3691;18.1335;17.8422;17.6147;17.6025;17.6894;17.6936;17.6636;17.55;17.5611;17.5676;17.4617;17.4869;17.5984;17.6288;17.6946;17.6111;17.3583;17.1136;17.1042;17.021;17.018;16.9737;16.7983;16.7012;16.4217;16.4323;16.351;16.1439;16.3476;16.5091;16.4983;16.3621;16.2118;16.0511;15.8873;15.7488;15.4451;15.4104;15.2367;15.0475;15.0703;14.9914;15",1.55121
"0.666667;0.2;0.133333"
23.1284,0.126176,11.5642,"21.0021;20.6371;20.1476;19.8503;19.4047;19.0145;18.7129;18.6548;18.5821;18.4879;18.189;17.903;17.4824;17.2774;16.9493;16.5903;16.2972;15.9995;15.7901;15.5085;15.1027;14.6773;14.4894;14.1253;13.824;13.3803;13.2708;12.8137;12.5927;12.1813;11.7746;11.3691;10.9959;10.6001;10.4831;10.0764;9.74519;9.31899;9.15219;8.79818;8.65282;8.15282;7.88754;7.49782;7.27595;6.89851;6.76183;6.34229;5.98186;5.75803;5.41296;4.9235;4.56701;4.11057;3.65422;3.50753;3.23682;3.02224;2.77497;2.4487;2.16262;1.70477;1.39947;1","15.1397;14.8719;14.8736;14.7655;14.8893;15.1486;15.4278;15.5139;15.8728;16.1934;16.5122;16.8404;17.0114;17.0665;16.9752;17.235;17.3661;17.696;17.7488;18.1059;18.3691;18.1335;17.8422;17.6147;17.6025;17.6894;17.6936;17.6636;17.55;17.5611;17.5676;17.4617;17.4869;17.5984;17.6288;17.6946;17.6111;17.3583;17.1136;17.1042;17.021;17.018;16.9737;16.7983;16.7012;16.4217;16.4323;16.351;16.1439;16.3476;16.5091;16.4983;16.3621;16.2118;16.0511;15.8873;15.7488;15.4451;15.4104;15.2367;15.0475;15.0703;14.9914;15",1.16341
"0.666667;0.233333;0.1"
23.4445,0.126482,11.7222,"20.9591;20.6785;20.3944;20.1476;19.8503;19.4047;19.0145;18.7129;18.6548;18.5821;18.4879;18.189;17.903;17.4824;17.2774;16.9493;16.5903;16.2972;15.9995;15.7901;15.5085;15.1027;14.6773;14.4894;14.1253;13.824;13.3803;13.2708;12.8137;12.5927;12.1813;11.7746;11.3691;10.9959;10.6001;10.4831;10.0764;9.74519;9.31899;9.15219;8.79818;8.65282;8.15282;7.88754;7.49782;7.27595;6.89851;6.76183;6.34229;5.98186;5.75803;5.41296;4.9235;4.56701;4.11057;3.65422;3.50753;3.23682;3.02224;2.77497;2.4487;2.16262;1.70477;1.39947;1","14.9507;14.6018;14.4515;14.8736;14.7655;14.8893;15.1486;15.4278;15.5139;15.8728;16.1934;16.5122;16.8404;17.0114;17.0665;16.9752;17.235;17.3661;17.696;17.7488;18.1059;18.3691;18.1335;17.8422;17.6147;17.6025;17.6894;17.6936;17.6636;17.55;17.5611;17.5676;17.4617;17.4869;17.5984;17.6288;17.6946;17.6111;17.3583;17.1136;17.1042;17.021;17.018;16.9737;16.7983;16.7012;16.4217;16.4323;16.351;16.1439;16.3476;16.5091;16.4983;16.3621;16.2118;16.0511;15.8873;15.7488;15.4451;15.4104;15.2367;15.0475;15.0703;14.9914;15",0.783618
"0.666667;0.266667;0.0666667"
23.6016,0.127948,11.8008,"21.2074;20.9384;20.6785;20.3944;20.1476;19.8503;19.4047;18.9359;18.7299;18.4883;18.1382;17.6865;17.6183;17.405;17.2449;16.9909;16.6367;16.2972;15.9995;15.7901;15.5085;15.1027;14.6773;14.4894;14.1253;13.824;13.3803;13.2708;12.8137;12.5927;12.1813;11.7746;11.3691;10.9959;10.6001;10.4831;10.0764;9.74519;9.31899;9.15219;8.79818;8.65282;8.15282;7.88754;7.49782;7.27595;6.89851;6.76183;6.34229;5.98186;5.75803;5.41296;4.9235;4.56701;4.11057;3.65422;3.50753;3.23682;3.02224;2.77497;2.4487;2.16262;1.70477;1.39947;1","14.9691;14.8333;14.6018;14.4515;14.8736;14.7655;14.8893;14.9797;15.0065;15.2271;15.2804;15.4696;15.8882;16.2368;16.4772;16.7877;17.0606;17.3661;17.696;17.7488;18.1059;18.3691;18.1335;17.8422;17.6147;17.6025;17.6894;17.6936;17.6636;17.55;17.5611;17.5676;17.4617;17.4869;17.5984;17.6288;17.6946;17.6111;17.3583;17.1136;17.1042;17.021;17.018;16.9737;16.7983;16.7012;16.4217;16.4323;16.351;16.1439;16.3476;16.5091;16.4983;16.3621;16.2118;16.0511;15.8873;15.7488;15.4451;15.4104;15.2367;15.0475;15.0703;14.9914;15",0.399105
"0.666667;0.3;0.0333333"
23.7242,0.127159,11.8621,"21.2074;20.9384;20.6785;20.3944;20.1476;19.8993;20.0052;19.7587;19.4532;18.9745;18.5239;18.189;17.903;17.4824;17.2774;17.0041;16.5903;16.2438;15.9995;15.7901;15.5085;15.1027;14.6773;14.4894;14.1253;13.824;13.3803;13.2708;12.8137;12.5927;12.1813;11.7746;11.3691;11.0353;10.6001;10.3834;10.0764;9.74519;9.31899;9.15219;8.79818;8.65282;8.17491;7.88754;7.49782;7.27595;6.89851;6.76183;6.34229;5.98186;5.75803;5.41296;4.9235;4.56701;4.11057;3.65422;3.50753;3.23682;3.02224;2.77497;2.4487;2.16262;1.70477;1.39947;1","14.9691;14.8333;14.6018;14.4515;14.8736;15.2284;15.5003;15.8289;16.1692;16.2706;16.193;16.5122;16.8404;17.0114;17.0665;17.2273;17.235;17.5023;17.696;17.7488;18.1059;18.3691;18.1335;17.8422;17.6147;17.6025;17.6894;17.6936;17.6636;17.55;17.5611;17.5676;17.4617;17.3983;17.5984;17.6844;17.6946;17.6111;17.3583;17.1136;17.1042;17.021;17.037;16.9737;16.7983;16.7012;16.4217;16.4323;16.351;16.1439;16.3476;16.5091;16.4983;16.3621;16.2118;16.0511;15.8873;15.7488;15.4451;15.4104;15.2367;15.0475;15.0703;14.9914;15",0.317416
"0.666667;0.333333;0"
24.296,3.93863,3.43995,"20.9591;20.6785;20.3944;19.9996;19.9627;19.5473;19.1872;18.8809;18.5555;18.1697;17.8653;17.7023;17.4163;16.9678;16.6035;16.2626;15.9984;15.621;15.4651;15.1442;14.9219;14.5972;14.3699;13.9324;13.5096;13.3034;12.9874;12.8034;12.4301;12.0122;11.6316;11.3632;10.9353;10.4613;10.0993;9.61539;9.15539;8.85285;8.5356;8.33741;7.91188;7.4296;7.2764;6.87612;6.39606;5.96471;5.56777;5.22445;5.01231;4.87399;4.42507;4.17899;3.74448;3.3286;2.94597;2.60995;2.52948;2.3699;2.18265;2.07308;1.87497;1.69089;1.27364;1","14.9507;14.6018;14.4515;14.2116;14.19;13.9116;13.8195;13.6791;13.5739;13.3301;13.0161;12.8926;12.6695;12.4541;12.1167;11.8776;11.746;11.8071;11.5374;11.2848;11.1481;10.9118;10.8547;10.6379;10.4536;10.2967;10.098;9.8468;9.77668;9.75456;9.44777;9.64979;9.89159;9.91842;10.0121;10.0156;9.8962;10.0729;10.1629;10.2239;10.2289;10.1682;10.4394;10.7052;10.7781;11.0031;11.2974;11.5544;11.8388;12.2744;12.4542;12.7297;12.625;12.6678;12.8185;13.0846;13.4745;13.7086;13.8659;14.135;14.4526;14.6408;14.8808;15",1.0416
"0.7;0;0.3"
24.2459,1.00884,3.43945,"20.9591;20.6785;20.3944;19.9996;19.9627;19.5473;19.1872;18.8809;18.5555;18.1697;17.8653;17.7023;17.4163;16.9678;16.6035;16.2626;15.9984;15.621;15.4651;15.1442;14.9219;14.5972;14.3699;13.9324;13.5096;13.3034;12.9874;12.8034;12.4301;12.0122;11.6316;11.3632;10.9919;10.732;10.3657;9.95516;9.48282;9.12865;8.9036;8.61094;8.20649;7.83069;7.4296;7.2764;6.87612;6.39606;5.96471;5.56777;5.22445;5.01231;4.87399;4.42507;4.17899;3.74448;3.3286;2.94597;2.60995;2.52948;2.3699;2.18265;2.07308;1.87497;1.69089;1.27364;1","14.9507;14.6018;14.4515;14.2116;14.19;13.9116;13.8195;13.6791;13.5739;13.3301;13.0161;12.8926;12.6695;12.4541;12.1167;11.8776;11.746;11.8071;11.5374;11.2848;11.1481;10.9118;10.8547;10.6379;10.4536;10.2967;10.098;9.8468;9.77668;9.75456;9.44777;9.64979;9.66708;9.62133;9.5653;9.58926;9.74911;9.75982;9.72941;9.75268;9.84639;10.0275;10.1682;10.4394;10.7052;10.7781;11.0031;11.2974;11.5544;11.8388;12.2744;12.4542;12.7297;12.625;12.6678;12.8185;13.0846;13.4745;13.7086;13.8659;14.135;14.4526;14.6408;14.8808;15",0.92573
"0.7;0.0333333;0.266667"
24.2674,1.00781,3.43966,"20.9591;20.6785;20.3944;19.9996;19.9627;19.5473;19.1872;18.8809;18.5555;18.1697;17.8653;17.7023;17.4163;16.9678;16.6035;16.2626;15.9984;15.621;15.4651;15.1442;14.9219;14.5972;14.3699;13.9324;13.89;13.5096;13.3034;12.9874;12.8034;12.4301;12.0122;11.6316;11.3632;10.9919;10.732;10.3657;9.95516;9.48282;9.12865;8.9036;8.61094;8.20649;7.83069;7.4296;7.2764;6.87612;6.39606;5.96471;5.56777;5.22445;5.01231;4.87399;4.42507;4.17899;3.74448;3.3286;2.94597;2.60995;2.52948;2.3699;2.18265;2.07308;1.87497;1.69089;1.27364;1","14.9507;14.6018;14.4515;14.2116;14.19;13.9116;13.8195;13.6791;13.5739;13.3301;13.0161;12.8926;12.6695;12.4541;12.1167;11.8776;11.746;11.8071;11.5374;11.2848;11.1481;10.9118;10.8547;10.6379;10.5617;10.4536;10.2967;10.098;9.8468;9.77668;9.75456;9.44777;9.64979;9.66708;9.62133;9.5653;9.58926;9.74911;9.75982;9.72941;9.75268;9.84639;10.0275;10.1682;10.4394;10.7052;10.7781;11.0031;11.2974;11.5544;11.8388;12.2744;12.4542;12.7297;12.625;12.6678;12.8185;13.0846;13.4745;13.7086;13.8659;14.135;14.4526;14.6408;14.8808;15",0.810064
"0.7;0.0666667;0.233333"
23.1284,0.126176,11.5642,"21.0021;20.6371;20.1476;19.8503;19.4047;19.0145;18.7129;18.6548;18.5821;18.4879;18.189;17.903;17.4824;17.2774;16.9493;16.5903;16.2972;15.9995;15.7901;15.5085;15.1027;14.6773;14.4894;14.1253;13.824;13.3803;13.2708;12.8137;12.5927;12.1813;11.7746;11.3691;10.9959;10.6001;10.4831;10.0764;9.74519;9.31899;9.15219;8.79818;8.65282;8.15282;7.88754;7.49782;7.27595;6.89851;6.76183;6.34229;5.98186;5.75803;5.41296;4.9235;4.56701;4.11057;3.65422;3.50753;3.23682;3.02224;2.77497;2.4487;2.16262;1.70477;1.39947;1","15.1397;14.8719;14.8736;14.7655;14.8893;15.1486;15.4278;15.5139;15.8728;16.1934;16.5122;16.8404;17.0114;17.0665;16.9752;17.235;17.3661;17.696;17.7488;18.1059;18.3691;18.1335;17.8422;17.6147;17.6025;17.6894;17.6936;17.6636;17.55;17.5611;17.5676;17.4617;17.4869;17.5984;17.6288;17.6946;17.6111;17.3583;17.1136;17.1042;17.021;17.018;16.9737;16.7983;16.7012;16.4217;16.4323;16.351;16.1439;16.3476;16.5091;16.4983;16.3621;16.2118;16.0511;15.8873;15.7488;15.4451;15.4104;15.2367;15.0475;15.0703;14.9914;15",2.32681
"0.7;0.1;0.2"
23.1284,0.126176,11.5642,"21.0021;20.6371;20.1476;19.8503;19.4047;19.0145;18.7129;18.6548;18.5821;18.4879;18.189;17.903;17.4824;17.2774;16.9493;16.5903;16.2972;15.9995;15.7901;15.5085;15.1027;14.6773;14.4894;14.1253;13.824;13.3803;13.2708;12.8137;12.5927;12.1813;11.7746;11.3691;10.9959;10.6001;10.4831;10.0764;9.74519;9.31899;9.15219;8.79818;8.65282;8.15282;7.88754;7.49782;7.27595;6.89851;6.76183;6.34229;5.98186;5.75803;5.41296;4.9235;4.56701;4.11057;3.65422;3.50753;3.23682;3.02224;2.77497;2.4487;2.16262;1.70477;1.39947;1","15.1397;14.8719;14.8736;14.7655;14.8893;15.1486;15.4278;15.5139;15.8728;16.1934;16.5122;16.8404;17.0114;17.0665;16.9752;17.235;17.3661;17.696;17.7488;18.1059;18.3691;18.1335;17.8422;17.6147;17.6025;17.6894;17.6936;17.6636;17.55;17.5611;17.5676;17.4617;17.4869;17.5984;17.6288;17.6946;17.6111;17.3583;17.1136;17.1042;17.021;17.018;16.9737;16.7983;16.7012;16.4217;16.4323;16.351;16.1439;16.3476;16.5091;16.4983;16.3621;16.2118;16.0511;15.8873;15.7488;15.4451;15.4104;15.2367;15.0475;15.0703;14.9914;15",1.93901
"0.7;0.133333;0.166667"
23.1284,0.126176,11.5642,"21.0021;20.6371;20.1476;19.8503;19.4047;19.0145;18.7129;18.6548;18.5821;18.4879;18.189;17.903;17.4824;17.2774;16.9493;16.5903;16.2972;15.9995;15.7901;15.5085;15.1027;14.6773;14.4894;14.1253;13.824;13.3803;13.2708;12.8137;12.5927;12.1813;11.7746;11.3691;10.9959;10.6001;10.4831;10.0764;9.74519;9.31899;9.15219;8.79818;8.65282;8.15282;7.88754;7.49782;7.27595;6.89851;6.76183;6.34229;5.98186;5.75803;5.41296;4.9235;4.56701;4.11057;3.65422;3.50753;3.23682;3.02224;2.77497;2.4487;2.16262;1.70477;1.39947;1","15.1397;14.8719;14.8736;14.7655;14.8893;15.1486;15.4278;15.5139;15.8728;16.1934;16.5122;16.8404;17.0114;17.0665;16.9752;17.235;17.3661;17.696;17.7488;18.1059;18.3691;18.1335;17.8422;17.6147;17.6025;17.6894;17.6936;17.6636;17.55;17.5611;17.5676;17.4617;17.4869;17.5984;17.6288;17.6946;17.6111;17.3583;17.1136;17.1042;17.021;17.018;16.9737;16.7983;16.7012;16.4217;16.4323;16.351;16.1439;16.3476;16.5091;16.4983;16.3621;16.2118;16.0511;15.8873;15.7488;15.4451;15.4104;15.2367;15.0475;15.0703;14.9914;15",1.55121
"0.7;0.166667;0.133333"
23.1284,0.126176,11.5642,"21.0021;20.6371;20.1476;19.8503;19.4047;19.0145;18.7129;18.6548;18.5821;18.4879;18.189;17.903;17.4824;17.2774;16.9493;16.5903;16.2972;15.9995;15.7901;15.5085;15.1027;14.6773;14.4894;14.1253;13.824;13.3803;13.2708;12.8137;12.5927;12.1813;11.7746;11.3691;10.9959;10.6001;10.4831;10.0764;9.74519;9.31899;9.15219;8.79818;8.65282;8.15282;7.88754;7.49782;7.27595;6.89851;6.76183;6.34229;5.98186;5.75803;5.41296;4.9235;4.56701;4.11057;3.65422;3.50753;3.23682;3.02224;2.77497;2.4487;2.16262;1.70477;1.39947;1","15.1397;14.8719;14.8736;14.7655;14.8893;15.1486;15.4278;15.5139;15.8728;16.1934;16.5122;16.8404;17.0114;17.0665;16.9752;17.235;17.3661;17.696;17.7488;18.1059;18.3691;18.1335;17.8422;17.6147;17.6025;17.6894;17.6936;17.6636;17.55;17.5611;17.5676;17.4617;17.4869;17.5984;17.6288;17.6946;17.6111;17.3583;17.1136;17.1042;17.021;17.018;16.9737;16.7983;16.7012;16.4217;16.4323;16.351;16.1439;16.3476;16.5091;16.4983;16.3621;16.2118;16.0511;15.8873;15.7488;15.4451;15.4104;15.2367;15.0475;15.0703;14.9914;15",1.16341
"0.7;0.2;0.1"
23.4445,0.126482,11.7222,"20.9591;20.6785;20.3944;20.1476;19.8503;19.4047;19.0145;18.7129;18.6548;18.5821;18.4879;18.189;17.903;17.4824;17.2774;16.9493;16.5903;16.2972;15.9995;15.7901;15.5085;15.1027;14.6773;14.4894;14.1253;13.824;13.3803;13.2708;12.8137;12.5927;12.1813;11.7746;11.3691;10.9959;10.6001;10.4831;10.0764;9.74519;9.31899;9.15219;8.79818;8.65282;8.15282;7.88754;7.49782;7.27595;6.89851;6.76183;6.34229;5.98186;5.75803;5.41296;4.9235;4.56701;4.11057;3.65422;3.50753;3.23682;3.02224;2.77497;2.4487;2.16262;1.70477;1.39947;1","14.9507;14.6018;14.4515;14.8736;14.7655;14.8893;15.1486;15.4278;15.5139;15.8728;16.1934;16.5122;16.8404;17.0114;17.0665;16.9752;17.235;17.3661;17.696;17.7488;18.1059;18.3691;18.1335;17.8422;17.6147;17.6025;17.6894;17.6936;17.6636;17.55;17.5611;17.5676;17.4617;17.4869;17.5984;17.6288;17.6946;17.6111;17.3583;17.1136;17.1042;17.021;17.018;16.9737;16.7983;16.7012;16.4217;16.4323;16.351;16.1439;16.3476;16.5091;16.4983;16.3621;16.2118;16.0511;15.8873;15.7488;15.4451;15.4104;15.2367;15.0475;15.0703;14.9914;15",0.783618
"0.7;0.233333;0.0666667"
23.6006,0.127936,11.8003,"21.2074;20.9384;20.6785;20.3944;20.1476;19.8503;19.4047;18.9359;18.7299;18.4883;18.1382;17.6865;17.6183;17.405;17.2449;16.9909;16.6367;16.2798;15.9995;15.7901;15.5085;15.1027;14.6773;14.4894;14.1253;13.824;13.3803;13.2708;12.8137;12.5927;12.1813;11.7746;11.3691;10.9959;10.6001;10.4831;10.0764;9.74519;9.31899;9.15219;8.79818;8.65282;8.15282;7.88754;7.49782;7.27595;6.89851;6.76183;6.34229;5.98186;5.75803;5.41296;4.9235;4.56701;4.11057;3.65422;3.50753;3.23682;3.02224;2.77497;2.4487;2.16262;1.70477;1.39947;1","14.9691;14.8333;14.6018;14.4515;14.8736;14.7655;14.8893;14.9797;15.0065;15.2271;15.2804;15.4696;15.8882;16.2368;16.4772;16.7877;17.0606;17.4055;17.696;17.7488;18.1059;18.3691;18.1335;17.8422;17.6147;17.6025;17.6894;17.6936;17.6636;17.55;17.5611;17.5676;17.4617;17.4869;17.5984;17.6288;17.6946;17.6111;17.3583;17.1136;17.1042;17.021;17.018;16.9737;16.7983;16.7012;16.4217;16.4323;16.351;16.1439;16.3476;16.5091;16.4983;16.3621;16.2118;16.0511;15.8873;15.7488;15.4451;15.4104;15.2367;15.0475;15.0703;14.9914;15",0.419818
"0.7;0.266667;0.0333333"
23.7242,0.127159,11.8621,"21.2074;20.9384;20.6785;20.3944;20.1476;19.8993;20.0052;19.7587;19.4532;18.9745;18.5239;18.189;17.903;17.4824;17.2774;17.0041;16.5903;16.2438;15.9995;15.7901;15.5085;15.1027;14.6773;14.4894;14.1253;13.824;13.3803;13.2708;12.8137;12.5927;12.1813;11.7746;11.3691;11.0353;10.6001;10.3834;10.0764;9.74519;9.31899;9.15219;8.79818;8.65282;8.17491;7.88754;7.49782;7.27595;6.89851;6.76183;6.34229;5.98186;5.75803;5.41296;4.9235;4.56701;4.11057;3.65422;3.50753;3.23682;3.02224;2.77497;2.4487;2.16262;1.70477;1.39947;1","14.9691;14.8333;14.6018;14.4515;14.8736;15.2284;15.5003;15.8289;16.1692;16.2706;16.193;16.5122;16.8404;17.0114;17.0665;17.2273;17.235;17.5023;17.696;17.7488;18.1059;18.3691;18.1335;17.8422;17.6147;17.6025;17.6894;17.6936;17.6636;17.55;17.5611;17.5676;17.4617;17.3983;17.5984;17.6844;17.6946;17.6111;17.3583;17.1136;17.1042;17.021;17.037;16.9737;16.7983;16.7012;16.4217;16.4323;16.351;16.1439;16.3476;16.5091;16.4983;16.3621;16.2118;16.0511;15.8873;15.7488;15.4451;15.4104;15.2367;15.0475;15.0703;14.9914;15",0.333287
"0.7;0.3;0"
21.1801,1.71361,10.59,"21.0021;20.6371;20.1476;19.8503;19.4047;18.9359;18.7299;18.4883;18.1382;17.6865;17.213;17.0315;16.6347;16.1995;15.7791;15.5682;15.5275;15.0441;14.9173;14.4415;14.1435;14.006;13.5599;13.2982;12.8993;12.5424;12.2429;12.1327;11.6541;11.382;10.9158;10.6379;10.2334;9.92535;9.59117;9.40749;9.02677;8.85923;8.44186;8.26732;7.7921;7.44869;7.05167;6.66648;6.26221;6.03442;5.66148;5.22279;4.97002;4.6261;4.46977;3.99309;3.73703;3.29131;2.83775;2.48731;2.16262;1.70477;1.39947;1","15.1397;14.8719;14.8736;14.7655;14.8893;14.9797;15.0065;15.2271;15.2804;15.4696;15.5549;15.5813;15.8615;16.0283;15.917;15.9302;15.9068;15.9423;15.9242;15.9963;15.9767;16.0446;16.1209;16.0955;16.0156;16.126;16.1846;16.1819;16.2701;16.2666;16.35;16.2377;16.4456;16.1408;16.0545;15.8557;15.6189;15.5526;15.549;15.3929;15.4469;15.413;15.4587;15.5056;15.4996;15.5746;15.6298;15.7198;15.7425;15.5685;15.5567;15.7076;15.588;15.4001;15.2523;15.0542;15.0475;15.0703;14.9914;15",2.84264
"0.733333;0;0.266667"
23.9753,0.747533,3.66905,"20.9591;20.6785;20.3944;19.9996;19.9627;19.5473;19.4516;19.3416;19.0789;18.7412;18.3925;18.1551;17.9572;17.6802;17.4787;17.2056;16.8967;16.5868;16.2133;16.0454;15.753;15.3917;15.0111;14.6212;14.2992;13.9088;13.5385;13.4013;13.0134;12.6001;12.1225;11.6888;11.3632;10.9919;10.732;10.3657;9.95516;9.48282;9.12865;8.9036;8.61094;8.20649;7.83069;7.4296;7.2764;6.87612;6.39606;5.96471;5.56777;5.22445;5.01231;4.87399;4.75685;4.49576;4.19585;3.97458;3.7223;3.50771;3.12889;2.8875;2.69834;2.37415;2.01485;1.69089;1.27364;1","14.9507;14.6018;14.4515;14.2116;14.19;13.9116;13.7602;13.6059;13.3178;13.0373;12.7718;12.6651;12.5111;12.3342;12.2384;11.9222;11.8216;11.5035;11.368;11.2134;11.0101;10.8282;10.5586;10.308;10.0782;9.86127;9.59311;9.57898;9.50732;9.46584;9.47014;9.46262;9.64979;9.66708;9.62133;9.5653;9.58926;9.74911;9.75982;9.72941;9.75268;9.84639;10.0275;10.1682;10.4394;10.7052;10.7781;11.0031;11.2974;11.5544;11.8388;12.2744;12.6345;12.7909;13.1458;13.1984;13.4607;13.5094;13.6161;13.7248;13.9661;14.2062;14.4631;14.6408;14.8808;15",0.863588
"0.733333;0.0333333;0.233333"
23.1284,0.126176,11.5642,"21.0021;20.6371;20.1476;19.8503;19.4047;19.0145;18.7129;18.6548;18.5821;18.4879;18.189;17.903;17.4824;17.2774;16.9493;16.5903;16.2972;15.9995;15.7901;15.5085;15.1027;14.6773;14.4894;14.1253;13.824;13.3803;13.2708;12.8137;12.5927;12.1813;11.7746;11.3691;10.9959;10.6001;10.4831;10.0764;9.74519;9.31899;9.15219;8.79818;8.65282;8.15282;7.88754;7.49782;7.27595;6.89851;6.76183;6.34229;5.98186;5.75803;5.41296;4.9235;4.56701;4.11057;3.65422;3.50753;3.23682;3.02224;2.77497;2.4487;2.16262;1.70477;1.39947;1","15.1397;14.8719;14.8736;14.7655;14.8893;15.1486;15.4278;15.5139;15.8728;16.1934;16.5122;16.8404;17.0114;17.0665;16.9752;17.235;17.3661;17.696;17.7488;18.1059;18.3691;18.1335;17.8422;17.6147;17.6025;17.6894;17.6936;17.6636;17.55;17.5611;17.5676;17.4617;17.4869;17.5984;17.6288;17.6946;17.6111;17.3583;17.1136;17.1042;17.021;17.018;16.9737;16.7983;16.7012;16.4217;16.4323;16.351;16.1439;16.3476;16.5091;16.4983;16.3621;16.2118;16.0511;15.8873;15.7488;15.4451;15.4104;15.2367;15.0475;15.0703;14.9914;15",2.32681
"0.733333;0.0666667;0.2"
23.1284,0.126176,11.5642,"21.0021;20.6371;20.1476;19.8503;19.4047;19.0145;18.7129;18.6548;18.5821;18.4879;18.189;17.903;17.4824;17.2774;16.9493;16.5903;16.2972;15.9995;15.7901;15.5085;15.1027;14.6773;14.4894;14.1253;13.824;13.3803;13.2708;12.8137;12.5927;12.1813;11.7746;11.3691;10.9959;10.6001;10.4831;10.0764;9.74519;9.31899;9.15219;8.79818;8.65282;8.15282;7.88754;7.49782;7.27595;6.89851;6.76183;6.34229;5.98186;5.75803;5.41296;4.9235;4.56701;4.11057;3.65422;3.50753;3.23682;3.02224;2.77497;2.4487;2.16262;1.70477;1.39947;1","15.1397;14.8719;14.8736;14.7655;14.8893;15.1486;15.4278;15.5139;15.8728;16.1934;16.5122;16.8404;17.0114;17.0665;16.9752;17.235;17.3661;17.696;17.7488;18.1059;18.3691;18.1335;17.8422;17.6147;17.6025;17.6894;17.6936;17.6636;17.55;17.5611;17.5676;17.4617;17.4869;17.5984;17.6288;17.6946;17.6111;17.3583;17.1136;17.1042;17.021;17.018;16.9737;16.7983;16.7012;16.4217;16.4323;16.351;16.1439;16.3476;16.5091;16.4983;16.3621;16.2118;16.0511;15.8873;15.7488;15.4451;15.4104;15.2367;15.0475;15.0703;14.9914;15",1.93901
"0.733333;0.1;0.166667"
23.1284,0.126176,11.5642,"21.0021;20.6371;20.1476;19.8503;19.4047;19.0145;18.7129;18.6548;18.5821;18.4879;18.189;17.903;17.4824;17.2774;16.9493;16.5903;16.2972;15.9995;15.7901;15.5085;15.1027;14.6773;14.4894;14.1253;13.824;13.3803;13.2708;12.8137;12.5927;12.1813;11.7746;11.3691;10.9959;10.6001;10.4831;10.0764;9.74519;9.31899;9.15219;8.79818;8.65282;8.15282;7.88754;7.49782;7.27595;6.89851;6.76183;6.34229;5.98186;5.75803;5.41296;4.9235;4.56701;4.11057;3.65422;3.50753;3.23682;3.02224;2.77497;2.4487;2.16262;1.70477;1.39947;1","15.1397;14.8719;14.8736;14.7655;14.8893;15.1486;15.4278;15.5139;15.8728;16.1934;16.5122;16.8404;17.0114;17.0665;16.9752;17.235;17.3661;17.696;17.7488;18.1059;18.3691;18.1335;17.8422;17.6147;17.6025;17.6894;17.6936;17.6636;17.55;17.5611;17.5676;17.4617;17.4869;17.5984;17.6288;17.6946;17.6111;17.3583;17.1136;17.1042;17.021;17.018;16.9737;16.7983;16.7012;16.4217;16.4323;16.351;16.1439;16.3476;16.5091;16.4983;16.3621;16.2118;16.0511;15.8873;15.7488;15.4451;15.4104;15.2367;15.0475;15.0703;14.9914;15",1.55121
"0.733333;0.133333;0.133333"
23.1284,0.126176,11.5642,"21.0021;20.6371;20.1476;19.8503;19.4047;19.0145;18.7129;18.6548;18.5821;18.4879;18.189;17.903;17.4824;17.2774;16.9493;16.5903;16.2972;15.9995;15.7901;15.5085;15.1027;14.6773;14.4894;14.1253;13.824;13.3803;13.2708;12.8137;12.5927;12.1813;11.7746;11.3691;10.9959;10.6001;10.4831;10.0764;9.74519;9.31899;9.15219;8.79818;8.65282;8.15282;7.88754;7.49782;7.27595;6.89851;6.76183;6.34229;5.98186;5.75803;5.41296;4.9235;4.56701;4.11057;3.65422;3.50753;3.23682;3.02224;2.77497;2.4487;2.16262;1.70477;1.39947;1","15.1397;14.8719;14.8736;14.7655;14.8893;15.1486;15.4278;15.5139;15.8728;16.1934;16.5122;16.8404;17.0114;17.0665;16.9752;17.235;17.3661;17.696;17.7488;18.1059;18.3691;18.1335;17.8422;17.6147;17.6025;17.6894;17.6936;17.6636;17.55;17.5611;17.5676;17.4617;17.4869;17.5984;17.6288;17.6946;17.6111;17.3583;17.1136;17.1042;17.021;17.018;16.9737;16.7983;16.7012;16.4217;16.4323;16.351;16.1439;16.3476;16.5091;16.4983;16.3621;16.2118;16.0511;15.8873;15.7488;15.4451;15.4104;15.2367;15.0475;15.0703;14.9914;15",1.16341
"0.733333;0.166667;0.1"
23.4445,0.126482,11.7222,"20.9591;20.6785;20.3944;20.1476;19.8503;19.4047;19.0145;18.7129;18.6548;18.5821;18.4879;18.189;17.903;17.4824;17.2774;16.9493;16.5903;16.2972;15.9995;15.7901;15.5085;15.1027;14.6773;14.4894;14.1253;13.824;13.3803;13.2708;12.8137;12.5927;12.1813;11.7746;11.3691;10.9959;10.6001;10.4831;10.0764;9.74519;9.31899;9.15219;8.79818;8.65282;8.15282;7.88754;7.49782;7.27595;6.89851;6.76183;6.34229;5.98186;5.75803;5.41296;4.9235;4.56701;4.11057;3.65422;3.50753;3.23682;3.02224;2.77497;2.4487;2.16262;1.70477;1.39947;1","14.9507;14.6018;14.4515;14.8736;14.7655;14.8893;15.1486;15.4278;15.5139;15.8728;16.1934;16.5122;16.8404;17.0114;17.0665;16.9752;17.235;17.3661;17.696;17.7488;18.1059;18.3691;18.1335;17.8422;17.6147;17.6025;17.6894;17.6936;17.6636;17.55;17.5611;17.5676;17.4617;17.4869;17.5984;17.6288;17.6946;17.6111;17.3583;17.1136;17.1042;17.021;17.018;16.9737;16.7983;16.7012;16.4217;16.4323;16.351;16.1439;16.3476;16.5091;16.4983;16.3621;16.2118;16.0511;15.8873;15.7488;15.4451;15.4104;15.2367;15.0475;15.0703;14.9914;15",0.783618
"0.733333;0.2;0.0666667"
23.6006,0.127936,11.8003,"21.2074;20.9384;20.6785;20.3944;20.1476;19.8503;19.4047;18.9359;18.7299;18.4883;18.1382;17.6865;17.6183;17.405;17.2449;16.9909;16.6367;16.2798;15.9995;15.7901;15.5085;15.1027;14.6773;14.4894;14.1253;13.824;13.3803;13.2708;12.8137;12.5927;12.1813;11.7746;11.3691;10.9959;10.6001;10.4831;10.0764;9.74519;9.31899;9.15219;8.79818;8.65282;8.15282;7.88754;7.49782;7.27595;6.89851;6.76183;6.34229;5.98186;5.75803;5.41296;4.9235;4.56701;4.11057;3.65422;3.50753;3.23682;3.02224;2.77497;2.4487;2.16262;1.70477;1.39947;1","14.9691;14.8333;14.6018;14.4515;14.8736;14.7655;14.8893;14.9797;15.0065;15.2271;15.2804;15.4696;15.8882;16.2368;16.4772;16.7877;17.0606;17.4055;17.696;17.7488;18.1059;18.3691;18.1335;17.8422;17.6147;17.6025;17.6894;17.6936;17.6636;17.55;17.5611;17.5676;17.4617;17.4869;17.5984;17.6288;17.6946;17.6111;17.3583;17.1136;17.1042;17.021;17.018;16.9737;16.7983;16.7012;16.4217;16.4323;16.351;16.1439;16.3476;16.5091;16.4983;16.3621;16.2118;16.0511;15.8873;15.7488;15.4451;15.4104;15.2367;15.0475;15.0703;14.9914;15",0.43981
"0.733333;0.233333;0.0333333"
23.7242,0.127159,11.8621,"21.2074;20.9384;20.6785;20.3944;20.1476;19.8993;20.0052;19.7587;19.4532;18.9745;18.5239;18.189;17.903;17.4824;17.2774;17.0041;16.5903;16.2438;15.9995;15.7901;15.5085;15.1027;14.6773;14.4894;14.1253;13.824;13.3803;13.2708;12.8137;12.5927;12.1813;11.7746;11.3691;11.0353;10.6001;10.3834;10.0764;9.74519;9.31899;9.15219;8.79818;8.65282;8.17491;7.88754;7.49782;7.27595;6.89851;6.76183;6.34229;5.98186;5.75803;5.41296;4.9235;4.56701;4.11057;3.65422;3.50753;3.23682;3.02224;2.77497;2.4487;2.16262;1.70477;1.39947;1","14.9691;14.8333;14.6018;14.4515;14.8736;15.2284;15.5003;15.8289;16.1692;16.2706;16.193;16.5122;16.8404;17.0114;17.0665;17.2273;17.235;17.5023;17.696;17.7488;18.1059;18.3691;18.1335;17.8422;17.6147;17.6025;17.6894;17.6936;17.6636;17.55;17.5611;17.5676;17.4617;17.3983;17.5984;17.6844;17.6946;17.6111;17.3583;17.1136;17.1042;17.021;17.037;16.9737;16.7983;16.7012;16.4217;16.4323;16.351;16.1439;16.3476;16.5091;16.4983;16.3621;16.2118;16.0511;15.8873;15.7488;15.4451;15.4104;15.2367;15.0475;15.0703;14.9914;15",0.349158
"0.733333;0.266667;0"
21.1801,1.71361,10.59,"21.0021;20.6371;20.1476;19.8503;19.4047;18.9359;18.7299;18.4883;18.1382;17.6865;17.213;17.0315;16.6347;16.1995;15.7791;15.5682;15.5275;15.0441;14.9173;14.4415;14.1435;14.006;13.5599;13.2982;12.8993;12.5424;12.2429;12.1327;11.6541;11.382;10.9158;10.6379;10.2334;9.92535;9.59117;9.40749;9.02677;8.85923;8.44186;8.26732;7.7921;7.44869;7.05167;6.66648;6.26221;6.03442;5.66148;5.22279;4.97002;4.6261;4.46977;3.99309;3.73703;3.29131;2.83775;2.48731;2.16262;1.70477;1.39947;1","15.1397;14.8719;14.8736;14.7655;14.8893;14.9797;15.0065;15.2271;15.2804;15.4696;15.5549;15.5813;15.8615;16.0283;15.917;15.9302;15.9068;15.9423;15.9242;15.9963;15.9767;16.0446;16.1209;16.0955;16.0156;16.126;16.1846;16.1819;16.2701;16.2666;16.35;16.2377;16.4456;16.1408;16.0545;15.8557;15.6189;15.5526;15.549;15.3929;15.4469;15.413;15.4587;15.5056;15.4996;15.5746;15.6298;15.7198;15.7425;15.5685;15.5567;15.7076;15.588;15.4001;15.2523;15.0542;15.0475;15.0703;14.9914;15",2.48731
"0.766667;0;0.233333"
23.1284,0.126176,11.5642,"21.0021;20.6371;20.1476;19.8503;19.4047;19.0145;18.7129;18.6548;18.5821;18.4879;18.189;17.903;17.4824;17.2774;16.9493;16.5903;16.2972;15.9995;15.7901;15.5085;15.1027;14.6773;14.4894;14.1253;13.824;13.3803;13.2708;12.8137;12.5927;12.1813;11.7746;11.3691;10.9959;10.6001;10.4831;10.0764;9.74519;9.31899;9.15219;8.79818;8.65282;8.15282;7.88754;7.49782;7.27595;6.89851;6.76183;6.34229;5.98186;5.75803;5.41296;4.9235;4.56701;4.11057;3.65422;3.50753;3.23682;3.02224;2.77497;2.4487;2.16262;1.70477;1.39947;1","15.1397;14.8719;14.8736;14.7655;14.8893;15.1486;15.4278;15.5139;15.8728;16.1934;16.5122;16.8404;17.0114;17.0665;16.9752;17.235;17.3661;17.696;17.7488;18.1059;18.3691;18.1335;17.8422;17.6147;17.6025;17.6894;17.6936;17.6636;17.55;17.5611;17.5676;17.4617;17.4869;17.5984;17.6288;17.6946;17.6111;17.3583;17.1136;17.1042;17.021;17.018;16.9737;16.7983;16.7012;16.4217;16.4323;16.351;16.1439;16.3476;16.5091;16.4983;16.3621;16.2118;16.0511;15.8873;15.7488;15.4451;15.4104;15.2367;15.0475;15.0703;14.9914;15",2.32681
"0.766667;0.0333333;0.2"
23.1284,0.126176,11.5642,"21.0021;20.6371;20.1476;19.8503;19.4047;19.0145;18.7129;18.6548;18.5821;18.4879;18.189;17.903;17.4824;17.2774;16.9493;16.5903;16.2972;15.9995;15.7901;15.5085;15.1027;14.6773;14.4894;14.1253;13.824;13.3803;13.2708;12.8137;12.5927;12.1813;11.7746;11.3691;10.9959;10.6001;10.4831;10.0764;9.74519;9.31899;9.15219;8.79818;8.65282;8.15282;7.88754;7.49782;7.27595;6.89851;6.76183;6.34229;5.98186;5.75803;5.41296;4.9235;4.56701;4.11057;3.65422;3.50753;3.23682;3.02224;2.77497;2.4487;2.16262;1.70477;1.39947;1","15.1397;14.8719;14.8736;14.7655;14.8893;15.1486;15.4278;15.5139;15.8728;16.1934;16.5122;16.8404;17.0114;17.0665;16.9752;17.235;17.3661;17.696;17.7488;18.1059;18.3691;18.1335;17.8422;17.6147;17.6025;17.6894;17.6936;17.6636;17.55;17.5611;17.5676;17.4617;17.4869;17.5984;17.6288;17.6946;17.6111;17.3583;17.1136;17.1042;17.021;17.018;16.9737;16.7983;16.7012;16.4217;16.4323;16.351;16.1439;16.3476;16.5091;16.4983;16.3621;16.2118;16.0511;15.8873;15.7488;15.4451;15.4104;15.2367;15.0475;15.0703;14.9914;15",1.93901
"0.766667;0.0666667;0.166667"
23.1284,0.126176,11.5642,"21.0021;20.6371;20.1476;19.8503;19.4047;19.0145;18.7129;18.6548;18.5821;18.4879;18.189;17.903;17.4824;17.2774;16.9493;16.5903;16.2972;15.9995;15.7901;15.5085;15.1027;14.6773;14.4894;14.1253;13.824;13.3803;13.2708;12.8137;12.5927;12.1813;11.7746;11.3691;10.9959;10.6001;10.4831;10.0764;9.74519;9.31899;9.15219;8.79818;8.65282;8.15282;7.88754;7.49782;7.27595;6.89851;6.76183;6.34229;5.98186;5.75803;5.41296;4.9235;4.56701;4.11057;3.65422;3.50753;3.23682;3.02224;2.77497;2.4487;2.16262;1.70477;1.39947;1","15.1397;14.8719;14.8736;14.7655;14.8893;15.1486;15.4278;15.5139;15.8728;16.1934;16.5122;16.8404;17.0114;17.0665;16.9752;17.235;17.3661;17.696;17.7488;18.1059;18.3691;18.1335;17.8422;17.6147;17.6025;17.6894;17.6936;17.6636;17.55;17.5611;17.5676;17.4617;17.4869;17.5984;17.6288;17.6946;17.6111;17.3583;17.1136;17.1042;17.021;17.018;16.9737;16.7983;16.7012;16.4217;16.4323;16.351;16.1439;16.3476;16.5091;16.4983;16.3621;16.2118;16.0511;15.8873;15.7488;15.4451;15.4104;15.2367;15.0475;15.0703;14.9914;15",1.55121
"0.766667;0.1;0.133333"
23.1284,0.126176,11.5642,"21.0021;20.6371;20.1476;19.8503;19.4047;19.0145;18.7129;18.6548;18.5821;18.4879;18.189;17.903;17.4824;17.2774;16.9493;16.5903;16.2972;15.9995;15.7901;15.5085;15.1027;14.6773;14.4894;14.1253;13.824;13.3803;13.2708;12.8137;12.5927;12.1813;11.7746;11.3691;10.9959;10.6001;10.4831;10.0764;9.74519;9.31899;9.15219;8.79818;8.65282;8.15282;7.88754;7.49782;7.27595;6.89851;6.76183;6.34229;5.98186;5.75803;5.41296;4.9235;4.56701;4.11057;3.65422;3.50753;3.23682;3.02224;2.77497;2.4487;2.16262;1.70477;1.39947;1","15.1397;14.8719;14.8736;14.7655;14.8893;15.1486;15.4278;15.5139;15.8728;16.1934;16.5122;16.8404;17.0114;17.0665;16.9752;17.235;17.3661;17.696;17.7488;18.1059;18.3691;18.1335;17.8422;17.6147;17.6025;17.6894;17.6936;17.6636;17.55;17.5611;17.5676;17.4617;17.4869;17.5984;17.6288;17.6946;17.6111;17.3583;17.1136;17.1042;17.021;17.018;16.9737;16.7983;16.7012;16.4217;16.4323;16.351;16.1439;16.3476;16.5091;16.4983;16.3621;16.2118;16.0511;15.8873;15.7488;15.4451;15.4104;15.2367;15.0475;15.0703;14.9914;15",1.16341
"0.766667;0.133333;0.1"
23.4445,0.126482,11.7222,"20.9591;20.6785;20.3944;20.1476;19.8503;19.4047;19.0145;18.7129;18.6548;18.5821;18.4879;18.189;17.903;17.4824;17.2774;16.9493;16.5903;16.2972;15.9995;15.7901;15.5085;15.1027;14.6773;14.4894;14.1253;13.824;13.3803;13.2708;12.8137;12.5927;12.1813;11.7746;11.3691;10.9959;10.6001;10.4831;10.0764;9.74519;9.31899;9.15219;8.79818;8.65282;8.15282;7.88754;7.49782;7.27595;6.89851;6.76183;6.34229;5.98186;5.75803;5.41296;4.9235;4.56701;4.11057;3.65422;3.50753;3.23682;3.02224;2.77497;2.4487;2.16262;1.70477;1.39947;1","14.9507;14.6018;14.4515;14.8736;14.7655;14.8893;15.1486;15.4278;15.5139;15.8728;16.1934;16.5122;16.8404;17.0114;17.0665;16.9752;17.235;17.3661;17.696;17.7488;18.1059;18.3691;18.1335;17.8422;17.6147;17.6025;17.6894;17.6936;17.6636;17.55;17.5611;17.5676;17.4617;17.4869;17.5984;17.6288;17.6946;17.6111;17.3583;17.1136;17.1042;17.021;17.018;16.9737;16.7983;16.7012;16.4217;16.4323;16.351;16.1439;16.3476;16.5091;16.4983;16.3621;16.2118;16.0511;15.8873;15.7488;15.4451;15.4104;15.2367;15.0475;15.0703;14.9914;15",0.783618
"0.766667;0.166667;0.0666667"
23.6006,0.127936,11.8003,"21.2074;20.9384;20.6785;20.3944;20.1476;19.8503;19.4047;18.9359;18.7299;18.4883;18.1382;17.6865;17.6183;17.405;17.2449;16.9909;16.6367;16.2798;15.9995;15.7901;15.5085;15.1027;14.6773;14.4894;14.1253;13.824;13.3803;13.2708;12.8137;12.5927;12.1813;11.7746;11.3691;10.9959;10.6001;10.4831;10.0764;9.74519;9.31899;9.15219;8.79818;8.65282;8.15282;7.88754;7.49782;7.27595;6.89851;6.76183;6.34229;5.98186;5.75803;5.41296;4.9235;4.56701;4.11057;3.65422;3.50753;3.23682;3.02224;2.77497;2.4487;2.16262;1.70477;1.39947;1","14.9691;14.8333;14.6018;14.4515;14.8736;14.7655;14.8893;14.9797;15.0065;15.2271;15.2804;15.4696;15.8882;16.2368;16.4772;16.7877;17.0606;17.4055;17.696;17.7488;18.1059;18.3691;18.1335;17.8422;17.6147;17.6025;17.6894;17.6936;17.6636;17.55;17.5611;17.5676;17.4617;17.4869;17.5984;17.6288;17.6946;17.6111;17.3583;17.1136;17.1042;17.021;17.018;16.9737;16.7983;16.7012;16.4217;16.4323;16.351;16.1439;16.3476;16.5091;16.4983;16.3621;16.2118;16.0511;15.8873;15.7488;15.4451;15.4104;15.2367;15.0475;15.0703;14.9914;15",0.459801
"0.766667;0.2;0.0333333"
23.7207,0.12719,11.8604,"21.2074;20.9384;20.6785;20.3944;20.1476;19.8993;20.0052;19.7587;19.4532;18.9745;18.5239;18.189;17.903;17.4824;17.2774;17.0041;16.5903;16.2438;15.9995;15.7901;15.5085;15.1027;14.6773;14.4894;14.1253;13.824;13.3803;13.2708;12.8137;12.5927;12.1813;11.7746;11.3691;11.0353;10.6001;10.3834;10.0764;9.74519;9.31899;9.15219;8.79818;8.65282;8.15282;7.88754;7.49782;7.27595;6.89851;6.76183;6.34229;5.98186;5.75803;5.41296;4.9235;4.56701;4.11057;3.65422;3.50753;3.23682;3.02224;2.77497;2.4487;2.16262;1.70477;1.39947;1","14.9691;14.8333;14.6018;14.4515;14.8736;15.2284;15.5003;15.8289;16.1692;16.2706;16.193;16.5122;16.8404;17.0114;17.0665;17.2273;17.235;17.5023;17.696;17.7488;18.1059;18.3691;18.1335;17.8422;17.6147;17.6025;17.6894;17.6936;17.6636;17.55;17.5611;17.5676;17.4617;17.3983;17.5984;17.6844;17.6946;17.6111;17.3583;17.1136;17.1042;17.021;17.018;16.9737;16.7983;16.7012;16.4217;16.4323;16.351;16.1439;16.3476;16.5091;16.4983;16.3621;16.2118;16.0511;15.8873;15.7488;15.4451;15.4104;15.2367;15.0475;15.0703;14.9914;15",0.367689
"0.766667;0.233333;0"
21.6365,1.71992,10.8182,"21.1085;20.9384;20.6785;20.3944;20.1476;19.8503;19.4047;18.9359;18.7299;18.4883;18.1382;17.8747;17.4388;17.0071;16.7006;16.3088;16.1407;15.8769;15.5854;15.2362;15.0906;14.6481;14.2716;14.006;13.5599;13.2982;12.8993;12.5424;12.2429;12.1327;11.6541;11.382;10.9158;10.6379;10.2334;9.92535;9.59117;9.40749;9.02677;8.85923;8.44186;8.26732;7.7921;7.44869;7.05167;6.66648;6.26221;6.03442;5.66148;5.22279;4.97002;4.6261;4.46977;3.99309;3.73703;3.29131;2.83775;2.48731;2.16262;1.70477;1.39947;1","15.0071;14.8333;14.6018;14.4515;14.8736;14.7655;14.8893;14.9797;15.0065;15.2271;15.2804;15.4027;15.4627;15.3774;15.3204;15.2852;15.2916;15.3719;15.4745;15.5004;15.5563;15.6749;15.9537;16.0446;16.1209;16.0955;16.0156;16.126;16.1846;16.1819;16.2701;16.2666;16.35;16.2377;16.4456;16.1408;16.0545;15.8557;15.6189;15.5526;15.549;15.3929;15.4469;15.413;15.4587;15.5056;15.4996;15.5746;15.6298;15.7198;15.7425;15.5685;15.5567;15.7076;15.588;15.4001;15.2523;15.0542;15.0475;15.0703;14.9914;15",2.17452
"0.8;0;0.2"
23.1284,0.126176,11.5642,"21.0021;20.6371;20.1476;19.8503;19.4047;19.0145;18.7129;18.6548;18.5821;18.4879;18.189;17.903;17.4824;17.2774;16.9493;16.5903;16.2972;15.9995;15.7901;15.5085;15.1027;14.6773;14.4894;14.1253;13.824;13.3803;13.2708;12.8137;12.5927;12.1813;11.7746;11.3691;10.9959;10.6001;10.4831;10.0764;9.74519;9.31899;9.15219;8.79818;8.65282;8.15282;7.88754;7.49782;7.27595;6.89851;6.76183;6.34229;5.98186;5.75803;5.41296;4.9235;4.56701;4.11057;3.65422;3.50753;3.23682;3.02224;2.77497;2.4487;2.16262;1.70477;1.39947;1","15.1397;14.8719;14.8736;14.7655;14.8893;15.1486;15.4278;15.5139;15.8728;16.1934;16.5122;16.8404;17.0114;17.0665;16.9752;17.235;17.3661;17.696;17.7488;18.1059;18.3691;18.1335;17.8422;17.6147;17.6025;17.6894;17.6936;17.6636;17.55;17.5611;17.5676;17.4617;17.4869;17.5984;17.6288;17.6946;17.6111;17.3583;17.1136;17.1042;17.021;17.018;16.9737;16.7983;16.7012;16.4217;16.4323;16.351;16.1439;16.3476;16.5091;16.4983;16.3621;16.2118;16.0511;15.8873;15.7488;15.4451;15.4104;15.2367;15.0475;15.0703;14.9914;15",1.93901
"0.8;0.0333333;0.166667"
23.1284,0.126176,11.5642,"21.0021;20.6371;20.1476;19.8503;19.4047;19.0145;18.7129;18.6548;18.5821;18.4879;18.189;17.903;17.4824;17.2774;16.9493;16.5903;16.2972;15.9995;15.7901;15.5085;15.1027;14.6773;14.4894;14.1253;13.824;13.3803;13.2708;12.8137;12.5927;12.1813;11.7746;11.3691;10.9959;10.6001;10.4831;10.0764;9.74519;9.31899;9.15219;8.79818;8.65282;8.15282;7.88754;7.49782;7.27595;6.89851;6.76183;6.34229;5.98186;5.75803;5.41296;4.9235;4.56701;4.11057;3.65422;3.50753;3.23682;3.02224;2.77497;2.4487;2.16262;1.70477;1.39947;1","15.1397;14.8719;14.8736;14.7655;14.8893;15.1486;15.4278;15.5139;15.8728;16.1934;16.5122;16.8404;17.0114;17.0665;16.9752;17.235;17.3661;17.696;17.7488;18.1059;18.3691;18.1335;17.8422;17.6147;17.6025;17.6894;17.6936;17.6636;17.55;17.5611;17.5676;17.4617;17.4869;17.5984;17.6288;17.6946;17.6111;17.3583;17.1136;17.1042;17.021;17.018;16.9737;16.7983;16.7012;16.4217;16.4323;16.351;16.1439;16.3476;16.5091;16.4983;16.3621;16.2118;16.0511;15.8873;15.7488;15.4451;15.4104;15.2367;15.0475;15.0703;14.9914;15",1.55121
"0.8;0.0666667;0.133333"
23.1284,0.126176,11.5642,"21.0021;20.6371;20.1476;19.8503;19.4047;19.0145;18.7129;18.6548;18.5821;18.4879;18.189;17.903;17.4824;17.2774;16.9493;16.5903;16.2972;15.9995;15.7901;15.5085;15.1027;14.6773;14.4894;14.1253;13.824;13.3803;13.2708;12.8137;12.5927;12.1813;11.7746;11.3691;10.9959;10.6001;10.4831;10.0764;9.74519;9.31899;9.15219;8.79818;8.65282;8.15282;7.88754;7.49782;7.27595;6.89851;6.76183;6.34229;5.98186;5.75803;5.41296;4.9235;4.56701;4.11057;3.65422;3.50753;3.23682;3.02224;2.77497;2.4487;2.16262;1.70477;1.39947;1","15.1397;14.8719;14.8736;14.7655;14.8893;15.1486;15.4278;15.5139;15.8728;16.1934;16.5122;16.8404;17.0114;17.0665;16.9752;17.235;17.3661;17.696;17.7488;18.1059;18.3691;18.1335;17.8422;17.6147;17.6025;17.6894;17.6936;17.6636;17.55;17.5611;17.5676;17.4617;17.4869;17.5984;17.6288;17.6946;17.6111;17.3583;17.1136;17.1042;17.021;17.018;16.9737;16.7983;16.7012;16.4217;16.4323;16.351;16.1439;16.3476;16.5091;16.4983;16.3621;16.2118;16.0511;15.8873;15.7488;15.4451;15.4104;15.2367;15.0475;15.0703;14.9914;15",1.16341
"0.8;0.1;0.1"
23.4445,0.126482,11.7222,"20.9591;20.6785;20.3944;20.1476;19.8503;19.4047;19.0145;18.7129;18.6548;18.5821;18.4879;18.189;17.903;17.4824;17.2774;16.9493;16.5903;16.2972;15.9995;15.7901;15.5085;15.1027;14.6773;14.4894;14.1253;13.824;13.3803;13.2708;12.8137;12.5927;12.1813;11.7746;11.3691;10.9959;10.6001;10.4831;10.0764;9.74519;9.31899;9.15219;8.79818;8.65282;8.15282;7.88754;7.49782;7.27595;6.89851;6.76183;6.34229;5.98186;5.75803;5.41296;4.9235;4.56701;4.11057;3.65422;3.50753;3.23682;3.02224;2.77497;2.4487;2.16262;1.70477;1.39947;1","14.9507;14.6018;14.4515;14.8736;14.7655;14.8893;15.1486;15.4278;15.5139;15.8728;16.1934;16.5122;16.8404;17.0114;17.0665;16.9752;17.235;17.3661;17.696;17.7488;18.1059;18.3691;18.1335;17.8422;17.6147;17.6025;17.6894;17.6936;17.6636;17.55;17.5611;17.5676;17.4617;17.4869;17.5984;17.6288;17.6946;17.6111;17.3583;17.1136;17.1042;17.021;17.018;16.9737;16.7983;16.7012;16.4217;16.4323;16.351;16.1439;16.3476;16.5091;16.4983;16.3621;16.2118;16.0511;15.8873;15.7488;15.4451;15.4104;15.2367;15.0475;15.0703;14.9914;15",0.783618
"0.8;0.133333;0.0666667"
23.6006,0.127936,11.8003,"21.2074;20.9384;20.6785;20.3944;20.1476;19.8503;19.4047;18.9359;18.7299;18.4883;18.1382;17.6865;17.6183;17.405;17.2449;16.9909;16.6367;16.2798;15.9995;15.7901;15.5085;15.1027;14.6773;14.4894;14.1253;13.824;13.3803;13.2708;12.8137;12.5927;12.1813;11.7746;11.3691;10.9959;10.6001;10.4831;10.0764;9.74519;9.31899;9.15219;8.79818;8.65282;8.15282;7.88754;7.49782;7.27595;6.89851;6.76183;6.34229;5.98186;5.75803;5.41296;4.9235;4.56701;4.11057;3.65422;3.50753;3.23682;3.02224;2.77497;2.4487;2.16262;1.70477;1.39947;1","14.9691;14.8333;14.6018;14.4515;14.8736;14.7655;14.8893;14.9797;15.0065;15.2271;15.2804;15.4696;15.8882;16.2368;16.4772;16.7877;17.0606;17.4055;17.696;17.7488;18.1059;18.3691;18.1335;17.8422;17.6147;17.6025;17.6894;17.6936;17.6636;17.55;17.5611;17.5676;17.4617;17.4869;17.5984;17.6288;17.6946;17.6111;17.3583;17.1136;17.1042;17.021;17.018;16.9737;16.7983;16.7012;16.4217;16.4323;16.351;16.1439;16.3476;16.5091;16.4983;16.3621;16.2118;16.0511;15.8873;15.7488;15.4451;15.4104;15.2367;15.0475;15.0703;14.9914;15",0.479793
"0.8;0.166667;0.0333333"
23.7207,0.12719,11.8604,"21.2074;20.9384;20.6785;20.3944;20.1476;19.8993;20.0052;19.7587;19.4532;18.9745;18.5239;18.189;17.903;17.4824;17.2774;17.0041;16.5903;16.2438;15.9995;15.7901;15.5085;15.1027;14.6773;14.4894;14.1253;13.824;13.3803;13.2708;12.8137;12.5927;12.1813;11.7746;11.3691;11.0353;10.6001;10.3834;10.0764;9.74519;9.31899;9.15219;8.79818;8.65282;8.15282;7.88754;7.49782;7.27595;6.89851;6.76183;6.34229;5.98186;5.75803;5.41296;4.9235;4.56701;4.11057;3.65422;3.50753;3.23682;3.02224;2.77497;2.4487;2.16262;1.70477;1.39947;1","14.9691;14.8333;14.6018;14.4515;14.8736;15.2284;15.5003;15.8289;16.1692;16.2706;16.193;16.5122;16.8404;17.0114;17.0665;17.2273;17.235;17.5023;17.696;17.7488;18.1059;18.3691;18.1335;17.8422;17.6147;17.6025;17.6894;17.6936;17.6636;17.55;17.5611;17.5676;17.4617;17.3983;17.5984;17.6844;17.6946;17.6111;17.3583;17.1136;17.1042;17.021;17.018;16.9737;16.7983;16.7012;16.4217;16.4323;16.351;16.1439;16.3476;16.5091;16.4983;16.3621;16.2118;16.0511;15.8873;15.7488;15.4451;15.4104;15.2367;15.0475;15.0703;14.9914;15",0.383676
"0.8;0.2;0"
21.6946,1.71996,10.8473,"21.2074;20.9384;20.6785;20.3944;20.1476;19.8503;19.4047;18.9359;18.7299;18.4883;18.1382;17.8747;17.4388;17.0071;16.7006;16.3088;16.1407;15.8769;15.5854;15.2362;15.0906;14.6481;14.2716;14.006;13.5599;13.2982;12.8993;12.5424;12.2429;12.1327;11.6541;11.382;10.9158;10.6379;10.2334;9.92535;9.59117;9.40749;9.02677;8.85923;8.44186;8.26732;7.7921;7.44869;7.05167;6.66648;6.26221;6.03442;5.66148;5.22279;4.97002;4.6261;4.46977;3.99309;3.73703;3.29131;2.83775;2.48731;2.16262;1.70477;1.39947;1","14.9691;14.8333;14.6018;14.4515;14.8736;14.7655;14.8893;14.9797;15.0065;15.2271;15.2804;15.4027;15.4627;15.3774;15.3204;15.2852;15.2916;15.3719;15.4745;15.5004;15.5563;15.6749;15.9537;16.0446;16.1209;16.0955;16.0156;16.126;16.1846;16.1819;16.2701;16.2666;16.35;16.2377;16.4456;16.1408;16.0545;15.8557;15.6189;15.5526;15.549;15.3929;15.4469;15.413;15.4587;15.5056;15.4996;15.5746;15.6298;15.7198;15.7425;15.5685;15.5567;15.7076;15.588;15.4001;15.2523;15.0542;15.0475;15.0703;14.9914;15",2.08806
"0.833333;0;0.166667"
23.1727,2.26625,11.5864,"20.9591;20.6785;20.3944;19.9996;19.9627;19.5473;19.1872;18.8809;18.5555;18.1697;17.6899;17.395;16.9183;16.4717;16.0896;15.8601;15.403;15.0662;14.7122;14.4402;14.316;14.0153;13.9783;14.0175;14.0602;13.9371;13.5738;13.1146;12.8981;12.5424;12.2429;12.1327;11.6541;11.382;10.9158;10.6379;10.2334;9.92535;9.59117;9.40749;9.02677;8.85923;8.44186;8.26732;7.7921;7.44869;7.05167;6.66648;6.26221;6.03442;5.66148;5.22279;4.97002;4.6261;4.46977;3.99309;3.73703;3.29131;2.83775;2.48731;2.16262;1.70477;1.39947;1","14.9507;14.6018;14.4515;14.2116;14.19;13.9116;13.8195;13.6791;13.5739;13.3301;13.2208;13.5396;13.6259;13.8058;13.7721;13.7327;13.8521;13.7393;13.5941;13.6749;13.9271;14.2935;14.6486;14.973;15.2459;15.5436;15.6326;15.65;15.9498;16.126;16.1846;16.1819;16.2701;16.2666;16.35;16.2377;16.4456;16.1408;16.0545;15.8557;15.6189;15.5526;15.549;15.3929;15.4469;15.413;15.4587;15.5056;15.4996;15.5746;15.6298;15.7198;15.7425;15.5685;15.5567;15.7076;15.588;15.4001;15.2523;15.0542;15.0475;15.0703;14.9914;15",1.54912
"0.833333;0.0333333;0.133333"
23.1284,0.126176,11.5642,"21.0021;20.6371;20.1476;19.8503;19.4047;19.0145;18.7129;18.6548;18.5821;18.4879;18.189;17.903;17.4824;17.2774;16.9493;16.5903;16.2972;15.9995;15.7901;15.5085;15.1027;14.6773;14.4894;14.1253;13.824;13.3803;13.2708;12.8137;12.5927;12.1813;11.7746;11.3691;10.9959;10.6001;10.4831;10.0764;9.74519;9.31899;9.15219;8.79818;8.65282;8.15282;7.88754;7.49782;7.27595;6.89851;6.76183;6.34229;5.98186;5.75803;5.41296;4.9235;4.56701;4.11057;3.65422;3.50753;3.23682;3.02224;2.77497;2.4487;2.16262;1.70477;1.39947;1","15.1397;14.8719;14.8736;14.7655;14.8893;15.1486;15.4278;15.5139;15.8728;16.1934;16.5122;16.8404;17.0114;17.0665;16.9752;17.235;17.3661;17.696;17.7488;18.1059;18.3691;18.1335;17.8422;17.6147;17.6025;17.6894;17.6936;17.6636;17.55;17.5611;17.5676;17.4617;17.4869;17.5984;17.6288;17.6946;17.6111;17.3583;17.1136;17.1042;17.021;17.018;16.9737;16.7983;16.7012;16.4217;16.4323;16.351;16.1439;16.3476;16.5091;16.4983;16.3621;16.2118;16.0511;15.8873;15.7488;15.4451;15.4104;15.2367;15.0475;15.0703;14.9914;15",1.16341
"0.833333;0.0666667;0.1"
23.4445,0.126482,11.7222,"20.9591;20.6785;20.3944;20.1476;19.8503;19.4047;19.0145;18.7129;18.6548;18.5821;18.4879;18.189;17.903;17.4824;17.2774;16.9493;16.5903;16.2972;15.9995;15.7901;15.5085;15.1027;14.6773;14.4894;14.1253;13.824;13.3803;13.2708;12.8137;12.5927;12.1813;11.7746;11.3691;10.9959;10.6001;10.4831;10.0764;9.74519;9.31899;9.15219;8.79818;8.65282;8.15282;7.88754;7.49782;7.27595;6.89851;6.76183;6.34229;5.98186;5.75803;5.41296;4.9235;4.56701;4.11057;3.65422;3.50753;3.23682;3.02224;2.77497;2.4487;2.16262;1.70477;1.39947;1","14.9507;14.6018;14.4515;14.8736;14.7655;14.8893;15.1486;15.4278;15.5139;15.8728;16.1934;16.5122;16.8404;17.0114;17.0665;16.9752;17.235;17.3661;17.696;17.7488;18.1059;18.3691;18.1335;17.8422;17.6147;17.6025;17.6894;17.6936;17.6636;17.55;17.5611;17.5676;17.4617;17.4869;17.5984;17.6288;17.6946;17.6111;17.3583;17.1136;17.1042;17.021;17.018;16.9737;16.7983;16.7012;16.4217;16.4323;16.351;16.1439;16.3476;16.5091;16.4983;16.3621;16.2118;16.0511;15.8873;15.7488;15.4451;15.4104;15.2367;15.0475;15.0703;14.9914;15",0.783618
"0.833333;0.1;0.0666667"
23.6326,0.129389,11.8163,"21.2074;20.9384;20.6785;20.3944;20.1476;19.8503;19.4047;18.9359;18.7299;18.4883;18.1382;17.6865;17.6183;17.405;17.2449;16.9909;16.6367;16.2798;15.9995;15.7901;15.5085;15.1027;14.6773;14.4894;14.1253;13.824;13.3803;13.2708;12.8137;12.5927;12.1813;11.7746;11.3691;11.0353;10.6897;10.4831;10.0764;9.74519;9.31899;9.15219;8.79818;8.65282;8.15282;7.88754;7.49782;7.27595;6.89851;6.76183;6.34229;5.98186;5.75803;5.41296;4.9235;4.56701;4.11057;3.65422;3.50753;3.23682;3.02224;2.77497;2.4487;2.16262;1.70477;1.39947;1","14.9691;14.8333;14.6018;14.4515;14.8736;14.7655;14.8893;14.9797;15.0065;15.2271;15.2804;15.4696;15.8882;16.2368;16.4772;16.7877;17.0606;17.4055;17.696;17.7488;18.1059;18.3691;18.1335;17.8422;17.6147;17.6025;17.6894;17.6936;17.6636;17.55;17.5611;17.5676;17.4617;17.3983;17.5384;17.6288;17.6946;17.6111;17.3583;17.1136;17.1042;17.021;17.018;16.9737;16.7983;16.7012;16.4217;16.4323;16.351;16.1439;16.3476;16.5091;16.4983;16.3621;16.2118;16.0511;15.8873;15.7488;15.4451;15.4104;15.2367;15.0475;15.0703;14.9914;15",0.473076
"0.833333;0.133333;0.0333333"
23.7133,0.127231,11.8566,"21.2074;20.9384;20.6785;20.3944;20.1476;19.8993;20.0052;19.7587;19.4532;18.9745;18.5239;18.189;17.903;17.4824;17.2774;17.0041;16.5903;16.2438;15.9995;15.7901;15.5085;15.1027;14.6773;14.4894;14.1253;13.824;13.3803;13.2708;12.8137;12.5927;12.1813;11.7746;11.3691;11.0353;10.6001;10.4831;10.0764;9.74519;9.31899;9.15219;8.79818;8.65282;8.15282;7.88754;7.49782;7.27595;6.89851;6.76183;6.34229;5.98186;5.75803;5.41296;4.9235;4.56701;4.11057;3.65422;3.50753;3.23682;3.02224;2.77497;2.4487;2.16262;1.70477;1.39947;1","14.9691;14.8333;14.6018;14.4515;14.8736;15.2284;15.5003;15.8289;16.1692;16.2706;16.193;16.5122;16.8404;17.0114;17.0665;17.2273;17.235;17.5023;17.696;17.7488;18.1059;18.3691;18.1335;17.8422;17.6147;17.6025;17.6894;17.6936;17.6636;17.55;17.5611;17.5676;17.4617;17.3983;17.5984;17.6288;17.6946;17.6111;17.3583;17.1136;17.1042;17.021;17.018;16.9737;16.7983;16.7012;16.4217;16.4323;16.351;16.1439;16.3476;16.5091;16.4983;16.3621;16.2118;16.0511;15.8873;15.7488;15.4451;15.4104;15.2367;15.0475;15.0703;14.9914;15",0.405861
"0.833333;0.166667;0"
21.2213,1.71996,10.6106,"21.2074;20.9591;20.6371;20.2976;19.8503;19.4047;18.9129;18.4388;17.9455;17.5136;17.0632;16.6765;16.3088;16.1407;15.8769;15.5854;15.2362;15.0906;14.6481;14.2716;14.006;13.5599;13.2982;12.8993;12.5424;12.2429;12.1327;11.6541;11.382;10.9158;10.6379;10.2334;9.92535;9.59117;9.40749;9.02677;8.85923;8.44186;8.26732;7.7921;7.44869;7.05167;6.66648;6.26221;6.03442;5.66148;5.22279;4.97002;4.6261;4.46977;3.99309;3.73703;3.29131;2.83775;2.48731;2.16262;1.70477;1.39947;1","14.9691;14.9507;14.8719;14.7827;14.7655;14.8893;14.963;14.8977;14.9077;14.9276;15.0027;15.1178;15.2852;15.2916;15.3719;15.4745;15.5004;15.5563;15.6749;15.9537;16.0446;16.1209;16.0955;16.0156;16.126;16.1846;16.1819;16.2701;16.2666;16.35;16.2377;16.4456;16.1408;16.0545;15.8557;15.6189;15.5526;15.549;15.3929;15.4469;15.413;15.4587;15.5056;15.4996;15.5746;15.6298;15.7198;15.7425;15.5685;15.5567;15.7076;15.588;15.4001;15.2523;15.0542;15.0475;15.0703;14.9914;15",2.58184
"0.866667;0;0.133333"
23.1284,0.126176,11.5642,"21.0021;20.6371;20.1476;19.8503;19.4047;19.0145;18.7129;18.6548;18.5821;18.4879;18.189;17.903;17.4824;17.2774;16.9493;16.5903;16.2972;15.9995;15.7901;15.5085;15.1027;14.6773;14.4894;14.1253;13.824;13.3803;13.2708;12.8137;12.5927;12.1813;11.7746;11.3691;10.9959;10.6001;10.4831;10.0764;9.74519;9.31899;9.15219;8.79818;8.65282;8.15282;7.88754;7.49782;7.27595;6.89851;6.76183;6.34229;5.98186;5.75803;5.41296;4.9235;4.56701;4.11057;3.65422;3.50753;3.23682;3.02224;2.77497;2.4487;2.16262;1.70477;1.39947;1","15.1397;14.8719;14.8736;14.7655;14.8893;15.1486;15.4278;15.5139;15.8728;16.1934;16.5122;16.8404;17.0114;17.0665;16.9752;17.235;17.3661;17.696;17.7488;18.1059;18.3691;18.1335;17.8422;17.6147;17.6025;17.6894;17.6936;17.6636;17.55;17.5611;17.5676;17.4617;17.4869;17.5984;17.6288;17.6946;17.6111;17.3583;17.1136;17.1042;17.021;17.018;16.9737;16.7983;16.7012;16.4217;16.4323;16.351;16.1439;16.3476;16.5091;16.4983;16.3621;16.2118;16.0511;15.8873;15.7488;15.4451;15.4104;15.2367;15.0475;15.0703;14.9914;15",1.16341
"0.866667;0.0333333;0.1"
23.4445,0.126482,11.7222,"20.9591;20.6785;20.3944;20.1476;19.8503;19.4047;19.0145;18.7129;18.6548;18.5821;18.4879;18.189;17.903;17.4824;17.2774;16.9493;16.5903;16.2972;15.9995;15.7901;15.5085;15.1027;14.6773;14.4894;14.1253;13.824;13.3803;13.2708;12.8137;12.5927;12.1813;11.7746;11.3691;10.9959;10.6001;10.4831;10.0764;9.74519;9.31899;9.15219;8.79818;8.65282;8.15282;7.88754;7.49782;7.27595;6.89851;6.76183;6.34229;5.98186;5.75803;5.41296;4.9235;4.56701;4.11057;3.65422;3.50753;3.23682;3.02224;2.77497;2.4487;2.16262;1.70477;1.39947;1","14.9507;14.6018;14.4515;14.8736;14.7655;14.8893;15.1486;15.4278;15.5139;15.8728;16.1934;16.5122;16.8404;17.0114;17.0665;16.9752;17.235;17.3661;17.696;17.7488;18.1059;18.3691;18.1335;17.8422;17.6147;17.6025;17.6894;17.6936;17.6636;17.55;17.5611;17.5676;17.4617;17.4869;17.5984;17.6288;17.6946;17.6111;17.3583;17.1136;17.1042;17.021;17.018;16.9737;16.7983;16.7012;16.4217;16.4323;16.351;16.1439;16.3476;16.5091;16.4983;16.3621;16.2118;16.0511;15.8873;15.7488;15.4451;15.4104;15.2367;15.0475;15.0703;14.9914;15",0.783618
"0.866667;0.0666667;0.0666667"
23.6006,0.127936,11.8003,"21.2074;20.9384;20.6785;20.3944;20.1476;19.8503;19.4047;18.9359;18.7299;18.4883;18.1382;17.6865;17.6183;17.405;17.2449;16.9909;16.6367;16.2798;15.9995;15.7901;15.5085;15.1027;14.6773;14.4894;14.1253;13.824;13.3803;13.2708;12.8137;12.5927;12.1813;11.7746;11.3691;10.9959;10.6001;10.4831;10.0764;9.74519;9.31899;9.15219;8.79818;8.65282;8.15282;7.88754;7.49782;7.27595;6.89851;6.76183;6.34229;5.98186;5.75803;5.41296;4.9235;4.56701;4.11057;3.65422;3.50753;3.23682;3.02224;2.77497;2.4487;2.16262;1.70477;1.39947;1","14.9691;14.8333;14.6018;14.4515;14.8736;14.7655;14.8893;14.9797;15.0065;15.2271;15.2804;15.4696;15.8882;16.2368;16.4772;16.7877;17.0606;17.4055;17.696;17.7488;18.1059;18.3691;18.1335;17.8422;17.6147;17.6025;17.6894;17.6936;17.6636;17.55;17.5611;17.5676;17.4617;17.4869;17.5984;17.6288;17.6946;17.6111;17.3583;17.1136;17.1042;17.021;17.018;16.9737;16.7983;16.7012;16.4217;16.4323;16.351;16.1439;16.3476;16.5091;16.4983;16.3621;16.2118;16.0511;15.8873;15.7488;15.4451;15.4104;15.2367;15.0475;15.0703;14.9914;15",0.519775
"0.866667;0.1;0.0333333"
23.7133,0.127231,11.8566,"21.2074;20.9384;20.6785;20.3944;20.1476;19.8993;20.0052;19.7587;19.4532;18.9745;18.5239;18.189;17.903;17.4824;17.2774;17.0041;16.5903;16.2438;15.9995;15.7901;15.5085;15.1027;14.6773;14.4894;14.1253;13.824;13.3803;13.2708;12.8137;12.5927;12.1813;11.7746;11.3691;11.0353;10.6001;10.4831;10.0764;9.74519;9.31899;9.15219;8.79818;8.65282;8.15282;7.88754;7.49782;7.27595;6.89851;6.76183;6.34229;5.98186;5.75803;5.41296;4.9235;4.56701;4.11057;3.65422;3.50753;3.23682;3.02224;2.77497;2.4487;2.16262;1.70477;1.39947;1","14.9691;14.8333;14.6018;14.4515;14.8736;15.2284;15.5003;15.8289;16.1692;16.2706;16.193;16.5122;16.8404;17.0114;17.0665;17.2273;17.235;17.5023;17.696;17.7488;18.1059;18.3691;18.1335;17.8422;17.6147;17.6025;17.6894;17.6936;17.6636;17.55;17.5611;17.5676;17.4617;17.3983;17.5984;17.6288;17.6946;17.6111;17.3583;17.1136;17.1042;17.021;17.018;16.9737;16.7983;16.7012;16.4217;16.4323;16.351;16.1439;16.3476;16.5091;16.4983;16.3621;16.2118;16.0511;15.8873;15.7488;15.4451;15.4104;15.2367;15.0475;15.0703;14.9914;15",0.422095
"0.866667;0.133333;0"
21.2213,1.71996,10.6106,"21.2074;20.9591;20.6371;20.2976;19.8503;19.4047;18.9129;18.4388;17.9455;17.5136;17.0632;16.6765;16.3088;16.1407;15.8769;15.5854;15.2362;15.0906;14.6481;14.2716;14.006;13.5599;13.2982;12.8993;12.5424;12.2429;12.1327;11.6541;11.382;10.9158;10.6379;10.2334;9.92535;9.59117;9.40749;9.02677;8.85923;8.44186;8.26732;7.7921;7.44869;7.05167;6.66648;6.26221;6.03442;5.66148;5.22279;4.97002;4.6261;4.46977;3.99309;3.73703;3.29131;2.83775;2.48731;2.16262;1.70477;1.39947;1","14.9691;14.9507;14.8719;14.7827;14.7655;14.8893;14.963;14.8977;14.9077;14.9276;15.0027;15.1178;15.2852;15.2916;15.3719;15.4745;15.5004;15.5563;15.6749;15.9537;16.0446;16.1209;16.0955;16.0156;16.126;16.1846;16.1819;16.2701;16.2666;16.35;16.2377;16.4456;16.1408;16.0545;15.8557;15.6189;15.5526;15.549;15.3929;15.4469;15.413;15.4587;15.5056;15.4996;15.5746;15.6298;15.7198;15.7425;15.5685;15.5567;15.7076;15.588;15.4001;15.2523;15.0542;15.0475;15.0703;14.9914;15",2.68114
"0.9;0;0.1"
23.5822,0.126584,11.7911,"21.0278;20.9384;20.6785;20.3944;20.1476;19.8503;19.4047;19.0145;18.7129;18.6548;18.5821;18.4879;18.189;17.903;17.4824;17.2774;16.9493;16.5903;16.2972;15.9995;15.7901;15.5085;15.1027;14.6773;14.4894;14.1253;13.824;13.3803;13.2708;12.8137;12.5927;12.1813;11.7746;11.3691;10.9959;10.6001;10.4831;10.0764;9.74519;9.31899;9.15219;8.79818;8.65282;8.15282;7.88754;7.49782;7.27595;6.89851;6.76183;6.34229;5.98186;5.75803;5.41296;4.9235;4.56701;4.11057;3.65422;3.50753;3.23682;3.02224;2.77497;2.4487;2.16262;1.70477;1.39947;1","15.0532;14.8333;14.6018;14.4515;14.8736;14.7655;14.8893;15.1486;15.4278;15.5139;15.8728;16.1934;16.5122;16.8404;17.0114;17.0665;16.9752;17.235;17.3661;17.696;17.7488;18.1059;18.3691;18.1335;17.8422;17.6147;17.6025;17.6894;17.6936;17.6636;17.55;17.5611;17.5676;17.4617;17.4869;17.5984;17.6288;17.6946;17.6111;17.3583;17.1136;17.1042;17.021;17.018;16.9737;16.7983;16.7012;16.4217;16.4323;16.351;16.1439;16.3476;16.5091;16.4983;16.3621;16.2118;16.0511;15.8873;15.7488;15.4451;15.4104;15.2367;15.0475;15.0703;14.9914;15",0.788072
"0.9;0.0333333;0.0666667"
23.6006,0.127936,11.8003,"21.2074;20.9384;20.6785;20.3944;20.1476;19.8503;19.4047;18.9359;18.7299;18.4883;18.1382;17.6865;17.6183;17.405;17.2449;16.9909;16.6367;16.2798;15.9995;15.7901;15.5085;15.1027;14.6773;14.4894;14.1253;13.824;13.3803;13.2708;12.8137;12.5927;12.1813;11.7746;11.3691;10.9959;10.6001;10.4831;10.0764;9.74519;9.31899;9.15219;8.79818;8.65282;8.15282;7.88754;7.49782;7.27595;6.89851;6.76183;6.34229;5.98186;5.75803;5.41296;4.9235;4.56701;4.11057;3.65422;3.50753;3.23682;3.02224;2.77497;2.4487;2.16262;1.70477;1.39947;1","14.9691;14.8333;14.6018;14.4515;14.8736;14.7655;14.8893;14.9797;15.0065;15.2271;15.2804;15.4696;15.8882;16.2368;16.4772;16.7877;17.0606;17.4055;17.696;17.7488;18.1059;18.3691;18.1335;17.8422;17.6147;17.6025;17.6894;17.6936;17.6636;17.55;17.5611;17.5676;17.4617;17.4869;17.5984;17.6288;17.6946;17.6111;17.3583;17.1136;17.1042;17.021;17.018;16.9737;16.7983;16.7012;16.4217;16.4323;16.351;16.1439;16.3476;16.5091;16.4983;16.3621;16.2118;16.0511;15.8873;15.7488;15.4451;15.4104;15.2367;15.0475;15.0703;14.9914;15",0.539767
"0.9;0.0666667;0.0333333"
23.6791,0.121487,11.8396,"21.2074;20.9384;20.6785;20.3944;20.1476;19.8993;20.0052;19.7587;19.4532;18.9745;18.5239;18.189;17.903;17.4824;17.2774;17.0041;16.5903;16.2438;15.9995;15.7901;15.5085;15.1027;14.6542;14.2746;13.8042;13.4696;13.0627;12.9214;12.5601;12.1813;11.7746;11.3691;10.9959;10.6001;10.4831;10.0764;9.74519;9.31899;9.15219;8.79818;8.65282;8.15282;7.88754;7.49782;7.27595;6.89851;6.76183;6.34229;5.98186;5.75803;5.41296;4.9235;4.56701;4.11057;3.65422;3.50753;3.23682;3.02224;2.77497;2.4487;2.16262;1.70477;1.39947;1","14.9691;14.8333;14.6018;14.4515;14.8736;15.2284;15.5003;15.8289;16.1692;16.2706;16.193;16.5122;16.8404;17.0114;17.0665;17.2273;17.235;17.5023;17.696;17.7488;18.1059;18.3691;18.5828;18.3226;18.3139;18.1737;17.9418;17.9575;17.8017;17.5611;17.5676;17.4617;17.4869;17.5984;17.6288;17.6946;17.6111;17.3583;17.1136;17.1042;17.021;17.018;16.9737;16.7983;16.7012;16.4217;16.4323;16.351;16.1439;16.3476;16.5091;16.4983;16.3621;16.2118;16.0511;15.8873;15.7488;15.4451;15.4104;15.2367;15.0475;15.0703;14.9914;15",0.469074
"0.9;0.1;0"
21.2213,1.71996,10.6106,"21.2074;20.9591;20.6371;20.2976;19.8503;19.4047;18.9129;18.4388;17.9455;17.5136;17.0632;16.6765;16.3088;16.1407;15.8769;15.5854;15.2362;15.0906;14.6481;14.2716;14.006;13.5599;13.2982;12.8993;12.5424;12.2429;12.1327;11.6541;11.382;10.9158;10.6379;10.2334;9.92535;9.59117;9.40749;9.02677;8.85923;8.44186;8.26732;7.7921;7.44869;7.05167;6.66648;6.26221;6.03442;5.66148;5.22279;4.97002;4.6261;4.46977;3.99309;3.73703;3.29131;2.83775;2.48731;2.16262;1.70477;1.39947;1","14.9691;14.9507;14.8719;14.7827;14.7655;14.8893;14.963;14.8977;14.9077;14.9276;15.0027;15.1178;15.2852;15.2916;15.3719;15.4745;15.5004;15.5563;15.6749;15.9537;16.0446;16.1209;16.0955;16.0156;16.126;16.1846;16.1819;16.2701;16.2666;16.35;16.2377;16.4456;16.1408;16.0545;15.8557;15.6189;15.5526;15.549;15.3929;15.4469;15.413;15.4587;15.5056;15.4996;15.5746;15.6298;15.7198;15.7425;15.5685;15.5567;15.7076;15.588;15.4001;15.2523;15.0542;15.0475;15.0703;14.9914;15",2.78044
"0.933333;0;0.0666667"
23.6006,0.127936,11.8003,"21.2074;20.9384;20.6785;20.3944;20.1476;19.8503;19.4047;18.9359;18.7299;18.4883;18.1382;17.6865;17.6183;17.405;17.2449;16.9909;16.6367;16.2798;15.9995;15.7901;15.5085;15.1027;14.6773;14.4894;14.1253;13.824;13.3803;13.2708;12.8137;12.5927;12.1813;11.7746;11.3691;10.9959;10.6001;10.4831;10.0764;9.74519;9.31899;9.15219;8.79818;8.65282;8.15282;7.88754;7.49782;7.27595;6.89851;6.76183;6.34229;5.98186;5.75803;5.41296;4.9235;4.56701;4.11057;3.65422;3.50753;3.23682;3.02224;2.77497;2.4487;2.16262;1.70477;1.39947;1","14.9691;14.8333;14.6018;14.4515;14.8736;14.7655;14.8893;14.9797;15.0065;15.2271;15.2804;15.4696;15.8882;16.2368;16.4772;16.7877;17.0606;17.4055;17.696;17.7488;18.1059;18.3691;18.1335;17.8422;17.6147;17.6025;17.6894;17.6936;17.6636;17.55;17.5611;17.5676;17.4617;17.4869;17.5984;17.6288;17.6946;17.6111;17.3583;17.1136;17.1042;17.021;17.018;16.9737;16.7983;16.7012;16.4217;16.4323;16.351;16.1439;16.3476;16.5091;16.4983;16.3621;16.2118;16.0511;15.8873;15.7488;15.4451;15.4104;15.2367;15.0475;15.0703;14.9914;15",0.559758
"0.933333;0.0333333;0.0333333"
23.6791,0.121487,11.8396,"21.2074;20.9384;20.6785;20.3944;20.1476;19.8993;20.0052;19.7587;19.4532;18.9745;18.5239;18.189;17.903;17.4824;17.2774;17.0041;16.5903;16.2438;15.9995;15.7901;15.5085;15.1027;14.6542;14.2746;13.8042;13.4696;13.0627;12.9214;12.5601;12.1813;11.7746;11.3691;10.9959;10.6001;10.4831;10.0764;9.74519;9.31899;9.15219;8.79818;8.65282;8.15282;7.88754;7.49782;7.27595;6.89851;6.76183;6.34229;5.98186;5.75803;5.41296;4.9235;4.56701;4.11057;3.65422;3.50753;3.23682;3.02224;2.77497;2.4487;2.16262;1.70477;1.39947;1","14.9691;14.8333;14.6018;14.4515;14.8736;15.2284;15.5003;15.8289;16.1692;16.2706;16.193;16.5122;16.8404;17.0114;17.0665;17.2273;17.235;17.5023;17.696;17.7488;18.1059;18.3691;18.5828;18.3226;18.3139;18.1737;17.9418;17.9575;17.8017;17.5611;17.5676;17.4617;17.4869;17.5984;17.6288;17.6946;17.6111;17.3583;17.1136;17.1042;17.021;17.018;16.9737;16.7983;16.7012;16.4217;16.4323;16.351;16.1439;16.3476;16.5091;16.4983;16.3621;16.2118;16.0511;15.8873;15.7488;15.4451;15.4104;15.2367;15.0475;15.0703;14.9914;15",0.486448
"0.933333;0.0666667;0"
21.2285,1.71996,10.6142,"21.2074;20.9591;20.6371;20.1476;19.8503;19.4047;18.9129;18.4388;17.9455;17.5136;17.0632;16.6765;16.3088;16.1407;15.8769;15.5854;15.2362;15.0906;14.6481;14.2716;14.006;13.5599;13.2982;12.8993;12.5424;12.2429;12.1327;11.6541;11.382;10.9158;10.6379;10.2334;9.92535;9.59117;9.40749;9.02677;8.85923;8.44186;8.26732;7.7921;7.44869;7.05167;6.66648;6.26221;6.03442;5.66148;5.22279;4.97002;4.6261;4.46977;3.99309;3.73703;3.29131;2.83775;2.48731;2.16262;1.70477;1.39947;1","14.9691;14.9507;14.8719;14.8736;14.7655;14.8893;14.963;14.8977;14.9077;14.9276;15.0027;15.1178;15.2852;15.2916;15.3719;15.4745;15.5004;15.5563;15.6749;15.9537;16.0446;16.1209;16.0955;16.0156;16.126;16.1846;16.1819;16.2701;16.2666;16.35;16.2377;16.4456;16.1408;16.0545;15.8557;15.6189;15.5526;15.549;15.3929;15.4469;15.413;15.4587;15.5056;15.4996;15.5746;15.6298;15.7198;15.7425;15.5685;15.5567;15.7076;15.588;15.4001;15.2523;15.0542;15.0475;15.0703;14.9914;15",2.87278
"0.966667;0;0.0333333"
23.5808,2.14446,11.7904,"21.2074;20.9384;20.6785;20.3944;19.9996;19.9627;19.5473;19.1855;18.8327;18.4425;18.1327;17.8028;17.395;16.9183;16.4717;16.0896;15.8601;15.403;15.0662;14.7122;14.4402;14.1663;14.2962;14.0153;13.9783;14.0175;14.0602;13.9371;13.5738;13.1146;12.8993;12.5424;12.2429;11.9976;11.6541;11.382;10.9158;10.6379;10.2334;9.92535;9.59117;9.22573;8.85923;8.44186;8.26732;7.7921;7.44869;7.05167;6.66648;6.26221;6.03442;5.66148;5.22279;4.97002;4.6261;4.46977;3.99309;3.73703;3.29131;2.83775;2.48731;2.16262;1.70477;1.39947;1","14.9691;14.8333;14.6018;14.4515;14.2116;14.19;13.9116;14.0349;14.0783;13.9439;13.792;13.6493;13.5396;13.6259;13.8058;13.7721;13.7327;13.8521;13.7393;13.5941;13.6749;13.7477;14.215;14.2935;14.6486;14.973;15.2459;15.5436;15.6326;15.65;16.0156;16.126;16.1846;16.3185;16.2701;16.2666;16.35;16.2377;16.4456;16.1408;16.0545;15.8802;15.5526;15.549;15.3929;15.4469;15.413;15.4587;15.5056;15.4996;15.5746;15.6298;15.7198;15.7425;15.5685;15.5567;15.7076;15.588;15.4001;15.2523;15.0542;15.0475;15.0703;14.9914;15",0.598811
"0.966667;0.0333333;0"
21.2213,1.71996,10.6106,"21.2074;20.9591;20.6371;20.2976;19.8503;19.4047;18.9129;18.4388;17.9455;17.5136;17.0632;16.6765;16.3088;16.1407;15.8769;15.5854;15.2362;15.0906;14.6481;14.2716;14.006;13.5599;13.2982;12.8993;12.5424;12.2429;12.1327;11.6541;11.382;10.9158;10.6379;10.2334;9.92535;9.59117;9.40749;9.02677;8.85923;8.44186;8.26732;7.7921;7.44869;7.05167;6.66648;6.26221;6.03442;5.66148;5.22279;4.97002;4.6261;4.46977;3.99309;3.73703;3.29131;2.83775;2.48731;2.16262;1.70477;1.39947;1","14.9691;14.9507;14.8719;14.7827;14.7655;14.8893;14.963;14.8977;14.9077;14.9276;15.0027;15.1178;15.2852;15.2916;15.3719;15.4745;15.5004;15.5563;15.6749;15.9537;16.0446;16.1209;16.0955;16.0156;16.126;16.1846;16.1819;16.2701;16.2666;16.35;16.2377;16.4456;16.1408;16.0545;15.8557;15.6189;15.5526;15.549;15.3929;15.4469;15.413;15.4587;15.5056;15.4996;15.5746;15.6298;15.7198;15.7425;15.5685;15.5567;15.7076;15.588;15.4001;15.2523;15.0542;15.0475;15.0703;14.9914;15",2.97905
"1;0;0"
