Length, Risk, TravelTime, Paths.x, Paths.y, Cost, Weight
0.591477,1.03832,0.152848,"1;1.11988;1.23976;1.35964;1.47952;1.59941;1.71929;1.83917;1.95905;2.07893;2.19881;2.31869;2.43857;2.55846;2.67834;2.79658;2.91319;3.02816;3.1415;3.25319;3.36489;3.47659;3.58829;3.69999;3.81169;3.92338;4.03508;4.14678;4.25848;4.37018;4.48188;4.59592;4.7123;4.83102;4.95209;5.0755;5.19891;5.32231;5.44572;5.56913;5.69254;5.81595;5.93936;6.06276;6.18617;6.30958;6.43299;6.54719;6.65219;6.74799;6.83459;6.91198;6.98937;7.06676;7.14415;7.22154;7.29893;7.37632;7.45372;7.53111;7.6085;7.68589;7.76328;7.84265;7.924;8.00732;8.09263;8.17991;8.2672;8.35448;8.44177;8.52905;8.61634;8.70362;8.7909;8.87819;8.96547;9.05276;9.14004;9.23441;9.33586;9.44439;9.56001;9.68271;9.80541;9.92811;10.0508;10.1735;10.2962;10.4189;10.5416;10.6643;10.787;10.9097;11.0324;11.1523;11.2695;11.384;11.4956;11.6045;11.7134;11.8224;11.9313;12.0402;12.1491;12.258;12.3669;12.4758;12.5847;12.6936;12.8025;12.911;13.0189;13.1263;13.2332;13.3397;13.4461;13.5525;13.659;13.7654;13.8718;13.9783;14.0847;14.1911;14.2976;14.404;14.5104;14.6197;14.7317;14.8466;14.9642;15.0847;15.2052;15.3257;15.4461;15.5666;15.6871;15.8076;15.928;16.0485;16.169;16.2895;16.41;16.526;16.6376;16.7448;16.8476;16.9459;17.0443;17.1426;17.241;17.3393;17.4376;17.536;17.6343;17.7327;17.831;17.9293;18.0277;18.1272;18.2279;18.3298;18.4329;18.5371;18.6414;18.7456;18.8499;18.9541;19.0584;19.1626;19.2669;19.3711;19.4754;19.5796;19.6839;19.7881;19.8932;19.9992;20.106;20.2137;20.3223;20.4308;20.5394;20.6479;20.7564;20.865;20.9735;21.0821;21.1906;21.2992;21.4077;21.5163;21.5787;21.5949;21.565;21.4889;21.3667;21.2445;21.1222;21","15;15.0354;15.0708;15.1062;15.1416;15.177;15.2124;15.2478;15.2832;15.3186;15.354;15.3895;15.4249;15.4603;15.4957;15.5128;15.5116;15.4921;15.4543;15.3981;15.342;15.2859;15.2298;15.1737;15.1176;15.0615;15.0054;14.9492;14.8931;14.837;14.7809;14.732;14.6904;14.6561;14.6289;14.609;14.5892;14.5693;14.5494;14.5295;14.5096;14.4897;14.4698;14.45;14.4301;14.4102;14.3903;14.3548;14.3036;14.2367;14.1542;14.0561;13.9579;13.8597;13.7616;13.6634;13.5653;13.4671;13.3689;13.2708;13.1726;13.0744;12.9763;12.8799;12.7852;12.6922;12.601;12.5115;12.422;12.3326;12.2431;12.1536;12.0641;11.9747;11.8852;11.7957;11.7062;11.6167;11.5273;11.4509;11.3877;11.3376;11.3006;11.2767;11.2528;11.229;11.2051;11.1812;11.1573;11.1335;11.1096;11.0857;11.0619;11.038;11.0141;11.0073;11.0175;11.0448;11.0891;11.1504;11.2118;11.2731;11.3345;11.3958;11.4572;11.5185;11.5799;11.6412;11.7026;11.7639;11.8253;11.8875;11.9505;12.0144;12.0791;12.1446;12.2102;12.2757;12.3413;12.4068;12.4724;12.5379;12.6035;12.669;12.7346;12.8001;12.8657;12.9248;12.9775;13.0237;13.0634;13.0968;13.1301;13.1634;13.1967;13.2301;13.2634;13.2967;13.33;13.3633;13.3967;13.43;13.4633;13.5054;13.5563;13.6159;13.6843;13.7614;13.8386;13.9158;13.9929;14.0701;14.1473;14.2244;14.3016;14.3787;14.4559;14.5331;14.6102;14.6829;14.751;14.8146;14.8736;14.9281;14.9826;15.0372;15.0917;15.1462;15.2007;15.2553;15.3098;15.3643;15.4188;15.4733;15.5279;15.5824;15.6136;15.6215;15.6061;15.5674;15.5055;15.4435;15.3815;15.3195;15.2575;15.1955;15.1335;15.0715;15.0095;14.9476;14.8856;14.8236;14.784;14.7668;14.7721;14.7997;14.8498;14.8999;14.9499;15",0.0281783,"0;0;1"
0.820842,0.33309,0.374343,"1;1.17502;1.35003;1.52505;1.70006;1.87508;2.05009;2.22511;2.40012;2.57514;2.74666;2.9147;3.07925;3.24031;3.39787;3.55544;3.71301;3.87058;4.02815;4.18572;4.34329;4.48658;4.61559;4.73032;4.83078;4.91696;5.00314;5.09125;5.1813;5.27329;5.36722;5.46308;5.55894;5.65481;5.75067;5.84653;5.94239;6.03826;6.12349;6.1981;6.26208;6.31544;6.35816;6.40089;6.44362;6.48635;6.52907;6.5718;6.61453;6.68353;6.7788;6.90035;7.04817;7.22226;7.39635;7.57045;7.74454;7.91863;8.09273;8.23973;8.35965;8.47807;8.59498;8.7104;8.85139;9.01797;9.18455;9.35113;9.51771;9.68429;9.85087;10.0174;10.1613;10.2825;10.381;10.4568;10.5099;10.5631;10.6162;10.6693;10.7224;10.7755;10.7926;10.7737;10.7189;10.628;10.5619;10.5565;10.612;10.7282;10.9052;11.0821;11.2591;11.435;11.6098;11.7835;11.9561;12.1276;12.2992;12.4707;12.6418;12.8124;12.9844;13.1577;13.3324;13.5088;13.6871;13.8653;14.0394;14.2094;14.3753;14.5371;14.6947;14.8524;15.0101;15.1678;15.3255;15.4831;15.6408;15.7966;15.9506;16.1027;16.253;16.4014;16.5497;16.6981;16.8465;16.9949;17.1433;17.2917;17.4369;17.579;17.7179;17.8536;17.9862;18.1188;18.2514;18.3839;18.5165;18.6491;18.7817;18.9142;19.0526;19.1969;19.347;19.5029;19.6646;19.8264;19.9881;20.1499;20.3116;20.4734;20.6351;20.7941;20.9502;21.1035;21.254;21.4016;21.5493;21.6969;21.8446;21.9922;22.1399;22.2875;22.4352;22.576;22.71;22.8371;22.9575;23.0709;23.1844;23.2979;23.4114;23.5248;23.6383;23.7518;23.8252;23.8584;23.8516;23.8047;23.7177;23.6306;23.5436;23.4566;23.3696;23.2825;23.1955;23.1085;23.0002;22.8706;22.7197;22.5475;22.3541;22.1607;21.9672;21.7738;21.5803;21.3869;21.1934;21","15;15.0493;15.0985;15.1478;15.1971;15.2463;15.2956;15.3449;15.3942;15.4434;15.501;15.5668;15.641;15.7234;15.8141;15.9048;15.9956;16.0863;16.177;16.2677;16.3584;16.4606;16.5743;16.6995;16.8361;16.9843;17.1324;17.2803;17.428;17.5755;17.7228;17.8699;18.0169;18.164;18.3111;18.4582;18.6053;18.7523;18.9043;19.061;19.2227;19.3891;19.5604;19.7318;19.9031;20.0744;20.2457;20.4171;20.5884;20.7311;20.8451;20.9305;20.9873;21.0155;21.0436;21.0717;21.0999;21.128;21.1562;21.2124;21.2968;21.3901;21.4923;21.6035;21.6955;21.7684;21.8412;21.9141;21.987;22.0598;22.1327;22.2056;22.2303;22.2068;22.1353;22.0155;21.8476;21.6798;21.5119;21.344;21.1761;21.0082;20.8966;20.8414;20.8424;20.8998;20.9817;21.0318;21.0502;21.0368;20.9916;20.9464;20.9013;20.8647;20.8367;20.8174;20.8066;20.8045;20.8023;20.8001;20.7852;20.7575;20.7271;20.694;20.6582;20.6325;20.6169;20.6013;20.5707;20.5251;20.4646;20.389;20.2985;20.208;20.1175;20.0269;19.9364;19.8459;19.7554;19.6619;19.5656;19.4663;19.3642;19.2591;19.1541;19.049;18.9439;18.8389;18.7338;18.6287;18.5649;18.5422;18.5608;18.6206;18.7216;18.8226;18.9236;19.0246;19.1256;19.2266;19.3276;19.4286;19.4928;19.5202;19.5108;19.4645;19.3815;19.2985;19.2154;19.1324;19.0494;18.9663;18.8833;18.8014;18.7207;18.6411;18.5626;18.4853;18.408;18.3307;18.2534;18.1761;18.0988;18.0215;17.9442;17.854;17.7508;17.6346;17.5055;17.3634;17.2214;17.0793;16.9372;16.7952;16.6531;16.5111;16.369;16.2269;16.0848;15.9427;15.8005;15.6584;15.5162;15.3741;15.232;15.0898;14.9477;14.8055;14.7014;14.6353;14.6071;14.617;14.6649;14.7127;14.7606;14.8085;14.8564;14.9042;14.9521;15",0.247176,"0;0.01;0.99"
0.957232,0.288745,0.503581,"1;1.19658;1.39316;1.58973;1.78631;1.98289;2.17947;2.37605;2.57262;2.7361;2.86647;2.96375;3.02792;3.05899;3.09006;3.12113;3.1522;3.18327;3.21434;3.26298;3.32921;3.413;3.51437;3.63332;3.75227;3.87122;3.99016;4.10911;4.22806;4.35093;4.47772;4.60842;4.74305;4.8816;5.02014;5.15869;5.29724;5.43578;5.55296;5.64876;5.72318;5.77623;5.8079;5.83958;5.87126;5.90293;5.93461;5.96628;6.02058;6.0975;6.19705;6.31922;6.46401;6.6088;6.7536;6.89839;7.05721;7.23006;7.41693;7.61784;7.83277;8.0477;8.26263;8.47756;8.69249;8.89094;9.0729;9.23838;9.38737;9.51988;9.65239;9.7849;9.91741;10.0499;10.1824;10.3014;10.4068;10.4986;10.5769;10.6416;10.7063;10.771;10.8507;10.9453;11.0549;11.1794;11.3189;11.4584;11.5979;11.7374;11.8709;11.9983;12.1198;12.2353;12.3422;12.4465;12.5651;12.6979;12.8451;13.009;13.1899;13.3707;13.5516;13.7324;13.9133;14.0986;14.2883;14.4825;14.6812;14.8761;15.0628;15.2413;15.4116;15.5737;15.7358;15.8979;16.0706;16.254;16.4481;16.6528;16.8682;17.0835;17.2989;17.5143;17.7296;17.8871;17.9868;18.0286;18.0126;17.9387;17.8648;17.7909;17.7171;17.6929;17.7184;17.7936;17.9185;18.0932;18.2678;18.4424;18.5459;18.5782;18.5393;18.4293;18.2464;18.0618;17.8755;17.6875;17.4978;17.3081;17.1184;16.9287;16.739;16.5632;16.4014;16.2535;16.1196;15.9996;15.8796;15.8043;15.7736;15.7877;15.865;16.0058;16.1652;16.3435;16.5406;16.7379;16.9354;17.1331;17.3308;17.5285;17.7261;17.9238;18.1215;18.3184;18.5145;18.7098;18.9044;19.0981;19.2919;19.4856;19.6794;19.8732;20.0646;20.2538;20.4406;20.6251;20.8073;20.9895;21.1717;21.354;21.5362;21.7184;21.81;21.8111;21.7215;21.5414;21.2707;21","15;14.9632;14.9263;14.8895;14.8526;14.8158;14.779;14.7421;14.7053;14.7153;14.7723;14.8761;15.0268;15.2243;15.4219;15.6195;15.817;16.0146;16.2122;16.4024;16.5853;16.7608;16.9289;17.0897;17.2505;17.4112;17.572;17.7328;17.8936;18.057;18.2229;18.3915;18.5627;18.7364;18.9101;19.0839;19.2576;19.4314;19.6099;19.7931;19.9811;20.1738;20.3713;20.5688;20.7663;20.9637;21.1612;21.3587;21.546;21.7232;21.8902;22.0471;22.1939;22.3406;22.4873;22.6341;22.7628;22.8734;22.966;23.0405;23.0969;23.1534;23.2099;23.2663;23.3228;23.3979;23.4917;23.6042;23.7353;23.8851;24.0349;24.1847;24.3345;24.4843;24.6341;24.711;24.7151;24.6462;24.5044;24.2898;24.0751;23.8605;23.6587;23.4697;23.2936;23.1304;22.98;22.8296;22.6792;22.5287;22.3717;22.208;22.0376;21.8605;21.6807;21.5048;21.3915;21.3406;21.3523;21.4225;21.5514;21.6802;21.8091;21.9379;22.0668;22.1655;22.234;22.2723;22.2805;22.2406;22.1826;22.1068;22.013;21.9012;21.7894;21.6777;21.5859;21.5141;21.4623;21.4305;21.4187;21.4069;21.3951;21.3833;21.3715;21.3251;21.2442;21.1286;20.9785;20.7937;20.609;20.4242;20.2395;20.0659;19.9036;19.7524;19.6124;19.4836;19.3548;19.226;19.0993;18.9746;18.852;18.7314;18.6142;18.4984;18.3838;18.2706;18.1587;18.0468;17.9349;17.823;17.7111;17.5903;17.4606;17.322;17.1745;17.0181;16.8617;16.6971;16.5244;16.3435;16.1758;16.0213;15.8883;15.7885;15.7222;15.6678;15.6254;15.595;15.5646;15.5341;15.5037;15.4733;15.4429;15.3968;15.335;15.2576;15.1644;15.0556;14.9468;14.838;14.7292;14.6204;14.5498;14.5175;14.5235;14.5677;14.6502;14.7326;14.8151;14.8975;14.98;15.0624;15.117;15.1438;15.1427;15.1137;15.0568;15",0.371333,"0;0.02;0.98"
0.932841,0.0860845,0.68806,"1;1.15655;1.3131;1.46965;1.6262;1.78275;1.9393;2.09585;2.2524;2.37546;2.46503;2.5211;2.54368;2.53277;2.52187;2.51096;2.50005;2.48914;2.47823;2.50057;2.55616;2.645;2.76708;2.92242;3.07776;3.23309;3.38843;3.54377;3.6991;3.86088;4.0291;4.20376;4.38485;4.57239;4.75993;4.94746;5.135;5.32254;5.51007;5.67651;5.82184;5.94607;6.04919;6.13122;6.21324;6.29526;6.37729;6.45931;6.54134;6.60719;6.65687;6.69038;6.70773;6.7089;6.71007;6.71124;6.71241;6.71358;6.71475;6.75056;6.821;6.92607;7.06577;7.24011;7.41445;7.58879;7.76313;7.93747;8.11181;8.28399;8.45403;8.62192;8.78765;8.95123;9.11481;9.2784;9.44198;9.60556;9.76914;9.93454;10.1018;10.2708;10.4416;10.6143;10.7869;10.9596;11.1323;11.3049;11.4776;11.6548;11.8366;12.0229;12.2137;12.4091;12.6045;12.7999;12.9953;13.1907;13.3861;13.5718;13.7478;13.9142;14.0709;14.2178;14.3648;14.5118;14.6588;14.8058;14.9528;15.0886;15.2133;15.3268;15.4291;15.5203;15.6115;15.7027;15.7939;15.8851;15.9762;16.0607;16.1384;16.2095;16.2738;16.3314;16.389;16.4465;16.5041;16.5617;16.6193;16.6851;16.759;16.8412;16.9315;17.03;17.1286;17.2271;17.3256;17.4241;17.5226;17.6413;17.7801;17.9391;18.1182;18.3175;18.5167;18.716;18.9153;19.1145;19.3138;19.4809;19.6158;19.7185;19.789;19.8274;19.8657;19.9041;19.9425;19.9808;20.0192;20.0575;20.0966;20.1365;20.1772;20.2186;20.2608;20.303;20.3452;20.3874;20.4296;20.4718;20.4829;20.4631;20.4122;20.3302;20.2173;20.1043;19.9914;19.8784;19.7655;19.6525;19.5395;19.468;19.438;19.4493;19.5021;19.5964;19.6906;19.7849;19.8791;19.9734;20.0676;20.1643;20.2634;20.3648;20.4687;20.5749;20.6812;20.7875;20.8937;21","15;15.1245;15.2489;15.3734;15.4979;15.6223;15.7468;15.8713;15.9957;16.1352;16.2898;16.4594;16.6441;16.8438;17.0435;17.2432;17.4429;17.6426;17.8423;18.0272;18.1975;18.3529;18.4936;18.6196;18.7456;18.8716;18.9976;19.1235;19.2495;19.3642;19.4676;19.5597;19.6405;19.71;19.7795;19.849;19.9185;19.988;20.0575;20.1495;20.2642;20.4014;20.5613;20.7437;20.9261;21.1085;21.2909;21.4733;21.6557;21.8416;22.0311;22.224;22.4205;22.6205;22.8205;23.0205;23.2205;23.4205;23.6205;23.8001;23.9593;24.0981;24.2165;24.3145;24.4125;24.5105;24.6085;24.7065;24.8046;24.906;25.0108;25.1191;25.2307;25.3458;25.4609;25.5759;25.691;25.8061;25.9211;26.0334;26.1428;26.2494;26.3531;26.4541;26.555;26.656;26.7569;26.8578;26.9588;27.048;27.1257;27.1916;27.246;27.2886;27.3313;27.374;27.4166;27.4593;27.502;27.509;27.4803;27.416;27.316;27.1804;27.0448;26.9091;26.7735;26.6379;26.5023;26.3582;26.2056;26.0445;25.875;25.697;25.519;25.341;25.163;24.985;24.807;24.6263;24.4429;24.2567;24.0679;23.8764;23.6849;23.4933;23.3018;23.1103;22.9187;22.7307;22.5462;22.3651;22.1876;22.0135;21.8395;21.6654;21.4914;21.3173;21.1433;21.0075;20.9099;20.8505;20.8295;20.8466;20.8637;20.8809;20.898;20.9152;20.9323;20.9105;20.8497;20.7499;20.6111;20.4334;20.2557;20.0779;19.9002;19.7225;19.5448;19.367;19.1858;19.0009;18.8125;18.6206;18.4251;18.2296;18.0341;17.8386;17.6431;17.4476;17.2627;17.0884;16.9247;16.7716;16.6292;16.4867;16.3442;16.2018;16.0593;15.9168;15.7743;15.6251;15.469;15.3062;15.1366;14.9602;14.7838;14.6074;14.431;14.2546;14.0782;13.9735;13.9405;13.9792;14.0896;14.2717;14.4537;14.6358;14.8179;15",0.546489,"0;0.03;0.97"
0.862073,0.239631,0.177824,"1;1.19988;1.39975;1.59963;1.7995;1.99938;2.19926;2.39913;2.59901;2.76114;2.88552;2.97216;3.02106;3.03221;3.04336;3.05451;3.06566;3.07681;3.08796;3.10543;3.1292;3.15929;3.19569;3.23841;3.28112;3.32384;3.36655;3.40927;3.45198;3.5168;3.60373;3.71276;3.84389;3.99713;4.15037;4.30361;4.45685;4.61009;4.76333;4.87328;4.93994;5.01082;5.08593;5.16526;5.2921;5.46645;5.64081;5.81516;5.98952;6.16387;6.30793;6.42171;6.50519;6.55838;6.58128;6.60418;6.62708;6.6831;6.77225;6.89451;7.0499;7.23841;7.42692;7.61543;7.80394;7.92209;7.96988;7.9473;7.91923;7.88566;7.91697;8.01315;8.1742;8.33525;8.49631;8.65736;8.80386;8.93581;9.05322;9.15607;9.24438;9.33269;9.42099;9.5093;9.61059;9.72485;9.85208;9.9923;10.1455;10.2987;10.4519;10.6051;10.762;10.9228;11.0873;11.2555;11.4276;11.5996;11.7716;11.9437;12.1157;12.2877;12.4598;12.6358;12.816;13.0002;13.1885;13.3808;13.5731;13.7654;13.9577;14.15;14.3423;14.5159;14.6707;14.8068;14.9241;15.0226;15.1212;15.2197;15.3183;15.4168;15.5154;15.6139;15.7105;15.805;15.8976;15.9881;16.0766;16.1652;16.2537;16.3422;16.4308;16.5193;16.6181;16.7272;16.8466;16.9762;17.1162;17.2561;17.396;17.5359;17.6759;17.8158;17.9557;18.1039;18.2602;18.4247;18.5974;18.7783;18.9592;19.1395;19.3191;19.4981;19.6765;19.8542;20.0319;20.2096;20.3873;20.565;20.7225;20.8597;20.9766;21.0733;21.1498;21.2155;21.2706;21.3148;21.3484;21.3712;21.394;21.4169;21.4035;21.354;21.2684;21.2108;21.1812;21.2158;21.3145;21.4775;21.6404;21.8034;21.9663;22.1293;22.2502;22.329;22.3657;22.3604;22.313;22.2656;22.2182;22.1707;22.1233;22.0519;21.9563;21.8367;21.6929;21.4872;21.3574;21","15;14.993;14.9859;14.9789;14.9718;14.9648;14.9577;14.9507;14.9436;14.8981;14.814;14.6913;14.5302;14.3305;14.1308;13.9311;13.7314;13.5317;13.332;13.1332;12.9352;12.7381;12.5419;12.3465;12.1511;11.9557;11.7603;11.565;11.3696;11.1876;11.0189;10.8637;10.7218;10.5932;10.4647;10.3362;10.2077;10.0792;9.95063;9.80321;9.63689;9.478;9.32654;9.1825;9.06479;8.97341;8.88202;8.79064;8.69925;8.60787;8.49936;8.37374;8.231;8.07113;7.89415;7.71717;7.54018;7.40539;7.31278;7.26235;7.25412;7.28807;7.32201;7.35596;7.38991;7.40805;7.41036;7.39686;7.39255;7.39743;7.42731;7.4822;7.56209;7.64198;7.72187;7.80177;7.82992;7.80633;7.73101;7.60394;7.42514;7.24634;7.06753;6.88873;6.76852;6.7069;6.70388;6.75945;6.87361;6.98778;7.10194;7.2161;7.29566;7.34062;7.35099;7.32675;7.26791;7.20907;7.15023;7.09139;7.03256;6.97372;6.91488;6.85683;6.79956;6.74308;6.68738;6.63247;6.57756;6.52265;6.46774;6.41283;6.35792;6.34455;6.37272;6.44243;6.55369;6.70648;6.85927;7.01206;7.16485;7.31765;7.47044;7.62323;7.78078;7.94309;8.11015;8.28197;8.45855;8.63513;8.8117;8.98828;9.16486;9.34144;9.45948;9.51899;9.51996;9.4624;9.34631;9.23022;9.11412;8.99803;8.88193;8.76584;8.64974;8.57684;8.54713;8.56061;8.61728;8.71715;8.81701;8.9144;9.00932;9.10176;9.19172;9.27922;9.36671;9.4542;9.5417;9.62919;9.73202;9.85018;9.98368;10.1325;10.2967;10.4652;10.6381;10.8153;10.9968;11.1827;11.3686;11.5545;11.7197;11.8642;11.9879;12.0931;12.1797;12.2684;12.3592;12.4522;12.5452;12.6381;12.7311;12.8241;12.9376;13.0717;13.2264;13.4017;13.5975;13.7934;13.9892;14.185;14.3809;14.5527;14.7006;14.8246;14.9246;14.9701;15.0766;15",0.0510282,"0;0.04;0.96"
0.991052,0.139834,0.647289,"1;1.11227;1.22454;1.33681;1.44908;1.56135;1.67362;1.78588;1.91532;2.06191;2.22567;2.40659;2.60467;2.80275;3.00083;3.19891;3.39699;3.57807;3.74213;3.88919;4.01924;4.13229;4.24533;4.35838;4.47142;4.58447;4.66933;4.726;4.75448;4.75478;4.72689;4.699;4.67112;4.64323;4.61534;4.58724;4.55894;4.53044;4.50172;4.4728;4.44388;4.41496;4.38604;4.35712;4.37558;4.44141;4.55462;4.7152;4.92316;5.13112;5.33908;5.54703;5.75499;5.93654;6.09167;6.22038;6.32268;6.39856;6.47444;6.55032;6.62621;6.70209;6.8068;6.94035;7.10272;7.29393;7.51397;7.73401;7.95404;8.17408;8.39412;8.6025;8.79921;8.98425;9.15763;9.31935;9.48107;9.65474;9.84037;10.038;10.2475;10.469;10.6905;10.912;11.1335;11.355;11.5436;11.6994;11.8223;11.9123;11.9695;12.0267;12.0839;12.1297;12.1641;12.1872;12.1989;12.2389;12.3186;12.4379;12.5968;12.7904;12.9791;13.1628;13.3415;13.5153;13.689;13.8628;14.0365;14.2103;14.3806;14.5475;14.7109;14.8709;15.0275;15.184;15.3406;15.4972;15.6537;15.7885;15.9016;15.9928;16.0623;16.11;16.1075;16.0547;15.9516;15.7982;15.5946;15.3909;15.2687;15.228;15.2687;15.3909;15.5946;15.7982;16.0018;16.2055;16.4091;16.5987;16.7741;16.9354;17.0827;17.2158;17.3489;17.482;17.6151;17.7482;17.893;18.0496;18.2178;18.3978;18.5894;18.7811;18.9727;19.1644;19.356;19.5534;19.7566;19.9656;20.1804;20.4009;20.6214;20.8419;21.0625;21.283;21.4519;21.5691;21.6348;21.6487;21.6111;21.5734;21.5358;21.4981;21.4605;21.4228;21.424;21.4639;21.5427;21.6603;21.8168;21.9732;22.1296;22.286;22.4424;22.5444;22.592;22.5852;22.524;22.4083;22.2926;22.177;22.0613;21.9456;21.83;21.6975;21.5483;21.3823;21.1996;21","15;15.1918;15.3836;15.5753;15.7671;15.9589;16.1507;16.3424;16.516;16.6714;16.8085;16.9275;17.0282;17.1289;17.2296;17.3304;17.4311;17.5499;17.6869;17.842;18.0152;18.2065;18.3978;18.5892;18.7805;18.9718;19.169;19.3719;19.5807;19.7954;20.0158;20.2363;20.4568;20.6772;20.8977;21.1181;21.3386;21.5589;21.7793;21.9996;22.22;22.4403;22.6606;22.881;23.0729;23.2364;23.3716;23.4783;23.5566;23.6349;23.7133;23.7916;23.8699;23.9744;24.1049;24.2616;24.4443;24.6532;24.8621;25.0709;25.2798;25.4887;25.662;25.7997;25.9019;25.9685;25.9996;26.0307;26.0618;26.0929;26.1239;26.121;26.0839;26.0128;25.9077;25.7685;25.6294;25.5216;25.4453;25.4004;25.3869;25.4049;25.4228;25.4408;25.4587;25.4767;25.4518;25.3839;25.2732;25.1196;24.923;24.7265;24.53;24.3313;24.1304;23.9273;23.722;23.5699;23.4731;23.4317;23.4456;23.4794;23.4777;23.4405;23.3678;23.2597;23.1515;23.0433;22.9352;22.827;22.714;22.5962;22.4736;22.3463;22.2141;22.0819;21.9497;21.8175;21.6853;21.5341;21.3639;21.1748;20.9666;20.7394;20.5421;20.3745;20.2368;20.1289;20.0508;19.9727;19.8924;19.81;19.7254;19.6386;19.5496;19.4607;19.3717;19.2828;19.1939;19.1583;19.1761;19.2473;19.3718;19.5498;19.7277;19.9057;20.0836;20.2616;20.3814;20.4432;20.4469;20.3925;20.28;20.1675;20.055;19.9425;19.83;19.7346;19.6561;19.5947;19.5503;19.5229;19.4955;19.4681;19.4407;19.4134;19.3522;19.2572;19.1284;18.9657;18.7693;18.5729;18.3765;18.18;17.9836;17.7872;17.5985;17.4175;17.2442;17.0787;16.9208;16.763;16.6051;16.4473;16.2894;16.1305;15.9706;15.8095;15.6474;15.4843;15.3211;15.1579;14.9948;14.8316;14.6684;14.5818;14.5716;14.6379;14.7807;15",0.496488,"0;0.05;0.95"
0.83984,0.186013,0.57085,"1;1.15098;1.30195;1.45293;1.60391;1.75489;1.90586;2.05684;2.20782;2.3588;2.49862;2.6273;2.74483;2.85121;2.94645;3.04168;3.13691;3.23214;3.32738;3.42261;3.51784;3.6246;3.7429;3.87273;4.01409;4.16698;4.31987;4.47277;4.62566;4.77855;4.93144;5.08433;5.24294;5.40727;5.57732;5.75309;5.93457;6.11605;6.29754;6.47902;6.6605;6.84199;7.02347;7.18011;7.3119;7.41885;7.50096;7.55822;7.61548;7.67273;7.72999;7.78725;7.86376;7.95952;8.07452;8.20878;8.36228;8.51578;8.66928;8.82279;8.95202;9.05697;9.13765;9.19406;9.22619;9.25832;9.29045;9.32258;9.35471;9.38685;9.41898;9.46025;9.51065;9.57018;9.63886;9.71666;9.79447;9.87228;9.95009;10.0279;10.1057;10.1835;10.2618;10.3406;10.4198;10.4995;10.5797;10.6599;10.7401;10.8203;10.9006;10.9808;11.061;11.1412;11.2399;11.3572;11.4931;11.6474;11.8204;11.9933;12.1662;12.3392;12.5121;12.685;12.8497;13.0062;13.1544;13.2943;13.426;13.5577;13.6895;13.8212;13.9529;14.0846;14.2163;14.3274;14.4178;14.4877;14.5369;14.5654;14.6141;14.6828;14.7716;14.8805;15.0094;15.1384;15.2673;15.3962;15.5314;15.6727;15.8203;15.974;16.1339;16.2939;16.4538;16.5889;16.6992;16.7847;16.8454;16.8812;16.9171;16.9529;16.9888;17.0492;17.1342;17.2439;17.3781;17.5369;17.6972;17.859;18.0223;18.187;18.3533;18.5195;18.6858;18.852;19.0183;19.1845;19.3508;19.517;19.6551;19.7651;19.847;19.9007;19.9263;19.9519;19.9774;20.003;20.0286;20.0542;20.0798;20.1054;20.1156;20.1106;20.0902;20.0546;20.0036;19.9526;19.9016;19.8506;19.7997;19.7487;19.7232;19.7233;19.7489;19.8;19.8767;19.9534;20.0301;20.1095;20.1918;20.2769;20.3649;20.4556;20.5463;20.6371;20.7278;20.8185;20.9093;21","15;15.1013;15.2026;15.3039;15.4052;15.5065;15.6079;15.7092;15.8105;15.9118;16.0238;16.1466;16.28;16.4242;16.5791;16.7339;16.8888;17.0437;17.1986;17.3535;17.5084;17.6519;17.7842;17.9052;18.0149;18.1133;18.2117;18.3101;18.4085;18.5069;18.6053;18.7037;18.7846;18.8481;18.894;18.9225;18.9335;18.9446;18.9556;18.9666;18.9776;18.9887;18.9997;19.0417;19.1148;19.2189;19.3541;19.5203;19.6865;19.8527;20.0189;20.1851;20.3368;20.4741;20.597;20.7055;20.7996;20.8936;20.9876;21.0817;21.1927;21.3207;21.4657;21.6277;21.8066;21.9856;22.1645;22.3435;22.5224;22.7014;22.8804;23.0564;23.2295;23.3997;23.5669;23.7313;23.8956;24.0599;24.2242;24.3886;24.5529;24.7172;24.8779;25.0349;25.1883;25.3381;25.4842;25.6303;25.7764;25.9225;26.0686;26.2147;26.3608;26.5069;26.6191;26.6976;26.7421;26.7529;26.7298;26.7067;26.6836;26.6605;26.6375;26.6144;26.5708;26.5068;26.4224;26.3175;26.1922;26.0668;25.9415;25.8161;25.6908;25.5655;25.4401;25.3024;25.1522;24.9896;24.8147;24.6273;24.4534;24.293;24.1462;24.0128;23.893;23.7732;23.6534;23.5336;23.4258;23.3301;23.2464;23.1747;23.1151;23.0554;22.9958;22.915;22.813;22.6897;22.5453;22.3798;22.2142;22.0486;21.883;21.7362;21.6082;21.499;21.4086;21.337;21.2821;21.2438;21.2222;21.2173;21.2291;21.2409;21.2527;21.2645;21.2763;21.2881;21.2998;21.3116;21.2881;21.2293;21.1352;21.0058;20.8411;20.6764;20.5117;20.347;20.1824;20.0177;19.853;19.6883;19.5244;19.3614;19.1991;19.0377;18.8771;18.7165;18.5559;18.3954;18.2348;18.0742;17.9158;17.7598;17.606;17.4544;17.3051;17.1558;17.0065;16.8491;16.6837;16.5101;16.3284;16.1386;15.9489;15.7591;15.5693;15.3795;15.1898;15",0.41941,"0;0.06;0.94"
0.94859,0.148695,0.7015,"1;0.992632;0.985265;0.977897;0.970529;0.963162;0.955794;0.948427;0.941059;0.975072;1.05047;1.16724;1.3254;1.52493;1.72447;1.924;2.12354;2.32307;2.52261;2.71313;2.89462;3.0671;3.23056;3.385;3.53944;3.69388;3.84832;4.00276;4.1572;4.3207;4.49326;4.67488;4.86556;5.06529;5.26503;5.46477;5.66451;5.86424;6.06398;6.22119;6.33588;6.40804;6.43767;6.42477;6.41188;6.39899;6.3861;6.3732;6.36031;6.37455;6.41593;6.48445;6.58011;6.7029;6.82569;6.94848;7.07127;7.19406;7.31685;7.44382;7.57495;7.71026;7.84974;7.9934;8.13705;8.2807;8.42436;8.56801;8.71166;8.85058;8.98476;9.1142;9.23891;9.35888;9.47885;9.59882;9.71879;9.83875;9.95872;10.0749;10.1872;10.2958;10.4005;10.5014;10.6023;10.7032;10.8041;10.9051;11.006;11.1206;11.2489;11.3909;11.5466;11.716;11.8854;12.0548;12.2241;12.3935;12.5629;12.738;12.9188;13.1053;13.2975;13.4953;13.6932;13.8911;14.089;14.2869;14.4633;14.6182;14.7517;14.8637;14.9542;15.0561;15.1692;15.2937;15.4295;15.5766;15.7237;15.8708;16.0179;16.1711;16.3305;16.496;16.6677;16.8455;17.0233;17.2011;17.379;17.5505;17.7159;17.875;18.0278;18.1745;18.3211;18.4678;18.6132;18.7575;18.9005;19.0424;19.1831;19.3238;19.4645;19.6052;19.7459;19.8371;19.8786;19.8706;19.813;19.7058;19.5987;19.5429;19.5385;19.5855;19.6839;19.8337;19.9834;20.1278;20.2667;20.4002;20.5283;20.6509;20.7735;20.8962;21.0188;21.114;21.1816;21.2217;21.2344;21.2195;21.2046;21.2351;21.3108;21.4319;21.5982;21.8099;21.9724;22.0858;22.1501;22.1652;22.1312;22.0648;21.9661;21.835;21.6715;21.4757;21.2799;21.0841;20.8883;20.6925;20.5534;20.4708;20.4449;20.4757;20.5631;20.6505;20.7378;20.8252;20.9126;21","15;15.1999;15.3997;15.5996;15.7995;15.9993;16.1992;16.399;16.5989;16.7615;16.8869;16.975;17.0259;17.0395;17.0531;17.0667;17.0804;17.094;17.1076;17.1439;17.2029;17.2846;17.389;17.5161;17.6431;17.7702;17.8973;18.0244;18.1515;18.2552;18.3355;18.3925;18.4261;18.4363;18.4466;18.4568;18.4671;18.4773;18.4876;18.5357;18.6217;18.7455;18.9072;19.1068;19.3064;19.506;19.7056;19.9052;20.1047;20.296;20.4789;20.6534;20.8196;20.9775;21.1354;21.2932;21.4511;21.609;21.7668;21.921;22.0714;22.218;22.3609;22.5;22.6392;22.7783;22.9175;23.0567;23.1958;23.3391;23.4866;23.6383;23.7942;23.9542;24.1142;24.2742;24.4343;24.5943;24.7543;24.9169;25.0819;25.2496;25.4197;25.5924;25.765;25.9377;26.1104;26.2831;26.4557;26.6151;26.7613;26.8942;27.0138;27.1201;27.2264;27.3328;27.4391;27.5454;27.6518;27.7166;27.74;27.7218;27.6622;27.5611;27.4599;27.3588;27.2577;27.1566;27.0354;26.8941;26.7327;26.5512;26.3497;26.1593;25.98;25.8119;25.6549;25.5091;25.3633;25.2175;25.0717;24.9365;24.8118;24.6977;24.5942;24.5012;24.4083;24.3153;24.2224;24.1218;24.0136;23.8977;23.7741;23.643;23.5118;23.3806;23.2466;23.1099;22.9704;22.8281;22.683;22.5379;22.3929;22.2478;22.1027;21.9519;21.7954;21.6332;21.4653;21.2916;21.118;21.0115;20.9723;21.0002;21.0954;21.2578;21.4202;21.5136;21.5381;21.4935;21.3801;21.1976;21.0151;20.8327;20.6502;20.4639;20.2737;20.0797;19.8818;19.68;19.4782;19.3013;19.1492;19.0219;18.9195;18.8418;18.7387;18.6101;18.4559;18.2763;18.0711;17.8868;17.7232;17.5803;17.4583;17.357;17.2557;17.1544;17.0531;16.9518;16.8271;16.6788;16.5071;16.3119;16.0933;15.8746;15.656;15.4373;15.2187;15",0.536452,"0;0.07;0.93"
1.01565,0.186614,0.677503,"1;1.15952;1.31905;1.47857;1.6381;1.79762;1.95714;2.11667;2.2663;2.40603;2.53587;2.65581;2.76586;2.87591;2.98596;3.096;3.20605;3.3024;3.38506;3.45402;3.50929;3.55086;3.59243;3.634;3.67557;3.71714;3.76341;3.81439;3.87006;3.93044;3.99553;4.06061;4.12569;4.19077;4.25586;4.33849;4.43867;4.55641;4.69169;4.84453;4.99737;5.1502;5.30304;5.45588;5.5617;5.6205;5.63229;5.59706;5.51482;5.43258;5.35034;5.26809;5.18585;5.16062;5.1924;5.28119;5.42699;5.6298;5.83261;6.03542;6.23823;6.44104;6.6454;6.85131;7.05876;7.26777;7.47832;7.68888;7.89943;8.10999;8.32054;8.5303;8.73925;8.9474;9.15475;9.3613;9.56785;9.77439;9.98094;10.1875;10.3576;10.4914;10.5888;10.6498;10.6744;10.699;10.7236;10.7482;10.7729;10.8087;10.8557;10.9139;10.9833;11.0639;11.1445;11.2251;11.3311;11.4624;11.6191;11.801;12.0084;12.2157;12.4231;12.6122;12.783;12.9357;13.07;13.1862;13.3023;13.4184;13.5345;13.6164;13.6639;13.6772;13.6561;13.6546;13.7068;13.8129;13.9729;14.1866;14.4003;14.6088;14.812;15.01;15.2028;15.3903;15.5778;15.7653;15.9528;16.1264;16.286;16.4318;16.5636;16.6684;16.7601;16.8386;16.9039;16.9561;17.0083;17.0606;17.1128;17.165;17.2332;17.3173;17.4174;17.5335;17.6656;17.7462;17.7754;17.7531;17.6794;17.5543;17.4291;17.304;17.1789;17.0537;16.9785;16.9532;16.9778;17.0524;17.1769;17.2566;17.3517;17.4623;17.5882;17.7295;17.931;18.1325;18.3339;18.5354;18.6866;18.7875;18.8382;18.8386;18.8398;18.8921;18.9955;19.15;19.3556;19.5612;19.7668;19.9724;20.178;20.3798;20.5779;20.7722;20.9628;21.1496;21.3364;21.5232;21.6502;21.7175;21.7249;21.6726;21.5605;21.4484;21.3363;21.2242;21.1121;21","15;15.1547;15.3094;15.4641;15.6188;15.7735;15.9283;16.083;16.2453;16.4154;16.5931;16.7785;16.9716;17.1646;17.3577;17.5507;17.7438;17.9419;18.1451;18.3533;18.5665;18.7848;19.0031;19.2214;19.4397;19.658;19.8752;20.0911;20.3059;20.5196;20.732;20.9445;21.157;21.3695;21.582;21.7842;21.9762;22.158;22.3296;22.4909;22.6522;22.8135;22.9748;23.1362;23.3065;23.4859;23.6743;23.8717;24.0781;24.2846;24.491;24.6974;24.9039;25.0872;25.2474;25.3845;25.4984;25.5893;25.6801;25.7709;25.8618;25.9526;26.0395;26.1224;26.2014;26.2764;26.3475;26.4185;26.4896;26.5606;26.6317;26.7049;26.7804;26.858;26.9378;27.0197;27.1017;27.1837;27.2657;27.3477;27.3691;27.3299;27.2302;27.0699;26.8491;26.6282;26.4074;26.1865;25.9656;25.7501;25.5398;25.3348;25.135;24.9406;24.7461;24.5517;24.3954;24.2772;24.1972;24.1553;24.1516;24.1479;24.1442;24.1049;24.0302;23.92;23.7743;23.5931;23.4119;23.2307;23.0495;22.8588;22.6588;22.4493;22.2304;22.0304;21.8589;21.7157;21.6009;21.5145;21.4281;21.3389;21.247;21.1523;21.0548;20.9546;20.8543;20.7541;20.6538;20.5313;20.3865;20.2194;20.03;19.8186;19.6075;19.3967;19.1862;18.9759;18.7657;18.5554;18.3452;18.1349;17.9376;17.7533;17.5819;17.4234;17.278;17.1288;16.9759;16.8194;16.6591;16.4952;16.3313;16.1673;16.0034;15.8395;15.673;15.5039;15.3323;15.1582;14.9814;14.7948;14.6271;14.4786;14.349;14.2385;14.1569;14.0754;13.9938;13.9123;13.8089;13.6835;13.5364;13.3673;13.1977;13.0494;12.9224;12.8167;12.7324;12.6481;12.5637;12.4794;12.3951;12.358;12.3681;12.4255;12.5301;12.682;12.8338;12.9857;13.1499;13.3266;13.5156;13.7171;13.9309;14.1447;14.3585;14.5724;14.7862;15",0.508606,"0;0.08;0.92"
1.29276,0.243728,0.911412,"1;1.22415;1.44829;1.67244;1.89659;2.12073;2.30072;2.43654;2.52819;2.57568;2.57901;2.58234;2.58566;2.64523;2.76104;2.93308;3.16136;3.44588;3.7304;4.01492;4.29205;4.56179;4.82414;5.0791;5.32668;5.57425;5.82182;6.07179;6.32417;6.57895;6.83614;7.09573;7.35532;7.62172;7.89494;8.17497;8.46181;8.74544;9.01537;9.27159;9.5141;9.74291;9.98149;10.2335;10.499;10.7366;10.9664;11.1749;11.3621;11.528;11.714;11.9;12.086;12.2433;12.3719;12.4719;12.5431;12.5856;12.6281;12.6706;12.7599;12.8961;13.079;13.3088;13.5853;13.8619;14.1384;14.4045;14.6601;14.9052;15.1398;15.3639;15.588;15.8121;16.0476;16.2943;16.5524;16.8218;17.1025;17.3832;17.6639;17.8957;18.0785;18.2124;18.2974;18.3335;18.3695;18.4056;18.4909;18.6255;18.8094;19.0426;19.3251;19.6075;19.89;20.1665;20.4372;20.7019;20.9608;21.2137;21.4666;21.7196;21.9446;22.1418;22.311;22.4524;22.5659;22.6793;22.7928;22.9394;23.1191;23.332;23.5779;23.857;24.1361;24.4152;24.6659;24.8881;25.0819;25.2473;25.3842;25.5211;25.6581;25.7084;25.672;25.5491;25.3395;25.0432;24.7993;24.6078;24.4685;24.3816;24.347;24.3124;24.2323;24.1068;23.9358;23.7193;23.4574;23.1955;22.9336;22.6771;22.4261;22.1804;21.9744;21.8079;21.6756;21.5775;21.5136;21.4937;21.518;21.5863;21.6987;21.8552;21.9206;21.8949;21.7782;21.6796;21.5991;21.628;21.7661;22.0134;22.1942;22.3084;22.3559;22.4066;22.4604;22.584;22.7772;23.0401;23.303;23.5659;23.7318;23.8009;23.7729;23.648;23.4262;23.2044;22.9675;22.7155;22.4485;22.1665;21.8693;21.5722;21.2871;21.0142;20.7533;20.5254;20.3306;20.1567;20.0037;19.8717;19.7396;19.695;19.7377;19.8678;20.0853;20.3902;20.6951;21","15;15.1772;15.3543;15.5315;15.7087;15.8859;16.0848;16.3053;16.5476;16.8116;17.0973;17.383;17.6687;17.9025;18.0843;18.2143;18.2923;18.3184;18.3445;18.3706;18.42;18.4927;18.5887;18.708;18.8506;18.9932;19.1359;19.2669;19.3863;19.4941;19.5902;19.6748;19.7594;19.8247;19.8708;19.8976;19.9051;19.9477;20.0273;20.1438;20.2974;20.4879;20.6407;20.7731;20.8851;20.9265;20.9766;21.0559;21.1642;21.3017;21.5186;21.7355;21.9524;22.1824;22.4255;22.6818;22.9512;23.2337;23.5162;23.7988;24.0392;24.2374;24.3935;24.5074;24.5792;24.6509;24.7227;24.8155;24.9295;25.0645;25.2207;25.3979;25.5751;25.7523;25.8834;25.9684;26.0074;26.0002;25.9469;25.8937;25.8404;25.8545;25.9359;26.0847;26.3007;26.5842;26.8676;27.151;27.3864;27.5737;27.7128;27.8039;27.847;27.89;27.933;27.9409;27.9135;27.851;27.7533;27.6204;27.4876;27.3547;27.1959;27.0113;26.8008;26.5645;26.3023;26.0401;25.7778;25.5558;25.3741;25.2325;25.1312;25.07;25.0089;24.9478;24.8487;24.7117;24.5368;24.324;24.0732;23.8225;23.5717;23.3609;23.1902;23.0594;22.9687;22.9179;22.8208;22.6772;22.4872;22.2509;21.9681;21.6853;21.4362;21.2209;21.0393;20.8914;20.7772;20.663;20.5489;20.4301;20.3069;20.1791;20.0128;19.8078;19.5688;19.2958;18.9886;18.6829;18.3787;18.076;17.7747;17.4749;17.2623;17.1368;17.0984;17.0812;17.0852;17.0232;16.8953;16.7014;16.4889;16.2579;16.0083;15.7751;15.5583;15.3764;15.2296;15.1177;15.0059;14.894;14.7548;14.5881;14.3941;14.1727;13.9239;13.6751;13.4698;13.3081;13.19;13.1154;13.0844;13.0534;12.9824;12.8715;12.7206;12.6272;12.5914;12.653;12.8121;13.0686;13.3252;13.5769;13.8238;14.0658;14.303;14.5353;14.7677;15",0.715935,"0;0.09;0.91"
1.87145,0.256968,1.52138,"1;1.37251;1.74502;2.11753;2.43586;2.69999;2.90994;3.06571;3.16728;3.32764;3.54679;3.82473;4.16146;4.55697;4.96603;5.38865;5.82481;6.24263;6.64209;6.977;7.24736;7.45316;7.65274;7.8461;8.06588;8.24319;8.37801;8.44393;8.44093;8.36903;8.30886;8.26042;8.22371;8.19873;8.18548;8.18425;8.19505;8.21787;8.25271;8.29959;8.43064;8.64588;8.9453;9.3289;9.71839;10.0296;10.2624;10.417;10.4933;10.6164;10.7864;11.0033;11.2671;11.6084;11.9804;12.3831;12.7049;12.9459;13.0754;13.0903;12.9908;12.8883;12.7828;12.6655;12.5392;12.51;12.578;12.7431;13.0142;13.3913;13.7494;14.0883;14.4082;14.7089;14.9906;15.2577;15.5102;15.7482;15.9717;16.1806;16.4163;16.679;16.9685;17.2848;17.628;17.982;18.3466;18.7221;19.1082;19.5051;19.8887;20.2589;20.6158;20.9594;21.2896;21.6183;21.9456;22.2713;22.5955;22.9182;23.2646;23.6347;24.0284;24.4459;24.8729;25.2858;25.6845;26.069;26.4395;26.7369;26.9612;27.1126;27.1909;27.274;27.4349;27.6737;27.9903;28.3847;28.7701;29.1466;29.5141;29.8726;30.21;30.5352;30.8481;31.1489;31.4374;31.6457;31.7739;31.8219;31.7897;31.7186;31.6889;31.7006;31.7536;31.8479;31.983;32.1587;32.3751;32.6322;32.8516;32.9926;33.0553;33.0396;32.9455;32.8026;32.6108;32.3701;32.0806;31.7127;31.3153;30.8884;30.4321;29.9944;29.6048;29.2634;29.097;29.1058;29.2416;29.5043;29.8444;30.1349;30.3757;30.5669;30.671;30.7376;30.7023;30.5637;30.3217;30.0137;29.6504;29.2962;28.9524;28.6192;28.2966;27.9479;27.5731;27.1722;26.7453;26.3111;25.8957;25.4991;25.1212;24.7621;24.4115;24.0693;23.7356;23.3972;23.054;22.6976;22.3281;22.0796;21.9653;21.9853;22.1395;22.2558;22.2;21.9721;21.5721;21","15;15.1457;15.2914;15.4372;15.6311;15.8733;16.1637;16.5024;16.8893;17.1868;17.3951;17.514;17.5436;17.4838;17.4654;17.4882;17.5524;17.7042;17.9438;18.2215;18.5374;18.8916;19.2218;19.528;19.8185;20.1202;20.433;20.7727;21.1393;21.5328;21.9275;22.3235;22.7208;23.1193;23.5191;23.9183;24.3171;24.7154;25.1131;25.5104;25.8417;26.1071;26.3066;26.4402;26.417;26.3031;26.0983;25.8028;25.4165;25.1584;25.0286;25.027;25.1537;25.3467;25.4775;25.5464;25.4683;25.2433;24.9334;24.5464;24.0824;23.6262;23.1778;22.7456;22.3216;22.0123;21.8178;21.7381;21.7649;21.8982;22.0616;22.2552;22.4789;22.7328;23.0168;23.3122;23.6191;23.9374;24.2671;24.6082;24.9222;25.209;25.4687;25.7013;25.9068;26.0612;26.1645;26.2168;26.2181;26.1683;26.1736;26.234;26.3496;26.5202;26.7458;26.9737;27.2036;27.4357;27.67;27.9063;28.0484;28.096;28.0494;27.9084;27.69;27.4884;27.3037;27.1358;26.9848;26.9641;27.0735;27.313;27.6828;28.0962;28.4228;28.6629;28.8162;28.883;28.8649;28.7619;28.5741;28.3015;27.9601;27.6348;27.3256;27.0325;26.7554;26.4364;26.0753;25.6721;25.227;24.7594;24.3116;23.8835;23.4751;23.0864;22.6951;22.3012;21.9047;21.5056;21.1066;20.71;20.3161;19.9247;19.5359;19.1768;18.8473;18.5475;18.2773;18.0612;17.8695;17.7024;17.5597;17.3934;17.179;16.9165;16.6249;16.304;16.0021;15.7191;15.4285;15.1116;14.7683;14.3986;13.9856;13.5556;13.2611;13.1103;13.1033;13.257;13.4596;13.5587;13.546;13.4214;13.185;12.9535;12.727;12.5054;12.2888;12.1547;12.0981;12.1192;12.2178;12.3941;12.5937;12.8167;13.0632;13.2986;13.523;13.713;13.8686;14.0473;14.2834;14.5769;14.9279;15.205;15.3507;15.3652;15.2482;15",1.25704,"0;0.1;0.9"
0.940629,0.271602,0.592192,"1;1.19782;1.39563;1.59345;1.79126;1.98908;2.18689;2.38471;2.58252;2.72889;2.82382;2.86731;2.85935;2.79995;2.74056;2.68116;2.62176;2.56236;2.50296;2.4536;2.41428;2.385;2.36577;2.35657;2.34737;2.33817;2.32898;2.31978;2.31058;2.31581;2.33547;2.36956;2.41808;2.48103;2.54397;2.60692;2.66986;2.73281;2.79575;2.8861;3.00386;3.14901;3.32158;3.52154;3.72151;3.92147;4.12144;4.3214;4.52137;4.68774;4.82052;4.9197;4.9853;5.01729;5.04929;5.08129;5.11329;5.14529;5.17729;5.22211;5.27976;5.35024;5.43354;5.52967;5.62579;5.72192;5.81805;5.91418;6.0103;6.11238;6.22041;6.33439;6.45432;6.5802;6.70608;6.83196;6.95784;7.08372;7.2096;7.34909;7.50218;7.66888;7.84918;8.04309;8.237;8.43091;8.62482;8.81873;9.01264;9.18024;9.32155;9.43655;9.52525;9.58764;9.65004;9.71243;9.77482;9.83722;9.88272;9.91134;9.92306;9.91789;9.89584;9.87378;9.85172;9.87359;9.93938;10.0491;10.2027;10.4003;10.5979;10.7954;10.993;11.1906;11.3881;11.5573;11.698;11.8104;11.8943;11.9498;12.0053;12.0837;12.1852;12.3096;12.457;12.6273;12.7977;12.968;13.1425;13.321;13.5037;13.6904;13.8813;14.0721;14.263;14.4538;14.6447;14.7636;14.8105;14.7855;14.6885;14.5195;14.3506;14.1816;14.0568;13.9761;13.9395;13.9471;13.9988;14.0505;14.1022;14.1554;14.2102;14.2665;14.3554;14.4769;14.6293;14.8127;15.0271;15.2415;15.4559;15.6485;15.8195;15.9688;16.0964;16.2203;16.3622;16.5222;16.7002;16.8963;17.0923;17.2884;17.4844;17.6805;17.8619;18.0288;18.181;18.3187;18.4417;18.5647;18.6878;18.8108;18.9338;19.0544;19.1725;19.2882;19.4014;19.5121;19.6229;19.7336;19.8443;19.9551;20.0658;20.1829;20.3064;20.4362;20.5724;20.7149;20.8575;21","15;15.0295;15.059;15.0884;15.1179;15.1474;15.1769;15.2064;15.2358;15.2976;15.3917;15.5181;15.6768;15.8677;16.0587;16.2497;16.4407;16.6316;16.8226;17.0154;17.2099;17.4061;17.6041;17.8039;18.0037;18.2035;18.4033;18.6031;18.8029;19.0007;19.1965;19.3903;19.5821;19.772;19.9618;20.1516;20.3415;20.5313;20.7211;20.8723;20.9847;21.0584;21.0934;21.0896;21.0859;21.0822;21.0785;21.0747;21.071;21.1075;21.1843;21.3012;21.4584;21.6558;21.8533;22.0507;22.2481;22.4455;22.643;22.836;23.0246;23.2088;23.3886;23.564;23.7393;23.9147;24.0901;24.2655;24.4409;24.6123;24.7797;24.9431;25.1025;25.2579;25.4133;25.5687;25.7241;25.8796;26.035;26.1495;26.2232;26.2559;26.2478;26.1989;26.1499;26.1009;26.0519;26.0029;25.954;25.8721;25.7574;25.6099;25.4294;25.2162;25.0029;24.7896;24.5763;24.363;24.1496;23.9359;23.722;23.508;23.2937;23.0795;22.8652;22.7001;22.5839;22.5169;22.4989;22.53;22.5611;22.5922;22.6233;22.6544;22.6855;22.6713;22.6116;22.5066;22.3561;22.1603;21.9646;21.7857;21.6237;21.4787;21.3505;21.2393;21.1281;21.0169;20.9462;20.9158;20.9259;20.9764;21.0673;21.1583;21.2492;21.3402;21.4311;21.4796;21.4856;21.4492;21.3703;21.249;21.1276;21.0063;20.8693;20.7169;20.5489;20.3653;20.1662;19.9671;19.768;19.5699;19.3726;19.1762;19.0303;18.9347;18.8886;18.892;18.9449;18.9978;19.0507;19.0582;19.0205;18.9373;18.8088;18.6907;18.6283;18.6215;18.6705;18.7751;18.8797;18.9844;19.089;19.1936;19.2403;19.2291;19.1599;19.0328;18.8477;18.6627;18.4776;18.2926;18.1075;17.9262;17.7485;17.5746;17.4043;17.2378;17.0712;16.9047;16.7381;16.5716;16.405;16.2289;16.0432;15.848;15.6432;15.4288;15.2144;15",0.416095,"0;0.11;0.89"
1.20212,0.16131,1.0204,"1;1.19644;1.39288;1.58931;1.78575;1.98219;2.17863;2.38546;2.60268;2.83029;3.0683;3.3167;3.56511;3.81351;4.06191;4.26079;4.41016;4.51;4.56034;4.56115;4.56196;4.56278;4.56359;4.53211;4.46833;4.37225;4.24388;4.08321;3.92255;3.76188;3.60121;3.47683;3.38873;3.33692;3.32139;3.34214;3.3629;3.38365;3.4044;3.43384;3.47196;3.51876;3.57424;3.63841;3.70257;3.76674;3.85813;3.97676;4.12261;4.2957;4.49602;4.69633;4.89665;5.09697;5.28022;5.44641;5.59554;5.72761;5.84261;5.95761;6.07262;6.20244;6.34708;6.50654;6.68083;6.86993;7.05903;7.24813;7.43724;7.64502;7.87148;8.11662;8.38044;8.66294;8.94543;9.22793;9.47706;9.69282;9.8752;10.0242;10.1399;10.2555;10.3711;10.4868;10.6237;10.782;10.9617;11.1626;11.3849;11.6072;11.8295;12.0488;12.2649;12.478;12.688;12.895;13.1019;13.3089;13.4708;13.5878;13.6597;13.6866;13.6685;13.6552;13.6467;13.643;13.6646;13.7117;13.7794;13.8677;13.9766;14.0856;14.1188;14.0764;13.9584;13.7646;13.4953;13.2259;12.9565;12.7411;12.5796;12.472;12.4184;12.4187;12.419;12.4193;12.4699;12.5709;12.7221;12.9237;13.1755;13.4246;13.6709;13.9215;14.1766;14.436;14.7027;14.9766;15.2504;15.4814;15.6695;15.8147;15.8996;15.9244;15.957;15.9973;16.0453;16.1184;16.2165;16.3146;16.4454;16.609;16.8052;17.0342;17.2959;17.5576;17.8193;18.043;18.2287;18.3763;18.4859;18.5575;18.629;18.7006;18.7722;18.8789;19.0209;19.1979;19.4102;19.6576;19.9051;20.1525;20.3856;20.6044;20.8089;20.999;21.1748;21.3506;21.4801;21.5633;21.6001;21.5905;21.5346;21.4787;21.3887;21.2645;21.1061;20.9135;20.6868;20.5192;20.4109;20.3617;20.3717;20.441;20.5102;20.589;20.6774;20.7753;20.8829;21","15;15.1546;15.3093;15.4639;15.6185;15.7732;15.9278;16.0572;16.1612;16.24;16.2935;16.3218;16.35;16.3782;16.4065;16.4791;16.596;16.7573;16.9629;17.2129;17.4629;17.7129;17.9629;18.2012;18.4278;18.6428;18.846;19.0375;19.2291;19.4206;19.6121;19.8152;20.0298;20.2559;20.4935;20.7426;20.9918;21.2409;21.49;21.745;22.0059;22.2726;22.5451;22.8236;23.102;23.3804;23.633;23.8599;24.061;24.2364;24.386;24.5355;24.6851;24.8347;25.0067;25.201;25.4178;25.6569;25.9185;26.18;26.4416;26.6835;26.9058;27.1086;27.2917;27.4552;27.6188;27.7823;27.9458;28.0681;28.1491;28.1889;28.1874;28.1446;28.1019;28.0591;28.0693;28.1323;28.2482;28.4169;28.6386;28.8602;29.0819;29.3035;29.445;29.5062;29.4871;29.3879;29.2084;29.0289;28.8494;28.6678;28.484;28.2981;28.1101;27.9199;27.7297;27.5396;27.3324;27.1082;26.867;26.6088;26.3336;26.0608;25.7904;25.5224;25.2622;25.0099;24.763;24.5216;24.2856;24.0496;23.8521;23.693;23.5724;23.4903;23.4467;23.403;23.3594;23.2743;23.1478;22.9799;22.7706;22.5199;22.2692;22.0185;21.8295;21.7025;21.6372;21.6338;21.6922;21.7163;21.7062;21.6836;21.6488;21.6015;21.5761;21.5725;21.569;21.5224;21.4328;21.3;21.1222;20.8993;20.672;20.4402;20.2039;19.9653;19.7242;19.4831;19.3131;19.2143;19.1866;19.2301;19.3448;19.4594;19.5741;19.7137;19.8783;20.0678;20.2824;20.5219;20.7615;21.001;21.2405;21.4036;21.4902;21.5003;21.4339;21.291;21.1481;21.0053;20.846;20.6703;20.4781;20.2695;20.0445;19.8195;19.587;19.3471;19.0997;18.8449;18.5826;18.3203;18.1014;17.9257;17.7933;17.7042;17.6584;17.5686;17.435;17.2574;17.036;16.7706;16.5052;16.2279;15.9388;15.6377;15.3248;15",0.788243,"0;0.12;0.88"
0.816118,0.245099,0.482437,"1;1.03837;1.07674;1.11511;1.15348;1.19185;1.23022;1.26859;1.30696;1.34533;1.37779;1.40434;1.42499;1.43973;1.44857;1.4574;1.46624;1.47507;1.4839;1.49274;1.50157;1.53036;1.57909;1.64777;1.7364;1.84498;1.95355;2.06213;2.17071;2.27929;2.38787;2.49645;2.57852;2.63409;2.66315;2.66571;2.64176;2.61781;2.59387;2.56992;2.54597;2.52203;2.49808;2.51219;2.56437;2.65461;2.78292;2.94929;3.11566;3.28202;3.44839;3.61476;3.78113;3.9475;4.11386;4.26334;4.39593;4.51162;4.61043;4.69234;4.77426;4.85617;4.93809;5.02;5.10191;5.202;5.32025;5.45668;5.61127;5.78404;5.9568;6.12957;6.30233;6.4751;6.64786;6.81772;6.98469;7.14875;7.30992;7.46818;7.62644;7.78471;7.94297;8.10123;8.2595;8.41776;8.56954;8.71483;8.85364;8.98596;9.11179;9.23763;9.36346;9.49195;9.62308;9.75687;9.89331;10.0324;10.1715;10.3106;10.4496;10.5887;10.7278;10.8669;10.9597;11.0062;11.0064;11.001;10.99;11.0198;11.0902;11.2014;11.3125;11.4237;11.5349;11.646;11.7572;11.8807;12.0166;12.1648;12.3254;12.4983;12.6713;12.8442;13.0172;13.1901;13.3631;13.5348;13.7053;13.8745;14.0424;14.2091;14.3759;14.5426;14.7093;14.876;15.0427;15.2094;15.3372;15.4261;15.476;15.487;15.4591;15.4312;15.4032;15.3753;15.3474;15.3195;15.2916;15.2875;15.3072;15.3507;15.4181;15.5092;15.6004;15.6916;15.7828;15.8739;15.9651;16.0724;16.1957;16.3352;16.463;16.5791;16.6675;16.7282;16.7611;16.794;16.853;16.9382;17.0494;17.1868;17.3502;17.5136;17.6807;17.8513;18.0254;18.2032;18.3845;18.5658;18.7471;18.9284;19.1097;19.291;19.4723;19.6334;19.7741;19.8945;19.9946;20.0744;20.1542;20.234;20.3138;20.3936;20.4734;20.5532;20.633;20.7384;20.7927;21","15;15.1777;15.3554;15.5332;15.7109;15.8886;16.0663;16.2441;16.4218;16.5995;16.778;16.9573;17.1373;17.3182;17.4998;17.6814;17.863;18.0446;18.2262;18.4078;18.5894;18.7638;18.9311;19.0913;19.2443;19.3901;19.5359;19.6818;19.8276;19.9735;20.1193;20.2651;20.4178;20.5774;20.7439;20.9173;21.0975;21.2777;21.458;21.6382;21.8184;21.9987;22.1789;22.3211;22.4253;22.4914;22.5194;22.5095;22.4995;22.4895;22.4796;22.4696;22.4596;22.4496;22.4397;22.4627;22.5187;22.6077;22.7298;22.8848;23.0398;23.1948;23.3498;23.5049;23.6599;23.7918;23.9005;23.9861;24.0486;24.0879;24.1272;24.1666;24.2059;24.2452;24.2846;24.2981;24.2859;24.248;24.1842;24.0947;24.0052;23.9157;23.8262;23.7367;23.6472;23.5577;23.5084;23.4992;23.5301;23.6012;23.7124;23.8236;23.9348;24.004;24.0312;24.0163;23.9595;23.8606;23.7617;23.6628;23.5639;23.4651;23.3662;23.2673;23.1545;23.0278;22.8872;22.7406;22.588;22.4432;22.3063;22.1774;22.0484;21.9194;21.7905;21.6615;21.5325;21.4277;21.3469;21.2903;21.2578;21.2495;21.2411;21.2327;21.2243;21.2159;21.2076;21.2053;21.2091;21.2191;21.2352;21.2573;21.2795;21.3017;21.3239;21.3461;21.3683;21.3905;21.3733;21.317;21.2213;21.0863;20.9121;20.7378;20.5635;20.3893;20.215;20.0408;19.8665;19.6978;19.5346;19.3769;19.2247;19.078;18.9313;18.7847;18.638;18.4913;18.3447;18.2192;18.1149;18.0319;17.9441;17.8516;17.7332;17.5889;17.4187;17.2485;17.115;17.0181;16.9579;16.9343;16.9474;16.9605;16.9737;16.987;17.0003;17.0138;17.0274;17.041;17.0545;17.0681;17.0817;17.0952;17.1088;17.0904;17.04;16.9576;16.8433;16.697;16.5507;16.4043;16.258;16.1117;15.9654;15.8191;15.6728;15.4797;15.3801;15",0.311257,"0;0.13;0.87"
0.865162,0.446473,0.190252,"1;1.10453;1.20906;1.31359;1.41812;1.52265;1.62719;1.73172;1.83625;1.94616;2.06146;2.18214;2.30821;2.43965;2.5711;2.70255;2.834;2.96545;3.0969;3.23907;3.39198;3.55561;3.72997;3.91506;4.10015;4.28798;4.47854;4.67183;4.86786;5.06662;5.26538;5.46415;5.66291;5.86167;5.98057;6.01959;5.97875;5.93098;5.87627;5.8945;5.98567;6.10141;6.16879;6.1878;6.15845;6.08074;6.04678;6.05656;6.1101;6.20738;6.34842;6.48945;6.63049;6.77152;6.91255;7.06162;7.21872;7.38385;7.55702;7.73821;7.91941;8.10061;8.28865;8.48354;8.68527;8.83121;8.92136;8.94886;8.91372;8.81595;8.71817;8.67331;8.68136;8.74233;8.85622;9.02302;9.18981;9.35661;9.53;9.70998;9.89655;10.0897;10.2895;10.4892;10.689;10.8887;11.0883;11.2876;11.4868;11.6858;11.8846;12.0834;12.2822;12.481;12.6798;12.8834;13.0917;13.3048;13.5227;13.6674;13.734;13.7226;13.6332;13.5383;13.5158;13.5657;13.6875;13.8811;14.0742;14.2667;14.4586;14.6506;14.8425;15.0344;15.2264;15.4162;15.6038;15.7893;15.9727;16.154;16.3289;16.4975;16.6599;16.8159;16.9656;17.1153;17.1897;17.1888;17.1126;17.0028;16.8593;16.7575;16.6974;16.6789;16.6604;16.6418;16.6233;16.6048;16.5863;16.5245;16.4194;16.3175;16.219;16.1237;16.075;16.1017;16.1574;16.2419;16.3553;16.4977;16.64;16.7823;16.9246;17.0669;17.1815;17.2798;17.3618;17.4275;17.4769;17.5633;17.6754;17.8132;17.9766;18.1657;18.3549;18.4881;18.5654;18.5868;18.5523;18.4619;18.3714;18.281;18.1906;18.077;17.9402;17.7802;17.6712;17.6131;17.6292;17.7195;17.8839;18.0483;18.2127;18.3639;18.5019;18.6267;18.7383;18.8501;18.9754;19.1141;19.2662;19.4318;19.6055;19.7874;19.9773;20.1754;20.3815;20.5877;20.7938;21","15;14.8295;14.659;14.4885;14.318;14.1475;13.9769;13.8064;13.6359;13.4696;13.3074;13.1493;12.9954;12.8457;12.696;12.5462;12.3965;12.2468;12.0971;11.972;11.8715;11.7957;11.7445;11.718;11.6914;11.6663;11.6426;11.6204;11.5995;11.5801;11.5607;11.5413;11.5219;11.5024;11.4753;11.4404;11.3977;11.328;11.2312;11.1151;10.9798;10.8162;10.6437;10.4623;10.272;10.0729;9.8851;9.70876;9.54384;9.39032;9.24823;9.10613;8.96403;8.82193;8.67983;8.58057;8.52413;8.51053;8.53976;8.61183;8.68389;8.75596;8.81023;8.84671;8.86541;8.83515;8.75596;8.6456;8.5041;8.33143;8.15877;8.00381;7.86655;7.747;7.64514;7.56099;7.47684;7.39269;7.31365;7.23974;7.17095;7.10728;7.04873;6.99017;6.93162;6.87307;6.8379;6.82611;6.83771;6.87268;6.93104;6.9894;7.04776;7.10611;7.16447;7.20575;7.22994;7.23706;7.22709;7.22552;7.24944;7.29884;7.37372;7.44832;7.49716;7.52025;7.53518;7.54196;7.56635;7.60834;7.66794;7.72753;7.78713;7.84673;7.90632;7.94656;7.96742;7.96893;7.95107;7.91385;7.9127;7.94763;8.01864;8.12573;8.2689;8.41206;8.51974;8.59194;8.62865;8.67484;8.73052;8.83117;8.97679;9.16737;9.35796;9.54855;9.73913;9.92972;10.1203;10.271;10.382;10.4942;10.6077;10.7225;10.8785;11.0659;11.2435;11.4112;11.5692;11.7174;11.8656;12.0138;12.162;12.3102;12.4363;12.5704;12.7124;12.8624;13.0202;13.1738;13.2931;13.3782;13.4291;13.4457;13.4624;13.5114;13.5928;13.7066;13.8528;14.0314;14.21;14.3885;14.5671;14.7138;14.8287;14.9117;14.9824;15.0409;15.1191;15.2169;15.3344;15.4519;15.5693;15.6981;15.838;15.9893;16.1518;16.2703;16.3334;16.3412;16.2936;16.1907;16.0756;15.9482;15.8085;15.6566;15.4925;15.3283;15.1642;15",0.0571168,"0;0.14;0.86"
1.35856,0.0839838,1.49857,"1;1.28518;1.57035;1.85553;2.14071;2.42588;2.69195;2.93892;3.16678;3.37553;3.56518;3.75483;3.94448;4.13276;4.31969;4.50526;4.68946;4.8723;5.05515;5.23799;5.33558;5.34791;5.27498;5.11679;4.87335;4.62991;4.38646;4.17856;4.00618;3.86935;3.76805;3.70228;3.63652;3.57779;3.52611;3.48147;3.44387;3.41331;3.38275;3.35219;3.34961;3.375;3.42838;3.50974;3.61908;3.72842;3.86422;4.02649;4.21522;4.43042;4.67209;4.91375;5.15542;5.39081;5.61993;5.84277;6.05934;6.26964;6.47993;6.61534;6.67587;6.66151;6.57227;6.40814;6.24401;6.07988;6.00425;6.01712;6.1185;6.30837;6.58675;6.86513;7.14129;7.41523;7.68696;7.95647;8.22235;8.48682;8.74988;9.01153;9.27892;9.55347;9.83518;10.124;10.4201;10.7161;11.0169;11.3226;11.6331;11.9484;12.2664;12.5822;12.8875;13.1821;13.4661;13.7042;13.8966;14.0516;14.1693;14.2496;14.33;14.4548;14.6241;14.8378;15.0924;15.3878;15.6633;15.9187;16.1541;16.3829;16.6051;16.8373;17.0793;17.3311;17.583;17.8414;18.1062;18.3775;18.6553;18.9395;19.2238;19.508;19.7147;19.8438;19.8953;19.8693;19.8144;19.8083;19.8509;19.9422;20.0823;20.2524;20.4527;20.6832;20.9437;21.2344;21.525;21.7713;21.9731;22.1775;22.3845;22.594;22.8506;23.1542;23.4357;23.695;23.9321;24.1471;24.3399;24.5327;24.7285;24.9274;25.1294;25.3343;25.5424;25.6792;25.7448;25.7392;25.6624;25.5144;25.3867;25.2793;25.1923;25.1255;25.0791;25.0327;24.9784;24.9163;24.8207;24.6916;24.5292;24.3411;24.1275;23.9138;23.7199;23.5458;23.3914;23.2568;23.1217;22.9665;22.7911;22.5955;22.3798;22.2866;22.1954;22.1061;22.0186;21.9331;21.727;21.5208;21.3253;21.1407;20.9667;20.8506;20.7923;20.7811;20.8169;20.8866;20.9826;21","15;15.0175;15.035;15.0526;15.0701;15.0876;15.1444;15.2404;15.3756;15.55;15.7637;15.9774;16.1911;16.406;16.622;16.8392;17.0576;17.2772;17.4967;17.7163;17.9218;18.1134;18.2909;18.4545;18.604;18.7536;18.9032;19.0882;19.3086;19.5645;19.8558;20.1826;20.5094;20.8276;21.1373;21.4385;21.7311;22.0152;22.2993;22.5833;22.8736;23.17;23.4725;23.7813;24.0962;24.4111;24.6935;24.9434;25.1608;25.3457;25.4981;25.6505;25.8029;25.9766;26.1715;26.3876;26.625;26.8836;27.1422;27.3959;27.6446;27.8884;28.1272;28.3611;28.595;28.8288;29.0526;29.2663;29.4698;29.6633;29.8466;30.03;30.1656;30.2534;30.2935;30.2859;30.199;30.0806;29.9307;29.7493;29.5848;29.4688;29.4011;29.3818;29.4109;29.44;29.4373;29.4026;29.3361;29.2377;29.1229;29.0237;28.9601;28.9321;28.9396;28.8957;28.8004;28.6338;28.3957;28.0863;27.7769;27.5186;27.3115;27.1555;27.0364;26.954;26.8492;26.7219;26.5721;26.491;26.4786;26.5432;26.6846;26.903;27.1213;27.3017;27.4443;27.549;27.6157;27.6446;27.6735;27.7024;27.6757;27.5933;27.4553;27.2616;27.006;26.7441;26.4759;26.2014;25.9206;25.6871;25.501;25.3623;25.2709;25.2269;25.1828;25.0984;24.9735;24.884;24.83;24.8115;24.8687;25.0019;25.1507;25.3152;25.4954;25.6912;25.9028;26.1144;26.2331;26.259;26.192;26.0322;25.7795;25.5218;25.2589;24.991;24.7179;24.4398;24.1591;23.8759;23.5902;23.3019;23.0111;22.7203;22.5458;22.4876;22.4377;22.3963;22.3633;22.2224;21.9737;21.725;21.4758;21.2261;20.9758;20.7251;20.4836;20.2521;20.0304;19.8187;19.6167;19.4621;19.2991;19.1276;18.9478;18.7595;18.5156;18.2716;18.0292;17.7885;17.5493;17.2604;16.9216;16.5313;16.0897;15.6745;15.1035;15",1.16782,"0;0.15;0.85"
1.52992,0.190374,0.381866,"1;1.05216;1.10433;1.15649;1.20865;1.29775;1.42377;1.58674;1.78663;2.02346;2.21662;2.3661;2.47192;2.53406;2.55253;2.571;2.66328;2.82938;3.06928;3.38299;3.77051;4.09405;4.35359;4.54915;4.68073;4.74831;4.8159;4.85611;4.86895;4.85442;4.81251;4.74323;4.65032;4.53378;4.39361;4.2298;4.04236;3.85492;3.77172;3.79275;3.91802;4.14752;4.48126;4.80558;5.12047;5.42594;5.72199;6.00862;6.29524;6.57045;6.83425;7.08663;7.3276;7.58108;7.85849;8.15984;8.48512;8.83433;9.15772;9.4553;9.72706;9.97299;10.1798;10.3732;10.5533;10.7379;10.9271;11.1342;11.3592;11.6021;11.8511;12.106;12.3822;12.6796;12.9982;13.332;13.6811;13.968;14.1928;14.3583;14.4647;14.5119;14.5621;14.6472;14.7642;14.913;15.0977;15.3183;15.5427;15.79;16.06;16.3489;16.6567;16.9834;17.3101;17.5987;17.8492;18.0616;18.2359;18.3722;18.5293;18.7073;18.9061;19.1259;19.3819;19.6533;19.9402;20.2425;20.4756;20.6242;20.6882;20.7367;20.7696;20.8715;21.0424;21.3163;21.6243;21.9119;22.2149;22.5331;22.8327;23.1135;23.43;23.7465;24.0726;24.4084;24.7538;25.1089;25.3745;25.5411;25.6086;25.577;25.4571;25.3479;25.2494;25.1616;25.0729;24.9727;24.8608;24.7052;24.5058;24.3656;24.2412;24.1326;24.0721;24.0056;23.8417;23.624;23.3455;23.0061;22.6597;22.3524;22.084;21.8615;21.7038;21.6109;21.5369;21.4817;21.4092;21.3004;21.1554;20.974;20.7884;20.7462;20.676;20.5776;20.451;20.2644;19.9061;19.5417;19.1711;18.8845;18.6819;18.5634;18.5351;18.597;18.6589;18.7604;18.9017;19.0826;19.3032;19.5636;19.8239;20.0592;20.2696;20.455;20.6154;20.7509;20.9191;21.12;21.3536;21.62;21.919;22.2181;22.3666;22.3644;22.2116;21.9081;21.4541;21","15;14.6708;14.3415;14.0123;13.6831;13.3552;13.0288;12.7037;12.3799;12.0576;11.7331;11.4066;11.078;10.7472;10.4144;10.0816;9.83515;9.67511;9.60146;9.6142;9.71333;9.72735;9.65627;9.50007;9.25877;8.93236;8.60595;8.26603;7.9126;7.54567;7.16522;6.77127;6.40097;6.05434;5.73138;5.43208;5.15644;4.8808;4.61619;4.3626;4.12005;3.88853;3.66804;3.45761;3.25725;3.06695;2.88672;2.71655;2.54638;2.47165;2.49234;2.60847;2.82004;3.04953;3.20152;3.27602;3.27301;3.1925;3.19486;3.28011;3.44823;3.69923;4.0272;4.34927;4.66543;4.96148;5.23742;5.49917;5.74672;5.98006;6.2337;6.50763;6.74374;6.94203;7.1025;7.20485;7.2491;7.22168;7.12258;7.08946;7.12233;7.22117;7.45767;7.82701;8.19154;8.55128;8.76872;8.84386;8.78152;8.66231;8.48623;8.39077;8.37592;8.44168;8.50745;8.63283;8.81781;9.06241;9.36661;9.73043;9.97095;10.0882;10.0821;9.95278;9.77858;9.68283;9.66553;9.72667;9.91984;10.1666;10.4669;10.803;11.1749;11.529;11.8653;12.0891;12.2183;12.3016;12.3002;12.2142;12.1382;12.0722;11.9677;11.8631;11.7744;11.7015;11.6445;11.6034;11.6482;11.7629;11.9477;12.2025;12.5273;12.8521;13.177;13.5019;13.8286;14.1571;14.4872;14.7165;14.8448;14.9972;15.1585;15.3285;15.6101;15.9385;16.187;16.3709;16.4734;16.4944;16.4987;16.5563;16.6674;16.8488;17.1054;17.4373;17.7743;18.1163;18.4555;18.7868;19.1103;19.4258;19.7376;19.9701;20.1522;20.284;20.3655;20.3926;20.4486;20.4605;20.4285;20.3197;20.1342;19.8721;19.5772;19.2497;18.9221;18.6185;18.3387;18.0827;17.8507;17.6425;17.4343;17.1925;16.917;16.6079;16.2652;15.8888;15.5583;15.2736;15.0347;14.8417;14.6945;14.5473;14.467;14.4533;14.5065;14.6265;14.8132;15",0.216044,"0;0.16;0.84"
0.989798,0.307242,0.555093,"1;1.18443;1.36887;1.5533;1.73773;1.92216;2.1066;2.29103;2.48035;2.67455;2.87364;3.07762;3.28648;3.49534;3.70421;3.91307;4.12193;4.30766;4.47024;4.60969;4.72601;4.81918;4.91236;5.00553;5.09871;5.19188;5.30836;5.44813;5.6112;5.79757;6.00723;6.2169;6.42657;6.63623;6.80566;6.93485;7.0238;7.07251;7.08099;7.08946;7.12654;7.19222;7.28651;7.40941;7.56091;7.71242;7.86392;7.98075;8.0629;8.11038;8.12318;8.10131;8.07943;8.05756;8.03569;8.01382;8.02409;8.06653;8.14111;8.24784;8.38673;8.52561;8.6645;8.80339;8.94227;9.09684;9.26709;9.45302;9.65464;9.87194;10.0892;10.3065;10.5238;10.718;10.889;11.0566;11.221;11.382;11.5628;11.7635;11.9643;12.165;12.3657;12.5644;12.7612;12.956;13.1488;13.3397;13.5305;13.7214;13.8382;13.8808;13.8492;13.7436;13.5638;13.384;13.2042;13.0245;12.8447;12.7086;12.6162;12.5676;12.5626;12.6014;12.6733;12.7784;12.9166;13.088;13.2926;13.4972;13.7017;13.8982;14.0988;14.3037;14.5129;14.6667;14.7733;14.8202;14.8075;14.7351;14.6627;14.5903;14.518;14.4955;14.5229;14.6002;14.7274;14.9044;15.0815;15.2586;15.4357;15.573;15.6706;15.7284;15.7881;15.8495;15.9524;16.0968;16.2828;16.4687;16.6547;16.8406;17.0265;17.1942;17.3435;17.4745;17.5872;17.6816;17.776;17.8704;17.9647;18.0591;18.1396;18.2061;18.2587;18.2974;18.3222;18.3469;18.3717;18.3965;18.4212;18.4788;18.5692;18.6925;18.8485;19.0374;19.2263;19.4152;19.6041;19.7929;19.9818;20.1459;20.2852;20.3996;20.4893;20.5541;20.619;20.6838;20.7487;20.8135;20.905;21.0232;21.1679;21.3394;21.5374;21.7355;21.9335;22.1316;22.3296;22.5277;22.638;22.6606;22.5956;22.4428;22.2023;21.9619;21.7214;21.4809;21.2405;21","15;15.124;15.2479;15.3719;15.4959;15.6198;15.7438;15.8678;15.9821;16.0868;16.182;16.2675;16.3434;16.4192;16.4951;16.571;16.6469;16.748;16.8742;17.0256;17.2022;17.4039;17.6057;17.8074;18.0092;18.2109;18.3882;18.5409;18.6692;18.773;18.8523;18.9315;19.0108;19.0901;19.197;19.3314;19.4935;19.6831;19.9002;20.1174;20.3207;20.51;20.6854;20.8469;20.9945;21.1421;21.2897;21.452;21.629;21.8207;22.0271;22.2483;22.4694;22.6905;22.9117;23.1328;23.3444;23.5465;23.7391;23.9221;24.0955;24.269;24.4425;24.616;24.7894;24.9403;25.0685;25.174;25.2569;25.3171;25.3774;25.4377;25.4979;25.4975;25.4364;25.3711;25.3017;25.2281;25.211;25.2504;25.2898;25.3293;25.3687;25.3778;25.3565;25.3048;25.2228;25.1104;24.998;24.8857;24.7696;24.6499;24.5266;24.3997;24.269;24.1384;24.0078;23.8772;23.7466;23.5987;23.4335;23.251;23.0513;22.8343;22.6424;22.4756;22.3339;22.2174;22.126;22.0346;21.9432;21.8296;21.7199;21.6143;21.5127;21.3888;21.2649;21.1147;20.9383;20.7355;20.5328;20.3301;20.1274;19.9468;19.7883;19.6519;19.5376;19.4454;19.3532;19.261;19.1687;19.0595;18.9332;18.7899;18.6406;18.4855;18.3415;18.2087;18.087;17.9653;17.8436;17.722;17.6003;17.4627;17.3092;17.1398;16.9545;16.7534;16.5522;16.351;16.1498;15.9486;15.7435;15.5345;15.3215;15.1046;14.8837;14.6629;14.4421;14.2212;14.0004;13.8106;13.6518;13.524;13.4272;13.3614;13.2957;13.2299;13.1641;13.0984;13.0326;13.0225;13.0681;13.1693;13.3262;13.5387;13.7513;13.9638;14.1764;14.3889;14.5645;14.7032;14.8049;14.8697;14.8976;14.9254;14.9533;14.9812;15.009;15.0369;15.0568;15.0689;15.0731;15.0694;15.0579;15.0463;15.0347;15.0231;15.0116;15",0.357251,"0;0.17;0.83"
1.74663,0.22198,1.53504,"1;1.28379;1.56758;1.85137;2.07278;2.2318;2.32843;2.36268;2.33454;2.30472;2.27323;2.24007;2.20523;2.16871;2.18238;2.24623;2.36026;2.52447;2.64779;2.68005;2.62123;2.47135;2.2304;2.05442;1.94341;1.89737;1.91629;2.00019;2.06756;2.11842;2.14879;2.15867;2.14806;2.13348;2.10702;2.07264;2.03036;1.98016;1.98432;2.05073;2.1794;2.3946;2.6963;3.02227;3.3725;3.74698;4.12312;4.5009;4.76277;4.90874;5.04293;5.16369;5.27104;5.48252;5.79813;6.12272;6.45629;6.79885;7.07626;7.28852;7.3708;7.32308;7.14537;7.01518;6.93251;6.9532;7.1018;7.37829;7.6793;8.00483;8.35489;8.57441;8.6634;8.72128;8.74805;8.74372;8.79659;8.90667;8.97455;9.00021;9.02946;9.10451;9.22535;9.392;9.52142;9.56781;9.65043;9.76926;9.9243;10.1986;10.5996;11.008;11.4239;11.7814;12.0805;12.3766;12.6697;12.9467;13.2732;13.6494;14.0124;14.3621;14.7295;15.1145;15.5171;15.8368;16.0737;16.2101;16.246;16.2736;16.3934;16.6054;16.9096;17.306;17.7031;18.1009;18.4994;18.8986;19.2985;19.6384;19.9182;20.1381;20.2979;20.3977;20.5523;20.7615;21.0255;21.3441;21.7175;22.0578;22.365;22.639;22.8799;23.0877;23.3237;23.588;23.8806;24.1979;24.5398;24.8783;25.2132;25.5446;25.869;26.1864;26.4967;26.8001;27.0964;27.4097;27.74;28.0872;28.4514;28.8326;29.1509;29.4063;29.5989;29.7285;29.8236;29.9468;30.0983;30.2781;30.4334;30.5361;30.5862;30.5837;30.5285;30.4666;30.3981;30.3228;30.2372;30.1413;30.0098;29.8425;29.6311;29.3793;29.0869;28.7963;28.5073;28.2284;27.9596;27.718;27.5274;27.295;27.0208;26.7267;26.3954;25.9931;25.6128;25.2685;24.911;24.5402;24.1563;23.7591;23.3432;22.936;22.5376;22.1479;21.7669;21.4612;21.005;21","15;15.2819;15.5638;15.8457;16.151;16.4797;16.8319;17.2075;17.6065;18.0054;18.4041;18.8027;19.2012;19.5995;19.9736;20.3236;20.6494;20.9511;21.2369;21.5311;21.8336;22.1445;22.4638;22.7975;23.1455;23.5078;23.8846;24.2757;24.6642;25.0501;25.4364;25.823;26.2101;26.6001;26.99;27.3767;27.7602;28.1406;28.5153;28.8875;29.2571;29.5645;29.8097;29.9953;30.1212;30.1875;30.276;30.3866;30.4283;30.4009;30.4023;30.4105;30.4253;30.5379;30.7485;30.8814;30.9367;30.9145;30.7835;30.5437;30.2784;29.9876;29.6713;29.3531;29.033;28.7053;28.416;28.1651;27.9603;27.8016;27.6888;27.5543;27.398;27.1908;26.9327;26.6238;26.2696;25.8701;25.4543;25.0223;24.5926;24.1815;23.789;23.415;23.0771;22.7566;22.4796;22.2459;22.0558;21.8916;21.754;21.6171;21.4809;21.2762;21.003;20.7448;20.5013;20.3143;20.2526;20.3164;20.4216;20.5683;20.7095;20.8452;20.9754;21.1571;21.3901;21.6801;22.027;22.3608;22.6245;22.8182;22.9419;22.9955;23.0368;23.0656;23.082;23.0861;23.0778;23.1485;23.2985;23.5275;23.8358;24.2231;24.5043;24.6793;24.7482;24.7109;24.5675;24.3843;24.1616;23.8991;23.597;23.2552;22.9685;22.7371;22.5607;22.4976;22.5476;22.6556;22.8216;23.0457;23.1746;23.2085;23.1474;22.9912;22.7399;22.5632;22.461;22.4332;22.48;22.6013;22.6162;22.5247;22.327;22.0228;21.621;21.2278;20.8433;20.4675;20.0951;19.7173;19.3342;18.9459;18.5522;18.1554;17.7554;17.3523;16.9566;16.5683;16.1883;15.8165;15.4847;15.1823;14.9092;14.6456;14.3912;14.1147;13.8159;13.504;13.2975;13.1637;13.1025;13.1132;13.1867;13.2266;13.2658;13.3712;13.477;13.5831;13.6896;13.7963;13.8507;13.9193;14.0022;14.0993;14.2107;14.4132;14.4336;15",1.1565,"0;0.18;0.82"
1.11715,0.138271,0.760984,"1;1.24995;1.49989;1.74984;1.99978;2.24973;2.49967;2.70692;2.87146;2.9933;3.07243;3.10887;3.14531;3.18174;3.21818;3.23973;3.24641;3.23821;3.21513;3.17717;3.13921;3.10124;3.06328;3.05793;3.08519;3.14506;3.23754;3.36262;3.48771;3.6128;3.73789;3.82801;3.88318;3.90338;3.88863;3.83891;3.7892;3.73948;3.68977;3.67505;3.69534;3.75064;3.84093;3.96623;4.09153;4.21684;4.34214;4.44528;4.52626;4.58509;4.62176;4.63628;4.65079;4.66531;4.67982;4.74143;4.85014;5.00594;5.20885;5.45885;5.70884;5.95884;6.20884;6.45251;6.68985;6.92086;7.14555;7.37021;7.6012;7.83849;8.08211;8.33204;8.58197;8.83189;9.08182;9.24314;9.31585;9.29996;9.19545;9.00234;8.80922;8.61611;8.51138;8.49504;8.56709;8.72753;8.97636;9.22519;9.47401;9.70534;9.91915;10.1155;10.2943;10.4556;10.6339;10.8294;11.0419;11.2714;11.5181;11.7647;11.9799;12.1637;12.3161;12.437;12.5266;12.6161;12.6994;12.7765;12.8473;12.9119;12.9702;13.0285;13.1101;13.215;13.343;13.5211;13.7491;13.9801;14.2141;14.451;14.6641;14.8535;15.0429;15.2457;15.462;15.6918;15.9351;16.1918;16.4486;16.7053;16.9577;17.2058;17.4494;17.623;17.7266;17.7644;17.7365;17.644;17.5526;17.4623;17.373;17.2849;17.1967;17.1715;17.2093;17.31;17.4737;17.6612;17.8097;17.919;17.9893;18.0205;18.0516;18.1283;18.2506;18.4184;18.6317;18.8906;19.1495;19.4083;19.6337;19.8255;19.9837;20.1084;20.1995;20.2906;20.3818;20.4175;20.3979;20.3229;20.1926;20.0069;19.8211;19.6271;19.4249;19.2143;18.9954;18.8605;18.8177;18.8672;19.0088;19.2426;19.4765;19.7103;19.9441;20.1553;20.3437;20.5094;20.6524;20.7728;20.8931;21.0134;21.1338;21.2151;21.2573;21.2605;21.2247;21.1498;21.0749;21","15;15.0052;15.0104;15.0157;15.0209;15.0261;15.0313;15.085;15.1871;15.3375;15.5365;15.7838;16.0311;16.2784;16.5258;16.7731;17.0203;17.2675;17.5146;17.7617;18.0088;18.2559;18.503;18.744;18.9789;19.2076;19.4302;19.6466;19.8631;20.0795;20.296;20.5181;20.746;20.9796;21.2189;21.4639;21.7089;21.9539;22.1989;22.4382;22.6717;22.8995;23.1216;23.3379;23.5543;23.7706;23.9869;24.2099;24.4396;24.6758;24.9188;25.1683;25.4179;25.6675;25.9171;26.1166;26.2662;26.3657;26.4151;26.4146;26.414;26.4135;26.4129;26.3859;26.3323;26.2523;26.1458;26.0406;25.9632;25.9136;25.8917;25.8977;25.9036;25.9096;25.9155;25.8893;25.831;25.7404;25.6177;25.4628;25.3079;25.153;25.0196;24.9078;24.8174;24.7486;24.7012;24.6539;24.6066;24.5305;24.4256;24.2919;24.1295;23.9382;23.8025;23.7224;23.6977;23.7286;23.815;23.9014;23.9185;23.8662;23.7445;23.5534;23.2929;23.0325;22.7756;22.5224;22.2728;22.0268;21.7844;21.542;21.3884;21.3237;21.3479;21.4319;21.576;21.7159;21.8519;21.9838;22.1406;22.3222;22.5038;22.6522;22.7675;22.8495;22.8985;22.9142;22.93;22.9457;22.9893;23.0607;23.1599;23.2055;23.1974;23.108;22.937;22.6906;22.4503;22.2159;21.9876;21.7653;21.543;21.3406;21.1579;20.9951;20.852;20.6992;20.5168;20.3048;20.0632;19.7919;19.5207;19.2901;19.1;18.9506;18.8417;18.7735;18.7052;18.6369;18.5391;18.4118;18.2549;18.0685;17.8526;17.6366;17.4207;17.2179;17.0282;16.8517;16.6882;16.5379;16.3876;16.2431;16.1043;15.9714;15.8442;15.7293;15.6211;15.5194;15.4244;15.3359;15.2475;15.159;15.0706;15.0436;15.0782;15.1743;15.3319;15.5511;15.7702;15.9893;16.2085;16.3179;16.3177;16.2077;15.988;15.6587;15.3293;15",0.515414,"0;0.19;0.81"
0.816969,0.267578,0.438171,"1;1.10257;1.20514;1.30771;1.41027;1.51284;1.61541;1.71798;1.82055;1.92312;2.03718;2.16273;2.29979;2.44833;2.60837;2.76841;2.92844;3.08848;3.24852;3.40856;3.5686;3.72732;3.88472;4.04081;4.19558;4.34904;4.5025;4.65595;4.80941;4.96286;5.11632;5.26978;5.37163;5.42188;5.42052;5.36756;5.263;5.15844;5.05387;4.94931;4.84475;4.74018;4.63562;4.58677;4.59363;4.6562;4.77448;4.94847;5.12246;5.29645;5.47045;5.64444;5.81843;5.94663;6.02905;6.06568;6.05652;6.00157;5.94662;5.93374;5.96291;6.03414;6.14743;6.30278;6.45813;6.61348;6.76883;6.92418;7.07952;7.23487;7.38721;7.53652;7.68282;7.82611;7.96638;8.07939;8.16515;8.22365;8.2549;8.25889;8.29431;8.36115;8.45941;8.5891;8.75022;8.91133;9.07244;9.22611;9.37233;9.51109;9.64242;9.76629;9.89016;10.0225;10.1634;10.3127;10.4705;10.6368;10.8032;10.9695;11.1358;11.3021;11.4684;11.6347;11.8041;11.9766;12.1521;12.3307;12.5124;12.6941;12.8758;13.0575;13.2392;13.4208;13.6025;13.769;13.9203;14.0563;14.1772;14.2828;14.3885;14.4941;14.6069;14.7269;14.854;14.9882;15.1296;15.271;15.4124;15.5538;15.6952;15.8366;15.9577;16.0586;16.1393;16.1997;16.2399;16.2801;16.3203;16.3831;16.4684;16.5764;16.7069;16.86;17.0131;17.1723;17.3377;17.5093;17.6871;17.871;18.0032;18.0836;18.1124;18.0895;18.0149;17.9402;17.9166;17.944;18.0225;18.1519;18.3324;18.5129;18.6934;18.8739;19.0544;19.2349;19.4154;19.5754;19.7151;19.8343;19.9331;20.0114;20.0898;20.1681;20.2465;20.3249;20.4032;20.4816;20.5599;20.6255;20.6783;20.7183;20.7456;20.7601;20.7745;20.789;20.8035;20.8179;20.8324;20.8469;20.8616;20.8765;20.8916;20.9069;20.9224;20.9379;20.9534;20.969;20.9845;21","15;15.1501;15.3003;15.4504;15.6005;15.7506;15.9008;16.0509;16.201;16.3511;16.4885;16.6131;16.7249;16.824;16.9102;16.9965;17.0828;17.1691;17.2554;17.3417;17.428;17.5165;17.6073;17.7003;17.7956;17.8931;17.9906;18.0881;18.1856;18.2832;18.3807;18.4782;18.5859;18.7039;18.8322;18.9707;19.1194;19.2682;19.4169;19.5657;19.7144;19.8631;20.0119;20.1412;20.251;20.3413;20.4122;20.4636;20.515;20.5664;20.6178;20.6691;20.7205;20.7272;20.689;20.606;20.4783;20.3058;20.1333;19.9814;19.8501;19.7394;19.6494;19.58;19.5106;19.4411;19.3717;19.3023;19.2329;19.1635;19.1284;19.1278;19.1615;19.2296;19.3321;19.447;19.5744;19.7142;19.8665;20.0312;20.1786;20.3086;20.4213;20.5166;20.5946;20.6726;20.7506;20.8423;20.9477;21.0668;21.1996;21.346;21.4925;21.6244;21.7417;21.8444;21.9324;22.0059;22.0794;22.1528;22.2263;22.2998;22.3732;22.4467;22.5069;22.5537;22.5873;22.6075;22.6144;22.6213;22.6282;22.6351;22.642;22.649;22.6559;22.6922;22.7579;22.853;22.9776;23.1315;23.2854;23.4393;23.5419;23.593;23.5928;23.5412;23.4382;23.3352;23.2322;23.1292;23.0262;22.9232;22.8049;22.6714;22.5227;22.3587;22.1794;22.0002;21.8209;21.6676;21.5401;21.4385;21.3629;21.3131;21.2634;21.2336;21.2238;21.234;21.2642;21.3144;21.326;21.2988;21.2329;21.1283;20.985;20.8418;20.7228;20.6281;20.5576;20.5114;20.4895;20.4676;20.4457;20.4238;20.4019;20.3799;20.358;20.3111;20.2391;20.1421;20.02;19.8729;19.7258;19.5787;19.4316;19.2845;19.1374;18.9903;18.8432;18.6893;18.5285;18.361;18.1866;18.0053;17.8241;17.6428;17.4616;17.2803;17.0991;16.9179;16.734;16.5475;16.3583;16.1665;15.9721;15.7777;15.5833;15.3888;15.1944;15",0.250801,"0;0.2;0.8"
1.15028,0.0768857,0.928617,"1;1.06156;1.12312;1.18468;1.24624;1.3078;1.36936;1.46851;1.60523;1.77954;1.99144;2.24091;2.49039;2.73987;2.98934;3.17973;3.31104;3.38326;3.3964;3.35045;3.3045;3.25856;3.21261;3.16075;3.10299;3.03932;2.96975;2.89427;2.81878;2.7433;2.66782;2.65595;2.70769;2.82305;3.00202;3.24461;3.48719;3.72977;3.97236;4.1679;4.31641;4.41789;4.47232;4.47972;4.48712;4.49452;4.56579;4.70093;4.88281;5.11145;5.38684;5.6451;5.88625;6.12739;6.36854;6.60645;6.84113;7.07257;7.30079;7.52576;7.75074;7.9825;8.22102;8.46632;8.7184;8.90448;9.01779;9.05833;9.0261;8.9211;8.8161;8.7111;8.60611;8.53545;8.49914;8.49717;8.52954;8.59626;8.66297;8.72969;8.7964;8.90581;9.05791;9.25271;9.4902;9.77038;10.0506;10.3307;10.5667;10.7585;10.9061;11.0094;11.1065;11.2414;11.4142;11.6248;11.8734;12.1219;12.3704;12.619;12.8429;13.0422;13.217;13.3671;13.4926;13.6182;13.7437;13.8693;14.0155;14.1825;14.3701;14.5785;14.8075;15.0366;15.2656;15.4801;15.68;15.8653;16.036;16.1625;16.2593;16.3265;16.3641;16.3719;16.3932;16.4279;16.4761;16.5376;16.6126;16.6876;16.7626;16.8523;16.9569;17.0762;17.2103;17.3591;17.508;17.6569;17.8081;17.9617;18.1177;18.276;18.4367;18.5663;18.6648;18.781;18.915;19.0668;19.2676;19.5172;19.7669;20.0166;20.2662;20.4268;20.4984;20.4809;20.3743;20.1787;19.983;19.8402;19.75;19.7126;19.728;19.7961;19.8642;19.9323;20.031;20.1602;20.3201;20.5105;20.7315;20.9525;21.1735;21.3945;21.6;21.79;21.9646;22.1237;22.2674;22.411;22.5547;22.627;22.628;22.5576;22.4159;22.2029;21.9899;21.7769;21.5639;21.3456;21.1221;20.8933;20.6593;20.4201;20.2816;20.2439;20.307;20.4708;20.7354;21","15;15.2423;15.4846;15.7269;15.9692;16.2115;16.4538;16.6509;16.8027;16.9094;16.9708;16.9869;17.0031;17.0193;17.0354;17.0975;17.2055;17.3594;17.5592;17.805;18.0507;18.2965;18.5422;18.7865;19.0293;19.2705;19.5104;19.7487;19.987;20.2254;20.4637;20.6664;20.8336;20.9652;21.0612;21.1217;21.1821;21.2426;21.303;21.4085;21.559;21.7545;21.9951;22.2807;22.5663;22.852;23.0727;23.2286;23.3457;23.4242;23.4641;23.5301;23.6223;23.7145;23.8068;23.8465;23.8338;23.7686;23.651;23.4809;23.3108;23.1836;23.0993;23.0579;23.0594;23.1403;23.2577;23.4116;23.602;23.8289;24.0558;24.2827;24.5095;24.7392;24.9717;25.2071;25.4452;25.6861;25.927;26.168;26.4089;26.5905;26.7126;26.7755;26.7789;26.7229;26.667;26.611;26.6211;26.6972;26.8393;27.0475;27.2614;27.4151;27.5085;27.5417;27.5147;27.4876;27.4606;27.4336;27.3687;27.266;27.1254;26.9471;26.7309;26.5147;26.2985;26.0823;25.9435;25.8821;25.8981;25.9915;26.1623;26.3331;26.5039;26.6911;26.8948;27.115;27.3517;27.5026;27.5514;27.4981;27.3426;27.085;26.8311;26.5809;26.3345;26.0919;25.853;25.6142;25.3753;25.1426;24.9161;24.6958;24.4817;24.2737;24.0658;23.8578;23.6431;23.4214;23.1929;22.9576;22.7155;22.4601;22.1916;21.9741;21.8076;21.6921;21.6408;21.6538;21.6667;21.6797;21.6926;21.6703;21.6126;21.5197;21.3916;21.2281;21.0647;20.8784;20.6693;20.4375;20.1828;19.9053;19.6278;19.3504;19.105;18.8918;18.7106;18.5616;18.4447;18.3279;18.211;18.0941;17.9512;17.7823;17.5873;17.3664;17.1194;16.8724;16.6254;16.4017;16.2012;16.0239;15.8698;15.7389;15.6081;15.4772;15.3464;15.2714;15.2523;15.2891;15.3818;15.5303;15.6078;15.6142;15.5495;15.4137;15.2069;15",0.635118,"0;0.21;0.79"
1.59785,0.0819859,1.35787,"1;1.3985;1.79699;2.19549;2.50196;2.71639;2.83878;2.86914;2.80747;2.72276;2.61501;2.48422;2.3304;2.15353;2.09422;2.15247;2.32827;2.62162;2.98433;3.29885;3.56516;3.78328;3.9532;4.14288;4.35231;4.5815;4.85183;5.16332;5.4962;5.85048;6.22615;6.57697;6.90295;7.20409;7.36783;7.39418;7.30797;7.10922;6.79792;6.53643;6.32475;6.16289;6.05084;6.07777;6.19386;6.39913;6.69356;7.07716;7.43823;7.77676;8.09276;8.39667;8.68849;8.99076;9.30347;9.629;9.9569;10.2872;10.6198;10.9549;11.2349;11.4599;11.6299;11.7449;11.8049;11.9233;12.1001;12.3353;12.6289;12.9808;13.332;13.6823;14.0319;14.3806;14.7285;15.0792;15.4327;15.7889;16.1478;16.5096;16.8099;17.0489;17.2264;17.3426;17.3974;17.5113;17.6844;17.9165;18.2078;18.5575;18.9063;19.2544;19.6016;19.9481;20.2385;20.4729;20.6513;20.7737;20.8401;20.9649;21.1481;21.3896;21.6895;22.0478;22.3908;22.7186;23.0311;23.3283;23.6103;23.8001;23.8977;23.9032;23.8165;23.7517;23.8009;23.9642;24.2416;24.633;24.9961;25.3306;25.6368;25.9146;26.0957;26.2086;26.2532;26.2297;26.2415;26.3569;26.5161;26.7191;26.9659;27.153;27.2804;27.4079;27.5641;27.7488;27.9623;28.2238;28.5334;28.8625;29.2111;29.498;29.7038;29.8285;29.8721;29.8345;29.8711;29.9818;30.1667;30.4258;30.7589;31.0921;31.3095;31.4111;31.3969;31.296;31.1086;30.9503;30.8213;30.7214;30.5755;30.3837;30.1459;29.8616;29.5309;29.1997;28.8681;28.536;28.2039;27.8705;27.5358;27.1997;26.8624;26.5237;26.2143;25.9342;25.6833;25.4618;25.2696;25.1042;24.9658;24.8543;24.7697;24.712;24.5873;24.3956;24.137;23.8114;23.4673;23.1719;22.9251;22.7268;22.5771;22.4274;22.2512;22.0486;21.8196;21.564;21.282;21","15;15.0346;15.0693;15.1039;15.2107;15.3895;15.6405;15.9636;16.3588;16.7468;17.1274;17.5008;17.8668;18.2256;18.5046;18.7039;18.8234;18.8631;18.9035;19.0244;19.2256;19.5073;19.8694;20.2057;20.516;20.8005;20.9991;21.1118;21.1644;21.1569;21.0894;21.1076;21.2116;21.4013;21.6547;21.9719;22.267;22.5402;22.7914;23.0746;23.3898;23.737;24.1162;24.4325;24.6538;24.7802;24.8116;24.748;24.7299;24.7571;24.8297;24.9663;25.1671;25.3865;25.6246;25.8003;25.895;25.9086;25.8412;25.6928;25.6531;25.7222;25.9001;26.1868;26.5823;26.9367;27.25;27.5222;27.7533;27.9434;28.1349;28.3279;28.5223;28.7182;28.9156;29.1076;29.2943;29.4757;29.6518;29.8225;29.8798;29.8238;29.6543;29.3715;28.9753;28.6357;28.3528;28.1265;27.9568;27.8881;27.8637;27.8837;27.9479;28.0564;28.0696;27.9876;27.8102;27.5376;27.1698;26.8712;26.642;26.4822;26.3916;26.3704;26.2967;26.1705;25.9918;25.7606;25.4769;25.1794;24.868;24.5429;24.2039;23.9053;23.6607;23.4702;23.3338;23.2515;23.1245;22.9526;22.736;22.4746;22.1541;21.8194;21.4703;21.1069;20.7926;20.5416;20.287;20.1813;20.2244;20.3529;20.567;20.9335;21.1867;21.3265;21.353;21.3099;21.1973;21.1285;21.1035;21.0529;20.9329;20.7435;20.4846;20.1564;19.8918;19.6908;19.5535;19.4798;19.4698;19.4597;19.3998;19.2899;19.1302;18.9002;18.6;18.2794;17.9385;17.5772;17.3321;17.2031;17.1902;17.2554;17.3985;17.5035;17.5703;17.5991;17.6278;17.6871;17.777;17.8975;18.0486;18.2302;18.3158;18.3054;18.1989;17.9964;17.6979;17.3834;17.0529;16.7065;16.344;15.9657;15.6446;15.3809;15.1746;15.0256;15.0079;15.0641;15.1942;15.3983;15.6762;15.9542;16.1011;16.1168;16.0015;15.7551;15.3775;15",0.961894,"0;0.22;0.78"
0.963644,0.265165,0.602419,"1;1.22218;1.44437;1.66655;1.88874;2.11092;2.33311;2.55529;2.75938;2.94538;3.11328;3.26309;3.3948;3.52652;3.65823;3.78995;3.92166;4.06963;4.23385;4.41432;4.61105;4.82403;5.03702;5.25;5.46298;5.67596;5.83629;5.94396;5.99899;6.00136;5.95108;5.9008;5.85051;5.80023;5.74995;5.7191;5.70768;5.71568;5.74312;5.78999;5.83685;5.88372;5.93059;5.97745;6.02925;6.08598;6.14765;6.21424;6.28577;6.35729;6.42882;6.50034;6.57187;6.64466;6.71872;6.79405;6.87065;6.94852;7.02639;7.10426;7.18212;7.25999;7.35976;7.48143;7.625;7.79047;7.97785;8.16522;8.3526;8.53997;8.72735;8.89196;9.03382;9.15292;9.24926;9.32285;9.39643;9.47002;9.5436;9.61719;9.71659;9.8418;9.99283;10.1697;10.3723;10.575;10.7776;10.9803;11.1764;11.3659;11.5489;11.7252;11.895;12.0099;12.0699;12.075;12.0275;11.9272;11.8292;11.7335;11.64;11.5464;11.4529;11.4154;11.4337;11.508;11.6383;11.8244;12.0106;12.1968;12.383;12.5691;12.7619;12.9612;13.1671;13.3795;13.5986;13.8176;14.0366;14.2557;14.4747;14.6183;14.6865;14.6793;14.5966;14.4386;14.2805;14.1224;14.0313;14.0071;14.0498;14.1594;14.3359;14.5124;14.6889;14.8655;15.042;15.1749;15.264;15.3096;15.3114;15.2696;15.2278;15.186;15.1442;15.1459;15.1911;15.2532;15.3321;15.4278;15.4968;15.5391;15.5815;15.6239;15.6662;15.7143;15.7682;15.8278;15.8932;15.9643;16.0354;16.1066;16.1777;16.2728;16.3918;16.5347;16.7017;16.8925;17.0834;17.2742;17.4651;17.6383;17.7938;17.9317;18.052;18.1546;18.2419;18.3139;18.3706;18.412;18.4381;18.4642;18.4904;18.5408;18.6154;18.7143;18.8374;18.9848;19.1322;19.2826;19.436;19.5923;19.7516;19.9138;20.0761;20.2458;20.4231;20.6079;20.8002;21","15;15.0041;15.0082;15.0123;15.0163;15.0204;15.0245;15.0286;15.0677;15.1417;15.2507;15.3947;15.5737;15.7527;15.9317;16.1107;16.2896;16.4455;16.5783;16.6879;16.7744;16.8378;16.9013;16.9647;17.0281;17.0915;17.1855;17.3102;17.4654;17.6513;17.8677;18.0842;18.3006;18.5171;18.7336;18.9502;19.1669;19.3839;19.6009;19.8181;20.0354;20.2526;20.4698;20.687;20.9029;21.1174;21.3305;21.5423;21.7527;21.9631;22.1735;22.3839;22.5943;22.8042;23.0137;23.2227;23.4313;23.6395;23.8476;24.0557;24.2639;24.472;24.6146;24.6917;24.7033;24.6493;24.5298;24.4104;24.2909;24.1714;24.052;23.9983;24.0105;24.0885;24.2324;24.4421;24.6518;24.8614;25.0711;25.2808;25.4279;25.5124;25.5343;25.4936;25.3903;25.2871;25.1838;25.0805;25.0246;25.0161;25.0549;25.1411;25.2746;25.3416;25.3419;25.2757;25.1438;24.9464;24.75;24.5545;24.3601;24.1657;23.9712;23.7998;23.6514;23.5259;23.4234;23.3439;23.2645;23.185;23.1055;23.026;22.9594;22.9056;22.8647;22.8365;22.8213;22.806;22.7908;22.7755;22.7602;22.7731;22.8142;22.8834;22.9807;23.1062;23.2318;23.3573;23.4366;23.4697;23.4567;23.3975;23.2921;23.1867;23.0813;22.9759;22.8704;22.7436;22.5953;22.4256;22.2345;22.0219;21.8093;21.5968;21.3842;21.1902;21.0149;20.8402;20.6662;20.4929;20.3016;20.0924;19.8832;19.674;19.4648;19.2594;19.0578;18.86;18.6661;18.476;18.2858;18.0957;17.9056;17.7739;17.7006;17.6858;17.7294;17.8314;17.9334;18.0354;18.1374;18.1759;18.1507;18.062;17.9097;17.6939;17.4757;17.2552;17.0324;16.8072;16.5798;16.3523;16.1249;15.9176;15.7306;15.5637;15.417;15.2906;15.1641;15.0896;15.067;15.0963;15.1776;15.3108;15.444;15.5032;15.4884;15.3996;15.2368;15",0.367866,"0;0.23;0.77"
0.754167,0.228967,0.419748,"1;1.11448;1.22897;1.34345;1.45794;1.57242;1.6869;1.80139;1.91587;2.03036;2.14484;2.25932;2.35666;2.43686;2.4999;2.54581;2.57456;2.60332;2.63207;2.66083;2.68959;2.71834;2.7471;2.77586;2.80399;2.83149;2.85837;2.88463;2.91026;2.93589;2.96152;2.98715;3.01278;3.03841;3.06404;3.08967;3.11529;3.14843;3.18906;3.23719;3.29283;3.35597;3.41911;3.48224;3.54538;3.60852;3.67166;3.7348;3.79793;3.87481;3.96543;4.06978;4.18787;4.31971;4.45154;4.58337;4.7152;4.84703;4.97887;5.1107;5.24253;5.37436;5.51054;5.65107;5.79595;5.94518;6.09876;6.25234;6.40592;6.5595;6.71307;6.86665;7.02023;7.17381;7.32727;7.4806;7.63381;7.7869;7.93987;8.09283;8.2458;8.39876;8.55173;8.7047;8.85766;9.01063;9.1636;9.31346;9.46021;9.60386;9.7444;9.88184;10.0193;10.1567;10.2941;10.4316;10.569;10.7065;10.8439;10.9858;11.1321;11.2829;11.4382;11.5979;11.7576;11.9174;12.0771;12.2368;12.3965;12.5562;12.685;12.783;12.85;12.886;12.8912;12.8964;12.9016;12.9068;12.912;12.9318;12.9663;13.0155;13.0794;13.1579;13.2364;13.3149;13.3934;13.4878;13.5981;13.7244;13.8665;14.0246;14.1826;14.3407;14.4987;14.6568;14.7905;14.8999;14.985;15.0457;15.0821;15.1185;15.1549;15.2147;15.2978;15.4042;15.534;15.6872;15.8404;15.9935;16.1467;16.2998;16.453;16.5871;16.7023;16.7984;16.8755;16.9336;16.9917;17.0498;17.1079;17.166;17.2241;17.2822;17.3403;17.3991;17.4585;17.5187;17.5796;17.6412;17.7028;17.7788;17.8692;17.974;18.0933;18.2269;18.3606;18.5002;18.6459;18.7976;18.9554;19.1192;19.2829;19.4467;19.6105;19.7742;19.938;20.0824;20.2073;20.3129;20.3991;20.4658;20.5326;20.5994;20.6662;20.7329;20.7997;20.8665;20.9332;21","15;15.1028;15.2055;15.3083;15.4111;15.5139;15.6166;15.7194;15.8222;15.9249;16.0277;16.1305;16.2455;16.3729;16.5125;16.6644;16.8285;16.9927;17.1569;17.321;17.4852;17.6494;17.8135;17.9777;18.1394;18.2986;18.4552;18.6094;18.7611;18.9128;19.0645;19.2162;19.3679;19.5196;19.6713;19.823;19.9747;20.1269;20.2796;20.4328;20.5866;20.7408;20.8951;21.0493;21.2036;21.3578;21.512;21.6663;21.8205;21.9598;22.0841;22.1933;22.2876;22.3669;22.4462;22.5255;22.6048;22.6841;22.7634;22.8428;22.9221;23.0014;23.0777;23.1512;23.2218;23.2894;23.3542;23.4189;23.4837;23.5484;23.6132;23.6779;23.7426;23.8074;23.8559;23.8882;23.9042;23.904;23.8876;23.8712;23.8547;23.8383;23.8219;23.8054;23.789;23.7726;23.7562;23.7242;23.6766;23.6134;23.5347;23.4405;23.3462;23.2519;23.1576;23.0633;22.969;22.8748;22.7805;22.7028;22.6417;22.5973;22.5694;22.5581;22.5468;22.5356;22.5243;22.513;22.5017;22.4905;22.4495;22.379;22.2788;22.149;21.9895;21.83;21.6706;21.5111;21.3517;21.1972;21.0478;20.9034;20.7641;20.6298;20.4955;20.3611;20.2268;20.1284;20.0659;20.0393;20.0486;20.0939;20.1391;20.1844;20.2296;20.2748;20.2787;20.2411;20.1621;20.0417;19.8799;19.7181;19.5563;19.4193;19.307;19.2194;19.1565;19.1184;19.0803;19.0422;19.0041;18.9659;18.9278;18.8689;18.7892;18.6887;18.5674;18.4253;18.2833;18.1412;17.9991;17.857;17.7149;17.5728;17.4308;17.2901;17.151;17.0133;16.8771;16.7423;16.6076;16.518;16.4735;16.4741;16.5199;16.6109;16.7018;16.7728;16.8238;16.8548;16.8658;16.8569;16.8479;16.839;16.83;16.8211;16.8121;16.7723;16.7017;16.6003;16.468;16.3049;16.1418;15.9787;15.8155;15.6524;15.4893;15.3262;15.1631;15",0.224259,"0;0.24;0.76"
0.841898,0.128967,0.497962,"1;0.991312;0.982624;0.973936;0.965248;0.95656;0.947872;0.939184;0.930496;0.921808;0.942591;0.992845;1.07257;1.18177;1.32043;1.4591;1.59777;1.73644;1.8751;2.01377;2.15244;2.26712;2.35781;2.42452;2.46724;2.48598;2.50471;2.52344;2.54218;2.56091;2.57965;2.59838;2.64541;2.72074;2.82437;2.9563;3.11652;3.27674;3.43697;3.59719;3.75742;3.91764;4.07786;4.23769;4.39712;4.55616;4.7148;4.87304;5.03129;5.18953;5.34778;5.50602;5.66427;5.82251;5.98273;6.14492;6.30908;6.47521;6.64331;6.81141;6.97952;7.14762;7.31572;7.48383;7.65193;7.81629;7.9769;8.13377;8.28689;8.43627;8.58565;8.73503;8.8844;9.03378;9.18316;9.33254;9.48466;9.63953;9.79714;9.9575;10.1206;10.2837;10.4468;10.6099;10.773;10.9361;11.0992;11.2548;11.403;11.5437;11.6769;11.8027;11.9285;12.0542;12.18;12.3057;12.4315;12.5573;12.6926;12.8376;12.9921;13.1562;13.3299;13.5036;13.6774;13.8511;14.0248;14.1985;14.3722;14.5334;14.6821;14.8182;14.9418;15.0529;15.164;15.2751;15.3862;15.4973;15.6084;15.7195;15.8155;15.8963;15.9621;16.0128;16.0484;16.0839;16.1195;16.1551;16.1907;16.2262;16.2618;16.3127;16.3789;16.4605;16.5574;16.6695;16.7817;16.8939;17.0061;17.1183;17.2305;17.3427;17.4549;17.5795;17.7166;17.866;18.0279;18.2022;18.3764;18.5507;18.725;18.8993;19.0736;19.2479;19.3949;19.5146;19.607;19.6722;19.7101;19.748;19.7859;19.8238;19.8617;19.8996;19.9375;19.9754;20.02;20.0714;20.1297;20.1946;20.2664;20.3381;20.4099;20.4816;20.5533;20.6251;20.6968;20.7864;20.8939;21.0193;21.1625;21.3236;21.4847;21.6457;21.8068;21.9679;22.129;22.2901;22.4511;22.5406;22.5584;22.5047;22.3792;22.1822;21.9852;21.7881;21.5911;21.3941;21.197;21","15;15.1816;15.3632;15.5448;15.7264;15.9081;16.0897;16.2713;16.4529;16.6345;16.8033;16.9593;17.1025;17.2329;17.3505;17.4681;17.5857;17.7033;17.8209;17.9385;18.0561;18.1863;18.3292;18.4848;18.653;18.8338;19.0147;19.1955;19.3764;19.5572;19.7381;19.9189;20.0808;20.2237;20.3476;20.4525;20.5385;20.6244;20.7104;20.7963;20.8822;20.9682;21.0541;21.1408;21.2282;21.3163;21.4051;21.4946;21.5842;21.6737;21.7632;21.8528;21.9423;22.0318;22.1173;22.1987;22.2761;22.3495;22.4187;22.488;22.5573;22.6266;22.6958;22.7651;22.8344;22.9105;22.9936;23.0835;23.1802;23.2839;23.3875;23.4912;23.5949;23.6985;23.8022;23.9058;24.0048;24.0991;24.1888;24.2738;24.3542;24.4345;24.5149;24.5952;24.6756;24.7559;24.8363;24.8743;24.87;24.8233;24.7343;24.603;24.4717;24.3404;24.2091;24.0778;23.9465;23.8152;23.7209;23.6635;23.6432;23.6599;23.7136;23.7673;23.8209;23.8746;23.9283;23.982;24.0356;24.0498;24.0244;23.9595;23.8551;23.7112;23.5673;23.4233;23.2794;23.1355;22.9915;22.8476;22.6968;22.5391;22.3745;22.2031;22.0248;21.8465;21.6682;21.4899;21.3116;21.1333;20.955;20.7877;20.6314;20.4861;20.3519;20.2286;20.1054;19.9821;19.8589;19.7356;19.6124;19.4891;19.3659;19.2569;19.1623;19.0819;19.0158;18.964;18.9122;18.8604;18.8086;18.7568;18.705;18.6533;18.5794;18.4834;18.3653;18.2251;18.0628;17.9005;17.7381;17.5758;17.4135;17.2512;17.0889;16.9266;16.7634;16.5992;16.434;16.2679;16.1008;15.9338;15.7667;15.5996;15.4326;15.2655;15.0985;14.9734;14.8902;14.8491;14.8499;14.8927;14.9355;14.9782;15.021;15.0638;15.1066;15.1494;15.1921;15.2202;15.2335;15.2321;15.216;15.1851;15.1543;15.1234;15.0926;15.0617;15.0309;15",0.279969,"0;0.25;0.75"
1.01599,0.149755,0.708507,"1;0.970694;0.941389;0.912083;0.882777;0.853471;0.824166;0.79486;0.8054;0.855788;0.946021;1.0761;1.24603;1.41595;1.58588;1.75581;1.92573;2.076;2.20662;2.31758;2.40888;2.48053;2.55218;2.62383;2.69548;2.76712;2.83253;2.89169;2.9446;2.99127;3.03169;3.07212;3.11254;3.15297;3.19339;3.23997;3.29272;3.35162;3.41668;3.4879;3.55913;3.63035;3.70157;3.77279;3.81762;3.83604;3.82807;3.79371;3.73294;3.67217;3.61141;3.55064;3.48988;3.48199;3.52697;3.62483;3.77556;3.97916;4.18276;4.38637;4.58997;4.79358;4.99335;5.18928;5.38138;5.56965;5.75408;5.93851;6.12294;6.30737;6.4918;6.68378;6.88333;7.09043;7.30508;7.52729;7.74951;7.97172;8.19393;8.41614;8.62633;8.82451;9.01066;9.1848;9.34691;9.50903;9.67115;9.83326;9.99538;10.1158;10.1947;10.2318;10.2274;10.1812;10.1351;10.089;10.0429;9.99672;10.0043;10.0655;10.1803;10.3488;10.571;10.7932;11.0154;11.2376;11.4598;11.6792;11.8957;12.1094;12.3203;12.5284;12.7365;12.9438;13.1505;13.3564;13.5616;13.7661;13.9706;14.1751;14.3832;14.5948;14.8099;15.0286;15.2508;15.473;15.6952;15.9174;16.1396;16.3587;16.5747;16.7876;16.9973;17.204;17.4107;17.6173;17.824;17.9877;18.1083;18.186;18.2206;18.2122;18.2466;18.3237;18.4434;18.6059;18.8111;19.0163;19.2215;19.4268;19.632;19.8359;20.0387;20.2402;20.4404;20.6394;20.8384;21.0375;21.1594;21.2614;21.3433;21.4052;21.4472;21.5462;21.6452;21.7442;21.7895;21.7811;21.7189;21.603;21.4335;21.2639;21.0943;20.9247;20.7551;20.6619;20.6451;20.7046;20.8405;21.0528;21.2651;21.4774;21.6897;21.8952;22.094;22.2861;22.4262;22.5145;22.5575;22.5553;22.508;22.4607;22.4133;22.3227;22.1888;22.0116;21.7912;21.5275;21.2637;21","15;15.2203;15.4406;15.6608;15.8811;16.1014;16.3217;16.542;16.7468;16.9363;17.1103;17.2689;17.4121;17.5554;17.6986;17.8418;17.985;18.1416;18.3117;18.4952;18.6921;18.9024;19.1128;19.3232;19.5335;19.7439;19.9559;20.1695;20.3847;20.6016;20.8201;21.0386;21.2571;21.4757;21.6942;21.9111;22.1264;22.3401;22.5522;22.7627;22.9732;23.1837;23.3942;23.6047;23.8159;24.0277;24.2401;24.4532;24.667;24.8807;25.0945;25.3082;25.522;25.7108;25.8747;26.0136;26.1276;26.2166;26.3056;26.3947;26.4837;26.5728;26.6192;26.623;26.5843;26.5029;26.3789;26.255;26.131;26.007;25.8831;25.7843;25.7108;25.6625;25.6394;25.6415;25.6436;25.6458;25.6479;25.65;25.6213;25.5618;25.4715;25.3503;25.1983;25.0463;24.8943;24.7423;24.5903;24.4253;24.2471;24.0559;23.8516;23.6342;23.4168;23.1995;22.9821;22.7647;22.59;22.4581;22.3688;22.3223;22.3184;22.3146;22.3107;22.3069;22.3031;22.3086;22.3236;22.3479;22.3816;22.4246;22.4677;22.4908;22.4939;22.4769;22.44;22.383;22.326;22.2691;22.223;22.1878;22.1635;22.1501;22.1476;22.1451;22.1426;22.14;22.1375;22.1227;22.0956;22.0561;22.0043;21.9402;21.8761;21.812;21.7479;21.6502;21.5189;21.354;21.1555;20.9233;20.7279;20.5692;20.4472;20.3619;20.3134;20.2649;20.2163;20.1678;20.1193;20.093;20.0889;20.1071;20.1475;20.2102;20.2729;20.3356;20.3584;20.3319;20.256;20.1307;19.9559;19.7716;19.5872;19.4028;19.2274;19.0608;18.9031;18.7544;18.6145;18.4746;18.3347;18.1949;18.055;17.937;17.8409;17.7668;17.7145;17.6841;17.6537;17.6233;17.5929;17.5358;17.452;17.3415;17.1915;17.002;16.7997;16.5846;16.3566;16.1287;15.9008;15.7007;15.5283;15.3838;15.267;15.178;15.089;15",0.432039,"0;0.26;0.74"
0.931077,0.187699,0.522108,"1;1.14885;1.29771;1.44656;1.59542;1.74427;1.89313;2.04198;2.19084;2.34982;2.51892;2.69815;2.88751;3.08699;3.28647;3.48595;3.68543;3.88491;4.0844;4.26261;4.41956;4.55525;4.66967;4.76283;4.85598;4.94914;5.0239;5.08025;5.1182;5.13775;5.1389;5.14005;5.14719;5.16034;5.17948;5.20462;5.23576;5.2669;5.29804;5.32918;5.38213;5.45689;5.55346;5.67184;5.81203;5.95222;6.04601;6.09339;6.09437;6.04895;6.01163;6.02879;6.10046;6.22662;6.40727;6.58793;6.76858;6.94924;7.12989;7.31055;7.45663;7.56814;7.64508;7.68744;7.69524;7.70303;7.71083;7.71862;7.72642;7.76564;7.83629;7.93838;8.07189;8.23683;8.40177;8.56671;8.73165;8.89659;9.06153;9.23597;9.41992;9.61337;9.81633;10.0288;10.2412;10.4499;10.6548;10.8558;11.0531;11.2465;11.44;11.6335;11.8172;11.9913;12.1558;12.3105;12.4556;12.6006;12.7457;12.8823;13.0106;13.1304;13.2419;13.3449;13.448;13.551;13.6541;13.7742;13.9114;14.0656;14.237;14.4254;14.6138;14.8022;14.9936;15.188;15.3853;15.5856;15.7889;15.9922;16.1955;16.3988;16.6021;16.7986;16.9884;17.1715;17.3478;17.5174;17.687;17.8071;17.8778;17.899;17.8708;17.7931;17.7154;17.6377;17.5601;17.4827;17.4054;17.3281;17.251;17.174;17.0969;17.0198;16.9509;16.8904;16.8381;16.8079;16.7997;16.8054;16.8249;16.89;16.9869;17.1156;17.2761;17.4685;17.6608;17.8532;18.0455;18.2379;18.4302;18.6203;18.808;18.9934;19.1766;19.3574;19.5382;19.719;19.8999;20.0807;20.2615;20.4144;20.5393;20.6362;20.7052;20.7462;20.7872;20.8282;20.8692;20.9103;20.9443;20.9715;20.9917;21.005;21.0114;21.0178;21.0241;21.0305;21.0369;21.0432;21.0469;21.0479;21.0463;21.042;21.035;21.028;21.021;21.014;21.007;21","15;15.1336;15.2672;15.4007;15.5343;15.6679;15.8015;15.935;16.0686;16.1726;16.247;16.2918;16.307;16.2926;16.2782;16.2638;16.2494;16.235;16.2206;16.2459;16.311;16.4157;16.5602;16.7444;16.9286;17.1128;17.2998;17.4895;17.682;17.8773;18.0753;18.2734;18.4695;18.6637;18.8561;19.0465;19.2349;19.4234;19.6119;19.8004;19.9827;20.1587;20.3284;20.492;20.6492;20.8065;20.9646;21.1234;21.2831;21.4436;21.556;21.6197;21.6345;21.6005;21.5178;21.435;21.3522;21.2694;21.1866;21.1038;21.0799;21.1147;21.2084;21.3609;21.5723;21.7836;21.9949;22.2063;22.4176;22.6093;22.7813;22.9338;23.0665;23.1796;23.2927;23.4059;23.519;23.6321;23.7452;23.8247;23.8707;23.8831;23.862;23.8072;23.7525;23.7094;23.6779;23.658;23.6497;23.653;23.6563;23.6596;23.689;23.7444;23.8259;23.9335;24.0671;24.2007;24.3343;24.4086;24.4235;24.3791;24.2753;24.1122;23.949;23.7859;23.6228;23.4739;23.3395;23.2193;23.1134;23.0219;22.9304;22.8389;22.7797;22.7529;22.7585;22.7965;22.8669;22.9372;23.0076;23.0779;23.1483;23.1799;23.1726;23.1266;23.0419;22.9183;22.7948;22.6586;22.5097;22.3483;22.1742;21.9874;21.8007;21.6139;21.4268;21.2393;21.0514;20.8632;20.6746;20.4859;20.2973;20.1087;19.9184;19.7262;19.5324;19.3397;19.1483;18.9598;18.7743;18.6173;18.4858;18.3799;18.2996;18.2448;18.19;18.1352;18.0804;18.0256;17.9708;17.9099;17.8429;17.7697;17.6904;17.6049;17.5194;17.434;17.3485;17.2631;17.1776;17.0656;16.9269;16.7617;16.5699;16.3515;16.1331;15.9147;15.6963;15.4779;15.2632;15.0522;14.8449;14.6413;14.4414;14.2415;14.0416;13.8417;13.6418;13.4419;13.3309;13.3089;13.3758;13.5316;13.7763;14.021;14.2658;14.5105;14.7553;15",0.29013,"0;0.27;0.73"
1.23283,0.299625,0.247449,"1;1.27243;1.54487;1.8173;2.08973;2.36216;2.63248;2.90067;3.16675;3.43071;3.69255;3.95439;4.21623;4.40968;4.53474;4.5914;4.57967;4.49955;4.41943;4.33931;4.29336;4.28159;4.304;4.36059;4.45135;4.54211;4.63288;4.65392;4.60525;4.48686;4.29875;4.04093;3.78311;3.52529;3.31698;3.15818;3.0489;2.98913;2.97888;2.96863;2.95838;2.99764;3.08641;3.2247;3.4125;3.64981;3.88713;4.11842;4.34369;4.56293;4.77616;4.98336;5.19056;5.39776;5.5434;5.62747;5.64999;5.61095;5.51035;5.40974;5.30914;5.2603;5.26324;5.31795;5.42442;5.58267;5.74091;5.92464;6.13386;6.36856;6.62874;6.91441;7.20007;7.48574;7.76409;8.03513;8.29884;8.55524;8.80432;9.05341;9.30249;9.55157;9.7424;9.87496;9.94926;9.9653;9.92309;9.88087;9.83865;9.7739;9.68659;9.57675;9.44437;9.28944;9.13452;9.05358;9.04663;9.11367;9.25471;9.46973;9.68474;9.89976;10.1296;10.3743;10.6338;10.8724;11.09;11.2719;11.4179;11.5282;11.6385;11.7797;11.9517;12.1546;12.3885;12.6532;12.9179;13.1702;13.4101;13.6376;13.834;13.9992;14.1457;14.2733;14.3822;14.4911;14.6;14.7334;14.8912;15.0736;15.2804;15.5117;15.743;15.9743;16.2124;16.4572;16.7088;16.9672;17.2323;17.4974;17.7625;17.9685;18.1153;18.2029;18.2321;18.2031;18.175;18.1885;18.2437;18.3397;18.4765;18.6541;18.8317;19.0093;19.1279;19.1875;19.188;19.1296;19.0121;18.8946;18.7771;18.6577;18.5365;18.4133;18.2883;18.1614;18.0778;18.0374;18.0401;18.0196;17.9757;17.8652;17.6882;17.497;17.3582;17.2717;17.2376;17.2559;17.2743;17.3031;17.3426;17.3926;17.4532;17.5244;17.5956;17.6668;17.7713;17.9092;18.0804;18.285;18.5229;18.7608;18.9988;19.2367;19.4914;19.7629;20.0512;20.3562;20.6781;21","15;14.9139;14.8278;14.7417;14.6556;14.5695;14.4778;14.3804;14.2773;14.1686;14.0543;13.94;13.8256;13.6793;13.501;13.2907;13.0485;12.7742;12.5;12.2257;11.9521;11.6792;11.407;11.1354;10.8645;10.5936;10.3226;10.0813;9.86949;9.68725;9.53457;9.41144;9.28831;9.16519;9.00958;8.82149;8.60092;8.34787;8.06234;7.77681;7.49128;7.24864;7.04889;6.89203;6.77805;6.70697;6.63588;6.53967;6.41833;6.27186;6.10026;5.90354;5.70681;5.51009;5.29922;5.07422;4.83508;4.5818;4.31439;4.04697;3.77955;3.51933;3.26631;3.02048;2.78185;2.55041;2.31898;2.13279;1.99186;1.89618;1.84576;1.84059;1.83541;1.83024;1.82182;1.81016;1.79525;1.7771;1.7557;1.73431;1.71291;1.69151;1.73091;1.83111;1.99209;2.21388;2.49645;2.77903;3.06161;3.32644;3.57352;3.80284;4.01442;4.20824;4.40207;4.59127;4.77584;4.95578;5.1311;5.30179;5.47248;5.64317;5.78203;5.88908;5.9643;6.04884;6.14271;6.27772;6.45387;6.67116;6.88845;7.08398;7.25774;7.40974;7.53997;7.64844;7.7569;7.87078;7.99006;8.11475;8.16856;8.15151;8.05819;7.88858;7.6427;7.39682;7.15094;6.92499;6.71897;6.53288;6.36672;6.2205;6.07427;5.92804;5.82539;5.76631;5.75081;5.77888;5.85052;5.92217;5.99381;6.10599;6.25871;6.45197;6.68907;6.97002;7.25426;7.52306;7.77641;8.01102;8.22688;8.424;8.62111;8.81822;9.02499;9.24143;9.46752;9.70328;9.94869;10.1941;10.4395;10.6867;10.9356;11.1863;11.4388;11.693;11.9365;12.1692;12.3913;12.5599;12.6753;12.748;12.7782;12.8208;12.9184;13.0712;13.279;13.5419;13.8048;14.0652;14.3229;14.5781;14.8308;15.0808;15.3309;15.5809;15.7656;15.8849;15.9389;15.9275;15.8507;15.7739;15.6971;15.6203;15.5355;15.4428;15.3421;15.2334;15.1167;15",0.0884007,"0;0.28;0.72"
1.08809,0.23578,0.228683,"1;1.24733;1.49467;1.742;1.98934;2.23667;2.48401;2.70601;2.90267;3.074;3.21999;3.34065;3.46131;3.58196;3.70262;3.75343;3.73439;3.6455;3.48676;3.25817;3.02959;2.801;2.63391;2.52833;2.48424;2.50166;2.58058;2.6595;2.73842;2.81734;2.92456;3.0601;3.22394;3.41609;3.63654;3.857;4.07746;4.29791;4.40336;4.48045;4.52916;4.5495;4.54147;4.62008;4.69868;4.78132;4.86798;4.95868;5.0534;5.15215;5.25091;5.37271;5.51756;5.68546;5.8664;6.06038;6.24435;6.41831;6.58226;6.74621;6.89123;7.01733;7.1245;7.21274;7.28205;7.35136;7.42067;7.48999;7.58513;7.70611;7.85292;8.02556;8.22403;8.4225;8.62097;8.81789;9.01326;9.20708;9.39934;9.59005;9.75876;9.90545;10.0301;10.1328;10.2135;10.2942;10.3748;10.4555;10.57;10.7183;10.9003;11.1162;11.3659;11.6156;11.8653;12.115;12.3593;12.5982;12.8317;13.0597;13.2824;13.5051;13.7277;13.9504;14.1599;14.3564;14.5399;14.7102;14.8675;15.0247;15.182;15.3393;15.4858;15.6215;15.7464;15.8605;15.9638;16.0672;16.1705;16.2738;16.3867;16.5091;16.6411;16.7826;16.9337;17.0848;17.2358;17.3869;17.5395;17.6936;17.8493;18.0065;18.1652;18.336;18.5187;18.7135;18.9203;19.1391;19.3578;19.5766;19.7987;20.0241;20.2527;20.4846;20.7199;20.9551;21.1903;21.4255;21.6512;21.8675;22.0742;22.2714;22.4591;22.6468;22.8346;23.0223;23.1513;23.2218;23.2335;23.2086;23.1469;23.107;23.0891;23.0931;23.0971;23.1011;23.1051;23.1452;23.2213;23.3334;23.4816;23.6658;23.85;24.0342;24.2184;24.3978;24.4961;24.5135;24.45;24.3055;24.1164;23.9589;23.833;23.7387;23.6759;23.5903;23.4818;23.3504;23.1901;23.0009;22.8055;22.6041;22.3966;22.189;21.9843;21.7824;21.5833;21.387;21.1935;21","15;15.0364;15.0728;15.1092;15.1456;15.182;15.2185;15.2038;15.1381;15.0212;14.8534;14.6344;14.4154;14.1965;13.9775;13.7857;13.621;13.4834;13.373;13.2897;13.2064;13.1231;13.009;12.8641;12.6885;12.482;12.2448;12.0076;11.7704;11.5332;11.3198;11.1303;10.9647;10.8229;10.705;10.5872;10.4693;10.3514;10.2609;10.1502;10.0193;9.86822;9.69697;9.47815;9.25934;9.03793;8.81395;8.58737;8.35821;8.12646;7.89471;7.68021;7.48296;7.30295;7.13522;6.97976;6.81931;6.65388;6.48348;6.31307;6.22478;6.21862;6.29457;6.45265;6.69285;6.93305;7.17325;7.41345;7.58129;7.67678;7.69992;7.6507;7.52913;7.40756;7.28598;7.21612;7.19796;7.23152;7.31678;7.45375;7.516;7.50353;7.41634;7.25444;7.01781;6.78118;6.54456;6.30793;6.11834;5.9758;5.8803;5.83184;5.83043;5.82901;5.82759;5.82618;5.83693;5.85985;5.89493;5.94218;6.0016;6.06102;6.12044;6.17986;6.26626;6.37964;6.52001;6.68737;6.88171;7.07604;7.27038;7.46472;7.66572;7.87338;8.0877;8.30868;8.53632;8.76397;8.99161;9.21926;9.44121;9.65748;9.86805;10.0729;10.2721;10.4713;10.6705;10.8697;10.9923;11.0384;11.0078;10.9007;10.717;10.5873;10.5115;10.4898;10.522;10.6083;10.6945;10.7808;10.8328;10.8507;10.8344;10.7839;10.6992;10.6145;10.5298;10.4451;10.3444;10.2275;10.0946;9.94553;9.78043;9.61532;9.45021;9.2851;9.1888;9.1613;9.2026;9.32461;9.52732;9.74192;9.96843;10.2068;10.4452;10.6836;10.922;11.1458;11.355;11.5495;11.7293;11.8946;12.0598;12.2251;12.3903;12.5714;12.751;12.9289;13.1053;13.2802;13.4513;13.6361;13.8346;14.0468;14.2727;14.4834;14.6787;14.8587;14.9592;14.98;14.9366;14.8289;14.6568;14.4848;14.3902;14.3729;14.4329;14.5704;14.7852;15",0.0738496,"0;0.29;0.71"
1.33424,0.172586,1.22817,"1;0.980268;0.960535;0.940803;0.92107;0.901338;0.919982;0.977003;1.0724;1.20617;1.37832;1.55047;1.72262;1.87045;1.99395;2.09313;2.16799;2.21852;2.26905;2.31958;2.35459;2.37408;2.37805;2.36651;2.33944;2.31238;2.28531;2.26802;2.2605;2.26275;2.27477;2.29656;2.31835;2.34014;2.37877;2.43422;2.50651;2.59562;2.70157;2.80752;2.91347;3.04632;3.20608;3.39275;3.60633;3.84681;4.08729;4.32777;4.55758;4.77672;4.9852;5.18301;5.37015;5.55729;5.76061;5.98011;6.2158;6.46766;6.73571;7.00375;7.26237;7.51156;7.75132;7.98165;8.20255;8.42346;8.57614;8.66059;8.67682;8.62483;8.50461;8.38439;8.35006;8.40162;8.53908;8.76243;9.07166;9.36259;9.6352;9.8895;10.1255;10.3432;10.5299;10.6856;10.8103;10.9454;11.0909;11.2776;11.5057;11.7752;12.0502;12.3307;12.6169;12.9086;13.206;13.5033;13.7862;14.0547;14.3088;14.5486;14.7739;14.9992;15.2222;15.4428;15.5693;15.6018;15.6632;15.6581;15.5907;15.5525;15.5436;15.4411;15.3425;15.244;15.1282;14.9951;14.8448;14.6773;14.4925;14.3077;14.2225;14.2371;14.2964;14.4003;14.5489;14.6425;14.681;14.6907;14.6715;14.6235;14.5466;14.4409;14.3351;14.2532;14.195;14.1605;14.1498;14.1629;14.218;14.315;14.4541;14.6352;14.8582;15.0813;15.3044;15.5437;15.7994;16.0713;16.3596;16.6641;16.9686;17.2421;17.4845;17.6957;17.8759;18.025;18.1741;18.3232;18.4996;18.7033;18.9343;19.1926;19.4783;19.7639;20.0494;20.3347;20.6198;20.9049;21.1897;21.4746;21.7595;22.0097;22.2254;22.4064;22.5529;22.6647;22.7766;22.9032;23.0447;23.201;23.3722;23.5582;23.7441;23.9301;24.0586;24.1296;24.1432;24.0993;23.9979;23.8965;23.7586;23.5841;23.3732;23.1257;22.8417;22.5577;22.2737;21.9053;21.7056;21","15;15.285;15.5701;15.8551;16.1401;16.4252;16.6988;16.961;17.2119;17.4513;17.6793;17.9073;18.1354;18.374;18.6233;18.8833;19.1538;19.4351;19.7163;19.9975;20.2793;20.5618;20.845;21.1288;21.4132;21.6976;21.982;22.2666;22.5512;22.8359;23.1207;23.4055;23.6904;23.9753;24.2563;24.5334;24.8065;25.0758;25.3411;25.6065;25.8718;26.1149;26.3358;26.5346;26.711;26.8653;27.0196;27.1739;27.3488;27.5445;27.7608;27.9979;28.2556;28.5133;28.7517;28.971;29.171;29.3518;29.5134;29.675;29.7557;29.7556;29.6746;29.5128;29.2702;29.0276;28.7821;28.5338;28.2828;28.0288;27.7721;27.5154;27.2974;27.1181;26.9775;26.8757;26.8126;26.7154;26.584;26.4184;26.2186;25.9847;25.8473;25.8065;25.8624;25.98;26.1594;26.3041;26.414;26.4891;26.5421;26.5729;26.5816;26.5681;26.5325;26.497;26.5176;26.5945;26.7277;26.9171;27.1627;27.4084;27.5681;27.6418;27.6529;27.6014;27.4458;27.3751;27.279;27.1343;26.9411;26.7406;26.43;26.1195;25.8233;25.5416;25.2742;25.0212;24.7825;24.5439;24.3698;24.2602;24.1357;23.9965;23.8425;23.6092;23.2965;22.9846;22.6734;22.363;22.0532;21.7442;21.4351;21.1287;20.825;20.5239;20.2255;19.9297;19.7288;19.6227;19.6115;19.6952;19.8737;20.0522;20.2307;20.3465;20.3994;20.3894;20.3167;20.1812;20.0456;19.986;20.0021;20.0941;20.262;20.5057;20.7495;20.9932;21.1538;21.2313;21.2257;21.137;20.9651;20.7933;20.6602;20.5659;20.5104;20.4936;20.5156;20.5375;20.5595;20.5143;20.4019;20.2223;19.9755;19.6615;19.3474;19.0529;18.7777;18.5219;18.2856;18.0687;17.8518;17.6349;17.3979;17.1407;16.8634;16.566;16.2485;15.931;15.6707;15.4677;15.322;15.2335;15.2023;15.1711;15.1399;15.0994;15.0775;15",0.772451,"0;0.3;0.7"
1.61527,0.0641707,1.47179,"1;1.37841;1.75681;2.13522;2.46943;2.75943;3.00524;3.20684;3.36424;3.5164;3.6633;3.80496;3.94137;4.07252;4.11186;4.05936;3.91504;3.67889;3.35092;3.08015;2.86658;2.71022;2.61106;2.5691;2.55368;2.56481;2.60247;2.66667;2.75741;2.82054;2.85606;2.86398;2.84429;2.79699;2.81302;2.89239;3.03508;3.2411;3.51046;3.79934;4.10775;4.4357;4.78317;5.15017;5.49718;5.82421;6.13124;6.41829;6.70219;7.00292;7.3205;7.65492;7.92812;8.12325;8.24032;8.27933;8.24028;8.28438;8.41163;8.62204;8.91561;9.29233;9.63572;9.94577;10.2225;10.4744;10.7015;10.9371;11.1812;11.4489;11.7318;12.0214;12.3178;12.5008;12.5553;12.5694;12.5514;12.5012;12.539;12.6649;12.83;13.0343;13.2779;13.5607;13.8828;14.1975;14.486;14.7482;14.9842;15.194;15.385;15.4723;15.4561;15.3363;15.1129;14.8869;14.762;14.738;14.815;15.0121;15.2283;15.4637;15.7183;15.992;16.2869;16.6028;16.94;17.2983;17.6777;18.0477;18.4083;18.7594;19.1011;19.4333;19.7566;20.0709;20.3763;20.6727;20.9602;21.2432;21.5216;21.7955;22.0649;22.3297;22.6083;22.9007;23.2068;23.5267;23.8604;24.1594;24.4239;24.6537;24.8489;25.0094;25.0985;25.1162;25.0624;24.9372;24.7405;24.6402;24.6364;24.7291;24.9182;25.2037;25.5172;25.6997;25.7511;25.6714;25.5047;25.2232;24.9858;24.8076;24.6885;24.5843;24.4951;24.4209;24.4159;24.48;24.6134;24.8159;25.093;25.3755;25.6634;25.9568;26.2556;26.4196;26.4489;26.3434;26.1491;25.8661;25.629;25.438;25.2929;25.138;24.9732;24.7985;24.6138;24.3792;24.1167;23.8265;23.4995;23.1357;22.7754;22.422;22.0757;21.7453;21.4181;21.0943;20.7579;20.5396;20.4394;20.4699;20.6311;20.9315;21.2404;21.4319;21.5062;21.4632;21.2944;21","15;15.1296;15.2593;15.3889;15.5662;15.7911;16.0636;16.3837;16.7514;17.1212;17.493;17.8668;18.2426;18.6205;18.9686;19.287;19.5755;19.8343;20.0633;20.326;20.6225;20.9528;21.3168;21.7146;22.1108;22.5053;22.8981;23.2893;23.6789;24.07;24.4626;24.8568;25.2524;25.6496;26.0265;26.3831;26.7194;27.0355;27.3312;27.5996;27.8406;28.0544;28.2408;28.3999;28.4765;28.4706;28.3822;28.2113;28.0121;27.8672;27.7764;27.7399;27.6796;27.5415;27.3254;27.0315;26.6596;26.3831;26.2019;26.1159;26.1253;26.2301;26.3659;26.5328;26.7308;26.959;27.2176;27.4753;27.7322;27.9716;28.1943;28.3521;28.445;28.4839;28.4855;28.5285;28.6611;28.8833;29.1843;29.564;29.8203;29.9532;29.9628;29.8489;29.6117;29.3258;29.024;28.7065;28.3732;28.0241;27.708;27.4249;27.1747;26.9575;26.7732;26.589;26.3719;26.1218;25.8388;25.5383;25.2533;24.9838;24.7298;24.4913;24.2752;24.0815;23.9101;23.7611;23.6346;23.5778;23.591;23.674;23.8269;24.0497;24.2835;24.5284;24.7844;25.0514;25.3295;25.492;25.539;25.4704;25.2862;24.9864;24.7308;24.5195;24.3525;24.2297;24.1511;24.015;23.8213;23.5701;23.2612;22.8949;22.5321;22.173;21.8175;21.4656;21.1173;20.7832;20.4635;20.1581;19.8669;19.59;19.3019;19.0555;18.8509;18.6881;18.514;18.3399;18.1127;17.8242;17.4746;17.1169;16.751;16.3771;16.1389;16.0365;16.0699;16.239;16.4485;16.5625;16.5812;16.5043;16.3321;16.1789;16.0447;15.9295;15.7879;15.62;15.4067;15.1481;14.8441;14.5439;14.2475;13.9549;13.6662;13.4318;13.2933;13.2507;13.2248;13.2157;13.1727;13.0751;12.923;12.7955;12.734;12.7385;12.7846;12.8977;13.0777;13.2831;13.514;13.7085;13.8413;13.9947;14.1688;14.3634;14.6405;15",0.92951,"0;0.31;0.69"
1.21886,0.166651,0.967605,"1;1.28571;1.57143;1.85714;2.14286;2.42857;2.67686;2.88772;3.06116;3.19717;3.29575;3.39433;3.49291;3.59986;3.71517;3.83885;3.9743;4.12154;4.27219;4.42625;4.58373;4.74121;4.89869;5.06907;5.25237;5.44857;5.65767;5.87969;6.12011;6.34236;6.46704;6.49418;6.42375;6.23736;5.97159;5.70583;5.44006;5.21102;5.01872;4.86314;4.74429;4.70158;4.69829;4.73441;4.80995;4.9249;5.03985;5.11624;5.15409;5.15339;5.11413;5.03633;5.02773;5.08834;5.21816;5.41719;5.68542;5.95365;6.22188;6.43855;6.60365;6.71718;6.77915;6.84724;6.97302;7.1565;7.39767;7.64646;7.8615;8.04279;8.19033;8.30411;8.4342;8.56429;8.69438;8.8483;9.02605;9.22763;9.45303;9.70227;9.88765;10.0092;10.0668;10.0606;9.99059;9.92054;9.85049;9.7658;9.66647;9.55249;9.42388;9.33331;9.29543;9.31023;9.37772;9.49789;9.61807;9.73824;9.89066;10.0753;10.2922;10.5414;10.8228;11.1041;11.3855;11.6643;11.9404;12.2139;12.4848;12.753;13.0213;13.2037;13.3002;13.3108;13.2355;13.0744;12.9133;12.7872;12.6962;12.6402;12.6193;12.6334;12.6475;12.6617;12.7094;12.7907;12.9056;13.0541;13.2362;13.4183;13.6004;13.7119;13.7529;13.8025;13.8607;13.9273;14.0731;14.298;14.5229;14.7478;14.9604;15.1607;15.3488;15.5246;15.6881;15.8516;16.0151;16.2031;16.4155;16.6523;16.9136;17.1993;17.485;17.7707;18.0429;18.3018;18.5471;18.7791;18.9976;19.2161;19.4345;19.5869;19.673;19.6929;19.6467;19.5343;19.4623;19.4306;19.4394;19.4885;19.578;19.6676;19.7571;19.8466;19.9096;19.946;19.9558;19.9392;19.8959;19.8527;19.8094;19.7555;19.6909;19.6155;19.5295;19.4813;19.4818;19.5307;19.6283;19.7744;19.9205;20.0667;20.2049;20.3353;20.4579;20.5726;20.6794;20.7863;20.8931;21","15;15;15;15;15;15;15.0532;15.1596;15.3192;15.532;15.798;16.064;16.33;16.5794;16.8123;17.0286;17.2386;17.4423;17.6562;17.8803;18.1147;18.3491;18.5834;18.7474;18.841;18.8642;18.817;18.6993;18.6;18.565;18.5746;18.6286;18.7271;18.8519;18.9568;19.0617;19.1666;19.3071;19.4831;19.6948;19.9421;20.2207;20.4951;20.7652;21.0311;21.2928;21.5545;21.8139;22.0711;22.326;22.5787;22.8291;23.0176;23.1443;23.209;23.2119;23.1529;23.0939;23.0349;23.0364;23.0986;23.2214;23.4047;23.6074;23.7687;23.8888;23.9676;24.0038;23.9822;23.9028;23.7656;23.5707;23.3193;23.068;22.8166;22.6412;22.5419;22.5186;22.5712;22.6999;22.8582;23.0462;23.2639;23.5112;23.7882;24.0652;24.3422;24.6086;24.8645;25.1097;25.3445;25.5756;25.8138;26.059;26.3112;26.5704;26.8296;27.0888;27.2862;27.422;27.4959;27.5081;27.4586;27.409;27.3595;27.3009;27.2332;27.1564;27.0706;26.9756;26.8807;26.7646;26.6273;26.4688;26.289;26.0881;25.8872;25.6758;25.454;25.2218;24.979;24.7258;24.4727;24.2195;23.9801;23.7544;23.5426;23.3445;23.1602;22.9758;22.7915;22.6865;22.6607;22.7071;22.8256;23.0162;23.1996;23.3759;23.5521;23.7284;23.9162;24.1157;24.3268;24.5494;24.7837;25.018;25.2523;25.4403;25.5821;25.6776;25.7268;25.7297;25.7326;25.7356;25.7011;25.6292;25.5199;25.3732;25.1891;25.005;24.8209;24.6197;24.4013;24.1657;23.9131;23.6432;23.3807;23.1254;22.8774;22.6367;22.4033;22.1699;21.9365;21.7031;21.4626;21.215;20.9604;20.6987;20.43;20.1612;19.8924;19.6221;19.3502;19.0766;18.8015;18.5378;18.2871;18.0494;17.8248;17.6132;17.4015;17.1899;16.9617;16.717;16.4557;16.1778;15.8833;15.5889;15.2944;15",0.573196,"0;0.32;0.68"
0.900823,0.307604,0.556784,"1;1.1951;1.39019;1.58529;1.78039;1.97549;2.17058;2.36568;2.56078;2.74389;2.91503;3.07417;3.22134;3.35653;3.49171;3.62689;3.76208;3.89726;4.03245;4.16763;4.30846;4.45493;4.60704;4.7648;4.92819;5.09159;5.25499;5.41839;5.58179;5.74519;5.87608;5.97446;6.04034;6.07371;6.07457;6.07543;6.07629;6.08569;6.10362;6.13009;6.16509;6.20862;6.25216;6.29569;6.33923;6.38276;6.44492;6.5257;6.6251;6.74313;6.87978;7.01642;7.15307;7.26093;7.33999;7.39027;7.41175;7.44352;7.51438;7.62432;7.77335;7.96147;8.14958;8.33769;8.52162;8.70134;8.87688;9.04822;9.21537;9.38251;9.54966;9.71681;9.88491;10.054;10.224;10.3949;10.5668;10.7387;10.9106;11.0656;11.2036;11.3247;11.4358;11.5369;11.6449;11.7599;11.8818;12.0036;12.1255;12.2474;12.3693;12.4912;12.6131;12.7151;12.7971;12.8593;12.9015;12.9239;12.9462;12.9686;12.9909;13.0133;13.0356;13.058;13.1158;13.2092;13.338;13.5024;13.7022;13.9021;14.1019;14.3018;14.5017;14.7015;14.8818;15.0426;15.1838;15.3055;15.4076;15.5098;15.6119;15.714;15.8161;15.9183;16.0204;16.0781;16.0913;16.0601;15.9844;15.8643;15.7442;15.624;15.5039;15.3838;15.2637;15.1633;15.0826;15.0217;14.9805;14.959;14.9376;14.9161;14.8989;14.8859;14.877;14.8724;14.872;14.8716;14.8712;14.8708;14.8704;14.893;14.9386;15.0073;15.099;15.2137;15.3284;15.4431;15.5578;15.6725;15.777;15.8715;15.9557;16.0298;16.0938;16.1578;16.2218;16.2857;16.3497;16.4137;16.4856;16.5655;16.6533;16.7491;16.8528;16.9565;17.0603;17.164;17.2677;17.3714;17.4898;17.6227;17.7702;17.9323;18.109;18.2857;18.4624;18.6391;18.8158;18.9926;19.1693;19.3528;19.5433;19.7406;19.9448;20.1558;20.3669;20.5779;20.789;21","15;15.044;15.088;15.132;15.176;15.2201;15.2641;15.3081;15.3521;15.4116;15.4867;15.5772;15.6833;15.8049;15.9265;16.048;16.1696;16.2912;16.4128;16.5344;16.6547;16.7738;16.8916;17.0082;17.1236;17.2389;17.3542;17.4695;17.5849;17.7002;17.8329;17.983;18.1505;18.3354;18.5377;18.74;18.9422;19.1432;19.3428;19.541;19.7379;19.9335;20.129;20.3246;20.5201;20.7157;20.9006;21.0747;21.2382;21.3909;21.5329;21.675;21.817;21.9686;22.1299;22.3007;22.4812;22.6346;22.7514;22.8316;22.8753;22.8822;22.8892;22.8962;22.9166;22.9504;22.9977;23.0583;23.1324;23.2064;23.2805;23.3545;23.3953;23.4029;23.3771;23.3182;23.2259;23.1337;23.0414;22.9398;22.8287;22.7081;22.633;22.6034;22.6286;22.7086;22.8435;22.9784;23.1133;23.2483;23.3832;23.5181;23.653;23.797;23.9501;24.1124;24.2837;24.4641;24.6446;24.825;25.0055;25.1859;25.3663;25.5468;25.6926;25.8039;25.8807;25.9228;25.9304;25.938;25.9456;25.9532;25.9608;25.9684;25.9443;25.8887;25.8015;25.6827;25.5323;25.3818;25.2314;25.081;24.9306;24.7802;24.6297;24.4795;24.3294;24.1794;24.0296;23.88;23.7303;23.5807;23.431;23.2814;23.1318;22.9752;22.8117;22.6414;22.4641;22.2799;22.0957;21.9115;21.7267;21.5413;21.3552;21.1685;20.9812;20.7939;20.6067;20.4194;20.2321;20.0522;19.8799;19.715;19.5575;19.4075;19.2576;19.1076;18.9576;18.8076;18.6498;18.484;18.3103;18.1287;17.9392;17.7497;17.5602;17.3707;17.1812;16.9917;16.806;16.6239;16.4455;16.2708;16.0998;15.9288;15.7578;15.5868;15.4158;15.2448;15.0994;14.9797;14.8856;14.8172;14.7744;14.7316;14.6888;14.646;14.6032;14.5604;14.5176;14.4996;14.5063;14.5379;14.5943;14.6754;14.7566;14.8377;14.9189;15",0.289517,"0;0.33;0.67"
0.840573,0.320305,0.428125,"1;1.17216;1.34433;1.51649;1.68865;1.86082;2.03298;2.20514;2.37731;2.54947;2.71774;2.88211;3.04258;3.19915;3.35182;3.5045;3.65717;3.80985;3.96252;4.1152;4.26788;4.37465;4.43554;4.45053;4.41962;4.34281;4.26601;4.18921;4.1124;4.0356;3.9588;3.88199;3.79607;3.70103;3.59687;3.48359;3.3612;3.2388;3.1164;3.04984;3.03911;3.08422;3.18516;3.34194;3.49871;3.65549;3.81226;3.96904;4.12581;4.28259;4.4349;4.58276;4.72616;4.86511;4.99959;5.13111;5.25968;5.38528;5.50792;5.6276;5.74728;5.86696;5.98663;6.10631;6.23969;6.38675;6.54751;6.72197;6.91012;7.09826;7.28641;7.47456;7.65563;7.82961;7.99651;8.15633;8.30907;8.46181;8.61454;8.76728;8.91538;9.05884;9.19765;9.33183;9.46136;9.5909;9.7289;9.87535;10.0303;10.1936;10.3655;10.5227;10.6652;10.7931;10.9063;11.0049;11.1035;11.2021;11.32;11.457;11.6133;11.7889;11.9837;12.1785;12.3508;12.5006;12.6279;12.7327;12.815;12.8973;12.9796;13.0765;13.1882;13.3145;13.4554;13.6111;13.7667;13.9224;14.0677;14.2028;14.3276;14.442;14.5462;14.6504;14.7546;14.8588;14.9629;15.0671;15.1713;15.2899;15.4229;15.5704;15.7322;15.9085;16.0869;16.2673;16.4499;16.6345;16.8212;17.008;17.1947;17.3814;17.5681;17.7556;17.9438;18.1328;18.3225;18.513;18.7034;18.8939;19.0844;19.2748;19.4448;19.5943;19.7233;19.8318;19.9198;20.0078;20.0959;20.1839;20.2719;20.3599;20.448;20.5218;20.5815;20.627;20.6336;20.6262;20.6191;20.6121;20.6054;20.6235;20.6417;20.6429;20.6271;20.5944;20.5447;20.478;20.4114;20.3447;20.2781;20.2115;20.1449;20.0783;20.0117;19.9451;19.8786;19.812;19.7454;19.723;19.7447;19.8106;19.9206;20.0748;20.229;20.3832;20.5374;20.6916;20.8458;21","15;15.0585;15.1169;15.1754;15.2338;15.2923;15.3508;15.4092;15.4677;15.5261;15.5927;15.6672;15.7498;15.8405;15.9393;16.038;16.1367;16.2355;16.3342;16.4329;16.5317;16.6436;16.7688;16.9071;17.0587;17.2235;17.3883;17.5531;17.7179;17.8827;18.0475;18.2123;18.3707;18.5227;18.6683;18.8075;18.9403;19.0731;19.2059;19.3305;19.4471;19.5554;19.6557;19.7477;19.8398;19.9319;20.024;20.1161;20.2082;20.3002;20.3951;20.4929;20.5934;20.6968;20.803;20.8597;20.867;20.8247;20.733;20.5917;20.4505;20.3092;20.168;20.0267;19.9228;19.8561;19.8268;19.8347;19.8799;19.9251;19.9704;20.0156;20.0685;20.1291;20.1974;20.2733;20.357;20.4406;20.5242;20.6079;20.6505;20.6521;20.6127;20.5323;20.4109;20.2894;20.199;20.1396;20.1111;20.1136;20.1471;20.2053;20.2881;20.3955;20.5276;20.6844;20.8411;20.9979;21.1267;21.2276;21.3007;21.3458;21.3631;21.3803;21.3632;21.3118;21.226;21.1059;20.9515;20.7971;20.6427;20.5355;20.4755;20.4627;20.4972;20.5788;20.6605;20.7421;20.8373;20.9459;21.0679;21.2035;21.3525;21.5015;21.6505;21.7995;21.9485;22.0975;22.2465;22.3538;22.4192;22.4428;22.4246;22.3646;22.313;22.2699;22.2352;22.2089;22.1911;22.1732;22.1554;22.1376;22.1198;22.1044;22.0915;22.0812;22.0733;22.0679;22.0624;22.057;22.0516;22.0462;22.0104;21.9441;21.8475;21.7204;21.563;21.4055;21.248;21.0906;20.9331;20.7756;20.6182;20.457;20.2921;20.1235;20.0194;19.9111;19.8023;19.693;19.5832;19.4048;19.2263;19.0512;18.8795;18.7112;18.5463;18.3848;18.2232;18.0617;17.8982;17.7326;17.5651;17.3956;17.2241;17.0526;16.8811;16.7095;16.538;16.3742;16.2182;16.07;15.9294;15.7967;15.6639;15.5311;15.3983;15.2656;15.1328;15",0.20028,"0;0.34;0.66"
1.16355,0.268474,0.225727,"1;1.23989;1.47977;1.71966;1.95955;2.19943;2.43932;2.61162;2.71632;2.75343;2.72294;2.62487;2.52679;2.42872;2.33064;2.28099;2.27975;2.32692;2.42252;2.56653;2.71054;2.85456;2.99857;3.14624;3.29756;3.45254;3.61117;3.77346;3.93574;4.09803;4.2776;4.47445;4.68859;4.92;5.1687;5.4174;5.6661;5.87296;6.038;6.1612;6.24257;6.28211;6.32164;6.36118;6.37039;6.34928;6.29784;6.21607;6.10399;5.9919;5.87981;5.76772;5.65528;5.54248;5.42934;5.31584;5.20199;5.08814;4.97429;4.86044;4.77106;4.70615;4.66571;4.64974;4.65824;4.66674;4.67523;4.68373;4.72576;4.80133;4.91042;5.05305;5.2292;5.38296;5.51433;5.62329;5.70986;5.81833;5.97111;6.16818;6.40956;6.64727;6.83702;6.97881;7.11157;7.23532;7.398;7.59963;7.8402;8.08077;8.32134;8.56526;8.81254;9.06316;9.31713;9.57446;9.83178;10.0891;10.2828;10.4128;10.4793;10.4821;10.4212;10.3604;10.2995;10.2387;10.1833;10.1333;10.0889;10.0499;10.0548;10.0982;10.18;10.3002;10.459;10.6177;10.7764;10.9578;11.1619;11.3886;11.638;11.9101;12.1821;12.4542;12.7154;12.9656;13.205;13.4335;13.6511;13.8687;14.0863;14.3032;14.5195;14.7351;14.95;15.1642;15.3785;15.5927;15.8154;16.0465;16.2861;16.5341;16.7905;17.0003;17.1634;17.2798;17.3496;17.3727;17.3957;17.3997;17.3847;17.3505;17.2973;17.2251;17.1242;16.9949;16.8369;16.6505;16.5178;16.4674;16.4993;16.6136;16.8101;17.0067;17.2009;17.3928;17.5822;17.7694;17.9541;18.1389;18.3236;18.5084;18.6994;18.8968;19.1005;19.3105;19.5267;19.743;19.9593;20.1756;20.3456;20.4692;20.5465;20.5776;20.5623;20.5358;20.4983;20.4497;20.39;20.3192;20.2483;20.2006;20.176;20.1746;20.1963;20.2411;20.2859;20.4466;20.3755;21","15;14.9296;14.8592;14.7888;14.7185;14.6481;14.5777;14.4754;14.3412;14.175;13.977;13.747;13.5171;13.2871;13.0571;12.8323;12.6126;12.398;12.1885;11.9842;11.7798;11.5755;11.3711;11.1678;10.9654;10.7641;10.5638;10.3646;10.1653;9.966;9.83112;9.76064;9.75457;9.81291;9.93564;10.0584;10.1811;10.2251;10.1902;10.0766;9.88426;9.61309;9.34193;9.07077;8.80914;8.55706;8.31451;8.08151;7.85805;7.63458;7.41112;7.18766;6.96437;6.74126;6.51833;6.29558;6.07301;5.85044;5.62787;5.4053;5.17727;4.94378;4.70484;4.46044;4.21059;3.96073;3.71088;3.46102;3.22116;2.99129;2.77142;2.56154;2.36166;2.24682;2.21701;2.27224;2.41251;2.57963;2.68856;2.7393;2.73185;2.73876;2.81822;2.97022;3.12309;3.27683;3.35889;3.36927;3.30798;3.24668;3.18538;3.12735;3.07258;3.02108;2.97285;2.92788;2.88291;2.83794;2.85047;2.92048;3.04798;3.23297;3.47545;3.71794;3.96042;4.2029;4.45485;4.71626;4.98715;5.2675;5.54432;5.80814;6.05897;6.29679;6.52162;6.74645;6.97128;7.14229;7.25949;7.32287;7.33243;7.28818;7.24393;7.19967;7.18428;7.19774;7.24006;7.31124;7.41128;7.51132;7.61136;7.66494;7.67206;7.63273;7.54693;7.41468;7.28243;7.15018;7.03365;6.93285;6.84777;6.77842;6.72479;6.73775;6.8173;6.96344;7.17616;7.45548;7.73479;8.01268;8.28914;8.56417;8.83778;9.10996;9.35043;9.55918;9.73623;9.88156;10.0033;10.133;10.2709;10.4168;10.5708;10.7248;10.8144;10.8394;10.7999;10.696;10.5276;10.3592;10.1907;10.0223;9.91266;9.86176;9.86963;9.93625;10.0616;10.187;10.3124;10.4378;10.5941;10.7813;10.9995;11.2486;11.5286;11.7992;12.0605;12.3125;12.555;12.7883;13.0215;13.255;13.4888;13.7229;13.9572;14.1919;14.4265;14.635;14.8957;15",0.0804922,"0;0.35;0.65"
1.12131,0.214807,0.811225,"1;1.17994;1.35987;1.53981;1.71974;1.89968;2.07962;2.25761;2.43365;2.60775;2.77991;2.95012;3.12033;3.29055;3.46076;3.63053;3.79986;3.96874;4.13718;4.30518;4.47318;4.64118;4.80918;4.95427;5.07645;5.17572;5.25208;5.30553;5.35897;5.36498;5.32354;5.23466;5.09834;4.91457;4.7308;4.60547;4.53857;4.53011;4.58008;4.68848;4.78963;4.88352;4.97016;5.04954;5.12167;5.1938;5.26593;5.37065;5.50799;5.67792;5.88046;6.1156;6.35074;6.50783;6.58686;6.58783;6.51074;6.35559;6.20045;6.0453;5.89016;5.72368;5.54588;5.35674;5.15627;4.94447;4.73266;4.52086;4.30906;4.18525;4.14942;4.20157;4.34172;4.56985;4.8018;5.03756;5.27715;5.52055;5.76777;6.01499;6.26221;6.48126;6.67213;6.83482;6.96933;7.07566;7.182;7.28834;7.36963;7.42587;7.45706;7.51582;7.60214;7.74107;7.93261;8.17676;8.4209;8.66505;8.85318;8.9853;9.06141;9.0815;9.04558;9.03942;9.06301;9.11636;9.19946;9.31232;9.44354;9.59311;9.76105;9.94734;10.152;10.3566;10.5613;10.7279;10.8566;10.9472;10.9998;11.0595;11.1643;11.3143;11.5094;11.7497;11.9524;12.1176;12.2452;12.3353;12.3879;12.4829;12.6205;12.8005;13.0231;13.2266;13.3688;13.4498;13.4694;13.4434;13.4332;13.4387;13.4599;13.4967;13.5334;13.5733;13.6163;13.6624;13.7115;13.7638;13.8541;13.9825;14.1489;14.3533;14.5957;14.8382;15.0805;15.3184;15.5516;15.7804;16.0046;16.2243;16.4441;16.6638;16.8836;17.1075;17.3355;17.5676;17.8039;18.0443;18.2846;18.525;18.7654;18.9719;19.1444;19.2831;19.3878;19.4585;19.5293;19.6001;19.6547;19.6932;19.7156;19.7218;19.7118;19.7019;19.6919;19.682;19.6782;19.6804;19.6888;19.7033;19.7239;19.7445;19.7651;19.8294;19.9372;20.0887;20.2838;20.5225;20.7613;21","15;14.8264;14.6529;14.4793;14.3058;14.1322;13.9586;13.8564;13.8255;13.866;13.9777;14.1608;14.3439;14.5271;14.7102;14.8196;14.8554;14.8176;14.7061;14.521;14.3358;14.1507;13.9655;13.8705;13.8657;13.9509;14.1263;14.3919;14.6574;14.9032;15.1293;15.3357;15.5224;15.6893;15.8562;16.0349;16.2252;16.4273;16.6411;16.8665;17.0937;17.3226;17.5533;17.7856;18.0197;18.2538;18.4878;18.6954;18.8764;19.031;19.159;19.2606;19.3621;19.4825;19.6219;19.7801;19.9572;20.1533;20.3493;20.5453;20.7414;20.9248;21.0955;21.2536;21.3991;21.5319;21.6647;21.7975;21.9303;22.0568;22.1769;22.2906;22.398;22.4991;22.5753;22.6267;22.6533;22.6551;22.6321;22.609;22.586;22.6112;22.6847;22.8064;22.9764;23.1947;23.4129;23.6312;23.8649;24.1141;24.3787;24.5969;24.7685;24.8782;24.9258;24.9115;24.8972;24.8828;24.9269;25.0294;25.1904;25.4098;25.6876;25.9534;26.2072;26.449;26.6788;26.8966;27.0429;27.1178;27.1212;27.0531;26.9136;26.7741;26.6345;26.5788;26.6068;26.7185;26.914;27.1549;27.3574;27.5215;27.6471;27.7344;27.757;27.7148;27.6078;27.4361;27.1997;27.0112;26.8707;26.7782;26.7336;26.8002;26.814;26.7749;26.6829;26.538;26.2769;26.0158;25.7546;25.4934;25.2322;24.9697;24.7059;24.4409;24.1747;23.9072;23.6892;23.5207;23.4018;23.3325;23.3127;23.2929;23.2987;23.2847;23.2507;23.1969;23.1233;23.0041;22.8848;22.7656;22.6464;22.5374;22.4384;22.3495;22.2707;22.2021;22.1334;22.0648;21.9962;21.8859;21.734;21.5404;21.3052;21.0284;20.7516;20.4748;20.2034;19.9374;19.6768;19.4216;19.1718;18.922;18.6722;18.4224;18.1655;17.9017;17.6308;17.3528;17.0679;16.7829;16.4979;16.2328;15.9876;15.7623;15.5568;15.3712;15.1856;15",0.439395,"0;0.36;0.64"
0.926489,0.127956,0.626187,"1;1.16041;1.32083;1.48124;1.64166;1.80207;1.96249;2.1229;2.28332;2.39749;2.46541;2.48708;2.4625;2.39168;2.32085;2.25003;2.17921;2.10838;2.03756;2.01387;2.03731;2.10789;2.2256;2.39044;2.55529;2.72013;2.88497;3.04982;3.22487;3.41014;3.60563;3.81132;4.02723;4.24314;4.42926;4.58559;4.71215;4.80891;4.87589;4.94287;5.01893;5.10405;5.19824;5.30151;5.41385;5.52619;5.63852;5.75086;5.86564;5.98287;6.10253;6.22932;6.36321;6.50178;6.64502;6.79293;6.94084;7.04051;7.09193;7.09512;7.11001;7.13659;7.22312;7.36958;7.57599;7.7824;7.98881;8.19521;8.4039;8.61486;8.82809;9.0436;9.26139;9.47293;9.67821;9.87725;10.07;10.2566;10.4431;10.6296;10.8162;11.0027;11.1892;11.3699;11.5448;11.7138;11.877;12.0344;12.1918;12.3491;12.4858;12.6017;12.697;12.7715;12.8253;12.8792;12.9531;13.0471;13.1612;13.2953;13.4495;13.6037;13.758;13.9122;14.0664;14.2206;14.3877;14.5674;14.76;14.9654;15.1836;15.4017;15.6199;15.838;16.0562;16.2667;16.4695;16.6648;16.8523;17.0323;17.2122;17.3921;17.572;17.752;17.9319;18.0963;18.2452;18.3786;18.4965;18.5988;18.7012;18.8036;18.9059;19.0083;19.12;19.2411;19.3715;19.5112;19.6603;19.8094;19.9585;20.1076;20.2567;20.4058;20.5167;20.5895;20.6242;20.6208;20.5792;20.5376;20.496;20.4544;20.4128;20.4224;20.4832;20.5953;20.7585;20.973;21.1874;21.4018;21.6163;21.7818;21.8983;21.9659;21.9846;21.9444;21.8943;21.8343;21.7644;21.6846;21.5808;21.4532;21.3016;21.171;21.0613;20.9965;20.9767;21.0016;21.0266;21.0516;21.0766;21.1016;21.0911;21.0452;20.9639;20.8471;20.695;20.5428;20.3906;20.257;20.1422;20.0872;20.0922;20.157;20.2631;20.4105;20.5579;20.7053;20.8526;21","15;15.1194;15.2389;15.3583;15.4778;15.5972;15.7167;15.8361;15.9556;16.0885;16.235;16.395;16.5685;16.7556;16.9426;17.1296;17.3167;17.5037;17.6908;17.8654;18.0277;18.1776;18.3151;18.4403;18.5654;18.6905;18.8157;18.9408;19.0353;19.0992;19.1324;19.1349;19.1069;19.0788;19.0929;19.1491;19.2476;19.3882;19.571;19.7538;19.9335;20.1103;20.284;20.4547;20.6223;20.79;20.9576;21.1253;21.2849;21.4363;21.5797;21.6626;21.6852;21.6556;21.5736;21.4394;21.3052;21.2372;21.2356;21.3003;21.4042;21.5474;21.6634;21.7524;21.8144;21.8763;21.9383;22.0002;22.0495;22.086;22.1098;22.121;22.1194;22.1326;22.1606;22.2032;22.2606;22.3328;22.4049;22.4771;22.5492;22.6213;22.6935;22.7792;22.8786;22.9915;23.1181;23.2582;23.3984;23.5385;23.6941;23.8651;24.0515;24.2533;24.4706;24.6879;24.8872;25.0685;25.2318;25.3771;25.5044;25.6318;25.7591;25.8864;26.0138;26.1411;26.2345;26.294;26.3195;26.3112;26.2688;26.2265;26.1842;26.1419;26.0995;26.0482;25.9879;25.9186;25.8402;25.7529;25.6656;25.5782;25.4909;25.4036;25.3162;25.2069;25.0756;24.9224;24.7471;24.5499;24.3526;24.1554;23.9581;23.7609;23.5764;23.4048;23.2459;23.0998;22.9665;22.8332;22.6999;22.5666;22.4333;22.2999;22.1535;21.9939;21.8212;21.6354;21.4364;21.2374;21.0385;20.8395;20.6405;20.4835;20.3686;20.2956;20.2647;20.2758;20.2869;20.298;20.3091;20.2716;20.1856;20.0511;19.8681;19.6405;19.417;19.1975;18.982;18.7706;18.6226;18.5381;18.5169;18.4996;18.4859;18.4125;18.2794;18.0865;17.8937;17.7008;17.508;17.3151;17.1283;16.9476;16.7728;16.6042;16.4416;16.279;16.1163;16.0262;16.0085;15.9893;15.9687;15.9465;15.8504;15.6803;15.5102;15.3402;15.1701;15",0.315956,"0;0.37;0.63"
0.964811,0.127513,0.559584,"1;1.17696;1.35391;1.53087;1.70782;1.88478;2.06173;2.23869;2.41565;2.55372;2.65292;2.71324;2.73468;2.71724;2.6998;2.68236;2.66492;2.64748;2.63004;2.63979;2.67674;2.74088;2.8322;2.95073;3.06925;3.18777;3.30629;3.42481;3.54333;3.67777;3.82812;3.99439;4.17657;4.37466;4.57276;4.77085;4.96895;5.16704;5.36513;5.54854;5.71727;5.87131;6.01066;6.13533;6.25999;6.38466;6.50933;6.634;6.75867;6.8797;6.9971;7.11087;7.221;7.3275;7.434;7.5405;7.647;7.7535;7.85728;7.95834;8.05668;8.1523;8.2452;8.3381;8.431;8.5239;8.6168;8.7097;8.82831;8.97263;9.14266;9.33839;9.55984;9.78129;10.0027;10.2242;10.4456;10.6414;10.8115;10.9559;11.0747;11.1678;11.2608;11.3539;11.447;11.5401;11.6331;11.752;11.8967;12.0671;12.2634;12.4854;12.7074;12.9295;13.1515;13.3735;13.5855;13.7875;13.9794;14.1613;14.3332;14.505;14.6769;14.8189;14.9309;15.0131;15.0654;15.0879;15.1103;15.1327;15.1551;15.2173;15.3192;15.4608;15.6423;15.8634;16.0846;16.3057;16.5269;16.748;16.9595;17.1614;17.3536;17.5362;17.7091;17.8821;18.055;18.232;18.4131;18.5983;18.7875;18.9809;19.1742;19.3675;19.5609;19.7542;19.9501;20.1485;20.3495;20.553;20.759;20.965;21.171;21.377;21.5831;21.7865;21.9873;22.1855;22.3538;22.4922;22.6032;22.6869;22.7433;22.7997;22.856;22.9124;22.9688;23.0014;23.0104;22.9957;22.9572;22.8951;22.833;22.7708;22.7498;22.77;22.8312;22.9336;23.0771;23.2207;23.3642;23.5077;23.6513;23.7948;23.8711;23.8801;23.8219;23.6964;23.5037;23.3109;23.1305;22.9622;22.8062;22.6494;22.4917;22.3209;22.137;21.94;21.7431;21.5461;21.3492;21.1522;21.0027;20.9007;20.846;20.8389;20.8792;20.9194;20.9597;21","15;15.0932;15.1864;15.2796;15.3728;15.466;15.5592;15.6524;15.7456;15.86;15.9956;16.1525;16.3305;16.5297;16.729;16.9282;17.1275;17.3267;17.5259;17.7175;17.9015;18.0779;18.2466;18.4077;18.5688;18.7299;18.891;19.0521;19.2132;19.3476;19.4553;19.5362;19.5905;19.618;19.6456;19.6731;19.7006;19.7282;19.7557;19.809;19.8881;19.993;20.1236;20.28;20.4364;20.5928;20.7491;20.9055;21.0619;21.226;21.3979;21.5775;21.7648;21.9598;22.1549;22.3499;22.5449;22.74;22.9314;23.1193;23.3036;23.4843;23.6614;23.8385;24.0156;24.1928;24.3699;24.547;24.6924;24.8061;24.8881;24.9383;24.9569;24.9754;24.994;25.0126;25.0311;25.0106;24.9509;24.8521;24.7142;24.5372;24.3601;24.1831;24.0061;23.8291;23.6521;23.5123;23.4097;23.3444;23.3163;23.3254;23.3345;23.3436;23.3527;23.3618;23.3505;23.3188;23.2666;23.194;23.101;23.008;22.915;22.8009;22.6657;22.5093;22.3318;22.1332;21.9347;21.7361;21.5375;21.383;21.2725;21.2061;21.1838;21.2055;21.2273;21.249;21.2707;21.2924;21.2821;21.2397;21.1653;21.0588;20.9202;20.7817;20.6431;20.5523;20.5093;20.5139;20.5664;20.6665;20.7667;20.8669;20.967;21.0672;21.1348;21.1699;21.1724;21.1424;21.0798;21.0172;20.9546;20.892;20.8294;20.7654;20.7;20.6331;20.5388;20.4171;20.2694;20.0956;19.8958;19.696;19.4962;19.2964;19.0966;18.894;18.6886;18.4804;18.2694;18.0557;17.8419;17.6281;17.4292;17.2452;17.0761;16.9219;16.7827;16.6434;16.5041;16.3648;16.2255;16.0862;15.97;15.8767;15.8064;15.7592;15.7349;15.7107;15.7285;15.7884;15.8904;16.0043;16.1303;16.2261;16.2918;16.3275;16.3631;16.3988;16.4344;16.4701;16.4472;16.3658;16.226;16.0276;15.7707;15.5138;15.2569;15",0.269647,"0;0.38;0.62"
0.846249,0.332709,0.460791,"1;1.058;1.116;1.17401;1.23201;1.29001;1.34801;1.40601;1.46402;1.52202;1.57182;1.61342;1.64683;1.67203;1.68904;1.70605;1.72305;1.74006;1.75707;1.77407;1.79108;1.76902;1.70789;1.6077;1.46844;1.29011;1.14937;1.04623;0.980677;0.952716;0.962348;0.971979;0.98161;0.991242;1.00087;1.0105;1.02014;1.05879;1.12648;1.22319;1.34893;1.50369;1.65845;1.81322;1.96798;2.12275;2.27751;2.43227;2.55998;2.66063;2.73422;2.78076;2.80024;2.81972;2.84802;2.88513;2.93106;2.9858;3.04936;3.11292;3.17648;3.27793;3.4029;3.5514;3.72342;3.91898;4.10018;4.28137;4.46257;4.64377;4.82496;5.00616;5.18736;5.36956;5.55278;5.73701;5.92224;6.10849;6.29474;6.48098;6.65736;6.82385;6.98047;7.12722;7.26409;7.40096;7.53783;7.6747;7.81157;7.90209;7.94625;7.94406;7.89552;7.85659;7.87362;7.94661;8.07557;8.2605;8.44542;8.62723;8.80593;8.9815;9.15396;9.30622;9.4414;9.55951;9.66053;9.74448;9.82842;9.93131;10.0531;10.1939;10.3536;10.5323;10.7109;10.8738;11.0208;11.152;11.2673;11.3669;11.4664;11.566;11.6655;11.765;11.8646;11.9444;12.0046;12.045;12.0658;12.0668;12.1078;12.1888;12.3097;12.4656;12.6564;12.8422;13.0136;13.1707;13.3185;13.457;13.5861;13.7152;13.8444;13.9735;14.1118;14.2593;14.4159;14.5817;14.7566;14.9316;15.1065;15.2815;15.4564;15.6314;15.8063;15.9773;16.1444;16.3074;16.4666;16.6217;16.7769;16.9321;17.0872;17.2424;17.3976;17.5527;17.7008;17.8419;17.9758;18.1027;18.2225;18.3423;18.4621;18.582;18.7018;18.8142;18.9192;19.0168;19.1069;19.1897;19.2724;19.3552;19.4379;19.5207;19.6035;19.6862;19.7706;19.8567;19.9444;20.0338;20.1248;20.2159;20.3069;20.3979;20.489;20.58;20.6766;20.7788;20.881;21","15;15.1723;15.3446;15.517;15.6893;15.8616;16.0339;16.2062;16.3785;16.5509;16.7249;16.9007;17.0783;17.2575;17.4386;17.6196;17.8006;17.9816;18.1626;18.3437;18.5247;18.6732;18.7891;18.8725;18.9233;18.9416;18.9925;19.0761;19.1924;19.3413;19.5229;19.7044;19.886;20.0676;20.2491;20.4307;20.6122;20.7766;20.9237;21.0536;21.1662;21.2616;21.3571;21.4525;21.5479;21.6434;21.7388;21.8342;21.8717;21.8512;21.7728;21.6364;21.4421;21.2478;21.1292;21.0862;21.1188;21.2272;21.4111;21.5951;21.7791;21.909;22.0037;22.0631;22.0871;22.0759;22.0833;22.0907;22.0982;22.1056;22.113;22.1205;22.1279;22.1248;22.111;22.0867;22.0518;22.0063;21.9609;21.9154;21.8553;21.7805;21.6911;21.5871;21.4684;21.3497;21.2311;21.1124;20.9937;20.9304;20.9225;20.9699;21.0727;21.2054;21.3127;21.3947;21.4512;21.4824;21.5135;21.5342;21.5445;21.5442;21.5336;21.5538;21.6155;21.7185;21.8629;22.0487;22.2345;22.37;22.4554;22.4905;22.4754;22.4101;22.3448;22.2615;22.1601;22.0408;21.9034;21.748;21.5926;21.4373;21.2819;21.1265;20.9711;20.8072;20.6347;20.4537;20.264;20.0659;19.9076;19.7894;19.711;19.682;19.7023;19.7319;19.789;19.8733;19.9756;20.0959;20.2341;20.3723;20.5106;20.6488;20.7692;20.872;20.957;21.0242;21.0737;21.1232;21.1727;21.2222;21.2718;21.3213;21.3708;21.3914;21.3832;21.3462;21.2802;21.1855;21.0907;20.9959;20.9012;20.8064;20.7116;20.6169;20.51;20.3909;20.2596;20.1162;19.9606;19.805;19.6495;19.4939;19.3383;19.1815;19.0233;18.864;18.7034;18.5415;18.3796;18.2177;18.0558;17.8939;17.732;17.5701;17.405;17.2366;17.065;16.8902;16.7121;16.534;16.3559;16.1778;15.9997;15.8217;15.6326;15.4327;15.2327;15",0.205034,"0;0.39;0.61"
0.945809,0.24514,0.602558,"1;1.18811;1.37623;1.56434;1.75245;1.94057;2.12868;2.31679;2.50491;2.66376;2.79337;2.89371;2.9648;3.00664;3.04848;3.09031;3.13215;3.17398;3.21582;3.2504;3.27771;3.29777;3.31057;3.31611;3.32165;3.32719;3.33273;3.33827;3.3438;3.3585;3.38236;3.41538;3.45756;3.50889;3.56023;3.61157;3.66291;3.71424;3.76558;3.80383;3.82898;3.84105;3.84003;3.82592;3.81181;3.79769;3.78358;3.76947;3.75536;3.75686;3.77396;3.80668;3.855;3.91894;3.98287;4.04681;4.11074;4.17468;4.23861;4.32898;4.44577;4.58898;4.75863;4.9547;5.15077;5.34685;5.54292;5.73899;5.93507;6.13081;6.32622;6.52131;6.71606;6.91049;7.10491;7.29934;7.48429;7.65978;7.82579;7.98233;8.12941;8.27648;8.42356;8.57063;8.71771;8.86478;8.97147;9.03778;9.06371;9.04926;8.99443;8.96332;8.95594;8.97227;9.01233;9.07611;9.13989;9.20367;9.26746;9.33124;9.40405;9.48591;9.5768;9.67672;9.78568;9.89465;10.0152;10.1473;10.291;10.4463;10.6132;10.776;10.9348;11.0895;11.2401;11.3867;11.5332;11.6798;11.8264;11.973;12.1075;12.23;12.3404;12.4388;12.5251;12.6339;12.7652;12.9188;13.095;13.2935;13.4921;13.6907;13.8892;14.035;14.128;14.1683;14.1557;14.0904;14.0251;14.0139;14.0568;14.1537;14.3048;14.51;14.7096;14.9036;15.0919;15.2747;15.4518;15.6289;15.8061;15.9832;16.1603;16.3393;16.5201;16.7027;16.8871;17.0734;17.2596;17.3701;17.4047;17.3636;17.295;17.199;17.1514;17.1522;17.2014;17.2733;17.3677;17.4849;17.6246;17.7871;17.9495;18.0669;18.1395;18.1671;18.1497;18.0875;18.0252;17.9629;17.9006;17.8845;17.9144;17.9905;18.1127;18.281;18.4492;18.6175;18.7858;18.9541;19.1224;19.3011;19.4901;19.6895;19.8993;20.1194;20.3396;20.5597;20.7799;21","15;15.0679;15.1358;15.2038;15.2717;15.3396;15.4075;15.4755;15.5434;15.6368;15.7558;15.9003;16.0704;16.2659;16.4615;16.6571;16.8527;17.0482;17.2438;17.4403;17.6376;17.8358;18.0348;18.2347;18.4347;18.6346;18.8345;19.0344;19.2344;19.433;19.6302;19.8262;20.0208;20.2141;20.4074;20.6007;20.794;20.9873;21.1806;21.3751;21.5709;21.7679;21.9662;22.1657;22.3652;22.5647;22.7642;22.9637;23.1632;23.3607;23.5562;23.7497;23.9412;24.1307;24.3202;24.5097;24.6992;24.8887;25.0783;25.222;25.3199;25.372;25.3784;25.3389;25.2995;25.2601;25.2206;25.1812;25.1418;25.1222;25.1225;25.1427;25.1828;25.2428;25.3027;25.3627;25.3836;25.3653;25.308;25.2116;25.076;24.9405;24.805;24.6694;24.5339;24.3984;24.249;24.0859;23.9089;23.7182;23.5136;23.309;23.1043;22.8996;22.6949;22.4901;22.2853;22.0805;21.8757;21.671;21.4746;21.2867;21.1072;20.9361;20.7734;20.6108;20.5114;20.4755;20.5028;20.5935;20.7476;20.9004;21.0521;21.2026;21.3518;21.4999;21.648;21.796;21.9441;22.0921;22.251;22.4206;22.6009;22.792;22.9939;23.1432;23.24;23.2841;23.2757;23.2147;23.1537;23.0927;23.0317;22.9468;22.838;22.7053;22.5487;22.3682;22.1878;22.0296;21.8936;21.7799;21.6885;21.6193;21.5386;21.4464;21.3427;21.2274;21.1007;20.9739;20.8472;20.7205;20.5937;20.5018;20.4447;20.4225;20.4351;20.4826;20.5301;20.5412;20.516;20.4544;20.339;20.1697;19.9829;19.7784;19.5565;19.3491;19.1561;18.9777;18.8138;18.6644;18.515;18.3584;18.1945;18.0233;17.8448;17.6591;17.4734;17.2877;17.102;16.9318;16.7771;16.638;16.5144;16.4063;16.2983;16.1902;16.0821;15.9741;15.866;15.761;15.659;15.5601;15.4642;15.3714;15.2785;15.1857;15.0928;15",0.286733,"0;0.4;0.6"
0.77773,0.317301,0.162776,"1;1.16667;1.33333;1.5;1.66667;1.83333;2;2.16667;2.33333;2.5;2.66667;2.80576;2.91729;3.00125;3.05763;3.08645;3.11526;3.14408;3.1729;3.20171;3.23053;3.25935;3.28816;3.32329;3.36473;3.41248;3.46655;3.52692;3.5873;3.64767;3.70805;3.76842;3.8288;3.88917;3.94955;3.99799;4.03449;4.05905;4.07167;4.07236;4.07304;4.07373;4.07442;4.0751;4.07579;4.07647;4.10827;4.17119;4.26522;4.39036;4.54662;4.70287;4.85913;5.01702;5.17653;5.33766;5.50043;5.66481;5.8292;5.99359;6.15798;6.32237;6.48676;6.65115;6.81554;6.98161;7.14936;7.3188;7.48992;7.66272;7.83552;8.00832;8.18113;8.30301;8.37397;8.39401;8.36314;8.28134;8.19955;8.11775;8.03595;8.00124;8.01361;8.07306;8.17959;8.3332;8.48682;8.64043;8.78156;8.91021;9.02637;9.13005;9.22125;9.31245;9.40364;9.49484;9.58604;9.67723;9.76843;9.88999;10.0261;10.1767;10.3419;10.5216;10.6854;10.8493;11.0132;11.1771;11.3409;11.5048;11.6687;11.8324;11.9959;12.1592;12.315;12.4633;12.6042;12.7378;12.864;12.9902;13.1165;13.2427;13.3689;13.4952;13.6214;13.7312;13.8495;13.9763;14.1117;14.2557;14.4247;14.5904;14.7526;14.9116;15.0671;15.2193;15.3715;15.5237;15.6759;15.8281;15.9803;16.1325;16.2847;16.3979;16.4721;16.5072;16.5034;16.4606;16.4177;16.3749;16.3321;16.2892;16.2464;16.2431;16.2794;16.3553;16.4708;16.6258;16.7809;16.9359;17.091;17.246;17.4011;17.5561;17.7111;17.8377;17.9358;18.0053;18.0464;18.0589;18.0715;18.0841;18.1155;18.1659;18.2351;18.3232;18.4302;18.5372;18.6442;18.7512;18.8062;18.8093;18.8218;18.8436;18.8747;18.9671;19.1209;19.2746;19.4259;19.5749;19.7215;19.8656;20.0074;20.1492;20.291;20.4328;20.5746;20.7164;20.8582;21","15;15;15;15;15;15;15;15;15;15;15;14.9672;14.9015;14.803;14.6717;14.5075;14.3434;14.1792;14.0151;13.8509;13.6867;13.5226;13.3584;13.196;13.0354;12.8765;12.7194;12.5641;12.4087;12.2534;12.098;11.9427;11.7873;11.632;11.4767;11.3187;11.158;10.9947;10.8287;10.6601;10.4914;10.3228;10.1542;9.98553;9.8169;9.64827;9.50599;9.39006;9.30049;9.23727;9.20041;9.16354;9.12668;9.09427;9.06632;9.04282;9.02379;9.00921;8.99463;8.98005;8.96547;8.95089;8.93631;8.92173;8.90715;8.89612;8.88862;8.88467;8.88426;8.88739;8.89052;8.89365;8.89678;8.86825;8.80808;8.71625;8.59276;8.43763;8.28249;8.12736;7.97222;7.86035;7.79174;7.76639;7.7843;7.84548;7.90665;7.96783;7.98614;7.9616;7.8942;7.78395;7.63083;7.47771;7.3246;7.17148;7.01837;6.86525;6.71213;6.58508;6.48605;6.41506;6.37209;6.35715;6.34418;6.3312;6.31823;6.30526;6.29229;6.27932;6.26634;6.24021;6.20092;6.14846;6.12329;6.1254;6.16794;6.25093;6.37436;6.49779;6.62122;6.74465;6.86808;6.99151;7.11494;7.25337;7.38212;7.5012;7.6106;7.71033;7.78537;7.8575;7.92671;7.993;8.05637;8.11682;8.17727;8.23773;8.29818;8.35863;8.41909;8.47954;8.54;8.61969;8.71863;8.83682;8.97425;9.13092;9.2876;9.44427;9.60095;9.75762;9.91429;10.0519;10.1703;10.2697;10.3499;10.4111;10.4722;10.5334;10.5945;10.6557;10.7168;10.778;10.8391;10.922;11.0265;11.1527;11.3006;11.4703;11.6399;11.8095;11.9718;12.1269;12.2747;12.4152;12.5484;12.6816;12.8149;12.9481;13.0791;13.2077;13.32;13.4159;13.4955;13.5609;13.6122;13.6635;13.7292;13.8094;13.9039;14.0129;14.1363;14.2597;14.3831;14.5064;14.6298;14.7532;14.8766;15",0.11431,"0;0.41;0.59"
1.41967,0.154018,1.31262,"1;0.987628;0.975255;0.962883;0.95051;0.995856;1.09892;1.2597;1.47821;1.75443;2.03065;2.30485;2.57705;2.84722;3.11539;3.38154;3.64769;3.88357;4.0892;4.26457;4.40968;4.52453;4.63938;4.72604;4.78453;4.81482;4.81694;4.79087;4.7648;4.73655;4.70611;4.73762;4.83105;4.98642;5.20591;5.48951;5.77311;6.06824;6.37489;6.69308;6.99828;7.29051;7.55822;7.80142;8.0201;8.25204;8.49723;8.75403;9.02245;9.30247;9.58085;9.85759;10.1352;10.4138;10.6932;10.9735;11.2547;11.4185;11.4648;11.3937;11.311;11.2166;11.2279;11.3451;11.568;11.7909;11.9909;12.1679;12.3219;12.4913;12.6761;12.8991;13.1252;13.3542;13.5479;13.7062;13.8292;13.9522;14.0463;14.1117;14.1483;14.156;14.135;14.1139;14.1463;14.232;14.3712;14.5638;14.8097;15.0557;15.2296;15.3315;15.3614;15.3192;15.205;15.0908;15.0087;14.9588;14.9411;14.9555;15.0021;15.0486;15.0198;14.9155;14.7358;14.4808;14.1503;13.8198;13.5832;13.4405;13.3917;13.4368;13.5842;13.7398;13.9038;14.0761;14.2797;14.5063;14.7558;15.0284;15.314;15.5896;15.8552;16.1109;16.3566;16.6023;16.8393;17.0676;17.2871;17.498;17.7014;17.9059;18.1117;18.3187;18.5269;18.7111;18.8714;19.0077;19.1199;19.2083;19.2588;19.2715;19.2726;19.2622;19.2402;19.2445;19.2749;19.3054;19.3939;19.5403;19.6328;19.6714;19.7664;19.8598;19.9518;20.157;20.4755;20.7969;21.1213;21.4486;21.7759;22.0866;22.3805;22.6578;22.9183;23.1622;23.406;23.5931;23.7232;23.7965;23.813;23.7976;23.807;23.8414;23.9006;23.9848;24.069;24.1532;24.2309;24.3022;24.367;24.4254;24.4773;24.5032;24.503;24.4769;24.4247;24.302;24.1347;23.9229;23.6865;23.4256;23.1847;22.9638;22.7369;22.484;22.1813;21.8287;21.4501;21","15;15.3331;15.6662;15.9993;16.3324;16.6362;16.9107;17.1559;17.3718;17.5584;17.745;17.9344;18.1266;18.3216;18.5195;18.7202;18.9209;19.144;19.3896;19.6576;19.9481;20.261;20.5739;20.8907;21.2114;21.536;21.8644;22.1967;22.529;22.8648;23.204;23.5072;23.7746;24.006;24.1981;24.3508;24.5036;24.6482;24.7845;24.9127;24.9625;24.9339;24.8351;24.6662;24.427;24.203;23.9942;23.8162;23.6688;23.5522;23.4512;23.3657;23.2842;23.2068;23.1332;23.0637;22.9982;22.9769;23;23.0673;23.1001;23.0985;23.018;22.8588;22.6208;22.3828;22.1435;21.9028;21.6607;21.4747;21.3447;21.272;21.3102;21.4593;21.662;21.9183;22.2281;22.5379;22.8523;23.1713;23.4948;23.8229;24.1556;24.4882;24.7994;25.089;25.357;25.6035;25.8285;26.0535;26.2961;26.5564;26.8343;27.1298;27.4429;27.7561;28.0726;28.3926;28.7159;29.0425;29.3726;29.7027;29.9754;30.1908;30.349;30.4497;30.4932;30.5367;30.5194;30.4415;30.303;30.1037;29.8497;29.6015;29.3593;29.123;28.9439;28.8161;28.7396;28.7145;28.7022;28.6513;28.5619;28.4339;28.2675;28.101;27.9299;27.7541;27.5737;27.3887;27.1888;26.9787;26.7584;26.5279;26.2872;26.0283;25.7514;25.4563;25.1431;24.8118;24.495;24.1925;23.8949;23.602;23.3139;23.0162;22.7088;22.4014;22.1294;21.8928;21.6602;21.4317;21.2375;21.0423;20.8461;20.7199;20.6637;20.6473;20.6705;20.7335;20.7964;20.8922;21.0209;21.1824;21.3768;21.604;21.8313;21.9475;21.9527;21.8468;21.6299;21.3129;21.0069;20.7119;20.4279;20.1549;19.8818;19.6088;19.3331;19.0546;18.7735;18.4896;18.203;17.9212;17.6441;17.3717;17.1041;16.8511;16.6081;16.3749;16.1519;15.9392;15.7269;15.5148;15.366;15.2799;15.2065;15.1459;15.148;15",0.68901,"0;0.42;0.58"
0.74381,0.358416,0.329707,"1;1.16452;1.32903;1.49355;1.65807;1.82258;1.9871;2.15161;2.31613;2.48065;2.64516;2.79045;2.9165;3.02333;3.11092;3.17929;3.24765;3.31601;3.38437;3.45274;3.5211;3.58946;3.65783;3.7458;3.85339;3.9806;4.12742;4.29385;4.46028;4.62672;4.79315;4.95958;5.12602;5.29245;5.45888;5.59201;5.69182;5.75833;5.79154;5.79143;5.79132;5.79122;5.81353;5.85826;5.92541;6.01498;6.12697;6.23896;6.35095;6.46294;6.57493;6.68692;6.7792;6.85177;6.90462;6.93776;6.95119;6.96462;7.00632;7.07628;7.1745;7.30099;7.45574;7.6105;7.76525;7.92001;8.07476;8.22794;8.37953;8.52955;8.67799;8.82486;8.97172;9.11858;9.26544;9.36131;9.40618;9.40006;9.34295;9.28849;9.28767;9.3405;9.44697;9.60709;9.76721;9.92733;10.0874;10.2448;10.3993;10.5511;10.7;10.8462;10.9924;11.1385;11.2847;11.4092;11.5122;11.5935;11.6742;11.7543;11.8599;11.9911;12.1479;12.3093;12.4751;12.641;12.8069;12.9728;13.1387;13.3045;13.4704;13.6363;13.7932;13.941;14.0798;14.2097;14.3304;14.4512;14.572;14.6928;14.8136;14.9344;15.0552;15.176;15.2773;15.3592;15.4217;15.4646;15.4882;15.5117;15.5352;15.5588;15.5823;15.6058;15.6294;15.6529;15.6764;15.7263;15.8024;15.9049;16.0338;16.1889;16.344;16.4992;16.6543;16.8094;16.9646;17.1197;17.2749;17.425;17.57;17.7101;17.8451;17.975;18.105;18.235;18.365;18.4949;18.6249;18.7549;18.8848;19.0148;19.1437;19.2716;19.3984;19.5242;19.6489;19.7736;19.8983;20.023;20.1478;20.2725;20.3972;20.5219;20.6467;20.7717;20.8967;21.0219;21.1472;21.2725;21.3978;21.5231;21.6484;21.7737;21.899;22.0243;22.1496;22.2244;22.2487;22.2224;22.1456;22.0183;21.8911;21.7638;21.6365;21.5092;21.3819;21.2546;21.1273;21","15;15.0267;15.0534;15.0801;15.1067;15.1334;15.1601;15.1868;15.2135;15.2402;15.2669;15.3186;15.3954;15.4973;15.6242;15.7762;15.9282;16.0802;16.2322;16.3842;16.5362;16.6882;16.8402;16.9601;17.0477;17.1033;17.1266;17.1178;17.109;17.1001;17.0913;17.0825;17.0737;17.0648;17.056;17.0806;17.1386;17.23;17.3548;17.513;17.6712;17.8294;17.9812;18.1267;18.2659;18.3987;18.5252;18.6516;18.7781;18.9046;19.031;19.1575;19.2901;19.4289;19.5738;19.7249;19.8821;20.0394;20.1667;20.2641;20.3316;20.3692;20.3769;20.3845;20.3922;20.3999;20.4075;20.4306;20.4692;20.5231;20.5925;20.6774;20.7623;20.8471;20.932;21.028;21.1354;21.2539;21.3837;21.485;21.5466;21.5685;21.5506;21.493;21.4355;21.3779;21.3204;21.2914;21.2911;21.3195;21.3764;21.462;21.5476;21.6332;21.7188;21.7549;21.7416;21.6789;21.6076;21.5277;21.4835;21.4748;21.5017;21.5232;21.5394;21.5556;21.5718;21.5879;21.6041;21.6203;21.6365;21.6527;21.6426;21.6064;21.544;21.4554;21.3405;21.2257;21.1108;20.996;20.8812;20.7663;20.6515;20.5367;20.4144;20.2847;20.1475;20.0029;19.8509;19.6989;19.5468;19.3948;19.2428;19.0907;18.9387;18.7867;18.6346;18.5008;18.3852;18.2879;18.2087;18.1478;18.0869;18.026;17.9651;17.9042;17.8433;17.7823;17.7214;17.6562;17.5868;17.513;17.435;17.3527;17.2703;17.188;17.1057;17.0234;16.9411;16.8588;16.7764;16.6941;16.6062;16.5125;16.4133;16.3084;16.1978;16.0872;15.9767;15.8661;15.7555;15.645;15.5344;15.4239;15.3533;15.3226;15.332;15.3813;15.4705;15.5598;15.6491;15.7383;15.8276;15.9169;16.0061;16.0954;16.1847;16.2313;16.2353;16.1966;16.1153;15.9914;15.8675;15.7436;15.6196;15.4957;15.3718;15.2479;15.1239;15",0.137565,"0;0.43;0.57"
1.52587,0.208803,1.76144,"1;1.172;1.34401;1.51601;1.72689;1.97664;2.26526;2.59276;2.95914;3.30534;3.63138;3.93724;4.22294;4.48847;4.74309;4.9868;5.2196;5.4415;5.68625;5.96475;6.27701;6.62302;6.84417;6.90669;6.92106;6.88729;6.80536;6.83391;6.97294;7.15374;7.3763;7.64064;7.81954;7.91299;7.93198;7.87653;7.74663;7.6695;7.64513;7.68676;7.7944;7.85396;7.86543;7.82881;7.6921;7.4553;7.23249;7.02369;6.87058;6.75915;6.74884;6.83965;7.03157;7.28292;7.60064;7.9253;8.2569;8.59544;8.94092;9.25385;9.53423;9.80298;10.0601;10.3069;10.5758;10.7569;10.8293;10.793;10.6467;10.3905;10.1728;9.99361;9.85299;9.7509;9.68735;9.62381;9.54901;9.46297;9.36568;9.25715;9.19981;9.20491;9.27246;9.40246;9.5949;9.78733;10.0177;10.2859;10.592;10.9441;11.3422;11.6742;11.94;12.1397;12.24;12.2409;12.226;12.1953;12.1487;12.1114;12.0833;12.123;12.2305;12.4058;12.6488;12.9597;13.2705;13.6008;13.9311;14.2616;14.5922;14.8619;15.0514;15.18;15.2476;15.2965;15.3876;15.5211;15.6968;15.9329;16.1872;16.4596;16.7501;17.0588;17.3675;17.6504;17.9075;18.1388;18.3443;18.5239;18.73;18.9624;19.2212;19.5063;19.8178;20.1293;20.4489;20.7767;21.1125;21.4565;21.8085;22.1275;22.4135;22.6665;22.8865;23.0735;23.1635;23.1567;23.0529;22.8523;22.5547;22.2572;21.9859;21.7407;21.5217;21.3288;21.1622;21.0015;20.8468;20.698;20.5552;20.5044;20.4361;20.3503;20.247;20.0991;19.8205;19.5284;19.2229;18.9039;18.6735;18.5317;18.4647;18.427;18.4184;18.3642;18.2642;18.1186;18.0467;18.0486;18.1242;18.2737;18.4969;18.7201;18.9544;19.1998;19.4563;19.7239;20.0026;20.2813;20.4664;20.5578;20.5556;20.4598;20.2703;20.1927;20.2268;20.3727;20.6305;21","15;15.3611;15.7223;16.0834;16.3402;16.4927;16.5408;16.4846;16.3241;16.2555;16.2788;16.3941;16.6013;16.9005;17.1945;17.4833;17.767;18.0456;18.2566;18.4054;18.4919;18.516;18.4976;18.499;18.5685;18.7059;18.9114;19.1651;19.467;19.6785;19.7995;19.8301;19.8116;19.7442;19.7796;19.9181;20.1595;20.4624;20.8269;21.1727;21.4997;21.8201;22.1341;22.4415;22.7602;23.09;23.4187;23.7464;24.0633;24.3705;24.6621;24.9381;25.1986;25.4532;25.6577;25.8179;25.9337;26.0052;26.0324;25.9761;25.8362;25.6227;25.3357;25.0547;24.8634;24.8116;24.8893;25.0966;25.3538;25.661;25.9721;26.2873;26.6065;26.9297;27.2569;27.5842;27.9236;28.2753;28.6392;29.0154;29.3805;29.7224;30.0411;30.3365;30.6087;30.8809;31.1287;31.3521;31.5512;31.67;31.7085;31.7944;31.9277;32.1085;32.2517;32.3572;32.3061;32.0984;31.734;31.354;30.9583;30.6177;30.3322;30.1017;29.9262;29.8058;29.6855;29.5627;29.4373;29.3095;29.1791;29.007;28.7956;28.545;28.2553;27.9301;27.6085;27.2907;26.9766;26.7535;26.6176;26.5689;26.6074;26.7332;26.8589;27.031;27.2494;27.5142;27.8252;28.1826;28.4448;28.6117;28.6835;28.6601;28.5414;28.4228;28.2899;28.1428;27.9814;27.8058;27.6159;27.4005;27.1596;26.8933;26.6014;26.2841;26.0002;25.7497;25.5326;25.3489;25.1986;25.0483;24.8599;24.6333;24.3685;24.0655;23.7244;23.3908;23.0646;22.7459;22.4347;22.1707;21.9135;21.6631;21.4194;21.2025;20.9725;20.8546;20.8489;20.9552;21.0129;21.0221;20.8905;20.6333;20.2506;19.883;19.5305;19.1932;18.8739;18.5725;18.289;18.0235;17.7759;17.5284;17.2938;17.0721;16.8633;16.6675;16.4847;16.3018;16.085;15.8344;15.5499;15.2315;14.8792;14.6524;14.5511;14.5752;14.7249;15",0.916591,"0;0.44;0.56"
1.04594,0.403868,0.558828,"1;1.22218;1.44436;1.66655;1.88873;2.11091;2.33309;2.55527;2.77458;2.991;3.20456;3.41523;3.62303;3.83082;4.03862;4.24642;4.45422;4.63738;4.79592;4.92983;5.03911;5.12375;5.2084;5.29305;5.3777;5.47991;5.59967;5.69482;5.76535;5.81126;5.81499;5.77654;5.73808;5.69963;5.69265;5.71713;5.74019;5.76182;5.78204;5.76936;5.72379;5.67822;5.63265;5.58708;5.54151;5.54515;5.598;5.70007;5.85135;6.05183;6.25232;6.45281;6.6533;6.85378;7.05824;7.26668;7.47908;7.69546;7.91581;8.13616;8.35652;8.57687;8.79722;9.01711;9.23653;9.45549;9.67398;9.89201;10.11;10.3036;10.4728;10.6176;10.7379;10.8338;10.9553;11.1024;11.275;11.4733;11.6963;11.9186;12.1401;12.3609;12.581;12.7895;12.9866;13.1722;13.3464;13.5165;13.6943;13.8795;14.0722;14.2725;14.4374;14.5668;14.6608;14.7194;14.7426;14.8034;14.902;15.0382;15.2122;15.4238;15.6355;15.8471;16.0587;16.2597;16.45;16.6296;16.7984;16.9567;17.1149;17.2731;17.4313;17.5895;17.7554;17.9289;18.1101;18.299;18.4956;18.6922;18.8887;19.0853;19.2869;19.4936;19.7053;19.9221;20.1439;20.3657;20.5875;20.8094;21.0312;21.2092;21.3434;21.4339;21.4805;21.4833;21.4861;21.489;21.4918;21.4774;21.4458;21.397;21.3309;21.2477;21.1645;21.0812;20.998;20.9147;20.8924;20.931;21.0305;21.1909;21.4122;21.6335;21.8548;22.0761;22.2307;22.3185;22.3395;22.2938;22.1814;22.0689;21.9564;21.8439;21.7986;21.8203;21.9091;22.065;22.288;22.511;22.7341;22.9221;23.075;23.193;23.276;23.3239;23.3719;23.4198;23.4677;23.4993;23.5144;23.5132;23.4955;23.4615;23.4274;23.3934;23.3293;23.2352;23.1111;22.957;22.7729;22.6378;22.5518;22.4416;22.307;22.1482;21.9162;21.6108;21.3054;21","15;15.0042;15.0085;15.0127;15.017;15.0212;15.0255;15.0297;15.0174;14.9884;14.9428;14.8807;14.8019;14.7232;14.6444;14.5656;14.4869;14.4647;14.4991;14.5901;14.7376;14.9418;15.1459;15.35;15.5541;15.7261;15.8658;16.0079;16.1526;16.2997;16.4815;16.698;16.9145;17.1311;17.3527;17.5794;17.8064;18.0335;18.2608;18.4832;18.7007;18.9182;19.1357;19.3532;19.5707;19.7639;19.9327;20.0773;20.1974;20.2933;20.3891;20.485;20.5808;20.6767;20.7591;20.8281;20.8838;20.9259;20.9547;20.9835;21.0123;21.041;21.0698;21.1014;21.1359;21.1733;21.2135;21.2566;21.2997;21.2879;21.2214;21.1;20.9238;20.6928;20.5203;20.4063;20.3508;20.3538;20.3877;20.3941;20.3728;20.3239;20.2474;20.148;20.0256;19.8803;19.712;19.578;19.5012;19.4816;19.5192;19.614;19.7389;19.8938;20.0789;20.294;20.5392;20.762;20.9624;21.1403;21.2958;21.4289;21.562;21.695;21.8281;21.9658;22.108;22.2549;22.4063;22.5624;22.7185;22.8745;23.0306;23.1866;23.3424;23.4978;23.6529;23.8077;23.9621;24.1166;24.2711;24.4256;24.5465;24.6338;24.6876;24.7078;24.6945;24.6812;24.6678;24.6545;24.6412;24.5805;24.4725;24.3172;24.1145;23.8645;23.6145;23.3646;23.1146;22.8734;22.641;22.4174;22.2025;21.9965;21.7904;21.5844;21.3784;21.1723;20.9842;20.8141;20.6619;20.5277;20.4114;20.2952;20.1789;20.0626;19.9272;19.7727;19.599;19.4063;19.1943;18.9824;18.7705;18.5586;18.3947;18.2787;18.2108;18.1908;18.2188;18.2468;18.2748;18.2533;18.1823;18.0617;17.8916;17.672;17.4524;17.2327;17.0131;16.792;16.5694;16.3452;16.1196;15.8925;15.6654;15.4383;15.2306;15.0424;14.8736;14.7243;14.5945;14.54;14.5609;14.6146;14.7012;14.8205;14.8973;14.9315;14.9658;15",0.238787,"0;0.45;0.55"
0.813962,0.365466,0.177413,"1;1.15944;1.31889;1.47833;1.63777;1.79721;1.95666;2.1161;2.27554;2.43498;2.59443;2.72321;2.82133;2.8888;2.9256;2.93174;2.93789;2.94403;2.95017;2.95632;2.96246;2.9686;2.97475;2.97715;2.97582;2.97074;2.96193;2.94937;2.93682;2.92427;2.91171;2.89916;2.88661;2.87406;2.8615;2.88413;2.94194;3.03494;3.16311;3.32647;3.48983;3.65319;3.81654;3.9799;4.14326;4.30018;4.45065;4.59469;4.73229;4.86344;4.9946;5.12575;5.25691;5.38806;5.52756;5.6754;5.83158;5.9961;6.16897;6.34183;6.5147;6.68756;6.86042;7.02771;7.18942;7.34555;7.49611;7.64109;7.78607;7.93105;8.07603;8.22101;8.36598;8.51546;8.66943;8.8279;8.99086;9.15832;9.32578;9.49324;9.6607;9.81146;9.94551;10.0629;10.1635;10.2475;10.3314;10.4153;10.4993;10.5832;10.6672;10.7511;10.8351;10.9366;11.0558;11.1926;11.3469;11.5189;11.6909;11.8268;11.9266;11.9904;12.018;12.0095;12.001;11.9925;11.9841;11.9756;11.9671;11.9926;12.0522;12.1457;12.2732;12.4347;12.5962;12.7578;12.9203;13.0837;13.2482;13.4136;13.58;13.7391;13.8911;14.0358;14.1733;14.3036;14.4338;14.5641;14.6944;14.8246;14.9549;15.0851;15.2154;15.3458;15.4762;15.6068;15.7375;15.8683;15.999;16.1298;16.2606;16.3914;16.5221;16.6529;16.7832;16.9129;17.0421;17.1709;17.2991;17.4273;17.5555;17.6837;17.8119;17.9401;18.0683;18.1694;18.2433;18.2902;18.31;18.3027;18.2954;18.2624;18.2037;18.1193;18.0092;17.8734;17.7376;17.6018;17.466;17.37;17.3139;17.2975;17.3209;17.3842;17.4474;17.5107;17.5739;17.6371;17.7199;17.8223;17.9442;18.0856;18.2467;18.4077;18.5687;18.7297;18.8907;19.0517;19.2127;19.3738;19.5352;19.697;19.8592;20.0218;20.1849;20.3479;20.5109;20.6739;20.837;21","15;14.9515;14.9029;14.8544;14.8059;14.7573;14.7088;14.6602;14.6117;14.5632;14.5146;14.4425;14.3468;14.2274;14.0845;13.9179;13.7513;13.5848;13.4182;13.2517;13.0851;12.9186;12.752;12.5855;12.4191;12.2528;12.0865;11.9203;11.7541;11.588;11.4218;11.2556;11.0894;10.9232;10.757;10.6101;10.4825;10.3743;10.2853;10.2157;10.146;10.0764;10.0067;9.93705;9.8674;9.78914;9.70227;9.60679;9.5027;9.39;9.2773;9.16461;9.05191;8.93921;8.85071;8.78642;8.74633;8.73044;8.73876;8.74708;8.7554;8.76371;8.77203;8.75813;8.72201;8.66368;8.58313;8.48036;8.37759;8.27482;8.17205;8.06929;7.96652;7.8727;7.78783;7.71191;7.64494;7.58693;7.52891;7.47089;7.41287;7.33766;7.24526;7.13566;7.00887;6.86489;6.7209;6.57692;6.43294;6.28895;6.14497;6.00099;5.857;5.75455;5.69362;5.67421;5.69634;5.75998;5.82363;5.90995;6.01894;6.15059;6.30492;6.48192;6.65891;6.83591;7.0129;7.1899;7.36689;7.52369;7.66028;7.77668;7.87287;7.94887;8.02486;8.10086;8.15577;8.1896;8.20235;8.19402;8.16461;8.16188;8.18582;8.23643;8.31372;8.41769;8.52165;8.62562;8.72958;8.83355;8.93751;9.04148;9.14545;9.25388;9.36679;9.48416;9.60601;9.73233;9.85864;9.98496;10.1113;10.2376;10.3639;10.4902;10.6165;10.7427;10.8689;10.9951;11.1212;11.2473;11.3734;11.4995;11.6256;11.7517;11.8778;12.0146;12.1621;12.3203;12.4893;12.6689;12.8486;13.0088;13.1497;13.2713;13.3735;13.4563;13.5391;13.6219;13.7047;13.8039;13.9195;14.0515;14.2;14.3648;14.5297;14.6946;14.8594;15.0243;15.1648;15.2809;15.3727;15.4401;15.4831;15.5262;15.5692;15.6122;15.6553;15.6983;15.7414;15.7844;15.7971;15.7794;15.7313;15.6529;15.544;15.4352;15.3264;15.2176;15.1088;15",0.150406,"0;0.46;0.54"
1.35572,0.120441,1.422,"1;1.06247;1.12495;1.18742;1.24989;1.28929;1.30561;1.29886;1.26902;1.21611;1.2177;1.2738;1.38439;1.54948;1.76907;1.90171;1.9474;2.01418;2.10206;2.21103;2.42805;2.75312;3.04583;3.30619;3.53421;3.72987;3.89318;4.05649;4.23537;4.42983;4.63985;4.81691;4.96102;5.0566;5.10366;5.10219;5.10071;5.06777;5.00335;4.90745;4.78008;4.62124;4.46239;4.35349;4.29454;4.28553;4.32647;4.41735;4.50824;4.58329;4.64252;4.68593;4.7135;4.72525;4.737;4.76078;4.79658;4.84442;4.90427;4.97616;5.04805;5.11993;5.17926;5.22602;5.26021;5.28185;5.29091;5.29998;5.34276;5.41924;5.52943;5.67333;5.85093;6.02854;6.20614;6.3928;6.58852;6.79329;7.00712;7.23;7.45289;7.69219;7.94791;8.22005;8.50861;8.81359;9.12303;9.43693;9.75529;10.0781;10.4054;10.7327;11.0158;11.2547;11.4494;11.6;11.7064;11.8127;11.9191;11.9691;11.9628;11.9002;11.7812;11.6058;11.4305;11.3477;11.3573;11.4594;11.6539;11.9409;12.1634;12.3214;12.415;12.444;12.4085;12.4285;12.5039;12.6348;12.8211;13.0629;13.3047;13.4732;13.5686;13.5907;13.5868;13.5568;13.5741;13.6386;13.7664;13.9104;14.0705;14.2468;14.4392;14.6316;14.824;15.0334;15.2597;15.5031;15.7634;16.0407;16.318;16.5952;16.7848;16.8866;16.9007;16.827;16.6656;16.5443;16.463;16.4219;16.4208;16.4597;16.5408;16.6641;16.8295;17.0466;17.3156;17.5974;17.8922;18.2;18.511;18.8213;19.1276;19.4298;19.728;20.0195;20.3081;20.594;20.8772;21.1474;21.4074;21.6573;21.8971;22.1266;22.3579;22.5909;22.8256;23.0621;23.3002;23.4364;23.4705;23.4027;23.2328;22.961;22.6891;22.4316;22.1884;21.9595;21.8385;21.8255;21.9061;22.0802;22.348;22.4869;22.4969;22.378;22.1302;21.7534;21.3767;21","15;15.3274;15.6549;15.9823;16.3097;16.6288;16.9397;17.2422;17.5365;17.8225;18.0924;18.3461;18.5838;18.8053;19.0108;19.1378;19.1865;19.2075;19.2009;19.1666;19.1831;19.2504;19.2557;19.1989;19.0801;18.8993;18.6564;18.4136;18.2538;18.177;18.1832;18.3047;18.5415;18.8104;19.1115;19.4449;19.7782;20.1035;20.4207;20.7298;21.031;21.324;21.6171;21.9156;22.2198;22.5294;22.8446;23.1653;23.486;23.8092;24.1348;24.463;24.7936;25.1268;25.4599;25.7817;26.0922;26.3913;26.6792;26.9557;27.2322;27.5088;27.7966;28.0958;28.4064;28.7282;29.0614;29.3946;29.706;29.9954;30.263;30.5087;30.7325;30.9563;31.1801;31.3207;31.3781;31.3522;31.2432;31.0509;30.8587;30.7249;30.6498;30.6332;30.6752;30.7757;30.8688;30.9544;31.0325;31.1032;31.1664;31.2296;31.2271;31.159;31.0251;30.8256;30.5604;30.2953;30.0301;29.7612;29.4887;29.2126;28.9327;28.6492;28.3657;28.1149;27.8967;27.7112;27.5584;27.4383;27.2829;27.0923;26.8665;26.6054;26.3091;26.028;25.7621;25.5114;25.2758;25.0555;24.8351;24.5961;24.3383;24.0619;23.7789;23.4891;23.2113;22.9456;22.7848;22.717;22.7423;22.8605;23.0717;23.2829;23.4941;23.6769;23.8312;23.957;24.0543;24.1232;24.1921;24.261;24.2621;24.1955;24.0611;23.859;23.5892;23.3134;23.0318;22.7443;22.4509;22.1516;21.8702;21.6066;21.3608;21.1323;20.9209;20.7304;20.5607;20.4118;20.2845;20.1868;20.0974;20.0162;19.9432;19.8621;19.7648;19.6512;19.5212;19.3611;19.187;18.999;18.7971;18.5813;18.3671;18.1546;17.9437;17.7346;17.5271;17.3454;17.1894;17.0591;16.9546;16.8758;16.797;16.6992;16.5822;16.4462;16.3014;16.1477;16.0043;15.8712;15.7483;15.6298;15.5159;15.4064;15.3015;15.201;15.1005;15",0.687585,"0;0.47;0.53"
0.943792,0.278842,0.502956,"1;1.1403;1.2806;1.4209;1.5612;1.7015;1.8418;1.9821;2.1224;2.26949;2.42337;2.58403;2.75149;2.92573;3.09997;3.27421;3.44845;3.62269;3.79693;3.97569;4.15895;4.34674;4.53903;4.73584;4.93264;5.12945;5.32626;5.52306;5.71987;5.92129;6.12733;6.33798;6.55325;6.75369;6.93469;7.09623;7.23834;7.32727;7.38247;7.40395;7.3917;7.36083;7.34507;7.34441;7.35885;7.3884;7.41795;7.44751;7.47706;7.46774;7.41954;7.33248;7.20655;7.04174;6.88393;6.73311;6.58929;6.45246;6.32262;6.19278;6.10902;6.07134;6.07973;6.1342;6.23475;6.3353;6.43585;6.5364;6.63695;6.74735;6.8676;6.99771;7.13767;7.28748;7.4373;7.58711;7.74234;7.90298;8.06905;8.24052;8.41742;8.59431;8.77419;8.95706;9.14292;9.33176;9.52358;9.71541;9.90724;10.0991;10.2909;10.4827;10.6737;10.8639;11.0533;11.2419;11.4297;11.6174;11.814;12.0193;12.2334;12.4276;12.602;12.7477;12.8648;12.9532;13.0417;13.1301;13.2186;13.307;13.3955;13.4869;13.5814;13.6789;13.7795;13.883;13.9866;14.0901;14.2107;14.3483;14.503;14.6747;14.8635;15.0522;15.241;15.427;15.6103;15.7909;15.9689;16.1441;16.3193;16.4945;16.6697;16.8449;17.0197;17.1943;17.3685;17.5423;17.7159;17.8894;18.0185;18.1033;18.1437;18.1397;18.0914;18.043;17.9947;17.9865;18.0184;18.0905;18.2027;18.3551;18.5074;18.6597;18.8121;18.9644;19.1168;19.2775;19.4467;19.6243;19.8104;20.0048;20.1993;20.3937;20.5882;20.7826;20.977;21.164;21.3433;21.5152;21.6795;21.8362;21.993;22.1498;22.3065;22.4633;22.62;22.7281;22.7875;22.7981;22.7601;22.6734;22.5867;22.4999;22.4132;22.3265;22.2397;22.1674;22.1095;22.066;22.0369;22.0221;21.9773;21.9023;21.7971;21.6618;21.4964;21.3309;21.1655;21","15;15.1425;15.2851;15.4276;15.5701;15.7127;15.8552;15.9977;16.1403;16.2739;16.3987;16.5146;16.6217;16.7199;16.8181;16.9163;17.0144;17.1126;17.2108;17.2965;17.3696;17.4302;17.4784;17.514;17.5496;17.5851;17.6207;17.6563;17.6919;17.7273;17.7623;17.7971;17.8317;17.8878;17.9657;18.0655;18.187;18.3448;18.5169;18.7035;18.9045;19.1167;19.3259;19.532;19.7349;19.9348;20.1346;20.3344;20.5343;20.7228;20.8999;21.0656;21.22;21.363;21.5047;21.6452;21.7845;21.9225;22.0593;22.1961;22.3395;22.4893;22.6457;22.8086;22.978;23.1474;23.3168;23.4862;23.6556;23.8179;23.9731;24.1212;24.2622;24.396;24.5299;24.6638;24.7484;24.7838;24.7699;24.7068;24.5944;24.482;24.3837;24.2995;24.2293;24.1731;24.131;24.089;24.0469;24.0048;23.9627;23.9206;23.8868;23.8614;23.8442;23.8353;23.8348;23.8342;23.8353;23.8378;23.842;23.8103;23.7429;23.6382;23.4962;23.3168;23.1374;22.958;22.7787;22.5993;22.4199;22.2398;22.0591;21.8777;21.6956;21.5128;21.3301;21.1473;20.9864;20.8473;20.73;20.6346;20.561;20.4874;20.4138;20.3382;20.2604;20.1806;20.0987;20.0148;19.9308;19.8468;19.7629;19.6789;19.5925;19.5038;19.4127;19.3193;19.2234;19.1276;19.0138;18.8822;18.7326;18.5652;18.3798;18.1945;18.0092;17.835;17.6719;17.52;17.3793;17.2497;17.1201;16.9906;16.861;16.7314;16.6018;16.4888;16.3923;16.3124;16.2491;16.2023;16.1555;16.1087;16.0619;16.0151;15.9683;15.906;15.8283;15.735;15.6263;15.5021;15.3779;15.2537;15.1295;15.0053;14.8811;14.7457;14.5991;14.4413;14.2723;14.0921;13.9118;13.7316;13.5514;13.3712;13.191;13.0851;13.0535;13.0962;13.2132;13.4046;13.5981;13.7937;13.9915;14.1915;14.3936;14.5958;14.7979;15",0.196709,"0;0.48;0.52"
1.55617,0.0994286,1.46045,"1;0.974027;0.948055;0.922082;0.896109;0.916114;0.982097;1.09406;1.252;1.45591;1.65983;1.81601;1.92446;1.98518;1.99817;1.96342;1.92868;1.88212;1.82377;1.75361;1.67165;1.57788;1.48411;1.42977;1.41486;1.43936;1.5033;1.60666;1.70209;1.78959;1.86917;1.91858;1.93783;1.93484;1.97659;2.06307;2.21654;2.43698;2.7244;3.01377;3.30508;3.59834;3.88414;4.16247;4.4314;4.69092;4.92932;5.15602;5.41015;5.69172;6.00073;6.34887;6.66895;6.92181;7.10746;7.22589;7.27711;7.37033;7.50554;7.68275;7.90196;8.16317;8.42448;8.68589;8.94484;9.20135;9.45541;9.70691;9.95586;10.2048;10.4698;10.7507;11.0476;11.3605;11.6893;12.0182;12.3344;12.638;12.9289;13.2071;13.4726;13.7382;14.0163;14.3069;14.61;14.9257;15.2539;15.5821;15.9085;16.2332;16.556;16.8771;17.1963;17.4843;17.7411;17.9665;18.1607;18.3236;18.4865;18.6704;18.8754;19.1014;19.3484;19.6165;19.8611;20.0824;20.2803;20.4548;20.648;20.8834;21.1609;21.4806;21.8424;22.1879;22.5171;22.8299;23.1263;23.4065;23.6852;23.9624;24.2381;24.5123;24.7851;25.0265;25.2366;25.4152;25.5953;25.7768;25.9912;26.1326;26.3198;26.5201;26.7334;26.9598;27.3049;27.5749;27.7699;27.89;27.935;27.905;27.9251;27.9953;28.1166;28.2888;28.512;28.7361;28.9833;29.2525;29.5439;29.8575;30.0788;30.1856;30.178;30.0271;29.7327;29.4204;29.0902;28.7421;28.4051;28.1595;27.9942;27.9092;27.9045;27.9802;28.0558;28.0654;28.009;27.8711;27.6517;27.3508;27.0343;26.7024;26.3734;26.0472;25.7239;25.4034;25.0858;24.7725;24.4633;24.1584;23.8576;23.5612;23.2733;22.994;22.7233;22.4613;22.2016;21.9356;21.6634;21.3849;21.1036;20.8259;20.5517;20.3808;20.3133;20.3457;20.478;20.6752;20.9422;21","15;15.3323;15.6646;15.997;16.3293;16.6479;16.9527;17.2439;17.5213;17.785;18.0487;18.3259;18.6167;18.9211;19.2391;19.5706;19.9021;20.2298;20.5538;20.874;21.1905;21.5032;21.8159;22.1327;22.4538;22.779;23.1084;23.4421;23.7769;24.1129;24.4502;24.7937;25.1434;25.4982;25.8265;26.1285;26.3992;26.6384;26.8462;27.0225;27.1672;27.2804;27.3121;27.2623;27.1625;27.0127;26.7899;26.544;26.3438;26.1892;26.0803;26.0401;25.9996;25.8898;25.7109;25.4629;25.1457;24.9323;24.8228;24.8173;24.9155;25.1177;25.3315;25.5569;25.7862;26.0194;26.2565;26.4859;26.7076;26.9292;27.0957;27.2069;27.263;27.2638;27.2095;27.1551;27.152;27.1999;27.2991;27.4494;27.6509;27.8524;28.0252;28.1694;28.2849;28.3717;28.4299;28.4881;28.5829;28.7142;28.8821;29.0865;29.3275;29.4621;29.4904;29.4123;29.2278;28.937;28.6462;28.3541;28.0609;27.7664;27.4708;27.1739;26.868;26.553;26.2291;25.8961;25.6097;25.3788;25.2034;25.0835;25.0192;24.9334;24.826;24.6972;24.5468;24.375;24.2936;24.3026;24.4021;24.592;24.8723;25.016;25.0229;24.8931;24.7308;24.5361;24.4457;24.4088;24.4248;24.3893;24.3025;24.1642;24.0253;23.8359;23.5961;23.3058;22.9651;22.574;22.1952;21.8288;21.4935;21.1894;20.9164;20.6622;20.4303;20.202;19.9771;19.7558;19.5293;19.2939;19.0497;18.8169;18.5955;18.4557;18.3973;18.4203;18.5047;18.5563;18.5138;18.3773;18.1467;17.8221;17.4974;17.2697;17.1389;17.0969;17.1438;17.2796;17.4073;17.5271;17.6715;17.8406;18.0344;18.2529;18.496;18.7183;18.9197;19.1003;19.2599;19.3987;19.4475;19.4063;19.2752;19.0542;18.7684;18.508;18.2727;18.0628;17.8609;17.6419;17.4056;17.1178;16.7783;16.4043;15.9959;15.6196;15.1102;15",0.68125,"0;0.49;0.51"
0.865467,0.30152,0.177235,"1;1.01297;1.02595;1.03892;1.05189;1.06487;1.07784;1.09081;1.10379;1.11676;1.16191;1.23925;1.34876;1.49045;1.66432;1.83819;2.01206;2.18593;2.30348;2.36471;2.36963;2.31822;2.2105;2.10277;1.99505;1.88732;1.7796;1.67187;1.61701;1.61501;1.66587;1.76959;1.92617;2.08275;2.23933;2.39591;2.5525;2.70908;2.86566;3.02344;3.1824;3.34256;3.5039;3.66644;3.82898;3.99152;4.15919;4.33198;4.50989;4.69293;4.8811;5.06927;5.25743;5.4456;5.61704;5.77176;5.90975;6.03101;6.13555;6.24009;6.35227;6.47208;6.59953;6.73462;6.87734;7.02006;7.16278;7.3055;7.44823;7.57114;7.67426;7.75757;7.82107;7.86478;7.90848;7.95218;7.99588;8.03958;8.10987;8.20675;8.33021;8.48027;8.65851;8.83837;9.01983;9.20291;9.38214;9.55591;9.72424;9.88711;10.0445;10.202;10.3594;10.5168;10.6742;10.8316;10.9891;11.1389;11.2813;11.416;11.5433;11.6629;11.7826;11.9023;12.022;12.1417;12.2613;12.381;12.4953;12.6043;12.708;12.8063;12.8993;12.9922;13.0852;13.1781;13.2711;13.3641;13.4495;13.5273;13.5975;13.6601;13.7152;13.7703;13.8253;13.8804;13.9311;13.9775;14.0195;14.0571;14.0904;14.1237;14.157;14.2204;14.3141;14.438;14.592;14.7763;14.9606;15.1445;15.3282;15.5115;15.6945;15.8772;16.0599;16.2426;16.4253;16.608;16.7907;16.9534;17.096;17.2186;17.3212;17.4037;17.4862;17.5687;17.6512;17.7337;17.8107;17.8823;17.9484;18.0091;18.0643;18.1195;18.1748;18.2449;18.3301;18.4302;18.5452;18.6752;18.8052;18.9473;19.1013;19.2674;19.4456;19.5773;19.6505;19.6653;19.6216;19.5194;19.4172;19.315;19.2128;19.1106;19.0084;18.9063;18.8637;18.8808;18.9575;19.0927;19.2863;19.4788;19.67;19.86;20.05;20.24;20.43;20.62;20.81;21","15;14.8186;14.6373;14.4559;14.2746;14.0932;13.9119;13.7305;13.5492;13.3678;13.205;13.0607;12.935;12.8278;12.7391;12.6504;12.5617;12.4731;12.3722;12.2591;12.1339;11.9964;11.8468;11.6971;11.5475;11.3978;11.2481;11.0985;10.9603;10.8335;10.7182;10.6144;10.5219;10.4295;10.3371;10.2447;10.1523;10.0599;9.96748;9.91639;9.90664;9.93821;10.0111;10.1253;10.2396;10.3538;10.4307;10.4704;10.4729;10.438;10.3659;10.2938;10.2217;10.1496;10.0623;9.95979;9.84207;9.70914;9.561;9.41286;9.27124;9.13615;9.00759;8.88554;8.77003;8.65451;8.53899;8.42347;8.30795;8.17634;8.02864;7.86486;7.68498;7.48901;7.29305;7.09708;6.90112;6.70515;6.56918;6.49321;6.47724;6.52126;6.61835;6.70852;6.79176;6.86806;6.90538;6.91062;6.88378;6.82488;6.73391;6.64293;6.55196;6.46099;6.37001;6.27904;6.18806;6.08791;5.97857;5.86006;5.73236;5.59549;5.45861;5.32174;5.18486;5.04798;4.91111;4.77423;4.70015;4.68885;4.74035;4.85464;5.03172;5.2088;5.38589;5.56297;5.74005;5.91713;6.0944;6.27187;6.44953;6.62738;6.80543;6.98348;7.16152;7.33957;7.51911;7.70014;7.88268;8.0667;8.25222;8.43774;8.62326;8.7553;8.83386;8.85894;8.83054;8.74865;8.66676;8.61609;8.59662;8.60835;8.65129;8.72545;8.7996;8.87375;8.9479;9.02205;9.0962;9.19071;9.30558;9.44081;9.5964;9.77235;9.9483;10.1243;10.3002;10.4762;10.6537;10.8329;11.0137;11.1961;11.3802;11.5642;11.7483;11.9214;12.0837;12.235;12.3754;12.5049;12.6344;12.7277;12.7849;12.8059;12.7908;12.779;12.8067;12.874;12.9807;13.127;13.2733;13.4195;13.5658;13.712;13.8583;14.0045;14.1284;14.2298;14.3088;14.3718;14.419;14.4727;14.5329;14.5996;14.6663;14.7331;14.7998;14.8665;14.9333;15",0.131512,"0;0.5;0.5"
0.992248,0.182332,0.607232,"1;1.09697;1.19394;1.29091;1.38788;1.48485;1.58182;1.67879;1.77269;1.86354;1.95132;2.03604;2.11769;2.19935;2.281;2.36266;2.44431;2.53773;2.64291;2.75986;2.88857;3.02904;3.16951;3.30999;3.45046;3.59093;3.7472;3.91927;4.10714;4.31081;4.53028;4.74975;4.96922;5.18868;5.40815;5.6276;5.84702;6.06643;6.28581;6.50517;6.72453;6.94389;7.16325;7.38261;7.59998;7.81537;8.02877;8.24018;8.44961;8.65904;8.86847;9.06223;9.24034;9.40279;9.52178;9.59731;9.64505;9.66499;9.65713;9.64927;9.64141;9.63355;9.62569;9.65312;9.71585;9.81386;9.94717;10.1158;10.2844;10.453;10.6216;10.7902;10.9617;11.1361;11.3135;11.4939;11.6771;11.8604;12.0436;12.2269;12.4101;12.6018;12.8019;13.0105;13.2275;13.4116;13.5545;13.6561;13.7164;13.7355;13.7545;13.7736;13.7926;13.8117;13.8671;13.9588;14.0868;14.2512;14.4519;14.6526;14.8533;15.0451;15.2278;15.4017;15.5665;15.7224;15.8783;16.0342;16.1713;16.2896;16.389;16.4696;16.5314;16.5932;16.6549;16.7167;16.7986;16.9006;17.0227;17.1649;17.3272;17.4895;17.6518;17.8141;17.9858;18.167;18.3577;18.5577;18.7673;18.9768;19.1864;19.3959;19.5632;19.6882;19.771;19.8115;19.8097;19.808;19.8063;19.8045;19.8028;19.7839;19.7478;19.6947;19.6243;19.5369;19.4928;19.492;19.5346;19.6206;19.7499;19.8792;20.0085;20.1378;20.266;20.3931;20.5191;20.6439;20.7677;20.8914;21.0151;21.1389;21.2343;21.3015;21.3404;21.3128;21.2189;21.0867;20.9165;20.7081;20.4997;20.2914;20.1312;20.0192;19.9553;19.9397;19.9722;20.0047;20.0372;20.0698;20.1023;20.1657;20.2601;20.3854;20.5416;20.7287;20.9158;21.103;21.2901;21.4772;21.6056;21.6753;21.6863;21.6386;21.5322;21.4257;21.3193;21.2129;21.1064;21","15;15.1999;15.3999;15.5998;15.7998;15.9997;16.1997;16.3996;16.6009;16.8036;17.0076;17.2129;17.4196;17.6262;17.8329;18.0396;18.2463;18.4461;18.6389;18.8249;19.004;19.1762;19.3484;19.5206;19.6928;19.865;20.0097;20.127;20.2168;20.2791;20.314;20.3489;20.3838;20.4186;20.4535;20.4743;20.481;20.4736;20.4522;20.4166;20.3811;20.3455;20.31;20.2744;20.2522;20.2434;20.248;20.2659;20.2972;20.3285;20.3598;20.4193;20.5071;20.6232;20.7774;20.9697;21.172;21.3842;21.6062;21.8283;22.0504;22.2725;22.4946;22.7012;22.8923;23.068;23.2283;23.373;23.5178;23.6626;23.8073;23.9521;24.0931;24.2302;24.3635;24.493;24.6187;24.7444;24.8701;24.9959;25.1216;25.2207;25.2933;25.3393;25.3587;25.3087;25.2159;25.0802;24.9017;24.6803;24.4588;24.2374;24.016;23.7946;23.634;23.5342;23.4953;23.5171;23.5997;23.6823;23.765;23.806;23.8055;23.7634;23.6798;23.5546;23.4293;23.3041;23.2425;23.2444;23.3098;23.4389;23.6314;23.824;24.0166;24.2092;24.3367;24.3992;24.3966;24.329;24.1963;24.0636;23.9309;23.7981;23.68;23.5764;23.4874;23.4129;23.3529;23.293;23.2331;23.1732;23.0833;22.9635;22.8137;22.634;22.4244;22.2148;22.0051;21.7955;21.5859;21.3777;21.1712;20.9661;20.7625;20.5605;20.368;20.1851;20.0117;19.8479;19.6936;19.5394;19.3851;19.2308;19.0728;18.9109;18.7452;18.5757;18.4024;18.229;18.0557;17.8824;17.7022;17.5151;17.3212;17.1485;16.9969;16.8734;16.778;16.7106;16.6432;16.5758;16.478;16.3496;16.1908;16.0014;15.7816;15.5618;15.342;15.1221;14.9023;14.7025;14.5226;14.3628;14.2229;14.103;13.9832;13.8633;13.7434;13.6236;13.5681;13.577;13.6502;13.7879;13.9899;14.1919;14.3939;14.596;14.798;15",0.236455,"0;0.51;0.49"
0.816192,0.237712,0.502617,"1;1.12432;1.24865;1.37297;1.49729;1.62162;1.74594;1.87026;1.99459;2.11891;2.24324;2.37508;2.51445;2.66134;2.81576;2.97769;3.13963;3.30156;3.4635;3.62544;3.78737;3.94931;4.11125;4.26471;4.40971;4.54623;4.67429;4.79388;4.91346;5.03305;5.15264;5.27222;5.39181;5.51139;5.63098;5.71757;5.77115;5.79174;5.77933;5.75612;5.75513;5.77635;5.81977;5.88541;5.95105;6.01669;6.08232;6.14796;6.21899;6.29542;6.37724;6.46446;6.55707;6.64968;6.74229;6.8349;6.92752;7.02013;7.11274;7.21789;7.33559;7.46583;7.60862;7.76395;7.91928;8.07461;8.2167;8.34555;8.46116;8.56353;8.65266;8.7418;8.84809;8.97156;9.11218;9.26997;9.44492;9.61987;9.7928;9.96372;10.1326;10.2995;10.4643;10.6292;10.7941;10.9589;11.1238;11.2886;11.4535;11.5914;11.7023;11.7863;11.8433;11.8733;11.9034;11.9334;11.9635;11.9935;12.0235;12.0536;12.0993;12.1608;12.238;12.331;12.4396;12.5483;12.657;12.7656;12.8743;12.9829;13.0916;13.2106;13.3401;13.48;13.6303;13.791;13.9518;14.1125;14.2732;14.4339;14.5946;14.7553;14.916;15.068;15.2112;15.3456;15.4713;15.5882;15.7051;15.822;15.9389;16.0558;16.1727;16.2896;16.4065;16.5233;16.6402;16.757;16.8738;16.9906;17.1074;17.2242;17.341;17.4578;17.5746;17.6914;17.8033;17.9103;18.0123;18.1094;18.2016;18.2938;18.386;18.4782;18.5704;18.6694;18.7754;18.8882;19.0079;19.1345;19.261;19.3876;19.5142;19.6407;19.7673;19.8939;20.0084;20.1108;20.2012;20.2795;20.3458;20.412;20.4783;20.5129;20.5158;20.4871;20.4268;20.3348;20.2428;20.1508;20.0588;19.9668;19.9221;19.9247;19.9746;20.0718;20.2163;20.3608;20.5053;20.6498;20.7943;20.9075;20.9895;21.0401;21.0595;21.0476;21.0357;21.0238;21.0119;21","15;15.111;15.222;15.333;15.444;15.555;15.666;15.777;15.888;15.999;16.11;16.1909;16.2418;16.2625;16.2532;16.2137;16.1743;16.1349;16.0955;16.056;16.0166;15.9772;15.9378;15.9294;15.9522;16.0061;16.0911;16.2072;16.3233;16.4394;16.5555;16.6715;16.7876;16.9037;17.0198;17.146;17.2823;17.4288;17.5853;17.7492;17.9103;18.0686;18.2241;18.3768;18.5295;18.6822;18.8349;18.9877;19.1376;19.2849;19.4293;19.5711;19.7101;19.8491;19.9881;20.1271;20.2661;20.405;20.544;20.6404;20.6941;20.7051;20.6736;20.5993;20.5251;20.4508;20.42;20.4325;20.4884;20.5876;20.7302;20.8728;20.9991;21.1089;21.2025;21.2796;21.3404;21.4012;21.4651;21.5323;21.6026;21.6761;21.7528;21.8295;21.9062;21.9829;22.0595;22.1362;22.2129;22.3101;22.4279;22.5661;22.7249;22.9042;23.0836;23.2629;23.4422;23.6215;23.8008;23.9801;24.1528;24.3187;24.4779;24.6303;24.7761;24.9219;25.0677;25.2135;25.3592;25.505;25.6508;25.7586;25.8284;25.8602;25.8541;25.8099;25.7658;25.7216;25.6775;25.6333;25.5892;25.5451;25.5009;25.4377;25.3556;25.2543;25.1341;24.9949;24.8556;24.7164;24.5771;24.4378;24.2986;24.1593;24.0242;23.8931;23.766;23.6431;23.5242;23.4053;23.2864;23.1675;23.0486;22.9297;22.8108;22.6919;22.5655;22.4316;22.2902;22.1413;21.9849;21.8285;21.6721;21.5157;21.3593;21.2088;21.0642;20.9255;20.7927;20.6658;20.5389;20.412;20.2851;20.1582;20.0313;19.9044;19.7734;19.6381;19.4987;19.3552;19.2074;19.0597;18.912;18.7663;18.6227;18.4811;18.3416;18.2041;18.0667;17.9292;17.7918;17.6543;17.5219;17.3945;17.2721;17.1547;17.0424;16.93;16.8177;16.7053;16.593;16.464;16.3184;16.1562;15.9774;15.7819;15.5864;15.3909;15.1955;15",0.181415,"0;0.52;0.48"
0.790441,0.233164,0.38603,"1;1.11965;1.23931;1.35896;1.47862;1.59827;1.71792;1.83758;1.95723;2.07689;2.19654;2.29097;2.36018;2.40416;2.42291;2.41645;2.40998;2.40351;2.39704;2.39057;2.38411;2.37764;2.37117;2.38632;2.42309;2.48149;2.5615;2.66314;2.76477;2.8664;2.96804;3.06967;3.17131;3.27294;3.37457;3.48839;3.61438;3.75256;3.90291;4.06544;4.22798;4.39051;4.55304;4.71558;4.87811;5.04064;5.20318;5.36466;5.5251;5.6845;5.84284;6.00014;6.15744;6.31474;6.47204;6.62934;6.78664;6.94394;7.10124;7.24233;7.36722;7.47591;7.56839;7.64466;7.72094;7.79722;7.87349;7.94977;8.02604;8.10232;8.1786;8.26609;8.36481;8.47475;8.59591;8.72829;8.86067;8.99305;9.12542;9.2578;9.39018;9.52256;9.65494;9.78926;9.92553;10.0637;10.2039;10.346;10.4881;10.6302;10.7723;10.9144;11.0565;11.1986;11.3407;11.4877;11.6396;11.7964;11.9581;12.1247;12.2913;12.4579;12.6245;12.7911;12.9577;13.1243;13.2909;13.4564;13.6209;13.7842;13.9464;14.1075;14.2686;14.4298;14.5909;14.752;14.9131;15.0743;15.2354;15.3845;15.5215;15.6464;15.7593;15.8602;15.961;16.0618;16.1627;16.2635;16.3644;16.4652;16.566;16.664;16.759;16.8511;16.9403;17.0265;17.1128;17.1991;17.2854;17.3717;17.4579;17.5442;17.6305;17.697;17.7438;17.7709;17.7781;17.7657;17.7532;17.7408;17.7283;17.7159;17.7034;17.691;17.6785;17.7049;17.77;17.8739;18.0167;18.1982;18.3798;18.5613;18.7428;18.9244;19.1059;19.2875;19.4505;19.5951;19.7211;19.8287;19.9178;20.0068;20.0959;20.185;20.2741;20.3632;20.4522;20.5413;20.614;20.6704;20.7104;20.7341;20.7414;20.7488;20.7561;20.7634;20.7708;20.7781;20.7854;20.7957;20.809;20.8252;20.8445;20.8667;20.8889;20.9111;20.9334;20.9556;20.9778;21","15;15.116;15.232;15.3481;15.4641;15.5801;15.6961;15.8121;15.9282;16.0442;16.1602;16.2863;16.4226;16.5689;16.7253;16.8919;17.0584;17.2249;17.3915;17.558;17.7246;17.8911;18.0577;18.2173;18.3701;18.5159;18.6549;18.787;18.9191;19.0512;19.1833;19.3154;19.4475;19.5796;19.7117;19.8247;19.9187;19.9937;20.0496;20.0865;20.1234;20.1603;20.1972;20.234;20.2709;20.3078;20.3447;20.3632;20.3633;20.345;20.3083;20.2532;20.1981;20.143;20.0879;20.0329;19.9778;19.9227;19.8676;19.8532;19.8794;19.9463;20.0538;20.202;20.3502;20.4984;20.6465;20.7947;20.9429;21.0911;21.2393;21.3781;21.5075;21.6275;21.7382;21.8394;21.9407;22.042;22.1432;22.2445;22.3457;22.447;22.5483;22.6119;22.6378;22.626;22.5766;22.4895;22.4024;22.3153;22.2282;22.1411;22.054;21.967;21.8799;21.8093;21.7552;21.7176;21.6965;21.6919;21.6873;21.6827;21.6781;21.6735;21.6689;21.6643;21.6597;21.6645;21.6788;21.7025;21.7357;21.7783;21.821;21.8636;21.9062;21.9488;21.9914;22.0341;22.0767;22.0842;22.0567;21.9942;21.8965;21.7638;21.6311;21.4984;21.3657;21.233;21.1003;20.9676;20.8349;20.7003;20.5636;20.425;20.2843;20.1417;19.9991;19.8566;19.714;19.5714;19.4288;19.2862;19.1436;18.9963;18.8442;18.6875;18.526;18.3598;18.1936;18.0274;17.8612;17.695;17.5288;17.3626;17.1964;17.0654;16.9697;16.9093;16.8841;16.8942;16.9043;16.9144;16.9245;16.9345;16.9446;16.9547;16.9346;16.8843;16.8038;16.6931;16.5523;16.4114;16.2705;16.1297;15.9888;15.8479;15.7071;15.5662;15.4172;15.26;15.0946;14.9211;14.7395;14.5578;14.3761;14.1945;14.0128;13.8311;13.6494;13.5422;13.5094;13.551;13.667;13.8574;14.0478;14.2383;14.4287;14.6191;14.8096;15",0.122839,"0;0.53;0.47"
1.44437,0.120971,0.996163,"1;1.32223;1.64446;1.96669;2.28892;2.55131;2.75387;2.89659;2.97947;3.00252;3.02557;3.05487;3.09041;3.13221;3.18026;3.23455;3.28885;3.3184;3.32321;3.30329;3.25861;3.1892;3.11979;3.04348;2.96028;2.87018;2.77318;2.66929;2.56539;2.54883;2.61958;2.77767;3.02308;3.35582;3.68856;4.01711;4.34147;4.66164;4.97763;5.28636;5.59204;5.89466;6.19423;6.49073;6.78724;7.08088;7.37166;7.65958;7.94463;8.22813;8.51296;8.79911;9.08657;9.37535;9.64419;9.89308;10.122;10.331;10.5201;10.7223;10.9378;11.1266;11.2886;11.424;11.5557;11.6839;11.8484;12.0493;12.2866;12.5238;12.7623;13.002;13.243;13.4853;13.7288;13.9723;14.2302;14.5025;14.7891;15.0902;15.4057;15.7211;16.0204;16.3034;16.5702;16.8208;17.0552;17.2895;17.4923;17.6636;17.8033;17.9114;17.988;18.0645;18.192;18.3704;18.5996;18.8797;19.2108;19.5418;19.8697;20.1947;20.5165;20.8354;21.1511;21.4669;21.7714;22.0645;22.3464;22.6169;22.8761;23.1353;23.409;23.6972;23.9999;24.3171;24.6488;24.9805;25.2913;25.5813;25.8503;26.0984;26.3257;26.5529;26.7857;27.0241;27.2681;27.5177;27.7728;28.028;28.2485;28.4343;28.5855;28.702;28.7839;28.8658;28.9762;29.1151;29.2825;29.4784;29.7028;29.9272;30.1517;30.331;30.4652;30.5544;30.5985;30.5975;30.5965;30.5425;30.4357;30.2759;30.0632;29.7976;29.532;29.2843;29.0546;28.8428;28.649;28.4731;28.2748;28.0543;27.8114;27.5462;27.2587;26.9712;26.6828;26.3935;26.1034;25.8124;25.5205;25.2286;25.0318;24.93;24.9233;25.0115;25.1948;25.3005;25.3284;25.2786;25.1512;24.946;24.7408;24.54;24.3435;24.1512;23.9633;23.7763;23.5858;23.3919;23.1946;22.9938;22.7931;22.5857;22.3718;22.1364;21.8795;21.6012;21.308;21","15;15.0853;15.1706;15.256;15.3413;15.476;15.6602;15.8939;16.177;16.5095;16.8421;17.1739;17.5049;17.8353;18.1649;18.4938;18.8227;19.151;19.4787;19.8059;20.1325;20.4585;20.7845;21.1087;21.431;21.7514;22.07;22.3868;22.7035;22.9609;23.1589;23.2975;23.3767;23.3966;23.4165;23.3989;23.3437;23.251;23.1207;22.9892;22.8942;22.8355;22.8132;22.8272;22.8413;22.8744;22.9267;22.998;23.0884;23.1804;23.2551;23.3123;23.3521;23.3745;23.342;23.2545;23.1122;22.9149;22.6627;22.4902;22.3974;22.2882;22.1626;22.0205;21.8961;21.7892;21.796;21.9164;22.1506;22.3848;22.6176;22.8492;23.0794;23.3083;23.536;23.7636;23.9242;24.0177;24.0442;24.0036;23.8959;23.7882;23.7495;23.7797;23.8789;24.047;24.284;24.521;24.7755;25.0475;25.337;25.6439;25.9684;26.2928;26.5445;26.7234;26.8296;26.8631;26.8239;26.7847;26.7319;26.6657;26.5859;26.4927;26.3859;26.2792;26.1519;26.004;25.8355;25.6465;25.4369;25.2274;25.0663;24.9537;24.8896;24.8739;24.9068;24.9397;24.9172;24.8394;24.7062;24.5177;24.2738;24.03;23.792;23.5598;23.3336;23.1132;22.8987;22.6842;22.448;22.19;21.9103;21.6089;21.2858;20.9627;20.6688;20.4042;20.1689;19.9628;19.786;19.6091;19.4323;19.2242;18.9847;18.714;18.412;18.0786;17.7453;17.4559;17.2105;17.009;16.8515;16.738;16.6244;16.5821;16.611;16.711;16.8823;17.1248;17.3206;17.4698;17.5723;17.6281;17.6373;17.6465;17.6216;17.5627;17.4698;17.3428;17.1818;17.0208;16.8458;16.6567;16.4536;16.2365;16.0054;15.7685;15.5259;15.2775;15.0233;14.7634;14.5035;14.3378;14.2663;14.2889;14.4058;14.5324;14.5748;14.5327;14.4064;14.1956;13.9849;13.8819;13.8867;13.9856;14.1787;14.466;14.7398;15",0.400887,"0;0.54;0.46"
1.19284,0.305086,0.230643,"1;1.08427;1.16853;1.2528;1.33706;1.42133;1.45728;1.44492;1.38425;1.30554;1.20879;1.1423;1.10609;1.10808;1.11801;1.13588;1.16168;1.19542;1.22916;1.26289;1.25907;1.21768;1.13872;1.11046;1.13291;1.24361;1.38393;1.55385;1.66512;1.71773;1.71169;1.70565;1.72109;1.75802;1.81644;1.89635;1.99774;2.09914;2.21865;2.35626;2.512;2.68584;2.8778;3.06975;3.26171;3.44441;3.61786;3.78205;3.93698;4.08266;4.26125;4.47274;4.71714;4.98544;5.27765;5.56086;5.79363;5.97595;6.11683;6.21628;6.27429;6.3323;6.3903;6.47514;6.58682;6.72533;6.89067;7.08285;7.27503;7.47591;7.68549;7.90377;8.03029;8.06505;8.0179;7.9557;7.88092;7.89403;7.99503;8.16535;8.33814;8.51093;8.68372;8.87711;9.09111;9.32571;9.58091;9.85672;10.1325;10.4083;10.6822;10.9541;11.224;11.492;11.7581;12.0241;12.2902;12.5373;12.7656;12.9751;13.1656;13.3458;13.5345;13.7318;13.9376;14.1519;14.3662;14.5806;14.764;14.9164;15.038;15.1286;15.1883;15.2479;15.2487;15.1905;15.0735;14.8975;14.6626;14.5216;14.4747;14.5218;14.5595;14.5878;14.5126;14.3341;14.0521;13.7701;13.5341;13.3439;13.1997;13.1013;13.0489;12.9965;12.9963;13.0485;13.1529;13.3097;13.4931;13.6509;13.783;13.8896;14.0117;14.1749;14.3792;14.6247;14.9113;15.1979;15.4212;15.5813;15.6781;15.7582;15.8217;15.9318;16.0886;16.2919;16.4953;16.6987;16.8981;17.0937;17.2854;17.4732;17.6572;17.8503;18.0528;18.2645;18.4855;18.7158;18.9289;19.1248;19.3036;19.4653;19.6098;19.7544;19.8718;19.9622;20.0254;20.0616;20.0707;20.0798;20.1473;20.2734;20.4579;20.701;20.9983;21.2914;21.5804;21.8401;22.0704;22.2757;22.4558;22.6108;22.6707;22.6357;22.5056;22.2805;21.9604;21.6402;21.3201;21","15;14.727;14.454;14.181;13.908;13.635;13.3808;13.1454;12.9287;12.7042;12.4717;12.2124;11.9264;11.621;11.3229;11.0322;10.7489;10.473;10.197;9.92108;9.66151;9.41831;9.19148;9.00587;8.86148;8.74193;8.60329;8.44554;8.24385;7.99822;7.70864;7.41906;7.13163;6.84633;6.56317;6.28215;6.00328;5.7244;5.54363;5.46095;5.47638;5.5899;5.80153;6.01315;6.22478;6.34107;6.36201;6.28763;6.1179;5.85283;5.63646;5.46876;5.34976;5.2471;5.16079;5.04215;4.87234;4.65137;4.41157;4.15293;3.87546;3.59799;3.32053;3.06277;2.82472;2.60638;2.40775;2.22883;2.04991;1.88054;1.72073;1.57048;1.45916;1.38678;1.38775;1.40611;1.49616;1.62855;1.80325;1.9763;2.20367;2.43104;2.65841;2.82539;2.93198;2.97817;2.96397;2.88938;2.81479;2.7402;2.6597;2.57327;2.48093;2.38267;2.27849;2.17431;2.07013;2.03364;2.06483;2.16371;2.33028;2.55547;2.7716;2.97867;3.17667;3.36561;3.55456;3.7435;3.95304;4.18318;4.43392;4.70527;4.99721;5.28915;5.56276;5.81802;6.05495;6.27354;6.47379;6.6149;6.69686;6.71968;6.71782;6.69126;6.69915;6.7415;6.81829;6.89509;7.01279;7.17139;7.37089;7.61129;7.8926;8.1739;8.37158;8.48563;8.51604;8.46284;8.40562;8.42801;8.53003;8.71166;8.90689;9.03611;9.09932;9.09652;9.02771;8.9589;8.97003;9.06112;9.23217;9.45131;9.71856;9.95396;10.1575;10.3292;10.5009;10.6726;10.8516;11.0377;11.2312;11.4318;11.6397;11.8381;12.027;12.2063;12.3761;12.5364;12.6186;12.6226;12.5485;12.3963;12.1659;11.9355;11.8092;11.787;11.8689;12.0549;12.3449;12.6349;12.8776;13.0728;13.2207;13.3211;13.3688;13.4111;13.4479;13.5295;13.6557;13.8321;14.0585;14.3351;14.5601;14.7335;14.8553;14.9255;14.9441;14.9627;14.9814;15",0.146625,"0;0.55;0.45"
0.908782,0.466509,0.19155,"1;1.01596;1.06681;1.15254;1.27316;1.42867;1.61906;1.80946;1.99986;2.19025;2.38065;2.57104;2.76179;2.95288;3.14433;3.33612;3.52826;3.7204;3.91254;4.02446;4.05616;4.00763;3.87889;3.70208;3.55742;3.44493;3.36459;3.31641;3.26823;3.22005;3.17187;3.12368;3.0755;3.07533;3.12315;3.21898;3.36281;3.55465;3.74648;3.93831;4.13015;4.32198;4.4771;4.59549;4.67717;4.72212;4.73035;4.73859;4.74682;4.75505;4.76329;4.80316;4.87467;4.97781;5.1126;5.27902;5.44544;5.61186;5.78556;5.96653;6.15476;6.35028;6.55306;6.75585;6.95863;7.15643;7.34924;7.53707;7.71991;7.8923;8.05923;8.2207;8.3343;8.40003;8.42337;8.4043;8.34282;8.28135;8.21988;8.18436;8.17478;8.19116;8.23348;8.30176;8.37003;8.4383;8.50658;8.57485;8.66987;8.79165;8.94017;9.11544;9.31747;9.51949;9.72151;9.92354;10.1256;10.3291;10.5342;10.7409;10.949;11.1587;11.3684;11.5781;11.784;11.986;12.1841;12.3783;12.5687;12.7591;12.9495;13.1398;13.2686;13.3357;13.3412;13.2851;13.1674;13.1032;13.0928;13.1359;13.2327;13.3831;13.5335;13.684;13.8344;13.9848;14.1352;14.2781;14.4135;14.5415;14.6619;14.7748;14.8877;15.0006;15.1135;15.2265;15.3478;15.4774;15.6155;15.762;15.9168;16.0512;16.165;16.2584;16.3313;16.3563;16.3537;16.3237;16.2662;16.1813;16.0963;16.0113;15.9263;15.8414;15.7912;15.776;15.7752;15.7891;15.8174;15.8255;15.8132;15.8009;15.8041;15.8227;15.8568;15.9062;15.9981;16.117;16.263;16.4359;16.6358;16.8357;17.0357;17.2356;17.4286;17.6147;17.7939;17.9662;18.1317;18.2971;18.4625;18.6279;18.7933;18.9587;19.1253;19.293;19.4619;19.632;19.8032;19.9744;20.1457;20.3169;20.4881;20.6319;20.7482;20.837;20.8984;20.9322;20.9661;21","15;14.7989;14.6257;14.4805;14.3633;14.2741;14.2129;14.1516;14.0904;14.0292;13.9679;13.9067;13.8457;13.7851;13.7247;13.6645;13.6047;13.5448;13.485;13.4368;13.4003;13.3755;13.3623;13.3223;13.2438;13.1267;12.9711;12.777;12.5829;12.3888;12.1947;12.0006;11.8065;11.6425;11.5085;11.4047;11.331;11.2874;11.2438;11.2001;11.1565;11.1129;11.0398;10.9372;10.8051;10.6435;10.4525;10.2614;10.0703;9.87928;9.68822;9.56016;9.49509;9.49302;9.55395;9.67788;9.80181;9.92573;10.0177;10.0777;10.1058;10.1019;10.0661;10.0303;9.99445;9.94389;9.87859;9.79856;9.7038;9.59565;9.48886;9.38341;9.2599;9.11833;8.95735;8.77696;8.57716;8.37735;8.17755;7.97928;7.78254;7.58734;7.39368;7.20154;7.00941;6.81727;6.62514;6.43301;6.26774;6.12935;6.01782;5.93316;5.87538;5.81759;5.7598;5.70201;5.64422;5.5941;5.55164;5.51684;5.48971;5.47025;5.45078;5.43131;5.42469;5.43091;5.44997;5.48188;5.52664;5.57139;5.61614;5.6609;5.72441;5.80668;5.9077;6.02749;6.16603;6.30247;6.43681;6.56905;6.69918;6.82722;6.95526;7.08329;7.21133;7.33937;7.46741;7.60509;7.75242;7.9094;8.07602;8.25229;8.42856;8.60483;8.78109;8.95736;9.07567;9.13601;9.13839;9.0828;8.96925;8.92012;8.93539;9.01508;9.15919;9.36123;9.55682;9.74593;9.92858;10.1048;10.2809;10.4571;10.6333;10.8095;10.9831;11.1541;11.3278;11.5043;11.6836;11.8681;12.0579;12.2478;12.4389;12.6312;12.8247;13.0194;13.1818;13.3107;13.406;13.4678;13.496;13.5242;13.5524;13.5806;13.5807;13.5527;13.4965;13.4122;13.2998;13.1874;13.0749;12.9625;12.8501;12.7376;12.676;12.6652;12.7052;12.7961;12.9377;13.0794;13.221;13.3626;13.5043;13.6661;13.8481;14.0502;14.2725;14.515;14.7575;15",0.239687,"0;0.56;0.44"
1.05019,0.238149,0.722138,"1;1.22209;1.44418;1.66626;1.88835;2.11044;2.33253;2.55462;2.76462;2.96256;3.14841;3.32218;3.48388;3.64557;3.80727;3.96896;4.08558;4.15714;4.18362;4.16503;4.10137;4.09412;4.14328;4.24885;4.41084;4.62923;4.84762;5.03493;5.19115;5.31629;5.41034;5.4733;5.53627;5.592;5.64048;5.68173;5.71575;5.74252;5.76929;5.74157;5.65935;5.52263;5.33142;5.08571;4.83999;4.59428;4.34857;4.15288;4.0072;3.91153;3.86588;3.87024;3.87461;3.87897;3.88334;3.84599;3.76693;3.64615;3.48366;3.36549;3.33336;3.38728;3.52724;3.75323;3.97923;4.20523;4.39276;4.54182;4.65243;4.72456;4.75823;4.7919;4.82557;4.85925;4.92636;5.02693;5.16094;5.32839;5.52929;5.71894;5.89733;6.06446;6.22034;6.36496;6.50958;6.6542;6.79883;6.95877;7.13403;7.32461;7.5305;7.75172;7.97294;8.19416;8.41761;8.64329;8.87121;9.10136;9.33375;9.55401;9.76214;9.95815;10.142;10.3138;10.4856;10.6573;10.8291;11.0049;11.1849;11.3689;11.5571;11.7493;11.9415;12.1337;12.3259;12.5182;12.6423;12.6984;12.6865;12.6065;12.4584;12.3103;12.1623;12.0142;11.9388;11.9362;12.0063;12.1491;12.3647;12.5802;12.7957;13.0102;13.2236;13.4358;13.647;13.8572;14.0673;14.2774;14.4875;14.6572;14.7864;14.8752;14.9235;14.9789;15.0818;15.2322;15.4302;15.6756;15.9211;16.121;16.2752;16.3839;16.4469;16.4644;16.4818;16.4993;16.5001;16.4843;16.4519;16.403;16.3374;16.2718;16.2062;16.1406;16.1046;16.0981;16.1212;16.1738;16.256;16.3395;16.4244;16.5106;16.5981;16.687;16.7759;16.8648;16.9537;17.0661;17.2022;17.3617;17.5449;17.7516;17.9583;18.165;18.3717;18.5784;18.7885;19.002;19.2189;19.4391;19.6628;19.8864;20.1101;20.3337;20.5236;20.6796;20.802;20.8905;20.9452;21","15;14.9923;14.9846;14.9768;14.9691;14.9614;14.9537;14.9459;14.9779;15.0495;15.1608;15.3118;15.5025;15.6932;15.8838;16.0745;16.2685;16.4659;16.6665;16.8705;17.0779;17.2456;17.3737;17.4622;17.5111;17.5203;17.5295;17.5854;17.6879;17.8371;18.0329;18.2754;18.5178;18.7557;18.989;19.2176;19.4417;19.6611;19.8806;20.0596;20.198;20.2961;20.3536;20.3707;20.3877;20.4048;20.4218;20.4826;20.587;20.7352;20.927;21.1625;21.3981;21.6336;21.8691;22.0792;22.2638;22.4229;22.5566;22.6552;22.744;22.8232;22.8927;22.9526;23.0124;23.0723;23.1697;23.3047;23.4772;23.6874;23.9351;24.1828;24.4306;24.6783;24.8937;25.077;25.228;25.3467;25.4332;25.5393;25.665;25.8102;25.9751;26.1595;26.3439;26.5284;26.7128;26.8479;26.9338;26.9704;26.9577;26.8957;26.8337;26.7717;26.73;26.7086;26.7074;26.7264;26.7658;26.7609;26.7118;26.6186;26.4811;26.2995;26.1178;25.9362;25.7545;25.5869;25.4333;25.2937;25.1682;25.0567;24.9452;24.8337;24.7222;24.6107;24.4812;24.3337;24.1682;23.9848;23.7834;23.5819;23.3805;23.1791;23.04;22.9633;22.9489;22.9969;23.1072;23.2175;23.3279;23.3974;23.4262;23.4141;23.3613;23.2677;23.174;23.0804;22.9868;22.863;22.7091;22.525;22.3108;22.1102;21.9533;21.8402;21.7708;21.7452;21.7195;21.655;21.5516;21.4092;21.2279;21.0078;20.7876;20.5674;20.349;20.1325;19.9177;19.7048;19.4937;19.2826;19.0714;18.8603;18.6492;18.438;18.2267;18.0154;17.8041;17.5885;17.3686;17.1445;16.9161;16.6834;16.4507;16.2181;15.9854;15.7829;15.6107;15.4687;15.3569;15.2753;15.1938;15.1122;15.0306;14.949;14.8614;14.7678;14.6681;14.5624;14.4507;14.339;14.2272;14.1155;14.0815;14.1253;14.2468;14.446;14.723;15",0.256911,"0;0.57;0.43"
1.20196,0.169379,1.01595,"1;1.26662;1.53324;1.79986;2.06648;2.3331;2.59615;2.85562;3.11152;3.36384;3.61259;3.86134;4.11008;4.35883;4.50732;4.55555;4.50352;4.35123;4.09869;3.84614;3.5936;3.43124;3.35907;3.3771;3.48531;3.68372;3.88212;4.07335;4.25742;4.43432;4.60405;4.78741;4.99159;5.21658;5.46238;5.64547;5.74506;5.76113;5.69369;5.54273;5.39178;5.24083;5.08988;4.96743;4.87349;4.80806;4.77113;4.76271;4.75429;4.74586;4.72099;4.67968;4.62191;4.5477;4.45703;4.36637;4.27571;4.2124;4.17645;4.16785;4.18661;4.23272;4.27882;4.32493;4.37104;4.42545;4.48815;4.55915;4.63844;4.72603;4.81362;4.90121;5.02013;5.17038;5.35196;5.56486;5.8091;6.05334;6.29758;6.54182;6.7838;7.02353;7.261;7.49621;7.72918;7.96214;8.20525;8.45851;8.72192;8.99548;9.27919;9.56291;9.84662;10.1238;10.3943;10.6583;10.9157;11.1665;11.4173;11.6742;11.9373;12.2064;12.4816;12.7629;13.0442;13.3255;13.6009;13.8706;14.1345;14.3926;14.6448;14.8971;15.1493;15.348;15.4931;15.5847;15.6227;15.6071;15.5915;15.5759;15.5938;15.645;15.7297;15.7965;15.8453;15.8429;15.7891;15.684;15.5789;15.5341;15.5496;15.6255;15.7617;15.9582;16.163;16.3761;16.5975;16.8272;17.0651;17.3031;17.5411;17.7791;17.987;18.1646;18.3121;18.4294;18.5275;18.6365;18.7564;18.8872;19.029;19.1707;19.3125;19.4542;19.5268;19.5304;19.4647;19.33;19.1262;18.9223;18.7161;18.5076;18.2967;18.0834;17.8806;17.6906;17.5134;17.3489;17.1973;17.0947;17.0411;17.0366;17.0811;17.1534;17.2046;17.2347;17.2435;17.2312;17.2754;17.3762;17.5336;17.7476;17.9695;18.1428;18.2675;18.3435;18.3968;18.476;18.5812;18.7122;18.8883;19.0835;19.2979;19.5314;19.7841;20.0368;20.2894;20.5326;20.7948;21","15;15.1027;15.2054;15.3081;15.4108;15.5135;15.5906;15.6422;15.6683;15.6689;15.6439;15.6189;15.5939;15.5689;15.5713;15.6011;15.6583;15.7429;15.8548;15.9668;16.0787;16.2101;16.361;16.5312;16.7209;16.93;17.1391;17.3447;17.5467;17.7452;17.9401;18.071;18.1415;18.1516;18.1012;18.0524;18.0656;18.1408;18.278;18.4773;18.6766;18.8759;19.0752;19.2841;19.5025;19.7306;19.9683;20.2156;20.4629;20.7102;20.9622;21.219;21.4804;21.7467;22.0176;22.2886;22.5595;22.8254;23.0863;23.3421;23.5928;23.8385;24.0843;24.33;24.5757;24.8266;25.0828;25.3443;25.611;25.883;26.1549;26.4269;26.6551;26.8396;26.9804;27.0775;27.1309;27.1843;27.2376;27.291;27.351;27.4178;27.4913;27.5714;27.6583;27.7451;27.8214;27.887;27.942;27.9864;28.0201;28.0539;28.0876;28.1018;28.0965;28.0715;28.027;27.963;27.8989;27.8417;27.7914;27.7478;27.7111;27.6813;27.6514;27.6215;27.6245;27.6602;27.7288;27.8302;27.9643;28.0985;28.2326;28.2853;28.2566;28.1464;27.9547;27.6815;27.4083;27.1352;26.867;26.6039;26.3459;26.0933;25.8462;25.5996;25.3535;25.1078;24.8622;24.6297;24.4103;24.204;24.0109;23.8309;23.7023;23.6249;23.5988;23.6241;23.7006;23.7772;23.8537;23.9303;23.9434;23.8931;23.7795;23.6024;23.3688;23.1422;22.9224;22.7096;22.5036;22.2977;22.0918;21.8858;21.6808;21.4766;21.2733;21.0708;20.8692;20.6677;20.467;20.2672;20.0683;19.8703;19.6719;19.4721;19.271;19.0686;18.8648;18.6493;18.4219;18.1828;17.9318;17.6723;17.4159;17.1627;16.9126;16.6657;16.4592;16.2929;16.1671;16.0815;15.9925;15.8596;15.6828;15.4622;15.2019;14.9457;14.6936;14.4457;14.2773;14.1844;14.1669;14.2248;14.3582;14.4915;14.6249;14.7533;14.8917;15",0.374339,"0;0.58;0.42"
0.991669,0.149069,0.714924,"1;1.17792;1.35583;1.53375;1.71166;1.88958;2.04449;2.1764;2.28529;2.37119;2.43408;2.49697;2.55986;2.62275;2.68563;2.7283;2.75073;2.75294;2.73492;2.69667;2.65842;2.62017;2.58193;2.54368;2.53031;2.54183;2.52867;2.49083;2.42832;2.31626;2.15464;1.99301;1.83139;1.66977;1.50815;1.40278;1.35365;1.36077;1.42415;1.54377;1.66339;1.783;1.90262;2.04177;2.20044;2.37864;2.57637;2.79362;3.01087;3.22812;3.39818;3.52105;3.59674;3.62523;3.60653;3.58784;3.54288;3.47164;3.37414;3.25037;3.10033;2.95029;2.80025;2.65021;2.50017;2.4211;2.413;2.47587;2.60972;2.82151;3.04027;3.266;3.4987;3.73837;3.97805;4.21772;4.42962;4.61376;4.77014;4.89875;4.99959;5.10044;5.20128;5.30213;5.42411;5.56724;5.73152;5.91694;6.1235;6.33006;6.53497;6.73822;6.93983;7.13978;7.33808;7.53638;7.73468;7.93298;8.13129;8.33377;8.54043;8.75128;8.96631;9.18552;9.40473;9.62394;9.75927;9.88938;10.0143;10.134;10.2484;10.4416;10.6347;10.8037;10.9486;11.0693;11.1942;11.3232;11.4805;11.6661;11.8799;12.0938;12.3077;12.5216;12.7163;12.8918;13.0481;13.1852;13.3032;13.4211;13.5391;13.6571;13.7763;13.8967;14.0184;14.1413;14.2655;14.3524;14.402;14.4143;14.3894;14.3812;14.4271;14.527;14.6809;14.8888;15.0968;15.3047;15.5127;15.6476;15.7094;15.6982;15.614;15.4567;15.2994;15.2158;15.206;15.2699;15.4075;15.6189;15.7855;15.9076;16.0133;16.1027;16.1759;16.2774;16.4226;16.583;16.7587;16.9497;17.1559;17.3621;17.5684;17.7746;17.9809;18.1787;18.3682;18.5492;18.7219;18.8861;19.0504;19.2146;19.3789;19.5431;19.69;19.8194;19.9314;20.0259;20.103;20.1802;20.2573;20.3344;20.4116;20.4906;20.5716;20.6546;20.7395;20.8263;20.9132;21","15;15.1193;15.2386;15.3579;15.4772;15.5966;15.7325;15.8851;16.0543;16.2401;16.4426;16.645;16.8475;17.0499;17.2524;17.456;17.6607;17.8666;18.0735;18.2816;18.4897;18.6978;18.9059;19.114;19.324;19.5357;19.7338;19.9182;20.0889;20.2442;20.3839;20.5236;20.6633;20.803;20.9427;21.0911;21.2482;21.414;21.5885;21.7717;21.9549;22.1381;22.3213;22.4678;22.5778;22.6512;22.6879;22.6881;22.6883;22.6884;22.7358;22.8305;22.9724;23.1616;23.3981;23.6345;23.8565;24.0639;24.2569;24.4353;24.5992;24.7631;24.9271;25.091;25.2549;25.4075;25.5489;25.6789;25.7976;25.8847;25.9513;25.9976;26.0236;26.0291;26.0347;26.0403;26.0069;25.9345;25.8231;25.6728;25.4834;25.2941;25.1048;24.9155;24.7501;24.6087;24.4913;24.3978;24.3282;24.2587;24.2231;24.2215;24.2539;24.3202;24.4205;24.5208;24.6211;24.7214;24.8217;24.9185;25.0119;25.1018;25.1882;25.2711;25.3541;25.437;25.5055;25.5337;25.5217;25.4695;25.3772;25.2591;25.1411;25.0033;24.8456;24.6682;24.5046;24.3548;24.2386;24.156;24.107;24.058;24.009;23.96;23.8813;23.773;23.6351;23.4676;23.2704;23.0732;22.8761;22.6789;22.5566;22.5091;22.5365;22.6387;22.8158;22.914;22.9334;22.8741;22.7358;22.5402;22.3659;22.213;22.0814;21.9713;21.8611;21.7509;21.6408;21.5215;21.3932;21.2558;21.1092;20.9536;20.798;20.6485;20.505;20.3675;20.2361;20.1108;19.9692;19.8114;19.6389;19.4517;19.2497;19.0492;18.9065;18.8202;18.7903;18.8167;18.8994;18.9822;19.0649;19.1476;19.2304;19.2667;19.2564;19.1997;19.0965;18.9469;18.7972;18.6475;18.4978;18.3482;18.1867;18.0136;17.8286;17.632;17.4236;17.2152;17.0068;16.7984;16.59;16.3763;16.1574;15.9333;15.7039;15.4693;15.2346;15",0.242004,"0;0.59;0.41"
1.23486,0.412437,0.243944,"1;1.28444;1.56888;1.85333;2.13777;2.42221;2.69079;2.94349;3.18034;3.40131;3.60642;3.77934;3.92008;4.02864;4.10502;4.14922;4.19341;4.23761;4.33369;4.48166;4.68152;4.93327;5.2369;5.51701;5.77361;6.00668;6.15036;6.20466;6.19309;6.11566;6.00253;5.91958;5.8668;5.89108;5.99242;6.1446;6.34761;6.60146;6.85925;7.03989;7.13942;7.15786;7.09519;6.95143;6.80766;6.66389;6.52666;6.39598;6.27183;6.15422;6.04316;5.93209;5.82103;5.78786;5.8326;5.95524;6.15577;6.43421;6.71264;6.99108;7.24296;7.46828;7.66704;7.83924;7.98488;8.13052;8.27616;8.44212;8.62841;8.83503;9.06196;9.30923;9.51876;9.69056;9.82463;9.92096;9.97957;10.0816;10.2269;10.4157;10.6478;10.9233;11.1651;11.3734;11.5479;11.6889;11.7962;11.9195;12.0588;12.214;12.3853;12.5726;12.7599;12.9472;13.1121;13.2548;13.3752;13.4732;13.549;13.6247;13.7005;13.7868;13.8836;13.9909;14.1088;14.2371;14.3655;14.4939;14.6502;14.8346;15.047;15.2874;15.5558;15.8243;16.0927;16.306;16.4643;16.5676;16.6158;16.609;16.6021;16.6366;16.7124;16.8295;16.9878;17.1875;17.302;17.3312;17.2752;17.1339;16.9074;16.7658;16.709;16.737;16.8499;17.0477;17.2454;17.4431;17.5475;17.5586;17.4763;17.3008;17.0319;16.821;16.6681;16.5732;16.5363;16.5574;16.5785;16.5996;16.5575;16.4522;16.2837;16.0521;15.7572;15.4623;15.1807;14.9124;14.746;14.6815;14.719;14.8451;15.0598;15.1846;15.2194;15.2494;15.2744;15.2945;15.3996;15.5971;15.8019;16.014;16.2334;16.4602;16.6973;16.9449;17.2027;17.471;17.7496;17.9529;18.0808;18.1334;18.1106;18.0125;17.9144;17.8163;17.7532;17.7252;17.7731;17.8969;18.0965;18.3369;18.6182;18.8994;19.2013;19.5238;19.867;20.2309;20.6155;21","15;15.0269;15.0539;15.0808;15.1077;15.1347;15.1253;15.0796;14.9976;14.8793;14.7247;14.5446;14.3389;14.1077;13.851;13.5687;13.2864;13.0041;12.7672;12.5756;12.4293;12.3284;12.2727;12.1961;12.0985;11.98;11.8158;11.6061;11.3718;11.1129;10.8197;10.5168;10.2041;9.92561;9.68131;9.48595;9.33951;9.24201;9.14951;9.03014;8.87888;8.69573;8.48071;8.2338;7.98689;7.73998;7.48981;7.23637;6.97966;6.71968;6.45644;6.19319;5.92995;5.70654;5.52296;5.37922;5.27531;5.21124;5.14716;5.08309;4.98267;4.8459;4.67278;4.46332;4.21751;3.97171;3.7259;3.56435;3.48708;3.49406;3.58532;3.76083;3.95375;4.16407;4.3918;4.63692;4.89945;5.12664;5.3185;5.47502;5.59622;5.68207;5.8063;5.96891;6.16989;6.40924;6.68697;6.866;6.94633;6.92795;6.81088;6.5951;6.37933;6.16355;5.93583;5.69617;5.44457;5.18102;4.90553;4.63005;4.35456;4.08312;3.81572;3.55238;3.29308;3.03783;2.78257;2.52732;2.32489;2.17528;2.07849;2.03453;2.04338;2.05223;2.06109;2.12781;2.25239;2.43484;2.67515;2.97333;3.2715;3.55665;3.82876;4.08783;4.33388;4.56689;4.7915;5.0077;5.21549;5.41488;5.60587;5.79636;5.98635;6.17585;6.36485;6.55336;6.74186;6.93037;7.06664;7.15067;7.18246;7.16202;7.08933;7.08683;7.15452;7.29239;7.50044;7.77868;8.05691;8.33515;8.55754;8.72409;8.83479;8.88966;8.88867;8.88769;8.87952;8.86416;8.87656;8.91671;8.98462;9.08746;9.22526;9.35354;9.47231;9.60927;9.76443;9.93778;10.1388;10.349;10.5407;10.7138;10.8684;11.0044;11.1345;11.2589;11.3775;11.4902;11.5972;11.736;11.9066;12.1092;12.3436;12.6098;12.8761;13.1423;13.3977;13.6422;13.8552;14.0366;14.1863;14.3154;14.4237;14.5321;14.6313;14.7214;14.8025;14.8744;14.9372;15",0.224365,"0;0.6;0.4"
1.26733,0.246211,1.16973,"1;1.27193;1.54387;1.8158;2.08774;2.35967;2.61949;2.86721;3.10282;3.32632;3.53772;3.74911;3.9605;4.12559;4.24437;4.31684;4.343;4.32286;4.30271;4.28257;4.2548;4.21942;4.17641;4.12578;4.06753;4.00928;3.95103;3.87953;3.79478;3.69679;3.58555;3.46106;3.33657;3.21208;3.11858;3.05609;3.02458;3.02408;3.05456;3.08505;3.11554;3.19567;3.32544;3.50485;3.7339;4.01259;4.29128;4.56997;4.84099;5.10434;5.36001;5.60801;5.84834;6.08867;6.329;6.52217;6.6682;6.76707;6.81878;6.82335;6.82791;6.83247;6.8553;6.89638;6.95571;7.03331;7.12917;7.22502;7.32087;7.45364;7.62333;7.82993;8.07345;8.35389;8.63432;8.91476;9.1099;9.21976;9.24433;9.18362;9.09522;9.06443;9.09126;9.17569;9.31773;9.45977;9.60181;9.74519;9.88992;10.036;10.1834;10.3322;10.4809;10.6297;10.8055;11.0083;11.2382;11.4951;11.779;12.063;12.328;12.5742;12.8015;13.01;13.1197;13.1495;13.0994;12.9695;12.7597;12.5499;12.3401;12.1308;11.9219;11.7136;11.5057;11.338;11.2099;11.1214;11.0726;11.0634;11.0541;11.0705;11.1125;11.1801;11.2733;11.3995;11.5332;11.6743;11.8229;11.9789;12.1533;12.3459;12.5569;12.7861;13.0337;13.2813;13.5288;13.7258;13.8722;14.0055;14.1256;14.2326;14.377;14.5589;14.7407;14.9226;15.1129;15.3118;15.519;15.7348;15.959;16.1833;16.4075;16.6218;16.8261;17.0205;17.2049;17.3794;17.5538;17.7283;17.8823;18.0158;18.1289;18.2214;18.2935;18.3263;18.3197;18.2739;18.1887;18.0642;17.9398;17.8045;17.6584;17.5016;17.3339;17.1555;16.977;16.8262;16.7029;16.6072;16.5879;16.6449;16.7506;16.9051;17.1084;17.3116;17.5228;17.742;17.9693;18.2045;18.4477;18.6909;18.9341;19.1774;19.4388;19.7183;20.016;20.3319;20.666;21","15;15.0877;15.1753;15.263;15.3506;15.4383;15.5469;15.6764;15.8268;15.9981;16.1903;16.3825;16.5747;16.7855;17.0148;17.2627;17.5291;17.8141;18.0991;18.3841;18.6681;18.951;19.2328;19.5136;19.7933;20.073;20.3527;20.6279;20.8986;21.1648;21.4265;21.6836;21.9408;22.198;22.4605;22.7285;23.0018;23.2805;23.5646;23.8486;24.1327;24.3726;24.5682;24.7196;24.8268;24.8898;24.9527;25.0157;25.097;25.1965;25.3144;25.4506;25.6052;25.7597;25.9142;26.0949;26.3019;26.5351;26.7946;27.0802;27.3659;27.6516;27.934;28.213;28.4888;28.7613;29.0304;29.2996;29.5687;29.7867;29.9535;30.0691;30.1335;30.1467;30.1599;30.1731;30.231;30.3336;30.4808;30.6727;30.814;30.86;30.8107;30.6662;30.4263;30.1865;29.9467;29.706;29.4646;29.2223;28.9792;28.7352;28.4913;28.2474;28.0533;27.9092;27.8149;27.7705;27.776;27.7816;27.7437;27.6626;27.538;27.3701;27.1634;26.9613;26.7637;26.5707;26.3822;26.1937;26.0052;25.8107;25.61;25.4034;25.1906;24.9605;24.7192;24.4666;24.2027;23.9275;23.6524;23.3854;23.1265;22.8757;22.6331;22.3965;22.1579;21.9173;21.6746;21.4298;21.2555;21.1518;21.1187;21.156;21.2639;21.3718;21.4797;21.5028;21.4411;21.4019;21.3851;21.3909;21.504;21.7243;21.9447;22.165;22.3085;22.3751;22.3649;22.2778;22.1139;21.9499;21.786;21.6095;21.4207;21.2193;21.0055;20.7793;20.553;20.3268;20.0952;19.8582;19.6159;19.3683;19.1153;18.8644;18.6158;18.3693;18.1249;17.8828;17.6406;17.4096;17.1899;16.9812;16.7838;16.5976;16.4113;16.2017;15.9688;15.7125;15.4633;15.2211;15.0092;14.8278;14.6768;14.5257;14.4165;14.349;14.3233;14.3393;14.3971;14.455;14.5128;14.5706;14.6326;14.6986;14.7688;14.8431;14.9216;15",0.407575,"0;0.61;0.39"
0.956338,0.16321,0.565285,"1;1.19251;1.38501;1.57752;1.77003;1.96254;2.15504;2.34755;2.50243;2.6197;2.69933;2.74135;2.74575;2.75014;2.75453;2.75893;2.76332;2.76772;2.81354;2.90079;3.02947;3.19958;3.41112;3.62266;3.83419;4.04573;4.25727;4.42842;4.55918;4.64956;4.69955;4.70915;4.71875;4.72835;4.73795;4.74755;4.75715;4.78856;4.84178;4.91682;5.01366;5.13232;5.25097;5.36963;5.48828;5.60694;5.74186;5.89304;6.0605;6.24421;6.4442;6.64418;6.84417;7.04415;7.24414;7.44412;7.643;7.84078;8.03746;8.23303;8.4275;8.62196;8.81643;9.0109;9.20537;9.39668;9.58484;9.76984;9.95169;10.1304;10.3091;10.4878;10.6665;10.8452;11.0239;11.1953;11.3594;11.5162;11.6658;11.8081;11.9504;12.0926;12.2349;12.3772;12.5299;12.6931;12.8668;13.0509;13.2454;13.44;13.6345;13.8291;14.0237;14.2182;14.4139;14.6107;14.8086;15.0076;15.2077;15.4078;15.6079;15.808;16.0122;16.2204;16.4326;16.6489;16.8693;17.0896;17.31;17.5043;17.6726;17.8149;17.9311;18.0213;18.1115;18.2017;18.2517;18.2615;18.2311;18.1606;18.0499;17.9391;17.8284;17.7176;17.6069;17.4966;17.3869;17.275;17.161;17.0449;16.9263;16.8052;16.7534;16.771;16.858;17.0144;17.2401;17.4621;17.6803;17.8651;18.0166;18.1348;18.2234;18.2825;18.3416;18.4093;18.4855;18.5703;18.6637;18.7656;18.8675;18.9694;19.0714;19.1733;19.2752;19.3592;19.4253;19.4734;19.477;19.4848;19.5147;19.5668;19.641;19.7641;19.8871;19.9713;20.0167;20.0232;19.9909;19.9198;19.8486;19.7775;19.7064;19.6353;19.6013;19.6045;19.645;19.7226;19.8374;19.9522;20.067;20.1818;20.2965;20.3833;20.4421;20.4728;20.4756;20.4503;20.425;20.3997;20.3745;20.3492;20.3523;20.3839;20.444;20.5324;20.6493;20.7662;20.8831;21","15;15.111;15.222;15.333;15.444;15.5551;15.6661;15.7771;15.9059;16.0525;16.2169;16.399;16.599;16.7989;16.9989;17.1988;17.3988;17.5987;17.7723;17.9195;18.0403;18.1348;18.2029;18.2709;18.339;18.4071;18.4752;18.5696;18.6903;18.8374;19.0109;19.2106;19.4104;19.6102;19.8099;20.0097;20.2095;20.4069;20.6019;20.7945;20.9848;21.1727;21.3606;21.5485;21.7364;21.9243;22.0741;22.1858;22.2595;22.2951;22.2926;22.2901;22.2876;22.2851;22.2827;22.2802;22.2567;22.2122;22.1467;22.0601;21.9526;21.8451;21.7375;21.63;21.5224;21.4544;21.4258;21.4366;21.487;21.5768;21.6666;21.7565;21.8463;21.9361;22.0259;22.1319;22.2541;22.3924;22.547;22.7177;22.8884;23.0591;23.2298;23.4005;23.5463;23.6673;23.7634;23.8346;23.8809;23.9272;23.9736;24.0199;24.0662;24.1125;24.1552;24.1941;24.2293;24.2608;24.2886;24.3164;24.3442;24.372;24.402;24.4342;24.4686;24.5051;24.5439;24.5826;24.6214;24.6137;24.5596;24.4591;24.3122;24.1188;23.9255;23.7322;23.5398;23.3485;23.1581;22.9688;22.7804;22.592;22.4037;22.2153;22.027;21.8528;21.6927;21.5318;21.3701;21.2075;21.0299;20.8373;20.684;20.5701;20.4956;20.4603;20.4645;20.4652;20.4626;20.4179;20.3311;20.2023;20.0349;19.8288;19.6226;19.4922;19.4373;19.4581;19.5546;19.7267;19.8987;20.0708;20.2429;20.415;20.5871;20.6855;20.7102;20.6612;20.5592;20.3905;20.229;20.0744;19.9269;19.7658;19.6046;19.436;19.26;19.0766;18.8858;18.6875;18.4893;18.291;18.0927;17.8945;17.6978;17.5027;17.3093;17.1174;16.9271;16.7368;16.5466;16.3563;16.166;15.9696;15.7671;15.5586;15.3439;15.1231;14.9023;14.6815;14.4608;14.24;14.1034;14.0511;14.0829;14.199;14.3992;14.5995;14.7997;15",0.167434,"0;0.62;0.38"
1.10777,0.291111,0.718433,"1;1.23805;1.4761;1.71415;1.9522;2.19025;2.4283;2.63987;2.82495;2.98355;3.11566;3.22129;3.32691;3.43254;3.53817;3.64945;3.76639;3.88899;4.01724;4.15115;4.28506;4.41897;4.55288;4.61696;4.6112;4.5356;4.39017;4.17491;3.95964;3.74437;3.52911;3.32324;3.12678;2.93973;2.76208;2.59384;2.42559;2.25735;2.0891;1.98328;1.93989;1.95892;2.04037;2.18425;2.32814;2.47202;2.6159;2.70858;2.75005;2.74032;2.67939;2.56726;2.45513;2.34299;2.23086;2.17854;2.18604;2.25335;2.38047;2.56741;2.75435;2.94129;3.12766;3.31348;3.49872;3.68341;3.86753;4.05391;4.24254;4.43342;4.62656;4.82195;5.01734;5.21272;5.41368;5.62021;5.8323;6.04996;6.27319;6.48029;6.67126;6.8461;7.00481;7.14739;7.28997;7.43255;7.5054;7.55416;7.57883;7.57942;7.55592;7.57806;7.6002;7.62234;7.64449;7.66215;7.67535;7.68408;7.68833;7.68812;7.71337;7.76409;7.84028;7.94194;8.06907;8.22223;8.40142;8.60664;8.83789;9.07744;9.29924;9.50331;9.68965;9.85824;10.0268;10.2069;10.3983;10.6011;10.8154;10.9993;11.1413;11.2416;11.3;11.3166;11.3455;11.3867;11.4402;11.5343;11.6689;11.8317;12.0229;12.2423;12.4618;12.6812;12.8668;13.0187;13.1367;13.2486;13.3545;13.488;13.6492;13.8381;14.0271;14.216;14.4049;14.5938;14.7945;15.0068;15.2309;15.4667;15.7143;15.9618;16.2094;16.4569;16.6781;16.8729;17.0414;17.1836;17.2994;17.4153;17.5311;17.6469;17.7627;17.8875;18.0213;18.1641;18.3158;18.4765;18.6373;18.798;18.9587;19.1317;19.317;19.5145;19.7243;19.9465;20.1686;20.3907;20.6128;20.8349;21.0447;21.2423;21.4275;21.6005;21.7611;21.9218;22.0825;22.2432;22.3436;22.3839;22.3639;22.2837;22.1434;22.003;21.8626;21.7222;21.5818;21.4093;21.3011;21","15;14.9236;14.8473;14.7709;14.6945;14.6182;14.5418;14.526;14.5708;14.6762;14.8422;15.0688;15.2954;15.522;15.7486;15.9721;16.1925;16.4098;16.624;16.8351;17.0462;17.2573;17.4685;17.6628;17.8403;18.001;18.1449;18.272;18.3992;18.5263;18.6534;18.7921;18.9423;19.1041;19.2775;19.4624;19.6473;19.8322;20.0171;20.206;20.3987;20.5953;20.7959;21.0003;21.2048;21.4092;21.6137;21.8219;22.0339;22.2498;22.4694;22.6929;22.9163;23.1398;23.3632;23.5661;23.7485;23.9104;24.0518;24.1726;24.2935;24.4143;24.5468;24.6907;24.8463;25.0134;25.1921;25.3663;25.536;25.7011;25.8618;26.0179;26.174;26.3302;26.4735;26.604;26.7216;26.8264;26.9184;26.9572;26.9427;26.875;26.7541;26.5799;26.4058;26.2316;26.0557;25.8649;25.6592;25.4385;25.203;24.9543;24.7056;24.4569;24.2082;23.9613;23.7162;23.4729;23.2315;22.9919;22.7596;22.5344;22.3166;22.1059;21.9025;21.7305;21.5897;21.4802;21.402;21.3306;21.2348;21.1144;20.9696;20.8003;20.631;20.488;20.3713;20.2809;20.2169;20.2374;20.3162;20.4534;20.6488;20.9025;21.1525;21.3989;21.6417;21.8157;21.9211;21.9614;21.9368;21.8471;21.7575;21.6678;21.5538;21.4156;21.2531;21.1319;21.052;21.0378;21.0891;21.2062;21.3232;21.4402;21.5572;21.6742;21.7608;21.817;21.8428;21.8382;21.8032;21.7682;21.7332;21.6982;21.6323;21.5354;21.4077;21.2489;21.0593;20.8696;20.68;20.4903;20.3007;20.1107;19.9203;19.7295;19.5384;19.3469;19.1554;18.9639;18.7724;18.6206;18.5085;18.4361;18.4033;18.4103;18.4173;18.4242;18.4312;18.4381;18.4054;18.333;18.2208;18.069;17.8775;17.6859;17.4944;17.3029;17.1152;16.9314;16.7514;16.5753;16.403;16.2307;16.0585;15.8862;15.714;15.5023;15.3694;15",0.219692,"0;0.63;0.37"
1.0211,0.355837,0.212516,"1;1.2133;1.42661;1.63991;1.85321;2.06652;2.27982;2.49312;2.70802;2.9245;3.14258;3.36225;3.5835;3.80476;4.02602;4.24728;4.46854;4.65014;4.79209;4.89438;4.95702;4.98;5.00298;5.02596;5.04894;5.07192;5.05641;5.00239;4.90988;4.77887;4.60937;4.43986;4.27036;4.10085;3.93134;3.82021;3.76745;3.77307;3.83705;3.95941;4.08177;4.20413;4.32649;4.44885;4.52793;4.56371;4.55621;4.50543;4.41135;4.31728;4.22321;4.12913;4.03506;3.99977;4.02326;4.10553;4.24658;4.44641;4.64625;4.84608;5.04856;5.25367;5.46143;5.67182;5.88486;6.09869;6.31332;6.52875;6.74498;6.96201;7.17904;7.39606;7.61309;7.83012;8.05206;8.27893;8.51071;8.74741;8.98623;9.22223;9.45542;9.68581;9.91339;10.141;10.3685;10.5984;10.8306;11.0651;11.3019;11.5411;11.7802;12.0193;12.2476;12.4651;12.6718;12.8677;13.0527;13.2473;13.4515;13.6652;13.8884;14.1212;14.354;14.5868;14.8196;15.0333;15.2093;15.3476;15.4482;15.5111;15.5554;15.6114;15.6791;15.7584;15.8494;15.9521;16.0548;16.1698;16.2972;16.437;16.5891;16.7536;16.9181;17.0826;17.2472;17.4117;17.5237;17.5832;17.5902;17.5447;17.4467;17.3487;17.2684;17.2058;17.161;17.1338;17.1244;17.115;17.0919;17.0553;17.005;16.9412;16.8637;16.7863;16.7088;16.6314;16.6135;16.6552;16.7564;16.9173;17.1077;17.2681;17.3984;17.4987;17.5689;17.6391;17.7094;17.7284;17.6963;17.6131;17.4786;17.293;17.189;17.1665;17.2256;17.3662;17.5884;17.8106;18.0329;18.2551;18.4773;18.6881;18.8874;19.0753;19.2518;19.4169;19.5819;19.7386;19.8867;20.0264;20.1577;20.2805;20.4032;20.5352;20.6763;20.8267;20.9861;21.1548;21.3234;21.4921;21.6689;21.8538;21.9634;21.9977;21.9566;21.8321;21.624;21.416;21.208;21","15;14.9377;14.8753;14.813;14.7507;14.6884;14.626;14.5637;14.518;14.4889;14.4763;14.4804;14.5011;14.5218;14.5425;14.5631;14.5838;14.5561;14.4801;14.3558;14.1831;13.9621;13.741;13.52;13.299;13.0779;12.8724;12.6823;12.5076;12.3485;12.2048;12.0611;11.9174;11.7737;11.63;11.4779;11.3175;11.1487;10.9716;10.7861;10.6006;10.4151;10.2296;10.0441;9.85539;9.66355;9.46856;9.27039;9.06907;8.86774;8.66641;8.46508;8.26375;8.08935;7.94186;7.82129;7.72764;7.66091;7.59418;7.52745;7.49342;7.49208;7.52344;7.5875;7.68426;7.76692;7.83549;7.88996;7.93035;7.95664;7.98292;8.00921;8.0355;8.06179;8.07391;8.07184;8.0556;8.02519;7.97829;7.92908;7.87757;7.82375;7.76762;7.7115;7.65538;7.61808;7.59962;7.6;7.6192;7.65724;7.69527;7.73331;7.73303;7.69444;7.61754;7.50232;7.34879;7.22827;7.14076;7.08625;7.06476;7.07627;7.08779;7.0993;7.11082;7.10945;7.05736;6.95455;6.80102;6.59676;6.35466;6.12256;5.90048;5.6884;5.48632;5.29426;5.10219;4.97842;4.92293;4.93575;5.01685;5.16625;5.31564;5.46504;5.61443;5.76383;5.92001;6.08297;6.25271;6.42923;6.61254;6.79584;6.98427;7.17783;7.37652;7.58033;7.78926;7.9982;8.21089;8.42734;8.64754;8.8715;9.09922;9.32693;9.55465;9.78236;9.97925;10.1453;10.2805;10.3849;10.484;10.6087;10.7589;10.9346;11.1359;11.3372;11.5384;11.7212;11.8854;12.031;12.1581;12.2667;12.3533;12.4178;12.4602;12.4807;12.4791;12.4775;12.4759;12.4743;12.4728;12.439;12.3732;12.2752;12.1451;11.9829;11.8207;11.7279;11.7045;11.7505;11.8659;12.0507;12.2356;12.4107;12.5761;12.7319;12.878;13.0144;13.1508;13.2871;13.4349;13.5941;13.7611;13.9359;14.1186;14.2977;14.4733;14.6488;14.8244;15",0.203098,"0;0.64;0.36"
0.738574,0.160787,0.424623,"1;1.04965;1.09929;1.14894;1.19859;1.24823;1.29788;1.34752;1.39717;1.44682;1.49646;1.54611;1.61645;1.70748;1.81921;1.95163;2.10475;2.25787;2.41098;2.5641;2.71721;2.87033;3.02344;3.17656;3.32967;3.46077;3.56985;3.6569;3.72194;3.76496;3.80797;3.85099;3.89401;3.93702;3.98004;4.02306;4.06607;4.10909;4.16957;4.24752;4.34294;4.45582;4.58616;4.71651;4.84686;4.9772;5.10755;5.2379;5.36825;5.49859;5.62894;5.74534;5.84779;5.9363;6.01086;6.07147;6.13208;6.1927;6.25331;6.31392;6.37454;6.43515;6.49576;6.55637;6.63437;6.72975;6.84251;6.97265;7.12017;7.2677;7.41522;7.56274;7.71027;7.85779;8.00532;8.15284;8.30037;8.44895;8.59859;8.74928;8.90103;9.05384;9.20665;9.35946;9.51227;9.66508;9.81789;9.9707;10.1235;10.2763;10.4148;10.5388;10.6485;10.7438;10.8247;10.9056;10.9865;11.0674;11.1483;11.2292;11.3101;11.391;11.4719;11.5651;11.6706;11.7883;11.9184;12.0607;12.203;12.3454;12.4877;12.63;12.7724;12.9147;13.057;13.1993;13.3396;13.4777;13.6138;13.7478;13.8797;14.0116;14.1435;14.2753;14.4072;14.5391;14.671;14.8029;14.9348;15.068;15.2025;15.3383;15.4755;15.6139;15.7524;15.8908;16.0293;16.1677;16.3062;16.4446;16.5831;16.7216;16.857;16.9893;17.1186;17.2448;17.368;17.4912;17.6144;17.7376;17.8608;17.984;18.1072;18.2304;18.3536;18.4604;18.551;18.6252;18.6831;18.7247;18.7663;18.8079;18.8495;18.8911;18.9327;18.9743;19.0159;19.0576;19.1128;19.1817;19.2643;19.3605;19.4704;19.5803;19.6902;19.8001;19.91;20.0199;20.1298;20.2397;20.3496;20.4414;20.5152;20.5709;20.6085;20.628;20.6475;20.6671;20.6866;20.7062;20.7257;20.7452;20.7648;20.7883;20.8157;20.847;20.8823;20.9215;20.9608;21","15;15.1456;15.2912;15.4368;15.5825;15.7281;15.8737;16.0193;16.1649;16.3105;16.4562;16.6018;16.7153;16.7966;16.8459;16.8631;16.8481;16.8331;16.8181;16.8031;16.7882;16.7732;16.7582;16.7432;16.7283;16.7458;16.7959;16.8786;16.9937;17.1414;17.2892;17.4369;17.5846;17.7323;17.88;18.0277;18.1754;18.3231;18.4576;18.579;18.6871;18.782;18.8637;18.9454;19.0272;19.1089;19.1906;19.2723;19.354;19.4358;19.5175;19.6111;19.7167;19.8343;19.9637;20.1051;20.2465;20.3879;20.5293;20.6707;20.8121;20.9535;21.0949;21.2364;21.3582;21.4605;21.5433;21.6065;21.6501;21.6938;21.7374;21.7811;21.8247;21.8684;21.912;21.9557;21.9993;22.0307;22.0497;22.0565;22.0509;22.0331;22.0153;21.9975;21.9797;21.9618;21.944;21.9262;21.9084;21.8905;21.9024;21.9441;22.0155;22.1166;22.2474;22.3783;22.5092;22.64;22.7709;22.9017;23.0326;23.1634;23.2943;23.4106;23.5125;23.5999;23.6728;23.7312;23.7896;23.848;23.9064;23.9648;24.0232;24.0816;24.14;24.1984;24.2293;24.2327;24.2085;24.1568;24.0776;23.9984;23.9192;23.84;23.7608;23.6816;23.6024;23.5232;23.444;23.3672;23.2929;23.2209;23.1514;23.0843;23.0173;22.9502;22.8831;22.816;22.7489;22.6819;22.6148;22.5477;22.4756;22.3985;22.3164;22.2292;22.1371;22.0449;21.9528;21.8606;21.7685;21.6763;21.5842;21.492;21.3998;21.2965;21.182;21.0562;20.9193;20.7712;20.6231;20.475;20.3268;20.1787;20.0306;19.8825;19.7344;19.5863;19.4462;19.3143;19.1905;19.0747;18.967;18.8594;18.7517;18.644;18.5364;18.4287;18.321;18.2134;18.1057;17.9865;17.8557;17.7133;17.5594;17.3938;17.2283;17.0628;16.8973;16.7318;16.5662;16.4007;16.2352;16.0666;15.895;15.7203;15.5425;15.3617;15.1808;15",0.104983,"0;0.65;0.35"
0.933134,0.202998,0.579267,"1;0.854156;0.708313;0.624016;0.601266;0.640063;0.740406;0.902297;1.06419;1.19667;1.29976;1.37343;1.4177;1.43257;1.44744;1.46231;1.47717;1.49204;1.50421;1.51369;1.52047;1.52455;1.52594;1.52733;1.52872;1.5301;1.53149;1.57144;1.64996;1.76703;1.92267;2.11688;2.31108;2.50528;2.69948;2.89369;3.08495;3.27328;3.45867;3.64113;3.82065;3.93746;3.99158;3.983;3.91171;3.77773;3.64374;3.50976;3.37578;3.24179;3.1302;3.041;2.97419;2.92977;2.90774;2.88572;2.86369;2.84166;2.81964;2.79761;2.81948;2.88525;2.99492;3.14849;3.34595;3.54342;3.74089;3.93835;4.13582;4.32847;4.5163;4.6993;4.87749;5.05086;5.22423;5.3976;5.57097;5.74434;5.91209;6.07422;6.23073;6.38162;6.52689;6.67216;6.82394;6.98223;7.14704;7.31835;7.49618;7.67401;7.82725;7.95589;8.05994;8.13939;8.22365;8.33732;8.48039;8.65286;8.85474;9.05662;9.2585;9.46038;9.65593;9.84514;10.028;10.2046;10.3748;10.545;10.7137;10.8811;11.0469;11.2113;11.3743;11.5373;11.7002;11.8632;12.0262;12.1891;12.3259;12.4363;12.5206;12.5785;12.6103;12.642;12.6737;12.7375;12.8333;12.961;13.1208;13.3126;13.4775;13.6154;13.7264;13.8104;13.8674;13.9245;13.9815;14.0581;14.1542;14.2698;14.3712;14.4584;14.512;14.5319;14.518;14.5042;14.4904;14.4625;14.4206;14.4034;14.4109;14.4432;14.5143;14.6445;14.795;14.9659;15.1572;15.3688;15.5804;15.7921;16.0037;16.2153;16.4235;16.6281;16.8293;17.0269;17.2211;17.4152;17.6094;17.8035;17.9977;18.1584;18.2856;18.3794;18.4397;18.4666;18.4935;18.5204;18.5473;18.5864;18.6376;18.701;18.7767;18.8645;18.9523;19.0576;19.1803;19.3206;19.4783;19.6536;19.8288;20.0041;20.1793;20.3545;20.5095;20.6441;20.7585;20.8525;20.9263;21","15;15.1519;15.3038;15.3947;15.4244;15.3931;15.3007;15.1472;14.9938;14.9109;14.8988;14.9572;15.0864;15.2861;15.4859;15.6857;15.8855;16.0853;16.2869;16.4904;16.6958;16.903;17.112;17.3211;17.5302;17.7393;17.9483;18.1361;18.3025;18.4477;18.5715;18.6739;18.7764;18.8789;18.9814;19.0839;19.1946;19.3136;19.4409;19.5763;19.7201;19.8705;20.0276;20.1915;20.3621;20.5394;20.7167;20.8939;21.0712;21.2485;21.4301;21.616;21.8062;22.0007;22.1994;22.3982;22.597;22.7958;22.9946;23.1934;23.3351;23.4197;23.4473;23.4178;23.3313;23.2447;23.1581;23.0716;22.985;22.9417;22.9414;22.9844;23.0706;23.1999;23.3292;23.4585;23.5878;23.7171;23.8532;23.996;24.1455;24.3018;24.4649;24.6279;24.7329;24.7798;24.7686;24.6993;24.572;24.4446;24.38;24.3782;24.439;24.5626;24.7022;24.795;24.841;24.8403;24.7929;24.7454;24.6979;24.6505;24.5854;24.5027;24.4024;24.2844;24.1488;24.0133;23.9278;23.8925;23.9072;23.9721;24.087;24.202;24.3169;24.4319;24.5469;24.6618;24.7106;24.6932;24.6097;24.46;24.2441;24.0282;23.8124;23.6353;23.4972;23.3979;23.3374;23.3158;23.2607;23.1721;23.0501;22.8945;22.7055;22.5165;22.3275;22.1941;22.1162;22.0939;22.0679;22.0381;21.949;21.8006;21.5929;21.3851;21.1774;20.9788;20.7892;20.6088;20.4374;20.275;20.1127;19.9693;19.8448;19.7391;19.6524;19.5847;19.5169;19.4491;19.3813;19.3135;19.2376;19.1537;19.0618;18.9617;18.8536;18.7455;18.6374;18.5293;18.4212;18.2916;18.1405;17.9679;17.7738;17.5582;17.3426;17.127;16.9114;16.6988;16.4891;16.2823;16.0785;15.8776;15.6767;15.4886;15.3134;15.1511;15.0016;14.8649;14.7283;14.5916;14.455;14.3183;14.2567;14.2702;14.3588;14.5225;14.7612;15",0.154563,"0;0.66;0.34"
0.930364,0.37192,0.184746,"1;0.994406;0.988813;0.983219;0.977626;0.972032;0.966438;0.960845;0.955251;0.948269;0.9399;0.930141;0.918995;0.906461;0.893927;0.881392;0.868858;0.856324;0.843789;0.853055;0.884121;0.936986;1.01165;1.10812;1.20458;1.30105;1.39751;1.49398;1.59044;1.70026;1.82344;1.95996;2.10984;2.27308;2.43631;2.59955;2.76278;2.92602;3.08925;3.24813;3.40266;3.55282;3.69864;3.8401;3.98156;4.13622;4.30409;4.48517;4.67946;4.88695;5.09445;5.30194;5.50943;5.71692;5.90294;6.06748;6.21054;6.33212;6.41053;6.46723;6.50225;6.51556;6.50718;6.4988;6.477;6.44179;6.39317;6.33113;6.25568;6.18023;6.13197;6.1109;6.11702;6.15033;6.21083;6.27133;6.33183;6.39234;6.45284;6.53273;6.632;6.75066;6.88871;7.04614;7.21117;7.38379;7.564;7.7518;7.9472;8.14259;8.33798;8.53338;8.6966;8.82764;8.92651;8.99321;9.02773;9.06225;9.09677;9.13129;9.19825;9.29765;9.42949;9.59378;9.7905;9.98722;10.1839;10.3807;10.5313;10.6359;10.6944;10.7068;10.6731;10.6395;10.6058;10.6077;10.6453;10.7184;10.8271;10.9743;11.1244;11.2774;11.4332;11.592;11.7418;11.8826;12.0143;12.137;12.2507;12.3708;12.4972;12.6301;12.7693;12.9149;13.0701;13.2349;13.4093;13.5933;13.7869;13.9804;14.1709;14.3583;14.5426;14.7238;14.9019;15.08;15.2581;15.4427;15.6336;15.831;16.0349;16.2452;16.4554;16.6657;16.876;17.0862;17.2815;17.4618;17.627;17.7773;17.9125;18.0477;18.183;18.3182;18.4409;18.5512;18.6489;18.7341;18.8069;18.8796;18.9523;18.9835;18.9732;18.9213;18.8383;18.7241;18.6204;18.5271;18.4442;18.3612;18.3393;18.3784;18.4785;18.6397;18.8618;19.0839;19.306;19.5281;19.7502;19.947;20.1183;20.2643;20.385;20.4802;20.5755;20.6707;20.766;20.8509;20.9565;21","15;14.8001;14.6002;14.4002;14.2003;14.0004;13.8005;13.6005;13.4006;13.2008;13.001;12.8012;12.6016;12.402;12.2024;12.0027;11.8031;11.6035;11.4039;11.2092;11.0194;10.8344;10.6543;10.4791;10.3039;10.1287;9.95352;9.77833;9.60313;9.43986;9.28851;9.1491;9.02161;8.90605;8.79049;8.67492;8.55936;8.4438;8.32824;8.27019;8.26964;8.32661;8.44109;8.61307;8.78506;8.92551;9.03443;9.11182;9.15767;9.17198;9.1863;9.20062;9.21493;9.22925;9.20041;9.12841;9.01325;8.85492;8.65307;8.45083;8.24822;8.04523;7.84186;7.63849;7.4345;7.22988;7.02465;6.81879;6.61231;6.40582;6.20189;6.00051;5.80168;5.60539;5.41166;5.21793;5.02419;4.83046;4.63673;4.50479;4.43465;4.42632;4.47978;4.59503;4.67142;4.70895;4.7076;4.66739;4.5883;4.50922;4.43014;4.35105;4.33023;4.36766;4.46335;4.6173;4.82951;5.04172;5.25393;5.46613;5.63527;5.76132;5.84431;5.88421;5.88104;5.87787;5.8747;5.87153;5.91219;5.99667;6.12498;6.29712;6.51308;6.72905;6.94501;7.14731;7.33594;7.5109;7.67219;7.81608;7.95625;8.09268;8.22538;8.35435;8.42763;8.44522;8.40712;8.31333;8.16385;8.06805;8.02594;8.03751;8.10278;8.22173;8.326;8.41558;8.49049;8.55071;8.59626;8.6418;8.69842;8.76612;8.84488;8.93472;9.03564;9.13656;9.23747;9.32357;9.39484;9.4513;9.49293;9.51974;9.54655;9.57336;9.60017;9.62698;9.67775;9.75246;9.85113;9.97374;10.1203;10.2669;10.4134;10.56;10.7159;10.8812;11.0558;11.2397;11.433;11.6262;11.8195;11.9483;12.0127;12.0126;12.0168;12.0253;12.1025;12.2484;12.4631;12.6777;12.8481;12.9742;13.0559;13.0933;13.0865;13.0796;13.0727;13.0658;13.059;13.0997;13.188;13.324;13.5075;13.7387;13.9698;14.2009;14.4321;14.6381;14.8944;15",0.223394,"0;0.67;0.33"
1.43133,0.158513,1.42698,"1;1.3226;1.6452;1.9678;2.2904;2.61417;2.93911;3.26521;3.59248;3.92091;4.24935;4.50011;4.6732;4.76861;4.78635;4.72641;4.66648;4.5881;4.49129;4.37603;4.24234;4.0902;3.93807;3.84991;3.82572;3.8655;3.96925;4.13698;4.3047;4.50076;4.72516;4.8852;4.9809;5.01225;4.95092;4.79691;4.64289;4.55586;4.53579;4.58269;4.70954;4.91632;5.13607;5.36878;5.61446;5.86014;6.11029;6.36491;6.54942;6.66383;6.70813;6.67786;6.57302;6.46818;6.36001;6.24849;6.13364;6.01545;5.89393;5.7724;5.70283;5.68522;5.71956;5.80586;5.94412;5.99905;5.97066;5.85895;5.66391;5.50572;5.46769;5.54984;5.71839;5.97335;6.19454;6.38198;6.55326;6.74216;6.94868;7.17282;7.4225;7.6801;7.94564;8.2191;8.50412;8.79278;9.08508;9.381;9.68056;9.98013;10.2155;10.3866;10.4935;10.5362;10.5;10.4493;10.3841;10.3042;10.1821;10.0323;9.85495;9.64991;9.41722;9.28202;9.24431;9.30409;9.3778;9.46546;9.46995;9.39128;9.22945;9.06801;8.90697;8.83602;8.85515;8.96436;9.16365;9.45303;9.7295;9.99308;10.2438;10.4815;10.7064;10.9313;11.1702;11.423;11.6898;11.9706;12.2654;12.5602;12.8567;13.1549;13.4548;13.7564;14.0598;14.3631;14.6682;14.975;15.2837;15.5941;15.9063;16.2185;16.5235;16.8213;17.1119;17.3953;17.6715;17.9062;18.0992;18.2508;18.3608;18.4292;18.4754;18.4993;18.5011;18.5068;18.5166;18.5525;18.6068;18.6793;18.7439;18.8006;18.8492;18.8979;18.8929;18.8342;18.7217;18.5555;18.4455;18.4454;18.5551;18.7747;19.1042;19.4337;19.7727;20.121;20.4404;20.7309;20.9923;21.2154;21.4;21.5153;21.5613;21.538;21.4454;21.2834;21.1215;20.9766;20.8486;20.7377;20.6438;20.5669;20.5112;20.4767;20.4841;20.5332;20.6242;20.7357;20.8679;21","15;14.9161;14.8322;14.7483;14.6644;14.5859;14.5128;14.445;14.3827;14.3258;14.2689;14.2889;14.3859;14.5599;14.8108;15.1387;15.4666;15.7882;16.1036;16.4127;16.7156;17.0122;17.3088;17.6036;17.8968;18.1883;18.4781;18.7661;19.0542;19.3344;19.6069;19.877;20.1446;20.4098;20.6804;20.9564;21.2324;21.5156;21.8058;22.1033;22.3871;22.6575;22.9071;23.1361;23.3444;23.5527;23.7675;23.9887;24.2316;24.496;24.7821;25.0834;25.3998;25.7162;26.0314;26.3455;26.6583;26.9699;27.2802;27.5906;27.8993;28.2062;28.5113;28.8147;29.1164;29.3906;29.6373;29.8565;30.0483;30.1445;30.1727;30.1329;30.1275;30.1564;30.2878;30.5216;30.7352;30.8263;30.7948;30.6408;30.45;30.3452;30.3262;30.3932;30.4972;30.5524;30.5588;30.5164;30.4251;30.3339;30.1996;30.0222;29.8017;29.5382;29.2251;28.9054;28.5793;28.2466;27.9178;27.5994;27.2914;26.9938;26.7066;26.4267;26.154;25.8886;25.6057;25.3051;24.9951;24.6756;24.3466;24.033;23.7346;23.4496;23.1779;22.9195;22.6745;22.4428;22.3067;22.2661;22.321;22.4716;22.7176;22.9637;23.1916;23.4015;23.5932;23.7669;23.9225;24.0781;24.2302;24.3789;24.524;24.6658;24.804;24.9423;25.0762;25.2059;25.3313;25.4524;25.5692;25.686;25.7499;25.7607;25.7185;25.6232;25.475;25.2927;25.0765;24.8261;24.5417;24.2233;24.0404;23.993;24.081;24.1674;24.2521;24.1995;24.0123;23.6905;23.3713;23.0546;22.7405;22.4263;22.1304;21.8526;21.593;21.3516;21.1742;21.0427;20.957;20.9172;20.9232;20.9292;20.9648;21.0299;21.0308;20.9672;20.8394;20.6176;20.302;19.9934;19.692;19.3976;19.1104;18.8304;18.5503;18.2546;17.9434;17.6167;17.2744;16.9165;16.6911;16.5981;16.4862;16.3554;16.2057;15.9047;15.4523;15",0.416739,"0;0.68;0.32"
1.03004,0.324076,0.213139,"1;1.10013;1.20025;1.30038;1.40051;1.50063;1.60076;1.70089;1.81409;1.94036;2.07971;2.23213;2.39762;2.56311;2.7286;2.8941;3.05959;3.22441;3.38855;3.55202;3.71482;3.87694;4.03906;4.20119;4.36331;4.52543;4.67045;4.79836;4.90917;5.00288;5.07948;5.15608;5.23269;5.30929;5.38589;5.41091;5.38434;5.30619;5.17646;4.99514;4.81382;4.6759;4.5814;4.5303;4.52261;4.55833;4.60687;4.66825;4.74245;4.82947;4.92933;5.02918;5.12904;5.2289;5.35376;5.50363;5.6785;5.87838;6.10327;6.32816;6.54761;6.76065;6.96727;7.16747;7.36126;7.55405;7.73167;7.8941;8.04136;8.17343;8.28164;8.38116;8.472;8.55416;8.62763;8.7011;8.77457;8.84804;8.92151;9.01796;9.13738;9.27978;9.44516;9.63352;9.82187;10.0102;10.1986;10.3869;10.5796;10.7767;10.9781;11.1838;11.3939;11.604;11.8141;12.0242;12.2343;12.4498;12.6708;12.8972;13.129;13.3662;13.6035;13.8408;14.078;14.2509;14.3593;14.4034;14.383;14.2982;14.2135;14.1287;14.0873;14.0891;14.1344;14.2229;14.3548;14.501;14.6614;14.8361;15.0317;15.2481;15.471;15.7006;15.9367;16.1728;16.4001;16.6187;16.8284;17.0293;17.2215;17.4136;17.6057;17.7979;17.99;18.0793;18.1736;18.2729;18.3772;18.4864;18.7033;18.9203;19.1373;19.3542;19.5712;19.785;19.9955;20.2029;20.4071;20.6081;20.8091;21.01;21.211;21.3946;21.5608;21.7095;21.8408;21.9548;22.0687;22.1826;22.236;22.229;22.1614;22.0334;21.8449;21.6563;21.4678;21.2793;21.0883;20.8949;20.699;20.5081;20.3223;20.144;19.9731;19.8149;19.6619;19.5141;19.3714;19.234;19.0965;18.959;18.8216;18.6666;18.4941;18.3892;18.3519;18.3822;18.4976;18.6981;18.8986;19.0992;19.2997;19.5002;19.7155;19.9457;20.1907;20.4506;20.7253;21","15;14.8016;14.6032;14.4048;14.2065;14.0081;13.8097;13.6113;13.4822;13.4225;13.4322;13.5111;13.6594;13.8077;13.9561;14.1044;14.2527;14.3409;14.3691;14.3372;14.2453;14.0933;13.9413;13.7894;13.6374;13.4854;13.3221;13.1475;12.9615;12.7642;12.5556;12.347;12.1384;11.9298;11.7212;11.5888;11.5326;11.5526;11.6487;11.8211;11.9934;12.0865;12.1002;12.0346;11.8898;11.6656;11.441;11.216;10.9905;10.7647;10.5385;10.3123;10.0861;9.85987;9.697;9.59747;9.56129;9.58844;9.67894;9.76944;9.83426;9.85437;9.82977;9.76048;9.64648;9.51346;9.37047;9.2175;9.05456;8.88164;8.69338;8.49975;8.30076;8.0964;7.88668;7.67695;7.46723;7.2575;7.04777;6.85641;6.68341;6.52877;6.39249;6.27457;6.15665;6.03873;5.92081;5.80289;5.69407;5.59435;5.50373;5.4222;5.34978;5.27736;5.20493;5.13251;5.06009;4.98908;4.91949;4.85133;4.78458;4.71925;4.65392;4.58859;4.52326;4.51307;4.55802;4.65812;4.81336;5.02374;5.23412;5.4445;5.65418;5.86316;6.07145;6.27903;6.48592;6.68251;6.8688;7.0448;7.18437;7.28751;7.36453;7.41541;7.44015;7.4649;7.50626;7.56423;7.63881;7.73;7.8378;7.94561;8.05341;8.16121;8.26901;8.37533;8.45048;8.49445;8.50726;8.48889;8.44084;8.39279;8.34474;8.29669;8.24864;8.22956;8.23943;8.27827;8.34608;8.44284;8.53961;8.63638;8.73314;8.85382;8.9984;9.16689;9.35929;9.5756;9.79191;10.0082;10.2053;10.3832;10.5418;10.6812;10.8014;10.9216;11.0419;11.1621;11.2333;11.2557;11.2292;11.2177;11.2213;11.2888;11.4203;11.6171;11.8151;12.0145;12.2152;12.4171;12.6191;12.8211;13.023;13.2033;13.362;13.4994;13.6156;13.7105;13.8059;13.9017;13.9975;14.0933;14.1891;14.2849;14.3877;14.4975;14.6144;14.7382;14.8691;15",0.19705,"0;0.69;0.31"
1.4898,0.170621,1.24271,"1;1.32266;1.64533;1.96799;2.29065;2.61545;2.94238;3.27144;3.60263;3.93596;4.26929;4.54635;4.76714;4.88881;4.91135;4.83477;4.71533;4.55303;4.47608;4.48446;4.57819;4.75726;5.02166;5.2313;5.38618;5.4863;5.53165;5.59369;5.72718;5.93213;6.12495;6.30565;6.40277;6.41631;6.34628;6.27624;6.26294;6.30638;6.40656;6.56347;6.77712;6.99078;7.13195;7.20064;7.19684;7.12057;6.97181;6.82305;6.68192;6.54842;6.42255;6.3043;6.19369;6.08307;6.01535;5.99052;6.00858;6.06954;6.17339;6.27724;6.42635;6.62072;6.86035;7.14523;7.47537;7.80551;8.13528;8.46466;8.79366;9.12229;9.45053;9.77877;10.0374;10.2263;10.3456;10.3952;10.3751;10.3551;10.3929;10.4884;10.6417;10.8528;11.1217;11.3905;11.5946;11.734;11.8085;11.8183;11.7633;11.7083;11.7111;11.7717;11.8901;12.0663;12.3003;12.5342;12.7562;12.966;13.1639;13.3496;13.5233;13.7093;13.9076;14.1181;14.3409;14.576;14.8035;15.0234;15.2357;15.4404;15.6375;15.8163;15.9768;16.119;16.2429;16.3953;16.5944;16.8403;17.1153;17.4193;17.7057;17.9743;18.2252;18.4762;18.7274;18.9788;19.2304;19.4822;19.7339;19.9538;20.1418;20.2981;20.4322;20.5443;20.6661;20.7976;20.939;21.0803;21.2306;21.3899;21.5582;21.7354;21.9216;22.1078;22.3235;22.5685;22.843;23.1469;23.4803;23.8136;24.1467;24.4795;24.8121;25.1444;25.4765;25.8086;26.1155;26.3972;26.6538;26.8852;27.0914;27.2977;27.4979;27.692;27.8801;28.0622;28.2383;28.4143;28.4952;28.481;28.3716;28.167;27.8673;27.5913;27.339;27.1104;26.9054;26.7241;26.5429;26.3174;26.0477;25.7764;25.5033;25.2286;24.9964;24.8066;24.5773;24.3356;24.0818;23.8157;23.5374;23.2865;23.0355;22.7595;22.4584;22.1323;21.781;21.4742;21.0282;21","15;14.9163;14.8327;14.749;14.6654;14.5989;14.5495;14.5173;14.5023;14.5045;14.5067;14.5772;14.716;14.9103;15.1601;15.4653;15.7577;16.0372;16.3107;16.5782;16.8397;17.0952;17.3446;17.6069;17.8821;18.1702;18.4711;18.7515;18.9983;19.2117;19.4275;19.6458;19.8999;20.1899;20.5158;20.8417;21.1535;21.4514;21.7353;22.0052;22.261;22.5169;22.7812;23.0541;23.3354;23.6252;23.9235;24.2218;24.5233;24.8281;25.1361;25.4473;25.7617;26.0762;26.3911;26.7064;27.0223;27.3385;27.6553;27.972;28.2346;28.4431;28.5974;28.6975;28.7436;28.7896;28.838;28.8888;28.9421;28.9977;29.0557;29.1137;29.0936;28.9953;28.8189;28.5643;28.2316;27.8989;27.5933;27.3148;27.0635;26.8394;26.6423;26.4453;26.2219;25.9722;25.6962;25.3937;25.065;24.7362;24.4287;24.1424;23.8773;23.6335;23.411;23.1884;23.0592;23.0235;23.0812;23.2324;23.4769;23.7164;23.9507;24.1798;24.4039;24.6227;24.7512;24.7892;24.7367;24.5939;24.3605;24.1083;23.8372;23.5472;23.2383;22.971;22.7642;22.6178;22.5712;22.6241;22.7162;22.8475;23.0179;23.1151;23.1393;23.0904;22.9683;22.7732;22.578;22.351;22.0923;21.8017;21.6105;21.5187;21.5582;21.7288;22.0307;22.3326;22.6294;22.9211;23.2078;23.4893;23.7658;24.0423;24.2637;24.4302;24.5417;24.5981;24.5996;24.6011;24.5965;24.5859;24.5691;24.5463;24.5175;24.4886;24.4131;24.2911;24.1224;23.9071;23.6452;23.3834;23.1191;22.8524;22.5833;22.3118;22.0378;21.7639;21.5163;21.295;21.1001;20.9314;20.789;20.6221;20.4305;20.2143;19.9734;19.708;19.4425;19.2343;19.0834;18.9234;18.7541;18.5756;18.3307;18.0193;17.8225;17.6441;17.484;17.3424;17.2191;16.9997;16.7802;16.5388;16.2755;15.9902;15.683;15.4147;15.0247;15",0.335412,"0;0.7;0.3"
1.27638,0.199922,0.730471,"1;1.28542;1.57085;1.85627;2.14169;2.42712;2.70786;2.98392;3.25529;3.52198;3.78399;4.046;4.30801;4.54268;4.74999;4.92996;5.08259;5.20787;5.33315;5.45843;5.55048;5.6093;5.63488;5.62724;5.58637;5.5455;5.50463;5.49741;5.52385;5.58393;5.67767;5.80506;5.93245;6.05984;6.18125;6.29667;6.40611;6.50956;6.60702;6.71807;6.84269;6.9809;7.13269;7.29805;7.46342;7.62878;7.82475;8.05131;8.30847;8.59623;8.90534;9.2052;9.4958;9.77716;10.0493;10.3214;10.5935;10.7978;10.9345;11.0034;11.0045;10.938;10.8714;10.828;10.8077;10.8106;10.8366;10.8858;10.935;11.0361;11.1894;11.3946;11.6519;11.9612;12.2705;12.5746;12.8736;13.1674;13.456;13.7394;14.0229;14.3063;14.5545;14.7675;14.9767;15.1821;15.3837;15.6168;15.8814;16.1459;16.4199;16.7033;16.9961;17.2983;17.61;17.9216;18.1945;18.4285;18.6237;18.7801;18.8781;18.9566;19.0154;19.0547;19.1269;19.2514;19.4283;19.6577;19.9394;20.2211;20.4298;20.5653;20.7062;20.8526;21.0043;21.2346;21.5387;21.8381;22.1329;22.4229;22.7083;22.9937;23.2791;23.4934;23.6366;23.7087;23.7097;23.6048;23.4651;23.2907;23.1111;22.9265;22.7717;22.6466;22.5512;22.4558;22.4094;22.412;22.4636;22.5911;22.7945;23.0248;23.2821;23.5662;23.8503;24.1345;24.3879;24.6106;24.8026;24.964;25.0946;25.2252;25.2755;25.2456;25.1353;25.0051;24.8552;24.7658;24.7368;24.7073;24.6167;24.465;24.2522;23.9783;23.7045;23.5386;23.4806;23.5305;23.6658;23.8865;24.0032;24.0158;23.9245;23.7518;23.4977;23.2436;22.9929;22.7455;22.5773;22.4882;22.4781;22.5438;22.6851;22.8264;22.9224;22.9728;22.9779;22.9347;22.8435;22.7495;22.6527;22.5533;22.4539;22.3241;22.1641;21.9737;21.753;21.502;21.251;21","15;15.0129;15.0258;15.0387;15.0515;15.0644;15.0975;15.1508;15.2244;15.3181;15.432;15.546;15.6599;15.8024;15.9735;16.1732;16.4014;16.6582;16.915;17.1717;17.4337;17.7009;17.9733;18.2509;18.5336;18.8164;19.0992;19.3766;19.6485;19.9151;20.1762;20.432;20.6877;20.9435;21.2004;21.4586;21.718;21.9787;22.2405;22.4966;22.7469;22.9915;23.2302;23.4632;23.6962;23.9292;24.1315;24.303;24.4438;24.5539;24.6348;24.7173;24.8013;24.8869;24.9741;25.0612;25.1483;25.1619;25.1018;24.9681;24.7608;24.4799;24.1991;23.9186;23.6386;23.359;23.0799;22.8013;22.5226;22.2964;22.1227;22.0014;21.9327;21.9164;21.9;21.8798;21.8556;21.8275;21.7955;21.7595;21.7236;21.6876;21.7303;21.8518;22.0114;22.2092;22.4452;22.6406;22.7955;22.9504;23.0596;23.1232;23.1412;23.1135;23.0402;22.9668;22.8517;22.6949;22.4963;22.256;22.0877;22.0332;22.0925;22.2656;22.4973;22.6737;22.795;22.8611;22.8719;22.8828;22.954;23.0855;23.1934;23.2775;23.3379;23.3143;23.2254;23.1553;23.104;23.0715;23.0578;23.0441;23.0304;22.9562;22.8216;22.6264;22.3708;22.1003;21.8752;21.6956;21.5204;21.3495;21.1375;20.8843;20.5899;20.2955;19.998;19.6974;19.3937;19.1429;18.9449;18.8029;18.7168;18.6868;18.6568;18.6267;18.5496;18.4253;18.2539;18.0353;17.7696;17.504;17.2581;17.032;16.8257;16.6136;16.3956;16.1521;15.8829;15.668;15.5331;15.4781;15.503;15.6079;15.7127;15.7536;15.7304;15.6432;15.5729;15.5196;15.4836;15.4649;15.4635;15.3984;15.2697;15.141;14.9933;14.8268;14.627;14.394;14.1277;13.8472;13.5523;13.2575;12.9714;12.6943;12.4259;12.2766;12.2464;12.3264;12.5167;12.8172;13.1177;13.4094;13.6922;13.9661;14.2312;14.4875;14.7437;15",0.175682,"0;0.71;0.29"
1.14702,0.187466,0.219145,"1;1.0211;1.0422;1.0633;1.08441;1.10551;1.12661;1.17832;1.26064;1.37358;1.51712;1.69128;1.86543;2.03959;2.21374;2.38895;2.56521;2.74252;2.92088;3.1003;3.27971;3.45913;3.63854;3.77938;3.88165;3.94535;3.97048;3.95703;3.94358;3.93013;3.88755;3.81582;3.71495;3.58493;3.42578;3.26663;3.10748;2.94832;2.84386;2.79409;2.799;2.8586;2.97289;3.08718;3.14278;3.13969;3.07791;2.95744;2.77829;2.59913;2.41997;2.27966;2.1782;2.11558;2.0918;2.10688;2.12195;2.13702;2.19627;2.2997;2.4473;2.63908;2.87504;3.10285;3.32249;3.53699;3.74634;3.95054;4.15776;4.36798;4.5782;4.79457;5.01709;5.24576;5.48058;5.72155;5.94856;6.16161;6.3607;6.54583;6.72737;6.91927;7.12154;7.33418;7.55718;7.77983;8.00213;8.22407;8.44566;8.67135;8.90149;9.13609;9.37514;9.61864;9.86214;10.0478;10.1755;10.2454;10.2575;10.2556;10.2978;10.384;10.5142;10.6883;10.8631;11.0523;11.256;11.4743;11.7071;11.9538;12.2005;12.4473;12.694;12.9321;13.1616;13.3653;13.5431;13.6951;13.8299;13.8775;13.8554;13.7635;13.6019;13.3704;13.2181;13.1452;13.1514;13.2369;13.4016;13.5664;13.7311;13.9114;14.1073;14.3188;14.5458;14.7884;15.031;15.2736;15.5162;15.7601;16.0052;16.2517;16.4994;16.7485;16.9975;17.1667;17.256;17.3178;17.3521;17.3589;17.4181;17.5295;17.641;17.7525;17.8114;17.8177;17.7715;17.6727;17.5459;17.4667;17.4351;17.4511;17.5147;17.6013;17.6879;17.7745;17.8279;17.822;17.7571;17.6845;17.6043;17.5498;17.5468;17.5953;17.6438;17.732;17.8599;18.0275;18.2349;18.4819;18.7289;18.9419;19.121;19.2662;19.3773;19.4545;19.5318;19.5638;19.5506;19.4923;19.3888;19.3243;19.3442;19.4483;19.6367;19.9093;20.182;20.4547;20.7273;21","15;14.7509;14.5018;14.2527;14.0036;13.7545;13.5054;13.2702;13.049;12.8417;12.6484;12.4691;12.2897;12.1103;11.931;11.7527;11.5754;11.3992;11.2241;11.05;10.8759;10.7018;10.5277;10.3378;10.132;9.91049;9.67314;9.41998;9.16682;8.91366;8.67257;8.44355;8.22661;8.02174;7.82894;7.63615;7.44335;7.25055;7.04738;6.83382;6.60989;6.37558;6.13088;5.88619;5.65343;5.4326;5.22371;5.02674;4.84171;4.65667;4.47164;4.27097;4.05466;3.82272;3.57514;3.31192;3.0487;2.78549;2.58732;2.45421;2.38614;2.38313;2.44517;2.53613;2.656;2.80053;2.9697;3.16352;3.35307;3.53835;3.72363;3.87352;3.98803;4.06714;4.11087;4.11922;4.08791;4.01695;3.90634;3.75608;3.57816;3.41224;3.25831;3.11638;2.98644;2.91436;2.90014;2.94378;3.04529;3.18256;3.29776;3.39086;3.46188;3.51081;3.55974;3.6451;3.76689;3.9251;4.11974;4.34998;4.5794;4.808;5.03577;5.26273;5.3874;5.46967;5.50954;5.507;5.46205;5.47698;5.49191;5.50684;5.52177;5.58359;5.69232;5.84013;6.02703;6.25301;6.47118;6.65065;6.79921;6.91688;7.00364;7.05951;7.06064;7.00703;6.89867;6.73557;6.51772;6.29988;6.08204;5.89569;5.74083;5.61747;5.5256;5.46523;5.40485;5.34448;5.2841;5.25892;5.26892;5.31411;5.3945;5.51007;5.62564;5.76732;5.93512;6.12794;6.34579;6.58866;6.83046;7.07116;7.31187;7.55258;7.79319;8.03369;8.27408;8.51437;8.77591;9.04014;9.30707;9.5767;9.84903;10.1027;10.3564;10.61;10.8596;11.0436;11.1619;11.2789;11.3945;11.5129;11.6955;11.9424;12.1893;12.3981;12.5688;12.7014;12.796;12.8524;12.9089;13.0029;13.1344;13.3034;13.5099;13.754;13.998;14.2372;14.4715;14.7009;14.9254;15.0907;15.2016;15.2582;15.2605;15.2084;15.1563;15.1042;15.0521;15",0.107259,"0;0.72;0.28"
1.36955,0.156858,1.54033,"1;1.03254;1.06509;1.09763;1.13017;1.20344;1.31742;1.47211;1.66753;1.90366;2.1398;2.33958;2.50301;2.63009;2.72082;2.7752;2.82957;2.84128;2.81032;2.73669;2.62039;2.46143;2.30246;2.15145;2.00841;1.87332;1.7462;1.62704;1.50787;1.39011;1.27376;1.15881;1.04526;0.933119;0.820976;0.7935;0.850692;0.992552;1.21908;1.53027;1.84147;2.15337;2.46597;2.77928;3.09329;3.40801;3.72273;4.02375;4.31107;4.5847;4.84463;5.09086;5.33709;5.59375;5.86085;6.13837;6.37361;6.56654;6.70675;6.79424;6.82899;6.79043;6.67856;6.49336;6.23485;5.90302;5.57119;5.27976;5.02873;4.8181;4.64787;4.51803;4.38819;4.34192;4.37921;4.50006;4.70448;4.99246;5.28044;5.49084;5.62367;5.67892;5.65659;5.5567;5.4568;5.3569;5.34345;5.41645;5.5759;5.80501;6.10376;6.38572;6.65087;6.89923;7.14758;7.38086;7.59907;7.80221;7.99027;8.17744;8.37879;8.59433;8.82405;9.07261;9.32581;9.58366;9.84616;10.1133;10.3749;10.6308;10.8812;11.126;11.3653;11.6045;11.8075;11.9743;12.1442;12.3171;12.4931;12.7083;12.9629;13.183;13.3688;13.5202;13.6199;13.6678;13.6984;13.7116;13.7632;13.8703;14.0399;14.2718;14.5662;14.8673;15.1752;15.4831;15.6747;15.7502;15.7094;15.6595;15.6004;15.6485;15.8037;16.0661;16.3284;16.5908;16.7778;16.8897;16.9263;16.8876;16.7737;16.6598;16.6045;16.6079;16.6699;16.7905;16.9697;17.149;17.3036;17.4336;17.539;17.6199;17.6761;17.7064;17.7109;17.6895;17.6423;17.5692;17.4623;17.3217;17.1473;16.9391;16.6971;16.5285;16.4332;16.4112;16.4625;16.5872;16.7118;16.8636;17.0424;17.2484;17.4815;17.7417;18.002;18.267;18.537;18.8118;19.0915;19.3761;19.6606;19.9452;20.1903;20.3961;20.5625;20.6895;20.7772;20.8568;20.9524;21","15;15.2882;15.5763;15.8645;16.1527;16.4302;16.6973;16.9537;17.1995;17.4348;17.6701;17.9241;18.1968;18.4882;18.7984;19.1272;19.4561;19.7778;20.0923;20.3996;20.6998;20.9928;21.2858;21.5824;21.8827;22.1867;22.4943;22.8057;23.117;23.4288;23.7411;24.054;24.3674;24.6813;24.9952;25.2683;25.5007;25.6923;25.8431;25.9532;26.0633;26.136;26.1715;26.1697;26.1306;26.0541;25.9777;25.8742;25.7437;25.5861;25.4015;25.1898;24.9781;24.8327;24.7536;24.7408;24.8319;25.0269;25.2594;25.5296;25.8373;26.0772;26.2492;26.3533;26.3895;26.3579;26.3262;26.3597;26.4583;26.622;26.8508;27.1447;27.4386;27.6927;27.9071;28.0817;28.2165;28.3115;28.4065;28.5361;28.7002;28.8988;29.132;29.3997;29.6673;29.935;30.1659;30.3599;30.5171;30.5917;30.5839;30.5303;30.4311;30.2861;30.1412;29.9654;29.7587;29.5211;29.2526;28.9801;28.7344;28.5157;28.3238;28.2264;28.1964;28.234;28.3391;28.5117;28.6962;28.8926;29.1009;29.3211;29.5532;29.7854;29.9031;29.9063;29.8266;29.664;29.4183;29.2042;29.0215;28.8068;28.5602;28.2816;27.985;27.6702;27.3692;27.0821;26.8931;26.7883;26.7366;26.738;26.7926;26.816;26.8083;26.8007;26.7614;26.6905;26.588;26.4645;26.3198;26.1856;26.0619;25.9487;25.8355;25.7223;25.5747;25.3926;25.1761;24.9252;24.6398;24.3544;24.0764;23.806;23.5431;23.2877;23.0397;22.7918;22.5336;22.2651;21.9863;21.6973;21.398;21.0939;20.785;20.4714;20.1529;19.8297;19.5958;19.4513;19.3962;19.4304;19.5539;19.6005;19.5702;19.4629;19.2786;19.0173;18.7561;18.5054;18.2653;18.0358;17.8169;17.6086;17.4003;17.2388;17.124;17.0561;17.035;17.0607;17.0864;17.112;17.0545;16.9138;16.6899;16.3828;15.9925;15.6379;15.212;15",0.382227,"0;0.73;0.27"
1.40122,0.132749,1.57853,"1;1.32204;1.64409;1.96613;2.28818;2.56943;2.80988;3.00954;3.16841;3.28648;3.40455;3.55944;3.75114;3.97965;4.24497;4.54711;4.84924;5.14658;5.43913;5.72687;6.00982;6.28797;6.56612;6.78694;6.95042;7.05657;7.10539;7.09688;7.08836;7.02809;6.91605;6.75226;6.53671;6.26941;6.0021;5.75664;5.53305;5.3313;5.15141;4.99338;4.83535;4.70739;4.60953;4.54174;4.50404;4.49642;4.4888;4.54529;4.6659;4.85061;5.09944;5.41239;5.72533;5.99922;6.23407;6.42986;6.5866;6.70156;6.81379;6.92328;7.03005;7.13408;7.23812;7.30256;7.32739;7.31263;7.25827;7.23176;7.27272;7.38112;7.55699;7.80031;8.06047;8.33746;8.63129;8.94195;9.26946;9.59696;9.88378;10.1299;10.3342;10.4966;10.6171;10.7363;10.8544;10.9725;11.0398;11.0565;11.0224;10.9375;10.8767;10.8905;10.9789;11.142;11.3799;11.6177;11.8623;12.1137;12.372;12.6371;12.909;13.1699;13.42;13.659;13.8839;14.0945;14.3019;14.506;14.7068;14.9076;15.0187;15.04;14.9716;14.8872;14.7869;14.7602;14.8073;14.9281;15.0489;15.2112;15.4149;15.66;15.9466;16.2746;16.6027;16.8617;17.0518;17.2393;17.4242;17.6064;17.855;18.1699;18.4848;18.7596;18.9942;19.1888;19.3432;19.4575;19.5718;19.6381;19.6564;19.6267;19.5489;19.4232;19.2974;19.1753;19.0568;18.9419;18.8307;18.8047;18.8603;18.9976;19.211;19.5004;19.7844;20.0056;20.1641;20.2655;20.3097;20.2967;20.2837;20.3208;20.408;20.5452;20.7326;20.97;21.2074;21.3725;21.4652;21.4856;21.4335;21.3092;21.158;20.98;20.7751;20.5435;20.285;20.0266;19.8372;19.7169;19.6657;19.6836;19.7705;19.8942;20.057;20.2588;20.3837;20.4317;20.366;20.1843;19.9363;19.738;19.5893;19.4902;19.5166;19.6189;19.797;20.1088;20.3806;21","15;15.086;15.172;15.258;15.3441;15.4752;15.6515;15.873;16.1395;16.4513;16.763;17.0405;17.2839;17.493;17.668;17.8088;17.9496;18.099;18.257;18.4235;18.5986;18.7823;18.966;19.1796;19.4231;19.6965;19.9998;20.3331;20.6663;20.9727;21.2523;21.5051;21.731;21.9302;22.1293;22.3473;22.5842;22.8399;23.1146;23.4081;23.7015;24.003;24.3124;24.6297;24.955;25.2883;25.6215;25.9079;26.1474;26.34;26.4857;26.5846;26.6834;26.8193;26.9921;27.202;27.4488;27.738;28.0324;28.3321;28.6371;28.9473;29.2576;29.4398;29.494;29.4201;29.2182;28.9235;28.6642;28.4402;28.2516;28.0983;27.9634;27.8468;27.7486;27.6688;27.6073;27.5459;27.5395;27.5884;27.7084;27.8998;28.1623;28.441;28.7358;29.0305;29.3265;29.6238;29.9223;30.222;30.4225;30.5225;30.522;30.421;30.2195;30.018;29.8246;29.6392;29.4619;29.2926;29.1314;28.947;28.7395;28.5088;28.2611;27.9963;27.7377;27.4853;27.239;26.9927;26.7676;26.5638;26.3812;26.3099;26.3501;26.4804;26.7009;27.0116;27.3222;27.5826;27.7927;27.9526;28.0621;28.1214;28.1806;28.2812;28.4231;28.575;28.7369;28.9089;29.0495;29.1588;29.2682;29.293;29.2334;29.0892;28.8606;28.5475;28.2343;27.927;27.6253;27.3295;27.0394;26.755;26.4706;26.1848;25.8975;25.6087;25.3185;25.0541;24.8169;24.607;24.446;24.3339;24.2435;24.1209;23.966;23.7573;23.4946;23.1781;22.8615;22.5615;22.278;22.011;21.7605;21.5265;21.2926;21.0421;20.775;20.4913;20.1912;19.8744;19.5913;19.3418;19.126;18.9437;18.7951;18.6466;18.473;18.2746;18.0512;17.8029;17.5297;17.2856;17.091;16.946;16.8392;16.7707;16.7114;16.6409;16.5165;16.3496;16.1401;15.8879;15.6218;15.3844;15.1757;15.0571;14.8445;15",0.378003,"0;0.74;0.26"
0.938527,0.129397,0.619878,"1;1.02356;1.04713;1.07069;1.09425;1.11781;1.14138;1.16494;1.1885;1.20024;1.20014;1.18822;1.16448;1.1289;1.09332;1.05775;1.02217;0.986593;0.951017;0.930814;0.925984;0.936528;0.962446;1.00374;1.04503;1.08632;1.12761;1.1689;1.21019;1.28309;1.38761;1.52375;1.69149;1.89085;2.09021;2.28957;2.48893;2.68829;2.88765;3.06925;3.23309;3.37917;3.50749;3.61805;3.72861;3.83917;3.93748;4.02354;4.09734;4.1589;4.2082;4.25751;4.30681;4.38499;4.49204;4.62796;4.79276;4.98643;5.18009;5.37376;5.56743;5.75981;5.95092;6.14074;6.32928;6.51653;6.70379;6.89104;7.0783;7.26555;7.45974;7.66085;7.86889;8.08385;8.30575;8.52764;8.74953;8.96692;9.17979;9.38816;9.59202;9.79137;9.99072;10.1901;10.3894;10.5622;10.7084;10.828;10.9211;10.9875;11.054;11.1205;11.187;11.2534;11.3199;11.4088;11.5201;11.6538;11.81;11.9886;12.1671;12.3457;12.5243;12.7028;12.884;13.0678;13.2541;13.4431;13.6346;13.8262;14.0177;14.2093;14.4008;14.5933;14.7867;14.9821;15.1794;15.3787;15.5789;15.7802;15.9815;16.1828;16.3841;16.5854;16.7849;16.9828;17.179;17.3734;17.5661;17.7588;17.9516;18.1275;18.2866;18.429;18.5546;18.6634;18.7721;18.8809;18.9897;19.0985;19.2094;19.3224;19.4376;19.5549;19.6743;19.7937;19.9226;20.0609;20.2086;20.3657;20.5322;20.6988;20.8653;21.0319;21.1354;21.1759;21.1535;21.068;20.9195;20.771;20.6225;20.474;20.3255;20.2439;20.2291;20.2813;20.4003;20.554;20.6756;20.7649;20.8221;20.8471;20.8721;20.8971;20.9642;21.0735;21.2249;21.4185;21.5693;21.635;21.6156;21.5113;21.3219;21.1325;20.9431;20.7537;20.5643;20.4195;20.3192;20.2634;20.2521;20.2797;20.3014;20.3175;20.3278;20.3323;20.4018;20.5362;20.6707;21","15;15.1986;15.3972;15.5958;15.7944;15.993;16.1916;16.3902;16.5889;16.7871;16.985;17.1825;17.3797;17.5765;17.7733;17.9701;18.1669;18.3637;18.5606;18.7571;18.9535;19.1496;19.3456;19.5412;19.7369;19.9326;20.1283;20.324;20.5197;20.6731;20.7841;20.8528;20.8791;20.8631;20.8471;20.8311;20.8151;20.7991;20.7832;20.8067;20.8698;20.9724;21.1146;21.2963;21.4781;21.6598;21.8462;22.0373;22.2331;22.4335;22.6386;22.8438;23.0489;23.2349;23.4019;23.5497;23.6785;23.7882;23.8979;24.0076;24.1173;24.1907;24.2277;24.2285;24.193;24.1212;24.0493;23.9775;23.9057;23.8338;23.7779;23.7379;23.7139;23.7057;23.7135;23.7213;23.7291;23.7199;23.6937;23.6505;23.5903;23.5131;23.436;23.3588;23.2816;23.2576;23.2868;23.3691;23.5045;23.6932;23.8818;24.0704;24.2591;24.4477;24.6363;24.7673;24.8407;24.8564;24.8145;24.715;24.6154;24.5159;24.4163;24.3168;24.2167;24.116;24.0147;23.9128;23.8103;23.7078;23.6053;23.5029;23.4004;23.3236;23.2724;23.2551;23.2718;23.3225;23.3814;23.4487;23.5159;23.5832;23.6504;23.7177;23.7577;23.7703;23.7557;23.7139;23.6447;23.5756;23.5064;23.4159;23.304;23.1707;23.0161;22.84;22.664;22.488;22.312;22.136;21.9636;21.7949;21.6298;21.4683;21.3105;21.1527;21.0047;20.8667;20.7386;20.6204;20.5122;20.4039;20.2956;20.1873;20.0677;19.9368;19.7946;19.641;19.4761;19.3112;19.1463;18.9813;18.8164;18.7112;18.6655;18.6796;18.7532;18.8201;18.8205;18.7546;18.6222;18.4234;18.2246;18.0258;17.8618;17.7326;17.6381;17.5785;17.5423;17.4947;17.4358;17.3654;17.2838;17.2021;17.1204;17.0387;16.957;16.855;16.7328;16.5903;16.4276;16.2387;16.0439;15.8433;15.6367;15.4243;15.2544;15.1271;14.9997;15",0.123802,"0;0.75;0.25"
1.17123,0.224973,0.819668,"1;1.20857;1.41715;1.62572;1.8343;2.04287;2.25145;2.46165;2.67347;2.88691;3.10198;3.31867;3.53536;3.75205;3.96874;4.14761;4.28865;4.39187;4.45726;4.48483;4.5124;4.53998;4.56755;4.61247;4.67474;4.75437;4.85135;4.96567;5.08;5.19433;5.30866;5.37609;5.39662;5.37024;5.29697;5.17681;5.05664;4.93647;4.8163;4.71226;4.62434;4.55256;4.4969;4.45738;4.41785;4.37833;4.3388;4.35691;4.43266;4.56605;4.75707;5.00573;5.2544;5.50306;5.75172;5.98587;6.2055;6.41061;6.60121;6.7773;6.95338;7.09154;7.19179;7.25412;7.30368;7.34047;7.4024;7.48948;7.6017;7.71393;7.82615;7.96727;8.1373;8.33622;8.56404;8.82076;9.07749;9.33421;9.59018;9.8454;10.0571;10.2253;10.35;10.4319;10.471;10.5101;10.5651;10.636;10.7227;10.8374;10.98;11.1346;11.3014;11.4801;11.6589;11.8377;12.0165;12.2028;12.3968;12.5983;12.8074;13.03;13.2585;13.4929;13.7332;13.9794;14.1762;14.3235;14.4214;14.4699;14.4689;14.4679;14.467;14.466;14.5095;14.5974;14.7298;14.9067;15.128;15.3493;15.5706;15.7919;16.0075;16.2173;16.4214;16.6197;16.8123;17.0049;17.1974;17.39;17.5943;17.8103;18.0379;18.2773;18.5284;18.7794;19.0305;19.2755;19.5143;19.7471;19.9739;20.1945;20.4151;20.6357;20.8564;21.0683;21.2715;21.4661;21.652;21.8291;22.0063;22.1835;22.3545;22.5193;22.678;22.8305;22.9769;23.1232;23.2696;23.4159;23.5545;23.6855;23.8088;23.9244;24.0323;24.1402;24.2481;24.3133;24.336;24.3161;24.2536;24.1485;24.0433;23.9382;23.8331;23.7849;23.7938;23.8597;23.9032;23.9243;23.8659;23.7281;23.5109;23.2937;23.0765;22.8481;22.6088;22.3583;22.0967;21.8241;21.6002;21.4249;21.2983;21.2204;21.1889;21.1551;21.1191;21.0809;21.0405;21","15;14.8622;14.7243;14.5865;14.4487;14.3109;14.173;14.0877;14.0549;14.0746;14.1467;14.2714;14.3961;14.5208;14.6455;14.7949;14.9691;15.1681;15.3918;15.6403;15.8887;16.1372;16.3857;16.6289;16.8669;17.0997;17.3273;17.5496;17.7719;17.9943;18.2166;18.4383;18.6594;18.8798;19.0997;19.3189;19.5381;19.7574;19.9766;20.2013;20.4316;20.6674;20.9087;21.1556;21.4025;21.6493;21.8962;22.0885;22.2263;22.3095;22.3382;22.3124;22.2866;22.2607;22.2349;22.2515;22.3105;22.412;22.5558;22.7421;22.9284;23.1388;23.3734;23.6322;23.8094;23.9051;23.8951;23.7794;23.558;23.3366;23.1152;22.9598;22.8705;22.8472;22.89;22.9988;23.1076;23.2164;23.2735;23.2788;23.2077;23.0602;22.8362;22.5876;22.3144;22.0411;21.8762;21.8196;21.8713;21.9439;22.0374;22.0434;21.9619;21.793;21.6241;21.4551;21.2862;21.169;21.1036;21.0899;21.1279;21.2247;21.3287;21.4397;21.5578;21.6831;21.8332;22.0084;22.2085;22.4335;22.6835;22.9335;23.1835;23.4335;23.6568;23.8533;24.0231;24.1661;24.2824;24.3987;24.5149;24.6312;24.7561;24.8897;25.0318;25.1826;25.342;25.5015;25.6609;25.8203;25.9751;26.1253;26.2709;26.4119;26.5483;26.6846;26.821;26.9066;26.9414;26.9254;26.8586;26.741;26.6235;26.5059;26.3883;26.2494;26.0892;25.9077;25.7049;25.4807;25.2566;25.0324;24.8126;24.597;24.3857;24.1787;23.9761;23.7734;23.5707;23.368;23.1529;22.9255;22.6857;22.4335;22.1689;21.9044;21.6398;21.3828;21.1333;20.8914;20.657;20.4302;20.2034;19.9766;19.7498;19.5286;19.3132;19.1034;18.9056;18.7196;18.5397;18.3661;18.1986;18.0312;17.8637;17.7234;17.6102;17.5242;17.4654;17.4336;17.3579;17.2382;17.0745;16.8668;16.5973;16.3099;16.0047;15.6817;15.3408;15",0.1668,"0;0.76;0.24"
1.31022,0.216318,1.00794,"1;1.12341;1.24682;1.37022;1.49363;1.61704;1.76109;1.92578;2.11112;2.3171;2.54373;2.77036;2.99698;3.15568;3.24645;3.2693;3.22422;3.11121;2.9982;2.8852;2.77969;2.68168;2.59117;2.50816;2.43265;2.35714;2.28163;2.19165;2.08722;1.96833;1.83498;1.68717;1.53936;1.39154;1.30371;1.27585;1.30796;1.40004;1.5521;1.70416;1.85623;2.03474;2.23971;2.47114;2.72903;3.01337;3.29771;3.58205;3.84878;4.0979;4.32941;4.5433;4.73959;4.93587;5.13216;5.34348;5.56982;5.8112;6.0676;6.33904;6.61047;6.85597;7.07554;7.26918;7.43689;7.57866;7.74075;7.92317;8.12591;8.34897;8.59235;8.83573;9.07911;9.31535;9.54447;9.76645;9.98129;10.1375;10.2423;10.2955;10.2973;10.2476;10.1978;10.1769;10.1846;10.2212;10.2864;10.3804;10.4744;10.5889;10.7239;10.8922;11.0939;11.3291;11.5771;11.7761;11.9132;11.9882;12.0013;11.9524;11.9035;11.9161;11.9901;12.1255;12.3225;12.5808;12.8392;13.0976;13.2996;13.4453;13.5346;13.5676;13.5443;13.521;13.4976;13.5302;13.6187;13.7632;13.9636;14.22;14.4763;14.7327;14.9895;15.2467;15.5044;15.7625;16.0211;16.2797;16.5382;16.777;16.9959;17.1949;17.3742;17.5336;17.693;17.8524;18.0096;18.1645;18.3172;18.4677;18.6159;18.7641;18.9123;19.0175;19.0798;19.0992;19.0755;19.0089;18.9964;19.0379;19.1335;19.2831;19.4868;19.7035;19.9333;20.1762;20.4322;20.5933;20.6463;20.5913;20.4283;20.1573;19.8862;19.6115;19.333;19.0508;18.7649;18.4753;18.225;18.014;17.8423;17.7099;17.6167;17.5236;17.5014;17.55;17.6696;17.8227;18.0095;18.1591;18.2713;18.3464;18.4712;18.6457;18.87;19.144;19.4678;19.7916;20.1077;20.4159;20.7163;21.009;21.2938;21.5787;21.7491;21.8052;21.7469;21.5742;21.2871;21","15;15.2577;15.5154;15.7731;16.0308;16.2884;16.5294;16.7536;16.9611;17.1518;17.3258;17.4998;17.6738;17.8655;18.0748;18.3019;18.5466;18.809;19.0714;19.3338;19.5989;19.8666;20.1369;20.4098;20.6853;20.9609;21.2365;21.5058;21.7689;22.0259;22.2766;22.5211;22.7656;23.0101;23.2541;23.4975;23.7405;23.9829;24.2248;24.4667;24.7086;24.8965;25.0304;25.1104;25.1364;25.1084;25.0804;25.0524;25.0716;25.1378;25.2512;25.4117;25.6193;25.827;26.0346;26.1727;26.2413;26.2404;26.17;26.0301;25.8901;25.7289;25.5462;25.3422;25.1168;24.8701;24.7026;24.6145;24.6056;24.676;24.8256;24.9753;25.1249;25.2032;25.2099;25.1453;25.0091;24.7878;24.5526;24.3037;24.041;23.7645;23.4879;23.2112;22.9342;22.657;22.3795;22.1018;21.8242;21.5398;21.2488;21.0164;20.8425;20.7272;20.6771;20.7489;20.8776;21.063;21.3051;21.604;21.9029;22.1664;22.3945;22.5872;22.7446;22.8665;22.9885;23.1104;23.265;23.452;23.6717;23.9239;24.2086;24.4934;24.7781;25.0312;25.2525;25.4421;25.6;25.7261;25.8523;25.9784;26.1036;26.228;26.3514;26.4738;26.5954;26.717;26.8386;26.8884;26.8665;26.7728;26.6075;26.3704;26.1333;25.8962;25.6576;25.4176;25.1762;24.9334;24.6891;24.4449;24.2006;23.945;23.6781;23.3999;23.1104;22.8096;22.5229;22.2503;21.9918;21.7475;21.5172;21.3007;21.0978;20.9085;20.7329;20.5728;20.4144;20.2578;20.1029;19.9498;19.7968;19.6789;19.5961;19.5485;19.536;19.5587;19.5167;19.4101;19.2388;19.0028;18.7022;18.4016;18.1649;17.9921;17.8833;17.776;17.6704;17.5025;17.2723;16.9798;16.7616;16.6177;16.5482;16.553;16.6321;16.7112;16.7399;16.7182;16.646;16.5233;16.3502;16.1771;15.997;15.8101;15.6162;15.4154;15.2077;15",0.203152,"0;0.77;0.23"
0.75619,0.258793,0.376804,"1;1.1509;1.30181;1.45271;1.60361;1.75452;1.90542;2.05632;2.20723;2.35813;2.50903;2.62634;2.71004;2.76015;2.77665;2.75956;2.74246;2.72537;2.70827;2.69118;2.67409;2.65699;2.6399;2.626;2.61529;2.60778;2.60347;2.60235;2.60123;2.60011;2.59899;2.59787;2.59675;2.59563;2.59451;2.61905;2.66923;2.74507;2.84656;2.9737;3.10085;3.22799;3.35513;3.48228;3.60942;3.73656;3.8637;3.98403;4.09754;4.20424;4.31859;4.4406;4.57708;4.72804;4.89347;5.0589;5.22433;5.38976;5.55519;5.72062;5.88605;6.05148;6.21292;6.37038;6.52386;6.67335;6.81885;6.96436;7.10986;7.25869;7.41085;7.56634;7.72515;7.8873;8.04944;8.21158;8.37373;8.53587;8.69801;8.86016;9.0223;9.18375;9.3445;9.50456;9.66392;9.82258;9.98125;10.1399;10.2952;10.447;10.5955;10.7406;10.8823;11.0239;11.1656;11.3073;11.449;11.5906;11.716;11.825;11.9177;11.9941;12.0542;12.1142;12.1743;12.2195;12.2498;12.2987;12.3661;12.452;12.5712;12.7239;12.8765;13.0292;13.1756;13.3158;13.4498;13.5775;13.699;13.8205;13.942;14.0635;14.185;14.3065;14.428;14.54;14.6427;14.736;14.8198;14.8942;14.9597;15.0164;15.0642;15.1031;15.1331;15.1631;15.1931;15.2231;15.2751;15.349;15.4448;15.5625;15.7022;15.8419;15.9816;16.1213;16.2609;16.4006;16.5403;16.68;16.8125;16.9378;17.0558;17.1667;17.2704;17.3741;17.4777;17.5814;17.6851;17.7887;17.8924;17.9961;18.0998;18.2052;18.3123;18.4211;18.5317;18.644;18.7563;18.8687;18.981;19.0933;19.2056;19.3179;19.4302;19.5506;19.6792;19.8158;19.9606;20.1135;20.2664;20.4193;20.5722;20.7251;20.878;21.0309;21.1838;21.3367;21.4462;21.5122;21.5348;21.514;21.4498;21.3855;21.3213;21.257;21.1928;21.1285;21.0643;21","15;15.0708;15.1415;15.2123;15.283;15.3538;15.4245;15.4953;15.566;15.6368;15.7075;15.7973;15.9061;16.0338;16.1806;16.3464;16.5122;16.678;16.8438;17.0096;17.1753;17.3411;17.5069;17.6729;17.839;18.0053;18.1718;18.3385;18.5051;18.6718;18.8385;19.0051;19.1718;19.3385;19.5051;19.66;19.8031;19.9344;20.054;20.1617;20.2695;20.3773;20.485;20.5928;20.7005;20.8083;20.9161;21.0295;21.1485;21.2731;21.3803;21.47;21.5365;21.5799;21.6002;21.6204;21.6407;21.661;21.6812;21.7015;21.7218;21.742;21.7695;21.8043;21.8462;21.8954;21.9519;22.0083;22.0648;22.1039;22.1257;22.1301;22.1172;22.087;22.0567;22.0265;21.9963;21.966;21.9358;21.9056;21.8753;21.8514;21.8339;21.8227;21.8178;21.8193;21.8207;21.8222;21.8104;21.7853;21.7469;21.6951;21.6301;21.5651;21.5001;21.435;21.37;21.305;21.2821;21.3012;21.3625;21.4658;21.6112;21.7567;21.9021;21.9785;21.9858;21.9618;21.9065;21.8199;21.7711;21.76;21.7489;21.7378;21.7055;21.652;21.5773;21.4814;21.3644;21.2473;21.1302;21.0131;20.896;20.7789;20.6618;20.5377;20.4064;20.2681;20.1227;19.9702;19.8151;19.6573;19.4969;19.3338;19.168;19.0023;18.8365;18.6708;18.5564;18.4933;18.4815;18.5211;18.6121;18.703;18.7939;18.8848;18.9757;19.0666;19.1576;19.2485;19.2985;19.3076;19.2757;19.203;19.0893;18.9756;18.862;18.7483;18.6346;18.5209;18.4073;18.2936;18.1799;18.0644;17.9469;17.8276;17.7063;17.5832;17.46;17.3369;17.2137;17.0906;16.9675;16.8443;16.7212;16.6261;16.559;16.52;16.509;16.526;16.5431;16.5601;16.5772;16.5942;16.6113;16.6283;16.6454;16.6625;16.6422;16.5845;16.4896;16.3572;16.1876;16.0179;15.8483;15.6786;15.509;15.3393;15.1697;15",0.171832,"0;0.78;0.22"
1.44357,0.139959,1.25127,"1;1.32971;1.65942;1.98913;2.31884;2.63311;2.93193;3.21531;3.48324;3.73573;3.98823;4.18313;4.32046;4.40019;4.42235;4.37674;4.32097;4.25501;4.17889;4.09259;4.00629;3.87084;3.68625;3.45252;3.16964;2.83762;2.5056;2.22537;1.99695;1.82033;1.69551;1.62249;1.54946;1.52813;1.55848;1.64053;1.77426;1.95968;2.1451;2.31162;2.45924;2.58796;2.69777;2.78869;2.87961;3.00776;3.17316;3.3758;3.59014;3.81617;4.01666;4.1916;4.34099;4.49038;4.64998;4.81979;4.9998;5.19002;5.39044;5.62033;5.87969;6.16851;6.48679;6.83454;7.15256;7.44086;7.69944;7.92829;8.12741;8.32654;8.50017;8.6483;8.83455;9.05891;9.25006;9.43352;9.60927;9.7137;9.76161;9.82431;9.9018;9.99407;10.1011;10.2082;10.351;10.5297;10.744;10.9942;11.2801;11.566;11.8458;12.1194;12.3869;12.6482;12.9034;13.1272;13.3198;13.4811;13.611;13.7097;13.8083;13.9338;14.0861;14.2652;14.4711;14.7038;14.8512;14.9133;14.8901;14.7815;14.5876;14.4424;14.3459;14.298;14.2988;14.3483;14.3978;14.4179;14.4085;14.3698;14.3016;14.2041;14.1065;14.074;14.1067;14.2129;14.3929;14.6465;14.9087;15.1273;15.2936;15.4077;15.4696;15.4793;15.5578;15.7052;15.9213;16.2063;16.5601;16.9041;17.2384;17.563;17.8778;18.1825;18.4868;18.7907;19.0942;19.3974;19.7014;20.0064;20.3123;20.6191;20.9268;21.2345;21.5367;21.8334;22.1245;22.2938;22.3413;22.2724;22.0871;21.7855;21.4838;21.2815;21.1785;21.1747;21.2702;21.465;21.6298;21.7646;21.8693;21.9884;22.1217;22.2995;22.5216;22.7881;23.0545;23.2615;23.4091;23.4972;23.5259;23.495;23.5053;23.5566;23.6491;23.7825;23.898;23.9545;23.9519;23.8903;23.7696;23.649;23.4615;23.22;22.9246;22.5752;22.1717;21.7812;21.3906;21","15;15.049;15.098;15.147;15.196;15.2788;15.3952;15.5454;15.7293;15.9469;16.1646;16.3982;16.6478;16.9133;17.1949;17.4973;17.8046;18.1168;18.4339;18.7559;19.0778;19.3295;19.5109;19.6219;19.6627;19.6332;19.6036;19.645;19.7574;19.9407;20.195;20.5203;20.8455;21.1611;21.467;21.7633;22.05;22.327;22.604;22.8897;23.1842;23.4874;23.7994;24.1201;24.4408;24.7271;24.9792;25.1969;25.4064;25.6079;25.8354;26.0892;26.3691;26.649;26.9262;27.2007;27.4724;27.7415;28.0078;28.2116;28.353;28.4319;28.4483;28.4022;28.4159;28.4892;28.6223;28.8151;29.0676;29.3201;29.4658;29.5047;29.5059;29.4695;29.319;29.1612;28.9961;28.7546;28.439;28.1254;27.814;27.5048;27.1977;26.8906;26.6116;26.3607;26.138;25.9434;25.7769;25.6105;25.5225;25.513;25.5821;25.7297;25.9557;26.0751;26.0877;25.9936;25.7927;25.4852;25.1776;24.972;24.8684;24.8668;24.9673;25.1697;25.2741;25.2803;25.1885;24.9985;24.7104;24.4149;24.1119;23.8015;23.4837;23.1584;22.8331;22.5133;22.199;21.8903;21.5871;21.2895;20.9918;20.7892;20.6817;20.6711;20.7574;20.9407;21.126;21.3471;21.6022;21.8913;22.2144;22.5714;22.8599;23.0797;23.2308;23.3133;23.3272;23.3214;23.2958;23.2504;23.1854;23.1555;23.1804;23.2603;23.395;23.5846;23.7422;23.8678;23.9615;24.0232;24.0529;24.0826;24.1138;24.1465;24.1807;24.1806;24.1461;24.0758;23.9697;23.8278;23.6859;23.5191;23.3273;23.1105;22.8689;22.6023;22.3095;21.9905;21.6453;21.3163;21.0035;20.7331;20.505;20.3193;20.1336;19.9156;19.6653;19.3828;19.068;18.7209;18.3778;18.0388;17.7038;17.3727;17.0519;16.7373;16.4288;16.1265;15.8304;15.5344;15.3296;15.18;15.0855;15.0461;15.0618;15.0412;15.0206;15",0.236586,"0;0.79;0.21"
1.25557,0.277645,1.13899,"1;1.02571;1.05142;1.07714;1.10285;1.12856;1.15044;1.16848;1.18269;1.19306;1.19959;1.20613;1.21266;1.22326;1.23792;1.25664;1.27942;1.30626;1.3331;1.35994;1.3839;1.40499;1.42319;1.43851;1.45096;1.4634;1.47584;1.42355;1.30651;1.24601;1.24205;1.29463;1.46849;1.76082;2.05035;2.33706;2.62097;2.90207;3.18318;3.46428;3.73997;4.01024;4.27509;4.53453;4.78855;5.04257;5.29659;5.45439;5.51597;5.48133;5.35047;5.12339;4.8963;4.66922;4.46682;4.28909;4.13605;4.00768;3.904;3.81604;3.74382;3.68732;3.64655;3.62151;3.59647;3.59448;3.61554;3.65964;3.73123;3.8303;3.93381;4.04176;4.15414;4.26653;4.41473;4.59876;4.8186;5.07426;5.36574;5.59402;5.7591;5.86097;5.89964;5.87511;5.90789;5.99796;6.14534;6.35003;6.61202;6.874;7.08228;7.23684;7.3377;7.38484;7.37827;7.37171;7.41055;7.49481;7.62447;7.79955;8.02004;8.16756;8.24211;8.2437;8.17231;8.02796;7.8836;7.77915;7.71458;7.68992;7.70515;7.76027;7.79508;7.80956;7.80373;7.77758;7.7311;7.73258;7.78199;7.87936;8.02467;8.21901;8.41443;8.61093;8.80851;9.00718;9.20585;9.40452;9.59947;9.79072;9.97825;10.1801;10.3963;10.6306;10.8829;11.1532;11.4089;11.65;11.8765;12.0884;12.2856;12.4829;12.6004;12.6381;12.596;12.5404;12.471;12.4678;12.5308;12.6598;12.7888;12.942;13.1193;13.3207;13.5463;13.8088;14.0842;14.3725;14.665;14.9617;15.2498;15.5293;15.8;16.0708;16.3416;16.5888;16.8124;17.0123;17.1887;17.3414;17.4941;17.6469;17.8135;17.9939;18.1882;18.3964;18.6184;18.8405;19.0625;19.2685;19.4583;19.6322;19.7899;19.9315;20.0732;20.2149;20.3239;20.4003;20.4441;20.4553;20.4339;20.4124;20.391;20.3696;20.3861;20.4406;20.533;20.6634;20.8317;21","15;15.2846;15.5691;15.8537;16.1382;16.4228;16.7075;16.9925;17.2777;17.5632;17.8488;18.1344;18.4201;18.7055;18.9906;19.2756;19.5603;19.8447;20.1292;20.4136;20.6983;20.9831;21.2682;21.5534;21.8388;22.1243;22.4097;22.6475;22.8375;22.9815;23.0796;23.1316;23.1854;23.2195;23.2324;23.2239;23.1941;23.143;23.0919;23.0407;23.026;23.0476;23.1057;23.2001;23.3308;23.4616;23.5924;23.7298;23.8739;24.0246;24.1819;24.3458;24.5098;24.6737;24.8585;25.0642;25.2906;25.538;25.8062;26.0745;26.3428;26.6112;26.8797;27.1483;27.4168;27.6904;27.9691;28.2528;28.5367;28.8207;29.0999;29.3742;29.6437;29.9131;30.1194;30.2627;30.3428;30.3598;30.3137;30.224;30.0906;29.9135;29.6928;29.4284;29.2365;29.1171;29.0702;29.0958;29.1938;29.2919;29.3152;29.2638;29.1377;28.9368;28.6612;28.3856;28.1255;27.8811;27.6522;27.4389;27.2411;27.0372;26.8271;26.6109;26.3884;26.1598;25.9312;25.6925;25.4439;25.1852;24.9165;24.6378;24.3614;24.0874;23.8156;23.5463;23.2792;23.0284;22.794;22.5759;22.374;22.2667;22.2375;22.2865;22.4137;22.619;22.8243;23.0297;23.2244;23.4086;23.5822;23.7028;23.7706;23.796;23.779;23.7198;23.63;23.5098;23.3591;23.1779;22.9663;22.7546;22.5475;22.3449;22.1468;21.9436;21.7351;21.5169;21.289;21.0514;20.8138;20.5878;20.3735;20.1708;19.9798;19.8519;19.7755;19.7507;19.7799;19.8633;19.9492;20.0378;20.1289;20.22;20.3112;20.3358;20.2939;20.1855;20.0106;19.7691;19.5276;19.2862;19.057;18.8402;18.6358;18.4436;18.2638;18.084;17.9041;17.7107;17.5035;17.2827;17.0483;16.8001;16.552;16.3039;16.0556;15.8071;15.5584;15.3095;15.0604;14.8113;14.5622;14.3132;14.1731;14.1422;14.2203;14.4075;14.7037;15",0.202864,"0;0.8;0.2"
0.888095,0.117508,0.590613,"1;1.15735;1.3147;1.47205;1.62941;1.78676;1.94411;2.10146;2.25881;2.42104;2.58815;2.76014;2.937;3.11875;3.30049;3.48223;3.66398;3.84572;4.02747;4.16936;4.27139;4.33356;4.35589;4.33835;4.32082;4.30328;4.28575;4.26821;4.25068;4.26653;4.31577;4.39839;4.5144;4.6638;4.8132;4.9626;5.112;5.26139;5.41079;5.54542;5.66526;5.77034;5.86064;5.93616;6.01168;6.08721;6.16273;6.23825;6.31378;6.41287;6.53554;6.68179;6.8516;7.04499;7.23838;7.43177;7.62516;7.81855;8.01194;8.13886;8.1993;8.19327;8.12078;7.98181;7.84284;7.70387;7.5649;7.42593;7.35092;7.33987;7.39279;7.50968;7.69052;7.87137;8.05199;8.23239;8.41257;8.59252;8.77225;8.95199;9.13172;9.31145;9.49118;9.62204;9.70402;9.73712;9.72135;9.6567;9.64222;9.67791;9.76377;9.8998;10.086;10.2722;10.4584;10.6446;10.8308;11.017;11.1804;11.3209;11.4387;11.5337;11.6059;11.678;11.7502;11.8223;11.923;12.0521;12.2096;12.3957;12.5998;12.7936;12.9771;13.1477;13.3055;13.4607;13.6134;13.7636;13.9134;14.0629;14.2121;14.3514;14.4807;14.6003;14.7104;14.8108;14.9112;14.9545;14.9406;14.8696;14.7414;14.5561;14.4432;14.4026;14.4343;14.5384;14.7148;14.8915;15.0685;15.2457;15.4232;15.6009;15.7787;15.9539;16.1266;16.2967;16.4642;16.6292;16.7942;16.9592;17.1242;17.2962;17.4751;17.6611;17.854;18.0539;18.2539;18.4538;18.6537;18.8536;19.0535;19.2488;19.4393;19.6251;19.8062;19.9827;20.1591;20.3355;20.5119;20.6884;20.8648;21.0125;21.1313;21.2214;21.2827;21.3152;21.3478;21.3803;21.4128;21.4453;21.4779;21.4981;21.506;21.5016;21.4849;21.4558;21.4268;21.3978;21.3688;21.3398;21.3107;21.2817;21.251;21.2187;21.1847;21.1491;21.1118;21.0746;21.0373;21","15;15.1235;15.2469;15.3704;15.4938;15.6173;15.7407;15.8642;15.9876;16.1031;16.2105;16.31;16.4015;16.485;16.5685;16.6519;16.7354;16.8189;16.9024;17.009;17.1388;17.2917;17.4678;17.667;17.8663;18.0655;18.2647;18.4639;18.6632;18.8491;19.0219;19.1813;19.3276;19.4605;19.5935;19.7265;19.8594;19.9924;20.1254;20.2688;20.4226;20.5869;20.7617;20.9469;21.1321;21.3173;21.5025;21.6876;21.8728;22.0312;22.1627;22.2674;22.3452;22.3962;22.4472;22.4982;22.5492;22.6002;22.6512;22.7157;22.7939;22.8856;22.9908;23.1096;23.2284;23.3473;23.4661;23.5849;23.6832;23.7608;23.818;23.8546;23.8706;23.8866;23.9066;23.9306;23.9586;23.9906;24.0265;24.0625;24.0985;24.1344;24.1704;24.2327;24.3213;24.4362;24.5775;24.7451;24.8933;25.0223;25.132;25.2223;25.2934;25.3644;25.4354;25.5065;25.5775;25.6485;25.6694;25.64;25.5604;25.4305;25.2505;25.0705;24.8904;24.7104;24.5687;24.4654;24.4006;24.374;24.3664;24.3392;24.2926;24.2662;24.2601;24.2939;24.3675;24.481;24.555;24.5895;24.5845;24.5267;24.4162;24.2923;24.1552;24.0047;23.8542;23.7137;23.5833;23.4628;23.3523;23.2518;23.1508;23.0493;22.9472;22.8447;22.7416;22.6402;22.5405;22.4423;22.3458;22.251;22.1561;22.0643;21.9755;21.8898;21.8072;21.7276;21.6479;21.5683;21.4887;21.4239;21.3739;21.3386;21.3182;21.3125;21.3069;21.3012;21.2956;21.2899;21.2843;21.2609;21.2198;21.1611;21.0846;20.9904;20.8962;20.802;20.7078;20.6136;20.5194;20.4046;20.2691;20.113;19.9363;19.739;19.5416;19.3443;19.147;18.9496;18.7523;18.5585;18.3683;18.1817;17.9986;17.8192;17.6397;17.4602;17.2807;17.1012;16.9217;16.7422;16.5525;16.3526;16.1425;15.9222;15.6916;15.4611;15.2305;15",0.0885291,"0;0.81;0.19"
1.24809,0.123516,1.04909,"1;1.28166;1.56332;1.84497;2.12663;2.40829;2.67253;2.91937;3.14879;3.3608;3.5554;3.74999;3.94459;4.1184;4.27143;4.40368;4.51513;4.60581;4.69648;4.78715;4.88865;5.00097;5.12411;5.25808;5.40287;5.54766;5.69245;5.83802;5.98436;6.13147;6.27936;6.42802;6.57668;6.72534;6.89319;7.08024;7.28648;7.48346;7.67118;7.83045;7.96127;8.06363;8.166;8.26836;8.37094;8.47372;8.57671;8.71669;8.89367;9.05632;9.20463;9.33862;9.42149;9.45325;9.52875;9.64799;9.81096;10.0177;10.2681;10.5294;10.8013;11.0841;11.3777;11.6317;11.8356;11.9892;12.0851;12.1234;12.1542;12.1777;12.1936;12.2096;12.2256;12.2931;12.4122;12.5829;12.8051;13.0789;13.3527;13.6264;13.9005;14.1748;14.4493;14.7242;14.9993;15.2743;15.5494;15.8265;16.1056;16.3866;16.6697;16.9547;17.2397;17.5248;17.8027;18.0734;18.337;18.5935;18.8429;19.0923;19.3416;19.591;19.8327;20.0668;20.2932;20.5119;20.723;20.9341;21.1452;21.3626;21.5862;21.8162;22.0524;22.295;22.5375;22.78;23.0226;23.2732;23.5318;23.7986;24.0734;24.3562;24.6391;24.922;25.1679;25.3769;25.5489;25.684;25.7822;25.8804;25.9785;26.0767;26.1694;26.2567;26.3386;26.415;26.486;26.557;26.628;26.6845;26.7267;26.7544;26.7677;26.7665;26.7654;26.7643;26.7631;26.7109;26.6074;26.4528;26.247;25.99;25.7331;25.4761;25.2221;24.971;24.7229;24.4777;24.2354;23.9932;23.76;23.536;23.3212;23.1154;22.9188;22.7164;22.5084;22.2946;22.0751;21.8498;21.6246;21.4421;21.3023;21.2052;21.1509;21.1393;21.1277;21.1161;21.1045;21.1279;21.1862;21.2795;21.4078;21.5711;21.7344;21.8977;21.9937;22.0225;21.9841;21.8784;21.7055;21.5326;21.3598;21.1869;21.0565;20.9687;20.9233;20.9205;20.9603;21","15;15.048;15.096;15.1439;15.1919;15.2399;15.3201;15.4326;15.5773;15.7542;15.9634;16.1726;16.3818;16.598;16.8211;17.0513;17.2884;17.5324;17.7765;18.0206;18.2651;18.51;18.7555;19.0013;19.2476;19.4939;19.7402;19.9861;20.2315;20.4764;20.7209;20.9648;21.2088;21.4528;21.6586;21.8262;21.9556;22.083;22.2083;22.3697;22.5672;22.8009;23.0346;23.2683;23.5063;23.7486;23.9951;24.1782;24.2978;24.3154;24.2309;24.0444;23.8236;23.5685;23.3888;23.2845;23.2555;23.3019;23.4237;23.5174;23.583;23.6205;23.6298;23.6689;23.7658;23.9206;24.1361;24.4124;24.6917;24.9739;25.2592;25.5445;25.8297;26.0743;26.2782;26.4413;26.5638;26.6455;26.7273;26.809;26.8898;26.9697;27.0487;27.1268;27.204;27.2812;27.3583;27.424;27.4783;27.521;27.5523;27.5721;27.592;27.6118;27.6312;27.6502;27.6689;27.6871;27.705;27.7228;27.7407;27.7585;27.7343;27.668;27.5596;27.4091;27.2166;27.024;26.8315;26.6896;26.5983;26.5577;26.5677;26.6284;26.689;26.7497;26.8103;26.8508;26.8711;26.8712;26.8512;26.8109;26.7707;26.7305;26.6523;26.5362;26.3821;26.1902;25.9602;25.7303;25.5004;25.2705;25.0312;24.7825;24.5245;24.2571;23.9804;23.7036;23.4269;23.1554;22.8894;22.6287;22.3733;22.1234;21.8734;21.6234;21.3734;21.1501;20.9535;20.7837;20.6406;20.5242;20.4078;20.2915;20.1674;20.0357;19.8962;19.7492;19.5944;19.4396;19.2753;19.1015;18.9182;18.7254;18.5231;18.3823;18.3028;18.2848;18.3282;18.433;18.5379;18.5718;18.5348;18.4269;18.2481;17.9984;17.7486;17.4989;17.2492;17.0025;16.7589;16.5183;16.2808;16.0463;15.8119;15.5774;15.3537;15.1408;14.9387;14.7473;14.5667;14.3861;14.2056;14.025;13.9473;13.9726;14.1008;14.3319;14.666;15",0.166395,"0;0.82;0.18"
1.19934,0.271071,0.558566,"1;1.22739;1.45478;1.68217;1.90957;2.13696;2.34888;2.54533;2.72632;2.89184;3.04188;3.19193;3.34198;3.51844;3.7213;3.95058;4.20627;4.48836;4.77046;5.05256;5.29048;5.48422;5.61808;5.69206;5.70616;5.70455;5.68723;5.66992;5.6526;5.64379;5.64347;5.65166;5.66835;5.71775;5.79137;5.88921;6.03326;6.22353;6.43579;6.67007;6.92634;7.18144;7.43538;7.68815;7.93975;8.19019;8.44062;8.68381;8.91976;9.14847;9.36992;9.58051;9.78746;9.99077;10.1905;10.3865;10.59;10.8009;11.0206;11.2491;11.4864;11.725;11.965;12.205;12.445;12.693;12.9491;13.2133;13.4855;13.7658;14.0166;14.238;14.4299;14.5924;14.7254;14.8584;14.9195;14.9088;14.8261;14.7648;14.725;14.7784;14.9252;15.1565;15.3791;15.5929;15.798;15.9944;16.1908;16.4;16.622;16.8569;17.1045;17.3649;17.6254;17.8858;18.1459;18.4055;18.6649;18.9265;19.1905;19.4572;19.7266;19.9987;20.2707;20.5428;20.8171;21.0935;21.372;21.6527;21.9356;22.2185;22.5013;22.7826;23.0623;23.3404;23.6169;23.8918;24.1668;24.4417;24.6891;24.909;25.1014;25.2663;25.4037;25.5411;25.6785;25.7446;25.7393;25.6628;25.5733;25.471;25.4271;25.4416;25.5146;25.6112;25.7314;25.8753;26.0428;26.2339;26.425;26.6161;26.7312;26.7702;26.7331;26.62;26.4295;26.2376;26.0444;25.8498;25.6702;25.5069;25.3359;25.1573;25.0368;24.958;24.9211;24.9498;25.0443;25.1388;25.2509;25.3806;25.5279;25.6927;25.8752;26.0577;26.2402;26.3753;26.4631;26.5035;26.4966;26.4278;26.3444;26.2465;26.1341;26.0072;25.8802;25.7532;25.5951;25.4056;25.185;24.9389;24.6674;24.4017;24.1417;23.8876;23.6335;23.3793;23.1228;22.8639;22.6027;22.339;22.073;21.8386;21.6357;21.4643;21.3246;21.2164;21.1082;21","15;15.173;15.346;15.519;15.692;15.865;16.052;16.253;16.4681;16.6972;16.9404;17.1835;17.4266;17.6121;17.7399;17.8099;17.8223;17.777;17.7316;17.6863;17.6965;17.7622;17.894;18.0918;18.3556;18.6299;18.9147;19.1995;19.4843;19.7615;20.0311;20.2931;20.5476;20.6909;20.7306;20.6669;20.5601;20.4103;20.3209;20.2921;20.3238;20.3363;20.3296;20.3036;20.2585;20.1941;20.1297;20.1142;20.1475;20.2296;20.3606;20.5381;20.7132;20.8858;21.0561;21.224;21.3839;21.5359;21.6853;21.8321;21.9764;22.126;22.2811;22.4361;22.5912;22.717;22.8136;22.8809;22.919;22.9278;22.8814;22.7798;22.6229;22.4107;22.1433;21.8759;21.6936;21.5964;21.5843;21.6122;21.68;21.7028;21.6804;21.5854;21.4629;21.3129;21.1355;20.9306;20.7256;20.5693;20.4615;20.4023;20.3917;20.4297;20.4676;20.5056;20.5355;20.5574;20.5713;20.595;20.6286;20.68;20.7493;20.8365;20.9237;21.0109;21.0887;21.1571;21.2162;21.2658;21.3061;21.3463;21.3865;21.4152;21.4322;21.4376;21.4314;21.4136;21.3958;21.378;21.3137;21.2028;21.0454;20.8414;20.5909;20.3403;20.0898;19.9261;19.8492;19.859;19.8661;19.8705;19.7855;19.6109;19.3468;19.0953;18.8564;18.63;18.4162;18.215;18.0138;17.8126;17.6057;17.3932;17.1749;16.9511;16.7388;16.544;16.3665;16.2063;16.1399;16.1499;16.1715;16.2047;16.2151;16.1264;15.9385;15.7165;15.4601;15.2038;14.9548;14.7131;14.4787;14.2515;14.0317;13.8118;13.592;13.3547;13.1;12.8279;12.5384;12.3407;12.2522;12.273;12.403;12.6422;12.8814;13.1206;13.2832;13.3693;13.3788;13.338;13.2469;13.1821;13.1435;13.1312;13.119;13.1067;13.1096;13.1276;13.1607;13.209;13.2724;13.3872;13.5533;13.7707;14.0396;14.3597;14.6799;15",0.193038,"0;0.83;0.17"
1.33384,0.120311,1.53457,"1;1.02247;1.04493;1.0674;1.08987;1.11234;1.14272;1.18103;1.22725;1.2814;1.34346;1.40552;1.46758;1.55067;1.65478;1.77992;1.92609;2.09328;2.26046;2.42765;2.54393;2.60929;2.62374;2.58728;2.4999;2.41252;2.32514;2.25668;2.20714;2.17652;2.16481;2.17203;2.17924;2.18645;2.23484;2.32441;2.45515;2.62707;2.84017;3.05326;3.26636;3.49019;3.72477;3.9701;4.22616;4.49297;4.75978;4.9419;5.03932;5.05206;4.9801;4.82346;4.66681;4.51016;4.44082;4.45879;4.56406;4.75663;5.03652;5.3164;5.59541;5.87354;6.15079;6.42718;6.70268;6.97819;7.2537;7.5381;7.83139;8.13358;8.44466;8.76464;9.08461;9.39732;9.70277;10.001;10.2919;10.5755;10.8592;11.1201;11.3582;11.5736;11.7662;11.936;12.1058;12.2961;12.5069;12.7382;12.9899;13.2621;13.5343;13.8065;14.0658;14.3121;14.5455;14.7659;14.9734;15.1809;15.4067;15.6508;15.9131;16.1937;16.4926;16.7915;17.0318;17.2135;17.3367;17.4014;17.4074;17.4256;17.4559;17.4983;17.5528;17.6195;17.6861;17.8024;17.9684;18.1841;18.4494;18.705;18.9011;19.0377;19.1149;19.1326;19.2028;19.3253;19.5002;19.7275;19.9943;20.2482;20.4892;20.7173;20.9326;21.0659;21.1173;21.0868;20.9744;20.7801;20.5859;20.3916;20.1941;19.9933;19.7894;19.5822;19.3718;19.15;18.9167;18.7481;18.6442;18.605;18.6418;18.6773;18.6353;18.5157;18.3187;18.0441;17.7695;17.4949;17.3106;17.2166;17.2128;17.2994;17.4763;17.6532;17.7962;17.9055;17.981;18.0228;18.0265;18.0261;18.0216;18.0128;17.9999;17.9369;17.8238;17.7663;17.7643;17.818;17.9774;18.2426;18.5077;18.7728;19.0438;19.3206;19.6033;19.8918;20.1862;20.4865;20.7927;21.1048;21.4228;21.7468;22.0708;22.2612;22.3181;22.2415;22.0312;21.6875;21.3437;21","15;15.2848;15.5697;15.8545;16.1393;16.4241;16.7078;16.9902;17.2715;17.5516;17.8305;18.1094;18.3883;18.6577;18.9177;19.1683;19.4094;19.6411;19.8728;20.1045;20.3443;20.5921;20.848;21.1119;21.384;21.656;21.928;22.2028;22.4802;22.7604;23.0433;23.3289;23.6146;23.9002;24.1667;24.4142;24.6427;24.8521;25.0424;25.2327;25.423;25.6153;25.8094;26.0054;26.2033;26.4031;26.6029;26.8106;27.026;27.2493;27.4804;27.7194;27.9583;28.1973;28.4246;28.6404;28.8446;29.0373;29.2183;29.3993;29.529;29.6074;29.6344;29.6101;29.5344;29.4587;29.383;29.3411;29.3331;29.3588;29.4184;29.5119;29.6053;29.6773;29.7279;29.7571;29.7649;29.7512;29.7376;29.7841;29.8906;30.0573;30.284;30.5708;30.8576;31.0697;31.2071;31.2698;31.2577;31.1709;31.084;30.9972;30.8869;30.7531;30.5957;30.4148;30.2105;30.0061;29.8636;29.783;29.7644;29.8077;29.9129;30.0181;30.0433;29.9884;29.8536;29.6387;29.3438;29.0426;28.735;28.4211;28.1008;27.7742;27.4476;27.1681;26.9356;26.7503;26.612;26.4727;26.2852;26.0495;25.7657;25.4337;25.173;24.9836;24.8656;24.8188;24.7961;24.726;24.6087;24.4441;24.2322;24.0208;23.8099;23.5994;23.3895;23.18;22.9705;22.761;22.5455;22.324;22.0965;21.8631;21.6236;21.481;21.4352;21.3765;21.3048;21.22;21.0254;20.7679;20.5573;20.3937;20.2771;20.2075;20.1378;20.0682;19.9602;19.8138;19.629;19.4058;19.1442;18.8826;18.6085;18.3217;18.0224;17.7105;17.3889;17.07;16.754;16.4408;16.1305;15.8463;15.5883;15.3711;15.1947;15.0591;14.938;14.8316;14.7251;14.6186;14.5558;14.5368;14.5616;14.63;14.7422;14.8355;14.9098;14.9652;15.0017;15.0192;15.0368;15.0479;15.0527;15.0511;15.0431;15.0287;15.0144;15",0.225585,"0;0.84;0.16"
0.993221,0.0888704,0.795529,"1;1.01664;1.03329;1.04993;1.06657;1.08321;1.09986;1.1165;1.15121;1.204;1.27485;1.36378;1.47078;1.57777;1.68477;1.79176;1.89876;2.02873;2.18166;2.35757;2.55644;2.77828;3.00012;3.22196;3.4438;3.66565;3.86087;4.02946;4.17144;4.28679;4.37552;4.46426;4.55299;4.64172;4.73045;4.82168;4.91542;5.01165;5.11039;5.21162;5.31286;5.4141;5.51534;5.61658;5.70069;5.76767;5.81754;5.85027;5.86588;5.88149;5.89711;5.91272;5.92833;5.92678;5.90809;5.87223;5.81922;5.74906;5.6789;5.60873;5.53857;5.46841;5.44851;5.47887;5.5595;5.6904;5.87156;6.05272;6.23388;6.41504;6.5962;6.76375;6.9177;7.05803;7.18475;7.29787;7.41099;7.5241;7.63722;7.75033;7.88524;8.04193;8.2204;8.42066;8.64271;8.86476;9.08681;9.30885;9.5309;9.74765;9.9591;10.1652;10.3661;10.5616;10.7572;10.9528;11.1483;11.3439;11.5444;11.75;11.9605;12.1761;12.3966;12.6172;12.8378;13.0583;13.2789;13.4541;13.5839;13.6683;13.7074;13.7011;13.6947;13.6884;13.6821;13.7047;13.7561;13.8365;13.9458;14.084;14.2221;14.3663;14.5164;14.6724;14.8344;15.0024;15.1703;15.3383;15.5062;15.6368;15.7299;15.7855;15.8037;15.7845;15.7653;15.7461;15.7269;15.7076;15.7315;15.7986;15.9087;16.062;16.2584;16.4548;16.6028;16.7025;16.7537;16.8035;16.8518;16.9469;17.0889;17.2778;17.4667;17.6556;17.8445;18.0334;18.2112;18.3779;18.5336;18.6523;18.7761;18.9161;19.0723;19.2447;19.4592;19.6738;19.8883;20.1029;20.3174;20.4988;20.6471;20.7622;20.8442;20.893;20.9418;20.9907;21.0395;21.0606;21.0538;21.0194;20.9572;20.8672;20.7772;20.6872;20.625;20.5905;20.5839;20.605;20.6539;20.7028;20.7517;20.8006;20.8495;20.8908;20.9243;20.9502;20.9684;20.9789;20.9895;21","15;15.2216;15.4432;15.6648;15.8864;16.108;16.3296;16.5512;16.7674;16.9783;17.1838;17.3839;17.5787;17.7735;17.9682;18.163;18.3578;18.511;18.6226;18.6927;18.7213;18.7083;18.6953;18.6823;18.6693;18.6563;18.6867;18.7603;18.8774;19.0378;19.2415;19.4453;19.649;19.8527;20.0565;20.259;20.4604;20.6606;20.8596;21.0574;21.2552;21.4531;21.6509;21.8487;22.0513;22.2587;22.4708;22.6877;22.9094;23.131;23.3527;23.5744;23.7961;24.0156;24.2329;24.4481;24.6611;24.872;25.0828;25.2937;25.5045;25.7154;25.9098;26.0878;26.2494;26.3945;26.5232;26.6519;26.7806;26.9093;27.038;27.1054;27.1116;27.0565;26.9401;26.7625;26.5849;26.4072;26.2296;26.052;25.9116;25.8086;25.7428;25.7143;25.7231;25.7319;25.7407;25.7495;25.7583;25.7865;25.834;25.9009;25.9871;26.0926;26.1982;26.3038;26.4093;26.5149;26.5939;26.6464;26.6723;26.6718;26.6447;26.6176;26.5905;26.5634;26.5363;26.4726;26.3723;26.2354;26.0619;25.8518;25.6417;25.4316;25.2215;25.0213;24.831;24.6506;24.4801;24.3195;24.1588;24.0547;24.0071;24.016;24.0814;24.2033;24.3252;24.4472;24.5691;24.6256;24.6168;24.5425;24.4029;24.1979;23.993;23.788;23.583;23.378;23.2085;23.0744;22.9758;22.9126;22.8849;22.8573;22.7928;22.6916;22.5537;22.3983;22.2253;22.0715;21.937;21.8216;21.7063;21.5909;21.4756;21.3603;21.3007;21.297;21.3491;21.4153;21.4979;21.5409;21.5445;21.5085;21.4747;21.4408;21.407;21.3732;21.3394;21.2678;21.1585;21.0114;20.8266;20.604;20.3814;20.1588;19.9362;19.7171;19.5014;19.2891;19.0803;18.8749;18.6695;18.4641;18.2592;18.0549;17.8512;17.648;17.4454;17.2427;17.0401;16.8374;16.6348;16.4235;16.2035;15.9749;15.7377;15.4918;15.2459;15",0.100629,"0;0.85;0.15"
1.25248,0.147858,1.04555,"1;1.20538;1.41075;1.61613;1.82151;2.02689;2.14093;2.16363;2.09501;1.93504;1.68374;1.43244;1.25867;1.16243;1.14371;1.20252;1.33886;1.40133;1.38992;1.30465;1.1455;0.971248;0.855756;0.799026;0.801058;0.861853;0.922648;0.983443;1.08174;1.21753;1.39082;1.60161;1.8499;2.09819;2.34648;2.58639;2.81793;3.0411;3.25588;3.4623;3.66871;3.87512;3.99579;4.0307;3.97987;3.84328;3.62095;3.41964;3.23934;3.08006;2.94179;2.82454;2.70729;2.59004;2.4836;2.38796;2.30313;2.2291;2.16588;2.10266;2.03943;2.04234;2.11136;2.24651;2.44778;2.71517;2.98257;3.24996;3.4875;3.69518;3.873;4.02097;4.13908;4.25719;4.39187;4.54311;4.71092;4.8953;5.09625;5.28107;5.44976;5.60233;5.73877;5.85908;5.97939;6.09971;6.2504;6.43148;6.64294;6.88478;7.11176;7.29349;7.42998;7.56039;7.68474;7.84825;8.05093;8.29278;8.53464;8.76369;8.97994;9.18338;9.37402;9.55185;9.72969;9.88913;10.0302;10.1528;10.2571;10.343;10.4288;10.5147;10.6334;10.785;10.9695;11.1868;11.437;11.6872;11.9374;12.1923;12.4521;12.7167;12.986;13.2601;13.4927;13.6838;13.8333;13.9414;14.0079;14.0744;14.1543;14.2716;14.4262;14.618;14.8471;15.1001;15.2887;15.4131;15.4731;15.4689;15.4004;15.3319;15.3341;15.407;15.5507;15.7651;16.0503;16.3354;16.6206;16.9065;17.1933;17.4808;17.7692;18.0583;18.3047;18.5082;18.669;18.787;18.8623;18.9375;19.043;19.1788;19.3448;19.5412;19.7678;19.9944;20.221;20.4138;20.5728;20.698;20.7894;20.847;20.9098;20.9777;21.0507;21.1289;21.2123;21.2308;21.1844;21.0732;20.8971;20.6561;20.442;20.2548;20.0945;19.933;19.7704;19.6349;19.5265;19.4453;19.4191;19.4481;19.4772;19.559;19.6935;19.8809;20.1211;20.4141;20.707;21","15;15.1986;15.3973;15.5959;15.7945;15.9931;16.1727;16.3332;16.4747;16.5972;16.7005;16.8039;16.9385;17.1042;17.3011;17.5292;17.7885;18.0303;18.2546;18.4615;18.651;18.8444;19.0593;19.2956;19.5533;19.8325;20.1116;20.3908;20.6424;20.8665;21.063;21.2319;21.3733;21.5146;21.656;21.8086;21.9724;22.1475;22.3338;22.5314;22.7289;22.9265;23.112;23.2853;23.4466;23.5958;23.7329;23.8947;24.0812;24.2923;24.5282;24.7887;25.0493;25.3098;25.574;25.8418;26.1132;26.3882;26.6668;26.9455;27.2241;27.4595;27.6516;27.8005;27.9062;27.9686;28.031;28.0934;28.0941;28.0331;27.9104;27.726;27.4799;27.2338;26.9914;26.7526;26.5174;26.2859;26.058;25.8244;25.5849;25.3396;25.0885;24.8316;24.5747;24.3178;24.1389;24.0379;24.0149;24.07;24.1161;24.0755;23.948;23.762;23.5174;23.301;23.1129;22.9529;22.793;22.7139;22.7156;22.7981;22.9615;23.2056;23.4497;23.6995;23.955;24.2161;24.483;24.7555;25.028;25.3005;25.5441;25.7589;25.9448;26.1018;26.23;26.3582;26.4863;26.5978;26.6926;26.7706;26.832;26.8767;26.8597;26.7809;26.6403;26.4381;26.174;25.91;25.6301;25.394;25.2018;25.0535;24.9491;24.9045;24.8159;24.6834;24.507;24.2867;24.0225;23.7582;23.5504;23.399;23.304;23.2654;23.2833;23.3011;23.319;23.3173;23.2961;23.2554;23.1952;23.1155;22.9951;22.8342;22.6326;22.3903;22.1075;21.8246;21.5699;21.3433;21.1447;20.9744;20.8321;20.6898;20.5476;20.3829;20.1957;19.986;19.7539;19.4994;19.2411;18.9792;18.7136;18.4443;18.1713;17.9105;17.6619;17.4256;17.2015;16.9896;16.7711;16.5458;16.3137;16.1439;16.0363;15.9173;15.7869;15.6452;15.4231;15.1207;14.8183;14.6078;14.4893;14.4628;14.5281;14.6854;14.8427;15",0.128924,"0;0.86;0.14"
1.08556,0.19052,0.911786,"1;1.01594;1.03188;1.04782;1.06376;1.0797;1.09564;1.15237;1.24988;1.38819;1.56728;1.78717;2.00705;2.22693;2.44682;2.66717;2.88799;3.10927;3.33102;3.55324;3.77545;3.99767;4.21989;4.44211;4.6286;4.77939;4.89445;4.97379;5.01742;5.06105;5.10467;5.1483;5.22494;5.33459;5.47726;5.65294;5.86164;6.07033;6.27902;6.48772;6.69641;6.85093;6.95125;6.9974;6.98936;6.92713;6.86491;6.80268;6.74046;6.71332;6.72126;6.76429;6.84239;6.95558;7.06878;7.18197;7.29516;7.40835;7.45717;7.44163;7.36171;7.21743;7.00878;6.80013;6.59149;6.38284;6.20383;6.05446;5.93473;5.84464;5.78419;5.72374;5.66329;5.60283;5.54238;5.51299;5.51466;5.54738;5.61117;5.70601;5.80086;5.8957;5.99054;6.11043;6.25535;6.42531;6.62031;6.84035;7.06039;7.28043;7.50047;7.72051;7.94101;8.16197;8.38338;8.60526;8.8276;9.04994;9.27228;9.44803;9.57719;9.65976;9.69574;9.68513;9.67452;9.66391;9.70066;9.78477;9.91623;10.0951;10.3212;10.5474;10.7736;10.9387;11.0426;11.0854;11.0671;10.9877;10.9083;10.8289;10.7494;10.7104;10.7116;10.7532;10.8352;10.9575;11.0798;11.2021;11.3359;11.4812;11.6381;11.8065;11.9864;12.1664;12.3463;12.5296;12.7163;12.9063;13.0997;13.2965;13.4882;13.6749;13.8566;14.0333;14.205;14.3766;14.5051;14.5904;14.6326;14.6316;14.6127;14.6191;14.6508;14.7077;14.79;14.8723;14.9545;15.0368;15.1489;15.2909;15.4628;15.6646;15.8962;16.1252;16.3515;16.5752;16.7962;17.0148;17.2334;17.4522;17.6711;17.8902;18.1092;18.3282;18.5472;18.7644;18.9796;19.1929;19.4044;19.6139;19.8234;20.033;20.2425;20.4521;20.6471;20.8278;20.9939;21.1456;21.2828;21.42;21.5572;21.6944;21.7719;21.7896;21.7476;21.6459;21.4844;21.3229;21.1615;21","15;15.2495;15.499;15.7485;15.998;16.2475;16.4969;16.7203;16.9176;17.0888;17.2338;17.3528;17.4718;17.5907;17.7097;17.8052;17.8771;17.9256;17.9506;17.9521;17.9536;17.9551;17.9566;17.958;18.0085;18.1078;18.2561;18.4534;18.6995;18.9457;19.1918;19.438;19.6502;19.8284;19.9727;20.083;20.1594;20.2357;20.3121;20.3884;20.4648;20.5743;20.717;20.8928;21.1017;21.3439;21.586;21.8281;22.0703;22.3022;22.524;22.7356;22.937;23.1282;23.3195;23.5107;23.7019;23.8932;24.0737;24.2435;24.4027;24.5511;24.6888;24.8265;24.9642;25.1019;25.2549;25.4231;25.6064;25.8051;26.0189;26.2327;26.4466;26.6604;26.8743;27.0916;27.3124;27.5368;27.7646;27.9959;28.2272;28.4585;28.6898;28.8687;28.995;29.0689;29.0903;29.0592;29.0282;28.9971;28.966;28.935;28.8938;28.8425;28.7811;28.7095;28.6279;28.5462;28.4646;28.3541;28.2147;28.0466;27.8495;27.6236;27.3977;27.1718;26.9836;26.8331;26.7203;26.6451;26.6077;26.5702;26.5327;26.4574;26.3442;26.1932;26.0043;25.7775;25.5508;25.324;25.0973;24.8718;24.6477;24.425;24.2035;23.9834;23.7633;23.5432;23.3958;23.3211;23.319;23.3896;23.5329;23.6762;23.8195;23.9119;23.9533;23.9437;23.8832;23.7717;23.6505;23.5197;23.3792;23.229;23.0691;22.9092;22.7305;22.533;22.3167;22.0815;21.8375;21.6034;21.3793;21.1652;20.961;20.7568;20.5526;20.3485;20.1699;20.0168;19.8894;19.7875;19.7113;19.6524;19.611;19.587;19.5805;19.5651;19.5235;19.4555;19.3613;19.2407;19.1202;18.9997;18.8791;18.7679;18.666;18.5734;18.4901;18.4161;18.3421;18.2681;18.1941;18.1201;18.0191;17.8911;17.7361;17.5542;17.3452;17.1362;16.9272;16.7182;16.5077;16.2956;16.082;15.8668;15.6501;15.4334;15.2167;15",0.132261,"0;0.87;0.13"
0.936819,0.297793,0.446949,"1;0.981186;0.962371;0.943557;0.924742;0.905928;0.887113;0.868299;0.849484;0.863688;0.91091;0.991151;1.10441;1.25069;1.39696;1.54324;1.68952;1.8358;1.98207;2.09936;2.18765;2.24695;2.27725;2.27857;2.27988;2.28119;2.28251;2.28382;2.28513;2.32188;2.39406;2.50882;2.66616;2.86608;3.07313;3.28733;3.50154;3.71574;3.92994;4.14414;4.35535;4.56358;4.76883;4.97108;5.17035;5.36962;5.5689;5.76817;5.96742;6.16667;6.3659;6.56513;6.76433;6.96354;7.16275;7.36196;7.50568;7.59391;7.62664;7.60389;7.52565;7.45171;7.38209;7.36583;7.40293;7.4934;7.63292;7.8215;8.01007;8.19865;8.38723;8.57819;8.77153;8.96725;9.16693;9.37056;9.57576;9.78253;9.99087;10.1543;10.2729;10.3466;10.3754;10.4002;10.466;10.5727;10.7203;10.9089;11.0974;11.286;11.4746;11.6631;11.8388;12.0016;12.1516;12.2887;12.413;12.5372;12.6614;12.7857;12.9283;13.0893;13.2687;13.4665;13.6826;13.8988;14.115;14.3311;14.5311;14.7149;14.8752;15.012;15.1252;15.2312;15.3298;15.4284;15.5348;15.649;15.7709;15.9006;16.0381;16.1756;16.313;16.4611;16.6198;16.7892;16.9691;17.1597;17.3502;17.5408;17.7314;17.9219;18.1125;18.2975;18.4769;18.6508;18.8186;18.9803;19.1416;19.3024;19.4627;19.623;19.7833;19.9087;19.9991;20.0546;20.0659;20.033;19.9909;19.9396;19.8791;19.8186;19.7327;19.6215;19.4849;19.323;19.1357;18.9485;18.7612;18.5739;18.4215;18.3038;18.221;18.173;18.1597;18.1465;18.122;18.0862;18.0391;17.9807;17.9111;17.8414;17.7717;17.7567;17.7964;17.8907;18.0397;18.2297;18.4061;18.5689;18.7181;18.8536;18.9891;19.1247;19.2602;19.3764;19.4731;19.5503;19.6082;19.6466;19.685;19.7234;19.7941;19.8972;20.0325;20.2001;20.4001;20.6001;20.8;21","15;15.1991;15.3982;15.5973;15.7965;15.9956;16.1947;16.3938;16.5929;16.7795;16.9535;17.115;17.2639;17.4003;17.5367;17.6731;17.8095;17.9459;18.0823;18.2314;18.3932;18.5678;18.755;18.955;19.155;19.355;19.555;19.755;19.955;20.1002;20.1905;20.247;20.2697;20.2587;20.2687;20.2997;20.3308;20.3619;20.3929;20.424;20.4561;20.4891;20.5231;20.558;20.594;20.6299;20.6659;20.7018;20.7212;20.7239;20.7101;20.6796;20.6326;20.5855;20.5385;20.4915;20.4907;20.5362;20.6279;20.7659;20.9501;21.1421;21.3418;21.5146;21.6605;21.7795;21.8639;21.9137;21.9635;22.0134;22.0632;22.0783;22.0586;22.0042;21.9522;21.9025;21.8898;21.9143;21.9758;22.0697;22.1962;22.3552;22.5466;22.7143;22.8257;22.8808;22.8797;22.8224;22.765;22.7076;22.6502;22.5929;22.5164;22.4207;22.306;22.1721;22.0191;21.8661;21.7131;21.56;21.4437;21.3639;21.3209;21.3144;21.3447;21.3749;21.4051;21.4353;21.4383;21.4141;21.3459;21.2336;21.0773;20.9042;20.7142;20.5242;20.3378;20.155;19.9758;19.8002;19.6283;19.4563;19.2843;19.1589;19.0799;19.0476;19.0617;19.1225;19.1832;19.2439;19.3046;19.3653;19.426;19.456;19.4553;19.424;19.3543;19.2464;19.1309;19.0078;18.8772;18.7465;18.6158;18.4642;18.2917;18.0983;17.8883;17.6617;17.4394;17.2215;17.0079;16.7943;16.6089;16.4517;16.3228;16.2221;16.1495;16.077;16.0045;15.932;15.8308;15.701;15.5425;15.3554;15.1396;14.9238;14.712;14.5042;14.3004;14.1006;13.9049;13.7091;13.5133;13.3479;13.2128;13.1081;13.0337;13.0273;13.0586;13.1275;13.2341;13.3784;13.5227;13.667;13.8113;13.9682;14.1377;14.3199;14.5147;14.7222;14.9296;15.137;15.2846;15.3722;15.4;15.3679;15.2759;15.184;15.092;15",0.228181,"0;0.88;0.12"
1.09578,0.23061,0.226428,"1;1.19223;1.38446;1.57669;1.76892;1.96116;2.15339;2.29429;2.38386;2.4221;2.40901;2.3446;2.28018;2.21576;2.15135;2.14467;2.19572;2.30451;2.47104;2.6953;2.91956;3.13429;3.33948;3.53514;3.72127;3.89787;4.07446;4.25106;4.42765;4.60886;4.79468;4.98512;5.18016;5.37982;5.57948;5.77914;5.9788;6.17981;6.38215;6.58585;6.79088;6.99726;7.20364;7.41002;7.6164;7.82854;8.04643;8.27007;8.49946;8.73461;8.96976;9.2049;9.44005;9.67404;9.90686;10.1385;10.369;10.5984;10.8277;11.0571;11.2864;11.5163;11.7468;11.9778;12.2095;12.4417;12.6738;12.906;13.1382;13.3589;13.5681;13.7657;13.9518;14.1264;14.301;14.4755;14.6501;14.8372;15.0367;15.2487;15.4731;15.71;15.9469;16.1838;16.4208;16.6333;16.8216;16.9939;17.1503;17.2908;17.3884;17.4432;17.4468;17.3993;17.3005;17.2017;17.103;17.0042;16.8859;16.748;16.5906;16.4137;16.2172;16.0207;15.8242;15.7112;15.6817;15.7357;15.8733;16.0943;16.3178;16.544;16.7726;17.0039;17.2377;17.4715;17.6502;17.7738;17.8424;17.8559;17.8144;17.7728;17.7366;17.7058;17.6804;17.6605;17.6459;17.6313;17.6167;17.6021;17.5936;17.5912;17.5948;17.6045;17.6204;17.6362;17.652;17.6678;17.7207;17.8108;17.938;18.1023;18.3038;18.4999;18.6501;18.7544;18.8128;18.8253;18.8467;18.9174;19.0375;19.207;19.4258;19.6446;19.8634;20.0823;20.2985;20.5122;20.7234;20.932;21.1228;21.2986;21.4592;21.6046;21.7349;21.8652;22.0132;22.179;22.3625;22.5638;22.7827;23.0017;23.2207;23.4397;23.607;23.7226;23.7866;23.799;23.7596;23.7203;23.681;23.5983;23.4723;23.303;23.1363;22.9721;22.8539;22.7816;22.7552;22.7289;22.7025;22.6343;22.5242;22.3722;22.1784;21.9427;21.7071;21.4714;21.2357;21","15;14.8402;14.6803;14.5205;14.3607;14.2008;14.041;13.8648;13.6723;13.4634;13.2382;12.9966;12.7551;12.5135;12.272;12.0691;11.9048;11.7792;11.6923;11.6441;11.5958;11.5218;11.422;11.2966;11.1453;10.9684;10.7914;10.6145;10.4375;10.2658;10.0995;9.93843;9.78268;9.63223;9.48177;9.33132;9.18087;9.03229;8.88558;8.74074;8.59778;8.45669;8.31559;8.1745;8.03341;7.90356;7.78495;7.67758;7.58145;7.49657;7.41168;7.32679;7.24191;7.1541;7.06336;6.9697;6.87311;6.7736;6.67409;6.57458;6.47506;6.37692;6.28015;6.18475;6.09072;5.99805;5.90539;5.81273;5.72007;5.61015;5.48297;5.33854;5.17685;4.99791;4.81897;4.64002;4.46108;4.30196;4.16266;4.04319;3.94353;3.8637;3.78388;3.70405;3.62422;3.59936;3.62947;3.71321;3.85059;4.04161;4.23954;4.44441;4.65755;4.87894;5.10861;5.33827;5.56794;5.7976;6.01423;6.21784;6.40841;6.58595;6.75046;6.91498;7.07949;7.18781;7.23993;7.23585;7.17558;7.05911;6.97805;6.9324;6.92216;6.94732;7.0079;7.06847;7.16731;7.30441;7.47978;7.6934;7.94529;8.19718;8.44336;8.68384;8.91861;9.14768;9.37103;9.59439;9.81775;10.0411;10.2697;10.5035;10.7426;10.9868;11.2363;11.4858;11.7353;11.9848;12.207;12.402;12.5696;12.71;12.8231;12.8678;12.8399;12.7392;12.5659;12.3199;12.1279;11.9945;11.9195;11.903;11.945;11.9869;12.0289;12.0709;12.0996;12.1151;12.1173;12.1063;12.1298;12.2012;12.3204;12.4874;12.7023;12.9172;13.065;13.1457;13.1592;13.1057;12.9851;12.8645;12.7438;12.6232;12.5726;12.592;12.6815;12.841;13.0704;13.2999;13.5294;13.7094;13.8397;13.9206;14.003;14.0872;14.2225;14.4091;14.6468;14.8846;15.1223;15.2955;15.4039;15.4478;15.427;15.3416;15.2562;15.1708;15.0854;15",0.170982,"0;0.89;0.11"
1.10989,0.262167,0.968871,"1;1.24962;1.49923;1.74885;1.99847;2.24808;2.4977;2.74381;2.98641;3.2255;3.46108;3.69315;3.92523;4.1573;4.38937;4.58093;4.73199;4.84253;4.91256;4.94208;4.9716;5.00112;5.03065;5.10141;5.21341;5.36666;5.56114;5.79687;5.98835;6.13558;6.23856;6.29728;6.31176;6.32624;6.34072;6.35521;6.41519;6.52067;6.67165;6.86813;7.11011;7.3521;7.58293;7.80261;8.01114;8.20852;8.39475;8.57027;8.73508;8.88918;9.03257;9.16526;9.29794;9.43062;9.56331;9.71416;9.88318;10.0628;10.2531;10.454;10.6473;10.8331;11.0189;11.2047;11.3838;11.5562;11.722;11.881;12.0333;12.1857;12.338;12.4904;12.6296;12.7556;12.8685;12.9682;13.0548;13.1414;13.228;13.3145;13.4267;13.5643;13.7275;13.9163;14.1306;14.3449;14.5592;14.7735;14.9418;15.0643;15.1408;15.1714;15.1561;15.1408;15.1255;15.1101;15.136;15.2031;15.3113;15.4608;15.6514;15.842;16.0327;16.2233;16.4139;16.6164;16.8307;17.0568;17.2947;17.5444;17.7941;18.0438;18.2936;18.5372;18.7748;19.0063;19.2318;19.4512;19.6706;19.89;20.1094;20.3288;20.531;20.7161;20.8841;21.035;21.1687;21.3024;21.4361;21.5698;21.717;21.8776;22.0517;22.2392;22.4402;22.6412;22.8421;23.0431;23.2441;23.3968;23.5012;23.5574;23.5653;23.5249;23.4846;23.4442;23.4039;23.3575;23.3051;23.2466;23.1822;23.1117;23.0412;22.9708;22.9003;22.8312;22.7634;22.697;22.6319;22.5682;22.543;22.5564;22.6083;22.6988;22.8278;22.9568;23.0859;23.2149;23.3473;23.4832;23.6224;23.7651;23.9111;24.0572;24.2032;24.3493;24.4199;24.415;24.3456;24.2115;24.0129;23.8252;23.6484;23.4715;23.2947;23.1184;22.9426;22.7673;22.5926;22.4185;22.2443;22.0794;21.9237;21.7772;21.64;21.512;21.384;21.256;21.128;21","15;15.0138;15.0277;15.0415;15.0553;15.0692;15.083;15.1127;15.1582;15.2195;15.2966;15.3896;15.4826;15.5755;15.6685;15.7913;15.944;16.1265;16.339;16.5812;16.8235;17.0658;17.3081;17.5029;17.6503;17.7503;17.8028;17.8079;17.8565;17.9486;18.0843;18.2635;18.4862;18.7089;18.9317;19.1544;19.3425;19.496;19.615;19.6993;19.749;19.7988;19.8655;19.9492;20.05;20.1677;20.3024;20.4512;20.6141;20.791;20.982;21.187;21.392;21.5971;21.8021;21.9633;22.0807;22.13;22.1114;22.0248;21.9141;21.7792;21.6443;21.5094;21.4412;21.4395;21.5045;21.6361;21.8343;22.0326;22.2308;22.429;22.6345;22.8472;23.0672;23.2945;23.529;23.7636;23.9981;24.2326;24.446;24.6382;24.8093;24.9592;25.088;25.2167;25.3455;25.4742;25.6272;25.8042;26.0054;26.2308;26.4804;26.7299;26.9794;27.2289;27.4514;27.6468;27.8151;27.9564;28.0706;28.1848;28.299;28.4132;28.5274;28.6211;28.6943;28.747;28.7792;28.7909;28.8026;28.8142;28.8259;28.8424;28.8635;28.8894;28.92;28.9554;28.9908;29.0261;29.0615;29.0969;29.0829;29.0196;28.907;28.7451;28.5339;28.3227;28.1114;27.9002;27.7122;27.5476;27.4062;27.2881;27.1932;27.0984;27.0036;26.9087;26.8139;26.6932;26.5465;26.374;26.1755;25.9512;25.7269;25.5025;25.2782;25.0507;24.8202;24.5865;24.3498;24.1099;23.87;23.6302;23.3903;23.1504;22.9105;22.6705;22.4306;22.1905;21.9624;21.7461;21.5418;21.3492;21.1686;20.988;20.8074;20.6267;20.4443;20.2601;20.074;19.8862;19.6966;19.507;19.3173;19.1277;18.9694;18.8425;18.7231;18.611;18.5063;18.3776;18.225;18.0724;17.9198;17.7628;17.6013;17.4355;17.2653;17.0907;16.9161;16.7317;16.5374;16.3332;16.1192;15.8954;15.6715;15.4477;15.2238;15",0.201304,"0;0.9;0.1"
1.17599,0.12945,1.10065,"1;1.1668;1.33361;1.50041;1.63;1.72237;1.77752;1.79545;1.77617;1.75689;1.7376;1.71832;1.75019;1.8332;1.96736;2.15266;2.38912;2.62557;2.86203;3.09848;3.32596;3.54447;3.754;3.95457;4.14616;4.33775;4.52934;4.72093;4.88261;5.01438;5.11623;5.18818;5.23021;5.27225;5.31428;5.35632;5.40538;5.46147;5.52459;5.59474;5.67192;5.7491;5.82627;5.90345;5.97317;6.03543;6.09023;6.13757;6.17745;6.23495;6.31006;6.40278;6.51312;6.64108;6.76903;6.89698;7.02494;7.18613;7.38057;7.60825;7.85965;8.13477;8.40035;8.65641;8.90295;9.14948;9.39602;9.64255;9.8402;9.98898;10.0889;10.1399;10.142;10.1442;10.1463;10.1484;10.2001;10.3014;10.4521;10.6525;10.9024;11.1523;11.4022;11.6521;11.8944;12.129;12.3561;12.5755;12.7874;12.9992;13.211;13.4228;13.637;13.8536;14.0726;14.294;14.5177;14.7414;14.9705;15.2048;15.4445;15.6895;15.9398;16.1901;16.4424;16.6969;16.9534;17.212;17.4009;17.518;17.5799;17.5867;17.5384;17.5069;17.5235;17.5717;17.6513;17.7625;17.8759;17.96;18.0147;17.9849;17.8706;17.701;17.4862;17.226;16.9758;16.7355;16.5051;16.2747;16.0443;15.8108;15.574;15.3341;15.091;14.8447;14.5984;14.3521;14.1505;13.9936;13.8814;13.8139;13.7911;13.7683;13.7455;13.7342;13.78;13.883;14.0431;14.2603;14.4971;14.7077;14.8921;15.0504;15.1825;15.3147;15.4468;15.5781;15.7087;15.8386;15.9676;16.0959;16.2242;16.3602;16.5038;16.6551;16.814;16.9806;17.1472;17.3138;17.4804;17.6336;17.7734;17.8998;18.0128;18.1123;18.2119;18.3114;18.411;18.5374;18.6905;18.8704;19.077;19.3105;19.544;19.7774;19.9999;20.2114;20.4119;20.6014;20.7799;20.9585;21.137;21.3155;21.4247;21.4646;21.4351;21.3363;21.1682;21","15;15.1746;15.3491;15.5237;15.7132;15.9177;16.137;16.3714;16.6206;16.8699;17.1191;17.3684;17.584;17.766;17.9144;18.0292;18.1104;18.1916;18.2728;18.3539;18.451;18.564;18.6928;18.8375;18.9981;19.1587;19.3193;19.4799;19.6577;19.8526;20.0647;20.294;20.5404;20.7869;21.0333;21.2798;21.5245;21.7674;22.0087;22.2482;22.486;22.7238;22.9616;23.1994;23.4405;23.6849;23.9327;24.1838;24.4382;24.6846;24.9232;25.1538;25.3765;25.5913;25.8061;26.0208;26.2356;26.422;26.5799;26.7094;26.7877;26.8147;26.8189;26.8002;26.7587;26.7172;26.6758;26.6343;26.6511;26.7262;26.8596;27.0513;27.3013;27.5513;27.8013;28.0513;28.2498;28.3969;28.4926;28.5369;28.5297;28.5225;28.5153;28.5081;28.4758;28.4184;28.3358;28.2282;28.0954;27.9626;27.8299;27.6971;27.6246;27.6126;27.6608;27.7694;27.9383;28.1072;28.2608;28.3991;28.5221;28.6298;28.7222;28.8145;28.869;28.8856;28.8644;28.8052;28.6719;28.5023;28.2997;28.0639;27.7951;27.5295;27.2681;27.0078;26.7484;26.4901;26.2389;25.994;25.7553;25.5884;25.4934;25.464;25.449;25.4484;25.3966;25.2935;25.1391;24.9848;24.8305;24.6906;24.5653;24.4544;24.358;24.2761;24.1942;24.1123;23.998;23.8513;23.6723;23.4608;23.217;22.9732;22.7294;22.59;22.5073;22.4813;22.512;22.5994;22.5829;22.5103;22.3815;22.1967;21.9557;21.7147;21.4737;21.2376;21.0062;20.7796;20.5579;20.341;20.124;19.9132;19.7085;19.5099;19.3174;19.131;18.9446;18.7582;18.5718;18.3768;18.1732;17.9611;17.7403;17.511;17.2817;17.0524;16.8231;16.6067;16.4032;16.2126;16.035;15.8703;15.7056;15.5409;15.3741;15.2053;15.0344;14.8614;14.6864;14.5114;14.3364;14.1614;14.0808;14.0947;14.203;14.4057;14.7029;15",0.0878384,"0;0.91;0.09"
1.00092,0.326898,0.573494,"1;1.21609;1.43218;1.64827;1.86436;2.08045;2.29654;2.51263;2.72721;2.94029;3.15186;3.36193;3.57049;3.77906;3.98762;4.19618;4.40474;4.5792;4.71956;4.82581;4.89795;4.89976;4.86533;4.79466;4.68776;4.62178;4.63296;4.7213;4.88681;5.11712;5.3351;5.54072;5.734;5.91493;6.09587;6.2768;6.39227;6.44229;6.42686;6.34596;6.19961;6.05326;5.90691;5.82828;5.81737;5.87418;5.99872;6.19097;6.38323;6.57549;6.76775;6.92473;7.04645;7.13289;7.18406;7.19997;7.21587;7.23177;7.24767;7.26357;7.29796;7.35085;7.42222;7.51209;7.62045;7.72881;7.83717;7.96367;8.10832;8.27111;8.45204;8.65111;8.85019;9.04927;9.24834;9.44742;9.64203;9.83216;10.0178;10.199;10.3758;10.5525;10.7292;10.906;11.0827;11.2573;11.4296;11.5998;11.7679;11.9337;12.0996;12.2654;12.4313;12.5971;12.7708;12.9524;13.1418;13.339;13.5441;13.7492;13.9543;14.1594;14.3645;14.5194;14.6241;14.6785;14.6828;14.6368;14.5909;14.5449;14.4989;14.453;14.4437;14.4713;14.5355;14.6365;14.7742;14.912;15.0497;15.1874;15.3252;15.4229;15.4806;15.4983;15.4761;15.4138;15.3515;15.2892;15.2269;15.1647;15.1226;15.1009;15.0994;15.1182;15.1572;15.2294;15.3349;15.4736;15.6454;15.8505;16.0556;16.2607;16.4287;16.5596;16.6533;16.71;16.7295;16.7491;16.7686;16.7882;16.8345;16.9077;17.0076;17.1343;17.2879;17.4414;17.5535;17.6243;17.6536;17.6415;17.588;17.5346;17.4811;17.479;17.5283;17.629;17.7811;17.9846;18.188;18.3915;18.595;18.7985;18.9971;19.1908;19.3796;19.5635;19.7425;19.9215;20.1005;20.2795;20.4585;20.6461;20.8423;21.047;21.2603;21.4821;21.704;21.9258;22.1477;22.3696;22.5017;22.5442;22.4969;22.3599;22.1333;21.9066;21.68;21.4533;21.2267;21","15;14.9482;14.8963;14.8445;14.7926;14.7408;14.6889;14.6371;14.6109;14.6105;14.6358;14.6868;14.7635;14.8402;14.9169;14.9936;15.0704;15.1758;15.3099;15.4728;15.6644;15.8808;16.0933;16.302;16.5067;16.6678;16.7892;16.8707;16.9124;16.9416;16.9981;17.0818;17.1928;17.331;17.4693;17.6075;17.7522;17.9034;18.0611;18.2253;18.396;18.5667;18.7374;18.8938;19.0358;19.1635;19.2768;19.3758;19.4747;19.5737;19.6727;19.794;19.9377;20.1037;20.2921;20.5028;20.7135;20.9242;21.1349;21.3456;21.5513;21.752;21.9476;22.1382;22.3237;22.5093;22.6949;22.8631;23.0139;23.1474;23.2635;23.3623;23.461;23.5598;23.6585;23.7573;23.8632;23.9763;24.0967;24.2242;24.3589;24.4936;24.6283;24.763;24.8978;25.0351;25.1751;25.3177;25.463;25.6109;25.7588;25.9067;26.0546;26.2025;26.3038;26.3583;26.3661;26.3273;26.2417;26.1562;26.0707;25.9851;25.8996;25.7877;25.6494;25.4847;25.2937;25.0762;24.8588;24.6414;24.424;24.2066;23.9978;23.7976;23.606;23.423;23.2486;23.0742;22.8998;22.7254;22.551;22.3696;22.1813;21.9861;21.7839;21.5748;21.3656;21.1565;20.9473;20.7382;20.528;20.3168;20.1047;19.8915;19.6773;19.4958;19.347;19.231;19.1476;19.097;19.0464;18.9957;18.9143;18.8021;18.659;18.4852;18.2806;18.076;17.8714;17.6668;17.4698;17.2803;17.0984;16.9241;16.7573;16.5906;16.417;16.2367;16.0496;15.8558;15.6552;15.4545;15.2539;15.0756;14.9194;14.7856;14.674;14.5847;14.4954;14.4061;14.3167;14.2274;14.1823;14.1814;14.2246;14.3121;14.4438;14.5754;14.7071;14.8388;14.9704;15.0783;15.1625;15.2228;15.2593;15.2721;15.2849;15.2977;15.3104;15.3232;15.3247;15.315;15.2939;15.2616;15.218;15.1744;15.1308;15.0872;15.0436;15",0.265329,"0;0.92;0.08"
0.853185,0.369218,0.180769,"1;1.16073;1.32146;1.4822;1.64293;1.80366;1.96439;2.12513;2.28586;2.44659;2.58272;2.69424;2.78115;2.84346;2.88116;2.91886;2.95656;2.99426;3.03196;3.06966;3.10736;3.17239;3.26473;3.3844;3.53139;3.7057;3.88001;4.05432;4.22863;4.40295;4.57726;4.75157;4.88781;4.98597;5.04606;5.06808;5.05202;5.03596;5.0199;5.00384;4.98779;4.97173;4.95567;4.97778;5.03806;5.1365;5.27311;5.44789;5.62267;5.79745;5.97222;6.147;6.32178;6.49656;6.62122;6.69576;6.72019;6.69449;6.61868;6.54287;6.46705;6.39124;6.31543;6.23962;6.1638;6.11702;6.09927;6.11055;6.15086;6.2202;6.28954;6.35889;6.42823;6.49757;6.56691;6.63625;6.70125;6.76191;6.81823;6.87021;6.91784;6.96548;7.01312;7.08912;7.19349;7.32623;7.48733;7.6768;7.86627;8.05574;8.24478;8.43338;8.62154;8.80927;8.99656;9.18385;9.37211;9.56134;9.75153;9.9427;10.1348;10.327;10.5191;10.7112;10.9034;11.0769;11.232;11.3685;11.4865;11.5859;11.6854;11.7848;11.8842;11.9837;12.1009;12.2358;12.3885;12.559;12.7472;12.9354;13.1236;13.3069;13.4853;13.6587;13.8273;13.9909;14.1545;14.3181;14.4671;14.6015;14.7214;14.8267;14.9174;15.0081;15.0988;15.1895;15.2802;15.3709;15.4514;15.5216;15.5816;15.6313;15.6708;15.7103;15.7498;15.7893;15.8288;15.8901;15.9734;16.0785;16.2054;16.3543;16.5031;16.6493;16.7929;16.9339;17.0723;17.208;17.3437;17.4794;17.6152;17.7608;17.9164;18.0176;18.0645;18.0735;18.0348;17.9484;17.8787;17.8255;17.7724;17.7193;17.6661;17.613;17.5978;17.6206;17.6813;17.7799;17.9165;18.0531;18.1897;18.3263;18.4629;18.5995;18.7361;18.8756;19.018;19.1634;19.3116;19.4628;19.614;19.7652;19.9164;20.0676;20.2187;20.3699;20.5237;20.6799;20.8362;21","15;14.915;14.83;14.745;14.66;14.5751;14.4901;14.4051;14.3201;14.2351;14.1315;14.0094;13.8687;13.7094;13.5315;13.3537;13.1758;12.9979;12.8201;12.6422;12.4643;12.3117;12.1843;12.0821;12.0052;11.9535;11.9018;11.8501;11.7984;11.7467;11.695;11.6433;11.5657;11.4622;11.3329;11.1776;10.9965;10.8154;10.6343;10.4532;10.2721;10.091;9.90988;9.75497;9.62627;9.52376;9.44746;9.39735;9.34725;9.29715;9.24704;9.19694;9.14684;9.09673;9.0236;8.92743;8.80824;8.66601;8.50075;8.33549;8.17023;8.00497;7.83972;7.67446;7.5092;7.34338;7.17699;7.01004;6.84253;6.67445;6.50638;6.3383;6.17022;6.00215;5.83407;5.666;5.57067;5.54808;5.59824;5.72115;5.91681;6.11246;6.30811;6.47401;6.61015;6.71653;6.79316;6.84002;6.88689;6.93376;6.96022;6.96627;6.95192;6.91716;6.862;6.80684;6.76442;6.73475;6.71782;6.71363;6.72219;6.73075;6.73931;6.74787;6.75642;6.79555;6.86524;6.96551;7.09634;7.25773;7.41913;7.58053;7.74192;7.90332;8.02231;8.09889;8.13306;8.12482;8.07417;8.02352;7.97288;7.91526;7.85067;7.7791;7.70057;7.61506;7.52955;7.44404;7.40794;7.42123;7.48392;7.59602;7.75751;7.919;8.0805;8.24199;8.40348;8.56498;8.73158;8.90328;9.08009;9.26201;9.44903;9.63606;9.82308;10.0101;10.1971;10.3685;10.5242;10.6642;10.7885;10.8971;11.0058;11.1187;11.2359;11.3574;11.4831;11.6131;11.7431;11.8731;12.0031;12.1104;12.195;12.2852;12.3811;12.4869;12.6252;12.7961;12.9712;13.1506;13.3299;13.5092;13.6886;13.8679;14.0354;14.191;14.3348;14.4666;14.5866;14.7066;14.8266;14.9466;15.0666;15.1866;15.3066;15.3824;15.414;15.4014;15.3446;15.2436;15.1426;15.0416;14.9406;14.8396;14.7386;14.6376;14.6133;14.6656;14.7178;15",0.307571,"0;0.93;0.07"
0.947438,0.130868,0.793906,"1;1.14402;1.28803;1.43205;1.57607;1.72008;1.8641;2.00812;2.15213;2.26462;2.34557;2.395;2.41289;2.39925;2.38561;2.37197;2.35833;2.34469;2.33105;2.36009;2.43181;2.5462;2.70328;2.90303;3.10278;3.30253;3.50229;3.70204;3.90179;4.09057;4.26838;4.43521;4.59108;4.73597;4.88086;5.02575;5.17064;5.31553;5.46042;5.57553;5.66087;5.71642;5.7422;5.73819;5.73419;5.73019;5.72619;5.72218;5.75465;5.8236;5.92901;6.0709;6.24926;6.42762;6.60599;6.78435;6.96271;7.12331;7.26616;7.39125;7.49859;7.58817;7.67774;7.76732;7.8569;7.94648;8.03606;8.12734;8.22032;8.315;8.41138;8.50947;8.60755;8.70564;8.80372;8.9018;8.99989;9.10545;9.2185;9.33903;9.46703;9.60252;9.73801;9.8735;10.009;10.1445;10.28;10.4201;10.5649;10.7143;10.8684;11.0272;11.1859;11.3447;11.5034;11.6622;11.8209;11.9879;12.1631;12.3466;12.5382;12.7382;12.9381;13.138;13.338;13.5379;13.7378;13.905;14.0393;14.1409;14.2097;14.2457;14.2817;14.3178;14.3538;14.3898;14.4258;14.4498;14.4617;14.4615;14.4493;14.4251;14.4008;14.3766;14.3523;14.328;14.3038;14.32;14.3768;14.4741;14.6119;14.7902;14.9685;15.1468;15.3251;15.5034;15.6666;15.8149;15.9481;16.0663;16.1695;16.2727;16.3758;16.479;16.5822;16.684;16.7844;16.8834;16.9811;17.0774;17.1737;17.2699;17.3662;17.4058;17.3887;17.3148;17.1843;16.997;16.8098;16.6225;16.4891;16.4094;16.3836;16.4116;16.4935;16.5753;16.6571;16.739;16.8088;16.8666;16.9124;16.9462;16.9679;16.9897;17.0115;17.0664;17.1544;17.2756;17.4299;17.6173;17.7981;17.9721;18.1394;18.3;18.4538;18.6077;18.7616;18.9154;19.0693;19.2232;19.383;19.5488;19.7205;19.8982;20.0818;20.2655;20.4491;20.6327;20.8164;21","15;15.1388;15.2776;15.4163;15.5551;15.6939;15.8327;15.9714;16.1102;16.2612;16.4242;16.5995;16.7868;16.9864;17.1859;17.3854;17.585;17.7845;17.9841;18.1457;18.2694;18.3552;18.403;18.413;18.4229;18.4329;18.4429;18.4528;18.4628;18.4983;18.5594;18.6461;18.7584;18.8963;19.0341;19.172;19.3099;19.4477;19.5856;19.7369;19.9016;20.0798;20.2714;20.4764;20.6815;20.8865;21.0916;21.2966;21.482;21.6479;21.7941;21.9208;22.0279;22.1349;22.242;22.3491;22.4561;22.5776;22.7133;22.8634;23.0279;23.2067;23.3855;23.5644;23.7432;23.922;24.1008;24.2787;24.4557;24.6318;24.807;24.9813;25.1556;25.3299;25.5042;25.6785;25.8528;26.0217;26.1851;26.3431;26.4956;26.6428;26.7899;26.937;27.0841;27.2312;27.3783;27.5204;27.6573;27.7891;27.9159;28.0375;28.1592;28.2808;28.4025;28.5242;28.6458;28.7442;28.8194;28.8713;28.9;28.9054;28.9108;28.9162;28.9216;28.927;28.9325;28.8974;28.822;28.7061;28.5498;28.3531;28.1564;27.9596;27.7629;27.5662;27.3694;27.1724;26.9749;26.7771;26.5789;26.3804;26.1819;25.9834;25.7848;25.5863;25.3878;25.2064;25.0421;24.895;24.7649;24.652;24.5391;24.4262;24.3133;24.2004;24.0738;23.9335;23.7794;23.6117;23.4303;23.2488;23.0674;22.8859;22.7045;22.5248;22.347;22.171;21.9968;21.8244;21.652;21.4796;21.3072;21.151;21.0111;20.8875;20.7802;20.6891;20.598;20.507;20.4004;20.2785;20.141;19.9882;19.8198;19.6515;19.4832;19.3149;19.1406;18.9602;18.7739;18.5816;18.3833;18.185;17.9867;17.8243;17.6979;17.6075;17.5531;17.5346;17.4942;17.432;17.348;17.2421;17.1143;16.9865;16.8588;16.731;16.6032;16.4754;16.3427;16.2051;16.0625;15.9149;15.7624;15.61;15.4575;15.305;15.1525;15",0.0868298,"0;0.94;0.06"
1.23564,0.0950617,1.01282,"1;0.994684;0.989367;0.984051;0.978735;0.973419;1.00954;1.08711;1.20612;1.36657;1.56846;1.77036;1.97225;2.18364;2.40452;2.63489;2.87476;3.12413;3.3735;3.62286;3.86829;4.10976;4.3473;4.58089;4.81054;5.04019;5.26984;5.4969;5.72136;5.94323;6.16251;6.37919;6.59588;6.81256;6.99154;7.1328;7.23636;7.30221;7.33034;7.35848;7.38661;7.39892;7.3954;7.37604;7.34086;7.28985;7.23884;7.18782;7.20366;7.28636;7.43591;7.65231;7.93557;8.21882;8.50208;8.78387;9.0642;9.34306;9.62046;9.8964;10.1723;10.4483;10.7045;10.9409;11.1577;11.3547;11.532;11.7093;11.8866;12.0856;12.3062;12.5484;12.8124;13.098;13.3836;13.6692;13.9522;14.2326;14.5103;14.7855;15.058;15.3306;15.6032;15.8596;16.1001;16.3244;16.5327;16.725;16.9278;17.1414;17.3656;17.6005;17.846;18.0915;18.337;18.515;18.6255;18.6684;18.6438;18.5516;18.4595;18.3673;18.3118;18.2929;18.3107;18.3651;18.4561;18.5471;18.6706;18.8267;19.0153;19.2364;19.4901;19.7415;19.9906;20.2374;20.4819;20.7242;20.9665;21.2087;21.4215;21.6047;21.7585;21.8827;21.9775;22.0722;22.1117;22.0958;22.0246;21.8982;21.7164;21.5346;21.3637;21.2039;21.055;20.9171;20.7902;20.6632;20.5652;20.4962;20.4561;20.4449;20.4627;20.4804;20.4982;20.5593;20.6637;20.8115;21.0025;21.2369;21.4713;21.6667;21.823;21.9403;22.0185;22.0631;22.1131;22.1686;22.2295;22.3308;22.4671;22.6385;22.845;23.0865;23.328;23.5695;23.7898;23.9358;24.0075;24.0048;23.9895;23.9825;24.0373;24.1537;24.3318;24.5099;24.688;24.7948;24.8304;24.7948;24.688;24.5099;24.317;24.1095;23.8872;23.6501;23.3983;23.1466;22.9291;22.7458;22.5969;22.4823;22.402;22.288;22.1405;21.9594;21.7448;21.4965;21.2483;21","15;15.2857;15.5713;15.857;16.1427;16.4283;16.6973;16.9496;17.1851;17.404;17.6062;17.8083;18.0105;18.2001;18.3772;18.5418;18.6938;18.8332;18.9727;19.1121;19.2577;19.4094;19.5671;19.731;19.901;20.071;20.241;20.4142;20.5907;20.7704;20.9534;21.1396;21.3258;21.5121;21.7179;21.9434;22.1885;22.4532;22.7375;23.0218;23.3061;23.5898;23.8729;24.1553;24.437;24.7182;24.9993;25.2804;25.5128;25.6964;25.8313;25.9174;25.9548;25.9922;26.0296;26.0744;26.1265;26.1859;26.2527;26.3268;26.4009;26.475;26.4895;26.4443;26.3395;26.1751;25.9511;25.727;25.503;25.3221;25.1844;25.09;25.0387;25.0306;25.0225;25.0144;25.0251;25.0545;25.1027;25.1697;25.2554;25.3411;25.4268;25.5358;25.6681;25.8236;26.0023;26.2044;26.3952;26.5749;26.7434;26.9007;27.0468;27.193;27.3391;27.4027;27.3838;27.2824;27.0986;26.8322;26.5658;26.2994;26.1407;26.0896;26.1461;26.3103;26.5821;26.8539;27.0582;27.1951;27.2645;27.2664;27.2008;27.1203;27.0249;26.9144;26.7891;26.6488;26.5084;26.3681;26.2028;26.0125;25.7973;25.557;25.2917;25.0265;24.7751;24.5375;24.3138;24.104;23.908;23.7121;23.5102;23.3025;23.0889;22.8694;22.6441;22.4188;22.1831;21.9372;21.6811;21.4146;21.1378;20.8611;20.5844;20.3846;20.2619;20.2162;20.2476;20.3559;20.4643;20.5041;20.4754;20.3782;20.2125;19.9742;19.7318;19.4854;19.235;19.0151;18.8297;18.679;18.5629;18.4813;18.3998;18.3182;18.1942;18.0354;17.8419;17.6136;17.3658;17.1411;16.9316;16.7375;16.5586;16.3798;16.2009;16.0207;15.8391;15.6562;15.4719;15.2862;15.1239;14.985;14.8695;14.7773;14.7086;14.6398;14.6389;14.7058;14.8405;15.0431;15.3135;15.4956;15.5895;15.5952;15.5126;15.3417;15.1709;15",0.0537373,"0;0.95;0.05"
0.807573,0.333901,0.173118,"1;1.1479;1.29579;1.44369;1.59158;1.73948;1.88737;2.03527;2.18316;2.33106;2.47895;2.62707;2.77542;2.92399;3.07279;3.22181;3.37084;3.51986;3.66888;3.81791;3.96693;4.11596;4.26498;4.36503;4.4161;4.4182;4.42214;4.42793;4.48453;4.59196;4.7502;4.90845;5.06669;5.22493;5.38318;5.54142;5.66619;5.75748;5.8153;5.83963;5.83049;5.82135;5.81957;5.82515;5.83808;5.85836;5.88601;5.92508;5.97558;6.03751;6.11087;6.19565;6.28044;6.36523;6.39852;6.38033;6.31064;6.18946;6.01679;5.89166;5.81407;5.78401;5.80149;5.86651;5.93153;5.99655;6.06157;6.12659;6.1916;6.25955;6.33042;6.40422;6.48095;6.5606;6.64025;6.71991;6.79956;6.87921;6.95887;7.03852;7.11817;7.21384;7.32552;7.45322;7.59692;7.75665;7.91637;8.07609;8.23582;8.39554;8.55526;8.71499;8.87471;9.03086;9.18343;9.33243;9.47785;9.6197;9.76155;9.9034;10.0452;10.1871;10.3289;10.4708;10.6142;10.7593;10.9059;11.0542;11.2041;11.3539;11.5038;11.6537;11.8035;11.9534;12.1033;12.2531;12.4077;12.567;12.7309;12.8996;13.073;13.2464;13.4198;13.5817;13.732;13.8707;13.9979;14.1135;14.2292;14.3448;14.4605;14.5761;14.6917;14.8074;14.9337;15.0706;15.2181;15.3763;15.5451;15.7139;15.8827;16.0516;16.2204;16.3892;16.558;16.6934;16.7953;16.8638;16.8989;16.9006;16.9022;16.9039;16.9055;16.9072;16.9056;16.9009;16.8929;16.8818;16.8675;16.8812;16.9228;16.9923;17.0899;17.2153;17.3408;17.4662;17.5917;17.7172;17.8426;17.9681;18.0936;18.219;18.3448;18.4708;18.5971;18.7237;18.8505;18.9774;19.0868;19.1788;19.2535;19.3107;19.3505;19.3903;19.4301;19.4699;19.5098;19.5496;19.5894;19.6508;19.7339;19.8385;19.9648;20.1127;20.2606;20.4084;20.5563;20.7042;20.8521;21","15;15.0768;15.1537;15.2305;15.3074;15.3842;15.4611;15.5379;15.6147;15.6916;15.7684;15.815;15.8312;15.8172;15.7729;15.6982;15.6236;15.549;15.4743;15.3997;15.3251;15.2504;15.1758;15.0851;14.9782;14.8552;14.7305;14.6041;14.4922;14.3947;14.3117;14.2287;14.1456;14.0626;13.9795;13.8965;13.7934;13.6701;13.5268;13.3633;13.1798;12.9963;12.8139;12.6326;12.4525;12.2735;12.0957;11.9257;11.7634;11.609;11.4623;11.3234;11.1845;11.0456;10.9192;10.8054;10.7041;10.6153;10.539;10.4459;10.3358;10.2089;10.065;9.9043;9.74357;9.58285;9.42212;9.2614;9.10067;8.94281;8.78782;8.63569;8.48642;8.34002;8.19362;8.04722;7.90082;7.75442;7.60802;7.46162;7.31522;7.18857;7.08169;6.99457;6.9272;6.8796;6.83199;6.78439;6.73678;6.68917;6.64157;6.59396;6.54636;6.48552;6.41146;6.32418;6.22366;6.10992;5.99618;5.88244;5.7687;5.65496;5.54122;5.42748;5.35107;5.312;5.31026;5.34586;5.41879;5.49172;5.56465;5.63758;5.71051;5.78344;5.85637;5.9293;5.99541;6.05469;6.10714;6.15277;6.19158;6.23039;6.26919;6.32783;6.40632;6.50463;6.62279;6.76078;6.89877;7.03676;7.17475;7.31274;7.45073;7.58872;7.69057;7.75626;7.78581;7.77921;7.73647;7.69372;7.65097;7.60822;7.56548;7.52273;7.47998;7.48157;7.5275;7.61775;7.75235;7.93128;8.11021;8.28914;8.46807;8.64699;8.82671;9.00722;9.18852;9.37061;9.55348;9.72116;9.87364;10.0109;10.133;10.2399;10.3468;10.4537;10.5605;10.6724;10.7892;10.911;11.0377;11.1694;11.2951;11.4148;11.5284;11.6361;11.7377;11.8393;11.9528;12.0783;12.2156;12.3649;12.526;12.6871;12.8483;13.0094;13.1706;13.3317;13.4928;13.6481;13.7974;13.9409;14.0784;14.2101;14.3417;14.4734;14.605;14.7367;14.8683;15",0.283588,"0;0.96;0.04"
1.44569,0.202995,1.56436,"1;1.22353;1.44707;1.68349;1.9328;2.19501;2.4701;2.75809;3.04607;3.31938;3.57802;3.82199;4.05129;4.26591;4.48053;4.71256;4.96199;5.22884;5.51309;5.81474;6.1164;6.39515;6.651;6.88395;7.09399;7.2073;7.24679;7.21245;7.10428;6.92229;6.75781;6.61084;6.48137;6.36941;6.27496;6.18051;6.16357;6.22414;6.36223;6.57783;6.87094;7.11325;7.30476;7.44547;7.59554;7.75495;7.97452;8.20085;8.43395;8.61365;8.73997;8.81289;8.88581;8.9115;8.88997;8.82121;8.70522;8.542;8.37878;8.29637;8.29476;8.37396;8.53396;8.77477;9.02455;9.28331;9.55104;9.82775;10.1134;10.3991;10.6342;10.8187;10.9525;11.0357;11.0719;11.1114;11.1545;11.201;11.251;11.301;11.3566;11.4179;11.4848;11.5975;11.756;11.9547;12.1936;12.4844;12.787;13.1015;13.4277;13.763;14.0953;14.4191;14.7341;15.0405;15.3411;15.6358;15.9305;16.174;16.366;16.5068;16.5962;16.6343;16.6724;16.7647;16.9113;17.112;17.3671;17.6763;17.9779;18.2717;18.5579;18.8308;19.0906;19.3448;19.5935;19.8368;20.08;20.2717;20.4119;20.5005;20.5376;20.5692;20.647;20.771;20.8804;20.9753;21.0096;20.9833;20.8963;20.8093;20.8051;20.8836;21.0448;21.2887;21.6153;21.9243;22.2157;22.4893;22.7454;22.9837;23.1526;23.2522;23.2822;23.2429;23.1342;23.0254;22.8773;22.69;22.5043;22.3203;22.136;21.9909;21.8848;21.777;21.6899;21.6255;21.5837;21.5646;21.568;21.5715;21.5124;21.3907;21.2065;20.9596;20.6502;20.3408;20.022;19.694;19.3567;19.0101;18.6589;18.3125;17.9708;17.634;17.3018;17.0683;16.9334;16.9179;17.0218;17.2451;17.4891;17.7539;18.0186;18.2217;18.3631;18.4429;18.4609;18.4173;18.3736;18.4053;18.5124;18.6948;18.9526;19.2858;19.6189;20.0284;20.2852;21","15;15.2439;15.4877;15.7122;15.9173;16.103;16.2693;16.4163;16.5632;16.7298;16.916;17.1219;17.3474;17.5926;17.8377;18.0369;18.19;18.2972;18.3583;18.3734;18.3886;18.453;18.5668;18.7299;18.9423;19.2014;19.458;19.7119;19.9632;20.2119;20.4742;20.75;21.0395;21.3426;21.6593;21.976;22.2474;22.4737;22.6548;22.7907;22.8814;22.8953;22.8324;22.6927;22.5571;22.4255;22.3748;22.4478;22.6445;22.884;23.1664;23.4917;23.817;24.1353;24.4467;24.7512;25.0488;25.3394;25.63;25.9159;26.1969;26.4731;26.7445;27.011;27.2495;27.4598;27.6421;27.7962;27.9222;28.0482;28.2123;28.4145;28.6547;28.933;29.2474;29.5596;29.8699;30.178;30.4841;30.7902;31.1071;31.4347;31.773;32.0006;32.1174;32.1127;31.9866;31.8025;31.6821;31.6254;31.6323;31.6603;31.6457;31.5859;31.4808;31.3305;31.1775;31.0218;30.8661;30.6753;30.4495;30.1885;29.8924;29.5613;29.2301;28.9912;28.8444;28.7899;28.8275;28.9574;29.0743;29.1784;29.2696;29.2953;29.2554;29.1629;29.0177;28.8198;28.622;28.4042;28.1665;27.9088;27.6312;27.35;27.0851;26.8366;26.5833;26.3251;26.0457;25.7451;25.4233;25.1015;24.8196;24.5775;24.3753;24.213;24.0905;23.9424;23.7688;23.5697;23.3449;23.0947;22.8364;22.5701;22.2959;22.0136;21.7234;21.4331;21.234;21.1259;21.0207;20.9186;20.8066;20.5938;20.28;19.9535;19.6163;19.2813;18.9484;18.6176;18.289;17.9604;17.7002;17.5085;17.3852;17.3303;17.3438;17.3574;17.3583;17.3465;17.322;17.2848;17.2684;17.2856;17.3362;17.4202;17.5378;17.6833;17.857;17.9666;18.0123;17.9939;17.8835;17.681;17.4785;17.2504;16.9967;16.7174;16.4126;16.0821;15.7516;15.485;15.2823;15.1434;15.0684;15.0573;15.0462;15.0325;15.0239;15",0.159564,"0;0.97;0.03"
0.843085,0.271424,0.473222,"1;1.09892;1.19783;1.29675;1.39567;1.49458;1.5935;1.69242;1.79133;1.89025;1.99814;2.115;2.24083;2.37563;2.5194;2.66317;2.80694;2.95071;3.09449;3.23826;3.38203;3.52164;3.65708;3.78837;3.91549;4.03845;4.1614;4.28436;4.40732;4.53028;4.65323;4.77619;4.90938;5.0528;5.20645;5.37033;5.54445;5.71856;5.89267;6.06679;6.2409;6.41501;6.58913;6.7338;6.84903;6.93482;6.99117;7.01808;7.04498;7.07189;7.0988;7.12571;7.15262;7.17952;7.20257;7.22175;7.23706;7.25326;7.27035;7.29218;7.31877;7.35011;7.38144;7.41278;7.44412;7.47545;7.50679;7.5473;7.59697;7.65582;7.72383;7.82275;7.9434;8.0858;8.24992;8.43579;8.62165;8.80751;8.99338;9.17924;9.2925;9.33317;9.30123;9.19669;9.01955;8.91495;8.88288;8.92334;9.03633;9.22186;9.40738;9.59291;9.77843;9.96396;10.1495;10.3337;10.5166;10.6983;10.8786;11.0576;11.2366;11.4156;11.5897;11.7589;11.923;12.0823;12.2219;12.3468;12.4569;12.5524;12.6333;12.7141;12.7949;12.8757;12.9565;13.0551;13.1715;13.3057;13.4577;13.6275;13.7973;13.9672;14.137;14.2729;14.3748;14.4428;14.4769;14.4771;14.4773;14.4774;14.4776;14.4778;14.4415;14.3687;14.2595;14.1139;13.9318;13.7497;13.6271;13.5639;13.5602;13.6159;13.7312;13.8464;13.9616;14.0768;14.192;14.3072;14.4346;14.5741;14.7258;14.8897;15.0657;15.2417;15.4183;15.5953;15.7729;15.9509;16.1295;16.3081;16.4867;16.6653;16.8439;17.0224;17.201;17.3839;17.571;17.7625;17.9582;18.1582;18.3582;18.5582;18.7582;18.9582;19.1582;19.3404;19.5049;19.6517;19.7806;19.8919;20.0031;20.1143;20.2256;20.3368;20.448;20.5592;20.6516;20.7252;20.78;20.8159;20.833;20.8501;20.8671;20.8842;20.9013;20.9184;20.9368;20.9566;20.9763;21","15;15.1526;15.3051;15.4577;15.6102;15.7628;15.9153;16.0679;16.2204;16.373;16.5173;16.6534;16.7812;16.9007;17.012;17.1233;17.2346;17.3459;17.4572;17.5685;17.6798;17.7956;17.916;18.0409;18.1703;18.3042;18.4382;18.5721;18.706;18.84;18.9739;19.1078;19.2045;19.2639;19.2861;19.271;19.2186;19.1662;19.1139;19.0615;19.0091;18.9568;18.9044;18.8985;18.939;19.0259;19.1592;19.339;19.5188;19.6986;19.8784;20.0582;20.2379;20.4177;20.6028;20.7932;20.9888;21.1866;21.3865;21.5832;21.7767;21.9671;22.1574;22.3478;22.5381;22.7285;22.9189;23.0381;23.0864;23.0635;22.9695;22.8461;22.7644;22.7243;22.7258;22.769;22.8122;22.8554;22.8986;22.9418;22.9877;23.0363;23.0876;23.1417;23.1984;23.2374;23.2587;23.2623;23.2481;23.2163;23.1844;23.1526;23.1207;23.0889;23.057;23.03;23.0078;22.9905;22.978;22.9703;22.9627;22.955;22.9209;22.8603;22.7733;22.6598;22.5796;22.5593;22.5987;22.698;22.8571;23.0161;23.1752;23.3343;23.4934;23.6088;23.6807;23.709;23.6936;23.6347;23.5757;23.5167;23.4578;23.3733;23.2632;23.1276;22.9664;22.7797;22.5929;22.4062;22.2194;22.0327;21.8787;21.7576;21.6693;21.6137;21.591;21.5683;21.5195;21.4448;21.344;21.2172;21.0644;20.9116;20.7588;20.606;20.4532;20.3004;20.1616;20.0369;19.9261;19.8294;19.7468;19.6641;19.5911;19.5278;19.4743;19.4304;19.3963;19.3621;19.328;19.2938;19.2597;19.2255;19.1914;19.1642;19.1439;19.1305;19.124;19.1245;19.1249;19.1254;19.1259;19.1263;19.1268;19.0984;19.0411;18.955;18.84;18.6962;18.5524;18.4086;18.2647;18.1209;17.9771;17.8333;17.6783;17.5123;17.3352;17.1471;16.9478;16.7485;16.5493;16.35;16.1507;15.9515;15.7368;15.5066;15.2765;15",0.228269,"0;0.98;0.02"
1.41915,0.114048,1.70151,"1;1.21264;1.42529;1.63793;1.85058;2.08736;2.34828;2.63334;2.94253;3.27587;3.6092;3.90702;4.16932;4.39611;4.58739;4.74315;4.89891;5.04934;5.19444;5.3342;5.46863;5.59773;5.72683;5.80903;5.84432;5.8327;5.77418;5.66875;5.56333;5.49114;5.4522;5.4465;5.47404;5.53482;5.5956;5.68096;5.79088;5.92537;6.08444;6.26807;6.45171;6.59484;6.69748;6.75961;6.78124;6.76237;6.7435;6.68367;6.58289;6.44115;6.25846;6.03481;5.81116;5.67634;5.63035;5.67318;5.80484;6.02533;6.24582;6.48085;6.73044;6.99457;7.27325;7.56648;7.85971;8.1513;8.44127;8.7296;9.0163;9.30137;9.58644;9.85802;10.1161;10.3607;10.5919;10.8211;11.0619;11.3143;11.5783;11.8538;12.1158;12.3642;12.599;12.8203;13.0252;13.2273;13.4266;13.6231;13.8168;14.0105;14.2184;14.4404;14.6766;14.9269;15.1561;15.3499;15.5085;15.6317;15.7197;15.8076;15.9403;16.1178;16.3401;16.6071;16.9189;17.2307;17.5401;17.847;18.1514;18.4534;18.7529;19.0525;19.3161;19.5438;19.7356;19.8915;20.0115;20.1315;20.1946;20.2007;20.1498;20.042;19.8772;19.7124;19.6175;19.5405;19.4815;19.3975;19.2887;19.085;18.8386;18.5493;18.284;18.0428;17.8256;17.6325;17.4635;17.2945;17.1473;17.0219;16.9184;16.8367;16.7769;16.7171;16.5996;16.4247;16.3184;16.2809;16.3121;16.4696;16.7535;17.0373;17.2912;17.5152;17.7093;17.8734;18.0289;18.2056;18.4036;18.6227;18.8631;19.0904;19.3046;19.5057;19.7203;19.9485;20.2034;20.485;20.7932;21.1015;21.306;21.4067;21.4038;21.297;21.0866;20.872;20.6535;20.4334;20.2117;19.9886;19.768;19.5499;19.3318;19.1408;18.9767;18.8397;18.7298;18.6468;18.5639;18.5503;18.6061;18.7313;18.9259;19.1898;19.4537;19.7176;20.0042;20.3135;20.6227;21","15;15.2567;15.5134;15.7701;16.0268;16.2322;16.3864;16.4893;16.541;16.5414;16.5417;16.601;16.7191;16.8961;17.1319;17.4266;17.7213;18.0186;18.3183;18.6206;18.9254;19.2327;19.54;19.8491;20.16;20.4726;20.7871;21.1033;21.4195;21.7381;22.0589;22.382;22.7075;23.0352;23.363;23.6808;23.9887;24.2867;24.5748;24.853;25.1312;25.4203;25.7203;26.0313;26.3532;26.686;27.0188;27.3344;27.633;27.9144;28.1787;28.4259;28.673;28.9208;29.1691;29.4179;29.6674;29.9174;30.1674;30.3356;30.4222;30.4271;30.3503;30.1918;30.0333;29.9298;29.8813;29.8878;29.9494;30.066;30.1825;30.2238;30.1897;30.0802;29.8955;29.7097;29.5983;29.5612;29.5984;29.71;29.8406;29.9903;30.159;30.3468;30.4583;30.4745;30.3953;30.2208;29.951;29.6812;29.4235;29.1778;28.9442;28.7227;28.6181;28.6184;28.7235;28.9336;29.2485;29.5634;29.8279;30.042;30.2058;30.3191;30.382;30.4449;30.4774;30.4797;30.4517;30.3933;30.3046;30.2159;30.0828;29.9052;29.6831;29.4166;29.1056;28.7946;28.4879;28.1854;27.8872;27.5932;27.3034;27.0137;26.7538;26.4887;26.2184;26.0033;25.8433;25.7085;25.6341;25.6201;25.5529;25.4323;25.2585;25.0314;24.751;24.4706;24.1852;23.8949;23.5996;23.2994;22.9942;22.689;22.4222;22.1939;22.0458;21.9779;21.9902;22.0443;22.1402;22.236;22.2489;22.1786;22.0254;21.7891;21.4965;21.2307;20.9916;20.7794;20.5939;20.3998;20.1971;19.9858;19.837;19.7507;19.7354;19.7912;19.9181;20.045;20.096;20.0713;19.9708;19.7945;19.5423;19.3766;19.2971;19.2189;19.1419;19.066;18.905;18.6588;18.4126;18.1543;17.8838;17.6012;17.3065;16.9996;16.6927;16.4253;16.1974;16.009;15.8601;15.7506;15.6412;15.5318;15.4129;15.2847;15.1564;15",0.0747968,"0;0.99;0.01"
1.82639,0.0719676,3.41607,"1;1.38958;1.77915;2.16873;2.49743;2.76525;2.9722;3.11827;3.20347;3.2986;3.40366;3.51866;3.6436;3.77847;3.84023;3.82889;3.74444;3.58689;3.35623;3.20859;3.14396;3.16235;3.26376;3.44819;3.58828;3.68401;3.7354;3.74244;3.70514;3.6525;3.58452;3.5012;3.40255;3.28855;3.15867;3.01291;2.85126;2.67372;2.4803;2.32756;2.2155;2.14412;2.11342;2.12341;2.19529;2.32909;2.52479;2.7824;3.10192;3.42293;3.74543;4.06944;4.39493;4.74399;5.1151;5.50826;5.90058;6.29205;6.66062;7.00628;7.29322;7.54435;7.75967;7.93918;8.11283;8.31643;8.54999;8.8135;9.10697;9.43264;9.79053;10.1806;10.523;10.8177;11.0324;11.2324;11.4177;11.6682;11.9839;12.3482;12.696;13.0272;13.3381;13.6287;13.9155;14.1986;14.4979;14.8171;15.1562;15.5296;15.9373;16.3593;16.7957;17.2068;17.5782;17.9098;18.2018;18.454;18.7106;18.9717;19.2371;19.5069;19.7811;20.089;20.4304;20.8056;21.2144;21.6356;22.0355;22.4142;22.7716;23.1077;23.4184;23.7034;23.963;24.197;24.3466;24.4372;24.469;24.4419;24.4;24.3632;24.3392;24.3279;24.3295;24.2998;24.3524;24.4796;24.6814;24.836;24.9433;24.9288;24.7925;24.6716;24.6879;24.7198;24.7671;24.8639;24.873;24.7944;24.6859;24.5476;24.3454;24.2165;24.1606;24.2418;24.464;24.8271;25.1942;25.5653;25.9402;26.3192;26.702;27.0888;27.4796;27.8743;28.188;28.4207;28.5724;28.6431;28.6328;28.7106;28.8764;29.1303;29.4722;29.8049;30.0401;30.1779;30.2184;30.1615;30.0191;29.7912;29.4778;29.079;28.6419;28.2521;27.9095;27.6142;27.3661;27.0803;26.7569;26.3957;25.9969;25.5873;25.2046;24.8488;24.5924;24.4355;24.3511;24.3393;24.3011;24.1641;23.9282;23.622;23.2455;22.8975;22.5075;22.0756;21.6436;21","15;15.0907;15.1814;15.2722;15.4229;15.6337;15.9045;16.2353;16.6261;17.0141;17.3992;17.7815;18.1609;18.5375;18.9041;19.2607;19.6074;19.9442;20.271;20.6034;20.9415;21.2852;21.6345;21.9894;22.353;22.7253;23.1062;23.4958;23.8941;24.2894;24.6817;25.071;25.4574;25.8408;26.2176;26.5877;26.9511;27.3079;27.658;28.0181;28.3881;28.7681;29.158;29.5579;29.9259;30.2621;30.5665;30.839;31.0796;31.3282;31.5847;31.8491;32.1214;32.3027;32.3849;32.3681;32.244;32.0126;31.7728;31.5248;31.4087;31.4327;31.597;31.9015;32.3095;32.6808;33.0155;33.3134;33.5747;33.8106;34.0212;34.2065;34.2544;34.165;33.9637;33.7189;33.4305;33.2106;33.0591;33.0651;33.1602;33.3443;33.6206;33.9889;34.3602;34.7345;35.0177;35.2068;35.3017;35.304;35.2135;35.1245;35.0369;34.906;34.7304;34.5101;34.2451;33.9354;33.7459;33.6766;33.7275;33.8985;34.1897;34.4188;34.5856;34.6903;34.7328;34.7604;34.8353;34.9575;35.127;35.3438;35.4322;35.3923;35.2241;34.9275;34.5001;34.0703;33.6381;33.2035;32.8492;32.694;32.5309;32.3597;32.1807;31.9109;31.4627;31.0433;30.6525;30.2902;29.9563;29.6223;29.2881;29.0028;28.7665;28.5152;28.2489;27.9641;27.6117;27.1916;26.7789;26.3733;25.9785;25.6106;25.2694;24.9444;24.6661;24.4347;24.234;24.064;23.9248;23.8264;23.7688;23.7521;23.7762;23.8412;23.8132;23.6922;23.4783;23.1714;22.7715;22.4006;22.0586;21.7456;21.4616;21.1783;20.8668;20.5272;20.1595;19.7636;19.422;19.1347;18.9017;18.7231;18.5609;18.3608;18.1228;17.8469;17.5331;17.2333;16.9476;16.6757;16.4179;16.2666;16.2077;16.2414;16.2379;16.1973;16.0271;15.7272;15.3689;15.0818;14.8657;14.8024;14.8917;15.0625;15.1833;15.2539;15.3245;15",0.0334715,"0;1;0"
0.746135,0.55103,0.281522,"1;1.13355;1.26711;1.40066;1.53422;1.66777;1.80133;1.93488;2.06844;2.20199;2.33555;2.4691;2.60089;2.73091;2.85917;2.98566;3.11039;3.23511;3.35983;3.48456;3.60928;3.73401;3.85873;3.98345;4.10818;4.23584;4.36643;4.49997;4.63644;4.77585;4.91525;5.05466;5.19406;5.33347;5.47288;5.61228;5.75169;5.8911;6.02251;6.14593;6.26135;6.36877;6.4682;6.56763;6.66707;6.7665;6.86593;6.96536;7.06479;7.16422;7.26365;7.35389;7.43493;7.50677;7.56941;7.62286;7.67631;7.72976;7.78321;7.83666;7.89011;7.94356;7.99701;8.05046;8.11735;8.19767;8.29143;8.39862;8.51925;8.63988;8.7605;8.88113;9.00176;9.12239;9.24302;9.36365;9.48427;9.6141;9.75312;9.90135;10.0588;10.2254;10.392;10.5586;10.7252;10.8918;11.0585;11.2251;11.3917;11.5509;11.7028;11.8473;11.9844;12.1141;12.2439;12.3736;12.5033;12.6331;12.7628;12.8925;13.0223;13.152;13.2816;13.4112;13.5406;13.6699;13.7991;13.9283;14.0575;14.1867;14.3159;14.4451;14.5743;14.7035;14.8238;14.9352;15.0377;15.1313;15.216;15.3006;15.3853;15.47;15.5547;15.6394;15.7241;15.8088;15.8935;15.9809;16.071;16.1639;16.2594;16.3577;16.456;16.5543;16.6526;16.7509;16.8491;16.9474;17.0457;17.1429;17.239;17.3341;17.428;17.5209;17.6138;17.7067;17.7995;17.8924;17.9853;18.0782;18.1711;18.2639;18.3664;18.4783;18.5998;18.7308;18.8713;19.0119;19.1524;19.2929;19.4335;19.574;19.7146;19.8415;19.9549;20.0548;20.1411;20.2138;20.2865;20.3592;20.4319;20.5046;20.5774;20.6501;20.7228;20.8104;20.913;21.0305;21.1629;21.3103;21.4576;21.605;21.7524;21.8997;22.0471;22.1944;22.3418;22.4891;22.5714;22.5884;22.5403;22.4271;22.2487;22.0703;21.8919;21.7135;21.5352;21.3568;21.1784;21","15;15.0764;15.1527;15.2291;15.3055;15.3818;15.4582;15.5346;15.6109;15.6873;15.7637;15.84;15.9191;16.001;16.0856;16.1729;16.263;16.353;16.4431;16.5332;16.6232;16.7133;16.8034;16.8935;16.9835;17.0426;17.0706;17.0676;17.0335;16.9684;16.9034;16.8383;16.7732;16.7082;16.6431;16.578;16.5129;16.4479;16.4193;16.4272;16.4716;16.5525;16.6699;16.7873;16.9047;17.0221;17.1395;17.2569;17.3743;17.4917;17.6091;17.7319;17.86;17.9935;18.1324;18.2767;18.4209;18.5652;18.7095;18.8537;18.998;19.1422;19.2865;19.4308;19.5653;19.69;19.805;19.9103;20.0058;20.1012;20.1967;20.2922;20.3877;20.4832;20.5787;20.6741;20.7696;20.8452;20.9009;20.9366;20.9524;20.9484;20.9443;20.9402;20.9361;20.932;20.9279;20.9238;20.9198;20.8999;20.8644;20.8132;20.7462;20.6635;20.5808;20.4981;20.4155;20.3328;20.2501;20.1674;20.0847;20.002;19.9148;19.8231;19.7268;19.6261;19.5208;19.4155;19.3102;19.2049;19.0996;18.9943;18.889;18.7838;18.6738;18.5593;18.4401;18.3163;18.1879;18.0594;17.931;17.8026;17.6741;17.5457;17.4173;17.2888;17.1604;17.0307;16.8998;16.7677;16.6343;16.4997;16.3651;16.2305;16.0959;15.9613;15.8267;15.6921;15.5575;15.4253;15.2954;15.168;15.043;14.9203;14.7977;14.675;14.5524;14.4297;14.3071;14.1844;14.0618;13.9392;13.8271;13.7257;13.6349;13.5547;13.4851;13.4156;13.346;13.2764;13.2069;13.1373;13.0677;13.0421;13.0603;13.1224;13.2285;13.3785;13.5284;13.6784;13.8284;13.9783;14.1283;14.2783;14.4283;14.5571;14.6647;14.7512;14.8166;14.8608;14.905;14.9492;14.9934;15.0376;15.0818;15.1261;15.1703;15.2145;15.2438;15.2582;15.2577;15.2423;15.212;15.1817;15.1514;15.1212;15.0909;15.0606;15.0303;15",0.155283,"0.01;0;0.99"
