Length, Risk, TravelTime, Paths.x, Paths.y, Cost, Weight
0.602191,1.09857,0.153656,"1;1.05093;1.10186;1.15279;1.20372;1.25464;1.30557;1.3565;1.40743;1.45836;1.50929;1.56022;1.61115;1.66207;1.713;1.77763;1.85595;1.94797;2.05368;2.17309;2.2925;2.41191;2.53132;2.65073;2.77014;2.88955;3.00896;3.12837;3.24778;3.36719;3.4866;3.60707;3.72859;3.85117;3.9748;4.09949;4.22418;4.34888;4.47357;4.59826;4.72295;4.84764;4.97233;5.09702;5.22171;5.3464;5.4711;5.59558;5.71987;5.84394;5.96782;6.09149;6.21516;6.33883;6.4625;6.58617;6.70984;6.83351;6.95717;7.08084;7.20451;7.32818;7.45185;7.57488;7.69728;7.81903;7.94014;8.06061;8.18109;8.30156;8.42204;8.54251;8.66298;8.78346;8.90393;9.02441;9.14488;9.26536;9.38583;9.50081;9.61031;9.71431;9.81283;9.90585;9.99887;10.0919;10.1849;10.2779;10.371;10.464;10.557;10.65;10.7431;10.8361;10.9291;11.0255;11.1252;11.2282;11.3346;11.4443;11.554;11.6638;11.7735;11.8832;11.9929;12.1026;12.2124;12.3221;12.4318;12.5415;12.6512;12.7637;12.879;12.9971;13.118;13.2416;13.3653;13.4889;13.6126;13.7362;13.8598;13.9835;14.1071;14.2308;14.3544;14.4781;14.6017;14.7233;14.8429;14.9604;15.0758;15.1892;15.3026;15.416;15.5294;15.6428;15.7562;15.8696;15.983;16.0964;16.2098;16.3232;16.4366;16.5515;16.668;16.7861;16.9057;17.0268;17.148;17.2691;17.3903;17.5114;17.6325;17.7537;17.8748;17.996;18.1171;18.2383;18.3576;18.4752;18.5909;18.7049;18.817;18.9292;19.0413;19.1535;19.2656;19.3778;19.4899;19.6021;19.7143;19.8264;19.9386;20.0507;20.1609;20.2691;20.3753;20.4796;20.5819;20.6842;20.7865;20.8887;20.991;21.0933;21.1956;21.2979;21.4002;21.5025;21.6048;21.6686;21.694;21.681;21.6295;21.5396;21.4496;21.3597;21.2698;21.1799;21.0899;21","15;14.8858;14.7717;14.6575;14.5434;14.4292;14.3151;14.2009;14.0868;13.9726;13.8585;13.7443;13.6301;13.516;13.4018;13.3179;13.2642;13.2407;13.2475;13.2844;13.3214;13.3583;13.3953;13.4323;13.4692;13.5062;13.5432;13.5801;13.6171;13.6541;13.691;13.7223;13.748;13.7681;13.7825;13.7913;13.8001;13.8088;13.8176;13.8264;13.8352;13.844;13.8527;13.8615;13.8703;13.8791;13.8879;13.8913;13.8893;13.8819;13.8691;13.8509;13.8327;13.8145;13.7963;13.7781;13.7599;13.7417;13.7235;13.7054;13.6872;13.669;13.6508;13.6429;13.6453;13.658;13.6811;13.7144;13.7477;13.7811;13.8144;13.8477;13.8811;13.9144;13.9477;13.9811;14.0144;14.0477;14.0811;14.091;14.0776;14.0409;13.9807;13.8972;13.8137;13.7302;13.6467;13.5633;13.4798;13.3963;13.3128;13.2293;13.1458;13.0623;12.9788;12.9;12.826;12.7566;12.692;12.6321;12.5722;12.5124;12.4525;12.3926;12.3327;12.2728;12.2129;12.153;12.0931;12.0332;11.9734;11.9291;11.9005;11.8876;11.8903;11.9086;11.927;11.9453;11.9636;11.982;12.0003;12.0187;12.037;12.0554;12.0737;12.0921;12.1104;12.1356;12.1677;12.2065;12.2523;12.3049;12.3575;12.4101;12.4627;12.5153;12.5679;12.6205;12.673;12.7256;12.7782;12.8308;12.8834;12.9366;12.9905;13.0449;13.1;13.1557;13.2114;13.2671;13.3227;13.3784;13.4341;13.4898;13.5455;13.6012;13.6569;13.7126;13.7681;13.8236;13.879;13.9343;13.9895;14.0447;14.0999;14.1551;14.2103;14.2655;14.3207;14.3759;14.4311;14.4863;14.5415;14.5967;14.658;14.7253;14.7987;14.8782;14.9637;15.0492;15.1347;15.2203;15.3058;15.3913;15.4768;15.5624;15.6479;15.7334;15.8189;15.8654;15.8727;15.8409;15.77;15.66;15.55;15.44;15.33;15.22;15.11;15",0.0289862,"0;0;1"
1.32274,0.154833,0.261983,"1;1.32209;1.64418;1.96627;2.28836;2.51445;2.64453;2.6786;2.61667;2.45874;2.38768;2.4035;2.50619;2.69576;2.97221;3.22559;3.45589;3.66313;3.8473;4.0084;4.1364;4.23129;4.29308;4.3402;4.37266;4.42356;4.49289;4.58066;4.66843;4.75621;4.80151;4.80434;4.7647;4.68259;4.55802;4.43344;4.30886;4.27332;4.32681;4.46935;4.69489;5.00346;5.30599;5.60251;5.893;6.16904;6.43062;6.67774;6.9104;7.12861;7.33482;7.52905;7.71129;7.88153;8.03979;8.19805;8.37297;8.56457;8.77284;8.99778;9.24747;9.50523;9.77107;10.045;10.327;10.609;10.879;11.1372;11.3834;11.6176;11.84;12.0623;12.2672;12.4546;12.6245;12.777;12.9115;13.0453;13.1785;13.3112;13.4433;13.5753;13.7358;13.9247;14.142;14.3877;14.6573;14.9224;15.1829;15.439;15.6905;15.9421;16.0926;16.1422;16.0907;15.9383;15.6848;15.4314;15.2796;15.2296;15.2812;15.4345;15.6676;15.8788;16.0681;16.2356;16.3811;16.434;16.3941;16.2615;16.0683;15.8145;15.5927;15.4031;15.2456;15.1816;15.211;15.3338;15.5502;15.8425;16.1174;16.3749;16.6119;16.8285;17.0685;17.3318;17.6184;17.9313;18.2705;18.5884;18.8851;19.174;19.455;19.7282;20.0147;20.3026;20.5782;20.8417;21.093;21.3322;21.4953;21.5823;21.5571;21.42;21.1707;20.8854;20.5967;20.3404;20.1165;19.9798;19.9301;19.935;19.9946;20.1088;20.2638;20.4598;20.6966;20.9742;21.2928;21.5749;21.8206;22.0299;22.2027;22.3391;22.5051;22.7006;22.9257;23.1803;23.4645;23.7092;23.9237;24.1078;24.2616;24.374;24.4842;24.5833;24.6711;24.7478;24.8244;24.8179;24.7281;24.5551;24.2988;23.9594;23.7453;23.6566;23.6932;23.7452;23.8126;23.77;23.6174;23.3549;23.0883;22.8176;22.5428;22.2639;21.9678;21.6584;21.349;21","15;14.9142;14.8283;14.7425;14.6566;14.5281;14.357;14.1432;13.8867;13.5875;13.3109;13.0568;12.8252;12.6161;12.4295;12.2234;11.9979;11.753;11.4886;11.2048;10.9262;10.6528;10.3846;10.1187;9.85526;9.58899;9.3199;9.048;8.7761;8.5042;8.23526;7.96927;7.70624;7.44616;7.18903;6.93191;6.67479;6.4678;6.31096;6.20425;6.15497;6.1631;6.17852;6.20123;6.23121;6.2908;6.37999;6.49879;6.64719;6.82519;6.91127;6.90543;6.80767;6.618;6.3364;6.0548;5.86355;5.76264;5.75208;5.83186;5.95583;6.03363;6.06528;6.05076;5.99008;5.92941;5.84112;5.72523;5.58173;5.41062;5.2119;5.01319;4.8044;4.58553;4.35659;4.11757;3.86149;3.59841;3.32834;3.05127;2.76722;2.48316;2.25925;2.09549;1.99188;1.94842;1.99604;2.07458;2.18405;2.32445;2.49577;2.66709;2.84745;3.03685;3.23529;3.44276;3.65927;3.87578;4.07398;4.25387;4.41544;4.55871;4.71047;4.88904;5.09443;5.32662;5.58563;5.82219;6.0363;6.22796;6.41889;6.60909;6.82102;7.05466;7.31001;7.53775;7.73787;7.91038;8.05526;8.10885;8.09876;8.02499;7.90156;7.72846;7.58069;7.45824;7.36111;7.27529;7.2008;7.109;6.99992;6.92041;6.87048;6.85013;6.87665;6.97338;7.09347;7.2369;7.40367;7.59379;7.80346;8.03267;8.19599;8.29341;8.32493;8.27102;8.20546;8.21371;8.29577;8.459;8.70339;8.95516;9.21428;9.48078;9.70111;9.8753;10.0033;10.0852;10.1209;10.2117;10.3576;10.5586;10.8146;11.1257;11.3901;11.6078;11.7787;11.9029;11.9804;12.0783;12.2234;12.4157;12.6553;12.9443;13.2623;13.5824;13.9047;14.2291;14.5535;14.8079;14.9924;15.107;15.1516;15.1263;15.1163;15.1217;15.1423;15.1274;15.0769;14.9755;14.8231;14.6198;14.4673;14.3655;14.3145;14.3142;14.4131;14.5603;14.7076;15",0.132736,"0;0.0333333;0.966667"
1.03529,0.267641,0.596502,"1;1.18501;1.37003;1.55504;1.74005;1.92507;2.11008;2.29509;2.4865;2.68431;2.88851;3.09911;3.31611;3.53311;3.7501;3.9671;4.18409;4.38902;4.58186;4.76263;4.93133;5.08795;5.24457;5.38323;5.50394;5.60668;5.69146;5.75828;5.82379;5.88801;5.95092;6.01254;6.07285;6.13316;6.14211;6.09969;6.00592;5.86079;5.66429;5.4678;5.27131;5.08886;4.92047;4.76613;4.62584;4.4996;4.37336;4.24712;4.12088;3.99464;3.92161;3.90179;3.93519;4.0218;4.16162;4.30144;4.44126;4.58108;4.72091;4.87327;5.03818;5.21564;5.40564;5.60818;5.81073;6.01328;6.17624;6.29964;6.38345;6.46663;6.54917;6.67066;6.83109;7.02857;7.22416;7.41786;7.60967;7.79959;7.98952;8.17944;8.36936;8.55928;8.7415;8.91599;9.08278;9.24186;9.39322;9.54458;9.69594;9.84731;9.99867;10.1618;10.3368;10.5236;10.7221;10.9325;11.1429;11.3532;11.5636;11.774;11.9826;12.1893;12.3943;12.5975;12.7989;13.0003;13.1998;13.3973;13.5929;13.7866;13.9784;14.1701;14.3619;14.561;14.7673;14.981;15.202;15.3904;15.539;15.6476;15.7164;15.7452;15.7741;15.803;15.7923;15.7419;15.6519;15.5224;15.3853;15.2803;15.2075;15.1667;15.158;15.1494;15.1407;15.1321;15.1298;15.1338;15.1442;15.161;15.1896;15.2237;15.2633;15.3084;15.359;15.4096;15.4634;15.5204;15.5165;15.5469;15.6116;15.7073;15.834;16.0558;16.2775;16.4993;16.7211;16.9429;17.1617;17.3776;17.5907;17.8008;18.0079;18.2151;18.4223;18.6295;18.8367;19.0428;19.2478;19.4518;19.6547;19.8565;20.0583;20.2602;20.462;20.6638;20.8622;21.057;21.2484;21.4363;21.6208;21.8052;21.9896;22.1741;22.3186;22.4234;22.4883;22.5133;22.4985;22.4837;22.4689;22.4541;22.4393;22.3711;22.2494;22.0743;21.8458;21.5639;21.2819;21","15;14.8769;14.7538;14.6307;14.5076;14.3845;14.2614;14.1383;14.0494;13.9947;13.9742;13.988;14.0359;14.0838;14.1317;14.1796;14.2275;14.3036;14.408;14.5406;14.7014;14.8904;15.0794;15.2722;15.4688;15.6692;15.8734;16.0813;16.2896;16.4983;16.7074;16.9168;17.1266;17.3364;17.5266;17.6971;17.8481;17.9794;18.091;18.2027;18.3144;18.4403;18.5804;18.7348;18.9035;19.0864;19.2693;19.4521;19.635;19.8179;19.9988;20.1776;20.3544;20.5291;20.7018;20.8746;21.0473;21.22;21.3927;21.5021;21.5482;21.531;21.4505;21.3067;21.1629;21.0191;20.9542;20.9681;21.0609;21.2067;21.4055;21.5784;21.7254;21.8451;21.9633;22.0801;22.1954;22.3092;22.423;22.5369;22.6507;22.7645;22.8881;23.0215;23.1647;23.3176;23.4803;23.643;23.8057;23.9684;24.1311;24.2756;24.4019;24.5099;24.5997;24.6713;24.7429;24.8145;24.8861;24.9577;24.9917;24.9881;24.9468;24.868;24.7515;24.635;24.5669;24.5473;24.576;24.6532;24.7788;24.9043;25.0299;25.1059;25.1324;25.1093;25.0366;24.8943;24.732;24.5496;24.3471;24.1247;23.9022;23.6797;23.5384;23.4782;23.4992;23.6013;23.7;23.7141;23.6436;23.4886;23.249;23.0094;22.7698;22.5301;22.2949;22.0641;21.8376;21.6155;21.3921;21.163;20.9281;20.6875;20.4412;20.1948;19.9568;19.7271;19.5817;19.4828;19.4303;19.416;19.4397;19.4256;19.4114;19.3972;19.3831;19.3689;19.3415;19.3009;19.247;19.1799;19.0995;19.0192;18.9388;18.8584;18.7781;18.6952;18.6098;18.5218;18.4313;18.3384;18.2454;18.1524;18.0594;17.9664;17.8582;17.7349;17.5965;17.4428;17.2741;17.1053;16.9365;16.7677;16.5884;16.3984;16.1978;15.9867;15.765;15.5433;15.3215;15.0998;14.8781;14.7233;14.6355;14.6146;14.6608;14.7738;14.8869;15",0.440376,"0;0.0666667;0.933333"
1.39122,0.212849,0.276106,"1;1.1552;1.3104;1.4656;1.6208;1.77869;1.93929;2.10258;2.26857;2.43725;2.60594;2.79658;3.00916;3.2437;3.50019;3.77863;4.05707;4.34151;4.63194;4.92837;5.23079;5.5392;5.84762;6.10284;6.30488;6.45373;6.54939;6.65127;6.81257;7.03328;7.3134;7.55468;7.6977;7.74246;7.68897;7.53721;7.38546;7.31291;7.31958;7.40545;7.57053;7.81482;8.05911;8.31267;8.57548;8.84756;9.10126;9.33657;9.54424;9.72427;9.87665;10.0579;10.2679;10.5067;10.7743;11.0708;11.3673;11.6387;11.8851;12.1278;12.3669;12.6024;12.8592;13.1374;13.4156;13.669;13.8976;14.1013;14.2802;14.4343;14.5884;14.7004;14.7702;14.7979;14.7835;14.7269;14.6703;14.6829;14.7646;14.9155;15.1354;15.4246;15.7137;16.0099;16.3133;16.6237;16.9413;17.266;17.5907;17.8934;18.1741;18.4329;18.6696;18.8844;19.0991;19.2634;19.3772;19.4405;19.4533;19.4156;19.378;19.399;19.4788;19.6173;19.8144;20.0704;20.3157;20.5505;20.7748;20.9885;21.1917;21.4198;21.6729;21.9509;22.2539;22.5818;22.9097;23.1527;23.3108;23.3839;23.3721;23.2754;23.252;23.302;23.4254;23.6221;23.8922;24.1623;24.4324;24.7056;24.982;25.2614;25.544;25.8297;26.1154;26.4011;26.6787;26.9481;27.2093;27.4624;27.7074;27.9523;28.1355;28.2568;28.3164;28.3141;28.2501;28.1861;28.122;28.0296;27.9086;27.7593;27.5815;27.3753;27.1691;26.939;26.6851;26.4073;26.1056;25.7801;25.4546;25.1984;25.0115;24.8938;24.8454;24.8664;24.8873;24.8824;24.8517;24.7952;24.7128;24.6047;24.4966;24.4141;24.3958;24.4415;24.5513;24.631;24.6549;24.5845;24.4187;24.1574;23.8949;23.6311;23.3545;23.0664;22.7667;22.4554;22.1325;21.8096;21.555;21.3687;21.2506;21.2007;21.2191;21.2375;21.256;21.2121;21.2928;21","15;14.705;14.41;14.115;13.82;13.5265;13.2345;12.944;12.655;12.3675;12.08;11.8134;11.5676;11.3426;11.1385;10.9552;10.772;10.6001;10.4396;10.2904;10.1526;10.0261;9.89966;9.73144;9.52144;9.26967;8.97613;8.71042;8.51432;8.38782;8.33093;8.28174;8.17065;7.99767;7.76278;7.46599;7.16921;6.96364;6.8493;6.82617;6.89427;7.05359;7.2129;7.32074;7.37709;7.38195;7.29804;7.12535;6.91537;6.66809;6.38352;6.13953;5.93611;5.77327;5.65101;5.56933;5.48764;5.46205;5.49255;5.55824;5.65912;5.7952;5.91038;6.00466;6.09893;6.11524;6.05358;5.91395;5.69634;5.40077;5.10519;4.80304;4.49429;4.17896;3.85705;3.52855;3.20005;2.90407;2.64061;2.40968;2.21126;2.04536;1.87946;1.76181;1.69242;1.67128;1.69839;1.77376;1.84913;1.95496;2.09125;2.258;2.4552;2.68287;2.91054;3.15786;3.42484;3.71148;4.01778;4.34374;4.6697;4.96571;5.23177;5.4679;5.67407;5.8503;5.95031;5.97409;5.92164;5.79297;5.58807;5.42398;5.30072;5.21827;5.17664;5.17583;5.17502;5.2282;5.33538;5.49656;5.71173;5.98089;6.17759;6.30181;6.35357;6.33287;6.23969;6.14652;6.05334;5.97937;5.9246;5.88903;5.87266;5.87549;5.87833;5.88116;5.92865;6.02078;6.15755;6.33898;6.56505;6.79113;7.02768;7.2747;7.53219;7.80016;8.07861;8.35705;8.6355;8.90053;9.15213;9.39032;9.61509;9.82644;10.0378;10.2025;10.3207;10.3922;10.4171;10.3954;10.3738;10.4229;10.543;10.7339;10.9957;11.3284;11.6611;11.9801;12.2853;12.5768;12.8547;13.1188;13.3828;13.6151;13.8402;14.058;14.2687;14.4434;14.614;14.7559;14.9004;15.0476;15.2261;15.4359;15.6418;15.8122;15.9472;16.0469;16.1111;16.1754;16.1698;16.0943;15.9489;15.7337;15.4486;15.1634;14.8783;14.7886;14.3081;15",0.136292,"0;0.1;0.9"
1.20425,0.226135,0.7391,"1;1.21349;1.42698;1.64048;1.85397;2.06746;2.19797;2.24549;2.21003;2.09159;1.89016;1.68872;1.48729;1.31523;1.17253;1.0592;0.975229;0.920626;0.866023;0.811421;0.815549;0.878408;0.999998;1.19239;1.45558;1.73084;2.01818;2.3096;2.59305;2.86852;3.13601;3.39553;3.65504;3.91948;4.18884;4.46312;4.74232;5.01721;5.28287;5.53929;5.78647;6.02442;6.26237;6.50032;6.66087;6.74402;6.74978;6.67813;6.52909;6.38005;6.23101;6.08197;5.94569;5.82216;5.71139;5.61337;5.52811;5.44285;5.35759;5.31323;5.30977;5.3472;5.42553;5.54476;5.66399;5.78322;5.90245;6.03241;6.1731;6.32452;6.48667;6.65955;6.83243;7.00531;7.18304;7.36561;7.55303;7.74529;7.94562;8.14918;8.35597;8.56598;8.77923;8.99247;9.18045;9.34318;9.48066;9.59288;9.67985;9.76681;9.85378;9.97136;10.1196;10.2984;10.5078;10.7478;10.9728;11.1828;11.3777;11.5576;11.7224;11.8872;12.0753;12.2867;12.5213;12.7793;13.0605;13.3417;13.6229;13.8991;14.1702;14.4363;14.6974;14.9534;15.2095;15.4577;15.6982;15.9308;16.1557;16.3766;16.6014;16.83;17.0625;17.2765;17.4681;17.6374;17.7842;17.9087;18.0612;18.2417;18.4502;18.6867;18.9512;19.2156;19.4745;19.7277;19.9753;20.2173;20.4536;20.6899;20.9263;21.1241;21.2833;21.4039;21.4859;21.5294;21.5729;21.5984;21.6058;21.6223;21.648;21.6828;21.7448;21.8339;21.8556;21.8098;21.6965;21.5157;21.2674;21.0191;20.7708;20.5273;20.2885;20.0544;19.8251;19.6005;19.376;19.2136;19.0619;18.9209;18.8195;18.7576;18.6731;18.6175;18.5908;18.5499;18.4946;18.4251;18.3413;18.2478;18.1589;18.0746;17.9948;17.9353;17.8915;17.8633;17.8925;17.979;18.1073;18.2771;18.4887;18.7002;18.9118;19.1233;19.3653;19.6375;19.9402;20.2732;20.6366;21","15;15.1358;15.2715;15.4073;15.5431;15.6789;15.828;15.9905;16.1664;16.3557;16.5583;16.7609;16.9636;17.1818;17.4155;17.6648;17.9297;18.2102;18.4906;18.7711;19.0037;19.1886;19.3258;19.4091;19.4387;19.4622;19.4798;19.4658;19.4262;19.361;19.2702;19.1537;19.0373;18.9368;18.852;18.7832;18.7301;18.7311;18.7701;18.8472;18.9624;19.1157;19.269;19.4223;19.5851;19.7574;19.9391;20.1304;20.3311;20.5318;20.7325;20.9332;21.1483;21.3779;21.6218;21.8801;22.1528;22.4254;22.6981;22.9603;23.2118;23.4527;23.683;23.9028;24.1225;24.3422;24.562;24.7832;25.0061;25.2305;25.4564;25.6839;25.9113;26.1388;26.2825;26.3423;26.3182;26.2104;26.0321;25.8672;25.7157;25.5775;25.4528;25.328;25.1815;25.0131;24.8229;24.6109;24.3771;24.1433;23.9094;23.7438;23.6463;23.617;23.6559;23.763;23.8012;23.7704;23.6708;23.5023;23.2649;23.0274;22.8289;22.6693;22.5486;22.4668;22.4239;22.381;22.3381;22.29;22.2366;22.1779;22.114;22.0449;21.9758;21.9019;21.8234;21.7401;21.6522;21.5476;21.4312;21.3028;21.1626;21.0924;21.1041;21.1979;21.3736;21.6312;21.8547;22.044;22.1992;22.3202;22.407;22.4938;22.5453;22.5615;22.5424;22.4879;22.3981;22.3083;22.2185;22.0902;21.9235;21.7183;21.4746;21.1925;20.9104;20.6296;20.3501;20.0761;19.8076;19.5445;19.2856;19.0308;18.817;18.6442;18.5124;18.4215;18.3716;18.3217;18.2718;18.2578;18.2797;18.3376;18.4314;18.5611;18.6908;18.7527;18.7663;18.7316;18.6175;18.424;18.2189;17.9826;17.7152;17.4538;17.1987;16.9497;16.7069;16.4644;16.2159;15.9614;15.701;15.5477;15.5076;15.5807;15.6804;15.8067;15.8465;15.7998;15.6666;15.5333;15.4001;15.2669;15.1603;15.0803;15.027;15.0002;15.0001;15",0.532506,"0;0.133333;0.866667"
1.43808,0.177233,1.48676,"1;1.3055;1.61101;1.91651;2.22202;2.42924;2.53819;2.54887;2.46127;2.27539;2.08951;1.98166;1.95182;1.91375;1.86746;1.81293;1.67216;1.44514;1.21812;1.07665;1.02074;1.05039;1.16559;1.32984;1.45758;1.54881;1.60353;1.62175;1.63996;1.72432;1.87482;2.07484;2.32436;2.6234;2.90581;3.17158;3.43736;3.69469;3.94357;4.184;4.42181;4.657;4.89801;5.14485;5.39751;5.61957;5.81104;5.9719;6.10217;6.20184;6.3015;6.42971;6.58645;6.77172;6.98554;7.22789;7.47023;7.7019;7.92287;8.13315;8.33275;8.52166;8.71057;8.85441;8.95319;9.0069;9.01554;8.94006;8.82551;8.67191;8.47924;8.24752;8.01579;7.82222;7.66682;7.54957;7.47047;7.42954;7.38861;7.41228;7.50057;7.65346;7.87096;8.15307;8.44351;8.74228;9.04938;9.36481;9.63518;9.85216;10.0158;10.126;10.2269;10.3721;10.5614;10.7948;11.0725;11.345;11.6125;11.8749;12.1322;12.3845;12.6367;12.8557;13.0415;13.194;13.3134;13.3995;13.4856;13.6032;13.7524;13.9331;14.1453;14.3891;14.6328;14.8657;15.0876;15.2986;15.4987;15.6879;15.8771;16.0899;16.3265;16.5868;16.8708;17.1786;17.4872;17.7967;18.1071;18.4185;18.7307;18.9492;19.0739;19.1048;19.0419;18.8853;18.7286;18.6374;18.6115;18.651;18.7559;18.9275;19.1003;19.2745;19.4499;19.6267;19.7356;19.7767;19.75;19.6554;19.5715;19.5658;19.6386;19.7898;20.0193;20.2488;20.4417;20.5378;20.537;20.4394;20.2449;19.9902;19.7355;19.4699;19.1934;18.906;18.6524;18.4326;18.2575;18.1243;18.0328;17.9385;17.8175;17.6699;17.4986;17.4069;17.3949;17.4864;17.6684;17.941;18.2006;18.4473;18.681;18.9148;19.0861;19.1951;19.2416;19.2258;19.1475;19.1021;19.0893;19.1093;19.1621;19.2477;19.3332;19.5013;19.7521;20.0855;20.5014;21","15;15.1333;15.2667;15.4;15.5333;15.6954;15.886;16.1054;16.3534;16.6301;16.9068;17.1745;17.4331;17.6853;17.9309;18.17;18.4116;18.6556;18.8997;19.1388;19.3728;19.6018;19.8258;20.0676;20.3321;20.6194;20.9295;21.2623;21.5952;21.8184;21.9321;22.0131;22.0613;22.0769;22.1692;22.3384;22.5076;22.5963;22.6046;22.5323;22.4747;22.4315;22.4834;22.6302;22.8721;23.002;23.0198;22.9257;22.7196;22.4016;22.0835;21.7832;21.5008;21.2363;20.9896;20.7607;20.5319;20.3987;20.3612;20.4193;20.5732;20.8227;21.0722;21.3457;21.6432;21.9647;22.3102;22.6537;22.9712;23.2628;23.5284;23.768;24.0076;24.2654;24.5415;24.8359;25.1484;25.4792;25.81;26.0371;26.1605;26.1801;26.0961;25.9083;25.7334;25.5714;25.4223;25.2861;25.2601;25.3315;25.5002;25.7663;26.0102;26.1346;26.1394;26.0247;25.7905;25.6467;25.5934;25.6304;25.7579;25.9758;26.1938;26.4325;26.6921;26.9724;27.2736;27.5957;27.9177;28.2208;28.5049;28.7701;29.0164;29.2438;29.4711;29.7079;29.9541;30.2097;30.4747;30.7492;31.0236;31.2358;31.3857;31.4732;31.4985;31.4614;31.3925;31.2918;31.1591;30.9946;30.7982;30.5861;30.3583;30.1149;29.8557;29.5809;29.3061;29.0207;28.7249;28.4186;28.1018;27.7773;27.4557;27.1369;26.8209;26.5077;26.3097;26.2268;26.259;26.4065;26.5689;26.6312;26.5933;26.4553;26.2172;25.9791;25.7503;25.5262;25.3067;25.0918;24.8816;24.6666;24.4516;24.2469;24.0527;23.8688;23.6513;23.4;23.1047;22.7858;22.4435;22.1219;21.8285;21.5635;21.3063;21.0671;20.8459;20.6351;20.4252;20.2161;19.9975;19.7693;19.5317;19.2941;19.0255;18.726;18.3956;18.0343;17.642;17.2637;16.8995;16.5493;16.2131;15.8909;15.5688;15.3161;15.1328;15.0191;14.9748;15",1.13507,"0;0.166667;0.833333"
1.7789,0.136391,1.37013,"1;0.907314;0.814628;0.759633;0.742329;0.762715;0.820792;0.842833;0.849023;0.839364;0.813855;0.862478;1.05896;1.29503;1.57069;1.88593;2.06185;2.09846;2.04613;1.90488;1.6747;1.51968;1.43982;1.43512;1.50557;1.65118;1.87164;2.16694;2.49187;2.84643;3.23061;3.56957;3.86332;4.13346;4.39925;4.68271;4.98385;5.30267;5.66276;6.04216;6.41884;6.7928;7.16403;7.49481;7.78412;8.03195;8.23831;8.4548;8.71917;9.03514;9.40273;9.74128;9.99917;10.1764;10.3184;10.4251;10.5773;10.7749;11.0179;11.288;11.5852;11.9096;12.2611;12.6397;13.0224;13.4093;13.8003;14.1954;14.5947;14.9869;15.3722;15.7504;16.1217;16.4859;16.8515;17.2186;17.587;17.9568;18.3281;18.7049;19.0871;19.4748;19.8681;20.2668;20.6537;21.0288;21.3921;21.7436;22.0832;22.426;22.7718;23.1207;23.4728;23.8279;24.1839;24.5407;24.8984;25.257;25.6164;25.9825;26.3554;26.735;27.1213;27.5143;27.9027;28.2864;28.6655;29.0399;29.4096;29.7526;30.069;30.3587;30.6217;30.858;30.9963;31.0365;30.9786;30.8227;30.5687;30.339;30.1334;29.9521;29.7365;29.4867;29.1784;28.8116;28.4822;28.2487;28.1109;28.0691;28.0935;28.0885;28.054;28.0875;28.1891;28.3882;28.5808;28.7668;28.9336;29.081;29.209;29.4217;29.5802;29.5997;29.4804;29.2928;29.0369;28.8517;28.7372;28.6199;28.4291;28.1649;27.8272;27.5596;27.4356;27.3872;27.4146;27.5685;27.7055;27.8256;27.9966;28.1017;28.0899;27.9613;27.6937;27.2871;26.8723;26.4492;26.0177;25.6001;25.1992;24.8014;24.4065;24.0146;23.7365;23.5691;23.5125;23.5667;23.6381;23.616;23.5005;23.2914;23.0931;22.9991;23.0094;23.0221;23.0371;22.9502;22.8235;22.6571;22.5528;22.5107;22.4364;22.2678;22.0627;21.8213;21.5435;21.3237;21.1618;21","15;15.4082;15.8163;16.2246;16.6329;17.0413;17.4498;17.7818;18.1186;18.4601;18.8064;19.0904;19.3886;19.6695;19.933;20.1793;20.4714;20.8096;21.144;21.4748;21.802;22.1382;22.4835;22.8379;23.2014;23.5739;23.8522;24.0363;24.1987;24.3395;24.4587;24.6504;24.9147;25.2437;25.5904;25.871;26.0854;26.2336;26.2509;26.2467;26.3049;26.4256;26.6087;26.7811;26.8408;26.7879;26.6223;26.4101;26.2245;26.105;26.0515;25.9797;25.8234;25.5827;25.4031;25.2844;25.3112;25.4835;25.8012;26.0812;26.3235;26.528;26.6948;26.8239;26.9223;26.9901;27.0273;27.0338;27.0096;26.9573;26.8766;26.7678;26.6306;26.4653;26.3628;26.3231;26.3463;26.4324;26.5813;26.6941;26.7707;26.8112;26.8156;26.7839;26.7162;26.6126;26.4732;26.2978;26.0865;25.9543;25.9011;25.9271;26.0321;26.2162;26.3283;26.3685;26.3368;26.2332;26.0576;25.932;25.8564;25.8307;25.8551;25.9293;25.9582;25.9417;25.8798;25.7726;25.6199;25.4332;25.2125;24.9578;24.6691;24.3464;24.0264;23.7092;23.3947;23.0829;22.7739;22.4501;22.1114;21.758;21.4137;21.0786;20.7676;20.4806;20.1708;19.8142;19.4107;18.9605;18.4847;18.0301;17.5969;17.2007;16.8416;16.4984;16.1647;15.8406;15.5248;15.2172;14.918;14.6332;14.3819;14.1498;13.9367;13.6967;13.4299;13.1172;12.7585;12.4115;12.1223;11.8908;11.7171;11.7122;11.8187;11.8373;11.7683;11.6576;11.3941;10.9779;10.6078;10.3257;10.0853;9.88662;9.79208;9.80168;9.77725;9.71878;9.62627;9.4373;9.26784;9.21437;9.27688;9.45537;9.77671;10.1249;10.5;10.902;11.3095;11.6957;12.0605;12.4039;12.7385;13.0857;13.4454;13.8054;14.1658;14.5141;14.8797;15.2626;15.6751;16.1171;16.4596;16.6729;16.7063;16.5598;16.2334;15.8562;15.4281;15",0.996369,"0;0.2;0.8"
1.81174,0.150261,1.56913,"1;1.34662;1.69323;2.03985;2.38867;2.7397;3.09293;3.44836;3.80599;4.13741;4.4426;4.72156;4.97431;5.2196;5.48367;5.7665;6.02039;6.24532;6.42253;6.55202;6.64004;6.73432;6.83486;6.94471;7.06388;7.13345;7.15341;7.12378;7.04149;6.90655;6.86406;6.91404;7.05647;7.29137;7.61872;7.91534;8.18123;8.41638;8.62081;8.79449;8.93153;9.03193;9.09567;9.12276;9.19449;9.34749;9.58178;9.89735;10.2942;10.7115;11.1494;11.6078;12.0867;12.5526;12.9851;13.3842;13.7498;14.082;14.4326;14.8017;15.1893;15.5953;16.0379;16.4987;16.941;17.3647;17.77;18.1386;18.4949;18.8756;19.2806;19.71;20.0682;20.3309;20.498;20.5696;20.6367;20.7949;21.0441;21.3843;21.781;22.1432;22.4708;22.7957;23.1178;23.4716;23.8573;24.2101;24.4983;24.7565;24.9846;25.1827;25.4537;25.7978;26.1802;26.6012;27.0516;27.493;27.7779;27.9062;27.8779;27.702;27.3785;27.086;26.9203;26.8814;26.9694;27.1553;27.4081;27.6321;27.8871;28.1731;28.3484;28.413;28.367;28.1504;27.8462;27.6248;27.5618;27.511;27.4725;27.3634;27.1837;26.94;26.7784;26.6989;26.7015;26.7137;26.6534;26.5481;26.3977;26.2022;26.0342;25.8936;25.6997;25.4526;25.1603;24.8227;24.44;24.0654;23.8226;23.7038;23.5985;23.507;23.4181;23.208;22.8768;22.6272;22.4592;22.3839;22.4012;22.5111;22.6788;22.7442;22.7074;22.5683;22.3269;21.9271;21.5289;21.1323;20.7373;20.4645;20.3123;20.2807;20.3697;20.455;20.4159;20.2526;19.9649;19.5412;19.106;18.6593;18.2009;17.8645;17.6615;17.5921;17.6562;17.8599;18.0651;18.2716;18.4795;18.6887;18.826;18.8961;18.8991;18.835;18.7037;18.6732;18.7434;18.9142;19.1858;19.4386;19.572;19.6841;19.8075;19.9422;20.2078;20.5117;21.0331;21","15;15.1996;15.3993;15.5989;15.7945;15.9859;16.1733;16.3565;16.5357;16.7572;17.021;17.3272;17.6757;18.041;18.3808;18.6951;19.02;19.3554;19.7269;20.1346;20.5756;21.014;21.4497;21.8743;22.2878;22.6906;23.0826;23.4638;23.8427;24.2193;24.5665;24.8844;25.1729;25.4321;25.662;25.9179;26.2;26.5081;26.8424;27.2027;27.5909;28.0071;28.4512;28.9231;29.3331;29.6531;29.8831;30.0232;30.0733;30.1085;30.1286;30.1338;30.124;30.0596;29.9556;29.812;29.6288;29.406;29.2805;29.2525;29.3219;29.4887;29.6703;29.7693;29.7738;29.6838;29.4993;29.3029;29.1622;29.089;29.0832;29.145;29.156;29.0489;28.8235;28.48;28.0762;27.7303;27.4424;27.2124;26.9948;26.7318;26.4233;26.177;25.9929;25.9165;25.9478;26.1363;26.3744;26.5056;26.5299;26.4473;26.253;25.947;25.6855;25.4687;25.3233;25.2048;25.0737;24.93;24.7737;24.578;24.3427;24.0929;23.824;23.5359;23.2288;22.8923;22.541;22.1795;21.8996;21.7014;21.519;21.3525;21.202;20.9755;20.6308;20.2439;19.9416;19.6547;19.3831;19.1692;19.0128;18.7486;18.4459;18.1048;17.7252;17.3108;16.9003;16.4985;16.1054;15.7211;15.3417;14.9672;14.6005;14.2417;13.987;13.8362;13.7895;13.839;14.0477;14.3194;14.4961;14.5778;14.5632;14.3893;14.0562;13.7133;13.3605;12.9992;12.6293;12.2508;11.8954;11.5801;11.3048;11.0696;10.8744;10.7289;10.6161;10.5359;10.4884;10.3857;10.1953;9.91696;9.55084;9.18146;8.89662;8.69633;8.5806;8.57021;8.58063;8.61184;8.66385;8.81051;9.03101;9.32535;9.69353;10.0789;10.462;10.8428;11.2215;11.5979;12.0171;12.4247;12.8206;13.2049;13.5775;13.9217;14.2375;14.5249;14.7839;15.0414;15.3259;15.6858;15.8976;15.9612;15.8497;15.6546;15.0527;15",1.10742,"0;0.233333;0.766667"
1.13998,0.162632,0.892233,"1;1.00299;1.00597;1.00896;1.01194;1.01493;1.01791;1.02037;1.02231;1.02373;1.02462;1.025;1.06933;1.15763;1.28988;1.4661;1.68628;1.90647;2.12665;2.35172;2.58167;2.81652;3.05625;3.2997;3.54199;3.78311;4.02307;4.26186;4.52038;4.77734;5.03273;5.28657;5.53884;5.75466;5.9553;6.14078;6.31108;6.46621;6.62134;6.77647;6.9316;7.08018;7.25047;7.44247;7.65618;7.8916;8.15528;8.41896;8.66492;8.89316;9.10369;9.29649;9.47158;9.64666;9.76345;9.82194;9.82214;9.76403;9.64763;9.53123;9.41482;9.29842;9.25395;9.28142;9.38083;9.55217;9.79545;9.98046;10.1072;10.1757;10.1859;10.1379;10.0898;10.0418;9.9937;10.0051;10.0761;10.2065;10.3964;10.6457;10.8951;11.1445;11.3938;11.6294;11.8511;12.059;12.2531;12.4333;12.6136;12.7938;12.9741;13.1619;13.3574;13.5604;13.771;13.9893;14.2075;14.4258;14.644;14.8163;14.9426;15.0231;15.0575;15.046;15.0836;15.1701;15.3056;15.4901;15.7236;15.8764;15.9759;16.0221;16.0149;15.9543;15.9211;15.8879;15.8547;15.8215;15.8154;15.8364;15.8846;15.9599;16.0623;16.1647;16.2671;16.3695;16.5001;16.6589;16.8459;17.0611;17.3045;17.5479;17.7914;18.0348;18.2739;18.5088;18.7395;18.9659;19.1881;19.4102;19.6324;19.8545;20.0629;20.2574;20.438;20.6049;20.7579;20.9109;21.0639;21.2169;21.3738;21.5345;21.6992;21.8678;22.0403;22.2128;22.3852;22.5577;22.7316;22.907;23.0837;23.262;23.4416;23.6213;23.8009;23.9806;24.1283;24.244;24.3277;24.3795;24.3993;24.419;24.4388;24.4586;24.4718;24.4783;24.4783;24.4716;24.4371;24.3812;24.3042;24.2059;24.0863;23.9667;23.8471;23.7049;23.54;23.3523;23.1421;22.9091;22.6761;22.4772;22.3125;22.1818;22.0466;21.9068;21.7284;21.5113;21.2557;21","15;15.25;15.5;15.7499;15.9999;16.2499;16.4999;16.7537;17.0113;17.2727;17.5379;17.8069;18.052;18.2733;18.4706;18.644;18.7935;18.943;19.0926;19.2131;19.3048;19.3675;19.4014;19.4091;19.4197;19.4332;19.4495;19.4687;19.5006;19.5195;19.5255;19.5185;19.4985;19.4993;19.5463;19.6396;19.7791;19.965;20.1508;20.3366;20.5224;20.7416;20.9329;21.0964;21.232;21.3398;21.3864;21.433;21.5101;21.6177;21.7559;21.9245;22.1237;22.3229;22.5264;22.7344;22.9468;23.1637;23.3849;23.6062;23.8274;24.0487;24.2488;24.4278;24.5858;24.7226;24.8383;24.98;25.1475;25.341;25.5604;25.8058;26.0511;26.2965;26.5418;26.7416;26.8959;27.0046;27.0679;27.0855;27.1032;27.1209;27.1386;27.1874;27.2673;27.3783;27.5204;27.6937;27.8669;28.0401;28.2134;28.3292;28.3875;28.3884;28.3319;28.2179;28.104;27.99;27.876;27.7326;27.5596;27.3571;27.1252;26.8638;26.634;26.4359;26.2695;26.1348;26.0317;25.9803;25.9004;25.7919;25.6549;25.4893;25.2435;24.9977;24.7519;24.5061;24.2679;24.0372;23.814;23.5984;23.3904;23.1824;22.9743;22.7663;22.6113;22.5093;22.4603;22.4643;22.5213;22.5783;22.6354;22.6924;22.7151;22.7035;22.6575;22.5772;22.4625;22.3479;22.2332;22.1186;22.0664;22.0767;22.1494;22.2847;22.4824;22.6801;22.8778;23.0755;23.1975;23.2438;23.2143;23.109;22.928;22.7471;22.5661;22.3851;22.2056;22.0274;21.8507;21.6755;21.5016;21.3278;21.1539;20.9801;20.7911;20.5871;20.3681;20.1339;19.8847;19.6355;19.3863;19.1371;18.8905;18.6465;18.4051;18.1663;17.9308;17.6959;17.4617;17.228;16.995;16.762;16.529;16.3488;16.2215;16.147;16.1253;16.1566;16.1878;16.1586;16.0691;15.9192;15.7412;15.535;15.361;15.2192;15.1096;15",0.562879,"0;0.266667;0.733333"
0.710914,0.330852,0.341368,"1;1.11767;1.23535;1.35302;1.47069;1.58836;1.70604;1.82371;1.94138;2.05905;2.17673;2.2944;2.4012;2.49713;2.58219;2.65639;2.71971;2.78303;2.84635;2.90967;2.97299;3.03631;3.09963;3.16295;3.22627;3.30436;3.39723;3.50487;3.62728;3.76447;3.90166;4.03884;4.17603;4.31321;4.4504;4.58758;4.72477;4.86196;4.99389;5.12056;5.24198;5.35814;5.46905;5.57995;5.69086;5.80177;5.91267;6.02358;6.14265;6.26989;6.40529;6.54885;6.70058;6.81613;6.8955;6.93869;6.94569;6.91652;6.88735;6.85818;6.82901;6.81331;6.81109;6.82235;6.84708;6.89374;6.92119;6.96121;7.01381;7.079;7.14831;7.24943;7.35054;7.45166;7.55278;7.65389;7.75501;7.85613;7.95724;8.05836;8.16806;8.28635;8.41322;8.54867;8.69271;8.83674;8.98078;9.12482;9.26886;9.4129;9.55693;9.70097;9.84501;9.98067;10.108;10.2269;10.3374;10.4396;10.5417;10.6439;10.746;10.8482;10.9504;11.0525;11.1547;11.2665;11.388;11.5192;11.6601;11.8106;11.9611;12.1116;12.2622;12.4127;12.5632;12.7138;12.8643;13.0148;13.1325;13.2173;13.2693;13.2885;13.3008;13.3391;13.4034;13.4937;13.61;13.7262;13.8425;13.9492;14.0464;14.1341;14.2122;14.2807;14.3493;14.4179;14.4865;14.555;14.6236;14.6922;14.7607;14.8293;14.8999;14.9726;15.0473;15.124;15.2028;15.2816;15.3604;15.4392;15.518;15.5968;15.6756;15.7694;15.8782;16.0019;16.1406;16.2942;16.4479;16.6016;16.7553;16.9089;17.0626;17.2163;17.37;17.5236;17.6676;17.802;17.9266;18.0417;18.147;18.2523;18.3577;18.463;18.5684;18.6737;18.7791;18.8844;18.9898;19.1021;19.2215;19.3478;19.4812;19.6216;19.762;19.9024;20.0428;20.1832;20.3236;20.464;20.6044;20.7448;20.8562;20.9388;20.9924;21.0171;21.0128;21.0085;21.0043;21","15;15.0991;15.1982;15.2973;15.3964;15.4955;15.5946;15.6937;15.7928;15.8919;15.991;16.0902;16.1975;16.313;16.4368;16.5688;16.709;16.8492;16.9894;17.1296;17.2698;17.4101;17.5503;17.6905;17.8307;17.9289;17.9852;17.9995;17.9718;17.9022;17.8326;17.7629;17.6933;17.6237;17.554;17.4844;17.4148;17.3452;17.3111;17.3126;17.3497;17.4224;17.5306;17.6388;17.7471;17.8553;17.9635;18.0718;18.1659;18.2459;18.3118;18.3637;18.4014;18.4622;18.5463;18.6535;18.7838;18.9373;19.0908;19.2443;19.3978;19.5526;19.7088;19.8664;20.0253;20.1669;20.2891;20.4025;20.5069;20.6025;20.7079;20.8238;20.9398;21.0557;21.1717;21.2876;21.4036;21.5195;21.6354;21.7514;21.855;21.9462;22.025;22.0914;22.1455;22.1995;22.2536;22.3076;22.3617;22.4157;22.4698;22.5238;22.5779;22.5977;22.5832;22.5345;22.4515;22.3343;22.2171;22.0999;21.9826;21.8654;21.7482;21.631;21.5137;21.4263;21.3687;21.3409;21.3428;21.3746;21.4064;21.4382;21.47;21.5018;21.5336;21.5654;21.5971;21.6289;21.6246;21.5843;21.5078;21.3953;21.2936;21.239;21.2314;21.2707;21.3571;21.4434;21.5298;21.5725;21.5715;21.5269;21.4386;21.3067;21.1748;21.0429;20.911;20.7791;20.6472;20.5153;20.3834;20.2514;20.1183;19.9839;19.8482;19.7113;19.5731;19.435;19.2968;19.1587;19.0205;18.8824;18.7442;18.6322;18.5464;18.4868;18.4533;18.446;18.4387;18.4314;18.4241;18.4168;18.4095;18.4022;18.3948;18.3875;18.3593;18.31;18.2398;18.1487;18.0366;17.9244;17.8123;17.7002;17.5881;17.476;17.3638;17.2517;17.1396;17.0373;16.9449;16.8623;16.7895;16.7266;16.6637;16.6008;16.5379;16.475;16.4121;16.3491;16.2862;16.2233;16.1364;16.0255;15.8906;15.7317;15.5487;15.3658;15.1829;15",0.151689,"0;0.3;0.7"
0.922575,0.162823,0.184381,"1;1.18718;1.37435;1.56153;1.7487;1.93588;2.12305;2.31023;2.4974;2.65085;2.77057;2.85657;2.90884;2.92738;2.94592;2.96447;2.98301;3.00155;3.02009;3.07034;3.15229;3.26595;3.41131;3.58837;3.76544;3.9425;4.11956;4.26752;4.38637;4.47612;4.53676;4.5683;4.59983;4.63137;4.66291;4.69444;4.72598;4.76434;4.80953;4.86155;4.9204;4.98607;5.05175;5.11742;5.18309;5.24877;5.31444;5.38821;5.47005;5.55999;5.65801;5.77374;5.89908;6.03403;6.1786;6.33279;6.48451;6.63376;6.78054;6.92485;7.0667;7.20854;7.35039;7.49223;7.63408;7.78648;7.94945;8.12299;8.30708;8.50174;8.6964;8.89106;9.08572;9.28038;9.41461;9.48841;9.50179;9.45474;9.34726;9.29648;9.30239;9.36501;9.48432;9.66033;9.83634;10.0124;10.1884;10.363;10.5363;10.7083;10.8789;11.0482;11.2175;11.3909;11.5685;11.7501;11.9359;12.1259;12.3144;12.5015;12.6871;12.8713;13.0541;13.2368;13.4196;13.6024;13.7852;13.9679;14.1427;14.3093;14.4679;14.6184;14.7699;14.9305;15.1;15.2785;15.4661;15.6536;15.8412;16.0287;16.2051;16.3702;16.5241;16.6669;16.7984;16.9299;17.0614;17.1822;17.2923;17.3917;17.4804;17.5583;17.6363;17.7143;17.7923;17.8703;17.9483;18.0188;18.0819;18.1376;18.1859;18.2267;18.2676;18.3084;18.3493;18.3901;18.431;18.4844;18.5504;18.6291;18.7203;18.8241;18.928;19.0318;19.1337;19.2336;19.3316;19.4276;19.5217;19.6158;19.7099;19.8039;19.898;19.9921;20.1015;20.2263;20.3665;20.522;20.6928;20.8637;21.0345;21.2054;21.3762;21.5471;21.7044;21.8482;21.9785;22.0953;22.1986;22.3019;22.4052;22.5085;22.6117;22.715;22.7714;22.7807;22.7432;22.6587;22.5272;22.3958;22.2643;22.1329;22.0014;21.87;21.7345;21.5949;21.4512;21.3035;21.1518;21","15;14.9295;14.8591;14.7886;14.7181;14.6477;14.5772;14.5067;14.4363;14.3401;14.2181;14.0705;13.8971;13.6979;13.4988;13.2996;13.1005;12.9014;12.7022;12.5209;12.3573;12.2116;12.0836;11.9734;11.8632;11.753;11.6428;11.5152;11.37;11.2075;11.0274;10.8299;10.6324;10.4349;10.2374;10.0399;9.84244;9.64666;9.45259;9.26025;9.06962;8.88071;8.6918;8.50289;8.31398;8.12507;7.93616;7.75034;7.56761;7.38796;7.2114;7.04727;6.89247;6.74701;6.61089;6.4841;6.40765;6.38152;6.40573;6.48026;6.60512;6.72999;6.85485;6.97971;7.10458;7.20851;7.29152;7.35361;7.39476;7.415;7.43523;7.45546;7.47569;7.49592;7.47641;7.41717;7.31818;7.17946;7.001;6.84265;6.7044;6.58626;6.48823;6.4103;6.33238;6.25445;6.17652;6.09095;5.99773;5.89687;5.78836;5.6722;5.55604;5.44367;5.33509;5.23029;5.12927;5.03205;4.93819;4.84771;4.7606;4.67687;4.59651;4.51615;4.43579;4.35543;4.27507;4.19471;4.15511;4.15627;4.1982;4.28089;4.38004;4.45488;4.50541;4.53163;4.53354;4.53545;4.53736;4.53927;4.57186;4.63512;4.72906;4.85367;5.00896;5.16425;5.31954;5.4793;5.64353;5.81224;5.98542;6.16307;6.34071;6.51836;6.69601;6.87366;7.05131;7.23259;7.41749;7.60602;7.79818;7.99396;8.18975;8.38553;8.58132;8.7771;8.97289;9.1621;9.34474;9.52081;9.69031;9.85324;10.0162;10.1791;10.3418;10.5043;10.6666;10.8287;10.9905;11.1524;11.3143;11.4761;11.638;11.7999;11.9086;11.9641;11.9664;11.9156;11.8117;11.7077;11.6037;11.4998;11.3958;11.2918;11.2429;11.249;11.3102;11.4264;11.5977;11.769;11.9402;12.1115;12.2828;12.454;12.6212;12.7843;12.9432;13.098;13.2488;13.3995;13.5502;13.701;13.8517;14.0024;14.1578;14.3179;14.4826;14.652;14.826;15",0.0414424,"0;0.333333;0.666667"
1.21209,0.27799,0.752589,"1;1.21968;1.43936;1.65904;1.87872;2.0984;2.31071;2.51565;2.71321;2.9034;3.08622;3.26904;3.45186;3.62781;3.79688;3.95908;4.1144;4.26285;4.426;4.60385;4.7964;5.00364;5.22559;5.44753;5.57097;5.5959;5.52233;5.35026;5.07968;4.8091;4.55308;4.31161;4.0847;3.87234;3.75087;3.70574;3.73694;3.84447;4.02834;4.21221;4.39607;4.59458;4.80774;5.03554;5.27799;5.51382;5.72838;5.92166;6.09368;6.24443;6.39518;6.54593;6.70558;6.87412;7.05155;7.23788;7.4145;7.5725;7.71189;7.83266;7.91771;7.98562;8.03642;8.06317;8.06589;8.06168;8.05056;8.03252;8.01448;7.99645;7.98455;7.9788;7.97919;7.98573;7.99841;8.03979;8.10988;8.20867;8.33616;8.49235;8.64854;8.80473;8.98366;9.18531;9.40969;9.65681;9.91538;10.1627;10.3987;10.6235;10.837;11.0505;11.264;11.4913;11.7322;11.9868;12.2552;12.5372;12.8193;13.1013;13.3778;13.6486;13.9139;14.1736;14.4065;14.6183;14.8091;14.9787;15.1271;15.2756;15.4274;15.5824;15.7406;15.8855;16.0171;16.1321;16.2305;16.3123;16.3941;16.4154;16.3761;16.2763;16.116;15.9931;15.9683;16.0415;16.2069;16.4645;16.7163;16.9621;17.2021;17.4422;17.6822;17.9102;18.1262;18.2699;18.3411;18.3398;18.2782;18.1561;18.034;17.9566;17.9239;17.9359;17.9687;18.0224;18.0522;18.0581;18.0402;18.0823;18.1843;18.3463;18.5682;18.8501;19.132;19.4139;19.6502;19.8408;19.9858;20.0853;20.139;20.1928;20.2466;20.319;20.41;20.5195;20.6477;20.7945;20.9413;21.016;21.0187;20.9495;20.8081;20.5948;20.3815;20.1694;19.9587;19.7492;19.5411;19.322;19.0908;18.8671;18.6511;18.4426;18.254;18.0852;17.9163;17.8374;17.8485;17.9495;18.1404;18.4212;18.7021;18.983;19.2804;19.5945;19.9251;20.2724;20.6362;21","15;14.8173;14.6346;14.452;14.2693;14.0866;13.9844;13.9626;14.0212;14.1604;14.3799;14.5995;14.8191;15.0405;15.2638;15.4891;15.7162;15.9451;16.1654;16.377;16.58;16.7742;16.9598;17.1453;17.3151;17.4691;17.6074;17.7298;17.8365;17.9432;18.078;18.2408;18.4317;18.6507;18.892;19.1277;19.3577;19.5821;19.8008;20.0195;20.2382;20.4212;20.5687;20.6806;20.7568;20.7444;20.6788;20.5602;20.3885;20.1636;19.9388;19.714;19.4963;19.2858;19.0824;18.8862;18.7853;18.7726;18.8482;19.0119;19.2761;19.5525;19.841;20.1362;20.438;20.7343;21.025;21.3102;21.5953;21.8804;22.167;22.455;22.7445;23.0354;23.3277;23.6095;23.8805;24.141;24.3909;24.6301;24.8694;25.1086;25.2684;25.3488;25.3498;25.2714;25.1831;25.1643;25.2151;25.3354;25.5253;25.7151;25.905;26.0477;26.1434;26.192;26.1935;26.148;26.1024;26.0568;26.0451;26.0673;26.1234;26.2134;26.2637;26.2406;26.1439;25.9737;25.7301;25.4864;25.3278;25.2543;25.2659;25.2688;25.2631;25.1637;24.9705;24.6837;24.3969;24.1261;23.8712;23.6324;23.4095;23.2569;23.1585;23.1142;23.0852;23.0712;23.0183;22.9262;22.7951;22.664;22.5329;22.372;22.1813;21.9663;21.727;21.4633;21.2051;20.9524;20.6996;20.5559;20.5211;20.5952;20.6658;20.7327;20.6871;20.5289;20.2582;20.0509;19.907;19.8267;19.8098;19.8564;19.903;19.9495;19.9307;19.8464;19.6966;19.4815;19.2009;18.9203;18.6397;18.3665;18.1007;17.8423;17.5913;17.3477;17.1041;16.9538;16.8966;16.9327;17.062;17.2845;17.507;17.6345;17.6669;17.6042;17.4465;17.2599;17.1393;17.0205;16.9036;16.7885;16.6092;16.3656;16.122;15.9214;15.7637;15.6491;15.5774;15.5487;15.52;15.4914;15.4467;15.3861;15.3095;15.217;15.1085;15",0.397682,"0;0.366667;0.633333"
1.36959,0.0661674,1.714,"1;1.3058;1.6116;1.91739;2.22319;2.45309;2.60708;2.68518;2.68737;2.61366;2.53995;2.47608;2.42206;2.37788;2.34354;2.31904;2.29454;2.27101;2.24845;2.22685;2.20622;2.18655;2.16688;2.20354;2.29654;2.44586;2.65151;2.91349;3.17548;3.40766;3.61003;3.78259;3.92535;4.03831;4.15126;4.26422;4.34416;4.39111;4.40504;4.38597;4.33389;4.28181;4.28482;4.3429;4.45606;4.6243;4.84763;5.07095;5.29427;5.46051;5.56966;5.62173;5.61671;5.55461;5.49251;5.48902;5.54414;5.65787;5.83021;6.07181;6.32408;6.58699;6.86056;7.14479;7.42902;7.72208;8.02397;8.3347;8.65425;8.98264;9.31103;9.60656;9.86921;10.099;10.2959;10.46;10.6241;10.8162;11.0364;11.2847;11.5514;11.8366;12.1123;12.3783;12.5803;12.7278;12.8519;12.9525;13.0297;13.1379;13.2771;13.4163;13.5726;13.7459;13.9363;14.1437;14.3759;14.616;14.8638;15.1194;15.3583;15.5726;15.7623;15.9589;16.1624;16.3973;16.6636;16.9613;17.2591;17.5362;17.7929;18.029;18.2445;18.4395;18.625;18.8008;18.967;19.1236;19.2707;19.4177;19.5031;19.5267;19.4887;19.3889;19.2275;19.0796;18.9453;18.8246;18.7174;18.6238;18.5302;18.517;18.5842;18.7319;18.9601;19.2445;19.5048;19.741;19.953;20.1408;20.2863;20.3894;20.4502;20.4685;20.4757;20.5141;20.5837;20.6845;20.8165;20.9486;21.0635;21.1613;21.2421;21.3057;21.3522;21.3988;21.4325;21.4534;21.4564;21.4415;21.4089;21.3712;21.3285;21.2858;21.1798;21.0104;20.7777;20.5148;20.2218;19.9621;19.7079;19.4594;19.1832;18.9761;18.838;18.7146;18.6061;18.5124;18.4284;18.3541;18.3713;18.4799;18.6799;18.88;19.092;19.316;19.5521;19.7314;19.854;19.9078;19.9172;19.882;19.871;19.9277;20.0521;20.2069;20.3921;20.6078;20.8104;21","15;15.1327;15.2653;15.398;15.5306;15.7018;15.9114;16.1595;16.4461;16.7712;17.0963;17.4228;17.7509;18.0803;18.4113;18.7437;19.0762;19.4087;19.7412;20.0739;20.4065;20.7393;21.072;21.3795;21.6616;21.9183;22.1497;22.3558;22.5619;22.7793;23.0079;23.2478;23.499;23.7614;24.0239;24.2863;24.5621;24.8513;25.1538;25.4697;25.7989;26.1282;26.4272;26.696;26.9347;27.1431;27.3213;27.4995;27.6777;27.8858;28.1237;28.3915;28.6891;29.0166;29.3441;29.638;29.8982;30.1248;30.3177;30.4624;30.5925;30.7079;30.8088;30.895;30.9812;31.0553;31.1172;31.167;31.2046;31.23;31.2555;31.2218;31.1291;30.9772;30.7662;30.4961;30.226;30.0081;29.8424;29.7289;29.6523;29.6124;29.5571;29.4865;29.3407;29.1351;28.9993;28.9333;28.937;29.0702;29.333;29.5957;29.8434;30.0759;30.2933;30.4956;30.663;30.8106;30.9384;31.0465;31.0583;30.9935;30.8522;30.7231;30.6064;30.5786;30.6396;30.7895;30.9394;31.0053;30.9871;30.8849;30.6986;30.4283;30.1625;29.901;29.644;29.3914;29.1433;28.8951;28.6474;28.4002;28.1534;27.907;27.6612;27.4079;27.1472;26.8791;26.6035;26.3206;26.0377;25.8117;25.6427;25.5307;25.4756;25.4325;25.3445;25.2115;25.0335;24.8106;24.5769;24.3324;24.0771;23.8111;23.5337;23.2558;22.9773;22.6982;22.4185;22.1389;21.8555;21.5684;21.2776;20.9831;20.6848;20.3865;20.0723;19.7422;19.4141;19.0882;18.7644;18.4586;18.1708;17.883;17.6455;17.4582;17.3212;17.289;17.3615;17.4885;17.6174;17.7482;17.8264;17.7881;17.6332;17.4754;17.3146;17.1508;17.003;16.8712;16.6944;16.4727;16.2061;15.9395;15.7082;15.5121;15.3514;15.1953;15.0439;14.8618;14.6352;14.3641;14.0793;13.8734;13.7464;13.7639;13.9258;14.2322;14.5903;15",0.953598,"0;0.4;0.6"
1.49152,0.26888,1.06322,"1;1.31181;1.62362;1.93542;2.24723;2.52162;2.7586;2.95815;3.12029;3.24501;3.36973;3.5348;3.74022;3.98598;4.2721;4.59856;4.92503;5.18588;5.38113;5.51077;5.5748;5.57323;5.61436;5.69819;5.82473;5.97612;6.15237;6.31077;6.45132;6.57402;6.69672;6.8601;7.06418;7.30895;7.59441;7.92056;8.21155;8.46739;8.68807;8.87359;9.02397;9.19948;9.39689;9.6162;9.85741;10.1205;10.3804;10.6403;10.8999;11.1593;11.4185;11.6602;11.8845;12.0916;12.2814;12.4737;12.6857;12.9174;13.1687;13.4397;13.6611;13.8329;13.955;14.0276;14.0505;14.109;14.203;14.3325;14.4975;14.6981;14.91;15.1335;15.3684;15.6147;15.8724;16.1302;16.4215;16.7464;16.9898;17.1518;17.2323;17.1978;17.0483;16.8988;16.7449;16.5867;16.4241;16.2571;16.1853;16.2128;16.3397;16.566;16.8917;17.2175;17.539;17.8563;18.1694;18.4783;18.783;19.0877;19.374;19.6419;19.8915;20.1227;20.3355;20.5483;20.7746;21.0144;21.2677;21.5345;21.8149;22.0952;22.3828;22.6778;22.9802;23.2899;23.607;23.924;24.2009;24.4376;24.634;24.7903;24.9064;25.0224;25.1099;25.1688;25.1991;25.2009;25.174;25.1472;25.0595;24.911;24.7018;24.4316;24.1007;23.7698;23.4388;23.1077;22.7766;22.4455;22.1788;21.9767;21.8392;21.7662;21.7578;21.691;21.5659;21.3823;21.1402;20.8423;20.6636;20.6042;20.5555;20.5175;20.4878;20.3478;20.0975;19.8553;19.6209;19.3946;19.178;18.9574;18.7231;18.4752;18.2091;17.9248;17.6361;17.3428;17.0451;16.7694;16.5158;16.2844;16.1691;16.1858;16.3125;16.5492;16.8958;17.1838;17.3974;17.5365;17.6012;17.5914;17.6424;17.7543;17.927;18.1605;18.4548;18.7516;19.051;19.3528;19.6572;19.9641;20.271;20.5215;20.7154;20.8528;20.9338;20.9568;20.9827;21","15;15.1178;15.2357;15.3535;15.4714;15.6275;15.8218;16.0544;16.3253;16.6344;16.9435;17.2043;17.4167;17.5807;17.6964;17.7638;17.8311;17.9602;18.1512;18.4041;18.7187;19.0952;19.4475;19.7755;20.0792;20.3697;20.6468;20.9349;21.2339;21.5438;21.8537;22.1157;22.3298;22.4959;22.6141;22.6844;22.6797;22.6001;22.4454;22.2158;21.9112;21.718;21.6271;21.6386;21.7524;21.9686;22.1757;22.3829;22.4969;22.5177;22.4454;22.3913;22.3552;22.4303;22.6167;22.8936;23.1496;23.3848;23.5992;23.7927;24.0243;24.294;24.6016;24.9474;25.3311;25.5817;25.6992;25.6835;25.5346;25.2526;25.0692;24.9845;24.9986;25.1112;25.3226;25.534;25.6832;25.7702;25.7555;25.6391;25.4209;25.1632;24.866;24.5687;24.2753;23.9857;23.7;23.4182;23.21;23.0715;23.0028;23.0039;23.0747;23.1455;23.2291;23.3257;23.4351;23.5574;23.6926;23.8278;23.9873;24.171;24.379;24.6113;24.8679;25.1244;25.3657;25.5918;25.8027;25.9983;26.1787;26.3591;26.5239;26.6733;26.8072;26.9255;27.0284;27.1313;27.1511;27.0878;26.9415;26.7121;26.3996;26.0871;25.7707;25.4503;25.126;24.7977;24.4654;24.1332;23.8753;23.692;23.5831;23.5486;23.5886;23.6285;23.6184;23.5583;23.4481;23.2878;23.0478;22.7782;22.479;22.1502;21.7917;21.4711;21.1881;20.943;20.7355;20.5423;20.3406;20.1304;19.8961;19.6378;19.3791;19.1034;18.8106;18.6247;18.5459;18.5739;18.7104;18.8802;18.9747;18.9939;18.9193;18.7507;18.5634;18.3574;18.1327;17.8858;17.6168;17.3256;17.0131;16.7495;16.5569;16.4353;16.3847;16.3348;16.2154;16.0266;15.7683;15.4405;15.1242;14.8191;14.5255;14.2432;13.9723;13.7296;13.5151;13.3287;13.1704;13.0404;12.9103;12.9061;13.0278;13.2755;13.649;14.1189;14.6478;15",0.531843,"0;0.433333;0.566667"
0.835851,0.248737,0.44871,"1;1.07125;1.14251;1.21376;1.28501;1.35627;1.42752;1.49877;1.57002;1.64128;1.7333;1.84611;1.97968;2.13403;2.30915;2.48427;2.65939;2.83451;3.00964;3.18476;3.35988;3.50007;3.60534;3.67568;3.7111;3.71159;3.71208;3.71257;3.71306;3.71354;3.71403;3.7105;3.70295;3.69137;3.67577;3.65209;3.62436;3.59257;3.55672;3.51682;3.47691;3.43701;3.43978;3.48522;3.57333;3.70412;3.87757;4.05103;4.21468;4.36854;4.51259;4.64684;4.77128;4.89573;5.02017;5.14293;5.26401;5.38339;5.50109;5.6171;5.73311;5.84913;5.96514;6.08115;6.21;6.35169;6.50621;6.67358;6.85378;7.03398;7.21418;7.39439;7.57459;7.75156;7.92531;8.09583;8.26312;8.42718;8.58276;8.72983;8.86842;8.98963;9.10242;9.21529;9.32824;9.44126;9.56324;9.68522;9.8072;9.92918;10.0052;10.0354;10.0195;9.9578;9.85014;9.79701;9.79842;9.85438;9.96488;10.1299;10.295;10.46;10.625;10.7901;10.9551;11.1202;11.2802;11.4352;11.5851;11.7301;11.87;12.0099;12.1498;12.2897;12.4296;12.5695;12.7095;12.8533;13.001;13.1526;13.3081;13.4675;13.6269;13.7864;13.9458;14.1052;14.2646;14.424;14.5879;14.7562;14.9289;15.1061;15.2878;15.4694;15.651;15.8327;16.0143;16.1959;16.3776;16.5394;16.6815;16.8038;16.9063;16.989;17.0717;17.1544;17.2371;17.3198;17.4026;17.4853;17.5656;17.6434;17.7188;17.7918;17.8623;17.9329;18.0034;18.074;18.1445;18.2151;18.2856;18.3775;18.4907;18.6252;18.781;18.9582;19.1354;19.3126;19.4897;19.6669;19.8441;20.0213;20.1702;20.291;20.3836;20.448;20.4843;20.5205;20.5567;20.5929;20.6291;20.6654;20.7016;20.7509;20.8133;20.8888;20.9774;21.0792;21.1809;21.2826;21.3843;21.486;21.5877;21.6894;21.7262;21.6979;21.6047;21.4464;21.2232;21","15;15.1673;15.3345;15.5018;15.6691;15.8364;16.0036;16.1709;16.3382;16.5055;16.6491;16.769;16.8652;16.9378;16.9867;17.0356;17.0845;17.1334;17.1823;17.2311;17.28;17.3553;17.457;17.585;17.7395;17.9203;18.1012;18.282;18.4628;18.6437;18.8245;19.0036;19.1809;19.3564;19.5302;19.7032;19.8772;20.0522;20.2282;20.4052;20.5822;20.7592;20.8975;20.9972;21.0582;21.0805;21.0641;21.0478;21.0607;21.1029;21.1744;21.2752;21.4052;21.5352;21.6652;21.7424;21.7667;21.7381;21.6567;21.5224;21.3881;21.2538;21.1195;20.9852;20.8685;20.7692;20.6875;20.6232;20.5765;20.5298;20.4831;20.4363;20.3896;20.3297;20.2565;20.1701;20.0704;19.9576;19.8954;19.8839;19.9231;20.0072;20.1403;20.2719;20.4019;20.5304;20.6632;20.7959;20.9287;21.0615;21.198;21.3384;21.4827;21.6307;21.7826;21.9193;22.0409;22.1474;22.2388;22.3151;22.3914;22.4677;22.544;22.6203;22.6965;22.7728;22.8106;22.81;22.7708;22.6932;22.577;22.4609;22.3448;22.2287;22.1126;21.9965;21.8804;21.805;21.7703;21.7763;21.823;21.9104;21.9979;22.0853;22.1727;22.2602;22.3476;22.4351;22.5066;22.5624;22.6022;22.6262;22.6344;22.6425;22.6507;22.6588;22.6669;22.6751;22.6832;22.6574;22.5975;22.5036;22.3757;22.2138;22.0519;21.89;21.728;21.5661;21.4042;21.2423;21.0793;20.9151;20.7498;20.5833;20.4157;20.2482;20.0806;19.913;19.7454;19.5779;19.4103;19.2681;19.1512;19.0597;18.9935;18.9526;18.9118;18.871;18.8301;18.7893;18.7485;18.7076;18.6393;18.5436;18.4203;18.2696;18.0914;17.9133;17.7351;17.5569;17.3788;17.2006;17.0224;16.8497;16.6825;16.5208;16.3646;16.2139;16.0632;15.9125;15.7618;15.6111;15.4604;15.3097;15.1887;15.0975;15.0359;15.0041;15.0021;15",0.172821,"0;0.466667;0.533333"
1.14202,0.256167,0.228224,"1;1.24947;1.49893;1.7484;1.99786;2.24733;2.49679;2.70183;2.86243;2.9786;3.05033;3.07764;3.10494;3.13225;3.15956;3.16745;3.15594;3.12503;3.07471;3.00498;2.93525;2.86552;2.79579;2.74515;2.7136;2.70113;2.70775;2.73346;2.75917;2.78488;2.81059;2.86026;2.93389;3.03149;3.15305;3.29857;3.44409;3.58961;3.73513;3.90151;4.08875;4.29685;4.52581;4.77563;5.02545;5.27527;5.52509;5.73733;5.91199;6.04906;6.14856;6.21047;6.27238;6.33429;6.39621;6.49082;6.61815;6.77817;6.97091;7.19635;7.42179;7.64723;7.87267;8.08305;8.27839;8.45867;8.6239;8.77407;8.92425;9.07443;9.2246;9.37498;9.52556;9.67635;9.82734;9.97854;10.1297;10.2809;10.4321;10.5915;10.7592;10.9351;11.1192;11.3115;11.5039;11.6962;11.8885;12.0177;12.0838;12.0867;12.0265;11.9694;11.9785;12.0538;12.1953;12.403;12.6108;12.8185;13.0012;13.1589;13.2917;13.3994;13.4822;13.5649;13.6477;13.7567;13.8919;14.0533;14.2409;14.4548;14.5854;14.6328;14.6741;14.7093;14.7384;14.8447;15.0281;15.2115;15.3949;15.5783;15.7689;15.9666;16.1714;16.3834;16.6025;16.8216;17.0407;17.2599;17.4596;17.6401;17.8012;17.9429;18.0653;18.1878;18.3102;18.4326;18.5561;18.6806;18.8062;18.9328;19.0605;19.1881;19.3158;19.4435;19.5188;19.5417;19.5411;19.5452;19.554;19.6198;19.7426;19.8936;20.0447;20.1126;20.0975;19.9993;19.818;19.5537;19.2893;19.025;18.7616;18.4991;18.2375;17.9769;17.7172;17.4575;17.2185;17.0001;16.8023;16.6252;16.4688;16.3123;16.1559;16.0109;15.8775;15.7556;15.7244;15.7837;15.908;16.0973;16.3516;16.5918;16.8178;17.0463;17.2772;17.5104;17.7461;17.9842;18.2223;18.4604;18.6985;18.9411;19.1882;19.4399;19.6962;19.9569;20.2177;20.4785;20.7392;21","15;15.0163;15.0327;15.049;15.0654;15.0817;15.098;15.0614;14.9718;14.8292;14.6337;14.3852;14.1367;13.8882;13.6397;13.3929;13.1477;12.9043;12.6625;12.4224;12.1824;11.9423;11.7022;11.4604;11.2169;10.9716;10.7247;10.476;10.2273;9.97866;9.72999;9.49039;9.25988;9.03844;8.82608;8.62279;8.41951;8.21623;8.01295;7.84842;7.72266;7.63566;7.58742;7.57793;7.56845;7.55897;7.54949;7.49346;7.39088;7.24176;7.0461;6.80388;6.56167;6.31946;6.07725;5.86186;5.67331;5.51159;5.3767;5.26864;5.16058;5.05252;4.94446;4.81804;4.67325;4.51011;4.3286;4.12873;3.92887;3.729;3.52913;3.40906;3.36878;3.40829;3.52759;3.72669;3.92579;4.12489;4.32399;4.45133;4.5069;4.49072;4.40277;4.24306;4.08335;3.92365;3.76394;3.67918;3.66936;3.73449;3.87456;4.07148;4.25029;4.41099;4.55359;4.67808;4.80258;4.92707;5.07401;5.2434;5.43523;5.64951;5.88623;6.12296;6.35968;6.57626;6.7727;6.94899;7.10513;7.24113;7.299;7.27874;7.19731;7.05469;6.85091;6.66407;6.49419;6.3243;6.15442;5.98454;5.82455;5.67448;5.5343;5.40403;5.28365;5.16328;5.04291;4.92254;4.86984;4.8848;4.96744;5.11774;5.33572;5.55369;5.77167;5.98964;6.20701;6.42377;6.63993;6.85548;7.07042;7.28537;7.50031;7.71525;7.93263;8.15243;8.40814;8.66905;8.93518;9.20407;9.47575;9.71673;9.95771;10.1527;10.3018;10.4048;10.4619;10.473;10.4842;10.4953;10.5064;10.5174;10.5283;10.5392;10.55;10.5608;10.6109;10.7003;10.8289;10.9969;11.2041;11.4113;11.6185;11.8347;12.0601;12.2945;12.5124;12.7137;12.8951;13.0567;13.1984;13.3458;13.499;13.6368;13.7592;13.8662;13.9578;14.0341;14.1103;14.1866;14.2628;14.3406;14.4197;14.5003;14.5824;14.6659;14.7494;14.833;14.9165;15",0.108835,"0;0.5;0.5"
1.4614,0.279954,1.97198,"1;1.2801;1.56019;1.84029;2.12038;2.41113;2.71252;3.02455;3.34724;3.68057;4.01391;4.30239;4.54602;4.74479;4.89871;4.99541;5.07972;5.15165;5.19869;5.22084;5.23046;5.22757;5.21216;5.21228;5.22794;5.25913;5.30586;5.36811;5.43037;5.45098;5.42994;5.36725;5.26292;5.11694;4.97096;4.80409;4.61631;4.40764;4.17807;3.9276;3.67714;3.44407;3.2284;3.03014;2.84927;2.6858;2.61541;2.6381;2.75386;2.96269;3.23622;3.48135;3.69809;3.92367;4.15809;4.42973;4.73861;5.06415;5.36913;5.65354;5.9174;6.15902;6.39899;6.63728;6.87392;7.10889;7.27902;7.38432;7.42479;7.40042;7.3959;7.47607;7.64092;7.89046;8.22468;8.45868;8.59246;8.62601;8.55935;8.4677;8.4513;8.51015;8.60045;8.72222;8.8002;8.8344;8.89188;9.01643;9.20804;9.46672;9.7652;10.0364;10.2804;10.4971;10.7142;10.959;11.2315;11.5316;11.8595;12.1872;12.5147;12.8421;13.1681;13.4927;13.8162;14.1384;14.3826;14.55;14.6405;14.6542;14.591;14.5341;14.4834;14.4389;14.4006;14.3347;14.235;14.1014;13.9339;13.7584;13.6086;13.4846;13.3249;13.1295;12.8726;12.6368;12.422;12.2897;12.2399;12.2726;12.3457;12.4594;12.6135;12.8081;13.0432;13.2784;13.4674;13.6103;13.7071;13.7577;13.7623;13.7669;13.8134;13.9019;14.0323;14.2047;14.4191;14.5649;14.6422;14.651;14.5912;14.463;14.4407;14.5243;14.6921;14.9438;15.2797;15.5935;15.7602;15.8015;15.7175;15.5083;15.2221;15.0305;14.9337;14.9315;15.0239;15.1627;15.2643;15.3286;15.3556;15.4276;15.5444;15.7433;15.9703;16.2253;16.4262;16.6198;16.806;17.039;17.3188;17.6455;17.934;18.1845;18.397;18.5714;18.5905;18.5592;18.4775;18.4253;18.4027;18.5268;18.731;19.0151;19.2992;19.602;19.9235;20.2637;20.6225;21","15;15.1807;15.3614;15.5421;15.7229;15.8675;15.9759;16.0483;16.0845;16.0846;16.0848;16.1579;16.3041;16.5232;16.8154;17.186;17.5621;17.9436;18.3237;18.7024;19.0742;19.4391;19.7972;20.1491;20.4949;20.8347;21.1682;21.4957;21.8232;22.1451;22.4614;22.7722;23.0775;23.3771;23.6768;23.9605;24.2283;24.4801;24.716;24.936;25.1559;25.3928;25.6467;25.9176;26.2054;26.5102;26.7714;26.989;27.163;27.2934;27.4262;27.6051;27.83;28.0329;28.2139;28.3268;28.3717;28.4013;28.4837;28.6188;28.8067;28.9417;28.9711;28.8948;28.7129;28.4254;28.269;28.2438;28.3498;28.587;28.9131;29.197;29.4386;29.6381;29.7954;29.9796;30.1909;30.4292;30.6944;30.9892;31.2865;31.5863;31.9037;32.2388;32.589;32.9544;33.257;33.4816;33.6284;33.6972;33.6445;33.5483;33.4084;33.2249;33.0483;32.922;32.8461;32.8206;32.8455;32.8794;32.9222;32.9739;33.0431;33.1298;33.2251;33.3288;33.3566;33.2999;33.1587;32.933;32.6227;32.3151;32.0101;31.7077;31.4079;31.1061;30.7998;30.4889;30.1733;29.8432;29.503;29.1527;28.8713;28.6588;28.5253;28.3993;28.2808;28.0909;27.8295;27.4967;27.1877;26.9024;26.6409;26.4032;26.1892;25.9752;25.7412;25.4871;25.213;24.9189;24.6047;24.2904;23.9826;23.681;23.3857;23.0968;22.8142;22.5257;22.2313;21.9311;21.6249;21.3129;21.0405;20.8077;20.6181;20.4716;20.3683;20.2685;20.1913;20.1329;20.0935;20.0731;19.9841;19.8388;19.637;19.3788;19.0642;18.7805;18.4841;18.175;17.8532;17.5885;17.3809;17.243;17.2415;17.3764;17.578;17.7508;17.895;17.9439;17.8975;17.7559;17.5785;17.3654;17.1166;16.8321;16.5396;16.2578;15.9868;15.745;15.5323;15.3212;15.1285;14.9542;14.7799;14.6784;14.6496;14.6937;14.8104;15",0.862079,"0;0.533333;0.466667"
0.755178,0.292349,0.388932,"1;1.03792;1.07583;1.11375;1.15166;1.18958;1.22749;1.26541;1.30332;1.34124;1.37915;1.41707;1.47781;1.56137;1.66775;1.79695;1.94897;2.101;2.25302;2.40505;2.55707;2.7091;2.86112;3.01315;3.16517;3.30977;3.44695;3.5767;3.69903;3.81394;3.92884;4.04375;4.15865;4.27356;4.38846;4.50337;4.61827;4.7356;4.85536;4.97754;5.10215;5.22918;5.35621;5.48324;5.61027;5.7373;5.86434;5.99137;6.1184;6.24543;6.37053;6.4937;6.61493;6.73423;6.8516;6.96897;7.08634;7.20371;7.32108;7.44366;7.57144;7.70443;7.84262;7.98602;8.12942;8.26675;8.39803;8.52325;8.64241;8.7555;8.8686;8.99063;9.12159;9.26148;9.41029;9.56804;9.72579;9.88354;10.0413;10.1788;10.296;10.3929;10.4695;10.5259;10.5823;10.6386;10.695;10.7514;10.8077;10.8641;10.9205;10.9882;11.0672;11.1576;11.2594;11.3724;11.4855;11.5986;11.7116;11.8247;11.9378;12.0508;12.1641;12.2775;12.3911;12.5048;12.6188;12.7327;12.8467;12.9606;13.0745;13.1885;13.2846;13.3629;13.4234;13.4661;13.491;13.5129;13.5306;13.5441;13.5534;13.5585;13.5623;13.5662;13.57;13.5739;13.5777;13.614;13.6826;13.7835;13.9169;14.0826;14.2483;14.4141;14.5798;14.7455;14.9112;15.077;15.2408;15.4026;15.5625;15.7205;15.8765;16.0326;16.1886;16.3447;16.5007;16.6568;16.8128;16.9688;17.1269;17.287;17.4491;17.6132;17.7793;17.9454;18.1115;18.2776;18.4437;18.6099;18.776;18.9421;19.1028;19.258;19.4077;19.5521;19.6909;19.8298;19.9687;20.1075;20.2464;20.3852;20.5241;20.663;20.8018;20.9122;20.9942;21.0477;21.0727;21.0693;21.0658;21.0624;21.0589;21.0555;21.0521;21.0486;21.0452;21.0417;21.0383;21.0348;21.0313;21.0279;21.0244;21.0209;21.0174;21.0139;21.0104;21.007;21.0035;21","15;15.1491;15.2982;15.4473;15.5964;15.7455;15.8946;16.0437;16.1928;16.3419;16.491;16.6401;16.7641;16.863;16.9368;16.9855;17.0091;17.0327;17.0563;17.0799;17.1035;17.1271;17.1508;17.1744;17.198;17.241;17.3034;17.3853;17.4866;17.6073;17.7281;17.8488;17.9695;18.0902;18.211;18.3317;18.4524;18.5664;18.6735;18.7739;18.8674;18.9542;19.041;19.1278;19.2146;19.3014;19.3881;19.4749;19.5617;19.6485;19.7392;19.8338;19.9323;20.0347;20.141;20.2474;20.3537;20.46;20.5663;20.6385;20.6766;20.6806;20.6504;20.5861;20.5218;20.49;20.4908;20.5241;20.5899;20.6883;20.7866;20.8626;20.9163;20.9477;20.9568;20.9435;20.9302;20.9169;20.9037;20.9223;20.9728;21.0553;21.1696;21.3159;21.4621;21.6084;21.7546;21.9009;22.0471;22.1934;22.3396;22.4787;22.6105;22.7351;22.8525;22.9627;23.0728;23.183;23.2932;23.4034;23.5136;23.6237;23.6892;23.7099;23.6859;23.6171;23.5036;23.3902;23.2767;23.1632;23.0497;22.9362;22.8143;22.6839;22.5451;22.3979;22.2422;22.0893;21.9332;21.774;21.6117;21.4463;21.2751;21.1038;20.9325;20.7613;20.59;20.4532;20.3508;20.2828;20.2492;20.25;20.2509;20.2517;20.2526;20.2534;20.2543;20.2551;20.2441;20.2212;20.1864;20.1397;20.0812;20.0226;19.964;19.9055;19.8469;19.7884;19.7298;19.6713;19.6271;19.5974;19.5821;19.5812;19.5947;19.6083;19.6218;19.6353;19.6489;19.6624;19.6759;19.6894;19.687;19.6686;19.6343;19.584;19.5178;19.4516;19.3854;19.3192;19.2529;19.1867;19.1205;19.0543;18.9881;18.9018;18.7954;18.6689;18.5224;18.3557;18.1891;18.0225;17.8558;17.6892;17.5226;17.3559;17.1893;17.0223;16.8548;16.6869;16.5186;16.3499;16.1811;16.0124;15.8437;15.6749;15.5062;15.3375;15.1687;15",0.14385,"0;0.566667;0.433333"
1.35687,0.373737,0.273375,"1;1.28196;1.56391;1.84587;2.12782;2.39924;2.66011;2.91045;3.15025;3.3795;3.60876;3.79518;3.93875;4.03949;4.09739;4.11245;4.12751;4.20766;4.35292;4.56327;4.83871;5.17926;5.39037;5.47205;5.42429;5.2471;4.94047;4.63384;4.43158;4.33369;4.34016;4.451;4.6662;4.87848;5.08784;5.29428;5.4457;5.54211;5.58642;5.57864;5.51877;5.4589;5.42163;5.40697;5.41492;5.48797;5.62611;5.80674;6.02987;6.29548;6.57372;6.86459;7.16809;7.48422;7.81297;8.14173;8.42487;8.66241;8.85434;9.04472;9.23355;9.46644;9.74339;10.0644;10.3565;10.6198;10.8542;11.0597;11.2363;11.4417;11.6758;11.9387;12.2302;12.5505;12.8708;13.1551;13.4035;13.6158;13.7921;13.9324;14.0727;14.242;14.4404;14.6678;14.9243;15.2097;15.4952;15.7884;16.0893;16.3978;16.714;17.0379;17.3436;17.6311;17.9004;18.1658;18.4273;18.7031;18.9932;19.2891;19.5765;19.8555;20.126;20.3881;20.6502;20.9136;21.1781;21.444;21.711;21.9793;22.2708;22.5854;22.9094;23.2428;23.5855;23.8131;23.9255;23.9367;23.8464;23.6591;23.476;23.2971;23.1224;22.9519;22.7541;22.5291;22.2767;21.997;21.69;21.4861;21.3851;21.3872;21.4923;21.5976;21.6001;21.4998;21.2967;20.9908;20.7239;20.4959;20.3069;20.1568;20.0458;19.9347;19.7875;19.6043;19.3849;19.1294;18.8379;18.5463;18.2428;17.9273;17.6;17.2606;16.9188;16.5866;16.2639;15.9507;15.7068;15.5228;15.4591;15.5158;15.6929;15.8918;16.1124;16.2943;16.4374;16.5417;16.6631;16.8017;16.9573;17.1301;17.3201;17.51;17.7184;17.9454;18.1908;18.4548;18.7373;19.0198;19.1953;19.2639;19.2255;19.0802;18.9277;18.8748;18.9217;19.0246;19.1835;19.2988;19.3705;19.3985;19.4265;19.5097;19.6479;19.8412;20.0896;20.393;20.6965;21","15;15.1778;15.3556;15.5334;15.7112;15.805;15.8149;15.7409;15.5828;15.3409;15.0989;14.8449;14.579;14.301;14.0111;13.7091;13.4072;13.1522;12.9441;12.7829;12.6687;12.6013;12.5534;12.5249;12.5158;12.5261;12.5559;12.5856;12.56;12.4792;12.3431;12.1517;11.905;11.6602;11.4173;11.1763;10.921;10.6514;10.3657;10.0637;9.7456;9.42748;9.11757;8.81587;8.52237;8.26406;8.04091;7.84473;7.67552;7.53326;7.41152;7.31029;7.22957;7.16937;7.12967;7.08997;7.00343;6.87005;6.68982;6.52381;6.37202;6.28129;6.25162;6.28301;6.35676;6.47288;6.63137;6.83222;7.07545;7.25157;7.36059;7.40251;7.37733;7.28505;7.19277;7.05847;6.88215;6.66382;6.40347;6.10111;5.79874;5.52243;5.27219;5.048;4.84987;4.6778;4.50573;4.35089;4.21327;4.09288;3.98971;3.90376;3.88318;3.92796;4.0381;4.13985;4.23321;4.25281;4.19865;4.06476;3.92489;3.77903;3.62719;3.46937;3.31155;3.21341;3.17494;3.19614;3.27702;3.41757;3.50636;3.54339;3.59401;3.65822;3.73602;3.88595;4.108;4.33683;4.57244;4.82389;5.08439;5.35396;5.63259;5.92028;6.13718;6.28328;6.35859;6.36311;6.29683;6.2934;6.35282;6.47508;6.66019;6.88833;7.09667;7.28519;7.45389;7.60279;7.7791;7.98282;8.21395;8.4725;8.75846;9.04443;9.24088;9.34784;9.36529;9.29323;9.13167;8.97011;8.85515;8.78679;8.76502;8.78986;8.87065;8.9608;9.0603;9.16915;9.33633;9.55249;9.71242;9.81613;9.86361;9.89705;9.91647;10.0271;10.2288;10.5217;10.8072;11.0851;11.3555;11.6185;11.8739;12.1294;12.3651;12.5811;12.7773;12.9538;13.1106;13.2674;13.4389;13.6253;13.8266;14.0426;14.1783;14.219;14.1645;14.1242;14.0979;14.1808;14.373;14.6743;14.9756;15.1935;15.3281;15.3792;15.347;15.2313;15.1157;15",0.201145,"0;0.6;0.4"
0.970043,0.185365,0.623887,"1;1.19791;1.39582;1.59374;1.79165;1.98956;2.18747;2.38538;2.56442;2.72458;2.86587;2.98829;3.09182;3.19536;3.2989;3.40244;3.50598;3.5799;3.6242;3.63888;3.62394;3.57938;3.53481;3.49025;3.44569;3.40113;3.39664;3.43222;3.50786;3.62358;3.77936;3.93515;4.09093;4.24672;4.4025;4.50301;4.54825;4.53821;4.47289;4.3523;4.2317;4.11111;3.99052;3.86992;3.81252;3.81831;3.8873;4.01947;4.21484;4.41021;4.60558;4.80565;5.01043;5.21991;5.4341;5.65299;5.87189;6.09078;6.30967;6.52856;6.72202;6.89003;7.0326;7.14973;7.24143;7.35716;7.49693;7.66073;7.84857;8.06046;8.27234;8.48422;8.69829;8.91455;9.13301;9.35366;9.54592;9.7076;9.8616;10.0079;10.1466;10.3081;10.4926;10.677;10.8615;11.0459;11.2304;11.3694;11.4631;11.5113;11.5141;11.4715;11.4289;11.3863;11.3437;11.3011;11.2584;11.2173;11.1777;11.1395;11.1028;11.0676;11.0324;10.9973;10.9621;10.9269;10.9181;10.9359;10.9801;11.0508;11.1479;11.2451;11.3423;11.4394;11.5571;11.6954;11.8542;12.0335;12.2335;12.4334;12.6333;12.8332;13.0331;13.233;13.4331;13.6335;13.8341;14.0349;14.236;14.4371;14.6381;14.8392;15.0403;15.2442;15.451;15.6606;15.8731;16.0561;16.2069;16.3254;16.4116;16.4655;16.5194;16.5733;16.6272;16.6811;16.7186;16.7399;16.7447;16.7332;16.7054;16.6776;16.6498;16.6346;16.632;16.6421;16.6648;16.7002;16.7356;16.8035;16.9042;17.0374;17.2032;17.4017;17.5905;17.7697;17.9392;18.0991;18.2493;18.3995;18.5497;18.7151;18.8957;19.0914;19.2798;19.461;19.6198;19.7561;19.8701;19.984;20.0979;20.2118;20.2805;20.3039;20.282;20.2149;20.1025;19.9901;19.8777;19.7653;19.7118;19.7174;19.7819;19.9054;20.0878;20.2702;20.4527;20.6351;20.8176;21","15;15.1011;15.2021;15.3032;15.4042;15.5053;15.6064;15.7074;15.8276;15.9669;16.1253;16.3028;16.4994;16.6961;16.8927;17.0893;17.286;17.4868;17.6919;17.9011;18.1146;18.3323;18.55;18.7678;18.9855;19.2032;19.409;19.603;19.7852;19.9555;20.114;20.2725;20.431;20.5894;20.7479;20.912;21.0818;21.2571;21.4382;21.6248;21.8115;21.9981;22.1848;22.3714;22.5071;22.5917;22.6252;22.6078;22.5393;22.4709;22.4024;22.3504;22.315;22.2961;22.2936;22.3077;22.3218;22.3359;22.35;22.3641;22.3375;22.2701;22.1619;22.0131;21.8235;21.663;21.5318;21.4297;21.3568;21.3131;21.2694;21.2257;21.1844;21.1455;21.109;21.0749;21.0954;21.1681;21.2634;21.3811;21.5213;21.6318;21.7125;21.7932;21.8739;21.9546;22.0353;22.139;22.2656;22.4151;22.5876;22.783;22.9784;23.1738;23.3692;23.5646;23.76;23.9602;24.1653;24.3751;24.5897;24.8091;25.0285;25.2479;25.4674;25.6868;25.8234;25.8772;25.8482;25.7364;25.5418;25.3472;25.1527;24.9581;24.8012;24.682;24.6004;24.5566;24.5505;24.5444;24.5382;24.5321;24.526;24.5199;24.509;24.4934;24.473;24.4479;24.418;24.3882;24.3583;24.3284;24.2986;24.2609;24.2153;24.162;24.1007;24.0048;23.8821;23.7324;23.5559;23.3526;23.1492;22.9459;22.7425;22.5392;22.3357;22.132;21.9281;21.7241;21.5199;21.3158;21.1116;20.9096;20.7098;20.5121;20.3167;20.1234;19.9301;19.7949;19.7179;19.699;19.7382;19.8356;19.8827;19.8795;19.826;19.7222;19.5681;19.414;19.2599;19.1347;19.0383;18.9707;18.8963;18.815;18.698;18.5453;18.357;18.1686;17.9802;17.7918;17.6064;17.4241;17.2449;17.0686;16.8955;16.7223;16.5491;16.3759;16.2116;16.0562;15.9097;15.7722;15.6435;15.5148;15.3861;15.2574;15.1287;15",0.183047,"0;0.633333;0.366667"
1.09228,0.384305,0.217004,"1;1.18443;1.36886;1.55328;1.66495;1.70384;1.66998;1.56334;1.38394;1.20454;1.02514;0.913996;0.87111;0.89648;0.990108;1.15199;1.25242;1.29138;1.26888;1.18493;1.03951;0.910212;0.821553;0.77353;0.766145;0.799397;0.857165;0.914934;0.972702;1.03047;1.1151;1.22659;1.36495;1.53017;1.72225;1.91432;2.1064;2.29375;2.47638;2.65427;2.82744;2.99588;3.16431;3.33275;3.47998;3.60601;3.75076;3.91424;4.09645;4.3186;4.58068;4.84276;5.10484;5.27676;5.35853;5.35013;5.32775;5.29137;5.33117;5.44713;5.63398;5.81553;5.99179;6.16276;6.32844;6.41737;6.42953;6.36494;6.22359;6.00548;5.78737;5.56927;5.35116;5.20987;5.14539;5.15773;5.24688;5.41284;5.57881;5.74478;5.91075;6.09604;6.30067;6.52464;6.76862;7.03262;7.29731;7.5627;7.82877;8.09484;8.36091;8.53367;8.61312;8.59926;8.5469;8.45606;8.42004;8.43884;8.51246;8.58608;8.68279;8.8026;8.94551;9.1115;9.28922;9.45556;9.61053;9.75412;9.88634;10.0186;10.1508;10.2311;10.2594;10.2359;10.1604;10.033;9.9761;9.9897;10.0738;10.2284;10.4535;10.6787;10.9071;11.1388;11.3738;11.6121;11.8536;12.0952;12.3368;12.5784;12.773;12.9205;13.021;13.0746;13.0811;13.0876;13.094;13.1005;13.1424;13.2197;13.3324;13.4772;13.654;13.8274;13.9975;14.1643;14.331;14.5118;14.7067;14.9156;15.1385;15.3755;15.6125;15.8511;16.0914;16.3333;16.5768;16.7765;16.9307;17.0394;17.1027;17.1205;17.1384;17.1562;17.1692;17.1775;17.181;17.1796;17.1735;17.1675;17.2081;17.2955;17.3662;17.4204;17.458;17.4323;17.3432;17.2632;17.1922;17.1301;17.0771;17.0651;17.0851;17.1371;17.2473;17.4157;17.6104;17.8314;18.0786;18.3257;18.5729;18.8201;19.0741;19.3348;19.6022;19.8764;20.1573;20.4382;20.7191;21","15;14.8277;14.6555;14.4832;14.3137;14.1468;13.9827;13.8214;13.6627;13.504;13.3454;13.1815;13.0125;12.8383;12.6589;12.4743;12.2836;12.0869;11.884;11.675;11.4599;11.2813;11.0971;10.9072;10.7117;10.5106;10.2673;10.0241;9.78087;9.53764;9.30678;9.08831;8.88221;8.68849;8.50715;8.32582;8.14448;7.9575;7.76489;7.56664;7.36274;7.15322;6.94369;6.73416;6.52746;6.32359;6.14993;6.00647;5.89322;5.80734;5.74885;5.69035;5.63185;5.5537;5.4559;5.33844;5.20502;5.05562;4.9099;4.76786;4.62541;4.47886;4.32821;4.17347;4.01463;3.86312;3.71895;3.5821;3.45258;3.3304;3.20821;3.08603;2.96384;2.8287;2.68061;2.51956;2.34555;2.15859;1.97162;1.78466;1.5977;1.45543;1.35786;1.30498;1.29348;1.32333;1.34986;1.37307;1.39294;1.41282;1.43269;1.42558;1.39147;1.33037;1.31571;1.34749;1.45271;1.63136;1.88344;2.13553;2.37374;2.59807;2.80853;3.00512;3.1949;3.39175;3.59567;3.80666;4.02471;4.24277;4.46083;4.68199;4.90625;5.1336;5.36406;5.59762;5.81164;6.00612;6.18106;6.33646;6.47233;6.60819;6.70402;6.75981;6.77557;6.75129;6.68697;6.62265;6.55834;6.49402;6.49255;6.55393;6.67815;6.86522;7.11514;7.36505;7.61497;7.86488;8.03805;8.13447;8.15415;8.16247;8.15943;8.22178;8.34953;8.54266;8.7358;8.89757;9.02798;9.12702;9.1947;9.23102;9.26733;9.29381;9.31045;9.31725;9.31422;9.35151;9.43896;9.57658;9.76436;10.0023;10.2403;10.4782;10.715;10.9505;11.1849;11.4181;11.6502;11.8822;12.0926;12.2815;12.4752;12.6737;12.8769;13.1066;13.3626;13.6176;13.8715;14.1245;14.3764;14.6221;14.8627;15.0981;15.2758;15.3959;15.4635;15.4787;15.4413;15.404;15.3666;15.3293;15.2909;15.2516;15.2112;15.1697;15.1273;15.0849;15.0424;15",0.230539,"0;0.666667;0.333333"
0.990886,0.261573,0.741361,"1;1.20092;1.40184;1.60276;1.80367;2.00459;2.20551;2.40643;2.60924;2.81394;3.02053;3.22901;3.43937;3.64974;3.86011;4.07048;4.28085;4.43151;4.52246;4.55371;4.52525;4.43708;4.34891;4.26075;4.22745;4.24902;4.32545;4.45676;4.64293;4.82911;5.01528;5.20146;5.38763;5.57134;5.75258;5.93134;6.10764;6.28147;6.45091;6.61597;6.77663;6.93291;7.02743;7.06457;7.04432;6.96671;6.83171;6.69671;6.56171;6.49552;6.49813;6.56955;6.70978;6.91881;7.12784;7.33686;7.54589;7.75492;7.95025;8.13187;8.29979;8.45401;8.60103;8.75455;8.91458;9.08112;9.25416;9.38841;9.48386;9.54051;9.55836;9.53742;9.51647;9.49553;9.47458;9.45364;9.47653;9.54324;9.65379;9.80817;10.0064;10.2046;10.4028;10.601;10.7992;10.9943;11.1864;11.3754;11.5614;11.7442;11.9271;12.11;12.2929;12.4758;12.6374;12.7778;12.8969;12.9948;13.0715;13.1482;13.2248;13.3015;13.3782;13.4779;13.6007;13.7466;13.9155;14.1074;14.2994;14.4914;14.6833;14.8753;15.0673;15.2638;15.465;15.6707;15.8809;16.0958;16.3106;16.5255;16.7403;16.9552;17.1347;17.2789;17.3878;17.4614;17.4997;17.538;17.5763;17.6146;17.6528;17.6911;17.7495;17.828;17.9265;18.0452;18.184;18.3227;18.4615;18.6002;18.739;18.8326;18.881;18.8843;18.8425;18.7555;18.6686;18.619;18.6068;18.632;18.6947;18.7947;18.8948;18.9948;19.0949;19.1343;19.1978;19.2853;19.3968;19.5323;19.7524;19.9416;20.0998;20.2271;20.3235;20.389;20.4544;20.4923;20.5025;20.4852;20.4403;20.4271;20.4734;20.579;20.744;20.9472;21.129;21.2895;21.4287;21.5467;21.6646;21.7825;21.9004;21.9998;22.0807;22.1429;22.1867;22.2118;22.237;22.2622;22.2495;22.199;22.1106;21.9844;21.8203;21.6563;21.4922;21.3281;21.1641;21","15;14.9051;14.8101;14.7152;14.6202;14.5253;14.4303;14.3354;14.2738;14.2454;14.2504;14.2887;14.3603;14.4319;14.5035;14.5751;14.6468;14.7445;14.8683;15.0182;15.1941;15.3962;15.5983;15.8004;15.9824;16.1442;16.2858;16.4074;16.5088;16.6101;16.7115;16.8129;16.9143;17.0158;17.1174;17.219;17.3208;17.4226;17.5387;17.6692;17.814;17.9731;18.1483;18.3254;18.5043;18.685;18.8675;19.05;19.2325;19.3937;19.5333;19.6516;19.7485;19.8239;19.8993;19.9747;20.0502;20.1256;20.2161;20.3216;20.4421;20.5777;20.7301;20.8844;21.0405;21.1983;21.3581;21.5301;21.7144;21.911;22.12;22.3412;22.5624;22.7837;23.0049;23.2261;23.4232;23.5961;23.7449;23.8695;23.97;24.0705;24.171;24.2715;24.3719;24.4776;24.5884;24.7043;24.8254;24.9517;25.0779;25.2042;25.3304;25.4567;25.5994;25.7586;25.9342;26.1263;26.3349;26.5435;26.7521;26.9606;27.1692;27.3473;27.4949;27.612;27.6986;27.7547;27.8108;27.8669;27.923;27.9791;28.0352;28.0687;28.0796;28.068;28.0338;27.977;27.9202;27.8635;27.8067;27.7499;27.6652;27.5526;27.4122;27.2438;27.0475;26.8512;26.6549;26.4586;26.2622;26.0659;25.8742;25.687;25.5043;25.3262;25.1526;24.979;24.8054;24.6319;24.4583;24.2804;24.0983;23.9119;23.7212;23.5262;23.3312;23.1379;22.9462;22.7561;22.5677;22.3808;22.194;22.0072;21.8204;21.6654;21.5359;21.4317;21.353;21.2996;21.2397;21.1539;21.0421;20.9044;20.7407;20.551;20.3614;20.1757;19.9941;19.8164;19.6428;19.4976;19.377;19.281;19.2094;19.1371;19.0394;18.9163;18.7679;18.5941;18.4203;18.2465;18.0727;17.8911;17.7014;17.5039;17.2985;17.0852;16.8718;16.6585;16.457;16.2674;16.0897;15.9238;15.7699;15.6159;15.4619;15.3079;15.154;15",0.185007,"0;0.7;0.3"
2.3482,0.235467,2.11859,"1;1.48021;1.96042;2.40892;2.82572;3.21081;3.5642;3.83452;4.05347;4.22105;4.33726;4.37306;4.37981;4.35751;4.44521;4.64291;4.97966;5.34648;5.74339;6.03134;6.30473;6.56357;6.91682;7.26839;7.61826;7.87203;8.02969;8.17341;8.3993;8.70735;9.09757;9.51321;9.87209;10.1742;10.4196;10.6481;10.9166;11.2249;11.5731;11.9657;12.3627;12.7641;13.1966;13.6599;14.1498;14.6398;15.13;15.5937;16.0085;16.3742;16.7173;17.0657;17.4211;17.8062;18.221;18.6834;19.1654;19.6654;20.1583;20.644;21.1046;21.5532;21.9897;22.4391;22.9016;23.3802;23.8621;24.3472;24.8888;25.4724;26.095;26.6829;27.2363;27.7017;28.1472;28.5726;29.0514;29.5021;29.9247;30.2778;30.5616;30.776;31.0267;31.3136;31.6247;31.9599;32.3024;32.6282;32.9371;33.2292;33.5415;33.8907;34.2767;34.7314;35.15;35.4956;35.7682;35.9678;36.0686;36.1754;36.288;36.4066;36.555;36.7273;36.9236;37.1439;37.3467;37.5082;37.6282;37.7069;37.8427;38.077;38.2648;38.4061;38.501;38.3973;38.1458;37.8914;37.6341;37.4285;37.3283;37.3688;37.5499;37.8717;38.1108;38.2673;38.2553;38.0299;37.5914;37.126;36.6338;36.1148;35.6034;35.0997;34.586;34.0244;33.4369;32.8335;32.2136;31.577;31.1572;30.9323;30.9023;31.0679;31.3217;31.4681;31.5069;31.4383;31.1772;30.8312;30.4002;29.8885;29.2962;28.7283;28.185;27.6663;27.1823;26.7331;26.2984;25.8569;25.4084;24.9386;24.5605;24.2741;24.1008;23.9317;23.7954;23.5788;23.2818;22.9769;22.7729;22.6413;22.4993;22.3469;22.0476;21.6016;21.0461;20.4641;19.8091;19.274;18.8774;18.582;18.3876;18.2219;17.9561;17.6661;17.3521;17.0139;16.8857;16.9674;17.1644;17.4511;17.8276;18.212;18.6043;19.0045;19.4381;19.9373;20.3721;21","15;14.8607;14.7214;14.6866;14.7561;14.9301;15.2084;15.6138;16.0418;16.4924;16.9655;17.4633;17.963;18.4648;18.8568;19.1391;19.3098;19.492;19.6857;20.0026;20.3767;20.8079;21.173;21.5246;21.8629;22.2537;22.6973;23.127;23.4903;23.7871;24.0174;24.2411;24.5246;24.868;25.2712;25.7047;26.1086;26.483;26.8278;27.1562;27.4977;27.8525;28.1358;28.3477;28.4751;28.4267;28.2025;27.887;27.6576;27.5141;27.5478;27.6107;27.8577;28.1116;28.3723;28.6148;28.987;29.3342;29.5108;29.5169;29.3774;29.1475;28.8273;28.5622;28.3523;28.1707;27.9622;27.7269;27.5826;27.4474;27.3481;27.4184;27.6584;27.95;28.2569;28.5791;28.7827;28.9588;29.1073;29.159;29.1138;28.9717;28.815;28.6435;28.6451;28.8198;29.1814;29.557;29.9465;30.3499;30.7011;30.9861;31.2051;31.3063;31.2259;31.03;30.7186;30.2916;29.802;29.3138;28.8268;28.3413;27.8666;27.4015;26.946;26.5001;26.0513;25.5901;25.1164;24.6303;24.166;23.736;23.2782;22.7927;22.2794;21.8059;21.3121;20.86;20.4497;20.048;19.5531;19.0544;18.5518;18.0454;17.5781;17.1501;16.7321;16.4256;16.2305;16.1307;16.1262;16.2169;16.2243;16.1482;15.9949;15.8146;15.6228;15.4967;15.3832;15.2821;15.1232;14.8911;14.5856;14.26;13.89;13.4954;13.0764;12.6329;12.2912;12.0757;11.9864;12.0688;12.3226;12.5817;12.8461;13.1157;13.2495;13.2476;13.1501;13.0573;12.9694;12.9821;12.9404;12.8444;12.5935;12.3351;11.9613;11.6269;11.3319;11.0202;10.5445;10.0126;9.51181;9.04214;8.67172;8.40057;8.30034;8.2838;8.362;8.43842;8.67534;9.00107;9.41562;9.79245;10.2161;10.6261;11.0225;11.4053;11.848;12.3507;12.8115;13.2432;13.6458;13.9372;14.1175;14.1866;14.1318;14.234;13.7746;15",0.531712,"0;0.733333;0.266667"
1.04182,0.283236,0.618665,"1;1.1069;1.21381;1.32071;1.42761;1.53452;1.64142;1.77344;1.93058;2.11283;2.3202;2.55269;2.78518;3.01767;3.25016;3.48614;3.72561;3.96857;4.21502;4.46497;4.71491;4.96485;5.2148;5.4162;5.56906;5.67338;5.72917;5.73641;5.74365;5.75089;5.75813;5.76537;5.73884;5.67855;5.58449;5.45666;5.29507;5.13347;4.97188;4.81028;4.66006;4.52119;4.39369;4.27756;4.17279;4.06803;3.96326;3.85849;3.75372;3.67442;3.62058;3.59221;3.5893;3.61185;3.6344;3.65696;3.67951;3.73938;3.83657;3.97107;4.14289;4.35203;4.56117;4.7703;4.97944;5.17608;5.36024;5.5319;5.69108;5.83776;5.98444;6.13112;6.27781;6.38181;6.44315;6.46181;6.43779;6.3711;6.35436;6.38757;6.47073;6.60385;6.78691;6.97613;7.17149;7.37301;7.58068;7.7945;8.00832;8.22215;8.43597;8.64881;8.86068;9.07158;9.2815;9.49044;9.65516;9.82703;10.0061;10.1922;10.3856;10.6303;10.875;11.1198;11.308;11.4398;11.5151;11.5339;11.5534;11.6302;11.7642;11.9554;12.2038;12.4522;12.675;12.8723;13.0441;13.1903;13.311;13.4317;13.5524;13.7003;13.8755;14.0153;14.1197;14.1887;14.1951;14.1537;14.1271;14.1154;14.1185;14.1366;14.1546;14.1726;14.1809;14.1796;14.2218;14.3076;14.4369;14.6195;14.8554;15.0913;15.2901;15.452;15.5769;15.6647;15.7156;15.7891;15.8852;16.004;16.1454;16.3094;16.4735;16.6375;16.8016;16.9656;17.1265;17.2843;17.4389;17.5904;17.7388;17.8871;18.0355;18.1838;18.3322;18.4575;18.5597;18.6389;18.6951;18.7282;18.7614;18.7945;18.8276;18.8607;18.9363;19.0544;19.215;19.4181;19.6636;19.9092;20.1547;20.4003;20.6396;20.8726;21.0994;21.3199;21.5342;21.7485;21.9628;22.177;22.3913;22.5108;22.5353;22.465;22.2999;22.0399;21.78;21.52;21.26;21","15;15.226;15.452;15.678;15.904;16.13;16.3559;16.5551;16.7275;16.873;16.9918;17.0837;17.1756;17.2675;17.3594;17.4319;17.4849;17.5185;17.5327;17.5274;17.5221;17.5168;17.5115;17.5516;17.6373;17.7685;17.9451;18.1672;18.3893;18.6114;18.8335;19.0556;19.2714;19.481;19.6843;19.8813;20.0721;20.2628;20.4536;20.6443;20.8361;21.029;21.2229;21.4178;21.6138;21.8097;22.0057;22.2017;22.3977;22.6027;22.8168;23.04;23.2723;23.5137;23.755;23.9964;24.2377;24.4519;24.6388;24.7985;24.931;25.0363;25.1416;25.2468;25.3521;25.3968;25.3809;25.3045;25.1674;24.9698;24.7722;24.5746;24.3769;24.2613;24.2278;24.2762;24.4066;24.6191;24.7665;24.8487;24.8658;24.8178;24.7046;24.5915;24.4785;24.3656;24.2527;24.1398;24.027;23.9141;23.8013;23.6897;23.5795;23.4705;23.3629;23.2565;23.1152;22.9874;22.8733;22.7727;22.6858;22.6474;22.6091;22.5707;22.5914;22.6711;22.8099;23.0078;23.2048;23.3421;23.4195;23.4371;23.3948;23.3526;23.2798;23.1765;23.0426;22.8781;22.6831;22.4881;22.293;22.1501;22.0593;21.9646;21.8662;21.764;21.6059;21.3918;21.1777;20.9636;20.7494;20.5353;20.3211;20.1069;19.8788;19.6367;19.4335;19.2692;19.1437;19.0709;19.0509;19.0309;19.0638;19.1495;19.288;19.4794;19.7237;19.8891;19.9757;19.9834;19.9123;19.7624;19.6125;19.4626;19.3127;19.1628;19.0098;18.8537;18.6945;18.5321;18.3667;18.2012;18.0358;17.8703;17.7049;17.5286;17.3414;17.1434;16.9345;16.7147;16.495;16.2753;16.0555;15.8358;15.6506;15.5;15.3839;15.3024;15.2555;15.2085;15.1616;15.1146;15.0889;15.0843;15.1008;15.1385;15.1974;15.2563;15.3152;15.3741;15.433;15.4643;15.4682;15.4446;15.3934;15.3147;15.236;15.1574;15.0787;15",0.187634,"0;0.766667;0.233333"
0.944711,0.382805,0.510127,"1;1.16036;1.32073;1.48109;1.64146;1.80182;1.96218;2.12255;2.28648;2.45398;2.62506;2.7997;2.97791;3.15612;3.33433;3.51254;3.69076;3.86733;4.04226;4.21555;4.3872;4.55721;4.72723;4.89724;5.06725;5.23726;5.40727;5.51738;5.56759;5.5579;5.48831;5.35881;5.26155;5.19653;5.16375;5.1632;5.19489;5.22658;5.25828;5.32569;5.42884;5.56772;5.74233;5.95266;6.16299;6.37333;6.58366;6.76975;6.9316;7.0692;7.18255;7.27166;7.36077;7.44957;7.53805;7.62621;7.7359;7.86711;8.02015;8.19503;8.39175;8.58846;8.78518;8.98028;9.17377;9.36564;9.5559;9.70525;9.81532;9.88608;9.91756;9.90975;9.90193;9.89412;9.8863;9.87849;9.87893;9.88761;9.90456;9.92975;9.9632;9.99664;10.0301;10.0635;10.097;10.1607;10.2547;10.379;10.5335;10.7184;10.9032;11.088;11.2729;11.4577;11.6425;11.8091;11.9574;12.0874;12.1991;12.2925;12.386;12.4794;12.5729;12.6663;12.7639;12.8657;12.9716;13.0817;13.196;13.3102;13.4354;13.5715;13.7184;13.8763;14.045;14.2138;14.3826;14.5513;14.7201;14.8234;14.8612;14.8335;14.7403;14.5817;14.4231;14.332;14.3086;14.3527;14.4644;14.6075;14.7144;14.7853;14.82;14.8185;14.817;14.8056;14.7841;14.7526;14.7111;14.6595;14.6613;14.7165;14.825;14.9869;15.2021;15.4173;15.6325;15.8069;15.9404;16.033;16.0848;16.0957;16.1319;16.1934;16.2802;16.3922;16.5296;16.667;16.8043;16.9417;17.0791;17.2164;17.3706;17.5415;17.7292;17.9337;18.1549;18.3761;18.5974;18.8186;19.0399;19.242;19.425;19.5889;19.7337;19.8594;19.985;20.1107;20.2364;20.3621;20.4877;20.6246;20.7725;20.9316;21.1018;21.2832;21.4646;21.6459;21.8273;22.0086;22.1194;22.1597;22.1294;22.0285;21.8571;21.6857;21.5143;21.3428;21.1714;21","15;15.1538;15.3077;15.4615;15.6154;15.7692;15.923;16.0769;16.1734;16.2126;16.1945;16.119;15.9863;15.8535;15.7208;15.588;15.4553;15.3701;15.3326;15.3427;15.4004;15.5058;15.6111;15.7165;15.8218;15.9271;16.0325;16.1454;16.2659;16.394;16.5297;16.673;16.8295;16.9991;17.1818;17.3776;17.5866;17.7956;18.0046;18.1823;18.3287;18.4437;18.5274;18.5799;18.6323;18.6847;18.7371;18.8199;18.9331;19.0766;19.2505;19.4548;19.659;19.8625;20.0652;20.2672;20.4373;20.5755;20.6825;20.7584;20.8032;20.8479;20.8927;20.9341;20.9722;21.007;21.0384;21.1053;21.211;21.3555;21.5388;21.7609;21.983;22.2051;22.4271;22.6492;22.8708;23.092;23.3126;23.5328;23.7525;23.9722;24.1919;24.4115;24.6312;24.8223;24.9846;25.1184;25.2234;25.2998;25.3762;25.4526;25.529;25.6054;25.6818;25.7077;25.6831;25.6079;25.4822;25.306;25.1297;24.9535;24.7773;24.601;24.4273;24.2559;24.0871;23.9207;23.7568;23.5929;23.4328;23.2766;23.1243;22.9759;22.8313;22.6867;22.5421;22.3976;22.253;22.1119;21.9742;21.84;21.7093;21.582;21.4548;21.3773;21.3495;21.3715;21.4433;21.4956;21.4786;21.3925;21.2371;21.0125;20.7878;20.5658;20.3463;20.1294;19.9151;19.7033;19.5339;19.4069;19.3223;19.2801;19.2802;19.2804;19.2805;19.2361;19.1472;19.0137;18.8357;18.6132;18.4061;18.2144;18.0381;17.8773;17.732;17.5866;17.4413;17.2959;17.1505;17.0052;16.8847;16.7891;16.7184;16.6727;16.6518;16.6309;16.61;16.5891;16.5682;16.5204;16.4456;16.3439;16.2153;16.0597;15.9041;15.7486;15.593;15.4374;15.2818;15.1317;14.987;14.8477;14.7138;14.5854;14.457;14.3286;14.2002;14.0718;13.9987;13.9809;14.0184;14.1112;14.2593;14.4075;14.5556;14.7037;14.8519;15",0.275447,"0;0.8;0.2"
1.12312,0.395273,0.221239,"1;1.1681;1.33621;1.50431;1.67242;1.84052;2.00862;2.18233;2.36163;2.54652;2.73702;2.93311;3.1292;3.32208;3.51174;3.69819;3.88143;4.06145;4.24147;4.42149;4.61289;4.81565;5.02979;5.2553;5.49217;5.72905;5.88813;5.96941;6.00023;5.98059;5.9105;5.86775;5.85234;5.83693;5.82152;5.78407;5.7246;5.64308;5.53954;5.41395;5.28837;5.16279;5.03721;4.9017;4.75627;4.60091;4.43563;4.26042;4.08521;3.91;3.73479;3.54587;3.34326;3.12694;2.89691;2.65319;2.40946;2.16573;1.92201;1.77616;1.7282;1.77812;1.92593;2.17161;2.3498;2.4605;2.50369;2.47939;2.38759;2.29579;2.20399;2.11219;2.08558;2.12416;2.22792;2.39688;2.63103;2.86518;3.09933;3.33347;3.56536;3.79498;4.02234;4.24743;4.47026;4.6931;4.91593;5.13876;5.35709;5.57091;5.78024;5.98506;6.18537;6.38569;6.59708;6.81955;7.05308;7.29769;7.55338;7.80906;8.06475;8.26039;8.39599;8.47155;8.48706;8.47776;8.50368;8.56481;8.66117;8.79275;8.92433;9.05591;9.18749;9.3243;9.46634;9.6136;9.76609;9.92088;10.0727;10.2217;10.3865;10.5673;10.7669;10.9852;11.2225;11.4597;11.6969;11.8437;11.9;11.8658;11.7411;11.5927;11.5108;11.4955;11.5469;11.6649;11.7829;11.9008;12.0188;12.1518;12.2997;12.4626;12.6405;12.8334;13.0262;13.2191;13.412;13.5974;13.7753;13.9458;14.1088;14.2644;14.42;14.5755;14.7311;14.8551;14.9475;15.0083;15.0375;15.0352;15.0328;15.0505;15.0883;15.1462;15.2242;15.3448;15.488;15.6538;15.8421;16.053;16.2639;16.4161;16.5096;16.5443;16.5204;16.4378;16.4139;16.4488;16.5424;16.6947;16.9058;17.1169;17.328;17.5258;17.7105;17.9023;18.1014;18.3076;18.5341;18.7811;19.0281;19.2751;19.5221;19.759;19.986;20.2028;20.4096;20.6064;20.8032;21","15;14.8263;14.6525;14.4788;14.3051;14.1314;13.9576;13.7873;13.6204;13.4568;13.2967;13.14;12.9832;12.8232;12.6598;12.4931;12.3231;12.1498;11.9765;11.8031;11.6918;11.6425;11.6552;11.7299;11.8667;12.0034;12.0718;12.0717;11.9965;11.846;11.6203;11.3877;11.1483;10.9089;10.6694;10.4347;10.2045;9.97905;9.75822;9.54205;9.32588;9.10971;8.89354;8.68494;8.48391;8.29044;8.10455;7.92622;7.74789;7.56956;7.39123;7.2597;7.17496;7.13702;7.14588;7.20153;7.25718;7.31284;7.36849;7.39679;7.39772;7.3713;7.31752;7.23638;7.12496;6.98326;6.81129;6.60903;6.3765;6.14396;5.91143;5.67889;5.47534;5.30078;5.1552;5.03861;4.951;4.8634;4.77579;4.68819;4.64077;4.63354;4.66651;4.73966;4.853;4.96634;5.07968;5.19302;5.31208;5.43685;5.56734;5.70355;5.84548;5.9874;6.08528;6.13912;6.14892;6.11467;6.03638;5.95809;5.87979;5.77005;5.62886;5.45622;5.25213;5.02312;4.80066;4.58473;4.37534;4.17248;3.96963;3.76678;3.56393;3.44673;3.41519;3.46932;3.6091;3.82318;4.02591;4.21729;4.37823;4.50871;4.62009;4.71238;4.78557;4.85876;4.93195;5.0285;5.14843;5.29172;5.45838;5.65359;5.85398;6.05956;6.27031;6.48625;6.70219;6.91812;7.13406;7.275;7.34093;7.33187;7.2478;7.08874;6.92967;6.7706;6.61154;6.52342;6.50626;6.56006;6.6848;6.8805;7.07619;7.27189;7.46759;7.67691;7.89987;8.13645;8.38666;8.6505;8.91434;9.18059;9.44926;9.72034;9.99383;10.2486;10.4823;10.6949;10.8864;11.0567;11.2271;11.4116;11.6102;11.8229;12.0497;12.2907;12.5106;12.7094;12.8871;13.0437;13.1793;13.3148;13.4504;13.5172;13.5153;13.494;13.4533;13.3933;13.3826;13.4213;13.46;13.4987;13.5374;13.6237;13.7578;13.9395;14.1688;14.4459;14.7229;15",0.297314,"0;0.833333;0.166667"
0.853132,0.169137,0.463005,"1;1.08914;1.17828;1.26742;1.35657;1.44571;1.53485;1.62399;1.71313;1.80227;1.90374;2.01754;2.14366;2.28211;2.43289;2.58367;2.73445;2.88522;3.036;3.18678;3.33756;3.48622;3.63276;3.77718;3.91948;4.05967;4.19985;4.34003;4.48022;4.6204;4.76058;4.90077;5.02522;5.13393;5.2269;5.30414;5.36564;5.42714;5.48865;5.55015;5.61165;5.67315;5.73466;5.82022;5.92983;6.06351;6.22124;6.40303;6.58482;6.76661;6.94841;7.1302;7.31199;7.49378;7.67306;7.84982;8.02408;8.19582;8.36506;8.53429;8.70352;8.87275;9.04198;9.21122;9.38045;9.53247;9.66729;9.7849;9.88531;9.9685;10.0517;10.1349;10.2181;10.3013;10.3845;10.4677;10.57;10.6915;10.8322;10.992;11.1709;11.3499;11.5288;11.7077;11.8867;12.0656;12.2446;12.4103;12.5629;12.7022;12.8284;12.9413;13.0543;13.1673;13.2802;13.3932;13.5061;13.6191;13.7439;13.8805;14.0289;14.1892;14.3612;14.5333;14.7054;14.8774;15.0495;15.2216;15.3936;15.5658;15.738;15.9102;16.0825;16.2549;16.4273;16.5996;16.772;16.9444;17.1167;17.2891;17.463;17.6383;17.8151;17.9934;18.1732;18.353;18.5328;18.7126;18.8924;19.0722;19.252;19.4247;19.5903;19.7489;19.9004;20.0448;20.1892;20.3336;20.478;20.6224;20.7668;20.9112;21.0478;21.1767;21.2978;21.4112;21.5168;21.6224;21.728;21.8336;21.9392;22.0448;22.1504;22.2235;22.2641;22.2721;22.2477;22.1907;22.1338;22.0768;22.0199;21.9629;21.9059;21.849;21.792;21.7351;21.6781;21.6211;21.5642;21.5072;21.4503;21.3933;21.3364;21.2794;21.2224;21.1709;21.1248;21.0841;21.0488;21.019;20.9892;20.9593;20.9295;20.8996;20.8698;20.84;20.8101;20.8057;20.8265;20.8728;20.9444;21.0414;21.1384;21.2354;21.3324;21.3749;21.3629;21.2964;21.1754;21","15;15.1585;15.3169;15.4754;15.6339;15.7923;15.9508;16.1093;16.2677;16.4262;16.5733;16.709;16.8334;16.9463;17.048;17.1496;17.2512;17.3528;17.4544;17.556;17.6576;17.762;17.8693;17.9794;18.0924;18.2082;18.3239;18.4397;18.5555;18.6713;18.7871;18.9029;19.0297;19.1676;19.3166;19.4766;19.6477;19.8188;19.9899;20.161;20.3321;20.5032;20.6743;20.8106;20.912;20.9785;21.0102;21.0071;21.0039;21.0008;20.9976;20.9945;20.9913;20.9882;20.999;21.0237;21.0623;21.1148;21.1813;21.2478;21.3142;21.3807;21.4472;21.5136;21.5801;21.6656;21.7702;21.8938;22.0364;22.1981;22.3597;22.5214;22.6831;22.8447;23.0064;23.1681;23.3038;23.4137;23.4977;23.5558;23.588;23.6202;23.6524;23.6846;23.7168;23.749;23.7812;23.7785;23.7408;23.6682;23.5607;23.4182;23.2758;23.1333;22.9908;22.8484;22.7059;22.5634;22.4377;22.3287;22.2365;22.161;22.1023;22.0435;21.9848;21.9261;21.8673;21.8086;21.7498;21.7144;21.7023;21.7135;21.7481;21.8059;21.8638;21.9216;21.9794;22.0373;22.0951;22.153;22.1939;22.2177;22.2246;22.2146;22.1875;22.1604;22.1334;22.1063;22.0793;22.0522;22.0251;21.9814;21.921;21.8438;21.75;21.6396;21.5291;21.4186;21.3081;21.1976;21.0871;20.9766;20.8587;20.7332;20.6002;20.4597;20.3117;20.1637;20.0156;19.8676;19.7196;19.5716;19.4236;19.2707;19.1128;18.95;18.7823;18.6096;18.437;18.2643;18.0916;17.919;17.7463;17.5736;17.401;17.2283;17.0556;16.883;16.7103;16.5376;16.365;16.1923;16.0196;15.847;15.6743;15.5034;15.3342;15.1667;15.001;14.837;14.6731;14.5091;14.3451;14.1811;14.0172;13.8532;13.6892;13.5881;13.5498;13.5744;13.6618;13.8121;13.9624;14.1126;14.2629;14.4122;14.5606;14.708;14.8545;15",0.113222,"0;0.866667;0.133333"
1.0447,0.11349,0.952428,"1;1.07537;1.15074;1.22611;1.30148;1.37685;1.44393;1.50271;1.55319;1.59539;1.62928;1.66318;1.69708;1.73097;1.76487;1.77486;1.76093;1.72309;1.66134;1.57567;1.49001;1.40434;1.31868;1.23301;1.16408;1.11187;1.0764;1.05765;1.05564;1.05362;1.05161;1.0496;1.04758;1.08544;1.16318;1.28079;1.43827;1.63562;1.83298;2.03034;2.22769;2.42505;2.60354;2.76317;2.90393;3.02582;3.12885;3.23188;3.3349;3.43793;3.54096;3.62217;3.68156;3.71913;3.73488;3.72882;3.72275;3.71669;3.71062;3.70455;3.73976;3.81625;3.93402;4.09306;4.29338;4.4937;4.69752;4.90485;5.11568;5.33002;5.53697;5.73303;5.93298;6.13682;6.34456;6.56708;6.80439;7.0417;7.279;7.51631;7.7419;7.95578;8.15793;8.34838;8.5271;8.70583;8.88455;9.06328;9.24593;9.43251;9.62302;9.81746;10.0158;10.2142;10.4126;10.6061;10.7949;10.9788;11.158;11.3323;11.5067;11.681;11.8075;11.8862;11.9171;11.9001;11.8352;11.7704;11.7056;11.6407;11.5759;11.5721;11.6293;11.7475;11.9267;12.167;12.4073;12.6475;12.8878;13.1287;13.3702;13.6123;13.8551;14.0984;14.3323;14.5566;14.7713;14.9766;15.1723;15.3681;15.5638;15.7595;15.926;16.0633;16.1714;16.2503;16.3;16.3497;16.3994;16.4797;16.5909;16.7327;16.9052;17.1085;17.3117;17.5019;17.6791;17.8434;17.9945;18.1327;18.2709;18.3558;18.3876;18.3661;18.2913;18.1634;18.0354;17.9074;17.7593;17.5909;17.4508;17.3389;17.2551;17.2198;17.2328;17.2877;17.3844;17.5229;17.7032;17.9253;18.1474;18.3695;18.5916;18.8137;19.0102;19.181;19.3262;19.4457;19.5396;19.6334;19.7273;19.8212;19.915;19.9774;20.0083;20.0076;19.9755;19.9119;19.8482;19.7846;19.7209;19.6573;19.6554;19.7152;19.8367;20.02;20.265;20.51;20.755;21","15;15.203;15.406;15.609;15.8121;16.0151;16.2214;16.4311;16.644;16.8603;17.08;17.2996;17.5192;17.7388;17.9584;18.1752;18.3889;18.5998;18.8078;19.0128;19.2179;19.4229;19.628;19.833;20.0415;20.2534;20.4688;20.6875;20.9098;21.132;21.3542;21.5764;21.7986;21.9968;22.171;22.3212;22.4473;22.5495;22.6516;22.7537;22.8559;22.958;23.0791;23.2192;23.3782;23.5561;23.753;23.9499;24.1468;24.3437;24.5406;24.7425;24.9495;25.1616;25.3787;25.6008;25.8229;26.0451;26.2672;26.4893;26.6875;26.8618;27.0121;27.1385;27.241;27.3434;27.4231;27.4802;27.5145;27.5262;27.5526;27.6165;27.6892;27.7706;27.8607;27.922;27.9545;27.9871;28.0196;28.0522;28.1064;28.1822;28.2797;28.3988;28.5396;28.6804;28.8212;28.962;29.0464;29.0743;29.0458;28.9608;28.8194;28.678;28.5367;28.3895;28.2366;28.0779;27.9135;27.7433;27.5731;27.4029;27.2245;27.0379;26.8431;26.6401;26.4289;26.2177;26.0065;25.7953;25.584;25.4099;25.273;25.1731;25.1103;25.0846;25.059;25.0333;25.0076;24.9792;24.9479;24.9139;24.8771;24.8375;24.7839;24.7163;24.6346;24.5389;24.4291;24.3194;24.2096;24.0999;23.9666;23.8097;23.6292;23.4251;23.1975;22.9699;22.7423;22.5719;22.4587;22.4027;22.404;22.4625;22.5209;22.529;22.4868;22.3942;22.2512;22.0578;21.8645;21.6697;21.4735;21.2759;21.0769;20.8765;20.676;20.4756;20.3411;20.2725;20.1971;20.115;20.0261;19.8646;19.6304;19.4443;19.3065;19.217;19.1756;19.1824;19.1893;19.1961;19.203;19.2098;19.175;19.0986;18.9804;18.8207;18.6192;18.4178;18.2164;18.015;17.8135;17.6098;17.4038;17.1955;16.9849;16.7719;16.559;16.3461;16.1332;15.9203;15.7335;15.5728;15.4381;15.3296;15.2472;15.1648;15.0824;15",0.0827758,"0;0.9;0.1"
1.11094,0.220399,0.22159,"1;1.24886;1.49772;1.74658;1.99544;2.24431;2.49317;2.72603;2.94289;3.14376;3.32862;3.49749;3.66635;3.83522;4.00408;4.12286;4.19155;4.21016;4.17867;4.0971;4.01553;3.93396;3.85238;3.79806;3.77098;3.77114;3.79855;3.85321;3.89905;3.93609;3.96432;3.98374;3.99435;4.00496;4.01556;4.02617;4.00628;3.95587;3.87497;3.76356;3.62164;3.47972;3.33781;3.19589;3.1216;3.11494;3.17591;3.30451;3.50073;3.69696;3.89318;4.08941;4.25498;4.4153;4.57038;4.72021;4.86479;5.03478;5.20476;5.37475;5.54474;5.7255;5.91705;6.11937;6.33247;6.55634;6.78022;7.0041;7.22798;7.4338;7.62157;7.79128;7.94294;8.07654;8.21015;8.34375;8.49665;8.66885;8.86035;9.07115;9.30124;9.53836;9.76485;9.98074;10.186;10.3807;10.5577;10.7347;10.9117;11.0887;11.2611;11.4288;11.5918;11.7502;11.9099;12.0757;12.2475;12.4254;12.5943;12.7483;12.8873;13.0115;13.1206;13.2298;13.339;13.4481;13.5332;13.5942;13.6311;13.6439;13.6326;13.6213;13.61;13.5986;13.6382;13.7285;13.8696;14.0615;14.3042;14.547;14.7419;14.8891;14.9885;15.0402;15.0883;15.1808;15.3175;15.4985;15.7238;15.9518;16.1825;16.416;16.6521;16.891;17.1298;17.3687;17.6076;17.8399;18.0657;18.285;18.4977;18.7039;18.9102;19.1164;19.3226;19.5272;19.7303;19.9319;20.1318;20.3302;20.5286;20.727;20.9254;21.1238;21.3168;21.5045;21.6867;21.8636;22.0351;22.2066;22.3781;22.5635;22.7626;22.9756;23.2024;23.443;23.6837;23.9243;24.1649;24.3485;24.475;24.5444;24.5567;24.512;24.4673;24.4325;24.4076;24.3527;24.2677;24.1526;23.9974;23.8023;23.6071;23.4119;23.2167;23.0412;22.8853;22.775;22.7104;22.6915;22.6986;22.6747;22.5937;22.4557;22.2606;22.0085;21.7564;21.5043;21.2521;21","15;14.9762;14.9523;14.9285;14.9047;14.8808;14.857;14.801;14.713;14.5929;14.4406;14.2563;14.0719;13.8876;13.7032;13.5085;13.3033;13.0878;12.8619;12.6256;12.3893;12.1529;11.9166;11.6782;11.4378;11.1953;10.9507;10.704;10.4567;10.2088;9.96026;9.71111;9.46133;9.21156;8.96178;8.71201;8.47103;8.23883;8.01544;7.80083;7.59501;7.3892;7.18339;6.97757;6.78194;6.59649;6.42122;6.25613;6.10123;5.94632;5.79141;5.63651;5.51342;5.39194;5.27207;5.15382;5.03719;4.89035;4.74351;4.59667;4.44983;4.34723;4.28887;4.27474;4.30485;4.37919;4.45354;4.52788;4.60223;4.62435;4.59426;4.51194;4.37741;4.19066;4.0039;3.81715;3.64589;3.49011;3.34983;3.22503;3.11572;3.0094;2.95438;2.95066;2.99824;3.09712;3.24431;3.39149;3.53867;3.68586;3.83811;3.99542;4.1578;4.32525;4.50252;4.68455;4.87134;5.06289;5.25907;5.45511;5.65102;5.84678;6.04241;6.23804;6.43367;6.6293;6.83427;7.04858;7.27223;7.50521;7.74754;7.98987;8.2322;8.47452;8.65205;8.76478;8.8127;8.79583;8.71416;8.63249;8.61079;8.64908;8.74734;8.90558;9.10148;9.27507;9.42634;9.55529;9.66193;9.762;9.85551;9.94244;10.0228;10.0966;10.1704;10.2442;10.318;10.3488;10.3365;10.2812;10.1829;10.0416;9.90028;9.75895;9.61762;9.48454;9.3597;9.2431;9.13474;9.03463;8.93452;8.83441;8.73429;8.63418;8.58532;8.58772;8.64137;8.74627;8.90243;9.05859;9.21475;9.35323;9.47405;9.5772;9.66268;9.73048;9.79829;9.86609;9.9339;10.0361;10.1727;10.3437;10.5491;10.7889;11.0288;11.2751;11.528;11.757;11.962;12.143;12.2935;12.4135;12.5335;12.6535;12.7735;12.9135;13.0735;13.2492;13.4406;13.6477;13.8506;14.031;14.1931;14.337;14.4627;14.5702;14.6776;14.7851;14.8925;15",0.169776,"0;0.933333;0.0666667"
0.952736,0.337433,0.533858,"1;1.16651;1.33302;1.49952;1.66603;1.83254;1.99905;2.16556;2.33207;2.50478;2.6837;2.86882;3.06015;3.25768;3.45522;3.65275;3.85028;4.04782;4.24535;4.41543;4.55807;4.67326;4.761;4.8213;4.88159;4.94188;5.00217;5.06247;5.12276;5.15345;5.15453;5.12601;5.06789;4.98016;4.89243;4.8047;4.71697;4.62924;4.54151;4.44437;4.33782;4.22186;4.09649;3.96172;3.82694;3.69216;3.55738;3.42261;3.28783;3.18853;3.1247;3.09635;3.10347;3.14607;3.18867;3.23127;3.27387;3.31647;3.38204;3.47059;3.58211;3.7166;3.87406;4.03152;4.18899;4.34645;4.50391;4.66138;4.82493;4.99456;5.17028;5.35209;5.53998;5.72787;5.91576;6.10366;6.29062;6.47667;6.6618;6.846;7.02928;7.21256;7.39584;7.57912;7.7624;7.94775;8.13516;8.32463;8.51616;8.70976;8.90336;9.04845;9.14502;9.19308;9.19262;9.14365;9.09468;9.04572;9.04893;9.10432;9.2119;9.37166;9.5836;9.79554;9.96017;10.0775;10.1475;10.1702;10.1456;10.121;10.0964;10.1154;10.1781;10.2843;10.4343;10.6278;10.8214;11.0149;11.1958;11.3671;11.5289;11.6812;11.8239;11.9696;12.1169;12.2657;12.4159;12.5677;12.7209;12.8741;13.0273;13.197;13.3831;13.5856;13.7786;13.962;14.1194;14.2509;14.3563;14.4618;14.5631;14.6604;14.7535;14.8425;14.9274;15.0123;15.1195;15.2491;15.4009;15.5752;15.7717;15.9564;16.1292;16.2901;16.4392;16.5764;16.7136;16.8508;16.988;17.1252;17.2624;17.411;17.5708;17.7421;17.9247;18.1186;18.3125;18.5065;18.7004;18.8943;19.0882;19.2566;19.3993;19.5165;19.608;19.674;19.74;19.8059;19.8719;19.9378;20.017;20.1094;20.215;20.3337;20.4657;20.5977;20.7297;20.8616;20.9936;21.1256;21.2214;21.2812;21.3047;21.2922;21.2435;21.1948;21.1461;21.0974;21.0487;21","15;15.1108;15.2216;15.3324;15.4432;15.554;15.6648;15.7755;15.8863;15.9812;16.0602;16.1233;16.1706;16.2019;16.2332;16.2645;16.2958;16.3271;16.3584;16.4216;16.5167;16.6436;16.8025;16.9931;17.1838;17.3745;17.5652;17.7559;17.9466;18.1351;18.3214;18.5056;18.6875;18.8672;19.0469;19.2267;19.4064;19.5861;19.7659;19.9392;20.1062;20.2667;20.4209;20.5686;20.7164;20.8642;21.0119;21.1597;21.3075;21.4693;21.6452;21.8352;22.0392;22.2573;22.4754;22.6935;22.9116;23.1297;23.3288;23.509;23.6703;23.8125;23.9358;24.0591;24.1825;24.3058;24.4291;24.5524;24.6315;24.6664;24.6571;24.6037;24.506;24.4083;24.3107;24.213;24.1589;24.1485;24.1816;24.2584;24.3788;24.4992;24.6196;24.74;24.8603;24.9405;24.9806;24.9804;24.94;24.8594;24.7789;24.6761;24.5511;24.4039;24.2345;24.0429;23.8513;23.6596;23.4971;23.3637;23.2593;23.184;23.1378;23.0915;23.0147;22.9074;22.7695;22.601;22.4019;22.2029;22.0038;21.8616;21.7763;21.7479;21.7763;21.8616;21.9469;22.0322;22.0699;22.0618;22.0079;21.9081;21.7626;21.619;21.4733;21.3257;21.1761;21.0245;20.871;20.7174;20.5638;20.4407;20.348;20.2858;20.2175;20.1432;20.0324;19.8852;19.7015;19.5178;19.3307;19.1399;18.9457;18.748;18.5467;18.3454;18.1639;18.0022;17.8602;17.7381;17.6357;17.5247;17.4051;17.2768;17.1399;16.9944;16.8489;16.7033;16.5578;16.4123;16.2668;16.1601;16.0924;16.0635;16.0735;16.1224;16.1713;16.2202;16.2691;16.318;16.367;16.3636;16.3081;16.2003;16.0403;15.8281;15.6159;15.4037;15.1915;14.9793;14.7795;14.5921;14.417;14.2544;14.1041;13.9538;13.8035;13.6533;13.503;13.3527;13.2812;13.2884;13.3744;13.5391;13.7826;14.0261;14.2696;14.513;14.7565;15",0.288973,"0;0.966667;0.0333333"
1.02489,0.369411,0.759573,"1;1.00408;1.00816;1.01225;1.01633;1.02041;1.02449;1.02858;1.05757;1.11149;1.19032;1.29407;1.42273;1.55139;1.68005;1.80871;1.93738;2.08358;2.24731;2.42859;2.6274;2.84375;3.0601;3.27645;3.4928;3.70915;3.9263;4.14426;4.36301;4.58256;4.80292;5.02327;5.24363;5.46398;5.68434;5.89472;6.09513;6.28556;6.46602;6.63651;6.80699;6.97748;7.14796;7.31845;7.46333;7.58262;7.6763;7.74438;7.78685;7.82933;7.87181;7.91428;7.95676;7.97247;7.96141;7.92358;7.85898;7.76762;7.67625;7.58489;7.49352;7.40216;7.33893;7.30384;7.29689;7.31808;7.36741;7.41674;7.46607;7.5154;7.56473;7.61849;7.67667;7.73929;7.80634;7.87781;7.94929;8.02076;8.09224;8.16371;8.26514;8.39652;8.55786;8.74914;8.97038;9.19162;9.41286;9.6341;9.85534;10.0725;10.2855;10.4944;10.6992;10.8999;11.1007;11.3014;11.5021;11.67;11.8051;11.9073;11.9768;12.0135;12.0422;12.0631;12.076;12.0811;12.0782;12.0753;12.1097;12.1814;12.2904;12.4367;12.6202;12.8038;12.9873;13.1709;13.3545;13.495;13.5927;13.6473;13.6591;13.6278;13.5861;13.5339;13.4712;13.398;13.3143;13.2306;13.147;13.0615;12.9742;12.8851;12.7941;12.7014;12.6086;12.5327;12.4735;12.4312;12.4056;12.445;12.5326;12.6683;12.8403;13.0485;13.2449;13.4293;13.6016;13.7737;13.9457;14.1174;14.2889;14.454;14.6127;14.765;14.9108;15.0502;15.1895;15.3239;15.4532;15.5775;15.6967;15.8109;15.9252;16.0394;16.1536;16.2678;16.3912;16.5238;16.6656;16.8166;16.9768;17.137;17.2972;17.4574;17.6176;17.7879;17.9683;18.1588;18.3593;18.57;18.7806;18.9912;19.2019;19.4125;19.5743;19.6871;19.7511;19.7662;19.7325;19.6987;19.6649;19.6312;19.5974;19.6292;19.7266;19.8895;20.1179;20.412;20.706;21","15;15.2222;15.4444;15.6666;15.8887;16.1109;16.3331;16.5553;16.7693;16.9751;17.1727;17.362;17.5432;17.7244;17.9056;18.0868;18.268;18.4231;18.5521;18.655;18.7318;18.7826;18.8333;18.8841;18.9348;18.9856;19.0319;19.0739;19.1114;19.1446;19.1733;19.2021;19.2308;19.2596;19.2883;19.3398;19.4141;19.5111;19.6309;19.7734;19.9159;20.0585;20.201;20.3436;20.5012;20.674;20.8619;21.0649;21.283;21.5011;21.7193;21.9374;22.1555;22.3705;22.5824;22.7912;22.9969;23.1995;23.402;23.6046;23.8072;24.0098;24.2152;24.4234;24.6344;24.8483;25.0649;25.2816;25.4983;25.715;25.9317;26.1471;26.3612;26.5742;26.7858;26.9962;27.2067;27.4171;27.6275;27.8379;28.0021;28.12;28.1916;28.217;28.1961;28.1753;28.1544;28.1335;28.1126;28.0847;28.0496;28.0075;27.9583;27.902;27.8457;27.7894;27.7331;27.6475;27.5326;27.3884;27.2149;27.0122;26.8066;26.5982;26.387;26.173;25.9562;25.7394;25.545;25.3729;25.2232;25.0959;24.991;24.886;24.7811;24.6762;24.5712;24.4433;24.2925;24.1187;23.9219;23.7022;23.4866;23.2752;23.0678;22.8646;22.6655;22.4664;22.2673;22.072;21.8803;21.6925;21.5083;21.3279;21.1475;20.9619;20.7712;20.5754;20.3744;20.2034;20.0677;19.9672;19.8758;19.7934;19.6849;19.5502;19.3966;19.2503;19.1111;18.9792;18.8545;18.7239;18.5874;18.4449;18.2965;18.1422;17.9878;17.9011;17.8818;17.9301;18.0459;18.2293;18.4127;18.596;18.7794;18.9628;19.0787;19.1271;19.1081;19.0215;18.8675;18.7135;18.5595;18.4055;18.2515;18.1141;17.9934;17.8893;17.8019;17.7311;17.6602;17.5894;17.5186;17.4478;17.3472;17.2169;17.0568;16.8669;16.6473;16.4276;16.208;15.9883;15.7687;15.5798;15.4217;15.2943;15.1976;15.1318;15.0659;15",0.330915,"0;1;0"
0.548226,1.10068,0.159888,"1;1.117;1.234;1.351;1.468;1.585;1.702;1.819;1.936;2.053;2.17;2.287;2.404;2.521;2.638;2.755;2.86839;2.97818;3.08435;3.18692;3.28587;3.38483;3.48379;3.58275;3.68171;3.78066;3.87962;3.97858;4.07754;4.1765;4.27545;4.37441;4.47337;4.56088;4.63695;4.70157;4.75475;4.79647;4.8382;4.87993;4.92166;4.96339;5.00512;5.04685;5.08858;5.13031;5.17204;5.21377;5.2555;5.29723;5.33896;5.39582;5.46781;5.55493;5.65717;5.77455;5.89192;6.0093;6.12667;6.24405;6.36143;6.4788;6.59618;6.71355;6.83093;6.9483;7.06568;7.18305;7.29916;7.41401;7.52758;7.63989;7.75094;7.86198;7.97303;8.08407;8.19512;8.30616;8.41721;8.52825;8.6393;8.75034;8.86138;8.97243;9.08347;9.19452;9.29915;9.39737;9.48917;9.57456;9.65354;9.73251;9.81149;9.89046;9.96944;10.0484;10.1274;10.2064;10.2853;10.3643;10.4433;10.5223;10.6013;10.6856;10.7752;10.8702;10.9705;11.0761;11.1817;11.2873;11.393;11.4986;11.6042;11.7099;11.8155;11.9211;12.0268;12.1324;12.238;12.3436;12.4493;12.5563;12.6648;12.7747;12.886;12.9987;13.1114;13.2242;13.3369;13.4496;13.5624;13.6751;13.7878;13.9006;14.0133;14.126;14.2387;14.3515;14.4585;14.5598;14.6554;14.7453;14.8295;14.9137;14.9979;15.0821;15.1662;15.2504;15.3346;15.4188;15.503;15.5872;15.6714;15.7556;15.8397;15.9239;16.0147;16.1122;16.2163;16.3269;16.4443;16.5616;16.6789;16.7962;16.9135;17.0309;17.1482;17.2655;17.3828;17.5001;17.6175;17.7348;17.8521;17.968;18.0824;18.1954;18.3069;18.417;18.527;18.6371;18.7472;18.8573;18.9673;19.0774;19.1875;19.2976;19.4076;19.5177;19.6278;19.7379;19.848;19.9626;20.0819;20.2058;20.3344;20.4675;20.6006;20.7337;20.8669;21","15;15.0123;15.0246;15.037;15.0493;15.0616;15.0739;15.0863;15.0986;15.1109;15.1232;15.1355;15.1479;15.1602;15.1725;15.1848;15.2074;15.2403;15.2834;15.3367;15.4003;15.464;15.5276;15.5912;15.6548;15.7185;15.7821;15.8457;15.9093;15.973;16.0366;16.1002;16.1638;16.1941;16.1911;16.1548;16.0851;15.9822;15.8792;15.7762;15.6732;15.5703;15.4673;15.3643;15.2613;15.1583;15.0554;14.9524;14.8494;14.7464;14.6435;14.5627;14.5041;14.4677;14.4535;14.4615;14.4695;14.4774;14.4854;14.4934;14.5014;14.5094;14.5174;14.5254;14.5334;14.5413;14.5493;14.5573;14.5629;14.5662;14.5671;14.5656;14.5618;14.5579;14.5541;14.5502;14.5464;14.5425;14.5387;14.5348;14.531;14.5272;14.5233;14.5195;14.5156;14.5118;14.5261;14.5587;14.6095;14.6785;14.7657;14.8529;14.9401;15.0273;15.1145;15.2017;15.2889;15.3761;15.4633;15.5505;15.6377;15.7249;15.8121;15.8749;15.9135;15.9277;15.9175;15.8831;15.8486;15.8141;15.7796;15.7452;15.7107;15.6762;15.6418;15.6073;15.5728;15.5384;15.5039;15.4694;15.4349;15.4141;15.4069;15.4133;15.4333;15.467;15.5006;15.5343;15.5679;15.6016;15.6353;15.6689;15.7026;15.7362;15.7699;15.8035;15.8372;15.8709;15.8833;15.8745;15.8444;15.7931;15.7206;15.6481;15.5756;15.5031;15.4306;15.3581;15.2856;15.213;15.1405;15.068;14.9955;14.923;14.8505;14.778;14.7217;14.6817;14.658;14.6505;14.6593;14.668;14.6768;14.6856;14.6944;14.7031;14.7119;14.7207;14.7295;14.7382;14.747;14.7558;14.7646;14.7746;14.7859;14.7985;14.8124;14.8275;14.8426;14.8578;14.8729;14.888;14.9031;14.9183;14.9334;14.9485;14.9637;14.9788;14.9939;15.0091;15.0242;15.0347;15.0407;15.0421;15.0389;15.0311;15.0233;15.0156;15.0078;15",0.0340445,"0.0333333;0;0.966667"
