Length, Risk, TravelTime, Paths.x, Paths.y, Cost, Weight
0.634795,0.942761,0.223885,"1;1.12683;1.25365;1.38048;1.50731;1.63414;1.76096;1.88779;2.01462;2.14145;2.26827;2.3951;2.52193;2.64875;2.77687;2.90627;3.03695;3.16892;3.30218;3.43543;3.56869;3.70194;3.8352;3.96846;4.10171;4.23497;4.36822;4.50148;4.63474;4.76535;4.89333;5.01866;5.14136;5.26141;5.38147;5.50152;5.62157;5.74163;5.86168;5.98174;6.10179;6.22185;6.3419;6.46196;6.56657;6.65574;6.72948;6.78777;6.83062;6.87347;6.91632;6.95918;7.00203;7.04488;7.08773;7.13058;7.17343;7.21629;7.25914;7.31553;7.38547;7.46896;7.56598;7.67655;7.78713;7.8977;8.00827;8.11884;8.22941;8.33998;8.45055;8.56112;8.6717;8.78227;8.89716;9.01637;9.1399;9.26776;9.39993;9.5321;9.66428;9.79645;9.92863;10.0608;10.193;10.3251;10.4573;10.5895;10.7217;10.8494;10.9727;11.0916;11.2061;11.3161;11.4262;11.5362;11.6463;11.7563;11.8664;11.9764;12.0865;12.1965;12.3065;12.4166;12.5219;12.6224;12.7182;12.8092;12.8954;12.9817;13.0679;13.1541;13.2404;13.3266;13.4129;13.4991;13.5854;13.6716;13.7579;13.8444;13.9312;14.0184;14.1058;14.1936;14.2813;14.3691;14.4568;14.5445;14.6323;14.72;14.8078;14.8955;14.9832;15.071;15.1605;15.2517;15.3447;15.4394;15.5359;15.6323;15.7288;15.8253;15.9217;16.0182;16.1147;16.2111;16.3076;16.404;16.5005;16.597;16.6934;16.7899;16.8864;16.9828;17.0793;17.1758;17.2722;17.3687;17.4652;17.5616;17.6581;17.7546;17.851;17.9475;18.0469;18.1493;18.2547;18.3631;18.4744;18.5857;18.697;18.8084;18.9197;19.031;19.1423;19.2536;19.365;19.4763;19.5876;19.6983;19.8082;19.9175;20.0262;20.1341;20.2421;20.35;20.458;20.5659;20.6739;20.7818;20.8898;20.9977;21.1057;21.2136;21.2785;21.3003;21.2791;21.2148;21.1074;21","15;14.9589;14.9177;14.8766;14.8354;14.7943;14.7532;14.712;14.6709;14.6297;14.5886;14.5474;14.5063;14.4652;14.4332;14.4103;14.3966;14.392;14.3965;14.4011;14.4056;14.4101;14.4147;14.4192;14.4238;14.4283;14.4329;14.4374;14.4419;14.434;14.4135;14.3805;14.335;14.277;14.219;14.161;14.103;14.045;13.987;13.929;13.871;13.813;13.755;13.697;13.6758;13.6915;13.7441;13.8335;13.9597;14.086;14.2122;14.3385;14.4648;14.591;14.7173;14.8435;14.9698;15.0961;15.2223;15.3382;15.4438;15.539;15.6239;15.6984;15.7729;15.8474;15.9219;15.9964;16.0709;16.1454;16.2199;16.2945;16.369;16.4435;16.4996;16.5373;16.5565;16.5574;16.5399;16.5223;16.5048;16.4872;16.4697;16.4521;16.4346;16.417;16.3995;16.382;16.3644;16.3654;16.385;16.4232;16.4799;16.5552;16.6305;16.7057;16.781;16.8563;16.9316;17.0069;17.0822;17.1575;17.2328;17.308;17.3886;17.4745;17.5656;17.662;17.7637;17.8654;17.967;18.0687;18.1704;18.2721;18.3738;18.4755;18.5771;18.6788;18.7805;18.8819;18.9831;19.084;19.1847;19.2851;19.3855;19.4859;19.5863;19.6866;19.787;19.8874;19.9878;20.0882;20.1886;20.289;20.3509;20.3744;20.3593;20.3057;20.2137;20.1216;20.0296;19.9375;19.8455;19.7535;19.6614;19.5694;19.4773;19.3853;19.2932;19.2012;19.1092;19.0171;18.9251;18.833;18.741;18.6489;18.5569;18.4648;18.3728;18.2808;18.1887;18.0967;18.0046;17.9126;17.8243;17.7397;17.6588;17.5817;17.5083;17.4349;17.3616;17.2882;17.2148;17.1414;17.068;16.9946;16.9213;16.8479;16.7745;16.7001;16.6248;16.5485;16.4712;16.3929;16.3147;16.2364;16.1582;16.0799;16.0017;15.9234;15.8452;15.7669;15.6887;15.6104;15.5251;15.4328;15.3334;15.2269;15.1135;15",0.0992155,"0;0;1"
0.988237,0.0996688,0.751385,"1;1.14797;1.29594;1.44391;1.59188;1.73985;1.88782;2.0358;2.18377;2.30987;2.4141;2.49646;2.55695;2.59557;2.63419;2.67282;2.71144;2.75006;2.78868;2.84807;2.92823;3.02916;3.15086;3.29333;3.43579;3.57826;3.72073;3.86319;4.00566;4.15503;4.31129;4.47445;4.64452;4.82148;4.99844;5.1754;5.35236;5.52932;5.705;5.87941;6.05253;6.22438;6.39494;6.56551;6.73608;6.90664;7.07721;7.24778;7.42572;7.61104;7.80374;8.00382;8.21127;8.41873;8.62618;8.83363;9.04109;9.24171;9.4355;9.62245;9.80256;9.97585;10.1491;10.3224;10.4957;10.669;10.8423;11.0218;11.2077;11.4;11.5985;11.8033;12.0081;12.2129;12.4178;12.6226;12.8262;13.0286;13.2298;13.4298;13.6286;13.8274;14.0262;14.225;14.4238;14.6226;14.8255;15.0327;15.2442;15.4598;15.6796;15.8994;16.1192;16.339;16.5588;16.7441;16.8948;17.011;17.0926;17.1397;17.1868;17.2339;17.281;17.3281;17.3752;17.4567;17.5727;17.7231;17.908;18.1274;18.3467;18.566;18.7854;19.0047;19.2134;19.4114;19.5987;19.7754;19.9414;20.1074;20.2734;20.4394;20.6054;20.7714;20.9437;21.1224;21.3074;21.4987;21.6963;21.8939;22.0916;22.2892;22.4868;22.6546;22.7924;22.9004;22.9785;23.0267;23.0748;23.123;23.1712;23.2194;23.2676;23.3094;23.3447;23.3735;23.396;23.4119;23.4279;23.4439;23.4418;23.4216;23.3832;23.3268;23.2522;23.1777;23.1031;23.0286;22.954;22.8972;22.8583;22.8371;22.8337;22.8481;22.8625;22.8444;22.7938;22.7106;22.595;22.4468;22.2987;22.1505;22.0024;21.8591;21.7268;21.6056;21.4954;21.3963;21.3034;21.2104;21.1175;21.0246;20.9316;20.8815;20.8741;20.9094;20.9876;21.1085;21.2294;21.3503;21.4712;21.5476;21.5794;21.5666;21.5093;21.4075;21.3056;21.2037;21.1019;21","15;15.1346;15.2691;15.4037;15.5382;15.6728;15.8073;15.9419;16.0764;16.2233;16.3825;16.5541;16.738;16.9342;17.1305;17.3267;17.5229;17.7192;17.9154;18.1005;18.2744;18.4371;18.5886;18.729;18.8694;19.0097;19.1501;19.2905;19.4308;19.57;19.708;19.8448;19.9804;20.1148;20.2492;20.3836;20.5181;20.6525;20.7809;20.9033;21.0197;21.1302;21.2346;21.3391;21.4435;21.5479;21.6524;21.7568;21.8563;21.9508;22.0404;22.125;22.2047;22.2843;22.364;22.4436;22.5233;22.607;22.6947;22.7865;22.8823;22.9822;23.0821;23.1819;23.2818;23.3817;23.4815;23.5787;23.6731;23.7647;23.8537;23.9399;24.0261;24.1123;24.1985;24.2847;24.358;24.4185;24.4662;24.501;24.5229;24.5449;24.5669;24.5888;24.6108;24.6327;24.6568;24.6831;24.7114;24.7419;24.7745;24.8071;24.8398;24.8724;24.905;24.97;25.0673;25.197;25.359;25.5534;25.7477;25.9421;26.1365;26.3309;26.5253;26.6879;26.8188;26.9179;26.9853;27.021;27.0566;27.0923;27.128;27.1636;27.1698;27.1466;27.094;27.0118;26.9003;26.7887;26.6772;26.5656;26.4541;26.3425;26.233;26.1254;26.0198;25.9162;25.8146;25.713;25.6114;25.5098;25.4082;25.288;25.1494;24.9923;24.8167;24.6226;24.4285;24.2344;24.0403;23.8462;23.6521;23.4553;23.2558;23.0536;22.8488;22.6412;22.4337;22.2261;22.0182;21.81;21.6013;21.3923;21.183;20.9737;20.7643;20.555;20.3456;20.1364;19.9271;19.718;19.5089;19.2999;19.0909;18.952;18.8832;18.8845;18.956;19.0976;19.2392;19.3808;19.5223;19.6131;19.6365;19.5925;19.4811;19.3023;19.1068;18.9114;18.7159;18.5205;18.325;18.1357;17.9525;17.7754;17.6045;17.4397;17.2748;17.11;16.9452;16.7672;16.576;16.3716;16.154;15.9232;15.6924;15.4616;15.2308;15",0.616269,"0;0.0166667;0.983333"
0.82973,0.421671,0.39042,"1;0.987699;0.975398;0.990061;1.03169;1.10028;1.19584;1.31836;1.44088;1.5634;1.68592;1.82045;1.96699;2.12554;2.2961;2.47946;2.66361;2.84856;3.03429;3.22082;3.40735;3.59387;3.7804;3.96692;4.14921;4.32725;4.50106;4.67063;4.83595;5.00128;5.16079;5.3145;5.46239;5.60448;5.74076;5.87703;6.01331;6.11934;6.19512;6.24066;6.25595;6.24099;6.22603;6.21108;6.19612;6.18392;6.17448;6.16779;6.16386;6.16269;6.16152;6.16035;6.15918;6.15801;6.15684;6.15567;6.15695;6.16067;6.16684;6.17545;6.18651;6.19757;6.20862;6.21968;6.23074;6.2418;6.25286;6.28235;6.33028;6.39663;6.48142;6.58465;6.68787;6.79109;6.89432;6.99754;7.10076;7.21908;7.3525;7.50101;7.66462;7.84332;8.02202;8.20073;8.37943;8.55814;8.73684;8.91555;9.09428;9.27303;9.4518;9.6306;9.80943;9.98825;10.1671;10.3459;10.5247;10.7036;10.882;11.0601;11.2378;11.4152;11.5922;11.7692;11.9462;12.1232;12.3002;12.4663;12.6214;12.7656;12.8988;13.0211;13.1435;13.2658;13.3881;13.5104;13.6327;13.7402;13.8327;13.9105;13.9733;14.0213;14.0693;14.1173;14.1652;14.2345;14.3251;14.437;14.5732;14.7338;14.8974;15.0641;15.2339;15.4037;15.5735;15.7433;15.9131;16.0829;16.2297;16.3536;16.4545;16.5324;16.5692;16.5876;16.5879;16.5698;16.5336;16.4973;16.461;16.4247;16.3884;16.3521;16.3159;16.3231;16.374;16.4684;16.6064;16.7879;16.9694;17.151;17.3325;17.5141;17.6956;17.8771;18.0523;18.2209;18.3832;18.539;18.6883;18.8377;18.9871;19.1365;19.2858;19.4352;19.5846;19.6953;19.7674;19.8009;19.7957;19.7518;19.708;19.6642;19.6203;19.6038;19.6147;19.653;19.7186;19.8116;19.9045;19.9975;20.0905;20.1834;20.2764;20.3723;20.4711;20.5728;20.6774;20.7849;20.8925;21","15;15.198;15.396;15.5796;15.7487;15.9034;16.0436;16.1693;16.2951;16.4208;16.5466;16.6577;16.754;16.8357;16.9027;16.9395;16.9608;16.9667;16.957;16.9319;16.9068;16.8817;16.8566;16.8315;16.7917;16.7372;16.6679;16.5839;16.4853;16.3866;16.3339;16.3272;16.3665;16.4519;16.5832;16.7145;16.8458;16.9865;17.1365;17.2958;17.4645;17.6425;17.8205;17.9986;18.1766;18.3554;18.5349;18.7152;18.8963;19.0781;19.2599;19.4417;19.6235;19.8053;19.9871;20.169;20.3507;20.5324;20.714;20.8955;21.077;21.2585;21.44;21.6215;21.803;21.9844;22.1659;22.2807;22.3288;22.3102;22.2248;22.0728;21.9208;21.7688;21.6167;21.4647;21.3127;21.1978;21.12;21.0793;21.0756;21.1092;21.1427;21.1762;21.2097;21.2432;21.2767;21.3102;21.3334;21.3462;21.3488;21.341;21.3229;21.3048;21.2867;21.2686;21.2505;21.2325;21.2272;21.2348;21.2551;21.2884;21.3344;21.3805;21.4265;21.4726;21.5186;21.5322;21.5134;21.4621;21.3784;21.2622;21.146;21.0298;20.9136;20.7974;20.6812;20.5557;20.4208;20.2766;20.1231;19.9602;19.7973;19.6344;19.4715;19.3369;19.2305;19.1525;19.0941;19.0552;19.0077;18.9515;18.8866;18.8217;18.7568;18.692;18.6271;18.5622;18.4749;18.3651;18.233;18.0784;17.9724;17.9374;17.9734;18.0804;18.2584;18.4365;18.6145;18.7925;18.9705;19.1486;19.3266;19.467;19.5698;19.635;19.6626;19.6525;19.6425;19.6324;19.6224;19.6124;19.6023;19.5923;19.5676;19.5283;19.4744;19.4059;19.3228;19.2396;19.1565;19.0734;18.9902;18.9071;18.824;18.7241;18.6076;18.4744;18.3246;18.158;17.9914;17.8248;17.6583;17.4972;17.3417;17.1916;17.0471;16.908;16.769;16.6299;16.4909;16.3518;16.2128;16.0642;15.906;15.7382;15.5608;15.3739;15.1869;15",0.256891,"0;0.0333333;0.966667"
0.900428,0.235817,0.576184,"1;1.1868;1.3736;1.56039;1.74719;1.93399;2.12079;2.30758;2.49438;2.66955;2.83309;2.98501;3.12529;3.25395;3.38261;3.51127;3.63993;3.76859;3.89724;4.03949;4.19534;4.36477;4.54779;4.74441;4.94102;5.13764;5.2869;5.38881;5.44336;5.45056;5.4104;5.37024;5.33009;5.28993;5.24977;5.20962;5.19188;5.19658;5.22369;5.27323;5.34519;5.41716;5.48912;5.56108;5.63305;5.70501;5.79518;5.90356;6.03015;6.17496;6.33797;6.50098;6.66399;6.827;6.99001;7.15302;7.30932;7.45892;7.60181;7.738;7.86748;7.99695;8.12643;8.25591;8.38539;8.51487;8.64435;8.74824;8.82655;8.87928;8.90643;8.90799;8.90955;8.91111;8.91267;8.91423;8.91579;8.92312;8.93623;8.9551;8.97975;9.01017;9.0406;9.07102;9.10144;9.13186;9.16228;9.1927;9.25612;9.35253;9.48193;9.64433;9.83973;10.0351;10.2305;10.4259;10.6213;10.8167;11.0083;11.1961;11.3802;11.5604;11.7369;11.9133;12.0898;12.2663;12.4427;12.6192;12.7957;12.9506;13.084;13.1958;13.2861;13.3549;13.4237;13.4925;13.5612;13.63;13.6988;13.7823;13.8805;13.9934;14.121;14.2634;14.4057;14.5481;14.6904;14.8328;14.9751;15.1174;15.2518;15.3783;15.4968;15.6074;15.7101;15.8127;15.9154;16.018;16.1206;16.2233;16.2882;16.3153;16.3047;16.2563;16.1702;16.0841;15.998;15.9119;15.8258;15.7397;15.6535;15.6224;15.6463;15.7252;15.8591;16.0479;16.2368;16.4257;16.6146;16.774;16.9041;17.0047;17.0759;17.1177;17.1595;17.2013;17.2713;17.3695;17.4959;17.6506;17.8335;18.0164;18.1993;18.3822;18.5614;18.7369;18.9087;19.0769;19.2413;19.4058;19.5702;19.7347;19.8991;20.064;20.2294;20.3952;20.5614;20.7281;20.8948;21.0615;21.185;21.2653;21.3024;21.2962;21.2468;21.1975;21.1481;21.0987;21.0494;21","15;14.9285;14.8571;14.7856;14.7142;14.6427;14.5712;14.4998;14.4283;14.4011;14.4182;14.4795;14.5851;14.7349;14.8848;15.0346;15.1844;15.3343;15.4841;15.6028;15.6904;15.7468;15.7721;15.7662;15.7604;15.7545;15.789;15.8638;15.979;16.1346;16.3305;16.5265;16.7224;16.9183;17.1142;17.3102;17.5042;17.6964;17.8868;18.0752;18.2618;18.4484;18.635;18.8217;19.0083;19.1949;19.3673;19.5256;19.6698;19.7998;19.9157;20.0316;20.1475;20.2633;20.3792;20.4951;20.6133;20.7339;20.8568;20.9821;21.1098;21.2374;21.3651;21.4927;21.6204;21.748;21.8756;22.0178;22.1743;22.3454;22.5309;22.7309;22.9309;23.1309;23.3309;23.5309;23.7309;23.9267;24.1184;24.306;24.4894;24.6686;24.8479;25.0272;25.2064;25.3857;25.5649;25.7442;25.8961;26.0207;26.118;26.188;26.2307;26.2734;26.316;26.3587;26.4014;26.4441;26.4694;26.4775;26.4683;26.4418;26.398;26.3542;26.3104;26.2666;26.2228;26.179;26.1352;26.0626;25.9612;25.831;25.672;25.4842;25.2964;25.1086;24.9208;24.733;24.5452;24.3723;24.2144;24.0714;23.9433;23.8302;23.7171;23.604;23.4908;23.3777;23.2646;23.1515;23.0267;22.8901;22.7419;22.5819;22.4103;22.2386;22.067;21.8953;21.7237;21.552;21.3827;21.2156;21.0509;20.8885;20.7283;20.5682;20.4081;20.2479;20.0878;19.9277;19.7675;19.6525;19.5826;19.5578;19.5781;19.6435;19.7089;19.7742;19.8396;19.8552;19.821;19.737;19.6032;19.4195;19.2359;19.0523;18.892;18.7549;18.6412;18.5508;18.4837;18.4165;18.3494;18.2823;18.2137;18.1437;18.0723;17.9995;17.9252;17.8509;17.7767;17.7024;17.6281;17.5448;17.4525;17.3511;17.2406;17.1211;17.0016;16.8821;16.7454;16.5915;16.4205;16.2323;16.0269;15.8215;15.6161;15.4108;15.2054;15",0.428938,"0;0.05;0.95"
0.885989,0.248359,0.480216,"1;1.2;1.4;1.6;1.8;2;2.2;2.4;2.6;2.79966;2.99897;3.19793;3.39655;3.59483;3.79311;3.99138;4.18966;4.38793;4.58621;4.7627;4.91739;5.0503;5.16342;5.25675;5.35209;5.44942;5.54876;5.6481;5.74744;5.79506;5.79095;5.73511;5.62755;5.46827;5.30898;5.1497;4.99041;4.83113;4.73583;4.70451;4.73718;4.83384;4.99448;5.15512;5.31576;5.4764;5.63703;5.74618;5.80382;5.80997;5.76461;5.66776;5.57091;5.47406;5.37721;5.28036;5.18351;5.14327;5.15964;5.23263;5.36222;5.54843;5.73464;5.92084;6.10705;6.29326;6.46707;6.62848;6.77751;6.91413;7.03836;7.16259;7.28683;7.41106;7.54144;7.67797;7.82064;7.96947;8.12444;8.28084;8.43866;8.59791;8.75858;8.92068;9.08278;9.24488;9.40698;9.56675;9.72418;9.87928;10.032;10.1825;10.3329;10.4833;10.6338;10.7842;10.9346;11.0906;11.252;11.419;11.5914;11.7694;11.9474;12.1254;12.3034;12.4606;12.5971;12.7128;12.8078;12.882;12.9563;13.0513;13.1672;13.3038;13.4613;13.6396;13.8179;13.9962;14.1745;14.3528;14.5311;14.7095;14.8881;15.0669;15.2458;15.4249;15.6039;15.7153;15.7589;15.7487;15.6846;15.5667;15.4626;15.3725;15.2823;15.1921;15.1556;15.1729;15.2439;15.3687;15.5471;15.7256;15.904;16.0825;16.261;16.4591;16.6479;16.8276;16.998;17.1591;17.2914;17.4238;17.5561;17.6884;17.8207;17.953;18.0853;18.2258;18.3746;18.5316;18.6969;18.8704;19.0439;19.2174;19.3909;19.5644;19.7379;19.9018;20.0562;20.201;20.3362;20.4619;20.5875;20.7132;20.8388;20.9645;21.0901;21.2158;21.3116;21.3777;21.414;21.4205;21.3972;21.3739;21.3506;21.3273;21.304;21.2807;21.2568;21.2325;21.2076;21.1823;21.1564;21.1305;21.1046;21.0787;21.0528;21.0319;21.001;21","15;15;15;15;15;15;15;15;15;15.0052;15.0157;15.0314;15.0524;15.0786;15.1048;15.131;15.1572;15.1834;15.2096;15.2642;15.3471;15.4584;15.6001;15.7722;15.9465;16.1228;16.3012;16.4796;16.6579;16.8229;16.9745;17.1127;17.2375;17.3489;17.4602;17.5716;17.683;17.7944;17.9057;18.0168;18.1279;18.2388;18.3497;18.4605;18.5713;18.6822;18.793;18.9167;19.0532;19.2025;19.3646;19.5396;19.7146;19.8896;20.0646;20.2396;20.4146;20.5649;20.6905;20.7914;20.8677;20.9192;20.9708;21.0224;21.0739;21.1255;21.1942;21.28;21.3829;21.5029;21.64;21.7771;21.9143;22.0514;22.1882;22.3247;22.461;22.5969;22.7326;22.8639;22.9909;23.1135;23.2318;23.3458;23.4598;23.5738;23.6877;23.7565;23.78;23.7583;23.6913;23.5791;23.4669;23.3547;23.2426;23.1304;23.0182;22.9434;22.9061;22.9062;22.9437;23.0186;23.0936;23.1685;23.2434;23.2708;23.2506;23.1829;23.0676;22.9047;22.7418;22.5985;22.4747;22.3706;22.2859;22.2209;22.1558;22.0908;22.0257;21.9607;21.8956;21.857;21.8449;21.8592;21.9;21.9673;22.0346;22.0569;22.0342;21.9628;21.8426;21.6736;21.5008;21.3242;21.1476;20.971;20.8183;20.6894;20.5844;20.5032;20.4459;20.3885;20.3312;20.2739;20.2166;20.1603;20.1404;20.157;20.2099;20.2993;20.424;20.5487;20.6734;20.7981;20.9229;21.0476;21.1723;21.2522;21.2872;21.2774;21.2228;21.1233;21.0238;20.9243;20.8249;20.7254;20.6259;20.52;20.4078;20.2891;20.1641;20.0327;19.9013;19.7699;19.6385;19.5071;19.3756;19.2442;19.0994;18.9411;18.7693;18.5841;18.3855;18.1868;17.9882;17.7896;17.5909;17.3923;17.1892;16.9818;16.7699;16.5536;16.3329;16.1122;15.8915;15.6708;15.4501;15.2718;15.0086;15",0.331843,"0;0.0666667;0.933333"
1.18484,0.154058,0.24223,"1;1.06168;1.12335;1.18503;1.2467;1.30838;1.39354;1.50219;1.63433;1.78995;1.96907;2.14818;2.32729;2.52724;2.74804;2.98967;3.16059;3.26078;3.26941;3.18647;3.06139;2.98573;2.95949;2.98267;3.05527;3.12787;3.23636;3.38075;3.56102;3.77719;4.02925;4.2813;4.48825;4.65009;4.76682;4.83845;4.86496;4.89148;4.91799;4.98088;5.08014;5.21577;5.38778;5.54063;5.63796;5.67976;5.66603;5.66516;5.73266;5.86855;6.07281;6.34545;6.59982;6.83593;7.05377;7.25334;7.38944;7.48034;7.57432;7.67138;7.77154;7.91998;8.11673;8.31347;8.51021;8.69759;8.87562;9.0443;9.20362;9.35359;9.50355;9.67494;9.86776;10.082;10.3177;10.5515;10.7621;10.9495;11.1135;11.2742;11.4548;11.6553;11.8756;12.1158;12.356;12.5963;12.8025;12.9747;13.1129;13.2171;13.2873;13.3574;13.4276;13.5426;13.7025;13.9071;14.1566;14.4509;14.7452;15.0507;15.3472;15.6348;15.9134;16.183;16.4326;16.6821;16.8996;17.0852;17.2387;17.3603;17.4499;17.5395;17.6161;17.6798;17.7305;17.7627;17.7763;17.7845;17.7871;17.7841;17.7811;17.7781;17.7841;17.7989;17.8227;17.8553;17.8969;17.9811;18.1079;18.2774;18.4895;18.7442;18.9989;19.2536;19.4953;19.7241;19.9398;20.1426;20.3324;20.5222;20.7119;20.8909;21.059;21.2162;21.3626;21.5151;21.6844;21.8706;22.0265;22.1518;22.23;22.2608;22.2443;22.2741;22.3501;22.4723;22.6393;22.8509;23.061;23.2696;23.4766;23.6836;23.8828;24.074;24.2574;24.4328;24.6004;24.781;24.9745;25.1809;25.3425;25.4591;25.5178;25.5187;25.4617;25.4047;25.2975;25.14;24.9651;24.7729;24.5354;24.3029;24.0754;23.8199;23.6276;23.5263;23.4387;23.3647;23.3043;23.1665;22.9512;22.7518;22.5684;22.4009;22.2493;22.1136;21.9209;21.671;21.4212;21","15;14.721;14.442;14.1631;13.8841;13.6051;13.3397;13.0878;12.8496;12.6248;12.4137;12.2025;11.9914;11.8175;11.6811;11.582;11.4793;11.373;11.2258;11.0376;10.802;10.5601;10.3116;10.0568;9.79557;9.53431;9.35509;9.25788;9.2427;9.30955;9.45842;9.60729;9.67207;9.65277;9.54938;9.36191;9.09035;8.8188;8.54724;8.37607;8.3053;8.33492;8.46493;8.59383;8.62122;8.54711;8.37149;8.16204;8.02026;7.94614;7.93969;8.00091;8.0152;7.98254;7.90295;7.77642;7.68284;7.66912;7.64937;7.62357;7.59174;7.47399;7.27032;7.06666;6.86299;6.65165;6.43262;6.20592;5.97153;5.72947;5.4874;5.30648;5.18669;5.12805;5.13054;5.22928;5.3631;5.53203;5.73606;5.89642;5.97802;5.98087;5.90495;5.75027;5.5956;5.44092;5.26179;5.0582;4.83015;4.57765;4.30068;4.02372;3.74676;3.53401;3.38547;3.30114;3.28102;3.32512;3.36921;3.36759;3.38308;3.41568;3.46538;3.53219;3.66182;3.79146;3.954;4.14946;4.37783;4.63911;4.93331;5.22751;5.51597;5.79869;6.07568;6.35097;6.62456;6.90218;7.18384;7.46954;7.75524;8.04094;8.21713;8.28381;8.24097;8.08863;7.82677;7.59379;7.38969;7.21446;7.06811;6.95063;6.83315;6.71567;6.66363;6.67702;6.75585;6.9001;7.1098;7.31949;7.52918;7.74741;7.97419;8.20951;8.45337;8.67453;8.86445;9.02313;9.19254;9.3727;9.59483;9.85895;10.165;10.4419;10.6894;10.9077;11.1049;11.281;11.4655;11.6581;11.859;12.0599;12.2684;12.4846;12.7084;12.9397;13.1788;13.3874;13.5656;13.7134;13.867;14.0264;14.2219;14.4536;14.7215;14.9893;15.2414;15.4779;15.6284;15.693;15.6926;15.643;15.5442;15.4663;15.3874;15.2863;15.2478;15.272;15.3588;15.5303;15.7866;15.9408;15.993;15.943;15.791;15.5369;15.3307;15.1725;15.0143;15",0.107763,"0;0.0833333;0.916667"
0.815994,0.289026,0.439991,"1;1.03038;1.06077;1.09115;1.12154;1.15192;1.18231;1.21269;1.24308;1.27346;1.32536;1.39878;1.49371;1.61015;1.7481;1.88606;2.02402;2.16198;2.29993;2.43789;2.57585;2.68506;2.76553;2.81725;2.84023;2.83446;2.82869;2.82292;2.81716;2.81139;2.80562;2.79985;2.82383;2.87756;2.96103;3.07426;3.21722;3.36019;3.50316;3.64613;3.78909;3.93206;4.07503;4.20722;4.32862;4.43925;4.5391;4.62817;4.71724;4.80631;4.89538;4.98445;5.07352;5.16259;5.26874;5.39197;5.53228;5.68966;5.86413;6.03859;6.21306;6.38752;6.56228;6.73735;6.91271;7.08838;7.26434;7.44031;7.61627;7.79224;7.955;8.10456;8.24092;8.36408;8.47403;8.58399;8.69395;8.8039;8.87581;8.90965;8.90544;8.86318;8.78285;8.70253;8.67271;8.69338;8.76455;8.88621;9.05837;9.23053;9.4027;9.57486;9.74702;9.90095;10.0366;10.1541;10.2533;10.3343;10.4153;10.4963;10.5774;10.6584;10.7394;10.8204;10.9014;10.9959;11.1038;11.2253;11.3603;11.5087;11.6572;11.8057;11.9541;12.1026;12.231;12.3394;12.4277;12.4959;12.5442;12.5924;12.6406;12.6888;12.7371;12.7997;12.8769;12.9685;13.0745;13.195;13.3155;13.436;13.5565;13.677;13.7725;13.8431;13.8887;13.9094;13.94;14.0056;14.106;14.2414;14.4117;14.582;14.7522;14.9225;15.0786;15.2205;15.3482;15.4618;15.5611;15.6604;15.7597;15.859;15.9584;16.0577;16.157;16.2717;16.4018;16.5472;16.708;16.8842;17.0604;17.2366;17.4129;17.5891;17.7653;17.9415;18.0996;18.2398;18.362;18.4661;18.5523;18.6384;18.7246;18.8107;18.8969;18.983;19.0691;19.1553;19.2342;19.306;19.3707;19.4281;19.4784;19.5287;19.5789;19.6292;19.6795;19.7298;19.78;19.8451;19.9251;20.0198;20.1294;20.2537;20.3781;20.5025;20.6269;20.7512;20.8756;21","15;15.1793;15.3585;15.5378;15.717;15.8963;16.0756;16.2548;16.4341;16.6134;16.7804;16.9354;17.0781;17.2087;17.3272;17.4456;17.564;17.6825;17.8009;17.9193;18.0377;18.1688;18.3126;18.469;18.6381;18.8198;19.0015;19.1832;19.365;19.5467;19.7284;19.9101;20.078;20.232;20.3721;20.4983;20.6106;20.7229;20.8353;20.9476;21.0599;21.1722;21.2846;21.4061;21.5369;21.677;21.8263;21.9848;22.1433;22.3018;22.4603;22.6188;22.7773;22.9358;23.0556;23.1367;23.1791;23.1829;23.1479;23.1129;23.0779;23.043;23.0225;23.0165;23.025;23.0481;23.0856;23.1231;23.1606;23.1981;23.2008;23.1687;23.1018;23.0001;22.8635;22.727;22.5905;22.454;22.3158;22.176;22.0346;21.8916;21.747;21.6024;21.4963;21.4289;21.4002;21.41;21.4585;21.5069;21.5554;21.6039;21.6523;21.7202;21.8076;21.9144;22.0406;22.1862;22.3319;22.4776;22.6232;22.7689;22.9145;23.0602;23.2059;23.3078;23.366;23.3806;23.3514;23.2785;23.2056;23.1327;23.0598;22.9869;22.894;22.781;22.6479;22.4948;22.3217;22.1485;21.9754;21.8022;21.6291;21.4668;21.3154;21.1748;21.0451;20.9262;20.8073;20.6885;20.5696;20.4507;20.3245;20.1911;20.0503;19.9022;19.7759;19.6784;19.61;19.5705;19.56;19.5495;19.539;19.5285;19.4896;19.4224;19.3268;19.2029;19.0506;18.8983;18.746;18.5937;18.4414;18.2891;18.1368;18.006;17.8967;17.8089;17.7426;17.6977;17.6529;17.6081;17.5632;17.5184;17.4735;17.4287;17.3643;17.2803;17.1768;17.0537;16.911;16.7683;16.6256;16.483;16.3403;16.1976;16.0549;15.9122;15.7631;15.6076;15.4457;15.2774;15.1027;14.928;14.7532;14.5785;14.4038;14.229;14.0543;13.9433;13.896;13.9125;13.9927;14.1366;14.2805;14.4244;14.5683;14.7122;14.8561;15",0.283789,"0;0.1;0.9"
0.973915,0.214262,0.196026,"1;1.09564;1.19127;1.28691;1.38255;1.47819;1.57382;1.66946;1.76772;1.86862;1.97214;2.07828;2.18706;2.29584;2.40461;2.51339;2.62216;2.71502;2.79196;2.85298;2.89808;2.92727;2.95645;2.98564;3.01482;3.04401;3.10299;3.19176;3.31033;3.4587;3.63686;3.81502;3.99319;4.17135;4.34951;4.49483;4.60731;4.68695;4.73374;4.74769;4.76165;4.7756;4.78955;4.8035;4.85451;4.94259;5.06772;5.22991;5.42917;5.62842;5.82767;6.02693;6.22618;6.41534;6.5944;6.76335;6.92222;7.07098;7.21974;7.36851;7.51727;7.66603;7.82913;8.00658;8.19836;8.40448;8.62494;8.8454;9.06586;9.28632;9.50677;9.70701;9.88703;10.0468;10.1864;10.3058;10.4251;10.5445;10.6639;10.7832;10.9056;11.0311;11.1597;11.2914;11.4261;11.5608;11.7053;11.8597;12.0238;12.1978;12.3816;12.5654;12.7492;12.9231;13.0872;13.2415;13.386;13.5206;13.6552;13.8013;13.959;14.1281;14.3087;14.5008;14.6501;14.7566;14.8203;14.8619;14.8814;14.9216;14.9872;15.0783;15.1742;15.2749;15.3803;15.4858;15.5912;15.6967;15.8021;15.8993;15.9882;16.0689;16.1413;16.2054;16.2695;16.3337;16.3978;16.4373;16.452;16.4421;16.4075;16.3483;16.289;16.2297;16.1705;16.1523;16.1754;16.2396;16.3449;16.4914;16.6184;16.7261;16.816;16.8884;16.943;16.9995;17.0577;17.0958;17.1138;17.1116;17.0894;17.047;17.0046;16.9623;16.9199;16.8775;16.8599;16.8671;16.899;16.9557;17.0372;17.1186;17.2001;17.2816;17.3091;17.2828;17.2025;17.0684;16.8803;16.7486;16.6734;16.6546;16.6921;16.7861;16.8801;16.9741;17.0681;17.1621;17.2477;17.3249;17.3938;17.482;17.5896;17.7248;17.8878;18.0785;18.2692;18.4578;18.6443;18.8288;19.0113;19.1917;19.3721;19.5525;19.7328;19.9376;20.1667;20.4201;20.6979;21","15;14.7994;14.5988;14.3982;14.1976;13.9971;13.7965;13.5959;13.3966;13.1988;13.0023;12.8071;12.6134;12.4196;12.2258;12.032;11.8382;11.6392;11.4348;11.2251;11.0101;10.7898;10.5695;10.3492;10.1289;9.90859;9.70579;9.52048;9.35267;9.20236;9.06954;8.93672;8.8039;8.67109;8.53827;8.38766;8.21925;8.03305;7.82906;7.60728;7.3855;7.16371;6.94193;6.72014;6.52304;6.35061;6.20286;6.0798;5.98141;5.88302;5.78463;5.68624;5.58785;5.47612;5.35105;5.21264;5.0609;4.89582;4.73074;4.56565;4.40057;4.23549;4.09783;3.98761;3.90482;3.84945;3.82152;3.79359;3.76565;3.73772;3.70978;3.64995;3.55821;3.43457;3.27902;3.09158;2.90413;2.71668;2.52924;2.34179;2.22267;2.17188;2.18942;2.27529;2.42949;2.58368;2.72041;2.83966;2.94145;3.02577;3.09263;3.15948;3.22633;3.31577;3.42779;3.5624;3.71961;3.89939;4.07918;4.22114;4.32527;4.39158;4.42006;4.41072;4.35638;4.25706;4.11275;4.01196;3.95468;3.98591;4.10243;4.30425;4.50285;4.69825;4.89044;5.08263;5.27482;5.46701;5.6592;5.85187;6.04502;6.23866;6.43278;6.62738;6.82198;7.01658;7.21119;7.40584;7.60056;7.79534;7.99017;8.18506;8.37995;8.57484;8.76974;8.89773;8.95884;8.95305;8.88037;8.7408;8.584;8.40998;8.30618;8.27259;8.30923;8.43331;8.64483;8.85715;9.07026;9.28417;9.49887;9.71437;9.92987;10.1454;10.3609;10.5764;10.7861;10.9902;11.1885;11.381;11.5679;11.7547;11.9416;12.1284;12.3019;12.462;12.6088;12.7422;12.8623;12.9964;13.1446;13.3067;13.4829;13.6732;13.8634;14.0537;14.2439;14.4341;14.6278;14.825;15.0257;15.1928;15.3265;15.4233;15.4832;15.5061;15.529;15.5337;15.52;15.4881;15.4379;15.3694;15.3009;15.2325;15.164;15.1074;15.0627;15.0299;15.009;15",0.063031,"0;0.116667;0.883333"
1.70296,0.137769,2.10414,"1;1.38516;1.77033;2.15549;2.5428;2.93225;3.32384;3.71758;4.11346;4.45039;4.72838;4.94743;5.10752;5.20868;5.28199;5.32747;5.34512;5.33493;5.29691;5.25066;5.1962;5.13351;5.0626;4.98347;4.99123;5.08589;5.26743;5.53586;5.89119;6.13522;6.26795;6.28938;6.19952;5.99836;5.90189;5.9101;6.023;6.24058;6.56285;6.76714;6.85347;6.82182;6.67221;6.40462;6.15168;5.91338;5.68972;5.4807;5.28633;5.14072;5.04387;4.99579;4.99646;5.07016;5.1681;5.2903;5.43675;5.60595;5.77365;5.9769;6.21571;6.49007;6.8015;7.14037;7.46965;7.78932;8.09939;8.36597;8.59867;8.79748;9.01587;9.23424;9.48647;9.77255;10.0925;10.3928;10.668;10.9181;11.143;11.3428;11.4679;11.5435;11.5696;11.5462;11.4266;11.2602;11.0471;10.9098;10.8483;10.9094;11.0931;11.3808;11.6499;11.9005;12.1205;12.3101;12.4878;12.6536;12.8448;13.0731;13.3388;13.6417;13.9819;14.3302;14.6867;15.0514;15.4243;15.8053;16.1742;16.5309;16.8754;17.2078;17.528;17.8488;18.17;18.4917;18.814;19.1367;19.4742;19.8264;20.1934;20.5751;20.9716;21.3542;21.7231;22.0782;22.4195;22.747;23.0872;23.44;23.8056;24.1838;24.5747;24.9309;25.2522;25.5389;25.7907;26.0078;26.2002;26.3679;26.5109;26.6362;26.7438;26.8582;26.9796;27.1078;27.1746;27.1799;27.1236;27.0059;26.8222;26.6341;26.4415;26.2445;26.0431;25.9606;25.997;26.1522;26.399;26.7374;27.0484;27.3322;27.5887;27.7266;27.7459;27.6466;27.4287;27.0922;26.7608;26.4344;26.1132;25.797;25.5011;25.2204;24.9549;24.7046;24.5214;24.3901;24.3107;24.2831;24.3075;24.3398;24.38;24.3794;24.338;24.2558;24.1427;23.9988;23.7823;23.5386;23.2675;22.9513;22.59;22.2738;22.0026;21.6974;21.3581;21.1666;20.5774;21","15;14.8921;14.7841;14.6762;14.6013;14.5595;14.5507;14.5749;14.6322;14.7554;14.9445;15.1997;15.5207;15.9077;16.2969;16.6884;17.0821;17.4781;17.8763;18.2732;18.669;19.0635;19.4568;19.8489;20.1993;20.5081;20.7751;21.0005;21.1842;21.4003;21.6488;21.9297;22.2431;22.5888;22.8968;23.167;23.3994;23.5941;23.7509;23.925;24.1163;24.3247;24.5503;24.7932;25.0449;25.3056;25.5753;25.8539;26.1414;26.4461;26.7678;27.1067;27.4627;27.8196;28.1604;28.4851;28.7935;29.0868;29.3811;29.6381;29.858;30.0407;30.1853;30.2354;30.2289;30.1661;30.0467;29.966;29.9801;30.0893;30.1622;30.3231;30.477;30.6239;30.7638;31.028;31.1813;31.2239;31.1557;30.9766;30.6748;30.361;30.0351;29.6973;29.3841;29.1074;28.8673;28.6627;28.4936;28.3234;28.1521;27.9422;27.6949;27.4102;27.0926;26.7421;26.3963;26.0551;25.8279;25.7102;25.7018;25.8028;26.0133;26.206;26.381;26.5382;26.6776;26.7993;26.9446;27.1135;27.306;27.5221;27.7619;28.0009;28.2392;28.4769;28.7139;28.9502;29.1498;29.3128;29.4392;29.5288;29.5819;29.6702;29.7939;29.953;30.1473;30.377;30.5776;30.7494;30.8921;31.0058;31.0906;31.0912;31.0077;30.84;30.5882;30.2522;29.922;29.5976;29.279;28.9518;28.6161;28.2659;27.9014;27.5226;27.1432;26.7634;26.383;26.0022;25.6419;25.3024;24.9839;24.6862;24.4095;24.1533;23.9175;23.7021;23.4975;23.3036;23.1;22.8867;22.6637;22.461;22.2787;22.1166;21.975;21.8536;21.7226;21.582;21.4317;21.2718;21.0706;20.8378;20.5732;20.277;19.9424;19.601;19.253;18.8982;18.5367;18.1848;17.8426;17.5111;17.1902;16.88;16.5725;16.2677;15.981;15.7188;15.4809;15.2658;15.0735;14.8874;14.6886;14.5113;14.3557;14.4154;14.1094;15",1.71555,"0;0.133333;0.866667"
1.00621,0.291709,0.204115,"1;1.22211;1.44422;1.66633;1.88844;2.11055;2.33266;2.55477;2.77591;2.99607;3.21526;3.43348;3.65073;3.86798;4.08523;4.30247;4.51972;4.73931;4.96124;5.14922;5.30326;5.42334;5.50713;5.55463;5.60212;5.64503;5.68335;5.71709;5.74623;5.77078;5.79533;5.78308;5.73403;5.64817;5.52551;5.36605;5.27489;5.25204;5.29749;5.41124;5.5933;5.77536;5.95741;6.13947;6.32153;6.43488;6.47953;6.45547;6.36272;6.20125;6.03979;5.87833;5.71686;5.5554;5.46958;5.45941;5.52489;5.66602;5.8828;6.09957;6.31634;6.53312;6.74989;6.96999;7.1934;7.42014;7.61623;7.77995;7.90799;8.00035;8.05703;8.11199;8.16695;8.22192;8.27688;8.33184;8.40798;8.50531;8.62381;8.76349;8.92435;9.08521;9.24607;9.40693;9.56779;9.7248;9.87794;10.0272;10.1726;10.3142;10.4558;10.5973;10.7389;10.8805;11.0373;11.2096;11.3971;11.6;11.8181;12.0363;12.2545;12.4727;12.6908;12.9034;13.1105;13.3119;13.5078;13.698;13.8883;14.0843;14.2859;14.4933;14.7063;14.9251;15.1438;15.3625;15.5812;15.8;16.0126;16.2191;16.4195;16.6137;16.8019;16.9629;17.0968;17.2036;17.2833;17.3359;17.3885;17.4411;17.4937;17.5463;17.5696;17.5635;17.5282;17.4635;17.3694;17.2754;17.1814;17.1344;17.1344;17.1814;17.2754;17.4165;17.5575;17.6986;17.8396;17.9978;18.1732;18.3657;18.5353;18.682;18.7886;18.8552;18.8816;18.9373;19.0222;19.1363;19.2797;19.4523;19.625;19.7976;19.9702;20.136;20.295;20.4471;20.5924;20.6586;20.6525;20.5742;20.4236;20.2008;19.9779;19.7551;19.5943;19.4955;19.4587;19.4839;19.5711;19.6583;19.7456;19.8328;19.92;20.0312;20.1663;20.3254;20.5083;20.7152;20.9222;21.1291;21.336;21.5429;21.6766;21.7369;21.724;21.6378;21.4784;21.3189;21.1595;21","15;15.0071;15.0141;15.0212;15.0283;15.0353;15.0424;15.0495;15.0458;15.0313;15.0061;14.9701;14.9233;14.8766;14.8298;14.783;14.7363;14.6746;14.598;14.4886;14.3464;14.1714;13.9786;13.7678;13.557;13.3468;13.1371;12.9278;12.7191;12.5109;12.3026;12.1032;11.9127;11.731;11.5582;11.3942;11.2409;11.0983;10.9664;10.8452;10.7347;10.6242;10.5137;10.4032;10.2927;10.1737;10.0464;9.91056;9.76631;9.61363;9.46094;9.30826;9.15558;9.00289;8.87355;8.76755;8.68489;8.62557;8.58959;8.55362;8.51764;8.48166;8.44568;8.42794;8.42842;8.44714;8.46913;8.45526;8.38728;8.26521;8.08904;7.87372;7.6584;7.44308;7.22776;7.01245;6.80953;6.61901;6.44089;6.27517;6.12186;5.96854;5.81522;5.6619;5.50858;5.35167;5.19116;5.02705;4.85935;4.68806;4.51676;4.34547;4.17417;4.00287;3.8574;3.73774;3.64391;3.57589;3.5337;3.49151;3.44932;3.40712;3.36493;3.34839;3.35751;3.39229;3.45272;3.53881;3.6249;3.68978;3.73344;3.75588;3.75711;3.73713;3.71714;3.69716;3.67717;3.65719;3.62239;3.57277;3.50834;3.4291;3.33504;3.30167;3.32899;3.41701;3.56572;3.77513;3.98454;4.19394;4.40335;4.61275;4.81939;5.02325;5.22434;5.42266;5.61821;5.81376;6.00931;6.20109;6.3891;6.57334;6.7538;6.9305;7.10719;7.28389;7.46058;7.60996;7.73202;7.82676;7.93176;8.04703;8.19988;8.39031;8.61833;8.83464;9.03925;9.23215;9.41334;9.58284;9.75233;9.92182;10.0913;10.2626;10.4356;10.6103;10.7868;10.9264;11.0274;11.0898;11.1135;11.0986;11.0837;11.0687;11.0977;11.1705;11.2871;11.4477;11.6521;11.8564;12.0608;12.2652;12.4696;12.6493;12.8044;12.9347;13.0405;13.1215;13.2026;13.2836;13.3647;13.4457;13.5569;13.6984;13.87;14.0719;14.3039;14.5359;14.768;15",0.0675286,"0;0.15;0.85"
0.807403,0.171848,0.488819,"1;1.13003;1.26006;1.39009;1.52012;1.65015;1.78018;1.91021;2.04024;2.17027;2.3003;2.43766;2.58234;2.73435;2.89368;3.06034;3.227;3.39366;3.56032;3.72698;3.89364;4.0603;4.22696;4.36564;4.47633;4.55905;4.61378;4.64054;4.66729;4.69404;4.7208;4.74755;4.7743;4.80106;4.82781;4.83977;4.83693;4.81929;4.78686;4.73963;4.6924;4.64517;4.59794;4.55071;4.50348;4.45625;4.40902;4.38174;4.37441;4.38703;4.41959;4.47211;4.52462;4.57713;4.62965;4.68216;4.73468;4.78719;4.83971;4.91285;5.00661;5.12101;5.25602;5.41167;5.56732;5.72296;5.87861;6.03425;6.1899;6.34554;6.50119;6.64561;6.77881;6.90078;7.01153;7.11106;7.21059;7.31012;7.40965;7.50918;7.60871;7.70824;7.80777;7.91322;8.02459;8.14189;8.26511;8.39425;8.52339;8.65253;8.78167;8.91082;9.03996;9.1691;9.29824;9.43746;9.58676;9.74613;9.91559;10.0951;10.2746;10.4542;10.6337;10.8132;10.9928;11.1723;11.3452;11.5115;11.6713;11.8244;11.9709;12.1174;12.2639;12.4104;12.5569;12.7034;12.8499;12.9964;13.1325;13.2582;13.3736;13.4785;13.573;13.6676;13.7621;13.8566;13.9512;14.0457;14.1403;14.2072;14.2467;14.2585;14.2428;14.1996;14.1563;14.1131;14.0698;14.0266;13.9833;13.978;14.0106;14.0812;14.1897;14.3361;14.4826;14.629;14.7754;14.9219;15.0683;15.2147;15.3612;15.4948;15.6155;15.7233;15.8183;15.9005;15.9826;16.0647;16.1469;16.229;16.3111;16.3933;16.4872;16.5929;16.7104;16.8398;16.9809;17.122;17.2631;17.4042;17.5453;17.6783;17.8032;17.9199;18.0285;18.129;18.2294;18.3299;18.4304;18.5308;18.6313;18.7318;18.8439;18.9677;19.1031;19.2502;19.409;19.5678;19.7265;19.8853;20.0322;20.1674;20.2906;20.4021;20.5018;20.6014;20.7011;20.8007;20.9004;21","15;15.1043;15.2085;15.3128;15.417;15.5213;15.6256;15.7298;15.8341;15.9383;16.0426;16.1257;16.1876;16.2284;16.2479;16.2464;16.2448;16.2432;16.2416;16.24;16.2385;16.2369;16.2353;16.2669;16.3318;16.4298;16.5611;16.7256;16.8901;17.0547;17.2192;17.3837;17.5482;17.7127;17.8772;18.0408;18.2034;18.3651;18.5259;18.6857;18.8455;19.0054;19.1652;19.325;19.4849;19.6447;19.8045;19.964;20.1232;20.2821;20.4406;20.5987;20.7569;20.9151;21.0733;21.2314;21.3896;21.5478;21.706;21.8206;21.8917;21.9192;21.9031;21.8435;21.7839;21.7243;21.6647;21.6051;21.5455;21.4859;21.4263;21.4054;21.4231;21.4795;21.5745;21.7082;21.8419;21.9755;22.1092;22.2429;22.3766;22.5103;22.644;22.772;22.8943;23.011;23.1221;23.2274;23.3328;23.4381;23.5435;23.6488;23.7542;23.8596;23.9649;24.0549;24.1297;24.1891;24.2331;24.2619;24.2906;24.3194;24.3482;24.3769;24.4057;24.4344;24.4733;24.5223;24.5815;24.6508;24.7303;24.8098;24.8892;24.9687;25.0482;25.1276;25.2071;25.2865;25.319;25.3046;25.2432;25.1348;24.9795;24.8242;24.6689;24.5136;24.3583;24.203;24.0477;23.8913;23.7338;23.5752;23.4156;23.2549;23.0941;22.9334;22.7726;22.6119;22.4512;22.3066;22.1784;22.0663;21.9705;21.8909;21.8113;21.7317;21.6521;21.5725;21.4929;21.4134;21.3338;21.2377;21.125;20.9959;20.8502;20.688;20.5257;20.3635;20.2013;20.0391;19.8769;19.7147;19.5665;19.4325;19.3124;19.2065;19.1146;19.0227;18.9308;18.8388;18.7469;18.6456;18.5347;18.4143;18.2845;18.1452;18.0059;17.8666;17.7273;17.588;17.4487;17.3094;17.182;17.0664;16.9626;16.8707;16.7907;16.7107;16.6307;16.5507;16.4519;16.3343;16.198;16.043;15.8691;15.6953;15.5215;15.3477;15.1738;15",0.303457,"0;0.166667;0.833333"
1.06752,0.161437,0.734725,"1;1.22129;1.44258;1.66387;1.88515;2.10644;2.32773;2.54902;2.73817;2.89518;3.02006;3.1128;3.1734;3.234;3.2946;3.3552;3.4158;3.46788;3.51145;3.5465;3.57304;3.59106;3.60908;3.6271;3.64512;3.66314;3.6522;3.6123;3.54344;3.44562;3.31883;3.19205;3.06527;2.93849;2.8117;2.723;2.67238;2.65983;2.68536;2.74897;2.81259;2.8762;2.93981;3.00342;3.07174;3.14478;3.22252;3.30497;3.39214;3.4793;3.56646;3.65362;3.74079;3.84685;3.9718;4.11564;4.27838;4.46001;4.64165;4.82328;5.00491;5.18945;5.37689;5.56722;5.76046;5.95661;6.15275;6.34889;6.54503;6.74968;6.96284;7.1845;7.41467;7.65334;7.89202;8.13069;8.36937;8.59369;8.80365;8.99927;9.18052;9.34743;9.51433;9.68123;9.84814;10.015;10.1397;10.2222;10.2625;10.2606;10.2164;10.231;10.3043;10.4364;10.6271;10.8766;11.1261;11.3755;11.625;11.8343;12.0034;12.1323;12.2211;12.2696;12.3392;12.4297;12.5412;12.6736;12.8271;12.9805;13.134;13.3039;13.4903;13.6931;13.9124;14.1481;14.3839;14.6073;14.8183;15.017;15.2033;15.3772;15.5512;15.6762;15.7523;15.7793;15.7575;15.6867;15.6159;15.5451;15.4742;15.4034;15.3618;15.3495;15.3663;15.4124;15.4877;15.563;15.6383;15.7253;15.8239;15.9341;16.056;16.1896;16.3232;16.4643;16.613;16.7693;16.9331;17.1046;17.2399;17.3391;17.4022;17.4292;17.42;17.4109;17.4018;17.3927;17.4068;17.4441;17.5046;17.5883;17.7076;17.8393;17.9834;18.14;18.3089;18.4778;18.6467;18.8156;18.9871;19.1612;19.3377;19.5338;19.7494;19.9819;20.2313;20.4977;20.6972;20.8299;20.8957;20.8947;20.8268;20.759;20.6911;20.6682;20.6903;20.7573;20.8543;20.9814;21.0937;21.191;21.2735;21.3559;21.4384;21.5208;21.5182;21.4305;21.3429;21","15;14.9797;14.9593;14.939;14.9186;14.8983;14.8779;14.8576;14.884;14.9574;15.0775;15.2445;15.4583;15.6721;15.8859;16.0997;16.3135;16.5288;16.7457;16.9641;17.1841;17.4055;17.627;17.8485;18.07;18.2915;18.5052;18.7111;18.9092;19.0995;19.282;19.4645;19.647;19.8295;20.012;20.2006;20.3953;20.5961;20.8029;21.0158;21.2287;21.4417;21.6546;21.8675;22.0787;22.2883;22.4961;22.7022;22.9066;23.111;23.3154;23.5198;23.7243;23.9221;24.1135;24.2983;24.4767;24.6484;24.8202;24.992;25.1638;25.3215;25.4651;25.5947;25.7102;25.8116;25.9131;26.0145;26.1159;26.1822;26.2133;26.2092;26.17;26.0956;26.0212;25.9468;25.8725;25.7836;25.6803;25.5625;25.4302;25.2835;25.1368;24.9901;24.8434;24.6966;24.5364;24.3625;24.1751;23.9741;23.7595;23.5846;23.4494;23.3538;23.2979;23.2817;23.2655;23.2493;23.233;23.1712;23.0637;22.9105;22.7117;22.4673;22.2353;22.0158;21.8087;21.6141;21.432;21.2498;21.0676;20.9279;20.8307;20.7759;20.7636;20.7938;20.8239;20.8734;20.9422;21.0303;21.1377;21.2644;21.3912;21.5347;21.695;21.8721;22.0659;22.2766;22.4872;22.6979;22.9085;23.1191;23.3317;23.5463;23.7629;23.9814;24.2019;24.4224;24.6428;24.7829;24.8424;24.8215;24.7201;24.5383;24.3565;24.1715;23.9835;23.7923;23.5981;23.4007;23.198;22.9898;22.7763;22.5575;22.3332;22.1089;21.8847;21.6604;21.4357;21.2106;20.9851;20.7591;20.5481;20.3526;20.1726;20.0079;19.8588;19.7096;19.5605;19.4113;19.2733;19.1464;19.0307;18.9467;18.8945;18.8629;18.8519;18.8616;18.8244;18.7403;18.6093;18.4315;18.2069;17.9822;17.7575;17.5375;17.3221;17.1113;16.9004;16.6892;16.4731;16.2522;16.0264;15.8006;15.5749;15.3491;15.1787;15.0637;14.9488;15",0.498211,"0;0.183333;0.816667"
1.04347,0.119348,0.651715,"1;1.20127;1.40254;1.60381;1.80508;2.00634;2.20761;2.40888;2.60687;2.80156;2.99297;3.1811;3.36594;3.55078;3.73562;3.92046;4.1053;4.23865;4.3205;4.35086;4.32972;4.25709;4.18446;4.11183;4.0392;3.96657;3.92174;3.90472;3.91551;3.9541;4.0205;4.0869;4.15329;4.21969;4.28609;4.36874;4.46764;4.5828;4.7142;4.86186;5.00952;5.15718;5.29465;5.42195;5.53905;5.64598;5.74272;5.83946;5.9362;6.03293;6.09972;6.13654;6.1434;6.12031;6.06726;6.01421;5.96115;5.96296;6.01963;6.13115;6.29753;6.51877;6.74001;6.96125;7.18249;7.38466;7.56778;7.75093;7.93412;8.11735;8.31968;8.54111;8.76254;8.98398;9.20541;9.42634;9.64678;9.86672;10.0862;10.3051;10.524;10.743;10.9619;11.1724;11.3744;11.5679;11.7529;11.9403;12.1387;12.348;12.5683;12.7994;12.991;13.1429;13.2552;13.3279;13.361;13.429;13.5319;13.6697;13.8424;14.05;14.2576;14.4653;14.6729;14.8877;15.1098;15.3391;15.5756;15.8193;16.063;16.3068;16.5505;16.783;17.0043;17.2144;17.4133;17.6011;17.7888;17.9765;18.1642;18.3546;18.5476;18.7433;18.9417;19.1427;19.3438;19.5448;19.7459;19.9469;20.1491;20.3524;20.5569;20.7625;20.9692;21.1759;21.3826;21.5894;21.7957;22.0016;22.2071;22.4122;22.6169;22.8216;23.0294;23.2401;23.4539;23.6707;23.8905;24.1102;24.33;24.5461;24.7586;24.9673;25.1724;25.3737;25.5751;25.7147;25.7925;25.8086;25.763;25.6555;25.5481;25.4407;25.3215;25.1904;25.0475;24.8928;24.7247;24.555;24.3837;24.2463;24.1429;24.0749;24.0424;24.0454;24.0484;24.0515;24.0545;24.0575;24.0133;23.9219;23.7833;23.5974;23.3644;23.1412;22.9278;22.7241;22.517;22.3062;22.0821;21.951;21.9129;21.8788;21.8486;21.8223;21.6936;21.4624;21.2312;21","15;15.0942;15.1884;15.2826;15.3768;15.471;15.5652;15.6594;15.7594;15.8653;15.977;16.0945;16.2179;16.3412;16.4646;16.5879;16.7113;16.852;17.01;17.1854;17.378;17.5881;17.7981;18.0081;18.2181;18.4281;18.6386;18.8494;19.0607;19.2723;19.4844;19.6965;19.9085;20.1206;20.3327;20.5344;20.7257;20.9067;21.0774;21.2376;21.3979;21.5582;21.7289;21.91;22.1015;22.3034;22.5158;22.7281;22.9405;23.1529;23.2794;23.32;23.2748;23.1438;22.9269;22.7101;22.4932;22.3247;22.2047;22.1332;22.1101;22.1354;22.1607;22.186;22.2113;22.2637;22.3432;22.4292;22.5216;22.6204;22.6986;22.7561;22.8137;22.8712;22.9288;22.9839;23.0366;23.0869;23.1348;23.1803;23.2257;23.2712;23.3167;23.3308;23.3135;23.2649;23.1849;23.0829;22.9902;22.9069;22.8329;22.7683;22.7673;22.8299;22.9561;23.1459;23.3993;23.6299;23.8376;24.0225;24.1846;24.3239;24.4631;24.6024;24.7416;24.8419;24.9032;24.9255;24.9088;24.8532;24.7975;24.7418;24.6862;24.6086;24.5092;24.3879;24.2446;24.0795;23.9144;23.7492;23.5841;23.4331;23.2961;23.1733;23.0645;22.9699;22.8752;22.7806;22.6859;22.5912;22.4874;22.3743;22.2521;22.1207;21.9801;21.8395;21.6989;21.5583;21.4238;21.2955;21.1732;21.057;20.947;20.8369;20.7338;20.6376;20.5484;20.4661;20.3907;20.3153;20.24;20.2074;20.2178;20.271;20.367;20.5059;20.6448;20.7139;20.7131;20.6425;20.502;20.2917;20.0815;19.8712;19.6633;19.4579;19.2549;19.0543;18.878;18.7237;18.5912;18.4541;18.3123;18.144;17.9492;17.7278;17.5064;17.285;17.0637;16.8423;16.6636;16.5275;16.434;16.3833;16.3751;16.3525;16.3154;16.2637;16.1969;16.1148;16.0321;15.9588;15.8951;15.8163;15.7224;15.6135;15.4791;15.3194;15.1597;15",0.421636,"0;0.2;0.8"
1.12001,0.276171,0.216337,"1;1.23287;1.46574;1.6986;1.93147;2.16434;2.39721;2.56019;2.6533;2.67652;2.62986;2.51332;2.39678;2.28024;2.1637;2.08753;2.05172;2.05627;2.10119;2.18647;2.27176;2.35704;2.44233;2.51103;2.56314;2.59867;2.61762;2.61998;2.62234;2.62471;2.62707;2.61688;2.59414;2.55885;2.51101;2.45062;2.39023;2.32984;2.26944;2.19437;2.10462;2.0002;1.88109;1.7473;1.61352;1.47973;1.34595;1.2802;1.28249;1.35281;1.49118;1.69758;1.90399;2.11039;2.31679;2.50341;2.67025;2.8173;2.94458;3.05207;3.15955;3.26704;3.37453;3.50724;3.66518;3.84834;4.05672;4.29032;4.52392;4.75752;4.99113;5.22507;5.45935;5.69398;5.92894;6.16425;6.39956;6.63486;6.87017;7.09842;7.31962;7.53376;7.74085;7.94088;8.14091;8.34094;8.54098;8.70464;8.83194;8.92287;8.97744;8.99563;9.01383;9.03203;9.05023;9.11143;9.21563;9.36284;9.55305;9.78627;10.0195;10.2442;10.4605;10.6684;10.8678;11.0587;11.2496;11.4129;11.5485;11.6564;11.7366;11.7891;11.8416;11.8941;11.9774;12.0988;12.2585;12.4563;12.6924;12.9359;13.1543;13.3477;13.516;13.6592;13.7773;13.8954;14.0135;14.1463;14.2938;14.4558;14.6326;14.8239;15.0153;15.1835;15.3283;15.3871;15.3597;15.3418;15.3566;15.4041;15.5472;15.7858;16.0245;16.2632;16.5018;16.7359;16.9653;17.1902;17.4104;17.626;17.8416;18.0572;18.2727;18.486;18.6971;18.9208;19.1573;19.4065;19.6209;19.8006;19.9306;20.0111;20.0419;20.0203;19.9465;19.8202;19.6417;19.4108;19.2784;19.2446;19.3092;19.3683;19.4217;19.371;19.2162;18.9572;18.6983;18.4879;18.3259;18.2125;18.1476;18.1312;18.1148;18.0984;18.082;18.1094;18.1807;18.2958;18.4548;18.6576;18.8604;19.0632;19.266;19.4814;19.7093;19.9499;20.203;20.4686;20.7343;21","15;14.909;14.8181;14.7271;14.6362;14.5452;14.4543;14.3373;14.1942;14.0251;13.83;13.6088;13.3877;13.1665;12.9453;12.7214;12.4947;12.2652;12.033;11.798;11.563;11.328;11.0929;10.8549;10.6139;10.37;10.123;9.87297;9.62299;9.373;9.12301;8.8745;8.62747;8.38191;8.13784;7.89524;7.65265;7.41005;7.16745;6.93114;6.7011;6.47735;6.25988;6.04869;5.8375;5.62631;5.41512;5.21796;5.03482;4.86571;4.71062;4.56956;4.4285;4.28744;4.14638;3.98839;3.81347;3.62162;3.41284;3.18713;2.96141;2.7357;2.50999;2.31161;2.14056;1.99685;1.88046;1.79141;1.70236;1.61331;1.52426;1.46991;1.45026;1.46531;1.51505;1.5995;1.68394;1.76838;1.85283;1.94957;2.0586;2.17993;2.31356;2.45948;2.6054;2.75132;2.89724;3.0634;3.24981;3.45647;3.68337;3.93052;4.17767;4.42481;4.67196;4.89782;5.10238;5.28566;5.44764;5.58834;5.72903;5.87007;6.01147;6.15323;6.29534;6.4378;6.58026;6.74065;6.91897;7.11523;7.32941;7.56152;7.79364;8.02575;8.15964;8.25066;8.2988;8.30407;8.26647;8.28422;8.25373;8.17502;8.04808;7.8729;7.6495;7.4261;7.20269;7.05797;6.99192;7.00455;7.09585;7.26583;7.43582;7.62508;7.83361;8.04667;8.26426;8.44101;8.55765;8.61418;8.62535;8.59115;8.55695;8.52275;8.48855;8.47703;8.48821;8.52206;8.57861;8.65784;8.71836;8.76018;8.78329;8.79424;8.79301;8.81815;8.86965;8.94753;9.06834;9.23209;9.41894;9.62889;9.86194;10.077;10.2742;10.4534;10.6146;10.7579;10.8495;10.8895;10.8777;10.8433;10.7861;10.7579;10.7586;10.7883;10.818;10.8916;11.0092;11.1707;11.3763;11.6257;11.8752;12.1246;12.3741;12.6029;12.8111;12.9985;13.1654;13.3116;13.4578;13.6039;13.7501;13.9054;14.0697;14.2431;14.4255;14.617;14.8085;15",0.0718059,"0;0.216667;0.783333"
1.14658,0.0607996,1.11828,"1;1.15233;1.30466;1.45699;1.60932;1.76166;1.91399;2.08351;2.27024;2.47417;2.69529;2.93361;3.17193;3.41024;3.64856;3.84193;3.99035;4.09383;4.15235;4.16592;4.17949;4.19307;4.20664;4.20444;4.18648;4.15275;4.10325;4.03799;3.97272;3.90746;3.84219;3.80111;3.7842;3.79147;3.82291;3.87854;3.93416;3.98978;4.04541;4.08845;4.11891;4.13678;4.14208;4.13479;4.1275;4.12021;4.11292;4.0908;4.05387;4.00211;3.93553;3.85412;3.77272;3.69131;3.60991;3.58709;3.62286;3.71721;3.87016;4.08168;4.29321;4.50474;4.71627;4.93067;5.14795;5.3681;5.59112;5.81701;6.04291;6.26881;6.4947;6.71449;6.92816;7.1411;7.35332;7.56481;7.78169;8.00396;8.22623;8.4485;8.681;8.92372;9.17668;9.43986;9.71327;9.98668;10.2505;10.5049;10.7496;10.9849;11.2106;11.4362;11.6619;11.8876;12.1135;12.3396;12.5659;12.7924;13.0191;13.2458;13.4731;13.7008;13.929;14.1578;14.387;14.5845;14.7502;14.8842;14.9864;15.0568;15.1273;15.1977;15.2682;15.372;15.5091;15.6796;15.8835;16.1207;16.358;16.5952;16.8324;17.0687;17.3039;17.5382;17.7714;18.0037;18.236;18.4683;18.7005;18.9263;19.1456;19.3584;19.5646;19.7644;19.9751;20.1969;20.4295;20.6732;20.9278;21.1825;21.3781;21.5148;21.5926;21.6114;21.5712;21.531;21.4909;21.4507;21.3707;21.2507;21.0909;20.8912;20.6516;20.4658;20.3339;20.2557;20.2316;20.2614;20.2915;20.3218;20.3523;20.3828;20.4133;20.3988;20.3394;20.2351;20.0858;19.8916;19.6974;19.5534;19.4784;19.4725;19.5355;19.6813;19.8596;20.0516;20.2574;20.4768;20.5992;20.6244;20.5526;20.4708;20.3792;20.3747;20.4697;20.6643;20.8713;21.0906;21.2646;21.3812;21.4402;21.4248;21.335;21.2284;21.1049;20.9646;20.8243;20.8033;20.5436;21","15;15.1982;15.3965;15.5947;15.7929;15.9912;16.1894;16.3631;16.5122;16.6368;16.7369;16.8124;16.8879;16.9635;17.039;17.1493;17.2945;17.4745;17.6893;17.9389;18.1886;18.4382;18.6878;18.9358;19.1821;19.4268;19.6697;19.9111;20.1524;20.3937;20.6351;20.8769;21.1192;21.3619;21.6052;21.8489;22.0927;22.3364;22.5801;22.8251;23.0713;23.3187;23.5674;23.8173;24.0672;24.3171;24.567;24.8142;25.0586;25.3004;25.5395;25.7759;26.0122;26.2486;26.485;26.7008;26.8959;27.0704;27.2243;27.3575;27.4908;27.624;27.7573;27.8853;28.0081;28.1256;28.238;28.3451;28.4522;28.5593;28.6664;28.7342;28.7627;28.7467;28.6862;28.5812;28.471;28.3556;28.2401;28.1247;28.0233;27.9359;27.8627;27.8034;27.7583;27.7131;27.6972;27.7106;27.7533;27.8253;27.9266;28.028;28.1293;28.2306;28.2978;28.331;28.33;28.2951;28.226;28.1569;28.0787;27.9913;27.8947;27.789;27.674;27.5353;27.3727;27.1862;26.9759;26.7418;26.5077;26.2735;26.0394;25.8678;25.7589;25.7126;25.7289;25.8077;25.8866;25.9655;26.0443;26.089;26.0993;26.0754;26.0172;25.9247;25.8323;25.7398;25.6473;25.5322;25.3945;25.2342;25.0513;24.8457;24.6846;24.5678;24.4955;24.4675;24.484;24.5004;24.4643;24.3754;24.234;24.0399;23.7931;23.5464;23.2996;23.0528;22.873;22.7601;22.7141;22.735;22.8228;22.847;22.8074;22.7041;22.5321;22.2915;22.0459;21.7953;21.5398;21.2843;21.0288;20.7913;20.5717;20.3701;20.1865;20.0209;19.8553;19.6758;19.4751;19.2531;19.0099;18.7784;18.5725;18.3997;18.2598;18.153;18.0512;17.9545;17.8629;17.7426;17.5937;17.4111;17.2662;17.159;17.1231;17.1586;17.1962;17.1646;17.0638;16.8947;16.6574;16.421;16.1856;15.9512;15.7167;15.4796;15.2479;15",0.761765,"0;0.233333;0.766667"
1.45988,0.159344,2.02176,"1;0.955005;0.910009;0.865014;0.820018;0.848088;0.949222;1.12342;1.37068;1.69101;2.01134;2.28322;2.50666;2.68165;2.8082;2.8863;2.9644;3.0926;3.2709;3.4993;3.7778;4.1064;4.435;4.70621;4.92001;5.07642;5.17544;5.21705;5.25867;5.24272;5.1692;5.03811;4.84945;4.60322;4.35699;4.16618;4.03079;3.95081;3.92625;3.9571;3.98795;4.02126;4.05701;4.09521;4.13587;4.17897;4.22207;4.24508;4.24801;4.23084;4.19358;4.13624;4.07889;4.09833;4.19456;4.36758;4.61739;4.94398;5.27058;5.58616;5.89071;6.18424;6.46676;6.73825;7.00974;7.28015;7.54946;7.81768;8.08481;8.35085;8.61689;8.87614;9.1286;9.37427;9.61315;9.84525;10.0773;10.2249;10.2879;10.2664;10.1603;9.9697;9.87127;9.86501;9.95092;10.129;10.4128;10.71;11.0207;11.345;11.6562;11.941;12.1992;12.4371;12.6545;12.8781;13.1078;13.3434;13.5787;13.8137;14.0484;14.2881;14.5329;14.7829;15.0381;15.2984;15.5649;15.8376;16.1164;16.4014;16.6926;16.9779;17.2573;17.531;17.8134;18.1045;18.4101;18.7304;19.0694;19.4128;19.7109;19.9637;20.1713;20.3294;20.3757;20.3599;20.2818;20.1415;19.939;19.8486;19.7753;19.7192;19.7476;19.8606;19.9461;20.1092;20.3498;20.592;20.8357;21.0859;21.2197;21.2372;21.1469;20.949;20.6384;20.3279;20.0235;19.7252;19.433;19.1469;18.867;18.587;18.3062;18.0245;17.7972;17.6243;17.4659;17.3229;17.1953;17.0278;16.8205;16.6122;16.518;16.5379;16.6718;16.8295;17.0121;17.1046;17.1069;17.0191;16.9313;16.8669;16.826;16.8084;16.8142;16.778;16.6765;16.568;16.4525;16.3301;16.2662;16.2608;16.2553;16.3246;16.4685;16.6872;16.9806;17.3251;17.6458;17.9429;18.2164;18.4483;18.6625;18.8869;19.1215;19.397;19.7309;20.1235;20.5465;21","15;15.3303;15.6606;15.9908;16.3211;16.6038;16.8388;17.0263;17.1661;17.2583;17.3505;17.4891;17.674;17.9053;18.183;18.5071;18.8311;19.0792;19.2512;19.3472;19.3673;19.3113;19.2553;19.2767;19.3754;19.5515;19.8049;20.1356;20.4663;20.7758;21.0641;21.3312;21.5771;21.8018;22.0265;22.2726;22.5402;22.8292;23.1397;23.4716;23.8035;24.1351;24.4665;24.7975;25.1284;25.4589;25.7894;26.1195;26.4492;26.7784;27.1072;27.4356;27.7639;28.04;28.2637;28.435;28.554;28.6207;28.6874;28.7794;28.8968;29.0395;29.2076;29.401;29.5944;29.7892;29.9856;30.1835;30.3828;30.5836;30.7845;30.8973;30.9221;30.8589;30.7076;30.4684;30.2291;30.1031;30.0902;30.1904;30.4039;30.7306;31.047;31.3531;31.649;31.9346;32.134;32.2573;32.3045;32.2758;32.1272;31.935;31.6989;31.5219;31.4039;31.3886;31.4761;31.6696;31.8662;32.066;32.269;32.3985;32.4513;32.4274;32.3268;32.1496;31.9631;31.7673;31.5622;31.3478;31.1242;30.9052;30.6908;30.481;30.3451;30.283;30.2901;30.3664;30.4829;30.5701;30.5693;30.4803;30.3031;30.0669;29.7693;29.4693;29.1669;28.8621;28.5549;28.3453;28.1476;27.9619;27.7708;27.5742;27.2746;26.9873;26.7124;26.4449;26.1848;25.9045;25.6855;25.5277;25.4537;25.4635;25.5846;25.7057;25.7665;25.767;25.7071;25.5869;25.4064;25.2258;25.0541;24.8913;24.7036;24.491;24.2528;23.9802;23.673;23.3651;23.0564;22.8276;22.6471;22.5148;22.4308;22.3449;22.177;21.959;21.6907;21.3723;21.0538;20.7309;20.4033;20.0713;19.7347;19.4934;19.3519;19.2133;19.0775;18.9446;18.7147;18.3879;18.0611;17.8007;17.6067;17.4791;17.4178;17.3733;17.2789;17.1349;16.9411;16.6841;16.4135;16.1331;15.8428;15.5848;15.3726;15.2063;15.0821;15",1.42282,"0;0.25;0.75"
0.978052,0.291435,0.201827,"1;1.22086;1.44172;1.66257;1.88343;2.10429;2.32515;2.54601;2.76634;2.98614;3.20541;3.42415;3.64236;3.86057;4.07878;4.29699;4.5152;4.73558;4.95813;5.18285;5.40974;5.63879;5.79032;5.8643;5.86075;5.77967;5.67693;5.63006;5.63906;5.70394;5.82469;5.88968;5.8989;5.85235;5.75004;5.59196;5.43388;5.32402;5.26238;5.24895;5.28375;5.36677;5.44978;5.48953;5.48601;5.43923;5.34917;5.21585;5.08253;5.00482;4.98272;5.01623;5.10534;5.25007;5.3948;5.54149;5.69014;5.84075;5.99332;6.16328;6.34867;6.54949;6.76573;6.99741;7.22908;7.41347;7.55058;7.6404;7.68293;7.67817;7.67342;7.71122;7.79158;7.9145;8.07997;8.288;8.49604;8.70407;8.9121;9.12013;9.31947;9.51011;9.69207;9.86533;10.0299;10.1945;10.359;10.5236;10.6882;10.8469;10.9996;11.1465;11.2875;11.4225;11.5576;11.6927;11.8277;11.9628;12.1116;12.2742;12.4506;12.6407;12.8446;13.0484;13.2523;13.4562;13.6601;13.8333;13.976;14.088;14.1695;14.2203;14.2711;14.3219;14.4024;14.5124;14.6521;14.8213;15.0202;15.2191;15.418;15.6169;15.8158;16.0147;16.2137;16.4128;16.6118;16.8109;16.9556;17.046;17.082;17.0636;17.0217;17.0106;17.0304;17.081;17.1624;17.2438;17.3465;17.4705;17.6157;17.7821;17.9699;18.1576;18.3454;18.457;18.4925;18.4519;18.3352;18.2191;18.1797;18.2171;18.3313;18.5222;18.7131;18.904;19.07;19.2111;19.3272;19.4185;19.4848;19.5511;19.6409;19.7542;19.891;20.0513;20.2351;20.4189;20.6027;20.7356;20.8177;20.8489;20.8292;20.7586;20.6881;20.6175;20.5469;20.5242;20.5494;20.6224;20.7433;20.912;21.0807;21.2495;21.4182;21.5869;21.6886;21.7231;21.6906;21.591;21.4242;21.2575;21.0908;20.9197;20.7443;20.6435;20.6174;20.666;20.7935;21","15;14.9754;14.9508;14.9262;14.9017;14.8771;14.8525;14.8279;14.8167;14.8187;14.8341;14.8628;14.9048;14.9469;14.9889;15.0309;15.073;15.1042;15.1246;15.1343;15.1331;15.1211;15.0839;15.0215;14.9338;14.8209;14.6685;14.5017;14.3207;14.1253;13.9157;13.7221;13.5445;13.383;13.2376;13.1082;12.9787;12.8361;12.6804;12.5114;12.3292;12.1338;11.9385;11.7445;11.552;11.3609;11.1713;10.983;10.7948;10.607;10.4197;10.2329;10.0465;9.86064;9.67475;9.49509;9.32166;9.15446;8.9935;8.85971;8.74688;8.65499;8.58405;8.53406;8.48407;8.39656;8.27151;8.10893;7.90883;7.6712;7.43357;7.22784;7.054;6.91207;6.80203;6.72389;6.64575;6.56761;6.48947;6.41133;6.31895;6.21233;6.09148;5.95639;5.80706;5.65773;5.50841;5.35908;5.20975;5.05499;4.89481;4.7292;4.55816;4.3817;4.20523;4.02877;3.8523;3.67584;3.52104;3.38791;3.27645;3.18666;3.11853;3.05041;2.98228;2.91416;2.84603;2.83545;2.8824;2.9869;3.14894;3.36852;3.58811;3.80769;4.00556;4.18171;4.33616;4.46889;4.57991;4.69093;4.80194;4.91296;4.98536;5.01913;5.01428;4.97081;4.88871;4.80662;4.78464;4.82277;4.92101;5.07936;5.29555;5.50945;5.72106;5.9304;6.13745;6.3445;6.53156;6.69861;6.84567;6.97274;7.0798;7.18687;7.29393;7.39816;7.49954;7.59809;7.6938;7.79007;7.88975;7.99285;8.09935;8.20926;8.31917;8.42908;8.55892;8.7087;8.87842;9.06807;9.27766;9.48724;9.67265;9.83388;9.97092;10.0838;10.1725;10.2612;10.3498;10.4641;10.604;10.7694;10.9605;11.1771;11.3937;11.6104;11.827;12.0262;12.2079;12.3722;12.519;12.6483;12.7777;12.9071;13.0364;13.1658;13.3018;13.4444;13.5936;13.7494;13.9118;14.0742;14.2367;14.3484;14.4094;14.4794;14.5582;14.6459;14.7931;15",0.0674505,"0;0.266667;0.733333"
1.28246,0.0705756,1.23431,"1;1.02056;1.04113;1.06169;1.08226;1.10282;1.15017;1.2243;1.32521;1.45291;1.60739;1.76186;1.91634;2.08232;2.25978;2.44875;2.64921;2.86116;3.07311;3.28506;3.44215;3.54437;3.59172;3.58421;3.52183;3.45944;3.39706;3.33017;3.25877;3.18285;3.10242;3.01748;2.93254;2.8476;2.81361;2.83057;2.89849;3.01735;3.18717;3.35699;3.52681;3.63238;3.67369;3.65076;3.56358;3.41215;3.26072;3.10928;3.03017;3.02337;3.08889;3.22673;3.43689;3.64704;3.8572;4.08155;4.32009;4.57283;4.83976;5.12089;5.38541;5.63334;5.86467;6.0794;6.27752;6.47565;6.66925;6.85832;7.04286;7.22287;7.40504;7.59389;7.79634;8.01238;8.24203;8.47858;8.72204;8.96551;9.20897;9.46085;9.72113;9.98983;10.2669;10.5525;10.838;11.0433;11.1683;11.2132;11.1778;11.0622;11.0242;11.0638;11.181;11.3758;11.6482;11.9163;12.1802;12.4397;12.7034;12.9712;13.2474;13.5321;13.8252;14.1183;14.3824;14.6174;14.835;15.0352;15.2181;15.4126;15.6217;15.8336;16.0483;16.266;16.4864;16.7002;16.9072;17.1074;17.3008;17.5044;17.7247;17.9618;18.2157;18.4864;18.7571;19.0278;19.2697;19.5139;19.7604;20.0091;20.2601;20.5422;20.7892;21.001;21.1778;21.3195;21.4261;21.5327;21.6442;21.6846;21.6537;21.5517;21.3786;21.1293;20.8801;20.6948;20.5235;20.3661;20.2612;20.2087;20.1446;20.0692;19.9824;19.8457;19.6585;19.4208;19.1824;18.9434;18.7037;18.4641;18.3171;18.2629;18.3014;18.4326;18.6305;18.8024;18.9483;19.0682;19.1622;19.2561;19.3931;19.5734;19.7967;20.0633;20.3729;20.6826;20.968;21.2289;21.4656;21.6779;21.8658;22.0538;22.2417;22.4349;22.6334;22.8371;22.946;22.9602;22.8743;22.6884;22.4025;22.1166;21.8243;21.5258;21.2209;21.0004;20.8643;20.8189;20.8641;21","15;15.285;15.5699;15.8549;16.1399;16.4249;16.7009;16.968;17.2262;17.4755;17.7159;17.9562;18.1966;18.4272;18.648;18.8591;19.0605;19.2521;19.4437;19.6353;19.8443;20.0708;20.3147;20.5761;20.8549;21.1337;21.4125;21.6902;21.9666;22.2418;22.5158;22.7886;23.0614;23.3342;23.5984;23.8539;24.1009;24.3393;24.5691;24.7988;25.0286;25.2609;25.4957;25.7329;25.9727;26.215;26.4573;26.6996;26.9296;27.1473;27.3527;27.5459;27.7268;27.9076;28.0885;28.221;28.3049;28.3404;28.3275;28.2661;28.1703;28.04;27.8752;27.676;27.4423;27.2086;26.9808;26.759;26.5431;26.3332;26.1358;25.9451;25.8242;25.773;25.7916;25.8733;26.0182;26.163;26.3079;26.4323;26.5363;26.6198;26.683;26.7257;26.7684;26.8518;26.9759;27.1407;27.3463;27.5925;27.7739;27.8904;27.942;27.9288;27.8507;27.798;27.7707;27.7689;27.7654;27.7603;27.7281;27.6688;27.5824;27.496;27.462;27.4803;27.4768;27.4516;27.4046;27.2835;27.0841;26.8805;26.6727;26.4607;26.2446;26.1092;26.0545;26.0806;26.1874;26.3191;26.3951;26.4153;26.3797;26.2883;26.1969;26.1055;26.0544;26.031;26.0354;26.0674;26.1271;26.1742;26.1487;26.0506;25.8799;25.6367;25.3208;25.005;24.6994;24.4172;24.1583;23.9229;23.711;23.5122;23.3134;23.0842;22.8475;22.6032;22.3417;22.0629;21.7973;21.616;21.519;21.516;21.5381;21.5855;21.5641;21.4738;21.3149;21.1559;20.9948;20.8317;20.6664;20.4991;20.3019;20.077;19.8243;19.5439;19.2357;18.9276;18.7057;18.5701;18.5209;18.5579;18.6812;18.8045;18.8601;18.8481;18.7683;18.6208;18.4056;18.1904;17.9752;17.7468;17.5053;17.2506;17.0107;16.7858;16.5889;16.42;16.2793;16.1385;16.0297;15.953;15.9083;15.8307;15.7203;15.5451;15.305;15",0.795244,"0;0.283333;0.716667"
0.812496,0.172521,0.489063,"1;1.15871;1.31741;1.47612;1.63483;1.79353;1.95224;2.11095;2.26965;2.42836;2.58525;2.74033;2.89359;3.04503;3.19466;3.3443;3.49393;3.64356;3.79319;3.94282;4.09245;4.22263;4.33335;4.42463;4.49645;4.54882;4.60118;4.65355;4.70592;4.75829;4.81066;4.86302;4.91487;4.9662;5.01701;5.0673;5.11707;5.16684;5.2166;5.26637;5.31614;5.36591;5.41568;5.46259;5.50664;5.54784;5.58617;5.62165;5.65712;5.6926;5.72808;5.76355;5.79903;5.83451;5.89376;5.97678;6.08358;6.21416;6.36851;6.52285;6.6772;6.83155;6.9859;7.14025;7.27074;7.37739;7.46018;7.51913;7.55422;7.58931;7.62441;7.6595;7.69459;7.75881;7.85215;7.97462;8.12621;8.30693;8.48764;8.66836;8.84908;9.02979;9.21051;9.39123;9.56243;9.72413;9.87632;10.019;10.1522;10.2853;10.4185;10.5517;10.6849;10.818;10.9476;11.0735;11.1958;11.3145;11.4295;11.5446;11.6597;11.7747;11.8898;12.0048;12.1295;12.2639;12.408;12.5617;12.7251;12.8885;13.0518;13.2152;13.3786;13.542;13.6953;13.8386;13.9719;14.0951;14.2083;14.3214;14.4346;14.5478;14.661;14.7741;14.8958;15.0258;15.1644;15.3113;15.4668;15.5884;15.6763;15.7305;15.7652;15.7806;15.8104;15.8546;15.9132;15.9718;16.0304;16.089;16.1476;16.2284;16.3315;16.4567;16.6041;16.7738;16.9435;17.0619;17.1292;17.1873;17.2361;17.2756;17.3572;17.4806;17.6041;17.7276;17.8511;17.9746;18.0981;18.2216;18.3074;18.3555;18.3659;18.3289;18.2445;18.1503;18.0465;17.933;17.8194;17.7059;17.5923;17.4788;17.3653;17.3046;17.2968;17.342;17.44;17.5909;17.7418;17.8927;18.0436;18.1945;18.3454;18.4963;18.6472;18.7981;18.949;19.1;19.2509;19.4018;19.5527;19.7036;19.8545;20.0054;20.1563;20.3132;20.4759;20.6447;20.8194;21","15;15.0887;15.1774;15.2661;15.3549;15.4436;15.5323;15.621;15.7097;15.7984;15.89;15.9846;16.0821;16.1824;16.2857;16.389;16.4923;16.5956;16.6989;16.8022;16.9054;17.0229;17.1545;17.3003;17.4602;17.6344;17.8085;17.9826;18.1567;18.3308;18.5049;18.679;18.8533;19.0277;19.2023;19.377;19.5519;19.7268;19.9016;20.0765;20.2514;20.4263;20.6011;20.7767;20.9529;21.1299;21.3075;21.4859;21.6642;21.8425;22.0208;22.1991;22.3775;22.5558;22.7115;22.8446;22.9551;23.0429;23.1081;23.1734;23.2386;23.3038;23.3691;23.4343;23.5193;23.6241;23.7486;23.893;24.0571;24.2211;24.3852;24.5493;24.7134;24.8487;24.9551;25.0328;25.0816;25.1016;25.1215;25.1415;25.1615;25.1815;25.2015;25.2214;25.2121;25.1733;25.1052;25.0077;24.8808;24.754;24.6271;24.5003;24.3734;24.2465;24.1181;23.9882;23.8567;23.7237;23.5891;23.4545;23.3199;23.1854;23.0508;22.9162;22.8199;22.762;22.7423;22.7609;22.8178;22.8747;22.9316;22.9886;23.0455;23.1024;23.1222;23.1049;23.0505;22.9591;22.8305;22.7019;22.5733;22.4447;22.3161;22.1876;22.0657;21.9506;21.8422;21.7406;21.6456;21.53;21.3935;21.2363;21.067;20.8856;20.7128;20.5486;20.3931;20.2375;20.082;19.9265;19.7709;19.6508;19.5662;19.517;19.5033;19.525;19.5467;19.5973;19.6769;19.7287;19.7528;19.7492;19.6888;19.5718;19.4548;19.3378;19.2208;19.1038;18.9868;18.8698;18.8034;18.7876;18.8225;18.8518;18.8755;18.843;18.7543;18.6095;18.4646;18.3197;18.1748;18.0299;17.8851;17.7489;17.6214;17.5026;17.3925;17.2911;17.1896;17.0882;16.9868;16.8854;16.784;16.6826;16.5811;16.4797;16.3783;16.2769;16.1755;16.0741;15.9727;15.8712;15.7698;15.6684;15.567;15.4616;15.3522;15.2388;15.1214;15",0.255075,"0;0.3;0.7"
1.23905,0.0979325,1.34653,"1;1.28571;1.57143;1.85714;2.14286;2.42857;2.70207;2.96334;3.21239;3.44923;3.67384;3.89846;4.12307;4.28468;4.38328;4.41888;4.39147;4.30105;4.21063;4.12021;4.08666;4.10997;4.19014;4.32717;4.52106;4.71496;4.90886;5.05454;5.152;5.20126;5.2023;5.15512;5.10795;5.06077;5.04128;5.04947;5.08534;5.14889;5.24012;5.33135;5.42258;5.50789;5.58726;5.66071;5.72824;5.78983;5.85143;5.91303;5.96457;6.00606;6.0375;6.05889;6.07023;6.08157;6.09291;6.13426;6.20562;6.30699;6.43838;6.59978;6.76117;6.92257;7.06401;7.18549;7.28701;7.36857;7.43017;7.49177;7.55337;7.64587;7.76928;7.9236;8.10883;8.32496;8.54125;8.75769;8.9743;9.19106;9.40798;9.6249;9.84182;10.0685;10.3049;10.5511;10.807;11.0727;11.3384;11.6041;11.8272;12.0078;12.1458;12.2413;12.286;12.3223;12.3504;12.3701;12.3816;12.3931;12.4423;12.5293;12.6541;12.8167;13.033;13.2653;13.5136;13.7779;14.0582;14.3384;14.6187;14.8329;14.981;15.063;15.0789;14.9854;14.8483;14.6826;14.4883;14.2653;14.0572;13.8651;13.6744;13.4849;13.2967;13.1098;12.9229;12.736;12.6132;12.5545;12.56;12.6361;12.7829;12.9361;13.1136;13.3153;13.5347;13.7718;14.0267;14.2619;14.4773;14.691;14.9031;15.1135;15.342;15.5688;15.776;15.9633;16.131;16.2789;16.4268;16.5855;16.755;16.9352;17.0457;17.0865;17.0467;16.9265;16.8212;16.8025;16.8705;17.025;17.2662;17.4985;17.7307;17.9549;18.1709;18.3787;18.5785;18.7701;18.9437;19.1288;19.3254;19.5335;19.7531;20.0021;20.2511;20.5001;20.7491;20.9845;21.2065;21.4148;21.6097;21.791;21.9723;22.1536;22.2901;22.382;22.4291;22.4315;22.3892;22.3468;22.3045;22.2223;22.1002;21.9383;21.7365;21.4948;21.2798;21.1325;20.9033;21","15;15;15;15;15;15;15.0353;15.1059;15.2119;15.3532;15.5297;15.7063;15.8829;16.0784;16.2927;16.526;16.7781;17.0492;17.3202;17.5912;17.85;18.0966;18.3309;18.553;18.7628;18.9727;19.1825;19.4068;19.6454;19.8984;20.1658;20.4476;20.7294;21.0112;21.2908;21.5682;21.8433;22.1163;22.3871;22.6578;22.9286;23.201;23.475;23.7507;24.0281;24.3071;24.5861;24.8651;25.1454;25.427;25.7098;25.994;26.2795;26.565;26.8505;27.126;27.3916;27.6473;27.893;28.1288;28.3645;28.6003;28.8447;29.0977;29.3594;29.6298;29.9088;30.1878;30.4668;30.7185;30.943;31.1403;31.3103;31.4531;31.5301;31.5414;31.4869;31.3667;31.1807;30.9948;30.8088;30.6811;30.6116;30.6002;30.6471;30.7522;30.8574;30.9625;30.9923;30.947;30.8264;30.6306;30.3616;30.0947;29.8299;29.5672;29.3066;29.0459;28.7977;28.5619;28.3385;28.1275;27.9621;27.83;27.731;27.6652;27.6327;27.6001;27.5676;27.4844;27.3506;27.1663;26.9313;26.7232;26.5926;26.48;26.3854;26.3089;26.173;25.9735;25.7699;25.5621;25.3502;25.1341;24.918;24.7019;24.5795;24.5509;24.616;24.6711;24.7163;24.6578;24.5322;24.3395;24.1835;24.064;23.9812;23.95;23.9705;24.0099;24.0684;24.1459;24.1907;24.16;24.0863;23.9697;23.8101;23.6076;23.405;23.1981;22.9869;22.7714;22.5584;22.3479;22.1442;21.9473;21.7904;21.6482;21.5209;21.4085;21.3108;21.1948;21.0789;20.9445;20.7915;20.62;20.43;20.2214;20.124;20.0638;20.0408;20.0551;20.1066;20.0843;20.062;20.0397;20.0174;19.9554;19.8537;19.7123;19.5312;19.3103;19.0895;18.8687;18.6415;18.4079;18.168;17.9217;17.6691;17.4164;17.1637;16.9097;16.6544;16.3977;16.1397;15.8803;15.6194;15.3915;15.0945;15",0.834938,"0;0.316667;0.683333"
0.960763,0.146714,0.669551,"1;1.1877;1.37539;1.56309;1.75079;1.93848;2.12618;2.31388;2.50157;2.63751;2.7217;2.75412;2.7348;2.66371;2.59262;2.52154;2.45045;2.37937;2.30828;2.24728;2.19635;2.15551;2.12474;2.10406;2.08338;2.0627;2.04201;2.02133;2.00065;2.01708;2.07064;2.16132;2.28912;2.45404;2.61896;2.78388;2.9488;3.11372;3.27864;3.44199;3.60377;3.76397;3.92261;4.07968;4.23675;4.39381;4.55088;4.70795;4.85871;5.00317;5.14133;5.27318;5.39873;5.52428;5.65286;5.78448;5.91912;6.0568;6.19751;6.33822;6.47893;6.61964;6.76035;6.90211;7.04493;7.1888;7.33372;7.47969;7.58874;7.66086;7.69605;7.69431;7.65565;7.61699;7.57833;7.53966;7.501;7.46234;7.43018;7.40451;7.38535;7.37269;7.36652;7.36036;7.35419;7.34803;7.34186;7.3357;7.34758;7.3775;7.42547;7.49147;7.57553;7.65958;7.74363;7.82769;7.91174;7.99579;8.0971;8.21565;8.35146;8.50452;8.67483;8.84514;9.01545;9.18576;9.35607;9.51886;9.67415;9.82191;9.96217;10.0949;10.2276;10.3604;10.4931;10.6259;10.7586;10.9075;11.0726;11.2538;11.4512;11.6648;11.8784;12.092;12.3055;12.5191;12.718;12.9023;13.072;13.227;13.3674;13.5077;13.6481;13.7885;13.9288;14.0692;14.2245;14.3948;14.5799;14.78;14.9951;15.2101;15.4252;15.6402;15.8552;16.0569;16.2453;16.4202;16.5818;16.7301;16.8783;17.0266;17.1748;17.3231;17.4758;17.633;17.7946;17.9607;18.1312;18.3018;18.4723;18.6232;18.7544;18.8659;18.9578;19.03;19.1021;19.1743;19.2657;19.3761;19.5058;19.6546;19.8225;19.9544;20.0502;20.1098;20.1334;20.1208;20.1083;20.0958;20.0941;20.1034;20.1236;20.1546;20.1966;20.2385;20.2986;20.3768;20.4731;20.5875;20.7201;20.8526;20.9852;21.1177;21.2046;21.2459;21.2415;21.1914;21.0957;21","15;15.0691;15.1381;15.2072;15.2763;15.3453;15.4144;15.4835;15.5525;15.6452;15.7614;15.9012;16.0645;16.2515;16.4384;16.6254;16.8123;16.9992;17.1862;17.3755;17.5673;17.7614;17.9579;18.1568;18.3558;18.5547;18.7536;18.9526;19.1515;19.3333;19.4979;19.6453;19.7756;19.8888;20.0019;20.1151;20.2282;20.3413;20.4545;20.5188;20.5342;20.5007;20.4184;20.2872;20.156;20.0248;19.8936;19.7624;19.6928;19.6848;19.7384;19.8536;20.0303;20.2071;20.3199;20.3686;20.3534;20.2741;20.1309;19.9876;19.8444;19.7012;19.5579;19.474;19.4495;19.4844;19.5787;19.7323;19.8944;20.0651;20.2443;20.432;20.6282;20.8244;21.0207;21.2169;21.4131;21.6094;21.8063;22.004;22.2025;22.4016;22.6015;22.8014;23.0013;23.2012;23.4011;23.6011;23.7973;23.9898;24.1787;24.3638;24.5453;24.7268;24.9083;25.0897;25.2712;25.4527;25.6264;25.7924;25.9507;26.1012;26.2439;26.3867;26.5294;26.6722;26.8149;26.8992;26.925;26.8923;26.8012;26.6516;26.502;26.3524;26.2028;26.0532;25.9036;25.7725;25.66;25.566;25.4904;25.4335;25.3765;25.3195;25.2625;25.2055;25.1315;25.0403;24.932;24.8066;24.6642;24.5217;24.3792;24.2368;24.0943;23.9518;23.8491;23.786;23.7626;23.779;23.835;23.891;23.947;24.0031;24.0591;24.0759;24.0535;23.9919;23.8911;23.751;23.611;23.4709;23.3308;23.1908;23.0562;22.9271;22.8035;22.6854;22.5727;22.46;22.3474;22.216;22.0659;21.8971;21.7097;21.5035;21.2973;21.0911;20.8974;20.7161;20.5473;20.3909;20.2469;20.0923;19.9271;19.7513;19.5648;19.3677;19.1705;18.9734;18.7729;18.569;18.3617;18.1511;17.9371;17.723;17.5173;17.32;17.131;16.9504;16.7781;16.6058;16.4335;16.2612;16.0775;15.8825;15.6761;15.4583;15.2292;15",0.363254,"0;0.333333;0.666667"
0.935833,0.300091,0.554364,"1;1.18047;1.36094;1.5414;1.72187;1.90234;2.08281;2.26327;2.44374;2.62811;2.81638;3.00855;3.20463;3.4046;3.60457;3.80455;4.00452;4.2045;4.40447;4.57211;4.70741;4.81037;4.88099;4.91927;4.95756;4.99584;5.03413;5.07241;5.1107;5.13351;5.14086;5.13274;5.10915;5.07009;5.03103;4.99197;4.95292;4.91386;4.8748;4.83692;4.80021;4.76468;4.73032;4.69714;4.66395;4.63077;4.59759;4.61134;4.67202;4.77963;4.90084;5.03565;5.13713;5.20528;5.2401;5.27493;5.30975;5.34457;5.39677;5.46634;5.55329;5.65762;5.77933;5.90104;6.02275;6.15522;6.29847;6.45248;6.61726;6.79281;6.96835;7.13994;7.30756;7.47121;7.6309;7.78662;7.94234;8.07218;8.17613;8.2542;8.30638;8.33268;8.35898;8.38528;8.41158;8.43787;8.49488;8.58259;8.70101;8.85014;9.02997;9.20981;9.38964;9.54214;9.66732;9.76516;9.83567;9.87885;9.92203;9.96521;10.0084;10.0516;10.0948;10.156;10.2352;10.3325;10.4477;10.581;10.7143;10.8614;11.0222;11.1967;11.3849;11.5869;11.7889;11.9909;12.1929;12.3949;12.5576;12.6811;12.7653;12.8102;12.8158;12.8215;12.8271;12.8328;12.8384;12.8254;12.7937;12.7433;12.6743;12.5866;12.5519;12.5704;12.6419;12.7621;12.9311;13.0957;13.256;13.4119;13.5678;13.7237;13.8807;14.0388;14.1979;14.3582;14.5195;14.6808;14.8219;14.9426;15.0431;15.1233;15.1832;15.2431;15.3031;15.363;15.4229;15.4828;15.5636;15.6652;15.7876;15.9309;16.095;16.2591;16.4232;16.5873;16.7514;16.9155;17.0866;17.2645;17.4494;17.6412;17.8399;18.0387;18.2374;18.4361;18.6348;18.8336;19.0308;19.2266;19.4209;19.6138;19.8051;19.9965;20.1879;20.3792;20.5706;20.762;20.9122;21.0214;21.0894;21.1163;21.1021;21.0879;21.0737;21.0595;21.0453;21.0306;21.0169;21","15;14.9138;14.8276;14.7414;14.6552;14.569;14.4828;14.3966;14.3104;14.2408;14.1877;14.1513;14.1315;14.1283;14.1252;14.122;14.1188;14.1156;14.1124;14.1491;14.2257;14.3422;14.4986;14.6949;14.8912;15.0875;15.2838;15.4801;15.6764;15.8726;16.0689;16.2651;16.4613;16.6574;16.8536;17.0497;17.2459;17.442;17.6382;17.8377;18.0405;18.2468;18.4563;18.6693;18.8822;19.0951;19.3081;19.4959;19.6586;19.7963;19.9324;20.067;20.2251;20.4069;20.6122;20.8175;21.0229;21.2282;21.4277;21.6215;21.8094;21.9916;22.168;22.3444;22.5208;22.6862;22.8406;22.9841;23.1165;23.238;23.3594;23.4823;23.6066;23.7324;23.8597;23.9883;24.117;24.2598;24.4166;24.5875;24.7725;24.9716;25.1707;25.3697;25.5688;25.7679;25.9119;26.001;26.035;26.014;25.9379;25.8619;25.7859;25.687;25.5653;25.4208;25.2534;25.0631;24.8729;24.6827;24.4924;24.3022;24.112;23.9871;23.9275;23.9332;24.0043;24.1407;24.2771;24.3746;24.4334;24.4533;24.4343;24.3766;24.3188;24.2611;24.2033;24.1455;24.0567;23.9368;23.7859;23.6038;23.3907;23.1776;22.9646;22.7515;22.5384;22.3302;22.1269;21.9284;21.7349;21.5463;21.3823;21.2431;21.1286;21.0241;20.9296;20.8203;20.6962;20.5574;20.4186;20.2798;20.1901;20.1495;20.158;20.2156;20.3223;20.429;20.4767;20.4654;20.3951;20.2658;20.0776;19.8893;19.701;19.5127;19.3244;19.1361;18.9627;18.804;18.6601;18.531;18.4166;18.3023;18.188;18.0737;17.9594;17.8451;17.7581;17.6985;17.6663;17.6615;17.684;17.7065;17.729;17.7516;17.7741;17.7966;17.803;17.7932;17.7674;17.7254;17.6672;17.6091;17.551;17.4929;17.4347;17.3766;17.2858;17.1622;17.0059;16.8168;16.5951;16.3733;16.1515;15.9297;15.708;15.4777;15.2644;15",0.279301,"0;0.35;0.65"
1.39763,0.0695632,1.39516,"1;1.0096;1.01921;1.02881;1.03842;1.04802;1.10883;1.22084;1.38406;1.59847;1.8641;2.12972;2.39534;2.64394;2.87553;3.0901;3.28766;3.4682;3.64874;3.82928;3.98601;4.11894;4.22807;4.31339;4.3749;4.43641;4.49792;4.5879;4.70632;4.85321;5.02855;5.23235;5.43615;5.63995;5.76382;5.80776;5.77177;5.65586;5.46001;5.26416;5.06831;4.91729;4.81109;4.74972;4.73317;4.76144;4.78971;4.81799;4.87296;4.95463;5.063;5.19806;5.35983;5.52159;5.68336;5.84884;6.01805;6.19098;6.36763;6.548;6.72837;6.90874;7.10983;7.33165;7.5742;7.83747;8.12146;8.40546;8.68945;8.97248;9.25455;9.53564;9.81577;10.0949;10.3741;10.6533;10.9397;11.2333;11.5342;11.8424;12.1578;12.4732;12.7821;13.0845;13.3804;13.6698;13.9527;14.2356;14.5185;14.8098;15.1095;15.4175;15.7339;16.0587;16.3835;16.6987;17.0043;17.3004;17.5868;17.8636;18.1404;18.4172;18.6988;18.9853;19.2767;19.5729;19.8739;20.1749;20.4689;20.756;21.036;21.3091;21.5751;21.8412;22.1073;22.3352;22.525;22.6766;22.7901;22.8655;22.9408;23.0239;23.1148;23.2134;23.3197;23.4338;23.5479;23.662;23.7223;23.7289;23.6817;23.5808;23.4262;23.2715;23.1779;23.1452;23.1735;23.2628;23.413;23.5633;23.7135;23.8746;24.0466;24.2294;24.4231;24.6277;24.8322;25.0154;25.1773;25.3179;25.437;25.5349;25.6328;25.7073;25.7584;25.7862;25.7906;25.7717;25.7528;25.7339;25.6522;25.5077;25.3005;25.0306;24.6978;24.4007;24.1391;23.9131;23.7226;23.5677;23.4028;23.2278;23.0428;22.8478;22.6427;22.4377;22.2686;22.1357;22.0387;21.9778;21.9201;21.8294;21.7059;21.5496;21.3603;21.19;21.0386;20.9061;20.7926;20.6981;20.6327;20.5967;20.5899;20.6123;20.664;20.7157;20.7674;20.8346;20.8707;21","15;15.2856;15.5711;15.8567;16.1422;16.4278;16.6773;16.8907;17.0681;17.2094;17.3146;17.4199;17.5251;17.6536;17.8054;17.9803;18.1785;18.4;18.6214;18.8429;19.0758;19.3203;19.5763;19.8438;20.1228;20.4018;20.6808;20.9441;21.1916;21.4233;21.6393;21.8396;22.0398;22.2401;22.4419;22.6452;22.8502;23.0566;23.2647;23.4727;23.6807;23.904;24.1426;24.3963;24.6654;24.9497;25.234;25.5183;25.7929;26.0577;26.3127;26.558;26.7935;27.029;27.2645;27.4972;27.7272;27.9543;28.1787;28.4003;28.6219;28.8435;29.027;29.1724;29.2799;29.3492;29.3805;29.4118;29.4431;29.4559;29.4504;29.4264;29.384;29.3231;29.2623;29.2015;29.1312;29.0516;28.9625;28.8641;28.7562;28.6484;28.5701;28.5214;28.5022;28.5126;28.5526;28.5925;28.6325;28.6795;28.7334;28.7944;28.8623;28.9373;29.0122;29.058;29.0747;29.0622;29.0205;28.9498;28.879;28.8082;28.723;28.6232;28.509;28.3803;28.2372;28.094;28.0003;27.9561;27.9613;28.016;28.1201;28.2243;28.3284;28.3468;28.2794;28.1262;27.8873;27.5626;27.2379;26.9257;26.6261;26.3391;26.0646;25.8026;25.5407;25.2787;25.0101;24.7348;24.4529;24.1643;23.869;23.5737;23.2889;23.0145;22.7506;22.4971;22.2541;22.0111;21.768;21.521;21.2699;21.0148;20.7556;20.4924;20.2292;19.957;19.6758;19.3855;19.0863;18.778;18.4697;18.166;17.867;17.5727;17.2829;16.9979;16.7128;16.4277;16.1962;16.0182;15.8939;15.8231;15.8059;15.7367;15.6156;15.4426;15.2176;14.9406;14.6804;14.4369;14.2102;14.0002;13.807;13.6137;13.4008;13.1683;12.9161;12.6443;12.3617;12.0879;11.8229;11.5668;11.3196;11.182;11.1541;11.2358;11.4271;11.7281;12.0251;12.3181;12.6071;12.8921;13.1731;13.4541;13.7351;14.1005;14.2971;15",0.804643,"0;0.366667;0.633333"
1.01864,0.261666,0.204741,"1;1.2118;1.42361;1.63541;1.84721;2.05902;2.27082;2.48262;2.64451;2.75647;2.81852;2.83065;2.79285;2.75506;2.71727;2.67948;2.64169;2.58097;2.49731;2.39073;2.26121;2.10876;1.95632;1.80387;1.65142;1.54189;1.47527;1.45157;1.47078;1.5329;1.59503;1.65715;1.71928;1.7814;1.88103;2.01814;2.19275;2.40486;2.65446;2.90406;3.15366;3.40326;3.61209;3.78013;3.90739;3.99388;4.03958;4.08528;4.13099;4.17669;4.2224;4.3078;4.43291;4.59773;4.80224;5.04646;5.29068;5.5349;5.77912;5.9368;6.00796;6.06861;6.11875;6.1584;6.27407;6.46577;6.65746;6.84916;7.04086;7.24023;7.44726;7.66196;7.88434;8.11438;8.34442;8.55685;8.75168;8.92891;9.08853;9.23055;9.37256;9.53094;9.70568;9.89679;10.1043;10.3281;10.5519;10.7757;11.0029;11.2333;11.467;11.704;11.9443;12.1846;12.4249;12.658;12.8839;13.1025;13.3138;13.518;13.7283;13.9448;14.1675;14.3963;14.6313;14.8663;15.1013;15.3363;15.5487;15.7385;15.9057;16.0597;16.2006;16.3509;16.5107;16.68;16.8492;17.0185;17.1877;17.3612;17.5391;17.7212;17.9076;18.0983;18.289;18.4797;18.6703;18.8508;19.021;19.1811;19.3309;19.4705;19.61;19.7496;19.8892;20.0515;20.2365;20.4442;20.6746;20.9278;21.1736;21.412;21.643;21.8666;22.0829;22.3023;22.5249;22.7507;22.9797;23.2119;23.3811;23.4875;23.531;23.5115;23.4864;23.5186;23.6079;23.6701;23.7051;23.6556;23.5217;23.3036;23.0859;22.8684;22.6513;22.4344;22.2718;22.1633;22.1091;22.109;22.1632;22.2173;22.2715;22.2925;22.2803;22.2349;22.1563;22.0446;21.9329;21.8211;21.7094;21.6584;21.6683;21.7389;21.8703;21.9796;22.0061;21.9498;21.8107;21.5888;21.3668;21.1915;21.0627;20.9805;20.9449;20.956;20.967;20.978;20.989;21","15;14.9328;14.8655;14.7983;14.731;14.6638;14.5965;14.5293;14.4317;14.3037;14.1454;13.9568;13.7378;13.5188;13.2999;13.0809;12.8619;12.6471;12.4364;12.2299;12.0276;11.8295;11.6313;11.4332;11.2351;11.0339;10.8297;10.6224;10.4121;10.1987;9.98534;9.77198;9.55862;9.34525;9.17739;9.05502;8.97814;8.94675;8.96087;8.97498;8.98909;9.0032;8.97099;8.89247;8.76763;8.59648;8.37901;8.16153;7.94406;7.72659;7.50912;7.34583;7.23673;7.18181;7.18108;7.23453;7.28798;7.34144;7.39489;7.40713;7.37816;7.36826;7.37743;7.40566;7.49417;7.64296;7.79175;7.94054;8.08933;8.21558;8.31929;8.40045;8.45907;8.49515;8.53122;8.52284;8.46999;8.37268;8.2309;8.04467;7.85843;7.71578;7.61671;7.56122;7.54932;7.581;7.61268;7.64436;7.66171;7.66473;7.65342;7.62779;7.58782;7.54786;7.5079;7.48982;7.49363;7.51933;7.56692;7.6364;7.68992;7.72751;7.74914;7.75483;7.74457;7.7343;7.72404;7.71378;7.65918;7.56024;7.41696;7.31118;7.24289;7.25643;7.3518;7.52901;7.70622;7.88343;8.06064;8.22643;8.3808;8.52376;8.6553;8.77542;8.89554;9.01566;9.13578;9.19539;9.19447;9.13305;9.0111;8.82864;8.64618;8.46372;8.28126;8.12547;7.99636;7.89392;7.81815;7.76905;7.75361;7.77183;7.82372;7.90927;8.02847;8.14287;8.25245;8.35721;8.45717;8.55231;8.67458;8.82399;9.00054;9.20422;9.39642;9.55;9.66497;9.73348;9.75553;9.76974;9.77609;9.76753;9.7519;9.7292;9.69943;9.66259;9.68118;9.75521;9.88467;10.0696;10.3099;10.5502;10.7905;11.0228;11.2471;11.4634;11.6717;11.872;12.0723;12.2726;12.4729;12.6593;12.8319;12.9906;13.1355;13.2326;13.2957;13.3248;13.3199;13.281;13.2422;13.2635;13.3451;13.4869;13.6889;13.9511;14.2133;14.4755;14.7378;15",0.0855484,"0;0.383333;0.616667"
0.866691,0.234905,0.469536,"1;1.16845;1.33689;1.50534;1.67378;1.84223;2.01067;2.17912;2.34756;2.51601;2.68623;2.85824;3.03202;3.20758;3.38493;3.56227;3.73962;3.91696;4.09431;4.27165;4.449;4.62263;4.79255;4.95877;5.12127;5.28006;5.43885;5.59764;5.75643;5.91523;6.05446;6.17415;6.27429;6.35487;6.4159;6.47693;6.53796;6.56166;6.54802;6.49705;6.40874;6.28309;6.15745;6.0318;5.90616;5.78051;5.71043;5.6959;5.73692;5.83351;5.98565;6.13779;6.28993;6.44207;6.59504;6.74885;6.90348;7.02061;7.10024;7.14153;7.14449;7.10912;7.07374;7.03836;7.00298;6.96761;6.93223;6.89685;6.85306;6.83501;6.84269;6.87611;6.93528;7.04519;7.1717;7.31481;7.47451;7.65082;7.82712;8.00342;8.17972;8.35602;8.53232;8.70706;8.88025;9.05189;9.22196;9.39048;9.559;9.72752;9.89604;10.0646;10.2404;10.4236;10.6142;10.8001;10.9814;11.1507;11.3081;11.4535;11.5989;11.7443;11.8968;12.0565;12.2232;12.397;12.578;12.759;12.9399;13.1209;13.3018;13.4828;13.6638;13.8414;14.0158;14.1869;14.3547;14.5192;14.6837;14.8482;15.0127;15.169;15.3171;15.4569;15.5886;15.712;15.8355;15.9589;16.0824;16.2058;16.3293;16.4413;16.5419;16.631;16.7088;16.7751;16.8414;16.9077;16.9741;17.0404;17.1067;17.1813;17.264;17.3551;17.4543;17.5618;17.6693;17.7767;17.8842;17.9917;18.1092;18.2366;18.3741;18.5215;18.6789;18.8363;18.9942;19.1527;19.3117;19.4712;19.6313;19.7913;19.9514;20.0846;20.1909;20.2704;20.323;20.3487;20.3744;20.4001;20.4259;20.4521;20.4788;20.506;20.5337;20.562;20.5902;20.6184;20.6466;20.6748;20.7302;20.8128;20.9226;21.0596;21.2237;21.3879;21.552;21.7162;21.8803;22.0445;22.2087;22.2961;22.3067;22.2407;22.0978;21.8783;21.6587;21.4391;21.2196;21","15;15.0684;15.1369;15.2053;15.2738;15.3422;15.4106;15.4791;15.5475;15.616;15.6787;15.7358;15.7873;15.833;15.8731;15.9132;15.9533;15.9934;16.0334;16.0735;16.1136;16.1658;16.2301;16.3065;16.395;16.4955;16.5961;16.6967;16.7973;16.8979;17.0127;17.1418;17.285;17.4425;17.6143;17.786;17.9578;18.1234;18.283;18.4365;18.5839;18.7252;18.8665;19.0078;19.1491;19.2905;19.4288;19.5642;19.6967;19.8262;19.9527;20.0793;20.2058;20.3324;20.4378;20.5222;20.5855;20.6592;20.7432;20.8587;21.0056;21.1839;21.3623;21.5406;21.719;21.8973;22.0756;22.254;22.4086;22.5616;22.713;22.8628;23.0109;23.1601;23.2882;23.3952;23.4812;23.5461;23.611;23.6759;23.7408;23.8057;23.8705;23.9091;23.9213;23.9072;23.8667;23.7999;23.7331;23.6663;23.5995;23.5327;23.4853;23.4572;23.4485;23.4276;23.3946;23.3302;23.2342;23.1068;22.9794;22.8519;22.7535;22.6841;22.6437;22.6323;22.65;22.6676;22.6852;22.7029;22.7205;22.7381;22.7557;22.786;22.8288;22.8843;22.9524;23.0331;23.1138;23.1945;23.2752;23.3083;23.2938;23.2317;23.1219;22.9646;22.8072;22.6498;22.4925;22.3351;22.1778;22.0154;21.8479;21.6755;21.498;21.3155;21.1329;20.9504;20.7679;20.5853;20.4028;20.2251;20.0523;19.8843;19.7211;19.5627;19.4044;19.2461;19.0877;18.9294;18.7832;18.6492;18.5272;18.4174;18.3198;18.2221;18.1642;18.1459;18.1674;18.2285;18.3294;18.4302;18.531;18.5729;18.5558;18.4797;18.3446;18.1506;17.9566;17.7625;17.5685;17.3765;17.1864;16.9984;16.8124;16.6283;16.4443;16.2602;16.0761;15.8921;15.7292;15.5875;15.467;15.3677;15.2895;15.2113;15.1331;15.055;14.9768;14.8986;14.8205;14.7675;14.7398;14.7373;14.7601;14.8081;14.8561;14.904;14.952;15",0.20692,"0;0.4;0.6"
1.17784,0.211818,0.230878,"1;1.11421;1.22841;1.34262;1.45682;1.59794;1.76596;1.9609;2.18274;2.4315;2.68026;2.90361;3.10156;3.27411;3.42126;3.54301;3.66475;3.7865;3.90653;4.02485;4.14146;4.25635;4.36953;4.48271;4.59589;4.73695;4.90589;5.10272;5.32743;5.58002;5.81728;6.03921;6.24582;6.43709;6.61304;6.78898;6.96493;7.14088;7.3308;7.5347;7.75258;7.98444;8.23028;8.47611;8.72195;8.96778;9.21404;9.46071;9.7078;9.95531;10.2032;10.4512;10.6991;10.947;11.1939;11.4397;11.6845;11.9282;12.1708;12.4135;12.6561;12.8987;13.1451;13.3952;13.649;13.9065;14.1678;14.429;14.6903;14.9473;15.2;15.4485;15.6927;15.9327;16.1727;16.4127;16.6527;16.8392;16.9722;17.0516;17.0775;17.0499;17.0223;16.9947;16.9671;16.9439;16.9249;16.9104;16.9001;16.8942;16.8883;16.8824;16.8765;16.9251;17.0281;17.1857;17.3978;17.6644;17.9309;18.1975;18.4457;18.6756;18.8871;19.0803;19.2551;19.4299;19.6047;19.7943;19.9988;20.2181;20.4523;20.7013;20.9503;21.1993;21.4451;21.6877;21.9271;22.1633;22.3963;22.6293;22.8623;23.0953;23.3285;23.5619;23.7955;24.0293;24.2632;24.4972;24.698;24.8657;25.0003;25.1017;25.17;25.2383;25.3066;25.3629;25.4071;25.4392;25.4593;25.4673;25.4754;25.4834;25.5266;25.6051;25.7189;25.8678;26.052;26.2362;26.4204;26.5429;26.6035;26.6195;26.5907;26.5171;26.4606;26.4211;26.3374;26.2094;26.0371;25.8206;25.5757;25.3466;25.1334;24.936;24.7545;24.5761;24.4007;24.2284;24.0591;23.9557;23.9151;23.9372;24.01;24.1333;24.2444;24.3434;24.4302;24.5169;24.5942;24.6427;24.6625;24.6534;24.6133;24.5517;24.4616;24.343;24.196;24.0229;23.8237;23.6244;23.4251;23.2173;23.0008;22.7757;22.5255;22.2501;21.9582;21.6498;21.3249;21","15;14.7808;14.5617;14.3425;14.1234;13.9278;13.7558;13.6074;13.4825;13.3812;13.2799;13.1492;12.9891;12.7995;12.5805;12.3321;12.0837;11.8353;11.5883;11.3428;11.0987;10.856;10.6147;10.3735;10.1323;9.91783;9.73019;9.56936;9.43533;9.32811;9.20681;9.07144;8.92198;8.75846;8.58085;8.40325;8.22565;8.04804;7.89687;7.77214;7.67383;7.60196;7.55652;7.51108;7.46564;7.4202;7.37743;7.33731;7.29986;7.26507;7.23294;7.20082;7.16869;7.13656;7.09882;7.05547;7.0065;6.95192;6.89173;6.83154;6.77135;6.71115;6.66997;6.64779;6.64462;6.66046;6.69531;6.73016;6.765;6.77888;6.77177;6.7437;6.69465;6.62462;6.5546;6.48457;6.41455;6.30883;6.16743;5.99034;5.77755;5.52908;5.28061;5.03214;4.78367;4.5349;4.28585;4.0365;3.78686;3.53693;3.287;3.03707;2.78714;2.60254;2.48327;2.42933;2.44072;2.51745;2.59417;2.67089;2.77408;2.90373;3.05985;3.24243;3.45148;3.66053;3.86958;4.04089;4.17445;4.27027;4.32834;4.34867;4.369;4.38933;4.38748;4.36344;4.31722;4.24882;4.15823;4.06765;3.97706;3.88648;3.8402;3.83823;3.88056;3.96721;4.09816;4.22911;4.38158;4.55558;4.75109;4.96813;5.20668;5.44524;5.6838;5.93167;6.18887;6.45539;6.73122;7.01637;7.30153;7.58668;7.85026;8.09227;8.3127;8.51156;8.68884;8.86612;9.04341;9.22277;9.4042;9.60223;9.81686;10.0481;10.2938;10.5541;10.7382;10.8461;10.8779;10.8335;10.774;10.7756;10.8382;10.9618;11.1466;11.3348;11.5265;11.7217;11.9204;12.0387;12.0731;12.0235;11.9841;11.9548;12.0196;12.1784;12.4313;12.6842;12.9657;13.2485;13.5324;13.8174;14.0015;14.0558;14.0959;14.1218;14.1334;14.233;14.4206;14.6081;14.7956;14.929;15.0083;15.0333;15.0248;14.9828;14.9614;14.9605;14.9803;15",0.0722176,"0;0.416667;0.583333"
1.32955,0.126789,1.11605,"1;1.2364;1.47281;1.70921;1.94562;2.18202;2.40612;2.6179;2.81736;3.00452;3.17936;3.3542;3.52904;3.71394;3.90889;4.11389;4.32894;4.55405;4.77916;4.96594;5.11437;5.22446;5.29622;5.32963;5.36305;5.32423;5.21317;5.02987;4.77433;4.52395;4.35097;4.25537;4.23717;4.29636;4.35555;4.41474;4.47463;4.53524;4.59656;4.65858;4.72131;4.71946;4.65303;4.52202;4.32642;4.16769;4.11038;4.1481;4.28084;4.5086;4.72995;4.94488;5.15981;5.37475;5.57255;5.75324;5.9168;6.06323;6.21583;6.39172;6.59089;6.81335;7.0591;7.30485;7.55554;7.81118;8.07176;8.33728;8.60775;8.87821;9.0623;9.16001;9.17134;9.0963;9.00678;8.98918;9.04348;9.1697;9.38436;9.61555;9.85643;10.107;10.3672;10.6206;10.8671;11.1136;11.3804;11.5433;11.6023;11.5574;11.4086;11.1356;10.8627;10.5897;10.4318;10.3889;10.461;10.5907;10.778;10.9077;10.98;10.9947;11.0095;11.0791;11.2035;11.3828;11.6182;11.9097;12.2025;12.4965;12.782;13.0578;13.3238;13.58;13.8265;14.0787;14.3365;14.6001;14.8693;15.1443;15.4192;15.6942;15.9524;16.1938;16.4186;16.6265;16.8178;17.009;17.2002;17.383;17.5572;17.723;17.8803;18.0291;18.1779;18.3267;18.5121;18.7341;18.9927;19.2879;19.6197;19.9514;20.2714;20.5795;20.8757;21.1601;21.4327;21.7052;21.9778;22.2608;22.5542;22.8581;23.1724;23.4971;23.8219;24.113;24.3704;24.5943;24.7845;24.941;25.0975;25.2541;25.3548;25.3998;25.3889;25.3223;25.1998;25.0774;24.9745;24.8914;24.8278;24.7839;24.7596;24.7354;24.7111;24.6257;24.4792;24.2716;24.0029;23.6731;23.3433;23.0604;22.8245;22.6356;22.4936;22.3986;22.3036;22.2086;22.1016;21.9825;21.8514;21.7082;21.5785;21.4742;21.3953;21.342;21.314;21.2401;21.2582;21","15;15.1605;15.3209;15.4814;15.6418;15.8023;15.9758;16.1625;16.3623;16.5751;16.8011;17.0271;17.253;17.4807;17.7101;17.9411;18.1739;18.4083;18.6428;18.8882;19.1447;19.4121;19.6905;19.9799;20.2693;20.509;20.699;20.8393;20.9298;21.0175;21.1518;21.3329;21.5607;21.8352;22.1097;22.3843;22.6665;22.9563;23.2539;23.5591;23.8719;24.1522;24.3998;24.6149;24.7973;24.9624;25.1426;25.3302;25.5251;25.7273;25.9218;26.1083;26.2949;26.4814;26.5747;26.5748;26.4815;26.295;26.1025;25.9971;25.9789;26.048;26.2042;26.3605;26.5084;26.6479;26.7791;26.9019;27.0163;27.1308;27.171;27.137;27.0287;26.8462;26.5968;26.3546;26.1196;25.8919;25.7022;25.5433;25.3976;25.2651;25.1459;25.0092;24.8551;24.7009;24.5276;24.4021;24.3242;24.2941;24.3117;24.3962;24.4806;24.565;24.613;24.6244;24.5994;24.4925;24.3038;24.0697;23.7903;23.4655;23.1408;22.8968;22.7337;22.6515;22.6224;22.6465;22.643;22.6119;22.5397;22.4539;22.3546;22.2418;22.1154;22.0299;21.9852;21.9813;22.0182;22.0959;22.1736;22.2513;22.3559;22.4874;22.6459;22.8313;23.0435;23.2558;23.4681;23.6867;23.9116;24.1429;24.3805;24.6244;24.8683;25.1122;25.3137;25.473;25.5899;25.6644;25.6966;25.7288;25.7717;25.8253;25.8896;25.9646;26.0503;26.1359;26.2216;26.2751;26.2965;26.2856;26.2426;26.1674;26.0922;25.9842;25.8435;25.67;25.4638;25.2247;24.9857;24.7467;24.4935;24.2261;23.9445;23.6486;23.3386;23.0286;22.7236;22.4237;22.1289;21.8392;21.5545;21.2698;20.9851;20.7477;20.5576;20.4149;20.3194;20.2712;20.223;20.1305;19.9938;19.8129;19.5876;19.3182;19.0487;18.7793;18.5096;18.2397;17.9697;17.6994;17.4049;17.0864;16.7438;16.3772;15.9865;15.633;15.2053;15",0.561782,"0;0.433333;0.566667"
1.51457,0.121329,1.672,"1;1.08337;1.16673;1.2501;1.33347;1.40445;1.46304;1.50925;1.54308;1.56451;1.58595;1.60016;1.60712;1.60685;1.59935;1.58461;1.56987;1.55086;1.52758;1.50004;1.46822;1.43214;1.39605;1.38455;1.39764;1.43532;1.49759;1.58444;1.67129;1.74621;1.80921;1.86027;1.89941;1.92662;1.95383;2.02966;2.1541;2.32717;2.54886;2.81918;3.09963;3.39024;3.69099;4.00188;4.32467;4.64921;4.97549;5.30351;5.63328;5.96306;6.28309;6.59337;6.89392;7.18472;7.46578;7.74684;8.03619;8.33381;8.63971;8.9539;9.27636;9.59883;9.92208;10.2461;10.5709;10.8965;11.2229;11.5499;11.8775;12.2057;12.5345;12.8507;13.1538;13.4438;13.7206;13.9842;14.265;14.5629;14.878;15.2101;15.5448;15.8647;16.1699;16.4644;16.748;17.0356;17.3271;17.6224;17.9178;18.2128;18.5074;18.8015;19.0953;19.3887;19.6821;19.9857;20.2995;20.6236;20.9496;21.2776;21.5973;21.9089;22.1451;22.3142;22.4162;22.4511;22.4608;22.5122;22.5408;22.5467;22.5299;22.4484;22.3024;22.1193;21.899;21.6415;21.3468;21.0149;20.7752;20.6275;20.572;20.6108;20.7441;20.8797;20.9262;20.8839;20.7502;20.5253;20.2091;19.8921;19.5742;19.2555;18.936;18.6156;18.3498;18.1386;17.9819;17.8543;17.7556;17.6315;17.4817;17.3064;17.1311;16.9458;16.7507;16.5455;16.3304;16.224;16.2362;16.367;16.6164;16.8535;16.9596;17.0158;17.0222;16.9788;17.0165;17.1321;17.2445;17.3262;17.3773;17.3977;17.3907;17.3563;17.3219;17.3154;17.3369;17.3863;17.4584;17.5531;17.6425;17.7267;17.8055;17.9348;18.1145;18.3446;18.6252;18.9561;19.2871;19.6111;19.928;20.2378;20.5407;20.8365;21.0631;21.2205;21.3087;21.3277;21.2776;21.2274;21.2091;21.2225;21.2678;21.3448;21.4537;21.496;21.4718;21.381;21.2238;21","15;15.3227;15.6455;15.9682;16.291;16.6157;16.9424;17.2711;17.6017;17.9344;18.267;18.5997;18.9325;19.2654;19.5983;19.9313;20.2643;20.597;20.9294;21.2614;21.5931;21.9245;22.2558;22.5853;22.9129;23.2385;23.5622;23.884;24.2059;24.5298;24.8557;25.1838;25.5139;25.8462;26.1784;26.4069;26.5316;26.5525;26.4697;26.2832;26.1265;25.9997;25.9029;25.8359;25.8159;25.813;25.8274;25.8588;25.9074;25.956;26.0307;26.1316;26.2585;26.4116;26.5908;26.77;26.9303;27.0716;27.1939;27.2973;27.3817;27.4661;27.5469;27.6241;27.6976;27.7675;27.8338;27.9146;28.0099;28.1197;28.244;28.4152;28.6188;28.8548;29.1232;29.424;29.6553;29.8169;29.909;29.9314;29.8328;29.6825;29.4807;29.3193;29.1981;29.1688;29.2314;29.3859;29.5404;29.6957;29.8517;30.0084;30.1659;30.3241;30.4823;30.5734;30.5972;30.5539;30.4277;30.2187;29.9941;29.7539;29.4796;29.1869;28.8756;28.5459;28.22;27.9161;27.6138;27.313;27.0137;26.6938;26.3531;26.036;25.7422;25.472;25.2252;25.0019;24.8878;24.883;24.9874;25.0645;25.1143;25.0274;24.8338;24.5334;24.2628;24.022;23.811;23.6769;23.6197;23.6395;23.7361;23.9097;23.9797;23.9462;23.8092;23.6942;23.6012;23.6336;23.7916;24.0752;24.3587;24.5247;24.5732;24.5043;24.3179;24.0421;23.7944;23.5747;23.3831;23.1839;22.949;22.6797;22.3759;22.0377;21.7008;21.3721;21.0504;20.73;20.4111;20.0937;19.7708;19.4424;19.114;18.7832;18.4499;18.1141;17.9224;17.8748;17.9738;18.2194;18.6115;18.9173;19.1368;19.2699;19.3167;19.2772;19.2377;19.1522;19.0207;18.8434;18.62;18.3508;18.0694;17.7761;17.4706;17.1532;16.8236;16.4941;16.1535;15.8018;15.439;15.0652;14.6803;14.445;14.3593;14.4233;14.6368;15",0.85103,"0;0.45;0.55"
0.977795,0.204472,0.61227,"1;1.16721;1.33442;1.50163;1.66884;1.83605;2.00326;2.17047;2.33768;2.4614;2.54161;2.57832;2.57154;2.52126;2.47098;2.4207;2.37042;2.32013;2.26935;2.21807;2.16629;2.11401;2.06123;2.00845;1.95567;1.90289;1.85011;1.79733;1.73892;1.67489;1.60524;1.52996;1.44906;1.36816;1.28725;1.20635;1.12545;1.0947;1.11411;1.18368;1.30341;1.4733;1.64319;1.81308;1.98296;2.16283;2.35269;2.55253;2.76236;2.98217;3.20199;3.4218;3.63833;3.85158;4.06155;4.26825;4.47166;4.67507;4.87849;5.0819;5.28531;5.48816;5.69043;5.89214;6.09329;6.29386;6.49444;6.69501;6.88272;7.05756;7.21953;7.36864;7.50488;7.64112;7.77736;7.91359;8.04983;8.18607;8.33918;8.50915;8.696;8.89971;9.12029;9.34087;9.56146;9.78204;10.0026;10.2174;10.4265;10.6297;10.8272;11.0189;11.2106;11.4023;11.5941;11.7858;11.9775;12.1303;12.2443;12.3194;12.3556;12.3529;12.3502;12.3475;12.3449;12.3422;12.3641;12.4106;12.4816;12.5772;12.6974;12.8176;12.9378;13.0579;13.186;13.3219;13.4657;13.6174;13.7769;13.9364;14.096;14.2555;14.415;14.5746;14.737;14.9023;15.0705;15.2415;15.4155;15.5894;15.7634;15.9373;16.0716;16.1662;16.2211;16.2364;16.212;16.1877;16.1633;16.1389;16.1145;16.0783;16.0304;15.9706;15.8991;15.8158;15.7324;15.6491;15.5658;15.4825;15.4304;15.4094;15.4196;15.461;15.5336;15.6062;15.6788;15.7514;15.8449;15.9594;16.0948;16.2511;16.4284;16.6057;16.7829;16.9602;17.1402;17.3229;17.5082;17.6963;17.8782;18.0512;18.2153;18.3502;18.4557;18.5409;18.6056;18.65;18.6943;18.7294;18.7551;18.7716;18.7788;18.7766;18.7745;18.7724;18.7702;18.7681;18.8082;18.8905;19.0151;19.1819;19.391;19.6058;19.8266;20.0531;20.2854;20.5236;20.7618;21","15;15.1097;15.2195;15.3292;15.4389;15.5487;15.6584;15.7681;15.8778;16.0089;16.1613;16.3351;16.5302;16.7467;16.9631;17.1796;17.3961;17.6125;17.8243;18.0313;18.2336;18.4313;18.6242;18.8171;19.01;19.2029;19.3958;19.5887;19.7844;19.983;20.1843;20.3885;20.5954;20.8024;21.0094;21.2164;21.4233;21.613;21.7855;21.9407;22.0787;22.1993;22.32;22.4407;22.5614;22.6562;22.7252;22.7684;22.7857;22.7772;22.7687;22.7602;22.7469;22.7289;22.7061;22.6786;22.6464;22.6142;22.5819;22.5497;22.5175;22.4984;22.4925;22.4997;22.5202;22.5537;22.5873;22.6209;22.6771;22.7558;22.8571;22.9809;23.1274;23.2738;23.4202;23.5666;23.713;23.8595;23.982;24.0806;24.1554;24.2062;24.2332;24.2601;24.2871;24.314;24.341;24.3739;24.4129;24.4579;24.5088;24.5658;24.6228;24.6798;24.7368;24.7938;24.8507;24.8519;24.7972;24.6866;24.5203;24.2981;24.0759;23.8537;23.6315;23.4092;23.1954;22.99;22.7931;22.6045;22.4243;22.2441;22.0639;21.8837;21.7637;21.7038;21.7041;21.7646;21.8852;22.0058;22.1264;22.247;22.3677;22.4883;22.6085;22.7282;22.8475;22.9663;23.0847;23.2031;23.3215;23.44;23.4919;23.4774;23.3965;23.2491;23.0353;22.8215;22.6077;22.3938;22.18;21.9699;21.7635;21.5608;21.3619;21.1666;20.9714;20.7761;20.5809;20.3856;20.1908;19.9964;19.8025;19.6089;19.4158;19.2227;19.0296;18.8365;18.7038;18.6316;18.6197;18.6682;18.7772;18.8861;18.9951;19.104;19.1964;19.2722;19.3314;19.3741;19.3744;19.349;19.2979;19.2015;19.0598;18.8986;18.7178;18.5174;18.3171;18.1141;17.9085;17.7003;17.4896;17.2761;17.0627;16.8493;16.6359;16.4225;16.2444;16.1016;15.9941;15.9219;15.8851;15.8231;15.7361;15.624;15.4868;15.3245;15.1623;15",0.260053,"0;0.466667;0.533333"
0.83256,0.222971,0.169734,"1;1.17755;1.35509;1.53264;1.71018;1.88773;2.06528;2.24282;2.42037;2.59792;2.76048;2.90805;3.04063;3.15823;3.26084;3.36346;3.43662;3.48034;3.49461;3.47943;3.43481;3.39018;3.34556;3.30093;3.25631;3.21169;3.16706;3.16404;3.20262;3.2828;3.40458;3.56797;3.73136;3.89474;4.05813;4.22151;4.3849;4.54829;4.71393;4.88184;5.052;5.22443;5.39912;5.57381;5.74849;5.92318;6.0614;6.16315;6.22843;6.25724;6.24958;6.24192;6.23425;6.22659;6.21893;6.21127;6.20361;6.18999;6.17039;6.14483;6.1133;6.0758;6.0383;6.0008;5.9633;5.9258;5.8883;5.8508;5.85716;5.90738;6.00145;6.13938;6.32117;6.50295;6.68474;6.86653;7.04832;7.2301;7.41189;7.59197;7.77034;7.947;8.12196;8.29521;8.46845;8.6417;8.81494;8.98819;9.16144;9.33468;9.49477;9.64169;9.77544;9.89604;10.0035;10.1109;10.2183;10.3258;10.4332;10.5522;10.6827;10.8248;10.9783;11.1435;11.3086;11.4738;11.6424;11.8145;11.9901;12.1693;12.3519;12.5345;12.7171;12.8997;13.0755;13.2446;13.4069;13.5625;13.7112;13.86;14.0088;14.1575;14.3063;14.412;14.4747;14.5332;14.5876;14.6379;14.7271;14.8552;14.9833;15.1115;15.2396;15.3679;15.4965;15.6253;15.7543;15.8835;16.0127;16.1285;16.2307;16.3196;16.3949;16.4568;16.5187;16.5806;16.6425;16.7279;16.8367;16.969;17.1248;17.304;17.4832;17.6572;17.826;17.9895;18.1478;18.289;18.4184;18.5358;18.6413;18.735;18.8286;18.9222;19.0159;19.083;19.1236;19.1376;19.1527;19.169;19.2128;19.2843;19.3833;19.4824;19.5815;19.6806;19.7796;19.8722;19.9583;20.0378;20.1109;20.1472;20.1534;20.1293;20.075;19.9906;19.9061;19.8216;19.7371;19.7014;19.7143;19.776;19.8864;20.0455;20.2045;20.3636;20.5227;20.6818;20.8409;21","15;14.9608;14.9216;14.8825;14.8433;14.8041;14.7649;14.7257;14.6865;14.6474;14.5872;14.5061;14.4041;14.2811;14.1371;13.9932;13.8427;13.6859;13.5225;13.3527;13.1765;13.0002;12.824;12.6477;12.4715;12.2952;12.1189;11.962;11.8243;11.706;11.6069;11.5271;11.4474;11.3676;11.2878;11.208;11.1283;11.0485;10.9741;10.9049;10.8411;10.7825;10.7293;10.6761;10.6228;10.5696;10.4907;10.3861;10.2558;10.0999;9.9182;9.73654;9.55489;9.37323;9.19157;9.00991;8.82826;8.64735;8.46719;8.28779;8.10913;7.93122;7.75331;7.5754;7.39749;7.21958;7.04167;6.86376;6.72077;6.61268;6.53951;6.50126;6.49791;6.49457;6.49123;6.48789;6.48454;6.4812;6.47786;6.48622;6.50628;6.53804;6.58151;6.63668;6.69185;6.74702;6.80219;6.85736;6.91253;6.96769;6.98164;6.95436;6.88586;6.77613;6.62518;6.47423;6.32328;6.17233;6.02138;5.90158;5.81295;5.75546;5.72914;5.73397;5.7388;5.74363;5.74765;5.75085;5.75325;5.75483;5.75559;5.75636;5.75712;5.75789;5.77855;5.81912;5.87958;5.95994;6.0602;6.16046;6.26072;6.36098;6.46124;6.57815;6.71173;6.8478;6.98639;7.12747;7.2544;7.36718;7.47995;7.59273;7.7055;7.76842;7.78148;7.74467;7.65801;7.52148;7.38496;7.30721;7.28825;7.32806;7.42666;7.58404;7.74141;7.89879;8.05617;8.19578;8.31762;8.4217;8.50801;8.57655;8.64509;8.7084;8.76647;8.81932;8.86692;8.92933;9.01176;9.11422;9.23671;9.37923;9.52175;9.66427;9.80679;9.96052;10.1255;10.3016;10.4795;10.659;10.829;10.9896;11.1406;11.2916;11.4426;11.5936;11.7446;11.9026;12.0675;12.2395;12.4184;12.5962;12.766;12.9278;13.0815;13.2271;13.3728;13.5184;13.6641;13.8038;13.9376;14.0655;14.1875;14.3036;14.4197;14.5357;14.6518;14.7679;14.8839;15",0.0891626,"0;0.483333;0.516667"
1.32685,0.178296,1.58389,"1;1.28571;1.57143;1.85714;2.14286;2.42857;2.70578;2.97449;3.23469;3.48639;3.72958;3.97277;4.21597;4.43513;4.63026;4.80136;4.94843;5.07147;5.1945;5.31754;5.42109;5.50514;5.56969;5.61476;5.64033;5.66589;5.69146;5.7323;5.7884;5.85977;5.9464;6.0483;6.1502;6.2521;6.37168;6.50894;6.66388;6.83651;7.02681;7.22694;7.4369;7.65669;7.8863;8.12574;8.36519;8.60463;8.8276;9.03411;9.22415;9.39773;9.55484;9.71195;9.86906;10.0361;10.2129;10.3997;10.5964;10.8029;11.0095;11.216;11.3398;11.3808;11.3391;11.2146;11.0073;10.8001;10.5928;10.3913;10.1957;10.0058;9.82181;9.64359;9.46536;9.28713;9.16667;9.10398;9.09905;9.15189;9.26249;9.3731;9.4837;9.56489;9.61665;9.639;9.63193;9.59544;9.55895;9.52245;9.55802;9.66564;9.84531;10.097;10.4161;10.7304;11.0241;11.2971;11.5495;11.786;12.0066;12.2272;12.4617;12.7099;12.972;13.2422;13.5206;13.7933;14.0604;14.3218;14.5775;14.8275;15.0717;15.3102;15.5429;15.7757;15.9889;16.1826;16.3568;16.5114;16.6465;16.7816;16.9167;17.0818;17.277;17.5022;17.7574;18.0427;18.3279;18.6132;18.899;19.1854;19.4723;19.6999;19.8681;19.9763;20.0246;20.013;20.0163;20.0346;20.0678;20.1159;20.179;20.2421;20.345;20.4877;20.6701;20.8924;21.0477;21.0962;21.038;20.8731;20.6746;20.5494;20.4975;20.5178;20.6102;20.7016;20.7919;20.8812;20.9403;20.9693;20.9681;20.9367;20.8753;20.873;20.9299;21.046;21.2213;21.4557;21.6902;21.8479;21.9287;21.9328;21.86;21.7105;21.6347;21.6326;21.7043;21.8497;22.0688;22.288;22.4928;22.6831;22.859;23.0205;23.1675;23.3146;23.4616;23.5339;23.5313;23.4539;23.3017;23.0746;22.8878;22.6979;22.5106;22.3256;22.0938;21.775;21.4615;21","15;15;15;15;15;15;15.03;15.09;15.18;15.2999;15.4499;15.5999;15.7498;15.9214;16.1145;16.3292;16.5655;16.8234;17.0812;17.3391;17.6023;17.8708;18.1447;18.4239;18.7085;18.9931;19.2777;19.5587;19.8362;20.1102;20.3806;20.6476;20.9145;21.1814;21.3465;21.4099;21.3714;21.2311;20.989;20.8265;20.7436;20.7403;20.8166;20.9725;21.1284;21.2842;21.4567;21.6457;21.8512;22.0733;22.3119;22.5506;22.7892;23.0196;23.2418;23.4557;23.6613;23.8587;24.0561;24.2535;24.4508;24.6479;24.8449;25.0417;25.2383;25.435;25.6316;25.8336;26.041;26.2536;26.4716;26.6949;26.9182;27.1415;27.3729;27.6122;27.8596;28.115;28.3785;28.6419;28.9053;29.1728;29.4442;29.7196;29.9989;30.2823;30.5657;30.8491;31.085;31.2733;31.4142;31.5076;31.5898;31.7083;31.7792;31.8023;31.7779;31.6694;31.4771;31.2847;31.1642;31.1155;31.1387;31.235;31.4043;31.5748;31.7465;31.9194;32.0164;32.0376;31.983;31.8525;31.6461;31.4398;31.2243;30.9998;30.7663;30.5236;30.2718;30.0201;29.7683;29.5702;29.4256;29.3346;29.2972;29.3133;29.3295;29.3457;29.3445;29.3258;29.2898;29.1828;29.0048;28.7732;28.488;28.1492;27.8151;27.4857;27.1611;26.8411;26.5259;26.2107;25.9234;25.664;25.4327;25.2292;25.0566;24.8868;24.7198;24.5556;24.3699;24.1597;23.9251;23.6587;23.3604;23.0548;22.7417;22.4213;22.1016;21.7827;21.4646;21.1473;20.8308;20.6164;20.5041;20.4938;20.5857;20.7796;20.9736;21.0811;21.1021;21.0367;20.8849;20.6466;20.4187;20.201;19.9936;19.7966;19.6098;19.4231;19.2266;19.0203;18.8043;18.5784;18.3429;18.1073;17.8717;17.6454;17.4285;17.2209;17.0227;16.8337;16.6705;16.525;16.3447;16.1296;15.8954;15.6163;15.2846;15",0.729609,"0;0.5;0.5"
0.65901,0.271167,0.319791,"1;1.10853;1.21707;1.3256;1.43414;1.54267;1.65121;1.75974;1.86828;1.97681;2.08535;2.19388;2.30242;2.41095;2.50134;2.57357;2.62765;2.66357;2.68135;2.69912;2.71689;2.73467;2.75244;2.77022;2.78799;2.80576;2.82354;2.84131;2.85908;2.89777;2.95736;3.03787;3.13928;3.26161;3.38393;3.50626;3.62858;3.7509;3.87323;3.99555;4.11788;4.2402;4.36253;4.47721;4.58424;4.68362;4.77535;4.85944;4.94352;5.02761;5.1117;5.19578;5.27987;5.36395;5.44804;5.53213;5.61621;5.7003;5.79055;5.88696;5.98953;6.09827;6.21317;6.32807;6.44297;6.55787;6.67276;6.78766;6.90256;7.01746;7.13236;7.24726;7.36372;7.48176;7.60136;7.72253;7.84527;7.96801;8.09074;8.21348;8.33622;8.45896;8.5817;8.70443;8.82647;8.94782;9.06846;9.18841;9.30766;9.4269;9.54615;9.6654;9.78465;9.90636;10.0305;10.1571;10.2862;10.4178;10.5493;10.6808;10.8124;10.9337;11.0447;11.1456;11.2423;11.3349;11.4337;11.5386;11.6496;11.7607;11.8717;11.9827;12.0938;12.2048;12.3159;12.4252;12.533;12.639;12.7434;12.8461;12.9488;13.0516;13.1543;13.257;13.3597;13.4624;13.5651;13.6679;13.7706;13.8733;13.9829;14.0992;14.2225;14.3525;14.4894;14.6263;14.7632;14.9;15.0369;15.1738;15.3107;15.4476;15.5845;15.7213;15.8494;15.9687;16.0792;16.1809;16.2737;16.3666;16.4595;16.5523;16.6452;16.7381;16.831;16.9238;17.0167;17.1096;17.2024;17.2939;17.3838;17.4723;17.5594;17.645;17.7306;17.8163;17.9019;17.9875;18.0731;18.1587;18.2443;18.3299;18.4156;18.5092;18.6108;18.7205;18.8382;18.9638;19.0895;19.2152;19.3409;19.4666;19.5923;19.718;19.8436;19.9693;20.095;20.2207;20.3318;20.4283;20.5103;20.5777;20.6304;20.6832;20.736;20.7888;20.8416;20.8944;20.9472;21","15;15.0774;15.1549;15.2323;15.3098;15.3872;15.4647;15.5421;15.6196;15.697;15.7745;15.8519;15.9294;16.0068;16.0952;16.1945;16.3048;16.426;16.5581;16.6903;16.8224;16.9546;17.0867;17.2188;17.351;17.4831;17.6153;17.7474;17.8796;18;18.1088;18.206;18.2914;18.3652;18.439;18.5128;18.5866;18.6604;18.7342;18.8079;18.8817;18.9555;19.0293;19.109;19.1947;19.2863;19.3838;19.4873;19.5908;19.6943;19.7977;19.9012;20.0047;20.1082;20.2117;20.3151;20.4186;20.5221;20.6218;20.7179;20.8102;20.8988;20.9837;21.0686;21.1535;21.2384;21.3233;21.4082;21.493;21.5779;21.6628;21.7477;21.8039;21.8315;21.8303;21.8005;21.742;21.6836;21.6251;21.5666;21.5081;21.4496;21.3911;21.3326;21.2713;21.2071;21.14;21.07;20.9972;20.9244;20.8516;20.7788;20.7059;20.6496;20.6099;20.5867;20.5799;20.5898;20.5996;20.6094;20.6192;20.6532;20.7112;20.7933;20.8911;21.0047;21.1099;21.2067;21.2952;21.3837;21.4722;21.5607;21.6492;21.7377;21.8261;21.8799;21.899;21.8834;21.8331;21.7481;21.6631;21.5781;21.4931;21.408;21.323;21.238;21.153;21.068;20.983;20.898;20.8218;20.7544;20.6959;20.6462;20.6053;20.5645;20.5236;20.4827;20.4418;20.4009;20.3601;20.3192;20.2783;20.2374;20.1856;20.1228;20.0491;19.9643;19.8687;19.773;19.6773;19.5817;19.486;19.3903;19.2947;19.199;19.1033;19.0076;18.912;18.8126;18.7094;18.6025;18.4919;18.3776;18.2632;18.1488;18.0345;17.9201;17.8058;17.6914;17.577;17.4627;17.3483;17.2479;17.1615;17.0891;17.0306;16.9861;16.9416;16.897;16.8525;16.808;16.7635;16.719;16.6745;16.63;16.5855;16.541;16.4763;16.3915;16.2866;16.1616;16.0164;15.8712;15.726;15.5808;15.4356;15.2904;15.1452;15",0.120214,"0;0.516667;0.483333"
0.976136,0.23228,0.550091,"1;1.18947;1.37894;1.56842;1.75789;1.94736;2.13683;2.32631;2.51578;2.6928;2.85738;3.00951;3.1492;3.27644;3.40367;3.53091;3.65815;3.78539;3.91263;4.01741;4.09974;4.15961;4.19704;4.212;4.23188;4.25668;4.28639;4.32102;4.36056;4.4001;4.43964;4.47918;4.51873;4.55827;4.61315;4.68339;4.76896;4.86989;4.98616;5.10243;5.2187;5.33496;5.45123;5.5142;5.52385;5.4802;5.38324;5.23297;5.0827;4.93243;4.78216;4.6319;4.48163;4.34401;4.21903;4.1067;4.00702;3.91999;3.83295;3.74592;3.65888;3.57185;3.54117;3.56684;3.64887;3.78725;3.98199;4.17673;4.37147;4.56621;4.76095;4.95568;5.151;5.34689;5.54335;5.7404;5.93801;6.13563;6.33325;6.53087;6.72849;6.90598;7.06335;7.2006;7.31772;7.41471;7.51171;7.60871;7.70571;7.8027;7.8997;8.01703;8.15469;8.31269;8.49101;8.68967;8.88833;9.08699;9.28193;9.47316;9.66068;9.84448;10.0246;10.2047;10.3847;10.5669;10.7512;10.9375;11.126;11.3165;11.507;11.6976;11.8881;12.0786;12.2692;12.4666;12.6709;12.8818;13.0994;13.3237;13.5477;13.7715;13.9805;14.1749;14.3545;14.5194;14.684;14.8628;15.056;15.2635;15.4854;15.7072;15.929;16.1509;16.3727;16.5901;16.8031;17.0117;17.2159;17.4157;17.6155;17.8152;18.015;18.1734;18.2903;18.3658;18.3999;18.3926;18.3853;18.378;18.3707;18.3854;18.422;18.4806;18.5612;18.6638;18.7664;18.869;18.9715;19.0741;19.1985;19.3448;19.513;19.703;19.9149;20.1268;20.3387;20.5506;20.7624;20.9573;21.1352;21.296;21.4398;21.5665;21.6933;21.8201;21.9468;22.0736;22.2004;22.2647;22.2665;22.2059;22.0829;21.8971;21.711;21.5246;21.3407;21.1593;20.9808;20.8051;20.6322;20.5142;20.4513;20.4433;20.4903;20.5922;20.6942;20.7961;20.8981;21","15;14.936;14.8719;14.8079;14.7439;14.6798;14.6158;14.5518;14.4877;14.4674;14.4907;14.5576;14.6683;14.8226;14.9769;15.1312;15.2855;15.4398;15.5941;15.7616;15.9424;16.1363;16.3435;16.5639;16.7794;16.9901;17.1959;17.3968;17.5928;17.7889;17.9849;18.181;18.377;18.5731;18.7678;18.9612;19.1532;19.3439;19.5333;19.7227;19.9121;20.1015;20.2908;20.4687;20.6352;20.7901;20.9336;21.0655;21.1975;21.3295;21.4615;21.5935;21.7255;21.8719;22.0329;22.2084;22.3984;22.6028;22.8073;23.0118;23.2162;23.4207;23.5934;23.7343;23.8434;23.9208;23.9664;24.0119;24.0575;24.1031;24.1487;24.1942;24.2104;24.1971;24.1543;24.0821;23.9805;23.8789;23.7772;23.6756;23.5739;23.4577;23.3267;23.1811;23.0209;22.846;22.6711;22.4962;22.3212;22.1463;21.9714;21.8123;21.6689;21.5413;21.4294;21.3332;21.2371;21.141;21.0848;21.0686;21.0923;21.156;21.2597;21.3633;21.467;21.552;21.6184;21.6661;21.6952;21.7056;21.6956;21.6651;21.6142;21.5427;21.4508;21.3747;21.3144;21.2811;21.2748;21.2955;21.3275;21.3707;21.4301;21.5058;21.5978;21.706;21.8083;21.8882;21.9458;21.9812;21.9943;22.0073;22.0204;22.0335;22.0465;22.0592;22.0716;22.0836;22.0953;22.1066;22.1179;22.1291;22.1404;22.1087;22.0339;21.916;21.7551;21.5511;21.3471;21.1431;20.9391;20.7382;20.5402;20.3452;20.1533;19.9643;19.7754;19.5865;19.3975;19.2086;19.0708;18.9842;18.9488;18.9646;19.0316;19.0986;19.1656;19.2326;19.2995;19.3222;19.3005;19.2345;19.1241;18.9694;18.8147;18.66;18.5054;18.3507;18.196;18.0503;17.9138;17.7863;17.6679;17.5516;17.4282;17.2978;17.1688;17.0412;16.922;16.8112;16.7088;16.5839;16.4365;16.2666;16.0743;15.8594;15.6446;15.4297;15.2149;15",0.19853,"0;0.533333;0.466667"
1.03087,0.331206,0.223328,"1;1.15021;1.30043;1.45064;1.60086;1.75107;1.90129;2.0515;2.21383;2.38826;2.5748;2.77346;2.98422;3.19498;3.40574;3.6165;3.82726;3.9703;4.04561;4.0532;3.99307;3.86521;3.73735;3.60949;3.48163;3.35377;3.2399;3.14002;3.05413;2.98224;2.97527;3.01924;3.11415;3.26001;3.4568;3.65359;3.84385;4.02758;4.20477;4.37543;4.52677;4.66534;4.79114;4.90415;5.00439;5.10463;5.20487;5.28845;5.35537;5.40563;5.43923;5.45618;5.49432;5.55366;5.63421;5.73595;5.8589;5.98184;6.10479;6.22773;6.37519;6.54716;6.74364;6.96464;7.20126;7.42898;7.64781;7.85775;8.05879;8.23003;8.37146;8.48309;8.56491;8.61693;8.66894;8.72096;8.77297;8.856;8.97004;9.11508;9.29114;9.4982;9.70527;9.8749;10.0071;10.1018;10.1592;10.179;10.1989;10.2188;10.2387;10.2585;10.3107;10.3951;10.5119;10.6609;10.8422;11.0236;11.2049;11.3862;11.5675;11.7486;11.9293;12.1098;12.29;12.4699;12.6498;12.8298;13.0097;13.1896;13.3421;13.4672;13.5649;13.6352;13.678;13.7209;13.7637;13.8061;13.8478;13.8891;13.9298;13.9699;14.0101;14.0502;14.1143;14.2023;14.3143;14.4502;14.6101;14.7699;14.9298;15.0896;15.2641;15.4533;15.657;15.8755;16.1085;16.3416;16.5746;16.8077;17.0424;17.2788;17.5168;17.7565;17.9978;18.2391;18.4804;18.7217;18.9019;19.021;19.0789;19.0757;19.0114;18.947;18.8827;18.837;18.81;18.8016;18.8118;18.8407;18.8697;18.8986;18.8988;18.8703;18.8132;18.7274;18.6129;18.4984;18.367;18.2186;18.0532;17.8709;17.6716;17.4723;17.3414;17.2788;17.2846;17.3587;17.5012;17.6437;17.7861;17.9286;18.0711;18.2217;18.3806;18.5476;18.7228;18.9061;19.0895;19.2728;19.4562;19.6365;19.8138;19.988;20.1592;20.3274;20.4955;20.6637;20.8318;21","15;15.1638;15.3275;15.4913;15.6551;15.8188;15.9826;16.1463;16.2633;16.3333;16.3566;16.333;16.2625;16.1921;16.1216;16.0512;15.9808;15.8881;15.7731;15.6359;15.4764;15.2946;15.1129;14.9311;14.7493;14.5676;14.3833;14.1965;14.0071;13.8152;13.6436;13.4948;13.3688;13.2656;13.1852;13.1048;13.0163;12.9197;12.815;12.7022;12.5657;12.4138;12.2463;12.0632;11.8647;11.6661;11.4676;11.2666;11.0631;10.8572;10.6488;10.438;10.2298;10.024;9.82082;9.62016;9.42204;9.22391;9.02579;8.82766;8.66173;8.52798;8.42641;8.35704;8.34225;8.34987;8.3799;8.43233;8.50716;8.52305;8.48;8.378;8.21706;7.99718;7.7773;7.55742;7.33754;7.18301;7.09384;7.07002;7.11155;7.21844;7.32533;7.36658;7.34218;7.25214;7.09645;6.87512;6.65378;6.43245;6.21112;5.98979;5.78703;5.60284;5.43723;5.29018;5.16171;5.03324;4.90477;4.7763;4.64783;4.51896;4.38971;4.26006;4.13002;3.99959;3.86916;3.73872;3.60829;3.47786;3.41936;3.4328;3.51817;3.67547;3.90471;4.13395;4.36319;4.59183;4.81987;5.04731;5.27414;5.50038;5.72662;5.95286;6.17183;6.38354;6.58799;6.78517;6.97509;7.16501;7.35493;7.54485;7.70793;7.84417;7.95358;8.03614;8.09187;8.1476;8.20333;8.25905;8.3092;8.35376;8.39273;8.42613;8.45394;8.48175;8.50955;8.53736;8.60649;8.71693;8.86869;9.06176;9.29614;9.53053;9.76492;9.99747;10.2282;10.4571;10.6841;10.9093;11.1345;11.3597;11.5753;11.7812;11.9774;12.1641;12.341;12.518;12.6788;12.8235;12.9521;13.0645;13.1608;13.2571;13.3683;13.4943;13.6351;13.7908;13.9613;14.1319;14.3024;14.4729;14.6435;14.7459;14.7803;14.7465;14.6447;14.4747;14.3048;14.1348;13.9649;13.8682;13.8448;13.8947;14.0179;14.2143;14.4107;14.6071;14.8036;15",0.160991,"0;0.55;0.45"
1.40133,0.256529,1.29343,"1;1.09642;1.19285;1.28927;1.3857;1.52781;1.71562;1.94913;2.22833;2.55322;2.87812;3.20228;3.52571;3.84842;4.17039;4.49164;4.81288;5.06176;5.23827;5.34241;5.37418;5.33359;5.29299;5.24204;5.18072;5.10905;5.02702;4.96228;4.92518;4.91573;4.93393;4.97978;5.07713;5.22598;5.42633;5.67818;5.98153;6.28488;6.58244;6.87422;7.16021;7.44041;7.71483;7.98925;8.17556;8.3646;8.55635;8.75081;8.948;9.236;9.52066;9.80196;10.0799;10.3545;10.6228;10.8882;11.1506;11.4101;11.6591;11.9004;12.1342;12.2888;12.3641;12.368;12.3002;12.1609;12.0216;11.9655;11.9928;12.1035;12.2974;12.5746;12.8519;13.1261;13.3973;13.6655;13.9307;14.1929;14.4551;14.6994;14.9257;15.1341;15.3245;15.4969;15.6694;15.8441;16.0211;16.2004;16.3819;16.5657;16.7495;16.9627;17.2051;17.4768;17.7779;18.1082;18.4386;18.7695;19.101;19.4331;19.7658;20.0991;20.4323;20.7303;20.9929;21.2202;21.4377;21.6453;21.8785;22.1371;22.4212;22.7052;22.9893;23.2388;23.4538;23.6342;23.78;23.8912;24.0025;24.1394;24.3021;24.4905;24.7233;25.0005;25.2963;25.6108;25.9439;26.277;26.5271;26.6943;26.7784;26.7796;26.6978;26.616;26.5342;26.4629;26.402;26.3515;26.3114;26.2818;26.2018;26.0714;25.8906;25.6594;25.3778;25.0962;24.8147;24.5659;24.3501;24.167;24.0168;23.8995;23.7489;23.5652;23.3481;23.0979;22.8144;22.5216;22.2194;21.9079;21.5869;21.2816;21.0011;20.7456;20.515;20.3093;20.1036;19.8979;19.7823;19.7566;19.821;19.9755;20.2199;20.4644;20.6633;20.8169;20.9249;20.9875;21.0046;21.0217;21.0008;20.9418;20.8448;20.7098;20.5368;20.3949;20.2841;20.2044;20.1559;20.2071;20.3267;20.5148;20.7714;21.0965;21.4216;21.6102;21.6624;21.5781;21.3573;21","15;15.3191;15.6382;15.9572;16.2763;16.5465;16.7678;16.9401;17.0636;17.1381;17.2126;17.2545;17.2636;17.2401;17.1838;17.0948;17.0059;17.0009;17.0799;17.2428;17.4897;17.8205;18.1514;18.4758;18.7939;19.1055;19.4107;19.7156;20.0265;20.3435;20.6665;20.9956;21.2629;21.4683;21.6119;21.6937;21.7136;21.7335;21.7166;21.6627;21.5719;21.4443;21.2797;21.1152;20.923;20.7656;20.6429;20.555;20.5017;20.5108;20.5437;20.6006;20.6815;20.7862;20.9328;21.0972;21.2795;21.4796;21.6032;21.6324;21.5673;21.5192;21.488;21.5682;21.7597;22.0625;22.3653;22.6446;22.9003;23.1325;23.3411;23.5262;23.7113;23.9005;24.0938;24.2914;24.493;24.6989;24.9047;25.1264;25.364;25.6174;25.8868;26.1721;26.4573;26.7411;27.0235;27.3044;27.584;27.862;28.1401;28.3715;28.5561;28.694;28.7852;28.8296;28.8741;28.9111;28.9405;28.9625;28.977;28.984;28.9909;29.043;29.1401;29.2822;29.4291;29.5806;29.6918;29.7627;29.7932;29.8237;29.8543;29.8158;29.7084;29.5321;29.2868;28.9726;28.6584;28.3707;28.1096;27.875;27.7007;27.5869;27.5069;27.4608;27.4485;27.4362;27.3716;27.2547;27.0855;26.8641;26.5903;26.3165;26.0428;25.7592;25.4659;25.1627;24.8498;24.527;24.2591;24.0461;23.8879;23.7846;23.7362;23.6877;23.6393;23.5443;23.403;23.2151;22.9808;22.7001;22.5074;22.4027;22.3861;22.4576;22.6171;22.7316;22.8011;22.8257;22.8053;22.7137;22.5958;22.4516;22.2811;22.0844;21.8876;21.6909;21.495;21.2998;21.1054;20.9118;20.719;20.5262;20.3124;20.0777;19.822;19.5453;19.2477;18.95;18.6571;18.3691;18.0858;17.8072;17.5335;17.2556;16.9736;16.6873;16.3969;16.1466;15.9404;15.7784;15.6605;15.5869;15.5132;15.4299;15.3369;15.2343;15.122;15",0.506464,"0;0.566667;0.433333"
1.13219,0.338903,0.667564,"1;1.24996;1.49992;1.74988;1.99984;2.2498;2.49976;2.71711;2.90183;3.05394;3.17343;3.2603;3.34717;3.41705;3.46994;3.50583;3.52472;3.52662;3.52853;3.53043;3.57945;3.6756;3.81887;4.00926;4.24677;4.48428;4.72179;4.94831;5.16383;5.36836;5.5619;5.67728;5.7255;5.70657;5.62048;5.46723;5.31398;5.16073;5.00748;4.86477;4.7326;4.61097;4.49988;4.39933;4.29878;4.19822;4.07767;3.93711;3.81122;3.7;3.60345;3.54157;3.51436;3.48716;3.45996;3.43275;3.455;3.52669;3.64783;3.81842;4.03846;4.2585;4.4788;4.69935;4.92016;5.14123;5.36255;5.58388;5.8052;6.03034;6.25928;6.49203;6.7286;6.96897;7.14023;7.24236;7.27537;7.23926;7.13402;7.02879;6.92356;6.81832;6.78635;6.82764;6.94218;7.12998;7.39104;7.65211;7.91317;8.08758;8.17534;8.17644;8.12397;8.01793;7.94497;7.90509;7.8983;7.8915;7.93341;8.02404;8.16338;8.35143;8.58819;8.82495;9.06172;9.23694;9.35062;9.37406;9.30727;9.15025;8.96454;8.82166;8.75032;8.75052;8.82225;8.96552;9.10879;9.25205;9.39532;9.56032;9.74705;9.95552;10.1857;10.4377;10.6896;10.9415;11.1929;11.4436;11.6938;11.9434;12.1924;12.4414;12.6904;12.9241;13.1424;13.3455;13.5332;13.7056;13.8494;13.9647;14.0514;14.1294;14.1985;14.2875;14.4131;14.5754;14.7547;14.9509;15.164;15.3771;15.5902;15.8032;16.0162;16.229;16.4417;16.6544;16.867;17.0796;17.2449;17.3628;17.4333;17.4564;17.4322;17.4079;17.3641;17.3006;17.2175;17.1147;16.9923;16.9394;16.956;17.0421;17.1976;17.4226;17.6476;17.8726;18.0976;18.3246;18.5536;18.7846;19.0176;19.2526;19.4877;19.7227;19.9577;20.1901;20.4199;20.647;20.8715;21.0934;21.3153;21.5372;21.7591;21.8885;21.9254;21.8698;21.7217;21.4811;21.2406;21","15;15.0044;15.0089;15.0133;15.0178;15.0222;15.0267;15.077;15.173;15.3149;15.5026;15.7362;15.9697;16.2098;16.4565;16.7098;16.9697;17.2362;17.5027;17.7691;17.9993;18.1931;18.3506;18.4718;18.5567;18.6415;18.7264;18.7668;18.7627;18.7142;18.6212;18.5508;18.5473;18.6108;18.7414;18.9389;19.1364;19.3339;19.5315;19.7412;19.963;20.1971;20.4433;20.7018;20.9602;21.2186;21.4036;21.5152;21.6245;21.7314;21.836;22.0117;22.2584;22.5052;22.752;22.9988;23.2305;23.447;23.6485;23.8348;24.006;24.1772;24.3466;24.5142;24.68;24.844;25.0062;25.1683;25.3305;25.4636;25.5675;25.6424;25.6882;25.7049;25.6729;25.5922;25.4629;25.2848;25.058;24.8312;24.6045;24.3777;24.1984;24.0667;23.9825;23.9458;23.9566;23.9674;23.9782;23.9386;23.8486;23.7081;23.5141;23.2667;23.0163;22.7628;22.5063;22.2499;22.0206;21.8185;21.6437;21.4961;21.3757;21.2553;21.1349;21.0755;21.0771;21.1416;21.2692;21.4598;21.6524;21.8492;22.0479;22.2487;22.4516;22.6564;22.8613;23.0662;23.2711;23.4145;23.4965;23.5171;23.4763;23.3741;23.2718;23.1695;23.0718;22.9786;22.89;22.8059;22.7263;22.6467;22.5672;22.4606;22.3269;22.1663;21.9786;21.7639;21.5339;21.2885;21.0277;20.7601;20.4856;20.2196;19.9862;19.7855;19.609;19.4566;19.3284;19.2003;19.0721;18.9425;18.8116;18.6792;18.5455;18.4104;18.2753;18.1401;17.9826;17.8028;17.6006;17.376;17.1291;16.8821;16.6362;16.3912;16.1472;15.9042;15.6621;15.4467;15.2579;15.0957;14.9601;14.8511;14.7422;14.6332;14.5242;14.4541;14.4228;14.4304;14.4768;14.562;14.6473;14.7325;14.8177;14.8629;14.868;14.833;14.7579;14.6427;14.5275;14.4124;14.2972;14.2424;14.2479;14.3138;14.4401;14.6267;14.8134;15",0.226206,"0;0.583333;0.416667"
0.795185,0.110082,0.512,"1;1.15091;1.30182;1.45272;1.60363;1.75454;1.90545;2.05636;2.20727;2.35817;2.50908;2.63132;2.72489;2.78979;2.82601;2.83357;2.84113;2.84868;2.85624;2.8638;2.87136;2.87891;2.88647;2.92467;2.99352;3.09301;3.22314;3.38392;3.5447;3.70548;3.86625;4.02703;4.18781;4.34859;4.50937;4.63858;4.73623;4.80232;4.83685;4.83981;4.84277;4.84573;4.84869;4.85165;4.85461;4.85757;4.86053;4.89305;4.95511;5.04673;5.16791;5.31863;5.46936;5.62008;5.77081;5.92153;6.07226;6.22298;6.37371;6.52226;6.66862;6.81281;6.95482;7.09464;7.23447;7.3743;7.51412;7.65395;7.79378;7.93361;8.07343;8.21311;8.35264;8.49203;8.63126;8.77035;8.90944;9.04852;9.18761;9.3267;9.46578;9.60487;9.74396;9.8778;10.0064;10.1297;10.2478;10.3607;10.4735;10.5864;10.6992;10.8121;10.9249;11.0378;11.1506;11.2717;11.401;11.5385;11.6843;11.8383;11.9923;12.1462;12.3002;12.4542;12.6082;12.7622;12.9162;13.0718;13.2292;13.3882;13.5489;13.7113;13.8737;14.0361;14.1985;14.3608;14.5232;14.6856;14.848;15.0112;15.1753;15.3402;15.5059;15.6725;15.839;16.0056;16.1721;16.3387;16.5053;16.6718;16.8384;16.9839;17.1085;17.212;17.2945;17.356;17.4174;17.4789;17.5404;17.6019;17.6634;17.7249;17.7864;17.8678;17.9691;18.0904;18.2316;18.3927;18.5538;18.715;18.8761;19.0372;19.1983;19.3595;19.5206;19.6547;19.7619;19.842;19.8952;19.9214;19.9476;19.9737;19.9999;20.0261;20.0523;20.0785;20.1046;20.132;20.1606;20.1903;20.2213;20.2534;20.2856;20.3177;20.3498;20.382;20.4141;20.4462;20.4784;20.5142;20.5537;20.5968;20.6436;20.6941;20.7446;20.7951;20.8456;20.896;20.9465;20.997;21.0475;21.0836;21.1054;21.1129;21.106;21.0848;21.0636;21.0424;21.0212;21","15;15.0707;15.1415;15.2122;15.283;15.3537;15.4245;15.4952;15.5659;15.6367;15.7074;15.7973;15.9064;16.0346;16.1819;16.3484;16.5149;16.6814;16.8479;17.0144;17.1809;17.3474;17.5139;17.6558;17.7733;17.8662;17.9347;17.9786;18.0225;18.0664;18.1103;18.1542;18.1981;18.242;18.286;18.3544;18.4474;18.565;18.7071;18.8737;19.0403;19.207;19.3736;19.5403;19.7069;19.8735;20.0402;20.1877;20.3162;20.4255;20.5157;20.5868;20.658;20.7291;20.8002;20.8714;20.9425;21.0136;21.0848;21.1598;21.2388;21.3216;21.4084;21.4991;21.5898;21.6805;21.7712;21.8619;21.9526;22.0433;22.134;22.2249;22.3161;22.4075;22.4991;22.5909;22.6827;22.7745;22.8664;22.9582;23.05;23.1419;23.2337;23.3317;23.4358;23.5462;23.6627;23.7853;23.908;24.0306;24.1533;24.2759;24.3986;24.5212;24.6439;24.7292;24.7773;24.7881;24.7616;24.6979;24.6341;24.5703;24.5066;24.4428;24.379;24.3153;24.2515;24.208;24.1848;24.1818;24.1991;24.2366;24.2741;24.3117;24.3492;24.3867;24.4243;24.4618;24.4993;24.5306;24.5554;24.574;24.5863;24.5922;24.5981;24.6041;24.61;24.6159;24.6219;24.6278;24.6337;24.6075;24.5491;24.4585;24.3358;24.1809;24.026;23.871;23.7161;23.5612;23.4063;23.2514;23.0965;22.964;22.854;22.7665;22.7014;22.6588;22.6162;22.5736;22.531;22.4883;22.4457;22.4031;22.3605;22.2935;22.2021;22.0863;21.946;21.7815;21.6169;21.4523;21.2877;21.1231;20.9585;20.7939;20.6293;20.4649;20.3007;20.1367;19.973;19.8095;19.6459;19.4824;19.3188;19.1553;18.9918;18.8282;18.6647;18.5021;18.3404;18.1797;18.0199;17.8611;17.7023;17.5434;17.3846;17.2257;17.0669;16.9081;16.7492;16.5813;16.4042;16.2179;16.0225;15.818;15.6135;15.409;15.2045;15",0.154932,"0;0.6;0.4"
0.991159,0.290243,0.202849,"1;1.15138;1.30276;1.45414;1.60552;1.7569;1.90829;2.05967;2.21887;2.3859;2.56075;2.74343;2.93393;3.12443;3.31493;3.50543;3.69593;3.86849;4.02311;4.15978;4.27851;4.3793;4.48008;4.58087;4.63087;4.63008;4.57849;4.47612;4.32296;4.1698;4.01664;3.86347;3.71031;3.60556;3.54921;3.54127;3.58174;3.67062;3.75949;3.84837;3.93724;4.02612;4.13801;4.2729;4.43081;4.61173;4.81565;5.01958;5.22351;5.42744;5.63137;5.83877;6.04964;6.26398;6.4818;6.70309;6.92438;7.14567;7.36696;7.58097;7.7877;7.98716;8.17934;8.36424;8.54915;8.73405;8.91895;9.0794;9.2154;9.32695;9.41405;9.4767;9.53934;9.60199;9.66463;9.72728;9.81459;9.92657;10.0632;10.2245;10.4105;10.5965;10.7824;10.9684;11.1256;11.254;11.3535;11.4243;11.4662;11.5082;11.5501;11.5921;11.6665;11.7733;11.9127;12.0845;12.2887;12.493;12.6972;12.9015;13.1058;13.2996;13.4829;13.6557;13.8181;13.97;14.1325;14.3057;14.4894;14.6837;14.8887;15.0936;15.2986;15.5035;15.6695;15.7965;15.8846;15.9337;15.9438;15.954;15.9641;15.9743;15.9844;16.0336;16.1218;16.249;16.4153;16.6094;16.7924;16.9641;17.1246;17.274;17.4233;17.5;17.5041;17.4355;17.2942;17.0802;16.8804;16.6946;16.5229;16.3653;16.2217;16.0782;15.9346;15.7911;15.7179;15.7151;15.7828;15.9208;16.1292;16.3376;16.546;16.7544;16.9647;17.1767;17.3905;17.6062;17.8237;18.0411;18.2586;18.4761;18.6935;18.8574;18.9675;19.0241;19.0269;18.9762;18.9254;18.8746;18.8088;18.728;18.6322;18.5213;18.3955;18.2696;18.1437;18.0856;18.0951;18.1723;18.3172;18.5298;18.7424;18.955;19.1675;19.3801;19.5901;19.7973;20.0019;20.2039;20.4032;20.6025;20.8018;21.0011;21.2003;21.3199;21.3596;21.3195;21.1996;21","15;14.8373;14.6746;14.5119;14.3493;14.1866;14.0239;13.8612;13.7082;13.5648;13.4311;13.307;13.1926;13.0781;12.9637;12.8493;12.7349;12.603;12.4536;12.2868;12.1025;11.9007;11.6989;11.4972;11.3035;11.1181;10.9408;10.7716;10.6106;10.4496;10.2886;10.1276;9.96654;9.797;9.61892;9.43231;9.23717;9.03349;8.82982;8.62614;8.42247;8.21879;8.03819;7.88067;7.74622;7.63485;7.54655;7.45826;7.36996;7.28166;7.19337;7.10896;7.02843;6.9518;6.87904;6.81018;6.74131;6.67245;6.60358;6.52037;6.42282;6.31092;6.18468;6.0441;5.90351;5.76293;5.62235;5.55082;5.54835;5.61494;5.75059;5.95529;6.15999;6.3647;6.5694;6.7741;6.95644;7.1164;7.25399;7.3692;7.46205;7.55489;7.64774;7.74058;7.76978;7.73533;7.63723;7.47549;7.25009;7.0247;6.7993;6.57391;6.40713;6.29898;6.24944;6.25853;6.32624;6.39395;6.46165;6.52936;6.59707;6.62227;6.60496;6.54515;6.44283;6.298;6.16671;6.04895;5.94473;5.85404;5.7769;5.69975;5.6226;5.54545;5.52628;5.56509;5.66187;5.81664;6.02938;6.24212;6.45486;6.6676;6.88034;7.06759;7.22936;7.36564;7.47644;7.57768;7.69486;7.82797;7.97702;8.142;8.30698;8.44814;8.56549;8.65903;8.72875;8.77466;8.84479;8.93914;9.05771;9.20052;9.36754;9.53456;9.70159;9.86861;10.0171;10.1471;10.2586;10.3515;10.4259;10.5003;10.5747;10.6491;10.7178;10.7808;10.838;10.8894;10.9351;10.9808;11.0265;11.0723;11.118;11.1985;11.3137;11.4637;11.6485;11.8681;12.0876;12.3072;12.5202;12.7267;12.9266;13.1199;13.3067;13.4935;13.6803;13.8427;13.9806;14.0942;14.1833;14.248;14.3127;14.3775;14.4422;14.5069;14.5783;14.6565;14.7414;14.833;14.9313;15.0296;15.1279;15.2262;15.3245;15.3684;15.3579;15.293;15.1737;15",0.155244,"0;0.616667;0.383333"
1.21868,0.375134,0.311362,"1;1.26742;1.53484;1.80226;2.06967;2.33709;2.60792;2.88215;3.15979;3.44083;3.72528;4.00973;4.29418;4.53029;4.71805;4.85746;4.94853;4.99125;5.03398;5.0767;5.10336;5.11397;5.10852;5.08701;5.04944;5.01187;4.9743;4.98003;5.02905;5.12136;5.25697;5.43587;5.61477;5.79367;5.9141;5.97604;5.97951;5.92449;5.811;5.69751;5.58401;5.50888;5.4721;5.47367;5.5136;5.59189;5.67018;5.74846;5.86726;6.02658;6.2264;6.46674;6.74759;7.02844;7.30929;7.58452;7.85413;8.11812;8.3765;8.62925;8.88201;9.13477;9.38763;9.6406;9.89367;10.1469;10.4001;10.6534;10.9067;11.1662;11.4318;11.7035;11.9814;12.2654;12.482;12.6309;12.7123;12.7262;12.6726;12.6189;12.5653;12.5662;12.6217;12.7319;12.8966;13.1009;13.29;13.4641;13.623;13.7669;13.9108;14.0733;14.2544;14.4543;14.6727;14.9099;15.1468;15.3836;15.6202;15.8566;16.0928;16.329;16.5062;16.6243;16.7129;16.7718;16.8011;16.8598;16.948;17.0136;17.0568;17.0774;17.0755;17.0511;17.0753;17.1482;17.2697;17.4398;17.6585;17.8773;18.0118;18.062;18.0279;17.9095;17.7069;17.5042;17.3009;17.0924;16.8787;16.6599;16.5038;16.4112;16.3865;16.4297;16.5407;16.6517;16.7775;16.9181;17.0734;17.2435;17.4283;17.6131;17.8124;18.0263;18.2547;18.4976;18.7228;18.916;19.0771;19.206;19.3029;19.3997;19.5262;19.6822;19.8679;20.0833;20.3282;20.5731;20.818;21.0448;21.2535;21.444;21.6237;21.7926;21.969;22.1527;22.3438;22.5349;22.7259;22.8294;22.8451;22.7732;22.6136;22.3663;22.119;21.9441;21.8415;21.823;21.8885;22.0381;22.1995;22.3725;22.4972;22.5735;22.6014;22.5809;22.5249;22.4818;22.4517;22.4344;22.4301;22.4258;22.4214;22.3615;22.2459;22.0746;21.8477;21.5651;21.2826;21","15;14.8994;14.7988;14.6982;14.5976;14.497;14.4112;14.3401;14.2837;14.2421;14.2153;14.1885;14.1616;14.0836;13.9545;13.7743;13.5429;13.2604;12.9779;12.6954;12.4128;12.13;11.847;11.564;11.2807;10.9975;10.7142;10.4431;10.1841;9.9371;9.70224;9.47947;9.2567;9.03393;8.80327;8.56473;8.3183;8.06398;7.80177;7.53956;7.27736;7.01264;6.7454;6.47565;6.20339;5.92861;5.65383;5.37905;5.14873;4.96286;4.82145;4.72449;4.672;4.6195;4.567;4.49836;4.41357;4.31264;4.19557;4.06235;3.92913;3.79591;3.71577;3.68872;3.71476;3.79387;3.92608;4.05828;4.19048;4.30753;4.40944;4.4962;4.56781;4.62428;4.72558;4.87171;5.06267;5.29847;5.5791;5.85973;6.14036;6.39155;6.61328;6.80557;6.96842;7.11594;7.27759;7.45336;7.64326;7.84729;8.05132;8.228;8.37733;8.49933;8.59397;8.66127;8.73264;8.80808;8.8876;8.97118;9.05884;9.1465;9.27526;9.44514;9.65298;9.89878;10.1825;10.4632;10.7406;11.0133;11.2813;11.5444;11.8028;12.0564;12.2932;12.513;12.7159;12.9019;13.071;13.2401;13.4154;13.5968;13.7844;13.9782;14.1781;14.378;14.4906;14.5302;14.4969;14.3907;14.2894;14.2805;14.3494;14.4963;14.7212;14.946;15.1638;15.3747;15.5785;15.7754;15.9652;16.1551;16.3311;16.4931;16.6413;16.7757;16.9202;17.089;17.2819;17.499;17.7403;17.9816;18.2003;18.3964;18.57;18.721;18.8495;18.9779;19.1064;19.2413;19.3825;19.53;19.6163;19.6413;19.5986;19.4882;19.3101;19.1321;18.954;18.7824;18.6173;18.4586;18.3063;18.1606;18.0148;17.9547;17.9803;17.9886;17.9795;17.9531;17.8237;17.5913;17.3596;17.1286;16.8984;16.669;16.4323;16.1875;15.9348;15.674;15.4053;15.1365;14.8677;14.6795;14.5718;14.5447;14.5981;14.7321;14.866;15",0.213204,"0;0.633333;0.366667"
1.32688,0.266191,0.913514,"1;1.25624;1.51248;1.76872;2.02497;2.28121;2.53914;2.79877;3.06009;3.32311;3.58781;3.85252;4.11723;4.32067;4.46283;4.54372;4.56333;4.52168;4.48002;4.43836;4.39221;4.34154;4.28638;4.22671;4.16254;4.09837;4.0342;4.03496;4.10064;4.23124;4.42678;4.68915;4.95344;5.21965;5.48777;5.75781;6.02959;6.30312;6.57838;6.85538;7.13411;7.41285;7.68411;7.94788;8.20417;8.45298;8.68167;8.89774;9.10117;9.29197;9.4154;9.48408;9.49801;9.45719;9.36162;9.26606;9.17049;9.13009;9.14485;9.21478;9.33988;9.52014;9.7004;9.88066;10.0783;10.2932;10.5255;10.7751;11.042;11.309;11.5759;11.8462;12.1199;12.3968;12.6772;12.9608;13.2303;13.4856;13.7268;13.9537;14.1665;14.3792;14.592;14.7653;14.8991;14.9934;15.0483;15.0637;15.079;15.158;15.3005;15.5066;15.7553;16.0465;16.3166;16.5658;16.8018;17.0456;17.2653;17.4609;17.6325;17.7721;17.8798;18.0036;18.1434;18.2992;18.4711;18.659;18.7873;18.856;18.8651;18.8146;18.7647;18.775;18.8455;18.9762;19.167;19.3579;19.5696;19.802;20.0551;20.3291;20.5909;20.8199;21.016;21.0763;21.1009;21.1227;21.1415;21.1575;21.2734;21.3097;21.2664;21.1435;20.941;20.6588;20.3766;20.0944;19.8121;19.5297;19.2464;18.9623;18.6773;18.3915;18.1049;17.8163;17.5255;17.2326;16.9376;16.7004;16.5231;16.4057;16.3482;16.3506;16.353;16.4064;16.5108;16.6663;16.8313;17.0059;17.1389;17.2304;17.2804;17.3304;17.3804;17.4285;17.4747;17.519;17.5615;17.602;17.6426;17.6455;17.6109;17.5387;17.4289;17.2815;17.1341;16.9867;16.923;16.9429;17.0464;17.2337;17.5045;17.7754;18.0358;18.2858;18.5254;18.7545;18.9731;19.1918;19.3988;19.5941;19.7778;19.9498;20.1102;20.2705;20.4397;20.6177;20.7956;21","15;15.1264;15.2528;15.3792;15.5055;15.6319;15.7545;15.8734;15.9884;16.0997;16.2073;16.3148;16.4223;16.5649;16.7425;16.9551;17.2027;17.4854;17.768;18.0507;18.3325;18.6135;18.8936;19.1728;19.4513;19.7297;20.0081;20.2156;20.3521;20.4177;20.4123;20.3521;20.308;20.28;20.2682;20.2724;20.3068;20.3714;20.4662;20.5911;20.7463;20.9014;21.0541;21.2044;21.3523;21.4978;21.6531;21.8207;22.0004;22.1924;22.4097;22.64;22.8832;23.1395;23.4087;23.678;23.9472;24.207;24.4572;24.6979;24.9291;25.1508;25.3725;25.5941;25.7918;25.9656;26.1153;26.2412;26.343;26.4448;26.5467;26.6317;26.6999;26.7514;26.786;26.8038;26.8555;26.9409;27.0601;27.2131;27.3999;27.5867;27.7735;27.8629;27.8548;27.7493;27.5463;27.2459;26.9455;26.7136;26.5503;26.4555;26.3805;26.3253;26.2214;26.0687;25.8838;25.7154;25.6386;25.6533;25.7596;25.9409;26.1972;26.3504;26.4006;26.3477;26.1917;25.9327;25.6738;25.415;25.1564;24.8978;24.6453;24.3985;24.1576;23.9225;23.6933;23.464;23.2628;23.0896;22.9444;22.8272;22.7027;22.5428;22.3475;22.1324;21.879;21.6227;21.3637;21.1018;20.8215;20.5822;20.3841;20.227;20.1109;20.0359;19.9609;19.9206;19.9149;19.944;20.0199;20.1426;20.2773;20.4243;20.5833;20.6839;20.7262;20.71;20.6355;20.4693;20.2698;20.037;19.771;19.4717;19.1723;18.9118;18.69;18.5069;18.3275;18.1517;17.9407;17.6945;17.4132;17.1319;16.8506;16.5594;16.2583;15.9472;15.6263;15.2954;14.9646;14.6509;14.3545;14.0753;13.8133;13.5686;13.3238;13.079;12.8444;12.6198;12.4054;12.201;12.0067;11.8124;11.693;11.6483;11.6784;11.7832;11.9629;12.1425;12.3447;12.5694;12.8166;13.0863;13.3785;13.6708;13.979;14.3033;14.6276;15",0.276095,"0;0.65;0.35"
1.07657,0.223234,0.594943,"1;1.21143;1.42286;1.63428;1.84571;2.05714;2.26857;2.47999;2.64359;2.75935;2.82727;2.84736;2.81962;2.79187;2.76413;2.73639;2.70865;2.72037;2.77155;2.8622;2.99232;3.15863;3.32168;3.48145;3.63796;3.79121;3.94445;4.09769;4.25093;4.42352;4.61546;4.82674;5.05737;5.30735;5.55733;5.80731;6.05728;6.29471;6.51958;6.73191;6.93168;7.1189;7.30612;7.49333;7.68055;7.86777;8.04928;8.22508;8.39516;8.55953;8.7182;8.87686;9.03552;9.20402;9.38236;9.57016;9.76745;9.9742;10.1806;10.3866;10.5927;10.7987;10.9919;11.1721;11.3396;11.4941;11.6358;11.7774;11.9191;12.0768;12.2506;12.4404;12.6463;12.8682;13.0459;13.1793;13.3038;13.4193;13.5258;13.6676;13.8446;14.0215;14.1985;14.3754;14.5524;14.7361;14.9265;15.1235;15.3273;15.5378;15.7483;15.9588;16.1693;16.3798;16.5965;16.8193;17.0484;17.2836;17.525;17.7664;18.0078;18.2492;18.4861;18.7186;18.9465;19.17;19.389;19.608;19.8269;20.0459;20.2649;20.4816;20.696;20.9082;21.118;21.3256;21.5331;21.7407;21.9483;22.1493;22.3439;22.532;22.7137;22.8888;23.064;23.2391;23.4143;23.5895;23.7565;23.9153;24.066;24.2086;24.343;24.4774;24.6118;24.7462;24.8204;24.8342;24.7878;24.6811;24.5141;24.3471;24.1801;24.0131;23.8461;23.7211;23.6381;23.626;23.6848;23.8146;23.9732;24.1608;24.3484;24.5359;24.7235;24.9111;25.0403;25.1111;25.1235;25.0776;24.9733;24.869;24.7482;24.6109;24.4572;24.287;24.1003;23.9136;23.7269;23.5693;23.4409;23.3416;23.2714;23.2304;23.1893;23.1483;23.1072;23.042;22.9526;22.839;22.7013;22.5394;22.3774;22.2155;22.0536;21.9073;21.7769;21.6621;21.563;21.4886;21.423;21.3664;21.3187;21.28;21.2412;21.2024;21.1636;21.1154;21.086;21","15;15.0684;15.1368;15.2053;15.2737;15.3421;15.4105;15.4789;15.5778;15.707;15.8667;16.0567;16.2772;16.4977;16.7182;16.9387;17.1592;17.3662;17.5599;17.7402;17.9071;18.0635;18.2228;18.3849;18.5499;18.7178;18.8856;19.0535;19.2214;19.355;19.4544;19.5196;19.5505;19.5472;19.5438;19.5405;19.5372;19.5585;19.6044;19.6749;19.77;19.8897;20.0094;20.1291;20.2488;20.3686;20.4954;20.6294;20.7706;20.9189;21.0744;21.2299;21.3853;21.548;21.7179;21.8822;22.0409;22.194;22.3343;22.4618;22.5893;22.7169;22.7779;22.7725;22.7006;22.5622;22.3573;22.1525;21.9476;21.7729;21.6285;21.5142;21.4301;21.3762;21.2754;21.1277;21.0177;20.9453;20.9107;20.9605;21.0949;21.2293;21.3638;21.4982;21.6326;21.7543;21.8635;21.96;22.0439;22.1151;22.1863;22.2576;22.3288;22.4;22.47;22.5387;22.6062;22.6725;22.7375;22.8025;22.8675;22.9325;22.9921;23.0462;23.0949;23.1381;23.1759;23.2137;23.2514;23.2892;23.327;23.3851;23.4635;23.5623;23.6813;23.8206;23.96;24.0993;24.2387;24.3228;24.3517;24.3254;24.2439;24.1071;23.9704;23.8336;23.6968;23.5601;23.4085;23.2421;23.0609;22.865;22.6542;22.4434;22.2326;22.0218;21.8238;21.6387;21.4664;21.307;21.1604;21.0138;20.8672;20.7206;20.574;20.3988;20.1951;19.9969;19.8041;19.6169;19.4637;19.3445;19.2253;19.1062;18.987;18.8678;18.7324;18.5806;18.4126;18.2283;18.0278;17.8272;17.6414;17.4705;17.3145;17.1733;17.0469;16.9205;16.7941;16.6479;16.4819;16.2961;16.0905;15.8651;15.6397;15.4143;15.1889;14.9746;14.7715;14.5794;14.3985;14.2287;14.0589;13.8891;13.7193;13.5383;13.3461;13.1426;12.928;12.7967;12.7599;12.8178;12.9702;13.2171;13.4641;13.7111;13.9581;14.2652;14.452;15",0.156757,"0;0.666667;0.333333"
0.89085,0.359735,0.467652,"1;1.14148;1.28297;1.42445;1.56594;1.70742;1.84891;1.99039;2.13187;2.28382;2.44623;2.6191;2.80243;2.99622;3.19001;3.38381;3.5776;3.77139;3.96519;4.15789;4.34952;4.54005;4.7295;4.91786;5.10623;5.29459;5.48296;5.67132;5.85969;6.02325;6.162;6.27596;6.36511;6.42946;6.49381;6.58112;6.6914;6.82464;6.98084;7.16;7.31044;7.43214;7.5251;7.58933;7.63299;7.68479;7.74474;7.81285;7.8891;7.96981;8.05498;8.1446;8.23867;8.33721;8.43574;8.53427;8.6328;8.72688;8.81651;8.9017;8.98243;9.05872;9.09747;9.09869;9.06237;8.98852;8.87713;8.76574;8.65434;8.54295;8.43156;8.32017;8.26226;8.25781;8.30684;8.40933;8.5653;8.72127;8.87724;9.03321;9.1819;9.32331;9.45743;9.58428;9.70384;9.8234;9.94297;10.0625;10.1821;10.3165;10.4659;10.6301;10.8092;11.0033;11.1973;11.3913;11.5254;11.5996;11.6139;11.5683;11.5057;11.4859;11.5089;11.5748;11.6836;11.7923;11.9011;12.0099;12.1186;12.2116;12.2888;12.3503;12.3959;12.4258;12.4557;12.5143;12.6016;12.7177;12.8597;13.0277;13.1929;13.3554;13.5151;13.6748;13.8345;13.9943;14.154;14.3137;14.4739;14.6347;14.7959;14.9577;15.12;15.2824;15.4447;15.607;15.7693;15.9316;16.0766;16.2042;16.3145;16.4075;16.4831;16.5587;16.6344;16.71;16.7856;16.8613;16.9498;17.0513;17.1656;17.2929;17.433;17.5732;17.7134;17.8535;17.9937;18.1339;18.2596;18.3708;18.4675;18.5498;18.6176;18.6854;18.7532;18.821;18.8888;18.9566;19.0437;19.1501;19.2757;19.4206;19.5848;19.749;19.9132;20.0774;20.2416;20.4058;20.57;20.7349;20.9005;21.0667;21.2337;21.4013;21.5689;21.7366;21.9042;22.0718;22.2395;22.3386;22.3692;22.3312;22.2248;22.0498;21.8749;21.6999;21.5249;21.3499;21.175;21","15;15.1414;15.2827;15.4241;15.5654;15.7068;15.8482;15.9895;16.1309;16.2538;16.3584;16.4446;16.5125;16.5619;16.6113;16.6608;16.7102;16.7597;16.8091;16.8621;16.9187;16.9788;17.0424;17.1097;17.1769;17.2441;17.3113;17.3785;17.4458;17.5352;17.647;17.7809;17.9371;18.1156;18.2941;18.4239;18.5051;18.5376;18.5215;18.4567;18.4387;18.4675;18.543;18.6653;18.841;19.0235;19.2126;19.4085;19.611;19.8075;19.9979;20.1821;20.3603;20.5324;20.7045;20.8766;21.0486;21.2189;21.3872;21.5538;21.7184;21.8813;22.0448;22.2089;22.3737;22.5391;22.7053;22.8714;23.0375;23.2036;23.3697;23.5358;23.6424;23.6896;23.6772;23.6054;23.474;23.3427;23.2114;23.08;23.0067;22.9915;23.0343;23.1351;23.2939;23.4528;23.6116;23.7705;23.9294;24.0475;24.1249;24.1615;24.1574;24.1126;24.0678;24.0229;23.9528;23.8573;23.7366;23.5905;23.4202;23.2508;23.0824;22.915;22.7486;22.5822;22.4158;22.2494;22.083;21.913;21.7395;21.5623;21.3816;21.1973;21.013;20.881;20.8011;20.7734;20.8067;20.9009;21.0038;21.1155;21.2359;21.3563;21.4766;21.597;21.7174;21.8378;21.9107;21.9362;21.9142;21.8448;21.728;21.6111;21.4942;21.3774;21.2605;21.1437;21.0132;20.869;20.7111;20.5397;20.3545;20.1694;19.9842;19.7991;19.6139;19.4288;19.2521;19.084;18.9243;18.7731;18.6305;18.4878;18.3452;18.2025;18.0598;17.9172;17.7654;17.6045;17.4346;17.2555;17.0674;16.8792;16.691;16.5029;16.3147;16.1266;15.9604;15.8163;15.6942;15.5941;15.516;15.438;15.3599;15.2818;15.2037;15.1256;15.0476;15.0069;15.0037;15.0379;15.1096;15.2187;15.3278;15.4368;15.5459;15.655;15.7641;15.8296;15.8513;15.8295;15.764;15.6549;15.5457;15.4366;15.3274;15.2183;15.1091;15",0.219513,"0;0.683333;0.316667"
1.84349,0.102354,1.84465,"1;1.39982;1.79965;2.19947;2.59309;2.98049;3.36168;3.73665;4.10542;4.36449;4.51386;4.55353;4.4835;4.26808;4.01696;3.73015;3.40764;3.09638;2.83207;2.6147;2.46066;2.36995;2.29562;2.23767;2.19609;2.25681;2.4198;2.68508;3.05265;3.51431;3.96777;4.41304;4.85012;5.26718;5.6724;6.06579;6.30824;6.39973;6.35212;6.16539;5.83954;5.50777;5.17007;4.82644;4.47689;4.27021;4.21234;4.30328;4.54302;4.95773;5.37216;5.78631;6.20018;6.65371;7.0583;7.44039;7.8;8.14313;8.42984;8.72256;8.96847;9.16756;9.31384;9.40729;9.50524;9.66052;9.87312;10.1431;10.4703;10.7671;11.0335;11.2694;11.4749;11.6904;11.9463;12.2427;12.5795;12.9568;13.2683;13.5141;13.6942;13.8086;13.9256;14.1109;14.3644;14.6863;15.0787;15.4733;15.8701;16.2692;16.6673;17.0623;17.4541;17.8018;18.1054;18.4186;18.7417;19.0744;19.458;19.7711;19.963;20.0338;20.0289;19.9485;19.9136;19.9244;20.0532;20.2546;20.5286;20.875;21.1301;21.2215;21.1491;21.0224;20.8414;20.77;20.7274;20.7136;20.619;20.3959;20.0442;19.6448;19.317;19.0608;18.9239;18.9627;19.1771;19.4478;19.7747;20.1579;20.5389;20.9178;21.2946;21.6691;22.0409;22.4119;22.7823;23.152;23.5168;23.8775;24.234;24.5864;24.9345;25.2662;25.5814;25.8801;26.1623;26.428;26.7375;27.0908;27.488;27.929;28.3536;28.7182;29.0227;29.2671;29.4514;29.558;29.5869;29.538;29.4115;29.17;28.8912;28.5751;28.2217;27.8311;27.4814;27.1726;26.9048;26.6779;26.4919;26.3061;26.1203;25.9409;25.768;25.6016;25.5086;25.489;25.5364;25.6509;25.7306;25.7003;25.5598;25.3094;24.9489;24.5801;24.3593;24.2865;24.2128;24.1381;24.0625;23.8381;23.4684;23.1023;22.74;22.3813;22.0301;21.6828;21.3356;21","15;14.9882;14.9763;14.9645;14.986;15.0408;15.1291;15.2507;15.4056;15.6052;15.8495;16.1384;16.4719;16.8219;17.1437;17.4372;17.7024;17.9829;18.3067;18.6738;19.0732;19.5047;19.925;20.334;20.7318;21.063;21.3274;21.5251;21.656;21.7045;21.7371;21.754;21.755;21.8033;21.9147;22.0891;22.313;22.5861;22.8456;23.0913;23.3233;23.5575;23.7939;24.0326;24.2734;24.4996;24.7089;24.9013;25.0769;25.1766;25.2286;25.233;25.1898;25.083;24.9158;24.677;24.3663;24.0261;23.6723;23.3607;23.2363;23.2992;23.5072;23.8604;24.3051;24.6961;25.0335;25.3171;25.5471;25.8248;26.1502;26.5232;26.9439;27.3452;27.6794;27.9465;28.1465;28.2795;28.4853;28.7642;29.1159;29.5406;29.959;30.2981;30.558;30.7387;30.8335;30.9218;31.0036;31.0788;31.1981;31.368;31.5886;31.6922;31.6789;31.5645;31.349;31.0324;30.7824;30.5585;30.2941;29.9893;29.6332;29.2259;28.8077;28.3788;28.0222;27.7486;27.5581;27.4506;27.4196;27.3818;27.3374;27.2273;27.0517;26.8171;26.5268;26.1806;25.8375;25.589;25.4352;25.373;25.2794;25.1543;24.9063;24.6112;24.269;24.0026;23.812;23.6973;23.6722;23.7368;23.8911;24.1351;24.4611;24.7796;25.0904;25.3937;25.5909;25.6896;25.6897;25.5914;25.3945;25.1772;24.9394;24.6813;24.4027;24.1037;23.8889;23.7585;23.7123;23.7505;23.7774;23.7088;23.5448;23.2852;22.9302;22.5549;22.1594;21.7436;21.3074;20.9251;20.6169;20.3827;20.2226;20.1365;19.9749;19.7376;19.4247;19.0362;18.573;18.1108;17.6495;17.2025;16.7699;16.3506;15.9337;15.5192;15.0936;14.6569;14.2271;13.9132;13.7152;13.633;13.6667;13.7984;13.9212;14.0353;14.1606;14.2973;14.4453;14.6134;14.7012;14.6888;14.576;14.3629;14.2385;14.3032;14.3679;15",0.515995,"0;0.7;0.3"
0.816462,0.357285,0.406752,"1;1.17688;1.35376;1.53063;1.70751;1.88439;2.06127;2.23814;2.41502;2.5919;2.74321;2.86897;2.96917;3.0438;3.09288;3.14195;3.19103;3.2401;3.28917;3.33825;3.38732;3.45734;3.54829;3.66017;3.793;3.94676;4.10052;4.25429;4.40805;4.56181;4.71557;4.86934;5.02306;5.17676;5.33042;5.48404;5.63763;5.79121;5.9448;6.09839;6.25198;6.40557;6.55916;6.67256;6.74577;6.77879;6.77163;6.72428;6.67693;6.62957;6.58222;6.53487;6.53084;6.57014;6.65276;6.77871;6.94797;7.11724;7.28651;7.44382;7.58917;7.72256;7.84399;7.95346;8.06293;8.1724;8.28187;8.39041;8.49276;8.5889;8.67884;8.76258;8.84106;8.91953;8.99744;9.07477;9.15154;9.22774;9.30336;9.37899;9.45461;9.53024;9.60587;9.68149;9.75712;9.8453;9.94603;10.0593;10.1851;10.3235;10.4619;10.6003;10.7387;10.8771;11.0155;11.1542;11.2933;11.4328;11.5726;11.7128;11.8529;11.9931;12.1194;12.2318;12.3304;12.4151;12.4859;12.5567;12.6275;12.6983;12.7691;12.8399;12.9107;12.9909;13.0803;13.179;13.2871;13.4045;13.5218;13.6392;13.7566;13.8739;13.9913;14.1087;14.2371;14.3764;14.5268;14.6882;14.8605;15.0313;15.2004;15.3678;15.5336;15.6978;15.862;16.0261;16.1903;16.3545;16.5187;16.6828;16.8051;16.8854;16.9238;16.9203;16.8749;16.8295;16.7841;16.7387;16.6933;16.6479;16.5896;16.5184;16.4632;16.4241;16.401;16.4069;16.4418;16.4766;16.5115;16.5464;16.5812;16.6182;16.6573;16.6986;16.742;16.7875;16.833;16.8785;16.9241;16.9696;17.041;17.1384;17.2616;17.4108;17.5859;17.761;17.9361;18.1112;18.2863;18.4614;18.6365;18.7996;18.9506;19.0895;19.2163;19.3311;19.4459;19.5606;19.6754;19.7902;19.905;20.0198;20.1345;20.2518;20.3715;20.4938;20.6185;20.7456;20.8728;21","15;15.0421;15.0842;15.1263;15.1684;15.2105;15.2526;15.2947;15.3368;15.3789;15.4476;15.5429;15.6647;15.8132;15.9883;16.1634;16.3384;16.5135;16.6886;16.8636;17.0387;17.1982;17.342;17.4703;17.5829;17.6799;17.777;17.874;17.971;18.0681;18.1651;18.2621;18.3592;18.4563;18.5535;18.6508;18.7481;18.8454;18.9427;19.04;19.1373;19.2346;19.3319;19.4447;19.5728;19.7163;19.8753;20.0497;20.224;20.3984;20.5728;20.7471;20.8964;21.0206;21.1197;21.1937;21.2426;21.2916;21.3405;21.3548;21.3345;21.2797;21.1902;21.0661;20.942;20.818;20.6939;20.585;20.5316;20.5336;20.591;20.7038;20.8568;21.0099;21.1653;21.3233;21.4837;21.6466;21.8119;21.9773;22.1426;22.308;22.4733;22.6387;22.804;22.9586;23.1024;23.2355;23.3579;23.4695;23.5811;23.6927;23.8042;23.9158;24.0274;24.0936;24.1144;24.0898;24.0197;23.9043;23.7889;23.6734;23.5476;23.4113;23.2647;23.1076;22.9401;22.7727;22.6052;22.4377;22.2703;22.1028;21.9354;21.7741;21.6192;21.4704;21.3279;21.1917;21.0554;20.9192;20.7829;20.6467;20.5104;20.3741;20.2668;20.1884;20.1389;20.1182;20.1265;20.1217;20.1036;20.0724;20.0279;19.9703;19.9127;19.8551;19.7975;19.7398;19.6822;19.6246;19.545;19.4433;19.3195;19.1738;19.0059;18.8381;18.6703;18.5025;18.3347;18.1668;18.0524;17.9914;17.9292;17.8658;17.8013;17.6823;17.5088;17.3352;17.1617;16.9881;16.8146;16.643;16.4733;16.3056;16.1399;15.976;15.8122;15.6484;15.4846;15.3208;15.1799;15.0621;14.9672;14.8952;14.8463;14.7973;14.7483;14.6994;14.6504;14.6015;14.5525;14.5375;14.5565;14.6094;14.6963;14.8171;14.938;15.0588;15.1797;15.3005;15.4214;15.5422;15.663;15.7235;15.7237;15.6634;15.5428;15.3619;15.1809;15",0.228466,"0;0.716667;0.283333"
1.56288,0.185005,2.05877,"1;1.311;1.622;1.933;2.244;2.55841;2.87624;3.19749;3.52215;3.85023;4.17831;4.4506;4.66709;4.82779;4.93269;4.9818;5.03091;5.04693;5.02985;4.97968;4.89641;4.78005;4.73365;4.75721;4.85072;5.0142;5.24763;5.48107;5.72365;5.97539;6.23627;6.51596;6.81446;7.12262;7.44043;7.7679;8.08698;8.39768;8.7;8.91744;9.05;9.10608;9.08567;8.98877;8.92769;8.90244;8.97513;9.14575;9.41431;9.73728;10.1147;10.4844;10.8482;11.2061;11.5657;11.9272;12.2904;12.5159;12.6037;12.5538;12.3662;12.159;12.0699;12.0989;12.246;12.5113;12.7781;13.0465;13.3164;13.5879;13.861;14.134;14.3676;14.5617;14.7163;14.8314;14.9071;15.0314;15.2043;15.4258;15.6959;16.0147;16.3334;16.6238;16.8858;17.1193;17.3245;17.5012;17.7226;17.9886;18.2993;18.6547;19.0546;19.3939;19.6723;19.9135;20.1173;20.2838;20.4739;20.6873;20.9352;21.2176;21.5344;21.8857;22.2714;22.6537;23.0325;23.4078;23.7797;24.123;24.4413;24.7344;24.957;25.109;25.2156;25.3504;25.5135;25.7503;26.0338;26.364;26.6672;26.9433;27.1208;27.2269;27.2615;27.2246;27.1163;27.1025;27.1834;27.359;27.5521;27.7629;27.8966;27.9533;27.933;27.9127;27.9025;27.9026;27.9128;27.8707;27.7763;27.6195;27.4003;27.1186;26.8369;26.6251;26.4834;26.4113;26.4089;26.4762;26.5432;26.6099;26.5903;26.4843;26.292;26.0133;25.6483;25.3436;25.0993;24.9152;24.7915;24.7217;24.6456;24.563;24.4741;24.4692;24.5545;24.6673;24.8077;24.9757;25.0808;25.1233;25.1051;25.0263;24.8868;24.6868;24.4261;24.2605;24.1899;24.1042;24.0033;23.8873;23.6611;23.3247;23.0504;22.8382;22.6882;22.5428;22.4022;22.204;21.9484;21.6354;21.396;21.2304;21.1385;21.0974;21.1073;21.0943;21.0586;21","15;14.88;14.7601;14.6401;14.5202;14.436;14.3876;14.375;14.3981;14.4571;14.516;14.6291;14.7964;15.0178;15.2933;15.623;15.9527;16.293;16.6439;17.0054;17.3775;17.7602;18.114;18.4388;18.7346;19.0015;19.2395;19.4774;19.6997;19.9064;20.0975;20.2651;20.4093;20.5457;20.6743;20.7951;20.9485;21.1345;21.3532;21.6106;21.9067;22.209;22.5173;22.8317;23.1652;23.5177;23.8281;24.0962;24.3222;24.5045;24.6432;24.7994;24.9601;25.1255;25.2778;25.4171;25.5434;25.6456;25.7238;25.7778;25.8078;25.8724;25.9957;26.1777;26.4183;26.7177;26.9955;27.2516;27.4861;27.6989;27.8901;28.0813;28.3128;28.5846;28.8968;29.2492;29.642;29.9757;30.2504;30.466;30.6225;30.72;30.8175;30.8329;30.7662;30.6175;30.3867;30.0738;29.8244;29.6383;29.5156;29.4564;29.4605;29.5381;29.6893;29.8909;30.1429;30.4454;30.7247;30.9809;31.1715;31.2963;31.3555;31.349;31.2767;31.2526;31.2765;31.3484;31.4684;31.6579;31.8687;32.101;32.3745;32.6895;33.0243;33.2883;33.4814;33.5837;33.5544;33.3935;33.1918;32.9495;32.6538;32.3456;32.0247;31.6913;31.3453;31.0329;30.7542;30.509;30.2665;30.0267;29.7559;29.4541;29.1214;28.7887;28.4453;28.0914;27.7268;27.3931;27.0904;26.8291;26.6094;26.4312;26.253;26.0241;25.7446;25.4329;25.0892;24.7133;24.356;24.0172;23.7617;23.5894;23.5003;23.4945;23.5719;23.565;23.4738;23.2982;23.0383;22.6967;22.3576;22.021;21.6869;21.3937;21.1387;20.8794;20.6157;20.3478;20.0372;19.6841;19.3543;19.0478;18.7647;18.505;18.2685;18.0177;17.7525;17.5449;17.3949;17.3025;17.282;17.3336;17.4456;17.618;17.851;18.026;18.143;18.1416;18.0217;17.7835;17.5336;17.2722;16.9992;16.6794;16.3126;15.9104;15.4729;15",0.51576,"0;0.733333;0.266667"
1.29146,0.249689,1.10437,"1;1.19351;1.38702;1.58054;1.77405;1.96756;2.17372;2.39251;2.62395;2.86804;3.12476;3.38149;3.63822;3.89986;4.16643;4.43792;4.71434;4.99567;5.277;5.55834;5.74573;5.83918;5.83869;5.74425;5.55588;5.39903;5.27371;5.17991;5.16541;5.23019;5.34274;5.50305;5.71893;5.94261;6.17408;6.41336;6.61815;6.78066;6.90088;6.96172;6.96318;6.94755;6.91483;6.86502;6.81521;6.7654;6.70806;6.64319;6.5708;6.49087;6.40342;6.31597;6.22852;6.17713;6.16179;6.18251;6.23929;6.33213;6.42497;6.5178;6.64729;6.81341;7.01619;7.25561;7.53168;7.80774;8.08381;8.32178;8.52166;8.68344;8.80712;8.8927;8.97829;9.06388;9.18737;9.34876;9.54805;9.78524;10.0603;10.3354;10.6105;10.8828;11.1523;11.419;11.6829;11.944;12.205;12.4661;12.7309;12.9993;13.2714;13.5472;13.8267;14.1062;14.3857;14.6482;14.8937;15.1223;15.3338;15.5284;15.7229;15.9175;16.1303;16.3612;16.6104;16.8778;17.1634;17.4491;17.7347;17.9913;18.2188;18.4174;18.5869;18.7274;18.8679;18.9479;18.9675;18.9267;18.8254;18.7499;18.7605;18.8574;19.0404;19.3096;19.5788;19.848;20.057;20.2059;20.2946;20.3231;20.2915;20.2406;20.1704;20.081;19.9723;19.8908;19.8559;19.8674;19.9255;20.03;20.0591;20.0126;19.8907;19.6933;19.4203;19.1474;18.8745;18.6637;18.5151;18.4286;18.4042;18.442;18.4798;18.4915;18.4771;18.4367;18.4273;18.4491;18.5281;18.6642;18.8481;19.0223;19.1871;19.3423;19.4879;19.5462;19.5171;19.4006;19.1968;18.9995;18.8962;18.8868;18.887;18.8966;18.8218;18.6625;18.4188;18.1751;17.9314;17.7789;17.7177;17.7478;17.8692;18.0818;18.2944;18.507;18.7307;18.9655;19.2113;19.4683;19.7363;20.0043;20.2723;20.4944;20.6706;20.8008;20.885;20.9234;20.9617;21","15;15.2102;15.4204;15.6306;15.8408;16.051;16.2443;16.4205;16.5799;16.7222;16.8476;16.973;17.0984;17.1888;17.2441;17.2643;17.2495;17.1997;17.1499;17.1;17.0154;16.8959;16.7416;16.5525;16.3286;16.2064;16.186;16.2674;16.4251;16.6591;16.8676;17.0506;17.2108;17.3737;17.5393;17.7075;17.8936;18.0948;18.3113;18.5498;18.8104;19.0779;19.3524;19.6337;19.915;20.1964;20.4759;20.7535;21.0292;21.3031;21.5751;21.8471;22.1191;22.3907;22.662;22.9329;23.2035;23.4737;23.7439;24.0141;24.245;24.4366;24.5889;24.7018;24.7754;24.849;24.9226;25.0361;25.1893;25.3823;25.6151;25.8877;26.1603;26.4329;26.6664;26.8608;27.0161;27.1324;27.2095;27.2867;27.3639;27.4488;27.5415;27.642;27.7503;27.8664;27.9825;28.0985;28.1795;28.2254;28.2363;28.212;28.1527;28.0934;28.0341;28.0284;28.0765;28.1784;28.3339;28.5431;28.7523;28.9616;29.1305;29.2591;29.3475;29.3955;29.4032;29.411;29.4187;29.3719;29.2705;29.1146;28.9041;28.639;28.374;28.1063;27.8361;27.5633;27.2879;27.0463;26.8412;26.6726;26.5404;26.4447;26.349;26.2533;26.1137;25.9303;25.703;25.4318;25.1167;24.8149;24.5263;24.251;23.9889;23.7294;23.4595;23.1791;22.8881;22.5866;22.3623;22.2152;22.1454;22.1527;22.2372;22.3217;22.4062;22.4092;22.3306;22.1704;21.9287;21.6055;21.2822;20.9611;20.6421;20.3253;20.0214;19.7304;19.4501;19.1806;18.9169;18.6485;18.3752;18.097;17.814;17.5608;17.3373;17.1436;16.9796;16.8218;16.6404;16.4354;16.2326;16.0318;15.8568;15.7074;15.5838;15.4602;15.3366;15.1996;15.0491;14.8851;14.7077;14.5169;14.326;14.1352;13.9627;13.8086;13.6728;13.5555;13.4565;13.3575;13.2585;13.2569;13.3526;13.5458;13.8363;14.2242;14.6121;15",0.244925,"0;0.75;0.25"
1.15415,0.15363,0.93538,"1;1.19211;1.38423;1.57634;1.76845;1.96056;2.15268;2.35568;2.56958;2.79436;3.03004;3.27661;3.52318;3.76975;4.01632;4.23774;4.43401;4.60512;4.75109;4.8719;4.99271;5.11353;5.20688;5.27276;5.31117;5.32212;5.31016;5.30276;5.29991;5.30162;5.30788;5.31415;5.27871;5.20156;5.08272;4.92216;4.71991;4.58666;4.52241;4.52717;4.60094;4.7437;4.88647;5.02897;5.16851;5.30509;5.43871;5.56936;5.69732;5.82528;5.95325;6.04586;6.10313;6.12505;6.11162;6.06285;5.98694;5.88389;5.75371;5.59639;5.41193;5.22747;5.04301;4.88193;4.74422;4.62988;4.53892;4.47133;4.40374;4.33615;4.26856;4.25741;4.30271;4.40446;4.56265;4.77729;4.99193;5.20656;5.4212;5.64078;5.86529;6.09475;6.32914;6.56847;6.8078;7.04713;7.28646;7.52703;7.76884;8.01189;8.25619;8.50172;8.74725;8.99279;9.23832;9.47925;9.71556;9.94727;10.1744;10.3969;10.6194;10.8418;11.0643;11.2861;11.5072;11.7276;11.9473;12.1663;12.3853;12.6043;12.8233;13.0484;13.2797;13.517;13.7605;14.0101;14.2597;14.5092;14.7588;14.9644;15.1261;15.2438;15.3175;15.3851;15.4904;15.6336;15.8146;16.0333;16.2521;16.4708;16.6896;16.9062;17.1206;17.333;17.5432;17.7512;17.9629;18.1783;18.3973;18.6199;18.8462;19.0725;19.2988;19.525;19.7439;19.9553;20.1592;20.3557;20.5448;20.7338;20.9229;21.0872;21.2268;21.3416;21.4318;21.4971;21.5625;21.6279;21.6933;21.7156;21.6948;21.6309;21.524;21.3739;21.2239;21.0738;20.9238;20.8529;20.8612;20.9487;21.1154;21.2642;21.316;21.2709;21.1303;20.8944;20.66;20.4274;20.1963;19.9652;19.7448;19.5941;19.5132;19.4805;19.4961;19.5492;19.5809;19.591;19.6012;19.6113;19.6716;19.7819;19.9071;20.0473;20.2025;20.3225;20.4075;20.56;20.5774;21","15;14.84;14.68;14.5201;14.3601;14.2001;14.0401;13.9204;13.8409;13.8017;13.8027;13.844;13.8853;13.9266;13.9678;14.0467;14.1631;14.3172;14.5088;14.7381;14.9673;15.1965;15.4295;15.6663;15.9068;16.1511;16.4041;16.6621;16.9251;17.1932;17.4662;17.7392;17.9883;18.2135;18.4148;18.5922;18.7457;18.9071;19.0764;19.2537;19.4389;19.632;19.8251;20.0148;20.2135;20.4211;20.6376;20.8631;21.1008;21.3385;21.5762;21.818;22.064;22.3141;22.5683;22.8267;23.0031;23.0975;23.1099;23.0404;22.8888;22.7373;22.5858;22.5127;22.5181;22.6019;22.7641;23.0048;23.2455;23.4862;23.7269;23.9451;24.1407;24.3139;24.4646;24.5928;24.721;24.8492;24.9773;25.0943;25.2001;25.2948;25.3782;25.4505;25.5227;25.595;25.6672;25.7345;25.7966;25.8538;25.9058;25.9529;25.9999;26.047;26.094;26.1545;26.2283;26.3155;26.4161;26.5301;26.6441;26.7581;26.8722;26.9875;27.1041;27.2221;27.3413;27.4619;27.5825;27.703;27.8236;27.923;28.0011;28.058;28.0937;28.1081;28.1226;28.137;28.1515;28.1081;28.0069;27.8478;27.6309;27.3869;27.1737;26.9912;26.8394;26.7184;26.5974;26.4763;26.3553;26.2314;26.1046;25.975;25.8424;25.707;25.5775;25.4537;25.3358;25.2237;25.1174;25.0111;24.9048;24.7985;24.6728;24.5277;24.3631;24.1791;23.9757;23.7722;23.5688;23.3578;23.1392;22.9131;22.6793;22.438;22.1967;21.9554;21.7141;21.4811;21.2563;21.0398;20.8316;20.6316;20.4317;20.2317;20.0317;19.8679;19.7403;19.6489;19.5937;19.544;19.4636;19.3524;19.2258;19.0838;18.957;18.8455;18.7492;18.6529;18.6176;18.5543;18.4632;18.3368;18.1753;17.9175;17.6524;17.38;17.1077;16.8353;16.587;16.3627;16.1482;15.9433;15.7482;15.5387;15.3149;15.1624;14.8674;15",0.189165,"0;0.766667;0.233333"
1.17078,0.148166,0.880679,"1;1.22448;1.44896;1.67345;1.89793;2.12241;2.2581;2.30499;2.26309;2.1324;1.98278;1.90304;1.89318;1.95319;2.08308;2.21297;2.34286;2.49444;2.66772;2.86269;3.07935;3.31771;3.55606;3.79281;4.02795;4.26149;4.49342;4.72374;4.95407;5.11958;5.22028;5.25616;5.22723;5.13349;5.03975;4.946;4.8556;4.76854;4.68481;4.60443;4.52738;4.45034;4.37329;4.30205;4.2366;4.17695;4.1231;4.07505;4.027;3.97895;3.93473;3.89435;3.8578;3.82508;3.7962;3.76731;3.73843;3.76874;3.85824;4.00692;4.2148;4.48187;4.74894;5.01601;5.26737;5.50302;5.72296;5.92719;6.11571;6.30423;6.49275;6.67612;6.85435;7.02742;7.19536;7.35814;7.52093;7.68371;7.84144;7.9941;8.14171;8.28425;8.42174;8.55922;8.6967;8.83418;8.9438;9.02556;9.07946;9.10549;9.10366;9.10183;9.14966;9.24717;9.39434;9.59117;9.83768;10.0842;10.3307;10.5772;10.8169;11.0498;11.276;11.4953;11.7078;11.92;12.1317;12.343;12.5539;12.7644;12.9749;13.1235;13.2101;13.2348;13.1976;13.0878;13.043;13.0631;13.1483;13.2984;13.5243;13.7501;13.8844;13.927;13.8781;13.8291;13.78;13.8225;13.9565;14.1821;14.4076;14.6332;14.7683;14.8129;14.7671;14.6308;14.404;14.2716;14.2338;14.2904;14.4415;14.687;14.9326;15.1757;15.4164;15.6548;15.8907;16.1242;16.3354;16.5243;16.691;16.7869;16.8122;16.7892;16.7177;16.5979;16.5213;16.4879;16.4976;16.5505;16.6465;16.7725;16.9284;17.1142;17.3299;17.5673;17.7964;18.0173;18.2066;18.3644;18.4989;18.6102;18.7371;18.9028;19.1074;19.3507;19.633;19.9152;20.1974;20.4751;20.7482;21.0166;21.2805;21.5399;21.7992;22.0585;22.2609;22.4065;22.4952;22.5271;22.502;22.477;22.452;22.4269;22.3381;22.1854;21.9688;21.6884;21.3442;21","15;14.8233;14.6465;14.4698;14.293;14.1163;14.0123;13.981;14.0225;14.1367;14.3361;14.5478;14.7718;15.0083;15.2571;15.5059;15.7547;15.9802;16.1825;16.3616;16.5175;16.6501;16.7827;16.9195;17.0605;17.2057;17.3551;17.5087;17.6624;17.8392;18.0394;18.2627;18.5094;18.7793;19.0492;19.3191;19.59;19.862;20.1351;20.4091;20.6843;20.9594;21.2345;21.511;21.7887;22.0677;22.3481;22.6297;22.9114;23.193;23.4752;23.7579;24.0411;24.3248;24.6091;24.8933;25.1776;25.4253;25.6364;25.811;25.9491;26.0506;26.1521;26.2537;26.3778;26.5246;26.694;26.8861;27.1008;27.3155;27.5302;27.655;27.6899;27.6349;27.49;27.2551;27.0203;26.7855;26.6395;26.5821;26.6135;26.7335;26.9423;27.1511;27.3599;27.5687;27.6799;27.6934;27.6092;27.4274;27.1479;26.8685;26.6366;26.4522;26.3154;26.2262;26.1845;26.1429;26.1012;26.0595;25.9995;25.921;25.8241;25.7088;25.5751;25.4424;25.3108;25.1802;25.0507;24.9222;24.7937;24.6459;24.4786;24.2918;24.0857;23.8833;23.7041;23.5483;23.4158;23.3066;23.1976;23.0886;22.9988;22.9281;22.8766;22.8197;22.7574;22.6705;22.5592;22.4232;22.2873;22.1514;22.0721;22.0494;22.0833;22.1738;22.321;22.4684;22.6161;22.7642;22.9126;23.0613;23.21;23.2927;23.3096;23.2606;23.1456;22.9648;22.7679;22.555;22.326;22.0813;21.8208;21.5605;21.3005;21.0408;20.7839;20.53;20.2789;20.0307;19.7853;19.5913;19.4485;19.357;19.3167;19.2756;19.1823;19.0369;18.8392;18.5892;18.3389;18.0884;17.8967;17.7641;17.6905;17.6759;17.7204;17.7648;17.8093;17.8209;17.7996;17.7454;17.6584;17.5384;17.4185;17.2985;17.1528;16.9813;16.7841;16.5611;16.3124;16.0636;15.8149;15.5662;15.3637;15.2076;15.0978;15.0343;15.0172;15",0.163802,"0;0.783333;0.216667"
0.905266,0.228969,0.572148,"1;1.18712;1.37424;1.56136;1.74848;1.93561;2.12273;2.30985;2.49697;2.66365;2.8099;2.9357;3.04107;3.12601;3.21094;3.29587;3.3808;3.46574;3.55067;3.59193;3.58954;3.59304;3.60244;3.61775;3.68261;3.79705;3.91148;4.02591;4.14034;4.22721;4.28652;4.31826;4.32243;4.29905;4.27566;4.25227;4.22889;4.2055;4.18211;4.1997;4.25827;4.35781;4.49833;4.67983;4.86133;5.04282;5.22432;5.40582;5.58731;5.73612;5.85223;5.93565;5.97381;5.96671;5.94705;5.91483;5.87004;5.82525;5.78046;5.73567;5.69088;5.64609;5.64354;5.68322;5.76515;5.88931;6.0557;6.2221;6.3885;6.5549;6.72129;6.85393;6.9528;7.01792;7.04927;7.04686;7.04445;7.04204;7.03963;7.03722;7.03481;7.06091;7.11551;7.19863;7.31026;7.45924;7.61707;7.78375;7.95928;8.14366;8.32804;8.51242;8.6968;8.88406;9.07419;9.2672;9.46308;9.66184;9.8606;10.0594;10.2581;10.4569;10.6615;10.8719;11.0881;11.2527;11.3656;11.4211;11.4191;11.3596;11.3002;11.2407;11.1812;11.1703;11.2078;11.2939;11.4284;11.6115;11.7945;11.9776;12.1607;12.3437;12.5251;12.7047;12.8827;13.059;13.2031;13.3167;13.4;13.4528;13.4751;13.4974;13.5198;13.5421;13.5645;13.5868;13.5855;13.5606;13.512;13.4398;13.4057;13.4334;13.5228;13.674;13.8869;14.0998;14.3029;14.4959;14.6791;14.8523;15.0157;15.179;15.3423;15.5056;15.6755;15.852;16.035;16.2246;16.4208;16.617;16.8131;17.0093;17.2055;17.4017;17.554;17.6625;17.7271;17.7479;17.7249;17.7018;17.6851;17.6746;17.6704;17.6725;17.6809;17.6985;17.7254;17.7616;17.8071;17.8619;17.9166;17.9713;18.0486;18.1485;18.271;18.416;18.5835;18.7511;18.9187;19.0863;19.2538;19.4214;19.589;19.7661;19.9527;20.1488;20.3545;20.5696;20.7848;21","15;15.0706;15.1412;15.2118;15.2824;15.353;15.4237;15.4943;15.5649;15.6576;15.7724;15.9093;16.0682;16.2493;16.4304;16.6114;16.7925;16.9736;17.1547;17.3406;17.5313;17.7182;17.901;18.08;18.2501;18.4114;18.5728;18.7341;18.8955;19.0637;19.2389;19.4209;19.6099;19.8057;20.0016;20.1975;20.3934;20.5892;20.7851;20.9536;21.0947;21.2085;21.2948;21.3538;21.4128;21.4718;21.5308;21.5898;21.6488;21.7352;21.849;21.9903;22.1582;22.3527;22.5465;22.7394;22.9316;23.1238;23.3161;23.5083;23.7005;23.8927;24.0278;24.1059;24.1268;24.0907;23.9975;23.9044;23.8112;23.718;23.6248;23.5903;23.6143;23.6971;23.8384;24.0384;24.2384;24.4384;24.6384;24.8383;25.0383;25.2288;25.4098;25.5812;25.7432;25.845;25.8962;25.8968;25.8468;25.7461;25.6455;25.5449;25.4442;25.3546;25.276;25.2084;25.1517;25.1061;25.0605;25.0149;24.9693;24.9237;24.8947;24.8824;24.8867;24.8618;24.8076;24.7075;24.5616;24.3698;24.1779;23.9861;23.7943;23.6218;23.4686;23.3347;23.2201;23.1247;23.0294;22.9341;22.8388;22.7435;22.6802;22.649;22.6498;22.6826;22.6955;22.6564;22.5654;22.4224;22.2275;22.0325;21.8376;21.6427;21.4477;21.2528;21.0584;20.8646;20.6714;20.4787;20.33;20.2248;20.1631;20.1448;20.17;20.1952;20.1895;20.1527;20.0851;19.9864;19.8568;19.7271;19.5975;19.4679;19.3564;19.2631;19.1879;19.1308;19.0919;19.053;19.0141;18.9752;18.9363;18.8974;18.8267;18.7241;18.5897;18.4235;18.2255;18.0275;17.828;17.627;17.4245;17.2206;17.0152;16.8135;16.6155;16.4213;16.2308;16.044;15.8573;15.6705;15.507;15.3667;15.2497;15.1559;15.0853;15.0148;14.9442;14.8737;14.8031;14.7326;14.662;14.6247;14.6207;14.65;14.7125;14.8084;14.9042;15",0.152378,"0;0.8;0.2"
1.40531,0.244433,0.867424,"1;1.33168;1.66336;1.99504;2.32672;2.64137;2.93899;3.21958;3.48314;3.72967;3.9762;4.14891;4.2478;4.27287;4.22412;4.10155;3.97898;3.85214;3.78729;3.78444;3.84359;3.93797;4.07186;4.17899;4.25935;4.31295;4.36655;4.4702;4.62388;4.82761;5.08139;5.37799;5.66739;5.95069;6.2279;6.49901;6.77123;7.04457;7.29894;7.53436;7.77633;8.02484;8.2799;8.56046;8.85763;9.14592;9.42532;9.69583;9.95746;10.2191;10.4771;10.7315;10.9824;11.2296;11.4732;11.7169;11.9738;12.2441;12.5277;12.8246;13.1348;13.445;13.7196;13.9588;14.1625;14.3306;14.4632;14.5959;14.768;14.9796;15.2307;15.5213;15.8515;16.1816;16.5021;16.8129;17.1141;17.4056;17.6875;17.9694;18.2513;18.5413;18.8395;19.1457;19.46;19.7824;20.1049;20.4056;20.6846;20.9419;21.1775;21.3914;21.6053;21.8192;22.0242;22.2205;22.408;22.5866;22.7564;22.9263;23.1127;23.3158;23.5355;23.7719;24.0249;24.2778;24.5308;24.7722;25.0021;25.2204;25.4272;25.6224;25.8177;26.0176;26.2222;26.4314;26.6454;26.864;27.0827;27.3013;27.5404;27.7999;28.0798;28.3802;28.701;29.0217;29.2839;29.4876;29.6326;29.7191;29.7469;29.7748;29.8027;29.8044;29.7798;29.7291;29.6522;29.5491;29.446;29.3686;29.3169;29.291;29.2909;29.3164;29.3311;29.3348;29.3277;29.3096;29.2806;29.2516;29.1999;29.1254;29.0281;28.9081;28.7653;28.6225;28.5137;28.4391;28.3985;28.3919;28.3846;28.3425;28.2656;28.1538;28.0073;27.832;27.628;27.3953;27.1339;26.8438;26.6135;26.4432;26.3328;26.2823;26.2564;26.1953;26.099;25.9674;25.8007;25.6339;25.4589;25.2755;25.0839;24.884;24.6758;24.5175;24.409;24.2907;24.1626;24.0247;23.8199;23.5482;23.2692;22.9829;22.6894;22.3959;22.0802;21.7423;21.4044;21","15;14.9668;14.9337;14.9005;14.8673;14.8857;14.9555;15.0768;15.2497;15.474;15.6984;15.9399;16.1985;16.4742;16.7671;17.077;17.387;17.6097;17.813;17.9969;18.1613;18.3231;18.5694;18.8324;19.1121;19.4085;19.7049;19.9508;20.1462;20.2911;20.3856;20.3768;20.3153;20.2787;20.2672;20.2807;20.3719;20.5409;20.6083;20.5741;20.5372;20.4975;20.455;20.5112;20.6664;20.8218;20.9773;21.1329;21.2887;21.4445;21.5392;21.5727;21.5451;21.4564;21.3066;21.1567;21.0612;21.0201;21.0333;21.101;21.223;21.345;21.5038;21.6993;21.9316;22.2006;22.5064;22.8123;23.0477;23.2127;23.3073;23.3316;23.2854;23.2392;23.2116;23.2025;23.212;23.24;23.2865;23.333;23.3795;23.3998;23.3939;23.3618;23.3034;23.2189;23.1343;23.1046;23.1296;23.2095;23.3441;23.5335;23.723;23.9124;24.1213;24.3497;24.5975;24.8649;25.1517;25.4385;25.6414;25.7604;25.7955;25.7466;25.6138;25.481;25.3482;25.296;25.3244;25.4334;25.6229;25.8931;26.1633;26.3427;26.4312;26.4289;26.3358;26.1519;25.968;25.784;25.6188;25.4722;25.3443;25.235;25.1444;25.0538;24.9245;24.7564;24.5496;24.304;24.0196;23.7353;23.4509;23.16;22.8626;22.5587;22.2482;21.9313;21.6143;21.2988;20.985;20.6727;20.3619;20.0527;19.7486;19.4495;19.1556;18.8668;18.5831;18.2994;18.0141;17.7274;17.4392;17.1495;16.8583;16.5671;16.274;15.9789;15.6819;15.383;15.0878;14.7984;14.5147;14.2368;13.9645;13.7395;13.5617;13.4312;13.3478;13.3117;13.3388;13.429;13.5824;13.799;14.0729;14.3408;14.6029;14.859;15.1092;15.3595;15.5036;15.5416;15.4734;15.2991;15.0186;14.7307;14.4354;14.1824;13.9719;13.8038;13.7308;13.7529;13.8204;13.933;14.091;14.2489;14.4188;14.6006;14.7824;15",0.168182,"0;0.816667;0.183333"
1.26649,0.440354,0.806779,"1;1.17914;1.35828;1.53742;1.71656;1.89569;2.0944;2.31268;2.55053;2.80795;3.08494;3.36193;3.63892;3.84284;3.9737;4.03149;4.01621;3.92787;3.83952;3.75118;3.66548;3.58243;3.50203;3.42428;3.34918;3.27408;3.19897;3.11636;3.02622;2.92858;2.82342;2.71074;2.59806;2.48539;2.37789;2.27556;2.17841;2.08644;1.99964;1.91284;1.82604;1.76561;1.73155;1.72386;1.74254;1.7876;1.83265;1.87771;1.96838;2.10468;2.2866;2.51414;2.78731;3.06047;3.33364;3.58605;3.81772;4.02864;4.21881;4.38823;4.55765;4.72708;4.91406;5.11859;5.34069;5.58034;5.83754;6.09475;6.35196;6.59953;6.83747;7.06578;7.28445;7.49349;7.70253;7.91157;8.08318;8.21734;8.31406;8.37334;8.39518;8.41703;8.48423;8.5968;8.75474;8.95804;9.2067;9.45537;9.69292;9.91938;10.1347;10.339;10.5321;10.7341;10.9451;11.165;11.3939;11.6349;11.8791;12.1265;12.3771;12.5938;12.7732;12.9154;13.0204;13.0881;13.1559;13.2237;13.3018;13.3902;13.4889;13.598;13.7173;13.8367;13.9561;14.1066;14.2882;14.5009;14.7447;15.0196;15.2946;15.5695;15.8055;16.0027;16.1609;16.2803;16.3608;16.4412;16.5217;16.6001;16.6766;16.751;16.8235;16.8939;16.9644;17.0325;17.0984;17.162;17.2233;17.2823;17.2746;17.2001;17.0588;16.8508;16.576;16.3012;16.119;16.0294;16.0325;16.1281;16.3164;16.5047;16.6506;16.7542;16.8154;16.8342;16.8106;16.7871;16.7635;16.7659;16.7941;16.8481;16.9281;16.9755;16.9644;16.8948;16.7667;16.5802;16.4147;16.2702;16.1468;16.0659;16.0275;16.0105;16.0593;16.1738;16.3326;16.5355;16.7828;17.0235;17.2578;17.4857;17.7071;17.9221;18.1371;18.3521;18.567;18.7742;18.9735;19.165;19.3487;19.5246;19.7005;19.8763;20.0556;20.2384;20.4245;20.614;20.807;21","15;15.2226;15.4452;15.6677;15.8903;16.1129;16.305;16.4666;16.5976;16.6982;16.7683;16.8383;16.9084;17.0188;17.1695;17.3606;17.592;17.8637;18.1354;18.4071;18.6796;18.9529;19.227;19.5019;19.7775;20.0532;20.3289;20.6019;20.8723;21.1401;21.4053;21.6679;21.9304;22.193;22.4575;22.7239;22.9922;23.2625;23.5347;23.8069;24.0791;24.3533;24.6295;24.9077;25.1878;25.47;25.7521;26.0343;26.2432;26.379;26.4416;26.431;26.3473;26.2635;26.1798;26.0668;25.9245;25.753;25.5522;25.3221;25.0921;24.862;24.7028;24.6145;24.5972;24.6507;24.7751;24.8995;25.0239;25.0845;25.0812;25.0141;24.8832;24.6884;24.4936;24.2989;24.0902;23.8676;23.631;23.3806;23.1162;22.8518;22.6086;22.3866;22.1857;22.0061;21.8476;21.6892;21.5304;21.3712;21.2116;21.0517;20.8914;20.7398;20.597;20.4629;20.3376;20.2494;20.1897;20.1583;20.1553;20.2311;20.3574;20.5341;20.7612;21.0388;21.3163;21.5939;21.8678;22.1382;22.405;22.6682;22.9277;23.1873;23.4469;23.6701;23.857;24.0074;24.1215;24.1993;24.277;24.3548;24.3686;24.3187;24.2048;24.0271;23.7856;23.544;23.3025;23.0579;22.8104;22.5599;22.3064;22.0499;21.7934;21.5303;21.2604;20.9839;20.7007;20.4108;20.1973;20.0604;19.9998;20.0157;20.1081;20.2004;20.2298;20.1961;20.0995;19.9399;19.7173;19.4947;19.2604;19.0143;18.7564;18.4869;18.2055;17.9242;17.6429;17.3668;17.0959;16.8303;16.5699;16.3292;16.103;15.8913;15.6942;15.5115;15.3156;15.1064;14.884;14.6406;14.376;14.1036;13.8778;13.6987;13.574;13.5037;13.488;13.4498;13.3893;13.3065;13.2012;13.0736;12.946;12.8184;12.6908;12.6337;12.6472;12.7313;12.8859;13.111;13.3362;13.5614;13.7909;14.0249;14.2632;14.5059;14.7529;15",0.334881,"0;0.833333;0.166667"
1.0103,0.300647,0.554343,"1;1.1791;1.35819;1.53729;1.71639;1.89549;2.07458;2.25368;2.39914;2.51097;2.58916;2.63372;2.64464;2.65556;2.66648;2.6774;2.68833;2.69267;2.69044;2.68163;2.66625;2.64429;2.62233;2.60037;2.57841;2.55645;2.56676;2.60935;2.68422;2.79136;2.93077;3.07019;3.22389;3.3919;3.5742;3.77079;3.98167;4.19256;4.40344;4.61433;4.8179;5.01414;5.20307;5.38468;5.55897;5.73327;5.90756;6.08185;6.26111;6.44533;6.63451;6.82866;7.02778;7.1657;7.24244;7.258;7.21237;7.15245;7.13941;7.17328;7.25403;7.38168;7.51924;7.66671;7.82411;7.99142;8.16864;8.34586;8.53131;8.72497;8.92686;9.13696;9.35529;9.57361;9.79194;10.0103;10.2286;10.4419;10.6502;10.8534;11.0516;11.2448;11.438;11.6363;11.8395;12.0477;12.261;12.4792;12.6975;12.9157;13.1159;13.2981;13.4622;13.6082;13.7362;13.8642;13.9922;14.1202;14.2573;14.4036;14.5591;14.7237;14.8975;15.0713;15.2451;15.4185;15.5915;15.7642;15.9365;16.1084;16.2804;16.45;16.6172;16.7821;16.9447;17.1049;17.2651;17.4253;17.5855;17.7457;17.89;18.0185;18.131;18.2277;18.3085;18.3892;18.47;18.5508;18.6601;18.798;18.9645;19.1596;19.3832;19.5824;19.7572;19.9076;20.041;20.1573;20.2811;20.4123;20.5508;20.6894;20.828;20.9666;21.1052;21.2255;21.3277;21.4117;21.4775;21.5251;21.5231;21.4713;21.3698;21.2752;21.1875;21.1565;21.182;21.2642;21.3463;21.4285;21.5102;21.5914;21.6722;21.7525;21.8324;21.9122;21.9349;21.9002;21.8084;21.6678;21.4786;21.2979;21.1257;20.9621;20.7986;20.711;20.6994;20.7639;20.9044;21.121;21.3375;21.554;21.7706;21.9871;22.164;22.3013;22.3989;22.4569;22.4752;22.4935;22.5119;22.5302;22.4927;22.3992;22.2498;22.0446;21.7834;21.5223;21.2611;21","15;15.1316;15.2631;15.3947;15.5262;15.6578;15.7893;15.9209;16.0705;16.2382;16.424;16.6279;16.8499;17.0718;17.2938;17.5157;17.7377;17.9595;18.1811;18.4026;18.6239;18.845;19.0661;19.2873;19.5084;19.7295;19.8669;19.9206;19.8906;19.7768;19.5793;19.3817;19.2435;19.1646;19.145;19.1847;19.2836;19.3826;19.4815;19.5805;19.6301;19.6303;19.5811;19.4826;19.3346;19.1867;19.0388;18.8908;18.7902;18.7368;18.7308;18.7721;18.8607;18.9732;19.1097;19.2703;19.4547;19.6606;19.8639;20.0646;20.2626;20.4581;20.6457;20.8256;20.9976;21.1617;21.3181;21.4744;21.5959;21.6825;21.7341;21.7509;21.7328;21.7146;21.6965;21.6784;21.6603;21.6226;21.5653;21.4883;21.3918;21.2758;21.1597;21.0717;21.012;20.9804;20.977;21.0018;21.0265;21.0513;21.0359;20.9803;20.8844;20.7485;20.5723;20.3961;20.2199;20.0438;19.9346;19.8924;19.9173;20.0092;20.168;20.3269;20.4858;20.6413;20.7933;20.9419;21.0871;21.2289;21.3707;21.5126;21.6546;21.7966;21.9387;22.081;22.2232;22.3654;22.5076;22.6498;22.8077;22.9811;23.1701;23.3747;23.595;23.8152;24.0354;24.2557;24.4274;24.5507;24.6255;24.6519;24.6298;24.5706;24.4745;24.3415;24.1813;23.9941;23.8168;23.6494;23.492;23.3345;23.1771;23.0197;22.8622;22.6952;22.5186;22.3325;22.1368;21.9315;21.7646;21.6361;21.5459;21.4562;21.3669;21.2397;21.0746;20.8716;20.6686;20.4656;20.2596;20.0505;19.8385;19.6234;19.4053;19.1872;18.999;18.8407;18.7123;18.6013;18.5075;18.4012;18.2822;18.1506;18.019;17.9038;17.8049;17.7223;17.656;17.606;17.5561;17.5061;17.4562;17.4062;17.3164;17.1867;17.0171;16.8077;16.5583;16.309;16.0597;15.8104;15.6005;15.4301;15.2992;15.2078;15.1558;15.1039;15.0519;15",0.222828,"0;0.85;0.15"
1.07883,0.245005,0.659751,"1;1.22222;1.44444;1.66667;1.88889;2.11111;2.33333;2.55556;2.77445;2.99003;3.20228;3.41121;3.61681;3.82242;4.02802;4.23362;4.43923;4.63091;4.80866;4.97248;5.1375;5.30372;5.48505;5.68151;5.89309;6.10466;6.26303;6.36818;6.42012;6.41885;6.36436;6.30988;6.25445;6.19809;6.14078;6.08254;6.02335;5.96417;5.90498;5.8458;5.76271;5.65572;5.52484;5.37005;5.19136;5.01267;4.83398;4.65529;4.50132;4.37208;4.26756;4.18776;4.13269;4.07761;4.02254;4.02516;4.08547;4.20347;4.37916;4.61255;4.84594;5.07932;5.31271;5.51161;5.67602;5.80595;5.9014;5.96236;6.02332;6.1094;6.2206;6.35693;6.51838;6.70495;6.89152;7.07809;7.24508;7.3925;7.52033;7.62859;7.71727;7.8266;7.9566;8.10725;8.27856;8.47053;8.6625;8.85447;9.04644;9.24448;9.4486;9.65879;9.87504;10.0974;10.3197;10.5272;10.7199;10.8978;11.0609;11.2092;11.3575;11.5058;11.6236;11.7109;11.7677;11.794;11.7898;11.7855;11.8222;11.8997;12.0181;12.1773;12.3774;12.5775;12.7776;12.9776;13.1876;13.4073;13.6368;13.8762;14.1254;14.3746;14.6238;14.873;15.1119;15.3404;15.5587;15.7666;15.9642;16.1617;16.3593;16.5569;16.7545;16.9586;17.1691;17.386;17.6095;17.8394;18.0693;18.2992;18.5291;18.7418;18.9372;19.1153;19.2762;19.4199;19.5636;19.7072;19.8509;19.9946;20.1142;20.2099;20.2815;20.3291;20.3528;20.3764;20.4;20.4237;20.4761;20.5573;20.6673;20.8061;20.9738;21.1414;21.309;21.4766;21.6442;21.8195;22.0024;22.193;22.3911;22.597;22.8028;23.0086;23.2145;23.394;23.5474;23.6744;23.7752;23.8498;23.9244;23.9989;24.0735;24.1481;24.1645;24.1227;24.0227;23.8646;23.6482;23.4319;23.2156;22.9993;22.774;22.5398;22.2966;22.0444;21.7833;21.5222;21.2611;21","15;15;15;15;15;15;15;15;15.0169;15.0506;15.1012;15.1686;15.253;15.3373;15.4216;15.5059;15.5902;15.6903;15.8062;15.9379;16.0764;16.2217;16.3581;16.4855;16.604;16.7225;16.8597;17.0156;17.1901;17.3832;17.5951;17.8069;18.0229;18.2431;18.4674;18.6959;18.9285;19.1612;19.3938;19.6264;19.8475;20.057;20.255;20.4414;20.6162;20.791;20.9659;21.1407;21.3241;21.5159;21.7162;21.9249;22.1422;22.3594;22.5767;22.7624;22.9165;23.0391;23.1301;23.1895;23.249;23.3084;23.3679;23.458;23.5788;23.7303;23.9125;24.1254;24.3382;24.4757;24.5378;24.5245;24.4357;24.2716;24.1075;23.9434;23.8593;23.8552;23.9312;24.0871;24.3231;24.4901;24.5882;24.6173;24.5774;24.4686;24.3597;24.2509;24.142;24.0441;23.9569;23.8807;23.8153;23.7608;23.7062;23.6265;23.5216;23.3914;23.2361;23.0555;22.875;22.6944;22.5066;22.3114;22.1089;21.899;21.6819;21.4647;21.321;21.2506;21.2537;21.3302;21.4801;21.63;21.7799;21.9297;22.0537;22.1516;22.2236;22.2695;22.2896;22.3096;22.3296;22.3496;22.3859;22.4386;22.5076;22.593;22.6947;22.7964;22.8981;22.9998;23.1015;23.2025;23.3028;23.4024;23.5013;23.5995;23.6977;23.7959;23.8941;23.9388;23.9299;23.8674;23.7515;23.5819;23.4124;23.2428;23.0733;22.9038;22.7184;22.5171;22.2999;22.0669;21.818;21.5692;21.3203;21.0714;20.8431;20.6354;20.4483;20.2818;20.136;19.9901;19.8442;19.6983;19.5524;19.4073;19.263;19.1195;18.9768;18.8349;18.693;18.5511;18.4092;18.2538;18.0849;17.9026;17.7067;17.4974;17.288;17.0787;16.8694;16.66;16.4675;16.2918;16.1328;15.9907;15.8654;15.7401;15.6148;15.4894;15.3812;15.2901;15.2161;15.1592;15.1194;15.0796;15.0398;15",0.178974,"0;0.866667;0.133333"
0.888841,0.398779,0.188852,"1;1.02314;1.04629;1.06943;1.09258;1.11572;1.13886;1.16201;1.18515;1.24295;1.3354;1.4625;1.62426;1.82067;2.01707;2.21348;2.40989;2.6063;2.80271;2.98957;3.16688;3.33465;3.49286;3.64154;3.79021;3.93888;4.08755;4.23622;4.33493;4.38369;4.38249;4.33134;4.28601;4.29647;4.36272;4.48475;4.66258;4.8404;5.01822;5.19604;5.35075;5.48234;5.59082;5.67619;5.73844;5.80069;5.88909;6.00363;6.14433;6.31117;6.50416;6.69715;6.89014;7.08313;7.27611;7.4691;7.64218;7.79534;7.92859;8.04192;8.13533;8.22875;8.32217;8.41559;8.509;8.60242;8.71188;8.83737;8.9789;9.13647;9.31008;9.48368;9.65729;9.8309;10.0045;10.1621;10.3038;10.4294;10.5521;10.6719;10.8047;10.9506;11.1095;11.2684;11.4273;11.5862;11.7451;11.9136;12.076;12.2323;12.3824;12.5264;12.6547;12.783;12.9231;13.0749;13.2385;13.4139;13.6011;13.7883;13.9755;14.1627;14.3499;14.4932;14.5927;14.6483;14.66;14.6278;14.5956;14.5635;14.5313;14.5425;14.5971;14.695;14.8362;15.0208;15.1864;15.3329;15.4605;15.569;15.6585;15.748;15.7983;15.8096;15.7818;15.7149;15.6088;15.5565;15.558;15.6131;15.722;15.8847;16.0462;16.2066;16.3658;16.5239;16.6809;16.8412;17.0047;17.1716;17.3418;17.5153;17.6889;17.8624;18.0359;18.2094;18.3829;18.4891;18.5281;18.4998;18.4043;18.2414;18.0786;17.9158;17.7529;17.5901;17.4273;17.2939;17.1901;17.1158;17.071;17.0557;17.0404;17.0251;17.0098;16.9945;16.9792;16.9778;16.9904;17.0168;17.0572;17.1116;17.1659;17.2202;17.3043;17.4182;17.5619;17.7354;17.9387;18.142;18.3453;18.5486;18.7491;18.9468;19.1416;19.3336;19.5212;19.7072;19.8915;20.0742;20.2552;20.4363;20.5878;20.7099;20.8025;20.8656;20.8992;20.9328;20.9664;21","15;14.8013;14.6027;14.404;14.2054;14.0067;13.8081;13.6094;13.4107;13.2443;13.11;13.0079;12.938;12.9002;12.8625;12.8248;12.787;12.7493;12.7116;12.6532;12.5741;12.4744;12.354;12.2129;12.0719;11.9308;11.7897;11.6487;11.5052;11.3592;11.2107;11.0598;10.9216;10.7985;10.6906;10.5978;10.5201;10.4424;10.3648;10.2871;10.1867;10.0636;9.91771;9.74911;9.55779;9.36646;9.20988;9.08804;9.00094;8.94858;8.93097;8.91335;8.89574;8.87813;8.86051;8.8429;8.795;8.71682;8.60836;8.46961;8.30057;8.13154;7.96251;7.79348;7.62444;7.45541;7.30338;7.16836;7.05034;6.94932;6.86531;6.78129;6.69728;6.61326;6.52925;6.42625;6.30427;6.1633;6.06371;6.00548;6.00761;6.07009;6.19293;6.31578;6.43862;6.56146;6.6843;6.76929;6.79906;6.77362;6.69297;6.5571;6.40387;6.25064;6.1395;6.07046;6.04351;6.05866;6.1159;6.17314;6.23038;6.28762;6.34486;6.43048;6.54448;6.68685;6.8576;7.05673;7.25586;7.45499;7.65412;7.82757;7.97534;8.09742;8.19383;8.26455;8.35332;8.46012;8.58497;8.72787;8.8888;9.04973;9.21137;9.37371;9.53675;9.7005;9.86495;10.0156;10.1524;10.2753;10.3845;10.4798;10.5835;10.6955;10.8158;10.9444;11.0814;11.171;11.2134;11.2085;11.1564;11.0569;10.9574;10.858;10.7585;10.659;10.5595;10.5011;10.4838;10.5074;10.5722;10.6779;10.7837;10.8895;10.9953;11.1011;11.2068;11.3313;11.4746;11.6365;11.8172;12.0166;12.2161;12.4155;12.6149;12.8143;13.0137;13.2106;13.405;13.5969;13.7863;13.9732;14.1601;14.347;14.4938;14.6004;14.6669;14.6933;14.6796;14.6658;14.6521;14.6383;14.6172;14.5885;14.5525;14.509;14.4455;14.3692;14.2803;14.1787;14.0644;13.9502;13.9014;13.918;14.0002;14.1478;14.3608;14.5739;14.7869;15",0.31825,"0;0.883333;0.116667"
0.993354,0.396841,0.223756,"1;1.22022;1.44044;1.66066;1.88088;2.1011;2.32133;2.54155;2.73312;2.89605;3.03034;3.13597;3.21297;3.28996;3.36695;3.44395;3.52094;3.59182;3.65659;3.74278;3.8504;3.97944;4.13601;4.32011;4.50421;4.68832;4.87242;5.05652;5.21708;5.35408;5.46754;5.55745;5.62381;5.69017;5.75653;5.82289;5.88925;5.94402;5.9872;6.0188;6.03881;6.04722;6.05564;6.06406;6.07248;6.0809;6.12261;6.19762;6.30593;6.44753;6.62242;6.79732;6.97221;7.14711;7.322;7.50142;7.68535;7.87381;8.06679;8.26429;8.46178;8.65928;8.85678;9.0571;9.26025;9.46623;9.67504;9.88667;10.0983;10.3099;10.5216;10.7332;10.9482;11.1665;11.3881;11.6131;11.8414;12.0655;12.2852;12.5007;12.712;12.9189;13.1258;13.3328;13.5397;13.7094;13.8418;13.9368;13.9946;14.0151;14.0356;14.0561;14.0766;14.1348;14.2307;14.3643;14.5356;14.7445;14.9535;15.1624;15.346;15.5043;15.6372;15.7447;15.8546;15.9922;16.1576;16.3508;16.5717;16.7926;17.0004;17.1951;17.3766;17.5451;17.7004;17.8557;17.9896;18.102;18.1931;18.2628;18.311;18.3592;18.4075;18.4557;18.5039;18.5227;18.5121;18.472;18.4026;18.2948;18.1783;18.0529;17.9188;17.7758;17.6329;17.4899;17.3469;17.204;17.0695;16.9434;16.8259;16.7167;16.616;16.5154;16.453;16.4288;16.443;16.4953;16.586;16.6767;16.7866;16.9159;17.0644;17.2322;17.4194;17.6065;17.7937;17.9808;18.0853;18.1073;18.0466;17.9033;17.6869;17.4799;17.2824;17.0943;16.9156;16.737;16.5929;16.4834;16.4324;16.4398;16.5056;16.5954;16.7089;16.8225;16.9361;17.0496;17.1632;17.2768;17.4057;17.55;17.7097;17.8847;18.0751;18.2654;18.4558;18.6462;18.8365;19.0317;19.2316;19.4362;19.6456;19.8598;20.0739;20.2881;20.5023;20.6875;20.9306;21","15;15.0298;15.0595;15.0893;15.119;15.1488;15.1785;15.2083;15.1914;15.1279;15.0178;14.861;14.6576;14.4542;14.2508;14.0474;13.844;13.6419;13.441;13.2565;13.0881;12.936;12.7988;12.6765;12.5543;12.4321;12.3098;12.1876;12.0518;11.9023;11.7392;11.5625;11.3722;11.1818;10.9915;10.8012;10.6108;10.4141;10.2111;10.0017;9.78602;9.56396;9.3419;9.11984;8.89777;8.67571;8.47064;8.28257;8.11149;7.9574;7.82031;7.68322;7.54612;7.40903;7.27194;7.14272;7.02137;6.9079;6.80231;6.70458;6.60686;6.50914;6.41141;6.33824;6.28962;6.26555;6.26604;6.29107;6.31611;6.34114;6.36618;6.39121;6.41202;6.42859;6.44094;6.44905;6.45293;6.44312;6.41959;6.38237;6.33145;6.26682;6.20219;6.13757;6.07294;6.06094;6.10158;6.19485;6.34075;6.53928;6.73782;6.93635;7.13488;7.29034;7.40273;7.47205;7.49829;7.48146;7.46463;7.44781;7.39263;7.29912;7.16726;6.99706;6.8206;6.67621;6.56389;6.48366;6.43549;6.38733;6.38154;6.41813;6.49709;6.61842;6.78213;6.94584;7.11585;7.29216;7.47477;7.66369;7.85891;8.05413;8.24934;8.44456;8.63978;8.8314;9.01942;9.20383;9.38465;9.55799;9.72745;9.89303;10.0547;10.2126;10.3704;10.5282;10.6861;10.8439;11.008;11.1785;11.3554;11.5385;11.728;11.9175;12.1052;12.2913;12.4756;12.6581;12.839;13.0198;13.1872;13.3412;13.4818;13.609;13.7228;13.8365;13.9503;14.0641;14.1592;14.2356;14.2934;14.3325;14.3736;14.4352;14.5175;14.6203;14.7438;14.8672;15.0004;15.1435;15.2948;15.4543;15.6221;15.7883;15.9529;16.1175;16.2821;16.4468;16.6114;16.776;16.8848;16.9377;16.9348;16.876;16.7613;16.6467;16.5321;16.4174;16.3028;16.1853;16.0649;15.9417;15.8156;15.6866;15.5576;15.4287;15.2997;15.1882;15.0418;15",0.32251,"0;0.9;0.1"
0.805733,0.274108,0.41267,"1;1.17937;1.35873;1.5381;1.71746;1.89683;2.0762;2.25556;2.43493;2.6143;2.78075;2.9343;3.07494;3.20267;3.3175;3.43232;3.54715;3.66197;3.77679;3.89162;4.00644;4.12784;4.25583;4.39039;4.53154;4.67927;4.82699;4.97472;5.12245;5.27018;5.4179;5.56563;5.71336;5.82997;5.91546;5.96983;5.99309;5.98523;5.97737;5.96951;5.96165;5.95379;5.94593;5.93808;5.94795;5.97557;6.02093;6.08402;6.16485;6.24568;6.32652;6.40735;6.48818;6.56901;6.64984;6.73067;6.82696;6.93869;7.06588;7.20851;7.3666;7.52469;7.68278;7.84087;7.99896;8.15704;8.31513;8.46767;8.61467;8.75612;8.89203;9.02239;9.15274;9.2831;9.41346;9.54382;9.67418;9.80454;9.9349;10.0708;10.2121;10.359;10.5114;10.6717;10.8343;10.9993;11.1667;11.3365;11.5062;11.676;11.8457;12.0155;12.1852;12.3564;12.529;12.703;12.8784;13.0552;13.2321;13.409;13.5858;13.7627;13.9395;14.1164;14.2604;14.3716;14.45;14.4956;14.5084;14.5212;14.5557;14.612;14.69;14.7899;14.9114;15.033;15.1546;15.2762;15.3977;15.5193;15.6409;15.7597;15.8756;15.9888;16.0992;16.2067;16.3143;16.4219;16.5294;16.637;16.7445;16.835;16.9083;16.9796;17.049;17.1163;17.1987;17.2962;17.3937;17.4913;17.5888;17.6863;17.7614;17.814;17.8441;17.8518;17.837;17.8222;17.8075;17.7927;17.7779;17.7631;17.7483;17.7288;17.7044;17.6753;17.6414;17.6027;17.564;17.5253;17.4975;17.4806;17.4745;17.4794;17.4951;17.5108;17.5265;17.5423;17.558;17.5737;17.6047;17.6509;17.7124;17.7891;17.8811;17.9731;18.0651;18.1571;18.2491;18.341;18.433;18.5255;18.6184;18.7118;18.8057;18.9001;18.9944;19.0887;19.1987;19.3242;19.4653;19.622;19.7942;19.9665;20.1387;20.311;20.4832;20.6555;20.8277;21","15;15.0298;15.0595;15.0893;15.119;15.1488;15.1786;15.2083;15.2381;15.2678;15.3198;15.3941;15.4906;15.6093;15.7503;15.8912;16.0322;16.1732;16.3142;16.4551;16.5961;16.7243;16.8398;16.9425;17.0324;17.1096;17.1867;17.2639;17.3411;17.4182;17.4954;17.5725;17.6497;17.7478;17.8667;18.0066;18.1673;18.349;18.5306;18.7123;18.8939;19.0756;19.2572;19.4389;19.6133;19.7806;19.9408;20.0937;20.2394;20.3852;20.5309;20.6767;20.8224;20.9682;21.114;21.2597;21.3943;21.5177;21.6298;21.7308;21.8206;21.9105;22.0003;22.0901;22.1799;22.2697;22.3595;22.4106;22.4229;22.3966;22.3314;22.2276;22.1237;22.0199;21.916;21.8122;21.7083;21.6045;21.5007;21.4361;21.4108;21.4247;21.4779;21.5611;21.6351;21.6997;21.7551;21.8012;21.8472;21.8933;21.9394;21.9855;22.0316;22.0614;22.075;22.0724;22.0535;22.0184;21.9832;21.9481;21.913;21.8778;21.8427;21.8076;21.8141;21.8622;21.9519;22.0833;22.2563;22.4293;22.5442;22.601;22.5998;22.5404;22.423;22.3056;22.1881;22.0707;21.9533;21.8359;21.7184;21.6519;21.6364;21.6717;21.758;21.8952;22.0324;22.1695;22.3067;22.4439;22.5811;22.6633;22.6904;22.6634;22.5824;22.4473;22.3131;22.1798;22.0466;21.9133;21.7801;21.6468;21.5061;21.358;21.2024;21.0393;20.8688;20.6983;20.5278;20.3573;20.1868;20.0163;19.8458;19.6757;19.5061;19.337;19.1683;19.0001;18.8319;18.6636;18.4932;18.3207;18.1461;17.9693;17.7904;17.6114;17.4325;17.2536;17.0746;16.8957;16.7213;16.5514;16.3861;16.2253;16.0691;15.9128;15.7566;15.6003;15.4441;15.2878;15.1316;15.0355;14.9997;15.0241;15.1087;15.2535;15.3983;15.5431;15.6423;15.6958;15.7038;15.6661;15.5829;15.4996;15.4163;15.3331;15.2498;15.1665;15.0833;15",0.215977,"0;0.916667;0.0833333"
0.851302,0.290661,0.441015,"1;1.1065;1.213;1.3195;1.426;1.5325;1.639;1.7455;1.852;1.95851;2.07994;2.2163;2.36758;2.5338;2.71495;2.8961;3.07725;3.2584;3.43954;3.62069;3.80184;3.94435;4.04823;4.11346;4.14006;4.12803;4.11599;4.10395;4.09192;4.07988;4.06784;4.07055;4.088;4.12019;4.16712;4.22879;4.29047;4.35214;4.41381;4.47549;4.53716;4.59883;4.68115;4.78411;4.90771;5.05195;5.21683;5.38172;5.5466;5.71149;5.87637;6.03364;6.18328;6.32531;6.45972;6.5865;6.71329;6.84008;6.96687;7.09365;7.22044;7.3552;7.49794;7.64865;7.80734;7.974;8.14066;8.30732;8.47398;8.64189;8.81106;8.98148;9.15315;9.32608;9.49901;9.67193;9.84486;10.0178;10.1907;10.3595;10.5242;10.6848;10.8413;10.9937;11.1461;11.2985;11.4508;11.6032;11.7556;11.8634;11.9266;11.9453;11.9193;11.8488;11.7782;11.7077;11.6372;11.5667;11.5402;11.5579;11.6197;11.7257;11.8757;12.0258;12.1758;12.3258;12.4759;12.5614;12.5825;12.5391;12.4312;12.2588;12.0864;11.964;11.8918;11.8696;11.918;12.037;12.1765;12.3365;12.517;12.6975;12.8819;13.0702;13.2623;13.4584;13.6583;13.8583;14.0582;14.2582;14.4581;14.6581;14.8313;14.9778;15.0976;15.1906;15.2569;15.3485;15.4655;15.6078;15.7755;15.9685;16.1615;16.3545;16.5475;16.7292;16.8995;17.0585;17.2061;17.3424;17.4786;17.6149;17.7522;17.8907;18.0303;18.1709;18.3127;18.4544;18.5962;18.7379;18.8797;19.0214;19.1632;19.3033;19.4419;19.5788;19.7141;19.8478;19.9815;20.1152;20.2489;20.3826;20.5163;20.6256;20.7106;20.7713;20.8076;20.8195;20.8315;20.8434;20.8554;20.8673;20.8793;20.8913;20.8908;20.878;20.8527;20.8151;20.7651;20.715;20.665;20.6149;20.5649;20.5149;20.5041;20.5326;20.6004;20.7074;20.8537;21","15;15.1474;15.2947;15.4421;15.5894;15.7368;15.8842;16.0315;16.1789;16.3263;16.441;16.5232;16.5728;16.5898;16.5742;16.5586;16.543;16.5274;16.5118;16.4962;16.4806;16.5048;16.5687;16.6725;16.816;16.9992;17.1825;17.3658;17.5491;17.7323;17.9156;18.0964;18.2748;18.4507;18.6242;18.7953;18.9663;19.1373;19.3084;19.4794;19.6504;19.8215;19.9744;20.1092;20.2259;20.3244;20.4048;20.4852;20.5656;20.6461;20.7265;20.817;20.9175;21.0282;21.1489;21.2797;21.4105;21.5413;21.6721;21.8029;21.9337;22.025;22.0768;22.0891;22.0619;21.9952;21.9285;21.8618;21.7951;21.7618;21.762;21.7956;21.8626;21.9631;22.0636;22.1641;22.2645;22.365;22.4655;22.5718;22.6839;22.8018;22.9255;23.0551;23.1846;23.3142;23.4437;23.5732;23.7028;23.7727;23.7831;23.7339;23.6252;23.4568;23.2885;23.1202;22.9518;22.7835;22.625;22.4763;22.3374;22.2083;22.0891;21.9698;21.8506;21.7313;21.6121;21.5053;21.4109;21.3289;21.2595;21.2024;21.1454;21.0634;20.9565;20.8247;20.7117;20.6176;20.5672;20.5606;20.5977;20.6348;20.6636;20.6841;20.6963;20.7001;20.6956;20.6912;20.6867;20.6822;20.6778;20.6733;20.6321;20.5541;20.4393;20.2879;20.0996;19.9422;19.8157;19.7201;19.6553;19.6214;19.5874;19.5535;19.5196;19.4657;19.392;19.2984;19.1849;19.0515;18.9181;18.7847;18.7007;18.6662;18.6812;18.7456;18.8595;18.9733;19.0872;19.201;19.3149;19.4287;19.5426;19.6039;19.6127;19.569;19.4728;19.3241;19.1753;19.0266;18.8778;18.7291;18.5803;18.425;18.2632;18.0949;17.92;17.7385;17.5571;17.3757;17.1943;17.0128;16.8314;16.65;16.4661;16.2798;16.0911;15.8999;15.7062;15.5126;15.319;15.1253;14.9317;14.738;14.6156;14.5643;14.5843;14.6754;14.8377;15",0.235354,"0;0.933333;0.0666667"
1.32088,0.188089,1.19048,"1;1.04597;1.09194;1.1379;1.18387;1.22984;1.3229;1.46305;1.65029;1.88463;2.16605;2.44748;2.72891;3.00132;3.26472;3.51911;3.76449;4.00086;4.23723;4.4736;4.65233;4.77342;4.83687;4.84269;4.79086;4.73903;4.68721;4.68265;4.72534;4.8153;4.95252;5.13701;5.32149;5.50597;5.61146;5.63794;5.58543;5.45391;5.2434;5.03288;4.82237;4.64123;4.48947;4.36709;4.27408;4.21045;4.14683;4.0832;4.05426;4.06001;4.10046;4.1756;4.28543;4.39525;4.50508;4.58255;4.62765;4.64039;4.62077;4.56878;4.51679;4.4648;4.50411;4.61072;4.78463;5.02584;5.33436;5.6189;5.90343;6.18796;6.47263;6.75745;7.04241;7.32751;7.61275;7.898;8.18324;8.45028;8.69912;8.92975;9.14217;9.33639;9.53062;9.75231;10.0015;10.2781;10.5822;10.9138;11.2453;11.5234;11.7479;11.9188;12.0837;12.2426;12.449;12.7028;13.0042;13.3056;13.6019;13.893;14.1791;14.4601;14.736;14.9974;15.2441;15.4762;15.6937;15.8966;16.0996;16.3148;16.5423;16.7663;16.9866;17.2033;17.4041;17.589;17.7739;17.9514;18.1214;18.2841;18.4394;18.5873;18.7544;18.9407;19.0864;19.1914;19.2558;19.2603;19.2049;19.1495;19.0941;19.0012;18.8708;18.7028;18.4973;18.2542;18.0422;17.8612;17.7113;17.5925;17.459;17.2797;17.0547;16.7841;16.4676;16.1512;15.9249;15.7886;15.7424;15.7863;15.8279;15.777;15.7183;15.6518;15.5774;15.5876;15.6825;15.7773;15.7962;15.7393;15.6065;15.3979;15.1931;15.031;14.9113;14.8343;14.7998;14.7281;14.7365;14.8248;14.9932;15.2416;15.57;15.8985;16.202;16.4806;16.7343;16.9631;17.1669;17.3708;17.5747;17.7437;17.8778;17.9771;18.0415;18.071;18.1006;18.1634;18.2595;18.3888;18.5515;18.7474;18.9433;19.1392;19.3693;19.6338;19.9325;20.2655;20.6327;21","15;15.282;15.564;15.846;16.128;16.41;16.6257;16.7752;16.8584;16.8753;16.826;16.7767;16.7274;16.72;16.7546;16.8312;16.9497;17.1103;17.2708;17.4313;17.6159;17.8246;18.0574;18.3142;18.5952;18.8762;19.1572;19.4256;19.6814;19.9247;20.1554;20.3736;20.5918;20.81;21.0231;21.2313;21.4345;21.6327;21.8258;22.019;22.2122;22.4224;22.6497;22.8941;23.1556;23.4341;23.7127;23.9912;24.2668;24.5394;24.8091;25.0758;25.3396;25.6033;25.8671;26.1343;26.4049;26.679;26.9565;27.2375;27.5184;27.7994;28.0669;28.2835;28.449;28.5636;28.6271;28.6531;28.679;28.705;28.7291;28.7512;28.7714;28.7897;28.8061;28.8225;28.8389;28.8064;28.7251;28.5948;28.4157;28.1877;27.9597;27.7821;27.6548;27.5779;27.5513;27.5751;27.5989;27.5653;27.4745;27.3262;27.1988;27.092;27.0633;27.1127;27.2401;27.3675;27.4601;27.5177;27.5403;27.5281;27.4809;27.3914;27.2595;27.0853;26.8687;26.6097;26.3507;26.1086;25.8832;25.659;25.4358;25.2136;24.9758;24.7221;24.4685;24.2095;23.9452;23.6755;23.4004;23.12;22.8577;22.6135;22.4815;22.4617;22.554;22.7403;23.0206;23.3009;23.5812;23.7625;23.8449;23.8284;23.7129;23.4985;23.2739;23.0393;22.7945;22.5397;22.3433;22.2156;22.1565;22.166;22.2442;22.3223;22.4359;22.5851;22.7698;22.99;23.2096;23.3932;23.4672;23.4316;23.2863;23.0675;22.7751;22.4827;22.229;22.014;21.8377;21.7001;21.5759;21.4087;21.1984;20.9451;20.6487;20.3345;20.0717;19.8603;19.7004;19.592;19.535;19.478;19.3923;19.2781;19.1352;18.9636;18.7635;18.5633;18.3631;18.1366;17.8837;17.6044;17.2987;16.9667;16.6347;16.3275;16.0451;15.7875;15.5547;15.3467;15.1387;14.9307;14.7886;14.7124;14.7019;14.7574;14.8787;15",0.142113,"0;0.95;0.05"
1.06931,0.203077,0.206365,"1;1.18765;1.3753;1.56295;1.75061;1.93826;2.12591;2.30884;2.48704;2.66053;2.82929;2.99334;3.15738;3.32142;3.48546;3.64951;3.7666;3.83675;3.85995;3.8362;3.76551;3.69481;3.62412;3.55342;3.52301;3.53288;3.58303;3.67346;3.80417;3.93489;4.0656;4.19632;4.32703;4.41367;4.45624;4.45474;4.40917;4.31952;4.22987;4.14023;4.05058;3.98216;3.93495;3.90896;3.90419;3.92064;3.93708;3.95353;3.96998;3.98643;4.02929;4.09856;4.19423;4.31632;4.46482;4.61331;4.76181;4.91031;5.06493;5.22567;5.39254;5.56552;5.74464;5.92375;6.10286;6.28197;6.46108;6.62809;6.78299;6.92579;7.05649;7.17509;7.29368;7.41227;7.53087;7.61816;7.67416;7.69886;7.69227;7.65437;7.66403;7.72124;7.826;7.97832;8.17819;8.37806;8.57793;8.77461;8.96812;9.15845;9.3456;9.52956;9.71353;9.89749;10.0592;10.1986;10.3158;10.4106;10.4832;10.5558;10.6285;10.7011;10.8054;10.9414;11.1091;11.3085;11.5397;11.7293;11.8774;11.984;12.0491;12.0727;12.0962;12.1198;12.1434;12.2016;12.2945;12.4221;12.5835;12.7787;12.9731;13.1667;13.3595;13.5509;13.7411;13.9299;14.1174;14.3036;14.4897;14.6759;14.8621;15.0466;15.2295;15.4107;15.5902;15.7681;15.9459;16.1238;16.2813;16.4186;16.5355;16.6322;16.7085;16.7848;16.8612;16.9375;16.9857;17.0056;16.9974;16.9611;16.8965;16.8851;16.927;17.022;17.1702;17.3716;17.573;17.7744;17.9202;18.0103;18.0447;18.0235;17.9466;17.8697;17.7809;17.6803;17.5677;17.4432;17.3069;17.1705;17.0342;16.8978;16.7514;16.5949;16.4956;16.4537;16.4691;16.5519;16.7021;16.8522;17.0024;17.1526;17.3095;17.4731;17.6433;17.8202;18.0038;18.1875;18.3711;18.5547;18.7383;18.9393;19.1577;19.3936;19.6468;19.9174;20.1881;20.4587;20.7294;21","15;14.8348;14.6696;14.5044;14.3392;14.1741;14.0089;13.8467;13.6877;13.5316;13.3787;13.2288;13.0789;12.929;12.779;12.6291;12.4612;12.2754;12.0715;11.8497;11.6099;11.3701;11.1303;10.8905;10.6628;10.447;10.2432;10.0515;9.87181;9.69209;9.51238;9.33267;9.15296;8.96251;8.76133;8.54942;8.32678;8.09341;7.86003;7.62666;7.39329;7.16226;6.93359;6.70728;6.48331;6.2617;6.04009;5.81847;5.59686;5.37525;5.15773;4.94432;4.735;4.52979;4.32867;4.12755;3.92643;3.72531;3.59072;3.52267;3.52114;3.58615;3.71768;3.84922;3.98076;4.11229;4.24383;4.30504;4.29593;4.2165;4.06674;3.84666;3.62658;3.4065;3.18642;2.96062;2.7291;2.49187;2.24892;2.00025;1.81956;1.70685;1.66211;1.68535;1.77656;1.86778;1.95899;1.99881;1.98721;1.92422;1.80982;1.64402;1.47822;1.31242;1.22543;1.21726;1.28789;1.43734;1.6656;1.89387;2.12213;2.35039;2.55195;2.72681;2.87497;2.99643;3.09119;3.21324;3.36258;3.53921;3.74313;3.97434;4.20555;4.43676;4.66797;4.85242;4.99011;5.08105;5.14496;5.18183;5.23843;5.31475;5.4108;5.45427;5.44516;5.38348;5.26921;5.10237;4.93553;4.76869;4.60185;4.50269;4.4712;4.5074;4.61127;4.78283;4.95439;5.12594;5.30438;5.48969;5.68189;5.88097;6.08693;6.29289;6.49885;6.70481;6.91023;7.11512;7.31946;7.52327;7.72654;7.90908;8.0709;8.21201;8.33238;8.43204;8.5317;8.63135;8.75898;8.91458;9.09815;9.30969;9.5492;9.78871;10.0216;10.2479;10.4676;10.6806;10.8871;11.0935;11.3;11.5064;11.67;11.7907;11.9101;12.0282;12.145;12.3033;12.5032;12.703;12.9029;13.1027;13.2877;13.4577;13.6127;13.7528;13.878;14.0032;14.1283;14.2535;14.3787;14.4894;14.5857;14.6676;14.735;14.788;14.841;14.894;14.947;15",0.159095,"0;0.966667;0.0333333"
1.10988,0.227697,0.706893,"1;1.24775;1.49551;1.74326;1.99101;2.23876;2.48652;2.73265;2.97716;3.22005;3.46132;3.70097;3.94062;4.13015;4.26956;4.35885;4.39802;4.38708;4.37613;4.36518;4.35424;4.39139;4.47664;4.60999;4.79145;5.021;5.25055;5.4801;5.70965;5.90067;6.05317;6.16715;6.24261;6.27954;6.31647;6.39083;6.50262;6.57143;6.59724;6.58006;6.48245;6.30442;6.12638;5.94835;5.77032;5.65971;5.61652;5.64075;5.73241;5.89149;6.05056;6.20964;6.36872;6.44947;6.45188;6.37597;6.22173;5.98915;5.75658;5.524;5.35171;5.2397;5.18797;5.19652;5.26536;5.33419;5.40303;5.47186;5.56695;5.6883;5.8359;6.00976;6.21909;6.43766;6.66545;6.90247;7.14871;7.39496;7.61052;7.7954;7.94959;8.06875;8.15289;8.23268;8.30813;8.37925;8.45036;8.52147;8.6016;8.69076;8.78893;8.89612;9.01233;9.14973;9.30833;9.48811;9.68908;9.91015;10.1301;10.349;10.5668;10.7835;11.0002;11.2169;11.4383;11.6646;11.8956;12.1314;12.3719;12.6125;12.8531;13.0936;13.3243;13.545;13.7557;13.9566;14.1475;14.3384;14.5293;14.7202;14.9122;15.1054;15.2997;15.4951;15.6917;15.8882;16.0848;16.2813;16.4786;16.6766;16.8754;17.0748;17.275;17.4752;17.6754;17.8756;18.0762;18.2772;18.4785;18.6802;18.8823;19.0844;19.2866;19.4887;19.698;19.9146;20.1384;20.3695;20.6078;20.8461;21.0844;21.3227;21.5625;21.8037;22.0465;22.2908;22.5366;22.7824;23.0282;23.274;23.4815;23.6505;23.7812;23.8736;23.9275;23.9815;24.0355;24.0895;24.096;24.0551;23.9669;23.8312;23.6481;23.465;23.2794;23.0915;22.9012;22.7085;22.5134;22.3707;22.2805;22.2427;22.2573;22.3243;22.3913;22.4584;22.5254;22.5536;22.543;22.4936;22.4054;22.2708;22.1288;21.9793;21.8223;21.6579;21.4934;21.3289;21.1645;21","15;15.0334;15.0669;15.1003;15.1338;15.1672;15.2007;15.2502;15.3159;15.3977;15.4956;15.6096;15.7236;15.8614;16.0231;16.2085;16.4178;16.6509;16.884;17.1171;17.3502;17.5291;17.6539;17.7245;17.741;17.7033;17.6657;17.628;17.5903;17.6098;17.6863;17.82;18.0109;18.2588;18.5068;18.7448;18.973;19.1866;19.3858;19.5704;19.7505;19.926;20.1015;20.277;20.4525;20.6315;20.814;20.9999;21.1893;21.3821;21.575;21.7679;21.9607;22.1279;22.2695;22.3855;22.4758;22.5405;22.6052;22.6699;22.7686;22.9012;23.0679;23.2685;23.5031;23.7377;23.9723;24.2069;24.4197;24.6108;24.78;24.9275;25.0264;25.0984;25.1435;25.1619;25.1533;25.1448;25.1821;25.2654;25.3944;25.481;25.5251;25.4808;25.3481;25.1271;24.906;24.685;24.4674;24.2532;24.0424;23.8351;23.6311;23.4487;23.2878;23.1484;23.0306;22.9246;22.8092;22.6842;22.5496;22.4055;22.2615;22.1174;22.0157;21.9564;21.9396;21.9652;22.0333;22.1013;22.1693;22.2373;22.2595;22.2357;22.1661;22.0506;21.8891;21.7277;21.5663;21.4049;21.3067;21.2716;21.2997;21.391;21.5455;21.7;21.8545;22.009;22.1625;22.3151;22.4668;22.6175;22.7672;22.9169;23.0667;23.2164;23.3068;23.3377;23.3093;23.2216;23.0744;22.9273;22.7801;22.633;22.5303;22.4723;22.4588;22.4898;22.5654;22.641;22.7166;22.7922;22.8435;22.8706;22.8735;22.8521;22.8064;22.7608;22.7151;22.6695;22.5841;22.4591;22.2944;22.09;21.8459;21.6017;21.3576;21.1135;20.8927;20.6951;20.5208;20.3698;20.242;20.1143;19.9783;19.8342;19.682;19.5216;19.353;19.1749;18.9874;18.7904;18.5839;18.368;18.152;17.9361;17.7201;17.5053;17.2916;17.079;16.8675;16.6578;16.4489;16.2408;16.0334;15.8267;15.62;15.4133;15.2067;15",0.186047,"0;0.983333;0.0166667"
1.16965,0.0876246,1.07581,"1;1.17152;1.34304;1.51456;1.68608;1.8576;2.02912;2.17357;2.29097;2.3813;2.44457;2.48078;2.51698;2.55319;2.58939;2.66213;2.77141;2.91721;3.09956;3.31843;3.5373;3.75618;3.97505;4.13996;4.25091;4.30789;4.31092;4.25997;4.20903;4.15809;4.10714;4.03564;3.94356;3.83093;3.69773;3.54397;3.39021;3.23644;3.12205;3.04702;3.01135;3.01506;3.01927;2.98463;2.91113;2.79877;2.64756;2.49634;2.34513;2.19392;2.10714;2.08478;2.12686;2.23338;2.40432;2.57526;2.7462;2.85442;2.8999;2.88266;2.80268;2.65998;2.51727;2.37457;2.23187;2.16067;2.16097;2.23278;2.37609;2.5909;2.80572;3.03083;3.26624;3.51195;3.76796;4.03426;4.30032;4.56612;4.83168;5.09698;5.36204;5.6271;5.89215;6.15054;6.40227;6.64733;6.88573;7.11746;7.34919;7.50576;7.58717;7.59341;7.56762;7.50982;7.49515;7.54087;7.64699;7.77035;7.91097;8.06883;8.2267;8.38457;8.54244;8.68087;8.79987;8.89943;8.97955;9.04024;9.10093;9.17618;9.26601;9.37039;9.48935;9.62287;9.75639;9.90014;10.0541;10.2183;10.3927;10.5773;10.7619;10.9466;11.1505;11.3736;11.616;11.8777;12.1587;12.4333;12.7017;12.9638;13.2196;13.4691;13.7186;13.9681;14.2115;14.4487;14.6797;14.9046;15.1234;15.3422;15.5609;15.7742;15.9821;16.1844;16.3813;16.5728;16.7642;16.9473;17.1222;17.2887;17.447;17.5969;17.7469;17.8777;17.9893;18.0817;18.1654;18.2404;18.3258;18.4217;18.5279;18.6342;18.7405;18.8754;19.0391;19.2316;19.4527;19.7025;19.9524;20.2022;20.4521;20.6691;20.8533;21.0046;21.1231;21.2088;21.2945;21.3801;21.4826;21.602;21.7382;21.8912;22.0611;22.231;22.4009;22.5708;22.6962;22.777;22.8133;22.805;22.7521;22.6993;22.6465;22.5426;22.3876;22.1816;21.9245;21.6163;21.3082;21","15;15.1819;15.3638;15.5456;15.7275;15.9094;16.0913;16.2863;16.4943;16.7155;16.9498;17.1971;17.4445;17.6919;17.9392;18.1613;18.358;18.5295;18.6756;18.7964;18.9172;19.038;19.1588;19.3044;19.4748;19.67;19.8899;20.1347;20.3794;20.6242;20.8689;21.1089;21.3441;21.5744;21.8;22.0207;22.2415;22.4623;22.691;22.9276;23.1722;23.4247;23.6729;23.9088;24.1324;24.3438;24.5428;24.7419;24.941;25.1401;25.335;25.5257;25.7123;25.8947;26.0729;26.2511;26.4293;26.6129;26.802;26.9964;27.1963;27.4016;27.6068;27.8121;28.0174;28.2102;28.3906;28.5586;28.7142;28.8574;29.0005;29.118;29.2099;29.2762;29.3168;29.3318;29.3377;29.3345;29.3222;29.3009;29.2704;29.24;29.2095;29.1586;29.0872;28.9953;28.8829;28.75;28.6171;28.4688;28.3051;28.1261;27.9292;27.7143;27.497;27.2829;27.072;26.8667;26.6672;26.4733;26.2795;26.0856;25.8918;25.6809;25.4529;25.2078;24.9457;24.6666;24.3874;24.2144;24.1477;24.1872;24.3329;24.5849;24.8368;25.003;25.0834;25.078;24.9868;24.8099;24.6329;24.456;24.3034;24.1752;24.0714;23.9919;23.9368;23.9114;23.9157;23.9496;24.0133;24.1066;24.1999;24.2932;24.3453;24.3562;24.326;24.2545;24.1418;24.0292;23.9165;23.79;23.6495;23.4951;23.3267;23.1445;22.9623;22.7737;22.5787;22.3773;22.1695;21.9554;21.7413;21.6134;21.572;21.6168;21.6515;21.6759;21.6038;21.4351;21.1699;20.9047;20.6395;20.4256;20.263;20.1518;20.0919;20.0834;20.0748;20.0663;20.0577;19.9964;19.8822;19.7153;19.4955;19.2229;18.9504;18.6778;18.4231;18.1862;17.9671;17.7659;17.5825;17.3991;17.2157;17.0323;16.8294;16.607;16.3652;16.1039;15.8231;15.5423;15.2615;15.0489;14.9044;14.8281;14.82;14.88;14.94;15",0.0491285,"0;1;0"
0.692142,1.03209,0.229965,"1;1.12859;1.25718;1.38577;1.51436;1.64295;1.77154;1.90013;2.02872;2.15731;2.2859;2.41449;2.54308;2.67241;2.8025;2.93332;3.0649;3.19722;3.32953;3.46185;3.59417;3.72649;3.85881;3.99113;4.12345;4.25577;4.38809;4.49901;4.58853;4.65665;4.70337;4.72869;4.75401;4.77933;4.80465;4.82997;4.85529;4.88061;4.90593;4.93125;4.95657;4.99197;5.03746;5.09303;5.15868;5.23442;5.31016;5.3859;5.46164;5.53737;5.61311;5.68885;5.76459;5.84033;5.91607;6.00515;6.10757;6.22334;6.35245;6.49491;6.63736;6.77982;6.92227;7.06473;7.20718;7.34964;7.49209;7.63455;7.77701;7.91483;8.04801;8.17656;8.30047;8.41975;8.53903;8.6583;8.77758;8.89686;9.01614;9.13542;9.25469;9.37397;9.49325;9.61369;9.73528;9.85804;9.98196;10.107;10.2321;10.3572;10.4823;10.6073;10.7324;10.8575;10.9826;11.1076;11.2251;11.3349;11.4371;11.5316;11.6185;11.7054;11.7923;11.8792;11.9661;12.053;12.1399;12.2268;12.3137;12.4006;12.5009;12.6146;12.7416;12.8821;13.0359;13.1897;13.3436;13.4974;13.6512;13.805;13.9589;14.1127;14.2665;14.4009;14.5159;14.6114;14.6875;14.7442;14.8009;14.8576;14.9142;14.9709;15.0276;15.0843;15.1409;15.1976;15.2543;15.3233;15.4048;15.4986;15.6048;15.7235;15.8421;15.9607;16.0793;16.1979;16.3165;16.4351;16.5537;16.6723;16.7903;16.9076;17.0243;17.1404;17.2558;17.3712;17.4866;17.602;17.7174;17.8328;17.9483;18.0637;18.1791;18.2945;18.4084;18.5206;18.6314;18.7405;18.8481;18.9557;19.0633;19.1709;19.2785;19.3861;19.4937;19.6013;19.7089;19.8126;19.9125;20.0084;20.1005;20.1887;20.277;20.3652;20.4534;20.5416;20.6298;20.718;20.8062;20.8944;20.9826;21.0487;21.0925;21.1141;21.1136;21.0909;21.0682;21.0454;21.0227;21","15;14.9378;14.8755;14.8133;14.7511;14.6888;14.6266;14.5644;14.5021;14.4399;14.3777;14.3154;14.2532;14.2142;14.1984;14.2058;14.2365;14.2903;14.3442;14.398;14.4519;14.5057;14.5596;14.6134;14.6673;14.7211;14.775;14.8462;14.9347;15.0406;15.1638;15.3044;15.445;15.5856;15.7262;15.8668;16.0074;16.148;16.2886;16.4292;16.5698;16.7065;16.8393;16.9682;17.0932;17.2144;17.3355;17.4566;17.5778;17.6989;17.82;17.9411;18.0623;18.1834;18.3045;18.4036;18.4805;18.5354;18.5682;18.5789;18.5896;18.6003;18.611;18.6217;18.6324;18.6431;18.6539;18.6646;18.6753;18.6681;18.6431;18.6002;18.5394;18.4608;18.3822;18.3036;18.225;18.1464;18.0677;17.9891;17.9105;17.8319;17.7533;17.6724;17.5894;17.5042;17.4169;17.3273;17.2377;17.1481;17.0585;16.969;16.8794;16.7898;16.7002;16.6106;16.5163;16.4172;16.3133;16.2047;16.0913;15.9779;15.8645;15.7512;15.6378;15.5244;15.411;15.2976;15.1842;15.0708;14.9806;14.9135;14.8695;14.8487;14.851;14.8533;14.8556;14.8579;14.8602;14.8625;14.8648;14.8671;14.8694;14.8975;14.9513;15.0309;15.1363;15.2674;15.3986;15.5297;15.6608;15.792;15.9231;16.0543;16.1854;16.3165;16.4477;16.5722;16.69;16.8013;16.9059;17.0039;17.1019;17.1998;17.2978;17.3958;17.4938;17.5918;17.6898;17.7878;17.8493;17.8744;17.8631;17.8153;17.7312;17.647;17.5628;17.4786;17.3944;17.3102;17.226;17.1418;17.0577;16.9735;16.8841;16.7896;16.69;16.5852;16.4752;16.3653;16.2553;16.1453;16.0354;15.9254;15.8155;15.7055;15.5955;15.4851;15.3742;15.2628;15.1509;15.0385;14.9261;14.8138;14.7014;14.589;14.4766;14.3643;14.2519;14.1395;14.0272;13.9715;13.9725;14.0302;14.1446;14.3157;14.4868;14.6578;14.8289;15",0.10354,"0.0166667;0;0.983333"
