Children Map for Subproblem Tree 42
======================================
Parent ID (x, y) -> [List of Children IDs (x, y)]
    0 (1, 15) -> [ 1 (2.86972, 14.29); 50 (0.873508, 14.5899); 90 (0.589079, 14.8199); 252 (1.35482, 13.641); 630 (1.04789, 16.3757); 694 (0.434815, 14.9621); 1127 (0.359289, 15.0382); 1181 (2.77187, 14.3832); 1421 (1.66888, 13.8821); 1812 (2.77798, 15.3448); 2032 (0.691741, 13.7392); 2033 (2.06831, 14.2446); 2039 (1.00212, 13.0083); 2534 (1.35359, 13.9989); 2830 (2.31419, 14.8035); 2939 (1.21451, 14.3663); 2984 (2.56304, 15.8109); 3101 (0.0188449, 15.045); 3278 (2.08078, 15.7003); 3448 (1.70562, 15.6743); 3490 (1.60856, 16.7717); 3505 (2.65631, 15.0772); 3685 (1.74557, 16.7429); 3753 (1.31803, 16.2185); 3807 (1.09344, 16.1533); 3827 (0.291137, 15.1899); 4153 (0.119893, 16.3475); 4392 (1.10505, 14.2344); 4761 (2.00128, 16.4693); 4866 (1.65551, 15.2322); 4890 (0.208685, 14.8812); 4899 (0.336173, 16.6104); 4991 (1.93686, 15.3304); ]
    1 (2.86972, 14.29) -> [ 1734 (4.43291, 13.3681); 4886 (4.85317, 14.2368); ]
    2 (4.08778, 12.7037) -> [ ]
    3 (5.06823, 10.9605) -> [ 2798 (6.43483, 9.63708); ]
    4 (5.62723, 9.04019) -> [ ]
    5 (6.55913, 7.27057) -> [ 6 (7.30262, 5.4139); 404 (7.59021, 5.64841); 2576 (7.94143, 6.1348); 4090 (7.32673, 5.55403); 4138 (7.31046, 5.54255); ]
    6 (7.30262, 5.4139) -> [ 1638 (8.21087, 3.93389); 3034 (8.78498, 4.07354); 3417 (8.78065, 4.24006); ]
    7 (8.97039, 4.31002) -> [ 3928 (10.1191, 3.89394); 3975 (10.4849, 3.17302); ]
    8 (8.76329, 2.32077) -> [ 4731 (9.76439, 1.25604); ]
    9 (8.91515, 0.326541) -> [ ]
    10 (6.19536, 3.74837) -> [ ]
    11 (4.3542, 4.52948) -> [ ]
    12 (9.61598, -1.54665) -> [ ]
    13 (11.3447, -2.55239) -> [ 4348 (12.3392, -3.7709); ]
    14 (12.0861, -4.4099) -> [ 19 (13.2337, -6.04792); ]
    15 (4.19127, 13.317) -> [ ]
    16 (10.3987, -5.48358) -> [ 2372 (11.3412, -6.88991); 3944 (11.4602, -6.7712); ]
    17 (6.03156, 14.1002) -> [ 226 (7.219, 14.243); 234 (6.89224, 14.2697); 451 (6.81263, 13.9682); 1738 (7.2669, 13.8481); 3800 (6.91378, 14.2264); 3879 (6.8801, 13.5373); 4004 (7.20037, 13.722); 4563 (7.32631, 14.4981); 4724 (7.47585, 13.8548); ]
    18 (10.7757, 5.17082) -> [ 1109 (11.8877, 4.56145); 4355 (11.9106, 4.69174); ]
    19 (13.2337, -6.04792) -> [ 3686 (14.3636, -7.13973); ]
    20 (14.1637, -7.81854) -> [ 411 (15.5958, -9.02294); ]
    21 (15.1533, -5.48683) -> [ ]
    22 (6.95659, 15.8734) -> [ ]
    23 (12.7738, 5.25791) -> [ ]
    24 (15.0785, -9.59706) -> [ 2298 (15.1788, -10.1408); ]
    25 (9.26857, -7.13366) -> [ ]
    26 (13.1096, -1.61166) -> [ 4650 (14.6358, -2.73215); ]
    27 (16.688, -4.20431) -> [ ]
    28 (13.9468, -11.2461) -> [ ]
    29 (17.5378, -2.39383) -> [ ]
    30 (8.55736, -9.00293) -> [ ]
    31 (8.36377, -10.9935) -> [ ]
    32 (15.0622, -12.9062) -> [ ]
    33 (7.96482, -2.67521) -> [ ]
    34 (5.75135, 2.43503) -> [ ]
    35 (6.93295, -12.3909) -> [ ]
    36 (6.37783, -2.51593) -> [ ]
    37 (5.25502, 7.15063) -> [ 1818 (6.1817, 5.42505); 3484 (6.33962, 6.55708); 3547 (6.61721, 5.96515); ]
    38 (15.0715, -14.9062) -> [ ]
    39 (17.0008, -15.4335) -> [ ]
    40 (14.3649, 6.46967) -> [ ]
    41 (15.4426, 8.15447) -> [ ]
    42 (6.09469, -14.2068) -> [ 44 (6.32469, -16.1935); ]
    43 (18.7835, -0.829169) -> [ ]
    44 (6.32469, -16.1935) -> [ 3488 (6.43066, -17.4198); ]
    45 (4.19641, -14.8365) -> [ ]
    46 (3.06096, -16.4829) -> [ ]
    47 (17.4389, 8.275) -> [ ]
    48 (6.12704, -18.1837) -> [ ]
    49 (19.4385, 8.23394) -> [ 1572 (21.3945, 8.01695); 1995 (21.035, 8.38156); ]
    50 (0.873508, 14.5899) -> [ ]
    51 (7.99265, -18.9045) -> [ ]
    52 (15.2159, -15.0251) -> [ ]
    53 (7.46009, 9.84057) -> [ 1142 (8.81103, 8.70185); 1384 (9.05215, 9.17002); ]
    54 (20.8023, 9.69682) -> [ ]
    55 (13.1072, -15.2823) -> [ ]
    56 (19.0007, -15.4445) -> [ ]
    57 (17.0594, -9.3217) -> [ ]
    58 (7.60684, -0.613565) -> [ ]
    59 (7.43177, 17.8028) -> [ 2438 (8.74738, 18.7883); 4815 (8.65668, 18.159); ]
    60 (9.91435, -18.3504) -> [ ]
    61 (3.57657, -14.5178) -> [ ]
    62 (18.9571, -17.444) -> [ ]
    63 (8.73371, -20.7621) -> [ ]
    64 (21.417, 11.6) -> [ 4862 (22.8459, 11.723); ]
    65 (14.4865, 8.97426) -> [ 3700 (15.913, 10.0573); ]
    66 (20.6691, -0.162423) -> [ ]
    67 (2.92957, -12.6254) -> [ ]
    68 (5.14451, 0.667933) -> [ ]
    69 (11.6795, -15.3474) -> [ 4913 (12.5457, -17.0432); ]
    70 (8.22832, 19.6374) -> [ 4873 (9.79971, 20.275); ]
    71 (7.92451, -9.10861) -> [ ]
    72 (10.1011, 20.3393) -> [ ]
    73 (11.7255, 21.5061) -> [ 4426 (12.5703, 22.3299); ]
    74 (20.9505, -15.8902) -> [ ]
    75 (7.28481, 1.48345) -> [ 1585 (8.58781, 0.264291); 3828 (8.37854, 0.22165); 4018 (8.07836, 0.192286); ]
    76 (20.8591, -13.8922) -> [ ]
    77 (21.5814, -1.94224) -> [ ]
    78 (22.9099, -15.4896) -> [ ]
    79 (14.7306, 10.9593) -> [ ]
    80 (21.977, 8.07813) -> [ ]
    81 (2.76682, 5.60474) -> [ ]
    82 (18.8045, -14.8319) -> [ ]
    83 (19.8155, -19.2504) -> [ ]
    85 (13.0504, 0.387466) -> [ ]
    86 (15.8573, -2.79579) -> [ ]
    87 (3.48695, -0.451218) -> [ ]
    88 (21.2302, -20.6642) -> [ ]
    89 (18.7769, -20.9596) -> [ 3601 (19.4644, -21.8426); ]
    91 (16.4697, 11.947) -> [ ]
    92 (11.9557, -11.4344) -> [ ]
    93 (15.2647, 4.68355) -> [ 3523 (16.717, 3.93174); 3863 (17.0678, 4.09279); 4858 (16.141, 4.1214); ]
    94 (6.51704, -0.818606) -> [ ]
    95 (4.64622, -17.9376) -> [ ]
    96 (20.5758, 13.4146) -> [ ]
    97 (21.6664, 15.091) -> [ ]
    99 (7.73794, -5.84635) -> [ ]
    100 (0.836136, 12.5903) -> [ ]
    102 (6.01276, -18.6289) -> [ ]
    103 (5.0999, -20.4084) -> [ ]
    104 (21.7394, -12.0964) -> [ ]
    105 (16.2453, -9.45694) -> [ ]
    106 (15.1312, -7.26217) -> [ 4933 (15.7328, -8.90294); ]
    107 (3.56114, 16.1666) -> [ 1991 (4.62806, 16.3969); ]
    108 (2.63305, -10.6475) -> [ ]
    109 (17.0475, -21.9643) -> [ ]
    110 (22.0382, -10.4434) -> [ ]
    111 (21.5894, -11.5252) -> [ ]
    112 (7.15176, 21.3229) -> [ 4173 (8.19703, 22.2507); 4682 (7.95338, 22.1708); ]
    113 (21.8168, 1.47551) -> [ ]
    114 (7.95372, -20.0503) -> [ ]
    115 (23.0676, -3.28058) -> [ 3811 (24.4351, -4.65621); ]
    116 (13.4672, 22.4892) -> [ ]
    117 (21.9798, 16.4903) -> [ ]
    118 (15.1959, -21.2082) -> [ ]
    119 (15.2694, -8.79162) -> [ 3459 (16.1684, -10.2607); ]
    120 (13.9608, -10.0387) -> [ ]
    121 (21.0836, -16.1628) -> [ ]
    122 (10.0177, 20.1707) -> [ ]
    123 (9.21439, 5.89936) -> [ ]
    124 (1.49085, 6.01571) -> [ ]
    125 (9.1183, 16.7278) -> [ ]
    126 (18.0718, -14.6094) -> [ ]
    127 (23.0114, -5.27979) -> [ 1700 (24.4189, -5.69406); 3937 (24.2385, -5.83069); ]
    129 (21.7198, 14.0295) -> [ ]
    130 (22.7513, 6.84875) -> [ 3644 (24.1895, 6.73893); ]
    131 (22.6849, 18.3618) -> [ ]
    133 (14.5391, 2.98365) -> [ 4438 (15.7948, 2.7694); ]
    134 (12.3031, 0.0821137) -> [ 3721 (13.0506, -0.655411); ]
    135 (19.5983, -11.713) -> [ ]
    136 (13.5688, -17.1126) -> [ ]
    137 (15.4159, -0.845113) -> [ ]
    138 (5.81713, 2.07984) -> [ ]
    139 (8.88984, 19.8956) -> [ 3559 (10.3239, 20.9815); ]
    140 (23.2301, -20.6802) -> [ ]
    141 (23.7194, 14.0682) -> [ ]
    142 (3.24903, -21.1662) -> [ 3043 (3.21319, -22.4812); ]
    143 (17.167, 4.06584) -> [ ]
    144 (23.4565, 20.207) -> [ ]
    145 (23.7354, 2.04006) -> [ ]
    146 (21.0354, -5.58882) -> [ ]
    147 (10.1361, -15.0856) -> [ ]
    148 (6.30518, -16.5724) -> [ ]
    149 (12.1507, -2.45537) -> [ ]
    150 (20.8576, -18.8245) -> [ ]
    152 (23.3351, 14.2466) -> [ ]
    153 (17.2321, 11.3708) -> [ ]
    154 (19.1202, 0.108055) -> [ ]
    155 (10.4993, 23.0861) -> [ ]
    156 (10.2302, -0.376794) -> [ ]
    157 (10.5018, 17.8375) -> [ 3793 (11.691, 17.9352); 4642 (11.8553, 17.7059); ]
    158 (17.3845, -1.70953) -> [ ]
    159 (14.9489, 5.16311) -> [ 2662 (16.6095, 4.58903); 2870 (16.5914, 4.0837); 3208 (16.4475, 3.9273); ]
    161 (8.64181, -3.80117) -> [ ]
    162 (3.73673, -22.1056) -> [ ]
    163 (22.4923, -2.39212) -> [ 4970 (23.2648, -2.86634); ]
    164 (19.732, 15.5988) -> [ ]
    165 (1.59904, -14.8168) -> [ ]
    166 (8.97149, -6.18268) -> [ ]
    167 (2.03635, -23.1586) -> [ 4953 (1.78937, -24.8555); ]
    168 (4.74174, -17.1919) -> [ 4681 (4.44427, -18.9163); ]
    169 (18.6287, -8.08187) -> [ ]
    170 (3.81722, -1.39842) -> [ ]
    171 (19.6001, -14.8262) -> [ ]
    172 (18.3652, 3.19077) -> [ ]
    173 (6.29765, -7.9453) -> [ 1239 (7.03357, -9.02643); 1833 (6.60144, -9.425); 2496 (6.71559, -9.06425); 4401 (7.01688, -9.43146); ]
    174 (18.6633, -9.73059) -> [ ]
    175 (19.8673, -6.556) -> [ ]
    176 (21.5357, 20.7645) -> [ ]
    177 (2.32493, 17.7388) -> [ 784 (3.06305, 19.0499); ]
    178 (7.52897, -22.3586) -> [ 4701 (7.5936, -23.7232); ]
    179 (13.9989, -22.8105) -> [ ]
    180 (5.02973, -9.49203) -> [ 4605 (5.04265, -10.6968); ]
    181 (17.7955, -9.86851) -> [ ]
    182 (22.9549, -22.6611) -> [ ]
    183 (17.8902, 0.597909) -> [ ]
    184 (12.1428, -23.5553) -> [ ]
    185 (22.4581, -5.26465) -> [ ]
    186 (10.4695, 21.2478) -> [ 4803 (11.625, 21.7631); ]
    187 (12.6131, -16.3143) -> [ 2062 (13.4276, -17.8689); 4974 (13.4769, -17.4646); ]
    189 (22.2724, 22.6239) -> [ ]
    190 (16.532, -11.2403) -> [ ]
    192 (6.63962, 23.2562) -> [ ]
    193 (23.3993, -5.81481) -> [ ]
    194 (12.0318, -0.159272) -> [ ]
    195 (20.0422, 19.4344) -> [ ]
    196 (15.6332, -3.44011) -> [ 1538 (17.1191, -4.73451); 1759 (16.6569, -4.4583); 2132 (16.6989, -4.93304); 2564 (16.9083, -4.42917); 2845 (16.3266, -4.81485); ]
    197 (17.9702, -23.7387) -> [ ]
    198 (12.1128, 19.0227) -> [ ]
    199 (17.5554, 7.45911) -> [ ]
    200 (2.16381, 19.7323) -> [ 306 (3.25456, 21.1785); 2121 (3.0887, 21.1638); 2291 (3.00296, 21.0546); ]
    201 (24.6507, -19.2974) -> [ ]
    202 (21.7582, -0.873656) -> [ ]
    203 (6.03565, 0.944913) -> [ ]
    204 (4.93483, 9.14106) -> [ ]
    205 (9.75234, -15.9273) -> [ ]
    206 (13.4838, 22.2045) -> [ 3179 (14.3854, 23.176); ]
    207 (3.88868, -3.39714) -> [ 2660 (4.56457, -4.97778); 3973 (4.43523, -4.92276); ]
    208 (12.9032, 18.6933) -> [ ]
    209 (3.20786, -1.95934) -> [ ]
    210 (4.98178, 9.65062) -> [ ]
    211 (7.49723, 21.1034) -> [ 3910 (9.14653, 21.5667); ]
    212 (1.99831, -4.05023) -> [ 2338 (2.36033, -5.66983); 3454 (2.57148, -5.86229); 4369 (2.76203, -5.19594); ]
    213 (13.7225, 16.8688) -> [ ]
    214 (12.8957, -21.1423) -> [ 4626 (13.3171, -22.3757); ]
    215 (20.2373, 2.98576) -> [ ]
    216 (18.4592, 18.9984) -> [ ]
    217 (22.5677, 4.85719) -> [ ]
    218 (4.4144, 6.88994) -> [ 2632 (4.9046, 5.30247); ]
    219 (12.1377, 7.15406) -> [ ]
    220 (4.63509, -23.8925) -> [ ]
    221 (13.4051, -7.39319) -> [ ]
    222 (3.15999, 10.1525) -> [ 2090 (3.60886, 8.23689); 3870 (3.68683, 8.33871); ]
    223 (17.7611, -3.50341) -> [ ]
    224 (3.54486, -18.1991) -> [ ]
    225 (11.2288, 8.19365) -> [ ]
    227 (18.4279, -21.4701) -> [ ]
    229 (13.2949, 9.79966) -> [ 822 (13.8736, 11.6243); 1005 (14.979, 9.91694); 1968 (14.7189, 10.3462); 3592 (13.727, 11.5806); 4729 (14.6262, 10.9459); ]
    230 (3.92797, -8.70391) -> [ ]
    231 (12.8771, 3.92632) -> [ 2944 (14.5019, 2.76977); 4794 (14.0167, 2.85062); ]
    232 (4.65882, 23.5327) -> [ ]
    233 (15.0558, -9.27288) -> [ ]
    235 (15.5564, -13.8843) -> [ 4198 (16.4886, -14.8449); 4620 (16.202, -15.1413); 4865 (16.6235, -15.1492); ]
    236 (15.3277, 23.2231) -> [ 3850 (16.4557, 24.2084); ]
    237 (7.99246, -23.7881) -> [ ]
    238 (19.1822, -7.18494) -> [ 3600 (20.0711, -8.88355); ]
    241 (1.86767, 11.5684) -> [ 2103 (2.10798, 10.0556); ]
    243 (20.538, 17.7092) -> [ ]
    244 (12.4333, 9.84843) -> [ ]
    245 (9.95161, 6.20482) -> [ 2035 (11.636, 5.65133); ]
    246 (17.9762, -19.3817) -> [ ]
    247 (4.92046, 22.8202) -> [ ]
    248 (23.4871, -20.7481) -> [ ]
    250 (14.9155, -13.3631) -> [ ]
    251 (7.22532, -4.91427) -> [ 99 (7.73794, -5.84635); 1556 (7.64074, -6.13277); ]
    252 (1.35482, 13.641) -> [ 744 (1.28988, 12.1751); 2470 (1.58042, 12.0103); 3315 (2.04784, 12.2419); 4624 (1.36422, 12.208); ]
    254 (18.1884, 20.98) -> [ ]
    255 (9.67309, -18.4578) -> [ ]
    257 (1.68983, -23.9222) -> [ ]
    258 (13.7249, 10.2721) -> [ ]
    259 (5.68413, 19.9642) -> [ 4532 (7.24006, 21.1621); ]
    261 (12.8958, -12.9293) -> [ ]
    262 (3.76293, -1.92563) -> [ ]
    264 (4.34292, -22.2465) -> [ 3299 (4.22757, -24.0234); 4196 (4.21993, -24.1199); ]
    265 (23.3914, -16.5398) -> [ ]
    267 (11.4109, -14.2535) -> [ ]
    268 (6.33044, 2.39188) -> [ ]
    269 (23.8447, 18.6591) -> [ ]
    270 (17.5083, 17.2389) -> [ 3760 (18.7022, 17.1762); 4445 (19.3845, 17.5411); 4824 (18.6702, 17.4539); 4878 (19.415, 17.3424); ]
    271 (21.1257, 6.81314) -> [ ]
    272 (16.7345, 20.6674) -> [ ]
    273 (8.4823, 9.61271) -> [ 3311 (10.4335, 9.49882); ]
    274 (0.957322, -16.5654) -> [ ]
    275 (13.4323, -11.6452) -> [ ]
    276 (8.11015, -21.5171) -> [ ]
    277 (12.5745, -23.7256) -> [ ]
    279 (21.6729, 9.78308) -> [ ]
    280 (12.7566, -19.2414) -> [ ]
    281 (10.8467, 7.94743) -> [ ]
    282 (2.7989, -9.12916) -> [ ]
    283 (7.89522, 22.4038) -> [ ]
    284 (19.8361, 4.94511) -> [ ]
    286 (22.7512, 3.29299) -> [ ]
    288 (8.46772, 21.0267) -> [ ]
    289 (2.28623, -3.32309) -> [ ]
    290 (23.1984, -9.07865) -> [ ]
    291 (14.975, -8.81473) -> [ ]
    292 (21.5774, 23.7805) -> [ ]
    293 (19.6584, -0.22959) -> [ ]
    294 (11.6593, -11.0438) -> [ ]
    295 (11.3164, 8.84099) -> [ 3114 (12.8892, 9.05354); 3521 (12.2151, 10.1389); ]
    297 (0.679581, 4.81338) -> [ ]
    298 (7.72007, -7.50555) -> [ ]
    299 (2.19201, 10.6375) -> [ 1699 (3.27821, 8.97712); ]
    300 (17.4959, -20.7207) -> [ ]
    301 (16.2874, -21.6441) -> [ 4303 (16.5502, -22.783); ]
    302 (1.61357, -6.01287) -> [ ]
    303 (13.7537, -11.6143) -> [ 2603 (14.9105, -13.0553); ]
    304 (19.9181, -24.1923) -> [ ]
    305 (24.1523, -18.9347) -> [ ]
    306 (3.25456, 21.1785) -> [ 3004 (4.15241, 22.5019); ]
    308 (13.7522, -22.7441) -> [ ]
    309 (22.6562, 7.31717) -> [ ]
    310 (11.9438, -21.9669) -> [ ]
    311 (4.11261, -20.0602) -> [ ]
    312 (8.23375, 9.59481) -> [ 1416 (9.96939, 9.7777); 3081 (10.1178, 9.66824); 4053 (9.91266, 8.80133); 4294 (9.87461, 9.47809); ]
    313 (19.9268, -17.9041) -> [ ]
    314 (14.6871, -10.0132) -> [ ]
    316 (11.5058, -16.6106) -> [ ]
    317 (19.1358, 18.2363) -> [ ]
    318 (5.97334, 7.13881) -> [ 1231 (7.10151, 6.37452); ]
    319 (13.582, 10.9263) -> [ ]
    321 (5.53982, 16.6221) -> [ 2376 (6.90777, 16.7041); ]
    322 (12.3354, 8.49461) -> [ 2398 (14.0096, 8.40583); 3553 (13.6185, 8.56973); ]
    323 (13.5732, -12.5818) -> [ ]
    324 (22.8952, 11.4909) -> [ ]
    325 (4.23127, -23.8096) -> [ ]
    326 (19.3522, 7.5597) -> [ ]
    328 (20.3748, 16.1727) -> [ 4416 (22.3288, 16.1456); ]
    329 (16.3925, 9.58012) -> [ ]
    331 (9.03789, 23.1574) -> [ ]
    333 (14.6022, 15.0727) -> [ 4753 (15.8572, 13.5999); 4772 (14.8427, 13.4406); ]
    334 (22.3443, 17.71) -> [ ]
    335 (6.79876, 6.27439) -> [ ]
    336 (5.86082, 12.3084) -> [ 486 (7.44746, 13.0427); ]
    337 (5.17126, -7.88123) -> [ ]
    338 (9.76726, 3.77829) -> [ ]
    339 (22.1568, 4.04064) -> [ ]
    340 (13.2692, 1.07262) -> [ ]
    341 (9.55461, -14.7919) -> [ ]
    342 (0.0608658, -17.4624) -> [ 3856 (0.0582697, -18.1674); ]
    343 (4.48567, -14.8796) -> [ 4184 (4.55781, -16.6751); ]
    344 (4.80664, -3.39238) -> [ 3667 (4.83245, -4.67014); ]
    345 (13.3996, -6.31147) -> [ ]
    347 (16.4941, -12.6337) -> [ 4425 (17.3842, -13.8339); ]
    348 (1.00259, 21.3607) -> [ ]
    349 (1.13834, 17.3053) -> [ 1349 (0.865636, 18.9216); ]
    350 (4.61708, -18.467) -> [ ]
    351 (8.15321, -22.8107) -> [ ]
    352 (5.45732, 7.51726) -> [ 1046 (6.39937, 5.98205); 1123 (5.95787, 6.2723); 1489 (6.69036, 6.00701); ]
    353 (22.3381, 23.0839) -> [ ]
    354 (12.588, -8.95704) -> [ ]
    355 (1.74919, 0.538837) -> [ 4131 (2.39705, -0.735803); 4135 (2.3126, -0.789984); ]
    356 (2.75425, -16.2007) -> [ ]
    357 (3.93629, -3.08678) -> [ 4526 (4.25553, -4.60618); ]
    358 (13.5421, -12.8311) -> [ ]
    359 (2.13727, -6.01938) -> [ ]
    360 (16.3957, 4.08774) -> [ ]
    361 (15.048, 19.9785) -> [ 3997 (16.3758, 20.5223); 4636 (16.5895, 20.5929); ]
    362 (11.6453, -12.4259) -> [ ]
    363 (14.8921, -9.64773) -> [ ]
    364 (6.9613, 14.9637) -> [ ]
    365 (4.4458, 20.4734) -> [ ]
    367 (1.13564, -15.3895) -> [ ]
    368 (11.6403, 19.8118) -> [ ]
    369 (22.2915, -19.5936) -> [ 4025 (23.0925, -20.8103); ]
    370 (16.897, -13.226) -> [ ]
    371 (3.83994, 12.7252) -> [ 593 (5.44563, 12.2673); 3132 (5.54398, 12.1555); 3348 (5.38697, 11.7644); 3602 (4.84474, 13.1932); ]
    373 (22.8866, -16.8377) -> [ ]
    375 (17.5585, -16.7592) -> [ ]
    377 (22.0003, -18.138) -> [ ]
    378 (18.3891, 0.455486) -> [ ]
    379 (13.1556, -12.0869) -> [ ]
    381 (2.71234, 3.38742) -> [ ]
    382 (20.4648, -15.9421) -> [ ]
    383 (16.2786, -9.75839) -> [ ]
    384 (9.34031, -6.98432) -> [ ]
    385 (16.3285, -23.0405) -> [ ]
    386 (15.1644, -10.245) -> [ 1825 (16.543, -11.6773); ]
    387 (18.1652, 1.07566) -> [ ]
    389 (18.35, -22.6495) -> [ ]
    390 (0.836273, 21.3017) -> [ 3471 (1.23174, 23.0138); ]
    391 (19.9075, -6.26983) -> [ ]
    392 (16.982, 6.11919) -> [ ]
    393 (7.68954, -13.0973) -> [ 4516 (8.26395, -14.9902); 4808 (8.20917, -13.9652); ]
    394 (23.2137, 2.57253) -> [ ]
    395 (13.4424, -14.4301) -> [ ]
    397 (7.79983, -2.01774) -> [ 3640 (7.7019, -3.57858); ]
    398 (6.81714, 9.65242) -> [ 4172 (8.38814, 9.19867); ]
    399 (18.5839, 18.9596) -> [ ]
    401 (20.852, 11.1664) -> [ ]
    402 (19.9963, -7.51761) -> [ ]
    404 (7.59021, 5.64841) -> [ 7 (8.97039, 4.31002); ]
    405 (22.0955, -17.275) -> [ 2489 (22.8725, -18.294); ]
    406 (1.11585, -6.57051) -> [ 4006 (0.69847, -8.0781); ]
    407 (18.1235, -0.505897) -> [ 4246 (19.6287, -1.30669); ]
    408 (1.84974, 21.5115) -> [ ]
    409 (13.1775, 17.5296) -> [ 1914 (14.828, 18.2426); 4115 (14.9147, 17.9933); 4517 (14.3704, 17.9388); 4664 (14.2902, 17.7555); ]
    410 (13.6771, -16.7793) -> [ ]
    411 (15.5958, -9.02294) -> [ ]
    412 (8.69851, 4.94177) -> [ 1059 (9.44823, 4.46481); ]
    413 (5.54366, 0.994128) -> [ ]
    414 (2.28911, -11.0866) -> [ 2475 (2.43107, -12.9559); 3415 (2.5194, -12.2467); 3618 (2.53912, -12.3672); ]
    415 (19.8203, -9.55278) -> [ ]
    416 (17.3568, -12.842) -> [ ]
    417 (3.12397, -0.419721) -> [ ]
    418 (9.41585, -12.04) -> [ ]
    419 (15.6532, -0.496371) -> [ ]
    420 (12.6712, -7.02666) -> [ ]
    421 (14.8433, 21.3356) -> [ ]
    422 (15.0615, 11.7093) -> [ 1319 (15.6231, 12.7568); ]
    423 (24.288, -21.4643) -> [ ]
    424 (6.59948, 11.3872) -> [ 1593 (8.27551, 11.056); 1867 (8.39507, 11.0569); ]
    426 (0.665669, -22.4757) -> [ 4785 (0.778749, -24.4648); ]
    427 (17.9566, 3.69386) -> [ 1957 (19.0808, 3.74049); 3247 (19.5893, 3.63171); ]
    428 (17.7015, -8.6174) -> [ 4034 (18.9224, -9.69454); 4568 (18.854, -9.84232); ]
    429 (8.28804, -15.152) -> [ ]
    430 (16.1151, -18.0535) -> [ ]
    432 (1.18471, 0.955674) -> [ ]
    433 (8.58394, 22.7598) -> [ 4257 (9.77165, 23.9642); ]
    434 (9.18387, 24.4898) -> [ ]
    435 (12.2949, -23.0394) -> [ ]
    436 (18.559, 22.9453) -> [ ]
    437 (24.5047, -23.2924) -> [ ]
    439 (18.4952, -6.98316) -> [ ]
    440 (10.4947, 9.00938) -> [ 786 (12.2431, 9.93533); ]
    441 (6.47702, 12.9512) -> [ 913 (7.81014, 13.2413); 3487 (8.09246, 12.1092); ]
    442 (24.4677, -10.6243) -> [ ]
    443 (7.04626, -13.1042) -> [ ]
    444 (2.38946, 11.1547) -> [ 3464 (3.58264, 10.1778); ]
    446 (21.5754, 22.1717) -> [ ]
    449 (24.0052, -22.3253) -> [ 4248 (24.8108, -24.0107); ]
    450 (9.77682, -6.0631) -> [ ]
    453 (20.9478, 19.7255) -> [ ]
    454 (6.61047, 0.722115) -> [ 3482 (7.52712, -0.22081); ]
    455 (12.5166, -13.2022) -> [ ]
    456 (15.3091, 3.51977) -> [ ]
    457 (4.7517, 6.32549) -> [ 2488 (5.20024, 4.48873); ]
    458 (3.22872, -0.920456) -> [ 4068 (3.98444, -2.40388); 4692 (3.77317, -1.92636); ]
    459 (0.67634, -0.887711) -> [ ]
    460 (12.3757, -10.4099) -> [ ]
    461 (7.81376, 17.7692) -> [ ]
    462 (17.5472, 9.73732) -> [ ]
    463 (21.1883, 24.304) -> [ ]
    464 (24.0496, -18.9002) -> [ ]
    465 (18.04, 21.7769) -> [ ]
    466 (16.1927, 11.1381) -> [ ]
    467 (4.93522, 14.7985) -> [ 2529 (6.72982, 14.7426); ]
    468 (4.08681, -1.5518) -> [ ]
    469 (9.92423, -7.91569) -> [ ]
    471 (19.5066, -12.6548) -> [ ]
    472 (21.7527, -22.8512) -> [ ]
    473 (14.475, 20.977) -> [ ]
    474 (5.18878, 19.8681) -> [ 4639 (6.3129, 21.1548); ]
    475 (3.20533, -18.7526) -> [ ]
    476 (19.8496, 17.7188) -> [ 2173 (21.4007, 18.386); 4024 (20.2671, 17.8141); ]
    477 (0.909576, -13.4729) -> [ ]
    478 (20.4776, 7.22893) -> [ ]
    479 (2.20826, -8.88276) -> [ 3332 (2.28659, -10.2298); ]
    480 (4.12017, 14.4164) -> [ 17 (6.03156, 14.1002); ]
    482 (3.6013, -2.86779) -> [ 4150 (3.86398, -4.48943); ]
    483 (21.1337, -8.15603) -> [ 4800 (22.1444, -9.29637); ]
    484 (3.57893, -20.1731) -> [ ]
    485 (22.7649, 6.28972) -> [ ]
    487 (6.18112, -17.3612) -> [ 4353 (6.4861, -18.4989); ]
    488 (18.7672, 22.3722) -> [ 4759 (20.0778, 22.9629); ]
    489 (23.1945, -0.335509) -> [ ]
    491 (2.14848, -17.0357) -> [ ]
    492 (8.67509, 4.76287) -> [ 666 (9.67437, 4.5466); 3952 (9.86038, 3.99741); ]
    493 (3.01303, 6.16193) -> [ ]
    494 (4.34964, 17.4156) -> [ 3822 (5.73066, 17.8483); ]
    495 (5.34631, -3.18137) -> [ ]
    496 (8.73638, 7.69566) -> [ ]
    497 (17.62, -21.7953) -> [ ]
    498 (1.72459, -5.17303) -> [ ]
    499 (13.7471, 18.6665) -> [ 3832 (15.3469, 19.6445); ]
    500 (15.0306, 8.34198) -> [ ]
    501 (5.99059, -14.5366) -> [ 1456 (6.55549, -16.0226); ]
    503 (12.8936, 23.7499) -> [ ]
    506 (20.8373, -0.482268) -> [ ]
    507 (3.42369, -21.3134) -> [ 4140 (3.49475, -23.2952); ]
    512 (21.7074, -6.84596) -> [ ]
    513 (15.6167, -11.4968) -> [ ]
    514 (23.1758, -22.3635) -> [ ]
    515 (7.46724, -2.96977) -> [ ]
    516 (22.7627, 2.8311) -> [ ]
    517 (17.2682, 20.494) -> [ ]
    518 (14.6054, 16.3292) -> [ ]
    519 (14.6674, -15.8123) -> [ ]
    520 (20.6615, -19.9883) -> [ ]
    521 (5.16649, -12.1054) -> [ 962 (5.51418, -13.411); 1702 (5.46378, -13.9107); 2454 (5.00087, -13.8441); ]
    523 (12.4163, -9.97777) -> [ 4606 (12.8286, -11.594); ]
    525 (3.47606, 12.6166) -> [ ]
    527 (18.4121, 9.98711) -> [ 2546 (20.2849, 10.6519); 2695 (19.9092, 10.6571); ]
    528 (17.2847, 5.7513) -> [ 4458 (18.7996, 5.42874); ]
    530 (0.463461, -8.90382) -> [ ]
    531 (24.0062, 8.38415) -> [ ]
    532 (13.0048, 19.6201) -> [ ]
    533 (21.5229, 9.46636) -> [ ]
    534 (20.6987, 11.4847) -> [ ]
    535 (24.9992, -12.2209) -> [ ]
    536 (10.4763, -21.1867) -> [ ]
    537 (12.6261, -14.5942) -> [ ]
    539 (8.18789, 4.15935) -> [ ]
    540 (4.24942, -9.42138) -> [ ]
    541 (13.3669, 15.7389) -> [ 1748 (14.2822, 14.3078); ]
    542 (1.72456, 22.3015) -> [ ]
    543 (16.8337, -1.15477) -> [ ]
    544 (22.9733, -10.6725) -> [ 2408 (23.9152, -12.1093); 2636 (24.0613, -11.9431); ]
    545 (10.2554, -3.49372) -> [ ]
    546 (9.91987, 0.87808) -> [ 857 (11.0771, -0.381832); ]
    547 (2.75224, -20.9007) -> [ ]
    550 (7.66041, -7.1769) -> [ 4611 (8.18712, -8.24672); ]
    552 (15.0399, -6.97103) -> [ ]
    553 (10.3639, -9.80319) -> [ 1258 (11.188, -11.5805); 4897 (11.4895, -11.3628); ]
    555 (22.2025, 0.77576) -> [ ]
    557 (5.62662, -19.9353) -> [ ]
    558 (14.3004, -9.40399) -> [ ]
    559 (2.90932, 24.5019) -> [ ]
    560 (16.5891, -3.74581) -> [ ]
    561 (21.0378, 0.285269) -> [ 4672 (22.2828, -0.395052); ]
    563 (17.0752, -5.91793) -> [ 4382 (18.3252, -6.96342); 4523 (17.749, -7.71292); ]
    564 (6.93118, 21.108) -> [ ]
    565 (19.2579, 15.5641) -> [ ]
    569 (12.758, -4.76417) -> [ ]
    570 (22.4431, -22.5966) -> [ ]
    571 (5.17286, -21.4222) -> [ ]
    572 (7.03492, -15.1556) -> [ ]
    573 (9.50144, 5.42247) -> [ 2862 (11.1564, 4.47099); ]
    574 (17.0799, 13.8516) -> [ ]
    575 (6.63787, -6.11778) -> [ ]
    576 (22.886, 14.6113) -> [ 3046 (24.4166, 15.7679); ]
    577 (1.68359, 23.843) -> [ ]
    578 (0.581638, -20.7796) -> [ 2540 (0.863366, -22.1552); 2991 (0.715584, -22.3819); 3016 (0.794866, -21.934); ]
    579 (24.7545, -13.7756) -> [ ]
    580 (18.6089, 1.92238) -> [ 4508 (19.7535, 1.1606); ]
    581 (11.8818, 2.86649) -> [ 2025 (13.4123, 2.11395); ]
    582 (2.30527, -20.9384) -> [ 3974 (2.25843, -22.8217); ]
    584 (20.0733, 21.907) -> [ ]
    585 (14.1543, -20.1762) -> [ ]
    586 (3.61433, 23.777) -> [ ]
    588 (22.0687, 4.86169) -> [ 4722 (23.597, 3.83489); ]
    589 (16.4183, -5.55382) -> [ ]
    590 (20.9241, 1.60265) -> [ 4529 (22.54, 1.00218); ]
    591 (20.6919, -9.806) -> [ 4065 (21.2628, -11.5261); ]
    593 (5.44563, 12.2673) -> [ 424 (6.59948, 11.3872); 3654 (6.56338, 10.8318); 4169 (6.47379, 11.6637); ]
    594 (9.77202, 18.9445) -> [ 4737 (11.2359, 19.1726); ]
    595 (2.72604, 4.86922) -> [ ]
    597 (3.30621, 1.00171) -> [ ]
    598 (12.1402, -9.87105) -> [ ]
    599 (19.1937, 4.59009) -> [ ]
    600 (15.8947, -15.9649) -> [ ]
    601 (20.6747, -17.6275) -> [ ]
    602 (24.0304, 21.3392) -> [ ]
    603 (2.74571, -9.38394) -> [ ]
    604 (9.27422, 10.3677) -> [ ]
    606 (14.3379, -7.78772) -> [ ]
    607 (12.4439, 23.3123) -> [ ]
    608 (1.29079, 9.72778) -> [ 2722 (1.40676, 7.84317); 2820 (1.05464, 8.52949); 3192 (1.60441, 8.67166); 3233 (0.452821, 7.96872); 4155 (1.362, 8.0165); 4483 (1.12515, 8.19179); ]
    610 (3.01984, 15.4562) -> [ ]
    611 (14.1317, -2.49398) -> [ ]
    612 (3.90117, -4.65949) -> [ ]
    613 (5.39554, -20.3505) -> [ ]
    614 (21.1821, 18.2937) -> [ 3698 (23.1027, 18.7794); ]
    615 (9.70213, 18.6531) -> [ ]
    616 (0.129886, 7.30572) -> [ 4962 (0.228182, 5.45977); ]
    617 (13.8479, 15.5381) -> [ 4149 (15.0621, 14.065); ]
    618 (1.05242, -22.8891) -> [ 2414 (0.758501, -24.7814); 4070 (1.00546, -24.6956); ]
    619 (22.236, 5.42336) -> [ ]
    620 (9.26834, 8.65025) -> [ 281 (10.8467, 7.94743); 4789 (11.126, 8.0009); ]
    621 (14.6837, 22.3974) -> [ ]
    622 (8.7817, 16.4805) -> [ ]
    623 (21.5682, 12.9067) -> [ ]
    624 (24.1723, 14.2796) -> [ ]
    625 (22.619, 3.25674) -> [ ]
    626 (3.48277, -16.4889) -> [ 2158 (4.19591, -18.0574); 2181 (4.0355, -17.9962); ]
    627 (16.2569, 1.80651) -> [ ]
    628 (2.41039, 11.6084) -> [ 4293 (3.64296, 10.6911); ]
    630 (1.04789, 16.3757) -> [ 2919 (1.28726, 18.2518); 3255 (0.836531, 18.2994); 3628 (0.874958, 18.1495); ]
    631 (10.9661, -21.0283) -> [ ]
    632 (10.5193, -12.4533) -> [ ]
    634 (22.0729, -9.02671) -> [ 3470 (22.9143, -9.73434); ]
    635 (2.48222, 2.36517) -> [ ]
    636 (17.6564, 7.59151) -> [ ]
    637 (10.5424, 4.44682) -> [ ]
    638 (3.098, -9.14336) -> [ ]
    639 (20.0099, -2.23325) -> [ ]
    642 (20.8789, -6.37601) -> [ ]
    643 (18.9301, -17.3477) -> [ ]
    644 (1.2784, -7.89405) -> [ ]
    645 (18.2299, -14.7553) -> [ ]
    646 (1.09715, 12.83) -> [ ]
    647 (18.3949, 19.2233) -> [ ]
    648 (8.29193, -24.4407) -> [ ]
    650 (10.3594, 7.81382) -> [ 1985 (11.9423, 6.98939); 2740 (11.7884, 7.10409); ]
    651 (22.4152, 0.847385) -> [ ]
    652 (23.3033, -2.0822) -> [ 4812 (24.3823, -2.31701); ]
    653 (23.9942, -16.3591) -> [ 4554 (24.9527, -17.1966); ]
    655 (22.2337, 13.9713) -> [ 2034 (23.6837, 15.1094); 3948 (23.6273, 15.3198); 4350 (23.5855, 14.7671); ]
    656 (17.6493, -22.3072) -> [ ]
    657 (15.4318, 22.3593) -> [ ]
    658 (23.0537, 6.22558) -> [ 4396 (24.2609, 5.26566); ]
    659 (9.42873, 17.0776) -> [ 4688 (11.2762, 17.4589); ]
    660 (18.181, 13.3128) -> [ ]
    661 (14.9167, -14.6637) -> [ ]
    662 (11.6679, 22.7352) -> [ 2436 (12.7735, 23.9434); 4346 (13.1942, 23.1771); 4703 (12.8324, 23.8522); ]
    663 (18.7393, -2.23901) -> [ ]
    664 (21.4683, 20.3903) -> [ ]
    665 (21.4214, -15.5725) -> [ 4020 (22.7979, -16.909); ]
    667 (17.6633, -5.04155) -> [ ]
    668 (16.2305, 21.2563) -> [ 1685 (17.759, 22.2336); 4176 (16.82, 21.4405); ]
    669 (9.32526, -6.99877) -> [ ]
    670 (10.5428, 17.2957) -> [ ]
    671 (16.9857, 4.5946) -> [ ]
    672 (3.29603, 5.6609) -> [ 4505 (4.19287, 4.18261); ]
    673 (17.1221, 18.3698) -> [ 3674 (18.7584, 18.8485); ]
    674 (6.06443, -7.1373) -> [ ]
    675 (11.8154, -13.8328) -> [ ]
    676 (2.58911, 11.2141) -> [ 3588 (3.80494, 10.4502); ]
    677 (11.2421, -16.2688) -> [ ]
    678 (7.00708, 23.9765) -> [ ]
    679 (19.3737, 10.2992) -> [ ]
    680 (12.0914, -12.502) -> [ ]
    682 (5.36618, 4.55871) -> [ 3215 (6.66713, 3.40718); ]
    683 (18.947, -14.9674) -> [ ]
    684 (23.7619, 13.8847) -> [ ]
    685 (7.89159, -1.13662) -> [ ]
    686 (2.615, -12.4297) -> [ 4080 (3.25617, -14.2294); ]
    687 (6.69538, 1.07373) -> [ 2067 (7.40275, -0.731353); ]
    688 (17.16, 6.73323) -> [ 4880 (18.9159, 6.49934); ]
    689 (14.7268, 3.68116) -> [ 3835 (15.9224, 3.23108); ]
    691 (18.6799, -0.0154674) -> [ 3370 (19.9954, -0.932358); 4983 (20.3402, -0.828444); ]
    692 (16.5616, -7.3233) -> [ 428 (17.7015, -8.6174); ]
    693 (8.68289, -17.8542) -> [ ]
    695 (6.09029, -6.40764) -> [ ]
    696 (16.2676, -23.2585) -> [ ]
    697 (11.1181, -22.4219) -> [ ]
    698 (13.8933, 19.3622) -> [ 4019 (15.7686, 19.9136); ]
    699 (4.88297, 1.0952) -> [ ]
    700 (17.1386, 1.65415) -> [ ]
    702 (4.007, -22.854) -> [ 4823 (4.49162, -24.3476); ]
    703 (15.8208, -4.84412) -> [ ]
    704 (16.13, -9.83904) -> [ ]
    705 (23.8192, -17.3549) -> [ 3599 (24.9992, -18.8362); ]
    706 (21.3732, -13.1729) -> [ ]
    707 (23.0039, 20.6212) -> [ ]
    708 (13.248, -13.7433) -> [ ]
    709 (22.4453, 19.836) -> [ ]
    710 (14.5214, -22.2193) -> [ ]
    712 (9.73695, -4.11735) -> [ ]
    714 (13.9117, -10.6634) -> [ ]
    715 (14.754, 2.76396) -> [ ]
    716 (15.5471, -5.7639) -> [ ]
    717 (18.5953, 7.25727) -> [ ]
    718 (15.6401, -20.5842) -> [ ]
    719 (15.9555, 20.1558) -> [ ]
    720 (22.7674, -1.88673) -> [ ]
    721 (19.9481, 1.99217) -> [ ]
    722 (22.4001, 10.84) -> [ ]
    724 (23.2136, -10.552) -> [ ]
    725 (3.52521, -21.5034) -> [ ]
    726 (14.9664, -24.1547) -> [ 4077 (15.4779, -24.9531); ]
    727 (9.05837, 16.9428) -> [ ]
    728 (16.2116, 23.4425) -> [ 4816 (17.01, 23.7876); ]
    729 (21.7748, -7.01661) -> [ ]
    730 (1.95291, -15.7364) -> [ 3142 (1.80578, -17.1606); ]
    731 (2.3951, -8.31465) -> [ 4809 (2.9709, -9.96635); ]
    732 (18.1726, 22.4649) -> [ ]
    733 (17.8178, 19.5758) -> [ ]
    734 (9.21192, -13.7272) -> [ ]
    735 (0.343898, 19.4668) -> [ 3880 (0.275286, 21.0353); ]
    736 (9.73764, -11.5437) -> [ ]
    737 (21.4752, -22.954) -> [ ]
    739 (12.2368, -10.2549) -> [ ]
    740 (9.3341, 0.692636) -> [ ]
    741 (1.04782, 11.4854) -> [ 4422 (1.46651, 9.75916); ]
    742 (15.4301, 20.8949) -> [ 3790 (17.3087, 21.1829); ]
    743 (19.5803, -8.25757) -> [ 4272 (20.027, -9.55083); ]
    744 (1.28988, 12.1751) -> [ 1729 (1.48751, 10.477); 1945 (1.74572, 10.8216); 2202 (1.55538, 11.0425); 2729 (1.54223, 10.3104); ]
    745 (8.71186, -1.28694) -> [ ]
    746 (9.20772, -0.600272) -> [ 3175 (9.80323, -2.19676); 3198 (10.0851, -1.75576); ]
    747 (23.9714, 12.6246) -> [ ]
    748 (9.48939, -3.01626) -> [ ]
    750 (13.6233, -8.66846) -> [ ]
    753 (1.36855, -17.7372) -> [ ]
    754 (23.3973, -17.4576) -> [ ]
    755 (8.68232, -0.383081) -> [ ]
    756 (4.28565, 11.6102) -> [ 1015 (5.51012, 10.2665); ]
    757 (12.4643, -20.5744) -> [ ]
    758 (18.1028, -10.7591) -> [ ]
    759 (1.44533, -2.02159) -> [ ]
    760 (20.412, -13.295) -> [ ]
    761 (17.7592, 12.4249) -> [ 4452 (19.5311, 13.1828); ]
    762 (20.9838, -24.2614) -> [ ]
    763 (20.0845, 21.4353) -> [ ]
    764 (6.02307, -4.42635) -> [ ]
    765 (6.5545, -11.11) -> [ ]
    766 (11.0441, -6.6341) -> [ ]
    767 (22.1527, -3.33128) -> [ 1118 (23.5659, -4.128); 1149 (23.2007, -3.77325); 1626 (23.3274, -4.0119); ]
    769 (1.70927, -9.40939) -> [ 278 (1.90108, -10.5411); 414 (2.28911, -11.0866); 2000 (2.01612, -9.96037); 2221 (1.92624, -10.3644); 2914 (1.86024, -10.488); 4440 (1.71616, -10.3261); ]
    772 (9.18802, 20.0744) -> [ 2606 (10.9734, 20.7642); 3565 (10.7325, 20.4608); 3727 (10.7448, 20.4465); 3831 (10.6062, 20.7901); ]
    773 (4.09052, 16.328) -> [ 2552 (5.90312, 17.0579); 3942 (5.70767, 16.5476); ]
    774 (3.03026, -17.8506) -> [ 3795 (3.20868, -19.8097); 4252 (3.09379, -19.1051); ]
    775 (13.1805, -14.0891) -> [ ]
    776 (2.22957, -6.3171) -> [ ]
    777 (11.6095, 8.49003) -> [ ]
    778 (0.156755, -6.97424) -> [ ]
    779 (22.1259, 19.1739) -> [ 1467 (23.1342, 19.3962); 4322 (23.0422, 19.6865); 4610 (23.5354, 19.5864); 4718 (23.9365, 19.6462); ]
    780 (21.5258, -11.5064) -> [ ]
    781 (14.803, 22.8083) -> [ 3656 (15.8794, 24.0015); 4347 (16.1563, 23.7377); ]
    782 (7.62032, -16.0013) -> [ 2879 (8.16718, -17.596); 4310 (7.60019, -17.1096); ]
    783 (24.3583, -18.586) -> [ ]
    784 (3.06305, 19.0499) -> [ 4551 (3.77756, 20.5271); ]
    785 (18.8377, -22.7225) -> [ ]
    786 (12.2431, 9.93533) -> [ ]
    787 (4.08054, -0.0582146) -> [ ]
    788 (18.6247, 4.67863) -> [ 4543 (19.9736, 4.11705); 4921 (20.4913, 4.06); ]
    790 (7.76709, 20.6306) -> [ 4702 (8.72889, 22.0799); ]
    792 (9.17068, 19.3663) -> [ ]
    793 (12.4132, 17.1328) -> [ ]
    794 (5.16301, -15.5374) -> [ ]
    795 (2.73437, 3.73552) -> [ ]
    797 (14.2538, 1.88998) -> [ ]
    799 (9.34996, 18.8511) -> [ 4710 (11.07, 19.3303); ]
    800 (23.9668, -17.9104) -> [ ]
    801 (2.48974, 7.66855) -> [ ]
    802 (16.7773, 19.2646) -> [ 4247 (17.6628, 19.5363); ]
    803 (3.27502, 2.98291) -> [ ]
    804 (0.482296, 1.43383) -> [ 3983 (0.061586, -0.483031); ]
    805 (13.5277, -23.586) -> [ ]
    806 (11.6088, 1.72338) -> [ ]
    807 (23.1141, 22.966) -> [ ]
    808 (5.92485, 15.5384) -> [ ]
    809 (14.2704, 12.6565) -> [ ]
    810 (16.1248, 4.17787) -> [ ]
    811 (12.3562, 6.65683) -> [ 3571 (14.0216, 5.88558); ]
    812 (22.8548, -14.8609) -> [ ]
    813 (18.2198, -7.26573) -> [ ]
    814 (12.1826, 1.30334) -> [ ]
    816 (7.72797, 21.4544) -> [ ]
    818 (5.68263, 2.37931) -> [ ]
    819 (16.583, -9.00979) -> [ ]
    820 (17.0663, 3.20116) -> [ ]
    821 (7.22497, 10.1534) -> [ 1121 (8.71393, 9.39188); 2538 (9.19408, 9.95661); 3691 (8.92146, 9.68664); ]
    822 (13.8736, 11.6243) -> [ ]
    823 (19.7414, 7.14473) -> [ ]
    825 (10.0536, -13.1443) -> [ 3445 (10.6941, -14.5702); ]
    826 (8.63491, -17.0244) -> [ ]
    827 (10.2566, 16.9005) -> [ ]
    828 (24.3023, -20.8689) -> [ ]
    829 (7.81404, -13.5429) -> [ ]
    830 (11.7201, 2.63482) -> [ ]
    834 (0.269671, -18.8349) -> [ ]
    835 (4.70935, 18.9407) -> [ 4732 (6.48186, 19.8576); ]
    836 (15.4765, -21.5092) -> [ 2334 (16.2279, -23.3347); 3771 (16.0418, -23.3402); ]
    837 (8.86098, -7.40903) -> [ 2232 (9.03942, -8.9811); 3883 (9.26561, -8.89056); 4431 (9.16178, -8.79422); ]
    840 (18.4601, 8.50054) -> [ ]
    841 (19.4317, 16.3184) -> [ ]
    842 (17.2619, 16.5254) -> [ 4832 (18.9876, 16.5005); ]
    844 (17.133, -11.5914) -> [ ]
    845 (1.37808, 7.07069) -> [ 2895 (1.91752, 5.8973); 3147 (1.04693, 5.57284); ]
    846 (2.25455, -12.6973) -> [ ]
    847 (19.3329, 21.8556) -> [ ]
    848 (23.4591, -19.9715) -> [ 4577 (24.4851, -21.6201); ]
    849 (8.23641, 8.99326) -> [ 1868 (9.81619, 8.67218); ]
    850 (3.13979, 15.7317) -> [ ]
    851 (10.3892, -9.6213) -> [ 294 (11.6593, -11.0438); 4633 (10.8672, -10.5872); ]
    852 (1.12797, -11.066) -> [ 2460 (1.40041, -12.4249); 4648 (0.634496, -12.5807); ]
    853 (15.3194, -0.957022) -> [ ]
    854 (4.34373, 24.2116) -> [ ]
    856 (10.4156, -22.3694) -> [ ]
    857 (11.0771, -0.381832) -> [ 1022 (11.8086, -1.42969); 4586 (12.0826, -1.84258); ]
    858 (15.861, -7.97641) -> [ ]
    860 (4.93606, -10.7533) -> [ ]
    861 (10.564, 4.77986) -> [ 4707 (11.8877, 4.38416); ]
    862 (4.66571, -11.8211) -> [ ]
    863 (7.14214, -3.40116) -> [ 4975 (7.77767, -5.22309); ]
    864 (5.20013, 3.78777) -> [ 2332 (5.6218, 1.92432); 2615 (5.97611, 2.81087); 2808 (5.3732, 2.39811); 2994 (6.04573, 2.57419); 3776 (5.49384, 1.89118); 4166 (5.38819, 2.28695); ]
    867 (1.63574, 6.82841) -> [ 1760 (1.46315, 5.06997); 1836 (1.69553, 5.13133); 2714 (2.07297, 5.05116); ]
    868 (0.821629, 1.32434) -> [ ]
    869 (19.9215, -14.2651) -> [ ]
    870 (14.8538, 19.3781) -> [ 4537 (15.7766, 19.5739); ]
    872 (7.93635, 22.6442) -> [ ]
    873 (11.7434, -21.6246) -> [ ]
    874 (14.722, -6.57219) -> [ ]
    875 (0.996335, 11.1193) -> [ 608 (1.29079, 9.72778); ]
    876 (20.7226, -9.77557) -> [ 780 (21.5258, -11.5064); ]
    877 (5.08783, -20.3988) -> [ ]
    878 (20.542, 21.2404) -> [ ]
    879 (4.9262, -21.5773) -> [ ]
    880 (23.4558, 23.8719) -> [ 3972 (24.6915, 24.4904); ]
    881 (10.4657, -19.1396) -> [ ]
    882 (9.83331, -7.97785) -> [ 553 (10.3639, -9.80319); 851 (10.3892, -9.6213); ]
    883 (6.50096, 4.76549) -> [ ]
    884 (5.89594, 12.6053) -> [ 3639 (7.76827, 12.5384); ]
    885 (7.609, 6.48964) -> [ ]
    886 (13.0812, -17.566) -> [ ]
    887 (5.55442, -22.1863) -> [ 2295 (5.78595, -23.9837); ]
    888 (21.8745, -6.55478) -> [ ]
    889 (5.97506, 10.1204) -> [ ]
    890 (12.3427, 23.3966) -> [ ]
    891 (16.0991, -20.4044) -> [ 3877 (16.528, -21.6924); 4498 (16.4697, -21.3944); ]
    892 (21.725, 17.6405) -> [ ]
    894 (5.21331, -9.33737) -> [ ]
    895 (15.9197, -4.91062) -> [ ]
    896 (0.928552, 1.38999) -> [ ]
    897 (19.3687, -3.78353) -> [ 2692 (20.939, -4.95284); ]
    898 (11.4309, 8.32199) -> [ 4345 (12.7975, 8.80581); ]
    900 (14.8806, 0.966582) -> [ ]
    901 (0.810682, 23.0468) -> [ ]
    902 (23.3478, 8.20582) -> [ 3385 (24.6689, 7.92669); ]
    904 (23.2209, -17.2199) -> [ ]
    906 (21.1275, -7.46787) -> [ 4711 (21.9363, -8.29621); ]
    907 (19.8616, 21.4975) -> [ 446 (21.5754, 22.1717); 3564 (21.6436, 21.8959); 4075 (21.7915, 21.9403); 4238 (21.581, 22.2514); 4972 (21.2427, 22.0513); ]
    909 (16.2848, -12.0421) -> [ ]
    910 (23.62, 17.3479) -> [ ]
    911 (1.99135, 17.2797) -> [ ]
    912 (19.42, 12.2617) -> [ ]
    914 (13.9721, -8.39946) -> [ 3121 (14.6389, -9.80127); 4373 (14.9381, -9.71469); ]
    916 (18.366, -5.77842) -> [ ]
    917 (18.0542, 24.1973) -> [ 2726 (19.7371, 24.9229); ]
    918 (6.73565, -9.9167) -> [ ]
    920 (15.0391, 5.31693) -> [ 3605 (16.8534, 5.07361); 4877 (16.0939, 5.52834); ]
    921 (14.7344, -0.882569) -> [ ]
    923 (11.8874, 19.4075) -> [ ]
    924 (1.76766, -5.22302) -> [ ]
    925 (21.0064, -17.0951) -> [ 2418 (21.7377, -18.2417); ]
    926 (9.97731, 1.32928) -> [ ]
    927 (4.66108, -22.392) -> [ 3680 (4.6674, -23.3921); ]
    928 (6.83735, -3.40325) -> [ 251 (7.22532, -4.91427); 983 (6.62192, -4.91478); ]
    929 (2.50133, 7.31374) -> [ ]
    931 (2.71688, 16.2933) -> [ ]
    932 (11.723, -22.3256) -> [ ]
    933 (3.08035, -8.26746) -> [ ]
    934 (2.17086, 10.5465) -> [ 2335 (2.71992, 9.20205); 3229 (3.47031, 9.3159); ]
    935 (7.76448, 10.1629) -> [ ]
    936 (5.31588, -10.0459) -> [ ]
    937 (17.5998, -22.6044) -> [ ]
    938 (11.0026, 19.5127) -> [ ]
    939 (9.45449, -1.55763) -> [ ]
    940 (12.9016, -9.36368) -> [ 3059 (14.182, -10.5001); ]
    941 (20.1569, -1.61031) -> [ ]
    942 (1.22117, -17.6931) -> [ ]
    943 (18.9791, -7.02881) -> [ 1871 (19.8609, -8.76508); 1903 (20.0916, -8.67655); ]
    945 (1.79834, -21.6275) -> [ ]
    946 (11.8521, -0.857013) -> [ ]
    947 (20.0324, -1.46464) -> [ ]
    948 (16.7492, -18.8097) -> [ ]
    949 (6.4027, -13.5098) -> [ 2154 (6.81187, -15.2016); 4966 (7.04708, -14.9667); ]
    950 (20.4251, 2.19225) -> [ ]
    951 (10.4853, -5.21339) -> [ ]
    954 (23.4777, -17.3418) -> [ ]
    955 (12.5205, 4.65746) -> [ ]
    956 (17.1244, -11.9761) -> [ ]
    957 (12.8299, -3.93749) -> [ ]
    958 (24.4671, -0.944724) -> [ ]
    959 (16.6906, 2.09664) -> [ ]
    960 (7.60927, -22.4982) -> [ ]
    961 (17.3622, 17.9826) -> [ 3388 (19.0334, 17.9015); ]
    962 (5.51418, -13.411) -> [ ]
    963 (14.7406, 20.7494) -> [ 3416 (15.8623, 21.2957); ]
    964 (22.359, 5.57717) -> [ ]
    965 (19.5008, -19.0936) -> [ 4441 (20.5858, -20.7252); ]
    966 (17.6152, -16.8826) -> [ ]
    967 (15.1037, 0.934088) -> [ ]
    968 (2.21096, 0.698467) -> [ ]
    970 (11.1172, -2.64785) -> [ ]
    971 (4.36981, -1.03694) -> [ ]
    972 (21.6368, -18.4409) -> [ ]
    973 (7.19392, 0.616348) -> [ 3306 (7.83822, -0.711943); 3437 (8.29479, -0.772865); 4673 (8.02472, -0.868234); 4941 (7.59365, -0.473681); ]
    974 (18.9616, -10.9186) -> [ ]
    975 (19.5378, -20.9708) -> [ ]
    976 (15.9425, 4.9604) -> [ ]
    977 (2.76509, -7.50231) -> [ ]
    978 (5.31717, -23.916) -> [ ]
    979 (10.9691, 20.3385) -> [ ]
    980 (13.4231, -8.3904) -> [ ]
    981 (15.2201, 18.0827) -> [ ]
    982 (19.4359, 14.4487) -> [ ]
    983 (6.62192, -4.91478) -> [ ]
    984 (2.05933, 20.6875) -> [ ]
    985 (4.84243, -0.972538) -> [ ]
    986 (14.7855, 11.6914) -> [ ]
    989 (12.223, -20.6157) -> [ ]
    990 (5.4142, 4.90374) -> [ ]
    991 (4.20902, -6.13812) -> [ ]
    992 (15.6728, -1.58572) -> [ ]
    993 (4.20375, 10.6081) -> [ 3335 (5.63162, 10.0534); ]
    994 (12.4159, -2.60098) -> [ ]
    995 (10.5925, -15.3266) -> [ ]
    997 (13.5228, -23.2708) -> [ ]
    998 (22.3648, -11.1958) -> [ 4201 (23.7243, -12.4524); ]
    999 (3.28021, 11.4447) -> [ 1719 (4.46362, 10.2627); 3647 (4.55758, 9.98207); 4958 (4.4803, 10.1975); ]
    1000 (15.0836, 12.5077) -> [ ]
    1001 (17.8357, -19.5182) -> [ ]
    1002 (10.8288, -13.4501) -> [ 3924 (11.6681, -15.1644); ]
    1003 (24.0094, 10.0327) -> [ ]
    1004 (16.111, 22.6807) -> [ ]
    1005 (14.979, 9.91694) -> [ 4546 (16.1993, 11.1153); ]
    1006 (10.6724, 7.60022) -> [ 811 (12.3562, 6.65683); 2514 (12.4053, 6.97863); 2885 (11.874, 6.39713); ]
    1007 (9.5109, -4.21391) -> [ 16 (10.3987, -5.48358); 951 (10.4853, -5.21339); 1366 (10.2245, -5.09483); 3801 (10.5029, -5.7525); 4951 (10.2421, -5.19914); ]
    1008 (18.9973, 10.8662) -> [ ]
    1009 (4.20561, 15.9334) -> [ 3268 (6.07605, 16.1278); ]
    1010 (4.50338, 15.428) -> [ 2957 (6.32303, 16.2411); ]
    1011 (3.79931, -15.3283) -> [ ]
    1012 (2.58425, 23.7749) -> [ ]
    1013 (7.30508, -17.9502) -> [ ]
    1014 (20.0604, -21.9003) -> [ ]
    1015 (5.51012, 10.2665) -> [ 398 (6.81714, 9.65242); 1177 (6.37333, 9.15875); 2437 (6.53696, 8.85642); ]
    1016 (9.86709, 18.2703) -> [ ]
    1018 (20.4173, -0.63589) -> [ ]
    1019 (20.7361, -2.51485) -> [ 4514 (21.8555, -3.70404); 4964 (21.5992, -3.29105); ]
    1020 (12.5953, -18.8172) -> [ ]
    1021 (21.6587, 17.797) -> [ 2934 (23.1269, 17.7958); ]
    1022 (11.8086, -1.42969) -> [ 149 (12.1507, -2.45537); 3273 (12.1035, -2.35866); ]
    1023 (2.18386, 8.57197) -> [ 1951 (3.136, 6.87257); ]
    1024 (12.6002, -12.621) -> [ ]
    1025 (16.6521, 19.5785) -> [ ]
    1026 (8.78078, -5.6362) -> [ 4764 (9.2283, -7.02435); ]
    1027 (18.8477, -2.26076) -> [ ]
    1028 (5.66355, -3.60569) -> [ ]
    1029 (12.0559, -18.18) -> [ ]
    1030 (23.5593, 18.5803) -> [ ]
    1031 (21.4231, 13.2761) -> [ ]
    1032 (22.4713, -12.9928) -> [ 2788 (23.4681, -13.9178); 4152 (23.0377, -14.3157); ]
    1033 (1.5713, -0.887295) -> [ ]
    1034 (1.68739, 2.22901) -> [ ]
    1035 (22.8606, 3.83302) -> [ ]
    1036 (14.6674, -1.04128) -> [ ]
    1037 (18.8352, 3.98857) -> [ ]
    1038 (24.3329, -2.99772) -> [ ]
    1039 (8.90106, -13.0051) -> [ ]
    1040 (4.73333, -11.8983) -> [ ]
    1041 (3.18299, 2.69167) -> [ ]
    1042 (23.6257, -23.5277) -> [ ]
    1044 (12.8656, -12.5942) -> [ ]
    1045 (20.3209, -22.2632) -> [ ]
    1046 (6.39937, 5.98205) -> [ ]
    1047 (5.11937, 20.5772) -> [ 1285 (6.30608, 21.8246); 4186 (5.70663, 22.0414); ]
    1048 (4.44327, 6.83983) -> [ 2800 (5.24465, 5.41393); ]
    1049 (4.59336, -8.43076) -> [ ]
    1050 (12.5053, 22.9464) -> [ ]
    1051 (21.5788, -15.7006) -> [ 3250 (22.8134, -16.6344); ]
    1052 (2.40445, -16.1595) -> [ ]
    1053 (21.1391, 18.6332) -> [ ]
    1054 (5.75476, 24.7115) -> [ ]
    1055 (20.8045, -21.2482) -> [ ]
    1056 (8.56966, 15.9292) -> [ ]
    1057 (10.8336, 18.3244) -> [ ]
    1058 (19.7189, -22.7981) -> [ 304 (19.9181, -24.1923); 3009 (20.4578, -24.2678); 3186 (20.4002, -24.3613); 3376 (20.41, -24.4005); 4518 (20.0046, -24.2427); ]
    1060 (7.2002, -23.1461) -> [ 2473 (7.44041, -24.4059); 2510 (7.6126, -24.4088); 4515 (7.77488, -24.3227); ]
    1061 (1.62349, -15.3997) -> [ ]
    1062 (22.7627, 23.3687) -> [ ]
    1063 (23.9204, -4.58436) -> [ ]
    1064 (11.0992, -5.15585) -> [ ]
    1065 (22.608, -8.13191) -> [ ]
    1066 (1.79003, -5.57408) -> [ 2677 (2.10306, -6.91226); ]
    1068 (17.8931, 15.9953) -> [ 2497 (19.5659, 15.3008); 4600 (18.6414, 15.7982); ]
    1069 (15.8902, -4.69929) -> [ 3361 (16.8769, -5.85942); ]
    1070 (6.56245, 3.9534) -> [ ]
    1071 (11.1564, 16.9444) -> [ 4641 (12.2921, 15.7704); ]
    1072 (7.8274, 4.70135) -> [ ]
    1074 (17.6249, -2.97401) -> [ ]
    1077 (17.6684, -8.65013) -> [ ]
    1078 (21.1819, -22.3353) -> [ ]
    1079 (20.7493, 20.8459) -> [ ]
    1080 (3.54043, 2.36276) -> [ ]
    1081 (10.612, 3.44009) -> [ ]
    1082 (24.0888, 7.5817) -> [ ]
    1083 (20.6255, -3.676) -> [ 2081 (21.9338, -4.61826); ]
    1084 (9.83466, -12.9255) -> [ ]
    1085 (3.98467, 22.9506) -> [ 1596 (4.47254, 24.6149); ]
    1086 (20.015, 8.31596) -> [ ]
    1087 (19.1122, -4.23145) -> [ 3239 (19.9903, -5.39277); 4995 (19.8962, -5.16392); ]
    1088 (12.8952, -17.2971) -> [ ]
    1089 (15.3731, -5.23147) -> [ ]
    1090 (20.3366, -4.07029) -> [ ]
    1091 (9.53073, 2.40054) -> [ 1587 (10.5615, 0.824994); ]
    1092 (19.116, -17.1103) -> [ ]
    1093 (4.04627, 5.9654) -> [ 1790 (4.05041, 4.12847); 2983 (4.42229, 4.54101); 4876 (4.28129, 4.54657); ]
    1094 (23.0792, -3.63834) -> [ 4055 (23.8929, -4.23196); 4394 (24.4867, -4.94759); ]
    1095 (22.1218, 6.39865) -> [ ]
    1096 (7.46363, 19.4527) -> [ 772 (9.18802, 20.0744); ]
    1098 (14.523, -0.311256) -> [ 3724 (15.6633, -1.55461); ]
    1100 (5.63901, 19.1925) -> [ 3977 (6.9624, 20.2179); ]
    1102 (5.94925, 10.9313) -> [ 53 (7.46009, 9.84057); 821 (7.22497, 10.1534); 1561 (6.93408, 9.2564); 1656 (7.31148, 10.7916); 3070 (7.57702, 10.2699); 4780 (7.47264, 10.4041); ]
    1103 (9.47771, -4.92184) -> [ ]
    1104 (7.34842, 16.0316) -> [ 125 (9.1183, 16.7278); 843 (9.09565, 16.2976); ]
    1105 (11.1056, -18.9354) -> [ ]
    1106 (19.5437, -20.7916) -> [ ]
    1107 (7.86629, 24.8198) -> [ ]
    1108 (21.6868, 19.5892) -> [ ]
    1109 (11.8877, 4.56145) -> [ ]
    1112 (20.71, -9.69859) -> [ ]
    1114 (20.5044, 5.63856) -> [ ]
    1115 (19.852, 10.7472) -> [ ]
    1116 (9.55843, -13.3774) -> [ 3293 (9.89574, -14.984); 3493 (9.88489, -15.185); 4297 (9.78889, -15.2168); ]
    1117 (1.41721, -21.8144) -> [ ]
    1118 (23.5659, -4.128) -> [ 3950 (24.6763, -5.50276); ]
    1119 (10.9086, -23.1606) -> [ ]
    1120 (24.1868, -13.8553) -> [ ]
    1121 (8.71393, 9.39188) -> [ 440 (10.4947, 9.00938); ]
    1122 (21.5443, -15.6262) -> [ ]
    1123 (5.95787, 6.2723) -> [ ]
    1124 (3.68186, 13.7857) -> [ 1809 (5.33713, 13.3551); ]
    1125 (3.4557, -5.45883) -> [ ]
    1126 (22.5258, -12.0356) -> [ 4705 (23.2099, -13.6527); ]
    1129 (13.6839, 17.3279) -> [ ]
    1130 (4.1795, -4.55273) -> [ ]
    1131 (6.48383, -0.696129) -> [ ]
    1132 (4.92044, 23.7513) -> [ 1054 (5.75476, 24.7115); ]
    1133 (22.6427, 10.1973) -> [ ]
    1134 (22.388, 9.20921) -> [ ]
    1135 (23.487, 22.5408) -> [ 2738 (24.7301, 22.8271); ]
    1136 (23.5932, -1.1613) -> [ ]
    1137 (3.70968, 3.55067) -> [ ]
    1138 (23.0761, 9.861) -> [ ]
    1139 (8.23673, 1.09809) -> [ ]
    1141 (15.228, -12.8064) -> [ ]
    1142 (8.81103, 8.70185) -> [ ]
    1144 (22.4006, 5.31306) -> [ ]
    1145 (3.19376, -9.15636) -> [ ]
    1146 (12.8697, -0.595532) -> [ ]
    1148 (6.83674, 3.82852) -> [ ]
    1149 (23.2007, -3.77325) -> [ ]
    1150 (17.4829, -6.03995) -> [ 1554 (17.8697, -7.89775); 2279 (18.1105, -7.44424); 2360 (18.5619, -7.10691); 4242 (18.8342, -6.70803); ]
    1151 (17.7048, 10.4261) -> [ ]
    1152 (6.19972, 9.79411) -> [ ]
    1153 (9.12399, -12.376) -> [ ]
    1154 (15.5059, -19.933) -> [ ]
    1157 (3.38841, 13.299) -> [ ]
    1158 (17.3281, -8.08577) -> [ ]
    1159 (0.203952, -14.3366) -> [ ]
    1160 (5.93263, -11.2364) -> [ ]
    1161 (5.13775, -23.2873) -> [ ]
    1162 (2.80024, -21.2834) -> [ ]
    1163 (22.3628, 13.4004) -> [ ]
    1165 (18.5509, -6.01295) -> [ 2415 (19.4424, -7.20378); ]
    1166 (0.448424, -10.6517) -> [ 1573 (0.381394, -11.7676); ]
    1167 (7.32517, -14.3716) -> [ 4670 (7.96526, -16.2368); ]
    1168 (21.2489, -0.116705) -> [ 4330 (22.2775, -1.30521); 4616 (23.0624, -0.597868); ]
    1169 (24.0164, -12.0222) -> [ ]
    1170 (1.26076, 3.06806) -> [ ]
    1171 (14.091, 1.31385) -> [ ]
    1172 (7.3464, 8.41386) -> [ 496 (8.73638, 7.69566); 1462 (8.75398, 8.0387); ]
    1173 (23.5282, -15.5615) -> [ ]
    1174 (2.20153, 21.9715) -> [ ]
    1176 (2.613, 1.95985) -> [ 2925 (2.77251, 0.512669); 3921 (2.61893, 0.0554586); 4325 (3.2123, 0.874501); ]
    1177 (6.37333, 9.15875) -> [ ]
    1178 (4.24587, -16.668) -> [ ]
    1179 (10.3674, -7.08975) -> [ 3426 (11.2045, -8.73486); ]
    1180 (14.324, -18.0888) -> [ 4926 (14.5183, -19.7633); ]
    1181 (2.77187, 14.3832) -> [ 2952 (4.41165, 14.2766); ]
    1182 (12.1894, 20.4514) -> [ ]
    1183 (24.1809, -9.63777) -> [ ]
    1185 (11.9128, -21.8258) -> [ ]
    1186 (16.6683, -2.09734) -> [ 3151 (16.9575, -3.53156); ]
    1188 (18.3092, 11.0607) -> [ ]
    1189 (18.1049, -10.7174) -> [ 4500 (19.4085, -11.8223); 4695 (19.277, -11.6883); ]
    1190 (4.7402, 16.667) -> [ ]
    1191 (1.37259, -8.16483) -> [ 2897 (1.10691, -9.52766); 4524 (1.35674, -9.65064); ]
    1193 (10.8497, 19.5829) -> [ ]
    1195 (11.6383, 1.25909) -> [ ]
    1196 (23.0375, 22.9035) -> [ 2094 (24.9071, 23.6125); 4344 (23.9134, 23.2079); 4927 (23.5806, 23.1042); ]
    1197 (12.834, -6.18354) -> [ 4706 (13.6228, -7.67769); ]
    1198 (9.75591, -4.86631) -> [ 4494 (9.91223, -6.61371); ]
    1200 (0.909445, -6.74104) -> [ ]
    1201 (16.0179, -4.06223) -> [ ]
    1202 (12.8962, 7.86335) -> [ 3610 (14.5251, 8.28524); ]
    1203 (2.52976, 9.62446) -> [ 2142 (3.72233, 8.18761); 2903 (3.12769, 7.89973); 3271 (3.627, 8.1207); 3309 (3.24825, 7.9121); 3516 (3.2278, 8.45607); 3540 (2.87476, 7.86133); 4145 (3.25836, 8.42134); 4386 (2.98239, 8.37691); ]
    1204 (19.5006, 3.13574) -> [ ]
    1205 (2.65519, -12.9176) -> [ ]
    1206 (16.5703, 17.7673) -> [ ]
    1207 (5.3363, -1.48547) -> [ ]
    1208 (12.9159, -20.7367) -> [ 4910 (13.5746, -21.9933); ]
    1209 (12.2866, -23.0739) -> [ ]
    1210 (15.4782, 24.1528) -> [ ]
    1211 (10.4573, 21.2384) -> [ ]
    1212 (19.6697, -0.922141) -> [ ]
    1213 (18.6927, 17.2807) -> [ ]
    1214 (18.0446, -14.7912) -> [ 4920 (19.0771, -15.6503); ]
    1215 (4.13121, 21.2939) -> [ ]
    1217 (20.3137, 19.0988) -> [ 779 (22.1259, 19.1739); 1147 (21.344, 18.8943); 3789 (21.3091, 18.9467); ]
    1218 (23.6515, 9.44784) -> [ ]
    1220 (21.7227, 20.4921) -> [ ]
    1221 (10.6087, -2.1613) -> [ 4178 (11.8761, -3.31363); ]
    1223 (9.67637, -5.86938) -> [ ]
    1224 (12.9218, -9.59476) -> [ 4096 (13.5346, -11.3074); 4127 (13.7784, -10.8968); ]
    1225 (15.6373, 24.0931) -> [ 3286 (16.9673, 24.9289); ]
    1226 (1.8286, -4.46465) -> [ 776 (2.22957, -6.3171); ]
    1227 (6.09424, 24.162) -> [ ]
    1228 (0.211743, -21.4727) -> [ ]
    1229 (19.2061, -14.9353) -> [ ]
    1230 (11.2204, 3.04977) -> [ ]
    1231 (7.10151, 6.37452) -> [ ]
    1232 (8.08699, -22.1847) -> [ ]
    1233 (0.16954, -10.8981) -> [ 2355 (0.0994661, -11.7601); 3729 (0.0981528, -11.261); 4191 (0.0764417, -12.4858); 4766 (0.294092, -12.2484); ]
    1234 (11.1143, -16.3436) -> [ ]
    1235 (14.1231, -6.405) -> [ ]
    1236 (22.7534, 9.50241) -> [ 3918 (24.4978, 9.16362); ]
    1237 (13.0386, -0.300331) -> [ ]
    1238 (18.8428, -17.7703) -> [ 4512 (19.5407, -18.5614); ]
    1239 (7.03357, -9.02643) -> [ ]
    1240 (22.302, -12.1446) -> [ ]
    1241 (16.0941, 23.1253) -> [ 2128 (17.9405, 23.837); ]
    1242 (2.78076, -11.5324) -> [ ]
    1243 (7.53965, 7.65427) -> [ ]
    1244 (16.6792, -0.215909) -> [ ]
    1246 (8.5868, -10.6555) -> [ 4492 (8.64259, -11.9924); ]
    1247 (23.8141, -17.5375) -> [ ]
    1248 (14.8847, 21.274) -> [ ]
    1249 (15.9398, 4.7252) -> [ ]
    1250 (13.5969, -20.951) -> [ 4613 (14.003, -21.8123); ]
    1251 (23.8277, -19.169) -> [ ]
    1252 (4.04194, 21.7872) -> [ ]
    1253 (20.0771, 10.65) -> [ ]
    1254 (20.5892, 15.8095) -> [ ]
    1255 (15.3001, -14.6486) -> [ ]
    1256 (6.57745, 2.69816) -> [ ]
    1258 (11.188, -11.5805) -> [ 3083 (11.6831, -13.3755); 3683 (11.546, -13.1294); ]
    1259 (0.449192, -19.9537) -> [ ]
    1260 (11.8362, -18.9664) -> [ ]
    1261 (21.0592, 6.48584) -> [ ]
    1262 (20.4133, -18.9558) -> [ 3558 (21.4359, -20.4585); 3962 (20.6597, -20.2625); ]
    1263 (1.52575, -2.91987) -> [ ]
    1264 (16.3868, 18.8499) -> [ 4002 (17.7719, 19.2459); ]
    1265 (1.31018, -7.68821) -> [ ]
    1266 (22.5052, 3.93558) -> [ ]
    1267 (2.18007, -17.1966) -> [ ]
    1268 (19.2971, 23.0002) -> [ 3780 (20.643, 23.7372); ]
    1269 (5.26352, -15.761) -> [ ]
    1270 (6.43958, -2.66138) -> [ ]
    1271 (1.04356, -12.0879) -> [ ]
    1272 (6.27969, 6.73923) -> [ ]
    1273 (22.5699, -16.5819) -> [ ]
    1274 (3.36015, 15.0189) -> [ ]
    1275 (13.452, -23.6545) -> [ ]
    1276 (12.2359, 18.4909) -> [ ]
    1277 (22.8347, -7.81804) -> [ 3904 (24.5429, -8.83914); ]
    1278 (18.6981, 0.330378) -> [ ]
    1279 (17.6828, -14.3705) -> [ ]
    1280 (23.6677, 20.477) -> [ ]
    1281 (2.14072, 9.35863) -> [ ]
    1282 (23.5239, -13.165) -> [ 3922 (24.5614, -14.3909); 4092 (24.683, -14.3555); ]
    1283 (12.9801, -0.863314) -> [ 3783 (13.5964, -1.88421); ]
    1284 (12.9361, -11.2185) -> [ ]
    1285 (6.30608, 21.8246) -> [ 3874 (6.96951, 23.1131); ]
    1288 (10.4347, 19.5091) -> [ 3222 (11.9722, 20.5144); ]
    1290 (2.76098, 11.3126) -> [ ]
    1291 (16.5816, -13.8958) -> [ ]
    1292 (21.2063, 16.8212) -> [ 3006 (23.0841, 16.7669); 3804 (22.8262, 16.6479); ]
    1293 (3.57882, 17.9649) -> [ 2876 (5.04959, 19.0686); ]
    1294 (7.00948, 5.4558) -> [ 2157 (8.29283, 4.26215); ]
    1295 (19.5746, 24.3003) -> [ 1598 (20.1388, 24.5305); ]
    1296 (24.5268, 13.7015) -> [ ]
    1297 (6.15955, -6.91544) -> [ 3021 (6.93499, -8.66672); ]
    1298 (22.611, 13.1245) -> [ ]
    1300 (6.13469, -8.44654) -> [ 3145 (6.65323, -10.1816); ]
    1301 (12.4302, -16.9691) -> [ ]
    1302 (1.08805, 23.2362) -> [ ]
    1303 (21.3304, -12.7042) -> [ ]
    1304 (20.1377, -17.3449) -> [ 3327 (21.0394, -18.2216); ]
    1305 (22.3135, -16.1041) -> [ ]
    1306 (17.226, 20.6008) -> [ 4912 (18.9319, 21.3952); ]
    1307 (15.3618, -13.7189) -> [ ]
    1308 (22.741, -19.8789) -> [ 4276 (23.435, -20.7795); ]
    1309 (24.3003, -18.7) -> [ ]
    1310 (5.37607, -23.6164) -> [ ]
    1311 (14.4848, -19.735) -> [ ]
    1312 (18.4003, -12.0391) -> [ 4645 (19.7823, -13.4613); ]
    1313 (4.40037, 1.01199) -> [ 2990 (4.75857, -0.945728); ]
    1314 (12.06, -13.3987) -> [ ]
    1315 (11.6195, -18.9776) -> [ ]
    1316 (17.222, -0.324853) -> [ ]
    1317 (22.4981, 8.31066) -> [ 2780 (24.0061, 8.96192); ]
    1318 (2.00434, 4.02575) -> [ ]
    1319 (15.6231, 12.7568) -> [ ]
    1321 (4.45962, 2.92513) -> [ 3418 (4.73653, 1.32834); 4143 (4.77374, 1.35078); ]
    1322 (8.9348, 7.57602) -> [ ]
    1323 (4.1262, 1.36348) -> [ 4716 (4.85094, 0.0547796); ]
    1324 (11.5055, -18.4637) -> [ ]
    1325 (13.7564, -18.1389) -> [ 4207 (14.4431, -19.6836); ]
    1326 (17.649, -21.5658) -> [ ]
    1327 (17.3758, 6.41371) -> [ 2242 (19.2503, 6.28629); 3086 (18.8806, 5.14672); 3371 (18.6358, 6.44621); 4740 (19.1871, 6.60861); ]
    1328 (11.0084, -21.4378) -> [ 3805 (11.6659, -23.0043); ]
    1329 (10.1848, 2.57531) -> [ ]
    1330 (13.8978, 1.14382) -> [ ]
    1331 (2.15507, -19.0572) -> [ 3716 (1.95625, -20.5399); ]
    1332 (19.4024, -1.90301) -> [ ]
    1333 (17.8069, -0.828942) -> [ ]
    1334 (2.27302, -17.8775) -> [ 4041 (2.49543, -19.2891); 4420 (2.61691, -18.984); ]
    1335 (3.40516, -7.52787) -> [ ]
    1336 (1.00303, -3.3303) -> [ 1595 (1.11695, -5.07202); 1902 (1.32516, -5.23245); 3623 (0.861025, -4.947); ]
    1338 (2.52072, -20.374) -> [ ]
    1340 (12.8047, 2.77697) -> [ ]
    1341 (19.1078, -2.69445) -> [ ]
    1342 (0.301531, 2.39194) -> [ ]
    1343 (23.8247, 16.8953) -> [ ]
    1344 (23.9045, -20.8775) -> [ 2702 (24.5115, -22.7048); ]
    1346 (13.0258, -14.4207) -> [ ]
    1347 (1.53949, -10.607) -> [ 3737 (1.40683, -11.8628); ]
    1349 (0.865636, 18.9216) -> [ 388 (0.46669, 20.267); 2230 (1.23635, 20.6371); 2902 (1.71826, 20.6988); ]
    1350 (6.00813, 3.51855) -> [ ]
    1351 (23.253, -8.08958) -> [ ]
    1352 (21.9891, 18.5527) -> [ ]
    1353 (18.6374, -10.3139) -> [ ]
    1354 (12.6759, 23.5955) -> [ ]
    1355 (10.2878, 17.9495) -> [ 3927 (12.0513, 18.5401); 4684 (12.1014, 18.2562); ]
    1356 (4.40595, 11.9733) -> [ 1102 (5.94925, 10.9313); 1910 (6.26965, 11.4159); ]
    1358 (18.8575, 23.2086) -> [ ]
    1359 (19.695, 3.36014) -> [ ]
    1360 (15.9664, -22.4528) -> [ ]
    1361 (23.4911, -13.8064) -> [ ]
    1362 (12.8363, 23.709) -> [ ]
    1363 (19.4348, -15.4579) -> [ ]
    1364 (12.118, -22.0341) -> [ ]
    1365 (21.4123, 21.9355) -> [ 4709 (22.0262, 22.1525); ]
    1367 (20.1653, -1.23237) -> [ 3513 (21.0862, -1.62115); 3852 (20.9334, -1.90897); ]
    1370 (1.2736, 12.6263) -> [ ]
    1371 (0.728943, 19.49) -> [ 4295 (0.943696, 20.6009); ]
    1373 (3.28035, 12.1822) -> [ 3908 (4.42532, 10.6133); 4750 (4.75111, 11.0942); ]
    1375 (22.0483, -14.1467) -> [ ]
    1376 (6.1037, 17.5747) -> [ 3068 (7.95499, 17.6312); ]
    1377 (19.8047, 8.61646) -> [ 4397 (20.9244, 8.89045); ]
    1378 (14.1775, 0.791856) -> [ ]
    1379 (6.09668, 23.6434) -> [ ]
    1381 (14.6287, -14.802) -> [ ]
    1382 (16.755, 18.5673) -> [ 3322 (18.2448, 19.0973); ]
    1383 (14.1443, 24.6414) -> [ ]
    1385 (22.3818, -7.92757) -> [ 3758 (23.5131, -9.00546); 4101 (23.5457, -8.55406); ]
    1387 (13.2981, -9.4775) -> [ 3119 (14.0336, -10.8888); ]
    1388 (5.79313, 2.72273) -> [ ]
    1390 (1.20692, -1.08781) -> [ 3066 (0.908246, -2.27567); ]
    1393 (2.04211, 2.80844) -> [ ]
    1394 (18.5272, -10.527) -> [ ]
    1395 (11.7527, 4.55764) -> [ ]
    1396 (17.0903, -10.581) -> [ ]
    1397 (18.5487, 8.66933) -> [ 1086 (20.015, 8.31596); 4708 (19.9554, 9.14685); ]
    1398 (22.5057, 7.59145) -> [ ]
    1399 (3.85954, 15.84) -> [ 321 (5.53982, 16.6221); ]
    1400 (2.67896, 3.77143) -> [ ]
    1402 (22.9113, -16.693) -> [ ]
    1403 (14.0503, -19.4851) -> [ 3139 (14.2882, -19.8576); ]
    1404 (12.1536, -17.5331) -> [ ]
    1405 (5.2337, -10.3992) -> [ ]
    1406 (20.1298, 6.54103) -> [ ]
    1407 (6.9146, -10.1679) -> [ 4213 (7.79026, -11.7195); ]
    1408 (8.92729, 19.5901) -> [ ]
    1409 (6.72643, -13.7676) -> [ 3156 (6.86883, -15.4074); ]
    1411 (2.9008, -14.9075) -> [ ]
    1414 (4.24275, -14.9305) -> [ 4859 (4.0691, -16.0477); ]
    1415 (0.222397, -3.82268) -> [ ]
    1417 (7.70192, -9.16763) -> [ ]
    1419 (22.0276, 12.5097) -> [ ]
    1420 (21.3248, 7.78838) -> [ 3857 (23.1455, 6.96967); ]
    1421 (1.66888, 13.8821) -> [ 2676 (3.23469, 12.776); ]
    1422 (10.275, -16.4499) -> [ 2260 (10.2849, -17.2935); 2389 (10.5436, -17.6384); 3153 (10.9431, -17.8461); 3552 (10.5821, -17.6934); 4755 (10.4932, -17.7396); ]
    1423 (18.2562, 6.59885) -> [ ]
    1424 (22.7159, 5.84514) -> [ ]
    1425 (6.4472, 23.9265) -> [ ]
    1426 (16.1092, 22.5494) -> [ ]
    1427 (8.64184, -14.0678) -> [ ]
    1428 (21.2906, -16.5018) -> [ 405 (22.0955, -17.275); ]
    1429 (4.06156, -12.7443) -> [ ]
    1430 (15.6413, 7.91868) -> [ ]
    1431 (18.6146, -0.352695) -> [ 941 (20.1569, -1.61031); 947 (20.0324, -1.46464); 1367 (20.1653, -1.23237); 4122 (20.0051, -1.44954); 4190 (19.8899, -1.79064); ]
    1432 (12.4552, -9.32804) -> [ ]
    1433 (10.8039, 2.38766) -> [ 508 (11.7507, 1.42893); 814 (12.1826, 1.30334); 1195 (11.6383, 1.25909); 3460 (12.3117, 1.47782); 3923 (12.065, 1.27713); ]
    1434 (23.0895, 21.3517) -> [ ]
    1435 (24.5839, 15.607) -> [ ]
    1436 (2.98591, 4.47707) -> [ ]
    1437 (22.9245, 21.7449) -> [ ]
    1438 (18.9501, 19.8458) -> [ ]
    1439 (2.30778, -1.03275) -> [ ]
    1440 (21.8957, -4.98774) -> [ ]
    1441 (19.5053, -14.1189) -> [ 4342 (20.3877, -15.6785); ]
    1442 (2.28794, 2.19238) -> [ ]
    1443 (3.77841, 7.0763) -> [ 2250 (4.81397, 5.53536); ]
    1444 (23.2667, 12.2103) -> [ ]
    1445 (18.2939, 1.19705) -> [ ]
    1446 (22.8715, -13.5983) -> [ ]
    1447 (1.94314, -22.3474) -> [ 4328 (1.72619, -23.9771); ]
    1448 (16.4993, 12.7047) -> [ ]
    1449 (20.7307, -21.915) -> [ ]
    1450 (0.634579, -4.6996) -> [ ]
    1451 (6.77167, 5.63913) -> [ ]
    1452 (23.1016, -8.43311) -> [ ]
    1453 (13.0759, -13.4473) -> [ ]
    1454 (23.5526, 0.381949) -> [ ]
    1455 (23.5418, -10.834) -> [ ]
    1456 (6.55549, -16.0226) -> [ 148 (6.30518, -16.5724); ]
    1457 (2.23293, 3.59388) -> [ 2426 (2.67653, 1.78001); ]
    1458 (8.3883, -14.6122) -> [ 4676 (9.03383, -16.1292); 4973 (8.7411, -16.3144); ]
    1459 (20.8683, 21.2199) -> [ 3022 (22.8403, 21.3161); ]
    1460 (23.2669, -22.7481) -> [ ]
    1461 (4.74114, -13.2918) -> [ ]
    1462 (8.75398, 8.0387) -> [ 1006 (10.6724, 7.60022); ]
    1464 (1.07976, -15.8023) -> [ ]
    1465 (13.0924, 3.93844) -> [ 1619 (14.7408, 3.06911); 2520 (14.7115, 3.04817); ]
    1466 (3.15996, -12.4559) -> [ ]
    1467 (23.1342, 19.3962) -> [ 568 (24.6939, 19.609); ]
    1470 (15.0226, 17.6523) -> [ 1206 (16.5703, 17.7673); 1698 (16.6053, 17.7638); ]
    1472 (19.6458, -23.5532) -> [ 3909 (19.9354, -24.9027); ]
    1473 (5.79919, 9.21014) -> [ 1172 (7.3464, 8.41386); ]
    1474 (3.86044, 7.99856) -> [ ]
    1475 (12.6527, 2.59218) -> [ ]
    1476 (19.3194, -20.9946) -> [ ]
    1477 (9.3852, -4.81724) -> [ 3199 (9.88462, -5.78004); ]
    1479 (2.41376, -20.3086) -> [ ]
    1480 (2.04675, -11.7867) -> [ 846 (2.25455, -12.6973); 1205 (2.65519, -12.9176); 2580 (2.19071, -13.5545); 3035 (2.58165, -13.1188); ]
    1481 (22.5568, 1.5794) -> [ ]
    1482 (18.3618, -19.7644) -> [ ]
    1483 (18.8463, -3.78747) -> [ 2399 (20.3619, -4.76253); 4039 (20.5942, -4.41217); ]
    1484 (2.23198, 8.31249) -> [ ]
    1486 (12.9774, 21.0819) -> [ 4548 (14.0111, 21.3867); ]
    1487 (17.4766, -22.5275) -> [ ]
    1488 (9.68603, 23.0799) -> [ ]
    1489 (6.69036, 6.00701) -> [ ]
    1490 (17.2673, 9.81127) -> [ ]
    1491 (24.6812, -17.1299) -> [ ]
    1493 (6.96709, 23.2254) -> [ ]
    1494 (3.12156, 13.2327) -> [ ]
    1495 (17.6108, -17.2391) -> [ ]
    1496 (7.60221, 20.5447) -> [ ]
    1498 (1.88552, -18.0696) -> [ ]
    1499 (10.1434, -4.66497) -> [ ]
    1500 (17.4955, 21.6771) -> [ 488 (18.7672, 22.3722); ]
    1501 (12.9562, -19.8367) -> [ ]
    1502 (22.7844, 23.7428) -> [ 3746 (24.1173, 24.9427); 4146 (24.5549, 24.5056); ]
    1503 (16.4338, 11.0373) -> [ ]
    1505 (12.474, 22.0205) -> [ ]
    1506 (12.159, -14.1736) -> [ 4538 (12.0236, -15.3938); ]
    1507 (22.7823, 13.0528) -> [ 3692 (24.0798, 13.5601); ]
    1508 (5.72329, -0.789) -> [ ]
    1509 (12.629, 21.069) -> [ 2313 (14.3255, 21.3902); 3575 (14.0347, 22.206); 4280 (13.6005, 21.7779); 4281 (14.0659, 22.1874); ]
    1510 (7.35971, 16.4686) -> [ 3272 (9.19361, 16.8228); ]
    1511 (7.65942, 22.5919) -> [ ]
    1512 (10.1619, -12.6276) -> [ ]
    1513 (16.5717, 9.58183) -> [ 1948 (18.0045, 9.79599); ]
    1514 (10.9774, -21.4294) -> [ ]
    1516 (16.817, -5.79506) -> [ ]
    1517 (10.5924, -21.6446) -> [ 3028 (10.946, -22.5056); ]
    1518 (20.2668, -16.6989) -> [ 4017 (20.7887, -17.755); ]
    1519 (17.7041, 8.32562) -> [ ]
    1520 (13.8077, 7.45616) -> [ 3536 (15.3751, 7.16886); 4047 (14.5853, 7.66095); 4889 (15.6162, 7.36037); ]
    1521 (22.6703, -1.21267) -> [ ]
    1523 (5.48335, -21.9634) -> [ 4918 (5.53671, -23.0209); ]
    1524 (12.6404, -9.34962) -> [ 4556 (12.7521, -10.5281); ]
    1526 (22.0802, -19.3386) -> [ 3939 (22.5467, -20.5341); 3980 (22.7353, -20.7641); ]
    1527 (2.42537, 7.61614) -> [ ]
    1528 (17.5361, 8.90076) -> [ 4525 (19.4218, 9.49423); ]
    1529 (0.512339, 22.4428) -> [ 838 (0.00122175, 23.1599); 4147 (0.879063, 24.068); ]
    1530 (6.5219, 18.625) -> [ ]
    1531 (3.90684, -18.8755) -> [ ]
    1532 (15.3847, -14.5063) -> [ ]
    1533 (8.46018, -12.4202) -> [ ]
    1534 (2.17657, 19.8558) -> [ 4151 (3.01896, 21.3808); ]
    1535 (14.45, -23.1404) -> [ ]
    1536 (18.8943, -5.92482) -> [ ]
    1537 (15.9951, 8.29019) -> [ 3473 (17.8222, 8.34726); 3866 (17.9234, 8.53355); ]
    1538 (17.1191, -4.73451) -> [ 1165 (18.5509, -6.01295); ]
    1540 (5.63183, -18.6748) -> [ ]
    1541 (18.4771, -15.3776) -> [ 1092 (19.116, -17.1103); 2018 (19.5295, -16.8129); ]
    1542 (15.6906, -1.92705) -> [ ]
    1543 (8.09164, -6.30667) -> [ 837 (8.86098, -7.40903); 3489 (8.5561, -8.06242); 3896 (8.73996, -7.74598); ]
    1544 (8.80283, -2.16103) -> [ ]
    1545 (7.7579, 3.21438) -> [ 2969 (8.64808, 1.99774); 3996 (9.18214, 1.91285); ]
    1547 (12.7599, -9.01857) -> [ 4825 (13.0518, -10.0329); ]
    1548 (20.6951, -5.09522) -> [ ]
    1549 (21.4809, 22.2101) -> [ ]
    1551 (1.09199, -14.6662) -> [ 4623 (1.15394, -16.0548); ]
    1552 (3.81538, -1.24727) -> [ ]
    1553 (13.7606, -13.2494) -> [ ]
    1554 (17.8697, -7.89775) -> [ ]
    1555 (0.851767, 1.83011) -> [ 2201 (0.966777, -0.0814233); ]
    1556 (7.64074, -6.13277) -> [ ]
    1557 (13.1629, 5.31567) -> [ ]
    1558 (15.5852, -11.4442) -> [ ]
    1559 (18.9347, -17.9658) -> [ 965 (19.5008, -19.0936); ]
    1560 (15.6646, -1.3149) -> [ ]
    1561 (6.93408, 9.2564) -> [ 2499 (8.6432, 8.6204); 3231 (8.74583, 8.56165); ]
    1563 (4.90319, 18.1231) -> [ 4562 (6.34743, 19.417); 4717 (6.40533, 19.1524); ]
    1564 (16.5627, 8.66119) -> [ 4083 (17.6301, 9.27527); ]
    1565 (19.0283, -14.2523) -> [ ]
    1566 (21.2709, -9.69997) -> [ ]
    1567 (11.7181, -21.6099) -> [ ]
    1568 (15.2307, -1.63998) -> [ ]
    1569 (6.39555, 15.5843) -> [ ]
    1570 (11.5521, 16.9674) -> [ ]
    1571 (11.271, -14.0603) -> [ ]
    1572 (21.3945, 8.01695) -> [ ]
    1573 (0.381394, -11.7676) -> [ ]
    1574 (20.1679, -4.38294) -> [ 2629 (20.8787, -5.90282); 3608 (20.8826, -4.97494); ]
    1575 (22.1473, -13.9323) -> [ ]
    1576 (20.908, -1.41094) -> [ ]
    1577 (23.2223, -16.6291) -> [ ]
    1578 (17.7117, -10.1872) -> [ ]
    1579 (23.0633, 0.651396) -> [ 1101 (24.7123, 0.462991); 1525 (24.4244, 0.110855); 2151 (24.8894, 0.869948); 3397 (24.3303, -0.0848724); ]
    1581 (11.9775, 17.4701) -> [ ]
    1582 (9.25177, -11.5107) -> [ 1116 (9.55843, -13.3774); ]
    1583 (0.929022, -17.6306) -> [ 4463 (1.01123, -18.9544); ]
    1584 (21.6374, 12.2216) -> [ ]
    1585 (8.58781, 0.264291) -> [ ]
    1586 (17.5678, -13.7852) -> [ ]
    1587 (10.5615, 0.824994) -> [ 4380 (12.1234, -0.38782); ]
    1588 (10.3605, 23.885) -> [ ]
    1589 (12.5018, -11.8706) -> [ 4799 (12.6543, -12.9057); 4978 (13.6519, -13.4959); ]
    1590 (19.9773, 11.8195) -> [ ]
    1591 (17.1766, -18.448) -> [ ]
    1592 (4.86411, -23.8011) -> [ 2118 (5.1139, -24.4612); ]
    1594 (0.721494, -20.2604) -> [ 1834 (1.05172, -21.7182); ]
    1595 (1.11695, -5.07202) -> [ ]
    1598 (20.1388, 24.5305) -> [ ]
    1599 (15.3875, -5.67322) -> [ ]
    1600 (10.4817, 7.5825) -> [ 1745 (11.9802, 6.26233); 4251 (12.1413, 7.17536); ]
    1601 (8.27799, -16.3788) -> [ ]
    1602 (5.09666, 17.4312) -> [ 2366 (6.73202, 18.267); 2869 (6.56799, 18.4831); ]
    1604 (8.57373, -9.83408) -> [ 3976 (9.28748, -11.147); 4181 (8.46579, -10.8128); 4289 (9.32307, -10.8365); 4733 (9.06271, -10.907); ]
    1605 (21.2465, -18.675) -> [ 3965 (22.0752, -20.2421); ]
    1606 (13.0338, -3.25623) -> [ 4274 (14.1449, -3.92449); ]
    1607 (21.4259, 10.1545) -> [ 1111 (23.1184, 10.4444); 3629 (22.9923, 10.9542); ]
    1608 (13.9725, 8.00219) -> [ 3364 (15.7847, 7.89289); 4379 (15.9428, 8.05138); 4760 (15.2181, 8.08622); ]
    1609 (18.5068, -17.2389) -> [ ]
    1610 (19.3383, -11.8218) -> [ ]
    1611 (1.95751, 1.96052) -> [ ]
    1612 (0.535725, -20.4355) -> [ ]
    1613 (20.8152, 17.711) -> [ 334 (22.3443, 17.71); 4212 (22.5746, 18.1901); ]
    1614 (5.96717, -19.4786) -> [ ]
    1615 (5.31432, -18.9847) -> [ 3495 (6.11364, -20.7569); 4363 (5.01485, -20.6326); 4575 (5.66525, -20.4427); 4696 (5.18294, -20.3561); ]
    1616 (20.589, 18.0823) -> [ 3485 (21.5307, 18.5566); 4154 (22.4619, 18.3434); ]
    1617 (23.952, -3.34396) -> [ ]
    1618 (21.0636, -14.3523) -> [ 2648 (22.0367, -15.2819); 3453 (21.7706, -14.9211); 3968 (21.924, -15.696); ]
    1619 (14.7408, 3.06911) -> [ ]
    1620 (22.5209, 1.38161) -> [ ]
    1621 (1.0891, -13.5282) -> [ 4748 (0.940387, -15.3797); ]
    1622 (9.93208, 16.9196) -> [ 2797 (11.4164, 16.2373); 3000 (11.5493, 16.6601); 3143 (11.4185, 17.4991); 4559 (11.706, 17.3461); ]
    1623 (8.78277, -2.69638) -> [ 712 (9.73695, -4.11735); 1007 (9.5109, -4.21391); ]
    1624 (2.9023, 22.6138) -> [ ]
    1625 (10.406, -3.92838) -> [ ]
    1626 (23.3274, -4.0119) -> [ 871 (24.4052, -4.89227); 899 (24.1918, -5.10472); 996 (24.6939, -5.40144); 1063 (23.9204, -4.58436); 2171 (24.6004, -5.52803); 4496 (24.0899, -5.24044); ]
    1627 (14.545, 1.02493) -> [ 4005 (15.9293, -0.0502009); ]
    1628 (13.845, -16.033) -> [ 4928 (14.6544, -17.0753); ]
    1629 (5.73521, 22.9612) -> [ ]
    1630 (8.3373, -18.6982) -> [ ]
    1631 (13.6373, -7.6825) -> [ ]
    1634 (14.8954, 0.856185) -> [ ]
    1635 (6.93691, 0.102259) -> [ ]
    1636 (4.026, 22.7523) -> [ ]
    1637 (19.2276, -15.9171) -> [ ]
    1638 (8.21087, 3.93389) -> [ 8 (8.76329, 2.32077); ]
    1640 (4.01094, -0.56562) -> [ ]
    1641 (17.3257, -23.4627) -> [ ]
    1642 (7.4812, 1.95757) -> [ 3938 (8.67098, 0.831981); 3989 (8.7502, 0.735653); ]
    1643 (19.3852, 11.03) -> [ ]
    1645 (16.2151, -5.81641) -> [ ]
    1646 (17.9012, -5.80118) -> [ 4391 (19.3256, -7.02822); ]
    1648 (23.85, 5.63087) -> [ ]
    1649 (2.6549, 5.61107) -> [ ]
    1650 (4.70131, 19.4439) -> [ 4501 (6.14645, 20.766); ]
    1651 (1.79917, -5.10338) -> [ ]
    1652 (17.6242, -22.7856) -> [ ]
    1653 (3.01324, -16.9213) -> [ ]
    1654 (1.6705, -10.7513) -> [ ]
    1655 (16.2335, -3.46303) -> [ 4048 (17.3882, -4.21948); ]
    1657 (0.972378, -4.40612) -> [ ]
    1658 (3.94152, 3.75065) -> [ ]
    1659 (11.8172, -23.4099) -> [ ]
    1660 (21.2391, 12.9141) -> [ 4089 (22.187, 13.3047); ]
    1661 (2.7266, -21.1744) -> [ ]
    1662 (20.1327, 9.62571) -> [ ]
    1663 (15.6603, -4.50337) -> [ ]
    1665 (23.3993, -18.8552) -> [ ]
    1666 (6.57159, 0.758391) -> [ 58 (7.60684, -0.613565); 3019 (7.29887, -0.823531); 4503 (7.21722, -0.477971); ]
    1667 (8.2655, -17.241) -> [ ]
    1668 (10.4589, 6.27708) -> [ 4906 (11.7799, 5.64446); ]
    1669 (9.34236, -3.43997) -> [ ]
    1670 (13.6523, 24.0663) -> [ 4674 (15.0528, 24.8806); ]
    1671 (11.7951, 3.23743) -> [ 1340 (12.8047, 2.77697); 1475 (12.6527, 2.59218); ]
    1672 (19.311, -20.3546) -> [ ]
    1673 (16.5548, 8.9911) -> [ ]
    1674 (17.7966, -1.44347) -> [ ]
    1675 (8.20364, 23.3705) -> [ ]
    1676 (9.81178, -4.76149) -> [ ]
    1677 (21.6085, 23.0743) -> [ 4030 (22.1136, 23.3582); ]
    1678 (15.8031, -16.4183) -> [ 4102 (16.1028, -17.9189); 4244 (15.7443, -17.9011); ]
    1679 (21.2493, 3.5633) -> [ 3934 (22.9477, 3.05071); ]
    1681 (20.9701, 5.08214) -> [ ]
    1682 (0.237478, -6.42847) -> [ 4359 (0.0790767, -8.01554); ]
    1683 (17.6343, 20.5064) -> [ ]
    1684 (17.9764, -9.32205) -> [ ]
    1685 (17.759, 22.2336) -> [ 1268 (19.2971, 23.0002); 1286 (19.2765, 23.0869); ]
    1686 (6.8155, -19.6378) -> [ 1900 (7.13534, -21.3115); 2868 (6.88854, -21.3927); ]
    1688 (20.5363, -23.4409) -> [ 3947 (21.5863, -24.6097); ]
    1689 (2.69753, 12.7389) -> [ 756 (4.28565, 11.6102); 2766 (3.71539, 12.0747); 2776 (4.33281, 11.8665); ]
    1690 (8.45388, -0.513426) -> [ ]
    1691 (20.4127, -5.82938) -> [ ]
    1693 (19.1481, -11.4411) -> [ ]
    1694 (1.33905, -16.231) -> [ ]
    1695 (21.7389, 13.277) -> [ ]
    1696 (21.0822, 14.8417) -> [ ]
    1697 (22.212, -7.33158) -> [ 2683 (23.4397, -8.51896); ]
    1698 (16.6053, 17.7638) -> [ ]
    1699 (3.27821, 8.97712) -> [ 1443 (3.77841, 7.0763); 2933 (4.24874, 7.64302); 3723 (4.0852, 7.54967); 4170 (4.07526, 7.50407); ]
    1700 (24.4189, -5.69406) -> [ ]
    1701 (2.26946, 6.85764) -> [ 81 (2.76682, 5.60474); 2204 (2.23018, 5.01907); 4530 (2.83678, 5.38329); ]
    1702 (5.46378, -13.9107) -> [ 2419 (5.48064, -14.2739); ]
    1703 (17.2377, 16.2375) -> [ 3809 (19.0017, 16.1883); ]
    1704 (10.9487, 21.2217) -> [ ]
    1706 (14.2026, -7.20932) -> [ ]
    1707 (6.83059, 4.14207) -> [ ]
    1708 (2.5762, 20.777) -> [ ]
    1709 (9.7431, -12.834) -> [ 3212 (9.91856, -14.5027); 3905 (10.3949, -14.3991); ]
    1710 (7.43032, -12.274) -> [ 2323 (7.7262, -13.5843); ]
    1712 (15.324, 7.23562) -> [ ]
    1713 (2.23605, 4.5613) -> [ ]
    1714 (1.83914, -0.00683421) -> [ 4509 (2.14647, -1.4365); ]
    1715 (17.4377, -23.698) -> [ ]
    1716 (5.93915, -10.3976) -> [ ]
    1717 (20.4945, -0.0666287) -> [ 202 (21.7582, -0.873656); ]
    1718 (19.2724, -3.9574) -> [ ]
    1719 (4.46362, 10.2627) -> [ 4 (5.62723, 9.04019); 1473 (5.79919, 9.21014); 1492 (5.78074, 9.42471); 2187 (5.11843, 8.56378); 2792 (5.18751, 8.60059); 3846 (5.15434, 8.73953); 4811 (5.92918, 9.66912); ]
    1720 (15.9133, 16.9261) -> [ ]
    1722 (3.0572, 15.7545) -> [ 3569 (4.68953, 16.3007); ]
    1723 (23.3528, -23.5299) -> [ 2804 (24.1022, -24.7906); ]
    1724 (9.19774, -21.4543) -> [ ]
    1725 (4.39017, -5.04196) -> [ ]
    1726 (16.6533, 7.17356) -> [ ]
    1728 (21.1595, -17.3415) -> [ 2863 (22.3931, -18.795); ]
    1729 (1.48751, 10.477) -> [ 1950 (1.05844, 8.55191); 2765 (1.63632, 9.03759); ]
    1730 (0.211499, -21.5143) -> [ ]
    1731 (21.7915, -3.77759) -> [ ]
    1732 (2.00844, 5.59016) -> [ ]
    1733 (2.30296, 2.10373) -> [ 3897 (2.98159, 0.807081); 4945 (2.93363, 0.552864); ]
    1736 (11.3122, -13.2633) -> [ ]
    1737 (15.3315, 7.6837) -> [ ]
    1739 (18.8961, -20.0729) -> [ ]
    1740 (15.3002, 10.2167) -> [ ]
    1743 (22.3832, -24.0369) -> [ ]
    1744 (4.60188, -4.26227) -> [ 3817 (5.1345, -5.07675); 4637 (5.14172, -5.32614); 4923 (4.44312, -5.19859); ]
    1745 (11.9802, 6.26233) -> [ 4511 (13.9124, 5.79219); 4957 (13.5709, 6.19059); ]
    1746 (4.058, -6.24705) -> [ ]
    1747 (17.1042, -16.4896) -> [ ]
    1748 (14.2822, 14.3078) -> [ ]
    1749 (22.6252, -2.56546) -> [ 1038 (24.3329, -2.99772); 1617 (23.952, -3.34396); 4715 (23.2769, -2.9182); ]
    1750 (19.1768, 12.2547) -> [ ]
    1751 (2.27312, 22.1355) -> [ 4341 (2.95853, 23.6614); ]
    1752 (23.4295, -6.40968) -> [ ]
    1753 (15.4013, -18.6846) -> [ ]
    1754 (12.3944, -20.0824) -> [ ]
    1755 (20.3062, -11.5104) -> [ ]
    1756 (2.24459, 17.1921) -> [ ]
    1757 (18.3743, -6.35921) -> [ ]
    1758 (10.4978, -15.4003) -> [ ]
    1759 (16.6569, -4.4583) -> [ 2707 (17.7125, -5.18827); ]
    1760 (1.46315, 5.06997) -> [ ]
    1762 (13.723, 2.54572) -> [ ]
    1763 (18.3887, -10.679) -> [ ]
    1765 (12.7761, 1.48774) -> [ ]
    1766 (2.23958, 0.607003) -> [ 4317 (2.6894, -0.535708); ]
    1767 (19.3397, 3.06736) -> [ ]
    1768 (16.0104, -1.85994) -> [ ]
    1769 (18.3944, -23.7382) -> [ ]
    1770 (4.82432, -22.0393) -> [ 1592 (4.86411, -23.8011); ]
    1771 (12.6732, -22.7257) -> [ ]
    1772 (12.5679, -7.26938) -> [ ]
    1773 (6.77785, -10.6097) -> [ 35 (6.93295, -12.3909); 1710 (7.43032, -12.274); 3901 (7.71668, -12.1546); ]
    1774 (9.19138, 17.2572) -> [ ]
    1775 (14.6423, -20.1747) -> [ ]
    1777 (14.457, 15.4666) -> [ ]
    1778 (22.2335, 5.25402) -> [ ]
    1779 (10.3436, -1.07507) -> [ 13 (11.3447, -2.55239); 3855 (11.6538, -2.09301); ]
    1780 (18.643, 11.7864) -> [ ]
    1781 (23.4513, -7.84164) -> [ ]
    1783 (2.11842, 3.32845) -> [ 2586 (2.03284, 2.24625); 3264 (1.90603, 1.95117); ]
    1784 (3.1589, -16.7366) -> [ ]
    1785 (14.1221, -6.15874) -> [ ]
    1786 (23.2566, 8.91577) -> [ ]
    1787 (21.9121, 22.4423) -> [ ]
    1788 (12.9898, -8.89119) -> [ 714 (13.9117, -10.6634); ]
    1789 (12.2083, -3.53312) -> [ ]
    1790 (4.05041, 4.12847) -> [ 1080 (3.54043, 2.36276); ]
    1791 (1.01579, 18.4919) -> [ ]
    1792 (5.12299, 21.7405) -> [ ]
    1793 (20.7404, 13.1154) -> [ ]
    1794 (2.70404, 16.8477) -> [ ]
    1795 (15.3419, 14.113) -> [ ]
    1797 (7.29452, -11.1044) -> [ ]
    1798 (4.33201, -23.9946) -> [ ]
    1800 (12.4002, -21.3388) -> [ 4884 (13.0748, -23.0059); ]
    1801 (0.511475, -9.04268) -> [ 1233 (0.16954, -10.8981); 2409 (0.83685, -10.3119); 4936 (0.87197, -10.9351); ]
    1802 (2.13106, 23.671) -> [ ]
    1805 (0.148455, -8.80091) -> [ ]
    1806 (21.6915, 12.5573) -> [ ]
    1807 (19.8545, 5.48744) -> [ ]
    1808 (5.88826, -16.4679) -> [ ]
    1810 (12.4975, -16.6565) -> [ ]
    1811 (15.3554, 8.03365) -> [ ]
    1812 (2.77798, 15.3448) -> [ 1009 (4.20561, 15.9334); 4863 (4.70351, 15.1284); ]
    1813 (4.42731, 8.59209) -> [ 4185 (5.58197, 7.83999); ]
    1814 (13.8375, 6.22188) -> [ ]
    1815 (16.9889, -9.7379) -> [ ]
    1816 (23.1886, 4.7768) -> [ ]
    1817 (20.6963, 0.548568) -> [ 3853 (22.2598, -0.0922426); ]
    1818 (6.1817, 5.42505) -> [ 1707 (6.83059, 4.14207); 4839 (6.92792, 4.08032); 4855 (7.09721, 4.62158); ]
    1821 (5.08721, -11.157) -> [ ]
    1822 (9.29934, -14.6212) -> [ ]
    1823 (19.6124, -4.70587) -> [ 146 (21.0354, -5.58882); 1691 (20.4127, -5.82938); 2849 (20.4429, -5.99493); ]
    1824 (20.8212, -6.40207) -> [ 4798 (21.986, -6.61525); ]
    1825 (16.543, -11.6773) -> [ ]
    1826 (9.69296, -17.5158) -> [ ]
    1827 (11.3062, -22.4396) -> [ ]
    1828 (22.0071, 19.87) -> [ ]
    1829 (19.6157, -3.19378) -> [ ]
    1831 (11.8158, -22.9855) -> [ ]
    1832 (15.0753, -0.575147) -> [ ]
    1833 (6.60144, -9.425) -> [ 765 (6.5545, -11.11); 1773 (6.77785, -10.6097); 1982 (6.49013, -10.9377); ]
    1834 (1.05172, -21.7182) -> [ ]
    1835 (7.93176, 19.2314) -> [ 3594 (9.26565, 19.2119); ]
    1836 (1.69553, 5.13133) -> [ 1783 (2.11842, 3.32845); ]
    1837 (8.96657, -0.971507) -> [ ]
    1838 (20.1119, 6.25913) -> [ 3745 (21.624, 6.32054); ]
    1840 (23.1554, -10.7551) -> [ ]
    1841 (6.34171, -23.0704) -> [ ]
    1842 (5.07681, 0.0577392) -> [ ]
    1845 (15.2952, 8.00692) -> [ ]
    1846 (14.3404, -14.4827) -> [ ]
    1847 (1.77167, -22.4968) -> [ ]
    1848 (15.819, 20.856) -> [ ]
    1849 (22.823, -2.73529) -> [ 2981 (24.337, -3.89273); ]
    1850 (14.0858, 18.574) -> [ ]
    1851 (12.8708, -7.3007) -> [ ]
    1852 (3.77665, -3.70469) -> [ 1725 (4.39017, -5.04196); 3466 (4.51485, -4.87602); ]
    1853 (0.748185, 12.5781) -> [ 4741 (0.847347, 10.9059); ]
    1854 (0.30784, -19.7986) -> [ ]
    1855 (20.8497, -7.30287) -> [ ]
    1856 (7.05436, -12.7166) -> [ ]
    1857 (23.065, -17.8711) -> [ ]
    1858 (9.03263, -6.45304) -> [ ]
    1861 (4.16399, -17.0122) -> [ ]
    1862 (19.0564, -2.53496) -> [ ]
    1863 (13.9949, 18.7063) -> [ ]
    1864 (18.7691, -8.35053) -> [ ]
    1865 (21.8378, 10.8479) -> [ 296 (22.831, 11.4179); 324 (22.8952, 11.4909); 1804 (23.4903, 11.5789); 4405 (22.9202, 11.0438); ]
    1866 (7.74828, -11.5831) -> [ ]
    1868 (9.81619, 8.67218) -> [ 225 (11.2288, 8.19365); 898 (11.4309, 8.32199); 2159 (11.2011, 8.61642); 3557 (10.7612, 7.48795); ]
    1869 (15.0295, 17.2651) -> [ 4627 (16.166, 17.4072); 4894 (16.3175, 17.2722); ]
    1870 (12.531, 4.9023) -> [ ]
    1871 (19.8609, -8.76508) -> [ ]
    1872 (3.30355, -20.7271) -> [ ]
    1873 (3.61531, 10.4993) -> [ ]
    1874 (24.3566, -10.5885) -> [ ]
    1876 (14.2522, -10.7163) -> [ ]
    1877 (3.55782, -1.57792) -> [ ]
    1878 (19.3592, 9.84113) -> [ ]
    1879 (21.3592, -5.98248) -> [ ]
    1880 (10.8832, 3.80501) -> [ ]
    1881 (2.83118, -14.2684) -> [ 3583 (2.6921, -15.7533); ]
    1882 (4.56467, 8.28273) -> [ 3920 (5.51181, 6.90824); ]
    1884 (23.5719, -20.377) -> [ ]
    1885 (11.9392, -19.742) -> [ ]
    1887 (21.2348, 7.56384) -> [ ]
    1888 (10.6341, 3.66578) -> [ 4393 (11.6274, 2.67921); ]
    1889 (9.79287, 3.67568) -> [ ]
    1890 (16.0778, 15.1005) -> [ ]
    1891 (20.9205, -12.5149) -> [ 4298 (22.21, -13.6539); 4323 (21.9175, -13.8277); ]
    1892 (18.7816, 13.5462) -> [ ]
    1893 (4.80269, 22.3042) -> [ 2038 (6.09508, 23.5564); 4969 (6.02399, 23.4589); ]
    1894 (5.94375, 22.5744) -> [ 1425 (6.4472, 23.9265); 3936 (7.27556, 23.9718); ]
    1895 (13.6808, 7.76386) -> [ ]
    1896 (6.82798, 24.3136) -> [ ]
    1897 (20.2413, -9.77515) -> [ ]
    1898 (7.92996, 22.6904) -> [ ]
    1899 (1.92392, -3.55598) -> [ ]
    1900 (7.13534, -21.3115) -> [ 178 (7.52897, -22.3586); 960 (7.60927, -22.4982); 3491 (6.76552, -22.5709); ]
    1901 (14.0335, -20.9612) -> [ ]
    1902 (1.32516, -5.23245) -> [ 2886 (0.848237, -7.16435); ]
    1903 (20.0916, -8.67655) -> [ 1566 (21.2709, -9.69997); 3144 (21.2547, -10.2314); 4810 (21.5441, -9.5308); ]
    1904 (23.4766, -22.7501) -> [ 2697 (24.6791, -24.3237); ]
    1906 (17.7081, -22.7251) -> [ 3715 (18.8385, -24.1982); ]
    1907 (7.40217, 20.3344) -> [ 3911 (8.74713, 21.2899); 3931 (9.03878, 21.3226); 4704 (8.84175, 21.5353); ]
    1908 (3.40728, 18.7794) -> [ 4519 (4.60049, 20.0461); 4713 (4.38751, 19.6242); 4959 (4.29999, 19.6095); ]
    1910 (6.26965, 11.4159) -> [ 366 (8.15945, 11.0163); 935 (7.76448, 10.1629); ]
    1911 (17.5953, 0.416211) -> [ 378 (18.3891, 0.455486); 691 (18.6799, -0.0154674); 1431 (18.6146, -0.352695); ]
    1912 (10.8019, -15.4598) -> [ ]
    1913 (9.62006, 20.0302) -> [ ]
    1914 (14.828, 18.2426) -> [ ]
    1915 (16.6828, 9.12906) -> [ 462 (17.5472, 9.73732); 527 (18.4121, 9.98711); 1490 (17.2673, 9.81127); 2841 (17.6528, 10.2223); 4567 (18.4778, 9.71394); 4744 (17.9552, 9.46151); ]
    1916 (9.02251, -4.55059) -> [ ]
    1917 (17.4172, 20.3957) -> [ ]
    1920 (9.44949, -13.4906) -> [ 147 (10.1361, -15.0856); 2916 (9.61282, -14.7338); ]
    1921 (15.6826, 17.9275) -> [ ]
    1922 (18.1068, -2.16609) -> [ ]
    1923 (3.75679, 7.85731) -> [ 4981 (4.5821, 6.28976); ]
    1924 (4.40912, -17.0883) -> [ ]
    1925 (12.0669, -14.9617) -> [ 4578 (11.8725, -16.2233); ]
    1926 (5.82866, -7.65395) -> [ ]
    1927 (9.37442, -16.6095) -> [ ]
    1928 (5.79506, -11.6119) -> [ ]
    1929 (17.0455, 14.316) -> [ ]
    1930 (20.3229, -7.37654) -> [ ]
    1931 (18.636, -15.4786) -> [ ]
    1932 (4.14069, -17.9168) -> [ ]
    1933 (23.2787, 13.8016) -> [ 624 (24.1723, 14.2796); 2531 (24.1883, 14.3149); ]
    1934 (7.14603, 20.9226) -> [ ]
    1935 (14.4151, 22.2769) -> [ 3209 (15.6104, 22.7242); ]
    1936 (7.6616, -17.7401) -> [ ]
    1939 (14.8474, 9.69669) -> [ ]
    1940 (3.36995, -4.23244) -> [ ]
    1941 (12.9883, -16.1944) -> [ ]
    1942 (16.6969, -10.0212) -> [ ]
    1943 (0.720022, 6.00958) -> [ 297 (0.679581, 4.81338); 3242 (0.687107, 4.48467); 4052 (0.381545, 4.28708); 4806 (0.589443, 4.64696); ]
    1944 (13.8691, -7.93513) -> [ ]
    1945 (1.74572, 10.8216) -> [ 1281 (2.14072, 9.35863); 2188 (2.18513, 9.30458); ]
    1946 (4.41626, -0.234069) -> [ ]
    1947 (11.8509, -15.0498) -> [ ]
    1948 (18.0045, 9.79599) -> [ ]
    1949 (12.478, 21.6335) -> [ 332 (13.9395, 22.6632); ]
    1950 (1.05844, 8.55191) -> [ ]
    1951 (3.136, 6.87257) -> [ ]
    1953 (1.70445, -22.6961) -> [ ]
    1954 (7.75665, -8.78829) -> [ ]
    1955 (3.36719, -13.5272) -> [ 3994 (3.93983, -14.8145); ]
    1956 (20.5078, -10.8774) -> [ ]
    1957 (19.0808, 3.74049) -> [ ]
    1958 (21.3045, -14.8686) -> [ ]
    1960 (2.89315, -14.8053) -> [ 46 (3.06096, -16.4829); 1784 (3.1589, -16.7366); 3220 (2.84434, -15.9144); 4612 (3.2336, -16.3296); 4758 (2.87597, -16.7197); ]
    1961 (5.91875, 1.70664) -> [ ]
    1962 (20.831, -11.2742) -> [ ]
    1963 (9.27491, -18.0943) -> [ 4881 (9.74894, -19.0012); ]
    1964 (20.8432, -21.8704) -> [ ]
    1965 (10.3049, -10.3072) -> [ ]
    1966 (13.9609, 7.06328) -> [ 1712 (15.324, 7.23562); 2099 (15.4429, 6.68197); 3554 (15.3868, 6.91687); 3981 (15.686, 6.07151); 4361 (15.1165, 6.61902); 4988 (15.069, 7.11723); ]
    1968 (14.7189, 10.3462) -> [ 422 (15.0615, 11.7093); 986 (14.7855, 11.6914); 4082 (14.9154, 11.8437); 4162 (14.6059, 11.5132); 4956 (15.1373, 12.1382); ]
    1970 (13.7571, -21.8739) -> [ ]
    1971 (14.3361, 20.3253) -> [ ]
    1973 (5.99714, 20.2119) -> [ 211 (7.49723, 21.1034); 1934 (7.14603, 20.9226); ]
    1974 (0.563938, -15.8728) -> [ 342 (0.0608658, -17.4624); ]
    1975 (22.3948, -0.0566472) -> [ ]
    1976 (1.74469, -13.0985) -> [ 4654 (1.90177, -15.0042); ]
    1977 (18.5308, 13.3217) -> [ ]
    1978 (22.009, 4.73837) -> [ 2147 (23.3829, 4.85099); ]
    1981 (18.6099, -16.6006) -> [ ]
    1982 (6.49013, -10.9377) -> [ ]
    1983 (14.9838, 21.2794) -> [ 4243 (16.3246, 22.0392); ]
    1985 (11.9423, 6.98939) -> [ 4327 (13.1988, 7.08045); ]
    1986 (7.85158, 9.12122) -> [ ]
    1987 (11.5225, -10.212) -> [ 92 (11.9557, -11.4344); ]
    1988 (3.68024, 18.4757) -> [ 1650 (4.70131, 19.4439); ]
    1989 (19.0582, -2.0203) -> [ ]
    1990 (8.6933, -20.0804) -> [ ]
    1991 (4.62806, 16.3969) -> [ ]
    1992 (0.889413, -13.579) -> [ ]
    1994 (24.6418, -12.004) -> [ ]
    1995 (21.035, 8.38156) -> [ ]
    1996 (13.9585, 0.577943) -> [ 3812 (15.0672, -0.582927); ]
    1997 (6.20176, 2.99348) -> [ 2599 (7.13784, 2.14245); ]
    1998 (21.2404, 2.13654) -> [ 3673 (22.9244, 2.1557); ]
    1999 (0.300745, 21.127) -> [ 901 (0.810682, 23.0468); 3869 (0.331229, 22.8773); ]
    2000 (2.01612, -9.96037) -> [ 3614 (2.54018, -11.4336); ]
    2001 (1.55522, -13.6677) -> [ 1061 (1.62349, -15.3997); ]
    2002 (0.812882, -19.4862) -> [ 578 (0.581638, -20.7796); 2205 (0.193161, -20.7405); 2407 (1.08517, -21.277); ]
    2003 (17.9343, -0.645458) -> [ ]
    2004 (17.0858, -10.283) -> [ ]
    2006 (17.8016, -8.4047) -> [ ]
    2007 (13.3649, -11.213) -> [ ]
    2008 (6.25736, 2.77693) -> [ 2503 (7.61813, 1.50357); ]
    2009 (4.87224, -11.6252) -> [ ]
    2010 (2.18863, 3.26438) -> [ 635 (2.48222, 2.36517); 1176 (2.613, 1.95985); ]
    2011 (22.1191, -15.1094) -> [ 4046 (22.6058, -16.0165); 4072 (22.9207, -16.508); ]
    2012 (19.5696, -11.1436) -> [ 1891 (20.9205, -12.5149); 4656 (20.6703, -12.751); ]
    2013 (10.543, 8.1807) -> [ 322 (12.3354, 8.49461); ]
    2014 (4.23255, 8.63561) -> [ 37 (5.25502, 7.15063); 352 (5.45732, 7.51726); 3492 (5.22485, 7.6775); ]
    2015 (21.7088, -19.5035) -> [ ]
    2016 (1.66896, -0.794607) -> [ ]
    2017 (2.83717, 23.1647) -> [ ]
    2018 (19.5295, -16.8129) -> [ 2412 (20.0207, -17.896); ]
    2020 (23.2503, -17.81) -> [ ]
    2022 (21.3775, -13.7906) -> [ ]
    2023 (5.09156, 0.438677) -> [ ]
    2024 (5.96378, 7.09441) -> [ 372 (7.0027, 6.17534); 1294 (7.00948, 5.4558); ]
    2025 (13.4123, 2.11395) -> [ 797 (14.2538, 1.88998); 3508 (15.0877, 1.23123); 4414 (14.9621, 1.33252); ]
    2027 (8.52378, -0.927309) -> [ ]
    2028 (16.0719, -15.2076) -> [ ]
    2029 (10.3233, 17.3417) -> [ ]
    2030 (12.8397, -4.58685) -> [ ]
    2031 (17.8501, -17.6597) -> [ ]
    2032 (0.691741, 13.7392) -> [ 100 (0.836136, 12.5903); 1853 (0.748185, 12.5781); 2855 (0.412764, 12.4776); 4225 (0.497691, 12.1578); ]
    2033 (2.06831, 14.2446) -> [ 1124 (3.68186, 13.7857); 1157 (3.38841, 13.299); 1494 (3.12156, 13.2327); 1546 (3.57546, 13.0578); 2079 (2.74717, 13.7842); 2833 (2.9157, 13.9691); 4174 (2.85082, 13.7639); 4904 (3.08391, 13.2636); ]
    2034 (23.6837, 15.1094) -> [ 1435 (24.5839, 15.607); 1463 (24.2806, 15.6447); ]
    2037 (7.58894, -23.8411) -> [ ]
    2038 (6.09508, 23.5564) -> [ ]
    2039 (1.00212, 13.0083) -> [ 241 (1.86767, 11.5684); 741 (1.04782, 11.4854); 875 (0.996335, 11.1193); 2227 (1.98789, 11.4755); 3355 (0.462624, 11.5253); 3506 (0.759727, 11.2816); 4200 (0.0480264, 11.8008); ]
    2040 (14.7474, 16.8233) -> [ ]
    2042 (17.8855, -21.6988) -> [ ]
    2044 (0.125585, -7.22727) -> [ ]
    2046 (8.14964, -18.807) -> [ 3796 (8.55132, -20.0185); 4309 (9.12034, -20.5494); ]
    2047 (21.8288, -23.4722) -> [ ]
    2048 (16.8374, -18.0886) -> [ ]
    2050 (5.58846, -8.13421) -> [ 4165 (5.85323, -10.0569); ]
    2051 (20.3278, -16.0039) -> [ ]
    2052 (23.4898, 4.94765) -> [ ]
    2053 (14.1969, -1.4079) -> [ ]
    2054 (20.3212, -13.3614) -> [ ]
    2055 (18.8619, -5.42934) -> [ ]
    2056 (1.5705, 22.5283) -> [ 577 (1.68359, 23.843); ]
    2058 (17.6036, 20.0458) -> [ 4944 (18.8025, 20.3196); ]
    2059 (1.18347, -4.57848) -> [ 3872 (1.35636, -5.98105); 4129 (0.751807, -5.68577); ]
    2060 (21.4746, 9.43439) -> [ 1138 (23.0761, 9.861); 4318 (22.6231, 9.6165); ]
    2061 (23.9395, -19.9107) -> [ ]
    2062 (13.4276, -17.8689) -> [ 1403 (14.0503, -19.4851); ]
    2063 (8.6963, -12.9751) -> [ ]
    2065 (23.9727, -7.8703) -> [ ]
    2066 (17.3305, -21.9205) -> [ ]
    2067 (7.40275, -0.731353) -> [ ]
    2068 (1.91292, 12.8089) -> [ 444 (2.38946, 11.1547); 3935 (2.47774, 11.6376); ]
    2069 (4.41758, -20.6387) -> [ ]
    2070 (5.61609, 0.223613) -> [ ]
    2071 (12.9286, 19.0806) -> [ ]
    2072 (9.17418, 5.92355) -> [ 4324 (9.96486, 4.66755); 4659 (9.57691, 4.90716); ]
    2073 (23.9525, 11.3025) -> [ 4119 (24.9861, 11.8293); ]
    2074 (0.99228, 23.2806) -> [ ]
    2075 (11.326, 18.012) -> [ ]
    2076 (22.8352, 5.29185) -> [ ]
    2077 (21.9049, -7.90462) -> [ ]
    2078 (5.22406, -15.6324) -> [ ]
    2079 (2.74717, 13.7842) -> [ ]
    2080 (23.2209, -22.0266) -> [ ]
    2081 (21.9338, -4.61826) -> [ 127 (23.0114, -5.27979); 3757 (22.8304, -5.29012); 4270 (23.2154, -5.42802); ]
    2082 (17.6733, -13.008) -> [ 3747 (18.4428, -14.5832); ]
    2083 (21.2399, -3.92168) -> [ ]
    2084 (3.52235, -19.1537) -> [ 484 (3.57893, -20.1731); 4061 (3.70232, -20.4277); ]
    2085 (0.588531, -11.4613) -> [ ]
    2086 (0.824092, 3.48161) -> [ 1555 (0.851767, 1.83011); 3354 (0.826254, 1.52958); 4033 (1.03556, 2.26867); ]
    2088 (5.83636, -18.7966) -> [ ]
    2089 (16.9071, -2.65703) -> [ 3759 (17.678, -4.06393); 4234 (17.7384, -3.61229); 4235 (17.8408, -3.22758); 4250 (17.9988, -3.97385); 4475 (17.6865, -4.35617); ]
    2090 (3.60886, 8.23689) -> [ ]
    2091 (9.16356, -2.00391) -> [ 2828 (10.0363, -3.28964); ]
    2092 (8.02871, 16.4252) -> [ 1622 (9.93208, 16.9196); ]
    2093 (22.9438, -6.9765) -> [ ]
    2096 (2.86502, 6.12375) -> [ 595 (2.72604, 4.86922); 2625 (3.69579, 4.63485); 2854 (3.93435, 4.43798); ]
    2097 (7.98529, 17.2379) -> [ 659 (9.42873, 17.0776); 4226 (9.70534, 18.0589); ]
    2098 (17.5525, -23.1644) -> [ ]
    2099 (15.4429, 6.68197) -> [ 392 (16.982, 6.11919); 1327 (17.3758, 6.41371); 3176 (16.6839, 5.93116); 3462 (16.461, 5.75942); ]
    2100 (13.5451, 24.0495) -> [ ]
    2102 (17.5422, 12.6514) -> [ 4565 (19.2412, 13.436); ]
    2103 (2.10798, 10.0556) -> [ ]
    2104 (5.7569, -17.9187) -> [ ]
    2106 (19.8249, 21.1001) -> [ 596 (21.3391, 21.9585); 1365 (21.4123, 21.9355); 4320 (20.7416, 21.3857); ]
    2107 (8.35893, 2.39437) -> [ ]
    2108 (2.09746, 7.68879) -> [ 2096 (2.86502, 6.12375); ]
    2109 (22.7673, -10.2296) -> [ ]
    2110 (12.1285, 0.264983) -> [ 3107 (13.2878, -0.672885); ]
    2111 (13.762, -16.5957) -> [ ]
    2112 (11.6472, -8.33722) -> [ 2261 (12.1802, -8.89931); 4356 (12.0591, -9.95898); 4652 (11.7598, -8.90571); ]
    2114 (22.3056, 8.68319) -> [ ]
    2115 (3.00294, -23.3425) -> [ ]
    2116 (15.7541, 20.1505) -> [ ]
    2117 (15.9976, 19.965) -> [ ]
    2118 (5.1139, -24.4612) -> [ ]
    2121 (3.0887, 21.1638) -> [ ]
    2122 (11.537, 5.46585) -> [ ]
    2123 (7.10176, -16.5779) -> [ ]
    2124 (22.2971, 21.6651) -> [ ]
    2125 (9.38019, -0.0652104) -> [ ]
    2126 (0.245944, -7.43486) -> [ 1805 (0.148455, -8.80091); 4036 (0.27757, -9.02766); ]
    2127 (22.1662, -20.4692) -> [ ]
    2128 (17.9405, 23.837) -> [ ]
    2129 (18.9944, 3.30462) -> [ ]
    2131 (11.478, 19.1189) -> [ ]
    2132 (16.6989, -4.93304) -> [ 1150 (17.4829, -6.03995); 1646 (17.9012, -5.80118); 2347 (17.9811, -6.30297); 2667 (17.8991, -6.20004); ]
    2135 (20.8358, 18.5939) -> [ 3077 (22.1907, 18.9172); ]
    2136 (19.9849, 10.0337) -> [ 4888 (20.8775, 10.6212); ]
    2137 (13.8745, 15.9689) -> [ 333 (14.6022, 15.0727); 2723 (14.7875, 15.0468); 2817 (15.4604, 15.3017); 2955 (15.143, 14.5708); ]
    2138 (4.41721, -2.20397) -> [ 4371 (5.19034, -3.49026); ]
    2139 (14.039, -2.26569) -> [ 2311 (14.523, -3.28951); 3401 (14.7672, -3.34459); ]
    2141 (1.16693, -15.8246) -> [ 4480 (1.34155, -17.2459); ]
    2143 (2.13128, -0.35191) -> [ ]
    2144 (15.8117, -13.3732) -> [ ]
    2145 (3.11451, 5.94648) -> [ 11 (4.3542, 4.52948); 2390 (4.32851, 4.63187); ]
    2146 (23.8807, -2.52616) -> [ ]
    2147 (23.3829, 4.85099) -> [ 3576 (24.6376, 4.07352); ]
    2148 (17.6485, -0.621038) -> [ ]
    2149 (23.9065, 9.63975) -> [ ]
    2150 (15.5878, 3.17874) -> [ ]
    2152 (12.8119, 5.20375) -> [ ]
    2154 (6.81187, -15.2016) -> [ 3668 (6.98793, -16.5978); 4284 (7.33526, -17.0736); ]
    2155 (21.703, 8.8212) -> [ ]
    2156 (18.0922, -2.76887) -> [ 3238 (18.5392, -3.84228); ]
    2157 (8.29283, 4.26215) -> [ 2200 (9.58239, 3.41409); 2653 (9.24548, 3.96157); 2716 (8.8595, 2.71054); 2750 (9.31656, 3.35124); 4125 (9.41818, 3.89335); ]
    2158 (4.19591, -18.0574) -> [ ]
    2159 (11.2011, 8.61642) -> [ 244 (12.4333, 9.84843); ]
    2160 (14.2681, -10.2699) -> [ ]
    2161 (20.7846, 13.3934) -> [ ]
    2162 (18.7798, -20.3202) -> [ ]
    2163 (17.5076, -1.0018) -> [ ]
    2164 (5.98576, 7.85585) -> [ ]
    2165 (5.40546, -9.65683) -> [ ]
    2168 (3.06457, -10.693) -> [ 67 (2.92957, -12.6254); 3064 (3.19059, -12.1705); 4841 (3.74825, -12.3177); ]
    2170 (20.9337, -7.74864) -> [ ]
    2172 (15.0122, 16.7538) -> [ 4267 (16.8983, 16.4044); ]
    2173 (21.4007, 18.386) -> [ ]
    2174 (22.7755, -12.2448) -> [ ]
    2175 (22.5417, 9.26909) -> [ ]
    2178 (11.7602, 22.4711) -> [ 503 (12.8936, 23.7499); 1354 (12.6759, 23.5955); 1362 (12.8363, 23.709); 3410 (13.0899, 23.4492); ]
    2179 (8.70367, -22.3658) -> [ ]
    2180 (13.0551, 0.860024) -> [ 4647 (13.9366, -0.656468); ]
    2181 (4.0355, -17.9962) -> [ ]
    2182 (16.1968, 19.6237) -> [ 3474 (17.9711, 20.4075); ]
    2184 (12.7775, 7.65765) -> [ ]
    2185 (23.292, 13.0586) -> [ ]
    2186 (9.5433, -16.3436) -> [ ]
    2187 (5.11843, 8.56378) -> [ 5 (6.55913, 7.27057); 318 (5.97334, 7.13881); 2024 (5.96378, 7.09441); 4012 (6.5258, 7.69638); ]
    2188 (2.18513, 9.30458) -> [ 3537 (3.05294, 7.61673); ]
    2189 (15.9044, -24.793) -> [ ]
    2191 (3.80611, 20.7976) -> [ 1636 (4.026, 22.7523); 1893 (4.80269, 22.3042); 2249 (4.31345, 22.3624); 2681 (5.09211, 22.1431); 3277 (4.7361, 21.7931); 3450 (4.778, 22.4935); 4259 (4.54161, 22.1667); ]
    2192 (22.6758, -19.5514) -> [ 140 (23.2301, -20.6802); 248 (23.4871, -20.7481); ]
    2193 (3.27774, 17.8503) -> [ ]
    2195 (23.2896, 21.2086) -> [ ]
    2196 (13.3744, 9.92366) -> [ ]
    2197 (3.53032, -17.4051) -> [ 475 (3.20533, -18.7526); 1531 (3.90684, -18.8755); 2084 (3.52235, -19.1537); 2779 (3.45986, -19.3874); ]
    2198 (11.7346, 18.4909) -> [ ]
    2200 (9.58239, 3.41409) -> [ 151 (9.66874, 2.26281); 1433 (10.8039, 2.38766); 2785 (10.2856, 2.42002); 3054 (10.412, 2.42398); ]
    2201 (0.966777, -0.0814233) -> [ 459 (0.67634, -0.887711); 759 (1.44533, -2.02159); 1390 (1.20692, -1.08781); 2847 (0.877806, -1.73531); 3098 (0.434868, -1.48995); 3117 (1.48211, -1.47099); 3197 (1.53342, -1.52971); 3595 (0.382753, -1.38333); 3627 (1.33318, -1.1147); ]
    2203 (21.591, -10.7677) -> [ 1126 (22.5258, -12.0356); 1240 (22.302, -12.1446); 2174 (22.7755, -12.2448); 4822 (22.3653, -12.1006); ]
    2204 (2.23018, 5.01907) -> [ 381 (2.71234, 3.38742); ]
    2205 (0.193161, -20.7405) -> [ ]
    2206 (15.102, 16.6389) -> [ 3218 (16.4478, 16.3966); ]
    2209 (14.5147, 24.7053) -> [ ]
    2210 (12.5756, 16.9989) -> [ 213 (13.7225, 16.8688); 541 (13.3669, 15.7389); 617 (13.8479, 15.5381); 2137 (13.8745, 15.9689); ]
    2211 (15.7209, 10.9884) -> [ ]
    2212 (11.4731, -3.27825) -> [ 4182 (12.3984, -4.45672); ]
    2214 (12.1936, -2.89921) -> [ ]
    2215 (1.47283, -23.5251) -> [ ]
    2216 (4.45721, -7.19441) -> [ 1049 (4.59336, -8.43076); 2671 (4.42037, -8.52485); ]
    2218 (2.76852, -20.3497) -> [ 2428 (3.13662, -21.8696); ]
    2219 (3.7942, 11.802) -> [ ]
    2220 (7.84075, -6.03225) -> [ 298 (7.72007, -7.50555); ]
    2221 (1.92624, -10.3644) -> [ ]
    2222 (10.394, -20.2466) -> [ 2594 (10.7163, -22.0207); 2999 (11.092, -22.01); ]
    2223 (21.2302, 8.04823) -> [ ]
    2224 (22.9199, 7.70723) -> [ ]
    2226 (16.165, -9.71473) -> [ ]
    2227 (1.98789, 11.4755) -> [ 1203 (2.52976, 9.62446); ]
    2228 (6.2165, -4.25371) -> [ 3720 (6.82488, -5.50395); 4189 (6.9466, -5.36667); ]
    2229 (10.2691, 19.9389) -> [ ]
    2230 (1.23635, 20.6371) -> [ 408 (1.84974, 21.5115); ]
    2231 (22.6638, -8.49772) -> [ ]
    2232 (9.03942, -8.9811) -> [ ]
    2233 (15.6224, -0.936405) -> [ 158 (17.3845, -1.70953); ]
    2234 (4.99497, -12.1074) -> [ ]
    2235 (12.3941, -14.3308) -> [ 187 (12.6131, -16.3143); ]
    2237 (19.1985, 4.08072) -> [ ]
    2238 (23.3942, -17.7368) -> [ 305 (24.1523, -18.9347); 464 (24.0496, -18.9002); 783 (24.3583, -18.586); 1309 (24.3003, -18.7); 2361 (24.5864, -18.5922); 4846 (24.3108, -18.7835); ]
    2239 (7.15349, -16.9568) -> [ ]
    2242 (19.2503, 6.28629) -> [ ]
    2243 (6.5561, -21.241) -> [ 4078 (6.77704, -22.8027); 4765 (6.82005, -23.2056); ]
    2244 (17.4432, -16.3953) -> [ 4942 (18.1879, -17.1226); ]
    2245 (5.45781, 11.5892) -> [ 2633 (6.96451, 10.3984); ]
    2247 (12.5926, 21.4441) -> [ ]
    2248 (1.2992, -8.07962) -> [ ]
    2249 (4.31345, 22.3624) -> [ 1132 (4.92044, 23.7513); ]
    2250 (4.81397, 5.53536) -> [ 864 (5.20013, 3.78777); 4023 (5.93666, 3.88205); ]
    2251 (4.90613, 8.9234) -> [ 2164 (5.98576, 7.85585); 2485 (6.05827, 7.77856); ]
    2252 (7.54775, -15.3008) -> [ ]
    2253 (2.23144, -14.3268) -> [ ]
    2254 (1.89743, -2.20751) -> [ 2685 (2.11139, -3.77373); ]
    2255 (4.04469, 14.8393) -> [ 3702 (5.54816, 15.3572); ]
    2256 (21.5279, -14.2716) -> [ ]
    2257 (11.4457, -11.0381) -> [ ]
    2258 (7.53578, 17.7758) -> [ 2354 (9.1032, 18.5082); ]
    2259 (19.559, 24.4002) -> [ 510 (21.0877, 24.8571); ]
    2260 (10.2849, -17.2935) -> [ ]
    2261 (12.1802, -8.89931) -> [ ]
    2262 (17.926, 17.4624) -> [ 476 (19.8496, 17.7188); 1213 (18.6927, 17.2807); ]
    2264 (23.4997, -0.842832) -> [ ]
    2265 (1.72882, 19.2805) -> [ 4308 (1.73181, 20.9181); ]
    2266 (16.4388, 2.20146) -> [ ]
    2267 (22.9204, 2.88262) -> [ ]
    2268 (20.1095, -1.5923) -> [ ]
    2269 (17.4935, -21.381) -> [ ]
    2270 (24.1652, 4.82396) -> [ ]
    2272 (6.26512, -2.52155) -> [ ]
    2273 (13.4627, -22.2826) -> [ ]
    2274 (16.3198, -21.9594) -> [ 4304 (16.5627, -23.5278); ]
    2275 (4.64034, -16.5664) -> [ ]
    2276 (15.042, -14.3196) -> [ ]
    2277 (22.066, -7.10399) -> [ ]
    2278 (1.62886, -20.8898) -> [ ]
    2279 (18.1105, -7.44424) -> [ 3755 (18.6743, -8.86082); 4929 (19.0743, -8.20448); ]
    2280 (22.4575, -19.1759) -> [ ]
    2281 (21.737, -1.12593) -> [ ]
    2282 (2.11675, 8.9889) -> [ 801 (2.48974, 7.66855); 929 (2.50133, 7.31374); 1527 (2.42537, 7.61614); ]
    2283 (1.24414, 4.10469) -> [ 1170 (1.26076, 3.06806); ]
    2284 (7.92288, -6.0674) -> [ 4009 (8.13967, -7.3532); ]
    2285 (4.183, 18.8349) -> [ 259 (5.68413, 19.9642); 474 (5.18878, 19.8681); ]
    2286 (6.45667, 15.0795) -> [ 551 (7.25866, 15.0858); 855 (7.42349, 15.1208); 903 (7.35326, 14.9398); 2271 (7.53222, 14.8713); 2894 (7.81685, 15.382); 3052 (7.41595, 15.2555); 4291 (7.43382, 15.1198); 4835 (8.10677, 15.3245); ]
    2287 (23.2462, -3.57491) -> [ ]
    2288 (1.93518, -0.965117) -> [ ]
    2289 (4.88006, -19.0864) -> [ ]
    2291 (3.00296, 21.0546) -> [ ]
    2292 (15.1993, -22.9853) -> [ ]
    2293 (16.3487, -10.7662) -> [ 956 (17.1244, -11.9761); ]
    2294 (13.9218, 17.1369) -> [ ]
    2295 (5.78595, -23.9837) -> [ ]
    2296 (17.0089, -1.01132) -> [ ]
    2297 (20.2359, -11.4019) -> [ ]
    2298 (15.1788, -10.1408) -> [ ]
    2299 (3.6092, -12.7063) -> [ ]
    2300 (5.03444, -4.30351) -> [ ]
    2301 (19.8244, -2.25836) -> [ 4273 (20.7309, -3.25132); ]
    2303 (9.36928, 8.93547) -> [ 295 (11.3164, 8.84099); ]
    2304 (1.6117, -7.93069) -> [ ]
    2305 (20.8792, 3.40171) -> [ ]
    2307 (14.4759, -3.16025) -> [ ]
    2308 (21.3707, 1.69323) -> [ ]
    2309 (2.27289, -7.95389) -> [ ]
    2310 (20.0313, 16.8141) -> [ 117 (21.9798, 16.4903); ]
    2311 (14.523, -3.28951) -> [ ]
    2312 (15.7142, -22.7585) -> [ ]
    2313 (14.3255, 21.3902) -> [ 3248 (15.9748, 22.4117); ]
    2314 (13.8433, -16.0032) -> [ 4271 (14.2525, -16.8287); ]
    2315 (18.6791, -17.0082) -> [ ]
    2318 (17.1408, 20.2277) -> [ ]
    2320 (4.88694, -11.9941) -> [ ]
    2321 (0.499572, 19.907) -> [ 1999 (0.300745, 21.127); ]
    2322 (11.021, 19.5158) -> [ ]
    2323 (7.7262, -13.5843) -> [ ]
    2324 (19.9503, 0.534372) -> [ ]
    2325 (8.87524, -21.6785) -> [ 4649 (9.30053, -23.5694); ]
    2326 (21.8552, 6.15203) -> [ ]
    2327 (7.15177, 11.2355) -> [ ]
    2328 (22.2532, -5.84717) -> [ ]
    2329 (1.09674, -6.47849) -> [ 644 (1.2784, -7.89405); 1191 (1.37259, -8.16483); 2248 (1.2992, -8.07962); 2993 (1.37132, -7.72838); 4680 (0.813409, -7.58843); ]
    2330 (15.8414, -11.6538) -> [ ]
    2331 (24.6642, -23.6572) -> [ ]
    2332 (5.6218, 1.92432) -> [ 1666 (6.57159, 0.758391); 2070 (5.61609, 0.223613); 2623 (6.82346, 0.441173); 4278 (5.65875, 0.524172); ]
    2333 (12.1309, 24.5546) -> [ ]
    2334 (16.2279, -23.3347) -> [ ]
    2335 (2.71992, 9.20205) -> [ 1474 (3.86044, 7.99856); 1923 (3.75679, 7.85731); 2026 (3.85064, 8.02855); 2971 (3.69856, 7.86901); 3770 (3.64678, 7.92496); ]
    2336 (4.78077, -8.02946) -> [ ]
    2337 (7.35484, -11.2478) -> [ 3731 (8.05164, -12.1218); ]
    2338 (2.36033, -5.66983) -> [ 977 (2.76509, -7.50231); 3047 (2.75985, -7.36825); ]
    2339 (19.9104, -12.543) -> [ ]
    2340 (20.6762, -7.82909) -> [ ]
    2341 (7.63647, -11.851) -> [ ]
    2342 (21.6793, 22.9219) -> [ ]
    2343 (4.83548, -16.9768) -> [ ]
    2344 (8.30324, -23.3412) -> [ ]
    2345 (23.9948, -10.1756) -> [ ]
    2346 (2.84199, 4.35971) -> [ 803 (3.27502, 2.98291); 1041 (3.18299, 2.69167); 4939 (3.46332, 2.49528); ]
    2347 (17.9811, -6.30297) -> [ 169 (18.6287, -8.08187); 4998 (19.4185, -7.18329); ]
    2348 (9.85012, -18.2771) -> [ ]
    2349 (14.4819, 22.0944) -> [ 1004 (16.111, 22.6807); ]
    2350 (6.23329, -12.601) -> [ ]
    2351 (9.62079, -18.8811) -> [ ]
    2352 (1.32496, 0.961294) -> [ 1721 (0.318323, -0.424719); ]
    2353 (2.07894, 21.3767) -> [ ]
    2354 (9.1032, 18.5082) -> [ 4354 (10.6065, 19.6931); 4947 (10.5312, 19.2752); ]
    2355 (0.0994661, -11.7601) -> [ 4621 (0.20012, -13.4879); ]
    2356 (10.7097, -21.9626) -> [ ]
    2358 (7.57918, 22.7086) -> [ 3344 (8.34014, 23.1545); 4141 (8.38778, 23.4847); ]
    2359 (16.5298, -13.4516) -> [ 1639 (17.2874, -14.7609); ]
    2360 (18.5619, -7.10691) -> [ 743 (19.5803, -8.25757); ]
    2362 (15.0745, 12.7119) -> [ ]
    2363 (13.1909, -18.9843) -> [ ]
    2364 (3.79052, -9.68684) -> [ ]
    2365 (1.29897, 0.447401) -> [ 4597 (1.7908, -0.81154); ]
    2366 (6.73202, 18.267) -> [ 2431 (8.67605, 18.3992); 4195 (8.64596, 18.5335); ]
    2368 (23.0808, -8.91599) -> [ 4870 (24.4439, -10.262); ]
    2369 (6.1789, -8.83734) -> [ ]
    2370 (1.17444, -16.6799) -> [ 4770 (1.28257, -18.3391); ]
    2371 (20.1781, -16.8288) -> [ 601 (20.6747, -17.6275); 2953 (20.7179, -18.2252); ]
    2372 (11.3412, -6.88991) -> [ 3051 (11.9797, -8.19007); 4465 (12.0781, -7.42671); ]
    2373 (8.72294, -10.6854) -> [ ]
    2374 (22.8476, -18.8686) -> [ ]
    2375 (6.67172, 18.6689) -> [ ]
    2376 (6.90777, 16.7041) -> [ ]
    2378 (17.5635, -9.94935) -> [ ]
    2381 (9.5595, -16.948) -> [ ]
    2382 (7.79855, -9.6933) -> [ 4464 (8.36445, -10.8885); ]
    2383 (21.3686, -21.2186) -> [ ]
    2384 (17.3587, 20.3981) -> [ ]
    2387 (12.3513, 17.4868) -> [ 2294 (13.9218, 17.1369); 3352 (14.2633, 17.9986); 4488 (13.8957, 17.4037); 4614 (14.204, 18.2181); ]
    2388 (4.57024, 17.5061) -> [ 2836 (5.73943, 18.6084); 3044 (5.87914, 18.8272); 3791 (5.4977, 18.7678); 3868 (6.42606, 17.9944); ]
    2389 (10.5436, -17.6384) -> [ 4474 (11.0985, -18.4325); ]
    2390 (4.32851, 4.63187) -> [ ]
    2391 (0.29278, -5.69465) -> [ ]
    2392 (3.88169, 15.3995) -> [ ]
    2393 (1.62482, -6.53741) -> [ ]
    2394 (21.477, 17.1369) -> [ 3033 (23.2312, 17.3075); ]
    2395 (14.1433, 1.54712) -> [ ]
    2396 (21.5151, -20.4219) -> [ ]
    2397 (18.321, -13.8707) -> [ ]
    2398 (14.0096, 8.40583) -> [ 41 (15.4426, 8.15447); 500 (15.0306, 8.34198); 1430 (15.6413, 7.91868); 1537 (15.9951, 8.29019); 1737 (15.3315, 7.6837); 1811 (15.3554, 8.03365); 1845 (15.2952, 8.00692); 2511 (15.5746, 7.99741); 3087 (15.8534, 7.92163); 4010 (15.7939, 8.36158); ]
    2399 (20.3619, -4.76253) -> [ ]
    2400 (14.8663, -0.539247) -> [ ]
    2401 (7.91756, 8.00651) -> [ 4223 (9.43664, 7.30399); ]
    2402 (22.6148, 7.86248) -> [ ]
    2404 (2.14508, -2.45477) -> [ ]
    2405 (20.0877, 11.3594) -> [ ]
    2406 (13.0522, -0.368953) -> [ ]
    2407 (1.08517, -21.277) -> [ 618 (1.05242, -22.8891); 1953 (1.70445, -22.6961); 2777 (1.31483, -22.658); 2811 (1.27108, -22.7902); 4132 (1.05483, -22.4611); ]
    2408 (23.9152, -12.1093) -> [ ]
    2409 (0.83685, -10.3119) -> [ ]
    2410 (4.53184, -19.5579) -> [ ]
    2411 (0.357052, -13.7023) -> [ ]
    2412 (20.0207, -17.896) -> [ 150 (20.8576, -18.8245); 1262 (20.4133, -18.9558); ]
    2413 (19.4678, -15.4498) -> [ ]
    2415 (19.4424, -7.20378) -> [ 483 (21.1337, -8.15603); 2340 (20.6762, -7.82909); ]
    2416 (19.634, -11.4196) -> [ ]
    2418 (21.7377, -18.2417) -> [ 1308 (22.741, -19.8789); ]
    2419 (5.48064, -14.2739) -> [ ]
    2420 (9.80475, 2.41085) -> [ 3287 (10.3174, 0.836643); 4412 (10.944, 1.38268); 4609 (10.4337, 0.762251); 4699 (9.94251, 0.967905); ]
    2421 (15.0532, 17.0429) -> [ 1720 (15.9133, 16.9261); 3844 (16.3405, 17.1087); 4932 (15.8723, 17.0592); ]
    2422 (4.84062, -18.9011) -> [ ]
    2423 (19.5398, 24.1456) -> [ 3984 (20.93, 24.4585); ]
    2424 (3.38839, -20.6899) -> [ 2584 (2.9312, -22.2972); ]
    2425 (8.77359, -18.4982) -> [ ]
    2426 (2.67653, 1.78001) -> [ 4126 (2.91051, -0.0550291); ]
    2427 (13.6449, 3.31707) -> [ 3055 (14.7539, 2.25132); 3090 (15.1635, 2.30279); ]
    2428 (3.13662, -21.8696) -> [ ]
    2429 (11.6126, -3.28945) -> [ ]
    2430 (5.95999, 17.687) -> [ 3894 (7.56515, 18.7013); 4922 (7.89362, 17.855); ]
    2431 (8.67605, 18.3992) -> [ ]
    2433 (13.5891, -7.13561) -> [ ]
    2434 (5.00614, -6.2963) -> [ 337 (5.17126, -7.88123); 2050 (5.58846, -8.13421); 3514 (5.1882, -7.14717); ]
    2436 (12.7735, 23.9434) -> [ ]
    2437 (6.53696, 8.85642) -> [ 987 (7.2357, 7.09748); 1243 (7.53965, 7.65427); 2401 (7.91756, 8.00651); 2530 (7.51863, 7.24132); 2674 (7.6493, 7.58811); 2735 (7.37332, 7.17153); 3718 (8.00457, 7.94573); ]
    2438 (8.74738, 18.7883) -> [ 1288 (10.4347, 19.5091); 2229 (10.2691, 19.9389); ]
    2439 (16.8487, 12.7454) -> [ ]
    2441 (22.3233, -7.32083) -> [ ]
    2442 (13.1096, 5.72724) -> [ ]
    2443 (1.88338, -14.27) -> [ ]
    2444 (9.44213, 22.7932) -> [ ]
    2445 (14.456, 20.028) -> [ 1478 (16.0361, 20.65); 2116 (15.7541, 20.1505); 2568 (15.5531, 20.4152); ]
    2446 (4.93035, 17.7493) -> [ 1100 (5.63901, 19.1925); 1530 (6.5219, 18.625); 2375 (6.67172, 18.6689); 3260 (6.474, 18.3087); 3409 (5.93898, 19.2327); 4965 (6.46091, 18.9024); ]
    2448 (19.4309, 9.72102) -> [ ]
    2449 (9.44601, -1.28919) -> [ 3596 (10.7271, -2.45828); 4860 (10.11, -3.16962); 4949 (10.3755, -2.40615); ]
    2450 (19.2908, -12.3949) -> [ ]
    2452 (13.466, -19.7116) -> [ ]
    2453 (11.989, -13.8925) -> [ ]
    2454 (5.00087, -13.8441) -> [ ]
    2455 (15.048, -17.5449) -> [ 3171 (15.8063, -19.3299); 3611 (15.478, -19.2294); ]
    2456 (15.1903, -14.4967) -> [ ]
    2457 (11.9656, -22.9065) -> [ ]
    2458 (8.07883, -1.54891) -> [ ]
    2459 (23.9451, 5.8978) -> [ ]
    2460 (1.40041, -12.4249) -> [ 1621 (1.0891, -13.5282); 2001 (1.55522, -13.6677); 3733 (1.50499, -13.6469); ]
    2461 (17.0493, 19.8637) -> [ 2891 (18.4737, 20.5124); ]
    2462 (14.3771, 7.39661) -> [ ]
    2463 (23.4171, 22.8072) -> [ 4245 (23.9589, 22.9548); ]
    2464 (2.4812, 12.6154) -> [ 2219 (3.7942, 11.802); ]
    2465 (20.2008, 19.8218) -> [ 453 (20.9478, 19.7255); ]
    2466 (13.8596, -1.74142) -> [ ]
    2467 (20.7299, 7.91461) -> [ ]
    2468 (15.1863, -17.9509) -> [ 3362 (15.1679, -19.5063); 4743 (15.431, -19.2679); ]
    2469 (22.4819, -7.55872) -> [ ]
    2470 (1.58042, 12.0103) -> [ ]
    2471 (12.5938, -18.2337) -> [ ]
    2472 (7.08363, -4.85086) -> [ ]
    2473 (7.44041, -24.4059) -> [ ]
    2474 (21.9307, -18.2708) -> [ ]
    2475 (2.43107, -12.9559) -> [ 1960 (2.89315, -14.8053); 2253 (2.23144, -14.3268); 2665 (2.04034, -13.9684); 3750 (2.24876, -14.5243); ]
    2476 (17.4848, 19.3967) -> [ ]
    2477 (5.16158, -4.93878) -> [ ]
    2479 (17.3337, 23.3073) -> [ ]
    2480 (8.65611, 24.4641) -> [ ]
    2481 (21.7653, 19.6888) -> [ ]
    2482 (21.472, -18.026) -> [ 2192 (22.6758, -19.5514); 2280 (22.4575, -19.1759); ]
    2483 (8.00614, -18.9029) -> [ 114 (7.95372, -20.0503); ]
    2484 (2.78446, 16.4387) -> [ ]
    2485 (6.05827, 7.77856) -> [ 3967 (7.13273, 6.63873); ]
    2486 (10.9793, -16.1987) -> [ 3095 (12.1482, -17.7506); 3253 (11.6937, -17.917); 3325 (11.8901, -17.7238); ]
    2488 (5.20024, 4.48873) -> [ 1350 (6.00813, 3.51855); 1388 (5.79313, 2.72273); 1997 (6.20176, 2.99348); 2757 (5.60931, 2.89787); 2838 (6.21485, 2.85015); ]
    2489 (22.8725, -18.294) -> [ 1251 (23.8277, -19.169); 4490 (24.1492, -19.439); ]
    2490 (23.2191, -13.8592) -> [ ]
    2491 (12.1919, -12.5128) -> [ ]
    2492 (0.411788, -8.08828) -> [ ]
    2494 (18.3069, 14.5292) -> [ ]
    2495 (4.13818, 1.11733) -> [ 1946 (4.41626, -0.234069); 3328 (4.18811, 0.0677845); 4487 (4.42418, -0.298307); ]
    2496 (6.71559, -9.06425) -> [ 918 (6.73565, -9.9167); 1407 (6.9146, -10.1679); ]
    2497 (19.5659, 15.3008) -> [ 4099 (21.3779, 14.7259); ]
    2498 (2.08274, -15.5987) -> [ 491 (2.14848, -17.0357); 1267 (2.18007, -17.1966); ]
    2499 (8.6432, 8.6204) -> [ 650 (10.3594, 7.81382); 4700 (10.3804, 8.10282); ]
    2501 (15.5705, -6.15652) -> [ ]
    2503 (7.61813, 1.50357) -> [ ]
    2504 (13.9091, -7.41546) -> [ ]
    2505 (21.0441, 8.9855) -> [ 1236 (22.7534, 9.50241); ]
    2506 (4.89897, 0.0792116) -> [ ]
    2507 (9.15826, -10.6185) -> [ ]
    2508 (16.1491, 19.5094) -> [ 733 (17.8178, 19.5758); 2476 (17.4848, 19.3967); ]
    2509 (6.29071, -23.0601) -> [ 3283 (6.21393, -23.673); ]
    2510 (7.6126, -24.4088) -> [ ]
    2512 (16.4228, 23.0961) -> [ 3265 (18.003, 23.7845); ]
    2513 (16.5353, -13.7337) -> [ ]
    2514 (12.4053, 6.97863) -> [ 4264 (14.2504, 6.34662); ]
    2515 (2.1198, 3.55209) -> [ 1034 (1.68739, 2.22901); 1393 (2.04211, 2.80844); 1442 (2.28794, 2.19238); 1469 (2.43109, 2.6752); 1611 (1.95751, 1.96052); 1733 (2.30296, 2.10373); ]
    2516 (4.58748, -7.53692) -> [ 540 (4.24942, -9.42138); 3263 (4.59655, -8.80086); 4116 (5.03715, -8.98799); ]
    2517 (20.7292, -19.7286) -> [ 88 (21.2302, -20.6642); ]
    2518 (7.44446, -1.86581) -> [ ]
    2519 (23.5845, -0.937633) -> [ ]
    2520 (14.7115, 3.04817) -> [ ]
    2522 (5.8988, -21.3993) -> [ ]
    2524 (19.597, 2.97844) -> [ ]
    2526 (17.4608, -23.8034) -> [ ]
    2527 (11.8711, -19.8639) -> [ 3978 (12.4741, -21.4655); ]
    2528 (9.31395, -9.21189) -> [ 3726 (9.44808, -10.8594); ]
    2530 (7.51863, 7.24132) -> [ ]
    2533 (2.22126, -0.784973) -> [ ]
    2534 (1.35359, 13.9989) -> [ 1370 (1.2736, 12.6263); 1689 (2.69753, 12.7389); 2068 (1.91292, 12.8089); 2464 (2.4812, 12.6154); 2942 (2.11336, 13.2209); 4919 (2.05369, 13.0155); ]
    2536 (12.0447, -17.3932) -> [ ]
    2537 (14.7357, 19.2493) -> [ 719 (15.9555, 20.1558); 2117 (15.9976, 19.965); ]
    2539 (14.4242, -15.4431) -> [ ]
    2540 (0.863366, -22.1552) -> [ ]
    2541 (2.22132, 0.963911) -> [ 2143 (2.13128, -0.35191); ]
    2542 (17.0361, 5.76069) -> [ 3412 (18.3444, 5.83294); ]
    2545 (11.6983, -16.8808) -> [ 3113 (12.2542, -18.5006); ]
    2546 (20.2849, 10.6519) -> [ ]
    2548 (5.69234, -4.39666) -> [ 4279 (6.05282, -5.71195); ]
    2549 (8.68529, -21.2198) -> [ ]
    2550 (23.4239, 8.71723) -> [ 4467 (24.8058, 8.99578); ]
    2551 (16.5462, 7.51025) -> [ 4638 (18.366, 7.81344); ]
    2552 (5.90312, 17.0579) -> [ 59 (7.43177, 17.8028); 2258 (7.53578, 17.7758); 4971 (7.62305, 17.5989); ]
    2553 (15.0831, 9.07586) -> [ ]
    2554 (16.5326, 2.51275) -> [ ]
    2555 (6.69591, -6.8386) -> [ 3586 (7.05997, -8.31563); ]
    2556 (3.44465, 11.7828) -> [ 3 (5.06823, 10.9605); 2642 (4.73209, 11.2308); ]
    2557 (23.8624, -2.0947) -> [ ]
    2559 (2.06788, 22.5911) -> [ ]
    2560 (0.188424, -1.93118) -> [ ]
    2561 (19.2603, -12.4967) -> [ ]
    2562 (3.53629, 21.7054) -> [ 1633 (4.11086, 23.1467); 3636 (4.24678, 23.3238); ]
    2563 (16.1362, 6.94193) -> [ ]
    2564 (16.9083, -4.42917) -> [ 667 (17.6633, -5.04155); 916 (18.366, -5.77842); ]
    2565 (18.3694, 10.7544) -> [ 1590 (19.9773, 11.8195); ]
    2566 (22.8709, 3.92792) -> [ ]
    2567 (5.71633, 4.90515) -> [ 1070 (6.56245, 3.9534); 1148 (6.83674, 3.82852); ]
    2568 (15.5531, 20.4152) -> [ ]
    2569 (24.0331, -9.86389) -> [ ]
    2570 (18.0766, 2.3368) -> [ ]
    2571 (0.469067, 6.22486) -> [ ]
    2573 (18.3969, -22.7552) -> [ 1392 (18.7042, -23.8963); ]
    2574 (10.6455, 8.16548) -> [ 219 (12.1377, 7.15406); 3360 (12.1997, 7.91921); ]
    2575 (13.5045, -1.31062) -> [ 611 (14.1317, -2.49398); 3252 (14.5945, -1.89555); ]
    2576 (7.94143, 6.1348) -> [ 573 (9.50144, 5.42247); 2072 (9.17418, 5.92355); 4470 (9.65392, 5.37645); 4901 (9.35499, 4.97774); ]
    2577 (9.6185, -5.93695) -> [ 3295 (9.88106, -7.0828); ]
    2578 (3.55155, -7.49777) -> [ 4632 (3.48846, -9.10213); ]
    2579 (13.006, 19.2165) -> [ ]
    2580 (2.19071, -13.5545) -> [ ]
    2581 (14.8415, 16.4208) -> [ 4742 (16.2018, 15.913); ]
    2582 (22.781, -8.05986) -> [ ]
    2583 (0.506413, 7.06459) -> [ 188 (0.537301, 5.42049); ]
    2584 (2.9312, -22.2972) -> [ ]
    2585 (7.06179, 21.605) -> [ 433 (8.58394, 22.7598); 3604 (8.67661, 22.7291); ]
    2586 (2.03284, 2.24625) -> [ 4536 (2.69938, 0.915194); ]
    2587 (8.65171, -18.9658) -> [ 3067 (8.48071, -20.6342); ]
    2588 (21.9068, 12.9703) -> [ 4678 (23.6165, 13.6428); ]
    2592 (19.6651, 20.7531) -> [ 1079 (20.7493, 20.8459); ]
    2593 (15.8456, 23.3271) -> [ ]
    2595 (5.13339, -24.3257) -> [ ]
    2596 (22.1997, 21.7554) -> [ ]
    2598 (22.9775, -15.3744) -> [ 653 (23.9942, -16.3591); ]
    2599 (7.13784, 2.14245) -> [ ]
    2600 (20.9149, -10.5843) -> [ 944 (21.3628, -12.1232); ]
    2601 (14.8237, -5.63791) -> [ 4306 (15.5974, -7.21601); ]
    2602 (4.57873, 12.5402) -> [ 336 (5.86082, 12.3084); 441 (6.47702, 12.9512); 865 (6.04494, 11.7144); 884 (5.89594, 12.6053); 4495 (6.00013, 12.2725); ]
    2603 (14.9105, -13.0553) -> [ ]
    2604 (14.9901, 24.355) -> [ 915 (15.9175, 24.832); 2700 (15.8709, 24.7918); ]
    2605 (20.1016, -15.8009) -> [ 925 (21.0064, -17.0951); 1728 (21.1595, -17.3415); 4211 (20.5914, -16.9243); ]
    2606 (10.9734, 20.7642) -> [ 1505 (12.474, 22.0205); 3840 (12.209, 22.1036); ]
    2608 (7.77391, 0.663202) -> [ ]
    2609 (21.2532, 15.678) -> [ ]
    2610 (23.1932, 7.71079) -> [ 4466 (24.869, 7.89657); ]
    2611 (15.9376, -20.3055) -> [ 301 (16.2874, -21.6441); 2274 (16.3198, -21.9594); ]
    2612 (17.0407, -17.6624) -> [ ]
    2613 (4.82009, -14.159) -> [ 3539 (5.18515, -15.1691); 3664 (4.87044, -15.8335); ]
    2614 (4.08111, 3.16477) -> [ ]
    2615 (5.97611, 2.81087) -> [ ]
    2616 (3.89449, -22.6435) -> [ 4479 (4.44788, -24.3894); ]
    2617 (14.9299, -14.5775) -> [ 4299 (15.1118, -15.9515); ]
    2620 (9.95253, -5.43756) -> [ ]
    2621 (19.3671, 0.532448) -> [ 506 (20.8373, -0.482268); ]
    2622 (6.47037, 14.5821) -> [ 3541 (7.84646, 14.4779); ]
    2623 (6.82346, 0.441173) -> [ 685 (7.89159, -1.13662); ]
    2624 (18.7154, -3.38648) -> [ ]
    2625 (3.69579, 4.63485) -> [ 1137 (3.70968, 3.55067); 2614 (4.08111, 3.16477); 3773 (4.02976, 3.3257); 4079 (4.22988, 2.73198); ]
    2626 (8.71368, -21.9025) -> [ 2344 (8.30324, -23.3412); 3963 (8.79025, -23.841); ]
    2629 (20.8787, -5.90282) -> [ ]
    2631 (3.78656, -23.25) -> [ ]
    2633 (6.96451, 10.3984) -> [ 273 (8.4823, 9.61271); 4491 (8.82978, 10.2008); ]
    2635 (21.4517, -16.5615) -> [ ]
    2636 (24.0613, -11.9431) -> [ ]
    2637 (18.541, 11.8979) -> [ ]
    2638 (3.55986, 16.407) -> [ 494 (4.34964, 17.4156); 1190 (4.7402, 16.667); 1602 (5.09666, 17.4312); 2388 (4.57024, 17.5061); 2446 (4.93035, 17.7493); 2771 (4.35669, 17.2912); 3161 (4.8442, 16.6715); ]
    2640 (13.2911, -10.6838) -> [ 303 (13.7537, -11.6143); ]
    2641 (22.8951, -22.1034) -> [ ]
    2642 (4.73209, 11.2308) -> [ ]
    2643 (13.7918, -4.89307) -> [ ]
    2644 (18.097, 8.7244) -> [ ]
    2645 (22.5114, -5.27219) -> [ ]
    2646 (0.527933, -5.84358) -> [ ]
    2647 (5.08286, -17.9544) -> [ ]
    2648 (22.0367, -15.2819) -> [ 265 (23.3914, -16.5398); ]
    2650 (17.8185, -13.5639) -> [ ]
    2651 (7.14854, 23.2643) -> [ ]
    2654 (17.7311, 23.1264) -> [ 2807 (18.078, 23.2551); ]
    2655 (23.1117, -16.9261) -> [ ]
    2656 (19.0165, -2.48974) -> [ ]
    2657 (6.90154, -10.045) -> [ ]
    2658 (7.14603, 19.033) -> [ ]
    2659 (18.3848, 6.82521) -> [ 823 (19.7414, 7.14473); ]
    2660 (4.56457, -4.97778) -> [ ]
    2662 (16.6095, 4.58903) -> [ ]
    2663 (6.89898, -6.08306) -> [ 4834 (7.54053, -7.29475); ]
    2666 (19.0405, 18.7872) -> [ ]
    2667 (17.8991, -6.20004) -> [ 238 (19.1822, -7.18494); 943 (18.9791, -7.02881); 4596 (18.3795, -8.09927); ]
    2668 (13.2083, -1.26768) -> [ 2139 (14.039, -2.26569); 2466 (13.8596, -1.74142); 2970 (13.9609, -1.8713); 3524 (14.4427, -2.7611); ]
    2670 (19.0931, 11.2176) -> [ 4852 (20.8215, 11.7723); 4895 (20.9397, 11.8837); ]
    2671 (4.42037, -8.52485) -> [ ]
    2672 (10.6817, 20.2313) -> [ ]
    2673 (5.73061, -22.9854) -> [ ]
    2674 (7.6493, 7.58811) -> [ 1322 (8.9348, 7.57602); ]
    2675 (18.7881, -3.24119) -> [ ]
    2676 (3.23469, 12.776) -> [ 2 (4.08778, 12.7037); 1356 (4.40595, 11.9733); 2602 (4.57873, 12.5402); 3561 (4.09292, 12.3342); 4163 (4.09726, 12.886); ]
    2677 (2.10306, -6.91226) -> [ 479 (2.20826, -8.88276); 731 (2.3951, -8.31465); 2309 (2.27289, -7.95389); ]
    2680 (24.2231, -16.4063) -> [ ]
    2681 (5.09211, 22.1431) -> [ 4168 (6.35655, 23.4816); ]
    2682 (23.4534, 13.7152) -> [ ]
    2683 (23.4397, -8.51896) -> [ ]
    2684 (13.2984, -13.3639) -> [ ]
    2685 (2.11139, -3.77373) -> [ 1380 (2.90263, -5.25842); 1651 (1.79917, -5.10338); ]
    2687 (0.720198, 10.7456) -> [ 3634 (0.00999175, 8.90237); ]
    2688 (12.7478, -19.1617) -> [ 1501 (12.9562, -19.8367); ]
    2689 (23.5444, -23.9249) -> [ ]
    2690 (11.4913, 8.94616) -> [ 229 (13.2949, 9.79966); 4976 (12.7521, 10.3486); ]
    2691 (14.4198, 22.1338) -> [ 1241 (16.0941, 23.1253); ]
    2692 (20.939, -4.95284) -> [ 4337 (22.284, -5.57258); ]
    2694 (15.2287, -4.76196) -> [ ]
    2695 (19.9092, 10.6571) -> [ 401 (20.852, 11.1664); 534 (20.6987, 11.4847); ]
    2696 (8.23403, -22.1623) -> [ ]
    2698 (15.0321, -18.7031) -> [ ]
    2699 (10.9964, -8.4045) -> [ ]
    2701 (7.15203, -17.892) -> [ ]
    2702 (24.5115, -22.7048) -> [ ]
    2703 (5.84766, -0.889301) -> [ ]
    2704 (22.5857, 11.7871) -> [ 4719 (24.5101, 12.3044); 4721 (24.4162, 12.4258); ]
    2706 (17.2663, 0.0150488) -> [ 407 (18.1235, -0.505897); ]
    2707 (17.7125, -5.18827) -> [ 1757 (18.3743, -6.35921); 4042 (19.1941, -6.3548); ]
    2708 (14.9502, -1.77544) -> [ ]
    2709 (15.9066, -19.0873) -> [ ]
    2710 (16.4222, -5.88235) -> [ ]
    2712 (12.0729, -13.8357) -> [ ]
    2713 (18.4216, -1.83038) -> [ 639 (20.0099, -2.23325); ]
    2714 (2.07297, 5.05116) -> [ 1457 (2.23293, 3.59388); 2010 (2.18863, 3.26438); 2515 (2.1198, 3.55209); ]
    2715 (23.0427, 21.4174) -> [ ]
    2716 (8.8595, 2.71054) -> [ 926 (9.97731, 1.32928); 1711 (10.215, 1.94302); 4372 (10.2749, 2.12871); ]
    2717 (4.03472, 17.3843) -> [ ]
    2718 (7.57239, -23.2758) -> [ ]
    2719 (13.1423, 1.68947) -> [ 900 (14.8806, 0.966582); 1634 (14.8954, 0.856185); ]
    2720 (17.6906, -7.59899) -> [ 3637 (18.0411, -9.09735); ]
    2721 (11.7561, -12.2664) -> [ ]
    2722 (1.40676, 7.84317) -> [ 124 (1.49085, 6.01571); 1943 (0.720022, 6.00958); ]
    2723 (14.7875, 15.0468) -> [ 1795 (15.3419, 14.113); 4594 (16.2884, 14.1297); ]
    2724 (9.05436, -21.4907) -> [ ]
    2725 (15.7301, -22.5414) -> [ ]
    2727 (7.80443, 0.81601) -> [ ]
    2728 (3.66551, 14.7314) -> [ ]
    2729 (1.54223, 10.3104) -> [ 1023 (2.18386, 8.57197); 2282 (2.11675, 8.9889); ]
    2730 (22.59, 24.6933) -> [ 2133 (23.7751, 24.733); ]
    2732 (21.5739, 1.93522) -> [ ]
    2733 (8.26109, 7.45569) -> [ ]
    2736 (16.4605, -11.4967) -> [ ]
    2737 (14.5532, -16.3011) -> [ ]
    2739 (15.9477, -8.84154) -> [ 2378 (17.5635, -9.94935); ]
    2740 (11.7884, 7.10409) -> [ ]
    2741 (0.780979, -2.82392) -> [ 1415 (0.222397, -3.82268); ]
    2743 (12.1644, 18.9) -> [ 3341 (12.8775, 19.2601); 3419 (12.7877, 19.2297); 4430 (12.6943, 19.2435); ]
    2745 (6.46099, -11.3083) -> [ ]
    2746 (4.7163, 10.7071) -> [ ]
    2747 (20.3975, -18.4016) -> [ ]
    2748 (17.14, 9.83107) -> [ 4689 (18.9115, 9.82436); ]
    2749 (11.6175, -19.6121) -> [ 1800 (12.4002, -21.3388); ]
    2750 (9.31656, 3.35124) -> [ 4335 (9.22378, 1.6521); 4555 (10.5352, 2.82754); ]
    2752 (23.0584, 0.474551) -> [ ]
    2753 (5.08199, -21.649) -> [ 1161 (5.13775, -23.2873); 1310 (5.37607, -23.6164); ]
    2754 (11.9966, -6.08147) -> [ ]
    2756 (17.1734, 11.4028) -> [ ]
    2757 (5.60931, 2.89787) -> [ ]
    2758 (10.9579, -8.6535) -> [ ]
    2759 (14.0557, -14.8241) -> [ ]
    2760 (9.79668, -10.2949) -> [ ]
    2761 (22.0955, 20.7668) -> [ ]
    2762 (10.8602, -3.83175) -> [ 3241 (11.5711, -4.8919); 4646 (11.3298, -4.79421); ]
    2763 (1.88226, -14.7539) -> [ ]
    2764 (17.046, -9.12188) -> [ 181 (17.7955, -9.86851); ]
    2765 (1.63632, 9.03759) -> [ 2108 (2.09746, 7.68879); ]
    2766 (3.71539, 12.0747) -> [ ]
    2767 (20.0933, 19.6828) -> [ 1108 (21.6868, 19.5892); 3916 (21.2693, 20.0085); 4067 (21.2678, 20.124); 4791 (22.0044, 20.2167); ]
    2768 (16.7269, 1.84804) -> [ 183 (17.8902, 0.597909); 387 (18.1652, 1.07566); 1445 (18.2939, 1.19705); ]
    2769 (14.1735, -12.7519) -> [ 2276 (15.042, -14.3196); ]
    2770 (17.1698, 20.4484) -> [ ]
    2771 (4.35669, 17.2912) -> [ 2430 (5.95999, 17.687); ]
    2772 (13.8258, 5.14244) -> [ ]
    2773 (12.9077, -15.125) -> [ 4730 (12.9546, -16.9018); 4954 (13.0052, -16.8653); ]
    2774 (15.5514, -16.9746) -> [ ]
    2775 (8.96715, 23.2873) -> [ ]
    2776 (4.33281, 11.8665) -> [ ]
    2777 (1.31483, -22.658) -> [ ]
    2779 (3.45986, -19.3874) -> [ 4237 (4.0181, -20.8489); ]
    2781 (11.1835, 23.6156) -> [ 2333 (12.1309, 24.5546); 4783 (12.3442, 24.0965); ]
    2783 (9.64565, -12.9417) -> [ 341 (9.55461, -14.7919); ]
    2784 (10.2321, 6.28273) -> [ 2960 (11.8537, 5.88525); 4725 (12.1372, 5.82665); ]
    2786 (15.1558, -11.5812) -> [ 4805 (16.3093, -12.8252); ]
    2787 (10.3052, -21.1646) -> [ ]
    2789 (2.69171, 22.7278) -> [ ]
    2790 (9.03492, 20.6209) -> [ 186 (10.4695, 21.2478); 1211 (10.4573, 21.2384); ]
    2791 (19.2091, -15.1491) -> [ ]
    2793 (4.76443, -5.6727) -> [ ]
    2795 (1.35293, 23.7231) -> [ ]
    2796 (7.59511, -20.4516) -> [ 4390 (7.69992, -21.1958); ]
    2798 (6.43483, 9.63708) -> [ 849 (8.23641, 8.99326); 4406 (7.97699, 8.73028); ]
    2800 (5.24465, 5.41393) -> [ 10 (6.19536, 3.74837); 4071 (6.18411, 4.87815); ]
    2801 (14.4956, -13.6847) -> [ 52 (15.2159, -15.0251); ]
    2803 (4.74424, -18.9243) -> [ ]
    2805 (0.157976, -18.7136) -> [ ]
    2806 (19.806, 9.70948) -> [ ]
    2807 (18.078, 23.2551) -> [ ]
    2808 (5.3732, 2.39811) -> [ 3816 (5.30043, 0.628482); ]
    2809 (12.2948, 18.2899) -> [ ]
    2810 (17.7235, -11.2331) -> [ ]
    2811 (1.27108, -22.7902) -> [ ]
    2813 (4.18329, -17.1468) -> [ ]
    2814 (20.1933, -3.74635) -> [ 4801 (21.0989, -4.90849); ]
    2817 (15.4604, 15.3017) -> [ 1890 (16.0778, 15.1005); 1929 (17.0455, 14.316); 2848 (16.4367, 14.3927); 3204 (16.4709, 14.3336); 4436 (16.5789, 14.445); 4472 (16.1673, 14.8737); ]
    2818 (11.1386, -2.03619) -> [ 2214 (12.1936, -2.89921); ]
    2819 (12.8393, 1.67194) -> [ ]
    2820 (1.05464, 8.52949) -> [ 4334 (0.830944, 7.56548); 4423 (0.298975, 6.91432); ]
    2821 (0.258812, -7.20054) -> [ ]
    2823 (15.7246, 17.2302) -> [ ]
    2824 (7.82993, -2.8373) -> [ ]
    2825 (0.712505, 22.2735) -> [ ]
    2827 (19.6357, -20.4148) -> [ ]
    2828 (10.0363, -3.28964) -> [ ]
    2829 (23.0623, 6.91755) -> [ ]
    2830 (2.31419, 14.8035) -> [ 480 (4.12017, 14.4164); 2255 (4.04469, 14.8393); 2728 (3.66551, 14.7314); 3748 (4.04357, 14.4536); 4206 (3.79539, 14.3826); ]
    2831 (12.2764, -6.1269) -> [ 3481 (13.6101, -6.72287); ]
    2832 (11.613, -10.8088) -> [ ]
    2833 (2.9157, 13.9691) -> [ 15 (4.19127, 13.317); 101 (4.70598, 13.3406); ]
    2834 (19.8372, -6.27265) -> [ ]
    2836 (5.73943, 18.6084) -> [ 2658 (7.14603, 19.033); 4113 (6.88448, 18.7121); 4403 (7.47212, 18.9498); ]
    2837 (19.0003, 3.97839) -> [ ]
    2838 (6.21485, 2.85015) -> [ 75 (7.28481, 1.48345); ]
    2839 (20.6434, 17.047) -> [ 1292 (21.2063, 16.8212); ]
    2840 (15.5196, -4.86174) -> [ ]
    2841 (17.6528, 10.2223) -> [ ]
    2843 (21.5231, -15.5328) -> [ 1305 (22.3135, -16.1041); ]
    2844 (2.42695, 0.430136) -> [ 2288 (1.93518, -0.965117); ]
    2845 (16.3266, -4.81485) -> [ 563 (17.0752, -5.91793); 1516 (16.817, -5.79506); ]
    2847 (0.877806, -1.73531) -> [ 1336 (1.00303, -3.3303); 4896 (0.884643, -3.29847); ]
    2848 (16.4367, 14.3927) -> [ 574 (17.0799, 13.8516); ]
    2849 (20.4429, -5.99493) -> [ ]
    2850 (2.72823, -22.8652) -> [ ]
    2851 (23.2028, -0.00932638) -> [ ]
    2852 (11.3918, -20.8973) -> [ ]
    2853 (1.7131, -12.8244) -> [ ]
    2854 (3.93435, 4.43798) -> [ 1321 (4.45962, 2.92513); 3228 (4.76463, 2.92439); 4444 (4.14422, 2.50312); ]
    2856 (0.871456, -6.14014) -> [ 1265 (1.31018, -7.68821); ]
    2857 (5.32589, -17.4603) -> [ 1615 (5.31432, -18.9847); ]
    2858 (23.725, -23.3725) -> [ ]
    2859 (1.56008, 19.953) -> [ 984 (2.05933, 20.6875); 2353 (2.07894, 21.3767); 3969 (1.72713, 21.7759); 4961 (1.72572, 21.6179); 4984 (2.02137, 21.5066); ]
    2861 (17.2091, -17.4471) -> [ 3578 (17.7536, -18.365); 4331 (17.5598, -18.4484); ]
    2862 (11.1564, 4.47099) -> [ 231 (12.8771, 3.92632); 1395 (11.7527, 4.55764); 2982 (12.3293, 4.17483); ]
    2863 (22.3931, -18.795) -> [ 848 (23.4591, -19.9715); ]
    2865 (21.5386, 12.4422) -> [ ]
    2866 (5.07615, -18.3288) -> [ ]
    2867 (18.5777, -20.0722) -> [ ]
    2868 (6.88854, -21.3927) -> [ 1060 (7.2002, -23.1461); ]
    2869 (6.56799, 18.4831) -> [ ]
    2870 (16.5914, 4.0837) -> [ ]
    2871 (18.8776, -22.253) -> [ 1472 (19.6458, -23.5532); 4657 (19.7323, -23.84); ]
    2872 (18.4773, 10.6691) -> [ ]
    2873 (18.0429, 16.1263) -> [ 3520 (19.6223, 15.9245); ]
    2874 (4.76507, -6.00419) -> [ 4128 (4.68948, -7.8288); ]
    2875 (6.65314, 22.9241) -> [ 678 (7.00708, 23.9765); ]
    2877 (23.747, 0.613027) -> [ 4021 (24.603, 0.374154); ]
    2878 (10.6868, 4.29061) -> [ 581 (11.8818, 2.86649); 1671 (11.7951, 3.23743); 4435 (12.137, 2.94069); ]
    2879 (8.16718, -17.596) -> [ 1155 (8.52703, -19.2978); ]
    2880 (2.97462, -9.15248) -> [ ]
    2881 (8.8755, -10.2633) -> [ 1582 (9.25177, -11.5107); ]
    2882 (3.1053, -7.21183) -> [ ]
    2883 (10.0127, 23.0467) -> [ 2664 (11.1088, 24.0257); 2781 (11.1835, 23.6156); ]
    2884 (0.11591, 3.26612) -> [ 804 (0.482296, 1.43383); ]
    2885 (11.874, 6.39713) -> [ ]
    2886 (0.848237, -7.16435) -> [ 530 (0.463461, -8.90382); 1801 (0.511475, -9.04268); ]
    2887 (4.20518, -21.3423) -> [ ]
    2888 (18.9052, 15.7246) -> [ ]
    2889 (3.83127, -23.4686) -> [ ]
    2890 (9.41242, 19.049) -> [ 4230 (10.9747, 19.4816); ]
    2891 (18.4737, 20.5124) -> [ ]
    2892 (6.78672, 22.2952) -> [ 1675 (8.20364, 23.3705); ]
    2893 (20.4944, 19.3586) -> [ ]
    2894 (7.81685, 15.382) -> [ ]
    2895 (1.91752, 5.8973) -> [ 1318 (2.00434, 4.02575); 1713 (2.23605, 4.5613); ]
    2896 (4.65003, -7.70614) -> [ ]
    2897 (1.10691, -9.52766) -> [ 3152 (1.07966, -10.7678); ]
    2898 (4.22871, 20.1004) -> [ ]
    2900 (13.4944, -18.5236) -> [ ]
    2901 (2.74937, -7.82753) -> [ ]
    2902 (1.71826, 20.6988) -> [ ]
    2903 (3.12769, 7.89973) -> [ ]
    2904 (11.5812, -3.7782) -> [ 4098 (12.3962, -5.09325); ]
    2905 (17.1568, -11.4254) -> [ 3779 (18.308, -12.8774); 4411 (17.9192, -12.1752); ]
    2906 (12.4814, 21.4327) -> [ 206 (13.4838, 22.2045); ]
    2907 (11.8025, -5.6626) -> [ ]
    2908 (8.35806, -16.9944) -> [ 2134 (8.90589, -18.6708); ]
    2911 (21.7811, 8.52844) -> [ ]
    2912 (15.0686, -0.702422) -> [ ]
    2913 (2.41303, -0.357524) -> [ ]
    2914 (1.86024, -10.488) -> [ 1480 (2.04675, -11.7867); ]
    2915 (9.03044, -0.760629) -> [ 12 (9.61598, -1.54665); 939 (9.45449, -1.55763); ]
    2916 (9.61282, -14.7338) -> [ 205 (9.75234, -15.9273); 4210 (9.57486, -15.8267); ]
    2917 (24.0118, 22.671) -> [ 548 (24.2981, 22.6859); ]
    2918 (15.3419, -18.0923) -> [ 1154 (15.5059, -19.933); ]
    2919 (1.28726, 18.2518) -> [ 200 (2.16381, 19.7323); 1534 (2.17657, 19.8558); 2036 (2.04787, 19.3988); 2265 (1.72882, 19.2805); 2859 (1.56008, 19.953); 3167 (2.13628, 19.6299); ]
    2920 (17.1526, 3.62258) -> [ ]
    2921 (10.7439, -15.6685) -> [ ]
    2922 (16.9722, -9.53826) -> [ 758 (18.1028, -10.7591); 1189 (18.1049, -10.7174); 1394 (18.5272, -10.527); 1578 (17.7117, -10.1872); 1763 (18.3887, -10.679); 2380 (17.6559, -10.0833); ]
    2923 (16.53, -7.08604) -> [ ]
    2925 (2.77251, 0.512669) -> [ 458 (3.22872, -0.920456); ]
    2927 (21.5138, -19.295) -> [ ]
    2928 (21.7661, 12.4252) -> [ ]
    2929 (17.3377, 2.72219) -> [ 4088 (18.5276, 2.1877); 4156 (18.1595, 1.06119); 4807 (18.6407, 2.38247); ]
    2930 (5.76267, -6.7429) -> [ ]
    2931 (5.72653, -13.1553) -> [ ]
    2932 (6.76711, 2.79469) -> [ ]
    2934 (23.1269, 17.7958) -> [ 380 (24.4433, 18.1394); 770 (24.4275, 18.1888); 1937 (24.5647, 18.0633); ]
    2935 (1.81309, 7.32484) -> [ 1649 (2.6549, 5.61107); 1732 (2.00844, 5.59016); ]
    2936 (15.3378, -23.2313) -> [ ]
    2937 (7.03532, 4.47668) -> [ ]
    2938 (15.4171, 2.48769) -> [ 2266 (16.4388, 2.20146); ]
    2940 (4.90002, -8.77511) -> [ ]
    2941 (16.3459, 18.1644) -> [ ]
    2942 (2.11336, 13.2209) -> [ 525 (3.47606, 12.6166); ]
    2943 (19.8586, 8.21195) -> [ 3957 (21.4637, 7.78735); 4144 (21.5749, 7.96867); 4227 (21.8527, 8.17913); 4938 (21.4762, 8.18464); ]
    2944 (14.5019, 2.76977) -> [ 3058 (15.6899, 1.59101); 3262 (15.8371, 1.28838); 4389 (16.2858, 1.98484); 4662 (15.6614, 1.74902); ]
    2945 (23.6611, -6.79566) -> [ ]
    2946 (0.071042, -15.2721) -> [ 969 (0.138734, -16.1598); ]
    2947 (16.1918, 5.47683) -> [ ]
    2949 (6.53812, -21.0195) -> [ 4255 (7.27114, -22.3936); ]
    2950 (8.99608, -4.74977) -> [ 2577 (9.6185, -5.93695); 3202 (9.53303, -5.84621); ]
    2951 (2.1006, -2.68042) -> [ 212 (1.99831, -4.05023); 1226 (1.8286, -4.46465); ]
    2952 (4.41165, 14.2766) -> [ 1883 (6.3854, 14.0973); ]
    2953 (20.7179, -18.2252) -> [ ]
    2957 (6.32303, 16.2411) -> [ 2097 (7.98529, 17.2379); ]
    2958 (11.9849, 2.17125) -> [ 340 (13.2692, 1.07262); 2719 (13.1423, 1.68947); 3289 (13.1125, 0.738963); 4408 (13.6357, 1.09699); ]
    2959 (19.1649, -21.1391) -> [ ]
    2960 (11.8537, 5.88525) -> [ 4032 (13.4456, 5.08943); ]
    2961 (11.3334, 20.3276) -> [ 1949 (12.478, 21.6335); 2247 (12.5926, 21.4441); 2906 (12.4814, 21.4327); 3567 (12.334, 21.3449); 3741 (12.372, 20.8045); ]
    2963 (21.1921, 6.75855) -> [ ]
    2965 (17.2163, 2.90734) -> [ ]
    2967 (22.1365, -2.08833) -> [ 2146 (23.8807, -2.52616); ]
    2968 (20.0676, -1.87039) -> [ ]
    2969 (8.64808, 1.99774) -> [ ]
    2970 (13.9609, -1.8713) -> [ 2307 (14.4759, -3.16025); ]
    2971 (3.69856, 7.86901) -> [ 457 (4.7517, 6.32549); ]
    2972 (22.4436, -23.2238) -> [ ]
    2973 (9.78514, -16.5892) -> [ ]
    2975 (7.9982, -3.72295) -> [ 1916 (9.02251, -4.55059); 2742 (9.10663, -4.9138); 2950 (8.99608, -4.74977); 4433 (8.54783, -4.70173); ]
    2976 (4.9916, 21.9219) -> [ ]
    2977 (20.5346, 6.81941) -> [ ]
    2978 (10.4684, 17.5438) -> [ 1222 (11.6722, 16.3201); 1570 (11.5521, 16.9674); 1705 (11.5281, 16.1364); ]
    2979 (16.879, 10.7243) -> [ 1188 (18.3092, 11.0607); 2565 (18.3694, 10.7544); 2872 (18.4773, 10.6691); ]
    2981 (24.337, -3.89273) -> [ 4384 (24.8734, -4.20175); ]
    2982 (12.3293, 4.17483) -> [ 2427 (13.6449, 3.31707); ]
    2983 (4.42229, 4.54101) -> [ ]
    2984 (2.56304, 15.8109) -> [ 773 (4.09052, 16.328); 3810 (3.99496, 16.6926); ]
    2985 (3.29687, -4.52626) -> [ ]
    2986 (24.3095, 2.42568) -> [ ]
    2987 (7.44078, 21.3313) -> [ 3396 (8.59449, 22.7694); 3711 (8.55698, 22.8487); ]
    2988 (8.745, -13.9897) -> [ 1822 (9.29934, -14.6212); ]
    2989 (9.16076, -3.11381) -> [ 1103 (9.47771, -4.92184); 1198 (9.75591, -4.86631); 1477 (9.3852, -4.81724); 1499 (10.1434, -4.66497); 1676 (9.81178, -4.76149); 2956 (9.86589, -4.89986); ]
    2991 (0.715584, -22.3819) -> [ 249 (0.295956, -24.144); 3740 (0.830225, -23.9477); ]
    2992 (23.9623, 9.75313) -> [ ]
    2993 (1.37132, -7.72838) -> [ 769 (1.70927, -9.40939); ]
    2994 (6.04573, 2.57419) -> [ 454 (6.61047, 0.722115); 687 (6.69538, 1.07373); 701 (6.66536, 1.4529); 3174 (6.81882, 1.4302); 4054 (6.84206, 1.43192); ]
    2995 (22.1524, -14.8741) -> [ 3076 (23.0727, -15.7848); ]
    2996 (8.15109, 0.968047) -> [ ]
    2997 (21.2413, -3.54274) -> [ 2451 (22.3672, -4.14428); ]
    2998 (8.51092, -15.7184) -> [ 4871 (8.55156, -17.0648); ]
    2999 (11.092, -22.01) -> [ ]
    3000 (11.5493, 16.6601) -> [ 3404 (13.2168, 16.9898); ]
    3001 (15.6255, -6.07648) -> [ ]
    3004 (4.15241, 22.5019) -> [ 654 (3.98346, 23.525); 1742 (4.12673, 23.7289); 2597 (4.23235, 24.0653); ]
    3006 (23.0841, 16.7669) -> [ 1343 (23.8247, 16.8953); ]
    3007 (16.3049, -17.5399) -> [ 1591 (17.1766, -18.448); ]
    3008 (7.14719, 19.5207) -> [ ]
    3009 (20.4578, -24.2678) -> [ 1418 (21.0002, -24.9893); ]
    3010 (5.75852, -5.50029) -> [ ]
    3011 (12.95, 0.715889) -> [ ]
    3012 (7.84632, 9.63463) -> [ 908 (9.74954, 9.64292); 2303 (9.36928, 8.93547); 4117 (9.66184, 9.28152); ]
    3014 (19.4461, -5.28377) -> [ 1824 (20.8212, -6.40207); ]
    3015 (10.5145, -12.1696) -> [ ]
    3019 (7.29887, -0.823531) -> [ 33 (7.96482, -2.67521); 397 (7.79983, -2.01774); 4148 (7.80494, -2.42523); ]
    3020 (22.8639, 2.98516) -> [ ]
    3021 (6.93499, -8.66672) -> [ 2657 (6.90154, -10.045); ]
    3022 (22.8403, 21.3161) -> [ 1348 (24.484, 21.734); 1434 (23.0895, 21.3517); 1886 (24.3484, 21.8005); 2246 (23.7399, 21.5253); 2715 (23.0427, 21.4174); ]
    3023 (23.7296, -8.06968) -> [ ]
    3024 (1.86223, -17.8576) -> [ ]
    3025 (0.423152, -16.614) -> [ 4754 (0.159887, -18.5873); ]
    3026 (6.53118, 23.8422) -> [ ]
    3027 (21.5279, 13.6261) -> [ ]
    3028 (10.946, -22.5056) -> [ ]
    3029 (16.129, -16.7439) -> [ 430 (16.1151, -18.0535); 2048 (16.8374, -18.0886); 3603 (16.0737, -18.4022); ]
    3030 (10.5412, -20.0981) -> [ 1328 (11.0084, -21.4378); 1514 (10.9774, -21.4294); ]
    3031 (22.1964, 21.6667) -> [ 1437 (22.9245, 21.7449); 2124 (22.2971, 21.6651); 2926 (24.024, 22.2556); ]
    3032 (12.0068, -3.3436) -> [ ]
    3033 (23.2312, 17.3075) -> [ 910 (23.62, 17.3479); 3823 (24.6786, 17.278); 4370 (23.7884, 17.0375); ]
    3034 (8.78498, 4.07354) -> [ 1091 (9.53073, 2.40054); 2420 (9.80475, 2.41085); 4240 (9.50992, 2.44397); ]
    3035 (2.58165, -13.1188) -> [ ]
    3036 (17.7774, -14.4207) -> [ ]
    3037 (21.3804, 4.28755) -> [ 1035 (22.8606, 3.83302); 1266 (22.5052, 3.93558); 2566 (22.8709, 3.92792); 3130 (22.9443, 3.79124); ]
    3038 (21.9241, -5.36554) -> [ ]
    3039 (20.9339, -13.7954) -> [ 2011 (22.1191, -15.1094); ]
    3040 (19.3474, 7.57869) -> [ 1420 (21.3248, 7.78838); 1887 (21.2348, 7.56384); 2223 (21.2302, 8.04823); 2467 (20.7299, 7.91461); 4016 (21.1382, 6.8614); 4603 (20.6643, 7.80261); 4851 (20.7143, 7.27178); ]
    3041 (7.86781, -15.228) -> [ 4383 (8.12619, -16.8191); ]
    3042 (3.07414, -12.2144) -> [ 1955 (3.36719, -13.5272); ]
    3043 (3.21319, -22.4812) -> [ 1216 (2.89528, -24.1438); 2115 (3.00294, -23.3425); 3697 (2.98903, -23.5516); 4097 (3.19705, -23.6699); 4450 (3.06719, -23.6475); ]
    3044 (5.87914, 18.8272) -> [ 1096 (7.46363, 19.4527); ]
    3045 (9.52453, -11.6049) -> [ ]
    3046 (24.4166, 15.7679) -> [ 738 (24.7757, 16.0102); ]
    3047 (2.75985, -7.36825) -> [ 4685 (3.31182, -8.64144); ]
    3048 (1.43977, -17.9415) -> [ ]
    3049 (16.9804, -13.0373) -> [ ]
    3051 (11.9797, -8.19007) -> [ 354 (12.588, -8.95704); 523 (12.4163, -9.97777); 940 (12.9016, -9.36368); 1224 (12.9218, -9.59476); 1387 (13.2981, -9.4775); 1432 (12.4552, -9.32804); 1524 (12.6404, -9.34962); 1547 (12.7599, -9.01857); 3496 (12.7513, -9.01149); 4819 (12.6584, -8.83444); ]
    3053 (3.73684, -22.1189) -> [ 702 (4.007, -22.854); 2631 (3.78656, -23.25); 2889 (3.83127, -23.4686); ]
    3056 (9.45462, -21.5141) -> [ ]
    3059 (14.182, -10.5001) -> [ ]
    3060 (16.7546, -13.7611) -> [ ]
    3061 (13.7294, -12.4847) -> [ 3987 (14.2733, -13.5869); ]
    3062 (14.7809, 19.1045) -> [ 1025 (16.6521, 19.5785); 2508 (16.1491, 19.5094); ]
    3063 (20.2467, 20.8479) -> [ 176 (21.5357, 20.7645); 2761 (22.0955, 20.7668); ]
    3064 (3.19059, -12.1705) -> [ ]
    3065 (16.0381, 10.553) -> [ 91 (16.4697, 11.947); 4506 (17.8518, 11.1005); ]
    3067 (8.48071, -20.6342) -> [ ]
    3069 (5.68991, 6.99981) -> [ 1451 (6.77167, 5.63913); ]
    3070 (7.57702, 10.2699) -> [ ]
    3073 (2.6667, -11.8683) -> [ ]
    3074 (18.734, 4.16379) -> [ ]
    3076 (23.0727, -15.7848) -> [ 3261 (24.3536, -16.78); ]
    3077 (22.1907, 18.9172) -> [ 3399 (23.6676, 19.129); ]
    3078 (13.9484, -6.21816) -> [ ]
    3080 (19.6214, -19.673) -> [ ]
    3082 (15.9388, 0.903555) -> [ ]
    3083 (11.6831, -13.3755) -> [ 69 (11.6795, -15.3474); 537 (12.6261, -14.5942); 1925 (12.0669, -14.9617); 1947 (11.8509, -15.0498); ]
    3084 (19.9861, 1.87035) -> [ ]
    3085 (16.8057, -15.3945) -> [ ]
    3086 (18.8806, 5.14672) -> [ ]
    3087 (15.8534, 7.92163) -> [ ]
    3088 (18.2032, -1.37402) -> [ ]
    3089 (4.95818, -19.2111) -> [ ]
    3091 (6.64493, 2.4598) -> [ 973 (7.19392, 0.616348); ]
    3092 (18.6508, -9.61163) -> [ ]
    3093 (4.68399, 15.9627) -> [ ]
    3094 (22.0658, -18.2149) -> [ 1665 (23.3993, -18.8552); 2374 (22.8476, -18.8686); 3677 (23.4532, -19.5718); 3775 (23.4093, -19.3524); 4629 (23.0105, -19.2304); ]
    3095 (12.1482, -17.7506) -> [ 4534 (12.647, -19.3358); ]
    3096 (5.21393, -24.0229) -> [ ]
    3097 (20.6795, 0.0654361) -> [ ]
    3098 (0.434868, -1.48995) -> [ 2741 (0.780979, -2.82392); ]
    3100 (9.21432, -16.1328) -> [ ]
    3102 (5.59046, -18.2529) -> [ ]
    3103 (2.34759, -16.2092) -> [ 1334 (2.27302, -17.8775); 1498 (1.88552, -18.0696); 4343 (2.17362, -17.6497); ]
    3106 (2.23237, -22.5248) -> [ ]
    3107 (13.2878, -0.672885) -> [ 2708 (14.9502, -1.77544); ]
    3108 (2.53249, -19.9258) -> [ ]
    3109 (12.6064, -2.6265) -> [ ]
    3110 (19.2315, 12.5501) -> [ 96 (20.5758, 13.4146); ]
    3111 (7.83918, 1.2101) -> [ ]
    3112 (3.81646, -13.7604) -> [ ]
    3113 (12.2542, -18.5006) -> [ 4853 (13.0909, -19.7242); ]
    3114 (12.8892, 9.05354) -> [ 258 (13.7249, 10.2721); 319 (13.582, 10.9263); 2962 (13.3748, 10.8929); ]
    3115 (7.44598, -15.6936) -> [ ]
    3116 (21.0281, 15.7627) -> [ ]
    3117 (1.48211, -1.47099) -> [ ]
    3119 (14.0336, -10.8888) -> [ 4231 (14.4048, -11.1618); ]
    3120 (4.85278, -9.64961) -> [ ]
    3121 (14.6389, -9.80127) -> [ 386 (15.1644, -10.245); ]
    3122 (11.9672, 1.02717) -> [ ]
    3123 (14.634, -20.76) -> [ 4775 (14.9436, -22.4333); ]
    3124 (10.7846, -7.04819) -> [ 2112 (11.6472, -8.33722); 2699 (10.9964, -8.4045); ]
    3127 (15.2334, -23.9242) -> [ ]
    3128 (15.9785, 5.27911) -> [ ]
    3129 (9.44526, 22.1878) -> [ 4644 (10.8892, 22.4985); ]
    3130 (22.9443, 3.79124) -> [ ]
    3132 (5.54398, 12.1555) -> [ 839 (7.05176, 13.0381); 1972 (6.6649, 12.6365); ]
    3133 (6.27521, -12.8546) -> [ ]
    3134 (23.1491, 5.5467) -> [ 3778 (24.9344, 5.19516); ]
    3135 (7.37632, 2.44055) -> [ 2996 (8.15109, 0.968047); 4269 (9.07146, 1.67909); 4790 (8.58134, 1.86366); ]
    3137 (17.6269, -13.6387) -> [ 1541 (18.4771, -15.3776); ]
    3138 (16.8484, 11.832) -> [ ]
    3139 (14.2882, -19.8576) -> [ ]
    3140 (19.6452, 2.60731) -> [ ]
    3141 (22.0581, 20.5974) -> [ ]
    3142 (1.80578, -17.1606) -> [ ]
    3143 (11.4185, 17.4991) -> [ 793 (12.4132, 17.1328); 3630 (13.1359, 18.2857); 4130 (12.6566, 18.3321); ]
    3144 (21.2547, -10.2314) -> [ 104 (21.7394, -12.0964); 111 (21.5894, -11.5252); 4747 (22.3759, -11.7865); 4915 (21.8475, -12.0433); ]
    3145 (6.65323, -10.1816) -> [ 1866 (7.74828, -11.5831); 2341 (7.63647, -11.851); 4095 (7.10678, -11.5089); 4663 (7.02516, -11.5732); ]
    3147 (1.04693, 5.57284) -> [ 2283 (1.24414, 4.10469); 3563 (0.783063, 3.84689); ]
    3148 (17.7349, 8.54361) -> [ ]
    3149 (13.5981, -8.58693) -> [ 314 (14.6871, -10.0132); ]
    3150 (3.80884, -0.606132) -> [ 2138 (4.41721, -2.20397); 4290 (4.29446, -1.93043); 4592 (4.5215, -1.86289); ]
    3151 (16.9575, -3.53156) -> [ 2176 (17.4748, -4.43904); ]
    3152 (1.07966, -10.7678) -> [ ]
    3153 (10.9431, -17.8461) -> [ 1315 (11.6195, -18.9776); 1324 (11.5055, -18.4637); 2749 (11.6175, -19.6121); 3774 (11.5503, -19.5644); 3818 (11.3395, -19.6388); 4694 (11.2945, -18.3801); ]
    3154 (18.0871, -19.6321) -> [ 89 (18.7769, -20.9596); 227 (18.4279, -21.4701); 1476 (19.3194, -20.9946); 2162 (18.7798, -20.3202); 2959 (19.1649, -21.1391); 3227 (18.4486, -21.3773); 3421 (18.0601, -20.6541); 3461 (18.7466, -21.3355); ]
    3157 (15.0549, -6.06454) -> [ ]
    3158 (20.3451, 9.65824) -> [ ]
    3159 (2.88005, -8.68649) -> [ ]
    3161 (4.8442, 16.6715) -> [ 1376 (6.1037, 17.5747); 3211 (6.70412, 17.1512); ]
    3162 (13.6364, 20.1559) -> [ 1971 (14.3361, 20.3253); ]
    3163 (21.6764, -7.74392) -> [ ]
    3164 (13.7702, 1.05009) -> [ ]
    3165 (15.1147, -13.5436) -> [ 2028 (16.0719, -15.2076); ]
    3166 (22.026, -2.35125) -> [ 115 (23.0676, -3.28058); 1849 (22.823, -2.73529); ]
    3167 (2.13628, 19.6299) -> [ 1708 (2.5762, 20.777); 4110 (2.62865, 20.9189); ]
    3168 (11.6696, -14.4515) -> [ ]
    3169 (10.3446, -18.6895) -> [ 3616 (10.8682, -19.7335); ]
    3170 (13.0662, -21.2787) -> [ 179 (13.9989, -22.8105); ]
    3171 (15.8063, -19.3299) -> [ 891 (16.0991, -20.4044); 4580 (16.3708, -20.6875); ]
    3172 (15.5566, -0.63785) -> [ ]
    3173 (23.9338, 23.12) -> [ ]
    3174 (6.81882, 1.4302) -> [ ]
    3175 (9.80323, -2.19676) -> [ 545 (10.2554, -3.49372); ]
    3176 (16.6839, 5.93116) -> [ ]
    3177 (14.2662, 0.301029) -> [ 419 (15.6532, -0.496371); 853 (15.3194, -0.957022); 1832 (15.0753, -0.575147); 3172 (15.5566, -0.63785); ]
    3179 (14.3854, 23.176) -> [ 1210 (15.4782, 24.1528); 1225 (15.6373, 24.0931); ]
    3180 (23.141, 9.734) -> [ ]
    3182 (18.2326, -23.4237) -> [ 1769 (18.3944, -23.7382); ]
    3183 (18.0798, 6.38621) -> [ ]
    3184 (20.5388, 13.1137) -> [ ]
    3185 (6.7568, -18.8318) -> [ ]
    3187 (21.9754, -10.2725) -> [ ]
    3188 (16.2668, -22.1121) -> [ 3886 (16.3158, -23.6188); 4980 (16.7874, -22.8709); ]
    3190 (15.6751, -20.842) -> [ 930 (16.1851, -22.679); ]
    3191 (12.7482, -12.5845) -> [ 708 (13.248, -13.7433); ]
    3192 (1.60441, 8.67166) -> [ 2935 (1.81309, 7.32484); ]
    3193 (10.7957, -19.8801) -> [ 631 (10.9661, -21.0283); 873 (11.7434, -21.6246); 1567 (11.7181, -21.6099); 4850 (11.3671, -20.9249); ]
    3194 (21.5755, 3.05477) -> [ 394 (23.2137, 2.57253); 2267 (22.9204, 2.88262); ]
    3195 (15.1392, 18.9416) -> [ ]
    3196 (14.5587, -18.3845) -> [ 1311 (14.4848, -19.735); 3079 (15.4189, -20.0937); 3820 (15.0272, -19.9172); 4286 (14.8598, -20.2684); ]
    3197 (1.53342, -1.52971) -> [ ]
    3198 (10.0851, -1.75576) -> [ 1221 (10.6087, -2.1613); 4635 (10.8782, -2.6498); 4943 (11.2458, -3.25786); ]
    3199 (9.88462, -5.78004) -> [ ]
    3200 (15.9148, -8.29546) -> [ 819 (16.583, -9.00979); 1815 (16.9889, -9.7379); 2739 (15.9477, -8.84154); 2922 (16.9722, -9.53826); ]
    3201 (16.2744, -16.2217) -> [ 2612 (17.0407, -17.6624); 4014 (17.3333, -17.8959); ]
    3202 (9.53303, -5.84621) -> [ 384 (9.34031, -6.98432); 3486 (9.85804, -7.62232); ]
    3203 (16.7073, -21.2818) -> [ ]
    3206 (19.4245, -17.9156) -> [ ]
    3208 (16.4475, 3.9273) -> [ ]
    3209 (15.6104, 22.7242) -> [ 2479 (17.3337, 23.3073); 2512 (16.4228, 23.0961); ]
    3210 (6.26077, -21.9262) -> [ 4691 (6.53165, -23.2749); ]
    3211 (6.70412, 17.1512) -> [ 3762 (8.6034, 17.6825); ]
    3212 (9.91856, -14.5027) -> [ 1758 (10.4978, -15.4003); 4026 (10.4413, -15.5778); ]
    3213 (1.25195, -2.77937) -> [ 4357 (1.58069, -4.56045); ]
    3214 (17.2183, -23.0604) -> [ 3249 (17.7697, -24.8928); ]
    3215 (6.66713, 3.40718) -> [ 1642 (7.4812, 1.95757); ]
    3216 (17.3341, 15.3559) -> [ ]
    3217 (6.17574, -12.2315) -> [ 4449 (7.10873, -13.8192); ]
    3218 (16.4478, 16.3966) -> [ 842 (17.2619, 16.5254); 1068 (17.8931, 15.9953); 1703 (17.2377, 16.2375); 2873 (18.0429, 16.1263); 4481 (18.3372, 15.8891); ]
    3219 (3.02253, -10.1319) -> [ ]
    3220 (2.84434, -15.9144) -> [ 774 (3.03026, -17.8506); 1653 (3.01324, -16.9213); ]
    3221 (21.0456, 13.1267) -> [ ]
    3222 (11.9722, 20.5144) -> [ 1486 (12.9774, 21.0819); 1509 (12.629, 21.069); ]
    3223 (6.82888, -13.169) -> [ ]
    3224 (1.02496, 2.41447) -> [ ]
    3227 (18.4486, -21.3773) -> [ 3562 (18.6419, -21.7783); ]
    3228 (4.76463, 2.92439) -> [ ]
    3230 (16.5858, -1.47109) -> [ 1922 (18.1068, -2.16609); ]
    3231 (8.74583, 8.56165) -> [ 1600 (10.4817, 7.5825); 2013 (10.543, 8.1807); 2574 (10.6455, 8.16548); ]
    3232 (16.0793, 6.34489) -> [ ]
    3233 (0.452821, 7.96872) -> [ 2571 (0.469067, 6.22486); 2799 (0.147045, 6.22122); ]
    3235 (19.1389, -2.658) -> [ ]
    3236 (3.65004, -17.3268) -> [ ]
    3237 (7.25479, -9.43316) -> [ ]
    3238 (18.5392, -3.84228) -> [ ]
    3239 (19.9903, -5.39277) -> [ 642 (20.8789, -6.37601); 3635 (20.5986, -6.44278); 3688 (21.3135, -6.62354); ]
    3240 (2.95768, -13.9256) -> [ 1411 (2.9008, -14.9075); 3787 (3.26562, -15.4471); 4617 (3.10117, -14.5328); ]
    3241 (11.5711, -4.8919) -> [ 2754 (11.9966, -6.08147); 2831 (12.2764, -6.1269); ]
    3242 (0.687107, 4.48467) -> [ 2086 (0.824092, 3.48161); ]
    3243 (15.4658, 21.8662) -> [ 4671 (15.9445, 22.1731); ]
    3244 (4.5911, 1.069) -> [ ]
    3246 (18.2357, 21.0891) -> [ 763 (20.0845, 21.4353); 907 (19.8616, 21.4975); ]
    3247 (19.5893, 3.63171) -> [ 1859 (20.4977, 3.51747); 2305 (20.8792, 3.40171); 3581 (20.6052, 3.58533); ]
    3248 (15.9748, 22.4117) -> [ ]
    3250 (22.8134, -16.6344) -> [ 954 (23.4777, -17.3418); ]
    3252 (14.5945, -1.89555) -> [ 86 (15.8573, -2.79579); 307 (15.7576, -2.88423); 567 (15.3025, -2.37763); 4714 (15.6013, -3.11525); ]
    3253 (11.6937, -17.917) -> [ 1260 (11.8362, -18.9664); 1885 (11.9392, -19.742); 2527 (11.8711, -19.8639); 4059 (11.9906, -19.151); 4197 (12.4796, -19.5347); ]
    3254 (13.1, -4.16533) -> [ ]
    3255 (0.836531, 18.2994) -> [ 2321 (0.499572, 19.907); 3590 (0.197541, 20.1049); ]
    3256 (23.2547, 7.14438) -> [ ]
    3257 (19.6335, 9.80311) -> [ ]
    3258 (5.71792, 20.2101) -> [ ]
    3259 (22.3846, 9.7872) -> [ 3180 (23.141, 9.734); ]
    3260 (6.474, 18.3087) -> [ ]
    3262 (15.8371, 1.28838) -> [ 1911 (17.5953, 0.416211); 2706 (17.2663, 0.0150488); 3990 (16.8668, 0.147571); ]
    3263 (4.59655, -8.80086) -> [ 3995 (4.7043, -10.7609); ]
    3264 (1.90603, 1.95117) -> [ 355 (1.74919, 0.538837); 968 (2.21096, 0.698467); 1714 (1.83914, -0.00683421); 1766 (2.23958, 0.607003); 2541 (2.22132, 0.963911); 2844 (2.42695, 0.430136); 3566 (1.8934, 0.410981); 4861 (2.59197, 0.614889); ]
    3265 (18.003, 23.7845) -> [ 511 (19.5799, 24.9701); 1295 (19.5746, 24.3003); 2259 (19.559, 24.4002); 2423 (19.5398, 24.1456); 2924 (19.4812, 24.408); 4792 (19.3176, 24.1154); 4963 (18.3061, 23.958); ]
    3266 (20.8868, 10.2308) -> [ ]
    3268 (6.07605, 16.1278) -> [ 1104 (7.34842, 16.0316); 1510 (7.35971, 16.4686); 2092 (8.02871, 16.4252); 2217 (7.8674, 16.2973); 2544 (7.69204, 17.0644); ]
    3269 (13.9001, -3.80349) -> [ ]
    3270 (19.5185, 12.343) -> [ ]
    3271 (3.627, 8.1207) -> [ 218 (4.4144, 6.88994); 1048 (4.44327, 6.83983); 4651 (4.588, 6.90901); ]
    3272 (9.19361, 16.8228) -> [ 1071 (11.1564, 16.9444); 4955 (10.8941, 16.1491); ]
    3274 (14.3168, 9.08385) -> [ ]
    3275 (22.4323, -23.7028) -> [ ]
    3276 (17.9378, 21.4443) -> [ 847 (19.3329, 21.8556); ]
    3277 (4.7361, 21.7931) -> [ 1629 (5.73521, 22.9612); ]
    3278 (2.08078, 15.7003) -> [ 107 (3.56114, 16.1666); 850 (3.13979, 15.7317); 2638 (3.55986, 16.407); ]
    3279 (23.1664, -7.70321) -> [ ]
    3281 (5.04905, -15.6368) -> [ ]
    3282 (17.6566, 15.7176) -> [ ]
    3283 (6.21393, -23.673) -> [ ]
    3284 (20.3589, -22.9278) -> [ 762 (20.9838, -24.2614); ]
    3285 (20.1756, 5.49574) -> [ ]
    3287 (10.3174, 0.836643) -> [ ]
    3288 (23.1906, -7.15762) -> [ 2065 (23.9727, -7.8703); 2589 (24.7085, -8.44509); ]
    3289 (13.1125, 0.738963) -> [ 1098 (14.523, -0.311256); 4029 (14.4064, -0.432812); ]
    3290 (23.6437, 12.3552) -> [ ]
    3291 (16.4717, 8.44871) -> [ ]
    3292 (21.1082, -4.16271) -> [ 185 (22.4581, -5.26465); 2645 (22.5114, -5.27219); ]
    3293 (9.89574, -14.984) -> [ 1422 (10.275, -16.4499); 4268 (10.3457, -15.8899); 4989 (10.4719, -16.3041); ]
    3295 (9.88106, -7.0828) -> [ 2758 (10.9579, -8.6535); ]
    3297 (23.915, 10.4201) -> [ ]
    3299 (4.22757, -24.0234) -> [ ]
    3300 (12.4527, -22.8334) -> [ ]
    3301 (14.5667, 9.57734) -> [ 79 (14.7306, 10.9593); 2211 (15.7209, 10.9884); 3065 (16.0381, 10.553); ]
    3302 (22.1212, -23.6762) -> [ ]
    3303 (14.5707, 20.7727) -> [ 668 (16.2305, 21.2563); 1389 (15.6553, 21.1103); 4619 (15.7784, 21.3939); ]
    3305 (2.83571, -10.6504) -> [ 686 (2.615, -12.4297); 1466 (3.15996, -12.4559); 3042 (3.07414, -12.2144); 3126 (2.78739, -12.2702); ]
    3306 (7.83822, -0.711943) -> [ ]
    3308 (1.33352, -16.3797) -> [ ]
    3310 (13.8304, -9.3734) -> [ 4946 (14.707, -11.0688); ]
    3312 (9.9919, -19.9248) -> [ 4124 (10.1925, -21.3507); 4439 (10.1728, -21.0211); 4604 (10.4063, -20.893); ]
    3313 (15.4819, 0.189103) -> [ ]
    3314 (22.3618, -21.6424) -> [ 182 (22.9549, -22.6611); 2641 (22.8951, -22.1034); 3387 (22.9331, -22.5569); ]
    3315 (2.04784, 12.2419) -> [ 676 (2.58911, 11.2141); 1290 (2.76098, 11.3126); ]
    3316 (17.9818, -14.4711) -> [ ]
    3317 (8.73291, -2.36887) -> [ 748 (9.48939, -3.01626); ]
    3318 (5.97675, -6.52403) -> [ ]
    3319 (5.79212, -6.0092) -> [ ]
    3320 (15.3162, -13.1816) -> [ ]
    3321 (14.8468, -4.117) -> [ ]
    3322 (18.2448, 19.0973) -> [ 195 (20.0422, 19.4344); 399 (18.5839, 18.9596); 2767 (20.0933, 19.6828); ]
    3323 (4.37784, -16.0757) -> [ ]
    3324 (2.35214, 22.0268) -> [ ]
    3325 (11.8901, -17.7238) -> [ 280 (12.7566, -19.2414); 1020 (12.5953, -18.8172); 2688 (12.7478, -19.1617); ]
    3326 (19.8035, -11.8089) -> [ ]
    3327 (21.0394, -18.2216) -> [ 369 (22.2915, -19.5936); 1526 (22.0802, -19.3386); ]
    3328 (4.18811, 0.0677845) -> [ 971 (4.36981, -1.03694); ]
    3329 (2.95498, -4.41507) -> [ 1125 (3.4557, -5.45883); ]
    3331 (8.38238, 1.50582) -> [ 9 (8.91515, 0.326541); 4094 (9.18212, 0.97732); 4208 (9.26519, 0.602656); ]
    3334 (21.9438, 12.3864) -> [ ]
    3336 (19.1924, 2.86451) -> [ ]
    3338 (6.41574, 10.2089) -> [ 312 (8.23375, 9.59481); 1986 (7.85158, 9.12122); 3012 (7.84632, 9.63463); ]
    3340 (7.32343, -18.7598) -> [ 2796 (7.59511, -20.4516); ]
    3341 (12.8775, 19.2601) -> [ ]
    3342 (7.84664, 0.74491) -> [ ]
    3343 (11.6857, 19.771) -> [ 3162 (13.6364, 20.1559); 3890 (13.5158, 20.2158); ]
    3346 (19.0887, -18.3708) -> [ ]
    3347 (20.8842, 23.3172) -> [ 4000 (21.9532, 23.8599); ]
    3348 (5.38697, 11.7644) -> [ 832 (7.37909, 11.6975); 2166 (6.94642, 11.8837); 2327 (7.15177, 11.2355); ]
    3351 (23.6599, -9.5305) -> [ ]
    3352 (14.2633, 17.9986) -> [ ]
    3353 (21.5861, 13.3416) -> [ 576 (22.886, 14.6113); 655 (22.2337, 13.9713); ]
    3354 (0.826254, 1.52958) -> [ ]
    3357 (23.4889, 12.5497) -> [ ]
    3358 (4.25917, -19.7877) -> [ 2887 (4.20518, -21.3423); ]
    3359 (15.4182, -12.698) -> [ 1291 (16.5816, -13.8958); 2513 (16.5353, -13.7337); ]
    3360 (12.1997, 7.91921) -> [ 1520 (13.8077, 7.45616); 1608 (13.9725, 8.00219); 1895 (13.6808, 7.76386); ]
    3361 (16.8769, -5.85942) -> [ 439 (18.4952, -6.98316); 813 (18.2198, -7.26573); 2720 (17.6906, -7.59899); ]
    3362 (15.1679, -19.5063) -> [ ]
    3363 (4.7328, -12.5365) -> [ 1461 (4.74114, -13.2918); 2613 (4.82009, -14.159); 3917 (5.41753, -14.2725); 4665 (4.6233, -13.595); ]
    3364 (15.7847, 7.89289) -> [ 636 (17.6564, 7.59151); 4443 (16.6286, 8.16949); 4845 (17.4598, 7.79727); ]
    3365 (16.2488, 12.4786) -> [ ]
    3366 (7.97373, -9.00572) -> [ ]
    3367 (5.62389, 20.5604) -> [ 3455 (6.68342, 21.5029); ]
    3368 (13.8057, -14.8699) -> [ ]
    3369 (21.9901, -6.14713) -> [ ]
    3370 (19.9954, -0.932358) -> [ 77 (21.5814, -1.94224); 1576 (20.908, -1.41094); ]
    3371 (18.6358, 6.44621) -> [ ]
    3372 (9.47264, 0.429012) -> [ ]
    3373 (19.7825, -13.3619) -> [ ]
    3374 (5.02936, -4.30794) -> [ 3010 (5.75852, -5.50029); ]
    3375 (22.8891, 20.8386) -> [ 3339 (24.3008, 21.3774); ]
    3377 (7.32461, 17.0466) -> [ ]
    3378 (24.2926, 3.00562) -> [ ]
    3379 (4.58014, 14.6942) -> [ ]
    3380 (11.7444, 2.3521) -> [ 4314 (12.8797, 1.44059); 4820 (13.0088, 1.82436); ]
    3386 (7.99614, -13.0042) -> [ 1427 (8.64184, -14.0678); 1458 (8.3883, -14.6122); ]
    3387 (22.9331, -22.5569) -> [ ]
    3388 (19.0334, 17.9015) -> [ 1616 (20.589, 18.0823); 2135 (20.8358, 18.5939); ]
    3390 (0.217374, -19.7248) -> [ 4421 (0.475321, -21.3874); 4917 (0.00738832, -20.9625); ]
    3391 (11.1444, 18.0816) -> [ ]
    3392 (20.664, 12.2397) -> [ ]
    3394 (22.2062, -10.7598) -> [ 3013 (23.7425, -11.8545); 3456 (23.2777, -11.8348); 3542 (23.1204, -11.9123); 4590 (22.6937, -11.8939); 4793 (23.34, -11.4647); ]
    3395 (23.3866, -6.54121) -> [ ]
    3396 (8.59449, 22.7694) -> [ ]
    3398 (11.1061, 22.3304) -> [ 607 (12.4439, 23.3123); 890 (12.3427, 23.3966); ]
    3399 (23.6676, 19.129) -> [ ]
    3400 (20.2146, 22.6991) -> [ 1677 (21.6085, 23.0743); 2342 (21.6793, 22.9219); ]
    3401 (14.7672, -3.34459) -> [ 703 (15.8208, -4.84412); 895 (15.9197, -4.91062); 1069 (15.8902, -4.69929); 1663 (15.6603, -4.50337); 2840 (15.5196, -4.86174); 3205 (15.6407, -5.09429); ]
    3402 (19.7213, 1.19051) -> [ 3548 (20.5648, 0.352292); ]
    3403 (0.0938207, -18.7332) -> [ ]
    3404 (13.2168, 16.9898) -> [ 518 (14.6054, 16.3292); 649 (14.0735, 15.5775); 1869 (15.0295, 17.2651); 2040 (14.7474, 16.8233); 2087 (13.7543, 15.2388); 2105 (14.0496, 15.4738); 2172 (15.0122, 16.7538); 2206 (15.102, 16.6389); 2421 (15.0532, 17.0429); 2581 (14.8415, 16.4208); 3765 (14.4593, 16.7747); 4364 (14.2276, 16.7459); 4468 (14.4593, 17.2562); 4588 (14.4149, 15.8641); 4591 (14.8501, 16.2401); 4788 (13.7378, 15.3142); ]
    3405 (6.36904, -22.1885) -> [ ]
    3406 (5.79103, -2.08528) -> [ ]
    3407 (0.506165, -6.00049) -> [ 778 (0.156755, -6.97424); 2126 (0.245944, -7.43486); 2821 (0.258812, -7.20054); 4844 (0.31729, -7.04045); ]
    3408 (21.958, -7.85214) -> [ ]
    3409 (5.93898, 19.2327) -> [ 1907 (7.40217, 20.3344); 3476 (7.11869, 20.1963); 3597 (7.48884, 20.1147); ]
    3410 (13.0899, 23.4492) -> [ ]
    3411 (21.7097, 22.7344) -> [ 353 (22.3381, 23.0839); ]
    3412 (18.3444, 5.83294) -> [ 2649 (19.4463, 5.58653); 3813 (19.4806, 4.94234); ]
    3413 (8.76569, -15.5087) -> [ ]
    3414 (18.4428, 3.35096) -> [ 3865 (19.0681, 2.14197); ]
    3415 (2.5194, -12.2467) -> [ 287 (2.78329, -12.7688); 3240 (2.95768, -13.9256); ]
    3416 (15.8623, 21.2957) -> [ ]
    3417 (8.78065, 4.24006) -> [ ]
    3418 (4.73653, 1.32834) -> [ 68 (5.14451, 0.667933); 1842 (5.07681, 0.0577392); 2023 (5.09156, 0.438677); ]
    3420 (5.95372, -12.4743) -> [ ]
    3421 (18.0601, -20.6541) -> [ ]
    3422 (23.2207, 6.53364) -> [ 817 (24.8687, 6.23077); 1644 (24.4065, 5.57216); 2459 (23.9451, 5.8978); ]
    3425 (4.36226, -22.6736) -> [ 325 (4.23127, -23.8096); 1798 (4.33201, -23.9946); ]
    3426 (11.2045, -8.73486) -> [ 529 (11.6554, -8.86292); 1987 (11.5225, -10.212); ]
    3428 (12.6347, -22.6093) -> [ ]
    3429 (21.4242, 12.5577) -> [ ]
    3430 (11.0191, -15.336) -> [ 316 (11.5058, -16.6106); 4836 (11.301, -16.5574); ]
    3431 (15.2471, -4.35274) -> [ 589 (16.4183, -5.55382); ]
    3432 (10.2473, -12.5079) -> [ ]
    3433 (15.3246, -22.916) -> [ 2189 (15.9044, -24.793); 2822 (15.8332, -24.6014); 3653 (15.7025, -24.5459); ]
    3434 (11.3524, -10.861) -> [ ]
    3435 (16.2018, -6.67678) -> [ ]
    3436 (21.3971, -5.27082) -> [ ]
    3437 (8.29479, -0.772865) -> [ ]
    3438 (23.2232, -10.5) -> [ 481 (24.0224, -11.5848); 3851 (24.2098, -11.7899); 4510 (24.7077, -11.5216); 4837 (24.0267, -11.6327); ]
    3439 (2.73956, -8.88917) -> [ ]
    3440 (3.94354, -2.76683) -> [ 1727 (4.51268, -4.40506); ]
    3441 (4.08218, -5.667) -> [ 3992 (4.64879, -7.16716); 4683 (4.45197, -6.84896); ]
    3442 (1.96462, -1.05499) -> [ 4776 (2.57304, -2.39724); ]
    3445 (10.6941, -14.5702) -> [ 677 (11.2421, -16.2688); 1234 (11.1143, -16.3436); ]
    3447 (5.96765, -21.147) -> [ 1841 (6.34171, -23.0704); 2509 (6.29071, -23.0601); 2673 (5.73061, -22.9854); ]
    3448 (1.70562, 15.6743) -> [ 1794 (2.70404, 16.8477); 2484 (2.78446, 16.4387); 4073 (2.2757, 16.7363); ]
    3449 (21.3647, -13.2549) -> [ ]
    3450 (4.778, 22.4935) -> [ 1379 (6.09668, 23.6434); ]
    3451 (10.4531, -3.9816) -> [ ]
    3452 (4.82348, -15.8932) -> [ ]
    3453 (21.7706, -14.9211) -> [ ]
    3454 (2.57148, -5.86229) -> [ 2901 (2.74937, -7.82753); ]
    3455 (6.68342, 21.5029) -> [ 283 (7.89522, 22.4038); 872 (7.93635, 22.6442); 1898 (7.92996, 22.6904); 2358 (7.57918, 22.7086); ]
    3456 (23.2777, -11.8348) -> [ ]
    3458 (15.4985, -1.16677) -> [ 470 (16.6224, -1.99934); 1186 (16.6683, -2.09734); 1768 (16.0104, -1.85994); 3570 (16.9667, -2.22013); ]
    3459 (16.1684, -10.2607) -> [ 190 (16.532, -11.2403); 2736 (16.4605, -11.4967); 2905 (17.1568, -11.4254); 3057 (17.185, -11.4428); 3891 (17.1538, -11.75); 4313 (17.1792, -11.7097); 4598 (17.4288, -11.6972); ]
    3460 (12.3117, 1.47782) -> [ 85 (13.0504, 0.387466); 1237 (13.0386, -0.300331); 2406 (13.0522, -0.368953); ]
    3461 (18.7466, -21.3355) -> [ 1058 (19.7189, -22.7981); 2871 (18.8776, -22.253); ]
    3462 (16.461, 5.75942) -> [ ]
    3463 (11.2017, -12.9398) -> [ ]
    3464 (3.58264, 10.1778) -> [ 327 (5.08254, 8.90337); 1813 (4.42731, 8.59209); 2014 (4.23255, 8.63561); 2251 (4.90613, 8.9234); ]
    3465 (5.70242, -10.4445) -> [ 1928 (5.79506, -11.6119); 3217 (6.17574, -12.2315); 4236 (5.86094, -11.882); ]
    3466 (4.51485, -4.87602) -> [ ]
    3467 (21.0116, -18.7531) -> [ ]
    3468 (24.149, -12.5998) -> [ ]
    3469 (13.2594, 20.2748) -> [ 421 (14.8433, 21.3356); 473 (14.475, 20.977); 963 (14.7406, 20.7494); 1248 (14.8847, 21.274); 1983 (14.9838, 21.2794); 3303 (14.5707, 20.7727); 3660 (15.0675, 20.7893); 3882 (14.3847, 21.175); ]
    3470 (22.9143, -9.73434) -> [ ]
    3471 (1.23174, 23.0138) -> [ 798 (1.11464, 24.7187); 2678 (1.1551, 24.7893); ]
    3472 (24.267, -19.8695) -> [ ]
    3473 (17.8222, 8.34726) -> [ 49 (19.4385, 8.23394); ]
    3474 (17.9711, 20.4075) -> [ 2106 (19.8249, 21.1001); ]
    3475 (11.6529, -20.9579) -> [ 2457 (11.9656, -22.9065); 3837 (12.1975, -22.6923); ]
    3476 (7.11869, 20.1963) -> [ 330 (8.79819, 21.0839); 4254 (8.56064, 20.7039); 4935 (8.60915, 20.7458); ]
    3477 (16.6032, 12.8549) -> [ ]
    3478 (17.3015, 14.1786) -> [ ]
    3480 (3.36913, -1.12939) -> [ 482 (3.6013, -2.86779); 3652 (3.3171, -2.86039); ]
    3481 (13.6101, -6.72287) -> [ ]
    3482 (7.52712, -0.22081) -> [ ]
    3483 (14.1116, -6.15257) -> [ 106 (15.1312, -7.26217); 874 (14.722, -6.57219); ]
    3484 (6.33962, 6.55708) -> [ 796 (7.23175, 5.32393); 2207 (6.72798, 4.98035); ]
    3485 (21.5307, 18.5566) -> [ ]
    3486 (9.85804, -7.62232) -> [ 4066 (10.3025, -8.80701); 4203 (10.5153, -9.40112); ]
    3488 (6.43066, -17.4198) -> [ 3185 (6.7568, -18.8318); ]
    3489 (8.5561, -8.06242) -> [ 2528 (9.31395, -9.21189); ]
    3490 (1.60856, 16.7717) -> [ 177 (2.32493, 17.7388); 1791 (1.01579, 18.4919); ]
    3491 (6.76552, -22.5709) -> [ ]
    3492 (5.22485, 7.6775) -> [ 1272 (6.27969, 6.73923); ]
    3494 (20.1429, 22.4273) -> [ ]
    3495 (6.11364, -20.7569) -> [ 2177 (5.80074, -22.477); ]
    3496 (12.7513, -9.01149) -> [ 2160 (14.2681, -10.2699); 2640 (13.2911, -10.6838); ]
    3497 (3.27902, -15.6024) -> [ ]
    3499 (21.7255, 15.3169) -> [ ]
    3500 (13.4459, -14.8605) -> [ 410 (13.6771, -16.7793); ]
    3501 (19.2101, -5.42247) -> [ ]
    3502 (17.0302, -22.1591) -> [ 197 (17.9702, -23.7387); 1143 (17.3112, -23.8181); 1715 (17.4377, -23.698); 1952 (17.6832, -23.4888); 2526 (17.4608, -23.8034); 4883 (17.578, -23.701); ]
    3503 (23.6494, -18.1488) -> [ 201 (24.6507, -19.2974); 3105 (24.3634, -18.8301); ]
    3504 (17.3908, 7.25438) -> [ ]
    3505 (2.65631, 15.0772) -> [ 1010 (4.50338, 15.428); 3379 (4.58014, 14.6942); 4584 (4.41634, 14.6165); ]
    3506 (0.759727, 11.2816) -> [ 4415 (0.530228, 10.1099); ]
    3508 (15.0877, 1.23123) -> [ ]
    3509 (16.9899, -16.5124) -> [ 1495 (17.6108, -17.2391); 2031 (17.8501, -17.6597); 2861 (17.2091, -17.4471); 4043 (17.4501, -18.2931); 4833 (17.6805, -17.6973); ]
    3510 (14.0214, -12.0513) -> [ 250 (14.9155, -13.3631); 260 (14.7506, -13.6791); 713 (14.7302, -13.7055); 2801 (14.4956, -13.6847); 3165 (15.1147, -13.5436); ]
    3511 (4.51719, 0.587173) -> [ 4451 (4.93427, -0.718768); 4593 (4.71693, -0.810795); ]
    3513 (21.0862, -1.62115) -> [ 163 (22.4923, -2.39212); 720 (22.7674, -1.88673); 1749 (22.6252, -2.56546); 2967 (22.1365, -2.08833); 3166 (22.026, -2.35125); 3736 (23.0184, -2.08465); ]
    3514 (5.1882, -7.14717) -> [ 2369 (6.1789, -8.83734); ]
    3518 (7.37336, -1.54744) -> [ ]
    3519 (7.29746, 16.903) -> [ 727 (9.05837, 16.9428); 1774 (9.19138, 17.2572); ]
    3520 (19.6223, 15.9245) -> [ 1254 (20.5892, 15.8095); 2609 (21.2532, 15.678); 3116 (21.0281, 15.7627); 4781 (20.5776, 15.7362); ]
    3522 (23.2209, 0.0645684) -> [ ]
    3523 (16.717, 3.93174) -> [ ]
    3524 (14.4427, -2.7611) -> [ 3321 (14.8468, -4.117); 3431 (15.2471, -4.35274); 4108 (14.8013, -4.41344); ]
    3525 (12.2907, -4.04959) -> [ ]
    3527 (23.7863, -22.4811) -> [ 438 (24.6937, -23.9976); 2331 (24.6642, -23.6572); ]
    3528 (15.1116, -12.7925) -> [ ]
    3530 (21.1036, -7.33592) -> [ ]
    3531 (9.81688, -21.2299) -> [ ]
    3532 (10.4681, -22.5769) -> [ ]
    3533 (4.38133, -11.3021) -> [ ]
    3534 (12.9403, 18.7607) -> [ ]
    3535 (0.53558, -13.4215) -> [ ]
    3536 (15.3751, 7.16886) -> [ 2551 (16.5462, 7.51025); 2860 (16.4124, 7.60655); 4773 (15.9664, 7.60068); ]
    3537 (3.05294, 7.61673) -> [ 672 (3.29603, 5.6609); 1093 (4.04627, 5.9654); ]
    3538 (16.6115, -12.1571) -> [ 370 (16.897, -13.226); 1586 (17.5678, -13.7852); 3049 (16.9804, -13.0373); ]
    3539 (5.18515, -15.1691) -> [ 794 (5.16301, -15.5374); 1269 (5.26352, -15.761); 1808 (5.88826, -16.4679); 2078 (5.22406, -15.6324); 3281 (5.04905, -15.6368); 3885 (5.19868, -16.2137); 4232 (5.78698, -16.4764); ]
    3540 (2.87476, 7.86133) -> [ 493 (3.01303, 6.16193); 2145 (3.11451, 5.94648); 2864 (3.2364, 6.25582); 4037 (2.93541, 6.26374); ]
    3542 (23.1204, -11.9123) -> [ 4675 (24.5135, -12.6946); ]
    3544 (16.5753, 12.6519) -> [ ]
    3545 (14.6942, -12.3873) -> [ 32 (15.0622, -12.9062); 235 (15.5564, -13.8843); 1141 (15.228, -12.8064); 1307 (15.3618, -13.7189); 2144 (15.8117, -13.3732); 3320 (15.3162, -13.1816); 3528 (15.1116, -12.7925); 3915 (15.2625, -13.2592); 4898 (15.1089, -12.8753); ]
    3546 (7.35749, 15.7366) -> [ 1056 (8.56966, 15.9292); 2639 (9.0216, 15.4223); 3075 (8.81148, 15.1746); ]
    3547 (6.61721, 5.96515) -> [ 883 (6.50096, 4.76549); 1072 (7.8274, 4.70135); 1199 (7.8798, 4.66203); 2199 (7.68854, 4.79224); 2937 (7.03532, 4.47668); ]
    3548 (20.5648, 0.352292) -> [ ]
    3549 (8.48498, -7.12496) -> [ ]
    3550 (18.7117, 0.205175) -> [ 1018 (20.4173, -0.63589); 1212 (19.6697, -0.922141); ]
    3551 (15.8235, 0.73442) -> [ ]
    3552 (10.5821, -17.6934) -> [ 1105 (11.1056, -18.9354); ]
    3553 (13.6185, 8.56973) -> [ 1939 (14.8474, 9.69669); 2553 (15.0831, 9.07586); 2558 (14.9311, 8.8661); 3998 (15.3248, 9.02061); ]
    3554 (15.3868, 6.91687) -> [ 688 (17.16, 6.73323); 4818 (16.3276, 6.3416); 4979 (16.4477, 6.01472); ]
    3555 (23.5834, -1.52941) -> [ 4940 (24.621, -2.19468); ]
    3556 (5.81801, -18.4577) -> [ 1614 (5.96717, -19.4786); ]
    3557 (10.7612, 7.48795) -> [ ]
    3558 (21.4359, -20.4585) -> [ 3314 (22.3618, -21.6424); 3766 (21.8379, -21.3163); ]
    3559 (10.3239, 20.9815) -> [ ]
    3560 (14.8334, 12.8415) -> [ ]
    3561 (4.09292, 12.3342) -> [ 2245 (5.45781, 11.5892); ]
    3563 (0.783063, 3.84689) -> [ 3224 (1.02496, 2.41447); ]
    3564 (21.6436, 21.8959) -> [ ]
    3566 (1.8934, 0.410981) -> [ 1439 (2.30778, -1.03275); 2533 (2.22126, -0.784973); 3442 (1.96462, -1.05499); ]
    3567 (12.334, 21.3449) -> [ 116 (13.4672, 22.4892); 320 (13.4596, 22.3888); 3794 (13.7486, 22.7563); ]
    3568 (20.2601, 12.4732) -> [ 623 (21.5682, 12.9067); 1031 (21.4231, 13.2761); 1419 (22.0276, 12.5097); 1660 (21.2391, 12.9141); 1695 (21.7389, 13.277); 1793 (20.7404, 13.1154); 1806 (21.6915, 12.5573); 2588 (21.9068, 12.9703); 2590 (21.9641, 12.7986); 2865 (21.5386, 12.4422); 2928 (21.7661, 12.4252); 3027 (21.5279, 13.6261); 3221 (21.0456, 13.1267); 3353 (21.5861, 13.3416); 3429 (21.4242, 12.5577); 4813 (21.8035, 13.387); ]
    3569 (4.68953, 16.3007) -> [ 3573 (6.50136, 16.9892); 3577 (5.96096, 17.1517); 4003 (6.50375, 16.9463); ]
    3570 (16.9667, -2.22013) -> [ 223 (17.7611, -3.50341); 1074 (17.6249, -2.97401); 2156 (18.0922, -2.76887); 4315 (18.6603, -3.14745); ]
    3571 (14.0216, 5.88558) -> [ ]
    3572 (7.35944, 0.309099) -> [ 1690 (8.45388, -0.513426); 2027 (8.52378, -0.927309); ]
    3574 (19.9033, 13.9105) -> [ ]
    3575 (14.0347, 22.206) -> [ 236 (15.3277, 23.2231); 781 (14.803, 22.8083); ]
    3576 (24.6376, 4.07352) -> [ ]
    3577 (5.96096, 17.1517) -> [ 461 (7.81376, 17.7692); ]
    3578 (17.7536, -18.365) -> [ ]
    3579 (18.2555, -1.19417) -> [ 663 (18.7393, -2.23901); 1027 (18.8477, -2.26076); 1332 (19.4024, -1.90301); 1341 (19.1078, -2.69445); 1862 (19.0564, -2.53496); 1989 (19.0582, -2.0203); 2101 (18.6564, -2.44983); 2301 (19.8244, -2.25836); 2656 (19.0165, -2.48974); 3235 (19.1389, -2.658); 3646 (18.9518, -2.24083); 4091 (19.6665, -2.43241); ]
    3580 (19.3338, -13.6505) -> [ 3834 (20.1776, -14.5502); 4666 (19.6784, -14.4495); ]
    3582 (0.245202, 17.5639) -> [ 3104 (0.137241, 18.7345); ]
    3584 (4.76353, 21.7568) -> [ ]
    3585 (4.01372, -22.6137) -> [ 4513 (4.30356, -24.0871); ]
    3586 (7.05997, -8.31563) -> [ 2382 (7.79855, -9.6933); 3237 (7.25479, -9.43316); ]
    3587 (8.56173, -8.71404) -> [ ]
    3588 (3.80494, 10.4502) -> [ 204 (4.93483, 9.14106); ]
    3592 (13.727, 11.5806) -> [ ]
    3594 (9.26565, 19.2119) -> [ 938 (11.0026, 19.5127); 1193 (10.8497, 19.5829); 2322 (11.021, 19.5158); 2672 (10.6817, 20.2313); 3333 (10.8784, 19.8125); ]
    3596 (10.7271, -2.45828) -> [ 970 (11.1172, -2.64785); ]
    3597 (7.48884, 20.1147) -> [ 2790 (9.03492, 20.6209); ]
    3598 (4.1614, -10.5143) -> [ ]
    3600 (20.0711, -8.88355) -> [ 3725 (21.0058, -9.76882); ]
    3601 (19.4644, -21.8426) -> [ 1688 (20.5363, -23.4409); 3284 (20.3589, -22.9278); ]
    3602 (4.84474, 13.1932) -> [ ]
    3604 (8.67661, 22.7291) -> [ 155 (10.4993, 23.0861); 3234 (9.6223, 24.2885); ]
    3605 (16.8534, 5.07361) -> [ 143 (17.167, 4.06584); 788 (18.6247, 4.67863); ]
    3606 (23.6219, 9.81657) -> [ 952 (24.9546, 10.1073); ]
    3608 (20.8826, -4.97494) -> [ ]
    3611 (15.478, -19.2294) -> [ 2611 (15.9376, -20.3055); ]
    3612 (21.9024, -2.94985) -> [ 1094 (23.0792, -3.63834); 2287 (23.2462, -3.57491); ]
    3613 (12.3071, 19.9659) -> [ 3469 (13.2594, 20.2748); ]
    3615 (10.4746, -20.0153) -> [ 1517 (10.5924, -21.6446); 2356 (10.7097, -21.9626); 4539 (10.9389, -21.4213); ]
    3616 (10.8682, -19.7335) -> [ 2852 (11.3918, -20.8973); ]
    3618 (2.53912, -12.3672) -> [ 1881 (2.83118, -14.2684); 4653 (2.44377, -13.7429); ]
    3620 (21.1054, 3.73835) -> [ 286 (22.7512, 3.29299); 516 (22.7627, 2.8311); 625 (22.619, 3.25674); 3020 (22.8639, 2.98516); 4038 (22.7256, 3.15627); ]
    3622 (3.16372, 17.7763) -> [ 835 (4.70935, 18.9407); 3843 (4.43781, 19.1991); 4429 (4.17874, 19.4475); ]
    3623 (0.861025, -4.947) -> [ 406 (1.11585, -6.57051); 1200 (0.909445, -6.74104); 1682 (0.237478, -6.42847); 2329 (1.09674, -6.47849); 2646 (0.527933, -5.84358); 2856 (0.871456, -6.14014); 3407 (0.506165, -6.00049); 4545 (0.248552, -6.12266); ]
    3624 (18.2886, 12.7479) -> [ ]
    3625 (13.7267, -3.35502) -> [ 4484 (14.2118, -4.81278); 4950 (14.4954, -5.17392); ]
    3626 (22.3211, -5.2288) -> [ ]
    3627 (1.33318, -1.1147) -> [ 1263 (1.52575, -2.91987); 3213 (1.25195, -2.77937); 4275 (1.14991, -2.13021); ]
    3628 (0.874958, 18.1495) -> [ 549 (1.01141, 19.4584); 735 (0.343898, 19.4668); 1371 (0.728943, 19.49); 1782 (0.772445, 19.3302); 3848 (0.592803, 19.5368); 4142 (0.352683, 18.8645); ]
    3629 (22.9923, 10.9542) -> [ 2073 (23.9525, 11.3025); ]
    3630 (13.1359, 18.2857) -> [ 1850 (14.0858, 18.574); 1863 (13.9949, 18.7063); 3062 (14.7809, 19.1045); ]
    3631 (11.7415, -16.3356) -> [ ]
    3632 (3.99197, -1.74575) -> [ ]
    3634 (0.00999175, 8.90237) -> [ 616 (0.129886, 7.30572); 1603 (0.20317, 8.00682); ]
    3635 (20.5986, -6.44278) -> [ 2077 (21.9049, -7.90462); 3408 (21.958, -7.85214); ]
    3637 (18.0411, -9.09735) -> [ 174 (18.6633, -9.73059); 1353 (18.6374, -10.3139); 2043 (18.254, -9.68294); ]
    3638 (19.5114, 8.92301) -> [ 2505 (21.0441, 8.9855); ]
    3642 (15.5495, 3.97761) -> [ 820 (17.0663, 3.20116); ]
    3643 (3.94112, -8.98647) -> [ 4977 (3.78963, -9.69928); ]
    3645 (8.83262, 6.7745) -> [ 1194 (9.81949, 5.33224); 1668 (10.4589, 6.27708); ]
    3646 (18.9518, -2.24083) -> [ ]
    3647 (4.55758, 9.98207) -> [ 1882 (4.56467, 8.28273); ]
    3648 (3.22076, -0.145677) -> [ ]
    3649 (4.22771, -14.6382) -> [ ]
    3650 (7.3088, -3.82598) -> [ 374 (7.30364, -5.57576); 2472 (7.08363, -4.85086); 4756 (7.46269, -5.4157); ]
    3651 (23.5691, 18.5381) -> [ ]
    3652 (3.3171, -2.86039) -> [ 612 (3.90117, -4.65949); 1130 (4.1795, -4.55273); 1940 (3.36995, -4.23244); 2985 (3.29687, -4.52626); ]
    3655 (16.5158, 12.93) -> [ ]
    3656 (15.8794, 24.0015) -> [ ]
    3657 (23.8811, 20.5252) -> [ 893 (24.9727, 20.5099); 4996 (24.0463, 20.5641); ]
    3658 (6.99295, -12.6726) -> [ 4746 (7.46808, -13.8627); ]
    3659 (13.5159, 4.24518) -> [ ]
    3660 (15.0675, 20.7893) -> [ 742 (15.4301, 20.8949); 1848 (15.819, 20.856); ]
    3661 (15.9977, 0.745786) -> [ 1316 (17.222, -0.324853); 4136 (17.4121, -0.0981964); 4905 (17.3544, -0.231421); ]
    3662 (14.6423, -14.3031) -> [ 519 (14.6674, -15.8123); 4542 (15.1969, -15.3534); ]
    3664 (4.87044, -15.8335) -> [ 168 (4.74174, -17.1919); 1412 (5.10343, -16.4966); 2857 (5.32589, -17.4603); 4447 (4.44016, -17.6648); 4572 (5.31838, -17.289); 4712 (4.91342, -17.2199); ]
    3665 (22.2829, 1.61527) -> [ ]
    3666 (7.27837, 2.77057) -> [ 1139 (8.23673, 1.09809); 2107 (8.35893, 2.39437); 3111 (7.83918, 1.2101); 3331 (8.38238, 1.50582); ]
    3667 (4.83245, -4.67014) -> [ ]
    3668 (6.98793, -16.5978) -> [ 1013 (7.30508, -17.9502); 2701 (7.15203, -17.892); ]
    3669 (22.5855, -22.7558) -> [ 2689 (23.5444, -23.9249); ]
    3670 (8.77717, 4.32768) -> [ 338 (9.76726, 3.77829); 1372 (9.6652, 4.11677); 1889 (9.79287, 3.67568); ]
    3672 (24.2894, -16.5756) -> [ 556 (24.6285, -16.9505); 1156 (24.8052, -17.3155); 1491 (24.6812, -17.1299); ]
    3673 (22.9244, 2.1557) -> [ 145 (23.7354, 2.04006); 3591 (24.5036, 1.3261); ]
    3674 (18.7584, 18.8485) -> [ 1217 (20.3137, 19.0988); 2465 (20.2008, 19.8218); 2893 (20.4944, 19.3586); ]
    3675 (20.0795, 13.2283) -> [ 129 (21.7198, 14.0295); 2161 (20.7846, 13.3934); ]
    3676 (24.2279, 10.2067) -> [ ]
    3677 (23.4532, -19.5718) -> [ 828 (24.3023, -20.8689); 3860 (24.6062, -20.7388); ]
    3680 (4.6674, -23.3921) -> [ 789 (4.65811, -24.7443); ]
    3682 (13.5481, -7.33671) -> [ ]
    3683 (11.546, -13.1294) -> [ 1506 (12.159, -14.1736); 2235 (12.3941, -14.3308); 2453 (11.989, -13.8925); 2712 (12.0729, -13.8357); 3168 (11.6696, -14.4515); ]
    3684 (17.6667, 18.1549) -> [ 317 (19.1358, 18.2363); 2666 (19.0405, 18.7872); ]
    3685 (1.74557, 16.7429) -> [ ]
    3686 (14.3636, -7.13973) -> [ 119 (15.2694, -8.79162); 858 (15.861, -7.97641); 3200 (15.9148, -8.29546); ]
    3687 (13.1178, -4.89486) -> [ 1235 (14.1231, -6.405); 1785 (14.1221, -6.15874); 3078 (13.9484, -6.21816); 3483 (14.1116, -6.15257); ]
    3688 (21.3135, -6.62354) -> [ 2277 (22.066, -7.10399); ]
    3689 (10.5138, 17.8881) -> [ 198 (12.1128, 19.0227); 1276 (12.2359, 18.4909); 1581 (11.9775, 17.4701); 2198 (11.7346, 18.4909); 2743 (12.1644, 18.9); 2809 (12.2948, 18.2899); ]
    3690 (11.9264, -0.360546) -> [ 946 (11.8521, -0.857013); 1283 (12.9801, -0.863314); 2668 (13.2083, -1.26768); ]
    3695 (22.0669, -8.7621) -> [ ]
    3696 (16.6096, 2.6352) -> [ ]
    3698 (23.1027, 18.7794) -> [ 3841 (24.2174, 18.8893); 3847 (24.6354, 19.2366); ]
    3699 (20.4161, -13.2086) -> [ 76 (20.8591, -13.8922); 1618 (21.0636, -14.3523); 1958 (21.3045, -14.8686); ]
    3700 (15.913, 10.0573) -> [ 153 (17.2321, 11.3708); 1151 (17.7048, 10.4261); 2756 (17.1734, 11.4028); 2979 (16.879, 10.7243); ]
    3701 (14.9601, -23.4987) -> [ 2241 (15.4503, -24.7192); ]
    3702 (5.54816, 15.3572) -> [ 22 (6.95659, 15.8734); 364 (6.9613, 14.9637); 3546 (7.35749, 15.7366); 3873 (7.04327, 15.8253); 3993 (7.2586, 15.7521); ]
    3703 (10.3278, 23.2567) -> [ ]
    3704 (22.5301, 7.78922) -> [ 531 (24.0062, 8.38415); 1082 (24.0888, 7.5817); 1909 (24.1465, 8.09693); 2095 (23.855, 7.69841); 4261 (23.6091, 7.21459); ]
    3705 (15.157, 18.4584) -> [ 802 (16.7773, 19.2646); 1264 (16.3868, 18.8499); ]
    3706 (10.168, -22.6518) -> [ 425 (10.6323, -24.0956); 1073 (10.4715, -24.5107); 1076 (10.5785, -24.5795); ]
    3710 (5.86305, -1.45988) -> [ ]
    3711 (8.55698, 22.8487) -> [ ]
    3712 (7.82684, -7.93803) -> [ ]
    3714 (20.6641, -12.3208) -> [ ]
    3716 (1.95625, -20.5399) -> [ 945 (1.79834, -21.6275); 1117 (1.41721, -21.8144); 1447 (1.94314, -22.3474); 1847 (1.77167, -22.4968); 2278 (1.62886, -20.8898); 4060 (1.40857, -22.1651); 4520 (2.0938, -21.8662); ]
    3717 (14.1585, -22.8348) -> [ 726 (14.9664, -24.1547); 1164 (14.7775, -24.3188); 3609 (15.0264, -24.142); ]
    3719 (19.7934, -21.9134) -> [ 592 (20.344, -23.7057); ]
    3720 (6.82488, -5.50395) -> [ ]
    3721 (13.0506, -0.655411) -> [ ]
    3724 (15.6633, -1.55461) -> [ 1655 (16.2335, -3.46303); 2089 (16.9071, -2.65703); ]
    3725 (21.0058, -9.76882) -> [ 110 (22.0382, -10.4434); 998 (22.3648, -11.1958); 2203 (21.591, -10.7677); 3187 (21.9754, -10.2725); 3394 (22.2062, -10.7598); ]
    3726 (9.44808, -10.8594) -> [ 632 (10.5193, -12.4533); 3015 (10.5145, -12.1696); ]
    3727 (10.7448, 20.4465) -> [ ]
    3728 (17.3503, -10.7478) -> [ 1312 (18.4003, -12.0391); 4339 (18.6969, -11.9764); 4595 (18.7382, -12.136); ]
    3729 (0.0981528, -11.261) -> [ ]
    3730 (8.20458, -15.3723) -> [ 1667 (8.2655, -17.241); 2908 (8.35806, -16.9944); ]
    3731 (8.05164, -12.1218) -> [ ]
    3732 (13.5686, -4.04699) -> [ ]
    3733 (1.50499, -13.6469) -> [ ]
    3735 (0.791161, -17.825) -> [ ]
    3736 (23.0184, -2.08465) -> [ 3663 (24.8078, -2.76251); 4123 (24.3985, -2.60078); ]
    3737 (1.40683, -11.8628) -> [ ]
    3738 (15.6231, 22.2496) -> [ 1426 (16.1092, 22.5494); ]
    3739 (24.3035, 14.4649) -> [ ]
    3742 (4.58435, 23.2213) -> [ ]
    3743 (0.420562, -16.7613) -> [ ]
    3744 (16.282, 20.3427) -> [ ]
    3745 (21.624, 6.32054) -> [ 485 (22.7649, 6.28972); 658 (23.0537, 6.22558); 1424 (22.7159, 5.84514); 2076 (22.8352, 5.29185); 3134 (23.1491, 5.5467); 3422 (23.2207, 6.53364); ]
    3747 (18.4428, -14.5832) -> [ 56 (19.0007, -15.4445); 82 (18.8045, -14.8319); 683 (18.947, -14.9674); 1637 (19.2276, -15.9171); 1931 (18.636, -15.4786); ]
    3749 (13.9618, -7.81535) -> [ ]
    3750 (2.24876, -14.5243) -> [ 356 (2.75425, -16.2007); 1052 (2.40445, -16.1595); 3103 (2.34759, -16.2092); ]
    3751 (17.4851, 13.0735) -> [ 711 (18.6973, 13.4198); 1892 (18.7816, 13.5462); 1977 (18.5308, 13.3217); ]
    3752 (8.43024, -2.4239) -> [ 1669 (9.34236, -3.43997); 2989 (9.16076, -3.11381); ]
    3753 (1.31803, 16.2185) -> [ 911 (1.99135, 17.2797); 1756 (2.24459, 17.1921); ]
    3754 (12.3803, -6.09395) -> [ 420 (12.6712, -7.02666); 1772 (12.5679, -7.26938); 1851 (12.8708, -7.3007); ]
    3755 (18.6743, -8.86082) -> [ 3092 (18.6508, -9.61163); 4997 (19.7736, -10.1651); ]
    3756 (5.61463, -15.9157) -> [ 487 (6.18112, -17.3612); ]
    3757 (22.8304, -5.29012) -> [ ]
    3758 (23.5131, -9.00546) -> [ 442 (24.4677, -10.6243); 3350 (24.8429, -10.3906); 4064 (24.4531, -10.6728); ]
    3759 (17.678, -4.06393) -> [ ]
    3760 (18.7022, 17.1762) -> [ 2310 (20.0313, 16.8141); 2839 (20.6434, 17.047); 4428 (19.6787, 16.8445); 4762 (19.6792, 17.2153); ]
    3761 (11.7541, 5.59971) -> [ ]
    3762 (8.6034, 17.6825) -> [ 157 (10.5018, 17.8375); 670 (10.5428, 17.2957); 827 (10.2566, 16.9005); 1016 (9.86709, 18.2703); 1355 (10.2878, 17.9495); 2029 (10.3233, 17.3417); 2978 (10.4684, 17.5438); 3424 (10.0367, 16.849); 3427 (10.1386, 16.4707); 3689 (10.5138, 17.8881); ]
    3763 (6.63225, -19.704) -> [ ]
    3764 (9.00849, -6.47505) -> [ 25 (9.26857, -7.13366); 469 (9.92423, -7.91569); 669 (9.32526, -6.99877); 882 (9.83331, -7.97785); ]
    3765 (14.4593, 16.7747) -> [ ]
    3766 (21.8379, -21.3163) -> [ 570 (22.4431, -22.5966); 3669 (22.5855, -22.7558); ]
    3767 (0.899423, -4.21471) -> [ 1287 (0.018069, -5.54958); 2391 (0.29278, -5.69465); 3526 (0.0232946, -5.89857); ]
    3768 (12.0915, 9.27217) -> [ 4985 (12.9267, 10.6704); ]
    3769 (3.56567, -9.38038) -> [ ]
    3770 (3.64678, 7.92496) -> [ 4752 (4.5669, 7.26175); ]
    3771 (16.0418, -23.3402) -> [ 1245 (16.5679, -24.875); 2815 (16.3931, -24.8723); 2826 (16.389, -24.3706); ]
    3774 (11.5503, -19.5644) -> [ 4779 (12.056, -20.8409); ]
    3775 (23.4093, -19.3524) -> [ ]
    3776 (5.49384, 1.89118) -> [ 3892 (6.27207, 0.135452); ]
    3777 (18.5892, 9.75361) -> [ ]
    3779 (18.308, -12.8774) -> [ 1441 (19.5053, -14.1189); 1565 (19.0283, -14.2523); 3580 (19.3338, -13.6505); 3798 (19.6262, -14.1717); 3878 (18.9759, -14.1508); ]
    3780 (20.643, 23.7372) -> [ 463 (21.1883, 24.304); 2153 (21.5498, 24.1935); ]
    3781 (17.0024, -13.2929) -> [ 3036 (17.7774, -14.4207); ]
    3782 (24.4686, 12.9924) -> [ 1761 (24.9218, 13.1454); ]
    3783 (13.5964, -1.88421) -> [ ]
    3785 (0.828189, -12.7036) -> [ 3906 (1.21613, -14.2481); ]
    3786 (17.2029, 7.07142) -> [ 717 (18.5953, 7.25727); ]
    3787 (3.26562, -15.4471) -> [ 626 (3.48277, -16.4889); 3236 (3.65004, -17.3268); 4804 (3.43757, -16.4381); ]
    3788 (8.4265, 7.10411) -> [ 123 (9.21439, 5.89936); 245 (9.95161, 6.20482); 2784 (10.2321, 6.28273); 4585 (10.0639, 6.17968); ]
    3790 (17.3087, 21.1829) -> [ 3276 (17.9378, 21.4443); ]
    3791 (5.4977, 18.7678) -> [ 3008 (7.14719, 19.5207); ]
    3792 (12.1383, -6.49412) -> [ 3956 (13.1115, -8.03941); ]
    3793 (11.691, 17.9352) -> [ ]
    3795 (3.20868, -19.8097) -> [ 142 (3.24903, -21.1662); 507 (3.42369, -21.3134); 725 (3.52521, -21.5034); 1162 (2.80024, -21.2834); 1872 (3.30355, -20.7271); 2424 (3.38839, -20.6899); ]
    3796 (8.55132, -20.0185) -> [ 1724 (9.19774, -21.4543); 1919 (8.78367, -21.9981); 2325 (8.87524, -21.6785); 2549 (8.68529, -21.2198); 2626 (8.71368, -21.9025); 2724 (9.05436, -21.4907); 3136 (9.19265, -21.8141); 4814 (8.90297, -21.0607); ]
    3797 (4.9972, -19.8233) -> [ ]
    3798 (19.6262, -14.1717) -> [ 382 (20.4648, -15.9421); 2051 (20.3278, -16.0039); ]
    3799 (17.7085, 5.08663) -> [ 2237 (19.1985, 4.08072); 4349 (19.1376, 4.37345); ]
    3801 (10.5029, -5.7525) -> [ 3124 (10.7846, -7.04819); ]
    3802 (18.4548, 2.82878) -> [ 4891 (19.9882, 2.47749); ]
    3803 (6.55648, -19.4922) -> [ 2243 (6.5561, -21.241); 2949 (6.53812, -21.0195); ]
    3804 (22.8262, 16.6479) -> [ ]
    3805 (11.6659, -23.0043) -> [ 184 (12.1428, -23.5553); 859 (12.1539, -24.4542); 1374 (12.0791, -24.146); 1659 (11.8172, -23.4099); 4100 (12.5147, -24.5905); ]
    3806 (13.0026, -14.3465) -> [ 55 (13.1072, -15.2823); 1628 (13.845, -16.033); ]
    3807 (1.09344, 16.1533) -> [ 349 (1.13834, 17.3053); ]
    3808 (5.07554, -4.26165) -> [ 3319 (5.79212, -6.0092); ]
    3809 (19.0017, 16.1883) -> [ 328 (20.3748, 16.1727); 841 (19.4317, 16.3184); 4058 (20.9399, 16.0271); ]
    3810 (3.99496, 16.6926) -> [ 1563 (4.90319, 18.1231); ]
    3812 (15.0672, -0.582927) -> [ 3230 (16.5858, -1.47109); 4086 (16.195, -1.41026); ]
    3814 (23.3071, 10.167) -> [ 562 (24.725, 10.6835); ]
    3815 (16.5548, -19.7253) -> [ 300 (17.4959, -20.7207); 2269 (17.4935, -21.381); 3345 (17.6815, -21.2808); 4528 (17.5116, -21.3939); ]
    3816 (5.30043, 0.628482) -> [ ]
    3817 (5.1345, -5.07675) -> [ 695 (6.09029, -6.40764); 3318 (5.97675, -6.52403); ]
    3818 (11.3395, -19.6388) -> [ 3475 (11.6529, -20.9579); ]
    3819 (22.6935, 12.5408) -> [ 747 (23.9714, 12.6246); 3357 (23.4889, 12.5497); 3782 (24.4686, 12.9924); ]
    3820 (15.0272, -19.9172) -> [ 836 (15.4765, -21.5092); ]
    3822 (5.73066, 17.8483) -> [ 4424 (7.45064, 18.4182); ]
    3824 (0.0102138, 23.9013) -> [ 4074 (0.113117, 24.9168); ]
    3825 (8.12073, -2.07394) -> [ ]
    3826 (1.8749, 8.41381) -> [ 1701 (2.26946, 6.85764); ]
    3828 (8.37854, 0.22165) -> [ 745 (8.71186, -1.28694); 746 (9.20772, -0.600272); 2449 (9.44601, -1.28919); ]
    3829 (23.6152, -21.938) -> [ 437 (24.5047, -23.2924); ]
    3830 (21.5666, -24.2661) -> [ ]
    3831 (10.6062, 20.7901) -> [ 73 (11.7255, 21.5061); 4727 (12.3756, 21.6163); ]
    3832 (15.3469, 19.6445) -> [ ]
    3834 (20.1776, -14.5502) -> [ 74 (20.9505, -15.8902); 121 (21.0836, -16.1628); 665 (21.4214, -15.5725); 1051 (21.5788, -15.7006); 1122 (21.5443, -15.6262); 2843 (21.5231, -15.5328); ]
    3835 (15.9224, 3.23108) -> [ 2929 (17.3377, 2.72219); ]
    3836 (10.039, -12.6339) -> [ 1571 (11.271, -14.0603); ]
    3837 (12.1975, -22.6923) -> [ 277 (12.5745, -23.7256); ]
    3838 (15.6547, -5.98616) -> [ 692 (16.5616, -7.3233); ]
    3840 (12.209, 22.1036) -> [ ]
    3842 (19.5648, 9.05011) -> [ 2060 (21.4746, 9.43439); ]
    3843 (4.43781, 19.1991) -> [ 1973 (5.99714, 20.2119); 3258 (5.71792, 20.2101); 3367 (5.62389, 20.5604); 3955 (5.81598, 20.2182); ]
    3844 (16.3405, 17.1087) -> [ 270 (17.5083, 17.2389); ]
    3845 (18.556, -18.8287) -> [ 1672 (19.311, -20.3546); 1739 (18.8961, -20.0729); 2827 (19.6357, -20.4148); 3080 (19.6214, -19.673); 4576 (19.4814, -20.4842); ]
    3846 (5.15434, 8.73953) -> [ ]
    3848 (0.592803, 19.5368) -> [ 348 (1.00259, 21.3607); 390 (0.836273, 21.3017); 4109 (0.67891, 20.9637); ]
    3850 (16.4557, 24.2084) -> [ 2782 (17.0367, 24.7305); 3507 (17.2342, 24.8594); 4914 (16.9574, 24.8298); ]
    3851 (24.2098, -11.7899) -> [ 3671 (24.8442, -12.1918); ]
    3852 (20.9334, -1.90897) -> [ ]
    3853 (22.2598, -0.0922426) -> [ ]
    3854 (18.4935, 3.11891) -> [ 215 (20.2373, 2.98576); 721 (19.9481, 1.99217); 1204 (19.5006, 3.13574); 1359 (19.695, 3.36014); 1767 (19.3397, 3.06736); 2129 (18.9944, 3.30462); 2524 (19.597, 2.97844); 3084 (19.9861, 1.87035); 3140 (19.6452, 2.60731); 3336 (19.1924, 2.86451); ]
    3855 (11.6538, -2.09301) -> [ ]
    3856 (0.0582697, -18.1674) -> [ ]
    3857 (23.1455, 6.96967) -> [ 3381 (24.5381, 6.85821); ]
    3858 (9.24441, -19.7873) -> [ 2980 (9.5716, -21.1846); 3531 (9.81688, -21.2299); 4399 (9.94894, -21.2732); 4838 (9.59535, -21.0082); ]
    3859 (3.27564, -7.14308) -> [ 933 (3.08035, -8.26746); ]
    3860 (24.6062, -20.7388) -> [ ]
    3861 (22.3549, 20.8227) -> [ ]
    3862 (1.18011, -23.4466) -> [ 1471 (1.31367, -24.6135); ]
    3863 (17.0678, 4.09279) -> [ 172 (18.3652, 3.19077); 427 (17.9566, 3.69386); 1037 (18.8352, 3.98857); 2837 (19.0003, 3.97839); 3074 (18.734, 4.16379); 3414 (18.4428, 3.35096); 3802 (18.4548, 2.82878); 3854 (18.4935, 3.11891); ]
    3865 (19.0681, 2.14197) -> [ ]
    3866 (17.9234, 8.53355) -> [ 1377 (19.8047, 8.61646); 2842 (19.8122, 8.70703); 2943 (19.8586, 8.21195); 3638 (19.5114, 8.92301); 3842 (19.5648, 9.05011); ]
    3867 (20.3847, 1.62999) -> [ 4867 (21.8154, 1.02337); ]
    3869 (0.331229, 22.8773) -> [ 605 (0.472658, 23.9621); 640 (0.735158, 24.8225); 3349 (0.379509, 23.5424); 3681 (0.0683367, 24.6786); 3824 (0.0102138, 23.9013); 4777 (0.117029, 24.6301); ]
    3871 (16.3494, -7.33603) -> [ 1077 (17.6684, -8.65013); 1158 (17.3281, -8.08577); 2006 (17.8016, -8.4047); 2764 (17.046, -9.12188); ]
    3872 (1.35636, -5.98105) -> [ 2304 (1.6117, -7.93069); 2744 (1.50474, -7.36166); 3446 (1.47341, -7.29018); ]
    3873 (7.04327, 15.8253) -> [ 622 (8.7817, 16.4805); ]
    3874 (6.96951, 23.1131) -> [ 1017 (8.07981, 24.6701); 1107 (7.86629, 24.8198); 3543 (7.72526, 24.4412); 4728 (7.88385, 24.5117); ]
    3875 (10.2539, -12.2532) -> [ 690 (10.8951, -12.8764); 1002 (10.8288, -13.4501); ]
    3876 (18.2555, 8.91274) -> [ ]
    3877 (16.528, -21.6924) -> [ 1641 (17.3257, -23.4627); ]
    3878 (18.9759, -14.1508) -> [ 171 (19.6001, -14.8262); 1229 (19.2061, -14.9353); 1363 (19.4348, -15.4579); 2413 (19.4678, -15.4498); 2605 (20.1016, -15.8009); 2791 (19.2091, -15.1491); 3960 (19.4147, -15.3777); ]
    3880 (0.275286, 21.0353) -> [ ]
    3881 (19.2035, -13.5077) -> [ 869 (19.9215, -14.2651); 2049 (19.7045, -14.4569); ]
    3882 (14.3847, 21.175) -> [ ]
    3883 (9.26561, -8.89056) -> [ ]
    3884 (10.3504, -0.435196) -> [ 2818 (11.1386, -2.03619); ]
    3885 (5.19868, -16.2137) -> [ 2647 (5.08286, -17.9544); ]
    3887 (17.7812, -15.3213) -> [ 1981 (18.6099, -16.6006); ]
    3888 (13.8271, 4.53276) -> [ ]
    3889 (13.2962, 19.0253) -> [ 361 (15.048, 19.9785); 698 (13.8933, 19.3622); 870 (14.8538, 19.3781); 2537 (14.7357, 19.2493); ]
    3891 (17.1538, -11.75) -> [ 2082 (17.6733, -13.008); 2650 (17.8185, -13.5639); 4388 (17.6156, -12.7868); ]
    3892 (6.27207, 0.135452) -> [ 4634 (6.88992, -1.62385); 4667 (7.0198, -1.53566); ]
    3893 (14.3428, -15.1766) -> [ ]
    3894 (7.56515, 18.7013) -> [ 2890 (9.41242, 19.049); ]
    3895 (7.97579, -9.35184) -> [ 31 (8.36377, -10.9935); ]
    3896 (8.73996, -7.74598) -> [ 1468 (9.10269, -9.03897); 4887 (9.63072, -9.20118); ]
    3897 (2.98159, 0.807081) -> [ 417 (3.12397, -0.419721); 4738 (3.61253, -0.545802); ]
    3898 (4.86476, -19.546) -> [ ]
    3900 (4.08301, -21.5514) -> [ ]
    3902 (12.508, -20.6653) -> [ 1970 (13.7571, -21.8739); 4726 (13.0891, -22.4531); ]
    3903 (19.0425, -10.5481) -> [ 1610 (19.3383, -11.8218); 1755 (20.3062, -11.5104); 2113 (20.1721, -11.6926); 2297 (20.2359, -11.4019); 3326 (19.8035, -11.8089); ]
    3905 (10.3949, -14.3991) -> [ 995 (10.5925, -15.3266); 1912 (10.8019, -15.4598); 2486 (10.9793, -16.1987); 2921 (10.7439, -15.6685); 3430 (11.0191, -15.336); 4817 (11.2681, -15.753); ]
    3906 (1.21613, -14.2481) -> [ 367 (1.13564, -15.3895); 1464 (1.07976, -15.8023); 2141 (1.16693, -15.8246); ]
    3907 (3.36131, 17.5163) -> [ ]
    3908 (4.42532, 10.6133) -> [ 2357 (5.79873, 9.78423); 3709 (5.54002, 9.27052); 4233 (5.47834, 9.04352); ]
    3910 (9.14653, 21.5667) -> [ ]
    3911 (8.74713, 21.2899) -> [ 4502 (10.1407, 21.5679); ]
    3912 (5.17926, 23.9539) -> [ 3125 (6.28612, 24.6966); ]
    3915 (15.2625, -13.2592) -> [ 4892 (16.0667, -14.1298); ]
    3916 (21.2693, 20.0085) -> [ 707 (23.0039, 20.6212); 709 (22.4453, 19.836); 1828 (22.0071, 19.87); 2481 (21.7653, 19.6888); 3958 (22.7125, 20.1236); ]
    3917 (5.41753, -14.2725) -> [ 3756 (5.61463, -15.9157); ]
    3919 (19.7714, -8.26978) -> [ 591 (20.6919, -9.806); 876 (20.7226, -9.77557); 1112 (20.71, -9.69859); ]
    3920 (5.51181, 6.90824) -> [ 2778 (6.52535, 5.41138); 3982 (6.586, 5.56373); ]
    3921 (2.61893, 0.0554586) -> [ 3480 (3.36913, -1.12939); ]
    3922 (24.5614, -14.3909) -> [ ]
    3923 (12.065, 1.27713) -> [ ]
    3924 (11.6681, -15.1644) -> [ 723 (11.8999, -15.8396); 1301 (12.4302, -16.9691); 1810 (12.4975, -16.6565); ]
    3926 (5.14449, 21.8031) -> [ 2875 (6.65314, 22.9241); ]
    3927 (12.0513, 18.5401) -> [ 208 (12.9032, 18.6933); 2071 (12.9286, 19.0806); 2579 (13.006, 19.2165); 3534 (12.9403, 18.7607); 3889 (13.2962, 19.0253); 4967 (12.8081, 18.975); ]
    3928 (10.1191, 3.89394) -> [ 1230 (11.2204, 3.04977); ]
    3930 (22.867, -13.6062) -> [ ]
    3931 (9.03878, 21.3226) -> [ ]
    3932 (12.7569, 5.34723) -> [ 3659 (13.5159, 4.24518); 3888 (13.8271, 4.53276); ]
    3934 (22.9477, 3.05071) -> [ ]
    3935 (2.47774, 11.6376) -> [ 222 (3.15999, 10.1525); 1873 (3.61531, 10.4993); ]
    3937 (24.2385, -5.83069) -> [ ]
    3938 (8.67098, 0.831981) -> [ 751 (9.28891, -0.358701); 1219 (9.43227, -0.37285); ]
    3939 (22.5467, -20.5341) -> [ 2080 (23.2209, -22.0266); ]
    3942 (5.70767, 16.5476) -> [ 3377 (7.32461, 17.0466); 3519 (7.29746, 16.903); ]
    3943 (23.9823, -20.7695) -> [ 922 (24.7052, -21.4656); ]
    3944 (11.4602, -6.7712) -> [ 4885 (12.9131, -8.11817); ]
    3945 (15.9709, -9.41021) -> [ 1396 (17.0903, -10.581); 3728 (17.3503, -10.7478); ]
    3946 (22.8998, -6.09759) -> [ ]
    3949 (13.7795, -3.89775) -> [ ]
    3951 (13.7487, -23.4091) -> [ 4856 (14.1399, -24.8376); ]
    3952 (9.86038, 3.99741) -> [ ]
    3953 (4.97306, -9.70567) -> [ 860 (4.93606, -10.7533); 1821 (5.08721, -11.157); ]
    3954 (17.8548, 22.5489) -> [ ]
    3955 (5.81598, 20.2182) -> [ 112 (7.15176, 21.3229); 564 (6.93118, 21.108); 2585 (7.06179, 21.605); 2987 (7.44078, 21.3313); ]
    3956 (13.1115, -8.03941) -> [ 558 (14.3004, -9.40399); ]
    3957 (21.4637, 7.78735) -> [ 2224 (22.9199, 7.70723); ]
    3958 (22.7125, 20.1236) -> [ 144 (23.4565, 20.207); ]
    3959 (20.2333, 6.69788) -> [ 1095 (22.1218, 6.39865); 2326 (21.8552, 6.15203); 2963 (21.1921, 6.75855); ]
    3960 (19.4147, -15.3777) -> [ 1518 (20.2668, -16.6989); 4643 (20.5669, -16.1595); ]
    3961 (18.6092, 14.7347) -> [ ]
    3962 (20.6597, -20.2625) -> [ ]
    3963 (8.79025, -23.841) -> [ 2440 (8.63002, -24.2681); 2493 (9.07687, -24.4778); 2974 (8.924, -24.3821); ]
    3964 (10.1485, 19.6963) -> [ 452 (11.3069, 20.0713); ]
    3965 (22.0752, -20.2421) -> [ 2127 (22.1662, -20.4692); 4305 (22.8577, -21.8947); ]
    3966 (5.57372, 1.50807) -> [ 3678 (6.11301, -0.412104); ]
    3968 (21.924, -15.696) -> [ 373 (22.8866, -16.8377); 1273 (22.5699, -16.5819); 1402 (22.9113, -16.693); 2655 (23.1117, -16.9261); ]
    3969 (1.72713, 21.7759) -> [ 1802 (2.13106, 23.671); 2795 (1.35293, 23.7231); 4849 (1.75756, 23.4765); ]
    3970 (12.2165, -17.4467) -> [ ]
    3971 (3.93156, -10.2977) -> [ ]
    3973 (4.43523, -4.92276) -> [ ]
    3974 (2.25843, -22.8217) -> [ 4679 (2.71868, -24.4037); ]
    3975 (10.4849, 3.17302) -> [ 806 (11.6088, 1.72338); 830 (11.7201, 2.63482); 2958 (11.9849, 2.17125); 3380 (11.7444, 2.3521); 4300 (11.3558, 1.79722); ]
    3976 (9.28748, -11.147) -> [ 1084 (9.83466, -12.9255); 1709 (9.7431, -12.834); 2783 (9.64565, -12.9417); 3836 (10.039, -12.6339); ]
    3977 (6.9624, 20.2179) -> [ 288 (8.46772, 21.0267); ]
    3978 (12.4741, -21.4655) -> [ 435 (12.2949, -23.0394); 1209 (12.2866, -23.0739); 3300 (12.4527, -22.8334); ]
    3979 (21.7516, -5.51492) -> [ ]
    3980 (22.7353, -20.7641) -> [ ]
    3981 (15.686, 6.07151) -> [ 528 (17.2847, 5.7513); 671 (16.9857, 4.5946); 905 (17.5356, 6.34745); 2542 (17.0361, 5.76069); 2607 (17.365, 6.12292); 2964 (17.4438, 6.40084); 4307 (17.4453, 6.25009); 4540 (16.7881, 6.00201); 4658 (17.5502, 6.27088); ]
    3983 (0.061586, -0.483031) -> [ 2560 (0.188424, -1.93118); 3457 (0.0143925, -1.37301); ]
    3987 (14.2733, -13.5869) -> [ 2539 (14.4242, -15.4431); ]
    3988 (22.2061, 22.2363) -> [ 2917 (24.0118, 22.671); ]
    3989 (8.7502, 0.735653) -> [ 2125 (9.38019, -0.0652104); ]
    3990 (16.8668, 0.147571) -> [ 1333 (17.8069, -0.828942); 2003 (17.9343, -0.645458); 2148 (17.6485, -0.621038); 3579 (18.2555, -1.19417); ]
    3991 (20.2309, -19.68) -> [ ]
    3992 (4.64879, -7.16716) -> [ 2940 (4.90002, -8.77511); ]
    3994 (3.93983, -14.8145) -> [ 263 (4.92877, -16.3882); 2275 (4.64034, -16.5664); 3323 (4.37784, -16.0757); ]
    3995 (4.7043, -10.7609) -> [ 1040 (4.73333, -11.8983); 3363 (4.7328, -12.5365); ]
    3996 (9.18214, 1.91285) -> [ ]
    3997 (16.3758, 20.5223) -> [ 254 (18.1884, 20.98); 272 (16.7345, 20.6674); ]
    3998 (15.3248, 9.02061) -> [ 329 (16.3925, 9.58012); 1513 (16.5717, 9.58183); 1673 (16.5548, 8.9911); 1915 (16.6828, 9.12906); 2748 (17.14, 9.83107); ]
    3999 (3.51895, -12.8248) -> [ 61 (3.57657, -14.5178); ]
    4000 (21.9532, 23.8599) -> [ ]
    4002 (17.7719, 19.2459) -> [ 647 (18.3949, 19.2233); 1438 (18.9501, 19.8458); ]
    4005 (15.9293, -0.0502009) -> [ 543 (16.8337, -1.15477); 1244 (16.6792, -0.215909); 2163 (17.5076, -1.0018); 2296 (17.0089, -1.01132); 2634 (16.9765, -0.563479); 4602 (17.3814, -0.770089); ]
    4007 (3.87735, -11.3643) -> [ ]
    4008 (6.93842, -12.6045) -> [ 4134 (7.2656, -13.8308); ]
    4009 (8.13967, -7.3532) -> [ ]
    4010 (15.7939, 8.36158) -> [ 1519 (17.7041, 8.32562); 1528 (17.5361, 8.90076); 1564 (16.5627, 8.66119); 3148 (17.7349, 8.54361); 4541 (16.6768, 8.65469); ]
    4011 (4.74552, -2.63647) -> [ 2300 (5.03444, -4.30351); 3374 (5.02936, -4.30794); 3808 (5.07554, -4.26165); ]
    4012 (6.5258, 7.69638) -> [ 885 (7.609, 6.48964); ]
    4013 (6.21599, -2.85338) -> [ 764 (6.02307, -4.42635); 2228 (6.2165, -4.25371); 4216 (6.29888, -4.64021); ]
    4014 (17.3333, -17.8959) -> [ ]
    4015 (17.5983, 2.5778) -> [ 580 (18.6089, 1.92238); ]
    4016 (21.1382, 6.8614) -> [ 130 (22.7513, 6.84875); 2829 (23.0623, 6.91755); ]
    4017 (20.7887, -17.755) -> [ 1993 (21.1845, -19.2737); 2015 (21.7088, -19.5035); 2927 (21.5138, -19.295); 3099 (21.3565, -19.626); 3467 (21.0116, -18.7531); ]
    4018 (8.07836, 0.192286) -> [ 755 (8.68232, -0.383081); 1837 (8.96657, -0.971507); 2915 (9.03044, -0.760629); ]
    4019 (15.7686, 19.9136) -> [ 517 (17.2682, 20.494); 1306 (17.226, 20.6008); 1683 (17.6343, 20.5064); 1917 (17.4172, 20.3957); 2318 (17.1408, 20.2277); 2384 (17.3587, 20.3981); 2770 (17.1698, 20.4484); 3589 (17.288, 20.2733); 3744 (16.282, 20.3427); ]
    4020 (22.7979, -16.909) -> [ 754 (23.3973, -17.4576); 800 (23.9668, -17.9104); 904 (23.2209, -17.2199); 1857 (23.065, -17.8711); 2020 (23.2503, -17.81); 2238 (23.3942, -17.7368); 3503 (23.6494, -18.1488); ]
    4022 (22.8548, -1.74581) -> [ ]
    4023 (5.93666, 3.88205) -> [ 268 (6.33044, 2.39188); 1256 (6.57745, 2.69816); 2008 (6.25736, 2.77693); 2932 (6.76711, 2.79469); 3091 (6.64493, 2.4598); 3666 (7.27837, 2.77057); ]
    4024 (20.2671, 17.8141) -> [ 892 (21.725, 17.6405); 1021 (21.6587, 17.797); 1053 (21.1391, 18.6332); 1352 (21.9891, 18.5527); 1819 (21.8156, 17.6529); 2386 (21.9351, 18.6828); ]
    4025 (23.0925, -20.8103) -> [ 449 (24.0052, -22.3253); 3527 (23.7863, -22.4811); 3829 (23.6152, -21.938); ]
    4026 (10.4413, -15.5778) -> [ 681 (11.0364, -16.467); ]
    4027 (1.04214, -13.1571) -> [ 4697 (1.33167, -14.7752); ]
    4028 (13.0421, 4.22068) -> [ 133 (14.5391, 2.98365); 689 (14.7268, 3.68116); 4802 (14.2319, 4.11567); ]
    4029 (14.4064, -0.432812) -> [ 137 (15.4159, -0.845113); 992 (15.6728, -1.58572); 1542 (15.6906, -1.92705); 1560 (15.6646, -1.3149); 2233 (15.6224, -0.936405); 3458 (15.4985, -1.16677); ]
    4030 (22.1136, 23.3582) -> [ 880 (23.4558, 23.8719); 1062 (22.7627, 23.3687); 1502 (22.7844, 23.7428); 4826 (23.5722, 24.1211); ]
    4031 (7.17539, -14.5359) -> [ ]
    4032 (13.4456, 5.08943) -> [ 4566 (14.9775, 3.8969); ]
    4033 (1.03556, 2.26867) -> [ 432 (1.18471, 0.955674); 868 (0.821629, 1.32434); 896 (0.928552, 1.38999); 2352 (1.32496, 0.961294); 2365 (1.29897, 0.447401); 4188 (1.52485, 0.350369); 4561 (1.42095, 1.00635); ]
    4034 (18.9224, -9.69454) -> [ 3071 (20.071, -10.5083); ]
    4035 (20.4066, 21.0102) -> [ 1459 (20.8683, 21.2199); 3031 (22.1964, 21.6667); ]
    4036 (0.27757, -9.02766) -> [ 1166 (0.448424, -10.6517); ]
    4037 (2.93541, 6.26374) -> [ ]
    4038 (22.7256, 3.15627) -> [ 445 (24.1854, 2.17932); 2986 (24.3095, 2.42568); 3003 (24.4566, 2.79991); 3378 (24.2926, 3.00562); ]
    4039 (20.5942, -4.41217) -> [ ]
    4040 (3.09445, -0.290745) -> [ ]
    4041 (2.49543, -19.2891) -> [ 547 (2.75224, -20.9007); 582 (2.30527, -20.9384); 1338 (2.52072, -20.374); 1479 (2.41376, -20.3086); 1661 (2.7266, -21.1744); ]
    4042 (19.1941, -6.3548) -> [ 402 (19.9963, -7.51761); 1930 (20.3229, -7.37654); ]
    4043 (17.4501, -18.2931) -> [ 1001 (17.8357, -19.5182); 1482 (18.3618, -19.7644); 3154 (18.0871, -19.6321); ]
    4044 (10.3701, 22.1395) -> [ 509 (11.252, 23.1364); 662 (11.6679, 22.7352); 3722 (10.8671, 23.3232); 4571 (11.6663, 23.5494); ]
    4045 (9.9386, -18.8181) -> [ ]
    4046 (22.6058, -16.0165) -> [ 705 (23.8192, -17.3549); 1247 (23.8141, -17.5375); 1577 (23.2223, -16.6291); ]
    4049 (14.9637, -14.976) -> [ 191 (15.6551, -15.7246); 600 (15.8947, -15.9649); 1678 (15.8031, -16.4183); ]
    4051 (24.602, -1.1078) -> [ ]
    4052 (0.381545, 4.28708) -> [ 1342 (0.301531, 2.39194); 2884 (0.11591, 3.26612); 4660 (0.267671, 3.48076); ]
    4053 (9.91266, 8.80133) -> [ 777 (11.6095, 8.49003); 1632 (11.3537, 9.27216); 2690 (11.4913, 8.94616); ]
    4054 (6.84206, 1.43192) -> [ 1635 (6.93691, 0.102259); 2608 (7.77391, 0.663202); 2727 (7.80443, 0.81601); 3342 (7.84664, 0.74491); 3572 (7.35944, 0.309099); ]
    4055 (23.8929, -4.23196) -> [ 2816 (24.7746, -4.45792); ]
    4056 (3.08956, -4.46787) -> [ 4994 (3.27264, -5.80851); ]
    4058 (20.9399, 16.0271) -> [ ]
    4059 (11.9906, -19.151) -> [ 757 (12.4643, -20.5744); 989 (12.223, -20.6157); 1754 (12.3944, -20.0824); 3902 (12.508, -20.6653); ]
    4060 (1.40857, -22.1651) -> [ 257 (1.68983, -23.9222); 2215 (1.47283, -23.5251); 3862 (1.18011, -23.4466); ]
    4061 (3.70232, -20.4277) -> [ 162 (3.73673, -22.1056); 3053 (3.73684, -22.1189); 3900 (4.08301, -21.5514); ]
    4062 (15.706, 17.8373) -> [ ]
    4065 (21.2628, -11.5261) -> [ ]
    4066 (10.3025, -8.80701) -> [ 583 (10.8845, -10.35); 4485 (10.9655, -10.4033); ]
    4067 (21.2678, 20.124) -> [ 664 (21.4683, 20.3903); 1220 (21.7227, 20.4921); 3072 (22.9472, 20.9108); 3141 (22.0581, 20.5974); 3375 (22.8891, 20.8386); 3861 (22.3549, 20.8227); 4239 (22.2749, 20.5738); ]
    4068 (3.98444, -2.40388) -> [ 1744 (4.60188, -4.26227); 1852 (3.77665, -3.70469); ]
    4069 (9.39927, 22.981) -> [ 1588 (10.3605, 23.885); ]
    4071 (6.18411, 4.87815) -> [ 3337 (7.19724, 3.43614); ]
    4073 (2.2757, 16.7363) -> [ 1293 (3.57882, 17.9649); 2627 (3.88156, 17.8878); 2717 (4.03472, 17.3843); ]
    4075 (21.7915, 21.9403) -> [ 1135 (23.487, 22.5408); ]
    4076 (4.72368, -15.1389) -> [ 2343 (4.83548, -16.9768); 3452 (4.82348, -15.8932); ]
    4078 (6.77704, -22.8027) -> [ 538 (6.8044, -23.9323); 1741 (7.29702, -24.0667); 2948 (6.96482, -23.9849); 4768 (7.19068, -24.5173); ]
    4079 (4.22988, 2.73198) -> [ 699 (4.88297, 1.0952); 3244 (4.5911, 1.069); ]
    4080 (3.25617, -14.2294) -> [ ]
    4082 (14.9154, 11.8437) -> [ ]
    4083 (17.6301, 9.27527) -> [ ]
    4085 (22.8684, -12.7688) -> [ 1120 (24.1868, -13.8553); 1361 (23.4911, -13.8064); 1692 (23.8002, -13.7495); ]
    4086 (16.195, -1.41026) -> [ 29 (17.5378, -2.39383); ]
    4087 (3.98222, 21.2026) -> [ 4864 (4.82647, 22.8363); 4902 (4.567, 22.7225); ]
    4088 (18.5276, 2.1877) -> [ 2432 (19.287, 2.1732); ]
    4089 (22.187, 13.3047) -> [ 141 (23.7194, 14.0682); 684 (23.7619, 13.8847); 1933 (23.2787, 13.8016); 2532 (23.4309, 13.5183); 2682 (23.4534, 13.7152); 4908 (23.6373, 13.9209); ]
    4090 (7.32673, 5.55403) -> [ ]
    4091 (19.6665, -2.43241) -> [ 1083 (20.6255, -3.676); 2997 (21.2413, -3.54274); 4167 (20.5981, -3.60145); 4202 (20.6499, -4.07617); ]
    4092 (24.683, -14.3555) -> [ 3734 (24.9703, -15.7588); ]
    4093 (5.88593, 13.301) -> [ 2005 (7.4453, 13.5494); 4668 (6.81019, 13.4479); ]
    4094 (9.18212, 0.97732) -> [ ]
    4095 (7.10678, -11.5089) -> [ 443 (7.04626, -13.1042); 3386 (7.99614, -13.0042); ]
    4096 (13.5346, -11.3074) -> [ 2769 (14.1735, -12.7519); 4457 (14.5312, -13.0296); ]
    4098 (12.3962, -5.09325) -> [ 345 (13.3996, -6.31147); 1197 (12.834, -6.18354); 4157 (13.1878, -6.87485); 4797 (13.5392, -6.60473); ]
    4099 (21.3779, 14.7259) -> [ ]
    4100 (12.5147, -24.5905) -> [ 2213 (12.8058, -24.8966); ]
    4101 (23.5457, -8.55406) -> [ 609 (24.1738, -10.0909); 641 (24.5168, -8.9835); 1075 (24.3714, -10.1088); 1183 (24.1809, -9.63777); 2377 (24.3954, -9.03624); 2569 (24.0331, -9.86389); 3351 (23.6599, -9.5305); ]
    4102 (16.1028, -17.9189) -> [ 948 (16.7492, -18.8097); 3815 (16.5548, -19.7253); ]
    4103 (16.5584, 11.1738) -> [ 761 (17.7592, 12.4249); ]
    4105 (4.26483, -1.48121) -> [ ]
    4106 (0.0903447, -22.6565) -> [ 1043 (0.490789, -24.5862); ]
    4107 (14.843, -4.91932) -> [ 2710 (16.4222, -5.88235); ]
    4108 (14.8013, -4.41344) -> [ 833 (16.3022, -5.50197); 1645 (16.2151, -5.81641); 1764 (15.4988, -5.4129); ]
    4109 (0.67891, 20.9637) -> [ 1529 (0.512339, 22.4428); 2825 (0.712505, 22.2735); ]
    4110 (2.62865, 20.9189) -> [ 2562 (3.53629, 21.7054); ]
    4111 (5.14943, -1.35162) -> [ ]
    4112 (8.04523, -8.83813) -> [ 1246 (8.5868, -10.6555); 1604 (8.57373, -9.83408); 2373 (8.72294, -10.6854); 2755 (9.04241, -10.1147); 2881 (8.8755, -10.2633); 3382 (7.88034, -9.75111); ]
    4113 (6.88448, 18.7121) -> [ 132 (8.51841, 19.6105); ]
    4114 (19.8912, 1.18982) -> [ 2523 (21.5702, 0.13976); ]
    4115 (14.9147, 17.9933) -> [ 1382 (16.755, 18.5673); 2941 (16.3459, 18.1644); 4179 (16.6736, 18.2131); ]
    4116 (5.03715, -8.98799) -> [ 936 (5.31588, -10.0459); 1405 (5.2337, -10.3992); 1716 (5.93915, -10.3976); 3465 (5.70242, -10.4445); ]
    4118 (13.4242, 24.3642) -> [ ]
    4119 (24.9861, 11.8293) -> [ 2525 (24.8849, 11.7183); ]
    4120 (15.6595, -20.8113) -> [ 1360 (15.9664, -22.4528); 3188 (16.2668, -22.1121); ]
    4121 (13.4147, 9.79368) -> [ 1740 (15.3002, 10.2167); ]
    4122 (20.0051, -1.44954) -> [ ]
    4124 (10.1925, -21.3507) -> [ 1119 (10.9086, -23.1606); ]
    4125 (9.41818, 3.89335) -> [ 1329 (10.1848, 2.57531); ]
    4126 (2.91051, -0.0550291) -> [ 170 (3.81722, -1.39842); 209 (3.20786, -1.95934); 1552 (3.81538, -1.24727); 1877 (3.55782, -1.57792); 2367 (3.9861, -1.55852); 4786 (2.61146, -1.68014); ]
    4127 (13.7784, -10.8968) -> [ 3510 (14.0214, -12.0513); 3545 (14.6942, -12.3873); ]
    4128 (4.68948, -7.8288) -> [ 180 (5.02973, -9.49203); 894 (5.21331, -9.33737); 2165 (5.40546, -9.65683); 3120 (4.85278, -9.64961); 3953 (4.97306, -9.70567); ]
    4131 (2.39705, -0.735803) -> [ 2404 (2.14508, -2.45477); ]
    4132 (1.05483, -22.4611) -> [ 315 (0.760526, -24.0125); ]
    4133 (8.83542, -19.0135) -> [ 63 (8.73371, -20.7621); 1990 (8.6933, -20.0804); ]
    4134 (7.2656, -13.8308) -> [ ]
    4135 (2.3126, -0.789984) -> [ ]
    4136 (17.4121, -0.0981964) -> [ ]
    4137 (3.32006, 15.1553) -> [ 467 (4.93522, 14.7985); 3093 (4.68399, 15.9627); ]
    4138 (7.31046, 5.54255) -> [ 412 (8.69851, 4.94177); 492 (8.67509, 4.76287); 539 (8.18789, 4.15935); 3670 (8.77717, 4.32768); ]
    4139 (9.32165, -22.6732) -> [ ]
    4140 (3.49475, -23.2952) -> [ 1110 (3.63391, -24.4429); ]
    4141 (8.38778, 23.4847) -> [ 434 (9.18387, 24.4898); 2480 (8.65611, 24.4641); 2628 (9.58377, 24.8919); ]
    4143 (4.77374, 1.35078) -> [ 2506 (4.89897, 0.0792116); ]
    4144 (21.5749, 7.96867) -> [ 1317 (22.4981, 8.31066); 3256 (23.2547, 7.14438); ]
    4148 (7.80494, -2.42523) -> [ 161 (8.64181, -3.80117); 2975 (7.9982, -3.72295); ]
    4149 (15.0621, 14.065) -> [ 522 (14.7224, 13.2952); 4183 (15.4966, 13.5876); ]
    4150 (3.86398, -4.48943) -> [ 1746 (4.058, -6.24705); 3441 (4.08218, -5.667); ]
    4151 (3.01896, 21.3808) -> [ 1085 (3.98467, 22.9506); 3985 (3.66302, 23.1396); 4001 (3.15128, 23.3517); ]
    4152 (23.0377, -14.3157) -> [ ]
    4153 (0.119893, 16.3475) -> [ 3821 (0.0746803, 16.853); ]
    4154 (22.4619, 18.3434) -> [ 131 (22.6849, 18.3618); 269 (23.8447, 18.6591); 1030 (23.5593, 18.5803); 3651 (23.5691, 18.5381); 4241 (23.8481, 18.5601); ]
    4155 (1.362, 8.0165) -> [ 867 (1.63574, 6.82841); ]
    4156 (18.1595, 1.06119) -> [ 154 (19.1202, 0.108055); 293 (19.6584, -0.22959); 1278 (18.6981, 0.330378); 2324 (19.9503, 0.534372); 2621 (19.3671, 0.532448); 3550 (18.7117, 0.205175); ]
    4157 (13.1878, -6.87485) -> [ 221 (13.4051, -7.39319); 750 (13.6233, -8.66846); 914 (13.9721, -8.39946); 980 (13.4231, -8.3904); 1631 (13.6373, -7.6825); 2504 (13.9091, -7.41546); 3149 (13.5981, -8.58693); 4655 (14.1345, -7.84674); ]
    4158 (12.6403, -1.95741) -> [ 1959 (13.4437, -2.91746); 3625 (13.7267, -3.35502); ]
    4159 (19.8205, 5.59517) -> [ 1681 (20.9701, 5.08214); ]
    4160 (4.59505, -19.8503) -> [ ]
    4162 (14.6059, 11.5132) -> [ ]
    4163 (4.09726, 12.886) -> [ 4093 (5.88593, 13.301); ]
    4164 (13.6118, 0.20927) -> [ 2400 (14.8663, -0.539247); 2912 (15.0686, -0.702422); ]
    4165 (5.85323, -10.0569) -> [ 1160 (5.93263, -11.2364); 2745 (6.46099, -11.3083); ]
    4166 (5.38819, 2.28695) -> [ 203 (6.03565, 0.944913); 4418 (5.69083, 0.628299); ]
    4167 (20.5981, -3.60145) -> [ ]
    4168 (6.35655, 23.4816) -> [ 4057 (7.52635, 24.4855); 4360 (7.47835, 24.9509); ]
    4171 (15.1187, -21.7029) -> [ 385 (16.3285, -23.0405); 696 (16.2676, -23.2585); 2312 (15.7142, -22.7585); 2725 (15.7301, -22.5414); ]
    4172 (8.38814, 9.19867) -> [ 4854 (10.3074, 9.05539); ]
    4173 (8.19703, 22.2507) -> [ 1488 (9.68603, 23.0799); 2444 (9.44213, 22.7932); 4069 (9.39927, 22.981); ]
    4175 (21.9525, 6.9397) -> [ 98 (23.4608, 6.73712); 3181 (23.8726, 6.47309); 3694 (23.5276, 6.82154); ]
    4176 (16.82, 21.4405) -> [ 465 (18.04, 21.7769); 1500 (17.4955, 21.6771); 4879 (18.6393, 22.0496); ]
    4178 (11.8761, -3.31363) -> [ ]
    4179 (16.6736, 18.2131) -> [ 216 (18.4592, 18.9984); 673 (17.1221, 18.3698); 1410 (17.1654, 18.7109); ]
    4180 (9.9539, -23.9763) -> [ ]
    4181 (8.46579, -10.8128) -> [ ]
    4182 (12.3984, -4.45672) -> [ ]
    4184 (4.55781, -16.6751) -> [ 4893 (4.34938, -18.0494); ]
    4185 (5.58197, 7.83999) -> [ 335 (6.79876, 6.27439); ]
    4186 (5.70663, 22.0414) -> [ 192 (6.63962, 23.2562); 1493 (6.96709, 23.2254); 2651 (7.14854, 23.2643); 3026 (6.53118, 23.8422); ]
    4187 (13.512, 23.2727) -> [ 2604 (14.9901, 24.355); 4461 (14.2662, 23.9609); 4615 (14.1992, 23.9578); ]
    4188 (1.52485, 0.350369) -> [ 1033 (1.5713, -0.887295); ]
    4189 (6.9466, -5.36667) -> [ 1337 (7.15577, -6.94632); ]
    4190 (19.8899, -1.79064) -> [ ]
    4191 (0.0764417, -12.4858) -> [ 1159 (0.203952, -14.3366); ]
    4192 (20.3062, 22.4733) -> [ 3411 (21.7097, 22.7344); ]
    4193 (17.7114, 11.2584) -> [ 4784 (18.9907, 12.1265); ]
    4194 (23.7172, -0.92675) -> [ 3383 (24.9261, -1.55514); 4312 (24.9402, -1.56612); ]
    4195 (8.64596, 18.5335) -> [ 594 (9.77202, 18.9445); 615 (9.70213, 18.6531); 3964 (10.1485, 19.6963); ]
    4197 (12.4796, -19.5347) -> [ 214 (12.8957, -21.1423); 1208 (12.9159, -20.7367); 3170 (13.0662, -21.2787); 4263 (12.6493, -21.1175); ]
    4198 (16.4886, -14.8449) -> [ ]
    4201 (23.7243, -12.4524) -> [ 579 (24.7545, -13.7756); ]
    4203 (10.5153, -9.40112) -> [ 2257 (11.4457, -11.0381); 2832 (11.613, -10.8088); 3434 (11.3524, -10.861); ]
    4205 (5.87124, -12.452) -> [ ]
    4207 (14.4431, -19.6836) -> [ 3123 (14.634, -20.76); ]
    4208 (9.26519, 0.602656) -> [ 919 (9.93993, -0.0646597); 1687 (10.0354, -0.0224876); 1779 (10.3436, -1.07507); ]
    4209 (13.419, -14.0748) -> [ 2314 (13.8433, -16.0032); 3500 (13.4459, -14.8605); 4454 (13.7166, -14.9578); ]
    4210 (9.57486, -15.8267) -> [ ]
    4211 (20.5914, -16.9243) -> [ 972 (21.6368, -18.4409); 1605 (21.2465, -18.675); 2482 (21.472, -18.026); ]
    4213 (7.79026, -11.7195) -> [ 4301 (8.31816, -12.8478); 4669 (8.54459, -12.6253); ]
    4215 (22.8162, 23.0616) -> [ 3294 (24.3908, 23.8575); ]
    4216 (6.29888, -4.64021) -> [ 575 (6.63787, -6.11778); 2663 (6.89898, -6.08306); ]
    4220 (6.85503, -2.85615) -> [ 3650 (7.3088, -3.82598); ]
    4221 (20.7812, -22.5014) -> [ ]
    4222 (15.6886, -14.4396) -> [ 2591 (15.981, -15.8031); 3201 (16.2744, -16.2217); ]
    4223 (9.43664, 7.30399) -> [ 953 (10.9048, 6.326); ]
    4225 (0.497691, 12.1578) -> [ 2687 (0.720198, 10.7456); ]
    4226 (9.70534, 18.0589) -> [ 1057 (10.8336, 18.3244); 2075 (11.326, 18.012); 3391 (11.1444, 18.0816); ]
    4227 (21.8527, 8.17913) -> [ 902 (23.3478, 8.20582); 2550 (23.4239, 8.71723); 2610 (23.1932, 7.71079); ]
    4231 (14.4048, -11.1618) -> [ 3359 (15.4182, -12.698); 4409 (15.3509, -12.6483); ]
    4232 (5.78698, -16.4764) -> [ 48 (6.12704, -18.1837); 2104 (5.7569, -17.9187); 4829 (6.08642, -17.9259); ]
    4234 (17.7384, -3.61229) -> [ 768 (19.3937, -4.20733); 1483 (18.8463, -3.78747); ]
    4235 (17.8408, -3.22758) -> [ 897 (19.3687, -3.78353); 1718 (19.2724, -3.9574); 2624 (18.7154, -3.38648); 2675 (18.7881, -3.24119); ]
    4236 (5.86094, -11.882) -> [ 949 (6.4027, -13.5098); 1184 (6.12314, -13.7408); 1485 (6.37472, -13.2154); 1580 (6.67095, -13.203); 2350 (6.23329, -12.601); 2931 (5.72653, -13.1553); 3133 (6.27521, -12.8546); 4229 (5.86804, -13.6323); 4316 (5.69233, -13.1298); 4462 (6.38557, -13.0178); 4522 (6.083, -13.2134); ]
    4237 (4.0181, -20.8489) -> [ 264 (4.34292, -22.2465); 927 (4.66108, -22.392); 2616 (3.89449, -22.6435); 3425 (4.36226, -22.6736); 3585 (4.01372, -22.6137); 4486 (4.04798, -22.8306); ]
    4238 (21.581, 22.2514) -> [ 189 (22.2724, 22.6239); 807 (23.1141, 22.966); 1196 (23.0375, 22.9035); 1787 (21.9121, 22.4423); 2463 (23.4171, 22.8072); 4215 (22.8162, 23.0616); ]
    4239 (22.2749, 20.5738) -> [ 602 (24.0304, 21.3392); 2195 (23.2896, 21.2086); ]
    4240 (9.50992, 2.44397) -> [ 546 (9.91987, 0.87808); ]
    4241 (23.8481, 18.5601) -> [ 1192 (24.5814, 18.8267); ]
    4243 (16.3246, 22.0392) -> [ 2654 (17.7311, 23.1264); ]
    4244 (15.7443, -17.9011) -> [ 2709 (15.9066, -19.0873); ]
    4245 (23.9589, 22.9548) -> [ 2734 (24.8299, 23.293); ]
    4246 (19.6287, -1.30669) -> [ 1019 (20.7361, -2.51485); 2268 (20.1095, -1.5923); 2968 (20.0676, -1.87039); 4782 (21.1136, -2.64285); ]
    4248 (24.8108, -24.0107) -> [ ]
    4249 (4.86581, -20.4352) -> [ ]
    4250 (17.9988, -3.97385) -> [ 1087 (19.1122, -4.23145); 1823 (19.6124, -4.70587); 3014 (19.4461, -5.28377); ]
    4251 (12.1413, 7.17536) -> [ 1814 (13.8375, 6.22188); 1966 (13.9609, 7.06328); 2442 (13.1096, 5.72724); ]
    4254 (8.56064, 20.7039) -> [ ]
    4255 (7.27114, -22.3936) -> [ 237 (7.99246, -23.7881); 2037 (7.58894, -23.8411); 2718 (7.57239, -23.2758); ]
    4256 (3.34298, -16.8988) -> [ ]
    4257 (9.77165, 23.9642) -> [ 346 (11.3177, 24.5345); 1320 (10.3905, 24.5043); 2447 (11.4843, 24.5467); ]
    4258 (3.41975, 19.291) -> [ 365 (4.4458, 20.4734); 988 (4.70668, 20.5965); 2045 (4.73308, 20.3919); 2191 (3.80611, 20.7976); 2898 (4.22871, 20.1004); 4087 (3.98222, 21.2026); ]
    4259 (4.54161, 22.1667) -> [ 232 (4.65882, 23.5327); 1497 (4.5741, 23.3383); 3742 (4.58435, 23.2213); 3933 (4.70982, 23.54); ]
    4262 (5.61241, 8.72472) -> [ 3069 (5.68991, 6.99981); 4830 (7.25634, 7.89701); ]
    4263 (12.6493, -21.1175) -> [ 2273 (13.4627, -22.2826); ]
    4265 (22.3224, 4.99352) -> [ 1648 (23.85, 5.63087); 1816 (23.1886, 4.7768); 2052 (23.4898, 4.94765); 2270 (24.1652, 4.82396); 2618 (22.8607, 4.8872); 2910 (23.7776, 4.55276); 3178 (24.0358, 5.10448); ]
    4266 (20.7814, -19.8793) -> [ 2396 (21.5151, -20.4219); ]
    4270 (23.2154, -5.42802) -> [ 831 (24.838, -6.24947); 1820 (24.2865, -5.81129); ]
    4271 (14.2525, -16.8287) -> [ 1180 (14.324, -18.0888); 3196 (14.5587, -18.3845); 4050 (15.0528, -18.6479); ]
    4272 (20.027, -9.55083) -> [ 1956 (20.5078, -10.8774); 2600 (20.9149, -10.5843); ]
    4273 (20.7309, -3.25132) -> [ 1731 (21.7915, -3.77759); 2083 (21.2399, -3.92168); 3292 (21.1082, -4.16271); ]
    4274 (14.1449, -3.92449) -> [ 1089 (15.3731, -5.23147); 2694 (15.2287, -4.76196); 4107 (14.843, -4.91932); ]
    4278 (5.65875, 0.524172) -> [ 94 (6.51704, -0.818606); 1131 (6.48383, -0.696129); 1508 (5.72329, -0.789); 2703 (5.84766, -0.889301); 3710 (5.86305, -1.45988); 4599 (6.46531, -0.773115); ]
    4279 (6.05282, -5.71195) -> [ 674 (6.06443, -7.1373); 2555 (6.69591, -6.8386); ]
    4280 (13.6005, 21.7779) -> [ 621 (14.6837, 22.3974); 1935 (14.4151, 22.2769); 2349 (14.4819, 22.0944); 2691 (14.4198, 22.1338); 4686 (14.6852, 22.4722); ]
    4282 (21.599, 23.9322) -> [ 2730 (22.59, 24.6933); ]
    4284 (7.33526, -17.0736) -> [ 51 (7.99265, -18.9045); 1630 (8.3373, -18.6982); 1936 (7.6616, -17.7401); 2046 (8.14964, -18.807); 2483 (8.00614, -18.9029); 3251 (8.04796, -18.0698); 3340 (7.32343, -18.7598); ]
    4286 (14.8598, -20.2684) -> [ 118 (15.1959, -21.2082); 4171 (15.1187, -21.7029); ]
    4287 (7.77362, 21.3912) -> [ 3129 (9.44526, 22.1878); ]
    4289 (9.32307, -10.8365) -> [ 736 (9.73764, -11.5437); 1512 (10.1619, -12.6276); 3432 (10.2473, -12.5079); 3875 (10.2539, -12.2532); ]
    4290 (4.29446, -1.93043) -> [ ]
    4292 (17.0441, 7.10844) -> [ 2659 (18.3848, 6.82521); ]
    4293 (3.64296, 10.6911) -> [ 210 (4.98178, 9.65062); ]
    4297 (9.78889, -15.2168) -> [ 1776 (10.5708, -16.4345); ]
    4298 (22.21, -13.6539) -> [ 4763 (23.3473, -14.8405); ]
    4299 (15.1118, -15.9515) -> [ 2130 (15.688, -16.9057); 2774 (15.5514, -16.9746); 3007 (16.3049, -17.5399); ]
    4300 (11.3558, 1.79722) -> [ 2180 (13.0551, 0.860024); 3011 (12.95, 0.715889); ]
    4301 (8.31816, -12.8478) -> [ 3423 (9.26504, -14.2618); 3707 (9.30314, -14.4653); ]
    4303 (16.5502, -22.783) -> [ 2502 (16.8983, -24.2327); ]
    4305 (22.8577, -21.8947) -> [ 514 (23.1758, -22.3635); 1042 (23.6257, -23.5277); 1460 (23.2669, -22.7481); 1723 (23.3528, -23.5299); 1904 (23.4766, -22.7501); 2858 (23.725, -23.3725); 4948 (23.7783, -23.4927); ]
    4306 (15.5974, -7.21601) -> [ 4573 (16.5879, -8.17694); ]
    4307 (17.4453, 6.25009) -> [ 2705 (19.3317, 5.71091); ]
    4308 (1.73181, 20.9181) -> [ 542 (1.72456, 22.3015); 1174 (2.20153, 21.9715); 1751 (2.27312, 22.1355); 3324 (2.35214, 22.0268); ]
    4309 (9.12034, -20.5494) -> [ ]
    4311 (1.25021, -12.9724) -> [ 165 (1.59904, -14.8168); 1551 (1.09199, -14.6662); 2443 (1.88338, -14.27); 2763 (1.88226, -14.7539); ]
    4314 (12.8797, 1.44059) -> [ 1330 (13.8978, 1.14382); 1378 (14.1775, 0.791856); 3177 (14.2662, 0.301029); 4395 (13.8302, 1.31871); ]
    4315 (18.6603, -3.14745) -> [ 1090 (20.3366, -4.07029); 1574 (20.1679, -4.38294); 1829 (19.6157, -3.19378); 2814 (20.1933, -3.74635); ]
    4316 (5.69233, -13.1298) -> [ 42 (6.09469, -14.2068); 501 (5.99059, -14.5366); ]
    4318 (22.6231, 9.6165) -> [ 1003 (24.0094, 10.0327); 1218 (23.6515, 9.44784); 2149 (23.9065, 9.63975); 2992 (23.9623, 9.75313); 3297 (23.915, 10.4201); 3606 (23.6219, 9.81657); 3676 (24.2279, 10.2067); 3814 (23.3071, 10.167); 4767 (24.4793, 9.79744); ]
    4319 (17.5004, 14.9164) -> [ ]
    4320 (20.7416, 21.3857) -> [ 2596 (22.1997, 21.7554); ]
    4321 (4.57135, 21.5392) -> [ 247 (4.92046, 22.8202); 1894 (5.94375, 22.5744); ]
    4323 (21.9175, -13.8277) -> [ 78 (22.9099, -15.4896); 84 (22.9477, -14.961); 812 (22.8548, -14.8609); 2021 (22.7356, -14.791); 2500 (23.0848, -15.0915); 2598 (22.9775, -15.3744); 2995 (22.1524, -14.8741); ]
    4325 (3.2123, 0.874501) -> [ 787 (4.08054, -0.0582146); 1640 (4.01094, -0.56562); 3150 (3.80884, -0.606132); 4358 (4.19574, -0.729991); ]
    4326 (23.0462, -1.34809) -> [ 403 (24.3191, -2.22425); ]
    4327 (13.1988, 7.08045) -> [ 2462 (14.3771, 7.39661); 2478 (14.5656, 6.76321); ]
    4329 (16.282, 17.7031) -> [ ]
    4330 (22.2775, -1.30521) -> [ 652 (23.3033, -2.0822); 2557 (23.8624, -2.0947); ]
    4331 (17.5598, -18.4484) -> [ 2867 (18.5777, -20.0722); ]
    4332 (17.7505, -16.4788) -> [ 62 (18.9571, -17.444); 629 (18.0558, -16.9671); 643 (18.9301, -17.3477); 1238 (18.8428, -17.7703); 1559 (18.9347, -17.9658); 1609 (18.5068, -17.2389); 2315 (18.6791, -17.0082); 3864 (18.3772, -16.8804); ]
    4336 (2.84247, 17.3182) -> [ 3633 (4.55558, 18.2356); ]
    4337 (22.284, -5.57258) -> [ 193 (23.3993, -5.81481); 1752 (23.4295, -6.40968); 2435 (23.3275, -6.75641); 2945 (23.6611, -6.79566); 3395 (23.3866, -6.54121); 3946 (22.8998, -6.09759); 4757 (23.1224, -6.21105); ]
    4339 (18.6969, -11.9764) -> [ 471 (19.5066, -12.6548); 2450 (19.2908, -12.3949); 2561 (19.2603, -12.4967); 3189 (19.4421, -12.4081); ]
    4340 (2.64589, 22.8972) -> [ 559 (2.90932, 24.5019); 586 (3.61433, 23.777); 1012 (2.58425, 23.7749); 1257 (3.68634, 24.3364); 2119 (3.05788, 24.2527); 4218 (3.53468, 24.1931); ]
    4342 (20.3877, -15.6785) -> [ 1128 (21.5842, -16.2068); 1428 (21.2906, -16.5018); 2635 (21.4517, -16.5615); 3146 (21.2938, -16.8267); 4469 (21.2388, -16.9298); 4840 (21.4312, -16.5064); ]
    4343 (2.17362, -17.6497) -> [ 1331 (2.15507, -19.0572); ]
    4344 (23.9134, 23.2079) -> [ ]
    4345 (12.7975, 8.80581) -> [ 65 (14.4865, 8.97426); 2196 (13.3744, 9.92366); 3274 (14.3168, 9.08385); 3301 (14.5667, 9.57734); 4121 (13.4147, 9.79368); ]
    4346 (13.1942, 23.1771) -> [ 815 (14.0506, 23.8735); ]
    4347 (16.1563, 23.7377) -> [ 1140 (17.743, 24.5093); 4630 (17.3869, 24.372); ]
    4348 (12.3392, -3.7709) -> [ 569 (12.758, -4.76417); 957 (12.8299, -3.93749); 2030 (12.8397, -4.58685); 2643 (13.7918, -4.89307); 3529 (12.8191, -3.95362); 3687 (13.1178, -4.89486); ]
    4350 (23.5855, 14.7671) -> [ 228 (24.3472, 15.1512); 2487 (24.3297, 15.2011); ]
    4351 (16.6936, -10.2424) -> [ 844 (17.133, -11.5914); 2810 (17.7235, -11.2331); ]
    4353 (6.4861, -18.4989) -> [ 1686 (6.8155, -19.6378); 3131 (7.13009, -20.003); 3763 (6.63225, -19.704); 3803 (6.55648, -19.4922); ]
    4354 (10.6065, 19.6931) -> [ 1182 (12.1894, 20.4514); ]
    4356 (12.0591, -9.95898) -> [ 1284 (12.9361, -11.2185); 1589 (12.5018, -11.8706); 2007 (13.3649, -11.213); 4992 (12.6544, -11.2804); ]
    4357 (1.58069, -4.56045) -> [ 302 (1.61357, -6.01287); 359 (2.13727, -6.01938); 498 (1.72459, -5.17303); 924 (1.76766, -5.22302); 1066 (1.79003, -5.57408); 2393 (1.62482, -6.53741); ]
    4358 (4.19574, -0.729991) -> [ 4011 (4.74552, -2.63647); ]
    4361 (15.1165, 6.61902) -> [ 3232 (16.0793, 6.34489); ]
    4362 (9.75174, -12.3544) -> [ ]
    4364 (14.2276, 16.7459) -> [ 3307 (15.5232, 16.421); ]
    4365 (21.9656, -23.3718) -> [ 256 (23.0153, -24.3574); 2236 (22.1537, -24.3585); ]
    4366 (9.7215, -17.2395) -> [ ]
    4367 (24.3726, 3.89221) -> [ ]
    4368 (17.2135, -21.9049) -> [ 3182 (18.2326, -23.4237); ]
    4371 (5.19034, -3.49026) -> [ 1113 (5.35696, -4.90509); 2548 (5.69234, -4.39666); ]
    4373 (14.9381, -9.71469) -> [ 513 (15.6167, -11.4968); 1558 (15.5852, -11.4442); 2293 (16.3487, -10.7662); 4607 (15.532, -11.1691); ]
    4374 (14.6936, 5.6404) -> [ ]
    4375 (13.5629, 18.5468) -> [ 3195 (15.1392, 18.9416); ]
    4379 (15.9428, 8.05138) -> [ 47 (17.4389, 8.275); ]
    4380 (12.1234, -0.38782) -> [ 26 (13.1096, -1.61166); 1146 (12.8697, -0.595532); 2575 (13.5045, -1.31062); 4158 (12.6403, -1.95741); ]
    4382 (18.3252, -6.96342) -> [ 1864 (18.7691, -8.35053); 3393 (18.7278, -7.94621); ]
    4383 (8.12619, -16.8191) -> [ ]
    4385 (19.5065, -11.6047) -> [ ]
    4388 (17.6156, -12.7868) -> [ 126 (18.0718, -14.6094); 2397 (18.321, -13.8707); 3316 (17.9818, -14.4711); ]
    4389 (16.2858, 1.98484) -> [ ]
    4390 (7.69992, -21.1958) -> [ 276 (8.11015, -21.5171); 351 (8.15321, -22.8107); 1232 (8.08699, -22.1847); 2696 (8.23403, -22.1623); ]
    4391 (19.3256, -7.02822) -> [ 3919 (19.7714, -8.26978); ]
    4392 (1.10505, 14.2344) -> [ 646 (1.09715, 12.83); ]
    4393 (11.6274, 2.67921) -> [ 1765 (12.7761, 1.48774); 2819 (12.8393, 1.67194); ]
    4395 (13.8302, 1.31871) -> [ 967 (15.1037, 0.934088); ]
    4397 (20.9244, 8.89045) -> [ 1134 (22.388, 9.20921); 2114 (22.3056, 8.68319); 2155 (21.703, 8.8212); 2175 (22.5417, 9.26909); 2911 (21.7811, 8.52844); ]
    4398 (3.70821, -1.26387) -> [ 357 (3.93629, -3.08678); 3440 (3.94354, -2.76683); ]
    4399 (9.94894, -21.2732) -> [ 4214 (10.7458, -22.9497); 4302 (10.6387, -22.9598); ]
    4400 (12.6772, -17.7087) -> [ ]
    4401 (7.01688, -9.43146) -> [ 1797 (7.29452, -11.1044); 2337 (7.35484, -11.2478); ]
    4402 (22.3462, 15.4138) -> [ ]
    4403 (7.47212, 18.9498) -> [ 139 (8.88984, 19.8956); 792 (9.17068, 19.3663); 1408 (8.92729, 19.5901); ]
    4404 (10.8653, -4.27101) -> [ 1064 (11.0992, -5.15585); ]
    4405 (22.9202, 11.0438) -> [ ]
    4406 (7.97699, 8.73028) -> [ 620 (9.26834, 8.65025); ]
    4407 (16.5908, 15.5267) -> [ 2494 (18.3069, 14.5292); 4319 (17.5004, 14.9164); 4778 (17.5639, 14.7301); ]
    4410 (14.4897, 6.02672) -> [ 2947 (16.1918, 5.47683); ]
    4411 (17.9192, -12.1752) -> [ 3881 (19.2035, -13.5077); ]
    4412 (10.944, 1.38268) -> [ 134 (12.3031, 0.0821137); 194 (12.0318, -0.159272); 2110 (12.1285, 0.264983); 3122 (11.9672, 1.02717); ]
    4413 (0.590336, -17.9136) -> [ ]
    4414 (14.9621, 1.33252) -> [ 3082 (15.9388, 0.903555); 3313 (15.4819, 0.189103); 3551 (15.8235, 0.73442); 3661 (15.9977, 0.745786); ]
    4416 (22.3288, 16.1456) -> [ 2899 (24.0488, 15.867); 3444 (23.7073, 15.767); ]
    4417 (9.43311, -22.653) -> [ 4180 (9.9539, -23.9763); 4937 (9.78827, -23.7065); ]
    4418 (5.69083, 0.628299) -> [ 4771 (5.83442, -1.01136); ]
    4419 (20.2432, 9.62348) -> [ 279 (21.6729, 9.78308); 1607 (21.4259, 10.1545); ]
    4420 (2.61691, -18.984) -> [ 2218 (2.76852, -20.3497); 3108 (2.53249, -19.9258); ]
    4421 (0.475321, -21.3874) -> [ 426 (0.665669, -22.4757); 4199 (0.344896, -23.0383); ]
    4422 (1.46651, 9.75916) -> [ 1484 (2.23198, 8.31249); 3826 (1.8749, 8.41381); ]
    4424 (7.45064, 18.4182) -> [ 799 (9.34996, 18.8511); ]
    4425 (17.3842, -13.8339) -> [ 645 (18.2299, -14.7553); 1214 (18.0446, -14.7912); 3887 (17.7812, -15.3213); ]
    4426 (12.5703, 22.3299) -> [ 4187 (13.512, 23.2727); ]
    4427 (20.5449, 10.9683) -> [ ]
    4429 (4.17874, 19.4475) -> [ 1047 (5.11937, 20.5772); ]
    4431 (9.16178, -8.79422) -> [ 2507 (9.15826, -10.6185); ]
    4432 (21.6543, -7.21007) -> [ 1065 (22.608, -8.13191); 1277 (22.8347, -7.81804); 1385 (22.3818, -7.92757); 1452 (23.1016, -8.43311); 2582 (22.781, -8.05986); ]
    4433 (8.54783, -4.70173) -> [ 166 (8.97149, -6.18268); 450 (9.77682, -6.0631); 1026 (8.78078, -5.6362); 1223 (9.67637, -5.86938); 1858 (9.03263, -6.45304); 3764 (9.00849, -6.47505); ]
    4434 (4.22309, -10.8684) -> [ 1386 (4.21973, -12.4595); 1429 (4.06156, -12.7443); ]
    4435 (12.137, 2.94069) -> [ 1762 (13.723, 2.54572); 2731 (13.8456, 2.54312); ]
    4437 (8.23494, -16.6439) -> [ 693 (8.68289, -17.8542); ]
    4438 (15.7948, 2.7694) -> [ 700 (17.1386, 1.65415); 959 (16.6906, 2.09664); 2554 (16.5326, 2.51275); 2768 (16.7269, 1.84804); 3267 (16.7455, 2.34991); 3696 (16.6096, 2.6352); 4015 (17.5983, 2.5778); ]
    4441 (20.5858, -20.7252) -> [ 1055 (20.8045, -21.2482); 1078 (21.1819, -22.3353); 1980 (20.9089, -21.9706); 2383 (21.3686, -21.2186); 2669 (20.8863, -21.9475); 4934 (21.5623, -22.3834); 4993 (21.5479, -22.3108); ]
    4442 (20.5718, -6.39298) -> [ 512 (21.7074, -6.84596); 729 (21.7748, -7.01661); 906 (21.1275, -7.46787); 1697 (22.212, -7.33158); 1855 (20.8497, -7.30287); 2170 (20.9337, -7.74864); 2441 (22.3233, -7.32083); 3163 (21.6764, -7.74392); 3530 (21.1036, -7.33592); 3839 (21.1537, -7.28301); 4432 (21.6543, -7.21007); 4493 (21.5283, -7.82737); ]
    4443 (16.6286, 8.16949) -> [ 840 (18.4601, 8.50054); 1397 (18.5487, 8.66933); 2644 (18.097, 8.7244); ]
    4444 (4.14422, 2.50312) -> [ 3511 (4.51719, 0.587173); ]
    4445 (19.3845, 17.5411) -> [ 243 (20.538, 17.7092); 614 (21.1821, 18.2937); 1613 (20.8152, 17.711); ]
    4447 (4.44016, -17.6648) -> [ 2410 (4.53184, -19.5579); 3898 (4.86476, -19.546); ]
    4449 (7.10873, -13.8192) -> [ 572 (7.03492, -15.1556); 1167 (7.32517, -14.3716); ]
    4451 (4.93427, -0.718768) -> [ 3406 (5.79103, -2.08528); 4769 (5.79268, -1.97924); 4982 (5.50974, -2.2822); ]
    4452 (19.5311, 13.1828) -> [ ]
    4454 (13.7166, -14.9578) -> [ 633 (14.2908, -16.2947); 2041 (14.0951, -16.5761); 2111 (13.762, -16.5957); 2737 (14.5532, -16.3011); ]
    4455 (3.53278, -7.4061) -> [ 3643 (3.94112, -8.98647); ]
    4457 (14.5312, -13.0296) -> [ 38 (15.0715, -14.9062); 661 (14.9167, -14.6637); 1255 (15.3001, -14.6486); 1532 (15.3847, -14.5063); 2456 (15.1903, -14.4967); 2617 (14.9299, -14.5775); 3662 (14.6423, -14.3031); 4049 (14.9637, -14.976); 4222 (15.6886, -14.4396); ]
    4458 (18.7996, 5.42874) -> [ 284 (19.8361, 4.94511); 599 (19.1937, 4.59009); 1807 (19.8545, 5.48744); 3285 (20.1756, 5.49574); 4159 (19.8205, 5.59517); 4987 (20.5915, 4.96055); ]
    4460 (5.48141, -23.8496) -> [ ]
    4461 (14.2662, 23.9609) -> [ 4869 (15.1821, 24.4585); ]
    4462 (6.38557, -13.0178) -> [ 1409 (6.72643, -13.7676); 4031 (7.17539, -14.5359); ]
    4463 (1.01123, -18.9544) -> [ 1594 (0.721494, -20.2604); ]
    4464 (8.36445, -10.8885) -> [ 1153 (9.12399, -12.376); 1533 (8.46018, -12.4202); ]
    4465 (12.0781, -7.42671) -> [ 1788 (12.9898, -8.89119); ]
    4468 (14.4593, 17.2562) -> [ 2823 (15.7246, 17.2302); ]
    4469 (21.2388, -16.9298) -> [ 377 (22.0003, -18.138); 2474 (21.9307, -18.2708); 3094 (22.0658, -18.2149); ]
    4470 (9.65392, 5.37645) -> [ 18 (10.7757, 5.17082); 490 (10.1533, 4.50425); 861 (10.564, 4.77986); 2290 (9.80933, 4.72448); 2385 (11.1229, 4.9334); ]
    4472 (16.1673, 14.8737) -> [ 3478 (17.3015, 14.1786); ]
    4473 (0.607622, -17.7765) -> [ ]
    4475 (17.6865, -4.35617) -> [ 1536 (18.8943, -5.92482); 2055 (18.8619, -5.42934); 3501 (19.2101, -5.42247); 4911 (19.0063, -5.17836); ]
    4476 (5.16172, 2.76235) -> [ 413 (5.54366, 0.994128); ]
    4477 (22.238, -1.35819) -> [ ]
    4478 (21.019, 1.86497) -> [ 113 (21.8168, 1.47551); 555 (22.2025, 0.77576); 651 (22.4152, 0.847385); 1481 (22.5568, 1.5794); 1620 (22.5209, 1.38161); 3665 (22.2829, 1.61527); 4787 (22.6733, 1.98721); ]
    4481 (18.3372, 15.8891) -> [ 164 (19.732, 15.5988); 565 (19.2579, 15.5641); ]
    4482 (8.91158, -16.7805) -> [ 255 (9.67309, -18.4578); 2348 (9.85012, -18.2771); 4531 (9.81906, -18.4741); ]
    4483 (1.12515, 8.19179) -> [ 845 (1.37808, 7.07069); 2583 (0.506413, 7.06459); ]
    4484 (14.2118, -4.81278) -> [ 21 (15.1533, -5.48683); 1413 (14.8851, -6.04197); 2601 (14.8237, -5.63791); 3157 (15.0549, -6.06454); 4795 (15.3206, -5.64096); ]
    4486 (4.04798, -22.8306) -> [ 220 (4.63509, -23.8925); 1368 (4.72763, -24.6028); 1938 (4.48633, -24.7039); 2535 (4.33817, -24.7141); ]
    4488 (13.8957, 17.4037) -> [ ]
    4490 (24.1492, -19.439) -> [ 3472 (24.267, -19.8695); 3713 (24.8016, -20.5059); ]
    4492 (8.64259, -11.9924) -> [ 734 (9.21192, -13.7272); 1039 (8.90106, -13.0051); 1920 (9.44949, -13.4906); 2063 (8.6963, -12.9751); ]
    4493 (21.5283, -7.82737) -> [ 634 (22.0729, -9.02671); 2231 (22.6638, -8.49772); 2368 (23.0808, -8.91599); 3695 (22.0669, -8.7621); ]
    4494 (9.91223, -6.61371) -> [ 2169 (10.5892, -8.45912); 2794 (10.3639, -8.03353); ]
    4498 (16.4697, -21.3944) -> [ 3214 (17.2183, -23.0604); ]
    4500 (19.4085, -11.8223) -> [ ]
    4501 (6.14645, 20.766) -> [ 816 (7.72797, 21.4544); 3207 (7.69012, 21.7001); 4287 (7.77362, 21.3912); ]
    4502 (10.1407, 21.5679) -> [ 3398 (11.1061, 22.3304); ]
    4503 (7.21722, -0.477971) -> [ 3518 (7.37336, -1.54744); ]
    4504 (12.8942, -18.6269) -> [ 585 (14.1543, -20.1762); 2452 (13.466, -19.7116); ]
    4506 (17.8518, 11.1005) -> [ 912 (19.42, 12.2617); 1008 (18.9973, 10.8662); 1643 (19.3852, 11.03); 1750 (19.1768, 12.2547); 1780 (18.643, 11.7864); 2637 (18.541, 11.8979); 2670 (19.0931, 11.2176); 4925 (19.5169, 12.131); ]
    4507 (5.18041, -18.6657) -> [ 103 (5.0999, -20.4084); 557 (5.62662, -19.9353); 613 (5.39554, -20.3505); 877 (5.08783, -20.3988); 4582 (5.34097, -20.008); 4589 (5.46285, -20.0168); ]
    4508 (19.7535, 1.1606) -> [ 66 (20.6691, -0.162423); 561 (21.0378, 0.285269); 1168 (21.2489, -0.116705); 1717 (20.4945, -0.0666287); 1817 (20.6963, 0.548568); 3097 (20.6795, 0.0654361); ]
    4509 (2.14647, -1.4365) -> [ 289 (2.28623, -3.32309); 4693 (2.41308, -3.03199); ]
    4511 (13.9124, 5.79219) -> [ 93 (15.2647, 4.68355); ]
    4512 (19.5407, -18.5614) -> [ 83 (19.8155, -19.2504); 520 (20.6615, -19.9883); 1562 (20.9852, -19.8347); 2517 (20.7292, -19.7286); 3991 (20.2309, -19.68); 4161 (20.2412, -19.781); 4266 (20.7814, -19.8793); ]
    4516 (8.26395, -14.9902) -> [ 1601 (8.27799, -16.3788); 1927 (9.37442, -16.6095); 3100 (9.21432, -16.1328); 4437 (8.23494, -16.6439); 4482 (8.91158, -16.7805); ]
    4519 (4.60049, 20.0461) -> [ ]
    4520 (2.0938, -21.8662) -> [ 167 (2.03635, -23.1586); 447 (2.01054, -23.715); 2661 (2.41818, -23.7885); 2850 (2.72823, -22.8652); 3106 (2.23237, -22.5248); ]
    4521 (16.6813, 2.34283) -> [ 2570 (18.0766, 2.3368); 4219 (17.68, 1.97289); ]
    4523 (17.749, -7.71292) -> [ 587 (18.4139, -8.99109); 1979 (18.6231, -8.59932); ]
    4524 (1.35674, -9.65064) -> [ 242 (1.7543, -10.4985); 852 (1.12797, -11.066); 1347 (1.53949, -10.607); 1654 (1.6705, -10.7513); 2085 (0.588531, -11.4613); 3498 (1.20027, -10.2072); 4608 (1.03957, -11.3818); ]
    4525 (19.4218, 9.49423) -> [ 54 (20.8023, 9.69682); 1662 (20.1327, 9.62571); 3266 (20.8868, 10.2308); 4419 (20.2432, 9.62348); 4628 (20.394, 9.5696); 4843 (21.0972, 9.79466); 4931 (20.8673, 9.58758); ]
    4526 (4.25553, -4.60618) -> [ 991 (4.20902, -6.13812); 2434 (5.00614, -6.2963); 2543 (4.76017, -5.83049); 2793 (4.76443, -5.6727); 2874 (4.76507, -6.00419); 4533 (4.12473, -6.02819); ]
    4527 (3.10311, -7.24404) -> [ 282 (2.7989, -9.12916); 638 (3.098, -9.14336); 1145 (3.19376, -9.15636); 2880 (2.97462, -9.15248); 3159 (2.88005, -8.68649); 3439 (2.73956, -8.88917); 4547 (3.03155, -8.66594); ]
    4528 (17.5116, -21.3939) -> [ 389 (18.35, -22.6495); 497 (17.62, -21.7953); 656 (17.6493, -22.3072); 785 (18.8377, -22.7225); 937 (17.5998, -22.6044); 1326 (17.649, -21.5658); 1487 (17.4766, -22.5275); 1652 (17.6242, -22.7856); 1906 (17.7081, -22.7251); 2042 (17.8855, -21.6988); 2066 (17.3305, -21.9205); 2098 (17.5525, -23.1644); 2573 (18.3969, -22.7552); ]
    4529 (22.54, 1.00218) -> [ ]
    4530 (2.83678, 5.38329) -> [ 795 (2.73437, 3.73552); 1400 (2.67896, 3.77143); 1436 (2.98591, 4.47707); 1658 (3.94152, 3.75065); 2346 (2.84199, 4.35971); ]
    4531 (9.81906, -18.4741) -> [ 2222 (10.394, -20.2466); 3030 (10.5412, -20.0981); 3193 (10.7957, -19.8801); 3615 (10.4746, -20.0153); ]
    4532 (7.24006, 21.1621) -> [ 4736 (8.47466, 21.5528); ]
    4533 (4.12473, -6.02819) -> [ 2216 (4.45721, -7.19441); 2516 (4.58748, -7.53692); 2896 (4.65003, -7.70614); ]
    4534 (12.647, -19.3358) -> [ 1250 (13.5969, -20.951); ]
    4535 (12.5194, -17.6611) -> [ 2363 (13.1909, -18.9843); ]
    4536 (2.69938, 0.915194) -> [ 3648 (3.22076, -0.145677); 4040 (3.09445, -0.290745); ]
    4537 (15.7766, 19.5739) -> [ 2058 (17.6036, 20.0458); 2182 (16.1968, 19.6237); 2461 (17.0493, 19.8637); ]
    4538 (12.0236, -15.3938) -> [ 1941 (12.9883, -16.1944); 2057 (12.5306, -16.4858); ]
    4539 (10.9389, -21.4213) -> [ 697 (11.1181, -22.4219); 1827 (11.3062, -22.4396); 1831 (11.8158, -22.9855); ]
    4540 (16.7881, 6.00201) -> [ ]
    4541 (16.6768, 8.65469) -> [ 3876 (18.2555, 8.91274); 4550 (17.6927, 9.10368); 4601 (18.0942, 8.99069); ]
    4542 (15.1969, -15.3534) -> [ 3029 (16.129, -16.7439); ]
    4543 (19.9736, 4.11705) -> [ 1679 (21.2493, 3.5633); 1735 (21.2621, 4.01811); 3298 (20.4431, 3.76333); 3620 (21.1054, 3.73835); ]
    4544 (0.462612, -15.3897) -> [ 1974 (0.563938, -15.8728); 3025 (0.423152, -16.614); 3743 (0.420562, -16.7613); 4739 (0.649997, -17.3112); ]
    4545 (0.248552, -6.12266) -> [ 2044 (0.125585, -7.22727); 2492 (0.411788, -8.08828); ]
    4546 (16.1993, 11.1153) -> [ 2846 (16.5862, 12.085); 3138 (16.8484, 11.832); 4193 (17.7114, 11.2584); ]
    4547 (3.03155, -8.66594) -> [ 603 (2.74571, -9.38394); ]
    4548 (14.0111, 21.3867) -> [ 657 (15.4318, 22.3593); 3243 (15.4658, 21.8662); 3738 (15.6231, 22.2496); ]
    4550 (17.6927, 9.10368) -> [ 3777 (18.5892, 9.75361); ]
    4551 (3.77756, 20.5271) -> [ 1215 (4.13121, 21.2939); 1252 (4.04194, 21.7872); 1792 (5.12299, 21.7405); 2976 (4.9916, 21.9219); 3584 (4.76353, 21.7568); 3926 (5.14449, 21.8031); 4321 (4.57135, 21.5392); ]
    4552 (11.9441, -11.9102) -> [ ]
    4556 (12.7521, -10.5281) -> [ 275 (13.4323, -11.6452); 379 (13.1556, -12.0869); 4990 (13.6994, -11.8259); ]
    4557 (19.4372, -17.2141) -> [ 313 (19.9268, -17.9041); 2747 (20.3975, -18.4016); ]
    4558 (22.731, -9.5924) -> [ 1455 (23.5418, -10.834); 1874 (24.3566, -10.5885); 2345 (23.9948, -10.1756); 4217 (24.1487, -10.2891); ]
    4559 (11.706, 17.3461) -> [ 409 (13.1775, 17.5296); 1129 (13.6839, 17.3279); 2210 (12.5756, 16.9989); 4698 (13.5944, 16.9021); ]
    4561 (1.42095, 1.00635) -> [ 1369 (1.61586, -0.204105); 2016 (1.66896, -0.794607); ]
    4562 (6.34743, 19.417) -> [ 790 (7.76709, 20.6306); 1496 (7.60221, 20.5447); ]
    4564 (9.95419, -17.1788) -> [ 3169 (10.3446, -18.6895); ]
    4565 (19.2412, 13.436) -> [ 3574 (19.9033, 13.9105); ]
    4566 (14.9775, 3.8969) -> [ 360 (16.3957, 4.08774); ]
    4567 (18.4778, 9.71394) -> [ 679 (19.3737, 10.2992); 1115 (19.852, 10.7472); 1253 (20.0771, 10.65); 2136 (19.9849, 10.0337); 2806 (19.806, 9.70948); 3158 (20.3451, 9.65824); 3257 (19.6335, 9.80311); 4796 (19.4355, 10.2159); ]
    4568 (18.854, -9.84232) -> [ 974 (18.9616, -10.9186); 1693 (19.1481, -11.4411); 2012 (19.5696, -11.1436); 2416 (19.634, -11.4196); 3903 (19.0425, -10.5481); 4385 (19.5065, -11.6047); 4916 (19.3284, -11.3314); ]
    4569 (16.4757, 12.949) -> [ 660 (18.181, 13.3128); 3624 (18.2886, 12.7479); 3751 (17.4851, 13.0735); ]
    4570 (10.3366, 21.4936) -> [ 2178 (11.7602, 22.4711); 4831 (11.5209, 21.8591); ]
    4571 (11.6663, 23.5494) -> [ 1796 (12.9563, 24.4691); ]
    4572 (5.31838, -17.289) -> [ 102 (6.01276, -18.6289); 1540 (5.63183, -18.6748); 2088 (5.83636, -18.7966); 3102 (5.59046, -18.2529); 3556 (5.81801, -18.4577); 4507 (5.18041, -18.6657); ]
    4573 (16.5879, -8.17694) -> [ 57 (17.0594, -9.3217); 1684 (17.9764, -9.32205); 1918 (18.1155, -9.3118); ]
    4575 (5.66525, -20.4427) -> [ 887 (5.55442, -22.1863); 2966 (5.8487, -22.3936); 3210 (6.26077, -21.9262); 3405 (6.36904, -22.1885); ]
    4576 (19.4814, -20.4842) -> [ 975 (19.5378, -20.9708); 1014 (20.0604, -21.9003); 1045 (20.3209, -22.2632); 1106 (19.5437, -20.7916); 1449 (20.7307, -21.915); 1964 (20.8432, -21.8704); 3719 (19.7934, -21.9134); 4735 (20.527, -21.8564); ]
    4577 (24.4851, -21.6201) -> [ 3160 (24.7486, -22.6438); ]
    4578 (11.8725, -16.2233) -> [ 4535 (12.5194, -17.6611); ]
    4579 (12.3386, -13.3536) -> [ 2773 (12.9077, -15.125); ]
    4580 (16.3708, -20.6875) -> [ 109 (17.0475, -21.9643); 3203 (16.7073, -21.2818); 3502 (17.0302, -22.1591); 4368 (17.2135, -21.9049); ]
    4581 (23.4779, 14.2923) -> [ 554 (24.3996, 14.891); 2064 (24.9295, 15.1127); ]
    4582 (5.34097, -20.008) -> [ 571 (5.17286, -21.4222); ]
    4583 (5.79582, -6.79045) -> [ 173 (6.29765, -7.9453); 266 (5.99719, -7.93603); 1300 (6.13469, -8.44654); 1926 (5.82866, -7.65395); ]
    4585 (10.0639, 6.17968) -> [ 2122 (11.537, 5.46585); 3761 (11.7541, 5.59971); ]
    4586 (12.0826, -1.84258) -> [ 994 (12.4159, -2.60098); 1606 (13.0338, -3.25623); 3109 (12.6064, -2.6265); 4687 (12.5481, -2.99629); ]
    4587 (1.00794, -16.3866) -> [ 753 (1.36855, -17.7372); 3048 (1.43977, -17.9415); 3735 (0.791161, -17.825); 4413 (0.590336, -17.9136); 4473 (0.607622, -17.7765); ]
    4589 (5.46285, -20.0168) -> [ 2522 (5.8988, -21.3993); 3447 (5.96765, -21.147); ]
    4590 (22.6937, -11.8939) -> [ ]
    4591 (14.8501, 16.2401) -> [ 4407 (16.5908, 15.5267); ]
    4592 (4.5215, -1.86289) -> [ 344 (4.80664, -3.39238); 495 (5.34631, -3.18137); ]
    4595 (18.7382, -12.136) -> [ 3373 (19.7825, -13.3619); ]
    4597 (1.7908, -0.81154) -> [ 2254 (1.89743, -2.20751); 2951 (2.1006, -2.68042); ]
    4599 (6.46531, -0.773115) -> [ ]
    4600 (18.6414, 15.7982) -> [ 2888 (18.9052, 15.7246); ]
    4602 (17.3814, -0.770089) -> [ 1674 (17.7966, -1.44347); 2713 (18.4216, -1.83038); 3088 (18.2032, -1.37402); ]
    4603 (20.6643, 7.80261) -> [ 80 (21.977, 8.07813); 2402 (22.6148, 7.86248); ]
    4604 (10.4063, -20.893) -> [ 536 (10.4763, -21.1867); 1803 (10.6695, -21.136); 2787 (10.3052, -21.1646); 4063 (11.1699, -22.2217); ]
    4605 (5.04265, -10.6968) -> [ 521 (5.16649, -12.1054); 862 (4.66571, -11.8211); 1289 (4.58716, -11.752); 2009 (4.87224, -11.6252); 2234 (4.99497, -12.1074); 2320 (4.88694, -11.9941); 3420 (5.95372, -12.4743); 4205 (5.87124, -12.452); 4376 (4.3615, -12.4867); ]
    4606 (12.8286, -11.594) -> [ 358 (13.5421, -12.8311); 1453 (13.0759, -13.4473); 1504 (13.1207, -12.9225); 1553 (13.7606, -13.2494); 2684 (13.2984, -13.3639); ]
    4607 (15.532, -11.1691) -> [ 347 (16.4941, -12.6337); 909 (16.2848, -12.0421); 2330 (15.8414, -11.6538); 3538 (16.6115, -12.1571); 4857 (16.9831, -12.5041); ]
    4608 (1.03957, -11.3818) -> [ 1976 (1.74469, -13.0985); 2853 (1.7131, -12.8244); 4027 (1.04214, -13.1571); 4311 (1.25021, -12.9724); ]
    4609 (10.4337, 0.762251) -> [ 3690 (11.9264, -0.360546); ]
    4610 (23.5354, 19.5864) -> [ 253 (24.5746, 19.3798); 1099 (24.8679, 20.1606); ]
    4611 (8.18712, -8.24672) -> [ 3479 (9.1717, -9.78313); 3895 (7.97579, -9.35184); ]
    4612 (3.2336, -16.3296) -> [ 224 (3.54486, -18.1991); 502 (3.20217, -16.8598); 4256 (3.34298, -16.8988); ]
    4613 (14.003, -21.8123) -> [ 710 (14.5214, -22.2193); 3701 (14.9601, -23.4987); ]
    4614 (14.204, 18.2181) -> [ 3705 (15.157, 18.4584); ]
    4616 (23.0624, -0.597868) -> [ 958 (24.4671, -0.944724); 3986 (24.8947, -0.713932); 4051 (24.602, -1.1078); ]
    4617 (3.10117, -14.5328) -> [ 1011 (3.79931, -15.3283); 3497 (3.27902, -15.6024); ]
    4619 (15.7784, 21.3939) -> [ 4960 (17.3477, 22.2546); ]
    4620 (16.202, -15.1413) -> [ ]
    4621 (0.20012, -13.4879) -> [ 2946 (0.071042, -15.2721); 4544 (0.462612, -15.3897); ]
    4622 (4.05452, -1.92814) -> [ 4868 (4.92446, -3.66779); ]
    4623 (1.15394, -16.0548) -> [ 942 (1.22117, -17.6931); 1583 (0.929022, -17.6306); 3024 (1.86223, -17.8576); ]
    4624 (1.36422, 12.208) -> [ 299 (2.19201, 10.6375); 934 (2.17086, 10.5465); ]
    4625 (11.6476, -12.3311) -> [ 267 (11.4109, -14.2535); 455 (12.5166, -13.2022); 675 (11.8154, -13.8328); 1314 (12.06, -13.3987); 1736 (11.3122, -13.2633); 4579 (12.3386, -13.3536); ]
    4626 (13.3171, -22.3757) -> [ 997 (13.5228, -23.2708); 4283 (13.7737, -24.0501); 4875 (14.2647, -23.9018); ]
    4627 (16.166, 17.4072) -> [ 2262 (17.926, 17.4624); ]
    4628 (20.394, 9.5696) -> [ 533 (21.5229, 9.46636); ]
    4629 (23.0105, -19.2304) -> [ 1344 (23.9045, -20.8775); 1884 (23.5719, -20.377); 2061 (23.9395, -19.9107); 3943 (23.9823, -20.7695); 4907 (23.4424, -20.593); ]
    4631 (16.057, 17.9625) -> [ 961 (17.3622, 17.9826); 3684 (17.6667, 18.1549); 4848 (17.9612, 18.0197); ]
    4632 (3.48846, -9.10213) -> [ 1844 (3.56999, -10.113); 2364 (3.79052, -9.68684); 3515 (3.93331, -9.56703); 3971 (3.93156, -10.2977); ]
    4633 (10.8672, -10.5872) -> [ 362 (11.6453, -12.4259); 2721 (11.7561, -12.2664); 4552 (11.9441, -11.9102); 4625 (11.6476, -12.3311); 4720 (12.0451, -11.8805); ]
    4634 (6.88992, -1.62385) -> [ 515 (7.46724, -2.96977); 863 (7.14214, -3.40116); 928 (6.83735, -3.40325); 3929 (7.33334, -3.22024); 4220 (6.85503, -2.85615); ]
    4635 (10.8782, -2.6498) -> [ 1789 (12.2083, -3.53312); 2212 (11.4731, -3.27825); 2429 (11.6126, -3.28945); 3032 (12.0068, -3.3436); 3525 (12.2907, -4.04959); ]
    4636 (16.5895, 20.5929) -> [ 3246 (18.2357, 21.0891); ]
    4637 (5.14172, -5.32614) -> [ 1297 (6.15955, -6.91544); 2930 (5.76267, -6.7429); 4583 (5.79582, -6.79045); ]
    4639 (6.3129, 21.1548) -> [ 1511 (7.65942, 22.5919); 2892 (6.78672, 22.2952); 3050 (7.04277, 22.2623); ]
    4640 (3.53014, 11.9778) -> [ 993 (4.20375, 10.6081); 2746 (4.7163, 10.7071); ]
    4643 (20.5669, -16.1595) -> [ 4387 (21.4988, -17.6699); ]
    4644 (10.8892, 22.4985) -> [ 4930 (12.2274, 23.0717); ]
    4646 (11.3298, -4.79421) -> [ 2907 (11.8025, -5.6626); 3754 (12.3803, -6.09395); 3792 (12.1383, -6.49412); ]
    4647 (13.9366, -0.656468) -> [ 921 (14.7344, -0.882569); 1036 (14.6674, -1.04128); 1568 (15.2307, -1.63998); 2053 (14.1969, -1.4079); 3017 (14.3141, -1.48082); ]
    4648 (0.634496, -12.5807) -> [ 477 (0.909576, -13.4729); 1992 (0.889413, -13.579); ]
    4649 (9.30053, -23.5694) -> [ 1664 (9.66612, -24.5414); 2379 (9.71288, -24.7224); 3330 (9.61963, -24.6712); ]
    4650 (14.6358, -2.73215) -> [ 196 (15.6332, -3.44011); 1201 (16.0179, -4.06223); ]
    4652 (11.7598, -8.90571) -> [ 460 (12.3757, -10.4099); 598 (12.1402, -9.87105); 739 (12.2368, -10.2549); ]
    4653 (2.44377, -13.7429) -> [ 2498 (2.08274, -15.5987); ]
    4654 (1.90177, -15.0042) -> [ 730 (1.95291, -15.7364); ]
    4655 (14.1345, -7.84674) -> [ 24 (15.0785, -9.59706); 233 (15.0558, -9.27288); 291 (14.975, -8.81473); 363 (14.8921, -9.64773); 1967 (15.2289, -9.11831); ]
    4656 (20.6703, -12.751) -> [ 706 (21.3732, -13.1729); 1303 (21.3304, -12.7042); 1375 (22.0483, -14.1467); 1391 (21.2291, -13.5898); 1575 (22.1473, -13.9323); 2022 (21.3775, -13.7906); 2256 (21.5279, -14.2716); 3039 (20.9339, -13.7954); 3449 (21.3647, -13.2549); ]
    4657 (19.7323, -23.84) -> [ 1875 (19.6471, -24.4195); 2802 (20.0334, -24.0404); ]
    4658 (17.5502, 6.27088) -> [ ]
    4661 (4.07162, -17.4791) -> [ ]
    4662 (15.6614, 1.74902) -> [ 627 (16.2569, 1.80651); ]
    4663 (7.02516, -11.5732) -> [ 393 (7.68954, -13.0973); 1856 (7.05436, -12.7166); 3223 (6.82888, -13.169); 3658 (6.99295, -12.6726); 4008 (6.93842, -12.6045); 4986 (7.68282, -12.386); ]
    4664 (14.2902, 17.7555) -> [ 981 (15.2201, 18.0827); 1470 (15.0226, 17.6523); 1921 (15.6826, 17.9275); 4062 (15.706, 17.8373); 4329 (16.282, 17.7031); 4631 (16.057, 17.9625); ]
    4665 (4.6233, -13.595) -> [ 45 (4.19641, -14.8365); 343 (4.48567, -14.8796); 1414 (4.24275, -14.9305); 3649 (4.22771, -14.6382); 4076 (4.72368, -15.1389); ]
    4667 (7.0198, -1.53566) -> [ 2518 (7.44446, -1.86581); 2824 (7.82993, -2.8373); ]
    4670 (7.96526, -16.2368) -> [ 4296 (8.07341, -16.9598); ]
    4672 (22.2828, -0.395052) -> [ 1136 (23.5932, -1.1613); 1521 (22.6703, -1.21267); 1680 (24.1919, -0.811048); 2264 (23.4997, -0.842832); 2519 (23.5845, -0.937633); 3555 (23.5834, -1.52941); 4022 (22.8548, -1.74581); 4194 (23.7172, -0.92675); 4326 (23.0462, -1.34809); ]
    4673 (8.02472, -0.868234) -> [ 1544 (8.80283, -2.16103); 1623 (8.78277, -2.69638); 2091 (9.16356, -2.00391); 3317 (8.73291, -2.36887); 3752 (8.43024, -2.4239); ]
    4676 (9.03383, -16.1292) -> [ 1826 (9.69296, -17.5158); 2381 (9.5595, -16.948); 4366 (9.7215, -17.2395); 4564 (9.95419, -17.1788); ]
    4678 (23.6165, 13.6428) -> [ 1296 (24.5268, 13.7015); 1830 (24.7022, 14.0351); 4285 (23.9454, 13.7658); ]
    4681 (4.44427, -18.9163) -> [ 311 (4.11261, -20.0602); 2069 (4.41758, -20.6387); 4160 (4.59505, -19.8503); 4249 (4.86581, -20.4352); ]
    4682 (7.95338, 22.1708) -> [ 331 (9.03789, 23.1574); 2775 (8.96715, 23.2873); ]
    4683 (4.45197, -6.84896) -> [ 230 (3.92797, -8.70391); 2336 (4.78077, -8.02946); ]
    4684 (12.1014, 18.2562) -> [ 499 (13.7471, 18.6665); 4375 (13.5629, 18.5468); 4677 (12.8728, 18.4483); ]
    4685 (3.31182, -8.64144) -> [ 3219 (3.02253, -10.1319); 3621 (4.00699, -9.59605); 3769 (3.56567, -9.38038); ]
    4686 (14.6852, 22.4722) -> [ 728 (16.2116, 23.4425); 2593 (15.8456, 23.3271); ]
    4687 (12.5481, -2.99629) -> [ 3254 (13.1, -4.16533); 3269 (13.9001, -3.80349); 3732 (13.5686, -4.04699); 3949 (13.7795, -3.89775); ]
    4688 (11.2762, 17.4589) -> [ 2387 (12.3513, 17.4868); ]
    4690 (9.72326, -12.4668) -> [ 825 (10.0536, -13.1443); ]
    4691 (6.53165, -23.2749) -> [ ]
    4692 (3.77317, -1.92636) -> [ 207 (3.88868, -3.39714); ]
    4693 (2.41308, -3.03199) -> [ 3329 (2.95498, -4.41507); 3772 (2.68174, -4.91766); 4056 (3.08956, -4.46787); ]
    4695 (19.277, -11.6883) -> [ 760 (20.412, -13.295); 2054 (20.3212, -13.3614); 3699 (20.4161, -13.2086); ]
    4696 (5.18294, -20.3561) -> [ 879 (4.9262, -21.5773); 1523 (5.48335, -21.9634); 1770 (4.82432, -22.0393); 2753 (5.08199, -21.649); ]
    4697 (1.33167, -14.7752) -> [ 274 (0.957322, -16.5654); 1694 (1.33905, -16.231); 2370 (1.17444, -16.6799); 3308 (1.33352, -16.3797); 4587 (1.00794, -16.3866); ]
    4698 (13.5944, 16.9021) -> [ 1777 (14.457, 15.4666); 4456 (14.0903, 16.7411); ]
    4699 (9.94251, 0.967905) -> [ 156 (10.2302, -0.376794); 3884 (10.3504, -0.435196); ]
    4700 (10.3804, 8.10282) -> [ 240 (11.6894, 7.34939); 2263 (11.4223, 7.35655); ]
    4701 (7.5936, -23.7232) -> [ 648 (8.29193, -24.4407); 1345 (7.6996, -24.3284); 1357 (7.49947, -24.719); 3940 (7.72575, -24.5159); ]
    4702 (8.72889, 22.0799) -> [ 2208 (10.0614, 23.5522); 2521 (10.0979, 23.3464); 2883 (10.0127, 23.0467); 3703 (10.3278, 23.2567); 3833 (10.0368, 23.3602); ]
    4703 (12.8324, 23.8522) -> [ 1383 (14.1443, 24.6414); 1670 (13.6523, 24.0663); 2100 (13.5451, 24.0495); 2209 (14.5147, 24.7053); 4118 (13.4242, 24.3642); 4333 (14.2788, 24.9235); 4338 (13.5739, 24.6557); 4874 (14.0419, 24.9124); ]
    4704 (8.84175, 21.5353) -> [ 4044 (10.3701, 22.1395); ]
    4707 (11.8877, 4.38416) -> [ 1465 (13.0924, 3.93844); ]
    4711 (21.9363, -8.29621) -> [ 290 (23.1984, -9.07865); 4558 (22.731, -9.5924); ]
    4712 (4.91342, -17.2199) -> [ 95 (4.64622, -17.9376); 350 (4.61708, -18.467); 2289 (4.88006, -19.0864); 2422 (4.84062, -18.9011); 2803 (4.74424, -18.9243); 2866 (5.07615, -18.3288); 3089 (4.95818, -19.2111); ]
    4714 (15.6013, -3.11525) -> [ 27 (16.688, -4.20431); 560 (16.5891, -3.74581); ]
    4715 (23.2769, -2.9182) -> [ 239 (24.116, -3.92828); 1843 (23.9877, -3.69685); 3708 (24.608, -4.07733); 4489 (24.5021, -3.62006); ]
    4716 (4.85094, 0.0547796) -> [ 985 (4.84243, -0.972538); 1207 (5.3363, -1.48547); 4111 (5.14943, -1.35162); ]
    4718 (23.9365, 19.6462) -> [ 376 (24.6029, 19.7906); ]
    4720 (12.0451, -11.8805) -> [ ]
    4722 (23.597, 3.83489) -> [ 1550 (24.9492, 3.54029); 4367 (24.3726, 3.89221); ]
    4723 (8.5182, -15.1122) -> [ 826 (8.63491, -17.0244); 2186 (9.5433, -16.3436); 2973 (9.78514, -16.5892); ]
    4725 (12.1372, 5.82665) -> [ 1557 (13.1629, 5.31567); 2772 (13.8258, 5.14244); ]
    4726 (13.0891, -22.4531) -> [ 805 (13.5277, -23.586); ]
    4729 (14.6262, 10.9459) -> [ 466 (16.1927, 11.1381); 566 (16.0683, 11.8327); 809 (14.2704, 12.6565); 1000 (15.0836, 12.5077); 1503 (16.4338, 11.0373); 2194 (14.7729, 12.5317); 2362 (15.0745, 12.7119); 3560 (14.8334, 12.8415); 4103 (16.5584, 11.1738); 4499 (14.8259, 12.8556); 4903 (15.5697, 12.448); ]
    4730 (12.9546, -16.9018) -> [ ]
    4732 (6.48186, 19.8576) -> [ 2306 (7.83238, 20.84); 2547 (7.95415, 20.6811); ]
    4733 (9.06271, -10.907) -> [ 418 (9.41585, -12.04); 3045 (9.52453, -11.6049); 4362 (9.75174, -12.3544); 4690 (9.72326, -12.4668); ]
    4734 (3.0923, 17.3708) -> [ 2285 (4.183, 18.8349); ]
    4735 (20.527, -21.8564) -> [ 737 (21.4752, -22.954); 4221 (20.7812, -22.5014); 4968 (21.1941, -23.4581); ]
    4736 (8.47466, 21.5528) -> [ 1647 (9.92859, 22.8751); ]
    4737 (11.2359, 19.1726) -> [ 532 (13.0048, 19.6201); ]
    4738 (3.61253, -0.545802) -> [ 262 (3.76293, -1.92563); 468 (4.08681, -1.5518); 3632 (3.99197, -1.74575); 4105 (4.26483, -1.48121); 4622 (4.05452, -1.92814); ]
    4739 (0.649997, -17.3112) -> [ 834 (0.269671, -18.8349); 2805 (0.157976, -18.7136); 3403 (0.0938207, -18.7332); ]
    4740 (19.1871, 6.60861) -> [ 271 (21.1257, 6.81314); 1261 (21.0592, 6.48584); ]
    4742 (16.2018, 15.913) -> [ 3216 (17.3341, 15.3559); 3282 (17.6566, 15.7176); 4909 (17.468, 15.547); ]
    4743 (15.431, -19.2679) -> [ 718 (15.6401, -20.5842); 3190 (15.6751, -20.842); 4120 (15.6595, -20.8113); ]
    4744 (17.9552, 9.46151) -> [ 524 (18.9505, 10.1841); 1878 (19.3592, 9.84113); 2448 (19.4309, 9.72102); ]
    4745 (9.31149, -18.0921) -> [ 60 (9.91435, -18.3504); 881 (10.4657, -19.1396); 2190 (9.68802, -19.1679); 2351 (9.62079, -18.8811); 3312 (9.9919, -19.9248); 3858 (9.24441, -19.7873); 4045 (9.9386, -18.8181); ]
    4746 (7.46808, -13.8627) -> [ 429 (8.28804, -15.152); 2252 (7.54775, -15.3008); 3041 (7.86781, -15.228); ]
    4747 (22.3759, -11.7865) -> [ 1282 (23.5239, -13.165); 4085 (22.8684, -12.7688); ]
    4749 (12.9268, -22.4987) -> [ ]
    4750 (4.75111, 11.0942) -> [ 889 (5.97506, 10.1204); 1152 (6.19972, 9.79411); 3338 (6.41574, 10.2089); ]
    4751 (22.8027, -7.64561) -> [ 2954 (24.0459, -8.89173); 3023 (23.7296, -8.06968); 3619 (24.1465, -8.16159); 4288 (24.2909, -8.58104); 4549 (24.2802, -8.82445); 4618 (23.7623, -7.93583); ]
    4754 (0.159887, -18.5873) -> [ 1259 (0.449192, -19.9537); 1612 (0.535725, -20.4355); 1854 (0.30784, -19.7986); 3390 (0.217374, -19.7248); ]
    4756 (7.46269, -5.4157) -> [ 550 (7.66041, -7.1769); 3549 (8.48498, -7.12496); ]
    4757 (23.1224, -6.21105) -> [ 2302 (23.9917, -6.68361); 2572 (24.0193, -7.14971); 3005 (23.9277, -6.98958); 4497 (24.8335, -6.93996); ]
    4759 (20.0778, 22.9629) -> [ 292 (21.5774, 23.7805); 2686 (21.6068, 23.8143); 3347 (20.8842, 23.3172); 4282 (21.599, 23.9322); ]
    4760 (15.2181, 8.08622) -> [ 3291 (16.4717, 8.44871); ]
    4761 (2.00128, 16.4693) -> [ 2193 (3.27774, 17.8503); 3622 (3.16372, 17.7763); 3907 (3.36131, 17.5163); 4336 (2.84247, 17.3182); 4734 (3.0923, 17.3708); 4952 (2.69846, 17.7486); ]
    4762 (19.6792, 17.2153) -> [ 505 (21.4656, 17.614); 2394 (21.477, 17.1369); 4352 (21.5681, 17.1463); ]
    4763 (23.3473, -14.8405) -> [ 1173 (23.5282, -15.5615); 2680 (24.2231, -16.4063); 2693 (24.2438, -16.4567); 3672 (24.2894, -16.5756); ]
    4765 (6.82005, -23.2056) -> [ 2225 (7.01242, -24.6307); 4459 (7.00046, -24.5834); ]
    4766 (0.294092, -12.2484) -> [ 396 (0.349078, -13.2555); 2411 (0.357052, -13.7023); 2711 (0.456825, -12.7961); 3535 (0.53558, -13.4215); ]
    4770 (1.28257, -18.3391) -> [ 749 (1.12576, -19.9295); 2002 (0.812882, -19.4862); 4084 (1.19651, -20.204); ]
    4771 (5.83442, -1.01136) -> [ 36 (6.37783, -2.51593); 526 (6.21499, -2.81345); 1270 (6.43958, -2.66138); 2272 (6.26512, -2.52155); 4013 (6.21599, -2.85338); ]
    4775 (14.9436, -22.4333) -> [ 2292 (15.1993, -22.9853); 2936 (15.3378, -23.2313); 3127 (15.2334, -23.9242); 3433 (15.3246, -22.916); ]
    4778 (17.5639, 14.7301) -> [ 982 (19.4359, 14.4487); 1597 (19.4154, 14.4895); ]
    4779 (12.056, -20.8409) -> [ 1364 (12.118, -22.0341); 1771 (12.6732, -22.7257); 3428 (12.6347, -22.6093); 4749 (12.9268, -22.4987); ]
    4780 (7.47264, 10.4041) -> [ 604 (9.27422, 10.3677); 2417 (9.4249, 10.0662); 2835 (9.07038, 10.6972); ]
    4781 (20.5776, 15.7362) -> [ 97 (21.6664, 15.091); 1696 (21.0822, 14.8417); 2120 (21.9232, 14.9286); 3118 (22.1832, 15.2664); 3499 (21.7255, 15.3169); 4402 (22.3462, 15.4138); ]
    4782 (21.1136, -2.64285) -> [ 767 (22.1527, -3.33128); 3612 (21.9024, -2.94985); ]
    4784 (18.9907, 12.1265) -> [ 3110 (19.2315, 12.5501); 3184 (20.5388, 13.1137); 3270 (19.5185, 12.343); 3392 (20.664, 12.2397); 3568 (20.2601, 12.4732); 3675 (20.0795, 13.2283); 4924 (20.8979, 12.6269); ]
    4786 (2.61146, -1.68014) -> [ 1899 (1.92392, -3.55598); ]
    4787 (22.6733, 1.98721) -> [ 3389 (23.6076, 1.60156); ]
    4789 (11.126, 8.0009) -> [ 1202 (12.8962, 7.86335); 2184 (12.7775, 7.65765); 2630 (12.873, 7.79509); 3914 (12.3336, 6.45056); ]
    4790 (8.58134, 1.86366) -> [ 740 (9.3341, 0.692636); 3372 (9.47264, 0.429012); ]
    4791 (22.0044, 20.2167) -> [ 160 (23.6001, 20.3635); 1280 (23.6677, 20.477); 3657 (23.8811, 20.5252); 4842 (23.5211, 20.6225); ]
    4792 (19.3176, 24.1154) -> [ 1799 (21.022, 24.5871); 2619 (21.2015, 24.6928); ]
    4793 (23.34, -11.4647) -> [ 1169 (24.0164, -12.0222); 3468 (24.149, -12.5998); 4228 (24.2028, -12.8406); ]
    4794 (14.0167, 2.85062) -> [ 715 (14.754, 2.76396); 2938 (15.4171, 2.48769); 4560 (15.1182, 1.79012); ]
    4795 (15.3206, -5.64096) -> [ 866 (16.1631, -6.84721); 2317 (15.68, -6.95219); 2923 (16.53, -7.08604); 3435 (16.2018, -6.67678); 3871 (16.3494, -7.33603); ]
    4796 (19.4355, 10.2159) -> [ 2405 (20.0877, 11.3594); 4427 (20.5449, 10.9683); ]
    4797 (13.5392, -6.60473) -> [ 20 (14.1637, -7.81854); 606 (14.3379, -7.78772); 1401 (13.9035, -7.94885); 1706 (14.2026, -7.20932); 1944 (13.8691, -7.93513); 2433 (13.5891, -7.13561); 3682 (13.5481, -7.33671); 3749 (13.9618, -7.81535); ]
    4798 (21.986, -6.61525) -> [ 1351 (23.253, -8.08958); 1781 (23.4513, -7.84164); 2093 (22.9438, -6.9765); 2469 (22.4819, -7.55872); 3279 (23.1664, -7.70321); 3288 (23.1906, -7.15762); 4751 (22.8027, -7.64561); ]
    4799 (12.6543, -12.9057) -> [ 395 (13.4424, -14.4301); 775 (13.1805, -14.0891); 1346 (13.0258, -14.4207); 3806 (13.0026, -14.3465); 4177 (13.5272, -14.6408); 4204 (13.2235, -14.5446); 4209 (13.419, -14.0748); ]
    4800 (22.1444, -9.29637) -> [ 544 (22.9733, -10.6725); 724 (23.2136, -10.552); 1840 (23.1554, -10.7551); 2109 (22.7673, -10.2296); 3438 (23.2232, -10.5); ]
    4801 (21.0989, -4.90849) -> [ 888 (21.8745, -6.55478); 1440 (21.8957, -4.98774); 2328 (22.2532, -5.84717); 3038 (21.9241, -5.36554); 3369 (21.9901, -6.14713); 3436 (21.3971, -5.27082); 3626 (22.3211, -5.2288); 3979 (21.7516, -5.51492); ]
    4802 (14.2319, 4.11567) -> [ 456 (15.3091, 3.51977); 810 (16.1248, 4.17787); 2150 (15.5878, 3.17874); 3642 (15.5495, 3.97761); ]
    4803 (11.625, 21.7631) -> [ 4471 (12.4056, 22.4876); ]
    4804 (3.43757, -16.4381) -> [ 2197 (3.53032, -17.4051); ]
    4805 (16.3093, -12.8252) -> [ 2359 (16.5298, -13.4516); 3060 (16.7546, -13.7611); 3781 (17.0024, -13.2929); ]
    4807 (18.6407, 2.38247) -> [ 950 (20.4251, 2.19225); 3402 (19.7213, 1.19051); 3867 (20.3847, 1.62999); 4114 (19.8912, 1.18982); ]
    4808 (8.20917, -13.9652) -> [ 2998 (8.51092, -15.7184); 3413 (8.76569, -15.5087); 3730 (8.20458, -15.3723); 4723 (8.5182, -15.1122); ]
    4809 (2.9709, -9.96635) -> [ 108 (2.63305, -10.6475); 1242 (2.78076, -11.5324); 2168 (3.06457, -10.693); 3073 (2.6667, -11.8683); 3305 (2.83571, -10.6504); ]
    4813 (21.8035, 13.387) -> [ 152 (23.3351, 14.2466); 2185 (23.292, 13.0586); 4260 (22.3392, 14.9422); 4581 (23.4779, 14.2923); ]
    4814 (8.90297, -21.0607) -> [ 2179 (8.70367, -22.3658); 4139 (9.32165, -22.6732); 4417 (9.43311, -22.653); ]
    4816 (17.01, 23.7876) -> [ 917 (18.0542, 24.1973); 1522 (18.5909, 24.507); 3913 (17.6418, 24.3142); ]
    4817 (11.2681, -15.753) -> [ 1404 (12.1536, -17.5331); 2536 (12.0447, -17.3932); 2545 (11.6983, -16.8808); 3631 (11.7415, -16.3356); 3970 (12.2165, -17.4467); ]
    4818 (16.3276, 6.3416) -> [ 1423 (18.2562, 6.59885); 3183 (18.0798, 6.38621); 4828 (17.735, 6.30622); ]
    4819 (12.6584, -8.83444) -> [ 120 (13.9608, -10.0387); ]
    4820 (13.0088, 1.82436) -> [ 1171 (14.091, 1.31385); 1627 (14.545, 1.02493); 1996 (13.9585, 0.577943); 2395 (14.1433, 1.54712); 3164 (13.7702, 1.05009); 4164 (13.6118, 0.20927); ]
    4822 (22.3653, -12.1006) -> [ 2490 (23.2191, -13.8592); ]
    4825 (13.0518, -10.0329) -> [ 28 (13.9468, -11.2461); ]
    4826 (23.5722, 24.1211) -> [ 4446 (24.1461, 24.3836); ]
    4827 (8.29134, 19.5021) -> [ 72 (10.1011, 20.3393); 122 (10.0177, 20.1707); 1913 (9.62006, 20.0302); ]
    4829 (6.08642, -17.9259) -> [ 2183 (6.04702, -18.7169); ]
    4830 (7.25634, 7.89701) -> [ 2733 (8.26109, 7.45569); 3645 (8.83262, 6.7745); 3788 (8.4265, 7.10411); ]
    4831 (11.5209, 21.8591) -> [ 1050 (12.5053, 22.9464); ]
    4832 (18.9876, 16.5005) -> [ 4081 (19.5223, 16.3515); ]
    4833 (17.6805, -17.6973) -> [ 246 (17.9762, -19.3817); 3845 (18.556, -18.8287); ]
    4834 (7.54053, -7.29475) -> [ 30 (8.55736, -9.00293); 71 (7.92451, -9.10861); 1417 (7.70192, -9.16763); 1954 (7.75665, -8.78829); 3366 (7.97373, -9.00572); 3587 (8.56173, -8.71404); 3712 (7.82684, -7.93803); 4112 (8.04523, -8.83813); ]
    4836 (11.301, -16.5574) -> [ 1029 (12.0559, -18.18); ]
    4837 (24.0267, -11.6327) -> [ 535 (24.9992, -12.2209); 1994 (24.6418, -12.004); 3018 (24.878, -13.3038); 3356 (24.8754, -12.9999); ]
    4838 (9.59535, -21.0082) -> [ 856 (10.4156, -22.3694); 3056 (9.45462, -21.5141); 3532 (10.4681, -22.5769); 3706 (10.168, -22.6518); ]
    4839 (6.92792, 4.08032) -> [ 1545 (7.7579, 3.21438); 3135 (7.37632, 2.44055); ]
    4840 (21.4312, -16.5064) -> [ 4381 (22.8237, -17.3691); ]
    4841 (3.74825, -12.3177) -> [ 2299 (3.6092, -12.7063); 3112 (3.81646, -13.7604); 3999 (3.51895, -12.8248); ]
    4842 (23.5211, 20.6225) -> [ 3693 (24.8575, 21.5184); 4224 (24.3239, 20.8386); ]
    4843 (21.0972, 9.79466) -> [ 1133 (22.6427, 10.1973); ]
    4845 (17.4598, 7.79727) -> [ 326 (19.3522, 7.5597); 3040 (19.3474, 7.57869); ]
    4847 (14.5481, 5.41584) -> [ 976 (15.9425, 4.9604); 1249 (15.9398, 4.7252); 3128 (15.9785, 5.27911); ]
    4849 (1.75756, 23.4765) -> [ 1299 (1.98034, 24.3338); 2403 (1.53531, 24.4418); 3443 (2.46317, 24.6076); ]
    4850 (11.3671, -20.9249) -> [ 310 (11.9438, -21.9669); 932 (11.723, -22.3256); 1185 (11.9128, -21.8258); ]
    4851 (20.7143, 7.27178) -> [ 309 (22.6562, 7.31717); 1398 (22.5057, 7.59145); 3704 (22.5301, 7.78922); 4175 (21.9525, 6.9397); ]
    4852 (20.8215, 11.7723) -> [ 64 (21.417, 11.6); 285 (22.6015, 11.8408); 2704 (22.5857, 11.7871); ]
    4853 (13.0909, -19.7242) -> [ 1901 (14.0335, -20.9612); ]
    4854 (10.3074, 9.05539) -> [ 3768 (12.0915, 9.27217); 4378 (11.9023, 9.79986); ]
    4857 (16.9831, -12.5041) -> [ 416 (17.3568, -12.842); 1279 (17.6828, -14.3705); 3137 (17.6269, -13.6387); ]
    4858 (16.141, 4.1214) -> [ 2920 (17.1526, 3.62258); 2965 (17.2163, 2.90734); 4521 (16.6813, 2.34283); ]
    4859 (4.0691, -16.0477) -> [ 1178 (4.24587, -16.668); 1861 (4.16399, -17.0122); 1924 (4.40912, -17.0883); 1932 (4.14069, -17.9168); 2813 (4.18329, -17.1468); 4661 (4.07162, -17.4791); ]
    4860 (10.11, -3.16962) -> [ 431 (10.4787, -5.11467); 1625 (10.406, -3.92838); 3451 (10.4531, -3.9816); 4404 (10.8653, -4.27101); ]
    4861 (2.59197, 0.614889) -> [ 2913 (2.41303, -0.357524); ]
    4862 (22.8459, 11.723) -> [ 1444 (23.2667, 12.2103); 1860 (24.2772, 12.4745); 3290 (23.6437, 12.3552); 3641 (24.6249, 12.0617); ]
    4863 (4.70351, 15.1284) -> [ 808 (5.92485, 15.5384); 1569 (6.39555, 15.5843); 2286 (6.45667, 15.0795); 2622 (6.47037, 14.5821); ]
    4864 (4.82647, 22.8363) -> [ 1227 (6.09424, 24.162); ]
    4865 (16.6235, -15.1492) -> [ 375 (17.5585, -16.7592); 966 (17.6152, -16.8826); 1747 (17.1042, -16.4896); 2244 (17.4432, -16.3953); 3225 (17.7283, -16.7397); 3509 (16.9899, -16.5124); 4332 (17.7505, -16.4788); ]
    4866 (1.65551, 15.2322) -> [ ]
    4867 (21.8154, 1.02337) -> [ 489 (23.1945, -0.335509); 1454 (23.5526, 0.381949); 1579 (23.0633, 0.651396); 1975 (22.3948, -0.0566472); 2752 (23.0584, 0.474551); 2851 (23.2028, -0.00932638); 2877 (23.747, 0.613027); 3522 (23.2209, 0.0645684); ]
    4868 (4.92446, -3.66779) -> [ 2477 (5.16158, -4.93878); 3280 (5.51632, -5.43721); ]
    4869 (15.1821, 24.4585) -> [ 3899 (16.1322, 24.9558); ]
    4871 (8.55156, -17.0648) -> [ 2425 (8.77359, -18.4982); 2587 (8.65171, -18.9658); 4133 (8.83542, -19.0135); ]
    4872 (11.4033, -3.43353) -> [ ]
    4873 (9.79971, 20.275) -> [ 979 (10.9691, 20.3385); 1704 (10.9487, 21.2217); 2961 (11.3334, 20.3276); 3849 (10.7048, 20.1514); ]
    4875 (14.2647, -23.9018) -> [ 3517 (14.6601, -24.6612); ]
    4876 (4.28129, 4.54657) -> [ 4476 (5.16172, 2.76235); 4900 (5.07224, 3.12678); ]
    4877 (16.0939, 5.52834) -> [ 3799 (17.7085, 5.08663); ]
    4879 (18.6393, 22.0496) -> [ 3400 (20.2146, 22.6991); 3494 (20.1429, 22.4273); 4192 (20.3062, 22.4733); ]
    4880 (18.9159, 6.49934) -> [ 478 (20.4776, 7.22893); 1114 (20.5044, 5.63856); 1406 (20.1298, 6.54103); 1838 (20.1119, 6.25913); 2977 (20.5346, 6.81941); 3959 (20.2333, 6.69788); ]
    4882 (13.3073, -9.20783) -> [ 1876 (14.2522, -10.7163); 3784 (14.2409, -10.1185); ]
    4883 (17.578, -23.701) -> [ 2240 (18.0841, -24.389); 2679 (17.8829, -24.472); 3226 (17.836, -24.5846); ]
    4884 (13.0748, -23.0059) -> [ 1067 (13.2694, -24.9815); 1275 (13.452, -23.6545); 3304 (13.303, -24.8885); 4574 (13.6247, -24.5362); 4774 (13.6608, -24.6935); ]
    4885 (12.9131, -8.11817) -> [ 3310 (13.8304, -9.3734); 4882 (13.3073, -9.20783); ]
    4887 (9.63072, -9.20118) -> [ 1965 (10.3049, -10.3072); 2760 (9.79668, -10.2949); ]
    4888 (20.8775, 10.6212) -> [ 722 (22.4001, 10.84); 1865 (21.8378, 10.8479); ]
    4889 (15.6162, 7.36037) -> [ 199 (17.5554, 7.45911); 824 (17.2585, 7.01061); 3504 (17.3908, 7.25438); 3786 (17.2029, 7.07142); 4277 (16.9672, 7.61365); ]
    4891 (19.9882, 2.47749) -> [ 590 (20.9241, 1.60265); 1998 (21.2404, 2.13654); 2308 (21.3707, 1.69323); 2732 (21.5739, 1.93522); 3384 (20.649, 2.4599); 4478 (21.019, 1.86497); ]
    4892 (16.0667, -14.1298) -> [ 39 (17.0008, -15.4335); 1969 (16.8706, -14.7932); 3085 (16.8057, -15.3945); ]
    4893 (4.34938, -18.0494) -> [ 3358 (4.25917, -19.7877); 3797 (4.9972, -19.8233); ]
    4895 (20.9397, 11.8837) -> [ 1584 (21.6374, 12.2216); ]
    4896 (0.884643, -3.29847) -> [ 1450 (0.634579, -4.6996); 1657 (0.972378, -4.40612); 2059 (1.18347, -4.57848); 3767 (0.899423, -4.21471); 4377 (0.797094, -4.15785); ]
    4897 (11.4895, -11.3628) -> [ 680 (12.0914, -12.502); 2491 (12.1919, -12.5128); 3463 (11.2017, -12.9398); ]
    4899 (0.336173, 16.6104) -> [ 3582 (0.245202, 17.5639); ]
    4900 (5.07224, 3.12678) -> [ 34 (5.75135, 2.43503); 138 (5.81713, 2.07984); 818 (5.68263, 2.37931); 1961 (5.91875, 1.70664); 2751 (5.63875, 1.63737); 3966 (5.57372, 1.50807); ]
    4901 (9.35499, 4.97774) -> [ 637 (10.5424, 4.44682); 1081 (10.612, 3.44009); 1880 (10.8832, 3.80501); 1888 (10.6341, 3.66578); 2878 (10.6868, 4.29061); ]
    4902 (4.567, 22.7225) -> [ 791 (4.34961, 23.4989); 854 (4.34373, 24.2116); 3245 (5.07808, 24.0174); 3296 (4.80711, 24.4706); 3912 (5.17926, 23.9539); 4453 (5.10043, 24.283); ]
    4903 (15.5697, 12.448) -> [ 1448 (16.4993, 12.7047); 1984 (15.9357, 13.4231); 2102 (17.5422, 12.6514); 2439 (16.8487, 12.7454); 2652 (15.2953, 13.2373); 3477 (16.6032, 12.8549); 3544 (16.5753, 12.6519); 3655 (16.5158, 12.93); 4569 (16.4757, 12.949); ]
    4904 (3.08391, 13.2636) -> [ 371 (3.83994, 12.7252); ]
    4905 (17.3544, -0.231421) -> [ 43 (18.7835, -0.829169); ]
    4906 (11.7799, 5.64446) -> [ 23 (12.7738, 5.25791); 955 (12.5205, 4.65746); 1870 (12.531, 4.9023); 2152 (12.8119, 5.20375); 3932 (12.7569, 5.34723); 4028 (13.0421, 4.22068); ]
    4907 (23.4424, -20.593) -> [ 423 (24.288, -21.4643); ]
    4908 (23.6373, 13.9209) -> [ 3739 (24.3035, 14.4649); ]
    4909 (17.468, 15.547) -> [ 2909 (18.8996, 14.6708); 3961 (18.6092, 14.7347); ]
    4910 (13.5746, -21.9933) -> [ 308 (13.7522, -22.7441); 1535 (14.45, -23.1404); 3717 (14.1585, -22.8348); 3951 (13.7487, -23.4091); ]
    4911 (19.0063, -5.17836) -> [ 175 (19.8673, -6.556); 391 (19.9075, -6.26983); 504 (19.42, -6.37878); 2834 (19.8372, -6.27265); 4442 (20.5718, -6.39298); ]
    4912 (18.9319, 21.3952) -> [ 584 (20.0733, 21.907); ]
    4913 (12.5457, -17.0432) -> [ 886 (13.0812, -17.566); 1088 (12.8952, -17.2971); 2471 (12.5938, -18.2337); 2900 (13.4944, -18.5236); 4400 (12.6772, -17.7087); 4504 (12.8942, -18.6269); ]
    4915 (21.8475, -12.0433) -> [ 1032 (22.4713, -12.9928); 1446 (22.8715, -13.5983); 3930 (22.867, -13.6062); ]
    4916 (19.3284, -11.3314) -> [ 135 (19.5983, -11.713); 2339 (19.9104, -12.543); 3714 (20.6641, -12.3208); ]
    4917 (0.00738832, -20.9625) -> [ 1228 (0.211743, -21.4727); 1730 (0.211499, -21.5143); 4106 (0.0903447, -22.6565); ]
    4918 (5.53671, -23.0209) -> [ 400 (6.08288, -24.5806); 978 (5.31717, -23.916); 1839 (5.41198, -24.9948); 2316 (5.77803, -24.9541); 2595 (5.13339, -24.3257); 3096 (5.21393, -24.0229); 3617 (5.25094, -24.6482); 4460 (5.48141, -23.8496); ]
    4919 (2.05369, 13.0155) -> [ 628 (2.41039, 11.6084); 999 (3.28021, 11.4447); 1373 (3.28035, 12.1822); 2556 (3.44465, 11.7828); 4640 (3.53014, 11.9778); ]
    4920 (19.0771, -15.6503) -> [ 1304 (20.1377, -17.3449); 2371 (20.1781, -16.8288); 3002 (19.5161, -17.4584); 3512 (19.4124, -17.2026); 4557 (19.4372, -17.2141); ]
    4921 (20.4913, 4.06) -> [ 3194 (21.5755, 3.05477); ]
    4924 (20.8979, 12.6269) -> [ 1163 (22.3628, 13.4004); 1298 (22.611, 13.1245); 1507 (22.7823, 13.0528); 3334 (21.9438, 12.3864); 3819 (22.6935, 12.5408); ]
    4926 (14.5183, -19.7633) -> [ 1775 (14.6423, -20.1747); ]
    4927 (23.5806, 23.1042) -> [ 2812 (24.8867, 23.8113); 3173 (23.9338, 23.12); ]
    4928 (14.6544, -17.0753) -> [ 1753 (15.4013, -18.6846); 2455 (15.048, -17.5449); 2468 (15.1863, -17.9509); 2698 (15.0321, -18.7031); 2918 (15.3419, -18.0923); ]
    4929 (19.0743, -8.20448) -> [ 415 (19.8203, -9.55278); 1897 (20.2413, -9.77515); ]
    4931 (20.8673, 9.58758) -> [ 3259 (22.3846, 9.7872); ]
    4933 (15.7328, -8.90294) -> [ 105 (16.2453, -9.45694); 383 (16.2786, -9.75839); 704 (16.13, -9.83904); 1942 (16.6969, -10.0212); 2004 (17.0858, -10.283); 2226 (16.165, -9.71473); 3945 (15.9709, -9.41021); 4351 (16.6936, -10.2424); ]
    4934 (21.5623, -22.3834) -> [ 472 (21.7527, -22.8512); 1743 (22.3832, -24.0369); 2047 (21.8288, -23.4722); 3302 (22.1212, -23.6762); 4365 (21.9656, -23.3718); ]
    4935 (8.60915, 20.7458) -> [ 4570 (10.3366, 21.4936); ]
    4936 (0.87197, -10.9351) -> [ 1271 (1.04356, -12.0879); 3785 (0.828189, -12.7036); ]
    4938 (21.4762, 8.18464) -> [ 1786 (23.2566, 8.91577); ]
    4939 (3.46332, 2.49528) -> [ 597 (3.30621, 1.00171); 1313 (4.40037, 1.01199); 1323 (4.1262, 1.36348); 2495 (4.13818, 1.11733); ]
    4940 (24.621, -2.19468) -> [ 2319 (24.8729, -2.63315); ]
    4941 (7.59365, -0.473681) -> [ 2458 (8.07883, -1.54891); 3825 (8.12073, -2.07394); 4448 (8.28707, -1.20226); ]
    4942 (18.1879, -17.1226) -> [ 3206 (19.4245, -17.9156); 3346 (19.0887, -18.3708); ]
    4943 (11.2458, -3.25786) -> [ 14 (12.0861, -4.4099); ]
    4944 (18.8025, 20.3196) -> [ 878 (20.542, 21.2404); 2592 (19.6651, 20.7531); 3063 (20.2467, 20.8479); 4035 (20.4066, 21.0102); ]
    4945 (2.93363, 0.552864) -> [ 87 (3.48695, -0.451218); 4398 (3.70821, -1.26387); ]
    4946 (14.707, -11.0688) -> [ 2786 (15.1558, -11.5812); ]
    4947 (10.5312, 19.2752) -> [ 368 (11.6403, 19.8118); 923 (11.8874, 19.4075); 2131 (11.478, 19.1189); 3343 (11.6857, 19.771); 3613 (12.3071, 19.9659); ]
    4948 (23.7783, -23.4927) -> [ 1175 (24.7802, -24.5389); ]
    4949 (10.3755, -2.40615) -> [ 771 (11.3884, -3.32493); 2762 (10.8602, -3.83175); 2904 (11.5812, -3.7782); 4872 (11.4033, -3.43353); ]
    4950 (14.4954, -5.17392) -> [ 552 (15.0399, -6.97103); 716 (15.5471, -5.7639); 1599 (15.3875, -5.67322); 2501 (15.5705, -6.15652); 3001 (15.6255, -6.07648); 3155 (15.6997, -6.07522); 3838 (15.6547, -5.98616); ]
    4951 (10.2421, -5.19914) -> [ 766 (11.0441, -6.6341); 1179 (10.3674, -7.08975); 2620 (9.95253, -5.43756); ]
    4952 (2.69846, 17.7486) -> [ 1908 (3.40728, 18.7794); 1988 (3.68024, 18.4757); 4258 (3.41975, 19.291); ]
    4954 (13.0052, -16.8653) -> [ 128 (13.7763, -17.1671); 136 (13.5688, -17.1126); ]
    4956 (15.1373, 12.1382) -> [ 3365 (16.2488, 12.4786); ]
    4957 (13.5709, 6.19059) -> [ 40 (14.3649, 6.46967); 159 (14.9489, 5.16311); 920 (15.0391, 5.31693); 4374 (14.6936, 5.6404); 4410 (14.4897, 6.02672); 4847 (14.5481, 5.41584); ]
    4958 (4.4803, 10.1975) -> [ 3607 (5.95127, 9.17454); 3941 (6.06338, 9.38454); 4262 (5.61241, 8.72472); ]
    4960 (17.3477, 22.2546) -> [ 436 (18.559, 22.9453); 448 (18.5574, 23.223); 732 (18.1726, 22.4649); 1097 (18.1578, 22.8388); 1358 (18.8575, 23.2086); 2019 (18.4151, 23.1366); 3954 (17.8548, 22.5489); 4553 (18.9287, 22.7421); ]
    4961 (1.72572, 21.6179) -> [ 1302 (1.08805, 23.2362); 2056 (1.5705, 22.5283); 2074 (0.99228, 23.2806); ]
    4965 (6.46091, 18.9024) -> [ 70 (8.22832, 19.6374); 1835 (7.93176, 19.2314); 2167 (7.75005, 19.9684); 4827 (8.29134, 19.5021); ]
    4966 (7.04708, -14.9667) -> [ 782 (7.62032, -16.0013); 2123 (7.10176, -16.5779); 2239 (7.15349, -16.9568); 3115 (7.44598, -15.6936); ]
    4967 (12.8081, 18.975) -> [ 2445 (14.456, 20.028); ]
    4968 (21.1941, -23.4581) -> [ 1515 (22.0386, -24.5933); 3830 (21.5666, -24.2661); 4821 (21.9392, -24.6694); ]
    4969 (6.02399, 23.4589) -> [ 1539 (6.41446, 24.4293); 1896 (6.82798, 24.3136); ]
    4970 (23.2648, -2.86634) -> [ 3679 (24.5709, -3.306); ]
    4972 (21.2427, 22.0513) -> [ 752 (22.273, 22.8552); 1549 (21.4809, 22.2101); 3988 (22.2061, 22.2363); ]
    4973 (8.7411, -16.3144) -> [ 1905 (8.87673, -17.9843); 1963 (9.27491, -18.0943); 4745 (9.31149, -18.0921); ]
    4974 (13.4769, -17.4646) -> [ 1325 (13.7564, -18.1389); ]
    4975 (7.77767, -5.22309) -> [ 1543 (8.09164, -6.30667); 2140 (7.6643, -6.16566); 2220 (7.84075, -6.03225); 2284 (7.92288, -6.0674); 3593 (8.08983, -6.79851); ]
    4977 (3.78963, -9.69928) -> [ 3533 (4.38133, -11.3021); 3598 (4.1614, -10.5143); 4007 (3.87735, -11.3643); 4434 (4.22309, -10.8684); ]
    4978 (13.6519, -13.4959) -> [ 1381 (14.6287, -14.802); 1846 (14.3404, -14.4827); 2759 (14.0557, -14.8241); 3368 (13.8057, -14.8699); 3893 (14.3428, -15.1766); ]
    4980 (16.7874, -22.8709) -> [ 1187 (17.4648, -24.2525); 3925 (17.1048, -24.3775); ]
    4981 (4.5821, 6.28976) -> [ 682 (5.36618, 4.55871); 990 (5.4142, 4.90374); 2567 (5.71633, 4.90515); ]
    4982 (5.50974, -2.2822) -> [ 1028 (5.66355, -3.60569); ]
    4983 (20.3402, -0.828444) -> [ 2281 (21.737, -1.12593); 4477 (22.238, -1.35819); ]
    4984 (2.02137, 21.5066) -> [ 1624 (2.9023, 22.6138); 2017 (2.83717, 23.1647); 2559 (2.06788, 22.5911); 2789 (2.69171, 22.7278); 4340 (2.64589, 22.8972); ]
    4986 (7.68282, -12.386) -> [ 829 (7.81404, -13.5429); 1339 (7.88741, -14.148); 2988 (8.745, -13.9897); ]
    4987 (20.5915, 4.96055) -> [ 217 (22.5677, 4.85719); 339 (22.1568, 4.04064); 588 (22.0687, 4.86169); 619 (22.236, 5.42336); 964 (22.359, 5.57717); 1144 (22.4006, 5.31306); 1778 (22.2335, 5.25402); 1978 (22.009, 4.73837); 3037 (21.3804, 4.28755); 4265 (22.3224, 4.99352); ]
    4988 (15.069, 7.11723) -> [ 1726 (16.6533, 7.17356); 2563 (16.1362, 6.94193); 4292 (17.0441, 7.10844); ]
    4991 (1.93686, 15.3304) -> [ 610 (3.01984, 15.4562); 931 (2.71688, 16.2933); 1274 (3.36015, 15.0189); 1399 (3.85954, 15.84); 1722 (3.0572, 15.7545); 2392 (3.88169, 15.3995); 4137 (3.32006, 15.1553); 4253 (3.37975, 15.489); ]
    4992 (12.6544, -11.2804) -> [ 261 (12.8958, -12.9293); 323 (13.5732, -12.5818); 1024 (12.6002, -12.621); 1044 (12.8656, -12.5942); 3061 (13.7294, -12.4847); 3191 (12.7482, -12.5845); 4104 (13.5854, -12.3938); ]
    4993 (21.5479, -22.3108) -> [ 2972 (22.4436, -23.2238); 3275 (22.4323, -23.7028); ]
    4994 (3.27264, -5.80851) -> [ 1335 (3.40516, -7.52787); 2578 (3.55155, -7.49777); 2882 (3.1053, -7.21183); 3859 (3.27564, -7.14308); 4455 (3.53278, -7.4061); 4527 (3.10311, -7.24404); ]
    4995 (19.8962, -5.16392) -> [ 1548 (20.6951, -5.09522); 1879 (21.3592, -5.98248); ]
    4997 (19.7736, -10.1651) -> [ 1962 (20.831, -11.2742); ]
