Parent Map for Subproblem Tree 180
======================================
Child ID (x, y) -> Parent ID (x, y)
    1 (1.04223, 13.0004) -> 0 (1, 15)
    2 (2.76234, 15.9456) -> 0 (1, 15)
    3 (4.58356, 16.7721) -> 2 (2.76234, 15.9456)
    4 (4.29937, 18.7518) -> 3 (4.58356, 16.7721)
    5 (2.36784, 11.5029) -> 1 (1.04223, 13.0004)
    6 (6.34867, 15.8317) -> 3 (4.58356, 16.7721)
    7 (3.56883, 9.9036) -> 5 (2.36784, 11.5029)
    8 (1.38026, 17.3912) -> 2 (2.76234, 15.9456)
    9 (7.50306, 14.1985) -> 6 (6.34867, 15.8317)
    10 (7.75195, 17.2568) -> 718 (5.9142, 16.9347)
    11 (5.27492, 20.4978) -> 4 (4.29937, 18.7518)
    12 (9.73031, 16.9633) -> 10 (7.75195, 17.2568)
    13 (6.09686, 22.3211) -> 11 (5.27492, 20.4978)
    14 (11.7023, 16.6298) -> 1047 (11.7193, 18.4791)
    15 (4.19033, 22.9253) -> 902 (2.36112, 23.2443)
    16 (12.6982, 18.3642) -> 1602 (11.8944, 19.6096)
    17 (13.7271, 20.0793) -> 1471 (12.9879, 21.8937)
    18 (5.13833, 8.66398) -> 7 (3.56883, 9.9036)
    19 (6.89911, 7.71547) -> 18 (5.13833, 8.66398)
    20 (14.4902, 17.4761) -> 1840 (13.4438, 19.1198)
    21 (15.0249, 15.5489) -> 1142 (14.8253, 17.4879)
    22 (11.8675, 17.5923) -> 1900 (11.5647, 19.326)
    23 (16.2071, 13.9357) -> 549 (16.7861, 15.7919)
    24 (18.03, 14.7584) -> 775 (17.6776, 16.5908)
    25 (16.698, 11.9969) -> 1959 (17.0933, 10.0461)
    26 (16.9329, 10.0107) -> 495 (17.5559, 8.13661)
    27 (16.4646, 16.0921) -> 579 (17.134, 17.9752)
    28 (15.4502, 21.0946) -> 1989 (14.5296, 22.478)
    29 (6.92457, 5.71563) -> 323 (5.66613, 7.12085)
    30 (8.73735, 8.50341) -> 19 (6.89911, 7.71547)
    31 (17.432, 20.8256) -> 1366 (16.7725, 22.2334)
    32 (6.28859, 4.52275) -> 101 (4.71433, 5.48364)
    33 (2.8455, 8.03898) -> 7 (3.56883, 9.9036)
    34 (9.97698, 6.93391) -> 1966 (7.99941, 6.99552)
    35 (18.7495, 9.17411) -> 609 (17.5189, 7.90598)
    36 (12.0696, 21.0014) -> 749 (10.5328, 22.0369)
    37 (2.69118, 12.7226) -> 1 (1.04223, 13.0004)
    38 (19.4643, 13.3645) -> 861 (19.3157, 15.1714)
    39 (20.687, 12.1744) -> 1131 (21.2235, 13.9882)
    40 (2.80744, 16.8244) -> 76 (1.05458, 16.3363)
    41 (19.205, 21.7511) -> 1464 (17.9043, 21.4289)
    42 (16.7246, 13.4902) -> 24 (18.03, 14.7584)
    43 (10.495, 5.00215) -> 1822 (9.30549, 3.99691)
    44 (22.3996, 11.1415) -> 1697 (22.1596, 9.53823)
    45 (20.234, 7.8338) -> 1905 (19.5855, 5.979)
    46 (2.85828, 6.03902) -> 1662 (2.32302, 7.85165)
    47 (7.97368, 4.02622) -> 1480 (6.15762, 3.38672)
    48 (7.97516, 17.0782) -> 1397 (6.24661, 16.3193)
    49 (16.2141, 10.1313) -> 863 (15.7732, 8.1899)
    50 (21.3138, 6.15033) -> 1921 (20.9527, 4.19538)
    51 (22.2965, 4.40842) -> 1993 (21.4579, 3.10923)
    52 (13.4044, 21.3333) -> 1855 (12.4027, 22.508)
    53 (17.6875, 17.2857) -> 1960 (17.1739, 18.5941)
    54 (23.2617, 6.60381) -> 1983 (21.7467, 5.85856)
    55 (14.0246, 16.8661) -> 1413 (14.3917, 18.7057)
    56 (3.49137, 21.4824) -> 784 (1.84502, 20.8526)
    57 (20.9727, 2.90927) -> 1714 (19.8318, 2.36418)
    58 (19.7759, 19.9014) -> 1895 (18.4711, 20.8572)
    59 (9.682, 9.38562) -> 570 (8.80094, 7.86495)
    60 (19.0645, 3.50834) -> 1650 (18.7282, 1.82073)
    61 (2.10671, 4.18561) -> 46 (2.85828, 6.03902)
    62 (8.13359, 2.03263) -> 1609 (8.03966, 3.66608)
    63 (4.6243, 9.88363) -> 575 (3.43002, 11.1656)
    64 (7.48247, 4.67406) -> 1665 (5.82012, 5.50082)
    65 (15.7293, 21.5468) -> 1620 (14.5123, 23.031)
    66 (10.0802, 7.62708) -> 1795 (8.18569, 7.31502)
    67 (17.2594, 4.36945) -> 1429 (16.7004, 2.56547)
    68 (15.4526, 5.22714) -> 1717 (14.8052, 6.51704)
    69 (4.41002, 5.57746) -> 1451 (2.90074, 6.76017)
    70 (2.94323, 18.4211) -> 1588 (1.03609, 17.9653)
    71 (8.01068, 0.919615) -> 1494 (6.1292, 1.29988)
    72 (3.75141, 9.52272) -> 1361 (1.85857, 9.79539)
    73 (4.64965, 3.37651) -> 974 (4.1331, 4.71106)
    74 (4.97567, 24.7647) -> 1394 (3.28132, 24.8161)
    75 (4.59309, 18.1765) -> 1261 (4.56699, 16.3586)
    76 (1.05458, 16.3363) -> 0 (1, 15)
    77 (4.46395, 12.8634) -> 1909 (2.87512, 13.9799)
    78 (11.4365, 22.8791) -> 1116 (9.62856, 22.9698)
    79 (0.851691, 8.19624) -> 1361 (1.85857, 9.79539)
    80 (23.8843, 6.14755) -> 1000 (24.4183, 4.45859)
    81 (15.0631, 4.91412) -> 1578 (13.172, 4.6383)
    82 (1.76923, 22.4993) -> 843 (0.915188, 20.8348)
    83 (15.041, 6.31665) -> 197 (13.887, 4.73073)
    84 (19.4827, 15.2056) -> 514 (18.708, 16.8645)
    85 (23.4048, 2.74358) -> 1053 (21.8422, 1.83629)
    86 (20.1635, 18.6612) -> 1972 (19.2787, 20.4275)
    87 (21.8765, 12.4673) -> 1850 (20.996, 13.9167)
    88 (22.8065, 3.28961) -> 1993 (21.4579, 3.10923)
    89 (3.16621, 10.011) -> 511 (1.72326, 11.1926)
    90 (13.8506, 3.32355) -> 1911 (12.4074, 2.74372)
    91 (4.76457, 23.9508) -> 1355 (2.82701, 24.4409)
    92 (0.328369, 7.19626) -> 719 (0.135419, 8.987)
    93 (21.6842, 20.5001) -> 1625 (19.8038, 20.4065)
    94 (19.9857, 1.16974) -> 1811 (18.4416, 1.12129)
    95 (22.9856, 18.9814) -> 1872 (22.5209, 20.6094)
    96 (17.129, 9.2225) -> 540 (16.3784, 7.51662)
    97 (12.3741, 4.39614) -> 1323 (10.8653, 3.78718)
    98 (11.6406, 24.4507) -> 1302 (9.74046, 24.4083)
    99 (14.7561, 6.80352) -> 1325 (12.8806, 6.25405)
    100 (8.29389, 19.0327) -> 1744 (6.78007, 19.3726)
    101 (4.71433, 5.48364) -> 46 (2.85828, 6.03902)
    102 (24.8653, 6.28441) -> 1000 (24.4183, 4.45859)
    103 (18.5832, 0.67724) -> 907 (16.7962, 0.2716)
    104 (9.67513, 21.9316) -> 1839 (8.03107, 21.6153)
    105 (7.55676, 19.2224) -> 383 (5.94732, 20.3985)
    106 (20.9717, 2.51589) -> 1577 (19.1851, 1.62198)
    107 (15.6756, 21.9308) -> 1620 (14.5123, 23.031)
    108 (6.26328, 16.7249) -> 235 (4.32694, 16.6634)
    109 (11.7687, 8.699) -> 1459 (10.9172, 6.93293)
    110 (7.02355, 2.39078) -> 908 (5.32146, 2.4714)
    111 (4.95511, 1.86188) -> 1842 (3.6505, 3.36339)
    112 (14.4702, 21.3199) -> 1896 (13.02, 22.5387)
    113 (22.4931, 17.043) -> 1468 (21.5042, 18.6395)
    114 (17.6293, 16.5966) -> 1484 (17.2105, 18.5299)
    115 (2.26618, 6.48253) -> 1634 (1.9846, 8.15674)
    116 (14.3657, 18.5402) -> 745 (14.25, 20.1993)
    117 (13.0642, 19.2113) -> 1576 (11.319, 20.1052)
    118 (12.5839, 8.73207) -> 1776 (11.9087, 7.07973)
    119 (6.20222, 21.5547) -> 1403 (5.42875, 19.8023)
    120 (11.1715, 4.16502) -> 1822 (9.30549, 3.99691)
    121 (12.7045, 19.8963) -> 1781 (11.2665, 21.1567)
    122 (14.8565, 13.5745) -> 1440 (15.3786, 15.4365)
    123 (2.98031, 24.0222) -> 1937 (1.16517, 23.6676)
    124 (22.6492, 22.2519) -> 1539 (21.9529, 24.0708)
    125 (19.4301, 20.8632) -> 1978 (18.9929, 22.4485)
    126 (0.514987, 18.1193) -> 673 (0.216837, 16.2008)
    127 (7.48807, 21.6544) -> 1762 (5.83356, 20.999)
    128 (15.7078, 20.4763) -> 1021 (14.2531, 21.464)
    129 (0.979071, 22.0984) -> 1718 (0.0261278, 20.4335)
    130 (15.0536, 23.8316) -> 1752 (13.3799, 24.0174)
    131 (2.01809, 2.18757) -> 61 (2.10671, 4.18561)
    132 (22.0819, 18.652) -> 1081 (21.2524, 20.2324)
    133 (22.4382, 7.5788) -> 1983 (21.7467, 5.85856)
    134 (21.4158, 19.1178) -> 1898 (20.4826, 20.694)
    135 (9.32083, 21.2377) -> 417 (7.44253, 21.4683)
    136 (23.755, 11.87) -> 1126 (23.7313, 13.8051)
    137 (9.67315, 24.8098) -> 1803 (7.90326, 24.8646)
    138 (15.5022, 2.19557) -> 333 (13.8724, 1.04299)
    139 (23.1737, 15.3965) -> 1071 (23.2504, 17.3679)
    140 (13.5654, 1.54639) -> 1740 (11.7548, 1.79735)
    141 (21.6503, 23.9846) -> 1545 (20.2747, 24.1113)
    142 (8.55992, 21.9822) -> 1496 (6.77134, 21.0927)
    143 (11.6602, 17.0483) -> 1958 (11.4078, 19.0098)
    144 (0.26776, 4.28933) -> 714 (0.0249681, 6.15863)
    145 (13.995, 1.63082) -> 1768 (12.4809, 0.993996)
    146 (18.1371, 7.5404) -> 448 (17.0477, 6.11781)
    147 (23.5604, 16.9253) -> 1263 (23.0626, 18.763)
    148 (16.3893, 0.786323) -> 778 (14.6741, 0.910532)
    149 (4.57608, 22.0706) -> 1766 (4.02007, 20.2379)
    150 (6.46105, 10.2184) -> 1573 (4.61351, 10.1968)
    151 (9.21678, 2.7462) -> 1756 (7.85853, 4.21095)
    152 (23.1201, 16.8878) -> 1263 (23.0626, 18.763)
    153 (0.961617, 13.4032) -> 0 (1, 15)
    154 (10.5932, 17.2347) -> 584 (9.78343, 19.0168)
    155 (10.4506, 18.4488) -> 1868 (8.7638, 18.5044)
    156 (23.0661, 19.883) -> 1074 (22.0948, 21.2017)
    157 (12.6512, 17.9655) -> 1602 (11.8944, 19.6096)
    158 (0.570221, 23.7389) -> 1887 (2.20968, 23.3191)
    159 (22.0072, 18.4886) -> 1081 (21.2524, 20.2324)
    160 (12.8924, 0.666446) -> 622 (11.0747, 0.408255)
    161 (13.9355, 24.1946) -> 721 (12.2463, 24.7151)
    162 (5.69729, 0.973095) -> 1134 (3.97533, 1.5567)
    163 (14.2804, 6.53005) -> 1069 (13.34, 4.82192)
    164 (18.3568, 15.7357) -> 1326 (18.5981, 17.7083)
    165 (6.60244, 5.57361) -> 101 (4.71433, 5.48364)
    166 (15.6688, 1.23667) -> 333 (13.8724, 1.04299)
    167 (20.8016, 7.17939) -> 1905 (19.5855, 5.979)
    168 (2.81961, 3.8529) -> 1619 (2.35695, 5.62842)
    169 (8.22755, 18.748) -> 1744 (6.78007, 19.3726)
    170 (8.95994, 8.63332) -> 483 (7.43407, 7.39472)
    171 (23.6886, 5.41037) -> 1870 (22.5504, 4.15335)
    172 (17.9178, 12.1976) -> 1562 (19.4446, 13.2525)
    173 (23.265, 13.0235) -> 683 (22.2602, 14.5672)
    174 (0.365168, 1.31464) -> 1452 (1.60709, 2.76148)
    175 (4.58138, 13.6052) -> 1924 (2.84037, 14.4789)
    176 (6.87725, 19.7437) -> 11 (5.27492, 20.4978)
    177 (22.0779, 22.5762) -> 1043 (20.4367, 22.1476)
    178 (22.1308, 1.17693) -> 985 (20.2494, 0.735819)
    179 (21.0876, 22.5667) -> 1545 (20.2747, 24.1113)
    180 (19.6664, 11.8342) -> 1187 (20.535, 13.5231)
    181 (16.0985, 10.5561) -> 1970 (15.8495, 8.68123)
    182 (9.43462, 8.1662) -> 1966 (7.99941, 6.99552)
    183 (10.7419, 17.2949) -> 584 (9.78343, 19.0168)
    184 (24.1489, 2.45943) -> 1787 (23.2013, 1.70358)
    185 (3.4124, 8.02684) -> 7 (3.56883, 9.9036)
    186 (20.6766, 18.6227) -> 1625 (19.8038, 20.4065)
    187 (6.94237, 17.7904) -> 656 (5.13581, 18.5709)
    188 (11.1375, 19.1737) -> 496 (10.403, 20.6303)
    189 (6.72066, 1.24934) -> 1708 (4.91248, 1.14186)
    190 (8.57566, 22.8375) -> 1879 (7.56098, 21.3002)
    191 (20.7658, 12.3068) -> 1540 (19.7655, 14.0374)
    192 (24.7884, 10.1576) -> 930 (24.9448, 8.78406)
    193 (2.04886, 2.6265) -> 1115 (2.13184, 4.56087)
    194 (10.9882, 1.83027) -> 1886 (9.50956, 2.86949)
    195 (16.6134, 4.17586) -> 1663 (15.0371, 3.23192)
    196 (6.82581, 16.1584) -> 837 (5.73344, 17.7847)
    197 (13.887, 4.73073) -> 830 (13.0573, 3.21124)
    198 (0.359526, 14.1251) -> 0 (1, 15)
    199 (0.86151, 5.5209) -> 1595 (0.768655, 7.5064)
    200 (15.4976, 19.3702) -> 693 (14.6756, 20.9469)
    201 (21.9413, 13.1644) -> 1720 (22.0087, 14.4668)
    202 (8.01016, 7.1328) -> 577 (6.25106, 7.32825)
    203 (21.7051, 12.9875) -> 1248 (22.7163, 14.5659)
    204 (15.7379, 4.77936) -> 1663 (15.0371, 3.23192)
    205 (0.765814, 22.6387) -> 843 (0.915188, 20.8348)
    206 (13.755, 16.8991) -> 1410 (12.3757, 18.2093)
    207 (23.9079, 8.00087) -> 1891 (23.1137, 6.60844)
    208 (2.4168, 7.65619) -> 282 (2.21167, 9.3864)
    209 (16.1272, 14.0029) -> 549 (16.7861, 15.7919)
    210 (12.7507, 19.2167) -> 1576 (11.319, 20.1052)
    211 (14.2053, 1.03279) -> 1768 (12.4809, 0.993996)
    212 (18.8358, 19.4644) -> 1226 (18.191, 21.3298)
    213 (3.09467, 10.9335) -> 511 (1.72326, 11.1926)
    214 (24.1887, 7.97784) -> 1891 (23.1137, 6.60844)
    215 (24.5225, 12.1381) -> 1354 (23.9696, 13.6563)
    216 (4.8254, 13.7538) -> 1909 (2.87512, 13.9799)
    217 (9.71337, 23.6162) -> 1670 (8.25735, 24.8679)
    218 (0.96128, 13.3758) -> 0 (1, 15)
    219 (21.3974, 11.8787) -> 1500 (22.313, 13.5754)
    220 (20.2746, 11.0868) -> 1604 (20.3685, 9.3404)
    221 (24.4831, 6.20989) -> 1000 (24.4183, 4.45859)
    222 (15.169, 3.82311) -> 1995 (13.266, 3.99572)
    223 (15.5123, 18.0368) -> 1979 (15.2729, 19.8188)
    224 (2.46632, 6.34013) -> 1634 (1.9846, 8.15674)
    225 (2.76497, 1.83611) -> 1749 (1.17739, 2.97534)
    226 (3.84278, 16.1042) -> 1924 (2.84037, 14.4789)
    227 (1.23206, 6.64322) -> 973 (0.224709, 8.30106)
    228 (17.1607, 16.7329) -> 1960 (17.1739, 18.5941)
    229 (18.6299, 14.4988) -> 392 (19.0796, 16.2526)
    230 (3.0464, 5.09332) -> 1451 (2.90074, 6.76017)
    231 (7.15249, 4.4991) -> 1665 (5.82012, 5.50082)
    232 (6.15273, 3.66804) -> 1665 (5.82012, 5.50082)
    233 (22.0097, 6.11577) -> 1405 (20.2462, 5.82541)
    234 (22.1259, 0.242791) -> 985 (20.2494, 0.735819)
    235 (4.32694, 16.6634) -> 2 (2.76234, 15.9456)
    236 (0.433399, 5.88078) -> 1156 (1.39836, 7.57542)
    237 (21.0269, 6.53488) -> 1905 (19.5855, 5.979)
    238 (1.57564, 10.0708) -> 1040 (0.407094, 11.1552)
    239 (5.29015, 4.33622) -> 797 (4.83888, 6.14278)
    240 (5.34038, 24.4841) -> 15 (4.19033, 22.9253)
    241 (20.9878, 24.6019) -> 1973 (19.2245, 23.7654)
    242 (6.28068, 0.599966) -> 1517 (4.81244, 1.17713)
    243 (8.70524, 1.21473) -> 1809 (6.75932, 1.13441)
    244 (16.3443, 19.2058) -> 1834 (16.1576, 20.7994)
    245 (22.3707, 14.6789) -> 1860 (22.6137, 16.2441)
    246 (13.1154, 23.5619) -> 1593 (11.4917, 24.3734)
    247 (24.758, 16.5459) -> 1205 (23.99, 17.9331)
    248 (11.9331, 1.49768) -> 1734 (10.0602, 2.17927)
    249 (5.18194, 10.7912) -> 7 (3.56883, 9.9036)
    250 (10.0209, 23.3077) -> 1365 (8.53152, 22.4857)
    251 (24.9126, 5.54019) -> 917 (23.2372, 4.81656)
    252 (7.89578, 22.2457) -> 1988 (6.43492, 21.4792)
    253 (15.7764, 8.09141) -> 1717 (14.8052, 6.51704)
    254 (21.6804, 23.5041) -> 1443 (20.8477, 24.8542)
    255 (4.85346, 0.545306) -> 1784 (3.42491, 0.954526)
    256 (0.236633, 5.38664) -> 1649 (1.09945, 6.88142)
    257 (17.3345, 3.9343) -> 1429 (16.7004, 2.56547)
    258 (10.2416, 24.2053) -> 996 (8.43467, 24.643)
    259 (19.7061, 9.68592) -> 1906 (21.6245, 9.16658)
    260 (13.9361, 8.80731) -> 1343 (13.174, 7.20268)
    261 (4.24024, 18.3443) -> 3 (4.58356, 16.7721)
    262 (14.3181, 7.64218) -> 1325 (12.8806, 6.25405)
    263 (7.02249, 5.11223) -> 1786 (5.46019, 3.9727)
    264 (2.29676, 12.0876) -> 218 (0.96128, 13.3758)
    265 (2.92478, 19.2666) -> 1686 (1.77715, 18.5754)
    266 (17.2936, 16.9556) -> 1960 (17.1739, 18.5941)
    267 (3.89925, 0.689312) -> 1474 (1.96024, 1.11628)
    268 (11.9491, 0.407321) -> 1673 (10.1692, 0.661112)
    269 (4.41395, 21.0257) -> 1638 (3.59782, 19.3848)
    270 (10.2708, 0.800285) -> 1260 (8.47862, 0.119536)
    271 (12.8068, 2.74015) -> 1865 (11.0635, 2.01949)
    272 (4.43565, 8.74371) -> 89 (3.16621, 10.011)
    273 (17.4948, 14.687) -> 849 (17.6657, 16.5794)
    274 (19.51, 10.9474) -> 841 (18.4124, 9.28113)
    275 (2.51347, 24.714) -> 1937 (1.16517, 23.6676)
    276 (7.04797, 1.46097) -> 1904 (6.08642, 3.18177)
    277 (19.6214, 16.4987) -> 1138 (19.4268, 18.3426)
    278 (8.9413, 16.8882) -> 338 (7.51968, 18.2218)
    279 (18.3461, 12.4599) -> 1264 (19.7658, 13.7666)
    280 (6.31318, 8.85859) -> 272 (4.43565, 8.74371)
    281 (24.2009, 7.34535) -> 1783 (23.8865, 5.62014)
    282 (2.21167, 9.3864) -> 511 (1.72326, 11.1926)
    283 (16.2509, 23.8418) -> 1620 (14.5123, 23.031)
    284 (12.2496, 5.23728) -> 989 (11.8879, 3.73118)
    285 (10.4008, 9.25985) -> 30 (8.73735, 8.50341)
    286 (21.2125, 13.5186) -> 1793 (21.0394, 15.5106)
    287 (14.0929, 10.1401) -> 1913 (14.401, 8.44648)
    288 (6.86023, 15.3871) -> 718 (5.9142, 16.9347)
    289 (7.09377, 15.5161) -> 718 (5.9142, 16.9347)
    290 (8.56672, 2.30609) -> 1460 (7.21695, 1.08179)
    291 (7.20539, 14.0337) -> 1848 (5.3566, 14.7928)
    292 (22.375, 10.443) -> 1942 (21.8329, 8.56846)
    293 (0.782253, 13.9239) -> 0 (1, 15)
    294 (2.04776, 3.84641) -> 1619 (2.35695, 5.62842)
    295 (3.57322, 7.69988) -> 1634 (1.9846, 8.15674)
    296 (5.66167, 16.1183) -> 487 (3.99416, 16.9146)
    297 (1.5377, 12.9747) -> 685 (0.136855, 13.3877)
    298 (2.3075, 3.0057) -> 1946 (2.60037, 4.84662)
    299 (0.603078, 21.3439) -> 825 (1.32449, 19.7419)
    300 (23.0876, 12.7322) -> 1248 (22.7163, 14.5659)
    301 (15.3617, 11.0871) -> 1737 (16.5578, 9.69124)
    302 (23.8789, 14.7766) -> 1497 (22.7489, 16.2062)
    303 (5.11122, 10.2037) -> 89 (3.16621, 10.011)
    304 (0.439313, 24.9924) -> 1561 (1.77518, 23.6317)
    305 (1.69746, 12.9079) -> 685 (0.136855, 13.3877)
    306 (22.9341, 12.3551) -> 1354 (23.9696, 13.6563)
    307 (7.06504, 16.4916) -> 837 (5.73344, 17.7847)
    308 (20.0368, 17.8147) -> 1888 (20.7159, 19.598)
    309 (2.37644, 17.2682) -> 76 (1.05458, 16.3363)
    310 (21.4003, 12.3682) -> 1850 (20.996, 13.9167)
    311 (4.49979, 8.70433) -> 89 (3.16621, 10.011)
    312 (12.8799, 18.8242) -> 707 (11.2111, 19.7082)
    313 (9.07214, 6.44952) -> 950 (7.32114, 6.16658)
    314 (7.67958, 16.4964) -> 718 (5.9142, 16.9347)
    315 (1.41658, 7.85519) -> 1361 (1.85857, 9.79539)
    316 (5.03451, 17.4729) -> 1764 (3.37322, 17.5908)
    317 (13.3882, 15.9493) -> 911 (13.2808, 17.9296)
    318 (7.09188, 4.4505) -> 1665 (5.82012, 5.50082)
    319 (4.9376, 4.86912) -> 1926 (3.24455, 5.85959)
    320 (23.2758, 21.4558) -> 817 (21.6263, 22.3959)
    321 (18.9675, 9.38462) -> 1404 (19.1777, 7.6528)
    322 (21.0055, 22.6763) -> 1545 (20.2747, 24.1113)
    323 (5.66613, 7.12085) -> 311 (4.49979, 8.70433)
    324 (15.7522, 21.9774) -> 1620 (14.5123, 23.031)
    325 (22.6416, 6.37291) -> 1928 (20.8919, 5.77854)
    326 (23.9391, 0.306793) -> 1820 (24.0646, 1.61863)
    327 (22.6579, 8.53634) -> 1398 (21.1314, 7.26596)
    328 (23.782, 3.47323) -> 1787 (23.2013, 1.70358)
    329 (5.755, 2.18542) -> 1195 (3.90835, 2.55601)
    330 (23.9675, 8.16429) -> 1984 (22.4877, 7.27207)
    331 (14.7879, 3.11225) -> 1892 (13.1183, 2.39987)
    332 (4.0486, 12.4062) -> 5 (2.36784, 11.5029)
    333 (13.8724, 1.04299) -> 1878 (12.0513, 0.290082)
    334 (24.3539, 9.26488) -> 1996 (22.8718, 8.04658)
    335 (21.756, 20.1349) -> 1652 (20.4624, 21.2607)
    336 (14.6368, 10.2565) -> 1913 (14.401, 8.44648)
    337 (18.3259, 6.0895) -> 539 (16.7659, 4.97406)
    338 (7.51968, 18.2218) -> 837 (5.73344, 17.7847)
    339 (19.3403, 20.6239) -> 1978 (18.9929, 22.4485)
    340 (16.1801, 5.54826) -> 1289 (15.6294, 3.94013)
    341 (15.8379, 15.6449) -> 1560 (15.9379, 17.5803)
    342 (14.4238, 13.9234) -> 1617 (16.3729, 14.317)
    343 (20.6587, 10.7831) -> 1906 (21.6245, 9.16658)
    344 (6.3235, 9.08507) -> 272 (4.43565, 8.74371)
    345 (18.501, 9.89169) -> 1580 (18.992, 8.10275)
    346 (1.42269, 14.8568) -> 685 (0.136855, 13.3877)
    347 (23.9182, 23.498) -> 1225 (22.2427, 24.4458)
    348 (6.0761, 10.2743) -> 827 (4.40592, 9.18446)
    349 (24.6271, 2.46841) -> 1787 (23.2013, 1.70358)
    350 (15.4315, 19.9976) -> 1518 (13.8057, 21.0982)
    351 (15.0112, 19.8094) -> 1518 (13.8057, 21.0982)
    352 (5.31215, 24.9123) -> 1910 (3.73176, 24.1404)
    353 (16.9676, 3.79443) -> 1182 (15.1217, 3.05597)
    354 (5.43748, 19.9238) -> 1638 (3.59782, 19.3848)
    355 (12.767, 24.675) -> 1307 (10.9364, 24.0845)
    356 (3.8786, 23.4395) -> 928 (2.38707, 22.2209)
    357 (15.0607, 17.5703) -> 815 (15.6294, 19.4668)
    358 (21.2811, 19.3314) -> 1625 (19.8038, 20.4065)
    359 (9.75677, 17.6527) -> 1297 (7.83791, 17.1932)
    360 (24.7069, 1.02767) -> 1787 (23.2013, 1.70358)
    361 (0.333338, 3.59562) -> 959 (1.482, 4.91123)
    362 (1.48558, 10.1099) -> 1040 (0.407094, 11.1552)
    363 (15.1891, 8.19709) -> 1717 (14.8052, 6.51704)
    364 (1.14257, 9.16938) -> 771 (0.283824, 10.5343)
    365 (22.1936, 8.12584) -> 1584 (21.6983, 6.19507)
    366 (15.2885, 24.844) -> 1778 (13.9908, 23.8967)
    367 (24.1148, 24.618) -> 1869 (23.0462, 24.4709)
    368 (13.4112, 19.3731) -> 1312 (12.0348, 20.7309)
    369 (16.4396, 20.0862) -> 693 (14.6756, 20.9469)
    370 (7.7167, 0.825872) -> 523 (5.91943, 0.150505)
    371 (23.3593, 9.90561) -> 1996 (22.8718, 8.04658)
    372 (13.6774, 10.2404) -> 1913 (14.401, 8.44648)
    373 (18.3306, 6.57559) -> 1698 (17.598, 5.33475)
    374 (16.8656, 19.3552) -> 1979 (15.2729, 19.8188)
    375 (8.49287, 20.0822) -> 1744 (6.78007, 19.3726)
    376 (19.9563, 22.1635) -> 1973 (19.2245, 23.7654)
    377 (11.0906, 22.0169) -> 513 (9.29305, 21.51)
    378 (0.357361, 8.91568) -> 1361 (1.85857, 9.79539)
    379 (0.932439, 14.2079) -> 0 (1, 15)
    380 (24.9216, 17.4606) -> 1235 (24.4841, 19.3316)
    381 (22.2019, 15.2025) -> 1210 (21.5851, 16.9105)
    382 (23.1177, 15.7996) -> 1071 (23.2504, 17.3679)
    383 (5.94732, 20.3985) -> 656 (5.13581, 18.5709)
    384 (15.4159, 23.4598) -> 161 (13.9355, 24.1946)
    385 (18.2786, 4.97101) -> 1779 (16.9674, 3.48111)
    386 (15.7968, 19.6659) -> 693 (14.6756, 20.9469)
    387 (12.928, 22.4674) -> 377 (11.0906, 22.0169)
    388 (0.846407, 6.37306) -> 696 (0.65069, 8.15236)
    389 (23.9689, 19.5368) -> 1893 (22.6164, 20.9913)
    390 (15.5752, 7.5145) -> 1717 (14.8052, 6.51704)
    391 (16.1328, 24.5533) -> 706 (14.4438, 24.9858)
    392 (19.0796, 16.2526) -> 1407 (19.8405, 17.887)
    393 (7.63984, 10.0116) -> 280 (6.31318, 8.85859)
    394 (0.0609098, 17.9055) -> 1547 (1.48076, 16.8262)
    395 (4.38509, 19.5305) -> 70 (2.94323, 18.4211)
    396 (24.1621, 22.1491) -> 1482 (24.0603, 24.1194)
    397 (12.2065, 20.6543) -> 1449 (10.5253, 21.1685)
    398 (12.5708, 8.30005) -> 704 (11.2693, 7.06272)
    399 (5.93835, 24.9163) -> 1696 (5.35906, 23.0744)
    400 (1.28891, 13.9609) -> 0 (1, 15)
    401 (0.451613, 2.08369) -> 1005 (0.399563, 4.07184)
    402 (13.798, 9.47504) -> 1151 (13.4355, 7.64282)
    403 (22.2501, 10.1465) -> 1942 (21.8329, 8.56846)
    404 (6.84436, 21.0236) -> 11 (5.27492, 20.4978)
    405 (8.1257, 4.82651) -> 635 (6.17328, 4.77707)
    406 (4.21119, 16.9481) -> 2 (2.76234, 15.9456)
    407 (17.5255, 18.7713) -> 757 (15.7466, 19.0413)
    408 (11.1069, 0.317664) -> 870 (9.92399, 1.39372)
    409 (8.0573, 1.61088) -> 1494 (6.1292, 1.29988)
    410 (21.8631, 12.383) -> 1850 (20.996, 13.9167)
    411 (22.4454, 9.48141) -> 1633 (21.7382, 7.61428)
    412 (20.8425, 17.703) -> 1782 (19.6701, 19.1087)
    413 (6.91759, 14.2395) -> 1157 (5.24358, 13.3371)
    414 (15.1082, 1.24541) -> 1418 (13.1882, 1.71742)
    415 (22.3536, 16.7455) -> 1867 (21.6068, 18.3175)
    416 (20.851, 22.7693) -> 1973 (19.2245, 23.7654)
    417 (7.44253, 21.4683) -> 383 (5.94732, 20.3985)
    418 (20.9555, 20.6118) -> 1141 (20.0119, 22.2727)
    419 (24.2696, 4.8484) -> 1870 (22.5504, 4.15335)
    420 (16.1571, 20.4246) -> 112 (14.4702, 21.3199)
    421 (6.14125, 8.53963) -> 272 (4.43565, 8.74371)
    422 (23.002, 3.04118) -> 1439 (21.1493, 2.65369)
    423 (23.7149, 15.6255) -> 1962 (23.5236, 17.2663)
    424 (13.5312, 18.6854) -> 1602 (11.8944, 19.6096)
    425 (10.1983, 4.98115) -> 1822 (9.30549, 3.99691)
    426 (23.4094, 19.0766) -> 1872 (22.5209, 20.6094)
    427 (13.6005, 16.0785) -> 493 (14.3822, 17.7469)
    428 (4.68507, 23.9681) -> 1643 (2.85561, 24.7016)
    429 (8.37616, 10.1419) -> 544 (6.87958, 8.87714)
    430 (4.33446, 10.5166) -> 1949 (3.47975, 11.9581)
    431 (24.9836, 9.4529) -> 1436 (24.1346, 8.14278)
    432 (13.0956, 18.1251) -> 1602 (11.8944, 19.6096)
    433 (23.3536, 10.7281) -> 1697 (22.1596, 9.53823)
    434 (9.03488, 22.7828) -> 489 (7.37914, 23.5903)
    435 (9.20141, 3.1611) -> 1479 (8.05336, 4.66087)
    436 (7.91487, 20.7067) -> 383 (5.94732, 20.3985)
    437 (21.3712, 8.19597) -> 1077 (19.8457, 7.19252)
    438 (12.2299, 16.8362) -> 569 (11.7357, 18.697)
    439 (19.4701, 1.38046) -> 1106 (17.5922, 1.60462)
    440 (23.3076, 19.0981) -> 1872 (22.5209, 20.6094)
    441 (5.13124, 17.9263) -> 1764 (3.37322, 17.5908)
    442 (19.0208, 11.4784) -> 1562 (19.4446, 13.2525)
    443 (5.48647, 12.719) -> 1922 (3.57724, 13.1375)
    444 (0.149325, 10.8337) -> 844 (1.24742, 12.1613)
    445 (23.6427, 2.41159) -> 1053 (21.8422, 1.83629)
    446 (7.18153, 13.8461) -> 1434 (5.26224, 14.3168)
    447 (22.1771, 16.2344) -> 1773 (20.7922, 17.5416)
    448 (17.0477, 6.11781) -> 204 (15.7379, 4.77936)
    449 (2.62045, 0.331137) -> 131 (2.01809, 2.18757)
    450 (14.9365, 15.494) -> 1142 (14.8253, 17.4879)
    451 (3.18303, 14.7264) -> 1780 (1.70797, 13.5926)
    452 (20.0779, 1.0393) -> 1811 (18.4416, 1.12129)
    453 (6.05631, 2.11711) -> 1801 (4.27442, 2.70961)
    454 (23.2749, 10.6849) -> 1697 (22.1596, 9.53823)
    455 (3.88171, 1.38611) -> 1842 (3.6505, 3.36339)
    456 (6.03783, 16.1975) -> 406 (4.21119, 16.9481)
    457 (6.96347, 2.29238) -> 1300 (4.98275, 2.32355)
    458 (5.25236, 0.126485) -> 1433 (3.33946, 0.569147)
    459 (12.8084, 16.5909) -> 1410 (12.3757, 18.2093)
    460 (22.8162, 18.5082) -> 1635 (21.1523, 19.2811)
    461 (9.99926, 3.41643) -> 1609 (8.03966, 3.66608)
    462 (0.375665, 7.78321) -> 1943 (1.00578, 9.2772)
    463 (4.65415, 15.2704) -> 1924 (2.84037, 14.4789)
    464 (22.239, 7.60683) -> 1983 (21.7467, 5.85856)
    465 (17.2749, 4.02965) -> 1429 (16.7004, 2.56547)
    466 (3.43043, 16.4526) -> 1547 (1.48076, 16.8262)
    467 (1.63904, 1.76506) -> 1699 (2.00154, 3.50352)
    468 (13.3163, 5.32457) -> 1093 (11.5924, 4.35739)
    469 (9.42436, 20.2624) -> 876 (7.76772, 20.845)
    470 (1.59245, 19.0287) -> 394 (0.0609098, 17.9055)
    471 (20.2071, 8.82046) -> 1633 (21.7382, 7.61428)
    472 (12.5335, 22.5403) -> 1188 (10.691, 22.2553)
    473 (12.6404, 2.89003) -> 1865 (11.0635, 2.01949)
    474 (7.98973, 7.25658) -> 577 (6.25106, 7.32825)
    475 (2.7528, 2.10045) -> 1749 (1.17739, 2.97534)
    476 (22.2984, 17.7362) -> 1635 (21.1523, 19.2811)
    477 (10.4084, 19.1788) -> 1954 (8.72985, 19.8612)
    478 (9.56877, 17.7592) -> 1990 (7.73967, 18.443)
    479 (13.4946, 21.3218) -> 1855 (12.4027, 22.508)
    480 (17.2118, 22.8956) -> 1383 (15.8959, 24.2941)
    481 (3.11634, 14.3165) -> 2 (2.76234, 15.9456)
    482 (13.4429, 24.2661) -> 1593 (11.4917, 24.3734)
    483 (7.43407, 7.39472) -> 323 (5.66613, 7.12085)
    484 (14.0591, 19.6343) -> 1021 (14.2531, 21.464)
    485 (24.1996, 15.3802) -> 1497 (22.7489, 16.2062)
    486 (0.607104, 2.40151) -> 144 (0.26776, 4.28933)
    487 (3.99416, 16.9146) -> 2 (2.76234, 15.9456)
    488 (10.4644, 24.9202) -> 698 (8.76817, 24.1512)
    489 (7.37914, 23.5903) -> 1268 (5.47325, 23.0467)
    490 (16.079, 8.45252) -> 1551 (15.9458, 6.69527)
    491 (13.9096, 24.9702) -> 721 (12.2463, 24.7151)
    492 (22.6557, 8.18648) -> 1476 (21.2221, 7.11716)
    493 (14.3822, 17.7469) -> 117 (13.0642, 19.2113)
    494 (9.99019, 2.90331) -> 1290 (8.83179, 1.33091)
    495 (17.5559, 8.13661) -> 999 (16.9135, 6.25042)
    496 (10.403, 20.6303) -> 375 (8.49287, 20.0822)
    497 (1.87151, 2.33457) -> 1574 (1.17553, 4.00635)
    498 (21.6591, 9.49871) -> 1633 (21.7382, 7.61428)
    499 (8.31454, 2.01567) -> 1809 (6.75932, 1.13441)
    500 (20.4641, 15.1422) -> 1317 (21.7169, 16.648)
    501 (23.1449, 6.92865) -> 1983 (21.7467, 5.85856)
    502 (17.2166, 16.1246) -> 579 (17.134, 17.9752)
    503 (4.9605, 3.51259) -> 101 (4.71433, 5.48364)
    504 (16.9745, 15.9729) -> 1727 (16.0249, 17.498)
    505 (21.407, 13.6574) -> 1793 (21.0394, 15.5106)
    506 (12.7051, 23.6971) -> 835 (10.7198, 23.4639)
    507 (0.935162, 5.66087) -> 1156 (1.39836, 7.57542)
    508 (4.70106, 23.1455) -> 1416 (3.07799, 22.3093)
    509 (7.85802, 23.4764) -> 1621 (6.09305, 23.7713)
    510 (12.8386, 7.02658) -> 1459 (10.9172, 6.93293)
    511 (1.72326, 11.1926) -> 1 (1.04223, 13.0004)
    512 (0.885071, 24.4156) -> 902 (2.36112, 23.2443)
    513 (9.29305, 21.51) -> 417 (7.44253, 21.4683)
    514 (18.708, 16.8645) -> 812 (17.5382, 18.4195)
    515 (21.1466, 19.759) -> 1652 (20.4624, 21.2607)
    516 (4.02617, 18.0596) -> 309 (2.37644, 17.2682)
    517 (14.34, 16.0663) -> 991 (13.5816, 17.7445)
    518 (22.7552, 19.0474) -> 1872 (22.5209, 20.6094)
    519 (11.4161, 4.36784) -> 634 (9.83909, 3.75892)
    520 (6.36946, 7.83672) -> 589 (4.86492, 8.44264)
    521 (8.97664, 20.321) -> 417 (7.44253, 21.4683)
    522 (24.9111, 6.34311) -> 1000 (24.4183, 4.45859)
    523 (5.91943, 0.150505) -> 1458 (4.39451, 1.41821)
    524 (21.7961, 23.9814) -> 1545 (20.2747, 24.1113)
    525 (17.6868, 19.9224) -> 420 (16.1571, 20.4246)
    526 (1.65266, 24.2977) -> 1818 (1.78001, 22.339)
    527 (7.91258, 19.6441) -> 1664 (5.93088, 19.6824)
    528 (4.22729, 2.71778) -> 974 (4.1331, 4.71106)
    529 (23.9222, 9.68804) -> 1996 (22.8718, 8.04658)
    530 (3.42177, 18.241) -> 1686 (1.77715, 18.5754)
    531 (6.01145, 9.53224) -> 568 (4.07, 9.63919)
    532 (24.608, 24.5441) -> 1726 (23.4263, 23.5006)
    533 (12.8493, 6.14588) -> 603 (11.0594, 5.36758)
    534 (24.0949, 4.91019) -> 1870 (22.5504, 4.15335)
    535 (16.7698, 1.71338) -> 1279 (15.0434, 2.10838)
    536 (4.80451, 0.00778014) -> 1784 (3.42491, 0.954526)
    537 (23.5475, 6.07709) -> 1983 (21.7467, 5.85856)
    538 (1.14145, 6.64795) -> 973 (0.224709, 8.30106)
    539 (16.7659, 4.97406) -> 1289 (15.6294, 3.94013)
    540 (16.3784, 7.51662) -> 1717 (14.8052, 6.51704)
    541 (2.52984, 5.13) -> 1451 (2.90074, 6.76017)
    542 (24.7645, 3.67346) -> 898 (24.3611, 2.02027)
    543 (10.2407, 2.1864) -> 1975 (9.31578, 3.87395)
    544 (6.87958, 8.87714) -> 18 (5.13833, 8.66398)
    545 (19.0272, 6.31962) -> 1698 (17.598, 5.33475)
    546 (20.8775, 11.6982) -> 1187 (20.535, 13.5231)
    547 (10.4593, 16.4927) -> 727 (8.86249, 17.3631)
    548 (15.3163, 15.5961) -> 1142 (14.8253, 17.4879)
    549 (16.7861, 15.7919) -> 1727 (16.0249, 17.498)
    550 (7.6575, 11.7336) -> 1570 (5.92733, 10.7665)
    551 (2.67084, 0.680538) -> 1724 (0.937222, 0.961968)
    552 (14.3191, 11.7457) -> 1461 (15.4952, 10.2216)
    553 (15.6418, 24.1054) -> 161 (13.9355, 24.1946)
    554 (14.4419, 1.75813) -> 571 (12.6659, 1.02614)
    555 (4.77283, 12.3183) -> 932 (2.80359, 12.6384)
    556 (18.2547, 3.53791) -> 1429 (16.7004, 2.56547)
    557 (19.3359, 17.9907) -> 1700 (18.7395, 19.8399)
    558 (17.1893, 8.46615) -> 1401 (17.4948, 6.53091)
    559 (14.5908, 20.1965) -> 1450 (13.3179, 21.5063)
    560 (15.8446, 11.8346) -> 1587 (17.2185, 10.5122)
    561 (21.4444, 13.551) -> 1540 (19.7655, 14.0374)
    562 (11.4495, 2.56534) -> 1549 (9.74107, 2.79846)
    563 (12.5566, 5.40149) -> 120 (11.1715, 4.16502)
    564 (5.23631, 17.0531) -> 1764 (3.37322, 17.5908)
    565 (14.7993, 20.06) -> 1415 (14.0303, 21.6782)
    566 (4.55512, 4.78892) -> 1946 (2.60037, 4.84662)
    567 (4.4643, 5.65033) -> 1451 (2.90074, 6.76017)
    568 (4.07, 9.63919) -> 282 (2.21167, 9.3864)
    569 (11.7357, 18.697) -> 1030 (10.4979, 20.0335)
    570 (8.80094, 7.86495) -> 19 (6.89911, 7.71547)
    571 (12.6659, 1.02614) -> 1865 (11.0635, 2.01949)
    572 (6.60407, 1.91822) -> 1517 (4.81244, 1.17713)
    573 (15.3506, 20.1914) -> 1415 (14.0303, 21.6782)
    574 (5.73053, 12.9091) -> 1283 (4.23014, 13.0066)
    575 (3.43002, 11.1656) -> 511 (1.72326, 11.1926)
    576 (0.844307, 18.4371) -> 1547 (1.48076, 16.8262)
    577 (6.25106, 7.32825) -> 589 (4.86492, 8.44264)
    578 (22.7393, 10.2991) -> 1942 (21.8329, 8.56846)
    579 (17.134, 17.9752) -> 757 (15.7466, 19.0413)
    580 (8.34803, 23.7906) -> 1765 (7.94744, 21.8932)
    581 (0.830333, 9.64945) -> 1040 (0.407094, 11.1552)
    582 (19.6513, 4.06068) -> 1711 (18.4024, 2.9982)
    583 (13.4371, 7.36988) -> 1838 (12.5501, 5.64527)
    584 (9.78343, 19.0168) -> 375 (8.49287, 20.0822)
    585 (15.4631, 23.7968) -> 1759 (13.7849, 23.3142)
    586 (6.64086, 15.5882) -> 1340 (5.15947, 16.8178)
    587 (4.21591, 5.36855) -> 1451 (2.90074, 6.76017)
    588 (4.45048, 21.3543) -> 1807 (2.82219, 20.8086)
    589 (4.86492, 8.44264) -> 7 (3.56883, 9.9036)
    590 (12.3726, 7.90666) -> 1459 (10.9172, 6.93293)
    591 (10.9247, 23.6749) -> 1874 (9.15987, 23.0904)
    592 (11.7384, 17.3065) -> 1137 (11.6441, 19.2701)
    593 (22.3071, 7.4197) -> 1983 (21.7467, 5.85856)
    594 (2.36025, 9.24449) -> 1943 (1.00578, 9.2772)
    595 (17.452, 17.3332) -> 1960 (17.1739, 18.5941)
    596 (5.90045, 11.114) -> 1199 (4.66666, 12.1841)
    597 (19.9659, 2.74181) -> 1827 (18.0477, 2.42014)
    598 (21.0781, 21.6482) -> 1952 (21.8044, 23.0197)
    599 (18.1737, 18.3093) -> 1318 (18.0262, 20.2438)
    600 (14.7603, 10.4773) -> 1710 (14.9445, 8.70762)
    601 (11.742, 22.1482) -> 1189 (10.6327, 23.785)
    602 (16.3432, 14.3512) -> 502 (17.2166, 16.1246)
    603 (11.0594, 5.36758) -> 713 (9.29275, 4.66466)
    604 (20.065, 23.5136) -> 1743 (18.9291, 24.3659)
    605 (19.6819, 1.67867) -> 1811 (18.4416, 1.12129)
    606 (10.3953, 8.70695) -> 570 (8.80094, 7.86495)
    607 (0.510652, 6.5968) -> 1837 (2.20862, 7.63449)
    608 (13.0297, 18.6054) -> 1602 (11.8944, 19.6096)
    609 (17.5189, 7.90598) -> 1551 (15.9458, 6.69527)
    610 (24.4356, 19.2234) -> 1951 (23.5458, 20.8228)
    611 (20.3603, 5.81674) -> 1921 (20.9527, 4.19538)
    612 (5.51715, 8.22093) -> 63 (4.6243, 9.88363)
    613 (3.28982, 2.55793) -> 1931 (1.57021, 3.01549)
    614 (22.5261, 15.8047) -> 1327 (22.4626, 17.7841)
    615 (15.9995, 17.7746) -> 815 (15.6294, 19.4668)
    616 (1.91281, 5.12674) -> 1477 (0.561243, 6.30212)
    617 (14.5977, 5.16881) -> 1995 (13.266, 3.99572)
    618 (19.6741, 13.9857) -> 861 (19.3157, 15.1714)
    619 (8.11597, 22.719) -> 1257 (6.38183, 21.9973)
    620 (13.3534, 21.5446) -> 1217 (13.2512, 23.4794)
    621 (21.9863, 21.4064) -> 1986 (21.5402, 22.707)
    622 (11.0747, 0.408255) -> 870 (9.92399, 1.39372)
    623 (5.35503, 8.13116) -> 568 (4.07, 9.63919)
    624 (1.28118, 4.81539) -> 714 (0.0249681, 6.15863)
    625 (22.1418, 13.5314) -> 1589 (23.0314, 15.2981)
    626 (8.01006, 1.95929) -> 453 (6.05631, 2.11711)
    627 (9.28194, 16.8561) -> 1201 (8.13745, 18.4267)
    628 (20.6359, 24.4434) -> 1806 (18.827, 24.3476)
    629 (4.5554, 16.0419) -> 2 (2.76234, 15.9456)
    630 (21.3845, 3.19432) -> 1777 (19.4772, 3.44408)
    631 (3.00024, 13.4101) -> 1435 (1.11876, 13.2984)
    632 (15.2093, 14.3395) -> 1277 (14.7456, 16.269)
    633 (22.0506, 15.9737) -> 1327 (22.4626, 17.7841)
    634 (9.83909, 3.75892) -> 1609 (8.03966, 3.66608)
    635 (6.17328, 4.77707) -> 797 (4.83888, 6.14278)
    636 (1.46538, 14.6077) -> 685 (0.136855, 13.3877)
    637 (9.60477, 20.5917) -> 876 (7.76772, 20.845)
    638 (24.9483, 4.94808) -> 1357 (24.4625, 3.40962)
    639 (24.4958, 23.1769) -> 1869 (23.0462, 24.4709)
    640 (20.3161, 1.11845) -> 1811 (18.4416, 1.12129)
    641 (13.1295, 20.6399) -> 1781 (11.2665, 21.1567)
    642 (21.9662, 9.06288) -> 1633 (21.7382, 7.61428)
    643 (8.9129, 8.99337) -> 474 (7.98973, 7.25658)
    644 (17.9768, 13.749) -> 861 (19.3157, 15.1714)
    645 (22.3893, 18.2465) -> 1635 (21.1523, 19.2811)
    646 (6.44048, 3.52156) -> 1695 (5.59454, 5.10328)
    647 (8.71333, 8.09907) -> 19 (6.89911, 7.71547)
    648 (20.3993, 20.4298) -> 1895 (18.4711, 20.8572)
    649 (6.67338, 6.15773) -> 797 (4.83888, 6.14278)
    650 (11.3041, 8.01064) -> 1352 (9.75867, 6.77322)
    651 (20.1324, 18.0307) -> 1635 (21.1523, 19.2811)
    652 (1.81711, 21.9373) -> 800 (0.94265, 20.6482)
    653 (1.95684, 15.2106) -> 0 (1, 15)
    654 (7.41797, 11.064) -> 936 (5.91759, 10.2274)
    655 (23.1177, 8.43541) -> 1633 (21.7382, 7.61428)
    656 (5.13581, 18.5709) -> 1692 (3.64629, 17.5802)
    657 (9.43194, 23.9707) -> 1897 (7.83323, 22.8548)
    658 (14.2155, 15.6155) -> 1142 (14.8253, 17.4879)
    659 (9.49831, 17.2446) -> 169 (8.22755, 18.748)
    660 (19.4162, 19.7967) -> 1226 (18.191, 21.3298)
    661 (16.6586, 1.19903) -> 1722 (15.0424, 0.29526)
    662 (2.08386, 7.50009) -> 282 (2.21167, 9.3864)
    663 (13.5185, 4.85125) -> 989 (11.8879, 3.73118)
    664 (18.8107, 7.77928) -> 1905 (19.5855, 5.979)
    665 (3.77513, 5.61578) -> 1132 (2.15189, 6.41873)
    666 (3.01054, 6.06992) -> 1662 (2.32302, 7.85165)
    667 (19.1874, 4.47291) -> 1711 (18.4024, 2.9982)
    668 (18.5475, 3.12463) -> 1429 (16.7004, 2.56547)
    669 (6.58765, 10.5401) -> 303 (5.11122, 10.2037)
    670 (24.1237, 3.86107) -> 755 (22.8359, 2.46755)
    671 (1.64607, 10.7603) -> 1425 (0.411894, 12.0481)
    672 (17.5345, 19.7628) -> 1834 (16.1576, 20.7994)
    673 (0.216837, 16.2008) -> 0 (1, 15)
    674 (10.0803, 1.38451) -> 1753 (8.42112, 2.45779)
    675 (18.6734, 8.30686) -> 373 (18.3306, 6.57559)
    676 (4.58806, 14.5301) -> 1924 (2.84037, 14.4789)
    677 (7.43876, 6.8277) -> 323 (5.66613, 7.12085)
    678 (23.3746, 21.6517) -> 817 (21.6263, 22.3959)
    679 (22.149, 21.5005) -> 1952 (21.8044, 23.0197)
    680 (20.4095, 16.7478) -> 1138 (19.4268, 18.3426)
    681 (11.5709, 7.37463) -> 1352 (9.75867, 6.77322)
    682 (16.2976, 24.1478) -> 1747 (15.5579, 24.8597)
    683 (22.2602, 14.5672) -> 1860 (22.6137, 16.2441)
    684 (8.26326, 8.37135) -> 520 (6.36946, 7.83672)
    685 (0.136855, 13.3877) -> 0 (1, 15)
    686 (19.0335, 17.9521) -> 1583 (18.2045, 19.6735)
    687 (10.3525, 1.44747) -> 1155 (8.81336, 0.38244)
    688 (5.3654, 3.74708) -> 101 (4.71433, 5.48364)
    689 (12.9371, 21.5285) -> 377 (11.0906, 22.0169)
    690 (12.6959, 7.80606) -> 1459 (10.9172, 6.93293)
    691 (0.729409, 13.8834) -> 0 (1, 15)
    692 (8.95172, 17.5281) -> 1980 (7.41791, 18.2285)
    693 (14.6756, 20.9469) -> 1471 (12.9879, 21.8937)
    694 (2.05224, 14.6634) -> 0 (1, 15)
    695 (7.43021, 8.27906) -> 1100 (5.54978, 8.48786)
    696 (0.65069, 8.15236) -> 282 (2.21167, 9.3864)
    697 (4.6163, 11.4781) -> 1063 (2.9161, 12.4202)
    698 (8.76817, 24.1512) -> 1400 (6.94205, 23.8725)
    699 (2.26626, 21.2284) -> 1286 (0.923999, 20.0314)
    700 (18.3592, 6.08912) -> 539 (16.7659, 4.97406)
    701 (12.1237, 17.7293) -> 1602 (11.8944, 19.6096)
    702 (20.3871, 17.1313) -> 1326 (18.5981, 17.7083)
    703 (3.97821, 22.5741) -> 1887 (2.20968, 23.3191)
    704 (11.2693, 7.06272) -> 795 (9.61088, 6.11496)
    705 (20.3482, 18.6953) -> 1625 (19.8038, 20.4065)
    706 (14.4438, 24.9858) -> 1752 (13.3799, 24.0174)
    707 (11.2111, 19.7082) -> 637 (9.60477, 20.5917)
    708 (21.7874, 9.08923) -> 1633 (21.7382, 7.61428)
    709 (17.2261, 22.3997) -> 1947 (15.7379, 23.529)
    710 (1.12626, 19.8856) -> 126 (0.514987, 18.1193)
    711 (6.0023, 14.7794) -> 629 (4.5554, 16.0419)
    712 (4.80348, 1.61064) -> 1701 (3.76816, 3.02334)
    713 (9.29275, 4.66466) -> 1932 (7.46247, 4.73379)
    714 (0.0249681, 6.15863) -> 462 (0.375665, 7.78321)
    715 (17.6996, 2.32349) -> 1935 (16.2543, 1.39385)
    716 (11.7814, 20.6669) -> 749 (10.5328, 22.0369)
    717 (21.9066, 12.0152) -> 1500 (22.313, 13.5754)
    718 (5.9142, 16.9347) -> 487 (3.99416, 16.9146)
    719 (0.135419, 8.987) -> 1361 (1.85857, 9.79539)
    720 (22.5752, 9.62075) -> 1996 (22.8718, 8.04658)
    721 (12.2463, 24.7151) -> 488 (10.4644, 24.9202)
    722 (24.1173, 20.1154) -> 1940 (22.9138, 21.1599)
    723 (9.98577, 2.74831) -> 1822 (9.30549, 3.99691)
    724 (17.2216, 3.65481) -> 535 (16.7698, 1.71338)
    725 (17.9726, 2.67842) -> 1833 (16.5019, 1.59541)
    726 (12.8871, 18.3234) -> 1602 (11.8944, 19.6096)
    727 (8.86249, 17.3631) -> 187 (6.94237, 17.7904)
    728 (14.0058, 16.2711) -> 911 (13.2808, 17.9296)
    729 (9.25761, 6.86384) -> 677 (7.43876, 6.8277)
    730 (5.4817, 15.9481) -> 487 (3.99416, 16.9146)
    731 (7.81971, 5.87917) -> 737 (6.39545, 7.24363)
    732 (12.8516, 4.07084) -> 1196 (11.3701, 3.05636)
    733 (22.9354, 15.4035) -> 1071 (23.2504, 17.3679)
    734 (1.39667, 4.14509) -> 1619 (2.35695, 5.62842)
    735 (10.4943, 4.95009) -> 1822 (9.30549, 3.99691)
    736 (15.9377, 11.1982) -> 1737 (16.5578, 9.69124)
    737 (6.39545, 7.24363) -> 589 (4.86492, 8.44264)
    738 (19.4934, 24.5066) -> 1335 (17.7861, 24.9971)
    739 (5.32849, 0.364579) -> 1784 (3.42491, 0.954526)
    740 (1.21481, 17.5165) -> 673 (0.216837, 16.2008)
    741 (3.63221, 13.2324) -> 1780 (1.70797, 13.5926)
    742 (17.6751, 21.4413) -> 1360 (16.8495, 22.9391)
    743 (4.67732, 0.712022) -> 1195 (3.90835, 2.55601)
    744 (22.8194, 24.8843) -> 1443 (20.8477, 24.8542)
    745 (14.25, 20.1993) -> 689 (12.9371, 21.5285)
    746 (2.48844, 13.895) -> 0 (1, 15)
    747 (7.29199, 21.5254) -> 383 (5.94732, 20.3985)
    748 (21.7728, 6.57001) -> 1405 (20.2462, 5.82541)
    749 (10.5328, 22.0369) -> 142 (8.55992, 21.9822)
    750 (10.0087, 6.59467) -> 1795 (8.18569, 7.31502)
    751 (3.67667, 23.1282) -> 1561 (1.77518, 23.6317)
    752 (7.17626, 22.2606) -> 1762 (5.83356, 20.999)
    753 (4.3609, 24.2747) -> 1355 (2.82701, 24.4409)
    754 (3.38896, 16.1068) -> 1924 (2.84037, 14.4789)
    755 (22.8359, 2.46755) -> 1929 (21.0888, 1.63643)
    756 (2.21615, 7.74742) -> 1943 (1.00578, 9.2772)
    757 (15.7466, 19.0413) -> 745 (14.25, 20.1993)
    758 (21.3395, 15.331) -> 1860 (22.6137, 16.2441)
    759 (19.1684, 11.8924) -> 1562 (19.4446, 13.2525)
    760 (21.6741, 5.52892) -> 1921 (20.9527, 4.19538)
    761 (1.26917, 21.6244) -> 1286 (0.923999, 20.0314)
    762 (7.33509, 24.9366) -> 1084 (5.41167, 24.8924)
    763 (18.2438, 13.2949) -> 1733 (19.6617, 14.3808)
    764 (13.4413, 1.66844) -> 1740 (11.7548, 1.79735)
    765 (2.86349, 19.5372) -> 1686 (1.77715, 18.5754)
    766 (23.1469, 15.2517) -> 1626 (23.2661, 17.1664)
    767 (10.89, 8.60674) -> 1421 (9.36405, 7.52247)
    768 (5.53962, 6.2107) -> 1339 (4.32431, 7.52455)
    769 (24.8766, 23.2873) -> 1726 (23.4263, 23.5006)
    770 (2.3526, 10.8338) -> 1040 (0.407094, 11.1552)
    771 (0.283824, 10.5343) -> 844 (1.24742, 12.1613)
    772 (19.5037, 20.0287) -> 1226 (18.191, 21.3298)
    773 (12.532, 23.6364) -> 1189 (10.6327, 23.785)
    774 (20.7924, 8.99771) -> 1633 (21.7382, 7.61428)
    775 (17.6776, 16.5908) -> 1484 (17.2105, 18.5299)
    776 (15.9031, 6.46887) -> 617 (14.5977, 5.16881)
    777 (17.586, 0.480348) -> 1833 (16.5019, 1.59541)
    778 (14.6741, 0.910532) -> 160 (12.8924, 0.666446)
    779 (18.989, 12.5787) -> 1733 (19.6617, 14.3808)
    780 (1.71068, 14.2846) -> 0 (1, 15)
    781 (10.2839, 0.405868) -> 243 (8.70524, 1.21473)
    782 (17.9016, 0.332905) -> 1833 (16.5019, 1.59541)
    783 (11.2029, 2.42172) -> 1886 (9.50956, 2.86949)
    784 (1.84502, 20.8526) -> 470 (1.59245, 19.0287)
    785 (12.1363, 17.6817) -> 1602 (11.8944, 19.6096)
    786 (13.4095, 0.103223) -> 1873 (11.6379, 0.0811116)
    787 (10.1089, 7.40291) -> 1795 (8.18569, 7.31502)
    788 (4.75442, 6.74578) -> 185 (3.4124, 8.02684)
    789 (5.86972, 22.1134) -> 1832 (4.32416, 21.3299)
    790 (16.7533, 15.4269) -> 1899 (17.9009, 16.9167)
    791 (22.0035, 5.52068) -> 1921 (20.9527, 4.19538)
    792 (17.0506, 23.0603) -> 1383 (15.8959, 24.2941)
    793 (20.168, 24.517) -> 1233 (18.4754, 23.8209)
    794 (16.8447, 17.5365) -> 757 (15.7466, 19.0413)
    795 (9.61088, 6.11496) -> 731 (7.81971, 5.87917)
    796 (19.2382, 10.5422) -> 1473 (19.3119, 8.91758)
    797 (4.83888, 6.14278) -> 46 (2.85828, 6.03902)
    798 (18.963, 7.01109) -> 1105 (18.487, 5.125)
    799 (15.0118, 12.5197) -> 1814 (16.6545, 13.3626)
    800 (0.94265, 20.6482) -> 1139 (1.55686, 18.9229)
    801 (21.8355, 18.5663) -> 1314 (21.1752, 20.4478)
    802 (9.91214, 21.6649) -> 1765 (7.94744, 21.8932)
    803 (24.8397, 15.713) -> 147 (23.5604, 16.9253)
    804 (5.87747, 2.09461) -> 1111 (4.02018, 2.67371)
    805 (12.6086, 22.4196) -> 1188 (10.691, 22.2553)
    806 (2.73287, 7.15944) -> 315 (1.41658, 7.85519)
    807 (3.66711, 0.787837) -> 1474 (1.96024, 1.11628)
    808 (4.34188, 15.3539) -> 2 (2.76234, 15.9456)
    809 (21.0054, 18.6614) -> 1314 (21.1752, 20.4478)
    810 (21.8436, 10.7339) -> 1906 (21.6245, 9.16658)
    811 (9.96544, 17.8116) -> 169 (8.22755, 18.748)
    812 (17.5382, 18.4195) -> 369 (16.4396, 20.0862)
    813 (21.0854, 21.4106) -> 1986 (21.5402, 22.707)
    814 (7.92034, 11.288) -> 1246 (6.94197, 9.58932)
    815 (15.6294, 19.4668) -> 693 (14.6756, 20.9469)
    816 (18.1172, 7.05632) -> 1698 (17.598, 5.33475)
    817 (21.6263, 22.3959) -> 604 (20.065, 23.5136)
    818 (5.59802, 4.18365) -> 974 (4.1331, 4.71106)
    819 (13.7528, 2.19518) -> 248 (11.9331, 1.49768)
    820 (3.40409, 9.43744) -> 238 (1.57564, 10.0708)
    821 (16.2786, 16.8361) -> 1960 (17.1739, 18.5941)
    822 (4.50787, 24.0142) -> 1707 (2.5922, 24.4165)
    823 (22.5784, 15.7867) -> 1849 (21.4162, 17.3534)
    824 (4.04638, 18.6745) -> 3 (4.58356, 16.7721)
    825 (1.32449, 19.7419) -> 126 (0.514987, 18.1193)
    826 (21.2139, 2.73931) -> 1639 (19.7894, 1.70333)
    827 (4.40592, 9.18446) -> 1161 (3.43941, 10.8999)
    828 (1.9341, 17.1927) -> 673 (0.216837, 16.2008)
    829 (13.878, 4.48652) -> 1844 (11.9281, 4.24238)
    830 (13.0573, 3.21124) -> 1740 (11.7548, 1.79735)
    831 (20.2819, 22.014) -> 1978 (18.9929, 22.4485)
    832 (21.2219, 20.6184) -> 1043 (20.4367, 22.1476)
    833 (16.1196, 3.97218) -> 138 (15.5022, 2.19557)
    834 (19.8648, 21.7907) -> 1464 (17.9043, 21.4289)
    835 (10.7198, 23.4639) -> 1874 (9.15987, 23.0904)
    836 (17.7794, 12.6747) -> 1562 (19.4446, 13.2525)
    837 (5.73344, 17.7847) -> 487 (3.99416, 16.9146)
    838 (3.77275, 1.69634) -> 1842 (3.6505, 3.36339)
    839 (1.53573, 23.9229) -> 928 (2.38707, 22.2209)
    840 (14.9876, 20.1229) -> 641 (13.1295, 20.6399)
    841 (18.4124, 9.28113) -> 1933 (17.0889, 7.99836)
    842 (13.3487, 0.645283) -> 1740 (11.7548, 1.79735)
    843 (0.915188, 20.8348) -> 470 (1.59245, 19.0287)
    844 (1.24742, 12.1613) -> 685 (0.136855, 13.3877)
    845 (21.7788, 21.4062) -> 1986 (21.5402, 22.707)
    846 (7.2137, 2.16233) -> 908 (5.32146, 2.4714)
    847 (0.533246, 15.4852) -> 1547 (1.48076, 16.8262)
    848 (19.7364, 16.5012) -> 1138 (19.4268, 18.3426)
    849 (17.6657, 16.5794) -> 812 (17.5382, 18.4195)
    850 (22.8845, 15.33) -> 1626 (23.2661, 17.1664)
    851 (6.94059, 21.6295) -> 383 (5.94732, 20.3985)
    852 (20.6573, 12.877) -> 1733 (19.6617, 14.3808)
    853 (0.972091, 20.9426) -> 1466 (0.253224, 19.1901)
    854 (21.7324, 18.9935) -> 1314 (21.1752, 20.4478)
    855 (5.03976, 17.8109) -> 1764 (3.37322, 17.5908)
    856 (18.8307, 13.7171) -> 861 (19.3157, 15.1714)
    857 (24.1438, 20.3025) -> 1940 (22.9138, 21.1599)
    858 (18.751, 14.6882) -> 392 (19.0796, 16.2526)
    859 (13.5277, 1.77612) -> 1740 (11.7548, 1.79735)
    860 (22.5585, 12.8295) -> 1248 (22.7163, 14.5659)
    861 (19.3157, 15.1714) -> 514 (18.708, 16.8645)
    862 (5.30565, 20.5694) -> 1256 (4.85033, 18.9778)
    863 (15.7732, 8.1899) -> 1717 (14.8052, 6.51704)
    864 (8.34802, 4.20153) -> 1597 (7.01664, 5.44715)
    865 (14.4247, 9.99017) -> 363 (15.1891, 8.19709)
    866 (18.6493, 24.1285) -> 1859 (17.0597, 24.0602)
    867 (14.5232, 11.1648) -> 49 (16.2141, 10.1313)
    868 (17.2293, 4.09599) -> 1429 (16.7004, 2.56547)
    869 (13.6101, 5.17709) -> 1976 (12.4512, 3.89485)
    870 (9.92399, 1.39372) -> 626 (8.01006, 1.95929)
    871 (19.561, 15.9935) -> 1407 (19.8405, 17.887)
    872 (12.5244, 0.594637) -> 194 (10.9882, 1.83027)
    873 (1.85599, 4.29503) -> 1619 (2.35695, 5.62842)
    874 (20.688, 2.60576) -> 1577 (19.1851, 1.62198)
    875 (21.0712, 21.1537) -> 1986 (21.5402, 22.707)
    876 (7.76772, 20.845) -> 383 (5.94732, 20.3985)
    877 (22.6301, 9.90769) -> 1996 (22.8718, 8.04658)
    878 (10.8649, 18.6645) -> 1939 (10.2014, 20.2198)
    879 (12.0978, 1.83539) -> 1128 (10.4638, 1.87257)
    880 (2.56918, 18.6042) -> 1588 (1.03609, 17.9653)
    881 (8.32491, 15.8453) -> 6 (6.34867, 15.8317)
    882 (20.8165, 16.7085) -> 1815 (20.0897, 18.0154)
    883 (3.64085, 3.38403) -> 1946 (2.60037, 4.84662)
    884 (19.6088, 17.4501) -> 1782 (19.6701, 19.1087)
    885 (6.89386, 20.1334) -> 11 (5.27492, 20.4978)
    886 (9.95759, 6.19758) -> 1760 (9.0812, 4.87906)
    887 (2.86831, 14.7481) -> 0 (1, 15)
    888 (24.3062, 13.1413) -> 302 (23.8789, 14.7766)
    889 (21.0774, 9.31316) -> 1633 (21.7382, 7.61428)
    890 (13.2372, 23.0501) -> 721 (12.2463, 24.7151)
    891 (9.48588, 0.402864) -> 1774 (8.06674, 1.7106)
    892 (9.1764, 2.50812) -> 1227 (7.73656, 1.50446)
    893 (20.8766, 9.7423) -> 1729 (21.7081, 7.96374)
    894 (21.6911, 13.3934) -> 758 (21.3395, 15.331)
    895 (21.7391, 10.098) -> 1942 (21.8329, 8.56846)
    896 (22.3957, 12.9448) -> 1720 (22.0087, 14.4668)
    897 (16.9584, 9.10947) -> 146 (18.1371, 7.5404)
    898 (24.3611, 2.02027) -> 1787 (23.2013, 1.70358)
    899 (17.3662, 19.6086) -> 1834 (16.1576, 20.7994)
    900 (18.1393, 11.0704) -> 841 (18.4124, 9.28113)
    901 (17.1073, 24.8674) -> 1947 (15.7379, 23.529)
    902 (2.36112, 23.2443) -> 761 (1.26917, 21.6244)
    903 (3.36004, 12.6319) -> 1780 (1.70797, 13.5926)
    904 (13.4995, 19.7565) -> 36 (12.0696, 21.0014)
    905 (17.8182, 22.6102) -> 1859 (17.0597, 24.0602)
    906 (7.97904, 20.9258) -> 1744 (6.78007, 19.3726)
    907 (16.7962, 0.2716) -> 414 (15.1082, 1.24541)
    908 (5.32146, 2.4714) -> 1842 (3.6505, 3.36339)
    909 (21.843, 20.8304) -> 1986 (21.5402, 22.707)
    910 (7.00589, 24.0498) -> 1268 (5.47325, 23.0467)
    911 (13.2808, 17.9296) -> 904 (13.4995, 19.7565)
    912 (18.4391, 19.4848) -> 1226 (18.191, 21.3298)
    913 (19.2088, 21.2209) -> 1412 (17.2593, 20.9241)
    914 (13.5081, 19.5711) -> 1312 (12.0348, 20.7309)
    915 (0.500733, 0.871016) -> 486 (0.607104, 2.40151)
    916 (3.35206, 13.9907) -> 1780 (1.70797, 13.5926)
    917 (23.2372, 4.81656) -> 1241 (21.3149, 4.51937)
    918 (19.7906, 16.452) -> 1138 (19.4268, 18.3426)
    919 (4.16536, 14.9234) -> 746 (2.48844, 13.895)
    920 (8.7694, 22.0812) -> 851 (6.94059, 21.6295)
    921 (14.9174, 21.8349) -> 1493 (13.4203, 23.0374)
    922 (11.7238, 20.6531) -> 749 (10.5328, 22.0369)
    923 (8.89212, 8.0068) -> 677 (7.43876, 6.8277)
    924 (2.63079, 1.69218) -> 1699 (2.00154, 3.50352)
    925 (8.16318, 8.74226) -> 280 (6.31318, 8.85859)
    926 (21.263, 22.8168) -> 1545 (20.2747, 24.1113)
    927 (6.19885, 22.7954) -> 1762 (5.83356, 20.999)
    928 (2.38707, 22.2209) -> 1771 (0.606049, 21.7374)
    929 (8.15868, 22.2303) -> 1988 (6.43492, 21.4792)
    930 (24.9448, 8.78406) -> 1800 (22.9606, 8.82471)
    931 (6.26581, 5.41583) -> 323 (5.66613, 7.12085)
    932 (2.80359, 12.6384) -> 1 (1.04223, 13.0004)
    933 (14.0937, 15.4387) -> 1529 (14.6895, 17.3452)
    934 (4.82817, 7.15507) -> 1624 (3.20857, 8.32214)
    935 (1.06888, 10.2498) -> 844 (1.24742, 12.1613)
    936 (5.91759, 10.2274) -> 1681 (3.97113, 10.2135)
    937 (12.2477, 17.6332) -> 1900 (11.5647, 19.326)
    938 (0.495622, 5.98721) -> 462 (0.375665, 7.78321)
    939 (8.81673, 1.99611) -> 1460 (7.21695, 1.08179)
    940 (7.39021, 20.6971) -> 1341 (5.83542, 19.7277)
    941 (10.7844, 16.9313) -> 727 (8.86249, 17.3631)
    942 (4.28021, 15.7752) -> 1924 (2.84037, 14.4789)
    943 (10.6267, 2.2502) -> 1417 (8.63562, 2.25578)
    944 (21.602, 10.3583) -> 1942 (21.8329, 8.56846)
    945 (14.2931, 5.4891) -> 1995 (13.266, 3.99572)
    946 (1.673, 3.32353) -> 144 (0.26776, 4.28933)
    947 (24.9226, 19.4669) -> 1951 (23.5458, 20.8228)
    948 (5.3592, 10.9144) -> 575 (3.43002, 11.1656)
    949 (3.94591, 7.73536) -> 1662 (2.32302, 7.85165)
    950 (7.32114, 6.16658) -> 323 (5.66613, 7.12085)
    951 (24.027, 15.0691) -> 1319 (22.9363, 16.5818)
    952 (1.36667, 18.4731) -> 1547 (1.48076, 16.8262)
    953 (0.391724, 24.365) -> 1561 (1.77518, 23.6317)
    954 (2.24292, 2.83028) -> 1574 (1.17553, 4.00635)
    955 (3.7826, 5.93963) -> 967 (2.29807, 7.2745)
    956 (7.15419, 0.985672) -> 963 (5.58586, 2.01092)
    957 (24.6006, 10.3626) -> 1644 (24.5181, 12.1431)
    958 (7.95907, 8.00645) -> 577 (6.25106, 7.32825)
    959 (1.482, 4.91123) -> 714 (0.0249681, 6.15863)
    960 (7.80993, 6.48135) -> 577 (6.25106, 7.32825)
    961 (8.26852, 15.71) -> 6 (6.34867, 15.8317)
    962 (23.9306, 15.6224) -> 1962 (23.5236, 17.2663)
    963 (5.58586, 2.01092) -> 1195 (3.90835, 2.55601)
    964 (18.5483, 22.4039) -> 1360 (16.8495, 22.9391)
    965 (24.1593, 7.45869) -> 1783 (23.8865, 5.62014)
    966 (21.729, 20.1705) -> 1625 (19.8038, 20.4065)
    967 (2.29807, 7.2745) -> 462 (0.375665, 7.78321)
    968 (6.60139, 16.9458) -> 441 (5.13124, 17.9263)
    969 (20.6298, 9.34853) -> 1596 (20.3929, 7.36491)
    970 (24.2578, 14.6267) -> 1203 (22.8208, 15.9609)
    971 (18.7556, 3.79118) -> 1779 (16.9674, 3.48111)
    972 (22.5089, 0.291679) -> 1185 (20.608, 0.211377)
    973 (0.224709, 8.30106) -> 1236 (0.284379, 10.284)
    974 (4.1331, 4.71106) -> 1619 (2.35695, 5.62842)
    975 (24.8865, 5.00975) -> 1455 (23.2145, 5.18355)
    976 (14.1744, 5.8397) -> 1219 (13.1962, 4.29802)
    977 (10.8219, 1.14638) -> 1290 (8.83179, 1.33091)
    978 (2.26766, 1.08301) -> 1001 (1.30666, 2.42359)
    979 (9.03291, 20.9318) -> 747 (7.29199, 21.5254)
    980 (5.80475, 22.2191) -> 1832 (4.32416, 21.3299)
    981 (21.7983, 9.04597) -> 45 (20.234, 7.8338)
    982 (5.37548, 12.9434) -> 1922 (3.57724, 13.1375)
    983 (20.486, 19.3431) -> 125 (19.4301, 20.8632)
    984 (1.41814, 21.7493) -> 1286 (0.923999, 20.0314)
    985 (20.2494, 0.735819) -> 1811 (18.4416, 1.12129)
    986 (7.61217, 6.46588) -> 1706 (5.79996, 7.01799)
    987 (9.64387, 16.6434) -> 10 (7.75195, 17.2568)
    988 (12.676, 16.6679) -> 1410 (12.3757, 18.2093)
    989 (11.8879, 3.73118) -> 1735 (9.93898, 3.54241)
    990 (15.2598, 24.5277) -> 1752 (13.3799, 24.0174)
    991 (13.5816, 17.7445) -> 1622 (13.8669, 19.6595)
    992 (23.0873, 22.9211) -> 1986 (21.5402, 22.707)
    993 (21.4265, 1.66763) -> 1917 (19.8103, 0.583999)
    994 (19.9006, 23.5745) -> 1129 (18.0974, 24.1548)
    995 (9.94022, 23.3873) -> 142 (8.55992, 21.9822)
    996 (8.43467, 24.643) -> 1400 (6.94205, 23.8725)
    997 (19.2661, 16.15) -> 1407 (19.8405, 17.887)
    998 (18.5421, 1.24304) -> 907 (16.7962, 0.2716)
    999 (16.9135, 6.25042) -> 204 (15.7379, 4.77936)
    1000 (24.4183, 4.45859) -> 1870 (22.5504, 4.15335)
    1001 (1.30666, 2.42359) -> 1005 (0.399563, 4.07184)
    1002 (15.0098, 24.3816) -> 1752 (13.3799, 24.0174)
    1003 (15.1326, 2.36523) -> 333 (13.8724, 1.04299)
    1004 (7.60139, 8.79948) -> 577 (6.25106, 7.32825)
    1005 (0.399563, 4.07184) -> 938 (0.495622, 5.98721)
    1006 (14.0035, 2.90648) -> 1911 (12.4074, 2.74372)
    1007 (16.1812, 12.8256) -> 1521 (16.8869, 14.6743)
    1008 (7.77426, 22.7602) -> 1988 (6.43492, 21.4792)
    1009 (4.41568, 4.1713) -> 1946 (2.60037, 4.84662)
    1010 (22.0798, 13.4715) -> 1354 (23.9696, 13.6563)
    1011 (21.4144, 21.6203) -> 1952 (21.8044, 23.0197)
    1012 (13.2225, 16.7128) -> 424 (13.5312, 18.6854)
    1013 (16.8288, 17.3193) -> 1519 (15.9296, 18.7223)
    1014 (18.7848, 5.66369) -> 999 (16.9135, 6.25042)
    1015 (22.9428, 24.4688) -> 1952 (21.8044, 23.0197)
    1016 (8.61796, 6.63133) -> 29 (6.92457, 5.71563)
    1017 (14.6356, 7.83883) -> 1912 (13.6384, 6.79587)
    1018 (14.0441, 18.7769) -> 1186 (13.8761, 20.6326)
    1019 (17.887, 1.21348) -> 1935 (16.2543, 1.39385)
    1020 (20.9154, 20.8167) -> 1986 (21.5402, 22.707)
    1021 (14.2531, 21.464) -> 1627 (12.4682, 22.3345)
    1022 (5.29948, 19.6644) -> 1638 (3.59782, 19.3848)
    1023 (2.99235, 20.2452) -> 710 (1.12626, 19.8856)
    1024 (21.7119, 1.74039) -> 1614 (20.0266, 0.904003)
    1025 (2.39154, 19.746) -> 1936 (1.16922, 18.2495)
    1026 (21.1282, 2.14601) -> 1614 (20.0266, 0.904003)
    1027 (1.78845, 24.445) -> 1392 (0.64787, 23.3175)
    1028 (11.0701, 8.5551) -> 1421 (9.36405, 7.52247)
    1029 (14.4621, 15.9042) -> 357 (15.0607, 17.5703)
    1030 (10.4979, 20.0335) -> 513 (9.29305, 21.51)
    1031 (7.98039, 3.09085) -> 232 (6.15273, 3.66804)
    1032 (22.6237, 22.7945) -> 1539 (21.9529, 24.0708)
    1033 (12.2485, 4.66312) -> 1323 (10.8653, 3.78718)
    1034 (12.0956, 16.3301) -> 1410 (12.3757, 18.2093)
    1035 (14.9217, 11.7346) -> 1658 (16.7429, 10.9238)
    1036 (12.2516, 9.16343) -> 681 (11.5709, 7.37463)
    1037 (24.9294, 0.700021) -> 1787 (23.2013, 1.70358)
    1038 (24.7303, 1.66759) -> 1787 (23.2013, 1.70358)
    1039 (14.6288, 14.6703) -> 1659 (16.5602, 14.9746)
    1040 (0.407094, 11.1552) -> 1 (1.04223, 13.0004)
    1041 (3.27903, 13.8036) -> 1780 (1.70797, 13.5926)
    1042 (20.8567, 22.6319) -> 1973 (19.2245, 23.7654)
    1043 (20.4367, 22.1476) -> 1978 (18.9929, 22.4485)
    1044 (0.888404, 3.65241) -> 616 (1.91281, 5.12674)
    1045 (16.343, 10.3175) -> 490 (16.079, 8.45252)
    1046 (21.6923, 14.3093) -> 447 (22.1771, 16.2344)
    1047 (11.7193, 18.4791) -> 1030 (10.4979, 20.0335)
    1048 (23.7593, 16.4537) -> 1327 (22.4626, 17.7841)
    1049 (13.8326, 19.3392) -> 1602 (11.8944, 19.6096)
    1050 (12.1355, 24.2049) -> 488 (10.4644, 24.9202)
    1051 (13.2124, 9.87708) -> 1285 (13.4927, 7.93464)
    1052 (17.296, 20.3986) -> 1366 (16.7725, 22.2334)
    1053 (21.8422, 1.83629) -> 1426 (20.1261, 1.50032)
    1054 (9.93238, 3.87109) -> 1609 (8.03966, 3.66608)
    1055 (2.98198, 14) -> 1435 (1.11876, 13.2984)
    1056 (13.5, 16.2198) -> 493 (14.3822, 17.7469)
    1057 (7.78113, 20.3708) -> 1664 (5.93088, 19.6824)
    1058 (20.3506, 8.44337) -> 1633 (21.7382, 7.61428)
    1059 (23.7952, 21.5346) -> 1872 (22.5209, 20.6094)
    1060 (1.66687, 1.39452) -> 401 (0.451613, 2.08369)
    1061 (18.0921, 6.72553) -> 1376 (16.2262, 6.31856)
    1062 (15.1427, 17.2606) -> 1919 (15.2801, 18.8439)
    1063 (2.9161, 12.4202) -> 1 (1.04223, 13.0004)
    1064 (2.26618, 5.7635) -> 662 (2.08386, 7.50009)
    1065 (6.68246, 17.7602) -> 656 (5.13581, 18.5709)
    1066 (20.1379, 9.25042) -> 1404 (19.1777, 7.6528)
    1067 (15.8102, 3.8573) -> 1279 (15.0434, 2.10838)
    1068 (17.8313, 3.34488) -> 1106 (17.5922, 1.60462)
    1069 (13.34, 4.82192) -> 989 (11.8879, 3.73118)
    1070 (14.7075, 18.2566) -> 745 (14.25, 20.1993)
    1071 (23.2504, 17.3679) -> 1192 (22.542, 19.0601)
    1072 (19.74, 1.00803) -> 1811 (18.4416, 1.12129)
    1073 (22.5289, 7.69011) -> 1983 (21.7467, 5.85856)
    1074 (22.0948, 21.2017) -> 1986 (21.5402, 22.707)
    1075 (17.3588, 1.17209) -> 1223 (15.6248, 0.906746)
    1076 (16.6827, 9.82714) -> 1933 (17.0889, 7.99836)
    1077 (19.8457, 7.19252) -> 1905 (19.5855, 5.979)
    1078 (3.20024, 11.2937) -> 1344 (1.97694, 12.7838)
    1079 (4.81441, 15.3734) -> 466 (3.43043, 16.4526)
    1080 (1.62897, 2.61512) -> 1005 (0.399563, 4.07184)
    1081 (21.2524, 20.2324) -> 125 (19.4301, 20.8632)
    1082 (15.3459, 24.9567) -> 1778 (13.9908, 23.8967)
    1083 (21.8419, 14.6812) -> 1317 (21.7169, 16.648)
    1084 (5.41167, 24.8924) -> 1910 (3.73176, 24.1404)
    1085 (21.6346, 15.9449) -> 412 (20.8425, 17.703)
    1086 (2.286, 12.7416) -> 1527 (0.771001, 13.6009)
    1087 (13.824, 3.1899) -> 1911 (12.4074, 2.74372)
    1088 (23.3934, 12.7415) -> 1248 (22.7163, 14.5659)
    1089 (15.3193, 10.2425) -> 1970 (15.8495, 8.68123)
    1090 (1.02352, 0.627551) -> 1001 (1.30666, 2.42359)
    1091 (22.8528, 11.8491) -> 1600 (22.3618, 13.5789)
    1092 (14.5651, 7.40621) -> 1368 (14.7883, 5.50405)
    1093 (11.5924, 4.35739) -> 634 (9.83909, 3.75892)
    1094 (19.9922, 10.3505) -> 1890 (20.1839, 8.58331)
    1095 (19.9785, 13.0368) -> 1733 (19.6617, 14.3808)
    1096 (14.1563, 5.07108) -> 1995 (13.266, 3.99572)
    1097 (22.9956, 18.4013) -> 156 (23.0661, 19.883)
    1098 (7.44621, 13.1197) -> 1585 (5.53307, 13.052)
    1099 (17.105, 24.619) -> 1747 (15.5579, 24.8597)
    1100 (5.54978, 8.48786) -> 568 (4.07, 9.63919)
    1101 (0.116647, 6.84398) -> 315 (1.41658, 7.85519)
    1102 (10.6013, 23.2929) -> 1805 (9.01517, 22.1941)
    1103 (14.3131, 2.12114) -> 571 (12.6659, 1.02614)
    1104 (1.74399, 23.4466) -> 761 (1.26917, 21.6244)
    1105 (18.487, 5.125) -> 1941 (16.5939, 4.5039)
    1106 (17.5922, 1.60462) -> 166 (15.6688, 1.23667)
    1107 (18.655, 8.89864) -> 798 (18.963, 7.01109)
    1108 (5.13346, 10.4496) -> 1161 (3.43941, 10.8999)
    1109 (11.604, 24.5723) -> 1302 (9.74046, 24.4083)
    1110 (16.5622, 11.2897) -> 1737 (16.5578, 9.69124)
    1111 (4.02018, 2.67371) -> 168 (2.81961, 3.8529)
    1112 (4.79544, 3.02284) -> 974 (4.1331, 4.71106)
    1113 (9.35356, 8.89687) -> 1795 (8.18569, 7.31502)
    1114 (15.2311, 1.63859) -> 1291 (13.3598, 1.39712)
    1115 (2.13184, 4.56087) -> 1132 (2.15189, 6.41873)
    1116 (9.62856, 22.9698) -> 1765 (7.94744, 21.8932)
    1117 (3.6025, 18.1521) -> 1686 (1.77715, 18.5754)
    1118 (24.9426, 5.56016) -> 670 (24.1237, 3.86107)
    1119 (7.45603, 24.3991) -> 1767 (6.29199, 23.2939)
    1120 (0.630173, 17.0071) -> 1877 (1.74628, 15.9028)
    1121 (18.8581, 2.59024) -> 1811 (18.4416, 1.12129)
    1122 (13.0308, 23.7668) -> 1688 (11.1859, 24.4026)
    1123 (5.48915, 2.42857) -> 1701 (3.76816, 3.02334)
    1124 (5.59081, 21.9515) -> 269 (4.41395, 21.0257)
    1125 (24.9385, 0.628812) -> 1820 (24.0646, 1.61863)
    1126 (23.7313, 13.8051) -> 423 (23.7149, 15.6255)
    1127 (23.3725, 7.59413) -> 1533 (22.4223, 5.95975)
    1128 (10.4638, 1.87257) -> 243 (8.70524, 1.21473)
    1129 (18.0974, 24.1548) -> 1882 (16.8479, 23.7171)
    1130 (12.1977, 8.74306) -> 704 (11.2693, 7.06272)
    1131 (21.2235, 13.9882) -> 1085 (21.6346, 15.9449)
    1132 (2.15189, 6.41873) -> 315 (1.41658, 7.85519)
    1133 (24.5756, 11.83) -> 1354 (23.9696, 13.6563)
    1134 (3.97533, 1.5567) -> 1842 (3.6505, 3.36339)
    1135 (19.0162, 7.06142) -> 1485 (17.6812, 6.18247)
    1136 (7.03113, 12.7687) -> 1157 (5.24358, 13.3371)
    1137 (11.6441, 19.2701) -> 496 (10.403, 20.6303)
    1138 (19.4268, 18.3426) -> 1583 (18.2045, 19.6735)
    1139 (1.55686, 18.9229) -> 394 (0.0609098, 17.9055)
    1140 (3.57307, 16.0041) -> 1924 (2.84037, 14.4789)
    1141 (20.0119, 22.2727) -> 1973 (19.2245, 23.7654)
    1142 (14.8253, 17.4879) -> 1791 (15.2837, 19.281)
    1143 (14.8633, 24.8319) -> 1208 (13.1038, 24.0256)
    1144 (1.62449, 19.5656) -> 126 (0.514987, 18.1193)
    1145 (15.3045, 6.91425) -> 617 (14.5977, 5.16881)
    1146 (20.763, 0.749395) -> 1714 (19.8318, 2.36418)
    1147 (22.8676, 15.911) -> 1327 (22.4626, 17.7841)
    1148 (14.8862, 11.8372) -> 1461 (15.4952, 10.2216)
    1149 (12.073, 22.2935) -> 1719 (10.498, 23.3499)
    1150 (3.83706, 11.4002) -> 1799 (2.02604, 11.9777)
    1151 (13.4355, 7.64282) -> 533 (12.8493, 6.14588)
    1152 (9.95651, 2.43099) -> 1822 (9.30549, 3.99691)
    1153 (19.7871, 8.10932) -> 816 (18.1172, 7.05632)
    1154 (11.0155, 16.6849) -> 1047 (11.7193, 18.4791)
    1155 (8.81336, 0.38244) -> 1964 (7.72675, 1.91063)
    1156 (1.39836, 7.57542) -> 1943 (1.00578, 9.2772)
    1157 (5.24358, 13.3371) -> 1611 (3.80251, 14.2418)
    1158 (21.6235, 1.18491) -> 1917 (19.8103, 0.583999)
    1159 (2.84554, 5.45805) -> 967 (2.29807, 7.2745)
    1160 (14.5955, 13.0119) -> 209 (16.1272, 14.0029)
    1161 (3.43941, 10.8999) -> 511 (1.72326, 11.1926)
    1162 (20.2184, 19.9525) -> 1895 (18.4711, 20.8572)
    1163 (15.4463, 11.5433) -> 49 (16.2141, 10.1313)
    1164 (24.8652, 9.65425) -> 1436 (24.1346, 8.14278)
    1165 (1.00382, 9.93849) -> 1040 (0.407094, 11.1552)
    1166 (21.4329, 18.7721) -> 1782 (19.6701, 19.1087)
    1167 (6.85751, 18.93) -> 656 (5.13581, 18.5709)
    1168 (24.5336, 2.82423) -> 1820 (24.0646, 1.61863)
    1169 (7.03327, 13.2241) -> 1211 (5.25372, 12.6061)
    1170 (5.03644, 6.22991) -> 1926 (3.24455, 5.85959)
    1171 (23.998, 19.2329) -> 1951 (23.5458, 20.8228)
    1172 (13.4976, 6.83228) -> 663 (13.5185, 4.85125)
    1173 (22.5795, 22.6811) -> 1539 (21.9529, 24.0708)
    1174 (6.25674, 16.3694) -> 235 (4.32694, 16.6634)
    1175 (2.2179, 10.1726) -> 264 (2.29676, 12.0876)
    1176 (9.95777, 8.99151) -> 684 (8.26326, 8.37135)
    1177 (20.4817, 19.9412) -> 834 (19.8648, 21.7907)
    1178 (14.6684, 3.15029) -> 1892 (13.1183, 2.39987)
    1179 (1.68946, 14.3533) -> 0 (1, 15)
    1180 (11.7509, 17.0398) -> 1958 (11.4078, 19.0098)
    1181 (17.2586, 23.5121) -> 585 (15.4631, 23.7968)
    1182 (15.1217, 3.05597) -> 145 (13.995, 1.63082)
    1183 (21.6332, 22.098) -> 1539 (21.9529, 24.0708)
    1184 (16.1265, 11.5647) -> 1737 (16.5578, 9.69124)
    1185 (20.608, 0.211377) -> 439 (19.4701, 1.38046)
    1186 (13.8761, 20.6326) -> 36 (12.0696, 21.0014)
    1187 (20.535, 13.5231) -> 84 (19.4827, 15.2056)
    1188 (10.691, 22.2553) -> 1874 (9.15987, 23.0904)
    1189 (10.6327, 23.785) -> 698 (8.76817, 24.1512)
    1190 (12.5898, 19.9878) -> 1847 (11.2176, 21.2551)
    1191 (5.66507, 16.7341) -> 226 (3.84278, 16.1042)
    1192 (22.542, 19.0601) -> 1872 (22.5209, 20.6094)
    1193 (13.8306, 1.41697) -> 248 (11.9331, 1.49768)
    1194 (11.3609, 7.32157) -> 1817 (9.59108, 6.76483)
    1195 (3.90835, 2.55601) -> 168 (2.81961, 3.8529)
    1196 (11.3701, 3.05636) -> 1886 (9.50956, 2.86949)
    1197 (6.76179, 17.5671) -> 656 (5.13581, 18.5709)
    1198 (23.9727, 11.9943) -> 1126 (23.7313, 13.8051)
    1199 (4.66666, 12.1841) -> 932 (2.80359, 12.6384)
    1200 (2.14942, 20.8539) -> 1286 (0.923999, 20.0314)
    1201 (8.13745, 18.4267) -> 1744 (6.78007, 19.3726)
    1202 (4.18022, 17.4812) -> 1690 (3.23619, 15.8854)
    1203 (22.8208, 15.9609) -> 1849 (21.4162, 17.3534)
    1204 (7.82653, 15.683) -> 108 (6.26328, 16.7249)
    1205 (23.99, 17.9331) -> 1192 (22.542, 19.0601)
    1206 (11.8671, 23.1198) -> 1667 (10.7101, 24.5899)
    1207 (2.79007, 18.1256) -> 1547 (1.48076, 16.8262)
    1208 (13.1038, 24.0256) -> 1593 (11.4917, 24.3734)
    1209 (19.6347, 1.36419) -> 1987 (17.9803, 1.48667)
    1210 (21.5851, 16.9105) -> 1815 (20.0897, 18.0154)
    1211 (5.25372, 12.6061) -> 903 (3.36004, 12.6319)
    1212 (15.8011, 20.4763) -> 1021 (14.2531, 21.464)
    1213 (18.5045, 21.2574) -> 1366 (16.7725, 22.2334)
    1214 (5.0317, 12.3981) -> 903 (3.36004, 12.6319)
    1215 (1.67011, 22.8818) -> 1771 (0.606049, 21.7374)
    1216 (15.1692, 7.46107) -> 1368 (14.7883, 5.50405)
    1217 (13.2512, 23.4794) -> 78 (11.4365, 22.8791)
    1218 (5.6536, 13.6322) -> 1611 (3.80251, 14.2418)
    1219 (13.1962, 4.29802) -> 989 (11.8879, 3.73118)
    1220 (9.50285, 7.93279) -> 1966 (7.99941, 6.99552)
    1221 (18.0184, 14.1067) -> 861 (19.3157, 15.1714)
    1222 (4.12413, 16.1697) -> 887 (2.86831, 14.7481)
    1223 (15.6248, 0.906746) -> 333 (13.8724, 1.04299)
    1224 (13.1096, 2.97263) -> 1591 (11.2102, 2.64408)
    1225 (22.2427, 24.4458) -> 1545 (20.2747, 24.1113)
    1226 (18.191, 21.3298) -> 480 (17.2118, 22.8956)
    1227 (7.73656, 1.50446) -> 804 (5.87747, 2.09461)
    1228 (19.3866, 24.0801) -> 1978 (18.9929, 22.4485)
    1229 (2.60154, 16.53) -> 887 (2.86831, 14.7481)
    1230 (10.8346, 17.083) -> 727 (8.86249, 17.3631)
    1231 (22.5649, 5.17089) -> 1921 (20.9527, 4.19538)
    1232 (23.333, 5.46037) -> 51 (22.2965, 4.40842)
    1233 (18.4754, 23.8209) -> 1859 (17.0597, 24.0602)
    1234 (14.6545, 21.4205) -> 1896 (13.02, 22.5387)
    1235 (24.4841, 19.3316) -> 1951 (23.5458, 20.8228)
    1236 (0.284379, 10.284) -> 511 (1.72326, 11.1926)
    1237 (19.1975, 5.16974) -> 1777 (19.4772, 3.44408)
    1238 (15.0532, 13.7865) -> 1659 (16.5602, 14.9746)
    1239 (23.6556, 11.9591) -> 1126 (23.7313, 13.8051)
    1240 (23.5618, 3.99424) -> 755 (22.8359, 2.46755)
    1241 (21.3149, 4.51937) -> 582 (19.6513, 4.06068)
    1242 (24.6681, 19.1604) -> 156 (23.0661, 19.883)
    1243 (17.5191, 10.9074) -> 1656 (17.3791, 8.95171)
    1244 (7.84836, 10.3112) -> 531 (6.01145, 9.53224)
    1245 (23.0369, 14.3092) -> 1860 (22.6137, 16.2441)
    1246 (6.94197, 9.58932) -> 303 (5.11122, 10.2037)
    1247 (20.4439, 5.65386) -> 582 (19.6513, 4.06068)
    1248 (22.7163, 14.5659) -> 1860 (22.6137, 16.2441)
    1249 (14.5539, 20.7027) -> 1471 (12.9879, 21.8937)
    1250 (3.47749, 11.1807) -> 511 (1.72326, 11.1926)
    1251 (1.98059, 20.6968) -> 470 (1.59245, 19.0287)
    1252 (15.9601, 19.2212) -> 745 (14.25, 20.1993)
    1253 (5.68327, 21.1009) -> 1766 (4.02007, 20.2379)
    1254 (22.5284, 9.91362) -> 1996 (22.8718, 8.04658)
    1255 (6.75749, 12.0102) -> 249 (5.18194, 10.7912)
    1256 (4.85033, 18.9778) -> 1692 (3.64629, 17.5802)
    1257 (6.38183, 21.9973) -> 11 (5.27492, 20.4978)
    1258 (17.6516, 20.163) -> 1544 (17.2137, 22.0003)
    1259 (24.7031, 15.8229) -> 1962 (23.5236, 17.2663)
    1260 (8.47862, 0.119536) -> 1809 (6.75932, 1.13441)
    1261 (4.56699, 16.3586) -> 2 (2.76234, 15.9456)
    1262 (8.09231, 20.3823) -> 1988 (6.43492, 21.4792)
    1263 (23.0626, 18.763) -> 1872 (22.5209, 20.6094)
    1264 (19.7658, 13.7666) -> 861 (19.3157, 15.1714)
    1265 (19.7491, 4.64139) -> 668 (18.5475, 3.12463)
    1266 (9.46724, 9.07662) -> 958 (7.95907, 8.00645)
    1267 (2.49695, 19.963) -> 1686 (1.77715, 18.5754)
    1268 (5.47325, 23.0467) -> 588 (4.45048, 21.3543)
    1269 (22.6415, 7.06483) -> 1983 (21.7467, 5.85856)
    1270 (8.33853, 18.6682) -> 1744 (6.78007, 19.3726)
    1271 (23.3776, 11.9578) -> 1600 (22.3618, 13.5789)
    1272 (23.9146, 10.467) -> 1800 (22.9606, 8.82471)
    1273 (15.0677, 24.7295) -> 482 (13.4429, 24.2661)
    1274 (18.0714, 4.66157) -> 1779 (16.9674, 3.48111)
    1275 (7.8237, 5.14164) -> 1831 (6.54055, 6.45351)
    1276 (12.9252, 0.63817) -> 622 (11.0747, 0.408255)
    1277 (14.7456, 16.269) -> 1070 (14.7075, 18.2566)
    1278 (6.54368, 20.592) -> 1467 (4.83161, 19.7129)
    1279 (15.0434, 2.10838) -> 1418 (13.1882, 1.71742)
    1280 (18.0693, 22.4193) -> 1859 (17.0597, 24.0602)
    1281 (11.7417, 18.0445) -> 707 (11.2111, 19.7082)
    1282 (14.5317, 12.8819) -> 23 (16.2071, 13.9357)
    1283 (4.23014, 13.0066) -> 746 (2.48844, 13.895)
    1284 (5.44925, 8.68308) -> 72 (3.75141, 9.52272)
    1285 (13.4927, 7.93464) -> 533 (12.8493, 6.14588)
    1286 (0.923999, 20.0314) -> 126 (0.514987, 18.1193)
    1287 (9.74303, 4.16288) -> 1609 (8.03966, 3.66608)
    1288 (18.3507, 18.687) -> 1647 (17.0343, 19.9827)
    1289 (15.6294, 3.94013) -> 1586 (14.5746, 2.25941)
    1290 (8.83179, 1.33091) -> 956 (7.15419, 0.985672)
    1291 (13.3598, 1.39712) -> 1740 (11.7548, 1.79735)
    1292 (16.5359, 15.7686) -> 794 (16.8447, 17.5365)
    1293 (24.7799, 24.9933) -> 1869 (23.0462, 24.4709)
    1294 (20.9048, 8.6648) -> 1633 (21.7382, 7.61428)
    1295 (15.9688, 22.74) -> 1620 (14.5123, 23.031)
    1296 (17.332, 10.5134) -> 841 (18.4124, 9.28113)
    1297 (7.83791, 17.1932) -> 718 (5.9142, 16.9347)
    1298 (11.1082, 24.2178) -> 1116 (9.62856, 22.9698)
    1299 (9.9185, 4.39556) -> 1558 (8.03724, 4.09355)
    1300 (4.98275, 2.32355) -> 1842 (3.6505, 3.36339)
    1301 (21.7046, 11.262) -> 1697 (22.1596, 9.53823)
    1302 (9.74046, 24.4083) -> 1803 (7.90326, 24.8646)
    1303 (6.95011, 13.3106) -> 1434 (5.26224, 14.3168)
    1304 (3.81679, 24.0323) -> 1887 (2.20968, 23.3191)
    1305 (15.1221, 21.6711) -> 1620 (14.5123, 23.031)
    1306 (4.62733, 0.562664) -> 1784 (3.42491, 0.954526)
    1307 (10.9364, 24.0845) -> 1116 (9.62856, 22.9698)
    1308 (21.3213, 12.021) -> 1131 (21.2235, 13.9882)
    1309 (9.25771, 8.03101) -> 483 (7.43407, 7.39472)
    1310 (14.5717, 9.36997) -> 1285 (13.4927, 7.93464)
    1311 (13.5549, 18.9019) -> 1602 (11.8944, 19.6096)
    1312 (12.0348, 20.7309) -> 749 (10.5328, 22.0369)
    1313 (17.7647, 23.6586) -> 1383 (15.8959, 24.2941)
    1314 (21.1752, 20.4478) -> 831 (20.2819, 22.014)
    1315 (12.349, 18.093) -> 707 (11.2111, 19.7082)
    1316 (15.6011, 13.2742) -> 1659 (16.5602, 14.9746)
    1317 (21.7169, 16.648) -> 159 (22.0072, 18.4886)
    1318 (18.0262, 20.2438) -> 1834 (16.1576, 20.7994)
    1319 (22.9363, 16.5818) -> 1915 (22.3162, 18.3568)
    1320 (14.9145, 11.7653) -> 1461 (15.4952, 10.2216)
    1321 (9.35866, 2.6047) -> 1227 (7.73656, 1.50446)
    1322 (15.1863, 11.1938) -> 1923 (16.9236, 10.6483)
    1323 (10.8653, 3.78718) -> 1822 (9.30549, 3.99691)
    1324 (0.532744, 24.262) -> 1887 (2.20968, 23.3191)
    1325 (12.8806, 6.25405) -> 1033 (12.2485, 4.66312)
    1326 (18.5981, 17.7083) -> 1674 (18.3344, 19.4247)
    1327 (22.4626, 17.7841) -> 1635 (21.1523, 19.2811)
    1328 (19.488, 9.12397) -> 1596 (20.3929, 7.36491)
    1329 (12.837, 2.25402) -> 1865 (11.0635, 2.01949)
    1330 (21.6143, 18.2449) -> 1694 (21.101, 19.7923)
    1331 (8.69731, 4.32217) -> 1669 (7.12033, 4.54662)
    1332 (19.2826, 12.6434) -> 1733 (19.6617, 14.3808)
    1333 (1.36863, 12.9872) -> 685 (0.136855, 13.3877)
    1334 (15.6846, 9.40201) -> 1933 (17.0889, 7.99836)
    1335 (17.7861, 24.9971) -> 1882 (16.8479, 23.7171)
    1336 (4.34699, 12.6653) -> 1447 (2.63288, 13.6935)
    1337 (4.49536, 15.7284) -> 2 (2.76234, 15.9456)
    1338 (14.1306, 16.842) -> 1018 (14.0441, 18.7769)
    1339 (4.32431, 7.52455) -> 208 (2.4168, 7.65619)
    1340 (5.15947, 16.8178) -> 466 (3.43043, 16.4526)
    1341 (5.83542, 19.7277) -> 4 (4.29937, 18.7518)
    1342 (24.0282, 10.8744) -> 1088 (23.3934, 12.7415)
    1343 (13.174, 7.20268) -> 704 (11.2693, 7.06272)
    1344 (1.97694, 12.7838) -> 685 (0.136855, 13.3877)
    1345 (0.150079, 14.8948) -> 0 (1, 15)
    1346 (21.5835, 5.94888) -> 1921 (20.9527, 4.19538)
    1347 (7.2553, 14.6585) -> 456 (6.03783, 16.1975)
    1348 (2.13393, 0.943697) -> 1001 (1.30666, 2.42359)
    1349 (13.743, 24.7157) -> 721 (12.2463, 24.7151)
    1350 (14.7862, 14.7775) -> 1534 (15.0107, 16.7266)
    1351 (23.5958, 10.7191) -> 1800 (22.9606, 8.82471)
    1352 (9.75867, 6.77322) -> 960 (7.80993, 6.48135)
    1353 (16.4572, 2.70543) -> 1586 (14.5746, 2.25941)
    1354 (23.9696, 13.6563) -> 423 (23.7149, 15.6255)
    1355 (2.82701, 24.4409) -> 1937 (1.16517, 23.6676)
    1356 (5.35714, 4.21618) -> 587 (4.21591, 5.36855)
    1357 (24.4625, 3.40962) -> 1820 (24.0646, 1.61863)
    1358 (4.41211, 5.5257) -> 1451 (2.90074, 6.76017)
    1359 (20.8056, 20.9407) -> 1986 (21.5402, 22.707)
    1360 (16.8495, 22.9391) -> 553 (15.6418, 24.1054)
    1361 (1.85857, 9.79539) -> 1040 (0.407094, 11.1552)
    1362 (23.8107, 5.21087) -> 1870 (22.5504, 4.15335)
    1363 (17.049, 11.6121) -> 1737 (16.5578, 9.69124)
    1364 (12.903, 9.48563) -> 1851 (12.5299, 7.52948)
    1365 (8.53152, 22.4857) -> 436 (7.91487, 20.7067)
    1366 (16.7725, 22.2334) -> 384 (15.4159, 23.4598)
    1367 (0.183779, 15.3327) -> 685 (0.136855, 13.3877)
    1368 (14.7883, 5.50405) -> 1578 (13.172, 4.6383)
    1369 (14.6801, 6.57044) -> 533 (12.8493, 6.14588)
    1370 (17.0248, 21.3376) -> 1295 (15.9688, 22.74)
    1371 (4.53995, 6.03267) -> 1451 (2.90074, 6.76017)
    1372 (22.4373, 8.31856) -> 167 (20.8016, 7.17939)
    1373 (11.9379, 23.6535) -> 488 (10.4644, 24.9202)
    1374 (1.24005, 4.91544) -> 714 (0.0249681, 6.15863)
    1375 (22.6122, 17.5806) -> 1998 (22.1606, 19.2452)
    1376 (16.2262, 6.31856) -> 81 (15.0631, 4.91412)
    1377 (19.6384, 10.8244) -> 1473 (19.3119, 8.91758)
    1378 (5.63121, 23.5683) -> 1304 (3.81679, 24.0323)
    1379 (1.64043, 13.7153) -> 0 (1, 15)
    1380 (16.6494, 19.9029) -> 65 (15.7293, 21.5468)
    1381 (2.03983, 0.0153706) -> 1716 (0.576313, 0.630767)
    1382 (0.52336, 12.0991) -> 685 (0.136855, 13.3877)
    1383 (15.8959, 24.2941) -> 161 (13.9355, 24.1946)
    1384 (17.8908, 12.1453) -> 38 (19.4643, 13.3645)
    1385 (6.50284, 18.6255) -> 75 (4.59309, 18.1765)
    1386 (23.2172, 15.57) -> 1071 (23.2504, 17.3679)
    1387 (24.8442, 16.5143) -> 1205 (23.99, 17.9331)
    1388 (13.8985, 10.0225) -> 1913 (14.401, 8.44648)
    1389 (12.8242, 8.80883) -> 1776 (11.9087, 7.07973)
    1390 (24.0001, 24.7187) -> 1726 (23.4263, 23.5006)
    1391 (2.30227, 4.49477) -> 1132 (2.15189, 6.41873)
    1392 (0.64787, 23.3175) -> 984 (1.41814, 21.7493)
    1393 (6.71173, 17.0794) -> 855 (5.03976, 17.8109)
    1394 (3.28132, 24.8161) -> 1561 (1.77518, 23.6317)
    1395 (10.393, 0.620332) -> 1260 (8.47862, 0.119536)
    1396 (13.5227, 9.54556) -> 1151 (13.4355, 7.64282)
    1397 (6.24661, 16.3193) -> 235 (4.32694, 16.6634)
    1398 (21.1314, 7.26596) -> 1928 (20.8919, 5.77854)
    1399 (22.5912, 23.823) -> 1986 (21.5402, 22.707)
    1400 (6.94205, 23.8725) -> 1268 (5.47325, 23.0467)
    1401 (17.4948, 6.53091) -> 1846 (15.8155, 5.63845)
    1402 (16.8227, 11.3382) -> 1737 (16.5578, 9.69124)
    1403 (5.42875, 19.8023) -> 1638 (3.59782, 19.3848)
    1404 (19.1777, 7.6528) -> 1905 (19.5855, 5.979)
    1405 (20.2462, 5.82541) -> 667 (19.1874, 4.47291)
    1406 (15.6868, 4.01145) -> 829 (13.878, 4.48652)
    1407 (19.8405, 17.887) -> 212 (18.8358, 19.4644)
    1408 (3.66422, 20.4318) -> 1977 (2.89362, 19.3957)
    1409 (9.4462, 6.53594) -> 731 (7.81971, 5.87917)
    1410 (12.3757, 18.2093) -> 707 (11.2111, 19.7082)
    1411 (21.8891, 2.16757) -> 1426 (20.1261, 1.50032)
    1412 (17.2593, 20.9241) -> 480 (17.2118, 22.8956)
    1413 (14.3917, 18.7057) -> 1186 (13.8761, 20.6326)
    1414 (14.5503, 7.84849) -> 1717 (14.8052, 6.51704)
    1415 (14.0303, 21.6782) -> 1855 (12.4027, 22.508)
    1416 (3.07799, 22.3093) -> 984 (1.41814, 21.7493)
    1417 (8.63562, 2.25578) -> 1460 (7.21695, 1.08179)
    1418 (13.1882, 1.71742) -> 562 (11.4495, 2.56534)
    1419 (2.3598, 14.6958) -> 0 (1, 15)
    1420 (10.3731, 6.20744) -> 1760 (9.0812, 4.87906)
    1421 (9.36405, 7.52247) -> 483 (7.43407, 7.39472)
    1422 (24.3247, 20.1908) -> 1940 (22.9138, 21.1599)
    1423 (3.25452, 8.51757) -> 1361 (1.85857, 9.79539)
    1424 (9.11457, 18.7939) -> 1980 (7.41791, 18.2285)
    1425 (0.411894, 12.0481) -> 685 (0.136855, 13.3877)
    1426 (20.1261, 1.50032) -> 1811 (18.4416, 1.12129)
    1427 (16.6556, 14.0902) -> 504 (16.9745, 15.9729)
    1428 (24.4379, 8.18435) -> 102 (24.8653, 6.28441)
    1429 (16.7004, 2.56547) -> 1279 (15.0434, 2.10838)
    1430 (9.17988, 20.461) -> 1879 (7.56098, 21.3002)
    1431 (10.3586, 3.91856) -> 1331 (8.69731, 4.32217)
    1432 (14.1296, 15.1588) -> 1534 (15.0107, 16.7266)
    1433 (3.33946, 0.569147) -> 1060 (1.66687, 1.39452)
    1434 (5.26224, 14.3168) -> 916 (3.35206, 13.9907)
    1435 (1.11876, 13.2984) -> 0 (1, 15)
    1436 (24.1346, 8.14278) -> 1984 (22.4877, 7.27207)
    1437 (15.5395, 4.06123) -> 1006 (14.0035, 2.90648)
    1438 (18.5308, 0.831894) -> 535 (16.7698, 1.71338)
    1439 (21.1493, 2.65369) -> 1741 (19.8091, 1.40323)
    1440 (15.3786, 15.4365) -> 1062 (15.1427, 17.2606)
    1441 (7.59431, 22.4707) -> 1988 (6.43492, 21.4792)
    1442 (13.7757, 6.58759) -> 1069 (13.34, 4.82192)
    1443 (20.8477, 24.8542) -> 1743 (18.9291, 24.3659)
    1444 (22.3854, 11.3891) -> 1697 (22.1596, 9.53823)
    1445 (21.4332, 3.26644) -> 1777 (19.4772, 3.44408)
    1446 (5.28209, 24.1072) -> 751 (3.67667, 23.1282)
    1447 (2.63288, 13.6935) -> 1 (1.04223, 13.0004)
    1448 (14.3743, 2.11713) -> 473 (12.6404, 2.89003)
    1449 (10.5253, 21.1685) -> 1805 (9.01517, 22.1941)
    1450 (13.3179, 21.5063) -> 601 (11.742, 22.1482)
    1451 (2.90074, 6.76017) -> 315 (1.41658, 7.85519)
    1452 (1.60709, 2.76148) -> 1005 (0.399563, 4.07184)
    1453 (7.18268, 15.9669) -> 1191 (5.66507, 16.7341)
    1454 (22.606, 22.7821) -> 1539 (21.9529, 24.0708)
    1455 (23.2145, 5.18355) -> 88 (22.8065, 3.28961)
    1456 (0.0846936, 18.2502) -> 1547 (1.48076, 16.8262)
    1457 (17.4628, 17.8428) -> 1583 (18.2045, 19.6735)
    1458 (4.39451, 1.41821) -> 1701 (3.76816, 3.02334)
    1459 (10.9172, 6.93293) -> 313 (9.07214, 6.44952)
    1460 (7.21695, 1.08179) -> 963 (5.58586, 2.01092)
    1461 (15.4952, 10.2216) -> 1970 (15.8495, 8.68123)
    1462 (21.9005, 7.90461) -> 233 (22.0097, 6.11577)
    1463 (0.926325, 15.0168) -> 685 (0.136855, 13.3877)
    1464 (17.9043, 21.4289) -> 1360 (16.8495, 22.9391)
    1465 (1.47592, 22.9812) -> 699 (2.26626, 21.2284)
    1466 (0.253224, 19.1901) -> 1686 (1.77715, 18.5754)
    1467 (4.83161, 19.7129) -> 1977 (2.89362, 19.3957)
    1468 (21.5042, 18.6395) -> 1782 (19.6701, 19.1087)
    1469 (13.0233, 17.1996) -> 569 (11.7357, 18.697)
    1470 (21.9896, 12.1835) -> 1850 (20.996, 13.9167)
    1471 (12.9879, 21.8937) -> 377 (11.0906, 22.0169)
    1472 (2.87461, 16.1711) -> 1547 (1.48076, 16.8262)
    1473 (19.3119, 8.91758) -> 1843 (18.2783, 7.3392)
    1474 (1.96024, 1.11628) -> 401 (0.451613, 2.08369)
    1475 (20.2114, 11.2547) -> 1604 (20.3685, 9.3404)
    1476 (21.2221, 7.11716) -> 1905 (19.5855, 5.979)
    1477 (0.561243, 6.30212) -> 79 (0.851691, 8.19624)
    1478 (20.3563, 6.86683) -> 1905 (19.5855, 5.979)
    1479 (8.05336, 4.66087) -> 32 (6.28859, 4.52275)
    1480 (6.15762, 3.38672) -> 1009 (4.41568, 4.1713)
    1481 (21.2356, 6.52128) -> 1905 (19.5855, 5.979)
    1482 (24.0603, 24.1194) -> 1225 (22.2427, 24.4458)
    1483 (16.1231, 16.1137) -> 615 (15.9995, 17.7746)
    1484 (17.2105, 18.5299) -> 369 (16.4396, 20.0862)
    1485 (17.6812, 6.18247) -> 1941 (16.5939, 4.5039)
    1486 (20.5749, 6.10793) -> 1265 (19.7491, 4.64139)
    1487 (20.5633, 2.22967) -> 1650 (18.7282, 1.82073)
    1488 (16.4028, 14.354) -> 502 (17.2166, 16.1246)
    1489 (7.04678, 10.0671) -> 303 (5.11122, 10.2037)
    1490 (19.0768, 24.449) -> 1099 (17.105, 24.619)
    1491 (15.6402, 23.0678) -> 1778 (13.9908, 23.8967)
    1492 (15.0547, 6.42218) -> 81 (15.0631, 4.91412)
    1493 (13.4203, 23.0374) -> 78 (11.4365, 22.8791)
    1494 (6.1292, 1.29988) -> 1920 (4.17552, 1.37285)
    1495 (13.9785, 0.293299) -> 1878 (12.0513, 0.290082)
    1496 (6.77134, 21.0927) -> 11 (5.27492, 20.4978)
    1497 (22.7489, 16.2062) -> 1849 (21.4162, 17.3534)
    1498 (23.8314, 22.2828) -> 177 (22.0779, 22.5762)
    1499 (21.4873, 13.013) -> 1083 (21.8419, 14.6812)
    1500 (22.313, 13.5754) -> 381 (22.2019, 15.2025)
    1501 (5.247, 0.536056) -> 1784 (3.42491, 0.954526)
    1502 (20.0798, 21.9919) -> 1973 (19.2245, 23.7654)
    1503 (15.535, 10.7368) -> 1901 (16.3593, 9.08806)
    1504 (16.0338, 6.43165) -> 81 (15.0631, 4.91412)
    1505 (2.57857, 13.6965) -> 1 (1.04223, 13.0004)
    1506 (2.38862, 20.5345) -> 1286 (0.923999, 20.0314)
    1507 (1.97242, 24.4493) -> 1392 (0.64787, 23.3175)
    1508 (4.35629, 2.45269) -> 1523 (4.28538, 4.20428)
    1509 (16.7141, 12.9813) -> 273 (17.4948, 14.687)
    1510 (18.8179, 1.25691) -> 1797 (17.1097, 0.703351)
    1511 (3.11646, 9.32625) -> 238 (1.57564, 10.0708)
    1512 (3.66003, 11.8091) -> 1344 (1.97694, 12.7838)
    1513 (8.77398, 7.84364) -> 19 (6.89911, 7.71547)
    1514 (8.90397, 20.0271) -> 1731 (7.09995, 19.2289)
    1515 (24.1317, 18.0096) -> 1192 (22.542, 19.0601)
    1516 (7.83367, 8.23036) -> 577 (6.25106, 7.32825)
    1517 (4.81244, 1.17713) -> 1801 (4.27442, 2.70961)
    1518 (13.8057, 21.0982) -> 1855 (12.4027, 22.508)
    1519 (15.9296, 18.7223) -> 559 (14.5908, 20.1965)
    1520 (0.643166, 12.11) -> 685 (0.136855, 13.3877)
    1521 (16.8869, 14.6743) -> 164 (18.3568, 15.7357)
    1522 (22.6307, 0.40382) -> 1968 (20.7768, 0.263985)
    1523 (4.28538, 4.20428) -> 1926 (3.24455, 5.85959)
    1524 (16.7728, 12.6653) -> 644 (17.9768, 13.749)
    1525 (16.6186, 23.57) -> 1002 (15.0098, 24.3816)
    1526 (16.952, 20.72) -> 1366 (16.7725, 22.2334)
    1527 (0.771001, 13.6009) -> 0 (1, 15)
    1528 (24.3119, 23.4333) -> 1869 (23.0462, 24.4709)
    1529 (14.6895, 17.3452) -> 757 (15.7466, 19.0413)
    1530 (17.1289, 0.747424) -> 1623 (15.2241, 0.556658)
    1531 (15.4343, 18.3538) -> 565 (14.7993, 20.06)
    1532 (1.82971, 0.354896) -> 1716 (0.576313, 0.630767)
    1533 (22.4223, 5.95975) -> 1486 (20.5749, 6.10793)
    1534 (15.0107, 16.7266) -> 1590 (15.1568, 18.5334)
    1535 (24.076, 5.58197) -> 670 (24.1237, 3.86107)
    1536 (23.3776, 12.9403) -> 1248 (22.7163, 14.5659)
    1537 (3.23707, 0.230214) -> 1474 (1.96024, 1.11628)
    1538 (11.9424, 17.0626) -> 878 (10.8649, 18.6645)
    1539 (21.9529, 24.0708) -> 1545 (20.2747, 24.1113)
    1540 (19.7655, 14.0374) -> 871 (19.561, 15.9935)
    1541 (20.1232, 17.8136) -> 1888 (20.7159, 19.598)
    1542 (11.3932, 1.92002) -> 1549 (9.74107, 2.79846)
    1543 (0.481205, 23.7769) -> 1887 (2.20968, 23.3191)
    1544 (17.2137, 22.0003) -> 1882 (16.8479, 23.7171)
    1545 (20.2747, 24.1113) -> 1233 (18.4754, 23.8209)
    1546 (14.7998, 15.7897) -> 357 (15.0607, 17.5703)
    1547 (1.48076, 16.8262) -> 0 (1, 15)
    1548 (7.71474, 4.208) -> 1904 (6.08642, 3.18177)
    1549 (9.74107, 2.79846) -> 1609 (8.03966, 3.66608)
    1550 (1.13328, 12.655) -> 746 (2.48844, 13.895)
    1551 (15.9458, 6.69527) -> 81 (15.0631, 4.91412)
    1552 (10.1697, 2.83952) -> 1822 (9.30549, 3.99691)
    1553 (15.5514, 12.8062) -> 1488 (16.4028, 14.354)
    1554 (13.7089, 3.02852) -> 989 (11.8879, 3.73118)
    1555 (2.56825, 20.556) -> 1286 (0.923999, 20.0314)
    1556 (14.9966, 9.19994) -> 1285 (13.4927, 7.93464)
    1557 (9.5145, 22.4362) -> 1765 (7.94744, 21.8932)
    1558 (8.03724, 4.09355) -> 32 (6.28859, 4.52275)
    1559 (5.33128, 17.5269) -> 1764 (3.37322, 17.5908)
    1560 (15.9379, 17.5803) -> 1791 (15.2837, 19.281)
    1561 (1.77518, 23.6317) -> 984 (1.41814, 21.7493)
    1562 (19.4446, 13.2525) -> 861 (19.3157, 15.1714)
    1563 (4.79368, 21.8376) -> 1766 (4.02007, 20.2379)
    1564 (22.9819, 24.2158) -> 254 (21.6804, 23.5041)
    1565 (16.6791, 20.0844) -> 65 (15.7293, 21.5468)
    1566 (7.5379, 21.9542) -> 1762 (5.83356, 20.999)
    1567 (20.5949, 8.15973) -> 798 (18.963, 7.01109)
    1568 (0.490255, 13.9912) -> 0 (1, 15)
    1569 (9.15157, 3.35812) -> 1479 (8.05336, 4.66087)
    1570 (5.92733, 10.7665) -> 1199 (4.66666, 12.1841)
    1571 (5.5588, 8.28493) -> 303 (5.11122, 10.2037)
    1572 (15.0663, 14.2956) -> 1277 (14.7456, 16.269)
    1573 (4.61351, 10.1968) -> 1078 (3.20024, 11.2937)
    1574 (1.17553, 4.00635) -> 507 (0.935162, 5.66087)
    1575 (12.8192, 9.08185) -> 650 (11.3041, 8.01064)
    1576 (11.319, 20.1052) -> 637 (9.60477, 20.5917)
    1577 (19.1851, 1.62198) -> 1075 (17.3588, 1.17209)
    1578 (13.172, 4.6383) -> 989 (11.8879, 3.73118)
    1579 (6.82072, 4.0282) -> 1665 (5.82012, 5.50082)
    1580 (18.992, 8.10275) -> 545 (19.0272, 6.31962)
    1581 (17.1678, 16.2804) -> 615 (15.9995, 17.7746)
    1582 (4.21887, 3.72769) -> 1946 (2.60037, 4.84662)
    1583 (18.2045, 19.6735) -> 369 (16.4396, 20.0862)
    1584 (21.6983, 6.19507) -> 1241 (21.3149, 4.51937)
    1585 (5.53307, 13.052) -> 1922 (3.57724, 13.1375)
    1586 (14.5746, 2.25941) -> 1329 (12.837, 2.25402)
    1587 (17.2185, 10.5122) -> 1656 (17.3791, 8.95171)
    1588 (1.03609, 17.9653) -> 673 (0.216837, 16.2008)
    1589 (23.0314, 15.2981) -> 113 (22.4931, 17.043)
    1590 (15.1568, 18.5334) -> 745 (14.25, 20.1993)
    1591 (11.2102, 2.64408) -> 1886 (9.50956, 2.86949)
    1592 (20.0788, 16.8817) -> 1138 (19.4268, 18.3426)
    1593 (11.4917, 24.3734) -> 1668 (9.58541, 23.8739)
    1594 (5.35136, 17.7637) -> 1764 (3.37322, 17.5908)
    1595 (0.768655, 7.5064) -> 1943 (1.00578, 9.2772)
    1596 (20.3929, 7.36491) -> 1905 (19.5855, 5.979)
    1597 (7.01664, 5.44715) -> 1750 (5.14504, 6.13889)
    1598 (0.860736, 12.7997) -> 746 (2.48844, 13.895)
    1599 (7.70234, 10.0151) -> 280 (6.31318, 8.85859)
    1600 (22.3618, 13.5789) -> 381 (22.2019, 15.2025)
    1601 (21.4052, 21.2869) -> 1986 (21.5402, 22.707)
    1602 (11.8944, 19.6096) -> 496 (10.403, 20.6303)
    1603 (20.1595, 3.66196) -> 1711 (18.4024, 2.9982)
    1604 (20.3685, 9.3404) -> 1596 (20.3929, 7.36491)
    1605 (5.31858, 4.18551) -> 587 (4.21591, 5.36855)
    1606 (20.8825, 0.701995) -> 1714 (19.8318, 2.36418)
    1607 (4.89921, 3.01988) -> 974 (4.1331, 4.71106)
    1608 (15.0012, 9.62144) -> 253 (15.7764, 8.09141)
    1609 (8.03966, 3.66608) -> 32 (6.28859, 4.52275)
    1610 (7.06554, 10.1232) -> 303 (5.11122, 10.2037)
    1611 (3.80251, 14.2418) -> 2 (2.76234, 15.9456)
    1612 (24.3259, 5.86409) -> 1533 (22.4223, 5.95975)
    1613 (8.15709, 10.2726) -> 544 (6.87958, 8.87714)
    1614 (20.0266, 0.904003) -> 103 (18.5832, 0.67724)
    1615 (8.1443, 15.6664) -> 6 (6.34867, 15.8317)
    1616 (8.33505, 9.61605) -> 544 (6.87958, 8.87714)
    1617 (16.3729, 14.317) -> 502 (17.2166, 16.1246)
    1618 (6.62724, 17.7443) -> 656 (5.13581, 18.5709)
    1619 (2.35695, 5.62842) -> 662 (2.08386, 7.50009)
    1620 (14.5123, 23.031) -> 506 (12.7051, 23.6971)
    1621 (6.09305, 23.7713) -> 508 (4.70106, 23.1455)
    1622 (13.8669, 19.6595) -> 397 (12.2065, 20.6543)
    1623 (15.2241, 0.556658) -> 786 (13.4095, 0.103223)
    1624 (3.20857, 8.32214) -> 1361 (1.85857, 9.79539)
    1625 (19.8038, 20.4065) -> 1226 (18.191, 21.3298)
    1626 (23.2661, 17.1664) -> 159 (22.0072, 18.4886)
    1627 (12.4682, 22.3345) -> 749 (10.5328, 22.0369)
    1628 (24.1446, 14.221) -> 423 (23.7149, 15.6255)
    1629 (12.6671, 8.80688) -> 1776 (11.9087, 7.07973)
    1630 (24.7013, 13.8234) -> 1259 (24.7031, 15.8229)
    1631 (1.36645, 13.0233) -> 685 (0.136855, 13.3877)
    1632 (10.1676, 7.6085) -> 1016 (8.61796, 6.63133)
    1633 (21.7382, 7.61428) -> 1486 (20.5749, 6.10793)
    1634 (1.9846, 8.15674) -> 581 (0.830333, 9.64945)
    1635 (21.1523, 19.2811) -> 1625 (19.8038, 20.4065)
    1636 (6.36547, 15.815) -> 1261 (4.56699, 16.3586)
    1637 (22.7718, 4.89844) -> 1921 (20.9527, 4.19538)
    1638 (3.59782, 19.3848) -> 1686 (1.77715, 18.5754)
    1639 (19.7894, 1.70333) -> 1811 (18.4416, 1.12129)
    1640 (23.5446, 10.9659) -> 411 (22.4454, 9.48141)
    1641 (14.8588, 14.5699) -> 1483 (16.1231, 16.1137)
    1642 (8.03302, 16.7214) -> 108 (6.26328, 16.7249)
    1643 (2.85561, 24.7016) -> 1937 (1.16517, 23.6676)
    1644 (24.5181, 12.1431) -> 1354 (23.9696, 13.6563)
    1645 (0.239012, 24.4725) -> 205 (0.765814, 22.6387)
    1646 (0.481008, 3.67187) -> 199 (0.86151, 5.5209)
    1647 (17.0343, 19.9827) -> 28 (15.4502, 21.0946)
    1648 (4.53074, 17.7109) -> 1207 (2.79007, 18.1256)
    1649 (1.09945, 6.88142) -> 973 (0.224709, 8.30106)
    1650 (18.7282, 1.82073) -> 535 (16.7698, 1.71338)
    1651 (11.8002, 2.25161) -> 1734 (10.0602, 2.17927)
    1652 (20.4624, 21.2607) -> 1978 (18.9929, 22.4485)
    1653 (12.2304, 6.3816) -> 603 (11.0594, 5.36758)
    1654 (4.50764, 23.757) -> 1643 (2.85561, 24.7016)
    1655 (22.2484, 5.5785) -> 1921 (20.9527, 4.19538)
    1656 (17.3791, 8.95171) -> 540 (16.3784, 7.51662)
    1657 (13.4716, 15.8101) -> 991 (13.5816, 17.7445)
    1658 (16.7429, 10.9238) -> 96 (17.129, 9.2225)
    1659 (16.5602, 14.9746) -> 114 (17.6293, 16.5966)
    1660 (24.9977, 10.862) -> 334 (24.3539, 9.26488)
    1661 (10.4757, 0.343953) -> 243 (8.70524, 1.21473)
    1662 (2.32302, 7.85165) -> 1943 (1.00578, 9.2772)
    1663 (15.0371, 3.23192) -> 1224 (13.1096, 2.97263)
    1664 (5.93088, 19.6824) -> 4 (4.29937, 18.7518)
    1665 (5.82012, 5.50082) -> 934 (4.82817, 7.15507)
    1666 (12.7151, 22.1534) -> 1847 (11.2176, 21.2551)
    1667 (10.7101, 24.5899) -> 698 (8.76817, 24.1512)
    1668 (9.58541, 23.8739) -> 619 (8.11597, 22.719)
    1669 (7.12033, 4.54662) -> 1665 (5.82012, 5.50082)
    1670 (8.25735, 24.8679) -> 910 (7.00589, 24.0498)
    1671 (12.1773, 9.3483) -> 1851 (12.5299, 7.52948)
    1672 (18.8354, 15.3155) -> 514 (18.708, 16.8645)
    1673 (10.1692, 0.661112) -> 1260 (8.47862, 0.119536)
    1674 (18.3344, 19.4247) -> 1565 (16.6791, 20.0844)
    1675 (14.7272, 11.2182) -> 49 (16.2141, 10.1313)
    1676 (20.5223, 13.676) -> 84 (19.4827, 15.2056)
    1677 (0.094172, 1.68127) -> 1931 (1.57021, 3.01549)
    1678 (6.8319, 7.29787) -> 1284 (5.44925, 8.68308)
    1679 (14.3688, 2.21308) -> 1418 (13.1882, 1.71742)
    1680 (16.6073, 8.20865) -> 1551 (15.9458, 6.69527)
    1681 (3.97113, 10.2135) -> 770 (2.3526, 10.8338)
    1682 (2.20329, 21.7961) -> 1771 (0.606049, 21.7374)
    1683 (19.9012, 11.3598) -> 1562 (19.4446, 13.2525)
    1684 (24.5636, 24.1572) -> 744 (22.8194, 24.8843)
    1685 (3.8734, 18.9103) -> 1207 (2.79007, 18.1256)
    1686 (1.77715, 18.5754) -> 1547 (1.48076, 16.8262)
    1687 (18.3358, 8.61095) -> 1061 (18.0921, 6.72553)
    1688 (11.1859, 24.4026) -> 1668 (9.58541, 23.8739)
    1689 (9.00028, 5.4122) -> 1932 (7.46247, 4.73379)
    1690 (3.23619, 15.8854) -> 1547 (1.48076, 16.8262)
    1691 (15.8498, 12.6322) -> 836 (17.7794, 12.6747)
    1692 (3.64629, 17.5802) -> 2 (2.76234, 15.9456)
    1693 (22.3948, 0.721956) -> 1968 (20.7768, 0.263985)
    1694 (21.101, 19.7923) -> 125 (19.4301, 20.8632)
    1695 (5.59454, 5.10328) -> 955 (3.7826, 5.93963)
    1696 (5.35906, 23.0744) -> 588 (4.45048, 21.3543)
    1697 (22.1596, 9.53823) -> 1633 (21.7382, 7.61428)
    1698 (17.598, 5.33475) -> 1779 (16.9674, 3.48111)
    1699 (2.00154, 3.50352) -> 1005 (0.399563, 4.07184)
    1700 (18.7395, 19.8399) -> 1464 (17.9043, 21.4289)
    1701 (3.76816, 3.02334) -> 294 (2.04776, 3.84641)
    1702 (18.3128, 1.38083) -> 907 (16.7962, 0.2716)
    1703 (3.09022, 6.71889) -> 1634 (1.9846, 8.15674)
    1704 (4.0847, 15.7471) -> 1924 (2.84037, 14.4789)
    1705 (18.7796, 19.7553) -> 1464 (17.9043, 21.4289)
    1706 (5.79996, 7.01799) -> 589 (4.86492, 8.44264)
    1707 (2.5922, 24.4165) -> 1937 (1.16517, 23.6676)
    1708 (4.91248, 1.14186) -> 1801 (4.27442, 2.70961)
    1709 (22.4293, 9.91268) -> 1996 (22.8718, 8.04658)
    1710 (14.9445, 8.70762) -> 1145 (15.3045, 6.91425)
    1711 (18.4024, 2.9982) -> 1429 (16.7004, 2.56547)
    1712 (10.5045, 24.3112) -> 698 (8.76817, 24.1512)
    1713 (1.91796, 14.0509) -> 0 (1, 15)
    1714 (19.8318, 2.36418) -> 1702 (18.3128, 1.38083)
    1715 (12.7061, 24.722) -> 1307 (10.9364, 24.0845)
    1716 (0.576313, 0.630767) -> 1001 (1.30666, 2.42359)
    1717 (14.8052, 6.51704) -> 468 (13.3163, 5.32457)
    1718 (0.0261278, 20.4335) -> 1144 (1.62449, 19.5656)
    1719 (10.498, 23.3499) -> 698 (8.76817, 24.1512)
    1720 (22.0087, 14.4668) -> 447 (22.1771, 16.2344)
    1721 (16.217, 1.02746) -> 1279 (15.0434, 2.10838)
    1722 (15.0424, 0.29526) -> 140 (13.5654, 1.54639)
    1723 (7.63956, 10.7249) -> 1852 (6.34349, 9.32474)
    1724 (0.937222, 0.961968) -> 1080 (1.62897, 2.61512)
    1725 (12.5427, 19.1348) -> 36 (12.0696, 21.0014)
    1726 (23.4263, 23.5006) -> 744 (22.8194, 24.8843)
    1727 (16.0249, 17.498) -> 1791 (15.2837, 19.281)
    1728 (20.7987, 8.40535) -> 1902 (19.567, 6.93179)
    1729 (21.7081, 7.96374) -> 50 (21.3138, 6.15033)
    1730 (17.868, 16.6778) -> 1484 (17.2105, 18.5299)
    1731 (7.09995, 19.2289) -> 1403 (5.42875, 19.8023)
    1732 (3.47643, 5.40212) -> 1132 (2.15189, 6.41873)
    1733 (19.6617, 14.3808) -> 871 (19.561, 15.9935)
    1734 (10.0602, 2.17927) -> 1822 (9.30549, 3.99691)
    1735 (9.93898, 3.54241) -> 1609 (8.03966, 3.66608)
    1736 (4.13107, 2.73242) -> 974 (4.1331, 4.71106)
    1737 (16.5578, 9.69124) -> 863 (15.7732, 8.1899)
    1738 (5.33827, 7.62658) -> 185 (3.4124, 8.02684)
    1739 (19.277, 0.931403) -> 1075 (17.3588, 1.17209)
    1740 (11.7548, 1.79735) -> 870 (9.92399, 1.39372)
    1741 (19.8091, 1.40323) -> 1811 (18.4416, 1.12129)
    1742 (3.51067, 9.35837) -> 1361 (1.85857, 9.79539)
    1743 (18.9291, 24.3659) -> 1859 (17.0597, 24.0602)
    1744 (6.78007, 19.3726) -> 1256 (4.85033, 18.9778)
    1745 (3.46599, 8.58175) -> 282 (2.21167, 9.3864)
    1746 (14.3643, 10.9717) -> 1556 (14.9966, 9.19994)
    1747 (15.5579, 24.8597) -> 1778 (13.9908, 23.8967)
    1748 (24.8269, 5.65115) -> 917 (23.2372, 4.81656)
    1749 (1.17739, 2.97534) -> 959 (1.482, 4.91123)
    1750 (5.14504, 6.13889) -> 1926 (3.24455, 5.85959)
    1751 (8.87616, 8.68061) -> 483 (7.43407, 7.39472)
    1752 (13.3799, 24.0174) -> 1593 (11.4917, 24.3734)
    1753 (8.42112, 2.45779) -> 1558 (8.03724, 4.09355)
    1754 (2.43496, 13.0863) -> 1527 (0.771001, 13.6009)
    1755 (17.8819, 13.3553) -> 24 (18.03, 14.7584)
    1756 (7.85853, 4.21095) -> 32 (6.28859, 4.52275)
    1757 (21.9205, 11.9166) -> 1500 (22.313, 13.5754)
    1758 (16.2445, 1.16609) -> 1279 (15.0434, 2.10838)
    1759 (13.7849, 23.3142) -> 1050 (12.1355, 24.2049)
    1760 (9.0812, 4.87906) -> 1669 (7.12033, 4.54662)
    1761 (12.6878, 7.94147) -> 704 (11.2693, 7.06272)
    1762 (5.83356, 20.999) -> 1766 (4.02007, 20.2379)
    1763 (22.5764, 20.2729) -> 124 (22.6492, 22.2519)
    1764 (3.37322, 17.5908) -> 2 (2.76234, 15.9456)
    1765 (7.94744, 21.8932) -> 119 (6.20222, 21.5547)
    1766 (4.02007, 20.2379) -> 1267 (2.49695, 19.963)
    1767 (6.29199, 23.2939) -> 1988 (6.43492, 21.4792)
    1768 (12.4809, 0.993996) -> 562 (11.4495, 2.56534)
    1769 (2.203, 15.6484) -> 0 (1, 15)
    1770 (5.35865, 14.3986) -> 629 (4.5554, 16.0419)
    1771 (0.606049, 21.7374) -> 710 (1.12626, 19.8856)
    1772 (2.84064, 10.8937) -> 37 (2.69118, 12.7226)
    1773 (20.7922, 17.5416) -> 1782 (19.6701, 19.1087)
    1774 (8.06674, 1.7106) -> 1609 (8.03966, 3.66608)
    1775 (10.5841, 7.82923) -> 795 (9.61088, 6.11496)
    1776 (11.9087, 7.07973) -> 603 (11.0594, 5.36758)
    1777 (19.4772, 3.44408) -> 1827 (18.0477, 2.42014)
    1778 (13.9908, 23.8967) -> 1050 (12.1355, 24.2049)
    1779 (16.9674, 3.48111) -> 1663 (15.0371, 3.23192)
    1780 (1.70797, 13.5926) -> 0 (1, 15)
    1781 (11.2665, 21.1567) -> 135 (9.32083, 21.2377)
    1782 (19.6701, 19.1087) -> 1318 (18.0262, 20.2438)
    1783 (23.8865, 5.62014) -> 1870 (22.5504, 4.15335)
    1784 (3.42491, 0.954526) -> 131 (2.01809, 2.18757)
    1785 (17.3856, 24.473) -> 1947 (15.7379, 23.529)
    1786 (5.46019, 3.9727) -> 587 (4.21591, 5.36855)
    1787 (23.2013, 1.70358) -> 234 (22.1259, 0.242791)
    1788 (1.09264, 17.5899) -> 673 (0.216837, 16.2008)
    1789 (3.4713, 23.6206) -> 1215 (1.67011, 22.8818)
    1790 (0.648043, 24.8023) -> 1561 (1.77518, 23.6317)
    1791 (15.2837, 19.281) -> 693 (14.6756, 20.9469)
    1792 (10.8754, 17.8773) -> 1424 (9.11457, 18.7939)
    1793 (21.0394, 15.5106) -> 1849 (21.4162, 17.3534)
    1794 (14.9681, 6.85506) -> 81 (15.0631, 4.91412)
    1795 (8.18569, 7.31502) -> 577 (6.25106, 7.32825)
    1796 (0.868399, 5.10903) -> 1101 (0.116647, 6.84398)
    1797 (17.1097, 0.703351) -> 1623 (15.2241, 0.556658)
    1798 (19.8177, 11.8974) -> 1187 (20.535, 13.5231)
    1799 (2.02604, 11.9777) -> 218 (0.96128, 13.3758)
    1800 (22.9606, 8.82471) -> 1633 (21.7382, 7.61428)
    1801 (4.27442, 2.70961) -> 168 (2.81961, 3.8529)
    1802 (13.3449, 8.93564) -> 510 (12.8386, 7.02658)
    1803 (7.90326, 24.8646) -> 399 (5.93835, 24.9163)
    1804 (2.9466, 23.616) -> 1937 (1.16517, 23.6676)
    1805 (9.01517, 22.1941) -> 747 (7.29199, 21.5254)
    1806 (18.827, 24.3476) -> 1859 (17.0597, 24.0602)
    1807 (2.82219, 20.8086) -> 710 (1.12626, 19.8856)
    1808 (2.57985, 20.5221) -> 1286 (0.923999, 20.0314)
    1809 (6.75932, 1.13441) -> 1708 (4.91248, 1.14186)
    1810 (22.9444, 22.2447) -> 1986 (21.5402, 22.707)
    1811 (18.4416, 1.12129) -> 907 (16.7962, 0.2716)
    1812 (21.2238, 18.0559) -> 1782 (19.6701, 19.1087)
    1813 (2.11672, 22.1388) -> 800 (0.94265, 20.6482)
    1814 (16.6545, 13.3626) -> 24 (18.03, 14.7584)
    1815 (20.0897, 18.0154) -> 660 (19.4162, 19.7967)
    1816 (4.04095, 23.6302) -> 1887 (2.20968, 23.3191)
    1817 (9.59108, 6.76483) -> 731 (7.81971, 5.87917)
    1818 (1.78001, 22.339) -> 800 (0.94265, 20.6482)
    1819 (9.56882, 3.51751) -> 1609 (8.03966, 3.66608)
    1820 (24.0646, 1.61863) -> 178 (22.1308, 1.17693)
    1821 (9.95595, 7.99202) -> 1795 (8.18569, 7.31502)
    1822 (9.30549, 3.99691) -> 1932 (7.46247, 4.73379)
    1823 (13.8751, 2.25256) -> 1768 (12.4809, 0.993996)
    1824 (2.22507, 18.8409) -> 126 (0.514987, 18.1193)
    1825 (17.7696, 0.400608) -> 1833 (16.5019, 1.59541)
    1826 (11.9263, 17.3099) -> 1137 (11.6441, 19.2701)
    1827 (18.0477, 2.42014) -> 1833 (16.5019, 1.59541)
    1828 (0.784743, 16.0228) -> 0 (1, 15)
    1829 (16.6737, 15.4135) -> 1899 (17.9009, 16.9167)
    1830 (18.7319, 12.3367) -> 1540 (19.7655, 14.0374)
    1831 (6.54055, 6.45351) -> 934 (4.82817, 7.15507)
    1832 (4.32416, 21.3299) -> 1555 (2.56825, 20.556)
    1833 (16.5019, 1.59541) -> 778 (14.6741, 0.910532)
    1834 (16.1576, 20.7994) -> 112 (14.4702, 21.3199)
    1835 (4.62397, 24.7734) -> 1355 (2.82701, 24.4409)
    1836 (10.0023, 24.4684) -> 580 (8.34803, 23.7906)
    1837 (2.20862, 7.63449) -> 282 (2.21167, 9.3864)
    1838 (12.5501, 5.64527) -> 519 (11.4161, 4.36784)
    1839 (8.03107, 21.6153) -> 119 (6.20222, 21.5547)
    1840 (13.4438, 19.1198) -> 397 (12.2065, 20.6543)
    1841 (7.30695, 0.438399) -> 739 (5.32849, 0.364579)
    1842 (3.6505, 3.36339) -> 1946 (2.60037, 4.84662)
    1843 (18.2783, 7.3392) -> 448 (17.0477, 6.11781)
    1844 (11.9281, 4.24238) -> 562 (11.4495, 2.56534)
    1845 (23.2772, 18.0595) -> 156 (23.0661, 19.883)
    1846 (15.8155, 5.63845) -> 1067 (15.8102, 3.8573)
    1847 (11.2176, 21.2551) -> 513 (9.29305, 21.51)
    1848 (5.3566, 14.7928) -> 1222 (4.12413, 16.1697)
    1849 (21.4162, 17.3534) -> 705 (20.3482, 18.6953)
    1850 (20.996, 13.9167) -> 84 (19.4827, 15.2056)
    1851 (12.5299, 7.52948) -> 1838 (12.5501, 5.64527)
    1852 (6.34349, 9.32474) -> 272 (4.43565, 8.74371)
    1853 (0.596873, 10.8488) -> 5 (2.36784, 11.5029)
    1854 (23.2191, 21.1112) -> 992 (23.0873, 22.9211)
    1855 (12.4027, 22.508) -> 1102 (10.6013, 23.2929)
    1856 (24.3848, 0.962627) -> 972 (22.5089, 0.291679)
    1857 (15.1355, 18.8333) -> 1249 (14.5539, 20.7027)
    1858 (8.00129, 0.996934) -> 1494 (6.1292, 1.29988)
    1859 (17.0597, 24.0602) -> 990 (15.2598, 24.5277)
    1860 (22.6137, 16.2441) -> 476 (22.2984, 17.7362)
    1861 (20.9034, 8.5905) -> 1478 (20.3563, 6.86683)
    1862 (20.4211, 20.5231) -> 1895 (18.4711, 20.8572)
    1863 (0.892485, 6.44485) -> 79 (0.851691, 8.19624)
    1864 (14.6005, 8.13935) -> 1912 (13.6384, 6.79587)
    1865 (11.0635, 2.01949) -> 1886 (9.50956, 2.86949)
    1866 (6.09858, 6.861) -> 1339 (4.32431, 7.52455)
    1867 (21.6068, 18.3175) -> 1081 (21.2524, 20.2324)
    1868 (8.7638, 18.5044) -> 1167 (6.85751, 18.93)
    1869 (23.0462, 24.4709) -> 254 (21.6804, 23.5041)
    1870 (22.5504, 4.15335) -> 1993 (21.4579, 3.10923)
    1871 (19.1048, 13.3698) -> 861 (19.3157, 15.1714)
    1872 (22.5209, 20.6094) -> 817 (21.6263, 22.3959)
    1873 (11.6379, 0.0811116) -> 1542 (11.3932, 1.92002)
    1874 (9.15987, 23.0904) -> 489 (7.37914, 23.5903)
    1875 (8.20695, 22.271) -> 1988 (6.43492, 21.4792)
    1876 (0.994158, 21.5321) -> 825 (1.32449, 19.7419)
    1877 (1.74628, 15.9028) -> 0 (1, 15)
    1878 (12.0513, 0.290082) -> 1395 (10.393, 0.620332)
    1879 (7.56098, 21.3002) -> 383 (5.94732, 20.3985)
    1880 (4.27574, 9.98631) -> 1078 (3.20024, 11.2937)
    1881 (2.22729, 8.19948) -> 1943 (1.00578, 9.2772)
    1882 (16.8479, 23.7171) -> 990 (15.2598, 24.5277)
    1883 (1.405, 14.1286) -> 0 (1, 15)
    1884 (8.56327, 8.92838) -> 544 (6.87958, 8.87714)
    1885 (14.3152, 0.283216) -> 1768 (12.4809, 0.993996)
    1886 (9.50956, 2.86949) -> 1609 (8.03966, 3.66608)
    1887 (2.20968, 23.3191) -> 984 (1.41814, 21.7493)
    1888 (20.7159, 19.598) -> 125 (19.4301, 20.8632)
    1889 (3.68894, 5.90188) -> 967 (2.29807, 7.2745)
    1890 (20.1839, 8.58331) -> 798 (18.963, 7.01109)
    1891 (23.1137, 6.60844) -> 1983 (21.7467, 5.85856)
    1892 (13.1183, 2.39987) -> 1542 (11.3932, 1.92002)
    1893 (22.6164, 20.9913) -> 817 (21.6263, 22.3959)
    1894 (19.52, 10.8613) -> 1473 (19.3119, 8.91758)
    1895 (18.4711, 20.8572) -> 709 (17.2261, 22.3997)
    1896 (13.02, 22.5387) -> 377 (11.0906, 22.0169)
    1897 (7.83323, 22.8548) -> 1988 (6.43492, 21.4792)
    1898 (20.4826, 20.694) -> 179 (21.0876, 22.5667)
    1899 (17.9009, 16.9167) -> 1960 (17.1739, 18.5941)
    1900 (11.5647, 19.326) -> 496 (10.403, 20.6303)
    1901 (16.3593, 9.08806) -> 540 (16.3784, 7.51662)
    1902 (19.567, 6.93179) -> 1237 (19.1975, 5.16974)
    1903 (1.84326, 12.0838) -> 746 (2.48844, 13.895)
    1904 (6.08642, 3.18177) -> 1801 (4.27442, 2.70961)
    1905 (19.5855, 5.979) -> 385 (18.2786, 4.97101)
    1906 (21.6245, 9.16658) -> 45 (20.234, 7.8338)
    1907 (16.6913, 15.4547) -> 1899 (17.9009, 16.9167)
    1908 (5.71411, 17.466) -> 487 (3.99416, 16.9146)
    1909 (2.87512, 13.9799) -> 1435 (1.11876, 13.2984)
    1910 (3.73176, 24.1404) -> 1887 (2.20968, 23.3191)
    1911 (12.4074, 2.74372) -> 120 (11.1715, 4.16502)
    1912 (13.6384, 6.79587) -> 563 (12.5566, 5.40149)
    1913 (14.401, 8.44648) -> 1442 (13.7757, 6.58759)
    1914 (22.1667, 10.4076) -> 1942 (21.8329, 8.56846)
    1915 (22.3162, 18.3568) -> 705 (20.3482, 18.6953)
    1916 (6.0973, 15.7644) -> 235 (4.32694, 16.6634)
    1917 (19.8103, 0.583999) -> 1702 (18.3128, 1.38083)
    1918 (3.82827, 10.7668) -> 1063 (2.9161, 12.4202)
    1919 (15.2801, 18.8439) -> 1249 (14.5539, 20.7027)
    1920 (4.17552, 1.37285) -> 1701 (3.76816, 3.02334)
    1921 (20.9527, 4.19538) -> 597 (19.9659, 2.74181)
    1922 (3.57724, 13.1375) -> 1780 (1.70797, 13.5926)
    1923 (16.9236, 10.6483) -> 1656 (17.3791, 8.95171)
    1924 (2.84037, 14.4789) -> 0 (1, 15)
    1925 (16.8519, 21.1109) -> 1295 (15.9688, 22.74)
    1926 (3.24455, 5.85959) -> 208 (2.4168, 7.65619)
    1927 (18.4893, 10.4589) -> 1656 (17.3791, 8.95171)
    1928 (20.8919, 5.77854) -> 1265 (19.7491, 4.64139)
    1929 (21.0888, 1.63643) -> 439 (19.4701, 1.38046)
    1930 (23.4898, 24.9241) -> 1539 (21.9529, 24.0708)
    1931 (1.57021, 3.01549) -> 144 (0.26776, 4.28933)
    1932 (7.46247, 4.73379) -> 1665 (5.82012, 5.50082)
    1933 (17.0889, 7.99836) -> 1504 (16.0338, 6.43165)
    1934 (4.63402, 9.37648) -> 1161 (3.43941, 10.8999)
    1935 (16.2543, 1.39385) -> 554 (14.4419, 1.75813)
    1936 (1.16922, 18.2495) -> 1547 (1.48076, 16.8262)
    1937 (1.16517, 23.6676) -> 984 (1.41814, 21.7493)
    1938 (14.9255, 12.6998) -> 42 (16.7246, 13.4902)
    1939 (10.2014, 20.2198) -> 375 (8.49287, 20.0822)
    1940 (22.9138, 21.1599) -> 817 (21.6263, 22.3959)
    1941 (16.5939, 4.5039) -> 222 (15.169, 3.82311)
    1942 (21.8329, 8.56846) -> 167 (20.8016, 7.17939)
    1943 (1.00578, 9.2772) -> 1040 (0.407094, 11.1552)
    1944 (17.7201, 1.50412) -> 907 (16.7962, 0.2716)
    1945 (9.22314, 17.7867) -> 1980 (7.41791, 18.2285)
    1946 (2.60037, 4.84662) -> 199 (0.86151, 5.5209)
    1947 (15.7379, 23.529) -> 161 (13.9355, 24.1946)
    1948 (1.19148, 9.97101) -> 5 (2.36784, 11.5029)
    1949 (3.47975, 11.9581) -> 511 (1.72326, 11.1926)
    1950 (9.80091, 9.45064) -> 570 (8.80094, 7.86495)
    1951 (23.5458, 20.8228) -> 124 (22.6492, 22.2519)
    1952 (21.8044, 23.0197) -> 628 (20.6359, 24.4434)
    1953 (10.2465, 17.878) -> 1868 (8.7638, 18.5044)
    1954 (8.72985, 19.8612) -> 1731 (7.09995, 19.2289)
    1955 (16.6856, 18.3195) -> 369 (16.4396, 20.0862)
    1956 (5.9596, 19.4597) -> 4 (4.29937, 18.7518)
    1957 (6.55382, 15.8606) -> 463 (4.65415, 15.2704)
    1958 (11.4078, 19.0098) -> 496 (10.403, 20.6303)
    1959 (17.0933, 10.0461) -> 1680 (16.6073, 8.20865)
    1960 (17.1739, 18.5941) -> 369 (16.4396, 20.0862)
    1961 (6.12501, 13.6597) -> 676 (4.58806, 14.5301)
    1962 (23.5236, 17.2663) -> 1263 (23.0626, 18.763)
    1963 (15.4064, 24.5989) -> 491 (13.9096, 24.9702)
    1964 (7.72675, 1.91063) -> 804 (5.87747, 2.09461)
    1965 (11.1841, 24.6349) -> 657 (9.43194, 23.9707)
    1966 (7.99941, 6.99552) -> 577 (6.25106, 7.32825)
    1967 (0.14386, 24.7955) -> 1937 (1.16517, 23.6676)
    1968 (20.7768, 0.263985) -> 439 (19.4701, 1.38046)
    1969 (22.9373, 5.51808) -> 1241 (21.3149, 4.51937)
    1970 (15.8495, 8.68123) -> 1551 (15.9458, 6.69527)
    1971 (12.6075, 21.417) -> 78 (11.4365, 22.8791)
    1972 (19.2787, 20.4275) -> 1226 (18.191, 21.3298)
    1973 (19.2245, 23.7654) -> 1785 (17.3856, 24.473)
    1974 (23.4816, 24.9932) -> 1539 (21.9529, 24.0708)
    1975 (9.31578, 3.87395) -> 1275 (7.8237, 5.14164)
    1976 (12.4512, 3.89485) -> 562 (11.4495, 2.56534)
    1977 (2.89362, 19.3957) -> 952 (1.36667, 18.4731)
    1978 (18.9929, 22.4485) -> 1313 (17.7647, 23.6586)
    1979 (15.2729, 19.8188) -> 1518 (13.8057, 21.0982)
    1980 (7.41791, 18.2285) -> 837 (5.73344, 17.7847)
    1981 (12.8501, 18.1978) -> 1602 (11.8944, 19.6096)
    1982 (0.718305, 6.49071) -> 756 (2.21615, 7.74742)
    1983 (21.7467, 5.85856) -> 1921 (20.9527, 4.19538)
    1984 (22.4877, 7.27207) -> 1983 (21.7467, 5.85856)
    1985 (22.3653, 12.0871) -> 1500 (22.313, 13.5754)
    1986 (21.5402, 22.707) -> 628 (20.6359, 24.4434)
    1987 (17.9803, 1.48667) -> 907 (16.7962, 0.2716)
    1988 (6.43492, 21.4792) -> 354 (5.43748, 19.9238)
    1989 (14.5296, 22.478) -> 1752 (13.3799, 24.0174)
    1990 (7.73967, 18.443) -> 1744 (6.78007, 19.3726)
    1991 (5.64717, 8.11409) -> 949 (3.94591, 7.73536)
    1992 (5.83971, 16.6027) -> 487 (3.99416, 16.9146)
    1993 (21.4579, 3.10923) -> 1714 (19.8318, 2.36418)
    1994 (6.72082, 21.152) -> 354 (5.43748, 19.9238)
    1995 (13.266, 3.99572) -> 989 (11.8879, 3.73118)
    1996 (22.8718, 8.04658) -> 1476 (21.2221, 7.11716)
    1997 (4.84713, 13.6656) -> 1909 (2.87512, 13.9799)
    1998 (22.1606, 19.2452) -> 909 (21.843, 20.8304)
