Parent Map for Subproblem Tree 40
======================================
Child ID (x, y) -> Parent ID (x, y)
    1 (2.93005, 14.4757) -> 0 (1, 15)
    2 (4.35988, 13.0773) -> 1283 (2.63412, 13.8938)
    3 (6.14704, 13.9751) -> 870 (4.26645, 14.3799)
    4 (7.20555, 12.2782) -> 5168 (5.55698, 12.731)
    5 (3.69732, 16.3227) -> 8897 (3.40066, 16.194)
    6 (6.73279, 10.3348) -> 9438 (4.95737, 11.0311)
    7 (5.52919, 8.73754) -> 3066 (5.32478, 8.94001)
    8 (8.31132, 9.10674) -> 2565 (6.42806, 9.54574)
    9 (8.04129, 14.6168) -> 6563 (6.48942, 14.9976)
    10 (8.08829, 16.6162) -> 3923 (6.57654, 16.8247)
    11 (10.0882, 16.5927) -> 818 (8.39582, 17.4187)
    12 (12.0278, 16.105) -> 8449 (11.2344, 17.8711)
    13 (10.2023, 8.45546) -> 9488 (9.67696, 8.27345)
    14 (4.93163, 6.82889) -> 6005 (4.13892, 7.82985)
    15 (10.7113, 18.4932) -> 9809 (8.82742, 18.6419)
    16 (10.3291, 6.45948) -> 6784 (10.2465, 6.4601)
    17 (12.0613, 9.19319) -> 7762 (11.9358, 8.90741)
    18 (9.54147, 20.1154) -> 3901 (7.82784, 19.7144)
    19 (11.554, 4.87847) -> 9470 (9.81979, 5.63737)
    20 (14.0601, 9.26036) -> 9708 (12.8113, 8.51127)
    21 (6.79717, 13.3486) -> 1362 (5.08353, 14.0115)
    22 (13.8256, 16.9812) -> 7748 (12.7976, 17.8039)
    23 (14.8472, 18.7006) -> 9125 (14.5747, 18.7721)
    24 (15.1903, 18.191) -> 8577 (13.9591, 18.6622)
    25 (11.7312, 2.88633) -> 8801 (11.5121, 2.97633)
    26 (9.17179, 22.0809) -> 9693 (8.33326, 21.5876)
    27 (9.5544, 24.044) -> 6684 (8.30368, 23.0595)
    28 (3.5395, 8.94029) -> 8865 (2.63965, 10.399)
    29 (16.1786, 20.193) -> 9835 (15.3522, 20.2488)
    30 (17.3197, 21.8356) -> 7408 (15.5144, 21.68)
    31 (10.6192, 1.22394) -> 5813 (9.70095, 1.86016)
    32 (12.0634, -0.159697) -> 9827 (11.0151, 0.938682)
    33 (13.4246, -1.62495) -> 6164 (12.2666, -0.220546)
    34 (11.8572, -2.86716) -> 5972 (11.2711, -2.20491)
    35 (12.5277, -4.7514) -> 8977 (11.2727, -3.27179)
    36 (2.69885, 18.0556) -> 1550 (1.83058, 16.5439)
    37 (4.42721, 19.062) -> 9415 (3.72109, 18.345)
    38 (8.47053, 18.9991) -> 9491 (6.79774, 18.6222)
    39 (12.1287, -1.95797) -> 9682 (10.8167, -0.935544)
    40 (12.7469, -5.81486) -> 9701 (12.1354, -4.85657)
    41 (4.34313, 5.34089) -> 4565 (3.36976, 7.00239)
    42 (14.7023, -6.23487) -> 6177 (14.3639, -5.82294)
    43 (16.3793, 22.7567) -> 8943 (14.8613, 22.462)
    44 (15.6456, 8.04116) -> 8835 (13.94, 7.45025)
    45 (8.78691, 0.422298) -> 4936 (7.69314, 1.80845)
    46 (8.28847, 9.65188) -> 7741 (6.44508, 9.78458)
    47 (10.3422, -2.99426) -> 5514 (9.11889, -1.63679)
    48 (6.68223, 18.4142) -> 7083 (5.65867, 18.0254)
    49 (15.3005, -0.931455) -> 7724 (13.8523, -0.0247397)
    50 (9.19683, -4.63382) -> 9975 (9.02296, -4.0065)
    51 (7.23246, -4.25794) -> 7624 (6.45477, -2.53151)
    52 (14.3899, 22.5507) -> 9674 (12.7659, 22.0848)
    53 (6.98846, -3.20575) -> 8425 (6.17291, -1.3877)
    54 (17.3745, 9.04648) -> 9540 (16.8499, 8.37044)
    55 (5.83724, -5.6909) -> 6667 (5.69426, -5.22327)
    56 (3.15892, 3.72917) -> 7881 (2.89761, 5.05798)
    57 (18.9785, 10.2412) -> 8207 (17.3656, 9.60304)
    58 (3.12187, 15.5942) -> 270 (2.41832, 15.4673)
    59 (20.5366, 8.98728) -> 9876 (20.1752, 9.09017)
    60 (12.2652, -6.13217) -> 9929 (11.55, -4.86516)
    61 (3.90329, -5.18117) -> 8269 (3.54766, -4.03097)
    62 (1.68001, 19.7766) -> 3603 (1.38589, 18.2423)
    63 (19.5401, 12.1607) -> 6842 (18.1946, 13.5495)
    64 (10.8975, 0.813186) -> 5813 (9.70095, 1.86016)
    65 (11.5017, 20.5123) -> 1175 (10.1576, 20.2587)
    66 (19.1177, 22.7113) -> 4293 (17.2796, 22.3892)
    67 (2.6321, -3.63712) -> 9448 (2.56034, -2.27471)
    68 (10.2318, 22.509) -> 9409 (8.57161, 21.6425)
    69 (17.0874, 6.65516) -> 6422 (15.107, 6.78372)
    70 (16.8221, -2.22942) -> 1556 (15.6551, -1.336)
    71 (8.48886, 25.7365) -> 8701 (8.27103, 25.407)
    72 (11.166, -4.79911) -> 8718 (10.6008, -3.76812)
    73 (11.5144, -5.23173) -> 8718 (10.6008, -3.76812)
    74 (7.31039, 22.8125) -> 5618 (6.94585, 22.2736)
    75 (13.1095, 4.47405) -> 9290 (11.6318, 5.06904)
    76 (6.19338, 14.6807) -> 7614 (4.41537, 14.8819)
    77 (5.36593, -2.03639) -> 7020 (5.20245, -1.1759)
    78 (5.1076, 9.94773) -> 9506 (3.88687, 11.1714)
    79 (10.9792, -7.66387) -> 9871 (10.1949, -6.47645)
    80 (16.6975, -6.37314) -> 9374 (15.7358, -5.6437)
    81 (18.6318, -1.37779) -> 9239 (16.9917, -0.378895)
    82 (6.50858, 26.0166) -> 4998 (5.74899, 24.9007)
    83 (10.962, 25.4648) -> 6506 (10.4172, 25.1103)
    84 (2.74662, 18.0504) -> 1550 (1.83058, 16.5439)
    85 (16.8256, -0.470342) -> 8715 (15.3347, 0.427759)
    86 (14.2974, 15.0376) -> 5559 (14.3571, 15.3264)
    87 (9.06089, 19.0916) -> 7393 (8.94042, 19.0417)
    88 (12.8837, 25.9885) -> 7062 (11.5678, 25.174)
    89 (7.57407, 24.0103) -> 9607 (6.98166, 23.435)
    90 (13.0272, 10.0168) -> 8550 (12.3552, 8.61571)
    91 (17.5509, 11.9535) -> 7812 (16.793, 13.7749)
    92 (6.4175, 12.9709) -> 331 (4.59141, 13.5861)
    93 (20.5098, 13.9099) -> 9403 (19.1281, 14.7473)
    94 (20.3823, 24.2608) -> 9285 (19.4152, 23.8806)
    95 (7.0323, -1.92922) -> 7109 (6.72358, -1.2379)
    96 (1.16072, 21.708) -> 1101 (1.20138, 19.7366)
    97 (4.51381, 26.1612) -> 7399 (4.07214, 24.9533)
    98 (6.6087, -7.28236) -> 9165 (6.02579, -5.41953)
    99 (16.7932, 24.7134) -> 8368 (14.9925, 24.1857)
    100 (10.0093, 18.8908) -> 8652 (8.31901, 18.7995)
    101 (7.18266, -7.80514) -> 9062 (7.16605, -7.67537)
    102 (10.7582, 5.69946) -> 9496 (9.36918, 6.53397)
    103 (3.6617, -1.20871) -> 8529 (3.5039, -0.418009)
    104 (4.80785, -2.84224) -> 6663 (4.38644, -1.70529)
    105 (8.68223, 2.41956) -> 9238 (7.93892, 3.28159)
    106 (15.9521, -0.299741) -> 9317 (14.7776, 0.503379)
    107 (20.5636, -0.86005) -> 9152 (20.2933, -0.38462)
    108 (20.3273, 1.12594) -> 7547 (18.8076, 2.00046)
    109 (10.5319, 27.418) -> 4700 (9.865, 26.823)
    110 (2.95417, 27.4132) -> 9194 (2.42399, 25.6444)
    111 (12.5049, 8.90123) -> 8550 (12.3552, 8.61571)
    112 (17.2073, 1.38502) -> 9808 (15.9926, 1.95232)
    113 (13.4362, -3.69043) -> 9037 (12.4034, -2.26122)
    114 (18.2798, -7.59633) -> 8295 (17.6557, -6.33914)
    115 (1.2435, -5.07649) -> 6247 (1.28968, -4.3515)
    116 (3.88102, 13.7986) -> 2523 (2.43495, 14.3873)
    117 (12.6151, -7.67634) -> 9421 (12.4304, -7.45779)
    118 (3.76821, -5.48457) -> 8269 (3.54766, -4.03097)
    119 (7.51832, 0.534968) -> 8887 (6.93211, 1.34476)
    120 (12.5776, 27.7932) -> 8385 (12.0259, 27.3131)
    121 (14.0647, 21.942) -> 8292 (13.4695, 21.7769)
    122 (18.081, -1.64617) -> 9220 (17.6828, -1.406)
    123 (16.3998, 7.00613) -> 8538 (15.8262, 6.9847)
    124 (2.36304, 20.9065) -> 6090 (1.8792, 19.1631)
    125 (13.3586, -5.17442) -> 9243 (13.0286, -4.30382)
    126 (22.1977, 23.4215) -> 7044 (20.4131, 23.1676)
    127 (17.1239, 13.5869) -> 9677 (16.1065, 15.2709)
    128 (0.643605, 21.6671) -> 7988 (0.64752, 20.8203)
    129 (6.27262, 17.3649) -> 3381 (4.76738, 16.8799)
    130 (5.71217, 0.386668) -> 6791 (5.48107, 0.851666)
    131 (5.59053, 27.7391) -> 5069 (4.87857, 26.2104)
    132 (20.0622, 25.4123) -> 7298 (19.1445, 24.9112)
    133 (5.17573, -1.40716) -> 9476 (4.4218, 0.261293)
    134 (20.6708, 27.3175) -> 4076 (19.553, 26.6862)
    135 (16.314, 3.17442) -> 7978 (15.2581, 3.79888)
    136 (22.5626, -0.798514) -> 8940 (22.0387, -0.685445)
    137 (23.8476, 22.2911) -> 8130 (22.9165, 22.3727)
    138 (21.4934, 11.7312) -> 9195 (20.5305, 12.6229)
    139 (14.2595, -5.95413) -> 8910 (13.3445, -4.54499)
    140 (17.8422, 23.6247) -> 8190 (16.879, 23.3491)
    141 (5.19535, -6.91624) -> 8492 (4.73966, -5.47461)
    142 (9.71982, 2.96086) -> 8788 (8.53257, 3.95369)
    143 (18.2683, 22.1006) -> 7272 (16.7099, 22.0759)
    144 (20.0875, -0.898839) -> 8660 (18.5692, 0.365547)
    145 (12.2227, 21.524) -> 6299 (11.6679, 21.4303)
    146 (22.1679, 15.0282) -> 9882 (21.8536, 15.1907)
    147 (7.17992, 26.8764) -> 7444 (6.46868, 26.1217)
    148 (19.963, 10.5794) -> 9776 (19.5196, 10.4595)
    149 (10.3269, 29.3756) -> 9996 (10.2988, 29.264)
    150 (4.42203, -5.99354) -> 5439 (3.98884, -4.91439)
    151 (6.96597, 10.2266) -> 2454 (6.88727, 10.241)
    152 (16.5633, 26.4739) -> 8339 (15.1582, 25.5675)
    153 (6.59209, 23.7468) -> 6975 (5.66813, 22.1964)
    154 (11.5162, -5.47489) -> 8718 (10.6008, -3.76812)
    155 (17.7248, 9.9386) -> 9720 (15.9686, 9.40547)
    156 (10.6433, -6.57181) -> 6775 (10.038, -5.9012)
    157 (8.06531, -6.05697) -> 9101 (7.41677, -4.17977)
    158 (21.3012, 7.13921) -> 8435 (20.0864, 7.03617)
    159 (21.3934, -0.381147) -> 9604 (20.1194, 0.483139)
    160 (13.0234, 24.3587) -> 8665 (12.958, 24.187)
    161 (17.1684, 22.951) -> 7820 (15.6302, 22.5818)
    162 (6.63105, 29.4471) -> 5035 (6.31575, 28.8553)
    163 (13.1138, 27.6643) -> 9126 (11.7454, 26.3522)
    164 (5.64873, 21.732) -> 9778 (4.93371, 20.9841)
    165 (1.94428, 23.4003) -> 6657 (1.90545, 23.0742)
    166 (21.9325, 15.4542) -> 8509 (20.783, 15.5567)
    167 (23.1553, 6.38938) -> 7435 (21.7517, 6.53787)
    168 (18.2649, -0.229692) -> 6485 (16.8816, 0.813696)
    169 (22.5779, 26.715) -> 8915 (21.03, 25.7927)
    170 (22.8464, 14.0084) -> 8945 (21.1821, 14.8907)
    171 (9.40985, -8.90368) -> 9966 (8.67183, -7.43611)
    172 (17.9865, -0.618656) -> 7598 (16.7635, 0.153192)
    173 (1.459, 26.0849) -> 4599 (1.21567, 24.1094)
    174 (23.7133, 0.837331) -> 9866 (23.5873, 1.092)
    175 (19.8425, -6.34804) -> 5464 (19.0176, -5.54198)
    176 (22.7374, 2.58305) -> 8880 (21.1078, 3.15842)
    177 (17.1568, 2.6943) -> 9278 (16.7642, 3.03212)
    178 (10.92, 22.562) -> 6185 (9.76899, 22.1068)
    179 (4.33972, 18.219) -> 2394 (4.19699, 18.0955)
    180 (6.94046, -4.56135) -> 3517 (6.58286, -3.60216)
    181 (7.01477, 24.4496) -> 9762 (6.552, 23.9775)
    182 (4.73489, -1.15171) -> 8475 (4.27592, -0.200485)
    183 (1.75069, 29.0106) -> 2582 (1.59005, 27.7396)
    184 (15.2212, -4.87242) -> 9426 (14.0923, -3.61693)
    185 (3.32343, 26.6885) -> 9116 (3.09071, 25.7844)
    186 (19.234, 26.1251) -> 8804 (18.2629, 25.8884)
    187 (5.03213, 25.8131) -> 6668 (4.6905, 25.4759)
    188 (2.0096, 7.65211) -> 1513 (1.60343, 9.12052)
    189 (15.338, 27.3325) -> 9630 (15.1838, 27.0533)
    190 (21.5162, 1.52361) -> 8483 (20.0027, 2.07732)
    191 (1.49112, 2.62534) -> 9389 (1.42469, 3.9669)
    192 (4.20772, 23.9909) -> 2657 (3.74547, 22.8702)
    193 (19.3126, -6.48403) -> 9581 (18.6628, -6.02044)
    194 (14.9443, -4.26698) -> 9426 (14.0923, -3.61693)
    195 (19.6165, 0.46278) -> 9947 (18.2876, 1.15028)
    196 (3.89244, 5.5785) -> 2195 (3.56919, 6.09364)
    197 (10.1399, 23.312) -> 9816 (8.73403, 22.1921)
    198 (20.4854, -1.31919) -> 8950 (20.2301, -0.891387)
    199 (6.90374, 11.7414) -> 6605 (5.2273, 12.3594)
    200 (3.1643, 13.2029) -> 8126 (1.98763, 14.1971)
    201 (21.4051, 13.5378) -> 8698 (20.2303, 14.3423)
    202 (15.8389, 8.82961) -> 8524 (15.3656, 8.54944)
    203 (11.8307, -1.40084) -> 9473 (11.4204, -0.603088)
    204 (16.9731, -1.83333) -> 3301 (16.7399, -1.72735)
    205 (10.6649, 3.06196) -> 9993 (9.446, 4.09407)
    206 (23.0271, 13.3436) -> 6307 (21.3116, 14.0937)
    207 (15.5053, 26.1346) -> 9786 (14.0769, 25.4582)
    208 (21.1789, -2.68051) -> 6984 (19.9954, -1.89432)
    209 (5.08665, -8.91328) -> 9789 (5.04223, -8.55282)
    210 (22.4717, 20.8396) -> 9204 (21.1878, 20.2233)
    211 (9.84882, 28.2191) -> 9024 (8.99561, 26.7077)
    212 (7.54101, 4.06199) -> 9863 (6.76956, 5.02793)
    213 (14.885, -6.57992) -> 6177 (14.3639, -5.82294)
    214 (8.0964, 9.82075) -> 6960 (6.97152, 9.84355)
    215 (3.58544, 21.9188) -> 7150 (3.23755, 21.0992)
    216 (7.62367, -9.3139) -> 8436 (6.86065, -7.49915)
    217 (16.1125, -5.15484) -> 9260 (15.3998, -4.38527)
    218 (13.272, 25.5321) -> 9547 (11.8318, 24.5391)
    219 (4.66823, -1.76212) -> 8383 (4.19924, -0.40752)
    220 (1.46261, 24.5844) -> 7857 (1.36843, 23.7497)
    221 (16.7768, -1.39993) -> 7133 (15.3471, -0.306741)
    222 (20.8234, 10.7378) -> 9131 (20.1078, 10.5282)
    223 (21.9765, 15.94) -> 8034 (20.6216, 16.388)
    224 (7.28125, 18.2625) -> 9984 (7.13433, 18.1779)
    225 (5.1096, -3.98866) -> 7367 (4.65876, -3.01569)
    226 (15.8312, 11.2758) -> 7955 (14.9734, 9.92652)
    227 (12.7532, 5.57376) -> 9316 (11.8717, 5.85292)
    228 (2.86088, 26.6181) -> 9654 (2.80472, 26.1215)
    229 (3.65321, -2.90758) -> 5657 (3.30722, -1.64095)
    230 (21.0891, 12.5146) -> 8822 (19.5516, 13.7654)
    231 (23.1619, -2.94079) -> 8772 (21.8467, -2.22441)
    232 (1.94985, 22.3359) -> 8889 (1.5551, 20.5019)
    233 (4.18002, 19.9412) -> 6322 (3.71513, 19.4641)
    234 (23.1333, 15.0753) -> 9615 (22.6089, 15.4729)
    235 (10.863, 24.6722) -> 8563 (10.1864, 24.3577)
    236 (18.9327, 6.95698) -> 7429 (17.2395, 7.04575)
    237 (21.6621, 24.9002) -> 9197 (20.5808, 24.4654)
    238 (7.95976, 6.01766) -> 6065 (6.56756, 6.96821)
    239 (13.917, 19.4864) -> 4860 (12.0859, 19.6494)
    240 (9.85392, -7.33355) -> 9347 (9.56965, -6.84752)
    241 (16.7437, 13.6891) -> 9677 (16.1065, 15.2709)
    242 (13.9564, -2.05833) -> 3723 (13.748, -1.93255)
    243 (8.85944, 28.2008) -> 6700 (8.1121, 27.3052)
    244 (0.545786, 15.8985) -> 0 (1, 15)
    245 (16.9729, 17.2842) -> 9007 (16.5746, 17.3794)
    246 (7.4386, 17.8269) -> 6854 (6.1512, 17.5249)
    247 (23.4203, -4.92402) -> 7752 (21.9345, -3.84938)
    248 (14.524, 9.86158) -> 4346 (14.0903, 9.50649)
    249 (13.4476, 22.0634) -> 6299 (11.6679, 21.4303)
    250 (15.6011, 17.9201) -> 9840 (14.1772, 18.2686)
    251 (10.4943, 19.3042) -> 5360 (8.81444, 19.1537)
    252 (11.3993, -5.12846) -> 8718 (10.6008, -3.76812)
    253 (17.0429, 14.0213) -> 7966 (16.4431, 14.8436)
    254 (21.9865, 13.8356) -> 6307 (21.3116, 14.0937)
    255 (23.7242, 20.4337) -> 8427 (22.2295, 20.4089)
    256 (0.827051, 7.60106) -> 9710 (0.834278, 8.2875)
    257 (0.252794, 21.2265) -> 8445 (0.493042, 19.5707)
    258 (16.6773, -8.79298) -> 7606 (15.6529, -7.29914)
    259 (21.9616, 20.1534) -> 9204 (21.1878, 20.2233)
    260 (21.6061, 14.9804) -> 8896 (19.9356, 15.6669)
    261 (16.6665, 4.59505) -> 7105 (15.4374, 4.8588)
    262 (20.4537, -1.19107) -> 8950 (20.2301, -0.891387)
    263 (14.4592, 27.515) -> 9272 (13.0305, 26.2518)
    264 (9.21554, -9.34147) -> 9966 (8.67183, -7.43611)
    265 (2.53096, 16.2239) -> 0 (1, 15)
    266 (8.37826, 29.189) -> 9580 (7.51875, 28.0708)
    267 (22.519, -1.10553) -> 9117 (21.5911, -0.641691)
    268 (0.789457, -7.00508) -> 7146 (0.723627, -5.71332)
    269 (21.1798, -5.74127) -> 8692 (20.1149, -4.97886)
    270 (2.41832, 15.4673) -> 0 (1, 15)
    271 (17.5269, 24.0913) -> 9907 (16.6585, 23.7663)
    272 (17.0781, 23.9492) -> 7369 (15.5312, 23.3449)
    273 (22.5717, -7.17741) -> 6110 (21.1191, -5.99432)
    274 (13.5876, 16.3642) -> 5927 (12.3225, 17.6483)
    275 (1.60809, 20.4084) -> 9509 (1.36384, 19.1472)
    276 (9.12963, -7.2082) -> 8694 (8.97757, -6.30626)
    277 (17.5281, 27.0881) -> 7994 (16.8957, 26.7576)
    278 (5.27202, 18.6103) -> 4767 (4.80738, 18.3796)
    279 (2.16849, 21.6581) -> 8610 (2.09078, 20.5959)
    280 (16.5121, -9.37285) -> 9429 (16.4438, -9.33059)
    281 (9.86157, -7.88561) -> 8694 (8.97757, -6.30626)
    282 (9.01415, -4.30105) -> 9975 (9.02296, -4.0065)
    283 (4.28511, 18.9107) -> 9415 (3.72109, 18.345)
    284 (6.25375, 25.8236) -> 4998 (5.74899, 24.9007)
    285 (6.43933, -4.65583) -> 8028 (5.69345, -3.12663)
    286 (21.1349, 2.84414) -> 9295 (19.4815, 3.63954)
    287 (1.56724, -8.84765) -> 6911 (1.39008, -6.99012)
    288 (16.2411, 28.1627) -> 8919 (15.9432, 28.0367)
    289 (10.7336, -2.84265) -> 9508 (9.91871, -1.4831)
    290 (3.91312, -6.93091) -> 6246 (3.80362, -5.18435)
    291 (19.995, -3.69408) -> 8806 (19.3156, -3.03331)
    292 (5.8991, 15.5994) -> 9424 (4.08036, 15.3748)
    293 (4.31623, 27.7923) -> 9431 (3.80165, 25.8894)
    294 (0.696324, 28.6799) -> 7371 (0.671638, 26.8511)
    295 (5.63357, 28.7691) -> 7389 (5.47488, 28.3594)
    296 (16.6314, -4.449) -> 9375 (15.4233, -3.47902)
    297 (23.3173, 8.38281) -> 9771 (22.5292, 8.44699)
    298 (16.5948, -2.88354) -> 7244 (15.4906, -1.78755)
    299 (17.4092, 0.455617) -> 8684 (15.8115, 1.31387)
    300 (24.5964, 0.450806) -> 9866 (23.5873, 1.092)
    301 (18.7573, 16.577) -> 5745 (17.0707, 17.2922)
    302 (20.3592, -4.76048) -> 6858 (19.4152, -3.91363)
    303 (1.98056, 12.8634) -> 3466 (1.45004, 14.0288)
    304 (12.6937, 22.0023) -> 7587 (11.6941, 21.9197)
    305 (6.01218, 17.0854) -> 2326 (4.84311, 16.7422)
    306 (7.58448, 11.101) -> 6330 (6.13969, 11.1483)
    307 (8.52734, -0.838393) -> 9311 (7.76397, 0.274581)
    308 (9.20862, -3.28997) -> 8402 (8.51868, -2.13003)
    309 (24.7982, 2.49277) -> 8962 (23.7708, 2.55104)
    310 (19.8455, -7.17679) -> 9425 (18.2759, -6.34568)
    311 (1.33847, 19.7942) -> 9509 (1.36384, 19.1472)
    312 (4.02048, 5.95409) -> 8213 (3.09785, 7.62571)
    313 (9.89821, 0.620652) -> 9128 (9.62936, 0.924758)
    314 (1.86467, -0.330838) -> 7970 (1.7932, -0.0374808)
    315 (19.7679, 7.77666) -> 9628 (18.0432, 7.50915)
    316 (5.49479, 1.26431) -> 2358 (5.28598, 1.53885)
    317 (2.92546, 9.05916) -> 5028 (2.29753, 10.6675)
    318 (2.44077, 28.9853) -> 7099 (2.39619, 27.1687)
    319 (19.3303, 12.6029) -> 9619 (18.5586, 13.4831)
    320 (17.9001, -1.50712) -> 9220 (17.6828, -1.406)
    321 (4.79247, 9.45284) -> 951 (3.66321, 10.5303)
    322 (12.3951, 5.49314) -> 8726 (10.6483, 6.14202)
    323 (11.2632, 20.2869) -> 8651 (9.40774, 19.7657)
    324 (5.98858, -1.82966) -> 7239 (5.5827, -1.05485)
    325 (18.6963, 15.151) -> 6706 (17.4593, 16.0186)
    326 (23.9388, 1.32083) -> 7855 (22.1755, 2.18442)
    327 (1.2209, 17.742) -> 2712 (1.07579, 15.8113)
    328 (18.0963, 2.87812) -> 9603 (17.9752, 2.90979)
    329 (18.8157, 10.7127) -> 9159 (18.8056, 10.6994)
    330 (13.161, 20.4571) -> 5880 (11.9877, 20.3443)
    331 (4.59141, 13.5861) -> 3232 (2.99408, 14.1963)
    332 (13.2566, -2.76051) -> 8282 (12.3186, -1.72511)
    333 (4.7731, 0.0310314) -> 5725 (4.36901, 0.845619)
    334 (19.8801, 2.17733) -> 7766 (18.1715, 2.85268)
    335 (14.0828, -6.99598) -> 6463 (13.8111, -6.07779)
    336 (14.487, 0.939605) -> 9979 (13.7925, 1.36772)
    337 (13.75, -8.58978) -> 5494 (12.6512, -7.17805)
    338 (8.47566, 26.8559) -> 9646 (7.28727, 25.5237)
    339 (13.0272, 28.9551) -> 8931 (11.8191, 27.853)
    340 (19.1313, 20.2963) -> 7186 (17.1952, 20.3392)
    341 (2.14957, 20.0741) -> 5077 (1.87012, 18.8732)
    342 (2.04258, 23.8361) -> 6657 (1.90545, 23.0742)
    343 (12.8392, 16.4045) -> 6927 (11.8957, 17.5976)
    344 (15.9376, 10.2676) -> 9836 (15.3369, 9.69397)
    345 (13.2778, 21.8487) -> 6299 (11.6679, 21.4303)
    346 (16.4902, 12.1962) -> 8275 (15.984, 12.8095)
    347 (11.8464, 28.1708) -> 6469 (10.6122, 27.049)
    348 (11.443, 24.2587) -> 7756 (11.047, 24.0453)
    349 (3.78831, 18.3164) -> 5835 (2.66981, 17.2069)
    350 (3.34726, -0.88212) -> 4815 (3.04654, 0.301467)
    351 (19.312, 4.12172) -> 7128 (17.5225, 4.73154)
    352 (4.44618, 14.1124) -> 1 (2.93005, 14.4757)
    353 (18.6422, 8.40422) -> 8175 (18.3313, 8.33999)
    354 (8.82804, -4.24831) -> 8883 (8.42073, -3.33901)
    355 (1.7701, 1.64957) -> 8593 (1.50107, 3.24099)
    356 (5.11677, -9.44915) -> 5484 (4.88673, -8.09969)
    357 (21.4398, 22.247) -> 7620 (20.0184, 21.8759)
    358 (15.1463, -5.62837) -> 8951 (14.0897, -4.60712)
    359 (2.97555, -1.26362) -> 6108 (2.481, 0.540819)
    360 (16.3521, 1.32537) -> 6163 (14.7421, 2.31947)
    361 (20.4526, 22.8181) -> 8787 (18.7703, 22.4954)
    362 (14.0797, 14.3676) -> 9442 (14.4652, 16.2675)
    363 (13.1406, 3.11261) -> 6891 (12.6337, 3.34091)
    364 (19.7129, 7.97211) -> 9628 (18.0432, 7.50915)
    365 (20.0538, 10.8039) -> 8762 (19.0305, 10.428)
    366 (8.16774, -4.11639) -> 7909 (7.44552, -2.76515)
    367 (14.8408, -7.01837) -> 9390 (14.5476, -5.95535)
    368 (4.98025, 1.17491) -> 6378 (4.70268, 2.25059)
    369 (4.09003, 0.666519) -> 3991 (3.73775, 2.53472)
    370 (11.4005, 2.41525) -> 9353 (10.2872, 3.08318)
    371 (21.0079, 28.2829) -> 9910 (20.4299, 28.047)
    372 (17.5418, 3.29102) -> 8212 (17.2214, 3.47125)
    373 (22.8104, 17.5826) -> 6561 (21.8219, 17.8205)
    374 (13.0669, 5.77089) -> 9787 (12.5373, 5.77973)
    375 (10.6045, 3.82833) -> 7733 (9.4139, 4.39081)
    376 (0.389833, 1.31275) -> 2907 (0.532038, 2.70215)
    377 (10.6446, 2.83488) -> 8658 (9.64906, 3.65034)
    378 (20.0029, -1.58106) -> 9915 (19.9448, -1.55512)
    379 (0.496476, 29.6811) -> 7014 (0.522922, 29.5658)
    380 (17.9015, -5.92336) -> 9905 (16.4876, -4.63342)
    381 (7.20057, 29.8152) -> 7479 (6.33456, 28.1777)
    382 (14.9062, 16.816) -> 9420 (14.0915, 17.2504)
    383 (8.95062, 8.03323) -> 9186 (7.60445, 8.40687)
    384 (13.2224, 16.6324) -> 4505 (12.3279, 17.6078)
    385 (5.24845, 0.584641) -> 6378 (4.70268, 2.25059)
    386 (15.1121, 17.2833) -> 6267 (13.6919, 18.0395)
    387 (15.052, 23.3514) -> 7252 (14.4294, 23.175)
    388 (18.5899, 19.7047) -> 6755 (17.1912, 19.6135)
    389 (23.9093, 1.34592) -> 7855 (22.1755, 2.18442)
    390 (18.0756, 20.7201) -> 9798 (16.4211, 20.8763)
    391 (16.1038, 5.08874) -> 9965 (14.813, 5.64782)
    392 (18.9998, 12.5533) -> 6842 (18.1946, 13.5495)
    393 (6.85859, 17.8519) -> 3150 (5.03479, 17.3597)
    394 (16.1781, 13.6428) -> 9784 (16.0432, 14.2358)
    395 (1.33314, 17.2172) -> 1435 (1.06928, 15.4541)
    396 (23.8885, 5.82342) -> 9180 (22.4337, 6.13782)
    397 (17.3909, 15.4135) -> 3864 (16.4467, 16.0248)
    398 (6.1401, 8.96275) -> 2775 (5.47114, 9.25351)
    399 (2.1975, 20.9621) -> 8610 (2.09078, 20.5959)
    400 (13.06, 27.7224) -> 7977 (12.9315, 27.6609)
    401 (12.0563, -9.49274) -> 7538 (10.9336, -7.98306)
    402 (8.18104, 19.5285) -> 6190 (6.73152, 18.9364)
    403 (16.4047, -1.49335) -> 7133 (15.3471, -0.306741)
    404 (4.08205, 25.1308) -> 8443 (3.42706, 23.8487)
    405 (23.4305, -3.55185) -> 7447 (22.1912, -2.60204)
    406 (16.7585, 11.1629) -> 8832 (16.6245, 11.0133)
    407 (7.70955, 12.8256) -> 3543 (5.86765, 13.4132)
    408 (18.3588, 25.281) -> 7852 (16.8688, 24.7495)
    409 (18.9831, 6.84647) -> 8631 (17.0285, 6.8537)
    410 (7.61347, 16.8585) -> 6048 (5.66239, 16.7092)
    411 (13.7644, 27.2721) -> 9272 (13.0305, 26.2518)
    412 (8.32997, 8.85037) -> 4402 (8.08673, 8.77465)
    413 (0.0495043, 18.6071) -> 7346 (0.456272, 17.1156)
    414 (8.12793, 9.97902) -> 4404 (6.99161, 9.93246)
    415 (18.9693, -6.71452) -> 9425 (18.2759, -6.34568)
    416 (13.9481, 8.29813) -> 8361 (12.1698, 7.96648)
    417 (12.3103, 1.48622) -> 6974 (10.9138, 2.61479)
    418 (23.1215, 2.9222) -> 8485 (22.1979, 3.1869)
    419 (14.5065, -2.6691) -> 6812 (14.3523, -2.39095)
    420 (19.7748, -7.1742) -> 9425 (18.2759, -6.34568)
    421 (11.8551, -4.48789) -> 9942 (11.1408, -3.41385)
    422 (6.55132, 9.32933) -> 7763 (6.20879, 9.51065)
    423 (22.1296, -8.17432) -> 9227 (20.8273, -7.31431)
    424 (5.43679, -7.09842) -> 8492 (4.73966, -5.47461)
    425 (17.408, 15.042) -> 4056 (16.9479, 15.5663)
    426 (4.04204, 10.0839) -> 747 (2.98901, 11.593)
    427 (23.2688, 8.28251) -> 9771 (22.5292, 8.44699)
    428 (6.86876, -9.47264) -> 8668 (6.64042, -8.90282)
    429 (9.73132, -7.97752) -> 5234 (9.40399, -7.38465)
    430 (12.8403, 16.2649) -> 6927 (11.8957, 17.5976)
    431 (17.8679, 29.3262) -> 6328 (16.6867, 28.5974)
    432 (24.2204, 5.76018) -> 9180 (22.4337, 6.13782)
    433 (1.20468, 28.5893) -> 9388 (1.19654, 26.8961)
    434 (21.746, 24.1712) -> 8200 (20.7713, 23.8469)
    435 (8.76533, 8.72131) -> 4402 (8.08673, 8.77465)
    436 (24.2215, 26.8483) -> 8773 (22.5624, 25.9527)
    437 (1.46102, -5.07567) -> 2686 (1.34467, -3.36411)
    438 (11.2025, -7.38914) -> 8322 (10.8994, -6.5858)
    439 (12.7797, 4.52837) -> 8968 (11.9898, 4.84677)
    440 (9.5746, 5.23025) -> 7470 (8.48616, 5.79256)
    441 (21.3293, -6.2774) -> 9175 (20.912, -5.89941)
    442 (0.371072, 17.0225) -> 1503 (0.56513, 16.4449)
    443 (6.36624, 14.8254) -> 7614 (4.41537, 14.8819)
    444 (1.31248, 6.03146) -> 4178 (1.25789, 6.46555)
    445 (9.50488, 2.00129) -> 9047 (8.95219, 2.46103)
    446 (24.7615, 3.62) -> 9201 (24.5894, 3.64455)
    447 (5.54785, 1.96465) -> 7552 (5.57315, 2.56933)
    448 (9.33337, 29.619) -> 8289 (8.65155, 28.2807)
    449 (16.7817, 12.2535) -> 8275 (15.984, 12.8095)
    450 (0.690927, -7.86163) -> 5983 (0.567516, -5.92537)
    451 (6.15217, -1.88964) -> 6181 (6.00287, -1.36377)
    452 (11.8611, 2.43735) -> 2961 (10.8236, 2.99305)
    453 (6.7833, -8.37844) -> 8344 (6.44094, -7.31589)
    454 (15.6421, 23.1408) -> 9870 (13.758, 22.5813)
    455 (0.136721, -1.04993) -> 7730 (0.138963, 0.850484)
    456 (20.3094, 14.7027) -> 9705 (19.5389, 14.8322)
    457 (4.67353, 25.5651) -> 6668 (4.6905, 25.4759)
    458 (12.5284, 0.389007) -> 8936 (12.3463, 0.631788)
    459 (3.87696, 19.1141) -> 6352 (2.71191, 17.6626)
    460 (2.08511, -8.2588) -> 6016 (1.66256, -6.62568)
    461 (14.7287, 12.4135) -> 5249 (15.4302, 13.6706)
    462 (14.8821, 11.5788) -> 8970 (14.4672, 10.0121)
    463 (15.6558, 24.1122) -> 8263 (14.9926, 23.9136)
    464 (15.4254, 26.0301) -> 9786 (14.0769, 25.4582)
    465 (3.97717, 16.4633) -> 1099 (2.21894, 15.6651)
    466 (4.84917, 15.4787) -> 9424 (4.08036, 15.3748)
    467 (2.09591, 8.37985) -> 8451 (1.74788, 9.95063)
    468 (19.7016, 14.8268) -> 9705 (19.5389, 14.8322)
    469 (24.5098, 7.43394) -> 8871 (22.7559, 7.56532)
    470 (21.807, -5.24213) -> 5505 (21.0093, -4.81595)
    471 (11.4979, 2.7592) -> 5016 (10.0194, 3.71434)
    472 (22.313, 24.2238) -> 8200 (20.7713, 23.8469)
    473 (19.1855, 5.80028) -> 7892 (18.6261, 5.93886)
    474 (23.9039, -9.09741) -> 9873 (22.6052, -7.83885)
    475 (2.43812, 23.9609) -> 8956 (2.41231, 23.336)
    476 (14.5625, 16.2188) -> 4523 (13.9456, 17.0713)
    477 (21.0278, -5.27554) -> 8659 (19.7052, -3.85758)
    478 (12.406, 19.2282) -> 2173 (11.4118, 19.4803)
    479 (5.16692, -2.66451) -> 7277 (4.5528, -1.27149)
    480 (20.925, 7.02849) -> 8435 (20.0864, 7.03617)
    481 (24.3772, 3.95577) -> 7324 (22.8196, 4.20134)
    482 (3.17526, 0.949083) -> 5402 (2.65107, 2.81959)
    483 (20.3504, 22.6014) -> 7826 (18.3763, 22.3459)
    484 (6.78274, -7.20026) -> 9165 (6.02579, -5.41953)
    485 (0.936058, 8.70848) -> 6017 (0.947566, 10.646)
    486 (9.41508, 5.49908) -> 9885 (8.54275, 5.8686)
    487 (24.111, -1.91639) -> 9794 (22.5579, -0.957286)
    488 (23.2232, 28.0424) -> 9913 (21.5889, 27.0629)
    489 (12.9754, 19.3408) -> 6904 (11.6541, 19.6207)
    490 (14.9302, 21.7974) -> 8828 (13.2909, 21.54)
    491 (7.93409, -7.58015) -> 5585 (7.51507, -6.34186)
    492 (19.2852, 17.5304) -> 7050 (17.8733, 17.9237)
    493 (13.8591, -8.5156) -> 9622 (12.7951, -6.91725)
    494 (8.05749, 20.2995) -> 7509 (7.60104, 20.0998)
    495 (3.68689, 16.4194) -> 1099 (2.21894, 15.6651)
    496 (0.618968, 9.53107) -> 5836 (0.617336, 10.3751)
    497 (20.9496, 17.1707) -> 8251 (19.3983, 17.5947)
    498 (3.65389, 19.0367) -> 1443 (2.80337, 17.9887)
    499 (6.23211, 7.04982) -> 9323 (5.12254, 8.1296)
    500 (12.2582, 18.913) -> 5637 (10.7775, 19.149)
    501 (7.00653, 15.7254) -> 8825 (6.7332, 15.6756)
    502 (21.4717, 17.3406) -> 8607 (20.5333, 17.6469)
    503 (24.8758, 24.9583) -> 8365 (23.5903, 24.4092)
    504 (9.47849, 23.3803) -> 6556 (8.62057, 22.8869)
    505 (13.8431, 27.7196) -> 6303 (12.415, 26.7463)
    506 (0.0840427, 17.9685) -> 1503 (0.56513, 16.4449)
    507 (9.72992, -7.21852) -> 9347 (9.56965, -6.84752)
    508 (8.81943, 20.617) -> 7680 (7.02061, 19.8807)
    509 (13.8349, 16.275) -> 7748 (12.7976, 17.8039)
    510 (0.696282, 7.78117) -> 5120 (0.576789, 8.88089)
    511 (18.1264, 23.2633) -> 7494 (17.8759, 23.2613)
    512 (6.99919, 17.0061) -> 910 (5.57429, 16.8541)
    513 (21.7784, 1.40473) -> 8483 (20.0027, 2.07732)
    514 (12.6312, -7.63561) -> 8952 (12.6079, -7.51522)
    515 (21.3134, -0.803818) -> 9152 (20.2933, -0.38462)
    516 (2.27267, -9.15655) -> 8510 (2.2479, -8.98666)
    517 (22.225, 13.3647) -> 2639 (21.5817, 13.7517)
    518 (23.7888, 26.2167) -> 9362 (22.0482, 25.6222)
    519 (5.60429, 19.4169) -> 4919 (5.51945, 19.3447)
    520 (15.4538, -4.29457) -> 9748 (14.3187, -2.76937)
    521 (20.3194, 15.2401) -> 9902 (18.8825, 16.2968)
    522 (22.023, 26.9864) -> 9755 (21.4139, 26.8244)
    523 (8.15974, 24.1675) -> 6601 (7.58283, 23.7069)
    524 (9.6226, 18.2086) -> 4911 (7.64603, 18.3507)
    525 (9.31731, 4.88199) -> 6433 (7.77626, 5.87681)
    526 (7.32952, 6.99442) -> 9989 (5.89813, 7.92229)
    527 (10.6187, -4.88468) -> 8410 (9.90997, -3.76534)
    528 (1.75033, 27.6308) -> 7214 (1.69459, 27.1502)
    529 (24.5693, -4.99161) -> 9264 (23.2565, -4.13449)
    530 (0.0151012, -5.1907) -> 7787 (0.0401226, -4.25998)
    531 (2.01355, 2.83894) -> 3751 (1.62396, 4.66767)
    532 (20.4716, -8.40926) -> 8734 (20.0867, -8.10613)
    533 (10.8811, -5.4347) -> 7660 (10.2524, -4.43049)
    534 (1.70297, 9.5569) -> 6693 (1.47097, 11.4496)
    535 (4.21326, 14.475) -> 8757 (2.54877, 14.7943)
    536 (5.11708, -5.97874) -> 9055 (4.79934, -4.50357)
    537 (12.2405, -0.745239) -> 4347 (11.7193, -0.302011)
    538 (5.35458, -9.544) -> 7182 (5.13322, -8.5726)
    539 (6.95726, 26.3082) -> 8414 (6.17638, 24.7982)
    540 (23.7483, -4.79839) -> 8808 (23.4095, -4.54061)
    541 (18.5353, -5.40263) -> 5941 (17.7069, -4.60831)
    542 (20.6055, 14.8197) -> 5674 (19.8954, 15.2567)
    543 (8.18215, 24.7878) -> 9607 (6.98166, 23.435)
    544 (2.88765, 18.6123) -> 6355 (2.78794, 18.1459)
    545 (20.3935, 16.2206) -> 7502 (19.2277, 16.6657)
    546 (1.74947, 2.26648) -> 3629 (1.68844, 3.62174)
    547 (20.6676, 11.8757) -> 8375 (19.6531, 13.0595)
    548 (5.70511, 26.7963) -> 3082 (5.00303, 25.5252)
    549 (16.0685, 21.5701) -> 7408 (15.5144, 21.68)
    550 (3.77195, -5.24473) -> 8269 (3.54766, -4.03097)
    551 (18.978, -1.72037) -> 8911 (17.7518, -0.933013)
    552 (17.6796, -6.78992) -> 9483 (16.6008, -5.91076)
    553 (21.5318, -8.92657) -> 9944 (20.2927, -7.87122)
    554 (8.68598, -5.89321) -> 5370 (8.41062, -5.05001)
    555 (2.9131, 12.6225) -> 8784 (2.05269, 13.6707)
    556 (19.2698, 6.6003) -> 7650 (17.6053, 6.62823)
    557 (11.2568, 2.37718) -> 6974 (10.9138, 2.61479)
    558 (20.7289, -1.47173) -> 6402 (19.5809, -0.877221)
    559 (15.6805, 22.3206) -> 6414 (14.1148, 21.9886)
    560 (18.1618, 24.2642) -> 5386 (17.1195, 23.8967)
    561 (14.0441, 22.9648) -> 3328 (13.4534, 22.7365)
    562 (8.91963, 9.90467) -> 6960 (6.97152, 9.84355)
    563 (5.5614, 4.24305) -> 5033 (5.21793, 4.76017)
    564 (17.7199, -3.77377) -> 2052 (16.277, -2.51198)
    565 (2.69893, 13.2678) -> 1247 (1.90256, 14.1428)
    566 (17.0885, 24.542) -> 9893 (16.1371, 23.9718)
    567 (2.727, 5.70441) -> 4175 (2.47221, 6.68493)
    568 (16.3447, 21.484) -> 7519 (16.12, 21.2589)
    569 (22.1116, 6.79855) -> 9174 (20.9906, 6.80576)
    570 (15.0152, 9.29115) -> 8377 (14.1235, 9.00956)
    571 (5.49046, 19.9026) -> 9283 (4.42344, 18.7172)
    572 (18.4446, 25.0145) -> 9450 (17.4845, 24.5092)
    573 (22, 26.1522) -> 9134 (21.2801, 25.6024)
    574 (6.04343, 7.33035) -> 9323 (5.12254, 8.1296)
    575 (14.5599, 5.69988) -> 9587 (13.8067, 5.90609)
    576 (0.759185, 5.81422) -> 7046 (0.700201, 6.88162)
    577 (0.49878, -2.77125) -> 7871 (0.436902, -1.81241)
    578 (7.95417, 21.555) -> 9367 (6.89775, 20.6801)
    579 (1.3432, -1.28662) -> 2697 (1.21572, 0.405221)
    580 (1.20615, 7.01079) -> 4739 (1.1456, 8.70754)
    581 (18.1534, 3.61169) -> 8946 (17.2031, 3.97174)
    582 (24.3497, 0.774434) -> 9866 (23.5873, 1.092)
    583 (19.5433, 26.8272) -> 3980 (18.003, 25.9341)
    584 (15.25, 11.4601) -> 7992 (15.0267, 10.8461)
    585 (12.4159, 18.6104) -> 9768 (10.4813, 18.9291)
    586 (6.41473, -8.88827) -> 6810 (6.00654, -7.61991)
    587 (12.6426, -5.88021) -> 9929 (11.55, -4.86516)
    588 (18.9959, 1.391) -> 9461 (17.3141, 2.21615)
    589 (4.41263, 17.347) -> 1228 (2.95375, 16.4262)
    590 (14.322, -5.14715) -> 7824 (13.2733, -4.06375)
    591 (13.9707, 3.49189) -> 9139 (13.2931, 3.95796)
    592 (16.1958, 0.0728193) -> 9765 (14.831, 0.871887)
    593 (15.5699, 16.6219) -> 8765 (14.5507, 17.2123)
    594 (21.6154, 27.3025) -> 9192 (20.7445, 26.602)
    595 (16.2992, 11.3498) -> 9277 (15.8409, 10.7164)
    596 (19.2252, 9.64061) -> 9048 (18.4752, 9.45551)
    597 (12.6821, 20.8441) -> 6122 (11.1539, 20.585)
    598 (22.8715, 9.79286) -> 8581 (22.7163, 9.72445)
    599 (3.57836, -3.70316) -> 9813 (3.55692, -1.70462)
    600 (2.75807, -8.74292) -> 5457 (2.67004, -8.16584)
    601 (19.6053, -9.5047) -> 9596 (19.0355, -8.8206)
    602 (23.6755, 19.4493) -> 8246 (23.0466, 19.4185)
    603 (9.04247, 27.7414) -> 9413 (8.94854, 27.5822)
    604 (1.3381, 7.00512) -> 4739 (1.1456, 8.70754)
    605 (6.90778, -5.31228) -> 7120 (6.38111, -3.88061)
    606 (21.726, 26.397) -> 8915 (21.03, 25.7927)
    607 (10.1811, -2.82054) -> 5514 (9.11889, -1.63679)
    608 (5.42094, -9.12112) -> 8602 (5.20814, -7.25018)
    609 (5.03029, 20.4633) -> 6501 (4.46913, 19.8866)
    610 (0.640471, 5.25613) -> 7046 (0.700201, 6.88162)
    611 (2.80404, 13.5215) -> 8126 (1.98763, 14.1971)
    612 (22.3864, 6.49347) -> 9070 (20.8878, 6.65036)
    613 (3.29928, 16.358) -> 6060 (1.61106, 15.3277)
    614 (17.8892, 22.0511) -> 5953 (16.1248, 21.973)
    615 (6.00188, 17.6088) -> 7368 (5.08038, 17.246)
    616 (6.11069, 12.5471) -> 8009 (4.59015, 13.1827)
    617 (14.5944, 28.4387) -> 8840 (13.105, 27.3351)
    618 (1.16487, 20.9014) -> 6779 (1.05681, 19.3532)
    619 (19.4679, -8.49379) -> 9978 (18.571, -7.60026)
    620 (4.85852, 29.2011) -> 8364 (4.83357, 29.082)
    621 (0.74797, 10.9681) -> 3749 (0.741602, 11.0055)
    622 (5.63508, -8.40844) -> 8476 (5.23509, -6.89625)
    623 (13.9713, 24.2347) -> 8503 (12.722, 23.6413)
    624 (16.2695, 6.36254) -> 9001 (14.4617, 6.61374)
    625 (10.6261, 29.3953) -> 8926 (10.5041, 29.3134)
    626 (15.9935, -5.22339) -> 9811 (15.5945, -4.9441)
    627 (7.39269, -7.92753) -> 9124 (7.14167, -6.63745)
    628 (3.18076, 12.1315) -> 8784 (2.05269, 13.6707)
    629 (4.632, 6.37742) -> 9020 (4.04391, 7.39465)
    630 (6.91028, -2.08162) -> 4116 (6.28427, -0.308544)
    631 (14.3172, 25.4519) -> 9786 (14.0769, 25.4582)
    632 (4.88324, -7.07297) -> 9703 (4.66779, -5.56133)
    633 (1.5202, 1.07192) -> 9164 (1.28976, 2.42117)
    634 (1.87697, -1.0338) -> 7970 (1.7932, -0.0374808)
    635 (4.82715, 1.45512) -> 6378 (4.70268, 2.25059)
    636 (24.9679, 19.4107) -> 8246 (23.0466, 19.4185)
    637 (24.6519, 12.1775) -> 8075 (23.6547, 12.818)
    638 (5.27549, 9.04779) -> 2771 (3.88882, 10.3297)
    639 (8.63837, 26.8753) -> 9646 (7.28727, 25.5237)
    640 (9.82286, -5.2803) -> 9975 (9.02296, -4.0065)
    641 (20.9799, -2.43469) -> 9915 (19.9448, -1.55512)
    642 (4.68964, 26.8459) -> 7399 (4.07214, 24.9533)
    643 (12.728, -6.10456) -> 9929 (11.55, -4.86516)
    644 (0.170939, 22.4908) -> 8680 (0.259042, 22.1034)
    645 (14.554, 24.1438) -> 7825 (14.0176, 23.9197)
    646 (14.1953, 6.96272) -> 6877 (12.3797, 6.90577)
    647 (8.94325, 1.55013) -> 4059 (8.35628, 2.35464)
    648 (13.7349, 15.9462) -> 5122 (12.9335, 17.2184)
    649 (19.5642, 7.77581) -> 9628 (18.0432, 7.50915)
    650 (16.6377, 3.55234) -> 9680 (16.0831, 4.25929)
    651 (12.481, 16.1338) -> 7779 (11.6315, 17.7232)
    652 (9.537, -0.516942) -> 6539 (8.59834, 0.525719)
    653 (16.3868, 5.57021) -> 8505 (15.7082, 5.67018)
    654 (9.33175, -3.4478) -> 8402 (8.51868, -2.13003)
    655 (2.50659, -1.18346) -> 6054 (2.36057, 0.290033)
    656 (7.44018, 24.0859) -> 6409 (6.35143, 22.9063)
    657 (18.0782, 8.56298) -> 9242 (16.8802, 8.36521)
    658 (22.1644, 0.0983996) -> 8386 (21.6559, 0.253185)
    659 (1.65824, 22.7711) -> 8424 (1.61461, 21.9561)
    660 (0.238829, 21.1016) -> 9924 (0.271941, 20.3841)
    661 (12.2974, 10.2229) -> 6319 (11.6769, 8.427)
    662 (6.5136, 4.6809) -> 8541 (5.55318, 5.8158)
    663 (17.3539, 12.8928) -> 9462 (16.8506, 13.9392)
    664 (6.72088, 23.2334) -> 8230 (5.84298, 22.0093)
    665 (19.1404, -3.78643) -> 6989 (18.3091, -3.13285)
    666 (17.6027, -5.95927) -> 8816 (16.2526, -4.49698)
    667 (8.23245, 8.77395) -> 4402 (8.08673, 8.77465)
    668 (10.9707, 17.621) -> 9732 (9.31299, 18.3777)
    669 (19.5636, -2.15654) -> 8014 (18.1364, -1.26873)
    670 (18.2963, 27.2032) -> 9740 (16.6573, 26.1718)
    671 (18.5145, 2.75813) -> 9603 (17.9752, 2.90979)
    672 (5.63493, 2.20109) -> 7552 (5.57315, 2.56933)
    673 (8.49854, -7.38904) -> 6336 (7.73672, -5.65903)
    674 (15.1902, 11.0936) -> 8970 (14.4672, 10.0121)
    675 (0.558238, 20.6049) -> 9672 (0.606001, 19.618)
    676 (16.5832, 27.4599) -> 7804 (15.5283, 26.671)
    677 (16.6508, 2.17661) -> 7995 (15.2463, 2.84104)
    678 (5.94694, 23.1809) -> 6887 (5.00365, 21.514)
    679 (21.4911, 14.6401) -> 5674 (19.8954, 15.2567)
    680 (11.8583, 5.95087) -> 6784 (10.2465, 6.4601)
    681 (20.7133, 18.8762) -> 9560 (18.896, 18.8481)
    682 (14.1844, 4.88831) -> 9087 (13.7542, 4.83996)
    683 (20.7234, -9.52324) -> 7177 (20.0003, -8.96214)
    684 (4.88762, -5.43682) -> 9055 (4.79934, -4.50357)
    685 (4.45833, -7.0899) -> 9988 (4.06319, -6.10221)
    686 (0.246389, 14.3699) -> 0 (1, 15)
    687 (3.65385, 1.27929) -> 6776 (2.95012, 2.98312)
    688 (24.7512, -4.63415) -> 7802 (24.0385, -4.24364)
    689 (2.07259, 17.1404) -> 6793 (1.51384, 16.1089)
    690 (13.7176, 14.5492) -> 9664 (14.1214, 16.3146)
    691 (15.1513, 15.8773) -> 4523 (13.9456, 17.0713)
    692 (0.628971, 14.2433) -> 0 (1, 15)
    693 (14.8999, 10.9914) -> 9292 (13.9694, 9.43567)
    694 (5.16693, 14.3137) -> 535 (4.21326, 14.475)
    695 (4.94652, 16.236) -> 3228 (3.38675, 15.8187)
    696 (11.8156, -6.91351) -> 8157 (11.2639, -6.19063)
    697 (9.69103, 4.06573) -> 5491 (8.32011, 5.23261)
    698 (24.6615, 7.64884) -> 8871 (22.7559, 7.56532)
    699 (18.6643, 2.61071) -> 9603 (17.9752, 2.90979)
    700 (0.889197, 14.0336) -> 0 (1, 15)
    701 (17.3843, -6.44109) -> 9235 (16.6076, -5.65863)
    702 (1.41581, 4.00552) -> 9231 (1.18379, 5.89328)
    703 (23.2477, 3.8388) -> 9741 (21.3373, 4.08485)
    704 (8.7544, 18.7063) -> 9173 (7.38901, 18.5799)
    705 (5.0999, 3.25319) -> 9620 (4.53465, 4.55372)
    706 (22.6165, 4.89414) -> 9249 (22.0743, 5.14532)
    707 (0.784247, 27.0593) -> 4550 (0.807768, 25.2973)
    708 (8.32768, -4.30099) -> 9111 (7.76805, -2.89183)
    709 (22.2515, -8.83163) -> 6806 (20.7912, -7.59859)
    710 (6.55988, -9.29708) -> 6810 (6.00654, -7.61991)
    711 (13.3207, 0.64483) -> 8998 (13.0537, 0.791904)
    712 (1.67089, -5.54814) -> 8639 (1.664, -4.64234)
    713 (2.60052, 14.7979) -> 0 (1, 15)
    714 (4.76983, 28.0717) -> 9080 (4.54243, 26.9068)
    715 (4.27688, 25.7172) -> 7399 (4.07214, 24.9533)
    716 (18.1323, -8.38177) -> 9633 (17.3146, -7.03746)
    717 (2.93707, -3.79902) -> 9448 (2.56034, -2.27471)
    718 (23.278, 28.8974) -> 9215 (21.9663, 28.0278)
    719 (1.0851, 23.5396) -> 6128 (1.0468, 23.0753)
    720 (20.6052, -1.07844) -> 8950 (20.2301, -0.891387)
    721 (10.2426, -3.03899) -> 8421 (9.95989, -2.64228)
    722 (2.59733, 7.47653) -> 8805 (2.37042, 7.99646)
    723 (8.70017, -5.70918) -> 1963 (8.07709, -4.34945)
    724 (15.129, 17.7467) -> 9386 (14.0235, 18.1192)
    725 (15.6976, -8.84952) -> 9896 (14.7573, -7.45363)
    726 (0.181688, 7.43507) -> 9066 (0.169029, 7.69519)
    727 (4.04968, 22.2019) -> 9464 (3.74989, 21.4159)
    728 (0.636119, 6.72406) -> 3518 (0.690411, 8.41947)
    729 (3.16892, -1.76167) -> 9877 (2.92824, -0.889721)
    730 (18.9386, 13.1272) -> 9619 (18.5586, 13.4831)
    731 (23.5148, 15.5534) -> 5952 (22.1949, 15.8322)
    732 (9.45304, 21.2769) -> 7600 (7.81684, 20.476)
    733 (20.8138, -1.86035) -> 6402 (19.5809, -0.877221)
    734 (14.8296, 1.13098) -> 8337 (13.548, 2.01046)
    735 (3.08649, -1.74212) -> 9011 (2.97593, -1.29837)
    736 (14.0632, 10.4683) -> 8100 (13.2796, 9.06659)
    737 (16.3506, 26.0563) -> 8339 (15.1582, 25.5675)
    738 (1.18478, 1.86941) -> 7357 (1.15878, 3.31452)
    739 (17.6342, 21.5737) -> 7519 (16.12, 21.2589)
    740 (14.0523, 11.3896) -> 9292 (13.9694, 9.43567)
    741 (5.06271, 19.6151) -> 9415 (3.72109, 18.345)
    742 (13.6387, 20.2096) -> 8031 (12.1525, 20.0637)
    743 (18.0698, 10.1921) -> 7823 (17.9637, 10.0319)
    744 (7.03771, 9.531) -> 8056 (5.52824, 10.1536)
    745 (4.72084, -2.35393) -> 7277 (4.5528, -1.27149)
    746 (14.0176, 23.4819) -> 8696 (12.353, 22.9357)
    747 (2.98901, 11.593) -> 6154 (2.30633, 12.5436)
    748 (5.44658, 15.8673) -> 8565 (4.91118, 15.7422)
    749 (20.1019, 16.5477) -> 8132 (18.3156, 17.376)
    750 (18.0008, -4.20341) -> 5938 (16.7287, -3.14558)
    751 (15.29, 24.8098) -> 6515 (13.6569, 24.0919)
    752 (2.28807, -2.94988) -> 9228 (2.24851, -1.25066)
    753 (17.4516, 22.3819) -> 7342 (16.4354, 22.3296)
    754 (6.04084, 14.4751) -> 3689 (4.43565, 14.5611)
    755 (5.90971, -1.4086) -> 7394 (5.30532, 0.0920431)
    756 (6.22274, 27.8109) -> 9291 (5.75778, 26.4075)
    757 (15.6241, 13.3382) -> 7305 (15.4466, 15.116)
    758 (17.5913, -8.55107) -> 8935 (16.5421, -7.57078)
    759 (8.45362, -0.0447363) -> 8085 (7.58577, 1.01599)
    760 (3.66483, 23.5393) -> 8362 (3.37565, 22.8669)
    761 (24.9, 9.22371) -> 9361 (24.3406, 9.09614)
    762 (9.74912, 9.87287) -> 5379 (8.30871, 9.1787)
    763 (12.6948, 19.6044) -> 6904 (11.6541, 19.6207)
    764 (3.94218, 27.9888) -> 6431 (3.433, 26.2144)
    765 (11.8148, 6.38755) -> 9207 (11.3995, 6.46877)
    766 (2.52273, 5.22217) -> 8204 (2.23195, 6.84648)
    767 (5.68168, 24.6639) -> 7617 (5.29239, 24.0644)
    768 (13.8199, 24.0712) -> 8503 (12.722, 23.6413)
    769 (9.31864, -7.61361) -> 8694 (8.97757, -6.30626)
    770 (5.35268, -3.20644) -> 8208 (4.94755, -2.38453)
    771 (16.215, 21.844) -> 8568 (15.5719, 21.7594)
    772 (5.71112, 6.10871) -> 5771 (5.61023, 6.21363)
    773 (2.19904, 4.1102) -> 9518 (1.89782, 5.89532)
    774 (6.84512, 4.32665) -> 8541 (5.55318, 5.8158)
    775 (12.166, 16.5413) -> 8367 (11.8697, 17.0745)
    776 (17.1261, -8.76963) -> 8264 (17.0587, -8.54612)
    777 (0.285395, 3.17047) -> 3641 (0.173827, 4.76832)
    778 (22.3813, 1.52391) -> 8380 (21.1937, 2.5461)
    779 (5.54555, -3.48477) -> 8208 (4.94755, -2.38453)
    780 (22.8674, 3.46036) -> 9157 (21.9032, 3.71324)
    781 (16.0747, 17.5982) -> 7637 (15.9649, 17.6752)
    782 (5.02307, 21.5386) -> 7693 (3.97328, 20.3204)
    783 (10.3109, 27.6733) -> 6277 (9.93584, 27.1872)
    784 (18.5728, 26.5207) -> 6867 (17.7899, 26.2706)
    785 (6.03446, 12.8603) -> 3478 (4.277, 13.4898)
    786 (14.5479, 0.0286857) -> 8786 (13.6426, 0.48389)
    787 (18.9367, 0.193559) -> 8660 (18.5692, 0.365547)
    788 (6.95273, 8.18113) -> 6998 (5.83222, 8.89382)
    789 (20.1278, -8.76663) -> 6262 (19.2112, -7.84638)
    790 (18.4667, 13.281) -> 6725 (17.2729, 14.5388)
    791 (1.11729, 23.6186) -> 7181 (1.20328, 22.7817)
    792 (0.719056, -0.787565) -> 7895 (0.694046, 0.800791)
    793 (24.6735, -0.551625) -> 7996 (24.6162, -0.508452)
    794 (15.6547, 11.5836) -> 8564 (15.3583, 10.5981)
    795 (5.03887, 20.5491) -> 7023 (4.4545, 19.8697)
    796 (24.0708, 27.6604) -> 9149 (22.7677, 27.241)
    797 (16.3524, 23.4816) -> 5447 (15.1952, 23.1621)
    798 (18.7955, 10.204) -> 8207 (17.3656, 9.60304)
    799 (2.99219, -1.06107) -> 9782 (2.6709, 0.0174276)
    800 (8.84043, 22.3284) -> 5531 (8.25549, 22.0014)
    801 (24.6076, 9.85813) -> 9963 (23.3986, 10.1167)
    802 (12.8065, 9.34008) -> 8550 (12.3552, 8.61571)
    803 (15.1463, 8.21797) -> 9524 (14.5541, 8.14355)
    804 (1.22187, 13.2676) -> 0 (1, 15)
    805 (11.8533, -1.28625) -> 9473 (11.4204, -0.603088)
    806 (15.604, -7.08802) -> 6786 (14.4075, -5.69256)
    807 (13.978, 25.5158) -> 2948 (13.0344, 25.0853)
    808 (20.0356, -8.31559) -> 6871 (19.1187, -7.30954)
    809 (11.9699, -0.802457) -> 8809 (11.6734, -0.416002)
    810 (2.62318, 26.7) -> 9194 (2.42399, 25.6444)
    811 (11.9628, 21.575) -> 8320 (10.737, 21.0482)
    812 (17.9503, 26.1403) -> 6134 (16.3414, 25.1774)
    813 (7.87431, 24.3213) -> 9837 (6.65827, 23.2631)
    814 (7.43783, -0.66816) -> 5343 (6.85444, 0.365968)
    815 (23.5432, 1.16638) -> 6085 (22.0904, 1.87508)
    816 (15.7526, 3.74769) -> 8277 (14.4304, 4.05053)
    817 (9.42791, 7.94546) -> 9186 (7.60445, 8.40687)
    818 (8.39582, 17.4187) -> 7316 (7.17191, 17.2786)
    819 (21.2121, 9.93785) -> 9757 (19.7504, 9.48143)
    820 (6.579, 16.1541) -> 8066 (4.63401, 16.033)
    821 (12.8644, -6.87751) -> 9499 (11.88, -5.39647)
    822 (21.5326, -2.04901) -> 8950 (20.2301, -0.891387)
    823 (23.4977, 24.4794) -> 9078 (22.2811, 24.1322)
    824 (5.35469, -2.03707) -> 7020 (5.20245, -1.1759)
    825 (16.0496, 25.0089) -> 7141 (15.3694, 24.839)
    826 (0.437828, 13.0411) -> 2515 (0.712836, 13.9254)
    827 (4.07831, 6.02073) -> 5623 (3.88952, 6.3915)
    828 (0.835489, -9.87598) -> 8416 (0.837716, -8.64721)
    829 (18.0729, 22.5059) -> 7342 (16.4354, 22.3296)
    830 (6.36768, -4.08767) -> 8781 (6.06994, -3.52593)
    831 (9.10751, 10.0741) -> 1923 (7.55163, 9.71791)
    832 (9.70292, -0.767937) -> 6539 (8.59834, 0.525719)
    833 (5.62662, -8.25021) -> 8476 (5.23509, -6.89625)
    834 (1.56064, -2.95691) -> 9405 (1.45476, -1.82513)
    835 (5.77005, 16.0302) -> 6019 (3.85483, 15.8669)
    836 (6.74878, -2.54156) -> 8425 (6.17291, -1.3877)
    837 (13.2981, 2.79253) -> 8739 (12.4359, 3.28598)
    838 (10.0314, 23.9477) -> 6895 (8.58477, 23.1326)
    839 (18.1733, 19.4081) -> 4544 (16.8939, 19.5427)
    840 (10.0196, 25.5272) -> 9974 (9.09617, 24.6693)
    841 (2.01949, 17.3821) -> 6793 (1.51384, 16.1089)
    842 (5.73803, -0.730676) -> 9843 (5.4839, 0.641024)
    843 (5.03889, -3.04161) -> 7277 (4.5528, -1.27149)
    844 (11.7819, 25.09) -> 5087 (10.8728, 24.604)
    845 (18.0937, 7.02298) -> 7429 (17.2395, 7.04575)
    846 (16.431, 7.36629) -> 5155 (15.7405, 7.29299)
    847 (12.3701, 29.2553) -> 8307 (11.4018, 28.2906)
    848 (2.12884, 28.3822) -> 7887 (1.97553, 26.9139)
    849 (21.1646, -0.644778) -> 9152 (20.2933, -0.38462)
    850 (23.9431, 2.75038) -> 9556 (22.56, 3.42085)
    851 (7.24516, 9.05757) -> 7763 (6.20879, 9.51065)
    852 (17.867, 9.84324) -> 8207 (17.3656, 9.60304)
    853 (10.5527, 21.1178) -> 1638 (8.76665, 20.6558)
    854 (12.5951, 2.97584) -> 7973 (12.3229, 3.1298)
    855 (9.35831, 19.6302) -> 9892 (8.44365, 19.5042)
    856 (8.03391, 11.5662) -> 7035 (6.0421, 11.6684)
    857 (8.06196, 2.47776) -> 8725 (7.62509, 3.26013)
    858 (7.15385, 11.8436) -> 6605 (5.2273, 12.3594)
    859 (8.81605, -4.80003) -> 8883 (8.42073, -3.33901)
    860 (24.4821, -9.8088) -> 9539 (23.4605, -8.93297)
    861 (23.5785, 7.8837) -> 9771 (22.5292, 8.44699)
    862 (24.7059, 12.7247) -> 9105 (23.2778, 13.2295)
    863 (24.8652, 8.12906) -> 7986 (24.3855, 8.06459)
    864 (19.5508, 25.2223) -> 9296 (17.9426, 24.5965)
    865 (12.5065, 27.3699) -> 9126 (11.7454, 26.3522)
    866 (17.9209, 28.1535) -> 1900 (16.83, 27.2415)
    867 (8.32656, 26.3335) -> 9646 (7.28727, 25.5237)
    868 (0.412116, -5.67376) -> 5737 (0.443239, -4.7503)
    869 (24.1597, 6.8532) -> 8716 (22.2433, 6.98135)
    870 (4.26645, 14.3799) -> 8744 (3.97277, 14.4346)
    871 (3.95791, 0.437472) -> 2042 (3.46373, 1.46648)
    872 (22.0008, 6.19218) -> 8877 (20.5867, 6.16366)
    873 (22.4741, -7.24416) -> 7081 (22.1275, -6.90919)
    874 (23.9963, -3.29267) -> 9306 (22.9158, -1.99939)
    875 (13.2541, -5.54619) -> 8298 (12.8255, -5.11071)
    876 (13.2714, 19.7175) -> 9803 (12.2987, 19.838)
    877 (21.563, 0.792945) -> 6509 (19.9215, 1.42856)
    878 (5.12625, 1.31238) -> 5648 (4.67269, 2.27884)
    879 (11.3551, -0.713335) -> 7360 (10.4516, 0.0741342)
    880 (13.1942, 3.54319) -> 8817 (11.3003, 4.14948)
    881 (12.9601, 9.01983) -> 8550 (12.3552, 8.61571)
    882 (4.90775, 23.7458) -> 5315 (4.32232, 22.9964)
    883 (21.6105, 21.7983) -> 9310 (20.4591, 21.4651)
    884 (11.9906, 22.8836) -> 9355 (10.1541, 22.1343)
    885 (9.76358, -3.61839) -> 8145 (9.13475, -2.60681)
    886 (2.76752, 4.318) -> 7330 (2.63183, 4.67246)
    887 (18.6597, 5.35434) -> 8171 (17.5641, 5.6569)
    888 (3.09723, -0.236069) -> 4882 (2.98313, 1.12723)
    889 (15.382, 11.3517) -> 8970 (14.4672, 10.0121)
    890 (18.4555, 5.31474) -> 8171 (17.5641, 5.6569)
    891 (19.7563, -6.7853) -> 9581 (18.6628, -6.02044)
    892 (0.380663, -4.6222) -> 7954 (0.410325, -3.65227)
    893 (3.66319, -3.9867) -> 9398 (3.69767, -2.49936)
    894 (12.7897, -0.365806) -> 7486 (11.9579, 0.494955)
    895 (23.1975, 10.149) -> 7686 (21.9714, 9.7421)
    896 (14.3017, -0.234401) -> 8998 (13.0537, 0.791904)
    897 (17.1622, 3.95574) -> 9680 (16.0831, 4.25929)
    898 (14.5795, 25.7413) -> 9786 (14.0769, 25.4582)
    899 (12.5709, 0.677999) -> 3692 (11.2462, 1.68577)
    900 (15.8636, 8.70175) -> 8524 (15.3656, 8.54944)
    901 (17.3246, 2.45938) -> 9278 (16.7642, 3.03212)
    902 (21.4233, 0.641514) -> 8695 (20.7691, 0.939879)
    903 (6.85034, 28.6222) -> 3538 (5.82764, 27.1203)
    904 (24.193, 3.46003) -> 8570 (22.8146, 3.75123)
    905 (14.0256, 5.36955) -> 9787 (12.5373, 5.77973)
    906 (3.00304, -0.950032) -> 4815 (3.04654, 0.301467)
    907 (12.2784, 20.7177) -> 6683 (10.6894, 20.4881)
    908 (23.3443, -2.52424) -> 9306 (22.9158, -1.99939)
    909 (0.105815, 11.3579) -> 5658 (0.472084, 12.9099)
    910 (5.57429, 16.8541) -> 6174 (3.93098, 16.3445)
    911 (5.76475, -7.21702) -> 4185 (5.39882, -5.79971)
    912 (12.8521, 25.1414) -> 7965 (11.2522, 24.1727)
    913 (2.49441, -9.51702) -> 8179 (2.39367, -8.61933)
    914 (4.11258, 25.5095) -> 9482 (3.57273, 24.4615)
    915 (1.45732, 16.4207) -> 0 (1, 15)
    916 (21.312, 2.28203) -> 7303 (19.5487, 3.01192)
    917 (3.10905, 11.9157) -> 3226 (1.9909, 13.5177)
    918 (24.6082, 13.5391) -> 9595 (23.3304, 14.311)
    919 (18.8045, 24.0154) -> 9665 (18.0495, 23.83)
    920 (3.04443, -8.98789) -> 4093 (2.86638, -7.15285)
    921 (5.44263, 18.2868) -> 3810 (5.31628, 18.212)
    922 (2.29807, -0.595783) -> 6381 (2.01781, 1.06316)
    923 (14.6556, 20.793) -> 9959 (13.0929, 20.5849)
    924 (23.0542, -6.97198) -> 8511 (22.7258, -6.56421)
    925 (9.61063, 29.3403) -> 7084 (8.70646, 28.1283)
    926 (21.357, -4.25815) -> 9083 (20.8266, -3.75643)
    927 (7.11724, -4.7725) -> 9287 (6.87803, -4.26656)
    928 (20.9858, 18.1825) -> 5454 (20.8515, 18.2003)
    929 (16.9899, 6.07686) -> 8729 (15.622, 6.29704)
    930 (7.06838, 5.049) -> 7843 (6.14891, 6.09001)
    931 (3.10026, -2.58785) -> 9011 (2.97593, -1.29837)
    932 (12.677, 4.4115) -> 8968 (11.9898, 4.84677)
    933 (21.6479, -0.890584) -> 9152 (20.2933, -0.38462)
    934 (15.3565, -3.20064) -> 6812 (14.3523, -2.39095)
    935 (14.8433, 1.98908) -> 7885 (13.4916, 2.5268)
    936 (20.3607, 14.5302) -> 9705 (19.5389, 14.8322)
    937 (23.8384, -0.201296) -> 9216 (22.7065, 0.216235)
    938 (11.1615, 23.2182) -> 9073 (10.8629, 23.1812)
    939 (4.6202, 23.8332) -> 7288 (4.04461, 22.9431)
    940 (11.2708, -1.85021) -> 9849 (10.5807, -1.17668)
    941 (19.7645, 27.2726) -> 7684 (18.2863, 26.9016)
    942 (0.387296, -4.69346) -> 7954 (0.410325, -3.65227)
    943 (15.5529, -6.82968) -> 9044 (14.6132, -5.79526)
    944 (20.1375, 1.92404) -> 6750 (18.6049, 2.42573)
    945 (2.69934, -7.88565) -> 8898 (2.64462, -6.37925)
    946 (22.3296, 16.3884) -> 9214 (21.1863, 16.624)
    947 (16.2291, 3.77494) -> 9412 (14.7975, 4.62642)
    948 (0.313045, 1.81128) -> 9453 (0.425198, 3.42662)
    949 (9.03911, 6.66983) -> 7808 (7.46909, 7.37227)
    950 (14.138, 4.08699) -> 8183 (13.3114, 4.55393)
    951 (3.66321, 10.5303) -> 9198 (2.62998, 11.9173)
    952 (15.4572, -0.163979) -> 9317 (14.7776, 0.503379)
    953 (11.2101, -1.79626) -> 9849 (10.5807, -1.17668)
    954 (5.05745, 23.8315) -> 3729 (4.25522, 22.2074)
    955 (7.63479, 21.2022) -> 6946 (6.62666, 20.5802)
    956 (5.14068, 28.9851) -> 3093 (4.60542, 27.4973)
    957 (22.1837, 16.1061) -> 8866 (21.3787, 16.4303)
    958 (2.20604, 23.1772) -> 6338 (1.95538, 22.2129)
    959 (24.6696, 10.2354) -> 9963 (23.3986, 10.1167)
    960 (12.6788, 22.4967) -> 9632 (10.9106, 21.9186)
    961 (21.6649, 15.005) -> 8896 (19.9356, 15.6669)
    962 (15.1105, 7.78511) -> 8835 (13.94, 7.45025)
    963 (0.452092, -3.78187) -> 7871 (0.436902, -1.81241)
    964 (20.7797, -8.20053) -> 9944 (20.2927, -7.87122)
    965 (8.90049, 20.2176) -> 1755 (7.28753, 19.6924)
    966 (5.20259, 1.80346) -> 6176 (4.41406, 3.11009)
    967 (11.6794, 26.5181) -> 7283 (10.2372, 25.238)
    968 (21.9047, 0.401151) -> 8695 (20.7691, 0.939879)
    969 (15.5675, 1.93336) -> 8549 (14.4147, 2.52604)
    970 (18.422, -7.41267) -> 8754 (18.0659, -6.86458)
    971 (3.92905, 2.25413) -> 4980 (3.34011, 3.62054)
    972 (21.72, 18.3641) -> 7559 (20.3883, 18.6161)
    973 (24.4517, 1.89237) -> 8870 (22.7653, 2.58697)
    974 (6.89455, -2.85209) -> 8425 (6.17291, -1.3877)
    975 (4.21976, 19.2714) -> 8412 (3.06277, 17.8147)
    976 (4.15928, 0.083907) -> 4217 (4.01947, 0.312929)
    977 (24.0604, 16.761) -> 9593 (23.8315, 16.8326)
    978 (21.227, 9.71078) -> 6846 (20.2406, 9.45767)
    979 (24.5504, 4.24417) -> 9767 (23.0119, 4.43631)
    980 (6.41098, 21.3545) -> 3389 (4.93559, 20.0819)
    981 (6.73646, 0.182038) -> 9838 (6.12828, 1.01856)
    982 (19.8308, -9.25835) -> 8105 (19.557, -8.90772)
    983 (9.51017, 5.37152) -> 7470 (8.48616, 5.79256)
    984 (13.9353, 28.0161) -> 8840 (13.105, 27.3351)
    985 (17.5716, -8.48788) -> 8935 (16.5421, -7.57078)
    986 (20.5548, -1.94646) -> 9915 (19.9448, -1.55512)
    987 (11.0106, 18.869) -> 9768 (10.4813, 18.9291)
    988 (11.8875, -4.59815) -> 9942 (11.1408, -3.41385)
    989 (3.75958, 11.6921) -> 6570 (2.67533, 12.7799)
    990 (10.4502, 25.5228) -> 9974 (9.09617, 24.6693)
    991 (14.4818, 23.3144) -> 1394 (13.3461, 23.1061)
    992 (16.5075, 19.9117) -> 6132 (14.8107, 20.1308)
    993 (2.90404, 2.14185) -> 5402 (2.65107, 2.81959)
    994 (24.087, 1.80496) -> 9555 (22.5533, 2.58982)
    995 (15.0288, 14.2602) -> 9752 (14.9672, 15.196)
    996 (9.62589, 17.0666) -> 4942 (9.60926, 17.1185)
    997 (12.7704, -3.05753) -> 5733 (12.0215, -2.21873)
    998 (23.0922, 24.2995) -> 9078 (22.2811, 24.1322)
    999 (18.0494, 10.5353) -> 9380 (16.9912, 9.65993)
    1000 (11.6154, 24.8063) -> 3984 (10.5239, 24.0643)
    1001 (8.46635, 21.5616) -> 9791 (7.42473, 20.9532)
    1002 (20.7847, 1.59764) -> 6253 (19.2951, 2.13748)
    1003 (7.63648, -6.52684) -> 8872 (6.92282, -4.87441)
    1004 (3.18452, -9.51876) -> 7459 (3.01803, -9.04544)
    1005 (0.93022, -0.861534) -> 8697 (1.02228, 0.478534)
    1006 (18.8663, 14.1872) -> 6461 (17.574, 15.2135)
    1007 (15.4828, 19.7484) -> 8336 (14.048, 19.7593)
    1008 (3.53283, 2.3099) -> 7409 (3.04212, 3.2765)
    1009 (19.8027, -5.99519) -> 9229 (18.4678, -4.8034)
    1010 (5.72156, 9.91645) -> 3768 (4.36126, 10.8558)
    1011 (3.53361, 17.6255) -> 4162 (3.43738, 17.5445)
    1012 (8.92541, 29.6497) -> 9366 (8.14542, 28.5807)
    1013 (7.59871, 11.8859) -> 4290 (5.773, 12.3893)
    1014 (6.90976, 27.765) -> 8886 (6.14985, 26.1901)
    1015 (15.9088, 22.2018) -> 5827 (14.762, 21.9634)
    1016 (19.148, 17.6515) -> 7050 (17.8733, 17.9237)
    1017 (24.4415, 24.0907) -> 8250 (23.9481, 24.0002)
    1018 (20.8643, 8.32742) -> 8818 (19.7362, 8.83065)
    1019 (18.5203, 14.6806) -> 9739 (17.0348, 15.8005)
    1020 (15.3806, 22.7439) -> 9071 (14.4814, 22.4996)
    1021 (15.8677, 15.5492) -> 5093 (14.8396, 16.6699)
    1022 (10.8581, 0.934296) -> 5813 (9.70095, 1.86016)
    1023 (11.7549, 0.428239) -> 9827 (11.0151, 0.938682)
    1024 (0.29862, -1.20335) -> 9645 (0.454004, -0.224018)
    1025 (24.7322, 7.3509) -> 7471 (23.2973, 7.23858)
    1026 (20.3194, 28.2906) -> 8924 (18.9105, 27.4849)
    1027 (23.7186, -3.29509) -> 7447 (22.1912, -2.60204)
    1028 (1.72055, 11.2978) -> 6792 (1.31905, 13.0843)
    1029 (21.1851, 2.96937) -> 9295 (19.4815, 3.63954)
    1030 (2.86088, -9.02432) -> 9900 (2.60994, -7.78532)
    1031 (5.5399, 5.03308) -> 6922 (5.20916, 5.49719)
    1032 (23.9084, 27.7692) -> 8905 (23.1348, 27.4678)
    1033 (2.01354, 20.9098) -> 3339 (1.86769, 20.0091)
    1034 (22.5365, -3.84977) -> 9172 (21.3474, -2.83194)
    1035 (19.6712, -3.60863) -> 8806 (19.3156, -3.03331)
    1036 (15.1002, -4.59207) -> 9426 (14.0923, -3.61693)
    1037 (10.2545, -9.09626) -> 5234 (9.40399, -7.38465)
    1038 (12.1677, -7.18853) -> 6980 (11.0916, -5.7347)
    1039 (24.5269, 24.8426) -> 8663 (22.8303, 24.4568)
    1040 (22.8833, 5.91798) -> 7964 (21.5699, 6.07301)
    1041 (22.9677, 29.8225) -> 9756 (21.3941, 28.6148)
    1042 (15.6659, 5.06214) -> 8764 (14.0248, 5.90267)
    1043 (21.6749, 8.13813) -> 6153 (20.4607, 8.08988)
    1044 (5.66442, 3.1487) -> 7446 (4.70298, 4.87701)
    1045 (17.0279, -5.90991) -> 8863 (16.0559, -4.56186)
    1046 (14.6638, 0.529558) -> 9979 (13.7925, 1.36772)
    1047 (13.2248, 21.4935) -> 7677 (12.808, 21.4298)
    1048 (14.7917, 29.2014) -> 6674 (13.8123, 28.515)
    1049 (24.9965, 10.0521) -> 9963 (23.3986, 10.1167)
    1050 (23.1489, 28.7995) -> 9215 (21.9663, 28.0278)
    1051 (24.2792, 26.2649) -> 9758 (23.2826, 25.7926)
    1052 (18.5666, 22.8655) -> 5832 (17.6928, 22.66)
    1053 (16.2987, 3.42128) -> 7978 (15.2581, 3.79888)
    1054 (11.9922, 23.1347) -> 9906 (11.2374, 22.9073)
    1055 (24.9999, 14.9689) -> 9591 (23.6185, 15.3618)
    1056 (17.1813, 0.716425) -> 9834 (16.7975, 1.34085)
    1057 (22.5461, 5.43874) -> 5764 (21.558, 5.74161)
    1058 (20.2923, -0.982193) -> 8950 (20.2301, -0.891387)
    1059 (10.0872, 27.1536) -> 8124 (8.86789, 26.0961)
    1060 (16.6143, -3.03465) -> 9637 (16.0513, -2.56382)
    1061 (19.7737, 11.4169) -> 8868 (19.0736, 12.1221)
    1062 (11.1727, 1.32742) -> 9722 (10.4746, 1.99547)
    1063 (8.86798, 10.4438) -> 2454 (6.88727, 10.241)
    1064 (14.0835, -8.16631) -> 8548 (13.7804, -7.42604)
    1065 (2.45019, -6.52582) -> 8934 (2.3996, -5.61582)
    1066 (14.8316, 20.0846) -> 6132 (14.8107, 20.1308)
    1067 (7.45773, 15.6878) -> 7867 (5.77312, 15.8735)
    1068 (13.6446, 20.8902) -> 5597 (12.5267, 20.788)
    1069 (17.0805, -7.67233) -> 4165 (16.1987, -6.888)
    1070 (14.3494, -9.79261) -> 9098 (13.3936, -8.34224)
    1071 (1.42789, 27.4975) -> 9378 (1.30639, 25.5515)
    1072 (20.2405, -0.727304) -> 8660 (18.5692, 0.365547)
    1073 (24.9472, -4.3756) -> 9898 (23.7967, -3.76626)
    1074 (1.73528, 25.2169) -> 8929 (1.53575, 24.0191)
    1075 (15.8728, 9.67166) -> 9836 (15.3369, 9.69397)
    1076 (18.8757, 16.4132) -> 6689 (17.5467, 16.9824)
    1077 (20.3109, 26.1737) -> 9950 (19.4304, 25.8783)
    1078 (16.134, -5.43079) -> 9811 (15.5945, -4.9441)
    1079 (5.42996, 21.0562) -> 7023 (4.4545, 19.8697)
    1080 (2.37567, 1.01937) -> 5469 (1.97869, 2.53881)
    1081 (19.2657, 10.6631) -> 8762 (19.0305, 10.428)
    1082 (12.4659, 23.524) -> 9906 (11.2374, 22.9073)
    1083 (21.0154, 28.9967) -> 9848 (20.1077, 28.4464)
    1084 (13.4397, 19.0412) -> 8587 (12.8256, 19.1952)
    1085 (19.6071, 21.5901) -> 9477 (18.4873, 21.8116)
    1086 (13.9147, 17.9291) -> 7806 (12.0807, 18.4735)
    1087 (19.6059, 19.1442) -> 9660 (18.6597, 19.1555)
    1088 (9.14251, 9.82665) -> 1678 (7.42923, 9.54399)
    1089 (16.1103, 11.5626) -> 8401 (15.6879, 10.4311)
    1090 (13.1314, 4.81628) -> 9917 (12.0164, 4.99724)
    1091 (16.9481, 8.9152) -> 8524 (15.3656, 8.54944)
    1092 (13.6653, -8.693) -> 5494 (12.6512, -7.17805)
    1093 (0.12949, -7.4484) -> 5200 (0.0407882, -7.07982)
    1094 (16.8414, 15.2766) -> 5789 (15.2982, 16.3741)
    1095 (19.4135, 1.81536) -> 5348 (18.1497, 2.45094)
    1096 (4.15984, 20.7454) -> 8170 (3.4936, 19.6298)
    1097 (19.3082, 0.651151) -> 9947 (18.2876, 1.15028)
    1098 (8.13854, 16.2082) -> 7580 (6.59424, 16.3675)
    1099 (2.21894, 15.6651) -> 0 (1, 15)
    1100 (11.2247, 3.86058) -> 5022 (10.0222, 4.51395)
    1101 (1.20138, 19.7366) -> 4233 (1.16507, 18.9927)
    1102 (23.6527, 13.2988) -> 2576 (22.22, 14.0429)
    1103 (1.08122, 12.5451) -> 4452 (1.01945, 13.679)
    1104 (19.6857, 21.0481) -> 7407 (18.4102, 21.073)
    1105 (9.53956, 28.0047) -> 9413 (8.94854, 27.5822)
    1106 (4.27885, -0.485537) -> 8475 (4.27592, -0.200485)
    1107 (22.731, 3.63532) -> 9013 (20.9144, 3.98549)
    1108 (2.14346, -7.53176) -> 9717 (2.16333, -5.59934)
    1109 (15.6634, 19.0429) -> 8266 (13.9526, 19.3918)
    1110 (4.92919, -2.20013) -> 7277 (4.5528, -1.27149)
    1111 (5.78918, 16.25) -> 6019 (3.85483, 15.8669)
    1112 (10.7114, -9.22897) -> 8029 (9.9959, -7.89216)
    1113 (8.90386, 15.2656) -> 501 (7.00653, 15.7254)
    1114 (16.6165, 10.4998) -> 9836 (15.3369, 9.69397)
    1115 (14.029, 18.1715) -> 9829 (13.1155, 18.5147)
    1116 (9.88139, 28.9282) -> 9413 (8.94854, 27.5822)
    1117 (23.524, 21.7435) -> 9785 (21.9787, 21.6721)
    1118 (14.7469, 23.3425) -> 7252 (14.4294, 23.175)
    1119 (0.978893, -1.98086) -> 9696 (0.836288, -0.404298)
    1120 (10.5228, -8.9051) -> 7768 (9.62994, -7.22908)
    1121 (16.6991, 28.642) -> 6328 (16.6867, 28.5974)
    1122 (6.11732, 14.0371) -> 535 (4.21326, 14.475)
    1123 (14.6424, 12.6949) -> 8252 (15.3847, 14.4961)
    1124 (23.9161, -9.02794) -> 9873 (22.6052, -7.83885)
    1125 (8.30267, 2.10042) -> 8725 (7.62509, 3.26013)
    1126 (22.3536, 19.8075) -> 3668 (21.8664, 19.9143)
    1127 (23.8804, 12.0622) -> 5182 (22.3699, 13.2067)
    1128 (14.1043, 11.0764) -> 9292 (13.9694, 9.43567)
    1129 (13.5268, -4.93656) -> 9243 (13.0286, -4.30382)
    1130 (14.8337, -8.2124) -> 9280 (14.2918, -7.20348)
    1131 (1.67549, 5.62038) -> 5031 (1.50502, 7.11658)
    1132 (10.6019, -7.91754) -> 9040 (9.92394, -6.17314)
    1133 (1.70303, 8.65196) -> 5364 (1.31559, 10.1982)
    1134 (20.9356, 7.18702) -> 8435 (20.0864, 7.03617)
    1135 (5.28234, 3.58811) -> 7446 (4.70298, 4.87701)
    1136 (5.04817, 22.3661) -> 7530 (4.72821, 21.8097)
    1137 (4.05021, 12.21) -> 7203 (2.76163, 13.2524)
    1138 (17.0509, -4.16902) -> 9868 (15.8399, -2.84253)
    1139 (8.38816, -2.97225) -> 6332 (7.67106, -1.57358)
    1140 (14.5699, 28.9849) -> 8963 (13.9947, 28.625)
    1141 (0.640067, 27.9944) -> 7371 (0.671638, 26.8511)
    1142 (9.99121, 3.93397) -> 9081 (9.37697, 4.30914)
    1143 (22.2292, 3.59183) -> 9013 (20.9144, 3.98549)
    1144 (16.0929, 26.2325) -> 8339 (15.1582, 25.5675)
    1145 (3.05924, 19.6443) -> 3403 (2.32428, 18.1447)
    1146 (18.6017, 26.8857) -> 9559 (16.9891, 26.0572)
    1147 (16.5786, 18.4679) -> 6840 (15.3084, 18.7382)
    1148 (19.7976, -6.69446) -> 9581 (18.6628, -6.02044)
    1149 (0.204545, 25.3926) -> 7148 (0.287977, 23.6326)
    1150 (7.13349, 23.74) -> 9837 (6.65827, 23.2631)
    1151 (7.13145, 14.7272) -> 3346 (5.14122, 14.9049)
    1152 (13.3005, 18.2903) -> 8531 (11.5127, 18.9053)
    1153 (9.21972, -7.61351) -> 7667 (8.7412, -6.62806)
    1154 (19.7624, 22.0039) -> 9477 (18.4873, 21.8116)
    1155 (13.1628, -6.81408) -> 9520 (11.9256, -5.36301)
    1156 (15.42, 21.4372) -> 5896 (13.9502, 21.4775)
    1157 (1.98977, -5.06117) -> 5429 (1.83118, -4.15233)
    1158 (10.2603, 0.989089) -> 8546 (9.29206, 1.91845)
    1159 (11.049, -4.72512) -> 8718 (10.6008, -3.76812)
    1160 (13.8921, 4.31387) -> 9917 (12.0164, 4.99724)
    1161 (22.3941, 13.1256) -> 9761 (21.1501, 13.8393)
    1162 (9.14991, -9.39049) -> 6905 (8.83424, -8.3034)
    1163 (22.9047, 0.726583) -> 9617 (22.0715, 1.05642)
    1164 (8.58967, -9.95892) -> 8438 (8.0562, -8.44865)
    1165 (2.75861, -5.99458) -> 8396 (2.71976, -4.10479)
    1166 (15.7401, 12.8893) -> 4746 (15.6715, 14.5461)
    1167 (24.0806, 3.61966) -> 8560 (22.3176, 4.24924)
    1168 (22.2415, 20.8379) -> 9204 (21.1878, 20.2233)
    1169 (20.7954, 14.8486) -> 5674 (19.8954, 15.2567)
    1170 (11.8074, 28.8292) -> 8307 (11.4018, 28.2906)
    1171 (6.6326, 26.3873) -> 4998 (5.74899, 24.9007)
    1172 (9.33056, 5.53311) -> 9885 (8.54275, 5.8686)
    1173 (18.7328, 27.6164) -> 5526 (17.6526, 27.2512)
    1174 (14.8713, 21.0953) -> 2204 (13.4702, 20.8029)
    1175 (10.1576, 20.2587) -> 9626 (9.28973, 19.7651)
    1176 (4.21112, 2.57334) -> 6924 (3.53378, 4.38317)
    1177 (17.6203, 7.30856) -> 9745 (15.676, 7.15367)
    1178 (6.24592, 9.0445) -> 2435 (4.98562, 9.69557)
    1179 (2.34794, 27.0069) -> 7938 (2.28135, 25.786)
    1180 (8.27491, 11.6223) -> 9329 (6.61491, 11.6065)
    1181 (18.7503, -1.16338) -> 9733 (17.4617, -0.37579)
    1182 (16.5793, -8.29636) -> 7606 (15.6529, -7.29914)
    1183 (21.594, 27.7345) -> 9948 (20.7618, 27.3082)
    1184 (23.6404, -1.63112) -> 9794 (22.5579, -0.957286)
    1185 (3.08019, -9.13225) -> 4093 (2.86638, -7.15285)
    1186 (9.92248, 27.8687) -> 8415 (9.71936, 27.6391)
    1187 (5.60497, -0.555054) -> 3251 (5.20162, 0.455664)
    1188 (1.44425, 25.9734) -> 4599 (1.21567, 24.1094)
    1189 (13.949, 22.6601) -> 9870 (13.758, 22.5813)
    1190 (17.5368, 13.6909) -> 7966 (16.4431, 14.8436)
    1191 (13.1793, 19.9132) -> 7991 (11.2831, 19.8957)
    1192 (8.16798, -2.18764) -> 8464 (7.70319, -1.06909)
    1193 (11.4675, 19.2159) -> 251 (10.4943, 19.3042)
    1194 (23.8118, 6.2888) -> 7460 (22.9798, 6.20009)
    1195 (12.5254, 29.2662) -> 9830 (12.0881, 28.8812)
    1196 (3.48409, 13.9536) -> 2523 (2.43495, 14.3873)
    1197 (0.962483, -4.63405) -> 9338 (0.985117, -3.52118)
    1198 (9.11363, -9.46187) -> 6665 (8.52018, -7.95988)
    1199 (3.08911, 19.1497) -> 8478 (2.39269, 18.2212)
    1200 (4.89937, 18.0556) -> 3795 (4.17983, 17.4338)
    1201 (10.4568, 9.86451) -> 4597 (9.0763, 8.53414)
    1202 (13.8049, 25.1687) -> 6068 (12.9327, 24.6742)
    1203 (22.5977, 20.0233) -> 9204 (21.1878, 20.2233)
    1204 (6.32617, -1.50648) -> 9266 (5.9465, -0.566878)
    1205 (17.4688, 21.7719) -> 6503 (15.8792, 21.6431)
    1206 (18.0665, -4.00061) -> 7377 (16.5792, -2.71758)
    1207 (20.8021, 4.51232) -> 8988 (20.2579, 4.68261)
    1208 (7.07709, 4.87144) -> 6140 (6.24288, 5.64843)
    1209 (7.87164, 20.7481) -> 8927 (7.62436, 20.5614)
    1210 (12.286, 0.175575) -> 8205 (11.3211, 1.01462)
    1211 (1.36007, -7.54901) -> 6911 (1.39008, -6.99012)
    1212 (22.5327, 28.9723) -> 9687 (21.4719, 28.4508)
    1213 (24.7352, -3.80029) -> 7467 (23.475, -3.19853)
    1214 (20.3175, 2.93492) -> 9263 (18.5934, 3.17594)
    1215 (2.89839, 9.92154) -> 8865 (2.63965, 10.399)
    1216 (4.86877, -3.43557) -> 7367 (4.65876, -3.01569)
    1217 (7.22306, 21.7952) -> 2329 (6.18086, 20.7943)
    1218 (8.93525, 20.3366) -> 7260 (7.82664, 19.9741)
    1219 (3.43492, 21.8752) -> 8891 (2.75028, 20.5018)
    1220 (1.45779, -9.23006) -> 6476 (1.42444, -8.75727)
    1221 (22.186, -7.59088) -> 8688 (21.1649, -6.84046)
    1222 (13.3591, 22.0584) -> 6299 (11.6679, 21.4303)
    1223 (15.299, 25.4951) -> 9396 (14.7054, 25.0889)
    1224 (5.7428, 19.0552) -> 4767 (4.80738, 18.3796)
    1225 (20.6421, 12.938) -> 8822 (19.5516, 13.7654)
    1226 (8.53935, 23.277) -> 6684 (8.30368, 23.0595)
    1227 (13.9743, -6.45559) -> 8298 (12.8255, -5.11071)
    1228 (2.95375, 16.4262) -> 9075 (1.47511, 15.4112)
    1229 (17.6114, 4.21285) -> 6395 (17.078, 4.35693)
    1230 (6.11634, 21.105) -> 3389 (4.93559, 20.0819)
    1231 (11.8594, 6.80787) -> 8803 (10.5473, 7.00904)
    1232 (23.5358, 7.60084) -> 8871 (22.7559, 7.56532)
    1233 (12.125, 1.57391) -> 6974 (10.9138, 2.61479)
    1234 (1.70449, -3.0536) -> 9962 (1.60132, -2.05603)
    1235 (22.7832, 4.35492) -> 8780 (21.6306, 4.69501)
    1236 (3.88062, 22.084) -> 7150 (3.23755, 21.0992)
    1237 (11.4295, 19.973) -> 6682 (10.2821, 19.9426)
    1238 (22.3781, 12.7353) -> 6837 (21.0042, 13.615)
    1239 (12.9091, 24.1873) -> 7333 (11.6146, 23.597)
    1240 (22.8506, -6.68024) -> 8511 (22.7258, -6.56421)
    1241 (4.22741, 2.42861) -> 8010 (4.13897, 2.62747)
    1242 (20.8828, 28.9551) -> 8807 (20.1044, 28.6466)
    1243 (21.0503, -1.16188) -> 8950 (20.2301, -0.891387)
    1244 (1.69579, 10.7994) -> 9709 (1.66772, 11.0246)
    1245 (20.2305, -0.662859) -> 8660 (18.5692, 0.365547)
    1246 (3.24291, 8.46322) -> 5076 (3.12821, 8.6836)
    1247 (1.90256, 14.1428) -> 0 (1, 15)
    1248 (7.67702, 15.8521) -> 7867 (5.77312, 15.8735)
    1249 (10.04, 29.4403) -> 7481 (9.23627, 28.5419)
    1250 (1.12838, 19.3936) -> 3812 (1.09411, 17.4941)
    1251 (14.2936, 1.87285) -> 9775 (12.8098, 2.7277)
    1252 (6.07975, 0.858742) -> 5930 (5.72758, 1.49264)
    1253 (6.21782, 25.2986) -> 7617 (5.29239, 24.0644)
    1254 (7.94164, 14.7489) -> 8916 (6.00202, 14.9445)
    1255 (8.78251, -1.27462) -> 9311 (7.76397, 0.274581)
    1256 (2.99062, -7.309) -> 8713 (2.90608, -6.27177)
    1257 (15.4215, 16.7798) -> 1803 (14.0747, 17.6333)
    1258 (3.46216, 2.77645) -> 4980 (3.34011, 3.62054)
    1259 (8.71586, 26.8238) -> 9646 (7.28727, 25.5237)
    1260 (4.76256, -5.49801) -> 8777 (4.30268, -3.71947)
    1261 (16.0759, 2.1272) -> 7995 (15.2463, 2.84104)
    1262 (1.86945, -8.01974) -> 6016 (1.66256, -6.62568)
    1263 (16.4538, 2.78215) -> 9031 (15.5713, 2.95353)
    1264 (11.5308, 24.9) -> 5087 (10.8728, 24.604)
    1265 (20.0956, -7.67018) -> 7841 (19.0735, -6.55014)
    1266 (7.5766, 2.69839) -> 9372 (7.13575, 3.08162)
    1267 (20.4749, 23.3313) -> 4516 (19.3941, 22.907)
    1268 (10.9857, 29.9308) -> 9996 (10.2988, 29.264)
    1269 (24.3075, 20.3342) -> 8395 (23.328, 20.1996)
    1270 (4.9221, 22.051) -> 7530 (4.72821, 21.8097)
    1271 (17.6694, 12.0397) -> 9054 (17.3717, 13.7612)
    1272 (20.9615, 16.1784) -> 7502 (19.2277, 16.6657)
    1273 (10.2523, 23.9836) -> 6556 (8.62057, 22.8869)
    1274 (3.06961, 27.0968) -> 9654 (2.80472, 26.1215)
    1275 (8.50705, -2.88557) -> 8464 (7.70319, -1.06909)
    1276 (2.39108, 26.4407) -> 7880 (2.10773, 24.6776)
    1277 (20.3956, -5.1063) -> 8692 (20.1149, -4.97886)
    1278 (22.7887, 28.3594) -> 7388 (21.3451, 27.6527)
    1279 (16.3349, -0.395244) -> 9018 (15.0447, 0.544352)
    1280 (0.235776, 24.8988) -> 7148 (0.287977, 23.6326)
    1281 (17.2706, 26.1255) -> 9559 (16.9891, 26.0572)
    1282 (23.7797, 11.2735) -> 9935 (22.5277, 12.2189)
    1283 (2.63412, 13.8938) -> 0 (1, 15)
    1284 (5.8803, 19.9356) -> 7321 (5.28314, 19.4947)
    1285 (0.345401, 10.5187) -> 5426 (0.598054, 12.3134)
    1286 (16.5093, 5.03321) -> 9854 (16.2688, 5.11156)
    1287 (13.4283, 2.20033) -> 7976 (12.15, 2.83667)
    1288 (18.2208, 4.03301) -> 7478 (16.8448, 4.27732)
    1289 (3.45543, -9.38553) -> 5320 (3.33351, -7.81279)
    1290 (21.4279, 20.5777) -> 9204 (21.1878, 20.2233)
    1291 (16.8235, 17.8318) -> 7088 (15.3812, 18.2783)
    1292 (23.4078, -9.4284) -> 7920 (21.9306, -8.10471)
    1293 (14.8567, 20.149) -> 6132 (14.8107, 20.1308)
    1294 (23.7293, 22.699) -> 8536 (22.7773, 22.6532)
    1295 (20.8028, 6.24779) -> 5153 (19.044, 6.39541)
    1296 (0.108854, 9.59929) -> 6377 (0.210264, 10.1446)
    1297 (16.5577, 6.55027) -> 5696 (15.0019, 6.69786)
    1298 (2.74325, 8.78819) -> 5041 (2.406, 9.57323)
    1299 (24.9156, 0.848485) -> 9774 (23.3298, 1.75738)
    1300 (7.75053, 5.99248) -> 6438 (6.65109, 6.82233)
    1301 (8.24711, 27.1733) -> 9646 (7.28727, 25.5237)
    1302 (1.52564, 20.7788) -> 9509 (1.36384, 19.1472)
    1303 (16.9023, -8.69547) -> 7606 (15.6529, -7.29914)
    1304 (15.1392, 27.8551) -> 8480 (13.6673, 26.9439)
    1305 (16.0114, 6.06632) -> 7868 (14.2772, 6.17205)
    1306 (15.2111, 5.88634) -> 9089 (14.3759, 6.06225)
    1307 (22.0857, 10.78) -> 6255 (20.8509, 11.5115)
    1308 (0.0101632, -7.75733) -> 5200 (0.0407882, -7.07982)
    1309 (4.517, 10.4683) -> 9506 (3.88687, 11.1714)
    1310 (20.2303, 25.2218) -> 8166 (19.8137, 24.9526)
    1311 (15.6136, 2.30558) -> 9652 (13.9639, 3.10675)
    1312 (24.2198, 23.9876) -> 8250 (23.9481, 24.0002)
    1313 (15.7885, 21.9135) -> 6823 (14.4653, 21.8847)
    1314 (1.62112, 2.06615) -> 702 (1.41581, 4.00552)
    1315 (21.7407, 11.668) -> 9195 (20.5305, 12.6229)
    1316 (0.311651, 6.66346) -> 3766 (0.269508, 8.26026)
    1317 (4.77216, -9.07493) -> 9568 (4.47815, -8.25245)
    1318 (8.95903, 16.5001) -> 6843 (7.1962, 16.9849)
    1319 (15.9306, 18.7635) -> 6840 (15.3084, 18.7382)
    1320 (14.7454, 3.4851) -> 9118 (13.7935, 3.9141)
    1321 (19.6828, 19.123) -> 9660 (18.6597, 19.1555)
    1322 (3.85734, 3.65298) -> 6924 (3.53378, 4.38317)
    1323 (19.1069, 11.6151) -> 8864 (17.9829, 12.5737)
    1324 (23.2007, 19.2454) -> 7846 (21.6953, 19.1479)
    1325 (7.10158, 20.7185) -> 9533 (6.58946, 20.3133)
    1326 (16.4807, 2.58776) -> 9031 (15.5713, 2.95353)
    1327 (14.753, 25.213) -> 8098 (13.0311, 24.4419)
    1328 (12.2829, -4.5232) -> 8011 (11.0916, -3.05093)
    1329 (20.9467, 16.4309) -> 8520 (19.4413, 16.9485)
    1330 (17.9807, 25.59) -> 8714 (17.2866, 25.4664)
    1331 (14.007, 23.3616) -> 8696 (12.353, 22.9357)
    1332 (12.2871, 19.3695) -> 8539 (11.2532, 19.5336)
    1333 (5.46446, 21.9005) -> 9778 (4.93371, 20.9841)
    1334 (4.96132, 15.2074) -> 9704 (3.55974, 15.2092)
    1335 (14.6945, 29.7868) -> 8644 (14.1679, 29.3163)
    1336 (14.7275, -8.28688) -> 9971 (14.3466, -7.91896)
    1337 (14.513, 8.46756) -> 7579 (13.9884, 8.32319)
    1338 (19.6707, -7.01106) -> 9581 (18.6628, -6.02044)
    1339 (20.9613, 29.8975) -> 5649 (19.9979, 29.1581)
    1340 (7.34111, 26.4252) -> 8447 (7.05464, 25.8485)
    1341 (9.37215, 9.74616) -> 5189 (7.66547, 9.35726)
    1342 (5.58182, 12.9579) -> 116 (3.88102, 13.7986)
    1343 (8.42944, 3.74035) -> 9122 (7.6613, 4.56555)
    1344 (12.3816, -0.667086) -> 8748 (11.4548, -0.00545873)
    1345 (23.9177, 22.1788) -> 8830 (22.496, 21.8113)
    1346 (20.2993, 8.59882) -> 9895 (18.7771, 7.97979)
    1347 (21.0452, 0.398491) -> 8542 (20.0062, 1.02215)
    1348 (22.6005, 1.82603) -> 8380 (21.1937, 2.5461)
    1349 (20.6467, 5.05805) -> 6630 (18.7166, 5.31452)
    1350 (10.8309, -3.14579) -> 9919 (9.4659, -1.78782)
    1351 (4.18456, 24.9769) -> 4826 (3.60564, 23.0991)
    1352 (19.808, -6.5332) -> 8258 (19.1498, -5.8814)
    1353 (10.5301, -9.21292) -> 5821 (10.4861, -9.15389)
    1354 (9.0333, 8.48357) -> 8588 (8.03879, 8.59723)
    1355 (4.99166, -8.25269) -> 8766 (4.95, -7.96655)
    1356 (17.4844, -6.32549) -> 7524 (16.1799, -4.83025)
    1357 (23.6552, 27.844) -> 8905 (23.1348, 27.4678)
    1358 (12.7563, 1.488) -> 7980 (11.6275, 2.37616)
    1359 (5.14306, 24.0667) -> 5315 (4.32232, 22.9964)
    1360 (17.2198, -4.32929) -> 9375 (15.4233, -3.47902)
    1361 (12.7893, 27.4172) -> 9126 (11.7454, 26.3522)
    1362 (5.08353, 14.0115) -> 9718 (3.17007, 14.4912)
    1363 (0.139222, 19.2316) -> 5187 (0.341737, 17.7059)
    1364 (8.31938, 0.368447) -> 8085 (7.58577, 1.01599)
    1365 (0.0104506, -6.0953) -> 7787 (0.0401226, -4.25998)
    1366 (14.0151, -5.48497) -> 9243 (13.0286, -4.30382)
    1367 (21.9696, 17.8283) -> 9019 (20.8371, 17.9224)
    1368 (0.759523, -0.306292) -> 7895 (0.694046, 0.800791)
    1369 (0.297193, 15.4147) -> 0 (1, 15)
    1370 (8.25614, 28.3268) -> 8080 (7.66798, 27.3068)
    1371 (7.56266, 13.3406) -> 3781 (5.70999, 13.8688)
    1372 (5.86289, -3.19689) -> 6610 (5.39395, -2.15811)
    1373 (12.5603, 2.61879) -> 7976 (12.15, 2.83667)
    1374 (23.6479, -2.14816) -> 9306 (22.9158, -1.99939)
    1375 (18.53, 27.7836) -> 7994 (16.8957, 26.7576)
    1376 (3.04624, 16.1261) -> 6060 (1.61106, 15.3277)
    1377 (20.9792, -6.77758) -> 6221 (19.8606, -5.85047)
    1378 (2.69941, 4.24102) -> 4603 (2.28044, 6.15803)
    1379 (21.3058, 27.1439) -> 8439 (19.5887, 26.3533)
    1380 (22.3822, 0.0196858) -> 8386 (21.6559, 0.253185)
    1381 (8.37486, 23.1216) -> 6232 (6.89672, 22.0839)
    1382 (20.3637, 1.08012) -> 7547 (18.8076, 2.00046)
    1383 (19.144, 22.7056) -> 4293 (17.2796, 22.3892)
    1384 (13.6551, -2.33225) -> 8118 (12.5871, -1.6557)
    1385 (18.9306, 23.284) -> 8331 (17.6439, 23.0325)
    1386 (24.3898, 24.6686) -> 8365 (23.5903, 24.4092)
    1387 (17.4502, 28.0367) -> 4820 (15.8342, 27.0732)
    1388 (22.6179, 11.1297) -> 8699 (22.1991, 11.6066)
    1389 (10.7125, 21.678) -> 7703 (8.96, 20.9428)
    1390 (23.8528, 3.6932) -> 9531 (22.2017, 4.39638)
    1391 (6.01242, 22.5005) -> 9778 (4.93371, 20.9841)
    1392 (10.3436, -7.57438) -> 5375 (9.86491, -6.80169)
    1393 (24.7726, 9.95326) -> 6780 (22.9428, 9.58598)
    1394 (13.3461, 23.1061) -> 5150 (11.5651, 22.415)
    1395 (21.3434, 9.12171) -> 9876 (20.1752, 9.09017)
    1396 (3.70006, 3.65318) -> 5292 (2.99527, 5.24162)
    1397 (17.2002, 8.69163) -> 7653 (15.3987, 8.11415)
    1398 (15.4794, -6.69873) -> 9044 (14.6132, -5.79526)
    1399 (18.0049, 6.20582) -> 9505 (17.666, 6.18173)
    1400 (21.3084, 21.6667) -> 9310 (20.4591, 21.4651)
    1401 (10.8399, -2.78834) -> 9508 (9.91871, -1.4831)
    1402 (3.59335, -4.69524) -> 9629 (3.3492, -3.11269)
    1403 (2.98566, 8.46099) -> 5796 (2.3859, 9.84386)
    1404 (17.3736, 1.87386) -> 9728 (16.8518, 2.35361)
    1405 (14.8265, 24.8803) -> 8665 (12.958, 24.187)
    1406 (8.32679, -1.28091) -> 4691 (7.66918, -0.116549)
    1407 (13.7232, -9.43683) -> 8370 (13.1692, -8.44436)
    1408 (18.7557, 8.87828) -> 9540 (16.8499, 8.37044)
    1409 (13.8984, 14.7521) -> 8474 (13.9578, 16.5958)
    1410 (2.74923, 16.5187) -> 9075 (1.47511, 15.4112)
    1411 (0.0585664, 28.2051) -> 4831 (0.36794, 26.2603)
    1412 (19.049, 5.47167) -> 8171 (17.5641, 5.6569)
    1413 (23.307, 17.6321) -> 6561 (21.8219, 17.8205)
    1414 (6.44291, 19.8533) -> 9479 (5.85763, 19.4619)
    1415 (22.5132, -0.83663) -> 8940 (22.0387, -0.685445)
    1416 (14.2482, 8.17125) -> 7107 (12.3884, 7.71086)
    1417 (7.44329, -8.34493) -> 9124 (7.14167, -6.63745)
    1418 (11.0742, 5.57235) -> 3135 (10.2795, 5.78041)
    1419 (12.9391, -3.61681) -> 7173 (12.1228, -2.73786)
    1420 (12.2897, -8.03478) -> 6551 (11.564, -6.76978)
    1421 (24.5953, 27.401) -> 9551 (24.1077, 27.2787)
    1422 (11.3737, 28.4835) -> 9133 (11.2319, 28.3193)
    1423 (11.3058, 6.91116) -> 8803 (10.5473, 7.00904)
    1424 (8.02197, 10.04) -> 8633 (7.48515, 10.1245)
    1425 (16.3743, 27.5134) -> 7246 (14.8944, 26.6924)
    1426 (15.8865, 14.3035) -> 8650 (15.4053, 15.5324)
    1427 (2.37589, 3.41439) -> 8837 (2.31469, 4.10516)
    1428 (12.4736, -8.15666) -> 6551 (11.564, -6.76978)
    1429 (23.3125, -3.05049) -> 8772 (21.8467, -2.22441)
    1430 (18.5106, 0.42765) -> 9834 (16.7975, 1.34085)
    1431 (2.97202, -2.18268) -> 5985 (2.64499, -1.42138)
    1432 (8.66408, 6.97931) -> 8318 (8.12547, 7.16719)
    1433 (16.1806, 15.6173) -> 8471 (14.9165, 16.6736)
    1434 (22.1762, 27.6048) -> 9913 (21.5889, 27.0629)
    1435 (1.06928, 15.4541) -> 0 (1, 15)
    1436 (6.47134, 28.9644) -> 9414 (6.11269, 28.289)
    1437 (20.9539, -3.04386) -> 9158 (20.2101, -2.45902)
    1438 (16.8106, 13.4036) -> 9677 (16.1065, 15.2709)
    1439 (5.55429, 9.61142) -> 2884 (4.37441, 10.4063)
    1440 (8.86289, 22.8396) -> 7145 (8.66964, 22.7633)
    1441 (2.48921, 26.7949) -> 3514 (2.15306, 25.1559)
    1442 (21.9949, 7.37468) -> 5357 (20.5748, 7.26764)
    1443 (2.80337, 17.9887) -> 7990 (1.99807, 16.6932)
    1444 (22.0801, 24.6057) -> 8200 (20.7713, 23.8469)
    1445 (3.77541, 9.63401) -> 3296 (3.15897, 10.4198)
    1446 (4.97633, 6.47229) -> 9046 (4.92437, 6.58248)
    1447 (0.820962, 29.9181) -> 9481 (0.722531, 28.7346)
    1448 (5.65609, -8.42975) -> 8476 (5.23509, -6.89625)
    1449 (7.29033, 26.806) -> 8121 (6.72066, 26.0386)
    1450 (5.00103, 11.1293) -> 7833 (3.9861, 11.8612)
    1451 (20.2621, 18.3057) -> 8971 (18.4953, 18.3378)
    1452 (22.9936, 6.26306) -> 7097 (21.1172, 6.42494)
    1453 (4.77549, 1.51612) -> 3904 (4.03981, 3.14315)
    1454 (23.2381, 13.7744) -> 8162 (22.5806, 14.0677)
    1455 (14.9819, 14.3768) -> 9442 (14.4652, 16.2675)
    1456 (19.894, 24.4206) -> 9665 (18.0495, 23.83)
    1457 (1.64175, 23.2341) -> 7542 (1.51483, 22.4883)
    1458 (5.40861, 29.6834) -> 9864 (5.12657, 29.2462)
    1459 (19.7192, 28.549) -> 8976 (19.0859, 28.2669)
    1460 (22.2717, -8.57029) -> 9227 (20.8273, -7.31431)
    1461 (10.7904, -5.71295) -> 6618 (10.092, -4.19114)
    1462 (16.3177, 28.7277) -> 9015 (15.6406, 28.3024)
    1463 (8.40406, 20.2435) -> 7260 (7.82664, 19.9741)
    1464 (20.8239, -8.42749) -> 7738 (19.6914, -7.58019)
    1465 (24.3092, 15.3334) -> 9591 (23.6185, 15.3618)
    1466 (1.42125, 20.4977) -> 9509 (1.36384, 19.1472)
    1467 (22.131, -8.29601) -> 9227 (20.8273, -7.31431)
    1468 (15.4466, -1.05704) -> 7724 (13.8523, -0.0247397)
    1469 (13.1648, 8.64353) -> 9708 (12.8113, 8.51127)
    1470 (7.68412, 13.798) -> 2812 (5.831, 14.3245)
    1471 (23.3555, 4.70173) -> 9249 (22.0743, 5.14532)
    1472 (20.0034, 6.67144) -> 7340 (18.8366, 6.81341)
    1473 (22.8886, 21.0781) -> 9168 (22.3659, 20.934)
    1474 (18.5502, 15.169) -> 6704 (17.4818, 15.7909)
    1475 (1.68496, -7.33755) -> 6977 (1.40011, -5.81697)
    1476 (22.1418, 21.4579) -> 9310 (20.4591, 21.4651)
    1477 (15.5165, -6.0988) -> 9990 (15.375, -5.97044)
    1478 (1.48825, 10.212) -> 6864 (1.17051, 11.9406)
    1479 (6.14935, -2.1784) -> 3234 (5.4085, -0.384654)
    1480 (18.2129, -9.77981) -> 8264 (17.0587, -8.54612)
    1481 (1.01262, 4.35203) -> 8997 (0.831323, 6.19658)
    1482 (2.97709, 14.6335) -> 8260 (1.03296, 14.9956)
    1483 (19.3163, 5.89927) -> 9505 (17.666, 6.18173)
    1484 (7.72651, -7.44846) -> 5350 (7.44362, -6.86713)
    1485 (10.4307, 1.30809) -> 5813 (9.70095, 1.86016)
    1486 (4.80421, 22.6816) -> 6936 (4.09206, 21.1323)
    1487 (1.24485, -5.70198) -> 1520 (1.32526, -4.10929)
    1488 (19.3694, 28.3213) -> 8976 (19.0859, 28.2669)
    1489 (10.5665, 16.6645) -> 8095 (9.95515, 17.3286)
    1490 (5.85095, 7.40766) -> 4344 (4.49725, 8.71378)
    1491 (14.1763, 20.8686) -> 5597 (12.5267, 20.788)
    1492 (18.0024, 16.6946) -> 9007 (16.5746, 17.3794)
    1493 (9.05409, -1.62462) -> 8537 (8.5642, -0.927157)
    1494 (17.7285, 7.88686) -> 9535 (15.8798, 7.47779)
    1495 (19.1911, 2.51889) -> 9603 (17.9752, 2.90979)
    1496 (9.52449, 22.2674) -> 9693 (8.33326, 21.5876)
    1497 (11.4969, -1.20787) -> 8930 (10.9838, -0.751196)
    1498 (5.61836, 21.0409) -> 9183 (5.52084, 20.9466)
    1499 (2.7733, 13.7626) -> 2820 (1.78898, 14.4289)
    1500 (9.88101, -1.60342) -> 8966 (9.17462, -0.678343)
    1501 (21.286, 23.0519) -> 8369 (20.2877, 22.9843)
    1502 (17.2384, 6.94438) -> 7956 (15.5995, 6.95727)
    1503 (0.56513, 16.4449) -> 0 (1, 15)
    1504 (20.2016, 18.8238) -> 9560 (18.896, 18.8481)
    1505 (3.82316, 22.2598) -> 7150 (3.23755, 21.0992)
    1506 (2.5597, 19.5208) -> 9472 (2.07388, 18.3016)
    1507 (14.9884, 15.7848) -> 4523 (13.9456, 17.0713)
    1508 (2.18449, 1.24725) -> 5469 (1.97869, 2.53881)
    1509 (9.61853, 28.4447) -> 9413 (8.94854, 27.5822)
    1510 (19.8265, -9.99867) -> 9596 (19.0355, -8.8206)
    1511 (5.53667, -9.86473) -> 7182 (5.13322, -8.5726)
    1512 (6.69154, 17.1454) -> 2326 (4.84311, 16.7422)
    1513 (1.60343, 9.12052) -> 7984 (1.26006, 10.9595)
    1514 (10.044, 23.2429) -> 9816 (8.73403, 22.1921)
    1515 (15.9026, -4.89861) -> 9260 (15.3998, -4.38527)
    1516 (6.11204, 23.3) -> 6975 (5.66813, 22.1964)
    1517 (17.9176, 14.3795) -> 6022 (16.8954, 15.1974)
    1518 (6.68294, 16.0006) -> 8420 (5.15134, 15.9768)
    1519 (18.3719, -7.32336) -> 8712 (17.0831, -5.92482)
    1520 (1.32526, -4.10929) -> 7832 (1.2122, -2.91779)
    1521 (10.7986, -5.48967) -> 7660 (10.2524, -4.43049)
    1522 (14.9168, -1.62607) -> 8332 (14.3824, -1.09207)
    1523 (1.07856, -6.87754) -> 8646 (1.02262, -6.06478)
    1524 (10.9682, 8.83692) -> 9488 (9.67696, 8.27345)
    1525 (16.133, 3.50468) -> 7978 (15.2581, 3.79888)
    1526 (0.582903, -9.02159) -> 8982 (0.559844, -8.21777)
    1527 (4.3251, 20.6365) -> 5456 (3.7527, 19.7255)
    1528 (3.0028, -8.12176) -> 8713 (2.90608, -6.27177)
    1529 (9.64599, 22.2667) -> 9693 (8.33326, 21.5876)
    1530 (0.203805, 22.353) -> 8680 (0.259042, 22.1034)
    1531 (3.43888, 16.4131) -> 1099 (2.21894, 15.6651)
    1532 (15.2389, 24.3734) -> 8368 (14.9925, 24.1857)
    1533 (20.9486, 22.5271) -> 7998 (19.5336, 22.2418)
    1534 (18.4255, 20.1147) -> 3636 (17.6732, 20.22)
    1535 (6.91372, 29.8709) -> 9414 (6.11269, 28.289)
    1536 (12.4526, -2.90993) -> 7661 (11.4286, -1.84786)
    1537 (24.0152, 3.11551) -> 9556 (22.56, 3.42085)
    1538 (22.7814, 27.0081) -> 7210 (21.1173, 26.2158)
    1539 (16.9459, 6.53111) -> 8313 (15.4097, 6.5591)
    1540 (14.0488, -9.62316) -> 8370 (13.1692, -8.44436)
    1541 (14.1206, 8.0179) -> 8361 (12.1698, 7.96648)
    1542 (6.49047, 4.89475) -> 6937 (5.3673, 6.36046)
    1543 (5.51662, 25.2262) -> 9956 (4.87384, 24.0373)
    1544 (9.9962, 29.8218) -> 7481 (9.23627, 28.5419)
    1545 (18.5577, 9.8039) -> 7772 (17.6805, 9.55713)
    1546 (5.557, 7.14009) -> 7615 (4.72865, 8.01872)
    1547 (22.8613, 13.4185) -> 6307 (21.3116, 14.0937)
    1548 (9.71514, 0.0866071) -> 7073 (8.37796, 1.46106)
    1549 (9.929, -6.34895) -> 9040 (9.92394, -6.17314)
    1550 (1.83058, 16.5439) -> 0 (1, 15)
    1551 (13.8648, -3.89659) -> 6189 (13.3167, -3.33219)
    1552 (11.0785, -8.51656) -> 9222 (10.2332, -6.79894)
    1553 (9.02627, 8.18368) -> 9186 (7.60445, 8.40687)
    1554 (1.36595, 10.6624) -> 6864 (1.17051, 11.9406)
    1555 (2.43521, -1.45801) -> 7651 (2.3743, -0.904183)
    1556 (15.6551, -1.336) -> 9534 (14.9872, -1.011)
    1557 (24.6022, 24.1222) -> 8250 (23.9481, 24.0002)
    1558 (24.2195, -2.21029) -> 8544 (23.4637, -1.90414)
    1559 (23.6731, 2.04879) -> 9555 (22.5533, 2.58982)
    1560 (5.21707, 23.9172) -> 3729 (4.25522, 22.2074)
    1561 (22.938, -3.85355) -> 9172 (21.3474, -2.83194)
    1562 (16.7136, -1.57313) -> 7133 (15.3471, -0.306741)
    1563 (19.1142, 12.3655) -> 7975 (18.7147, 12.7457)
    1564 (12.6392, 7.95309) -> 8361 (12.1698, 7.96648)
    1565 (24.726, 11.215) -> 9807 (24.1941, 11.5119)
    1566 (22.1821, 10.5557) -> 7753 (21.4934, 9.9267)
    1567 (2.90018, 3.46887) -> 8720 (2.67532, 4.11113)
    1568 (9.13673, 6.43111) -> 9670 (8.03075, 6.93041)
    1569 (10.3711, 9.33684) -> 4683 (8.53231, 8.66574)
    1570 (8.2773, 3.56043) -> 5507 (7.79281, 4.14954)
    1571 (22.7791, 21.0225) -> 9168 (22.3659, 20.934)
    1572 (21.129, -1.6807) -> 8950 (20.2301, -0.891387)
    1573 (2.69874, 0.143228) -> 6108 (2.481, 0.540819)
    1574 (20.752, -1.36536) -> 8950 (20.2301, -0.891387)
    1575 (3.11798, 10.2121) -> 3877 (2.55314, 11.1946)
    1576 (19.5823, 20.0346) -> 3636 (17.6732, 20.22)
    1577 (17.7354, 10.0177) -> 9380 (16.9912, 9.65993)
    1578 (4.9073, 12.6767) -> 4988 (3.53094, 13.3477)
    1579 (23.624, 24.1341) -> 9325 (21.971, 23.5702)
    1580 (12.582, -3.34027) -> 9376 (12.1545, -2.96131)
    1581 (19.7894, 14.5268) -> 2212 (18.3666, 15.4534)
    1582 (24.9247, 24.3289) -> 9115 (24.5611, 24.3066)
    1583 (14.1129, -0.0453143) -> 9565 (12.5962, 1.11137)
    1584 (0.816569, 19.1902) -> 7142 (0.778991, 17.6291)
    1585 (22.4346, 22.0462) -> 9010 (21.4056, 22.0571)
    1586 (11.5784, 1.46995) -> 9722 (10.4746, 1.99547)
    1587 (10.5748, -4.32488) -> 9681 (9.96477, -3.55068)
    1588 (4.94916, 2.76521) -> 4127 (4.17452, 4.24721)
    1589 (14.3822, -1.52295) -> 8348 (14.2212, -1.44332)
    1590 (13.6092, 2.78281) -> 5190 (12.2806, 3.4895)
    1591 (0.280228, 21.6451) -> 3378 (0.393827, 19.8059)
    1592 (1.30626, 17.7776) -> 2712 (1.07579, 15.8113)
    1593 (12.1192, 17.8579) -> 15 (10.7113, 18.4932)
    1594 (23.8193, 15.9322) -> 6530 (22.2277, 16.5271)
    1595 (10.7472, 16.6149) -> 8895 (10.0637, 17.481)
    1596 (24.708, 26.4174) -> 9273 (23.7658, 26.1974)
    1597 (3.07223, 29.7652) -> 8847 (2.58772, 27.9682)
    1598 (23.899, 5.4786) -> 8518 (23.3552, 5.49696)
    1599 (22.6297, 22.2698) -> 8605 (22.4096, 22.2137)
    1600 (11.5554, 9.75743) -> 9006 (10.8344, 8.5455)
    1601 (10.2865, -0.852664) -> 7944 (8.97391, 0.530484)
    1602 (3.0172, 10.3493) -> 3877 (2.55314, 11.1946)
    1603 (13.3366, -9.95288) -> 9143 (12.6553, -8.64953)
    1604 (24.7356, 28.648) -> 9427 (23.7098, 27.8341)
    1605 (8.43992, 26.1341) -> 9516 (7.17536, 24.6202)
    1606 (15.5587, 15.635) -> 8650 (15.4053, 15.5324)
    1607 (15.6592, -2.10106) -> 8332 (14.3824, -1.09207)
    1608 (21.1469, 18.9421) -> 8873 (19.581, 18.6919)
    1609 (4.05667, -6.93448) -> 9969 (3.82674, -5.34327)
    1610 (17.2309, 7.64717) -> 9535 (15.8798, 7.47779)
    1611 (5.08244, -4.24545) -> 7367 (4.65876, -3.01569)
    1612 (22.2476, 2.55077) -> 7983 (20.3221, 3.0104)
    1613 (23.3874, 18.7371) -> 9577 (21.9744, 18.711)
    1614 (17.0514, 25.9826) -> 8841 (16.2057, 25.5021)
    1615 (12.8064, 1.43567) -> 7980 (11.6275, 2.37616)
    1616 (10.7915, -3.37564) -> 8421 (9.95989, -2.64228)
    1617 (22.5971, -7.58271) -> 5411 (21.5316, -6.80151)
    1618 (18.8412, 4.2831) -> 7296 (17.1424, 4.60962)
    1619 (9.83806, -0.134516) -> 4353 (8.78522, 1.15216)
    1620 (0.193983, 14.8728) -> 0 (1, 15)
    1621 (24.8317, -5.9813) -> 8532 (23.5122, -4.56437)
    1622 (23.0693, 1.50248) -> 7855 (22.1755, 2.18442)
    1623 (3.68283, 4.63558) -> 3533 (3.00528, 6.25448)
    1624 (23.3685, 4.56153) -> 8780 (21.6306, 4.69501)
    1625 (19.3398, -2.65902) -> 9548 (17.9539, -1.78402)
    1626 (13.7556, 24.3425) -> 9471 (13.1316, 23.9412)
    1627 (11.273, 6.33885) -> 7785 (10.6451, 6.53363)
    1628 (15.9426, 5.70681) -> 9089 (14.3759, 6.06225)
    1629 (23.2853, -3.44645) -> 8585 (21.7187, -2.42879)
    1630 (22.8765, 14.4658) -> 9897 (21.7146, 15.0116)
    1631 (12.2568, -6.12077) -> 9929 (11.55, -4.86516)
    1632 (10.4058, 21.9992) -> 9572 (10.2134, 21.7514)
    1633 (18.2033, 24.4039) -> 9907 (16.6585, 23.7663)
    1634 (0.714646, 19.1356) -> 7142 (0.778991, 17.6291)
    1635 (21.1639, 24.1072) -> 8200 (20.7713, 23.8469)
    1636 (12.1191, 25.4642) -> 9113 (10.8426, 24.8303)
    1637 (20.7317, 19.5129) -> 4349 (19.0043, 19.7501)
    1638 (8.76665, 20.6558) -> 9841 (7.47766, 20.1119)
    1639 (13.7107, 4.46294) -> 9917 (12.0164, 4.99724)
    1640 (8.78689, 25.1619) -> 89 (7.57407, 24.0103)
    1641 (6.98663, 24.7181) -> 8707 (6.18779, 23.9218)
    1642 (23.9212, 14.6698) -> 9455 (23.6607, 14.8683)
    1643 (10.642, -9.66283) -> 5821 (10.4861, -9.15389)
    1644 (20.105, 12.7942) -> 5465 (19.3962, 13.4485)
    1645 (15.3763, 4.19536) -> 9087 (13.7542, 4.83996)
    1646 (19.6385, -7.44914) -> 9425 (18.2759, -6.34568)
    1647 (10.3454, 18.1018) -> 9732 (9.31299, 18.3777)
    1648 (2.87915, 26.0816) -> 6574 (2.47468, 24.231)
    1649 (12.9495, 7.41937) -> 8888 (11.5601, 7.54936)
    1650 (8.05038, 2.23346) -> 6241 (7.05523, 3.1573)
    1651 (13.4368, 26.1309) -> 4495 (11.7689, 25.226)
    1652 (22.3963, 22.7049) -> 8211 (20.8481, 22.3825)
    1653 (23.9089, 22.6518) -> 8536 (22.7773, 22.6532)
    1654 (10.4805, 16.7073) -> 9650 (9.49111, 17.4092)
    1655 (8.75347, 19.3437) -> 6295 (8.24602, 19.1103)
    1656 (11.5073, 19.3859) -> 5720 (10.5731, 19.4807)
    1657 (22.4002, 5.80888) -> 9746 (20.8255, 5.99908)
    1658 (8.87242, 21.3293) -> 8927 (7.62436, 20.5614)
    1659 (11.0689, 0.634922) -> 9827 (11.0151, 0.938682)
    1660 (9.22757, -0.758342) -> 8406 (7.99828, 0.577632)
    1661 (19.2336, 5.47552) -> 8171 (17.5641, 5.6569)
    1662 (23.7061, 27.024) -> 9005 (22.0491, 26.2279)
    1663 (16.2718, 12.4909) -> 9784 (16.0432, 14.2358)
    1664 (5.02241, 15.306) -> 5719 (3.83086, 15.2982)
    1665 (15.0177, 16.2195) -> 4523 (13.9456, 17.0713)
    1666 (15.7302, 26.7028) -> 7012 (14.2061, 25.839)
    1667 (15.1363, 7.16163) -> 7122 (13.9152, 7.13185)
    1668 (21.1678, 8.61407) -> 7484 (20.5837, 8.638)
    1669 (2.94029, 9.77031) -> 8865 (2.63965, 10.399)
    1670 (0.505308, -7.79984) -> 8497 (0.465389, -6.6631)
    1671 (22.2624, 11.6751) -> 5167 (21.9344, 11.8901)
    1672 (14.6201, 19.8479) -> 8049 (14.1902, 19.9525)
    1673 (3.49764, 25.7639) -> 9276 (2.95966, 24.1476)
    1674 (6.68011, 9.67865) -> 6196 (5.59445, 10.217)
    1675 (17.5226, 19.1383) -> 6204 (16.6512, 19.2411)
    1676 (9.26176, -7.982) -> 7667 (8.7412, -6.62806)
    1677 (12.509, 0.682621) -> 6383 (11.6714, 1.37362)
    1678 (7.42923, 9.54399) -> 6196 (5.59445, 10.217)
    1679 (21.0977, 23.0699) -> 9202 (19.4989, 22.6972)
    1680 (11.0158, -5.77693) -> 7660 (10.2524, -4.43049)
    1681 (21.0571, 8.40776) -> 8818 (19.7362, 8.83065)
    1682 (15.4949, 4.62711) -> 9412 (14.7975, 4.62642)
    1683 (2.4712, 24.1921) -> 8359 (2.44451, 24.0601)
    1684 (24.9108, 22.2451) -> 8736 (24.6482, 22.2839)
    1685 (14.1664, 20.7806) -> 9959 (13.0929, 20.5849)
    1686 (2.93942, 13.06) -> 1247 (1.90256, 14.1428)
    1687 (3.73627, 7.38909) -> 5076 (3.12821, 8.6836)
    1688 (22.2294, -1.42824) -> 9240 (20.7346, -0.74494)
    1689 (14.9586, -1.73348) -> 7562 (13.5959, -0.967981)
    1690 (13.6012, -1.68663) -> 6164 (12.2666, -0.220546)
    1691 (1.32008, 0.110484) -> 5245 (1.19716, 1.86818)
    1692 (3.77713, -8.67752) -> 9305 (3.4705, -7.33259)
    1693 (17.0269, 22.5269) -> 7342 (16.4354, 22.3296)
    1694 (20.977, 0.498147) -> 8542 (20.0062, 1.02215)
    1695 (15.0486, -5.60578) -> 8951 (14.0897, -4.60712)
    1696 (0.565492, 27.216) -> 9188 (0.580756, 27.0656)
    1697 (23.4228, 22.4755) -> 8130 (22.9165, 22.3727)
    1698 (21.9356, 20.7566) -> 9204 (21.1878, 20.2233)
    1699 (18.0423, -3.14377) -> 8452 (17.0542, -2.35745)
    1700 (14.1387, -9.01205) -> 8733 (13.659, -8.23546)
    1701 (24.4928, 13.9388) -> 9595 (23.3304, 14.311)
    1702 (23.3497, 27.4283) -> 9149 (22.7677, 27.241)
    1703 (7.50974, 20.0476) -> 8592 (5.96887, 19.2698)
    1704 (5.17295, 7.85192) -> 8013 (4.85717, 8.10484)
    1705 (21.4927, 16.3513) -> 8745 (20.1226, 16.8208)
    1706 (9.34784, -2.7823) -> 9602 (8.77137, -1.43043)
    1707 (22.8785, -7.40238) -> 7081 (22.1275, -6.90919)
    1708 (13.9681, 3.17785) -> 9356 (13.5883, 3.33303)
    1709 (17.5669, -9.20488) -> 8264 (17.0587, -8.54612)
    1710 (13.5791, 18.9727) -> 6280 (11.976, 19.2405)
    1711 (3.17941, 17.0984) -> 2082 (2.4375, 16.2211)
    1712 (24.806, 19.5605) -> 8246 (23.0466, 19.4185)
    1713 (5.6925, 23.3407) -> 1136 (5.04817, 22.3661)
    1714 (19.4689, 10.4871) -> 8762 (19.0305, 10.428)
    1715 (11.2823, -4.31271) -> 9635 (10.9209, -3.60493)
    1716 (1.5514, 5.04349) -> 6188 (1.39998, 6.23432)
    1717 (3.32798, 9.64009) -> 4651 (2.65686, 10.8028)
    1718 (11.2158, 26.7838) -> 7283 (10.2372, 25.238)
    1719 (24.7756, -8.03818) -> 9009 (23.3603, -6.7777)
    1720 (12.8986, 29.4685) -> 9830 (12.0881, 28.8812)
    1721 (1.17535, -2.07678) -> 6391 (1.1552, -0.345625)
    1722 (23.239, -9.66947) -> 7490 (22.546, -9.15292)
    1723 (9.22154, -3.64286) -> 8402 (8.51868, -2.13003)
    1724 (19.2037, 15.9696) -> 9902 (18.8825, 16.2968)
    1725 (12.2892, 28.7247) -> 5851 (11.4756, 28.0216)
    1726 (22.0977, 27.0183) -> 9755 (21.4139, 26.8244)
    1727 (10.9265, 18.4503) -> 9254 (9.10525, 18.6181)
    1728 (17.918, 21.4604) -> 7519 (16.12, 21.2589)
    1729 (21.3208, -7.00245) -> 9410 (20.4971, -6.34004)
    1730 (19.412, 21.977) -> 5529 (17.4672, 21.6752)
    1731 (20.3136, 19.6471) -> 4349 (19.0043, 19.7501)
    1732 (0.766173, 14.7304) -> 0 (1, 15)
    1733 (15.0557, 9.56195) -> 9334 (14.8437, 9.4043)
    1734 (7.32049, 8.00688) -> 4098 (6.16791, 8.63148)
    1735 (19.73, -7.4324) -> 9425 (18.2759, -6.34568)
    1736 (0.508885, 24.7331) -> 6762 (0.497371, 23.4864)
    1737 (24.5365, -4.93464) -> 9264 (23.2565, -4.13449)
    1738 (12.8773, -8.6889) -> 5275 (12.0207, -7.3362)
    1739 (5.64856, 17.7486) -> 3581 (4.80465, 17.3974)
    1740 (17.8811, -5.73866) -> 9905 (16.4876, -4.63342)
    1741 (10.0439, -5.37872) -> 9975 (9.02296, -4.0065)
    1742 (14.4728, 2.68942) -> 8685 (12.9967, 3.2705)
    1743 (22.1033, 4.86804) -> 6690 (21.4861, 5.18466)
    1744 (2.81194, 23.488) -> 9253 (2.49457, 21.8849)
    1745 (22.9514, 20.162) -> 9204 (21.1878, 20.2233)
    1746 (0.12002, 16.497) -> 0 (1, 15)
    1747 (6.50191, 6.91063) -> 3889 (5.55257, 7.65758)
    1748 (4.50735, 2.71521) -> 6210 (3.99741, 3.88587)
    1749 (15.9832, 16.9414) -> 7576 (15.1468, 17.2467)
    1750 (21.5049, -3.29361) -> 9158 (20.2101, -2.45902)
    1751 (18.1729, -9.37026) -> 9326 (17.5589, -8.63668)
    1752 (19.1905, 17.3283) -> 9203 (18.47, 17.4661)
    1753 (14.5733, 9.27877) -> 6886 (13.2274, 8.62975)
    1754 (12.7644, 29.7329) -> 8307 (11.4018, 28.2906)
    1755 (7.28753, 19.6924) -> 9035 (6.1291, 19.2048)
    1756 (7.46948, 18.5028) -> 9692 (5.92878, 18.0814)
    1757 (19.2365, 22.0127) -> 9477 (18.4873, 21.8116)
    1758 (0.0529221, 24.2175) -> 8899 (0.249946, 22.6278)
    1759 (24.0757, 6.59982) -> 8491 (22.7943, 6.61086)
    1760 (19.3899, -9.67469) -> 9596 (19.0355, -8.8206)
    1761 (17.5465, -1.35953) -> 8635 (16.3839, -0.572374)
    1762 (23.3869, 7.50413) -> 8871 (22.7559, 7.56532)
    1763 (10.0321, 5.9829) -> 9496 (9.36918, 6.53397)
    1764 (21.4376, 15.8553) -> 4374 (20.2238, 16.3783)
    1765 (0.0548174, 21.9276) -> 7004 (0.178774, 20.8967)
    1766 (17.8232, 0.938044) -> 9834 (16.7975, 1.34085)
    1767 (23.2294, 29.6054) -> 9796 (21.9634, 28.9188)
    1768 (15.8648, 19.2307) -> 8063 (15.1183, 19.4139)
    1769 (18.0762, -9.14252) -> 9326 (17.5589, -8.63668)
    1770 (10.4291, 18.1714) -> 9732 (9.31299, 18.3777)
    1771 (17.2433, -2.78545) -> 2647 (15.6286, -1.64601)
    1772 (20.9303, 7.55345) -> 8020 (19.1507, 7.47902)
    1773 (17.3885, 9.26124) -> 7332 (17.4014, 9.23392)
    1774 (11.3911, 0.798062) -> 9827 (11.0151, 0.938682)
    1775 (24.3882, 15.9167) -> 8543 (23.515, 16.3173)
    1776 (0.132912, 24.0999) -> 3994 (0.161564, 23.548)
    1777 (0.284773, 14.99) -> 0 (1, 15)
    1778 (7.04146, 20.8466) -> 9357 (6.33073, 20.3584)
    1779 (23.5438, 27.0112) -> 9005 (22.0491, 26.2279)
    1780 (0.681428, 8.56406) -> 7078 (0.592428, 10.2563)
    1781 (5.19241, 15.9762) -> 6019 (3.85483, 15.8669)
    1782 (8.53809, 7.42076) -> 9200 (7.92199, 7.55755)
    1783 (12.6605, 24.8026) -> 9862 (11.423, 24.024)
    1784 (8.25279, 16.9249) -> 3830 (6.5906, 17.0336)
    1785 (1.28186, -8.74615) -> 7926 (1.30943, -8.45881)
    1786 (9.72136, -5.3131) -> 9975 (9.02296, -4.0065)
    1787 (18.2563, 2.61539) -> 6058 (17.0198, 2.94774)
    1788 (18.8172, 27.0746) -> 9332 (17.3094, 26.1702)
    1789 (18.519, 29.459) -> 9417 (17.5975, 28.9081)
    1790 (13.1953, 24.8416) -> 9862 (11.423, 24.024)
    1791 (15.2818, 18.3945) -> 9494 (14.7299, 18.6236)
    1792 (16.0485, 10.5301) -> 9836 (15.3369, 9.69397)
    1793 (8.50366, 29.351) -> 9580 (7.51875, 28.0708)
    1794 (11.5772, 23.285) -> 7183 (10.607, 22.8031)
    1795 (8.27728, 4.82899) -> 6970 (6.88434, 5.80374)
    1796 (22.7412, -0.511783) -> 8386 (21.6559, 0.253185)
    1797 (17.4654, 3.68151) -> 9680 (16.0831, 4.25929)
    1798 (10.679, -9.57522) -> 5821 (10.4861, -9.15389)
    1799 (15.4158, 12.439) -> 9300 (15.613, 12.3709)
    1800 (17.0922, 10.9743) -> 9720 (15.9686, 9.40547)
    1801 (6.18663, 11.7581) -> 6939 (4.88103, 12.2677)
    1802 (22.0418, 26.1343) -> 9134 (21.2801, 25.6024)
    1803 (14.0747, 17.6333) -> 5885 (12.3434, 18.3258)
    1804 (4.39527, 0.327411) -> 6901 (4.42274, 0.385608)
    1805 (2.61168, -6.74174) -> 8934 (2.3996, -5.61582)
    1806 (9.77287, 2.36357) -> 2662 (9.13715, 2.90455)
    1807 (18.7143, 3.18466) -> 8212 (17.2214, 3.47125)
    1808 (5.15434, 28.6075) -> 9820 (4.7199, 27.0316)
    1809 (15.5505, 23.4011) -> 4184 (14.563, 23.1988)
    1810 (2.96306, 18.6344) -> 689 (2.07259, 17.1404)
    1811 (0.816772, 2.91917) -> 8112 (0.755518, 4.03276)
    1812 (12.0827, -8.52351) -> 8174 (11.8759, -7.91377)
    1813 (19.9763, 2.23023) -> 7766 (18.1715, 2.85268)
    1814 (22.9515, 9.07784) -> 8122 (22.0077, 8.9798)
    1815 (22.4611, -7.61023) -> 5411 (21.5316, -6.80151)
    1816 (17.1352, -8.51666) -> 8935 (16.5421, -7.57078)
    1817 (15.9733, 4.58644) -> 8325 (14.4975, 5.13944)
    1818 (21.0449, 5.03606) -> 8571 (19.9725, 5.3074)
    1819 (22.6674, -3.38885) -> 8683 (21.3029, -2.60142)
    1820 (16.6082, 21.5509) -> 7519 (16.12, 21.2589)
    1821 (22.7371, 0.615876) -> 8850 (21.1937, 1.31023)
    1822 (4.31132, 0.669072) -> 3991 (3.73775, 2.53472)
    1823 (15.4388, 19.11) -> 8266 (13.9526, 19.3918)
    1824 (12.2716, -0.648526) -> 8748 (11.4548, -0.00545873)
    1825 (9.03644, 23.6861) -> 6684 (8.30368, 23.0595)
    1826 (18.8541, -9.66085) -> 9326 (17.5589, -8.63668)
    1827 (21.8659, 6.68988) -> 9070 (20.8878, 6.65036)
    1828 (24.9449, 25.025) -> 9616 (24.3792, 24.9186)
    1829 (5.477, -6.36955) -> 9055 (4.79934, -4.50357)
    1830 (0.0596774, -3.22233) -> 9802 (0.0912975, -1.77143)
    1831 (17.2473, 11.2448) -> 9074 (16.0123, 10.2769)
    1832 (19.5242, 11.6365) -> 8868 (19.0736, 12.1221)
    1833 (0.223609, 14.8251) -> 0 (1, 15)
    1834 (3.19545, 10.6763) -> 7850 (2.94299, 11.2689)
    1835 (10.2183, 1.16441) -> 9047 (8.95219, 2.46103)
    1836 (8.27457, 28.4366) -> 6459 (7.35608, 27.3131)
    1837 (9.38448, 3.9949) -> 5491 (8.32011, 5.23261)
    1838 (20.0492, 11.6843) -> 5716 (18.8265, 12.88)
    1839 (7.86403, 18.8136) -> 9491 (6.79774, 18.6222)
    1840 (11.5224, 5.15173) -> 4956 (10.9587, 5.31105)
    1841 (14.6134, -4.87288) -> 7428 (14.0357, -4.30486)
    1842 (0.442251, 24.5424) -> 6762 (0.497371, 23.4864)
    1843 (11.634, -8.68824) -> 8462 (10.5878, -7.12752)
    1844 (5.00186, 2.20284) -> 8152 (4.24644, 3.83186)
    1845 (11.9791, 5.74555) -> 8726 (10.6483, 6.14202)
    1846 (23.0769, 5.93661) -> 7964 (21.5699, 6.07301)
    1847 (18.3301, 4.18597) -> 9274 (16.53, 4.94741)
    1848 (7.32012, -1.97277) -> 7118 (6.71802, -0.712318)
    1849 (15.3891, 13.7787) -> 8814 (15.3486, 15.1797)
    1850 (2.74358, 13.8063) -> 1283 (2.63412, 13.8938)
    1851 (4.98627, 28.1007) -> 9080 (4.54243, 26.9068)
    1852 (19.1941, 4.60861) -> 7655 (18.2932, 4.92684)
    1853 (21.5324, 29.4132) -> 8807 (20.1044, 28.6466)
    1854 (9.61651, 9.41337) -> 3702 (8.37922, 9.02698)
    1855 (21.7558, 0.215235) -> 8542 (20.0062, 1.02215)
    1856 (10.6354, -6.61665) -> 6775 (10.038, -5.9012)
    1857 (8.06739, -3.47096) -> 9111 (7.76805, -2.89183)
    1858 (7.09434, 6.48698) -> 5895 (5.93685, 7.44674)
    1859 (23.9242, 0.881064) -> 9866 (23.5873, 1.092)
    1860 (11.0623, 22.4496) -> 9355 (10.1541, 22.1343)
    1861 (24.5382, 5.8992) -> 7689 (23.8958, 5.95641)
    1862 (11.7058, -6.54017) -> 6980 (11.0916, -5.7347)
    1863 (2.11409, 0.012677) -> 6381 (2.01781, 1.06316)
    1864 (24.8438, 9.73368) -> 9354 (23.1196, 9.16767)
    1865 (23.4012, -8.59724) -> 1221 (22.186, -7.59088)
    1866 (2.58567, 29.3707) -> 8847 (2.58772, 27.9682)
    1867 (2.20537, -7.92785) -> 6135 (2.19822, -7.19322)
    1868 (0.363036, -6.57218) -> 5737 (0.443239, -4.7503)
    1869 (3.58831, 12.0634) -> 6959 (2.47711, 13.3101)
    1870 (17.1114, -1.1604) -> 9350 (16.0234, -0.450021)
    1871 (12.574, -6.67829) -> 9499 (11.88, -5.39647)
    1872 (5.98506, -8.29147) -> 7685 (5.66615, -7.559)
    1873 (2.3721, -3.04294) -> 9228 (2.24851, -1.25066)
    1874 (17.2021, -6.66233) -> 9483 (16.6008, -5.91076)
    1875 (3.68275, 16.3884) -> 1099 (2.21894, 15.6651)
    1876 (18.4145, -8.41106) -> 9633 (17.3146, -7.03746)
    1877 (18.3919, -6.43314) -> 9425 (18.2759, -6.34568)
    1878 (15.5655, -8.02821) -> 8995 (14.8596, -7.05476)
    1879 (7.48118, 20.6384) -> 7608 (6.94586, 20.3704)
    1880 (18.4799, 23.888) -> 6233 (17.7229, 23.648)
    1881 (19.8055, 25.1394) -> 9296 (17.9426, 24.5965)
    1882 (0.278517, 12.4483) -> 2515 (0.712836, 13.9254)
    1883 (18.7846, 14.7323) -> 6704 (17.4818, 15.7909)
    1884 (13.3919, 6.70879) -> 9344 (11.9756, 6.91903)
    1885 (23.1006, 0.620121) -> 9617 (22.0715, 1.05642)
    1886 (8.96424, 3.97127) -> 3722 (8.2072, 4.48439)
    1887 (1.63091, 13.7074) -> 0 (1, 15)
    1888 (19.3942, 22.8632) -> 5832 (17.6928, 22.66)
    1889 (22.3604, 3.57735) -> 9013 (20.9144, 3.98549)
    1890 (7.22823, -3.19413) -> 9492 (6.47613, -1.58224)
    1891 (23.5497, 7.7143) -> 9856 (22.0014, 7.60198)
    1892 (12.3296, -1.14291) -> 8809 (11.6734, -0.416002)
    1893 (12.7547, 9.28632) -> 8550 (12.3552, 8.61571)
    1894 (17.2482, 15.5253) -> 3864 (16.4467, 16.0248)
    1895 (13.7175, 20.7604) -> 9959 (13.0929, 20.5849)
    1896 (23.2919, -8.27296) -> 7081 (22.1275, -6.90919)
    1897 (18.2846, -3.68993) -> 6496 (17.1816, -2.75783)
    1898 (12.8678, 18.0555) -> 6545 (11.6002, 18.6696)
    1899 (14.9645, 29.9708) -> 8644 (14.1679, 29.3163)
    1900 (16.83, 27.2415) -> 3990 (15.4033, 26.3534)
    1901 (1.994, 22.1583) -> 5178 (1.78023, 20.6268)
    1902 (2.88672, 6.77985) -> 5805 (2.49526, 7.58573)
    1903 (19.7596, 15.4126) -> 7884 (18.2154, 16.2818)
    1904 (18.0233, 27.9786) -> 1900 (16.83, 27.2415)
    1905 (14.1697, 14.2652) -> 4520 (14.5563, 15.9139)
    1906 (1.45683, 4.79261) -> 6188 (1.39998, 6.23432)
    1907 (13.0717, -5.40033) -> 8298 (12.8255, -5.11071)
    1908 (18.3825, 11.4393) -> 9528 (17.4047, 10.5349)
    1909 (13.1567, -8.04611) -> 8829 (12.6821, -7.10429)
    1910 (0.899439, 21.6947) -> 9023 (0.891572, 21.1665)
    1911 (12.4699, 1.47342) -> 6974 (10.9138, 2.61479)
    1912 (24.1905, 25.1091) -> 9247 (23.707, 24.9477)
    1913 (12.3607, 27.3909) -> 9126 (11.7454, 26.3522)
    1914 (7.27772, 8.30302) -> 8517 (5.67228, 9.27422)
    1915 (3.61874, 5.74878) -> 9901 (3.62166, 5.90133)
    1916 (15.365, 18.719) -> 6840 (15.3084, 18.7382)
    1917 (9.18835, 4.99185) -> 7532 (7.59867, 6.02362)
    1918 (24.0307, 19.7419) -> 8770 (23.6366, 19.8971)
    1919 (16.6195, 15.5435) -> 6118 (15.1122, 16.8519)
    1920 (23.054, -9.71039) -> 7139 (21.919, -8.64731)
    1921 (0.874302, 7.70936) -> 9710 (0.834278, 8.2875)
    1922 (20.6736, 27.3286) -> 4076 (19.553, 26.6862)
    1923 (7.55163, 9.71791) -> 9000 (6.07808, 10.0667)
    1924 (14.336, 0.498422) -> 7108 (13.0324, 1.74233)
    1925 (19.4768, 19.2363) -> 5323 (18.9416, 19.3178)
    1926 (11.7133, 5.15148) -> 1840 (11.5224, 5.15173)
    1927 (17.958, 5.19418) -> 9121 (17.0261, 5.1943)
    1928 (23.0328, 14.4902) -> 9897 (21.7146, 15.0116)
    1929 (19.9286, 28.0946) -> 9514 (18.3192, 27.0782)
    1930 (5.20171, -5.34165) -> 9055 (4.79934, -4.50357)
    1931 (10.4051, 25.5374) -> 9974 (9.09617, 24.6693)
    1932 (12.0887, 20.188) -> 6682 (10.2821, 19.9426)
    1933 (19.9237, -9.66075) -> 9596 (19.0355, -8.8206)
    1934 (23.9508, 28.5111) -> 6446 (22.3866, 27.7358)
    1935 (13.6227, 25.8559) -> 8710 (11.9708, 24.9668)
    1936 (13.3142, -0.178511) -> 9769 (12.6364, 0.229592)
    1937 (0.593564, 2.44132) -> 8112 (0.755518, 4.03276)
    1938 (18.5257, -3.59706) -> 8452 (17.0542, -2.35745)
    1939 (24.5319, 4.76089) -> 9441 (22.6193, 5.23796)
    1940 (12.0441, 6.02467) -> 6784 (10.2465, 6.4601)
    1941 (10.5949, -2.90234) -> 9919 (9.4659, -1.78782)
    1942 (0.192968, 16.0146) -> 0 (1, 15)
    1943 (1.74566, 5.81645) -> 5031 (1.50502, 7.11658)
    1944 (7.01468, 28.887) -> 7874 (6.81583, 28.2822)
    1945 (12.7636, -8.22674) -> 9421 (12.4304, -7.45779)
    1946 (22.776, -0.0306781) -> 9331 (22.6114, 0.0505553)
    1947 (13.7596, 20.3641) -> 5880 (11.9877, 20.3443)
    1948 (22.735, 17.9853) -> 8265 (21.4648, 18.011)
    1949 (16.216, -2.84741) -> 9637 (16.0513, -2.56382)
    1950 (6.87729, -2.70426) -> 9492 (6.47613, -1.58224)
    1951 (17.4023, -7.61712) -> 9483 (16.6008, -5.91076)
    1952 (19.7635, -3.85346) -> 7695 (18.804, -3.39213)
    1953 (1.47982, 16.4058) -> 0 (1, 15)
    1954 (21.7554, 25.9242) -> 9134 (21.2801, 25.6024)
    1955 (18.3055, 14.9684) -> 5726 (17.096, 15.7953)
    1956 (18.5624, -6.51236) -> 9425 (18.2759, -6.34568)
    1957 (8.83872, -8.80977) -> 8791 (8.08511, -6.96908)
    1958 (23.5461, 5.6045) -> 7845 (22.0841, 5.78846)
    1959 (4.82064, -2.27559) -> 8383 (4.19924, -0.40752)
    1960 (6.6175, 6.27259) -> 9584 (5.32003, 7.39611)
    1961 (21.2087, 26.9537) -> 8439 (19.5887, 26.3533)
    1962 (2.83691, 7.18824) -> 8933 (2.58012, 7.70684)
    1963 (8.07709, -4.34945) -> 7909 (7.44552, -2.76515)
    1964 (12.5277, 24.9684) -> 7756 (11.047, 24.0453)
    1965 (5.29273, 9.4741) -> 2884 (4.37441, 10.4063)
    1966 (13.8727, 15.381) -> 4297 (13.3227, 17.0573)
    1967 (15.1564, 18.8474) -> 9125 (14.5747, 18.7721)
    1968 (14.6762, 9.37504) -> 6886 (13.2274, 8.62975)
    1969 (9.7289, -5.40736) -> 9975 (9.02296, -4.0065)
    1970 (2.50215, 7.06494) -> 9553 (2.03173, 8.33894)
    1971 (1.94256, -7.86101) -> 8055 (1.8275, -6.06081)
    1972 (6.93723, 16.315) -> 695 (4.94652, 16.236)
    1973 (12.981, 2.78971) -> 7973 (12.3229, 3.1298)
    1974 (21.7061, 10.419) -> 6205 (20.4642, 9.95821)
    1975 (14.2419, -1.17852) -> 4779 (13.206, -0.327428)
    1976 (23.6753, -1.56446) -> 9794 (22.5579, -0.957286)
    1977 (3.05137, 17.0334) -> 2082 (2.4375, 16.2211)
    1978 (23.7417, 4.89718) -> 9249 (22.0743, 5.14532)
    1979 (4.30325, 6.34381) -> 4782 (3.77542, 7.33397)
    1980 (0.15367, 24.5559) -> 8899 (0.249946, 22.6278)
    1981 (24.8981, -7.84152) -> 9009 (23.3603, -6.7777)
    1982 (19.4671, 23.9959) -> 9968 (17.8964, 23.6085)
    1983 (2.53003, 23.1028) -> 9416 (2.50401, 22.6476)
    1984 (20.1423, 3.83083) -> 5192 (19.0416, 4.39145)
    1985 (2.6021, 20.0414) -> 5605 (1.95719, 18.2242)
    1986 (20.9651, 28.2159) -> 9910 (20.4299, 28.047)
    1987 (18.2532, 29.7362) -> 7877 (17.667, 29.4314)
    1988 (2.45574, -4.09883) -> 9363 (2.44071, -3.65748)
    1989 (23.7694, 4.78877) -> 9249 (22.0743, 5.14532)
    1990 (9.58276, 20.96) -> 7233 (9.29105, 20.8353)
    1991 (13.4453, 3.17786) -> 8685 (12.9967, 3.2705)
    1992 (1.07847, 25.8167) -> 7815 (1.1306, 25.1225)
    1993 (12.3118, 10.0161) -> 3986 (11.8577, 8.6051)
    1994 (15.3927, -3.84317) -> 9748 (14.3187, -2.76937)
    1995 (19.2998, 27.1748) -> 6867 (17.7899, 26.2706)
    1996 (22.1858, 10.5378) -> 7753 (21.4934, 9.9267)
    1997 (10.6072, -9.61703) -> 6772 (9.86196, -8.32066)
    1998 (10.9598, 17.9746) -> 9732 (9.31299, 18.3777)
    1999 (20.9817, 26.4396) -> 9950 (19.4304, 25.8783)
    2000 (24.112, 21.6433) -> 9936 (22.8316, 21.2978)
    2001 (1.86231, 6.34184) -> 9736 (1.82871, 7.21943)
    2002 (20.8206, 15.2906) -> 8896 (19.9356, 15.6669)
    2003 (20.2367, 23.0752) -> 4516 (19.3941, 22.907)
    2004 (7.48493, 5.63474) -> 7929 (6.39439, 6.61067)
    2005 (21.6344, -7.13527) -> 8688 (21.1649, -6.84046)
    2006 (9.91712, 19.1229) -> 9008 (9.73339, 19.1773)
    2007 (17.0907, 16.0477) -> 8450 (15.8615, 16.7568)
    2008 (8.43107, -6.16356) -> 9459 (8.19567, -5.62269)
    2009 (8.54779, 2.20777) -> 8725 (7.62509, 3.26013)
    2010 (14.6112, -2.71387) -> 6812 (14.3523, -2.39095)
    2011 (20.0076, 28.7418) -> 8976 (19.0859, 28.2669)
    2012 (24.6624, 18.0125) -> 9522 (24.171, 18.1142)
    2013 (3.044, 8.41398) -> 5796 (2.3859, 9.84386)
    2014 (19.3646, 3.33428) -> 6727 (17.7433, 3.86567)
    2015 (6.85036, 8.77133) -> 8517 (5.67228, 9.27422)
    2016 (23.0249, -3.60004) -> 8683 (21.3029, -2.60142)
    2017 (10.736, 2.386) -> 9447 (9.5134, 3.37854)
    2018 (14.4834, 24.2515) -> 8503 (12.722, 23.6413)
    2019 (22.4447, 23.6475) -> 9325 (21.971, 23.5702)
    2020 (17.8302, 17.023) -> 9561 (17.5357, 17.2129)
    2021 (1.22131, 1.16083) -> 5245 (1.19716, 1.86818)
    2022 (5.12944, 23.6656) -> 3729 (4.25522, 22.2074)
    2023 (2.27197, 10.117) -> 9091 (1.67712, 11.8318)
    2024 (1.5874, 21.1322) -> 9509 (1.36384, 19.1472)
    2025 (16.175, 26.1217) -> 8339 (15.1582, 25.5675)
    2026 (14.1318, 28.5691) -> 7977 (12.9315, 27.6609)
    2027 (20.0908, 20.8421) -> 7407 (18.4102, 21.073)
    2028 (22.9761, 17.3985) -> 9642 (21.7469, 17.244)
    2029 (21.6105, 0.592131) -> 6509 (19.9215, 1.42856)
    2030 (18.7469, 14.9067) -> 6704 (17.4818, 15.7909)
    2031 (1.6873, 1.23819) -> 8711 (1.54888, 2.91544)
    2032 (4.63319, 6.62943) -> 9020 (4.04391, 7.39465)
    2033 (24.6684, -2.69845) -> 9306 (22.9158, -1.99939)
    2034 (8.47431, 24.9631) -> 6271 (7.40842, 23.8234)
    2035 (9.11223, 4.76766) -> 5660 (7.46689, 5.87557)
    2036 (11.0701, 27.2129) -> 8861 (10.0445, 26.3769)
    2037 (3.03744, 28.0825) -> 4960 (2.84854, 27.2117)
    2038 (4.24173, 14.2899) -> 8763 (2.98929, 14.5503)
    2039 (18.9946, 1.30036) -> 9461 (17.3141, 2.21615)
    2040 (7.54246, -2.73923) -> 9684 (7.2829, -2.24021)
    2041 (0.763151, 20.1638) -> 1584 (0.816569, 19.1902)
    2042 (3.46373, 1.46648) -> 6776 (2.95012, 2.98312)
    2043 (16.9088, 4.74965) -> 9274 (16.53, 4.94741)
    2044 (20.7842, 17.8784) -> 7633 (20.2335, 18.0251)
    2045 (10.5592, 26.9697) -> 8317 (10.0674, 26.581)
    2046 (17.4134, 14.1824) -> 9677 (16.1065, 15.2709)
    2047 (16.6702, 19.8918) -> 9933 (16.0156, 19.7497)
    2048 (19.6752, -1.34726) -> 7320 (18.2897, -0.437695)
    2049 (24.8108, 5.10408) -> 5902 (23.6142, 5.30717)
    2050 (14.1361, 23.1807) -> 5974 (12.5378, 22.7096)
    2051 (0.972314, 29.0023) -> 8501 (0.9421, 28.7068)
    2052 (16.277, -2.51198) -> 7244 (15.4906, -1.78755)
    2053 (8.17569, 7.84953) -> 2782 (8.18547, 7.85746)
    2054 (20.8057, 10.6725) -> 9131 (20.1078, 10.5282)
    2055 (5.95252, 20.4973) -> 9536 (5.72252, 20.1968)
    2056 (22.0671, 28.4976) -> 8346 (20.3316, 27.7155)
    2057 (2.65101, -4.11141) -> 8355 (2.50596, -2.74832)
    2058 (20.9256, 5.30121) -> 8209 (19.4696, 5.48428)
    2059 (12.3207, 24.9847) -> 7756 (11.047, 24.0453)
    2060 (23.8213, -4.60557) -> 9264 (23.2565, -4.13449)
    2061 (14.9118, 5.72936) -> 8764 (14.0248, 5.90267)
    2062 (23.3682, -8.58529) -> 1221 (22.186, -7.59088)
    2063 (22.415, 20.3899) -> 7715 (21.4211, 20.2563)
    2064 (20.0537, -8.35842) -> 9330 (19.9566, -8.30693)
    2065 (24.1359, 27.6521) -> 9149 (22.7677, 27.241)
    2066 (3.43482, 27.1344) -> 9116 (3.09071, 25.7844)
    2067 (2.42752, 13.1315) -> 4101 (1.3527, 14.5484)
    2068 (14.8034, 26.2998) -> 7012 (14.2061, 25.839)
    2069 (1.74585, 25.4888) -> 8929 (1.53575, 24.0191)
    2070 (18.5258, -0.412115) -> 6739 (18.2009, -0.177419)
    2071 (16.5051, 21.2009) -> 7519 (16.12, 21.2589)
    2072 (15.8134, -6.91798) -> 9990 (15.375, -5.97044)
    2073 (15.2728, 8.70001) -> 9032 (14.8962, 8.53304)
    2074 (5.444, 19.3547) -> 7060 (4.39912, 18.5945)
    2075 (4.19055, -5.55828) -> 9294 (3.88732, -3.83657)
    2076 (20.0281, 22.584) -> 7826 (18.3763, 22.3459)
    2077 (24.3926, -0.374182) -> 4379 (23.1057, 0.230552)
    2078 (19.7818, -9.29739) -> 8105 (19.557, -8.90772)
    2079 (5.47224, 26.2685) -> 3688 (5.2349, 25.926)
    2080 (17.2158, 17.8355) -> 5722 (16.4307, 18.2385)
    2081 (10.1242, 3.74648) -> 9993 (9.446, 4.09407)
    2082 (2.4375, 16.2211) -> 0 (1, 15)
    2083 (4.70655, 7.44055) -> 9382 (4.10485, 8.22871)
    2084 (4.90227, 18.7657) -> 4162 (3.43738, 17.5445)
    2085 (22.7439, 15.4678) -> 7675 (21.4181, 15.9999)
    2086 (22.3302, -1.04124) -> 9117 (21.5911, -0.641691)
    2087 (7.69303, 11.0776) -> 6330 (6.13969, 11.1483)
    2088 (19.7947, 6.2455) -> 8389 (18.1712, 6.45939)
    2089 (14.9873, 13.7056) -> 9752 (14.9672, 15.196)
    2090 (6.3188, 23.4015) -> 3638 (5.3969, 22.3408)
    2091 (23.9663, 9.9445) -> 9963 (23.3986, 10.1167)
    2092 (3.62834, 16.4391) -> 7937 (3.3141, 16.2726)
    2093 (15.5958, 18.2125) -> 8577 (13.9591, 18.6622)
    2094 (19.147, 29.5596) -> 8902 (17.5602, 28.5621)
    2095 (7.44424, 28.2103) -> 9463 (7.02643, 27.6863)
    2096 (3.77512, 26.0531) -> 8752 (3.11239, 24.3117)
    2097 (16.5842, 10.045) -> 8496 (15.5348, 9.27895)
    2098 (1.58214, 29.8438) -> 4431 (1.49526, 29.1211)
    2099 (16.3026, -6.55052) -> 9374 (15.7358, -5.6437)
    2100 (14.1722, 14.2874) -> 4520 (14.5563, 15.9139)
    2101 (4.92116, 1.61376) -> 6378 (4.70268, 2.25059)
    2102 (20.7808, 26.6927) -> 8259 (19.266, 25.9416)
    2103 (8.2706, 18.5267) -> 3907 (6.383, 18.0346)
    2104 (1.69224, -5.76052) -> 8639 (1.664, -4.64234)
    2105 (23.2768, 24.9479) -> 7245 (21.9229, 24.5321)
    2106 (8.94397, 16.1098) -> 7584 (7.23827, 16.6453)
    2107 (18.7416, -7.23558) -> 8295 (17.6557, -6.33914)
    2108 (1.252, 12.9119) -> 804 (1.22187, 13.2676)
    2109 (5.73215, -5.61193) -> 8189 (5.20126, -4.13088)
    2110 (20.1035, 21.2981) -> 8267 (18.4995, 21.2544)
    2111 (20.125, 25.8142) -> 9474 (19.5699, 25.5015)
    2112 (10.1576, 25.4124) -> 9974 (9.09617, 24.6693)
    2113 (16.3142, 6.43962) -> 9001 (14.4617, 6.61374)
    2114 (17.0849, 18.9568) -> 9954 (15.7407, 18.9321)
    2115 (18.6964, 9.47532) -> 9048 (18.4752, 9.45551)
    2116 (18.6826, 2.60226) -> 9603 (17.9752, 2.90979)
    2117 (14.2539, 18.0541) -> 9829 (13.1155, 18.5147)
    2118 (17.4882, 14.217) -> 8656 (16.1794, 15.3065)
    2119 (16.4607, 16.6224) -> 7576 (15.1468, 17.2467)
    2120 (6.6514, -5.40414) -> 5124 (6.01634, -4.03233)
    2121 (22.6895, 18.3673) -> 9851 (21.4665, 18.2568)
    2122 (13.8223, 29.5028) -> 8670 (13.6738, 29.384)
    2123 (0.9902, 14.6068) -> 0 (1, 15)
    2124 (14.8675, 9.16783) -> 8377 (14.1235, 9.00956)
    2125 (3.53219, 4.98675) -> 3533 (3.00528, 6.25448)
    2126 (3.46843, 4.89083) -> 5134 (3.03937, 5.67116)
    2127 (23.8281, 2.45955) -> 8962 (23.7708, 2.55104)
    2128 (2.66061, 21.9652) -> 9920 (2.60856, 21.5328)
    2129 (20.7497, 21.1965) -> 6857 (20.5233, 21.1831)
    2130 (5.11493, 10.5993) -> 7000 (4.38077, 11.1022)
    2131 (8.8959, 24.3633) -> 9333 (7.58485, 23.292)
    2132 (0.714023, -0.785048) -> 7895 (0.694046, 0.800791)
    2133 (15.8822, 18.5733) -> 9125 (14.5747, 18.7721)
    2134 (1.45988, 5.11044) -> 4178 (1.25789, 6.46555)
    2135 (19.6195, 10.2393) -> 9608 (18.9051, 9.80152)
    2136 (22.3968, 6.13615) -> 8877 (20.5867, 6.16366)
    2137 (16.5, 5.26796) -> 8849 (15.2724, 5.55475)
    2138 (3.15235, 10.1835) -> 3877 (2.55314, 11.1946)
    2139 (19.979, -0.28329) -> 8660 (18.5692, 0.365547)
    2140 (22.6399, -4.58756) -> 9957 (21.7025, -3.64424)
    2141 (19.3586, -7.48086) -> 9425 (18.2759, -6.34568)
    2142 (1.1896, 2.47664) -> 4197 (1.24917, 4.14185)
    2143 (1.03157, -8.25167) -> 1523 (1.07856, -6.87754)
    2144 (21.2394, -6.3213) -> 7059 (19.9981, -5.40175)
    2145 (17.0244, 2.96334) -> 7978 (15.2581, 3.79888)
    2146 (0.710626, -6.11421) -> 9743 (0.665055, -4.7036)
    2147 (18.6422, 7.29996) -> 8603 (17.6746, 7.23709)
    2148 (19.9315, 3.98656) -> 6105 (18.2736, 4.6619)
    2149 (18.8528, 14.6962) -> 6704 (17.4818, 15.7909)
    2150 (10.3906, -2.59862) -> 9919 (9.4659, -1.78782)
    2151 (17.2964, 11.9063) -> 8832 (16.6245, 11.0133)
    2152 (20.1435, 8.75071) -> 8818 (19.7362, 8.83065)
    2153 (21.3605, 18.8891) -> 8873 (19.581, 18.6919)
    2154 (3.30954, 6.97712) -> 9754 (3.05614, 7.6364)
    2155 (0.392312, 20.5296) -> 2773 (0.534894, 18.7923)
    2156 (8.23016, 2.00819) -> 9372 (7.13575, 3.08162)
    2157 (8.3984, 14.9754) -> 8825 (6.7332, 15.6756)
    2158 (10.5617, 26.4682) -> 5401 (10.1432, 26.1926)
    2159 (19.6571, 12.359) -> 9619 (18.5586, 13.4831)
    2160 (21.8823, 7.0361) -> 8435 (20.0864, 7.03617)
    2161 (12.5763, 20.0044) -> 7696 (10.9751, 19.9041)
    2162 (24.4573, 19.4342) -> 8246 (23.0466, 19.4185)
    2163 (21.3826, 11.5483) -> 4190 (20.7674, 12.2417)
    2164 (4.72959, 19.4237) -> 8286 (4.04396, 18.8404)
    2165 (22.8728, 5.94109) -> 7964 (21.5699, 6.07301)
    2166 (21.8981, 5.32) -> 9667 (21.6741, 5.3269)
    2167 (21.7488, 27.6229) -> 7659 (20.2618, 26.9502)
    2168 (17.7984, 7.10578) -> 7429 (17.2395, 7.04575)
    2169 (3.30194, 20.3081) -> 6971 (2.78249, 19.2714)
    2170 (3.97367, 25.6088) -> 9225 (3.25533, 23.7967)
    2171 (3.80528, 4.85001) -> 6086 (3.6701, 5.11855)
    2172 (10.1706, -1.51982) -> 4930 (8.96325, 0.0431493)
    2173 (11.4118, 19.4803) -> 8539 (11.2532, 19.5336)
    2174 (16.4822, -5.54407) -> 9260 (15.3998, -4.38527)
    2175 (17.5106, 9.97969) -> 9380 (16.9912, 9.65993)
    2176 (18.8838, 4.10724) -> 8521 (18.4227, 4.13674)
    2177 (0.102658, -2.31001) -> 9802 (0.0912975, -1.77143)
    2178 (2.52768, 23.9925) -> 8867 (2.35962, 23.2316)
    2179 (2.44767, 0.538495) -> 2970 (2.12676, 2.10187)
    2180 (7.36615, 25.455) -> 4348 (6.13408, 24.0655)
    2181 (24.3142, 27.1188) -> 9387 (23.7339, 27.0439)
    2182 (8.91406, -8.85539) -> 6665 (8.52018, -7.95988)
    2183 (16.9275, 2.42621) -> 9031 (15.5713, 2.95353)
    2184 (4.77674, 25.0217) -> 3611 (4.27316, 23.8255)
    2185 (20.8249, -3.53839) -> 9138 (19.4167, -2.16136)
    2186 (23.1937, -0.00984147) -> 4885 (22.0204, 0.575665)
    2187 (4.19577, -1.4204) -> 4581 (3.86135, -0.389652)
    2188 (9.64355, 22.1489) -> 9409 (8.57161, 21.6425)
    2189 (4.89209, 1.5319) -> 7949 (4.12797, 3.34983)
    2190 (12.0197, 5.47482) -> 8726 (10.6483, 6.14202)
    2191 (0.242651, 12.5067) -> 2515 (0.712836, 13.9254)
    2192 (5.22089, 23.554) -> 3729 (4.25522, 22.2074)
    2193 (18.2249, 1.19902) -> 9973 (16.9232, 1.81965)
    2194 (23.1566, 28.643) -> 9215 (21.9663, 28.0278)
    2195 (3.56919, 6.09364) -> 8306 (2.92609, 7.7018)
    2196 (24.4192, 26.4991) -> 9273 (23.7658, 26.1974)
    2197 (24.1396, -1.76761) -> 9794 (22.5579, -0.957286)
    2198 (12.1658, 27.2754) -> 6001 (10.6078, 26.1728)
    2199 (4.54047, 21.8433) -> 6936 (4.09206, 21.1323)
    2200 (4.16953, 19.8274) -> 9967 (3.94196, 19.4489)
    2201 (8.48299, 5.48037) -> 5861 (7.576, 6.09766)
    2202 (18.9529, -7.67704) -> 8295 (17.6557, -6.33914)
    2203 (10.5771, -7.93217) -> 5375 (9.86491, -6.80169)
    2204 (13.4702, 20.8029) -> 9144 (12.5634, 20.9255)
    2205 (1.29381, 18.6467) -> 6625 (1.2145, 17.5526)
    2206 (19.3563, 19.3536) -> 5323 (18.9416, 19.3178)
    2207 (5.90974, 0.0033144) -> 6791 (5.48107, 0.851666)
    2208 (16.6652, 14.7999) -> 9677 (16.1065, 15.2709)
    2209 (15.8759, 3.73398) -> 8277 (14.4304, 4.05053)
    2210 (12.8177, 5.7223) -> 9787 (12.5373, 5.77973)
    2211 (1.81566, 29.7739) -> 5314 (1.7999, 29.5473)
    2212 (18.3666, 15.4534) -> 6706 (17.4593, 16.0186)
    2213 (14.068, 11.8053) -> 8970 (14.4672, 10.0121)
    2214 (2.9489, 8.64708) -> 5796 (2.3859, 9.84386)
    2215 (17.6476, 7.36937) -> 5155 (15.7405, 7.29299)
    2216 (23.1092, 28.2179) -> 4969 (21.4504, 27.5025)
    2217 (17.3217, 12.3327) -> 9462 (16.8506, 13.9392)
    2218 (9.2771, -2.91928) -> 8145 (9.13475, -2.60681)
    2219 (20.9117, -9.09203) -> 9953 (20.0092, -8.18879)
    2220 (21.8963, 26.1708) -> 8915 (21.03, 25.7927)
    2221 (7.55912, 12.8018) -> 1342 (5.58182, 12.9579)
    2222 (2.65962, 22.4524) -> 8610 (2.09078, 20.5959)
    2223 (10.017, -5.01599) -> 8682 (9.36831, -4.02031)
    2224 (23.9478, 5.83138) -> 9180 (22.4337, 6.13782)
    2225 (23.6132, 17.7299) -> 8618 (22.2593, 17.8922)
    2226 (21.6125, 11.8585) -> 9195 (20.5305, 12.6229)
    2227 (1.64483, 5.58122) -> 604 (1.3381, 7.00512)
    2228 (2.96021, -0.546486) -> 4882 (2.98313, 1.12723)
    2229 (18.6374, -5.67154) -> 9818 (17.961, -5.45656)
    2230 (16.177, 7.33096) -> 5155 (15.7405, 7.29299)
    2231 (6.96953, 3.015) -> 5436 (6.65769, 3.56426)
    2232 (0.0648141, 25.4881) -> 7148 (0.287977, 23.6326)
    2233 (10.759, -6.46902) -> 7639 (10.0587, -5.45872)
    2234 (4.84079, 5.06863) -> 5409 (4.43353, 5.59243)
    2235 (1.77254, -5.10804) -> 8639 (1.664, -4.64234)
    2236 (14.6114, 13.9664) -> 9752 (14.9672, 15.196)
    2237 (4.34479, 3.29397) -> 6566 (4.11204, 3.77612)
    2238 (8.08795, 27.1577) -> 8447 (7.05464, 25.8485)
    2239 (23.3649, -7.65174) -> 8328 (21.9324, -6.41437)
    2240 (17.8914, 5.26184) -> 8171 (17.5641, 5.6569)
    2241 (24.6106, 26.9569) -> 7376 (23.8336, 26.6944)
    2242 (10.9005, 26.0337) -> 8584 (9.47819, 25.0399)
    2243 (2.5714, 9.76676) -> 5028 (2.29753, 10.6675)
    2244 (0.244631, 13.6517) -> 0 (1, 15)
    2245 (20.1864, 2.32459) -> 8316 (19.8331, 2.44742)
    2246 (11.5565, 2.21026) -> 6974 (10.9138, 2.61479)
    2247 (2.98416, 29.3173) -> 4172 (2.64294, 27.8807)
    2248 (16.7361, 24.8628) -> 9806 (16.2619, 24.8289)
    2249 (8.52916, 20.283) -> 7260 (7.82664, 19.9741)
    2250 (5.55461, 4.32823) -> 5033 (5.21793, 4.76017)
    2251 (12.1584, 25.003) -> 8710 (11.9708, 24.9668)
    2252 (11.7085, 26.3695) -> 7283 (10.2372, 25.238)
    2253 (17.5635, -7.0992) -> 9483 (16.6008, -5.91076)
    2254 (17.7427, 21.4625) -> 7519 (16.12, 21.2589)
    2255 (15.2983, -3.88267) -> 9748 (14.3187, -2.76937)
    2256 (2.74215, 27.437) -> 9194 (2.42399, 25.6444)
    2257 (9.27963, -6.8746) -> 8694 (8.97757, -6.30626)
    2258 (9.75553, 0.77445) -> 9128 (9.62936, 0.924758)
    2259 (14.8173, 25.0218) -> 8098 (13.0311, 24.4419)
    2260 (3.01742, -4.86169) -> 8232 (2.93134, -4.32328)
    2261 (5.30949, 20.5293) -> 5451 (4.25522, 19.2661)
    2262 (13.8116, 7.25171) -> 7426 (12.6172, 7.15175)
    2263 (18.1999, -1.00529) -> 9252 (18.0362, -0.877667)
    2264 (5.31158, 28.4786) -> 9820 (4.7199, 27.0316)
    2265 (15.4404, -1.94809) -> 8332 (14.3824, -1.09207)
    2266 (13.5293, 24.4886) -> 8665 (12.958, 24.187)
    2267 (5.42151, 20.221) -> 5886 (4.89699, 19.8022)
    2268 (3.83021, 14.2615) -> 1 (2.93005, 14.4757)
    2269 (23.1343, -9.47554) -> 5819 (21.9087, -8.09794)
    2270 (14.799, 5.0956) -> 7406 (13.3165, 5.44974)
    2271 (19.555, -3.89927) -> 7695 (18.804, -3.39213)
    2272 (21.7512, 24.7803) -> 9197 (20.5808, 24.4654)
    2273 (16.1111, 3.82629) -> 9412 (14.7975, 4.62642)
    2274 (17.2769, -4.50808) -> 9557 (15.8992, -3.71648)
    2275 (24.2787, 8.77017) -> 9771 (22.5292, 8.44699)
    2276 (12.4007, 2.97311) -> 4652 (10.8711, 3.82086)
    2277 (22.852, -5.49063) -> 7180 (21.5057, -4.2333)
    2278 (1.47271, 0.0353097) -> 9643 (1.38785, 1.25471)
    2279 (23.2625, 2.50928) -> 8870 (22.7653, 2.58697)
    2280 (23.4874, 23.1579) -> 9908 (22.7935, 23.0293)
    2281 (19.3902, 16.5797) -> 7502 (19.2277, 16.6657)
    2282 (7.93426, -3.53148) -> 7273 (7.124, -1.92809)
    2283 (15.5016, 20.2056) -> 9835 (15.3522, 20.2488)
    2284 (18.7612, 10.607) -> 7847 (17.8703, 10.2059)
    2285 (6.09572, 25.7775) -> 7617 (5.29239, 24.0644)
    2286 (21.6359, 6.28377) -> 7097 (21.1172, 6.42494)
    2287 (17.6279, -4.23104) -> 7916 (16.2228, -3.21733)
    2288 (3.74593, 21.321) -> 6170 (3.68804, 21.2407)
    2289 (21.6018, 23.4999) -> 7044 (20.4131, 23.1676)
    2290 (15.3127, 26.5469) -> 7012 (14.2061, 25.839)
    2291 (4.97769, 2.30217) -> 8152 (4.24644, 3.83186)
    2292 (11.5385, -1.41154) -> 9682 (10.8167, -0.935544)
    2293 (15.0287, 27.5212) -> 9927 (14.1422, 27.0774)
    2294 (16.6405, 20.7351) -> 9798 (16.4211, 20.8763)
    2295 (5.40883, 16.6214) -> 5160 (3.61989, 16.1422)
    2296 (14.1245, 26.0719) -> 5091 (12.5591, 25.1696)
    2297 (23.8077, 3.00072) -> 9556 (22.56, 3.42085)
    2298 (8.98406, 26.5403) -> 3088 (7.9606, 25.475)
    2299 (8.32968, -8.20427) -> 9130 (7.69901, -6.43179)
    2300 (18.4295, 26.211) -> 5807 (18.06, 25.9013)
    2301 (0.023, 10.7724) -> 4352 (0.289983, 11.8609)
    2302 (17.6351, 24.3874) -> 9888 (16.3461, 24.0382)
    2303 (18.5871, 6.33661) -> 8389 (18.1712, 6.45939)
    2304 (21.5728, 3.83725) -> 9498 (19.7834, 4.22514)
    2305 (15.1726, -0.556259) -> 8786 (13.6426, 0.48389)
    2306 (4.30695, -8.62054) -> 8759 (4.37422, -8.31446)
    2307 (22.5529, 24.7672) -> 5990 (21.7278, 24.5604)
    2308 (9.362, 21.8074) -> 8262 (9.10298, 21.6499)
    2309 (10.2489, 24.7145) -> 5793 (8.65907, 23.6422)
    2310 (17.3968, 13.7235) -> 7966 (16.4431, 14.8436)
    2311 (4.02105, -2.31857) -> 8529 (3.5039, -0.418009)
    2312 (23.7363, -5.57391) -> 9217 (22.3486, -4.62685)
    2313 (9.4343, 24.0508) -> 6684 (8.30368, 23.0595)
    2314 (21.4982, 6.3724) -> 6216 (20.7799, 6.49133)
    2315 (14.0628, 24.3806) -> 9471 (13.1316, 23.9412)
    2316 (23.4146, 3.60668) -> 8570 (22.8146, 3.75123)
    2317 (23.5375, 19.4674) -> 4589 (21.567, 19.6473)
    2318 (7.86054, 25.959) -> 9646 (7.28727, 25.5237)
    2319 (21.927, -0.93282) -> 9152 (20.2933, -0.38462)
    2320 (6.73475, 6.81745) -> 8884 (5.46419, 7.97023)
    2321 (13.6067, 0.856578) -> 4391 (12.1069, 2.04572)
    2322 (5.41909, 10.9404) -> 7833 (3.9861, 11.8612)
    2323 (6.0949, 27.686) -> 7270 (5.0104, 26.0594)
    2324 (24.1817, -5.76502) -> 9151 (23.8664, -5.59286)
    2325 (21.8466, 12.7665) -> 8117 (20.3406, 13.818)
    2326 (4.84311, 16.7422) -> 8897 (3.40066, 16.194)
    2327 (8.94635, 3.60619) -> 8788 (8.53257, 3.95369)
    2328 (14.5418, 13.2348) -> 4114 (15.1301, 14.9258)
    2329 (6.18086, 20.7943) -> 8820 (4.66824, 19.645)
    2330 (20.2748, 2.24475) -> 8316 (19.8331, 2.44742)
    2331 (2.54136, 21.5716) -> 8276 (2.14229, 19.8998)
    2332 (4.18751, 27.1105) -> 8374 (3.50984, 25.2408)
    2333 (16.585, 9.00541) -> 8524 (15.3656, 8.54944)
    2334 (13.8918, -4.82772) -> 7824 (13.2733, -4.06375)
    2335 (6.29525, 12.4302) -> 8009 (4.59015, 13.1827)
    2336 (9.44062, 17.437) -> 3189 (8.56402, 17.635)
    2337 (17.3802, -6.18597) -> 7524 (16.1799, -4.83025)
    2338 (21.0087, 19.3909) -> 3878 (19.2104, 19.5084)
    2339 (20.3156, 1.22422) -> 8397 (18.5341, 2.11922)
    2340 (23.1367, -5.39704) -> 6628 (21.6654, -4.07581)
    2341 (21.2816, 14.2283) -> 9705 (19.5389, 14.8322)
    2342 (24.6379, -3.93265) -> 7467 (23.475, -3.19853)
    2343 (5.77156, 18.7535) -> 3319 (4.90944, 18.3254)
    2344 (23.0081, 25.6327) -> 9780 (22.3088, 25.1418)
    2345 (1.77938, -6.44292) -> 8639 (1.664, -4.64234)
    2346 (24.2384, 9.52011) -> 9354 (23.1196, 9.16767)
    2347 (3.85234, -4.0797) -> 9294 (3.88732, -3.83657)
    2348 (18.3731, -5.82416) -> 9818 (17.961, -5.45656)
    2349 (13.7044, 20.0932) -> 8031 (12.1525, 20.0637)
    2350 (12.1676, -8.91917) -> 8174 (11.8759, -7.91377)
    2351 (21.1632, -8.23774) -> 9393 (19.9663, -7.0004)
    2352 (3.25899, 13.8225) -> 6417 (2.46904, 14.2527)
    2353 (17.3319, 12.5685) -> 9462 (16.8506, 13.9392)
    2354 (17.8647, 23.0179) -> 8331 (17.6439, 23.0325)
    2355 (23.4145, 9.58554) -> 8581 (22.7163, 9.72445)
    2356 (23.6131, 9.31468) -> 8122 (22.0077, 8.9798)
    2357 (17.0829, -6.36588) -> 9483 (16.6008, -5.91076)
    2358 (5.28598, 1.53885) -> 6176 (4.41406, 3.11009)
    2359 (5.50606, 3.39737) -> 7446 (4.70298, 4.87701)
    2360 (16.0093, -5.01398) -> 9750 (15.3227, -3.86376)
    2361 (18.7656, 20.8521) -> 8596 (17.0108, 20.4908)
    2362 (14.1068, -6.21967) -> 8910 (13.3445, -4.54499)
    2363 (20.2321, -7.04427) -> 9581 (18.6628, -6.02044)
    2364 (12.9244, -6.7851) -> 9499 (11.88, -5.39647)
    2365 (15.987, 28.6683) -> 7457 (15.7872, 28.6089)
    2366 (2.5684, 3.36161) -> 9844 (2.45667, 4.58842)
    2367 (1.40409, 7.95506) -> 8458 (1.2059, 9.17533)
    2368 (19.7756, -5.186) -> 9724 (18.9554, -4.59978)
    2369 (5.11475, 0.809538) -> 6378 (4.70268, 2.25059)
    2370 (19.0034, -6.05448) -> 9818 (17.961, -5.45656)
    2371 (4.84407, -7.18032) -> 9703 (4.66779, -5.56133)
    2372 (21.5287, 0.687163) -> 6509 (19.9215, 1.42856)
    2373 (22.1083, -3.40117) -> 7981 (20.9539, -2.60339)
    2374 (13.4954, -4.42865) -> 9376 (12.1545, -2.96131)
    2375 (7.10881, 2.65702) -> 9779 (6.52932, 3.98433)
    2376 (22.6233, 26.7197) -> 8915 (21.03, 25.7927)
    2377 (11.4397, 23.7755) -> 5841 (10.191, 22.9543)
    2378 (7.47861, 17.0627) -> 9763 (6.12322, 16.9568)
    2379 (16.729, 20.9386) -> 9798 (16.4211, 20.8763)
    2380 (20.0937, 4.06293) -> 9625 (19.7191, 4.17644)
    2381 (21.8045, 11.8389) -> 9195 (20.5305, 12.6229)
    2382 (15.1299, -4.77383) -> 9426 (14.0923, -3.61693)
    2383 (22.223, 18.6036) -> 9577 (21.9744, 18.711)
    2384 (1.36875, 20.0048) -> 9509 (1.36384, 19.1472)
    2385 (20.5398, 3.30941) -> 9295 (19.4815, 3.63954)
    2386 (18.8479, 6.66666) -> 7650 (17.6053, 6.62823)
    2387 (1.91019, 27.6342) -> 6583 (1.62592, 26.6484)
    2388 (5.06191, 10.9422) -> 6362 (3.48901, 12.1769)
    2389 (21.767, 19.2082) -> 9611 (21.0404, 19.1368)
    2390 (1.92086, 3.8049) -> 7635 (1.61914, 5.31976)
    2391 (16.6594, 14.9867) -> 8851 (15.7367, 15.8858)
    2392 (15.4474, 26.457) -> 9786 (14.0769, 25.4582)
    2393 (12.0821, -1.13487) -> 8809 (11.6734, -0.416002)
    2394 (4.19699, 18.0955) -> 1977 (3.05137, 17.0334)
    2395 (20.5099, 22.3491) -> 8876 (18.9551, 22.0757)
    2396 (3.935, -2.8468) -> 9813 (3.55692, -1.70462)
    2397 (2.75559, 28.0026) -> 4496 (2.55519, 27.1931)
    2398 (8.97526, -6.23909) -> 5370 (8.41062, -5.05001)
    2399 (21.5689, 10.0674) -> 9757 (19.7504, 9.48143)
    2400 (1.03705, 7.79135) -> 4337 (0.975709, 8.99789)
    2401 (21.9688, 29.2412) -> 5337 (20.5712, 28.5393)
    2402 (2.30548, -1.54401) -> 6443 (1.94812, 0.296715)
    2403 (10.8294, -0.0811045) -> 9128 (9.62936, 0.924758)
    2404 (23.1292, 26.6686) -> 9005 (22.0491, 26.2279)
    2405 (9.93305, 17.9978) -> 4761 (9.54906, 17.9103)
    2406 (7.37237, -0.898405) -> 981 (6.73646, 0.182038)
    2407 (19.5089, 19.6978) -> 4349 (19.0043, 19.7501)
    2408 (9.1257, 1.25072) -> 4059 (8.35628, 2.35464)
    2409 (16.0647, 27.3374) -> 9630 (15.1838, 27.0533)
    2410 (22.9152, 7.30787) -> 6896 (21.6649, 7.15977)
    2411 (24.7996, 6.49683) -> 7539 (23.7309, 6.40274)
    2412 (6.56739, -9.79158) -> 5089 (6.07169, -8.52684)
    2413 (5.78983, 13.8126) -> 5300 (4.16211, 14.2486)
    2414 (20.8988, 17.1294) -> 8251 (19.3983, 17.5947)
    2415 (22.5471, 13.5062) -> 6307 (21.3116, 14.0937)
    2416 (14.034, 24.9809) -> 8098 (13.0311, 24.4419)
    2417 (7.29702, 18.3069) -> 9658 (5.60671, 17.7985)
    2418 (5.49502, 11.6273) -> 9370 (4.7601, 12.081)
    2419 (14.6165, 13.8104) -> 9752 (14.9672, 15.196)
    2420 (13.2411, -7.49184) -> 9622 (12.7951, -6.91725)
    2421 (13.7939, 24.8491) -> 8098 (13.0311, 24.4419)
    2422 (17.275, 28.1841) -> 7864 (16.2459, 27.503)
    2423 (15.8431, 15.8169) -> 8471 (14.9165, 16.6736)
    2424 (15.4948, -4.27666) -> 9748 (14.3187, -2.76937)
    2425 (11.956, -8.8607) -> 8174 (11.8759, -7.91377)
    2426 (19.496, -8.17159) -> 5543 (18.6712, -7.30057)
    2427 (20.712, 22.084) -> 7620 (20.0184, 21.8759)
    2428 (9.18444, -8.28583) -> 9966 (8.67183, -7.43611)
    2429 (9.35489, -3.14536) -> 8273 (8.90152, -2.49445)
    2430 (3.13401, 4.90798) -> 5292 (2.99527, 5.24162)
    2431 (22.4819, 16.1197) -> 6491 (20.7464, 16.6587)
    2432 (22.1683, -9.61726) -> 9671 (21.5949, -8.73381)
    2433 (19.5346, 14.4833) -> 9403 (19.1281, 14.7473)
    2434 (1.62058, 16.7907) -> 1953 (1.47982, 16.4058)
    2435 (4.98562, 9.69557) -> 2884 (4.37441, 10.4063)
    2436 (18.8195, -4.16917) -> 6421 (18.2057, -3.68953)
    2437 (7.17632, 10.7086) -> 9666 (5.31069, 11.1729)
    2438 (18.604, 18.1335) -> 4794 (17.2639, 18.3776)
    2439 (1.13944, 4.54382) -> 9231 (1.18379, 5.89328)
    2440 (5.94277, 27.9829) -> 5735 (5.52788, 27.1544)
    2441 (7.19584, -7.86249) -> 9062 (7.16605, -7.67537)
    2442 (2.43506, 3.08735) -> 8837 (2.31469, 4.10516)
    2443 (6.60216, -4.70975) -> 9845 (6.22977, -3.09418)
    2444 (24.2236, 17.3034) -> 7271 (24.0809, 17.2908)
    2445 (21.8688, -6.43816) -> 8796 (20.6185, -5.54342)
    2446 (18.3797, 15.648) -> 9644 (17.9573, 15.9386)
    2447 (7.01288, 17.0328) -> 910 (5.57429, 16.8541)
    2448 (8.74609, 23.711) -> 9659 (7.56296, 22.7638)
    2449 (18.9587, 19.0876) -> 9660 (18.6597, 19.1555)
    2450 (0.271335, 9.8359) -> 3424 (0.50289, 10.81)
    2451 (6.26639, 19.3392) -> 1224 (5.7428, 19.0552)
    2452 (4.98314, 23.8569) -> 5315 (4.32232, 22.9964)
    2453 (7.12348, 16.4527) -> 7580 (6.59424, 16.3675)
    2454 (6.88727, 10.241) -> 2388 (5.06191, 10.9422)
    2455 (15.8006, 6.47901) -> 9001 (14.4617, 6.61374)
    2456 (10.2316, 9.19816) -> 4683 (8.53231, 8.66574)
    2457 (16.4082, 11.6599) -> 9277 (15.8409, 10.7164)
    2458 (13.4257, -7.01005) -> 8298 (12.8255, -5.11071)
    2459 (8.40553, 10.4719) -> 3848 (6.55505, 10.5874)
    2460 (13.6995, -3.93017) -> 6189 (13.3167, -3.33219)
    2461 (6.56467, -9.56883) -> 6778 (6.14023, -8.06614)
    2462 (9.68996, 2.7827) -> 8788 (8.53257, 3.95369)
    2463 (2.51827, 24.3861) -> 8956 (2.41231, 23.336)
    2464 (10.4384, -5.3594) -> 9097 (10.1949, -4.97251)
    2465 (13.792, 23.5198) -> 9383 (12.7386, 23.1338)
    2466 (12.5171, -5.78503) -> 9929 (11.55, -4.86516)
    2467 (21.3282, -8.37437) -> 9393 (19.9663, -7.0004)
    2468 (10.4956, -5.86627) -> 4690 (10.1846, -5.3402)
    2469 (19.7278, -9.10598) -> 9978 (18.571, -7.60026)
    2470 (11.4887, 8.73513) -> 3972 (10.4405, 8.27775)
    2471 (17.6063, 7.1682) -> 9745 (15.676, 7.15367)
    2472 (4.93248, 4.10173) -> 5608 (4.17872, 5.47094)
    2473 (12.9225, 29.8541) -> 8634 (12.3788, 29.2883)
    2474 (16.5287, 7.51396) -> 9535 (15.8798, 7.47779)
    2475 (18.0383, 6.35251) -> 8070 (16.4371, 6.51763)
    2476 (12.3979, 2.48577) -> 8801 (11.5121, 2.97633)
    2477 (8.55211, 0.287474) -> 7026 (7.39557, 1.846)
    2478 (11.3676, 29.2035) -> 6131 (10.1245, 27.7646)
    2479 (22.4185, 29.6827) -> 8071 (20.909, 28.9902)
    2480 (21.8714, 4.9168) -> 8571 (19.9725, 5.3074)
    2481 (13.0396, 22.5837) -> 8724 (12.8557, 22.4635)
    2482 (17.9198, 6.91367) -> 6956 (16.0716, 6.83877)
    2483 (6.78555, 12.4557) -> 5168 (5.55698, 12.731)
    2484 (17.5166, -3.92774) -> 7916 (16.2228, -3.21733)
    2485 (17.1416, -6.20351) -> 9235 (16.6076, -5.65863)
    2486 (6.92822, 26.6008) -> 7444 (6.46868, 26.1217)
    2487 (3.06665, -3.85365) -> 6666 (2.90322, -2.70043)
    2488 (12.2419, 26.7908) -> 9126 (11.7454, 26.3522)
    2489 (11.3073, 3.63985) -> 7550 (10.6259, 4.06762)
    2490 (23.1885, -4.58231) -> 9957 (21.7025, -3.64424)
    2491 (11.6698, 23.3677) -> 9073 (10.8629, 23.1812)
    2492 (5.55395, 25.1516) -> 4499 (4.68059, 23.8056)
    2493 (3.9867, 27.2205) -> 9697 (3.65442, 25.7736)
    2494 (13.5481, 19.1547) -> 9077 (12.6141, 19.2842)
    2495 (10.457, 17.8611) -> 9732 (9.31299, 18.3777)
    2496 (14.6606, 7.04895) -> 7122 (13.9152, 7.13185)
    2497 (21.9509, 11.2707) -> 4190 (20.7674, 12.2417)
    2498 (24.6051, 29.8814) -> 5511 (23.2105, 29.1852)
    2499 (13.2335, -2.96354) -> 9586 (11.858, -1.91309)
    2500 (6.18821, -9.56894) -> 9691 (5.90363, -8.50283)
    2501 (7.91709, 29.1312) -> 9463 (7.02643, 27.6863)
    2502 (16.7838, 7.87225) -> 9535 (15.8798, 7.47779)
    2503 (2.65565, 9.26349) -> 5796 (2.3859, 9.84386)
    2504 (18.8476, 1.3702) -> 9461 (17.3141, 2.21615)
    2505 (11.66, 3.50802) -> 7550 (10.6259, 4.06762)
    2506 (5.7359, -7.98605) -> 7685 (5.66615, -7.559)
    2507 (6.03144, 27.6686) -> 7270 (5.0104, 26.0594)
    2508 (0.232603, -7.87323) -> 8645 (0.353548, -7.38175)
    2509 (16.1779, -9.79863) -> 9858 (15.5978, -9.16824)
    2510 (13.4159, 9.16011) -> 8550 (12.3552, 8.61571)
    2511 (6.07779, 28.267) -> 5735 (5.52788, 27.1544)
    2512 (19.0972, 14.6238) -> 6704 (17.4818, 15.7909)
    2513 (10.2619, 8.16797) -> 7883 (9.59762, 7.99528)
    2514 (10.0264, 28.8414) -> 9413 (8.94854, 27.5822)
    2515 (0.712836, 13.9254) -> 0 (1, 15)
    2516 (5.03432, 5.38992) -> 5102 (4.77902, 5.57602)
    2517 (6.72926, 22.1373) -> 9183 (5.52084, 20.9466)
    2518 (12.3034, -2.32047) -> 9586 (11.858, -1.91309)
    2519 (23.2017, 13.2813) -> 5382 (21.831, 13.6571)
    2520 (9.50663, 8.49725) -> 8588 (8.03879, 8.59723)
    2521 (18.5608, -4.72997) -> 9210 (17.7917, -4.05912)
    2522 (4.31307, -3.45495) -> 8366 (4.06864, -2.84599)
    2523 (2.43495, 14.3873) -> 0 (1, 15)
    2524 (12.1208, 29.3512) -> 9337 (10.761, 28.2012)
    2525 (23.8838, 0.0634569) -> 9142 (22.5359, 0.645477)
    2526 (12.4953, 28.303) -> 3942 (11.5741, 27.3367)
    2527 (1.94301, 9.69284) -> 6693 (1.47097, 11.4496)
    2528 (0.383568, 15.3938) -> 0 (1, 15)
    2529 (10.2744, 0.477222) -> 7042 (9.3213, 1.47652)
    2530 (22.8531, -6.09116) -> 9987 (22.3655, -5.53596)
    2531 (2.46646, -8.72539) -> 6143 (2.40472, -8.40699)
    2532 (4.94162, 25.2453) -> 192 (4.20772, 23.9909)
    2533 (5.41607, 10.5249) -> 5312 (4.32113, 11.2469)
    2534 (13.7115, 7.64868) -> 3312 (11.7651, 7.51181)
    2535 (3.28727, 24.4668) -> 5267 (2.95215, 23.1921)
    2536 (12.2634, 28.9946) -> 9830 (12.0881, 28.8812)
    2537 (2.01385, 17.3996) -> 6793 (1.51384, 16.1089)
    2538 (2.80451, 17.1076) -> 4532 (1.9378, 16.2386)
    2539 (20.7098, 24.2096) -> 9285 (19.4152, 23.8806)
    2540 (4.49637, -1.84685) -> 8383 (4.19924, -0.40752)
    2541 (7.44155, -5.20511) -> 5232 (6.73715, -3.89316)
    2542 (18.2275, 22.6612) -> 7342 (16.4354, 22.3296)
    2543 (15.2471, 7.17494) -> 7122 (13.9152, 7.13185)
    2544 (2.47579, 22.1476) -> 7656 (2.23969, 21.3885)
    2545 (24.1009, 26.2129) -> 9758 (23.2826, 25.7926)
    2546 (14.5932, 13.1276) -> 8617 (15.2962, 13.8923)
    2547 (1.21267, -5.73357) -> 8442 (1.19485, -5.16146)
    2548 (14.0005, 15.9948) -> 6614 (13.9322, 16.2844)
    2549 (7.20997, 26.3475) -> 8414 (6.17638, 24.7982)
    2550 (0.322352, 29.0315) -> 8335 (0.273163, 28.4848)
    2551 (6.82505, -8.16871) -> 8589 (6.1713, -6.35288)
    2552 (18.7878, 20.8886) -> 8596 (17.0108, 20.4908)
    2553 (14.7735, -1.67676) -> 7562 (13.5959, -0.967981)
    2554 (12.3582, -0.621236) -> 8748 (11.4548, -0.00545873)
    2555 (3.86676, 28.6523) -> 6552 (3.51494, 27.1437)
    2556 (14.3656, 2.6416) -> 8994 (14.2214, 2.6752)
    2557 (1.11949, -5.42303) -> 9338 (0.985117, -3.52118)
    2558 (9.54552, 29.7481) -> 8289 (8.65155, 28.2807)
    2559 (10.5715, 3.42154) -> 9993 (9.446, 4.09407)
    2560 (12.8079, -2.86513) -> 9586 (11.858, -1.91309)
    2561 (19.8207, 17.2629) -> 9203 (18.47, 17.4661)
    2562 (9.8311, -0.485587) -> 7944 (8.97391, 0.530484)
    2563 (23.3632, 26.2089) -> 5216 (21.63, 25.6186)
    2564 (21.6736, 1.13956) -> 8850 (21.1937, 1.31023)
    2565 (6.42806, 9.54574) -> 4937 (6.19219, 9.61708)
    2566 (22.3608, 8.53511) -> 6153 (20.4607, 8.08988)
    2567 (10.166, 18.3444) -> 9732 (9.31299, 18.3777)
    2568 (16.6341, 25.045) -> 9806 (16.2619, 24.8289)
    2569 (14.0213, -1.86115) -> 5666 (12.7382, -0.766247)
    2570 (4.44571, -8.5847) -> 8466 (4.07289, -6.7443)
    2571 (4.25893, 18.8301) -> 9415 (3.72109, 18.345)
    2572 (8.65411, 16.9895) -> 1512 (6.69154, 17.1454)
    2573 (11.6348, 23.3829) -> 9073 (10.8629, 23.1812)
    2574 (9.41066, 27.9751) -> 9413 (8.94854, 27.5822)
    2575 (7.68018, 4.84449) -> 4040 (6.5734, 5.79664)
    2576 (22.22, 14.0429) -> 8572 (21.1009, 14.6641)
    2577 (0.221498, 25.3342) -> 7148 (0.287977, 23.6326)
    2578 (23.859, 28.3476) -> 6446 (22.3866, 27.7358)
    2579 (3.51614, -7.47086) -> 9860 (3.15219, -6.11642)
    2580 (24.2327, -1.50463) -> 5064 (22.7155, -0.947398)
    2581 (7.81262, 6.2362) -> 9076 (7.73118, 6.35332)
    2582 (1.59005, 27.7396) -> 1188 (1.44425, 25.9734)
    2583 (12.5277, -1.49841) -> 8809 (11.6734, -0.416002)
    2584 (23.1201, 23.5278) -> 9325 (21.971, 23.5702)
    2585 (20.6291, 24.0326) -> 7304 (20.1749, 23.8433)
    2586 (14.8645, 5.87479) -> 8764 (14.0248, 5.90267)
    2587 (10.3956, -1.02701) -> 4094 (9.44722, 0.229333)
    2588 (3.3384, -5.19548) -> 8647 (3.33475, -4.64901)
    2589 (11.7126, 29.2335) -> 9337 (10.761, 28.2012)
    2590 (18.305, 11.0983) -> 9528 (17.4047, 10.5349)
    2591 (2.6492, 15.6658) -> 0 (1, 15)
    2592 (3.8488, 9.11992) -> 3757 (2.80782, 10.684)
    2593 (7.25382, 25.2847) -> 4348 (6.13408, 24.0655)
    2594 (8.9503, 21.847) -> 9409 (8.57161, 21.6425)
    2595 (19.4428, 18.2038) -> 7701 (17.7446, 18.4923)
    2596 (14.035, -3.50066) -> 9324 (13.0707, -2.08407)
    2597 (3.21806, 2.3804) -> 6776 (2.95012, 2.98312)
    2598 (5.49671, -6.57966) -> 5563 (5.2593, -4.95325)
    2599 (13.5836, -2.71398) -> 8118 (12.5871, -1.6557)
    2600 (4.73312, 5.69561) -> 4782 (3.77542, 7.33397)
    2601 (4.98578, 29.0527) -> 3093 (4.60542, 27.4973)
    2602 (18.9557, 22.8614) -> 5832 (17.6928, 22.66)
    2603 (10.14, 3.50554) -> 9993 (9.446, 4.09407)
    2604 (0.0634284, 12.7606) -> 692 (0.628971, 14.2433)
    2605 (21.0314, 14.9752) -> 8896 (19.9356, 15.6669)
    2606 (20.3377, 10.0328) -> 9048 (18.4752, 9.45551)
    2607 (12.0004, 18.825) -> 6471 (11.7321, 18.9083)
    2608 (4.25998, -6.58212) -> 9988 (4.06319, -6.10221)
    2609 (6.60356, -1.08645) -> 7387 (5.85014, 0.644244)
    2610 (13.1859, -0.378412) -> 7486 (11.9579, 0.494955)
    2611 (23.5378, 22.8254) -> 6260 (21.8141, 22.4522)
    2612 (17.3914, 16.451) -> 9487 (16.2417, 16.9546)
    2613 (15.1427, 9.07421) -> 6223 (13.646, 8.4176)
    2614 (21.7187, 6.23181) -> 8877 (20.5867, 6.16366)
    2615 (12.9588, 24.4085) -> 7333 (11.6146, 23.597)
    2616 (16.1452, 10.738) -> 9836 (15.3369, 9.69397)
    2617 (15.4192, -6.96623) -> 9390 (14.5476, -5.95535)
    2618 (8.94009, -5.35523) -> 5782 (8.60573, -4.59878)
    2619 (5.79863, 10.158) -> 7000 (4.38077, 11.1022)
    2620 (20.4213, 7.60255) -> 9895 (18.7771, 7.97979)
    2621 (18.1992, 1.72177) -> 9728 (16.8518, 2.35361)
    2622 (14.3114, 22.4281) -> 9674 (12.7659, 22.0848)
    2623 (15.2033, -9.18179) -> 9971 (14.3466, -7.91896)
    2624 (23.1066, 5.43835) -> 8394 (22.573, 5.42249)
    2625 (21.2823, -6.65031) -> 7059 (19.9981, -5.40175)
    2626 (3.01245, 0.488934) -> 4882 (2.98313, 1.12723)
    2627 (6.06422, 19.7232) -> 9479 (5.85763, 19.4619)
    2628 (2.82911, 12.4335) -> 3226 (1.9909, 13.5177)
    2629 (23.2123, -3.48416) -> 8585 (21.7187, -2.42879)
    2630 (24.3996, -6.14344) -> 9151 (23.8664, -5.59286)
    2631 (1.42098, 26.5987) -> 9378 (1.30639, 25.5515)
    2632 (7.56802, 27.7265) -> 7444 (6.46868, 26.1217)
    2633 (6.17264, 21.4263) -> 9928 (4.80916, 20.2168)
    2634 (0.954836, -2.54901) -> 9211 (0.9664, -2.35044)
    2635 (4.77284, 26.4383) -> 7399 (4.07214, 24.9533)
    2636 (11.6958, 2.01898) -> 6974 (10.9138, 2.61479)
    2637 (21.8601, -6.35339) -> 8796 (20.6185, -5.54342)
    2638 (0.7006, -2.48724) -> 8220 (0.687818, -1.85665)
    2639 (21.5817, 13.7517) -> 7476 (20.3924, 14.4901)
    2640 (21.8997, 10.4227) -> 6205 (20.4642, 9.95821)
    2641 (14.4512, 9.6813) -> 6886 (13.2274, 8.62975)
    2642 (3.24496, 9.86845) -> 3877 (2.55314, 11.1946)
    2643 (18.1038, 6.00198) -> 5890 (16.7952, 6.26261)
    2644 (21.677, -9.98809) -> 6938 (21.0072, -9.25382)
    2645 (11.4579, 19.3556) -> 5720 (10.5731, 19.4807)
    2646 (10.1032, 19.011) -> 7393 (8.94042, 19.0417)
    2647 (15.6286, -1.64601) -> 9730 (14.4687, -0.64805)
    2648 (2.11802, 20.4576) -> 6090 (1.8792, 19.1631)
    2649 (22.4479, 22.8343) -> 8211 (20.8481, 22.3825)
    2650 (0.623118, 28.9731) -> 9188 (0.580756, 27.0656)
    2651 (4.31252, 22.1963) -> 6170 (3.68804, 21.2407)
    2652 (23.7351, -2.08281) -> 8544 (23.4637, -1.90414)
    2653 (3.73359, 8.19226) -> 6933 (3.17382, 9.0757)
    2654 (18.4157, -9.92568) -> 9326 (17.5589, -8.63668)
    2655 (23.2611, 10.0304) -> 7686 (21.9714, 9.7421)
    2656 (24.947, 2.13936) -> 8962 (23.7708, 2.55104)
    2657 (3.74547, 22.8702) -> 9102 (3.15251, 21.6929)
    2658 (4.17973, 19.147) -> 8412 (3.06277, 17.8147)
    2659 (5.72759, 2.6157) -> 7893 (5.64933, 2.74386)
    2660 (12.5915, 23.6494) -> 9906 (11.2374, 22.9073)
    2661 (24.1117, 19.769) -> 8770 (23.6366, 19.8971)
    2662 (9.13715, 2.90455) -> 8432 (8.52851, 3.37669)
    2663 (3.83419, 28.4434) -> 6552 (3.51494, 27.1437)
    2664 (21.4416, 23.665) -> 8722 (20.5416, 23.4582)
    2665 (4.15241, 17.8273) -> 8892 (3.91768, 17.69)
    2666 (8.54941, 15.7643) -> 1972 (6.93723, 16.315)
    2667 (16.0979, -8.58643) -> 9715 (15.155, -7.00204)
    2668 (15.1406, 0.255932) -> 9317 (14.7776, 0.503379)
    2669 (13.5042, 6.37729) -> 6880 (11.7242, 6.59798)
    2670 (7.76472, -7.38108) -> 9185 (7.57259, -6.05559)
    2671 (24.732, -2.1633) -> 7350 (23.3046, -1.50278)
    2672 (9.72403, -7.13813) -> 9347 (9.56965, -6.84752)
    2673 (23.0142, -5.99903) -> 9987 (22.3655, -5.53596)
    2674 (18.9129, 10.2202) -> 8207 (17.3656, 9.60304)
    2675 (4.03452, -8.81058) -> 8879 (3.87108, -7.83897)
    2676 (2.8743, 20.1555) -> 4549 (2.27976, 18.5576)
    2677 (16.6187, 21.5813) -> 7519 (16.12, 21.2589)
    2678 (15.1667, 22.7612) -> 9297 (13.3866, 22.3566)
    2679 (13.5186, 21.1892) -> 9144 (12.5634, 20.9255)
    2680 (1.94455, -8.67348) -> 5747 (1.72591, -7.68998)
    2681 (22.2718, 15.5318) -> 7675 (21.4181, 15.9999)
    2682 (2.41265, 22.1922) -> 7656 (2.23969, 21.3885)
    2683 (16.3993, 29.4246) -> 7520 (15.3965, 28.8493)
    2684 (2.8681, 16.3549) -> 9075 (1.47511, 15.4112)
    2685 (12.9573, -2.23554) -> 8282 (12.3186, -1.72511)
    2686 (1.34467, -3.36411) -> 7487 (1.31525, -1.73463)
    2687 (10.5492, 6.44616) -> 6784 (10.2465, 6.4601)
    2688 (18.0968, 16.7081) -> 9007 (16.5746, 17.3794)
    2689 (0.323138, 9.13313) -> 3424 (0.50289, 10.81)
    2690 (16.1802, 9.38184) -> 9720 (15.9686, 9.40547)
    2691 (15.2565, 29.7969) -> 2931 (13.977, 28.8517)
    2692 (22.0583, 25.1059) -> 9634 (21.4803, 25.0826)
    2693 (0.0324975, -9.72048) -> 5622 (0.192277, -8.1468)
    2694 (19.9879, 9.48404) -> 8917 (18.5075, 9.04693)
    2695 (1.15392, 11.074) -> 1103 (1.08122, 12.5451)
    2696 (4.61346, 26.6409) -> 7399 (4.07214, 24.9533)
    2697 (1.21572, 0.405221) -> 7905 (1.15064, 1.9793)
    2698 (12.7255, 17.3627) -> 4505 (12.3279, 17.6078)
    2699 (8.57287, 21.4851) -> 7608 (6.94586, 20.3704)
    2700 (21.8423, 6.9669) -> 8435 (20.0864, 7.03617)
    2701 (3.03272, 0.719886) -> 4882 (2.98313, 1.12723)
    2702 (13.3732, 1.32725) -> 8472 (11.8345, 2.37929)
    2703 (18.6728, 21.7811) -> 8498 (17.2262, 21.668)
    2704 (8.45988, -1.20554) -> 9538 (8.0553, -0.502301)
    2705 (22.5939, 15.9344) -> 8866 (21.3787, 16.4303)
    2706 (5.42995, 7.95253) -> 8709 (4.35504, 8.89777)
    2707 (10.1744, -2.79132) -> 5514 (9.11889, -1.63679)
    2708 (7.28139, 27.5282) -> 7444 (6.46868, 26.1217)
    2709 (12.1498, 20.4826) -> 6683 (10.6894, 20.4881)
    2710 (7.88459, 6.28346) -> 9076 (7.73118, 6.35332)
    2711 (19.5502, -3.27981) -> 8806 (19.3156, -3.03331)
    2712 (1.07579, 15.8113) -> 0 (1, 15)
    2713 (22.169, 0.278727) -> 8695 (20.7691, 0.939879)
    2714 (1.84424, 14.798) -> 0 (1, 15)
    2715 (2.38156, 8.91649) -> 6357 (1.76027, 10.7892)
    2716 (24.9732, -9.92072) -> 9569 (23.5522, -8.66387)
    2717 (23.883, 8.15427) -> 9771 (22.5292, 8.44699)
    2718 (11.015, 25.439) -> 6423 (10.0205, 24.7899)
    2719 (17.2775, 21.9705) -> 7408 (15.5144, 21.68)
    2720 (19.1354, 10.5832) -> 8762 (19.0305, 10.428)
    2721 (10.7, 24.2655) -> 8177 (9.43754, 23.1365)
    2722 (16.6727, 19.0005) -> 9954 (15.7407, 18.9321)
    2723 (8.5908, 24.9643) -> 89 (7.57407, 24.0103)
    2724 (9.71526, 22.6164) -> 9816 (8.73403, 22.1921)
    2725 (18.0255, 15.673) -> 2119 (16.4607, 16.6224)
    2726 (10.72, 0.501748) -> 7042 (9.3213, 1.47652)
    2727 (0.72009, 13.5646) -> 0 (1, 15)
    2728 (7.15419, 16.3967) -> 1972 (6.93723, 16.315)
    2729 (19.6987, 16.8962) -> 8132 (18.3156, 17.376)
    2730 (16.4129, 23.7527) -> 7369 (15.5312, 23.3449)
    2731 (14.6985, 8.00164) -> 6773 (12.996, 7.57863)
    2732 (10.7359, 23.7276) -> 8552 (9.76822, 23.1086)
    2733 (3.00807, 8.80974) -> 5028 (2.29753, 10.6675)
    2734 (3.17973, 12.0685) -> 3226 (1.9909, 13.5177)
    2735 (6.73554, 22.1087) -> 9183 (5.52084, 20.9466)
    2736 (11.2472, -0.967628) -> 8930 (10.9838, -0.751196)
    2737 (11.4184, 27.1697) -> 5401 (10.1432, 26.1926)
    2738 (23.5906, 25.5507) -> 9780 (22.3088, 25.1418)
    2739 (23.7389, 9.58487) -> 9354 (23.1196, 9.16767)
    2740 (12.9066, 27.6511) -> 9126 (11.7454, 26.3522)
    2741 (0.714846, 14.8949) -> 0 (1, 15)
    2742 (14.8935, 9.95567) -> 9292 (13.9694, 9.43567)
    2743 (14.4522, 22.1797) -> 6414 (14.1148, 21.9886)
    2744 (12.5928, 21.4017) -> 6553 (12.3462, 21.3982)
    2745 (1.69446, 28.1814) -> 9199 (1.65081, 27.3906)
    2746 (3.0102, 17.6054) -> 5835 (2.66981, 17.2069)
    2747 (5.18473, 14.4864) -> 3689 (4.43565, 14.5611)
    2748 (22.8154, -9.65795) -> 7794 (21.4112, -8.48062)
    2749 (1.04388, 20.5887) -> 6779 (1.05681, 19.3532)
    2750 (20.2706, 9.68647) -> 8917 (18.5075, 9.04693)
    2751 (14.5245, 16.8909) -> 9420 (14.0915, 17.2504)
    2752 (15.4969, 15.2292) -> 8650 (15.4053, 15.5324)
    2753 (14.1918, -2.19127) -> 3723 (13.748, -1.93255)
    2754 (1.60147, 29.6626) -> 7155 (1.49871, 27.8645)
    2755 (4.22324, 5.49199) -> 4565 (3.36976, 7.00239)
    2756 (14.4807, 22.0918) -> 6414 (14.1148, 21.9886)
    2757 (15.9852, 27.0762) -> 7804 (15.5283, 26.671)
    2758 (14.9086, 10.505) -> 8970 (14.4672, 10.0121)
    2759 (13.3892, -4.75731) -> 9243 (13.0286, -4.30382)
    2760 (6.32051, 21.9121) -> 1079 (5.42996, 21.0562)
    2761 (15.6747, 27.8613) -> 8160 (14.1583, 26.7937)
    2762 (12.5326, 9.63739) -> 5158 (11.0792, 8.30468)
    2763 (9.44529, -0.380745) -> 6539 (8.59834, 0.525719)
    2764 (12.7625, 5.34805) -> 8730 (12.616, 5.31932)
    2765 (18.6385, 27.9061) -> 8948 (18.6083, 27.8851)
    2766 (24.5369, 15.882) -> 8543 (23.515, 16.3173)
    2767 (3.68307, -7.82722) -> 5996 (3.30069, -5.9317)
    2768 (15.9469, 1.82612) -> 8549 (14.4147, 2.52604)
    2769 (18.7933, 8.0442) -> 5217 (17.3554, 7.70196)
    2770 (6.72364, 0.619447) -> 3434 (6.11884, 1.46198)
    2771 (3.88882, 10.3297) -> 951 (3.66321, 10.5303)
    2772 (1.43002, 21.8711) -> 8813 (1.3445, 21.2311)
    2773 (0.534894, 18.7923) -> 6597 (0.679387, 18.1308)
    2774 (14.1734, 11.3295) -> 9292 (13.9694, 9.43567)
    2775 (5.47114, 9.25351) -> 2435 (4.98562, 9.69557)
    2776 (0.522055, 28.2537) -> 9188 (0.580756, 27.0656)
    2777 (15.3288, 13.95) -> 8814 (15.3486, 15.1797)
    2778 (10.9686, 3.28741) -> 9081 (9.37697, 4.30914)
    2779 (3.66672, -0.587353) -> 5059 (3.5248, 0.397923)
    2780 (23.0902, 21.0657) -> 9936 (22.8316, 21.2978)
    2781 (15.0101, -0.769881) -> 8786 (13.6426, 0.48389)
    2782 (8.18547, 7.85746) -> 788 (6.95273, 8.18113)
    2783 (19.1229, 25.9096) -> 8714 (17.2866, 25.4664)
    2784 (8.92758, -3.51234) -> 8402 (8.51868, -2.13003)
    2785 (17.2539, 29.8273) -> 7457 (15.7872, 28.6089)
    2786 (19.1887, 13.0124) -> 1517 (17.9176, 14.3795)
    2787 (9.43515, 16.4812) -> 9058 (7.70243, 17.2121)
    2788 (21.5934, -5.26269) -> 5505 (21.0093, -4.81595)
    2789 (12.0187, -1.22544) -> 9473 (11.4204, -0.603088)
    2790 (12.0991, -2.38387) -> 9682 (10.8167, -0.935544)
    2791 (17.9064, 17.4587) -> 8987 (17.5582, 17.41)
    2792 (24.4153, 9.37047) -> 9354 (23.1196, 9.16767)
    2793 (4.40812, -8.56736) -> 8466 (4.07289, -6.7443)
    2794 (4.46824, 4.30649) -> 9901 (3.62166, 5.90133)
    2795 (6.73676, -4.10509) -> 3517 (6.58286, -3.60216)
    2796 (12.7382, 16.7203) -> 6927 (11.8957, 17.5976)
    2797 (17.3003, -6.77041) -> 9483 (16.6008, -5.91076)
    2798 (4.95413, -0.195206) -> 7442 (4.82491, 0.927333)
    2799 (12.3246, -3.08658) -> 9376 (12.1545, -2.96131)
    2800 (2.99849, 28.5046) -> 4960 (2.84854, 27.2117)
    2801 (21.5512, -5.03111) -> 9171 (20.9698, -4.16979)
    2802 (1.57035, -4.57942) -> 8573 (1.66407, -3.73643)
    2803 (3.60095, 7.46671) -> 8554 (2.81367, 8.71359)
    2804 (8.71527, -3.92925) -> 8883 (8.42073, -3.33901)
    2805 (14.833, 2.57461) -> 8685 (12.9967, 3.2705)
    2806 (22.6033, 20.6292) -> 9204 (21.1878, 20.2233)
    2807 (2.35895, 12.4136) -> 3466 (1.45004, 14.0288)
    2808 (0.416948, 11.2645) -> 5426 (0.598054, 12.3134)
    2809 (19.3461, 20.4249) -> 8708 (17.5396, 20.5848)
    2810 (14.499, -0.0357173) -> 8786 (13.6426, 0.48389)
    2811 (9.55954, 25.9914) -> 9861 (8.71377, 25.2473)
    2812 (5.831, 14.3245) -> 3689 (4.43565, 14.5611)
    2813 (5.12067, 6.28541) -> 9046 (4.92437, 6.58248)
    2814 (10.9047, 28.8472) -> 8415 (9.71936, 27.6391)
    2815 (5.88645, -9.013) -> 7685 (5.66615, -7.559)
    2816 (2.31313, 15.1981) -> 0 (1, 15)
    2817 (18.4248, 17.8161) -> 7050 (17.8733, 17.9237)
    2818 (22.4746, 2.0877) -> 7338 (20.5736, 2.70904)
    2819 (19.9105, 23.5653) -> 3194 (19.6168, 23.4839)
    2820 (1.78898, 14.4289) -> 0 (1, 15)
    2821 (2.99612, 5.83188) -> 5805 (2.49526, 7.58573)
    2822 (8.2711, 9.60438) -> 7741 (6.44508, 9.78458)
    2823 (6.53882, 5.87476) -> 5361 (5.65851, 6.93915)
    2824 (7.56604, -8.47717) -> 9124 (7.14167, -6.63745)
    2825 (13.1397, -6.08511) -> 5643 (12.6307, -5.04021)
    2826 (15.5796, 10.3325) -> 8377 (14.1235, 9.00956)
    2827 (17.5853, 5.17805) -> 6342 (16.72, 5.24824)
    2828 (22.8145, 16.602) -> 7621 (21.1038, 17.1274)
    2829 (23.4843, 14.8694) -> 9882 (21.8536, 15.1907)
    2830 (24.0968, -9.51242) -> 9404 (22.9261, -8.3913)
    2831 (0.289112, 16.1061) -> 0 (1, 15)
    2832 (20.6673, -1.91841) -> 9915 (19.9448, -1.55512)
    2833 (2.60941, 11.3983) -> 303 (1.98056, 12.8634)
    2834 (5.98244, -5.62225) -> 9385 (5.9876, -5.27016)
    2835 (2.61243, 12.314) -> 8852 (1.90444, 13.2898)
    2836 (10.5398, 4.9371) -> 9918 (9.81813, 5.34975)
    2837 (12.074, -6.06854) -> 9929 (11.55, -4.86516)
    2838 (7.24583, -8.50564) -> 9719 (6.62365, -7.06395)
    2839 (6.66577, 28.7168) -> 8981 (5.77068, 27.2488)
    2840 (21.6173, 28.5049) -> 9910 (20.4299, 28.047)
    2841 (9.47132, 26.8525) -> 8701 (8.27103, 25.407)
    2842 (21.3707, 18.4351) -> 9451 (19.6328, 18.6682)
    2843 (12.5084, -5.4433) -> 9701 (12.1354, -4.85657)
    2844 (14.5145, 19.6184) -> 7022 (13.6406, 19.7147)
    2845 (0.756654, 12.1632) -> 700 (0.889197, 14.0336)
    2846 (17.5259, 14.5904) -> 6022 (16.8954, 15.1974)
    2847 (22.7532, 28.3734) -> 7388 (21.3451, 27.6527)
    2848 (2.62021, 10.5657) -> 6705 (1.97657, 12.0637)
    2849 (13.938, -0.654023) -> 9769 (12.6364, 0.229592)
    2850 (15.465, -5.81095) -> 9689 (15.0739, -4.58572)
    2851 (15.4938, 26.0867) -> 9786 (14.0769, 25.4582)
    2852 (14.6466, 26.5701) -> 6279 (13.7153, 26.1582)
    2853 (10.6757, 5.87566) -> 9496 (9.36918, 6.53397)
    2854 (10.9659, -9.22527) -> 5131 (10.5035, -8.09702)
    2855 (1.16814, 8.74441) -> 9255 (1.09055, 9.69151)
    2856 (0.714117, -7.56105) -> 7146 (0.723627, -5.71332)
    2857 (17.8827, -2.94363) -> 8452 (17.0542, -2.35745)
    2858 (4.20231, -3.86224) -> 9206 (3.94056, -2.79916)
    2859 (5.56041, 4.67673) -> 5102 (4.77902, 5.57602)
    2860 (7.74013, -7.35642) -> 9185 (7.57259, -6.05559)
    2861 (22.4522, 4.83853) -> 8780 (21.6306, 4.69501)
    2862 (21.4349, -2.67127) -> 9915 (19.9448, -1.55512)
    2863 (9.56372, -9.49505) -> 6982 (8.75974, -7.7194)
    2864 (4.40014, -0.806863) -> 8475 (4.27592, -0.200485)
    2865 (7.95895, 5.24832) -> 9737 (7.48215, 5.8148)
    2866 (0.567382, -7.64629) -> 8751 (0.557499, -6.46893)
    2867 (7.47684, 26.25) -> 7395 (6.87723, 25.2475)
    2868 (2.90662, 16.1215) -> 6060 (1.61106, 15.3277)
    2869 (16.1496, 28.0901) -> 8919 (15.9432, 28.0367)
    2870 (6.99194, 16.6869) -> 8309 (5.52078, 16.4849)
    2871 (8.51851, 4.07501) -> 7176 (7.43041, 5.16475)
    2872 (19.1445, 7.2614) -> 8603 (17.6746, 7.23709)
    2873 (12.155, -5.25836) -> 4376 (10.979, -3.94923)
    2874 (20.9596, 0.860808) -> 8695 (20.7691, 0.939879)
    2875 (24.3104, 18.5048) -> 8479 (23.2545, 18.5004)
    2876 (8.75166, 21.9667) -> 4626 (7.25018, 21.0235)
    2877 (0.532509, 24.3893) -> 6363 (0.622728, 22.467)
    2878 (6.08449, 21.2084) -> 2261 (5.30949, 20.5293)
    2879 (11.4152, -5.02095) -> 8718 (10.6008, -3.76812)
    2880 (18.0523, -5.20163) -> 8558 (16.6052, -3.82207)
    2881 (4.34049, 15.1225) -> 5152 (2.48266, 15.0995)
    2882 (17.6547, -6.8514) -> 9483 (16.6008, -5.91076)
    2883 (8.13369, 26.8421) -> 9646 (7.28727, 25.5237)
    2884 (4.37441, 10.4063) -> 917 (3.10905, 11.9157)
    2885 (0.478717, 23.8333) -> 6762 (0.497371, 23.4864)
    2886 (13.8121, 20.6891) -> 9959 (13.0929, 20.5849)
    2887 (14.0107, 26.2868) -> 5492 (12.8895, 25.5734)
    2888 (15.013, 21.9655) -> 5827 (14.762, 21.9634)
    2889 (22.624, 13.24) -> 6307 (21.3116, 14.0937)
    2890 (22.0522, -7.85649) -> 8688 (21.1649, -6.84046)
    2891 (10.3391, 4.48365) -> 7642 (9.43438, 4.83266)
    2892 (8.00015, 16.1202) -> 7580 (6.59424, 16.3675)
    2893 (19.3683, -1.71549) -> 9252 (18.0362, -0.877667)
    2894 (22.2794, 6.15271) -> 8877 (20.5867, 6.16366)
    2895 (11.5926, -3.92753) -> 9942 (11.1408, -3.41385)
    2896 (16.3525, -4.0862) -> 9375 (15.4233, -3.47902)
    2897 (22.9362, 4.27102) -> 8780 (21.6306, 4.69501)
    2898 (14.2427, 28.4361) -> 9141 (12.946, 27.4396)
    2899 (14.9249, 13.3772) -> 8617 (15.2962, 13.8923)
    2900 (13.9932, 5.36035) -> 9787 (12.5373, 5.77973)
    2901 (6.01474, 17.8342) -> 5489 (5.06441, 17.4885)
    2902 (13.1418, -1.60689) -> 4347 (11.7193, -0.302011)
    2903 (2.96626, 20.3754) -> 4549 (2.27976, 18.5576)
    2904 (2.2879, 27.8022) -> 4033 (2.22493, 27.1883)
    2905 (14.3246, 3.6997) -> 8760 (12.9944, 4.41179)
    2906 (3.48438, 19.9401) -> 1199 (3.08911, 19.1497)
    2907 (0.532038, 2.70215) -> 9453 (0.425198, 3.42662)
    2908 (18.1853, 1.59759) -> 9728 (16.8518, 2.35361)
    2909 (0.854281, 11.8255) -> 4452 (1.01945, 13.679)
    2910 (0.108615, -8.50281) -> 5622 (0.192277, -8.1468)
    2911 (5.17729, 19.6452) -> 9415 (3.72109, 18.345)
    2912 (17.5733, -1.00101) -> 7187 (16.3606, -0.284946)
    2913 (18.1992, 10.4348) -> 7847 (17.8703, 10.2059)
    2914 (10.9637, 24.3287) -> 1273 (10.2523, 23.9836)
    2915 (20.8763, 8.59903) -> 7601 (18.9509, 8.44967)
    2916 (23.7294, -7.12117) -> 9009 (23.3603, -6.7777)
    2917 (3.49017, 11.8633) -> 6570 (2.67533, 12.7799)
    2918 (19.9692, 1.13549) -> 7533 (18.4627, 1.85925)
    2919 (8.44215, 25.3925) -> 8357 (7.9443, 24.9003)
    2920 (23.5716, 10.4027) -> 8147 (22.0062, 10.0238)
    2921 (5.56802, 12.0691) -> 6000 (4.06685, 12.7724)
    2922 (22.5024, 13.1638) -> 2639 (21.5817, 13.7517)
    2923 (23.7707, 11.9511) -> 9938 (22.6537, 12.3606)
    2924 (5.46496, 3.35973) -> 1135 (5.28234, 3.58811)
    2925 (23.9407, 8.34083) -> 9771 (22.5292, 8.44699)
    2926 (11.2209, 0.209853) -> 7364 (9.97437, 1.20738)
    2927 (9.555, 22.2993) -> 9693 (8.33326, 21.5876)
    2928 (18.9182, 12.5944) -> 7975 (18.7147, 12.7457)
    2929 (17.4037, 20.5178) -> 9798 (16.4211, 20.8763)
    2930 (19.0223, 4.64258) -> 7655 (18.2932, 4.92684)
    2931 (13.977, 28.8517) -> 6754 (12.8269, 27.664)
    2932 (9.26652, -0.110098) -> 9313 (8.22465, 1.42136)
    2933 (3.63602, 7.0782) -> 8554 (2.81367, 8.71359)
    2934 (19.0635, 1.88132) -> 8397 (18.5341, 2.11922)
    2935 (17.4916, 4.92414) -> 8407 (16.1173, 5.20328)
    2936 (21.3429, 28.489) -> 9910 (20.4299, 28.047)
    2937 (12.3039, 22.9792) -> 9027 (11.8943, 22.7351)
    2938 (2.94125, 5.25763) -> 567 (2.727, 5.70441)
    2939 (11.5943, 17.5238) -> 6829 (9.78734, 18.3053)
    2940 (1.87012, 18.7344) -> 7722 (1.46578, 17.3115)
    2941 (0.467982, 0.830012) -> 2907 (0.532038, 2.70215)
    2942 (19.2487, -2.85045) -> 9548 (17.9539, -1.78402)
    2943 (4.99362, 17.2444) -> 613 (3.29928, 16.358)
    2944 (17.8332, -5.14512) -> 8558 (16.6052, -3.82207)
    2945 (15.6302, 16.6857) -> 1803 (14.0747, 17.6333)
    2946 (23.4593, 11.6412) -> 9935 (22.5277, 12.2189)
    2947 (23.6443, 12.6505) -> 6265 (23.5472, 12.7039)
    2948 (13.0344, 25.0853) -> 9862 (11.423, 24.024)
    2949 (12.6853, 28.6014) -> 8931 (11.8191, 27.853)
    2950 (16.0215, 3.56166) -> 7978 (15.2581, 3.79888)
    2951 (5.98083, 28.014) -> 5735 (5.52788, 27.1544)
    2952 (10.5842, 5.89121) -> 1763 (10.0321, 5.9829)
    2953 (13.4991, -9.56749) -> 8409 (12.4533, -8.03048)
    2954 (19.6691, -1.62004) -> 5681 (18.5446, -0.90658)
    2955 (6.33297, 27.2349) -> 6455 (5.64264, 25.9825)
    2956 (8.54158, 28.3305) -> 9773 (7.83621, 27.4393)
    2957 (4.53099, -7.13093) -> 9988 (4.06319, -6.10221)
    2958 (21.21, -4.28636) -> 7759 (19.7451, -3.20339)
    2959 (17.0629, 4.72083) -> 9274 (16.53, 4.94741)
    2960 (17.7558, 3.7061) -> 9680 (16.0831, 4.25929)
    2961 (10.8236, 2.99305) -> 9993 (9.446, 4.09407)
    2962 (9.15028, 29.9892) -> 9366 (8.14542, 28.5807)
    2963 (4.49862, 16.4787) -> 5160 (3.61989, 16.1422)
    2964 (20.0919, 22.8829) -> 4516 (19.3941, 22.907)
    2965 (6.27377, 11.8592) -> 6284 (5.46398, 12.138)
    2966 (24.6392, 9.20352) -> 9507 (23.1705, 8.69254)
    2967 (16.0578, 15.1239) -> 6721 (15.9464, 15.4425)
    2968 (12.1516, 17.7558) -> 9940 (11.1527, 18.1665)
    2969 (16.6754, -9.80501) -> 4282 (15.8324, -8.47231)
    2970 (2.12676, 2.10187) -> 5469 (1.97869, 2.53881)
    2971 (9.76107, 22.2637) -> 9409 (8.57161, 21.6425)
    2972 (22.6132, 29.0681) -> 9687 (21.4719, 28.4508)
    2973 (3.54719, 3.43681) -> 7881 (2.89761, 5.05798)
    2974 (14.8885, 22.562) -> 9223 (14.2106, 22.3634)
    2975 (1.69268, 23.8578) -> 7542 (1.51483, 22.4883)
    2976 (20.3124, 25.466) -> 7298 (19.1445, 24.9112)
    2977 (4.29504, -7.55711) -> 9178 (3.96741, -6.50564)
    2978 (3.328, 9.61241) -> 4651 (2.65686, 10.8028)
    2979 (16.1302, 5.85758) -> 9089 (14.3759, 6.06225)
    2980 (16.7243, 23.9805) -> 8047 (15.1575, 23.687)
    2981 (24.7784, 8.5926) -> 7489 (24.7772, 8.58269)
    2982 (5.69356, 14.021) -> 8744 (3.97277, 14.4346)
    2983 (7.28048, -3.10876) -> 9492 (6.47613, -1.58224)
    2984 (16.1104, 24.4557) -> 8368 (14.9925, 24.1857)
    2985 (13.8326, -0.958582) -> 9346 (13.0065, -0.119776)
    2986 (15.6891, 10.9911) -> 8564 (15.3583, 10.5981)
    2987 (20.466, 9.19364) -> 9876 (20.1752, 9.09017)
    2988 (13.7337, -3.35661) -> 9324 (13.0707, -2.08407)
    2989 (4.46151, 28.4435) -> 5950 (3.9314, 27.242)
    2990 (20.8704, 29.3435) -> 7781 (19.5099, 28.685)
    2991 (0.34025, 21.0806) -> 8445 (0.493042, 19.5707)
    2992 (11.9257, 29.682) -> 9734 (11.2858, 29.1069)
    2993 (10.0062, 28.3317) -> 5528 (9.83684, 28.1067)
    2994 (15.7572, 16.137) -> 8765 (14.5507, 17.2123)
    2995 (20.5746, 4.69719) -> 9923 (19.2905, 5.05049)
    2996 (6.04607, 20.3918) -> 2911 (5.17729, 19.6452)
    2997 (4.75688, 23.7472) -> 5315 (4.32232, 22.9964)
    2998 (14.9318, 17.7381) -> 8580 (13.7551, 18.1806)
    2999 (10.8346, 20.7117) -> 9234 (8.8924, 20.2453)
    3000 (7.46089, 18.4511) -> 9692 (5.92878, 18.0814)
    3001 (0.500743, 0.181948) -> 8134 (0.495682, 0.210555)
    3002 (24.883, -5.81413) -> 8808 (23.4095, -4.54061)
    3003 (9.06899, -6.04828) -> 5419 (8.4595, -4.74353)
    3004 (19.4205, 20.8992) -> 7407 (18.4102, 21.073)
    3005 (7.3813, 4.73137) -> 7843 (6.14891, 6.09001)
    3006 (14.2248, 1.22835) -> 8350 (12.7781, 2.1314)
    3007 (18.4121, 15.3813) -> 7503 (16.995, 16.2791)
    3008 (6.31335, -8.09986) -> 6859 (6.14133, -7.12007)
    3009 (20.1493, -9.23131) -> 7177 (20.0003, -8.96214)
    3010 (15.0689, -9.97098) -> 8233 (14.8015, -9.26452)
    3011 (23.5088, 27.1095) -> 9005 (22.0491, 26.2279)
    3012 (5.25292, 28.0725) -> 9820 (4.7199, 27.0316)
    3013 (21.7735, 1.779) -> 9916 (20.1513, 2.33772)
    3014 (4.66577, 11.2014) -> 6362 (3.48901, 12.1769)
    3015 (7.73889, -1.20921) -> 4029 (7.66392, -1.17886)
    3016 (20.4013, 15.9212) -> 8149 (19.1936, 16.2535)
    3017 (7.11805, 5.48475) -> 6970 (6.88434, 5.80374)
    3018 (16.7968, 1.25138) -> 3488 (15.6977, 1.8841)
    3019 (0.415677, 25.7143) -> 4449 (0.453507, 24.1369)
    3020 (4.78866, 19.8419) -> 5451 (4.25522, 19.2661)
    3021 (23.6121, -7.85787) -> 2239 (23.3649, -7.65174)
    3022 (4.09787, 22.4278) -> 7150 (3.23755, 21.0992)
    3023 (4.12472, 16.6875) -> 7937 (3.3141, 16.2726)
    3024 (7.95086, 19.6187) -> 6475 (6.99542, 19.3359)
    3025 (18.768, -6.21489) -> 9818 (17.961, -5.45656)
    3026 (24.7731, 11.3266) -> 9807 (24.1941, 11.5119)
    3027 (1.20386, 12.5763) -> 9590 (1.15035, 13.2446)
    3028 (8.86006, 24.7742) -> 6601 (7.58283, 23.7069)
    3029 (23.7537, -4.23595) -> 5058 (22.4298, -3.49363)
    3030 (15.1732, 20.8689) -> 8202 (14.8429, 20.8352)
    3031 (4.59296, 11.978) -> 5929 (3.25857, 12.8812)
    3032 (14.5852, 1.95964) -> 7885 (13.4916, 2.5268)
    3033 (23.8543, 18.5568) -> 9577 (21.9744, 18.711)
    3034 (14.9855, 17.3826) -> 6267 (13.6919, 18.0395)
    3035 (21.5514, 14.3844) -> 8572 (21.1009, 14.6641)
    3036 (21.4709, 15.5941) -> 8896 (19.9356, 15.6669)
    3037 (19.7867, 26.7432) -> 5807 (18.06, 25.9013)
    3038 (0.316192, -2.94659) -> 7871 (0.436902, -1.81241)
    3039 (17.1241, 11.8194) -> 9074 (16.0123, 10.2769)
    3040 (17.6356, 18.4753) -> 8735 (16.086, 18.8259)
    3041 (9.44457, 28.314) -> 8615 (8.51049, 27.3456)
    3042 (13.8984, 14.1703) -> 4520 (14.5563, 15.9139)
    3043 (3.88602, 9.02424) -> 3757 (2.80782, 10.684)
    3044 (8.37617, 26.268) -> 8859 (8.40554, 26.1839)
    3045 (23.4363, -8.59671) -> 9873 (22.6052, -7.83885)
    3046 (3.01321, -5.06117) -> 8232 (2.93134, -4.32328)
    3047 (19.8889, -3.36806) -> 8806 (19.3156, -3.03331)
    3048 (21.6955, -6.72627) -> 7554 (21.3745, -6.47701)
    3049 (7.78341, 13.188) -> 3543 (5.86765, 13.4132)
    3050 (8.45474, -6.9744) -> 9489 (8.12695, -5.80831)
    3051 (19.4314, -1.52627) -> 6212 (17.8177, -0.49897)
    3052 (21.0924, 2.3167) -> 7303 (19.5487, 3.01192)
    3053 (21.6562, 19.2147) -> 9611 (21.0404, 19.1368)
    3054 (18.6382, 17.0389) -> 8987 (17.5582, 17.41)
    3055 (10.9479, 26.701) -> 6767 (9.7092, 25.4674)
    3056 (8.30972, -1.11855) -> 9538 (8.0553, -0.502301)
    3057 (11.9231, -6.92205) -> 6980 (11.0916, -5.7347)
    3058 (18.3872, 8.4187) -> 9540 (16.8499, 8.37044)
    3059 (11.7689, 2.83214) -> 8801 (11.5121, 2.97633)
    3060 (10.8265, 29.229) -> 5528 (9.83684, 28.1067)
    3061 (20.8222, 29.37) -> 7781 (19.5099, 28.685)
    3062 (16.981, 6.84624) -> 6956 (16.0716, 6.83877)
    3063 (0.318642, 15.6257) -> 0 (1, 15)
    3064 (7.32954, -4.68594) -> 9955 (6.80093, -3.27384)
    3065 (20.8455, 28.5574) -> 9067 (20.2295, 28.215)
    3066 (5.32478, 8.94001) -> 426 (4.04204, 10.0839)
    3067 (15.5247, 21.5139) -> 6197 (14.4249, 21.6155)
    3068 (14.2899, 4.33641) -> 8183 (13.3114, 4.55393)
    3069 (14.254, 6.28812) -> 6805 (13.4727, 6.30245)
    3070 (0.531053, 29.3817) -> 9286 (0.672746, 27.9511)
    3071 (8.16332, 0.77204) -> 6736 (7.00998, 2.12935)
    3072 (3.69113, 3.30535) -> 7881 (2.89761, 5.05798)
    3073 (3.51257, 10.9825) -> 6154 (2.30633, 12.5436)
    3074 (11.72, 7.87347) -> 9439 (11.2596, 7.87728)
    3075 (23.4268, 25.4568) -> 9780 (22.3088, 25.1418)
    3076 (17.1927, 0.307791) -> 7027 (15.8785, 1.10261)
    3077 (24.5271, 11.1628) -> 9807 (24.1941, 11.5119)
    3078 (16.9746, 2.70082) -> 7041 (16.2955, 3.01626)
    3079 (6.31004, -4.57118) -> 8028 (5.69345, -3.12663)
    3080 (10.513, -4.14162) -> 9681 (9.96477, -3.55068)
    3081 (9.02052, 1.60189) -> 9085 (8.34466, 2.71539)
    3082 (5.00303, 25.5252) -> 192 (4.20772, 23.9909)
    3083 (20.5023, -9.90768) -> 8105 (19.557, -8.90772)
    3084 (18.4026, 13.3754) -> 6725 (17.2729, 14.5388)
    3085 (3.22434, 21.2494) -> 1985 (2.6021, 20.0414)
    3086 (20.2376, 18.366) -> 7611 (19.2181, 18.5651)
    3087 (3.82269, 18.7408) -> 8412 (3.06277, 17.8147)
    3088 (7.9606, 25.475) -> 9516 (7.17536, 24.6202)
    3089 (7.94709, -3.99409) -> 7909 (7.44552, -2.76515)
    3090 (3.46115, 14.9262) -> 6863 (2.29064, 14.8652)
    3091 (2.86093, 2.9064) -> 9844 (2.45667, 4.58842)
    3092 (17.0334, 5.73112) -> 8677 (16.328, 6.03744)
    3093 (4.60542, 27.4973) -> 9289 (4.09125, 25.773)
    3094 (17.8907, 25.6416) -> 8714 (17.2866, 25.4664)
    3095 (5.33612, -8.66999) -> 8602 (5.20814, -7.25018)
    3096 (6.74969, -9.30051) -> 8668 (6.64042, -8.90282)
    3097 (22.9264, 14.5994) -> 9897 (21.7146, 15.0116)
    3098 (22.938, -8.385) -> 7698 (21.4344, -7.09778)
    3099 (20.1361, 24.4975) -> 5537 (19.4346, 24.3463)
    3100 (1.79283, 12.8341) -> 9721 (1.48072, 13.7931)
    3101 (14.8917, -9.66286) -> 8733 (13.659, -8.23546)
    3102 (23.1834, 29.8661) -> 9796 (21.9634, 28.9188)
    3103 (23.4406, 25.0035) -> 5990 (21.7278, 24.5604)
    3104 (2.44451, -9.77061) -> 8179 (2.39367, -8.61933)
    3105 (21.3082, 11.4508) -> 3976 (20.1333, 12.5036)
    3106 (20.6353, 18.4016) -> 9560 (18.896, 18.8481)
    3107 (8.14877, -9.94676) -> 8300 (7.65328, -8.59519)
    3108 (23.4509, 12.4987) -> 5182 (22.3699, 13.2067)
    3109 (7.23464, -1.88323) -> 8312 (6.42268, -0.355882)
    3110 (0.908918, 6.72534) -> 9710 (0.834278, 8.2875)
    3111 (7.08917, 29.2637) -> 8489 (6.66563, 28.5403)
    3112 (24.1224, 24.3044) -> 9293 (22.6192, 23.9365)
    3113 (10.8972, 4.7412) -> 7761 (10.0116, 5.01559)
    3114 (23.1436, 2.70056) -> 7416 (22.081, 2.97988)
    3115 (18.3602, 1.71754) -> 9728 (16.8518, 2.35361)
    3116 (16.8593, -8.15741) -> 8935 (16.5421, -7.57078)
    3117 (13.8263, 21.4373) -> 8351 (12.5625, 21.2679)
    3118 (10.7855, 24.2342) -> 1273 (10.2523, 23.9836)
    3119 (10.3812, 26.5321) -> 5401 (10.1432, 26.1926)
    3120 (15.9108, 9.31992) -> 8496 (15.5348, 9.27895)
    3121 (24.2699, 17.0112) -> 6405 (22.6375, 17.0136)
    3122 (8.00147, -1.81341) -> 5325 (7.42984, -0.978152)
    3123 (13.7348, -7.43989) -> 8193 (13.7972, -7.35572)
    3124 (14.3959, 29.4808) -> 8644 (14.1679, 29.3163)
    3125 (15.4009, 29.0049) -> 6129 (13.9578, 27.7567)
    3126 (17.0856, 28.3871) -> 7862 (15.312, 27.514)
    3127 (1.82658, 23.2039) -> 8424 (1.61461, 21.9561)
    3128 (16.7351, 8.57797) -> 7653 (15.3987, 8.11415)
    3129 (13.6728, 6.1572) -> 6880 (11.7242, 6.59798)
    3130 (2.31204, 9.90859) -> 9997 (1.91644, 11.1023)
    3131 (15.7716, 9.20172) -> 6325 (13.9733, 8.33117)
    3132 (8.75939, 19.2798) -> 6295 (8.24602, 19.1103)
    3133 (12.1487, 28.814) -> 8404 (11.4838, 28.1425)
    3134 (2.99584, 22.6046) -> 9920 (2.60856, 21.5328)
    3135 (10.2795, 5.78041) -> 4785 (8.42609, 6.51071)
    3136 (18.8768, 19.697) -> 6755 (17.1912, 19.6135)
    3137 (14.0864, -7.11384) -> 6463 (13.8111, -6.07779)
    3138 (15.2348, 24.8434) -> 6515 (13.6569, 24.0919)
    3139 (16.0186, 23.426) -> 5447 (15.1952, 23.1621)
    3140 (10.4637, 26.4964) -> 5401 (10.1432, 26.1926)
    3141 (2.14505, 3.19856) -> 9842 (1.92866, 4.34555)
    3142 (16.1958, 29.9483) -> 9890 (15.0526, 29.0288)
    3143 (3.55696, 1.40617) -> 6776 (2.95012, 2.98312)
    3144 (10.4453, -8.31729) -> 9347 (9.56965, -6.84752)
    3145 (21.7728, 18.8907) -> 7559 (20.3883, 18.6161)
    3146 (21.3354, 0.524796) -> 8542 (20.0062, 1.02215)
    3147 (3.71886, 7.78019) -> 5076 (3.12821, 8.6836)
    3148 (4.85528, 27.6432) -> 9080 (4.54243, 26.9068)
    3149 (19.9758, 12.5113) -> 9641 (18.6905, 13.8089)
    3150 (5.03479, 17.3597) -> 1531 (3.43888, 16.4131)
    3151 (18.3673, 12.4774) -> 9054 (17.3717, 13.7612)
    3152 (21.2496, 8.09028) -> 8818 (19.7362, 8.83065)
    3153 (11.2733, 22.3582) -> 7198 (10.5044, 21.878)
    3154 (14.7413, 3.426) -> 9118 (13.7935, 3.9141)
    3155 (12.7039, 16.6829) -> 6927 (11.8957, 17.5976)
    3156 (21.9304, 22.5527) -> 8211 (20.8481, 22.3825)
    3157 (16.8727, 19.3759) -> 8856 (15.5637, 19.5471)
    3158 (12.993, 2.80821) -> 9099 (11.3825, 3.78052)
    3159 (4.19915, 24.8972) -> 8110 (3.52695, 23.0754)
    3160 (11.9424, 2.22073) -> 7980 (11.6275, 2.37616)
    3161 (9.351, -4.97764) -> 9975 (9.02296, -4.0065)
    3162 (9.50619, 4.14852) -> 5491 (8.32011, 5.23261)
    3163 (6.45153, 22.7411) -> 5377 (5.4286, 21.6868)
    3164 (9.60108, -8.41428) -> 7667 (8.7412, -6.62806)
    3165 (14.6445, 16.8479) -> 9420 (14.0915, 17.2504)
    3166 (21.3195, -2.78688) -> 7981 (20.9539, -2.60339)
    3167 (20.6554, 29.6119) -> 3998 (19.1592, 28.6624)
    3168 (9.82184, 7.13442) -> 6037 (8.4119, 7.58927)
    3169 (17.2766, 19.6758) -> 9933 (16.0156, 19.7497)
    3170 (16.7609, 16.1871) -> 8450 (15.8615, 16.7568)
    3171 (3.18661, 14.1142) -> 2523 (2.43495, 14.3873)
    3172 (19.5256, -9.7393) -> 9596 (19.0355, -8.8206)
    3173 (19.7459, 19.1614) -> 9660 (18.6597, 19.1555)
    3174 (16.8984, 29.4627) -> 7457 (15.7872, 28.6089)
    3175 (18.3469, 28.5672) -> 9833 (17.6568, 28.1777)
    3176 (16.8902, 3.65023) -> 9680 (16.0831, 4.25929)
    3177 (21.3573, 26.9384) -> 8439 (19.5887, 26.3533)
    3178 (1.99525, -2.58759) -> 9160 (2.00798, -1.10523)
    3179 (12.665, 22.0998) -> 8700 (12.3844, 22.0506)
    3180 (13.7842, 24.6225) -> 8665 (12.958, 24.187)
    3181 (2.69973, -7.90996) -> 8898 (2.64462, -6.37925)
    3182 (0.769577, 15.404) -> 0 (1, 15)
    3183 (4.92079, 27.5758) -> 9289 (4.09125, 25.773)
    3184 (21.25, -7.01446) -> 6221 (19.8606, -5.85047)
    3185 (12.5408, 19.8485) -> 9803 (12.2987, 19.838)
    3186 (12.7922, 5.82478) -> 9787 (12.5373, 5.77973)
    3187 (10.3438, 23.7065) -> 8177 (9.43754, 23.1365)
    3188 (19.3596, 3.71256) -> 8521 (18.4227, 4.13674)
    3189 (8.56402, 17.635) -> 8244 (6.84613, 17.587)
    3190 (3.40673, -2.40935) -> 5748 (3.14152, -1.38532)
    3191 (21.4188, 26.9933) -> 8439 (19.5887, 26.3533)
    3192 (5.43442, 20.7073) -> 5451 (4.25522, 19.2661)
    3193 (8.63913, 18.4959) -> 9984 (7.13433, 18.1779)
    3194 (19.6168, 23.4839) -> 7494 (17.8759, 23.2613)
    3195 (20.5726, 11.6945) -> 2786 (19.1887, 13.0124)
    3196 (16.7823, 17.3576) -> 9007 (16.5746, 17.3794)
    3197 (24.2305, 21.1675) -> 9936 (22.8316, 21.2978)
    3198 (14.4595, -5.17666) -> 4886 (14.3111, -5.06655)
    3199 (17.8986, 26.7087) -> 9740 (16.6573, 26.1718)
    3200 (15.262, 18.4869) -> 9494 (14.7299, 18.6236)
    3201 (1.56843, 20.877) -> 9509 (1.36384, 19.1472)
    3202 (22.1956, -3.86624) -> 9957 (21.7025, -3.64424)
    3203 (24.4068, 24.5945) -> 8365 (23.5903, 24.4092)
    3204 (6.45567, -7.72617) -> 8589 (6.1713, -6.35288)
    3205 (14.0933, 19.6166) -> 9803 (12.2987, 19.838)
    3206 (14.0279, -1.00923) -> 4779 (13.206, -0.327428)
    3207 (21.768, -6.29897) -> 8796 (20.6185, -5.54342)
    3208 (24.392, 16.7423) -> 6405 (22.6375, 17.0136)
    3209 (21.7976, 7.16555) -> 8435 (20.0864, 7.03617)
    3210 (0.427423, -7.42395) -> 8497 (0.465389, -6.6631)
    3211 (6.54448, 22.7673) -> 8230 (5.84298, 22.0093)
    3212 (7.91303, 14.4996) -> 8916 (6.00202, 14.9445)
    3213 (22.0374, 2.5845) -> 7983 (20.3221, 3.0104)
    3214 (23.2721, -9.70246) -> 7490 (22.546, -9.15292)
    3215 (24.4672, 26.4213) -> 9273 (23.7658, 26.1974)
    3216 (6.88001, -9.38555) -> 4513 (6.80422, -8.99795)
    3217 (13.2814, 19.6532) -> 9803 (12.2987, 19.838)
    3218 (20.2243, 22.2133) -> 8876 (18.9551, 22.0757)
    3219 (0.409023, 26.8902) -> 9574 (0.325148, 25.0509)
    3220 (6.00784, -1.7478) -> 7394 (5.30532, 0.0920431)
    3221 (14.0836, -4.90369) -> 7824 (13.2733, -4.06375)
    3222 (12.7263, 23.837) -> 9073 (10.8629, 23.1812)
    3223 (23.8769, 9.41456) -> 8122 (22.0077, 8.9798)
    3224 (10.566, 1.99852) -> 9722 (10.4746, 1.99547)
    3225 (0.920405, 1.64121) -> 1811 (0.816772, 2.91917)
    3226 (1.9909, 13.5177) -> 0 (1, 15)
    3227 (18.0405, -7.10573) -> 8712 (17.0831, -5.92482)
    3228 (3.38675, 15.8187) -> 270 (2.41832, 15.4673)
    3229 (13.7997, 6.79888) -> 9344 (11.9756, 6.91903)
    3230 (19.0256, 24.6541) -> 9665 (18.0495, 23.83)
    3231 (19.6507, 23.1171) -> 7858 (17.8126, 22.4538)
    3232 (2.99408, 14.1963) -> 2523 (2.43495, 14.3873)
    3233 (22.4282, 4.51353) -> 8780 (21.6306, 4.69501)
    3234 (5.4085, -0.384654) -> 7442 (4.82491, 0.927333)
    3235 (3.71754, 13.1751) -> 1283 (2.63412, 13.8938)
    3236 (6.55087, 25.1493) -> 7811 (6.06729, 24.4105)
    3237 (14.0959, 2.85669) -> 8685 (12.9967, 3.2705)
    3238 (14.9062, -1.77322) -> 7562 (13.5959, -0.967981)
    3239 (22.0155, 9.69617) -> 6846 (20.2406, 9.45767)
    3240 (21.6037, 9.23395) -> 9876 (20.1752, 9.09017)
    3241 (0.410807, 9.8184) -> 3424 (0.50289, 10.81)
    3242 (12.0604, -1.87101) -> 9682 (10.8167, -0.935544)
    3243 (21.8446, 16.4671) -> 9214 (21.1863, 16.624)
    3244 (5.97291, 25.1631) -> 4998 (5.74899, 24.9007)
    3245 (16.1237, 29.9493) -> 9890 (15.0526, 29.0288)
    3246 (19.7284, 19.6388) -> 4349 (19.0043, 19.7501)
    3247 (24.9644, 5.73228) -> 8053 (24.8518, 5.71179)
    3248 (14.1976, 14.3538) -> 9442 (14.4652, 16.2675)
    3249 (20.3125, 29.6801) -> 6817 (19.3558, 29.0932)
    3250 (19.9217, -5.64847) -> 9724 (18.9554, -4.59978)
    3251 (5.20162, 0.455664) -> 1453 (4.77549, 1.51612)
    3252 (6.3735, 25.1953) -> 8414 (6.17638, 24.7982)
    3253 (14.7985, -3.12868) -> 9748 (14.3187, -2.76937)
    3254 (15.4275, -8.57443) -> 9896 (14.7573, -7.45363)
    3255 (24.5144, 15.2191) -> 9591 (23.6185, 15.3618)
    3256 (14.1419, 1.86086) -> 9775 (12.8098, 2.7277)
    3257 (15.3926, 8.67499) -> 9032 (14.8962, 8.53304)
    3258 (14.7379, -1.48387) -> 8332 (14.3824, -1.09207)
    3259 (3.03092, 14.1813) -> 2523 (2.43495, 14.3873)
    3260 (16.3905, 10.8238) -> 9836 (15.3369, 9.69397)
    3261 (9.10602, 24.6729) -> 9974 (9.09617, 24.6693)
    3262 (19.9395, 8.45303) -> 9895 (18.7771, 7.97979)
    3263 (8.4438, -2.44302) -> 8464 (7.70319, -1.06909)
    3264 (11.874, 22.2669) -> 7198 (10.5044, 21.878)
    3265 (8.95321, 22.7635) -> 8627 (8.65326, 22.5188)
    3266 (15.5455, 23.787) -> 7750 (14.0517, 23.4873)
    3267 (8.46258, 22.2288) -> 4626 (7.25018, 21.0235)
    3268 (1.96442, 4.54516) -> 9518 (1.89782, 5.89532)
    3269 (4.58858, 7.97346) -> 3691 (3.99472, 8.58996)
    3270 (17.8121, -2.20138) -> 5129 (17.2424, -1.76169)
    3271 (20.2579, 6.6056) -> 7340 (18.8366, 6.81341)
    3272 (5.37903, 20.6646) -> 5451 (4.25522, 19.2661)
    3273 (11.2518, 28.0992) -> 4700 (9.865, 26.823)
    3274 (8.84418, -0.601648) -> 9589 (8.68324, -0.381668)
    3275 (11.8091, 29.4466) -> 9337 (10.761, 28.2012)
    3276 (21.5566, 28.3506) -> 8346 (20.3316, 27.7155)
    3277 (16.9812, 15.1815) -> 6022 (16.8954, 15.1974)
    3278 (22.8369, 28.8181) -> 5806 (21.2954, 28.1817)
    3279 (21.4058, 14.7326) -> 8945 (21.1821, 14.8907)
    3280 (16.7296, 6.33702) -> 9065 (16.3892, 6.44939)
    3281 (23.8082, 16.4335) -> 6530 (22.2277, 16.5271)
    3282 (0.217433, 13.6002) -> 0 (1, 15)
    3283 (5.81888, 12.674) -> 3478 (4.277, 13.4898)
    3284 (21.2583, 7.18992) -> 8435 (20.0864, 7.03617)
    3285 (4.24005, -7.91953) -> 9178 (3.96741, -6.50564)
    3286 (4.25034, -6.60917) -> 9988 (4.06319, -6.10221)
    3287 (12.8696, 17.0062) -> 4505 (12.3279, 17.6078)
    3288 (0.584715, -9.00885) -> 8982 (0.559844, -8.21777)
    3289 (19.5867, 12.7652) -> 9641 (18.6905, 13.8089)
    3290 (15.8752, 23.9669) -> 7750 (14.0517, 23.4873)
    3291 (16.1424, 28.0463) -> 6200 (15.2245, 27.4733)
    3292 (0.792857, 21.9285) -> 6692 (0.79051, 21.1156)
    3293 (24.611, 5.68873) -> 9891 (22.9117, 5.73864)
    3294 (23.1555, 28.9481) -> 9191 (22.4948, 28.4415)
    3295 (5.71186, 10.7182) -> 1450 (5.00103, 11.1293)
    3296 (3.15897, 10.4198) -> 2833 (2.60941, 11.3983)
    3297 (16.1047, -2.55302) -> 7244 (15.4906, -1.78755)
    3298 (6.7981, -2.85548) -> 8425 (6.17291, -1.3877)
    3299 (10.6275, 1.43379) -> 7390 (9.41469, 2.2406)
    3300 (21.3235, 8.18653) -> 8818 (19.7362, 8.83065)
    3301 (16.7399, -1.72735) -> 7133 (15.3471, -0.306741)
    3302 (12.4454, 26.8906) -> 9126 (11.7454, 26.3522)
    3303 (14.0927, 9.48699) -> 9708 (12.8113, 8.51127)
    3304 (1.34134, -1.90593) -> 7487 (1.31525, -1.73463)
    3305 (9.69156, 28.8922) -> 8615 (8.51049, 27.3456)
    3306 (23.2477, 2.37161) -> 9555 (22.5533, 2.58982)
    3307 (6.97395, 11.3686) -> 3561 (5.09446, 11.9703)
    3308 (22.0778, 1.46593) -> 7891 (20.3312, 2.34763)
    3309 (15.2513, 25.7049) -> 2421 (13.7939, 24.8491)
    3310 (14.5818, 15.5587) -> 8474 (13.9578, 16.5958)
    3311 (22.888, 15.8738) -> 8866 (21.3787, 16.4303)
    3312 (11.7651, 7.51181) -> 9675 (10.8031, 7.29736)
    3313 (14.3887, -4.0214) -> 9426 (14.0923, -3.61693)
    3314 (22.5285, 22.4206) -> 9010 (21.4056, 22.0571)
    3315 (16.7847, 22.8401) -> 8943 (14.8613, 22.462)
    3316 (4.85176, 3.94686) -> 9620 (4.53465, 4.55372)
    3317 (0.583253, -3.428) -> 8220 (0.687818, -1.85665)
    3318 (22.6122, 27.6893) -> 9913 (21.5889, 27.0629)
    3319 (4.90944, 18.3254) -> 8892 (3.91768, 17.69)
    3320 (10.2606, 29.2771) -> 7474 (9.04316, 27.804)
    3321 (11.6317, 8.97443) -> 9006 (10.8344, 8.5455)
    3322 (8.19967, -5.23329) -> 9585 (7.4263, -3.52288)
    3323 (13.6479, 27.266) -> 7560 (11.9578, 26.2599)
    3324 (18.4103, 4.65125) -> 9865 (17.4766, 4.80136)
    3325 (23.7214, 4.85291) -> 9249 (22.0743, 5.14532)
    3326 (23.813, -8.65459) -> 9873 (22.6052, -7.83885)
    3327 (8.21977, 11.3099) -> 2437 (7.17632, 10.7086)
    3328 (13.4534, 22.7365) -> 3264 (11.874, 22.2669)
    3329 (22.0524, 16.3201) -> 9214 (21.1863, 16.624)
    3330 (10.9336, 7.43087) -> 9444 (10.7993, 7.41369)
    3331 (9.15209, -0.62025) -> 8406 (7.99828, 0.577632)
    3332 (3.42256, 27.1181) -> 9116 (3.09071, 25.7844)
    3333 (1.81922, 11.002) -> 1028 (1.72055, 11.2978)
    3334 (21.1869, -9.71188) -> 6339 (20.1695, -8.66655)
    3335 (0.766559, 16.7712) -> 0 (1, 15)
    3336 (13.7546, -4.98184) -> 8910 (13.3445, -4.54499)
    3337 (10.125, 18.0733) -> 9732 (9.31299, 18.3777)
    3338 (15.6462, 1.20808) -> 9041 (14.8716, 1.64419)
    3339 (1.86769, 20.0091) -> 6584 (1.55066, 18.517)
    3340 (16.0364, 7.64015) -> 9535 (15.8798, 7.47779)
    3341 (20.013, 28.8147) -> 8976 (19.0859, 28.2669)
    3342 (19.2316, 16.6501) -> 8987 (17.5582, 17.41)
    3343 (24.7473, 5.50339) -> 8908 (22.9846, 5.69058)
    3344 (19.1666, -0.642647) -> 7039 (18.2281, -0.0855297)
    3345 (18.9897, 27.3449) -> 9514 (18.3192, 27.0782)
    3346 (5.14122, 14.9049) -> 8215 (3.81586, 14.9648)
    3347 (19.0023, 10.0602) -> 7772 (17.6805, 9.55713)
    3348 (7.77356, -0.172451) -> 8887 (6.93211, 1.34476)
    3349 (4.48282, 6.65552) -> 9020 (4.04391, 7.39465)
    3350 (9.10453, 0.900299) -> 9433 (8.09917, 2.09195)
    3351 (6.29406, 21.6517) -> 9183 (5.52084, 20.9466)
    3352 (0.415567, 22.9682) -> 7723 (0.415612, 21.5077)
    3353 (4.61428, 7.60524) -> 8990 (3.62996, 8.93142)
    3354 (15.7472, 24.9444) -> 7141 (15.3694, 24.839)
    3355 (15.2615, -7.71451) -> 8995 (14.8596, -7.05476)
    3356 (18.0511, 29.0663) -> 8902 (17.5602, 28.5621)
    3357 (2.50288, 21.3791) -> 8276 (2.14229, 19.8998)
    3358 (15.6453, -4.59783) -> 9260 (15.3998, -4.38527)
    3359 (16.1375, 4.78261) -> 9245 (16.1103, 4.77362)
    3360 (10.8672, -9.92138) -> 5821 (10.4861, -9.15389)
    3361 (14.9393, -5.02508) -> 9426 (14.0923, -3.61693)
    3362 (5.69259, -7.05898) -> 4185 (5.39882, -5.79971)
    3363 (0.90813, 21.1937) -> 9023 (0.891572, 21.1665)
    3364 (15.9215, 21.5408) -> 8202 (14.8429, 20.8352)
    3365 (11.2853, -2.37708) -> 9878 (10.7178, -1.44041)
    3366 (4.94201, 24.2826) -> 9956 (4.87384, 24.0373)
    3367 (21.918, 4.082) -> 9341 (20.0151, 4.36538)
    3368 (7.13723, 13.9151) -> 4989 (5.28987, 14.4471)
    3369 (24.8912, 21.7537) -> 4477 (23.0259, 21.8725)
    3370 (12.0105, -5.38055) -> 9929 (11.55, -4.86516)
    3371 (6.32748, 1.84356) -> 2924 (5.46496, 3.35973)
    3372 (20.6253, -8.57852) -> 8734 (20.0867, -8.10613)
    3373 (17.3978, 22.7559) -> 4487 (16.1014, 22.5657)
    3374 (11.2965, 7.82625) -> 9439 (11.2596, 7.87728)
    3375 (3.76992, 8.86938) -> 2978 (3.328, 9.61241)
    3376 (21.1219, 22.7283) -> 8960 (20.1625, 22.6703)
    3377 (6.99233, -6.28883) -> 6738 (7.00105, -6.06478)
    3378 (0.393827, 19.8059) -> 6597 (0.679387, 18.1308)
    3379 (10.6904, -0.22472) -> 9128 (9.62936, 0.924758)
    3380 (20.7171, 10.81) -> 9776 (19.5196, 10.4595)
    3381 (4.76738, 16.8799) -> 7937 (3.3141, 16.2726)
    3382 (8.64525, 26.7791) -> 9646 (7.28727, 25.5237)
    3383 (18.4259, 27.5532) -> 7994 (16.8957, 26.7576)
    3384 (20.2587, -3.96749) -> 8806 (19.3156, -3.03331)
    3385 (15.4225, 25.5873) -> 9396 (14.7054, 25.0889)
    3386 (19.7137, 12.5526) -> 2786 (19.1887, 13.0124)
    3387 (7.00419, 14.2189) -> 4816 (5.09085, 14.3632)
    3388 (15.1011, 8.54971) -> 9032 (14.8962, 8.53304)
    3389 (4.93559, 20.0819) -> 5451 (4.25522, 19.2661)
    3390 (24.563, 1.27574) -> 9774 (23.3298, 1.75738)
    3391 (6.40094, -8.20813) -> 6859 (6.14133, -7.12007)
    3392 (9.64439, -0.209367) -> 7944 (8.97391, 0.530484)
    3393 (24.3431, 1.80853) -> 9555 (22.5533, 2.58982)
    3394 (20.0531, -6.40338) -> 8139 (19.8188, -6.15542)
    3395 (7.04901, 15.5751) -> 8825 (6.7332, 15.6756)
    3396 (22.6371, 19.3631) -> 9611 (21.0404, 19.1368)
    3397 (6.14469, 6.75276) -> 8013 (4.85717, 8.10484)
    3398 (10.0902, 28.8926) -> 9413 (8.94854, 27.5822)
    3399 (24.7549, 9.30059) -> 9354 (23.1196, 9.16767)
    3400 (3.22278, 20.1782) -> 6971 (2.78249, 19.2714)
    3401 (6.79976, 6.41302) -> 7929 (6.39439, 6.61067)
    3402 (15.0135, 18.5977) -> 6460 (14.6893, 18.7212)
    3403 (2.32428, 18.1447) -> 1953 (1.47982, 16.4058)
    3404 (17.8181, 10.866) -> 7714 (16.8158, 9.87243)
    3405 (0.0635819, 26.4415) -> 9574 (0.325148, 25.0509)
    3406 (20.0555, 10.9168) -> 8762 (19.0305, 10.428)
    3407 (21.9696, 1.94781) -> 9916 (20.1513, 2.33772)
    3408 (3.81313, -9.73049) -> 9349 (3.5079, -7.85544)
    3409 (16.0449, 5.5329) -> 9965 (14.813, 5.64782)
    3410 (22.7829, 14.1684) -> 8945 (21.1821, 14.8907)
    3411 (22.7023, 15.3061) -> 5140 (21.4924, 15.9121)
    3412 (5.4078, 16.7994) -> 6174 (3.93098, 16.3445)
    3413 (18.9149, 12.1457) -> 6746 (18.2138, 13.3085)
    3414 (13.8442, 5.27063) -> 9406 (13.6003, 5.38491)
    3415 (22.7987, 3.51769) -> 9013 (20.9144, 3.98549)
    3416 (3.45814, 15.0829) -> 5152 (2.48266, 15.0995)
    3417 (0.357755, 28.393) -> 6950 (0.470875, 27.844)
    3418 (2.14973, -1.08973) -> 5437 (2.02258, -0.466491)
    3419 (13.4519, 26.2426) -> 4495 (11.7689, 25.226)
    3420 (23.1078, 26.0842) -> 5216 (21.63, 25.6186)
    3421 (5.76878, 21.9275) -> 9778 (4.93371, 20.9841)
    3422 (6.51178, 17.8299) -> 3150 (5.03479, 17.3597)
    3423 (20.5609, -0.912438) -> 8950 (20.2301, -0.891387)
    3424 (0.50289, 10.81) -> 5426 (0.598054, 12.3134)
    3425 (5.87716, 3.30776) -> 7545 (4.84302, 4.88685)
    3426 (18.3754, -0.554988) -> 7320 (18.2897, -0.437695)
    3427 (2.79476, -4.36968) -> 8355 (2.50596, -2.74832)
    3428 (20.6674, -8.98152) -> 9330 (19.9566, -8.30693)
    3429 (5.45179, 2.95784) -> 9620 (4.53465, 4.55372)
    3430 (14.8308, 29.7136) -> 2931 (13.977, 28.8517)
    3431 (3.8895, -6.14278) -> 9969 (3.82674, -5.34327)
    3432 (8.45231, 22.9423) -> 9530 (8.0426, 22.6977)
    3433 (22.2793, -5.42002) -> 9171 (20.9698, -4.16979)
    3434 (6.11884, 1.46198) -> 7552 (5.57315, 2.56933)
    3435 (5.01336, 11.4624) -> 8774 (3.79872, 12.3789)
    3436 (18.4664, 14.3633) -> 4056 (16.9479, 15.5663)
    3437 (23.6231, -2.19165) -> 9306 (22.9158, -1.99939)
    3438 (21.3691, -2.69764) -> 9915 (19.9448, -1.55512)
    3439 (6.14059, 5.75576) -> 5097 (5.03702, 6.91057)
    3440 (0.317322, 19.2463) -> 6597 (0.679387, 18.1308)
    3441 (24.8084, 26.5622) -> 9273 (23.7658, 26.1974)
    3442 (11.05, 20.6544) -> 6683 (10.6894, 20.4881)
    3443 (21.2103, -1.26874) -> 8950 (20.2301, -0.891387)
    3444 (6.58862, 16.8288) -> 7500 (5.30311, 16.6297)
    3445 (1.45536, 23.5934) -> 3824 (1.25475, 22.4237)
    3446 (6.24213, 12.8382) -> 331 (4.59141, 13.5861)
    3447 (6.33003, 19.6874) -> 2084 (4.90227, 18.7657)
    3448 (6.26842, 29.8378) -> 8058 (5.57709, 28.2185)
    3449 (6.5473, 1.68198) -> 8156 (6.3577, 1.99537)
    3450 (9.541, 8.43977) -> 8674 (8.7192, 8.44745)
    3451 (12.0343, -3.93464) -> 9828 (11.6441, -3.44629)
    3452 (24.9464, 25.2156) -> 9247 (23.707, 24.9477)
    3453 (24.7387, 16.7505) -> 8556 (24.2728, 16.8002)
    3454 (9.98409, -9.58208) -> 5255 (9.69713, -9.14351)
    3455 (18.9154, 29.7508) -> 9417 (17.5975, 28.9081)
    3456 (9.64197, 23.9355) -> 6915 (8.68186, 23.2614)
    3457 (10.7547, -2.92858) -> 9508 (9.91871, -1.4831)
    3458 (24.5865, 19.883) -> 8770 (23.6366, 19.8971)
    3459 (5.07978, 2.09626) -> 8152 (4.24644, 3.83186)
    3460 (18.7122, -7.54707) -> 8754 (18.0659, -6.86458)
    3461 (3.67066, 21.5698) -> 5221 (3.03376, 20.3913)
    3462 (15.6148, 9.64557) -> 9836 (15.3369, 9.69397)
    3463 (19.1926, 0.282757) -> 9879 (17.8087, 1.22026)
    3464 (15.5088, 14.519) -> 8814 (15.3486, 15.1797)
    3465 (18.2615, 25.5664) -> 8033 (17.4769, 25.2074)
    3466 (1.45004, 14.0288) -> 0 (1, 15)
    3467 (18.6677, 24.3367) -> 6973 (17.0272, 23.714)
    3468 (8.18393, 23.3118) -> 9659 (7.56296, 22.7638)
    3469 (17.3047, 24.7339) -> 9893 (16.1371, 23.9718)
    3470 (13.1917, -2.41521) -> 8118 (12.5871, -1.6557)
    3471 (19.1867, 9.39153) -> 8917 (18.5075, 9.04693)
    3472 (6.98863, -0.655326) -> 6472 (6.40031, 0.106341)
    3473 (23.3094, 2.67145) -> 7416 (22.081, 2.97988)
    3474 (15.1598, -4.12518) -> 9748 (14.3187, -2.76937)
    3475 (0.765607, 7.54476) -> 9710 (0.834278, 8.2875)
    3476 (21.6013, 26.6195) -> 7210 (21.1173, 26.2158)
    3477 (23.3016, 18.7038) -> 9577 (21.9744, 18.711)
    3478 (4.277, 13.4898) -> 6417 (2.46904, 14.2527)
    3479 (18.0951, 11.9204) -> 8326 (17.8401, 12.3449)
    3480 (23.438, 15.2905) -> 7356 (22.4466, 15.6586)
    3481 (24.8485, 28.8383) -> 7049 (23.289, 27.9548)
    3482 (15.7312, 20.3221) -> 9835 (15.3522, 20.2488)
    3483 (11.926, 24.4061) -> 9862 (11.423, 24.024)
    3484 (16.8159, -0.177992) -> 6327 (15.2116, 0.754046)
    3485 (15.6203, 10.146) -> 9836 (15.3369, 9.69397)
    3486 (2.56008, 23.5568) -> 4085 (2.11578, 21.7387)
    3487 (18.05, 0.290334) -> 9834 (16.7975, 1.34085)
    3488 (15.6977, 1.8841) -> 8549 (14.4147, 2.52604)
    3489 (17.1529, -2.31241) -> 7411 (17.0152, -2.27505)
    3490 (13.6266, 3.41722) -> 3715 (12.029, 4.1891)
    3491 (1.60856, 10.34) -> 8907 (1.35223, 11.7158)
    3492 (8.76666, 15.8954) -> 1972 (6.93723, 16.315)
    3493 (20.9314, 13.2592) -> 9537 (19.4564, 14.2977)
    3494 (10.7456, 7.95766) -> 7883 (9.59762, 7.99528)
    3495 (21.0483, 23.6907) -> 8722 (20.5416, 23.4582)
    3496 (6.97875, 29.169) -> 8999 (6.92341, 29.077)
    3497 (15.3055, 25.2097) -> 3180 (13.7842, 24.6225)
    3498 (14.7975, 17.3509) -> 6267 (13.6919, 18.0395)
    3499 (14.285, 6.27154) -> 6805 (13.4727, 6.30245)
    3500 (20.9934, -6.66513) -> 6221 (19.8606, -5.85047)
    3501 (0.267503, 23.1697) -> 9377 (0.304353, 21.5821)
    3502 (5.64099, 9.11161) -> 2775 (5.47114, 9.25351)
    3503 (7.48991, 16.9829) -> 9763 (6.12322, 16.9568)
    3504 (3.65481, 23.9699) -> 8362 (3.37565, 22.8669)
    3505 (12.0418, -6.6182) -> 8811 (11.5789, -5.68171)
    3506 (17.2265, 2.71797) -> 9278 (16.7642, 3.03212)
    3507 (2.80879, 3.14954) -> 9844 (2.45667, 4.58842)
    3508 (9.19825, 22.388) -> 5531 (8.25549, 22.0014)
    3509 (21.4288, 7.99053) -> 8671 (19.5911, 7.69726)
    3510 (20.4563, 24.2834) -> 9285 (19.4152, 23.8806)
    3511 (2.62193, 23.7778) -> 3486 (2.56008, 23.5568)
    3512 (1.22253, 9.16432) -> 5598 (1.0026, 10.9448)
    3513 (19.2126, 9.78493) -> 9048 (18.4752, 9.45551)
    3514 (2.15306, 25.1559) -> 7880 (2.10773, 24.6776)
    3515 (22.3716, 28.9843) -> 9756 (21.3941, 28.6148)
    3516 (1.27831, 8.01087) -> 9255 (1.09055, 9.69151)
    3517 (6.58286, -3.60216) -> 3898 (5.99581, -2.13781)
    3518 (0.690411, 8.41947) -> 496 (0.618968, 9.53107)
    3519 (8.0487, 23.1474) -> 9659 (7.56296, 22.7638)
    3520 (3.04722, 29.5307) -> 8847 (2.58772, 27.9682)
    3521 (24.7909, -4.22692) -> 9898 (23.7967, -3.76626)
    3522 (2.67674, 12.7527) -> 8784 (2.05269, 13.6707)
    3523 (9.058, -2.59562) -> 8273 (8.90152, -2.49445)
    3524 (0.000490127, 28.7561) -> 7427 (0.0239364, 28.4628)
    3525 (24.4658, 17.6945) -> 7135 (23.4699, 17.5612)
    3526 (17.3347, 11.6527) -> 9074 (16.0123, 10.2769)
    3527 (2.48991, 2.6668) -> 9842 (1.92866, 4.34555)
    3528 (11.345, 21.154) -> 8320 (10.737, 21.0482)
    3529 (6.66544, -4.90006) -> 9845 (6.22977, -3.09418)
    3530 (14.5452, -5.98422) -> 8910 (13.3445, -4.54499)
    3531 (16.0495, 13.821) -> 8650 (15.4053, 15.5324)
    3532 (7.86616, 29.7141) -> 8629 (7.56501, 28.9679)
    3533 (3.00528, 6.25448) -> 5805 (2.49526, 7.58573)
    3534 (9.18701, 8.06281) -> 9186 (7.60445, 8.40687)
    3535 (19.8918, 29.9071) -> 8914 (18.9329, 29.1872)
    3536 (2.89488, 22.497) -> 9920 (2.60856, 21.5328)
    3537 (0.237141, 14.8621) -> 0 (1, 15)
    3538 (5.82764, 27.1203) -> 3082 (5.00303, 25.5252)
    3539 (8.32016, 3.13733) -> 212 (7.54101, 4.06199)
    3540 (24.7029, 0.482445) -> 9866 (23.5873, 1.092)
    3541 (22.8387, 5.05939) -> 9249 (22.0743, 5.14532)
    3542 (6.46909, 21.8673) -> 9183 (5.52084, 20.9466)
    3543 (5.86765, 13.4132) -> 9946 (4.06375, 13.9291)
    3544 (8.17188, 23.6133) -> 9333 (7.58485, 23.292)
    3545 (5.26054, -1.25069) -> 6901 (4.42274, 0.385608)
    3546 (12.4435, 8.99212) -> 5158 (11.0792, 8.30468)
    3547 (22.8138, 26.8511) -> 9005 (22.0491, 26.2279)
    3548 (2.1571, -3.88437) -> 9298 (1.87262, -2.92791)
    3549 (9.93358, 24.3437) -> 1381 (8.37486, 23.1216)
    3550 (24.8575, 3.77795) -> 9343 (24.6591, 3.90486)
    3551 (0.892283, -6.35781) -> 7345 (0.887997, -4.36562)
    3552 (8.41757, -3.73509) -> 4607 (7.93073, -2.65489)
    3553 (1.82806, 14.714) -> 0 (1, 15)
    3554 (22.1985, 9.2877) -> 8706 (21.1143, 9.24745)
    3555 (17.6373, -1.11193) -> 9797 (16.0724, -0.160233)
    3556 (24.9191, 29.1611) -> 8299 (23.5559, 28.6329)
    3557 (1.21103, 2.32366) -> 4197 (1.24917, 4.14185)
    3558 (21.8407, -3.22072) -> 7981 (20.9539, -2.60339)
    3559 (23.1087, 9.97363) -> 7686 (21.9714, 9.7421)
    3560 (23.8885, 0.395822) -> 9617 (22.0715, 1.05642)
    3561 (5.09446, 11.9703) -> 9467 (4.8108, 12.2102)
    3562 (6.40533, 4.40708) -> 3570 (5.63572, 5.15537)
    3563 (6.0834, 3.84465) -> 7682 (5.69487, 4.38412)
    3564 (17.5974, -5.35852) -> 9905 (16.4876, -4.63342)
    3565 (19.97, 21.4145) -> 8267 (18.4995, 21.2544)
    3566 (22.7052, -0.995972) -> 9794 (22.5579, -0.957286)
    3567 (6.90653, 6.60603) -> 6438 (6.65109, 6.82233)
    3568 (14.4736, 17.8626) -> 8580 (13.7551, 18.1806)
    3569 (1.92538, 18.7453) -> 5207 (1.52959, 17.1839)
    3570 (5.63572, 5.15537) -> 7037 (5.03681, 6.07326)
    3571 (4.81659, 17.1547) -> 613 (3.29928, 16.358)
    3572 (1.06926, 29.4917) -> 5718 (1.17236, 27.8995)
    3573 (17.3467, -8.47253) -> 8935 (16.5421, -7.57078)
    3574 (8.85359, 5.36387) -> 7532 (7.59867, 6.02362)
    3575 (11.4993, -7.86566) -> 8322 (10.8994, -6.5858)
    3576 (2.3482, -9.52473) -> 8510 (2.2479, -8.98666)
    3577 (3.45818, 5.82651) -> 8749 (2.77827, 7.51986)
    3578 (0.184809, 13.9689) -> 0 (1, 15)
    3579 (3.68833, 27.4112) -> 7618 (3.22305, 25.5068)
    3580 (9.83528, 4.80062) -> 3574 (8.85359, 5.36387)
    3581 (4.80465, 17.3974) -> 5578 (3.46182, 16.653)
    3582 (13.281, -1.61002) -> 6164 (12.2666, -0.220546)
    3583 (16.6877, 11.1505) -> 9836 (15.3369, 9.69397)
    3584 (16.553, 5.04847) -> 9854 (16.2688, 5.11156)
    3585 (17.7378, 27.0316) -> 7994 (16.8957, 26.7576)
    3586 (18.2381, 22.2531) -> 7272 (16.7099, 22.0759)
    3587 (16.2883, 17.6288) -> 7637 (15.9649, 17.6752)
    3588 (3.41295, 16.5886) -> 5062 (1.87674, 15.4324)
    3589 (7.62487, 12.9792) -> 9271 (5.79264, 13.3972)
    3590 (12.8904, 1.05904) -> 9565 (12.5962, 1.11137)
    3591 (4.61816, 7.29457) -> 8990 (3.62996, 8.93142)
    3592 (17.3886, 9.58983) -> 8207 (17.3656, 9.60304)
    3593 (10.0653, -8.42444) -> 7768 (9.62994, -7.22908)
    3594 (18.5911, 16.509) -> 6689 (17.5467, 16.9824)
    3595 (15.581, 24.6309) -> 7825 (14.0176, 23.9197)
    3596 (17.853, 8.194) -> 9242 (16.8802, 8.36521)
    3597 (20.9395, -2.80459) -> 9158 (20.2101, -2.45902)
    3598 (14.9073, 18.3296) -> 8577 (13.9591, 18.6622)
    3599 (22.9922, -2.1543) -> 9306 (22.9158, -1.99939)
    3600 (17.4712, 10.5127) -> 9720 (15.9686, 9.40547)
    3601 (3.05446, -4.2397) -> 5873 (2.8055, -2.96148)
    3602 (12.4419, 21.2145) -> 8320 (10.737, 21.0482)
    3603 (1.38589, 18.2423) -> 1592 (1.30626, 17.7776)
    3604 (1.52306, 18.7768) -> 7114 (1.26725, 17.1698)
    3605 (16.7504, 29.5106) -> 7457 (15.7872, 28.6089)
    3606 (23.9457, 25.0032) -> 9247 (23.707, 24.9477)
    3607 (14.6936, 8.82325) -> 8836 (12.873, 8.1376)
    3608 (13.4851, 24.7099) -> 8006 (11.683, 23.981)
    3609 (17.0734, -9.246) -> 8201 (16.9053, -9.06553)
    3610 (19.8394, -1.93404) -> 6269 (18.5863, -1.14233)
    3611 (4.27316, 23.8255) -> 2657 (3.74547, 22.8702)
    3612 (8.26832, 19.4629) -> 9648 (8.12855, 19.456)
    3613 (9.81236, 2.02733) -> 8432 (8.52851, 3.37669)
    3614 (7.57355, 17.3862) -> 5894 (6.98266, 17.3339)
    3615 (22.8746, 5.35269) -> 8394 (22.573, 5.42249)
    3616 (15.0055, 14.375) -> 9442 (14.4652, 16.2675)
    3617 (17.3533, -9.48485) -> 8201 (16.9053, -9.06553)
    3618 (23.8209, 4.65777) -> 9249 (22.0743, 5.14532)
    3619 (7.43703, -5.83393) -> 8872 (6.92282, -4.87441)
    3620 (23.4983, -3.66617) -> 7447 (22.1912, -2.60204)
    3621 (22.3969, -3.61385) -> 7981 (20.9539, -2.60339)
    3622 (6.24721, 22.5554) -> 5377 (5.4286, 21.6868)
    3623 (16.054, -7.31921) -> 9990 (15.375, -5.97044)
    3624 (21.6912, -9.19511) -> 9944 (20.2927, -7.87122)
    3625 (15.2359, 23.2067) -> 9870 (13.758, 22.5813)
    3626 (1.59758, -2.44782) -> 9962 (1.60132, -2.05603)
    3627 (18.2379, 4.8864) -> 9121 (17.0261, 5.1943)
    3628 (10.7012, 17.784) -> 524 (9.6226, 18.2086)
    3629 (1.68844, 3.62174) -> 7635 (1.61914, 5.31976)
    3630 (6.81629, 25.923) -> 7811 (6.06729, 24.4105)
    3631 (2.29985, 2.22916) -> 7501 (2.2577, 2.83883)
    3632 (8.75107, 7.02855) -> 6494 (7.71294, 7.41967)
    3633 (3.18909, 8.37449) -> 8446 (3.01996, 9.42257)
    3634 (18.2486, 8.56491) -> 9242 (16.8802, 8.36521)
    3635 (3.87419, 8.98865) -> 2978 (3.328, 9.61241)
    3636 (17.6732, 20.22) -> 6316 (15.9328, 20.3138)
    3637 (11.4661, -7.95674) -> 8322 (10.8994, -6.5858)
    3638 (5.3969, 22.3408) -> 6887 (5.00365, 21.514)
    3639 (23.6393, -0.99363) -> 7796 (21.9117, -0.127215)
    3640 (5.34465, 26.9656) -> 6668 (4.6905, 25.4759)
    3641 (0.173827, 4.76832) -> 4645 (0.248415, 6.29931)
    3642 (19.1709, 20.3464) -> 7186 (17.1952, 20.3392)
    3643 (0.0496186, 25.4454) -> 7148 (0.287977, 23.6326)
    3644 (14.6623, 20.5876) -> 9959 (13.0929, 20.5849)
    3645 (0.75692, 15.3731) -> 0 (1, 15)
    3646 (19.2105, 12.5409) -> 6842 (18.1946, 13.5495)
    3647 (0.451622, 28.1931) -> 9188 (0.580756, 27.0656)
    3648 (10.1272, 17.507) -> 8137 (8.48965, 17.8733)
    3649 (17.8982, -8.62744) -> 9633 (17.3146, -7.03746)
    3650 (5.43159, 20.0001) -> 7918 (4.14835, 18.9844)
    3651 (6.59433, 14.305) -> 4023 (4.77057, 14.3057)
    3652 (2.6153, 22.8815) -> 7656 (2.23969, 21.3885)
    3653 (21.8607, 23.0462) -> 8960 (20.1625, 22.6703)
    3654 (23.8513, 23.5572) -> 8790 (23.366, 23.49)
    3655 (8.31755, 15.734) -> 820 (6.579, 16.1541)
    3656 (3.00867, -5.33261) -> 8232 (2.93134, -4.32328)
    3657 (24.9952, 23.7696) -> 8790 (23.366, 23.49)
    3658 (21.7235, 0.226591) -> 8542 (20.0062, 1.02215)
    3659 (0.686358, 6.63908) -> 7046 (0.700201, 6.88162)
    3660 (19.7985, -8.07763) -> 6871 (19.1187, -7.30954)
    3661 (15.5265, 24.0175) -> 8263 (14.9926, 23.9136)
    3662 (3.65101, -7.78161) -> 5996 (3.30069, -5.9317)
    3663 (13.9235, -4.74192) -> 7158 (12.8625, -3.24234)
    3664 (12.1282, 15.9968) -> 7779 (11.6315, 17.7232)
    3665 (19.7303, 3.69763) -> 8521 (18.4227, 4.13674)
    3666 (22.1343, 7.93696) -> 6934 (21.5482, 7.8146)
    3667 (9.5648, 25.1101) -> 9974 (9.09617, 24.6693)
    3668 (21.8664, 19.9143) -> 8600 (20.5057, 19.9101)
    3669 (23.3152, 24.9603) -> 5990 (21.7278, 24.5604)
    3670 (22.5029, -0.743135) -> 8940 (22.0387, -0.685445)
    3671 (3.22329, -3.4852) -> 9028 (2.91178, -2.70125)
    3672 (13.6704, 16.9522) -> 7748 (12.7976, 17.8039)
    3673 (9.40271, -8.91872) -> 9966 (8.67183, -7.43611)
    3674 (19.1308, 23.8429) -> 9968 (17.8964, 23.6085)
    3675 (13.6103, 1.24926) -> 7108 (13.0324, 1.74233)
    3676 (14.0257, 27.1244) -> 9272 (13.0305, 26.2518)
    3677 (19.6924, 2.62137) -> 9303 (18.0243, 3.01673)
    3678 (4.73382, 10.6658) -> 6591 (3.46089, 11.7618)
    3679 (19.2757, 7.7231) -> 9628 (18.0432, 7.50915)
    3680 (20.5837, 17.0183) -> 7032 (19.4692, 17.1748)
    3681 (3.51189, -3.71962) -> 9629 (3.3492, -3.11269)
    3682 (3.35114, 22.652) -> 6852 (2.96219, 21.5667)
    3683 (4.54784, -1.93771) -> 8383 (4.19924, -0.40752)
    3684 (20.9433, -8.11033) -> 9393 (19.9663, -7.0004)
    3685 (23.6421, 15.2983) -> 7356 (22.4466, 15.6586)
    3686 (23.0783, -7.8214) -> 6544 (21.8807, -6.80655)
    3687 (6.28664, 0.123256) -> 9582 (5.72378, 1.17804)
    3688 (5.2349, 25.926) -> 3082 (5.00303, 25.5252)
    3689 (4.43565, 14.5611) -> 8757 (2.54877, 14.7943)
    3690 (3.81326, 24.6987) -> 8443 (3.42706, 23.8487)
    3691 (3.99472, 8.58996) -> 3375 (3.76992, 8.86938)
    3692 (11.2462, 1.68577) -> 9722 (10.4746, 1.99547)
    3693 (10.3659, 1.4401) -> 5813 (9.70095, 1.86016)
    3694 (17.3809, 22.6375) -> 9512 (15.4273, 22.3928)
    3695 (13.5543, 2.36972) -> 7973 (12.3229, 3.1298)
    3696 (7.8544, 0.809588) -> 8085 (7.58577, 1.01599)
    3697 (17.6577, 2.89278) -> 9278 (16.7642, 3.03212)
    3698 (8.37199, -1.62934) -> 9123 (7.85757, -0.59562)
    3699 (15.7375, 11.0145) -> 7955 (14.9734, 9.92652)
    3700 (24.6427, 29.8935) -> 5511 (23.2105, 29.1852)
    3701 (3.6365, 24.4052) -> 8693 (3.35562, 23.848)
    3702 (8.37922, 9.02698) -> 9638 (7.27106, 9.16303)
    3703 (21.5258, 6.35917) -> 6216 (20.7799, 6.49133)
    3704 (16.2899, 4.0399) -> 9412 (14.7975, 4.62642)
    3705 (18.2493, 6.43423) -> 8389 (18.1712, 6.45939)
    3706 (20.4741, 20.8954) -> 6944 (19.8416, 20.8385)
    3707 (2.68566, 26.3501) -> 9657 (2.4296, 25.4208)
    3708 (6.16863, -8.11267) -> 6810 (6.00654, -7.61991)
    3709 (21.6969, 6.60903) -> 9070 (20.8878, 6.65036)
    3710 (21.5813, 27.1208) -> 6659 (21.1756, 26.9178)
    3711 (24.6517, 27.7392) -> 9551 (24.1077, 27.2787)
    3712 (10.4765, 16.6645) -> 9650 (9.49111, 17.4092)
    3713 (18.9635, -3.89423) -> 8052 (18.773, -3.85934)
    3714 (15.8237, 19.7197) -> 8336 (14.048, 19.7593)
    3715 (12.029, 4.1891) -> 5752 (10.824, 4.78202)
    3716 (11.8248, 21.7671) -> 6587 (10.2218, 21.3203)
    3717 (21.4656, 10.4463) -> 6205 (20.4642, 9.95821)
    3718 (13.7507, 18.5522) -> 6426 (12.7214, 18.8755)
    3719 (18.6237, 9.78704) -> 7772 (17.6805, 9.55713)
    3720 (12.2551, -9.18729) -> 3575 (11.4993, -7.86566)
    3721 (2.4594, 26.3793) -> 7880 (2.10773, 24.6776)
    3722 (8.2072, 4.48439) -> 7176 (7.43041, 5.16475)
    3723 (13.748, -1.93255) -> 537 (12.2405, -0.745239)
    3724 (1.48196, 24.5494) -> 7857 (1.36843, 23.7497)
    3725 (17.3332, 4.75051) -> 9274 (16.53, 4.94741)
    3726 (9.56977, 0.325798) -> 7073 (8.37796, 1.46106)
    3727 (19.8846, 16.1664) -> 8149 (19.1936, 16.2535)
    3728 (7.99391, 13.2621) -> 3 (6.14704, 13.9751)
    3729 (4.25522, 22.2074) -> 9464 (3.74989, 21.4159)
    3730 (4.24784, 9.59763) -> 9573 (3.50105, 10.4519)
    3731 (11.2708, 21.1282) -> 8320 (10.737, 21.0482)
    3732 (13.0578, 0.0474943) -> 9769 (12.6364, 0.229592)
    3733 (13.602, 22.7658) -> 3328 (13.4534, 22.7365)
    3734 (8.29003, 16.5852) -> 3923 (6.57654, 16.8247)
    3735 (4.67034, 20.2517) -> 9967 (3.94196, 19.4489)
    3736 (9.96736, 26.4398) -> 9861 (8.71377, 25.2473)
    3737 (15.0292, 1.70038) -> 7885 (13.4916, 2.5268)
    3738 (23.4035, -4.37817) -> 7769 (21.7672, -3.34024)
    3739 (1.95539, 3.27871) -> 9842 (1.92866, 4.34555)
    3740 (19.1069, 1.24081) -> 8853 (18.8387, 1.32787)
    3741 (21.7421, 20.4144) -> 9204 (21.1878, 20.2233)
    3742 (21.2248, 16.1872) -> 8745 (20.1226, 16.8208)
    3743 (15.4119, -3.10358) -> 6300 (14.1547, -1.95335)
    3744 (5.20193, -6.47389) -> 8492 (4.73966, -5.47461)
    3745 (14.097, 20.4716) -> 9959 (13.0929, 20.5849)
    3746 (0.114544, 21.0558) -> 9924 (0.271941, 20.3841)
    3747 (4.34768, 15.0865) -> 5152 (2.48266, 15.0995)
    3748 (22.3112, 6.86372) -> 9174 (20.9906, 6.80576)
    3749 (0.741602, 11.0055) -> 2845 (0.756654, 12.1632)
    3750 (16.2983, 16.3844) -> 2945 (15.6302, 16.6857)
    3751 (1.62396, 4.66767) -> 6188 (1.39998, 6.23432)
    3752 (20.0872, 22.475) -> 7191 (18.7182, 22.0997)
    3753 (6.22881, 21.3372) -> 9914 (6.09496, 21.274)
    3754 (5.41908, 6.72191) -> 9382 (4.10485, 8.22871)
    3755 (4.43133, -1.4686) -> 9218 (3.83037, 0.433778)
    3756 (18.9149, 26.0632) -> 8714 (17.2866, 25.4664)
    3757 (2.80782, 10.684) -> 4234 (2.15091, 11.9289)
    3758 (0.799969, -7.24948) -> 7146 (0.723627, -5.71332)
    3759 (0.520475, 6.78253) -> 3518 (0.690411, 8.41947)
    3760 (13.908, 21.8294) -> 8828 (13.2909, 21.54)
    3761 (0.169465, 18.2332) -> 7346 (0.456272, 17.1156)
    3762 (19.6521, 21.4558) -> 8267 (18.4995, 21.2544)
    3763 (19.1733, -8.81784) -> 8901 (18.1709, -7.79705)
    3764 (24.0432, 23.1304) -> 9908 (22.7935, 23.0293)
    3765 (11.7498, 17.1269) -> 3628 (10.7012, 17.784)
    3766 (0.269508, 8.26026) -> 2689 (0.323138, 9.13313)
    3767 (15.9605, 4.02124) -> 9412 (14.7975, 4.62642)
    3768 (4.36126, 10.8558) -> 2734 (3.17973, 12.0685)
    3769 (8.04919, 15.2414) -> 8481 (6.36512, 15.6933)
    3770 (10.9636, 24.3832) -> 3984 (10.5239, 24.0643)
    3771 (15.1136, 20.2612) -> 742 (13.6387, 20.2096)
    3772 (23.6354, -1.78685) -> 9794 (22.5579, -0.957286)
    3773 (23.1901, 19.195) -> 7846 (21.6953, 19.1479)
    3774 (2.82455, -8.54418) -> 7250 (2.80929, -6.88255)
    3775 (8.74535, 22.5774) -> 8627 (8.65326, 22.5188)
    3776 (4.47053, 29.8275) -> 6722 (4.12599, 28.7789)
    3777 (24.6549, -1.4666) -> 6983 (23.0975, -0.690793)
    3778 (21.8059, 26.5617) -> 8915 (21.03, 25.7927)
    3779 (2.19615, 29.7341) -> 9613 (2.07737, 28.7922)
    3780 (17.9387, 20.6622) -> 9798 (16.4211, 20.8763)
    3781 (5.70999, 13.8688) -> 2268 (3.83021, 14.2615)
    3782 (21.5814, 10.4027) -> 6205 (20.4642, 9.95821)
    3783 (20.0108, 14.1016) -> 9403 (19.1281, 14.7473)
    3784 (13.0732, 23.8487) -> 7914 (12.9305, 23.7807)
    3785 (19.548, 6.22898) -> 8389 (18.1712, 6.45939)
    3786 (4.59712, 29.0751) -> 5950 (3.9314, 27.242)
    3787 (19.8662, 27.8435) -> 9514 (18.3192, 27.0782)
    3788 (7.32206, 22.2255) -> 9914 (6.09496, 21.274)
    3789 (7.97286, 11.5094) -> 7035 (6.0421, 11.6684)
    3790 (24.964, 24.5045) -> 9115 (24.5611, 24.3066)
    3791 (19.4588, -9.33513) -> 9596 (19.0355, -8.8206)
    3792 (17.908, 18.1664) -> 9932 (17.3236, 18.3016)
    3793 (14.0021, 0.327649) -> 8786 (13.6426, 0.48389)
    3794 (7.27475, 12.3453) -> 5168 (5.55698, 12.731)
    3795 (4.17983, 17.4338) -> 9694 (2.61437, 16.313)
    3796 (5.81993, 7.63645) -> 8884 (5.46419, 7.97023)
    3797 (4.04572, 0.444368) -> 3143 (3.55696, 1.40617)
    3798 (23.4198, -4.79457) -> 7752 (21.9345, -3.84938)
    3799 (22.7705, 24.3486) -> 9078 (22.2811, 24.1322)
    3800 (19.8153, 3.14076) -> 7391 (18.1434, 3.5215)
    3801 (4.25804, -3.63366) -> 8366 (4.06864, -2.84599)
    3802 (24.7185, 14.1037) -> 9597 (23.7784, 14.3554)
    3803 (4.04809, 22.7259) -> 7150 (3.23755, 21.0992)
    3804 (12.9886, 9.15655) -> 8614 (12.5571, 8.76927)
    3805 (16.3976, 22.0848) -> 6823 (14.4653, 21.8847)
    3806 (21.702, -3.11606) -> 7981 (20.9539, -2.60339)
    3807 (4.36915, -9.75666) -> 8879 (3.87108, -7.83897)
    3808 (13.1606, 15.6113) -> 2698 (12.7255, 17.3627)
    3809 (8.69585, 18.8005) -> 9173 (7.38901, 18.5799)
    3810 (5.31628, 18.212) -> 1200 (4.89937, 18.0556)
    3811 (19.4232, -8.06067) -> 5543 (18.6712, -7.30057)
    3812 (1.09411, 17.4941) -> 4457 (0.978624, 15.8582)
    3813 (6.40209, 26.9183) -> 4975 (5.50097, 25.4287)
    3814 (11.0253, 28.2851) -> 6718 (10.4758, 27.7976)
    3815 (0.760468, 7.58544) -> 9710 (0.834278, 8.2875)
    3816 (12.374, 22.083) -> 7587 (11.6941, 21.9197)
    3817 (20.7527, -1.51377) -> 6402 (19.5809, -0.877221)
    3818 (18.8847, 8.22323) -> 8175 (18.3313, 8.33999)
    3819 (3.04682, 13.6716) -> 9751 (2.56601, 13.9646)
    3820 (1.27553, 11.9624) -> 9590 (1.15035, 13.2446)
    3821 (24.6435, 5.04846) -> 7951 (23.6015, 5.29921)
    3822 (24.4189, -4.18682) -> 9898 (23.7967, -3.76626)
    3823 (2.27196, -2.30654) -> 6996 (1.977, -0.531386)
    3824 (1.25475, 22.4237) -> 2749 (1.04388, 20.5887)
    3825 (9.89194, -3.96479) -> 8273 (8.90152, -2.49445)
    3826 (19.8071, 16.7776) -> 8132 (18.3156, 17.376)
    3827 (23.439, 7.31682) -> 7402 (22.6266, 7.35884)
    3828 (23.552, 8.02957) -> 6415 (22.0138, 7.86854)
    3829 (24.6621, 27.7208) -> 9551 (24.1077, 27.2787)
    3830 (6.5906, 17.0336) -> 910 (5.57429, 16.8541)
    3831 (22.409, 13.7757) -> 9761 (21.1501, 13.8393)
    3832 (20.7507, 14.9588) -> 5674 (19.8954, 15.2567)
    3833 (23.1903, 24.9214) -> 7245 (21.9229, 24.5321)
    3834 (16.5239, 15.2335) -> 8851 (15.7367, 15.8858)
    3835 (6.34409, 23.7731) -> 7526 (5.94035, 23.4275)
    3836 (5.92916, 6.13073) -> 5714 (5.78396, 6.25507)
    3837 (21.8609, 14.7992) -> 9897 (21.7146, 15.0116)
    3838 (13.0263, 28.967) -> 8931 (11.8191, 27.853)
    3839 (13.2926, 19.1315) -> 8587 (12.8256, 19.1952)
    3840 (16.5799, 23.79) -> 7369 (15.5312, 23.3449)
    3841 (17.4159, 24.0504) -> 9907 (16.6585, 23.7663)
    3842 (4.90929, 6.24113) -> 9020 (4.04391, 7.39465)
    3843 (23.204, 27.6837) -> 9913 (21.5889, 27.0629)
    3844 (21.0779, -6.6841) -> 5042 (20.8548, -6.56085)
    3845 (22.9842, 6.8735) -> 9174 (20.9906, 6.80576)
    3846 (0.0477514, 21.4581) -> 7004 (0.178774, 20.8967)
    3847 (18.1828, 13.2985) -> 7652 (17.3248, 14.1448)
    3848 (6.55505, 10.5874) -> 8253 (5.29364, 11.0795)
    3849 (20.8402, 21.8051) -> 6660 (18.97, 21.8139)
    3850 (13.5344, 26.8395) -> 9272 (13.0305, 26.2518)
    3851 (21.5377, 16.6292) -> 9214 (21.1863, 16.624)
    3852 (22.2375, 27.6618) -> 9913 (21.5889, 27.0629)
    3853 (12.515, -2.46623) -> 9586 (11.858, -1.91309)
    3854 (20.4557, -4.05591) -> 8806 (19.3156, -3.03331)
    3855 (19.7287, 28.4294) -> 8948 (18.6083, 27.8851)
    3856 (16.6541, 10.8218) -> 9836 (15.3369, 9.69397)
    3857 (5.03158, -8.47667) -> 8766 (4.95, -7.96655)
    3858 (14.4761, 19.4269) -> 7243 (12.957, 19.5605)
    3859 (12.4706, -6.81444) -> 8811 (11.5789, -5.68171)
    3860 (0.703207, 27.082) -> 7371 (0.671638, 26.8511)
    3861 (24.8389, 10.3791) -> 9480 (24.2042, 10.5685)
    3862 (1.46928, -3.95194) -> 4809 (1.31164, -2.34191)
    3863 (23.5085, 23.8019) -> 9325 (21.971, 23.5702)
    3864 (16.4467, 16.0248) -> 6118 (15.1122, 16.8519)
    3865 (3.35111, 8.31402) -> 5076 (3.12821, 8.6836)
    3866 (16.4215, 6.53452) -> 8313 (15.4097, 6.5591)
    3867 (24.3494, -5.96607) -> 9151 (23.8664, -5.59286)
    3868 (19.6762, 13.0953) -> 9641 (18.6905, 13.8089)
    3869 (1.13736, 24.6449) -> 6128 (1.0468, 23.0753)
    3870 (18.9636, 18.6484) -> 9823 (17.6258, 19.065)
    3871 (21.1079, -9.88538) -> 9365 (20.6028, -9.25281)
    3872 (9.79319, -2.06059) -> 9919 (9.4659, -1.78782)
    3873 (5.08751, 29.3705) -> 3093 (4.60542, 27.4973)
    3874 (8.90899, 2.32196) -> 3539 (8.32016, 3.13733)
    3875 (15.1149, 25.2816) -> 9396 (14.7054, 25.0889)
    3876 (10.7572, 3.16141) -> 9993 (9.446, 4.09407)
    3877 (2.55314, 11.1946) -> 3100 (1.79283, 12.8341)
    3878 (19.2104, 19.5084) -> 3169 (17.2766, 19.6758)
    3879 (19.1478, 3.38185) -> 7391 (18.1434, 3.5215)
    3880 (11.0236, 9.61578) -> 3450 (9.541, 8.43977)
    3881 (9.00368, -8.04392) -> 9966 (8.67183, -7.43611)
    3882 (3.6029, -0.459152) -> 5059 (3.5248, 0.397923)
    3883 (1.37437, 29.318) -> 9107 (1.23357, 27.7124)
    3884 (6.58426, 6.61614) -> 9486 (6.49807, 6.70729)
    3885 (14.7908, 23.8294) -> 8107 (13.191, 23.5218)
    3886 (14.8127, 18.6956) -> 9125 (14.5747, 18.7721)
    3887 (16.9615, 1.58474) -> 9911 (16.1132, 2.17482)
    3888 (0.261762, 14.9459) -> 0 (1, 15)
    3889 (5.55257, 7.65758) -> 4344 (4.49725, 8.71378)
    3890 (7.78745, 27.185) -> 8447 (7.05464, 25.8485)
    3891 (24.3992, -2.70211) -> 9306 (22.9158, -1.99939)
    3892 (20.805, 18.9443) -> 9560 (18.896, 18.8481)
    3893 (12.571, 21.1145) -> 9801 (10.9914, 20.8289)
    3894 (15.7188, -9.9578) -> 9747 (15.0613, -9.04992)
    3895 (21.735, -9.8733) -> 6938 (21.0072, -9.25382)
    3896 (9.00857, -8.64023) -> 6982 (8.75974, -7.7194)
    3897 (14.7299, 18.2201) -> 9840 (14.1772, 18.2686)
    3898 (5.99581, -2.13781) -> 7239 (5.5827, -1.05485)
    3899 (16.0488, 18.7296) -> 6840 (15.3084, 18.7382)
    3900 (21.8957, 14.1901) -> 8572 (21.1009, 14.6641)
    3901 (7.82784, 19.7144) -> 6475 (6.99542, 19.3359)
    3902 (6.60308, 12.8874) -> 92 (6.4175, 12.9709)
    3903 (17.9548, 16.7391) -> 9007 (16.5746, 17.3794)
    3904 (4.03981, 3.14315) -> 6924 (3.53378, 4.38317)
    3905 (17.9453, -3.82843) -> 7377 (16.5792, -2.71758)
    3906 (6.20534, 1.24769) -> 7552 (5.57315, 2.56933)
    3907 (6.383, 18.0346) -> 9436 (4.87206, 17.5011)
    3908 (16.7967, 29.1169) -> 7457 (15.7872, 28.6089)
    3909 (13.125, 21.6075) -> 5175 (11.6283, 21.3063)
    3910 (4.64587, 10.6158) -> 3768 (4.36126, 10.8558)
    3911 (24.4656, 2.3923) -> 8962 (23.7708, 2.55104)
    3912 (11.0956, 20.1909) -> 9626 (9.28973, 19.7651)
    3913 (21.4205, 0.9661) -> 9960 (19.6961, 1.72886)
    3914 (9.93849, 9.47396) -> 4402 (8.08673, 8.77465)
    3915 (18.5107, -9.94073) -> 9326 (17.5589, -8.63668)
    3916 (21.3192, 15.0968) -> 8896 (19.9356, 15.6669)
    3917 (22.8211, 2.65914) -> 8880 (21.1078, 3.15842)
    3918 (14.2256, -6.02668) -> 8910 (13.3445, -4.54499)
    3919 (19.3084, 27.1058) -> 6867 (17.7899, 26.2706)
    3920 (8.76021, 6.73786) -> 9874 (7.60597, 7.29849)
    3921 (12.4708, 25.7316) -> 9113 (10.8426, 24.8303)
    3922 (2.42481, 28.2045) -> 7099 (2.39619, 27.1687)
    3923 (6.57654, 16.8247) -> 7500 (5.30311, 16.6297)
    3924 (12.0501, 10.1694) -> 6319 (11.6769, 8.427)
    3925 (14.8117, 27.0158) -> 7628 (13.3402, 26.1062)
    3926 (9.36109, 27.6938) -> 7923 (8.12747, 26.2119)
    3927 (10.4467, 16.2311) -> 2336 (9.44062, 17.437)
    3928 (7.0414, 12.0307) -> 6605 (5.2273, 12.3594)
    3929 (16.4579, 23.0778) -> 8169 (15.1073, 22.7731)
    3930 (1.32399, -6.89118) -> 115 (1.2435, -5.07649)
    3931 (2.8435, 5.98831) -> 9082 (2.25042, 7.77549)
    3932 (17.4727, -2.92329) -> 6159 (16.6209, -2.33642)
    3933 (22.4549, 5.10206) -> 9249 (22.0743, 5.14532)
    3934 (16.0825, 13.2315) -> 4746 (15.6715, 14.5461)
    3935 (13.9292, 3.45999) -> 6835 (13.7763, 3.53174)
    3936 (1.89847, -6.48965) -> 8639 (1.664, -4.64234)
    3937 (21.2958, 16.2921) -> 8520 (19.4413, 16.9485)
    3938 (9.76296, 23.2135) -> 8627 (8.65326, 22.5188)
    3939 (12.348, -5.80649) -> 9520 (11.9256, -5.36301)
    3940 (24.6211, -0.202657) -> 8622 (24.0374, 0.078113)
    3941 (3.45174, 20.0465) -> 1199 (3.08911, 19.1497)
    3942 (11.5741, 27.3367) -> 5401 (10.1432, 26.1926)
    3943 (7.47574, -2.77553) -> 9684 (7.2829, -2.24021)
    3944 (14.508, 1.11507) -> 7169 (13.3279, 2.06159)
    3945 (8.32512, 20.9507) -> 8927 (7.62436, 20.5614)
    3946 (14.3937, 27.3794) -> 9272 (13.0305, 26.2518)
    3947 (11.3863, 4.31339) -> 7761 (10.0116, 5.01559)
    3948 (19.9872, 8.36403) -> 9895 (18.7771, 7.97979)
    3949 (11.716, -2.23985) -> 9849 (10.5807, -1.17668)
    3950 (2.20209, 3.62416) -> 9842 (1.92866, 4.34555)
    3951 (10.3487, 2.64412) -> 9447 (9.5134, 3.37854)
    3952 (1.6987, 12.7096) -> 4211 (1.47678, 13.3737)
    3953 (0.509556, 6.54674) -> 3518 (0.690411, 8.41947)
    3954 (6.35369, 20.1161) -> 7365 (4.787, 18.9095)
    3955 (14.3155, 20.341) -> 9959 (13.0929, 20.5849)
    3956 (17.4471, -0.110463) -> 9981 (15.9017, 0.900864)
    3957 (8.58307, -5.7801) -> 1963 (8.07709, -4.34945)
    3958 (18.7569, 18.7492) -> 9823 (17.6258, 19.065)
    3959 (12.7183, 28.3612) -> 8590 (12.2203, 28.0397)
    3960 (11.0443, 0.168922) -> 5817 (10.2337, 0.574213)
    3961 (18.3748, 4.80142) -> 9121 (17.0261, 5.1943)
    3962 (7.41358, 27.2904) -> 7736 (6.75638, 26.5442)
    3963 (7.57919, 0.93702) -> 9209 (6.86989, 1.91943)
    3964 (4.30817, 5.49422) -> 7033 (3.61287, 6.61791)
    3965 (18.2383, 23.8988) -> 9795 (16.6682, 23.4499)
    3966 (12.5868, 27.4455) -> 9126 (11.7454, 26.3522)
    3967 (6.28946, 2.84032) -> 8146 (6.18614, 3.07173)
    3968 (24.4653, 0.919351) -> 9866 (23.5873, 1.092)
    3969 (1.15894, -5.94009) -> 8442 (1.19485, -5.16146)
    3970 (16.2571, 20.1111) -> 9835 (15.3522, 20.2488)
    3971 (13.9927, -8.85519) -> 4381 (13.6716, -8.37433)
    3972 (10.4405, 8.27775) -> 9488 (9.67696, 8.27345)
    3973 (22.1367, 13.7196) -> 6307 (21.3116, 14.0937)
    3974 (22.2535, 0.00461338) -> 8386 (21.6559, 0.253185)
    3975 (17.7431, -1.04741) -> 7187 (16.3606, -0.284946)
    3976 (20.1333, 12.5036) -> 9641 (18.6905, 13.8089)
    3977 (11.7452, 17.3635) -> 5668 (10.4728, 18.23)
    3978 (13.4479, 25.4297) -> 9547 (11.8318, 24.5391)
    3979 (23.251, 29.0953) -> 9687 (21.4719, 28.4508)
    3980 (18.003, 25.9341) -> 6134 (16.3414, 25.1774)
    3981 (8.72052, 24.7507) -> 6601 (7.58283, 23.7069)
    3982 (3.48127, 5.64555) -> 6121 (3.33874, 6.20832)
    3983 (20.5895, 5.33448) -> 8209 (19.4696, 5.48428)
    3984 (10.5239, 24.0643) -> 504 (9.47849, 23.3803)
    3985 (0.589506, -3.94132) -> 577 (0.49878, -2.77125)
    3986 (11.8577, 8.6051) -> 5158 (11.0792, 8.30468)
    3987 (18.5333, 7.40172) -> 8603 (17.6746, 7.23709)
    3988 (11.6044, 8.91641) -> 6622 (11.4625, 8.84036)
    3989 (19.1439, 6.52362) -> 7650 (17.6053, 6.62823)
    3990 (15.4033, 26.3534) -> 9786 (14.0769, 25.4582)
    3991 (3.73775, 2.53472) -> 4980 (3.34011, 3.62054)
    3992 (3.3798, 8.86726) -> 8865 (2.63965, 10.399)
    3993 (7.96809, 29.7913) -> 8284 (7.41013, 28.9336)
    3994 (0.161564, 23.548) -> 8680 (0.259042, 22.1034)
    3995 (19.2283, 6.7286) -> 7650 (17.6053, 6.62823)
    3996 (7.70338, 27.5559) -> 7444 (6.46868, 26.1217)
    3997 (23.6354, -3.74696) -> 7447 (22.1912, -2.60204)
    3998 (19.1592, 28.6624) -> 1904 (18.0233, 27.9786)
    3999 (15.1402, 0.301855) -> 9317 (14.7776, 0.503379)
    4000 (17.1193, 16.879) -> 8155 (15.8599, 17.4333)
    4001 (13.3903, 4.68319) -> 9917 (12.0164, 4.99724)
    4002 (22.6578, -4.15064) -> 9618 (21.6821, -3.5596)
    4003 (20.7556, -9.15862) -> 9330 (19.9566, -8.30693)
    4004 (4.39587, 1.99025) -> 8010 (4.13897, 2.62747)
    4005 (21.006, 25.7443) -> 9474 (19.5699, 25.5015)
    4006 (11.5794, 0.825616) -> 9722 (10.4746, 1.99547)
    4007 (15.2049, 1.04079) -> 8337 (13.548, 2.01046)
    4008 (0.0434368, -7.71281) -> 5200 (0.0407882, -7.07982)
    4009 (19.3176, 25.8206) -> 8033 (17.4769, 25.2074)
    4010 (20.6343, 7.93898) -> 5859 (19.2186, 7.66588)
    4011 (22.3346, -3.00413) -> 8180 (21.0992, -2.22716)
    4012 (15.5979, 12.528) -> 6999 (16.0735, 13.0981)
    4013 (23.1038, 15.5995) -> 9615 (22.6089, 15.4729)
    4014 (7.19978, 14.7062) -> 1151 (7.13145, 14.7272)
    4015 (8.88394, 2.72559) -> 5507 (7.79281, 4.14954)
    4016 (20.7502, -1.8041) -> 6402 (19.5809, -0.877221)
    4017 (23.7906, 8.20118) -> 9771 (22.5292, 8.44699)
    4018 (8.05219, -7.67095) -> 5585 (7.51507, -6.34186)
    4019 (18.2176, 7.90426) -> 5217 (17.3554, 7.70196)
    4020 (1.34415, 10.5253) -> 9594 (1.21064, 11.3498)
    4021 (18.1499, 1.3724) -> 9973 (16.9232, 1.81965)
    4022 (2.89825, 26.2744) -> 2463 (2.51827, 24.3861)
    4023 (4.77057, 14.3057) -> 1482 (2.97709, 14.6335)
    4024 (9.46016, 8.94565) -> 4402 (8.08673, 8.77465)
    4025 (17.8053, -9.78017) -> 9826 (17.5786, -9.50924)
    4026 (0.943384, 27.0059) -> 9189 (0.864768, 26.4046)
    4027 (24.2214, 3.67317) -> 8560 (22.3176, 4.24924)
    4028 (9.53538, 1.38851) -> 9085 (8.34466, 2.71539)
    4029 (7.66392, -1.17886) -> 981 (6.73646, 0.182038)
    4030 (11.7963, -7.72196) -> 8666 (10.9495, -6.60504)
    4031 (6.38652, 22.1827) -> 1079 (5.42996, 21.0562)
    4032 (18.252, 0.300653) -> 9834 (16.7975, 1.34085)
    4033 (2.22493, 27.1883) -> 4451 (2.08108, 25.7646)
    4034 (21.1357, 16.159) -> 7502 (19.2277, 16.6657)
    4035 (2.00874, 9.15316) -> 8451 (1.74788, 9.95063)
    4036 (21.7114, 8.98222) -> 9876 (20.1752, 9.09017)
    4037 (14.1789, 15.0577) -> 3672 (13.6704, 16.9522)
    4038 (21.0131, 4.1916) -> 5247 (19.831, 4.47841)
    4039 (23.8207, -6.90392) -> 9987 (22.3655, -5.53596)
    4040 (6.5734, 5.79664) -> 5361 (5.65851, 6.93915)
    4041 (20.6353, 1.07602) -> 6259 (19.3922, 1.67694)
    4042 (8.59923, -7.03654) -> 157 (8.06531, -6.05697)
    4043 (22.0269, 23.0883) -> 8960 (20.1625, 22.6703)
    4044 (3.00127, -4.30053) -> 5873 (2.8055, -2.96148)
    4045 (13.9547, 22.4745) -> 9674 (12.7659, 22.0848)
    4046 (24.3581, 15.4563) -> 9591 (23.6185, 15.3618)
    4047 (11.3694, 6.84975) -> 8803 (10.5473, 7.00904)
    4048 (17.7609, -9.4588) -> 8264 (17.0587, -8.54612)
    4049 (24.453, 2.70166) -> 8678 (23.4183, 3.17312)
    4050 (15.6879, 19.7082) -> 8336 (14.048, 19.7593)
    4051 (15.2268, 10.7278) -> 9292 (13.9694, 9.43567)
    4052 (17.5993, 2.58493) -> 9278 (16.7642, 3.03212)
    4053 (24.1337, -8.54389) -> 6291 (22.6013, -7.29849)
    4054 (8.3445, 16.7537) -> 6843 (7.1962, 16.9849)
    4055 (15.631, 20.796) -> 9484 (14.8179, 20.5308)
    4056 (16.9479, 15.5663) -> 593 (15.5699, 16.6219)
    4057 (1.04698, -4.45168) -> 9338 (0.985117, -3.52118)
    4058 (10.832, 21.1472) -> 8163 (9.73059, 20.7324)
    4059 (8.35628, 2.35464) -> 8725 (7.62509, 3.26013)
    4060 (15.8105, 10.885) -> 9334 (14.8437, 9.4043)
    4061 (18.163, 14.4231) -> 6287 (17.4237, 14.9302)
    4062 (17.8189, -1.78785) -> 9132 (16.9716, -1.05096)
    4063 (18.6476, 3.13857) -> 8212 (17.2214, 3.47125)
    4064 (18.0739, 25.805) -> 8714 (17.2866, 25.4664)
    4065 (17.5774, 8.01996) -> 9535 (15.8798, 7.47779)
    4066 (23.1573, 24.08) -> 9293 (22.6192, 23.9365)
    4067 (4.89958, 8.35228) -> 8709 (4.35504, 8.89777)
    4068 (15.593, 17.5828) -> 9840 (14.1772, 18.2686)
    4069 (18.2265, -8.08979) -> 9633 (17.3146, -7.03746)
    4070 (21.1375, 18.2531) -> 7611 (19.2181, 18.5651)
    4071 (23.6223, 10.8888) -> 8154 (22.7607, 11.4901)
    4072 (20.3928, 9.39275) -> 8917 (18.5075, 9.04693)
    4073 (0.971782, -6.59598) -> 4880 (0.938202, -5.82972)
    4074 (22.1511, 10.3249) -> 7438 (20.3272, 9.6755)
    4075 (23.0332, -1.13923) -> 9794 (22.5579, -0.957286)
    4076 (19.553, 26.6862) -> 5807 (18.06, 25.9013)
    4077 (13.6173, 16.3102) -> 5927 (12.3225, 17.6483)
    4078 (9.92184, -9.19913) -> 5957 (9.34407, -7.84461)
    4079 (4.50226, -5.81886) -> 5019 (4.40171, -4.11968)
    4080 (9.39793, 10.4414) -> 1923 (7.55163, 9.71791)
    4081 (7.64035, 7.62261) -> 4098 (6.16791, 8.63148)
    4082 (13.0462, -8.32023) -> 9421 (12.4304, -7.45779)
    4083 (13.4584, 14.8753) -> 6614 (13.9322, 16.2844)
    4084 (11.653, 21.5443) -> 8320 (10.737, 21.0482)
    4085 (2.11578, 21.7387) -> 5178 (1.78023, 20.6268)
    4086 (21.245, -8.89953) -> 9944 (20.2927, -7.87122)
    4087 (17.0606, 23.1853) -> 9934 (16.0304, 22.8468)
    4088 (1.63127, 23.0286) -> 8813 (1.3445, 21.2311)
    4089 (4.40233, 4.19011) -> 9901 (3.62166, 5.90133)
    4090 (21.4677, 20.6616) -> 9850 (19.8016, 19.571)
    4091 (8.10504, 19.0748) -> 5301 (6.72938, 18.7021)
    4092 (19.5124, -3.66019) -> 7695 (18.804, -3.39213)
    4093 (2.86638, -7.15285) -> 1165 (2.75861, -5.99458)
    4094 (9.44722, 0.229333) -> 9313 (8.22465, 1.42136)
    4095 (12.5563, 7.05922) -> 8597 (10.9381, 7.01391)
    4096 (21.461, -5.34781) -> 7529 (20.2049, -3.91242)
    4097 (12.5625, 24.6993) -> 5186 (10.8805, 23.8198)
    4098 (6.16791, 8.63148) -> 4399 (4.875, 9.56582)
    4099 (12.336, 9.76625) -> 5158 (11.0792, 8.30468)
    4100 (24.5763, 16.3691) -> 8321 (24.1108, 16.5395)
    4101 (1.3527, 14.5484) -> 0 (1, 15)
    4102 (21.1453, 27.0214) -> 4492 (19.39, 26.3241)
    4103 (5.28472, 4.18034) -> 5409 (4.43353, 5.59243)
    4104 (21.4934, 1.54968) -> 8483 (20.0027, 2.07732)
    4105 (9.38724, 6.61321) -> 8318 (8.12547, 7.16719)
    4106 (14.2893, 17.7956) -> 5023 (13.3844, 18.228)
    4107 (24.8393, 1.43937) -> 7760 (23.9442, 1.71378)
    4108 (2.40772, -8.53067) -> 6143 (2.40472, -8.40699)
    4109 (19.1766, 6.60149) -> 7650 (17.6053, 6.62823)
    4110 (19.5184, 18.2966) -> 7701 (17.7446, 18.4923)
    4111 (8.31857, 27.8299) -> 7765 (7.43029, 26.4848)
    4112 (7.14269, 19.9283) -> 7728 (5.65739, 19.1212)
    4113 (11.5516, -4.66133) -> 9635 (10.9209, -3.60493)
    4114 (15.1301, 14.9258) -> 9752 (14.9672, 15.196)
    4115 (16.4232, 29.5701) -> 7520 (15.3965, 28.8493)
    4116 (6.28427, -0.308544) -> 9880 (5.7429, 0.849662)
    4117 (0.965827, -3.41188) -> 9211 (0.9664, -2.35044)
    4118 (1.57548, 0.99002) -> 9164 (1.28976, 2.42117)
    4119 (22.8363, 15.8853) -> 8866 (21.3787, 16.4303)
    4120 (24.0096, 24.7214) -> 8663 (22.8303, 24.4568)
    4121 (15.9586, -4.14908) -> 9731 (14.7043, -3.08613)
    4122 (18.0195, 6.99457) -> 7429 (17.2395, 7.04575)
    4123 (4.64109, 23.4493) -> 5315 (4.32232, 22.9964)
    4124 (2.28854, -6.10247) -> 6394 (2.21689, -4.64629)
    4125 (10.4886, -1.85244) -> 6913 (9.46712, -0.586259)
    4126 (14.1324, -1.42327) -> 7562 (13.5959, -0.967981)
    4127 (4.17452, 4.24721) -> 7397 (4.06879, 4.64896)
    4128 (19.2429, 11.593) -> 8864 (17.9829, 12.5737)
    4129 (2.67967, 28.0107) -> 7449 (2.34843, 26.0398)
    4130 (19.2843, 14.0208) -> 5684 (17.7055, 14.9602)
    4131 (18.4394, 27.6363) -> 7994 (16.8957, 26.7576)
    4132 (18.0119, 0.737851) -> 9834 (16.7975, 1.34085)
    4133 (20.4844, 23.7825) -> 1385 (18.9306, 23.284)
    4134 (23.2441, 22.0762) -> 9010 (21.4056, 22.0571)
    4135 (8.61194, 28.3846) -> 9773 (7.83621, 27.4393)
    4136 (1.09672, 11.8106) -> 4452 (1.01945, 13.679)
    4137 (21.1944, -1.08511) -> 9240 (20.7346, -0.74494)
    4138 (18.1639, 25.2493) -> 7852 (16.8688, 24.7495)
    4139 (3.21268, -1.1228) -> 4815 (3.04654, 0.301467)
    4140 (21.7493, -9.02919) -> 9944 (20.2927, -7.87122)
    4141 (5.73089, 26.2887) -> 6214 (5.31095, 25.2366)
    4142 (22.6729, 28.7188) -> 7388 (21.3451, 27.6527)
    4143 (15.2097, 23.0016) -> 9870 (13.758, 22.5813)
    4144 (5.6669, -7.18409) -> 4358 (5.26264, -5.39017)
    4145 (7.4141, 2.38036) -> 5436 (6.65769, 3.56426)
    4146 (7.03683, 14.4262) -> 2747 (5.18473, 14.4864)
    4147 (23.4628, 20.4957) -> 8427 (22.2295, 20.4089)
    4148 (14.7368, -8.10881) -> 9280 (14.2918, -7.20348)
    4149 (6.94608, 19.5605) -> 9035 (6.1291, 19.2048)
    4150 (7.14476, -8.50485) -> 9719 (6.62365, -7.06395)
    4151 (23.9716, 25.5483) -> 8992 (23.5838, 25.4101)
    4152 (4.48618, 17.6705) -> 5067 (3.69864, 17.0957)
    4153 (15.7243, 6.37392) -> 8576 (14.0134, 6.57714)
    4154 (3.13251, 16.9134) -> 5565 (2.57674, 16.3689)
    4155 (23.4346, 29.6647) -> 9796 (21.9634, 28.9188)
    4156 (10.9815, 25.8965) -> 8584 (9.47819, 25.0399)
    4157 (0.0229417, 11.4188) -> 826 (0.437828, 13.0411)
    4158 (24.3933, 22.9844) -> 8536 (22.7773, 22.6532)
    4159 (3.36297, 20.3784) -> 6971 (2.78249, 19.2714)
    4160 (14.6643, 7.59166) -> 9517 (13.625, 7.36445)
    4161 (5.93314, 6.06476) -> 5714 (5.78396, 6.25507)
    4162 (3.43738, 17.5445) -> 4532 (1.9378, 16.2386)
    4163 (10.0831, 18.5819) -> 9809 (8.82742, 18.6419)
    4164 (3.64885, 20.9612) -> 6971 (2.78249, 19.2714)
    4165 (16.1987, -6.888) -> 9990 (15.375, -5.97044)
    4166 (23.3864, -3.30121) -> 8772 (21.8467, -2.22441)
    4167 (1.8664, 12.3684) -> 4211 (1.47678, 13.3737)
    4168 (24.2682, 27.4554) -> 9551 (24.1077, 27.2787)
    4169 (16.1695, 28.231) -> 8919 (15.9432, 28.0367)
    4170 (0.688436, 26.9134) -> 7371 (0.671638, 26.8511)
    4171 (17.3617, 25.2339) -> 9806 (16.2619, 24.8289)
    4172 (2.64294, 27.8807) -> 7449 (2.34843, 26.0398)
    4173 (23.5167, 23.3048) -> 9908 (22.7935, 23.0293)
    4174 (23.0906, 8.81298) -> 6242 (21.805, 8.5805)
    4175 (2.47221, 6.68493) -> 6442 (1.99735, 8.13679)
    4176 (14.7753, 13.1008) -> 8617 (15.2962, 13.8923)
    4177 (6.216, -6.16476) -> 9165 (6.02579, -5.41953)
    4178 (1.25789, 6.46555) -> 580 (1.20615, 7.01079)
    4179 (13.6486, 21.4927) -> 8351 (12.5625, 21.2679)
    4180 (10.4633, 19.8693) -> 9626 (9.28973, 19.7651)
    4181 (17.3636, -9.10295) -> 8264 (17.0587, -8.54612)
    4182 (24.9775, 0.141824) -> 9995 (23.3502, 0.679493)
    4183 (12.6097, -3.79615) -> 8391 (11.6609, -2.62538)
    4184 (14.563, 23.1988) -> 7252 (14.4294, 23.175)
    4185 (5.39882, -5.79971) -> 9055 (4.79934, -4.50357)
    4186 (10.0558, 18.837) -> 8652 (8.31901, 18.7995)
    4187 (6.98206, 13.1315) -> 9269 (5.26982, 13.8357)
    4188 (10.282, -4.32906) -> 7583 (9.49266, -3.15741)
    4189 (12.7848, 7.97368) -> 8361 (12.1698, 7.96648)
    4190 (20.7674, 12.2417) -> 5465 (19.3962, 13.4485)
    4191 (24.045, 1.92665) -> 9555 (22.5533, 2.58982)
    4192 (5.6847, 3.18978) -> 7446 (4.70298, 4.87701)
    4193 (9.88217, 9.72328) -> 3702 (8.37922, 9.02698)
    4194 (23.2733, 3.15352) -> 9556 (22.56, 3.42085)
    4195 (16.5096, -5.67884) -> 9811 (15.5945, -4.9441)
    4196 (4.5682, -4.08975) -> 7915 (4.40354, -3.0457)
    4197 (1.24917, 4.14185) -> 9231 (1.18379, 5.89328)
    4198 (21.8135, 13.3799) -> 9761 (21.1501, 13.8393)
    4199 (1.53459, 1.82338) -> 7702 (1.45894, 2.15376)
    4200 (7.11721, 10.2694) -> 3295 (5.71186, 10.7182)
    4201 (3.88903, 25.8763) -> 9482 (3.57273, 24.4615)
    4202 (4.35408, -6.89363) -> 9988 (4.06319, -6.10221)
    4203 (17.9487, 27.1632) -> 7994 (16.8957, 26.7576)
    4204 (15.9983, -8.38582) -> 9715 (15.155, -7.00204)
    4205 (21.4486, 16.0406) -> 8745 (20.1226, 16.8208)
    4206 (15.7599, -6.04253) -> 9689 (15.0739, -4.58572)
    4207 (19.2577, 17.3016) -> 9203 (18.47, 17.4661)
    4208 (0.710196, 26.4922) -> 4550 (0.807768, 25.2973)
    4209 (3.74141, -2.36406) -> 9813 (3.55692, -1.70462)
    4210 (15.4989, 27.5138) -> 5351 (14.456, 26.8871)
    4211 (1.47678, 13.3737) -> 0 (1, 15)
    4212 (22.4973, 4.07161) -> 9531 (22.2017, 4.39638)
    4213 (6.99598, -4.372) -> 9994 (6.32317, -2.75752)
    4214 (20.9205, 0.806299) -> 6259 (19.3922, 1.67694)
    4215 (22.5942, 20.4544) -> 8427 (22.2295, 20.4089)
    4216 (20.0378, 3.99405) -> 9625 (19.7191, 4.17644)
    4217 (4.01947, 0.312929) -> 2042 (3.46373, 1.46648)
    4218 (15.2408, 17.7176) -> 9840 (14.1772, 18.2686)
    4219 (20.9049, 11.211) -> 3386 (19.7137, 12.5526)
    4220 (14.4267, 8.96763) -> 6886 (13.2274, 8.62975)
    4221 (21.6718, 25.7969) -> 9134 (21.2801, 25.6024)
    4222 (18.6546, 18.5341) -> 9932 (17.3236, 18.3016)
    4223 (23.1558, 29.7092) -> 8371 (23.1117, 29.657)
    4224 (23.7214, -2.96264) -> 9306 (22.9158, -1.99939)
    4225 (10.227, 29.6986) -> 7481 (9.23627, 28.5419)
    4226 (21.4983, 22.5254) -> 7998 (19.5336, 22.2418)
    4227 (10.9928, 25.7945) -> 7283 (10.2372, 25.238)
    4228 (4.01816, 19.5185) -> 9967 (3.94196, 19.4489)
    4229 (22.0472, -5.8247) -> 5779 (20.5841, -4.90069)
    4230 (21.0663, 19.0846) -> 9611 (21.0404, 19.1368)
    4231 (23.0572, -9.50661) -> 7490 (22.546, -9.15292)
    4232 (2.57328, 3.2045) -> 9844 (2.45667, 4.58842)
    4233 (1.16507, 18.9927) -> 7609 (0.999222, 17.0746)
    4234 (2.15091, 11.9289) -> 9721 (1.48072, 13.7931)
    4235 (13.3978, 4.55998) -> 9917 (12.0164, 4.99724)
    4236 (9.7512, -2.71635) -> 9602 (8.77137, -1.43043)
    4237 (14.0674, -7.13507) -> 7310 (13.6082, -6.88323)
    4238 (9.80708, 9.31233) -> 4402 (8.08673, 8.77465)
    4239 (23.6776, 8.5986) -> 9771 (22.5292, 8.44699)
    4240 (23.5295, -4.59637) -> 8532 (23.5122, -4.56437)
    4241 (14.2224, -4.55669) -> 7428 (14.0357, -4.30486)
    4242 (1.3644, 26.3097) -> 9378 (1.30639, 25.5515)
    4243 (8.92595, 8.11755) -> 9186 (7.60445, 8.40687)
    4244 (3.1107, 18.9507) -> 1810 (2.96306, 18.6344)
    4245 (1.63878, 12.6784) -> 4211 (1.47678, 13.3737)
    4246 (5.44557, 3.89261) -> 5409 (4.43353, 5.59243)
    4247 (23.1595, 20.8084) -> 8427 (22.2295, 20.4089)
    4248 (14.727, 17.6529) -> 6111 (14.5523, 17.7063)
    4249 (11.6614, 19.8505) -> 9788 (10.5252, 19.8233)
    4250 (23.6334, 12.6579) -> 6265 (23.5472, 12.7039)
    4251 (10.216, 0.552422) -> 7042 (9.3213, 1.47652)
    4252 (4.11955, 20.0958) -> 6923 (3.90072, 19.7926)
    4253 (0.599001, 13.2956) -> 0 (1, 15)
    4254 (8.79324, -4.00606) -> 8883 (8.42073, -3.33901)
    4255 (22.9799, 3.26075) -> 9764 (21.1895, 3.62091)
    4256 (16.353, 26.4703) -> 8339 (15.1582, 25.5675)
    4257 (20.5946, 7.47087) -> 8020 (19.1507, 7.47902)
    4258 (11.6527, 27.9564) -> 6469 (10.6122, 27.049)
    4259 (20.0343, 14.404) -> 9705 (19.5389, 14.8322)
    4260 (19.5608, 15.3264) -> 9644 (17.9573, 15.9386)
    4261 (22.9252, 28.4755) -> 7388 (21.3451, 27.6527)
    4262 (24.684, -5.46753) -> 8808 (23.4095, -4.54061)
    4263 (12.2108, 4.27956) -> 6559 (11.9816, 4.34654)
    4264 (12.9829, 26.7337) -> 4495 (11.7689, 25.226)
    4265 (7.8278, -6.57389) -> 9185 (7.57259, -6.05559)
    4266 (5.34709, -6.53685) -> 684 (4.88762, -5.43682)
    4267 (22.9733, 19.6943) -> 7818 (21.742, 19.8749)
    4268 (0.770359, -0.919618) -> 7895 (0.694046, 0.800791)
    4269 (22.5481, 17.3326) -> 9642 (21.7469, 17.244)
    4270 (11.3856, -2.78768) -> 9976 (10.4552, -1.04747)
    4271 (24.8417, 28.5776) -> 9427 (23.7098, 27.8341)
    4272 (14.9612, -2.1396) -> 8348 (14.2212, -1.44332)
    4273 (13.2252, 9.84261) -> 6802 (12.4539, 8.43345)
    4274 (5.07467, -6.9582) -> 9703 (4.66779, -5.56133)
    4275 (20.2497, 14.2591) -> 9705 (19.5389, 14.8322)
    4276 (22.1251, -9.31474) -> 9671 (21.5949, -8.73381)
    4277 (4.17373, -1.69965) -> 4581 (3.86135, -0.389652)
    4278 (5.01901, -2.08733) -> 7277 (4.5528, -1.27149)
    4279 (4.79569, 10.5308) -> 3768 (4.36126, 10.8558)
    4280 (20.2552, 26.2747) -> 8259 (19.266, 25.9416)
    4281 (20.2332, -6.37847) -> 8139 (19.8188, -6.15542)
    4282 (15.8324, -8.47231) -> 8995 (14.8596, -7.05476)
    4283 (3.22979, 13.8828) -> 6417 (2.46904, 14.2527)
    4284 (24.5419, 11.9006) -> 7658 (23.0332, 12.9137)
    4285 (10.8233, 1.05989) -> 9722 (10.4746, 1.99547)
    4286 (23.3258, -8.0538) -> 9053 (23.1607, -7.95616)
    4287 (13.3705, 24.6141) -> 8098 (13.0311, 24.4419)
    4288 (12.7965, 29.6397) -> 8307 (11.4018, 28.2906)
    4289 (18.8029, -5.9851) -> 9818 (17.961, -5.45656)
    4290 (5.773, 12.3893) -> 4629 (4.19539, 12.9867)
    4291 (20.5297, 20.3488) -> 9419 (19.3625, 20.4254)
    4292 (23.8907, 22.0708) -> 9785 (21.9787, 21.6721)
    4293 (17.2796, 22.3892) -> 7342 (16.4354, 22.3296)
    4294 (8.26455, 29.401) -> 7548 (7.40681, 28.0336)
    4295 (23.0652, -2.41871) -> 7589 (21.4788, -1.61656)
    4296 (13.8163, 29.4402) -> 8670 (13.6738, 29.384)
    4297 (13.3227, 17.0573) -> 7748 (12.7976, 17.8039)
    4298 (13.554, 26.9763) -> 9272 (13.0305, 26.2518)
    4299 (16.2542, -9.68227) -> 6401 (15.4111, -8.04813)
    4300 (7.00318, 23.895) -> 9668 (6.60031, 23.3651)
    4301 (12.9682, 17.3076) -> 7748 (12.7976, 17.8039)
    4302 (24.9118, 4.4332) -> 9767 (23.0119, 4.43631)
    4303 (14.058, 12.1716) -> 2758 (14.9086, 10.505)
    4304 (14.6829, 24.3837) -> 7914 (12.9305, 23.7807)
    4305 (24.3304, 22.7241) -> 8536 (22.7773, 22.6532)
    4306 (10.8339, -6.27716) -> 9097 (10.1949, -4.97251)
    4307 (5.07008, 2.28366) -> 6524 (4.5118, 3.3466)
    4308 (0.0248828, 17.2977) -> 244 (0.545786, 15.8985)
    4309 (6.58987, 5.28487) -> 6140 (6.24288, 5.64843)
    4310 (16.0017, 12.3804) -> 8275 (15.984, 12.8095)
    4311 (2.06516, -7.60491) -> 8055 (1.8275, -6.06081)
    4312 (2.05695, 0.427828) -> 6381 (2.01781, 1.06316)
    4313 (10.9169, -0.360041) -> 9128 (9.62936, 0.924758)
    4314 (5.08987, 22.9965) -> 5910 (4.34217, 22.0666)
    4315 (6.94866, 12.8947) -> 5440 (5.34721, 13.4869)
    4316 (21.5497, 11.5624) -> 4190 (20.7674, 12.2417)
    4317 (23.1332, 19.2335) -> 7846 (21.6953, 19.1479)
    4318 (12.5945, -5.18038) -> 7540 (11.7611, -3.78441)
    4319 (23.698, -4.66907) -> 8532 (23.5122, -4.56437)
    4320 (17.7669, 1.18553) -> 9911 (16.1132, 2.17482)
    4321 (23.0597, 19.0266) -> 9542 (22.6152, 18.9986)
    4322 (14.7432, 3.48884) -> 9118 (13.7935, 3.9141)
    4323 (17.6412, -0.0984099) -> 7208 (16.5628, 0.445065)
    4324 (19.3528, 1.4528) -> 7533 (18.4627, 1.85925)
    4325 (6.99712, 25.3922) -> 8441 (5.97502, 24.174)
    4326 (0.0774207, 7.29168) -> 9066 (0.169029, 7.69519)
    4327 (19.6419, 5.72392) -> 7892 (18.6261, 5.93886)
    4328 (17.8119, -5.79317) -> 9905 (16.4876, -4.63342)
    4329 (21.4944, 29.9321) -> 7886 (21.2227, 29.7738)
    4330 (22.1896, -4.2911) -> 9957 (21.7025, -3.64424)
    4331 (6.49275, -3.80591) -> 9845 (6.22977, -3.09418)
    4332 (6.73211, 3.04001) -> 7682 (5.69487, 4.38412)
    4333 (20.4182, 15.5746) -> 9902 (18.8825, 16.2968)
    4334 (13.21, 24.3311) -> 8665 (12.958, 24.187)
    4335 (18.7771, 2.19611) -> 5348 (18.1497, 2.45094)
    4336 (17.4589, 1.09126) -> 9834 (16.7975, 1.34085)
    4337 (0.975709, 8.99789) -> 6017 (0.947566, 10.646)
    4338 (18.3012, 23.58) -> 8378 (16.7675, 23.1542)
    4339 (18.2403, 27.6107) -> 7994 (16.8957, 26.7576)
    4340 (15.1315, -2.89362) -> 6300 (14.1547, -1.95335)
    4341 (6.6057, 5.10805) -> 6140 (6.24288, 5.64843)
    4342 (6.64265, -4.96731) -> 8781 (6.06994, -3.52593)
    4343 (23.6378, 11.478) -> 9935 (22.5277, 12.2189)
    4344 (4.49725, 8.71378) -> 8709 (4.35504, 8.89777)
    4345 (21.0488, 1.47662) -> 6253 (19.2951, 2.13748)
    4346 (14.0903, 9.50649) -> 9708 (12.8113, 8.51127)
    4347 (11.7193, -0.302011) -> 1158 (10.2603, 0.989089)
    4348 (6.13408, 24.0655) -> 1713 (5.6925, 23.3407)
    4349 (19.0043, 19.7501) -> 6755 (17.1912, 19.6135)
    4350 (6.40363, 22.6953) -> 5377 (5.4286, 21.6868)
    4351 (12.0212, -9.82132) -> 6883 (11.7712, -9.05071)
    4352 (0.289983, 11.8609) -> 7899 (0.492613, 12.8965)
    4353 (8.78522, 1.15216) -> 9433 (8.09917, 2.09195)
    4354 (0.218308, 3.62592) -> 3641 (0.173827, 4.76832)
    4355 (23.1502, 5.1525) -> 9441 (22.6193, 5.23796)
    4356 (2.09781, 1.61843) -> 5469 (1.97869, 2.53881)
    4357 (14.7406, -6.86587) -> 9390 (14.5476, -5.95535)
    4358 (5.26264, -5.39017) -> 9055 (4.79934, -4.50357)
    4359 (1.05063, 4.78742) -> 8997 (0.831323, 6.19658)
    4360 (13.6942, 27.2032) -> 9272 (13.0305, 26.2518)
    4361 (2.31508, -2.25896) -> 9228 (2.24851, -1.25066)
    4362 (11.0212, 9.89678) -> 5498 (9.51731, 8.65643)
    4363 (19.678, -5.01047) -> 6421 (18.2057, -3.68953)
    4364 (13.6265, 11.3409) -> 9292 (13.9694, 9.43567)
    4365 (12.5387, -9.18607) -> 8174 (11.8759, -7.91377)
    4366 (13.9867, 14.7685) -> 9664 (14.1214, 16.3146)
    4367 (7.02173, 6.32084) -> 9822 (6.33001, 6.90776)
    4368 (0.644404, -5.61463) -> 9743 (0.665055, -4.7036)
    4369 (21.3757, -4.97927) -> 5505 (21.0093, -4.81595)
    4370 (16.5992, 24.2055) -> 9893 (16.1371, 23.9718)
    4371 (18.0619, 27.6192) -> 7994 (16.8957, 26.7576)
    4372 (12.6082, -4.14772) -> 9376 (12.1545, -2.96131)
    4373 (22.7973, -1.07561) -> 9794 (22.5579, -0.957286)
    4374 (20.2238, 16.3783) -> 7502 (19.2277, 16.6657)
    4375 (19.6467, -3.32271) -> 8806 (19.3156, -3.03331)
    4376 (10.979, -3.94923) -> 8421 (9.95989, -2.64228)
    4377 (2.34842, 26.2737) -> 7880 (2.10773, 24.6776)
    4378 (3.79404, 7.8945) -> 6933 (3.17382, 9.0757)
    4379 (23.1057, 0.230552) -> 9052 (21.4806, 0.909863)
    4380 (18.8651, 28.2246) -> 5526 (17.6526, 27.2512)
    4381 (13.6716, -8.37433) -> 9622 (12.7951, -6.91725)
    4382 (18.2952, 17.1685) -> 8987 (17.5582, 17.41)
    4383 (6.29957, 28.9724) -> 9414 (6.11269, 28.289)
    4384 (7.23277, -4.50632) -> 9955 (6.80093, -3.27384)
    4385 (11.0222, 19.4859) -> 5720 (10.5731, 19.4807)
    4386 (2.28645, 10.1103) -> 9091 (1.67712, 11.8318)
    4387 (6.57895, 3.82144) -> 1031 (5.5399, 5.03308)
    4388 (24.1007, 21.0094) -> 9936 (22.8316, 21.2978)
    4389 (11.0759, 2.59941) -> 8658 (9.64906, 3.65034)
    4390 (0.0918165, -9.95125) -> 5622 (0.192277, -8.1468)
    4391 (12.1069, 2.04572) -> 7980 (11.6275, 2.37616)
    4392 (24.2473, 11.6625) -> 9938 (22.6537, 12.3606)
    4393 (24.8893, 7.05931) -> 8473 (23.1001, 7.18398)
    4394 (0.744733, 27.6964) -> 7371 (0.671638, 26.8511)
    4395 (9.13602, 22.8205) -> 9816 (8.73403, 22.1921)
    4396 (19.0488, 20.6655) -> 8708 (17.5396, 20.5848)
    4397 (18.0198, 15.2776) -> 5726 (17.096, 15.7953)
    4398 (6.12151, 14.3129) -> 3689 (4.43565, 14.5611)
    4399 (4.875, 9.56582) -> 3073 (3.51257, 10.9825)
    4400 (19.6437, 16.82) -> 8132 (18.3156, 17.376)
    4401 (21.5926, 1.75676) -> 8316 (19.8331, 2.44742)
    4402 (8.08673, 8.77465) -> 851 (7.24516, 9.05757)
    4403 (11.8154, -3.35345) -> 4270 (11.3856, -2.78768)
    4404 (6.99161, 9.93246) -> 9521 (5.23202, 10.6376)
    4405 (20.0425, -4.63409) -> 7069 (19.154, -3.90295)
    4406 (13.7012, 10.6528) -> 8100 (13.2796, 9.06659)
    4407 (20.511, 26.7643) -> 8293 (18.9889, 26.1637)
    4408 (21.9872, 9.79651) -> 6846 (20.2406, 9.45767)
    4409 (16.0647, 2.42666) -> 7995 (15.2463, 2.84104)
    4410 (13.8705, 14.6131) -> 8474 (13.9578, 16.5958)
    4411 (19.0788, 7.83448) -> 9628 (18.0432, 7.50915)
    4412 (23.5666, 27.8774) -> 8413 (22.7452, 27.5015)
    4413 (23.6362, 9.00446) -> 8122 (22.0077, 8.9798)
    4414 (24.9131, 7.03794) -> 4658 (23.1179, 6.95538)
    4415 (3.94382, -3.41521) -> 5657 (3.30722, -1.64095)
    4416 (14.6495, 7.31408) -> 2262 (13.8116, 7.25171)
    4417 (13.9814, 1.67978) -> 8337 (13.548, 2.01046)
    4418 (1.60642, -4.69983) -> 834 (1.56064, -2.95691)
    4419 (23.0725, 26.728) -> 9005 (22.0491, 26.2279)
    4420 (5.37654, 1.84427) -> 1588 (4.94916, 2.76521)
    4421 (15.5457, -0.618003) -> 5504 (14.3819, 0.562156)
    4422 (3.85198, -5.1997) -> 8269 (3.54766, -4.03097)
    4423 (20.1675, 2.86101) -> 9263 (18.5934, 3.17594)
    4424 (12.4784, -9.89909) -> 6883 (11.7712, -9.05071)
    4425 (9.78897, 26.6626) -> 8271 (8.88106, 25.784)
    4426 (24.3595, 15.5659) -> 7911 (24.3048, 15.5739)
    4427 (20.0671, -4.31372) -> 7695 (18.804, -3.39213)
    4428 (15.9371, 0.638803) -> 7201 (14.5507, 1.37772)
    4429 (22.8066, 29.3434) -> 9756 (21.3941, 28.6148)
    4430 (21.094, 21.4378) -> 9310 (20.4591, 21.4651)
    4431 (1.49526, 29.1211) -> 6715 (1.38167, 27.6767)
    4432 (5.51603, 14.5983) -> 3689 (4.43565, 14.5611)
    4433 (21.0406, 29.6722) -> 7781 (19.5099, 28.685)
    4434 (21.7414, 3.02361) -> 9261 (19.9643, 3.60696)
    4435 (22.3503, 3.62136) -> 9013 (20.9144, 3.98549)
    4436 (16.2616, 4.22808) -> 9680 (16.0831, 4.25929)
    4437 (19.679, 14.2052) -> 8430 (18.2883, 15.3074)
    4438 (12.1991, 0.120755) -> 9827 (11.0151, 0.938682)
    4439 (6.6284, 28.3208) -> 3538 (5.82764, 27.1203)
    4440 (24.8323, 14.7962) -> 8393 (23.4425, 15.3108)
    4441 (0.0593144, 15.3922) -> 0 (1, 15)
    4442 (5.74302, -6.03597) -> 8189 (5.20126, -4.13088)
    4443 (19.6695, 18.291) -> 7701 (17.7446, 18.4923)
    4444 (5.43834, 22.8225) -> 1136 (5.04817, 22.3661)
    4445 (3.81798, 12.7797) -> 4601 (2.88713, 13.4976)
    4446 (21.2902, 23.337) -> 7044 (20.4131, 23.1676)
    4447 (15.9788, -3.07318) -> 9868 (15.8399, -2.84253)
    4448 (6.01533, 13.1973) -> 7322 (4.27843, 13.8617)
    4449 (0.453507, 24.1369) -> 6762 (0.497371, 23.4864)
    4450 (8.92405, 23.0885) -> 5224 (8.74284, 22.9766)
    4451 (2.08108, 25.7646) -> 9702 (1.94723, 24.7496)
    4452 (1.01945, 13.679) -> 0 (1, 15)
    4453 (6.75935, 13.8742) -> 694 (5.16693, 14.3137)
    4454 (14.8474, 5.42513) -> 7931 (12.928, 5.83431)
    4455 (24.9187, -6.98408) -> 9852 (23.8745, -6.13116)
    4456 (0.969579, 6.01274) -> 8484 (1.10486, 7.50058)
    4457 (0.978624, 15.8582) -> 0 (1, 15)
    4458 (14.3865, 25.577) -> 9786 (14.0769, 25.4582)
    4459 (24.7858, -0.348349) -> 9600 (23.8946, 0.0293145)
    4460 (16.1425, 26.4694) -> 8314 (15.284, 26.1019)
    4461 (21.303, -1.17625) -> 9240 (20.7346, -0.74494)
    4462 (6.28513, 23.4916) -> 678 (5.94694, 23.1809)
    4463 (3.70517, -4.46047) -> 6039 (3.41856, -2.50176)
    4464 (11.1205, 4.99897) -> 6707 (10.068, 5.29017)
    4465 (18.7491, 25.0568) -> 9450 (17.4845, 24.5092)
    4466 (9.99778, -9.07329) -> 5957 (9.34407, -7.84461)
    4467 (13.0924, 25.4348) -> 9547 (11.8318, 24.5391)
    4468 (7.19181, -4.35106) -> 9955 (6.80093, -3.27384)
    4469 (6.84478, -6.76342) -> 6789 (6.2007, -4.91691)
    4470 (8.19432, 27.0899) -> 9646 (7.28727, 25.5237)
    4471 (1.88181, -3.6933) -> 9962 (1.60132, -2.05603)
    4472 (0.196676, -2.2012) -> 6679 (0.225803, -1.40148)
    4473 (3.80339, 5.39504) -> 9901 (3.62166, 5.90133)
    4474 (4.37332, -3.93417) -> 8366 (4.06864, -2.84599)
    4475 (9.03697, 24.4632) -> 9333 (7.58485, 23.292)
    4476 (16.4447, 18.4574) -> 6840 (15.3084, 18.7382)
    4477 (23.0259, 21.8725) -> 9785 (21.9787, 21.6721)
    4478 (20.891, 20.4765) -> 9419 (19.3625, 20.4254)
    4479 (20.241, 8.72643) -> 8175 (18.3313, 8.33999)
    4480 (22.2062, -2.90172) -> 8180 (21.0992, -2.22716)
    4481 (20.252, -1.97736) -> 6269 (18.5863, -1.14233)
    4482 (3.18747, 16.4332) -> 6060 (1.61106, 15.3277)
    4483 (10.0362, 6.5126) -> 5299 (8.66355, 6.89545)
    4484 (12.7099, 4.96043) -> 9917 (12.0164, 4.99724)
    4485 (0.363281, -1.89323) -> 9645 (0.454004, -0.224018)
    4486 (17.868, 11.7886) -> 9490 (17.8903, 12.0047)
    4487 (16.1014, 22.5657) -> 2743 (14.4522, 22.1797)
    4488 (17.5057, 29.2789) -> 8919 (15.9432, 28.0367)
    4489 (9.43898, 21.7541) -> 8262 (9.10298, 21.6499)
    4490 (15.0847, 24.9707) -> 5096 (14.1997, 24.6933)
    4491 (24.3482, 1.0151) -> 9866 (23.5873, 1.092)
    4492 (19.39, 26.3241) -> 8293 (18.9889, 26.1637)
    4493 (3.70831, 12.2259) -> 9224 (2.88491, 12.9918)
    4494 (11.8925, 24.5129) -> 7756 (11.047, 24.0453)
    4495 (11.7689, 25.226) -> 8563 (10.1864, 24.3577)
    4496 (2.55519, 27.1931) -> 7938 (2.28135, 25.786)
    4497 (13.967, 26.5384) -> 7628 (13.3402, 26.1062)
    4498 (9.90302, 9.82541) -> 8 (8.31132, 9.10674)
    4499 (4.68059, 23.8056) -> 4915 (4.12762, 22.7829)
    4500 (13.6742, 23.9174) -> 9383 (12.7386, 23.1338)
    4501 (5.74954, 21.8288) -> 9778 (4.93371, 20.9841)
    4502 (0.74567, -8.26031) -> 9899 (0.666659, -7.87713)
    4503 (21.6171, 16.9305) -> 8340 (20.5741, 17.1435)
    4504 (24.8535, 10.1373) -> 9963 (23.3986, 10.1167)
    4505 (12.3279, 17.6078) -> 9940 (11.1527, 18.1665)
    4506 (5.64305, -9.90755) -> 6429 (5.48404, -8.67361)
    4507 (6.6865, 25.2149) -> 9610 (5.73132, 23.8126)
    4508 (8.92969, -6.92422) -> 6315 (8.12808, -5.33168)
    4509 (10.1027, 19.6648) -> 9872 (9.85814, 19.641)
    4510 (3.96253, 11.368) -> 6570 (2.67533, 12.7799)
    4511 (14.0075, 0.475741) -> 7108 (13.0324, 1.74233)
    4512 (6.76893, 13.3443) -> 1362 (5.08353, 14.0115)
    4513 (6.80422, -8.99795) -> 6859 (6.14133, -7.12007)
    4514 (21.3192, 27.0896) -> 4102 (21.1453, 27.0214)
    4515 (14.5865, 4.76852) -> 9087 (13.7542, 4.83996)
    4516 (19.3941, 22.907) -> 5832 (17.6928, 22.66)
    4517 (4.64419, 23.4376) -> 5315 (4.32232, 22.9964)
    4518 (15.4098, 22.4833) -> 8943 (14.8613, 22.462)
    4519 (21.8887, -9.44285) -> 8728 (21.3044, -8.78561)
    4520 (14.5563, 15.9139) -> 8474 (13.9578, 16.5958)
    4521 (9.35537, 17.1265) -> 3614 (7.57355, 17.3862)
    4522 (0.0847699, 16.8538) -> 244 (0.545786, 15.8985)
    4523 (13.9456, 17.0713) -> 7748 (12.7976, 17.8039)
    4524 (14.9737, 16.0111) -> 4523 (13.9456, 17.0713)
    4525 (5.25978, -1.45725) -> 9476 (4.4218, 0.261293)
    4526 (3.13489, 13.4755) -> 2820 (1.78898, 14.4289)
    4527 (6.90931, -0.971672) -> 3687 (6.28664, 0.123256)
    4528 (7.24693, 19.9747) -> 7728 (5.65739, 19.1212)
    4529 (21.261, 26.9848) -> 8439 (19.5887, 26.3533)
    4530 (2.02533, 0.00448415) -> 6443 (1.94812, 0.296715)
    4531 (20.5111, -0.0862855) -> 9604 (20.1194, 0.483139)
    4532 (1.9378, 16.2386) -> 0 (1, 15)
    4533 (9.46851, 3.33366) -> 8788 (8.53257, 3.95369)
    4534 (6.58023, 20.2634) -> 3954 (6.35369, 20.1161)
    4535 (0.757068, 4.53934) -> 576 (0.759185, 5.81422)
    4536 (21.833, 1.33378) -> 8483 (20.0027, 2.07732)
    4537 (6.08082, 25.3663) -> 4998 (5.74899, 24.9007)
    4538 (15.6149, -2.15832) -> 8332 (14.3824, -1.09207)
    4539 (21.8438, 15.895) -> 7675 (21.4181, 15.9999)
    4540 (7.20559, 29.1802) -> 8664 (7.09401, 28.9957)
    4541 (15.6456, 17.8941) -> 9840 (14.1772, 18.2686)
    4542 (20.4988, 1.34002) -> 9960 (19.6961, 1.72886)
    4543 (19.9033, -8.85976) -> 6262 (19.2112, -7.84638)
    4544 (16.8939, 19.5427) -> 9933 (16.0156, 19.7497)
    4545 (2.65735, 16.1267) -> 9075 (1.47511, 15.4112)
    4546 (1.55676, -9.43925) -> 6476 (1.42444, -8.75727)
    4547 (1.20402, 10.0571) -> 5371 (1.07748, 11.5002)
    4548 (24.5783, 23.9389) -> 6542 (22.6146, 23.7239)
    4549 (2.27976, 18.5576) -> 7443 (2.07569, 18.0992)
    4550 (0.807768, 25.2973) -> 9511 (0.671734, 23.9886)
    4551 (5.70774, 8.80949) -> 4399 (4.875, 9.56582)
    4552 (16.1492, 23.9522) -> 9893 (16.1371, 23.9718)
    4553 (24.0127, 4.13135) -> 9767 (23.0119, 4.43631)
    4554 (10.3165, 7.33452) -> 8138 (8.53445, 7.65849)
    4555 (14.0476, 0.57587) -> 7108 (13.0324, 1.74233)
    4556 (19.5253, 13.57) -> 3436 (18.4664, 14.3633)
    4557 (20.9388, 25.1894) -> 5580 (19.155, 24.4934)
    4558 (0.94805, 22.8977) -> 9023 (0.891572, 21.1665)
    4559 (13.3975, -3.16356) -> 9586 (11.858, -1.91309)
    4560 (19.525, 11.9902) -> 7975 (18.7147, 12.7457)
    4561 (8.38582, 29.5235) -> 7548 (7.40681, 28.0336)
    4562 (18.0157, -5.5615) -> 8022 (16.6748, -4.56793)
    4563 (7.91834, 22.5796) -> 9614 (6.92759, 21.9239)
    4564 (9.09195, -8.00099) -> 9397 (8.52243, -6.79212)
    4565 (3.36976, 7.00239) -> 9754 (3.05614, 7.6364)
    4566 (1.16905, 27.4798) -> 9388 (1.19654, 26.8961)
    4567 (8.08226, -7.10048) -> 9185 (7.57259, -6.05559)
    4568 (12.0216, 28.1544) -> 6469 (10.6122, 27.049)
    4569 (19.6809, 12.3985) -> 9619 (18.5586, 13.4831)
    4570 (12.7394, 16.8214) -> 6927 (11.8957, 17.5976)
    4571 (4.83997, 1.43169) -> 6378 (4.70268, 2.25059)
    4572 (12.2609, 8.86701) -> 5158 (11.0792, 8.30468)
    4573 (3.32411, -8.16512) -> 6282 (3.02536, -6.28762)
    4574 (9.23599, 27.9308) -> 9413 (8.94854, 27.5822)
    4575 (1.85296, -9.44911) -> 7700 (1.73993, -8.46193)
    4576 (16.4652, 16.0822) -> 6118 (15.1122, 16.8519)
    4577 (15.2605, 24.6437) -> 6515 (13.6569, 24.0919)
    4578 (16.9538, -3.44749) -> 9868 (15.8399, -2.84253)
    4579 (19.7477, 0.333407) -> 9947 (18.2876, 1.15028)
    4580 (21.0199, 13.1022) -> 9537 (19.4564, 14.2977)
    4581 (3.86135, -0.389652) -> 4606 (3.41867, 1.02536)
    4582 (0.69186, 15.5446) -> 0 (1, 15)
    4583 (15.1947, 11.4689) -> 8970 (14.4672, 10.0121)
    4584 (2.17281, -9.63715) -> 1971 (1.94256, -7.86101)
    4585 (4.80407, -0.043982) -> 5725 (4.36901, 0.845619)
    4586 (15.0024, -1.02065) -> 7724 (13.8523, -0.0247397)
    4587 (11.6582, -2.99256) -> 9878 (10.7178, -1.44041)
    4588 (18.6974, 15.7544) -> 4862 (17.4033, 16.3701)
    4589 (21.567, 19.6473) -> 7563 (20.5262, 19.6661)
    4590 (2.77161, 4.72357) -> 4603 (2.28044, 6.15803)
    4591 (5.23357, 13.9283) -> 2268 (3.83021, 14.2615)
    4592 (3.2606, -5.82505) -> 8232 (2.93134, -4.32328)
    4593 (11.3112, 28.4086) -> 9133 (11.2319, 28.3193)
    4594 (0.607962, 27.3447) -> 9188 (0.580756, 27.0656)
    4595 (20.7058, -2.70843) -> 9158 (20.2101, -2.45902)
    4596 (14.6294, 26.7874) -> 6279 (13.7153, 26.1582)
    4597 (9.0763, 8.53414) -> 8588 (8.03879, 8.59723)
    4598 (3.80931, 28.2819) -> 6552 (3.51494, 27.1437)
    4599 (1.21567, 24.1094) -> 3824 (1.25475, 22.4237)
    4600 (14.341, 13.5742) -> 9752 (14.9672, 15.196)
    4601 (2.88713, 13.4976) -> 8126 (1.98763, 14.1971)
    4602 (24.6437, 29.6039) -> 7381 (23.7857, 29.0552)
    4603 (2.28044, 6.15803) -> 8204 (2.23195, 6.84648)
    4604 (15.5501, 23.6892) -> 8047 (15.1575, 23.687)
    4605 (15.9995, 7.3829) -> 9535 (15.8798, 7.47779)
    4606 (3.41867, 1.02536) -> 6268 (3.23306, 1.8637)
    4607 (7.93073, -2.65489) -> 8150 (7.28244, -1.29945)
    4608 (18.3472, 29.6011) -> 6328 (16.6867, 28.5974)
    4609 (15.0962, -3.32931) -> 9748 (14.3187, -2.76937)
    4610 (22.9797, 26.6818) -> 9005 (22.0491, 26.2279)
    4611 (6.98823, -8.48719) -> 9002 (6.93006, -8.31548)
    4612 (18.8455, 21.1814) -> 9662 (17.347, 21.1501)
    4613 (23.446, 20.5561) -> 8427 (22.2295, 20.4089)
    4614 (0.0948287, 4.94204) -> 8920 (0.0414067, 6.50544)
    4615 (8.70501, -1.00915) -> 9311 (7.76397, 0.274581)
    4616 (15.549, -9.24664) -> 9744 (14.6867, -7.8307)
    4617 (5.76508, 12.3154) -> 4629 (4.19539, 12.9867)
    4618 (8.26823, 5.41135) -> 5660 (7.46689, 5.87557)
    4619 (13.2047, -6.05116) -> 4318 (12.5945, -5.18038)
    4620 (19.2884, 14.0972) -> 1019 (18.5203, 14.6806)
    4621 (4.1659, -5.2622) -> 9294 (3.88732, -3.83657)
    4622 (9.54936, 20.8477) -> 8821 (8.45312, 20.492)
    4623 (10.6624, 27.938) -> 6718 (10.4758, 27.7976)
    4624 (14.1962, 7.70505) -> 9517 (13.625, 7.36445)
    4625 (22.2217, 28.6715) -> 8461 (20.5338, 27.7726)
    4626 (7.25018, 21.0235) -> 9357 (6.33073, 20.3584)
    4627 (21.715, 5.63137) -> 7570 (19.8041, 5.83482)
    4628 (14.2039, 29.8031) -> 8670 (13.6738, 29.384)
    4629 (4.19539, 12.9867) -> 1283 (2.63412, 13.8938)
    4630 (23.1956, -2.48124) -> 7589 (21.4788, -1.61656)
    4631 (7.38775, 6.89391) -> 9989 (5.89813, 7.92229)
    4632 (15.2715, -4.33557) -> 9748 (14.3187, -2.76937)
    4633 (23.2923, 11.7386) -> 9935 (22.5277, 12.2189)
    4634 (13.656, 3.84349) -> 9139 (13.2931, 3.95796)
    4635 (11.363, 1.75181) -> 6337 (10.6925, 2.24253)
    4636 (11.9266, -2.4) -> 7661 (11.4286, -1.84786)
    4637 (21.0731, -6.26992) -> 7059 (19.9981, -5.40175)
    4638 (5.7387, 1.65846) -> 705 (5.0999, 3.25319)
    4639 (23.3791, -3.239) -> 8772 (21.8467, -2.22441)
    4640 (6.49229, 16.7342) -> 8309 (5.52078, 16.4849)
    4641 (20.4532, -2.68168) -> 9158 (20.2101, -2.45902)
    4642 (2.97501, 20.1999) -> 4549 (2.27976, 18.5576)
    4643 (13.8263, 11.0753) -> 9292 (13.9694, 9.43567)
    4644 (11.7199, -0.118697) -> 9827 (11.0151, 0.938682)
    4645 (0.248415, 6.29931) -> 7400 (0.361042, 7.411)
    4646 (20.2223, -5.07213) -> 8692 (20.1149, -4.97886)
    4647 (19.9496, -8.20953) -> 6871 (19.1187, -7.30954)
    4648 (17.0731, -6.71281) -> 9374 (15.7358, -5.6437)
    4649 (13.1548, -4.64118) -> 9243 (13.0286, -4.30382)
    4650 (22.5192, 8.16267) -> 8119 (21.9038, 8.16774)
    4651 (2.65686, 10.8028) -> 4167 (1.8664, 12.3684)
    4652 (10.8711, 3.82086) -> 7642 (9.43438, 4.83266)
    4653 (17.8338, -2.26932) -> 9307 (17.682, -2.22463)
    4654 (4.11946, 25.8125) -> 9482 (3.57273, 24.4615)
    4655 (0.0622715, 29.8057) -> 7427 (0.0239364, 28.4628)
    4656 (16.3345, 14.1874) -> 8650 (15.4053, 15.5324)
    4657 (19.1697, 0.877019) -> 9947 (18.2876, 1.15028)
    4658 (23.1179, 6.95538) -> 9824 (21.2582, 7.00366)
    4659 (13.9187, -4.48861) -> 7158 (12.8625, -3.24234)
    4660 (24.8265, -0.396683) -> 9600 (23.8946, 0.0293145)
    4661 (20.8156, -5.21922) -> 6858 (19.4152, -3.91363)
    4662 (18.0973, 20.5718) -> 9798 (16.4211, 20.8763)
    4663 (23.2679, 0.991351) -> 9783 (21.3565, 1.53674)
    4664 (11.8758, -0.522397) -> 8748 (11.4548, -0.00545873)
    4665 (15.7378, -6.09515) -> 9689 (15.0739, -4.58572)
    4666 (17.7912, 2.58761) -> 6058 (17.0198, 2.94774)
    4667 (17.3939, 12.2636) -> 9462 (16.8506, 13.9392)
    4668 (23.3949, -6.57213) -> 9987 (22.3655, -5.53596)
    4669 (16.1014, -4.17067) -> 9375 (15.4233, -3.47902)
    4670 (6.75072, 24.7527) -> 4348 (6.13408, 24.0655)
    4671 (12.0356, 4.62555) -> 6236 (11.3888, 4.90787)
    4672 (10.9222, 29.0321) -> 8415 (9.71936, 27.6391)
    4673 (7.61229, 24.7891) -> 9668 (6.60031, 23.3651)
    4674 (1.23464, 5.396) -> 9231 (1.18379, 5.89328)
    4675 (21.755, -3.3798) -> 7603 (21.145, -2.94821)
    4676 (24.8612, 19.4519) -> 8246 (23.0466, 19.4185)
    4677 (10.6802, 29.2805) -> 2574 (9.41066, 27.9751)
    4678 (21.6943, 25.1442) -> 9634 (21.4803, 25.0826)
    4679 (6.4228, -2.76337) -> 3220 (6.00784, -1.7478)
    4680 (18.7344, -6.15252) -> 9818 (17.961, -5.45656)
    4681 (10.5639, 17.5325) -> 8785 (10.2824, 17.6969)
    4682 (8.0962, 4.76239) -> 6970 (6.88434, 5.80374)
    4683 (8.53231, 8.66574) -> 4402 (8.08673, 8.77465)
    4684 (14.5764, 19.9504) -> 8465 (13.8643, 19.9475)
    4685 (14.3518, 15.2088) -> 5559 (14.3571, 15.3264)
    4686 (14.0556, 21.2317) -> 9144 (12.5634, 20.9255)
    4687 (2.6479, 8.04131) -> 2527 (1.94301, 9.69284)
    4688 (8.47101, 11.3545) -> 2437 (7.17632, 10.7086)
    4689 (24.8426, 7.45133) -> 7076 (24.4851, 7.49309)
    4690 (10.1846, -5.3402) -> 8682 (9.36831, -4.02031)
    4691 (7.66918, -0.116549) -> 7535 (6.69108, 1.21894)
    4692 (16.3026, 3.39752) -> 7978 (15.2581, 3.79888)
    4693 (12.0735, 25.1958) -> 8710 (11.9708, 24.9668)
    4694 (5.27691, 0.527023) -> 6378 (4.70268, 2.25059)
    4695 (12.6954, -4.80501) -> 9828 (11.6441, -3.44629)
    4696 (12.0491, 6.59508) -> 7985 (10.88, 6.79703)
    4697 (22.4637, 22.0103) -> 9010 (21.4056, 22.0571)
    4698 (6.95058, 13.2922) -> 4591 (5.23357, 13.9283)
    4699 (16.1031, 29.9387) -> 9890 (15.0526, 29.0288)
    4700 (9.865, 26.823) -> 8271 (8.88106, 25.784)
    4701 (1.29135, 6.56127) -> 580 (1.20615, 7.01079)
    4702 (6.85228, 23.091) -> 7113 (6.55131, 22.9122)
    4703 (17.2456, 17.9683) -> 5722 (16.4307, 18.2385)
    4704 (7.29474, 29.8796) -> 8999 (6.92341, 29.077)
    4705 (5.00465, 26.2616) -> 6668 (4.6905, 25.4759)
    4706 (10.7535, 29.0143) -> 8415 (9.71936, 27.6391)
    4707 (7.26189, 6.46125) -> 6065 (6.56756, 6.96821)
    4708 (21.2874, 19.6255) -> 7563 (20.5262, 19.6661)
    4709 (24.5138, -0.223798) -> 9600 (23.8946, 0.0293145)
    4710 (4.05862, 20.0929) -> 5456 (3.7527, 19.7255)
    4711 (23.4157, 18.9145) -> 9542 (22.6152, 18.9986)
    4712 (23.0477, 3.52524) -> 9057 (21.9697, 3.71983)
    4713 (17.1427, 29.7218) -> 7457 (15.7872, 28.6089)
    4714 (12.4999, -1.27526) -> 8809 (11.6734, -0.416002)
    4715 (1.59325, 20.5744) -> 9509 (1.36384, 19.1472)
    4716 (3.03237, 3.06601) -> 1378 (2.69941, 4.24102)
    4717 (17.3569, -7.45814) -> 9483 (16.6008, -5.91076)
    4718 (4.51547, 16.339) -> 2591 (2.6492, 15.6658)
    4719 (0.227774, 11.0114) -> 5658 (0.472084, 12.9099)
    4720 (19.066, 20.8098) -> 8708 (17.5396, 20.5848)
    4721 (0.991168, 29.6802) -> 8501 (0.9421, 28.7068)
    4722 (14.32, 14.8623) -> 9664 (14.1214, 16.3146)
    4723 (7.14566, -4.8964) -> 9287 (6.87803, -4.26656)
    4724 (9.93101, 17.9185) -> 8137 (8.48965, 17.8733)
    4725 (1.20301, 10.3092) -> 5371 (1.07748, 11.5002)
    4726 (11.1898, -2.39297) -> 9878 (10.7178, -1.44041)
    4727 (21.141, 2.044) -> 8316 (19.8331, 2.44742)
    4728 (9.01293, 10.333) -> 7188 (7.56192, 9.86799)
    4729 (5.62506, -6.34856) -> 6865 (5.5677, -5.83566)
    4730 (24.4663, 22.2287) -> 8036 (23.0464, 21.995)
    4731 (22.6777, 2.25288) -> 8380 (21.1937, 2.5461)
    4732 (10.3319, 29.2407) -> 4574 (9.23599, 27.9308)
    4733 (22.7071, -4.52538) -> 9957 (21.7025, -3.64424)
    4734 (21.6001, -2.49897) -> 7075 (20.5488, -1.89137)
    4735 (23.4231, -8.66152) -> 9690 (21.9085, -7.60447)
    4736 (15.8099, 17.3267) -> 7717 (15.0697, 17.5917)
    4737 (8.76674, -6.10898) -> 1963 (8.07709, -4.34945)
    4738 (7.53367, 0.653443) -> 8887 (6.93211, 1.34476)
    4739 (1.1456, 8.70754) -> 6017 (0.947566, 10.646)
    4740 (0.754637, 21.0876) -> 8767 (0.694801, 19.284)
    4741 (6.9136, -3.70608) -> 9955 (6.80093, -3.27384)
    4742 (16.0214, 7.3075) -> 5155 (15.7405, 7.29299)
    4743 (8.99234, 28.0569) -> 8615 (8.51049, 27.3456)
    4744 (22.8671, 21.9292) -> 9785 (21.9787, 21.6721)
    4745 (4.83742, 4.10533) -> 9620 (4.53465, 4.55372)
    4746 (15.6715, 14.5461) -> 8650 (15.4053, 15.5324)
    4747 (10.081, 5.30628) -> 9885 (8.54275, 5.8686)
    4748 (13.9892, 20.3983) -> 9959 (13.0929, 20.5849)
    4749 (2.7068, -6.62639) -> 1165 (2.75861, -5.99458)
    4750 (24.8438, -7.46505) -> 9889 (23.3943, -6.3993)
    4751 (20.4406, 28.0636) -> 9910 (20.4299, 28.047)
    4752 (7.16962, 1.5183) -> 8146 (6.18614, 3.07173)
    4753 (19.8842, 7.25691) -> 8949 (18.3201, 7.20018)
    4754 (3.63087, -3.52872) -> 9813 (3.55692, -1.70462)
    4755 (1.69456, -1.89586) -> 8761 (1.56123, -0.220925)
    4756 (18.0393, -7.67706) -> 8081 (17.4894, -7.11124)
    4757 (5.56529, 13.082) -> 116 (3.88102, 13.7986)
    4758 (10.7803, 28.5973) -> 8415 (9.71936, 27.6391)
    4759 (8.31221, -2.71991) -> 8464 (7.70319, -1.06909)
    4760 (12.8879, 5.5678) -> 9787 (12.5373, 5.77973)
    4761 (9.54906, 17.9103) -> 8137 (8.48965, 17.8733)
    4762 (7.73109, 24.001) -> 7113 (6.55131, 22.9122)
    4763 (24.5361, -5.22012) -> 9320 (23.6853, -4.622)
    4764 (20.4236, 24.996) -> 5580 (19.155, 24.4934)
    4765 (8.05086, 4.91018) -> 6970 (6.88434, 5.80374)
    4766 (20.9978, -1.08549) -> 9240 (20.7346, -0.74494)
    4767 (4.80738, 18.3796) -> 8892 (3.91768, 17.69)
    4768 (18.161, 13.3398) -> 7652 (17.3248, 14.1448)
    4769 (12.9692, 0.397237) -> 6699 (11.6451, 1.66881)
    4770 (9.53201, 22.3546) -> 2876 (8.75166, 21.9667)
    4771 (18.3147, -3.46247) -> 8452 (17.0542, -2.35745)
    4772 (9.95801, 8.2502) -> 9488 (9.67696, 8.27345)
    4773 (18.4448, 6.83972) -> 8631 (17.0285, 6.8537)
    4774 (1.57569, 19.0355) -> 3604 (1.52306, 18.7768)
    4775 (14.1403, 3.79045) -> 8760 (12.9944, 4.41179)
    4776 (11.7023, -6.26711) -> 5385 (10.6641, -4.90376)
    4777 (0.50554, 1.94562) -> 9453 (0.425198, 3.42662)
    4778 (21.2072, 8.26772) -> 8818 (19.7362, 8.83065)
    4779 (13.206, -0.327428) -> 7486 (11.9579, 0.494955)
    4780 (21.8004, 5.08304) -> 8571 (19.9725, 5.3074)
    4781 (20.2788, 27.7726) -> 8649 (18.9918, 27.2558)
    4782 (3.77542, 7.33397) -> 5076 (3.12821, 8.6836)
    4783 (15.9203, 25.3683) -> 5096 (14.1997, 24.6933)
    4784 (19.4446, 1.18582) -> 8853 (18.8387, 1.32787)
    4785 (8.42609, 6.51071) -> 7497 (6.86413, 7.38994)
    4786 (22.7305, -4.26858) -> 9618 (21.6821, -3.5596)
    4787 (13.2539, 9.08787) -> 8550 (12.3552, 8.61571)
    4788 (11.8599, -4.3657) -> 9942 (11.1408, -3.41385)
    4789 (7.84264, 24.0157) -> 7113 (6.55131, 22.9122)
    4790 (3.86903, -1.32488) -> 5059 (3.5248, 0.397923)
    4791 (13.7959, 29.0424) -> 8255 (13.7821, 29.0427)
    4792 (14.8163, 20.8565) -> 9959 (13.0929, 20.5849)
    4793 (16.8855, 4.43302) -> 7105 (15.4374, 4.8588)
    4794 (17.2639, 18.3776) -> 6840 (15.3084, 18.7382)
    4795 (23.8143, 17.6603) -> 8618 (22.2593, 17.8922)
    4796 (9.6709, 17.3195) -> 3189 (8.56402, 17.635)
    4797 (19.3015, 24.075) -> 6233 (17.7229, 23.648)
    4798 (15.9922, -3.49156) -> 8026 (14.9182, -2.53104)
    4799 (6.66621, 23.7812) -> 6975 (5.66813, 22.1964)
    4800 (8.35938, 28.6818) -> 6459 (7.35608, 27.3131)
    4801 (1.27289, 11.4467) -> 9590 (1.15035, 13.2446)
    4802 (8.81884, -5.65799) -> 5419 (8.4595, -4.74353)
    4803 (22.4324, 11.55) -> 230 (21.0891, 12.5146)
    4804 (9.51388, 3.99748) -> 9993 (9.446, 4.09407)
    4805 (11.1699, 26.7964) -> 6767 (9.7092, 25.4674)
    4806 (20.3006, 28.0556) -> 8182 (18.5316, 27.1304)
    4807 (19.8875, 28.2207) -> 4131 (18.4394, 27.6363)
    4808 (17.7852, -8.48655) -> 6298 (17.5375, -8.13884)
    4809 (1.31164, -2.34191) -> 7487 (1.31525, -1.73463)
    4810 (23.8947, 22.1021) -> 9785 (21.9787, 21.6721)
    4811 (16.5288, 9.58766) -> 9720 (15.9686, 9.40547)
    4812 (10.0748, 27.3698) -> 9060 (8.86945, 26.2036)
    4813 (9.8222, -3.43579) -> 8145 (9.13475, -2.60681)
    4814 (24.6815, 25.4387) -> 9570 (22.9128, 24.9902)
    4815 (3.04654, 0.301467) -> 4882 (2.98313, 1.12723)
    4816 (5.09085, 14.3632) -> 535 (4.21326, 14.475)
    4817 (12.8951, 28.6577) -> 8590 (12.2203, 28.0397)
    4818 (20.7594, 22.3144) -> 8876 (18.9551, 22.0757)
    4819 (16.8481, -8.45018) -> 7606 (15.6529, -7.29914)
    4820 (15.8342, 27.0732) -> 7246 (14.8944, 26.6924)
    4821 (17.8362, 17.1534) -> 9561 (17.5357, 17.2129)
    4822 (3.3557, -1.59506) -> 4815 (3.04654, 0.301467)
    4823 (18.0316, 3.21595) -> 8212 (17.2214, 3.47125)
    4824 (11.9436, 5.75719) -> 8726 (10.6483, 6.14202)
    4825 (18.7567, 3.1195) -> 8212 (17.2214, 3.47125)
    4826 (3.60564, 23.0991) -> 6852 (2.96219, 21.5667)
    4827 (15.065, 20.4354) -> 9959 (13.0929, 20.5849)
    4828 (23.4757, 16.2214) -> 8087 (21.5754, 16.6631)
    4829 (24.5827, 17.8668) -> 6888 (22.8041, 18.2982)
    4830 (9.00056, 25.0039) -> 6601 (7.58283, 23.7069)
    4831 (0.36794, 26.2603) -> 9574 (0.325148, 25.0509)
    4832 (23.088, 11.2371) -> 8114 (21.687, 12.2941)
    4833 (20.7281, 10.5583) -> 9608 (18.9051, 9.80152)
    4834 (5.21297, 28.5897) -> 9080 (4.54243, 26.9068)
    4835 (21.2872, 21.6087) -> 9310 (20.4591, 21.4651)
    4836 (4.57683, 10.7194) -> 2734 (3.17973, 12.0685)
    4837 (0.907758, 14.8928) -> 0 (1, 15)
    4838 (10.8053, -4.24341) -> 8718 (10.6008, -3.76812)
    4839 (11.8686, -9.60982) -> 7538 (10.9336, -7.98306)
    4840 (13.0541, 28.436) -> 9190 (11.9784, 27.462)
    4841 (14.8485, 10.9648) -> 9292 (13.9694, 9.43567)
    4842 (2.15531, -2.93829) -> 9160 (2.00798, -1.10523)
    4843 (18.2691, 21.5895) -> 8498 (17.2262, 21.668)
    4844 (17.3788, 2.70649) -> 9278 (16.7642, 3.03212)
    4845 (16.561, 2.24246) -> 7995 (15.2463, 2.84104)
    4846 (10.6526, 26.0733) -> 8584 (9.47819, 25.0399)
    4847 (10.4779, 27.6467) -> 6277 (9.93584, 27.1872)
    4848 (4.1207, -1.64278) -> 6137 (4.1128, -1.14109)
    4849 (24.9928, 13.0448) -> 6043 (24.4995, 13.31)
    4850 (21.8378, 29.7446) -> 7311 (20.8092, 29.1673)
    4851 (18.8544, 19.146) -> 9660 (18.6597, 19.1555)
    4852 (11.4362, -4.34242) -> 9635 (10.9209, -3.60493)
    4853 (8.85902, 3.73605) -> 8788 (8.53257, 3.95369)
    4854 (3.11374, 18.1356) -> 7990 (1.99807, 16.6932)
    4855 (11.0358, 26.1396) -> 8584 (9.47819, 25.0399)
    4856 (14.029, -0.562585) -> 5427 (12.4973, 0.532536)
    4857 (10.0283, -0.956979) -> 7944 (8.97391, 0.530484)
    4858 (18.2866, 25.3151) -> 7852 (16.8688, 24.7495)
    4859 (1.02804, 17.0028) -> 4457 (0.978624, 15.8582)
    4860 (12.0859, 19.6494) -> 8381 (10.2802, 19.7795)
    4861 (7.26099, 20.1942) -> 3447 (6.33003, 19.6874)
    4862 (17.4033, 16.3701) -> 9487 (16.2417, 16.9546)
    4863 (17.1859, 16.679) -> 9029 (16.4289, 17.0193)
    4864 (23.0706, -8.92613) -> 7597 (21.9307, -7.80088)
    4865 (24.2506, -4.30023) -> 7802 (24.0385, -4.24364)
    4866 (14.7709, -2.18671) -> 7562 (13.5959, -0.967981)
    4867 (21.5311, 28.6982) -> 9910 (20.4299, 28.047)
    4868 (10.5521, -3.32356) -> 8421 (9.95989, -2.64228)
    4869 (14.5698, 23.7259) -> 9383 (12.7386, 23.1338)
    4870 (19.1947, -3.02056) -> 9548 (17.9539, -1.78402)
    4871 (20.456, 24.321) -> 9285 (19.4152, 23.8806)
    4872 (0.565091, 1.30542) -> 2907 (0.532038, 2.70215)
    4873 (20.1547, 5.89254) -> 8237 (18.6089, 6.22402)
    4874 (15.9627, -4.98152) -> 9260 (15.3998, -4.38527)
    4875 (4.58123, 9.14278) -> 9573 (3.50105, 10.4519)
    4876 (14.0359, 10.8709) -> 9292 (13.9694, 9.43567)
    4877 (10.7036, 28.4738) -> 6131 (10.1245, 27.7646)
    4878 (16.6056, 28.1457) -> 9630 (15.1838, 27.0533)
    4879 (8.86285, -4.54458) -> 8883 (8.42073, -3.33901)
    4880 (0.938202, -5.82972) -> 7345 (0.887997, -4.36562)
    4881 (23.1477, 20.2252) -> 9204 (21.1878, 20.2233)
    4882 (2.98313, 1.12723) -> 5402 (2.65107, 2.81959)
    4883 (6.21234, -9.44636) -> 7685 (5.66615, -7.559)
    4884 (7.96995, 7.45007) -> 4081 (7.64035, 7.62261)
    4885 (22.0204, 0.575665) -> 2339 (20.3156, 1.22422)
    4886 (14.3111, -5.06655) -> 1419 (12.9391, -3.61681)
    4887 (1.5317, 20.734) -> 9509 (1.36384, 19.1472)
    4888 (16.9475, 18.8748) -> 9954 (15.7407, 18.9321)
    4889 (18.6551, -3.51136) -> 8452 (17.0542, -2.35745)
    4890 (24.7443, -5.28976) -> 9264 (23.2565, -4.13449)
    4891 (13.3893, 2.93696) -> 5190 (12.2806, 3.4895)
    4892 (2.6165, 9.98761) -> 5028 (2.29753, 10.6675)
    4893 (23.744, 18.0337) -> 7030 (22.3773, 18.2565)
    4894 (20.6104, 3.24963) -> 9295 (19.4815, 3.63954)
    4895 (14.0647, 0.604767) -> 7108 (13.0324, 1.74233)
    4896 (7.77147, -4.11236) -> 9585 (7.4263, -3.52288)
    4897 (8.13051, 17.3406) -> 5894 (6.98266, 17.3339)
    4898 (17.3416, 29.247) -> 9015 (15.6406, 28.3024)
    4899 (12.9596, 26.9858) -> 7560 (11.9578, 26.2599)
    4900 (19.2145, 16.0997) -> 9902 (18.8825, 16.2968)
    4901 (6.70486, -8.5794) -> 6859 (6.14133, -7.12007)
    4902 (5.63061, 18.2747) -> 6257 (5.32366, 18.1785)
    4903 (9.21829, 3.37612) -> 8788 (8.53257, 3.95369)
    4904 (19.5596, 7.37509) -> 8603 (17.6746, 7.23709)
    4905 (5.29369, -3.72112) -> 6830 (4.81644, -2.30926)
    4906 (21.6852, -7.57488) -> 9410 (20.4971, -6.34004)
    4907 (3.44065, 15.4087) -> 2816 (2.31313, 15.1981)
    4908 (17.3377, -7.34834) -> 9483 (16.6008, -5.91076)
    4909 (9.25624, 6.71624) -> 8318 (8.12547, 7.16719)
    4910 (16.1516, 19.1267) -> 9954 (15.7407, 18.9321)
    4911 (7.64603, 18.3507) -> 2417 (7.29702, 18.3069)
    4912 (8.70467, 9.20231) -> 5379 (8.30871, 9.1787)
    4913 (10.1156, 19.0037) -> 9114 (9.02317, 18.9905)
    4914 (23.4809, 7.18995) -> 8473 (23.1001, 7.18398)
    4915 (4.12762, 22.7829) -> 215 (3.58544, 21.9188)
    4916 (2.85119, 2.74007) -> 9844 (2.45667, 4.58842)
    4917 (2.92153, 11.7855) -> 8852 (1.90444, 13.2898)
    4918 (24.7503, -5.21685) -> 9264 (23.2565, -4.13449)
    4919 (5.51945, 19.3447) -> 2084 (4.90227, 18.7657)
    4920 (5.44718, 1.26367) -> 7025 (4.58367, 2.64919)
    4921 (9.41735, 1.32687) -> 9085 (8.34466, 2.71539)
    4922 (22.6447, -6.76726) -> 8328 (21.9324, -6.41437)
    4923 (14.3542, 6.17291) -> 7868 (14.2772, 6.17205)
    4924 (24.3502, 3.46937) -> 8732 (22.7929, 3.82718)
    4925 (16.4674, 26.035) -> 8339 (15.1582, 25.5675)
    4926 (1.74035, -1.92857) -> 8761 (1.56123, -0.220925)
    4927 (16.622, 21.9111) -> 8568 (15.5719, 21.7594)
    4928 (4.43812, 3.78571) -> 7397 (4.06879, 4.64896)
    4929 (10.1865, -5.8861) -> 9043 (9.43811, -4.42768)
    4930 (8.96325, 0.0431493) -> 9068 (8.17616, 0.992723)
    4931 (23.1303, -9.64738) -> 7490 (22.546, -9.15292)
    4932 (22.3305, 17.1028) -> 9642 (21.7469, 17.244)
    4933 (7.20906, 27.2048) -> 7736 (6.75638, 26.5442)
    4934 (16.7687, 5.00329) -> 9854 (16.2688, 5.11156)
    4935 (16.6537, -1.00594) -> 9350 (16.0234, -0.450021)
    4936 (7.69314, 1.80845) -> 4332 (6.73211, 3.04001)
    4937 (6.19219, 9.61708) -> 3910 (4.64587, 10.6158)
    4938 (8.71563, -6.50335) -> 6315 (8.12808, -5.33168)
    4939 (6.8899, 24.2715) -> 9762 (6.552, 23.9775)
    4940 (18.4997, 20.539) -> 8596 (17.0108, 20.4908)
    4941 (18.1386, 5.06547) -> 6342 (16.72, 5.24824)
    4942 (9.60926, 17.1185) -> 3189 (8.56402, 17.635)
    4943 (0.751929, 24.3792) -> 6363 (0.622728, 22.467)
    4944 (1.55115, 0.353563) -> 3557 (1.21103, 2.32366)
    4945 (17.7135, 17.7017) -> 5722 (16.4307, 18.2385)
    4946 (1.79397, 21.792) -> 8889 (1.5551, 20.5019)
    4947 (9.03421, 20.1318) -> 5383 (7.1327, 19.5985)
    4948 (23.0929, 22.5688) -> 8536 (22.7773, 22.6532)
    4949 (18.1157, -1.39485) -> 9239 (16.9917, -0.378895)
    4950 (19.0885, 26.3324) -> 5807 (18.06, 25.9013)
    4951 (22.4192, 10.129) -> 8147 (22.0062, 10.0238)
    4952 (12.8027, 27.8273) -> 8385 (12.0259, 27.3131)
    4953 (16.8883, -9.82042) -> 4282 (15.8324, -8.47231)
    4954 (8.02682, 14.503) -> 754 (6.04084, 14.4751)
    4955 (2.16936, 23.2429) -> 6929 (1.81692, 21.7726)
    4956 (10.9587, 5.31105) -> 3135 (10.2795, 5.78041)
    4957 (23.1088, 9.16766) -> 8122 (22.0077, 8.9798)
    4958 (13.1285, 21.1648) -> 9144 (12.5634, 20.9255)
    4959 (22.5142, 17.5302) -> 9019 (20.8371, 17.9224)
    4960 (2.84854, 27.2117) -> 9194 (2.42399, 25.6444)
    4961 (15.3014, 8.53027) -> 9032 (14.8962, 8.53304)
    4962 (21.2684, -2.38948) -> 9915 (19.9448, -1.55512)
    4963 (9.84356, 22.1192) -> 8262 (9.10298, 21.6499)
    4964 (24.852, -7.76228) -> 9009 (23.3603, -6.7777)
    4965 (4.07105, -4.94067) -> 5029 (3.93726, -4.30382)
    4966 (5.91125, 13.9076) -> 5300 (4.16211, 14.2486)
    4967 (19.9787, -3.71576) -> 8806 (19.3156, -3.03331)
    4968 (12.9445, 2.87715) -> 9099 (11.3825, 3.78052)
    4969 (21.4504, 27.5025) -> 3037 (19.7867, 26.7432)
    4970 (17.7647, 27.6394) -> 6978 (16.9357, 27.1923)
    4971 (2.33409, -1.39679) -> 6443 (1.94812, 0.296715)
    4972 (24.7829, 5.29173) -> 9688 (24.0626, 5.23557)
    4973 (18.2824, 16.629) -> 9007 (16.5746, 17.3794)
    4974 (8.2868, 10.2843) -> 2454 (6.88727, 10.241)
    4975 (5.50097, 25.4287) -> 9956 (4.87384, 24.0373)
    4976 (20.1399, 14.9717) -> 4588 (18.6974, 15.7544)
    4977 (7.83406, 22.1277) -> 1217 (7.22306, 21.7952)
    4978 (0.348725, 25.062) -> 8148 (0.430911, 24.825)
    4979 (7.39958, -1.67029) -> 8150 (7.28244, -1.29945)
    4980 (3.34011, 3.62054) -> 7881 (2.89761, 5.05798)
    4981 (9.69381, 27.8936) -> 6655 (8.52566, 26.4765)
    4982 (20.6967, -1.22668) -> 8950 (20.2301, -0.891387)
    4983 (4.4895, 19.8891) -> 7023 (4.4545, 19.8697)
    4984 (5.11703, 26.4058) -> 6668 (4.6905, 25.4759)
    4985 (6.61641, 24.9535) -> 8441 (5.97502, 24.174)
    4986 (23.8332, -0.694117) -> 658 (22.1644, 0.0983996)
    4987 (23.1879, 20.4999) -> 8427 (22.2295, 20.4089)
    4988 (3.53094, 13.3477) -> 1283 (2.63412, 13.8938)
    4989 (5.28987, 14.4471) -> 3689 (4.43565, 14.5611)
    4990 (9.52077, 8.5535) -> 8588 (8.03879, 8.59723)
    4991 (10.9314, -4.42357) -> 8718 (10.6008, -3.76812)
    4992 (13.984, 4.90414) -> 9087 (13.7542, 4.83996)
    4993 (16.494, 7.20476) -> 9745 (15.676, 7.15367)
    4994 (19.0764, 19.1884) -> 9660 (18.6597, 19.1555)
    4995 (19.2442, 8.77643) -> 6025 (17.5648, 8.48601)
    4996 (7.40621, -8.10924) -> 9124 (7.14167, -6.63745)
    4997 (18.7334, 21.5171) -> 7440 (17.1539, 21.2944)
    4998 (5.74899, 24.9007) -> 954 (5.05745, 23.8315)
    4999 (9.79803, 21.5155) -> 7703 (8.96, 20.9428)
    5000 (21.3082, 0.879219) -> 6509 (19.9215, 1.42856)
    5001 (3.52288, 18.7453) -> 6352 (2.71191, 17.6626)
    5002 (14.7917, 27.6779) -> 6866 (13.2027, 26.5627)
    5003 (24.9868, 11.8584) -> 6265 (23.5472, 12.7039)
    5004 (24.1444, 10.3878) -> 9963 (23.3986, 10.1167)
    5005 (8.58473, 24.3956) -> 9395 (7.30146, 23.1466)
    5006 (15.9579, 2.60666) -> 9031 (15.5713, 2.95353)
    5007 (11.673, -5.897) -> 8811 (11.5789, -5.68171)
    5008 (21.3034, 20.5989) -> 9419 (19.3625, 20.4254)
    5009 (20.5686, 11.7908) -> 2786 (19.1887, 13.0124)
    5010 (19.4276, 5.32051) -> 8171 (17.5641, 5.6569)
    5011 (18.4314, 4.74355) -> 9121 (17.0261, 5.1943)
    5012 (20.4287, 7.89098) -> 5859 (19.2186, 7.66588)
    5013 (20.0808, -4.1545) -> 7695 (18.804, -3.39213)
    5014 (1.29683, -7.0265) -> 1487 (1.24485, -5.70198)
    5015 (10.473, 7.67847) -> 9857 (8.66962, 7.84554)
    5016 (10.0194, 3.71434) -> 9993 (9.446, 4.09407)
    5017 (23.1491, -9.01913) -> 7597 (21.9307, -7.80088)
    5018 (3.74621, 18.5027) -> 8412 (3.06277, 17.8147)
    5019 (4.40171, -4.11968) -> 8366 (4.06864, -2.84599)
    5020 (23.8072, -8.44182) -> 9053 (23.1607, -7.95616)
    5021 (3.86847, 22.8679) -> 8824 (3.31495, 21.7714)
    5022 (10.0222, 4.51395) -> 7642 (9.43438, 4.83266)
    5023 (13.3844, 18.228) -> 7806 (12.0807, 18.4735)
    5024 (14.9375, 1.91624) -> 7885 (13.4916, 2.5268)
    5025 (18.9158, -4.72882) -> 564 (17.7199, -3.77377)
    5026 (6.94999, 21.7644) -> 9914 (6.09496, 21.274)
    5027 (8.85796, 4.90224) -> 5660 (7.46689, 5.87557)
    5028 (2.29753, 10.6675) -> 4167 (1.8664, 12.3684)
    5029 (3.93726, -4.30382) -> 6039 (3.41856, -2.50176)
    5030 (0.200471, 14.6489) -> 0 (1, 15)
    5031 (1.50502, 7.11658) -> 6770 (1.19245, 8.60645)
    5032 (0.507822, -5.3305) -> 7954 (0.410325, -3.65227)
    5033 (5.21793, 4.76017) -> 1979 (4.30325, 6.34381)
    5034 (7.51419, 6.22035) -> 6065 (6.56756, 6.96821)
    5035 (6.31575, 28.8553) -> 5735 (5.52788, 27.1544)
    5036 (19.6464, 14.4495) -> 9403 (19.1281, 14.7473)
    5037 (2.76581, 25.6606) -> 8359 (2.44451, 24.0601)
    5038 (21.6358, 16.3577) -> 8745 (20.1226, 16.8208)
    5039 (0.518746, 4.6629) -> 3953 (0.509556, 6.54674)
    5040 (15.2136, 18.983) -> 5569 (13.856, 19.1534)
    5041 (2.406, 9.57323) -> 9997 (1.91644, 11.1023)
    5042 (20.8548, -6.56085) -> 6221 (19.8606, -5.85047)
    5043 (12.775, -7.13767) -> 8811 (11.5789, -5.68171)
    5044 (19.6043, 8.38579) -> 9895 (18.7771, 7.97979)
    5045 (11.0964, -9.56993) -> 5131 (10.5035, -8.09702)
    5046 (1.14898, -5.39721) -> 9338 (0.985117, -3.52118)
    5047 (18.2315, 3.20739) -> 8212 (17.2214, 3.47125)
    5048 (21.1671, 25.8081) -> 8915 (21.03, 25.7927)
    5049 (12.7485, -3.75035) -> 9376 (12.1545, -2.96131)
    5050 (0.194145, 24.8624) -> 7148 (0.287977, 23.6326)
    5051 (20.1059, 23.7513) -> 1385 (18.9306, 23.284)
    5052 (11.3951, 26.9511) -> 2158 (10.5617, 26.4682)
    5053 (20.477, 17.6413) -> 8251 (19.3983, 17.5947)
    5054 (21.3687, -0.0644635) -> 9604 (20.1194, 0.483139)
    5055 (14.524, 13.9221) -> 9752 (14.9672, 15.196)
    5056 (23.2675, 29.903) -> 9796 (21.9634, 28.9188)
    5057 (15.3004, 24.4678) -> 7825 (14.0176, 23.9197)
    5058 (22.4298, -3.49363) -> 7981 (20.9539, -2.60339)
    5059 (3.5248, 0.397923) -> 6268 (3.23306, 1.8637)
    5060 (15.0343, 4.859) -> 9760 (13.3097, 5.28699)
    5061 (1.77604, 19.2139) -> 8017 (1.46209, 17.849)
    5062 (1.87674, 15.4324) -> 0 (1, 15)
    5063 (7.18354, 13.5616) -> 4591 (5.23357, 13.9283)
    5064 (22.7155, -0.947398) -> 8940 (22.0387, -0.685445)
    5065 (2.60621, 29.357) -> 2904 (2.2879, 27.8022)
    5066 (13.2565, 10.4892) -> 8100 (13.2796, 9.06659)
    5067 (3.69864, 17.0957) -> 9694 (2.61437, 16.313)
    5068 (18.5496, 20.2243) -> 9738 (17.5628, 20.0208)
    5069 (4.87857, 26.2104) -> 1351 (4.18456, 24.9769)
    5070 (13.8357, -5.78188) -> 9243 (13.0286, -4.30382)
    5071 (1.803, -1.7922) -> 8761 (1.56123, -0.220925)
    5072 (2.39924, -2.04887) -> 9228 (2.24851, -1.25066)
    5073 (10.7158, 25.3125) -> 6506 (10.4172, 25.1103)
    5074 (4.06535, 12.1441) -> 7203 (2.76163, 13.2524)
    5075 (20.0587, -5.18006) -> 8319 (19.6854, -4.80135)
    5076 (3.12821, 8.6836) -> 2243 (2.5714, 9.76676)
    5077 (1.87012, 18.8732) -> 7722 (1.46578, 17.3115)
    5078 (3.69671, 3.46524) -> 2938 (2.94125, 5.25763)
    5079 (4.34452, -1.50837) -> 8383 (4.19924, -0.40752)
    5080 (9.65052, 6.99171) -> 6935 (7.86341, 7.53351)
    5081 (20.1214, 19.8834) -> 9725 (19.2217, 19.8288)
    5082 (5.48727, 11.4502) -> 5308 (5.33584, 11.6009)
    5083 (12.6865, 0.53431) -> 3692 (11.2462, 1.68577)
    5084 (9.9253, 22.019) -> 8262 (9.10298, 21.6499)
    5085 (20.1014, -8.45875) -> 9330 (19.9566, -8.30693)
    5086 (11.416, 6.1652) -> 6784 (10.2465, 6.4601)
    5087 (10.8728, 24.604) -> 3456 (9.64197, 23.9355)
    5088 (17.667, 11.2215) -> 9369 (17.0269, 10.6829)
    5089 (6.07169, -8.52684) -> 4144 (5.6669, -7.18409)
    5090 (3.14968, 18.0292) -> 7159 (2.29248, 16.871)
    5091 (12.5591, 25.1696) -> 9547 (11.8318, 24.5391)
    5092 (5.06651, 25.9765) -> 6668 (4.6905, 25.4759)
    5093 (14.8396, 16.6699) -> 9420 (14.0915, 17.2504)
    5094 (20.7911, 0.741999) -> 8542 (20.0062, 1.02215)
    5095 (19.4216, 8.93809) -> 8917 (18.5075, 9.04693)
    5096 (14.1997, 24.6933) -> 8665 (12.958, 24.187)
    5097 (5.03702, 6.91057) -> 9382 (4.10485, 8.22871)
    5098 (17.5833, 19.0378) -> 9823 (17.6258, 19.065)
    5099 (12.7422, 27.5735) -> 9126 (11.7454, 26.3522)
    5100 (16.6451, -8.44889) -> 7606 (15.6529, -7.29914)
    5101 (5.83951, 12.3554) -> 4629 (4.19539, 12.9867)
    5102 (4.77902, 5.57602) -> 1979 (4.30325, 6.34381)
    5103 (19.7869, -1.40161) -> 7320 (18.2897, -0.437695)
    5104 (6.01027, 23.6728) -> 1713 (5.6925, 23.3407)
    5105 (16.8756, 14.1616) -> 9677 (16.1065, 15.2709)
    5106 (19.2113, -3.3242) -> 7704 (17.5937, -2.34061)
    5107 (24.6309, 27.9957) -> 8905 (23.1348, 27.4678)
    5108 (13.7813, -4.48558) -> 7158 (12.8625, -3.24234)
    5109 (10.5681, -2.51592) -> 1500 (9.88101, -1.60342)
    5110 (24.3013, 11.2603) -> 9938 (22.6537, 12.3606)
    5111 (20.2232, -2.73119) -> 9138 (19.4167, -2.16136)
    5112 (6.48883, -9.90699) -> 9691 (5.90363, -8.50283)
    5113 (24.1633, 26.1656) -> 9758 (23.2826, 25.7926)
    5114 (23.7882, -1.39256) -> 8940 (22.0387, -0.685445)
    5115 (5.37883, -3.5737) -> 8208 (4.94755, -2.38453)
    5116 (21.2015, 13.2404) -> 9478 (19.5972, 14.3001)
    5117 (23.1961, -4.67391) -> 9957 (21.7025, -3.64424)
    5118 (7.90769, 23.9921) -> 6601 (7.58283, 23.7069)
    5119 (23.8785, -7.95237) -> 8511 (22.7258, -6.56421)
    5120 (0.576789, 8.88089) -> 7078 (0.592428, 10.2563)
    5121 (9.06815, 6.55619) -> 8681 (7.66372, 7.13526)
    5122 (12.9335, 17.2184) -> 4505 (12.3279, 17.6078)
    5123 (22.0855, 24.1168) -> 8200 (20.7713, 23.8469)
    5124 (6.01634, -4.03233) -> 8028 (5.69345, -3.12663)
    5125 (19.854, 7.61525) -> 9628 (18.0432, 7.50915)
    5126 (3.61449, 7.19921) -> 8554 (2.81367, 8.71359)
    5127 (15.446, 15.9778) -> 9420 (14.0915, 17.2504)
    5128 (17.2233, 13.1385) -> 9462 (16.8506, 13.9392)
    5129 (17.2424, -1.76169) -> 221 (16.7768, -1.39993)
    5130 (7.54702, 7.81087) -> 4098 (6.16791, 8.63148)
    5131 (10.5035, -8.09702) -> 5375 (9.86491, -6.80169)
    5132 (20.2651, 17.4816) -> 5644 (19.7587, 17.5875)
    5133 (10.8241, 29.0094) -> 8415 (9.71936, 27.6391)
    5134 (3.03937, 5.67116) -> 5805 (2.49526, 7.58573)
    5135 (2.05341, 9.36745) -> 1244 (1.69579, 10.7994)
    5136 (7.20955, -8.57499) -> 9719 (6.62365, -7.06395)
    5137 (4.66373, 7.68599) -> 5477 (3.84615, 8.65394)
    5138 (5.41295, 13.9753) -> 2268 (3.83021, 14.2615)
    5139 (4.86473, 7.48825) -> 5477 (3.84615, 8.65394)
    5140 (21.4924, 15.9121) -> 4374 (20.2238, 16.3783)
    5141 (21.9599, 8.59669) -> 6153 (20.4607, 8.08988)
    5142 (6.85671, 12.9957) -> 5440 (5.34721, 13.4869)
    5143 (13.9883, 25.9691) -> 5373 (12.3839, 25.0821)
    5144 (24.1179, 2.59469) -> 5293 (22.9445, 3.06877)
    5145 (17.1548, 7.16951) -> 9745 (15.676, 7.15367)
    5146 (10.6446, 6.59281) -> 9931 (9.67137, 6.83004)
    5147 (3.84268, 3.25707) -> 5078 (3.69671, 3.46524)
    5148 (10.3413, 5.26787) -> 6258 (9.72645, 5.43284)
    5149 (13.2359, 29.1956) -> 9575 (12.8356, 28.8293)
    5150 (11.5651, 22.415) -> 7198 (10.5044, 21.878)
    5151 (15.5921, 18.9905) -> 8266 (13.9526, 19.3918)
    5152 (2.48266, 15.0995) -> 0 (1, 15)
    5153 (19.044, 6.39541) -> 8035 (18.7033, 6.45261)
    5154 (15.3364, 6.41145) -> 8576 (14.0134, 6.57714)
    5155 (15.7405, 7.29299) -> 7122 (13.9152, 7.13185)
    5156 (2.09513, 22.4164) -> 5178 (1.78023, 20.6268)
    5157 (3.24175, 2.77717) -> 1378 (2.69941, 4.24102)
    5158 (11.0792, 8.30468) -> 7883 (9.59762, 7.99528)
    5159 (9.72754, 1.62322) -> 9047 (8.95219, 2.46103)
    5160 (3.61989, 16.1422) -> 5062 (1.87674, 15.4324)
    5161 (14.6397, -0.469549) -> 8786 (13.6426, 0.48389)
    5162 (17.8637, 18.8484) -> 9823 (17.6258, 19.065)
    5163 (8.83812, -5.90844) -> 5370 (8.41062, -5.05001)
    5164 (24.1307, -3.28853) -> 9306 (22.9158, -1.99939)
    5165 (24.0667, 0.607785) -> 9866 (23.5873, 1.092)
    5166 (16.1348, 16.4684) -> 2945 (15.6302, 16.6857)
    5167 (21.9344, 11.8901) -> 230 (21.0891, 12.5146)
    5168 (5.55698, 12.731) -> 116 (3.88102, 13.7986)
    5169 (7.03933, 23.0128) -> 7297 (6.31893, 22.2735)
    5170 (16.6618, 26.1642) -> 8339 (15.1582, 25.5675)
    5171 (16.355, -4.56384) -> 8816 (16.2526, -4.49698)
    5172 (0.0728854, -0.967063) -> 7730 (0.138963, 0.850484)
    5173 (12.9872, 22.7046) -> 3264 (11.874, 22.2669)
    5174 (15.5432, 26.0567) -> 9786 (14.0769, 25.4582)
    5175 (11.6283, 21.3063) -> 8320 (10.737, 21.0482)
    5176 (1.25212, 22.2465) -> 618 (1.16487, 20.9014)
    5177 (20.1652, 18.1431) -> 7705 (18.5201, 18.4057)
    5178 (1.78023, 20.6268) -> 62 (1.68001, 19.7766)
    5179 (10.1728, 9.40375) -> 412 (8.32997, 8.85037)
    5180 (19.3951, -9.05544) -> 8901 (18.1709, -7.79705)
    5181 (14.9211, 6.77346) -> 3229 (13.7997, 6.79888)
    5182 (22.3699, 13.2067) -> 2639 (21.5817, 13.7517)
    5183 (5.40933, 26.572) -> 6668 (4.6905, 25.4759)
    5184 (20.6611, 24.3686) -> 9285 (19.4152, 23.8806)
    5185 (11.128, 0.757555) -> 9827 (11.0151, 0.938682)
    5186 (10.8805, 23.8198) -> 8552 (9.76822, 23.1086)
    5187 (0.341737, 17.7059) -> 7184 (0.653654, 16.2587)
    5188 (3.06971, 1.50512) -> 2366 (2.5684, 3.36161)
    5189 (7.66547, 9.35726) -> 5713 (7.28303, 9.39823)
    5190 (12.2806, 3.4895) -> 7422 (11.1528, 4.13169)
    5191 (24.5874, 19.6831) -> 9430 (24.5175, 19.6945)
    5192 (19.0416, 4.39145) -> 9865 (17.4766, 4.80136)
    5193 (18.8334, 22.1205) -> 7191 (18.7182, 22.0997)
    5194 (18.7119, -2.9616) -> 8967 (17.2541, -2.07038)
    5195 (12.7773, -7.79215) -> 8952 (12.6079, -7.51522)
    5196 (15.0074, 25.358) -> 9396 (14.7054, 25.0889)
    5197 (20.8885, -7.58296) -> 9393 (19.9663, -7.0004)
    5198 (18.0004, 1.14112) -> 9973 (16.9232, 1.81965)
    5199 (23.4753, 18.4273) -> 9577 (21.9744, 18.711)
    5200 (0.0407882, -7.07982) -> 6757 (0.0447817, -5.16196)
    5201 (23.9467, 22.4922) -> 8130 (22.9165, 22.3727)
    5202 (6.01692, 29.8864) -> 9092 (5.60403, 28.9573)
    5203 (5.79805, -0.703627) -> 8827 (5.4525, 0.0480275)
    5204 (11.4853, 20.9586) -> 9801 (10.9914, 20.8289)
    5205 (24.6058, -3.99643) -> 7467 (23.475, -3.19853)
    5206 (7.10726, -1.57554) -> 3687 (6.28664, 0.123256)
    5207 (1.52959, 17.1839) -> 1435 (1.06928, 15.4541)
    5208 (2.35845, -4.54527) -> 9363 (2.44071, -3.65748)
    5209 (12.4622, 0.971473) -> 6699 (11.6451, 1.66881)
    5210 (0.685492, -5.32637) -> 9743 (0.665055, -4.7036)
    5211 (17.216, 12.1764) -> 7812 (16.793, 13.7749)
    5212 (5.26209, 9.44153) -> 2435 (4.98562, 9.69557)
    5213 (15.5446, 1.5094) -> 7960 (14.0983, 2.4534)
    5214 (22.7134, -4.55604) -> 9957 (21.7025, -3.64424)
    5215 (17.5264, 21.0197) -> 9798 (16.4211, 20.8763)
    5216 (21.63, 25.6186) -> 8166 (19.8137, 24.9526)
    5217 (17.3554, 7.70196) -> 9535 (15.8798, 7.47779)
    5218 (7.53453, 22.9412) -> 2760 (6.32051, 21.9121)
    5219 (16.5832, -1.825) -> 49 (15.3005, -0.931455)
    5220 (3.27622, 17.0961) -> 2082 (2.4375, 16.2211)
    5221 (3.03376, 20.3913) -> 1506 (2.5597, 19.5208)
    5222 (5.95788, -2.92377) -> 7020 (5.20245, -1.1759)
    5223 (20.1316, -6.41535) -> 8139 (19.8188, -6.15542)
    5224 (8.74284, 22.9766) -> 3788 (7.32206, 22.2255)
    5225 (4.32052, 21.1559) -> 8170 (3.4936, 19.6298)
    5226 (0.858006, -3.43391) -> 8220 (0.687818, -1.85665)
    5227 (20.8219, -1.75183) -> 6402 (19.5809, -0.877221)
    5228 (15.9998, -3.34948) -> 8026 (14.9182, -2.53104)
    5229 (3.14379, 18.6578) -> 36 (2.69885, 18.0556)
    5230 (12.3337, -5.53808) -> 9929 (11.55, -4.86516)
    5231 (18.6834, 24.1659) -> 9665 (18.0495, 23.83)
    5232 (6.73715, -3.89316) -> 3898 (5.99581, -2.13781)
    5233 (0.168174, 5.48555) -> 7400 (0.361042, 7.411)
    5234 (9.40399, -7.38465) -> 4737 (8.76674, -6.10898)
    5235 (6.49331, 25.0452) -> 7811 (6.06729, 24.4105)
    5236 (2.31792, 23.5202) -> 6929 (1.81692, 21.7726)
    5237 (13.8095, 11.6017) -> 8970 (14.4672, 10.0121)
    5238 (20.4624, 27.5083) -> 8687 (20.2354, 27.3847)
    5239 (19.4438, 16.3911) -> 6689 (17.5467, 16.9824)
    5240 (4.86946, 7.69778) -> 7615 (4.72865, 8.01872)
    5241 (9.70856, 10.0736) -> 6250 (7.91131, 9.36924)
    5242 (21.9248, -4.11117) -> 9957 (21.7025, -3.64424)
    5243 (19.04, 14.8381) -> 9644 (17.9573, 15.9386)
    5244 (9.52367, 26.9803) -> 71 (8.48886, 25.7365)
    5245 (1.19716, 1.86818) -> 7357 (1.15878, 3.31452)
    5246 (11.4716, 1.55022) -> 7047 (10.596, 2.45334)
    5247 (19.831, 4.47841) -> 7655 (18.2932, 4.92684)
    5248 (24.5544, -5.50464) -> 8808 (23.4095, -4.54061)
    5249 (15.4302, 13.6706) -> 8814 (15.3486, 15.1797)
    5250 (13.8466, 17.6572) -> 5885 (12.3434, 18.3258)
    5251 (5.91811, 8.05383) -> 4875 (4.58123, 9.14278)
    5252 (3.56916, -8.87825) -> 9305 (3.4705, -7.33259)
    5253 (1.13745, 11.943) -> 1103 (1.08122, 12.5451)
    5254 (21.0495, 4.68569) -> 9923 (19.2905, 5.05049)
    5255 (9.69713, -9.14351) -> 1676 (9.26176, -7.982)
    5256 (19.4249, 13.4756) -> 3436 (18.4664, 14.3633)
    5257 (1.41553, 24.976) -> 7857 (1.36843, 23.7497)
    5258 (16.4122, -0.700092) -> 9350 (16.0234, -0.450021)
    5259 (23.2691, 15.9578) -> 8866 (21.3787, 16.4303)
    5260 (6.11606, 20.6957) -> 2267 (5.42151, 20.221)
    5261 (15.1506, 13.0536) -> 8252 (15.3847, 14.4961)
    5262 (14.5523, 18.6454) -> 8587 (12.8256, 19.1952)
    5263 (21.3194, 29.1948) -> 9848 (20.1077, 28.4464)
    5264 (22.0761, 16.1231) -> 8866 (21.3787, 16.4303)
    5265 (24.5714, 22.3878) -> 8130 (22.9165, 22.3727)
    5266 (16.487, -5.22915) -> 9750 (15.3227, -3.86376)
    5267 (2.95215, 23.1921) -> 9991 (2.57551, 22.1773)
    5268 (14.0589, 13.7595) -> 9752 (14.9672, 15.196)
    5269 (22.0204, 25.7905) -> 9342 (21.732, 25.6565)
    5270 (19.5887, 9.99378) -> 9048 (18.4752, 9.45551)
    5271 (22.8507, -7.97736) -> 9873 (22.6052, -7.83885)
    5272 (24.8898, -8.80524) -> 6728 (23.7681, -7.97199)
    5273 (16.3707, -6.4417) -> 9374 (15.7358, -5.6437)
    5274 (7.25217, 15.3125) -> 8356 (5.7487, 15.5977)
    5275 (12.0207, -7.3362) -> 1680 (11.0158, -5.77693)
    5276 (1.88985, -4.0068) -> 9962 (1.60132, -2.05603)
    5277 (17.7441, 20.8826) -> 9798 (16.4211, 20.8763)
    5278 (14.2869, -1.53514) -> 8348 (14.2212, -1.44332)
    5279 (0.376236, -1.66394) -> 9645 (0.454004, -0.224018)
    5280 (22.1277, 6.74541) -> 9174 (20.9906, 6.80576)
    5281 (3.34448, 6.83417) -> 9754 (3.05614, 7.6364)
    5282 (11.0678, 28.5659) -> 9337 (10.761, 28.2012)
    5283 (22.8856, 20.3811) -> 7715 (21.4211, 20.2563)
    5284 (7.19803, 7.3331) -> 7940 (6.08572, 8.07902)
    5285 (20.0462, 16.6011) -> 8132 (18.3156, 17.376)
    5286 (22.0962, 11.75) -> 230 (21.0891, 12.5146)
    5287 (19.0537, 14.6623) -> 6704 (17.4818, 15.7909)
    5288 (0.37058, 19.0526) -> 7346 (0.456272, 17.1156)
    5289 (14.2878, 28.362) -> 9141 (12.946, 27.4396)
    5290 (7.50782, 9.71578) -> 9000 (6.07808, 10.0667)
    5291 (9.62723, 4.4503) -> 5491 (8.32011, 5.23261)
    5292 (2.99527, 5.24162) -> 567 (2.727, 5.70441)
    5293 (22.9445, 3.06877) -> 9764 (21.1895, 3.62091)
    5294 (5.05537, 28.3585) -> 9080 (4.54243, 26.9068)
    5295 (21.6815, 28.173) -> 8996 (20.3383, 27.5426)
    5296 (11.5556, -0.177911) -> 1158 (10.2603, 0.989089)
    5297 (18.5787, -5.66269) -> 9818 (17.961, -5.45656)
    5298 (12.1571, 22.1093) -> 9042 (10.6955, 21.7873)
    5299 (8.66355, 6.89545) -> 8318 (8.12547, 7.16719)
    5300 (4.16211, 14.2486) -> 1 (2.93005, 14.4757)
    5301 (6.72938, 18.7021) -> 6257 (5.32366, 18.1785)
    5302 (20.8481, 22.4549) -> 7998 (19.5336, 22.2418)
    5303 (14.7841, -8.73644) -> 8193 (13.7972, -7.35572)
    5304 (15.8624, 25.7656) -> 9396 (14.7054, 25.0889)
    5305 (0.924097, 4.81863) -> 8997 (0.831323, 6.19658)
    5306 (8.78172, 25.7031) -> 8357 (7.9443, 24.9003)
    5307 (13.2115, 29.6755) -> 7721 (12.2091, 28.778)
    5308 (5.33584, 11.6009) -> 3031 (4.59296, 11.978)
    5309 (23.5765, 7.1768) -> 8473 (23.1001, 7.18398)
    5310 (6.11003, 10.0611) -> 9212 (5.2876, 10.5105)
    5311 (12.6607, -8.44755) -> 5275 (12.0207, -7.3362)
    5312 (4.32113, 11.2469) -> 8756 (3.06883, 12.5057)
    5313 (0.447931, 6.4277) -> 7400 (0.361042, 7.411)
    5314 (1.7999, 29.5473) -> 2582 (1.59005, 27.7396)
    5315 (4.32232, 22.9964) -> 1236 (3.88062, 22.084)
    5316 (17.7824, -0.725452) -> 9239 (16.9917, -0.378895)
    5317 (10.6902, -6.34657) -> 7639 (10.0587, -5.45872)
    5318 (22.0936, 26.7238) -> 8915 (21.03, 25.7927)
    5319 (6.81895, 28.6045) -> 3538 (5.82764, 27.1203)
    5320 (3.33351, -7.81279) -> 9860 (3.15219, -6.11642)
    5321 (10.8922, 6.09311) -> 6756 (9.79171, 6.41309)
    5322 (10.5475, -6.00934) -> 2223 (10.017, -5.01599)
    5323 (18.9416, 19.3178) -> 839 (18.1733, 19.4081)
    5324 (11.5878, 6.9352) -> 3168 (9.82184, 7.13442)
    5325 (7.42984, -0.978152) -> 981 (6.73646, 0.182038)
    5326 (15.0286, 22.9383) -> 9870 (13.758, 22.5813)
    5327 (22.7871, 21.2305) -> 9936 (22.8316, 21.2978)
    5328 (10.9549, -4.23834) -> 8718 (10.6008, -3.76812)
    5329 (15.4612, 28.727) -> 6129 (13.9578, 27.7567)
    5330 (5.38794, 17.3489) -> 2943 (4.99362, 17.2444)
    5331 (24.4078, 16.405) -> 8321 (24.1108, 16.5395)
    5332 (20.1713, 0.0877356) -> 8853 (18.8387, 1.32787)
    5333 (3.72893, 21.2885) -> 3400 (3.22278, 20.1782)
    5334 (20.3791, 8.44956) -> 9895 (18.7771, 7.97979)
    5335 (13.8927, -8.41046) -> 9622 (12.7951, -6.91725)
    5336 (8.82815, 26.24) -> 5667 (8.06401, 25.4424)
    5337 (20.5712, 28.5393) -> 7840 (20.1124, 28.3407)
    5338 (11.286, 5.8186) -> 8726 (10.6483, 6.14202)
    5339 (17.4519, -5.8124) -> 8816 (16.2526, -4.49698)
    5340 (12.5938, 21.9534) -> 4084 (11.653, 21.5443)
    5341 (6.0146, 2.15328) -> 7893 (5.64933, 2.74386)
    5342 (5.73396, 7.10078) -> 8013 (4.85717, 8.10484)
    5343 (6.85444, 0.365968) -> 3906 (6.20534, 1.24769)
    5344 (2.94885, -4.09696) -> 9448 (2.56034, -2.27471)
    5345 (20.595, -9.53158) -> 7177 (20.0003, -8.96214)
    5346 (19.1285, 5.98645) -> 9505 (17.666, 6.18173)
    5347 (18.9133, 11.0502) -> 9418 (18.4885, 10.9767)
    5348 (18.1497, 2.45094) -> 6382 (16.9282, 2.97813)
    5349 (1.2954, 6.30762) -> 580 (1.20615, 7.01079)
    5350 (7.44362, -6.86713) -> 605 (6.90778, -5.31228)
    5351 (14.456, 26.8871) -> 5709 (13.725, 26.4882)
    5352 (20.0054, 5.07743) -> 6630 (18.7166, 5.31452)
    5353 (19.5, -8.51718) -> 9978 (18.571, -7.60026)
    5354 (1.85334, -5.53959) -> 8639 (1.664, -4.64234)
    5355 (0.501899, 20.377) -> 9672 (0.606001, 19.618)
    5356 (10.2367, 28.5045) -> 6816 (9.11127, 27.077)
    5357 (20.5748, 7.26764) -> 6334 (19.0619, 7.13104)
    5358 (19.4616, 5.13488) -> 8171 (17.5641, 5.6569)
    5359 (12.9106, -0.673007) -> 6164 (12.2666, -0.220546)
    5360 (8.81444, 19.1537) -> 8875 (8.20627, 19.0826)
    5361 (5.65851, 6.93915) -> 7615 (4.72865, 8.01872)
    5362 (4.1996, 7.53928) -> 8516 (3.95101, 8.00437)
    5363 (14.9212, -9.70411) -> 8733 (13.659, -8.23546)
    5364 (1.31559, 10.1982) -> 5969 (1.22332, 10.7572)
    5365 (6.38583, 14.744) -> 7614 (4.41537, 14.8819)
    5366 (19.995, -5.17968) -> 2436 (18.8195, -4.16917)
    5367 (12.7617, -6.01505) -> 9929 (11.55, -4.86516)
    5368 (15.0312, 4.98864) -> 9406 (13.6003, 5.38491)
    5369 (13.2266, 23.7132) -> 1054 (11.9922, 23.1347)
    5370 (8.41062, -5.05001) -> 3089 (7.94709, -3.99409)
    5371 (1.07748, 11.5002) -> 4136 (1.09672, 11.8106)
    5372 (10.5475, -4.58061) -> 9681 (9.96477, -3.55068)
    5373 (12.3839, 25.0821) -> 9547 (11.8318, 24.5391)
    5374 (21.1041, -9.19348) -> 9953 (20.0092, -8.18879)
    5375 (9.86491, -6.80169) -> 7809 (9.20725, -5.8274)
    5376 (22.7465, 4.74837) -> 8780 (21.6306, 4.69501)
    5377 (5.4286, 21.6868) -> 7185 (4.46586, 20.4295)
    5378 (20.5986, -3.72374) -> 7759 (19.7451, -3.20339)
    5379 (8.30871, 9.1787) -> 7045 (7.36961, 9.30986)
    5380 (13.0842, 24.8121) -> 9862 (11.423, 24.024)
    5381 (16.3132, -4.82961) -> 9750 (15.3227, -3.86376)
    5382 (21.831, 13.6571) -> 7476 (20.3924, 14.4901)
    5383 (7.1327, 19.5985) -> 5483 (6.20139, 19.1479)
    5384 (9.19112, 23.1356) -> 6556 (8.62057, 22.8869)
    5385 (10.6641, -4.90376) -> 8410 (9.90997, -3.76534)
    5386 (17.1195, 23.8967) -> 7369 (15.5312, 23.3449)
    5387 (23.8558, 3.11377) -> 9057 (21.9697, 3.71983)
    5388 (0.911724, 14.0586) -> 0 (1, 15)
    5389 (18.9502, 6.49749) -> 7650 (17.6053, 6.62823)
    5390 (0.327269, 19.5999) -> 6597 (0.679387, 18.1308)
    5391 (21.6168, -0.78778) -> 9152 (20.2933, -0.38462)
    5392 (0.755245, -9.26325) -> 8281 (0.72478, -8.85847)
    5393 (1.64989, -8.44101) -> 6911 (1.39008, -6.99012)
    5394 (6.59349, 13.6982) -> 4023 (4.77057, 14.3057)
    5395 (15.5937, 12.0445) -> 9300 (15.613, 12.3709)
    5396 (21.5954, 14.9749) -> 8896 (19.9356, 15.6669)
    5397 (7.86325, -8.64187) -> 5350 (7.44362, -6.86713)
    5398 (21.0171, 15.3746) -> 9921 (19.4065, 16.147)
    5399 (23.911, -2.82609) -> 9306 (22.9158, -1.99939)
    5400 (8.80376, -4.84318) -> 1857 (8.06739, -3.47096)
    5401 (10.1432, 26.1926) -> 4830 (9.00056, 25.0039)
    5402 (2.65107, 2.81959) -> 9844 (2.45667, 4.58842)
    5403 (19.0493, 1.48505) -> 9461 (17.3141, 2.21615)
    5404 (7.21547, 13.6993) -> 4591 (5.23357, 13.9283)
    5405 (14.0591, 5.56857) -> 7931 (12.928, 5.83431)
    5406 (14.4753, 8.89658) -> 8836 (12.873, 8.1376)
    5407 (19.5388, 27.5901) -> 9514 (18.3192, 27.0782)
    5408 (6.14661, 8.19621) -> 7 (5.52919, 8.73754)
    5409 (4.43353, 5.59243) -> 5126 (3.61449, 7.19921)
    5410 (13.6617, -9.65271) -> 1738 (12.8773, -8.6889)
    5411 (21.5316, -6.80151) -> 3250 (19.9217, -5.64847)
    5412 (17.0913, 17.8268) -> 7088 (15.3812, 18.2783)
    5413 (16.0971, 2.51162) -> 9031 (15.5713, 2.95353)
    5414 (3.37309, 27.7781) -> 9440 (2.9772, 26.6722)
    5415 (13.2646, 3.21506) -> 8685 (12.9967, 3.2705)
    5416 (24.7115, -0.519618) -> 937 (23.8384, -0.201296)
    5417 (17.5914, 12.902) -> 9462 (16.8506, 13.9392)
    5418 (11.0952, 28.3728) -> 6718 (10.4758, 27.7976)
    5419 (8.4595, -4.74353) -> 9163 (7.68584, -3.25269)
    5420 (8.4866, 26.2771) -> 3088 (7.9606, 25.475)
    5421 (15.996, 21.9851) -> 6823 (14.4653, 21.8847)
    5422 (0.158685, 10.7265) -> 5954 (0.204153, 11.3259)
    5423 (17.1294, 1.96765) -> 9031 (15.5713, 2.95353)
    5424 (5.71658, 14.2068) -> 8744 (3.97277, 14.4346)
    5425 (23.7044, 28.5518) -> 5541 (23.0619, 28.378)
    5426 (0.598054, 12.3134) -> 700 (0.889197, 14.0336)
    5427 (12.4973, 0.532536) -> 7082 (11.1693, 1.47666)
    5428 (22.636, 13.3622) -> 6307 (21.3116, 14.0937)
    5429 (1.83118, -4.15233) -> 9298 (1.87262, -2.92791)
    5430 (20.6943, -0.825342) -> 9152 (20.2933, -0.38462)
    5431 (16.2109, -7.18892) -> 9990 (15.375, -5.97044)
    5432 (4.68701, 20.6946) -> 6923 (3.90072, 19.7926)
    5433 (22.4462, 8.74379) -> 8122 (22.0077, 8.9798)
    5434 (22.3217, -4.73165) -> 9371 (21.8553, -4.34406)
    5435 (23.3385, 5.37513) -> 4627 (21.715, 5.63137)
    5436 (6.65769, 3.56426) -> 1031 (5.5399, 5.03308)
    5437 (2.02258, -0.466491) -> 2031 (1.6873, 1.23819)
    5438 (12.7374, 0.452998) -> 8936 (12.3463, 0.631788)
    5439 (3.98884, -4.91439) -> 9294 (3.88732, -3.83657)
    5440 (5.34721, 13.4869) -> 1196 (3.48409, 13.9536)
    5441 (24.8969, -4.8185) -> 7802 (24.0385, -4.24364)
    5442 (6.85894, 12.9101) -> 5440 (5.34721, 13.4869)
    5443 (18.2233, 20.8326) -> 9798 (16.4211, 20.8763)
    5444 (16.596, 1.43499) -> 9808 (15.9926, 1.95232)
    5445 (17.0503, 16.3082) -> 2119 (16.4607, 16.6224)
    5446 (14.1074, 26.0355) -> 5373 (12.3839, 25.0821)
    5447 (15.1952, 23.1621) -> 9870 (13.758, 22.5813)
    5448 (15.9352, -4.06024) -> 9375 (15.4233, -3.47902)
    5449 (5.65745, -7.9126) -> 7685 (5.66615, -7.559)
    5450 (24.7385, 20.623) -> 8395 (23.328, 20.1996)
    5451 (4.25522, 19.2661) -> 3087 (3.82269, 18.7408)
    5452 (9.57612, 27.4028) -> 8859 (8.40554, 26.1839)
    5453 (22.074, 25.9726) -> 9134 (21.2801, 25.6024)
    5454 (20.8515, 18.2003) -> 4110 (19.5184, 18.2966)
    5455 (0.541644, -7.7437) -> 8497 (0.465389, -6.6631)
    5456 (3.7527, 19.7255) -> 1810 (2.96306, 18.6344)
    5457 (2.67004, -8.16584) -> 1065 (2.45019, -6.52582)
    5458 (13.9144, 29.8224) -> 9575 (12.8356, 28.8293)
    5459 (19.1568, 11.2082) -> 9418 (18.4885, 10.9767)
    5460 (1.56698, -7.67272) -> 6977 (1.40011, -5.81697)
    5461 (5.46005, -9.79219) -> 7182 (5.13322, -8.5726)
    5462 (19.7943, 22.3708) -> 7191 (18.7182, 22.0997)
    5463 (10.7219, -1.37587) -> 6050 (10.266, -0.969985)
    5464 (19.0176, -5.54198) -> 9229 (18.4678, -4.8034)
    5465 (19.3962, 13.4485) -> 8954 (17.886, 14.5971)
    5466 (0.232241, 0.0900597) -> 9219 (0.265243, 1.47695)
    5467 (6.85608, 17.1997) -> 1512 (6.69154, 17.1454)
    5468 (0.359336, -0.211349) -> 9219 (0.265243, 1.47695)
    5469 (1.97869, 2.53881) -> 6804 (1.72952, 4.35329)
    5470 (23.174, 13.9217) -> 9897 (21.7146, 15.0116)
    5471 (0.18242, 27.1442) -> 5606 (0.27948, 25.4023)
    5472 (17.5698, 3.6096) -> 9680 (16.0831, 4.25929)
    5473 (2.48299, 12.5687) -> 3226 (1.9909, 13.5177)
    5474 (14.5903, 9.29427) -> 6886 (13.2274, 8.62975)
    5475 (2.17976, 21.8065) -> 3339 (1.86769, 20.0091)
    5476 (22.6571, 26.1404) -> 9134 (21.2801, 25.6024)
    5477 (3.84615, 8.65394) -> 2978 (3.328, 9.61241)
    5478 (22.954, 15.4616) -> 7675 (21.4181, 15.9999)
    5479 (14.9698, 11.0315) -> 9292 (13.9694, 9.43567)
    5480 (22.2874, -9.27924) -> 9671 (21.5949, -8.73381)
    5481 (16.8761, 0.990499) -> 9834 (16.7975, 1.34085)
    5482 (13.5635, -8.80126) -> 8952 (12.6079, -7.51522)
    5483 (6.20139, 19.1479) -> 6768 (5.25159, 18.6823)
    5484 (4.88673, -8.09969) -> 7743 (4.38587, -6.61937)
    5485 (24.6349, 0.969824) -> 9774 (23.3298, 1.75738)
    5486 (8.17055, 14.3827) -> 76 (6.19338, 14.6807)
    5487 (10.3116, -4.16765) -> 9681 (9.96477, -3.55068)
    5488 (5.53374, 19.0989) -> 179 (4.33972, 18.219)
    5489 (5.06441, 17.4885) -> 3588 (3.41295, 16.5886)
    5490 (21.0029, 19.1216) -> 1925 (19.4768, 19.2363)
    5491 (8.32011, 5.23261) -> 5660 (7.46689, 5.87557)
    5492 (12.8895, 25.5734) -> 8710 (11.9708, 24.9668)
    5493 (10.083, 22.4745) -> 9693 (8.33326, 21.5876)
    5494 (12.6512, -7.17805) -> 8811 (11.5789, -5.68171)
    5495 (2.78265, -4.33579) -> 8355 (2.50596, -2.74832)
    5496 (22.3706, 18.4236) -> 7559 (20.3883, 18.6161)
    5497 (0.457911, 14.017) -> 0 (1, 15)
    5498 (9.51731, 8.65643) -> 8588 (8.03879, 8.59723)
    5499 (22.0124, 23.5597) -> 7044 (20.4131, 23.1676)
    5500 (24.1985, 14.0427) -> 9595 (23.3304, 14.311)
    5501 (24.7681, 9.71292) -> 9354 (23.1196, 9.16767)
    5502 (7.45679, 24.5353) -> 9668 (6.60031, 23.3651)
    5503 (16.2982, 20.7122) -> 9484 (14.8179, 20.5308)
    5504 (14.3819, 0.562156) -> 7108 (13.0324, 1.74233)
    5505 (21.0093, -4.81595) -> 6858 (19.4152, -3.91363)
    5506 (6.46379, -3.89923) -> 9845 (6.22977, -3.09418)
    5507 (7.79281, 4.14954) -> 5619 (6.50882, 5.43343)
    5508 (23.3225, -2.8784) -> 8772 (21.8467, -2.22441)
    5509 (14.0552, -2.06031) -> 5666 (12.7382, -0.766247)
    5510 (14.1404, 0.0318677) -> 8786 (13.6426, 0.48389)
    5511 (23.2105, 29.1852) -> 4625 (22.2217, 28.6715)
    5512 (14.3267, -6.85496) -> 1907 (13.0717, -5.40033)
    5513 (24.6173, 21.9199) -> 4477 (23.0259, 21.8725)
    5514 (9.11889, -1.63679) -> 7289 (8.29225, -0.270747)
    5515 (7.9251, -1.66212) -> 5325 (7.42984, -0.978152)
    5516 (16.0845, 24.1846) -> 8263 (14.9926, 23.9136)
    5517 (17.5963, 1.50615) -> 9973 (16.9232, 1.81965)
    5518 (18.8743, -0.247255) -> 8660 (18.5692, 0.365547)
    5519 (1.09007, -9.55368) -> 8223 (0.846097, -7.91979)
    5520 (22.2625, 8.9962) -> 8122 (22.0077, 8.9798)
    5521 (24.7895, 12.1875) -> 8075 (23.6547, 12.818)
    5522 (1.76679, 4.66408) -> 7635 (1.61914, 5.31976)
    5523 (15.9225, 10.235) -> 9836 (15.3369, 9.69397)
    5524 (12.6273, 6.61279) -> 7985 (10.88, 6.79703)
    5525 (15.1462, 15.3731) -> 476 (14.5625, 16.2188)
    5526 (17.6526, 27.2512) -> 7994 (16.8957, 26.7576)
    5527 (22.6978, -2.04773) -> 7589 (21.4788, -1.61656)
    5528 (9.83684, 28.1067) -> 6816 (9.11127, 27.077)
    5529 (17.4672, 21.6752) -> 7519 (16.12, 21.2589)
    5530 (14.3909, 17.5996) -> 7354 (12.9538, 18.2182)
    5531 (8.25549, 22.0014) -> 4626 (7.25018, 21.0235)
    5532 (16.1251, 14.5461) -> 8650 (15.4053, 15.5324)
    5533 (24.6068, 12.8581) -> 9549 (24.062, 13.2821)
    5534 (0.213646, 2.46556) -> 4354 (0.218308, 3.62592)
    5535 (21.7499, -6.16611) -> 7543 (20.476, -5.12161)
    5536 (17.324, -2.70725) -> 8452 (17.0542, -2.35745)
    5537 (19.4346, 24.3463) -> 9665 (18.0495, 23.83)
    5538 (1.09719, 27.0271) -> 7815 (1.1306, 25.1225)
    5539 (18.9756, -7.0272) -> 9425 (18.2759, -6.34568)
    5540 (17.6149, 25.5099) -> 8714 (17.2866, 25.4664)
    5541 (23.0619, 28.378) -> 4969 (21.4504, 27.5025)
    5542 (15.1808, 21.3943) -> 3117 (13.8263, 21.4373)
    5543 (18.6712, -7.30057) -> 8295 (17.6557, -6.33914)
    5544 (7.48566, -4.83527) -> 9955 (6.80093, -3.27384)
    5545 (13.9859, 18.9392) -> 8587 (12.8256, 19.1952)
    5546 (23.3885, -4.07068) -> 5058 (22.4298, -3.49363)
    5547 (24.5892, 14.4604) -> 9661 (24.1805, 14.3963)
    5548 (22.1059, 23.1635) -> 8369 (20.2877, 22.9843)
    5549 (17.4358, 7.94961) -> 9535 (15.8798, 7.47779)
    5550 (21.964, -4.20343) -> 6628 (21.6654, -4.07581)
    5551 (15.5682, 13.7624) -> 8814 (15.3486, 15.1797)
    5552 (3.08831, 22.2497) -> 5845 (2.48152, 20.6466)
    5553 (8.57198, 26.3899) -> 3088 (7.9606, 25.475)
    5554 (3.3343, 6.91955) -> 9754 (3.05614, 7.6364)
    5555 (14.9694, -1.28258) -> 4856 (14.029, -0.562585)
    5556 (1.48833, 25.1486) -> 7857 (1.36843, 23.7497)
    5557 (4.53631, -1.82512) -> 8383 (4.19924, -0.40752)
    5558 (10.4646, 0.829029) -> 8546 (9.29206, 1.91845)
    5559 (14.3571, 15.3264) -> 3672 (13.6704, 16.9522)
    5560 (15.4974, 4.98405) -> 9406 (13.6003, 5.38491)
    5561 (19.2655, 17.1123) -> 8132 (18.3156, 17.376)
    5562 (17.3296, -9.66198) -> 9093 (17.064, -9.49692)
    5563 (5.2593, -4.95325) -> 7153 (5.12605, -4.0543)
    5564 (5.91613, 25.6853) -> 9956 (4.87384, 24.0373)
    5565 (2.57674, 16.3689) -> 9075 (1.47511, 15.4112)
    5566 (13.1413, -2.19601) -> 8118 (12.5871, -1.6557)
    5567 (22.1197, 18.242) -> 7559 (20.3883, 18.6161)
    5568 (12.3764, 27.3815) -> 9126 (11.7454, 26.3522)
    5569 (13.856, 19.1534) -> 8519 (11.9312, 19.4807)
    5570 (1.21019, 13.9077) -> 0 (1, 15)
    5571 (20.3521, 9.91957) -> 9048 (18.4752, 9.45551)
    5572 (23.4795, 3.2491) -> 9157 (21.9032, 3.71324)
    5573 (18.6303, 25.2569) -> 9450 (17.4845, 24.5092)
    5574 (7.56085, -3.88594) -> 9248 (7.10504, -3.04155)
    5575 (17.9952, 27.2044) -> 7994 (16.8957, 26.7576)
    5576 (13.2732, 27.2596) -> 7560 (11.9578, 26.2599)
    5577 (24.7507, -1.25454) -> 9150 (24.036, -0.821907)
    5578 (3.46182, 16.653) -> 5661 (3.02852, 16.358)
    5579 (3.16452, 25.3939) -> 9676 (2.99742, 24.6948)
    5580 (19.155, 24.4934) -> 3467 (18.6677, 24.3367)
    5581 (21.6247, 21.0216) -> 8522 (21.5437, 20.9123)
    5582 (8.2165, 27.4376) -> 8447 (7.05464, 25.8485)
    5583 (6.02646, 29.4755) -> 8058 (5.57709, 28.2185)
    5584 (24.7821, 28.583) -> 9427 (23.7098, 27.8341)
    5585 (7.51507, -6.34186) -> 7192 (6.85502, -4.88953)
    5586 (14.5224, 1.4412) -> 8337 (13.548, 2.01046)
    5587 (19.1835, 19.4689) -> 6755 (17.1912, 19.6135)
    5588 (18.3891, -2.23346) -> 9132 (16.9716, -1.05096)
    5589 (12.8282, 23.1393) -> 9383 (12.7386, 23.1338)
    5590 (1.70032, 25.3245) -> 8929 (1.53575, 24.0191)
    5591 (12.7009, 3.07919) -> 9099 (11.3825, 3.78052)
    5592 (23.2563, 8.51625) -> 9771 (22.5292, 8.44699)
    5593 (22.1924, 9.11996) -> 8122 (22.0077, 8.9798)
    5594 (22.0468, 10.9018) -> 6255 (20.8509, 11.5115)
    5595 (5.22388, 11.8767) -> 9370 (4.7601, 12.081)
    5596 (2.96083, -1.55332) -> 9782 (2.6709, 0.0174276)
    5597 (12.5267, 20.788) -> 6683 (10.6894, 20.4881)
    5598 (1.0026, 10.9448) -> 1103 (1.08122, 12.5451)
    5599 (22.4472, 27.676) -> 9913 (21.5889, 27.0629)
    5600 (16.6552, 14.7308) -> 9677 (16.1065, 15.2709)
    5601 (5.37322, 6.78971) -> 9382 (4.10485, 8.22871)
    5602 (10.1347, -1.42319) -> 4930 (8.96325, 0.0431493)
    5603 (2.21967, 18.267) -> 915 (1.45732, 16.4207)
    5604 (17.9105, 27.9921) -> 1900 (16.83, 27.2415)
    5605 (1.95719, 18.2242) -> 915 (1.45732, 16.4207)
    5606 (0.27948, 25.4023) -> 9574 (0.325148, 25.0509)
    5607 (15.0362, 14.9681) -> 9442 (14.4652, 16.2675)
    5608 (4.17872, 5.47094) -> 9161 (3.76345, 6.28421)
    5609 (18.1198, 8.69042) -> 9540 (16.8499, 8.37044)
    5610 (0.824548, 20.587) -> 9147 (0.772107, 20.1975)
    5611 (18.1337, 19.0127) -> 9823 (17.6258, 19.065)
    5612 (4.79427, 0.282533) -> 8800 (4.41554, 1.89662)
    5613 (23.8816, 12.5388) -> 6265 (23.5472, 12.7039)
    5614 (21.247, 22.8564) -> 8960 (20.1625, 22.6703)
    5615 (2.95386, 14.0549) -> 6417 (2.46904, 14.2527)
    5616 (9.64034, 19.4456) -> 6295 (8.24602, 19.1103)
    5617 (20.7078, 3.42609) -> 9261 (19.9643, 3.60696)
    5618 (6.94585, 22.2736) -> 1498 (5.61836, 21.0409)
    5619 (6.50882, 5.43343) -> 6140 (6.24288, 5.64843)
    5620 (5.22504, -6.71763) -> 8492 (4.73966, -5.47461)
    5621 (23.6979, 4.95837) -> 9249 (22.0743, 5.14532)
    5622 (0.192277, -8.1468) -> 1868 (0.363036, -6.57218)
    5623 (3.88952, 6.3915) -> 6541 (3.11589, 8.17339)
    5624 (24.7469, -8.25696) -> 9391 (23.8202, -7.49914)
    5625 (19.829, 8.81078) -> 8818 (19.7362, 8.83065)
    5626 (22.4388, 10.3482) -> 7753 (21.4934, 9.9267)
    5627 (16.9627, -5.65745) -> 8863 (16.0559, -4.56186)
    5628 (8.58865, 18.8809) -> 9937 (6.87424, 18.5169)
    5629 (6.68643, 29.6621) -> 9414 (6.11269, 28.289)
    5630 (18.3163, 0.590792) -> 9834 (16.7975, 1.34085)
    5631 (7.9343, 19.3943) -> 6190 (6.73152, 18.9364)
    5632 (8.51809, 15.9946) -> 7580 (6.59424, 16.3675)
    5633 (19.2095, 2.975) -> 9263 (18.5934, 3.17594)
    5634 (17.558, -6.78159) -> 9483 (16.6008, -5.91076)
    5635 (8.25281, 19.6435) -> 6190 (6.73152, 18.9364)
    5636 (18.0396, -7.96758) -> 9633 (17.3146, -7.03746)
    5637 (10.7775, 19.149) -> 9008 (9.73339, 19.1773)
    5638 (16.6628, 0.0361505) -> 4007 (15.2049, 1.04079)
    5639 (0.859438, 19.604) -> 7142 (0.778991, 17.6291)
    5640 (2.58923, 22.0143) -> 8610 (2.09078, 20.5959)
    5641 (14.8864, 7.44874) -> 9517 (13.625, 7.36445)
    5642 (18.0524, 20.6476) -> 9798 (16.4211, 20.8763)
    5643 (12.6307, -5.04021) -> 7540 (11.7611, -3.78441)
    5644 (19.7587, 17.5875) -> 7050 (17.8733, 17.9237)
    5645 (24.9513, -7.54349) -> 9889 (23.3943, -6.3993)
    5646 (0.209273, 8.24657) -> 2450 (0.271335, 9.8359)
    5647 (20.9852, -7.43893) -> 9227 (20.8273, -7.31431)
    5648 (4.67269, 2.27884) -> 6210 (3.99741, 3.88587)
    5649 (19.9979, 29.1581) -> 8976 (19.0859, 28.2669)
    5650 (2.15117, -5.31669) -> 7116 (2.20604, -3.37436)
    5651 (16.3149, 9.27661) -> 1337 (14.513, 8.46756)
    5652 (19.1685, 12.1838) -> 7975 (18.7147, 12.7457)
    5653 (7.00688, 22.8829) -> 4031 (6.38652, 22.1827)
    5654 (3.46625, 15.14) -> 5152 (2.48266, 15.0995)
    5655 (7.90415, 26.6383) -> 7395 (6.87723, 25.2475)
    5656 (15.007, 17.7673) -> 8580 (13.7551, 18.1806)
    5657 (3.30722, -1.64095) -> 4815 (3.04654, 0.301467)
    5658 (0.472084, 12.9099) -> 2515 (0.712836, 13.9254)
    5659 (1.83777, -3.84418) -> 9962 (1.60132, -2.05603)
    5660 (7.46689, 5.87557) -> 7929 (6.39439, 6.61067)
    5661 (3.02852, 16.358) -> 6060 (1.61106, 15.3277)
    5662 (0.456678, 6.71652) -> 7400 (0.361042, 7.411)
    5663 (18.8249, 13.0456) -> 9110 (18.8018, 13.0636)
    5664 (24.6446, 5.46897) -> 8908 (22.9846, 5.69058)
    5665 (19.7915, 1.81458) -> 6750 (18.6049, 2.42573)
    5666 (12.7382, -0.766247) -> 6164 (12.2666, -0.220546)
    5667 (8.06401, 25.4424) -> 7507 (7.09821, 24.4208)
    5668 (10.4728, 18.23) -> 9732 (9.31299, 18.3777)
    5669 (19.9731, -1.59656) -> 9915 (19.9448, -1.55512)
    5670 (15.0907, 7.9171) -> 8835 (13.94, 7.45025)
    5671 (5.95018, 5.67028) -> 8586 (4.83336, 6.97756)
    5672 (18.23, 17.6075) -> 7293 (17.8003, 17.7022)
    5673 (15.2794, 14.4929) -> 9752 (14.9672, 15.196)
    5674 (19.8954, 15.2567) -> 7884 (18.2154, 16.2818)
    5675 (13.7047, 20.5728) -> 9959 (13.0929, 20.5849)
    5676 (18.0733, -4.81983) -> 8558 (16.6052, -3.82207)
    5677 (18.0001, -2.29965) -> 7851 (17.1306, -1.6397)
    5678 (6.60307, 27.4692) -> 9799 (5.64947, 25.7544)
    5679 (19.6474, 3.30548) -> 6727 (17.7433, 3.86567)
    5680 (17.0272, -0.10023) -> 4428 (15.9371, 0.638803)
    5681 (18.5446, -0.90658) -> 7143 (17.5512, -0.355818)
    5682 (5.86239, 21.9839) -> 9778 (4.93371, 20.9841)
    5683 (4.6547, -4.69303) -> 8366 (4.06864, -2.84599)
    5684 (17.7055, 14.9602) -> 4056 (16.9479, 15.5663)
    5685 (6.45527, 7.69039) -> 5251 (5.91811, 8.05383)
    5686 (18.529, 29.8824) -> 5765 (17.0599, 29.0088)
    5687 (19.1625, 20.0852) -> 3636 (17.6732, 20.22)
    5688 (19.3438, -7.02413) -> 9425 (18.2759, -6.34568)
    5689 (23.1231, 17.77) -> 8265 (21.4648, 18.011)
    5690 (10.824, -0.213336) -> 7360 (10.4516, 0.0741342)
    5691 (22.5576, 9.11048) -> 8122 (22.0077, 8.9798)
    5692 (0.724678, -1.34144) -> 8559 (0.595966, -0.449778)
    5693 (3.38061, -0.59115) -> 4882 (2.98313, 1.12723)
    5694 (3.97883, 26.4873) -> 8374 (3.50984, 25.2408)
    5695 (12.3091, 20.1459) -> 8031 (12.1525, 20.0637)
    5696 (15.0019, 6.69786) -> 7734 (13.6283, 6.74406)
    5697 (14.5458, 19.5386) -> 7243 (12.957, 19.5605)
    5698 (22.0483, 4.47506) -> 8988 (20.2579, 4.68261)
    5699 (24.8619, 10.894) -> 9807 (24.1941, 11.5119)
    5700 (21.1552, 21.1132) -> 6857 (20.5233, 21.1831)
    5701 (8.59681, 10.4725) -> 6 (6.73279, 10.3348)
    5702 (5.81034, 26.3154) -> 6214 (5.31095, 25.2366)
    5703 (21.1012, -3.60524) -> 8942 (20.2784, -2.95778)
    5704 (1.81493, 8.38333) -> 1513 (1.60343, 9.12052)
    5705 (20.8298, 22.8256) -> 8960 (20.1625, 22.6703)
    5706 (19.152, 27.4398) -> 9514 (18.3192, 27.0782)
    5707 (8.8458, 24.7255) -> 6601 (7.58283, 23.7069)
    5708 (5.19533, 25.6948) -> 192 (4.20772, 23.9909)
    5709 (13.725, 26.4882) -> 3921 (12.4708, 25.7316)
    5710 (19.788, 9.36975) -> 8917 (18.5075, 9.04693)
    5711 (15.9231, 10.461) -> 9836 (15.3369, 9.69397)
    5712 (8.46833, 9.68196) -> 9527 (6.81901, 9.67191)
    5713 (7.28303, 9.39823) -> 8056 (5.52824, 10.1536)
    5714 (5.78396, 6.25507) -> 2083 (4.70655, 7.44055)
    5715 (22.0198, -3.79285) -> 9618 (21.6821, -3.5596)
    5716 (18.8265, 12.88) -> 6842 (18.1946, 13.5495)
    5717 (21.8096, -4.97795) -> 9171 (20.9698, -4.16979)
    5718 (1.17236, 27.8995) -> 9388 (1.19654, 26.8961)
    5719 (3.83086, 15.2982) -> 2816 (2.31313, 15.1981)
    5720 (10.5731, 19.4807) -> 5616 (9.64034, 19.4456)
    5721 (4.12191, 0.187208) -> 871 (3.95791, 0.437472)
    5722 (16.4307, 18.2385) -> 9125 (14.5747, 18.7721)
    5723 (16.2229, 9.60462) -> 9720 (15.9686, 9.40547)
    5724 (7.05294, 25.8727) -> 7811 (6.06729, 24.4105)
    5725 (4.36901, 0.845619) -> 3991 (3.73775, 2.53472)
    5726 (17.096, 15.7953) -> 2945 (15.6302, 16.6857)
    5727 (9.5399, 19.0023) -> 9114 (9.02317, 18.9905)
    5728 (12.184, -3.17452) -> 5972 (11.2711, -2.20491)
    5729 (15.5465, 29.2588) -> 7555 (14.6911, 28.6356)
    5730 (24.9978, -6.95879) -> 9852 (23.8745, -6.13116)
    5731 (16.2629, 0.446531) -> 7201 (14.5507, 1.37772)
    5732 (18.3106, 29.1615) -> 8902 (17.5602, 28.5621)
    5733 (12.0215, -2.21873) -> 9682 (10.8167, -0.935544)
    5734 (18.6211, 15.3635) -> 9644 (17.9573, 15.9386)
    5735 (5.52788, 27.1544) -> 6668 (4.6905, 25.4759)
    5736 (14.8274, 21.4472) -> 5896 (13.9502, 21.4775)
    5737 (0.443239, -4.7503) -> 7954 (0.410325, -3.65227)
    5738 (24.3555, 14.6368) -> 9615 (22.6089, 15.4729)
    5739 (23.9625, 3.26398) -> 8570 (22.8146, 3.75123)
    5740 (20.9795, 11.3466) -> 6255 (20.8509, 11.5115)
    5741 (2.8469, 13.634) -> 2820 (1.78898, 14.4289)
    5742 (24.5768, 5.41767) -> 8518 (23.3552, 5.49696)
    5743 (2.44435, 14.1443) -> 0 (1, 15)
    5744 (3.50476, -2.92747) -> 9813 (3.55692, -1.70462)
    5745 (17.0707, 17.2922) -> 9007 (16.5746, 17.3794)
    5746 (8.14721, 16.5465) -> 7584 (7.23827, 16.6453)
    5747 (1.72591, -7.68998) -> 6977 (1.40011, -5.81697)
    5748 (3.14152, -1.38532) -> 2626 (3.01245, 0.488934)
    5749 (7.94731, 28.8822) -> 9580 (7.51875, 28.0708)
    5750 (7.66894, -1.99796) -> 8150 (7.28244, -1.29945)
    5751 (22.2695, 18.0218) -> 8265 (21.4648, 18.011)
    5752 (10.824, 4.78202) -> 7761 (10.0116, 5.01559)
    5753 (21.4141, 2.55832) -> 8380 (21.1937, 2.5461)
    5754 (15.684, -3.507) -> 9375 (15.4233, -3.47902)
    5755 (0.325617, 0.53402) -> 948 (0.313045, 1.81128)
    5756 (20.4022, -5.09721) -> 8692 (20.1149, -4.97886)
    5757 (7.20267, -5.54968) -> 8872 (6.92282, -4.87441)
    5758 (16.0662, 17.4888) -> 9456 (15.2339, 17.674)
    5759 (23.5702, -2.22099) -> 9306 (22.9158, -1.99939)
    5760 (14.6903, -4.3994) -> 9426 (14.0923, -3.61693)
    5761 (16.7579, 14.1448) -> 9677 (16.1065, 15.2709)
    5762 (18.8853, 10.1587) -> 8207 (17.3656, 9.60304)
    5763 (16.7639, 12.9363) -> 9784 (16.0432, 14.2358)
    5764 (21.558, 5.74161) -> 7570 (19.8041, 5.83482)
    5765 (17.0599, 29.0088) -> 8826 (15.406, 28.1099)
    5766 (8.14906, 1.72536) -> 4145 (7.4141, 2.38036)
    5767 (16.1932, 29.853) -> 7555 (14.6911, 28.6356)
    5768 (14.2004, 0.03737) -> 8786 (13.6426, 0.48389)
    5769 (13.2817, 23.3872) -> 9383 (12.7386, 23.1338)
    5770 (5.54541, 23.5426) -> 5910 (4.34217, 22.0666)
    5771 (5.61023, 6.21363) -> 3591 (4.61816, 7.29457)
    5772 (21.4889, 2.88848) -> 7972 (20.1146, 3.51762)
    5773 (4.58077, 23.7977) -> 6564 (3.60647, 22.0971)
    5774 (24.787, 1.30525) -> 9774 (23.3298, 1.75738)
    5775 (6.91882, -9.14467) -> 8344 (6.44094, -7.31589)
    5776 (24.9169, 13.3405) -> 6881 (23.0674, 14.1014)
    5777 (16.0495, 5.55433) -> 8505 (15.7082, 5.67018)
    5778 (21.0204, 7.09066) -> 8435 (20.0864, 7.03617)
    5779 (20.5841, -4.90069) -> 6858 (19.4152, -3.91363)
    5780 (9.73937, -3.62573) -> 8273 (8.90152, -2.49445)
    5781 (9.83779, 17.7622) -> 4761 (9.54906, 17.9103)
    5782 (8.60573, -4.59878) -> 9111 (7.76805, -2.89183)
    5783 (15.2021, -5.12896) -> 9426 (14.0923, -3.61693)
    5784 (0.92475, 23.1946) -> 7593 (0.741432, 21.2791)
    5785 (20.9486, 29.5948) -> 7781 (19.5099, 28.685)
    5786 (7.957, -7.88687) -> 9185 (7.57259, -6.05559)
    5787 (19.7647, 10.9483) -> 8762 (19.0305, 10.428)
    5788 (4.29877, 14.2298) -> 8763 (2.98929, 14.5503)
    5789 (15.2982, 16.3741) -> 9420 (14.0915, 17.2504)
    5790 (17.7072, -6.9402) -> 9483 (16.6008, -5.91076)
    5791 (0.479854, 23.6985) -> 6762 (0.497371, 23.4864)
    5792 (5.48269, -9.07256) -> 8602 (5.20814, -7.25018)
    5793 (8.65907, 23.6422) -> 3468 (8.18393, 23.3118)
    5794 (22.9445, 0.585245) -> 8850 (21.1937, 1.31023)
    5795 (11.8925, 2.47564) -> 2961 (10.8236, 2.99305)
    5796 (2.3859, 9.84386) -> 6979 (2.22506, 10.3429)
    5797 (16.4729, -4.98865) -> 9750 (15.3227, -3.86376)
    5798 (14.3196, 10.9782) -> 9292 (13.9694, 9.43567)
    5799 (22.1668, 4.78564) -> 6226 (20.372, 5.2488)
    5800 (18.1949, -3.48033) -> 8452 (17.0542, -2.35745)
    5801 (14.6588, 10.9001) -> 9292 (13.9694, 9.43567)
    5802 (13.3464, 25.2772) -> 9547 (11.8318, 24.5391)
    5803 (12.126, 9.54078) -> 5158 (11.0792, 8.30468)
    5804 (22.5016, 9.84512) -> 7686 (21.9714, 9.7421)
    5805 (2.49526, 7.58573) -> 7863 (2.08582, 8.82688)
    5806 (21.2954, 28.1817) -> 8346 (20.3316, 27.7155)
    5807 (18.06, 25.9013) -> 6134 (16.3414, 25.1774)
    5808 (7.44738, 24.2182) -> 9268 (6.39491, 23.0152)
    5809 (4.33102, 8.6222) -> 1575 (3.11798, 10.2121)
    5810 (24.8675, -6.51902) -> 9034 (24.4734, -6.27689)
    5811 (8.9171, -7.53526) -> 9489 (8.12695, -5.80831)
    5812 (14.1738, 24.3037) -> 8503 (12.722, 23.6413)
    5813 (9.70095, 1.86016) -> 3539 (8.32016, 3.13733)
    5814 (21.6462, 5.04116) -> 8571 (19.9725, 5.3074)
    5815 (16.2936, 21.3773) -> 7519 (16.12, 21.2589)
    5816 (7.98302, -9.85179) -> 7473 (7.35898, -8.49017)
    5817 (10.2337, 0.574213) -> 7042 (9.3213, 1.47652)
    5818 (12.9028, -9.05819) -> 9143 (12.6553, -8.64953)
    5819 (21.9087, -8.09794) -> 9227 (20.8273, -7.31431)
    5820 (23.4259, 25.6932) -> 9780 (22.3088, 25.1418)
    5821 (10.4861, -9.15389) -> 281 (9.86157, -7.88561)
    5822 (17.658, 3.78533) -> 9680 (16.0831, 4.25929)
    5823 (0.683012, 12.36) -> 700 (0.889197, 14.0336)
    5824 (9.47084, 24.7984) -> 8676 (8.84164, 24.42)
    5825 (23.9115, 5.73043) -> 9891 (22.9117, 5.73864)
    5826 (18.3915, 17.0086) -> 9561 (17.5357, 17.2129)
    5827 (14.762, 21.9634) -> 3909 (13.125, 21.6075)
    5828 (8.25639, 25.3654) -> 8357 (7.9443, 24.9003)
    5829 (14.1801, 23.5794) -> 8696 (12.353, 22.9357)
    5830 (7.85051, 11.6232) -> 7035 (6.0421, 11.6684)
    5831 (10.7406, 22.7655) -> 8569 (10.4122, 22.6108)
    5832 (17.6928, 22.66) -> 7342 (16.4354, 22.3296)
    5833 (14.8383, 2.51896) -> 8685 (12.9967, 3.2705)
    5834 (0.577242, 25.8217) -> 9511 (0.671734, 23.9886)
    5835 (2.66981, 17.2069) -> 4532 (1.9378, 16.2386)
    5836 (0.617336, 10.3751) -> 5823 (0.683012, 12.36)
    5837 (12.3265, 28.5377) -> 2036 (11.0701, 27.2129)
    5838 (0.955184, -4.47226) -> 9338 (0.985117, -3.52118)
    5839 (14.2715, 4.34019) -> 8183 (13.3114, 4.55393)
    5840 (21.3515, 4.47983) -> 8988 (20.2579, 4.68261)
    5841 (10.191, 22.9543) -> 9816 (8.73403, 22.1921)
    5842 (24.6706, 8.85937) -> 9507 (23.1705, 8.69254)
    5843 (23.1379, -4.00169) -> 5058 (22.4298, -3.49363)
    5844 (22.6463, 2.32643) -> 7688 (20.9849, 2.75804)
    5845 (2.48152, 20.6466) -> 5077 (1.87012, 18.8732)
    5846 (2.75194, 16.2255) -> 9075 (1.47511, 15.4112)
    5847 (14.4392, -9.85834) -> 9098 (13.3936, -8.34224)
    5848 (9.43088, -5.07677) -> 9975 (9.02296, -4.0065)
    5849 (22.8996, 29.3179) -> 9756 (21.3941, 28.6148)
    5850 (23.8916, -8.68787) -> 9873 (22.6052, -7.83885)
    5851 (11.4756, 28.0216) -> 6469 (10.6122, 27.049)
    5852 (16.2274, -5.2886) -> 9260 (15.3998, -4.38527)
    5853 (6.29198, 22.4217) -> 9778 (4.93371, 20.9841)
    5854 (18.4299, 0.038594) -> 9623 (17.3193, 0.556462)
    5855 (5.77121, 19.5667) -> 7060 (4.39912, 18.5945)
    5856 (8.40649, 22.5136) -> 1217 (7.22306, 21.7952)
    5857 (2.55581, 24.2538) -> 8867 (2.35962, 23.2316)
    5858 (24.4717, -0.122527) -> 8622 (24.0374, 0.078113)
    5859 (19.2186, 7.66588) -> 9628 (18.0432, 7.50915)
    5860 (23.58, 5.47439) -> 4627 (21.715, 5.63137)
    5861 (7.576, 6.09766) -> 6438 (6.65109, 6.82233)
    5862 (3.23205, -2.22493) -> 9011 (2.97593, -1.29837)
    5863 (24.3852, 14.0855) -> 9951 (24.1086, 14.2346)
    5864 (16.5568, -5.20784) -> 9750 (15.3227, -3.86376)
    5865 (18.0991, -0.471969) -> 6737 (17.0177, 0.0821629)
    5866 (17.2705, 22.9126) -> 7820 (15.6302, 22.5818)
    5867 (24.9629, 1.42248) -> 7760 (23.9442, 1.71378)
    5868 (16.9484, -6.21557) -> 9483 (16.6008, -5.91076)
    5869 (2.74845, -7.62472) -> 8898 (2.64462, -6.37925)
    5870 (15.3154, 14.6436) -> 8814 (15.3486, 15.1797)
    5871 (2.78994, 29.3931) -> 8847 (2.58772, 27.9682)
    5872 (2.18656, 29.3281) -> 9613 (2.07737, 28.7922)
    5873 (2.8055, -2.96148) -> 5985 (2.64499, -1.42138)
    5874 (21.7647, 29.8117) -> 7311 (20.8092, 29.1673)
    5875 (9.67172, 23.6192) -> 9530 (8.0426, 22.6977)
    5876 (6.09353, 3.71293) -> 563 (5.5614, 4.24305)
    5877 (19.9226, -5.16393) -> 2436 (18.8195, -4.16917)
    5878 (15.1824, -1.50457) -> 4856 (14.029, -0.562585)
    5879 (17.0305, 0.992135) -> 9834 (16.7975, 1.34085)
    5880 (11.9877, 20.3443) -> 3912 (11.0956, 20.1909)
    5881 (5.28955, -4.38528) -> 104 (4.80785, -2.84224)
    5882 (9.79463, 28.5585) -> 8615 (8.51049, 27.3456)
    5883 (13.3932, 0.129121) -> 9452 (13.358, 0.154453)
    5884 (23.597, 19.3214) -> 9129 (22.345, 19.1802)
    5885 (12.3434, 18.3258) -> 6545 (11.6002, 18.6696)
    5886 (4.89699, 19.8022) -> 5451 (4.25522, 19.2661)
    5887 (21.7225, 3.00397) -> 9261 (19.9643, 3.60696)
    5888 (15.8094, 18.3562) -> 9494 (14.7299, 18.6236)
    5889 (4.56431, 13.7088) -> 3232 (2.99408, 14.1963)
    5890 (16.7952, 6.26261) -> 5154 (15.3364, 6.41145)
    5891 (14.4287, 28.8168) -> 8963 (13.9947, 28.625)
    5892 (10.4376, 7.73115) -> 9857 (8.66962, 7.84554)
    5893 (4.54541, 12.9203) -> 3819 (3.04682, 13.6716)
    5894 (6.98266, 17.3339) -> 305 (6.01218, 17.0854)
    5895 (5.93685, 7.44674) -> 9323 (5.12254, 8.1296)
    5896 (13.9502, 21.4775) -> 8351 (12.5625, 21.2679)
    5897 (5.79457, -3.65819) -> 9458 (5.10364, -2.30011)
    5898 (0.23891, 0.311354) -> 9219 (0.265243, 1.47695)
    5899 (16.6442, -5.32127) -> 9750 (15.3227, -3.86376)
    5900 (24.7094, 8.85486) -> 9507 (23.1705, 8.69254)
    5901 (12.2685, -3.6086) -> 7458 (11.1625, -2.37609)
    5902 (23.6142, 5.30717) -> 4627 (21.715, 5.63137)
    5903 (24.9076, 20.1525) -> 8395 (23.328, 20.1996)
    5904 (6.11038, 10.0494) -> 9000 (6.07808, 10.0667)
    5905 (10.7187, 16.9216) -> 6288 (9.74125, 17.7362)
    5906 (2.71574, 22.4003) -> 8610 (2.09078, 20.5959)
    5907 (21.4431, 2.58039) -> 8380 (21.1937, 2.5461)
    5908 (13.4757, 27.8579) -> 9141 (12.946, 27.4396)
    5909 (16.5059, 9.58572) -> 9720 (15.9686, 9.40547)
    5910 (4.34217, 22.0666) -> 4164 (3.64885, 20.9612)
    5911 (15.0561, -2.64491) -> 6300 (14.1547, -1.95335)
    5912 (7.49666, 2.98217) -> 9970 (6.42818, 4.19911)
    5913 (4.11277, -8.69115) -> 9196 (3.74216, -6.80783)
    5914 (6.29824, 2.4763) -> 4246 (5.44557, 3.89261)
    5915 (17.3795, 28.0457) -> 4820 (15.8342, 27.0732)
    5916 (18.9823, 29.8498) -> 9417 (17.5975, 28.9081)
    5917 (4.22554, -0.0761254) -> 2042 (3.46373, 1.46648)
    5918 (18.7454, 5.34092) -> 8171 (17.5641, 5.6569)
    5919 (14.1125, 11.9036) -> 8970 (14.4672, 10.0121)
    5920 (15.0295, -7.40991) -> 8995 (14.8596, -7.05476)
    5921 (6.91201, 18.6199) -> 9491 (6.79774, 18.6222)
    5922 (10.0566, 2.99845) -> 9447 (9.5134, 3.37854)
    5923 (13.9205, 11.6003) -> 8970 (14.4672, 10.0121)
    5924 (6.98501, 26.7542) -> 1171 (6.6326, 26.3873)
    5925 (0.827317, 8.84703) -> 8426 (0.685912, 9.97821)
    5926 (11.0535, 19.3798) -> 5720 (10.5731, 19.4807)
    5927 (12.3225, 17.6483) -> 15 (10.7113, 18.4932)
    5928 (5.11468, 12.1022) -> 6818 (3.70908, 12.9483)
    5929 (3.25857, 12.8812) -> 1247 (1.90256, 14.1428)
    5930 (5.72758, 1.49264) -> 705 (5.0999, 3.25319)
    5931 (17.4507, 20.0099) -> 8525 (16.9604, 19.9253)
    5932 (8.72627, -0.840615) -> 7289 (8.29225, -0.270747)
    5933 (21.1912, 8.98813) -> 9876 (20.1752, 9.09017)
    5934 (9.354, 16.9835) -> 3614 (7.57355, 17.3862)
    5935 (0.898513, 20.4328) -> 9810 (0.969966, 19.5805)
    5936 (8.55695, -3.1808) -> 6332 (7.67106, -1.57358)
    5937 (20.0155, 21.6928) -> 9477 (18.4873, 21.8116)
    5938 (16.7287, -3.14558) -> 9637 (16.0513, -2.56382)
    5939 (4.95099, 24.416) -> 9956 (4.87384, 24.0373)
    5940 (8.8268, -9.57053) -> 8741 (8.2254, -8.48101)
    5941 (17.7069, -4.60831) -> 8558 (16.6052, -3.82207)
    5942 (20.4294, -1.41789) -> 5518 (18.8743, -0.247255)
    5943 (15.1726, 15.055) -> 9442 (14.4652, 16.2675)
    5944 (23.4767, 0.209029) -> 9142 (22.5359, 0.645477)
    5945 (8.67411, -2.28187) -> 9123 (7.85757, -0.59562)
    5946 (11.6564, 29.3946) -> 9337 (10.761, 28.2012)
    5947 (10.6516, 7.26908) -> 4554 (10.3165, 7.33452)
    5948 (6.72767, 3.88746) -> 9970 (6.42818, 4.19911)
    5949 (15.0189, -6.15416) -> 9044 (14.6132, -5.79526)
    5950 (3.9314, 27.242) -> 8802 (3.3645, 25.7064)
    5951 (24.2423, 4.1443) -> 9767 (23.0119, 4.43631)
    5952 (22.1949, 15.8322) -> 7675 (21.4181, 15.9999)
    5953 (16.1248, 21.973) -> 6823 (14.4653, 21.8847)
    5954 (0.204153, 11.3259) -> 5658 (0.472084, 12.9099)
    5955 (8.90589, 19.5646) -> 9892 (8.44365, 19.5042)
    5956 (15.9512, -8.14105) -> 9715 (15.155, -7.00204)
    5957 (9.34407, -7.84461) -> 7667 (8.7412, -6.62806)
    5958 (23.3312, 19.9485) -> 7715 (21.4211, 20.2563)
    5959 (24.6777, 9.56944) -> 9354 (23.1196, 9.16767)
    5960 (2.52199, 25.8208) -> 9657 (2.4296, 25.4208)
    5961 (20.7908, -4.9412) -> 6858 (19.4152, -3.91363)
    5962 (1.65714, -5.79982) -> 8639 (1.664, -4.64234)
    5963 (11.8125, -2.93145) -> 9878 (10.7178, -1.44041)
    5964 (17.0262, -7.26049) -> 8941 (15.858, -5.68713)
    5965 (2.74423, -9.2689) -> 9900 (2.60994, -7.78532)
    5966 (24.5823, -7.34731) -> 9889 (23.3943, -6.3993)
    5967 (10.3545, -1.6246) -> 6913 (9.46712, -0.586259)
    5968 (8.1352, 0.811574) -> 6736 (7.00998, 2.12935)
    5969 (1.22332, 10.7572) -> 4136 (1.09672, 11.8106)
    5970 (11.4447, 3.70905) -> 3580 (9.83528, 4.80062)
    5971 (21.9573, -5.98908) -> 8405 (20.4308, -4.97358)
    5972 (11.2711, -2.20491) -> 7919 (10.1122, -0.846975)
    5973 (14.082, 12.1878) -> 2758 (14.9086, 10.505)
    5974 (12.5378, 22.7096) -> 7610 (11.0484, 22.1579)
    5975 (12.7099, -5.96667) -> 9929 (11.55, -4.86516)
    5976 (8.58163, -7.75634) -> 8168 (8.09433, -6.79519)
    5977 (17.9036, 20.6971) -> 9798 (16.4211, 20.8763)
    5978 (13.3019, 4.0909) -> 8968 (11.9898, 4.84677)
    5979 (21.9322, 23.2462) -> 7044 (20.4131, 23.1676)
    5980 (24.9538, -4.34981) -> 9898 (23.7967, -3.76626)
    5981 (5.89443, -4.20415) -> 8508 (5.73944, -3.8477)
    5982 (4.87042, -6.47119) -> 9703 (4.66779, -5.56133)
    5983 (0.567516, -5.92537) -> 9379 (0.563235, -5.75674)
    5984 (9.04756, -2.48118) -> 7312 (8.76604, -1.87727)
    5985 (2.64499, -1.42138) -> 6054 (2.36057, 0.290033)
    5986 (24.03, -6.38052) -> 8018 (23.05, -5.52968)
    5987 (20.5697, 24.5285) -> 9285 (19.4152, 23.8806)
    5988 (17.019, 20.6261) -> 9982 (15.0674, 20.4176)
    5989 (21.6342, 7.6124) -> 2620 (20.4213, 7.60255)
    5990 (21.7278, 24.5604) -> 6648 (20.0963, 24.2065)
    5991 (13.8037, -9.97814) -> 1738 (12.8773, -8.6889)
    5992 (18.9977, 3.68541) -> 8946 (17.2031, 3.97174)
    5993 (20.5671, 29.9469) -> 6817 (19.3558, 29.0932)
    5994 (24.5457, -8.26482) -> 8455 (23.6554, -7.56467)
    5995 (22.6709, 2.34762) -> 7688 (20.9849, 2.75804)
    5996 (3.30069, -5.9317) -> 8232 (2.93134, -4.32328)
    5997 (14.3789, -7.41597) -> 9280 (14.2918, -7.20348)
    5998 (6.9997, 23.3281) -> 7113 (6.55131, 22.9122)
    5999 (4.47791, -3.26513) -> 7915 (4.40354, -3.0457)
    6000 (4.06685, 12.7724) -> 1283 (2.63412, 13.8938)
    6001 (10.6078, 26.1728) -> 6767 (9.7092, 25.4674)
    6002 (4.93539, 10.0682) -> 9506 (3.88687, 11.1714)
    6003 (7.84901, 14.0856) -> 754 (6.04084, 14.4751)
    6004 (14.9245, 23.6482) -> 7750 (14.0517, 23.4873)
    6005 (4.13892, 7.82985) -> 8446 (3.01996, 9.42257)
    6006 (24.0797, 22.9957) -> 1652 (22.3963, 22.7049)
    6007 (17.6307, -6.946) -> 9483 (16.6008, -5.91076)
    6008 (5.5326, 5.88609) -> 9046 (4.92437, 6.58248)
    6009 (20.3365, -1.888) -> 9915 (19.9448, -1.55512)
    6010 (14.8431, 21.8249) -> 6823 (14.4653, 21.8847)
    6011 (19.5334, 17.4104) -> 9203 (18.47, 17.4661)
    6012 (5.52647, -5.7672) -> 7153 (5.12605, -4.0543)
    6013 (0.0421053, 19.518) -> 5187 (0.341737, 17.7059)
    6014 (22.6344, 12.5369) -> 201 (21.4051, 13.5378)
    6015 (10.0181, 2.50589) -> 4853 (8.85902, 3.73605)
    6016 (1.66256, -6.62568) -> 8639 (1.664, -4.64234)
    6017 (0.947566, 10.646) -> 2909 (0.854281, 11.8255)
    6018 (16.8865, 13.6232) -> 9677 (16.1065, 15.2709)
    6019 (3.85483, 15.8669) -> 270 (2.41832, 15.4673)
    6020 (23.1417, -6.33945) -> 9987 (22.3655, -5.53596)
    6021 (13.3278, -2.80568) -> 9324 (13.0707, -2.08407)
    6022 (16.8954, 15.1974) -> 5789 (15.2982, 16.3741)
    6023 (21.8423, 15.897) -> 7675 (21.4181, 15.9999)
    6024 (7.79964, -4.50174) -> 9248 (7.10504, -3.04155)
    6025 (17.5648, 8.48601) -> 9242 (16.8802, 8.36521)
    6026 (10.126, 26.5341) -> 9861 (8.71377, 25.2473)
    6027 (18.3809, 15.933) -> 4862 (17.4033, 16.3701)
    6028 (8.24051, 25.0378) -> 5808 (7.44738, 24.2182)
    6029 (18.7925, 2.77187) -> 9303 (18.0243, 3.01673)
    6030 (16.202, 5.58004) -> 8505 (15.7082, 5.67018)
    6031 (16.9583, 24.9372) -> 9806 (16.2619, 24.8289)
    6032 (19.4146, 1.96218) -> 5348 (18.1497, 2.45094)
    6033 (1.84316, 7.67308) -> 1133 (1.70303, 8.65196)
    6034 (16.0262, -3.56348) -> 8026 (14.9182, -2.53104)
    6035 (11.0924, 3.86902) -> 7642 (9.43438, 4.83266)
    6036 (23.9951, 4.7683) -> 9249 (22.0743, 5.14532)
    6037 (8.4119, 7.58927) -> 5130 (7.54702, 7.81087)
    6038 (7.25629, 12.7872) -> 9985 (5.43726, 13.4564)
    6039 (3.41856, -2.50176) -> 5748 (3.14152, -1.38532)
    6040 (1.11409, 4.4935) -> 9231 (1.18379, 5.89328)
    6041 (13.5778, -0.524152) -> 9346 (13.0065, -0.119776)
    6042 (2.1076, 27.5187) -> 7887 (1.97553, 26.9139)
    6043 (24.4995, 13.31) -> 6881 (23.0674, 14.1014)
    6044 (7.42666, -2.47736) -> 8628 (7.154, -1.76338)
    6045 (3.99634, 17.1888) -> 9694 (2.61437, 16.313)
    6046 (9.31685, 9.14558) -> 3702 (8.37922, 9.02698)
    6047 (18.6467, 7.02495) -> 7429 (17.2395, 7.04575)
    6048 (5.66239, 16.7092) -> 2295 (5.40883, 16.6214)
    6049 (22.7065, 16.4496) -> 9214 (21.1863, 16.624)
    6050 (10.266, -0.969985) -> 7944 (8.97391, 0.530484)
    6051 (18.4046, 3.90292) -> 7478 (16.8448, 4.27732)
    6052 (23.2076, 3.61989) -> 9741 (21.3373, 4.08485)
    6053 (24.2377, 19.8435) -> 8770 (23.6366, 19.8971)
    6054 (2.36057, 0.290033) -> 1508 (2.18449, 1.24725)
    6055 (23.2177, 2.81357) -> 8485 (22.1979, 3.1869)
    6056 (4.76361, 6.8783) -> 8516 (3.95101, 8.00437)
    6057 (20.9329, 15.2761) -> 9921 (19.4065, 16.147)
    6058 (17.0198, 2.94774) -> 7978 (15.2581, 3.79888)
    6059 (24.5356, 2.4217) -> 8962 (23.7708, 2.55104)
    6060 (1.61106, 15.3277) -> 0 (1, 15)
    6061 (24.5526, 2.31436) -> 8962 (23.7708, 2.55104)
    6062 (23.4367, 20.65) -> 8427 (22.2295, 20.4089)
    6063 (14.4399, -9.47963) -> 8733 (13.659, -8.23546)
    6064 (6.894, 20.0357) -> 7791 (6.40316, 19.7545)
    6065 (6.56756, 6.96821) -> 8884 (5.46419, 7.97023)
    6066 (13.3841, 9.91428) -> 6802 (12.4539, 8.43345)
    6067 (15.1971, -0.0259659) -> 9317 (14.7776, 0.503379)
    6068 (12.9327, 24.6742) -> 9862 (11.423, 24.024)
    6069 (16.0356, 9.6731) -> 2613 (15.1427, 9.07421)
    6070 (3.08011, 7.44378) -> 9754 (3.05614, 7.6364)
    6071 (8.80054, 9.0677) -> 9638 (7.27106, 9.16303)
    6072 (23.4153, 11.0032) -> 8154 (22.7607, 11.4901)
    6073 (24.6147, 24.9763) -> 9770 (22.8787, 24.5197)
    6074 (12.5703, -9.02893) -> 8174 (11.8759, -7.91377)
    6075 (3.89517, 4.54068) -> 6121 (3.33874, 6.20832)
    6076 (6.34794, 18.5246) -> 8862 (5.16653, 18.0777)
    6077 (20.0343, -7.2374) -> 9581 (18.6628, -6.02044)
    6078 (19.7068, 8.87482) -> 8917 (18.5075, 9.04693)
    6079 (14.1009, 1.70029) -> 8337 (13.548, 2.01046)
    6080 (18.1025, 1.86541) -> 9728 (16.8518, 2.35361)
    6081 (3.97482, 27.7495) -> 6431 (3.433, 26.2144)
    6082 (21.9577, 27.5519) -> 9192 (20.7445, 26.602)
    6083 (15.5394, 4.50324) -> 9087 (13.7542, 4.83996)
    6084 (17.4185, 6.32799) -> 9065 (16.3892, 6.44939)
    6085 (22.0904, 1.87508) -> 9916 (20.1513, 2.33772)
    6086 (3.6701, 5.11855) -> 6121 (3.33874, 6.20832)
    6087 (10.2915, 28.9008) -> 9413 (8.94854, 27.5822)
    6088 (14.2874, 22.7096) -> 8456 (12.936, 22.2714)
    6089 (6.83264, -2.09353) -> 4116 (6.28427, -0.308544)
    6090 (1.8792, 19.1631) -> 7722 (1.46578, 17.3115)
    6091 (23.0748, 23.9135) -> 9021 (21.248, 23.4523)
    6092 (6.7174, 18.4293) -> 7083 (5.65867, 18.0254)
    6093 (2.20892, 19.7143) -> 2940 (1.87012, 18.7344)
    6094 (20.7934, 27.024) -> 8293 (18.9889, 26.1637)
    6095 (12.1057, -7.4331) -> 1680 (11.0158, -5.77693)
    6096 (14.4129, -4.77936) -> 9426 (14.0923, -3.61693)
    6097 (15.1428, -9.17977) -> 9971 (14.3466, -7.91896)
    6098 (4.2375, -2.18922) -> 8540 (4.01982, -1.612)
    6099 (4.22479, -3.45053) -> 8366 (4.06864, -2.84599)
    6100 (10.1616, 23.4396) -> 8627 (8.65326, 22.5188)
    6101 (10.8554, 25.9162) -> 8584 (9.47819, 25.0399)
    6102 (18.6146, 5.3879) -> 8171 (17.5641, 5.6569)
    6103 (3.29208, 12.1085) -> 8784 (2.05269, 13.6707)
    6104 (21.7625, 10.0019) -> 6846 (20.2406, 9.45767)
    6105 (18.2736, 4.6619) -> 9865 (17.4766, 4.80136)
    6106 (21.8361, 1.63308) -> 9916 (20.1513, 2.33772)
    6107 (24.0312, 9.18616) -> 6753 (23.9601, 9.18672)
    6108 (2.481, 0.540819) -> 1080 (2.37567, 1.01937)
    6109 (21.7695, 20.127) -> 9204 (21.1878, 20.2233)
    6110 (21.1191, -5.99432) -> 9175 (20.912, -5.89941)
    6111 (14.5523, 17.7063) -> 1152 (13.3005, 18.2903)
    6112 (6.14594, 29.2554) -> 131 (5.59053, 27.7391)
    6113 (14.2554, -9.03416) -> 8733 (13.659, -8.23546)
    6114 (6.12082, 19.4109) -> 5488 (5.53374, 19.0989)
    6115 (5.64418, 3.96472) -> 2234 (4.84079, 5.06863)
    6116 (11.8247, -3.39607) -> 7458 (11.1625, -2.37609)
    6117 (8.94554, 26.0321) -> 8701 (8.27103, 25.407)
    6118 (15.1122, 16.8519) -> 8765 (14.5507, 17.2123)
    6119 (22.9444, 26.9028) -> 9005 (22.0491, 26.2279)
    6120 (18.4622, 3.43928) -> 8946 (17.2031, 3.97174)
    6121 (3.33874, 6.20832) -> 4687 (2.6479, 8.04131)
    6122 (11.1539, 20.585) -> 6683 (10.6894, 20.4881)
    6123 (14.0315, 3.24272) -> 3490 (13.6266, 3.41722)
    6124 (19.0267, 21.1184) -> 5215 (17.5264, 21.0197)
    6125 (23.9061, 2.26426) -> 8870 (22.7653, 2.58697)
    6126 (23.9485, -2.806) -> 9306 (22.9158, -1.99939)
    6127 (5.81809, 14.5997) -> 3689 (4.43565, 14.5611)
    6128 (1.0468, 23.0753) -> 9023 (0.891572, 21.1665)
    6129 (13.9578, 27.7567) -> 6303 (12.415, 26.7463)
    6130 (7.15, 27.526) -> 284 (6.25375, 25.8236)
    6131 (10.1245, 27.7646) -> 9024 (8.99561, 26.7077)
    6132 (14.8107, 20.1308) -> 742 (13.6387, 20.2096)
    6133 (18.2423, 27.7871) -> 6978 (16.9357, 27.1923)
    6134 (16.3414, 25.1774) -> 7141 (15.3694, 24.839)
    6135 (2.19822, -7.19322) -> 9717 (2.16333, -5.59934)
    6136 (0.0396058, 20.9778) -> 1363 (0.139222, 19.2316)
    6137 (4.1128, -1.14109) -> 4581 (3.86135, -0.389652)
    6138 (1.35529, 21.8367) -> 8813 (1.3445, 21.2311)
    6139 (2.76502, 26.4144) -> 9657 (2.4296, 25.4208)
    6140 (6.24288, 5.64843) -> 5714 (5.78396, 6.25507)
    6141 (2.42021, 29.6966) -> 8672 (2.39142, 29.4053)
    6142 (21.8288, 24.4084) -> 8200 (20.7713, 23.8469)
    6143 (2.40472, -8.40699) -> 1065 (2.45019, -6.52582)
    6144 (21.5898, -7.56399) -> 9410 (20.4971, -6.34004)
    6145 (1.54575, 22.5953) -> 8813 (1.3445, 21.2311)
    6146 (10.6557, -4.32626) -> 9681 (9.96477, -3.55068)
    6147 (19.4574, -2.61792) -> 7441 (19.1705, -2.38068)
    6148 (11.0598, 19.3887) -> 5720 (10.5731, 19.4807)
    6149 (13.672, -9.71598) -> 1738 (12.8773, -8.6889)
    6150 (24.2134, -9.19231) -> 7567 (23.2943, -8.3583)
    6151 (17.8064, 15.6114) -> 8088 (16.3911, 16.4697)
    6152 (13.8302, 26.9704) -> 9272 (13.0305, 26.2518)
    6153 (20.4607, 8.08988) -> 4411 (19.0788, 7.83448)
    6154 (2.30633, 12.5436) -> 8852 (1.90444, 13.2898)
    6155 (15.1651, -9.18484) -> 9971 (14.3466, -7.91896)
    6156 (14.0744, 24.9292) -> 8098 (13.0311, 24.4419)
    6157 (10.108, -9.1047) -> 6772 (9.86196, -8.32066)
    6158 (24.4746, -4.79494) -> 5546 (23.3885, -4.07068)
    6159 (16.6209, -2.33642) -> 2647 (15.6286, -1.64601)
    6160 (22.8156, 25.223) -> 9780 (22.3088, 25.1418)
    6161 (6.23496, 10.5682) -> 1450 (5.00103, 11.1293)
    6162 (7.94413, 11.6968) -> 9964 (6.10806, 11.7543)
    6163 (14.7421, 2.31947) -> 8549 (14.4147, 2.52604)
    6164 (12.2666, -0.220546) -> 9827 (11.0151, 0.938682)
    6165 (9.90907, 28.9738) -> 9413 (8.94854, 27.5822)
    6166 (12.541, 2.08134) -> 8801 (11.5121, 2.97633)
    6167 (14.2723, -7.82057) -> 8193 (13.7972, -7.35572)
    6168 (17.9952, 1.85012) -> 9728 (16.8518, 2.35361)
    6169 (6.1803, 1.59793) -> 7552 (5.57315, 2.56933)
    6170 (3.68804, 21.2407) -> 3400 (3.22278, 20.1782)
    6171 (19.2347, -8.50834) -> 8662 (18.4653, -8.02362)
    6172 (21.1672, 26.7111) -> 9192 (20.7445, 26.602)
    6173 (22.8088, 29.5578) -> 9796 (21.9634, 28.9188)
    6174 (3.93098, 16.3445) -> 9698 (3.20758, 15.9867)
    6175 (4.56586, 24.1167) -> 8842 (3.89822, 23.0816)
    6176 (4.41406, 3.11009) -> 6566 (4.11204, 3.77612)
    6177 (14.3639, -5.82294) -> 8910 (13.3445, -4.54499)
    6178 (23.8841, -1.53445) -> 9794 (22.5579, -0.957286)
    6179 (1.42126, 4.55511) -> 9231 (1.18379, 5.89328)
    6180 (5.36509, 0.935739) -> 7025 (4.58367, 2.64919)
    6181 (6.00287, -1.36377) -> 3251 (5.20162, 0.455664)
    6182 (17.92, 25.7175) -> 8714 (17.2866, 25.4664)
    6183 (3.23629, -5.51838) -> 717 (2.93707, -3.79902)
    6184 (12.3335, 27.0596) -> 9126 (11.7454, 26.3522)
    6185 (9.76899, 22.1068) -> 8262 (9.10298, 21.6499)
    6186 (18.552, 21.5628) -> 7440 (17.1539, 21.2944)
    6187 (19.8817, 3.75868) -> 8521 (18.4227, 4.13674)
    6188 (1.39998, 6.23432) -> 604 (1.3381, 7.00512)
    6189 (13.3167, -3.33219) -> 9037 (12.4034, -2.26122)
    6190 (6.73152, 18.9364) -> 921 (5.44263, 18.2868)
    6191 (2.39644, 0.544419) -> 1508 (2.18449, 1.24725)
    6192 (1.66803, -7.61525) -> 6977 (1.40011, -5.81697)
    6193 (24.0354, 10.0376) -> 9963 (23.3986, 10.1167)
    6194 (20.5442, -3.90596) -> 8806 (19.3156, -3.03331)
    6195 (17.7565, 12.4241) -> 9462 (16.8506, 13.9392)
    6196 (5.59445, 10.217) -> 4510 (3.96253, 11.368)
    6197 (14.4249, 21.6155) -> 8351 (12.5625, 21.2679)
    6198 (11.5058, 9.73884) -> 9006 (10.8344, 8.5455)
    6199 (11.8753, 7.05819) -> 8597 (10.9381, 7.01391)
    6200 (15.2245, 27.4733) -> 8160 (14.1583, 26.7937)
    6201 (18.0964, 0.679981) -> 9834 (16.7975, 1.34085)
    6202 (3.39759, 6.67518) -> 8306 (2.92609, 7.7018)
    6203 (11.9107, -8.02395) -> 8666 (10.9495, -6.60504)
    6204 (16.6512, 19.2411) -> 8063 (15.1183, 19.4139)
    6205 (20.4642, 9.95821) -> 7179 (19.3425, 9.6851)
    6206 (16.4378, -8.84578) -> 9716 (15.785, -8.05889)
    6207 (3.31289, 1.70844) -> 6776 (2.95012, 2.98312)
    6208 (4.46951, 21.8215) -> 6936 (4.09206, 21.1323)
    6209 (10.6326, 28.0789) -> 6718 (10.4758, 27.7976)
    6210 (3.99741, 3.88587) -> 1623 (3.68283, 4.63558)
    6211 (5.04677, 19.8138) -> 2658 (4.17973, 19.147)
    6212 (17.8177, -0.49897) -> 7598 (16.7635, 0.153192)
    6213 (24.282, -7.22482) -> 7417 (23.5511, -6.58295)
    6214 (5.31095, 25.2366) -> 5773 (4.58077, 23.7977)
    6215 (6.63163, 20.8044) -> 741 (5.06271, 19.6151)
    6216 (20.7799, 6.49133) -> 2386 (18.8479, 6.66666)
    6217 (12.0931, 9.39175) -> 3972 (10.4405, 8.27775)
    6218 (4.80039, -4.13646) -> 7915 (4.40354, -3.0457)
    6219 (18.5381, 11.1543) -> 7959 (18.0944, 10.6456)
    6220 (16.1076, 9.06612) -> 9032 (14.8962, 8.53304)
    6221 (19.8606, -5.85047) -> 9229 (18.4678, -4.8034)
    6222 (24.2719, 21.4405) -> 9936 (22.8316, 21.2978)
    6223 (13.646, 8.4176) -> 8361 (12.1698, 7.96648)
    6224 (18.2356, 10.2546) -> 7823 (17.9637, 10.0319)
    6225 (24.8244, -2.19951) -> 7350 (23.3046, -1.50278)
    6226 (20.372, 5.2488) -> 8571 (19.9725, 5.3074)
    6227 (12.8182, -0.665048) -> 6164 (12.2666, -0.220546)
    6228 (2.76925, 8.44245) -> 5041 (2.406, 9.57323)
    6229 (9.55558, 3.51793) -> 3722 (8.2072, 4.48439)
    6230 (22.8425, 6.69899) -> 9174 (20.9906, 6.80576)
    6231 (22.8731, 3.05748) -> 8918 (21.0092, 3.43934)
    6232 (6.89672, 22.0839) -> 2633 (6.17264, 21.4263)
    6233 (17.7229, 23.648) -> 8007 (16.1697, 23.2327)
    6234 (10.1453, 16.159) -> 6511 (9.24689, 17.1957)
    6235 (16.9988, 5.06011) -> 8849 (15.2724, 5.55475)
    6236 (11.3888, 4.90787) -> 6707 (10.068, 5.29017)
    6237 (6.28014, 10.6245) -> 8253 (5.29364, 11.0795)
    6238 (0.944664, 26.1084) -> 7262 (0.788466, 24.4208)
    6239 (19.2693, 6.83023) -> 7340 (18.8366, 6.81341)
    6240 (12.4302, -2.37864) -> 9586 (11.858, -1.91309)
    6241 (7.05523, 3.1573) -> 5436 (6.65769, 3.56426)
    6242 (21.805, 8.5805) -> 6153 (20.4607, 8.08988)
    6243 (3.10782, 17.1752) -> 4532 (1.9378, 16.2386)
    6244 (24.197, -4.21295) -> 9898 (23.7967, -3.76626)
    6245 (12.6558, 27.0735) -> 9126 (11.7454, 26.3522)
    6246 (3.80362, -5.18435) -> 8269 (3.54766, -4.03097)
    6247 (1.28968, -4.3515) -> 7832 (1.2122, -2.91779)
    6248 (0.337122, 28.6869) -> 3219 (0.409023, 26.8902)
    6249 (8.70025, -6.05774) -> 3322 (8.19967, -5.23329)
    6250 (7.91131, 9.36924) -> 5713 (7.28303, 9.39823)
    6251 (6.88664, 24.1413) -> 8037 (6.51742, 23.7736)
    6252 (5.69759, 18.7407) -> 2665 (4.15241, 17.8273)
    6253 (19.2951, 2.13748) -> 6750 (18.6049, 2.42573)
    6254 (7.00124, 23.2697) -> 7113 (6.55131, 22.9122)
    6255 (20.8509, 11.5115) -> 3386 (19.7137, 12.5526)
    6256 (20.4696, 1.81795) -> 6750 (18.6049, 2.42573)
    6257 (5.32366, 18.1785) -> 4152 (4.48618, 17.6705)
    6258 (9.72645, 5.43284) -> 9885 (8.54275, 5.8686)
    6259 (19.3922, 1.67694) -> 8397 (18.5341, 2.11922)
    6260 (21.8141, 22.4522) -> 6602 (21.2497, 22.3113)
    6261 (0.300634, 13.7816) -> 0 (1, 15)
    6262 (19.2112, -7.84638) -> 5543 (18.6712, -7.30057)
    6263 (0.762569, 12.2069) -> 700 (0.889197, 14.0336)
    6264 (0.345556, 12.9917) -> 2515 (0.712836, 13.9254)
    6265 (23.5472, 12.7039) -> 517 (22.225, 13.3647)
    6266 (20.5262, 28.4736) -> 9067 (20.2295, 28.215)
    6267 (13.6919, 18.0395) -> 7806 (12.0807, 18.4735)
    6268 (3.23306, 1.8637) -> 6776 (2.95012, 2.98312)
    6269 (18.5863, -1.14233) -> 9733 (17.4617, -0.37579)
    6270 (4.14732, 16.3408) -> 5160 (3.61989, 16.1422)
    6271 (7.40842, 23.8234) -> 9607 (6.98166, 23.435)
    6272 (9.56254, 27.9012) -> 9024 (8.99561, 26.7077)
    6273 (9.60155, 20.8906) -> 8821 (8.45312, 20.492)
    6274 (23.3033, 4.83491) -> 9249 (22.0743, 5.14532)
    6275 (16.3732, 28.2089) -> 8919 (15.9432, 28.0367)
    6276 (23.005, 27.6725) -> 9913 (21.5889, 27.0629)
    6277 (9.93584, 27.1872) -> 9060 (8.86945, 26.2036)
    6278 (15.1733, 7.03922) -> 646 (14.1953, 6.96272)
    6279 (13.7153, 26.1582) -> 5492 (12.8895, 25.5734)
    6280 (11.976, 19.2405) -> 6701 (10.4564, 19.2964)
    6281 (11.0408, 22.0044) -> 7198 (10.5044, 21.878)
    6282 (3.02536, -6.28762) -> 8232 (2.93134, -4.32328)
    6283 (13.4274, -0.89285) -> 9346 (13.0065, -0.119776)
    6284 (5.46398, 12.138) -> 6000 (4.06685, 12.7724)
    6285 (19.0989, 20.3473) -> 7186 (17.1952, 20.3392)
    6286 (3.1168, 28.0222) -> 9654 (2.80472, 26.1215)
    6287 (17.4237, 14.9302) -> 1919 (16.6195, 15.5435)
    6288 (9.74125, 17.7362) -> 8137 (8.48965, 17.8733)
    6289 (17.6058, 9.84601) -> 8207 (17.3656, 9.60304)
    6290 (23.7178, 18.5373) -> 9577 (21.9744, 18.711)
    6291 (22.6013, -7.29849) -> 441 (21.3293, -6.2774)
    6292 (16.0674, 1.28508) -> 9567 (14.8173, 1.78418)
    6293 (18.9348, 15.4639) -> 9644 (17.9573, 15.9386)
    6294 (9.7231, 26.6524) -> 8271 (8.88106, 25.784)
    6295 (8.24602, 19.1103) -> 5301 (6.72938, 18.7021)
    6296 (7.50133, 25.5546) -> 9381 (6.58463, 24.2496)
    6297 (24.6366, 27.0696) -> 7376 (23.8336, 26.6944)
    6298 (17.5375, -8.13884) -> 4165 (16.1987, -6.888)
    6299 (11.6679, 21.4303) -> 853 (10.5527, 21.1178)
    6300 (14.1547, -1.95335) -> 5666 (12.7382, -0.766247)
    6301 (13.4645, 23.2683) -> 9027 (11.8943, 22.7351)
    6302 (24.6861, 11.5869) -> 7448 (24.0967, 11.9652)
    6303 (12.415, 26.7463) -> 7560 (11.9578, 26.2599)
    6304 (15.3088, 2.50658) -> 9356 (13.5883, 3.33303)
    6305 (21.3022, 25.7685) -> 8915 (21.03, 25.7927)
    6306 (15.139, 11.89) -> 7992 (15.0267, 10.8461)
    6307 (21.3116, 14.0937) -> 9705 (19.5389, 14.8322)
    6308 (24.8883, 4.3524) -> 9767 (23.0119, 4.43631)
    6309 (20.5064, 15.8055) -> 8149 (19.1936, 16.2535)
    6310 (23.3867, 8.76983) -> 9771 (22.5292, 8.44699)
    6311 (12.9801, 18.332) -> 7806 (12.0807, 18.4735)
    6312 (1.36425, -8.48845) -> 6911 (1.39008, -6.99012)
    6313 (1.70252, 23.4071) -> 9525 (1.69016, 23.3036)
    6314 (1.96699, 0.062042) -> 2031 (1.6873, 1.23819)
    6315 (8.12808, -5.33168) -> 8636 (7.45497, -3.91528)
    6316 (15.9328, 20.3138) -> 9835 (15.3522, 20.2488)
    6317 (17.8875, 12.9319) -> 7585 (16.8855, 14.3236)
    6318 (23.9116, 21.1339) -> 9936 (22.8316, 21.2978)
    6319 (11.6769, 8.427) -> 5158 (11.0792, 8.30468)
    6320 (24.4246, 5.92396) -> 7460 (22.9798, 6.20009)
    6321 (12.3033, 29.3673) -> 3273 (11.2518, 28.0992)
    6322 (3.71513, 19.4641) -> 36 (2.69885, 18.0556)
    6323 (15.8331, 10.077) -> 9836 (15.3369, 9.69397)
    6324 (0.609188, 29.2685) -> 9286 (0.672746, 27.9511)
    6325 (13.9733, 8.33117) -> 8361 (12.1698, 7.96648)
    6326 (4.14231, 3.64625) -> 2125 (3.53219, 4.98675)
    6327 (15.2116, 0.754046) -> 7861 (14.1724, 1.67911)
    6328 (16.6867, 28.5974) -> 2293 (15.0287, 27.5212)
    6329 (15.2017, 22.7349) -> 6841 (13.7756, 22.4212)
    6330 (6.13969, 11.1483) -> 3031 (4.59296, 11.978)
    6331 (5.4389, -4.4124) -> 4905 (5.29369, -3.72112)
    6332 (7.67106, -1.57358) -> 8109 (6.866, -0.160338)
    6333 (10.9045, 6.32991) -> 6784 (10.2465, 6.4601)
    6334 (19.0619, 7.13104) -> 7429 (17.2395, 7.04575)
    6335 (0.512986, 4.65123) -> 5313 (0.447931, 6.4277)
    6336 (7.73672, -5.65903) -> 4384 (7.23277, -4.50632)
    6337 (10.6925, 2.24253) -> 4903 (9.21829, 3.37612)
    6338 (1.95538, 22.2129) -> 8889 (1.5551, 20.5019)
    6339 (20.1695, -8.66655) -> 6262 (19.2112, -7.84638)
    6340 (22.6605, 23.2343) -> 5705 (20.8298, 22.8256)
    6341 (17.5927, 24.5906) -> 9893 (16.1371, 23.9718)
    6342 (16.72, 5.24824) -> 8849 (15.2724, 5.55475)
    6343 (11.179, 9.54585) -> 3450 (9.541, 8.43977)
    6344 (12.166, 29.7807) -> 9133 (11.2319, 28.3193)
    6345 (8.94419, 16.0126) -> 7584 (7.23827, 16.6453)
    6346 (22.1445, 21.8968) -> 9310 (20.4591, 21.4651)
    6347 (1.12862, 27.0064) -> 7815 (1.1306, 25.1225)
    6348 (5.50685, -5.34006) -> 7153 (5.12605, -4.0543)
    6349 (16.4655, 25.4615) -> 7930 (15.0596, 24.8284)
    6350 (3.10936, 28.979) -> 2256 (2.74215, 27.437)
    6351 (23.5654, 12.1018) -> 9938 (22.6537, 12.3606)
    6352 (2.71191, 17.6626) -> 7990 (1.99807, 16.6932)
    6353 (5.99172, 5.61818) -> 8586 (4.83336, 6.97756)
    6354 (23.484, 8.88187) -> 2566 (22.3608, 8.53511)
    6355 (2.78794, 18.1459) -> 1550 (1.83058, 16.5439)
    6356 (13.9061, -7.35222) -> 8193 (13.7972, -7.35572)
    6357 (1.76027, 10.7892) -> 9709 (1.66772, 11.0246)
    6358 (10.7015, -0.79199) -> 8591 (9.5828, 0.578406)
    6359 (11.2623, -2.09563) -> 6050 (10.266, -0.969985)
    6360 (23.8179, 16.6156) -> 6530 (22.2277, 16.5271)
    6361 (23.2949, -5.09908) -> 7752 (21.9345, -3.84938)
    6362 (3.48901, 12.1769) -> 6959 (2.47711, 13.3101)
    6363 (0.622728, 22.467) -> 7988 (0.64752, 20.8203)
    6364 (17.2107, 29.446) -> 7457 (15.7872, 28.6089)
    6365 (15.4816, -6.60677) -> 9044 (14.6132, -5.79526)
    6366 (15.7567, 2.45029) -> 9348 (14.3346, 3.20891)
    6367 (5.46822, 9.31328) -> 5212 (5.26209, 9.44153)
    6368 (22.2682, -5.18714) -> 9171 (20.9698, -4.16979)
    6369 (19.7125, 27.6183) -> 9514 (18.3192, 27.0782)
    6370 (22.5164, 18.4828) -> 9577 (21.9744, 18.711)
    6371 (17.7322, 22.7848) -> 1015 (15.9088, 22.2018)
    6372 (24.4288, 26.1911) -> 9903 (23.2187, 25.5116)
    6373 (13.8672, -0.673071) -> 9346 (13.0065, -0.119776)
    6374 (19.6841, -3.2118) -> 8806 (19.3156, -3.03331)
    6375 (7.13521, 18.18) -> 7879 (5.78418, 17.8182)
    6376 (20.9019, 0.106541) -> 8601 (19.5359, 0.760908)
    6377 (0.210264, 10.1446) -> 2808 (0.416948, 11.2645)
    6378 (4.70268, 2.25059) -> 6210 (3.99741, 3.88587)
    6379 (7.58807, -0.863163) -> 981 (6.73646, 0.182038)
    6380 (2.55493, 2.76431) -> 8837 (2.31469, 4.10516)
    6381 (2.01781, 1.06316) -> 531 (2.01355, 2.83894)
    6382 (16.9282, 2.97813) -> 7978 (15.2581, 3.79888)
    6383 (11.6714, 1.37362) -> 9722 (10.4746, 1.99547)
    6384 (10.6444, 24.6339) -> 8563 (10.1864, 24.3577)
    6385 (6.53596, 18.5566) -> 8862 (5.16653, 18.0777)
    6386 (2.11217, -8.56688) -> 8626 (2.13636, -8.39167)
    6387 (23.264, 4.80865) -> 9249 (22.0743, 5.14532)
    6388 (19.5727, 18.8981) -> 9823 (17.6258, 19.065)
    6389 (13.2682, -6.44483) -> 9701 (12.1354, -4.85657)
    6390 (13.499, -3.11654) -> 9324 (13.0707, -2.08407)
    6391 (1.1552, -0.345625) -> 8890 (1.0956, 1.45554)
    6392 (24.8097, 11.8754) -> 6265 (23.5472, 12.7039)
    6393 (18.433, 3.30484) -> 8212 (17.2214, 3.47125)
    6394 (2.21689, -4.64629) -> 9298 (1.87262, -2.92791)
    6395 (17.078, 4.35693) -> 7105 (15.4374, 4.8588)
    6396 (6.25613, 4.40217) -> 9781 (5.9808, 4.71439)
    6397 (20.695, 26.1098) -> 9474 (19.5699, 25.5015)
    6398 (19.0198, 17.0556) -> 8132 (18.3156, 17.376)
    6399 (11.9093, 19.1414) -> 6701 (10.4564, 19.2964)
    6400 (21.3281, 3.42583) -> 8918 (21.0092, 3.43934)
    6401 (15.4111, -8.04813) -> 9896 (14.7573, -7.45363)
    6402 (19.5809, -0.877221) -> 7039 (18.2281, -0.0855297)
    6403 (0.837329, 4.32812) -> 576 (0.759185, 5.81422)
    6404 (14.2447, 26.4709) -> 5492 (12.8895, 25.5734)
    6405 (22.6375, 17.0136) -> 9642 (21.7469, 17.244)
    6406 (8.86195, 24.0582) -> 7196 (7.972, 23.3371)
    6407 (9.31178, 3.70121) -> 2575 (7.68018, 4.84449)
    6408 (22.9041, 15.1722) -> 9615 (22.6089, 15.4729)
    6409 (6.35143, 22.9063) -> 782 (5.02307, 21.5386)
    6410 (18.9503, 0.566881) -> 9879 (17.8087, 1.22026)
    6411 (3.6974, 25.4292) -> 9225 (3.25533, 23.7967)
    6412 (23.294, 25.405) -> 9780 (22.3088, 25.1418)
    6413 (18.9851, -4.08294) -> 5800 (18.1949, -3.48033)
    6414 (14.1148, 21.9886) -> 145 (12.2227, 21.524)
    6415 (22.0138, 7.86854) -> 6934 (21.5482, 7.8146)
    6416 (19.2997, 11.3585) -> 7959 (18.0944, 10.6456)
    6417 (2.46904, 14.2527) -> 0 (1, 15)
    6418 (16.5877, 3.77503) -> 9412 (14.7975, 4.62642)
    6419 (15.6592, 6.02446) -> 9089 (14.3759, 6.06225)
    6420 (0.848135, 6.68675) -> 9710 (0.834278, 8.2875)
    6421 (18.2057, -3.68953) -> 6496 (17.1816, -2.75783)
    6422 (15.107, 6.78372) -> 3229 (13.7997, 6.79888)
    6423 (10.0205, 24.7899) -> 6406 (8.86195, 24.0582)
    6424 (19.7229, 3.75874) -> 8521 (18.4227, 4.13674)
    6425 (8.78578, 1.28309) -> 9433 (8.09917, 2.09195)
    6426 (12.7214, 18.8755) -> 5637 (10.7775, 19.149)
    6427 (24.5861, -8.97038) -> 4053 (24.1337, -8.54389)
    6428 (4.187, -7.88428) -> 9178 (3.96741, -6.50564)
    6429 (5.48404, -8.67361) -> 4274 (5.07467, -6.9582)
    6430 (15.6511, 4.35836) -> 9087 (13.7542, 4.83996)
    6431 (3.433, 26.2144) -> 9676 (2.99742, 24.6948)
    6432 (0.797939, 24.1897) -> 6363 (0.622728, 22.467)
    6433 (7.77626, 5.87681) -> 499 (6.23211, 7.04982)
    6434 (19.055, 17.101) -> 8132 (18.3156, 17.376)
    6435 (0.883204, -8.12811) -> 8223 (0.846097, -7.91979)
    6436 (24.5149, -9.63347) -> 1124 (23.9161, -9.02794)
    6437 (12.5018, 22.0185) -> 7587 (11.6941, 21.9197)
    6438 (6.65109, 6.82233) -> 574 (6.04343, 7.33035)
    6439 (9.27979, 7.69917) -> 8043 (8.29339, 7.84592)
    6440 (7.1869, 28.4839) -> 5678 (6.60307, 27.4692)
    6441 (7.04764, 14.6209) -> 3346 (5.14122, 14.9049)
    6442 (1.99735, 8.13679) -> 534 (1.70297, 9.5569)
    6443 (1.94812, 0.296715) -> 1314 (1.62112, 2.06615)
    6444 (16.3272, -8.99217) -> 9716 (15.785, -8.05889)
    6445 (1.55834, 26.4464) -> 5257 (1.41553, 24.976)
    6446 (22.3866, 27.7358) -> 9913 (21.5889, 27.0629)
    6447 (21.3284, 10.9661) -> 9651 (20.0703, 11.8391)
    6448 (4.77031, 8.69203) -> 7341 (3.94387, 9.58446)
    6449 (24.1949, -8.45541) -> 7967 (23.0807, -7.60353)
    6450 (24.714, 28.5736) -> 9427 (23.7098, 27.8341)
    6451 (9.01942, 20.5549) -> 7260 (7.82664, 19.9741)
    6452 (21.6796, 3.55953) -> 9764 (21.1895, 3.62091)
    6453 (6.28181, 13.1369) -> 9179 (4.42751, 13.6819)
    6454 (19.0755, 27.1429) -> 6867 (17.7899, 26.2706)
    6455 (5.64264, 25.9825) -> 6214 (5.31095, 25.2366)
    6456 (2.83777, -6.43578) -> 1165 (2.75861, -5.99458)
    6457 (3.15342, -4.88278) -> 5873 (2.8055, -2.96148)
    6458 (18.6328, -7.23568) -> 8295 (17.6557, -6.33914)
    6459 (7.35608, 27.3131) -> 1171 (6.6326, 26.3873)
    6460 (14.6893, 18.7212) -> 9125 (14.5747, 18.7721)
    6461 (17.574, 15.2135) -> 3864 (16.4467, 16.0248)
    6462 (0.167914, 21.916) -> 9924 (0.271941, 20.3841)
    6463 (13.8111, -6.07779) -> 9243 (13.0286, -4.30382)
    6464 (1.50638, 26.8383) -> 9378 (1.30639, 25.5515)
    6465 (23.7892, 10.9104) -> 9713 (22.811, 11.5136)
    6466 (21.1763, 6.03356) -> 8877 (20.5867, 6.16366)
    6467 (8.99638, -3.6191) -> 8402 (8.51868, -2.13003)
    6468 (24.9481, 19.773) -> 8770 (23.6366, 19.8971)
    6469 (10.6122, 27.049) -> 2811 (9.55954, 25.9914)
    6470 (14.3651, 10.2887) -> 9292 (13.9694, 9.43567)
    6471 (11.7321, 18.9083) -> 7664 (9.76625, 19.1003)
    6472 (6.40031, 0.106341) -> 5930 (5.72758, 1.49264)
    6473 (1.66252, 21.1922) -> 8889 (1.5551, 20.5019)
    6474 (18.083, 22.6757) -> 7342 (16.4354, 22.3296)
    6475 (6.99542, 19.3359) -> 6252 (5.69759, 18.7407)
    6476 (1.42444, -8.75727) -> 6911 (1.39008, -6.99012)
    6477 (9.39638, -9.26187) -> 9554 (8.9867, -8.4003)
    6478 (8.4124, -1.09911) -> 9538 (8.0553, -0.502301)
    6479 (15.8443, 25.4664) -> 7930 (15.0596, 24.8284)
    6480 (19.6001, 20.7203) -> 7407 (18.4102, 21.073)
    6481 (18.9016, 3.03695) -> 8212 (17.2214, 3.47125)
    6482 (14.9654, 26.0737) -> 9786 (14.0769, 25.4582)
    6483 (5.45398, 10.7091) -> 2388 (5.06191, 10.9422)
    6484 (24.5966, -5.05278) -> 9264 (23.2565, -4.13449)
    6485 (16.8816, 0.813696) -> 8684 (15.8115, 1.31387)
    6486 (6.23579, 29.0747) -> 131 (5.59053, 27.7391)
    6487 (6.41082, 6.01023) -> 5361 (5.65851, 6.93915)
    6488 (21.4404, 29.6365) -> 7311 (20.8092, 29.1673)
    6489 (15.7942, 20.8937) -> 8202 (14.8429, 20.8352)
    6490 (4.5899, 28.7896) -> 5950 (3.9314, 27.242)
    6491 (20.7464, 16.6587) -> 8745 (20.1226, 16.8208)
    6492 (11.6307, -7.73013) -> 8666 (10.9495, -6.60504)
    6493 (20.7801, 1.48163) -> 6032 (19.4146, 1.96218)
    6494 (7.71294, 7.41967) -> 9069 (6.74871, 7.9256)
    6495 (0.552675, 2.85468) -> 8112 (0.755518, 4.03276)
    6496 (17.1816, -2.75783) -> 2647 (15.6286, -1.64601)
    6497 (10.0663, 20.7247) -> 6451 (9.01942, 20.5549)
    6498 (5.41465, 0.575854) -> 5648 (4.67269, 2.27884)
    6499 (5.97283, 18.1905) -> 7083 (5.65867, 18.0254)
    6500 (9.05372, 20.5446) -> 7260 (7.82664, 19.9741)
    6501 (4.46913, 19.8866) -> 7023 (4.4545, 19.8697)
    6502 (9.56744, -4.02407) -> 8273 (8.90152, -2.49445)
    6503 (15.8792, 21.6431) -> 5896 (13.9502, 21.4775)
    6504 (18.2375, -1.38509) -> 9239 (16.9917, -0.378895)
    6505 (15.5781, 12.472) -> 9300 (15.613, 12.3709)
    6506 (10.4172, 25.1103) -> 6406 (8.86195, 24.0582)
    6507 (21.0388, 22.7007) -> 8243 (19.7057, 22.3611)
    6508 (15.6357, -9.0648) -> 9744 (14.6867, -7.8307)
    6509 (19.9215, 1.42856) -> 8397 (18.5341, 2.11922)
    6510 (4.73587, 29.4771) -> 8373 (4.57567, 29.089)
    6511 (9.24689, 17.1957) -> 9241 (7.50394, 17.1998)
    6512 (8.89207, 25.7109) -> 8357 (7.9443, 24.9003)
    6513 (17.4082, 12.7634) -> 9462 (16.8506, 13.9392)
    6514 (7.32711, 13.022) -> 9985 (5.43726, 13.4564)
    6515 (13.6569, 24.0919) -> 1082 (12.4659, 23.524)
    6516 (22.7992, -1.51352) -> 9117 (21.5911, -0.641691)
    6517 (12.1369, 9.19542) -> 5158 (11.0792, 8.30468)
    6518 (2.74561, -3.45657) -> 9448 (2.56034, -2.27471)
    6519 (4.32673, 7.11911) -> 4378 (3.79404, 7.8945)
    6520 (1.49325, 15.4748) -> 0 (1, 15)
    6521 (18.0878, -1.22213) -> 7292 (17.0232, -0.596571)
    6522 (20.1245, 22.494) -> 7191 (18.7182, 22.0997)
    6523 (15.6089, -5.88761) -> 9689 (15.0739, -4.58572)
    6524 (4.5118, 3.3466) -> 8152 (4.24644, 3.83186)
    6525 (8.37708, 0.163928) -> 8085 (7.58577, 1.01599)
    6526 (21.0115, 16.9368) -> 8745 (20.1226, 16.8208)
    6527 (19.4683, -1.95624) -> 8911 (17.7518, -0.933013)
    6528 (1.36791, 10.6186) -> 1103 (1.08122, 12.5451)
    6529 (20.1732, 18.8519) -> 9560 (18.896, 18.8481)
    6530 (22.2277, 16.5271) -> 9214 (21.1863, 16.624)
    6531 (17.156, -2.14231) -> 3301 (16.7399, -1.72735)
    6532 (16.5689, 4.80121) -> 9274 (16.53, 4.94741)
    6533 (14.1443, 13.7425) -> 9752 (14.9672, 15.196)
    6534 (2.80485, -5.19786) -> 8396 (2.71976, -4.10479)
    6535 (14.7004, 9.9287) -> 3303 (14.0927, 9.48699)
    6536 (18.208, -5.20617) -> 5941 (17.7069, -4.60831)
    6537 (18.6795, 27.1313) -> 9514 (18.3192, 27.0782)
    6538 (11.6039, -7.86481) -> 8666 (10.9495, -6.60504)
    6539 (8.59834, 0.525719) -> 4936 (7.69314, 1.80845)
    6540 (10.831, 17.133) -> 9986 (10.785, 17.223)
    6541 (3.11589, 8.17339) -> 8554 (2.81367, 8.71359)
    6542 (22.6146, 23.7239) -> 9325 (21.971, 23.5702)
    6543 (15.653, -9.47847) -> 8164 (15.3993, -9.12319)
    6544 (21.8807, -6.80655) -> 7554 (21.3745, -6.47701)
    6545 (11.6002, 18.6696) -> 100 (10.0093, 18.8908)
    6546 (24.0376, -2.6891) -> 9306 (22.9158, -1.99939)
    6547 (24.3468, 18.4033) -> 8479 (23.2545, 18.5004)
    6548 (24.0952, 2.84317) -> 9556 (22.56, 3.42085)
    6549 (13.306, -4.46787) -> 4183 (12.6097, -3.79615)
    6550 (22.7479, 15.2272) -> 8509 (20.783, 15.5567)
    6551 (11.564, -6.76978) -> 1680 (11.0158, -5.77693)
    6552 (3.51494, 27.1437) -> 5579 (3.16452, 25.3939)
    6553 (12.3462, 21.3982) -> 5175 (11.6283, 21.3063)
    6554 (23.8542, -1.03391) -> 6983 (23.0975, -0.690793)
    6555 (15.2709, 29.1664) -> 7662 (13.8983, 28.0688)
    6556 (8.62057, 22.8869) -> 1217 (7.22306, 21.7952)
    6557 (17.7727, 23.3032) -> 9934 (16.0304, 22.8468)
    6558 (19.6718, 14.3563) -> 9403 (19.1281, 14.7473)
    6559 (11.9816, 4.34654) -> 3113 (10.8972, 4.7412)
    6560 (11.5218, 26.2491) -> 7283 (10.2372, 25.238)
    6561 (21.8219, 17.8205) -> 9019 (20.8371, 17.9224)
    6562 (8.24762, 16.2126) -> 7580 (6.59424, 16.3675)
    6563 (6.48942, 14.9976) -> 1334 (4.96132, 15.2074)
    6564 (3.60647, 22.0971) -> 3085 (3.22434, 21.2494)
    6565 (15.9501, 13.0906) -> 6999 (16.0735, 13.0981)
    6566 (4.11204, 3.77612) -> 3982 (3.48127, 5.64555)
    6567 (21.6422, -4.83152) -> 9171 (20.9698, -4.16979)
    6568 (20.8665, 26.5319) -> 8259 (19.266, 25.9416)
    6569 (22.7619, 28.8368) -> 9687 (21.4719, 28.4508)
    6570 (2.67533, 12.7799) -> 2067 (2.42752, 13.1315)
    6571 (21.2772, -8.85051) -> 9944 (20.2927, -7.87122)
    6572 (16.9821, 28.0018) -> 7864 (16.2459, 27.503)
    6573 (21.2223, 26.0922) -> 9474 (19.5699, 25.5015)
    6574 (2.47468, 24.231) -> 8359 (2.44451, 24.0601)
    6575 (21.1249, 17.2205) -> 8251 (19.3983, 17.5947)
    6576 (13.3864, -8.55998) -> 8952 (12.6079, -7.51522)
    6577 (15.1829, -1.67084) -> 8332 (14.3824, -1.09207)
    6578 (17.0684, 0.130232) -> 9981 (15.9017, 0.900864)
    6579 (12.1483, -2.07229) -> 9682 (10.8167, -0.935544)
    6580 (22.151, 17.7199) -> 9019 (20.8371, 17.9224)
    6581 (11.6463, 28.4823) -> 3273 (11.2518, 28.0992)
    6582 (10.3993, 18.4992) -> 9809 (8.82742, 18.6419)
    6583 (1.62592, 26.6484) -> 5257 (1.41553, 24.976)
    6584 (1.55066, 18.517) -> 395 (1.33314, 17.2172)
    6585 (7.99518, 26.3902) -> 9646 (7.28727, 25.5237)
    6586 (9.34064, 29.9509) -> 9952 (8.51069, 28.8882)
    6587 (10.2218, 21.3203) -> 7703 (8.96, 20.9428)
    6588 (23.9566, 6.30777) -> 7539 (23.7309, 6.40274)
    6589 (13.8553, -2.33509) -> 4714 (12.4999, -1.27526)
    6590 (11.0591, 21.9518) -> 9572 (10.2134, 21.7514)
    6591 (3.46089, 11.7618) -> 2734 (3.17973, 12.0685)
    6592 (1.06486, 5.31697) -> 9231 (1.18379, 5.89328)
    6593 (1.67963, 10.2917) -> 8907 (1.35223, 11.7158)
    6594 (22.3202, 24.3135) -> 8200 (20.7713, 23.8469)
    6595 (21.0959, 28.5459) -> 9910 (20.4299, 28.047)
    6596 (21.2946, 24.7721) -> 9197 (20.5808, 24.4654)
    6597 (0.679387, 18.1308) -> 3335 (0.766559, 16.7712)
    6598 (18.0934, -2.05441) -> 9132 (16.9716, -1.05096)
    6599 (7.82879, 18.1875) -> 2901 (6.01474, 17.8342)
    6600 (15.2283, 11.4536) -> 8970 (14.4672, 10.0121)
    6601 (7.58283, 23.7069) -> 8128 (6.33818, 22.4749)
    6602 (21.2497, 22.3113) -> 1730 (19.412, 21.977)
    6603 (22.2738, 11.1297) -> 8000 (22.0574, 11.3004)
    6604 (2.96459, 9.16092) -> 2243 (2.5714, 9.76676)
    6605 (5.2273, 12.3594) -> 4988 (3.53094, 13.3477)
    6606 (15.2491, 14.5604) -> 9752 (14.9672, 15.196)
    6607 (5.95468, 18.2083) -> 7083 (5.65867, 18.0254)
    6608 (4.40371, 0.183838) -> 369 (4.09003, 0.666519)
    6609 (7.9665, 24.3704) -> 9607 (6.98166, 23.435)
    6610 (5.39395, -2.15811) -> 133 (5.17573, -1.40716)
    6611 (9.11961, 8.53227) -> 8588 (8.03879, 8.59723)
    6612 (18.5843, 14.2107) -> 8954 (17.886, 14.5971)
    6613 (23.3487, 11.9422) -> 9938 (22.6537, 12.3606)
    6614 (13.9322, 16.2844) -> 7748 (12.7976, 17.8039)
    6615 (13.6082, 21.4606) -> 8351 (12.5625, 21.2679)
    6616 (15.1869, -9.2007) -> 9971 (14.3466, -7.91896)
    6617 (17.7475, 1.87135) -> 9728 (16.8518, 2.35361)
    6618 (10.092, -4.19114) -> 8145 (9.13475, -2.60681)
    6619 (9.56195, 10.026) -> 6250 (7.91131, 9.36924)
    6620 (12.8784, 4.0486) -> 8968 (11.9898, 4.84677)
    6621 (12.585, 2.40748) -> 8801 (11.5121, 2.97633)
    6622 (11.4625, 8.84036) -> 9006 (10.8344, 8.5455)
    6623 (14.2156, 24.2775) -> 1082 (12.4659, 23.524)
    6624 (18.1469, -0.374789) -> 6578 (17.0684, 0.130232)
    6625 (1.2145, 17.5526) -> 2712 (1.07579, 15.8113)
    6626 (11.0908, 22.3745) -> 9355 (10.1541, 22.1343)
    6627 (24.3634, 0.307513) -> 9995 (23.3502, 0.679493)
    6628 (21.6654, -4.07581) -> 8942 (20.2784, -2.95778)
    6629 (13.274, 7.30818) -> 8888 (11.5601, 7.54936)
    6630 (18.7166, 5.31452) -> 8171 (17.5641, 5.6569)
    6631 (6.03892, 28.4887) -> 8984 (5.75914, 27.3356)
    6632 (21.2198, 2.59994) -> 7303 (19.5487, 3.01192)
    6633 (6.96733, -1.32041) -> 3687 (6.28664, 0.123256)
    6634 (16.5763, 19.0379) -> 9954 (15.7407, 18.9321)
    6635 (24.4447, 9.69181) -> 9354 (23.1196, 9.16767)
    6636 (21.027, 27.1341) -> 3037 (19.7867, 26.7432)
    6637 (13.6961, -9.11207) -> 8952 (12.6079, -7.51522)
    6638 (16.8567, 19.4016) -> 8856 (15.5637, 19.5471)
    6639 (20.846, 22.3981) -> 8876 (18.9551, 22.0757)
    6640 (19.9039, -4.67598) -> 8052 (18.773, -3.85934)
    6641 (20.8684, -4.05041) -> 7759 (19.7451, -3.20339)
    6642 (7.94654, 12.4398) -> 785 (6.03446, 12.8603)
    6643 (19.5672, 27.2835) -> 812 (17.9503, 26.1403)
    6644 (18.1732, -5.78902) -> 9818 (17.961, -5.45656)
    6645 (22.9087, 12.6716) -> 2639 (21.5817, 13.7517)
    6646 (23.9067, -7.55143) -> 8511 (22.7258, -6.56421)
    6647 (11.7554, 2.31265) -> 7980 (11.6275, 2.37616)
    6648 (20.0963, 24.2065) -> 9285 (19.4152, 23.8806)
    6649 (23.7838, 16.1148) -> 8543 (23.515, 16.3173)
    6650 (21.7389, 3.72394) -> 9013 (20.9144, 3.98549)
    6651 (8.46944, -2.51022) -> 8464 (7.70319, -1.06909)
    6652 (19.0983, 19.0587) -> 9660 (18.6597, 19.1555)
    6653 (15.641, 2.5446) -> 9348 (14.3346, 3.20891)
    6654 (17.1164, 15.0833) -> 1919 (16.6195, 15.5435)
    6655 (8.52566, 26.4765) -> 3088 (7.9606, 25.475)
    6656 (6.10157, -2.7338) -> 7239 (5.5827, -1.05485)
    6657 (1.90545, 23.0742) -> 2024 (1.5874, 21.1322)
    6658 (18.4483, 14.2459) -> 6287 (17.4237, 14.9302)
    6659 (21.1756, 26.9178) -> 8439 (19.5887, 26.3533)
    6660 (18.97, 21.8139) -> 8498 (17.2262, 21.668)
    6661 (17.5648, 5.45286) -> 9881 (17.0284, 5.91179)
    6662 (16.9157, 19.3524) -> 8856 (15.5637, 19.5471)
    6663 (4.38644, -1.70529) -> 4581 (3.86135, -0.389652)
    6664 (6.23898, -8.1415) -> 6810 (6.00654, -7.61991)
    6665 (8.52018, -7.95988) -> 8791 (8.08511, -6.96908)
    6666 (2.90322, -2.70043) -> 5985 (2.64499, -1.42138)
    6667 (5.69426, -5.22327) -> 4905 (5.29369, -3.72112)
    6668 (4.6905, 25.4759) -> 192 (4.20772, 23.9909)
    6669 (17.4421, -2.26839) -> 8967 (17.2541, -2.07038)
    6670 (20.5542, -8.0612) -> 9944 (20.2927, -7.87122)
    6671 (15.688, -5.963) -> 9689 (15.0739, -4.58572)
    6672 (12.4458, 9.17879) -> 5158 (11.0792, 8.30468)
    6673 (3.78193, -3.94457) -> 9398 (3.69767, -2.49936)
    6674 (13.8123, 28.515) -> 6754 (12.8269, 27.664)
    6675 (2.21196, 28.0828) -> 7887 (1.97553, 26.9139)
    6676 (19.8257, 27.8129) -> 9514 (18.3192, 27.0782)
    6677 (1.38457, 1.85246) -> 9164 (1.28976, 2.42117)
    6678 (20.1269, 1.40611) -> 8397 (18.5341, 2.11922)
    6679 (0.225803, -1.40148) -> 5898 (0.23891, 0.311354)
    6680 (5.25176, -0.855403) -> 9226 (5.02688, 0.227667)
    6681 (20.7649, 8.74976) -> 7601 (18.9509, 8.44967)
    6682 (10.2821, 19.9426) -> 9626 (9.28973, 19.7651)
    6683 (10.6894, 20.4881) -> 4947 (9.03421, 20.1318)
    6684 (8.30368, 23.0595) -> 6232 (6.89672, 22.0839)
    6685 (19.0583, 16.9645) -> 8987 (17.5582, 17.41)
    6686 (15.4068, 7.47814) -> 9517 (13.625, 7.36445)
    6687 (24.2969, -3.1994) -> 9306 (22.9158, -1.99939)
    6688 (17.8329, 5.29154) -> 9881 (17.0284, 5.91179)
    6689 (17.5467, 16.9824) -> 9007 (16.5746, 17.3794)
    6690 (21.4861, 5.18466) -> 8571 (19.9725, 5.3074)
    6691 (21.8193, -4.65012) -> 7599 (20.6096, -3.79566)
    6692 (0.79051, 21.1156) -> 8767 (0.694801, 19.284)
    6693 (1.47097, 11.4496) -> 9590 (1.15035, 13.2446)
    6694 (1.4843, 23.8728) -> 3824 (1.25475, 22.4237)
    6695 (12.1098, 19.8713) -> 9788 (10.5252, 19.8233)
    6696 (14.4497, 13.3476) -> 9752 (14.9672, 15.196)
    6697 (17.0277, 10.5222) -> 8496 (15.5348, 9.27895)
    6698 (8.72219, 20.4045) -> 7260 (7.82664, 19.9741)
    6699 (11.6451, 1.66881) -> 7047 (10.596, 2.45334)
    6700 (8.1121, 27.3052) -> 8447 (7.05464, 25.8485)
    6701 (10.4564, 19.2964) -> 5360 (8.81444, 19.1537)
    6702 (0.203826, -2.49204) -> 6679 (0.225803, -1.40148)
    6703 (10.1959, -6.36005) -> 3161 (9.351, -4.97764)
    6704 (17.4818, 15.7909) -> 8450 (15.8615, 16.7568)
    6705 (1.97657, 12.0637) -> 3952 (1.6987, 12.7096)
    6706 (17.4593, 16.0186) -> 2119 (16.4607, 16.6224)
    6707 (10.068, 5.29017) -> 9885 (8.54275, 5.8686)
    6708 (8.45584, 10.9138) -> 3848 (6.55505, 10.5874)
    6709 (2.34898, -8.34962) -> 6135 (2.19822, -7.19322)
    6710 (14.7688, 4.8021) -> 9760 (13.3097, 5.28699)
    6711 (20.707, 26.3829) -> 9950 (19.4304, 25.8783)
    6712 (13.6247, 29.6061) -> 9575 (12.8356, 28.8293)
    6713 (22.1429, 23.3006) -> 7044 (20.4131, 23.1676)
    6714 (0.0961414, 7.2388) -> 2689 (0.323138, 9.13313)
    6715 (1.38167, 27.6767) -> 8815 (1.21574, 26.0137)
    6716 (20.5795, 15.7833) -> 9902 (18.8825, 16.2968)
    6717 (1.81749, -4.42411) -> 9298 (1.87262, -2.92791)
    6718 (10.4758, 27.7976) -> 5244 (9.52367, 26.9803)
    6719 (12.3535, -9.69943) -> 8174 (11.8759, -7.91377)
    6720 (9.41076, 2.24629) -> 8432 (8.52851, 3.37669)
    6721 (15.9464, 15.4425) -> 8471 (14.9165, 16.6736)
    6722 (4.12599, 28.7789) -> 3579 (3.68833, 27.4112)
    6723 (22.1405, 5.07924) -> 9249 (22.0743, 5.14532)
    6724 (13.0296, 18.6115) -> 7432 (11.9192, 18.8613)
    6725 (17.2729, 14.5388) -> 2423 (15.8431, 15.8169)
    6726 (12.6881, 19.505) -> 8539 (11.2532, 19.5336)
    6727 (17.7433, 3.86567) -> 9680 (16.0831, 4.25929)
    6728 (23.7681, -7.97199) -> 2239 (23.3649, -7.65174)
    6729 (1.0444, 29.4576) -> 4566 (1.16905, 27.4798)
    6730 (2.38758, 4.01577) -> 9518 (1.89782, 5.89532)
    6731 (16.861, -2.4233) -> 2647 (15.6286, -1.64601)
    6732 (17.431, 26.7693) -> 9740 (16.6573, 26.1718)
    6733 (7.07771, -4.62175) -> 9287 (6.87803, -4.26656)
    6734 (4.57985, 27.1275) -> 9080 (4.54243, 26.9068)
    6735 (5.32136, 27.582) -> 5069 (4.87857, 26.2104)
    6736 (7.00998, 2.12935) -> 8146 (6.18614, 3.07173)
    6737 (17.0177, 0.0821629) -> 9981 (15.9017, 0.900864)
    6738 (7.00105, -6.06478) -> 2120 (6.6514, -5.40414)
    6739 (18.2009, -0.177419) -> 6485 (16.8816, 0.813696)
    6740 (3.3238, 4.6057) -> 7167 (3.06172, 5.95667)
    6741 (21.3901, -1.30865) -> 8950 (20.2301, -0.891387)
    6742 (23.2728, -0.520089) -> 8386 (21.6559, 0.253185)
    6743 (22.6859, 20.5424) -> 9204 (21.1878, 20.2233)
    6744 (18.2428, 28.1598) -> 1900 (16.83, 27.2415)
    6745 (17.3215, 24.1781) -> 9893 (16.1371, 23.9718)
    6746 (18.2138, 13.3085) -> 6725 (17.2729, 14.5388)
    6747 (22.5447, -8.47395) -> 3184 (21.25, -7.01446)
    6748 (3.35671, 0.421589) -> 482 (3.17526, 0.949083)
    6749 (16.5358, 20.3759) -> 9982 (15.0674, 20.4176)
    6750 (18.6049, 2.42573) -> 6058 (17.0198, 2.94774)
    6751 (14.401, 25.0075) -> 9550 (13.9926, 24.7028)
    6752 (5.6541, 17.3528) -> 3023 (4.12472, 16.6875)
    6753 (23.9601, 9.18672) -> 8122 (22.0077, 8.9798)
    6754 (12.8269, 27.664) -> 967 (11.6794, 26.5181)
    6755 (17.1912, 19.6135) -> 9933 (16.0156, 19.7497)
    6756 (9.79171, 6.41309) -> 9496 (9.36918, 6.53397)
    6757 (0.0447817, -5.16196) -> 1830 (0.0596774, -3.22233)
    6758 (6.3231, -3.707) -> 9845 (6.22977, -3.09418)
    6759 (19.866, 2.09488) -> 7766 (18.1715, 2.85268)
    6760 (12.9065, 1.52483) -> 7980 (11.6275, 2.37616)
    6761 (7.54398, 1.00379) -> 9209 (6.86989, 1.91943)
    6762 (0.497371, 23.4864) -> 128 (0.643605, 21.6671)
    6763 (17.1623, -5.50729) -> 8816 (16.2526, -4.49698)
    6764 (4.55708, -0.286829) -> 369 (4.09003, 0.666519)
    6765 (12.2803, 9.04319) -> 5158 (11.0792, 8.30468)
    6766 (9.15526, 28.9242) -> 8289 (8.65155, 28.2807)
    6767 (9.7092, 25.4674) -> 3028 (8.86006, 24.7742)
    6768 (5.25159, 18.6823) -> 4767 (4.80738, 18.3796)
    6769 (15.6122, 29.219) -> 7555 (14.6911, 28.6356)
    6770 (1.19245, 8.60645) -> 9255 (1.09055, 9.69151)
    6771 (21.6847, 6.55803) -> 9070 (20.8878, 6.65036)
    6772 (9.86196, -8.32066) -> 7373 (9.14051, -6.54211)
    6773 (12.996, 7.57863) -> 3312 (11.7651, 7.51181)
    6774 (24.3787, 17.1595) -> 8297 (23.5136, 16.9296)
    6775 (10.038, -5.9012) -> 9043 (9.43811, -4.42768)
    6776 (2.95012, 2.98312) -> 9844 (2.45667, 4.58842)
    6777 (20.2474, 19.0779) -> 9660 (18.6597, 19.1555)
    6778 (6.14023, -8.06614) -> 6810 (6.00654, -7.61991)
    6779 (1.05681, 19.3532) -> 3812 (1.09411, 17.4941)
    6780 (22.9428, 9.58598) -> 8706 (21.1143, 9.24745)
    6781 (1.25665, 29.0593) -> 9107 (1.23357, 27.7124)
    6782 (10.8123, -3.85784) -> 8718 (10.6008, -3.76812)
    6783 (17.6308, 19.058) -> 9823 (17.6258, 19.065)
    6784 (10.2465, 6.4601) -> 4909 (9.25624, 6.71624)
    6785 (10.2063, 29.614) -> 7481 (9.23627, 28.5419)
    6786 (14.4075, -5.69256) -> 8910 (13.3445, -4.54499)
    6787 (12.8764, -9.25028) -> 9143 (12.6553, -8.64953)
    6788 (2.89918, 8.24818) -> 5041 (2.406, 9.57323)
    6789 (6.2007, -4.91691) -> 7649 (5.5807, -3.27279)
    6790 (24.3734, 18.7538) -> 1613 (23.3874, 18.7371)
    6791 (5.48107, 0.851666) -> 2358 (5.28598, 1.53885)
    6792 (1.31905, 13.0843) -> 0 (1, 15)
    6793 (1.51384, 16.1089) -> 0 (1, 15)
    6794 (22.9943, 0.552139) -> 8850 (21.1937, 1.31023)
    6795 (23.9391, 6.13414) -> 9180 (22.4337, 6.13782)
    6796 (22.5345, 2.8083) -> 8880 (21.1078, 3.15842)
    6797 (9.88542, 21.8739) -> 8262 (9.10298, 21.6499)
    6798 (14.0526, -1.49257) -> 7562 (13.5959, -0.967981)
    6799 (22.9397, 23.4738) -> 4446 (21.2902, 23.337)
    6800 (11.8808, -9.66558) -> 7538 (10.9336, -7.98306)
    6801 (15.0045, 22.6942) -> 4045 (13.9547, 22.4745)
    6802 (12.4539, 8.43345) -> 9439 (11.2596, 7.87728)
    6803 (12.8133, 27.1244) -> 9126 (11.7454, 26.3522)
    6804 (1.72952, 4.35329) -> 1716 (1.5514, 5.04349)
    6805 (13.4727, 6.30245) -> 6880 (11.7242, 6.59798)
    6806 (20.7912, -7.59859) -> 9393 (19.9663, -7.0004)
    6807 (21.3493, 26.1439) -> 9474 (19.5699, 25.5015)
    6808 (11.0823, 21.7273) -> 732 (9.45304, 21.2769)
    6809 (20.5266, 29.8647) -> 6817 (19.3558, 29.0932)
    6810 (6.00654, -7.61991) -> 4185 (5.39882, -5.79971)
    6811 (20.9779, -3.7774) -> 9083 (20.8266, -3.75643)
    6812 (14.3523, -2.39095) -> 3723 (13.748, -1.93255)
    6813 (1.89204, -6.86007) -> 8055 (1.8275, -6.06081)
    6814 (0.894903, 21.4519) -> 9023 (0.891572, 21.1665)
    6815 (23.6914, 14.3831) -> 9270 (22.2424, 14.8833)
    6816 (9.11127, 27.077) -> 3088 (7.9606, 25.475)
    6817 (19.3558, 29.0932) -> 9833 (17.6568, 28.1777)
    6818 (3.70908, 12.9483) -> 5741 (2.8469, 13.634)
    6819 (15.5007, 10.8272) -> 8564 (15.3583, 10.5981)
    6820 (10.7074, -2.43089) -> 9855 (9.65488, -1.01757)
    6821 (17.5537, -2.2917) -> 8967 (17.2541, -2.07038)
    6822 (20.7189, 20.4489) -> 9419 (19.3625, 20.4254)
    6823 (14.4653, 21.8847) -> 3909 (13.125, 21.6075)
    6824 (2.69904, 13.3465) -> 1247 (1.90256, 14.1428)
    6825 (7.4017, 27.8759) -> 6130 (7.15, 27.526)
    6826 (10.5215, -6.98937) -> 9871 (10.1949, -6.47645)
    6827 (22.5346, 26.0275) -> 9342 (21.732, 25.6565)
    6828 (16.9541, 20.3035) -> 9835 (15.3522, 20.2488)
    6829 (9.78734, 18.3053) -> 9732 (9.31299, 18.3777)
    6830 (4.81644, -2.30926) -> 8383 (4.19924, -0.40752)
    6831 (11.6243, 6.33692) -> 7785 (10.6451, 6.53363)
    6832 (2.4354, 13.706) -> 0 (1, 15)
    6833 (5.47909, 29.7877) -> 9864 (5.12657, 29.2462)
    6834 (19.8834, 15.6696) -> 9902 (18.8825, 16.2968)
    6835 (13.7763, 3.53174) -> 3715 (12.029, 4.1891)
    6836 (23.9916, 11.9593) -> 1127 (23.8804, 12.0622)
    6837 (21.0042, 13.615) -> 7464 (19.8068, 14.3128)
    6838 (19.835, -4.83419) -> 1897 (18.2846, -3.68993)
    6839 (20.8304, 22.0815) -> 7620 (20.0184, 21.8759)
    6840 (15.3084, 18.7382) -> 5569 (13.856, 19.1534)
    6841 (13.7756, 22.4212) -> 9674 (12.7659, 22.0848)
    6842 (18.1946, 13.5495) -> 6725 (17.2729, 14.5388)
    6843 (7.1962, 16.9849) -> 7500 (5.30311, 16.6297)
    6844 (19.3636, 16.0248) -> 9902 (18.8825, 16.2968)
    6845 (23.0447, 29.5558) -> 9796 (21.9634, 28.9188)
    6846 (20.2406, 9.45767) -> 8917 (18.5075, 9.04693)
    6847 (1.23288, 29.8082) -> 5718 (1.17236, 27.8995)
    6848 (14.6155, -1.42658) -> 4779 (13.206, -0.327428)
    6849 (2.18321, 9.22287) -> 1244 (1.69579, 10.7994)
    6850 (11.6555, 9.60181) -> 9006 (10.8344, 8.5455)
    6851 (9.56162, 1.58825) -> 3539 (8.32016, 3.13733)
    6852 (2.96219, 21.5667) -> 9563 (2.43108, 20.1115)
    6853 (9.92142, 20.7326) -> 8163 (9.73059, 20.7324)
    6854 (6.1512, 17.5249) -> 7368 (5.08038, 17.246)
    6855 (15.4084, 26.5417) -> 7012 (14.2061, 25.839)
    6856 (10.4885, 26.4508) -> 5401 (10.1432, 26.1926)
    6857 (20.5233, 21.1831) -> 4612 (18.8455, 21.1814)
    6858 (19.4152, -3.91363) -> 7695 (18.804, -3.39213)
    6859 (6.14133, -7.12007) -> 4442 (5.74302, -6.03597)
    6860 (14.2763, 10.8267) -> 9292 (13.9694, 9.43567)
    6861 (17.2634, 24.3836) -> 9893 (16.1371, 23.9718)
    6862 (17.3021, 20.2755) -> 9835 (15.3522, 20.2488)
    6863 (2.29064, 14.8652) -> 0 (1, 15)
    6864 (1.17051, 11.9406) -> 4452 (1.01945, 13.679)
    6865 (5.5677, -5.83566) -> 7153 (5.12605, -4.0543)
    6866 (13.2027, 26.5627) -> 4495 (11.7689, 25.226)
    6867 (17.7899, 26.2706) -> 8841 (16.2057, 25.5021)
    6868 (18.399, -1.57903) -> 9239 (16.9917, -0.378895)
    6869 (16.4288, 12.3425) -> 9784 (16.0432, 14.2358)
    6870 (5.51254, 1.72953) -> 1588 (4.94916, 2.76521)
    6871 (19.1187, -7.30954) -> 9425 (18.2759, -6.34568)
    6872 (6.32671, -5.59075) -> 8508 (5.73944, -3.8477)
    6873 (21.1649, 13.0364) -> 8117 (20.3406, 13.818)
    6874 (1.08237, 4.8175) -> 9231 (1.18379, 5.89328)
    6875 (15.2499, 5.14569) -> 9587 (13.8067, 5.90609)
    6876 (1.11881, -2.44312) -> 9583 (1.11983, -0.54643)
    6877 (12.3797, 6.90577) -> 8597 (10.9381, 7.01391)
    6878 (3.50002, -6.06286) -> 6457 (3.15342, -4.88278)
    6879 (5.84246, 21.2493) -> 9183 (5.52084, 20.9466)
    6880 (11.7242, 6.59798) -> 7985 (10.88, 6.79703)
    6881 (23.0674, 14.1014) -> 9897 (21.7146, 15.0116)
    6882 (6.47722, 17.8105) -> 3150 (5.03479, 17.3597)
    6883 (11.7712, -9.05071) -> 7538 (10.9336, -7.98306)
    6884 (11.8849, 15.9883) -> 668 (10.9707, 17.621)
    6885 (20.8441, -7.08971) -> 8139 (19.8188, -6.15542)
    6886 (13.2274, 8.62975) -> 9708 (12.8113, 8.51127)
    6887 (5.00365, 21.514) -> 7693 (3.97328, 20.3204)
    6888 (22.8041, 18.2982) -> 9851 (21.4665, 18.2568)
    6889 (23.5531, -1.55468) -> 9794 (22.5579, -0.957286)
    6890 (18.8538, -1.60984) -> 8911 (17.7518, -0.933013)
    6891 (12.6337, 3.34091) -> 7422 (11.1528, 4.13169)
    6892 (0.766793, 1.7242) -> 1811 (0.816772, 2.91917)
    6893 (6.43856, -8.60439) -> 6859 (6.14133, -7.12007)
    6894 (18.0112, 23.8275) -> 9795 (16.6682, 23.4499)
    6895 (8.58477, 23.1326) -> 8188 (7.34424, 22.2635)
    6896 (21.6649, 7.15977) -> 8435 (20.0864, 7.03617)
    6897 (14.4645, 10.6999) -> 9292 (13.9694, 9.43567)
    6898 (19.2766, 9.01541) -> 8917 (18.5075, 9.04693)
    6899 (19.851, 25.3208) -> 7298 (19.1445, 24.9112)
    6900 (10.9904, -0.318905) -> 7360 (10.4516, 0.0741342)
    6901 (4.42274, 0.385608) -> 1822 (4.31132, 0.669072)
    6902 (5.56009, -4.02373) -> 8208 (4.94755, -2.38453)
    6903 (5.13642, 10.3266) -> 3768 (4.36126, 10.8558)
    6904 (11.6541, 19.6207) -> 9872 (9.85814, 19.641)
    6905 (8.83424, -8.3034) -> 9966 (8.67183, -7.43611)
    6906 (8.16338, 15.1739) -> 8481 (6.36512, 15.6933)
    6907 (24.4352, -7.21221) -> 9889 (23.3943, -6.3993)
    6908 (1.22794, 26.7394) -> 7815 (1.1306, 25.1225)
    6909 (19.9135, -3.47906) -> 8806 (19.3156, -3.03331)
    6910 (23.0981, -4.66002) -> 9957 (21.7025, -3.64424)
    6911 (1.39008, -6.99012) -> 115 (1.2435, -5.07649)
    6912 (0.651186, 4.7504) -> 3953 (0.509556, 6.54674)
    6913 (9.46712, -0.586259) -> 6539 (8.59834, 0.525719)
    6914 (17.2286, 14.5942) -> 2423 (15.8431, 15.8169)
    6915 (8.68186, 23.2614) -> 8188 (7.34424, 22.2635)
    6916 (23.7665, 12.1879) -> 5182 (22.3699, 13.2067)
    6917 (8.82679, 21.5199) -> 8927 (7.62436, 20.5614)
    6918 (20.5047, 13.3161) -> 8822 (19.5516, 13.7654)
    6919 (7.21771, -4.04117) -> 7624 (6.45477, -2.53151)
    6920 (7.13579, 14.2392) -> 2747 (5.18473, 14.4864)
    6921 (18.6838, 17.1459) -> 8132 (18.3156, 17.376)
    6922 (5.20916, 5.49719) -> 629 (4.632, 6.37742)
    6923 (3.90072, 19.7926) -> 5229 (3.14379, 18.6578)
    6924 (3.53378, 4.38317) -> 3931 (2.8435, 5.98831)
    6925 (0.350896, 23.0728) -> 7723 (0.415612, 21.5077)
    6926 (0.911536, 29.3403) -> 8501 (0.9421, 28.7068)
    6927 (11.8957, 17.5976) -> 2567 (10.166, 18.3444)
    6928 (15.5312, -8.0614) -> 8995 (14.8596, -7.05476)
    6929 (1.81692, 21.7726) -> 6473 (1.66252, 21.1922)
    6930 (23.7484, 14.4692) -> 9270 (22.2424, 14.8833)
    6931 (24.9613, 29.6872) -> 7381 (23.7857, 29.0552)
    6932 (9.72093, 0.856768) -> 9128 (9.62936, 0.924758)
    6933 (3.17382, 9.0757) -> 5028 (2.29753, 10.6675)
    6934 (21.5482, 7.8146) -> 315 (19.7679, 7.77666)
    6935 (7.86341, 7.53351) -> 4081 (7.64035, 7.62261)
    6936 (4.09206, 21.1323) -> 1145 (3.05924, 19.6443)
    6937 (5.3673, 6.36046) -> 6005 (4.13892, 7.82985)
    6938 (21.0072, -9.25382) -> 4647 (19.9496, -8.20953)
    6939 (4.88103, 12.2677) -> 6818 (3.70908, 12.9483)
    6940 (5.34463, 12.016) -> 6818 (3.70908, 12.9483)
    6941 (17.5489, 13.1778) -> 7966 (16.4431, 14.8436)
    6942 (15.986, 29.907) -> 9890 (15.0526, 29.0288)
    6943 (17.8631, -2.89284) -> 8452 (17.0542, -2.35745)
    6944 (19.8416, 20.8385) -> 7407 (18.4102, 21.073)
    6945 (7.84048, 19.3502) -> 6190 (6.73152, 18.9364)
    6946 (6.62666, 20.5802) -> 9357 (6.33073, 20.3584)
    6947 (6.80934, 13.3414) -> 1362 (5.08353, 14.0115)
    6948 (21.8507, 6.18383) -> 8877 (20.5867, 6.16366)
    6949 (8.62509, -3.54145) -> 8883 (8.42073, -3.33901)
    6950 (0.470875, 27.844) -> 3219 (0.409023, 26.8902)
    6951 (6.85676, 20.1087) -> 9479 (5.85763, 19.4619)
    6952 (10.2975, 9.00082) -> 1354 (9.0333, 8.48357)
    6953 (23.7793, 29.8636) -> 7596 (22.7937, 29.3419)
    6954 (20.297, 15.3996) -> 9902 (18.8825, 16.2968)
    6955 (13.1494, 26.4879) -> 9272 (13.0305, 26.2518)
    6956 (16.0716, 6.83877) -> 646 (14.1953, 6.96272)
    6957 (24.3963, 14.1073) -> 9951 (24.1086, 14.2346)
    6958 (12.9317, 1.77216) -> 7980 (11.6275, 2.37616)
    6959 (2.47711, 13.3101) -> 4101 (1.3527, 14.5484)
    6960 (6.97152, 9.84355) -> 9521 (5.23202, 10.6376)
    6961 (11.8947, 1.96888) -> 9353 (10.2872, 3.08318)
    6962 (22.9587, 14.6608) -> 9897 (21.7146, 15.0116)
    6963 (21.9089, 0.97213) -> 8850 (21.1937, 1.31023)
    6964 (9.24142, 20.4688) -> 6698 (8.72219, 20.4045)
    6965 (11.2224, 25.5348) -> 2309 (10.2489, 24.7145)
    6966 (8.07145, -7.28086) -> 9185 (7.57259, -6.05559)
    6967 (15.456, -2.83081) -> 8026 (14.9182, -2.53104)
    6968 (5.91256, 25.7303) -> 9956 (4.87384, 24.0373)
    6969 (17.6609, 12.0811) -> 9054 (17.3717, 13.7612)
    6970 (6.88434, 5.80374) -> 1546 (5.557, 7.14009)
    6971 (2.78249, 19.2714) -> 8953 (2.1198, 17.9917)
    6972 (18.3105, 16.3482) -> 9029 (16.4289, 17.0193)
    6973 (17.0272, 23.714) -> 9795 (16.6682, 23.4499)
    6974 (10.9138, 2.61479) -> 8658 (9.64906, 3.65034)
    6975 (5.66813, 22.1964) -> 9778 (4.93371, 20.9841)
    6976 (15.403, 3.81637) -> 8277 (14.4304, 4.05053)
    6977 (1.40011, -5.81697) -> 8857 (1.45065, -4.87176)
    6978 (16.9357, 27.1923) -> 3990 (15.4033, 26.3534)
    6979 (2.22506, 10.3429) -> 9091 (1.67712, 11.8318)
    6980 (11.0916, -5.7347) -> 7660 (10.2524, -4.43049)
    6981 (14.1078, 15.8475) -> 3672 (13.6704, 16.9522)
    6982 (8.75974, -7.7194) -> 157 (8.06531, -6.05697)
    6983 (23.0975, -0.690793) -> 8386 (21.6559, 0.253185)
    6984 (19.9954, -1.89432) -> 6269 (18.5863, -1.14233)
    6985 (20.419, 1.27018) -> 7547 (18.8076, 2.00046)
    6986 (23.2385, 24.6873) -> 9770 (22.8787, 24.5197)
    6987 (24.8087, -3.68812) -> 5508 (23.3225, -2.8784)
    6988 (24.6675, -9.04751) -> 9053 (23.1607, -7.95616)
    6989 (18.3091, -3.13285) -> 9943 (17.4787, -2.33307)
    6990 (13.3374, -9.04972) -> 9421 (12.4304, -7.45779)
    6991 (19.7635, 0.417765) -> 9947 (18.2876, 1.15028)
    6992 (22.2302, 6.21803) -> 6216 (20.7799, 6.49133)
    6993 (12.454, 6.19548) -> 7785 (10.6451, 6.53363)
    6994 (16.9756, 29.8286) -> 5329 (15.4612, 28.727)
    6995 (14.9559, -3.36312) -> 9748 (14.3187, -2.76937)
    6996 (1.977, -0.531386) -> 2031 (1.6873, 1.23819)
    6997 (5.30325, 28.5342) -> 9080 (4.54243, 26.9068)
    6998 (5.83222, 8.89382) -> 4399 (4.875, 9.56582)
    6999 (16.0735, 13.0981) -> 4746 (15.6715, 14.5461)
    7000 (4.38077, 11.1022) -> 6103 (3.29208, 12.1085)
    7001 (3.41807, 24.901) -> 9225 (3.25533, 23.7967)
    7002 (4.18341, 14.0959) -> 1 (2.93005, 14.4757)
    7003 (23.8154, -8.97519) -> 9873 (22.6052, -7.83885)
    7004 (0.178774, 20.8967) -> 5390 (0.327269, 19.5999)
    7005 (11.2778, -7.14713) -> 8666 (10.9495, -6.60504)
    7006 (5.45734, -9.02793) -> 8602 (5.20814, -7.25018)
    7007 (8.39624, 26.9327) -> 9646 (7.28727, 25.5237)
    7008 (13.3022, 28.4726) -> 8385 (12.0259, 27.3131)
    7009 (13.566, -8.06917) -> 9622 (12.7951, -6.91725)
    7010 (18.3247, 24.0931) -> 9795 (16.6682, 23.4499)
    7011 (2.70354, 21.6372) -> 8276 (2.14229, 19.8998)
    7012 (14.2061, 25.839) -> 3978 (13.4479, 25.4297)
    7013 (15.1434, -9.42218) -> 9971 (14.3466, -7.91896)
    7014 (0.522922, 29.5658) -> 1141 (0.640067, 27.9944)
    7015 (20.0587, -0.0287006) -> 8660 (18.5692, 0.365547)
    7016 (9.13366, -8.73111) -> 673 (8.49854, -7.38904)
    7017 (9.28317, 15.6156) -> 7433 (7.85748, 16.4578)
    7018 (21.4682, 29.4729) -> 1459 (19.7192, 28.549)
    7019 (12.1976, 4.99379) -> 1418 (11.0742, 5.57235)
    7020 (5.20245, -1.1759) -> 6901 (4.42274, 0.385608)
    7021 (20.1223, 29.4389) -> 3998 (19.1592, 28.6624)
    7022 (13.6406, 19.7147) -> 4249 (11.6614, 19.8505)
    7023 (4.4545, 19.8697) -> 5001 (3.52288, 18.7453)
    7024 (19.7203, -2.66982) -> 9162 (19.1778, -2.22917)
    7025 (4.58367, 2.64919) -> 6566 (4.11204, 3.77612)
    7026 (7.39557, 1.846) -> 7513 (6.2264, 3.20538)
    7027 (15.8785, 1.10261) -> 9599 (14.4334, 1.89257)
    7028 (6.7395, 12.0749) -> 1578 (4.9073, 12.6767)
    7029 (0.490912, -4.73603) -> 7954 (0.410325, -3.65227)
    7030 (22.3773, 18.2565) -> 9851 (21.4665, 18.2568)
    7031 (24.5064, 12.6703) -> 9105 (23.2778, 13.2295)
    7032 (19.4692, 17.1748) -> 9203 (18.47, 17.4661)
    7033 (3.61287, 6.61791) -> 9754 (3.05614, 7.6364)
    7034 (23.1144, 10.1124) -> 7686 (21.9714, 9.7421)
    7035 (6.0421, 11.6684) -> 9467 (4.8108, 12.2102)
    7036 (18.0168, 20.72) -> 9798 (16.4211, 20.8763)
    7037 (5.03681, 6.07326) -> 9020 (4.04391, 7.39465)
    7038 (17.7448, 22.7586) -> 4487 (16.1014, 22.5657)
    7039 (18.2281, -0.0855297) -> 299 (17.4092, 0.455617)
    7040 (4.22489, 4.87025) -> 9812 (3.99449, 5.43436)
    7041 (16.2955, 3.01626) -> 7978 (15.2581, 3.79888)
    7042 (9.3213, 1.47652) -> 9085 (8.34466, 2.71539)
    7043 (12.2951, 0.663813) -> 1062 (11.1727, 1.32742)
    7044 (20.4131, 23.1676) -> 1052 (18.5666, 22.8655)
    7045 (7.36961, 9.30986) -> 1010 (5.72156, 9.91645)
    7046 (0.700201, 6.88162) -> 510 (0.696282, 7.78117)
    7047 (10.596, 2.45334) -> 4533 (9.46851, 3.33366)
    7048 (24.165, 0.255678) -> 1885 (23.1006, 0.620121)
    7049 (23.289, 27.9548) -> 9913 (21.5889, 27.0629)
    7050 (17.8733, 17.9237) -> 5722 (16.4307, 18.2385)
    7051 (20.8518, 1.12293) -> 9960 (19.6961, 1.72886)
    7052 (13.5953, -9.88072) -> 9143 (12.6553, -8.64953)
    7053 (15.9434, 17.1515) -> 4248 (14.727, 17.6529)
    7054 (15.5986, -5.83621) -> 4241 (14.2224, -4.55669)
    7055 (2.00022, 26.6316) -> 9702 (1.94723, 24.7496)
    7056 (12.8953, 8.07604) -> 8361 (12.1698, 7.96648)
    7057 (21.7717, 8.73229) -> 7484 (20.5837, 8.638)
    7058 (17.5979, 12.4034) -> 9462 (16.8506, 13.9392)
    7059 (19.9981, -5.40175) -> 5025 (18.9158, -4.72882)
    7060 (4.39912, 18.5945) -> 8224 (3.2612, 17.6628)
    7061 (3.12851, 10.8966) -> 7850 (2.94299, 11.2689)
    7062 (11.5678, 25.174) -> 9113 (10.8426, 24.8303)
    7063 (17.2557, -7.25274) -> 9483 (16.6008, -5.91076)
    7064 (16.2386, -5.60532) -> 9689 (15.0739, -4.58572)
    7065 (2.52625, 23.3114) -> 4085 (2.11578, 21.7387)
    7066 (7.00401, 25.7264) -> 8441 (5.97502, 24.174)
    7067 (12.8197, 9.93503) -> 8550 (12.3552, 8.61571)
    7068 (18.7076, 18.1441) -> 4794 (17.2639, 18.3776)
    7069 (19.154, -3.90295) -> 6989 (18.3091, -3.13285)
    7070 (20.171, 22.7807) -> 9202 (19.4989, 22.6972)
    7071 (9.11202, -4.11743) -> 9975 (9.02296, -4.0065)
    7072 (23.9104, 26.1797) -> 9362 (22.0482, 25.6222)
    7073 (8.37796, 1.46106) -> 4145 (7.4141, 2.38036)
    7074 (11.6526, 29.5029) -> 9734 (11.2858, 29.1069)
    7075 (20.5488, -1.89137) -> 2048 (19.6752, -1.34726)
    7076 (24.4851, 7.49309) -> 8871 (22.7559, 7.56532)
    7077 (3.54371, 20.5538) -> 6971 (2.78249, 19.2714)
    7078 (0.592428, 10.2563) -> 5836 (0.617336, 10.3751)
    7079 (23.2667, 5.13383) -> 9441 (22.6193, 5.23796)
    7080 (2.20692, 20.865) -> 8610 (2.09078, 20.5959)
    7081 (22.1275, -6.90919) -> 9175 (20.912, -5.89941)
    7082 (11.1693, 1.47666) -> 2462 (9.68996, 2.7827)
    7083 (5.65867, 18.0254) -> 6045 (3.99634, 17.1888)
    7084 (8.70646, 28.1283) -> 6700 (8.1121, 27.3052)
    7085 (22.6631, 14.9555) -> 9882 (21.8536, 15.1907)
    7086 (4.77515, 29.056) -> 2493 (3.9867, 27.2205)
    7087 (24.0425, 5.19956) -> 7951 (23.6015, 5.29921)
    7088 (15.3812, 18.2783) -> 8577 (13.9591, 18.6622)
    7089 (5.12893, -0.245114) -> 9226 (5.02688, 0.227667)
    7090 (18.0609, -4.52202) -> 8703 (17.2709, -3.7648)
    7091 (7.73367, -8.76102) -> 627 (7.39269, -7.92753)
    7092 (15.0225, -7.59932) -> 9896 (14.7573, -7.45363)
    7093 (12.4126, 4.475) -> 9917 (12.0164, 4.99724)
    7094 (21.6449, 7.02358) -> 8435 (20.0864, 7.03617)
    7095 (14.2583, 29.9921) -> 8670 (13.6738, 29.384)
    7096 (22.8586, -8.96598) -> 1467 (22.131, -8.29601)
    7097 (21.1172, 6.42494) -> 6216 (20.7799, 6.49133)
    7098 (16.7484, 28.4179) -> 8919 (15.9432, 28.0367)
    7099 (2.39619, 27.1687) -> 7938 (2.28135, 25.786)
    7100 (23.0392, 21.6448) -> 4835 (21.2872, 21.6087)
    7101 (19.0796, 2.38204) -> 9603 (17.9752, 2.90979)
    7102 (5.8354, 4.2716) -> 5102 (4.77902, 5.57602)
    7103 (7.32553, 27.0071) -> 8121 (6.72066, 26.0386)
    7104 (3.63739, -0.679822) -> 482 (3.17526, 0.949083)
    7105 (15.4374, 4.8588) -> 9406 (13.6003, 5.38491)
    7106 (24.9133, 5.29244) -> 9688 (24.0626, 5.23557)
    7107 (12.3884, 7.71086) -> 8101 (10.9622, 7.45745)
    7108 (13.0324, 1.74233) -> 8472 (11.8345, 2.37929)
    7109 (6.72358, -1.2379) -> 7640 (5.97478, 0.600699)
    7110 (22.7147, 11.4022) -> 230 (21.0891, 12.5146)
    7111 (21.5021, 26.308) -> 8915 (21.03, 25.7927)
    7112 (24.3419, 4.43094) -> 9767 (23.0119, 4.43631)
    7113 (6.55131, 22.9122) -> 5377 (5.4286, 21.6868)
    7114 (1.26725, 17.1698) -> 2712 (1.07579, 15.8113)
    7115 (23.0164, 27.56) -> 9913 (21.5889, 27.0629)
    7116 (2.20604, -3.37436) -> 7404 (2.13969, -1.39245)
    7117 (16.8387, 1.36569) -> 9834 (16.7975, 1.34085)
    7118 (6.71802, -0.712318) -> 3687 (6.28664, 0.123256)
    7119 (24.2991, 1.38441) -> 9774 (23.3298, 1.75738)
    7120 (6.38111, -3.88061) -> 9845 (6.22977, -3.09418)
    7121 (7.45931, -9.04831) -> 8436 (6.86065, -7.49915)
    7122 (13.9152, 7.13185) -> 9961 (12.5954, 7.09647)
    7123 (16.1619, 24.0555) -> 9893 (16.1371, 23.9718)
    7124 (3.45164, -7.66779) -> 9860 (3.15219, -6.11642)
    7125 (18.6353, 29.3995) -> 8902 (17.5602, 28.5621)
    7126 (24.71, 15.6121) -> 7912 (23.8995, 15.6648)
    7127 (13.0665, -3.96402) -> 9376 (12.1545, -2.96131)
    7128 (17.5225, 4.73154) -> 9274 (16.53, 4.94741)
    7129 (4.97566, 29.6989) -> 8364 (4.83357, 29.082)
    7130 (17.0335, 0.714953) -> 8684 (15.8115, 1.31387)
    7131 (10.6735, 9.71023) -> 4597 (9.0763, 8.53414)
    7132 (14.7652, 13.1074) -> 8617 (15.2962, 13.8923)
    7133 (15.3471, -0.306741) -> 4895 (14.0647, 0.604767)
    7134 (10.8141, 9.24129) -> 3450 (9.541, 8.43977)
    7135 (23.4699, 17.5612) -> 1367 (21.9696, 17.8283)
    7136 (1.78499, -7.85927) -> 8055 (1.8275, -6.06081)
    7137 (12.0977, -1.87692) -> 8930 (10.9838, -0.751196)
    7138 (18.9333, -8.79617) -> 8901 (18.1709, -7.79705)
    7139 (21.919, -8.64731) -> 7149 (20.5519, -7.2362)
    7140 (3.22003, 15.38) -> 2816 (2.31313, 15.1981)
    7141 (15.3694, 24.839) -> 6515 (13.6569, 24.0919)
    7142 (0.778991, 17.6291) -> 4457 (0.978624, 15.8582)
    7143 (17.5512, -0.355818) -> 4428 (15.9371, 0.638803)
    7144 (21.8631, -5.49867) -> 5961 (20.7908, -4.9412)
    7145 (8.66964, 22.7633) -> 1217 (7.22306, 21.7952)
    7146 (0.723627, -5.71332) -> 9743 (0.665055, -4.7036)
    7147 (4.92137, -7.45253) -> 9703 (4.66779, -5.56133)
    7148 (0.287977, 23.6326) -> 1591 (0.280228, 21.6451)
    7149 (20.5519, -7.2362) -> 8258 (19.1498, -5.8814)
    7150 (3.23755, 21.0992) -> 1506 (2.5597, 19.5208)
    7151 (16.5933, 1.60657) -> 9808 (15.9926, 1.95232)
    7152 (7.95306, 5.5984) -> 9486 (6.49807, 6.70729)
    7153 (5.12605, -4.0543) -> 104 (4.80785, -2.84224)
    7154 (20.7977, 4.15903) -> 9341 (20.0151, 4.36538)
    7155 (1.49871, 27.8645) -> 4242 (1.3644, 26.3097)
    7156 (4.27241, 29.3379) -> 6722 (4.12599, 28.7789)
    7157 (17.1241, 13.0265) -> 9462 (16.8506, 13.9392)
    7158 (12.8625, -3.24234) -> 5733 (12.0215, -2.21873)
    7159 (2.29248, 16.871) -> 4532 (1.9378, 16.2386)
    7160 (8.00817, 12.7768) -> 785 (6.03446, 12.8603)
    7161 (24.0158, 17.2659) -> 373 (22.8104, 17.5826)
    7162 (24.6324, 14.9353) -> 8393 (23.4425, 15.3108)
    7163 (1.49591, -1.91623) -> 8761 (1.56123, -0.220925)
    7164 (21.0147, -8.85703) -> 8734 (20.0867, -8.10613)
    7165 (6.8181, 12.6916) -> 1342 (5.58182, 12.9579)
    7166 (10.3018, 4.10605) -> 5027 (8.85796, 4.90224)
    7167 (3.06172, 5.95667) -> 5805 (2.49526, 7.58573)
    7168 (20.4727, 22.5978) -> 7191 (18.7182, 22.0997)
    7169 (13.3279, 2.06159) -> 7976 (12.15, 2.83667)
    7170 (8.63369, -2.56917) -> 8464 (7.70319, -1.06909)
    7171 (6.59161, -6.72995) -> 9165 (6.02579, -5.41953)
    7172 (23.8619, 27.6334) -> 9149 (22.7677, 27.241)
    7173 (12.1228, -2.73786) -> 9878 (10.7178, -1.44041)
    7174 (3.24676, -6.73823) -> 9860 (3.15219, -6.11642)
    7175 (19.5338, 18.7105) -> 9823 (17.6258, 19.065)
    7176 (7.43041, 5.16475) -> 6487 (6.41082, 6.01023)
    7177 (20.0003, -8.96214) -> 9978 (18.571, -7.60026)
    7178 (20.0135, 20.5455) -> 9419 (19.3625, 20.4254)
    7179 (19.3425, 9.6851) -> 9048 (18.4752, 9.45551)
    7180 (21.5057, -4.2333) -> 9083 (20.8266, -3.75643)
    7181 (1.20328, 22.7817) -> 618 (1.16487, 20.9014)
    7182 (5.13322, -8.5726) -> 2371 (4.84407, -7.18032)
    7183 (10.607, 22.8031) -> 4770 (9.53201, 22.3546)
    7184 (0.653654, 16.2587) -> 0 (1, 15)
    7185 (4.46586, 20.4295) -> 4252 (4.11955, 20.0958)
    7186 (17.1952, 20.3392) -> 9835 (15.3522, 20.2488)
    7187 (16.3606, -0.284946) -> 9765 (14.831, 0.871887)
    7188 (7.56192, 9.86799) -> 4404 (6.99161, 9.93246)
    7189 (12.5308, 29.7357) -> 9133 (11.2319, 28.3193)
    7190 (16.7535, 24.3553) -> 9893 (16.1371, 23.9718)
    7191 (18.7182, 22.0997) -> 30 (17.3197, 21.8356)
    7192 (6.85502, -4.88953) -> 9845 (6.22977, -3.09418)
    7193 (15.9049, 10.1808) -> 9836 (15.3369, 9.69397)
    7194 (20.7235, 19.5908) -> 4349 (19.0043, 19.7501)
    7195 (22.7889, -8.71276) -> 7597 (21.9307, -7.80088)
    7196 (7.972, 23.3371) -> 5218 (7.53453, 22.9412)
    7197 (4.41741, 3.05824) -> 6566 (4.11204, 3.77612)
    7198 (10.5044, 21.878) -> 1658 (8.87242, 21.3293)
    7199 (21.3966, 1.63117) -> 8893 (19.8148, 2.28611)
    7200 (7.62188, 15.3341) -> 8356 (5.7487, 15.5977)
    7201 (14.5507, 1.37772) -> 8337 (13.548, 2.01046)
    7202 (19.7446, 29.4993) -> 3175 (18.3469, 28.5672)
    7203 (2.76163, 13.2524) -> 1247 (1.90256, 14.1428)
    7204 (22.6317, 2.36058) -> 7690 (20.6737, 2.72733)
    7205 (4.44423, -9.84772) -> 8759 (4.37422, -8.31446)
    7206 (11.3544, 9.96824) -> 13 (10.2023, 8.45546)
    7207 (13.0156, 28.3169) -> 9190 (11.9784, 27.462)
    7208 (16.5628, 0.445065) -> 9981 (15.9017, 0.900864)
    7209 (16.3549, 26.1297) -> 8339 (15.1582, 25.5675)
    7210 (21.1173, 26.2158) -> 9474 (19.5699, 25.5015)
    7211 (12.9597, 28.9374) -> 9026 (11.6249, 27.7761)
    7212 (7.00296, 18.0428) -> 3422 (6.51178, 17.8299)
    7213 (14.3255, 9.01761) -> 6886 (13.2274, 8.62975)
    7214 (1.69459, 27.1502) -> 6445 (1.55834, 26.4464)
    7215 (3.52255, 28.7652) -> 1274 (3.06961, 27.0968)
    7216 (24.4721, 23.9066) -> 6542 (22.6146, 23.7239)
    7217 (5.44544, 3.75132) -> 7446 (4.70298, 4.87701)
    7218 (4.48579, 26.0525) -> 7399 (4.07214, 24.9533)
    7219 (23.9809, 22.9946) -> 1652 (22.3963, 22.7049)
    7220 (18.4413, 1.73163) -> 9728 (16.8518, 2.35361)
    7221 (12.981, -5.26415) -> 8298 (12.8255, -5.11071)
    7222 (19.88, -0.0539679) -> 8660 (18.5692, 0.365547)
    7223 (24.8669, 15.0383) -> 9591 (23.6185, 15.3618)
    7224 (17.1741, 0.776909) -> 9834 (16.7975, 1.34085)
    7225 (0.407517, -5.83163) -> 5737 (0.443239, -4.7503)
    7226 (11.7733, 6.92811) -> 3168 (9.82184, 7.13442)
    7227 (24.408, 19.6817) -> 9096 (24.1209, 19.6505)
    7228 (2.37724, 23.8238) -> 6338 (1.95538, 22.2129)
    7229 (12.5296, -6.8691) -> 8811 (11.5789, -5.68171)
    7230 (4.37142, -6.57653) -> 4965 (4.07105, -4.94067)
    7231 (22.1429, 20.4657) -> 9204 (21.1878, 20.2233)
    7232 (13.1226, 24.6734) -> 8006 (11.683, 23.981)
    7233 (9.29105, 20.8353) -> 1638 (8.76665, 20.6558)
    7234 (8.71973, -1.36225) -> 9538 (8.0553, -0.502301)
    7235 (12.8636, 26.7482) -> 7560 (11.9578, 26.2599)
    7236 (24.1799, -0.404825) -> 9216 (22.7065, 0.216235)
    7237 (6.29864, 8.18462) -> 7 (5.52919, 8.73754)
    7238 (1.00968, -9.69047) -> 7928 (1.01774, -8.50933)
    7239 (5.5827, -1.05485) -> 9226 (5.02688, 0.227667)
    7240 (8.10612, 9.43719) -> 7741 (6.44508, 9.78458)
    7241 (13.0726, 24.6631) -> 9862 (11.423, 24.024)
    7242 (2.06918, -0.846086) -> 6996 (1.977, -0.531386)
    7243 (12.957, 19.5605) -> 8539 (11.2532, 19.5336)
    7244 (15.4906, -1.78755) -> 2849 (13.938, -0.654023)
    7245 (21.9229, 24.5321) -> 8200 (20.7713, 23.8469)
    7246 (14.8944, 26.6924) -> 2887 (14.0107, 26.2868)
    7247 (3.4067, 27.9882) -> 9440 (2.9772, 26.6722)
    7248 (15.1792, -5.43555) -> 7428 (14.0357, -4.30486)
    7249 (22.2681, -9.64131) -> 9671 (21.5949, -8.73381)
    7250 (2.80929, -6.88255) -> 1165 (2.75861, -5.99458)
    7251 (3.81285, 2.92131) -> 5078 (3.69671, 3.46524)
    7252 (14.4294, 23.175) -> 5173 (12.9872, 22.7046)
    7253 (4.97113, -6.21307) -> 8492 (4.73966, -5.47461)
    7254 (22.0273, 2.7328) -> 8880 (21.1078, 3.15842)
    7255 (11.4724, -9.47312) -> 7538 (10.9336, -7.98306)
    7256 (9.7507, 23.7694) -> 6895 (8.58477, 23.1326)
    7257 (5.89804, 10.8149) -> 8253 (5.29364, 11.0795)
    7258 (19.1221, 20.7273) -> 5215 (17.5264, 21.0197)
    7259 (15.7202, -4.2005) -> 9750 (15.3227, -3.86376)
    7260 (7.82664, 19.9741) -> 2451 (6.26639, 19.3392)
    7261 (19.3976, -6.08715) -> 8258 (19.1498, -5.8814)
    7262 (0.788466, 24.4208) -> 6363 (0.622728, 22.467)
    7263 (18.7579, 15.7725) -> 7884 (18.2154, 16.2818)
    7264 (20.8364, 6.86081) -> 2386 (18.8479, 6.66666)
    7265 (21.8162, 6.74978) -> 9174 (20.9906, 6.80576)
    7266 (12.4945, 4.16498) -> 8740 (11.3545, 4.44163)
    7267 (13.6859, 5.70203) -> 7931 (12.928, 5.83431)
    7268 (20.0115, 8.76343) -> 8818 (19.7362, 8.83065)
    7269 (23.6415, 14.483) -> 9897 (21.7146, 15.0116)
    7270 (5.0104, 26.0594) -> 6668 (4.6905, 25.4759)
    7271 (24.0809, 17.2908) -> 373 (22.8104, 17.5826)
    7272 (16.7099, 22.0759) -> 5421 (15.996, 21.9851)
    7273 (7.124, -1.92809) -> 8312 (6.42268, -0.355882)
    7274 (23.5898, 11.2281) -> 9935 (22.5277, 12.2189)
    7275 (6.84203, 26.3776) -> 82 (6.50858, 26.0166)
    7276 (1.9571, 18.972) -> 2940 (1.87012, 18.7344)
    7277 (4.5528, -1.27149) -> 369 (4.09003, 0.666519)
    7278 (16.801, 5.60174) -> 8677 (16.328, 6.03744)
    7279 (18.4579, 8.47777) -> 9242 (16.8802, 8.36521)
    7280 (19.5509, 5.84426) -> 9505 (17.666, 6.18173)
    7281 (14.6407, 14.2116) -> 9752 (14.9672, 15.196)
    7282 (16.4506, 10.3115) -> 9836 (15.3369, 9.69397)
    7283 (10.2372, 25.238) -> 8676 (8.84164, 24.42)
    7284 (8.21129, 4.1052) -> 930 (7.06838, 5.049)
    7285 (14.8433, -3.71004) -> 9748 (14.3187, -2.76937)
    7286 (20.5451, 24.5026) -> 9285 (19.4152, 23.8806)
    7287 (15.3147, 27.9901) -> 9927 (14.1422, 27.0774)
    7288 (4.04461, 22.9431) -> 6564 (3.60647, 22.0971)
    7289 (8.29225, -0.270747) -> 8085 (7.58577, 1.01599)
    7290 (24.0313, 19.9547) -> 8770 (23.6366, 19.8971)
    7291 (24.7568, 10.1969) -> 9963 (23.3986, 10.1167)
    7292 (17.0232, -0.596571) -> 8715 (15.3347, 0.427759)
    7293 (17.8003, 17.7022) -> 5722 (16.4307, 18.2385)
    7294 (5.99097, 16.1191) -> 7742 (5.70157, 16.1298)
    7295 (6.60223, 28.434) -> 3538 (5.82764, 27.1203)
    7296 (17.1424, 4.60962) -> 9274 (16.53, 4.94741)
    7297 (6.31893, 22.2735) -> 9778 (4.93371, 20.9841)
    7298 (19.1445, 24.9112) -> 9296 (17.9426, 24.5965)
    7299 (2.64311, 8.21578) -> 6849 (2.18321, 9.22287)
    7300 (18.9013, -0.164251) -> 8660 (18.5692, 0.365547)
    7301 (14.191, 15.5876) -> 3672 (13.6704, 16.9522)
    7302 (16.223, -4.51114) -> 6995 (14.9559, -3.36312)
    7303 (19.5487, 3.01192) -> 9263 (18.5934, 3.17594)
    7304 (20.1749, 23.8433) -> 8301 (18.4802, 22.9466)
    7305 (15.4466, 15.116) -> 8814 (15.3486, 15.1797)
    7306 (3.3597, 5.26377) -> 7167 (3.06172, 5.95667)
    7307 (17.5998, 1.93132) -> 9728 (16.8518, 2.35361)
    7308 (0.532508, 0.778028) -> 2907 (0.532038, 2.70215)
    7309 (14.2765, 12.5525) -> 8797 (15.2818, 12.7444)
    7310 (13.6082, -6.88323) -> 8298 (12.8255, -5.11071)
    7311 (20.8092, 29.1673) -> 8976 (19.0859, 28.2669)
    7312 (8.76604, -1.87727) -> 9538 (8.0553, -0.502301)
    7313 (4.37193, -7.19944) -> 9969 (3.82674, -5.34327)
    7314 (8.15361, 27.5165) -> 7765 (7.43029, 26.4848)
    7315 (22.2911, -3.08551) -> 4962 (21.2684, -2.38948)
    7316 (7.17191, 17.2786) -> 305 (6.01218, 17.0854)
    7317 (22.6699, -4.28744) -> 9957 (21.7025, -3.64424)
    7318 (12.6759, 5.38038) -> 5338 (11.286, 5.8186)
    7319 (6.20883, 28.1349) -> 5735 (5.52788, 27.1544)
    7320 (18.2897, -0.437695) -> 3076 (17.1927, 0.307791)
    7321 (5.28314, 19.4947) -> 349 (3.78831, 18.3164)
    7322 (4.27843, 13.8617) -> 8947 (3.35724, 14.213)
    7323 (19.2732, 16.0243) -> 9902 (18.8825, 16.2968)
    7324 (22.8196, 4.20134) -> 9531 (22.2017, 4.39638)
    7325 (9.46237, 29.5981) -> 8289 (8.65155, 28.2807)
    7326 (4.34839, 14.2621) -> 8763 (2.98929, 14.5503)
    7327 (10.7165, 9.80307) -> 5498 (9.51731, 8.65643)
    7328 (9.03255, -6.49957) -> 723 (8.70017, -5.70918)
    7329 (14.2305, 27.3059) -> 9272 (13.0305, 26.2518)
    7330 (2.63183, 4.67246) -> 4603 (2.28044, 6.15803)
    7331 (18.0761, 29.1344) -> 9417 (17.5975, 28.9081)
    7332 (17.4014, 9.23392) -> 1091 (16.9481, 8.9152)
    7333 (11.6146, 23.597) -> 9073 (10.8629, 23.1812)
    7334 (18.4636, -9.10895) -> 6298 (17.5375, -8.13884)
    7335 (15.4579, -9.13435) -> 9744 (14.6867, -7.8307)
    7336 (6.34832, 29.054) -> 9414 (6.11269, 28.289)
    7337 (15.7201, 16.6301) -> 1803 (14.0747, 17.6333)
    7338 (20.5736, 2.70904) -> 7303 (19.5487, 3.01192)
    7339 (5.59026, 9.65391) -> 1309 (4.517, 10.4683)
    7340 (18.8366, 6.81341) -> 8631 (17.0285, 6.8537)
    7341 (3.94387, 9.58446) -> 8091 (2.99555, 10.8859)
    7342 (16.4354, 22.3296) -> 5827 (14.762, 21.9634)
    7343 (10.8721, -6.32202) -> 9097 (10.1949, -4.97251)
    7344 (5.71668, 21.1365) -> 9183 (5.52084, 20.9466)
    7345 (0.887997, -4.36562) -> 8398 (0.820435, -3.13303)
    7346 (0.456272, 17.1156) -> 7184 (0.653654, 16.2587)
    7347 (5.62895, -1.71602) -> 9504 (5.0876, 0.0960229)
    7348 (0.963222, 2.80272) -> 6403 (0.837329, 4.32812)
    7349 (6.73307, -1.95772) -> 7948 (6.01948, -0.198818)
    7350 (23.3046, -1.50278) -> 9117 (21.5911, -0.641691)
    7351 (23.334, 18.6174) -> 9577 (21.9744, 18.711)
    7352 (23.2629, 20.9637) -> 9168 (22.3659, 20.934)
    7353 (19.1417, 22.6163) -> 2542 (18.2275, 22.6612)
    7354 (12.9538, 18.2182) -> 6545 (11.6002, 18.6696)
    7355 (21.6327, 29.4947) -> 7311 (20.8092, 29.1673)
    7356 (22.4466, 15.6586) -> 7675 (21.4181, 15.9999)
    7357 (1.15878, 3.31452) -> 4359 (1.05063, 4.78742)
    7358 (14.5054, -1.22338) -> 8332 (14.3824, -1.09207)
    7359 (11.09, -0.0807073) -> 2529 (10.2744, 0.477222)
    7360 (10.4516, 0.0741342) -> 9128 (9.62936, 0.924758)
    7361 (9.37314, -2.31466) -> 8537 (8.5642, -0.927157)
    7362 (3.84692, 7.86954) -> 6933 (3.17382, 9.0757)
    7363 (8.74263, 9.75609) -> 9527 (6.81901, 9.67191)
    7364 (9.97437, 1.20738) -> 6851 (9.56162, 1.58825)
    7365 (4.787, 18.9095) -> 8224 (3.2612, 17.6628)
    7366 (10.1416, 9.78454) -> 3702 (8.37922, 9.02698)
    7367 (4.65876, -3.01569) -> 4277 (4.17373, -1.69965)
    7368 (5.08038, 17.246) -> 613 (3.29928, 16.358)
    7369 (15.5312, 23.3449) -> 561 (14.0441, 22.9648)
    7370 (3.89501, 25.8924) -> 2535 (3.28727, 24.4668)
    7371 (0.671638, 26.8511) -> 4550 (0.807768, 25.2973)
    7372 (23.8474, 3.38984) -> 8570 (22.8146, 3.75123)
    7373 (9.14051, -6.54211) -> 8694 (8.97757, -6.30626)
    7374 (7.33106, 17.944) -> 3422 (6.51178, 17.8299)
    7375 (24.4656, 13.5487) -> 9552 (23.1577, 13.9895)
    7376 (23.8336, 26.6944) -> 8773 (22.5624, 25.9527)
    7377 (16.5792, -2.71758) -> 7244 (15.4906, -1.78755)
    7378 (15.5692, 4.67982) -> 8753 (13.849, 5.26993)
    7379 (21.8208, -1.02655) -> 9152 (20.2933, -0.38462)
    7380 (0.158531, 13.111) -> 692 (0.628971, 14.2433)
    7381 (23.7857, 29.0552) -> 2847 (22.7532, 28.3734)
    7382 (19.9346, 10.6094) -> 9776 (19.5196, 10.4595)
    7383 (10.6918, 9.80239) -> 5498 (9.51731, 8.65643)
    7384 (10.3621, 7.52853) -> 6439 (9.27979, 7.69917)
    7385 (7.60528, 27.3165) -> 82 (6.50858, 26.0166)
    7386 (2.11717, -5.42713) -> 5659 (1.83777, -3.84418)
    7387 (5.85014, 0.644244) -> 9880 (5.7429, 0.849662)
    7388 (21.3451, 27.6527) -> 9948 (20.7618, 27.3082)
    7389 (5.47488, 28.3594) -> 642 (4.68964, 26.8459)
    7390 (9.41469, 2.2406) -> 8432 (8.52851, 3.37669)
    7391 (18.1434, 3.5215) -> 8946 (17.2031, 3.97174)
    7392 (11.254, 3.25861) -> 3162 (9.50619, 4.14852)
    7393 (8.94042, 19.0417) -> 38 (8.47053, 18.9991)
    7394 (5.30532, 0.0920431) -> 1453 (4.77549, 1.51612)
    7395 (6.87723, 25.2475) -> 9610 (5.73132, 23.8126)
    7396 (23.9011, 18.4713) -> 9577 (21.9744, 18.711)
    7397 (4.06879, 4.64896) -> 9901 (3.62166, 5.90133)
    7398 (23.8251, 7.94561) -> 6415 (22.0138, 7.86854)
    7399 (4.07214, 24.9533) -> 8110 (3.52695, 23.0754)
    7400 (0.361042, 7.411) -> 2689 (0.323138, 9.13313)
    7401 (12.1664, -2.885) -> 7661 (11.4286, -1.84786)
    7402 (22.6266, 7.35884) -> 1134 (20.9356, 7.18702)
    7403 (4.01974, 27.7985) -> 6431 (3.433, 26.2144)
    7404 (2.13969, -1.39245) -> 7970 (1.7932, -0.0374808)
    7405 (16.8785, 4.76557) -> 9274 (16.53, 4.94741)
    7406 (13.3165, 5.44974) -> 9787 (12.5373, 5.77973)
    7407 (18.4102, 21.073) -> 9798 (16.4211, 20.8763)
    7408 (15.5144, 21.68) -> 5896 (13.9502, 21.4775)
    7409 (3.04212, 3.2765) -> 1378 (2.69941, 4.24102)
    7410 (24.5747, 7.07889) -> 8473 (23.1001, 7.18398)
    7411 (17.0152, -2.27505) -> 403 (16.4047, -1.49335)
    7412 (0.861428, -2.28123) -> 1368 (0.759523, -0.306292)
    7413 (24.6051, 1.10742) -> 9774 (23.3298, 1.75738)
    7414 (11.2166, 23.3838) -> 9073 (10.8629, 23.1812)
    7415 (24.1636, -6.56564) -> 2277 (22.852, -5.49063)
    7416 (22.081, 2.97988) -> 5617 (20.7078, 3.42609)
    7417 (23.5511, -6.58295) -> 9987 (22.3655, -5.53596)
    7418 (9.04931, 1.23422) -> 857 (8.06196, 2.47776)
    7419 (24.4334, -9.95741) -> 9539 (23.4605, -8.93297)
    7420 (11.3713, 16.7809) -> 8785 (10.2824, 17.6969)
    7421 (16.4793, 11.3631) -> 9277 (15.8409, 10.7164)
    7422 (11.1528, 4.13169) -> 7761 (10.0116, 5.01559)
    7423 (10.3872, 4.74043) -> 7761 (10.0116, 5.01559)
    7424 (3.24413, 25.4258) -> 9276 (2.95966, 24.1476)
    7425 (10.8459, -6.00621) -> 9097 (10.1949, -4.97251)
    7426 (12.6172, 7.15175) -> 8597 (10.9381, 7.01391)
    7427 (0.0239364, 28.4628) -> 5471 (0.18242, 27.1442)
    7428 (14.0357, -4.30486) -> 2560 (12.8079, -2.86513)
    7429 (17.2395, 7.04575) -> 8538 (15.8262, 6.9847)
    7430 (6.20745, 11.57) -> 9467 (4.8108, 12.2102)
    7431 (12.9163, 29.7102) -> 9830 (12.0881, 28.8812)
    7432 (11.9192, 18.8613) -> 5637 (10.7775, 19.149)
    7433 (7.85748, 16.4578) -> 7580 (6.59424, 16.3675)
    7434 (11.5071, -6.17872) -> 6980 (11.0916, -5.7347)
    7435 (21.7517, 6.53787) -> 9070 (20.8878, 6.65036)
    7436 (6.78776, -9.45295) -> 8668 (6.64042, -8.90282)
    7437 (8.16553, 4.42248) -> 7176 (7.43041, 5.16475)
    7438 (20.3272, 9.6755) -> 8917 (18.5075, 9.04693)
    7439 (17.1444, 23.747) -> 9795 (16.6682, 23.4499)
    7440 (17.1539, 21.2944) -> 7519 (16.12, 21.2589)
    7441 (19.1705, -2.38068) -> 1761 (17.5465, -1.35953)
    7442 (4.82491, 0.927333) -> 8010 (4.13897, 2.62747)
    7443 (2.07569, 18.0992) -> 915 (1.45732, 16.4207)
    7444 (6.46868, 26.1217) -> 4998 (5.74899, 24.9007)
    7445 (3.33958, 7.10113) -> 9754 (3.05614, 7.6364)
    7446 (4.70298, 4.87701) -> 5623 (3.88952, 6.3915)
    7447 (22.1912, -2.60204) -> 5227 (20.8219, -1.75183)
    7448 (24.0967, 11.9652) -> 7658 (23.0332, 12.9137)
    7449 (2.34843, 26.0398) -> 7880 (2.10773, 24.6776)
    7450 (18.115, -3.66205) -> 6159 (16.6209, -2.33642)
    7451 (2.51155, 27.3466) -> 4377 (2.34842, 26.2737)
    7452 (2.23105, -0.672205) -> 6381 (2.01781, 1.06316)
    7453 (22.5764, 3.39989) -> 9013 (20.9144, 3.98549)
    7454 (17.1629, 24.2463) -> 9888 (16.3461, 24.0382)
    7455 (8.0607, 27.7591) -> 9773 (7.83621, 27.4393)
    7456 (4.06771, -9.60393) -> 1692 (3.77713, -8.67752)
    7457 (15.7872, 28.6089) -> 263 (14.4592, 27.515)
    7458 (11.1625, -2.37609) -> 9878 (10.7178, -1.44041)
    7459 (3.01803, -9.04544) -> 4093 (2.86638, -7.15285)
    7460 (22.9798, 6.20009) -> 2314 (21.4982, 6.3724)
    7461 (13.7386, 28.9576) -> 4840 (13.0541, 28.436)
    7462 (18.7106, 0.66553) -> 9879 (17.8087, 1.22026)
    7463 (18.5819, 27.2406) -> 9514 (18.3192, 27.0782)
    7464 (19.8068, 14.3128) -> 9403 (19.1281, 14.7473)
    7465 (9.38106, 10.0019) -> 5189 (7.66547, 9.35726)
    7466 (3.89163, -9.857) -> 1692 (3.77713, -8.67752)
    7467 (23.475, -3.19853) -> 8772 (21.8467, -2.22441)
    7468 (18.5818, 20.4818) -> 8596 (17.0108, 20.4908)
    7469 (13.1399, 25.6076) -> 8710 (11.9708, 24.9668)
    7470 (8.48616, 5.79256) -> 9076 (7.73118, 6.35332)
    7471 (23.2973, 7.23858) -> 6896 (21.6649, 7.15977)
    7472 (7.95881, 8.46129) -> 8167 (6.8938, 8.83839)
    7473 (7.35898, -8.49017) -> 9719 (6.62365, -7.06395)
    7474 (9.04316, 27.804) -> 9413 (8.94854, 27.5822)
    7475 (21.078, -4.24211) -> 7759 (19.7451, -3.20339)
    7476 (20.3924, 14.4901) -> 9705 (19.5389, 14.8322)
    7477 (24.3107, -1.04267) -> 9150 (24.036, -0.821907)
    7478 (16.8448, 4.27732) -> 7378 (15.5692, 4.67982)
    7479 (6.33456, 28.1777) -> 8981 (5.77068, 27.2488)
    7480 (9.12149, -2.85578) -> 8273 (8.90152, -2.49445)
    7481 (9.23627, 28.5419) -> 4470 (8.19432, 27.0899)
    7482 (8.15468, 29.7706) -> 9167 (7.59776, 28.6838)
    7483 (0.935592, -3.18381) -> 9211 (0.9664, -2.35044)
    7484 (20.5837, 8.638) -> 9895 (18.7771, 7.97979)
    7485 (8.15887, 23.4965) -> 7196 (7.972, 23.3371)
    7486 (11.9579, 0.494955) -> 8205 (11.3211, 1.01462)
    7487 (1.31525, -1.73463) -> 1691 (1.32008, 0.110484)
    7488 (6.01761, 10.7889) -> 9666 (5.31069, 11.1729)
    7489 (24.7772, 8.58269) -> 427 (23.2688, 8.28251)
    7490 (22.546, -9.15292) -> 7139 (21.919, -8.64731)
    7491 (2.17137, 1.36339) -> 5469 (1.97869, 2.53881)
    7492 (9.50718, 22.4965) -> 9816 (8.73403, 22.1921)
    7493 (20.3824, 27.924) -> 8649 (18.9918, 27.2558)
    7494 (17.8759, 23.2613) -> 161 (17.1684, 22.951)
    7495 (18.6814, -3.69608) -> 9943 (17.4787, -2.33307)
    7496 (21.195, 27.4091) -> 3037 (19.7867, 26.7432)
    7497 (6.86413, 7.38994) -> 5251 (5.91811, 8.05383)
    7498 (22.0507, 8.3271) -> 6153 (20.4607, 8.08988)
    7499 (22.5204, 22.4761) -> 9010 (21.4056, 22.0571)
    7500 (5.30311, 16.6297) -> 5160 (3.61989, 16.1422)
    7501 (2.2577, 2.83883) -> 9842 (1.92866, 4.34555)
    7502 (19.2277, 16.6657) -> 8987 (17.5582, 17.41)
    7503 (16.995, 16.2791) -> 2119 (16.4607, 16.6224)
    7504 (22.9327, 3.53344) -> 9057 (21.9697, 3.71983)
    7505 (21.644, 0.599724) -> 8695 (20.7691, 0.939879)
    7506 (3.09679, -3.46545) -> 6666 (2.90322, -2.70043)
    7507 (7.09821, 24.4208) -> 678 (5.94694, 23.1809)
    7508 (6.42605, -7.25399) -> 8589 (6.1713, -6.35288)
    7509 (7.60104, 20.0998) -> 8592 (5.96887, 19.2698)
    7510 (7.69986, -5.4369) -> 4741 (6.9136, -3.70608)
    7511 (0.0947438, 4.2918) -> 5233 (0.168174, 5.48555)
    7512 (19.194, -3.32991) -> 7704 (17.5937, -2.34061)
    7513 (6.2264, 3.20538) -> 5033 (5.21793, 4.76017)
    7514 (17.795, -5.65934) -> 9905 (16.4876, -4.63342)
    7515 (5.35992, -3.32603) -> 9458 (5.10364, -2.30011)
    7516 (14.6387, -3.92293) -> 9426 (14.0923, -3.61693)
    7517 (7.97226, 10.8049) -> 9275 (6.04836, 10.9981)
    7518 (24.5383, 29.0515) -> 5541 (23.0619, 28.378)
    7519 (16.12, 21.2589) -> 1491 (14.1763, 20.8686)
    7520 (15.3965, 28.8493) -> 505 (13.8431, 27.7196)
    7521 (10.0076, 0.216238) -> 9128 (9.62936, 0.924758)
    7522 (0.406982, 6.88603) -> 7400 (0.361042, 7.411)
    7523 (19.1351, 1.43081) -> 9461 (17.3141, 2.21615)
    7524 (16.1799, -4.83025) -> 8108 (14.8454, -3.35896)
    7525 (12.8601, -2.56407) -> 2292 (11.5385, -1.41154)
    7526 (5.94035, 23.4275) -> 1270 (4.9221, 22.051)
    7527 (17.7748, 5.60734) -> 8171 (17.5641, 5.6569)
    7528 (9.83968, -4.18199) -> 8273 (8.90152, -2.49445)
    7529 (20.2049, -3.91242) -> 8806 (19.3156, -3.03331)
    7530 (4.72821, 21.8097) -> 5225 (4.32052, 21.1559)
    7531 (17.4231, 9.67838) -> 8207 (17.3656, 9.60304)
    7532 (7.59867, 6.02362) -> 499 (6.23211, 7.04982)
    7533 (18.4627, 1.85925) -> 6382 (16.9282, 2.97813)
    7534 (23.5062, 24.8912) -> 9770 (22.8787, 24.5197)
    7535 (6.69108, 1.21894) -> 3371 (6.32748, 1.84356)
    7536 (10.7633, 23.2307) -> 5841 (10.191, 22.9543)
    7537 (13.122, 27.5563) -> 9126 (11.7454, 26.3522)
    7538 (10.9336, -7.98306) -> 9871 (10.1949, -6.47645)
    7539 (23.7309, 6.40274) -> 7435 (21.7517, 6.53787)
    7540 (11.7611, -3.78441) -> 8011 (11.0916, -3.05093)
    7541 (17.5604, 24.2459) -> 9893 (16.1371, 23.9718)
    7542 (1.51483, 22.4883) -> 8813 (1.3445, 21.2311)
    7543 (20.476, -5.12161) -> 6413 (18.9851, -4.08294)
    7544 (11.5062, 27.5613) -> 8861 (10.0445, 26.3769)
    7545 (4.84302, 4.88685) -> 5409 (4.43353, 5.59243)
    7546 (24.2667, 11.4118) -> 6014 (22.6344, 12.5369)
    7547 (18.8076, 2.00046) -> 8397 (18.5341, 2.11922)
    7548 (7.40681, 28.0336) -> 6130 (7.15, 27.526)
    7549 (5.74807, 12.4475) -> 4629 (4.19539, 12.9867)
    7550 (10.6259, 4.06762) -> 1917 (9.18835, 4.99185)
    7551 (15.4659, 19.719) -> 8336 (14.048, 19.7593)
    7552 (5.57315, 2.56933) -> 3316 (4.85176, 3.94686)
    7553 (8.31112, 26.2588) -> 2593 (7.25382, 25.2847)
    7554 (21.3745, -6.47701) -> 7059 (19.9981, -5.40175)
    7555 (14.6911, 28.6356) -> 8961 (13.1501, 27.5616)
    7556 (0.0892634, 19.8818) -> 1363 (0.139222, 19.2316)
    7557 (9.62116, 4.18711) -> 9081 (9.37697, 4.30914)
    7558 (23.3748, -8.17155) -> 1617 (22.5971, -7.58271)
    7559 (20.3883, 18.6161) -> 9560 (18.896, 18.8481)
    7560 (11.9578, 26.2599) -> 6506 (10.4172, 25.1103)
    7561 (17.7501, -6.44962) -> 5899 (16.6442, -5.32127)
    7562 (13.5959, -0.967981) -> 1210 (12.286, 0.175575)
    7563 (20.5262, 19.6661) -> 9725 (19.2217, 19.8288)
    7564 (5.96461, 24.778) -> 1560 (5.21707, 23.9172)
    7565 (9.49673, 9.95892) -> 5189 (7.66547, 9.35726)
    7566 (5.71878, -5.00168) -> 4905 (5.29369, -3.72112)
    7567 (23.2943, -8.3583) -> 9873 (22.6052, -7.83885)
    7568 (7.44906, 21.8583) -> 7927 (6.97254, 21.5519)
    7569 (1.49415, 29.7758) -> 8604 (1.45948, 29.1585)
    7570 (19.8041, 5.83482) -> 7764 (18.2508, 6.08097)
    7571 (18.1747, 7.70881) -> 1610 (17.2309, 7.64717)
    7572 (9.12707, 9.1583) -> 9638 (7.27106, 9.16303)
    7573 (9.14078, 29.1839) -> 8418 (8.17307, 27.5535)
    7574 (18.9803, 27.7829) -> 5526 (17.6526, 27.2512)
    7575 (24.4998, 24.4168) -> 9293 (22.6192, 23.9365)
    7576 (15.1468, 17.2467) -> 5530 (14.3909, 17.5996)
    7577 (21.3517, 22.4069) -> 2395 (20.5099, 22.3491)
    7578 (15.6251, -6.20952) -> 9990 (15.375, -5.97044)
    7579 (13.9884, 8.32319) -> 8361 (12.1698, 7.96648)
    7580 (6.59424, 16.3675) -> 695 (4.94652, 16.236)
    7581 (24.9554, 29.9034) -> 5511 (23.2105, 29.1852)
    7582 (11.0139, -9.5445) -> 8029 (9.9959, -7.89216)
    7583 (9.49266, -3.15741) -> 8145 (9.13475, -2.60681)
    7584 (7.23827, 16.6453) -> 8309 (5.52078, 16.4849)
    7585 (16.8855, 14.3236) -> 7966 (16.4431, 14.8436)
    7586 (19.9576, 24.4946) -> 3965 (18.2383, 23.8988)
    7587 (11.6941, 21.9197) -> 1389 (10.7125, 21.678)
    7588 (18.7264, -0.179121) -> 9623 (17.3193, 0.556462)
    7589 (21.4788, -1.61656) -> 8950 (20.2301, -0.891387)
    7590 (8.74384, 27.1254) -> 9314 (7.7454, 26.1732)
    7591 (10.1503, -2.43081) -> 9919 (9.4659, -1.78782)
    7592 (15.6708, 1.29816) -> 9567 (14.8173, 1.78418)
    7593 (0.741432, 21.2791) -> 8111 (0.674412, 19.4713)
    7594 (16.7748, -0.7376) -> 8715 (15.3347, 0.427759)
    7595 (2.51962, 20.5222) -> 6093 (2.20892, 19.7143)
    7596 (22.7937, 29.3419) -> 9796 (21.9634, 28.9188)
    7597 (21.9307, -7.80088) -> 1377 (20.9792, -6.77758)
    7598 (16.7635, 0.153192) -> 5731 (16.2629, 0.446531)
    7599 (20.6096, -3.79566) -> 7759 (19.7451, -3.20339)
    7600 (7.81684, 20.476) -> 3447 (6.33003, 19.6874)
    7601 (18.9509, 8.44967) -> 8175 (18.3313, 8.33999)
    7602 (5.3234, 8.35931) -> 7341 (3.94387, 9.58446)
    7603 (21.145, -2.94821) -> 3610 (19.8394, -1.93404)
    7604 (23.6564, 20.8222) -> 8427 (22.2295, 20.4089)
    7605 (17.5955, 15.9996) -> 2119 (16.4607, 16.6224)
    7606 (15.6529, -7.29914) -> 9390 (14.5476, -5.95535)
    7607 (9.19262, 16.7991) -> 9241 (7.50394, 17.1998)
    7608 (6.94586, 20.3704) -> 2074 (5.444, 19.3547)
    7609 (0.999222, 17.0746) -> 4457 (0.978624, 15.8582)
    7610 (11.0484, 22.1579) -> 7198 (10.5044, 21.878)
    7611 (19.2181, 18.5651) -> 9823 (17.6258, 19.065)
    7612 (19.9312, 2.72008) -> 4823 (18.0316, 3.21595)
    7613 (12.3339, -8.87574) -> 8174 (11.8759, -7.91377)
    7614 (4.41537, 14.8819) -> 713 (2.60052, 14.7979)
    7615 (4.72865, 8.01872) -> 2592 (3.8488, 9.11992)
    7616 (16.3338, 5.79917) -> 9089 (14.3759, 6.06225)
    7617 (5.29239, 24.0644) -> 954 (5.05745, 23.8315)
    7618 (3.22305, 25.5068) -> 9676 (2.99742, 24.6948)
    7619 (11.448, 0.113637) -> 9827 (11.0151, 0.938682)
    7620 (20.0184, 21.8759) -> 1730 (19.412, 21.977)
    7621 (21.1038, 17.1274) -> 492 (19.2852, 17.5304)
    7622 (7.61939, 15.5457) -> 7867 (5.77312, 15.8735)
    7623 (21.5944, -9.44763) -> 8187 (20.5072, -8.56434)
    7624 (6.45477, -2.53151) -> 5203 (5.79805, -0.703627)
    7625 (6.69986, 26.1956) -> 4998 (5.74899, 24.9007)
    7626 (1.15533, 4.55601) -> 9231 (1.18379, 5.89328)
    7627 (16.8055, 10.3456) -> 8496 (15.5348, 9.27895)
    7628 (13.3402, 26.1062) -> 844 (11.7819, 25.09)
    7629 (20.9296, 28.7301) -> 8616 (19.2929, 27.8146)
    7630 (8.93324, 23.4277) -> 6915 (8.68186, 23.2614)
    7631 (23.0174, 25.0544) -> 9570 (22.9128, 24.9902)
    7632 (9.66374, -3.12426) -> 8185 (9.16433, -2.19993)
    7633 (20.2335, 18.0251) -> 8971 (18.4953, 18.3378)
    7634 (15.1574, -3.59057) -> 9748 (14.3187, -2.76937)
    7635 (1.61914, 5.31976) -> 604 (1.3381, 7.00512)
    7636 (1.15911, 27.4227) -> 9388 (1.19654, 26.8961)
    7637 (15.9649, 17.6752) -> 9840 (14.1772, 18.2686)
    7638 (0.912557, -7.97254) -> 3551 (0.892283, -6.35781)
    7639 (10.0587, -5.45872) -> 9975 (9.02296, -4.0065)
    7640 (5.97478, 0.600699) -> 4420 (5.37654, 1.84427)
    7641 (11.8034, 9.01103) -> 2513 (10.2619, 8.16797)
    7642 (9.43438, 4.83266) -> 1917 (9.18835, 4.99185)
    7643 (16.1495, 4.81988) -> 2270 (14.799, 5.0956)
    7644 (17.549, 1.15242) -> 9808 (15.9926, 1.95232)
    7645 (9.10714, -0.439219) -> 9068 (8.17616, 0.992723)
    7646 (10.1581, 1.57347) -> 5813 (9.70095, 1.86016)
    7647 (10.6935, 0.227307) -> 7042 (9.3213, 1.47652)
    7648 (21.2481, 6.2807) -> 8877 (20.5867, 6.16366)
    7649 (5.5807, -3.27279) -> 9458 (5.10364, -2.30011)
    7650 (17.6053, 6.62823) -> 69 (17.0874, 6.65516)
    7651 (2.3743, -0.904183) -> 6381 (2.01781, 1.06316)
    7652 (17.3248, 14.1448) -> 9677 (16.1065, 15.2709)
    7653 (15.3987, 8.11415) -> 2731 (14.6985, 8.00164)
    7654 (8.08486, 14.1356) -> 76 (6.19338, 14.6807)
    7655 (18.2932, 4.92684) -> 9121 (17.0261, 5.1943)
    7656 (2.23969, 21.3885) -> 3339 (1.86769, 20.0091)
    7657 (4.43029, 16.5106) -> 5160 (3.61989, 16.1422)
    7658 (23.0332, 12.9137) -> 5382 (21.831, 13.6571)
    7659 (20.2618, 26.9502) -> 3037 (19.7867, 26.7432)
    7660 (10.2524, -4.43049) -> 2218 (9.2771, -2.91928)
    7661 (11.4286, -1.84786) -> 8023 (10.287, -0.301913)
    7662 (13.8983, 28.0688) -> 8961 (13.1501, 27.5616)
    7663 (6.66839, 18.7456) -> 6257 (5.32366, 18.1785)
    7664 (9.76625, 19.1003) -> 87 (9.06089, 19.0916)
    7665 (19.2757, 21.3032) -> 9662 (17.347, 21.1501)
    7666 (9.01918, 22.6203) -> 9816 (8.73403, 22.1921)
    7667 (8.7412, -6.62806) -> 9459 (8.19567, -5.62269)
    7668 (22.0374, -6.03329) -> 8405 (20.4308, -4.97358)
    7669 (8.68004, -3.77507) -> 8883 (8.42073, -3.33901)
    7670 (18.0868, 15.873) -> 9644 (17.9573, 15.9386)
    7671 (10.4772, -2.16858) -> 9855 (9.65488, -1.01757)
    7672 (24.367, 15.9577) -> 8543 (23.515, 16.3173)
    7673 (7.32064, 19.1113) -> 6190 (6.73152, 18.9364)
    7674 (23.7088, 7.89656) -> 9771 (22.5292, 8.44699)
    7675 (21.4181, 15.9999) -> 4374 (20.2238, 16.3783)
    7676 (16.3703, 5.7688) -> 8729 (15.622, 6.29704)
    7677 (12.808, 21.4298) -> 4058 (10.832, 21.1472)
    7678 (17.5853, 8.52395) -> 9540 (16.8499, 8.37044)
    7679 (3.03542, 7.70244) -> 6228 (2.76925, 8.44245)
    7680 (7.02061, 19.8807) -> 5488 (5.53374, 19.0989)
    7681 (17.1747, 17.5304) -> 1291 (16.8235, 17.8318)
    7682 (5.69487, 4.38412) -> 5102 (4.77902, 5.57602)
    7683 (7.61485, 28.8472) -> 8669 (7.35062, 28.3643)
    7684 (18.2863, 26.9016) -> 9740 (16.6573, 26.1718)
    7685 (5.66615, -7.559) -> 536 (5.11708, -5.97874)
    7686 (21.9714, 9.7421) -> 4072 (20.3928, 9.39275)
    7687 (24.4934, 5.4938) -> 8908 (22.9846, 5.69058)
    7688 (20.9849, 2.75804) -> 7983 (20.3221, 3.0104)
    7689 (23.8958, 5.95641) -> 9180 (22.4337, 6.13782)
    7690 (20.6737, 2.72733) -> 7303 (19.5487, 3.01192)
    7691 (10.1068, 22.3467) -> 1001 (8.46635, 21.5616)
    7692 (6.34619, 23.9098) -> 4444 (5.43834, 22.8225)
    7693 (3.97328, 20.3204) -> 8170 (3.4936, 19.6298)
    7694 (18.7138, 25.6752) -> 8033 (17.4769, 25.2074)
    7695 (18.804, -3.39213) -> 9943 (17.4787, -2.33307)
    7696 (10.9751, 19.9041) -> 9626 (9.28973, 19.7651)
    7697 (15.5044, -2.65355) -> 8348 (14.2212, -1.44332)
    7698 (21.4344, -7.09778) -> 9410 (20.4971, -6.34004)
    7699 (16.3746, 11.5609) -> 9277 (15.8409, 10.7164)
    7700 (1.73993, -8.46193) -> 6016 (1.66256, -6.62568)
    7701 (17.7446, 18.4923) -> 8735 (16.086, 18.8259)
    7702 (1.45894, 2.15376) -> 4197 (1.24917, 4.14185)
    7703 (8.96, 20.9428) -> 7600 (7.81684, 20.476)
    7704 (17.5937, -2.34061) -> 9943 (17.4787, -2.33307)
    7705 (18.5201, 18.4057) -> 8526 (17.183, 18.5985)
    7706 (2.57282, -3.82646) -> 8355 (2.50596, -2.74832)
    7707 (15.3789, 23.7784) -> 7750 (14.0517, 23.4873)
    7708 (24.0877, 28.9059) -> 5541 (23.0619, 28.378)
    7709 (17.0816, -7.27299) -> 9483 (16.6008, -5.91076)
    7710 (21.5603, 16.7961) -> 8745 (20.1226, 16.8208)
    7711 (24.8183, 20.7815) -> 9727 (23.7718, 20.9602)
    7712 (0.971396, -5.67718) -> 7345 (0.887997, -4.36562)
    7713 (7.24751, 15.5032) -> 8356 (5.7487, 15.5977)
    7714 (16.8158, 9.87243) -> 9720 (15.9686, 9.40547)
    7715 (21.4211, 20.2563) -> 1576 (19.5823, 20.0346)
    7716 (2.47782, 8.83635) -> 2715 (2.38156, 8.91649)
    7717 (15.0697, 17.5917) -> 1152 (13.3005, 18.2903)
    7718 (11.0969, 29.9718) -> 9996 (10.2988, 29.264)
    7719 (6.06863, 10.6587) -> 8253 (5.29364, 11.0795)
    7720 (24.6854, 25.4378) -> 9570 (22.9128, 24.9902)
    7721 (12.2091, 28.778) -> 8404 (11.4838, 28.1425)
    7722 (1.46578, 17.3115) -> 1435 (1.06928, 15.4541)
    7723 (0.415612, 21.5077) -> 8445 (0.493042, 19.5707)
    7724 (13.8523, -0.0247397) -> 9565 (12.5962, 1.11137)
    7725 (13.2161, 26.5449) -> 9272 (13.0305, 26.2518)
    7726 (0.551097, -5.16844) -> 3985 (0.589506, -3.94132)
    7727 (13.9734, 2.84372) -> 8685 (12.9967, 3.2705)
    7728 (5.65739, 19.1212) -> 179 (4.33972, 18.219)
    7729 (24.4332, 11.0425) -> 9713 (22.811, 11.5136)
    7730 (0.138963, 0.850484) -> 9345 (0.0356927, 2.75617)
    7731 (7.85183, -9.71348) -> 7121 (7.45931, -9.04831)
    7732 (3.39521, 28.1177) -> 9440 (2.9772, 26.6722)
    7733 (9.4139, 4.39081) -> 5491 (8.32011, 5.23261)
    7734 (13.6283, 6.74406) -> 1231 (11.8594, 6.80787)
    7735 (4.55851, -8.80184) -> 8759 (4.37422, -8.31446)
    7736 (6.75638, 26.5442) -> 4998 (5.74899, 24.9007)
    7737 (3.96104, 2.26702) -> 4980 (3.34011, 3.62054)
    7738 (19.6914, -7.58019) -> 9425 (18.2759, -6.34568)
    7739 (5.95542, -8.50458) -> 7685 (5.66615, -7.559)
    7740 (17.6987, 18.8543) -> 9954 (15.7407, 18.9321)
    7741 (6.44508, 9.78458) -> 6196 (5.59445, 10.217)
    7742 (5.70157, 16.1298) -> 6019 (3.85483, 15.8669)
    7743 (4.38587, -6.61937) -> 4965 (4.07105, -4.94067)
    7744 (21.293, 15.2087) -> 8896 (19.9356, 15.6669)
    7745 (24.3543, 21.2132) -> 9936 (22.8316, 21.2978)
    7746 (12.1811, -8.03366) -> 6551 (11.564, -6.76978)
    7747 (14.0796, 18.3833) -> 3718 (13.7507, 18.5522)
    7748 (12.7976, 17.8039) -> 1727 (10.9265, 18.4503)
    7749 (14.1644, -5.09327) -> 7824 (13.2733, -4.06375)
    7750 (14.0517, 23.4873) -> 8696 (12.353, 22.9357)
    7751 (21.3362, 2.17985) -> 9916 (20.1513, 2.33772)
    7752 (21.9345, -3.84938) -> 9957 (21.7025, -3.64424)
    7753 (21.4934, 9.9267) -> 9757 (19.7504, 9.48143)
    7754 (3.43903, -4.58739) -> 9028 (2.91178, -2.70125)
    7755 (5.32895, 25.8333) -> 6175 (4.56586, 24.1167)
    7756 (11.047, 24.0453) -> 8177 (9.43754, 23.1365)
    7757 (13.2651, 16.062) -> 4505 (12.3279, 17.6078)
    7758 (16.7389, 12.2523) -> 8275 (15.984, 12.8095)
    7759 (19.7451, -3.20339) -> 5588 (18.3891, -2.23346)
    7760 (23.9442, 1.71378) -> 7855 (22.1755, 2.18442)
    7761 (10.0116, 5.01559) -> 7470 (8.48616, 5.79256)
    7762 (11.9358, 8.90741) -> 5158 (11.0792, 8.30468)
    7763 (6.20879, 9.51065) -> 3910 (4.64587, 10.6158)
    7764 (18.2508, 6.08097) -> 9505 (17.666, 6.18173)
    7765 (7.43029, 26.4848) -> 5235 (6.49331, 25.0452)
    7766 (18.1715, 2.85268) -> 9603 (17.9752, 2.90979)
    7767 (23.1146, 9.62941) -> 8581 (22.7163, 9.72445)
    7768 (9.62994, -7.22908) -> 4802 (8.81884, -5.65799)
    7769 (21.7672, -3.34024) -> 9158 (20.2101, -2.45902)
    7770 (23.6225, 14.906) -> 9615 (22.6089, 15.4729)
    7771 (24.5474, -9.07007) -> 7558 (23.3748, -8.17155)
    7772 (17.6805, 9.55713) -> 6220 (16.1076, 9.06612)
    7773 (5.60974, 25.6761) -> 9956 (4.87384, 24.0373)
    7774 (18.7085, -0.3046) -> 299 (17.4092, 0.455617)
    7775 (15.8596, 28.9565) -> 5329 (15.4612, 28.727)
    7776 (16.8883, 24.9772) -> 9806 (16.2619, 24.8289)
    7777 (21.5588, 16.5724) -> 9214 (21.1863, 16.624)
    7778 (12.4011, -9.45605) -> 8174 (11.8759, -7.91377)
    7779 (11.6315, 17.7232) -> 2567 (10.166, 18.3444)
    7780 (24.7635, 8.25227) -> 9507 (23.1705, 8.69254)
    7781 (19.5099, 28.685) -> 8976 (19.0859, 28.2669)
    7782 (2.0514, 23.6836) -> 6657 (1.90545, 23.0742)
    7783 (16.4266, -0.830815) -> 9350 (16.0234, -0.450021)
    7784 (18.6977, 9.01949) -> 1397 (17.2002, 8.69163)
    7785 (10.6451, 6.53363) -> 3632 (8.75107, 7.02855)
    7786 (0.68076, 2.10661) -> 8112 (0.755518, 4.03276)
    7787 (0.0401226, -4.25998) -> 1830 (0.0596774, -3.22233)
    7788 (2.66139, -3.24471) -> 9448 (2.56034, -2.27471)
    7789 (7.58573, 2.3359) -> 2231 (6.96953, 3.015)
    7790 (6.28426, 13.0293) -> 9179 (4.42751, 13.6819)
    7791 (6.40316, 19.7545) -> 2084 (4.90227, 18.7657)
    7792 (6.12994, 1.48219) -> 7552 (5.57315, 2.56933)
    7793 (24.7474, 28.2673) -> 9427 (23.7098, 27.8341)
    7794 (21.4112, -8.48062) -> 8769 (20.6785, -7.5772)
    7795 (6.02148, 13.1481) -> 7322 (4.27843, 13.8617)
    7796 (21.9117, -0.127215) -> 9604 (20.1194, 0.483139)
    7797 (15.1698, 7.55495) -> 9517 (13.625, 7.36445)
    7798 (4.53876, 14.2265) -> 8763 (2.98929, 14.5503)
    7799 (13.3103, 22.5753) -> 9674 (12.7659, 22.0848)
    7800 (10.0977, -2.90017) -> 8421 (9.95989, -2.64228)
    7801 (18.4624, 11.7714) -> 8864 (17.9829, 12.5737)
    7802 (24.0385, -4.24364) -> 2016 (23.0249, -3.60004)
    7803 (24.4702, 17.7265) -> 5689 (23.1231, 17.77)
    7804 (15.5283, 26.671) -> 7012 (14.2061, 25.839)
    7805 (16.3718, 9.82733) -> 8496 (15.5348, 9.27895)
    7806 (12.0807, 18.4735) -> 6545 (11.6002, 18.6696)
    7807 (17.1425, 3.49744) -> 9680 (16.0831, 4.25929)
    7808 (7.46909, 7.37227) -> 7953 (6.43535, 7.89296)
    7809 (9.20725, -5.8274) -> 5782 (8.60573, -4.59878)
    7810 (13.6665, 11.3527) -> 9292 (13.9694, 9.43567)
    7811 (6.06729, 24.4105) -> 9610 (5.73132, 23.8126)
    7812 (16.793, 13.7749) -> 9677 (16.1065, 15.2709)
    7813 (17.9767, 12.4902) -> 9462 (16.8506, 13.9392)
    7814 (21.6034, 26.4066) -> 8915 (21.03, 25.7927)
    7815 (1.1306, 25.1225) -> 719 (1.0851, 23.5396)
    7816 (24.9256, 9.27582) -> 9507 (23.1705, 8.69254)
    7817 (24.0438, 9.07973) -> 9771 (22.5292, 8.44699)
    7818 (21.742, 19.8749) -> 5081 (20.1214, 19.8834)
    7819 (13.6643, 14.8366) -> 6614 (13.9322, 16.2844)
    7820 (15.6302, 22.5818) -> 9223 (14.2106, 22.3634)
    7821 (17.9045, 26.9804) -> 9740 (16.6573, 26.1718)
    7822 (5.09656, 28.0565) -> 9080 (4.54243, 26.9068)
    7823 (17.9637, 10.0319) -> 5651 (16.3149, 9.27661)
    7824 (13.2733, -4.06375) -> 9376 (12.1545, -2.96131)
    7825 (14.0176, 23.9197) -> 9383 (12.7386, 23.1338)
    7826 (18.3763, 22.3459) -> 3805 (16.3976, 22.0848)
    7827 (19.5699, -2.39309) -> 8014 (18.1364, -1.26873)
    7828 (17.6196, 11.4171) -> 9369 (17.0269, 10.6829)
    7829 (17.2784, 15.3125) -> 4056 (16.9479, 15.5663)
    7830 (20.5476, 6.10778) -> 8035 (18.7033, 6.45261)
    7831 (18.302, -6.04021) -> 9818 (17.961, -5.45656)
    7832 (1.2122, -2.91779) -> 1721 (1.17535, -2.07678)
    7833 (3.9861, 11.8612) -> 7946 (2.91955, 12.9065)
    7834 (16.3748, -4.54777) -> 9375 (15.4233, -3.47902)
    7835 (15.0786, -4.91699) -> 9426 (14.0923, -3.61693)
    7836 (24.6504, 14.1605) -> 9951 (24.1086, 14.2346)
    7837 (24.0899, -7.78143) -> 8511 (22.7258, -6.56421)
    7838 (10.1005, -5.84063) -> 9043 (9.43811, -4.42768)
    7839 (20.0134, -0.192863) -> 8660 (18.5692, 0.365547)
    7840 (20.1124, 28.3407) -> 4131 (18.4394, 27.6363)
    7841 (19.0735, -6.55014) -> 9818 (17.961, -5.45656)
    7842 (14.8732, 12.0481) -> 9500 (15.0156, 11.1108)
    7843 (6.14891, 6.09001) -> 5139 (4.86473, 7.48825)
    7844 (20.2227, 2.5478) -> 6481 (18.9016, 3.03695)
    7845 (22.0841, 5.78846) -> 4873 (20.1547, 5.89254)
    7846 (21.6953, 19.1479) -> 9611 (21.0404, 19.1368)
    7847 (17.8703, 10.2059) -> 5651 (16.3149, 9.27661)
    7848 (11.1318, -4.4996) -> 9635 (10.9209, -3.60493)
    7849 (24.5549, 19.1465) -> 3773 (23.1901, 19.195)
    7850 (2.94299, 11.2689) -> 303 (1.98056, 12.8634)
    7851 (17.1306, -1.6397) -> 221 (16.7768, -1.39993)
    7852 (16.8688, 24.7495) -> 8368 (14.9925, 24.1857)
    7853 (0.805737, -8.18144) -> 8223 (0.846097, -7.91979)
    7854 (4.59463, 20.2574) -> 9967 (3.94196, 19.4489)
    7855 (22.1755, 2.18442) -> 7338 (20.5736, 2.70904)
    7856 (19.5107, 13.681) -> 1006 (18.8663, 14.1872)
    7857 (1.36843, 23.7497) -> 3824 (1.25475, 22.4237)
    7858 (17.8126, 22.4538) -> 7342 (16.4354, 22.3296)
    7859 (18.5533, 15.6143) -> 9644 (17.9573, 15.9386)
    7860 (13.0093, -8.70901) -> 5275 (12.0207, -7.3362)
    7861 (14.1724, 1.67911) -> 8337 (13.548, 2.01046)
    7862 (15.312, 27.514) -> 8160 (14.1583, 26.7937)
    7863 (2.08582, 8.82688) -> 8451 (1.74788, 9.95063)
    7864 (16.2459, 27.503) -> 9630 (15.1838, 27.0533)
    7865 (1.16712, 29.8774) -> 5718 (1.17236, 27.8995)
    7866 (13.2197, 29.9349) -> 9830 (12.0881, 28.8812)
    7867 (5.77312, 15.8735) -> 8565 (4.91118, 15.7422)
    7868 (14.2772, 6.17205) -> 3129 (13.6728, 6.1572)
    7869 (19.6961, -3.02015) -> 6598 (18.0934, -2.05441)
    7870 (24.7984, 20.087) -> 1745 (22.9514, 20.162)
    7871 (0.436902, -1.81241) -> 9645 (0.454004, -0.224018)
    7872 (20.2318, 9.72882) -> 8917 (18.5075, 9.04693)
    7873 (16.4028, 6.37373) -> 9001 (14.4617, 6.61374)
    7874 (6.81583, 28.2822) -> 2955 (6.33297, 27.2349)
    7875 (20.9085, 7.69696) -> 8020 (19.1507, 7.47902)
    7876 (1.94101, 6.80114) -> 9736 (1.82871, 7.21943)
    7877 (17.667, 29.4314) -> 1462 (16.3177, 28.7277)
    7878 (0.81439, -8.6192) -> 268 (0.789457, -7.00508)
    7879 (5.78418, 17.8182) -> 3581 (4.80465, 17.3974)
    7880 (2.10773, 24.6776) -> 8001 (1.7543, 22.723)
    7881 (2.89761, 5.05798) -> 4175 (2.47221, 6.68493)
    7882 (15.8176, -4.93966) -> 9260 (15.3998, -4.38527)
    7883 (9.59762, 7.99528) -> 383 (8.95062, 8.03323)
    7884 (18.2154, 16.2818) -> 9029 (16.4289, 17.0193)
    7885 (13.4916, 2.5268) -> 7973 (12.3229, 3.1298)
    7886 (21.2227, 29.7738) -> 4433 (21.0406, 29.6722)
    7887 (1.97553, 26.9139) -> 2069 (1.74585, 25.4888)
    7888 (0.601996, -9.20937) -> 8982 (0.559844, -8.21777)
    7889 (18.4804, -5.77039) -> 9818 (17.961, -5.45656)
    7890 (11.7813, 16.4528) -> 2495 (10.457, 17.8611)
    7891 (20.3312, 2.34763) -> 8316 (19.8331, 2.44742)
    7892 (18.6261, 5.93886) -> 929 (16.9899, 6.07686)
    7893 (5.64933, 2.74386) -> 3316 (4.85176, 3.94686)
    7894 (7.53261, 29.2151) -> 7874 (6.81583, 28.2822)
    7895 (0.694046, 0.800791) -> 6892 (0.766793, 1.7242)
    7896 (3.22343, 17.009) -> 5565 (2.57674, 16.3689)
    7897 (8.08031, 10.9638) -> 6330 (6.13969, 11.1483)
    7898 (20.3939, 27.1165) -> 4076 (19.553, 26.6862)
    7899 (0.492613, 12.8965) -> 2515 (0.712836, 13.9254)
    7900 (8.85045, -1.42132) -> 8537 (8.5642, -0.927157)
    7901 (1.08915, 10.5496) -> 5371 (1.07748, 11.5002)
    7902 (18.5281, 11.4306) -> 9528 (17.4047, 10.5349)
    7903 (14.3496, 25.5064) -> 9786 (14.0769, 25.4582)
    7904 (24.3977, 3.84935) -> 9022 (24.0184, 3.94532)
    7905 (1.15064, 1.9793) -> 7357 (1.15878, 3.31452)
    7906 (24.8274, 22.1679) -> 8104 (23.2247, 21.9182)
    7907 (24.4479, 0.210689) -> 9995 (23.3502, 0.679493)
    7908 (16.3063, -9.53058) -> 6401 (15.4111, -8.04813)
    7909 (7.44552, -2.76515) -> 2609 (6.60356, -1.08645)
    7910 (22.6103, 9.72766) -> 8706 (21.1143, 9.24745)
    7911 (24.3048, 15.5739) -> 2431 (22.4819, 16.1197)
    7912 (23.8995, 15.6648) -> 2431 (22.4819, 16.1197)
    7913 (21.1498, 23.6974) -> 8722 (20.5416, 23.4582)
    7914 (12.9305, 23.7807) -> 9906 (11.2374, 22.9073)
    7915 (4.40354, -3.0457) -> 4790 (3.86903, -1.32488)
    7916 (16.2228, -3.21733) -> 4866 (14.7709, -2.18671)
    7917 (16.1732, -8.66005) -> 9715 (15.155, -7.00204)
    7918 (4.14835, 18.9844) -> 8412 (3.06277, 17.8147)
    7919 (10.1122, -0.846975) -> 7944 (8.97391, 0.530484)
    7920 (21.9306, -8.10471) -> 9227 (20.8273, -7.31431)
    7921 (17.0188, -1.2687) -> 9350 (16.0234, -0.450021)
    7922 (20.4933, 12.6313) -> 5465 (19.3962, 13.4485)
    7923 (8.12747, 26.2119) -> 9646 (7.28727, 25.5237)
    7924 (16.9995, 18.9019) -> 9954 (15.7407, 18.9321)
    7925 (18.3423, -8.41969) -> 9633 (17.3146, -7.03746)
    7926 (1.30943, -8.45881) -> 3930 (1.32399, -6.89118)
    7927 (6.97254, 21.5519) -> 2329 (6.18086, 20.7943)
    7928 (1.01774, -8.50933) -> 4073 (0.971782, -6.59598)
    7929 (6.39439, 6.61067) -> 1704 (5.17295, 7.85192)
    7930 (15.0596, 24.8284) -> 2315 (14.0628, 24.3806)
    7931 (12.928, 5.83431) -> 1627 (11.273, 6.33885)
    7932 (16.6351, 10.9941) -> 9836 (15.3369, 9.69397)
    7933 (24.3307, 16.1296) -> 8543 (23.515, 16.3173)
    7934 (7.05773, 10.3667) -> 2322 (5.41909, 10.9404)
    7935 (23.3628, 1.30184) -> 7855 (22.1755, 2.18442)
    7936 (16.4005, 19.8477) -> 9933 (16.0156, 19.7497)
    7937 (3.3141, 16.2726) -> 6060 (1.61106, 15.3277)
    7938 (2.28135, 25.786) -> 7880 (2.10773, 24.6776)
    7939 (10.2671, 29.9642) -> 925 (9.61063, 29.3403)
    7940 (6.08572, 8.07902) -> 321 (4.79247, 9.45284)
    7941 (24.4205, 18.5052) -> 8479 (23.2545, 18.5004)
    7942 (2.61898, -9.84775) -> 5457 (2.67004, -8.16584)
    7943 (22.1312, 10.6987) -> 2606 (20.3377, 10.0328)
    7944 (8.97391, 0.530484) -> 9313 (8.22465, 1.42136)
    7945 (19.4102, 29.8361) -> 5732 (18.3106, 29.1615)
    7946 (2.91955, 12.9065) -> 6959 (2.47711, 13.3101)
    7947 (18.0904, 10.221) -> 9380 (16.9912, 9.65993)
    7948 (6.01948, -0.198818) -> 6180 (5.36509, 0.935739)
    7949 (4.12797, 3.34983) -> 2126 (3.46843, 4.89083)
    7950 (22.6775, 11.2714) -> 9422 (22.4241, 11.4689)
    7951 (23.6015, 5.29921) -> 4627 (21.715, 5.63137)
    7952 (16.7618, 24.4589) -> 9893 (16.1371, 23.9718)
    7953 (6.43535, 7.89296) -> 7940 (6.08572, 8.07902)
    7954 (0.410325, -3.65227) -> 7871 (0.436902, -1.81241)
    7955 (14.9734, 9.92652) -> 9292 (13.9694, 9.43567)
    7956 (15.5995, 6.95727) -> 646 (14.1953, 6.96272)
    7957 (6.98148, 14.1557) -> 4816 (5.09085, 14.3632)
    7958 (0.402116, -8.34245) -> 8645 (0.353548, -7.38175)
    7959 (18.0944, 10.6456) -> 9380 (16.9912, 9.65993)
    7960 (14.0983, 2.4534) -> 8739 (12.4359, 3.28598)
    7961 (24.2862, 20.862) -> 9936 (22.8316, 21.2978)
    7962 (0.18623, 14.3675) -> 0 (1, 15)
    7963 (3.94948, -5.57492) -> 8269 (3.54766, -4.03097)
    7964 (21.5699, 6.07301) -> 1295 (20.8028, 6.24779)
    7965 (11.2522, 24.1727) -> 6100 (10.1616, 23.4396)
    7966 (16.4431, 14.8436) -> 5127 (15.446, 15.9778)
    7967 (23.0807, -7.60353) -> 7081 (22.1275, -6.90919)
    7968 (23.7602, 24.0559) -> 9325 (21.971, 23.5702)
    7969 (24.0886, 12.4302) -> 6265 (23.5472, 12.7039)
    7970 (1.7932, -0.0374808) -> 4118 (1.57548, 0.99002)
    7971 (21.5298, 9.36274) -> 9876 (20.1752, 9.09017)
    7972 (20.1146, 3.51762) -> 9295 (19.4815, 3.63954)
    7973 (12.3229, 3.1298) -> 6035 (11.0924, 3.86902)
    7974 (7.74237, 1.07225) -> 9209 (6.86989, 1.91943)
    7975 (18.7147, 12.7457) -> 7652 (17.3248, 14.1448)
    7976 (12.15, 2.83667) -> 4652 (10.8711, 3.82086)
    7977 (12.9315, 27.6609) -> 967 (11.6794, 26.5181)
    7978 (15.2581, 3.79888) -> 1160 (13.8921, 4.31387)
    7979 (21.0769, 19.5938) -> 9725 (19.2217, 19.8288)
    7980 (11.6275, 2.37616) -> 205 (10.6649, 3.06196)
    7981 (20.9539, -2.60339) -> 3610 (19.8394, -1.93404)
    7982 (20.804, 27.7106) -> 8996 (20.3383, 27.5426)
    7983 (20.3221, 3.0104) -> 2014 (19.3646, 3.33428)
    7984 (1.26006, 10.9595) -> 9594 (1.21064, 11.3498)
    7985 (10.88, 6.79703) -> 5080 (9.65052, 6.99171)
    7986 (24.3855, 8.06459) -> 3828 (23.552, 8.02957)
    7987 (19.7325, 29.6254) -> 8914 (18.9329, 29.1872)
    7988 (0.64752, 20.8203) -> 8111 (0.674412, 19.4713)
    7989 (24.376, 0.268326) -> 9995 (23.3502, 0.679493)
    7990 (1.99807, 16.6932) -> 0 (1, 15)
    7991 (11.2831, 19.8957) -> 8651 (9.40774, 19.7657)
    7992 (15.0267, 10.8461) -> 9292 (13.9694, 9.43567)
    7993 (4.4781, -7.84279) -> 8466 (4.07289, -6.7443)
    7994 (16.8957, 26.7576) -> 3309 (15.2513, 25.7049)
    7995 (15.2463, 2.84104) -> 9118 (13.7935, 3.9141)
    7996 (24.6162, -0.508452) -> 937 (23.8384, -0.201296)
    7997 (6.2554, 3.23057) -> 5033 (5.21793, 4.76017)
    7998 (19.5336, 22.2418) -> 7191 (18.7182, 22.0997)
    7999 (1.35485, 28.6757) -> 9388 (1.19654, 26.8961)
    8000 (22.0574, 11.3004) -> 138 (21.4934, 11.7312)
    8001 (1.7543, 22.723) -> 8424 (1.61461, 21.9561)
    8002 (22.8714, 24.5293) -> 9770 (22.8787, 24.5197)
    8003 (13.7012, 22.7658) -> 960 (12.6788, 22.4967)
    8004 (23.4046, -7.19393) -> 8511 (22.7258, -6.56421)
    8005 (22.1993, 7.73863) -> 7875 (20.9085, 7.69696)
    8006 (11.683, 23.981) -> 5841 (10.191, 22.9543)
    8007 (16.1697, 23.2327) -> 9177 (15.7803, 23.1578)
    8008 (11.6794, 16.6295) -> 2495 (10.457, 17.8611)
    8009 (4.59015, 13.1827) -> 5615 (2.95386, 14.0549)
    8010 (4.13897, 2.62747) -> 6924 (3.53378, 4.38317)
    8011 (11.0916, -3.05093) -> 9508 (9.91871, -1.4831)
    8012 (9.48724, -2.46613) -> 8537 (8.5642, -0.927157)
    8013 (4.85717, 8.10484) -> 1445 (3.77541, 9.63401)
    8014 (18.1364, -1.26873) -> 9239 (16.9917, -0.378895)
    8015 (13.2565, -3.06964) -> 9586 (11.858, -1.91309)
    8016 (23.6404, 5.62326) -> 8908 (22.9846, 5.69058)
    8017 (1.46209, 17.849) -> 395 (1.33314, 17.2172)
    8018 (23.05, -5.52968) -> 6691 (21.8193, -4.65012)
    8019 (1.46733, -4.84692) -> 2686 (1.34467, -3.36411)
    8020 (19.1507, 7.47902) -> 2215 (17.6476, 7.36937)
    8021 (0.567154, 1.72085) -> 9453 (0.425198, 3.42662)
    8022 (16.6748, -4.56793) -> 9375 (15.4233, -3.47902)
    8023 (10.287, -0.301913) -> 7418 (9.04931, 1.23422)
    8024 (6.55495, 12.9013) -> 92 (6.4175, 12.9709)
    8025 (23.5942, 14.368) -> 9897 (21.7146, 15.0116)
    8026 (14.9182, -2.53104) -> 6300 (14.1547, -1.95335)
    8027 (24.0733, -7.63594) -> 8511 (22.7258, -6.56421)
    8028 (5.69345, -3.12663) -> 133 (5.17573, -1.40716)
    8029 (9.9959, -7.89216) -> 7768 (9.62994, -7.22908)
    8030 (7.47952, 1.23766) -> 9209 (6.86989, 1.91943)
    8031 (12.1525, 20.0637) -> 3912 (11.0956, 20.1909)
    8032 (10.9196, 24.6577) -> 3456 (9.64197, 23.9355)
    8033 (17.4769, 25.2074) -> 9806 (16.2619, 24.8289)
    8034 (20.6216, 16.388) -> 7502 (19.2277, 16.6657)
    8035 (18.7033, 6.45261) -> 69 (17.0874, 6.65516)
    8036 (23.0464, 21.995) -> 9785 (21.9787, 21.6721)
    8037 (6.51742, 23.7736) -> 678 (5.94694, 23.1809)
    8038 (21.1577, 12.7841) -> 8822 (19.5516, 13.7654)
    8039 (8.22001, 22.6836) -> 9564 (6.70669, 21.7456)
    8040 (4.33537, -8.94385) -> 8759 (4.37422, -8.31446)
    8041 (0.433543, -8.39572) -> 8497 (0.465389, -6.6631)
    8042 (19.4455, 28.2583) -> 8948 (18.6083, 27.8851)
    8043 (8.29339, 7.84592) -> 1914 (7.27772, 8.30302)
    8044 (7.40788, 7.02324) -> 5251 (5.91811, 8.05383)
    8045 (8.14724, 10.4246) -> 6161 (6.23496, 10.5682)
    8046 (24.0372, -9.85128) -> 9404 (22.9261, -8.3913)
    8047 (15.1575, 23.687) -> 1394 (13.3461, 23.1061)
    8048 (15.1376, -8.94671) -> 9971 (14.3466, -7.91896)
    8049 (14.1902, 19.9525) -> 8465 (13.8643, 19.9475)
    8050 (19.8147, 14.8993) -> 9705 (19.5389, 14.8322)
    8051 (5.91444, 1.34112) -> 4638 (5.7387, 1.65846)
    8052 (18.773, -3.85934) -> 1771 (17.2433, -2.78545)
    8053 (24.8518, 5.71179) -> 1040 (22.8833, 5.91798)
    8054 (18.7858, -1.5403) -> 8911 (17.7518, -0.933013)
    8055 (1.8275, -6.06081) -> 4418 (1.60642, -4.69983)
    8056 (5.52824, 10.1536) -> 4510 (3.96253, 11.368)
    8057 (0.706141, 18.1284) -> 3335 (0.766559, 16.7712)
    8058 (5.57709, 28.2185) -> 2635 (4.77284, 26.4383)
    8059 (9.11529, 20.3224) -> 1755 (7.28753, 19.6924)
    8060 (16.1987, 28.6547) -> 9015 (15.6406, 28.3024)
    8061 (6.82317, 9.27488) -> 422 (6.55132, 9.32933)
    8062 (3.38772, 25.019) -> 8752 (3.11239, 24.3117)
    8063 (15.1183, 19.4139) -> 3217 (13.2814, 19.6532)
    8064 (7.96248, 29.7071) -> 8629 (7.56501, 28.9679)
    8065 (6.47473, 5.11432) -> 6937 (5.3673, 6.36046)
    8066 (4.63401, 16.033) -> 6019 (3.85483, 15.8669)
    8067 (24.931, 17.8768) -> 4893 (23.744, 18.0337)
    8068 (13.7777, 5.12598) -> 9760 (13.3097, 5.28699)
    8069 (20.9807, 3.7322) -> 9625 (19.7191, 4.17644)
    8070 (16.4371, 6.51763) -> 8313 (15.4097, 6.5591)
    8071 (20.909, 28.9902) -> 8807 (20.1044, 28.6466)
    8072 (9.32218, 9.16367) -> 3702 (8.37922, 9.02698)
    8073 (1.94242, 29.1903) -> 9199 (1.65081, 27.3906)
    8074 (1.31522, 9.31334) -> 7901 (1.08915, 10.5496)
    8075 (23.6547, 12.818) -> 5428 (22.636, 13.3622)
    8076 (13.0234, 18.5072) -> 8531 (11.5127, 18.9053)
    8077 (3.05622, -1.29053) -> 9782 (2.6709, 0.0174276)
    8078 (19.498, 25.5949) -> 9296 (17.9426, 24.5965)
    8079 (6.79102, 18.9189) -> 921 (5.44263, 18.2868)
    8080 (7.66798, 27.3068) -> 8121 (6.72066, 26.0386)
    8081 (17.4894, -7.11124) -> 9483 (16.6008, -5.91076)
    8082 (16.667, 29.2317) -> 7457 (15.7872, 28.6089)
    8083 (11.0936, 23.2946) -> 9073 (10.8629, 23.1812)
    8084 (19.0079, 12.4285) -> 1190 (17.5368, 13.6909)
    8085 (7.58577, 1.01599) -> 4752 (7.16962, 1.5183)
    8086 (19.0772, -5.6958) -> 9229 (18.4678, -4.8034)
    8087 (21.5754, 16.6631) -> 8745 (20.1226, 16.8208)
    8088 (16.3911, 16.4697) -> 8450 (15.8615, 16.7568)
    8089 (17.2585, -1.10904) -> 9797 (16.0724, -0.160233)
    8090 (21.098, 14.9507) -> 8896 (19.9356, 15.6669)
    8091 (2.99555, 10.8859) -> 2833 (2.60941, 11.3983)
    8092 (13.6611, 29.9646) -> 9930 (13.3123, 29.5152)
    8093 (14.5292, -4.7125) -> 7428 (14.0357, -4.30486)
    8094 (7.88158, 28.208) -> 2708 (7.28139, 27.5282)
    8095 (9.95515, 17.3286) -> 8137 (8.48965, 17.8733)
    8096 (14.4317, -3.97063) -> 9426 (14.0923, -3.61693)
    8097 (22.7149, 12.3246) -> 9938 (22.6537, 12.3606)
    8098 (13.0311, 24.4419) -> 2377 (11.4397, 23.7755)
    8099 (15.4516, 2.98111) -> 9118 (13.7935, 3.9141)
    8100 (13.2796, 9.06659) -> 8550 (12.3552, 8.61571)
    8101 (10.9622, 7.45745) -> 9444 (10.7993, 7.41369)
    8102 (13.9388, -3.52742) -> 9324 (13.0707, -2.08407)
    8103 (10.2773, -9.58009) -> 3164 (9.60108, -8.41428)
    8104 (23.2247, 21.9182) -> 9785 (21.9787, 21.6721)
    8105 (19.557, -8.90772) -> 9978 (18.571, -7.60026)
    8106 (18.4215, 7.18178) -> 7429 (17.2395, 7.04575)
    8107 (13.191, 23.5218) -> 9383 (12.7386, 23.1338)
    8108 (14.8454, -3.35896) -> 9748 (14.3187, -2.76937)
    8109 (6.866, -0.160338) -> 9838 (6.12828, 1.01856)
    8110 (3.52695, 23.0754) -> 6852 (2.96219, 21.5667)
    8111 (0.674412, 19.4713) -> 8057 (0.706141, 18.1284)
    8112 (0.755518, 4.03276) -> 576 (0.759185, 5.81422)
    8113 (14.4475, 13.0008) -> 8617 (15.2962, 13.8923)
    8114 (21.687, 12.2941) -> 1225 (20.6421, 12.938)
    8115 (7.36378, 10.3108) -> 3295 (5.71186, 10.7182)
    8116 (1.54811, -1.35722) -> 4944 (1.55115, 0.353563)
    8117 (20.3406, 13.818) -> 9478 (19.5972, 14.3001)
    8118 (12.5871, -1.6557) -> 8809 (11.6734, -0.416002)
    8119 (21.9038, 8.16774) -> 6153 (20.4607, 8.08988)
    8120 (13.4461, -5.11136) -> 9243 (13.0286, -4.30382)
    8121 (6.72066, 26.0386) -> 7564 (5.96461, 24.778)
    8122 (22.0077, 8.9798) -> 4479 (20.241, 8.72643)
    8123 (11.785, 3.96515) -> 7422 (11.1528, 4.13169)
    8124 (8.86789, 26.0961) -> 8701 (8.27103, 25.407)
    8125 (15.4587, -4.52804) -> 7285 (14.8433, -3.71004)
    8126 (1.98763, 14.1971) -> 0 (1, 15)
    8127 (4.52614, 15.6552) -> 7140 (3.22003, 15.38)
    8128 (6.33818, 22.4749) -> 8230 (5.84298, 22.0093)
    8129 (22.4436, 24.8919) -> 9197 (20.5808, 24.4654)
    8130 (22.9165, 22.3727) -> 6602 (21.2497, 22.3113)
    8131 (12.5593, 28.8138) -> 5851 (11.4756, 28.0216)
    8132 (18.3156, 17.376) -> 5412 (17.0913, 17.8268)
    8133 (22.5905, 8.45767) -> 9771 (22.5292, 8.44699)
    8134 (0.495682, 0.210555) -> 7786 (0.68076, 2.10661)
    8135 (12.8503, 16.4021) -> 6927 (11.8957, 17.5976)
    8136 (16.2524, -4.04015) -> 9375 (15.4233, -3.47902)
    8137 (8.48965, 17.8733) -> 246 (7.4386, 17.8269)
    8138 (8.53445, 7.65849) -> 1914 (7.27772, 8.30302)
    8139 (19.8188, -6.15542) -> 9229 (18.4678, -4.8034)
    8140 (19.8946, 15.6954) -> 9902 (18.8825, 16.2968)
    8141 (22.4, 27.3577) -> 4407 (20.511, 26.7643)
    8142 (0.460118, -9.75677) -> 7958 (0.402116, -8.34245)
    8143 (24.3722, -2.70725) -> 9306 (22.9158, -1.99939)
    8144 (24.4176, -7.56126) -> 9009 (23.3603, -6.7777)
    8145 (9.13475, -2.60681) -> 1406 (8.32679, -1.28091)
    8146 (6.18614, 3.07173) -> 5033 (5.21793, 4.76017)
    8147 (22.0062, 10.0238) -> 6846 (20.2406, 9.45767)
    8148 (0.430911, 24.825) -> 6762 (0.497371, 23.4864)
    8149 (19.1936, 16.2535) -> 6689 (17.5467, 16.9824)
    8150 (7.28244, -1.29945) -> 6472 (6.40031, 0.106341)
    8151 (16.0032, 29.3135) -> 7520 (15.3965, 28.8493)
    8152 (4.24644, 3.83186) -> 6075 (3.89517, 4.54068)
    8153 (13.6247, 29.6691) -> 9575 (12.8356, 28.8293)
    8154 (22.7607, 11.4901) -> 8114 (21.687, 12.2941)
    8155 (15.8599, 17.4333) -> 9456 (15.2339, 17.674)
    8156 (6.3577, 1.99537) -> 1135 (5.28234, 3.58811)
    8157 (11.2639, -6.19063) -> 1680 (11.0158, -5.77693)
    8158 (15.9867, 10.7593) -> 9334 (14.8437, 9.4043)
    8159 (21.4923, 21.1423) -> 1104 (19.6857, 21.0481)
    8160 (14.1583, 26.7937) -> 3921 (12.4708, 25.7316)
    8161 (24.8823, 11.1294) -> 9807 (24.1941, 11.5119)
    8162 (22.5806, 14.0677) -> 8572 (21.1009, 14.6641)
    8163 (9.73059, 20.7324) -> 6451 (9.01942, 20.5549)
    8164 (15.3993, -9.12319) -> 5997 (14.3789, -7.41597)
    8165 (16.0096, 25.3134) -> 7930 (15.0596, 24.8284)
    8166 (19.8137, 24.9526) -> 1633 (18.2033, 24.4039)
    8167 (6.8938, 8.83839) -> 1439 (5.55429, 9.61142)
    8168 (8.09433, -6.79519) -> 2541 (7.44155, -5.20511)
    8169 (15.1073, 22.7731) -> 6841 (13.7756, 22.4212)
    8170 (3.4936, 19.6298) -> 4244 (3.1107, 18.9507)
    8171 (17.5641, 5.6569) -> 1628 (15.9426, 5.70681)
    8172 (23.6817, -5.81077) -> 5434 (22.3217, -4.73165)
    8173 (22.1296, -5.38274) -> 9171 (20.9698, -4.16979)
    8174 (11.8759, -7.91377) -> 8666 (10.9495, -6.60504)
    8175 (18.3313, 8.33999) -> 2502 (16.7838, 7.87225)
    8176 (6.02976, -6.71014) -> 6348 (5.50685, -5.34006)
    8177 (9.43754, 23.1365) -> 8627 (8.65326, 22.5188)
    8178 (21.6393, 14.8333) -> 6834 (19.8834, 15.6696)
    8179 (2.39367, -8.61933) -> 6143 (2.40472, -8.40699)
    8180 (21.0992, -2.22716) -> 5103 (19.7869, -1.40161)
    8181 (10.6355, 16.3744) -> 2336 (9.44062, 17.437)
    8182 (18.5316, 27.1304) -> 9514 (18.3192, 27.0782)
    8183 (13.3114, 4.55393) -> 9917 (12.0164, 4.99724)
    8184 (11.9973, -2.71639) -> 9878 (10.7178, -1.44041)
    8185 (9.16433, -2.19993) -> 6478 (8.4124, -1.09911)
    8186 (10.2792, -1.44307) -> 832 (9.70292, -0.767937)
    8187 (20.5072, -8.56434) -> 6871 (19.1187, -7.30954)
    8188 (7.34424, 22.2635) -> 9914 (6.09496, 21.274)
    8189 (5.20126, -4.13088) -> 104 (4.80785, -2.84224)
    8190 (16.879, 23.3491) -> 8169 (15.1073, 22.7731)
    8191 (1.40847, 9.12923) -> 4547 (1.20402, 10.0571)
    8192 (23.6478, 13.182) -> 254 (21.9865, 13.8356)
    8193 (13.7972, -7.35572) -> 4619 (13.2047, -6.05116)
    8194 (15.7986, 5.00965) -> 8753 (13.849, 5.26993)
    8195 (20.8795, 7.71962) -> 8020 (19.1507, 7.47902)
    8196 (5.68045, 10.1633) -> 6196 (5.59445, 10.217)
    8197 (14.7086, 12.2431) -> 8797 (15.2818, 12.7444)
    8198 (18.7438, 20.5246) -> 8596 (17.0108, 20.4908)
    8199 (7.39388, 14.5127) -> 8376 (5.54604, 15.0093)
    8200 (20.7713, 23.8469) -> 3194 (19.6168, 23.4839)
    8201 (16.9053, -9.06553) -> 258 (16.6773, -8.79298)
    8202 (14.8429, 20.8352) -> 9959 (13.0929, 20.5849)
    8203 (1.08756, 1.70055) -> 7348 (0.963222, 2.80272)
    8204 (2.23195, 6.84648) -> 188 (2.0096, 7.65211)
    8205 (11.3211, 1.01462) -> 9722 (10.4746, 1.99547)
    8206 (21.6046, 26.5754) -> 1077 (20.3109, 26.1737)
    8207 (17.3656, 9.60304) -> 6220 (16.1076, 9.06612)
    8208 (4.94755, -2.38453) -> 7277 (4.5528, -1.27149)
    8209 (19.4696, 5.48428) -> 8171 (17.5641, 5.6569)
    8210 (4.32171, 7.09475) -> 4378 (3.79404, 7.8945)
    8211 (20.8481, 22.3825) -> 8876 (18.9551, 22.0757)
    8212 (17.2214, 3.47125) -> 1645 (15.3763, 4.19536)
    8213 (3.09785, 7.62571) -> 6228 (2.76925, 8.44245)
    8214 (11.824, 3.81722) -> 7422 (11.1528, 4.13169)
    8215 (3.81586, 14.9648) -> 5152 (2.48266, 15.0995)
    8216 (1.27671, -9.49081) -> 7926 (1.30943, -8.45881)
    8217 (24.803, 15.8369) -> 8543 (23.515, 16.3173)
    8218 (3.32423, 28.6267) -> 9440 (2.9772, 26.6722)
    8219 (24.7015, 25.258) -> 9247 (23.707, 24.9477)
    8220 (0.687818, -1.85665) -> 2132 (0.714023, -0.785048)
    8221 (13.8099, 10.0267) -> 8100 (13.2796, 9.06659)
    8222 (13.6094, 27.8297) -> 8840 (13.105, 27.3351)
    8223 (0.846097, -7.91979) -> 268 (0.789457, -7.00508)
    8224 (3.2612, 17.6628) -> 4532 (1.9378, 16.2386)
    8225 (22.4317, 26.2884) -> 9134 (21.2801, 25.6024)
    8226 (2.31497, 21.0957) -> 5061 (1.77604, 19.2139)
    8227 (0.278014, 23.8372) -> 7148 (0.287977, 23.6326)
    8228 (12.006, 29.8492) -> 9734 (11.2858, 29.1069)
    8229 (10.6026, 17.3876) -> 4724 (9.93101, 17.9185)
    8230 (5.84298, 22.0093) -> 9778 (4.93371, 20.9841)
    8231 (24.8646, 21.265) -> 8795 (23.0813, 21.0924)
    8232 (2.93134, -4.32328) -> 5873 (2.8055, -2.96148)
    8233 (14.8015, -9.26452) -> 8513 (13.9216, -8.13566)
    8234 (6.00113, -9.39597) -> 9853 (5.93282, -9.26342)
    8235 (23.8075, -6.73091) -> 9987 (22.3655, -5.53596)
    8236 (10.0845, -9.32976) -> 3164 (9.60108, -8.41428)
    8237 (18.6089, 6.22402) -> 6084 (17.4185, 6.32799)
    8238 (21.3736, 23.4756) -> 7044 (20.4131, 23.1676)
    8239 (23.5186, 13.0594) -> 9105 (23.2778, 13.2295)
    8240 (7.80326, 26.1411) -> 9646 (7.28727, 25.5237)
    8241 (0.159193, 0.952407) -> 5534 (0.213646, 2.46556)
    8242 (16.5114, -3.42204) -> 9868 (15.8399, -2.84253)
    8243 (19.7057, 22.3611) -> 7191 (18.7182, 22.0997)
    8244 (6.84613, 17.587) -> 6752 (5.6541, 17.3528)
    8245 (7.96545, -3.78643) -> 7909 (7.44552, -2.76515)
    8246 (23.0466, 19.4185) -> 7979 (21.0769, 19.5938)
    8247 (16.2969, -6.72272) -> 9990 (15.375, -5.97044)
    8248 (22.014, 25.4973) -> 4557 (20.9388, 25.1894)
    8249 (11.5635, 23.3792) -> 9073 (10.8629, 23.1812)
    8250 (23.9481, 24.0002) -> 6091 (23.0748, 23.9135)
    8251 (19.3983, 17.5947) -> 7050 (17.8733, 17.9237)
    8252 (15.3847, 14.4961) -> 8814 (15.3486, 15.1797)
    8253 (5.29364, 11.0795) -> 4493 (3.70831, 12.2259)
    8254 (6.32211, -8.28486) -> 6859 (6.14133, -7.12007)
    8255 (13.7821, 29.0427) -> 4840 (13.0541, 28.436)
    8256 (7.92419, 14.5824) -> 8916 (6.00202, 14.9445)
    8257 (21.3647, 27.4119) -> 3037 (19.7867, 26.7432)
    8258 (19.1498, -5.8814) -> 5941 (17.7069, -4.60831)
    8259 (19.266, 25.9416) -> 8033 (17.4769, 25.2074)
    8260 (1.03296, 14.9956) -> 0 (1, 15)
    8261 (9.06594, -4.10901) -> 9975 (9.02296, -4.0065)
    8262 (9.10298, 21.6499) -> 2699 (8.57287, 21.4851)
    8263 (14.9926, 23.9136) -> 8107 (13.191, 23.5218)
    8264 (17.0587, -8.54612) -> 3623 (16.054, -7.31921)
    8265 (21.4648, 18.011) -> 4110 (19.5184, 18.2966)
    8266 (13.9526, 19.3918) -> 9803 (12.2987, 19.838)
    8267 (18.4995, 21.2544) -> 9662 (17.347, 21.1501)
    8268 (21.0874, 24.7791) -> 5537 (19.4346, 24.3463)
    8269 (3.54766, -4.03097) -> 6039 (3.41856, -2.50176)
    8270 (19.4715, 13.7326) -> 1006 (18.8663, 14.1872)
    8271 (8.88106, 25.784) -> 8357 (7.9443, 24.9003)
    8272 (24.9303, 0.743859) -> 9866 (23.5873, 1.092)
    8273 (8.90152, -2.49445) -> 1406 (8.32679, -1.28091)
    8274 (23.3521, 29.9395) -> 2401 (21.9688, 29.2412)
    8275 (15.984, 12.8095) -> 5532 (16.1251, 14.5461)
    8276 (2.14229, 19.8998) -> 6090 (1.8792, 19.1631)
    8277 (14.4304, 4.05053) -> 8183 (13.3114, 4.55393)
    8278 (0.743367, -5.90761) -> 9743 (0.665055, -4.7036)
    8279 (6.48304, 20.7767) -> 9536 (5.72252, 20.1968)
    8280 (8.35178, 6.55634) -> 7497 (6.86413, 7.38994)
    8281 (0.72478, -8.85847) -> 2856 (0.714117, -7.56105)
    8282 (12.3186, -1.72511) -> 9473 (11.4204, -0.603088)
    8283 (13.3867, 5.81659) -> 6831 (11.6243, 6.33692)
    8284 (7.41013, 28.9336) -> 5678 (6.60307, 27.4692)
    8285 (9.64828, -2.99766) -> 8185 (9.16433, -2.19993)
    8286 (4.04396, 18.8404) -> 8412 (3.06277, 17.8147)
    8287 (11.766, 5.70583) -> 5338 (11.286, 5.8186)
    8288 (16.5102, 23.5298) -> 3625 (15.2359, 23.2067)
    8289 (8.65155, 28.2807) -> 4111 (8.31857, 27.8299)
    8290 (23.8784, 2.9414) -> 9556 (22.56, 3.42085)
    8291 (4.25247, 20.6349) -> 7693 (3.97328, 20.3204)
    8292 (13.4695, 21.7769) -> 6299 (11.6679, 21.4303)
    8293 (18.9889, 26.1637) -> 8714 (17.2866, 25.4664)
    8294 (14.3976, 29.3851) -> 7008 (13.3022, 28.4726)
    8295 (17.6557, -6.33914) -> 5864 (16.5568, -5.20784)
    8296 (0.887384, 29.4573) -> 8501 (0.9421, 28.7068)
    8297 (23.5136, 16.9296) -> 9642 (21.7469, 17.244)
    8298 (12.8255, -5.11071) -> 1328 (12.2829, -4.5232)
    8299 (23.5559, 28.6329) -> 5541 (23.0619, 28.378)
    8300 (7.65328, -8.59519) -> 627 (7.39269, -7.92753)
    8301 (18.4802, 22.9466) -> 3373 (17.3978, 22.7559)
    8302 (23.9391, 0.345008) -> 9617 (22.0715, 1.05642)
    8303 (11.832, 29.6954) -> 9734 (11.2858, 29.1069)
    8304 (19.133, 12.0511) -> 3847 (18.1828, 13.2985)
    8305 (23.3347, 14.7826) -> 9882 (21.8536, 15.1907)
    8306 (2.92609, 7.7018) -> 2715 (2.38156, 8.91649)
    8307 (11.4018, 28.2906) -> 3273 (11.2518, 28.0992)
    8308 (24.2248, -9.61485) -> 9404 (22.9261, -8.3913)
    8309 (5.52078, 16.4849) -> 4718 (4.51547, 16.339)
    8310 (22.1025, -0.879581) -> 9117 (21.5911, -0.641691)
    8311 (24.8606, 25.1353) -> 9475 (23.8322, 24.8831)
    8312 (6.42268, -0.355882) -> 9582 (5.72378, 1.17804)
    8313 (15.4097, 6.5591) -> 7734 (13.6283, 6.74406)
    8314 (15.284, 26.1019) -> 9786 (14.0769, 25.4582)
    8315 (12.1617, 17.3255) -> 7779 (11.6315, 17.7232)
    8316 (19.8331, 2.44742) -> 9303 (18.0243, 3.01673)
    8317 (10.0674, 26.581) -> 9861 (8.71377, 25.2473)
    8318 (8.12547, 7.16719) -> 9069 (6.74871, 7.9256)
    8319 (19.6854, -4.80135) -> 1897 (18.2846, -3.68993)
    8320 (10.737, 21.0482) -> 6451 (9.01942, 20.5549)
    8321 (24.1108, 16.5395) -> 6405 (22.6375, 17.0136)
    8322 (10.8994, -6.5858) -> 9097 (10.1949, -4.97251)
    8323 (20.7185, -1.32674) -> 8950 (20.2301, -0.891387)
    8324 (20.9057, 23.461) -> 4516 (19.3941, 22.907)
    8325 (14.4975, 5.13944) -> 9406 (13.6003, 5.38491)
    8326 (17.8401, 12.3449) -> 9462 (16.8506, 13.9392)
    8327 (5.45134, 13.9564) -> 2268 (3.83021, 14.2615)
    8328 (21.9324, -6.41437) -> 8796 (20.6185, -5.54342)
    8329 (9.89443, 0.0358266) -> 7418 (9.04931, 1.23422)
    8330 (12.3148, 5.47719) -> 5338 (11.286, 5.8186)
    8331 (17.6439, 23.0325) -> 161 (17.1684, 22.951)
    8332 (14.3824, -1.09207) -> 2610 (13.1859, -0.378412)
    8333 (15.4261, -6.1148) -> 9990 (15.375, -5.97044)
    8334 (12.4119, 16.537) -> 8449 (11.2344, 17.8711)
    8335 (0.273163, 28.4848) -> 5471 (0.18242, 27.1442)
    8336 (14.048, 19.7593) -> 3185 (12.5408, 19.8485)
    8337 (13.548, 2.01046) -> 7976 (12.15, 2.83667)
    8338 (24.113, 12.9104) -> 9105 (23.2778, 13.2295)
    8339 (15.1582, 25.5675) -> 3608 (13.4851, 24.7099)
    8340 (20.5741, 17.1435) -> 492 (19.2852, 17.5304)
    8341 (14.4697, 11.8924) -> 8970 (14.4672, 10.0121)
    8342 (2.0428, -9.06719) -> 1971 (1.94256, -7.86101)
    8343 (17.841, -8.19159) -> 1069 (17.0805, -7.67233)
    8344 (6.44094, -7.31589) -> 8589 (6.1713, -6.35288)
    8345 (12.7669, 10.4754) -> 8550 (12.3552, 8.61571)
    8346 (20.3316, 27.7155) -> 1995 (19.2998, 27.1748)
    8347 (1.17394, 19.1418) -> 4233 (1.16507, 18.9927)
    8348 (14.2212, -1.44332) -> 6227 (12.8182, -0.665048)
    8349 (18.093, 7.01168) -> 7429 (17.2395, 7.04575)
    8350 (12.7781, 2.1314) -> 9318 (12.3292, 2.39505)
    8351 (12.5625, 21.2679) -> 8320 (10.737, 21.0482)
    8352 (24.2689, 21.4362) -> 9936 (22.8316, 21.2978)
    8353 (15.7768, 19.0124) -> 3858 (14.4761, 19.4269)
    8354 (2.74522, 28.888) -> 8847 (2.58772, 27.9682)
    8355 (2.50596, -2.74832) -> 9448 (2.56034, -2.27471)
    8356 (5.7487, 15.5977) -> 5719 (3.83086, 15.2982)
    8357 (7.9443, 24.9003) -> 4300 (7.00318, 23.895)
    8358 (15.3074, 21.9149) -> 5827 (14.762, 21.9634)
    8359 (2.44451, 24.0601) -> 6338 (1.95538, 22.2129)
    8360 (23.1347, 10.987) -> 5167 (21.9344, 11.8901)
    8361 (12.1698, 7.96648) -> 9439 (11.2596, 7.87728)
    8362 (3.37565, 22.8669) -> 5552 (3.08831, 22.2497)
    8363 (1.36114, 26.9097) -> 9378 (1.30639, 25.5515)
    8364 (4.83357, 29.082) -> 293 (4.31623, 27.7923)
    8365 (23.5903, 24.4092) -> 9078 (22.2811, 24.1322)
    8366 (4.06864, -2.84599) -> 103 (3.6617, -1.20871)
    8367 (11.8697, 17.0745) -> 1647 (10.3454, 18.1018)
    8368 (14.9925, 24.1857) -> 8107 (13.191, 23.5218)
    8369 (20.2877, 22.9843) -> 1052 (18.5666, 22.8655)
    8370 (13.1692, -8.44436) -> 8952 (12.6079, -7.51522)
    8371 (23.1117, 29.657) -> 2401 (21.9688, 29.2412)
    8372 (13.7507, 25.9312) -> 5492 (12.8895, 25.5734)
    8373 (4.57567, 29.089) -> 5950 (3.9314, 27.242)
    8374 (3.50984, 25.2408) -> 2535 (3.28727, 24.4668)
    8375 (19.6531, 13.0595) -> 9641 (18.6905, 13.8089)
    8376 (5.54604, 15.0093) -> 8215 (3.81586, 14.9648)
    8377 (14.1235, 9.00956) -> 9708 (12.8113, 8.51127)
    8378 (16.7675, 23.1542) -> 8169 (15.1073, 22.7731)
    8379 (24.6871, 14.9524) -> 3685 (23.6421, 15.2983)
    8380 (21.1937, 2.5461) -> 7303 (19.5487, 3.01192)
    8381 (10.2802, 19.7795) -> 9892 (8.44365, 19.5042)
    8382 (19.3572, -1.90205) -> 8911 (17.7518, -0.933013)
    8383 (4.19924, -0.40752) -> 3143 (3.55696, 1.40617)
    8384 (24.1552, 0.914248) -> 9866 (23.5873, 1.092)
    8385 (12.0259, 27.3131) -> 6001 (10.6078, 26.1728)
    8386 (21.6559, 0.253185) -> 8542 (20.0062, 1.02215)
    8387 (7.49655, 15.8393) -> 7867 (5.77312, 15.8735)
    8388 (0.634296, -8.45293) -> 8751 (0.557499, -6.46893)
    8389 (18.1712, 6.45939) -> 69 (17.0874, 6.65516)
    8390 (23.1857, 19.7418) -> 3668 (21.8664, 19.9143)
    8391 (11.6609, -2.62538) -> 5972 (11.2711, -2.20491)
    8392 (23.864, -2.32161) -> 9306 (22.9158, -1.99939)
    8393 (23.4425, 15.3108) -> 7356 (22.4466, 15.6586)
    8394 (22.573, 5.42249) -> 4627 (21.715, 5.63137)
    8395 (23.328, 20.1996) -> 7715 (21.4211, 20.2563)
    8396 (2.71976, -4.10479) -> 9448 (2.56034, -2.27471)
    8397 (18.5341, 2.11922) -> 9278 (16.7642, 3.03212)
    8398 (0.820435, -3.13303) -> 8220 (0.687818, -1.85665)
    8399 (6.3636, 12.7665) -> 331 (4.59141, 13.5861)
    8400 (12.3379, 26.872) -> 9126 (11.7454, 26.3522)
    8401 (15.6879, 10.4311) -> 9334 (14.8437, 9.4043)
    8402 (8.51868, -2.13003) -> 9123 (7.85757, -0.59562)
    8403 (11.6437, -5.51626) -> 9929 (11.55, -4.86516)
    8404 (11.4838, 28.1425) -> 6469 (10.6122, 27.049)
    8405 (20.4308, -4.97358) -> 8052 (18.773, -3.85934)
    8406 (7.99828, 0.577632) -> 4752 (7.16962, 1.5183)
    8407 (16.1173, 5.20328) -> 4454 (14.8474, 5.42513)
    8408 (14.1308, 7.5876) -> 9517 (13.625, 7.36445)
    8409 (12.4533, -8.03048) -> 6551 (11.564, -6.76978)
    8410 (9.90997, -3.76534) -> 8145 (9.13475, -2.60681)
    8411 (4.43074, 0.457305) -> 1822 (4.31132, 0.669072)
    8412 (3.06277, 17.8147) -> 4532 (1.9378, 16.2386)
    8413 (22.7452, 27.5015) -> 9913 (21.5889, 27.0629)
    8414 (6.17638, 24.7982) -> 9610 (5.73132, 23.8126)
    8415 (9.71936, 27.6391) -> 6816 (9.11127, 27.077)
    8416 (0.837716, -8.64721) -> 7638 (0.912557, -7.97254)
    8417 (22.764, -8.81088) -> 1467 (22.131, -8.29601)
    8418 (8.17307, 27.5535) -> 7765 (7.43029, 26.4848)
    8419 (20.5678, 11.2949) -> 3646 (19.2105, 12.5409)
    8420 (5.15134, 15.9768) -> 6019 (3.85483, 15.8669)
    8421 (9.95989, -2.64228) -> 5514 (9.11889, -1.63679)
    8422 (23.7522, -5.94193) -> 5434 (22.3217, -4.73165)
    8423 (2.56791, -9.83212) -> 6143 (2.40472, -8.40699)
    8424 (1.61461, 21.9561) -> 1466 (1.42125, 20.4977)
    8425 (6.17291, -1.3877) -> 9266 (5.9465, -0.566878)
    8426 (0.685912, 9.97821) -> 3749 (0.741602, 11.0055)
    8427 (22.2295, 20.4089) -> 7715 (21.4211, 20.2563)
    8428 (2.34597, 29.4121) -> 6042 (2.1076, 27.5187)
    8429 (12.6046, -9.0406) -> 7746 (12.1811, -8.03366)
    8430 (18.2883, 15.3074) -> 6704 (17.4818, 15.7909)
    8431 (24.0054, 29.821) -> 9510 (23.4745, 29.3614)
    8432 (8.52851, 3.37669) -> 5507 (7.79281, 4.14954)
    8433 (7.61506, -9.13861) -> 9062 (7.16605, -7.67537)
    8434 (1.56712, 12.5307) -> 5570 (1.21019, 13.9077)
    8435 (20.0864, 7.03617) -> 236 (18.9327, 6.95698)
    8436 (6.86065, -7.49915) -> 9719 (6.62365, -7.06395)
    8437 (23.7655, 20.1667) -> 8395 (23.328, 20.1996)
    8438 (8.0562, -8.44865) -> 5350 (7.44362, -6.86713)
    8439 (19.5887, 26.3533) -> 4064 (18.0739, 25.805)
    8440 (22.3098, 25.7889) -> 9362 (22.0482, 25.6222)
    8441 (5.97502, 24.174) -> 1486 (4.80421, 22.6816)
    8442 (1.19485, -5.16146) -> 2686 (1.34467, -3.36411)
    8443 (3.42706, 23.8487) -> 3134 (2.99584, 22.6046)
    8444 (24.2213, 18.2089) -> 5496 (22.3706, 18.4236)
    8445 (0.493042, 19.5707) -> 6597 (0.679387, 18.1308)
    8446 (3.01996, 9.42257) -> 8865 (2.63965, 10.399)
    8447 (7.05464, 25.8485) -> 8441 (5.97502, 24.174)
    8448 (2.57217, -3.75037) -> 9448 (2.56034, -2.27471)
    8449 (11.2344, 17.8711) -> 9732 (9.31299, 18.3777)
    8450 (15.8615, 16.7568) -> 1803 (14.0747, 17.6333)
    8451 (1.74788, 9.95063) -> 8907 (1.35223, 11.7158)
    8452 (17.0542, -2.35745) -> 5219 (16.5832, -1.825)
    8453 (19.7541, 11.2007) -> 9159 (18.8056, 10.6994)
    8454 (15.8617, 12.4891) -> 9784 (16.0432, 14.2358)
    8455 (23.6554, -7.56467) -> 8511 (22.7258, -6.56421)
    8456 (12.936, 22.2714) -> 6808 (11.0823, 21.7273)
    8457 (6.35669, 26.9544) -> 9799 (5.64947, 25.7544)
    8458 (1.2059, 9.17533) -> 9255 (1.09055, 9.69151)
    8459 (2.68311, -6.35239) -> 9941 (2.39723, -4.49883)
    8460 (14.1742, 15.4569) -> 6614 (13.9322, 16.2844)
    8461 (20.5338, 27.7726) -> 1995 (19.2998, 27.1748)
    8462 (10.5878, -7.12752) -> 9871 (10.1949, -6.47645)
    8463 (17.1164, 21.2404) -> 7519 (16.12, 21.2589)
    8464 (7.70319, -1.06909) -> 981 (6.73646, 0.182038)
    8465 (13.8643, 19.9475) -> 1932 (12.0887, 20.188)
    8466 (4.07289, -6.7443) -> 118 (3.76821, -5.48457)
    8467 (16.189, 28.5003) -> 263 (14.4592, 27.515)
    8468 (5.93576, 28.7604) -> 131 (5.59053, 27.7391)
    8469 (4.51612, 20.3235) -> 2200 (4.16953, 19.8274)
    8470 (10.045, -1.00125) -> 45 (8.78691, 0.422298)
    8471 (14.9165, 16.6736) -> 9420 (14.0915, 17.2504)
    8472 (11.8345, 2.37929) -> 205 (10.6649, 3.06196)
    8473 (23.1001, 7.18398) -> 2160 (21.8823, 7.0361)
    8474 (13.9578, 16.5958) -> 22 (13.8256, 16.9812)
    8475 (4.27592, -0.200485) -> 369 (4.09003, 0.666519)
    8476 (5.23509, -6.89625) -> 8492 (4.73966, -5.47461)
    8477 (11.1947, -3.59957) -> 7591 (10.1503, -2.43081)
    8478 (2.39269, 18.2212) -> 2537 (2.01385, 17.3996)
    8479 (23.2545, 18.5004) -> 9577 (21.9744, 18.711)
    8480 (13.6673, 26.9439) -> 9272 (13.0305, 26.2518)
    8481 (6.36512, 15.6933) -> 8127 (4.52614, 15.6552)
    8482 (16.295, -9.57399) -> 6401 (15.4111, -8.04813)
    8483 (20.0027, 2.07732) -> 7766 (18.1715, 2.85268)
    8484 (1.10486, 7.50058) -> 485 (0.936058, 8.70848)
    8485 (22.1979, 3.1869) -> 8918 (21.0092, 3.43934)
    8486 (24.6971, 29.8626) -> 5511 (23.2105, 29.1852)
    8487 (13.8688, 2.09038) -> 9775 (12.8098, 2.7277)
    8488 (15.3776, -9.24287) -> 9971 (14.3466, -7.91896)
    8489 (6.66563, 28.5403) -> 3538 (5.82764, 27.1203)
    8490 (11.8862, 27.523) -> 2737 (11.4184, 27.1697)
    8491 (22.7943, 6.61086) -> 9070 (20.8878, 6.65036)
    8492 (4.73966, -5.47461) -> 3801 (4.25804, -3.63366)
    8493 (17.2682, 18.6899) -> 9954 (15.7407, 18.9321)
    8494 (24.8915, 12.8359) -> 9549 (24.062, 13.2821)
    8495 (7.30956, 12.3275) -> 5168 (5.55698, 12.731)
    8496 (15.5348, 9.27895) -> 2613 (15.1427, 9.07421)
    8497 (0.465389, -6.6631) -> 942 (0.387296, -4.69346)
    8498 (17.2262, 21.668) -> 7519 (16.12, 21.2589)
    8499 (18.8885, 8.6315) -> 6025 (17.5648, 8.48601)
    8500 (17.534, 8.67555) -> 3128 (16.7351, 8.57797)
    8501 (0.9421, 28.7068) -> 707 (0.784247, 27.0593)
    8502 (21.7321, 29.5899) -> 8807 (20.1044, 28.6466)
    8503 (12.722, 23.6413) -> 9906 (11.2374, 22.9073)
    8504 (3.39046, 27.1105) -> 9116 (3.09071, 25.7844)
    8505 (15.7082, 5.67018) -> 8764 (14.0248, 5.90267)
    8506 (22.5393, 24.8759) -> 5184 (20.6611, 24.3686)
    8507 (15.5597, 7.57496) -> 9517 (13.625, 7.36445)
    8508 (5.73944, -3.8477) -> 8208 (4.94755, -2.38453)
    8509 (20.783, 15.5567) -> 9921 (19.4065, 16.147)
    8510 (2.2479, -8.98666) -> 4311 (2.06516, -7.60491)
    8511 (22.7258, -6.56421) -> 4229 (22.0472, -5.8247)
    8512 (13.449, 14.746) -> 6614 (13.9322, 16.2844)
    8513 (13.9216, -8.13566) -> 821 (12.8644, -6.87751)
    8514 (9.08335, 17.0133) -> 3614 (7.57355, 17.3862)
    8515 (3.57187, 29.9282) -> 6286 (3.1168, 28.0222)
    8516 (3.95101, 8.00437) -> 3992 (3.3798, 8.86726)
    8517 (5.67228, 9.27422) -> 2435 (4.98562, 9.69557)
    8518 (23.3552, 5.49696) -> 4627 (21.715, 5.63137)
    8519 (11.9312, 19.4807) -> 8539 (11.2532, 19.5336)
    8520 (19.4413, 16.9485) -> 8132 (18.3156, 17.376)
    8521 (18.4227, 4.13674) -> 261 (16.6665, 4.59505)
    8522 (21.5437, 20.9123) -> 4291 (20.5297, 20.3488)
    8523 (15.3622, 14.4307) -> 8814 (15.3486, 15.1797)
    8524 (15.3656, 8.54944) -> 1416 (14.2482, 8.17125)
    8525 (16.9604, 19.9253) -> 992 (16.5075, 19.9117)
    8526 (17.183, 18.5985) -> 8735 (16.086, 18.8259)
    8527 (24.6118, 21.4851) -> 9936 (22.8316, 21.2978)
    8528 (0.451639, -1.79214) -> 9645 (0.454004, -0.224018)
    8529 (3.5039, -0.418009) -> 4882 (2.98313, 1.12723)
    8530 (24.3057, -0.685192) -> 9331 (22.6114, 0.0505553)
    8531 (11.5127, 18.9053) -> 9008 (9.73339, 19.1773)
    8532 (23.5122, -4.56437) -> 2373 (22.1083, -3.40117)
    8533 (7.92214, 13.6206) -> 4398 (6.12151, 14.3129)
    8534 (17.2283, 26.5972) -> 9740 (16.6573, 26.1718)
    8535 (8.16075, 16.029) -> 7580 (6.59424, 16.3675)
    8536 (22.7773, 22.6532) -> 6602 (21.2497, 22.3113)
    8537 (8.5642, -0.927157) -> 9311 (7.76397, 0.274581)
    8538 (15.8262, 6.9847) -> 646 (14.1953, 6.96272)
    8539 (11.2532, 19.5336) -> 5616 (9.64034, 19.4456)
    8540 (4.01982, -1.612) -> 4790 (3.86903, -1.32488)
    8541 (5.55318, 5.8158) -> 1446 (4.97633, 6.47229)
    8542 (20.0062, 1.02215) -> 7533 (18.4627, 1.85925)
    8543 (23.515, 16.3173) -> 8087 (21.5754, 16.6631)
    8544 (23.4637, -1.90414) -> 8940 (22.0387, -0.685445)
    8545 (10.8668, 9.11939) -> 1354 (9.0333, 8.48357)
    8546 (9.29206, 1.91845) -> 3539 (8.32016, 3.13733)
    8547 (1.87084, 27.993) -> 6445 (1.55834, 26.4464)
    8548 (13.7804, -7.42604) -> 4619 (13.2047, -6.05116)
    8549 (14.4147, 2.52604) -> 1590 (13.6092, 2.78281)
    8550 (12.3552, 8.61571) -> 3494 (10.7456, 7.95766)
    8551 (13.4353, 24.8447) -> 6068 (12.9327, 24.6742)
    8552 (9.76822, 23.1086) -> 9816 (8.73403, 22.1921)
    8553 (14.1939, -9.62945) -> 9098 (13.3936, -8.34224)
    8554 (2.81367, 8.71359) -> 3130 (2.31204, 9.90859)
    8555 (9.45053, 18.7647) -> 1756 (7.46948, 18.5028)
    8556 (24.2728, 16.8002) -> 6405 (22.6375, 17.0136)
    8557 (9.85945, -0.00154475) -> 9140 (9.39917, 0.508458)
    8558 (16.6052, -3.82207) -> 9868 (15.8399, -2.84253)
    8559 (0.595966, -0.449778) -> 7895 (0.694046, 0.800791)
    8560 (22.3176, 4.24924) -> 9531 (22.2017, 4.39638)
    8561 (6.59237, 29.372) -> 5035 (6.31575, 28.8553)
    8562 (7.52519, -3.54156) -> 7349 (6.73307, -1.95772)
    8563 (10.1864, 24.3577) -> 6915 (8.68186, 23.2614)
    8564 (15.3583, 10.5981) -> 6535 (14.7004, 9.9287)
    8565 (4.91118, 15.7422) -> 7140 (3.22003, 15.38)
    8566 (6.16715, 29.1593) -> 131 (5.59053, 27.7391)
    8567 (20.7522, -0.364213) -> 8601 (19.5359, 0.760908)
    8568 (15.5719, 21.7594) -> 5896 (13.9502, 21.4775)
    8569 (10.4122, 22.6108) -> 2594 (8.9503, 21.847)
    8570 (22.8146, 3.75123) -> 4038 (21.0131, 4.1916)
    8571 (19.9725, 5.3074) -> 1412 (19.049, 5.47167)
    8572 (21.1009, 14.6641) -> 1903 (19.7596, 15.4126)
    8573 (1.66407, -3.73643) -> 9405 (1.45476, -1.82513)
    8574 (9.45197, 24.0791) -> 3519 (8.0487, 23.1474)
    8575 (8.09641, -9.06897) -> 1484 (7.72651, -7.44846)
    8576 (14.0134, 6.57714) -> 9825 (12.8143, 6.62825)
    8577 (13.9591, 18.6622) -> 8973 (12.3085, 19.0469)
    8578 (15.878, -6.85152) -> 9990 (15.375, -5.97044)
    8579 (24.5819, 26.6523) -> 2563 (23.3632, 26.2089)
    8580 (13.7551, 18.1806) -> 585 (12.4159, 18.6104)
    8581 (22.7163, 9.72445) -> 5933 (21.1912, 8.98813)
    8582 (0.535013, 15.0969) -> 0 (1, 15)
    8583 (23.7771, 10.9201) -> 9713 (22.811, 11.5136)
    8584 (9.47819, 25.0399) -> 9974 (9.09617, 24.6693)
    8585 (21.7187, -2.42879) -> 7075 (20.5488, -1.89137)
    8586 (4.83336, 6.97756) -> 9382 (4.10485, 8.22871)
    8587 (12.8256, 19.1952) -> 2645 (11.4579, 19.3556)
    8588 (8.03879, 8.59723) -> 8167 (6.8938, 8.83839)
    8589 (6.1713, -6.35288) -> 7566 (5.71878, -5.00168)
    8590 (12.2203, 28.0397) -> 3942 (11.5741, 27.3367)
    8591 (9.5828, 0.578406) -> 7418 (9.04931, 1.23422)
    8592 (5.96887, 19.2698) -> 179 (4.33972, 18.219)
    8593 (1.50107, 3.24099) -> 702 (1.41581, 4.00552)
    8594 (5.50129, -3.02862) -> 7277 (4.5528, -1.27149)
    8595 (23.9895, -6.72788) -> 9889 (23.3943, -6.3993)
    8596 (17.0108, 20.4908) -> 9982 (15.0674, 20.4176)
    8597 (10.9381, 7.01391) -> 3168 (9.82184, 7.13442)
    8598 (22.107, 25.0465) -> 9197 (20.5808, 24.4654)
    8599 (23.4461, 13.8065) -> 3410 (22.7829, 14.1684)
    8600 (20.5057, 19.9101) -> 9725 (19.2217, 19.8288)
    8601 (19.5359, 0.760908) -> 9364 (18.1287, 1.39184)
    8602 (5.20814, -7.25018) -> 8492 (4.73966, -5.47461)
    8603 (17.6746, 7.23709) -> 5155 (15.7405, 7.29299)
    8604 (1.45948, 29.1585) -> 6715 (1.38167, 27.6767)
    8605 (22.4096, 22.2137) -> 9010 (21.4056, 22.0571)
    8606 (14.0125, 11.8661) -> 8970 (14.4672, 10.0121)
    8607 (20.5333, 17.6469) -> 5644 (19.7587, 17.5875)
    8608 (15.0246, 29.8833) -> 8294 (14.3976, 29.3851)
    8609 (8.77875, -6.12188) -> 3322 (8.19967, -5.23329)
    8610 (2.09078, 20.5959) -> 5061 (1.77604, 19.2139)
    8611 (19.8076, 7.44443) -> 8020 (19.1507, 7.47902)
    8612 (9.85077, 16.4293) -> 4897 (8.13051, 17.3406)
    8613 (16.686, 29.1491) -> 7457 (15.7872, 28.6089)
    8614 (12.5571, 8.76927) -> 8550 (12.3552, 8.61571)
    8615 (8.51049, 27.3456) -> 9314 (7.7454, 26.1732)
    8616 (19.2929, 27.8146) -> 277 (17.5281, 27.0881)
    8617 (15.2962, 13.8923) -> 4114 (15.1301, 14.9258)
    8618 (22.2593, 17.8922) -> 8265 (21.4648, 18.011)
    8619 (12.3807, 28.9027) -> 8404 (11.4838, 28.1425)
    8620 (6.55934, 17.5341) -> 6752 (5.6541, 17.3528)
    8621 (21.6666, 4.18125) -> 5247 (19.831, 4.47841)
    8622 (24.0374, 0.078113) -> 1821 (22.7371, 0.615876)
    8623 (21.592, -2.21406) -> 5103 (19.7869, -1.40161)
    8624 (1.23733, 13.8737) -> 0 (1, 15)
    8625 (15.7107, 2.92785) -> 9031 (15.5713, 2.95353)
    8626 (2.13636, -8.39167) -> 3936 (1.89847, -6.48965)
    8627 (8.65326, 22.5188) -> 7927 (6.97254, 21.5519)
    8628 (7.154, -1.76338) -> 8312 (6.42268, -0.355882)
    8629 (7.56501, 28.9679) -> 1014 (6.90976, 27.765)
    8630 (20.3699, 28.6284) -> 9848 (20.1077, 28.4464)
    8631 (17.0285, 6.8537) -> 7956 (15.5995, 6.95727)
    8632 (22.0748, 7.89805) -> 8195 (20.8795, 7.71962)
    8633 (7.48515, 10.1245) -> 2454 (6.88727, 10.241)
    8634 (12.3788, 29.2883) -> 3273 (11.2518, 28.0992)
    8635 (16.3839, -0.572374) -> 9317 (14.7776, 0.503379)
    8636 (7.45497, -3.91528) -> 9248 (7.10504, -3.04155)
    8637 (0.330726, -9.55771) -> 9282 (0.338943, -8.00022)
    8638 (24.0616, 7.68921) -> 8871 (22.7559, 7.56532)
    8639 (1.664, -4.64234) -> 834 (1.56064, -2.95691)
    8640 (22.6817, 21.1047) -> 9168 (22.3659, 20.934)
    8641 (3.8923, -7.93896) -> 8978 (3.49056, -6.44188)
    8642 (19.0111, -9.82514) -> 758 (17.5913, -8.55107)
    8643 (17.9233, 22.2871) -> 3805 (16.3976, 22.0848)
    8644 (14.1679, 29.3163) -> 7207 (13.0156, 28.3169)
    8645 (0.353548, -7.38175) -> 1868 (0.363036, -6.57218)
    8646 (1.02262, -6.06478) -> 7345 (0.887997, -4.36562)
    8647 (3.33475, -4.64901) -> 6666 (2.90322, -2.70043)
    8648 (6.60414, -9.22799) -> 3391 (6.40094, -8.20813)
    8649 (18.9918, 27.2558) -> 9514 (18.3192, 27.0782)
    8650 (15.4053, 15.5324) -> 1665 (15.0177, 16.2195)
    8651 (9.40774, 19.7657) -> 9626 (9.28973, 19.7651)
    8652 (8.31901, 18.7995) -> 6092 (6.7174, 18.4293)
    8653 (7.61033, 6.55537) -> 5685 (6.45527, 7.69039)
    8654 (13.7806, 28.5934) -> 6754 (12.8269, 27.664)
    8655 (11.6185, 29.3992) -> 9734 (11.2858, 29.1069)
    8656 (16.1794, 15.3065) -> 5093 (14.8396, 16.6699)
    8657 (9.62695, 9.22461) -> 4402 (8.08673, 8.77465)
    8658 (9.64906, 3.65034) -> 4682 (8.0962, 4.76239)
    8659 (19.7052, -3.85758) -> 7695 (18.804, -3.39213)
    8660 (18.5692, 0.365547) -> 3018 (16.7968, 1.25138)
    8661 (17.1368, -0.388848) -> 9239 (16.9917, -0.378895)
    8662 (18.4653, -8.02362) -> 1874 (17.2021, -6.66233)
    8663 (22.8303, 24.4568) -> 6594 (22.3202, 24.3135)
    8664 (7.09401, 28.9957) -> 2955 (6.33297, 27.2349)
    8665 (12.958, 24.187) -> 8249 (11.5635, 23.3792)
    8666 (10.9495, -6.60504) -> 9097 (10.1949, -4.97251)
    8667 (11.3025, 29.2931) -> 1186 (9.92248, 27.8687)
    8668 (6.64042, -8.90282) -> 6859 (6.14133, -7.12007)
    8669 (7.35062, 28.3643) -> 9463 (7.02643, 27.6863)
    8670 (13.6738, 29.384) -> 8590 (12.2203, 28.0397)
    8671 (19.5911, 7.69726) -> 9628 (18.0432, 7.50915)
    8672 (2.39142, 29.4053) -> 2904 (2.2879, 27.8022)
    8673 (11.7106, -4.32881) -> 9942 (11.1408, -3.41385)
    8674 (8.7192, 8.44745) -> 8167 (6.8938, 8.83839)
    8675 (5.50309, 28.9594) -> 9678 (5.04503, 27.955)
    8676 (8.84164, 24.42) -> 9395 (7.30146, 23.1466)
    8677 (16.328, 6.03744) -> 1305 (16.0114, 6.06632)
    8678 (23.4183, 3.17312) -> 9556 (22.56, 3.42085)
    8679 (4.97913, 1.42964) -> 5648 (4.67269, 2.27884)
    8680 (0.259042, 22.1034) -> 1591 (0.280228, 21.6451)
    8681 (7.66372, 7.13526) -> 5284 (7.19803, 7.3331)
    8682 (9.36831, -4.02031) -> 6651 (8.46944, -2.51022)
    8683 (21.3029, -2.60142) -> 2954 (19.6691, -1.62004)
    8684 (15.8115, 1.31387) -> 3032 (14.5852, 1.95964)
    8685 (12.9967, 3.2705) -> 5190 (12.2806, 3.4895)
    8686 (23.7734, 25.7724) -> 9780 (22.3088, 25.1418)
    8687 (20.2354, 27.3847) -> 3919 (19.3084, 27.1058)
    8688 (21.1649, -6.84046) -> 9410 (20.4971, -6.34004)
    8689 (10.5808, -1.22327) -> 6050 (10.266, -0.969985)
    8690 (8.14632, 14.1542) -> 5365 (6.38583, 14.744)
    8691 (16.1814, 11.5563) -> 3699 (15.7375, 11.0145)
    8692 (20.1149, -4.97886) -> 6413 (18.9851, -4.08294)
    8693 (3.35562, 23.848) -> 3134 (2.99584, 22.6046)
    8694 (8.97757, -6.30626) -> 723 (8.70017, -5.70918)
    8695 (20.7691, 0.939879) -> 2339 (20.3156, 1.22422)
    8696 (12.353, 22.9357) -> 1860 (11.0623, 22.4496)
    8697 (1.02228, 0.478534) -> 9685 (1.03307, 1.6562)
    8698 (20.2303, 14.3423) -> 9705 (19.5389, 14.8322)
    8699 (22.1991, 11.6066) -> 9195 (20.5305, 12.6229)
    8700 (12.3844, 22.0506) -> 3716 (11.8248, 21.7671)
    8701 (8.27103, 25.407) -> 5502 (7.45679, 24.5353)
    8702 (8.43365, 18.5064) -> 9984 (7.13433, 18.1779)
    8703 (17.2709, -3.7648) -> 9868 (15.8399, -2.84253)
    8704 (24.9326, 6.0673) -> 1452 (22.9936, 6.26306)
    8705 (9.08682, -9.69145) -> 6665 (8.52018, -7.95988)
    8706 (21.1143, 9.24745) -> 9876 (20.1752, 9.09017)
    8707 (6.18779, 23.9218) -> 1713 (5.6925, 23.3407)
    8708 (17.5396, 20.5848) -> 9798 (16.4211, 20.8763)
    8709 (4.35504, 8.89777) -> 3296 (3.15897, 10.4198)
    8710 (11.9708, 24.9668) -> 1273 (10.2523, 23.9836)
    8711 (1.54888, 2.91544) -> 702 (1.41581, 4.00552)
    8712 (17.0831, -5.92482) -> 8863 (16.0559, -4.56186)
    8713 (2.90608, -6.27177) -> 6534 (2.80485, -5.19786)
    8714 (17.2866, 25.4664) -> 3595 (15.581, 24.6309)
    8715 (15.3347, 0.427759) -> 9979 (13.7925, 1.36772)
    8716 (22.2433, 6.98135) -> 9824 (21.2582, 7.00366)
    8717 (15.4688, -5.25415) -> 7835 (15.0786, -4.91699)
    8718 (10.6008, -3.76812) -> 8012 (9.48724, -2.46613)
    8719 (0.903853, 29.1432) -> 8501 (0.9421, 28.7068)
    8720 (2.67532, 4.11113) -> 1378 (2.69941, 4.24102)
    8721 (6.02769, -9.65868) -> 833 (5.62662, -8.25021)
    8722 (20.5416, 23.4582) -> 1385 (18.9306, 23.284)
    8723 (6.03499, 19.4776) -> 5488 (5.53374, 19.0989)
    8724 (12.8557, 22.4635) -> 960 (12.6788, 22.4967)
    8725 (7.62509, 3.26013) -> 662 (6.5136, 4.6809)
    8726 (10.6483, 6.14202) -> 949 (9.03911, 6.66983)
    8727 (13.989, 14.5813) -> 9664 (14.1214, 16.3146)
    8728 (21.3044, -8.78561) -> 9944 (20.2927, -7.87122)
    8729 (15.622, 6.29704) -> 8576 (14.0134, 6.57714)
    8730 (12.616, 5.31932) -> 2190 (12.0197, 5.47482)
    8731 (3.43383, 25.7081) -> 9276 (2.95966, 24.1476)
    8732 (22.7929, 3.82718) -> 4038 (21.0131, 4.1916)
    8733 (13.659, -8.23546) -> 9622 (12.7951, -6.91725)
    8734 (20.0867, -8.10613) -> 6871 (19.1187, -7.30954)
    8735 (16.086, 18.8259) -> 5040 (15.2136, 18.983)
    8736 (24.6482, 22.2839) -> 8130 (22.9165, 22.3727)
    8737 (10.421, 24.4424) -> 8563 (10.1864, 24.3577)
    8738 (6.52593, 19.83) -> 2084 (4.90227, 18.7657)
    8739 (12.4359, 3.28598) -> 1100 (11.2247, 3.86058)
    8740 (11.3545, 4.44163) -> 7423 (10.3872, 4.74043)
    8741 (8.2254, -8.48101) -> 491 (7.93409, -7.58015)
    8742 (4.73654, -9.15618) -> 9568 (4.47815, -8.25245)
    8743 (3.55872, 8.67478) -> 3992 (3.3798, 8.86726)
    8744 (3.97277, 14.4346) -> 1482 (2.97709, 14.6335)
    8745 (20.1226, 16.8208) -> 8132 (18.3156, 17.376)
    8746 (23.3473, -3.92605) -> 1819 (22.6674, -3.38885)
    8747 (23.4281, -9.37448) -> 5819 (21.9087, -8.09794)
    8748 (11.4548, -0.00545873) -> 9827 (11.0151, 0.938682)
    8749 (2.77827, 7.51986) -> 5135 (2.05341, 9.36745)
    8750 (12.4822, -6.61448) -> 9929 (11.55, -4.86516)
    8751 (0.557499, -6.46893) -> 5737 (0.443239, -4.7503)
    8752 (3.11239, 24.3117) -> 3652 (2.6153, 22.8815)
    8753 (13.849, 5.26993) -> 9406 (13.6003, 5.38491)
    8754 (18.0659, -6.86458) -> 5627 (16.9627, -5.65745)
    8755 (6.17392, 20.2384) -> 7321 (5.28314, 19.4947)
    8756 (3.06883, 12.5057) -> 8784 (2.05269, 13.6707)
    8757 (2.54877, 14.7943) -> 0 (1, 15)
    8758 (6.49313, 24.0546) -> 5104 (6.01027, 23.6728)
    8759 (4.37422, -8.31446) -> 9178 (3.96741, -6.50564)
    8760 (12.9944, 4.41179) -> 8968 (11.9898, 4.84677)
    8761 (1.56123, -0.220925) -> 9643 (1.38785, 1.25471)
    8762 (19.0305, 10.428) -> 8207 (17.3656, 9.60304)
    8763 (2.98929, 14.5503) -> 2714 (1.84424, 14.798)
    8764 (14.0248, 5.90267) -> 6993 (12.454, 6.19548)
    8765 (14.5507, 17.2123) -> 1898 (12.8678, 18.0555)
    8766 (4.95, -7.96655) -> 2371 (4.84407, -7.18032)
    8767 (0.694801, 19.284) -> 8057 (0.706141, 18.1284)
    8768 (1.75036, 24.4216) -> 7542 (1.51483, 22.4883)
    8769 (20.6785, -7.5772) -> 9393 (19.9663, -7.0004)
    8770 (23.6366, 19.8971) -> 7818 (21.742, 19.8749)
    8771 (16.311, 21.1927) -> 7519 (16.12, 21.2589)
    8772 (21.8467, -2.22441) -> 3817 (20.7527, -1.51377)
    8773 (22.5624, 25.9527) -> 5216 (21.63, 25.6186)
    8774 (3.79872, 12.3789) -> 6832 (2.4354, 13.706)
    8775 (1.40047, -8.80532) -> 3930 (1.32399, -6.89118)
    8776 (7.02611, -8.18271) -> 9719 (6.62365, -7.06395)
    8777 (4.30268, -3.71947) -> 8366 (4.06864, -2.84599)
    8778 (18.8621, 8.88687) -> 6025 (17.5648, 8.48601)
    8779 (1.88242, 12.3678) -> 4211 (1.47678, 13.3737)
    8780 (21.6306, 4.69501) -> 5352 (20.0054, 5.07743)
    8781 (6.06994, -3.52593) -> 6610 (5.39395, -2.15811)
    8782 (6.68169, 2.26731) -> 8146 (6.18614, 3.07173)
    8783 (11.1305, 16.6095) -> 5781 (9.83779, 17.7622)
    8784 (2.05269, 13.6707) -> 0 (1, 15)
    8785 (10.2824, 17.6969) -> 4724 (9.93101, 17.9185)
    8786 (13.6426, 0.48389) -> 417 (12.3103, 1.48622)
    8787 (18.7703, 22.4954) -> 829 (18.0729, 22.5059)
    8788 (8.53257, 3.95369) -> 2575 (7.68018, 4.84449)
    8789 (1.45726, 17.6598) -> 9039 (1.35011, 17.0861)
    8790 (23.366, 23.49) -> 126 (22.1977, 23.4215)
    8791 (8.08511, -6.96908) -> 9185 (7.57259, -6.05559)
    8792 (13.6623, -9.48045) -> 1945 (12.7636, -8.22674)
    8793 (4.56647, 16.5035) -> 5160 (3.61989, 16.1422)
    8794 (24.0881, 21.0681) -> 9936 (22.8316, 21.2978)
    8795 (23.0813, 21.0924) -> 9936 (22.8316, 21.2978)
    8796 (20.6185, -5.54342) -> 8319 (19.6854, -4.80135)
    8797 (15.2818, 12.7444) -> 3464 (15.5088, 14.519)
    8798 (22.0221, 21.4454) -> 9310 (20.4591, 21.4651)
    8799 (21.8494, 7.94849) -> 8195 (20.8795, 7.71962)
    8800 (4.41554, 1.89662) -> 8010 (4.13897, 2.62747)
    8801 (11.5121, 2.97633) -> 2778 (10.9686, 3.28741)
    8802 (3.3645, 25.7064) -> 9276 (2.95966, 24.1476)
    8803 (10.5473, 7.00904) -> 3168 (9.82184, 7.13442)
    8804 (18.2629, 25.8884) -> 8714 (17.2866, 25.4664)
    8805 (2.37042, 7.99646) -> 7863 (2.08582, 8.82688)
    8806 (19.3156, -3.03331) -> 9548 (17.9539, -1.78402)
    8807 (20.1044, 28.6466) -> 8976 (19.0859, 28.2669)
    8808 (23.4095, -4.54061) -> 9957 (21.7025, -3.64424)
    8809 (11.6734, -0.416002) -> 1158 (10.2603, 0.989089)
    8810 (19.5634, 11.7676) -> 7975 (18.7147, 12.7457)
    8811 (11.5789, -5.68171) -> 1587 (10.5748, -4.32488)
    8812 (14.5242, 15.4726) -> 9664 (14.1214, 16.3146)
    8813 (1.3445, 21.2311) -> 1101 (1.20138, 19.7366)
    8814 (15.3486, 15.1797) -> 1507 (14.9884, 15.7848)
    8815 (1.21574, 26.0137) -> 3869 (1.13736, 24.6449)
    8816 (16.2526, -4.49698) -> 3253 (14.7985, -3.12868)
    8817 (11.3003, 4.14948) -> 7761 (10.0116, 5.01559)
    8818 (19.7362, 8.83065) -> 8175 (18.3313, 8.33999)
    8819 (17.3932, -7.12694) -> 9633 (17.3146, -7.03746)
    8820 (4.66824, 19.645) -> 975 (4.21976, 19.2714)
    8821 (8.45312, 20.492) -> 7680 (7.02061, 19.8807)
    8822 (19.5516, 13.7654) -> 1955 (18.3055, 14.9684)
    8823 (11.0147, -8.83412) -> 1392 (10.3436, -7.57438)
    8824 (3.31495, 21.7714) -> 8891 (2.75028, 20.5018)
    8825 (6.7332, 15.6756) -> 8565 (4.91118, 15.7422)
    8826 (15.406, 28.1099) -> 263 (14.4592, 27.515)
    8827 (5.4525, 0.0480275) -> 2189 (4.89209, 1.5319)
    8828 (13.2909, 21.54) -> 5175 (11.6283, 21.3063)
    8829 (12.6821, -7.10429) -> 8811 (11.5789, -5.68171)
    8830 (22.496, 21.8113) -> 9785 (21.9787, 21.6721)
    8831 (18.9562, 13.543) -> 9641 (18.6905, 13.8089)
    8832 (16.6245, 11.0133) -> 9836 (15.3369, 9.69397)
    8833 (0.18904, 12.9839) -> 692 (0.628971, 14.2433)
    8834 (23.3995, -9.84612) -> 7139 (21.919, -8.64731)
    8835 (13.94, 7.45025) -> 9517 (13.625, 7.36445)
    8836 (12.873, 8.1376) -> 9439 (11.2596, 7.87728)
    8837 (2.31469, 4.10516) -> 9518 (1.89782, 5.89532)
    8838 (17.9937, 18.9332) -> 9823 (17.6258, 19.065)
    8839 (13.3691, 15.1324) -> 4297 (13.3227, 17.0573)
    8840 (13.105, 27.3351) -> 9126 (11.7454, 26.3522)
    8841 (16.2057, 25.5021) -> 3497 (15.3055, 25.2097)
    8842 (3.89822, 23.0816) -> 9102 (3.15251, 21.6929)
    8843 (17.8179, 1.78181) -> 9728 (16.8518, 2.35361)
    8844 (19.0734, 20.3178) -> 3636 (17.6732, 20.22)
    8845 (8.13513, 19.9375) -> 5383 (7.1327, 19.5985)
    8846 (10.2841, 19.0055) -> 87 (9.06089, 19.0916)
    8847 (2.58772, 27.9682) -> 4377 (2.34842, 26.2737)
    8848 (17.5864, -8.38816) -> 8935 (16.5421, -7.57078)
    8849 (15.2724, 5.55475) -> 9587 (13.8067, 5.90609)
    8850 (21.1937, 1.31023) -> 6032 (19.4146, 1.96218)
    8851 (15.7367, 15.8858) -> 8471 (14.9165, 16.6736)
    8852 (1.90444, 13.2898) -> 0 (1, 15)
    8853 (18.8387, 1.32787) -> 9461 (17.3141, 2.21615)
    8854 (23.1567, 18.4715) -> 9577 (21.9744, 18.711)
    8855 (24.504, 28.7589) -> 2216 (23.1092, 28.2179)
    8856 (15.5637, 19.5471) -> 7022 (13.6406, 19.7147)
    8857 (1.45065, -4.87176) -> 2686 (1.34467, -3.36411)
    8858 (22.9933, 24.958) -> 8506 (22.5393, 24.8759)
    8859 (8.40554, 26.1839) -> 9516 (7.17536, 24.6202)
    8860 (14.4113, -9.84064) -> 1092 (13.6653, -8.693)
    8861 (10.0445, 26.3769) -> 9861 (8.71377, 25.2473)
    8862 (5.16653, 18.0777) -> 4152 (4.48618, 17.6705)
    8863 (16.0559, -4.56186) -> 9750 (15.3227, -3.86376)
    8864 (17.9829, 12.5737) -> 6941 (17.5489, 13.1778)
    8865 (2.63965, 10.399) -> 6705 (1.97657, 12.0637)
    8866 (21.3787, 16.4303) -> 8745 (20.1226, 16.8208)
    8867 (2.35962, 23.2316) -> 5156 (2.09513, 22.4164)
    8868 (19.0736, 12.1221) -> 3847 (18.1828, 13.2985)
    8869 (3.93798, -8.37789) -> 8978 (3.49056, -6.44188)
    8870 (22.7653, 2.58697) -> 8880 (21.1078, 3.15842)
    8871 (22.7559, 7.56532) -> 1772 (20.9303, 7.55345)
    8872 (6.92282, -4.87441) -> 9845 (6.22977, -3.09418)
    8873 (19.581, 18.6919) -> 9823 (17.6258, 19.065)
    8874 (21.6336, 23.6694) -> 8722 (20.5416, 23.4582)
    8875 (8.20627, 19.0826) -> 5301 (6.72938, 18.7021)
    8876 (18.9551, 22.0757) -> 30 (17.3197, 21.8356)
    8877 (20.5867, 6.16366) -> 8237 (18.6089, 6.22402)
    8878 (23.2718, 5.6905) -> 7845 (22.0841, 5.78846)
    8879 (3.87108, -7.83897) -> 8978 (3.49056, -6.44188)
    8880 (21.1078, 3.15842) -> 9295 (19.4815, 3.63954)
    8881 (7.28073, 10.3604) -> 2322 (5.41909, 10.9404)
    8882 (1.20067, 29.5165) -> 9107 (1.23357, 27.7124)
    8883 (8.42073, -3.33901) -> 5515 (7.9251, -1.66212)
    8884 (5.46419, 7.97023) -> 6448 (4.77031, 8.69203)
    8885 (5.80271, 7.68235) -> 8884 (5.46419, 7.97023)
    8886 (6.14985, 26.1901) -> 2492 (5.55395, 25.1516)
    8887 (6.93211, 1.34476) -> 5914 (6.29824, 2.4763)
    8888 (11.5601, 7.54936) -> 4554 (10.3165, 7.33452)
    8889 (1.5551, 20.5019) -> 9509 (1.36384, 19.1472)
    8890 (1.0956, 1.45554) -> 7348 (0.963222, 2.80272)
    8891 (2.75028, 20.5018) -> 1985 (2.6021, 20.0414)
    8892 (3.91768, 17.69) -> 5565 (2.57674, 16.3689)
    8893 (19.8148, 2.28611) -> 9603 (17.9752, 2.90979)
    8894 (20.5743, -2.67825) -> 9158 (20.2101, -2.45902)
    8895 (10.0637, 17.481) -> 8137 (8.48965, 17.8733)
    8896 (19.9356, 15.6669) -> 9902 (18.8825, 16.2968)
    8897 (3.40066, 16.194) -> 6060 (1.61106, 15.3277)
    8898 (2.64462, -6.37925) -> 9941 (2.39723, -4.49883)
    8899 (0.249946, 22.6278) -> 1591 (0.280228, 21.6451)
    8900 (23.4536, 27.2263) -> 9005 (22.0491, 26.2279)
    8901 (18.1709, -7.79705) -> 5868 (16.9484, -6.21557)
    8902 (17.5602, 28.5621) -> 7864 (16.2459, 27.503)
    8903 (19.6778, -2.20176) -> 9138 (19.4167, -2.16136)
    8904 (3.36218, -5.46161) -> 6457 (3.15342, -4.88278)
    8905 (23.1348, 27.4678) -> 3177 (21.3573, 26.9384)
    8906 (8.1515, -9.17646) -> 1484 (7.72651, -7.44846)
    8907 (1.35223, 11.7158) -> 9590 (1.15035, 13.2446)
    8908 (22.9846, 5.69058) -> 7845 (22.0841, 5.78846)
    8909 (11.5314, -6.6142) -> 1680 (11.0158, -5.77693)
    8910 (13.3445, -4.54499) -> 5728 (12.184, -3.17452)
    8911 (17.7518, -0.933013) -> 9239 (16.9917, -0.378895)
    8912 (23.9484, 10.579) -> 4832 (23.088, 11.2371)
    8913 (0.656024, 21.0862) -> 8111 (0.674412, 19.4713)
    8914 (18.9329, 29.1872) -> 2422 (17.275, 28.1841)
    8915 (21.03, 25.7927) -> 8166 (19.8137, 24.9526)
    8916 (6.00202, 14.9445) -> 3747 (4.34768, 15.0865)
    8917 (18.5075, 9.04693) -> 1397 (17.2002, 8.69163)
    8918 (21.0092, 3.43934) -> 351 (19.312, 4.12172)
    8919 (15.9432, 28.0367) -> 2761 (15.6747, 27.8613)
    8920 (0.0414067, 6.50544) -> 6714 (0.0961414, 7.2388)
    8921 (8.41064, -4.35713) -> 9111 (7.76805, -2.89183)
    8922 (23.9537, -9.63209) -> 4864 (23.0706, -8.92613)
    8923 (18.7669, -9.95304) -> 9326 (17.5589, -8.63668)
    8924 (18.9105, 27.4849) -> 9514 (18.3192, 27.0782)
    8925 (6.74048, 13.1104) -> 5440 (5.34721, 13.4869)
    8926 (10.5041, 29.3134) -> 3926 (9.36109, 27.6938)
    8927 (7.62436, 20.5614) -> 1414 (6.44291, 19.8533)
    8928 (6.98266, -9.87311) -> 8668 (6.64042, -8.90282)
    8929 (1.53575, 24.0191) -> 5176 (1.25212, 22.2465)
    8930 (10.9838, -0.751196) -> 8023 (10.287, -0.301913)
    8931 (11.8191, 27.853) -> 2036 (11.0701, 27.2129)
    8932 (24.0739, -2.82503) -> 9306 (22.9158, -1.99939)
    8933 (2.58012, 7.70684) -> 5135 (2.05341, 9.36745)
    8934 (2.3996, -5.61582) -> 9363 (2.44071, -3.65748)
    8935 (16.5421, -7.57078) -> 9990 (15.375, -5.97044)
    8936 (12.3463, 0.631788) -> 7082 (11.1693, 1.47666)
    8937 (5.75038, 1.95414) -> 7552 (5.57315, 2.56933)
    8938 (12.6721, 9.99572) -> 6319 (11.6769, 8.427)
    8939 (17.4214, 14.4823) -> 1433 (16.1806, 15.6173)
    8940 (22.0387, -0.685445) -> 6376 (20.9019, 0.106541)
    8941 (15.858, -5.68713) -> 9689 (15.0739, -4.58572)
    8942 (20.2784, -2.95778) -> 9138 (19.4167, -2.16136)
    8943 (14.8613, 22.462) -> 9223 (14.2106, 22.3634)
    8944 (17.3843, 11.6467) -> 9074 (16.0123, 10.2769)
    8945 (21.1821, 14.8907) -> 1903 (19.7596, 15.4126)
    8946 (17.2031, 3.97174) -> 9680 (16.0831, 4.25929)
    8947 (3.35724, 14.213) -> 3553 (1.82806, 14.714)
    8948 (18.6083, 27.8851) -> 6978 (16.9357, 27.1923)
    8949 (18.3201, 7.20018) -> 5145 (17.1548, 7.16951)
    8950 (20.2301, -0.891387) -> 787 (18.9367, 0.193559)
    8951 (14.0897, -4.60712) -> 1580 (12.582, -3.34027)
    8952 (12.6079, -7.51522) -> 5007 (11.673, -5.897)
    8953 (2.1198, 17.9917) -> 915 (1.45732, 16.4207)
    8954 (17.886, 14.5971) -> 1919 (16.6195, 15.5435)
    8955 (9.15223, 20.2761) -> 1755 (7.28753, 19.6924)
    8956 (2.41231, 23.336) -> 5156 (2.09513, 22.4164)
    8957 (5.49737, 25.9426) -> 5939 (4.95099, 24.416)
    8958 (11.569, 16.2696) -> 8785 (10.2824, 17.6969)
    8959 (23.3931, -8.12246) -> 9053 (23.1607, -7.95616)
    8960 (20.1625, 22.6703) -> 7826 (18.3763, 22.3459)
    8961 (13.1501, 27.5616) -> 9126 (11.7454, 26.3522)
    8962 (23.7708, 2.55104) -> 8485 (22.1979, 3.1869)
    8963 (13.9947, 28.625) -> 6754 (12.8269, 27.664)
    8964 (22.588, 16.3506) -> 9214 (21.1863, 16.624)
    8965 (8.77647, 29.6441) -> 1793 (8.50366, 29.351)
    8966 (9.17462, -0.678343) -> 8406 (7.99828, 0.577632)
    8967 (17.2541, -2.07038) -> 3301 (16.7399, -1.72735)
    8968 (11.9898, 4.84677) -> 4956 (10.9587, 5.31105)
    8969 (4.4024, 2.29908) -> 3904 (4.03981, 3.14315)
    8970 (14.4672, 10.0121) -> 1469 (13.1648, 8.64353)
    8971 (18.4953, 18.3378) -> 8493 (17.2682, 18.6899)
    8972 (6.64368, -2.54768) -> 8425 (6.17291, -1.3877)
    8973 (12.3085, 19.0469) -> 6701 (10.4564, 19.2964)
    8974 (0.16972, 17.6598) -> 1503 (0.56513, 16.4449)
    8975 (6.80303, 11.9014) -> 6605 (5.2273, 12.3594)
    8976 (19.0859, 28.2669) -> 4970 (17.7647, 27.6394)
    8977 (11.2727, -3.27179) -> 8011 (11.0916, -3.05093)
    8978 (3.49056, -6.44188) -> 6457 (3.15342, -4.88278)
    8979 (2.20776, 16.5496) -> 0 (1, 15)
    8980 (22.2064, 26.0207) -> 9134 (21.2801, 25.6024)
    8981 (5.77068, 27.2488) -> 7270 (5.0104, 26.0594)
    8982 (0.559844, -8.21777) -> 8497 (0.465389, -6.6631)
    8983 (24.6929, -1.29743) -> 6742 (23.2728, -0.520089)
    8984 (5.75914, 27.3356) -> 4984 (5.11703, 26.4058)
    8985 (24.7692, 11.7451) -> 4284 (24.5419, 11.9006)
    8986 (10.836, 9.90863) -> 5498 (9.51731, 8.65643)
    8987 (17.5582, 17.41) -> 4541 (15.6456, 17.8941)
    8988 (20.2579, 4.68261) -> 7655 (18.2932, 4.92684)
    8989 (7.70708, 15.0242) -> 292 (5.8991, 15.5994)
    8990 (3.62996, 8.93142) -> 2848 (2.62021, 10.5657)
    8991 (22.8381, -5.74246) -> 6368 (22.2682, -5.18714)
    8992 (23.5838, 25.4101) -> 2272 (21.7512, 24.7803)
    8993 (23.2386, -6.68549) -> 9987 (22.3655, -5.53596)
    8994 (14.2214, 2.6752) -> 1590 (13.6092, 2.78281)
    8995 (14.8596, -7.05476) -> 3918 (14.2256, -6.02668)
    8996 (20.3383, 27.5426) -> 3919 (19.3084, 27.1058)
    8997 (0.831323, 6.19658) -> 256 (0.827051, 7.60106)
    8998 (13.0537, 0.791904) -> 1233 (12.125, 1.57391)
    8999 (6.92341, 29.077) -> 7295 (6.60223, 28.434)
    9000 (6.07808, 10.0667) -> 7000 (4.38077, 11.1022)
    9001 (14.4617, 6.61374) -> 7734 (13.6283, 6.74406)
    9002 (6.93006, -8.31548) -> 98 (6.6087, -7.28236)
    9003 (9.19481, -9.99068) -> 1957 (8.83872, -8.80977)
    9004 (18.9593, -8.50998) -> 3227 (18.0405, -7.10573)
    9005 (22.0491, 26.2279) -> 8915 (21.03, 25.7927)
    9006 (10.8344, 8.5455) -> 9488 (9.67696, 8.27345)
    9007 (16.5746, 17.3794) -> 4218 (15.2408, 17.7176)
    9008 (9.73339, 19.1773) -> 38 (8.47053, 18.9991)
    9009 (23.3603, -6.7777) -> 9987 (22.3655, -5.53596)
    9010 (21.4056, 22.0571) -> 1730 (19.412, 21.977)
    9011 (2.97593, -1.29837) -> 6108 (2.481, 0.540819)
    9012 (20.0076, -8.14285) -> 6871 (19.1187, -7.30954)
    9013 (20.9144, 3.98549) -> 5192 (19.0416, 4.39145)
    9014 (13.8066, 15.2363) -> 4297 (13.3227, 17.0573)
    9015 (15.6406, 28.3024) -> 263 (14.4592, 27.515)
    9016 (0.482941, -8.65113) -> 8497 (0.465389, -6.6631)
    9017 (8.28262, 16.023) -> 7580 (6.59424, 16.3675)
    9018 (15.0447, 0.544352) -> 9979 (13.7925, 1.36772)
    9019 (20.8371, 17.9224) -> 2595 (19.4428, 18.2038)
    9020 (4.04391, 7.39465) -> 6933 (3.17382, 9.0757)
    9021 (21.248, 23.4523) -> 7044 (20.4131, 23.1676)
    9022 (24.0184, 3.94532) -> 9531 (22.2017, 4.39638)
    9023 (0.891572, 21.1665) -> 1584 (0.816569, 19.1902)
    9024 (8.99561, 26.7077) -> 3088 (7.9606, 25.475)
    9025 (18.0059, -6.03583) -> 9818 (17.961, -5.45656)
    9026 (11.6249, 27.7761) -> 2036 (11.0701, 27.2129)
    9027 (11.8943, 22.7351) -> 9355 (10.1541, 22.1343)
    9028 (2.91178, -2.70125) -> 5985 (2.64499, -1.42138)
    9029 (16.4289, 17.0193) -> 7717 (15.0697, 17.5917)
    9030 (22.8061, -9.957) -> 9671 (21.5949, -8.73381)
    9031 (15.5713, 2.95353) -> 1320 (14.7454, 3.4851)
    9032 (14.8962, 8.53304) -> 1416 (14.2482, 8.17125)
    9033 (3.88809, 29.557) -> 7215 (3.52255, 28.7652)
    9034 (24.4734, -6.27689) -> 2340 (23.1367, -5.39704)
    9035 (6.1291, 19.2048) -> 1224 (5.7428, 19.0552)
    9036 (18.5529, 27.3936) -> 9514 (18.3192, 27.0782)
    9037 (12.4034, -2.26122) -> 9586 (11.858, -1.91309)
    9038 (14.2368, 13.4834) -> 5943 (15.1726, 15.055)
    9039 (1.35011, 17.0861) -> 1435 (1.06928, 15.4541)
    9040 (9.92394, -6.17314) -> 4879 (8.86285, -4.54458)
    9041 (14.8716, 1.64419) -> 3695 (13.5543, 2.36972)
    9042 (10.6955, 21.7873) -> 732 (9.45304, 21.2769)
    9043 (9.43811, -4.42768) -> 9975 (9.02296, -4.0065)
    9044 (14.6132, -5.79526) -> 2374 (13.4954, -4.42865)
    9045 (21.7802, 21.2893) -> 9310 (20.4591, 21.4651)
    9046 (4.92437, 6.58248) -> 5362 (4.1996, 7.53928)
    9047 (8.95219, 2.46103) -> 3539 (8.32016, 3.13733)
    9048 (18.4752, 9.45551) -> 1091 (16.9481, 8.9152)
    9049 (23.7277, 27.1195) -> 2376 (22.6233, 26.7197)
    9050 (15.2133, 24.2001) -> 8368 (14.9925, 24.1857)
    9051 (2.56322, -8.92874) -> 9900 (2.60994, -7.78532)
    9052 (21.4806, 0.909863) -> 9960 (19.6961, 1.72886)
    9053 (23.1607, -7.95616) -> 5411 (21.5316, -6.80151)
    9054 (17.3717, 13.7612) -> 7966 (16.4431, 14.8436)
    9055 (4.79934, -4.50357) -> 7915 (4.40354, -3.0457)
    9056 (8.2957, 29.6458) -> 9167 (7.59776, 28.6838)
    9057 (21.9697, 3.71983) -> 9013 (20.9144, 3.98549)
    9058 (7.70243, 17.2121) -> 305 (6.01218, 17.0854)
    9059 (0.340243, -9.59522) -> 9282 (0.338943, -8.00022)
    9060 (8.86945, 26.2036) -> 8701 (8.27103, 25.407)
    9061 (1.90372, 7.21111) -> 1133 (1.70303, 8.65196)
    9062 (7.16605, -7.67537) -> 4469 (6.84478, -6.76342)
    9063 (2.63087, 19.346) -> 7443 (2.07569, 18.0992)
    9064 (7.17706, 29.9961) -> 5035 (6.31575, 28.8553)
    9065 (16.3892, 6.44939) -> 9001 (14.4617, 6.61374)
    9066 (0.169029, 7.69519) -> 2689 (0.323138, 9.13313)
    9067 (20.2295, 28.215) -> 8924 (18.9105, 27.4849)
    9068 (8.17616, 0.992723) -> 4936 (7.69314, 1.80845)
    9069 (6.74871, 7.9256) -> 7237 (6.29864, 8.18462)
    9070 (20.8878, 6.65036) -> 4109 (19.1766, 6.60149)
    9071 (14.4814, 22.4996) -> 9674 (12.7659, 22.0848)
    9072 (19.4505, 26.7929) -> 3980 (18.003, 25.9341)
    9073 (10.8629, 23.1812) -> 4770 (9.53201, 22.3546)
    9074 (16.0123, 10.2769) -> 9836 (15.3369, 9.69397)
    9075 (1.47511, 15.4112) -> 0 (1, 15)
    9076 (7.73118, 6.35332) -> 5685 (6.45527, 7.69039)
    9077 (12.6141, 19.2842) -> 4385 (11.0222, 19.4859)
    9078 (22.2811, 24.1322) -> 4133 (20.4844, 23.7825)
    9079 (3.15012, 6.08178) -> 5805 (2.49526, 7.58573)
    9080 (4.54243, 26.9068) -> 9289 (4.09125, 25.773)
    9081 (9.37697, 4.30914) -> 5491 (8.32011, 5.23261)
    9082 (2.25042, 7.77549) -> 9553 (2.03173, 8.33894)
    9083 (20.8266, -3.75643) -> 6147 (19.4574, -2.61792)
    9084 (6.4374, 13.1862) -> 5889 (4.56431, 13.7088)
    9085 (8.34466, 2.71539) -> 9238 (7.93892, 3.28159)
    9086 (6.79487, 11.4132) -> 3561 (5.09446, 11.9703)
    9087 (13.7542, 4.83996) -> 2190 (12.0197, 5.47482)
    9088 (19.1734, 29.7529) -> 7125 (18.6353, 29.3995)
    9089 (14.3759, 6.06225) -> 3129 (13.6728, 6.1572)
    9090 (0.70473, -9.81691) -> 9899 (0.666659, -7.87713)
    9091 (1.67712, 11.8318) -> 6792 (1.31905, 13.0843)
    9092 (5.60403, 28.9573) -> 9678 (5.04503, 27.955)
    9093 (17.064, -9.49692) -> 9716 (15.785, -8.05889)
    9094 (14.5578, 15.3636) -> 9664 (14.1214, 16.3146)
    9095 (0.0496625, 6.28423) -> 8920 (0.0414067, 6.50544)
    9096 (24.1209, 19.6505) -> 4267 (22.9733, 19.6943)
    9097 (10.1949, -4.97251) -> 308 (9.20862, -3.28997)
    9098 (13.3936, -8.34224) -> 5494 (12.6512, -7.17805)
    9099 (11.3825, 3.78052) -> 5022 (10.0222, 4.51395)
    9100 (8.73456, 10.9031) -> 7934 (7.05773, 10.3667)
    9101 (7.41677, -4.17977) -> 53 (6.98846, -3.20575)
    9102 (3.15251, 21.6929) -> 1985 (2.6021, 20.0414)
    9103 (13.0838, 28.0599) -> 6754 (12.8269, 27.664)
    9104 (8.61797, 16.0465) -> 1972 (6.93723, 16.315)
    9105 (23.2778, 13.2295) -> 206 (23.0271, 13.3436)
    9106 (4.09662, 29.4829) -> 2555 (3.86676, 28.6523)
    9107 (1.23357, 27.7124) -> 9388 (1.19654, 26.8961)
    9108 (17.1028, -2.99986) -> 7377 (16.5792, -2.71758)
    9109 (17.8383, 25.0312) -> 7852 (16.8688, 24.7495)
    9110 (18.8018, 13.0636) -> 3084 (18.4026, 13.3754)
    9111 (7.76805, -2.89183) -> 5206 (7.10726, -1.57554)
    9112 (18.9852, 16.1518) -> 9902 (18.8825, 16.2968)
    9113 (10.8426, 24.8303) -> 8563 (10.1864, 24.3577)
    9114 (9.02317, 18.9905) -> 38 (8.47053, 18.9991)
    9115 (24.5611, 24.3066) -> 6091 (23.0748, 23.9135)
    9116 (3.09071, 25.7844) -> 5857 (2.55581, 24.2538)
    9117 (21.5911, -0.641691) -> 9604 (20.1194, 0.483139)
    9118 (13.7935, 3.9141) -> 7093 (12.4126, 4.475)
    9119 (12.6908, 29.1336) -> 8404 (11.4838, 28.1425)
    9120 (4.09161, 11.6666) -> 1869 (3.58831, 12.0634)
    9121 (17.0261, 5.1943) -> 8849 (15.2724, 5.55475)
    9122 (7.6613, 4.56555) -> 930 (7.06838, 5.049)
    9123 (7.85757, -0.59562) -> 4691 (7.66918, -0.116549)
    9124 (7.14167, -6.63745) -> 2120 (6.6514, -5.40414)
    9125 (14.5747, 18.7721) -> 1710 (13.5791, 18.9727)
    9126 (11.7454, 26.3522) -> 990 (10.4502, 25.5228)
    9127 (12.322, 19.0943) -> 6701 (10.4564, 19.2964)
    9128 (9.62936, 0.924758) -> 1125 (8.30267, 2.10042)
    9129 (22.345, 19.1802) -> 9611 (21.0404, 19.1368)
    9130 (7.69901, -6.43179) -> 9185 (7.57259, -6.05559)
    9131 (20.1078, 10.5282) -> 3347 (19.0023, 10.0602)
    9132 (16.9716, -1.05096) -> 9350 (16.0234, -0.450021)
    9133 (11.2319, 28.3193) -> 1059 (10.0872, 27.1536)
    9134 (21.2801, 25.6024) -> 8166 (19.8137, 24.9526)
    9135 (9.50485, 29.9924) -> 9579 (9.07105, 29.3667)
    9136 (15.8545, -2.28278) -> 7244 (15.4906, -1.78755)
    9137 (4.75447, -0.564245) -> 369 (4.09003, 0.666519)
    9138 (19.4167, -2.16136) -> 6521 (18.0878, -1.22213)
    9139 (13.2931, 3.95796) -> 19 (11.554, 4.87847)
    9140 (9.39917, 0.508458) -> 6425 (8.78578, 1.28309)
    9141 (12.946, 27.4396) -> 9126 (11.7454, 26.3522)
    9142 (22.5359, 0.645477) -> 6493 (20.7801, 1.48163)
    9143 (12.6553, -8.64953) -> 1420 (12.2897, -8.03478)
    9144 (12.5634, 20.9255) -> 3442 (11.05, 20.6544)
    9145 (5.49765, 9.79454) -> 1309 (4.517, 10.4683)
    9146 (5.65677, 14.4084) -> 3689 (4.43565, 14.5611)
    9147 (0.772107, 20.1975) -> 1634 (0.714646, 19.1356)
    9148 (6.8137, 12.3581) -> 1578 (4.9073, 12.6767)
    9149 (22.7677, 27.241) -> 1999 (20.9817, 26.4396)
    9150 (24.036, -0.821907) -> 6742 (23.2728, -0.520089)
    9151 (23.8664, -5.59286) -> 9217 (22.3486, -4.62685)
    9152 (20.2933, -0.38462) -> 8660 (18.5692, 0.365547)
    9153 (7.53347, 9.90772) -> 4404 (6.99161, 9.93246)
    9154 (9.04315, 2.13719) -> 3539 (8.32016, 3.13733)
    9155 (16.7746, -9.4937) -> 9716 (15.785, -8.05889)
    9156 (16.3144, 21.009) -> 8202 (14.8429, 20.8352)
    9157 (21.9032, 3.71324) -> 9013 (20.9144, 3.98549)
    9158 (20.2101, -2.45902) -> 1181 (18.7503, -1.16338)
    9159 (18.8056, 10.6994) -> 7823 (17.9637, 10.0319)
    9160 (2.00798, -1.10523) -> 7970 (1.7932, -0.0374808)
    9161 (3.76345, 6.28421) -> 5554 (3.3343, 6.91955)
    9162 (19.1778, -2.22917) -> 3975 (17.7431, -1.04741)
    9163 (7.68584, -3.25269) -> 7909 (7.44552, -2.76515)
    9164 (1.28976, 2.42117) -> 4197 (1.24917, 4.14185)
    9165 (6.02579, -5.41953) -> 5115 (5.37883, -3.5737)
    9166 (16.6125, -3.58051) -> 9868 (15.8399, -2.84253)
    9167 (7.59776, 28.6838) -> 1014 (6.90976, 27.765)
    9168 (22.3659, 20.934) -> 6822 (20.7189, 20.4489)
    9169 (13.5927, 16.4101) -> 4505 (12.3279, 17.6078)
    9170 (3.69638, -0.920688) -> 482 (3.17526, 0.949083)
    9171 (20.9698, -4.16979) -> 7759 (19.7451, -3.20339)
    9172 (21.3474, -2.83194) -> 3610 (19.8394, -1.93404)
    9173 (7.38901, 18.5799) -> 7083 (5.65867, 18.0254)
    9174 (20.9906, 6.80576) -> 6239 (19.2693, 6.83023)
    9175 (20.912, -5.89941) -> 8692 (20.1149, -4.97886)
    9176 (18.1605, -5.55579) -> 9818 (17.961, -5.45656)
    9177 (15.7803, 23.1578) -> 6088 (14.2874, 22.7096)
    9178 (3.96741, -6.50564) -> 9969 (3.82674, -5.34327)
    9179 (4.42751, 13.6819) -> 3232 (2.99408, 14.1963)
    9180 (22.4337, 6.13782) -> 1295 (20.8028, 6.24779)
    9181 (3.4104, 10.3003) -> 1834 (3.19545, 10.6763)
    9182 (8.23665, 9.79957) -> 6960 (6.97152, 9.84355)
    9183 (5.52084, 20.9466) -> 795 (5.03887, 20.5491)
    9184 (21.9908, 21.1397) -> 6822 (20.7189, 20.4489)
    9185 (7.57259, -6.05559) -> 180 (6.94046, -4.56135)
    9186 (7.60445, 8.40687) -> 2015 (6.85036, 8.77133)
    9187 (1.92801, -5.0913) -> 6717 (1.81749, -4.42411)
    9188 (0.580756, 27.0656) -> 3019 (0.415677, 25.7143)
    9189 (0.864768, 26.4046) -> 4550 (0.807768, 25.2973)
    9190 (11.9784, 27.462) -> 4805 (11.1699, 26.7964)
    9191 (22.4948, 28.4415) -> 7388 (21.3451, 27.6527)
    9192 (20.7445, 26.602) -> 8293 (18.9889, 26.1637)
    9193 (2.05113, 23.5746) -> 6657 (1.90545, 23.0742)
    9194 (2.42399, 25.6444) -> 342 (2.04258, 23.8361)
    9195 (20.5305, 12.6229) -> 5256 (19.4249, 13.4756)
    9196 (3.74216, -6.80783) -> 2588 (3.3384, -5.19548)
    9197 (20.5808, 24.4654) -> 4797 (19.3015, 24.075)
    9198 (2.62998, 11.9173) -> 2807 (2.35895, 12.4136)
    9199 (1.65081, 27.3906) -> 6445 (1.55834, 26.4464)
    9200 (7.92199, 7.55755) -> 4081 (7.64035, 7.62261)
    9201 (24.5894, 3.64455) -> 2897 (22.9362, 4.27102)
    9202 (19.4989, 22.6972) -> 6474 (18.083, 22.6757)
    9203 (18.47, 17.4661) -> 5412 (17.0913, 17.8268)
    9204 (21.1878, 20.2233) -> 1576 (19.5823, 20.0346)
    9205 (2.07068, 26.7494) -> 1074 (1.73528, 25.2169)
    9206 (3.94056, -2.79916) -> 103 (3.6617, -1.20871)
    9207 (11.3995, 6.46877) -> 9931 (9.67137, 6.83004)
    9208 (21.8265, 1.37689) -> 8483 (20.0027, 2.07732)
    9209 (6.86989, 1.91943) -> 8146 (6.18614, 3.07173)
    9210 (17.7917, -4.05912) -> 5938 (16.7287, -3.14558)
    9211 (0.9664, -2.35044) -> 1005 (0.93022, -0.861534)
    9212 (5.2876, 10.5105) -> 989 (3.75958, 11.6921)
    9213 (19.062, 27.8465) -> 4131 (18.4394, 27.6363)
    9214 (21.1863, 16.624) -> 7032 (19.4692, 17.1748)
    9215 (21.9663, 28.0278) -> 9948 (20.7618, 27.3082)
    9216 (22.7065, 0.216235) -> 2372 (21.5287, 0.687163)
    9217 (22.3486, -4.62685) -> 6628 (21.6654, -4.07581)
    9218 (3.83037, 0.433778) -> 6207 (3.31289, 1.70844)
    9219 (0.265243, 1.47695) -> 5534 (0.213646, 2.46556)
    9220 (17.6828, -1.406) -> 8635 (16.3839, -0.572374)
    9221 (11.6962, -5.08405) -> 9929 (11.55, -4.86516)
    9222 (10.2332, -6.79894) -> 9040 (9.92394, -6.17314)
    9223 (14.2106, 22.3634) -> 1222 (13.3591, 22.0584)
    9224 (2.88491, 12.9918) -> 1247 (1.90256, 14.1428)
    9225 (3.25533, 23.7967) -> 2128 (2.66061, 21.9652)
    9226 (5.02688, 0.227667) -> 8800 (4.41554, 1.89662)
    9227 (20.8273, -7.31431) -> 7261 (19.3976, -6.08715)
    9228 (2.24851, -1.25066) -> 6443 (1.94812, 0.296715)
    9229 (18.4678, -4.8034) -> 2287 (17.6279, -4.23104)
    9230 (24.8188, 14.5981) -> 9502 (24.0094, 14.9292)
    9231 (1.18379, 5.89328) -> 8484 (1.10486, 7.50058)
    9232 (21.2655, 25.0742) -> 4764 (20.4236, 24.996)
    9233 (9.66536, 15.9788) -> 1784 (8.25279, 16.9249)
    9234 (8.8924, 20.2453) -> 1755 (7.28753, 19.6924)
    9235 (16.6076, -5.65863) -> 2360 (16.0093, -5.01398)
    9236 (6.15321, 29.3346) -> 8058 (5.57709, 28.2185)
    9237 (19.2571, 25.6287) -> 408 (18.3588, 25.281)
    9238 (7.93892, 3.28159) -> 662 (6.5136, 4.6809)
    9239 (16.9917, -0.378895) -> 3484 (16.8159, -0.177992)
    9240 (20.7346, -0.74494) -> 2139 (19.979, -0.28329)
    9241 (7.50394, 17.1998) -> 305 (6.01218, 17.0854)
    9242 (16.8802, 8.36521) -> 7653 (15.3987, 8.11415)
    9243 (13.0286, -4.30382) -> 34 (11.8572, -2.86716)
    9244 (19.0163, 25.5356) -> 408 (18.3588, 25.281)
    9245 (16.1103, 4.77362) -> 2270 (14.799, 5.0956)
    9246 (24.8953, 0.133603) -> 9995 (23.3502, 0.679493)
    9247 (23.707, 24.9477) -> 6142 (21.8288, 24.4084)
    9248 (7.10504, -3.04155) -> 9492 (6.47613, -1.58224)
    9249 (22.0743, 5.14532) -> 3983 (20.5895, 5.33448)
    9250 (24.8728, -1.19878) -> 6742 (23.2728, -0.520089)
    9251 (8.78596, 29.5281) -> 9580 (7.51875, 28.0708)
    9252 (18.0362, -0.877667) -> 3484 (16.8159, -0.177992)
    9253 (2.49457, 21.8849) -> 8610 (2.09078, 20.5959)
    9254 (9.10525, 18.6181) -> 3000 (7.46089, 18.4511)
    9255 (1.09055, 9.69151) -> 5598 (1.0026, 10.9448)
    9256 (1.28122, -9.76694) -> 7926 (1.30943, -8.45881)
    9257 (18.6863, 11.6897) -> 6941 (17.5489, 13.1778)
    9258 (12.947, 28.6492) -> 3942 (11.5741, 27.3367)
    9259 (18.8849, -5.00051) -> 9210 (17.7917, -4.05912)
    9260 (15.3998, -4.38527) -> 9748 (14.3187, -2.76937)
    9261 (19.9643, 3.60696) -> 8521 (18.4227, 4.13674)
    9262 (22.2967, -9.68059) -> 9671 (21.5949, -8.73381)
    9263 (18.5934, 3.17594) -> 8212 (17.2214, 3.47125)
    9264 (23.2565, -4.13449) -> 3806 (21.702, -3.11606)
    9265 (17.3978, 1.91297) -> 677 (16.6508, 2.17661)
    9266 (5.9465, -0.566878) -> 6498 (5.41465, 0.575854)
    9267 (24.3983, 2.09068) -> 8870 (22.7653, 2.58697)
    9268 (6.39491, 23.0152) -> 6975 (5.66813, 22.1964)
    9269 (5.26982, 13.8357) -> 2268 (3.83021, 14.2615)
    9270 (22.2424, 14.8833) -> 9897 (21.7146, 15.0116)
    9271 (5.79264, 13.3972) -> 9946 (4.06375, 13.9291)
    9272 (13.0305, 26.2518) -> 7062 (11.5678, 25.174)
    9273 (23.7658, 26.1974) -> 9362 (22.0482, 25.6222)
    9274 (16.53, 4.94741) -> 4454 (14.8474, 5.42513)
    9275 (6.04836, 10.9981) -> 3435 (5.01336, 11.4624)
    9276 (2.95966, 24.1476) -> 9416 (2.50401, 22.6476)
    9277 (15.8409, 10.7164) -> 9334 (14.8437, 9.4043)
    9278 (16.7642, 3.03212) -> 7978 (15.2581, 3.79888)
    9279 (17.1433, 6.0533) -> 8729 (15.622, 6.29704)
    9280 (14.2918, -7.20348) -> 875 (13.2541, -5.54619)
    9281 (9.26087, 10.5078) -> 7188 (7.56192, 9.86799)
    9282 (0.338943, -8.00022) -> 1868 (0.363036, -6.57218)
    9283 (4.42344, 18.7172) -> 8224 (3.2612, 17.6628)
    9284 (23.9058, -4.39891) -> 5058 (22.4298, -3.49363)
    9285 (19.4152, 23.8806) -> 4338 (18.3012, 23.58)
    9286 (0.672746, 27.9511) -> 7371 (0.671638, 26.8511)
    9287 (6.87803, -4.26656) -> 3517 (6.58286, -3.60216)
    9288 (9.13461, -1.23067) -> 7289 (8.29225, -0.270747)
    9289 (4.09125, 25.773) -> 9482 (3.57273, 24.4615)
    9290 (11.6318, 5.06904) -> 3135 (10.2795, 5.78041)
    9291 (5.75778, 26.4075) -> 6214 (5.31095, 25.2366)
    9292 (13.9694, 9.43567) -> 9708 (12.8113, 8.51127)
    9293 (22.6192, 23.9365) -> 2664 (21.4416, 23.665)
    9294 (3.88732, -3.83657) -> 6039 (3.41856, -2.50176)
    9295 (19.4815, 3.63954) -> 1229 (17.6114, 4.21285)
    9296 (17.9426, 24.5965) -> 9893 (16.1371, 23.9718)
    9297 (13.3866, 22.3566) -> 7587 (11.6941, 21.9197)
    9298 (1.87262, -2.92791) -> 4926 (1.74035, -1.92857)
    9299 (24.4245, 14.2822) -> 7085 (22.6631, 14.9555)
    9300 (15.613, 12.3709) -> 1166 (15.7401, 12.8893)
    9301 (21.1432, -9.62629) -> 6339 (20.1695, -8.66655)
    9302 (8.69886, 9.89798) -> 6960 (6.97152, 9.84355)
    9303 (18.0243, 3.01673) -> 8212 (17.2214, 3.47125)
    9304 (9.2016, 21.9691) -> 9409 (8.57161, 21.6425)
    9305 (3.4705, -7.33259) -> 9860 (3.15219, -6.11642)
    9306 (22.9158, -1.99939) -> 4137 (21.1944, -1.08511)
    9307 (17.682, -2.22463) -> 1562 (16.7136, -1.57313)
    9308 (9.79812, 29.6334) -> 8289 (8.65155, 28.2807)
    9309 (5.81143, 29.1903) -> 3012 (5.25292, 28.0725)
    9310 (20.4591, 21.4651) -> 4997 (18.7334, 21.5171)
    9311 (7.76397, 0.274581) -> 8887 (6.93211, 1.34476)
    9312 (10.0262, 16.4889) -> 818 (8.39582, 17.4187)
    9313 (8.22465, 1.42136) -> 4145 (7.4141, 2.38036)
    9314 (7.7454, 26.1732) -> 9646 (7.28727, 25.5237)
    9315 (22.9202, -0.838345) -> 8940 (22.0387, -0.685445)
    9316 (11.8717, 5.85292) -> 5321 (10.8922, 6.09311)
    9317 (14.7776, 0.503379) -> 2702 (13.3732, 1.32725)
    9318 (12.3292, 2.39505) -> 2778 (10.9686, 3.28741)
    9319 (14.5233, 7.68551) -> 9517 (13.625, 7.36445)
    9320 (23.6853, -4.622) -> 2373 (22.1083, -3.40117)
    9321 (24.4991, 4.07172) -> 1235 (22.7832, 4.35492)
    9322 (24.0386, -9.97498) -> 7096 (22.8586, -8.96598)
    9323 (5.12254, 8.1296) -> 8709 (4.35504, 8.89777)
    9324 (13.0707, -2.08407) -> 809 (11.9699, -0.802457)
    9325 (21.971, 23.5702) -> 7044 (20.4131, 23.1676)
    9326 (17.5589, -8.63668) -> 8935 (16.5421, -7.57078)
    9327 (16.466, 20.6238) -> 923 (14.6556, 20.793)
    9328 (21.398, -2.65049) -> 9915 (19.9448, -1.55512)
    9329 (6.61491, 11.6065) -> 9467 (4.8108, 12.2102)
    9330 (19.9566, -8.30693) -> 6871 (19.1187, -7.30954)
    9331 (22.6114, 0.0505553) -> 4214 (20.9205, 0.806299)
    9332 (17.3094, 26.1702) -> 9559 (16.9891, 26.0572)
    9333 (7.58485, 23.292) -> 5653 (7.00688, 22.8829)
    9334 (14.8437, 9.4043) -> 6886 (13.2274, 8.62975)
    9335 (0.0451438, 21.1018) -> 5390 (0.327269, 19.5999)
    9336 (0.746921, -4.61071) -> 9859 (0.718961, -3.66084)
    9337 (10.761, 28.2012) -> 5244 (9.52367, 26.9803)
    9338 (0.985117, -3.52118) -> 9211 (0.9664, -2.35044)
    9339 (7.46515, -2.0983) -> 7118 (6.71802, -0.712318)
    9340 (1.42583, 8.90089) -> 4547 (1.20402, 10.0571)
    9341 (20.0151, 4.36538) -> 3961 (18.3748, 4.80142)
    9342 (21.732, 25.6565) -> 5216 (21.63, 25.6186)
    9343 (24.6591, 3.90486) -> 1235 (22.7832, 4.35492)
    9344 (11.9756, 6.91903) -> 8597 (10.9381, 7.01391)
    9345 (0.0356927, 2.75617) -> 7511 (0.0947438, 4.2918)
    9346 (13.0065, -0.119776) -> 7486 (11.9579, 0.494955)
    9347 (9.56965, -6.84752) -> 2618 (8.94009, -5.35523)
    9348 (14.3346, 3.20891) -> 6835 (13.7763, 3.53174)
    9349 (3.5079, -7.85544) -> 9860 (3.15219, -6.11642)
    9350 (16.0234, -0.450021) -> 9317 (14.7776, 0.503379)
    9351 (11.1386, 29.3036) -> 5356 (10.2367, 28.5045)
    9352 (20.4082, 27.1356) -> 4076 (19.553, 26.6862)
    9353 (10.2872, 3.08318) -> 8658 (9.64906, 3.65034)
    9354 (23.1196, 9.16767) -> 8122 (22.0077, 8.9798)
    9355 (10.1541, 22.1343) -> 2699 (8.57287, 21.4851)
    9356 (13.5883, 3.33303) -> 880 (13.1942, 3.54319)
    9357 (6.33073, 20.3584) -> 8755 (6.17392, 20.2384)
    9358 (6.27085, -9.82464) -> 2506 (5.7359, -7.98605)
    9359 (10.5021, 5.51691) -> 3135 (10.2795, 5.78041)
    9360 (0.341731, 29.2865) -> 8335 (0.273163, 28.4848)
    9361 (24.3406, 9.09614) -> 6354 (23.484, 8.88187)
    9362 (22.0482, 25.6222) -> 4557 (20.9388, 25.1894)
    9363 (2.44071, -3.65748) -> 3823 (2.27196, -2.30654)
    9364 (18.1287, 1.39184) -> 9973 (16.9232, 1.81965)
    9365 (20.6028, -9.25281) -> 6262 (19.2112, -7.84638)
    9366 (8.14542, 28.5807) -> 2708 (7.28139, 27.5282)
    9367 (6.89775, 20.6801) -> 1284 (5.8803, 19.9356)
    9368 (20.9858, 0.686428) -> 8542 (20.0062, 1.02215)
    9369 (17.0269, 10.6829) -> 6069 (16.0356, 9.6731)
    9370 (4.7601, 12.081) -> 200 (3.1643, 13.2029)
    9371 (21.8553, -4.34406) -> 5703 (21.1012, -3.60524)
    9372 (7.13575, 3.08162) -> 6241 (7.05523, 3.1573)
    9373 (24.9464, 19.5326) -> 2317 (23.5375, 19.4674)
    9374 (15.7358, -5.6437) -> 2382 (15.1299, -4.77383)
    9375 (15.4233, -3.47902) -> 5509 (14.0552, -2.06031)
    9376 (12.1545, -2.96131) -> 6359 (11.2623, -2.09563)
    9377 (0.304353, 21.5821) -> 3378 (0.393827, 19.8059)
    9378 (1.30639, 25.5515) -> 4599 (1.21567, 24.1094)
    9379 (0.563235, -5.75674) -> 963 (0.452092, -3.78187)
    9380 (16.9912, 9.65993) -> 5651 (16.3149, 9.27661)
    9381 (6.58463, 24.2496) -> 8707 (6.18779, 23.9218)
    9382 (4.10485, 8.22871) -> 8990 (3.62996, 8.93142)
    9383 (12.7386, 23.1338) -> 884 (11.9906, 22.8836)
    9384 (24.6083, 13.0126) -> 9549 (24.062, 13.2821)
    9385 (5.9876, -5.27016) -> 5115 (5.37883, -3.5737)
    9386 (14.0235, 18.1192) -> 585 (12.4159, 18.6104)
    9387 (23.7339, 27.0439) -> 9005 (22.0491, 26.2279)
    9388 (1.19654, 26.8961) -> 7815 (1.1306, 25.1225)
    9389 (1.42469, 3.9669) -> 702 (1.41581, 4.00552)
    9390 (14.5476, -5.95535) -> 8910 (13.3445, -4.54499)
    9391 (23.8202, -7.49914) -> 8511 (22.7258, -6.56421)
    9392 (0.501966, -0.193068) -> 8134 (0.495682, 0.210555)
    9393 (19.9663, -7.0004) -> 9581 (18.6628, -6.02044)
    9394 (11.2575, 21.1221) -> 8320 (10.737, 21.0482)
    9395 (7.30146, 23.1466) -> 5653 (7.00688, 22.8829)
    9396 (14.7054, 25.0889) -> 3608 (13.4851, 24.7099)
    9397 (8.52243, -6.79212) -> 157 (8.06531, -6.05697)
    9398 (3.69767, -2.49936) -> 4822 (3.3557, -1.59506)
    9399 (6.41123, 1.34282) -> 7552 (5.57315, 2.56933)
    9400 (1.20865, 23.4626) -> 3824 (1.25475, 22.4237)
    9401 (11.9362, 6.29228) -> 7785 (10.6451, 6.53363)
    9402 (0.20564, 12.0556) -> 826 (0.437828, 13.0411)
    9403 (19.1281, 14.7473) -> 3007 (18.4121, 15.3813)
    9404 (22.9261, -8.3913) -> 7698 (21.4344, -7.09778)
    9405 (1.45476, -1.82513) -> 1691 (1.32008, 0.110484)
    9406 (13.6003, 5.38491) -> 9787 (12.5373, 5.77973)
    9407 (15.8313, 7.46307) -> 8835 (13.94, 7.45025)
    9408 (19.6163, -9.48239) -> 9596 (19.0355, -8.8206)
    9409 (8.57161, 21.6425) -> 9367 (6.89775, 20.6801)
    9410 (20.4971, -6.34004) -> 6221 (19.8606, -5.85047)
    9411 (23.1519, -0.923176) -> 8940 (22.0387, -0.685445)
    9412 (14.7975, 4.62642) -> 9087 (13.7542, 4.83996)
    9413 (8.94854, 27.5822) -> 9314 (7.7454, 26.1732)
    9414 (6.11269, 28.289) -> 3640 (5.34465, 26.9656)
    9415 (3.72109, 18.345) -> 2746 (3.0102, 17.6054)
    9416 (2.50401, 22.6476) -> 5475 (2.17976, 21.8065)
    9417 (17.5975, 28.9081) -> 3291 (16.1424, 28.0463)
    9418 (18.4885, 10.9767) -> 9380 (16.9912, 9.65993)
    9419 (19.3625, 20.4254) -> 4662 (18.0973, 20.5718)
    9420 (14.0915, 17.2504) -> 1898 (12.8678, 18.0555)
    9421 (12.4304, -7.45779) -> 8811 (11.5789, -5.68171)
    9422 (22.4241, 11.4689) -> 230 (21.0891, 12.5146)
    9423 (3.26684, 9.40182) -> 2848 (2.62021, 10.5657)
    9424 (4.08036, 15.3748) -> 2816 (2.31313, 15.1981)
    9425 (18.2759, -6.34568) -> 380 (17.9015, -5.92336)
    9426 (14.0923, -3.61693) -> 3470 (13.1917, -2.41521)
    9427 (23.7098, 27.8341) -> 8141 (22.4, 27.3577)
    9428 (23.6772, -7.2908) -> 8511 (22.7258, -6.56421)
    9429 (16.4438, -9.33059) -> 4282 (15.8324, -8.47231)
    9430 (24.5175, 19.6945) -> 4267 (22.9733, 19.6943)
    9431 (3.80165, 25.8894) -> 2535 (3.28727, 24.4668)
    9432 (2.58273, 14.1126) -> 0 (1, 15)
    9433 (8.09917, 2.09195) -> 6241 (7.05523, 3.1573)
    9434 (17.7501, -9.86024) -> 5100 (16.6451, -8.44889)
    9435 (12.8633, 29.9341) -> 6321 (12.3033, 29.3673)
    9436 (4.87206, 17.5011) -> 9887 (4.12872, 17.1546)
    9437 (24.7372, 9.63175) -> 3223 (23.8769, 9.41456)
    9438 (4.95737, 11.0311) -> 6362 (3.48901, 12.1769)
    9439 (11.2596, 7.87728) -> 6439 (9.27979, 7.69917)
    9440 (2.9772, 26.6722) -> 9654 (2.80472, 26.1215)
    9441 (22.6193, 5.23796) -> 2058 (20.9256, 5.30121)
    9442 (14.4652, 16.2675) -> 4523 (13.9456, 17.0713)
    9443 (24.859, 2.68795) -> 8678 (23.4183, 3.17312)
    9444 (10.7993, 7.41369) -> 4554 (10.3165, 7.33452)
    9445 (21.483, -9.50086) -> 9953 (20.0092, -8.18879)
    9446 (22.4322, 10.5073) -> 2640 (21.8997, 10.4227)
    9447 (9.5134, 3.37854) -> 2871 (8.51851, 4.07501)
    9448 (2.56034, -2.27471) -> 655 (2.50659, -1.18346)
    9449 (15.2756, 7.47404) -> 9517 (13.625, 7.36445)
    9450 (17.4845, 24.5092) -> 9893 (16.1371, 23.9718)
    9451 (19.6328, 18.6682) -> 9560 (18.896, 18.8481)
    9452 (13.358, 0.154453) -> 4769 (12.9692, 0.397237)
    9453 (0.425198, 3.42662) -> 5039 (0.518746, 4.6629)
    9454 (21.7822, 28.7686) -> 9910 (20.4299, 28.047)
    9455 (23.6607, 14.8683) -> 3411 (22.7023, 15.3061)
    9456 (15.2339, 17.674) -> 8580 (13.7551, 18.1806)
    9457 (10.8805, 16.5937) -> 6288 (9.74125, 17.7362)
    9458 (5.10364, -2.30011) -> 7277 (4.5528, -1.27149)
    9459 (8.19567, -5.62269) -> 9101 (7.41677, -4.17977)
    9460 (2.33267, 24.6142) -> 6657 (1.90545, 23.0742)
    9461 (17.3141, 2.21615) -> 9031 (15.5713, 2.95353)
    9462 (16.8506, 13.9392) -> 9677 (16.1065, 15.2709)
    9463 (7.02643, 27.6863) -> 8886 (6.14985, 26.1901)
    9464 (3.74989, 21.4159) -> 3400 (3.22278, 20.1782)
    9465 (1.79556, 27.5473) -> 6445 (1.55834, 26.4464)
    9466 (14.0082, 21.8947) -> 8292 (13.4695, 21.7769)
    9467 (4.8108, 12.2102) -> 200 (3.1643, 13.2029)
    9468 (20.4052, 11.4978) -> 9651 (20.0703, 11.8391)
    9469 (9.9861, -4.56371) -> 1723 (9.22154, -3.64286)
    9470 (9.81979, 5.63737) -> 4785 (8.42609, 6.51071)
    9471 (13.1316, 23.9412) -> 1794 (11.5772, 23.285)
    9472 (2.07388, 18.3016) -> 915 (1.45732, 16.4207)
    9473 (11.4204, -0.603088) -> 5817 (10.2337, 0.574213)
    9474 (19.5699, 25.5015) -> 572 (18.4446, 25.0145)
    9475 (23.8322, 24.8831) -> 6594 (22.3202, 24.3135)
    9476 (4.4218, 0.261293) -> 1822 (4.31132, 0.669072)
    9477 (18.4873, 21.8116) -> 5529 (17.4672, 21.6752)
    9478 (19.5972, 14.3001) -> 5243 (19.04, 14.8381)
    9479 (5.85763, 19.4619) -> 2084 (4.90227, 18.7657)
    9480 (24.2042, 10.5685) -> 9713 (22.811, 11.5136)
    9481 (0.722531, 28.7346) -> 7371 (0.671638, 26.8511)
    9482 (3.57273, 24.4615) -> 3134 (2.99584, 22.6046)
    9483 (16.6008, -5.91076) -> 1036 (15.1002, -4.59207)
    9484 (14.8179, 20.5308) -> 1895 (13.7175, 20.7604)
    9485 (20.9162, 17.6971) -> 2595 (19.4428, 18.2038)
    9486 (6.49807, 6.70729) -> 1704 (5.17295, 7.85192)
    9487 (16.2417, 16.9546) -> 6111 (14.5523, 17.7063)
    9488 (9.67696, 8.27345) -> 7472 (7.95881, 8.46129)
    9489 (8.12695, -5.80831) -> 9101 (7.41677, -4.17977)
    9490 (17.8903, 12.0047) -> 5128 (17.2233, 13.1385)
    9491 (6.79774, 18.6222) -> 6607 (5.95468, 18.2083)
    9492 (6.47613, -1.58224) -> 9266 (5.9465, -0.566878)
    9493 (10.2254, 16.0963) -> 6511 (9.24689, 17.1957)
    9494 (14.7299, 18.6236) -> 1710 (13.5791, 18.9727)
    9495 (0.753452, 22.0093) -> 7593 (0.741432, 21.2791)
    9496 (9.36918, 6.53397) -> 949 (9.03911, 6.66983)
    9497 (24.1075, 1.81982) -> 9555 (22.5533, 2.58982)
    9498 (19.7834, 4.22514) -> 5192 (19.0416, 4.39145)
    9499 (11.88, -5.39647) -> 4376 (10.979, -3.94923)
    9500 (15.0156, 11.1108) -> 8970 (14.4672, 10.0121)
    9501 (13.7425, 29.8765) -> 9930 (13.3123, 29.5152)
    9502 (24.0094, 14.9292) -> 9615 (22.6089, 15.4729)
    9503 (6.86977, 19.9594) -> 3447 (6.33003, 19.6874)
    9504 (5.0876, 0.0960229) -> 8800 (4.41554, 1.89662)
    9505 (17.666, 6.18173) -> 624 (16.2695, 6.36254)
    9506 (3.88687, 11.1714) -> 2628 (2.82911, 12.4335)
    9507 (23.1705, 8.69254) -> 9771 (22.5292, 8.44699)
    9508 (9.91871, -1.4831) -> 9855 (9.65488, -1.01757)
    9509 (1.36384, 19.1472) -> 327 (1.2209, 17.742)
    9510 (23.4745, 29.3614) -> 4625 (22.2217, 28.6715)
    9511 (0.671734, 23.9886) -> 6363 (0.622728, 22.467)
    9512 (15.4273, 22.3928) -> 6414 (14.1148, 21.9886)
    9513 (24.9761, 1.48936) -> 3393 (24.3431, 1.80853)
    9514 (18.3192, 27.0782) -> 152 (16.5633, 26.4739)
    9515 (24.4475, 1.33912) -> 9774 (23.3298, 1.75738)
    9516 (7.17536, 24.6202) -> 7526 (5.94035, 23.4275)
    9517 (13.625, 7.36445) -> 3312 (11.7651, 7.51181)
    9518 (1.89782, 5.89532) -> 9736 (1.82871, 7.21943)
    9519 (9.03921, 28.6935) -> 3890 (7.78745, 27.185)
    9520 (11.9256, -5.36301) -> 4376 (10.979, -3.94923)
    9521 (5.23202, 10.6376) -> 5312 (4.32113, 11.2469)
    9522 (24.171, 18.1142) -> 5496 (22.3706, 18.4236)
    9523 (2.6579, 14.7782) -> 0 (1, 15)
    9524 (14.5541, 8.14355) -> 1416 (14.2482, 8.17125)
    9525 (1.69016, 23.3036) -> 4088 (1.63127, 23.0286)
    9526 (10.1965, 24.4284) -> 27 (9.5544, 24.044)
    9527 (6.81901, 9.67191) -> 6196 (5.59445, 10.217)
    9528 (17.4047, 10.5349) -> 9720 (15.9686, 9.40547)
    9529 (21.3619, 6.65905) -> 9070 (20.8878, 6.65036)
    9530 (8.0426, 22.6977) -> 8188 (7.34424, 22.2635)
    9531 (22.2017, 4.39638) -> 8780 (21.6306, 4.69501)
    9532 (9.31048, 10.3629) -> 5290 (7.50782, 9.71578)
    9533 (6.58946, 20.3133) -> 3954 (6.35369, 20.1161)
    9534 (14.9872, -1.011) -> 7724 (13.8523, -0.0247397)
    9535 (15.8798, 7.47779) -> 6686 (15.4068, 7.47814)
    9536 (5.72252, 20.1968) -> 2164 (4.72959, 19.4237)
    9537 (19.4564, 14.2977) -> 2149 (18.8528, 14.6962)
    9538 (8.0553, -0.502301) -> 3348 (7.77356, -0.172451)
    9539 (23.4605, -8.93297) -> 9404 (22.9261, -8.3913)
    9540 (16.8499, 8.37044) -> 7653 (15.3987, 8.11415)
    9541 (17.2769, 23.4658) -> 8190 (16.879, 23.3491)
    9542 (22.6152, 18.9986) -> 5490 (21.0029, 19.1216)
    9543 (17.9368, 25.5196) -> 8714 (17.2866, 25.4664)
    9544 (12.5853, -9.73371) -> 3720 (12.2551, -9.18729)
    9545 (17.2717, 29.8151) -> 7457 (15.7872, 28.6089)
    9546 (0.64495, -5.35385) -> 9743 (0.665055, -4.7036)
    9547 (11.8318, 24.5391) -> 6100 (10.1616, 23.4396)
    9548 (17.9539, -1.78402) -> 7783 (16.4266, -0.830815)
    9549 (24.062, 13.2821) -> 8162 (22.5806, 14.0677)
    9550 (13.9926, 24.7028) -> 8098 (13.0311, 24.4419)
    9551 (24.1077, 27.2787) -> 1538 (22.7814, 27.0081)
    9552 (23.1577, 13.9895) -> 3410 (22.7829, 14.1684)
    9553 (2.03173, 8.33894) -> 534 (1.70297, 9.5569)
    9554 (8.9867, -8.4003) -> 673 (8.49854, -7.38904)
    9555 (22.5533, 2.58982) -> 8880 (21.1078, 3.15842)
    9556 (22.56, 3.42085) -> 9013 (20.9144, 3.98549)
    9557 (15.8992, -3.71648) -> 9375 (15.4233, -3.47902)
    9558 (8.00409, 16.2847) -> 7580 (6.59424, 16.3675)
    9559 (16.9891, 26.0572) -> 3497 (15.3055, 25.2097)
    9560 (18.896, 18.8481) -> 9823 (17.6258, 19.065)
    9561 (17.5357, 17.2129) -> 7637 (15.9649, 17.6752)
    9562 (14.8021, 29.3644) -> 8654 (13.7806, 28.5934)
    9563 (2.43108, 20.1115) -> 3569 (1.92538, 18.7453)
    9564 (6.70669, 21.7456) -> 9914 (6.09496, 21.274)
    9565 (12.5962, 1.11137) -> 1233 (12.125, 1.57391)
    9566 (9.78839, 9.76446) -> 8 (8.31132, 9.10674)
    9567 (14.8173, 1.78418) -> 7885 (13.4916, 2.5268)
    9568 (4.47815, -8.25245) -> 9178 (3.96741, -6.50564)
    9569 (23.5522, -8.66387) -> 9873 (22.6052, -7.83885)
    9570 (22.9128, 24.9902) -> 8506 (22.5393, 24.8759)
    9571 (12.5194, 28.8432) -> 5851 (11.4756, 28.0216)
    9572 (10.2134, 21.7514) -> 1658 (8.87242, 21.3293)
    9573 (3.50105, 10.4519) -> 7850 (2.94299, 11.2689)
    9574 (0.325148, 25.0509) -> 6925 (0.350896, 23.0728)
    9575 (12.8356, 28.8293) -> 4568 (12.0216, 28.1544)
    9576 (24.0694, 24.4507) -> 9078 (22.2811, 24.1322)
    9577 (21.9744, 18.711) -> 3892 (20.805, 18.9443)
    9578 (16.2984, 24.6526) -> 5057 (15.3004, 24.4678)
    9579 (9.07105, 29.3667) -> 7455 (8.0607, 27.7591)
    9580 (7.51875, 28.0708) -> 6130 (7.15, 27.526)
    9581 (18.6628, -6.02044) -> 4562 (18.0157, -5.5615)
    9582 (5.72378, 1.17804) -> 1588 (4.94916, 2.76521)
    9583 (1.11983, -0.54643) -> 8697 (1.02228, 0.478534)
    9584 (5.32003, 7.39611) -> 5809 (4.33102, 8.6222)
    9585 (7.4263, -3.52288) -> 1890 (7.22823, -3.19413)
    9586 (11.858, -1.91309) -> 9682 (10.8167, -0.935544)
    9587 (13.8067, 5.90609) -> 9401 (11.9362, 6.29228)
    9588 (14.8155, 13.8459) -> 9752 (14.9672, 15.196)
    9589 (8.68324, -0.381668) -> 3963 (7.57919, 0.93702)
    9590 (1.15035, 13.2446) -> 0 (1, 15)
    9591 (23.6185, 15.3618) -> 223 (21.9765, 15.94)
    9592 (19.6622, 11.9043) -> 5716 (18.8265, 12.88)
    9593 (23.8315, 16.8326) -> 6405 (22.6375, 17.0136)
    9594 (1.21064, 11.3498) -> 5253 (1.13745, 11.943)
    9595 (23.3304, 14.311) -> 9897 (21.7146, 15.0116)
    9596 (19.0355, -8.8206) -> 4756 (18.0393, -7.67706)
    9597 (23.7784, 14.3554) -> 9270 (22.2424, 14.8833)
    9598 (10.7878, -9.36345) -> 8029 (9.9959, -7.89216)
    9599 (14.4334, 1.89257) -> 3695 (13.5543, 2.36972)
    9600 (23.8946, 0.0293145) -> 9142 (22.5359, 0.645477)
    9601 (24.7059, 23.339) -> 9908 (22.7935, 23.0293)
    9602 (8.77137, -1.43043) -> 3348 (7.77356, -0.172451)
    9603 (17.9752, 2.90979) -> 1525 (16.133, 3.50468)
    9604 (20.1194, 0.483139) -> 9947 (18.2876, 1.15028)
    9605 (17.3143, 11.2624) -> 7282 (16.4506, 10.3115)
    9606 (24.5612, -0.0117326) -> 5794 (22.9445, 0.585245)
    9607 (6.98166, 23.435) -> 7113 (6.55131, 22.9122)
    9608 (18.9051, 9.80152) -> 7772 (17.6805, 9.55713)
    9609 (24.8813, 21.4205) -> 8795 (23.0813, 21.0924)
    9610 (5.73132, 23.8126) -> 1486 (4.80421, 22.6816)
    9611 (21.0404, 19.1368) -> 1925 (19.4768, 19.2363)
    9612 (14.8326, 27.5104) -> 9927 (14.1422, 27.0774)
    9613 (2.07737, 28.7922) -> 7887 (1.97553, 26.9139)
    9614 (6.92759, 21.9239) -> 9914 (6.09496, 21.274)
    9615 (22.6089, 15.4729) -> 5140 (21.4924, 15.9121)
    9616 (24.3792, 24.9186) -> 9770 (22.8787, 24.5197)
    9617 (22.0715, 1.05642) -> 4345 (21.0488, 1.47662)
    9618 (21.6821, -3.5596) -> 9158 (20.2101, -2.45902)
    9619 (18.5586, 13.4831) -> 8939 (17.4214, 14.4823)
    9620 (4.53465, 4.55372) -> 9161 (3.76345, 6.28421)
    9621 (5.87517, 19.272) -> 5488 (5.53374, 19.0989)
    9622 (12.7951, -6.91725) -> 8403 (11.6437, -5.51626)
    9623 (17.3193, 0.556462) -> 8684 (15.8115, 1.31387)
    9624 (3.00747, 20.9951) -> 8891 (2.75028, 20.5018)
    9625 (19.7191, 4.17644) -> 5192 (19.0416, 4.39145)
    9626 (9.28973, 19.7651) -> 5635 (8.25281, 19.6435)
    9627 (13.6149, 15.4599) -> 5122 (12.9335, 17.2184)
    9628 (18.0432, 7.50915) -> 2474 (16.5287, 7.51396)
    9629 (3.3492, -3.11269) -> 9011 (2.97593, -1.29837)
    9630 (15.1838, 27.0533) -> 6279 (13.7153, 26.1582)
    9631 (2.9576, 11.9049) -> 5473 (2.48299, 12.5687)
    9632 (10.9106, 21.9186) -> 9572 (10.2134, 21.7514)
    9633 (17.3146, -7.03746) -> 80 (16.6975, -6.37314)
    9634 (21.4803, 25.0826) -> 9197 (20.5808, 24.4654)
    9635 (10.9209, -3.60493) -> 8421 (9.95989, -2.64228)
    9636 (3.79555, -8.77971) -> 9305 (3.4705, -7.33259)
    9637 (16.0513, -2.56382) -> 3238 (14.9062, -1.77322)
    9638 (7.27106, 9.16303) -> 7763 (6.20879, 9.51065)
    9639 (14.1076, 4.04471) -> 75 (13.1095, 4.47405)
    9640 (17.3182, 22.8421) -> 7820 (15.6302, 22.5818)
    9641 (18.6905, 13.8089) -> 6287 (17.4237, 14.9302)
    9642 (21.7469, 17.244) -> 5132 (20.2651, 17.4816)
    9643 (1.38785, 1.25471) -> 3557 (1.21103, 2.32366)
    9644 (17.9573, 15.9386) -> 2119 (16.4607, 16.6224)
    9645 (0.454004, -0.224018) -> 2941 (0.467982, 0.830012)
    9646 (7.28727, 25.5237) -> 4348 (6.13408, 24.0655)
    9647 (11.6643, 6.70756) -> 7985 (10.88, 6.79703)
    9648 (8.12855, 19.456) -> 5631 (7.9343, 19.3943)
    9649 (0.3085, -9.07987) -> 8645 (0.353548, -7.38175)
    9650 (9.49111, 17.4092) -> 3189 (8.56402, 17.635)
    9651 (20.0703, 11.8391) -> 319 (19.3303, 12.6029)
    9652 (13.9639, 3.10675) -> 880 (13.1942, 3.54319)
    9653 (1.32803, -9.76581) -> 7926 (1.30943, -8.45881)
    9654 (2.80472, 26.1215) -> 1683 (2.4712, 24.1921)
    9655 (6.94858, 12.6177) -> 1342 (5.58182, 12.9579)
    9656 (1.9231, 28.207) -> 6445 (1.55834, 26.4464)
    9657 (2.4296, 25.4208) -> 342 (2.04258, 23.8361)
    9658 (5.60671, 17.7985) -> 9887 (4.12872, 17.1546)
    9659 (7.56296, 22.7638) -> 2517 (6.72926, 22.1373)
    9660 (18.6597, 19.1555) -> 3157 (16.8727, 19.3759)
    9661 (24.1805, 14.3963) -> 7085 (22.6631, 14.9555)
    9662 (17.347, 21.1501) -> 7519 (16.12, 21.2589)
    9663 (6.89918, 12.8747) -> 5440 (5.34721, 13.4869)
    9664 (14.1214, 16.3146) -> 7748 (12.7976, 17.8039)
    9665 (18.0495, 23.83) -> 9795 (16.6682, 23.4499)
    9666 (5.31069, 11.1729) -> 4493 (3.70831, 12.2259)
    9667 (21.6741, 5.3269) -> 3983 (20.5895, 5.33448)
    9668 (6.60031, 23.3651) -> 6975 (5.66813, 22.1964)
    9669 (19.2627, -7.90242) -> 5543 (18.6712, -7.30057)
    9670 (8.03075, 6.93041) -> 5284 (7.19803, 7.3331)
    9671 (21.5949, -8.73381) -> 9944 (20.2927, -7.87122)
    9672 (0.606001, 19.618) -> 6597 (0.679387, 18.1308)
    9673 (24.7769, 11.2371) -> 9807 (24.1941, 11.5119)
    9674 (12.7659, 22.0848) -> 3716 (11.8248, 21.7671)
    9675 (10.8031, 7.29736) -> 4554 (10.3165, 7.33452)
    9676 (2.99742, 24.6948) -> 1983 (2.53003, 23.1028)
    9677 (16.1065, 15.2709) -> 5127 (15.446, 15.9778)
    9678 (5.04503, 27.955) -> 9080 (4.54243, 26.9068)
    9679 (10.1572, 18.8364) -> 100 (10.0093, 18.8908)
    9680 (16.0831, 4.25929) -> 6430 (15.6511, 4.35836)
    9681 (9.96477, -3.55068) -> 8185 (9.16433, -2.19993)
    9682 (10.8167, -0.935544) -> 8329 (9.89443, 0.0358266)
    9683 (15.7324, 17.2122) -> 6111 (14.5523, 17.7063)
    9684 (7.2829, -2.24021) -> 7109 (6.72358, -1.2379)
    9685 (1.03307, 1.6562) -> 7348 (0.963222, 2.80272)
    9686 (24.1804, -4.54821) -> 5546 (23.3885, -4.07068)
    9687 (21.4719, 28.4508) -> 9910 (20.4299, 28.047)
    9688 (24.0626, 5.23557) -> 7951 (23.6015, 5.29921)
    9689 (15.0739, -4.58572) -> 9426 (14.0923, -3.61693)
    9690 (21.9085, -7.60447) -> 3184 (21.25, -7.01446)
    9691 (5.90363, -8.50283) -> 7685 (5.66615, -7.559)
    9692 (5.92878, 18.0814) -> 589 (4.41263, 17.347)
    9693 (8.33326, 21.5876) -> 955 (7.63479, 21.2022)
    9694 (2.61437, 16.313) -> 9075 (1.47511, 15.4112)
    9695 (21.3566, -2.00211) -> 5227 (20.8219, -1.75183)
    9696 (0.836288, -0.404298) -> 7895 (0.694046, 0.800791)
    9697 (3.65442, 25.7736) -> 8752 (3.11239, 24.3117)
    9698 (3.20758, 15.9867) -> 5062 (1.87674, 15.4324)
    9699 (23.5692, 22.5865) -> 6260 (21.8141, 22.4522)
    9700 (1.85513, 28.533) -> 9199 (1.65081, 27.3906)
    9701 (12.1354, -4.85657) -> 8477 (11.1947, -3.59957)
    9702 (1.94723, 24.7496) -> 1457 (1.64175, 23.2341)
    9703 (4.66779, -5.56133) -> 2858 (4.20231, -3.86224)
    9704 (3.55974, 15.2092) -> 5152 (2.48266, 15.0995)
    9705 (19.5389, 14.8322) -> 9644 (17.9573, 15.9386)
    9706 (8.09561, -0.481251) -> 119 (7.51832, 0.534968)
    9707 (13.0071, 17.0258) -> 4505 (12.3279, 17.6078)
    9708 (12.8113, 8.51127) -> 9439 (11.2596, 7.87728)
    9709 (1.66772, 11.0246) -> 2108 (1.252, 12.9119)
    9710 (0.834278, 8.2875) -> 8426 (0.685912, 9.97821)
    9711 (6.75991, 24.2943) -> 1713 (5.6925, 23.3407)
    9712 (10.3171, -6.99737) -> 9040 (9.92394, -6.17314)
    9713 (22.811, 11.5136) -> 8114 (21.687, 12.2941)
    9714 (24.4894, -8.30445) -> 924 (23.0542, -6.97198)
    9715 (15.155, -7.00204) -> 1366 (14.0151, -5.48497)
    9716 (15.785, -8.05889) -> 9715 (15.155, -7.00204)
    9717 (2.16333, -5.59934) -> 4471 (1.88181, -3.6933)
    9718 (3.17007, 14.4912) -> 2714 (1.84424, 14.798)
    9719 (6.62365, -7.06395) -> 9165 (6.02579, -5.41953)
    9720 (15.9686, 9.40547) -> 3131 (15.7716, 9.20172)
    9721 (1.48072, 13.7931) -> 0 (1, 15)
    9722 (10.4746, 1.99547) -> 2462 (9.68996, 2.7827)
    9723 (0.690348, 14.9867) -> 0 (1, 15)
    9724 (18.9554, -4.59978) -> 564 (17.7199, -3.77377)
    9725 (19.2217, 19.8288) -> 3169 (17.2766, 19.6758)
    9726 (9.24097, 16.8659) -> 3614 (7.57355, 17.3862)
    9727 (23.7718, 20.9602) -> 9936 (22.8316, 21.2978)
    9728 (16.8518, 2.35361) -> 8099 (15.4516, 2.98111)
    9729 (1.60797, 17.7006) -> 7722 (1.46578, 17.3115)
    9730 (14.4687, -0.64805) -> 4769 (12.9692, 0.397237)
    9731 (14.7043, -3.08613) -> 9748 (14.3187, -2.76937)
    9732 (9.31299, 18.3777) -> 4911 (7.64603, 18.3507)
    9733 (17.4617, -0.37579) -> 5638 (16.6628, 0.0361505)
    9734 (11.2858, 29.1069) -> 6131 (10.1245, 27.7646)
    9735 (7.89447, 14.752) -> 8916 (6.00202, 14.9445)
    9736 (1.82871, 7.21943) -> 8191 (1.40847, 9.12923)
    9737 (7.48215, 5.8148) -> 3397 (6.14469, 6.75276)
    9738 (17.5628, 20.0208) -> 992 (16.5075, 19.9117)
    9739 (17.0348, 15.8005) -> 2945 (15.6302, 16.6857)
    9740 (16.6573, 26.1718) -> 8339 (15.1582, 25.5675)
    9741 (21.3373, 4.08485) -> 9341 (20.0151, 4.36538)
    9742 (24.0096, 25.5047) -> 8506 (22.5393, 24.8759)
    9743 (0.665055, -4.7036) -> 3317 (0.583253, -3.428)
    9744 (14.6867, -7.8307) -> 9280 (14.2918, -7.20348)
    9745 (15.676, 7.15367) -> 7122 (13.9152, 7.13185)
    9746 (20.8255, 5.99908) -> 5346 (19.1285, 5.98645)
    9747 (15.0613, -9.04992) -> 9971 (14.3466, -7.91896)
    9748 (14.3187, -2.76937) -> 2902 (13.1418, -1.60689)
    9749 (17.1918, 29.8702) -> 7457 (15.7872, 28.6089)
    9750 (15.3227, -3.86376) -> 9748 (14.3187, -2.76937)
    9751 (2.56601, 13.9646) -> 0 (1, 15)
    9752 (14.9672, 15.196) -> 9442 (14.4652, 16.2675)
    9753 (24.4937, 7.74068) -> 7398 (23.8251, 7.94561)
    9754 (3.05614, 7.6364) -> 6228 (2.76925, 8.44245)
    9755 (21.4139, 26.8244) -> 8439 (19.5887, 26.3533)
    9756 (21.3941, 28.6148) -> 9910 (20.4299, 28.047)
    9757 (19.7504, 9.48143) -> 8917 (18.5075, 9.04693)
    9758 (23.2826, 25.7926) -> 9780 (22.3088, 25.1418)
    9759 (19.3303, 11.2039) -> 7823 (17.9637, 10.0319)
    9760 (13.3097, 5.28699) -> 4824 (11.9436, 5.75719)
    9761 (21.1501, 13.8393) -> 9705 (19.5389, 14.8322)
    9762 (6.552, 23.9775) -> 4444 (5.43834, 22.8225)
    9763 (6.12322, 16.9568) -> 7657 (4.43029, 16.5106)
    9764 (21.1895, 3.62091) -> 351 (19.312, 4.12172)
    9765 (14.831, 0.871887) -> 3006 (14.2248, 1.22835)
    9766 (24.6938, 11.1329) -> 7546 (24.2667, 11.4118)
    9767 (23.0119, 4.43631) -> 8780 (21.6306, 4.69501)
    9768 (10.4813, 18.9291) -> 5628 (8.58865, 18.8809)
    9769 (12.6364, 0.229592) -> 4006 (11.5794, 0.825616)
    9770 (22.8787, 24.5197) -> 434 (21.746, 24.1712)
    9771 (22.5292, 8.44699) -> 4010 (20.6343, 7.93898)
    9772 (24.4816, 15.3636) -> 3311 (22.888, 15.8738)
    9773 (7.83621, 27.4393) -> 539 (6.95726, 26.3082)
    9774 (23.3298, 1.75738) -> 7855 (22.1755, 2.18442)
    9775 (12.8098, 2.7277) -> 2489 (11.3073, 3.63985)
    9776 (19.5196, 10.4595) -> 2674 (18.9129, 10.2202)
    9777 (24.7592, 22.9387) -> 2611 (23.5378, 22.8254)
    9778 (4.93371, 20.9841) -> 4252 (4.11955, 20.0958)
    9779 (6.52932, 3.98433) -> 1031 (5.5399, 5.03308)
    9780 (22.3088, 25.1418) -> 8268 (21.0874, 24.7791)
    9781 (5.9808, 4.71439) -> 3842 (4.90929, 6.24113)
    9782 (2.6709, 0.0174276) -> 1080 (2.37567, 1.01937)
    9783 (21.3565, 1.53674) -> 8483 (20.0027, 2.07732)
    9784 (16.0432, 14.2358) -> 5532 (16.1251, 14.5461)
    9785 (21.9787, 21.6721) -> 9310 (20.4591, 21.4651)
    9786 (14.0769, 25.4582) -> 4097 (12.5625, 24.6993)
    9787 (12.5373, 5.77973) -> 680 (11.8583, 5.95087)
    9788 (10.5252, 19.8233) -> 5955 (8.90589, 19.5646)
    9789 (5.04223, -8.55282) -> 2371 (4.84407, -7.18032)
    9790 (5.88563, -0.0500246) -> 6180 (5.36509, 0.935739)
    9791 (7.42473, 20.9532) -> 1284 (5.8803, 19.9356)
    9792 (4.93385, 28.2988) -> 3093 (4.60542, 27.4973)
    9793 (19.1332, 4.47659) -> 9865 (17.4766, 4.80136)
    9794 (22.5579, -0.957286) -> 159 (21.3934, -0.381147)
    9795 (16.6682, 23.4499) -> 9177 (15.7803, 23.1578)
    9796 (21.9634, 28.9188) -> 9910 (20.4299, 28.047)
    9797 (16.0724, -0.160233) -> 9018 (15.0447, 0.544352)
    9798 (16.4211, 20.8763) -> 923 (14.6556, 20.793)
    9799 (5.64947, 25.7544) -> 9956 (4.87384, 24.0373)
    9800 (11.4633, -9.64167) -> 8823 (11.0147, -8.83412)
    9801 (10.9914, 20.8289) -> 8059 (9.11529, 20.3224)
    9802 (0.0912975, -1.77143) -> 5466 (0.232241, 0.0900597)
    9803 (12.2987, 19.838) -> 6695 (12.1098, 19.8713)
    9804 (7.63295, 14.6504) -> 8916 (6.00202, 14.9445)
    9805 (1.26447, 8.33935) -> 2855 (1.16814, 8.74441)
    9806 (16.2619, 24.8289) -> 3595 (15.581, 24.6309)
    9807 (24.1941, 11.5119) -> 6014 (22.6344, 12.5369)
    9808 (15.9926, 1.95232) -> 8549 (14.4147, 2.52604)
    9809 (8.82742, 18.6419) -> 3000 (7.46089, 18.4511)
    9810 (0.969966, 19.5805) -> 7142 (0.778991, 17.6291)
    9811 (15.5945, -4.9441) -> 8096 (14.4317, -3.97063)
    9812 (3.99449, 5.43436) -> 6202 (3.39759, 6.67518)
    9813 (3.55692, -1.70462) -> 888 (3.09723, -0.236069)
    9814 (1.50223, 19.5378) -> 327 (1.2209, 17.742)
    9815 (3.04417, 12.9641) -> 1247 (1.90256, 14.1428)
    9816 (8.73403, 22.1921) -> 5531 (8.25549, 22.0014)
    9817 (18.8376, 16.2618) -> 4973 (18.2824, 16.629)
    9818 (17.961, -5.45656) -> 8022 (16.6748, -4.56793)
    9819 (5.20696, 28.7918) -> 3093 (4.60542, 27.4973)
    9820 (4.7199, 27.0316) -> 4654 (4.11946, 25.8125)
    9821 (13.7461, 10.3878) -> 2510 (13.4159, 9.16011)
    9822 (6.33001, 6.90776) -> 8013 (4.85717, 8.10484)
    9823 (17.6258, 19.065) -> 8353 (15.7768, 19.0124)
    9824 (21.2582, 7.00366) -> 8435 (20.0864, 7.03617)
    9825 (12.8143, 6.62825) -> 7985 (10.88, 6.79703)
    9826 (17.5786, -9.50924) -> 5100 (16.6451, -8.44889)
    9827 (11.0151, 0.938682) -> 3613 (9.81236, 2.02733)
    9828 (11.6441, -3.44629) -> 4125 (10.4886, -1.85244)
    9829 (13.1155, 18.5147) -> 6471 (11.7321, 18.9083)
    9830 (12.0881, 28.8812) -> 3273 (11.2518, 28.0992)
    9831 (13.8829, 10.5102) -> 2510 (13.4159, 9.16011)
    9832 (23.1736, 27.4105) -> 9149 (22.7677, 27.241)
    9833 (17.6568, 28.1777) -> 676 (16.5832, 27.4599)
    9834 (16.7975, 1.34085) -> 969 (15.5675, 1.93336)
    9835 (15.3522, 20.2488) -> 1947 (13.7596, 20.3641)
    9836 (15.3369, 9.69397) -> 5406 (14.4753, 8.89658)
    9837 (6.65827, 23.2631) -> 9268 (6.39491, 23.0152)
    9838 (6.12828, 1.01856) -> 4638 (5.7387, 1.65846)
    9839 (17.2817, 11.4575) -> 5523 (15.9225, 10.235)
    9840 (14.1772, 18.2686) -> 6724 (13.0296, 18.6115)
    9841 (7.47766, 20.1119) -> 7680 (7.02061, 19.8807)
    9842 (1.92866, 4.34555) -> 1131 (1.67549, 5.62038)
    9843 (5.4839, 0.641024) -> 6378 (4.70268, 2.25059)
    9844 (2.45667, 4.58842) -> 4603 (2.28044, 6.15803)
    9845 (6.22977, -3.09418) -> 7347 (5.62895, -1.71602)
    9846 (15.2426, -7.37594) -> 3918 (14.2256, -6.02668)
    9847 (24.5241, 25.3527) -> 9570 (22.9128, 24.9902)
    9848 (20.1077, 28.4464) -> 8948 (18.6083, 27.8851)
    9849 (10.5807, -1.17668) -> 1601 (10.2865, -0.852664)
    9850 (19.8016, 19.571) -> 4349 (19.0043, 19.7501)
    9851 (21.4665, 18.2568) -> 8873 (19.581, 18.6919)
    9852 (23.8745, -6.13116) -> 8018 (23.05, -5.52968)
    9853 (5.93282, -9.26342) -> 1448 (5.65609, -8.42975)
    9854 (16.2688, 5.11156) -> 4454 (14.8474, 5.42513)
    9855 (9.65488, -1.01757) -> 2477 (8.55211, 0.287474)
    9856 (22.0014, 7.60198) -> 1772 (20.9303, 7.55345)
    9857 (8.66962, 7.84554) -> 8043 (8.29339, 7.84592)
    9858 (15.5978, -9.16824) -> 9744 (14.6867, -7.8307)
    9859 (0.718961, -3.66084) -> 8220 (0.687818, -1.85665)
    9860 (3.15219, -6.11642) -> 8232 (2.93134, -4.32328)
    9861 (8.71377, 25.2473) -> 813 (7.87431, 24.3213)
    9862 (11.423, 24.024) -> 5186 (10.8805, 23.8198)
    9863 (6.76956, 5.02793) -> 3439 (6.14059, 5.75576)
    9864 (5.12657, 29.2462) -> 3093 (4.60542, 27.4973)
    9865 (17.4766, 4.80136) -> 9854 (16.2688, 5.11156)
    9866 (23.5873, 1.092) -> 3308 (22.0778, 1.46593)
    9867 (17.3044, 2.79079) -> 6382 (16.9282, 2.97813)
    9868 (15.8399, -2.84253) -> 4866 (14.7709, -2.18671)
    9869 (23.457, 28.6382) -> 1278 (22.7887, 28.3594)
    9870 (13.758, 22.5813) -> 5298 (12.1571, 22.1093)
    9871 (10.1949, -6.47645) -> 6775 (10.038, -5.9012)
    9872 (9.85814, 19.641) -> 5631 (7.9343, 19.3943)
    9873 (22.6052, -7.83885) -> 3500 (20.9934, -6.66513)
    9874 (7.60597, 7.29849) -> 7940 (6.08572, 8.07902)
    9875 (10.264, 17.3467) -> 8137 (8.48965, 17.8733)
    9876 (20.1752, 9.09017) -> 1408 (18.7557, 8.87828)
    9877 (2.92824, -0.889721) -> 1080 (2.37567, 1.01937)
    9878 (10.7178, -1.44041) -> 7919 (10.1122, -0.846975)
    9879 (17.8087, 1.22026) -> 9973 (16.9232, 1.81965)
    9880 (5.7429, 0.849662) -> 1844 (5.00186, 2.20284)
    9881 (17.0284, 5.91179) -> 6419 (15.6592, 6.02446)
    9882 (21.8536, 15.1907) -> 6309 (20.5064, 15.8055)
    9883 (21.6183, 5.85738) -> 4873 (20.1547, 5.89254)
    9884 (0.169701, 17.0706) -> 3182 (0.769577, 15.404)
    9885 (8.54275, 5.8686) -> 9076 (7.73118, 6.35332)
    9886 (23.7324, 10.7561) -> 8154 (22.7607, 11.4901)
    9887 (4.12872, 17.1546) -> 1228 (2.95375, 16.4262)
    9888 (16.3461, 24.0382) -> 8047 (15.1575, 23.687)
    9889 (23.3943, -6.3993) -> 9987 (22.3655, -5.53596)
    9890 (15.0526, 29.0288) -> 5908 (13.4757, 27.8579)
    9891 (22.9117, 5.73864) -> 7845 (22.0841, 5.78846)
    9892 (8.44365, 19.5042) -> 9648 (8.12855, 19.456)
    9893 (16.1371, 23.9718) -> 8047 (15.1575, 23.687)
    9894 (24.7427, 26.4196) -> 518 (23.7888, 26.2167)
    9895 (18.7771, 7.97979) -> 1610 (17.2309, 7.64717)
    9896 (14.7573, -7.45363) -> 5070 (13.8357, -5.78188)
    9897 (21.7146, 15.0116) -> 1903 (19.7596, 15.4126)
    9898 (23.7967, -3.76626) -> 4480 (22.2062, -2.90172)
    9899 (0.666659, -7.87713) -> 5983 (0.567516, -5.92537)
    9900 (2.60994, -7.78532) -> 1065 (2.45019, -6.52582)
    9901 (3.62166, 5.90133) -> 8306 (2.92609, 7.7018)
    9902 (18.8825, 16.2968) -> 6972 (18.3105, 16.3482)
    9903 (23.2187, 25.5116) -> 9780 (22.3088, 25.1418)
    9904 (2.23417, 28.2864) -> 7887 (1.97553, 26.9139)
    9905 (16.4876, -4.63342) -> 9375 (15.4233, -3.47902)
    9906 (11.2374, 22.9073) -> 68 (10.2318, 22.509)
    9907 (16.6585, 23.7663) -> 7369 (15.5312, 23.3449)
    9908 (22.7935, 23.0293) -> 5614 (21.247, 22.8564)
    9909 (19.1766, 2.5455) -> 9603 (17.9752, 2.90979)
    9910 (20.4299, 28.047) -> 1788 (18.8172, 27.0746)
    9911 (16.1132, 2.17482) -> 6366 (15.7567, 2.45029)
    9912 (24.2413, -0.169301) -> 9142 (22.5359, 0.645477)
    9913 (21.5889, 27.0629) -> 4407 (20.511, 26.7643)
    9914 (6.09496, 21.274) -> 3272 (5.37903, 20.6646)
    9915 (19.9448, -1.55512) -> 7320 (18.2897, -0.437695)
    9916 (20.1513, 2.33772) -> 8316 (19.8331, 2.44742)
    9917 (12.0164, 4.99724) -> 3135 (10.2795, 5.78041)
    9918 (9.81813, 5.34975) -> 7470 (8.48616, 5.79256)
    9919 (9.4659, -1.78782) -> 7289 (8.29225, -0.270747)
    9920 (2.60856, 21.5328) -> 124 (2.36304, 20.9065)
    9921 (19.4065, 16.147) -> 6972 (18.3105, 16.3482)
    9922 (4.13901, -9.78462) -> 8869 (3.93798, -8.37789)
    9923 (19.2905, 5.05049) -> 8171 (17.5641, 5.6569)
    9924 (0.271941, 20.3841) -> 2773 (0.534894, 18.7923)
    9925 (24.5259, -5.10321) -> 9264 (23.2565, -4.13449)
    9926 (9.84514, 17.1774) -> 3189 (8.56402, 17.635)
    9927 (14.1422, 27.0774) -> 9272 (13.0305, 26.2518)
    9928 (4.80916, 20.2168) -> 6501 (4.46913, 19.8866)
    9929 (11.55, -4.86516) -> 4376 (10.979, -3.94923)
    9930 (13.3123, 29.5152) -> 347 (11.8464, 28.1708)
    9931 (9.67137, 6.83004) -> 4884 (7.96995, 7.45007)
    9932 (17.3236, 18.3016) -> 1147 (16.5786, 18.4679)
    9933 (16.0156, 19.7497) -> 8336 (14.048, 19.7593)
    9934 (16.0304, 22.8468) -> 9071 (14.4814, 22.4996)
    9935 (22.5277, 12.2189) -> 3493 (20.9314, 13.2592)
    9936 (22.8316, 21.2978) -> 8159 (21.4923, 21.1423)
    9937 (6.87424, 18.5169) -> 6607 (5.95468, 18.2083)
    9938 (22.6537, 12.3606) -> 3493 (20.9314, 13.2592)
    9939 (10.7586, 9.94397) -> 5498 (9.51731, 8.65643)
    9940 (11.1527, 18.1665) -> 2567 (10.166, 18.3444)
    9941 (2.39723, -4.49883) -> 9363 (2.44071, -3.65748)
    9942 (11.1408, -3.41385) -> 5109 (10.5681, -2.51592)
    9943 (17.4787, -2.33307) -> 5219 (16.5832, -1.825)
    9944 (20.2927, -7.87122) -> 1735 (19.73, -7.4324)
    9945 (17.8725, 21.8851) -> 30 (17.3197, 21.8356)
    9946 (4.06375, 13.9291) -> 8947 (3.35724, 14.213)
    9947 (18.2876, 1.15028) -> 9973 (16.9232, 1.81965)
    9948 (20.7618, 27.3082) -> 583 (19.5433, 26.8272)
    9949 (5.00294, 10.8519) -> 1869 (3.58831, 12.0634)
    9950 (19.4304, 25.8783) -> 4009 (19.3176, 25.8206)
    9951 (24.1086, 14.2346) -> 3097 (22.9264, 14.5994)
    9952 (8.51069, 28.8882) -> 2632 (7.56802, 27.7265)
    9953 (20.0092, -8.18879) -> 6871 (19.1187, -7.30954)
    9954 (15.7407, 18.9321) -> 3858 (14.4761, 19.4269)
    9955 (6.80093, -3.27384) -> 7624 (6.45477, -2.53151)
    9956 (4.87384, 24.0373) -> 3803 (4.04809, 22.7259)
    9957 (21.7025, -3.64424) -> 9158 (20.2101, -2.45902)
    9958 (9.34569, 9.80772) -> 1678 (7.42923, 9.54399)
    9959 (13.0929, 20.5849) -> 65 (11.5017, 20.5123)
    9960 (19.6961, 1.72886) -> 5348 (18.1497, 2.45094)
    9961 (12.5954, 7.09647) -> 8597 (10.9381, 7.01391)
    9962 (1.60132, -2.05603) -> 8761 (1.56123, -0.220925)
    9963 (23.3986, 10.1167) -> 4408 (21.9872, 9.79651)
    9964 (6.10806, 11.7543) -> 6940 (5.34463, 12.016)
    9965 (14.813, 5.64782) -> 9587 (13.8067, 5.90609)
    9966 (8.67183, -7.43611) -> 157 (8.06531, -6.05697)
    9967 (3.94196, 19.4489) -> 1443 (2.80337, 17.9887)
    9968 (17.8964, 23.6085) -> 8190 (16.879, 23.3491)
    9969 (3.82674, -5.34327) -> 8269 (3.54766, -4.03097)
    9970 (6.42818, 4.19911) -> 9781 (5.9808, 4.71439)
    9971 (14.3466, -7.91896) -> 6389 (13.2682, -6.44483)
    9972 (13.7388, 11.675) -> 8970 (14.4672, 10.0121)
    9973 (16.9232, 1.81965) -> 6366 (15.7567, 2.45029)
    9974 (9.09617, 24.6693) -> 5005 (8.58473, 24.3956)
    9975 (9.02296, -4.0065) -> 1139 (8.38816, -2.97225)
    9976 (10.4552, -1.04747) -> 2562 (9.8311, -0.485587)
    9977 (8.36163, 9.69099) -> 5290 (7.50782, 9.71578)
    9978 (18.571, -7.60026) -> 2357 (17.0829, -6.36588)
    9979 (13.7925, 1.36772) -> 9318 (12.3292, 2.39505)
    9980 (13.4511, 16.4377) -> 5122 (12.9335, 17.2184)
    9981 (15.9017, 0.900864) -> 1251 (14.2936, 1.87285)
    9982 (15.0674, 20.4176) -> 9959 (13.0929, 20.5849)
    9983 (4.96531, 19.0414) -> 7365 (4.787, 18.9095)
    9984 (7.13433, 18.1779) -> 7879 (5.78418, 17.8182)
    9985 (5.43726, 13.4564) -> 9946 (4.06375, 13.9291)
    9986 (10.785, 17.223) -> 4724 (9.93101, 17.9185)
    9987 (22.3655, -5.53596) -> 9171 (20.9698, -4.16979)
    9988 (4.06319, -6.10221) -> 4463 (3.70517, -4.46047)
    9989 (5.89813, 7.92229) -> 4875 (4.58123, 9.14278)
    9990 (15.375, -5.97044) -> 3663 (13.9235, -4.74192)
    9991 (2.57551, 22.1773) -> 8610 (2.09078, 20.5959)
    9992 (0.748946, 21.5268) -> 7593 (0.741432, 21.2791)
    9993 (9.446, 4.09407) -> 2865 (7.95895, 5.24832)
    9994 (6.32317, -2.75752) -> 7239 (5.5827, -1.05485)
    9995 (23.3502, 0.679493) -> 4536 (21.833, 1.33378)
    9996 (10.2988, 29.264) -> 4743 (8.99234, 28.0569)
    9997 (1.91644, 11.1023) -> 8434 (1.56712, 12.5307)
    9998 (8.88926, 29.7264) -> 1793 (8.50366, 29.351)
