Parent Map for Subproblem Tree 10
======================================
Child ID (x, y) -> Parent ID (x, y)
    1 (2.69399, 13.9368) -> 0 (1, 15)
    2 (2.76641, 11.9381) -> 1588 (1.36099, 13.0467)
    3 (4.68782, 14.0938) -> 1 (2.69399, 13.9368)
    4 (6.67668, 14.3046) -> 3 (4.68782, 14.0938)
    5 (3.00076, 9.95189) -> 2 (2.76641, 11.9381)
    6 (3.18175, 7.9601) -> 1915 (2.99704, 9.7428)
    7 (7.66172, 12.564) -> 1686 (5.77058, 12.5343)
    8 (2.78432, 11.3275) -> 2037 (1.45208, 12.578)
    9 (4.53752, 6.48976) -> 6 (3.18175, 7.9601)
    10 (6.47107, 5.97849) -> 9 (4.53752, 6.48976)
    11 (7.53165, 4.28286) -> 10 (6.47107, 5.97849)
    12 (7.65835, 2.28688) -> 2443 (6.58542, 0.689772)
    13 (0.93811, 16.999) -> 0 (1, 15)
    14 (9.32976, 1.18853) -> 12 (7.65835, 2.28688)
    15 (7.75808, 15.987) -> 1858 (6.23479, 17.1677)
    16 (6.55817, 11.5201) -> 589 (4.7393, 10.9208)
    17 (11.2987, 1.53984) -> 2188 (9.40898, 1.34072)
    18 (11.9345, 3.43609) -> 2128 (10.49, 2.12267)
    19 (8.46963, 17.8562) -> 1449 (7.06845, 19.0601)
    20 (12.7307, 0.14364) -> 450 (10.7657, 0.017691)
    21 (11.9846, -1.712) -> 1884 (10.0376, -1.28364)
    22 (10.4697, -3.0178) -> 1140 (9.17636, -1.59935)
    23 (13.3342, 4.86459) -> 18 (11.9345, 3.43609)
    24 (14.9037, 6.10425) -> 23 (13.3342, 4.86459)
    25 (13.5139, -3.00095) -> 2906 (11.8732, -2.29996)
    26 (16.0483, 7.74434) -> 24 (14.9037, 6.10425)
    27 (17.1742, 9.39732) -> 26 (16.0483, 7.74434)
    28 (1.40863, 7.03488) -> 2138 (2.52342, 8.67357)
    29 (18.2307, 11.0955) -> 27 (17.1742, 9.39732)
    30 (15.1444, -4.15916) -> 2116 (13.1728, -4.40898)
    31 (2.72505, 8.87625) -> 1574 (1.88558, 10.4558)
    32 (12.7388, -3.1499) -> 1429 (11.3127, -1.87546)
    33 (3.76271, 13.6981) -> 973 (2.95809, 14.9928)
    34 (6.22682, 0.890195) -> 2248 (4.96079, 1.754)
    35 (16.2508, -3.51747) -> 1843 (14.764, -4.74122)
    36 (10.7045, -0.143955) -> 2867 (8.81865, 0.501493)
    37 (5.17504, -0.810914) -> 1310 (4.32803, 0.879425)
    38 (1.23089, 18.9775) -> 13 (0.93811, 16.999)
    39 (10.879, 3.94668) -> 2887 (9.2858, 3.35366)
    40 (18.1964, -3.05455) -> 35 (16.2508, -3.51747)
    41 (12.6202, -3.87104) -> 2059 (11.161, -4.81822)
    42 (8.83086, 19.8233) -> 2453 (7.18274, 20.7681)
    43 (18.9455, 12.9634) -> 2171 (19.4502, 14.8945)
    44 (3.17504, -0.81284) -> 2874 (2.99237, 0.898252)
    45 (9.17171, 3.42869) -> 11 (7.53165, 4.28286)
    46 (2.3106, -2.61637) -> 2716 (1.67779, -0.920349)
    47 (18.3492, -1.06039) -> 2820 (17.0313, -1.94047)
    48 (16.579, 7.30208) -> 2962 (14.9487, 6.1876)
    49 (15.5292, -4.60354) -> 266 (13.7773, -4.37322)
    50 (8.31196, 5.73466) -> 10 (6.47107, 5.97849)
    51 (20.1046, 10.3968) -> 2625 (18.912, 8.83574)
    52 (22.0603, 9.97809) -> 2810 (22.978, 8.42752)
    53 (3.78911, 4.63507) -> 2708 (2.52758, 5.73559)
    54 (15.631, -6.60095) -> 1979 (13.7096, -7.02411)
    55 (7.7605, 21.5127) -> 834 (6.0648, 20.9953)
    56 (17.5074, -7.29303) -> 54 (15.631, -6.60095)
    57 (9.66112, 22.1354) -> 1435 (8.32052, 23.5325)
    58 (20.3492, -1.06212) -> 2356 (18.8106, -2.31697)
    59 (2.78151, -4.56015) -> 2038 (2.65487, -2.56919)
    60 (12.8608, 4.17402) -> 39 (10.879, 3.94668)
    61 (17.4053, 12.5115) -> 2898 (19.1695, 13.0623)
    62 (19.4216, -6.71351) -> 56 (17.5074, -7.29303)
    63 (16.51, -9.02656) -> 2469 (15.0194, -8.53583)
    64 (18.6104, 0.922475) -> 1810 (16.9058, 0.285217)
    65 (1.17607, -0.748618) -> 2252 (0.266027, 0.672263)
    66 (12.8763, -3.6416) -> 2536 (11.0496, -3.97085)
    67 (10.8219, 20.0119) -> 1061 (9.26475, 21.1339)
    68 (5.04363, 16.0619) -> 2507 (3.75441, 17.0722)
    69 (21.1582, 0.766984) -> 1311 (19.2991, 0.675957)
    70 (17.8306, -10.5285) -> 2301 (17.0496, -8.7757)
    71 (2.80178, 2.89577) -> 2704 (1.50556, 3.84496)
    72 (18.569, 14.9276) -> 2723 (19.7885, 16.5097)
    73 (14.5208, -9.23413) -> 2132 (13.5862, -10.5531)
    74 (7.05731, 4.47798) -> 1558 (5.48681, 4.95086)
    75 (18.2376, -5.74407) -> 56 (17.5074, -7.29303)
    76 (12.481, 18.895) -> 960 (11.6446, 20.6923)
    77 (3.90714, 15.77) -> 505 (2.5325, 15.8937)
    78 (21.6416, 8.60417) -> 2437 (20.2118, 7.32487)
    79 (17.7991, 12.6849) -> 2972 (18.9686, 14.1858)
    80 (0.910787, -5.26754) -> 2673 (0.542211, -3.33237)
    81 (12.64, 3.82197) -> 2304 (10.9004, 3.18459)
    82 (19.3374, 16.7741) -> 2246 (19.5509, 18.348)
    83 (9.55827, 21.4515) -> 1495 (7.93327, 20.6941)
    84 (1.40982, 15.9121) -> 0 (1, 15)
    85 (19.8121, -10.7996) -> 70 (17.8306, -10.5285)
    86 (6.22067, 22.789) -> 2008 (4.34404, 22.2035)
    87 (12.5258, -9.37584) -> 1867 (11.4341, -7.84225)
    88 (0.223473, -1.97603) -> 2716 (1.67779, -0.920349)
    89 (9.58319, 3.99693) -> 2920 (8.28074, 5.46077)
    90 (20.301, 18.5267) -> 2210 (18.3485, 18.7673)
    91 (18.5763, 7.19871) -> 2242 (18.2511, 5.32634)
    92 (10.6638, -10.1059) -> 2926 (8.89062, -9.38817)
    93 (22.7829, 11.843) -> 2051 (23.7807, 13.2185)
    94 (18.4807, 5.201) -> 1064 (17.5668, 3.48965)
    95 (3.30265, -6.49106) -> 2882 (2.95941, -4.7652)
    96 (22.6913, 13.8409) -> 2322 (22.1169, 15.7076)
    97 (21.1841, -5.76817) -> 62 (19.4216, -6.71351)
    98 (12.7576, -11.3624) -> 1491 (11.4654, -10.3231)
    99 (13.6548, 20.5144) -> 2364 (13.1218, 22.3946)
    100 (0.92335, 15.1763) -> 13 (0.93811, 16.999)
    101 (9.58492, -8.78283) -> 2752 (8.19411, -8.04567)
    102 (17.0434, 0.999932) -> 1363 (16.4856, -0.527573)
    103 (6.09468, 23.6582) -> 2850 (4.11712, 23.6358)
    104 (0.750918, 9.19688) -> 1574 (1.88558, 10.4558)
    105 (14.6209, -11.6134) -> 1672 (14.2157, -10.208)
    106 (3.21548, 16.4953) -> 2618 (2.935, 14.8583)
    107 (16.0408, 13.9737) -> 2996 (16.9637, 15.5363)
    108 (8.91738, 15.9589) -> 2747 (7.35871, 17.0933)
    109 (15.7719, -10.8975) -> 2405 (13.8161, -10.5581)
    110 (23.171, 15.7825) -> 2595 (23.2822, 17.2418)
    111 (1.54416, 1.46544) -> 1537 (1.02991, 3.32807)
    112 (3.96648, 15.4534) -> 1 (2.69399, 13.9368)
    113 (14.8202, -2.69332) -> 2921 (13.3366, -1.55054)
    114 (24.5828, 10.9711) -> 2766 (23.3228, 9.51996)
    115 (14.8963, 15.4107) -> 2765 (14.8114, 17.2619)
    116 (21.3589, 20.224) -> 1617 (21.2401, 22.1416)
    117 (22.1286, 22.07) -> 2527 (21.3804, 23.9103)
    118 (13.7899, 22.5098) -> 732 (11.9813, 22.1548)
    119 (0.0985019, -4.33759) -> 2673 (0.542211, -3.33237)
    120 (21.0999, -6.20303) -> 1232 (19.4401, -6.95613)
    121 (3.66841, 14.2247) -> 2758 (2.074, 14.3394)
    122 (22.3569, 23.8542) -> 1898 (20.5764, 23.9728)
    123 (18.9862, -10.9678) -> 1702 (17.1308, -11.3409)
    124 (11.8922, -4.48766) -> 2303 (10.4131, -3.34407)
    125 (8.73901, -6.97053) -> 2690 (7.07893, -6.06055)
    126 (7.821, 15.4226) -> 900 (5.90307, 15.185)
    127 (15.6069, -5.36758) -> 2727 (14.2127, -6.16687)
    128 (22.7958, -4.58391) -> 97 (21.1841, -5.76817)
    129 (13.8526, 0.09257) -> 2180 (11.9349, 0.250989)
    130 (5.11303, 5.62682) -> 2900 (3.18937, 5.8363)
    131 (3.97511, 6.77643) -> 1004 (2.72162, 8.01911)
    132 (9.68237, 5.45395) -> 2862 (7.76281, 4.98802)
    133 (13.5785, 3.19906) -> 2400 (12.4279, 1.76499)
    134 (0.333815, 6.67199) -> 453 (0.557441, 8.54647)
    135 (4.77522, 18.0438) -> 240 (3.0016, 18.8503)
    136 (2.24704, -4.09337) -> 2673 (0.542211, -3.33237)
    137 (10.9109, -7.28559) -> 2269 (9.28027, -6.14304)
    138 (21.1207, -2.90736) -> 1680 (20.0848, -4.59388)
    139 (13.3332, 7.34255) -> 2973 (13.0337, 5.48201)
    140 (10.8782, -8.22861) -> 2435 (9.09758, -8.68628)
    141 (4.33706, -0.53325) -> 2874 (2.99237, 0.898252)
    142 (2.28863, -0.313288) -> 111 (1.54416, 1.46544)
    143 (6.24909, 9.54416) -> 2444 (4.38758, 9.4351)
    144 (12.9936, 19.4484) -> 960 (11.6446, 20.6923)
    145 (17.1072, 7.81921) -> 2193 (16.3026, 6.14758)
    146 (13.8703, -7.21933) -> 2890 (13.1597, -5.66985)
    147 (12.8963, 15.3941) -> 2402 (13.8863, 16.7475)
    148 (8.12797, -5.92007) -> 1748 (6.20585, -5.76696)
    149 (8.37398, -10.3746) -> 2435 (9.09758, -8.68628)
    150 (21.7605, -10.348) -> 85 (19.8121, -10.7996)
    151 (22.0757, -6.01021) -> 850 (20.4179, -5.28468)
    152 (8.86504, 23.0136) -> 1742 (7.1658, 22.9962)
    153 (7.78455, -4.10459) -> 2368 (8.45799, -2.30196)
    154 (16.1876, 6.87461) -> 679 (15.1887, 5.50315)
    155 (11.075, -9.45027) -> 2549 (9.12488, -9.67643)
    156 (17.0679, 8.15317) -> 1728 (15.4135, 7.16739)
    157 (10.9583, -3.90102) -> 1746 (9.96118, -2.40606)
    158 (11.8843, 8.13771) -> 1010 (12.4594, 6.43054)
    159 (7.57765, 13.1225) -> 2743 (5.76597, 13.5045)
    160 (16.6128, 10.2339) -> 350 (17.5255, 8.53868)
    161 (13.965, -3.39573) -> 2921 (13.3366, -1.55054)
    162 (5.14815, 15.1186) -> 2213 (4.03259, 16.5119)
    163 (1.45937, 17.8192) -> 559 (0.992823, 16.2469)
    164 (4.63718, 9.96981) -> 1915 (2.99704, 9.7428)
    165 (4.65911, -3.87123) -> 696 (3.01808, -3.09924)
    166 (4.99987, 19.1995) -> 598 (4.07813, 20.8059)
    167 (17.7046, 17.929) -> 1667 (17.8031, 19.9155)
    168 (8.93246, 18.762) -> 1449 (7.06845, 19.0601)
    169 (10.1569, -9.55858) -> 1648 (8.9563, -8.06439)
    170 (23.0539, 19.1625) -> 1968 (22.3126, 20.872)
    171 (12.1861, 5.48434) -> 2430 (10.3791, 5.15585)
    172 (23.7691, -7.07438) -> 2713 (22.1314, -8.22196)
    173 (8.98183, -2.56796) -> 2081 (9.16314, -0.714897)
    174 (17.3915, -8.18624) -> 1961 (15.8137, -7.55073)
    175 (7.6782, -3.88256) -> 2012 (6.13028, -4.85111)
    176 (19.1584, -1.3282) -> 1644 (17.2585, -0.814476)
    177 (15.7469, 18.2765) -> 1712 (14.4902, 19.6077)
    178 (13.4159, -10.7268) -> 1491 (11.4654, -10.3231)
    179 (15.1711, 8.27549) -> 2631 (13.5105, 7.1703)
    180 (8.78879, -0.587259) -> 2965 (7.19498, 0.455284)
    181 (8.62934, 2.63528) -> 2062 (6.92455, 2.64292)
    182 (20.1027, 0.161488) -> 2447 (18.3701, -0.570738)
    183 (12.0522, 18.8341) -> 960 (11.6446, 20.6923)
    184 (15.7709, 22.7848) -> 118 (13.7899, 22.5098)
    185 (16.6517, 13.6157) -> 2996 (16.9637, 15.5363)
    186 (21.5674, -4.04143) -> 97 (21.1841, -5.76817)
    187 (5.29059, -6.27179) -> 2091 (4.64491, -4.58568)
    188 (23.3281, 9.29878) -> 2707 (24.4687, 7.9269)
    189 (15.0786, -10.9697) -> 2162 (13.4495, -9.89141)
    190 (0.60755, 13.1418) -> 0 (1, 15)
    191 (16.497, 13.4926) -> 2575 (18.071, 14.4281)
    192 (7.49397, 12.7385) -> 2743 (5.76597, 13.5045)
    193 (22.5343, 2.21829) -> 69 (21.1582, 0.766984)
    194 (7.89949, 21.4454) -> 834 (6.0648, 20.9953)
    195 (0.786712, 18.9242) -> 13 (0.93811, 16.999)
    196 (1.84603, 11.1069) -> 1588 (1.36099, 13.0467)
    197 (21.1192, -12.1461) -> 1092 (19.2128, -12.2369)
    198 (8.21071, 19.991) -> 1920 (6.38062, 20.3554)
    199 (5.69005, 3.30536) -> 284 (4.55549, 4.56778)
    200 (5.42643, -4.73449) -> 721 (3.57672, -4.07186)
    201 (1.11506, -4.12535) -> 2787 (1.34287, -2.4256)
    202 (18.6317, 18.0268) -> 1529 (17.2409, 19.2994)
    203 (19.5011, 3.56978) -> 2865 (19.9529, 1.99579)
    204 (6.38105, -10.5426) -> 2946 (6.56321, -8.96712)
    205 (19.4671, 9.21315) -> 2721 (21.0429, 8.08231)
    206 (13.6809, 0.0497569) -> 2836 (12.4253, -1.50257)
    207 (0.989785, 13.2397) -> 0 (1, 15)
    208 (3.8562, 1.17268) -> 1839 (2.60827, 2.36983)
    209 (6.55398, 21.0965) -> 639 (5.42032, 22.5731)
    210 (24.3095, 24.1508) -> 1532 (22.549, 23.9912)
    211 (1.27104, 15.2036) -> 13 (0.93811, 16.999)
    212 (7.19196, 0.754235) -> 2372 (5.64124, 1.95602)
    213 (14.3546, 19.2) -> 2760 (13.2171, 20.5999)
    214 (3.65504, 18.5498) -> 815 (1.90945, 17.9861)
    215 (14.1845, 13.4418) -> 107 (16.0408, 13.9737)
    216 (0.391649, 14.2121) -> 0 (1, 15)
    217 (7.13528, -1.79967) -> 2324 (5.65713, -0.852567)
    218 (19.8738, 16.1863) -> 1370 (20.5246, 18.0497)
    219 (15.1953, 14.5987) -> 2023 (14.8264, 16.5349)
    220 (20.7659, 3.15114) -> 2730 (19.01, 2.53866)
    221 (14.3581, 15.9421) -> 251 (14.2397, 17.8161)
    222 (3.32941, 12.9372) -> 1588 (1.36099, 13.0467)
    223 (3.96771, 19.4033) -> 1267 (2.3976, 18.3446)
    224 (16.1178, 20.8151) -> 184 (15.7709, 22.7848)
    225 (16.4621, 0.496968) -> 1069 (14.6919, -0.0727968)
    226 (12.0739, 23.5371) -> 839 (10.6775, 24.9158)
    227 (0.710005, -5.21603) -> 2673 (0.542211, -3.33237)
    228 (12.5947, 4.87573) -> 39 (10.879, 3.94668)
    229 (2.31317, 16.8676) -> 973 (2.95809, 14.9928)
    230 (3.98408, 2.62965) -> 2792 (2.17143, 2.39937)
    231 (10.0636, 19.5741) -> 1923 (8.35638, 19.8703)
    232 (23.4218, -11.4616) -> 2641 (21.7022, -10.9278)
    233 (14.0684, 24.0122) -> 2165 (12.3481, 23.9304)
    234 (21.985, -11.6334) -> 1886 (20.208, -10.8911)
    235 (24.2134, -9.02442) -> 2201 (23.2841, -10.3252)
    236 (4.10326, 23.8433) -> 2709 (3.7228, 21.8826)
    237 (9.27749, -3.83314) -> 1824 (8.8124, -2.15213)
    238 (18.8334, -7.23559) -> 1933 (17.4576, -5.81512)
    239 (23.2405, 4.02589) -> 1787 (21.4283, 3.25986)
    240 (3.0016, 18.8503) -> 38 (1.23089, 18.9775)
    241 (24.1413, 13.8441) -> 1372 (22.9378, 15.3593)
    242 (18.3907, -5.42126) -> 1575 (16.7042, -5.0474)
    243 (12.8332, 1.11084) -> 840 (11.2414, 0.811495)
    244 (8.72055, 7.6484) -> 50 (8.31196, 5.73466)
    245 (23.9996, 21.3635) -> 2670 (23.7268, 22.9531)
    246 (7.66479, -3.56183) -> 2780 (6.81889, -1.90859)
    247 (21.8803, -0.205272) -> 2466 (22.4982, -2.07903)
    248 (23.3352, 7.29879) -> 2056 (22.4965, 5.72504)
    249 (13.5886, -2.71125) -> 2906 (11.8732, -2.29996)
    250 (24.9748, 24.6055) -> 2281 (23.3607, 23.9874)
    251 (14.2397, 17.8161) -> 1712 (14.4902, 19.6077)
    252 (16.9167, 2.90656) -> 1913 (17.3449, 1.14436)
    253 (18.4435, 17.1147) -> 2210 (18.3485, 18.7673)
    254 (4.51278, 21.7483) -> 2094 (2.87302, 21.7912)
    255 (20.9949, 10.6354) -> 2828 (21.8994, 9.01343)
    256 (16.1407, -9.98846) -> 1672 (14.2157, -10.208)
    257 (8.0111, -4.54075) -> 1990 (6.67973, -3.42816)
    258 (7.05622, -5.60558) -> 1932 (5.5553, -5.02612)
    259 (12.8617, 6.58241) -> 1636 (11.4561, 5.55846)
    260 (10.016, 1.51564) -> 2175 (8.23087, 1.19983)
    261 (3.82377, 0.495247) -> 2916 (3.95733, 2.45804)
    262 (4.66875, -6.30767) -> 667 (3.61261, -4.80357)
    263 (20.951, 23.429) -> 2583 (19.3963, 24.1095)
    264 (4.50444, -9.851) -> 2586 (5.15788, -8.26121)
    265 (5.3907, -11.1138) -> 2776 (4.13632, -9.56884)
    266 (13.7773, -4.37322) -> 1478 (11.8351, -4.58027)
    267 (9.33324, 3.88286) -> 11 (7.53165, 4.28286)
    268 (15.899, 5.42839) -> 2585 (14.4356, 4.47488)
    269 (10.8367, 24.7163) -> 664 (9.00543, 24.3941)
    270 (18.5095, 19.0376) -> 1176 (18.0653, 20.8035)
    271 (21.3571, -12.0898) -> 2267 (19.8229, -11.4337)
    272 (0.744609, 5.15033) -> 2708 (2.52758, 5.73559)
    273 (18.8248, -6.90583) -> 2441 (17.2848, -8.12707)
    274 (1.34532, 8.42196) -> 1464 (0.634268, 10.0995)
    275 (8.40507, 23.8606) -> 1145 (7.41583, 22.6748)
    276 (13.8752, -0.734468) -> 1333 (12.0025, -1.19567)
    277 (2.64208, -3.42319) -> 2787 (1.34287, -2.4256)
    278 (8.37659, 2.17533) -> 2291 (6.73562, 1.07649)
    279 (21.0809, -5.34361) -> 2531 (21.1986, -6.91536)
    280 (10.8293, 17.9683) -> 2855 (9.8706, 19.636)
    281 (14.8645, -10.5394) -> 1677 (13.314, -9.58479)
    282 (19.2222, 16.8874) -> 2246 (19.5509, 18.348)
    283 (24.7828, 19.0389) -> 2110 (24.9812, 20.9266)
    284 (4.55549, 4.56778) -> 2900 (3.18937, 5.8363)
    285 (10.1687, 4.31743) -> 2665 (9.63026, 2.4923)
    286 (20.3462, -0.404107) -> 2700 (19.9073, -2.114)
    287 (15.3836, -11.8005) -> 1672 (14.2157, -10.208)
    288 (13.9456, -2.26151) -> 2836 (12.4253, -1.50257)
    289 (22.9059, 11.2397) -> 2520 (23.4385, 12.9494)
    290 (21.2883, -2.40871) -> 2344 (19.698, -3.42469)
    291 (7.05912, 2.25309) -> 1862 (5.91161, 3.54686)
    292 (0.447381, 12.2646) -> 2636 (1.60082, 13.5391)
    293 (4.82446, 15.16) -> 2618 (2.935, 14.8583)
    294 (4.85852, -1.37583) -> 2185 (4.13609, 0.232024)
    295 (24.3575, -5.79664) -> 128 (22.7958, -4.58391)
    296 (8.19366, -11.6102) -> 2783 (6.31668, -12.0713)
    297 (15.2346, -11.0339) -> 2132 (13.5862, -10.5531)
    298 (14.9464, -7.56111) -> 2518 (13.1793, -6.94421)
    299 (2.07978, 20.7851) -> 38 (1.23089, 18.9775)
    300 (23.7442, -0.930617) -> 2466 (22.4982, -2.07903)
    301 (11.3489, 8.85583) -> 483 (11.348, 7.13421)
    302 (15.1744, 23.3348) -> 1360 (14.1345, 24.7547)
    303 (22.9076, 3.42836) -> 2384 (23.3107, 1.50326)
    304 (16.264, 0.848033) -> 1069 (14.6919, -0.0727968)
    305 (10.2263, 24.5137) -> 275 (8.40507, 23.8606)
    306 (8.83507, 16.3407) -> 2105 (6.98163, 16.7704)
    307 (15.9487, 7.28592) -> 679 (15.1887, 5.50315)
    308 (21.0346, 17.0516) -> 2246 (19.5509, 18.348)
    309 (3.69917, -3.24922) -> 1749 (2.37284, -1.90888)
    310 (14.5656, 2.05304) -> 1475 (12.9325, 1.00004)
    311 (14.8521, 22.8193) -> 2974 (14.0068, 24.3805)
    312 (8.18521, -0.406496) -> 2443 (6.58542, 0.689772)
    313 (6.46321, 9.34675) -> 1044 (4.63752, 9.16831)
    314 (3.84294, 23.2755) -> 2857 (2.28884, 22.2645)
    315 (23.9478, -11.303) -> 744 (23.2078, -9.66252)
    316 (5.3403, -3.45124) -> 2684 (4.38397, -2.54231)
    317 (14.1079, 21.6237) -> 2564 (12.6273, 22.9628)
    318 (11.3667, -3.66504) -> 1938 (9.7112, -3.50305)
    319 (23.9068, 4.38588) -> 2196 (23.4485, 2.44902)
    320 (14.0522, 3.54287) -> 1602 (12.0834, 3.76042)
    321 (11.6837, 19.0729) -> 2855 (9.8706, 19.636)
    322 (9.41783, 18.5098) -> 1923 (8.35638, 19.8703)
    323 (11.0944, 24.1144) -> 2088 (9.52701, 23.6092)
    324 (8.85367, -0.574197) -> 2965 (7.19498, 0.455284)
    325 (12.4544, 18.0555) -> 2289 (10.8771, 18.9545)
    326 (17.0278, -2.7804) -> 2509 (16.8715, -4.49759)
    327 (11.7464, -8.82282) -> 2139 (10.0548, -8.73615)
    328 (2.18735, 18.8476) -> 1079 (0.236132, 18.492)
    329 (4.34788, -0.634119) -> 2542 (3.52165, 0.991593)
    330 (20.4573, 2.85238) -> 1193 (18.5664, 2.78014)
    331 (20.1458, 21.4207) -> 2351 (18.9467, 22.6089)
    332 (6.99816, 14.438) -> 162 (5.14815, 15.1186)
    333 (3.51496, 8.97463) -> 1397 (3.1558, 10.7641)
    334 (19.4936, 10.6362) -> 2625 (18.912, 8.83574)
    335 (1.36248, 10.3345) -> 2069 (0.489422, 11.2019)
    336 (23.9402, -12.2748) -> 2632 (22.4045, -11.1545)
    337 (4.86183, 18.5765) -> 240 (3.0016, 18.8503)
    338 (11.357, -0.765042) -> 2534 (9.53029, -1.4198)
    339 (13.7284, 4.78808) -> 1602 (12.0834, 3.76042)
    340 (21.4979, 10.6668) -> 2828 (21.8994, 9.01343)
    341 (22.3731, 24.2281) -> 2819 (20.4468, 24.733)
    342 (23.5152, 21.5306) -> 1700 (21.9238, 22.6543)
    343 (13.6441, 19.8155) -> 1031 (13.7572, 21.6052)
    344 (8.35995, 15.9729) -> 1970 (6.74507, 17.057)
    345 (1.57588, 0.795863) -> 2952 (0.974589, 2.19096)
    346 (17.9349, -4.76087) -> 1944 (16.0001, -5.12222)
    347 (19.5367, 13.4735) -> 2065 (19.486, 15.2966)
    348 (10.019, 19.1517) -> 1923 (8.35638, 19.8703)
    349 (5.07959, -7.68785) -> 423 (4.69126, -6.03077)
    350 (17.5255, 8.53868) -> 2770 (17.8278, 6.77758)
    351 (12.7731, 2.48668) -> 17 (11.2987, 1.53984)
    352 (4.55561, 9.62596) -> 2016 (3.55705, 11.3338)
    353 (16.4707, 7.43079) -> 2962 (14.9487, 6.1876)
    354 (22.1018, -9.41745) -> 2641 (21.7022, -10.9278)
    355 (6.46181, 1.51468) -> 2630 (4.87858, 2.37154)
    356 (10.8479, -10.3386) -> 2549 (9.12488, -9.67643)
    357 (9.51352, -6.36532) -> 1414 (7.56636, -6.58777)
    358 (22.0701, -8.08868) -> 2070 (20.2037, -7.95864)
    359 (20.3351, 3.37849) -> 1193 (18.5664, 2.78014)
    360 (15.6388, 17.137) -> 1503 (15.2119, 18.9775)
    361 (19.8023, 18.7382) -> 936 (18.3053, 19.5572)
    362 (0.150915, 5.65884) -> 2734 (0.213407, 7.14694)
    363 (5.9689, -11.7391) -> 2613 (5.28271, -10.1825)
    364 (3.50751, -2.82311) -> 1505 (1.86993, -1.75876)
    365 (22.4782, 14.2409) -> 1853 (23.1243, 15.995)
    366 (15.1909, 24.6735) -> 1855 (14.089, 23.693)
    367 (13.3061, 3.9087) -> 889 (11.759, 3.31499)
    368 (24.4736, 15.3045) -> 2334 (23.777, 16.7939)
    369 (6.74932, 22.8183) -> 1634 (5.08355, 22.5068)
    370 (13.5233, -9.00556) -> 1979 (13.7096, -7.02411)
    371 (21.6367, 21.5951) -> 1402 (20.0536, 22.3139)
    372 (12.3634, -4.88489) -> 2296 (10.4095, -5.30205)
    373 (7.646, 13.3553) -> 2743 (5.76597, 13.5045)
    374 (20.0558, -7.89891) -> 2374 (19.5048, -9.58213)
    375 (7.8711, 12.5429) -> 2589 (6.08816, 12.1362)
    376 (5.25247, 11.1579) -> 2016 (3.55705, 11.3338)
    377 (4.42348, -0.520312) -> 2542 (3.52165, 0.991593)
    378 (15.0513, 19.8055) -> 2760 (13.2171, 20.5999)
    379 (18.4906, -4.74891) -> 1575 (16.7042, -5.0474)
    380 (1.87437, -7.89107) -> 2832 (0.256919, -6.92089)
    381 (1.19271, 1.71147) -> 2073 (1.62545, 3.65398)
    382 (13.9589, -7.0196) -> 1772 (12.7007, -7.92909)
    383 (14.4136, 24.7743) -> 1336 (12.6168, 24.1568)
    384 (24.2934, -2.85372) -> 1068 (23.8107, -4.74777)
    385 (18.8454, 16.483) -> 2246 (19.5509, 18.348)
    386 (22.6498, 11.6848) -> 2051 (23.7807, 13.2185)
    387 (7.93997, 20.1353) -> 2306 (5.98118, 20.1975)
    388 (18.0249, -12.1337) -> 2451 (16.3223, -11.8559)
    389 (2.19821, 13.3799) -> 190 (0.60755, 13.1418)
    390 (12.5502, 16.5076) -> 2849 (11.9967, 18.2106)
    391 (7.73942, -10.8778) -> 2783 (6.31668, -12.0713)
    392 (22.8441, 8.5266) -> 1780 (22.571, 6.54735)
    393 (14.0234, 5.40623) -> 1660 (12.7376, 4.00916)
    394 (19.7422, 16.2887) -> 1370 (20.5246, 18.0497)
    395 (3.52556, 18.0534) -> 815 (1.90945, 17.9861)
    396 (17.3638, 14.0592) -> 2022 (18.7469, 15.12)
    397 (5.12505, 22.3206) -> 598 (4.07813, 20.8059)
    398 (18.6269, 20.0884) -> 1924 (17.5097, 21.5986)
    399 (24.7041, 0.823973) -> 2017 (23.3869, -0.24078)
    400 (13.4461, 19.8013) -> 1031 (13.7572, 21.6052)
    401 (18.6278, -11.9125) -> 1355 (16.9459, -12.232)
    402 (4.62039, -2.62107) -> 2642 (4.51261, -0.847106)
    403 (11.727, 16.7852) -> 515 (11.4635, 18.7105)
    404 (16.4542, 22.9478) -> 2993 (15.6542, 24.4811)
    405 (8.31914, 20.8395) -> 1920 (6.38062, 20.3554)
    406 (21.1789, 6.87007) -> 820 (20.8146, 4.99112)
    407 (10.8852, -4.3563) -> 1063 (9.01392, -3.95009)
    408 (18.8456, -5.02271) -> 1933 (17.4576, -5.81512)
    409 (10.6538, 3.07298) -> 612 (9.46761, 4.61476)
    410 (14.1054, -7.16966) -> 2890 (13.1597, -5.66985)
    411 (22.7195, 13.7285) -> 2681 (22.4993, 15.5527)
    412 (3.74176, -1.60417) -> 2280 (2.02947, -1.41946)
    413 (4.12981, -3.58239) -> 2553 (2.83538, -2.15779)
    414 (4.20544, -4.1231) -> 2181 (2.58543, -3.26305)
    415 (4.57674, 10.1956) -> 1915 (2.99704, 9.7428)
    416 (8.21938, 15.0721) -> 1919 (6.3424, 14.5993)
    417 (13.9283, -0.748675) -> 1333 (12.0025, -1.19567)
    418 (15.5944, 6.75927) -> 2918 (15.3798, 4.86824)
    419 (9.56793, -6.86728) -> 2408 (7.78512, -6.25885)
    420 (7.58869, -11.0377) -> 1905 (5.77905, -10.2994)
    421 (19.701, 20.7686) -> 2351 (18.9467, 22.6089)
    422 (23.2904, 4.215) -> 2196 (23.4485, 2.44902)
    423 (4.69126, -6.03077) -> 2834 (3.15033, -4.81462)
    424 (21.1951, -8.40549) -> 2378 (19.8374, -9.42413)
    425 (18.769, -9.53408) -> 2301 (17.0496, -8.7757)
    426 (17.7516, 9.62384) -> 1404 (16.7752, 7.9688)
    427 (13.1137, -8.81951) -> 1867 (11.4341, -7.84225)
    428 (9.27404, -11.6644) -> 2606 (7.61463, -11.0441)
    429 (13.4658, -10.8376) -> 2995 (11.6998, -10.4331)
    430 (9.15755, -8.225) -> 2336 (7.25502, -8.59252)
    431 (22.822, -10.7864) -> 2302 (21.2742, -10.8567)
    432 (8.06698, 2.11684) -> 2913 (6.28168, 2.7726)
    433 (22.5008, 14.0614) -> 2322 (22.1169, 15.7076)
    434 (2.8645, 7.27475) -> 1483 (1.54836, 8.54502)
    435 (3.19379, 22.5947) -> 598 (4.07813, 20.8059)
    436 (15.2067, 13.1743) -> 945 (15.9009, 15.0299)
    437 (2.8731, 23.4641) -> 2847 (1.54058, 22.0244)
    438 (7.49852, 17.8537) -> 1793 (5.80624, 18.5214)
    439 (3.22046, -11.3844) -> 2220 (2.62264, -9.47611)
    440 (1.58206, 12.8652) -> 745 (0.132936, 14.2321)
    441 (4.48399, 19.9196) -> 1681 (2.79944, 20.0678)
    442 (21.6686, 16.2676) -> 2055 (21.6047, 18.1254)
    443 (24.8904, 1.55442) -> 1438 (23.3142, 1.15395)
    444 (7.4414, 10.2682) -> 2224 (5.60233, 9.85234)
    445 (8.26734, -6.22881) -> 719 (6.59751, -5.13806)
    446 (5.93608, -11.6071) -> 2613 (5.28271, -10.1825)
    447 (13.8643, -10.574) -> 844 (12.1357, -11.2641)
    448 (15.8582, 15.8657) -> 2830 (16.0877, 17.744)
    449 (3.93293, 17.0924) -> 505 (2.5325, 15.8937)
    450 (10.7657, 0.017691) -> 2559 (8.7862, -0.132456)
    451 (16.3176, 6.67907) -> 679 (15.1887, 5.50315)
    452 (3.72917, -5.83877) -> 2882 (2.95941, -4.7652)
    453 (0.557441, 8.54647) -> 2852 (0.0784125, 10.194)
    454 (13.2159, -1.17682) -> 2906 (11.8732, -2.29996)
    455 (10.4482, 23.4132) -> 1382 (8.97256, 23.8797)
    456 (13.9331, -2.42966) -> 2836 (12.4253, -1.50257)
    457 (0.956771, 22.8917) -> 946 (0.343364, 21.2678)
    458 (0.625334, 21.0057) -> 299 (2.07978, 20.7851)
    459 (22.6572, 16.4866) -> 2055 (21.6047, 18.1254)
    460 (11.1496, 8.63407) -> 1154 (10.0349, 7.09625)
    461 (4.07231, -8.2681) -> 95 (3.30265, -6.49106)
    462 (19.4006, 2.39185) -> 2928 (17.7229, 1.92333)
    463 (22.3645, 24.6647) -> 2819 (20.4468, 24.733)
    464 (6.71438, -7.18606) -> 2567 (5.15734, -6.49416)
    465 (13.4494, 18.998) -> 1671 (13.0217, 20.847)
    466 (22.2228, 21.7107) -> 2744 (21.8303, 23.4239)
    467 (17.9812, 1.02995) -> 2966 (16.5919, -0.00186663)
    468 (21.2882, -8.0037) -> 1940 (19.5387, -8.15839)
    469 (0.216664, -0.638837) -> 2115 (2.01925, 0.0284062)
    470 (17.7676, 15.2797) -> 1896 (18.3902, 16.9504)
    471 (0.283104, 23.558) -> 1437 (0.570472, 21.6349)
    472 (24.4041, 21.6251) -> 620 (23.2404, 23.0285)
    473 (15.2859, 15.7686) -> 2765 (14.8114, 17.2619)
    474 (6.4139, -6.26273) -> 2467 (5.22412, -4.78301)
    475 (12.5699, 4.2519) -> 2304 (10.9004, 3.18459)
    476 (19.2554, 0.927568) -> 2030 (17.3588, 1.21895)
    477 (13.8274, 24.8484) -> 2165 (12.3481, 23.9304)
    478 (9.80704, 19.5921) -> 1923 (8.35638, 19.8703)
    479 (20.2049, 8.63424) -> 2241 (18.948, 7.08434)
    480 (23.6184, 21.4949) -> 2746 (22.0397, 22.4634)
    481 (17.5249, 2.87874) -> 1913 (17.3449, 1.14436)
    482 (24.1962, 22.5866) -> 2281 (23.3607, 23.9874)
    483 (11.348, 7.13421) -> 2703 (10.9928, 5.18163)
    484 (13.1919, 7.62495) -> 1392 (13.0213, 6.0461)
    485 (9.82918, 2.69911) -> 2712 (8.29496, 2.94019)
    486 (0.0601688, 0.429556) -> 2952 (0.974589, 2.19096)
    487 (3.92133, 23.5741) -> 2709 (3.7228, 21.8826)
    488 (0.923908, 6.16841) -> 2708 (2.52758, 5.73559)
    489 (16.598, 23.0482) -> 2993 (15.6542, 24.4811)
    490 (21.4468, 12.8622) -> 1740 (21.6277, 14.5853)
    491 (20.7248, 17.7398) -> 1334 (20.1513, 19.3186)
    492 (18.3146, -10.6094) -> 1711 (17.2447, -9.01388)
    493 (1.43604, -3.8506) -> 1834 (0.968362, -1.99432)
    494 (23.6207, -9.1486) -> 2063 (21.7523, -9.35195)
    495 (23.8694, 8.31371) -> 1325 (24.7374, 6.86559)
    496 (0.710868, -1.89963) -> 2655 (1.78522, -0.230983)
    497 (23.5117, 20.5073) -> 2173 (21.7973, 21.4016)
    498 (21.564, 9.42631) -> 1619 (22.4553, 7.65226)
    499 (5.97224, 21.6665) -> 787 (4.67466, 23.0981)
    500 (1.5111, 2.08283) -> 2166 (0.567551, 3.81367)
    501 (22.3383, 19.856) -> 2158 (21.6182, 21.7092)
    502 (19.6999, 23.0925) -> 1051 (17.8869, 23.3358)
    503 (17.9635, 3.06433) -> 2030 (17.3588, 1.21895)
    504 (21.5381, -11.3794) -> 2593 (19.6958, -10.8973)
    505 (2.5325, 15.8937) -> 0 (1, 15)
    506 (24.1515, 1.11142) -> 2659 (22.7234, 0.268699)
    507 (2.20973, 14.3908) -> 0 (1, 15)
    508 (9.55791, 16.7515) -> 2779 (8.95833, 18.4359)
    509 (13.9375, 3.05206) -> 2400 (12.4279, 1.76499)
    510 (6.19843, 11.6157) -> 1733 (4.30663, 11.1635)
    511 (23.713, -4.6938) -> 2041 (21.9335, -3.80608)
    512 (16.2712, 5.54198) -> 2626 (14.8418, 4.45829)
    513 (14.9337, -3.66395) -> 2116 (13.1728, -4.40898)
    514 (20.0565, 4.87115) -> 1631 (18.679, 3.61685)
    515 (11.4635, 18.7105) -> 2855 (9.8706, 19.636)
    516 (20.2845, 11.6194) -> 1405 (21.6921, 12.7151)
    517 (10.8199, 8.97987) -> 483 (11.348, 7.13421)
    518 (15.8447, 21.1961) -> 2754 (14.9448, 22.6215)
    519 (19.8682, 21.2003) -> 2351 (18.9467, 22.6089)
    520 (21.1158, -12.484) -> 1092 (19.2128, -12.2369)
    521 (15.1039, 8.4906) -> 1229 (15.4654, 6.64615)
    522 (15.2697, 15.7637) -> 2765 (14.8114, 17.2619)
    523 (12.4766, 8.81307) -> 2631 (13.5105, 7.1703)
    524 (22.8269, 14.9248) -> 1835 (22.5173, 16.8282)
    525 (20.9645, -11.9788) -> 1092 (19.2128, -12.2369)
    526 (20.6407, 21.2988) -> 2131 (18.7426, 21.8006)
    527 (6.94201, -2.05999) -> 2299 (5.02074, -1.86497)
    528 (20.0929, 1.8206) -> 2390 (19.0752, 0.321736)
    529 (24.4814, 17.7429) -> 2645 (24.3284, 19.5918)
    530 (0.24358, 19.4762) -> 38 (1.23089, 18.9775)
    531 (14.8189, 6.80802) -> 1392 (13.0213, 6.0461)
    532 (5.72372, -9.01874) -> 2776 (4.13632, -9.56884)
    533 (21.7855, -0.118381) -> 2236 (20.1072, -0.65222)
    534 (8.46566, 17.4535) -> 2031 (7.18095, 18.8578)
    535 (18.4137, 11.3292) -> 2898 (19.1695, 13.0623)
    536 (6.41915, 24.0568) -> 639 (5.42032, 22.5731)
    537 (0.012677, -5.70767) -> 2689 (1.40976, -4.54899)
    538 (10.9287, 8.84884) -> 1154 (10.0349, 7.09625)
    539 (14.6228, 15.077) -> 1736 (15.3845, 16.3087)
    540 (13.7224, 5.65384) -> 1660 (12.7376, 4.00916)
    541 (16.8795, 19.5186) -> 2197 (17.4782, 21.0349)
    542 (22.276, 0.285017) -> 2205 (21.7695, -1.33219)
    543 (6.96564, 16.7495) -> 2683 (5.22511, 17.7034)
    544 (13.7085, 4.81386) -> 1602 (12.0834, 3.76042)
    545 (12.6352, -7.87153) -> 2126 (10.7093, -7.94708)
    546 (24.8704, 17.722) -> 2645 (24.3284, 19.5918)
    547 (20.9184, 2.02979) -> 1606 (19.8722, 0.740209)
    548 (18.7086, 14.2941) -> 1520 (18.4672, 15.7915)
    549 (17.4794, -6.46131) -> 2441 (17.2848, -8.12707)
    550 (14.6432, -10.77) -> 1677 (13.314, -9.58479)
    551 (19.9314, 7.10109) -> 2106 (19.8159, 5.23246)
    552 (7.51641, 5.14949) -> 2314 (5.93943, 6.36229)
    553 (3.36022, 21.411) -> 299 (2.07978, 20.7851)
    554 (20.9847, -5.91132) -> 1232 (19.4401, -6.95613)
    555 (1.59842, -7.86882) -> 2793 (2.72707, -6.38662)
    556 (23.0824, -11.3541) -> 2302 (21.2742, -10.8567)
    557 (5.07219, 9.17098) -> 1625 (3.33201, 10.1356)
    558 (23.052, -10.5901) -> 1174 (21.6926, -11.4308)
    559 (0.992823, 16.2469) -> 0 (1, 15)
    560 (5.31693, -3.48245) -> 2143 (4.275, -2.07248)
    561 (14.7775, 4.40268) -> 60 (12.8608, 4.17402)
    562 (8.70456, -11.99) -> 2602 (7.94045, -10.2425)
    563 (6.51408, -3.78524) -> 2780 (6.81889, -1.90859)
    564 (21.9452, 24.9889) -> 2744 (21.8303, 23.4239)
    565 (17.6932, 12.0936) -> 2898 (19.1695, 13.0623)
    566 (10.8362, -9.3221) -> 2572 (8.94767, -9.43669)
    567 (16.4925, 17.1874) -> 1114 (17.0599, 18.3505)
    568 (20.7469, 12.6572) -> 1949 (20.9398, 14.4862)
    569 (2.69738, 7.65257) -> 1822 (1.49489, 9.14977)
    570 (13.0461, -10.5487) -> 2565 (12.1046, -8.85427)
    571 (6.27644, -3.61203) -> 2780 (6.81889, -1.90859)
    572 (15.6138, 21.0372) -> 1031 (13.7572, 21.6052)
    573 (1.23755, -8.52122) -> 2832 (0.256919, -6.92089)
    574 (0.912514, 9.14584) -> 2852 (0.0784125, 10.194)
    575 (16.5102, -11.3808) -> 2784 (14.9608, -12.0446)
    576 (18.3707, 16.0223) -> 1937 (19.4685, 17.4176)
    577 (17.3163, -11.1677) -> 1690 (15.7377, -9.99302)
    578 (16.6228, 13.7541) -> 2996 (16.9637, 15.5363)
    579 (17.7166, -7.50984) -> 2403 (17.0289, -8.85724)
    580 (17.083, 21.0843) -> 2661 (16.7998, 23.062)
    581 (11.5804, 16.5034) -> 2849 (11.9967, 18.2106)
    582 (6.43142, 21.5094) -> 2914 (5.37209, 22.849)
    583 (7.16229, -10.4259) -> 2613 (5.28271, -10.1825)
    584 (18.7911, -11.6275) -> 1355 (16.9459, -12.232)
    585 (19.0169, 3.26281) -> 2928 (17.7229, 1.92333)
    586 (16.1373, 22.201) -> 2308 (15.3884, 23.5795)
    587 (13.498, -5.16578) -> 1478 (11.8351, -4.58027)
    588 (2.39802, 10.4467) -> 1088 (1.80676, 11.6622)
    589 (4.7393, 10.9208) -> 5 (3.00076, 9.95189)
    590 (7.85261, -9.03441) -> 2740 (6.24863, -8.02116)
    591 (15.8064, -9.41292) -> 1672 (14.2157, -10.208)
    592 (16.6401, 21.9058) -> 2754 (14.9448, 22.6215)
    593 (18.2102, -4.16044) -> 1575 (16.7042, -5.0474)
    594 (24.3146, 18.3242) -> 1985 (24.3836, 20.3119)
    595 (21.0412, 22.5972) -> 2078 (19.9445, 23.9611)
    596 (17.2382, -1.13697) -> 1974 (16.5725, -2.84701)
    597 (6.95938, 9.15301) -> 2649 (5.03349, 9.67915)
    598 (4.07813, 20.8059) -> 299 (2.07978, 20.7851)
    599 (11.6785, 22.9399) -> 2702 (10.6692, 23.6865)
    600 (24.6493, 5.92765) -> 1958 (23.6765, 4.52058)
    601 (8.66151, 5.6117) -> 2341 (6.8167, 5.10041)
    602 (17.1255, 20.2468) -> 1166 (15.5255, 21.4012)
    603 (19.2042, 12.9767) -> 2171 (19.4502, 14.8945)
    604 (22.277, 10.7734) -> 2386 (22.6603, 12.7105)
    605 (24.2382, -7.83729) -> 2738 (22.9138, -7.44209)
    606 (17.2433, -2.61616) -> 2509 (16.8715, -4.49759)
    607 (8.86645, -9.42634) -> 2336 (7.25502, -8.59252)
    608 (4.86667, 24.6939) -> 2914 (5.37209, 22.849)
    609 (12.4411, 4.24598) -> 2304 (10.9004, 3.18459)
    610 (21.8383, -5.28614) -> 2531 (21.1986, -6.91536)
    611 (11.9574, 23.3063) -> 1682 (10.5655, 24.709)
    612 (9.46761, 4.61476) -> 11 (7.53165, 4.28286)
    613 (14.8748, -2.08732) -> 2932 (13.6025, -3.55019)
    614 (5.51419, -4.40709) -> 2807 (4.18979, -3.06998)
    615 (24.0823, 13.2165) -> 2597 (22.7165, 14.6159)
    616 (9.14707, 16.0505) -> 19 (8.46963, 17.8562)
    617 (24.1527, 2.85323) -> 1438 (23.3142, 1.15395)
    618 (12.2139, -2.03965) -> 1431 (10.4269, -1.3875)
    619 (15.5819, 8.97141) -> 2975 (14.9542, 7.10593)
    620 (23.2404, 23.0285) -> 1331 (21.5329, 24.0005)
    621 (15.6163, 5.69975) -> 2585 (14.4356, 4.47488)
    622 (21.2164, -6.11198) -> 1232 (19.4401, -6.95613)
    623 (24.0861, -11.6298) -> 2632 (22.4045, -11.1545)
    624 (3.54708, 21.9234) -> 299 (2.07978, 20.7851)
    625 (22.604, 23.7537) -> 1315 (20.7197, 23.8445)
    626 (11.2865, -2.80063) -> 1938 (9.7112, -3.50305)
    627 (3.88017, 1.612) -> 2792 (2.17143, 2.39937)
    628 (16.3872, -8.49724) -> 2877 (15.0966, -8.98932)
    629 (1.32495, 6.46113) -> 2734 (0.213407, 7.14694)
    630 (24.0007, 11.4597) -> 1850 (24.012, 13.4574)
    631 (3.90183, 14.0287) -> 2758 (2.074, 14.3394)
    632 (4.65627, -0.125269) -> 2874 (2.99237, 0.898252)
    633 (15.7177, -10.7756) -> 2405 (13.8161, -10.5581)
    634 (16.5139, 12.3473) -> 2763 (18.2918, 13.1062)
    635 (2.10718, -5.94815) -> 2671 (0.714879, -4.91616)
    636 (20.6726, 2.9634) -> 1118 (19.8076, 1.37016)
    637 (3.72128, -5.50378) -> 2706 (4.07757, -4.1114)
    638 (6.26398, 2.83347) -> 2651 (4.49641, 3.26173)
    639 (5.42032, 22.5731) -> 624 (3.54708, 21.9234)
    640 (7.07449, 13.2727) -> 1978 (5.489, 14.088)
    641 (22.9537, 5.0053) -> 2808 (20.9846, 5.34929)
    642 (11.9975, -5.729) -> 2262 (10.0759, -5.76739)
    643 (17.7458, -12.4048) -> 2451 (16.3223, -11.8559)
    644 (19.5095, 4.73916) -> 2658 (18.8223, 2.99337)
    645 (22.3261, 3.31139) -> 1840 (22.1796, 1.73885)
    646 (1.61125, 21.3176) -> 2970 (2.36884, 19.48)
    647 (1.23548, 0.676717) -> 2923 (0.0271295, 2.23116)
    648 (19.9824, -6.11179) -> 75 (18.2376, -5.74407)
    649 (1.44182, 6.72841) -> 2203 (1.11638, 8.58912)
    650 (13.8899, 4.28534) -> 1602 (12.0834, 3.76042)
    651 (20.3074, 20.4779) -> 1535 (19.5701, 21.6556)
    652 (1.43317, 6.23808) -> 2734 (0.213407, 7.14694)
    653 (5.29422, -3.05167) -> 806 (3.34671, -3.22365)
    654 (7.29601, 13.9554) -> 1130 (5.72773, 15.0558)
    655 (0.339446, 5.14775) -> 1743 (1.50849, 6.72029)
    656 (7.36315, 23.7287) -> 1399 (5.78894, 24.0733)
    657 (8.21798, 23.3974) -> 536 (6.41915, 24.0568)
    658 (14.2103, -7.24852) -> 2890 (13.1597, -5.66985)
    659 (24.6727, 6.90517) -> 1472 (23.6411, 5.31782)
    660 (9.84006, 6.04823) -> 2920 (8.28074, 5.46077)
    661 (14.6483, -5.22747) -> 2355 (13.5323, -3.60567)
    662 (15.5697, 0.363109) -> 2189 (13.8137, 0.843094)
    663 (6.07147, 1.90184) -> 2633 (4.6467, 2.72766)
    664 (9.00543, 24.3941) -> 1601 (7.41611, 24.8994)
    665 (8.73216, 16.1167) -> 2105 (6.98163, 16.7704)
    666 (21.8732, 1.06801) -> 2178 (21.3657, -0.762394)
    667 (3.61261, -4.80357) -> 696 (3.01808, -3.09924)
    668 (0.540593, -7.61859) -> 537 (0.012677, -5.70767)
    669 (9.78773, 16.9958) -> 2779 (8.95833, 18.4359)
    670 (6.17388, 24.7696) -> 2678 (4.2014, 24.4689)
    671 (16.0539, 14.3189) -> 2996 (16.9637, 15.5363)
    672 (24.9487, -7.57431) -> 1854 (23.2114, -8.32072)
    673 (15.4027, -10.1915) -> 2162 (13.4495, -9.89141)
    674 (11.989, -5.86652) -> 2262 (10.0759, -5.76739)
    675 (8.1865, -8.39165) -> 2740 (6.24863, -8.02116)
    676 (24.4739, 10.2059) -> 2950 (23.7513, 8.4976)
    677 (18.5956, -7.15248) -> 2441 (17.2848, -8.12707)
    678 (6.55565, 5.63564) -> 1017 (4.93345, 5.4626)
    679 (15.1887, 5.50315) -> 1165 (13.8741, 4.02392)
    680 (23.8752, 16.0594) -> 2571 (22.3985, 17.3691)
    681 (7.27846, 18.6658) -> 1920 (6.38062, 20.3554)
    682 (24.6678, -11.8701) -> 1468 (22.9521, -11.9013)
    683 (17.4545, -2.86086) -> 2509 (16.8715, -4.49759)
    684 (7.11582, 10.922) -> 2953 (5.37265, 11.7804)
    685 (23.9573, 1.07884) -> 2659 (22.7234, 0.268699)
    686 (9.24482, -7.29935) -> 1199 (7.45341, -6.82769)
    687 (13.3206, 22.6493) -> 2165 (12.3481, 23.9304)
    688 (18.7092, 23.4465) -> 2661 (16.7998, 23.062)
    689 (22.7616, 17.0151) -> 1545 (22.0823, 18.7204)
    690 (5.51779, -0.812348) -> 2185 (4.13609, 0.232024)
    691 (18.6732, -9.09709) -> 2403 (17.0289, -8.85724)
    692 (21.1977, 14.0756) -> 2681 (22.4993, 15.5527)
    693 (6.52758, 19.8937) -> 2600 (4.56647, 20.0386)
    694 (2.24849, -7.42058) -> 2112 (1.53068, -5.83774)
    695 (23.9589, -1.75419) -> 1277 (23.74, -3.4981)
    696 (3.01808, -3.09924) -> 2280 (2.02947, -1.41946)
    697 (2.36555, 9.56362) -> 1763 (2.29168, 11.3677)
    698 (7.71089, 1.46651) -> 989 (6.14402, 1.55164)
    699 (2.95853, -7.97796) -> 1230 (3.63116, -6.29048)
    700 (5.48875, -9.08978) -> 2740 (6.24863, -8.02116)
    701 (14.2131, 12.6599) -> 2442 (15.8771, 13.0591)
    702 (22.6486, 6.60981) -> 1189 (21.0131, 5.71443)
    703 (21.8763, -11.5417) -> 1886 (20.208, -10.8911)
    704 (7.5937, -5.66523) -> 2737 (7.0136, -7.13119)
    705 (10.7555, -3.61501) -> 1746 (9.96118, -2.40606)
    706 (5.86005, 18.2918) -> 1838 (4.01014, 18.681)
    707 (4.20593, -9.41687) -> 2586 (5.15788, -8.26121)
    708 (18.171, 14.0473) -> 2065 (19.486, 15.2966)
    709 (3.41421, -0.802135) -> 2874 (2.99237, 0.898252)
    710 (15.8448, -10.3878) -> 1672 (14.2157, -10.208)
    711 (13.3314, 15.9934) -> 2765 (14.8114, 17.2619)
    712 (20.368, 0.979946) -> 2750 (18.5524, 1.39281)
    713 (8.79707, 15.4604) -> 1557 (7.95022, 16.8341)
    714 (24.8868, 2.2827) -> 1438 (23.3142, 1.15395)
    715 (6.31505, 10.7779) -> 164 (4.63718, 9.96981)
    716 (0.196625, -3.59089) -> 2714 (0.514044, -1.96505)
    717 (11.031, 5.46573) -> 612 (9.46761, 4.61476)
    718 (8.32293, -4.89439) -> 2690 (7.07893, -6.06055)
    719 (6.59751, -5.13806) -> 1180 (5.48786, -3.69883)
    720 (21.1604, 18.5319) -> 1639 (19.9924, 19.9295)
    721 (3.57672, -4.07186) -> 2684 (4.38397, -2.54231)
    722 (24.145, 3.58618) -> 2196 (23.4485, 2.44902)
    723 (13.7626, -4.01464) -> 2561 (12.1773, -5.1114)
    724 (4.88608, -10.7378) -> 2939 (5.05918, -8.97215)
    725 (10.7432, -5.56457) -> 1521 (9.88784, -7.22667)
    726 (13.4151, -5.06911) -> 1478 (11.8351, -4.58027)
    727 (23.4004, 12.6728) -> 1364 (22.8346, 14.5483)
    728 (3.95399, -9.02183) -> 2794 (4.55197, -7.17925)
    729 (14.0213, 14.006) -> 221 (14.3581, 15.9421)
    730 (18.7576, -5.96037) -> 56 (17.5074, -7.29303)
    731 (23.3709, -10.1373) -> 2641 (21.7022, -10.9278)
    732 (11.9813, 22.1548) -> 455 (10.4482, 23.4132)
    733 (16.8531, 20.9668) -> 2499 (16.3983, 22.5899)
    734 (2.98721, 2.08973) -> 1554 (1.64764, 3.46875)
    735 (7.80853, 7.64057) -> 2114 (5.82291, 7.66949)
    736 (9.00169, 1.52218) -> 2325 (7.19702, 1.0983)
    737 (1.2666, 4.39705) -> 2708 (2.52758, 5.73559)
    738 (10.6641, -9.06783) -> 2572 (8.94767, -9.43669)
    739 (15.8114, 23.9218) -> 1360 (14.1345, 24.7547)
    740 (16.9972, -7.4906) -> 1802 (15.248, -7.45182)
    741 (16.0373, -6.87711) -> 2469 (15.0194, -8.53583)
    742 (20.1881, -11.6394) -> 2276 (18.906, -10.1881)
    743 (21.5761, 7.15663) -> 2816 (20.9134, 5.30523)
    744 (23.2078, -9.66252) -> 2641 (21.7022, -10.9278)
    745 (0.132936, 14.2321) -> 0 (1, 15)
    746 (2.23732, -11.845) -> 2859 (3.27753, -10.3653)
    747 (15.9559, 3.19741) -> 2209 (14.3878, 2.67938)
    748 (18.9141, 10.2953) -> 1954 (19.6783, 8.64444)
    749 (22.7537, 24.7301) -> 2744 (21.8303, 23.4239)
    750 (7.08076, 8.5696) -> 1598 (5.13605, 8.93506)
    751 (16.1519, -10.4086) -> 1672 (14.2157, -10.208)
    752 (12.3569, 0.246887) -> 36 (10.7045, -0.143955)
    753 (1.75918, 15.0483) -> 207 (0.989785, 13.2397)
    754 (0.787678, 3.36364) -> 2268 (1.8089, 4.75972)
    755 (15.3912, 5.55022) -> 1590 (13.8324, 5.01404)
    756 (7.67578, -2.12657) -> 2864 (6.92027, -0.366533)
    757 (12.8718, -10.3244) -> 2044 (11.2318, -9.31951)
    758 (23.1744, 8.19302) -> 1780 (22.571, 6.54735)
    759 (16.8978, -0.794669) -> 2686 (16.5015, -2.69285)
    760 (20.5965, 7.42739) -> 2422 (20.4559, 5.49469)
    761 (0.0471373, 23.4959) -> 2805 (0.278337, 21.5192)
    762 (6.48564, -1.4858) -> 2137 (5.34789, 0.0971793)
    763 (0.878644, -0.411456) -> 2558 (0.0297698, 0.95207)
    764 (20.9922, 20.354) -> 1535 (19.5701, 21.6556)
    765 (15.6732, 8.76127) -> 154 (16.1876, 6.87461)
    766 (17.1727, 8.99311) -> 2956 (15.8502, 7.75282)
    767 (20.8587, 13.6429) -> 2751 (21.1918, 14.9231)
    768 (17.4011, 0.380232) -> 662 (15.5697, 0.363109)
    769 (1.67732, 24.722) -> 2806 (0.449267, 23.3741)
    770 (23.8146, 2.15637) -> 2163 (22.7054, 0.668156)
    771 (2.4052, 4.13219) -> 2190 (1.40811, 5.4213)
    772 (14.673, -1.0301) -> 2307 (13.1281, -1.58332)
    773 (23.7843, 15.9888) -> 1367 (22.0395, 16.9107)
    774 (4.13536, 7.62694) -> 2138 (2.52342, 8.67357)
    775 (8.05964, 17.674) -> 1858 (6.23479, 17.1677)
    776 (16.7439, -0.085089) -> 2820 (17.0313, -1.94047)
    777 (7.96547, 20.7418) -> 834 (6.0648, 20.9953)
    778 (1.4149, 15.8327) -> 0 (1, 15)
    779 (20.4278, -3.0593) -> 2717 (18.5468, -2.5929)
    780 (13.1215, 21.1991) -> 909 (11.8638, 22.572)
    781 (16.7581, 20.0395) -> 1166 (15.5255, 21.4012)
    782 (16.2635, -12.1451) -> 2784 (14.9608, -12.0446)
    783 (22.4874, 2.92114) -> 1438 (23.3142, 1.15395)
    784 (8.06528, -6.6547) -> 2263 (6.51195, -6.0457)
    785 (10.3989, -0.888706) -> 2559 (8.7862, -0.132456)
    786 (8.54595, 19.5372) -> 2453 (7.18274, 20.7681)
    787 (4.67466, 23.0981) -> 1732 (3.05936, 22.2529)
    788 (9.30854, 17.3669) -> 2915 (8.01754, 18.5464)
    789 (10.436, 9.08445) -> 907 (9.65856, 7.26093)
    790 (19.8296, -10.6868) -> 1570 (18.0156, -10.8213)
    791 (0.985273, 24.8178) -> 2806 (0.449267, 23.3741)
    792 (0.814089, -5.256) -> 2673 (0.542211, -3.33237)
    793 (15.912, -9.59885) -> 2093 (13.991, -9.2065)
    794 (15.9191, -5.82902) -> 2305 (14.3459, -4.78259)
    795 (0.832393, -4.33563) -> 2787 (1.34287, -2.4256)
    796 (18.8816, -10.6871) -> 1702 (17.1308, -11.3409)
    797 (7.54469, 14.0311) -> 2743 (5.76597, 13.5045)
    798 (3.68989, 22.7649) -> 2425 (2.19283, 21.6214)
    799 (3.77344, -1.37615) -> 2280 (2.02947, -1.41946)
    800 (15.4776, -8.2615) -> 2093 (13.991, -9.2065)
    801 (7.2197, -12.4833) -> 2606 (7.61463, -11.0441)
    802 (18.3097, 14.5482) -> 2065 (19.486, 15.2966)
    803 (4.24721, 2.04907) -> 1839 (2.60827, 2.36983)
    804 (16.6546, 3.93667) -> 2656 (15.4098, 2.83364)
    805 (15.7026, 10.7311) -> 27 (17.1742, 9.39732)
    806 (3.34671, -3.22365) -> 1749 (2.37284, -1.90888)
    807 (20.3915, 17.6927) -> 1334 (20.1513, 19.3186)
    808 (11.9184, 1.46789) -> 2940 (10.0165, 1.55654)
    809 (12.9065, 8.14446) -> 1010 (12.4594, 6.43054)
    810 (14.3659, -7.99533) -> 1772 (12.7007, -7.92909)
    811 (14.8348, 0.735116) -> 1475 (12.9325, 1.00004)
    812 (13.1386, 16.7511) -> 2849 (11.9967, 18.2106)
    813 (6.97277, -0.49055) -> 2137 (5.34789, 0.0971793)
    814 (3.83344, -7.96654) -> 2793 (2.72707, -6.38662)
    815 (1.90945, 17.9861) -> 13 (0.93811, 16.999)
    816 (6.23008, 2.32073) -> 2651 (4.49641, 3.26173)
    817 (3.84063, 22.4882) -> 2425 (2.19283, 21.6214)
    818 (10.1751, 20.8086) -> 2829 (8.92218, 22.1905)
    819 (6.34887, 17.6562) -> 2141 (4.98046, 18.7969)
    820 (20.8146, 4.99112) -> 2491 (20.5822, 3.11304)
    821 (15.2591, 15.2566) -> 949 (16.216, 16.5874)
    822 (0.838531, 12.308) -> 2636 (1.60082, 13.5391)
    823 (6.27528, -7.01649) -> 2567 (5.15734, -6.49416)
    824 (22.6871, -4.75362) -> 97 (21.1841, -5.76817)
    825 (1.47197, 4.00048) -> 2190 (1.40811, 5.4213)
    826 (11.6961, -8.80695) -> 2139 (10.0548, -8.73615)
    827 (11.6493, 9.14312) -> 1823 (13.2019, 8.21066)
    828 (13.8643, 11.2538) -> 1666 (15.4821, 10.2759)
    829 (3.53779, 24.3747) -> 984 (1.96728, 24.0427)
    830 (17.397, -0.803713) -> 2123 (15.6481, -1.47025)
    831 (20.1218, -4.19341) -> 379 (18.4906, -4.74891)
    832 (15.0886, -4.00507) -> 2116 (13.1728, -4.40898)
    833 (1.13138, -12.0137) -> 1518 (2.50838, -11.094)
    834 (6.0648, 20.9953) -> 598 (4.07813, 20.8059)
    835 (0.16517, -1.0836) -> 2252 (0.266027, 0.672263)
    836 (2.50587, 2.87958) -> 2704 (1.50556, 3.84496)
    837 (12.4054, 0.659101) -> 36 (10.7045, -0.143955)
    838 (24.1928, -11.8644) -> 2632 (22.4045, -11.1545)
    839 (10.6775, 24.9158) -> 1382 (8.97256, 23.8797)
    840 (11.2414, 0.811495) -> 2188 (9.40898, 1.34072)
    841 (8.82804, 22.8711) -> 1742 (7.1658, 22.9962)
    842 (9.67087, 4.76197) -> 2862 (7.76281, 4.98802)
    843 (3.28671, -8.67736) -> 2794 (4.55197, -7.17925)
    844 (12.1357, -11.2641) -> 852 (11.3692, -9.49843)
    845 (0.844797, -7.54326) -> 2112 (1.53068, -5.83774)
    846 (8.92525, 4.42175) -> 935 (6.94063, 4.19182)
    847 (20.7554, 18.3952) -> 939 (20.454, 20.0121)
    848 (13.5278, -8.95445) -> 1979 (13.7096, -7.02411)
    849 (14.47, 12.5386) -> 954 (16.0908, 13.4706)
    850 (20.4179, -5.28468) -> 1232 (19.4401, -6.95613)
    851 (2.99917, -11.9814) -> 2859 (3.27753, -10.3653)
    852 (11.3692, -9.49843) -> 2139 (10.0548, -8.73615)
    853 (13.3926, -9.69809) -> 1772 (12.7007, -7.92909)
    854 (2.10106, 1.82414) -> 2745 (2.11799, 3.57864)
    855 (3.19318, 3.66829) -> 2268 (1.8089, 4.75972)
    856 (23.6837, -5.15363) -> 1387 (21.9863, -6.17469)
    857 (4.39056, -10.5394) -> 2939 (5.05918, -8.97215)
    858 (6.64922, 24.8481) -> 2492 (4.88384, 24.5708)
    859 (9.95871, 9.96001) -> 1831 (9.65417, 8.37919)
    860 (21.8745, 2.95608) -> 2767 (20.418, 1.85091)
    861 (5.47456, -8.42944) -> 1215 (5.26292, -6.47716)
    862 (24.4281, 1.10893) -> 2659 (22.7234, 0.268699)
    863 (6.34578, 13.5229) -> 2278 (4.47375, 14.1717)
    864 (2.60178, -9.98614) -> 2967 (1.95613, -8.29148)
    865 (11.221, -10.2409) -> 2139 (10.0548, -8.73615)
    866 (13.716, 15.1928) -> 2023 (14.8264, 16.5349)
    867 (17.5109, 18.9608) -> 1299 (16.5651, 20.5191)
    868 (17.5492, -12.173) -> 2053 (15.983, -11.3838)
    869 (8.61134, -4.95711) -> 2690 (7.07893, -6.06055)
    870 (15.9729, 12.2268) -> 2013 (17.4523, 10.9138)
    871 (23.3275, -3.18025) -> 1646 (22.9131, -4.9958)
    872 (9.83105, 2.32502) -> 2175 (8.23087, 1.19983)
    873 (12.6353, 3.87495) -> 2304 (10.9004, 3.18459)
    874 (1.6512, 22.5478) -> 1220 (1.2693, 20.8513)
    875 (11.8442, 4.06304) -> 1291 (10.4329, 2.9747)
    876 (14.5557, 9.75484) -> 962 (15.0517, 8.06215)
    877 (24.5001, 23.3468) -> 2592 (23.6232, 21.6578)
    878 (2.3523, -8.48678) -> 2936 (3.57539, -7.37131)
    879 (18.4005, 6.74913) -> 2474 (17.6656, 4.9465)
    880 (11.8275, 1.89099) -> 260 (10.016, 1.51564)
    881 (18.2493, -3.69499) -> 1974 (16.5725, -2.84701)
    882 (8.66478, 0.125605) -> 2965 (7.19498, 0.455284)
    883 (16.5556, 4.26666) -> 2656 (15.4098, 2.83364)
    884 (3.05725, -7.15379) -> 2480 (1.54805, -6.2158)
    885 (6.88718, -6.43398) -> 2567 (5.15734, -6.49416)
    886 (15.5657, 18.225) -> 1712 (14.4902, 19.6077)
    887 (21.2429, 23.6507) -> 2583 (19.3963, 24.1095)
    888 (13.814, -0.0610538) -> 2180 (11.9349, 0.250989)
    889 (11.759, 3.31499) -> 2128 (10.49, 2.12267)
    890 (15.3452, 21.242) -> 1031 (13.7572, 21.6052)
    891 (5.56612, -3.74881) -> 309 (3.69917, -3.24922)
    892 (21.5688, 13.4229) -> 2751 (21.1918, 14.9231)
    893 (5.7752, 4.66461) -> 53 (3.78911, 4.63507)
    894 (21.5901, -1.97742) -> 2908 (20.3762, -3.50279)
    895 (19.781, 17.9633) -> 2210 (18.3485, 18.7673)
    896 (14.6837, -11.457) -> 2162 (13.4495, -9.89141)
    897 (4.79042, -10.3096) -> 2221 (5.12292, -8.44702)
    898 (20.926, 14.3366) -> 1651 (21.0596, 16.2259)
    899 (6.74591, -10.1923) -> 2336 (7.25502, -8.59252)
    900 (5.90307, 15.185) -> 112 (3.96648, 15.4534)
    901 (13.5813, 6.42694) -> 228 (12.5947, 4.87573)
    902 (13.7705, 8.23834) -> 901 (13.5813, 6.42694)
    903 (2.8895, 0.321343) -> 1445 (1.97485, 2.05564)
    904 (23.8819, -8.93216) -> 2713 (22.1314, -8.22196)
    905 (5.69313, -0.948623) -> 2185 (4.13609, 0.232024)
    906 (2.97388, -9.80088) -> 2967 (1.95613, -8.29148)
    907 (9.65856, 7.26093) -> 2412 (8.32189, 5.91993)
    908 (0.627209, 8.49934) -> 2852 (0.0784125, 10.194)
    909 (11.8638, 22.572) -> 2702 (10.6692, 23.6865)
    910 (4.21935, -6.80143) -> 2793 (2.72707, -6.38662)
    911 (1.95874, -5.82213) -> 2666 (1.51298, -3.91264)
    912 (23.1945, 3.50586) -> 1787 (21.4283, 3.25986)
    913 (11.411, 7.79595) -> 1540 (10.8393, 6.0903)
    914 (8.59232, 21.0253) -> 2453 (7.18274, 20.7681)
    915 (3.75693, 5.11654) -> 2708 (2.52758, 5.73559)
    916 (21.0422, 16.0384) -> 2571 (22.3985, 17.3691)
    917 (20.0218, -12.2583) -> 2486 (19.1811, -10.5344)
    918 (11.188, 16.1805) -> 280 (10.8293, 17.9683)
    919 (11.1069, -1.97656) -> 2534 (9.53029, -1.4198)
    920 (18.7496, 14.4552) -> 1520 (18.4672, 15.7915)
    921 (7.57224, 10.1549) -> 2224 (5.60233, 9.85234)
    922 (7.96749, 13.7751) -> 1919 (6.3424, 14.5993)
    923 (20.1009, 1.62043) -> 2390 (19.0752, 0.321736)
    924 (7.46046, 1.60874) -> 1821 (5.65091, 1.51682)
    925 (15.0799, 3.05312) -> 2319 (13.4099, 2.09681)
    926 (11.8409, -6.9733) -> 1521 (9.88784, -7.22667)
    927 (21.9636, -2.75423) -> 1572 (20.5085, -3.83661)
    928 (10.3533, 16.9169) -> 1046 (9.74076, 18.7405)
    929 (10.21, 19.7963) -> 1923 (8.35638, 19.8703)
    930 (8.45341, 21.6892) -> 1742 (7.1658, 22.9962)
    931 (2.52429, 6.08115) -> 1004 (2.72162, 8.01911)
    932 (13.6902, 15.9672) -> 251 (14.2397, 17.8161)
    933 (21.3437, 1.14937) -> 2512 (19.9978, -0.255981)
    934 (22.6104, -1.15799) -> 1815 (23.0238, -2.97462)
    935 (6.94063, 4.19182) -> 1558 (5.48681, 4.95086)
    936 (18.3053, 19.5572) -> 2197 (17.4782, 21.0349)
    937 (17.7764, 5.5552) -> 804 (16.6546, 3.93667)
    938 (14.9557, 13.0488) -> 634 (16.5139, 12.3473)
    939 (20.454, 20.0121) -> 1535 (19.5701, 21.6556)
    940 (6.9093, -3.13859) -> 998 (6.18945, -1.41061)
    941 (23.7728, 23.9663) -> 2817 (22.7673, 22.4163)
    942 (16.8243, 10.763) -> 2791 (17.297, 8.95228)
    943 (8.3559, -10.512) -> 2435 (9.09758, -8.68628)
    944 (20.5324, 8.03259) -> 2729 (19.0326, 6.81529)
    945 (15.9009, 15.0299) -> 949 (16.216, 16.5874)
    946 (0.343364, 21.2678) -> 299 (2.07978, 20.7851)
    947 (24.9311, 17.8957) -> 2645 (24.3284, 19.5918)
    948 (7.72845, 13.4133) -> 2743 (5.76597, 13.5045)
    949 (16.216, 16.5874) -> 1114 (17.0599, 18.3505)
    950 (13.5324, -5.46796) -> 1478 (11.8351, -4.58027)
    951 (5.73285, 2.9478) -> 2916 (3.95733, 2.45804)
    952 (5.50969, 12.2659) -> 1825 (3.74657, 13.1839)
    953 (13.9477, 18.0798) -> 2957 (14.3902, 19.8847)
    954 (16.0908, 13.4706) -> 1369 (17.6399, 14.2777)
    955 (8.05902, 18.7492) -> 2685 (6.31205, 19.4249)
    956 (23.3359, 1.01828) -> 247 (21.8803, -0.205272)
    957 (8.54477, 17.4227) -> 2031 (7.18095, 18.8578)
    958 (3.02031, -7.60648) -> 2310 (3.29131, -5.66946)
    959 (22.5904, 13.6999) -> 2681 (22.4993, 15.5527)
    960 (11.6446, 20.6923) -> 1568 (10.5786, 22.1058)
    961 (21.0788, -9.70878) -> 2593 (19.6958, -10.8973)
    962 (15.0517, 8.06215) -> 24 (14.9037, 6.10425)
    963 (3.57904, 2.94167) -> 2745 (2.11799, 3.57864)
    964 (11.3345, 3.50025) -> 2665 (9.63026, 2.4923)
    965 (4.13191, -10.2458) -> 2220 (2.62264, -9.47611)
    966 (22.6973, 10.0151) -> 2810 (22.978, 8.42752)
    967 (21.1511, 15.0429) -> 394 (19.7422, 16.2887)
    968 (14.4832, -1.31524) -> 2307 (13.1281, -1.58332)
    969 (5.97107, 0.791917) -> 2630 (4.87858, 2.37154)
    970 (12.9804, 24.4412) -> 1895 (11.412, 24.3754)
    971 (6.09309, -1.07603) -> 1219 (4.54877, 0.165312)
    972 (22.0653, -3.77808) -> 2908 (20.3762, -3.50279)
    973 (2.95809, 14.9928) -> 0 (1, 15)
    974 (17.3173, 17.2628) -> 2210 (18.3485, 18.7673)
    975 (23.6382, 11.5679) -> 1850 (24.012, 13.4574)
    976 (24.3796, -6.08581) -> 2738 (22.9138, -7.44209)
    977 (0.293581, -6.6062) -> 2410 (1.44098, -5.11074)
    978 (24.7068, 17.429) -> 1956 (23.5083, 18.7057)
    979 (2.25004, -5.38288) -> 2666 (1.51298, -3.91264)
    980 (1.87725, 9.94601) -> 2069 (0.489422, 11.2019)
    981 (15.5252, 14.66) -> 2996 (16.9637, 15.5363)
    982 (10.1486, 17.6767) -> 2855 (9.8706, 19.636)
    983 (5.24237, 1.13439) -> 2916 (3.95733, 2.45804)
    984 (1.96728, 24.0427) -> 2857 (2.28884, 22.2645)
    985 (22.5743, 2.55388) -> 1943 (21.8134, 0.935809)
    986 (7.14322, 20.3214) -> 2818 (5.38157, 20.7261)
    987 (22.4992, 9.8732) -> 758 (23.1744, 8.19302)
    988 (5.41712, 12.5536) -> 2958 (3.57812, 13.1162)
    989 (6.14402, 1.55164) -> 1999 (5.06463, 3.17392)
    990 (5.53707, -7.38174) -> 2936 (3.57539, -7.37131)
    991 (16.7373, -8.84518) -> 2469 (15.0194, -8.53583)
    992 (12.9874, -9.66086) -> 2044 (11.2318, -9.31951)
    993 (0.565008, 1.44908) -> 1695 (1.0444, 3.33315)
    994 (14.6625, -5.65389) -> 1973 (12.8839, -4.84435)
    995 (8.98758, 0.465705) -> 2965 (7.19498, 0.455284)
    996 (12.1468, 19.4882) -> 1605 (11.0223, 21.0103)
    997 (17.5753, 13.2635) -> 2972 (18.9686, 14.1858)
    998 (6.18945, -1.41061) -> 2642 (4.51261, -0.847106)
    999 (4.95615, 0.890627) -> 2916 (3.95733, 2.45804)
    1000 (13.2432, -3.1493) -> 318 (11.3667, -3.66504)
    1001 (17.1403, -1.0994) -> 1629 (15.2739, -0.506557)
    1002 (8.26659, 23.8434) -> 536 (6.41915, 24.0568)
    1003 (13.1187, 22.6917) -> 2165 (12.3481, 23.9304)
    1004 (2.72162, 8.01911) -> 1822 (1.49489, 9.14977)
    1005 (18.5307, 21.5938) -> 2029 (17.6618, 22.9115)
    1006 (2.99064, -11.2836) -> 2220 (2.62264, -9.47611)
    1007 (21.5062, 9.79105) -> 2679 (21.6225, 7.97616)
    1008 (5.07923, 6.93966) -> 2912 (3.69516, 8.22902)
    1009 (8.67093, -5.77958) -> 2690 (7.07893, -6.06055)
    1010 (12.4594, 6.43054) -> 2703 (10.9928, 5.18163)
    1011 (7.58643, 20.403) -> 2438 (5.68802, 20.5951)
    1012 (1.91353, 8.82156) -> 2660 (0.371649, 9.77675)
    1013 (7.09269, 7.8459) -> 2643 (5.52871, 6.70538)
    1014 (13.2619, 6.73195) -> 228 (12.5947, 4.87573)
    1015 (19.8426, 17.9631) -> 2210 (18.3485, 18.7673)
    1016 (23.5367, 17.1925) -> 2331 (23.9766, 18.6029)
    1017 (4.93345, 5.4626) -> 2900 (3.18937, 5.8363)
    1018 (16.4603, 8.25301) -> 1229 (15.4654, 6.64615)
    1019 (13.1747, 8.42384) -> 259 (12.8617, 6.58241)
    1020 (0.161127, -6.60747) -> 2410 (1.44098, -5.11074)
    1021 (16.8266, -8.16426) -> 2877 (15.0966, -8.98932)
    1022 (24.1144, -2.87226) -> 2853 (22.2053, -3.1506)
    1023 (3.43342, 6.46421) -> 2104 (2.69773, 8.09502)
    1024 (4.30886, 20.7141) -> 1681 (2.79944, 20.0678)
    1025 (17.4546, 1.96987) -> 1877 (15.9324, 0.724929)
    1026 (24.373, -5.0032) -> 128 (22.7958, -4.58391)
    1027 (1.19861, 14.6773) -> 190 (0.60755, 13.1418)
    1028 (7.49859, 3.00151) -> 2924 (6.59712, 4.57626)
    1029 (14.5205, 18.719) -> 144 (12.9936, 19.4484)
    1030 (4.49861, 1.6337) -> 1852 (3.12414, 2.4745)
    1031 (13.7572, 21.6052) -> 2459 (12.1271, 22.3891)
    1032 (4.16082, 7.10516) -> 1460 (3.29181, 8.7671)
    1033 (0.984194, -9.52295) -> 2578 (0.710829, -7.74312)
    1034 (9.54825, 2.00073) -> 2175 (8.23087, 1.19983)
    1035 (3.76239, 24.9196) -> 984 (1.96728, 24.0427)
    1036 (19.6331, -10.5924) -> 2100 (17.7989, -10.9221)
    1037 (0.535875, -12.2585) -> 1717 (1.45223, -11.3229)
    1038 (3.98491, 3.5467) -> 2745 (2.11799, 3.57864)
    1039 (10.3675, -11.286) -> 1254 (8.48059, -10.7193)
    1040 (21.3507, 10.9991) -> 2082 (23.1386, 11.8347)
    1041 (8.47706, -1.09005) -> 2780 (6.81889, -1.90859)
    1042 (21.9755, -0.481477) -> 2119 (19.9792, -0.547915)
    1043 (3.41281, -2.88945) -> 1505 (1.86993, -1.75876)
    1044 (4.63752, 9.16831) -> 1915 (2.99704, 9.7428)
    1045 (18.5396, 17.6793) -> 2113 (18.1441, 19.3187)
    1046 (9.74076, 18.7405) -> 1923 (8.35638, 19.8703)
    1047 (7.45005, -7.62994) -> 2690 (7.07893, -6.06055)
    1048 (23.1084, -1.59545) -> 2853 (22.2053, -3.1506)
    1049 (20.0163, 13.41) -> 2751 (21.1918, 14.9231)
    1050 (12.4336, 5.63768) -> 1602 (12.0834, 3.76042)
    1051 (17.8869, 23.3358) -> 2499 (16.3983, 22.5899)
    1052 (0.432575, -1.71114) -> 1500 (0.0277917, 0.103567)
    1053 (22.4041, 11.9038) -> 2051 (23.7807, 13.2185)
    1054 (4.48614, -4.18616) -> 696 (3.01808, -3.09924)
    1055 (9.22143, 21.6333) -> 1495 (7.93327, 20.6941)
    1056 (18.6322, 23.9816) -> 2879 (17.0612, 23.3869)
    1057 (10.6446, -10.7674) -> 2549 (9.12488, -9.67643)
    1058 (15.5946, 4.29401) -> 1926 (14.038, 3.5994)
    1059 (20.5022, 22.5443) -> 2583 (19.3963, 24.1095)
    1060 (0.0854841, -9.38868) -> 668 (0.540593, -7.61859)
    1061 (9.26475, 21.1339) -> 2941 (7.82634, 22.2841)
    1062 (13.3763, 22.9272) -> 2165 (12.3481, 23.9304)
    1063 (9.01392, -3.95009) -> 1824 (8.8124, -2.15213)
    1064 (17.5668, 3.48965) -> 1848 (16.8919, 1.85328)
    1065 (2.51971, 10.2849) -> 1088 (1.80676, 11.6622)
    1066 (10.1094, -3.07602) -> 2368 (8.45799, -2.30196)
    1067 (1.32845, 20.6126) -> 195 (0.786712, 18.9242)
    1068 (23.8107, -4.74777) -> 2298 (22.2793, -4.18328)
    1069 (14.6919, -0.0727968) -> 20 (12.7307, 0.14364)
    1070 (1.61044, -4.95165) -> 2673 (0.542211, -3.33237)
    1071 (8.09704, -6.67679) -> 2263 (6.51195, -6.0457)
    1072 (2.22722, -7.62299) -> 2112 (1.53068, -5.83774)
    1073 (24.858, 10.7364) -> 2766 (23.3228, 9.51996)
    1074 (3.92335, 20.0607) -> 299 (2.07978, 20.7851)
    1075 (10.5969, -10.5667) -> 2572 (8.94767, -9.43669)
    1076 (24.1493, -6.68261) -> 1552 (22.5737, -7.02488)
    1077 (13.7467, 0.161261) -> 2180 (11.9349, 0.250989)
    1078 (11.7766, 22.0485) -> 2702 (10.6692, 23.6865)
    1079 (0.236132, 18.492) -> 13 (0.93811, 16.999)
    1080 (21.0916, -5.14148) -> 1761 (20.7413, -6.95555)
    1081 (12.9942, 18.0557) -> 996 (12.1468, 19.4882)
    1082 (2.63229, 4.33351) -> 2190 (1.40811, 5.4213)
    1083 (8.02801, -2.62912) -> 2411 (7.62237, -0.73429)
    1084 (11.6077, -1.78746) -> 2533 (9.91871, -0.994998)
    1085 (15.0025, -4.57212) -> 2355 (13.5323, -3.60567)
    1086 (20.15, -2.40027) -> 1517 (18.6691, -3.64412)
    1087 (11.1366, -6.79051) -> 686 (9.24482, -7.29935)
    1088 (1.80676, 11.6622) -> 190 (0.60755, 13.1418)
    1089 (18.6275, 15.1521) -> 1896 (18.3902, 16.9504)
    1090 (9.5662, -4.84024) -> 2257 (7.64296, -4.30629)
    1091 (24.4907, 16.6141) -> 1835 (22.5173, 16.8282)
    1092 (19.2128, -12.2369) -> 1586 (17.3263, -12.0899)
    1093 (20.4454, -9.50453) -> 2773 (18.8878, -10.3185)
    1094 (22.8994, 1.00872) -> 1432 (21.559, -0.161157)
    1095 (9.67643, 10.1791) -> 1831 (9.65417, 8.37919)
    1096 (12.7064, 9.43429) -> 2842 (13.4426, 7.72522)
    1097 (22.9644, 18.6579) -> 2646 (22.7652, 20.1026)
    1098 (14.3438, 19.1634) -> 2760 (13.2171, 20.5999)
    1099 (0.369057, -11.4734) -> 2208 (0.954355, -9.73949)
    1100 (19.4511, 1.45564) -> 2928 (17.7229, 1.92333)
    1101 (20.4967, 23.5911) -> 1808 (18.877, 24.1289)
    1102 (8.1336, 17.8792) -> 819 (6.34887, 17.6562)
    1103 (22.7298, 3.36897) -> 2384 (23.3107, 1.50326)
    1104 (15.156, -5.85964) -> 1979 (13.7096, -7.02411)
    1105 (9.76289, 10.1122) -> 1831 (9.65417, 8.37919)
    1106 (5.84809, 3.8285) -> 2099 (4.46455, 5.0369)
    1107 (10.7212, -11.095) -> 2337 (9.18419, -10.0825)
    1108 (12.9377, -12.0897) -> 2739 (11.3755, -11.6137)
    1109 (22.7619, 8.91956) -> 2707 (24.4687, 7.9269)
    1110 (7.17213, 11.5828) -> 376 (5.25247, 11.1579)
    1111 (11.1507, -8.92338) -> 2297 (9.28798, -9.14236)
    1112 (0.794088, -2.44487) -> 2716 (1.67779, -0.920349)
    1113 (6.36122, 0.599354) -> 2248 (4.96079, 1.754)
    1114 (17.0599, 18.3505) -> 602 (17.1255, 20.2468)
    1115 (17.3092, 10.474) -> 350 (17.5255, 8.53868)
    1116 (7.36532, 24.4515) -> 1399 (5.78894, 24.0733)
    1117 (22.9971, -11.9832) -> 520 (21.1158, -12.484)
    1118 (19.8076, 1.37016) -> 467 (17.9812, 1.02995)
    1119 (3.26065, -9.6136) -> 2371 (1.57214, -9.47538)
    1120 (9.2193, 20.7487) -> 55 (7.7605, 21.5127)
    1121 (4.3517, -11.6502) -> 2613 (5.28271, -10.1825)
    1122 (14.771, 0.034142) -> 2584 (13.8384, -1.1212)
    1123 (22.0628, 21.1986) -> 2746 (22.0397, 22.4634)
    1124 (17.478, 8.90241) -> 2956 (15.8502, 7.75282)
    1125 (12.6187, 3.53396) -> 2400 (12.4279, 1.76499)
    1126 (19.3678, 9.88248) -> 2732 (18.8654, 7.96387)
    1127 (2.47315, 8.76213) -> 1574 (1.88558, 10.4558)
    1128 (15.8424, 17.6745) -> 2951 (15.7752, 19.3726)
    1129 (12.8778, 3.01144) -> 808 (11.9184, 1.46789)
    1130 (5.72773, 15.0558) -> 112 (3.96648, 15.4534)
    1131 (22.0848, -8.80251) -> 1721 (20.4714, -9.77504)
    1132 (10.4322, 9.15061) -> 2757 (8.82661, 8.03456)
    1133 (23.4123, 9.92352) -> 2454 (23.1552, 7.97781)
    1134 (24.0833, 21.6224) -> 2396 (22.3297, 20.8367)
    1135 (12.1484, 19.9397) -> 1605 (11.0223, 21.0103)
    1136 (8.66184, 4.55695) -> 2341 (6.8167, 5.10041)
    1137 (15.2665, 8.13112) -> 2962 (14.9487, 6.1876)
    1138 (2.57363, 7.00868) -> 2138 (2.52342, 8.67357)
    1139 (12.95, -5.14175) -> 2059 (11.161, -4.81822)
    1140 (9.17636, -1.59935) -> 1487 (7.27144, -1.19248)
    1141 (12.7329, 10.2815) -> 1967 (13.5008, 8.56367)
    1142 (19.6897, 17.3045) -> 2210 (18.3485, 18.7673)
    1143 (17.6555, 10.3413) -> 2625 (18.912, 8.83574)
    1144 (9.66847, 2.50697) -> 2175 (8.23087, 1.19983)
    1145 (7.41583, 22.6748) -> 639 (5.42032, 22.5731)
    1146 (21.681, 4.96324) -> 1787 (21.4283, 3.25986)
    1147 (6.17048, 19.4582) -> 2600 (4.56647, 20.0386)
    1148 (6.36179, 5.05321) -> 2099 (4.46455, 5.0369)
    1149 (8.49282, 17.7314) -> 1449 (7.06845, 19.0601)
    1150 (13.5441, -5.66009) -> 674 (11.989, -5.86652)
    1151 (16.6345, -9.62435) -> 1480 (15.1775, -8.35471)
    1152 (10.4301, 3.36591) -> 181 (8.62934, 2.63528)
    1153 (23.6759, 17.1083) -> 2331 (23.9766, 18.6029)
    1154 (10.0349, 7.09625) -> 1911 (8.17672, 6.66663)
    1155 (24.1205, 14.7365) -> 1921 (23.5362, 16.5089)
    1156 (3.65719, -11.0069) -> 2980 (3.61714, -9.1207)
    1157 (1.06079, 12.1595) -> 2010 (0.654421, 13.6757)
    1158 (24.3556, 0.629441) -> 300 (23.7442, -0.930617)
    1159 (14.4673, 23.2987) -> 970 (12.9804, 24.4412)
    1160 (11.4851, 23.9779) -> 2088 (9.52701, 23.6092)
    1161 (19.3028, 4.71678) -> 2658 (18.8223, 2.99337)
    1162 (16.5845, -10.276) -> 2877 (15.0966, -8.98932)
    1163 (1.43266, 20.4405) -> 195 (0.786712, 18.9242)
    1164 (16.1467, -0.544949) -> 1069 (14.6919, -0.0727968)
    1165 (13.8741, 4.02392) -> 1602 (12.0834, 3.76042)
    1166 (15.5255, 21.4012) -> 1031 (13.7572, 21.6052)
    1167 (7.01388, -9.85829) -> 2740 (6.24863, -8.02116)
    1168 (0.102609, 22.7828) -> 874 (1.6512, 22.5478)
    1169 (7.56738, 15.5744) -> 2060 (5.73802, 15.5201)
    1170 (22.2609, 13.7532) -> 2322 (22.1169, 15.7076)
    1171 (3.86535, 14.9543) -> 505 (2.5325, 15.8937)
    1172 (11.7182, 17.2359) -> 2289 (10.8771, 18.9545)
    1173 (6.81379, 6.81246) -> 1774 (5.48473, 5.44207)
    1174 (21.6926, -11.4308) -> 2267 (19.8229, -11.4337)
    1175 (3.11388, 14.031) -> 505 (2.5325, 15.8937)
    1176 (18.0653, 20.8035) -> 224 (16.1178, 20.8151)
    1177 (11.8262, -3.31545) -> 2021 (10.2356, -3.05319)
    1178 (2.67983, 6.06747) -> 1004 (2.72162, 8.01911)
    1179 (8.59663, 19.9282) -> 2453 (7.18274, 20.7681)
    1180 (5.48786, -3.69883) -> 309 (3.69917, -3.24922)
    1181 (10.1226, -11.4382) -> 2337 (9.18419, -10.0825)
    1182 (3.65355, 4.72696) -> 2708 (2.52758, 5.73559)
    1183 (18.7759, -8.48748) -> 2403 (17.0289, -8.85724)
    1184 (13.409, 15.1071) -> 473 (15.2859, 15.7686)
    1185 (6.24243, 20.5363) -> 441 (4.48399, 19.9196)
    1186 (11.0659, -3.08551) -> 237 (9.27749, -3.83314)
    1187 (22.2072, -9.92236) -> 1721 (20.4714, -9.77504)
    1188 (21.8518, 17.4287) -> 1654 (22.251, 18.9887)
    1189 (21.0131, 5.71443) -> 2259 (22.0926, 4.2529)
    1190 (5.18211, -10.91) -> 2939 (5.05918, -8.97215)
    1191 (19.2375, 0.19222) -> 768 (17.4011, 0.380232)
    1192 (4.47896, -6.67332) -> 2793 (2.72707, -6.38662)
    1193 (18.5664, 2.78014) -> 2030 (17.3588, 1.21895)
    1194 (6.57923, -5.12576) -> 1180 (5.48786, -3.69883)
    1195 (18.9153, 20.6314) -> 1924 (17.5097, 21.5986)
    1196 (18.7527, 2.95444) -> 2161 (17.17, 2.30281)
    1197 (24.1279, 11.6708) -> 1850 (24.012, 13.4574)
    1198 (17.331, 14.3654) -> 1520 (18.4672, 15.7915)
    1199 (7.45341, -6.82769) -> 719 (6.59751, -5.13806)
    1200 (23.9358, 5.1304) -> 2672 (23.1624, 3.79347)
    1201 (20.0015, -0.723567) -> 2356 (18.8106, -2.31697)
    1202 (14.7942, 6.80485) -> 1392 (13.0213, 6.0461)
    1203 (15.0395, 7.75605) -> 901 (13.5813, 6.42694)
    1204 (16.4622, -0.013902) -> 1069 (14.6919, -0.0727968)
    1205 (1.54943, 21.4654) -> 1681 (2.79944, 20.0678)
    1206 (12.5971, -3.14265) -> 1383 (10.8075, -4.00822)
    1207 (23.1557, 18.3617) -> 2646 (22.7652, 20.1026)
    1208 (2.76912, -7.21056) -> 2112 (1.53068, -5.83774)
    1209 (20.0373, -11.0593) -> 2176 (18.2499, -10.6817)
    1210 (8.35932, 22.6012) -> 369 (6.74932, 22.8183)
    1211 (10.2209, 1.07597) -> 2175 (8.23087, 1.19983)
    1212 (23.6902, 21.4847) -> 2746 (22.0397, 22.4634)
    1213 (2.39953, 10.6222) -> 2069 (0.489422, 11.2019)
    1214 (2.79738, -5.19513) -> 2666 (1.51298, -3.91264)
    1215 (5.26292, -6.47716) -> 2091 (4.64491, -4.58568)
    1216 (1.43573, 2.61018) -> 771 (2.4052, 4.13219)
    1217 (19.8035, 23.4694) -> 1051 (17.8869, 23.3358)
    1218 (2.98306, 24.1584) -> 1732 (3.05936, 22.2529)
    1219 (4.54877, 0.165312) -> 2874 (2.99237, 0.898252)
    1220 (1.2693, 20.8513) -> 195 (0.786712, 18.9242)
    1221 (17.3479, 9.47195) -> 2625 (18.912, 8.83574)
    1222 (17.5845, -5.39612) -> 2543 (16.4989, -6.78398)
    1223 (18.019, -5.65934) -> 56 (17.5074, -7.29303)
    1224 (5.54661, -8.13729) -> 2567 (5.15734, -6.49416)
    1225 (20.3319, -2.29513) -> 2717 (18.5468, -2.5929)
    1226 (7.97426, 0.322028) -> 2443 (6.58542, 0.689772)
    1227 (4.6005, 4.74377) -> 2900 (3.18937, 5.8363)
    1228 (10.6949, -1.88843) -> 1824 (8.8124, -2.15213)
    1229 (15.4654, 6.64615) -> 2918 (15.3798, 4.86824)
    1230 (3.63116, -6.29048) -> 59 (2.78151, -4.56015)
    1231 (15.309, 13.6386) -> 2332 (17.0609, 14.453)
    1232 (19.4401, -6.95613) -> 1563 (17.552, -6.81355)
    1233 (7.25054, 20.1357) -> 2818 (5.38157, 20.7261)
    1234 (15.4206, 12.0207) -> 942 (16.8243, 10.763)
    1235 (0.608933, 10.4035) -> 2045 (0.0205319, 12.0614)
    1236 (6.86422, -8.67506) -> 2221 (5.12292, -8.44702)
    1237 (4.96787, 12.9029) -> 2795 (3.1059, 12.7372)
    1238 (24.6392, 20.5005) -> 2592 (23.6232, 21.6578)
    1239 (4.60625, 6.66825) -> 6 (3.18175, 7.9601)
    1240 (21.693, 4.57599) -> 636 (20.6726, 2.9634)
    1241 (8.17724, -6.1005) -> 1748 (6.20585, -5.76696)
    1242 (0.116863, 7.40186) -> 1483 (1.54836, 8.54502)
    1243 (9.93626, -5.19433) -> 445 (8.26734, -6.22881)
    1244 (14.1537, 14.2545) -> 945 (15.9009, 15.0299)
    1245 (23.584, 12.9238) -> 2597 (22.7165, 14.6159)
    1246 (17.8271, 14.4998) -> 2065 (19.486, 15.2966)
    1247 (14.4392, 2.46093) -> 2189 (13.8137, 0.843094)
    1248 (0.347636, -6.97258) -> 792 (0.814089, -5.256)
    1249 (4.53855, 5.09456) -> 2802 (3.01558, 6.00053)
    1250 (24.4271, -8.01879) -> 1845 (23.5729, -9.82325)
    1251 (11.615, 19.0883) -> 2855 (9.8706, 19.636)
    1252 (14.579, -10.0688) -> 427 (13.1137, -8.81951)
    1253 (3.75505, -1.74051) -> 2280 (2.02947, -1.41946)
    1254 (8.48059, -10.7193) -> 1794 (7.04102, -9.61443)
    1255 (23.0787, -4.93449) -> 2620 (22.0868, -6.38251)
    1256 (3.80928, 11.195) -> 1444 (2.61526, 12.7891)
    1257 (19.9098, 5.05478) -> 359 (20.3351, 3.37849)
    1258 (7.15363, -8.44243) -> 2891 (6.82483, -7.00957)
    1259 (7.48938, 15.2928) -> 2060 (5.73802, 15.5201)
    1260 (4.33129, 21.6504) -> 2094 (2.87302, 21.7912)
    1261 (19.1116, -3.54032) -> 2333 (17.6237, -4.73244)
    1262 (21.6683, 19.765) -> 2648 (21.0187, 21.2749)
    1263 (7.82458, 0.133364) -> 355 (6.46181, 1.51468)
    1264 (11.2516, -0.567799) -> 2534 (9.53029, -1.4198)
    1265 (7.03673, 7.64565) -> 2643 (5.52871, 6.70538)
    1266 (19.2993, 16.9175) -> 361 (19.8023, 18.7382)
    1267 (2.3976, 18.3446) -> 13 (0.93811, 16.999)
    1268 (11.345, 8.87484) -> 483 (11.348, 7.13421)
    1269 (16.6993, 3.50056) -> 1848 (16.8919, 1.85328)
    1270 (4.06975, 21.0176) -> 1681 (2.79944, 20.0678)
    1271 (16.2293, 2.60388) -> 2209 (14.3878, 2.67938)
    1272 (14.3963, 12.8951) -> 107 (16.0408, 13.9737)
    1273 (12.5128, 20.1731) -> 1605 (11.0223, 21.0103)
    1274 (7.11647, -1.52252) -> 2515 (5.8371, -0.145878)
    1275 (24.444, -8.20647) -> 2738 (22.9138, -7.44209)
    1276 (7.463, -9.36258) -> 2740 (6.24863, -8.02116)
    1277 (23.74, -3.4981) -> 1646 (22.9131, -4.9958)
    1278 (9.08906, -12.2886) -> 2606 (7.61463, -11.0441)
    1279 (10.2388, -6.84471) -> 2239 (8.67039, -7.38245)
    1280 (16.9876, 3.19482) -> 1350 (15.2177, 2.8037)
    1281 (18.2104, -8.91309) -> 2264 (16.4128, -8.48383)
    1282 (11.845, 0.363911) -> 2108 (10.1607, -0.0598337)
    1283 (6.16455, 20.2131) -> 441 (4.48399, 19.9196)
    1284 (6.15639, 8.21066) -> 2432 (4.25692, 7.9748)
    1285 (4.75645, -11.5654) -> 2859 (3.27753, -10.3653)
    1286 (16.4357, -11.5297) -> 550 (14.6432, -10.77)
    1287 (1.73246, -5.10236) -> 1365 (1.4307, -3.1805)
    1288 (19.4284, -2.88763) -> 2052 (19.0178, -4.784)
    1289 (19.4603, 5.69078) -> 2474 (17.6656, 4.9465)
    1290 (17.5351, -0.976635) -> 2123 (15.6481, -1.47025)
    1291 (10.4329, 2.9747) -> 181 (8.62934, 2.63528)
    1292 (3.23534, -0.851575) -> 2874 (2.99237, 0.898252)
    1293 (22.212, -8.01133) -> 2154 (20.974, -6.64152)
    1294 (9.80274, -12.2422) -> 2715 (8.18006, -12.0936)
    1295 (7.28213, -0.787551) -> 1757 (5.7483, -0.0430305)
    1296 (17.511, -12.417) -> 2053 (15.983, -11.3838)
    1297 (13.1006, 9.5761) -> 2842 (13.4426, 7.72522)
    1298 (12.3316, 9.58501) -> 2667 (11.3661, 7.85504)
    1299 (16.5651, 20.5191) -> 2733 (16.612, 22.3404)
    1300 (14.7712, 5.08458) -> 2456 (13.4957, 3.7624)
    1301 (18.3604, 6.38017) -> 2888 (17.0051, 5.10444)
    1302 (21.5889, -10.5803) -> 2267 (19.8229, -11.4337)
    1303 (6.27944, 9.83455) -> 2444 (4.38758, 9.4351)
    1304 (13.5893, 6.73721) -> 23 (13.3342, 4.86459)
    1305 (18.2787, -12.2874) -> 2687 (16.6046, -12.1521)
    1306 (15.0822, 10.2316) -> 2701 (16.0918, 8.59063)
    1307 (21.6719, -9.80667) -> 2495 (19.7847, -9.98701)
    1308 (12.3423, 21.1586) -> 2007 (11.8402, 22.8773)
    1309 (2.73854, 3.16058) -> 2268 (1.8089, 4.75972)
    1310 (4.32803, 0.879425) -> 1852 (3.12414, 2.4745)
    1311 (19.2991, 0.675957) -> 768 (17.4011, 0.380232)
    1312 (0.734656, 4.38685) -> 2190 (1.40811, 5.4213)
    1313 (9.59194, 18.9955) -> 1599 (7.62443, 18.9946)
    1314 (5.84183, 9.26254) -> 2317 (4.27914, 9.00651)
    1315 (20.7197, 23.8445) -> 1402 (20.0536, 22.3139)
    1316 (7.15716, 5.52756) -> 2497 (5.27064, 5.53455)
    1317 (13.9518, -2.32703) -> 2836 (12.4253, -1.50257)
    1318 (6.37054, 14.5745) -> 2278 (4.47375, 14.1717)
    1319 (6.36479, 1.97055) -> 2633 (4.6467, 2.72766)
    1320 (15.9535, 20.4619) -> 2733 (16.612, 22.3404)
    1321 (5.42482, 17.0851) -> 2507 (3.75441, 17.0722)
    1322 (0.581342, 6.78529) -> 2203 (1.11638, 8.58912)
    1323 (6.43287, 20.3516) -> 441 (4.48399, 19.9196)
    1324 (13.664, 14.7371) -> 473 (15.2859, 15.7686)
    1325 (24.7374, 6.86559) -> 1472 (23.6411, 5.31782)
    1326 (19.6108, -6.51105) -> 2066 (17.8339, -6.7731)
    1327 (17.4945, 17.3189) -> 1529 (17.2409, 19.2994)
    1328 (4.83362, 24.5354) -> 2762 (2.92277, 24.0776)
    1329 (23.597, 10.171) -> 2810 (22.978, 8.42752)
    1330 (18.4832, 18.3195) -> 1667 (17.8031, 19.9155)
    1331 (21.5329, 24.0005) -> 2078 (19.9445, 23.9611)
    1332 (7.04771, -0.169276) -> 989 (6.14402, 1.55164)
    1333 (12.0025, -1.19567) -> 1884 (10.0376, -1.28364)
    1334 (20.1513, 19.3186) -> 1684 (18.948, 20.7688)
    1335 (1.47475, 10.5963) -> 2037 (1.45208, 12.578)
    1336 (12.6168, 24.1568) -> 269 (10.8367, 24.7163)
    1337 (0.242914, 9.60455) -> 2069 (0.489422, 11.2019)
    1338 (11.7056, 8.03558) -> 1569 (10.3563, 6.58732)
    1339 (16.1269, -11.9129) -> 550 (14.6432, -10.77)
    1340 (3.82964, 22.1531) -> 2857 (2.28884, 22.2645)
    1341 (6.87345, 1.33168) -> 2248 (4.96079, 1.754)
    1342 (11.1378, 19.8091) -> 1550 (10.246, 21.5019)
    1343 (17.2388, 5.0177) -> 2918 (15.3798, 4.86824)
    1344 (6.48746, 19.5416) -> 2600 (4.56647, 20.0386)
    1345 (16.0838, 10.3135) -> 1124 (17.478, 8.90241)
    1346 (1.13392, 17.4684) -> 195 (0.786712, 18.9242)
    1347 (15.3467, 7.27457) -> 2436 (14.4929, 5.54205)
    1348 (3.82423, 21.3947) -> 299 (2.07978, 20.7851)
    1349 (12.2075, -8.1729) -> 2126 (10.7093, -7.94708)
    1350 (15.2177, 2.8037) -> 2319 (13.4099, 2.09681)
    1351 (4.32907, 10.3114) -> 1065 (2.51971, 10.2849)
    1352 (24.6451, -8.12999) -> 2738 (22.9138, -7.44209)
    1353 (16.6813, 5.79743) -> 2918 (15.3798, 4.86824)
    1354 (1.52367, 12.3915) -> 1 (2.69399, 13.9368)
    1355 (16.9459, -12.232) -> 2784 (14.9608, -12.0446)
    1356 (18.7185, 10.4459) -> 2625 (18.912, 8.83574)
    1357 (17.3588, -10.8297) -> 2403 (17.0289, -8.85724)
    1358 (1.004, -11.7636) -> 2420 (0.776614, -10.0442)
    1359 (3.16649, 11.5377) -> 1354 (1.52367, 12.3915)
    1360 (14.1345, 24.7547) -> 2165 (12.3481, 23.9304)
    1361 (9.55041, 9.65904) -> 2987 (7.98748, 8.75246)
    1362 (19.3208, 21.0071) -> 1924 (17.5097, 21.5986)
    1363 (16.4856, -0.527573) -> 1069 (14.6919, -0.0727968)
    1364 (22.8346, 14.5483) -> 459 (22.6572, 16.4866)
    1365 (1.4307, -3.1805) -> 2280 (2.02947, -1.41946)
    1366 (0.312334, 8.70503) -> 2852 (0.0784125, 10.194)
    1367 (22.0395, 16.9107) -> 1545 (22.0823, 18.7204)
    1368 (4.94582, 20.1346) -> 2699 (3.11662, 19.8861)
    1369 (17.6399, 14.2777) -> 1520 (18.4672, 15.7915)
    1370 (20.5246, 18.0497) -> 939 (20.454, 20.0121)
    1371 (16.1918, -3.37787) -> 1843 (14.764, -4.74122)
    1372 (22.9378, 15.3593) -> 2595 (23.2822, 17.2418)
    1373 (8.28954, -2.12376) -> 2780 (6.81889, -1.90859)
    1374 (4.18442, -1.19768) -> 903 (2.8895, 0.321343)
    1375 (21.5883, 17.0535) -> 1545 (22.0823, 18.7204)
    1376 (22.3327, 14.3688) -> 1853 (23.1243, 15.995)
    1377 (15.0395, -1.99194) -> 2307 (13.1281, -1.58332)
    1378 (20.5577, 3.50309) -> 2730 (19.01, 2.53866)
    1379 (15.6049, -7.17574) -> 1979 (13.7096, -7.02411)
    1380 (6.3548, 23.4807) -> 787 (4.67466, 23.0981)
    1381 (6.81702, 0.63021) -> 2137 (5.34789, 0.0971793)
    1382 (8.97256, 23.8797) -> 1145 (7.41583, 22.6748)
    1383 (10.8075, -4.00822) -> 1746 (9.96118, -2.40606)
    1384 (0.25051, 18.4007) -> 13 (0.93811, 16.999)
    1385 (13.7865, 11.1549) -> 805 (15.7026, 10.7311)
    1386 (13.2297, -3.53735) -> 1478 (11.8351, -4.58027)
    1387 (21.9863, -6.17469) -> 850 (20.4179, -5.28468)
    1388 (16.0996, 8.06175) -> 2193 (16.3026, 6.14758)
    1389 (17.8375, 5.82066) -> 2483 (16.336, 5.78051)
    1390 (22.0776, 10.3067) -> 2082 (23.1386, 11.8347)
    1391 (4.51241, -6.78951) -> 2793 (2.72707, -6.38662)
    1392 (13.0213, 6.0461) -> 2009 (11.1284, 5.4743)
    1393 (9.71054, 8.98121) -> 2695 (9.28596, 7.17456)
    1394 (6.12878, -12.0731) -> 2606 (7.61463, -11.0441)
    1395 (6.97345, 10.408) -> 376 (5.25247, 11.1579)
    1396 (2.83487, 13.6224) -> 207 (0.989785, 13.2397)
    1397 (3.1558, 10.7641) -> 1088 (1.80676, 11.6622)
    1398 (0.495195, -5.32756) -> 2673 (0.542211, -3.33237)
    1399 (5.78894, 24.0733) -> 236 (4.10326, 23.8433)
    1400 (5.69295, 3.92517) -> 2099 (4.46455, 5.0369)
    1401 (6.37487, 12.9113) -> 1788 (4.49262, 13.1687)
    1402 (20.0536, 22.3139) -> 1420 (18.2406, 23.0417)
    1403 (16.7187, 5.52998) -> 2379 (15.1787, 4.46494)
    1404 (16.7752, 7.9688) -> 2961 (17.2198, 6.0214)
    1405 (21.6921, 12.7151) -> 1740 (21.6277, 14.5853)
    1406 (12.8357, 10.5048) -> 1562 (13.3802, 8.63843)
    1407 (0.411751, 0.876317) -> 1445 (1.97485, 2.05564)
    1408 (10.2474, -4.39011) -> 2925 (8.76459, -4.52104)
    1409 (2.31209, -8.43708) -> 2936 (3.57539, -7.37131)
    1410 (7.25661, 18.2753) -> 2326 (5.41104, 17.7609)
    1411 (0.737635, -9.38984) -> 668 (0.540593, -7.61859)
    1412 (19.5854, 5.63071) -> 2781 (19.1282, 3.90092)
    1413 (11.0854, -6.56148) -> 686 (9.24482, -7.29935)
    1414 (7.56636, -6.58777) -> 719 (6.59751, -5.13806)
    1415 (9.30217, 6.45005) -> 2562 (7.54449, 6.51681)
    1416 (8.45097, 20.2944) -> 2453 (7.18274, 20.7681)
    1417 (3.76603, 19.916) -> 299 (2.07978, 20.7851)
    1418 (6.65863, 24.3674) -> 2914 (5.37209, 22.849)
    1419 (22.2317, 23.6368) -> 1656 (20.345, 24.0518)
    1420 (18.2406, 23.0417) -> 2499 (16.3983, 22.5899)
    1421 (3.24106, 2.63147) -> 2073 (1.62545, 3.65398)
    1422 (0.371225, 9.89015) -> 2069 (0.489422, 11.2019)
    1423 (13.8188, -6.58585) -> 2886 (12.137, -5.91512)
    1424 (3.36869, -1.97595) -> 2716 (1.67779, -0.920349)
    1425 (1.01261, 12.975) -> 1 (2.69399, 13.9368)
    1426 (9.83497, 19.736) -> 405 (8.31914, 20.8395)
    1427 (15.8089, -8.17477) -> 2074 (14.0411, -8.81842)
    1428 (19.2801, 9.56753) -> 2476 (20.2281, 7.84876)
    1429 (11.3127, -1.87546) -> 2534 (9.53029, -1.4198)
    1430 (22.2842, 23.4488) -> 2158 (21.6182, 21.7092)
    1431 (10.4269, -1.3875) -> 1824 (8.8124, -2.15213)
    1432 (21.559, -0.161157) -> 2236 (20.1072, -0.65222)
    1433 (20.7969, 9.4137) -> 2295 (21.0444, 7.44759)
    1434 (16.3096, 18.4637) -> 602 (17.1255, 20.2468)
    1435 (8.32052, 23.5325) -> 536 (6.41915, 24.0568)
    1436 (1.98724, -2.35177) -> 2990 (1.7577, -0.690759)
    1437 (0.570472, 21.6349) -> 299 (2.07978, 20.7851)
    1438 (23.3142, 1.15395) -> 247 (21.8803, -0.205272)
    1439 (2.03755, 17.3489) -> 13 (0.93811, 16.999)
    1440 (8.27457, -8.0423) -> 2891 (6.82483, -7.00957)
    1441 (18.3878, 5.30846) -> 1064 (17.5668, 3.48965)
    1442 (4.4381, 6.99023) -> 6 (3.18175, 7.9601)
    1443 (6.23274, -8.18868) -> 2794 (4.55197, -7.17925)
    1444 (2.61526, 12.7891) -> 207 (0.989785, 13.2397)
    1445 (1.97485, 2.05564) -> 2745 (2.11799, 3.57864)
    1446 (22.6738, 18.223) -> 2646 (22.7652, 20.1026)
    1447 (10.0059, -12.3697) -> 2715 (8.18006, -12.0936)
    1448 (18.2092, 15.3808) -> 2723 (19.7885, 16.5097)
    1449 (7.06845, 19.0601) -> 2306 (5.98118, 20.1975)
    1450 (24.6301, -10.7111) -> 232 (23.4218, -11.4616)
    1451 (6.73005, 24.3497) -> 2930 (4.76658, 24.1325)
    1452 (19.9187, -9.13501) -> 2285 (18.0323, -9.18897)
    1453 (13.9862, -12.27) -> 570 (13.0461, -10.5487)
    1454 (24.0144, 7.64007) -> 2603 (24.5714, 6.24884)
    1455 (15.7201, 21.7567) -> 2308 (15.3884, 23.5795)
    1456 (5.09907, 23.8147) -> 2654 (3.39639, 24.0908)
    1457 (5.01672, 9.89146) -> 1625 (3.33201, 10.1356)
    1458 (16.5317, 9.45476) -> 26 (16.0483, 7.74434)
    1459 (13.2838, -12.2443) -> 1837 (11.8439, -11.1272)
    1460 (3.29181, 8.7671) -> 1822 (1.49489, 9.14977)
    1461 (23.9984, -11.2873) -> 744 (23.2078, -9.66252)
    1462 (22.3957, 3.55435) -> 2491 (20.5822, 3.11304)
    1463 (17.8348, 19.8646) -> 224 (16.1178, 20.8151)
    1464 (0.634268, 10.0995) -> 1088 (1.80676, 11.6622)
    1465 (12.818, -1.16225) -> 2906 (11.8732, -2.29996)
    1466 (24.2904, 4.89944) -> 2672 (23.1624, 3.79347)
    1467 (8.19397, -9.91924) -> 2946 (6.56321, -8.96712)
    1468 (22.9521, -11.9013) -> 520 (21.1158, -12.484)
    1469 (3.46527, 19.3564) -> 1267 (2.3976, 18.3446)
    1470 (21.5188, 8.854) -> 2407 (22.9419, 7.49076)
    1471 (5.13623, -12.1138) -> 2613 (5.28271, -10.1825)
    1472 (23.6411, 5.31782) -> 2259 (22.0926, 4.2529)
    1473 (16.7185, -2.83891) -> 2450 (14.7951, -2.58344)
    1474 (21.6242, 7.25559) -> 2056 (22.4965, 5.72504)
    1475 (12.9325, 1.00004) -> 840 (11.2414, 0.811495)
    1476 (8.91023, 8.85514) -> 2025 (7.11649, 8.68789)
    1477 (16.3677, 23.4693) -> 2993 (15.6542, 24.4811)
    1478 (11.8351, -4.58027) -> 2303 (10.4131, -3.34407)
    1479 (3.32559, 18.2338) -> 2635 (2.37383, 16.7549)
    1480 (15.1775, -8.35471) -> 1979 (13.7096, -7.02411)
    1481 (3.95136, -11.0435) -> 2980 (3.61714, -9.1207)
    1482 (1.70389, 15.6705) -> 0 (1, 15)
    1483 (1.54836, 8.54502) -> 1464 (0.634268, 10.0995)
    1484 (11.3333, -7.76958) -> 2139 (10.0548, -8.73615)
    1485 (5.9569, 22.7635) -> 2327 (4.5622, 21.6075)
    1486 (16.0949, -9.45967) -> 2469 (15.0194, -8.53583)
    1487 (7.27144, -1.19248) -> 1757 (5.7483, -0.0430305)
    1488 (13.0635, 18.4466) -> 1273 (12.5128, 20.1731)
    1489 (11.788, -9.24937) -> 2139 (10.0548, -8.73615)
    1490 (20.1883, -4.71688) -> 1804 (18.6136, -5.69632)
    1491 (11.4654, -10.3231) -> 2170 (9.76241, -9.41301)
    1492 (6.09015, -7.21246) -> 2567 (5.15734, -6.49416)
    1493 (22.6482, 22.1174) -> 2744 (21.8303, 23.4239)
    1494 (9.47288, -6.63612) -> 1414 (7.56636, -6.58777)
    1495 (7.93327, 20.6941) -> 834 (6.0648, 20.9953)
    1496 (2.91084, -7.73036) -> 635 (2.10718, -5.94815)
    1497 (2.76045, 24.3434) -> 2985 (1.08817, 24.4225)
    1498 (8.63645, -9.94436) -> 2336 (7.25502, -8.59252)
    1499 (15.5972, 24.2911) -> 477 (13.8274, 24.8484)
    1500 (0.0277917, 0.103567) -> 381 (1.19271, 1.71147)
    1501 (10.8267, -8.26786) -> 2435 (9.09758, -8.68628)
    1502 (23.1685, 15.1971) -> 1835 (22.5173, 16.8282)
    1503 (15.2119, 18.9775) -> 400 (13.4461, 19.8013)
    1504 (12.4353, 15.7855) -> 2470 (12.7297, 17.5821)
    1505 (1.86993, -1.75876) -> 2655 (1.78522, -0.230983)
    1506 (16.4104, 7.34755) -> 2962 (14.9487, 6.1876)
    1507 (18.1036, 18.4558) -> 1667 (17.8031, 19.9155)
    1508 (10.2437, 9.51909) -> 2845 (11.2647, 8.02584)
    1509 (17.4932, -8.68131) -> 2418 (16.2101, -7.36937)
    1510 (9.32223, 7.57475) -> 2412 (8.32189, 5.91993)
    1511 (3.41582, -3.04962) -> 1749 (2.37284, -1.90888)
    1512 (6.74638, 1.43305) -> 2248 (4.96079, 1.754)
    1513 (8.92657, -6.65746) -> 2737 (7.0136, -7.13119)
    1514 (19.2573, 20.8616) -> 1924 (17.5097, 21.5986)
    1515 (11.2448, 2.15928) -> 2665 (9.63026, 2.4923)
    1516 (6.93385, -3.70244) -> 2780 (6.81889, -1.90859)
    1517 (18.6691, -3.64412) -> 2509 (16.8715, -4.49759)
    1518 (2.50838, -11.094) -> 2371 (1.57214, -9.47538)
    1519 (21.5358, -1.26922) -> 2700 (19.9073, -2.114)
    1520 (18.4672, 15.7915) -> 1937 (19.4685, 17.4176)
    1521 (9.88784, -7.22667) -> 445 (8.26734, -6.22881)
    1522 (8.67369, 3.77717) -> 2988 (6.67753, 3.70692)
    1523 (12.2975, -3.84716) -> 2303 (10.4131, -3.34407)
    1524 (20.5807, 9.15028) -> 2437 (20.2118, 7.32487)
    1525 (7.66002, 0.693564) -> 663 (6.07147, 1.90184)
    1526 (1.99147, 8.62925) -> 2660 (0.371649, 9.77675)
    1527 (16.3188, -12.3791) -> 2784 (14.9608, -12.0446)
    1528 (22.3328, 20.5665) -> 2746 (22.0397, 22.4634)
    1529 (17.2409, 19.2994) -> 224 (16.1178, 20.8151)
    1530 (0.885284, 6.85227) -> 1366 (0.312334, 8.70503)
    1531 (18.9406, 13.2958) -> 2022 (18.7469, 15.12)
    1532 (22.549, 23.9912) -> 1898 (20.5764, 23.9728)
    1533 (2.0974, -0.811261) -> 2874 (2.99237, 0.898252)
    1534 (3.16715, 4.82008) -> 2190 (1.40811, 5.4213)
    1535 (19.5701, 21.6556) -> 1420 (18.2406, 23.0417)
    1536 (5.96746, -1.00549) -> 2443 (6.58542, 0.689772)
    1537 (1.02991, 3.32807) -> 655 (0.339446, 5.14775)
    1538 (21.6122, -0.644932) -> 2343 (20.7014, -2.18431)
    1539 (16.3328, 23.1051) -> 2993 (15.6542, 24.4811)
    1540 (10.8393, 6.0903) -> 2071 (9.04612, 5.6026)
    1541 (3.29676, 1.11748) -> 2792 (2.17143, 2.39937)
    1542 (19.4542, -8.57136) -> 2557 (17.7621, -9.60037)
    1543 (1.32727, 7.181) -> 1822 (1.49489, 9.14977)
    1544 (9.00831, 20.08) -> 2453 (7.18274, 20.7681)
    1545 (22.0823, 18.7204) -> 764 (20.9922, 20.354)
    1546 (16.0323, 9.78542) -> 962 (15.0517, 8.06215)
    1547 (7.48477, 20.7826) -> 2438 (5.68802, 20.5951)
    1548 (7.85135, -9.42391) -> 2650 (7.06207, -8.05142)
    1549 (17.3909, -11.2272) -> 2168 (15.6869, -11.074)
    1550 (10.246, 21.5019) -> 841 (8.82804, 22.8711)
    1551 (14.0868, 7.04735) -> 2973 (13.0337, 5.48201)
    1552 (22.5737, -7.02488) -> 97 (21.1841, -5.76817)
    1553 (5.24631, -8.65054) -> 2794 (4.55197, -7.17925)
    1554 (1.64764, 3.46875) -> 2190 (1.40811, 5.4213)
    1555 (16.6674, -12.4951) -> 633 (15.7177, -10.7756)
    1556 (10.421, -8.8933) -> 2572 (8.94767, -9.43669)
    1557 (7.95022, 16.8341) -> 819 (6.34887, 17.6562)
    1558 (5.48681, 4.95086) -> 9 (4.53752, 6.48976)
    1559 (16.1784, -11.7497) -> 2219 (15.7484, -9.88391)
    1560 (9.7497, 1.24575) -> 2175 (8.23087, 1.19983)
    1561 (2.41226, -7.8702) -> 2793 (2.72707, -6.38662)
    1562 (13.3802, 8.63843) -> 2692 (13.4153, 6.67601)
    1563 (17.552, -6.81355) -> 1379 (15.6049, -7.17574)
    1564 (23.0939, 6.3873) -> 1958 (23.6765, 4.52058)
    1565 (18.2783, 24.5271) -> 2846 (16.3321, 24.6764)
    1566 (12.8338, -0.623061) -> 2906 (11.8732, -2.29996)
    1567 (2.24654, 21.31) -> 2192 (0.774845, 20.3247)
    1568 (10.5786, 22.1058) -> 152 (8.86504, 23.0136)
    1569 (10.3563, 6.58732) -> 601 (8.66151, 5.6117)
    1570 (18.0156, -10.8213) -> 751 (16.1519, -10.4086)
    1571 (12.1727, 0.574588) -> 2151 (10.2171, 0.657201)
    1572 (20.5085, -3.83661) -> 2052 (19.0178, -4.784)
    1573 (5.70682, -7.83362) -> 2567 (5.15734, -6.49416)
    1574 (1.88558, 10.4558) -> 2069 (0.489422, 11.2019)
    1575 (16.7042, -5.0474) -> 2538 (15.3824, -6.28776)
    1576 (13.2226, 0.125386) -> 2836 (12.4253, -1.50257)
    1577 (18.1345, 3.00834) -> 2030 (17.3588, 1.21895)
    1578 (6.41201, 0.295698) -> 632 (4.65627, -0.125269)
    1579 (14.5424, 11.0716) -> 1546 (16.0323, 9.78542)
    1580 (7.86221, 11.0006) -> 2963 (5.90468, 11.386)
    1581 (2.0026, -12.2869) -> 2943 (3.02532, -11.3396)
    1582 (19.0971, 19.5188) -> 1176 (18.0653, 20.8035)
    1583 (14.9766, 12.5233) -> 805 (15.7026, 10.7311)
    1584 (17.4278, -11.1437) -> 2168 (15.6869, -11.074)
    1585 (7.09476, 0.19142) -> 1821 (5.65091, 1.51682)
    1586 (17.3263, -12.0899) -> 287 (15.3836, -11.8005)
    1587 (22.6211, -1.24951) -> 2853 (22.2053, -3.1506)
    1588 (1.36099, 13.0467) -> 0 (1, 15)
    1589 (6.3579, -8.71636) -> 2737 (7.0136, -7.13119)
    1590 (13.8324, 5.01404) -> 1125 (12.6187, 3.53396)
    1591 (20.6438, -1.71672) -> 2344 (19.698, -3.42469)
    1592 (0.368593, 10.2034) -> 2045 (0.0205319, 12.0614)
    1593 (8.65996, 8.24968) -> 1623 (7.3122, 6.83722)
    1594 (5.94023, -0.646842) -> 2291 (6.73562, 1.07649)
    1595 (16.6277, -10.036) -> 2877 (15.0966, -8.98932)
    1596 (1.66541, -3.71366) -> 2553 (2.83538, -2.15779)
    1597 (21.0624, 7.18624) -> 2808 (20.9846, 5.34929)
    1598 (5.13605, 8.93506) -> 1813 (3.173, 8.82456)
    1599 (7.62443, 18.9946) -> 1697 (6.1247, 20.3116)
    1600 (6.76922, 11.5474) -> 1612 (4.8528, 11.3226)
    1601 (7.41611, 24.8994) -> 1399 (5.78894, 24.0733)
    1602 (12.0834, 3.76042) -> 1291 (10.4329, 2.9747)
    1603 (20.0733, 10.6212) -> 2502 (19.5934, 9.04394)
    1604 (8.74896, -5.40842) -> 2690 (7.07893, -6.06055)
    1605 (11.0223, 21.0103) -> 57 (9.66112, 22.1354)
    1606 (19.8722, 0.740209) -> 2447 (18.3701, -0.570738)
    1607 (14.1816, 12.8038) -> 2424 (15.5418, 11.3942)
    1608 (13.758, 15.9332) -> 251 (14.2397, 17.8161)
    1609 (9.71076, 4.95447) -> 2862 (7.76281, 4.98802)
    1610 (0.721106, 9.30386) -> 2069 (0.489422, 11.2019)
    1611 (24.114, 2.77975) -> 956 (23.3359, 1.01828)
    1612 (4.8528, 11.3226) -> 1788 (4.49262, 13.1687)
    1613 (22.7215, -0.661783) -> 2217 (22.156, -2.5626)
    1614 (22.8925, 22.976) -> 2173 (21.7973, 21.4016)
    1615 (11.434, 18.6528) -> 2855 (9.8706, 19.636)
    1616 (24.6141, 12.0157) -> 241 (24.1413, 13.8441)
    1617 (21.2401, 22.1416) -> 1735 (20.168, 23.5735)
    1618 (10.2637, 22.9181) -> 1382 (8.97256, 23.8797)
    1619 (22.4553, 7.65226) -> 2056 (22.4965, 5.72504)
    1620 (24.3857, -1.5509) -> 871 (23.3275, -3.18025)
    1621 (8.45302, -11.9362) -> 583 (7.16229, -10.4259)
    1622 (10.2815, 3.97261) -> 1522 (8.67369, 3.77717)
    1623 (7.3122, 6.83722) -> 2643 (5.52871, 6.70538)
    1624 (8.62936, 18.6444) -> 387 (7.93997, 20.1353)
    1625 (3.33201, 10.1356) -> 196 (1.84603, 11.1069)
    1626 (23.7829, 1.83949) -> 2659 (22.7234, 0.268699)
    1627 (2.953, 20.9951) -> 1220 (1.2693, 20.8513)
    1628 (3.21804, 2.74748) -> 2073 (1.62545, 3.65398)
    1629 (15.2739, -0.506557) -> 2189 (13.8137, 0.843094)
    1630 (8.22722, 11.4037) -> 2955 (6.56723, 12.4745)
    1631 (18.679, 3.61685) -> 2928 (17.7229, 1.92333)
    1632 (17.7174, 6.62605) -> 2831 (16.4372, 5.65457)
    1633 (20.1409, -3.99415) -> 379 (18.4906, -4.74891)
    1634 (5.08355, 22.5068) -> 598 (4.07813, 20.8059)
    1635 (22.4768, -9.51706) -> 2146 (20.6394, -9.6743)
    1636 (11.4561, 5.55846) -> 842 (9.67087, 4.76197)
    1637 (0.564589, 6.26413) -> 2190 (1.40811, 5.4213)
    1638 (20.993, 24.1264) -> 2583 (19.3963, 24.1095)
    1639 (19.9924, 19.9295) -> 1535 (19.5701, 21.6556)
    1640 (14.837, 3.53114) -> 310 (14.5656, 2.05304)
    1641 (10.5692, 19.4451) -> 1120 (9.2193, 20.7487)
    1642 (12.1253, 4.74688) -> 2304 (10.9004, 3.18459)
    1643 (21.3982, 11.6306) -> 2386 (22.6603, 12.7105)
    1644 (17.2585, -0.814476) -> 2123 (15.6481, -1.47025)
    1645 (15.6871, 13.1769) -> 2332 (17.0609, 14.453)
    1646 (22.9131, -4.9958) -> 97 (21.1841, -5.76817)
    1647 (6.96069, 23.992) -> 2914 (5.37209, 22.849)
    1648 (8.9563, -8.06439) -> 2650 (7.06207, -8.05142)
    1649 (24.1288, 11.361) -> 2051 (23.7807, 13.2185)
    1650 (5.67869, 6.02913) -> 2283 (4.37387, 7.16526)
    1651 (21.0596, 16.2259) -> 2055 (21.6047, 18.1254)
    1652 (4.03376, -12.2292) -> 965 (4.13191, -10.2458)
    1653 (21.5573, 4.70415) -> 636 (20.6726, 2.9634)
    1654 (22.251, 18.9887) -> 764 (20.9922, 20.354)
    1655 (9.16767, 3.75566) -> 11 (7.53165, 4.28286)
    1656 (20.345, 24.0518) -> 2769 (18.8036, 24.8996)
    1657 (8.44281, -2.04573) -> 2780 (6.81889, -1.90859)
    1658 (19.5793, 5.29126) -> 2474 (17.6656, 4.9465)
    1659 (21.5259, -6.86145) -> 2790 (19.6668, -7.1992)
    1660 (12.7376, 4.00916) -> 39 (10.879, 3.94668)
    1661 (2.61022, 10.6646) -> 1088 (1.80676, 11.6622)
    1662 (18.958, 0.920956) -> 768 (17.4011, 0.380232)
    1663 (16.196, 22.6303) -> 2993 (15.6542, 24.4811)
    1664 (7.15733, 0.571896) -> 983 (5.24237, 1.13439)
    1665 (15.6145, 9.33005) -> 2956 (15.8502, 7.75282)
    1666 (15.4821, 10.2759) -> 2701 (16.0918, 8.59063)
    1667 (17.8031, 19.9155) -> 224 (16.1178, 20.8151)
    1668 (20.7841, 9.80878) -> 944 (20.5324, 8.03259)
    1669 (8.65099, 1.16227) -> 2291 (6.73562, 1.07649)
    1670 (16.4888, 18.5646) -> 602 (17.1255, 20.2468)
    1671 (13.0217, 20.847) -> 2459 (12.1271, 22.3891)
    1672 (14.2157, -10.208) -> 87 (12.5258, -9.37584)
    1673 (24.4873, -9.76115) -> 1738 (22.9723, -9.02846)
    1674 (0.685834, 19.8417) -> 1079 (0.236132, 18.492)
    1675 (8.45632, 4.3016) -> 2924 (6.59712, 4.57626)
    1676 (9.79581, -8.73694) -> 2752 (8.19411, -8.04567)
    1677 (13.314, -9.58479) -> 852 (11.3692, -9.49843)
    1678 (22.0182, 7.3263) -> 2056 (22.4965, 5.72504)
    1679 (15.9628, -4.86095) -> 54 (15.631, -6.60095)
    1680 (20.0848, -4.59388) -> 1804 (18.6136, -5.69632)
    1681 (2.79944, 20.0678) -> 38 (1.23089, 18.9775)
    1682 (10.5655, 24.709) -> 1382 (8.97256, 23.8797)
    1683 (0.242444, 6.69513) -> 908 (0.627209, 8.49934)
    1684 (18.948, 20.7688) -> 1924 (17.5097, 21.5986)
    1685 (19.2468, 6.56464) -> 2265 (18.235, 4.95715)
    1686 (5.77058, 12.5343) -> 3 (4.68782, 14.0938)
    1687 (1.1845, -2.46769) -> 2990 (1.7577, -0.690759)
    1688 (22.4221, 9.78963) -> 2679 (21.6225, 7.97616)
    1689 (7.53218, 24.3434) -> 1399 (5.78894, 24.0733)
    1690 (15.7377, -9.99302) -> 2093 (13.991, -9.2065)
    1691 (10.0008, 4.3743) -> 2035 (8.2282, 3.77421)
    1692 (0.87182, 13.6744) -> 0 (1, 15)
    1693 (9.15823, 18.2273) -> 1923 (8.35638, 19.8703)
    1694 (18.4015, 24.9265) -> 2922 (17.3152, 23.4583)
    1695 (1.0444, 3.33315) -> 655 (0.339446, 5.14775)
    1696 (3.49783, 2.98888) -> 2073 (1.62545, 3.65398)
    1697 (6.1247, 20.3116) -> 1024 (4.30886, 20.7141)
    1698 (24.8845, 12.5097) -> 1741 (23.5875, 13.5558)
    1699 (3.783, -11.0655) -> 2220 (2.62264, -9.47611)
    1700 (21.9238, 22.6543) -> 1735 (20.168, 23.5735)
    1701 (24.1753, 12.0833) -> 241 (24.1413, 13.8441)
    1702 (17.1308, -11.3409) -> 287 (15.3836, -11.8005)
    1703 (2.77247, 13.0648) -> 207 (0.989785, 13.2397)
    1704 (23.1517, 23.9218) -> 1700 (21.9238, 22.6543)
    1705 (7.09641, -12.2787) -> 2606 (7.61463, -11.0441)
    1706 (3.07795, -6.89211) -> 2112 (1.53068, -5.83774)
    1707 (12.6201, -5.50609) -> 2059 (11.161, -4.81822)
    1708 (10.3254, 3.54481) -> 181 (8.62934, 2.63528)
    1709 (7.01519, -3.77615) -> 2780 (6.81889, -1.90859)
    1710 (24.8176, 16.8875) -> 2331 (23.9766, 18.6029)
    1711 (17.2447, -9.01388) -> 751 (16.1519, -10.4086)
    1712 (14.4902, 19.6077) -> 1671 (13.0217, 20.847)
    1713 (16.0374, 17.9044) -> 1529 (17.2409, 19.2994)
    1714 (12.2499, -8.88063) -> 2126 (10.7093, -7.94708)
    1715 (18.7806, 22.1038) -> 2922 (17.3152, 23.4583)
    1716 (10.7332, 18.7093) -> 2779 (8.95833, 18.4359)
    1717 (1.45223, -11.3229) -> 2371 (1.57214, -9.47538)
    1718 (4.08526, 5.90333) -> 2708 (2.52758, 5.73559)
    1719 (13.5306, 3.0568) -> 2400 (12.4279, 1.76499)
    1720 (24.6547, 24.2857) -> 2670 (23.7268, 22.9531)
    1721 (20.4714, -9.77504) -> 123 (18.9862, -10.9678)
    1722 (20.6583, 10.843) -> 2419 (21.0613, 8.96366)
    1723 (16.6901, -0.80679) -> 2686 (16.5015, -2.69285)
    1724 (1.85645, 15.118) -> 0 (1, 15)
    1725 (12.8846, 0.0293418) -> 840 (11.2414, 0.811495)
    1726 (13.9289, 15.1066) -> 1736 (15.3845, 16.3087)
    1727 (7.96967, -9.04274) -> 2650 (7.06207, -8.05142)
    1728 (15.4135, 7.16739) -> 2436 (14.4929, 5.54205)
    1729 (0.186621, 12.4868) -> 2636 (1.60082, 13.5391)
    1730 (18.4655, 1.40106) -> 1848 (16.8919, 1.85328)
    1731 (13.7616, 15.2183) -> 1736 (15.3845, 16.3087)
    1732 (3.05936, 22.2529) -> 299 (2.07978, 20.7851)
    1733 (4.30663, 11.1635) -> 2607 (2.33836, 11.3104)
    1734 (3.24409, 11.1631) -> 2934 (2.38864, 12.7203)
    1735 (20.168, 23.5735) -> 1420 (18.2406, 23.0417)
    1736 (15.3845, 16.3087) -> 886 (15.5657, 18.225)
    1737 (6.10479, -8.76988) -> 2737 (7.0136, -7.13119)
    1738 (22.9723, -9.02846) -> 150 (21.7605, -10.348)
    1739 (21.6118, 2.74815) -> 2865 (19.9529, 1.99579)
    1740 (21.6277, 14.5853) -> 2537 (20.985, 16.3481)
    1741 (23.5875, 13.5558) -> 1372 (22.9378, 15.3593)
    1742 (7.1658, 22.9962) -> 2914 (5.37209, 22.849)
    1743 (1.50849, 6.72029) -> 908 (0.627209, 8.49934)
    1744 (12.2401, 8.30546) -> 1010 (12.4594, 6.43054)
    1745 (24.0156, 1.01214) -> 300 (23.7442, -0.930617)
    1746 (9.96118, -2.40606) -> 1083 (8.02801, -2.62912)
    1747 (14.6609, -5.55947) -> 1973 (12.8839, -4.84435)
    1748 (6.20585, -5.76696) -> 2091 (4.64491, -4.58568)
    1749 (2.37284, -1.90888) -> 2115 (2.01925, 0.0284062)
    1750 (1.44732, 20.6402) -> 195 (0.786712, 18.9242)
    1751 (13.728, 14.3224) -> 821 (15.2591, 15.2566)
    1752 (5.71907, -6.78308) -> 2221 (5.12292, -8.44702)
    1753 (24.155, 9.47183) -> 2707 (24.4687, 7.9269)
    1754 (2.95664, -1.39265) -> 2115 (2.01925, 0.0284062)
    1755 (24.1544, 8.9608) -> 2407 (22.9419, 7.49076)
    1756 (16.4457, -12.0927) -> 751 (16.1519, -10.4086)
    1757 (5.7483, -0.0430305) -> 2248 (4.96079, 1.754)
    1758 (8.5141, 22.6424) -> 369 (6.74932, 22.8183)
    1759 (16.5949, 2.88887) -> 1913 (17.3449, 1.14436)
    1760 (1.06239, -11.3632) -> 1411 (0.737635, -9.38984)
    1761 (20.7413, -6.95555) -> 238 (18.8334, -7.23559)
    1762 (8.50104, -6.97295) -> 2690 (7.07893, -6.06055)
    1763 (2.29168, 11.3677) -> 1588 (1.36099, 13.0467)
    1764 (19.294, 23.1469) -> 2029 (17.6618, 22.9115)
    1765 (7.72473, -1.00674) -> 2965 (7.19498, 0.455284)
    1766 (22.0047, 12.0833) -> 2638 (23.5206, 13.2568)
    1767 (6.15945, -1.20036) -> 2443 (6.58542, 0.689772)
    1768 (0.00312455, -3.70996) -> 1834 (0.968362, -1.99432)
    1769 (19.187, -8.50567) -> 2441 (17.2848, -8.12707)
    1770 (20.2149, 13.8469) -> 2751 (21.1918, 14.9231)
    1771 (1.96361, 2.18522) -> 771 (2.4052, 4.13219)
    1772 (12.7007, -7.92909) -> 1087 (11.1366, -6.79051)
    1773 (2.69749, 4.276) -> 2190 (1.40811, 5.4213)
    1774 (5.48473, 5.44207) -> 2361 (3.56336, 5.37617)
    1775 (1.06081, 7.30521) -> 1822 (1.49489, 9.14977)
    1776 (17.6279, -11.8711) -> 2053 (15.983, -11.3838)
    1777 (22.4211, 23.0004) -> 1315 (20.7197, 23.8445)
    1778 (0.362646, 12.5392) -> 2636 (1.60082, 13.5391)
    1779 (7.98662, -3.44964) -> 2780 (6.81889, -1.90859)
    1780 (22.571, 6.54735) -> 2808 (20.9846, 5.34929)
    1781 (4.03543, 2.56174) -> 2792 (2.17143, 2.39937)
    1782 (4.44481, -10.6726) -> 2939 (5.05918, -8.97215)
    1783 (13.7861, 8.74214) -> 1551 (14.0868, 7.04735)
    1784 (15.4791, 4.72428) -> 2656 (15.4098, 2.83364)
    1785 (13.6887, 15.7493) -> 2765 (14.8114, 17.2619)
    1786 (18.3265, 24.5456) -> 2846 (16.3321, 24.6764)
    1787 (21.4283, 3.25986) -> 2865 (19.9529, 1.99579)
    1788 (4.49262, 13.1687) -> 1 (2.69399, 13.9368)
    1789 (9.19816, -2.04529) -> 2559 (8.7862, -0.132456)
    1790 (18.5184, 4.70728) -> 1577 (18.1345, 3.00834)
    1791 (20.0347, 10.0883) -> 2625 (18.912, 8.83574)
    1792 (14.5094, 7.99432) -> 2962 (14.9487, 6.1876)
    1793 (5.80624, 18.5214) -> 1838 (4.01014, 18.681)
    1794 (7.04102, -9.61443) -> 861 (5.47456, -8.42944)
    1795 (19.9201, 10.2982) -> 2625 (18.912, 8.83574)
    1796 (3.31398, -1.72037) -> 2716 (1.67779, -0.920349)
    1797 (18.1375, -3.55266) -> 35 (16.2508, -3.51747)
    1798 (21.4522, 9.80786) -> 944 (20.5324, 8.03259)
    1799 (20.3319, 4.23008) -> 2658 (18.8223, 2.99337)
    1800 (17.5785, 5.25814) -> 804 (16.6546, 3.93667)
    1801 (10.6883, 9.9688) -> 1831 (9.65417, 8.37919)
    1802 (15.248, -7.45182) -> 1979 (13.7096, -7.02411)
    1803 (14.0007, 16.3501) -> 1893 (15.0641, 17.9043)
    1804 (18.6136, -5.69632) -> 56 (17.5074, -7.29303)
    1805 (10.122, -12.4495) -> 2715 (8.18006, -12.0936)
    1806 (8.04641, 21.9882) -> 86 (6.22067, 22.789)
    1807 (17.0946, 9.42673) -> 26 (16.0483, 7.74434)
    1808 (18.877, 24.1289) -> 2879 (17.0612, 23.3869)
    1809 (8.20293, 0.4117) -> 1113 (6.36122, 0.599354)
    1810 (16.9058, 0.285217) -> 1629 (15.2739, -0.506557)
    1811 (21.5463, -9.1608) -> 2495 (19.7847, -9.98701)
    1812 (11.8332, 3.85934) -> 1291 (10.4329, 2.9747)
    1813 (3.173, 8.82456) -> 1822 (1.49489, 9.14977)
    1814 (1.22195, 3.84956) -> 2190 (1.40811, 5.4213)
    1815 (23.0238, -2.97462) -> 824 (22.6871, -4.75362)
    1816 (0.183566, 7.28251) -> 1483 (1.54836, 8.54502)
    1817 (2.79414, 12.2811) -> 1588 (1.36099, 13.0467)
    1818 (11.0476, 23.8028) -> 2088 (9.52701, 23.6092)
    1819 (14.4443, -3.21467) -> 2921 (13.3366, -1.55054)
    1820 (4.77667, 13.0032) -> 2487 (3.00085, 13.8076)
    1821 (5.65091, 1.51682) -> 2916 (3.95733, 2.45804)
    1822 (1.49489, 9.14977) -> 196 (1.84603, 11.1069)
    1823 (13.2019, 8.21066) -> 1010 (12.4594, 6.43054)
    1824 (8.8124, -2.15213) -> 2411 (7.62237, -0.73429)
    1825 (3.74657, 13.1839) -> 973 (2.95809, 14.9928)
    1826 (18.1324, -9.22225) -> 2264 (16.4128, -8.48383)
    1827 (14.0345, -1.76688) -> 618 (12.2139, -2.03965)
    1828 (4.51819, 12.4037) -> 1444 (2.61526, 12.7891)
    1829 (21.1916, 11.8407) -> 2386 (22.6603, 12.7105)
    1830 (22.1705, 22.4942) -> 2527 (21.3804, 23.9103)
    1831 (9.65417, 8.37919) -> 735 (7.80853, 7.64057)
    1832 (14.1052, 12.0602) -> 870 (15.9729, 12.2268)
    1833 (13.9072, -0.408977) -> 2836 (12.4253, -1.50257)
    1834 (0.968362, -1.99432) -> 2655 (1.78522, -0.230983)
    1835 (22.5173, 16.8282) -> 1545 (22.0823, 18.7204)
    1836 (19.418, 17.85) -> 2113 (18.1441, 19.3187)
    1837 (11.8439, -11.1272) -> 2821 (10.2655, -10.1402)
    1838 (4.01014, 18.681) -> 1267 (2.3976, 18.3446)
    1839 (2.60827, 2.36983) -> 2704 (1.50556, 3.84496)
    1840 (22.1796, 1.73885) -> 2767 (20.418, 1.85091)
    1841 (9.90562, 2.59142) -> 432 (8.06698, 2.11684)
    1842 (23.6848, -8.50544) -> 2201 (23.2841, -10.3252)
    1843 (14.764, -4.74122) -> 1973 (12.8839, -4.84435)
    1844 (2.70573, -2.31175) -> 2990 (1.7577, -0.690759)
    1845 (23.5729, -9.82325) -> 150 (21.7605, -10.348)
    1846 (22.7126, 3.28218) -> 2384 (23.3107, 1.50326)
    1847 (4.77812, 10.8482) -> 5 (3.00076, 9.95189)
    1848 (16.8919, 1.85328) -> 662 (15.5697, 0.363109)
    1849 (21.2096, 8.86566) -> 2458 (21.3838, 6.96363)
    1850 (24.012, 13.4574) -> 524 (22.8269, 14.9248)
    1851 (15.064, -11.2523) -> 2132 (13.5862, -10.5531)
    1852 (3.12414, 2.4745) -> 2745 (2.11799, 3.57864)
    1853 (23.1243, 15.995) -> 1375 (21.5883, 17.0535)
    1854 (23.2114, -8.32072) -> 2489 (21.3579, -8.38597)
    1855 (14.089, 23.693) -> 2165 (12.3481, 23.9304)
    1856 (20.7008, 3.65752) -> 2658 (18.8223, 2.99337)
    1857 (1.42709, 14.8528) -> 190 (0.60755, 13.1418)
    1858 (6.23479, 17.1677) -> 2544 (4.73292, 15.875)
    1859 (8.63069, -11.6049) -> 2839 (8.00397, -9.72581)
    1860 (20.4425, 18.0222) -> 939 (20.454, 20.0121)
    1861 (10.237, 19.3295) -> 1923 (8.35638, 19.8703)
    1862 (5.91161, 3.54686) -> 1038 (3.98491, 3.5467)
    1863 (10.7018, 3.35318) -> 2039 (9.56974, 1.78266)
    1864 (0.993969, 20.5144) -> 195 (0.786712, 18.9242)
    1865 (24.3845, -9.75778) -> 232 (23.4218, -11.4616)
    1866 (0.421548, 23.8385) -> 874 (1.6512, 22.5478)
    1867 (11.4341, -7.84225) -> 1521 (9.88784, -7.22667)
    1868 (13.8251, 7.69326) -> 1010 (12.4594, 6.43054)
    1869 (24.6389, -10.0144) -> 232 (23.4218, -11.4616)
    1870 (17.1078, 11.0823) -> 27 (17.1742, 9.39732)
    1871 (6.37558, 13.3157) -> 1788 (4.49262, 13.1687)
    1872 (1.62891, 19.1641) -> 1079 (0.236132, 18.492)
    1873 (20.5703, 16.698) -> 2246 (19.5509, 18.348)
    1874 (14.6454, 4.28657) -> 1660 (12.7376, 4.00916)
    1875 (18.9599, -11.43) -> 1586 (17.3263, -12.0899)
    1876 (20.1448, 23.0477) -> 1420 (18.2406, 23.0417)
    1877 (15.9324, 0.724929) -> 2947 (14.1128, 0.424093)
    1878 (1.06685, 0.395368) -> 2952 (0.974589, 2.19096)
    1879 (6.52189, -8.02673) -> 2221 (5.12292, -8.44702)
    1880 (21.2629, 11.2035) -> 2082 (23.1386, 11.8347)
    1881 (18.6735, -8.6791) -> 2403 (17.0289, -8.85724)
    1882 (0.245688, 9.00182) -> 980 (1.87725, 9.94601)
    1883 (17.1167, 7.37146) -> 2831 (16.4372, 5.65457)
    1884 (10.0376, -1.28364) -> 2368 (8.45799, -2.30196)
    1885 (10.1058, -7.80521) -> 2271 (8.16236, -8.07227)
    1886 (20.208, -10.8911) -> 2176 (18.2499, -10.6817)
    1887 (21.0153, 12.2359) -> 1170 (22.2609, 13.7532)
    1888 (6.01297, 11.1363) -> 2347 (4.07831, 11.6432)
    1889 (11.0084, 23.7794) -> 2088 (9.52701, 23.6092)
    1890 (8.45528, 7.62505) -> 50 (8.31196, 5.73466)
    1891 (11.2291, 8.06577) -> 1569 (10.3563, 6.58732)
    1892 (1.77247, -8.37823) -> 2461 (3.20764, -7.0199)
    1893 (15.0641, 17.9043) -> 1712 (14.4902, 19.6077)
    1894 (7.80585, 14.4641) -> 1871 (6.37558, 13.3157)
    1895 (11.412, 24.3754) -> 2273 (9.84769, 23.9081)
    1896 (18.3902, 16.9504) -> 2210 (18.3485, 18.7673)
    1897 (11.542, 9.24369) -> 1823 (13.2019, 8.21066)
    1898 (20.5764, 23.9728) -> 1402 (20.0536, 22.3139)
    1899 (12.3693, 8.18217) -> 1010 (12.4594, 6.43054)
    1900 (3.76809, 6.84685) -> 1460 (3.29181, 8.7671)
    1901 (11.087, 4.98431) -> 612 (9.46761, 4.61476)
    1902 (21.43, -5.2657) -> 2531 (21.1986, -6.91536)
    1903 (23.8976, 22.3135) -> 2746 (22.0397, 22.4634)
    1904 (15.4462, 9.81412) -> 962 (15.0517, 8.06215)
    1905 (5.77905, -10.2994) -> 2221 (5.12292, -8.44702)
    1906 (22.8747, 18.3258) -> 2646 (22.7652, 20.1026)
    1907 (4.3222, -8.34957) -> 2662 (2.92078, -7.44233)
    1908 (3.10199, -4.52764) -> 2807 (4.18979, -3.06998)
    1909 (22.5588, 7.34708) -> 2056 (22.4965, 5.72504)
    1910 (2.56955, 18.4563) -> 195 (0.786712, 18.9242)
    1911 (8.17672, 6.66663) -> 10 (6.47107, 5.97849)
    1912 (10.4972, 1.71366) -> 1669 (8.65099, 1.16227)
    1913 (17.3449, 1.14436) -> 662 (15.5697, 0.363109)
    1914 (0.383244, -4.85534) -> 2673 (0.542211, -3.33237)
    1915 (2.99704, 9.7428) -> 196 (1.84603, 11.1069)
    1916 (6.31468, 18.9774) -> 2818 (5.38157, 20.7261)
    1917 (20.5263, 2.22176) -> 1311 (19.2991, 0.675957)
    1918 (7.96973, 24.3271) -> 1380 (6.3548, 23.4807)
    1919 (6.3424, 14.5993) -> 2893 (4.38746, 14.9696)
    1920 (6.38062, 20.3554) -> 441 (4.48399, 19.9196)
    1921 (23.5362, 16.5089) -> 1906 (22.8747, 18.3258)
    1922 (2.8105, 24.1967) -> 1732 (3.05936, 22.2529)
    1923 (8.35638, 19.8703) -> 1323 (6.43287, 20.3516)
    1924 (17.5097, 21.5986) -> 2922 (17.3152, 23.4583)
    1925 (12.2675, -6.92734) -> 2126 (10.7093, -7.94708)
    1926 (14.038, 3.5994) -> 1602 (12.0834, 3.76042)
    1927 (14.0039, 11.1605) -> 1904 (15.4462, 9.81412)
    1928 (6.21319, 18.8831) -> 2072 (4.26598, 18.5037)
    1929 (20.2728, -2.95888) -> 2717 (18.5468, -2.5929)
    1930 (21.2288, 19.444) -> 2648 (21.0187, 21.2749)
    1931 (20.4819, 20.8212) -> 2131 (18.7426, 21.8006)
    1932 (5.5553, -5.02612) -> 667 (3.61261, -4.80357)
    1933 (17.4576, -5.81512) -> 54 (15.631, -6.60095)
    1934 (5.0085, -6.92302) -> 2936 (3.57539, -7.37131)
    1935 (19.9494, 13.9287) -> 2751 (21.1918, 14.9231)
    1936 (17.7296, -3.49192) -> 1575 (16.7042, -5.0474)
    1937 (19.4685, 17.4176) -> 2210 (18.3485, 18.7673)
    1938 (9.7112, -3.50305) -> 1140 (9.17636, -1.59935)
    1939 (24.0115, 16.2765) -> 2571 (22.3985, 17.3691)
    1940 (19.5387, -8.15839) -> 2285 (18.0323, -9.18897)
    1941 (20.3661, 21.6389) -> 2351 (18.9467, 22.6089)
    1942 (14.2028, 11.6866) -> 1666 (15.4821, 10.2759)
    1943 (21.8134, 0.935809) -> 1606 (19.8722, 0.740209)
    1944 (16.0001, -5.12222) -> 2305 (14.3459, -4.78259)
    1945 (12.484, 18.0509) -> 2289 (10.8771, 18.9545)
    1946 (15.8492, 21.8467) -> 2308 (15.3884, 23.5795)
    1947 (23.2668, -11.4012) -> 2641 (21.7022, -10.9278)
    1948 (14.4549, 22.8241) -> 2974 (14.0068, 24.3805)
    1949 (20.9398, 14.4862) -> 2537 (20.985, 16.3481)
    1950 (19.4123, 22.9966) -> 2029 (17.6618, 22.9115)
    1951 (7.75448, -8.18754) -> 2740 (6.24863, -8.02116)
    1952 (9.66463, 1.55334) -> 2175 (8.23087, 1.19983)
    1953 (20.7236, 19.7944) -> 1362 (19.3208, 21.0071)
    1954 (19.6783, 8.64444) -> 2729 (19.0326, 6.81529)
    1955 (19.1787, -2.3119) -> 1936 (17.7296, -3.49192)
    1956 (23.5083, 18.7057) -> 2075 (22.5022, 20.1266)
    1957 (7.06375, -11.9104) -> 2602 (7.94045, -10.2425)
    1958 (23.6765, 4.52058) -> 783 (22.4874, 2.92114)
    1959 (8.67491, 21.0827) -> 2453 (7.18274, 20.7681)
    1960 (24.7301, 24.0676) -> 1704 (23.1517, 23.9218)
    1961 (15.8137, -7.55073) -> 2877 (15.0966, -8.98932)
    1962 (8.97393, 17.736) -> 1599 (7.62443, 18.9946)
    1963 (12.9073, 23.232) -> 1895 (11.412, 24.3754)
    1964 (11.6586, 9.78381) -> 2667 (11.3661, 7.85504)
    1965 (24.3558, 0.163525) -> 1620 (24.3857, -1.5509)
    1966 (2.13181, -8.49438) -> 2936 (3.57539, -7.37131)
    1967 (13.5008, 8.56367) -> 2692 (13.4153, 6.67601)
    1968 (22.3126, 20.872) -> 1700 (21.9238, 22.6543)
    1969 (15.3079, 24.1225) -> 477 (13.8274, 24.8484)
    1970 (6.74507, 17.057) -> 2748 (5.08322, 17.767)
    1971 (21.5021, -10.1093) -> 2593 (19.6958, -10.8973)
    1972 (19.909, -9.64127) -> 2176 (18.2499, -10.6817)
    1973 (12.8839, -4.84435) -> 2059 (11.161, -4.81822)
    1974 (16.5725, -2.84701) -> 30 (15.1444, -4.15916)
    1975 (21.027, -6.17431) -> 1232 (19.4401, -6.95613)
    1976 (23.4588, -4.82532) -> 2041 (21.9335, -3.80608)
    1977 (2.52811, 24.1305) -> 874 (1.6512, 22.5478)
    1978 (5.489, 14.088) -> 1825 (3.74657, 13.1839)
    1979 (13.7096, -7.02411) -> 926 (11.8409, -6.9733)
    1980 (17.0013, 13.1754) -> 1531 (18.9406, 13.2958)
    1981 (22.1798, 16.7094) -> 2055 (21.6047, 18.1254)
    1982 (24.6236, -8.61317) -> 731 (23.3709, -10.1373)
    1983 (0.307647, 21.864) -> 1750 (1.44732, 20.6402)
    1984 (14.428, -1.81664) -> 2932 (13.6025, -3.55019)
    1985 (24.3836, 20.3119) -> 2592 (23.6232, 21.6578)
    1986 (4.1256, 1.5067) -> 1839 (2.60827, 2.36983)
    1987 (4.26164, -12.2752) -> 2943 (3.02532, -11.3396)
    1988 (20.4703, 6.47477) -> 2446 (20.8797, 4.77762)
    1989 (22.7929, -5.36994) -> 97 (21.1841, -5.76817)
    1990 (6.67973, -3.42816) -> 762 (6.48564, -1.4858)
    1991 (12.9121, 2.67106) -> 17 (11.2987, 1.53984)
    1992 (18.8699, -7.4766) -> 2441 (17.2848, -8.12707)
    1993 (18.7194, 9.23433) -> 2826 (20.172, 8.54216)
    1994 (14.4223, 13.533) -> 821 (15.2591, 15.2566)
    1995 (4.27843, -10.3308) -> 2220 (2.62264, -9.47611)
    1996 (4.02893, -0.226347) -> 2874 (2.99237, 0.898252)
    1997 (4.3008, 3.95006) -> 771 (2.4052, 4.13219)
    1998 (12.0357, 9.71356) -> 2667 (11.3661, 7.85504)
    1999 (5.06463, 3.17392) -> 53 (3.78911, 4.63507)
    2000 (4.01573, 4.38922) -> 2802 (3.01558, 6.00053)
    2001 (16.0085, -7.51288) -> 2877 (15.0966, -8.98932)
    2002 (24.6932, 12.5799) -> 2899 (23.2747, 13.7871)
    2003 (0.586104, 8.97491) -> 1574 (1.88558, 10.4558)
    2004 (5.95968, -7.92102) -> 2567 (5.15734, -6.49416)
    2005 (2.27255, 0.84651) -> 2952 (0.974589, 2.19096)
    2006 (10.8423, -9.38852) -> 2572 (8.94767, -9.43669)
    2007 (11.8402, 22.8773) -> 2702 (10.6692, 23.6865)
    2008 (4.34404, 22.2035) -> 1627 (2.953, 20.9951)
    2009 (11.1284, 5.4743) -> 612 (9.46761, 4.61476)
    2010 (0.654421, 13.6757) -> 0 (1, 15)
    2011 (5.02606, -10.2331) -> 2221 (5.12292, -8.44702)
    2012 (6.13028, -4.85111) -> 1054 (4.48614, -4.18616)
    2013 (17.4523, 10.9138) -> 2791 (17.297, 8.95228)
    2014 (22.2333, 11.5819) -> 2929 (22.903, 13.3043)
    2015 (14.0399, 13.0785) -> 2442 (15.8771, 13.0591)
    2016 (3.55705, 11.3338) -> 1088 (1.80676, 11.6622)
    2017 (23.3869, -0.24078) -> 2205 (21.7695, -1.33219)
    2018 (12.5657, -3.62992) -> 2059 (11.161, -4.81822)
    2019 (2.47563, 18.3589) -> 195 (0.786712, 18.9242)
    2020 (14.3402, 15.3666) -> 2765 (14.8114, 17.2619)
    2021 (10.2356, -3.05319) -> 1140 (9.17636, -1.59935)
    2022 (18.7469, 15.12) -> 1896 (18.3902, 16.9504)
    2023 (14.8264, 16.5349) -> 177 (15.7469, 18.2765)
    2024 (2.40624, -9.51566) -> 2838 (2.11524, -7.56389)
    2025 (7.11649, 8.68789) -> 1598 (5.13605, 8.93506)
    2026 (3.16298, -12.1508) -> 2859 (3.27753, -10.3653)
    2027 (6.29205, 23.4463) -> 787 (4.67466, 23.0981)
    2028 (3.06568, 2.94778) -> 2704 (1.50556, 3.84496)
    2029 (17.6618, 22.9115) -> 2601 (15.9855, 22.0913)
    2030 (17.3588, 1.21895) -> 662 (15.5697, 0.363109)
    2031 (7.18095, 18.8578) -> 2306 (5.98118, 20.1975)
    2032 (10.1062, -12.1298) -> 2715 (8.18006, -12.0936)
    2033 (20.0542, 20.0866) -> 1535 (19.5701, 21.6556)
    2034 (18.1661, 12.5888) -> 347 (19.5367, 13.4735)
    2035 (8.2282, 3.77421) -> 2924 (6.59712, 4.57626)
    2036 (3.85403, 13.3335) -> 973 (2.95809, 14.9928)
    2037 (1.45208, 12.578) -> 1 (2.69399, 13.9368)
    2038 (2.65487, -2.56919) -> 2716 (1.67779, -0.920349)
    2039 (9.56974, 1.78266) -> 698 (7.71089, 1.46651)
    2040 (2.35142, 8.86728) -> 1335 (1.47475, 10.5963)
    2041 (21.9335, -3.80608) -> 1490 (20.1883, -4.71688)
    2042 (7.01527, 8.15435) -> 2382 (5.70469, 7.55119)
    2043 (5.95865, 22.015) -> 787 (4.67466, 23.0981)
    2044 (11.2318, -9.31951) -> 2297 (9.28798, -9.14236)
    2045 (0.0205319, 12.0614) -> 1588 (1.36099, 13.0467)
    2046 (10.0328, -5.55825) -> 445 (8.26734, -6.22881)
    2047 (20.6125, 11.4367) -> 1405 (21.6921, 12.7151)
    2048 (16.2412, -12.2452) -> 751 (16.1519, -10.4086)
    2049 (7.397, -11.4773) -> 1794 (7.04102, -9.61443)
    2050 (11.3474, -7.88914) -> 1521 (9.88784, -7.22667)
    2051 (23.7807, 13.2185) -> 524 (22.8269, 14.9248)
    2052 (19.0178, -4.784) -> 1933 (17.4576, -5.81512)
    2053 (15.983, -11.3838) -> 1252 (14.579, -10.0688)
    2054 (23.5723, 8.41239) -> 1678 (22.0182, 7.3263)
    2055 (21.6047, 18.1254) -> 1953 (20.7236, 19.7944)
    2056 (22.4965, 5.72504) -> 2446 (20.8797, 4.77762)
    2057 (6.32594, -8.59598) -> 2737 (7.0136, -7.13119)
    2058 (7.48232, 23.3405) -> 1399 (5.78894, 24.0733)
    2059 (11.161, -4.81822) -> 1938 (9.7112, -3.50305)
    2060 (5.73802, 15.5201) -> 2213 (4.03259, 16.5119)
    2061 (22.1798, 6.39678) -> 2816 (20.9134, 5.30523)
    2062 (6.92455, 2.64292) -> 1999 (5.06463, 3.17392)
    2063 (21.7523, -9.35195) -> 2378 (19.8374, -9.42413)
    2064 (15.4109, 9.78535) -> 962 (15.0517, 8.06215)
    2065 (19.486, 15.2966) -> 2778 (19.3554, 17.2486)
    2066 (17.8339, -6.7731) -> 1021 (16.8266, -8.16426)
    2067 (17.9067, 20.5473) -> 224 (16.1178, 20.8151)
    2068 (19.3824, 10.7894) -> 2502 (19.5934, 9.04394)
    2069 (0.489422, 11.2019) -> 190 (0.60755, 13.1418)
    2070 (20.2037, -7.95864) -> 677 (18.5956, -7.15248)
    2071 (9.04612, 5.6026) -> 1316 (7.15716, 5.52756)
    2072 (4.26598, 18.5037) -> 1267 (2.3976, 18.3446)
    2073 (1.62545, 3.65398) -> 2190 (1.40811, 5.4213)
    2074 (14.0411, -8.81842) -> 2565 (12.1046, -8.85427)
    2075 (22.5022, 20.1266) -> 2158 (21.6182, 21.7092)
    2076 (7.79785, -6.2264) -> 1194 (6.57923, -5.12576)
    2077 (18.3866, 9.31579) -> 145 (17.1072, 7.81921)
    2078 (19.9445, 23.9611) -> 1420 (18.2406, 23.0417)
    2079 (3.00237, 5.32506) -> 2190 (1.40811, 5.4213)
    2080 (18.8456, -0.836491) -> 2253 (17.018, -1.59152)
    2081 (9.16314, -0.714897) -> 1487 (7.27144, -1.19248)
    2082 (23.1386, 11.8347) -> 2899 (23.2747, 13.7871)
    2083 (4.14437, 19.7936) -> 2970 (2.36884, 19.48)
    2084 (15.4786, 11.2615) -> 1115 (17.3092, 10.474)
    2085 (1.39058, -4.42076) -> 2787 (1.34287, -2.4256)
    2086 (4.30625, 8.14192) -> 2138 (2.52342, 8.67357)
    2087 (9.3462, -11.4622) -> 2606 (7.61463, -11.0441)
    2088 (9.52701, 23.6092) -> 1918 (7.96973, 24.3271)
    2089 (2.48403, 24.6876) -> 2985 (1.08817, 24.4225)
    2090 (16.8727, -2.78876) -> 1377 (15.0395, -1.99194)
    2091 (4.64491, -4.58568) -> 309 (3.69917, -3.24922)
    2092 (5.7075, 15.2278) -> 112 (3.96648, 15.4534)
    2093 (13.991, -9.2065) -> 2565 (12.1046, -8.85427)
    2094 (2.87302, 21.7912) -> 1220 (1.2693, 20.8513)
    2095 (0.927733, -1.96679) -> 2655 (1.78522, -0.230983)
    2096 (12.2145, 16.998) -> 515 (11.4635, 18.7105)
    2097 (24.7888, 2.74693) -> 2384 (23.3107, 1.50326)
    2098 (16.8176, 21.0188) -> 2499 (16.3983, 22.5899)
    2099 (4.46455, 5.0369) -> 2802 (3.01558, 6.00053)
    2100 (17.7989, -10.9221) -> 2053 (15.983, -11.3838)
    2101 (21.5614, 9.27982) -> 1619 (22.4553, 7.65226)
    2102 (3.41862, -12.0498) -> 1995 (4.27843, -10.3308)
    2103 (7.91538, 24.2163) -> 1380 (6.3548, 23.4807)
    2104 (2.69773, 8.09502) -> 1822 (1.49489, 9.14977)
    2105 (6.98163, 16.7704) -> 2683 (5.22511, 17.7034)
    2106 (19.8159, 5.23246) -> 359 (20.3351, 3.37849)
    2107 (19.6164, 5.47064) -> 2781 (19.1282, 3.90092)
    2108 (10.1607, -0.0598337) -> 1041 (8.47706, -1.09005)
    2109 (9.06283, -7.03476) -> 1199 (7.45341, -6.82769)
    2110 (24.9812, 20.9266) -> 2742 (23.4556, 21.5777)
    2111 (3.22477, 4.06117) -> 2708 (2.52758, 5.73559)
    2112 (1.53068, -5.83774) -> 2666 (1.51298, -3.91264)
    2113 (18.1441, 19.3187) -> 2197 (17.4782, 21.0349)
    2114 (5.82291, 7.66949) -> 1044 (4.63752, 9.16831)
    2115 (2.01925, 0.0284062) -> 381 (1.19271, 1.71147)
    2116 (13.1728, -4.40898) -> 318 (11.3667, -3.66504)
    2117 (13.6083, -1.59223) -> 2906 (11.8732, -2.29996)
    2118 (11.6614, 2.07659) -> 260 (10.016, 1.51564)
    2119 (19.9792, -0.547915) -> 1955 (19.1787, -2.3119)
    2120 (8.44621, -11.8118) -> 1498 (8.63645, -9.94436)
    2121 (23.5185, 20.3176) -> 2592 (23.6232, 21.6578)
    2122 (8.0703, -6.97284) -> 2263 (6.51195, -6.0457)
    2123 (15.6481, -1.47025) -> 2584 (13.8384, -1.1212)
    2124 (18.4339, 8.35308) -> 2729 (19.0326, 6.81529)
    2125 (3.10957, -9.82638) -> 2967 (1.95613, -8.29148)
    2126 (10.7093, -7.94708) -> 357 (9.51352, -6.36532)
    2127 (21.5269, -8.27283) -> 1940 (19.5387, -8.15839)
    2128 (10.49, 2.12267) -> 181 (8.62934, 2.63528)
    2129 (19.5488, 21.138) -> 1950 (19.4123, 22.9966)
    2130 (4.94663, 1.90272) -> 1852 (3.12414, 2.4745)
    2131 (18.7426, 21.8006) -> 2029 (17.6618, 22.9115)
    2132 (13.5862, -10.5531) -> 427 (13.1137, -8.81951)
    2133 (4.78972, 1.48263) -> 1852 (3.12414, 2.4745)
    2134 (23.6022, -9.51947) -> 2713 (22.1314, -8.22196)
    2135 (3.40934, 16.3827) -> 2618 (2.935, 14.8583)
    2136 (6.39083, 20.1577) -> 441 (4.48399, 19.9196)
    2137 (5.34789, 0.0971793) -> 2248 (4.96079, 1.754)
    2138 (2.52342, 8.67357) -> 1610 (0.721106, 9.30386)
    2139 (10.0548, -8.73615) -> 2752 (8.19411, -8.04567)
    2140 (0.966114, 17.9676) -> 559 (0.992823, 16.2469)
    2141 (4.98046, 18.7969) -> 240 (3.0016, 18.8503)
    2142 (20.3777, 17.5955) -> 1334 (20.1513, 19.3186)
    2143 (4.275, -2.07248) -> 1749 (2.37284, -1.90888)
    2144 (9.62454, -6.07196) -> 2408 (7.78512, -6.25885)
    2145 (21.4291, 7.31612) -> 2056 (22.4965, 5.72504)
    2146 (20.6394, -9.6743) -> 2267 (19.8229, -11.4337)
    2147 (6.6252, 17.1118) -> 2588 (4.98392, 18.1451)
    2148 (16.5358, 22.4508) -> 2308 (15.3884, 23.5795)
    2149 (24.8866, 0.000799429) -> 695 (23.9589, -1.75419)
    2150 (7.67392, -9.45995) -> 2650 (7.06207, -8.05142)
    2151 (10.2171, 0.657201) -> 2559 (8.7862, -0.132456)
    2152 (0.455557, -8.21492) -> 2832 (0.256919, -6.92089)
    2153 (2.11685, 4.52271) -> 2900 (3.18937, 5.8363)
    2154 (20.974, -6.64152) -> 62 (19.4216, -6.71351)
    2155 (6.65871, -4.02773) -> 2467 (5.22412, -4.78301)
    2156 (3.41153, -10.6085) -> 2980 (3.61714, -9.1207)
    2157 (23.1217, 10.491) -> 392 (22.8441, 8.5266)
    2158 (21.6182, 21.7092) -> 1876 (20.1448, 23.0477)
    2159 (8.63201, -1.55505) -> 2780 (6.81889, -1.90859)
    2160 (21.9841, 10.9406) -> 2828 (21.8994, 9.01343)
    2161 (17.17, 2.30281) -> 225 (16.4621, 0.496968)
    2162 (13.4495, -9.89141) -> 1489 (11.788, -9.24937)
    2163 (22.7054, 0.668156) -> 2178 (21.3657, -0.762394)
    2164 (23.0637, -4.92741) -> 1080 (21.0916, -5.14148)
    2165 (12.3481, 23.9304) -> 839 (10.6775, 24.9158)
    2166 (0.567551, 3.81367) -> 2190 (1.40811, 5.4213)
    2167 (24.7146, 16.8213) -> 2331 (23.9766, 18.6029)
    2168 (15.6869, -11.074) -> 2405 (13.8161, -10.5581)
    2169 (18.1252, -9.70974) -> 2441 (17.2848, -8.12707)
    2170 (9.76241, -9.41301) -> 2839 (8.00397, -9.72581)
    2171 (19.4502, 14.8945) -> 2723 (19.7885, 16.5097)
    2172 (6.71921, 15.8057) -> 2544 (4.73292, 15.875)
    2173 (21.7973, 21.4016) -> 1402 (20.0536, 22.3139)
    2174 (3.4217, -5.6215) -> 2706 (4.07757, -4.1114)
    2175 (8.23087, 1.19983) -> 2443 (6.58542, 0.689772)
    2176 (18.2499, -10.6817) -> 1151 (16.6345, -9.62435)
    2177 (7.84334, 5.22664) -> 10 (6.47107, 5.97849)
    2178 (21.3657, -0.762394) -> 2700 (19.9073, -2.114)
    2179 (22.6335, -5.36399) -> 120 (21.0999, -6.20303)
    2180 (11.9349, 0.250989) -> 1211 (10.2209, 1.07597)
    2181 (2.58543, -3.26305) -> 2280 (2.02947, -1.41946)
    2182 (0.256816, 18.3577) -> 13 (0.93811, 16.999)
    2183 (14.9912, -9.64869) -> 2868 (13.3598, -9.20786)
    2184 (4.61272, 4.42997) -> 1773 (2.69749, 4.276)
    2185 (4.13609, 0.232024) -> 2452 (3.14925, 1.74949)
    2186 (11.1613, 1.77085) -> 2188 (9.40898, 1.34072)
    2187 (18.2949, 6.96109) -> 2311 (18.4827, 4.9768)
    2188 (9.40898, 1.34072) -> 924 (7.46046, 1.60874)
    2189 (13.8137, 0.843094) -> 2180 (11.9349, 0.250989)
    2190 (1.40811, 5.4213) -> 1775 (1.06081, 7.30521)
    2191 (23.9142, 8.56327) -> 1619 (22.4553, 7.65226)
    2192 (0.774845, 20.3247) -> 1079 (0.236132, 18.492)
    2193 (16.3026, 6.14758) -> 1058 (15.5946, 4.29401)
    2194 (17.0265, -12.1476) -> 751 (16.1519, -10.4086)
    2195 (6.72361, 0.344752) -> 37 (5.17504, -0.810914)
    2196 (23.4485, 2.44902) -> 2163 (22.7054, 0.668156)
    2197 (17.4782, 21.0349) -> 2499 (16.3983, 22.5899)
    2198 (7.36001, 23.2062) -> 1399 (5.78894, 24.0733)
    2199 (19.2849, 14.4224) -> 394 (19.7422, 16.2887)
    2200 (23.402, 11.4662) -> 2051 (23.7807, 13.2185)
    2201 (23.2841, -10.3252) -> 2641 (21.7022, -10.9278)
    2202 (18.7734, 21.8648) -> 2029 (17.6618, 22.9115)
    2203 (1.11638, 8.58912) -> 2852 (0.0784125, 10.194)
    2204 (1.75712, 14.7323) -> 190 (0.60755, 13.1418)
    2205 (21.7695, -1.33219) -> 138 (21.1207, -2.90736)
    2206 (7.68978, 9.52656) -> 2309 (5.96349, 8.51729)
    2207 (19.4421, 9.17659) -> 2721 (21.0429, 8.08231)
    2208 (0.954355, -9.73949) -> 2967 (1.95613, -8.29148)
    2209 (14.3878, 2.67938) -> 2189 (13.8137, 0.843094)
    2210 (18.3485, 18.7673) -> 602 (17.1255, 20.2468)
    2211 (10.3217, -5.9404) -> 686 (9.24482, -7.29935)
    2212 (1.95226, 17.4125) -> 505 (2.5325, 15.8937)
    2213 (4.03259, 16.5119) -> 2618 (2.935, 14.8583)
    2214 (3.55734, 8.33622) -> 697 (2.36555, 9.56362)
    2215 (12.5423, -11.7473) -> 2995 (11.6998, -10.4331)
    2216 (6.04342, 5.15076) -> 2099 (4.46455, 5.0369)
    2217 (22.156, -2.5626) -> 2298 (22.2793, -4.18328)
    2218 (0.51339, 18.0039) -> 559 (0.992823, 16.2469)
    2219 (15.7484, -9.88391) -> 2093 (13.991, -9.2065)
    2220 (2.62264, -9.47611) -> 2838 (2.11524, -7.56389)
    2221 (5.12292, -8.44702) -> 1215 (5.26292, -6.47716)
    2222 (14.5124, -2.2542) -> 2355 (13.5323, -3.60567)
    2223 (15.9739, 15.7554) -> 2765 (14.8114, 17.2619)
    2224 (5.60233, 9.85234) -> 2566 (3.75946, 9.16228)
    2225 (4.69522, 7.11588) -> 6 (3.18175, 7.9601)
    2226 (14.4043, 8.50261) -> 1304 (13.5893, 6.73721)
    2227 (10.9038, 16.3551) -> 788 (9.30854, 17.3669)
    2228 (14.2296, -4.40009) -> 1707 (12.6201, -5.50609)
    2229 (0.650856, -6.39505) -> 2410 (1.44098, -5.11074)
    2230 (5.24226, -12.275) -> 1699 (3.783, -11.0655)
    2231 (20.9609, 13.637) -> 2751 (21.1918, 14.9231)
    2232 (6.58673, 4.72907) -> 2184 (4.61272, 4.42997)
    2233 (0.694823, 12.3012) -> 2636 (1.60082, 13.5391)
    2234 (24.7231, -10.3356) -> 232 (23.4218, -11.4616)
    2235 (13.2021, 22.6647) -> 2165 (12.3481, 23.9304)
    2236 (20.1072, -0.65222) -> 1955 (19.1787, -2.3119)
    2237 (17.6993, 10.6887) -> 2791 (17.297, 8.95228)
    2238 (5.40955, 13.596) -> 2958 (3.57812, 13.1162)
    2239 (8.67039, -7.38245) -> 2737 (7.0136, -7.13119)
    2240 (15.5305, 22.2079) -> 739 (15.8114, 23.9218)
    2241 (18.948, 7.08434) -> 94 (18.4807, 5.201)
    2242 (18.2511, 5.32634) -> 1064 (17.5668, 3.48965)
    2243 (9.17655, 9.40041) -> 1890 (8.45528, 7.62505)
    2244 (19.4635, -9.45753) -> 1570 (18.0156, -10.8213)
    2245 (17.7101, 7.78844) -> 2961 (17.2198, 6.0214)
    2246 (19.5509, 18.348) -> 398 (18.6269, 20.0884)
    2247 (15.147, 15.7346) -> 2765 (14.8114, 17.2619)
    2248 (4.96079, 1.754) -> 1421 (3.24106, 2.63147)
    2249 (15.3578, 2.87764) -> 1719 (13.5306, 3.0568)
    2250 (20.204, 2.78159) -> 1193 (18.5664, 2.78014)
    2251 (20.7791, 17.3791) -> 2246 (19.5509, 18.348)
    2252 (0.266027, 0.672263) -> 500 (1.5111, 2.08283)
    2253 (17.018, -1.59152) -> 1371 (16.1918, -3.37787)
    2254 (2.62382, -5.70147) -> 2410 (1.44098, -5.11074)
    2255 (19.7623, -2.50214) -> 1797 (18.1375, -3.55266)
    2256 (17.5449, 5.28637) -> 1064 (17.5668, 3.48965)
    2257 (7.64296, -4.30629) -> 719 (6.59751, -5.13806)
    2258 (15.688, 17.4323) -> 2951 (15.7752, 19.3726)
    2259 (22.0926, 4.2529) -> 359 (20.3351, 3.37849)
    2260 (20.2839, -5.47759) -> 1232 (19.4401, -6.95613)
    2261 (15.7515, 22.185) -> 739 (15.8114, 23.9218)
    2262 (10.0759, -5.76739) -> 1241 (8.17724, -6.1005)
    2263 (6.51195, -6.0457) -> 2567 (5.15734, -6.49416)
    2264 (16.4128, -8.48383) -> 2877 (15.0966, -8.98932)
    2265 (18.235, 4.95715) -> 1577 (18.1345, 3.00834)
    2266 (1.78569, -9.76513) -> 1561 (2.41226, -7.8702)
    2267 (19.8229, -11.4337) -> 2477 (17.9303, -11.6697)
    2268 (1.8089, 4.75972) -> 1743 (1.50849, 6.72029)
    2269 (9.28027, -6.14304) -> 1199 (7.45341, -6.82769)
    2270 (15.2332, 14.2646) -> 2332 (17.0609, 14.453)
    2271 (8.16236, -8.07227) -> 2740 (6.24863, -8.02116)
    2272 (9.1237, 17.5492) -> 2915 (8.01754, 18.5464)
    2273 (9.84769, 23.9081) -> 1918 (7.96973, 24.3271)
    2274 (3.7222, 2.02186) -> 1771 (1.96361, 2.18522)
    2275 (22.8358, 16.3954) -> 2481 (22.2443, 18.2136)
    2276 (18.906, -10.1881) -> 2477 (17.9303, -11.6697)
    2277 (16.3533, 23.1916) -> 2993 (15.6542, 24.4811)
    2278 (4.47375, 14.1717) -> 1 (2.69399, 13.9368)
    2279 (2.03248, -4.99548) -> 795 (0.832393, -4.33563)
    2280 (2.02947, -1.41946) -> 2115 (2.01925, 0.0284062)
    2281 (23.3607, 23.9874) -> 1700 (21.9238, 22.6543)
    2282 (24.348, 18.4618) -> 1985 (24.3836, 20.3119)
    2283 (4.37387, 7.16526) -> 569 (2.69738, 7.65257)
    2284 (13.0522, 22.4447) -> 2165 (12.3481, 23.9304)
    2285 (18.0323, -9.18897) -> 56 (17.5074, -7.29303)
    2286 (13.4347, -3.3427) -> 2906 (11.8732, -2.29996)
    2287 (11.4257, -11.255) -> 2821 (10.2655, -10.1402)
    2288 (17.1107, 2.73396) -> 2656 (15.4098, 2.83364)
    2289 (10.8771, 18.9545) -> 818 (10.1751, 20.8086)
    2290 (11.5236, 18.6143) -> 2855 (9.8706, 19.636)
    2291 (6.73562, 1.07649) -> 2248 (4.96079, 1.754)
    2292 (11.8782, 4.17833) -> 1291 (10.4329, 2.9747)
    2293 (12.4248, 10.1077) -> 1899 (12.3693, 8.18217)
    2294 (0.063527, -7.0024) -> 2112 (1.53068, -5.83774)
    2295 (21.0444, 7.44759) -> 1189 (21.0131, 5.71443)
    2296 (10.4095, -5.30205) -> 2925 (8.76459, -4.52104)
    2297 (9.28798, -9.14236) -> 2752 (8.19411, -8.04567)
    2298 (22.2793, -4.18328) -> 97 (21.1841, -5.76817)
    2299 (5.02074, -1.86497) -> 1757 (5.7483, -0.0430305)
    2300 (13.9337, 9.53262) -> 962 (15.0517, 8.06215)
    2301 (17.0496, -8.7757) -> 2877 (15.0966, -8.98932)
    2302 (21.2742, -10.8567) -> 2593 (19.6958, -10.8973)
    2303 (10.4131, -3.34407) -> 1824 (8.8124, -2.15213)
    2304 (10.9004, 3.18459) -> 45 (9.17171, 3.42869)
    2305 (14.3459, -4.78259) -> 372 (12.3634, -4.88489)
    2306 (5.98118, 20.1975) -> 598 (4.07813, 20.8059)
    2307 (13.1281, -1.58332) -> 1429 (11.3127, -1.87546)
    2308 (15.3884, 23.5795) -> 1360 (14.1345, 24.7547)
    2309 (5.96349, 8.51729) -> 2317 (4.27914, 9.00651)
    2310 (3.29131, -5.66946) -> 2410 (1.44098, -5.11074)
    2311 (18.4827, 4.9768) -> 1577 (18.1345, 3.00834)
    2312 (23.0006, 11.4654) -> 2051 (23.7807, 13.2185)
    2313 (17.4837, 12.3778) -> 2898 (19.1695, 13.0623)
    2314 (5.93943, 6.36229) -> 1032 (4.16082, 7.10516)
    2315 (8.89067, -11.094) -> 2049 (7.397, -11.4773)
    2316 (24.9456, -6.48074) -> 2719 (23.5533, -5.10252)
    2317 (4.27914, 9.00651) -> 697 (2.36555, 9.56362)
    2318 (2.50254, -8.2799) -> 2793 (2.72707, -6.38662)
    2319 (13.4099, 2.09681) -> 808 (11.9184, 1.46789)
    2320 (14.7188, 14.3232) -> 2223 (15.9739, 15.7554)
    2321 (1.82243, 22.0911) -> 1864 (0.993969, 20.5144)
    2322 (22.1169, 15.7076) -> 2595 (23.2822, 17.2418)
    2323 (0.576283, 15.1031) -> 13 (0.93811, 16.999)
    2324 (5.65713, -0.852567) -> 2185 (4.13609, 0.232024)
    2325 (7.19702, 1.0983) -> 1757 (5.7483, -0.0430305)
    2326 (5.41104, 17.7609) -> 2507 (3.75441, 17.0722)
    2327 (4.5622, 21.6075) -> 2094 (2.87302, 21.7912)
    2328 (0.468338, 0.715138) -> 500 (1.5111, 2.08283)
    2329 (18.1248, 11.3837) -> 2898 (19.1695, 13.0623)
    2330 (11.2802, -2.728) -> 1938 (9.7112, -3.50305)
    2331 (23.9766, 18.6029) -> 497 (23.5117, 20.5073)
    2332 (17.0609, 14.453) -> 1520 (18.4672, 15.7915)
    2333 (17.6237, -4.73244) -> 2376 (16.1421, -6.03235)
    2334 (23.777, 16.7939) -> 2331 (23.9766, 18.6029)
    2335 (0.685041, 11.918) -> 2636 (1.60082, 13.5391)
    2336 (7.25502, -8.59252) -> 861 (5.47456, -8.42944)
    2337 (9.18419, -10.0825) -> 2606 (7.61463, -11.0441)
    2338 (6.85217, -12.1012) -> 899 (6.74591, -10.1923)
    2339 (1.90676, -7.26809) -> 1020 (0.161127, -6.60747)
    2340 (24.5329, 21.3546) -> 2670 (23.7268, 22.9531)
    2341 (6.8167, 5.10041) -> 1017 (4.93345, 5.4626)
    2342 (13.278, 21.4866) -> 909 (11.8638, 22.572)
    2343 (20.7014, -2.18431) -> 2644 (19.6859, -3.85217)
    2344 (19.698, -3.42469) -> 2858 (17.8973, -3.88739)
    2345 (21.2695, 11.3565) -> 2386 (22.6603, 12.7105)
    2346 (13.859, 1.19069) -> 808 (11.9184, 1.46789)
    2347 (4.07831, 11.6432) -> 2607 (2.33836, 11.3104)
    2348 (18.3815, 20.4756) -> 1299 (16.5651, 20.5191)
    2349 (9.84031, 4.78244) -> 2035 (8.2282, 3.77421)
    2350 (5.73264, 10.5103) -> 1733 (4.30663, 11.1635)
    2351 (18.9467, 22.6089) -> 2922 (17.3152, 23.4583)
    2352 (5.88224, 13.2456) -> 2677 (3.9067, 13.5574)
    2353 (21.8982, 19.6785) -> 2648 (21.0187, 21.2749)
    2354 (17.8543, -3.19281) -> 1371 (16.1918, -3.37787)
    2355 (13.5323, -3.60567) -> 1478 (11.8351, -4.58027)
    2356 (18.8106, -2.31697) -> 2090 (16.8727, -2.78876)
    2357 (22.2874, 4.39525) -> 985 (22.5743, 2.55388)
    2358 (0.721741, 4.28159) -> 2190 (1.40811, 5.4213)
    2359 (18.7625, 13.1568) -> 2022 (18.7469, 15.12)
    2360 (24.3324, -9.38693) -> 1635 (22.4768, -9.51706)
    2361 (3.56336, 5.37617) -> 1138 (2.57363, 7.00868)
    2362 (14.6479, 20.465) -> 2342 (13.278, 21.4866)
    2363 (11.6786, 0.258654) -> 1912 (10.4972, 1.71366)
    2364 (13.1218, 22.3946) -> 2165 (12.3481, 23.9304)
    2365 (10.3298, -3.08588) -> 1140 (9.17636, -1.59935)
    2366 (18.7872, 12.4564) -> 1770 (20.2149, 13.8469)
    2367 (5.61132, 9.41846) -> 2566 (3.75946, 9.16228)
    2368 (8.45799, -2.30196) -> 2780 (6.81889, -1.90859)
    2369 (17.663, -3.65147) -> 1575 (16.7042, -5.0474)
    2370 (16.4808, 11.5623) -> 2827 (18.0104, 10.3408)
    2371 (1.57214, -9.47538) -> 2838 (2.11524, -7.56389)
    2372 (5.64124, 1.95602) -> 2916 (3.95733, 2.45804)
    2373 (20.2273, 6.55703) -> 2446 (20.8797, 4.77762)
    2374 (19.5048, -9.58213) -> 1570 (18.0156, -10.8213)
    2375 (5.52449, 21.806) -> 624 (3.54708, 21.9234)
    2376 (16.1421, -6.03235) -> 2727 (14.2127, -6.16687)
    2377 (11.947, 21.5697) -> 226 (12.0739, 23.5371)
    2378 (19.8374, -9.42413) -> 2285 (18.0323, -9.18897)
    2379 (15.1787, 4.46494) -> 2209 (14.3878, 2.67938)
    2380 (24.4626, 9.65743) -> 2707 (24.4687, 7.9269)
    2381 (22.0841, 7.90921) -> 2621 (20.7205, 6.47195)
    2382 (5.70469, 7.55119) -> 1044 (4.63752, 9.16831)
    2383 (1.94136, -0.72203) -> 2874 (2.99237, 0.898252)
    2384 (23.3107, 1.50326) -> 2017 (23.3869, -0.24078)
    2385 (12.5704, 4.36366) -> 39 (10.879, 3.94668)
    2386 (22.6603, 12.7105) -> 1364 (22.8346, 14.5483)
    2387 (13.9571, 18.8258) -> 2760 (13.2171, 20.5999)
    2388 (14.0207, -8.43873) -> 2565 (12.1046, -8.85427)
    2389 (24.9219, 17.4062) -> 2331 (23.9766, 18.6029)
    2390 (19.0752, 0.321736) -> 2030 (17.3588, 1.21895)
    2391 (11.1738, -7.85822) -> 419 (9.56793, -6.86728)
    2392 (16.857, 22.0553) -> 2754 (14.9448, 22.6215)
    2393 (13.7425, 21.0368) -> 1062 (13.3763, 22.9272)
    2394 (20.8672, 12.4739) -> 898 (20.926, 14.3366)
    2395 (3.42367, -10.8685) -> 2980 (3.61714, -9.1207)
    2396 (22.3297, 20.8367) -> 1700 (21.9238, 22.6543)
    2397 (7.53521, 11.8184) -> 2991 (5.62334, 11.9842)
    2398 (13.9358, 10.4316) -> 2226 (14.4043, 8.50261)
    2399 (9.55981, 16.2095) -> 19 (8.46963, 17.8562)
    2400 (12.4279, 1.76499) -> 1912 (10.4972, 1.71366)
    2401 (0.629493, 14.2965) -> 1588 (1.36099, 13.0467)
    2402 (13.8863, 16.7475) -> 1488 (13.0635, 18.4466)
    2403 (17.0289, -8.85724) -> 2877 (15.0966, -8.98932)
    2404 (18.2329, 6.0364) -> 2483 (16.336, 5.78051)
    2405 (13.8161, -10.5581) -> 427 (13.1137, -8.81951)
    2406 (3.33505, 7.19967) -> 2138 (2.52342, 8.67357)
    2407 (22.9419, 7.49076) -> 2056 (22.4965, 5.72504)
    2408 (7.78512, -6.25885) -> 1748 (6.20585, -5.76696)
    2409 (22.5427, 14.0395) -> 2322 (22.1169, 15.7076)
    2410 (1.44098, -5.11074) -> 2673 (0.542211, -3.33237)
    2411 (7.62237, -0.73429) -> 1757 (5.7483, -0.0430305)
    2412 (8.32189, 5.91993) -> 10 (6.47107, 5.97849)
    2413 (14.6341, 13.9442) -> 473 (15.2859, 15.7686)
    2414 (3.39935, -2.25345) -> 2498 (1.73527, -1.21852)
    2415 (22.0188, 0.10517) -> 182 (20.1027, 0.161488)
    2416 (22.0936, 19.6783) -> 2648 (21.0187, 21.2749)
    2417 (21.1385, 10.4995) -> 2828 (21.8994, 9.01343)
    2418 (16.2101, -7.36937) -> 2877 (15.0966, -8.98932)
    2419 (21.0613, 8.96366) -> 1597 (21.0624, 7.18624)
    2420 (0.776614, -10.0442) -> 2220 (2.62264, -9.47611)
    2421 (1.97655, -9.84512) -> 380 (1.87437, -7.89107)
    2422 (20.4559, 5.49469) -> 94 (18.4807, 5.201)
    2423 (20.1285, 7.12733) -> 2106 (19.8159, 5.23246)
    2424 (15.5418, 11.3942) -> 1115 (17.3092, 10.474)
    2425 (2.19283, 21.6214) -> 2192 (0.774845, 20.3247)
    2426 (16.2477, -3.35618) -> 1085 (15.0025, -4.57212)
    2427 (16.595, -1.34607) -> 613 (14.8748, -2.08732)
    2428 (15.093, 3.23781) -> 133 (13.5785, 3.19906)
    2429 (17.6925, 1.17897) -> 2966 (16.5919, -0.00186663)
    2430 (10.3791, 5.15585) -> 1136 (8.66184, 4.55695)
    2431 (2.41597, 4.32452) -> 2190 (1.40811, 5.4213)
    2432 (4.25692, 7.9748) -> 2138 (2.52342, 8.67357)
    2433 (18.9841, 24.447) -> 2922 (17.3152, 23.4583)
    2434 (4.49226, -12.3904) -> 2943 (3.02532, -11.3396)
    2435 (9.09758, -8.68628) -> 2336 (7.25502, -8.59252)
    2436 (14.4929, 5.54205) -> 1926 (14.038, 3.5994)
    2437 (20.2118, 7.32487) -> 2422 (20.4559, 5.49469)
    2438 (5.68802, 20.5951) -> 1074 (3.92335, 20.0607)
    2439 (17.7011, 24.5817) -> 2846 (16.3321, 24.6764)
    2440 (22.6153, 13.5368) -> 1502 (23.1685, 15.1971)
    2441 (17.2848, -8.12707) -> 1379 (15.6049, -7.17574)
    2442 (15.8771, 13.0591) -> 1198 (17.331, 14.3654)
    2443 (6.58542, 0.689772) -> 2248 (4.96079, 1.754)
    2444 (4.38758, 9.4351) -> 1397 (3.1558, 10.7641)
    2445 (23.9236, -10.6559) -> 1117 (22.9971, -11.9832)
    2446 (20.8797, 4.77762) -> 330 (20.4573, 2.85238)
    2447 (18.3701, -0.570738) -> 2820 (17.0313, -1.94047)
    2448 (24.9555, 10.8771) -> 2872 (24.0627, 12.4652)
    2449 (7.28098, 4.46619) -> 1558 (5.48681, 4.95086)
    2450 (14.7951, -2.58344) -> 2921 (13.3366, -1.55054)
    2451 (16.3223, -11.8559) -> 673 (15.4027, -10.1915)
    2452 (3.14925, 1.74949) -> 381 (1.19271, 1.71147)
    2453 (7.18274, 20.7681) -> 2818 (5.38157, 20.7261)
    2454 (23.1552, 7.97781) -> 1325 (24.7374, 6.86559)
    2455 (15.1056, 8.52342) -> 531 (14.8189, 6.80802)
    2456 (13.4957, 3.7624) -> 889 (11.759, 3.31499)
    2457 (3.46476, -0.49498) -> 2115 (2.01925, 0.0284062)
    2458 (21.3838, 6.96363) -> 2816 (20.9134, 5.30523)
    2459 (12.1271, 22.3891) -> 2702 (10.6692, 23.6865)
    2460 (2.59378, 18.2269) -> 195 (0.786712, 18.9242)
    2461 (3.20764, -7.0199) -> 2480 (1.54805, -6.2158)
    2462 (9.3673, 6.79426) -> 2562 (7.54449, 6.51681)
    2463 (4.08862, 12.3975) -> 2934 (2.38864, 12.7203)
    2464 (23.3948, -5.70566) -> 2298 (22.2793, -4.18328)
    2465 (7.2447, 11.4972) -> 952 (5.50969, 12.2659)
    2466 (22.4982, -2.07903) -> 2041 (21.9335, -3.80608)
    2467 (5.22412, -4.78301) -> 653 (5.29422, -3.05167)
    2468 (22.8604, -1.49852) -> 2853 (22.2053, -3.1506)
    2469 (15.0194, -8.53583) -> 427 (13.1137, -8.81951)
    2470 (12.7297, 17.5821) -> 996 (12.1468, 19.4882)
    2471 (1.78812, 10.9945) -> 2934 (2.38864, 12.7203)
    2472 (11.6694, 21.1623) -> 1568 (10.5786, 22.1058)
    2473 (3.88445, 20.4533) -> 299 (2.07978, 20.7851)
    2474 (17.6656, 4.9465) -> 1577 (18.1345, 3.00834)
    2475 (3.68682, 17.7375) -> 1267 (2.3976, 18.3446)
    2476 (20.2281, 7.84876) -> 1685 (19.2468, 6.56464)
    2477 (17.9303, -11.6697) -> 2053 (15.983, -11.3838)
    2478 (8.67338, 21.8417) -> 1742 (7.1658, 22.9962)
    2479 (17.4261, 12.5185) -> 2898 (19.1695, 13.0623)
    2480 (1.54805, -6.2158) -> 1914 (0.383244, -4.85534)
    2481 (22.2443, 18.2136) -> 2646 (22.7652, 20.1026)
    2482 (14.9907, 4.40853) -> 509 (13.9375, 3.05206)
    2483 (16.336, 5.78051) -> 2482 (14.9907, 4.40853)
    2484 (20.7793, 22.9618) -> 2583 (19.3963, 24.1095)
    2485 (18.164, 10.9404) -> 27 (17.1742, 9.39732)
    2486 (19.1811, -10.5344) -> 2860 (17.4373, -11.4454)
    2487 (3.00085, 13.8076) -> 1588 (1.36099, 13.0467)
    2488 (8.78562, -5.04395) -> 2690 (7.07893, -6.06055)
    2489 (21.3579, -8.38597) -> 1972 (19.909, -9.64127)
    2490 (17.6247, -5.62562) -> 56 (17.5074, -7.29303)
    2491 (20.5822, 3.11304) -> 1118 (19.8076, 1.37016)
    2492 (4.88384, 24.5708) -> 1218 (2.98306, 24.1584)
    2493 (3.50103, 22.2666) -> 874 (1.6512, 22.5478)
    2494 (12.9739, -2.79622) -> 1186 (11.0659, -3.08551)
    2495 (19.7847, -9.98701) -> 1570 (18.0156, -10.8213)
    2496 (0.0889751, 24.0567) -> 984 (1.96728, 24.0427)
    2497 (5.27064, 5.53455) -> 1900 (3.76809, 6.84685)
    2498 (1.73527, -1.21852) -> 647 (1.23548, 0.676717)
    2499 (16.3983, 22.5899) -> 1499 (15.5972, 24.2911)
    2500 (4.53961, 17.0731) -> 112 (3.96648, 15.4534)
    2501 (24.1342, 11.8697) -> 241 (24.1413, 13.8441)
    2502 (19.5934, 9.04394) -> 2423 (20.1285, 7.12733)
    2503 (6.92595, 4.02019) -> 1558 (5.48681, 4.95086)
    2504 (12.7949, 16.6737) -> 1488 (13.0635, 18.4466)
    2505 (9.82514, 9.61763) -> 2506 (8.01129, 8.80524)
    2506 (8.01129, 8.80524) -> 1284 (6.15639, 8.21066)
    2507 (3.75441, 17.0722) -> 505 (2.5325, 15.8937)
    2508 (22.0817, 8.51152) -> 760 (20.5965, 7.42739)
    2509 (16.8715, -4.49759) -> 1085 (15.0025, -4.57212)
    2510 (9.94151, 19.7102) -> 405 (8.31914, 20.8395)
    2511 (2.75778, 13.6334) -> 207 (0.989785, 13.2397)
    2512 (19.9978, -0.255981) -> 2700 (19.9073, -2.114)
    2513 (20.5096, 18.5409) -> 764 (20.9922, 20.354)
    2514 (6.25368, 4.94519) -> 2099 (4.46455, 5.0369)
    2515 (5.8371, -0.145878) -> 1310 (4.32803, 0.879425)
    2516 (8.06342, 9.9317) -> 143 (6.24909, 9.54416)
    2517 (3.61349, 13.2415) -> 973 (2.95809, 14.9928)
    2518 (13.1793, -6.94421) -> 1867 (11.4341, -7.84225)
    2519 (17.5178, -9.15724) -> 751 (16.1519, -10.4086)
    2520 (23.4385, 12.9494) -> 2597 (22.7165, 14.6159)
    2521 (9.68518, 1.80763) -> 2175 (8.23087, 1.19983)
    2522 (17.5139, 14.5699) -> 2171 (19.4502, 14.8945)
    2523 (23.7942, 13.1454) -> 2597 (22.7165, 14.6159)
    2524 (20.1852, 12.1994) -> 892 (21.5688, 13.4229)
    2525 (23.7274, 20.036) -> 2592 (23.6232, 21.6578)
    2526 (23.8098, 19.6572) -> 342 (23.5152, 21.5306)
    2527 (21.3804, 23.9103) -> 2583 (19.3963, 24.1095)
    2528 (0.937464, -11.3082) -> 1411 (0.737635, -9.38984)
    2529 (8.89611, 19.5448) -> 1547 (7.48477, 20.7826)
    2530 (4.3465, 14.1637) -> 1 (2.69399, 13.9368)
    2531 (21.1986, -6.91536) -> 62 (19.4216, -6.71351)
    2532 (24.5441, 11.7582) -> 1850 (24.012, 13.4574)
    2533 (9.91871, -0.994998) -> 312 (8.18521, -0.406496)
    2534 (9.53029, -1.4198) -> 312 (8.18521, -0.406496)
    2535 (21.6282, -7.6309) -> 2851 (20.0761, -8.8457)
    2536 (11.0496, -3.97085) -> 1746 (9.96118, -2.40606)
    2537 (20.985, 16.3481) -> 1370 (20.5246, 18.0497)
    2538 (15.3824, -6.28776) -> 1979 (13.7096, -7.02411)
    2539 (0.827181, 17.7307) -> 559 (0.992823, 16.2469)
    2540 (24.281, -6.46191) -> 1552 (22.5737, -7.02488)
    2541 (18.941, 12.4036) -> 568 (20.7469, 12.6572)
    2542 (3.52165, 0.991593) -> 1696 (3.49783, 2.98888)
    2543 (16.4989, -6.78398) -> 2551 (14.8759, -5.98326)
    2544 (4.73292, 15.875) -> 973 (2.95809, 14.9928)
    2545 (14.8567, 0.624273) -> 417 (13.9283, -0.748675)
    2546 (23.6628, 11.0116) -> 2386 (22.6603, 12.7105)
    2547 (20.6121, -4.47753) -> 2052 (19.0178, -4.784)
    2548 (15.721, 2.03111) -> 662 (15.5697, 0.363109)
    2549 (9.12488, -9.67643) -> 2752 (8.19411, -8.04567)
    2550 (17.6244, 8.00093) -> 2729 (19.0326, 6.81529)
    2551 (14.8759, -5.98326) -> 266 (13.7773, -4.37322)
    2552 (10.8486, 22.7433) -> 1682 (10.5655, 24.709)
    2553 (2.83538, -2.15779) -> 2990 (1.7577, -0.690759)
    2554 (22.3342, 21.8308) -> 2744 (21.8303, 23.4239)
    2555 (9.0264, 17.752) -> 1410 (7.25661, 18.2753)
    2556 (24.0436, 9.56931) -> 2707 (24.4687, 7.9269)
    2557 (17.7621, -9.60037) -> 751 (16.1519, -10.4086)
    2558 (0.0297698, 0.95207) -> 500 (1.5111, 2.08283)
    2559 (8.7862, -0.132456) -> 2965 (7.19498, 0.455284)
    2560 (15.0564, 15.1878) -> 949 (16.216, 16.5874)
    2561 (12.1773, -5.1114) -> 2296 (10.4095, -5.30205)
    2562 (7.54449, 6.51681) -> 1650 (5.67869, 6.02913)
    2563 (2.43265, -8.54328) -> 2936 (3.57539, -7.37131)
    2564 (12.6273, 22.9628) -> 1895 (11.412, 24.3754)
    2565 (12.1046, -8.85427) -> 137 (10.9109, -7.28559)
    2566 (3.75946, 9.16228) -> 1213 (2.39953, 10.6222)
    2567 (5.15734, -6.49416) -> 2091 (4.64491, -4.58568)
    2568 (17.1528, 13.1376) -> 43 (18.9455, 12.9634)
    2569 (3.66156, 1.48942) -> 1771 (1.96361, 2.18522)
    2570 (12.7053, 24.511) -> 269 (10.8367, 24.7163)
    2571 (22.3985, 17.3691) -> 1654 (22.251, 18.9887)
    2572 (8.94767, -9.43669) -> 1794 (7.04102, -9.61443)
    2573 (8.91682, 18.3556) -> 1449 (7.06845, 19.0601)
    2574 (24.6376, 15.7446) -> 546 (24.8704, 17.722)
    2575 (18.071, 14.4281) -> 2065 (19.486, 15.2966)
    2576 (8.19989, 24.1713) -> 1380 (6.3548, 23.4807)
    2577 (19.8612, 21.4034) -> 1876 (20.1448, 23.0477)
    2578 (0.710829, -7.74312) -> 2480 (1.54805, -6.2158)
    2579 (20.4323, 22.634) -> 2583 (19.3963, 24.1095)
    2580 (3.57446, 23.85) -> 2709 (3.7228, 21.8826)
    2581 (7.21721, 24.5087) -> 1399 (5.78894, 24.0733)
    2582 (11.5182, -5.54797) -> 2144 (9.62454, -6.07196)
    2583 (19.3963, 24.1095) -> 2439 (17.7011, 24.5817)
    2584 (13.8384, -1.1212) -> 21 (11.9846, -1.712)
    2585 (14.4356, 4.47488) -> 509 (13.9375, 3.05206)
    2586 (5.15788, -8.26121) -> 1215 (5.26292, -6.47716)
    2587 (8.98776, 6.5391) -> 2862 (7.76281, 4.98802)
    2588 (4.98392, 18.1451) -> 2213 (4.03259, 16.5119)
    2589 (6.08816, 12.1362) -> 1788 (4.49262, 13.1687)
    2590 (19.4441, 14.1746) -> 2751 (21.1918, 14.9231)
    2591 (7.52015, 9.69694) -> 2367 (5.61132, 9.41846)
    2592 (23.6232, 21.6578) -> 1700 (21.9238, 22.6543)
    2593 (19.6958, -10.8973) -> 2477 (17.9303, -11.6697)
    2594 (7.37426, 3.36363) -> 1148 (6.36179, 5.05321)
    2595 (23.2822, 17.2418) -> 1545 (22.0823, 18.7204)
    2596 (21.7417, 6.45228) -> 2446 (20.8797, 4.77762)
    2597 (22.7165, 14.6159) -> 459 (22.6572, 16.4866)
    2598 (7.65261, 23.0526) -> 103 (6.09468, 23.6582)
    2599 (12.0135, -7.13932) -> 2126 (10.7093, -7.94708)
    2600 (4.56647, 20.0386) -> 1681 (2.79944, 20.0678)
    2601 (15.9855, 22.0913) -> 739 (15.8114, 23.9218)
    2602 (7.94045, -10.2425) -> 1236 (6.86422, -8.67506)
    2603 (24.5714, 6.24884) -> 319 (23.9068, 4.38588)
    2604 (22.2882, 24.1531) -> 2819 (20.4468, 24.733)
    2605 (13.123, 16.2572) -> 1945 (12.484, 18.0509)
    2606 (7.61463, -11.0441) -> 1905 (5.77905, -10.2994)
    2607 (2.33836, 11.3104) -> 1588 (1.36099, 13.0467)
    2608 (1.30504, 17.9208) -> 559 (0.992823, 16.2469)
    2609 (0.766892, 21.2362) -> 299 (2.07978, 20.7851)
    2610 (20.0222, -6.37239) -> 75 (18.2376, -5.74407)
    2611 (18.4737, -10.429) -> 868 (17.5492, -12.173)
    2612 (24.0183, 16.1861) -> 1835 (22.5173, 16.8282)
    2613 (5.28271, -10.1825) -> 861 (5.47456, -8.42944)
    2614 (19.8337, 23.8238) -> 1420 (18.2406, 23.0417)
    2615 (4.01036, 14.0896) -> 2758 (2.074, 14.3394)
    2616 (17.5043, 22.7387) -> 2261 (15.7515, 22.185)
    2617 (22.9725, 17.7403) -> 2904 (21.631, 19.0347)
    2618 (2.935, 14.8583) -> 0 (1, 15)
    2619 (9.77581, -8.22375) -> 2271 (8.16236, -8.07227)
    2620 (22.0868, -6.38251) -> 850 (20.4179, -5.28468)
    2621 (20.7205, 6.47195) -> 1653 (21.5573, 4.70415)
    2622 (24.5852, -6.20123) -> 2823 (23.0941, -5.43841)
    2623 (24.7987, 2.70249) -> 1745 (24.0156, 1.01214)
    2624 (24.9772, -8.79359) -> 744 (23.2078, -9.66252)
    2625 (18.912, 8.83574) -> 2187 (18.2949, 6.96109)
    2626 (14.8418, 4.45829) -> 509 (13.9375, 3.05206)
    2627 (23.867, 16.9912) -> 2331 (23.9766, 18.6029)
    2628 (12.8023, 2.9033) -> 2186 (11.1613, 1.77085)
    2629 (24.9917, 9.58211) -> 2707 (24.4687, 7.9269)
    2630 (4.87858, 2.37154) -> 734 (2.98721, 2.08973)
    2631 (13.5105, 7.1703) -> 2973 (13.0337, 5.48201)
    2632 (22.4045, -11.1545) -> 520 (21.1158, -12.484)
    2633 (4.6467, 2.72766) -> 734 (2.98721, 2.08973)
    2634 (21.1736, 6.10154) -> 1240 (21.693, 4.57599)
    2635 (2.37383, 16.7549) -> 13 (0.93811, 16.999)
    2636 (1.60082, 13.5391) -> 0 (1, 15)
    2637 (6.55453, 2.77437) -> 2633 (4.6467, 2.72766)
    2638 (23.5206, 13.2568) -> 1502 (23.1685, 15.1971)
    2639 (6.54933, -3.89563) -> 165 (4.65911, -3.87123)
    2640 (0.461602, 0.908449) -> 500 (1.5111, 2.08283)
    2641 (21.7022, -10.9278) -> 2267 (19.8229, -11.4337)
    2642 (4.51261, -0.847106) -> 1310 (4.32803, 0.879425)
    2643 (5.52871, 6.70538) -> 2086 (4.30625, 8.14192)
    2644 (19.6859, -3.85217) -> 2858 (17.8973, -3.88739)
    2645 (24.3284, 19.5918) -> 1212 (23.6902, 21.4847)
    2646 (22.7652, 20.1026) -> 2158 (21.6182, 21.7092)
    2647 (23.4509, 10.6357) -> 1616 (24.6141, 12.0157)
    2648 (21.0187, 21.2749) -> 1876 (20.1448, 23.0477)
    2649 (5.03349, 9.67915) -> 1625 (3.33201, 10.1356)
    2650 (7.06207, -8.05142) -> 2221 (5.12292, -8.44702)
    2651 (4.49641, 3.26173) -> 734 (2.98721, 2.08973)
    2652 (3.85942, 16.008) -> 2618 (2.935, 14.8583)
    2653 (0.768323, -3.97719) -> 2787 (1.34287, -2.4256)
    2654 (3.39639, 24.0908) -> 1732 (3.05936, 22.2529)
    2655 (1.78522, -0.230983) -> 1500 (0.0277917, 0.103567)
    2656 (15.4098, 2.83364) -> 133 (13.5785, 3.19906)
    2657 (18.9268, 23.9862) -> 2879 (17.0612, 23.3869)
    2658 (18.8223, 2.99337) -> 2161 (17.17, 2.30281)
    2659 (22.7234, 0.268699) -> 2205 (21.7695, -1.33219)
    2660 (0.371649, 9.77675) -> 196 (1.84603, 11.1069)
    2661 (16.7998, 23.062) -> 2993 (15.6542, 24.4811)
    2662 (2.92078, -7.44233) -> 911 (1.95874, -5.82213)
    2663 (12.8433, -3.88453) -> 2059 (11.161, -4.81822)
    2664 (21.0419, -6.98213) -> 62 (19.4216, -6.71351)
    2665 (9.63026, 2.4923) -> 12 (7.65835, 2.28688)
    2666 (1.51298, -3.91264) -> 1834 (0.968362, -1.99432)
    2667 (11.3661, 7.85504) -> 1540 (10.8393, 6.0903)
    2668 (20.0864, 10.7229) -> 2502 (19.5934, 9.04394)
    2669 (24.3518, -8.82452) -> 2738 (22.9138, -7.44209)
    2670 (23.7268, 22.9531) -> 2744 (21.8303, 23.4239)
    2671 (0.714879, -4.91616) -> 2673 (0.542211, -3.33237)
    2672 (23.1624, 3.79347) -> 193 (22.5343, 2.21829)
    2673 (0.542211, -3.33237) -> 1052 (0.432575, -1.71114)
    2674 (7.16474, 4.59415) -> 1558 (5.48681, 4.95086)
    2675 (8.44854, 7.8674) -> 597 (6.95938, 9.15301)
    2676 (9.92514, 9.0422) -> 2695 (9.28596, 7.17456)
    2677 (3.9067, 13.5574) -> 973 (2.95809, 14.9928)
    2678 (4.2014, 24.4689) -> 1977 (2.52811, 24.1305)
    2679 (21.6225, 7.97616) -> 2373 (20.2273, 6.55703)
    2680 (19.5957, -3.82916) -> 2858 (17.8973, -3.88739)
    2681 (22.4993, 15.5527) -> 2595 (23.2822, 17.2418)
    2682 (13.7133, 15.1356) -> 2023 (14.8264, 16.5349)
    2683 (5.22511, 17.7034) -> 2213 (4.03259, 16.5119)
    2684 (4.38397, -2.54231) -> 1754 (2.95664, -1.39265)
    2685 (6.31205, 19.4249) -> 2600 (4.56647, 20.0386)
    2686 (16.5015, -2.69285) -> 30 (15.1444, -4.15916)
    2687 (16.6046, -12.1521) -> 189 (15.0786, -10.9697)
    2688 (24.7854, -1.56022) -> 2468 (22.8604, -1.49852)
    2689 (1.40976, -4.54899) -> 2673 (0.542211, -3.33237)
    2690 (7.07893, -6.06055) -> 2567 (5.15734, -6.49416)
    2691 (18.4366, 3.30584) -> 2928 (17.7229, 1.92333)
    2692 (13.4153, 6.67601) -> 228 (12.5947, 4.87573)
    2693 (12.6787, 22.5832) -> 1160 (11.4851, 23.9779)
    2694 (4.0176, 15.8895) -> 505 (2.5325, 15.8937)
    2695 (9.28596, 7.17456) -> 2920 (8.28074, 5.46077)
    2696 (17.8381, -1.315) -> 1974 (16.5725, -2.84701)
    2697 (8.16712, 6.17781) -> 10 (6.47107, 5.97849)
    2698 (1.25008, -4.04614) -> 1112 (0.794088, -2.44487)
    2699 (3.11662, 19.8861) -> 1267 (2.3976, 18.3446)
    2700 (19.9073, -2.114) -> 40 (18.1964, -3.05455)
    2701 (16.0918, 8.59063) -> 418 (15.5944, 6.75927)
    2702 (10.6692, 23.6865) -> 1382 (8.97256, 23.8797)
    2703 (10.9928, 5.18163) -> 2071 (9.04612, 5.6026)
    2704 (1.50556, 3.84496) -> 2190 (1.40811, 5.4213)
    2705 (15.536, 13.0253) -> 2479 (17.4261, 12.5185)
    2706 (4.07757, -4.1114) -> 2181 (2.58543, -3.26305)
    2707 (24.4687, 7.9269) -> 2603 (24.5714, 6.24884)
    2708 (2.52758, 5.73559) -> 1543 (1.32727, 7.181)
    2709 (3.7228, 21.8826) -> 299 (2.07978, 20.7851)
    2710 (4.26711, 10.5226) -> 1213 (2.39953, 10.6222)
    2711 (22.5573, 9.87021) -> 2454 (23.1552, 7.97781)
    2712 (8.29496, 2.94019) -> 2741 (6.53228, 3.46958)
    2713 (22.1314, -8.22196) -> 1761 (20.7413, -6.95555)
    2714 (0.514044, -1.96505) -> 2990 (1.7577, -0.690759)
    2715 (8.18006, -12.0936) -> 2783 (6.31668, -12.0713)
    2716 (1.67779, -0.920349) -> 1500 (0.0277917, 0.103567)
    2717 (18.5468, -2.5929) -> 1974 (16.5725, -2.84701)
    2718 (9.37817, -9.97338) -> 1648 (8.9563, -8.06439)
    2719 (23.5533, -5.10252) -> 2620 (22.0868, -6.38251)
    2720 (17.7995, 11.7543) -> 2898 (19.1695, 13.0623)
    2721 (21.0429, 8.08231) -> 2983 (21.8193, 6.39825)
    2722 (23.4648, 13.2577) -> 1502 (23.1685, 15.1971)
    2723 (19.7885, 16.5097) -> 2246 (19.5509, 18.348)
    2724 (21.214, 14.63) -> 2537 (20.985, 16.3481)
    2725 (15.6584, 9.76358) -> 962 (15.0517, 8.06215)
    2726 (24.9544, 3.89268) -> 714 (24.8868, 2.2827)
    2727 (14.2127, -6.16687) -> 2945 (12.8449, -7.56736)
    2728 (9.41299, -11.1105) -> 420 (7.58869, -11.0377)
    2729 (19.0326, 6.81529) -> 2311 (18.4827, 4.9768)
    2730 (19.01, 2.53866) -> 467 (17.9812, 1.02995)
    2731 (0.131194, -9.41514) -> 668 (0.540593, -7.61859)
    2732 (18.8654, 7.96387) -> 2770 (17.8278, 6.77758)
    2733 (16.612, 22.3404) -> 739 (15.8114, 23.9218)
    2734 (0.213407, 7.14694) -> 1882 (0.245688, 9.00182)
    2735 (22.355, -5.40663) -> 2531 (21.1986, -6.91536)
    2736 (4.56823, 15.7423) -> 2618 (2.935, 14.8583)
    2737 (7.0136, -7.13119) -> 2567 (5.15734, -6.49416)
    2738 (22.9138, -7.44209) -> 2531 (21.1986, -6.91536)
    2739 (11.3755, -11.6137) -> 2821 (10.2655, -10.1402)
    2740 (6.24863, -8.02116) -> 2567 (5.15734, -6.49416)
    2741 (6.53228, 3.46958) -> 2630 (4.87858, 2.37154)
    2742 (23.4556, 21.5777) -> 1700 (21.9238, 22.6543)
    2743 (5.76597, 13.5045) -> 2036 (3.85403, 13.3335)
    2744 (21.8303, 23.4239) -> 2078 (19.9445, 23.9611)
    2745 (2.11799, 3.57864) -> 2190 (1.40811, 5.4213)
    2746 (22.0397, 22.4634) -> 1876 (20.1448, 23.0477)
    2747 (7.35871, 17.0933) -> 706 (5.86005, 18.2918)
    2748 (5.08322, 17.767) -> 223 (3.96771, 19.4033)
    2749 (6.29005, 8.96444) -> 2444 (4.38758, 9.4351)
    2750 (18.5524, 1.39281) -> 1810 (16.9058, 0.285217)
    2751 (21.1918, 14.9231) -> 1873 (20.5703, 16.698)
    2752 (8.19411, -8.04567) -> 2740 (6.24863, -8.02116)
    2753 (24.5861, 12.3637) -> 2899 (23.2747, 13.7871)
    2754 (14.9448, 22.6215) -> 2974 (14.0068, 24.3805)
    2755 (19.7118, 0.173451) -> 467 (17.9812, 1.02995)
    2756 (1.41346, 14.9803) -> 1588 (1.36099, 13.0467)
    2757 (8.82661, 8.03456) -> 2562 (7.54449, 6.51681)
    2758 (2.074, 14.3394) -> 0 (1, 15)
    2759 (0.977955, 19.7042) -> 1267 (2.3976, 18.3446)
    2760 (13.2171, 20.5999) -> 732 (11.9813, 22.1548)
    2761 (17.6166, 1.12313) -> 2966 (16.5919, -0.00186663)
    2762 (2.92277, 24.0776) -> 874 (1.6512, 22.5478)
    2763 (18.2918, 13.1062) -> 72 (18.569, 14.9276)
    2764 (22.2448, 24.1292) -> 2819 (20.4468, 24.733)
    2765 (14.8114, 17.2619) -> 213 (14.3546, 19.2)
    2766 (23.3228, 9.51996) -> 2707 (24.4687, 7.9269)
    2767 (20.418, 1.85091) -> 2750 (18.5524, 1.39281)
    2768 (0.103155, 22.975) -> 946 (0.343364, 21.2678)
    2769 (18.8036, 24.8996) -> 1420 (18.2406, 23.0417)
    2770 (17.8278, 6.77758) -> 2831 (16.4372, 5.65457)
    2771 (6.44276, 24.6727) -> 2930 (4.76658, 24.1325)
    2772 (1.833, -0.904868) -> 1878 (1.06685, 0.395368)
    2773 (18.8878, -10.3185) -> 577 (17.3163, -11.1677)
    2774 (2.80973, 1.42585) -> 2952 (0.974589, 2.19096)
    2775 (7.54192, 10.3363) -> 2224 (5.60233, 9.85234)
    2776 (4.13632, -9.56884) -> 699 (2.95853, -7.97796)
    2777 (0.306688, 3.43349) -> 2745 (2.11799, 3.57864)
    2778 (19.3554, 17.2486) -> 2210 (18.3485, 18.7673)
    2779 (8.95833, 18.4359) -> 387 (7.93997, 20.1353)
    2780 (6.81889, -1.90859) -> 37 (5.17504, -0.810914)
    2781 (19.1282, 3.90092) -> 481 (17.5249, 2.87874)
    2782 (16.2545, 6.22847) -> 883 (16.5556, 4.26666)
    2783 (6.31668, -12.0713) -> 1905 (5.77905, -10.2994)
    2784 (14.9608, -12.0446) -> 1672 (14.2157, -10.208)
    2785 (10.3558, 19.4858) -> 1061 (9.26475, 21.1339)
    2786 (16.122, 3.07802) -> 2209 (14.3878, 2.67938)
    2787 (1.34287, -2.4256) -> 2990 (1.7577, -0.690759)
    2788 (18.237, 9.17495) -> 1404 (16.7752, 7.9688)
    2789 (20.1442, -2.25133) -> 2717 (18.5468, -2.5929)
    2790 (19.6668, -7.1992) -> 1881 (18.6735, -8.6791)
    2791 (17.297, 8.95228) -> 2956 (15.8502, 7.75282)
    2792 (2.17143, 2.39937) -> 1773 (2.69749, 4.276)
    2793 (2.72707, -6.38662) -> 2410 (1.44098, -5.11074)
    2794 (4.55197, -7.17925) -> 2310 (3.29131, -5.66946)
    2795 (3.1059, 12.7372) -> 1588 (1.36099, 13.0467)
    2796 (1.71793, -5.3302) -> 1596 (1.66541, -3.71366)
    2797 (0.112307, 19.9178) -> 38 (1.23089, 18.9775)
    2798 (9.81258, 19.0464) -> 198 (8.21071, 19.991)
    2799 (8.35447, 14.753) -> 2172 (6.71921, 15.8057)
    2800 (13.04, 20.3233) -> 2377 (11.947, 21.5697)
    2801 (2.8845, 13.716) -> 207 (0.989785, 13.2397)
    2802 (3.01558, 6.00053) -> 569 (2.69738, 7.65257)
    2803 (0.213906, -0.0677505) -> 2115 (2.01925, 0.0284062)
    2804 (19.0033, -5.90405) -> 1563 (17.552, -6.81355)
    2805 (0.278337, 21.5192) -> 299 (2.07978, 20.7851)
    2806 (0.449267, 23.3741) -> 2805 (0.278337, 21.5192)
    2807 (4.18979, -3.06998) -> 1374 (4.18442, -1.19768)
    2808 (20.9846, 5.34929) -> 1378 (20.5577, 3.50309)
    2809 (1.11465, -4.58681) -> 2673 (0.542211, -3.33237)
    2810 (22.978, 8.42752) -> 1780 (22.571, 6.54735)
    2811 (0.0625336, 22.6209) -> 874 (1.6512, 22.5478)
    2812 (17.5812, 0.315379) -> 2427 (16.595, -1.34607)
    2813 (5.03504, 21.1518) -> 2878 (3.14476, 21.094)
    2814 (1.6767, 3.86862) -> 2190 (1.40811, 5.4213)
    2815 (21.3665, 13.4485) -> 1364 (22.8346, 14.5483)
    2816 (20.9134, 5.30523) -> 1378 (20.5577, 3.50309)
    2817 (22.7673, 22.4163) -> 887 (21.2429, 23.6507)
    2818 (5.38157, 20.7261) -> 223 (3.96771, 19.4033)
    2819 (20.4468, 24.733) -> 2769 (18.8036, 24.8996)
    2820 (17.0313, -1.94047) -> 1377 (15.0395, -1.99194)
    2821 (10.2655, -10.1402) -> 1254 (8.48059, -10.7193)
    2822 (24.8857, 15.4128) -> 2389 (24.9219, 17.4062)
    2823 (23.0941, -5.43841) -> 97 (21.1841, -5.76817)
    2824 (9.32728, 9.92465) -> 2987 (7.98748, 8.75246)
    2825 (24.3562, -11.1375) -> 2632 (22.4045, -11.1545)
    2826 (20.172, 8.54216) -> 2241 (18.948, 7.08434)
    2827 (18.0104, 10.3408) -> 2625 (18.912, 8.83574)
    2828 (21.8994, 9.01343) -> 743 (21.5761, 7.15663)
    2829 (8.92218, 22.1905) -> 1742 (7.1658, 22.9962)
    2830 (16.0877, 17.744) -> 2951 (15.7752, 19.3726)
    2831 (16.4372, 5.65457) -> 2482 (14.9907, 4.40853)
    2832 (0.256919, -6.92089) -> 80 (0.910787, -5.26754)
    2833 (3.50958, 16.4451) -> 2618 (2.935, 14.8583)
    2834 (3.15033, -4.81462) -> 309 (3.69917, -3.24922)
    2835 (22.2792, -11.2793) -> 520 (21.1158, -12.484)
    2836 (12.4253, -1.50257) -> 1228 (10.6949, -1.88843)
    2837 (0.985265, -0.852842) -> 2252 (0.266027, 0.672263)
    2838 (2.11524, -7.56389) -> 2832 (0.256919, -6.92089)
    2839 (8.00397, -9.72581) -> 2650 (7.06207, -8.05142)
    2840 (15.7391, 13.6292) -> 1198 (17.331, 14.3654)
    2841 (21.5026, 20.0691) -> 2158 (21.6182, 21.7092)
    2842 (13.4426, 7.72522) -> 1392 (13.0213, 6.0461)
    2843 (4.01804, -1.47856) -> 1749 (2.37284, -1.90888)
    2844 (18.6623, -2.28147) -> 2090 (16.8727, -2.78876)
    2845 (11.2647, 8.02584) -> 1540 (10.8393, 6.0903)
    2846 (16.3321, 24.6764) -> 383 (14.4136, 24.7743)
    2847 (1.54058, 22.0244) -> 2192 (0.774845, 20.3247)
    2848 (14.0169, 21.1606) -> 2693 (12.6787, 22.5832)
    2849 (11.9967, 18.2106) -> 1342 (11.1378, 19.8091)
    2850 (4.11712, 23.6358) -> 2709 (3.7228, 21.8826)
    2851 (20.0761, -8.8457) -> 1232 (19.4401, -6.95613)
    2852 (0.0784125, 10.194) -> 196 (1.84603, 11.1069)
    2853 (22.2053, -3.1506) -> 2908 (20.3762, -3.50279)
    2854 (23.8066, -8.19956) -> 731 (23.3709, -10.1373)
    2855 (9.8706, 19.636) -> 387 (7.93997, 20.1353)
    2856 (6.89452, 2.31878) -> 2130 (4.94663, 1.90272)
    2857 (2.28884, 22.2645) -> 1220 (1.2693, 20.8513)
    2858 (17.8973, -3.88739) -> 1933 (17.4576, -5.81512)
    2859 (3.27753, -10.3653) -> 2371 (1.57214, -9.47538)
    2860 (17.4373, -11.4454) -> 256 (16.1407, -9.98846)
    2861 (8.18765, 22.7156) -> 1380 (6.3548, 23.4807)
    2862 (7.76281, 4.98802) -> 10 (6.47107, 5.97849)
    2863 (12.6256, 9.5805) -> 1338 (11.7056, 8.03558)
    2864 (6.92027, -0.366533) -> 37 (5.17504, -0.810914)
    2865 (19.9529, 1.99579) -> 182 (20.1027, 0.161488)
    2866 (23.5191, -8.11127) -> 2127 (21.5269, -8.27283)
    2867 (8.81865, 0.501493) -> 2965 (7.19498, 0.455284)
    2868 (13.3598, -9.20786) -> 1489 (11.788, -9.24937)
    2869 (13.5669, 20.8734) -> 687 (13.3206, 22.6493)
    2870 (13.8729, 11.5864) -> 876 (14.5557, 9.75484)
    2871 (0.316671, 4.57529) -> 2190 (1.40811, 5.4213)
    2872 (24.0627, 12.4652) -> 96 (22.6913, 13.8409)
    2873 (15.2525, 18.8915) -> 343 (13.6441, 19.8155)
    2874 (2.99237, 0.898252) -> 500 (1.5111, 2.08283)
    2875 (23.3662, 11.1873) -> 1245 (23.584, 12.9238)
    2876 (14.8508, -6.23036) -> 2518 (13.1793, -6.94421)
    2877 (15.0966, -8.98932) -> 427 (13.1137, -8.81951)
    2878 (3.14476, 21.094) -> 1220 (1.2693, 20.8513)
    2879 (17.0612, 23.3869) -> 2993 (15.6542, 24.4811)
    2880 (3.82553, 22.1228) -> 2857 (2.28884, 22.2645)
    2881 (16.8428, -0.277854) -> 2123 (15.6481, -1.47025)
    2882 (2.95941, -4.7652) -> 309 (3.69917, -3.24922)
    2883 (21.2537, 14.6771) -> 2537 (20.985, 16.3481)
    2884 (21.9758, 11.0122) -> 2386 (22.6603, 12.7105)
    2885 (10.6887, 5.61198) -> 2071 (9.04612, 5.6026)
    2886 (12.137, -5.91512) -> 2296 (10.4095, -5.30205)
    2887 (9.2858, 3.35366) -> 11 (7.53165, 4.28286)
    2888 (17.0051, 5.10444) -> 2379 (15.1787, 4.46494)
    2889 (24.9645, 7.03483) -> 1564 (23.0939, 6.3873)
    2890 (13.1597, -5.66985) -> 1478 (11.8351, -4.58027)
    2891 (6.82483, -7.00957) -> 2567 (5.15734, -6.49416)
    2892 (10.7381, 1.07339) -> 995 (8.98758, 0.465705)
    2893 (4.38746, 14.9696) -> 1 (2.69399, 13.9368)
    2894 (14.1285, 8.1688) -> 901 (13.5813, 6.42694)
    2895 (7.64395, 24.777) -> 1399 (5.78894, 24.0733)
    2896 (2.63486, 10.6402) -> 1088 (1.80676, 11.6622)
    2897 (4.9646, 21.786) -> 2878 (3.14476, 21.094)
    2898 (19.1695, 13.0623) -> 72 (18.569, 14.9276)
    2899 (23.2747, 13.7871) -> 2681 (22.4993, 15.5527)
    2900 (3.18937, 5.8363) -> 569 (2.69738, 7.65257)
    2901 (8.6556, 15.6107) -> 2172 (6.71921, 15.8057)
    2902 (3.8529, 9.69598) -> 980 (1.87725, 9.94601)
    2903 (2.89555, 23.1675) -> 2847 (1.54058, 22.0244)
    2904 (21.631, 19.0347) -> 1639 (19.9924, 19.9295)
    2905 (21.4898, -8.49911) -> 1972 (19.909, -9.64127)
    2906 (11.8732, -2.29996) -> 1746 (9.96118, -2.40606)
    2907 (6.40918, -11.9966) -> 1905 (5.77905, -10.2994)
    2908 (20.3762, -3.50279) -> 2052 (19.0178, -4.784)
    2909 (12.6918, 21.3743) -> 2007 (11.8402, 22.8773)
    2910 (0.63999, 7.03653) -> 2203 (1.11638, 8.58912)
    2911 (2.04243, 4.41584) -> 2708 (2.52758, 5.73559)
    2912 (3.69516, 8.22902) -> 697 (2.36555, 9.56362)
    2913 (6.28168, 2.7726) -> 893 (5.7752, 4.66461)
    2914 (5.37209, 22.849) -> 2709 (3.7228, 21.8826)
    2915 (8.01754, 18.5464) -> 1928 (6.21319, 18.8831)
    2916 (3.95733, 2.45804) -> 2111 (3.22477, 4.06117)
    2917 (1.34281, 17.0495) -> 505 (2.5325, 15.8937)
    2918 (15.3798, 4.86824) -> 320 (14.0522, 3.54287)
    2919 (5.24958, -12.4779) -> 1481 (3.95136, -11.0435)
    2920 (8.28074, 5.46077) -> 10 (6.47107, 5.97849)
    2921 (13.3366, -1.55054) -> 1084 (11.6077, -1.78746)
    2922 (17.3152, 23.4583) -> 2993 (15.6542, 24.4811)
    2923 (0.0271295, 2.23116) -> 2166 (0.567551, 3.81367)
    2924 (6.59712, 4.57626) -> 130 (5.11303, 5.62682)
    2925 (8.76459, -4.52104) -> 1709 (7.01519, -3.77615)
    2926 (8.89062, -9.38817) -> 1794 (7.04102, -9.61443)
    2927 (9.35637, 1.39384) -> 924 (7.46046, 1.60874)
    2928 (17.7229, 1.92333) -> 225 (16.4621, 0.496968)
    2929 (22.903, 13.3043) -> 1502 (23.1685, 15.1971)
    2930 (4.76658, 24.1325) -> 2762 (2.92277, 24.0776)
    2931 (23.1601, 12.4988) -> 241 (24.1413, 13.8441)
    2932 (13.6025, -3.55019) -> 124 (11.8922, -4.48766)
    2933 (14.2135, -7.80594) -> 545 (12.6352, -7.87153)
    2934 (2.38864, 12.7203) -> 190 (0.60755, 13.1418)
    2935 (17.3584, -1.22555) -> 2123 (15.6481, -1.47025)
    2936 (3.57539, -7.37131) -> 2310 (3.29131, -5.66946)
    2937 (19.3782, -3.36024) -> 2858 (17.8973, -3.88739)
    2938 (10.6454, -3.69244) -> 1063 (9.01392, -3.95009)
    2939 (5.05918, -8.97215) -> 2794 (4.55197, -7.17925)
    2940 (10.0165, 1.55654) -> 2175 (8.23087, 1.19983)
    2941 (7.82634, 22.2841) -> 1647 (6.96069, 23.992)
    2942 (15.891, 20.6946) -> 2499 (16.3983, 22.5899)
    2943 (3.02532, -11.3396) -> 2024 (2.40624, -9.51566)
    2944 (8.28891, -6.31399) -> 464 (6.71438, -7.18606)
    2945 (12.8449, -7.56736) -> 137 (10.9109, -7.28559)
    2946 (6.56321, -8.96712) -> 2737 (7.0136, -7.13119)
    2947 (14.1128, 0.424093) -> 837 (12.4054, 0.659101)
    2948 (24.9057, -9.86766) -> 744 (23.2078, -9.66252)
    2949 (22.4811, 17.474) -> 1654 (22.251, 18.9887)
    2950 (23.7513, 8.4976) -> 1325 (24.7374, 6.86559)
    2951 (15.7752, 19.3726) -> 572 (15.6138, 21.0372)
    2952 (0.974589, 2.19096) -> 2745 (2.11799, 3.57864)
    2953 (5.37265, 11.7804) -> 1788 (4.49262, 13.1687)
    2954 (22.8943, 7.80085) -> 2983 (21.8193, 6.39825)
    2955 (6.56723, 12.4745) -> 1820 (4.77667, 13.0032)
    2956 (15.8502, 7.75282) -> 24 (14.9037, 6.10425)
    2957 (14.3902, 19.8847) -> 1031 (13.7572, 21.6052)
    2958 (3.57812, 13.1162) -> 973 (2.95809, 14.9928)
    2959 (23.9317, 16.9608) -> 2331 (23.9766, 18.6029)
    2960 (0.953561, -11.6154) -> 1518 (2.50838, -11.094)
    2961 (17.2198, 6.0214) -> 883 (16.5556, 4.26666)
    2962 (14.9487, 6.1876) -> 339 (13.7284, 4.78808)
    2963 (5.90468, 11.386) -> 2347 (4.07831, 11.6432)
    2964 (8.95129, -11.0726) -> 583 (7.16229, -10.4259)
    2965 (7.19498, 0.455284) -> 1821 (5.65091, 1.51682)
    2966 (16.5919, -0.00186663) -> 1069 (14.6919, -0.0727968)
    2967 (1.95613, -8.29148) -> 814 (3.83344, -7.96654)
    2968 (1.97249, 19.7965) -> 195 (0.786712, 18.9242)
    2969 (5.21409, 16.6401) -> 2135 (3.40934, 16.3827)
    2970 (2.36884, 19.48) -> 195 (0.786712, 18.9242)
    2971 (24.0024, -10.2133) -> 1468 (22.9521, -11.9013)
    2972 (18.9686, 14.1858) -> 898 (20.926, 14.3366)
    2973 (13.0337, 5.48201) -> 1602 (12.0834, 3.76042)
    2974 (14.0068, 24.3805) -> 2165 (12.3481, 23.9304)
    2975 (14.9542, 7.10593) -> 393 (14.0234, 5.40623)
    2976 (21.5376, 19.5037) -> 2173 (21.7973, 21.4016)
    2977 (20.1431, 17.9572) -> 1639 (19.9924, 19.9295)
    2978 (23.5011, 12.3653) -> 241 (24.1413, 13.8441)
    2979 (17.9789, 9.59307) -> 145 (17.1072, 7.81921)
    2980 (3.61714, -9.1207) -> 958 (3.02031, -7.60648)
    2981 (11.1791, 16.7051) -> 2290 (11.5236, 18.6143)
    2982 (7.26481, 13.4226) -> 1978 (5.489, 14.088)
    2983 (21.8193, 6.39825) -> 1240 (21.693, 4.57599)
    2984 (16.6548, 10.1849) -> 350 (17.5255, 8.53868)
    2985 (1.08817, 24.4225) -> 874 (1.6512, 22.5478)
    2986 (24.381, 21.6648) -> 2817 (22.7673, 22.4163)
    2987 (7.98748, 8.75246) -> 1284 (6.15639, 8.21066)
    2988 (6.67753, 3.70692) -> 1999 (5.06463, 3.17392)
    2989 (12.168, 15.9497) -> 2470 (12.7297, 17.5821)
    2990 (1.7577, -0.690759) -> 1500 (0.0277917, 0.103567)
    2991 (5.62334, 11.9842) -> 1788 (4.49262, 13.1687)
    2992 (19.1051, 9.79365) -> 479 (20.2049, 8.63424)
    2993 (15.6542, 24.4811) -> 477 (13.8274, 24.8484)
    2994 (17.1792, -0.926775) -> 2090 (16.8727, -2.78876)
    2995 (11.6998, -10.4331) -> 1039 (10.3675, -11.286)
    2996 (16.9637, 15.5363) -> 1327 (17.4945, 17.3189)
    2997 (24.2816, -4.71836) -> 128 (22.7958, -4.58391)
    2998 (20.4459, 16.9818) -> 2246 (19.5509, 18.348)
