Length, Risk, TravelTime, Paths.x, Paths.y, Cost, Weight
24.6522,61.6548,0.277502,"1;1.88761;2.87753;3.70992;4.46838;5.43366;6.20736;6.84538;7.7557;8.64849;9.54429;10.4434;11.4408;12.1328;12.892;13.8322;14.6782;15.2459;15.8133;16.7727;17.6099;18.3217;18.4149;18.2449;19.135;19.822;20.3733;21","15;15.4606;15.319;14.7648;15.4165;15.1553;15.7889;16.4912;16.8779;16.4274;15.983;15.5453;15.4728;16.1946;15.5437;15.2032;15.0077;15.5248;16.3482;16.6303;17.1771;16.5489;16.2521;15.2666;15.0616;15.1133;15.1987;15",0.277502,"0;0;1"
25.0917,25.5075,0.265995,"1;1.99907;2.91277;3.62676;4.58751;5.5478;6.42128;6.89739;7.52825;8.20684;9.01011;9.36474;10.1374;10.9603;11.3151;12.2556;12.794;13.3874;13.776;14.696;15.4192;15.9163;16.461;17.0751;18.0119;19.0067;19.8552;20.2632;20.6711;21","15;15.0432;14.823;14.6048;14.3274;14.6063;15.0932;15.9726;16.7485;16.2433;16.1337;15.9665;15.5053;15.5912;15.8994;15.5597;14.717;14.905;15.3966;15.0045;14.3139;14.4408;14.2063;13.4196;13.0699;12.9672;12.4381;13.3511;14.2641;15",1.52807,"0;0.05;0.95"
23.053,20.0484,0.23956,"1;1.3928;1.65467;2.52575;3.52103;4.40008;5.21509;6.08595;7.08062;8.08047;8.75603;9.7171;10.4227;10.6141;11.1656;12.1557;13.117;14.0987;14.288;15.0484;15.8467;16.7349;17.648;18.6338;19.3742;20.3311;20.9666;21","15;15.3614;15.7559;15.2648;15.3618;15.0946;15.6351;15.1435;15.2466;15.2289;14.8155;14.9831;14.2745;14.1298;13.6051;13.7455;13.4699;13.6605;13.9119;13.9734;14.5757;14.1162;14.524;14.3562;13.6841;13.9746;14.5684;15",2.22044,"0;0.1;0.9"
23.3545,22.3634,0.251153,"1;1.46961;2.39255;3.1783;3.47137;4.44288;5.43443;6.21122;7.18289;7.63808;8.58132;9.35594;9.57564;10.425;10.7437;11.1765;11.7111;12.624;13.245;14.0255;14.779;15.561;16.4993;17.1352;17.6499;18.3689;18.8948;19.3841;20.0059;21","15;14.9637;15.3235;15.3448;15.6574;15.8943;15.7646;15.1349;15.3712;15.1398;15.1175;14.8044;14.0072;13.5277;13.8155;14.3678;14.442;14.7129;14.4476;15.0729;15.7303;16.3535;16.6994;15.9276;15.5586;15.5939;15.5639;15.6329;14.9564;15",3.56799,"0;0.15;0.85"
25.5382,57.5277,0.287355,"1;2;2.67984;2.8684;3.74143;3.99138;4.25879;5.22876;5.10051;5.77918;6.55289;7.01105;7.8701;8.06761;8.86099;9.47453;9.73415;10.7222;11.6583;12.5959;13.5924;14.3182;14.861;15.2827;16.1944;16.993;17.9079;18.8259;19.352;20.1831;21","15;15;15.7334;16.7154;16.8696;17.1265;17.3586;17.1153;16.4984;16.2724;16.8848;16.2728;16.7847;16.7345;16.65;15.8603;14.8946;14.7404;15.092;14.7443;14.8281;14.1403;14.0702;13.8761;13.4652;14.0671;13.6636;14.0603;14.9107;15.3505;15",11.7354,"0;0.2;0.8"
23.6957,23.4736,0.245545,"1;1.99848;2.6917;3.31678;3.71337;4.52175;5.41903;5.64693;6.19493;6.8723;7.2844;7.93012;7.98587;8.8483;9.46558;10.463;11.3543;12.3391;13.1966;14.0238;14.835;15.835;16.835;17.7764;18.5897;19.572;20.4985;21","15;15.055;14.8834;15.2986;15.3956;15.0755;15.517;14.6309;13.8616;13.249;13.9802;13.9793;13.8796;13.3869;14.1736;14.2451;14.6985;14.5249;15.0394;14.4775;15.0622;15.0521;15.0484;14.711;14.1292;14.3163;14.6927;15",6.05256,"0;0.25;0.75"
23.2592,33.8158,0.252331,"1;1.90318;2.53113;2.77294;3.69616;4.37703;5.30077;6.16909;6.80301;7.13679;7.80265;8.74389;9.63529;10.5218;11.2111;12.1344;12.6425;13.1141;13.3524;14.351;15.3471;15.9364;16.8309;17.5192;18.3919;19.343;20.2153;21","15;14.5707;14.9003;15.0642;14.68;15.4124;15.0294;14.9572;15.3834;15.311;15.3564;15.6941;15.2409;15.7037;16.4282;16.8123;16.6453;16.612;15.6408;15.5881;15.5;15.9522;15.5937;14.8683;14.38;14.0711;14.5601;15",10.3214,"0;0.3;0.7"
22.2569,11.142,0.232386,"1;1.72823;2.33642;3.24713;3.71885;4.67349;5.61266;6.61229;7.61034;8.60278;9.57;10.5051;11.4126;11.9112;12.252;12.9667;13.8359;14.6366;14.9748;15.6712;16.6298;17.408;18.3137;19.2607;19.9824;20.7944;20.8891;21","15;14.6243;15.1011;15.202;15.5725;15.2747;14.9313;14.9586;15.021;15.1437;14.8897;14.542;14.5476;14.6642;15.1598;14.4933;14.0771;14.1521;14.4153;14.4899;14.2052;14.8332;15.2573;14.9362;15.278;14.8523;14.6772;15",4.05076,"0;0.35;0.65"
22.446,20.0703,0.230147,"1;1.98824;2.86852;3.6135;4.59585;5.58264;6.1981;6.62714;7.55132;8.53947;9.36332;10.1675;10.6922;11.189;11.5786;12.2914;12.5828;13.3447;13.6775;14.6701;15.5049;16.0429;16.8953;17.8785;18.7273;19.5755;20.2067;21","15;15.1529;14.6784;14.0114;13.8243;13.6623;13.6723;14.0344;13.865;13.7115;14.151;13.6498;13.6557;14.0325;14.3689;14.137;14.0368;14.085;14.6243;14.5032;14.4021;13.7149;14.2376;14.4202;14.949;14.4192;14.9448;15",8.1662,"0;0.4;0.6"
27.2472,24.814,0.283068,"1;1.39371;2.14858;2.96652;3.96108;4.34413;5.18609;6.04775;6.70884;7.33502;7.95716;8.66719;9.66715;10.6636;11.6059;11.7906;12.6793;13.3138;13.549;14.5161;14.5078;15.2472;15.4763;16.3791;16.7276;17.1236;17.6735;17.7615;18.7012;19.6942;20.5383;21.1211;21.1223;21","15;15.9192;15.7442;15.9981;16.1023;15.7398;15.2575;14.75;15.178;15.155;14.6038;14.0506;14.041;14.1253;13.7905;14.022;14.2732;14.3134;13.3741;13.6286;14.1786;14.8249;15.0713;14.8627;14.2035;13.4711;13.6855;12.701;12.3589;12.4766;13.0128;13.8254;14.6768;15",11.322,"0;0.45;0.55"
22.7798,28.0661,0.254375,"1;1.42296;2.20655;3.2053;4.20471;5.20173;5.34609;6.16429;6.44928;7.15617;8.10519;9.03687;9.57789;10.0358;11.0113;11.8929;12.455;13.3287;14.3245;15.2295;15.2881;16.2018;17.0167;17.9138;18.9125;19.5108;20.4763;21","15;15.2444;15.5608;15.6109;15.5766;15.4995;16.2412;16.2518;16.8252;16.1179;16.4331;16.0698;15.6398;16.1167;15.8968;15.4248;15.7881;15.7059;15.6143;15.3565;15.3472;15.5724;15.8107;16.2527;16.2032;15.4019;15.1413;15",14.1602,"0;0.5;0.5"
23.2018,95.5493,0.268506,"1;1.85149;2.57037;3.09247;3.84117;4.62969;5.27188;5.53939;5.95576;6.95299;6.69484;7.59091;8.5797;8.86412;9.85958;10.8262;11.817;12.6935;12.7005;13.3797;14.2415;15.1667;15.7511;16.1665;17.0289;17.7843;18.761;19.7377;20.7144;21","15;15.5244;16.2195;16.7435;16.3946;16.5036;16.3616;16.4239;16.8153;16.741;16.125;16.5428;16.4401;16.3865;16.4817;16.7379;16.873;16.3915;16.0943;15.6641;15.1568;15.5361;15.5139;15.5576;15.0514;15.7066;15.492;15.2774;15.0628;15",52.673,"0;0.55;0.45"
22.8806,11.3403,0.239934,"1;1.9713;2.52357;2.94835;3.82572;4.62786;5.43265;6.23177;7.23087;8.22996;9.14596;9.7068;10.687;11.1131;11.8077;12.4734;13.0848;13.8192;14.7002;15.6345;16.1509;17.005;18.0038;18.8677;19.7983;20.4634;21","15;14.7621;14.8732;14.9752;14.6282;15.0231;14.9721;14.3709;14.4135;14.456;14.3807;15.1122;14.9144;15.8191;15.3867;15.4512;15.613;14.9343;14.8413;15.0411;15.7134;15.1934;15.145;14.6413;14.2753;14.2506;15",6.90016,"0;0.6;0.4"
23.4826,20.3815,0.248236,"1;1.76794;2.53639;3.45344;4.45299;5.28617;6.00793;6.50651;7.46219;8.02111;8.20727;9.18889;10.0959;11.0796;12.0796;12.5575;13.5267;14.2664;14.3792;15.2442;15.822;16.225;17.1602;17.6608;18.0249;18.6029;19.5718;20.4279;21","15;15.3303;15.6757;16.0745;16.1047;15.5517;15.4969;15.2634;15.534;15.5457;15.9015;15.7107;15.2896;15.1101;15.099;14.2206;13.9741;14.2511;13.4515;13.9532;14.0473;13.7583;13.4042;13.8359;14.7349;14.3878;14.6352;15.1519;15",13.3349,"0;0.65;0.35"
24.536,13.4416,0.267958,"1;1.72784;2.0592;2.5462;3.32646;3.66557;4.57679;4.61855;5.07122;6.05187;7.04977;7.95889;8.93851;9.87217;10.1478;10.6804;10.8374;11.2997;12.0917;13.0308;13.8312;14.8207;15.6219;16.5909;17.4915;18.2489;19.1936;20.0427;20.8047;21","15;15.2237;15.7893;16.123;16.4927;17.1359;17.0318;16.0327;15.141;14.9452;15.0099;14.5934;14.3925;14.0344;14.1878;14.2817;14.2956;15.1824;15.7929;15.4492;16.0487;15.904;15.3056;15.0587;14.6239;15.2768;15.0478;14.575;14.8277;15",9.48948,"0;0.7;0.3"
23.9693,16.5714,0.251986,"1;1.98589;2.98585;3.96495;4.96473;5.91565;6.57226;7.13737;7.57101;8.15444;8.20358;9.18126;9.33982;10.1758;10.6388;11.2806;12.0076;12.8745;13.058;14.0104;14.1975;14.7194;14.9039;15.4242;16.1079;16.5516;17.4492;17.6013;18.336;19.2599;20.1563;21","15;15.1674;15.1586;15.362;15.3407;15.0313;14.277;14.4247;14.3271;13.9638;13.5526;13.7627;13.8895;13.8668;14.7532;15.52;15.6637;15.7036;15.8112;15.9884;15.7794;15.4941;14.5356;14.5846;14.8424;15.5663;15.2873;15.2009;14.5224;14.1398;14.5829;15",12.4915,"0;0.75;0.25"
23.7296,14.872,0.252891,"1;1.83558;1.976;2.80232;3.79881;4.32488;5.29167;5.71664;6.70151;7.07745;7.60301;8.13774;9.07799;9.1774;10.0251;11.0127;12.0122;12.764;13.273;14.1431;14.7495;15.3708;15.5853;16.464;17.2095;17.5628;18.5244;19.4413;20.2268;20.894;21","15;15.1762;15.2178;15.781;15.6972;15.8773;15.9647;16.2081;16.3814;15.6284;15.0442;15.6237;15.544;15.4011;14.8706;14.7133;14.742;15.4015;14.7727;14.428;13.8469;14.2414;14.7097;14.6344;14.8832;14.231;14.5053;14.9045;15.5233;15.0731;15",11.9482,"0;0.8;0.2"
27.7319,18.438,0.301217,"1;1.65495;1.9445;2.77423;3.7046;4.70126;5.52002;6.04363;6.89684;7.55569;8.39511;8.92424;9.81252;10.1833;10.8433;10.9987;11.736;12.0139;12.4102;13.2885;13.9755;13.8548;14.8233;15.7868;15.919;15.7919;16.2832;17.1426;18.0255;18.9797;19.5156;20.5048;20.7462;20.9875;21","15;14.8068;14.6715;15.2297;15.5963;15.6779;15.1038;14.2518;14.2059;14.2781;14.1695;14.8231;14.6229;14.0493;14.5651;15.1204;15.7959;14.9416;15.0157;14.8819;14.2659;13.875;13.6384;13.9062;14.4576;15.1547;15.6115;16.1227;16.5924;16.2932;17.1375;16.9911;16.0207;15.0502;15",15.7174,"0;0.85;0.15"
24.2566,24.0278,0.264534,"1;1.9426;2.88382;3.71096;4.43396;5.41519;6.19509;6.87023;6.80389;7.75246;8.14369;8.58486;9.50698;10.3623;11.2239;12.0744;13.014;14.0102;14.534;15.0422;15.5807;16.5414;17.1086;17.8243;18.5866;19.3148;20.1392;20.9637;21","15;14.6661;15.0039;14.4419;15.1327;14.9461;15.1795;15.4402;16.4299;16.7465;16.1162;16.1924;15.8054;15.2873;15.7089;16.0717;15.7295;15.642;15.4386;15.3568;14.7322;14.4546;15.2782;15.9766;15.6576;16.1567;15.5908;15.0249;15",21.6515,"0;0.9;0.1"
26.6678,58.7709,0.300552,"1;1.7594;2.46248;3.04652;4.03971;5.0397;5.53747;6.00135;6.79589;7.13914;7.09618;8.07138;8.88255;9.03837;9.29394;9.74186;9.99139;10.3289;10.543;11.5091;12.1603;13.0208;13.5284;13.9973;14.5034;14.9129;15.9007;16.6914;17.4019;18.1288;18.0154;18.4638;18.9517;19.7782;20.2802;21","15;15.4039;15.8806;15.3769;15.4934;15.4891;15.4775;15.7634;15.4922;16.0602;16.641;16.8623;16.2775;16.0411;15.7463;15.766;15.8199;15.9751;16.3645;16.6225;15.8635;16.373;15.6124;15.787;16.5512;16.5184;16.3622;15.7501;15.0521;15.7207;16.5837;15.7961;14.9232;14.3826;14.5623;15",55.8474,"0;0.95;0.05"
23.3265,12.7991,0.250418,"1;2;2.97776;3.50808;4.03192;4.82134;5.62525;6.29047;7.18654;7.82922;8.30217;9.25706;9.89331;10.4784;11.3023;12.1061;12.9725;13.3747;14.2366;14.7967;15.7557;16.5089;17.5018;18.501;18.9371;19.9343;20.4569;20.9795;21","15;15;15.2097;14.9272;15.0407;15.2342;14.6394;15.1579;15.0412;15.2142;15.5689;15.272;15.14;14.4094;13.8427;13.8509;14.291;14.4503;14.8805;14.7436;15.0272;15.6849;15.804;15.7637;16.6636;16.7387;15.8861;15.0335;15",12.7991,"0;1;0"
21.7703,34.9774,0.250121,"1;1.87308;2.75669;3.72988;4.72978;5.61043;6.55988;7.46919;8.46704;9.4328;10.4251;11.4076;12.1716;13.0614;13.991;14.974;15.7781;16.6136;16.7056;17.43;17.7598;18.4127;18.96;19.4783;19.664;20.4446;21","15;15.4876;15.9558;15.7258;15.712;16.1857;15.8718;16.2288;16.1885;16.4479;16.3237;16.1375;16.4098;16.6781;16.3097;16.126;16.4643;15.9532;16.0023;16.6917;16.3781;16.0398;15.9864;15.7778;15.8511;15.2261;15",1.32613,"0.05;0;0.95"
22.4608,14.1992,0.239577,"1;1.9498;2.90433;3.67255;4.33002;5.29603;6.22665;7.21529;8.21315;8.94373;9.65376;10.0903;10.4988;10.983;11.7739;12.4509;12.6598;13.6493;14.4748;14.9043;15.5449;16.454;17.4449;18.2456;19.0744;19.3589;20.3277;20.9775;21","15;15.3129;15.611;15.8628;16.1542;16.1022;15.7362;15.5859;15.5205;16.2034;15.9883;15.7721;15.1709;14.7077;14.3042;14.9138;15.2722;15.2611;15.0643;14.6876;14.2873;13.8709;14.0056;14.0839;13.963;13.9656;14.2137;14.9737;15",2.04862,"0.05;0.05;0.9"
23.6545,12.5649,0.252691,"1;1.89273;2.87417;3.87354;4.3058;5.04968;6.04963;6.70338;6.81786;7.75165;8.31176;9.08828;9.36564;10.2974;11.2971;12.025;12.8277;13.3861;14.16;15.0083;15.8536;16.8388;17.8367;18.333;18.5474;19.2069;19.9403;20.6738;21","15;15.4506;15.6423;15.6069;15.0799;14.8468;14.8564;15.3799;15.4966;15.8544;15.2724;14.6448;13.8066;14.1698;14.1943;14.8799;14.8985;14.8882;14.6504;14.9091;15.4433;15.2718;15.2066;15.6743;15.9101;16.6618;15.9821;15.3024;15",2.654,"0.05;0.1;0.85"
22.7516,25.9348,0.248479,"1;1.65386;2.34103;3.15042;3.76843;4.64877;5.49403;5.63266;6.48299;7.47612;8.17103;8.39854;9.35945;10.2008;11.2001;12.1899;12.7312;13.5187;14.2958;15.0489;15.4999;16.1471;17.1133;17.2429;18.1564;18.9887;19.9703;20.3261;21","15;14.717;14.8225;15.3439;15.8667;15.7493;15.8213;16.1846;16.7109;16.5938;15.9256;16.2076;15.9308;15.3903;15.3542;15.3409;15.3246;14.7082;15.0232;15.0249;15.8452;15.1801;15.4266;15.3859;14.9923;15.2876;15.2763;14.9752;15",5.22659,"0.05;0.15;0.8"
24.4151,20.1625,0.263699,"1;1.52954;1.83639;1.95964;2.68922;3.66841;4.49354;4.61916;5.51482;5.82533;6.3272;6.8858;7.83751;8.54628;9.20225;10.1473;10.7826;11.7676;11.8749;12.7025;12.7958;13.2584;13.999;14.2655;15.244;15.8161;16.4043;17.1817;18.1812;18.5817;19.0782;19.6129;20.358;21","15;14.8972;14.3163;13.7173;13.0334;12.8305;13.3683;13.3684;13.5213;14.4355;14.4904;15.1917;15.239;14.7747;15.2462;15.4567;16.2035;16.0312;15.8941;15.6762;15.6608;15.6867;16.0051;16.4192;16.213;16.0991;16.3743;16.1326;16.1636;15.2473;15.4363;15.6048;15.6222;15",5.45103,"0.05;0.2;0.75"
22.7922,25.4661,0.254958,"1;1.99462;2.91184;3.37327;4.37103;4.70577;5.52919;6.44621;7.03659;7.92283;8.16067;8.72326;9.52702;9.86927;10.8179;11.7326;12.5907;13.3694;14.2514;14.4593;15.352;15.5516;16.3558;17.199;17.8297;18.1465;18.8236;19.5964;20.5567;21","15;14.8964;15.2948;16.182;16.115;16.3319;16.6127;16.5428;16.5122;16.3247;16.1602;15.4986;15.4378;15.9593;15.7464;15.4264;15.7053;15.5419;15.9999;16.3702;16.1317;16.0512;15.745;16.2827;16.0635;15.963;15.2271;14.5925;14.8713;15",7.68462,"0.05;0.25;0.7"
22.7022,11.8048,0.240387,"1;2;2.99327;3.9731;4.74519;5.36184;5.95248;6.43411;7.43407;8.24757;9.11908;10.0148;10.1536;11.0147;11.8016;12.7849;13.7685;14.4683;15.3097;15.9728;16.8558;17.5461;18.3262;18.9996;19.9996;20.2208;21","15;15;14.8842;14.7428;15.0073;15.327;14.8396;14.8561;14.866;15.4476;15.9379;15.4933;15.4505;15.4788;14.8617;14.6795;14.4991;15.2134;15.5045;16.0716;15.6023;14.8787;14.2531;14.9923;14.9961;15.2767;15",4.83279,"0.05;0.3;0.65"
23.7776,16.6087,0.26388,"1;1.63968;2.50467;2.75766;3.52072;4.51109;5.50824;6.28309;6.74438;7.23967;8.02746;8.91915;9.31661;9.94122;10.5863;11.218;11.6647;12.6101;13.4479;14.0511;14.958;15.7931;16.7928;17.4292;18.1846;18.993;19.7122;20.6736;21.4252;21","15;15.1645;14.8972;14.7043;14.8272;14.7173;14.642;14.6441;14.6502;14.6041;14.9555;15.3117;16.2293;16.1304;16.2047;15.8918;16.1716;16.2188;16.0488;16.0981;15.6769;15.1267;15.1024;15.8738;16.5291;17.1177;16.4229;16.1478;15.4882;15",7.16025,"0.05;0.35;0.6"
25.0577,13.8749,0.287591,"1;1.26809;1.92373;2.3718;3.3693;4.30969;4.98427;5.55564;5.97615;6.40378;7.2363;8.22953;9.16293;9.21926;9.88339;10.3663;11.1731;11.4459;12.2053;12.2612;12.8008;13.6086;14.5954;15.1809;16.1755;17.16;17.9816;18.8372;19.6995;20.2623;21","15;15.9634;16.7185;17.6125;17.6832;17.3431;16.6049;15.7842;15.3247;15.0181;15.0481;15.1643;15.3899;15.3943;15.643;14.7673;14.4947;14.7812;15.1128;16.0139;15.9171;15.6137;15.5968;15.6125;15.5079;15.3326;14.7626;15.2802;14.7737;14.6589;15",6.96103,"0.05;0.4;0.55"
25.25,45.5037,0.280627,"1;1.89251;2.70601;3.58401;4.55377;5.55375;6.1632;6.73161;7.23021;7.25135;7.43446;8.0284;8.43985;8.62761;9.58978;10.0255;10.5813;11.5791;12.3966;13.0735;13.3952;14.344;14.4024;15.3198;15.5778;16.282;17.1693;18.1035;18.9703;19.358;19.9821;20.868;21","15;14.549;15.1305;14.6519;14.896;14.9023;14.1095;13.2867;13.6633;14.5602;15.175;15.6523;15.7068;16.4528;16.5031;16.4266;16.6327;16.6996;16.1237;15.7592;16.1763;16.4922;16.066;16.2734;16.0064;16.001;16.4623;16.1057;15.9985;15.9029;15.4014;15.42;15",21.8795,"0.05;0.45;0.5"
40.4155,54.648,9.11381,"1;2;2.70324;3.27657;4.20296;4.52227;5.5063;5.6976;5.86606;5.42153;5.25174;5.66577;5.81374;6.38441;6.82955;7.61698;8.56238;9.23115;10.1949;11.1946;11.9653;12.2167;13.1945;13.9145;14.7719;15.7589;15.858;16.2309;16.9761;17.4762;18.0113;18.9258;19.8881;20.6532;21.2522;21.2058;22.1881;23.0803;23.4815;23.6404;23.1843;22.9519;22.4416;22.6657;22.3292;21.969;21","15;15;15.711;16.5303;16.9069;17.8545;18.0325;18.6564;18.9656;19.6644;20.1753;20.9501;21.1965;21.6455;22.1057;22.5257;22.2261;22.3562;22.0894;22.0662;22.7034;23.6713;23.4617;22.7677;22.5037;22.6644;23.0991;23.7063;24.2984;24.1603;25.0051;25.4096;25.1374;24.4936;23.6928;22.6939;22.5068;22.055;21.139;20.1517;19.2618;18.2892;17.4292;16.4546;15.6125;15.2462;15",33.446,"0.05;0.5;0.45"
24.9446,22.4118,0.272304,"1;1.86952;2.64527;3.64063;4.48291;5.14455;5.50543;6.31744;7.31407;8.29518;9.09365;9.38416;10.1308;10.5047;10.7745;11.3461;12.2565;12.6623;13.2216;13.6587;14.3434;15.2253;15.5529;16.5182;17.1257;17.9355;18.8823;19.8717;20.4679;21","15;15.4734;15.9977;15.9014;15.3624;14.8424;15.0837;15.0715;14.9896;14.7961;15.3981;16.355;16.6196;15.8869;15.1305;14.3559;14.5545;14.7383;15.4588;16.2533;15.8504;15.6431;16.2598;16.5211;15.7268;15.5502;15.3099;15.1651;15.005;15",13.6827,"0.05;0.55;0.4"
24.9775,16.961,0.266529,"1;1.26297;1.97451;2.95101;3.41251;4.1349;4.42789;4.54444;5.34597;5.53651;6.02119;6.98506;7.45575;7.5123;7.83494;8.66017;9.23809;9.86785;10.2993;11.299;12.2629;12.9558;13.9443;14.9365;15.9221;16.7952;17.1681;17.8938;18.8927;19.7142;20.6875;21","15;14.9715;14.7757;14.9912;15.8783;16.0263;15.0907;14.5417;14.2244;14.1536;13.6668;13.7466;14.6237;14.9972;15.9104;15.4313;15.2216;15.1576;15.0513;15.028;15.2943;16.0154;16.1664;16.0415;15.8722;15.4882;14.7603;15.1431;15.0971;14.5269;14.7565;15",11.5188,"0.05;0.6;0.35"
24.0953,59.7809,0.286442,"1;1.94819;2.91895;3.89973;4.69163;5.42795;6.22998;6.67991;7.123;8.04171;9.03914;9.86745;10.6236;10.8027;11.7774;12.54;13.2309;14.1675;14.4572;14.9784;15.8185;16.3742;16.7588;17.4472;18.0132;18.2205;19.2204;19.8305;20.4406;21","15;15.3177;15.5578;15.7529;16.3635;16.5954;16.7764;16.3047;16.3264;15.9315;15.8598;15.8459;16.2853;16.4872;16.4232;15.7763;16.4993;16.8497;16.1184;16.2645;15.722;16.5534;16.443;16.9122;16.9654;17.3184;17.3111;16.5188;15.7265;15",40.1483,"0.05;0.65;0.3"
23.0143,30.133,0.24871,"1;1.66849;2.42908;3.3244;4.00219;4.6812;5.58902;6.16575;6.71989;7.68199;8.18702;9.15712;10.1099;11.0798;11.7885;12.4718;12.8818;13.6336;13.9478;14.4538;15.3951;15.0709;15.8437;16.8203;17.3761;18.1755;19.1597;20.1439;21","15;15.1009;15.3505;15.5278;15.7244;15.5784;15.159;15.2251;14.9396;14.9329;14.7278;14.4851;14.789;15.0323;14.5298;14.9204;15.4325;15.5758;16.1946;16.8387;16.501;15.7637;15.3866;15.5717;15.3868;15.5079;15.3309;15.1539;15",22.306,"0.05;0.7;0.25"
25.5432,63.5944,0.287922,"1;1.6118;2.33574;3.13137;3.60088;4.3932;5.29763;5.7654;6.26261;7.23459;8.20424;8.50392;8.90384;9.69872;10.2637;10.8513;11.8456;12.6859;12.7291;13.7291;14.2805;14.7395;15.5485;16.4448;17.1815;17.9277;18.9251;19.8671;20.3919;21.2545;21.478;21","15;15.3734;15.9505;16.3349;16.3664;16.9765;16.5499;16.2685;16.8122;16.5772;16.8217;16.001;16.1071;16.1778;15.8954;16.5612;16.6686;16.2042;16.2002;16.2024;15.889;15.2403;14.7612;14.3176;13.6414;12.9756;12.9042;12.5685;13.4198;13.9256;14.3411;15",49.0305,"0.05;0.75;0.2"
25.8008,83.0572,0.306472,"1;1.74977;1.89832;1.46643;1.21806;1.99784;2.99355;3.92128;4.77843;5.57844;6.53285;7.47315;7.67274;8.67167;9.66051;10.2736;11.057;12.0552;12.7574;13.7463;14.5767;15.1748;15.9259;16.4712;17.369;18.0532;18.4169;19.0501;19.49;19.6642;20.4586;21","15;15.129;15.7913;16.4233;16.9775;17.6036;17.511;17.1378;16.6227;16.2907;16.2389;16.2617;16.8116;16.8579;16.7088;16.0636;15.5851;15.5264;16.2384;16.0898;15.5327;15.0732;14.8713;15.6974;15.257;15.082;15.1997;15.431;15.7467;16.0215;15.414;15",67.7817,"0.05;0.8;0.15"
24.5145,13.7231,0.266874,"1;1.45666;2.4498;3.10154;4.09125;4.70063;5.46521;6.09665;6.99019;7.25952;8.21855;8.81243;9.27743;10.1152;11.0243;11.6786;12.5001;13.3422;14.3414;14.5951;15.4607;16.1236;16.9326;17.2301;17.9132;18.7263;19.3972;20.301;21.2368;21","15;15.8896;15.7727;16.5311;16.388;15.8198;15.8349;15.3723;14.9234;15.0907;14.8074;15.3174;15.8453;16.0093;15.5926;14.8364;15.4067;15.9461;15.9079;14.9406;15.0198;15.405;15.9125;15.8309;15.7162;15.1341;14.7509;14.7759;14.8777;15",12.917,"0.05;0.85;0.1"
23.7322,27.2515,0.258391,"1;1.53137;2.09404;2.59333;3.18376;3.60518;4.49711;5.36402;5.94391;6.37824;7.27683;7.75403;8.40545;9.3084;9.97026;10.9187;11.9187;12.2927;13.2663;13.7495;14.1682;14.7032;14.9505;15.6599;16.6509;17.554;18.5524;19.4422;20.3622;21","15;15.3461;15.185;14.7984;14.4827;13.9712;13.519;14.0175;14.8322;15.7329;16.1717;16.4709;16.2032;15.9261;16.1066;15.7895;15.7888;16.7162;16.4877;16.2187;16.0559;15.9044;15.2924;14.9004;14.7666;15.1959;15.1392;14.6829;14.7072;15",25.7259,"0.05;0.9;0.05"
24.0365,24.6636,0.271195,"1;1.75211;2.38287;3.27151;3.82069;4.51825;5.51446;6.48666;7.4793;8.4793;8.79895;9.33169;9.67051;10.3023;10.6509;10.888;11.3566;12.1173;12.4562;12.8911;13.5545;14.5474;15.3759;16.3527;16.5136;17.2523;17.8641;18.8577;19.4119;19.9404;20.3531;21","15;15.659;15.4489;15.3956;15.4669;15.3675;15.4545;15.6886;15.5676;15.5663;14.832;14.9242;14.9517;15.2649;15.3699;16.1631;16.3479;15.8942;16.1731;16.6348;15.8865;15.7683;16.3283;16.5425;16.3022;16.1057;16.8967;17.0092;16.1768;15.8977;15.1311;15",24.6322,"0.05;0.95;0"
36.964,61.6645,6.51143,"1;1.80156;2.22121;3.18361;4.0374;4.7731;5.54574;5.69622;5.67004;5.87934;5.33991;5.45511;5.7195;6.71518;7.5357;7.92234;8.64526;9.5721;10.2075;10.2871;10.9529;11.5204;12.3801;13.2168;14.1166;15.0821;16.0678;16.8645;17.4619;18.0858;18.6951;19.4123;20.3301;21.2901;21.7529;21.9764;22.625;22.944;23.5631;23.9404;23.2389;22.5375;21.9532;21.5106;21","15;15.4631;16.2696;16.5412;17.0095;17.3129;17.9477;18.798;19.1403;19.8475;20.6895;21.6242;22.3684;22.3342;22.2889;22.0131;22.0399;22.0309;22.7062;23.3787;23.9995;23.3252;22.8627;22.3684;21.9322;21.6716;21.8399;22.2445;22.3277;22.4086;22.6458;22.0852;21.7897;21.5095;20.9628;20.7822;20.0211;19.0733;18.3712;17.9879;17.2751;16.5624;16.209;15.3606;15",9.55669,"0.1;0;0.9"
24.0967,30.4757,0.274101,"1;1.66839;2.47333;3.4099;4.31432;5.28984;6.2464;7.16671;7.26415;7.87917;8.87242;9.4078;9.86387;10.6451;11.4839;12.2857;12.6017;13.5267;14.1595;15.1095;15.5126;16.0109;16.9428;17.5958;17.9853;18.9465;19.8817;20.8756;21","15;15.7438;16.1576;16.3061;16.7327;16.5128;16.2213;15.8301;15.8558;16.5318;16.4158;16.0442;16.2853;15.8789;16.1275;16.5268;16.0494;15.6693;14.9667;15.2115;15.6826;16.287;16.6498;15.8925;14.9714;15.2474;15.6016;15.4918;15",4.16644,"0.1;0.05;0.85"
23.2859,32.1429,0.254556,"1;1.99615;2.97991;3.64048;4.48667;5.38022;6.34217;6.88711;7.33521;8.32825;8.52663;9.32057;10.3137;11.1067;11.6833;12.6068;13.078;13.9555;14.9384;15.7461;16.7063;17.2814;18.2605;19.1088;19.6721;20.1435;20.3771;21","15;14.9123;14.7328;15.4836;16.0165;16.4654;16.7386;16.1735;16.6208;16.5031;16.2056;16.3794;16.2621;15.6528;15.696;15.6458;14.7638;14.2842;14.1001;14.6897;14.4105;14.3648;14.2761;14.0696;13.845;14.5003;15.1638;15",5.74652,"0.1;0.1;0.8"
22.5711,34.2479,0.250635,"1;1.38065;2.11956;3.00725;3.53398;4.45504;5.05416;6.02923;6.78818;7.50267;8.23579;9.03137;9.98696;10.5098;10.9798;11.9313;12.3522;13.036;13.3885;13.761;14.3094;14.7254;15.1329;16.1255;17.1225;18.1152;18.9927;19.7668;20.492;21","15;14.7477;14.6685;14.5413;14.4688;14.4771;15.2777;15.0558;15.0703;15.5921;15.6899;15.9988;16.2935;16.287;16.4132;16.1056;16.2432;15.9177;16.2081;16.5639;16.6345;16.8286;15.9154;16.0368;15.9586;15.8378;15.3583;15.9914;15.3028;15",7.58227,"0.1;0.15;0.75"
22.3039,20.9669,0.243787,"1;1.98573;2.9857;3.85976;4.52292;5.51241;6.49226;7.47559;8.46381;9.45321;10.4505;10.9166;11.9049;12.3575;13.1301;13.6203;14.1763;15.0584;15.7747;16.6517;17.3883;17.8729;18.3034;19.0201;19.9701;20.9011;21","15;15.1683;15.1595;15.2295;15.6242;15.4796;15.6794;15.8612;15.7082;15.8535;15.7798;16.6645;16.5119;16.1659;15.7552;15.0688;14.9003;14.6654;15.1452;15.3709;14.9642;15.0544;15.5384;15.9549;15.6427;15.2775;15",6.59442,"0.1;0.2;0.7"
30.3332,42.0456,4.3336,"1;1.54402;1.79332;2.60573;3.00572;3.83315;4.40092;4.67461;4.82819;5.14581;6.03855;6.19711;6.66439;7.62389;8.42415;8.61174;9.10209;10.0821;10.9812;11.8624;12.0404;12.7379;13.2758;13.5728;14.0751;14.8875;15.8061;16.6019;17.5243;17.9536;18.278;18.7776;19.7696;20.3219;20.8424;20.6631;20.987;21.1321;21","15;15.7692;16.6954;17.2785;18.195;18.7565;19.2364;19.885;20.4844;20.767;21.2176;21.6162;21.9976;21.7159;21.6784;21.5605;22.432;22.233;21.7953;21.3226;21.8077;21.8058;22.1994;22.2387;22.2484;21.94;21.8897;21.9351;22.0109;21.1533;20.8473;19.9811;19.8545;19.0238;18.2881;17.4503;16.5098;15.8868;15",16.3616,"0.1;0.25;0.65"
35.0073,39.835,6.30454,"1;1.92381;2.55653;3.10775;3.3314;3.7493;4.04549;4.51755;5.36752;5.65518;5.45968;5.10682;5.17135;5.22261;5.74233;5.03777;5.72805;5.80024;6.53597;7.40544;8.17314;8.65114;9.36862;9.97023;10.9686;11.7183;11.9327;12.7461;13.5487;14.4312;15.309;16.185;17.0013;17.1808;17.9766;18.8158;19.5135;19.7263;19.9391;20.1967;20.7068;20.9398;21.4192;21.3605;21","15;14.9853;15.0771;15.4028;15.7709;16.6794;16.9555;17.3196;17.3491;18.1693;19.15;19.1308;20.1075;20.3301;20.9285;21.3366;21.9376;22.3936;22.9864;22.8866;22.6879;22.4444;22.923;23.2509;23.1941;22.9816;22.9287;23.5104;22.9139;22.4435;21.9645;21.482;21.5649;21.3915;21.997;22.5409;21.8244;20.8473;19.8702;19.0231;18.415;17.4425;16.5649;15.639;15",19.234,"0.1;0.3;0.6"
23.6439,28.2825,0.244326,"1;1.92077;2.8545;3.8545;4.55285;5.53484;6.4203;6.56256;7.41943;8.27093;9.01517;9.385;10.2166;10.7983;11.224;11.8721;12.5356;12.7281;13.6745;14.6699;15.0848;15.5619;16.5094;17.5082;18.507;19.1943;20.0815;21","15;14.6099;14.9679;14.9696;14.2539;14.073;13.7303;13.9285;13.6885;14.2129;14.8808;15.0664;14.9903;14.6145;13.8092;14.2439;13.8444;13.7269;13.4039;13.3082;14.218;15.0969;14.7771;14.8267;14.8762;15.6026;15.1412;15",12.3977,"0.1;0.35;0.55"
26.8736,35.2602,0.296567,"1;1.75645;2.29433;3.07379;4.06003;5.06003;5.96424;6.05421;6.91911;7.64819;8.02347;8.67528;9.61534;10.3026;11.2696;12.2679;12.3925;12.9434;13.5804;13.9506;14.7744;15.5013;15.9464;16.8627;17.3941;18.241;18.7568;18.3199;18.6835;19.6232;20.3789;21.3421;21.1413;21","15;14.8148;14.5068;14.7596;14.9249;14.925;14.4979;14.4921;14.2009;14.8854;15.8123;16.3648;16.4026;16.7704;16.5158;16.5749;16.295;15.7722;15.193;14.7513;14.4709;14.1715;14.1162;14.5167;14.1503;14.5445;14.7687;15.5414;16.2498;16.283;16.938;16.6691;15.6895;15",16.9397,"0.1;0.4;0.5"
26.8651,29.0734,0.301247,"1;1.58836;2.36608;3.26648;4.17907;4.32637;4.86285;5.60464;6.33879;6.87379;6.71086;7.67575;8.08772;8.62401;9.08269;9.88822;10.8066;11.806;12.6628;13.634;14.5314;15.043;15.4372;15.6193;16.5682;17.5169;18.1321;18.6526;18.9591;19.7861;20.6132;21","15;15.8086;16.4372;16.8723;16.4634;15.4743;15.7142;15.2611;14.7046;15.4896;15.9207;16.1833;15.3662;14.8755;15.1391;15.7195;15.3366;15.3036;14.7878;14.5496;14.5697;15.0871;15.8261;16.7929;16.4774;16.1612;16.9495;16.6413;16.3873;15.8252;15.263;15",15.9051,"0.1;0.45;0.45"
23.4651,20.8038,0.25281,"1;1.73483;2.73012;3.5689;4.33644;4.54467;5.35425;6.26093;7.2286;7.39939;8.21372;9.1477;10.1405;10.6675;11.1397;12.1381;12.2145;12.6763;13.0337;13.7747;14.764;15.6645;16.4176;17.3544;17.688;18.2452;19.2113;20.1927;21","15;14.3218;14.4187;14.4566;14.3706;14.1512;13.8338;14.2557;14.5079;15.4932;16.0736;16.4309;16.3111;16.3156;16.3507;16.2936;16.2185;15.8913;15.8488;15.1772;15.0318;15.4666;15.8066;16.0374;15.0947;14.2643;14.5223;14.7141;15",12.8495,"0.1;0.5;0.4"
26.1263,24.7243,0.291204,"1;1.39746;1.58324;1.50641;2.48301;3.46034;4.34089;5.20752;6.1335;7.10598;8.02391;8.9271;9.54264;10.3741;10.5993;11.0727;11.678;12.6645;13.5176;14.3059;15.2695;15.5094;16.312;16.6106;17.4957;17.6466;17.1503;17.6775;18.206;19.1877;19.2169;19.9781;20.7393;21","15;15.9176;16.6169;16.9117;17.1267;16.915;16.441;16.94;16.5624;16.3294;15.9327;15.6492;15.4798;16.0353;15.4942;15.1674;14.6792;14.8432;15.3649;14.8522;14.7504;14.6601;15.1859;14.9701;14.6647;14.2994;13.4849;13.4604;13.2349;13.1202;13.4808;14.1294;14.7779;15",16.3129,"0.1;0.55;0.35"
24.0575,31.5131,0.277985,"1;1.77467;1.902;2.822;3.80493;4.73664;5.49491;6.34544;7.27092;7.81032;8.78279;9.61269;9.77586;10.7632;11.7431;12.707;13.6463;14.4204;15.2429;16.1888;16.2045;17.0253;17.1885;18.1855;18.8815;19.8811;20.7606;21","15;15.4743;16.1946;16.5865;16.7705;16.4073;16.2553;15.9996;15.7865;15.6722;15.9052;15.986;16.0227;16.1812;16.3807;16.6469;16.3035;15.6705;16.2392;16.5637;15.5638;15.5864;16.5419;16.6198;15.9017;15.8729;15.397;15",21.397,"0.1;0.6;0.3"
23.9546,16.6805,0.266239,"1;1.74604;2.65279;3.4826;4.35147;5.05681;6.05675;6.86699;7.8491;8.09465;8.84812;9.55146;9.81694;10.4768;11.4553;12.3703;12.5889;13.3746;14.2407;14.5701;15.563;16.5435;17.1718;17.9243;18.6592;18.7075;18.9423;19.9423;20.0916;20.7891;20.9168;21","15;15.2284;15.3069;15.41;15.0628;14.8266;14.8156;14.2295;14.4178;14.5311;14.462;14.2972;14.2143;14.9657;14.7592;14.7598;14.9857;14.8953;15.2619;15.9714;16.0902;15.8936;16.6716;16.2217;16.8024;17.0462;17.1675;17.1703;17.0797;16.6385;15.6467;15",13.3044,"0.1;0.65;0.25"
25.2361,19.0049,0.282248,"1;1.96981;2.88084;3.67943;4.6768;5.44176;6.34284;7.34274;8.14929;8.86462;9.80047;10.3448;10.9172;11.7667;12.2029;12.897;13.1894;13.9493;14.7137;15.4015;15.599;16.2372;16.7162;17.1774;17.9259;18.6921;19.1292;19.8449;20.8443;20.9614;21","15;15.2439;15.6562;16.2581;16.1856;15.5415;15.1079;15.1221;15.0396;14.973;14.9647;14.8684;14.3619;14.8896;15.7895;16.5093;15.5934;15.9411;15.9222;16.0082;16.0677;16.5574;15.781;16.2168;16.2027;16.4236;17.0527;16.3543;16.3203;15.3272;15",15.8835,"0.1;0.7;0.2"
40.8678,15.5835,9.38723,"1;1.94969;2.33051;3.19377;3.93698;3.78996;3.78023;4.08246;4.62798;4.15801;4.34189;3.95853;3.63746;3.78144;4.32926;5.18719;6.15496;7.12539;8.08923;8.89193;9.29541;10.2263;10.7418;11.2734;12.0373;12.5391;13.53;13.7609;14.6168;15.2137;15.8437;16.6436;16.7422;17.5736;17.7479;18.5868;19.1001;19.8281;20.2683;21.0221;21.1316;21.4828;21.4381;21.2081;20.7224;20.7064;21.44;22.0525;22.5457;22.4547;21.991;21.8376;21.7198;21","15;14.6868;15.3878;15.6337;16.2641;17.2277;17.2517;18.205;19.0431;19.7674;20.3153;20.7803;21.5853;22.3802;23.1487;22.8108;22.9414;23.1828;22.9163;23.2887;23.2702;23.0546;22.7495;22.9801;22.8161;22.8974;22.7631;22.704;22.2731;23.0009;23.1738;23.774;23.7584;24.1414;24.5493;24.3123;24.9703;24.2848;23.3869;22.7297;22.351;21.5627;21.2336;20.4705;19.7435;18.7437;18.1127;17.6283;17.4754;16.7127;16.1231;15.6488;14.9544;15",17.1825,"0.1;0.75;0.15"
33.1343,17.6154,6.93831,"1;1.41812;1.23569;1.11913;1.38654;2.08984;2.10337;2.07163;2.46844;3.10468;4.10467;5.08594;5.37834;5.89945;6.783;7.43305;8.20034;8.4068;8.55104;9.36612;10.3109;10.9694;11.2586;11.9963;12.9823;13.6297;14.468;15.4608;16.3516;17.1929;17.4688;17.8314;18.8302;19.2236;19.7003;19.9518;20.9265;21.1477;21.0957;21.2652;21","15;15.6066;15.9718;16.965;17.8923;18.5131;18.7722;19.5331;20.246;21.0135;21.0098;21.2025;21.5724;21.784;22.2524;22.9271;23.4128;23.9971;23.8485;23.2692;23.5967;23.6822;23.9159;23.2407;23.0737;22.9453;23.3946;23.5147;23.0603;22.5197;22.2973;21.7501;21.7998;20.8805;20.0014;19.0336;18.8097;17.8345;16.8359;15.9286;15",18.0996,"0.1;0.8;0.1"
34.7953,52.298,6.15647,"1;1.92474;2.38586;2.76327;3.43473;4.34184;4.54344;4.55841;5.13851;5.78305;5.68277;5.53027;5.29713;5.67477;6.421;6.63594;7.04098;7.79042;8.69197;9.16312;9.56722;10.5292;11.3473;12.104;12.5796;12.8052;13.6003;14.2766;14.9594;15.8906;16.7422;17.1852;18.1521;19.088;19.7736;20.5824;20.407;20.0236;20.1984;20.5827;21.1706;20.6056;20.8032;21","15;15.0329;15.3812;15.6119;16.3529;16.7738;17.7533;18.4811;19.2382;19.9709;20.8185;21.5855;22.4516;22.7738;22.2798;22.3604;21.6178;21.3689;21.8015;21.619;21.3179;21.591;21.8379;22.1908;22.3682;22.4196;22.8206;23.1582;22.8428;23.2074;22.7602;22.716;22.4608;22.431;22.3516;22.085;21.422;20.4985;19.5139;18.5907;17.7817;16.9566;15.9763;15",48.2406,"0.1;0.85;0.05"
35.3146,50.585,6.86185,"1;1.59297;1.99734;1.9541;2.03334;2.04163;2.21957;2.17238;3.15711;3.71105;4.68824;5.51939;5.75666;5.7291;5.44342;5.41063;5.60452;6.36576;7.10887;7.85083;8.53869;9.41437;10.1981;11.1981;11.6952;12.4817;13.2437;13.7847;14.4417;14.8947;15.3876;16.2846;16.6725;17.2634;18.0678;18.1041;18.616;19.3056;20.1677;20.672;20.8853;20.8812;20.5947;20.556;20.8012;21","15;15.3989;16.087;16.9592;17.6663;17.9427;18.7924;19.7913;19.6172;19.4589;19.4666;19.4563;20.0185;21.0181;21.8219;21.966;22.9471;23.4076;24.006;24.5261;24.6656;24.1827;23.5616;23.5645;23.3698;23.2967;22.9902;22.5715;21.8175;22.1634;22.2906;22.5912;22.21;21.965;21.3801;21.1433;20.3547;20.738;20.3848;19.5213;19.1023;18.2724;17.5847;16.5854;15.616;15",49.058,"0.1;0.9;0"
22.1877,80.0834,0.261606,"1;1.5356;2.46571;3.26055;4.18519;4.33737;5.21413;6.17882;7.15736;7.31147;8.20311;8.93618;9.63449;10.5517;11.4803;12.3774;13.364;14.35;15.3232;16.1;16.8213;17.6013;18.3096;19.2871;20.2858;21","15;15.8445;16.2118;16.5379;16.5148;16.5982;17.0791;16.8157;16.6097;16.5842;16.4257;16.7248;16.009;16.4074;16.7784;16.3366;16.5;16.3334;16.5636;15.9338;15.2412;15.6327;15.4595;15.2489;15.3002;15",3.55052,"0.15;0;0.85"
22.4317,36.6376,0.229005,"1;1.93928;2.87686;3.87566;4.15252;4.84807;5.60482;6.20288;7.13641;7.46997;8.09802;8.41652;9.16691;9.99857;10.5637;11.3175;12.2786;12.5315;13.326;14.2479;15.0002;15.917;16.7171;17.0855;17.7159;18.0843;18.9596;19.7789;20.5783;21","15;14.6569;14.3091;14.358;14.2295;13.9473;13.7731;14.5746;14.2161;14.0179;13.5078;13.4516;13.4033;13.6183;13.6545;13.5364;13.2603;14.0223;13.7993;13.6032;14.262;14.6614;14.562;14.357;14.2068;13.9276;13.9847;14.0824;14.6831;15",5.37984,"0.15;0.05;0.8"
30.828,23.3977,5.56103,"1;1.13746;2.12763;2.48462;2.66999;3.32059;4.04068;4.95342;5.16015;5.26161;5.54699;6.15335;7.13972;8.09014;8.91411;9.70251;10.2602;10.5607;11.0906;12.0225;12.7365;13.5617;13.7116;14.3906;15.3902;16.2993;17.2216;17.8578;18.5265;18.9284;19.4921;19.9293;19.7616;19.949;20.2505;20.7724;21","15;15.9905;15.8506;16.7847;17.7674;18.5268;19.2207;19.6293;20.1269;20.2457;21.1984;21.9435;22.108;22.419;22.4414;22.7729;23.1921;23.9959;24.1658;23.8031;23.103;22.9132;22.8812;22.1471;22.1196;22.5361;22.1494;21.3779;20.6343;19.7187;18.8927;18.02;17.2587;16.5335;16.2312;15.5578;15",11.1347,"0.15;0.1;0.75"
22.3695,15.5045,0.239707,"1;1.78546;2.55025;3.55023;4.54863;5.33977;5.75072;6.39653;7.06422;8.04137;8.90595;9.79185;10.3933;11.389;12.2578;13.0695;13.7848;14.7312;15.4086;15.7303;16.7301;17.4547;17.8152;18.4132;19.1081;19.7699;20.5361;21","15;15.6189;14.9746;14.9692;15.0258;14.4142;14.6909;15.1496;14.8662;14.9664;15.0174;15.2468;14.843;14.7501;14.9143;15.2901;15.9889;16.312;16.0303;16.3544;16.3391;15.65;15.3099;14.9778;14.8198;14.8067;14.6727;15",5.84889,"0.15;0.15;0.7"
23.7288,30.474,0.263706,"1;1.90212;2.75699;3.6548;4.42342;5.35561;5.39389;6.35303;7.18741;7.47683;8.27387;9.27171;10.2032;11.1077;11.5133;12.4967;13.3476;14.2772;14.9964;15.834;16.6267;17.2417;17.8759;18.6722;19.4622;20.2182;20.6501;21.2028;21","15;15.2865;15.8053;16.2457;16.8854;16.6349;16.6441;16.3612;15.9133;15.8219;15.8382;15.7725;15.4087;15.835;16.7491;16.5677;16.0425;15.6737;15.1838;15.4441;15.3569;14.742;13.9721;13.3671;13.7482;13.8998;14.0632;14.817;15",9.82552,"0.15;0.2;0.65"
26.2262,13.7824,0.294602,"1;1.97096;2.8876;3.56355;4.36629;5.01763;5.66019;6.63899;7.5782;8.57396;9.48713;10.4142;11.4013;11.8896;12.3439;13.303;13.9937;14.6156;14.968;15.7324;16.7078;16.8242;17.5148;18.389;19.22;19.959;19.5134;20.5097;21.2726;21.8277;21.9932;21.5393;21","15;15.2392;15.4239;15.611;15.9725;15.7751;16.0723;16.239;15.8956;15.9876;15.58;15.274;15.1949;15.6544;15.6239;15.4301;15.0375;14.6593;14.7458;15.1894;14.9792;15.0884;15.6252;15.9392;15.517;16.18;16.9532;17.0391;17.1515;16.7628;15.9636;15.7955;15",7.5563,"0.15;0.25;0.6"
24.5067,18.6982,0.262862,"1;1.99991;2.99991;3.99928;4.56571;5.28335;5.86232;6.74112;7.31882;7.68463;8.44328;8.36441;8.62273;9.59817;9.73106;10.6192;11.235;12.1943;13.0661;13.3272;14.1804;14.4975;15.0472;15.3421;16.0504;16.8759;17.836;18.4531;19.4509;20.2538;21","15;14.9866;14.9873;14.952;14.6519;14.3575;14.1657;14.5464;14.8567;15.7173;15.0658;14.8879;13.9218;13.7016;14.3508;14.6421;15.22;14.9555;15.3629;15.4664;15.6646;16.3;16.1998;16.5538;16.172;15.6076;15.6477;16.0849;16.1502;15.5541;15",9.43005,"0.15;0.3;0.55"
22.6811,13.6008,0.238694,"1;1.95849;2.92893;3.86455;4.75285;5.7525;6.56337;7.55816;8.27582;8.66972;9.28066;10.2212;11.0844;12.0809;12.5042;13.498;14.2592;15.2089;16.2089;17.1252;17.7805;18.5671;19.4298;20.2924;21","15;14.7149;14.9563;14.6033;14.144;14.1173;14.7025;14.8045;15.1979;15.3072;15.4752;15.1355;14.6307;14.7146;13.8086;13.6977;14.3461;14.6593;14.6531;15.0537;15.809;16.4265;15.9207;15.4149;15",8.28179,"0.15;0.35;0.5"
22.9352,17.7686,0.249788,"1;1.89761;2.89171;3.82744;4.74453;5.50488;6.40746;6.9938;7.8816;8.63888;9.27557;9.97199;10.9714;11.8848;12.7232;13.4823;14.0457;14.621;15.1904;16.1881;16.9932;17.4108;17.9235;18.7232;19.0456;19.6283;20.3274;21","15;14.5592;14.4508;14.8035;15.2022;15.8517;16.2823;15.881;15.7578;15.8329;16.0917;15.374;15.3401;15.4985;15.9651;15.3141;15.0092;15.7389;16.3442;16.4124;15.8193;15.5191;15.4115;15.2603;15.1735;14.783;15.3918;15",10.6601,"0.15;0.4;0.45"
23.6721,51.082,0.270435,"1;1.99186;2.91339;3.88142;4.86919;5.8661;6.48601;7.01191;7.72875;7.91102;8.88207;9.46191;10.0266;10.5311;11.407;11.6413;12.6023;13.2588;14.2039;15.1524;15.8578;16.2304;16.9075;17.013;17.7582;18.7545;19.4857;20.4772;20.8546;21","15;15.1274;14.7391;14.9899;15.1458;15.2244;15.2843;15.7581;16.0609;16.6033;16.8422;16.711;16.0529;16.0551;16.5376;16.1388;15.908;15.8287;15.5019;15.5937;15.1779;15.3327;15.8592;16.3422;17.0091;17.0949;16.4127;16.2829;15.3569;15",26.6459,"0.15;0.45;0.4"
22.9338,14.375,0.24131,"1;1.00935;0.972894;1.7114;2.6969;3.5855;4.28438;5.08258;6.04304;6.85949;7.24034;8.10511;8.89939;9.89676;10.8213;11.6364;12.6043;13.6042;14.6041;15.5113;16.4886;17.2929;18.1903;19.1464;20.1025;21","15;14.1371;14.0004;13.3261;13.1564;13.4255;13.3615;13.9639;13.6855;14.2629;14.828;14.9877;15.0798;15.1523;14.7713;15.3506;15.099;15.0872;15.0754;15.4961;15.7082;16.3023;15.8611;15.5681;15.275;15",10.712,"0.15;0.5;0.35"
22.9416,52.8328,0.259223,"1;1.90252;2.73327;3.55312;4.50087;5.50086;6.35947;7.21783;8.21707;8.5794;9.57621;10.2495;10.5803;11.4143;11.3796;12.363;12.6258;13.3406;13.6859;14.3139;15.3138;16.278;17.2422;18.2064;19.1706;19.8052;20.4887;21","15;14.5694;14.8144;15.3086;15.5356;15.5405;15.4447;15.102;15.0629;15.995;15.9151;16.2757;16.162;16.2701;16.7798;16.5979;16.4367;16.808;16.607;16.5783;16.5637;16.2986;16.0334;15.7683;15.5031;16.2759;15.546;15",32.5771,"0.15;0.55;0.3"
48.8625,39.1485,12.3175,"1;1.99853;2.91017;3.90013;4.43037;4.56326;4.73832;4.9507;5.24049;5.26245;5.5194;5.55595;5.08791;5.46776;6.0173;6.3658;7.35883;8.09995;8.56119;9.26408;9.94538;10.7144;11.6741;12.5572;12.9397;13.5201;14.1414;14.7532;15.5632;16.0418;16.6617;16.8856;17.7524;18.1501;18.4256;19.2429;20.2428;21.0596;21.7103;22.1486;22.9686;23.5764;24.2963;24.6678;25.3694;25.4269;25.7725;26.7658;27.3453;27.2176;27.5601;26.7508;25.9416;25.1323;24.1431;23.4027;22.6622;21.9217;21.9372;21","15;15.0542;14.6432;14.7846;15.6324;16.6235;16.8958;17.1904;17.8147;18.674;19.1713;20.1706;20.6686;21.1667;21.4112;21.7861;21.8169;22.3808;22.7534;23.1235;23.637;23.2878;23.1995;23.438;23.4578;23.9669;24.2982;24.0581;23.9868;24.4407;24.2763;24.4236;24.9221;25.1313;25.6616;26.2379;26.2261;26.1385;26.3263;25.5534;26.1115;26.4054;25.8934;24.965;24.2524;23.2541;22.3157;22.4314;21.6164;20.7015;19.762;19.1745;18.5871;17.9996;17.8529;17.1808;16.5087;15.8366;14.838;15",33.8978,"0.15;0.6;0.25"
22.1608,12.2159,0.236244,"1;1.70026;2.43974;3.36001;4.35114;4.94972;5.61056;6.0109;6.15579;6.59469;7.11273;7.43989;7.9666;8.96572;9.68537;10.2655;11.1874;12.0747;12.8367;13.7949;14.2216;14.9011;15.4855;15.9276;16.9267;17.9252;18.9236;19.922;20.9204;21","15;15.2654;15.6156;16.0069;16.1398;16.1207;16.3377;16.0172;16.0422;15.1437;14.5325;14.4831;14.2718;14.3139;15.0082;15.0303;14.68;14.4989;14.774;14.4878;14.7268;15.0322;15.583;15.272;15.2296;15.1733;15.117;15.0608;15.0045;15",11.3117,"0.15;0.65;0.2"
23.5386,43.0922,0.253171,"1;1.99869;2.98094;3.90357;4.90006;5.4974;5.76448;6.74808;7.60964;8.2838;9.26204;10.259;11.2474;12.2323;12.5528;13.3694;13.8723;14.3618;15.2992;16.2737;16.5258;17.3659;18.1976;19.1505;19.5143;20.3721;21","15;14.9488;15.1363;14.7506;14.6669;14.0669;13.2208;13.4012;13.9088;14.6474;14.8548;14.9327;15.0847;15.2579;16.2051;16.7823;16.3904;16.6588;16.3106;16.0865;15.4282;15.0849;15.0348;14.8108;15.049;15.4792;15",33.7333,"0.15;0.7;0.15"
23.6822,14.2061,0.254924,"1;1.99988;2.93334;3.7831;4.3861;4.6385;5.50216;5.7121;6.2281;6.8489;7.04455;7.92477;8.84027;9.30579;10.2856;11.2668;12.2328;13.1865;14.0222;15.0221;15.8858;16.5725;16.9796;17.5876;17.9971;18.9783;19.9087;20.8529;21","15;15.0153;15.374;15.9011;16.6989;16.6504;16.2927;15.899;15.0784;15.7558;15.8657;16.3403;15.938;15.0529;15.0398;14.8811;14.6225;14.3218;14.8709;14.8894;14.9016;15.2154;15.0523;15.1964;14.4101;14.6028;14.9694;14.6399;15",14.2324,"0.15;0.75;0.1"
23.7353,17.8297,0.247746,"1;1.96401;2.59127;3.5516;4.41461;4.93927;5.87548;6.58988;7.25156;8.20202;8.76194;9.69145;10.086;10.8513;11.7153;12.6538;13.4005;13.7943;14.5787;15.4126;16.1387;16.649;17.4272;18.1508;18.9548;19.7248;20.4153;21","15;15.2659;14.4871;14.2082;13.703;14.5543;14.8283;14.6097;13.9065;13.9069;14.1982;14.0235;13.5841;14.2277;13.7241;14.0694;14.7036;14.6543;14.6825;15.1934;15.7264;16.347;15.719;15.0288;15.2777;15.0226;15.3362;15",17.8365,"0.15;0.8;0.05"
24.9625,16.5301,0.275212,"1;1.23727;2.1322;2.81595;3.68458;4.66126;5.08139;5.44076;6.28733;6.94117;7.63661;8.61472;9.54127;10.0934;11.0872;12.012;13.0111;13.6792;14.0104;15.0104;15.9382;16.562;16.9613;17.5993;18.385;19.3529;19.9611;20.5693;21","15;15.8779;16.071;16.8007;16.3052;16.0905;15.7947;15.4163;15.1527;15.4416;15.0341;14.9868;14.6107;13.7769;13.8883;14.2688;14.2278;14.2578;14.1889;14.1843;13.8113;14.5929;15.5097;16.2797;16.8983;17.1496;16.3558;15.5621;15",17.7949,"0.15;0.85;0"
21.0955,11.8997,0.222225,"1;1.99902;2.98814;3.90252;4.7623;5.72742;6.52405;7.50909;8.05102;8.80115;9.31668;10.2098;11.2003;12.0387;12.9676;13.9055;14.4633;15.4568;15.9933;16.5912;17.5708;18.5437;19.5247;20.5056;21","15;15.0443;14.8973;14.4924;13.9817;13.7199;14.3244;14.1521;14.355;14.6807;14.8954;15.3451;15.4828;15.6883;15.6952;15.3485;15.2908;15.233;15.0516;15.4568;15.2556;15.4865;15.2922;15.0979;15",4.39688,"0.2;0;0.8"
34.6954,37.5639,8.14851,"1;1.72517;1.99157;2.32135;2.30177;2.76983;2.9434;3.19682;3.79723;4.47928;5.17785;6.15399;6.98068;7.17194;7.90802;8.48709;9.46686;10.2296;10.4614;11.3909;12.3044;13.1763;13.9791;14.1287;15.0541;15.4559;16.3148;16.9331;17.6654;18.6535;18.7725;19.1177;19.8501;20.069;20.2879;20.9207;21.5128;21.4649;21.0324;21","15;15.6886;16.643;17.5779;18.4995;19.2206;19.9139;20.8812;21.6809;22.4122;23.1278;23.3449;23.9076;24.3893;24.658;24.5791;24.7792;24.1325;23.1597;23.2291;23.2705;22.8859;22.8099;23.1934;23.0895;22.1738;22.5709;21.9678;22.6488;22.495;21.7459;20.8073;20.1265;19.1508;18.175;17.4008;16.9772;16.1112;15.2719;15",14.9287,"0.2;0.05;0.75"
23.8728,55.7417,0.281547,"1;1.99616;2.35161;2.7625;3.61282;4.54201;5.51035;5.34541;5.61511;6.09386;7.04204;7.96206;7.98304;8.98301;9.71183;10.3494;11.3254;12.3192;13.2736;14.0889;15.0858;15.7744;16.5171;17.0582;18.0243;18.4015;19.0344;19.6645;20.5175;21","15;15.0876;16.0223;16.934;17.4602;17.8298;17.5802;16.7977;16.6216;16.6308;16.8644;16.4794;16.526;16.5333;16.0644;15.4937;15.2762;15.3871;15.0886;14.5094;14.4312;14.4502;14.8217;15.0298;14.9408;14.9302;14.2607;14.4337;14.5832;15",10.5458,"0.2;0.1;0.7"
23.498,13.3242,0.243753,"1;1.37941;1.82908;2.7787;3.76994;4.69049;5.65815;6.05589;6.65667;7.65461;8.65175;9.6489;10.435;11.1188;11.9318;12.6811;13.1962;14.0166;14.4731;15.4374;16.3327;17.262;17.6453;18.5486;18.9627;19.5232;19.6844;20.3145;20.4818;20.8626;21","15;14.756;14.4409;14.7543;14.6223;14.2316;13.9794;14.0498;13.925;13.9892;14.0647;14.1402;14.7583;15.488;14.9058;14.3219;15.1679;15.5952;15.3078;15.3381;14.8926;14.8835;15.017;15.0381;14.5377;14.3371;14.1279;13.6318;13.7415;14.6662;15",6.85668,"0.2;0.15;0.65"
22.5801,120947,0.250517,"1;1.82209;1.88822;2.48892;3.05009;3.59963;4.22703;5.16282;5.88247;6.2338;6.4233;6.83498;7.76587;8.735;9.06125;9.70602;10.6997;11.1505;12.0007;12.1585;13.1282;14.0502;15.0268;15.9831;16.8288;17.3544;18.2805;18.495;19.486;20.3298;21","15;15.5694;15.6367;16.3146;15.9691;16.1873;16.7214;16.5763;16.9751;16.7732;16.7174;16.6706;16.3052;16.0587;15.574;15.6549;15.7673;15.1354;15.0662;15.3048;15.5488;15.1945;15.0945;14.802;14.9979;14.7706;14.5126;14.1704;14.0371;14.5738;15",24194,"0.2;0.2;0.6"
22.116,15.3084,0.233684,"1;1.4813;2.38515;3.27977;4.2457;5.04563;5.96808;6.95598;7.95178;8.95144;9.94261;10.6628;11.6378;12.2608;13.0465;13.2574;14.1538;15.1324;16.0793;17.0625;17.7686;18.5376;19.3048;19.8661;20.6949;21","15;15.776;15.889;16.3358;16.077;15.4769;15.0908;15.2459;15.3375;15.3117;15.1791;14.5145;14.3836;14.5009;14.2584;14.002;13.5588;13.7648;14.0863;14.2688;14.9695;14.4413;14.408;14.8007;15.0073;15",8.37882,"0.2;0.25;0.55"
24.092,25.4186,0.262682,"1;1.90615;2.85274;3.83269;4.77915;5.41466;6.37937;7.35631;8.23132;9.23121;9.66281;10.6627;11.651;12.0857;12.9239;13.9236;14.9233;15.923;16.5834;16.8029;17.6401;18.3421;18.747;19.3463;20.0736;21","15;14.5808;14.5055;14.3063;13.9835;14.7556;14.4923;14.7058;15.1899;15.175;16.0771;16.0893;16.2421;15.3416;14.7962;14.8215;14.8467;14.8719;15.6228;16.5984;17.1453;16.7764;16.0883;15.538;15.3014;15",12.5753,"0.2;0.3;0.5"
22.0423,15.2995,0.230333,"1;1.93683;2.69666;2.89076;3.72222;4.61468;5.46992;6.2104;6.57461;7.25875;8.17447;9.17214;10.069;11.0625;11.9736;12.7548;13.2071;13.8097;14.3928;15.3897;16.3796;17.239;18.0976;19.0293;20.029;20.7339;21","15;14.6502;14.3826;14.2919;13.8395;13.6333;13.6848;14.3568;14.2202;14.1557;14.1234;14.1916;13.7493;13.863;13.9369;14.4081;14.7037;14.7103;15.5228;15.4439;15.5851;15.0737;15.5864;15.9495;15.9231;15.2138;15",9.86693,"0.2;0.35;0.45"
22.8816,80.1474,0.262028,"1;1.73157;2.73005;3.591;4.27203;5.11907;6.10554;6.19841;7.01559;7.9944;8.8631;9.65171;10.5535;11.2746;11.9659;12.4495;13.332;14.3048;15.262;16.2121;16.4831;17.1622;18.0612;19.0242;19.9873;20.4017;21","15;15.6818;15.6267;16.1354;16.1101;16.5985;16.4345;16.1282;16.02;15.8152;16.3106;15.6957;15.4426;15.4869;15.8405;16.3552;16.8256;16.594;16.8834;16.5715;16.2917;16.2597;15.8216;15.5523;15.2831;14.373;15",36.7401,"0.2;0.4;0.4"
25.6346,27.2524,0.285519,"1;1.70041;2.69973;3.37129;4.3497;5.03188;5.88049;6.78875;7.76969;8.63637;9.59116;10.502;10.6524;10.7696;11.6439;12.4424;13.0838;13.8548;14.6763;14.818;15.7639;16.5102;17.1552;17.5101;18.1828;18.9733;19.7639;19.508;20.5079;21","15;14.2863;14.3232;13.5823;13.7889;14.4097;14.5087;14.8138;15.0081;15.507;15.8043;15.4219;15.7402;16.6777;16.1925;15.5905;16.3577;15.7209;16.2911;16.4073;16.3582;16.4503;16.0887;16.4423;17.1823;16.5699;15.9575;14.9908;14.997;15",17.4904,"0.2;0.45;0.35"
24.0895,24.362,0.268626,"1;1.92222;2.82969;3.81874;4.77268;5.76975;6.36477;6.9236;7.80348;8.07505;8.88587;8.89137;9.76173;10.3559;11.1904;12.1308;12.2312;12.5129;13.0858;14.035;14.43;15.2278;15.9586;16.7354;17.6437;17.6705;18.6321;19.4931;20.3541;21","15;14.6133;15.0335;14.8859;15.1859;15.2624;15.396;15.4515;15.7765;15.6417;15.5913;16.5417;16.4573;15.6529;16.2038;16.544;16.2508;15.8672;15.8895;16.1125;15.6654;16.2042;15.7939;15.6909;15.8163;16.6731;16.399;15.8903;15.3816;15",17.0795,"0.2;0.5;0.3"
23.265,14.8992,0.263677,"1;1.95883;2.62388;2.61765;3.55526;4.50554;4.99128;5.60283;6.24203;7.18592;8.15193;9.15051;10.051;11.0364;12.0357;12.7834;13.5757;14.0512;14.4468;15.134;15.5501;16.443;17.4421;18.3801;18.8263;19.8212;20.8161;21","15;15.284;16.0308;17.0308;17.3785;17.0671;16.2997;16.2868;16.2748;15.9446;15.6861;15.6327;15.1978;15.3679;15.331;15.6082;15.6937;15.4196;15.038;15.2233;15.5291;15.9793;16.0211;15.6744;14.7795;14.8804;14.9813;15",12.9135,"0.2;0.55;0.25"
26.7536,42.7735,0.294323,"1;2;2.92357;3.79472;4.25779;5.01162;5.98607;6.64075;7.23567;8.14683;8.76278;9.4897;9.69857;10.6491;11.6113;12.6089;12.947;13.5738;14.2366;14.4847;15.4448;15.9416;16.2468;16.8469;17.549;18.3163;19.0618;19.1891;20.1686;20.6796;21.2051;21.2275;21","15;15;14.6166;15.1076;14.8073;14.8068;14.6312;15.3543;15.7442;15.3322;14.5768;14.7125;13.9983;13.6876;13.4153;13.3465;13.8416;13.609;13.8433;13.1963;13.4759;14.3437;15.296;15.697;16.1941;16.7534;17.3992;17.2975;17.4989;16.6393;16.2817;15.4889;15",31.0737,"0.2;0.6;0.2"
23.0821,20.2839,0.258347,"1;2;2.69894;3.22805;3.80531;4.66349;5.49824;6.48994;7.32476;7.78179;8.13998;9.12167;9.90877;10.8578;11.1781;12.0507;12.4976;13.4829;14.2348;14.5097;15.2344;15.8803;16.6768;17.3027;17.9282;18.5128;19.2995;20.0861;20.8727;21","15;15;15.3637;15.4121;15.8642;15.863;16.3783;16.5068;15.9563;15.5929;15.4178;15.4922;15.0403;15.3359;15.263;15.5785;16.4732;16.3024;15.6432;15.6022;15.6715;15.5857;15.4378;15.8101;16.141;16.9523;16.3348;15.7174;15.0999;15",17.8397,"0.2;0.65;0.15"
22.3053,15.4764,0.238518,"1;1.99573;2.92052;3.90939;4.53676;5.40706;5.91802;6.2738;6.93466;7.53904;8.53894;9.0527;9.51766;10.5101;11.0888;11.9914;12.9894;13.9352;14.7846;15.7353;16.3907;17.3116;18.1692;18.2259;19.1865;20.0627;21","15;15.0923;15.4728;15.6215;16.4003;16.8928;16.2786;16.394;15.6771;14.8939;14.9079;14.8047;14.7027;14.6937;15.111;14.6805;14.6174;14.2925;14.8203;14.5105;14.4124;14.1023;14.2424;14.3276;14.6056;14.7738;15",15.3184,"0.2;0.7;0.1"
21.6891,13.8382,0.225194,"1;1.99714;2.86589;3.83407;4.75353;5.39683;6.33453;7.29796;7.73949;8.19751;9.13402;10.1282;10.1935;11.0436;11.9663;12.3557;13.2627;14.2611;15.2476;16.2474;17.2426;18.2226;18.968;19.8757;20.7606;21.0483;21","15;14.9244;15.0179;15.2383;14.8451;14.4486;14.5377;14.5172;14.459;14.0612;13.7105;13.8186;14.0163;14.2211;13.8355;14.5986;14.9928;15.0504;14.8866;14.9063;14.8084;14.6095;15.1015;15.2306;15.3404;15.0355;15",14.7278,"0.2;0.75;0.05"
21.6977,10.3254,0.231829,"1;1.95896;2.80504;3.69246;4.69217;5.56182;6.09336;6.59495;7.46792;8.46411;9.44639;10.2608;10.9637;11.8957;12.7906;13.1151;13.6057;14.4622;15.2579;16.0892;16.4356;17.0768;17.7351;18.4443;19.1862;20.0543;20.9766;21","15;15.2418;15.6464;16.1074;16.0833;15.5896;15.5496;15.162;15.2332;15.3203;15.1329;14.8246;14.6995;15.0619;15.5083;15.2765;14.9291;15.1469;15.6133;15.2752;15.1531;15.0731;15.078;15.5713;15.1003;14.6038;14.9902;15",12.5999,"0.2;0.8;0"
23.1895,74.6078,0.23842,"1;1.97758;2.34017;3.03539;3.78774;4.78773;5.75067;6.62231;7.15111;7.69172;8.49793;9.49401;10.445;11.1115;11.5133;12.3238;13.1476;14.0889;15.0647;15.8924;16.8302;17.6727;17.596;18.5794;19.3417;20.2342;20.872;21","15;15.2106;15.3826;14.9941;14.9445;14.9477;14.9254;14.9617;14.5307;14.2256;13.634;13.7224;13.4131;13.4189;13.3997;13.2222;13.7892;13.4516;13.6702;13.1091;13.4563;13.9951;14.9921;15.1734;14.5262;14.0751;14.8454;15",5.9762,"0.25;0;0.75"
23.9933,23.2656,0.2595,"1;1.66153;2.43175;2.68421;3.48497;4.13816;5.09103;6.04574;6.90353;7.77715;8.54488;9.17622;10.045;10.9478;11.7871;12.7747;13.4753;14.314;15.1512;15.8241;16.2747;17.1179;17.7273;18.2227;19.1406;19.9164;20.4189;21.1492;21","15;14.8389;15.3602;15.5204;15.7166;15.5101;15.2067;14.914;15.313;15.1912;15.7588;16.4944;16.0978;16.337;15.7934;15.9503;16.6639;16.1192;15.5723;14.8326;14.3092;13.944;13.5381;13.5308;13.134;13.3402;13.6073;14.2905;15",7.34325,"0.25;0.05;0.7"
24.6044,65.1585,0.276964,"1;1.29066;2.28949;2.88965;3.87043;4.86431;5.8643;6.76321;6.86264;7.85414;7.77332;8.45327;9.0358;9.7791;10.2344;10.8007;11.6506;12.1375;12.7637;13.5629;14.5335;15.4035;15.911;16.7994;17.13;17.6034;18.4413;19.3829;19.8239;20.4168;21","15;15.9568;15.9083;16.7082;16.9033;16.7929;16.7974;16.7677;16.8551;16.725;15.7282;15.3055;14.5459;15.1712;15.931;16.235;15.7081;15.6837;15.6822;15.3505;15.1099;15.3872;15.3489;15.1387;15.0371;14.4946;14.2801;14.4864;14.78;15.4088;15",12.847,"0.25;0.1;0.65"
24.3645,17.6064,0.2592,"1;1.91262;2.85672;3.74845;4.59805;5.29409;6.00029;6.65104;7.36396;7.84524;8.30807;9.26298;9.38649;10.0504;10.528;11.4642;12.1583;12.4081;13.3855;14.1359;14.5102;15.3658;15.8692;16.4759;17.4739;18.3746;19.2219;20.1323;21","15;14.5912;14.2615;13.809;14.3364;15.0544;15.7624;16.5217;16.2667;15.5694;15.7118;15.5405;15.5265;16.1855;16.0431;15.6915;14.9716;14.0033;14.2146;14.8755;14.2601;14.2986;14.9769;15.2801;15.2183;14.7837;14.8466;14.814;15",8.8876,"0.25;0.15;0.6"
24.0566,25.38,0.271266,"1;1.61567;2.54275;3.51782;4.5118;5.51079;6.13643;7.01584;7.93044;8.8728;9.31823;10.2976;10.89;11.3347;11.5243;12.4771;13.1057;14.0961;15.0921;15.8139;16.5851;17.527;18.5165;19.4646;20.1554;20.5814;20.9044;21","15;15.788;15.4131;15.635;15.7446;15.6994;15.7601;15.9193;15.8618;15.6499;14.7546;14.9127;15.5774;15.9731;16.3505;16.6541;15.8763;16.0143;15.9244;16.6164;15.9798;16.3159;16.1717;16.4844;16.5916;16.5564;15.7862;15",11.2393,"0.25;0.2;0.55"
23.7779,27.9094,0.263755,"1;1.87461;2.87429;3.85467;4.39153;4.98802;5.9071;6.77989;6.90292;7.85822;7.97678;8.59088;9.31945;10.209;11.0483;11.7044;12.6189;13.6021;13.7073;14.4956;15.4519;15.4914;16.412;17.181;18.0154;18.7843;19.5418;20.1692;21","15;14.5152;14.5405;14.3434;15.1871;15.9897;16.3838;16.1937;16.2925;16.5881;16.2485;15.7182;15.374;14.9171;15.4607;16.2154;16.6199;16.4374;16.1591;15.9883;16.0517;16.0796;15.6889;15.0497;15.6008;16.1954;15.8478;15.0691;15",13.0537,"0.25;0.25;0.5"
23.1153,44.2099,0.237648,"1;1.91158;2.86863;3.85622;4.80687;5.05978;6.05504;7.05288;7.80979;8.21806;8.7329;9.68991;10.3143;11.0401;11.9498;12.9138;13.7985;14.0621;14.9655;15.9351;16.4308;17.2254;18.1729;18.994;19.9618;20.6376;20.9705;21","15;14.5889;14.299;14.456;14.1458;13.1783;13.2756;13.2101;13.8313;14.0265;14.2729;14.5629;14.1869;14.487;14.6851;14.7214;14.5847;13.9049;13.4762;13.721;14.5896;15.1966;14.8769;14.842;14.9099;15.3306;15.0275;15",19.1487,"0.25;0.3;0.45"
27.5613,14.5614,0.35515,"1;1.96803;2.80855;3.79941;4.77013;5.71825;6.71768;7.64125;8.61585;9.50324;10.4616;11.4575;11.771;12.5415;13.3653;14.0057;14.9842;15.4014;16.1584;17.1347;17.5704;17.9008;18.4554;18.9461;19.586;20.446;21.1512;21.8878;22.7024;22.128;21.5535;21","15;14.8462;15.1747;15.0398;14.7996;14.4817;14.5156;14.1322;14.3562;14.7747;15.0135;15.1041;15.4607;15.6243;15.1329;14.9559;14.8705;15.3005;15.7409;15.9576;16.8577;17.1898;17.4135;17.6049;18.3733;18.1072;18.682;18.0057;17.4257;16.6072;15.7887;15",12.1289,"0.25;0.35;0.4"
23.2846,14.7252,0.246743,"1;1.56025;1.80831;2.63721;3.40799;4.09919;4.93336;5.72235;6.37176;7.163;7.97163;8.97162;9.84785;10.7506;11.6499;12.1796;12.7659;13.4627;14.2741;14.9873;15.6248;16.0368;16.7069;17.7055;18.7041;19.3964;19.7669;20.6414;21","15;15.3821;15.5888;16.1482;15.5111;15.396;15.806;16.1483;15.6941;15.6217;15.0333;15.0308;14.5489;14.1188;13.6815;14.1913;14.3704;14.4208;13.8363;14.462;14.3128;14.0324;14.7747;14.8271;14.8795;15.6011;15.8977;15.517;15",11.7976,"0.25;0.4;0.35"
21.637,15.0208,0.234644,"1;1.99128;2.70858;3.63983;4.63879;5.62046;6.61137;7.22626;7.48061;8.45295;9.45271;10.4284;10.8381;11.7936;12.5865;13.4295;13.7523;14.4088;15.2202;15.9698;16.8952;17.8564;18.8534;19.7808;20.6951;21","15;14.8683;15.565;15.9294;15.8839;15.6932;15.8277;16.1299;16.3221;16.0885;16.1105;16.3299;15.4177;15.1226;15.2211;15.3202;15.2382;15.1178;15.4806;15.1233;14.8424;14.757;14.8341;14.46;14.865;15",12.239,"0.25;0.45;0.3"
24.2781,12.9994,0.25474,"1;1.99291;2.95415;3.22095;3.32727;4.13036;4.5437;5.15375;5.79518;6.46413;7.20804;7.41115;8.10263;8.80599;9.04889;9.94124;10.2315;11.0656;11.8584;12.3788;13.133;13.5612;14.3309;15.2589;15.9144;16.6588;17.5297;17.9543;18.8767;19.7884;20.4298;21","15;15.1188;14.8431;14.1745;13.9154;13.3195;13.444;14.0921;14.6648;14.7108;14.1436;15.0553;15.3117;16.0121;15.8131;15.7737;15.5545;15.0029;14.3935;14.689;14.8922;14.1454;14.5229;14.6119;15.0626;15.3631;15.6558;15.333;15.1559;15.3399;15.3409;15",12.6329,"0.25;0.5;0.25"
33.3304,40.3869,5.92991,"1;1.97707;2.07198;3.04049;3.55486;4.22628;4.94527;5.56949;5.4419;5.46509;5.56056;5.64738;5.89786;6.67254;7.66838;8.60732;9.45345;10.4529;11.4469;12.26;13.1545;14.1126;15.0853;15.6972;16.267;16.7495;17.3559;18.1687;18.8474;19.1548;18.9719;18.5401;19.216;18.592;18.2726;19.0279;19.9213;20.8943;20.9963;21","15;14.7871;14.7783;14.9816;15.4512;16.1923;16.8873;17.6686;18.651;19.1751;19.6571;20.6533;21.6214;22.2538;22.1626;22.5067;23.0397;23.0741;23.1829;23.7651;23.3182;23.0317;23.2636;23.4234;23.0384;22.962;22.9382;22.3972;21.6628;20.7112;20.1677;19.7229;19.0777;18.3138;17.3662;16.7109;16.2615;16.031;15.0362;15",31.7314,"0.25;0.55;0.2"
23.979,41.3478,0.2846,"1;1.98369;2.71196;3.38129;4.37414;5.19389;6.00133;6.83746;6.94207;7.93251;8.33232;9.31106;9.92942;10.7871;11.4438;12.1446;12.7901;13.7014;14.6532;15.3101;15.9647;16.5453;17.5316;18.2234;19.1951;19.7823;20.3079;20.9403;21","15;15.1799;15.8652;16.6081;16.4887;16.4588;16.3584;15.9492;16.0193;15.8814;15.7531;15.9516;16.232;16.0784;15.5605;15.5955;16.3592;16.7711;16.4644;15.7891;15.931;16.6941;16.5296;17.2517;17.4881;16.6786;15.8279;15.4897;15",30.8461,"0.25;0.6;0.15"
24.0923,14.3564,0.263872,"1;1.9999;2.634;3.34472;4.33451;5.26327;6.24395;7.19068;8.13748;8.70244;9.41651;9.74383;10.5799;11.5421;12.1393;12.6209;13.5398;14.3038;14.5197;15.5007;15.7001;16.4842;17.1039;17.5756;18.097;18.5568;19.2561;19.9506;20.9412;20.9436;21.2697;21","15;15.0141;14.4032;14.5228;14.3802;14.7509;14.5553;14.8773;14.5555;14.6041;14.3015;13.8645;14.4132;14.5997;14.8911;15.3244;15.1853;15.5072;16.1003;15.9061;15.7789;16.2339;16.0597;16.2153;16.2551;16.5559;17.017;16.6809;16.8175;16.2683;15.44;15",15.3811,"0.25;0.65;0.1"
22.7402,27.9478,0.249572,"1;1.52251;1.82462;2.79832;3.78488;4.77186;5.63299;5.97036;6.49017;7.48946;8.41498;9.3176;10.2013;10.9056;11.2286;12.2132;13.1977;13.4658;14.2381;15.1298;15.8326;16.8277;17.5024;18.466;19.4657;20.0807;21","15;15.3374;15.5657;15.7935;15.6301;15.4693;15.9777;15.7387;15.4626;15.4249;15.0462;14.6157;15.0838;15.7937;16.7401;16.5648;16.3894;15.9597;15.9883;16.2244;15.5129;15.4142;14.676;14.9433;14.9657;15.0075;15",25.261,"0.25;0.7;0.05"
24.468,13.7719,0.261285,"1;1.13063;2.12926;3.10419;3.77396;4.37896;5.18595;5.56918;6.1723;6.38303;6.32591;7.29564;7.98429;8.19577;8.68648;9.4751;10.2999;11.1437;11.4381;12.2971;13.1639;14.028;15.0279;15.6769;16.2294;16.9687;17.7379;18.7047;19.5419;20.3662;21","15;15.9914;16.0438;15.8213;15.4863;16.1232;16.1161;15.6651;15.0924;14.5729;14.1043;13.8601;13.9396;14.5438;14.777;15.2447;14.7347;15.002;14.8482;15.3602;15.0329;15.1142;15.0978;14.9226;15.0076;15.5992;15.862;15.6065;15.0596;14.4935;15",16.446,"0.25;0.75;0"
22.4425,39.027,0.249618,"1;1.97518;2.97471;3.92489;4.45711;4.97158;5.5782;6.47678;7.47544;8.10999;8.91561;9.21763;9.61136;10.4293;10.9144;11.878;12.8765;13.8031;14.7267;15.2364;16.1967;16.479;17.4078;18.0797;18.7748;19.5632;20.4007;21","15;14.7786;14.7478;15.0596;14.9218;14.8213;14.2587;13.8199;13.8718;13.9977;13.914;14.0528;14.972;15.5474;16.4218;16.6892;16.6349;16.2588;16.2891;16.3742;16.3361;16.4541;16.4568;16.6466;16.5526;15.9375;15.391;15",6.90748,"0.3;0;0.7"
35.5248,34.114,6.29167,"1;1.56601;1.96353;2.6779;3.59074;3.75801;4.204;4.84829;5.72516;5.43696;4.8829;4.85813;5.09015;4.79343;4.89663;5.05221;5.18395;5.79194;6.04413;6.88201;7.00244;7.4766;7.96447;8.46469;9.464;10.2519;11.0016;11.8252;11.9667;12.5976;13.5555;14.135;15.0323;15.9127;16.5382;17.5003;18.0896;18.7032;19.6633;20.4176;20.5386;20.4917;21.2391;21.0381;20.9045;21.3714;21","15;15.216;15.6575;15.8835;15.9586;16.5877;16.8085;16.8573;17.338;17.9044;18.3439;19.0407;19.4949;20.2618;20.6783;21.1244;21.8231;22.2336;21.8378;22.3273;22.8708;23.3526;23.3579;23.0739;23.1109;23.1592;23.8066;23.7434;23.0669;22.8716;22.5845;21.7695;21.3281;21.8024;22.5825;22.3096;21.5017;20.7121;20.4326;19.776;18.7834;18.2074;17.6289;17.235;16.328;15.5373;15",16.4527,"0.3;0.05;0.65"
21.9371,14.5022,0.237371,"1;2;2.99757;3.99227;4.27306;5.01224;5.59893;6.41424;7.41212;8.28876;9.0808;9.54973;9.92554;10.8477;11.701;12.5583;13.3146;14.3101;15.0707;16.0621;17.0462;18.0303;19.0186;19.6868;20.4109;21","15;15.0005;15.0702;15.0468;14.7499;14.5868;14.8588;15.4378;15.503;15.1179;15.0901;15.5735;16.21;16.3077;16.1839;15.6691;15.0149;15.1103;15.7594;15.8908;15.7133;15.5357;15.688;15.6351;15.4959;15",8.17378,"0.3;0.1;0.6"
22.754,51.1819,0.266464,"1;1.83557;2.6083;3.36027;4.21893;4.90039;5.89552;6.88907;7.88263;8.83031;9.77229;10.2835;11.168;11.7654;12.339;13.1851;14.1817;15.0911;15.7609;16.6822;17.4466;18.292;19.1701;19.9566;20.8965;21","15;15.5494;16.1841;16.8433;17.3559;16.624;16.7226;16.6093;16.496;16.8152;16.4795;16.2514;15.8086;15.856;16.1861;15.6532;15.5699;15.9857;15.2705;15.4415;16.0046;16.4752;15.9968;15.3792;15.0376;15",14.6501,"0.3;0.15;0.55"
24.7443,52.1748,0.284644,"1;1.40989;2.28066;3.23671;4.20468;5.01323;5.86607;6.35784;6.99841;7.3136;7.39297;8.28215;9.11414;10.0265;10.531;11.5223;12.4817;13.4713;13.7224;14.273;14.898;15.643;15.6935;16.6601;17.5126;18.387;19.1614;19.8747;19.8504;20.5966;21","15;15.7047;15.9598;16.253;16.0019;16.5903;16.4189;15.6997;15.239;15.2267;16.1951;16.6527;16.0979;16.1545;15.7236;15.5918;15.3099;15.4538;15.8991;16.5267;16.5625;16.6819;16.7816;16.5254;17.048;16.5628;15.9301;15.2292;14.9435;14.5069;15",18.0006,"0.3;0.2;0.5"
23.6808,28.51,0.26022,"1;1.96076;2.86933;3.55572;4.47532;5.13702;5.39067;5.92805;6.84446;7.74167;7.95306;8.85749;9.46665;9.84937;10.8391;10.9354;11.7361;12.73;13.319;14.0397;14.5685;14.9913;15.9837;16.9814;17.6655;18.4442;19.0407;19.1634;20.0388;20.5845;21","15;14.7226;14.3049;15.0321;15.425;16.0472;15.9266;15.8277;15.6111;15.5619;16.3134;16.7401;16.1401;16.6128;16.4697;16.276;16.0277;15.9175;15.4352;14.9654;14.7121;14.5375;14.6609;14.7284;14.6505;15.0588;15.8614;15.8618;16.1777;15.5057;15",14.3489,"0.3;0.25;0.45"
24.7961,22.3628,0.279889,"1;1.97057;2.48064;3.44159;4.36272;5.26734;5.83621;6.8319;7.47065;7.79993;8.50995;9.25607;10.14;10.8639;11.8616;12.2432;13.1706;13.9616;14.2368;15.032;15.3172;16.2209;16.9471;17.1185;17.9924;18.9079;19.7449;20.1748;20.7638;21","15;15.2408;16.0919;16.3686;15.9794;15.5531;14.7307;14.8235;14.6623;14.5726;13.8684;14.5343;15.0019;15.6918;15.6237;15.9848;15.6736;15.5745;16.4829;16.0927;16.1294;16.241;16.0675;16.6421;17.1282;16.8611;16.9534;16.1322;15.3241;15",14.2596,"0.3;0.3;0.4"
23.4003,20.3649,0.243479,"1;1.29133;2.0631;2.91394;3.72172;4.32453;5.31098;6.18797;6.79116;6.88106;7.82341;8.77753;9.72097;10.349;11.2429;12.2283;12.4837;13.168;13.4214;14.1432;14.8123;15.8103;16.7699;17.5316;18.2412;19.0713;20.0339;20.8245;21","15;14.9212;14.6911;14.5789;13.9894;14.7873;14.9514;14.4709;13.9029;13.75;13.4154;13.7148;14.0463;14.4893;14.5125;14.5783;14.3647;13.7215;13.5919;14.284;15.0272;14.9641;14.6827;15.3306;16.0352;15.4775;15.7484;15.136;15",14.233,"0.3;0.35;0.35"
23.9012,18.5094,0.262859,"1;1.90515;2.78334;3.7027;4.68498;5.43307;6.43253;6.71629;7.68723;8.13142;8.75046;9.38768;10.086;10.9577;11.5381;12.3346;13.1365;13.5211;14.1396;14.5256;15.1906;15.7413;16.39;17.3542;17.0041;17.8719;18.7385;19.7384;20.5112;21","15;15.4251;15.0915;15.2029;15.3903;16.0539;16.0211;16.4448;16.3794;16.3283;15.5429;15.4991;15.4975;15.4764;15.4241;15.6635;15.6023;14.699;14.6199;15.421;15.4886;15.3254;15.4888;15.4711;16.0477;16.5445;16.0454;16.0363;15.4016;15",14.653,"0.3;0.4;0.3"
23.3375,14.3537,0.253572,"1;1.68319;2.45937;2.93837;3.6923;4.55317;5.3437;6.18308;7.17978;7.23577;8.06959;8.92301;9.44418;9.72685;10.5611;11.5031;12.501;13.171;13.8123;14.6529;14.9185;15.9155;16.7341;17.2493;17.9558;18.7324;19.6825;20.6802;21","15;15.7302;16.0063;16.4732;15.8162;15.9396;16.0587;16.2083;16.127;16.0923;15.6707;15.2246;15.234;15.8318;15.2804;15.616;15.5513;14.8696;14.2149;14.6912;14.4553;14.3783;14.8294;15.4937;16.0313;15.4012;15.0894;15.0217;15",13.5238,"0.3;0.45;0.25"
24.5442,11.7598,0.259639,"1;1.83298;2.03786;2.93861;3.66072;4.15327;5.1083;5.76765;6.48477;7.15537;7.66996;8.47051;9.28923;9.54114;10.3944;10.7986;11.7779;12.3124;13.1519;13.4233;14.1497;14.533;15.4401;16.2453;16.744;17.7041;18.3613;18.9305;19.7386;20.676;21.6291;21","15;15.0893;15.0109;15.0921;14.565;14.6919;14.3954;14.6638;15.3246;15.9346;15.941;15.3443;15.4077;14.903;14.5093;15.0302;14.8553;14.2691;14.7181;15.2285;15.2581;14.9929;14.8422;14.9259;15.4116;15.1317;15.3195;16.0168;15.4754;15.2147;15.2301;15",13.2951,"0.3;0.5;0.2"
23.5209,16.2567,0.251785,"1;1.95846;2.84632;3.84548;4.75946;5.10621;5.43519;6.22352;7.17859;8.09303;9.07872;10.0392;10.8744;11.761;12.7476;13.6969;14.2812;15.1461;15.2106;15.9065;16.8654;16.9295;16.9815;17.9483;18.3984;19.3568;19.7278;20.3345;21","15;14.7148;14.2547;14.2957;14.7014;15.0828;15.4386;15.6558;15.9459;15.8214;15.6528;15.6383;15.2979;14.8354;14.9988;15.1344;15.4208;15.7639;15.7898;16.5079;16.224;15.4813;14.4827;14.2273;14.8795;14.6471;14.9656;14.8571;15",16.0353,"0.3;0.55;0.15"
23.2017,36.3862,0.264512,"1;1.97593;2.93931;3.69329;4.56105;5.42499;6.38392;7.31527;7.35354;8.05486;8.97875;9.33993;9.95268;10.9427;11.8329;12.4773;13.4301;14.3569;15.0588;15.7605;16.6366;17.3689;17.9751;18.0809;19.003;19.7436;20.4031;21","15;15.2181;15.4862;16.1431;16.105;15.6878;15.4041;15.744;15.7271;16.4201;16.8028;16.5947;16.5759;16.4347;15.9792;15.2145;14.9108;15.2864;15.9987;15.7428;15.8955;16.3949;16.613;17.0971;16.7102;16.0382;15.2865;15",28.8187,"0.3;0.6;0.1"
24.8473,53.2335,0.272241,"1;1.60466;2.21325;2.90809;3.81616;4.41376;5.19994;6.0592;6.48053;7.24193;7.63729;8.46045;9.44199;10.3436;10.6311;11.2438;12.2362;12.5934;12.8118;13.8009;14.0204;15.0026;15.6068;16.1763;16.6622;17.1011;17.2902;18.2543;19.1671;19.7723;20.3756;21","15;14.7608;14.7557;14.3912;14.81;15.6118;15.3462;15.6088;16.1314;16.1521;16.2197;16.7875;16.5962;16.1636;15.8295;16.599;16.7217;15.9583;15.904;16.0513;15.0756;14.9754;14.4085;14.0839;13.853;13.4969;13.0748;13.3404;13.7488;14.5449;15.3424;15",42.0696,"0.3;0.65;0.05"
22.5166,28.6677,0.242001,"1;1.93023;2.93022;3.93001;4.92513;5.87069;6.71351;7.29306;8.14575;9.1392;9.94471;10.4695;11.0375;12.0272;12.2396;12.7594;13.3875;14.0948;14.8401;15.7873;16.7234;17.4333;18.0923;19.0594;20.057;21","15;14.633;14.628;14.6485;14.5499;14.2245;14.7627;15.3668;15.2458;15.36;15.0561;14.9394;15.4637;15.321;15.7819;16.6161;16.8272;16.1204;15.4536;15.1329;15.4845;15.6423;15.1;15.1349;15.0656;15",26.8224,"0.3;0.7;0"
30.7949,38.601,4.51008,"1;1.80361;2.68326;3.50775;4.09681;3.9842;3.8105;4.07825;4.75512;5.08666;5.59772;6.40532;7.36474;8.0352;8.91406;9.90955;10.8807;11.7826;12.56;13.3461;14.2175;15.0588;16.0563;16.6595;17.3441;17.7662;18.5815;19.1847;19.4947;19.8046;20.1476;20.4459;20.5919;21","15;15.2666;15.692;15.3318;16.1399;17.1335;18.1183;19.0818;19.8179;20.726;21.0138;21.6035;21.6562;22.0793;22.5564;22.6512;22.8896;22.4577;21.8287;21.3133;21.4917;22.0324;22.1021;22.2825;21.6699;21.9445;21.3654;20.5678;19.6171;18.6663;17.727;16.7725;15.7832;15",13.7098,"0.35;0;0.65"
23.8706,52.2594,0.270223,"1;1.91876;2.88795;3.7761;4.6788;4.60161;5.60136;6.49213;7.19874;7.82869;8.46002;9.29128;10.2724;11.2257;11.9009;12.0478;13.0443;13.7001;14.6625;15.4341;16.3573;17.1229;17.8973;18.8517;19.5497;20.4148;21","15;15.3948;15.1485;15.6081;16.0384;17.0354;17.0579;16.6035;16.1662;16.3688;16.4643;15.9085;15.7152;15.8182;16.164;16.5816;16.665;15.9101;15.954;15.6897;15.3053;14.6619;14.0293;14.3279;15.044;15.5456;15",11.1298,"0.35;0.05;0.6"
23.546,51.9369,0.267797,"1;1.91784;2.68393;3.66656;4.63113;5.56274;6.51394;7.18377;8.17952;9.17283;9.73653;10.457;10.6909;11.2665;11.5344;12.2278;12.7182;13.2949;14.2926;15.0955;15.6489;16.5373;17.3495;18.1812;18.5993;19.2409;20.2085;21","15;15.397;16.0397;15.8541;16.118;16.4814;16.79;16.0475;16.1397;16.0242;16.8502;16.1728;16.1381;16.3412;16.075;15.7998;16.1413;16.6223;16.5535;15.9848;15.3737;15.607;16.1438;15.5886;14.6802;14.6019;14.5294;15",13.5821,"0.35;0.1;0.55"
34.2103,16.8979,7.90583,"1;1.06532;1.28871;1.79041;1.85647;2.34931;2.74826;2.67805;2.83055;3.46385;4.43708;5.3395;6.28659;7.26287;7.76628;8.42547;9.19762;9.59426;10.5926;11.3459;12.2986;13.132;14.0297;14.2836;15.1391;16.0521;16.6339;17.5051;18.4557;18.7347;19.5295;20.2502;20.643;21.3289;21.6143;21.4683;21.3223;21.1805;21.5682;21","15;15.9979;16.3819;17.2384;18.1714;18.6653;19.1738;20.1713;21.1596;21.9335;22.1633;22.5942;22.9152;23.1317;23.9957;23.9013;23.5812;24.1422;24.0844;23.4268;23.6816;23.9869;23.5462;23.19;22.6899;22.42;22.5622;22.0711;22.3813;22.3561;22.1693;21.7677;20.848;20.1204;19.162;18.1727;17.1834;16.1935;15.7597;15",18.4612,"0.35;0.15;0.5"
24.2599,39.5158,0.26884,"1;1.99845;2.93304;3.3413;4.29849;4.65851;5.56314;6.23076;7.22504;8.12236;8.45303;8.85194;9.78923;10.0415;10.6467;11.5893;12.4323;13.211;13.956;14.2131;14.9664;15.3709;15.7459;16.3648;16.5713;17.489;17.9665;18.8206;19.0435;19.4227;20.1393;20.9219;21","15;14.9443;15.2858;15.7443;16.0337;15.6938;15.5568;15.6153;15.5084;15.9498;16.1488;16.6337;16.2851;16.4138;16.7997;16.4659;15.928;15.4061;15.9471;16.7088;16.0512;15.5602;15.3671;14.6802;14.5985;14.6546;14.5404;14.1742;14.0619;14.9873;15.6847;15.0622;15",16.5151,"0.35;0.2;0.45"
24.1091,14.358,0.26336,"1;1.92004;2.52109;3.4301;3.75327;4.70578;4.87189;5.58928;6.39802;7.27856;7.9183;8.6498;9.1449;9.77791;10.4479;11.2266;12.1633;12.2715;12.53;13.529;14.5279;15.1218;16.0887;16.6672;17.321;18.3188;19.2951;19.9592;20.2632;21","15;14.6082;15.4074;15.8241;16.3368;16.0935;15.8506;15.1939;14.6149;14.6389;14.5796;14.5815;14.72;15.2358;14.9129;15.4219;15.1419;15.1696;14.6192;14.6641;14.709;15.0865;15.0757;15.8914;16.6481;16.5813;16.7979;16.5405;15.6673;15",12.133,"0.35;0.25;0.4"
24.083,14.5044,0.257014,"1;1.99924;2.99912;3.95027;4.89288;5.88787;6.6267;7.6124;8.57756;9.2501;10.2257;11.1979;11.8963;12.5891;13.4646;14.2687;15.2645;16.0002;16.9724;17.7675;17.9925;18.4817;19.478;20.2988;20.9463;21","15;14.9609;14.9758;15.2846;15.6185;15.7184;15.0445;15.213;14.9514;15.6914;15.4718;15.7061;14.9905;14.2693;13.7861;14.3805;14.4722;13.7949;14.0292;14.6356;15.61;16.4822;16.3965;15.8253;15.0632;15",12.8703,"0.35;0.3;0.35"
25.3442,43.2679,0.284124,"1;1.44247;2.24163;2.91431;3.56606;4.03647;4.2909;5.21763;6.17114;6.78015;7.65193;8.48422;8.75191;9.46075;10.2671;11.2626;12.1273;12.8152;13.4871;14.2695;14.9618;15.7136;16.0282;16.3682;16.1133;16.6376;17.4098;17.9309;18.9262;19.2732;19.9566;20.8526;21","15;15.098;15.1494;15.3417;15.7568;16.2072;16.5073;16.883;16.5816;15.7884;16.2783;16.8327;16.5076;16.6173;16.0259;15.9308;15.4284;15.5818;15.9425;16.1548;16.0035;16.5121;15.6645;15.0021;14.0714;13.8588;14.4941;15.3476;15.2512;14.8059;14.7442;14.8536;15",24.0995,"0.35;0.35;0.3"
24.3502,56.5403,0.26997,"1;2;2.20181;3.18883;4.10313;5.08995;5.90961;6.53467;7.12234;7.92648;8.62419;9.17442;9.82853;10.7247;10.9959;11.6835;12.0495;12.6731;13.1203;13.4133;14.3838;15.3826;15.366;16.338;17.0966;17.3794;17.8901;18.5816;19.4354;20.4258;21","15;15;15.9794;16.14;15.735;15.5732;15.0003;14.9903;14.9263;14.7668;14.6987;14.5155;14.8136;15.1227;15.6288;16.3549;15.9956;16.211;16.5708;16.8834;16.6425;16.593;15.9312;15.9285;16.5327;16.5138;15.6541;14.9317;14.4111;14.5495;15",31.2062,"0.35;0.4;0.25"
25.3295,23.3134,0.276838,"1;1.8635;2.75305;3.71537;4.31586;5.11264;5.82862;6.81788;7.56141;7.74341;8.72622;8.76763;9.56301;10.1765;10.8108;10.9025;11.6114;11.826;12.5855;12.8506;13.6197;14.3884;15.016;15.4106;16.4106;16.8606;17.6943;18.4973;19.3504;20.1802;20.8528;21","15;14.4956;14.0388;13.7669;14.5665;15.1708;15.8689;16.0151;16.0808;16.3937;16.5784;15.8757;15.9621;16.0834;15.3895;14.3937;13.7423;13.7879;14.3525;14.6407;15.0607;15.2179;15.4701;15.3127;15.3074;16.2005;16.7527;16.4858;16.0379;15.902;15.162;15",19.4117,"0.35;0.45;0.2"
23.3679,44.5736,0.241147,"1;1.93269;2.91507;3.63625;4.42804;5.39315;6.10157;6.64042;7.38874;8.14069;8.34987;9.1966;10.1489;11.1359;11.1758;12.0017;12.5222;12.9866;13.8403;13.9748;14.6708;14.7119;15.2522;15.8883;16.5889;17.4097;18.2613;18.965;19.7564;20.2212;21","15;14.6393;14.4524;15.1452;14.5344;14.4232;14.8356;14.5457;14.1801;13.9826;13.8759;13.541;13.2357;13.3962;13.9813;13.8965;14.1514;13.7234;13.2026;13.4978;13.7596;14.655;14.916;14.9103;14.9631;14.7276;15.2517;15.3915;15.4241;15.2909;15",30.5017,"0.35;0.5;0.15"
26.5891,22.6304,0.288063,"1;1.89311;2.72895;3.33721;4.31342;5.29664;5.5748;5.87173;6.57877;6.88265;7.57198;8.20218;8.96129;9.80605;10.7971;11.6094;12.2567;13.2463;14.2408;14.363;15.1818;15.7182;16.2132;16.4191;16.578;16.9259;17.7059;17.7087;18.5068;18.9356;19.7423;20.5123;21.2356;21.0809;21","15;15.4498;15.9988;15.9436;15.7965;15.9789;15.4099;15.0654;14.9211;15.0187;15.4193;15.8425;16.4935;15.9583;16.0918;15.5085;16.2707;16.1269;16.2315;16.1003;15.9335;16.0534;15.9031;14.9245;14.6244;14.0124;13.6125;12.732;12.796;12.9455;12.6485;12.8046;13.4951;14.4831;15",21.7817,"0.35;0.55;0.1"
24.9119,22.6983,0.261887,"1;1.99586;2.32665;2.87191;3.76859;4.50665;4.76171;5.54281;6.50221;6.87418;7.8406;8.38006;9.37863;9.8525;10.5844;11.5439;12.4971;13.0409;13.6967;14.2307;14.7571;15.4866;16.1473;16.5338;17.4953;18.1274;18.216;19.2142;20.1868;20.4708;20.7548;21","15;15.0909;15.2723;15.5731;15.6704;16.1011;15.8736;15.9044;15.9679;15.5477;15.5576;15.6195;15.6729;14.8639;15.3038;15.5038;15.2016;14.3623;13.6074;14.1391;14.3643;13.8916;13.5959;13.5154;13.2404;12.8318;12.5472;12.4869;12.2546;13.2135;14.1723;15",22.3513,"0.35;0.6;0.05"
24.9149,23.6279,0.287692,"1;1.98276;2.98271;3.95662;4.9378;5.86163;6.81718;7.79308;8.56971;9.56965;10.5176;11.4557;12.4553;13.3088;13.9607;14.9338;15.9047;16.0007;16.5911;17.0939;18.0255;18.3373;18.3078;18.6517;19.5915;20.2993;20.8355;20.9369;21","15;15.1849;15.1752;15.4021;15.5952;15.2124;15.5072;15.289;15.9189;15.9298;15.6114;15.9578;15.9295;16.0337;16.6688;16.4381;16.199;15.2036;15.0489;15.8982;16.0519;16.7979;17.0879;17.3974;17.483;17.1393;16.2952;15.8994;15",24.0783,"0.35;0.65;0"
27.3854,69.5396,0.303788,"1;1.80712;2.77415;3.17863;3.58246;4.34428;5.17399;6.15396;7.1539;8.14227;9.05312;10.0508;11.0179;12.0178;13.0041;13.9953;14.7706;15.7692;16.0047;17.004;17.9797;18.5832;19.3965;19.8002;20.7007;21.0329;21.8324;22.5782;21.9039;21.2296;21","15;15.5904;15.3357;15.2726;14.5765;14.4959;13.9377;13.7386;13.7274;13.5753;13.1626;13.2303;13.4848;13.4978;13.6627;13.5303;14.1619;14.2161;15.188;15.1504;15.3692;16.1666;16.7485;17.6633;17.4004;17.0206;17.0715;16.7284;15.99;15.2515;15",11.1364,"0.4;0;0.6"
23.7278,39.9761,0.267595,"1;1.32876;2.28518;3.25466;4.25439;5.1468;6.09277;7.0293;7.28015;7.82813;8.59348;9.09488;9.63602;10.2614;11.0736;11.7026;12.6978;13.3647;14.1282;15.0361;15.6707;16.6699;17.6385;18.5398;19.474;20.4118;21","15;15.9444;15.6524;15.4072;15.3843;15.8355;15.5113;15.8619;16.2422;16.5786;15.9457;16.0927;16.4572;16.4922;15.9089;15.1314;15.0342;15.7794;16.4251;16.8444;16.0716;16.1116;15.863;16.2962;15.9393;15.5923;15",11.6371,"0.4;0.05;0.55"
23.1234,28.113,0.261828,"1;1.9925;2.98191;3.34347;4.28613;5.18929;6.08669;7.05411;7.9229;8.71953;8.9326;9.90077;10.5001;10.8233;11.8215;12.0617;12.759;13.705;14.606;15.1879;15.9788;16.7672;17.7645;18.6169;19.526;20.525;20.8821;21","15;15.1222;15.2674;16.1997;16.5335;16.1042;15.663;15.4098;15.6253;15.4739;16.4509;16.7012;16.414;16.3152;16.3743;16.2144;16.0263;16.3502;15.9164;15.9271;15.7325;15.7449;15.8178;16.3407;15.9241;15.9693;15.8261;15",12.1916,"0.4;0.1;0.5"
23.6138,33.3593,0.251684,"1;1.95412;2.88861;3.70547;4.2358;5.07709;5.47607;5.96515;6.79373;7.79211;8.48101;9.335;10.1182;10.6478;11.4832;11.5573;12.5552;13.4514;13.9807;14.9789;15.951;16.6908;17.6189;18.5714;19.5683;20.5678;21","15;15.2994;15.6554;16.2322;17.08;16.5395;15.6225;14.7503;14.1904;14.2473;14.0647;13.7823;13.4226;13.8029;13.5091;13.3565;13.2915;13.7352;14.5836;14.6428;14.8775;15.5503;15.178;14.8736;14.9519;14.9855;15",14.5627,"0.4;0.15;0.45"
24.6966,82.1715,0.270379,"1;1.84463;2.8127;3.47488;4.35032;5.1516;5.83254;6.31423;7.04967;7.53101;7.65359;8.57052;8.65116;9.64048;10.5989;11.5658;12.1096;12.4765;13.045;13.993;14.1279;14.8559;15.2659;15.5751;16.5306;17.5296;18.4465;19.333;19.9843;20.7114;21","15;15.5353;15.2846;14.5353;14.444;14.3098;13.8477;14.7235;15.2798;16.0622;16.889;16.7649;16.8193;16.6736;16.3883;16.1331;16.3617;16.5461;15.7234;15.4053;15.2542;14.7895;14.5471;14.2903;13.9953;13.9502;14.3492;14.6568;15.0822;15.7687;15",26.4211,"0.4;0.2;0.4"
23.9658,32.2333,0.266851,"1;1.44163;2.3953;3.39383;4.39131;5.27051;6.10045;7.10011;7.60351;8.04132;9.02746;9.98701;10.9769;11.3061;12.0464;12.8261;13.6203;13.8952;14.4366;14.6446;15.5201;16.2635;16.5192;17.4367;18.3303;19.3224;20.0747;20.6073;21","15;15.8972;16.1981;16.2522;16.1813;16.6578;16.0999;16.126;16.1728;16.4638;16.2979;16.5794;16.4375;15.742;16.2269;16.5039;15.8962;15.2765;14.581;14.2292;13.746;13.717;13.7044;14.1023;13.6535;13.7787;14.4375;15.2839;15",17.738,"0.4;0.25;0.35"
21.7444,14.6091,0.237685,"1;1.97911;2.95384;3.94931;4.91722;5.87688;6.55337;7.0492;7.47717;8.01723;8.92215;9.3338;9.97605;10.9174;11.1965;11.9934;12.9689;13.7203;14.3758;15.2115;16.0757;16.8909;17.7876;18.4811;19.2944;20.1697;21","15;15.2033;15.4267;15.3316;15.583;15.8641;16.101;16.0402;16.1017;15.751;15.8169;15.9282;15.1617;15.4991;15.9023;15.7827;15.9517;15.9413;16.0651;15.516;15.0128;15.592;16.0346;15.618;15.4091;15.0998;15",13.1518,"0.4;0.3;0.3"
22.7965,39.2478,0.258122,"1;1.68967;2.68134;3.68081;4.49811;5.07334;6.05274;6.80875;7.80175;8.70579;9.07013;9.55556;10.4915;10.8656;11.6783;12.5324;13.4098;14.3682;15.3371;15.4815;16.3092;16.9818;17.8994;18.43;19.2575;19.7497;19.7841;20.7778;21","15;14.2759;14.4047;14.4372;15.0134;15.8314;16.0333;16.6879;16.5698;16.1423;16.1994;16.6695;16.4328;16.0721;16.2767;16.3141;15.8344;16.1198;16.3673;16.15;16.1326;16.2519;16.4412;16.2285;15.8015;15.2915;14.8629;14.9749;15",22.9199,"0.4;0.35;0.25"
24.5819,68.2191,0.284637,"1;1.99968;2.99967;3.72959;3.59661;4.38226;5.33492;6.28907;6.79457;7.33622;8.18401;9.14411;9.52496;10.4865;11.411;12.2226;12.8733;12.972;13.9555;14.255;14.8244;14.9283;15.7752;16.7713;17.5664;17.8434;18.8371;19.6389;20.5361;21","15;14.9745;14.9759;15.6594;16.6505;17.2692;16.9651;16.6658;16.204;16.3141;16.7088;16.4291;15.5045;15.2299;15.6112;16.1954;15.935;16.8576;16.6766;16.4816;16.2472;16.4451;15.9133;15.8252;15.7703;15.5372;15.5101;14.9125;15.1755;15",37.1774,"0.4;0.4;0.2"
22.3238,15.1124,0.239039,"1;1.88403;2.65343;3.54713;4.47099;5.35173;5.62214;6.4297;7.27319;7.61201;8.38584;8.89921;9.10135;10.1;10.8679;11.8669;12.4437;13.1034;13.9853;14.9798;15.8209;16.6971;16.8027;17.4393;18.0395;18.7847;19.5053;19.9911;20.6195;21","15;15.0604;15.1966;15.4839;15.1011;14.6275;14.8849;14.9826;15.1643;14.7575;14.8172;15.5256;15.7163;15.7685;16.409;16.364;15.6469;15.5371;15.7405;15.6355;15.2095;14.9503;14.863;14.2764;14.2738;14.2863;14.5083;14.6577;15.1896;15",15.7659,"0.4;0.45;0.15"
22.7318,27.4067,0.26816,"1;1.84973;2.82409;3.65349;4.65332;5.65027;5.89459;6.54721;7.24958;7.577;8.54277;9.37225;10.2666;11.1707;11.6509;12.4443;13.2336;14.0404;14.7125;15.5847;16.4673;17.1772;17.928;18.9269;19.7083;20.2537;20.8924;21","15;15.5272;15.7522;16.3109;16.3291;16.4072;16.1081;15.9651;15.6402;15.7503;15.8318;16.3327;16.4131;15.9856;15.7983;16.019;16.3326;15.9652;16.0427;16.0661;16.0013;16.7056;17.3661;17.4138;16.7898;15.9627;15.2045;15",22.8229,"0.4;0.5;0.1"
22.8679,451004,0.262272,"1;1.81943;2.81899;3.63148;4.44729;4.8889;5.87225;6.83222;7.058;7.67163;8.59168;9.0091;9.81407;10.3502;10.9159;11.7976;11.9587;12.8763;13.0176;13.9855;14.9473;15.9219;16.1555;16.8964;17.871;18.6951;19.5332;20.1647;21","15;15.5732;15.5433;16.1263;16.6218;17.2161;17.0344;16.7543;16.2265;16.2108;15.9166;15.486;15.5604;15.1318;15.5515;15.5991;15.8946;15.8879;15.8662;16.1176;16.3914;16.1674;15.8917;15.9434;15.7193;16.2858;15.7403;14.9649;15",248061,"0.4;0.55;0.05"
33.3997,23.5517,6.20715,"1;1.93603;2.92231;3.43025;3.98184;4.47995;5.22766;5.11522;5.13289;5.45753;4.74974;4.99776;5.89324;6.73076;6.84316;7.32179;7.71505;8.71126;9.71108;10.6141;11.0392;11.8579;12.2882;13.0148;13.6625;14.3852;15.2689;16.0571;17.0042;18.0039;18.841;19.0482;19.4854;19.7635;20.4348;20.7262;21.2232;21.5959;21.398;21.4304;21","15;14.6481;14.483;15.3444;16.1785;17.0456;17.6448;18.5889;18.8051;19.3629;20.0694;21.0381;21.4832;22.0296;22.2227;22.9022;23.3317;23.4187;23.3999;22.9703;23.7297;23.3602;23.4415;23.6156;23.6718;23.405;22.9368;22.3215;22.0005;21.9758;21.4287;21.4151;20.5664;20.3642;19.623;18.6664;17.9917;17.1967;16.3723;15.444;15",27.4909,"0.4;0.6;0"
22.2856,68.1489,0.261262,"1;1.84939;2.60424;3.54742;4.38553;5.36599;6.36055;7.35389;8.3528;9.2567;10.1973;11.1758;12.1736;12.8921;13.8856;14.829;15.7344;16.5365;17.4281;18.2032;18.8474;19.6846;20.6233;21","15;15.5278;16.1837;15.8514;16.3969;16.5936;16.6977;16.5825;16.5357;16.108;16.4476;16.6536;16.7197;16.0241;16.138;15.8066;16.2312;16.8283;16.3755;15.7437;16.1079;15.92;15.5752;15",10.1722,"0.45;0;0.55"
22.7454,32.4043,0.245105,"1;1.8953;2.87995;3.78336;4.69576;5.69552;6.6924;7.14846;7.89473;8.29596;8.90815;9.90239;10.6546;11.3325;12.0801;12.837;13.8167;14.2607;14.755;15.7185;15.8084;16.6293;17.3774;18.3608;19.3606;20.1559;20.7674;21","15;15.4455;15.2709;15.6997;16.109;16.087;16.008;15.5252;16.0153;16.4071;16.5968;16.5698;16.1903;15.5932;14.9291;14.2756;14.0749;13.971;13.7291;13.7056;13.7339;13.8042;13.1406;13.3222;13.3397;13.909;14.6688;15",11.9782,"0.45;0.05;0.5"
23.8702,18.8834,0.248732,"1;1.75291;2.56867;3.43133;3.78097;4.72939;5.72259;6.55612;7.36557;8.28851;9.26876;9.92844;10.6101;11.4754;12.3667;13.0879;14.0021;14.4796;15.2211;15.5155;16.191;17.0179;17.6565;18.2773;19.2757;20.0655;20.9413;21","15;14.3419;13.7635;14.2693;15.2062;15.5232;15.6396;15.0871;15.6743;15.2894;15.0916;14.34;14.1217;13.7541;13.4445;13.602;14.0073;14.8859;15.063;14.9415;14.558;14.0525;14.0608;14.8448;14.9017;15.5151;15.0324;15",12.7418,"0.45;0.1;0.45"
32.02,33.9994,4.77152,"1;1.05251;1.79831;1.97499;2.10514;2.46706;3.28882;4.04784;4.05396;4.44711;4.80314;5.57737;6.51011;7.41485;8.34165;9.15608;10.1241;10.9486;11.9437;12.7433;13.559;14.4003;15.3817;16.3116;17.2598;17.7542;17.8181;18.3058;19.2491;20.2445;20.6699;20.921;21.181;21.6076;22.2285;21.4133;21","15;15.9986;16.6648;17.6491;18.5634;19.0699;19.6397;20.2908;20.525;21.3939;22.0924;22.4463;22.0857;22.5117;22.1361;22.7164;22.4657;21.8998;21.8011;22.4017;21.8232;21.2827;21.4746;21.8425;21.5251;21.1199;20.6954;19.8224;19.4905;19.3941;18.6651;18.0551;17.7354;16.9925;16.2392;15.8166;15",21.4175,"0.45;0.15;0.4"
30.2455,43.7798,4.58167,"1;1.96681;2.24449;3.24004;4.08788;4.01918;4.05514;4.76767;5.23005;5.45421;5.57822;6.11001;6.75615;7.73067;8.62834;9.54989;10.4496;10.6011;11.4368;12.2221;12.8784;13.8;14.6317;15.4759;16.2894;17.0658;17.8166;18.4009;18.8092;19.5727;19.7035;20.4607;20.729;20.5519;21","15;15.2555;16.2162;16.3105;16.8407;17.7804;18.7605;19.2715;19.789;20.4794;20.5579;21.4047;22.1679;22.3922;22.8329;22.4447;22.0083;22.0002;21.8482;22.4673;22.1569;21.9237;22.0683;22.3575;22.5383;22.2831;21.6226;20.8111;19.8982;19.2524;18.261;17.7032;16.7895;15.8053;15",23.97,"0.45;0.2;0.35"
24.9717,19.0507,0.256395,"1;1.91324;2.62798;2.94769;3.77186;4.69591;5.51598;6.51311;7.39372;8.3865;9.32664;9.84202;10.754;11.3632;12.2836;13.1008;14.0955;14.8697;15.6971;16.2454;16.8381;17.7415;18.4917;18.8752;19.0061;19.9188;20.8036;20.5205;21","15;14.7085;14.7314;14.6979;14.5089;14.6104;15.1827;15.107;14.6332;14.5133;14.1725;13.3155;13.7258;14.1895;14.1714;14.4049;14.508;15.141;14.5793;14.1887;14.3852;14.0407;13.9562;13.1237;12.3513;12.7599;13.2258;14.1849;15",16.0769,"0.45;0.25;0.3"
32.0158,25.7091,6.81914,"1;1.99774;2.47513;2.90073;3.75661;4.40277;4.7111;4.84202;4.6744;4.67238;4.92126;5.1547;6.04431;6.10835;7.00525;7.96306;8.54915;9.05672;9.33038;10.0283;10.5923;10.9819;11.9813;12.8122;13.3234;13.8229;14.7914;15.5841;16.5147;17.1112;17.3838;18.1559;18.7309;19.2246;19.5243;19.824;20.2322;20.4666;21.15;21.0679;21","15;15.0671;15.9458;16.8507;17.3679;17.869;18.5482;19.3547;19.551;20.5002;21.0437;21.3406;21.6161;22.1239;22.3297;22.6171;23.2084;23.2617;23.9204;24.6367;24.2222;24.3356;24.3027;24.0008;24.1061;23.7836;23.5347;23.1141;23.2995;22.9569;22.8049;22.2674;21.5216;20.652;19.698;18.744;17.8311;17.4861;16.8208;15.8242;15",23.8246,"0.45;0.3;0.25"
24.3093,21.8502,0.259721,"1;1.92147;2.73547;3.73011;4.4953;5.47872;6.46467;6.91547;7.44425;8.37497;8.91549;9.90347;10.8018;11.7067;12.3208;12.1838;13.045;13.2988;13.8401;14.3418;14.7917;15.6222;16.5662;17.3927;17.4562;18.074;19.0228;19.9771;20.9314;21","15;14.6116;14.0307;13.9273;14.5711;14.3897;14.2227;14.3289;14.4237;14.7894;15.6308;15.4762;15.0369;14.6112;15.3988;16.2573;16.7656;16.0074;16.1591;15.8136;15.8516;15.2947;15.105;14.5715;14.6396;15.3035;15.6193;15.3204;15.0215;15",18.6387,"0.45;0.35;0.2"
24.7271,33.6364,0.285117,"1;1.93954;2.76029;3.69916;4.63276;4.95762;5.49128;6.21673;6.90131;7.12878;7.89551;8.13258;9.01686;9.61073;10.4747;11.4494;11.9988;12.9851;13.7275;13.9714;14.7763;15.7184;16.6051;17.2325;17.2835;18.2822;19.1683;20.1542;20.9296;21.1998;21.5178;21","15;15.3424;15.9137;15.5695;15.2111;15.2233;15.7339;15.4226;15.7077;15.8902;15.2482;15.0238;15.4337;15.5038;15.8938;15.67;16.5056;16.3406;16.0299;16.1756;16.769;16.4337;15.9713;16.4993;16.706;16.6563;17.1199;16.9527;16.7093;16.4717;15.7558;15",24.6245,"0.45;0.4;0.15"
35.0164,23.231,6.07731,"1;1.90396;1.8865;2.85409;3.23815;3.26741;3.18111;3.49194;3.71302;3.91323;4.86636;5.69123;5.80367;6.71568;7.68961;8.47544;9.37677;10.3167;11.3151;12.0569;12.8193;13.7475;14.7397;15.5566;16.3432;16.9826;17.5027;18.2817;19.0392;19.9559;20.728;21.3487;21.6467;22.2188;21.8889;22.5326;22.0557;21.6454;21","15;15.4276;16.4275;16.68;17.6033;18.6029;19.5992;20.176;20.9091;21.4067;21.7093;22.2216;22.8645;23.1364;22.9095;22.4363;22.8615;23.203;23.2595;22.5889;21.9419;22.3139;22.4389;22.48;22.3654;21.5966;20.7424;20.1154;20.7683;21.1677;20.5975;19.8198;19.24;18.4876;17.5436;16.7783;16.082;15.383;15",26.8191,"0.45;0.45;0.1"
25.7339,29.8108,0.285153,"1;1.03162;2.01344;3.01343;4.01323;5.00997;5.83303;6.83043;6.8836;7.32029;8.00454;8.38554;9.31986;10.1046;10.3537;10.6151;10.826;11.7137;12.0913;12.6932;13.4822;14.404;15.2887;16.0134;16.8728;17.5173;18.5165;19.0924;20.0827;20.7384;21","15;15.9995;16.1893;16.1852;16.2052;16.1245;16.6925;16.6205;15.6219;14.7901;14.636;14.4668;14.5906;14.3132;15.2232;16.0747;16.4524;16.4675;16.2586;16.205;15.5907;15.203;14.9398;15.1394;14.8192;15.1404;15.1001;15.9176;16.0563;15.3013;15",26.4999,"0.45;0.5;0.05"
22.8155,20.5985,0.239336,"1;1.81905;1.91799;2.85277;3.43091;3.86807;4.80992;5.34846;5.71967;6.6532;7.58279;8.07609;8.60012;9.59949;10.5966;11.5874;12.4274;12.6193;13.4648;14.1294;14.8138;15.2537;16.0265;16.7207;17.2029;18.2;19.1948;19.761;20.6337;21","15;15.5737;15.7713;15.8647;16.388;16.206;16.0311;15.2753;15.0825;14.724;14.751;14.5931;14.4498;14.4855;14.5615;14.6967;14.1542;14.1082;14.5022;15.0333;14.3042;13.4061;13.4452;13.6167;13.7448;13.8213;13.9226;14.4573;14.9038;15",21.5962,"0.45;0.55;0"
23.9986,22.222,0.25319,"1;2;2.71867;3.41127;3.88634;4.88002;5.8732;6.87139;7.38424;8.05922;8.9147;9.91269;10.8991;11.8453;12.8324;13.8276;14.8133;15.6457;16.0699;16.7945;17.6175;18.3902;19.0336;19.2484;20.2243;20.2102;21","15;15;14.3047;15.026;15.9059;15.7937;15.9103;15.8503;14.9918;14.2539;13.7361;13.6727;13.837;13.5136;13.6738;13.7717;13.9405;14.4946;14.8619;14.8016;14.6986;15.3109;16.05;15.9733;16.1916;15.3819;15",12.1259,"0.5;0;0.5"
24.3522,44.3724,0.264433,"1;1.69304;2.63442;3.46696;3.93324;4.7204;5.29443;6.05138;6.9336;7.66129;8.37801;9.37787;10.2581;11.1841;12.1688;12.8493;13.7548;14.2298;14.9542;15.0674;16.0641;17.0231;17.2988;17.8696;18.0983;18.4205;18.7592;19.6312;20.5033;21","15;15.7209;16.0582;15.8803;15.6863;15.5935;15.7282;15.1664;14.9121;14.7462;14.7923;14.8087;14.3341;14.7115;14.5371;15.2699;15.1786;15.1904;15.7556;16.7278;16.8086;16.5249;16.4569;15.9063;15.6301;14.6834;13.7425;14.2319;14.7213;15",14.5137,"0.5;0.05;0.45"
31.0464,53.0353,4.93382,"1;1.2792;2.22315;2.59297;3.14093;3.83575;4.23983;4.73825;5.30414;5.44489;5.57211;5.81202;5.86696;6.41262;7.41239;8.41217;9.40529;10.3254;11.3176;12.2319;13.1452;13.9026;14.2478;14.8823;15.8783;16.0733;17.006;17.6343;18.1214;17.9174;18.3932;19.2386;20.0745;20.7541;21.4395;21.4399;21.2135;21","15;15.9602;16.1371;16.8568;16.9636;17.1992;17.7005;18.4563;18.8457;19.3483;20.1594;20.4479;21.4464;22.2844;22.3058;22.2848;22.1676;22.5592;22.4344;22.0293;22.2675;22.4078;22.3888;22.9611;23.0505;22.5566;22.2903;21.7329;21.425;20.6026;20.0931;19.559;19.0101;18.2765;17.7234;16.8926;15.9186;15",22.8002,"0.5;0.1;0.4"
38.3559,87.6437,7.72602,"1;1.84247;2.7769;3.59593;4.57758;4.97819;5.87162;5.36881;5.89009;5.71843;5.59749;5.39173;6.05213;6.48809;7.32525;8.32413;9.17592;10.1608;10.7088;11.6982;12.2672;12.9308;13.5795;14.4006;15.1364;15.5146;16.4016;17.1512;17.6959;18.4029;19.2837;19.9562;20.2267;20.5269;21.0393;21.6673;22.5402;21.9639;21.6403;21.7023;22.2552;22.4783;21.6771;21.2254;21.0306;21.0023;21","15;15.5013;15.4488;16.0225;16.2132;17.1295;17.5787;18.4431;19.2965;20.2816;20.655;21.4257;21.8655;21.6434;22.0654;22.0181;22.5419;22.3689;23.2054;23.06;22.7553;22.7137;22.9287;22.3578;23.035;23.2358;23.3588;23.9699;23.7382;24.2312;24.2127;23.6487;22.9524;22.0166;21.7289;21.7565;21.2686;20.5211;19.6856;18.7497;18.6033;18.119;17.5446;16.9421;16.0825;15.0829;15",35.0286,"0.5;0.15;0.35"
23.5477,25.0881,0.272842,"1;1.94779;1.93961;2.24165;2.94642;3.81023;4.52839;4.86309;5.34461;6.1854;6.54741;7.52891;8.23307;9.16545;10.1271;10.5652;11.4706;12.3091;13.2376;14.0817;14.5039;15.2146;16.2129;17.2033;18.1884;18.905;19.9001;20.8953;21","15;15.3189;16.3189;17.0879;17.7431;17.6001;17.3986;17.3348;16.5764;16.4899;16.4722;16.6637;15.9536;15.5922;15.3177;15.1618;14.8002;14.2553;13.8839;14.3089;14.4205;14.1403;14.1997;14.3374;14.5093;15.2068;15.1086;15.0103;15",16.8733,"0.5;0.2;0.3"
34.1099,26.4901,4.6473,"1;1.85653;2.10258;2.57482;3.08522;3.42457;4.05603;3.74433;3.79413;4.37452;5.09551;5.63265;6.26011;6.52982;7.52791;8.45011;9.19574;10.1526;11.1318;11.9416;12.1493;12.8153;13.5731;14.2294;15.0733;15.4686;16.1488;16.848;17.7574;18.483;18.9566;19.4276;20.4235;21.1516;22.1031;23.0526;23.2571;22.9659;23.0727;22.26;21.4474;21","15;15.5161;16.4854;16.8325;17.1937;17.8868;18.6622;19.6124;20.3734;20.9129;21.4917;21.5391;21.8864;21.9808;22.0425;21.6558;21.9512;21.9452;22.1483;21.5616;21.8005;22.0482;21.3956;22.0263;22.198;22.0516;21.887;22.1764;21.9226;21.5298;20.6491;19.7669;19.858;19.2072;19.1399;18.826;17.8472;16.9614;16.4863;15.9036;15.3208;15",24.8393,"0.5;0.25;0.25"
23.456,14.7994,0.244522,"1;1.52399;2.21092;3.18017;4.17679;5.10917;5.71068;6.61628;7.08066;7.88966;8.49115;8.88908;9.87359;10.5381;10.9504;11.5797;11.862;12.7531;13.6674;14.3742;14.6983;15.3708;16.0312;16.8845;17.7311;18.5476;19.5308;20.1783;21.1104;21","15;14.3478;13.7776;13.5315;13.6136;13.2521;13.6422;13.9463;14.2526;14.2438;15.0427;15.9601;15.7848;15.5939;15.6017;15.5503;15.573;15.119;15.4313;15.1337;15.2965;14.7337;15.0413;14.8262;14.294;13.7167;13.8991;14.4143;14.7537;15",16.2167,"0.5;0.3;0.2"
34.7862,31.1591,7.20988,"1;1.74599;2.22875;2.85886;3.8508;4.59615;5.00783;5.69687;5.37874;4.69269;4.93511;5.60444;6.38298;7.36306;8.3253;9.29371;10.2704;10.6742;11.0708;12.0365;12.4863;13.0155;13.818;14.1587;14.7724;15.565;16.5064;17.4724;18.2234;19.1096;19.4234;19.6882;20.2348;20.2488;20.9098;21.1722;21.5593;21.9006;22.091;21.469;21","15;15.666;16.5417;17.3182;17.1915;17.8431;18.592;19.1996;20.0943;20.8219;21.792;22.535;23.1626;23.3612;23.089;23.3384;23.5529;23.8527;24.1524;24.4122;24.0439;24.616;24.2122;23.3482;22.5653;22.6741;22.3957;22.3471;21.7372;21.7842;20.9566;19.9923;19.4681;19.1179;18.5075;18.5441;17.85;17.1777;16.3733;15.5903;15",29.3803,"0.5;0.35;0.15"
23.444,40.8062,0.25307,"1;1.9243;2.57161;3.16323;4.15432;5.14683;6.14546;7.13264;7.81923;8.04837;8.89982;9.82199;10.8154;11.5229;12.0395;12.3456;12.9585;13.9456;14.5777;15.5652;16.5048;17.4702;18.4531;18.9531;19.1389;20.116;20.9692;21","15;14.6782;14.6917;14.5515;14.6848;14.5626;14.615;14.4553;15.1824;16.1558;16.6802;16.2934;16.1785;16.8851;16.1967;16.3166;15.5265;15.3661;14.5912;14.4339;14.0917;13.8308;14.0151;14.5432;14.7429;14.5299;14.927;15",28.0698,"0.5;0.4;0.1"
27.1901,98.9866,0.295171,"1;1.9581;2.88597;3.62005;4.26187;5.19004;6.17903;7.13866;8.12954;7.77733;8.28545;9.07831;9.88846;10.1007;10.4363;11.4186;11.6763;12.0061;12.9731;13.968;14.9645;15.8588;16.0435;16.1841;16.998;17.9022;18.4328;19.3769;20.2928;20.7536;21","15;14.8207;14.4981;14.3284;13.9167;13.5446;13.3966;13.1153;13.2501;14.186;15.0473;14.5153;14.7285;15.2621;15.6369;15.5113;14.6304;13.9303;14.1851;14.2861;14.3697;14.7006;15.6711;16.4278;16.8545;17.2817;16.434;16.7636;16.3623;15.4747;15",58.1538,"0.5;0.45;0.05"
25.049,19.4459,0.270625,"1;1.94127;2.68601;3.62768;4.56813;5.11396;6.08693;7.08592;7.69221;8.59323;9.57498;10.1115;10.4528;11.1834;11.3154;11.7089;12.1773;13.174;13.4843;14.1816;14.4566;15.3197;15.9236;16.8948;17.1259;17.6548;18.0004;18.6575;19.5973;20.3371;21","15;14.6624;15.3297;15.6663;16.0062;15.6138;15.4963;15.5411;14.7459;15.0584;14.8946;14.91;14.2562;14.6367;15.1302;15.9457;16.2377;16.3194;16.2929;16.5492;15.5878;15.5424;16.2451;16.0069;15.7285;15.3273;14.8195;14.0657;13.724;14.397;15",22.2474,"0.5;0.5;0"
22.453,52.5456,0.237962,"1;1.70271;2.2718;3.04791;3.68455;4.6779;5.57889;6.39111;7.08704;7.45006;8.40531;9.18461;10.1481;11.1101;12.0988;12.752;13.6923;14.4641;15.1627;16.1266;17.0951;17.8564;18.8075;19.5418;20.4521;21","15;14.9541;14.6406;14.1934;13.9276;14.0428;13.609;13.4497;13.6279;13.5218;13.7714;13.1448;13.4124;13.6856;13.5359;14.2931;14.6335;15.2694;15.9849;16.2513;16.0026;16.651;16.342;15.6632;15.2492;15",12.4562,"0.55;0;0.45"
21.9104,16.3168,0.240143,"1;1.72391;2.53928;2.93393;3.68464;4.33803;5.25887;6.08081;6.43722;6.88946;7.74512;8.63548;9.39978;10.0015;10.9465;11.7045;12.5668;13.561;14.4233;15.242;15.6254;16.3041;16.8344;17.7455;18.6829;19.6341;20.5445;21","15;15.4662;16.0069;16.2335;15.6993;16.0163;15.9838;15.5013;15.5206;15.9387;16.4563;16.134;16.2466;15.8753;15.5482;15.7956;15.9145;15.8067;15.341;15.5992;15.3302;15.2405;15.0088;14.5965;14.2484;14.5569;14.9706;15",12.9626,"0.55;0.05;0.4"
22.5249,22.1634,0.243988,"1;1.75112;2.75053;3.74555;4.53684;5.18278;5.88106;6.42308;6.80322;7.49025;8.03859;8.75241;9.74205;10.5501;11.4055;12.2384;13.0504;13.891;14.5005;15.4844;16.4741;17.4477;18.4404;18.951;19.4265;20.3513;21","15;14.3398;14.3741;14.2744;14.113;13.6354;13.4767;13.9314;14.1512;14.8778;15.2918;15.4826;15.6262;15.6747;16.0545;16.6078;16.0241;15.4825;16.2753;16.1731;16.0601;15.8321;15.7113;15.8384;15.2781;14.9457;15",14.6904,"0.55;0.1;0.35"
21.9372,27.1961,0.241378,"1;1.98122;2.90113;3.89072;4.88269;5.60503;6.29813;7.01021;7.97359;8.89987;8.93753;9.16;10.112;11.103;12.0941;13.0851;13.9496;14.9464;15.3538;15.9421;16.8399;17.7847;18.595;19.515;20.0954;21","15;15.1929;15.585;15.7289;15.6024;15.2629;15.8481;15.6632;15.5597;15.7892;16.1598;16.7732;16.4671;16.3336;16.2;16.0665;15.5639;15.4841;15.4291;15.3909;14.9506;14.6229;15.209;14.817;15.0841;15",16.2173,"0.55;0.15;0.3"
23.811,49.1763,0.282867,"1;1.18981;1.39235;1.8413;2.75131;3.44155;3.79098;4.72554;5.63594;6.34202;6.53953;6.64846;7.55447;8.17941;8.55657;9.17809;9.70249;10.2858;11.1156;12.066;12.8885;12.9771;13.7847;14.7598;15.4639;16.4559;17.4543;17.6176;18.1953;19.0042;19.728;20.7259;21","15;15.4036;15.9198;16.8134;16.9855;17.139;17.2481;17.6039;17.1902;16.482;16.2941;16.1977;16.5207;16.3104;16.1244;16.259;15.4075;15.4906;15.4827;15.4927;16.0083;16.0501;16.6398;16.4181;15.7081;15.5812;15.5248;15.6348;16.1962;15.6082;14.9182;14.9824;15",23.002,"0.55;0.2;0.25"
27.0961,36.3638,0.348715,"1;1.48661;2.47703;3.47546;4.21335;4.98776;5.93238;6.74627;7.68772;8.47822;8.73605;9.62258;10.4511;10.6975;10.9842;11.9214;12.4497;13.3527;14.3404;15.3378;16.2351;17.2141;18.1262;18.6896;19.1579;19.5401;20.4899;21.1684;21.8316;22.1317;21.3222;21","15;15.8736;16.0117;16.0677;16.3391;16.4777;16.7914;16.2104;16.0844;16.1082;16.3843;16.2453;16.6413;16.3716;16.2954;16.2456;15.9716;16.4013;16.2454;16.1725;15.7311;15.5271;15.9371;16.7633;17.6468;18.5709;18.2578;17.5232;16.7748;15.8209;15.2337;15",24.0635,"0.55;0.25;0.2"
22.9204,14.3514,0.241294,"1;1.92789;2.64533;3.41059;3.90536;4.6255;5.62549;6.31957;6.84771;7.49524;8.15081;9.13965;9.79779;10.644;11.5832;12.4221;13.4219;14.367;14.985;15.0518;16.0014;16.2776;16.7996;17.2203;17.8366;18.5954;19.4187;20.0985;21","15;14.6272;14.5183;14.3805;14.6844;14.9204;14.9252;15.6451;15.697;15.8617;16.2664;16.1174;15.4221;14.9746;14.6311;15.1754;15.155;14.8283;14.6798;14.0193;13.9683;13.9441;14.7971;14.4215;14.1395;13.9955;14.193;14.7273;15",16.9479,"0.55;0.3;0.15"
22.6291,16.9972,0.250188,"1;1.84281;2.29387;3.23424;4.19778;5.19672;6.14053;7.138;8.13547;8.53698;8.83915;9.50043;10.0426;10.5447;11.0147;11.6134;12.595;13.3899;13.5869;14.0965;14.8073;15.776;16.5121;17.101;17.2462;17.4192;18.3399;19.236;20.1748;21","15;15.3075;15.7021;16.0423;15.7747;15.7286;16.0591;15.988;15.9169;15.7952;15.7067;15.7395;16.1684;16.1029;16.1292;16.0959;15.9048;15.9326;16.032;15.1716;14.6621;14.8549;14.8129;15.5695;15.9178;16.5176;16.1274;15.6836;15.3389;15",18.42,"0.55;0.35;0.1"
22.8911,27.2534,0.247553,"1;1.94129;2.89534;3.88717;4.85274;5.76321;6.72373;7.43762;7.83532;8.7357;9.18881;9.9105;10.7599;11.154;11.9313;12.7945;13.6638;14.5601;15.4649;16.0751;17.0747;18.0741;19.0482;19.7256;20.5499;21","15;15.2347;15.4216;15.294;15.0339;15.4475;15.7256;15.0894;14.7938;14.77;15.6533;16.316;16.8437;16.3069;15.8403;15.3356;15.8299;15.6035;15.325;15.1523;15.1214;15.0862;14.8603;14.1247;14.6909;15",23.5038,"0.55;0.4;0.05"
34.8881,59.279,6.71905,"1;1.77131;2.35005;3.1571;3.78153;4.56823;4.63787;5.07555;5.24215;5.71924;5.5498;5.62907;5.26891;5.33739;5.50238;6.34162;7.2965;8.28005;9.18883;9.67336;10.3333;11.3201;12.1227;12.7531;13.4561;14.4433;15.4076;16.284;16.6603;17.2468;18.0286;18.9764;19.4805;19.6732;20.292;20.7544;20.989;20.9917;21.1571;21.2669;21.3937;21","15;15.6365;15.3974;15.2372;14.6377;15.2551;16.2527;17.1518;17.6775;17.9171;18.8132;18.913;19.8459;20.8121;20.8182;21.362;21.659;21.8396;22.2569;22.5914;23.0428;23.1708;23.7672;23.544;23.4813;23.4512;23.3772;23.5613;22.8955;23.2937;23.9172;23.5982;22.7346;21.7533;20.9678;20.0811;19.109;18.109;17.3735;16.6787;15.8411;15",45.864,"0.55;0.45;0"
22.9889,22.1435,0.240354,"1;1.94364;2.57362;3.57182;3.7582;4.51365;5.09656;5.76888;6.41321;7.4074;7.6447;8.62567;9.61564;10.5474;11.2202;12.0474;12.2827;13.0371;14.0368;14.9912;15.8676;16.7504;17.5694;18.4864;19.3339;19.9276;20.9131;21","15;15.331;16.1076;16.0476;15.7736;15.6961;15.5327;15.472;14.7073;14.5996;13.6282;13.434;13.5752;13.5752;13.9685;14.4199;14.4951;14.7936;14.8195;15.1182;14.6366;14.1669;14.7407;14.342;14.5677;14.4222;14.5915;15",13.8895,"0.6;0;0.4"
22.3525,43.2356,0.252355,"1;1.99705;2.99704;3.6462;4.52969;5.48384;6.16147;6.83401;7.77417;7.91732;8.77424;9.74166;10.7318;11.6794;12.6646;13.3202;14.1203;14.9979;15.6834;16.1757;16.7888;17.3657;18.2726;19.2681;19.8534;20.7548;21","15;14.9233;14.9273;14.959;14.8201;15.1195;15.5029;16.0288;15.9786;15.8219;16.3373;16.5905;16.4506;16.7703;16.5989;16.0816;15.5298;15.0503;15.227;15.7239;16.2924;16.688;16.2668;16.3615;15.5507;15.1178;15",15.6616,"0.6;0.05;0.35"
23.2626,15.6861,0.249435,"1;1.99742;2.67469;3.11098;4.00407;4.8029;5.78648;6.6671;7.18977;7.93712;8.90438;9.84412;10.5636;10.8683;11.7029;12.6976;13.6776;14.673;15.3196;16.2379;17.2379;17.9229;18.7912;19.2481;20.1762;21","15;15.0718;14.4882;14.1271;13.6772;14.2788;14.0983;13.6245;14.477;15.1414;14.8876;15.2295;15.6175;15.6054;15.6661;15.7692;15.5705;15.474;16.2369;15.8411;15.8501;16.5786;16.0825;15.193;14.8207;15",15.601,"0.6;0.1;0.3"
24.2841,21.3811,0.268241,"1;1.39064;2.38954;3.02688;3.89185;4.83657;5.83641;6.83625;7.78796;8.62049;9.60062;10.4677;11.3467;11.8407;12.7771;13.764;14.762;15.4345;15.703;16.6425;17.4424;18.1492;18.6513;19.4222;20.0682;20.7167;21.3507;21","15;15.9205;15.8737;15.7998;15.6137;15.2858;15.2682;15.2505;15.3567;15.8035;15.6052;15.679;15.8299;16.6993;16.3484;16.1866;16.1247;15.6504;15.0529;15.2293;15.1528;15.0639;14.8348;15.4491;15.8723;16.5764;15.8031;15",17.8447,"0.6;0.15;0.25"
22.543,16.5186,0.240774,"1;1.98257;2.96176;3.9321;4.93183;5.92581;6.90427;7.81667;8.69136;9.30357;9.95894;10.7852;11.0784;11.7268;12.2253;13.0697;13.7425;14.5994;15.3912;16.2236;17.0189;17.247;18.2071;18.934;19.5931;20.4143;21","15;14.8141;14.6112;14.3694;14.3462;14.2367;14.4432;14.0339;13.6612;13.4759;13.9028;14.2444;14.6416;14.7982;15.3728;15.5564;14.9482;14.9387;15.0742;15.5362;15.8535;15.9792;16.2586;16.9454;16.1933;15.6228;15",16.8777,"0.6;0.2;0.2"
22.7565,12.377,0.240279,"1;1.34809;2.32925;2.61059;3.57928;4.51869;5.51857;6.49076;7.33188;7.7809;8.59968;9.46393;10.021;10.8732;11.5168;11.7174;12.4782;13.033;13.6561;14.5554;15.3558;15.81;16.3921;17.0055;17.7123;18.5318;19.1632;19.6902;20.3217;21","15;15.1563;15.3333;14.8557;15.104;14.7612;14.7455;14.9797;15.5205;15.346;14.9469;15.0233;14.3995;14.7006;14.8825;15.2366;15.8377;16.2264;15.6881;15.865;15.4835;15.1695;14.6529;14.3555;14.2383;14.0713;14.6277;14.3513;14.7624;15",16.7842,"0.6;0.25;0.15"
23.2848,24.7633,0.256861,"1;1.97635;2.97628;3.92757;4.77529;5.77277;6.76589;7.69647;8.52466;9.52253;10.1222;10.3302;11.2453;11.641;11.9558;12.9514;13.8238;14.5869;15.1994;15.8842;16.629;17.5326;18.4672;19.0682;19.2813;19.4787;20.4707;21","15;14.7838;14.7951;15.1035;14.573;14.644;14.7611;14.395;13.8346;13.8998;14.4407;15.0993;15.2591;15.6305;16.2168;16.1235;16.6122;16.1493;16.2612;16.1797;16.2709;16.6992;17.0549;16.2557;15.6635;15.2124;15.2377;15",21.4255,"0.6;0.3;0.1"
23.4211,18.7364,0.254098,"1;1.96077;2.90493;3.47325;4.26532;4.90676;5.67197;6.18259;6.66988;7.64235;8.57067;9.4143;10.2443;10.8876;11.8509;11.9139;12.5634;13.3245;14.1398;14.6439;15.4561;15.6744;16.4226;17.4005;18.2024;19.0166;19.6134;20.3199;21","15;14.7227;15.0522;15.6798;16.2463;15.4792;16.123;15.9058;16.0582;15.8252;16.197;16.1619;16.452;16.2642;16.0828;15.6922;15.2109;14.9962;15.4532;15.3288;15.5507;14.6376;14.0204;14.2297;14.2848;14.3851;14.0911;14.4242;15",20.6231,"0.6;0.35;0.05"
24.3934,33.5121,0.269458,"1;1.88595;2.88565;3.73951;4.71401;5.26352;6.00748;6.49294;7.04076;7.39901;8.10634;8.41341;8.89353;9.42785;10.0374;10.8645;11.7763;12.4718;13.3842;14.3424;14.7734;15.7395;15.7315;16.6514;17.6479;18.0746;18.4421;19.4378;20.4367;21","15;15.4638;15.4395;15.96;15.7356;15.249;14.6147;14.3883;14.8314;15.7276;16.2167;15.6361;15.4171;15.9279;16.1366;16.255;16.6657;16.2917;16.542;16.3868;16.6644;16.4062;15.4062;15.0139;14.9302;14.6294;14.3226;14.2296;14.1823;15",28.0409,"0.6;0.4;0"
23.0853,13.4934,0.254642,"1;1.94628;2.68663;3.48664;4.45447;5.2622;6.20663;6.87651;7.49917;7.94821;8.93998;9.93634;10.6965;11.648;12.6043;13.4813;14.3133;15.1811;16.0308;17.0109;17.5066;18.0778;18.3519;19.297;19.956;20.4158;21","15;14.6766;15.3489;15.9488;16.2005;15.6109;15.2822;15.005;14.6912;14.3312;14.2032;14.2885;14.3953;14.4925;14.7849;15.097;14.9816;15.4785;16.0058;15.8074;16.3423;16.8352;17.2706;16.9437;16.1916;15.5303;15",15.0945,"0.65;0;0.35"
24.0352,92.7661,0.279556,"1;1.93047;2.68099;3.59991;4.07813;4.86115;5.85476;6.852;7.70739;8.15775;8.69754;9.68769;10.5226;11.4286;12.4259;13.3941;14.0968;14.8965;15.8903;16.0459;16.3471;17.2951;17.364;17.8078;18.7445;19.6124;20.214;20.9986;21","15;14.6336;15.2945;14.9001;15.7783;16.4003;16.2875;16.3618;16.8798;16.2906;16.7398;16.5997;16.0493;16.4725;16.5468;16.797;16.0855;16.6859;16.7975;16.7033;15.7938;15.6825;15.6824;15.6865;15.9333;16.1;16.1482;15.5281;15",20.345,"0.65;0.05;0.3"
23.6296,58261.7,0.241888,"1;1.95114;2.38161;3.26894;3.313;4.13494;4.84992;5.66728;5.95991;6.75625;7.21759;7.77906;8.77629;9.75742;10.7408;11.7385;12.6279;13.1331;13.6154;14.5459;15.4926;16.3082;16.9699;17.2994;17.3595;17.6405;18.5385;19.1595;19.9854;20.7294;21","15;15.3087;14.9126;14.8662;14.4461;13.8765;13.9677;14.2621;13.9053;13.7089;14.3074;14.6149;14.6891;14.4958;14.314;14.3807;13.9235;14.047;14.0812;14.1141;14.0734;13.9905;13.3127;12.5451;12.2383;12.5196;12.9597;13.7435;14.3073;14.9755;15",5841.59,"0.65;0.1;0.25"
33.0465,39.1424,5.24816,"1;1.91756;2.79921;3.47699;4.1727;4.31276;4.83128;4.74687;4.92389;5.66957;6.29123;7.20732;8.01337;8.89991;9.22187;10.0717;10.6346;11.0256;12.0128;12.5424;13.4775;14.17;14.8359;15.6653;16.4149;17.4149;18.1264;18.4362;18.6064;19.3577;20.2482;20.9359;21.6347;21.7876;21.9193;21.3255;20.9537;21.374;21.7889;21","15;15.3976;15.8695;16.6048;17.3231;18.3096;19.0142;19.5962;20.5555;20.8065;21.5662;21.8197;22.2919;22.7477;21.9493;22.0001;22.0896;22.3164;22.1568;22.1413;22.418;22.9314;22.6726;22.179;22.7135;22.7104;22.2039;21.6884;20.703;20.3387;20.1975;19.9458;19.5103;19.2072;18.4765;17.827;17.0105;16.1969;15.599;15",28.4012,"0.65;0.15;0.2"
22.4254,61.4347,0.258173,"1;1.71628;2.62895;3.62843;4.62629;5.60917;6.54892;7.52476;8.30594;9.26226;9.6619;10.3954;11.2129;12.1996;13.0359;13.2794;13.8919;14.0308;14.961;15.5246;16.5215;17.5013;18.2275;19.1326;19.9962;20.8598;21","15;15.6978;16.1065;16.1386;16.0732;16.2574;15.9156;15.6971;16.3214;16.1089;16.0602;16.0835;16.4126;16.2503;16.7987;16.5014;16.7114;16.8995;16.5326;15.7065;15.628;15.8278;16.5153;16.0902;15.586;15.0818;15",26.9021,"0.65;0.2;0.15"
24.2777,19.7185,0.261433,"1;1.97659;2.92431;3.92301;4.89309;5.11245;5.79087;6.42136;7.27066;8.21474;8.33441;9.07837;9.87921;10.6642;11.6383;12.4236;12.924;13.9185;14.7929;15.5216;16.2401;16.7465;17.2952;18.1952;18.7974;19.7388;20.3365;21","15;15.2151;15.5342;15.5852;15.828;14.9917;14.6454;14.8051;15.0326;15.2537;15.8517;16.5199;15.9211;16.5406;16.3143;15.6952;14.8294;14.7244;14.2393;14.9241;14.8178;15.3518;14.6108;14.1749;14.8195;15.0869;15.1912;15",20.7363,"0.65;0.25;0.1"
36.7598,37.16,7.51544,"1;1.93336;2.2939;2.94645;3.71849;4.27003;4.542;4.8592;5.78918;5.36562;5.3936;5.44306;5.51868;5.34133;5.41187;5.01476;5.20841;6.13983;7.02944;7.98241;8.98235;9.98015;10.9709;11.6571;12.3971;12.7207;13.3392;13.7302;14.0385;15.0239;15.7496;16.3679;16.8449;17.3505;17.7957;18.3837;18.9196;19.2996;19.7882;20.788;21.7395;22.4425;22.4734;21.7145;21","15;14.6411;14.8391;14.9557;15.4645;16.2986;17.2253;17.6389;18.0065;18.6778;19.2807;19.9727;20.9698;21.3623;21.5891;22.3314;23.3124;23.6764;24.1331;23.83;23.8414;23.7752;23.6396;22.9122;23.0521;23.7062;24.1052;23.9355;23.852;24.0225;23.7188;23.1627;23.0231;22.6125;21.717;20.9082;20.0639;19.1389;18.2664;18.2829;17.9754;17.2641;16.2646;15.6133;15",35.4176,"0.65;0.3;0.05"
24.7029,13.7216,0.267419,"1;1.92344;2.73085;2.9375;3.73476;4.56089;5.41033;6.37814;6.67946;7.60494;8.52829;9.51705;10.5126;11.3242;11.729;12.6036;13.2677;14.1415;14.6287;15.4599;16.2892;17.2651;17.8098;18.241;18.8564;19.7328;20.2358;20.6878;21","15;15.3837;15.2687;15.2978;15.3075;15.6534;15.7924;16.044;15.0905;14.7117;14.3278;14.1782;14.0841;14.5847;14.8078;14.8676;15.0203;15.4768;15.0633;14.5072;13.9484;14.1663;15.005;15.9072;16.6954;17.177;16.3128;15.6835;15",20.8595,"0.65;0.35;0"
23.1005,106081,0.256611,"1;1.99252;2.73787;3.61953;4.5173;5.38658;6.38376;7.38076;8.26413;8.32861;9.22037;9.80834;10.4032;11.0722;11.9554;12.7399;13.7329;14.7319;15.73;16.7193;17.5813;18.1661;18.8245;19.6552;19.9298;20.7515;21","15;14.8779;15.5446;16.0165;16.4569;16.9512;16.8761;16.7987;16.3301;15.3321;15.2182;15.236;14.9597;14.4641;14.933;15.5532;15.671;15.7166;15.7771;15.6312;15.3393;15.2348;15.3802;14.8655;14.2578;14.8277;15",16.2473,"0.7;0;0.3"
24.1965,36.8863,0.282103,"1;1.7778;2.59932;3.07957;3.70618;4.06749;5.06517;6.05761;6.98179;7.89359;8.80374;9.70805;10.6107;11.1281;11.8903;12.1875;13.1839;13.8105;14.4222;15.3842;16.2609;17.1161;17.2287;18.1469;18.883;19.6191;20.3552;21","15;15.6285;16.1987;16.083;16.1421;16.7322;16.8004;16.6777;16.2957;15.8851;15.4708;15.0439;15.4743;15.4162;15.2587;15.7514;15.6665;14.9028;15.2852;15.3276;15.7154;16.2339;17.2275;17.6235;16.9467;16.2698;15.5929;15",18.8524,"0.7;0.05;0.25"
22.1827,16.4209,0.240504,"1;1.95897;2.95882;3.90227;4.76289;5.26302;6.17293;6.62169;7.48121;8.46943;9.34766;9.833;10.7012;11.2348;12.0262;12.8534;13.7774;13.9457;14.0926;15.0844;16.063;16.9053;17.7623;18.6798;19.2629;20.2617;21","15;14.7165;14.6992;15.0308;14.6401;14.2281;14.3862;14.4192;14.9303;14.7784;14.6525;15.5269;16.0231;15.9431;15.5786;15.7491;15.7599;16.2132;16.1174;16.2451;16.0392;16.2376;16.4041;16.0062;15.1939;15.1444;15",17.2181,"0.7;0.1;0.2"
24.149,21.4022,0.262543,"1;1.71902;2.61913;2.96407;3.18362;4.08285;4.95578;5.66488;6.60158;7.57262;8.56849;9.50708;10.2702;11.0624;12.0603;12.232;13.0339;13.415;14.0986;14.8732;14.6547;14.4666;15.2967;16.2659;17.173;18.147;18.6761;19.2592;20.1145;20.65;21","15;15.0841;15.2243;16.1153;16.278;16.7155;16.6776;16.3247;15.9746;15.7357;15.6449;15.5507;15.5102;15.5806;15.6451;15.6539;15.9814;15.4899;15.9895;15.5626;14.6133;13.8466;13.4431;13.6893;14.1103;14.3368;14.3685;14.4987;14.4295;14.7778;15",20.154,"0.7;0.15;0.15"
32.2417,29.7278,4.55523,"1;1.92401;2.89144;3.60696;3.6739;4.20086;4.56168;4.61365;5.40405;5.2946;5.56048;5.46508;5.81742;6.51148;7.17762;8.17647;9.16595;10.1594;11.1552;11.9919;12.6539;12.9919;13.8957;14.8188;15.7602;16.7599;17.5699;18.4281;19.16;20.0269;20.7129;20.7662;20.8196;21.3846;21.5525;21.6539;21.7658;21.0896;21","15;15.3824;15.6355;16.3341;16.8597;17.5698;18.2311;19.1966;19.0135;20.0075;20.4746;21.3216;21.8507;21.9884;22.0929;22.1409;21.9962;22.1102;22.2026;21.655;21.7874;21.651;22.0791;22.4635;22.1261;22.1507;21.5643;21.0508;20.61;21.0998;20.3722;19.3736;18.375;17.8924;17.6503;16.6602;15.8344;15.0977;15",28.9703,"0.7;0.2;0.1"
24.4293,40.0564,0.287421,"1;1.96009;2.37627;3.2908;4.18071;5.1649;5.44395;6.16762;6.81096;7.46628;8.05825;8.99835;9.82691;10.7484;11.636;12.0104;12.5834;13.4711;14.3933;15.2311;16.2147;17.1984;17.7603;18.4052;19.3236;20.2366;20.6299;20.8755;21","15;14.7203;15.6296;16.0341;16.4902;16.3131;16.1455;15.8994;15.7284;15.4579;15.7921;15.4512;16.0111;16.3996;16.86;16.5454;16.5398;16.0794;16.157;16.0579;15.8776;15.6977;16.5249;17.2892;17.0068;17.3799;16.4605;15.4911;15",27.129,"0.7;0.25;0.05"
26.3139,54.5158,0.279956,"1;1.92617;2.9205;3.92039;4.87359;5.87358;6.65963;7.62521;7.93176;8.64744;9.12545;9.16821;10.1573;10.9937;11.9868;12.5277;12.8588;13.7331;14.63;15.1095;15.4691;15.5277;16.4745;16.8792;17.3268;18.1773;18.6042;18.9369;19.8461;20.0007;20.6339;21.2026;21.7754;21.7946;21","15;15.3771;15.2708;15.2558;14.9534;14.9563;15.5745;15.586;15.5728;15.9943;16.5277;16.7647;16.6172;16.0691;15.9523;15.6446;15.4628;14.9775;14.699;14.2936;13.7678;13.1392;13.4612;14.0311;13.2336;13.2551;12.8985;12.6047;12.3291;12.4189;13.0745;13.6597;13.9966;14.4795;15",34.7745,"0.7;0.3;0"
23.4556,35.4103,0.262483,"1;1.66435;2.30668;2.83266;3.7496;4.65679;5.57785;6.19778;7.13957;7.72949;8.67894;9.63902;10.6385;11.5648;12.3547;12.9692;13.909;14.7704;15.7703;16.7518;17.6919;18.6915;19.6906;20.6633;20.4858;21","15;15.1872;14.9985;15.0598;15.4588;15.8795;15.4901;14.797;15.0157;15.8231;16.137;15.8574;15.8241;15.4474;16.0606;16.8495;16.5078;15.9999;16.0182;15.8271;16.168;16.1391;16.1809;16.4131;15.429;15",17.6573,"0.75;0;0.25"
23.7606,11.6034,0.251645,"1;1.76569;2.66462;3.57173;4.55346;5.49391;5.93287;6.63929;7.01471;8.01441;8.996;9.93054;10.8554;11.4258;12.3057;12.9407;13.8188;14.3383;14.8996;15.7142;16.7122;17.6979;17.8784;18.8665;19.5466;20.2941;20.9729;21","15;15.6432;16.0813;15.6604;15.8507;15.518;14.9732;14.646;14.6537;14.6785;14.4875;14.8433;14.463;15.2844;15.7595;15.8069;15.3529;14.9755;14.7582;15.3382;15.2744;15.4428;14.4592;14.3051;13.572;14.2362;14.9706;15",18.4509,"0.75;0.05;0.2"
22.8143,34.3937,0.258655,"1;1.80358;2.62287;3.50058;4.2727;5.23587;6.18343;6.81301;7.73712;8.41272;9.1347;10.1258;11.124;11.7761;12.5199;13.5194;14.1623;15.1594;15.9484;16.6134;17.3285;17.5602;18.4091;19.383;20.1639;20.9448;21","15;15.5952;15.8748;16.1268;16.565;16.5584;16.2388;16.2596;16.0489;15.8841;16.5102;16.6433;16.7029;15.9448;15.2765;15.2439;14.4779;14.554;15.1684;15.9153;16.2184;16.2654;16.0665;16.2935;15.6689;15.0442;15",20.5889,"0.75;0.1;0.15"
22.5347,53.7698,0.252528,"1;1.99997;2.96072;3.92275;4.41994;5.41568;6.41256;7.41232;8.13269;9.06119;9.98854;10.842;11.7697;12.0103;12.9853;13.2675;13.9376;14.7662;14.8208;15.7124;16.3056;16.6913;17.6479;18.5262;19.5186;20.1826;20.7807;21","15;14.9926;15.1826;15.3783;14.5107;14.6029;14.6818;14.7036;15.3972;15.5642;15.2344;15.3765;15.4798;15.9968;16.1126;16.2196;16.865;16.3052;16.274;16.6289;16.5636;16.8335;16.5424;16.4903;16.4847;15.7369;15.2151;15",24.9917,"0.75;0.15;0.1"
22.7129,17.5825,0.24837,"1;1.97854;2.93897;3.93881;4.61653;5.28977;6.1837;7.11894;7.6281;8.48051;9.30886;10.2939;10.7692;11.301;12.2823;13.0204;13.168;13.7445;14.5405;15.442;16.4014;17.3769;18.1969;19.1266;19.7941;20.2487;21","15;15.2061;14.9275;14.9454;15.0403;15.3072;15.4612;15.1072;15.9679;16.3322;16.2015;16.0294;15.6633;15.6296;15.6018;15.1022;15.0765;15.8438;16.4491;16.0162;15.7343;15.5141;16.0863;15.718;14.9734;14.534;15",20.5636,"0.75;0.2;0.05"
23.9792,29.5904,0.266797,"1;1.6091;2.06009;2.33515;3.33495;4.30381;5.28471;5.99788;6.96862;7.96432;8.73501;9.3639;10.3633;11.3517;12.2244;12.7042;13.5832;14.3524;14.8798;15.8428;16.8248;17.241;17.9177;18.6751;18.9969;19.9378;20.4767;21","15;15.2892;15.5323;15.9783;15.9584;16.206;16.4005;15.6996;15.4594;15.3668;15.8836;16.5974;16.6325;16.4808;15.9926;15.1152;15.5921;16.2311;15.9892;16.0046;16.1938;15.2846;14.5483;13.9567;14.7027;14.9542;14.8391;15",25.382,"0.75;0.25;0"
22.4349,41.3899,0.252284,"1;1.67432;2.67359;3.35294;4.24044;4.69225;5.53821;6.38412;7.32508;8.30018;9.30006;10.0586;11.0525;12.0385;12.9281;13.8284;14.8021;15.6508;16.5913;16.7947;17.5501;18.5292;19.1851;20.0037;20.8223;21","15;15.7384;15.7003;15.959;16.0213;15.697;15.65;15.858;16.1965;15.9747;15.9902;16.6418;16.5315;16.6984;16.2417;16.677;16.4493;15.9206;15.6048;15.3341;14.685;14.4816;13.7267;14.301;14.8753;15",17.9984,"0.8;0;0.2"
22.9837,18.5379,0.241682,"1;1.85457;2.81757;3.81663;4.71969;5.7195;6.71931;7.65862;8.39623;9.27702;10.2122;11.1889;12.0279;12.6116;13.5059;14.3733;15.3216;16.172;16.5078;17.1897;18.1518;18.8751;19.3471;20.2549;21","15;15.5193;15.7889;15.7455;15.316;15.2966;15.2772;14.9341;14.2589;13.7854;13.4311;13.6456;14.1897;15.0017;15.4491;15.4104;15.2121;14.7191;14.6504;13.919;14.192;14.8824;15.764;15.3444;15",19.3501,"0.8;0.05;0.15"
21.5425,72.9881,0.242222,"1;1.08243;2.02182;2.70444;3.69929;4.68121;5.64102;6.63148;7.62935;8.57623;8.93663;9.62123;10.0575;11.0002;11.0642;11.967;12.9524;13.9476;14.4023;14.8732;15.8674;16.3584;16.7992;17.7715;18.2858;19.1372;20.1303;21","15;14.8939;14.789;14.8868;14.9549;15.1441;14.8635;15.0012;15.0665;15.3881;15.7956;16.4028;16.272;16.5458;16.4891;16.5611;16.3908;16.4882;16.5927;16.8668;16.7594;16.5367;16.3966;16.1625;15.3049;14.7804;14.8975;15",24.557,"0.8;0.1;0.1"
21.3819,14.0151,0.221648,"1;1.77617;2.74638;3.57269;4.22777;4.64859;5.56854;6.52199;7.25865;8.10394;9.10183;10.0969;11.0938;12.0051;13.0019;13.9852;14.9763;15.9065;16.4811;17.4379;18.4298;19.4264;20.2279;21","15;14.3695;14.6117;14.89;15.0163;15.1834;14.7914;14.4898;14.6169;14.1613;14.2262;14.1275;14.2073;13.7956;13.8755;14.0575;14.1907;14.4403;15.1649;15.4557;15.3288;15.4109;14.8128;15",19.2189,"0.8;0.15;0.05"
24.6337,27.1166,0.267696,"1;1.67038;2.67017;3.64675;4.18854;4.98574;5.98531;6.96024;7.90247;8.88729;9.66216;10.5323;11.4647;11.7321;12.438;13.4247;14.3159;14.8486;15.7679;16.6301;17.3182;17.5515;18.4634;19.0532;19.5916;20.1702;20.6255;21","15;14.258;14.2374;14.0222;14.8627;15.4665;15.4373;15.6599;15.3249;15.1513;15.7835;16.2763;16.6377;16.4154;16.408;16.2457;15.792;16.6382;16.2446;15.738;15.1625;14.5864;14.191;13.5125;13.0149;13.8305;14.5266;15",25.1303,"0.8;0.2;0"
21.5851,41.1391,0.242479,"1;2;2.90061;3.67963;4.49864;5.40778;6.05386;7.02734;8.02274;9.01531;10.009;10.9904;11.5875;12.2481;12.9701;13.3301;14.2143;15.1104;16.1103;16.9574;17.9229;18.7867;19.7342;20.7208;21","15;15;14.9098;15.4125;15.4594;15.6946;16.4579;16.6867;16.5908;16.4691;16.357;16.5492;16.5965;16.5003;16.0368;15.5359;15.5212;15.0773;15.0642;15.5958;15.3566;15.7473;15.4274;15.3318;15",18.3837,"0.85;0;0.15"
23.9958,73.2677,0.256079,"1;1.81836;2.40004;3.07229;3.77364;4.5882;5.43386;6.21437;7.20687;8.20292;8.65378;9.28666;9.81233;10.1939;10.6516;11.4631;12.085;12.4464;13.429;14.4288;14.9552;15.8539;16.3183;17.2664;18.2663;18.9707;19.9069;20.4114;21","15;14.4928;13.8876;13.2683;13.1126;13.0965;13.2369;13.1785;13.3008;13.212;14.1046;14.8788;14.9953;15.632;15.8531;16.4375;16.4907;16.6194;16.4334;16.4497;15.5995;15.1608;14.2752;14.593;14.5781;15.2879;15.6396;15.5329;15",24.0855,"0.85;0.05;0.1"
30.6184,51.0149,5.06018,"1;1.87998;2.6928;3.16238;3.31465;3.69061;3.98898;4.98001;4.99684;5.50768;5.68264;6.52787;7.44961;7.3519;8.23888;9.20433;10.1955;10.9354;11.4355;12.1325;12.7347;13.7263;14.4814;14.7706;15.4047;15.7612;16.7581;17.2903;17.8324;18.8323;19.0832;19.5062;19.4091;19.8174;20.4008;21","15;15.475;16.0575;16.9404;17.5364;17.9771;18.4563;18.4993;19.3187;20.0603;21.0448;21.5792;21.9671;22.9623;23.4241;23.1635;23.0309;22.9173;22.3329;22.5481;22.7775;22.907;22.7071;22.1301;21.773;21.8261;21.7472;20.9006;20.0603;20.0746;19.1067;18.2005;17.2052;16.3626;15.7256;15",31.3801,"0.85;0.1;0.05"
25.3216,31.7732,0.279045,"1;1.99952;2.7254;3.68872;4.68871;5.67308;6.651;7.64355;8.64162;9.54775;10.4831;11.398;12.3847;13.3714;13.7011;13.9817;14.4107;14.9703;15.7962;16.1979;16.5703;17.2478;18.247;18.3806;18.3839;19.3787;19.8973;19.9752;20.4047;21","15;14.9689;15.2423;15.0465;15.0438;14.8677;14.6587;14.5368;14.5989;14.1759;13.822;13.4185;13.581;13.7435;14.6876;15.6474;16.0626;16.3549;15.914;16.7438;16.5911;16.1049;16.0731;16.5005;17.2271;17.1249;16.2699;15.2729;15.1032;15",26.2893,"0.85;0.15;0"
23.4709,257971,0.272109,"1;1.92107;2.21588;2.96462;3.91729;4.87126;5.80069;6.58642;7.16275;7.80229;8.17691;8.76742;9.22517;10.0362;11.0218;12.0075;12.8037;13.5916;14.5704;15.5492;16.368;17.3033;18.3033;19.14;20.1305;20.3942;21.2065;21","15;14.797;14.7479;14.7417;14.4377;14.1378;14.3995;14.7277;14.999;15.3431;15.8983;15.9228;16.507;16.8765;16.7078;16.5391;15.9341;16.5499;16.3452;16.1404;16.7145;17.0683;17.0558;16.5082;16.6455;16.0074;15.8666;15",21.1511,"0.9;0;0.1"
24.2289,78.3357,0.273677,"1;1.92171;2.82864;3.72304;4.43494;5.43494;6.03468;6.9392;7.82972;8.82905;9.57105;10.2057;10.6826;11.6826;12.0506;12.567;13.553;14.5321;14.9696;15.6676;16.2389;16.9197;17.7647;18.3765;19.0916;19.2392;19.9205;20.474;21","15;15.3879;15.8092;15.8538;16.1991;16.2003;15.4001;14.9737;14.5187;14.5553;15.2257;15.98;16.8552;16.8482;16.5032;16.3815;16.5482;16.3447;16.1263;16.4067;16.1272;15.94;15.4051;15.2717;15.26;15.8925;16.6245;15.7916;15",25.7365,"0.9;0.05;0.05"
25.4244,22.7569,0.284261,"1;1.05865;2.0332;2.62009;3.58133;4.5786;4.98316;5.78568;6.7826;7.68393;8.47559;9.44368;10.4397;11.1096;11.8176;12.2523;13.1788;13.8514;14.5761;15.536;16.3837;17.0464;17.4842;18.1305;18.8027;19.2063;20.2054;21.1988;21","15;15.9983;16.2224;17.0321;16.7564;16.6826;15.7681;15.1715;15.0931;15.5262;14.9152;14.6646;14.7536;15.496;15.6597;15.535;15.5159;16.2231;16.335;16.2467;16.6273;16.4749;16.3314;15.9899;15.2495;14.3345;14.2937;14.1791;15",25.1576,"0.9;0.1;0"
22.9199,81.6663,0.254869,"1;1.85178;2.80967;3.7883;4.70665;5.30975;6.2614;7.0266;7.84346;8.57494;9.46863;10.3857;11.3441;12.2452;13.1922;13.7185;14.5816;15.1792;16.1775;16.4204;17.2132;18.1664;18.8737;19.803;20.7324;21","15;15.489;15.5491;15.3612;15.3798;15.8292;15.522;15.9292;15.801;16.4828;16.8154;16.6143;16.8997;16.4659;16.1504;16.2987;16.0746;15.2727;15.3303;14.3602;13.7507;13.4482;14.155;14.5243;14.8936;15",21.7867,"0.95;0;0.05"
22.4946,26.9048,0.255159,"1;1.8941;2.89383;3.85817;4.85777;5.85717;6.48785;7.29389;7.9531;8.66167;9.39371;10.2359;11.0332;12.023;13.0128;14.0027;14.4672;15.3736;15.8437;16.6875;17.6232;18.4589;19.1836;19.7574;20.7482;21","15;15.4479;15.4244;15.6891;15.7171;15.6825;16.4585;16.0743;15.6532;15.9386;16.0139;15.8289;16.4325;16.2902;16.148;16.0057;15.8777;15.7028;16.3333;16.6258;16.273;16.6062;16.3363;15.5173;15.653;15",22.7151,"0.95;0.05;0"
31.6326,49.0645,5.08812,"1;1.50178;1.87971;2.18621;2.69302;3.41032;4.25445;5.16623;5.05747;5.1839;5.07269;5.37819;6.28594;6.91528;7.28902;8.21173;8.97242;9.74668;10.7465;11.7457;12.3914;13.2238;13.9824;14.853;15.4552;16.0144;16.886;17.2121;17.3829;18.3059;19.2195;19.3517;20.0854;20.3811;21.1591;21.8379;22.0554;21.5328;21","15;15.2202;15.5013;15.9598;16.3923;16.8325;17.3687;17.6812;18.6638;19.6558;20.6496;21.6018;22.0213;21.9809;21.9502;22.2134;22.8625;23.4953;23.4788;23.5192;23.3192;23.0755;22.8583;22.6343;22.5684;22.2083;21.7478;20.8025;20.0986;19.7138;19.3072;18.316;18.0876;17.7168;17.3519;17.1034;16.1273;15.2748;15",31.6326,"1;0;0"
