Length, Risk, TravelTime, Paths.x, Paths.y, Cost, Weight
21.1334,0.974272,0.239011,"1;1.86967;2.63985;3.4687;4.08331;4.62147;5.58271;6.1026;7.02747;7.788;8.7264;9.71787;10.2257;10.9405;11.0665;12.06;13.0495;13.7605;14.2708;14.8058;15.774;16.7736;17.307;18.2009;19.1242;19.6581;20.3073;21","15;14.8847;14.8887;14.8346;14.9524;15.1085;15.2673;15.6801;15.6587;15.6941;15.9904;15.8682;15.9711;16.4628;16.7667;16.6528;16.5085;16.5411;16.2874;16.6011;16.3508;16.3814;16.2566;15.9292;15.5787;15.6188;15.5186;15",0.239011,"0;0;1"
23.5427,1.01651,0.30098,"1;1.81447;2.7138;3.18755;4.01009;4.36858;5.07687;5.87279;6.79783;7.69735;7.97527;8.86292;9.45863;9.96368;10.4963;11.4732;12.2035;13.1338;13.9665;14.3055;14.5052;15.3422;15.851;16.4265;17.2534;17.9166;18.803;19.4002;20.1792;20.7952;21","15;15.2445;15.1359;14.7587;14.5345;14.5201;14.657;14.6922;14.6933;14.8298;15.0891;15.275;16.0701;16.4885;15.9137;15.782;16.2512;16.3381;16.6057;17.1581;17.8875;18.3514;18.3602;17.8954;17.8751;17.1746;16.8821;16.2876;15.6606;15.2049;15",0.336757,"0;0.05;0.95"
23.3804,1.05603,0.27114,"1;1.93452;2.34426;3.14598;3.59188;4.08042;4.95454;5.48852;6.21938;7.21733;7.84472;8.65331;9.46953;10.4349;11.3656;11.7703;12.2938;13.1462;13.7225;14.1704;14.9534;15.6196;16.2437;17.0149;17.5417;17.7438;18.6144;19.328;19.8207;20.6596;21.0551;21","15;15.3559;15.7428;15.9228;16.0482;16.3161;16.6289;16.7644;16.8958;16.9597;17.097;16.6582;16.907;16.9713;16.7638;16.0627;15.615;15.3859;14.6573;14.595;14.5135;14.2954;14.1858;14.3891;14.8647;15.2947;15.6615;16.2919;16.5413;16.0136;15.0952;15",0.349629,"0;0.1;0.9"
21.8534,1.00111,0.230835,"1;1.97609;2.97602;3.402;4.13142;4.96811;5.96806;6.96658;7.6485;8.10665;8.84406;9.38305;10.1281;10.7814;11.5936;12.3045;13.1587;13.7937;14.5386;15.3766;16.3027;17.0637;18.0279;18.3806;19.0438;19.9977;20.5141;20.9857;21","15;14.7826;14.794;14.9355;14.3447;14.1915;14.1818;14.2362;14.9676;14.7255;14.9602;14.9685;14.4716;14.385;14.4885;14.6304;14.8173;15.2963;15.3828;15.7247;15.8408;15.5061;15.499;15.4922;15.9002;15.8983;15.9086;15.0267;15",0.346376,"0;0.15;0.85"
22.2473,1.06977,0.246818,"1;1.96145;2.70309;2.87463;3.84971;4.58726;5.28733;6.11109;6.37767;7.07721;7.0031;7.79701;8.27098;9.16612;10.0401;11.0254;11.963;12.8723;13.6216;14.6001;15.5121;16.4736;17.4735;18.0231;18.8583;19.5267;20.0981;21","15;14.725;14.0542;14.0629;13.9684;14.4404;15.0246;15.2004;15.3299;15.6911;16.4784;16.6136;16.7605;16.6045;16.9002;16.7293;16.3814;15.9654;15.5793;15.7696;15.3594;15.0846;15.0659;14.9805;15.0028;14.808;14.7019;15",0.411408,"0;0.2;0.8"
21.5056,1.03905,0.220569,"1;1.91019;2.88366;3.87389;4.74953;5.61428;6.51246;7.4735;8.47348;9.41505;9.82333;10.5078;11.4758;12.2961;12.7171;13.6846;14.3922;15.3757;16.3737;16.8834;17.5408;18.2067;19.0592;19.6731;20.0045;20.8404;21","15;14.5858;14.357;14.2176;14.7005;14.1983;14.6379;14.9144;14.9207;14.7531;14.5565;13.8275;14.0784;13.8627;13.8695;13.777;13.7532;13.5723;13.6364;13.6255;13.5719;14.2124;14.0747;14.5385;14.7445;14.9863;15",0.42519,"0;0.25;0.75"
22.3595,1.05243,0.240936,"1;1.88805;2.6254;3.45048;4.45012;4.70312;5.57017;6.26302;7.03908;7.69363;8.69344;9.55994;10.5532;11.114;11.8881;12.8542;13.414;14.312;15.0615;15.5684;16.3473;17.0693;18.0486;18.8353;19.4345;20.2954;21","15;15.2175;15.7803;16.3453;16.3184;16.491;16.3144;16.1426;15.7977;15.3213;15.3019;15.7404;15.832;15.0811;15.0563;15.1699;15.2871;15.3086;14.7464;13.9704;13.5266;14.2185;14.1863;14.417;14.6529;14.9826;15",0.484385,"0;0.3;0.7"
22.4644,1.09431,0.235709,"1;1.67686;2.57001;3.13858;3.61522;4.53058;4.93959;5.42868;6.01765;6.66443;7.46834;7.9657;8.86057;9.58087;10.1472;11.1345;12.1269;12.7941;13.7374;14.582;15.4683;16.1295;16.7693;17.1265;18.1024;18.4367;19.2494;20.1163;21","15;15.4144;15.0839;15.0427;14.5831;14.7637;14.6025;15.4244;15.2106;14.5831;14.6185;14.8339;14.4341;14.597;14.0098;13.9761;14.0993;13.9566;14.0851;14.5964;14.7581;14.8948;15.6029;15.8774;16.0447;15.9426;15.36;15.3523;15",0.53622,"0;0.35;0.65"
25.5058,1.02102,0.283408,"1;1.99858;2.49014;3.13907;3.89836;4.05115;5.03176;5.90135;6.47381;6.62752;7.52078;8.18728;9.16071;9.90131;10.7916;11.5725;11.8854;12.8273;13.4691;13.7279;13.8319;14.204;14.6029;15.3959;16.1933;16.3298;16.494;17.2737;17.9879;18.8144;19.3611;20.1052;20.7863;21","15;14.9467;14.9268;14.6547;14.1738;14.1495;13.9714;14.1823;14.2943;15.0234;15.2901;15.8584;16.0206;16.0513;15.7991;15.4242;15.3647;15.5238;15.8392;16.3334;17.3118;17.2128;17.1152;16.6463;17.2297;16.4869;15.5005;14.8743;14.1744;13.766;13.981;14.1288;14.2778;15",0.578451,"0;0.4;0.6"
23.4186,1.09997,0.238206,"1;1.05539;1.85354;2.79411;3.17287;3.87503;4.55738;5.27761;6.26351;6.97619;7.88451;8.78808;9.60909;10.2603;10.4719;11.3791;12.0974;12.5373;13.2628;14.1626;14.8277;15.4287;16.0935;16.8074;17.3493;18.0637;18.6829;19.4368;19.7689;20.2126;20.6563;21","15;14.9805;14.479;14.8186;15.0012;14.8847;14.5365;14.2997;14.1563;14.4994;14.5681;14.5371;14.2968;13.7479;13.4852;13.3847;12.9505;12.6389;12.1981;11.7618;11.7025;11.2056;11.0241;11.4342;11.7194;11.9105;12.284;12.606;12.5136;13.4098;14.3059;15",0.626,"0;0.45;0.55"
27.8175,1.2317,0.981405,"1;1.78783;2.02183;2.62136;3.20552;4.0429;4.61019;5.12733;5.83818;6.00456;6.38794;7.38705;8.05042;8.76109;9.68562;10.4509;11.268;12.1737;12.3331;12.3663;12.3016;12.8845;13.882;14.398;14.9489;15.6423;16.5151;17.3209;17.7182;18.2566;19.2195;19.8418;19.9485;20.8065;21","15;15.6159;15.8403;16.1984;16.1946;16.7412;17.1732;17.7234;17.9367;18.9109;19.8345;19.7925;20.2883;20.833;20.9982;20.7197;20.1432;19.7191;18.7319;17.7325;16.7346;15.9221;15.8506;15.9037;15.5889;15.3108;14.902;14.4374;14.2929;14.0215;13.892;13.5684;14.335;14.7537;15",1.10655,"0;0.5;0.5"
22.2478,1.28379,0.234595,"1;1.46666;1.85934;2.84186;3.28114;4.28079;5.05259;5.47055;6.40103;6.90689;7.88097;8.57461;9.51593;10.2695;11.2252;12.0553;12.7896;13.5643;13.7645;14.2028;14.8921;15.6476;16.3483;17.2237;18.1004;18.6385;19.4121;19.968;20.0597;21","15;14.2224;14.136;14.3125;14.1828;14.1566;14.4336;14.5453;14.7915;14.7045;14.9307;15.4828;15.7086;15.8948;15.9831;16.0528;15.8411;15.6749;15.2544;14.6355;14.2663;14.7675;14.9653;14.5787;14.1918;14.5276;14.8927;15.202;15.2697;15",0.811651,"0;0.55;0.45"
20.8546,1.01642,0.219188,"1;1.766;1.98848;2.84195;3.50031;4.4741;5.3013;6.01532;6.91897;7.91885;8.91535;9.9146;10.8272;11.5585;12.4695;13.4655;13.7618;14.599;15.5488;16.1136;16.5357;17.3658;17.9543;18.8143;19.4856;20.1399;20.7141;21","15;14.9804;14.7263;15.1176;15.022;14.8924;15.1512;15.3903;15.5388;15.5541;15.4705;15.4316;15.0228;15.1482;14.9376;14.8481;14.8481;14.6182;14.5108;14.4275;14.3492;14.7936;14.903;14.6742;14.8715;14.6514;15.0772;15",0.697527,"0;0.6;0.4"
24.4559,1.03216,0.256661,"1;1.32885;2.22194;3.1104;4.03575;4.74168;5.55372;6.13637;6.56818;7.53233;8.41255;8.68891;9.35637;10.1046;10.5785;10.3606;10.5483;11.4857;12.1287;13.1247;13.9833;14.4986;15.0186;15.9614;16.6333;17.2819;18.156;18.3399;19.1354;19.3235;20.1682;21","15;14.9769;14.9038;15.1419;15.1722;14.4947;14.0583;13.6072;12.7052;12.4399;12.9144;13.0075;13.4504;13.9804;14.4385;15.1634;16.0092;16.3574;15.5915;15.6806;15.1902;15.2243;15.3435;15.0946;15.1727;14.708;14.8222;14.9213;14.5215;14.7409;14.8998;15",0.760732,"0;0.65;0.35"
22.1201,0.991997,0.228886,"1;1.59775;2.19812;2.93782;3.93619;4.59821;5.27086;6.20276;6.70891;7.03629;7.98621;8.70658;9.55527;10.2303;10.6775;11.5414;12.5157;12.4416;13.0869;14.0857;15.0658;15.9762;16.8039;17.6497;18.5687;19.2708;20.0035;20.2987;21","15;14.9243;15.0958;15.0449;14.9879;14.9324;14.733;14.9877;15.1739;15.1994;15.5119;14.8743;14.6175;14.2675;13.6278;13.6274;13.6664;14.2466;14.6084;14.5589;14.7574;14.5096;14.0426;13.858;13.8537;14.032;14.3091;14.5161;15",0.763063,"0;0.7;0.3"
21.2573,0.977128,0.226227,"1;1.89739;2.87269;3.39414;4.09503;4.75198;5.73705;6.66075;7.08136;7.72166;8.46248;9.45979;10.4591;11.2277;11.9426;12.7429;13.6461;14.4754;15.3038;16.279;16.9574;17.6494;17.8616;18.8301;19.5856;20.1803;20.8691;21","15;14.9987;15.193;15.3665;15.3617;15.4537;15.2815;15.4653;15.8857;15.9009;15.9203;15.8471;15.8094;15.2768;15.2704;15.121;14.7325;14.4037;14.7972;14.857;14.4716;14.8959;15.0763;15.2014;14.5909;14.8325;14.9458;15",0.789403,"0;0.75;0.25"
24.3297,1.05903,0.315476,"1;1.34448;1.98053;2.70188;3.54408;4.33979;4.75906;5.12002;5.64078;6.27834;7.01097;7.79116;8.73512;9.25626;10.2246;11.0123;11.7843;12.2639;13.087;13.8107;13.9506;14.8243;15.2555;15.8102;16.3499;16.8294;17.8064;18.778;19.446;20.0847;21","15;15.0605;15.2301;15.103;15.4978;15.8826;16.7734;17.3379;17.5864;17.0378;16.8216;17.1954;17.5254;16.672;16.9214;17.5376;17.7336;18.1452;17.8892;17.3105;17.0711;16.8653;16.5542;16.1551;15.3132;14.4357;14.2223;14.4589;14.2106;14.6432;15",0.910319,"0;0.8;0.2"
21.9134,1.02139,0.246259,"1;1.99149;2.78757;3.43275;4.16026;4.60871;5.5746;6.55013;7.46464;8.20879;9.04545;10.0321;10.507;10.632;11.5924;12.4958;13.4897;14.3304;15.2374;16.2357;17.0291;17.4971;18.371;19.1205;20.078;20.4784;21","15;14.8698;15.475;15.6138;15.7923;15.9832;15.7243;15.9441;15.5396;16.2076;16.7553;16.5923;15.9892;15.7923;15.6852;16.0324;16.1424;16.6839;16.2627;16.2044;15.5958;15.526;15.5685;15.1999;15.041;14.975;15",0.905121,"0;0.85;0.15"
21.6629,1.05623,0.243053,"1;1.92155;2.64057;3.45682;3.62033;4.51808;5.38448;6.3538;7.14531;7.97004;8.74706;9.7044;10.6826;11.4083;12.0158;12.5847;12.9242;13.9194;14.8079;15.426;15.8421;16.6221;17.201;17.6388;18.2768;19.1172;19.5679;20.4472;21","15;14.6856;15.268;15.8212;15.7881;16.193;16.0221;15.7763;15.8584;16.0038;16.15;16.2421;16.4233;16.1302;16.3351;16.0734;15.9111;16.0087;15.9143;15.3201;15.6344;15.8954;15.9481;16.1677;16.1755;16.1094;15.8454;15.673;15",0.974914,"0;0.9;0.1"
23.4445,1.09676,0.263331,"1;1.73358;2.17212;2.93494;3.59721;4.27876;5.1854;5.97221;6.6293;7.07239;7.96201;8.61667;8.91764;9.44293;10.2038;10.9674;11.3767;11.9872;12.8397;13.602;14.4694;15.152;15.6397;16.4805;17.2019;17.8254;18.7175;19.1286;19.8972;20.3653;21","15;15.2969;15.6762;16.1642;16.6215;16.957;16.8568;16.8331;16.6115;16.4476;16.3284;15.6747;14.9618;15.441;14.9148;14.666;15.5784;15.8211;15.7037;16.1068;16.102;15.9938;15.6741;15.4434;14.8733;14.6944;14.8494;15.0998;15.5035;15.7288;15",1.05509,"0;0.95;0.05"
23.5256,1.05416,0.253007,"1;1.79521;2.62708;3.52278;4.19383;4.87502;5.31374;5.69829;6.69428;7.6495;8.61567;9.38467;10.3828;11.2249;12.088;12.8994;13.7352;14.3553;15.0483;15.8198;16.7698;17.0591;17.4997;18.1224;18.5314;19.4907;20.0058;20.937;21","15;15.2577;15.6462;16.0908;15.7393;15.3068;15.28;14.5061;14.4166;14.1207;14.3786;13.7393;13.6782;14.2142;14.6988;15.0218;15.2402;15.6333;16.2984;16.8521;16.6719;15.9446;15.1943;15.2939;14.9667;14.7515;14.6412;14.6891;15",1.05416,"0;1;0"
22.9323,1.09685,0.231963,"1;1.977;2.66556;3.16167;4.10189;5.07463;5.69895;6.05833;6.69888;7.65832;8.64981;9.59378;10.5343;11.4867;12.4034;13.3504;14.2746;15.2472;16.14;16.5598;17.5315;17.9487;18.4615;19.4021;19.7059;20.0198;20.6035;21","15;15.2132;14.5944;13.8898;13.5493;13.3174;12.9461;12.7224;12.4165;12.2406;12.1103;12.2624;11.9878;11.6828;12.0823;12.4037;12.0219;11.7896;12.1407;12.9396;12.7072;13.2225;13.7509;13.7444;13.7889;13.8277;14.3247;15",1.36698,"0.05;0;0.95"
20.9141,1.07108,0.226474,"1;1.8199;2.27921;2.94228;3.62498;4.62382;5.62265;6.57565;7.45039;8.37535;9.04932;9.89665;10.7355;10.9385;11.7448;12.4166;12.9554;13.9552;14.9403;15.4539;16.161;16.6996;17.308;17.7995;18.6566;19.575;20.4848;21","15;15.5725;15.6816;15.823;15.8401;15.7918;15.7435;15.4405;15.8729;15.6403;15.6157;15.4799;16.0208;15.8359;15.8248;15.646;15.4882;15.5115;15.3399;15.376;15.2061;15.2455;15.2701;15.3845;14.8694;14.8935;14.7966;15",1.30309,"0.05;0.05;0.9"
25.1388,1.079,0.256656,"1;1.91513;2.79368;3.74923;4.18119;4.99918;5.99691;6.90068;7.89648;8.88326;9.45032;10.1502;11.0078;11.0167;12.0124;13.0123;13.9884;14.861;15.7102;16.6757;17.5896;18.5679;19.1118;19.9839;20.6933;20.9823;21.0869;21.0351;21","15;14.5968;15.0381;14.9716;14.9148;15.2825;15.2151;14.7871;14.6954;14.5334;14.461;13.9499;13.5281;13.2983;13.2064;13.2238;13.4408;12.9523;12.4243;12.1639;11.7578;11.5506;10.7115;11.2009;11.6909;12.3294;13.324;14.3226;15",1.583,"0.05;0.1;0.85"
21.8188,1.12931,0.228726,"1;1.75688;2.65273;3.48802;3.9542;4.76888;5.51228;6.11501;7.01608;7.64174;8.13168;8.77278;9.73303;10.4646;11.3927;12.0369;12.4392;13.3113;13.7411;14.5914;15.1741;16.0494;17.0453;17.5426;18.4863;19.2743;19.9243;20.3917;21","15;15.6536;15.5202;15.2222;15.2161;15.6315;15.9226;15.5343;15.188;14.835;14.5564;14.3489;14.3896;13.88;14.2216;14.2426;15.0824;15.0017;14.9423;14.5971;14.6147;14.4653;14.5555;14.5244;14.5069;14.6536;15.0503;15.1061;15",1.44332,"0.05;0.15;0.8"
21.5517,1.00997,0.253558,"1;1.52448;2.42007;2.96288;3.81498;4.70478;5.11424;5.65784;6.57858;7.40773;7.93069;8.89982;9.8901;10.8019;11.5803;12.4732;13.473;14.2541;15.2109;15.9837;16.8174;17.3004;17.993;18.9722;19.7386;19.9922;20.7708;21","15;15.0772;15.4167;15.6305;15.9732;15.9079;16.4295;16.5757;16.5207;16.4306;16.8914;16.6448;16.7839;17.1946;16.5668;16.1166;16.1376;16.215;16.3667;16.6774;16.4587;16.0999;15.624;15.421;15.259;15.1115;14.9684;15",1.46975,"0.05;0.2;0.75"
21.3403,1.05821,0.229425,"1;1.9548;2.27974;2.97868;3.29698;4.25609;5.17324;5.80623;6.65435;7.56053;8.45879;9.31621;9.74026;10.4832;11.1477;12.1205;12.8987;13.5385;14.2247;15.1652;16.1651;17.0012;17.7976;18.5678;19.5424;20.3038;21","15;15.2973;15.6149;15.3433;14.8651;15.1481;14.9697;15.4575;15.7186;15.5526;15.4481;15.5642;15.7458;15.4932;15.4349;15.2032;15.8312;15.4901;15.3626;15.3903;15.4051;15.5621;15.5878;15.5399;15.5179;15.4151;15",1.49217,"0.05;0.25;0.7"
21.5583,1.0154,0.235458,"1;1.91435;2.91395;3.87847;4.87777;5.87375;6.81318;7.74199;8.70232;9.41631;10.0666;10.5374;11.4156;11.9832;12.9088;13.8428;14.8102;15.688;16.5576;17.5375;18.2743;18.8816;19.7397;20.6557;21","15;15.4049;15.3766;15.6406;15.6032;15.5136;15.6334;15.9351;16.2139;16.4644;16.1667;15.9461;15.5627;15.446;15.2853;14.9429;15.1958;15.6749;16.0562;16.1919;15.7557;14.9612;14.4478;14.8491;15",1.53558,"0.05;0.3;0.65"
24.9794,1.09629,0.256812,"1;1.98012;2.78059;3.65498;4.65457;5.57481;6.39432;7.16542;7.87626;8.46294;8.91565;9.64258;9.9717;10.9334;11.4204;11.9051;12.432;12.9096;13.7525;14.6134;15.5558;16.5406;17.4608;18.2076;18.8618;19.3659;19.9076;20.1825;20.8294;21","15;14.8016;15.401;15.8862;15.8576;15.8854;15.6416;15.0049;14.3015;13.4917;12.6001;11.9133;11.8921;11.6652;11.4652;11.33;10.8486;10.612;10.3153;9.80648;10.1408;10.3143;10.7059;11.3709;11.9004;12.5971;13.3909;13.7484;14.2115;15",1.78676,"0.05;0.35;0.6"
21.8466,1.19323,0.233616,"1;1.64535;2.64105;3.38192;4.19301;5.18781;6.18436;6.95013;7.91287;8.80206;9.80169;10.3713;11.0489;11.9815;12.8197;13.2928;14.2927;15.2523;15.9897;16.4256;17.2638;17.8378;18.0916;18.6886;19.5816;19.9905;20.7146;21","15;14.2361;14.2174;14.1614;13.7844;13.6826;13.7656;14.4087;14.6791;15.1367;15.1094;15.7182;15.7863;15.9125;15.8422;15.7022;15.6913;15.9727;16.215;16.0236;16.2165;15.6946;15.4842;15.5137;15.0636;15.1202;15.3341;15",1.69811,"0.05;0.4;0.55"
23.2079,1.05404,0.260252,"1;1.98326;2.62299;2.69849;3.69848;4.69832;5.67407;6.07848;6.36361;7.14768;7.87305;8.59982;9.43762;10.1299;11.0985;12.0511;13.045;13.9443;14.8952;15.6703;16.208;17.1353;17.6512;18.1729;19.0538;19.7855;20.6493;21","15;14.8178;14.2054;14.1189;14.1141;14.0962;14.3151;15.0658;15.0915;15.0911;15.7394;16.2536;16.6863;16.9561;17.2047;16.9004;16.7903;16.353;16.6624;16.0305;15.1874;14.8131;14.2197;13.7808;13.8183;14.405;14.5478;15",1.76484,"0.05;0.45;0.5"
27.0137,1.09536,0.660115,"1;1.96149;2.59211;3.35318;3.73004;3.94318;4.53342;5.11259;5.97572;6.62139;7.39982;8.00948;8.71366;9.14537;9.78935;10.5134;11.3854;12.2081;12.5811;13.1731;13.661;14.1193;14.648;15.2552;15.813;16.4208;17.0089;17.7022;18.5379;19.2924;19.6279;19.8173;19.9078;20.3135;21","15;15.2748;15.681;15.7869;15.8066;16.6422;16.8512;17.3972;17.751;18.4362;17.8594;18.0454;17.8269;17.7683;17.0032;16.3135;16.8031;17.2012;17.8054;18.4457;18.6695;19.2185;19.659;19.9613;20.4404;19.7956;19.1159;18.7351;18.782;18.6037;17.8749;16.9251;16.1939;15.5807;15",2.19541,"0.05;0.5;0.45"
21.8322,0.978934,0.23889,"1;1.97601;2.82739;3.7352;4.5872;5.58405;6.47843;7.11215;7.67545;8.53984;9.08594;10.0056;10.7037;11.4923;12.3084;13.3083;14.0446;14.5176;15.064;15.7152;16.5937;17.5936;17.8472;18.5156;19.1368;19.9529;20.486;21","15;15.0398;14.7818;14.7984;14.7694;14.8376;14.9639;14.9709;15.1032;15.1659;15.2004;15.5932;16.3091;16.8786;16.6088;16.6216;16.5427;16.4198;16.2943;15.5354;15.0577;15.0446;14.73;14.1869;14.5913;14.5588;14.5287;15",1.72558,"0.05;0.55;0.4"
20.9144,1.08263,0.225426,"1;1.81474;2.80423;3.65351;4.06007;4.59831;5.40693;6.40171;6.97936;7.71818;8.14418;9.14297;10.0604;11.0569;11.9687;12.5882;13.4895;14.2554;14.8425;15.7671;16.4144;17.3225;18.0479;19.0417;20.0354;21","15;14.4202;14.2755;14.5304;14.5159;15.0724;15.1325;15.0304;15.1609;15.4228;15.574;15.5248;15.9227;15.8386;15.6913;15.8252;15.8965;16.0472;15.8504;15.8749;15.8284;15.8528;15.3314;15.2198;15.1083;15",1.7742,"0.05;0.6;0.35"
22.5106,1.3753,0.255023,"1;1.33497;1.7998;1.84644;2.79468;3.78514;4.78315;5.35434;5.93968;6.55491;7.15012;8.12812;9.00176;9.82401;10.3635;11.2747;12.0427;12.9411;13.6197;14.265;15.1002;15.5177;15.9967;16.6758;17.4665;18.4233;19.1335;19.6708;20.4406;21","15;15.1718;15.6003;16.5992;16.9167;17.0546;16.9916;16.4983;16.2087;16.1157;15.7869;15.5783;15.9159;15.3468;15.6779;15.9091;15.8447;15.6469;15.62;15.6679;15.209;15.1741;15;15.5541;15.7847;15.5006;15.1555;15.0589;15.1383;15",2.09598,"0.05;0.65;0.3"
21.8798,1.02608,0.228209,"1;1.91551;2.68109;3.52531;4.07957;4.72363;5.72363;6.5771;7.56652;8.55129;9.1849;9.91541;10.0505;10.6201;11.5088;12.4683;13.189;13.9045;14.7576;15.5605;15.8517;16.6843;17.353;18.1603;19.1084;20.0917;21","15;14.5977;14.6199;14.8888;14.8781;15.021;15.0197;15.5408;15.6859;15.5121;15.2191;14.8124;14.3496;13.7477;13.492;13.7738;14.0113;14.3796;13.8579;14.4541;14.5591;14.7251;15.1573;15.2501;14.9449;15.1271;15",1.8693,"0.05;0.7;0.25"
22.7812,0.990403,0.383149,"1;1.69562;1.99668;2.73828;3.49583;4.32909;5.14686;5.52972;6.45322;7.17703;7.72018;8.49006;9.41434;10.2855;10.5361;11.0044;11.8013;12.6824;13.124;14.1234;15.005;15.2477;16.163;16.8504;17.5086;18.413;19.186;20.0066;20.2225;20.8168;21","15;14.9439;14.9186;15.1424;15.3903;15.3455;15.7209;15.7112;15.6557;16.019;16.3278;16.8834;17.0668;17.27;17.9038;18.408;18.6758;18.5149;18.9554;18.9885;18.5165;18.4395;18.3573;17.6392;17.55;17.1233;16.4889;15.9174;15.6886;15.0352;15",1.95849,"0.05;0.75;0.2"
24.4568,1.14662,0.377736,"1;1.17472;1.55088;1.83189;2.64124;3.42433;3.67532;4.61063;5.26837;6.10887;6.98223;7.35448;8.23321;8.33095;8.95358;9.59467;10.2651;10.9033;11.7794;12.5854;13.5808;14.1348;14.5668;15.0118;15.1799;15.9513;16.6295;17.3079;17.9461;18.6692;19.2816;20.1564;20.9339;21","15;14.9448;14.7679;14.4451;15.0324;15.6543;15.4437;15.7841;15.8901;16.0193;16.3711;17.1319;17.3418;17.9211;18.2021;18.0757;18.3925;18.2342;18.6876;18.8302;18.9256;18.093;17.5913;16.7813;16.5098;15.8734;15.6261;15.3481;14.6118;14.1586;14.1956;14.3176;14.9465;15",2.1968,"0.05;0.8;0.15"
22.0723,1.06006,0.230912,"1;1.90564;2.27236;3.0153;3.48844;4.3831;5.35484;6.35102;7.05096;7.94885;8.09445;8.95836;9.82466;10.4788;11.4733;12.4717;13.4709;14.4638;15.3968;15.8099;16.6548;17.4907;18.3713;18.8644;18.9534;19.7855;20.0164;20.9823;21","15;15.0987;15.0437;14.4575;15.2856;15.7324;15.4963;15.5837;15.8026;15.6761;15.6508;15.1471;14.6476;13.8912;13.996;14.0518;14.0923;14.2114;13.8516;13.8652;13.8169;13.8883;14.3442;14.8748;14.8915;15.3277;15.2639;15.0048;15",2.02776,"0.05;0.85;0.1"
21.5464,1.06148,0.255021,"1;1.84678;2.34646;3.16922;3.50351;4.49276;5.45778;6.36528;6.98216;7.77652;8.57202;9.5708;10.4061;11.2749;12.0164;12.6462;13.4761;14.046;14.804;15.0058;15.6119;15.8656;16.6395;17.2152;18.0035;18.424;19.4201;19.9819;20.9566;21","15;15.5319;15.5956;15.6109;15.855;16.0013;15.7391;16.1592;16.2493;16.2483;16.8119;16.7625;16.9675;17.0566;16.8958;17.028;16.6794;16.6859;17.0874;17.0114;16.2327;16.2219;16.2339;15.7367;15.313;15.2278;15.1397;15.0102;14.9324;15",2.04541,"0.05;0.9;0.05"
25.6143,1.09396,0.924571,"1;1.99799;2.99595;3.30197;3.97072;4.29306;4.44923;4.82273;5.4859;5.67087;6.37556;7.2911;8.11286;8.28809;9.18178;9.99809;10.8689;11.6083;12.4754;13.3405;13.5629;14.4372;14.5625;14.7229;15.2565;15.8522;16.7435;17.3235;17.7804;18.0939;18.4954;18.9189;19.5348;20.2616;20.9885;21","15;15.0634;15.1272;15.6151;16.266;16.7438;17.0865;18.0141;18.4119;18.5439;19.2534;19.6556;20.2254;20.3205;20.0392;19.6413;19.5892;19.2801;19.5882;19.907;20.1697;20.4527;19.8877;19.3329;18.7639;18.338;18.3434;18.1542;17.7402;17.0426;16.4457;16.4371;16.3845;15.6977;15.0109;15",2.31998,"0.05;0.95;0"
20.9849,0.982067,0.214554,"1;1.88941;2.80578;3.74787;4.48335;5.42512;6.20313;7.13186;8.07848;8.82845;9.69032;10.6754;11.6583;12.6519;13.6497;14.59;15.5156;16.2327;17.0988;17.6434;18.0997;18.7149;19.2036;19.7821;20.2221;20.7734;21","15;14.8991;14.6397;14.6237;14.4665;14.3357;13.9648;13.594;13.6318;13.3711;13.2418;13.0696;13.2534;13.3667;13.3005;13.6408;14.0195;14.2572;14.5721;14.5074;14.327;14.5026;14.4499;14.5506;15.1182;14.8714;15",2.29158,"0.1;0;0.9"
21.862,0.996907,0.224002,"1;2;2.43686;3.19349;3.72555;4.44969;5.1146;5.89453;6.67506;6.90652;7.64239;8.15704;8.76154;9.30108;10.2204;10.5388;11.3414;12.0533;12.7575;13.1741;13.5911;14.5888;15.1832;15.8766;16.1829;16.5528;17.5312;18.5073;19.192;20.1837;21","15;15;14.9771;14.7775;14.6942;14.4124;13.7837;13.9233;13.8946;13.3238;13.4527;13.6575;13.7988;13.9174;13.837;13.8658;14.3691;14.385;14.2889;14.5438;14.5004;14.5677;14.1743;13.9433;13.5302;13.6296;13.8366;14.0538;14.7827;14.6539;15",2.42645,"0.1;0.05;0.85"
23.6601,1.00094,0.257399,"1;1.97201;2.22466;3.18954;4.18038;4.92275;5.60682;6.6007;7.03858;7.68849;8.18266;8.95368;9.26402;10.0545;10.2976;10.6351;10.9079;11.4687;12.1959;12.6666;13.0346;13.7388;14.5664;15.5275;16.2667;16.8533;17.8448;18.5505;19.0351;19.8216;20.3387;21","15;14.9948;15.0399;14.8881;14.753;15.3467;15.647;15.644;15.2991;14.7395;14.6022;14.2204;13.8629;13.6267;13.9341;14.4421;14.956;15.147;15.3167;16.1482;16.6023;16.872;16.3108;16.587;15.9609;15.4755;15.6053;15.632;15.647;15.5198;14.6638;15",2.67203,"0.1;0.1;0.8"
23.4377,1.17123,0.271683,"1;1.7243;2.51809;3.08441;3.99816;4.88419;5.76067;6.61859;7.51031;8.49837;9.36746;10.2576;10.9538;11.8611;12.1113;12.5539;13.2036;13.5448;14.0272;14.8766;15.7741;16.3588;17.0766;17.6906;18.4813;19.1191;20.073;20.9093;21.1118;21","15;15.6848;16.0946;16.4115;16.4282;16.0367;15.6698;15.956;16.4086;16.5627;16.5229;16.6281;16.6086;16.8749;15.9579;15.8042;15.6481;15.412;15.3808;15.3901;15.2991;15.8157;15.999;16.0784;16.4756;16.5059;16.7865;16.4035;15.528;15",2.72322,"0.1;0.15;0.75"
21.3179,0.986561,0.249302,"1;1.99976;2.99976;3.90151;4.88182;5.19004;5.93153;6.0393;6.31479;7.12353;7.93477;8.52349;9.51945;10.5014;11.4421;12.4159;13.36;13.7634;14.3653;15.1559;16.0528;16.9534;17.7363;18.5422;19.2156;20.1771;21","15;15.0219;15.0207;15.453;15.6505;15.7411;16.155;16.4242;16.636;16.8043;16.6763;17.2984;17.2086;17.0196;16.6804;16.453;16.1233;16.2735;16.2874;16.1401;15.6977;15.2632;15.1662;15.0678;15.2217;15.3747;15",2.50362,"0.1;0.2;0.7"
23.3147,1.01284,0.292619,"1;1.97744;2.82327;3.82271;4.82163;5.38748;6.17963;7.05998;7.68138;8.40328;9.33731;9.96299;10.6294;11.547;12.1926;12.7547;13.5684;14.3739;15.3044;16.2524;17.2143;17.9064;18.8021;19.6258;20.3128;20.5455;21","15;15.2112;15.7447;15.7783;15.8248;15.8393;15.9814;16.3422;16.6786;16.7743;16.7888;17.3635;17.496;17.5735;17.4102;16.5831;16.0017;16.5942;16.8176;16.6301;16.3564;17.0781;16.9762;17.3374;16.6107;15.6381;15",2.77488,"0.1;0.25;0.65"
20.9617,1.02543,0.230384,"1;1.94656;2.7932;3.3245;4.27972;4.80963;5.80721;6.7688;7.03626;7.63909;8.3266;9.23;10.0081;10.8096;11.7785;12.6869;13.5446;14.5361;15.5253;16.5179;17.5104;18.503;19.3366;19.9049;20.6819;21","15;15.3225;15.5819;16.1195;16.1235;16.1282;16.0586;15.7841;15.5572;15.1662;15.4908;15.8152;15.9843;15.8822;16.0225;15.8999;15.6864;15.8167;15.6702;15.5487;15.4272;15.3057;15.5521;15.1717;15.0332;15",2.54203,"0.1;0.3;0.6"
22.4288,1.01744,0.229626,"1;1.97857;2.88187;3.23712;3.85843;4.43316;5.1953;6.07971;6.79549;7.56455;8.30545;9.04079;9.61671;10.5496;11.3227;11.7075;12.582;12.7456;13.6973;14.1339;14.8966;15.333;15.6731;16.6169;17.4259;18.3377;18.9375;19.7959;20.7396;21","15;14.7941;14.3938;14.4307;14.0103;13.9554;14.2558;14.0061;14.1695;14.1902;14.2667;14.5342;13.9959;13.8581;13.6566;13.1209;12.7064;12.3357;12.6429;12.8199;13.1256;13.6263;13.9382;14.2478;14.8357;15.2463;14.846;14.8955;14.6312;15",2.72528,"0.1;0.35;0.55"
22.7329,1.05848,0.28506,"1;1.96074;2.90008;3.55235;4.11763;5.03776;5.47377;6.16529;6.55147;7.29597;7.73896;8.33346;9.01512;9.03903;9.99236;10.9657;11.9588;12.9293;13.7523;14.7475;15.4418;16.294;16.9392;17.8467;18.1268;18.5711;19.1131;19.9865;20.8642;21","15;15.2775;14.9345;15.6925;16.2022;16.537;16.5324;17.2084;17.2746;17.0908;17.1603;17.5933;17.3144;17.2898;17.5917;17.3626;17.2447;17.0037;16.4357;16.3377;16.7167;16.6386;16.347;16.0054;15.1976;14.8856;14.4044;14.4467;14.9259;15",2.83922,"0.1;0.4;0.5"
21.9394,1.00552,0.250325,"1;1.95637;2.77022;3.62276;4.59847;5.03671;5.87182;6.68683;7.20757;8.18056;9.17578;9.94497;10.6453;10.9981;11.8739;12.175;13.0258;13.5377;14.1632;14.7135;15.4178;15.9607;16.8905;17.6421;18.4253;18.7313;19.3735;20.3734;21","15;15.2922;15.4864;15.4468;15.4717;15.4877;16.0363;16.0276;16.802;17.0329;16.9352;16.3994;16.0847;16.0119;15.8212;15.5924;15.4187;15.3021;15.3619;15.4625;16.1127;16.6686;16.3007;16.1714;15.8626;15.707;15.5449;15.5296;15",2.75907,"0.1;0.45;0.45"
22.575,1.01868,0.252112,"1;2;2.8386;3.50672;4.17286;4.74266;5.39058;6.14807;6.94587;7.7952;7.91164;8.41764;9.40238;10.2368;11.0188;11.4498;12.1148;13.0627;13.7213;14.7198;15.6955;16.4564;17.4291;18.3674;19.3617;20.0495;20.4342;21","15;15;15.5447;15.816;16.1126;15.9123;15.6605;15.7531;16.2837;16.593;16.6402;16.6957;16.7357;16.6773;16.8671;16.8049;16.4696;16.1509;15.3984;15.3437;15.1244;14.4756;14.7077;14.3619;14.2552;13.5293;14.2762;15",2.86768,"0.1;0.5;0.4"
21.2534,0.974743,0.225682,"1;1.96032;2.90718;3.89192;4.89191;5.74047;6.71413;7.50129;8.39238;9.37979;10.2332;10.679;11.1532;12.152;12.798;13.7726;14.7594;15.6494;16.339;17.2395;17.86;18.8598;19.3171;20.1754;21","15;14.9795;14.9902;15.0233;15.0219;15.551;15.323;14.7063;15.1601;15.0019;14.9067;14.736;14.5093;14.5591;15.3224;15.5466;15.385;15.3528;15.4439;15.4083;15.7244;15.7033;15.7666;15.4455;15",2.74044,"0.1;0.55;0.35"
21.6494,1.13242,0.280445,"1;1.73321;2.3575;2.57392;3.56293;4.41237;4.47802;5.4669;6.35019;7.00478;7.38188;8.12513;9.05988;9.73992;10.7014;11.571;12.1867;12.6949;13.6368;14.5786;15.3645;15.9025;16.4759;17.0495;17.8285;18.7599;19.6685;20.2942;21","15;15.5103;16.1131;16.2339;16.3817;16.9094;16.959;16.9489;17.0512;17.0396;17.0247;16.9371;16.9507;17.0502;17.0665;17.1385;17.5019;17.9631;17.6271;17.291;16.7207;16.1092;15.9763;15.827;15.5644;15.2583;15.0136;15.019;15",2.92853,"0.1;0.6;0.3"
26.1227,1.07792,0.412554,"1;1.85682;2.83504;3.79598;4.79429;5.72529;6.41552;7.11082;7.97949;8.59913;9.40201;10.1446;10.944;11.5839;12.5583;13.5055;13.949;14.329;14.7549;15.7031;16.5773;17.4103;18.2577;18.9437;19.7084;20.373;21.2712;21.3461;21.4062;21.163;21","15;14.4844;14.2768;14.0001;14.0581;14.1994;13.6825;14.3359;14.7609;15.5458;15.7959;16.3393;16.7209;17.1717;16.9469;17.2677;17.9572;18.089;18.6188;18.9366;18.4511;18.0759;18.5776;18.6886;18.1473;18.2453;17.8057;17.3262;16.6201;15.6502;15",3.41606,"0.1;0.65;0.25"
21.9721,1.08188,0.247481,"1;1.80522;2.78173;3.74265;4.66636;5.61129;6.46812;7.004;7.30851;8.30545;9.1275;9.8425;10.5041;11.3278;11.5026;12.2735;12.6958;13.619;14.4014;15.2181;15.8676;16.3055;16.9659;17.6877;18.1601;18.9219;19.2293;20.1761;20.2777;21","15;15.5569;15.7675;15.4907;15.1076;15.1622;15.6654;16.0228;16.2253;16.3035;16.467;16.8547;16.8968;16.5585;16.4549;15.9245;16.2333;16.3099;15.8503;15.448;15.4196;15.1159;15.386;16.0137;15.9526;15.6943;15.593;15.6046;15.5739;15",3.00403,"0.1;0.7;0.2"
22.9252,1.08043,0.251444,"1;1.88903;2.88794;3.81037;4.63041;4.75708;5.74394;6.69075;7.60168;8.59667;9.59166;10.5357;11.3458;12.0156;12.5427;13.2225;14.2055;15.1177;15.4003;16.3621;17.2703;18.2015;18.5134;19.3533;20.0274;20.804;21","15;15.4579;15.5045;15.1184;14.7031;13.7244;13.5628;13.241;13.6536;13.7536;13.8535;14.1835;14.7697;15.0747;15.9092;16.4525;16.2689;16.6493;16.6708;16.8513;16.6203;16.4758;16.2848;15.8971;15.4443;15.3628;15",3.14056,"0.1;0.75;0.15"
24.6677,1.0442,0.664397,"1;1.3701;2.3532;3.11442;3.89661;4.62093;4.9722;5.52845;6.09775;6.77971;7.47983;7.78407;8.53646;9.31827;10.2841;11.2275;11.926;12.7928;13.4622;14.15;14.874;15.4178;15.5068;16.3449;17.1702;17.7092;18.4883;19.3778;19.8577;20.5439;20.9412;21","15;14.9241;15.0151;15.3043;15.5632;16.0362;16.9199;17.5988;18.1448;18.4965;18.8892;19.0263;19.4149;19.4688;19.7281;19.3965;19.7913;19.9576;19.2147;18.999;18.8513;18.7139;17.7286;17.8354;18.2176;17.6478;17.0209;16.5639;16.4938;15.9481;15.1073;15",3.36857,"0.1;0.8;0.1"
22.0938,1.11862,0.251698,"1;1.9545;2.41749;3.21837;4.12077;4.30855;5.15527;5.85466;6.6995;7.46365;8.39291;8.71633;9.43053;10.2192;11.2074;12.1056;12.5109;12.9357;13.4091;14.2258;15.2153;16.2153;17.214;18.0303;18.9559;19.4204;20.2294;21","15;15.2982;16.1846;16.1523;15.7994;15.9037;16.4357;16.4469;16.4596;16.5001;16.5891;16.4559;17.1003;16.6681;16.5152;16.3546;16.3015;15.7557;15.5509;15.0981;15.2427;15.2444;15.1934;15.2423;15.6075;15.1961;14.7199;15",3.17279,"0.1;0.85;0.05"
22.2355,1.03653,0.242426,"1;1.99557;2.7345;3.60176;4.17427;4.98723;5.77037;6.13815;6.96291;7.76603;8.70344;9.70096;10.5295;11.4882;12.2549;13.2505;13.5723;14.5427;15.0984;16.0984;17.0789;17.9246;18.2614;19.1789;19.5703;20.2649;20.6992;21","15;15.094;15.7678;15.6359;15.2785;14.9694;14.8794;14.4372;14.9246;15.5204;15.8686;15.7982;15.5426;15.4797;15.6169;15.5236;15.6195;15.677;15.9905;15.9839;15.7871;15.9632;15.9648;15.6517;16.1631;16.2206;15.5986;15",3.15643,"0.1;0.9;0"
22.5929,1.11377,0.334876,"1;1.64771;2.6004;3.57448;4.56613;5.47292;6.44321;7.40169;8.06274;8.93061;9.37811;10.0259;10.4955;10.8568;11.6694;11.941;12.7441;13.464;14.3882;15.2184;15.6125;16.3431;16.9322;17.7394;18.0724;18.9179;19.898;20.6097;21","15;15.5781;15.5041;15.7303;15.8592;16.2808;16.5228;16.8079;17.0318;16.5494;16.8402;17.2555;17.7917;17.8862;18.0639;18.0504;18.5632;18.5812;18.3646;18.2265;17.6569;17.4475;17.3016;16.8978;15.9549;15.4209;15.2228;15.219;15",3.67357,"0.15;0;0.85"
23.4751,1.31846,0.33333,"1;1.32845;2.02998;2.92705;3.63673;4.16865;4.59951;5.51532;6.24736;7.2303;7.94432;8.81339;9.77642;10.6039;11.3116;12.0602;12.9765;13.461;14.2459;15.0191;15.8444;16.5185;16.8608;17.6869;17.8944;18.7333;19.4811;20.3337;20.9916;21.0642;21","15;15.4951;16.1827;16.6245;17.3291;17.4758;17.5993;17.5616;17.7608;17.5768;17.4762;17.3219;17.5097;17.8393;17.2952;17.5032;17.4324;17.4831;17.5368;17.0273;16.7654;16.4191;16.3844;16.5465;16.6566;16.6887;17.2853;16.8987;16.2532;15.4769;15",3.85386,"0.15;0.05;0.8"
24.0061,1.00877,0.282075,"1;1.99615;2.99614;3.30291;4.15487;4.90958;5.53386;6.30714;7.12471;7.33514;8.144;8.46619;9.19331;9.67633;10.4838;10.948;11.7374;12.4706;13.4088;13.1255;13.7438;14.3564;15.158;15.6423;16.3512;17.2161;17.9525;18.8426;19.1929;19.9824;20.1863;21","15;15.0877;15.0831;15.2717;15.6784;15.6597;15.4253;15.5186;15.7418;16.219;16.5476;15.8248;15.8741;16.4619;16.2032;16.9435;17.1316;17.7983;17.6923;16.7333;16.4477;15.8946;15.7571;15.492;15.3766;15.5526;14.9476;14.8734;14.8215;15.0336;15.0059;15",3.91335,"0.15;0.1;0.75"
21.6577,1.05353,0.233078,"1;1.89179;2.75729;3.41267;4.07369;4.77937;5.65136;5.97508;6.67051;7.33099;7.9621;8.61804;9.41218;10.4097;11.3056;11.8071;12.4387;13.0299;13.75;14.5455;15.3906;16.1246;16.8118;17.1996;18.1385;18.9485;19.3216;20.0421;20.5658;21","15;15.3802;15.8702;15.4212;15.2283;15.2349;15.4227;15.521;15.6377;15.7161;16.1893;16.0109;15.8786;15.9488;15.8737;15.6794;16.0013;15.6593;15.4237;15.0019;15.0967;14.9461;14.5924;14.4918;14.6771;14.7544;14.5442;14.2731;14.238;15",3.56984,"0.15;0.15;0.7"
22.1782,1.12847,0.291702,"1;1.77347;2.06843;2.8815;3.12319;3.90597;4.81245;5.49691;6.45746;7.26762;7.75065;8.57797;9.43452;10.316;10.4489;10.7797;11.7699;12.7697;13.2267;13.7882;14.509;15.4545;16.3977;17.0207;17.248;18.1952;19.0472;19.9139;20.7951;21","15;15.6338;15.7431;16.1776;16.2151;16.3809;16.2041;16.6729;16.951;17.3232;17.6414;17.8469;17.3698;17.2748;17.2597;17.2949;17.1549;17.1338;17.1964;16.6963;17.1546;17.1056;17.4347;16.709;16.2705;15.9497;15.4263;15.393;15.103;15",3.74202,"0.15;0.2;0.65"
22.7917,1.05882,0.248603,"1;1.9045;2.36274;2.9988;3.6257;4.29731;5.00375;5.39525;6.31847;7.2983;8.16034;9.14974;10.1465;11.0904;11.6732;12.5229;13.1089;13.7885;14.3236;15.0045;15.5502;16.0943;16.7447;17.5767;18.4405;19.1141;19.8291;20.5269;21.0448;21","15;15.4265;15.1368;15.037;15.4195;15.4085;15.131;15.5197;15.1355;14.9356;15.4425;15.2973;15.378;15.0478;15.3956;15.1705;15.1296;15.3651;15.3455;15.9452;15.922;15.9698;15.7356;16.2133;15.9234;16.0937;16.6522;16.4067;15.7415;15",3.83262,"0.15;0.25;0.6"
22.4443,0.991346,0.233427,"1;1.99927;2.9928;3.56152;4.27868;4.89788;5.88031;6.45902;7.4431;7.51773;8.48639;9.01897;9.93827;10.7846;11.6992;12.0023;12.7221;12.9808;13.9469;14.8085;15.061;15.862;16.5863;17.2003;17.904;18.2319;18.4268;19.3614;20.0162;21","15;15.0383;15.1519;15.5512;15.6008;15.3546;15.3426;14.965;14.7873;14.7657;14.7085;14.6154;14.4699;14.3085;14.4551;14.4274;14.2428;13.5299;13.756;13.7676;14.4981;14.2521;14.5738;14.9166;15.229;14.5818;14.3495;14.545;15.1213;15",3.79243,"0.15;0.3;0.55"
22.5516,1.0646,0.238226,"1;1.90691;2.8905;3.83067;4.48452;5.26929;6.24607;7.24435;8.01753;8.58015;9.48289;10.4509;11.0176;11.4218;12.0923;13.0903;14.0895;14.9499;15.1926;16.0518;16.9893;17.3544;17.9433;18.6252;19.5183;20.206;21","15;14.5787;14.3983;14.0576;13.3009;13.9182;14.1325;14.1912;14.8253;15.6521;16.0822;16.3331;15.8722;15.599;15.563;15.4999;15.4605;15.1242;15.1557;15.3656;15.0365;14.8028;14.1817;14.6103;14.9869;14.7615;15",3.87447,"0.15;0.35;0.5"
21.6955,0.993654,0.236181,"1;1.99459;2.90815;3.49049;4.24783;4.63686;5.44279;6.12117;7.07394;7.80769;8.40037;9.2178;10.0622;10.2934;11.0678;11.4568;12.2027;12.9066;13.6853;14.6645;15.6105;16.3966;17.2452;17.9596;18.3739;18.9907;19.5898;20.3744;20.6141;21","15;14.8961;14.4894;14.3883;14.1615;13.9823;13.5577;13.7085;14.0122;14.3955;14.6557;14.8475;14.9501;15.0426;15.4389;15.8183;16.0134;15.8163;15.9134;16.1167;15.7926;16.4106;16.4016;16.4808;16.5362;16.3782;16.216;15.8525;15.5492;15",3.75807,"0.15;0.4;0.45"
21.3092,0.973124,0.243927,"1;1.99115;2.99113;3.50186;4.09334;4.95661;5.86576;6.65945;7.41873;8.26862;9.20551;9.76588;10.7524;11.7031;12.4876;13.3254;14.0706;14.9371;15.1727;15.9914;16.5652;17.4872;17.9562;18.818;19.6978;20.2366;21","15;15.1327;15.1258;15.072;15.1893;15.059;14.6953;14.8652;15.1151;14.9755;15.1798;15.4165;15.5802;15.8903;16.4109;16.9171;17.2005;17.3556;17.3967;17.0451;16.6059;16.3068;16.0128;15.5681;15.5563;15.5465;15",3.73186,"0.15;0.45;0.4"
22.4525,1.1765,0.260616,"1;1.74131;2.44609;2.78403;3.48378;4.25001;4.97571;5.97338;6.6852;7.56611;7.95227;8.48236;9.40842;10.3125;11.2868;12.2239;13.1255;14.0301;14.6044;15.1461;16.0768;16.9089;17.0981;17.6313;18.1806;18.8713;19.6569;20.3713;21","15;14.3288;14.2136;14.5227;15.0322;15.6204;16.0945;16.0264;15.6628;15.5561;15.6348;16.34;16.5976;16.8817;17.0054;16.9451;16.9361;16.8784;16.9412;16.5512;16.6389;16.1746;16.0702;15.7655;15.4503;14.8456;15.1013;15.5168;15",4.04735,"0.15;0.5;0.35"
21.5708,1.01473,0.237924,"1;1.99169;2.91921;3.54498;4.48954;5.4415;6.44003;7.14629;7.82729;8.31209;9.24181;10.0519;10.824;11.0734;11.9457;12.9439;13.906;14.9004;15.6076;16.0325;16.9209;17.7758;18.3408;19.1063;20.0105;20.9148;21","15;15.1287;14.7549;15.477;15.5386;15.8448;15.7906;15.7883;15.8883;16.0383;16.0858;15.8097;15.1742;15.0557;15.5446;15.4846;15.7573;15.6511;16.3581;16.5204;16.3067;16.1325;15.9236;15.8942;15.4672;15.0402;15",3.8651,"0.15;0.55;0.3"
24.8396,1.0617,0.255608,"1;1.91567;2.67381;3.29912;4.09876;4.93982;5.81318;6.2703;6.74503;7.41756;7.88765;8.60002;9.20606;9.68005;10.6056;11.5729;12.5415;13.5232;14.1256;14.8983;15.4472;16.4204;17.2436;17.6665;18.4205;18.9387;19.1328;20.1307;20.3578;20.5848;20.8118;21","15;15.114;15.5929;15.694;16.0968;15.8026;15.5788;15.5944;14.9476;14.2774;14.0409;13.6977;13.4119;13.21;12.8314;12.5778;12.8267;12.6363;12.4529;12.0093;11.4045;11.4453;11.6578;11.6635;11.3568;11.3505;11.2064;11.2713;12.2452;13.2191;14.193;15",4.42686,"0.15;0.6;0.25"
21.4296,0.980698,0.222802,"1;1.97091;2.84587;3.84567;4.84459;5.7466;6.38107;6.83449;7.67564;8.12873;8.87086;9.74772;10.5818;11.3859;12.2783;13.2766;14.2658;15.1859;16.1444;16.6544;17.0729;17.7798;18.7218;19.5496;19.9213;20.6642;21","15;15.001;15.2604;15.2405;15.1941;15.3448;15.396;15.2581;15.5438;15.5229;14.8691;14.527;14.3676;13.9802;13.7952;13.8531;13.9999;14.3916;14.2808;13.9977;13.5294;13.8531;14.1886;14.7099;15.1457;15.0811;15",3.89646,"0.15;0.65;0.2"
21.3802,0.988203,0.222942,"1;2;2.87124;3.73289;4.56305;5.1718;6.0822;6.81983;7.01321;7.73083;8.52901;9.23235;9.98785;10.3777;10.9637;11.8696;12.3882;13.1376;14.0343;14.841;15.5095;16.448;16.6716;17.5204;18.2152;19.0007;19.9086;20.8089;21","15;15;15.4033;15.2144;15.1654;14.8873;14.7624;14.7092;14.6759;14.1479;13.9368;14.0059;13.7128;13.672;13.5571;13.9115;13.9332;14.1229;14.3603;14.3631;14.5349;14.7645;15.2779;15.2719;15.2746;15.7435;15.5363;15.4008;15",3.93221,"0.15;0.7;0.15"
22.7537,1.13376,0.241656,"1;1.79114;2.16469;2.91818;3.76609;4.18111;4.99133;5.68114;6.4062;6.95566;7.72557;8.25987;9.0264;9.75598;10.6294;11.2356;12.1854;12.7518;13.5793;14.236;15.1472;15.774;16.4786;17.4745;18.443;19.3301;19.9369;20.5891;21","15;15.6094;15.7462;15.891;15.9836;15.3719;14.9714;15.4174;14.994;14.5138;14.5442;14.9996;14.8361;14.8614;15.2826;15.1203;14.9608;15.7364;15.9976;15.979;15.6907;15.0902;14.5868;14.6778;14.4289;13.9673;14.2506;14.8112;15",4.28755,"0.15;0.75;0.1"
22.6196,1.04315,0.280025,"1;1.81756;2.17706;3.14795;4.14714;5.14438;6.06369;7.0634;7.85814;8.51516;8.8992;9.44733;10.2441;11.1471;12.0152;12.8825;13.5813;14.0985;14.6407;15.5566;16.1962;17.136;17.8129;18.3719;19.0657;19.5445;19.9249;20.2628;21","15;14.5742;14.4037;14.2797;14.3201;14.2459;14.6395;14.6636;15.2706;15.4021;15.9019;15.9855;16.4325;16.6544;17.1508;17.6487;17.8078;17.7805;17.7864;17.3851;16.7189;16.824;16.9967;16.8213;17.08;16.5927;15.8833;15.313;15",4.24146,"0.15;0.8;0.05"
23.6163,1.22,0.523896,"1;1.26784;2.14611;2.45358;3.08518;3.75424;4.13991;4.9326;5.31571;5.83313;6.59508;7.36138;8.35732;9.3025;10.2977;11.2568;12.251;12.7679;13.7011;14.5535;15.4419;15.5652;16.5134;16.8775;17.484;18.3859;18.5117;18.5814;19.2225;19.6739;20.5624;21","15;15.3771;15.7332;16.0849;16.2836;16.6394;16.8006;17.0666;17.6217;18.2563;18.8156;19.4581;19.368;19.0414;19.1391;18.8558;18.749;18.0716;18.2792;18.2127;18.2814;18.2656;18.1023;17.848;17.5615;17.5989;17.7101;17.5244;16.8064;16.0276;15.6272;15",4.57945,"0.15;0.85;0"
22.9093,1.25266,0.272318,"1;1.6199;2.4356;3.25973;4.23251;5.18017;5.95211;6.28285;7.0238;7.85693;8.28792;9.03964;9.57141;10.3339;11.1762;11.7481;12.0763;12.755;13.7218;14.6029;15.1605;15.9705;16.8179;17.2926;18.1348;18.6564;19.3932;19.695;20.2329;20.9649;21","15;15.7548;16.2615;16.8279;16.5961;16.2768;16.0939;16.2281;16.1789;15.8282;15.5772;15.5834;15.4771;15.2357;15.3353;16.1237;16.4442;16.1191;16.2079;16.3203;16.6795;17.0292;16.8287;16.8262;17.3653;17.1635;16.6327;16.5045;15.7139;15.0327;15",4.79971,"0.2;0;0.8"
24.9187,1.03829,0.388839,"1;1.97104;2.86352;3.85016;4.28051;5.02542;5.71095;6.21512;7.05531;7.85164;8.17668;8.63949;9.02331;8.93993;9.36745;9.99088;10.6926;11.5554;12.0498;12.5547;13.3917;14.1531;15.0832;15.8451;16.2774;17.2688;18.0463;18.3457;18.9267;19.7767;19.8287;20.0496;21","15;15.2389;15.69;15.5271;15.8;16.0595;15.9128;15.6858;15.4366;15.5351;16.3088;16.6574;17.148;17.9808;18.3318;18.6519;18.8741;18.4287;18.3965;18.0621;18.1002;17.6399;17.9803;17.4613;17.8892;18.0185;17.3895;17.088;16.3994;15.997;15.2737;14.7878;15",5.32728,"0.2;0.05;0.75"
21.6538,1.52112,0.24951,"1;1.3029;2.25661;3.21383;3.84758;4.35064;4.83688;5.58603;5.89236;6.70278;7.62995;8.35745;9.05157;9.57542;10.1835;10.5762;11.1309;11.8099;12.5706;12.8528;13.8491;14.2416;14.4163;15.3645;15.9075;16.8241;17.4389;18.2497;19.0169;19.7844;20.2529;21","15;15.953;16.2537;16.4222;16.5889;16.6891;16.8523;16.7783;16.7623;16.8612;16.8468;16.6506;16.4804;16.6992;16.4091;16.2915;15.8941;15.6742;15.9721;15.705;15.6188;15.324;15.4141;15.4055;15.4592;15.1518;15.0141;15.0918;15.3083;15.2272;15.3579;15",4.65753,"0.2;0.1;0.7"
23.643,0.993585,0.30013,"1;1.95503;2.43162;3.42366;4.21098;5.0266;5.39916;6.2082;6.96168;7.47733;8.47556;9.37979;10.1259;10.6863;11.529;12.3489;12.7361;13.4846;14.2085;15.097;15.4844;16.3658;17.0608;17.293;18.0506;17.9885;18.5242;19.1831;20.1566;21","15;15.0458;15.0009;14.8863;14.8012;14.9929;15.3581;15.3072;15.868;16.7027;16.7621;16.6491;16.107;15.9954;15.8402;16.1778;17.0998;17.2659;17.8573;18.2878;18.0759;17.7327;17.4108;17.2319;16.6164;15.7841;15.3171;15.0705;15.0197;15",5.07272,"0.2;0.15;0.65"
26.083,1.11214,1.11398,"1;2;2.62368;3.37367;4.08527;4.6746;5.37104;5.86796;6.51684;7.13007;7.77792;8.255;8.95949;9.38582;9.42361;9.88012;10.7802;11.1663;11.8326;12.5888;13.4008;14.3528;15.1044;15.8396;16.8101;17.407;17.593;18.0468;18.4805;18.8783;19.035;19.623;20.3633;21","15;15;15.6674;16.2541;16.9567;17.3498;17.8543;17.8947;18.3806;18.3033;18.9901;19.3853;19.9847;20.706;21.5111;20.9162;20.6554;20.138;19.815;19.801;19.4693;19.3009;18.8359;18.8953;18.7864;18.2044;17.6754;17.1841;16.6967;15.9224;15.5949;15.142;14.6394;15",6.10742,"0.2;0.2;0.6"
23.3908,1.01283,0.391357,"1;1.97932;2.91198;3.90916;4.72059;5.60742;6.16192;6.40707;7.36844;8.19904;8.93693;9.20927;9.9177;10.4553;11.089;11.6366;12.1988;12.7958;13.3738;14.1403;14.7127;15.5065;15.9671;16.7858;17.626;18.5191;19.3796;20.0426;20.7199;21","15;15.2023;14.8416;14.7666;14.9282;14.8119;15.611;15.7592;15.8127;15.4786;15.9771;16.7279;16.8693;17.2703;17.6789;18.3723;18.6008;18.9696;19.0268;19.1502;18.9926;18.5169;18.366;18.1105;17.6366;17.1868;16.6773;15.9287;15.193;15",5.14661,"0.2;0.25;0.55"
22.1811,1.00449,0.250032,"1;1.9568;2.91899;3.46738;4.05537;4.76;5.66505;5.95208;6.84737;7.5661;8.3645;9.36095;9.66128;10.2538;11.1564;11.964;12.7038;13.5914;14.5345;14.9208;15.8368;16.149;17.0551;18.0169;18.6925;19.1049;19.9221;20.4943;20.7745;21","15;15.2907;15.0184;15.0086;14.9406;14.8296;14.579;14.4877;14.6623;15.0205;14.4978;14.5821;15.1625;15.8114;16.1754;16.5628;16.8801;16.9885;16.8941;16.6122;16.3651;16.2821;16.3605;16.4509;16.1444;15.7573;16.1088;15.5331;15.2596;15",4.86259,"0.2;0.3;0.5"
24.2944,1.01476,0.471822,"1;1.99998;2.33106;3.16697;3.77346;4.21918;5.09226;6.01514;6.72991;7.08463;7.8994;8.73939;9.48865;9.77006;10.6283;11.033;11.6953;12.2852;12.9629;13.9012;14.3047;14.9814;15.333;15.7365;16.4089;16.8606;17.4034;18.0709;18.6976;19.4362;20.1503;21","15;15.0068;15.1807;15.7293;15.8886;15.9904;16.0061;16.2035;16.4356;16.5007;16.1429;15.7771;15.9245;16.0035;16.5168;17.0187;17.7489;18.2882;18.7488;19.0608;19.9751;19.9525;19.0558;18.5411;18.1809;17.7829;17.0711;16.5546;16.1726;15.8197;15.1215;15",5.42636,"0.2;0.35;0.45"
23.7625,1.15451,0.240737,"1;1.9216;2.32756;3.21638;3.38182;4.24188;4.7004;5.57778;6.52966;7.35002;8.28304;9.22182;10.016;10.4465;11.4078;12.3897;13.3828;14.0394;14.5166;15.2851;16.0459;16.7283;17.7243;18.0607;18.714;19.6741;20.0744;20.4747;20.8478;21","15;15.3881;14.5945;14.5133;14.5394;14.2738;14.3323;13.9193;13.6128;13.3535;13.0545;12.71;12.2615;11.9308;11.6553;11.466;11.5834;11.9179;12.1191;12.6237;12.1048;12.4684;12.3794;12.3274;12.1175;11.9646;12.881;13.7974;14.5197;15",5.3106,"0.2;0.4;0.4"
21.324,0.991067,0.222095,"1;2;2.83076;2.94295;3.91578;4.84038;5.79158;6.2553;7.14009;7.60763;8.41287;9.08862;9.47701;10.4247;11.3621;12.1582;12.9743;13.9742;14.876;15.6851;16.4375;17.3161;18.0149;18.3951;19.1959;19.8683;20.4177;21","15;15;15.2912;15.3329;15.5645;15.2125;14.9326;15.169;15.2612;15.6069;15.2373;15.3212;15.3326;15.0134;14.8111;14.5079;14.1953;14.1799;13.7604;13.9304;13.6728;13.9814;13.727;13.6053;13.9584;14.1049;14.4109;15",4.78852,"0.2;0.45;0.35"
23.666,1.06023,0.239887,"1;1.94978;2.46698;3.22293;3.62716;4.41654;4.97801;5.55633;6.03424;6.64983;7.2409;7.012;7.2962;8.0376;8.44799;8.91547;9.46278;10.3416;11.021;11.7483;12.5398;12.8499;13.7504;14.5728;15.3464;16.0212;16.3894;16.9119;17.7581;18.2821;19.1698;19.529;20.2108;21","15;14.9306;14.7562;14.102;14.229;13.7844;13.7421;13.6117;13.1803;12.6757;12.3221;11.6007;11.0859;10.8147;10.9081;11.3673;11.7133;11.8129;11.5817;12.1026;12.4434;13.0185;13.3809;13.753;13.8862;13.903;13.7679;13.5961;13.6122;13.8355;14.2455;14.4001;14.4987;15",5.33528,"0.2;0.5;0.3"
21.1612,1.03993,0.23618,"1;1.11807;2.05163;2.35873;3.35857;3.83046;4.76354;5.45282;6.2989;7.15368;7.87457;8.84996;9.64418;10.0286;10.7953;11.6776;12.2447;13.1734;14.1166;14.9268;15.8901;16.5613;17.5246;18.4981;19.2081;20.0074;20.2973;21","15;15.0855;15.1497;15.584;15.6022;15.8101;15.7024;15.5011;15.7191;15.6872;15.5814;15.4128;15.5532;15.8577;15.7958;16.0243;16.0832;16.2383;16.43;16.5061;16.7177;16.2361;15.9679;15.7389;15.1203;15.3066;15.3641;15",4.86325,"0.2;0.55;0.25"
22.2536,1.2821,0.270101,"1;1.58115;2.11144;2.53803;2.91465;3.53635;4.37124;5.34834;6.30477;7.01588;7.72975;8.60775;9.47657;9.84427;10.703;11.1954;12.111;12.717;13.7141;14.6791;15.4979;16.3044;16.8718;17.6715;18.4393;19.0062;19.8556;20.6386;21","15;14.1862;14.3038;14.673;14.9673;15.1016;15.5252;15.475;15.4213;15.7778;16.1443;16.0036;16.058;16.0093;16.2519;16.478;16.3717;16.9521;17.029;17.2912;17.8653;17.5334;17.2441;16.9724;16.6103;16.1462;15.6185;15.208;15",5.27401,"0.2;0.6;0.2"
22.4858,1.05008,0.349423,"1;1.97486;2.80794;3.70548;4.08654;4.87717;5.82075;6.50198;7.47809;8.02913;8.60122;9.42993;10.3421;11.0968;11.7271;12.5171;13.2024;14.1538;14.7914;15.1628;15.7769;16.4412;17.0992;17.8278;18.7634;19.6384;20.5135;21","15;14.7772;15.3303;15.7633;16.3319;16.8974;17.2202;17.5557;17.773;17.7951;17.8361;17.9665;18.2906;18.447;18.6712;18.0582;17.6813;17.8439;18.0343;17.7029;16.9859;17.2732;17.1018;16.5904;16.2371;15.7531;15.2691;15",5.23213,"0.2;0.65;0.15"
21.395,1.00592,0.232851,"1;1.93645;2.92827;3.89995;4.68229;5.61457;6.2569;7.03623;8.03544;8.51797;9.49568;10.1563;10.813;11.6744;11.8804;12.5879;13.1452;14.0935;15.0492;15.6943;16.4756;16.9972;17.7207;18.346;18.7794;19.777;20.7745;21","15;15.3508;15.4785;15.441;15.3457;15.0192;14.9585;14.4433;14.4831;14.7653;14.8122;14.7958;15;15.508;15.8944;16.0533;16.3383;16.6554;16.3611;16.4063;16.2857;15.9591;15.3929;15.0284;14.8446;14.9144;14.9842;15",5.00643,"0.2;0.7;0.1"
22.3119,1.07737,0.230026,"1;1.87608;2.61511;3.58765;3.76518;4.56196;4.89608;5.29413;5.88602;6.69815;7.04044;8.00161;8.42803;9.41556;10.4126;11.3762;12.0371;12.6137;13.4274;14.0956;14.8975;15.5344;15.7982;16.5097;17.3292;18.1617;18.8777;19.855;20.8549;21","15;14.6024;14.0175;13.944;13.8745;13.3582;13.2839;13.3216;12.5786;12.2267;12.2508;12.247;12.2338;12.2022;12.1247;12.3918;13.1423;13.3063;13.7321;13.9329;14.4421;14.8335;15.1568;15.7736;15.9089;15.6125;15.4602;15.2483;15.2366;15",5.28191,"0.2;0.75;0.05"
22.5759,1.04988,0.252551,"1;1.30611;2.23811;2.89928;3.16657;3.853;4.1942;4.80539;5.46071;5.81061;6.62924;7.41558;8.26826;9.04503;9.97079;10.8312;11.0778;11.8182;12.631;13.5159;13.9248;14.904;15.3012;15.9781;16.5318;16.9744;17.4595;18.3043;19.0008;19.6384;20.2173;21","15;14.8557;14.7979;14.2688;14.1502;13.7811;13.6717;14.1359;14.3568;14.6734;14.6686;14.8482;15.3706;15.8473;16.0995;16.3561;16.4274;17.0273;17.1549;17.078;16.6647;16.5541;16.5526;16.1713;15.4472;15.0877;14.8437;15.1078;15.5755;15.492;14.8642;15",5.35508,"0.2;0.8;0"
23.7602,1.06356,0.241898,"1;1.51714;2.22267;2.74578;3.17422;3.80242;4.4384;5.36342;5.44658;6.40424;6.79658;7.69002;8.66336;9.12496;9.61021;10.6093;11.4503;11.9184;12.448;13.3102;14.0446;14.4869;15.1025;15.788;16.7181;17.5416;18.4307;19.2454;20.0871;20.3881;21.2443;20.9533;21","15;14.7955;14.6379;14.2257;14.0712;13.6317;13.8369;13.4605;13.4172;13.5863;13.4455;13.7355;13.6402;14.0612;13.3653;13.3232;13.8642;14.5132;14.6668;14.9565;14.3587;14.2012;13.5858;13.1232;13.3766;13.3061;13.3759;13.6219;13.4086;13.7513;14.2347;14.8911;15",6.12149,"0.25;0;0.75"
21.7214,1.01374,0.224588,"1;1.94576;2.94561;3.85189;4.7603;5.7338;6.60216;7.59962;8.50716;9.50661;10.4291;11.2807;12.1824;13.1816;14.1739;14.9469;15.8997;16.7656;17.5977;18.5952;19.3439;20.2235;21","15;14.6751;14.6922;15.1149;14.6968;14.4681;13.9722;14.0434;13.6234;13.5902;13.9761;14.5004;14.0681;14.028;14.1513;14.7857;14.4821;14.9824;15.537;15.4657;14.8028;14.693;15",5.63826,"0.25;0.05;0.7"
22.4633,1.02712,0.252954,"1;1.99959;2.73349;3.73274;4.72493;5.52037;5.94836;6.80519;7.3554;8.21789;9.2119;10.1721;11.0962;11.7776;12.7774;13.0688;13.7702;14.7121;15.1665;15.7993;16.4221;16.9104;17.6052;18.3926;19.1933;19.832;20.6733;21.0954;21","15;15.0285;15.7078;15.6691;15.7938;15.5258;15.9571;15.9168;15.9725;16.4648;16.5741;16.2946;15.9125;15.1806;15.161;16.1176;16.225;16.4838;16.4894;16.5958;16.4826;16.2388;16.2295;15.8322;15.3341;14.9958;15.0167;14.9095;15",5.88296,"0.25;0.1;0.65"
21.7354,1.05557,0.237131,"1;1.65973;2.50605;3.37564;4.37554;5.35956;6.26915;7.26807;7.80513;8.30193;9.19534;10.163;11.1451;12.0355;12.9203;13.159;13.8404;14.3352;15.3351;16.3075;17.1902;17.6498;18.5496;18.9701;19.6282;19.737;20.6306;21","15;15.4115;15.2471;14.7533;14.7673;14.9454;15.0781;15.0551;14.859;14.8475;14.7074;14.9595;14.7709;15.2261;15.6156;16.0591;16.3186;16.2782;16.2897;16.0561;16.0688;16.1176;16.3907;16.3379;16.1643;15.8645;15.8264;15",5.73447,"0.25;0.15;0.6"
21.9933,0.995555,0.237678,"1;1.99157;2.92398;3.91188;4.70711;5.70624;6.70536;7.43968;8.11026;9.01181;9.57221;10.1262;11.029;11.8953;12.8266;13.8001;14.3034;14.6558;15.2765;15.8975;16.8217;17.4613;18.1292;18.7553;19.565;19.8615;20.7524;21","15;15.1296;14.7682;14.9232;14.3169;14.3588;14.4007;14.6212;14.8471;15.0382;15.1183;15.3028;15.6807;15.7933;15.526;15.3926;15.6764;16.0934;16.5658;16.6541;16.6251;16.0493;15.3455;15.3485;14.7623;14.4194;14.8737;15",5.82817,"0.25;0.2;0.55"
23.4323,1.02836,0.245127,"1;1.83009;2.53155;3.313;3.70081;4.61049;5.50162;5.76047;6.46164;7.07024;7.95069;8.61329;8.83868;9.44404;10.3857;11.2958;12.1767;12.7898;13.494;13.7564;14.67;15.52;15.8193;16.3341;17.2712;18.0142;18.5806;19.5531;20.1437;20.2433;21","15;15.0127;14.7847;14.3116;14.2176;14.4789;14.222;14.7213;15.393;15.6346;15.4204;14.8028;14.6727;15.4533;15.4703;15.6422;15.7653;15.6798;15.2808;15.2661;14.9953;14.4962;14.4565;13.9155;14.0039;13.4914;13.3569;13.2801;13.8736;14.8528;15",6.23773,"0.25;0.25;0.5"
24.2547,1.04776,0.246969,"1;1.6635;2.29409;2.75978;3.7164;4.71543;4.94823;5.54385;6.05962;6.84627;7.63074;8.44932;9.4353;10.434;11.3659;12.1933;12.9992;13.8541;13.9726;14.9364;15.8203;16.8202;17.5536;18.4343;19.1645;19.9122;20.6987;20.7982;20.8977;20.9063;21","15;14.7893;14.9378;14.8837;15.1751;15.1311;14.9888;14.2081;14.3748;14.5405;14.5207;14.0104;13.8435;13.8934;13.5306;13.1264;12.6005;12.1966;12.2252;11.9588;11.491;11.507;11.9882;11.8115;11.9875;12.1785;11.9877;12.9828;13.9778;14.6227;15",6.48915,"0.25;0.3;0.45"
22.515,0.99594,0.234783,"1;1.61689;1.99936;2.93263;3.27348;3.62644;4.57529;5.50865;6.04443;6.65265;7.27046;8.04503;8.84145;9.26055;10.1958;10.8266;11.4838;12.0997;12.8941;13.2865;13.979;14.8777;15.5242;16.3885;17.0949;18.0761;18.8749;19.653;20.4401;21","15;14.9809;14.9641;14.8501;14.9945;15.1456;15.0838;14.7265;14.5631;14.6402;14.8617;15.4941;16.0989;16.1445;15.8003;15.1064;14.556;13.9852;13.5167;13.3388;13.2357;13.1056;13.3117;13.0974;13.701;13.5485;14.1121;14.6416;15.2585;15",6.07123,"0.25;0.35;0.4"
22.1313,1.03369,0.231166,"1;1.59142;2.21863;2.85841;3.85112;4.25448;5.03247;5.89095;6.36374;7.02051;7.96864;8.7151;9.41232;10.236;11.1451;12.0924;13.0663;13.6821;14.3521;15.0715;15.7776;16.1987;16.9657;17.8387;18.6456;19.5496;20.3737;21.2073;21","15;15.3084;15.3658;15.4856;15.3652;15.2099;14.7056;14.7084;14.684;14.8011;14.9187;14.9518;14.6175;15.1847;15.6011;15.2805;15.0537;14.9253;14.6809;14.1338;13.6368;13.5493;13.6198;13.789;14.1426;14.5684;14.957;15.3735;15",6.02722,"0.25;0.4;0.35"
24.1628,1.68643,0.406403,"1;1.3229;2.00735;2.08768;2.6678;3.00981;3.5334;4.44501;5.34992;6.05495;6.97634;7.51964;8.20489;9.02629;9.81447;10.6763;11.1005;11.7187;12.3062;13.1009;13.8891;14.7743;15.5133;16.3105;17.2553;18.0565;18.9519;19.1363;19.9693;20.6748;21.343;21","15;15.8054;16.4853;17.1162;17.529;17.793;18.342;18.7531;18.3275;18.4634;18.75;18.4797;18.377;18.0398;17.8086;18.3082;18.0541;17.6463;17.53;17.1158;17.059;16.7795;16.4396;16.156;16.0136;15.9228;16.1445;16.0499;16.2902;16.0995;15.5124;15",6.92152,"0.25;0.45;0.3"
23.6879,1.02367,0.374466,"1;2;2.97632;3.39989;3.96689;4.40893;5.28651;5.58107;6.18739;6.68889;7.02121;7.2392;8.17271;9.12952;10.129;10.9357;11.5936;12.5359;13.4352;14.3821;15.3116;15.97;16.8264;17.7614;18.6493;19.0724;19.6038;20.0563;21","15;14.997;15.2133;15.3611;15.0452;15.4629;15.879;16.6686;16.85;17.1922;17.5646;17.8861;18.1801;18.4708;18.5034;19.0943;18.3411;18.0064;17.5692;17.2476;16.8786;16.7547;16.4547;16.8094;17.2694;16.3634;15.7827;15.209;15",6.52743,"0.25;0.5;0.25"
21.6746,1.09292,0.24464,"1;1.1201;1.62194;2.00912;2.56528;3.14831;3.91881;4.91115;5.9105;6.50401;7.20688;7.87741;8.56938;9.07347;9.83043;9.92181;10.8651;11.82;12.3339;12.7764;13.5003;14.4921;14.6166;15.5298;16.2634;17.2214;17.8305;18.5123;19.3375;19.9222;20.3602;21","15;15.0675;15.3791;15.63;15.9234;16.1009;16.6746;16.551;16.515;16.0993;16.4653;16.1854;16.1296;16.3224;16.4151;16.4447;16.7766;16.4798;16.1564;15.9835;15.6105;15.4827;15.3357;14.9983;14.9756;14.8427;14.3797;14.411;14.6456;14.502;14.965;15",6.06869,"0.25;0.55;0.2"
21.3089,1.0316,0.224042,"1;1.91406;2.83338;3.83122;4.20186;5.0677;5.90463;6.37797;7.14823;8.03524;8.82365;9.41109;10.3147;10.7804;11.5049;12.2161;13.0985;14.0212;14.3576;14.7296;15.7211;16.5443;17.2319;17.6791;18.4223;19.1769;19.8373;20.1781;21","15;14.5944;14.2009;14.1353;14.0311;13.8244;14.0809;14.1208;14.675;14.5267;14.7135;14.6541;14.6042;14.3377;14.8909;15.4339;15.6382;15.6045;15.868;15.8184;15.6888;15.3509;15.4447;15.2729;15.2637;15.1799;15.3635;15.4704;15",5.9798,"0.25;0.6;0.15"
21.4057,1.08838,0.233863,"1;1.58952;2.26926;3.09418;3.25188;3.62261;4.6136;5.21617;6.14994;7.00029;7.77729;8.25474;9.03091;10.0015;10.1561;10.486;11.4596;12.4567;13.1607;14.0555;14.9365;15.7514;16.7507;17.6897;18.1532;18.7407;19.7132;20.6704;21","15;15.1947;15.7212;16.208;16.3959;16.6854;16.5515;15.7534;15.3956;15.5597;15.6769;15.6536;15.9884;16.0415;15.9523;15.9794;15.7512;15.6755;15.4684;15.0749;15.0874;14.7916;14.8298;14.8529;14.8885;14.7382;14.6112;14.9004;15",6.08227,"0.25;0.65;0.1"
27.2781,1.39697,1.63067,"1;1.55902;1.99895;2.30027;2.72743;3.46759;3.90357;3.54608;3.39525;3.88144;4.36009;5.24899;5.89743;6.54199;6.82847;7.617;8.51714;9.35885;10.1185;11.0239;11.3709;12.2168;12.9649;13.6046;14.2462;14.7625;15.4215;16.1872;17.0721;17.5298;17.8344;18.3905;19.1639;19.7069;20.2625;21.1194;21","15;15.2576;15.8213;16.2689;16.6309;17.1429;18.0039;18.2025;19.0381;19.3423;19.943;20.3034;20.4885;20.5825;20.914;21.4764;21.0408;20.938;20.7065;20.5005;20.6916;20.5932;20.4764;19.9801;19.2509;18.8471;18.3375;18.4511;18.49;17.7111;16.9827;16.8724;16.6835;16.3811;16.4566;15.9411;15",7.87894,"0.25;0.7;0.05"
21.3056,1.09266,0.235057,"1;1.52241;1.82727;2.62212;3.62211;4.61984;5.55712;6.55706;7.51665;8.29008;8.87905;9.38897;10.3552;10.888;11.3856;12.264;13.1722;13.7481;14.6847;15.1874;15.991;16.9775;17.9421;18.4912;19.08;19.9594;20.9521;21","15;15.2153;15.5618;16.1686;16.1729;16.1055;15.7569;15.746;15.6738;15.465;15.6517;15.8059;16.0637;16.0021;16.0276;15.9744;15.8259;15.8591;15.766;15.7417;15.74;15.6894;15.6791;14.8889;15.4421;15.1265;15.0058;15",6.1459,"0.25;0.75;0"
21.5113,1.11039,0.23291,"1;1.80555;2.70277;3.50725;4.38133;5.13332;5.2866;6.28056;7.26975;8.21168;9.02389;10.016;10.9589;11.7785;12.5536;13.5326;13.5392;14.0807;14.7795;14.956;15.8626;16.6205;17.461;17.6954;18.6953;19.6871;20.6734;21","15;15.5925;16.0341;15.9675;15.5935;15.3574;15.0344;15.1441;15.2908;15.6266;16.21;16.3355;16.0024;15.661;15.4615;15.6232;15.634;15.5756;14.9552;15.0142;14.6305;14.7265;15.1169;15.0379;15.0264;15.1544;14.9895;15",6.61642,"0.3;0;0.7"
22.5707,0.995907,0.324883,"1;1.99897;2.90662;3.68642;3.92988;4.71798;5.44944;6.44332;7.16202;8.05028;9.00951;9.94814;10.6704;11.5659;11.9977;12.7441;13.4868;14.3347;14.7663;15.7571;16.6632;17.6368;18.3479;18.6467;19.2831;19.679;19.825;20.1937;21","15;15.0453;15.465;15.4174;15.5982;15.3313;15.5566;15.6671;16.3624;16.7999;17.0427;17.0938;17.1429;17.2744;17.35;17.5517;18.089;18.0077;17.8406;17.9758;18.3989;18.1707;17.7582;17.4145;16.992;16.3213;15.9558;15.1826;15",7.03217,"0.3;0.05;0.65"
25.4789,1.03586,0.504326,"1;1.89821;2.70027;3.43029;4.28223;4.92601;5.35406;6.34869;7.30194;8.21411;9.08602;9.68183;10.56;11.5373;12.5327;13.1358;13.78;13.9686;14.6332;14.9831;15.5607;15.8454;16.7351;17.1321;17.9042;18.664;19.0248;19.8307;20.0125;20.2774;20.9761;21.1393;20.7539;21","15;15.4396;15.5453;15.6409;15.5554;15.3225;15.2427;15.3462;15.044;15.4538;15.7082;15.9999;15.962;16.1738;16.2687;16.6839;17.3174;17.3586;18.0235;18.8548;19.3313;19.8653;19.7999;19.4331;19.0754;19.0247;18.9027;18.359;18.2969;17.4614;16.9441;16.0308;15.2698;15",8.04984,"0.3;0.1;0.6"
21.7915,1.02507,0.26521,"1;1.27998;2.0996;2.96078;3.61141;4.45073;5.37772;5.9285;6.7087;7.34782;7.93652;8.87724;9.38193;9.99845;10.4157;10.738;11.4242;12.3559;13.3452;14.3019;15.2487;16.2461;16.9859;17.66;18.4162;18.5331;19.2639;19.9889;20.3851;21","15;15.2016;15.3192;15.4678;15.6277;15.5865;15.4138;15.4281;15.4574;15.4731;15.6339;15.8858;15.8761;15.9323;16.4006;16.7854;17.2779;17.4216;17.5676;17.2768;16.955;16.8826;17.0438;16.9636;16.3269;16.0683;15.5354;15.8197;15.4452;15",6.83709,"0.3;0.15;0.55"
23.1271,1.1104,0.278676,"1;1.78436;2.78384;3.78332;4.77719;5.32205;6.17258;7.16075;8.15974;9.15803;9.70619;10.6019;11.2284;11.6454;12.5868;13.4272;14.3473;15.3344;16.221;16.7638;17.6729;18.4698;19.213;19.9415;20.39;21.2221;21.3638;21","15;14.3797;14.412;14.4442;14.5547;15.3933;15.9192;16.0726;16.0276;16.0862;16.1866;16.3022;16.6406;16.898;17.1881;17.7301;17.3385;17.1784;16.8429;16.6933;16.4809;16.5197;16.1806;16.346;16.4148;16.0138;15.1088;15",7.29956,"0.3;0.2;0.5"
21.6776,0.986483,0.238235,"1;1.99785;2.97366;3.81366;4.80654;5.8059;6.80527;7.77329;8.40308;9.18526;9.37051;10.2787;10.9927;11.5179;12.2037;12.8466;13.3692;14.0805;14.9911;15.2827;15.9992;16.7754;17.5474;18.2427;18.8908;19.3244;19.9417;20.4475;21","15;14.9344;15.153;15.6956;15.5765;15.5409;15.5054;15.2545;15.2935;14.8913;15.0296;15.0636;15.601;15.8904;15.9845;15.8281;15.9287;16.1601;16.2292;16.7501;16.3754;15.871;16.1901;16.0297;15.5597;15.3886;14.9706;14.8467;15",6.85711,"0.3;0.25;0.45"
23.8069,1.27618,0.251379,"1;1.80164;2.43696;2.75076;3.73911;4.72904;5.36464;6.11747;7.02969;7.79665;8.61438;9.50924;9.70666;10.6778;10.721;11.0665;11.7436;12.0508;12.8596;13.6877;14.5084;14.9255;15.8373;16.7925;17.6142;17.7536;18.6436;19.4005;19.7543;20.284;20.871;21","15;14.4022;13.6299;12.6805;12.5282;12.3867;12.5342;12.734;13.0652;13.6841;13.9573;14.0702;13.9171;14.1555;14.2492;14.6751;14.7777;15.5886;15.9405;16.2232;16.3329;16.3402;16.0014;16.2975;15.7989;15.6286;15.1754;14.9123;14.3749;14.2345;14.7921;15",7.62548,"0.3;0.3;0.4"
21.6571,1.04372,0.224389,"1;1.54599;2.24113;2.86597;3.6857;4.52226;5.44631;6.30225;7.27857;8.18931;8.82026;9.5874;10.5084;11.3168;11.8495;12.4709;13.1393;13.808;14.3098;14.8071;15.6114;16.4205;17.281;18.1051;18.7849;19.4787;20.2533;21","15;14.7911;14.3618;14.3207;14.6844;14.8345;14.85;14.3329;14.5492;14.8498;15.0245;15.3333;15.1636;15.4485;15.1699;14.8498;14.5495;14.0685;13.6574;13.8146;13.9327;13.9476;14.2355;14.5366;14.2002;14.9159;14.8657;15",6.94098,"0.3;0.35;0.35"
21.27,1.02207,0.221037,"1;1.42885;2.04386;2.91315;3.81704;4.62275;5.57129;5.79059;6.74813;7.42295;8.07247;8.67543;9.58628;10.1765;10.583;11.3209;12.1529;12.797;13.5915;14.1744;15.105;16.0933;16.8575;17.8428;18.4185;19.3789;20.3246;21","15;15.0618;14.6665;14.756;14.7262;14.37;14.1787;13.7417;14.03;14.1653;14.2511;14.2778;14.6905;14.881;14.8332;14.6132;14.5929;14.6539;14.6323;14.8148;14.449;14.6019;15.2468;15.0755;15.4284;15.5574;15.2323;15",6.85613,"0.3;0.4;0.3"
21.8425,1.00001,0.248894,"1;1.90257;2.73675;3.26665;4.17962;4.72845;5.42619;5.73461;6.72953;7.67171;7.84567;8.81513;9.37323;9.96717;10.3799;11.0627;11.847;12.847;13.7583;14.6777;15.6529;16.554;17.1082;18.01;18.8416;19.7581;20.7385;21","15;15.1508;15.4871;15.5282;15.5529;15.1866;15.1141;15.526;15.6266;15.9617;16.0274;16.0915;16.1245;16.2644;16.2448;16.5695;17.1899;17.1973;16.8028;16.4356;16.2141;15.9585;15.61;15.178;14.6226;14.2225;14.4194;15",7.06498,"0.3;0.45;0.25"
24.7699,1.0618,0.546793,"1;1.97311;2.7368;3.60285;4.54399;5.33121;6.25169;7.00772;7.45645;8.16521;9.11613;9.55151;9.86334;10.2115;10.9652;11.9356;12.4719;13.166;13.8556;14.7277;14.9407;15.3386;15.9655;16.7272;17.5765;18.3653;18.8431;19.7138;20.0527;20.1985;20.6271;21","15;15.2303;15.8759;16.3759;16.7139;17.3306;16.9398;16.8159;16.807;16.7307;17.0401;17.7486;18.2126;18.591;18.7522;18.8465;18.8798;19.2796;18.9673;18.6421;18.8751;18.7677;19.5381;19.1648;18.9851;18.9482;18.1888;17.8046;17.06;16.6126;15.7296;15",8.07123,"0.3;0.5;0.2"
24.0568,1.04236,0.49285,"1;1.95855;2.51539;3.06782;3.40775;4.1064;5.0619;5.89437;6.5759;6.89782;7.61492;8.54607;9.26992;9.81673;10.7238;11.3624;12.2971;13.2611;13.7183;14.5242;15.413;16.354;16.7062;17.4382;18.2644;18.8417;19.2012;19.7441;20.2541;20.6292;21","15;15.0693;15.1537;15.2759;15.9919;16.521;16.6767;16.5346;17.1796;17.6437;17.5625;17.652;18.1648;18.5046;18.9255;19.2346;19.0254;18.7597;18.9146;18.5318;18.3604;18.6638;19.2391;18.5578;17.9946;17.2309;17;16.6152;15.9659;15.1324;15",7.86426,"0.3;0.55;0.15"
23.587,1.06704,0.392887,"1;1.928;2.74246;3.61723;4.61686;5.30439;5.75525;6.4578;7.26036;8.19996;8.81454;9.55914;10.5323;11.0838;11.8806;12.6539;13.4273;14.3342;14.7991;15.4198;16.1238;16.9979;17.1043;17.7995;18.4817;19.0778;19.7553;20.3005;21","15;15.3726;15.9528;15.4683;15.4413;15.5413;15.5901;15.9716;16.5109;16.8532;17.6421;18.3096;18.3194;18.4906;17.8864;18.5205;18.2929;18.5765;18.5625;18.7925;18.5277;18.2124;17.5227;16.8907;16.8803;16.308;15.677;15.1276;15",7.75561,"0.3;0.6;0.1"
23.7881,1.10384,0.375086,"1;1.87449;2.49445;3.08109;3.64599;4.39396;5.36271;5.89159;6.561;6.99076;7.99058;8.97767;9.65855;10.6301;11.3317;12.2532;12.5009;13.1381;13.9795;14.9564;15.5977;16.1946;16.4841;17.2644;18.214;19.1119;19.37;20.1582;20.5246;21.1874;21","15;14.8806;15.2324;16.0422;16.8674;17.5311;17.2831;17.6813;17.6763;17.8456;17.8645;17.909;17.8244;18.0613;18.3423;17.986;17.9287;17.4292;17.8559;17.8697;17.478;17.7277;17.788;17.5352;17.5363;17.3407;17.2319;17.0817;16.1512;15.7123;15",7.87267,"0.3;0.65;0.05"
22.5358,1.01285,0.378433,"1;2;2.91603;3.86151;4.75911;5.01953;5.5442;6.0474;6.72467;7.3682;7.66057;8.60538;9.59018;10.4184;11.1902;12.1648;12.9417;13.7622;14.4431;15.3136;16.2032;16.6158;17.4846;18.1824;19.0367;20.031;20.6473;21","15;15;15.4011;15.7268;16.1676;16.2933;16.7872;17.4948;17.8459;18.0857;18.1982;18.5258;18.3521;17.7917;18.4276;18.5892;18.5293;18.1295;18.2072;17.9918;17.6816;17.499;17.0038;16.2875;15.7678;15.6617;15.4829;15",7.46974,"0.3;0.7;0"
21.4872,1.05523,0.233867,"1;1.85323;2.85286;3.81326;4.80789;5.75074;6.36379;6.97929;7.38006;8.35497;9.35495;10.0973;10.9504;11.663;12.6468;13.2809;14.1898;14.9295;15.6398;16.0327;17.0236;17.9001;18.5899;19.3678;19.9104;20.8457;21","15;15.5215;15.4943;15.7729;15.8764;15.5432;15.2287;14.9768;14.8552;15.0778;15.0716;15.5637;15.8426;15.7258;15.9031;16.6764;16.2594;16.0668;15.7668;15.5521;15.4174;15.0684;14.7283;14.5443;14.5879;14.9416;15",7.67253,"0.35;0;0.65"
22.3486,1.04081,0.377636,"1;1.94748;2.75866;3.74014;4.51067;5.33212;6.12237;7.09659;8.08682;8.82264;9.74438;10.6421;11.5686;12.5686;13.5674;14.5316;15.231;15.9992;16.7938;17.616;18.0281;18.6357;19.4973;20.203;20.9087;21","15;15.3198;15.9046;15.7131;16.0832;16.4054;16.7325;16.9581;16.8187;17.4958;17.8837;18.3242;18.7005;18.6971;18.746;18.4806;18.3621;18.1241;17.58;17.7978;17.5993;17.0163;16.5086;15.8001;15.0916;15",8.10063,"0.35;0.05;0.6"
21.7174,0.98806,0.225002,"1;1.57637;2.47031;2.91771;3.58189;4.43356;5.39546;6.30293;6.83256;7.82907;8.43466;9.35916;10.189;10.8999;11.8936;12.862;13.8522;14.7544;15.6928;16.6502;17.4899;17.7861;18.3733;18.8032;19.6574;20.3427;21","15;15.0118;15.1813;15.025;14.8652;14.7059;14.7829;14.7925;15.244;15.1606;14.3648;14.392;14.2968;13.858;13.9704;14.2197;14.3597;13.9283;13.583;13.8718;14.3925;14.8282;14.996;15.3086;15.066;15.3639;15",7.82366,"0.35;0.1;0.55"
22.3509,1.11913,0.30922,"1;1.91258;2.42674;3.05367;3.23022;3.80678;4.70587;5.06954;6.03144;6.9534;7.74704;8.63795;9.51954;10.5038;11.4707;12.1699;13.0865;13.75;14.4221;15.3825;16.2579;17.1352;17.9691;18.5275;19.4223;20.3452;21","15;15.4089;15.8345;16.2879;16.6461;17.3825;17.3582;17.2978;17.5712;17.463;17.8831;18.0635;17.5915;17.7683;17.5133;17.1473;17.3647;17.1721;16.9527;16.6956;16.7388;16.2589;15.7069;14.8773;14.5996;14.7549;15",8.14528,"0.35;0.15;0.5"
22.9818,1.11223,0.349756,"1;1.79122;2.55952;2.966;3.71539;4.61955;5.12629;6.05574;6.52012;7.22323;7.58429;8.21258;9.03222;9.35624;10.2582;10.8844;11.5416;12.4613;13.1466;13.926;14.8899;15.8617;16.1788;17.0287;18.0043;18.767;19.6398;19.9638;20.4366;20.8074;21","15;15.4503;16.0452;16.2787;16.6323;16.7346;16.8704;16.7648;17.6504;18.3615;18.1356;17.9608;17.578;17.3292;17.5839;17.8411;17.7858;17.7163;17.6149;17.7158;17.8412;17.6694;17.6544;17.6238;17.6692;17.1835;16.816;16.404;15.6503;14.9444;15",8.42346,"0.35;0.2;0.45"
22.9384,1.28971,0.348923,"1;1.59295;2.47673;3.30362;4.30252;5.29264;6.28978;6.79972;7.47489;8.4748;9.43935;10.4083;11.2455;11.9059;12.6155;13.2828;14.1285;14.9343;15.2966;16.1681;16.736;17.2721;18.0059;18.8442;19.2784;19.8862;20.7285;21","15;15.8052;16.2731;16.8355;16.8823;17.0226;17.0982;17.9585;18.6961;18.6824;18.4185;18.1711;18.2454;17.6278;17.308;16.5633;16.0296;16.0687;16.1285;16.235;15.9052;16.1572;16.0872;15.8894;15.7455;15.3838;15.4289;15",8.49042,"0.35;0.25;0.4"
23.8357,1.20266,0.240121,"1;1.98115;2.51337;3.20894;3.23471;3.49295;4.46867;5.38898;6.32766;7.30839;8.16151;9.09848;10.0983;11.0499;12.0474;12.7042;13.3446;14.2702;14.3661;15.3571;16.3563;17.176;17.9829;18.5406;19.1098;20.0117;20.643;20.9192;21","15;14.8068;13.9602;13.7363;12.7749;12.6827;12.4637;12.0725;11.7277;11.9231;11.6512;11.4619;11.478;11.7855;11.715;11.3466;11.1519;11.0348;10.9735;10.8398;10.8002;11.373;11.9636;12.3044;12.7644;13.0677;13.8433;14.8044;15",8.78733,"0.35;0.3;0.35"
21.5578,0.997309,0.240924,"1;1.97472;2.91223;3.56894;4.488;5.46691;6.39924;7.39912;7.72533;8.54255;9.3651;10.1602;10.7234;11.5975;12.5637;13.4976;14.3245;15.2136;15.94;16.837;17.8028;18.5943;19.5428;20.0686;21","15;15.2234;14.8755;14.9056;15.1196;15.3239;14.9623;14.9467;15.3379;15.8666;15.6998;16.1096;16.66;16.6059;16.3482;16.638;16.3648;16.1946;16.0983;16.2592;16.0572;15.5884;15.8259;15.1583;15",7.96658,"0.35;0.35;0.3"
22.4595,1.17825,0.238368,"1;1.39025;2.27651;3.15286;3.76252;4.13129;4.7727;5.12599;5.88186;6.48139;7.39244;7.72995;8.45848;8.85633;9.6766;10.3696;10.8839;11.5179;11.9449;12.6936;13.5061;14.0455;14.9076;15.7217;16.4098;17.2139;18.1234;18.3211;19.1702;19.6086;20.3481;21","15;14.6173;14.1886;14.662;15.3655;15.1146;15.7164;16.0103;15.6496;15.4872;15.0749;14.998;15.0084;15.0085;14.7216;14.3973;14.653;14.9078;15.0514;14.8939;14.7447;14.9765;15.3777;15.823;15.2213;15.3538;15.5853;15.6288;15.6603;15.3807;15.5882;15",8.39172,"0.35;0.4;0.25"
21.6778,1.01829,0.24107,"1;1.98032;2.77937;3.01216;3.9337;4.34428;5.03334;5.68915;6.22679;6.99465;7.49731;8.01708;8.82933;9.74319;10.7386;11.0606;11.8977;12.402;13.0794;13.854;14.6317;15.17;15.9327;16.8102;17.624;18.3343;19.2471;19.8871;20.8034;21","15;15.1974;15.6906;15.8923;15.9541;16.191;16.3029;16.4234;16.5207;16.4373;15.9151;16.179;16.2199;15.8139;15.7177;15.7643;15.5311;15.7528;15.6209;15.6228;15.2113;15.5248;16.0868;15.9074;16.0478;15.4797;15.2946;14.725;14.9193;15",8.09367,"0.35;0.45;0.2"
23.1081,1.13041,0.388401,"1;2;2.4768;3.16797;3.70336;4.58894;5.11136;5.93011;6.79007;6.89863;7.54316;8.53757;9.46947;9.87238;10.7423;11.2369;12.1438;13.0376;13.9144;14.796;15.2339;15.9661;15.9448;16.6795;17.5489;18.5022;19.0357;19.626;20.2272;20.7552;21","15;15;15.879;16.357;17.0814;17.5029;17.6081;17.6534;18.0083;17.9577;18.3526;18.247;18.6097;18.6737;18.3649;18.4367;18.3232;17.8749;17.612;17.784;17.6202;18.0818;17.737;17.0586;16.5646;16.4358;16.3217;16.1368;15.9654;15.3671;15",8.7113,"0.35;0.5;0.15"
22.0107,1.04039,0.24549,"1;1.10159;1.93865;2.93741;3.82257;4.2807;5.07306;5.63655;6.41153;6.61522;7.59796;8.56743;9.51741;10.0734;11.018;11.5983;12.2516;12.7879;13.7692;14.2319;15.0016;15.5853;16.5779;17.5705;17.8597;18.7482;19.3678;20.2187;20.8769;21","15;15.0325;15.3449;15.2949;15.6738;16.354;16.8948;16.4394;16.039;15.941;15.756;15.6479;15.7475;15.6889;15.6894;15.7164;16.1894;16.1579;16.3505;16.2957;15.9446;15.6619;15.5406;15.4192;15.3232;15.0396;15.3684;15.8937;15.1409;15",8.30051,"0.35;0.55;0.1"
24.54,1.14732,0.765776,"1;1.90333;2.17518;2.8984;3.71673;4.24731;4.40938;4.99163;5.90724;6.73045;7.565;8.43382;9.42099;10.1283;10.8861;11.1839;12.1159;13.0013;13.701;14.3525;14.6825;15.5265;15.8533;16.4733;16.8927;17.5867;17.9106;18.6976;19.5386;20.2949;21","15;15.3598;15.7998;16.3246;16.3254;16.6851;17.4603;17.8181;18.2202;18.7879;19.3389;19.834;19.9937;19.7546;19.7272;20.026;19.6636;19.1988;19.4559;19.3963;19.0556;18.5193;18.5972;18.9388;19.0881;18.3681;17.4221;16.8051;16.2641;15.6099;15",9.31568,"0.35;0.6;0.05"
21.2533,1.12065,0.244131,"1;1.24808;2.20116;2.72209;3.71069;4.68016;5.67915;6.26122;7.11492;7.9224;8.9031;9.88949;10.8423;11.7909;12.7687;13.7408;14.7273;15.4882;16.2318;16.8534;17.7322;18.6403;19.2607;19.9741;20.6061;21","15;15.3294;15.2829;15.6401;15.4895;15.7348;15.6898;15.9255;16.2383;16.821;17.0165;16.8521;16.5485;16.232;16.4418;16.2074;16.0433;15.9417;16.155;16.0277;16.0065;15.5878;15.2996;15.0219;14.6876;15",8.16708,"0.35;0.65;0"
22.0407,0.990328,0.271434,"1;1.99448;2.91514;3.63283;4.25385;5.1141;5.76684;6.73008;7.6471;8.29412;9.037;9.88524;10.0649;10.7434;11.6085;12.1272;12.9247;13.4827;14.3617;15.3341;16.1349;16.7929;17.715;18.6934;19.4868;20.0458;20.2449;21","15;14.8951;14.5047;14.3843;14.4227;14.4127;14.531;14.58;14.8768;15.6393;15.9856;15.9566;16.3323;16.8037;17.3053;17.615;17.6736;17.8041;17.3415;17.1842;17.0604;16.8639;16.9766;16.7698;16.1611;15.614;15.3462;15",8.97916,"0.4;0;0.6"
22.5712,1.20236,0.255872,"1;1.80611;2.72507;3.02995;3.83035;4.76877;5.49813;6.34464;7.33572;7.81403;8.56158;9.29944;9.82876;10.3429;11.3235;12.2198;12.8777;13.5144;14.429;15.1535;15.7222;16.6522;17.2923;17.7739;18.0581;18.729;19.651;20.4117;21","15;15.5918;15.9861;16.9385;17.538;17.1925;16.8107;16.6397;16.5064;16.2785;15.8488;15.62;15.1408;14.8007;14.6043;14.7769;14.9161;15.0206;14.781;14.6858;14.6874;14.8648;15.1056;15.2348;15.5505;14.8524;14.5547;14.765;15",9.22932,"0.4;0.05;0.55"
21.4589,0.983639,0.22306,"1;1.99639;2.85962;3.26002;3.96369;4.57756;5.09569;5.62055;6.49524;6.98844;7.91457;8.86663;9.27588;10.0951;10.7394;11.6991;12.0881;12.6402;13.3465;14.2483;14.8283;15.781;16.7785;17.756;18.1801;18.9749;19.8561;20.8335;21","15;15.0849;15.2224;15.3444;15.3192;15.594;15.3924;15.4137;14.929;14.644;14.6924;14.4552;14.1871;14.3785;14.2036;14.2355;14.1441;13.6247;13.4428;13.511;14.3256;14.6297;14.7005;14.5266;14.6036;14.9654;15.1532;15.2496;15",8.79347,"0.4;0.1;0.5"
21.4462,0.999212,0.245005,"1;1.999;2.88733;3.86458;4.69125;5.27581;6.27124;6.94756;7.51135;8.21628;9.21517;9.878;10.399;10.9052;11.8613;12.8582;13.6046;14.5035;15.1663;16.0874;17.0578;18.0282;19.0272;19.7804;20.1582;21","15;15.0447;15.3327;15.1353;15.698;16.5094;16.4138;16.5601;16.5813;16.6923;16.7394;16.5545;16.4537;16.0095;15.7164;15.6383;15.9987;16.2997;16.6124;16.2231;15.9815;15.7399;15.7836;15.334;15.2643;15",8.83862,"0.4;0.15;0.45"
22.2103,1.03106,0.227893,"1;1.92045;2.09285;2.89042;3.75032;4.6946;5.35725;6.25246;7.15072;7.66464;8.61858;9.55406;10.2659;11.1413;12.0599;13.0218;14.0209;14.9766;15.9482;16.7298;17.5958;18.5955;19.5836;20.2239;20.7368;21","15;14.6812;14.6608;14.965;15.3064;15.4934;15.2623;14.9616;14.6992;14.7042;14.9092;14.5964;13.894;13.4268;13.0821;12.8088;12.8498;13.1442;12.9076;12.5101;12.7545;12.779;12.933;13.7011;14.5596;15",9.18148,"0.4;0.2;0.4"
23.2885,1.13724,0.235438,"1;1.95892;2.40077;2.96018;3.72152;4.25337;4.37692;5.21408;6.12158;6.85801;7.14274;8.10288;8.66542;9.31609;9.68821;10.4973;11.3731;12.3556;12.898;13.1607;13.469;14.2193;15.2055;16.1229;16.8277;17.6498;17.8992;18.5436;19.0086;19.807;20.1712;21","15;14.7163;13.9249;13.6952;13.3891;13.1141;12.8502;12.4111;12.7944;12.8242;12.6199;12.3404;12.4809;12.8602;12.8981;12.8707;12.9073;13.0642;13.5662;13.6806;12.7293;12.0683;12.0238;12.2968;12.6641;13.0752;13.0812;13.4456;14.0433;14.2747;14.5396;15",9.68211,"0.4;0.25;0.35"
22.3847,1.00219,0.263027,"1;1.97208;2.97103;3.95565;4.4275;5.09483;5.42045;6.35632;6.69607;7.37897;8.22838;8.78744;9.3402;9.96551;10.5726;11.1611;11.8953;12.602;13.5847;13.8897;14.5994;15.2667;15.8519;16.3902;17.266;17.6181;18.3403;18.8584;19.2446;19.8774;20.5981;21","15;15.2346;15.1888;15.3635;15.0696;15.0311;15.492;15.8444;15.8388;16.2221;16.0792;15.7647;16.3045;16.7421;17.2309;17.1624;17.2212;16.8385;16.6595;16.5054;16.6765;16.7971;16.3451;16.1606;16.6254;16.3519;16.1489;16.2458;15.6214;15.6179;15.5187;15",9.33346,"0.4;0.3;0.3"
23.3316,1.80374,0.311595,"1;1.44615;1.56302;1.52345;2.39445;2.69898;3.62449;4.37111;5.2596;5.37056;6.35397;7.33738;8.30633;9.02322;9.8787;10.8503;11.177;12.0746;12.9449;13.3361;13.9967;14.6773;15.6127;16.5559;17.4104;18.1071;18.9035;19.7329;20.4096;21","15;15.895;16.3157;16.892;17.3833;17.6099;17.8213;17.7046;17.8134;17.8828;17.7014;17.5201;17.7673;17.0701;16.5523;16.3158;16.4956;16.1148;16.5315;16.3574;15.8904;16.0054;16.359;16.6913;16.2121;16.0097;15.6194;15.5399;14.8875;15",10.0419,"0.4;0.35;0.25"
23.7593,1.01798,0.241113,"1;1.59853;2.48404;3.29059;4.13827;5.13652;5.97973;6.36945;6.99075;7.99031;8.98916;9.86363;10.5856;11.4524;11.9841;12.4599;13.2265;13.9919;14.8417;15.7173;16.6126;17.4768;18.3141;18.7587;19.5927;20.1356;20.982;21.6764;21.256;21","15;14.9214;14.6951;14.3423;14.0007;14.0599;14.2471;14.0841;14.085;14.0553;14.103;13.6878;13.4948;13.5797;13.4124;13.1167;12.8557;12.316;12.8431;13.3263;12.9739;12.7443;12.6654;12.5768;12.4595;12.4065;12.8206;13.5402;14.4475;15",9.95914,"0.4;0.4;0.2"
23.2673,1.12992,0.321685,"1;1.80326;2.40468;3.1192;4.11431;5.11417;5.47092;6.25263;6.98323;7.94223;8.84288;9.59177;10.2694;11.0436;11.6592;11.8366;12.2852;13.0135;13.1843;14.0183;14.9723;15.856;16.0796;16.885;17.838;18.229;19.1285;19.8387;20.4874;21","15;15.2904;16.0741;16.7738;16.6751;16.6582;16.9412;16.9995;17.0082;17.1267;16.7651;16.5586;16.6667;16.5644;16.6633;17.4789;17.6751;17.9643;18.4362;18.118;17.818;17.35;17.1373;17.1888;17.0297;16.1361;15.8229;15.2945;14.9428;15",9.86362,"0.4;0.45;0.15"
24.9679,1.03358,0.478584,"1;1.65158;2.33667;3.19759;3.88094;4.17585;4.85886;5.68262;6.41006;7.01282;7.99635;8.86985;9.7869;10.1147;10.8022;11.5357;12.3784;12.8227;13.4591;14.0892;14.8508;15.6498;16.0643;16.4769;17.109;17.7328;18.3642;19.3091;19.8106;20.4568;21.0892;21.1057;21.0139;21","15;14.9735;14.5861;14.6256;14.8354;15.0826;15.4881;16.0551;16.7413;17.5392;17.7199;17.9355;18.2802;18.5347;18.7356;18.2724;18.3874;18.3253;18.5091;18.8604;19.2092;19.2004;19.0482;18.5612;17.986;18.2277;17.5479;17.8509;17.9305;17.4416;16.8803;16.4365;15.8574;15",10.5518,"0.4;0.5;0.1"
23.6646,1.6432,0.357973,"1;1.32538;1.94899;2.86507;3.85539;4.68086;5.04969;5.93676;6.25481;7.19616;7.83046;8.57442;9.5038;10.1835;10.9545;11.9475;12.7415;13.3565;14.1611;14.8416;15.1475;16.0268;16.5962;17.2056;18.0008;18.9132;19.7407;20.5131;20.4419;21","15;15.9456;16.7273;17.1283;16.9895;16.8891;16.9729;17.4346;17.4122;17.4587;17.773;18.0156;17.885;17.3347;17.521;17.4025;17.7542;17.9322;17.9585;17.8418;18.3469;17.9659;17.5776;16.9726;16.7317;16.511;16.5812;15.9461;15.1252;15",10.3875,"0.4;0.55;0.05"
25.3669,1.67764,0.670004,"1;1.52847;2.1369;2.05205;3.01111;3.5841;4.27627;4.44111;5.04679;5.84438;6.48474;7.33568;8.17731;8.90078;9.13738;9.98774;10.76;11.6582;12.2558;12.9648;13.5881;14.4307;15.363;15.9048;16.8111;17.5746;17.7699;18.0672;18.5459;19.5081;20.2211;21","15;15.8412;16.6215;17.6179;17.9011;17.9896;18.2754;18.5543;19.3232;19.5787;19.4946;19.3848;19.1364;18.9924;18.7355;19.2617;19.1582;19.5945;19.3189;18.977;18.9266;18.6684;18.4035;18.254;17.8312;17.1854;16.2047;15.2674;14.7232;14.7998;14.8206;15",11.1534,"0.4;0.6;0"
22.5669,0.995848,0.271802,"1;1.59158;2.05316;2.89066;3.50498;3.78352;4.62484;5.35771;5.88789;6.61581;7.33516;7.63267;8.1734;8.67871;9.63232;10.2608;11.2212;11.7332;12.4966;13.1848;13.8036;14.4532;15.2295;16.2173;17.1171;17.6928;18.5542;19.3129;19.9651;20.3237;20.9119;21","15;14.9832;14.9801;15.0182;15.5273;15.7058;15.6961;16.0017;16.1088;16.3559;16.4566;16.5725;17.0002;17.0531;17.0592;16.5997;16.6564;15.9787;15.7605;15.6815;16.4168;16.5601;17.1905;17.0352;16.6867;16.8844;16.7886;16.7367;16.3087;15.7477;15.3089;15",10.3046,"0.45;0;0.55"
22.3815,1.07209,0.252659,"1;1.83158;2.78666;3.40082;3.92598;4.58156;5.55112;5.83333;6.46657;6.84733;7.81724;8.80935;9.6714;10.2189;11.1884;11.6895;12.6183;13.5698;14.403;15.0651;15.6177;16.2524;16.7855;17.246;17.4553;18.3795;18.8568;19.7699;19.9722;20.5402;21","15;15.5512;15.2818;15.3344;15.0961;15.0639;15.2905;15.4325;15.6929;15.8559;16.0787;16.2041;16.3406;15.873;16.0224;16.1188;16.0933;16.0726;15.7874;15.7032;15.5668;15.6728;15.5488;16.123;16.9794;16.7429;16.5776;16.3736;16.1393;15.4023;15",10.2516,"0.45;0.05;0.5"
23.0434,1.19389,0.300243,"1;1.70386;2.6329;3.47642;4.15443;5.13673;5.84833;6.80626;7.62059;8.60889;9.574;10.4431;11.0089;11.319;11.9793;12.785;13.6352;14.1873;15.1027;16.0796;16.9773;17.8371;18.7733;19.0683;19.7076;20.2808;21","15;15.7103;15.3404;15.6683;16.2564;16.0691;16.7717;16.4847;17.0651;16.9126;16.6507;16.1561;16.9806;17.2227;17.2771;17.2612;17.7875;17.4152;17.6609;17.447;17.3549;17.1077;16.7564;16.4936;15.8606;15.1074;15",10.624,"0.45;0.1;0.45"
23.2919,1.36277,0.270172,"1;1.85473;1.83414;2.73714;3.30337;4.16598;4.82212;5.59016;6.0574;7.01856;7.56286;8.02183;9.02182;9.66911;10.3702;11.3701;12.2113;12.5816;13.1947;13.4737;14.2422;14.5144;14.8756;15.5429;15.8535;16.3676;17.0572;18.0164;18.9925;19.549;20.3189;21","15;15.5191;16.5189;16.4694;16.1972;16.3265;16.208;16.3043;16.4935;16.6756;16.6178;16.4331;16.4383;17.1157;17.168;17.1818;16.641;16.6225;16.1285;16.1022;16.008;15.7674;15.5846;15.1274;14.8381;14.2695;13.8298;14.1124;13.895;14.5986;14.5525;15",10.7938,"0.45;0.15;0.4"
23.5994,1.16702,0.238715,"1;1.85702;2.66981;3.23125;3.68209;4.47046;5.03904;5.67973;6.50225;7.46436;8.45781;9.45712;10.4186;11.3713;12.3622;13.1441;13.6529;14.3631;15.2839;15.8136;16.7396;17.2119;18.1958;18.9223;19.5385;19.8599;20.6779;20.9511;21","15;15.5153;14.9327;14.5405;14.2549;13.6587;13.1874;12.4196;11.8508;11.5782;11.4639;11.5009;11.2258;10.9221;10.7871;11.063;11.243;11.6502;11.7257;11.7437;11.7479;11.8053;11.8935;12.5244;12.877;13.0046;13.3087;14.2393;15",10.9367,"0.45;0.2;0.35"
21.9971,1.00215,0.22403,"1;2;2.98505;3.50688;4.42065;4.96052;5.81427;6.67021;7.15848;7.86631;8.81335;9.45477;10.1643;10.6803;11.6149;12.4672;13.3775;13.9019;14.549;15.3941;16.3394;16.7445;17.3652;18.2559;18.6994;19.1336;19.9516;20.5007;21","15;15;14.8277;15.0916;14.6944;14.3521;13.8581;13.7961;13.6325;13.7671;13.4987;13.4077;13.2343;13.2982;13.3681;13.6373;13.2234;12.8229;12.3559;12.2689;12.3542;12.7147;12.9761;13.1125;13.7529;14.0411;14.1198;14.9371;15",10.2164,"0.45;0.25;0.3"
23.3559,1.13506,0.321947,"1;1.65201;2.5234;3.36762;4.12666;4.85602;5.38975;6.28139;6.76908;7.29311;8.08334;8.87836;9.47645;10.3384;11.2969;11.6154;12.441;13.039;13.5375;14.2086;14.9905;15.5005;16.4028;16.8538;17.544;17.5832;18.4593;19.459;20.1082;21","15;15.5027;15.8468;16.3828;16.7241;17.1661;17.5037;17.9564;17.9915;18.2142;18.384;17.7775;16.976;17.4831;17.7682;17.938;17.4252;16.942;16.8179;16.2514;15.9039;15.6226;15.3818;14.9158;14.2273;14.6906;14.9366;14.9615;15.0504;15",10.9312,"0.45;0.3;0.25"
23.8093,1.08723,0.426748,"1;1.8515;2.65979;3.55099;4.54473;5.40584;5.9506;6.76666;7.57006;8.24297;8.80299;9.67669;10.6478;10.7074;11.4946;11.6874;12.261;13.0696;13.8355;14.5807;15.5727;16.5111;17.2517;18.1303;18.8798;19.1646;19.8387;20.1667;21","15;15.4783;15.9539;16.4075;16.5192;16.1248;16.2459;16.7618;17.3488;16.9895;16.6887;16.9127;16.9003;16.9197;17.4667;17.692;18.1659;18.5567;18.528;18.9784;19.1044;18.7764;18.9031;18.632;17.97;17.0114;16.2727;15.328;15",11.1801,"0.45;0.35;0.2"
24.0176,1.01217,0.44764,"1;1.99875;2.99162;3.89997;4.64399;5.05263;5.55381;6.17129;6.8686;7.5045;8.15745;9.01096;10.007;10.9033;11.7527;12.7503;13.546;14.3355;15.2315;16.2314;17.2233;18.1907;18.9815;19.929;20.8434;20.9193;20.9952;21","15;14.95;14.8308;15.249;15.125;15.2326;16.0148;16.6165;17.0725;17.8198;18.3527;18.8738;18.9626;18.9851;18.573;18.6413;18.5746;18.4677;18.0238;18.0087;18.1352;17.882;17.2698;17.0275;17.0577;16.0606;15.0635;15",11.2799,"0.45;0.4;0.15"
22.9145,1.13344,0.245529,"1;1.93382;2.40017;3.39751;4.09939;4.96898;5.20218;6.13391;6.98258;7.36775;8.3519;8.79503;9.49;9.99923;10.8156;11.2667;11.4681;12.3295;12.6627;13.0106;13.6702;14.5176;15.5158;16.0753;17.0245;17.6786;18.5973;19.2531;20.0996;21","15;14.6422;15.5268;15.5997;15.7157;15.9392;15.7323;16.0914;16.0239;16.4265;16.3152;16.1141;15.8353;15.6742;15.5388;14.9628;14.8845;14.5464;13.8683;13.6436;13.363;13.894;13.9543;14.7831;15.0977;14.986;14.6545;14.7903;15.2907;15",10.8461,"0.45;0.45;0.1"
22.8124,1.0817,0.338603,"1;1.85416;2.54888;3.35775;4.16101;5.09814;5.56209;6.40758;6.75626;6.89432;7.56333;8.49388;9.44033;10.2196;11.1547;11.766;12.7605;13.4985;14.2575;14.534;14.981;15.7547;16.5353;17.3579;18.062;18.432;19.2409;20.106;21","15;15.5067;15.5022;15.905;15.6386;15.9633;16.2014;16.1597;16.7981;17.5321;17.746;18.1121;18.435;18.3888;18.299;18.1909;18.2685;18.1853;17.5688;17.2727;16.6548;16.5403;16.0787;15.7282;15.9116;15.415;15.0328;15.1729;15",10.8234,"0.45;0.5;0.05"
23.9989,1.58077,0.354647,"1;1.26081;2.24208;3.24206;4.23905;5.17409;6.13723;6.63138;7.43483;8.4012;8.75185;9.03671;9.52992;10.3635;11.2058;11.5434;12.3328;13.1971;13.7133;14.5726;15.1299;15.7013;16.6936;17.5799;18.5696;19.2288;19.8881;20.5473;21","15;14.0346;13.8419;13.8486;13.9261;14.2806;14.5496;15.3269;15.2055;15.33;15.9108;16.3502;16.6905;17.1558;17.4097;17.5991;18.0125;17.9144;18.3772;18.6372;18.335;18.5023;18.3786;17.9155;17.7722;17.0203;16.2683;15.5164;15",11.6689,"0.45;0.55;0"
23.0691,1.03133,0.363919,"1;1.99976;2.83678;3.23358;3.97347;4.81521;5.76028;6.62317;7.27957;7.82094;8.54485;9.1744;9.60365;10.0074;10.9097;11.8637;12.7332;13.4963;14.0978;14.5822;15.2061;15.6363;16.2844;17.0309;17.4413;18.364;19.1015;19.9683;20.1984;20.9925;21","15;14.9783;15.5255;15.9824;16.0494;16.4642;16.7262;16.9734;17.2898;17.4284;17.8713;18.3595;18.5675;18.164;18.3447;18.1431;18.4663;17.8311;17.3765;17.5044;17.905;17.9836;18.0086;17.3476;17.1857;16.8569;16.3627;16.3863;15.9094;15.3546;15",11.7165,"0.5;0;0.5"
21.1924,1.08121,0.229585,"1;1.81211;2.80412;3.55788;4.02672;4.97177;5.66295;6.19906;7.05188;7.3008;8.05554;8.69744;9.39541;9.78464;10.6953;11.0401;11.9281;12.3128;12.9546;13.8864;14.8188;15.6748;16.4881;16.8863;17.7984;18.3334;18.7959;19.3165;19.9912;20.7929;21","15;15.5835;15.7097;15.4902;15.2948;15.1279;15.0998;15.2004;15.5261;15.5233;16.1017;16.3831;16.3065;16.3862;16.2434;16.0244;15.7374;15.5326;15.334;15.3435;15.4274;15.4284;15.1759;14.7629;14.6182;14.6889;14.4602;14.5654;14.7404;14.8569;15",10.7536,"0.5;0.05;0.45"
24.1899,1.05399,0.308836,"1;1.56286;2.26284;2.70706;3.27577;3.96793;4.34911;5.05205;5.23845;6.11951;7.1195;8.10246;8.37122;9.17665;9.90817;10.4041;11.3264;11.7147;12.4269;13.0434;13.4671;14.2097;15.0292;15.9753;16.6024;17.1485;18.0072;18.3653;18.9583;19.4922;20.3941;20.9506;20.793;20.6317;21","15;14.8533;15.2297;15.5109;15.6602;15.5098;15.7879;15.6342;16.3284;16.8014;16.804;16.6201;16.4842;16.6159;16.6774;16.488;16.2109;16.3228;16.3612;16.7613;16.5774;17.2108;17.2296;17.0827;17.3366;17.6965;17.9983;17.6277;17.0534;16.5783;16.9338;16.4745;15.8077;15.3396;15",12.3239,"0.5;0.1;0.4"
22.4909,1.12093,0.283038,"1;1.79481;2.68726;3.60477;4.60129;5.54949;6.42032;7.31227;8.16488;8.85166;9.61771;10.2109;10.415;11.2148;11.6942;12.3102;13.0669;13.2537;14.0492;14.6589;15.6206;16.488;17.3953;18.0899;18.9592;19.7711;20.7457;21","15;15.6069;16.058;16.4557;16.3723;16.0547;15.7012;16.0179;16.4266;16.837;16.5566;16.1297;15.953;16.5534;16.7104;16.9543;17.296;17.5124;17.9117;17.8623;17.5882;17.0905;16.6701;15.9507;15.4564;14.8726;15.0687;15",11.5126,"0.5;0.15;0.35"
20.9882,1.007,0.213758,"1;1.9673;2.71125;3.51151;4.22827;5.2277;6.18894;7.13159;7.86242;8.6694;9.5886;10.2338;10.8535;11.5312;12.1712;12.8256;13.6701;14.5711;15.075;15.6399;16.5542;17.5471;18.3309;18.7724;19.5771;20.2626;21","15;14.7464;14.3629;14.3206;14.1913;14.1573;13.8816;13.5478;13.5983;13.6428;13.5419;13.4166;13.5402;13.7409;13.5818;13.659;13.1235;13.128;13.2376;13.3138;13.4425;13.3237;13.9447;14.2875;14.6497;14.9578;15",10.7596,"0.5;0.2;0.3"
22.229,1.03126,0.253083,"1;1.98909;2.89772;3.31781;4.20048;4.45215;5.38661;6.35902;7.06597;7.63534;8.52068;9.01089;9.17569;10.1705;11.0672;12.0506;13.044;13.6976;14.0268;14.7727;15.5454;16.444;17.2293;17.4191;18.3935;18.9371;19.9093;20.6311;21","15;14.8527;14.4351;15.0923;15.2927;15.1883;14.8323;14.599;14.9215;15.1204;15.3052;15.4171;15.307;15.4084;15.8512;16.0326;15.9179;16.6748;16.742;16.9074;16.9373;17.376;16.7568;16.4325;16.34;16.2796;16.0457;15.3537;15",11.4356,"0.5;0.25;0.25"
23.6364,1.01548,0.24278,"1;1.9909;2.36647;3.2436;3.49453;4.36599;5.03816;6.03811;6.93141;7.89903;8.87224;9.83173;10.1928;11.1679;11.6912;12.4133;12.922;13.3994;14.0016;14.7462;15.5862;16.0063;16.738;17.3335;17.9014;18.7861;19.1095;19.8903;20.3345;20.3565;20.2815;21","15;14.8654;14.7191;14.9785;15.0587;15.1249;15.4246;15.4343;14.9848;14.7324;14.5025;14.5866;14.3574;14.3486;14.3306;14.4898;14.1652;13.7046;12.9929;12.4488;12.206;12.1643;12.3741;12.087;11.6368;11.9255;12.5251;12.904;13.3288;14.0237;14.7045;15",12.1714,"0.5;0.3;0.2"
21.8517,1.05559,0.24533,"1;1.86296;2.49426;3.38532;4.38346;5.30142;6.27815;7.11083;7.91981;8.79873;9.6666;10.6542;11.6419;12.5635;13.266;13.8069;14.4436;15.1178;15.5611;16.4017;17.3783;18.1505;18.9749;19.1863;20.0015;20.8462;21","15;14.9403;15.6701;16.0769;16.0158;15.6192;15.8337;16.246;16.4827;16.4914;16.7987;16.6419;16.4852;16.3375;16.0773;15.4489;15.0907;14.8602;14.5185;15.0601;15.2754;15.3191;15.4525;15.4715;15.7584;15.2233;15",11.3321,"0.5;0.35;0.15"
23.6184,1.00115,0.329044,"1;2;2.80175;3.19673;3.79078;4.67966;5.20298;6.14513;6.71375;7.42553;8.11148;8.40072;9.13166;9.97835;10.4954;11.0447;11.6765;12.206;12.899;13.4679;14.1365;14.7474;15.543;16.5181;17.0056;17.7344;18.216;19.1064;19.8262;20.6655;21.1117;21","15;15;14.7367;15.0817;15.191;15.4242;15.217;15.2948;15.0345;15.2346;15.703;15.596;15.3803;15.1692;15.5362;15.9793;16.3801;16.6673;17.1289;17.0907;17.7054;18.3102;18.6017;18.7843;18.2239;17.5393;17.3548;16.9837;16.7619;16.2238;15.7408;15",12.2426,"0.5;0.4;0.1"
21.3183,1.00166,0.21908,"1;1.52176;2.20978;3.00215;3.6172;3.82867;4.80419;5.72526;6.65934;7.64124;8.5121;9.31285;9.81102;10.5507;11.3416;12.2781;13.2693;13.7373;14.5298;15.2505;16.208;16.6849;17.4836;18.1647;19.0039;19.7392;20.2483;21","15;15.0603;14.7762;14.5507;14.5644;14.5448;14.7647;15.1541;15.1135;15.0903;14.7787;14.8988;14.73;14.2116;13.6075;13.2568;13.1247;13.1581;13.2057;13.2681;13.5565;13.8533;13.6947;13.8597;13.8282;13.8939;14.4016;15",11.1209,"0.5;0.45;0.05"
21.1668,1.00675,0.222889,"1;1.93433;2.56006;2.94913;3.65984;4.46802;5.35496;5.65999;6.47877;7.10652;7.71614;8.68281;9.26042;9.69736;10.697;11.6652;12.3461;13.071;13.8466;14.676;15.6419;16.1138;16.8005;17.2859;18.2346;18.8818;19.3828;19.9614;20.4297;21","15;14.8333;15.044;15.2066;14.6563;14.6744;14.455;14.7976;14.8959;14.6148;14.5527;14.4174;14.5292;14.2635;14.2905;14.5407;14.9772;15.3164;15.7092;15.8489;15.5898;15.4227;15.4703;15.5482;15.2319;15.298;15.3446;15.2202;15.2831;15",11.0868,"0.5;0.5;0"
24.4551,1.0053,0.319819,"1;1.99949;2.86175;3.82579;4.53091;5.5233;6.51413;7.45251;8.09448;8.98611;9.82405;10.6732;11.0916;11.8993;12.6726;13.3553;13.8252;14.5263;15.0072;15.5039;16.295;16.6379;17.0361;17.8358;18.4367;18.8917;19.4521;20.0125;20.5729;21","15;14.968;15.2544;15.4422;14.7331;14.6099;14.4748;14.8204;15.5872;15.8571;16.2049;16.446;16.1411;16.2639;16.6524;16.7744;17.009;17.6538;17.9184;17.3148;17.5691;17.2465;18.1405;17.9181;17.6876;18.1158;17.2876;16.4594;15.6312;15",13.5942,"0.55;0;0.45"
21.5684,1.0344,0.264026,"1;1.87019;2.44175;3.39456;3.95344;4.56444;5.377;6.20695;7.16372;7.87052;8.55293;9.2822;10.0737;11.069;11.8731;12.873;13.7681;14.6757;15.3289;16.3107;17.2125;17.9908;18.3814;19.052;19.9556;20.8328;21","15;15.4;15.5646;15.7873;15.8736;16.1572;16.7401;17.1857;17.1773;17.349;16.8193;16.8666;16.8879;16.9796;16.3852;16.4;16.846;16.8173;16.7333;16.543;16.1109;15.9084;15.9416;15.7059;15.7737;15.4349;15",12.02,"0.55;0.05;0.4"
23.4506,1.19587,0.463837,"1;1.54343;2.17228;3.05628;3.92398;4.66568;5.29689;6.23053;6.64223;7.49482;8.47725;9.02637;9.6731;10.5834;11.5547;12.3364;12.4185;13.1867;13.9884;14.9148;15.558;16.0421;16.6876;17.3069;18.0941;18.6551;18.8259;19.6579;20.4117;21","15;15.4861;14.9504;15.3384;15.5957;16.2188;16.9478;17.306;17.93;17.9911;17.8693;18.0065;18.3321;18.5689;18.5775;18.5708;18.9342;19.3179;19.2617;19.0871;18.7436;18.4907;18.0549;17.7326;17.1356;16.381;16.1469;15.9702;15.7053;15",13.1798,"0.55;0.1;0.35"
22.491,1.0534,0.246535,"1;1.93685;2.9207;3.57737;4.57467;5.46459;6.15892;6.8533;7.44879;8.28064;9.06517;9.79684;10.3043;11.0256;11.6235;12.3957;12.6862;13.3848;13.8632;14.3773;14.7263;15.6418;16.2563;17.0891;17.3722;18.3479;18.8618;19.5653;20.5121;21","15;14.6503;14.4713;13.7171;13.7905;14.2467;14.7342;15.051;15.6328;16.1592;16.7041;16.5528;16.4081;15.7442;15.6843;15.3096;15.5414;15.4565;15.5078;16.0533;16.3127;16.4558;16.3865;16.149;15.7351;15.5159;15.2477;15.0974;14.9944;15",12.602,"0.55;0.15;0.3"
24.7297,1.12367,0.473032,"1;1.76819;2.75418;3.68734;4.64862;5.64424;6.60146;7.49814;8.08407;8.40092;9.1727;9.70525;10.4404;11.1534;11.9333;12.9074;13.5141;14.1226;15.0876;15.9991;16.9971;17.8791;18.8617;19.6193;20.1203;20.4972;20.8206;20.9301;21","15;15.6402;15.4734;15.1139;14.8384;14.9318;15.2212;15.6639;16.1085;16.1497;16.1509;16.9973;17.6752;18.3764;18.6018;18.7865;18.7247;18.5856;18.3232;18.7346;18.7966;19.268;19.0826;18.4298;18.0394;17.5346;16.6288;15.6349;15",13.9443,"0.55;0.2;0.25"
22.2877,1.07736,0.230594,"1;2;2.72774;3.30202;4.03857;4.38878;5.00347;5.97064;6.81429;7.77921;8.31007;9.1836;9.84846;10.7188;11.3934;12.2603;12.5539;13.4322;14.0652;14.9415;15.477;16.3236;16.8071;17.6956;17.8286;18.813;19.3395;20.1731;21","15;15;14.338;13.5448;13.2123;12.8492;12.9109;13.1268;13.6637;13.8104;14.1421;14.3527;14.54;14.7059;14.4732;14.4006;14.3915;14.7176;14.9448;14.7909;14.7274;14.5858;15.1426;14.9053;15.5521;15.4383;15.4215;15.2669;15",12.5737,"0.55;0.25;0.2"
22.1429,1.01704,0.263451,"1;1.98804;2.78537;3.78507;4.72323;5.70901;6.62541;7.62131;8.01528;8.61815;9.34874;10.1529;10.7334;10.9912;11.9431;12.902;13.6141;14.1421;15.0264;15.5529;16.4696;17.4509;18.2981;18.873;19.4214;20.28;20.6095;21","15;14.8458;15.4493;15.4247;15.0785;15.2465;14.8462;14.7557;15.0146;15.347;15.6846;16.279;16.7482;16.93;16.6981;16.9164;17.1889;17.2934;17.3061;17.3736;16.9741;16.7815;16.2502;16.5667;16.3606;16.005;15.7626;15",12.5232,"0.55;0.3;0.15"
24.5274,1.02813,0.40589,"1;1.89138;2.57098;3.12654;4.09453;5.03806;5.87291;6.80496;7.3158;8.11918;8.53205;8.6743;9.66238;10.5086;11.3381;11.6822;12.4773;12.92;13.578;14.2526;14.631;15.3644;16.1303;16.7446;17.2516;17.5073;18.0819;18.4356;19.3462;20.2664;21.05;21","15;14.846;14.8609;15.4126;15.6636;15.3323;15.8828;16.205;16.3448;16.7917;17.6279;17.6691;17.5152;16.9823;17.5407;17.5557;17.6188;17.7979;17.9082;18.5977;19.1272;19.1918;19.196;18.5163;17.8598;17.5931;16.8749;16.3743;16.1058;16.3016;15.7308;15",13.8905,"0.55;0.35;0.1"
25.1949,1.19467,0.415742,"1;1.7277;2.45965;3.1954;3.98882;4.06943;5.03363;5.93337;6.47276;7.42001;7.81835;8.48455;9.42503;10.414;11.3491;12.2223;13.1914;14.0446;14.7091;14.7354;15.504;15.5128;15.828;16.7435;17.2973;18.1553;18.9933;19.6956;20.2465;20.6594;21","15;15.6859;15.954;16.5686;16.8873;16.9062;17.1714;17.6078;17.6922;17.8998;18.0416;18.3176;18.6574;18.8058;19.1601;18.6727;18.4261;18.0729;17.3956;16.3959;15.7934;15.1704;14.4063;14.1256;13.7852;13.7629;13.325;13.1193;13.338;14.2488;15",14.3558,"0.55;0.4;0.05"
23.123,0.99456,0.319355,"1;1.98914;2.98735;3.9202;4.89978;5.44925;5.98752;6.27667;7.061;7.71647;8.56809;9.5522;10.2409;11.1992;11.8509;12.7874;13.212;14.0851;14.9633;15.8777;16.0372;16.9509;17.7303;18.7215;19.042;19.7098;20.3776;21","15;14.853;14.7932;15.1535;15.3546;15.4236;15.9402;16.0875;16.5133;17.0905;17.6147;17.7922;17.0672;16.7812;16.953;16.9733;16.9063;17.0517;17.1723;17.571;17.7379;18.0814;17.9974;18.1298;17.1826;16.4382;15.6938;15",13.1652,"0.55;0.45;0"
22.5909,1.02227,0.23082,"1;1.88812;2.45338;3.26064;3.83084;4.82464;5.62259;6.32108;7.32055;8.18759;9.1421;9.85076;10.3483;11.0867;11.3289;12.1531;13.0372;13.8958;14.8637;15.5076;16.265;16.7732;17.5337;18.4813;18.7265;19.5024;20.1407;20.6503;20.7519;21","15;14.7426;14.6876;14.9098;14.8539;14.8054;14.2027;14.9183;14.8911;14.8772;14.5791;13.9365;13.4614;13.1768;12.9849;12.837;12.7223;13.1531;13.4047;13.0972;13.0784;13.046;12.9953;12.8223;12.8467;13.3519;13.4424;13.8199;14.3343;15",13.6469,"0.6;0;0.4"
29.8988,1.02006,1.45879,"1;2;2.99102;3.9455;4.78714;5.51447;6.21874;7.20938;8.1425;8.71127;9.04786;9.5157;9.87386;10.1474;10.8351;11.5152;12.3016;13.2766;14.0453;14.8807;15.5068;16.3817;17.1016;17.7824;18.6662;19.2674;19.9822;20.3576;21.2163;22.0086;22.023;22.0978;22.5934;22.0553;21.5172;21","15;15;15.1337;14.8354;15.0483;15.6561;15.4955;15.632;15.8798;16.6678;17.4309;17.9336;18.2777;19.1641;19.771;20.3748;20.9924;20.8357;20.6563;20.7352;20.3371;20.1913;20.2778;20.2391;19.7907;20.5733;20.1605;19.3929;19.4743;18.8905;18.7505;18.3647;17.4961;16.6532;15.8103;15",18.5009,"0.6;0.05;0.35"
24.0279,1.4184,0.253306,"1;1.53041;1.84478;2.48314;3.20818;3.9639;4.37169;4.9876;5.81756;6.45337;7.07755;7.96343;8.90659;9.42202;10.2795;10.6923;11.5518;12.5112;13.1877;14.1237;14.7416;15.4177;15.8581;16.3807;16.9033;17.6878;18.2049;18.9215;19.2966;20.0041;20.7283;21","15;15.8477;16.3389;16.424;16.3897;16.2449;15.4064;15.107;14.6963;14.5601;14.5816;14.1957;14.4631;13.9574;14.2164;14.1476;14.2755;14.1447;13.7657;13.8613;13.5376;13.2353;13.7725;14.5291;15.0072;15.0756;15.5084;15.2731;14.8133;15.0906;14.4241;15",14.6346,"0.6;0.1;0.3"
22.1162,1.06487,0.227749,"1;1.86638;2.86482;3.6343;4.03706;4.68992;5.43863;6.26031;7.10081;8.09442;8.85386;9.7815;10.6932;11.5931;12.3896;12.7425;13.2489;14.1113;14.9476;15.8698;16.779;17.196;17.9659;18.632;19.0742;19.6917;20.5715;21","15;15.4994;15.5552;15.2958;15.1581;14.5357;14.5433;14.5032;14.597;14.576;14.161;13.895;13.7188;13.7836;13.3583;13.2972;14.0441;13.8065;13.8702;13.9597;13.9748;13.418;13.2726;13.8504;14.1977;14.8815;15.0501;15",13.4864,"0.6;0.15;0.25"
22.4192,1.0197,0.228816,"1;1.9845;2.72584;3.70941;4.70703;5.68314;6.67972;7.6789;8.60586;9.60315;10.4639;11.0558;11.4996;12.4773;13.2345;13.8179;14.7988;14.9678;15.856;16.2635;16.6841;17.4048;18.2637;18.8807;19.3361;20.2677;20.5168;21","15;14.8246;14.2883;14.19;14.121;14.3383;14.4209;14.4613;14.0861;14.1597;14.1597;14.2023;13.9511;13.7411;14.3943;13.9402;13.902;13.713;13.6984;13.7845;13.1345;13.5099;13.6262;13.257;13.8162;13.7544;14.1801;15",13.7012,"0.6;0.2;0.2"
21.7051,1.08574,0.243042,"1;1.76052;2.70841;3.58772;3.99276;4.71751;5.56254;6.35947;7.0195;7.48223;8.4791;9.47598;10.293;11.1578;11.5317;12.2045;13.188;14.042;14.8093;15.7947;16.6715;17.3935;18.2428;18.7183;19.4462;20.0514;21","15;14.4504;14.5581;14.8129;15.0809;15.51;15.636;16.0674;16.0121;16.071;15.992;15.913;15.8623;16.3256;16.49;16.6181;16.4372;15.9168;16.5582;16.7282;16.2474;15.6534;15.1579;14.8426;14.8891;15.0233;15",13.3309,"0.6;0.25;0.15"
22.2097,1.04787,0.315019,"1;1.78352;2.57514;3.00718;3.77796;4.62319;5.14185;5.91932;6.29154;7.21359;8.20236;8.69159;9.22905;10.1611;10.62;11.4972;11.7719;12.3559;13.0051;13.9347;14.8786;15.8731;16.8032;17.5947;18.3003;19.2808;20.1607;20.608;21","15;15.4161;15.5832;15.6251;16.1576;16.0095;16.2448;16.6357;16.7619;17.149;17.2984;17.3872;17.2713;17.289;17.2993;17.3191;17.7349;17.9322;18.1702;17.8016;17.4715;17.5768;17.5083;17.3172;17.35;17.1535;16.6782;15.7838;15",13.6717,"0.6;0.3;0.1"
21.5825,0.997747,0.238638,"1;1.26918;1.96872;2.96794;3.96507;4.94278;5.56633;6.47187;7.30936;8.07339;8.81669;9.74045;10.3718;11.1016;11.9634;12.8491;13.2799;13.9537;14.4905;14.9986;15.6379;16.5009;16.8805;17.7907;18.7732;19.3578;20.3363;21","15;15.0575;15.2482;15.2088;15.2845;15.4945;16.2763;16.432;16.7596;16.6373;16.0153;16.0091;15.8739;15.4051;15.4964;15.507;15.3978;15.7368;15.5435;15.3705;15.1325;15.0325;15.3797;15.6279;15.8139;15.7052;15.6703;15",13.3106,"0.6;0.35;0.05"
21.5176,0.986591,0.239566,"1;1.97579;2.88442;3.85653;4.12975;4.92664;5.75382;6.74145;7.67007;8.58212;9.37698;10.2365;11.1895;12.0637;13.0586;14.0443;14.8789;15.2046;15.8959;16.5823;16.9853;17.3252;18.2552;19.0531;19.9064;20.5937;21","15;14.7813;14.8233;14.6227;14.6667;14.8076;14.514;14.6709;15.0385;15.0541;15.6609;16.172;16.475;16.9605;17.0614;16.8927;16.4212;16.2704;16.081;15.4846;15.4191;15.2717;15.0102;15.1437;14.646;14.6047;15",13.3052,"0.6;0.4;0"
25.8269,1.07258,0.339896,"1;1.87608;2.60252;3.09325;3.66444;4.59954;5.41264;6.2117;6.45653;7.17485;8.02891;8.9963;9.45029;9.85315;10.3956;10.9523;11.5615;12.219;13.0051;13.2797;13.6045;14.0701;15.0255;15.8737;16.0862;16.8569;17.0778;17.7119;18.3395;19.0412;19.6622;20.3104;21.1632;21.0125;21","15;15.4185;15.6251;15.7568;16.2448;16.5992;16.9631;17.2601;17.1286;16.6548;16.9121;17.0417;16.166;15.7979;15.2343;15.5841;15.0953;15.1797;15.6254;16.5253;17.3107;17.6212;17.4833;17.9775;18.0789;18.2494;17.6908;17.1614;16.8246;17.1781;17.012;16.4194;16.0705;15.082;15",16.9065,"0.65;0;0.35"
22.2054,1.02028,0.232727,"1;1.99569;2.77468;3.61583;4.36945;5.30362;6.1698;6.99015;7.84463;8.78031;9.52602;10.3541;10.9392;11.7904;12.5109;13.4631;13.8833;14.8821;15.8401;16.5076;17.0517;17.9157;18.8826;19.7421;20.5303;21","15;15.0927;14.6377;14.1275;14.0372;13.9812;14.4809;15.0528;15.5723;15.665;15.5769;15.2273;15.714;15.2979;15.1601;15.2445;15.3425;15.2944;15.2187;15.0681;14.4272;14.2521;14.0818;13.6536;14.1715;15",14.5544,"0.65;0.05;0.3"
21.0815,1.09669,0.231668,"1;1.79077;2.76044;3.7586;4.62761;5.53206;6.04868;6.95308;7.76584;8.61404;9.43687;10.2895;11.0712;11.8397;12.8007;13.7851;14.7433;15.7321;16.723;17.5752;18.502;19.2685;20.2632;21","15;15.6121;15.8565;15.7959;15.3627;15.6204;15.8251;16.2518;15.8838;16.0342;16.2274;16.2484;15.7875;15.6463;15.37;15.5099;15.5675;15.7166;15.5818;15.4258;15.722;15.1786;15.076;15",13.8705,"0.65;0.1;0.25"
22.8541,1.16247,0.250054,"1;1.78168;2.7803;3.24473;4.24088;5.24003;6.20433;6.90268;7.90048;8.63939;9.472;10.4518;11.4469;12.4342;13.1735;13.9072;14.7332;15.1932;16.1115;16.8434;17.4866;18.2838;18.3877;19.262;20.0017;20.2008;21","15;15.6237;15.6762;16.5618;16.4742;16.4328;16.6976;16.2355;16.1894;15.7427;15.7547;15.8761;15.9744;15.8156;15.1422;14.4627;13.9865;13.5402;13.8439;13.4759;13.1915;13.7347;14.1961;14.2221;14.474;14.7044;15",15.0795,"0.65;0.15;0.2"
21.9684,1.06657,0.242559,"1;1.93575;2.91608;3.37042;4.18112;4.69574;5.62164;6.56995;7.5669;8.54463;9.53901;10.5384;11.3945;11.8367;12.7548;13.1543;13.5968;14.5287;15.2765;15.8269;16.6432;17.1119;17.7507;18.5917;19.3174;19.8428;20.7387;21","15;14.6473;14.8447;15.7355;16.0687;16.0946;15.8116;16.129;16.051;16.2608;16.3667;16.4018;16.0931;15.9678;15.8905;16.3643;16.356;16.1072;15.4434;15.2021;14.8407;14.7245;14.3451;14.4501;14.9249;14.9003;14.6854;15",14.5292,"0.65;0.2;0.15"
21.9768,1.02364,0.240865,"1;1.9376;2.77997;3.55728;3.80192;4.5286;5.0755;5.6404;6.42258;6.92246;7.92085;8.78423;9.77912;10.779;11.3972;12.3164;13.3067;14.2875;15.1662;16.0224;16.7778;17.6355;18.4132;18.9847;19.6895;19.9747;20.2179;21","15;15.2134;15.121;14.8915;15.0011;15.6845;16.4604;16.2879;15.8047;15.6574;15.6005;15.096;15.197;15.2093;15.9954;16.3892;16.5284;16.3335;15.8561;15.3395;15.2645;15.0313;15.123;15.1563;15.0515;14.845;14.8333;15",14.5649,"0.65;0.25;0.1"
21.7669,0.992603,0.240162,"1;1.92721;2.66139;3.57866;4.23645;5.16213;6.1052;7.09884;8.01076;8.79127;9.7811;10.4513;11.4491;11.9555;12.7189;13.5014;13.8557;14.7009;15.6432;16.129;16.654;17.4897;18.4207;19.1916;19.5332;20.3624;21","15;14.9575;15.065;14.7958;15.3992;15.7588;15.4262;15.3136;15.724;15.5155;15.5454;15.6878;15.6227;16.485;16.5144;16.171;16.1798;15.6453;15.6402;15.566;15.9523;16.2513;16.2159;16.02;15.8199;15.5138;15",14.4583,"0.65;0.3;0.05"
24.5652,1.05332,0.284034,"1;1.87893;2.87886;3.87651;4.81532;5.66447;6.53655;7.51534;8.33022;8.55389;9.51819;10.157;11.1003;11.5348;11.9864;12.4934;13.217;13.9875;14.467;15.4593;15.7167;16.4954;17.1492;17.8064;18.2945;18.7378;18.7053;19.7044;20.5376;21","15;15.4769;15.4648;15.5332;15.1888;14.8593;14.7571;14.5522;15.1318;14.9479;14.849;15.2207;14.8888;15.7895;16.0724;16.1218;16.5058;17.1431;17.3405;17.234;17.131;17.2928;17.7053;16.9516;16.0788;15.1824;14.183;14.1403;14.6932;15",16.3361,"0.65;0.35;0"
24.3405,1.39036,0.244777,"1;1.44303;2.12565;2.98732;3.06554;3.56151;4.43568;5.31296;5.71932;6.57695;7.3994;8.13147;8.96205;9.9154;10.9025;11.7656;12.6713;13.2021;14.0399;15.0285;15.9565;16.4147;17.0764;17.9224;18.417;19.0857;19.5171;20.1719;20.3149;20.487;21","15;14.3244;13.8038;13.4508;13.3387;12.6011;12.1154;11.6355;11.5955;11.1672;10.9702;10.7358;10.7524;11.0543;10.8943;10.7876;11.0551;10.4494;10.1432;10.155;10.2272;10.4051;10.5842;10.9379;11.4113;12.142;12.4837;12.7497;13.4824;14.29;15",17.1118,"0.7;0;0.3"
21.8221,1.03523,0.236279,"1;1.90162;2.86333;3.8295;4.8218;5.80693;6.66302;7.63599;8.60318;9.22171;9.8943;10.6916;11.2962;11.8092;12.0238;12.9782;13.9782;14.5442;15.5045;16.4938;17.1299;17.761;18.4552;19.166;19.2697;20.2012;20.4361;21","15;15.4325;15.7066;15.9645;15.8407;15.6688;16.1857;15.9547;15.7007;15.6689;15.8342;15.999;16.0489;15.6991;15.3171;15.0186;15.0162;14.4675;14.1886;14.3347;14.5565;14.7243;15.1706;15.838;15.8437;15.6285;15.2669;15",15.3863,"0.7;0.05;0.25"
22.3436,1.14442,0.235394,"1;1.71771;2.70665;3.55667;3.90945;4.6269;5.60723;6.59028;7.26081;8.18948;9.18898;10.1868;11.0692;11.9668;12.8588;13.6451;14.0749;14.894;15.3176;16.119;16.5309;17.3717;18.0757;18.6466;19.2588;19.4754;20.1307;20.7517;21","15;15.6963;15.7322;15.8333;15.8079;15.7453;15.756;15.7767;15.7761;15.4052;15.3736;15.3073;15.262;15.0451;14.5931;14.7682;14.5324;13.9586;13.4155;13.3188;12.8353;12.54;12.5063;13.3118;13.4827;13.6139;14.1734;14.6073;15",15.802,"0.7;0.1;0.2"
24.9312,1.06961,0.888566,"1;1.94693;2.54148;2.80246;3.73718;4.5531;5.46644;6.46146;7.01459;7.75409;8.2752;8.3909;9.30847;9.90062;10.8799;11.4168;12.14;12.6968;13.6757;14.5559;14.9477;15.7265;16.5391;17.4317;18.2239;18.6863;18.9246;19.4894;20.2085;21","15;15.3214;15.6761;15.9363;15.9172;16.4953;16.0882;15.9885;16.7446;17.347;17.9421;18.071;18.4686;19.2744;19.4769;19.981;20.1784;21.009;20.8046;20.3299;19.4098;18.7826;18.1997;17.749;17.1387;16.8714;16.4066;16.0315;15.3365;15",17.7456,"0.7;0.15;0.15"
21.8209,1.00926,0.247012,"1;1.98846;2.53713;3.50626;4.3712;4.95477;5.54155;6.30311;6.7038;7.68819;8.5927;9.54433;9.97828;10.9342;11.9147;12.7869;13.764;14.5991;15.4119;16.3392;17.1589;17.9084;18.7168;19.3495;20.0165;20.6653;21","15;14.8485;14.9476;15.0191;14.7832;15.5952;16.3342;16.4341;16.6389;16.5178;16.7146;16.724;16.7226;17.0163;16.8199;16.3306;16.1179;15.5679;15.0118;14.6998;14.7871;14.9248;14.8124;14.5917;14.3493;14.7128;15",15.5012,"0.7;0.2;0.1"
27.3402,1.36019,2.01072,"1;2;2.33974;2.37797;3.20121;4.10956;4.72288;5.39873;6.16674;6.6526;7.5679;8.39677;8.87517;9.5625;10.5454;11.5415;12.3472;12.5268;13.3711;14.3706;15.2559;16.1965;16.9771;17.3247;17.9327;18.5809;19.3937;19.9249;20.2437;20.6452;20.7252;20.8146;20.9872;21","15;15;15.9405;16.9398;17.5075;17.9257;18.7155;19.361;19.5573;19.9933;20.3961;20.9556;21.6233;21.8568;22.0411;21.9533;21.361;20.3772;19.8414;19.8745;19.4095;19.207;18.7066;18.5426;18.1542;18.2637;18.3729;18.0406;17.7752;16.9272;16.604;16.0579;15.0729;15",19.5787,"0.7;0.25;0.05"
21.3159,0.973459,0.231627,"1;1.99773;2.98105;3.98104;4.96075;5.53768;6.17576;6.9761;7.58187;8.20999;9.00532;9.97696;10.9768;11.6805;12.531;13.3565;14.221;14.7516;15.5975;15.956;16.873;17.5791;18.1158;18.816;19.7883;20.3479;21","15;14.9327;14.7508;14.756;14.5556;14.7347;14.9173;15.1159;15.2423;15.6606;15.7058;15.9422;15.9252;16.1347;16.5646;16.4062;16.1364;15.5277;15.2467;15.0244;14.8535;15.2936;15.4184;15.6118;15.8182;15.4061;15",15.2132,"0.7;0.3;0"
21.5071,0.97898,0.252913,"1;1.99998;2.83566;3.68357;4.61814;5.18654;6.01348;6.65113;7.30385;7.62047;8.52269;9.45301;9.88687;10.6251;11.5576;12.5049;13.4935;14.4824;15.3838;15.9386;16.7357;17.1416;18.0934;18.8339;19.2409;20.1348;21","15;15.0066;15.0862;15.1579;15.5137;15.7215;16.1147;16.2992;16.7424;17.0209;17.1555;17.2396;17.3527;16.9704;16.8676;16.5474;16.3965;16.5255;16.5232;15.898;15.2978;14.7474;15.0541;15.0303;14.9926;15.1657;15",16.1936,"0.75;0;0.25"
23.9199,1.04745,0.440697,"1;1.98641;2.87338;3.85942;4.52658;4.68773;5.3598;6.24478;6.8659;7.5063;8.14194;8.8902;9.55458;10.3604;10.9925;11.6294;12.6093;13.3824;13.8665;14.6418;15.3819;16.348;17.0649;18.0404;18.599;19.4843;20.1243;21","15;15.1643;15.1524;15.1079;15.6929;16.6718;16.5584;17.024;17.7897;18.4621;18.8929;18.8817;18.6979;18.7252;19.3132;19.2147;19.0149;18.4617;17.6473;17.405;16.8416;16.5834;15.8862;15.6665;14.837;14.8881;14.9867;15",18.0805,"0.75;0.05;0.2"
21.206,0.992204,0.228015,"1;2;2.86174;3.85147;4.8331;5.74849;6.73393;7.4969;8.10211;8.70863;9.54747;10.3507;11.141;11.827;12.7145;13.0476;13.6502;14.0943;14.5717;15.4416;16.2401;16.7503;17.7274;18.5222;19.3296;20.3128;21","15;15;15.5074;15.3644;15.1736;14.8706;14.975;15.1568;15.1264;14.9642;14.9363;14.9065;15.4057;15.7221;15.6856;15.6764;15.5007;15.9988;15.9926;16.0897;15.9766;16.0992;15.8867;15.2798;14.6899;14.8724;15",16.0379,"0.75;0.1;0.15"
21.5724,0.992969,0.228478,"1;1.98489;2.73371;3.64585;4.5809;5.27579;5.85434;6.52144;7.46971;8.04824;8.74808;9.62757;10.2553;10.6597;11.3519;12.2667;12.8377;13.5072;14.0031;14.6715;15.5525;16.5525;17.5521;18.2868;19.0316;19.9706;20.6604;21","15;14.8268;14.8164;14.4687;14.599;14.9637;14.6236;15.0832;15.2821;15.3962;15.3487;15.4744;15.6409;16.0756;15.3996;15.2316;15.062;15.7483;15.6562;15.4595;15.0204;15.0166;15.0437;15.0613;14.9115;14.7811;15.1635;15",16.3511,"0.75;0.15;0.1"
24.8019,1.09872,0.374519,"1;1.84522;2.3201;3.11854;3.88727;4.80301;5.27793;5.68138;6.57061;7.37346;7.86654;8.60169;9.42835;9.80215;10.6458;11.3078;11.9409;12.3812;13.0904;13.4563;14.0983;14.7092;15.6581;16.469;17.0446;17.4318;17.8671;18.4047;18.5492;18.5226;18.887;19.7799;20.6031;20.8602;21","15;15.5344;15.7624;16.0521;16.1484;16.283;16.4878;17.2651;17.6391;17.5948;17.7179;17.8802;17.8593;17.757;18.1905;18.4107;18.3071;18.0455;17.7926;17.7832;17.8026;17.8473;18.1627;17.7706;17.681;16.8484;17.3324;16.4893;15.4997;15.3258;14.5451;14.1585;14.7262;14.5062;15",18.8399,"0.75;0.2;0.05"
23.4374,1.01151,0.270371,"1;1.87124;2.36478;3.07405;4.01859;4.78081;5.57482;6.15132;6.97248;7.83401;8.54821;9.37137;9.59282;10.345;11.1062;11.8828;12.7651;13.4775;14.4767;15.3383;16.2792;17.2607;17.9247;18.7693;19.6593;20.634;20.8674;21","15;14.8398;14.713;15.1497;14.8436;15.0972;15.1764;14.8885;14.5764;14.7222;14.8758;15.1859;15.4052;16.0641;16.7126;17.3426;16.872;16.1702;16.1282;16.6357;16.5914;16.4045;16.8274;16.292;16.748;16.5246;15.5522;15",17.8309,"0.75;0.25;0"
21.9327,1.08273,0.260655,"1;1.83239;2.55274;3.06221;3.56702;4.34843;4.83697;5.26256;6.21959;7.1159;8.11263;9.02787;9.90923;10.9013;11.5503;12.4599;13.0922;13.6568;14.5618;15.4672;16.3559;16.812;17.7631;18.491;19.3914;20.3228;21.032;21","15;15.5542;15.8851;16.0418;16.261;16.2015;16.1826;16.2792;16.5692;16.1257;16.0449;16.4478;16.9203;17.0457;16.8969;16.7833;16.8038;16.9017;16.4763;16.1576;15.8716;15.9934;16.1896;16.4163;16.0364;16.1924;15.6374;15",17.5983,"0.8;0;0.2"
21.7014,1.12516,0.256391,"1;1.80535;2.66774;3.51511;4.30563;4.90711;5.89983;6.62057;7.15722;7.81578;8.45131;9.20039;10.0412;11.0403;11.8962;12.8839;13.3891;14.2656;15.1454;15.3797;16.0582;17.0203;17.5557;18.4147;18.5852;19.3138;20.0657;20.2603;21","15;15.5928;16.0991;16.6301;16.9884;16.9531;16.8326;16.998;17.0801;17.1068;16.999;16.633;16.8418;16.8841;16.367;16.2109;16.0353;15.8376;15.6942;15.7076;15.1612;14.9914;14.6945;14.5178;14.819;14.9585;14.601;14.4854;15",17.4558,"0.8;0.05;0.15"
21.5124,1.0118,0.24218,"1;1.87282;2.81162;3.57968;4.57813;5.31633;6.2723;7.26417;8.24866;9.24101;10.1362;11.1164;12.09;12.8706;13.3794;14.2814;14.6822;15.6692;16.2274;17.1154;17.6517;18.6174;19.1797;19.7148;20.4102;21","15;15.1828;15.2253;15.8657;15.9214;16.5959;16.8894;16.7622;16.5867;16.4632;16.2935;16.3152;16.5434;16.0947;15.5783;15.2758;15.2049;15.0905;15.0065;14.5468;14.3798;14.5479;14.245;14.4054;15.0055;15",17.3353,"0.8;0.1;0.1"
21.8621,1.06503,0.315305,"1;1.76702;2.5326;3.1858;4.13905;5.00366;5.70219;6.21854;6.61721;7.45913;8.25554;8.87785;9.47929;10.3246;11.2433;12.0075;12.9003;13.8997;14.7298;15.0622;15.8693;16.6853;17.3148;17.7717;18.6374;18.7499;19.5389;20.1713;21","15;15.4863;15.4765;15.8875;15.8002;15.9709;16.1435;16.2389;16.7148;16.9054;16.9924;16.9318;17.1619;17.1477;17.5426;17.8838;18.2049;18.1716;18.3069;18.2457;18.1541;17.576;17.1281;16.9159;16.4532;16.08;15.6797;15.4947;15",17.6652,"0.8;0.15;0.05"
22.0476,1.01526,0.256997,"1;1.61696;2.33994;2.89277;3.58621;3.97096;4.77255;5.38705;6.15893;6.38413;7.34794;8.05912;9.05279;9.50691;10.1342;10.6294;11.072;11.6674;12.3739;13.2295;13.8367;14.6758;15.2579;15.7592;16.5726;17.539;18.0678;18.9707;19.4836;19.7733;20.6293;21","15;15.21;15.3019;15.2871;15.5354;15.5927;16.1452;16.659;16.664;16.5827;16.7451;17.3467;17.3935;17.3163;17.1664;16.8213;16.6377;16.4587;15.9159;15.664;15.9182;15.4618;15.2261;15.1374;14.9307;15.1745;14.9867;14.609;15.1701;15.0113;15.4032;15",17.8411,"0.8;0.2;0"
20.9289,0.973917,0.222325,"1;1.99019;2.98853;3.96035;4.93078;5.93059;6.9216;7.82184;8.79937;9.61965;9.82148;10.572;11.3655;12.0722;12.4991;13.2107;13.9328;14.8225;15.7935;16.7299;17.5969;17.8728;18.7682;19.3348;19.846;20.531;21","15;15.1397;15.082;14.8462;15.0876;15.107;15.2408;15.3271;15.2626;15.0178;15.0792;15.4684;15.9141;15.7409;15.7731;15.2684;15.1202;14.9222;14.9039;15.0109;15.0578;14.964;15.1802;15.3162;15.6191;15.4879;15",17.823,"0.85;0;0.15"
22.0862,1.07331,0.261854,"1;1.27316;2.10692;2.97971;3.70787;4.43127;4.94959;5.90094;6.89208;7.86908;8.85357;9.5339;10.4513;11.0729;11.5713;12.3787;13.2636;13.6813;14.5417;15.3505;16.0754;16.7446;17.4656;18.3843;19.1851;20.1239;21","15;15.039;15.5422;15.2467;15.8979;16.5698;16.2138;16.2026;16.0697;16.2829;16.4584;17.1913;17.2554;17.178;16.5826;16.6904;16.374;16.8146;16.8325;16.4978;16.2661;15.9372;15.5843;15.69;15.5481;15.3517;15",18.8532,"0.85;0.05;0.1"
24.4985,1.05865,0.249981,"1;1.96466;2.51686;3.04047;3.71396;4.51106;4.96214;5.48497;6.26;7.02914;7.88195;8.76596;9.76033;10.6254;11.2257;11.9113;12.5172;13.021;13.6504;14.0032;14.933;15.4267;16.2608;16.9285;17.5926;18.4198;18.7334;19.4968;19.8498;20.6751;21.4205;21","15;15.2635;14.9163;14.9584;14.694;15.0584;14.6536;14.7948;15.0819;14.8729;14.3507;13.8832;13.7773;13.6755;13.5626;12.8347;13.1935;12.7774;12.3515;12.46;12.174;11.3682;11.8771;11.9826;11.9556;11.9442;12.7995;13.4222;13.4575;13.9721;14.1805;15",20.9421,"0.85;0.1;0.05"
21.8799,1.12962,0.236019,"1;1.44775;1.99125;2.67604;3.51303;4.50745;5.07329;6.0612;6.73997;7.56987;7.77302;8.75682;9.19652;10.1502;10.9714;11.4877;11.9583;12.6868;13.3757;14.0143;14.4036;15.3929;16.3851;16.985;17.9192;18.115;19.0379;20.0322;21","15;15.414;15.621;16.0359;16.0749;16.1466;16.5037;16.6587;16.38;16.2912;16.0348;15.8555;14.9574;14.7534;14.763;14.7637;14.38;14.4168;14.3247;14.0978;13.7652;13.6195;13.4947;13.9719;14.289;14.4052;14.7902;14.8965;15",18.7674,"0.85;0.15;0"
25.9952,1.17144,0.370786,"1;1.99965;2.05431;3.00399;3.68991;4.0868;4.64898;5.55437;6.20939;6.76961;7.59802;8.44574;8.98888;9.73516;10.6273;10.8468;11.5393;12.007;11.9543;12.2392;12.6007;13.5756;14.5672;15.5455;15.8657;16.3625;16.6743;16.6364;16.9989;17.4258;18.2693;18.6951;19.3432;19.9696;20.3322;21","15;14.9734;15.6306;15.9349;16.1848;16.5072;16.8078;17.2324;17.988;18.1417;18.5995;18.4393;18.7912;18.5316;18.097;17.7876;17.581;16.7636;16.2785;15.7169;15.2605;15.0378;14.9083;15.1154;15.7862;15.9162;15.1332;14.7349;15.1007;15.8127;15.9835;15.5959;15.2657;15.5779;15.4395;15",23.4327,"0.9;0;0.1"
27.0432,1.01441,0.408285,"1;1.99687;2.99181;3.6856;4.65747;5.65634;6.6549;7.50985;8.49209;9.49208;10.4069;10.8522;11.4079;12.0517;12.9273;13.3045;14.2837;14.4832;15.3721;15.8468;16.725;17.2622;17.8029;18.2775;18.6673;18.9525;19.6959;19.9181;20.7348;20.8077;21.0425;21.6036;21.6086;21.9283;21","15;14.921;14.8204;15.5406;15.7761;15.8238;15.7702;15.2515;15.0639;15.0588;15.338;15.5374;15.9663;16.4755;16.7604;17.2603;17.463;17.4869;17.9072;17.9351;18.2187;18.5167;18.6757;18.4609;18.0574;17.8303;18.1936;19.0268;18.4497;17.6395;17.1619;16.4002;15.9888;15.0412;15",24.4101,"0.9;0.05;0.05"
23.1469,1.0744,0.282157,"1;1.85425;2.7729;3.5831;4.49931;5.18288;6.05006;6.25569;7.18046;7.8105;8.70122;9.59926;9.84616;10.7829;11.7639;12.5219;13.2014;13.5583;14.5182;15.243;15.7167;16.0709;16.7145;17.3403;17.9977;17.9868;18.297;18.6284;19.2417;19.9844;20.3391;21","15;15.5199;15.3191;15.6783;15.2776;15.0586;15.3072;15.1809;14.8003;15.5769;15.9366;16.2155;16.271;16.4006;16.4865;16.5596;16.9238;17.2837;17.1679;17.1764;17.3475;17.5643;17.8083;17.8372;17.2575;16.9087;16.0675;15.3072;15.476;15.279;15.1624;15",20.9397,"0.9;0.1;0"
24.1891,1.07341,0.286863,"1;1.51244;2.11118;2.83516;3.81307;4.44312;5.31882;6.22344;7.10296;7.61596;8.29787;9.02907;9.34956;10.1177;11.0075;11.9813;12.6072;13.4316;14.1087;14.8501;15.6071;15.5972;16.5652;16.6903;17.2082;17.8935;18.506;19.1263;19.8386;20.7362;21","15;14.7071;14.935;14.8884;14.6794;15.2461;15.7289;15.9003;15.6574;15.8405;16.4328;16.8631;17.6777;17.6461;17.5945;17.3674;17.1587;16.9153;16.6316;16.5333;16.5105;15.5105;15.2597;14.9504;14.295;13.8181;13.5322;13.5124;13.7257;14.0872;15",22.994,"0.95;0;0.05"
21.9308,1.61723,0.257758,"1;1.27383;2.09433;3.04062;3.94346;4.80738;5.33016;6.32225;7.15582;8.09321;9.0932;9.87878;10.6524;11.3386;11.825;12.6359;13.3819;13.6725;14.668;15.6292;16.5603;17.4213;18.3787;19.0467;19.7334;20.4448;21","15;15.9618;16.5334;16.8567;17.0959;17.083;16.9825;16.857;16.3046;16.6529;16.6483;16.8586;16.6011;16.2654;16.1754;16.04;15.9999;15.9404;15.8467;15.5708;15.206;14.7635;14.6621;14.265;14.6513;15.0094;15",20.9151,"0.95;0.05;0"
23.1843,1.05243,0.323704,"1;1.85545;2.54684;3.41791;3.97268;4.1168;4.76949;4.99436;5.87061;6.20597;6.83646;7.1303;7.51715;8.48984;9.0354;9.71885;10.5625;11.056;11.8787;12.8368;13.1831;13.9197;14.4118;15.3415;16.3238;17.2129;17.9938;18.6301;19.5303;20.0733;21","15;15.1105;15.3821;15.1738;15.9416;16.1852;16.6218;16.6757;16.5488;16.9087;17.3033;18.0974;18.5899;18.3578;17.7262;17.9135;17.6857;17.515;17.728;17.4414;17.0612;16.6511;16.2891;15.9209;15.7334;16.1911;16.0884;15.8098;15.3744;14.9723;15",23.1843,"1;0;0"
