Length, Risk, TravelTime, Paths.x, Paths.y, Cost, Weight
22.0949,115.915,0.251594,"1;1.99238;2.94353;3.85286;4.29825;5.28408;6.03396;7.03368;7.97218;8.96493;9.42529;10.3159;10.8171;11.8057;12.8015;13.7738;14.3372;15.2904;16.2768;17.1582;17.8552;18.4228;18.8693;19.7169;20.4596;21","15;15.1232;15.4319;15.1445;14.5255;14.6933;15.3549;15.3312;15.6764;15.5562;15.7128;16.0634;16.2799;16.4301;16.5223;16.2888;17.115;16.8124;16.6483;16.7957;16.4379;16.1505;15.5023;15.2833;15.3855;15",0.251594
"0;0;1"
29.0039,2.88733,1.2091,"1;1.6843;2.42351;3.35327;4.17067;5.16556;6.04089;7.01994;7.94392;8.57366;9.36481;9.65788;9.85124;10.6852;11.0589;11.5332;12.189;12.984;13.2823;14.0088;14.5107;15.0856;15.9479;16.9271;16.6119;17.1138;17.9005;18.5643;19.449;20.1303;20.8143;21.1201;21.4668;21.4346;21.3789;21.1592;21","15;15.7292;16.4027;16.7709;17.3469;17.4479;16.9644;17.168;17.5504;17.6413;17.9154;18.4919;19.3284;18.9246;19.7622;20.0536;20.1058;20.2582;20.1726;20.1122;20.2633;20.5391;20.9468;20.7439;19.7949;18.93;19.4491;19.3368;18.9775;18.6634;18.757;17.9573;17.2845;16.4626;16.1109;15.1692;15",1.29301
"0;0.05;0.95"
23.9611,8.74756,0.339188,"1;1.99357;2.98986;3.98979;3.96832;4.62492;5.21699;5.93418;6.25442;6.75197;7.63656;8.35694;8.99953;9.75198;10.068;10.756;11.5319;12.0344;12.8635;13.3955;13.81;14.7907;15.6275;16.5355;17.2668;17.8748;18.1706;18.8396;19.5337;20.2953;20.8959;21","15;14.8868;14.8007;14.8117;15.4394;16.1702;16.0281;16.349;16.3654;17.1363;16.87;16.776;17.2631;16.8167;16.5629;16.4554;17.0862;17.3834;17.5949;17.9837;18.2513;18.0556;18.2597;18.2485;17.7867;17.8103;17.1183;16.6725;16.0169;15.938;15.1385;15",1.18003
"0;0.1;0.9"
24.8071,2.3582,1.10415,"1;1.97985;2.72048;3.32373;3.21128;3.84403;4.30809;4.94673;5.7389;5.90893;6.54456;7.46449;8.44891;9.44863;10.3403;11.28;11.7663;12.6662;13.5354;14.2387;14.8932;15.098;15.735;16.6321;17.0502;18.0039;18.9578;19.7431;20.7285;21","15;15.1997;15.8716;16.6692;17.6628;18.4372;18.9216;19.0166;19.4982;19.7389;20.3211;20.7132;20.889;20.8655;20.4128;20.0707;19.9334;19.7395;19.2451;18.6064;18.195;17.9242;17.5934;17.1515;16.2431;15.9424;15.6423;15.1355;15.0575;15",1.29226
"0;0.15;0.85"
24.2518,13.6228,0.316341,"1;1.74486;2.58426;3.22023;4.16497;4.90675;5.74566;6.10169;7.01648;7.62375;8.21998;9.06087;9.5824;10.5181;11.0546;11.8685;12.5281;12.8593;13.4045;13.0167;13.9019;14.896;15.6627;16.3396;17.1821;18.0307;18.9196;19.8086;20.6976;21","15;15.5572;16.0081;16.3412;16.669;16.7805;16.8486;17.402;17.7653;18.325;18.0321;17.5674;17.2417;17.2889;17.9201;17.6719;17.1018;16.6019;16.1912;15.6537;15.1885;15.0799;14.798;14.2205;13.9995;13.4703;13.9283;14.3862;14.8442;15",2.97763
"0;0.2;0.8"
25.2124,4.27791,0.412125,"1;1.93806;2.92166;3.8928;4.40753;4.97577;5.83691;6.33264;6.94976;7.94691;8.2871;8.39393;9.11495;10.0959;10.5238;10.8968;11.0674;11.513;12.3344;13.235;13.8914;14.4881;15.4347;16.1574;16.4356;17.201;17.9393;18.2987;19.281;19.5336;20.0657;20.5979;21","15;15.3465;15.1661;15.4046;16.262;16.8027;16.9864;17.3789;17.1478;17.1892;18.1281;18.5342;18.8192;18.7993;18.3535;17.9583;17.2813;17.1208;17.5759;17.1453;17.2817;17.4678;17.453;18.1442;18.362;18.1488;17.8913;17.8398;17.8096;17.3331;16.4864;15.6398;15",1.37857
"0;0.25;0.75"
24.9133,2.42469,0.690312,"1;1.85166;2.70661;3.35185;4.18173;4.71249;5.15951;5.94877;6.60147;7.12213;7.76811;8.72826;9.39003;10.0863;10.7878;11.7036;12.6942;13.6939;14.2439;14.8563;15.174;16.0231;16.7043;17.666;18.4102;18.6093;18.8164;19.5059;20.2932;20.571;21","15;15.5241;15.8443;15.813;15.9669;16.5267;17.4212;18.0353;18.7929;19.6467;19.1988;19.0564;19.0726;19.0068;19.4774;19.0759;18.939;18.9128;19.074;19.4239;19.4658;19.0645;19.3133;19.2508;18.5828;17.9379;17.2938;16.5695;15.953;15.4415;15",1.21062
"0;0.3;0.7"
29.616,4.63723,0.888553,"1;1.33341;1.94356;2.89923;3.31389;4.07687;5.01833;5.92703;5.92193;6.42826;6.86512;7.43473;8.40129;9.20829;9.36845;10.0012;10.5225;10.7742;10.4926;10.5917;11.5907;12.4816;12.8782;13.4925;14.0568;14.8445;15.4665;15.3647;16.1355;16.4209;17.0073;17.9325;18.3899;17.9975;18.9251;19.8408;20.5244;21","15;14.9242;14.6688;14.9293;14.4679;15.0207;15.3578;15.7752;16.4519;16.9432;17.5233;17.8529;18.029;17.5738;17.0262;16.7621;17.1815;18.1308;18.9786;19.9736;20.0172;20.2552;20.1043;20.3296;20.4636;20.5222;19.8959;19.4221;18.9163;18.0418;17.8285;17.7387;17.0461;16.2089;15.8354;16.2374;15.5076;15",2.20059
"0;0.35;0.65"
25.563,3.35191,0.41486,"1;1.83626;2.31704;2.74827;3.36951;4.03264;5.0246;5.86802;6.62037;7.33464;7.72647;8.09156;9.01769;9.93739;10.9057;11.7089;12.5403;13.3821;14.283;14.7678;14.98;15.1304;15.7605;16.4478;17.0069;17.4151;17.2247;17.9023;18.3027;19.2436;19.9439;20.7045;21","15;15.5483;15.928;16.3331;16.2456;16.1553;16.1945;16.6467;17.0859;17.7858;18.169;18.4393;18.556;18.7649;19.0145;18.4188;17.8631;18.1466;18.4771;18.3327;17.6567;16.8582;16.1966;15.9664;16.2771;16.2398;15.2678;15.0931;14.6937;14.5077;14.0145;14.0819;15",1.58968
"0;0.4;0.6"
35.5131,2.26103,3.9321,"1;1.60238;2.12274;3.06605;3.98254;4.01791;4.17217;4.84455;5.8348;6.4606;7.38059;7.90103;8.42099;9.22279;10.0799;10.7818;11.6456;12.4361;13.3956;13.5719;14.1901;14.7438;14.9179;15.7764;16.2618;16.99;17.9307;18.6692;19.6226;20.0324;20.7602;21.7013;22.3884;22.6891;22.8286;22.5723;22.1349;22.0735;22.9423;23.2493;23.1659;23.261;22.7645;22.0319;21.5921;21","15;14.841;15.4952;15.639;15.8811;16.7244;17.4649;17.963;18.0982;18.7496;19.1415;19.0933;19.4263;19.9383;20.0688;19.9285;19.7575;19.9198;20.0649;20.239;20.7333;21.2377;21.4236;21.9365;22.8108;23.4961;23.1569;22.4827;22.1808;21.8205;21.5794;21.4893;21.7931;21.3137;20.3445;20.048;19.2048;18.4674;18.0214;17.6462;16.7756;15.9792;15.8597;15.4877;15.6336;15",3.18012
"0;0.45;0.55"
30.1768,2.63127,1.28788,"1;1.832;2.27092;3.27037;3.0579;3.73376;4.59725;5.18978;5.6697;6.40278;7.28626;8.09381;8.91068;9.0644;9.58423;10.0035;10.6555;11.61;11.7649;12.3091;12.4634;13.2183;14.0325;15.0136;15.4604;16.3895;16.7054;17.5639;18.3989;19.0157;19.5674;20.1493;21.1316;21.9322;21.4974;21","15;15.5548;16.4533;16.4866;17.4598;17.773;18.2774;19.0725;19.0515;18.5552;18.6284;18.7353;18.53;19.1971;19.9548;20.3588;20.9222;21.1723;20.4589;20.0422;19.0617;19.6081;19.7781;19.9336;20.1811;20.0876;19.457;18.9985;18.7574;18.2486;17.4145;16.6013;16.7887;16.1895;15.3827;15",1.95958
"0;0.5;0.5"
24.5945,2.90093,0.52939,"1;2;2.82947;3.2325;3.95256;4.86992;5.33511;5.82754;6.61171;7.54397;8.14628;9.05939;9.84502;10.3758;10.8706;11.0964;11.7427;12.2613;13.0905;13.6916;14.2503;14.9039;15.8288;16.5846;16.7131;16.9216;17.7335;17.9247;18.3655;19.2041;19.7431;20.4978;21","15;15;15.5585;16.2392;16.6286;16.9036;17.2857;17.5169;17.6571;18.001;18.6723;18.3436;18.2604;18.4844;19.3534;19.8314;20.0927;19.6636;19.1594;18.6143;18.0537;17.5061;17.1259;16.5818;15.8394;15.4247;15.3067;15.4773;15.3651;15.0486;14.8686;14.6688;15",1.83374
"0;0.55;0.45"
25.4319,2.30309,0.939063,"1;1.82816;2.2289;2.71049;3.26485;3.87017;4.29091;5.21178;6.21135;6.71213;7.70482;8.56286;9.40061;10.2594;11.1597;12.1373;13.0201;13.8218;14.5737;15.5551;16.5183;17.4575;18.1904;19.1059;19.7511;20.3187;21.0045;21.0426;21","15;15.5605;16.4619;16.5288;17.2949;17.7029;18.0288;18.1081;18.1375;19.0031;19.1238;19.6374;19.8863;20.1232;20.2637;20.0865;19.6961;19.2238;19.0895;19.2813;19.5502;19.8935;19.2131;18.8109;18.0468;17.2235;16.4958;15.9612;15",1.75748
"0;0.6;0.4"
27.7924,4.41215,0.490748,"1;1.6738;2.62654;3.06483;3.46709;4.15105;4.73454;5.20302;5.90607;6.68599;7.04464;7.68773;8.305;8.7449;9.34753;9.84546;10.3744;11.1126;11.4598;12.265;13.2369;14.2333;14.922;15.6036;16.4458;16.7674;17.2865;17.7253;18.6118;19.1049;19.9981;20.4995;21.3146;21.2796;20.7656;20.3532;21","15;14.7178;14.4287;14.753;15.6;16.307;15.9612;15.4657;15.788;15.7884;15.7939;15.9331;16.7199;17.3362;17.4571;17.7872;17.8315;17.4469;18.3847;18.9777;19.2129;19.1273;18.8895;18.7091;18.7836;17.864;17.3062;17.2272;17.0657;17.4922;17.7629;17.8241;17.2821;16.746;16.1827;15.5434;15",3.03966
"0;0.65;0.35"
31.0811,2.25755,3.33613,"1;1.87283;2.57821;3.47774;3.68471;4.57223;4.93105;5.47062;5.67417;6.62062;6.76299;7.22133;7.86579;8.70152;9.61422;10.0581;10.6515;11.0812;11.2206;11.804;12.2424;13.0163;13.7467;14.5241;14.953;15.605;15.9031;15.9958;16.7441;16.0842;15.6876;15.26;15.7369;16.0333;16.7031;17.5725;17.9831;17.895;18.7241;19.3781;20.0005;20.8983;21","15;15.488;15.7753;16.1282;16.2588;16.7173;17.1796;17.9903;18.5552;18.7566;19.3936;19.6303;20.3504;20.1994;20.594;20.8755;21.4779;21.7607;22.3379;22.6189;22.8698;22.8628;22.5943;22.2586;22.8434;22.243;21.6973;21.2833;20.7657;20.1721;20.1634;19.5329;18.8111;17.8614;17.7296;17.3015;17.1198;16.1954;16.1155;15.9606;15.3893;15.1663;15",2.58112
"0;0.7;0.3"
29.8437,7.65998,0.588206,"1;1.60079;1.75041;2.62273;3.52035;3.8231;4.45147;5.1264;5.95001;6.79134;7.57272;7.79036;8.60561;9.12904;9.2991;9.54985;10.1323;10.3012;10.9932;11.8956;12.0551;12.7264;13.2121;14.1662;14.3186;15.2328;16.0727;16.6711;17.628;18.299;18.9499;19.3317;20.0791;20.5915;20.443;20.5828;21.3296;21.5354;21.0481;20.5751;21","15;15.4401;15.661;15.172;15.1947;15.4342;15.6888;15.6463;15.4093;15.3179;15.5434;15.3345;15.9136;16.1585;16.8226;17.4468;18.1116;18.4075;18.6471;18.4771;18.2755;17.7238;17.5437;17.8292;17.1597;17.1059;17.6487;18.4499;18.6675;19.0257;19.2291;20.0684;19.4902;18.7391;17.8563;17.5591;16.9868;16.4098;15.5698;14.7994;15",5.89204
"0;0.75;0.25"
25.235,2.21118,1.07503,"1;1.98303;2.4183;3.29916;4.24818;4.97322;5.36345;5.37128;5.71816;6.56295;7.36884;8.03609;9.03139;9.83711;10.7862;11.6358;12.2705;12.6081;13.5369;14.5029;15.3017;16.2106;16.996;17.7718;18.423;18.8305;19.4732;19.4896;20.152;21","15;14.8166;15.7063;16.1353;16.4506;17.1393;17.6918;18.5216;18.859;19.0551;19.0814;19.8262;19.923;20.5153;20.8303;20.7711;20.4506;20.5229;20.1521;19.8937;19.2921;18.8751;18.2561;17.6252;17.0141;16.7078;16.6056;15.6058;15.4455;15",1.98395
"0;0.8;0.2"
24.049,2.44772,0.657779,"1;1.36089;2.24891;2.94991;3.394;4.24542;4.90005;5.54055;5.86053;6.37401;7.36925;8.10453;8.68115;9.3275;9.76709;10.0346;10.6724;11.5934;12.4121;12.8066;13.5026;13.8566;14.6847;14.9776;15.7128;16.1021;16.7485;17.2537;17.8601;18.5288;19.3611;20.0382;20.9852;21","15;15.0603;15.1688;15.6989;15.8025;16.1545;16.2896;16.7071;17.3939;17.3849;17.2875;17.9652;18.5119;18.8159;19.0635;19.1921;19.4882;19.5518;19.6584;19.7708;19.7126;19.8089;19.8614;19.3897;19.4417;19.4582;19.0711;18.2378;18.0788;17.3353;16.7809;16.0451;15.7238;15",2.17923
"0;0.85;0.15"
33.4632,2.12881,5.54827,"1;1.39778;2.077;1.93438;2.79375;3.21761;4.06384;4.27229;5.21271;5.508;5.9981;6.55951;7.55815;8.32121;8.59174;9.38949;9.94884;10.0481;10.5569;11.4729;12.433;13.4328;14.4137;15.3875;16.3229;17.1593;18.1564;18.5659;19.3316;19.6401;20.5893;21.1395;21.2681;21.7013;21.74;22.0237;22.5284;23.006;23.1323;22.8984;22.109;21.1983;21","15;15.1414;15.7503;16.5639;17.0752;17.981;18.5138;18.9711;19.2387;19.6134;20.0405;20.4584;20.4145;20.9769;21.0288;21.5961;22.2552;22.5229;23.1913;23.5926;23.3129;23.3284;23.1337;23.3613;23.0076;22.4595;22.3837;21.8612;21.7201;21.8641;21.8695;21.0344;20.6775;19.8743;19.2609;18.8456;18.047;17.1684;16.3343;15.4574;15.1603;15.0545;15",2.47076
"0;0.9;0.1"
28.2311,3.0578,1.23633,"1;1.62022;1.97756;2.66379;3.4379;4.37354;4.71457;5.04013;5.2813;5.4998;6.26009;6.80145;7.72529;8.13116;8.95671;9.91864;10.1731;11.1579;11.9414;12.4972;12.7854;12.9386;13.543;14.3536;15.3142;15.6662;16.0229;16.2311;15.9625;16.2864;16.0213;16.8324;17.4533;18.4467;19.4058;20.3277;21","15;15.7844;15.9251;16.3672;16.4833;16.8362;17.5013;18.2545;19.2202;19.5861;20.1009;20.148;20.3609;20.8552;20.9761;20.7624;20.9364;20.9127;20.5317;20.0162;19.5474;18.7535;18.3351;18.4238;18.146;17.7629;17.3242;16.5739;15.8178;15.1117;14.3677;14.4091;13.9321;14.0471;14.3303;14.7176;15",2.96673
"0;0.95;0.05"
30.0581,2.21477,2.31529,"1;1.72777;2.08623;2.98538;3.84908;4.2812;4.80144;5.41824;5.68765;6.36422;7.29938;7.48153;7.92396;8.18503;8.55314;9.35298;9.84401;10.4671;10.9667;11.6118;11.9757;12.4151;12.8404;13.7022;14.4985;15.2631;15.7423;15.9095;16.6559;17.2523;17.9638;18.0122;18.578;18.8794;18.1541;17.6386;17.8896;18.0556;18.9508;19.3908;20.3621;21","15;15.4291;15.6652;16.0013;16.338;16.7926;16.9603;17.6138;18.3784;18.5887;18.9429;19.6852;20.5264;20.675;21.603;21.2818;21.1892;20.6857;20.6793;20.6045;20.7019;20.9957;21.1747;21.4894;21.7872;21.5615;21.2724;20.8829;20.7332;20.5725;20.4369;19.7915;19.2475;18.4916;17.8087;17.4083;16.677;15.7093;15.7838;15.2812;15.4213;15",2.21477
"0;1;0"
22.8544,6.0681,0.304463,"1;1.99902;2.8138;3.65352;4.4107;5.18674;6.07585;6.94335;7.57743;8.02512;8.79362;9.64135;10.2179;10.9838;11.4999;11.6953;12.3585;13.3357;14.3277;15.1426;15.4055;16.0966;16.874;17.2633;17.7246;18.5962;19.4678;20.3394;21","15;15.0443;14.4645;15.0075;15.6607;15.03;15.4877;15.9852;16.4222;16.6049;16.8891;16.718;16.8481;16.9315;17.7513;17.7694;18.3437;18.1313;18.005;17.4255;17.2242;16.9007;16.7864;16.9107;16.8423;16.3521;15.8618;15.3716;15",1.43196
"0.05;0;0.95"
23.8424,7.35879,0.283463,"1;1.98548;2.84088;3.25862;4.12352;5.10495;6.103;7.09702;7.8158;8.65057;9.46102;9.74887;10.3845;10.6438;10.984;11.8197;12.2574;12.9033;13.5432;14.0615;14.2899;15.278;15.9608;16.4657;17.3332;18.293;19.1289;20.0314;20.5459;21","15;15.1698;15.5734;16.071;15.569;15.7608;15.8233;15.7142;16.0966;16.274;16.6331;16.7224;16.9043;17.8324;17.8602;17.812;17.361;17.1557;16.8485;16.4505;16.1958;16.3496;15.704;15.1433;14.6459;14.3654;13.8166;13.3858;14.2433;15",1.81518
"0.05;0.05;0.9"
27.9737,24.8886,0.282328,"1;1.98093;2.94908;3.92664;4.70964;5.04221;5.56485;5.94022;6.66134;7.44502;7.90227;8.16897;8.63843;9.58457;9.63737;10.2106;10.3315;10.7836;11.3753;12.1772;13.0817;13.4723;14.3354;15.2575;16.2363;17.2206;18.2195;18.6115;18.6019;19.0639;19.5258;19.9877;20.4496;20.9116;21","15;15.1944;14.944;14.7334;14.1113;13.1683;12.954;12.4085;12.1107;12.0826;11.1933;11.0339;10.2499;10.1171;9.55597;8.86533;8.81316;8.78023;8.46504;8.02904;8.23977;8.35773;8.63568;8.80827;8.60311;8.42706;8.47573;9.39567;10.3956;11.2825;12.1695;13.0564;13.9433;14.8302;15",4.12753
"0.05;0.1;0.85"
23.6424,3.20974,0.409143,"1;1.99309;2.89262;3.17271;3.77742;4.18178;5.16406;6.10323;7.09678;7.89301;8.45998;9.01424;9.99624;10.9471;11.9183;12.8392;13.591;14.5064;15.3621;16.1914;16.2324;16.8693;17.5988;18.4056;19.2856;19.4133;20.1017;21","15;14.8826;15.3195;15.8429;16.3963;16.7279;16.5404;16.197;16.3104;16.9154;17.5546;18.284;18.4729;18.6089;18.6522;18.2626;18.8785;18.8575;18.5166;18.314;17.7038;17.0744;16.6312;16.5584;16.3817;16.084;15.4184;15",1.9909
"0.05;0.15;0.8"
23.8301,4.5752,0.312451,"1;1.84088;2.8072;3.79596;4.52526;5.10455;5.05137;5.85157;6.68999;7.32286;8.08994;8.33554;9.13511;9.87478;10.4029;11.2308;11.862;12.8151;13.4802;13.8611;14.76;15.0106;15.1506;15.8067;16.5281;17.5246;18.4063;19.0025;19.6898;20.4286;21","15;14.7083;14.7812;14.6317;15.2934;15.4685;16.467;17.0668;17.6118;17.76;17.94;17.8435;17.921;17.6409;17.9011;17.5052;17.1263;17.3256;17.5084;17.4372;17.2543;16.6447;16.1575;15.5809;14.8884;14.9721;14.5343;14.6182;14.3156;14.5676;15",2.34088
"0.05;0.2;0.75"
24.5996,4.03745,0.340611,"1;1.8974;2.68299;2.66692;2.88619;3.1095;4.05797;4.91075;5.89985;6.8375;7.67115;8.6245;9.48862;10.4401;11.4033;11.8042;12.4235;13.3203;14.1636;14.6574;15.3264;15.5458;15.895;16.1218;16.5144;16.5086;17.1535;18.1523;18.5328;19.4733;20.3637;21.0011;21","15;14.8006;15.2914;15.8898;16.1619;16.7972;17.1141;17.6364;17.4892;17.5877;17.6478;17.8159;17.99;17.8394;17.9255;17.7117;17.5584;17.4668;17.0872;17.684;17.3663;17.0514;16.4133;15.705;15.0696;14.8455;14.0812;14.034;14.6036;14.6595;14.7615;15.0788;15",2.47777
"0.05;0.25;0.7"
22.5988,4.13906,0.304345,"1;2;2.93501;3.69535;4.65675;5.64525;6.33088;6.56999;7.01714;7.77128;7.93306;8.93298;9.89962;10.7034;11.2349;11.6999;12.4555;13.3201;14.2919;15.0978;15.9384;16.8226;17.5739;18.3211;19.1664;19.9231;20.3382;21","15;15;15.0687;15.49;15.2148;15.3661;16.094;16.493;17.1469;17.3016;17.322;17.335;17.3418;17.7216;17.845;17.6388;17.5357;17.3368;17.5724;17.9426;17.6744;17.2072;16.5473;15.8826;16.3229;16.0797;15.6574;15",2.56948
"0.05;0.3;0.65"
24.0569,3.28622,0.436414,"1;1.7694;2.68705;3.00514;3.42659;4.01623;4.83436;5.19752;5.98243;6.34961;6.78743;7.38563;8.24488;8.455;9.28284;10.2207;11.1733;12.0647;12.9937;13.8439;14.7391;15.6124;16.1356;16.5161;17.2135;18.0568;18.7136;19.6112;19.8472;20.5996;21","15;14.3612;14.6189;14.7175;14.8629;15.2956;15.665;16.4753;16.6728;16.2663;16.3099;17.1014;17.4652;17.5331;18.094;18.441;18.1369;18.5903;18.9602;19.4867;19.041;18.5539;18.0366;17.5426;17.4139;16.8764;16.1223;15.6817;15.2842;15.4078;15",2.61487
"0.05;0.35;0.6"
25.9291,4.76543,0.47901,"1;1.64242;1.9827;2.76572;3.19447;3.96626;4.61019;5.28705;5.42139;5.72043;5.95045;6.25642;7.16906;7.87942;8.31105;9.10059;9.26359;9.65026;10.4798;10.6822;11.4407;12.1431;12.3645;13.2722;13.9884;14.5471;15.2552;15.5464;16.133;17.0031;17.633;18.2328;18.9564;19.6393;20.3119;20.6764;21","15;14.9049;14.8148;14.6899;15.4629;15.7853;16.2362;16.486;17.2963;17.6545;18.5788;18.9325;18.9694;18.9401;18.2981;18.2467;17.7267;17.3329;17.2237;17.2133;16.8636;17.5754;18.2883;18.5203;18.9236;18.7859;18.5028;18.2814;18.0946;18.1535;17.9219;17.5261;16.8359;16.6237;16.3129;15.8264;15",3.46608
"0.05;0.4;0.55"
27.3139,5.03085,0.554748,"1;1.48863;2.20807;2.61019;3.46692;4.41421;5.0043;5.32784;6.27792;7.26732;8.21934;8.5742;9.21217;10.1907;11.103;11.3995;12.0021;12.6756;13.6284;14.536;15.1213;15.669;15.8346;16.7758;17.0854;18.0462;18.7472;19.5353;20.2488;21.0123;21.3466;20.8532;21.0499;21.4154;20.9837;21","15;15.5206;15.3743;16.0626;16.0048;15.8477;16.5314;16.5979;16.9099;17.0551;17.3612;17.4779;17.4808;17.2748;16.8653;17.2254;17.4873;18.2264;18.0222;17.9682;17.5067;18.3433;18.7229;18.9411;19.2079;19.4852;19.3105;19.6489;18.9482;18.3462;17.8206;17.2976;16.7123;16.0195;15.4659;15",3.90695
"0.05;0.45;0.5"
24.5932,3.22981,0.477994,"1;1.68263;2.67588;3.67449;4.67442;4.86563;5.32406;5.89933;6.52362;7.22114;7.84507;8.67974;9.27013;10.2097;10.7763;10.9703;11.813;12.7689;13.6777;13.888;14.6844;15.6272;16.054;16.9105;17.5697;18.4085;18.7823;19.5688;20.1403;21","15;15.7308;15.6148;15.5621;15.5499;16.2832;16.9025;17.6698;18.2663;18.8697;19.1445;19.5595;19.4353;19.2493;19.1049;18.2444;17.9891;18.0557;17.6888;17.3545;17.2204;17.5536;17.1615;17.4102;16.9556;16.6181;15.7101;15.1518;14.8272;15",3.05966
"0.05;0.5;0.45"
25.7995,2.98354,0.522409,"1;1.67988;2.59878;3.08785;3.50522;3.12861;3.32304;4.1804;5.18033;6.109;7.07677;7.86178;8.85337;9.50639;10.1188;10.6423;11.2521;12.1652;12.758;13.6753;14.5779;14.965;15.2275;15.4945;16.3652;17.0724;17.747;18.5501;19.3208;19.6775;20.362;20.5028;20.4749;21","15;15.5505;15.4963;16.1256;16.7779;17.2364;17.7906;18.3054;18.2934;18.6643;18.4124;18.2033;18.1737;18.4894;18.1425;18.7701;18.9589;19.2156;18.7129;19.0688;18.7749;18.5526;18.3655;17.4651;17.228;16.5638;16.7922;17.0772;16.9614;16.8676;16.6884;15.7582;15.5809;15",3.13988
"0.05;0.55;0.4"
32.8748,3.08339,3.48199,"1;1.45193;2.09972;2.30179;2.15614;2.27254;3.2182;3.29307;3.63017;3.94338;4.54858;5.00536;5.38298;5.52385;6.38024;6.96281;7.31746;7.7173;8.22733;8.74759;9.6992;10.0269;10.5722;10.8404;11.4035;11.816;12.6205;12.9338;13.4123;14.2061;15.1438;16.0352;16.1127;17.0302;18.03;18.5712;19.454;19.6618;19.9837;20.1461;20.7845;21.0533;21.3997;21","15;15.825;16.2269;17.0045;17.5263;18.0316;18.3567;19.3539;20.2954;20.7082;21.4419;22.1539;22.9249;23.4111;23.7215;23.516;22.8919;22.6271;21.7743;20.9415;21.2054;20.7771;20.1895;19.7879;19.271;19.5586;19.8733;18.9476;18.4852;18.6888;18.529;18.9066;19.1952;19.5929;19.614;18.7731;18.4735;18.0655;17.1187;16.618;16.0437;15.7924;15.1429;15",4.71247
"0.05;0.6;0.35"
24.2814,2.76302,0.541399,"1;1.62841;2.1155;2.70723;3.3345;3.90371;4.73843;5.57829;6.28499;6.60999;6.88358;7.85593;8.63666;9.07169;9.78548;10.0616;10.771;11.2534;12.1699;13.1551;14.1023;14.6172;15.1102;15.9297;16.7925;17.7066;18.6071;19.16;19.041;19.781;20.4297;21","15;15.1621;15.4822;15.6454;15.7313;16.1146;16.007;16.0372;16.2979;16.764;17.099;17.3325;17.9574;18.5644;19.096;19.3553;18.818;18.8616;18.937;19.108;19.4286;19.1354;19.1651;18.721;18.5849;18.5321;18.6067;17.7734;16.7805;16.1079;15.6558;15",3.17245
"0.05;0.65;0.3"
22.959,2.79242,0.41358,"1;1.81004;2.24727;3.04044;3.98104;4.36979;5.11466;5.85761;6.8348;7.10273;7.72326;8.05819;8.31683;9.24679;10.2306;11.1161;12.116;13.1099;14.0479;14.2417;14.9177;15.3623;15.8967;16.3411;17.1949;18.0903;18.9412;19.8077;20.2391;21","15;15.2582;15.297;15.4644;15.3708;15.5998;16.267;16.9364;17.1488;17.4808;18.0531;18.3639;18.5747;18.9424;19.1215;18.6568;18.6413;18.5317;18.701;18.3775;18.1325;17.7514;17.2144;16.5169;15.9964;16.1281;16.1857;15.6866;15.6323;15",3.20604
"0.05;0.7;0.25"
23.3782,4.27991,0.339561,"1;1.31278;1.86271;2.83225;3.37198;4.33324;5.12158;5.75649;6.6962;7.53817;8.46176;9.11471;9.89654;10.6879;11.2812;12.2465;12.6496;13.1997;14.1469;15.1349;15.7161;16.0944;16.6449;16.9113;17.9066;18.9018;19.8971;20.8924;21","15;15.9498;16.785;16.5401;17.3819;17.1063;17.3304;17.5232;17.7284;17.7423;17.4488;17.9283;18.1081;18.3059;17.8172;17.8713;17.4794;17.6424;17.3216;17.1675;17.0001;16.8856;16.1436;15.3993;15.3021;15.2049;15.1077;15.0105;15",4.44676
"0.05;0.75;0.2"
23.3201,4.80239,0.356159,"1;1.38235;1.97016;2.79993;3.0586;3.78419;4.62355;5.45554;6.09157;6.73535;7.30414;7.89018;8.68207;9.40554;9.93733;10.8519;11.1254;11.8416;12.683;13.4118;14.0967;14.792;14.848;15.8478;16.66;17.3334;18.0432;18.3885;19.0625;19.6841;20.5994;21","15;15.0415;15.2425;15.7029;15.8988;16.1784;16.3209;16.8757;17.5741;17.7138;17.4088;17.5333;17.2455;17.3794;17.4524;17.3738;17.1142;16.9079;17.4045;17.8653;17.9547;18.3751;18.7226;18.7013;18.1179;17.3847;16.6954;16.3445;15.6091;14.9304;14.9528;15",5.06134
"0.05;0.8;0.15"
29.2292,2.0435,3.27035,"1;1.95966;2.0104;2.66198;3.29364;3.64636;4.63716;5.42082;5.62442;5.77515;6.46791;6.82604;7.19285;7.85228;8.67448;9.19062;10.0458;10.6732;11.1456;11.8805;12.7942;13.7613;14.6293;15.0907;15.9863;16.2927;16.8143;17.814;18.6831;19.0485;19.4942;20.0269;20.8628;21.3216;21.298;21.3478;21.1882;21.1655;21","15;15.2812;15.2869;15.3683;15.9376;15.8783;15.743;16.3642;16.4725;17.3222;17.8292;18.7629;19.5474;20.1474;20.5093;20.6167;20.9255;21.297;21.6113;22.2895;21.8829;22.137;22.2604;22.1623;22.5938;21.9875;21.6052;21.5838;21.089;20.5718;20.0766;19.6353;19.0865;18.5655;17.6979;17.0966;16.7039;15.7042;15",3.52547
"0.05;0.85;0.1"
25.5214,3.99558,0.578653,"1;1.93368;2.92513;3.76493;4.14314;4.81094;5.4427;6.20934;6.16809;6.76768;7.65664;8.58284;9.10577;10.0717;10.5055;11.1742;12.1394;12.793;13.4432;13.9013;13.8796;13.714;14.5548;15.5245;16.0608;16.4408;17.219;18.0126;18.7042;19.6093;20.101;21","15;15.3581;15.4886;16.0315;16.9572;16.7346;16.8968;17.1779;17.9002;18.7005;19.1584;19.5355;19.684;19.7622;19.9356;19.702;19.4402;18.8222;18.0923;17.2034;16.8235;16.2211;15.6797;15.4357;15.3057;15.0351;14.407;15.0155;14.9545;14.8292;15.0244;15",4.90103
"0.05;0.9;0.05"
30.1784,2.67497,1.12423,"1;1.92467;2.87447;3.45585;4.38761;4.79846;5.02317;5.40477;5.84234;6.62393;7.10853;7.59728;8.44314;8.59691;9.44028;9.95856;10.5304;10.6707;11.1351;12.1144;12.7086;13.1196;13.8633;14.2877;15.2579;15.6679;15.8383;16.1573;16.3158;16.7036;17.6578;17.2625;17.8421;18.7569;19.3528;19.5438;20.4699;21","15;14.6192;14.3064;15.12;15.0529;15.9646;16.721;17.5943;18.4416;18.3965;19.2692;19.9225;19.6983;19.8953;19.5432;19.1828;19.9551;19.8662;20.7518;20.5495;20.2446;20.3393;19.698;20.1843;20.1526;19.6763;18.9067;18.0427;17.6633;16.8394;16.6812;15.7926;16.4123;16.5219;16.5022;15.5934;15.216;15",4.05014
"0.05;0.95;0"
26.0667,2.71209,0.765448,"1;1.43155;2.2555;3.09751;3.80348;4.39908;4.4323;5.00295;5.97396;6.35304;7.23127;8.1281;8.56939;9.01464;9.99751;10.8319;11.4026;12.3762;13.3066;14.3047;15.2733;15.9914;16.9356;17.9223;18.5363;18.8689;19.6465;20.3982;20.924;20.5243;20.8323;21","15;15.9021;16.4688;16.8969;17.5132;18.3165;18.7428;19.4963;19.2615;19.0651;19.0922;19.5271;19.5083;19.5344;19.4934;19.8122;18.991;19.2191;18.8526;18.7904;18.7182;18.4643;18.7935;18.9562;18.1669;18.1792;17.7118;17.626;17.068;16.2795;15.5197;15",3.29558
"0.1;0;0.9"
22.3618,4.92688,0.280595,"1;1.91795;2.90687;3.27587;3.9987;4.31003;4.92435;5.64599;6.00932;6.92893;7.62184;8.6093;9.20254;10.1125;10.955;11.2573;11.9733;12.8136;13.5665;14.1831;14.6604;15.138;15.6508;16.0854;16.5031;17.3793;18.2319;19.0792;19.4211;20.1227;21","15;14.6033;14.7518;14.8103;15.1668;15.2443;15.7852;16.3842;16.7209;16.4577;16.4883;16.6461;17.217;17.5773;17.4775;17.4672;17.7093;17.3159;17.0603;17.6402;17.2429;16.8951;16.2736;16.4131;16.2722;15.7902;15.4397;15.2881;15.1279;14.9377;15",2.72103
"0.1;0.05;0.85"
39.3233,2.74014,8.37683,"1;1.16846;1.95359;2.62348;2.87847;3.28982;4.04271;4.80489;5.27528;6.10292;6.0195;6.87775;7.75755;8.74002;9.58616;10.4797;11.2163;11.8599;12.106;13.0746;13.9936;14.3001;14.6991;14.9168;14.9861;15.8362;16.5345;17.2161;18.1537;19.1122;19.8642;20.737;21.601;21.7022;22.1892;22.8422;22.6895;22.5851;22.387;22.6148;23.0093;23.4056;23.7659;23.2334;22.9204;22.5561;21.931;21.3059;21","15;15.9427;16.525;16.6778;17.02;17.5342;17.2598;17.4799;17.3528;17.8332;18.8297;19.3429;19.8182;20.0046;20.5376;20.8078;21.2208;21.5753;21.7414;21.9475;22.2774;23.2293;23.741;24.5663;24.7965;25.3231;26.0389;26.6126;26.6757;26.9608;26.3017;25.8137;25.3101;24.9853;24.2043;23.6684;22.8127;22.2048;21.6301;20.7387;20.6007;19.7233;19.3967;18.5503;17.6005;16.9431;16.1626;15.382;15",10.9078
"0.1;0.1;0.8"
23.0961,2.67228,0.440013,"1;1.99998;2.87751;3.75833;4.4759;5.23723;5.65011;6.55702;7.46302;8.38788;9.35596;10.3309;11.2271;12.2197;12.9621;13.1716;14.0444;14.8581;15.8084;16.6501;17.5452;18.3653;19.1951;20.0249;20.8547;21","15;14.9932;14.5137;14.9871;15.6836;16.332;17.2428;17.6641;18.0874;18.4677;18.7183;18.9408;18.4971;18.6181;19.1227;18.962;18.6009;18.6414;18.3299;17.79;17.3442;16.7719;16.2139;15.6558;15.0977;15",3.04046
"0.1;0.15;0.75"
29.2903,4.45885,0.50844,"1;1.91444;2.39968;3.02413;3.39932;4.06706;4.19312;5.15337;5.84256;6.76533;7.50225;8.48427;8.93193;9.61485;9.66322;10.1299;10.7242;11.2857;12.2122;13.1021;13.5576;14.5498;15.4672;16.242;16.3969;16.7945;16.6095;16.8407;16.9534;17.121;17.2675;17.5882;18.2256;18.7775;19.5569;20.3015;20.8311;21","15;15.4047;15.1789;15.3861;15.7339;16.0864;16.6421;16.813;17.5096;17.66;17.5946;17.4058;16.5116;17.0953;18.0941;18.8286;19.0281;19.1035;18.8804;19.135;18.2852;18.4099;18.8078;18.53;18.3769;17.4939;16.7328;16.1782;15.3193;14.4638;14.037;13.4865;13.395;13.5612;13.7869;13.4263;14.2559;15",4.17671
"0.1;0.2;0.7"
27.7595,6.53669,0.279547,"1;1.98243;2.32741;2.65083;3.07827;3.93402;4.64103;5.62505;6.3663;6.63182;7.26243;7.29154;7.86971;8.02326;8.49161;8.9434;9.84652;10.589;11.0926;11.5271;12.3534;12.8477;13.4178;13.8171;14.4461;14.3407;14.7429;15.5959;16.5458;17.0575;17.8957;18.5364;19.5067;19.8296;20.3647;21","15;14.8134;14.2533;13.456;12.576;12.1626;11.5379;11.3599;11.3009;11.0762;10.7293;10.1033;9.51555;8.70865;8.35993;8.16715;7.73776;7.75311;8.55393;8.58767;8.45313;8.50964;8.70647;9.05931;9.23329;10.0112;10.655;11.1769;11.4893;12.2996;12.7846;13.5524;13.3105;14.2569;14.9189;15",4.59183
"0.1;0.25;0.65"
27.4023,2.48739,1.26813,"1;1.37471;1.83807;2.83767;3.73481;4.72188;5.64981;6.06096;6.89811;7.19044;7.10828;7.57387;8.30499;8.65204;9.49437;10.4764;11.0265;12.0264;12.3097;13.0183;13.8645;14.5459;14.7195;14.7916;15.6222;16.4437;17.4237;18.2753;18.9609;19.5161;20.0032;20.5615;21","15;15.2417;15.5456;15.5171;15.7695;15.7254;15.9579;16.5515;17.0687;17.8716;18.867;19.6904;19.6713;20.0467;20.3468;20.4215;19.7569;19.7441;20.7032;21.1246;20.9435;20.3583;20.0423;19.166;19.4814;19.2385;19.0394;18.5152;17.8367;17.2004;16.4813;15.6517;15",4.24732
"0.1;0.3;0.6"
25.3831,2.92487,0.548966,"1;1.6962;2.52727;3.46685;3.88017;4.34006;4.83853;5.52721;5.86975;6.40837;6.98764;7.27095;8.1775;9.04387;9.92568;10.7211;11.4193;12.2256;12.3027;13.2847;13.5458;14.2951;15.2917;16.1007;16.8196;17.1891;17.6736;18.5966;19.383;20.148;21.1321;21","15;14.2822;13.726;14.0683;14.6167;14.6886;15.3037;15.8146;16.3894;16.459;17.1755;18.1013;18.5234;19.0206;19.0456;19.0561;19.2177;19.1696;19.4685;19.3403;19.5411;18.8789;18.797;18.2579;17.8071;17.7991;17.7912;17.4065;16.7888;16.1448;15.9666;15",3.86394
"0.1;0.35;0.55"
24.6943,3.72716,0.457363,"1;1.90249;2.88134;3.79447;4.77199;5.40125;6.38354;7.35819;8.34206;8.91946;9.5271;9.77442;10.648;11.6474;12.4526;13.2802;14.2793;15.0974;15.6016;16.3849;17.1585;17.5721;17.9286;18.8151;19.2338;19.7689;20.6963;20.5923;21","15;15.4307;15.6353;15.2276;15.4384;16.2156;16.403;16.6268;16.4479;17.1987;17.3061;18.2751;18.7617;18.7975;18.8355;18.7498;18.792;18.4931;18.1577;18.397;18.9929;18.5097;18.355;17.8922;17.1793;17.0766;16.72;15.744;15",4.18897
"0.1;0.4;0.5"
30.9578,7.59202,2.1496,"1;1.76198;2.50088;2.90128;3.24191;3.39374;3.86;4.45131;5.15619;5.39406;6.26939;6.16381;7.15533;7.06389;7.39255;8.00832;8.80503;9.28543;9.85238;9.57321;10.0767;10.6901;11.0441;11.2351;10.7966;10.7964;11.7755;12.5638;12.5834;13.2593;14.0738;14.132;15.1315;15.9749;16.939;17.754;18.5206;19.2502;20.2138;21","15;15.6476;16.315;16.5792;17.2549;17.5027;18.3427;18.8673;18.8943;19.6216;19.6655;20.4786;20.6086;21.2756;22.0074;22.7168;22.7629;21.9368;21.583;20.7724;20.1872;19.6308;18.8005;18.194;17.8105;17.4179;17.3984;17.2604;16.6666;15.9296;15.872;15.4412;15.4704;15.0812;14.8676;14.833;14.7643;14.5225;14.7902;15",7.4795
"0.1;0.45;0.45"
24.0225,2.39175,0.67979,"1;1.91066;2.89666;3.58843;4.33731;4.98817;5.40076;5.73035;6.34298;7.14198;8.0591;8.79106;9.65385;10.6121;11.5057;12.2733;13.0328;13.4244;13.7529;14.6247;14.8955;15.8349;16.6026;17.2226;17.59;17.9546;18.8638;19.6812;20.6247;21","15;15.4132;15.2464;15.5539;15.9247;16.5313;16.8039;17.547;17.9841;18.1794;18.1204;18.8017;19.3073;19.5932;20.0421;19.917;19.8338;19.8784;19.9232;19.843;18.8804;18.5376;18.2569;17.8094;17.7878;16.9217;16.5055;15.9294;15.5979;15",3.87005
"0.1;0.5;0.4"
26.4025,2.29552,1.38226,"1;1.65126;2.39709;2.59081;3.07883;3.38219;4.03614;4.60732;5.47361;6.10535;6.695;7.4313;8.16866;8.80289;9.40801;10.0503;10.9598;11.3551;12.0799;12.9824;13.7769;13.9306;14.882;15.5911;16.468;17.2418;17.6263;18.0997;18.3755;19.2987;19.934;20.4542;20.5901;21","15;15.3678;15.5253;16.2931;16.9572;17.7895;17.5753;18.3564;18.0031;18.3105;18.4817;18.249;18.6613;19.2866;20.0057;20.2828;20.6337;20.6887;20.7145;20.614;20.77;21.0871;21.261;20.5559;20.0752;19.4802;19.1126;18.3223;17.9349;17.5505;16.7782;15.9242;15.0537;15",4.38658
"0.1;0.55;0.35"
30.1631,1.93402,4.02927,"1;1.99093;2.9909;3.40036;4.07562;4.43215;5.10659;5.1899;5.47827;5.47666;6.24446;7.21843;8.03466;8.71092;9.23787;9.44419;10.3781;11.3407;11.8229;12.5846;13.0567;13.8682;14.396;15.0649;15.6891;16.5295;17.2343;18.1453;18.9154;19.76;20.4819;20.5849;20.729;20.9152;20.835;20.885;20.6357;21","15;15.1344;15.1273;15.8285;16.342;17.0311;17.1783;17.8139;18.6864;19.6822;20.3229;20.5496;20.8259;21.4242;22.1009;22.2148;21.8635;21.9949;22.1166;21.7783;22.3136;22.3961;22.4637;22.5678;22.4884;22.0677;21.5788;21.8688;21.2308;20.6954;20.0034;19.0087;18.1779;17.4883;16.8577;16.2056;15.6475;15",5.3855
"0.1;0.6;0.3"
24.6954,4.92467,0.389725,"1;1.91351;2.87397;3.81255;4.17481;5.03811;5.30189;6.23889;7.2343;8.14548;9.04192;9.53344;10.1606;10.2789;10.8789;11.4089;11.9202;12.8885;13.492;14.169;14.8655;15.1604;15.9397;16.5705;17.4703;18.1437;18.3893;19.2109;19.7078;20.5427;20.9156;21","15;15.4068;15.6852;16.0303;16.1559;16.5489;16.8788;17.2281;17.1323;16.7203;16.2772;17.148;17.8287;18.1065;18.7627;17.9745;18.3796;18.4356;18.2303;17.6549;17.8546;17.8042;17.4327;18.0475;18.0069;17.6728;17.5284;16.9583;16.6022;16.4732;15.7149;15",5.768
"0.1;0.65;0.25"
26.7202,2.91377,0.942968,"1;1.79693;2.75125;3.55065;4.41644;5.37087;6.32527;6.82893;7.64645;7.05318;7.16205;7.34083;8.08236;8.64745;9.07009;9.5455;10.0908;10.7799;11.0858;11.9581;12.5513;13.2055;13.3339;14.0801;14.8472;15.102;15.9326;16.5453;17.5226;18.045;18.2393;18.7675;19.5425;20.5057;21","15;15.4807;15.3887;15.5384;15.5999;15.5276;15.5884;16.4239;16.9604;17.7453;17.8736;18.7096;19.1752;19.641;20.2499;20.2662;20.1005;20.0327;20.4775;20.8969;20.8115;20.1319;19.4783;18.8522;18.2463;18.2292;17.8998;17.6921;17.5834;17.1711;16.7569;15.9702;15.8635;15.7774;15",4.90025
"0.1;0.7;0.2"
22.9105,5.26226,0.303436,"1;1.25999;2.02899;2.7842;3.69076;4.613;5.20418;5.84477;6.64929;6.93558;7.87067;8.25554;9.17408;10.16;10.848;11.8267;12.0943;12.8935;13.6173;14.3515;15.1011;15.3183;16.0411;16.4647;17.2808;17.9839;18.8401;19.8311;20.6894;21","15;14.9673;15.1509;15.3534;15.7291;16.1157;16.3772;16.5416;16.9124;17.0157;16.7538;16.6135;17.0089;16.8414;17.567;17.3616;17.951;17.8965;17.9949;17.9264;17.7476;17.2719;16.606;15.8661;16.3997;15.8645;15.3479;15.4818;14.9687;15",6.28326
"0.1;0.75;0.15"
23.4736,14.3493,0.323428,"1;1.95442;2.70871;3.0737;3.84686;4.55725;5.48585;6.4389;7.11164;7.95551;8.35145;8.89376;9.52401;10.4496;10.4718;10.8273;11.5096;12.2794;13.2391;13.6742;14.4521;15.3602;16.0008;16.1182;17.0595;17.5641;18.5429;18.9284;19.6599;20.489;21","15;15.0131;15.4942;16.2295;16.8375;17.193;17.5634;17.8014;18.1529;18.4043;17.9885;17.9548;17.7892;17.7659;17.262;16.4563;16.4785;16.1855;16.2347;16.8432;17.1368;16.7179;16.1939;16.0657;16.2195;16.1305;16.0181;15.7573;15.5984;15.5907;15",13.8591
"0.1;0.8;0.1"
25.3008,4.18339,0.392929,"1;1.92961;2.57984;2.92357;3.48014;3.60325;3.26277;4.18876;5.13873;6.1287;7.01822;7.35186;8.15188;8.75631;9.35717;10.068;10.9511;11.5907;11.5961;12.3186;13.1446;14.1229;14.9932;15.3767;16.0088;16.2526;17.0795;17.4963;17.8777;18.6191;19.3754;20.3634;21","15;15.0415;14.7647;14.865;15.3306;15.7658;16.4832;16.7128;16.4004;16.2592;15.8023;16.0825;16.6501;16.7765;17.5758;18.2792;18.4413;19.1956;19.2684;18.9284;18.3647;18.1575;17.8801;17.4189;17.2068;16.5285;15.9662;15.303;14.7737;14.4702;14.7462;14.9006;15",6.10561
"0.1;0.85;0.05"
23.4408,5.80547,0.319499,"1;1.95614;2.15207;2.90758;3.80557;4.6504;5.5813;6.53635;7.50496;8.15092;8.11974;8.59095;8.9019;9.87196;9.94637;10.76;11.3024;11.9276;12.8066;13.1516;13.5312;14.0313;14.707;15.4799;16.2677;16.8273;17.6707;18.1403;18.7711;19.3429;20.0106;20.6629;21","15;14.7071;14.7516;15.0149;15.2568;15.6836;15.3183;15.3051;15.2253;15.9886;16.3766;16.9011;17.0862;17.0137;17.1968;17.5969;18.254;18.4449;18.789;18.1791;18.0473;17.7035;16.9663;16.3318;16.1639;16.1257;15.6789;15.5984;15.407;14.9578;15.2523;15.0188;15",7.569
"0.1;0.9;0"
22.6325,49.7633,0.24894,"1;1.52962;2.21875;3.20333;4.09626;5.08212;5.55472;6.11068;7.04398;7.3466;7.64343;8.46994;9.23979;10.0164;10.9835;11.9136;12.7107;13.5637;14.5636;15.5249;16.3997;17.3901;18.3515;19.2063;19.9277;20.3461;21","15;14.7618;14.3437;14.1688;13.7186;13.551;13.572;13.6877;13.503;13.6512;14.6061;15.169;15.8073;16.4373;16.6917;16.3245;15.7206;16.2426;16.2366;16.5123;16.0277;16.1657;16.1317;15.8364;15.4997;15.5195;15",3.60648
"0.15;0;0.85"
29.2891,2.85527,1.12579,"1;1.2782;1.67898;1.79008;2.7834;3.60173;4.20221;4.97443;5.85707;6.57608;7.52261;8.51018;9.22473;10.0268;10.7724;11.6842;11.9658;12.9042;13.7616;14.7437;15.4318;16.1611;16.8513;17.5734;18.096;18.5648;19.0606;19.6648;20.4271;21.4262;22.1057;22.3971;22.2128;22.4029;21.5382;21.3506;21","15;15.4649;16.2953;16.8333;16.9486;17.0317;17.3138;17.7038;17.9821;18.5218;18.8444;18.7531;18.8603;19.005;18.9378;18.9026;18.8377;18.9891;19.5038;19.6918;20.4175;21.1017;20.3781;20.0775;20.142;19.6434;19.2032;18.7181;19.2101;19.2529;18.5633;18.2005;17.5287;16.615;16.1592;15.5358;15",5.43676
"0.15;0.05;0.8"
26.1119,2.44003,0.992235,"1;1.63037;2.27231;2.998;3.62267;4.10886;5.02464;5.37487;6.02888;5.97441;6.22616;6.72962;7.42751;8.42353;9.41737;10.3123;11.3079;12.2977;13.0439;13.4689;14.0615;14.6767;15.407;15.8481;16.5643;16.9693;17.6214;18.4163;18.732;19.4445;19.9878;20.6213;21","15;15.4501;15.3189;15.685;16.117;16.4859;16.8505;17.6453;18.1706;18.499;19.1745;20.0385;20.7547;20.6657;20.5548;20.1086;20.0152;19.8724;19.5344;19.2569;18.5888;18.3024;17.6193;16.9057;17.0668;16.9952;17.7533;17.7343;17.0351;17.0715;16.2363;15.4626;15",4.90496
"0.15;0.1;0.75"
26.4142,2.38042,0.953018,"1;2;2.87362;3.8717;4.77742;4.99334;5.90678;6.32779;6.50556;6.666;7.6353;8.50787;9.11172;9.53121;10.3704;11.2757;12.0717;12.8637;13.7425;14.6461;15.4166;16.3754;16.4605;17.2238;16.9265;17.2582;18.0542;18.7692;19.0835;19.7909;20.3277;21","15;15;15.4866;15.5485;15.9724;15.8608;16.2416;17.1205;17.8771;18.663;18.9089;19.3974;19.4712;19.6684;20.0846;19.6698;19.5301;20.1257;19.6485;20.0769;20.1133;20.3215;20.3128;19.6667;18.7119;17.8108;17.7738;17.5544;16.9061;16.1992;15.3556;15",4.98631
"0.15;0.15;0.7"
26.3871,3.04243,1.43474,"1;1.33551;1.36007;1.74891;1.91173;1.92459;2.77799;3.35803;4.13655;4.86104;5.53364;6.12929;7.04147;8.0172;8.60397;9.58284;10.5076;11.3284;12.1105;12.9696;13.7168;14.5879;15.484;16.1483;16.4878;16.8718;17.3628;17.8648;18.2898;19.2147;20.0787;20.9577;21","15;15.296;16.0897;16.6728;17.4836;17.6573;18.1785;18.3714;18.9343;19.5219;19.762;20.5337;20.3146;20.0956;20.9054;21.1099;21.4905;20.9192;20.2961;19.7843;19.1197;18.6286;18.1848;17.4373;16.6574;15.9481;15.7143;15.6576;15.1217;14.8969;14.6063;14.8644;15",5.49913
"0.15;0.2;0.65"
26.454,2.46466,1.14109,"1;1.99973;2.36239;3.16391;4.00991;4.63577;5.38386;5.74176;6.43137;7.27031;7.96995;8.72529;9.5833;10.2649;10.9027;11.5423;11.8581;12.3014;13.1662;13.2485;13.8083;14.6179;15.3598;15.7822;16.5618;17.3413;18.2027;18.3508;19.1267;19.5327;20.1919;21","15;14.9768;15.5657;16.0287;16.4998;17.205;16.932;17.054;17.7782;18.1468;18.7006;19.3559;19.8696;19.6451;19.0495;18.7782;19.5757;20.2462;20.5898;21.2622;21.3564;20.7694;20.0988;19.1924;18.5661;17.9397;17.4652;17.1547;16.7147;16.087;15.4026;15",5.26892
"0.15;0.25;0.6"
23.9283,2.90355,0.461851,"1;1.9501;2.81523;3.8025;4.78879;5.62426;6.43564;7.38304;7.6576;8.25675;8.86908;9.80232;9.88991;10.7664;11.7292;12.2057;12.9464;13.4107;14.0377;14.5324;15.4271;16.0243;16.617;16.9105;17.7424;18.5556;19.0686;19.0846;19.7712;20.4617;21","15;15.3119;15.8135;15.9725;15.8075;16.3571;16.9416;17.2617;17.3011;17.8522;17.8966;18.1495;18.9259;19.1582;19.2741;19.2767;19.2946;18.7096;18.4954;17.9891;18.3239;18.3264;18.1005;17.7281;17.1732;16.5912;16.4939;15.6311;15.602;14.9021;15",4.71433
"0.15;0.3;0.55"
21.7866,9.58643,0.253468,"1;1.84524;2.76869;3.6719;4.66225;5.66224;6.61354;7.39936;7.7475;8.56298;9.41397;10.0647;10.966;11.1533;12.0816;13.0684;13.9995;14.769;15.1604;16.12;16.8738;17.7183;18.0728;18.8149;19.5119;20.3944;21","15;15.5344;15.7166;15.7728;15.6342;15.6381;15.3298;15.9483;16.8857;17.1798;17.4217;17.3685;17.0018;16.8391;16.4675;16.3051;15.9405;15.7368;15.8459;15.8336;15.6457;15.3149;15.1186;14.9534;14.7826;14.6594;15",6.74997
"0.15;0.35;0.5"
23.2446,3.5107,0.386955,"1;1.39212;2.16738;2.89439;3.88707;4.78803;5.49831;6.44903;6.57935;7.49057;8.35566;8.68886;8.98054;9.60254;10.502;11.2488;11.8953;12.6633;13.5666;14.5085;15.3032;15.6775;16.3084;17.1768;17.8216;18.3994;19.0424;20.0028;20.8618;21","15;15.9199;16.5516;17.2382;17.1174;17.2232;17.433;17.5452;17.8538;18.1617;18.3911;18.4235;18.077;17.848;18.2475;18;18.484;18.2592;18.0285;18.2675;18.0627;18.0793;17.5879;17.2412;16.4768;15.6606;15.1655;15.1544;15.0494;15",5.06509
"0.15;0.4;0.45"
25.4645,3.75777,0.490439,"1;1.859;2.50358;3.39925;4.13282;4.52959;5.2695;5.66664;6.38745;6.46295;6.35025;7.17695;7.68945;8.26221;8.69176;9.37601;9.90487;10.0911;10.4489;11.2949;11.718;12.3336;12.6358;13.4391;14.4127;15.1917;15.8332;16.7801;17.3798;18.3732;19.1559;19.9696;20.7757;21","15;15.4004;15.9156;16.1938;15.8958;15.7421;15.7598;15.1174;15.3953;16.0309;16.4619;16.8237;17.1457;17.6536;17.9161;18.3667;17.8045;17.4249;17.6794;18.2017;18.1772;18.6462;18.8956;19.4911;19.7193;19.0923;18.3251;18.0037;17.2035;17.0891;16.4667;15.8855;15.2937;15",5.70684
"0.15;0.45;0.4"
23.3263,2.97457,0.466426,"1;1.99722;2.98864;3.60698;4.45853;5.31753;6.14904;7.13346;8.02573;8.73944;8.93826;9.59593;10.4379;11.1584;12.0557;12.8106;13.5999;14.244;14.9012;15.7116;16.4017;16.8161;17.0488;17.6175;18.1883;18.698;19.4532;20.0581;21","15;15.0745;15.2052;15.9911;16.0873;16.4638;16.9451;17.121;17.1124;17.7126;17.5389;18.2284;18.3147;19.0058;19.2879;19.5211;19.1133;19.3342;18.9332;18.557;18.1885;17.2784;17.0974;16.621;16.0535;15.5621;15.3352;15.0846;15",5.14948
"0.15;0.5;0.35"
26.2184,2.6971,1.0911,"1;1.42522;1.58084;2.32403;3.00136;3.61993;4.53222;4.96086;5.2802;6.15723;7.00559;7.89746;8.2731;8.23866;9.19129;10.1904;11.0518;12.0432;13.0385;13.4288;14.3863;15.3312;16.1031;17.0032;17.6655;18.1298;18.8845;19.2974;19.5776;20.0129;20.2485;20.7171;20.8911;21","15;15.9051;16.3895;16.6919;16.6619;16.92;16.7374;17.3608;17.4373;17.888;18.3529;18.2473;18.4582;19.4302;19.7344;19.6928;20.2007;20.3316;20.234;20.1057;20.0732;20.1403;20.0617;19.8161;19.9218;20.0806;19.6672;18.7564;18.1358;17.5124;17.282;16.6994;15.7774;15",5.74349
"0.15;0.55;0.3"
33.177,2.08383,6.2432,"1;1.99232;2.29647;2.72352;2.75064;3.0163;3.8665;4.50867;5.24826;5.78418;6.16186;6.9643;7.47207;8.16788;8.75933;9.42956;10.0188;10.768;11.4532;11.8999;12.7556;13.7488;14.6939;15.6935;16.4198;17.3721;17.6767;18.5054;18.8796;19.4892;19.7748;19.9496;20.6848;21.4368;21.4064;21.0548;20.9176;21.6146;21.53;21","15;15.1237;16.0396;16.6811;17.6807;18.6448;18.9077;18.9931;19.5282;20.2021;20.4559;20.5461;21.3947;21.668;22.1406;22.7178;23.4927;23.4494;23.4316;23.6689;23.1515;23.2676;23.5945;23.5683;23.4387;23.4175;22.6133;22.7307;22.7723;22.0222;21.9012;20.9166;20.2388;19.5796;18.5801;17.644;16.6534;15.9363;14.9399;15",7.78765
"0.15;0.6;0.25"
22.9326,5.14336,0.30747,"1;1.93161;2.64959;3.00517;3.90915;4.65632;5.40697;6.06076;6.85719;7.52734;8.28606;8.48914;9.22329;9.98147;10.4129;11.0801;11.2807;12.0889;12.8395;13.8373;14.8075;15.4827;16.4046;17.2519;17.6501;18.3083;18.6017;19.3684;19.942;20.7813;21","15;15.3635;16.0595;16.9942;17.4218;16.7571;17.0274;17.2351;17.2017;17.3954;17.1877;17.1217;17.6428;17.4705;17.7634;17.5087;16.9388;17.1747;17.1161;17.1832;16.9412;17.0664;16.9264;16.5809;16.5035;16.2598;16.0481;15.7916;15.7741;15.5424;15",6.84457
"0.15;0.65;0.2"
23.8621,3.55519,0.443708,"1;1.9527;2.4904;3.05984;4.01913;4.84107;5.48033;5.92081;6.8692;7.45555;8.37918;8.58301;9.33019;10.1242;10.5378;11.453;11.9004;12.5589;12.6144;13.453;14.3908;15.294;16.0031;16.6451;17.4817;18.3013;19.2019;19.702;20.0887;20.6553;21","15;14.6961;15.395;15.8532;16.0525;16.3784;16.4899;16.5222;16.5822;16.557;16.7581;17.6439;18.0703;17.9931;18.0975;17.9679;18.034;17.9798;18.1023;18.647;18.9942;19.1294;19.0764;18.8612;18.5851;18.0941;18.1135;17.2475;16.3253;15.5013;15",6.13449
"0.15;0.7;0.15"
25.042,2.66338,0.59678,"1;1.58899;2.14461;2.96427;2.86505;3.12845;3.85327;4.85017;5.21915;5.9871;6.37074;7.28856;7.58869;8.51963;9.00859;9.71399;10.0342;10.6756;11.0892;11.7744;12.3003;13.1267;13.9099;14.5662;15.1785;15.5317;16.5308;17.4327;18.3058;19.2853;19.6943;20.0576;20.5807;21.1292;21","15;15.2969;15.7604;16.2767;16.9954;17.0049;17.6938;17.7724;18.0403;18.2272;18.6596;18.7405;18.7588;18.5558;18.7759;19.4662;19.5085;19.7912;19.6614;19.9621;19.1704;18.8539;18.5501;17.9469;17.3848;17.1844;17.1406;16.7086;17.1962;17.3973;16.8665;16.4643;16.1664;15.3302;15",5.81351
"0.15;0.75;0.1"
28.183,4.67092,1.74074,"1;1.89028;2.25815;2.82968;3.59817;4.01329;3.85107;4.20182;4.38251;4.97319;5.82338;6.53831;6.9164;7.61581;8.42258;9.41032;9.81174;10.6092;11.2583;12.0038;12.5133;12.4198;13.0614;13.2653;13.6909;13.7967;13.7948;14.7909;15.7325;16.7116;17.0539;17.8989;18.8487;19.643;19.9924;20.6889;21","15;15.4554;16.0495;16.7388;17.1121;17.6829;18.5769;19.2927;19.5876;20.3945;20.921;21.0955;21.1774;21.6461;21.5513;21.3952;20.6054;20.8497;21.0684;20.4523;19.7896;18.9159;18.3232;17.4581;16.9986;16.1669;15.6326;15.5451;15.2083;15.0049;14.9903;14.9203;15.137;15.1266;15.1863;14.9788;15",8.05122
"0.15;0.8;0.05"
27.012,3.05248,0.905825,"1;1.6705;2.39812;2.96592;3.629;4.59537;5.59295;6.59279;7.52969;8.52929;8.55312;8.61548;8.7045;9.40326;9.8999;10.8012;11.665;12.3426;12.9815;13.8768;14.7345;15.6248;16.3754;16.9011;17.8299;18.0089;18.5011;19.0563;18.874;19.5063;20.1169;20.7941;21","15;15.3817;16.0225;16.6434;17.392;17.1348;17.2043;17.1861;16.8365;16.8085;17.3894;17.7585;18.5144;19.2297;19.4395;19.6037;19.9562;19.6989;19.4535;19.0082;19.5224;19.9777;19.9912;20.1379;20.439;20.2901;19.4196;18.5879;17.6046;16.8299;16.1637;15.5672;15",6.6464
"0.15;0.85;0"
32.1467,3.45324,1.95738,"1;1.59427;1.85771;2.5051;3.49317;4.27191;5.03542;5.99119;6.60377;7.38415;7.89679;8.19676;8.99137;9.32319;9.69553;10.4476;11.1897;12.0059;12.7896;13.0661;13.7112;14.4686;15.2116;16.2087;16.4166;16.7729;16.9276;16.2469;16.0233;15.6545;16.0411;16.8847;17.5824;18.3779;18.5954;19.2952;20.0359;20.5711;21.0225;20.9991;20.9979;20.9987;20.9995;21","15;15.291;15.8223;15.9548;16.1089;16.1311;16.6112;16.9053;17.2493;17.6368;17.9695;18.459;18.8951;18.6127;18.1519;17.4927;17.7234;18.2522;18.412;18.7307;18.8496;18.5069;18.9478;18.8724;19.3336;20.1452;20.529;21.112;21.239;22.0719;22.3003;21.9637;21.5136;21.1762;21.1817;20.4753;19.8357;19.4958;19.2913;18.5656;17.5656;16.5656;15.5656;15",7.99523
"0.2;0;0.8"
22.9163,9.16717,0.267521,"1;1.59633;2.59571;3.56132;4.55672;5.46869;6.40684;7.0194;7.91315;8.21168;8.83282;9.61629;10.3922;11.3143;12.184;12.9863;13.7956;14.787;15.7529;16.3679;17.2232;17.8352;18.5034;19.2121;19.6335;20.2605;21","15;14.3187;14.3538;14.0938;13.998;14.4082;14.062;14.8524;15.2393;15.81;16.2422;16.8637;17.4945;17.8815;17.3879;16.7911;16.2036;16.0951;15.9796;15.6075;15.4703;15.5754;15.9019;15.7164;15.6368;15.1347;15",5.24227
"0.2;0.05;0.75"
22.7681,4.16497,0.322504,"1;1.99941;2.99024;3.78064;4.59492;5.32178;6.15242;6.82139;7.4622;8.08321;8.75492;9.58695;10.4721;11.0683;11.6722;12.1034;12.8108;13.332;13.4936;14.4594;15.3708;16.3304;16.6966;17.2538;17.888;18.4478;19.1632;20.0747;21","15;14.9656;15.1007;15.7133;16.2937;16.9805;17.5358;18.2512;17.737;17.8428;18.1321;18.3277;18.1289;17.8385;17.7936;17.5007;17.2093;16.7125;16.4787;16.5381;16.6113;16.8928;16.6265;16.4247;15.7678;15.0876;15.0611;15.1277;15",5.19588
"0.2;0.1;0.7"
24.5162,2.99178,0.456068,"1;1.86693;2.35638;3.26195;4.21294;5.15733;5.68993;5.846;6.19823;6.87831;7.69297;8.45782;9.12949;9.39873;10.2923;11.2298;11.7693;12.6645;13.3033;13.8992;14.1526;15.1097;15.9703;16.4754;17.2265;17.5908;18.3266;18.7772;19.3665;19.8762;20.1163;21","15;14.9758;15.4215;15.8457;16.1549;15.8261;16.5491;17.1434;17.9033;18.504;18.7464;19.3181;18.7143;18.5858;18.444;18.0961;18.059;18.4163;17.8629;18.4438;18.4247;18.1853;18.3419;18.1197;17.9037;17.6148;17.1243;16.4132;15.8581;15.6716;14.9514;15",5.64845
"0.2;0.15;0.65"
29.7317,5.5702,0.298951,"1;1.96741;2.33687;3.04466;3.95672;4.76985;5.54185;5.73996;5.67115;5.51665;5.80353;5.81997;6.76432;7.45175;8.16516;8.51917;9.13935;9.51303;10.0838;10.5091;11.2573;12.0359;12.3906;13.1868;13.9518;14.6201;15.089;15.352;16.2138;17.1971;17.682;18.4424;18.729;19.642;19.9846;20.2872;20.7108;21.1412;21","15;14.7468;14.0612;13.6887;13.5887;13.0066;12.9503;12.0614;11.8184;11.0578;10.6234;9.72371;10.0049;9.37658;9.95452;9.62003;8.94168;8.35605;7.98421;7.61154;7.81087;8.03348;7.82698;7.28063;7.76949;8.08442;8.92422;9.15862;9.63343;9.73446;10.2064;10.6926;10.8681;11.2761;12.2156;12.6146;13.3796;14.2344;15",7.23975
"0.2;0.2;0.6"
32.7462,1.88386,7.37319,"1;1.4129;2.20198;2.96755;3.58449;3.9376;4.46028;4.59575;4.70732;4.97434;5.11816;5.52172;5.7825;6.5241;6.5394;6.97709;7.55827;8.44869;9.44777;10.4307;11.4194;12.3854;12.7059;13.5136;14.3802;15.07;15.9406;16.3094;16.9061;17.3768;18.2721;19.0907;19.7761;20.5393;20.9483;21.0367;21.2906;21.2864;21.1839;21.0815;21","15;15.191;15.4784;15.9837;16.19;16.304;17.0513;18.0421;19.0359;19.9601;20.5807;21.2481;21.6644;22.2958;23.0452;23.6869;24.5007;24.9558;24.913;24.7291;24.5788;24.3204;24.3743;24.292;24.3298;23.6112;23.5165;22.8107;22.2496;22.0167;22.0246;21.4503;20.7221;20.0759;19.7037;18.8255;18.0828;17.7804;16.7857;15.7909;15",11.0755
"0.2;0.25;0.55"
23.2702,6.4358,0.287645,"1;1.36971;2.20108;2.95646;3.89781;4.89538;5.87707;6.66852;7.40574;8.25948;8.42035;9.15322;9.56785;10.3619;11.2073;11.9138;12.6996;13.44;13.9294;14.6594;15.091;15.0836;16.0666;16.8537;17.7091;18.3629;19.1251;20.125;20.7561;21","15;15.9291;16.4849;16.6801;16.7993;16.8691;16.6786;16.9696;17.4133;16.8926;16.8772;17.3598;17.5264;17.4759;17.278;16.8982;16.8079;17.0388;16.7974;16.4532;15.5627;15.2718;15.0878;14.9575;14.5113;14.3315;13.9366;13.9245;14.7002;15",6.7286
"0.2;0.3;0.5"
24.8724,6.23532,0.397453,"1;1.97092;2.56082;3.5549;4.49594;5.4579;6.44351;7.34892;7.88972;7.95051;8.15672;8.34734;9.15391;9.48469;9.68039;10.5851;11.4536;12.388;13.0263;14.0263;14.8272;15.4012;16.2215;16.4916;17.0995;17.5448;17.9988;18.8491;19.2051;20.0483;20.1162;21","15;14.7606;13.9531;14.0618;14.4001;14.6733;14.5042;14.5642;15.2307;15.7322;16.1126;16.8923;16.9708;17.7402;18.0923;18.5017;18.925;18.7902;18.8405;18.8448;18.246;17.7877;17.9837;17.2638;16.4876;16.561;16.1971;16.2146;15.807;15.5429;15.395;15",7.33569
"0.2;0.35;0.45"
28.6471,5.69382,0.641169,"1;1.99983;2.59305;3.37956;4.30435;5.02607;5.58036;6.04294;6.50167;6.8395;7.61943;8.44691;9.4204;9.86423;10.7903;10.9627;11.7919;12.2744;12.4402;13.2425;14.0823;15.0743;15.502;15.8347;15.6706;16.269;16.4431;17.4415;18.4133;19.0315;19.6497;19.8114;20.3863;20.671;21","15;14.9814;15.7865;16.404;16.779;17.265;17.7644;18.5334;18.9789;19.5628;19.8434;20.1963;20.0973;19.5869;19.2139;19.1953;18.7091;18.0037;17.0175;16.4205;15.8777;15.7518;15.0662;14.422;13.5366;12.7852;12.0036;11.9474;11.7113;12.4973;13.2833;13.5375;14.0547;14.7958;15",8.26342
"0.2;0.4;0.4"
23.9768,3.19471,0.403028,"1;1.89816;2.72423;3.56685;3.90782;4.70063;5.12632;5.72975;5.90495;6.5285;7.4206;8.25941;8.76596;9.31488;9.90911;10.6856;11.472;12.4172;13.2112;14.1583;15.0544;15.6452;16.0611;16.8838;17.5908;18.3879;18.9523;19.4275;19.7202;20.3911;21","15;15.152;15.5143;15.5812;15.5715;15.6875;15.8218;15.8256;16.6984;17.4802;17.6197;17.2876;17.5974;17.9726;18.1735;18.2873;18.2934;17.9667;18.2746;18.4197;18.1509;18.6032;18.4721;18.3756;18.0503;17.5185;18.0413;17.2331;16.4146;15.6731;15",6.37403
"0.2;0.45;0.35"
27.2079,2.67833,0.921444,"1;1.44668;2.26364;3.17428;3.61189;4.15739;4.30797;4.34959;4.98799;5.60444;6.38225;6.83425;7.20748;7.46494;8.09173;8.41923;9.35241;10.2436;10.9793;11.849;12.0397;12.341;13.1702;13.7315;14.3889;15.0738;15.9565;16.0801;16.4536;16.8375;17.4414;17.9066;18.7354;19.3777;19.8258;20.7047;20.9476;21","15;15.4776;15.9874;16.2586;16.4101;16.9266;17.1967;18.0179;18.5674;19.3437;18.8156;19.5208;20.0195;20.379;20.6158;19.8052;19.8306;20.012;19.6859;19.8739;19.7377;18.8562;19.1178;18.3075;18.7369;18.8187;18.8862;18.4364;17.5088;16.6718;16.5079;16.1276;15.5955;15.0955;15.1384;15.17;15.1618;15",7.05717
"0.2;0.5;0.3"
25.5947,4.01449,0.428582,"1;1.55691;2.24904;2.47456;3.28728;3.98878;4.53368;5.45802;6.1648;6.93474;7.31989;7.67344;7.84189;8.69682;8.85407;9.02465;9.76015;10.3927;11.2228;12.2172;13.0226;13.8889;14.7152;15.6615;15.8956;16.1668;16.6987;16.8439;17.4687;18.4615;19.3393;19.8692;20.6131;21","15;15.1966;14.6816;14.2605;14.4968;13.7981;14.6366;14.255;14.9625;15.5748;16.0613;16.5887;16.9835;17.336;17.5075;17.6806;18.2973;18.4262;18.7984;18.7187;19.3115;18.8119;18.7376;18.5262;17.554;16.5915;16.07;15.9089;15.4276;15.3074;14.8284;14.8961;15.0806;15",7.43406
"0.2;0.55;0.25"
25.0408,3.78597,0.411044,"1;1.98306;2.80985;3.22287;4.10641;4.92272;5.73226;6.20378;7.04052;7.74975;8.72392;9.16815;9.77746;10.1704;11.0274;11.7411;12.0203;12.9863;13.493;13.887;14.5024;15.0341;15.836;16.6487;17.1073;18.0497;18.6706;19.5397;20.4089;21","15;14.8167;15.3792;16.2899;16.3618;16.8611;17.4381;17.8562;18.2737;18.404;18.6207;19.4474;18.6739;18.0582;18.0181;18.0304;18.2967;18.0382;17.8083;17.6038;16.8155;15.9686;15.3711;14.7885;13.8999;13.9595;13.6745;14.1691;14.6636;15",7.36196
"0.2;0.6;0.2"
23.0011,5.20612,0.310503,"1;1.81485;2.55145;3.5224;4.45949;5.3118;6.24874;7.17751;8.09733;8.9764;9.60084;10.4704;10.825;11.6503;12.4694;13.3638;13.46;14.072;14.9385;15.9086;16.733;17.4761;18.3609;19.2064;19.9846;20.461;21","15;15.5797;16.256;16.0167;16.3658;16.8888;17.2383;17.52;17.6856;18.0648;17.9673;17.7891;16.8734;17.0968;17.6703;17.8166;17.8074;17.0165;16.5174;16.2745;15.7085;15.0394;15.5054;15.6535;15.4233;15.1482;15",8.03077
"0.2;0.65;0.15"
36.9544,2.25056,7.69155,"1;1.22872;1.77002;2.20631;2.2027;2.46028;3.19894;3.632;4.21467;4.9281;5.439;6.22876;7.16388;8.13361;9.13348;10.1326;10.4845;11.2601;11.397;12.2904;13.2863;14.2522;15.2381;16.0261;17.0206;17.9534;18.8782;19.3863;19.7834;20.473;20.7579;21.0225;21.5686;21.7093;21.482;21.9421;22.2135;23.0976;23.6022;23.5229;22.8877;22.2845;21.3547;21","15;15.1532;15.7719;16.6601;17.1677;17.9854;18.5603;19.0739;19.5295;19.54;19.7958;20.4092;20.7635;21.0077;21.0239;21.065;22.0011;22.6322;23.6228;24.0719;24.1632;24.4219;24.5893;25.205;25.3098;25.1959;24.8383;24.6843;24.2318;24.1259;23.542;22.8536;22.2898;21.4363;20.4838;20.0018;19.086;18.7276;18.0486;17.0848;16.3901;15.7292;15.8582;15",9.73541
"0.2;0.7;0.1"
23.2002,2.77097,0.423525,"1;1.8529;2.80815;3.16685;3.95555;4.69578;5.08053;5.65158;6.32066;6.47204;7.21486;7.94841;8.94665;9.9144;10.8051;11.7976;12.6536;13.6472;14.4569;15.0714;15.9048;16.4235;17.3951;17.9588;18.7824;19.2396;20.0255;20.5821;21.0492;21","15;14.4779;14.7737;15.3006;15.7204;16.3928;16.7876;17.0492;17.7178;17.9987;18.2838;18.6545;18.7137;18.4618;18.9164;19.0384;18.6371;18.5576;17.9733;17.5253;17.4987;17.1871;17.1694;16.9545;16.4013;16.2281;15.9119;15.5263;14.9034;15",6.73944
"0.2;0.75;0.05"
27.994,4.20957,0.378732,"1;1.63571;2.13851;2.62436;3.52644;3.87909;4.51245;5.43825;6.28995;7.10657;7.72388;8.33644;8.82971;9.40537;10.3213;11.0006;11.9245;12.3257;12.8029;13.188;13.8614;14.7414;15.4262;15.9858;16.8862;16.7219;16.8321;17.8061;18.2899;19.0333;19.572;20.2995;20.7967;21.1512;21.7768;21.1581;21","15;15.7719;15.921;15.9433;15.6371;15.936;16.3976;16.7125;17.1965;17.2617;17.7732;17.3277;17.8289;18.2967;18.6339;18.0459;17.9757;17.7592;17.4584;17.2141;17.5629;17.2066;16.5043;16.3507;16.1116;15.1349;14.2927;14.2794;13.4497;12.9575;12.5466;12.426;13.1302;13.5478;14.0137;14.7993;15",8.96646
"0.2;0.8;0"
22.917,24.8549,0.272409,"1;1.41134;2.32422;3.32174;4.27728;5.12241;5.91904;6.35268;7.10647;7.70694;8.68249;9.67463;10.3839;11.1834;12.085;12.6801;13.5947;14.5447;15.5052;16.0056;16.7924;17.6639;18.0719;18.652;19.6468;20.6449;21","15;15.9115;16.3197;16.2492;15.9544;16.4889;15.8845;16.0637;16.2186;15.7811;16.0009;15.8757;16.5807;17.1813;17.614;17.4787;17.1476;16.8703;16.592;15.7262;15.109;14.9478;14.8135;14.5985;14.7004;14.7608;15",5.93355
"0.25;0;0.75"
24.0384,6.82248,0.298526,"1;1.84796;2.32856;3.24998;4.18161;5.00555;5.98049;6.44983;6.81182;6.87855;7.54304;7.58398;8.27556;9.0276;9.26799;9.92779;10.9051;11.4927;11.9414;12.4685;13.3931;13.8891;14.7116;15.1897;16.0784;16.9524;17.8903;18.7096;19.4956;20.4907;21","15;15.0412;14.9016;14.6092;14.4695;14.6255;14.5564;15.2127;15.6202;16.4246;17.1663;17.8315;18.1059;18.0137;17.983;17.2898;17.2503;16.7207;16.875;16.9396;17.0402;16.9417;16.3731;15.4947;15.0362;15.5221;15.79;15.3339;15.2249;15.1264;15",6.55969
"0.25;0.05;0.7"
24.3817,8.16666,0.374435,"1;1.84878;2.1624;3.10297;3.7665;4.5993;5.19544;5.74225;5.74914;6.51924;7.19353;7.88574;8.3362;9.20321;9.54465;10.4075;11.059;11.1245;12.0639;12.9513;13.3658;13.9136;14.7789;15.5428;16.4924;17.3288;17.9514;18.2627;18.1386;18.7692;19.5815;20.3832;20.9104;21","15;15.5287;15.5626;15.4669;15.7305;16.1911;16.7694;17.0756;17.3464;17.9629;17.8507;17.4382;17.4189;17.0984;16.9748;17.1229;16.5441;16.4705;16.8135;17.2745;17.6442;17.7166;18.205;18.2613;18.341;18.4385;18.6839;18.0168;17.3217;16.6276;16.0587;15.7871;15.5176;15",7.15548
"0.25;0.1;0.65"
25.2395,2.82753,0.63459,"1;1.54339;2.37338;2.82346;3.61705;4.08444;5.0689;5.74545;6.17482;6.93181;7.69957;8.00837;8.16419;8.72626;9.30704;10.128;10.9356;11.6997;12.4275;12.9568;13.6918;14.2085;15.177;15.7761;16.2524;17.1628;17.1043;17.7455;18.4909;19.05;19.9622;20.6592;21","15;15.1939;15.5681;15.8179;15.7276;15.8999;15.9019;15.984;16.5694;17.0992;17.1874;17.7229;18.3012;19.0239;19.475;19.2622;19.8108;20.4055;19.7316;19.5637;19.0072;18.799;18.6635;17.8628;16.9835;16.5869;16.0339;15.4128;15.447;14.6448;15.0089;15.0259;15",7.11475
"0.25;0.15;0.6"
24.3229,3.4091,0.404769,"1;1.92547;2.82033;3.37482;4.29101;4.62433;5.25226;5.97666;6.29165;7.17006;7.70789;8.47812;9.4484;10.1165;10.2892;11.2489;11.7832;12.1832;12.9821;13.7673;14.3845;14.7016;14.8004;15.5634;15.9122;16.4852;17.2602;17.6952;18.5253;19.4426;20.1013;21","15;15.3788;15.8081;15.8435;15.8091;16.5249;16.905;17.5627;17.5473;17.9894;18.4867;18.5134;18.5615;17.9425;18.0095;18.2904;19.1357;18.8118;18.3357;18.3811;17.8044;16.8762;16.6744;16.03;15.3967;15.3968;15.421;15.5267;15.6227;15.4779;14.7418;15",6.98516
"0.25;0.2;0.55"
23.8453,4.25519,0.331941,"1;1.87816;2.85359;3.85193;4.7765;5.06297;5.39411;5.79229;6.43394;7.35459;7.61583;8.33613;8.78179;9.52376;10.4633;11.2686;11.8713;12.8328;13.7982;14.5989;15.4015;16.3822;17.3228;18.2812;18.6261;19.0768;19.3542;20.0166;20.7478;21","15;15.4784;15.6987;15.6411;16.0221;16.2773;16.8377;17.2321;17.4105;17.6781;18.0757;18.6273;18.2548;18.0559;17.8191;17.933;17.4011;17.1263;16.8655;16.2665;16.8631;16.6676;16.3279;16.0427;15.104;14.5523;14.0361;14.0824;14.7647;15",7.19108
"0.25;0.25;0.5"
26.1346,5.90451,0.400152,"1;1.90244;2.82109;3.82035;4.75121;5.31739;6.14248;6.3551;7.3545;7.83961;8.55987;9.32814;9.93354;10.6806;11.6612;12.3454;13.108;13.7846;14.7761;15.6745;16.4648;17.3896;18.2502;19.0463;19.1136;19.6549;20.254;20.4689;20.8704;20.5493;21","15;15.4308;15.0357;15.0742;14.7188;15.1275;15.6925;16.6696;16.7042;17.0754;17.3003;17.386;17.214;17.0661;16.8697;17.1381;16.899;17.6353;17.7656;17.6781;17.5929;17.7197;17.8272;18.0986;18.709;19.1914;18.3907;17.4141;16.5875;15.6771;15",8.48507
"0.25;0.3;0.45"
23.0776,8.07829,0.289586,"1;1.99441;2.97472;3.94645;4.648;5.38425;5.8515;6.48153;7.08252;7.88864;8.37725;8.98143;9.14527;9.66643;10.2638;10.5641;11.5528;12.5414;13.4169;14.2125;15.1799;15.964;16.7382;17.7161;18.5095;19.1564;19.3735;19.7151;20.4183;21","15;14.8944;15.0919;15.3279;15.1342;15.0638;14.9753;14.7882;14.9034;15.3886;16.022;16.6065;16.9583;16.7221;17.1095;17.1628;17.0127;17.163;17.391;17.6271;17.3736;16.7558;16.9293;17.1385;17.6347;17.0363;16.2434;15.6498;15.173;15",8.71264
"0.25;0.35;0.4"
36.7556,7.16498,0.415469,"1;1.1642;1.05502;1.95594;2.86609;3.08876;3.68053;4.66227;4.54333;4.76469;5.37133;6.31819;7.10695;7.8124;8.6813;9.42324;10.1634;10.983;11.8591;12.5597;13.2661;14.2591;14.8853;15.4769;16.251;16.9215;17.5717;17.8828;17.5901;16.8895;16.5818;15.8806;15.8653;16.5754;16.3153;16.4951;17.1878;18.1585;19.1429;19.9565;20.156;21.0464;21.0259;21.0204;21","15;14.6594;14.0015;13.5675;13.1532;12.1784;11.8017;11.7847;11.1928;10.6133;9.99578;9.98748;9.39132;8.93872;8.46271;8.74889;8.3504;8.72196;8.45936;8.56914;9.15823;9.04057;9.29071;9.28305;9.4124;9.89221;10.4556;11.3142;12.2304;12.8045;13.6179;13.9344;14.7498;15.3769;16.1444;17.0314;17.7527;17.993;17.8175;18.0162;17.72;17.2652;16.2654;15.6925;15",12.2003
"0.25;0.4;0.35"
29.3843,3.72097,0.576975,"1;1.99672;2.17033;2.88646;3.26146;4.18112;5.04144;5.54222;6.09032;6.5008;7.0537;7.62329;8.35291;8.62443;9.46645;9.85279;9.69765;10.2096;10.9587;11.9481;12.7475;13.6843;14.4143;15.3792;16.255;17.1265;17.6641;18.5382;19.5016;20.2872;21.1617;21.8829;22.4883;21.5524;21","15;15.0037;15.6875;16.2168;16.4916;16.6193;16.985;16.868;17.5612;17.9584;18.3183;18.0294;18.6395;17.9507;17.6206;16.9757;17.4876;18.2897;18.9521;18.8069;19.4077;19.6074;18.9328;18.6703;18.1876;17.6972;16.854;16.3682;16.6362;17.1515;17.0486;16.3559;15.56;15.2078;15",9.19361
"0.25;0.45;0.3"
46.5565,2.0493,12.4399,"1;1.85994;2.26032;2.53621;2.71948;3.33216;3.71868;4.276;5.00476;5.83855;5.92505;6.0825;6.76799;7.25232;7.6303;8.58846;9.37954;9.59445;9.70666;9.8312;10.0869;10.211;11.1453;11.8361;12.7785;13.6404;14.6366;15.6259;16.5977;17.5699;18.4853;19.2979;19.8052;20.3386;21.2196;22.0265;22.4302;23.0752;23.777;24.0089;24.1944;24.4721;24.5841;24.7903;25.0724;25.785;25.7829;25.8354;26.0541;26.171;26.5419;26.5771;25.6632;24.6843;23.9911;23.4248;22.9385;22.4294;21.7663;21","15;15.3229;15.8438;16.7644;17.0324;17.3846;17.5881;17.7974;18.2242;18.7763;19.7725;20.7601;20.9903;21.8216;22.0416;22.1878;22.5548;23.0564;23.8775;24.3354;25.1798;24.9365;25.2929;25.8384;26.1339;26.641;26.5546;26.4088;26.6447;26.8788;26.4761;26.5135;26.3385;26.5203;26.9935;27.0267;27.1256;27.3476;26.7179;26.5068;25.5347;24.808;24.1509;23.4257;22.4789;21.7773;21.0031;20.2928;19.875;19.1905;18.2618;17.2624;17.1522;16.9478;16.8366;16.6737;15.9862;15.3056;15.2311;15",15.7737
"0.25;0.5;0.25"
23.3217,3.60695,0.384219,"1;1.8549;2.25091;3.12042;3.89081;4.32145;5.1705;5.81497;6.6115;7.35589;8.22362;9.12418;9.80235;10.3147;10.6546;11.0794;11.848;12.6243;13.5739;14.1872;14.8032;15.441;16.3983;17.1703;18.0928;18.8474;19.1916;19.8876;20.6176;21","15;15.5188;15.7002;15.7177;15.8399;16.0237;16.552;17.1465;17.0976;17.1969;17.148;17.1957;17.355;17.8442;18.4636;19.1894;19.0529;18.8789;18.577;17.927;17.529;16.8565;16.5675;16.7903;16.7951;16.6068;16.0349;16.0215;15.7578;15",7.89108
"0.25;0.55;0.2"
24.0586,7.77837,0.290149,"1;1.76863;2.75801;3.70607;4.22597;4.77747;5.414;6.33978;7.18751;7.90105;8.87892;9.63198;10.2045;11.2021;12.1888;12.6481;13.123;13.6613;13.8965;13.8199;14.6392;15.6322;16.5493;17.5488;18.5258;19.5224;20.2573;20.8023;21","15;15.6397;15.4944;15.1763;15.7281;16.4659;16.4626;16.7467;16.6109;16.5355;16.4179;16.6847;17.0817;17.1516;16.9892;17.8774;17.5938;17.2063;16.9417;16.0418;15.7165;15.5984;15.1998;15.1692;15.3824;15.4644;16.1426;15.3042;15",10.7252
"0.25;0.6;0.15"
26.0594,2.69884,0.665114,"1;1.50893;2.45537;3.13155;3.93389;4.07661;3.76573;4.13132;4.56171;5.43171;5.85723;6.55874;7.50925;7.97982;8.41369;9.18574;9.57038;10.1637;11.0926;11.7282;12.2276;12.6329;13.2955;14.0116;14.6802;15.4882;16.4095;16.756;16.8292;17.7236;18.5941;19.1553;19.8941;20.8728;21","15;15.2022;15.0281;15.1708;15.5961;16.5627;17.0925;17.8316;18.2311;18.1297;18.4346;18.5339;18.8396;19.3715;19.3702;19.0152;19.4383;19.9576;20.1645;19.9325;19.5353;18.9954;19.0462;18.5481;17.9149;17.3257;16.937;15.9989;15.9278;15.4819;15.1924;14.6528;14.3966;14.4908;15",8.3356
"0.25;0.65;0.1"
27.1549,2.20861,2.10858,"1;1.77196;2.58543;3.50546;4.50524;5.5047;6.37485;6.50581;7.33084;7.50804;8.12599;8.8016;9.74708;10.6363;11.5979;12.5685;12.8977;13.6408;14.1807;15.0836;15.7521;16.4617;16.884;17.5253;17.9101;18.6423;19.4088;20.2602;20.5935;21.2051;21.3321;21","15;15.6357;16.2173;16.6091;16.5882;16.5556;17.0484;18.0398;18.6049;19.589;20.3753;21.1125;21.4382;21.8956;21.621;21.6919;21.8642;21.4715;21.3856;20.9559;20.2121;19.5075;19.4249;19.0486;18.7816;18.403;17.9432;17.6078;16.9481;16.6406;15.6999;15",8.44018
"0.25;0.7;0.05"
25.2109,2.15555,1.21504,"1;1.52377;2.19974;2.81134;3.30116;4.08124;4.91306;5.82719;6.53712;7.38362;7.76304;8.42322;9.3368;10.3368;10.5386;11.4859;12.3786;13.017;13.7392;14.2561;14.9029;15.8577;16.6672;16.8233;16.8378;17.4621;18.3878;18.5701;19.1574;19.7514;20.3244;20.8773;21","15;15.2066;15.7247;16.5158;17.3877;18.0134;18.5684;18.9738;19.1824;19.3931;19.4763;20.2274;20.634;20.6295;20.6746;20.4152;20.325;20.5994;20.7815;20.5353;19.8692;19.5719;19.1624;18.6021;17.8585;17.1258;17.1993;16.5653;16.2565;16.0767;15.7373;15.3189;15",7.91937
"0.25;0.75;0"
28.5895,2.15366,2.48824,"1;1.9104;2.32955;3.16642;3.89499;4.69418;5.43112;6.21439;6.57751;7.22161;7.96439;8.64204;9.01004;9.62401;9.9788;10.8391;11.4553;12.2755;12.5654;13.2905;13.7106;14.4007;14.6761;15.4535;16.3359;17.2852;18.1201;18.5492;19.2813;19.5881;19.9749;20.2707;20.4715;21.2727;21.5927;21.3021;21","15;15.4137;16.3216;16.869;17.287;17.8795;18.3199;18.8669;19.0995;19.3691;19.0543;18.9907;19.9205;20.1877;20.1791;20.5306;20.3561;20.3183;21.2213;21.254;21.174;21.8108;21.918;22.0639;22.109;21.7947;21.6041;21.0131;20.3318;19.3801;18.5327;18.2055;17.4561;17.0552;16.6211;15.7305;15",10.3186
"0.3;0;0.7"
22.1987,4.00376,0.294349,"1;1.88087;2.73158;3.3806;4.08928;4.59743;5.22565;5.32949;6.24734;6.90024;7.49331;8.48015;9.2719;10.1817;11.1668;12.0978;12.599;13.4049;13.8414;14.7813;15.1469;15.7779;16.5207;17.0723;17.745;18.0937;19.0506;19.8011;20.6944;21","15;14.9764;14.8487;15.0637;15.2333;15.6784;16.2374;16.3693;16.2537;16.216;17.0211;17.1828;17.7937;18.2088;18.0369;18.0998;17.5025;17.3668;17.0951;16.7537;16.5281;16.4942;16.05;15.7618;15.2702;15.2451;14.9546;15.1153;15.1563;15",7.05113
"0.3;0.05;0.65"
27.7339,3.01894,0.934608,"1;1.98927;2.57446;3.10595;3.7121;4.22505;4.69822;5.64095;6.32206;6.37796;6.50419;7.36076;8.20318;8.5525;9.1162;9.70949;10.6163;11.5157;12.3179;12.9768;13.9138;14.8126;15.4226;15.9811;16.5311;17.5082;17.7963;18.1814;18.9178;19.3886;20.2356;20.4076;20.8178;20.891;20.9643;21","15;14.8539;15.0248;15.2307;15.6722;16.0039;16.742;16.777;16.8613;17.8582;17.969;18.4542;18.0822;18.7904;18.8984;18.3999;18.0424;17.8495;18.1229;18.4301;18.6894;18.8737;19.3134;19.8657;20.3007;20.4272;20.5612;20.9094;20.3487;19.91;19.3784;18.3933;17.4813;16.484;15.4866;15",9.18282
"0.3;0.1;0.6"
23.0833,3.22983,0.409269,"1;1.80028;2.08583;2.58315;3.14729;4.14418;5.05133;5.83961;6.19569;7.14954;7.99529;8.8795;9.79008;10.7246;11.6469;12.1515;13.0615;13.9593;14.7914;15.758;16.7246;17.7097;18.6695;19.5549;20.5439;21","15;15.2663;15.4139;15.9183;16.4109;16.3321;16.7529;17.3682;18.3027;18.603;18.0694;18.5365;18.9498;19.3058;18.9193;18.056;17.6414;17.2009;16.6464;16.3901;16.1337;15.9614;15.681;15.216;15.0682;15",7.63457
"0.3;0.15;0.55"
24.6671,7.71819,0.38853,"1;1.85777;2.82881;3.80806;4.71338;5.63728;6.2404;7.0379;7.84844;8.35107;8.1864;9.10415;9.61283;9.98515;10.9645;11.8078;12.757;13.7181;14.6659;15.5594;16.4103;17.3685;18.1052;18.8422;19.0875;19.6856;20.3198;21","15;14.486;14.247;14.0444;13.6197;14.0023;14.2601;14.8271;14.9259;15.5303;16.5167;16.9138;17.2309;17.858;18.0603;18.4953;18.423;18.6993;18.429;18.0915;18.6169;18.3309;17.6546;16.9787;16.0093;15.5277;15.5223;15",9.13805
"0.3;0.2;0.5"
26.3539,25.686,0.456153,"1;1.26383;2.17785;3.02411;3.48989;4.23811;5.17878;6.02539;6.88968;7.32255;7.94035;8.9241;9.55024;10.5482;11.4664;12.4512;13.3564;14.0759;14.7104;15.5107;16.2401;16.8954;17.36;17.8935;18.3593;19.1326;19.9699;20.8344;21.7258;22.0708;21.6668;21.5634;21","15;15.0074;14.9148;14.9227;15.4041;15.2445;15.5146;15.5754;16.0466;15.9245;15.5468;15.5453;16.3251;16.2609;16.6569;16.8308;17.2558;17.9503;18.7187;19.0721;19.331;18.9805;18.9434;19.0566;18.7117;18.6532;18.1064;17.8204;17.5818;16.6432;15.7985;14.9732;15",14.533
"0.3;0.25;0.45"
22.26,25.0668,0.251596,"1;1.70299;2.56211;3.32897;4.3267;5.28514;6.25723;7.01701;7.83505;8.77298;9.76879;10.5564;11.5484;12.3752;13.3202;13.5649;14.2455;14.6073;15.3272;16.187;17.0583;17.9966;18.9223;19.8194;20.791;21","15;15.5347;15.1188;15.736;15.8034;15.5181;15.2835;15.9336;16.5088;16.8556;16.947;16.3309;16.2045;16.7669;16.4397;16.4501;16.3057;15.7694;15.0753;15.3937;15.3448;14.9992;15.1309;15.2875;15.0509;15",14.2987
"0.3;0.3;0.4"
24.595,3.54375,0.365327,"1;2;2.46945;3.45741;4.39452;5.39362;5.46475;5.85167;6.00758;6.80841;7.60869;8.48029;9.30323;9.68584;10.4547;11.3937;12.2113;12.5242;13.2523;14.2047;15.1571;16.1552;16.7463;17.0472;17.7389;18.4795;19.4141;20.3341;21","15;15;15.883;15.7282;15.3792;15.4215;16.419;17.2388;17.2986;17.6615;17.9832;18.4222;18.5994;18.7168;18.2357;18.264;18.3995;18.1653;17.4798;17.175;16.8702;16.9327;16.1262;15.2222;14.5636;14.5703;14.4181;14.2921;15",8.74667
"0.3;0.35;0.35"
25.4819,2.15314,1.12179,"1;2;2.66468;3.33239;3.65078;4.56587;4.51106;5.36421;6.28584;6.97775;7.31692;8.2766;9.1914;10.1911;11.0781;12.0056;12.5762;13.5168;14.3156;15.1151;16.0518;16.9744;17.7515;18.5585;19.1402;19.971;20.1887;20.5571;21","15;15;15.6638;16.2402;16.8171;17.2203;18.2188;18.5996;18.5536;19.1612;19.9668;20.2479;20.6518;20.6268;20.165;20.5389;20.2182;20.4266;19.825;19.2243;18.8742;18.4884;17.8591;17.2685;17.1008;16.72;15.9666;15.0568;15",8.84237
"0.3;0.4;0.3"
26.3064,5.93774,0.383131,"1;2;2.9982;3.96905;4.55447;4.88393;5.78556;5.9386;6.63356;7.41364;8.22261;9.19785;9.78821;10.7305;11.4217;11.6593;12.3746;12.6849;12.7218;13.4212;14.2024;14.5067;14.9079;15.9036;16.3902;16.889;16.8668;17.7601;18.2643;18.9695;19.6284;20.0154;20.7674;21","15;15;15.0599;15.2996;16.1103;17.0545;17.487;17.4391;18.1021;17.809;18.3969;18.1757;18.9829;18.6481;18.2557;17.8368;17.5893;17.0751;16.6444;16.2975;15.7234;15.5525;15.0148;14.9212;14.1079;13.4443;13.0583;12.7617;13.179;13.856;13.657;13.7686;14.2292;15",10.6597
"0.3;0.45;0.25"
23.1867,3.00639,0.392098,"1;1.84147;2.73095;3.72947;4.70745;5.20362;6.04352;6.25401;7.05626;7.90534;8.776;9.39532;10.2255;11.0934;11.9496;12.285;13.1017;13.9406;14.8092;15.2774;16.1182;16.6889;17.6333;18.2286;18.3548;19.2581;20.0012;20.4745;21","15;15.5403;15.9973;15.9428;15.7341;15.9011;16.4392;17.4168;18.0138;18.1813;18.4797;18.5609;18.5789;18.3656;18.8688;18.2747;18.2655;17.8581;18.1103;17.9522;17.6743;17.4019;17.1161;16.5654;16.187;15.9773;15.5434;15.0599;15",8.53762
"0.3;0.5;0.2"
24.9216,3.02327,0.480236,"1;1.91082;2.89997;3.82926;4.33668;4.97628;5.73181;6.01773;6.65888;7.29138;6.66546;7.50147;8.45991;9.23959;10.1772;11.1707;12.1707;12.9059;13.7975;13.9944;14.3602;15.1353;16.0363;17.0244;18.022;18.7213;19.5365;20.2228;21","15;14.5872;14.4403;14.8097;15.2896;15.9573;16.2238;16.7128;17.3784;17.8695;18.4694;19.0181;18.7328;19.359;19.0114;18.8974;18.886;18.5958;18.6511;18.5496;17.6189;16.987;16.5532;16.3992;16.4686;15.7539;15.2829;15.1139;15",9.21132
"0.3;0.55;0.15"
24.8451,2.33678,1.11124,"1;1.6381;2.55077;3.46126;3.76167;4.73345;5.20632;5.82374;6.06819;6.78779;7.30697;8.23745;8.99925;9.86885;10.5092;11.0985;11.4888;12.3194;13.0881;13.5869;14.4118;15.1404;15.7749;16.6429;17.3055;17.7738;18.5752;19.1438;19.6448;20.1256;20.4936;21","15;15.77;16.1787;16.3332;16.4163;16.6522;16.9973;17.2247;17.5725;18.2389;18.7895;19.1559;19.5376;19.3196;20.0877;20.8956;21.0458;20.5339;20.4333;20.7608;20.2417;19.9398;19.564;19.3528;18.9955;18.7053;18.1612;17.4891;16.6316;16.2901;15.8011;15",8.96671
"0.3;0.6;0.1"
24.026,4.20191,0.383127,"1;1.41176;1.46559;2.39481;2.8606;3.75072;4.43626;5.39888;6.17519;6.86895;7.4209;7.65315;8.42727;9.05623;9.42379;9.96704;10.7945;11.237;11.7499;12.5302;13.4301;14.4201;15.3296;16.2925;17.2554;18.2549;18.9979;19.256;19.9747;20.3282;21","15;15.571;15.885;15.9827;16.0532;16.3804;16.6249;16.5684;17.0792;17.5792;17.631;18.304;18.8858;19.3629;18.6118;18.6684;18.1755;18.0505;17.6316;17.1642;16.8632;17.0049;16.5894;16.3195;16.0496;16.0804;15.9761;15.2225;14.5374;14.3971;15",9.9582
"0.3;0.65;0.05"
23.628,2.70679,0.498127,"1;1.6713;2.11844;2.77315;3.38959;4.18695;5.00221;5.98807;6.40762;7.04646;7.95488;8.44407;9.14385;9.90565;10.7944;11.6659;12.5858;13.3891;14.2919;14.9549;15.8163;16.6368;17.18;18.0345;18.7554;19.2267;19.8086;20.5789;21.0968;21","15;15.5206;16.1167;16.7919;17.0601;17.6636;18.2427;18.3433;18.8015;18.4722;18.6875;18.5371;18.7553;19.098;19.2742;18.9795;18.5873;17.9918;18.4218;18.1957;17.7236;17.8758;17.8101;17.7907;17.27;16.9992;16.6971;16.1142;15.2587;15",8.98314
"0.3;0.7;0"
22.9304,6.65062,0.281051,"1;1.9629;2.93389;3.9335;4.93206;5.43513;6.39521;7.17925;7.36952;8.29364;8.59609;9.35814;9.55355;10.1492;10.7625;11.3532;11.9373;12.3746;13.3301;14.0199;14.3886;15.3484;15.8413;16.6265;17.4301;18.258;19.1372;19.284;19.7896;20.6095;21","15;14.7302;14.491;14.5192;14.4655;15.3298;15.05;15.6707;15.6955;15.9415;16.0406;16.6343;17.0951;17.4031;17.8146;17.4834;17.6238;17.6643;17.3692;17.3186;17.102;16.881;16.8867;16.2675;15.6723;16.0268;16.1546;15.6182;15.179;15.2003;15",8.20831
"0.35;0;0.65"
28.9826,3.99068,0.663776,"1;1.48776;2.07139;2.92577;3.10298;3.9495;4.68307;5.56248;6.46167;7.07091;7.84462;8.57365;9.3205;10.2074;11.1926;11.8985;12.8843;13.6033;14.3087;14.9874;15.5991;16.5987;17.5831;18.2067;19.0653;19.7847;20.1157;21.0212;21.868;22.4188;23.1088;22.388;21.8679;21.3912;21","15;15.7832;16.4765;16.291;16.2394;16.4759;16.642;17.118;17.5521;17.252;16.8432;17.2743;17.5641;17.6927;17.8121;18.0449;18.2127;17.5177;18.2264;18.9609;19.752;19.7816;19.9572;19.1754;18.6628;18.7967;18.8195;18.4753;18.1601;17.7518;17.028;16.3348;15.7497;15.0712;15",10.7417
"0.35;0.05;0.6"
26.1921,2.37684,1.63368,"1;1.50516;1.99007;2.67446;3.65206;4.50443;4.59017;5.43126;6.37416;6.88216;7.67436;8.63129;8.7438;9.2553;9.89762;10.6022;11.144;12.0757;12.8984;13.6479;14.2027;15.0801;15.9844;16.8014;17.7359;18.7186;19.25;19.8495;20.2761;20.78;20.9815;20.9972;21","15;15.5823;15.9969;16.3366;16.2822;16.4592;16.7353;17.2762;17.6092;18.0527;18.1605;18.4508;18.757;19.5987;19.9665;20.621;21.2232;21.5866;22.155;21.4931;20.6611;20.1813;19.7543;19.1776;18.8217;18.6365;17.7894;17.346;16.9029;16.5705;16.1756;15.1758;15",10.3034
"0.35;0.1;0.55"
22.911,5.05986,0.297293,"1;1.93106;2.72802;2.97115;3.77633;4.44692;5.39833;6.14513;6.1936;6.98491;7.21748;7.77376;8.46679;9.19378;9.91817;10.3317;10.9269;11.7793;12.686;13.52;14.4953;15.3319;16.1624;16.6408;17.3312;17.7615;18.4221;18.9979;19.8548;20.1559;21","15;15.3649;15.1186;14.8887;15.3592;15.6659;15.8155;15.8977;16.7396;17.3511;17.7823;18.0417;18.1159;17.806;17.6648;17.2572;17.1047;17.6277;17.246;16.6953;16.4743;16.2779;16.3163;16.1107;15.9041;15.8121;15.4394;15.0519;14.8545;14.624;15",8.92648
"0.35;0.15;0.5"
23.2669,13.7633,0.273348,"1;1.94275;2.94113;3.92387;4.61277;5.60884;6.08206;6.73175;7.14643;8.1422;8.96808;9.0827;9.71995;10.5526;10.714;11.6841;12.6783;13.6046;14.5295;15.4884;16.2332;17.0848;17.8976;18.6794;19.6046;20.4997;21.0751;21","15;14.6665;14.6096;14.7946;14.0697;14.1582;14.2301;14.6368;15.2275;15.1356;15.6994;16.6928;17.4635;17.5781;17.5724;17.3298;17.2221;16.8453;16.4971;16.3068;16.0623;15.8918;15.7975;15.4747;15.7169;15.8976;15.3279;15",11.0191
"0.35;0.2;0.45"
25.7616,2.3344,1.1469,"1;1.89532;2.72359;3.48308;3.91673;4.85907;5.56187;6.5357;7.4474;8.29682;9.28026;10.2646;10.9266;11.7327;12.7285;13.3503;13.9281;14.74;15.6031;16.6018;17.5854;18.5346;19.433;19.912;20.2104;20.5089;20.8073;21","15;15.4454;16.0057;16.6563;17.5574;17.892;18.6034;18.3761;18.3662;18.3757;18.5569;18.7331;19.3284;19.7894;19.8813;20.6645;21.0204;20.7457;20.2407;20.2917;20.1112;19.7965;19.3574;18.4796;17.5252;16.5707;15.6163;15",10.0589
"0.35;0.25;0.4"
26.9137,2.51887,1.15629,"1;1.90894;2.25924;2.52869;3.26656;3.76655;4.39055;4.88016;5.31662;5.55476;6.28559;6.67359;7.39798;8.39609;9.1021;9.57272;10.4903;11.4902;12.3823;13.1277;13.7475;14.0244;15.02;15.8839;16.6648;17.4479;18.2225;18.9064;19.7229;20.6899;20.8626;21","15;14.5831;13.6464;13.7287;13.8509;14.4094;14.9617;15.3861;16.2054;16.8106;17.4931;18.3165;19.0028;19.0641;19.6399;20.3257;20.7233;20.7322;21.184;20.5174;20.2097;20.0746;19.9813;19.4777;18.8531;18.2312;17.5987;17.1957;17.0234;16.7685;15.7835;15",10.5802
"0.35;0.3;0.35"
34.0234,6.14282,0.341592,"1;1.83771;2.42683;3.00676;3.95;4.79687;5.72366;6.66492;7.32961;7.92051;7.66644;8.17998;8.63927;9.36103;9.75247;10.5643;11.5185;12.4904;12.5448;13.3835;14.3147;14.293;14.7582;15.5418;16.4721;16.7132;16.677;16.5871;16.8813;16.7921;16.8221;17.436;17.9043;18.3235;19.0707;19.6814;20.0239;20.79;20.8453;20.8302;21.4122;21.2818;21","15;14.4539;13.6458;12.8312;12.4991;11.9673;11.5917;11.254;10.9104;10.6992;9.7621;9.3051;8.82865;8.23376;8.26759;8.15826;7.85908;7.66404;6.9307;6.85508;6.51981;6.34599;5.59169;5.29694;5.63216;6.07046;7.04141;7.92518;8.23841;8.95314;9.62831;10.4177;11.0482;11.6527;11.6429;10.8582;10.7931;11.206;12.2045;12.9865;13.702;14.1507;15",14.1606
"0.35;0.35;0.3"
23.2282,3.22443,0.377253,"1;1.97425;2.71603;3.67101;4.56345;4.82146;5.51552;5.72362;6.56743;7.52281;8.28263;8.92673;9.45423;10.2776;11.173;11.4964;12.1317;12.7136;13.5223;14.3415;15.0593;15.5383;16.2914;16.755;17.6273;18.3941;19.0358;19.6486;20.0006;20.6372;21","15;15.2255;15.8961;16.1928;16.6439;16.7841;17.2442;17.4764;17.9393;17.6439;18.2941;18.5242;18.6376;18.7127;18.5188;18.3984;17.7338;17.4943;17.7317;17.4506;16.811;16.9692;17.2831;17.6087;17.8234;17.1815;16.4146;15.7722;15.3225;15.0778;15",9.51397
"0.35;0.4;0.25"
23.9054,3.07758,0.413894,"1;1.97916;2.97844;3.35787;4.02338;4.40653;5.35003;5.56033;6.12076;7.02306;7.87554;8.66291;9.60995;10.4717;11.4168;12.3832;13.3806;14.1001;14.4646;15.4613;16.1161;16.4686;16.5896;17.5335;17.8875;18.7158;19.3881;20.3691;21","15;15.2031;15.1653;15.6561;16.2202;16.4796;16.8011;17.2411;18.0365;18.4676;18.7769;19.0212;18.9945;18.4872;18.1603;18.4173;18.4891;17.8338;17.0881;17.1693;16.4986;15.6857;15.3178;15.0998;15.0994;15.5025;15.4907;15.6314;15",9.83457
"0.35;0.45;0.2"
24.2418,3.86407,0.346765,"1;2;2.99202;3.95983;4.82289;5.47137;6.36893;6.87526;7.35318;7.87466;8.20458;8.60534;9.30439;9.79727;10.4318;10.9197;11.7975;12.2272;13.121;13.6595;13.9795;14.6659;14.9021;15.8377;16.7091;17.2155;17.6596;17.5767;18.5416;19.5185;20.4029;21","15;15;14.8739;14.6222;14.9357;15.4209;15.8513;16.3452;16.6938;17.1005;17.6682;17.9803;18.2518;18.1069;17.6414;17.7814;17.9025;18.272;18.5465;17.718;17.7511;17.3984;16.9743;17.1369;17.4092;17.3433;16.4562;15.4751;15.2868;15.4422;15.2791;15",10.4687
"0.35;0.5;0.15"
23.8509,7.10421,0.338303,"1;1.23752;1.68597;2.34449;3.33539;3.92704;4.47584;5.47499;6.44518;7.01516;7.77201;8.49264;8.82;9.57613;10.4807;10.7896;11.5249;12.5198;13.2987;14.2544;14.5421;15.4566;16.3907;17.3501;17.7743;18.6802;19.5741;20.2856;21","15;15.1408;15.7276;16.4802;16.6148;17.421;18.2569;18.2982;18.0559;18.1953;17.7293;17.311;16.6512;16.5798;16.6624;17.4937;17.5848;17.4838;17.0359;17.0975;17.1056;16.7119;16.355;16.0729;15.1673;14.744;14.6887;14.8239;15",12.289
"0.35;0.55;0.1"
29.6726,2.1345,4.69288,"1;1.47316;1.53746;2.52432;3.29426;4.29331;5.2659;5.5399;5.88122;6.13076;6.4014;7.29079;8.08879;8.38064;9.36178;10.3562;11.3562;12.3489;13.3487;13.7939;14.7784;15.5008;16.4811;17.174;18.0914;18.5212;18.7438;19.0614;19.5742;19.7908;20.3342;20.8314;21.2138;21","15;15.5657;15.8433;16.0048;16.643;16.6865;16.919;17.8807;18.8207;19.7807;20.7309;21.1881;21.7669;22.6351;22.8284;22.9338;22.923;23.0429;23.0638;22.7956;22.9554;22.2639;22.4615;21.7405;21.3424;20.4395;19.9868;19.1909;18.557;17.6813;17.122;16.3013;15.5474;15",11.9008
"0.35;0.6;0.05"
23.5287,9.5947,0.276918,"1;1.99793;2.74162;3.74108;4.53434;5.13835;5.72893;6.25765;7.25681;8.20581;8.77105;9.56655;10.0309;10.7768;10.9664;11.6397;12.0731;13.0727;13.244;14.1543;14.8479;15.3225;16.2748;16.6042;17.5312;18.1426;18.6484;19.5264;20.5012;20.999;21","15;14.9358;15.6043;15.5712;16.1801;16.4554;16.8562;17.1023;17.0612;16.746;16.6804;16.3061;17.1233;17.5953;17.5785;17.2265;16.5388;16.51;16.544;16.2284;15.5988;14.7186;14.4527;14.2927;13.9592;13.8767;13.6084;13.9077;14.1308;14.9982;15",14.4716
"0.35;0.65;0"
23.2296,5.75005,0.311727,"1;1.30203;1.96019;2.91692;3.81005;4.65552;5.38877;6.38583;7.37036;8.33282;8.48244;9.28325;9.97526;10.6115;11.458;12.1077;12.7541;13.6127;14.2177;15.0111;15.9165;16.9064;17.5826;18.3616;19.1433;19.9104;20.3667;21","15;15.9091;16.6224;16.9134;16.4636;16.9976;17.6775;17.6008;17.4256;17.1542;17.3922;17.7156;17.8389;18.1858;17.9133;17.626;17.1126;16.5999;15.8037;15.195;14.7704;14.6288;14.3678;14.4433;14.8874;15.1164;15.0471;15",9.47887
"0.4;0;0.6"
22.1239,9.3363,0.253811,"1;1.94932;2.94618;3.94589;4.56195;5.32822;6.17197;6.62835;7.37316;8.2926;9.11044;9.6545;10.0166;10.895;11.5782;12.3676;12.5724;13.3408;14.3064;15.0654;15.8726;16.3242;16.7758;17.5261;18.3248;18.8675;19.6211;20.5645;21","15;15.3143;15.2351;15.2111;15.4164;15.5664;15.6133;16.0797;16.2503;16.1798;16.0984;16.4256;16.8229;17.0499;16.9783;17.0774;17.0865;16.7995;17.0403;16.3892;15.799;15.0138;14.638;14.3713;14.374;14.1727;14.5195;14.4974;15",9.45597
"0.4;0.05;0.55"
22.1957,8.41767,0.271599,"1;1.98376;2.65338;3.50479;4.39258;5.39127;6.30025;7.00142;7.6541;8.33404;8.57957;9.07888;9.9228;10.699;11.4723;11.8113;12.2956;12.6199;13.3299;14.2497;15.2448;16.0196;16.8108;17.4002;18.2971;19.2291;20.0139;21.0135;21","15;15.1795;15.59;15.4906;15.8501;15.799;15.6192;15.7223;15.6622;15.7102;16.3315;16.9441;16.9696;16.7562;16.8997;16.9508;17.0167;17.01;16.8883;17.0867;17.1859;17.3643;17.5578;16.7746;16.3324;15.97;15.3502;15.3214;15",9.85584
"0.4;0.1;0.5"
24.1775,5.54681,0.306495,"1;1.90131;2.88221;3.61502;4.37633;5.3452;5.7816;6.51965;7.26155;8.02412;8.49923;9.15007;9.70227;10.5452;10.582;11.5771;12.3978;13.1916;13.6634;14.3889;14.959;15.7238;15.8619;16.72;16.9584;17.3868;18.2776;19.1287;19.7052;19.9984;20.5134;21","15;14.5668;14.3723;14.6792;15.276;15.4016;15.7164;16.3166;16.7278;16.5428;16.612;16.9796;16.9928;17.5014;17.6376;17.5382;17.1229;17.4752;17.1947;16.9953;16.3817;15.832;15.7099;15.9194;16.6141;17.47;17.6131;17.2149;16.4399;15.9753;15.2836;15",10.6409
"0.4;0.15;0.45"
24.4501,3.10966,0.418869,"1;1.93577;2.8178;3.77603;4.69568;4.90993;5.72501;6.366;6.6803;7.10665;7.87357;8.59735;9.52554;10.521;11.375;12.2868;12.8614;13.5915;14.2341;15.0464;15.7208;16.2027;16.6611;17.3;17.6315;18.2976;18.8791;19.7863;20.5398;21","15;15.3526;14.8814;14.8651;15.1752;15.7729;16.3247;16.6628;17.5029;18.2162;18.6312;18.527;18.1549;18.2504;18.0942;18.1936;18.304;18.5094;18.9468;18.5062;18.1231;17.3295;16.9338;17.6329;17.345;17.2285;16.4454;16.1738;15.6777;15",10.5695
"0.4;0.2;0.4"
30.7309,3.45951,1.80742,"1;1.99582;2.56303;2.81291;3.12444;3.82912;3.97087;4.70597;5.68339;6.38687;6.67984;7.29667;7.71906;8.15506;8.30339;8.56621;8.999;9.63843;10.6049;11.5423;11.9822;12.3345;13.0216;13.7549;13.9575;14.436;15.4333;15.5461;16.2663;16.9034;17.723;18.4689;18.8998;19.193;19.6577;20.108;20.9534;21.3864;21.1825;21","15;14.9087;14.2583;13.4776;13.4086;13.781;14.0979;14.3278;14.272;14.6465;15.3709;16.0384;16.6867;17.203;17.9154;18.8686;19.5412;20.1843;20.3568;20.2322;19.9617;19.5728;20.0404;20.258;20.6102;21.0862;21.1599;21.3965;21.9978;21.5405;20.9676;20.3016;19.3992;18.4431;17.5577;17.2211;17.1811;16.8549;15.8759;15",13.7898
"0.4;0.25;0.35"
23.1062,3.45011,0.357213,"1;1.97035;2.95614;3.78494;4.37493;5.33164;6.17741;7.11213;7.88748;8.39982;9.24264;10.0334;10.8117;11.4727;12.3384;12.8362;13.6582;14.2627;14.8431;15.6134;15.8354;16.4145;17.111;18.0937;18.8258;19.3904;20.2917;21","15;14.7583;14.5903;15.1499;15.9573;16.2483;16.7819;16.4265;17.0581;17.2165;17.5578;18.1497;18.5865;18.8561;19.0068;18.6719;18.1603;18.1014;17.666;17.1566;16.9411;16.3006;15.7373;15.9221;15.3626;14.9822;14.7325;15",10.3847
"0.4;0.3;0.3"
22.8393,3.8854,0.332433,"1;1.60645;2.4222;2.66025;3.62402;4.62123;5.60754;6.60548;7.59563;7.67154;8.13718;8.70264;9.30209;9.96673;10.7471;11.5319;12.163;13.0456;13.2551;14.0986;14.3977;15.1624;15.4183;16.3068;16.6004;17.3925;18.1525;18.5795;19.0859;19.2799;20.1573;21","15;14.9746;15.2992;15.4831;15.7499;15.8244;15.9893;15.9252;16.0652;16.1826;16.7543;17.1944;17.8141;18.5361;18.1034;18.2195;18.2143;17.7443;17.7363;17.9569;17.9645;17.6969;17.8825;17.4236;16.9993;16.8081;16.7906;16.3876;15.598;15.2042;15.1678;15",10.5787
"0.4;0.35;0.25"
21.9732,7.56739,0.272578,"1;1.81083;2.7264;3.35869;3.97671;4.91963;5.89959;6.70285;7.33882;7.95173;8.92898;9.44876;9.91975;10.7627;11.6206;12.4902;13.4036;14.3671;15.3223;15.9973;16.955;17.9073;18.5652;19.4071;20.3468;21","15;15.5853;15.9874;16.7455;17.3786;17.0455;16.8463;16.5063;16.032;16.26;16.4721;16.605;16.6076;17.1456;17.0432;16.9168;17.3239;17.0563;16.7601;16.2898;16.0447;15.9558;15.8836;15.6816;15.3397;15",11.8708
"0.4;0.4;0.2"
24.0143,2.47112,0.603321,"1;1.75841;2.58495;3.57578;3.74068;4.56483;4.54074;5.46693;6.4618;7.3957;8.16137;9.12783;10.0664;10.7673;11.6607;12.3531;13.0809;13.8286;14.6611;15.6347;16.5539;17.3661;18.1784;19.0375;19.3786;20.1477;20.6608;21","15;15.3269;15.8111;15.9462;16.9325;17.4988;18.4985;18.8756;18.9767;19.3343;19.3377;19.4842;19.4143;19.4383;19.5157;19.2738;18.761;18.0986;18.0275;17.7993;18.193;17.6097;17.0264;16.5146;16.2832;15.7403;15.3804;15",10.8082
"0.4;0.45;0.15"
23.973,3.06108,0.435281,"1;1.80438;2.47882;3.47507;4.47337;5.47318;5.94651;6.61311;7.43873;8.20386;8.69014;9.53078;10.5011;11.2271;12.1977;13.0945;13.957;14.8823;15.2899;16.0609;16.4343;17.3853;18.0183;18.6567;19.0367;20.0035;20.7269;20.8618;21","15;15.5941;16.3324;16.2459;16.3042;16.2849;16.556;16.8602;17.1874;17.6841;17.6795;18.2211;18.2118;18.5808;18.8217;19.264;18.758;18.7198;18.1944;17.5576;17.613;17.6314;17.6763;17.9881;17.154;16.932;16.6518;15.791;15",11.1633
"0.4;0.5;0.1"
25.2628,7.96587,0.305736,"1;1.86658;2.68544;3.06808;3.75233;4.74046;5.73454;6.32582;7.3253;7.5915;7.64121;7.21751;7.83879;8.53423;9.23194;9.98749;10.5944;11.46;12.2981;13.2511;14.0953;14.9904;15.3688;16.3391;17.1046;17.4622;17.8584;18.5757;19.2704;20.1343;21","15;14.501;13.927;13.671;12.9944;13.148;13.2567;14.0632;14.0955;14.9097;15.0756;15.8405;16.1485;16.7227;17.4391;17.5183;17.1564;17.4836;17.6394;17.3365;17.0658;17.0938;17.0532;17.202;16.9142;16.3586;15.4946;15.2742;14.6943;14.525;15",14.5016
"0.4;0.55;0.05"
23.6457,4.24161,0.376131,"1;1.8345;2.7928;3.78302;4.76403;5.5677;5.8198;6.44998;7.27727;8.08703;8.15475;8.69629;9.31736;10.1137;10.5754;11.5093;11.9982;12.9861;13.6633;14.4558;15.0329;15.3514;16.2218;17.2192;18.2137;18.6629;19.31;19.9818;20.6272;21","15;15.551;15.8368;15.9763;16.1702;16.7274;16.6012;15.9978;16.0183;16.605;16.59;17.4269;17.2463;17.7474;17.6873;17.8505;17.8673;17.7118;17.8702;17.9368;18.2623;18.1218;18.6142;18.5425;18.6471;17.7537;16.9913;16.2505;15.6314;15",12.0032
"0.4;0.6;0"
30.1918,2.33222,2.52394,"1;1.67102;2.07184;2.54798;2.8568;3.55351;3.78252;4.54321;4.93023;5.68683;5.44802;6.35291;7.27351;8.26893;9.1756;10.1344;10.9961;11.7933;12.2718;12.7854;13.5303;14.4066;14.9861;15.0796;15.9495;16.8107;17.7166;18.0453;18.9071;19.471;20.0976;20.8378;21.7166;22.0719;21.5788;21","15;15.7414;16.6576;16.8838;17.3486;17.6807;17.9225;18.4912;18.824;19.4778;20.4489;20.8746;21.2651;21.3607;21.7825;21.8603;21.3678;20.764;19.8859;19.9389;19.7246;19.788;20.4909;20.827;20.8319;21.228;20.8045;19.86;19.5469;18.8851;18.1058;17.4334;16.9562;16.0537;15.2294;15",14.9745
"0.45;0;0.55"
23.3718,3.5354,0.342647,"1;1.99646;2.96461;3.89386;4.447;4.96639;5.24481;5.60062;6.37957;7.19682;8.17748;9.15815;10.0767;10.8416;11.8003;12.3629;12.906;13.5876;14.5785;15.496;15.6895;16.4681;16.9539;17.7771;18.1862;18.8289;19.8279;20.8253;21","15;15.0841;15.077;15.2537;15.724;16.106;16.9302;17.8336;18.0198;17.7546;17.5589;17.3632;17.7584;18.2088;18.2903;18.0038;18.164;17.8271;17.8867;17.4894;16.6464;16.1887;16.3257;15.8238;15.3686;14.9601;14.9151;14.9873;15",10.8654
"0.45;0.05;0.5"
26.0239,2.81502,0.812661,"1;1.53819;2.18008;2.59568;3.35562;3.72795;4.46496;4.82659;5.4718;6.06642;6.95732;7.0933;8.05936;9.0127;9.70205;10.0801;10.6271;11.5331;12.2368;12.7674;13.098;13.8815;14.5079;14.7619;15.3825;15.924;16.3792;16.6084;17.1887;17.5186;17.9341;18.6836;19.2097;19.8491;20.5137;21","15;15.2753;15.8429;16.1778;16.5355;16.6465;17.1151;17.6199;17.9165;18.547;18.5024;18.5047;18.5896;18.7682;18.6691;18.6027;18.1894;17.9325;18.636;19.2412;19.9153;19.4361;19.6735;20.5769;20.4576;20.26;20.1303;19.1569;18.3426;17.7786;16.9736;16.4835;16.1683;15.6865;15.5736;15",12.3579
"0.45;0.1;0.45"
23.1277,6.91906,0.284346,"1;1.37667;2.0967;2.57814;3.42754;3.80003;4.54281;5.20029;6.1034;6.63922;7.25677;8.08562;8.37813;9.24872;9.82977;10.6108;11.3614;12.2034;13.0283;13.707;14.5221;15.43;16.3255;17.113;17.3969;18.1383;18.4594;19.2525;20.0455;20.8385;21","15;14.9657;15.3655;15.642;15.9303;16.0919;16.0686;16.2527;15.8232;16.1273;16.4947;16.7577;16.5755;16.8641;16.9371;17.0264;17.6872;17.1477;16.9124;16.178;15.7061;15.9264;16.0542;16.6504;17.3429;17.3134;16.9516;16.3424;15.7332;15.124;15",11.559
"0.45;0.15;0.4"
22.4884,2.91437,0.380305,"1;1.94852;2.59382;3.03836;3.81434;4.56762;5.10031;5.77393;6.61103;7.52146;8.15096;9.11977;9.771;10.2272;11.0808;11.7111;12.5558;13.1985;13.6486;14.5377;15.5061;16.1505;16.9727;17.795;18.7696;19.3604;19.6049;20.1932;21.1171;21","15;15.3167;16.0504;16.3735;16.3979;16.6962;16.8668;17.355;17.6352;18.0389;18.2861;18.0383;18.1616;18.065;18.4329;18.2778;18.1726;18.2496;18.201;18.179;18.3668;18.3566;17.7874;17.2183;16.9946;16.5389;16.2768;15.6112;15.2286;15",10.8357
"0.45;0.2;0.35"
29.8295,4.34966,0.601539,"1;1.45633;2.07464;2.90793;3.90337;4.71826;5.33863;6.23196;7.10871;7.40175;8.23038;8.48312;9.12743;9.86705;10.4176;11.0575;11.665;12.2484;13.2011;13.7864;14.2092;14.738;15.3834;15.4963;15.5837;15.9951;16.3084;16.838;17.1955;17.459;17.706;18.1144;18.6156;19.027;19.9841;20.0857;20.1644;20.3843;20.5661;21","15;15.5252;16.2199;15.667;15.7624;15.5861;15.5372;15.9561;15.9338;16.1767;16.7104;16.9139;17.2109;17.8798;18.6343;19.4028;19.805;20.0483;20.0196;19.7296;19.3422;19.03;18.4695;18.1219;17.292;16.3805;15.7071;15.0367;14.6441;13.6975;12.8648;12.6261;12.0295;11.8154;11.5628;12.4894;13.1049;13.5581;14.3996;15",14.6912
"0.45;0.25;0.3"
25.1433,3.11563,0.478979,"1;1.74385;2.73652;3.5866;4.5847;5.5828;6.48852;7.37536;7.41487;8.1294;8.99811;9.99582;10.8071;11.6448;12.4778;13.0852;14.0495;14.7155;15.1511;15.91;16.6349;17.376;17.7529;18.2685;18.384;18.9472;19.7361;20.39;21","15;15.6683;15.5475;16.0741;16.0126;15.951;16.3749;16.837;17.8362;18.5358;19.0311;18.9634;18.3787;18.3209;18.4546;18.9822;19.2211;18.8691;18.724;18.5524;18.1312;17.5315;16.8472;15.9904;14.9971;14.7669;14.3779;14.2738;15",12.3689
"0.45;0.3;0.25"
22.4086,4.74612,0.288435,"1;1.87971;2.77184;3.67429;4.51393;5.48602;6.05377;6.86228;7.0643;7.18281;7.86619;8.71447;9.45228;9.92976;10.891;11.7626;11.8686;12.8616;13.4025;13.9698;14.9122;15.7613;16.3149;17.0951;17.8362;18.746;19.3455;19.8526;20.3838;21","15;14.9501;15.0462;15.3866;15.9297;15.6951;16.1732;16.3851;16.2039;16.3363;16.9695;17.3802;16.8335;17.184;17.441;17.8988;17.9157;17.8072;17.782;17.3812;17.0466;17.0778;16.6936;16.3526;15.8258;15.6154;14.9091;15.0938;15.2906;15",11.8027
"0.45;0.35;0.2"
23.8807,8.7753,0.317499,"1;1.18391;1.3612;2.01548;3.00535;3.88945;4.87925;5.64413;6.51321;6.88225;7.62009;8.4752;9.1763;10.1506;10.9479;11.7377;12.5147;13.1776;13.655;14.1381;15.0377;15.5502;16.521;17.4474;18.447;19.4308;20.1435;21","15;15.9829;16.9671;17.7234;17.5814;17.1141;17.2448;17.6208;17.1262;17.2955;17.6893;17.8506;17.7335;17.5083;16.9588;17.3155;16.8015;16.0528;16.1128;15.7745;15.3788;14.7541;14.5143;14.8907;14.9215;15.1005;14.9864;15",14.304
"0.45;0.4;0.15"
29.8351,3.94597,1.38658,"1;1.80483;2.38479;3.29335;4.24031;4.90781;5.32394;6.00483;6.69848;7.51425;8.16885;8.63201;8.97414;8.82682;9.82645;10.2128;11.0777;11.6166;12.08;12.6701;12.5444;12.3564;11.9581;12.5547;13.1747;13.6568;14.2307;14.7165;15.1918;16.0845;16.7973;17.5567;18.0172;18.5527;19.2552;19.9044;20.1011;20.5604;21","15;15.5935;16.4082;16.8259;17.1109;17.1589;17.6199;18.1061;18.8018;19.293;19.9223;20.266;20.6286;21.6177;21.6446;21.0401;20.8391;20.7113;19.9227;19.6876;18.9876;18.4478;17.8219;17.3909;16.8584;16.3374;16.8516;17.4377;17.5683;17.8835;17.9525;18.0924;17.8838;18.2603;17.6913;16.9519;16.092;15.5233;15",15.3402
"0.45;0.45;0.1"
23.2661,4.77497,0.294333,"1;1.90033;2.89808;3.89323;4.55416;5.12823;5.68891;6.08358;6.94427;7.72226;8.00501;8.86066;9.43532;10.3535;11.068;12.0108;12.8452;13.2195;13.8205;14.8044;15.7782;16.7488;17.2797;18.2271;18.5072;19.3128;19.7676;20.3947;20.9751;21","15;14.5648;14.6318;14.5334;15.2404;16.0592;16.5046;16.9217;17.3415;17.7646;17.8763;17.7639;17.4448;17.7243;17.7226;17.3973;16.8462;16.8002;16.6254;16.4464;16.219;15.9782;15.3117;15.5793;15.282;15.0868;14.3074;14.1507;14.9651;15",12.8719
"0.45;0.5;0.05"
23.3084,6.15981,0.346901,"1;1.77764;2.76604;3.2398;3.64426;4.64241;5.64239;6.50887;7.27906;8.14715;9.01149;9.32373;9.98142;10.8657;11.7838;12.5546;13.1542;13.8985;14.8182;15.6944;16.6;17.3715;18.1995;19.1948;20.0078;20.5955;21.0405;21","15;15.6287;15.4769;15.7346;15.9551;16.0159;16.0215;16.5208;17.1586;16.6622;16.9281;16.9513;16.8611;16.805;17.2014;17.8385;17.5298;17.6918;18.0844;18.5663;18.4307;18.258;17.6973;17.6007;17.1103;16.4094;15.6722;15",13.8767
"0.45;0.55;0"
22.0016,12.0787,0.255525,"1;1.78668;2.70874;3.69663;4.21851;4.87245;5.68193;6.67518;7.37919;8.37747;9.12741;9.73215;10.6941;11.4565;12.3555;13.2644;13.4476;14.4185;15.0209;15.7183;16.3222;16.6626;17.4809;18.3454;19.0051;19.8338;20.777;21","15;15.6174;16.0044;15.8493;16.1531;16.5748;16.498;16.3821;17.0923;17.1508;16.6786;16.4832;16.5507;16.6184;16.7476;16.3756;16.1178;15.9547;15.6237;15.5236;15.9227;15.3838;14.809;14.6377;14.5628;14.5891;14.9214;15",11.1286
"0.5;0;0.5"
21.8617,12.6773,0.25295,"1;1.97971;2.90309;3.90089;4.79495;5.36161;6.05535;6.94779;7.8484;8.79946;9.72344;10.1528;10.6784;11.5263;12.4007;12.6281;13.486;14.4055;15.4055;16.3742;17.2865;18.1503;19.1205;19.7672;20.561;21","15;14.7996;15.1835;15.1171;15.565;15.3158;15.26;15.5847;15.943;16.252;16.6345;16.6841;16.725;17.0799;16.8083;15.9707;16.4844;16.8776;16.874;16.6258;16.2164;15.7126;15.47;15.2313;14.9686;15",11.6786
"0.5;0.05;0.45"
21.6837,6.44198,0.265621,"1;1.93462;2.90278;3.67286;4.08209;4.72383;5.61839;6.09255;6.82926;7.60952;7.88721;8.79363;8.98825;9.83129;10.7913;11.7723;12.0485;12.7678;13.4029;13.7972;14.7821;15.4935;16.3819;16.7525;17.7451;18.403;19.3625;20.1639;21","15;15.3557;15.606;15.7071;15.672;15.501;15.948;16.3854;16.6591;17.1091;17.6295;17.5159;17.5048;17.1372;17.0661;16.9726;16.9193;16.5576;16.7094;16.4846;16.3111;16.3372;16.2036;16.3944;16.5163;15.7632;15.4812;15.1646;15",11.5923
"0.5;0.1;0.4"
22.7073,5.81394,0.303874,"1;1.44325;2.03709;2.4187;3.20958;4.20518;5.03989;6.03109;6.98532;7.71289;8.69048;9.42051;9.66673;10.4442;11.3061;12.1125;12.7398;13.5927;14.0822;14.9663;15.9376;16.6832;17.3859;18.2062;18.7233;19.3215;20.1101;20.8656;20.9908;21","15;15.5382;15.5863;16.062;16.674;16.5803;17.131;16.9987;16.6995;16.739;16.8728;16.8024;16.7169;17.1065;17.28;17.6108;17.0992;17.0598;17.0744;17.3371;17.3551;17.5496;17.6176;17.3055;17.2035;16.6668;16.2521;16.065;15.0729;15",12.3321
"0.5;0.15;0.35"
29.0068,2.76579,1.60617,"1;1.61356;1.49798;2.21403;2.8287;3.7059;4.08764;4.41716;5.15281;5.85647;6.30867;7.29118;8.22843;9.16773;10.078;10.8073;11.6275;12.018;12.5735;13.4763;14.3998;15.3755;16.2558;17.2445;17.7585;18.3175;18.9718;19.8258;20.6651;21.5813;22.0028;22.2777;21.5141;21","15;15.7897;16.7829;17.481;18.2698;18.469;19.3875;20.3234;20.5165;20.6444;20.8074;20.657;20.3083;20.6514;21.0654;20.7955;20.3908;20.3938;20.0308;19.907;19.5235;19.7425;19.2679;19.1185;18.687;18.6009;18.4756;18.0915;17.5478;17.9486;17.0417;16.0803;15.4346;15",15.5384
"0.5;0.2;0.3"
22.9747,10.8598,0.288704,"1;1.76307;2.46308;2.80928;3.79649;4.76553;5.22426;5.97332;6.64316;6.96304;7.57358;8.37219;9.09111;9.7415;10.53;11.5276;12.3353;12.6663;13.4956;14.2307;15.0289;15.9419;16.671;17.4243;17.8564;18.7311;19.544;20.388;21","15;15.5711;16.1535;16.8756;17.0351;17.282;17.2327;17.1918;17.1716;16.9237;16.2708;15.7079;16.2713;16.3262;16.9413;17.0098;16.8625;16.9184;16.6586;16.8163;16.3201;16.7192;16.8266;17.2331;16.8593;16.5562;15.9738;15.609;15",14.2745
"0.5;0.25;0.25"
23.2508,3.18556,0.3923,"1;1.74787;2.4082;3.06929;3.80352;4.4039;5.26493;5.96572;6.53784;7.46212;8.20294;9.17284;10.0382;10.2057;11.1859;11.8586;12.8436;13.6284;14.2497;15.148;16.0126;16.9182;17.4947;18.1159;18.953;19.2513;20.2194;20.3925;20.5681;21","15;15.5951;15.7142;16.0619;16.1293;16.4705;16.5797;17.1746;17.0069;17.2245;17.414;17.5375;17.8549;18.4048;18.603;18.7671;18.612;18.3069;18.3028;17.8633;17.8834;17.8803;17.8148;17.8221;17.8006;17.3743;17.1241;16.2342;15.2728;15",12.6595
"0.5;0.3;0.2"
26.0899,2.24905,1.20492,"1;1.96763;2.20048;2.99999;3.22564;3.6182;4.61806;5.32325;6.17272;6.53768;7.15527;7.92641;8.75346;9.68945;10.3246;11.2451;11.9862;12.296;13.0522;14.0522;14.9989;15.8268;16.137;17.1113;17.9653;18.726;19.3453;19.3311;19.1084;19.6534;19.8063;20.6603;21","15;15.0803;15.1866;15.2214;15.2397;15.2905;15.2738;15.9828;16.5105;17.4415;18.228;18.8647;19.4268;19.7788;20.5513;20.942;20.9504;20.8052;20.5345;20.5294;20.2362;19.8307;19.7601;19.5347;19.0225;19.422;18.6369;18.1145;17.1764;16.4817;16.1778;15.703;15",14.0129
"0.5;0.35;0.15"
24.3663,4.2213,0.337884,"1;1.51252;2.49095;3.41665;4.15149;5.00963;5.95134;6.87331;7.29325;8.14491;8.9541;9.45295;10.4328;11.2116;12.1456;12.287;13.1016;13.8561;14.8379;15.827;16.6869;17.6734;17.6295;17.5799;18.1454;18.6593;19.2114;20.1334;21","15;15.8587;16.0653;15.687;15.9979;16.3219;16.6583;17.0456;17.0387;17.3568;17.2483;17.813;18.0127;17.5653;17.7186;17.6926;17.4251;18.0814;17.8917;17.7439;17.2335;17.07;16.119;15.6712;14.9163;14.4058;15.0847;15.4413;15",13.9054
"0.5;0.4;0.1"
22.6384,3.32877,0.350107,"1;1.25485;2.00215;2.9412;3.83353;4.29646;5.19247;5.7319;6.34019;6.91093;7.83791;8.05005;8.71152;9.42666;10.2409;10.4752;11.1616;11.8228;12.3533;13.2275;14.2098;14.6344;15.3665;15.6362;16.557;16.9813;17.8076;18.4169;19.161;20.0684;21","15;15.1029;15.0904;15.0353;15.1096;15.4972;15.9413;16.6537;16.8276;17.035;17.4101;17.6402;18.0741;18.6356;19.0351;19.036;18.4819;18.2692;17.6499;17.671;17.5533;17.5299;16.9716;16.7508;16.6152;16.7278;16.1646;15.4937;15.4487;15.0736;15",12.8346
"0.5;0.45;0.05"
22.5472,4.51276,0.312579,"1;1.12005;1.76324;2.35644;3.14467;3.92919;4.83504;5.81935;6.63237;7.40099;7.65089;8.24269;9.05816;9.53161;10.2178;10.6692;11.4491;12.4137;13.386;14.1595;14.8788;15.6862;16.585;17.5343;18.1553;18.7667;19.5667;20.0133;21","15;15.0463;15.4693;15.465;15.5826;15.6858;16.1;16.1729;16.7482;17.0256;17.5052;17.9208;18.4995;18.1366;17.7344;17.5865;17.3268;17.063;16.8294;17.4631;17.5481;17.5912;17.1529;16.8385;16.0547;15.5003;15.3291;14.9992;15",13.53
"0.5;0.5;0"
30.1079,1.96819,5.45968,"1;1.78534;2.65681;3.61681;4.32085;4.82142;5.41031;5.99372;6.03514;6.29609;6.46701;7.04542;8.0017;8.19802;8.77449;9.09032;10.0469;10.8396;11.7913;11.9974;12.7503;13.6445;14.5899;15.1199;15.8706;16.7817;16.9626;17.6975;18.0847;18.5088;19.0496;19.2909;19.5168;19.9423;20.0075;20.1616;21","15;15.6191;16.1095;16.3895;17.0997;17.6673;18.3965;19.0556;19.4403;20.4057;21.0489;21.8118;22.1043;22.9669;23.2461;23.5577;23.849;23.704;23.7689;23.7502;24.4083;23.9606;23.6345;22.7866;22.1259;21.7136;20.7962;20.1179;19.4527;18.8492;18.5223;17.6769;17.3063;16.453;15.7968;15.0663;15",19.0162
"0.55;0;0.45"
23.9715,5.27151,0.45093,"1;1.99708;2.9414;3.9104;4.18169;4.92484;5.33086;6.24765;7.21994;8.16594;9.09009;9.51958;9.55835;10.0547;10.3528;11.2458;12.0732;12.3829;13.1529;13.4579;14.4037;14.7357;15.4458;16.0535;16.9737;17.33;18.1797;18.8326;19.6684;20.2485;20.4651;21","15;15.0763;15.4053;15.1583;15.0324;15.494;16.0909;16.4902;16.2852;16.1205;16.1926;17.0957;17.2572;17.9832;18.4839;18.8171;19.1332;18.9776;19.2493;19.4318;19.2272;18.9175;18.5945;18.1892;18.0329;17.5435;17.4344;17.0394;16.809;16.1429;15.7951;15",13.6282
"0.55;0.05;0.4"
25.6658,5.1674,0.504331,"1;1.96768;2.95006;3.93729;4.93045;5.92979;6.7494;7.40682;7.99045;8.60581;8.80943;9.12071;9.26795;10.0379;10.4989;11.2331;11.8937;12.4484;12.9998;13.8911;14.6383;14.9183;15.5975;16.547;17.4616;18.4406;19.1608;19.6242;20.4241;20.6969;20.9985;21","15;15.2522;15.4391;15.2798;15.163;15.1267;14.5537;15.3073;15.8367;16.3633;16.9707;17.5509;17.8691;18.441;18.1737;18.4184;18.2543;18.2191;18.7502;18.7811;18.401;18.1101;18.6959;19.0097;19.4142;19.2107;18.5169;17.6308;17.0306;16.0685;15.1991;15",14.8094
"0.55;0.1;0.35"
24.4787,3.72461,0.48457,"1;1.93265;2.88501;3.83969;4.64858;5.0781;5.9388;6.81333;7.44555;7.96465;8.43222;9.03322;9.63729;10.6291;11.5122;12.0186;12.9984;13.9905;14.7491;15.488;16.2236;16.7013;17.4721;18.3905;18.9385;19.2897;19.9018;20.631;20.9216;21","15;14.8446;14.7402;14.7756;15.3636;15.9625;15.8946;15.9087;16.3087;16.6074;16.971;17.7658;17.558;17.6857;18.155;19.0172;19.2174;19.0923;18.8839;18.8342;18.909;19.1467;18.5243;18.791;18.0019;17.0656;16.5154;16.1543;15.5418;15",14.1673
"0.55;0.15;0.3"
23.6459,3.99311,0.465838,"1;1.5832;2.17478;2.65778;3.45708;3.83347;4.78094;5.71627;6.51034;7.32305;7.87679;8.79689;9.71074;10.5279;11.1363;12.0493;13.0078;13.53;14.1522;14.8638;15.8534;16.8142;17.7728;18.551;19.1649;20.0907;20.7134;21","15;15.7274;16.3337;16.8538;17.3279;18.0421;17.7223;18.0761;18.6839;18.9492;19.2831;19.6445;19.4416;18.8652;18.0716;17.6636;17.3784;17.1142;16.4708;15.8933;15.7493;15.4721;15.1872;14.5593;14.3714;14.6197;14.9529;15",13.9203
"0.55;0.2;0.25"
25.3862,3.10853,0.490155,"1;1.86817;2.24961;2.81693;3.63217;4.24642;4.92829;5.55512;6.42821;6.60858;7.40176;8.3884;9.27639;9.89138;10.8013;11.7458;12.6617;13.6461;14.0185;14.8155;15.2898;15.8411;16.6237;17.4014;18.1491;18.7432;19.3861;20.1205;20.5237;20.8279;20.8364;20.4131;21","15;15.4963;15.9088;16.4437;16.8496;16.935;17.148;17.1903;17.1994;17.2375;17.7985;17.8924;17.513;18.3016;18.7164;18.3881;18.5255;18.3686;17.9943;17.9197;18.1724;18.7382;19.3101;18.8479;18.284;17.809;18.2169;17.6528;17.2383;16.8425;16.0051;15.4765;15",14.8376
"0.55;0.25;0.2"
28.2741,2.18917,2.38582,"1;1.54188;2.54074;3.32112;3.6638;4.04705;4.24346;4.21824;4.87967;5.2146;5.52513;5.99626;6.88615;7.87969;8.6541;9.6519;10.6381;11.5731;12.0774;12.7288;13.5168;14.1126;14.774;15.567;16.4217;17.2561;17.9826;18.1642;18.3846;19.1283;19.8318;20.5469;20.891;21.5157;21.534;21","15;15.8405;15.8883;15.9371;16.1071;16.6671;17.6476;17.8818;18.6047;19.0618;19.6661;20.0978;20.554;20.6674;21.3001;21.2338;21.3991;21.0445;21.0475;21.119;21.4925;21.2212;21.2713;20.8028;20.6011;20.8921;20.9538;20.1065;19.7563;19.1427;18.4932;18.0216;17.3651;16.6527;15.7607;15",16.5654
"0.55;0.3;0.15"
24.0911,5.53588,0.306018,"1;1.87338;2.08956;3.0062;3.86669;4.23224;5.2113;6.19466;6.09957;6.48526;6.83341;7.60591;8.27998;9.067;9.82666;9.98318;10.9825;11.4311;11.9808;12.6969;12.9513;13.814;14.5824;15.1146;16.0137;16.7507;17.4918;18.1815;18.5328;19.5018;19.6698;20.5885;21","15;14.6738;14.2135;14.4061;14.24;14.1218;14.2788;14.379;15.3745;15.9254;16.6482;16.3503;17.089;16.9096;17.2239;17.335;17.2969;17.3465;17.2401;17.4454;17.4816;17.9871;17.3471;17.0877;17.1909;17.1795;16.9888;16.5689;16.4342;16.3611;16.106;15.8133;15",15.2183
"0.55;0.35;0.1"
23.917,16.3813,0.336828,"1;1.78205;2.76191;3.7343;3.78957;4.7288;5.67442;6.65093;7.52696;8.15186;9.14892;9.63587;10.1262;10.9806;11.1203;11.8576;12.748;13.7227;14.114;14.8265;15.5024;16.3677;17.098;17.7242;18.474;19.2783;20.0826;20.7782;21","15;15.2132;15.0692;15.066;15.2119;15.5552;15.2299;15.0144;15.4967;16.2774;16.3541;16.2884;16.142;16.6615;17.6517;18.3273;17.8721;17.6485;17.6403;17.8402;18.0713;18.5726;17.8895;17.3879;16.8661;16.2719;15.6777;15.6927;15",19.7237
"0.55;0.4;0.05"
27.217,4.7751,0.55132,"1;1.95861;2.2574;2.60364;2.71399;3.44589;3.78709;4.38618;5.1527;6.03988;6.83789;7.45048;7.90077;8.63642;9.21824;9.88277;10.3229;11.1286;11.9146;12.6818;13.3616;13.9553;14.9093;15.4501;16.0994;16.9916;17.2419;17.9903;18.381;18.5085;18.5666;19.4065;19.9799;20.7595;21","15;15.2847;15.867;16.6116;17.6055;18.2869;19.2269;20.0276;19.3853;18.9239;18.3213;17.9797;17.2987;17.4278;17.0081;17.4144;17.6617;17.2116;17.5214;17.5179;17.5837;17.714;17.5241;17.4527;18.2109;18.314;18.1921;17.7944;16.9729;16.4319;15.5195;15.4138;15.6867;15.0605;15",17.1182
"0.55;0.45;0"
22.9666,16.4361,0.277496,"1;1.95321;2.95101;3.87431;4.81866;5.21192;5.95125;6.19698;7.19062;7.69353;7.90903;8.54744;9.21922;9.51973;10.3006;10.6589;10.9701;11.9412;12.7257;13.6108;14.6081;15.596;16.5843;16.9683;17.289;17.6267;18.6091;19.1759;19.5832;20.5253;21","15;14.6977;14.6314;14.2473;14.5762;14.6808;14.8404;14.2965;14.1839;14.7266;14.9173;15.4801;16.1866;16.3809;16.5812;16.6484;16.8141;17.0529;17.673;17.2076;17.2807;17.436;17.5884;17.2336;16.7729;16.1147;15.9277;15.739;15.3294;15.0004;15",13.8909
"0.6;0;0.4"
23.4522,11.7181,0.274858,"1;1.51273;2.50422;2.85668;3.82085;4.61323;5.20168;6.17951;6.98906;7.92458;8.23705;8.76219;9.42107;9.83115;10.6266;11.4223;12.3985;12.9219;13.6931;14.1556;14.666;15.3491;16.2671;17.2363;17.4215;17.989;18.8514;19.8432;20.218;21","15;14.1414;14.0113;14.1318;14.1103;14.2483;14.4586;14.668;14.7931;14.8502;15.7022;16.1804;16.2125;17.1245;17.7305;17.1247;16.9081;17.0346;16.9727;17.2729;17.2882;16.5579;16.1613;15.9152;15.4864;15.2042;14.7593;14.7044;14.9072;15",14.7534
"0.6;0.05;0.35"
22.8107,6.72108,0.280152,"1;1.94895;2.91118;3.81371;4.76954;5.0505;5.93301;6.86784;7.49786;8.10207;9.02057;10.0202;10.4636;11.0008;11.8466;12.3189;13.1184;13.3421;13.6753;14.394;15.2739;15.982;16.4959;17.288;18.1757;19.135;19.929;20.3949;21","15;15.3154;15.5877;16.0183;16.3122;16.7899;16.7085;17.0553;16.9184;16.6394;17.0348;17.0615;17.0239;16.8654;17.1801;17.7692;17.5276;16.7538;16.3759;15.9275;15.7772;15.5496;15.508;16.074;15.8012;15.7226;15.3442;15.7007;15",14.4426
"0.6;0.1;0.3"
26.5709,2.95166,0.972388,"1;1.73032;2.23667;2.95276;3.50195;4.38189;4.78059;5.78057;6.53237;6.66208;7.48448;7.89969;8.70344;8.89955;9.07398;9.12403;9.94047;10.7926;11.76;12.6864;13.553;14.4206;15.3411;15.9393;16.6539;17.1381;18.0288;18.6299;18.9945;19.3583;19.4131;20.2431;21.0356;21","15;14.7987;14.5893;14.4088;14.6011;14.8315;15.0883;15.0829;15.7422;16.7328;17.2218;17.0279;17.595;18.1949;18.6178;18.8383;19.4157;19.939;19.6858;20.0622;19.9644;19.9369;20.1069;20.3074;20.2217;20.4592;20.1731;19.3739;18.4428;17.5113;16.5128;15.9551;15.3453;15",16.6284
"0.6;0.15;0.25"
22.5011,4.17157,0.328111,"1;1.82465;2.80145;3.80143;4.80032;5.0746;5.93279;6.84203;7.71562;8.53614;9.24724;9.8171;10.561;10.9291;11.5517;12.3308;12.8128;13.751;14.1797;14.8195;15.623;16.3571;17.2213;17.6823;18.4312;19.2165;19.5932;20.3304;21","15;15.4776;15.5981;15.6047;15.6517;15.9256;16.2386;15.9358;16.1873;16.7589;17.462;17.9556;17.9722;17.8739;17.7424;17.8343;17.8922;17.8282;18.0629;17.9905;17.7015;18.0997;18.1297;17.6877;17.025;16.4059;15.8812;15.2097;15",14.4006
"0.6;0.2;0.2"
23.2278,9.29335,0.285553,"1;1.71994;2.08142;2.82885;3.41895;4.12242;4.67689;5.18689;5.78567;6.29056;6.91919;7.75866;8.21591;8.82273;9.18178;9.60009;10.3324;11.0992;12.0947;13.0884;13.7287;14.4933;14.7042;15.1837;15.7744;16.5859;17.2358;18.1126;18.9511;19.802;20.1487;21","15;15.0701;15.0884;15.7133;15.0343;15.745;16.3192;16.7426;17.2091;17.0193;16.5437;16.1235;16.0621;15.9521;16.3463;16.2305;16.9037;17.5457;17.4512;17.3395;17.213;16.9835;16.8927;16.6734;16.3718;16.288;15.9545;16.2624;16.153;16.0803;15.418;15",16.3028
"0.6;0.25;0.15"
21.5779,9.05536,0.258574,"1;1.83418;2.81988;3.10469;3.76516;4.43433;5.22907;6.16517;6.40398;7.39159;8.35398;8.81828;9.69479;10.5304;10.6939;11.6869;11.7304;12.7269;13.338;13.966;14.547;15.4;15.6857;16.4352;17.3605;18.0266;18.9624;19.9566;20.9508;21","15;15.5515;15.3829;15.553;15.7941;16.374;16.8269;17.0962;17.1328;17.2898;17.2149;17.1808;16.6994;16.8082;16.7414;16.6237;16.6198;16.61;16.7093;16.7554;16.6626;16.1407;15.6082;15.0869;14.7621;14.9697;14.7802;14.8874;14.9947;15",15.6892
"0.6;0.3;0.1"
24.3027,2.88168,0.444895,"1;1.41007;2.25835;2.63063;3.5478;4.39436;4.87317;5.34219;6.01317;6.77468;7.65069;8.53494;9.39706;10.2301;11.2121;12.1558;12.885;13.6552;14.3677;15.185;15.5311;16.3057;16.8875;17.8802;18.7458;18.9644;19.6764;20.5218;21.3836;21.4017;21","15;14.983;15.0925;15.5446;15.9349;16.1519;16.5578;17.0945;17.1168;17.6478;17.9177;18.1833;18.3074;17.9567;18.1451;18.2833;18.853;18.6471;18.7528;18.495;18.3171;18.5093;18.412;18.2913;18.0656;17.434;17.5276;17.0057;16.7262;15.8717;15",15.6125
"0.6;0.35;0.05"
25.284,2.80205,0.497576,"1;1.97448;2.76113;3.40697;3.98701;4.77638;5.77429;6.77262;7.32861;8.26767;8.92246;9.63958;10.0244;10.8131;11.5625;12.501;13.4995;14.48;14.6052;15.2364;15.9626;16.444;17.2588;18.1066;18.573;19.3094;19.8373;20.8037;21.376;21.2568;21","15;14.7755;15.3929;16.1214;16.7355;16.8301;16.8948;16.8371;17.6069;17.9157;18.2253;18.5532;18.6852;19.2452;18.9409;19.2714;19.2152;19.0192;18.027;17.9376;17.9632;17.4934;17.3947;17.105;17.4034;17.4397;17.0908;17.1252;16.447;15.5707;15",16.2912
"0.6;0.4;0"
24.8271,3.21199,0.632402,"1;1.83744;2.51229;2.82095;3.66109;4.46859;5.07417;6.07222;6.86305;7.25169;8.12785;8.89645;9.64401;9.96514;10.7095;11.4342;12.2805;12.8901;13.6671;14.4945;15.3574;15.9911;16.6496;17.0128;17.7547;18.4967;18.6674;19.3177;19.9967;20.7827;21","15;14.4535;14.3001;14.2573;14.6104;15.2003;15.996;15.9336;16.261;16.4181;16.8484;17.4881;18.1523;19.0994;19.356;19.6301;19.5461;19.556;19.9226;19.9968;19.6804;19.1241;18.8583;18.603;17.9326;17.2621;16.2768;15.5171;14.783;14.9055;15",16.3589
"0.65;0;0.35"
24.5035,5.60213,0.460212,"1;0.890509;1.58184;2.43188;2.42229;3.366;3.87351;4.41177;5.3915;6.24855;7.05465;7.77663;8.28532;9.13412;9.78332;10.4709;11.0312;11.8524;12.558;13.3066;13.5846;13.855;14.7653;15.6256;16.4823;17.3169;17.8309;18.6397;19.0446;19.7936;20.6914;21","15;15.994;16.7165;17.2432;18.2432;18.574;18.6395;18.9194;18.9223;18.5249;18.8463;18.8573;18.972;18.8176;18.5675;18.0674;18.1931;17.9614;17.5569;17.4209;16.6567;16.2496;15.9393;15.569;15.4266;15.4929;15.3111;14.9108;14.6305;14.7033;15.1438;15",16.3455
"0.65;0.05;0.3"
22.4409,11.9648,0.275867,"1;1.48007;2.13429;2.86403;3.77749;4.62249;5.5555;6.09022;6.94774;7.79755;8.53945;9.3207;9.54795;10.2308;11.2266;11.5312;12.2194;13.1057;14.0693;14.943;15.8197;16.8197;17.5349;18.488;19.0912;19.5788;20.1106;21","15;15.2387;15.6605;16.1085;16.2253;16.5388;16.2736;16.9718;17.4862;16.9591;17.6296;17.0054;16.9256;16.5911;16.499;16.5895;16.6185;16.1553;16.3219;16.3182;16.7992;16.7989;16.1;15.7974;15.4067;15.3948;15.0343;15",15.852
"0.65;0.1;0.25"
24.0727,2.48734,0.655533,"1;1.75377;2.60323;2.95955;3.49716;4.18837;4.97407;5.35067;6.0428;6.85444;7.82608;8.65143;9.64825;10.5755;11.2333;12.0749;12.2441;13.0579;13.7974;14.3339;14.9724;15.5324;16.1844;16.4547;17.2989;18.2352;18.7947;19.6981;20.6015;21","15;14.9605;15.0152;14.9208;15.764;16.4866;17.1052;18.0316;18.7534;19.3375;19.574;20.1386;20.0589;19.8721;19.2445;19.0908;18.8254;18.6978;18.1394;18.3399;18.2618;17.6708;17.078;16.8061;16.7072;16.6121;16.0468;15.618;15.1892;15",16.1514
"0.65;0.15;0.2"
23.2478,6.39023,0.29877,"1;1.53605;2.50851;3.25464;4.20933;5.20226;6.19179;7.04739;7.9334;8.36336;9.1796;9.96686;10.9521;11.2063;11.2946;12.2301;13.2099;13.8954;14.7291;15.5592;16.318;16.8173;17.7983;18.6087;19.4996;20.3904;21","15;15.8442;16.0773;16.614;16.5559;16.6745;16.8188;17.3365;17.3293;17.2453;17.6615;18.0711;18.2418;17.276;17.3023;16.949;16.7489;16.0208;15.4686;14.911;14.3672;14.1727;14.3667;13.7808;14.235;14.6892;15",16.4339
"0.65;0.2;0.15"
23.6815,3.64851,0.400279,"1;1.49241;1.72438;1.92148;2.0595;2.97627;3.83876;4.8375;5.36013;5.88933;6.57886;7.50774;8.41174;9.37828;10.3759;10.6476;11.3716;12.323;12.9622;13.7609;14.6793;15.0286;15.9833;16.9795;17.8252;18.5447;19.1092;19.3159;20.1597;21","15;15.8161;15.888;16.8278;17.0212;17.4206;17.9266;17.8763;17.766;17.8995;18.4526;18.823;18.3954;18.1389;18.2085;18.1908;18.1163;17.8083;18.2633;18.0964;17.797;16.86;16.5626;16.6492;16.1155;15.421;14.8555;14.7154;14.8372;15",16.3451
"0.65;0.25;0.1"
23.7551,3.2621,0.386567,"1;1.99526;2.82309;3.82244;4.61023;5.25246;5.95663;6.73694;7.23572;7.77298;8.47298;8.90477;9.67635;10.4235;11.3684;12.3247;12.9295;13.6289;14.4781;15.3832;15.8759;16.5931;17.4242;17.9202;18.4636;19.2691;19.9413;20.2148;20.5345;21","15;15.0972;15.6582;15.622;16.238;17.0045;17.5137;17.3756;17.4692;17.0358;17.6682;18.2751;18.7801;18.2801;18.0587;17.9192;18.6238;18.2397;17.7368;17.5564;17.7168;17.9493;17.3931;17.3557;16.8858;16.6898;15.9495;15.6678;15.1388;15",16.4388
"0.65;0.3;0.05"
26.5359,3.52319,0.808912,"1;1.81937;2.78171;3.74402;4.59124;5.58112;6.51434;7.50647;8.08511;9.08383;9.79495;10.6688;11.4438;12.368;13.1049;13.5997;14.3293;14.8446;15.7997;16.516;17.1162;18.034;18.4865;19.4856;20.1697;20.8688;21.1204;21.7572;21.3705;21","15;15.5733;15.8451;16.1171;16.6483;16.5064;16.1471;16.2723;17.0879;17.0373;17.7404;18.2266;18.8586;19.2405;19.9165;19.8733;20.0534;19.9734;19.6988;19.3086;19.8139;19.7019;19.7623;19.8033;19.0739;18.3589;17.5186;16.8057;15.8835;15",18.4815
"0.65;0.35;0"
27.9765,5.07342,1.27901,"1;1.99116;2.7071;3.40109;3.65109;4.61477;4.94783;5.89146;6.82086;7.16477;8.02011;8.80028;9.13209;9.93664;10.7863;11.5109;12.4785;13.3206;13.7815;14.2404;14.7299;15.1957;15.5558;16.2667;16.9067;17.1965;18.0867;18.6034;18.6222;19.2098;19.3848;19.9053;20.8161;21.1405;21.2738;21.0349;21","15;15.1083;15.3697;16.0458;15.9675;15.9391;15.9929;15.9441;16.1847;16.2175;16.4147;16.6022;16.6476;17.0309;17.1981;17.781;18.0335;18.2852;19.0673;19.4076;20.1408;20.2749;21.2079;21.9112;21.1842;20.8868;20.7086;20.0371;19.0489;18.3096;17.4082;17.0315;17.3034;16.5872;16.1131;15.1421;15",19.9672
"0.7;0;0.3"
25.1154,2.29061,0.864896,"1;1.83311;2.58137;3.20176;3.85016;4.66064;5.34124;5.33794;5.66852;6.53797;6.67563;7.1462;7.52404;8.45748;9.27409;9.86167;10.6503;11.5865;12.5024;12.7645;13.6867;14.5125;15.5125;16.0905;17.0241;17.3816;17.9377;18.5296;19.031;20.005;20.3905;20.7295;21","15;15.3895;15.4113;16.0104;16.0492;16.4351;16.9778;17.332;17.1071;17.3612;17.4269;18.264;19.0288;19.3876;19.2927;19.5446;19.5828;19.8478;19.8208;20.0543;20.2046;19.7914;19.7925;19.6376;19.6935;19.7422;19.0579;18.4734;17.6082;17.3814;16.4587;15.524;15",17.9115
"0.7;0.05;0.25"
29.3553,1.90205,4.40533,"1;2;2.82373;3.12864;3.77987;4.20161;4.72107;5.46058;6.00765;6.83803;7.50939;8.44405;9.44175;10.3972;10.6477;11.5194;11.9278;12.4061;13.1949;13.6514;14.5541;15.0622;15.979;16.2902;16.7488;17.5883;18.5679;18.9751;19.2763;19.6415;19.9995;20.5699;20.9058;21","15;15;15.0501;15.8953;16.6542;17.3818;18.1439;18.817;19.6541;20.2113;20.9525;21.308;21.3757;21.6709;22.1787;22.5788;23.4916;23.3592;23.4275;23.617;23.4393;23.4211;23.0372;22.0868;21.1982;20.6548;20.4539;19.5406;18.7216;18.0964;17.1627;16.7855;15.9874;15",21.62
"0.7;0.1;0.2"
22.2524,13.5857,0.261765,"1;1.89473;2.75092;3.58666;4.232;4.73658;5.66256;6.25152;7.08896;8.00413;8.70919;9.56847;10.5607;11.5557;12.3746;12.453;13.4016;14.2151;15.1163;16.0963;16.9608;17.6625;17.9924;18.7195;19.3259;20.072;21","15;15.2223;15.3882;15.9373;16.3027;16.201;16.1938;16.2757;15.9955;16.3986;17.1077;16.5962;16.7209;16.6215;16.4527;16.18;15.8637;16.4452;16.8787;17.0779;16.5753;16.1483;15.9887;15.3712;15.0328;14.6356;15",17.6538
"0.7;0.15;0.15"
25.6205,3.61778,0.67647,"1;1.92722;2.86666;3.58434;4.52516;4.91957;5.57198;6.34945;6.61002;7.38769;7.84599;8.50845;8.577;9.15161;9.43172;10.1081;10.4686;11.186;11.931;12.3;12.9842;13.157;13.3776;13.7892;14.2872;14.7719;15.3239;15.6055;16.5961;17.596;18.3872;18.931;19.4149;20.1322;21","15;14.6255;14.9682;15.6055;15.7694;15.8861;15.8525;16.2873;16.7846;17.3719;17.6797;18.3543;18.5907;18.8117;19.4285;19.9497;20.4065;20.768;20.101;19.8276;19.1655;18.7264;17.9349;17.2733;17.0104;16.3257;15.5942;15.0561;14.9197;14.9379;15.2095;15.0088;15.1317;15.2062;15",18.7255
"0.7;0.2;0.1"
23.0228,3.92995,0.321842,"1;1.48125;1.67266;2.52822;2.83062;3.6301;3.86819;4.79332;5.27787;5.81578;6.40927;6.93664;7.85935;8.53752;9.41528;10.3817;11.2513;12.0342;12.9817;13.8815;14.42;15.3604;16.3054;17.1142;18.0926;18.9297;19.6588;20.3674;21","15;14.4888;14.26;14.7778;14.9221;15.0208;15.202;15.1823;15.2208;16.0554;16.2008;16.4824;16.8679;17.6028;18.0819;17.8248;18.0737;18.1057;17.786;18.2224;17.3798;17.0397;16.7126;16.8829;16.9003;16.3532;15.9017;15.3707;15",17.1146
"0.7;0.25;0.05"
24.3672,5.41029,0.307768,"1;1.97778;2.83793;3.56435;4.33574;5.14217;6.11896;6.64298;7.38626;8.21136;8.12712;8.31458;9.28725;9.57223;9.95139;10.9132;11.604;12.5335;12.839;13.7616;14.4241;14.9942;15.5405;15.8938;16.8931;17.8803;18.5918;19.4925;20.4769;21.0323;21","15;14.949;14.8551;15.2856;14.7557;15.347;15.5613;15.8415;16.1883;15.8193;16.1836;17.1658;17.398;17.7379;18.1456;17.8718;17.8015;17.5056;17.3323;17.718;16.9689;16.5249;16.0879;15.6492;15.6114;15.4522;14.7495;14.3151;14.1392;14.9708;15",18.6802
"0.7;0.3;0"
22.064,80.5299,0.261133,"1;1.61055;2.55664;3.44377;3.68513;4.26453;5.18381;5.85047;6.42793;7.31998;8.27398;9.09544;9.97509;10.9691;11.9654;12.9361;13.9292;14.8549;15.8383;16.8326;17.2817;18.1512;19.1328;20.1047;21","15;15.792;16.1159;16.3586;16.6744;17.1832;17.4939;17.369;17.4629;17.0109;16.7111;16.2532;16.2157;16.1061;16.1919;15.9516;15.8344;15.4563;15.6379;15.7444;14.851;14.357;14.5478;14.7832;15",16.6133
"0.75;0;0.25"
22.1128,8.40992,0.264086,"1;1.25464;2.05042;2.63905;3.55731;4.55691;5.54138;6.36456;7.3621;7.86332;8.75637;9.18816;9.93138;10.7621;11.3875;12.2846;12.3258;13.0103;13.9668;14.1268;15.1189;15.9615;16.7195;17.3207;18.2756;19.0692;19.5611;20.548;21","15;14.8108;15.188;15.2057;15.4954;15.467;15.6426;16.2104;16.2805;16.4326;16.8684;17.3752;17.8686;17.5335;17.225;16.8358;16.6414;16.0421;16.0444;15.6971;15.8223;16.0196;16.0485;16.0388;15.7418;15.1333;14.9186;14.7665;15",17.0579
"0.75;0.05;0.2"
25.8733,2.23051,1.41469,"1;1.67202;2.33996;3.22375;4.05299;4.6333;5.38768;5.79566;6.42477;7.07937;7.68616;7.89205;8.46568;8.94611;9.52933;10.3027;11.1731;12.0321;12.4798;12.9557;13.6487;14.4196;15.0751;15.5226;16.1321;16.979;17.9339;18.3245;18.8792;19.1137;19.3158;19.7979;20.4537;21.0962;21","15;15.7405;16.4847;16.9526;17.5115;17.8347;18.0957;18.2939;18.5078;19.0831;19.878;20.3011;20.9153;21.0919;20.68;20.691;20.6023;20.7187;20.7968;21.0479;20.7071;20.4002;19.9845;19.5895;19.3313;19.0443;18.7969;18.2117;17.8537;17.1514;16.2682;15.6882;15.8376;15.7698;15",19.8402
"0.75;0.1;0.15"
22.5782,6.50543,0.278997,"1;1.16944;2.077;2.8427;3.79163;4.79163;5.6074;6.51639;6.54948;7.43547;8.10654;8.82863;9.17975;10.1572;11.1164;11.9138;12.8959;13.2749;14.1434;15.0856;15.9759;16.6703;17.0443;17.9392;18.1885;18.9587;19.5819;19.9787;20.8738;21","15;15.1154;15.0679;15.1161;14.8006;14.8033;15.3817;15.7985;16.029;16.3514;16.9768;17.4143;17.6761;17.6303;17.3476;16.7442;16.5557;16.3849;16.7308;16.5636;16.6758;16.5422;16.8152;16.871;16.8727;16.49;16.3447;16.1654;15.9605;15",17.9373
"0.75;0.15;0.1"
25.7222,4.58684,0.638298,"1;1.80766;2.7367;3.51347;4.5132;5.47978;6.34387;7.32144;7.94796;8.52213;8.94302;9.43873;10.031;10.9226;11.6357;12.1518;12.3261;13.0436;13.3597;14.2588;15.1654;16.0123;16.9071;17.5798;18.3902;18.6169;19.4064;19.7023;19.7305;20.1218;20.1603;20.7998;21","15;15.5897;15.2197;14.5899;14.6133;14.8697;15.373;15.1624;15.9418;16.7606;17.4003;17.9785;18.4639;18.0418;18.4451;18.9198;19.4088;19.7291;19.9254;19.8585;19.5844;19.6078;19.2679;19.3069;18.8273;18.715;18.1881;17.3913;17.0257;16.2916;15.5998;15.1673;15",20.2409
"0.75;0.2;0.05"
24.4242,3.63285,0.369228,"1;1.8;2.53955;2.84982;3.59177;3.99708;4.99511;5.64904;6.36343;7.00574;7.4311;8.35061;8.58045;9.39536;9.96519;10.908;11.3395;12.0034;12.7694;13.4743;14.2594;15.2151;15.5199;16.1834;16.5356;16.8035;17.6048;18.5743;19.4094;19.9873;20.721;21","15;15.3371;15.8932;15.9774;16.019;16.068;16.0054;16.59;16.9188;17.5434;18.1432;17.9354;17.9454;18.4045;18.8878;18.5544;18.3889;17.7765;18.403;17.6937;17.0743;16.7802;16.371;15.8699;15.5928;14.7376;14.1404;14.3855;14.8011;14.2693;14.7789;15",19.2264
"0.75;0.25;0"
22.1486,88.0003,0.250217,"1;1.88162;2.54358;3.54219;4.14572;5.12359;5.85945;6.66333;7.15545;8.0436;8.34324;9.03481;9.34882;10.3487;11.3463;12.3411;13.3216;14.2427;15.1777;15.6584;16.4195;17.0928;17.9143;18.6913;19.4663;19.7057;20.6916;21","15;14.5965;14.9851;15.0378;15.8351;15.6259;15.8266;16.1128;16.3388;16.5389;16.6993;16.9065;16.1075;16.0946;16.1641;16.0623;15.8658;16.2552;16.6098;16.5495;16.0738;15.639;15.5756;15.4624;15.3668;15.5893;15.4222;15",17.7689
"0.8;0;0.2"
43.1019,2.44239,8.98084,"1;1.93043;2.0072;2.6845;3.5875;4.04272;4.68387;5.51499;6.03727;6.67157;7.47879;7.89885;8.84724;9.70891;10.0528;10.3526;10.1449;10.3571;9.98445;10.1179;10.6212;11.5954;12.5934;13.5932;14.5742;15.425;15.74;16.7206;17.5088;18.1611;18.7639;19.5068;20.504;20.9107;21.7029;22.3711;22.9989;23.4739;24.0101;24.4419;24.6449;25.4378;25.7093;26.252;25.4715;24.9676;24.7514;24.574;24.3877;23.5757;22.6585;21.9882;21.7371;21","15;14.6335;14.9385;15.5472;15.9768;16.8672;17.6346;17.7622;17.7439;17.7614;17.9961;18.6502;18.8505;18.6164;19.2438;19.6905;20.6257;21.535;22.1672;23.0974;23.9614;24.1869;24.1229;24.1429;24.3369;24.2805;24.3325;24.4265;24.7698;24.6767;24.4697;23.9953;23.9199;24.5382;24.5936;24.1803;23.838;23.6068;23.3368;22.5974;21.6183;21.0089;20.0465;19.2065;18.5814;18.3625;17.4352;17.0529;16.4341;16.1194;15.7208;15.2206;14.9744;15",35.9508
"0.8;0.05;0.15"
22.8627,5.18311,0.297023,"1;1.88353;2.88135;3.8547;4.71273;5.59096;6.09217;7.0086;7.78647;8.22855;8.96207;9.70469;10.4141;11.2977;12.2448;12.7345;12.9296;13.9173;14.8758;15.5593;16.2568;17.037;17.9803;18.7449;19.5717;20.3014;21","15;15.4684;15.4023;15.173;15.6866;16.1648;15.9191;16.1439;16.1427;16.6022;17.2819;17.4944;17.6258;17.6654;17.5715;17.5627;16.7253;16.8816;16.7929;17.1551;16.9178;17.2336;17.5455;16.901;16.3386;15.6548;15",18.8381
"0.8;0.1;0.1"
23.308,8.2214,0.325741,"1;1.96834;2.96683;3.81251;4.5886;5.31907;6.2294;6.82449;7.33567;7.81501;8.24768;9.09405;9.82533;10.7071;11.6741;12.2624;12.9521;13.2646;14.1175;14.722;15.5935;16.4411;16.8269;17.2963;18.24;19.222;19.4619;19.7418;20.0028;20.977;21","15;14.7504;14.8054;14.2717;14.4333;14.6576;14.8727;14.9136;15.6268;15.7535;15.6397;16.1723;16.8544;17.3262;17.5808;17.7492;17.5534;17.5631;18.0004;18.797;18.3065;17.776;17.4778;17.1647;16.9614;16.8054;16.4516;15.8861;15.2311;15.0053;15",19.8959
"0.8;0.15;0.05"
27.0531,18.1856,0.55449,"1;1.83989;2.43667;3.10322;3.76245;4.40007;5.39598;6.3309;7.1979;7.37117;8.28872;8.09768;8.18309;8.80581;9.1069;9.91221;10.097;10.8897;11.5902;12.0539;12.9821;13.696;14.3167;14.7676;15.4853;16.2751;17.2684;18.2507;18.8429;19.8201;20.2177;20.6152;21","15;14.4572;13.6548;13.6125;13.5614;13.632;13.5416;13.1868;13.5619;14.3039;14.6956;15.1994;15.9995;16.578;16.9142;17.0416;17.1141;17.2528;17.9664;18.8524;19.2243;19.9246;19.8487;19.4941;19.283;18.6696;18.554;18.7413;17.9355;17.7232;16.8057;15.8881;15",25.2796
"0.8;0.2;0"
24.2662,2.71957,0.602378,"1;1.90605;2.49713;3.05134;3.57235;4.57176;5.40512;6.1353;6.88219;7.27255;7.75174;8.57835;8.93041;9.80434;10.5092;11.0724;11.7788;12.6162;13.3511;14.0121;14.4917;15.1308;16.1024;17.0388;17.7501;18.6234;19.2892;19.5817;20.3379;20.3414;20.6951;21.0028;21","15;15.4232;15.9861;16.2221;16.2628;16.2282;16.6802;16.7551;17.0643;17.6111;17.4132;17.976;18.023;18.3706;18.6846;18.8223;19.0025;19.0113;19.3724;19.3671;19.126;19.1644;19.4012;19.7519;19.3163;19.0331;18.2975;17.9311;17.2896;16.3158;15.6565;15.5033;15",20.7166
"0.85;0;0.15"
27.001,91.214,0.273981,"1;1.99768;2.74778;3.71626;4.40048;5.26557;6.19118;7.1854;7.63173;7.81606;7.88676;8.07116;8.79037;9.00374;9.74661;10.3533;11.1248;11.693;12.0975;12.5823;13.1846;13.9925;14.8413;15.6942;16.6185;17.4371;17.8395;17.8342;18.5886;19.1769;19.9934;20.8098;21","15;14.932;15.5933;15.3442;14.6149;14.2748;13.9387;13.8314;12.9365;11.9536;11.2655;10.9867;10.5203;10.6257;9.9563;9.28165;8.98655;9.58061;9.7033;10.0378;10.0951;9.55219;9.83235;10.1338;10.4137;10.33;11.2455;12.2455;12.9019;13.7105;14.2879;14.8654;15",27.5389
"0.85;0.05;0.1"
25.1027,4.04254,0.473856,"1;1.19083;1.78404;2.34209;3.07935;3.63111;4.53198;5.25719;6.03665;6.94093;7.69698;8.13997;9.03616;9.38312;10.1606;10.8841;11.1433;11.8997;12.8695;13.5961;13.947;14.6813;15.3872;16.3867;17.2691;17.9719;18.4669;19.2951;19.8667;20.5683;21.0779;21","15;15.9816;16.7867;17.3774;17.7679;17.8518;17.7941;17.3003;17.5516;17.8285;18.1442;18.2213;18.0792;18.1594;18.2545;17.6138;17.6893;18.0991;17.9317;18.1854;18.7089;18.0302;18.7385;18.7689;18.84;18.2521;17.9257;17.4402;16.6661;16.1934;15.6272;15",21.7652
"0.85;0.1;0.05"
21.5572,18.288,0.246546,"1;1.35689;2.13161;2.88433;3.73953;4.70043;5.38286;6.30901;6.83325;7.69421;8.64658;9.63838;10.6297;11.6276;12.3821;13.0977;13.3804;14.349;15.349;16.2794;17.0495;17.923;18.8175;19.7069;20.6442;21","15;15.3535;15.7824;16.3609;15.9961;16.2173;16.1718;16.0102;16.4605;16.2875;16.5925;16.4646;16.596;16.6615;16.0053;16.0502;16.0639;16.3125;16.3159;15.9496;15.3116;15.1551;14.9617;15.1866;14.8382;15",21.0668
"0.85;0.15;0"
22.6666,7.08111,0.286553,"1;1.65165;2.45873;3.37938;4.20665;4.81447;5.41144;6.32857;7.20504;7.92096;8.89051;9.84579;10.8437;11.6782;12.2875;13.286;14.1015;14.8884;15.693;15.9824;16.7128;17.4978;18.1756;19.1708;20.1659;21","15;15.3842;15.345;15.7201;16.2805;17.0746;17.8769;17.4783;16.9968;16.2986;16.5435;16.8392;16.9044;17.0514;17.0718;17.0174;17.5962;16.9791;16.3898;15.988;15.8797;15.5967;15.2802;15.1815;15.0827;15",20.4286
"0.9;0;0.1"
25.3033,17.2595,0.255065,"1;1.26285;1.99624;2.27936;2.79513;3.00537;3.97413;4.92446;5.39772;6.31726;7.0839;7.51589;7.40889;8.30863;9.2226;10.196;11.195;12.1443;13.048;13.5912;13.9387;14.8204;15.7267;16.2434;16.8777;17.437;18.0865;18.9692;19.8118;20.3535;20.1575;21","15;14.9301;14.4338;14.2668;13.6657;13.4719;13.7199;13.4086;12.5729;12.3351;11.8928;11.3555;10.3613;9.92485;9.51906;9.28986;9.33423;9.6485;9.72245;9.95388;10.5192;10.991;11.331;11.8791;12.4027;12.9683;12.8085;13.2488;13.5908;14.3581;14.6182;15",23.6487
"0.9;0.05;0.05"
22.0633,83.2476,0.263343,"1;1.99705;2.95123;3.5581;4.05619;4.86057;5.6944;6.34349;7.31683;7.75465;8.39741;9.11196;9.67168;10.1806;10.5663;11.56;12.3452;13.345;14.3174;15.0108;15.8766;16.8117;17.8114;18.7855;19.4844;19.9392;20.6546;21","15;14.9233;15.2226;15.4084;15.2655;15.5051;16.0571;15.9927;16.1332;16.2553;16.535;16.3858;16.5704;16.543;16.1712;16.0596;16.6788;16.659;16.4257;17.0391;17.2145;16.8601;16.8347;17.0607;16.4725;16.1285;15.7198;15",28.1817
"0.9;0.1;0"
26.9052,8.53089,0.271456,"1;1.99789;2.69528;3.42164;3.74106;4.57553;4.77465;4.85129;5.18792;5.99142;6.60579;7.46363;7.83605;8.45022;9.44822;10.3923;11.2435;11.9863;12.8887;13.7687;14.5931;15.5493;16.436;17.4211;18.3159;18.9372;18.8909;19.6208;19.891;20.6797;21","15;15.0649;15.0145;14.6587;14.3546;13.8384;12.8815;11.8844;10.9428;10.3475;10.1013;9.73737;8.96368;8.17451;8.23777;8.56742;9.09236;9.18565;9.56072;10.0357;10.6016;10.7821;11.2122;11.3842;11.6358;11.9292;12.5608;13.1285;14.0691;14.1425;15",25.5736
"0.95;0;0.05"
23.3288,4.30197,0.341954,"1;1.53443;2.48635;3.44853;4.04862;4.95455;5.55679;5.97975;6.77847;7.33044;7.91636;8.82001;9.78669;10.4252;11.2154;12.087;13.0836;14.0633;14.7646;15.7175;16.5488;17.5183;18.495;18.8648;19.3749;20.0521;20.7165;21","15;15.8452;16.1516;15.8792;16.1222;16.2701;17.0085;16.9698;17.4606;18.189;18.7462;18.3179;18.0619;17.2923;17.9052;17.4149;17.4972;17.6978;16.985;16.6816;16.1258;15.8806;15.6662;15.5433;15.1663;14.8908;15.0494;15",22.3775
"0.95;0.05;0"
22.769,9.20918,0.311172,"1;1.99103;2.87009;3.74076;4.43642;5.25288;6.11804;7.02773;7.9579;8.95712;9.52598;10.2161;10.5736;11.5659;12.5374;13.3087;13.9919;14.7845;15.6769;16.4531;17.4155;18.1908;19.0564;19.7162;20.2996;21","15;15.1336;15.6103;15.5803;15.65;16.021;16.5225;16.1072;16.4744;16.514;16.6997;16.6425;16.8594;16.7354;16.4984;17.0428;16.8032;17.413;17.8641;18.4947;18.336;17.7141;17.2132;16.4618;15.6496;15",22.769
"1;0;0"
