Length, Risk, TravelTime, Paths.x, Paths.y, Cost, Weight
24.7691,93.0375,0.303759,"1;2;2.92263;3.60811;4.44714;5.27705;5.37736;5.93593;6.93126;7.92717;8.82267;9.64049;10.5767;11.4903;12.2253;13.1231;13.4116;14.1345;15.0738;16.0683;17.0138;17.8788;18.7068;19.6794;20.5637;21.1589;21.5895;21.4719;21","15;15;15.3857;16.1046;15.6628;15.9814;16.0298;16.8593;16.7627;16.6723;16.2273;16.8027;16.4514;16.0447;15.6519;15.5549;16.1555;16.1308;16.4737;16.3688;16.6945;17.1962;17.7569;17.5244;17.068;16.7454;15.9586;15.6598;15",0.303759,"0;0;1"
25.2717,92334.2,0.289355,"1;1.93097;2.93029;3.60209;4.00049;4.99226;5.72689;6.72274;7.45837;7.59377;8.45706;9.13319;10.0996;10.4167;11.2629;12.2378;12.6325;13.5135;14.2413;14.6311;15.4119;15.909;16.5272;16.8308;17.4556;18.4412;19.3194;20.0059;20.7757;21","15;14.6349;14.6718;15.4125;16.3297;16.4578;15.7793;15.6884;16.0871;16.1796;16.41;16.2333;16.2428;16.3032;15.7704;15.5475;14.6287;14.1555;14.5698;15.3434;15.8893;15.4008;16.058;16.6466;17.4273;17.2584;16.7801;16.0529;15.4146;15",4616.99,"0;0.05;0.95"
39.2563,34.8197,10.9917,"1;1.70983;2.36691;2.7041;2.86276;3.18488;3.59809;4.1392;3.96669;4.39037;4.29439;5.0649;5.80565;6.53338;7.15795;7.83835;7.70406;8.10466;8.97291;9.74916;10.6647;11.2676;12.1556;13.1506;13.6989;14.4498;14.8736;15.6021;16.5253;16.8915;17.8432;18.8424;19.6376;20.5185;20.5721;21.3555;21.496;21.4182;21.9773;21.7665;21.778;21.8331;21.2216;20.9137;21","15;15.7044;16.4582;17.3996;18.387;19.3337;20.2443;20.8865;21.8084;22.7142;23.7096;24.347;24.1079;24.3574;23.5947;23.0141;23.2772;24.1476;24.3301;23.6997;23.2976;23.3404;23.5719;23.4722;23.4793;23.3515;23.4348;23.4663;23.8508;24.7813;25.0883;25.049;24.4425;23.9692;22.9706;22.3491;21.359;20.362;19.5329;18.5554;17.7365;16.9763;16.1974;15.9403;15",13.3745,"0;0.1;0.9"
33.2901,109.5,6.77609,"1;1.81155;2.091;2.53488;2.83522;3.71473;4.70945;5.39695;5.25863;5.60495;5.0383;5.06378;5.54021;6.36858;7.34224;7.59662;8.59648;9.58994;10.5054;10.9951;11.6753;11.8542;12.6945;13.5372;14.415;14.6959;15.6419;16.0796;17.0103;17.6409;17.5908;18.0926;18.5744;19.0064;19.6053;20.1025;20.5997;21","15;15.5341;15.8028;16.5359;17.3;17.7759;17.6732;18.3994;19.3898;20.3279;21.1519;22.1516;23.0308;23.591;23.8189;24.7861;24.7697;24.8839;24.4816;23.8582;23.2297;22.7185;23.2224;22.684;22.2049;22.1725;21.9323;21.326;21.6919;21.3668;20.8777;20.0127;19.1364;18.2345;17.4337;16.5661;15.6985;15",22.1847,"0;0.15;0.85"
23.6362,18.2869,0.24596,"1;1.98791;2.62394;3.5342;4.5152;5.46894;6.28637;7.28619;8.28494;9.06423;9.79407;10.0676;10.5281;11.3972;12.3679;13.0664;13.3096;14.3095;15.1307;16.119;16.6476;17.462;17.9624;18.4559;18.9564;19.8035;20.3718;20.9401;21","15;14.9688;15.3772;15.7913;15.5973;15.2967;14.7207;14.7396;14.6896;14.8196;14.2202;14.0902;14.9779;15.4725;15.2323;14.982;14.8958;14.9094;14.3387;14.3059;13.4969;13.2227;13.7249;13.0261;13.0884;13.2676;14.0904;14.9132;15",3.85415,"0;0.2;0.8"
24.1601,33.6496,0.26996,"1;1.10655;1.98572;2.98274;3.96382;4.90142;5.85517;6.77166;7.70505;8;8.54328;8.47723;9.17373;9.98924;10.9358;11.4714;12.187;12.4387;12.6574;13.0058;13.8514;14.5726;15.1158;15.5884;16.4177;17.4177;18.1826;19.0532;20.0418;20.8585;21","15;15.9943;16.4708;16.3937;16.5873;16.2755;16.3012;15.9012;16.26;15.8893;15.7147;14.7169;14.7892;14.7702;15.0775;14.9848;15.2345;15.6125;15.9557;16.2922;16.826;16.4893;16.2147;15.9645;15.6075;15.61;14.9658;14.474;14.3229;14.9;15",8.61487,"0;0.25;0.75"
24.5386,19.8537,0.267265,"1;2;2.913;3.90839;4.6443;4.80061;5.57258;6.3913;6.91802;7.48899;7.88581;8.85102;9.48643;10.48;11.3149;12.2634;12.6083;12.6997;13.6911;14.2131;14.7127;15.0482;15.8448;16.8296;17.4086;18.2623;18.9976;19.4236;19.8414;20.392;21","15;15;15.408;15.5038;16.1809;16.2863;15.6577;16.1392;16.3979;16.5817;15.6638;15.4023;14.6302;14.517;15.0673;14.7504;15.4463;15.6501;15.5189;15.6369;16.2092;16.4089;15.9498;16.1055;15.445;14.9242;14.2464;14.6737;15.4428;15.3479;15",6.1432,"0;0.3;0.7"
23.1607,22.4061,0.251128,"1;1.92571;2.89112;3.89079;4.84308;5.77813;6.40478;6.70408;7.5615;8.55565;8.77654;9.7343;10.3031;11.0534;11.3372;11.9959;12.5031;12.6966;13.5724;14.2428;15.1514;16.0422;16.4888;17.1228;17.8207;18.7563;19.6907;20.5092;21","15;14.6218;14.8825;14.9081;15.2133;15.5678;15.718;15.9455;16.4601;16.3521;15.8026;15.7007;14.8783;15.3068;15.4898;15.9816;16.1858;16.695;16.2123;15.4703;15.0527;14.941;14.9251;15.1507;14.4978;14.1448;14.5009;15.0754;15",8.00538,"0;0.35;0.65"
23.3265,40.5432,0.256917,"1;1.89904;2.82822;3.76464;4.76444;5.64773;6.62061;7.20435;8.01714;9.01289;9.87016;10.4154;10.7311;11.4745;12.2402;12.4574;13.4403;13.9133;14.6823;15.3317;16.1066;16.515;17.4057;18.2562;18.9951;19.2377;20.09;20.9422;21","15;14.5621;14.1925;14.5434;14.5637;14.7397;14.9063;15.1155;15.6722;15.5801;16.095;16.3394;16.6427;16.7842;16.5766;16.6001;16.416;16.0539;15.9261;16.5325;15.9005;14.9877;14.533;15.046;15.1548;16.0816;15.5585;15.0354;15",16.3714,"0;0.4;0.6"
42.9943,47.3386,0.431423,"1;1.88791;2.74071;3.64974;4.15518;4.26771;3.94505;4.39244;3.93463;4.83027;5.03138;5.32349;5.75294;6.48796;6.91731;7.83285;7.87306;8.7197;9.59878;9.95739;10.6167;10.6752;11.5666;11.7092;12.2215;12.5644;12.9374;13.7913;14.4162;14.9074;15.7033;15.4115;15.2665;15.3799;15.985;16.4868;16.87;17.3118;18.1827;18.5182;18.9842;19.651;19.6898;20.3376;21.1555;22.1422;22.7601;23.3831;23.7366;23.251;22.6329;22.1044;22.1131;21.5695;21.5045;21","15;14.54;14.0177;13.601;12.7381;12.4986;11.743;10.8827;10.1483;9.85538;8.87582;8.4816;8.38996;8.33217;8.34424;7.96717;8.05005;8.58221;8.56756;7.63407;7.98865;8.83269;8.3795;7.95276;7.35251;7.43454;8.33731;8.0404;8.60612;8.49063;8.10213;7.29795;6.69994;5.84357;5.57709;6.04254;6.86543;6.55938;6.40143;6.46494;6.57547;6.43165;7.2829;7.54638;7.46788;7.63054;8.41677;9.19897;9.8284;10.3825;10.8012;11.6435;12.6435;13.3526;14.1812;15",21.5397,"0;0.45;0.55"
24.4489,21.251,0.262075,"1;1.98402;2.93015;3.92977;4.92328;5.89599;6.71497;7.25517;8.17867;8.56875;9.19686;10.1078;11.1069;11.83;12.1211;13.0923;13.2064;13.8847;14.4981;14.9841;15.9512;16.648;17.2397;17.8669;18.4682;18.5229;18.8805;19.5213;20.5213;21","15;14.8219;14.4982;14.5259;14.6397;14.8717;15.4455;14.604;14.4843;14.4245;14.1258;14.5384;14.5807;15.2714;16.2281;16.0876;15.9701;16.4707;16.0524;16.5827;16.3282;15.9992;15.3189;15.5404;15.2229;14.2244;14.2281;14.1673;14.169;15",10.7566,"0;0.5;0.5"
22.8959,20.2305,0.245939,"1;1.94059;2.92003;3.88714;4.22529;5.21437;6.05939;6.7286;7.29541;8.0346;8.85181;8.9926;9.67314;10.5876;11.2956;12.2832;13.1436;13.7573;14.1309;14.7951;15.4337;16.0374;16.9954;17.5629;17.8744;18.6316;18.8718;19.7081;19.8322;20.4083;21","15;15.3395;15.1378;14.8834;15.0745;15.0904;14.8354;14.7982;15.1204;15.7939;16.2283;16.1873;16.2415;15.8369;16.5432;16.3861;16.117;15.3985;14.914;14.6471;15.0156;14.2184;14.0403;14.0393;13.6757;13.7072;13.6043;14.1527;14.2592;14.8666;15",11.2375,"0;0.55;0.45"
26.4433,50.3869,0.295787,"1;1.63701;2.61857;3.35017;3.97239;4.61757;5.44663;6.15157;6.85682;7.47187;8.40347;8.96459;9.51724;10.2294;10.6404;11.5284;11.9921;12.2253;12.9922;13.0887;13.2019;14.0744;14.3072;15.0741;15.6964;16.4826;15.9659;16.4062;17.3745;17.8798;17.9923;18.5604;19.4428;20.094;21","15;15.4027;15.2906;15.7513;15.992;15.6768;15.7502;16.2461;15.6346;16.3977;16.219;16.4413;16.103;15.4915;15.3088;15.7686;16.2125;16.4932;16.5081;15.919;15.2037;15.2674;15.1701;15.3866;15.1778;15.6903;16.486;16.6909;16.9404;16.0775;15.0838;14.9917;14.5489;14.8805;15",30.3504,"0;0.6;0.4"
23.049,35.763,0.260167,"1;1.97642;2.79407;3.4176;4.3569;5.30183;5.88188;6.55123;7.31676;7.54974;8.40514;9.25363;10.168;10.8927;11.223;11.4501;11.8658;12.8548;13.2405;13.6216;14.4717;14.776;15.4662;15.879;16.7087;17.5968;18.4136;19.2583;20.013;21","15;14.7841;15.3599;16.1417;16.4848;16.1575;16.6345;16.2902;16.0554;16.2356;15.7176;16.1019;16.0487;16.7378;16.5986;15.7862;16.5072;16.6545;16.2828;16.192;15.6845;15.5909;15.5802;15.6274;15.2837;15.2811;15.221;15.2155;14.9827;15",23.337,"0;0.65;0.35"
24.4021,72.5813,0.258708,"1;1.96013;2.9499;3.46437;4.31356;4.46361;5.00599;5.42894;6.17665;7.10742;7.42422;8.41762;9.15321;9.3101;10.137;10.3176;11.0075;11.4698;12.4023;13.2383;13.344;14.3361;14.8089;15.088;15.9482;16.7532;17.3334;18.3302;19.3105;20.1493;21","15;14.7204;14.5778;14.2128;13.7837;13.5633;13.1285;13.8818;13.2502;13.5176;13.2511;13.1364;13.6314;13.5875;14.1498;15.1334;15.8531;16.6653;16.3041;15.9055;15.9679;15.8424;14.9612;14.9984;15.2823;15.7525;15.2916;15.2124;15.4099;15.1463;15",50.8845,"0;0.7;0.3"
23.2665,13.3642,0.252962,"1;1.81824;2.73266;3.67261;4.67193;5.57447;6.4768;7.39435;8.39379;9.20188;10.0345;10.2245;10.7433;11.4177;11.9395;12.6619;13.6255;14.4109;15.2535;15.4999;16.2256;16.9699;17.8747;18.8721;19.3475;20.2668;20.8394;21","15;15.5749;15.9796;15.6383;15.6015;16.0321;15.6011;15.9987;15.9653;15.4698;15.7359;15.5275;15.3408;14.8257;15.4102;15.9376;15.8784;15.5565;15.7085;15.074;15.2025;14.8819;14.8482;14.7764;15.6562;16.0498;15.2299;15",10.0864,"0;0.75;0.25"
23.9106,11.9,0.247034,"1;1.94515;2.89505;3.75508;4.71392;5.68219;6.42326;6.68217;7.6758;8.65474;9.65463;9.79682;10.683;11.1394;12.0058;13.0055;13.8399;14.0808;14.7731;15.7126;16.1884;16.9875;17.4077;17.8463;17.7578;18.5732;19.3162;20.2235;20.9543;21.5468;21","15;14.6734;14.3608;14.8711;15.155;14.9051;14.9229;14.9113;15.024;14.8198;14.8344;14.3146;14.6351;14.5071;15.0064;14.9842;14.7624;14.8126;14.9525;14.659;14.6314;14.0301;14.0286;13.6807;13.3924;12.8136;13.483;13.736;13.7068;14.3755;15",9.56943,"0;0.8;0.2"
24.1877,57.3947,0.264742,"1;1.69774;1.81688;1.84268;2.81722;3.78186;4.19578;4.58302;5.42321;5.74067;6.01725;6.60447;7.08569;7.95611;8.78599;9.0598;9.17144;10.044;10.5372;11.2403;11.7831;12.7638;13.7445;14.5622;14.9045;15.2532;16.2378;16.6682;17.0791;18.0311;18.8181;19.7687;20.293;21","15;14.5582;14.1913;13.874;14.0982;13.8347;13.5943;13.4003;13.8473;14.2273;14.3744;14.2353;13.7951;14.1504;14.1108;14.7184;15.1419;15.3058;15.2846;15.9957;16.8356;16.6403;16.445;15.8693;16.1992;16.5922;16.767;16.3344;15.9202;15.9755;15.4072;15.0967;15.3305;15",48.8252,"0;0.85;0.15"
26.045,38.1977,0.281505,"1;1.89742;2.89677;3.87096;4.79851;5.79735;6.60217;7.28342;8.03092;8.9769;9.11792;9.90132;10.8481;11.3855;11.8727;12.6632;12.7898;13.6449;14.6083;15.0728;15.5067;16.3123;17.3098;17.6346;17.651;17.6469;17.8306;18.811;19.4956;19.8999;20.1802;20.8368;21","15;14.5588;14.5227;14.7484;15.1221;15.074;14.4805;14.7811;15.0228;15.0027;15.0341;15.6556;15.9776;16.3944;16.3221;16.1514;15.8297;15.9611;15.6929;15.7794;16.132;16.7245;16.7949;15.8491;14.8493;13.8493;12.8663;12.6694;13.3983;13.7805;14.1272;14.8026;15",34.4061,"0;0.9;0.1"
24.9723,20.2536,0.265657,"1;1.99856;2.47599;3.11072;4.04796;3.96307;4.89253;5.58175;6.56443;7.14957;7.89197;8.81171;9.69324;9.98178;10.512;10.9847;11.5914;12.2181;12.8686;13.8333;14.0375;15.0359;15.7378;16.4362;16.7232;17.1734;17.8914;18.4006;19.0057;19.6687;20.4862;21","15;15.0536;15.4935;15.9541;16.3028;15.3777;15.1897;15.27;15.0847;14.2737;14.4088;14.0337;14.5017;13.6512;13.6792;13.5703;14.2466;13.5985;13.7913;13.9957;13.9119;13.855;14.5356;14.7505;15.1411;15.516;16.1898;16.4221;16.6866;15.938;15.362;15",19.2542,"0;0.95;0.05"
21.9637,13.2975,0.228495,"1;1.9898;2.98829;3.64611;4.17855;4.96569;5.90303;6.42141;7.40115;8.32555;9.22065;9.93696;10.7747;11.6615;12.6041;13.2086;13.8987;14.6068;15.4066;16.3398;16.7384;17.4912;18.2769;19.0567;19.7855;20.093;20.9111;21","15;15.1425;15.0876;14.9863;15.1725;15.0338;15.0126;15.1058;15.2518;15.1482;15.594;14.8963;14.3502;14.5996;14.4926;15.2782;14.8628;14.4398;13.8401;13.9153;13.6741;14.0187;13.8517;13.9845;14.1377;14.3625;14.9375;15",13.2975,"0;1;0"
22.2696,54.0599,0.255097,"1;1.89766;2.76031;3.62764;4.48307;5.41838;6.29282;7.2214;8.21816;9.14035;10.0131;10.9801;11.9784;12.6443;13.0709;13.8407;14.8399;15.4775;16.1476;17.0321;17.7509;18.2189;18.8223;19.7581;20.317;21","15;15.4407;15.9465;16.2563;15.9766;15.6228;15.8713;16.1123;16.0318;16.4185;15.9304;16.1852;16.128;16.3988;16.6275;16.7527;16.7928;16.0224;16.2806;16.4719;15.7767;15.2686;15.7838;15.8495;15.6902;15",1.35582,"0.05;0;0.95"
22.6803,15.0105,0.238756,"1;1.99502;2.99501;3.8968;4.59946;5.49515;6.30424;7.1933;8.15984;9.12189;10.1126;10.7879;11.397;11.7738;12.2977;13.2958;13.9527;14.1312;14.742;15.2213;15.9947;16.6637;16.9843;17.9109;18.6683;19.5971;20.0847;21","15;15.0997;15.0944;15.5266;14.8151;15.2597;15.8474;15.3896;15.1331;14.8603;14.9964;14.2588;13.4658;13.6698;13.9001;13.9627;14.6851;14.9271;15.4134;15.3992;15.2438;15.3687;15.0333;15.1418;15.1924;15.5305;15.1935;15",2.09942,"0.05;0.05;0.9"
23.4278,23.9025,0.259666,"1;1.8359;2.71588;3.02685;3.71782;4.70236;5.62089;6.59655;7.15207;8.06163;8.44891;9.3527;9.99412;10.1226;11.0356;11.9814;12.4974;13.4889;14.2074;14.7058;15.2448;16.0034;16.5157;17.074;18.0202;18.7792;19.5896;20.4;21","15;14.7577;14.8754;14.5969;14.6786;14.8538;15.2491;15.4684;16.2999;16.7155;15.8593;15.63;15.51;16.3542;16.3212;15.9964;15.9343;15.8809;15.5939;15.4456;15.2901;15.2605;15.3462;16.107;15.9855;16.6056;16.0197;15.4338;15",3.78235,"0.05;0.1;0.85"
35.4509,53.5145,8.15689,"1;1.08179;1.53089;2.17242;2.36533;2.32808;2.83229;2.92543;2.99739;3.67918;3.66076;3.88823;4.64032;5.21573;5.88832;6.62992;7.23176;8.14373;8.86061;9.14999;9.44002;9.80763;10.2346;11.095;12.0557;13.0221;13.8722;14.6033;15.4696;15.9211;16.3699;16.3443;17.3397;18.0704;18.5652;18.9723;19.7437;20.7131;21.3208;21.5046;22.1813;21.8792;20.9802;20.9146;20.9043;21","15;15.9966;16.8901;17.6572;18.6384;19.538;20.055;20.6505;21.4063;21.8272;22.1705;22.1691;22.7911;22.754;22.8074;22.7545;22.7364;22.7549;23.2495;23.4632;23.6808;24.5111;24.3703;24.88;24.6024;24.3453;23.8188;23.4219;23.7783;23.1089;22.7601;22.3783;22.2829;22.099;21.7659;21.6324;20.9961;21.2417;20.4475;19.4646;18.7283;17.775;17.3372;16.3394;15.3394;15",16.3252,"0.05;0.15;0.8"
23.2268,13.9998,0.240789,"1;1.69041;2.6904;3.68963;4.5454;5.3702;5.92207;6.84023;7.78268;8.78159;9.77222;10.5666;11.5512;12.42;13.035;13.308;14.0329;14.5785;15.3975;16.0927;16.8619;17.5096;18.5057;19.3287;19.7538;20.6154;21","15;14.2766;14.2827;14.3219;14.8392;15.4047;14.7361;14.4963;14.8307;14.7841;14.9207;14.3132;14.4879;13.9927;14.7663;14.7352;14.3163;13.6462;13.9107;14.1505;14.2149;14.9767;14.889;15.068;15.734;15.2265;15",4.14189,"0.05;0.2;0.75"
23.3493,11.0563,0.243235,"1;1.48986;2.48937;3.14289;4.13092;4.98157;5.95045;6.94146;7.94114;8.83799;9.17644;9.92609;10.7154;11.0673;12.0657;13.0657;13.6463;14.2559;15.2016;16.1626;17.1437;17.6778;17.989;18.7998;19.5707;20.2135;21","15;14.1282;14.0967;14.8537;14.6994;15.2252;15.4727;15.339;15.3134;14.8711;14.7463;14.5775;14.9025;14.9658;15.0227;15.0201;15.2322;14.6435;14.9025;15.1332;15.1928;14.6698;13.7671;13.1818;13.8189;14.5849;15",4.10179,"0.05;0.25;0.7"
24.1568,26.5026,0.258922,"1;1.99796;2.76053;3.24718;4.07002;4.68896;5.55431;6.1721;6.44026;6.64675;7.41822;7.73131;8.36115;9.22188;10.2128;10.7906;11.175;11.7293;12.5597;13.2939;13.8076;14.5922;15.0085;15.5654;15.8003;16.584;17.0873;17.6525;18.3126;19.247;20.0412;20.7178;21","15;15.0638;15.0739;14.6095;15.0029;15.0755;15.301;15.5574;16.5207;16.5627;16.7295;16.1844;16.3965;15.8874;15.7531;15.5029;15.4808;15.0237;15.44;15.6021;15.0012;14.5258;13.6166;14.2435;14.1973;14.7945;14.5849;14.2524;13.966;14.2231;13.9563;14.6928;15",9.32691,"0.05;0.3;0.65"
23.7871,59.5095,0.244374,"1;1.75186;2.7482;3.53083;4.43333;5.33333;6.19213;7.0883;7.77823;8.60991;9.51878;9.96716;10.3468;11.1185;11.4572;12.116;12.5904;13.0969;14.0915;14.3762;14.9033;15.0507;16.0507;16.9087;17.8314;18.7845;19.5877;20.3568;21","15;14.3407;14.4261;15.0486;14.6179;14.182;14.6944;14.2507;14.9745;15.5298;15.2198;14.4317;13.9482;13.3121;13.3798;13.2414;13.4389;13.4355;13.5394;14.1972;13.5947;13.2567;13.2478;13.7614;14.1469;14.4497;14.3858;14.5416;15",22.1643,"0.05;0.35;0.6"
23.1552,12.25,0.240946,"1;1.97559;2.885;3.85818;4.15604;4.8912;5.30404;6.16008;6.72556;7.34301;7.77044;8.77025;9.6559;10.6057;11.201;12.1364;13.1099;13.474;14.3595;14.9687;15.8454;16.5282;16.7529;17.7424;18.7317;19.4469;20.3495;21","15;14.7804;14.3645;14.3505;13.6819;14.0172;14.7802;14.7711;15.1253;14.6026;14.6561;14.6364;14.172;13.859;14.6625;15.0163;14.7876;15.4137;15.4505;15.7661;15.4049;15.2247;14.6645;14.5198;14.6656;14.8527;14.5798;15",6.19028,"0.05;0.4;0.55"
40.1456,20.1481,7.99436,"1;1.85243;1.94246;2.3167;2.26898;2.95677;3.34627;3.48706;3.949;4.37598;4.64335;5.10849;6.09131;7.08476;8.08414;9.00513;9.77353;10.7426;11.3552;12.0821;13.0686;13.9687;14.4432;14.5112;15.1866;15.6192;16.0277;16.9216;17.3745;18.2683;18.9686;19.9685;20.7456;21.4759;22.397;22.2449;21.9843;21.4179;20.904;20.2246;20.0887;19.1913;18.4163;18.096;18.7792;19.3634;20.1705;20.3765;20.6556;21","15;15.2691;15.3343;16.2617;17.2605;17.9864;18.6474;18.9157;19.7237;19.9629;20.9265;21.8118;21.9963;22.1105;22.146;21.7564;21.9762;22.1927;22.3162;22.6837;22.5199;22.0841;22.9643;23.2134;23.6384;23.9654;24.0464;23.598;22.7064;23.1549;23.8688;23.863;23.2336;22.5505;22.1611;21.2501;20.5421;19.7924;19.2073;18.8751;18.6027;18.4672;18.708;18.1037;17.3735;17.2635;16.8346;16.1456;15.4513;15",15.0711,"0.05;0.45;0.5"
25.7335,47.4694,0.272251,"1;1.29059;2.2846;3.26485;4.26418;5.21647;6.2158;7.20526;7.91346;8.83925;9.55446;9.74968;10.7464;11.6297;11.9765;12.9667;13.8139;14.4192;14.7773;15.6523;16.6141;16.6733;17.0864;17.5327;18.3838;19.3837;19.9615;20.5889;21.1767;21.1901;21","15;15.9568;15.8476;15.6498;15.6132;15.308;15.3444;15.4893;14.8652;14.899;15.3658;15.3596;15.4402;15.438;16.2715;16.132;15.6006;14.8047;13.871;13.3868;13.1132;13.5581;13.6943;13.5084;12.9834;12.9693;12.8509;13.3523;13.3438;14.2371;15",25.1439,"0.05;0.5;0.45"
23.4173,35.7528,0.253614,"1;1.92618;2.92227;3.64845;3.94396;4.91164;5.60357;6.18029;7.07111;7.94508;8.50934;9.41893;10.2827;11.1001;11.9267;12.1648;13.1445;13.269;14.1242;15.104;16.1031;16.9096;17.3603;17.9089;18.8941;19.8114;20.6524;21","15;14.6229;14.7113;14.4657;14.4255;14.4224;14.2303;13.8146;14.2689;13.7829;14.6085;14.193;14.6969;15.273;15.8358;16.807;16.6066;16.0204;16.4062;16.2059;16.1652;15.5738;15.5081;15.5378;15.3664;15.7647;15.2237;15",20.9364,"0.05;0.55;0.4"
23.1553,27.1809,0.248299,"1;1.83905;2.51708;3.1108;3.73081;4.06822;5.00207;5.69788;6.69775;7.57687;8.57165;9.56965;10.4666;11.4643;12.352;12.9986;13.446;14.188;14.8799;15.7012;16.6359;17.6348;18.6135;19.4083;20.259;21","15;15.2362;15.834;16.6387;16.4346;16.35;15.9923;15.2741;15.2902;15.7668;15.6648;15.728;15.2859;15.2178;14.7574;14.4687;13.8179;13.1474;13.8694;14.44;14.7954;14.8422;14.6372;15.1752;15.6158;15",17.5532,"0.05;0.6;0.35"
23.1115,84.4062,0.257502,"1;1.99869;2.99869;3.77407;4.59013;5.43062;6.2047;7.16507;7.21775;8.15638;9.15108;9.94876;10.8396;10.8562;11.6768;12.3235;12.6747;13.6264;13.8567;14.8174;15.7067;16.4508;16.6136;17.4504;18.1611;18.8674;19.8662;20.1022;21","15;14.9489;14.9516;15.5831;16.161;16.6527;16.5564;16.8351;16.7508;16.7036;16.8065;16.6798;16.471;16.0367;16.2957;16.0323;15.6837;15.415;14.5212;14.2436;14.3621;13.7343;13.6873;13.2297;13.9333;14.6412;14.6896;14.8647;15",56.0968,"0.05;0.65;0.3"
24.6435,17.5567,0.255367,"1;1.42086;1.72663;2.59439;3.50894;4.23204;5.13331;6.08536;7.08441;7.84471;8.41109;8.95823;8.96296;9.95727;10.77;10.9838;11.8396;12.1816;12.9869;13.4439;14.0153;14.9343;15.8653;16.3577;17.1456;17.6736;18.5325;19.1125;19.8689;20.3209;20.7324;21","15;15.2306;15.687;16.184;15.7796;15.0888;14.6555;14.3496;14.3932;15.0137;15.0133;14.4841;13.7107;13.8172;14.2844;14.4345;14.5289;14.4392;14.4317;14.1815;14.5139;14.5986;14.4642;14.073;13.8476;12.9984;12.4863;12.728;12.8714;13.7634;14.335;15",13.5857,"0.05;0.7;0.25"
23.6099,19.6878,0.262402,"1;1.6388;2.45304;3.12516;4.07918;4.61008;5.19672;6.10129;6.28954;7.21498;8.21497;9.07484;9.54955;10.2544;10.9714;11.6988;12.0552;12.4477;13.1438;13.3717;14.3265;15.2777;15.95;16.9455;17.8796;18.8468;19.8173;20.4382;21","15;15.7694;16.0213;16.5818;16.3658;16.4318;16.1378;16.4147;15.4325;15.0536;15.0497;15.5603;15.5728;14.8683;15.443;15.7017;16.2033;16.5934;16.1722;16.211;15.9138;16.2226;15.4823;15.3872;15.744;15.4898;15.2488;14.7699;15",15.9988,"0.05;0.75;0.2"
22.215,10.7223,0.234528,"1;1.86484;2.71179;3.31769;3.79612;4.46306;5.30406;6.28814;7.27031;8.21621;9.21134;10.1285;11.0662;11.9531;12.4314;12.8398;13.2447;14.2415;15.1777;16.083;16.9781;17.5992;18.2471;19.0552;19.3398;20.1874;21","15;14.4979;15.0296;15.2541;15.1514;15.2517;15.1934;15.0156;14.8277;15.1521;15.0536;14.655;15.0025;14.5406;15.069;15.3491;15.7481;15.6679;15.3164;15.7412;15.4879;15.0681;15.317;15.0224;14.3637;14.4482;15",9.72373,"0.05;0.8;0.15"
24.4756,53.368,0.260262,"1;1.99413;2.75279;3.56125;4.44223;5.08572;5.33558;6.14709;7.1201;8.1198;8.52244;9.45298;10.2042;11.2038;12.1688;12.9997;13.7983;14.2163;15.1343;16.0868;17.082;17.371;17.8691;18.8428;19.7028;20.4663;21","15;14.8918;15.5433;16.1318;16.605;16.1647;16.1556;15.5713;15.3405;15.316;14.4006;14.7668;15.4268;15.4567;15.1944;14.6508;14.4307;13.5223;13.1257;13.4301;13.3319;14.2892;15.1563;15.3841;15.1019;15.6038;15",46.6126,"0.05;0.85;0.1"
23.8686,22.9877,0.267235,"1;1.9914;2.34741;3.27764;4.27756;5.10707;5.92543;6.72823;7.69419;7.95195;8.66302;9.60414;10.5449;11.3249;12.306;13.2446;14.2262;15.2155;15.9482;16.4793;17.1366;17.1838;18.0113;18.8335;19.432;20.2498;21","15;15.1308;16.0653;15.6983;15.6856;15.1271;14.6227;14.9329;14.8266;14.6428;15.3459;15.684;15.3448;15.9704;16.1644;16.5092;16.3182;16.1719;16.3343;15.5904;15.8425;16.5079;17.0694;16.5001;15.699;15.4123;15",21.8957,"0.05;0.9;0.05"
35.8005,33.0397,5.48941,"1;2;2.90066;3.86626;4.44536;4.61826;5.50741;5.51827;5.5854;5.00131;5.11269;5.2459;4.43927;3.93138;4.65402;5.47889;6.33959;6.95201;7.91869;8.87445;9.71604;10.71;11.5593;11.902;12.7142;12.9334;13.519;14.4157;15.2384;15.6448;16.588;17.3706;18.0797;18.562;18.6873;18.9389;18.7078;19.5455;20.0288;20.4793;21.1348;20.9829;21","15;15;14.5655;14.3054;15.1207;16.1056;16.5632;16.8808;17.5602;17.8217;18.4414;19.4325;19.4862;20.32;20.7623;21.1749;21.684;22.4746;22.7305;22.4364;22.9765;22.8668;22.5129;21.793;21.4821;22.1744;22.0756;22.5183;22.7886;22.9126;22.7509;22.215;21.8684;20.9924;20.8699;20.0661;19.2304;18.715;17.8466;17.0444;16.2892;15.3302;15",33.1778,"0.05;0.95;0"
23.0592,14.4367,0.257763,"1;1.94537;2.75859;2.89108;3.70683;4.11889;4.63558;5.25508;5.96606;6.83234;7.66883;8.49668;9.47204;10.2943;11.2078;11.5368;12.4319;12.6781;13.6092;14.5057;15.4991;16.4961;17.3774;18.0675;18.8162;19.6167;19.8437;20.6349;21","15;15.326;15.908;16.8991;17.4776;17.1937;16.7669;16.357;16.2611;16.2308;15.6828;15.1219;15.3425;15.9117;15.505;15.5288;15.8448;15.8103;15.4455;15.0023;14.8877;14.9649;14.4924;14.2176;14.047;14.2018;14.1061;14.7177;15",2.53791,"0.1;0;0.9"
31.9764,20.3496,0.5281,"1;1.9886;2.96837;3.9171;4.57139;5.56873;6.36816;6.99049;7.75708;8.58916;9.05098;9.96956;10.5733;10.8578;11.7232;12.5973;12.9234;13.7439;14.5472;15.4311;16.1577;16.8036;16.9723;17.7065;18.5015;18.9513;19.103;19.8575;20.6987;21.0954;21.6512;21.8733;22.6474;22.3799;22.4949;21.7836;21.0723;21","15;15.1506;15.3507;15.6668;16.423;16.3501;15.7494;15.7379;15.5408;15.3225;16.1555;15.7603;15.93;16.1927;16.4748;15.9891;15.0437;14.4721;13.8765;14.3443;15.0313;15.478;15.6114;16.2902;16.8969;17.79;18.7784;19.4348;19.9754;19.134;19.0546;18.2641;18.0095;17.3993;16.4773;15.7744;15.0715;15",4.66401,"0.1;0.05;0.85"
22.6402,13.2635,0.246857,"1;1.59471;2.50166;3.17353;3.9863;4.96821;5.85668;6.69374;7.25903;8.10274;8.89979;9.8944;10.058;10.7681;11.767;12.7647;13.5291;14.4107;15.3552;16.3545;17.2862;18.1113;18.5697;19.2156;19.7304;20.5821;20.8347;21","15;15.8039;16.1749;16.1945;15.6119;15.4226;15.0252;15.2626;15.5812;15.6577;16.2616;16.1579;16.0425;15.6716;15.6233;15.556;14.9113;14.4393;14.768;14.806;15.169;15.734;15.9356;15.8718;15.9734;16.0316;15.2683;15",3.78786,"0.1;0.1;0.8"
24.089,17.7272,0.257357,"1;1.70664;1.93375;2.81092;3.62995;4.14082;4.94726;5.93195;6.39386;6.93072;7.71348;8.56548;8.51018;8.98611;9.81737;10.1504;10.6726;11.1748;11.6261;12.3093;13.0108;13.9374;14.9311;15.3971;16.3236;16.7199;17.3815;18.2377;18.8732;19.4701;20.3271;21","15;14.6822;13.8305;13.6677;13.6612;14.0269;14.0758;14.2501;14.2883;14.2998;14.7885;15.0206;15.8801;16.0861;16.5756;16.2017;16.2186;16.1227;15.5576;15.8173;15.6692;15.7967;15.6846;14.7998;14.4237;14.5978;14.8185;14.7768;15.1177;15.92;15.4046;15",5.261,"0.1;0.15;0.75"
22.404,10.7505,0.238318,"1;1.71904;2.71845;3.68957;4.4001;4.56724;4.69792;5.63653;6.6346;7.61917;8.33982;8.91498;9.84765;10.7314;11.0205;11.9025;12.626;13.5932;14.4493;15.4479;16.1671;16.8115;17.569;18.3227;19.0113;19.7078;20.6277;21","15;15.695;15.7293;15.9679;15.9011;15.1144;14.8686;14.5236;14.4616;14.6365;15.3298;15.3254;15.4321;15.3098;15.2656;15.7367;15.2505;15.0289;14.6499;14.7033;15.2386;15.1204;15.0306;15.3295;15.0737;15.5509;15.1587;15",4.55732,"0.1;0.2;0.7"
29.8562,20.9368,0.424376,"1;1.94032;2.37743;2.99837;3.85139;4.73414;5.27665;6.22021;7.19469;8.19448;9.14354;10.0314;10.5108;11.4107;12.3884;13.3751;14.3686;14.6781;15.3482;16.3477;16.6883;17.1743;18.0046;18.3915;18.1783;18.7343;19.4059;20.2828;21.0526;21.6994;22.0456;21.5832;21.1209;21","15;14.6597;15.3931;16.0654;16.5872;16.1174;15.2774;14.9461;14.7217;14.7418;14.4267;14.8868;15.7644;16.2005;16.4107;16.2484;16.3625;15.9487;16.1612;16.1314;15.7219;15.5687;15.694;16.3745;17.2916;18.1228;18.8637;19.3443;18.7059;17.9433;17.0051;16.1185;15.2318;15",8.49567,"0.1;0.25;0.65"
32.4195,7572.86,4.81962,"1;1.33309;2.117;2.71934;3.41516;3.92691;4.47745;5.41045;5.22864;5.43597;5.75108;5.95406;6.93851;7.19226;7.65921;8.20914;9.19101;10.1417;10.9753;11.462;12.2377;12.7669;13.3031;14.216;14.6737;15.6733;16.6648;16.8218;17.4532;18.3218;19.1156;19.5975;20.3066;21.0517;21.2019;21.2855;21.922;22.743;22.1456;21.5482;21","15;15.9429;16.4914;17.1973;17.4333;18.2925;18.5232;18.8532;19.6462;20.0953;20.2915;21.2707;21.4463;21.7502;21.7667;22.1163;22.3059;22.2403;22.408;22.416;21.9113;21.6557;21.7763;21.8937;21.7913;21.8192;21.9497;22.6776;22.6826;22.4025;21.9962;21.2998;20.7027;20.1175;19.49;18.682;17.9107;17.3398;16.5379;15.7359;15",2277.99,"0.1;0.3;0.6"
22.857,23.9033,0.244272,"1;1.82829;2.82071;3.76849;4.76795;5.76794;6.65786;7.01298;7.55333;8.31232;9.29451;9.40002;10.2877;10.4212;11.2977;11.6613;12.6109;13.6108;14.0754;14.8596;15.8595;16.5489;17.3803;18.0099;18.656;19.2608;19.7122;20.5811;21","15;14.4397;14.5626;14.8816;14.9146;14.9198;15.3759;15.4277;15.821;16.4722;16.6601;16.1899;16.5436;15.5525;15.3106;15.4481;15.1348;15.1188;14.5184;14.1317;14.146;13.9157;13.8735;13.937;14.2774;14.2587;14.2664;14.7614;15",10.7862,"0.1;0.35;0.55"
22.2757,31.9744,0.249766,"1;1.98419;2.98111;3.92635;4.92313;5.89004;6.28575;6.88767;7.84013;8.76571;9.57395;9.9497;10.6824;11.3744;11.6969;11.8455;12.7957;13.4791;14.2146;14.2646;15.0615;15.9869;16.9419;17.7039;18.693;19.4114;20.3009;20.8474;21","15;15.1771;15.2555;14.9292;14.849;14.5939;14.5969;14.525;14.8296;15.2082;15.04;14.8696;15.4503;16.1722;16.0317;15.9731;16.1233;16.1759;16.1696;16.2074;16.8115;16.4326;16.136;16.7836;16.9308;16.3262;16.0714;15.2339;15",15.1422,"0.1;0.4;0.5"
35.0799,29.2223,6.42747,"1;1.81495;2.00565;1.67249;2.50269;3.18127;4.055;4.14262;4.24064;4.72009;4.64874;4.35172;4.98773;5.90827;6.78729;7.78728;8.75324;9.17568;9.63212;10.5478;11.4856;12.3739;13.0171;13.5817;14.4624;15.3597;15.8395;16.6241;16.7489;17.6599;18.2875;18.9922;19.4211;19.9708;20.3557;21.244;22.1735;22.8531;22.4472;22.0414;22.2127;21.9236;21.195;21","15;15.5734;16.0198;16.7148;17.2723;18.0068;18.4932;19.1454;19.3806;20.2242;20.7148;21.3847;22.0985;22.2509;22.7277;22.7298;22.4711;22.258;21.9941;21.5922;21.2449;21.6226;22.0684;22.4518;22.6555;23.0968;23.7387;23.8068;23.8404;23.4709;22.9569;22.3001;22.164;21.6576;20.7346;20.2752;19.9064;19.1729;18.2589;17.345;16.6108;15.8682;15.1833;15",19.5504,"0.1;0.45;0.45"
22.0892,12.2792,0.231709,"1;1.85599;2.77423;3.38357;4.14503;5.11523;6.08072;6.97799;7.95095;8.86413;9.70557;10.5314;11.37;12.366;13.3657;14.0233;14.9229;15.5814;16.5808;17.1672;18.0526;18.9283;19.9272;20.9262;21","15;14.483;14.879;15.5416;15.6558;15.4135;15.153;14.7116;14.9425;14.535;13.9946;14.5585;14.0137;14.1027;14.0784;14.8318;15.0078;15.556;15.5216;15.2751;15.5775;15.0945;15.0489;15.0034;15",8.4412,"0.1;0.5;0.4"
22.2043,12.4439,0.241148,"1;1.832;2.73473;3.7006;4.54531;5.08859;5.79762;6.49569;7.07235;7.42275;7.82446;8.19192;8.63707;9.54385;10.187;11.1674;12.1408;13.1331;14.105;14.3964;15.1076;15.7697;16.665;17.5489;18.2651;19.1376;19.5714;20.1281;21","15;15.5548;15.985;16.1885;16.0346;16.2423;15.8053;16.1337;15.6308;15.4522;15.6312;14.7727;14.7319;14.9825;15.0745;14.877;14.6482;14.7724;15.0075;15.0018;15.3975;15.9101;15.4646;15.9324;16.0457;15.7339;15.634;15.4064;15",9.14898,"0.1;0.55;0.35"
22.7995,11.6127,0.238282,"1;1.99999;2.88817;3.32157;4.31757;5.27656;6.16635;7.16524;8.10228;8.92022;9.81002;10.743;11.5583;12.0084;12.2285;12.9931;13.9022;14.629;15.3131;15.9252;16.6531;17.6044;18.3094;19.2998;20.2419;21","15;15.0039;15.4634;14.5622;14.4728;14.7563;14.2999;14.3471;14.6915;15.0487;15.505;15.7046;15.5772;14.6842;14.732;14.8585;14.9614;14.4331;15.1126;14.7183;14.2761;14.0595;14.7688;14.9071;15.2424;15",9.31902,"0.1;0.6;0.3"
24.0796,14.3938,0.255947,"1;1.85117;2.79383;3.7544;4.35982;4.98646;5.67175;6.56998;7.24605;8.04313;9.03768;9.16649;9.6285;9.76844;10.7683;11.6362;12.2799;13.0262;13.0498;13.7135;14.6167;15.4979;16.3774;16.9606;17.692;18.4888;18.6919;18.9277;19.8112;20.5769;21","15;15.5249;15.1911;15.4692;15.046;14.5098;14.0529;13.9289;14.6657;15.2696;15.1654;15.2433;15.653;15.848;15.8632;15.5933;16.1093;15.4436;15.4493;16.1699;15.7406;15.2679;14.7919;14.7305;14.7817;14.4106;13.6386;14.1376;14.606;15.2492;15",11.8279,"0.1;0.65;0.25"
38.8138,19.056,8.25051,"1;1.46927;2.35169;3.21148;3.53065;3.58223;4.12979;3.99953;3.49365;3.99678;4.40081;4.96616;5.79271;6.7311;7.14221;7.76061;8.73243;9.22354;9.70212;10.2236;10.7617;11.2966;10.798;11.379;12.3424;13.0785;14.0728;14.7388;15.0534;15.8708;16.7097;17.6908;18.4737;19.0624;19.8226;20.2086;20.8802;21.6864;22.4965;22.0774;22.7021;21.9635;21.2248;21","15;15.8831;16.3535;16.8642;17.8119;18.8105;19.6473;20.576;21.4088;22.1884;22.1287;22.7014;22.8292;23.1362;22.7586;22.104;21.8683;22.7394;23.6175;24.4707;23.784;23.3541;22.4945;22.3575;22.6255;23.3024;23.4089;22.9833;23.0584;22.6572;22.1129;21.9194;22.5415;21.7332;21.0835;20.161;19.4201;18.8284;18.2422;17.3342;16.5534;15.8793;15.2052;15",18.8707,"0.1;0.7;0.2"
34.5721,16.0359,6.25832,"1;1.49449;1.94819;2.77855;3.77299;4.57337;4.67417;4.49171;3.95606;4.26637;4.61361;4.87861;5.01796;5.89353;6.76564;7.33212;7.75296;8.65623;9.63213;10.4913;11.3455;12.0565;12.881;13.265;14.2211;15.0382;15.3403;15.8592;16.3195;16.7856;17.5033;18.391;18.9519;19.7831;19.9915;19.2858;19.7851;20.7809;21.3751;21.6184;21.8781;21.3803;21","15;15.7824;16.3732;16.9305;16.8251;17.4246;18.4195;19.4027;19.9334;20.7991;21.3611;21.7022;21.8582;22.0195;22.5088;22.689;22.6676;23.0966;23.1105;22.9577;22.7469;23.4501;23.0515;22.5237;22.4204;22.9969;22.6468;21.9755;22.3663;22.352;22.2795;21.9796;21.4031;21.0587;20.3515;19.6751;18.8086;18.7172;18.0861;17.2656;16.2999;15.7353;15",16.4229,"0.1;0.75;0.15"
33.019,62.1476,4.89991,"1;1.77451;2.11418;2.34414;3.29371;3.20599;4.18795;4.75245;5.43283;5.13334;5.31134;5.29751;6.23273;7.02684;7.808;8.44864;9.30201;10.1554;11.0088;11.8827;12.4124;13.223;13.9414;14.1835;15.1485;16.0159;16.0681;17.0336;17.828;18.3133;18.9359;19.5159;20.0032;20.737;20.9156;21.2281;21.4924;21.5627;21","15;15.6326;16.5731;17.5463;17.8599;18.856;19.0451;19.7327;19.7579;20.712;21.2863;22.0516;21.9278;22.3795;22.6111;22.6672;22.1459;21.6246;21.1033;21.5893;22.4375;21.852;21.9493;21.5736;21.3115;21.7207;21.7045;21.9648;21.9335;22.0744;21.5214;20.7068;19.8336;19.1542;18.1703;17.2204;16.2559;15.7508;15",53.51,"0.1;0.8;0.1"
25.7476,15.7288,0.277454,"1;1.7549;2.41048;2.75812;3.58498;4.30728;5.04754;5.6208;6.4283;6.91726;7.1666;8.10752;9.00536;9.88669;10.8207;11.7927;12.7915;13.2378;14.1025;14.4214;15.0882;15.9715;16.4869;16.5169;17.4885;18.0924;18.3355;18.5593;18.5169;19.498;20.2954;21","15;15.6558;15.3104;15.3896;15.2856;14.848;15.5078;15.3662;15.2473;15.6537;15.8813;15.5427;15.1024;15.5749;15.2176;15.4527;15.4036;15.7113;16.1805;15.6813;16.0118;15.543;14.686;13.6865;13.9231;14.6878;14.7247;15.6142;16.3299;16.1366;15.5331;15",15.9581,"0.1;0.85;0.05"
25.3836,41.4527,0.280087,"1;1.83534;2.42272;2.71335;3.43877;4.14039;5.01355;5.08959;5.90335;6.27168;7.21197;7.18954;8.08818;9.01682;9.58629;10.1902;10.565;11.4731;12.3369;13.1351;13.7641;14.2146;14.8704;15.6442;15.8872;16.8546;17.5346;17.9241;18.5593;19.2983;19.6937;20.1947;20.637;21","15;15.5497;16.359;16.5224;16.5327;16.252;16.1768;16.1973;16.4969;16.8691;16.5288;15.5954;15.1598;14.7909;14.5323;14.5809;15.1453;15.468;15.7125;15.3628;16.1329;16.6149;15.943;15.5202;14.5502;14.8035;15.2244;14.9587;14.575;15.0474;14.7542;14.3518;14.3951;15",39.8458,"0.1;0.9;0"
23.0517,30.5539,0.264084,"1;1.58262;2.45624;3.40762;4.2111;5.21101;6.20759;7.18607;8.02672;8.94749;9.90156;10.5391;11.0974;11.4513;11.3879;12.3285;13.2371;14.2053;15.1827;16.1705;17.1302;17.7289;18.7191;19.7123;19.9874;20.439;20.8249;21","15;14.6912;14.3108;14.6188;15.2141;15.2014;15.1187;15.3251;15.8667;15.4766;15.177;15.3516;15.6841;15.8183;15.9637;16.3032;16.7208;16.4706;16.259;16.4144;16.1333;16.9343;17.0744;17.1901;16.8638;16.3014;15.7519;15",3.68223,"0.15;0;0.85"
22.3271,22.6137,0.242325,"1;1.91661;2.67983;3.64482;4.49968;5.49968;6.43902;7.18782;7.84616;8.5094;9.38487;9.75399;10.5082;11.4513;12.2983;13.0283;13.532;14.0277;14.803;15.3891;16.2344;16.9944;17.5108;18.1391;18.3158;19.2548;19.5267;20.4731;21","15;15.3998;14.7536;14.4913;15.0102;15.0096;15.3526;15.7025;15.671;15.4006;15.3428;15.3622;15.1237;14.7912;15.2376;15.8943;15.8307;15.9275;16.5591;16.5265;16.6288;16.1503;15.7863;15.621;15.0493;14.7621;14.497;14.8201;15",4.67361,"0.15;0.05;0.8"
23.5567,12.2865,0.242539,"1;1.90023;2.81107;3.59291;4.41315;5.40347;5.91357;6.21967;7.05778;7.38442;8.11903;8.99074;9.54527;10.4225;11.3737;11.7552;12.4814;13.3803;14.3585;14.5424;15.3895;16.3875;17.3855;18.2705;18.9259;19.8047;20.4755;20.7894;21","15;14.5646;14.9774;14.3539;13.7819;13.9206;14.3434;14.4984;15.0439;15.0863;14.8386;15.0739;14.9087;14.582;14.743;14.5175;14.1574;14.1206;13.957;14.5756;14.6418;14.7055;14.7692;14.3036;13.5484;13.0713;13.4139;14.3633;15",4.94406,"0.15;0.1;0.75"
23.2671,34.8992,0.264984,"1;1.105;1.97434;2.67906;2.5139;3.50101;4.44723;5.4152;6.32481;7.3212;7.59342;8.23533;8.8171;9.80751;10.259;11.2349;12.2051;12.7009;13.4994;14.3336;14.5346;15.2044;16.1737;17.1666;18.1659;19.0585;20.0186;20.9336;21","15;15.3249;15.4285;16.0702;17.0419;17.1466;16.8231;17.0742;16.6587;16.5739;16.0621;16.1685;15.3551;15.217;15.2726;15.4469;15.2873;15.3893;15.7596;15.2081;15.3162;15.6996;15.4538;15.3346;15.2982;14.8472;14.5675;14.9708;15",8.91045,"0.15;0.15;0.7"
24.4064,241120,0.274764,"1;1.70894;2.27292;3.26959;4.26717;4.82128;5.81206;6.66932;7.66343;7.47625;7.91953;8.58196;9.10503;9.94685;10.6109;11.4749;12.4734;13.4417;14.4203;15.257;16.0797;16.4039;17.1217;17.5291;18.3419;19.1993;20.1115;20.6661;21","15;15.7053;16.5311;16.4496;16.38;17.2124;17.0769;16.5621;16.4537;15.4714;15.1977;15.6266;15.7649;16.0755;16.3852;15.8816;15.9357;15.6859;15.4802;14.9325;14.364;14.0408;13.7746;13.8211;13.9373;14.0767;13.6669;14.499;15",48227.8,"0.15;0.2;0.65"
23.0502,34.7223,0.247648,"1;1.98297;2.97537;3.96528;4.96355;5.77109;6.75791;7.75688;8.24112;8.8403;9.7063;10.0853;11.0158;11.1855;11.5329;12.4156;12.532;12.7856;13.3905;14.2168;14.4656;15.3161;15.9339;16.1161;17.0885;17.7286;18.0331;18.9776;19.5289;20.3533;21","15;14.8162;14.6932;14.8348;14.8936;15.4834;15.6452;15.6;15.5399;15.9882;16.4242;16.8179;16.4516;15.9333;15.5957;15.5267;15.5523;15.6384;16.0649;15.5017;14.5331;14.0071;13.6854;13.4071;13.6404;14.0222;13.9687;14.2971;14.3656;14.6041;15",12.2867,"0.15;0.25;0.6"
32.7668,414107,4.65329,"1;1.75956;2.06514;2.26797;2.93807;3.5719;4.09966;4.75134;4.8588;5.67833;6.08813;6.18892;6.85696;7.43693;8.37058;8.72161;9.58524;10.2858;11.0751;12.0617;12.5444;13.3993;14.1595;14.9248;15.6946;16.6782;17.634;18.4314;19.0131;18.7943;18.8757;18.8611;18.8569;18.9941;18.3366;18.5327;18.0115;17.9055;18.8595;19.7611;20.1575;21","15;15.6504;16.6026;16.7906;17.1431;17.1365;17.9032;18.6617;19.6559;20.2289;21.1411;21.7721;21.7805;22.1839;21.8944;21.6257;22.1298;22.4008;22.2711;22.3763;22.3683;22.03;21.8506;22.4942;21.8559;22.0365;22.1589;22.0653;21.2519;20.2762;19.5662;19.3321;19.2781;18.3149;17.754;17.2169;16.5144;15.9726;15.6728;15.6752;15.1699;15",124240,"0.15;0.3;0.55"
23.9594,19.9038,0.26359,"1;1.96376;2.80878;3.70659;4.48083;5.01213;5.43805;6.0807;6.85072;7.17923;7.64642;8.17062;8.61812;9.29705;10.2876;11.0187;11.8125;12.7852;13.7834;14.6808;15.5061;16.0922;16.5792;17.3028;17.8835;18.5109;19.0288;19.9457;20.4611;21","15;15.2668;15.2638;15.3629;15.7439;15.794;14.8954;15.6228;15.444;16.3162;16.1347;16.4471;15.5528;14.8186;14.6814;15.3637;15.9719;16.204;16.264;15.8228;16.3876;15.9336;15.8691;15.847;15.5677;15.8369;15.6139;15.6625;15.2752;15",10.692,"0.15;0.35;0.5"
25.032,28.6507,0.261304,"1;1.6912;2.05032;2.98816;3.81752;4.2487;4.41656;4.97834;5.96825;6.96479;7.58046;8.50325;9.48137;10.4211;11.3971;11.9669;12.3565;13.3218;14.0344;14.4802;15.2978;15.6749;16.1342;16.4725;17.4722;18.3033;19.1232;20.118;20.8938;20.9856;21","15;14.2773;14.6353;14.5296;14.4793;14.2984;15.2842;16.1115;16.2532;16.1701;15.3821;15.0292;14.9107;14.8722;14.9416;14.8727;14.4705;14.2996;13.6288;13.4845;13.5423;14.0923;13.9859;13.3568;13.3348;13.891;13.3185;13.217;13.848;14.8438;15",15.3327,"0.15;0.4;0.45"
23.8985,37.9173,0.269618,"1;1.99558;2.92044;3.75875;4.75789;5.7084;6.51333;7.20556;7.89549;8.2472;8.79439;9.78648;10.7277;11.4201;12.3818;13.3659;14.1751;14.4524;14.8752;15.477;15.8489;16.7929;17.751;18.7504;19.4046;20.1107;20.6428;21","15;15.0939;14.7136;15.2588;15.3003;14.9896;14.3962;15.1179;15.7484;16.1693;16.545;16.4194;16.0817;15.3601;15.0862;15.2638;15.2474;15.6875;16.5738;16.2587;16.8013;16.4712;16.7575;16.7935;16.7011;16.3133;15.8819;15",20.7554,"0.15;0.45;0.4"
22.3356,12.5873,0.233468,"1;1.91067;2.91007;3.90977;4.73671;5.73667;6.58349;7.09802;8.07344;8.94632;9.25849;10.2541;10.6958;10.982;11.9499;12.8546;12.895;13.8386;14.6389;15.0043;15.434;16.4216;17.0856;17.9456;18.7343;19.7336;20.5762;21","15;14.5869;14.5523;14.577;15.1393;15.1308;15.6626;15.0379;14.8175;14.5511;14.9208;14.8324;14.1779;14.2628;14.5141;14.2237;14.1872;13.8562;14.2276;14.2255;14.1127;14.2701;15.0178;15.2348;15.7744;15.8097;15.271;15",9.72569,"0.15;0.5;0.35"
22.8503,15.6715,0.243618,"1;2;2.99718;3.71279;4.60276;5.38316;6.28178;7.2091;8.02894;9.0039;9.61053;10.0049;10.9447;11.2446;12.1925;12.8148;13.6428;14.4088;15.1765;16.0169;16.8606;17.8014;18.6475;19.3983;19.9399;20.7748;20.9439;21","15;15;14.925;14.2265;14.0993;14.6667;15.1054;15.4797;16.0523;16.2746;15.8963;15.6301;15.8903;15.9142;16.0142;16.177;16.1327;15.4899;14.9596;14.7475;14.2107;13.8719;13.9889;13.5654;13.4632;14.0136;14.369;15",12.1199,"0.15;0.55;0.3"
32.3621,68.2081,5.60839,"1;1.95005;2.2455;2.73863;3.37547;3.93799;3.90435;4.01778;4.06622;4.48797;4.27579;4.35059;5.335;6.05583;6.87111;7.85468;8.7813;9.51398;10.2179;10.4812;11.4289;12.2423;13.144;14.0192;15.0083;15.8307;16.7528;17.7449;18.7438;19.2004;18.8011;18.733;18.4687;18.496;19.1752;19.8544;20.5336;21","15;15.3121;15.4349;15.9692;16.5619;17.3887;18.3881;19.262;19.3749;20.2816;21.2589;22.2561;22.4319;23.125;23.7041;23.5236;23.1476;23.4462;23.2191;23.0894;22.7703;22.1885;21.7561;21.2724;21.1248;21.6936;21.3065;21.4321;21.3857;20.4961;19.5793;19.4327;18.6031;17.7059;16.972;16.238;15.5041;15",47.1813,"0.15;0.6;0.25"
23.4631,21.6356,0.25801,"1;1.30104;2.09901;2.5232;3.46723;4.42735;5.42563;6.18308;7.02738;7.38402;7.72293;8.44168;9.13568;9.96463;10.5597;11.4372;11.4902;12.4855;12.6693;12.9601;13.4537;14.3472;15.3283;15.7579;16.2271;17.1462;17.7954;18.0744;18.6272;19.6233;20.5659;21","15;15.4629;15.5544;15.6566;15.6947;15.9742;15.9155;15.702;16.1721;15.6939;15.4536;15.4314;15.0273;15.4339;16.1731;16.1114;16.6105;16.5143;16.3584;15.4017;15.3616;15.4337;15.269;15.3345;15.8852;15.7525;15.9305;15.624;14.7907;14.8786;14.9931;15",17.6342,"0.15;0.65;0.2"
32.9135,29.4418,5.81335,"1;1.68552;2.32081;2.68371;2.99847;3.37621;3.7154;3.81758;4.17802;4.86762;5.51005;5.78018;6.34982;6.8178;7.67705;8.54007;9.20997;10.001;10.3975;11.2443;11.2849;12.1521;12.8672;13.1486;13.7247;14.5086;15.4537;15.9563;16.5391;17.4958;18.0656;18.0692;18.9386;19.0258;19.6568;19.2842;18.7178;18.5884;19.1915;19.4414;19.6711;20.2702;21","15;15.6484;16.1286;16.9453;17.7052;18.4581;19.283;19.8064;20.5973;21.3053;20.669;21.1925;21.8206;22.0844;21.8783;22.1975;22.5644;22.7248;23.2015;23.6388;23.6626;24.1606;24.0225;24.0768;23.2594;22.6386;22.4072;22.7852;21.9726;21.6813;21.3592;20.8621;20.4177;19.8065;19.0899;18.2467;18.0167;17.0251;16.6436;16.2936;15.6186;14.818;15",26.4183,"0.15;0.7;0.15"
22.0405,11.5902,0.235347,"1;1.95436;2.58964;3.58947;3.93755;4.73181;5.52198;6.39736;7.32671;7.71297;8.48788;9.16007;10.1595;11.0581;12.0468;12.9469;13.6151;14.5929;15.4081;16.3673;17.1996;18.1053;18.7935;19.7241;20.1782;21","15;15.2986;14.5264;14.5451;14.7528;14.6628;14.664;15.1475;15.0451;15.0573;14.9096;15.4064;15.3721;14.9333;15.0829;15.0255;14.5436;14.7532;15.3325;15.6153;16.1695;16.5934;15.8679;15.5019;15.2785;15",12.0223,"0.15;0.75;0.1"
24.8438,130829,0.261755,"1;1.44709;1.82095;2.42805;3.42675;4.41773;5.41699;6.31179;6.69137;7.27871;7.92939;8.13251;8.75734;9.74062;10.7406;11.216;12.0099;12.7968;13.7942;14.4191;15.4191;16.3931;16.7149;17.3541;18.0543;18.6915;19.0774;20.0688;20.7956;21","15;14.2678;13.4694;12.6747;12.6237;12.7577;12.7961;13.2425;13.866;13.5417;14.1316;14.7092;14.7335;14.9155;14.923;15.8028;16.4108;15.7937;15.7214;14.9407;14.9497;15.1762;15.2348;15.4527;15.0656;15.2712;16.0107;15.88;15.1932;15",104667,"0.15;0.8;0.05"
24.2917,32.595,0.263702,"1;1.87378;2.83489;3.82047;4.49317;4.82507;5.58701;6.43482;7.38356;7.91925;8.56757;8.92612;9.52041;10.494;11.4928;12.1921;12.8975;13.1428;13.7914;14.5495;14.7131;15.5645;16.5461;17.1105;17.3105;18.2894;19.0193;19.4683;19.7926;20.7142;21","15;15.4863;15.2102;15.0409;15.5478;15.7839;15.6448;15.8384;15.8607;15.7694;15.9619;16.1177;15.3135;15.085;15.0363;14.3215;13.6127;13.6293;13.1643;13.7201;14.2559;14.6851;14.8759;15.7014;16.6812;16.8857;16.2022;15.8828;15.568;15.18;15",31.3495,"0.15;0.85;0"
24.687,57.0574,0.300219,"1;1.46118;2.13151;3.0713;4.0508;4.93296;5.92319;6.71989;7.49703;8.3572;9.25833;10.2431;10.4593;11.3506;12.0745;12.9685;13.7699;14.6509;15.6494;16.3342;17.3055;18.0625;18.6609;19.1046;19.6202;20.6128;21.3405;21.1011;21","15;15.8873;16.6294;16.9711;17.1726;16.7016;16.8411;16.2367;16.866;16.356;15.9225;16.0964;16.1384;15.7404;16.3648;16.1445;15.929;16.402;16.3465;16.4986;16.2933;16.3723;16.5711;17.0665;17.0319;17.1539;16.4681;15.8043;15",5.17758,"0.2;0;0.8"
22.5079,24.9007,0.231339,"1;1.96929;2.42491;2.92375;3.45775;4.14902;4.95227;5.86622;6.58168;7.35922;8.23741;9.2137;9.89483;10.8947;11.8287;12.594;13.5778;13.723;14.5045;15.474;16.2248;17.2131;18.1169;18.904;19.8375;20.5203;21","15;15.2459;14.5546;13.9485;13.8039;14.4315;14.3392;14.0101;13.9274;13.9081;14.3223;14.1058;14.838;14.8526;14.4952;13.8515;13.8245;13.4286;13.3586;13.6036;14.2642;14.4165;14.5519;14.8611;15.1959;14.9306;15",5.92011,"0.2;0.05;0.75"
24.3119,36.1347,0.271579,"1;1.9981;2.54414;3.12001;4.1092;5.06358;5.8136;6.8069;7.00691;7.76763;8.76228;9.30828;10.0656;10.9851;11.8804;12.6976;13.4378;14.4368;15.4157;16.1197;16.5297;17.3722;18.3104;19.3092;20.2728;20.7456;21","15;14.9384;15.7762;16.5937;16.7404;16.7493;16.7677;16.6521;16.2675;16.3747;16.2713;15.4335;14.7805;14.3875;14.8331;14.2568;13.5843;13.6288;13.8333;14.5434;15.4555;15.9942;16.3403;16.3884;16.2252;15.5235;15",8.66595,"0.2;0.1;0.7"
33.9405,38.6564,7.37556,"1;1.99214;2.77023;3.33389;3.26758;4.26225;4.77332;4.55183;4.12116;4.06208;4.54801;5.17757;5.47269;5.90326;6.90245;7.83634;8.77145;9.54053;10.4179;11.2865;11.832;12.5662;13.1017;14.0603;15.0593;16.0254;16.5636;17.3464;17.5285;18.4967;19.3536;19.3961;18.9845;19.1094;19.1241;19.4264;19.8724;20.2912;20.6836;21","15;15.1252;15.7533;16.5793;17.5771;17.6802;18.5397;19.5149;19.9511;20.656;21.53;22.307;23.2625;24.165;24.2052;23.8476;24.2019;24.8411;24.3613;24.4016;23.9415;23.5859;23.1903;23.0027;23.0477;22.7896;21.9468;21.8502;21.6843;21.4339;21.0152;20.9968;20.0854;19.2305;18.9328;18.1577;17.2627;16.442;15.9342;15",17.3807,"0.2;0.15;0.65"
22.179,13.9454,0.237453,"1;1.78797;2.59053;3.5846;4.57764;5.45121;6.4292;7.42729;8.42198;9.39645;10.3927;10.7859;11.2381;12.211;12.7308;13.466;13.6876;14.174;15.1553;16.1309;17.0051;17.9913;18.9796;19.748;20.7479;21","15;14.3843;14.9808;15.0896;15.2074;15.6941;15.9027;15.8409;15.738;15.9626;16.0489;15.7059;15.5148;15.7462;16.2008;15.7105;15.4083;14.554;14.5948;14.8144;14.3289;14.4946;14.3423;14.9823;14.9964;15",7.36735,"0.2;0.2;0.6"
24.4191,53.5117,0.255756,"1;1.82018;2.72433;3.72326;4.47497;5.26115;6.26094;7.26073;8.16836;8.85223;9.27546;10.0268;10.267;11.2372;12.222;12.7219;13.0591;13.5423;13.7744;14.0969;15.0634;14.894;15.5662;16.244;16.8839;17.2382;17.958;18.9002;19.5286;20.1947;21","15;15.4218;15.8458;15.7995;15.8658;15.3248;15.3042;15.2836;14.8638;14.1915;13.3866;13.5276;13.5163;13.2741;13.4482;13.7741;13.9197;14.0218;13.9381;13.1667;13.4234;14.4089;15.0081;14.9358;15.2373;15.6831;14.9889;14.6538;15.3605;15.408;15",18.4024,"0.2;0.25;0.55"
23.4058,16.0603,0.255392,"1;1.87403;2.8136;3.81257;4.80965;5.6009;6.60077;7.26989;7.89265;8.25054;9.11395;9.61083;10.2807;11.1609;11.4866;12.4331;13.2175;13.8558;14.7553;14.947;15.3658;16.2417;16.7562;17.464;17.935;18.2581;19.0111;20.011;20.3205;21","15;15.4859;15.8282;15.7827;15.8591;15.2476;15.2315;15.9747;15.9202;16.1705;15.666;15.4445;15.254;15.0132;14.6589;14.3363;14.9566;15.5091;15.6866;15.8716;16.4785;16.05;16.0165;15.4354;16.2217;16.12;15.4619;15.4514;14.9367;15",9.62694,"0.2;0.3;0.5"
22.361,12.214,0.241241,"1;1.9954;2.96691;3.71397;4.65805;5.25516;5.94932;6.59772;7.43083;8.29976;9.2996;10.0257;10.9308;11.3327;12.1971;12.8079;13.5836;14.0355;14.8604;15.6439;16.4859;17.1571;17.9926;18.9561;19.8373;20.164;20.7959;21","15;14.9042;15.1412;15.8059;15.4762;15.4832;15.4628;15.2861;14.733;15.2279;15.2099;15.5866;15.8427;15.9217;16.0333;15.8447;15.985;15.1002;14.7552;14.9746;15.3091;15.7989;15.5932;15.5068;15.7505;16.0252;15.2502;15",8.85566,"0.2;0.35;0.45"
23.0778,31.8599,0.255361,"1;1.96214;2.72477;3.72476;4.71848;5.46462;6.22325;7.21049;7.92304;8.11422;8.93518;9.51355;10.4319;10.8041;11.7949;12.3621;12.6724;13.4176;14.2317;14.9922;15.3991;16.3105;17.0404;17.6604;18.5074;18.9245;19.8905;20.6845;21","15;14.7274;15.3743;15.3702;15.307;15.6334;15.5358;15.3766;15.8868;16.2196;16.7906;16.0561;15.8328;16.1916;16.0563;16.3193;16.5892;16.6128;16.0321;15.4048;15.554;15.1426;14.7781;15.5513;15.8349;15.5561;15.2973;14.6895;15",17.4617,"0.2;0.4;0.4"
22.5626,11.7241,0.243622,"1;1.50924;2.33215;2.8898;3.64653;4.49631;5.08926;5.82736;6.25645;7.1782;7.35213;8.26269;9.12267;10.0394;11.0394;11.744;12.4346;13.3839;14.2005;14.8478;15.8471;16.6893;17.2786;18.1989;18.8731;19.873;20.7301;21","15;15.8606;16.3525;16.3067;15.7618;15.8706;15.7111;15.6605;15.6754;15.4607;15.2016;15.3798;15.035;15.0639;15.0581;15.6201;15.4111;15.0966;14.5262;14.7785;14.8145;15.3536;16.1616;15.7705;15.032;15.0169;14.9817;15",9.87366,"0.2;0.45;0.35"
23.5448,19.1348,0.244822,"1;1.32157;2.12166;2.644;3.27473;4.24015;4.57114;4.86372;5.66319;5.82921;6.6653;7.49596;7.79717;8.7942;9.57745;10.5643;11.3356;12.0009;12.7387;13.6405;14.6185;15.3702;16.1928;17.1131;17.1655;18.1459;18.8933;19.8368;20.7803;21","15;14.8971;14.3878;13.98;13.2798;13.5405;14.0284;14.3222;14.699;14.7474;15.0816;15.0668;16.0204;15.9433;15.3216;15.4831;14.8466;14.1;13.8399;13.4308;13.6394;14.2989;14.8675;14.4762;14.3683;14.3716;14.26;14.5914;14.9228;15",14.3498,"0.2;0.5;0.3"
22.7574,31.7719,0.247359,"1;1.79572;2.35349;3.25766;4.24914;5.18765;6.14179;6.7364;7.73451;8.34787;8.90666;9.57334;10.1741;10.5026;11.1278;11.8287;12.3084;12.906;13.4112;13.8409;14.6192;15.4333;16.422;17.4075;18.3108;19.2539;20.1486;21","15;15.6057;15.8939;15.7388;15.8691;16.2144;16.5118;16.7111;16.6497;16.4953;15.803;15.5928;15.0124;15.0191;14.5593;13.9298;14.7174;14.419;14.0868;13.9868;14.6147;15.1955;15.3451;15.1751;14.7462;14.4137;14.7807;15",22.0879,"0.2;0.55;0.25"
22.883,17.3551,0.242012,"1;1.99703;2.81372;3.78064;4.69923;5.68845;6.68492;7.18205;7.93947;8.88622;9.60521;9.38987;10.162;10.9106;11.401;11.6466;12.6089;13.5393;14.4302;15.3901;16.2401;16.8419;17.8418;18.8161;19.3532;20.2596;21","15;14.923;14.8942;14.8233;14.4281;14.5745;14.4906;14.5253;14.5572;14.6572;15.3302;16.2826;16.6375;15.9745;15.4684;15.2975;15.5697;15.203;15.0086;14.7426;14.8239;14.0805;14.0945;14.3018;14.2325;14.655;15",15.0381,"0.2;0.6;0.2"
23.6271,18.4094,0.26106,"1;1.53453;1.99002;2.98313;3.97438;4.81817;5.08054;6.06346;6.64;7.39995;7.65936;8.13433;8.83993;9.33905;9.93379;10.8683;11.5371;12.0627;12.7288;13.5563;14.2861;15.11;15.9475;16.8113;17.6627;18.6336;19.6133;20.0376;21","15;15.7788;16.5381;16.6553;16.5234;15.9867;15.713;15.7155;16.0049;16.0628;15.3026;14.9736;14.7599;15.0118;15.628;15.272;15.1984;15.553;15.4138;15.9752;16.6589;16.0922;15.5457;15.042;14.5174;14.7566;14.9572;15.2461;15",16.7307,"0.2;0.65;0.15"
23.8336,17.011,0.256776,"1;1.99855;2.47784;3.07072;3.73826;4.45571;5.27431;6.18664;6.60155;7.33027;8.16565;8.72799;9.54127;9.86932;10.2208;10.4054;11.1988;11.5125;11.7383;12.1372;13.0407;13.8285;14.1912;14.6069;14.7422;15.6153;15.8216;16.5336;16.8931;17.4475;18.4186;19.1372;19.3908;20.2615;21","15;14.9462;14.6191;15.1721;15.2295;14.7626;15.337;14.9769;14.9656;15.4268;15.7099;15.257;15.7486;15.9546;16.3304;16.6017;16.1198;15.6601;15.1303;14.6247;14.1962;14.4261;15.1462;15.4859;15.5757;15.7292;15.6516;16.1252;15.6945;15.7193;15.4808;15.6393;15.7152;15.2678;15",16.7001,"0.2;0.7;0.1"
22.7668,30.4343,0.255523,"1;1.93723;2.92901;3.91647;4.51914;5.28117;5.91175;6.21557;7.07627;7.76367;8.57153;9.57121;10.1986;11.1379;11.9619;12.7549;13.753;14.4289;14.6662;15.5276;16.1275;16.5996;17.176;17.8867;18.229;18.9711;19.824;20.5684;21","15;15.3487;15.2208;15.0629;15.8609;15.498;15.8157;16.3052;16.3828;15.8852;15.4017;15.4271;16.2058;15.8625;16.429;15.8198;15.7585;16.2348;16.472;16.5233;16.6863;16.4839;16.2607;15.7617;15.8919;15.8436;15.6775;15.1978;15",27.3919,"0.2;0.75;0.05"
25.3416,25.3812,0.27297,"1;1.99389;2.90305;3.15551;3.82276;4.46391;5.45891;5.88565;6.40735;7.33079;7.66475;8.05363;8.2509;9.10665;9.58606;10.1589;10.8133;11.7928;12.3329;12.2806;11.9298;12.6221;13.141;13.7816;14.6186;15.4939;16.0008;16.6392;17.5935;18.2758;19.2163;20.1026;20.4547;21","15;14.8897;14.4732;14.2135;13.6006;13.3393;13.2395;13.5034;13.5564;13.9402;14.6511;15.1519;15.6194;16.1368;15.8827;15.1865;14.8943;14.6931;14.8731;15.7617;16.0388;16.4665;16.4605;16.3802;16.1037;16.071;15.246;15.1917;15.393;15.7876;15.6938;15.9761;15.8359;15",25.3733,"0.2;0.8;0"
22.7811,11.143,0.235717,"1;1.86502;2.86159;3.84474;4.7814;5.686;6.64629;7.63721;8.36052;9.34122;10.3395;11.2402;12.1546;13.0438;13.9465;14.7934;15.6893;16.4958;16.7246;17.4113;17.9462;18.5075;19.0043;19.7867;20.1655;20.7745;21","15;14.4983;14.581;14.3982;14.7485;15.1747;14.8957;15.0301;14.3396;14.5351;14.5937;15.0282;14.6236;14.1659;14.5962;15.1279;15.1227;15.152;14.9858;14.2589;13.9753;13.6114;14.1901;13.6715;13.9131;14.7063;15",5.87207,"0.25;0;0.75"
23.2208,63.5875,0.242814,"1;1.62852;2.55225;3.37247;4.36956;5.02346;5.9718;6.6079;6.67887;7.67035;8.57478;8.9571;9.6045;10.0518;10.6496;11.6395;12.0536;12.0329;13.0175;13.9034;14.6715;15.4753;16.0732;16.6552;17.5588;18.0459;18.9055;19.8852;20.4481;21","15;15.7778;15.3948;14.8227;14.899;14.1424;13.8251;13.7363;13.118;13.2483;13.5419;13.3516;13.6484;14.1503;14.7628;14.8917;14.713;14.6116;14.4368;14.9008;15.5411;15.43;15.2352;15.2279;15.2232;15.7594;15.5508;15.3506;14.9426;15",9.15455,"0.25;0.05;0.7"
32.8527,24.0031,5.21762,"1;1.27716;2.03775;2.86412;3.73637;3.93201;4.39439;4.85368;5.15148;5.7057;6.64745;6.81873;7.76962;8.38202;9.17527;10.0476;10.8317;11.6915;12.6735;13.4196;14.1215;15.0974;15.8698;16.8695;17.8454;18.4541;19.2193;19.7839;20.4991;21.3514;21.5553;21.9602;21.7341;22.3338;22.239;21.7968;21.3922;21","15;15.9608;16.6101;17.1732;17.6622;18.6429;19.5296;20.0055;20.7848;21.6172;21.9008;21.8885;21.947;22.1752;22.7841;22.5377;23.1318;22.6211;22.4325;21.7666;22.4788;22.2604;21.6253;21.6014;21.82;21.0266;20.91;21.0445;21.1844;20.6613;19.9659;19.1367;18.1626;17.3624;16.3669;16.2983;15.7438;15",14.0049,"0.25;0.1;0.65"
23.5559,91.6655,0.278052,"1;1.09369;2.01557;2.97666;3.82138;4.58801;5.30289;5.42629;6.2947;7.28785;8.25033;9.04749;9.97591;10.6139;11.5378;12.4731;13.2277;14.0364;15.0229;15.7945;16.1436;17.0239;18.0225;19.0223;19.8039;20.1993;21","15;15.9956;16.293;16.5433;17.0785;17.7206;17.0213;16.5939;16.8936;16.7768;16.5054;15.9017;16.2046;16.1154;15.7328;16.0868;16.743;16.1547;15.9911;15.4251;14.9987;14.5242;14.5756;14.5977;14.486;14.5734;15",19.8056,"0.25;0.15;0.6"
22.6766,18.252,0.252956,"1;1.8202;2.79055;3.60369;4.56424;5.52055;6.25274;7.02896;7.70706;8.6111;9.61109;10.5602;11.5599;12.3951;13.2957;13.9153;14.049;15.0279;16.0068;16.4556;16.9857;17.3013;17.4957;18.3962;19.3285;20.0145;21.0113;21","15;15.5721;15.8138;16.3959;16.2011;15.9967;16.0417;15.8069;15.3741;14.9467;14.951;15.2658;15.2404;15.7904;15.7907;16.1147;16.4518;16.2473;16.0429;15.7908;15.8384;15.9543;16.6986;16.2637;15.9021;15.1745;15.2545;15",9.45868,"0.25;0.2;0.55"
22.1793,15.8407,0.238066,"1;1.99741;2.96931;3.84389;4.74323;5.62647;6.38945;7.38125;8.10354;8.89342;9.18114;10.0329;10.892;11.4116;12.4045;13.2285;14.1603;15.103;16.0052;16.801;17.0322;17.8077;18.7738;19.5689;20.4501;20.6304;21","15;15.072;15.3074;14.8225;15.2597;15.7287;16.3751;16.2997;16.0681;16.1876;16.2431;15.7191;15.2183;15.4362;15.5555;14.989;14.626;14.2922;14.7236;15.3291;15.1733;14.8494;14.5913;14.1533;14.5043;14.8723;15",9.62404,"0.25;0.25;0.5"
24.8526,21.346,0.262928,"1;1.66601;2.47848;3.47826;4.47793;5.20868;6.15516;6.8786;7.30571;8.25549;8.49134;9.07954;9.92049;10.9201;11.9167;12.6157;13.3627;13.9152;14.3594;14.4912;14.6747;15.5429;16.5259;16.7903;17.1239;17.9418;18.1791;18.3096;19.1216;20.1031;20.9742;21","15;14.9613;15.4277;15.4491;15.4235;14.7408;14.4297;14.1464;13.9055;14.2185;14.389;14.785;15.3261;15.2967;15.3789;15.6902;16.1231;15.9572;16.0424;15.0511;14.0681;13.5719;13.3879;13.7848;13.8539;14.306;14.7348;15.5886;15.7003;15.8918;15.4007;15",12.7353,"0.25;0.3;0.45"
23.8538,15.9787,0.255188,"1;1.71695;2.46827;3.18758;4.09908;4.85174;5.10972;5.99606;6.94866;7.24171;7.48272;8.0658;8.62927;8.935;9.45666;10.3148;11.0499;11.8349;12.48;13.2094;14.1803;15.1713;15.9218;16.9214;17.8463;18.5303;19.5107;20.4624;21","15;14.9014;15.5309;15.8026;15.9794;15.9505;15.999;16.4621;16.1578;15.277;14.5121;14.4453;14.5367;15.3648;15.7916;15.8083;15.5449;15.7651;15.001;14.3168;14.0774;14.2115;14.8724;14.8975;15.0253;14.8019;14.6047;14.2977;15",11.6581,"0.25;0.35;0.4"
25.006,35.8868,0.269524,"1;1.04095;1.99638;2.89699;3.87192;4.56019;5.32186;6.32076;7.31223;8.2792;9.27915;9.68852;10.0823;10.9534;11.9175;12.8874;13.6978;14.6919;15.6148;16.1574;16.492;17.4919;18.4012;19.2097;19.9039;20.2702;21","15;15.9992;16.2944;15.8597;15.6372;14.9118;14.2638;14.3107;14.1804;14.4352;14.4251;15.3374;16.2566;16.7477;16.4822;16.2385;15.6526;15.5441;15.1592;14.3191;13.3768;13.3943;13.8105;14.2188;14.3831;14.9237;15",20.7005,"0.25;0.4;0.35"
24.088,15.7448,0.252941,"1;1.99487;2.9536;3.8908;4.65003;5.43424;5.52792;6.19943;6.76639;7.23865;7.909;8.8989;9.48373;10.1145;10.5121;11.1741;11.5441;12.1888;13.1457;13.6111;14.3477;15.1642;15.9116;16.6771;17.5668;18.5307;19.3194;19.8803;20.72;20.9531;21","15;15.1011;15.3855;15.0367;15.6875;15.4741;15.0501;14.6088;14.3465;13.8665;13.6231;13.7649;14.5196;14.9007;15.2189;14.9045;14.5628;13.7984;14.089;14.6452;14.5888;14.8342;14.5198;15.0167;15.212;15.2439;15.6926;15.6252;16.1681;15.1957;15",13.183,"0.25;0.45;0.3"
26.9399,30.9153,0.306228,"1;1.18528;2.1661;2.98081;3.69397;4.6828;5.07032;5.81349;6.7981;7.58677;8.18394;8.39643;8.57716;9.45441;10.0976;10.1382;11.078;11.4591;12.0599;12.8168;13.1441;14.0984;14.1975;15.0029;15.2729;15.8327;16.3052;16.9344;17.439;18.2225;19.0096;20.0095;20.9814;20.9959;21","15;15.9827;16.1776;16.6172;16.4959;16.645;15.9685;15.4173;15.2425;14.6277;15.2642;16.1027;16.5238;16.0437;15.9121;16.7734;16.4319;16.2645;16.2423;15.738;14.9574;14.717;14.9328;15.3109;15.9702;16.0256;16.1067;16.1416;15.9736;15.8904;16.5072;16.5177;16.2821;15.2822;15",22.2692,"0.25;0.5;0.25"
24.0493,13.6394,0.256422,"1;1.7197;2.69457;3.69444;4.47601;5.30584;5.88581;6.79221;7.77667;8.70559;9.40513;10.1606;10.8472;11.4217;11.6059;11.9217;12.6384;13.127;13.6364;14.4744;15.3376;15.5769;16.5749;16.7009;16.905;17.2357;17.6693;18.5648;19.4713;20.185;21","15;15.6943;15.4715;15.4873;16.1111;15.5531;14.9919;14.7005;14.5249;14.8952;14.9316;14.5317;14.0671;14.4141;15.3574;15.9362;15.6281;15.5577;15.5641;15.2882;15.7068;16.0298;16.094;15.6643;14.8869;14.7176;14.8617;14.4166;14.592;14.8242;15",13.5653,"0.25;0.55;0.2"
24.2259,26.2496,0.270408,"1;1.35341;1.90996;2.62229;3.50783;4.4896;5.42981;6.42369;6.69896;7.41756;8.40381;9.27755;9.80979;10.3157;11.0371;11.8851;12.074;12.7986;12.8438;13.4991;14.2631;14.6162;15.6118;16.2799;16.7577;17.5634;18.5555;19.1179;19.695;20.4126;21","15;15.1541;15.4147;16.1165;16.5811;16.391;16.7316;16.6211;15.97;16.5106;16.3453;15.8648;15.4039;14.8085;14.1609;14.4712;15.0058;15.0059;15.7536;15.975;15.7866;15.8056;15.7117;15.1559;15.2244;15.3209;15.3768;16.2037;15.8064;15.3741;15",21.8468,"0.25;0.6;0.15"
23.0296,47.0328,0.249342,"1;1.99988;2.74872;3.0526;4.04445;4.63167;5.42413;6.06036;7.01573;7.73356;8.38;9.19783;9.61504;10.1429;11.1317;12.1172;13.0824;13.269;14.226;15.1173;16.0551;17.0136;17.0555;17.9895;18.7865;18.9199;19.8793;20.3118;21","15;14.9844;14.4211;14.0393;13.9119;14.2948;14.5838;15.2504;15.1265;15.284;15.0769;15.6353;15.9981;16.8474;16.6981;16.5285;16.267;15.3023;15.1212;14.873;15.0674;15.3455;15.3685;15.0555;14.4577;14.388;14.6702;14.9411;15",36.3537,"0.25;0.65;0.1"
26.5312,252243,0.324035,"1;1.52006;1.99027;2.92767;3.9231;4.73328;5.44464;5.63417;6.4011;7.00037;7.58097;7.8159;8.81026;8.81549;9.06943;9.84082;10.524;11.2716;12.2579;12.9874;13.9215;14.34;15.2461;15.9619;16.8717;17.4903;18.4604;19.4376;20.2792;21.089;21.0215;21.4431;21","15;14.9332;14.8608;14.5126;14.6081;15.1943;15.8971;15.7203;15.6053;15.145;15.9299;16.8243;16.7182;16.1918;15.3193;15.7395;15.8914;15.8478;15.728;15.6528;15.8434;15.8503;16.0617;16.3932;16.8082;17.5939;17.8367;18.0489;17.5087;16.9983;16.2426;15.8878;15",176577,"0.25;0.7;0.05"
22.945,43.5697,0.259939,"1;1.98648;2.98645;3.8761;4.80931;5.80076;6.71961;6.99018;7.33014;7.98925;8.31134;9.20632;9.96087;10.7537;11.5926;12.2701;12.3389;13.3368;14.3145;15.1489;16.1324;16.7343;17.1788;17.6505;18.6007;19.3536;20.07;20.981;21","15;14.8361;14.8448;15.3014;15.6607;15.5303;15.1357;15.0816;15.0151;15.3965;15.5068;15.9329;15.8525;16.4619;15.9176;16.0899;16.5832;16.6478;16.4376;15.8864;16.0673;16.8659;16.2709;16.4651;16.7767;16.1185;15.4208;15.0086;15",38.4135,"0.25;0.75;0"
24.0407,32.8876,0.270422,"1;1.89005;2.65652;2.91171;3.327;4.03816;5.02561;5.96161;6.40178;7.32173;8.05396;8.69893;9.25798;9.78579;10.7309;11.7179;12.7161;13.5809;14.5272;15.5218;16.4823;17.2137;18.1961;19.1394;19.9406;20.7453;21","15;15.4559;15.4686;15.8642;16.3948;15.6917;15.5338;15.1818;14.2839;14.676;14.3141;15.0506;15.8798;16.7291;16.4024;16.5633;16.5042;16.002;15.6787;15.5744;15.8527;16.5346;16.7217;16.3899;15.7914;15.2885;15",7.40151,"0.3;0;0.7"
21.4947,40.7126,0.222628,"1;1.95509;2.51618;3.08608;3.64232;4.62743;5.38812;6.35522;7.25272;8.2425;9.06243;9.92783;10.8037;11.5963;12.205;13.1955;14.0578;15.011;16.011;16.726;17.4011;18.3288;19.294;20.2591;21","15;14.7037;14.404;14.0535;13.8589;14.0308;14.5468;14.7738;14.3328;14.1902;13.6178;13.1167;13.5993;13.7069;13.9829;14.12;14.6264;14.9286;14.9403;15.1935;15.3509;15.7243;15.4626;15.2009;15",8.62876,"0.3;0.05;0.65"
22.0039,31.6946,0.254117,"1;1.636;2.60209;3.31806;3.75174;4.66758;5.62483;6.39975;7.29271;7.90741;8.68056;9.15265;9.94238;10.9355;11.9285;12.9216;13.8131;14.7729;15.5917;16.5456;17.5206;18.3459;19.2628;20.262;21","15;15.7717;16.0299;16.2279;16.7496;17.0076;16.7183;16.0863;15.8089;15.5987;15.7558;15.6941;16.3075;16.1901;16.0727;15.9552;16.4083;16.1275;16.7016;16.4015;16.1794;15.6146;15.2157;15.2566;15",9.92309,"0.3;0.1;0.6"
25.3897,27.9027,0.267158,"1;2;2.9424;3.8449;4.5279;5.10306;5.59858;6.16436;6.8099;7.41643;8.23075;8.48972;9.27202;10.1213;11.1035;11.9866;12.5937;12.4983;13.4493;14.3184;14.7139;15.1592;15.7722;16.3414;17.2937;18.265;18.9682;19.966;20.8923;21","15;15;15.3345;15.6213;15.3237;14.6905;13.8373;14.2307;14.207;13.7765;13.6167;13.598;14.2209;14.7489;14.9364;15.4057;14.6111;13.6156;13.3065;13.8012;14.7196;15.1616;15.5695;16.3871;16.0819;15.8442;15.1332;15.0678;14.6909;15",11.9492,"0.3;0.15;0.55"
33.6279,40.9327,4.69677,"1;1.11219;1.46309;2.44387;3.08865;3.73802;3.98734;4.49567;4.97744;5.03564;5.4221;4.96203;5.71079;6.70941;7.49008;7.70286;8.62929;9.49153;10.05;10.3084;11.1669;12.0748;12.845;13.8443;14.6796;14.8234;15.579;16.3853;17.1375;17.9473;17.6747;18.1454;18.9897;18.574;19.3307;20.0491;20.6565;21.3545;21.5692;21.5717;21.1651;21.612;21","15;15.9937;16.9301;17.1252;17.4225;17.7288;18.0325;18.4813;18.9327;19.9119;20.2082;21.0961;21.7589;21.8114;21.9046;21.6971;21.3206;21.781;21.9482;21.9949;22.5078;22.0886;21.4508;21.4141;21.8156;21.6178;22.2728;22.7891;22.4009;22.1474;21.4592;20.8381;20.6155;19.7135;19.0596;18.9366;18.3433;17.6272;17.1816;16.515;16.0121;15.366;15",20.6233,"0.3;0.2;0.5"
33.4114,18.5399,7.09748,"1;1.3949;2.29605;3.23821;3.88152;3.93921;4.08522;4.30382;4.36207;4.75007;4.9841;5.51564;5.48173;5.94858;6.82004;7.81698;8.71261;9.48655;10.2685;11.0504;11.9888;12.715;13.7149;14.6854;15.5313;16.2871;16.8763;17.6339;18.6338;18.9297;19.705;19.8961;20.1088;20.2869;20.3105;20.6099;20.4788;20.4397;21","15;15.9187;16.3522;16.6874;17.453;17.9548;18.9218;19.2039;20.0397;20.9614;21.3522;22.1934;22.5376;23.4219;23.9124;23.9906;23.5458;24.179;23.5556;22.9323;22.5869;21.8993;21.9067;22.1477;22.6812;22.8707;23.3087;22.6561;22.6393;21.6841;21.0525;20.071;19.0939;18.8151;17.8973;17.388;16.5719;15.7572;15",17.8523,"0.3;0.25;0.45"
23.5142,31.6912,0.25358,"1;1.87552;2.5974;2.83275;3.66373;4.64331;5.62178;6.59623;7.08705;7.55957;7.78189;8.44323;9.40449;10.2709;11.1708;12.0121;12.4312;12.7672;13.7635;14.1324;14.7555;15.3956;15.9817;16.9788;17.9411;18.8744;19.0851;19.9447;20.8105;21","15;15.3342;15.885;16.4928;16.5969;16.3958;16.1894;16.414;15.9494;16.1458;15.1708;14.6714;14.6275;14.1282;13.6921;13.1514;13.6367;14.288;14.3742;14.4395;14.5007;14.7444;15.3836;15.3073;15.149;15.2948;15.1604;14.6837;15.0245;15",16.6631,"0.3;0.3;0.4"
34.9668,138669,6.74626,"1;1.66825;2.29395;2.99357;3.75457;3.92533;4.3217;4.22487;4.55424;5.17173;5.75949;5.61185;6.52856;6.95106;7.62035;8.51541;9.48694;10.2771;11.2356;11.7552;12.3309;12.5449;13.5417;14.3981;14.9768;15.8249;16.7933;17.767;18.4644;19.4584;19.7558;20.4571;21.2217;22.0285;22.7854;22.1954;21.932;21.357;20.9917;20.9058;21","15;15.7439;16.0885;16.1303;16.6751;17.6551;18.5663;19.264;19.7176;19.6887;19.9254;20.9145;21.314;21.8114;21.5154;21.1709;21.4079;22.0207;22.3059;22.7664;23.1901;23.6396;23.56;23.9861;23.5687;24.0984;23.8491;24.077;23.3604;23.251;22.2963;21.5834;20.9388;20.3481;19.6945;18.8872;17.9225;17.1043;16.1734;15.3589;15",48547,"0.3;0.35;0.35"
24.4415,47.8106,0.261155,"1;1.16438;1.30617;2.20724;3.15187;4.0791;4.44177;5.18678;5.70073;6.29457;6.89605;7.5588;8.4888;8.97449;9.12233;9.95813;10.8639;11.8624;12.8624;13.5993;14.2767;15.2696;15.9857;16.9214;17.416;18.2472;18.2026;18.9257;19.8028;20.5131;21","15;14.6094;14.048;13.6143;13.2862;12.9117;13.0884;13.4264;14.1831;14.143;13.6904;14.4392;14.6182;14.0991;13.8599;14.4089;14.8327;14.8867;14.8991;15.5751;16.3107;16.1923;16.8903;16.5376;16.3455;16.1954;15.5918;15.056;14.785;14.9305;15",26.5351,"0.3;0.4;0.3"
22.9362,10.9935,0.243721,"1;2;2.73764;3.67708;4.65649;5.63309;5.75361;6.49865;7.49862;8.38276;8.94808;9.94706;10.7966;11.5314;12.1374;12.3508;13.0377;13.9067;14.3915;14.4332;15.4134;16.3571;17.3568;18.2657;18.9212;19.8742;20.7716;21","15;15;15.6752;16.0179;15.816;15.601;15.5177;15.1002;15.0933;15.5605;14.7356;14.6904;15.2178;15.8119;15.2182;14.9518;14.6222;14.5087;15.1319;15.0207;15.2186;14.8878;14.912;14.4951;15.2503;15.5534;15.1123;15",11.8889,"0.3;0.45;0.25"
23.1825,29.4031,0.240981,"1;1.82875;2.82873;3.69549;4.64276;5.64042;6.6404;7.58583;8.54741;8.95465;9.65328;9.95182;10.2833;11.2703;12.225;13.1155;13.2225;13.8746;14.871;15.6238;16.49;17.2459;18.19;19.1617;19.7894;20.4972;20.9331;21","15;15.5596;15.5668;15.0681;14.7476;14.8161;14.8221;14.4962;14.2217;14.0438;13.7242;13.9034;13.2503;13.4114;13.7088;13.7033;13.6383;14.3964;14.4808;14.8534;14.6982;15.353;15.6827;15.4466;14.6681;13.9617;14.8617;15",21.7045,"0.3;0.5;0.2"
36.6862,44.2205,8.57496,"1;1.23366;1.45629;1.55845;2.43739;3.38323;4.13544;4.30087;4.63164;5.44564;5.73052;4.83259;5.08428;4.69095;5.119;5.88543;6.74371;7.74004;8.72717;9.61016;10.5747;11.4604;12.326;13.3167;13.6774;14.3147;14.7337;15.4959;15.7685;15.8034;16.8003;17.561;18.4472;18.67;18.8871;19.1591;19.3547;20.1219;20.852;20.843;21.2357;21.3377;21.8228;21.9513;21.7187;21.2782;21","15;15.9723;16.3182;16.9181;17.395;17.7197;18.0195;18.2909;18.7861;19.1396;20.0981;20.5294;20.997;21.8067;22.7105;23.3528;23.866;23.7804;23.6205;24.0899;24.3539;23.8897;23.3889;23.5245;23.4386;23.4608;24.0345;24.1264;24.5014;24.7209;24.6423;23.9932;23.5298;22.9884;22.2502;21.7157;21.1617;20.5627;20.5171;19.5299;19.1243;18.4149;18.2083;17.4374;16.4649;15.5671;15",36.6134,"0.3;0.55;0.15"
21.7087,11.2366,0.230818,"1;1.98923;2.77465;3.742;4.74196;5.31117;6.2862;7.04244;7.29263;8.29205;9.01994;9.99861;10.6506;11.4689;12.4407;13.4382;14.0522;15.0425;15.9273;16.9266;17.9266;18.7464;19.662;20.6508;21","15;15.1464;14.5274;14.7809;14.7904;15.0274;14.8084;15.1232;15.4768;15.5107;15.875;15.8107;15.4103;15.8468;15.611;15.5398;14.7505;14.6121;15.0782;15.042;15.0317;15.6043;15.2022;15.0528;15",13.2776,"0.3;0.6;0.1"
26.1478,31.7657,0.290281,"1;1.95511;2.7731;3.50517;4.28313;4.87133;5.74265;6.41181;6.63269;7.15637;7.50321;7.66754;8.66167;9.35893;9.61647;10.4197;11.1813;11.2082;12.049;12.5803;13.5668;14.5337;15.3017;15.7141;16.6311;17.2275;18.1789;18.991;19.7027;20.7024;21","15;14.7038;15.1874;15.6949;16.3206;16.8635;16.6061;16.0999;15.4697;15.3644;15.9431;16.4519;16.3436;15.8102;16.0464;16.642;15.9939;14.9943;14.453;13.6058;13.7691;14.0246;14.665;15.576;15.9747;16.567;16.3182;15.7346;15.0322;15.0074;15",28.5065,"0.3;0.65;0.05"
44.5839,17.7786,9.1293,"1;1.63651;2.32115;2.92654;2.96724;3.54479;4.54277;4.66651;5.18354;4.39807;4.03935;3.62429;3.43152;3.21143;4.09013;4.30832;5.0859;5.9806;5.71654;6.22893;6.66871;7.45453;8.3147;9.27374;10.2655;10.4968;11.176;11.8698;12.7367;13.619;13.9726;14.7211;15.6745;16.5631;17.2132;18.0941;18.9848;19.9333;20.6638;20.9403;21.6852;22.2079;21.8791;21.9918;21.8007;22.0544;22.528;23.5267;24.1144;24.7732;24.0744;23.1012;22.128;21.1549;21","15;15.7713;16.0633;16.5017;17.5009;18.3172;18.2538;18.487;19.0215;19.6404;20.5739;21.4481;22.407;23.0549;23.3017;23.3097;23.4942;23.5925;22.7181;22.3382;22.0128;22.0632;22.5732;22.2899;22.162;23.1349;23.558;23.6476;23.1491;23.1087;22.75;22.5217;22.6917;22.3973;22.6039;22.6311;23.0858;22.7692;22.6196;22.5733;22.0413;21.592;20.6479;20.0218;19.5974;18.9345;18.0537;18.0037;17.1947;16.4423;15.7269;15.4968;15.2667;15.0366;15",25.8202,"0.3;0.7;0"
23.4677,29.1289,0.280679,"1;1.22554;1.55758;2.48628;3.45851;4.43236;5.40191;5.65538;6.65017;7.64915;8.30882;8.6595;9.52812;10.3724;11.3387;12.2925;13.1021;14.094;15.0935;15.999;16.8383;17.837;18.7712;19.58;19.8057;20.727;21","15;15.9742;16.9175;17.2883;17.5224;17.2952;17.5401;16.5727;16.4708;16.516;15.9827;16.3517;16.1029;16.1833;15.926;15.71;16.0106;15.8836;15.8499;15.4255;14.8819;14.9329;14.5762;14.9802;15.141;15.2951;15",8.39612,"0.35;0;0.65"
22.605,40.1924,0.244938,"1;1.98286;2.8522;3.84211;4.75324;5.66348;6.45404;6.86997;7.26853;8.26401;8.90028;9.77506;10.7694;11.3603;12.2759;13.2715;14.034;14.2971;15.1359;15.603;16.0032;16.9849;17.3471;18.0265;18.854;18.8522;19.7735;20.7445;21","15;14.8156;15.3098;15.4515;15.8637;16.2777;16.8901;16.41;16.31;16.215;15.8162;16.1967;16.0907;15.2839;14.8819;14.7878;14.25;14.2424;14.5034;13.9059;13.6141;13.6892;14.0315;14.1558;14.6276;14.7538;15.1426;14.9035;15",10.0683,"0.35;0.05;0.6"
22.0538,12.5666,0.240476,"1;1.66311;2.42578;3.11991;4.11764;4.92173;5.52832;6.32727;7.32612;8.32497;9.07522;9.83203;10.8315;11.8306;12.6794;13.3436;13.825;14.5941;15.2986;16.2873;17.2814;18.2755;18.9463;19.7927;20.7093;21","15;15.7485;16.25;16.5726;16.5053;17.0998;16.3048;15.7034;15.6555;15.6076;14.993;14.6516;14.6828;14.7267;15.0074;14.7244;14.7866;14.7442;14.6361;14.4865;14.5949;14.7032;14.552;14.9623;14.7084;15",9.10776,"0.35;0.1;0.55"
23.153,18.7823,0.247963,"1;1.96267;2.7811;3.74895;4.6062;5.10704;5.79585;6.5949;7.4609;8.45933;9.11825;9.98262;10.8312;11.8312;12.7423;13.4523;14.1596;14.647;14.987;15.9539;16.8736;17.6784;17.9341;18.6506;19.4456;19.8128;20.5688;21","15;14.7293;14.5417;14.7143;14.7049;14.2636;14.9885;15.5898;16.0898;16.0337;15.2815;14.7786;14.2496;14.2607;14.6729;14.9529;15.4482;16.2778;16.586;16.331;15.9383;15.3448;15.1936;14.6351;14.4984;14.5375;15.0891;15",11.0449,"0.35;0.15;0.5"
23.0614,13.7608,0.249463,"1;1.99938;2.57579;3.53297;4.42865;5.3585;6.24826;7.23498;7.84622;8.83859;9.83858;10.5196;11.2448;12.1848;13.1513;14.1257;14.8184;15.2218;15.8618;16.2696;17.2329;17.8265;18.8177;19.7823;20.2762;20.9538;21","15;15.0353;14.2181;13.9286;14.3733;14.7413;15.1977;15.0353;15.0171;15.0207;15.0235;14.4864;14.3013;14.6425;14.8992;14.6746;15.101;15.2508;15.4038;16.3169;16.0487;16.8535;16.7204;16.4568;15.7913;15.2204;15",10.9359,"0.35;0.2;0.45"
22.8292,28.8249,0.250316,"1;1.82592;2.5233;3.31922;4.06785;4.77251;5.08745;5.88076;6.58933;7.26604;8.2643;9.26157;9.73357;10.2243;11.1926;12.1918;13.1796;13.4283;14.2234;14.788;15.7713;16.5485;17.1341;18.1336;18.737;19.039;19.995;20.3133;21","15;15.5638;15.631;16.149;16.5369;17.2464;17.1276;16.835;16.546;15.8098;15.7509;15.8248;15.1789;14.4347;14.1851;14.146;13.99;14.201;14.3357;14.6014;14.419;14.8931;14.9823;15.0159;14.34;14.3841;14.2407;14.4743;15",15.2966,"0.35;0.25;0.4"
22.2875,26.0327,0.253008,"1;1.8167;2.70349;3.69015;4.68545;5.66864;5.94424;6.77946;7.4221;7.92435;8.45954;8.92937;9.43478;10.0501;10.9485;11.3722;12.0317;12.8022;13.4505;14.1583;14.8044;15.6528;16.5544;17.2262;18.2159;19.172;20.0149;20.6707;21","15;15.5771;16.0392;15.8764;15.9732;16.1558;16.1039;15.8657;15.6204;16.2222;16.5532;16.3675;16.125;16.0765;15.6373;15.7271;15.7016;16.2667;16.6432;16.2854;15.7538;16.0435;15.9408;16.3169;16.4601;16.1669;15.6288;14.8739;15",15.699,"0.35;0.3;0.35"
22.0981,15.7101,0.244202,"1;1.39208;2.37509;3.09007;3.804;4.67215;5.41803;6.09675;6.99518;7.93406;8.5611;9.55772;10.271;10.6981;11.5553;12.1364;12.6444;13.1915;14.0998;14.82;15.6524;16.6523;17.6483;18.6266;19.5791;20.4609;21","15;15.9199;16.1035;16.471;16.7944;16.3633;16.1087;16.0281;16.334;16.2317;16.0264;15.9442;15.2614;15.1836;15.1235;15.8235;15.8029;15.8163;15.6133;15.3352;14.781;14.7744;14.864;14.6566;14.352;14.8235;15",13.3061,"0.35;0.35;0.3"
24.8047,32.8151,0.259525,"1;1.64782;2.44286;3.16677;4.01319;4.84929;5.26289;5.99936;6.90964;7.14919;8.10469;9.00509;9.21958;9.31654;9.3875;10.2073;10.8406;11.177;12.1245;12.7991;13.4316;14.0902;14.9814;15.799;16.7772;17.7554;18.4193;19.249;20.2452;20.7789;21","15;14.2382;14.8448;14.8963;15.3974;15.1137;15.6203;16.2755;16.1368;16.2072;16.1063;15.6712;15.0621;14.7982;13.9456;13.4775;14.1509;13.7217;13.4018;13.4315;14.0078;13.3927;13.8216;13.895;14.1029;14.3107;13.9468;13.8909;13.8039;14.6496;15",21.8726,"0.35;0.4;0.25"
36.5529,43.0778,7.36123,"1;1.72875;2.00801;2.05865;3.05244;4.02973;4.00678;4.3317;4.61889;5.37881;5.62387;5.62747;5.90597;6.66464;7.65422;8.64386;9.50516;10.3665;10.752;11.3478;11.7882;11.7235;12.457;13.1615;13.4403;14.1692;14.8114;15.6693;16.533;17.5027;18.4846;19.1553;20.0679;20.3449;20.4413;20.5377;21.1573;21.8556;21.6027;21.3498;21.541;21","15;15.6848;16.645;17.6437;17.5324;17.7443;18.426;18.98;19.4335;19.6582;19.677;20.677;21.6374;22.2889;22.4328;22.2892;21.7811;21.273;21.6519;21.4652;22.3631;23.361;23.9664;23.3356;23.6659;23.5348;22.8394;23.1111;23.4423;23.6864;23.8759;23.1342;22.7253;21.7644;20.7691;19.7737;18.9888;18.273;17.3055;16.338;15.3565;15",33.6508,"0.35;0.45;0.2"
23.7701,20.7779,0.262718,"1;1.93495;2.59895;3.17287;4.04195;4.82612;5.28863;5.88639;6.87267;7.79905;8.46007;9.36559;10.3426;11.2472;12.0288;12.6394;13.404;14.2749;15.2037;16.0914;16.8323;17.6838;18.5916;19.5417;20.2556;20.2686;21","15;14.6452;15.393;16.2119;16.7066;16.6471;16.4571;16.4644;16.6295;16.2529;15.6338;15.3953;15.182;15.4655;15.2894;14.7937;14.4368;14.593;14.9634;14.503;15.1745;15.6989;16.1184;16.4303;15.7301;14.7302;15",18.7479,"0.35;0.5;0.15"
37.0157,37.9085,7.91646,"1;1.99956;2.30356;2.42144;2.43779;3.04747;3.17971;3.66933;3.81705;3.78105;4.05847;4.49994;5.29975;6.29119;7.25097;8.1638;8.84717;9.6305;10.4654;11.0842;11.8141;12.4636;13.1519;13.9738;14.9215;15.6834;15.8447;16.6434;17.6183;18.6102;19.5835;20.1826;20.9141;21.415;22.3224;23.1567;23.2286;22.8092;23.1498;23.2576;23.3087;22.3885;21.4684;21","15;15.0298;15.9824;16.8611;17.4277;17.7087;18.4843;18.6636;19.2549;20.2542;20.5141;20.8994;21.3337;21.4643;21.745;22.1533;22.5143;22.7772;23.2281;22.9735;22.6169;22.7858;23.2921;23.8618;24.1808;24.8286;24.5837;24.5486;24.326;24.1987;23.9693;23.1687;22.4869;21.6213;21.3693;20.8204;19.823;18.9153;17.9751;16.9809;15.9822;15.5907;15.1992;15",34.5968,"0.35;0.55;0.1"
23.9779,27.3422,0.270167,"1;1.64921;2.46351;3.3748;4.33895;5.04308;5.38529;6.13998;6.94244;7.78224;8.07933;9.04236;9.70224;10.3686;10.6569;11.6016;11.6798;12.6377;13.425;13.8306;14.2904;15.1067;15.8807;16.7837;17.4683;18.4027;19.2733;20.2341;21","15;15.7606;16.3411;16.7528;16.4875;16.4343;16.3413;16.2266;16.1072;15.9419;15.2577;15.2969;16.0046;16.7503;16.5772;16.5121;15.6931;15.4059;14.9263;15.5033;15.508;14.9304;15.3308;15.618;16.3469;15.9906;15.4987;15.2212;15",24.8111,"0.35;0.6;0.05"
22.4312,11.228,0.238754,"1;1.99252;2.74296;3.7054;4.68105;5.68089;6.6641;7.64812;8.6344;9.51259;10.4849;11.362;12.3242;13.2758;14.249;15.0464;15.8387;16.835;17.5928;18.318;19.2471;19.4319;20.254;20.6436;21","15;15.1221;15.783;15.5115;15.2922;15.2743;15.4568;15.6349;15.4698;14.9915;15.2251;14.7448;14.4723;14.7796;14.5498;13.9463;14.5564;14.6421;15.2945;15.983;15.613;15.7703;16.0765;15.5688;15",15.1491,"0.35;0.65;0"
36.209,49.9844,8.40982,"1;1.03517;1.16373;1.57618;2.25253;3.21592;4.19398;4.85453;5.30061;5.81616;6.29659;6.81333;6.91735;7.67941;8.62713;9.4844;10.4463;11.3439;12.2357;13.0417;13.8579;14.7347;15.5981;16.3989;17.3351;18.2592;19.1655;20.1404;20.6337;20.6806;19.9816;19.9791;19.5629;19.5241;19.5625;19.7853;20.4701;21.1062;21.7305;21.5105;21","15;15.9994;16.9911;17.9021;18.6386;18.9068;19.1151;19.8659;20.3285;20.8952;21.7722;22.5929;23.2649;23.9124;24.2315;23.8376;24.111;24.5518;24.0993;23.868;23.5306;23.0498;22.5452;23.1441;23.4956;23.8777;23.455;23.6773;22.8075;21.8086;21.0935;20.718;20.0009;19.0828;18.64;17.8609;17.3874;16.989;16.563;15.6378;15",19.5295,"0.4;0;0.6"
24.2657,63.3618,0.272179,"1;1.79547;2.53578;2.60409;3.35196;4.30215;5.29381;6.14882;6.36759;7.18967;8.17059;8.52203;9.51685;10.3553;10.8282;11.4585;12.3413;13.3286;14.3023;14.8577;15.8067;16.5881;17.3224;17.9249;18.7937;19.7914;20.4649;21","15;14.394;13.8559;13.8057;13.1418;12.8302;12.959;13.4776;14.4534;15.0228;15.2172;16.1534;16.2551;16.8001;16.2579;16.4714;16.636;16.7945;16.5667;16.0446;15.9151;16.0626;16.0335;16.7527;16.2576;16.3262;15.5871;15",13.0241,"0.4;0.05;0.55"
23.8221,37.4907,0.267731,"1;1.59462;2.59239;3.59127;4.09009;4.99674;5.66525;6.57766;6.86438;7.77233;7.82944;8.78827;9.63912;10.5067;10.6101;11.5902;12.3554;13.3392;14.2251;15.2219;16.2172;17.046;17.4377;18.391;18.6546;19.1741;20.1714;20.6831;21","15;15.804;15.8707;15.8235;16.6902;16.2683;16.4806;16.32;16.5068;16.0877;16.2414;16.1071;16.5762;16.2915;16.7661;16.5677;15.9239;16.1029;15.639;15.5584;15.4622;14.9026;14.6181;14.3808;14.3891;13.5346;13.6089;14.468;15",13.4118,"0.4;0.1;0.5"
22.9489,25.2905,0.239479,"1;1.96524;2.68933;3.67619;4.65137;5.0442;5.98226;6.98226;7.29761;8.16903;8.22503;9.13048;10.0929;10.9625;11.9117;12.3095;12.9944;13.8969;14.8092;15.8077;16.5199;17.5198;18.0463;18.9686;19.849;20.677;21","15;14.7386;15.4283;15.2668;15.4882;15.1686;15.0149;15.0139;14.065;13.5744;13.5644;13.2995;13.5712;14.0649;13.7503;14.4007;15.1105;15.4652;15.5793;15.6343;14.9323;14.9474;14.9291;14.5722;14.2207;14.7813;15",13.0809,"0.4;0.15;0.45"
24.8608,77.4548,0.296034,"1;1.9726;2.97255;3.93413;4.62007;5.12729;5.87578;6.77127;7.66535;8.66513;9.50128;10.4274;11.1288;12.1277;12.7536;12.9681;13.7747;14.5511;15.4031;16.2645;16.8355;17.2638;18.2504;18.7877;19.7068;20.2419;21.2341;21.182;21.2668;21","15;15.2325;15.2424;15.2052;15.3528;15.334;15.2774;15.7224;15.2745;15.2539;15.8025;16.1796;15.4668;15.4196;16.1995;16.4542;16.811;16.8493;16.3257;16.8338;16.4343;16.7964;16.9591;17.6573;17.4344;17.0014;17.1253;16.4898;15.8622;15",25.5537,"0.4;0.2;0.4"
25.3742,18.8547,0.274313,"1;1.36056;2.25787;3.23096;4.22205;5.22024;6.09793;7.09743;8.09683;8.78212;9.58588;10.4942;11.4942;12.2015;12.9076;13.1199;13.9798;14.6652;15.1044;15.9538;16.7111;17.3993;17.6756;17.8622;18.3194;19.0942;19.2789;19.7199;20.498;20.6954;21","15;15.9327;16.3741;16.1437;16.0105;15.9504;15.4711;15.4395;15.4047;14.6764;15.2714;15.6897;15.6932;15.9741;15.9704;16.1146;16.6251;15.8969;15.1585;14.936;14.8283;14.3928;14.1026;13.2846;12.7368;12.4971;13.4045;13.7575;13.8134;14.4886;15",14.9594,"0.4;0.25;0.35"
24.0217,40.8431,0.275708,"1;1.92245;2.91891;3.64229;4.38052;5.08539;5.40373;5.4785;5.75574;6.73494;7.71205;8.2211;8.87875;9.29397;9.94126;10.8112;11.8109;12.7175;13.2751;14.2644;15.2458;16.0547;16.8076;17.5464;18.4457;19.0065;19.8749;20.6092;21","15;14.6139;14.5299;13.8394;14.3219;14.4651;14.4976;14.4984;15.4592;15.6621;15.4493;15.4022;15.8495;15.9473;15.9334;16.4266;16.4044;16.8265;15.9964;16.1422;16.3345;15.7465;16.4047;17.0786;17.516;16.688;16.1921;15.5134;15",21.9443,"0.4;0.3;0.3"
23.7366,35.4777,0.269937,"1;1.56458;2.40214;3.39316;4.36128;5.30629;6.10309;6.90383;7.9025;8.89877;9.61677;10.4091;10.8321;11.524;11.7584;12.7186;12.666;13.3528;14.0549;14.5609;15.1408;15.9565;16.8275;17.7704;18.4898;19.3464;20.3463;21","15;15.8254;16.3717;16.5054;16.7559;16.4288;16.1709;16.1861;16.1345;16.0482;15.8387;15.9587;15.1677;15.8274;16.5419;16.8211;15.9043;15.4073;16.0182;16.0556;15.791;15.9674;16.04;15.7069;15.3535;14.9702;14.9882;15",21.9793,"0.4;0.35;0.25"
23.4435,31.0268,0.254894,"1;1.86693;2.86659;3.61477;4.53497;5.38711;6.21857;7.21749;7.85061;8.84486;9.81866;10.5275;11.4949;11.7487;12.6547;13.4867;14.4795;15.4774;16.2813;17.2269;17.4486;18.2211;18.8998;19.6408;20.5509;21.0953;21","15;14.5016;14.5276;14.7681;14.8583;15.2007;15.6886;15.6421;16.4162;16.3091;16.0817;16.7871;16.5341;15.5668;15.1435;15.6982;15.8178;15.7516;15.1569;14.8317;14.616;14.278;14.1374;13.8135;13.8952;14.7341;15",21.8391,"0.4;0.4;0.2"
33.1923,46.8899,5.12469,"1;1.44399;2.09223;3.03688;3.95487;4.92574;5.46996;4.69155;4.63454;5.30023;5.02731;5.48483;5.74463;5.85073;6.73656;7.72778;8.52874;9.41967;10.1826;11.1795;11.2728;11.8471;12.0717;12.8039;13.2291;13.9597;14.8984;15.3101;16.0391;16.9863;17.4529;17.9225;18.3356;18.6268;18.6443;18.8676;19.6619;20.0875;20.7057;20.9528;21","15;15.896;16.6575;16.9855;17.3822;17.6218;18.1164;18.7337;19.109;19.8009;20.763;21.4241;21.4597;22.4541;22.9181;23.0503;22.4515;21.9974;21.351;21.2721;21.5427;21.852;21.8601;22.1588;22.1357;21.6767;21.3321;22.2434;22.9279;22.6072;21.7227;21.082;20.2345;19.6008;19.0715;18.4479;17.8449;16.94;16.1539;15.185;15",35.1461,"0.4;0.45;0.15"
25.4662,230825,0.301227,"1;0.96502;1.17063;2.07376;3.0696;3.93334;4.77366;5.7444;6.68271;7.6232;8.56329;8.96645;9.49779;10.405;11.2358;11.8405;12.5418;13.0175;13.6117;14.2655;14.9286;15.9274;16.142;17.0045;17.3824;18.3243;19.0951;20.0165;20.9379;21","15;15.9994;16.978;17.4074;17.3162;17.8201;17.278;17.0379;16.6921;16.3523;16.0114;15.0962;14.2491;14.2005;14.3169;14.2221;14.8981;15.7416;15.6533;15.2943;15.9343;15.885;15.7819;15.2992;14.8304;15.1662;15.8034;15.4148;15.0262;15",115423,"0.4;0.5;0.1"
22.2788,18.8165,0.241677,"1;1.9627;2.91033;3.77844;4.69726;5.15864;5.80101;6.73399;7.53383;7.71431;8.44115;9.39854;10.3472;11.1546;12.0478;12.509;13.4427;14.4305;15.1135;15.9349;16.9315;17.876;18.6174;19.3593;20.3524;21","15;14.7294;15.0488;15.5452;15.5912;15.5079;15.6406;15.2806;15.8809;15.8683;16.3013;16.5901;16.2738;16.0315;15.6345;14.7472;15.1052;15.2611;15.7522;15.4209;15.3381;15.0097;14.3386;15.0091;15.1262;15",19.2727,"0.4;0.55;0.05"
24.2476,91.3441,0.279035,"1;1.57194;2.55602;3.15028;4.13484;4.96865;5.36306;6.06906;7.04906;7.88888;8.05825;9.02533;9.5375;10.1582;10.9385;11.8316;12.7892;13.7308;14.6999;15.2056;16.1975;17.077;17.5204;18.5172;19.1977;19.6205;20.3767;20.6528;21","15;15.8099;15.7879;16.5922;16.4171;16.2521;16.4295;16.8541;16.6551;16.1976;15.465;15.3382;15.3474;16.1159;16.3533;16.803;16.5148;16.8515;16.6047;15.742;15.615;15.4408;14.8079;14.7269;15.4596;15.967;15.8636;15.3692;15",64.5055,"0.4;0.6;0"
23.4048,34.7465,0.250996,"1;1.25139;2.2057;2.99122;3.46254;4.23322;4.47647;5.09439;5.98223;6.0862;6.39052;7.38741;8.28726;9.28439;10.0701;10.6438;11.5913;12.1489;12.7886;13.5562;14.5562;15.4582;16.3421;17.3147;18.2231;18.5474;18.8109;19.4849;20.4562;21","15;14.7079;14.8107;14.4156;14.2663;14.4412;13.4713;13.5264;13.8554;13.8232;13.8448;13.9237;13.4875;13.4117;13.8432;13.9381;14.2578;15.0826;15.8456;16.4865;16.4925;16.2677;16.3389;16.5713;16.1533;15.9856;15.233;14.8287;14.5906;15",10.6702,"0.45;0;0.55"
23.0113,14.9137,0.246157,"1;2;2.92123;3.89456;4.88606;5.52484;6.27367;7.26041;7.82436;8.57256;9.16173;9.77192;10.7719;11.4798;11.9801;12.4354;13.1726;13.5874;14.401;15.2393;16.0703;16.6775;17.605;18.3712;19.0341;19.9396;20.4974;21","15;15;15.389;15.6184;15.7485;14.9791;15.2449;15.1699;14.9889;15.291;14.6838;14.0791;14.0866;14.7928;15.6587;16.5491;15.9003;15.7632;15.6359;15.6442;15.0879;15.2217;15.4527;15.2388;15.032;15.0939;15.0805;15",11.2238,"0.45;0.05;0.5"
23.1011,50.1051,0.262115,"1;1.81543;2.24102;3.14553;4.12862;4.62048;5.49964;6.28181;7.26832;8.26536;9.23996;10.1916;11.1734;12.0722;12.9153;13.9117;14.3867;15.3652;15.518;16.365;17.2973;18.2295;19.2071;20.1077;21","15;15.5789;16.4838;16.9102;16.7271;15.8564;15.3799;14.7568;14.9205;14.9974;15.2214;15.5285;15.7184;15.28;15.8178;15.7335;16.6135;16.8194;16.6266;16.7993;16.4374;16.0755;15.8651;15.4305;15",15.524,"0.45;0.1;0.45"
24.9325,30.9886,0.281548,"1;1.99526;2.99526;3.97125;4.97122;5.7316;6.53994;6.73382;7.54632;8.07534;9.03948;9.97599;10.7781;11.6491;12.2391;13.0095;13.7919;14.7887;15.1695;16.0286;16.7103;17.6511;18.2858;18.7037;19.6271;20.5608;20.4829;21","15;15.0973;15.0971;14.8793;14.8864;15.5358;15.9475;16.146;15.8887;16.4185;16.6839;16.3332;15.7361;15.2448;14.4374;13.7997;14.4225;14.5023;15.427;15.9389;16.6704;16.3368;16.7492;16.794;17.1778;16.8195;15.8226;15",15.9805,"0.45;0.15;0.4"
22.7725,55.5495,0.259007,"1;1.60088;2.49067;3.28974;4.04924;4.91286;5.80144;6.75316;7.70731;8.11487;8.7073;9.55547;10.4063;11.4055;12.1347;12.3935;13.3772;14.3715;15.2584;16.2468;17.083;18.0774;18.9342;19.2619;19.7396;20.5246;21","15;14.2007;14.657;15.2583;15.9088;16.4129;16.827;16.7589;16.4595;16.4417;16.4644;15.9347;16.4601;16.5012;16.1651;16.3466;16.1669;16.2728;15.8109;15.963;15.4145;15.3093;15.0913;15.3459;15.8472;15.812;15",21.4482,"0.45;0.2;0.35"
22.7599,17.639,0.23548,"1;1.96114;2.54012;3.46341;4.26071;5.24708;6.24271;6.8582;7.14341;8.14341;8.95565;9.80688;10.6227;10.9823;11.6985;12.2145;12.9342;13.671;14.1365;14.4639;14.9423;15.9406;16.8347;17.5541;18.3321;18.9956;19.4223;20.1035;20.7379;21","15;14.7239;13.9086;14.2927;14.8963;14.7318;14.6383;14.3835;14.2039;14.2069;14.7903;14.9697;15.1031;14.9427;15.1843;15.2639;15.4815;15.1484;14.9183;14.343;13.4649;13.5245;13.9722;14.6669;14.5002;14.5401;14.5339;14.4372;14.7422;15",14.7223,"0.45;0.25;0.3"
22.2042,22.1175,0.232954,"1;1.51797;2.4543;2.77176;3.71972;4.71919;5.6969;6.6967;7.37866;8.36041;9.32371;10.2255;11.0951;12.0393;12.8579;13.7089;14.5522;15.386;16.3796;16.705;17.3732;18.2664;18.773;19.5013;20.1028;21","15;15.6493;15.756;15.8828;15.5644;15.5317;15.7417;15.7215;14.9902;14.8;14.5316;14.0994;13.6057;13.2762;13.8507;14.3757;14.9132;14.3611;14.4742;14.543;14.5873;14.2932;14.7113;15.2178;14.8678;15",16.6854,"0.45;0.3;0.25"
24.1513,18.876,0.256871,"1;1.579;2.5446;3.54291;4.52659;5.32705;6.22236;6.8945;7.85962;8.24766;8.69956;9.2178;10.1344;10.8508;11.411;12.3544;12.9376;13.5787;14.5782;15.5768;15.8906;16.8792;17.6185;17.9113;18.3584;18.9925;19.7274;20.2267;21","15;14.1847;13.9247;13.9828;14.1628;14.7622;14.7343;14.0442;13.7824;13.7931;14.6844;14.7672;14.5827;15.0405;14.5964;14.8669;15.4901;16.2504;16.282;16.3352;15.9175;15.8357;16.4675;15.6713;15.2155;14.476;14.683;14.6727;15",17.5261,"0.45;0.35;0.2"
26.6535,27.4745,0.284258,"1;1.99891;2.86442;3.3819;4.27776;4.92385;5.28347;5.58291;6.31337;6.99919;7.89329;8.84332;9.2911;9.56924;10.5536;11.0094;11.4599;12.0016;12.4822;12.7609;13.6756;14.3853;15.1417;16.0596;16.9126;17.6551;18.3189;18.9435;19.1081;19.8119;20.6482;21.1534;20.6652;20.2883;21","15;15.0468;14.9103;14.9652;14.8871;14.9007;15.2137;15.8168;16.4012;16.1149;16.2534;15.9413;16.2792;16.6291;16.6218;15.8246;14.9318;14.4882;14.4103;13.7941;14.1982;14.9027;14.5666;14.6492;14.1375;14.0783;13.7813;13.3639;12.9296;12.6492;12.6838;13.4738;13.7451;14.3753;15",23.0265,"0.45;0.4;0.15"
23.5455,35.9399,0.255128,"1;1.94067;2.93464;3.93026;4.81763;5.81636;6.63802;7.48359;8.45223;8.98329;9.25508;10.062;10.9826;11.9187;12.7689;13.7533;14.312;15.1079;15.8241;16.5414;17.2633;17.3997;18.2586;19.2429;19.9392;20.6355;21","15;14.6607;14.551;14.6445;14.1835;14.2339;14.8038;14.27;14.1217;14.1622;13.3854;13.9503;14.2289;14.5809;14.0545;14.2301;14.643;15.239;15.9369;16.6336;16.9016;17.1468;16.6347;16.8112;16.0935;15.3757;15",26.7939,"0.45;0.45;0.1"
22.8102,17.8208,0.238546,"1;1.7909;2.78947;3.76354;4.71047;5.59008;6.32791;6.70615;7.26821;8.22749;9.21962;10.1768;10.9731;11.0679;11.8626;12.2742;12.6607;13.4641;13.932;13.9612;14.8479;15.7331;16.5826;17.3261;18.1723;18.9327;19.7591;20.5855;21","15;14.388;14.4414;14.6677;14.3462;14.3849;14.5958;13.9125;13.8434;13.8586;13.9839;13.6944;14.1624;14.1481;13.5411;13.6946;14.5093;14.5863;14.5703;14.5596;15.022;15.487;15.1011;15.2264;15.7594;16.4087;15.8456;15.2825;15",19.1869,"0.45;0.5;0.05"
21.6374,17.0562,0.237711,"1;1.98514;2.97659;3.97645;4.59447;5.39576;5.80685;6.70228;7.0182;7.66412;8.14277;8.94373;9.61421;10.0591;10.9003;11.1112;11.8364;12.2514;12.787;13.7782;14.753;15.7516;16.2817;17.0742;17.8402;18.2322;19.1095;19.8057;20.7205;21","15;14.8282;14.6977;14.7145;15.0263;15.2991;15.3591;15.6687;15.5687;15.2704;15.6979;16.0385;15.6767;16.2264;16.181;15.9641;15.555;15.7417;16.099;15.9663;16.1895;16.2407;16.1181;15.8137;15.7817;15.7741;15.9254;15.3287;15.219;15",19.1177,"0.45;0.55;0"
24.0518,17.2801,0.262511,"1;1.80728;2.45048;3.3927;4.33058;4.87246;5.08469;6.08425;7.08381;7.54629;8.54165;9.09116;10.0908;10.925;11.9248;12.778;13.5058;14.5012;15.471;16.3459;17.275;17.9481;18.648;18.9436;19.902;20.8603;21","15;14.4098;13.6441;13.3091;13.6561;14.4965;15.4738;15.444;15.4142;16.3009;16.2046;15.3691;15.3426;15.894;15.8727;15.559;15.6415;15.7367;15.9807;15.9807;16.2818;16.5098;16.5681;15.6127;15.3272;15.0416;15",12.1572,"0.5;0;0.5"
22.1934,21.0692,0.233019,"1;1.35756;2.27844;3.03618;4.02953;5.02949;5.91675;5.98227;6.90076;7.85562;8.77567;9.75929;10.6806;11.404;11.9347;12.4973;13.0618;13.7522;14.7344;15.619;15.9612;16.6466;17.3367;18.3311;19.2495;20.2427;21","15;14.0661;13.6763;13.0237;13.1388;13.1478;13.4516;13.4515;13.8469;14.0323;13.7425;13.9228;14.3117;15.0021;14.8246;14.7827;15.1667;15.8902;16.0778;16.1532;16.1313;15.8165;15.7065;15.6011;15.2055;15.0889;15",12.255,"0.5;0.05;0.45"
21.4309,20.9068,0.237025,"1;1.92811;2.92792;3.56583;4.50563;5.44609;6.44534;7.26706;8.19817;9.19116;10.0674;10.9682;11.962;12.8165;13.8139;14.8108;15.4982;15.8666;16.5817;17.5757;18.5734;19.5464;20.5453;21","15;15.3723;15.3528;16.1229;16.4646;16.1247;16.086;16.6559;16.2911;16.1729;15.691;16.1252;16.0138;15.4944;15.5664;15.4878;14.9203;14.9071;14.8787;14.7693;14.8365;15.0676;15.0211;15",12.9009,"0.5;0.1;0.4"
22.825,30.4641,0.251078,"1;1.99255;2.81487;3.2532;4.14565;4.48954;5.31897;6.31583;7.31573;8.29654;9.29204;10.2326;11.2077;11.9729;12.4494;13.4283;14.3591;15.3524;15.8838;16.3551;17.1972;17.6483;18.0333;18.9759;19.83;20.2337;21","15;14.8782;15.4472;15.4654;15.2961;14.8247;14.8673;14.7882;14.8026;14.6077;14.7024;15.0422;15.2638;15.9076;16.7867;16.5822;16.2168;16.3326;15.6061;15.4361;15.5523;15.6785;16.5665;16.2326;15.7125;15.5392;15",16.07,"0.5;0.15;0.35"
22.4642,97.431,0.253045,"1;1.99999;2.92801;3.92799;4.92085;5.79569;6.53869;7.00378;7.84861;8.1889;9.08352;9.49484;10.3507;11.3507;12.2518;12.6724;13.5975;14.0586;14.9246;15.9075;16.7898;17.7518;18.6593;19.3919;20.1617;21","15;14.9947;15.3673;15.3608;15.4801;15.9645;16.6338;15.9112;15.5238;15.8969;16.07;16.3489;16.8662;16.869;16.4355;16.0778;16.384;16.195;15.695;15.8717;15.9069;15.6336;15.2136;14.533;15.1713;15",30.7942,"0.5;0.2;0.3"
23.0982,12.2875,0.250386,"1;1.99397;2.64562;3.48257;4.47932;5.39465;6.29271;7.15614;7.58087;8.22738;9.03173;9.86709;10.7863;11.0548;11.8638;12.6088;13.548;14.3307;15.2606;15.576;16.4505;16.9675;17.7072;18.6907;19.6451;19.8038;20.6786;21.0807;21","15;15.1096;15.8682;16.4154;16.3349;15.9322;15.4923;14.9879;14.9385;14.7917;15.0026;14.4529;14.6435;14.4985;14.354;13.8895;14.2332;14.8555;15.2233;15.4647;15.5403;15.5734;15.8725;16.0533;16.3518;16.0116;16.24;15.6068;15",14.6836,"0.5;0.25;0.25"
21.9147,41.7366,0.240143,"1;1.90057;2.87801;3.69391;4.68593;5.57029;6.12324;6.99127;7.97075;8.97009;9.57493;10.4488;11.2894;12.1038;12.4471;13.4242;13.8892;14.8889;15.6388;16.2772;17.217;18.2161;19.1804;20.0969;21","15;15.1311;15.2591;15.8373;15.9634;15.5059;15.2237;14.7272;14.9287;14.8923;15.6886;16.1748;16.7165;16.8531;16.3445;16.1855;15.7003;15.6779;15.6054;15.1557;15.1633;15.1202;14.8554;14.9652;15",23.5263,"0.5;0.3;0.2"
22.7254,14.2536,0.242339,"1;1.32679;1.55229;2.53532;3.53198;4.5307;5.51934;6.46991;7.22456;7.98453;8.81622;9.39211;10.1684;10.6727;11.4306;12.4293;13.4107;14.1707;14.9441;15.9441;16.5366;17.0519;18.0052;18.703;19.6473;20.2985;20.7114;21","15;15.2921;15.6183;15.8007;15.8824;15.832;15.9823;15.7827;15.2152;15.0658;15.5154;15.5113;15.6022;15.3718;15.7485;15.6976;15.8896;15.2398;14.6059;14.5951;14.1509;13.6811;13.3791;13.1735;13.1288;13.5525;14.4633;15",16.3878,"0.5;0.35;0.15"
25.4307,34.0042,0.284974,"1;1.91319;2.35746;2.94644;3.90613;4.89633;5.83922;6.3771;7.36344;7.88557;8.48222;9.01479;9.53291;10.2025;10.8339;11.1804;12.0138;12.281;12.9585;13.7724;14.3867;14.8049;15.6418;15.8902;16.2183;16.9673;17.0703;17.4588;17.7911;18.4919;18.9892;19.8609;20.6122;21","15;15.0108;15.0784;15.242;14.9609;14.8213;15.1544;15.9974;16.1621;15.6403;14.8378;15.1372;15.8349;16.4923;15.9654;15.8203;16.2995;16.2044;16.6273;16.2586;16.6876;16.0762;16.5416;16.4458;15.5011;15.6222;16.0461;16.7758;16.8309;16.1175;15.2499;14.9418;14.8596;15",26.3455,"0.5;0.4;0.1"
24.2782,19.7086,0.263143,"1;1.99161;2.89174;3.73418;4.1184;4.81553;5.12232;5.95689;6.89591;6.98787;7.23998;8.05329;8.86894;9.73395;10.7076;10.8759;11.277;12.2451;13.0708;13.9742;14.1715;15.1234;15.7893;16.6671;17.4227;18.2169;18.8017;19.7641;20.4637;21","15;14.8708;15.3064;15.3409;15.3073;15.7086;15.9343;16.4025;16.6261;16.6512;16.2583;15.6765;15.098;15.5997;15.8276;15.6085;14.9569;15.1302;14.6777;14.7885;15.6823;15.3759;14.6298;14.1508;14.7209;15.1438;15.955;16.2266;15.512;15",21.0211,"0.5;0.45;0.05"
23.6,15.7495,0.263316,"1;1.96968;2.93695;3.68778;4.61952;5.61846;6.44301;7.43494;7.96244;8.69933;9.11738;9.93912;10.5562;11.1372;11.5181;12.3615;13.1651;13.8975;14.7479;15.7384;16.3888;17.3278;18.021;19.0073;19.7459;20.6577;21.557;21","15;14.7556;15.0094;14.6836;14.3208;14.3667;14.9325;15.0593;15.4996;15.2986;14.9175;14.865;14.5381;14.7127;14.8114;15.3487;15.9439;15.7931;16.0782;16.1225;16.0671;16.411;17.1317;17.297;16.6228;16.2122;15.7748;15",19.6748,"0.5;0.5;0"
24.5451,68.5103,0.262784,"1;1.98835;2.98812;3.554;4.49873;5.39279;6.10507;6.48293;7.47601;8.47152;9.37785;10.3471;11.2663;12.06;12.5224;12.7137;13.568;14.2341;14.6063;15.4132;16.1746;17.1124;17.6732;18.4976;19.4819;20.3503;21.2728;21","15;14.8478;14.8693;15.6937;15.3659;14.9179;14.2376;13.3932;13.2758;13.1811;13.6037;13.3578;13.7518;14.1931;14.271;15.2525;15.7723;15.8806;15.9708;16.3194;16.6151;16.6039;15.7759;15.2101;15.3867;15.8826;15.4964;15",13.6181,"0.55;0;0.45"
21.4641,24.6909,0.237581,"1;1.97847;2.9325;3.91273;4.89492;5.85641;6.611;7.60711;8.3218;9.20379;10.2015;11.1986;12.0211;12.1452;13.0067;13.6163;14.3323;14.5826;15.3393;15.8463;16.8098;17.8017;17.9242;18.8896;19.4295;19.9756;20.4319;21","15;15.2064;15.5061;15.704;15.8919;15.617;16.2732;16.1851;16.1736;16.1117;16.1795;16.1036;16.6723;16.5987;16.503;15.8617;15.2258;15.122;14.7443;14.8273;15.0951;15.2216;15.2153;15.0239;15.3037;15.2062;14.9211;15",13.1348,"0.55;0.05;0.4"
22.3381,32.9516,0.249383,"1;1.97773;2.4898;3.46443;4.23251;5.11182;6.1117;7.11158;7.99798;8.23796;8.98036;9.57405;10.4699;11.465;11.86;12.415;13.1234;14.1012;14.8732;15.5954;16.5652;17.5213;18.3539;19.3533;20.2683;21","15;15.2099;14.3509;14.1271;14.7675;15.2437;15.2284;15.2131;15.676;16.2983;16.1628;16.4875;16.0431;15.9445;16.1355;16.4186;16.6991;16.4898;16.3191;16.3501;16.3598;16.0667;15.5129;15.4786;15.6766;15",15.6684,"0.55;0.1;0.35"
21.3567,26.3192,0.235295,"1;2;2.99973;3.98362;4.91028;5.73285;6.23481;7.14644;8.0196;8.81266;8.92158;9.77073;10.7707;11.7646;12.4721;13.4715;14.461;15.4589;16.4568;17.4106;18.409;19.355;20.3299;21","15;15;15.0233;15.202;15.5779;15.7003;16.2961;16.7072;16.2197;16.4437;16.6515;16.1234;16.1346;16.0243;15.3177;15.2805;15.4244;15.3597;15.2949;14.9943;15.0514;15.3754;15.1529;15",15.7647,"0.55;0.15;0.3"
22.7168,28.752,0.260112,"1;1.43269;2.11949;2.44946;3.28357;4.211;5.18008;6.04225;6.76724;7.75776;8.05791;8.37724;8.77561;9.47561;10.275;11.1909;12.1559;12.8985;13.8658;14.7336;15.7308;16.5841;17.5599;18.5285;19.2004;19.6752;20.214;21","15;15.1992;15.8388;16.4323;16.7984;16.4244;16.5092;16.1594;15.4706;15.3332;15.6716;16.1182;16.384;16.3077;16.2713;16.4261;16.6882;16.0184;15.7646;16.2614;16.186;15.6646;15.8832;15.6345;15.5212;15.9038;15.5543;15",18.3096,"0.55;0.2;0.25"
22.6149,45.3056,0.246606,"1;1.98737;2.98705;3.98657;4.90766;5.73592;6.65369;7.54149;8.34978;9.12545;10.1137;10.9037;11.629;11.8644;12.5748;12.8084;13.8046;14.5208;15.2076;15.8098;16.0049;16.4624;17.1793;17.9734;18.9734;19.9324;20.5458;21","15;15.1584;15.1331;15.1019;15.4912;15.2125;15.1601;15.6204;16.2091;16.8403;16.6871;16.0741;15.8003;15.7966;16.0418;16.1266;16.2137;15.638;15.6564;14.9895;14.7495;14.2266;13.5295;14.1373;14.1315;14.3793;14.4801;15",23.8139,"0.55;0.25;0.2"
22.1954,49.2562,0.253779,"1;1.62029;2.53301;3.10996;3.92486;4.49602;5.33349;5.86949;6.57362;7.51873;7.68346;8.24049;9.14537;9.61332;10.1806;11.1717;12.1211;13.1052;14.105;15.1038;15.8854;16.0975;16.7163;17.7161;18.3135;19.2843;20.0784;20.3765;21","15;15.513;15.1416;15.2052;15.5794;15.6947;15.6518;15.1436;15.7448;15.7485;15.8785;16.5064;16.306;16.3504;16.6616;16.7945;16.4803;16.303;16.3247;16.3732;15.7494;15.8124;16.3059;16.2879;16.273;16.3131;15.7053;15.2375;15",27.0224,"0.55;0.3;0.15"
22.0016,10.7739,0.23122,"1;1.97061;2.88818;3.8795;4.87885;5.85015;6.60755;6.98359;7.53671;8.53664;9.40928;10.4091;11.3816;12.3192;13.0805;13.0383;13.7683;14.452;15.2196;15.9068;16.7829;17.6259;18.5888;19.0459;19.7606;20.172;21","15;14.7594;14.3618;14.4932;14.4573;14.6951;14.6912;14.7086;14.7024;14.7145;15.2028;15.1853;15.4183;15.6649;15.1154;14.7702;14.2948;14.6469;15.1138;15.5447;15.4109;15.7386;15.469;14.6798;14.9481;14.9988;15",15.8949,"0.55;0.35;0.1"
26.7858,15.3821,0.314992,"1;1.83193;2.22811;2.89247;3.48718;4.4269;4.91048;5.28465;6.28276;6.71281;7.28272;8.0704;9.07017;10.052;11.052;11.898;12.879;13.2385;13.9176;14.9039;15.8612;16.8357;17.7949;18.3521;18.8555;19.5509;19.9865;20.5902;20.9602;21.4992;21.2755;21","15;15.5549;15.6843;15.5688;15.4011;15.4555;14.9613;14.0339;14.0952;14.1194;14.1045;14.7205;14.7421;14.9317;14.9379;14.4047;14.2108;15.1439;15.878;15.7135;16.0026;16.2273;15.9446;16.7749;17.639;17.7725;17.7311;18.2093;17.2802;16.4379;15.6025;15",20.9008,"0.55;0.4;0.05"
23.3506,20.8058,0.260874,"1;2;2.93826;3.34373;4.16966;4.55035;5.24305;5.80354;6.48673;6.97419;7.50563;8.49197;9.34144;9.94314;10.6574;11.2065;12.0321;12.7226;13.578;14.3449;15.2532;16.0748;16.7523;17.7459;18.7129;19.6496;20.4811;21","15;15;14.6541;15.5682;16.132;16.278;16.1106;15.5366;15.3562;15.4208;15.5591;15.7239;15.3252;15.9985;16.0233;16.477;16.1512;15.746;15.2281;15.8699;16.2882;15.7181;16.4537;16.566;16.3112;16.0521;15.6404;15",22.2055,"0.55;0.45;0"
21.4041,11.2985,0.229213,"1;1.74382;2.73209;3.72871;4.59999;5.59841;6.56998;7.56994;8.31515;8.80928;9.476;10.0272;10.7518;11.6726;12.5613;13.5361;14.5228;15.5197;16.4497;17.0623;17.63;18.428;19.145;19.9895;20.915;21","15;15.6684;15.5156;15.4335;15.9243;15.868;15.6313;15.6402;15.549;15.7348;15.6059;15.9621;15.5226;15.1326;14.6742;14.8975;14.7348;14.6571;14.9484;15.3681;15.4182;15.1353;15.1219;14.5864;14.9652;15",12.9342,"0.6;0;0.4"
23.4697,20.6229,0.25132,"1;1.92079;2.89631;3.81828;4.81722;5.61478;6.21516;7.17265;8.16757;9.01127;9.96385;10.8404;11.8369;12.8352;13.7025;14.0567;14.9967;15.579;16.1217;16.9228;17.6994;18.4308;19.3801;20.3084;20.7596;20.6918;21","15;15.3901;15.1702;15.5574;15.5113;16.1146;15.7027;15.9747;15.874;16.3469;16.3337;15.8524;15.7688;15.8269;15.3291;14.3939;14.0527;14.0076;13.753;13.5525;13.8131;13.1312;12.8168;13.1886;13.9844;14.184;15",15.201,"0.6;0.05;0.35"
26.7408,36.5987,0.280686,"1;1.53666;2.16898;2.62452;3.23402;4.23092;5.10818;5.68336;6.51724;6.84592;7.84566;8.6372;9.63606;10.5731;11.5692;12.5686;13.288;13.7996;14.2625;15.2615;15.6264;16.1637;16.813;17.7739;17.8665;18.555;18.9943;19.6554;20.0405;20.8108;20.537;21","15;15.8438;15.9758;16.4857;16.4021;16.3234;16.1912;15.7059;15.154;14.2095;14.187;13.5759;13.6236;13.9729;13.8849;13.9191;13.2245;13.5263;13.4488;13.4048;14.3198;14.8108;15.3313;15.0546;14.0623;13.4101;12.7837;12.6152;12.823;13.4608;14.261;15",19.7886,"0.6;0.1;0.3"
24.1985,25.2492,0.265561,"1;1.90753;2.62623;3.62207;4.35858;5.24278;6.24275;7.21633;7.95368;8.35723;9.08631;9.8168;10.4481;11.013;11.7212;12.2312;13.2;14.1951;15.0461;15.9458;16.872;17.849;18.4139;18.7327;19.629;20.5941;21.305;21","15;15.42;16.1153;16.0242;15.3478;14.8807;14.8883;14.6599;15.3354;16.0171;15.7538;15.4846;15.5119;15.9153;16.4131;16.3383;16.0907;16.1895;16.7146;16.2779;15.9009;15.6877;14.9843;14.2102;13.7666;14.0283;14.7316;15",18.3729,"0.6;0.15;0.25"
23.6097,65.2922,0.274259,"1;1.88405;2.56759;3.38262;3.67002;4.66161;5.6532;5.80041;6.54221;7.40976;8.17928;9.1608;9.57641;10.3101;11.1729;11.9088;12.5446;13.3731;13.8522;14.5696;15.568;16.3988;17.2998;18.0027;18.9743;19.9514;20.5511;21","15;15.2394;15.7243;16.3037;17.2616;17.1322;17.0028;16.5489;16.5449;16.0475;15.4089;15.6002;15.7499;15.7437;16.0402;16.3161;16.0664;15.9903;16.0864;16.7831;16.8388;16.2823;15.867;15.1806;14.9438;15.1565;14.3562;15",27.2791,"0.6;0.2;0.2"
23.9715,45.2823,0.296044,"1;1.83217;1.99502;2.63294;3.40214;4.25852;5.25825;5.84385;6.44841;7.23281;8.23091;9.16889;10.0029;10.824;11.6641;12.4894;13.3564;14.2285;15.0335;15.154;16.055;16.7428;17.5081;17.8372;18.4367;18.9416;19.2264;19.9936;20.4877;20.8889;21","15;15.5545;15.7967;16.2949;16.2473;16.1808;16.1575;16.1681;15.845;16.3076;16.2459;15.8993;16.1105;16.6428;16.1005;16.6652;16.1669;16.6563;16.2761;16.433;16.3619;16.4448;17.0122;17.5135;18.1185;17.6141;17.4123;16.7708;15.9014;15.0399;15",25.7479,"0.6;0.25;0.15"
22.4664,35.7384,0.252234,"1;1.37857;2.13553;2.80518;3.63793;4.63773;5.57471;6.44201;6.85835;7.48472;8.44713;9.22706;10.2187;10.9369;11.7723;12.6693;13.1271;13.7272;14.6496;15.3342;16.1742;16.3615;16.5963;17.2488;17.5724;17.8877;18.242;19.0599;19.8778;20.7194;21","15;15.2932;15.2547;15.5003;15.7289;15.7489;15.3995;15.059;14.9392;14.8745;15.1461;15.7719;15.6428;15.561;15.969;16.2769;16.5493;15.8707;15.6453;15.5865;15.7498;16.0618;16.3402;17.0701;16.9593;16.8457;16.94;16.3646;15.7893;15.2492;15",24.2266,"0.6;0.3;0.1"
24.7,26.7667,0.253706,"1;1.85019;2.83027;3.82991;4.80619;5.76994;6.70137;7.70097;8.6918;9.55441;10.2404;10.5434;11.306;12.0435;11.4324;11.9226;12.1057;13.1013;14.0969;14.7153;15.4097;16.2781;16.752;17.3972;18.145;19.1072;19.8945;20.2316;21","15;14.4735;14.2749;14.248;14.4645;14.7314;14.3674;14.3958;14.5309;14.8557;15.0785;15.2598;14.7495;15.202;14.535;13.6854;14.1646;14.2581;14.3516;14.0393;14.1676;13.7881;13.165;13.929;13.265;13.5371;14.1256;14.4132;15",24.201,"0.6;0.35;0.05"
25.169,31.8455,0.29794,"1;1.99688;2.97848;3.82307;4.08147;4.57864;5.3558;5.58627;6.14044;7.10466;7.38351;8.02806;8.97062;9.03823;9.75406;10.5237;11.2632;11.6514;12.5656;13.1527;14.1424;15.1408;15.4998;15.9676;16.9101;17.7582;18.6435;19.4713;20.1149;20.3412;20.482;21","15;15.079;15.2699;15.8053;16.7714;16.5487;16.9906;16.3455;16.1906;15.9255;15.9959;16.3093;16.6434;16.448;16.0219;16.484;15.8863;16.4932;16.3437;15.6869;15.8304;15.7742;15.8872;16.3367;16.0023;16.532;16.9971;17.5581;16.7927;16.379;15.7728;15",27.8396,"0.6;0.4;0"
25.3936,162084,0.327316,"1;1.97158;2.29042;3.12255;4.11984;4.46009;5.28217;5.90969;6.86303;7.86264;8.86232;9.83586;10.7405;11.7307;12.4646;13.4257;14.4247;15.2585;16.1478;17.062;17.7194;17.9131;18.3109;19.2258;20.1463;20.8818;21.0718;21.4927;21.146;21","15;15.2367;16.1845;16.7391;16.8126;16.8648;17.0353;16.9503;16.6484;16.6207;16.646;16.8745;16.4483;16.3086;15.6294;15.353;15.3093;15.8614;16.3187;16.5155;16.6277;17.325;17.4422;17.8458;18.2366;17.5591;16.7836;16.3329;15.395;15",16.6204,"0.65;0;0.35"
22.6078,40.0175,0.26226,"1;1.99991;2.93652;3.71376;4.61491;5.58924;6.20645;7.20157;8.19668;9.18773;10.1128;11.0251;11.9125;12.529;13.3241;14.2372;15.2066;16.1362;16.7791;17.4507;18.2787;19.2738;20.0261;20.7117;20.983;21","15;15.0136;15.364;15.9932;16.4267;16.212;16.4679;16.3691;16.2704;16.3588;16.667;16.2576;16.7186;16.1999;16.3416;16.222;16.4674;16.0988;15.8773;15.6174;16.1443;16.0459;16.7047;15.9767;15.551;15",16.7746,"0.65;0.05;0.3"
22.7834,60.4663,0.258432,"1;1.99336;2.72944;3.62439;3.86888;4.58749;4.9317;5.9208;6.85993;7.72653;8.61516;9.60261;10.5917;11.4725;12.4724;13.2335;13.9347;14.3352;15.3065;16.292;17.152;18.0458;18.8035;19.7915;20.4179;21.3292;21","15;15.1151;14.4382;13.992;14.1002;14.6076;15.0955;14.9482;15.2918;15.7908;16.2494;16.4074;16.2599;16.7332;16.7483;16.7603;16.5096;16.3043;16.5424;16.3727;16.2343;16.3534;15.8087;15.9634;15.8208;15.7523;15",20.9205,"0.65;0.1;0.25"
34.3348,52.8974,4.9755,"1;1.66558;2.62528;3.16796;3.8191;4.81196;5.672;5.62776;5.63574;5.36623;5.25567;5.24275;5.82485;6.77351;7.76938;8.64883;9.13392;9.83725;10.7492;11.6869;12.5379;13.4377;14.0642;15.0232;15.6371;15.9942;16.9234;17.9108;18.8865;19.1885;19.986;20.802;21.5485;22.1539;22.745;22.7531;22.5906;21.9385;21.1267;21","15;15.7463;15.4653;16.3052;17.0642;16.9449;17.4551;18.4541;19.4541;19.8143;20.4645;21.1997;21.4339;21.7502;21.6595;21.39;22.0346;22.7061;23.1165;23.4639;22.9388;22.5025;21.7231;21.4396;21.6319;21.6785;22.0483;21.8904;21.6713;20.718;20.1147;19.5366;18.8713;18.0753;17.2687;16.316;16.0867;15.6396;15.0821;15",31.2474,"0.65;0.15;0.2"
21.5244,13.0032,0.232077,"1;2;2.80226;3.69359;4.36814;5.3639;6.32395;7.23193;8.2316;9.23127;10.2294;11.2292;12.1754;13.1586;14.1575;15.1259;15.5947;16.4739;17.1759;17.9225;18.4906;18.6453;19.5502;20.4643;21","15;15;15.597;15.3503;15.2856;15.3776;15.5612;15.3524;15.3268;15.3012;15.2402;15.2179;15.5415;15.359;15.3133;15.5629;16.4462;15.9697;15.7868;15.9166;15.0937;15.0305;15.0591;14.9579;15",16.6263,"0.65;0.2;0.15"
37.116,23.8241,6.5892,"1;1.98526;2.13473;2.59217;3.24312;3.98011;4.39551;4.828;5.5539;5.05096;4.77641;4.48827;4.4763;5.32643;5.86462;6.51387;7.44658;7.6084;7.75911;8.74536;9.57127;10.4994;11.4955;12.3114;13.3068;14.2506;15.1944;15.8917;16.6133;17.1098;18.1081;19.0099;19.9268;20.7731;21.3798;22.0188;22.5955;22.1688;21.4681;21.2559;21.0859;21.3207;21","15;15.171;16.1598;17.049;17.8082;18.4841;19.1502;19.2748;19.7014;20.5657;21.1889;21.8961;22.5666;22.9705;22.7177;22.6071;22.6537;22.184;21.7842;21.6189;22.1827;22.5549;22.4656;21.8875;21.9829;22.3136;22.644;23.3609;22.6686;21.8005;21.8588;21.4268;21.0502;21.5442;20.7492;19.98;19.163;18.3756;17.6622;16.9028;16.0274;15.0567;15",30.7403,"0.65;0.25;0.1"
23.6652,57.2527,0.26247,"1;2;2.89243;3.47084;3.94906;4.46512;5.46498;6.1619;7.09168;8.02491;8.81558;9.08989;10.0155;11.0075;11.5475;12.0369;12.6494;13.5829;13.8752;14.8716;15.7805;16.3487;16.6767;17.5633;18.1409;18.7014;19.4464;20.4343;21","15;15;14.5488;14.6586;15.0779;15.6032;15.6202;14.903;14.5349;14.1756;14.7879;15.7495;16.1279;16.0012;15.8495;15.6497;16.3474;16.3068;16.7166;16.8009;16.3839;16.4818;16.8276;16.3651;15.5487;14.8889;14.7558;14.9111;15",32.5713,"0.65;0.3;0.05"
36.4059,22.3732,6.53034,"1;2;3;3.61749;4.37288;4.34305;3.49738;2.72366;3.40083;3.82916;4.1913;4.51174;5.09156;6.02114;6.82944;7.6957;7.82438;8.5052;9.50124;10.3053;11.3001;11.6716;12.6605;13.5406;13.7156;14.6264;15.6065;16.1403;16.6742;17.5022;17.5204;18.4404;18.7826;19.7568;20.6938;21.5044;22.2214;22.1036;22.2073;22.5926;21.9472;21.3019;21","15;15;15;15.7866;16.4419;17.4414;17.9751;18.6087;19.2736;20.0987;20.9444;21.2888;21.3973;21.7659;22.3547;22.8542;22.9457;23.4414;23.3525;23.947;23.8453;24.0617;24.0429;24.2216;24.1543;23.7414;23.5425;22.697;21.8514;21.3469;21.3185;20.9267;19.9871;20.2129;20.2916;20.2416;19.7377;18.8025;17.8079;16.8851;16.1212;15.3573;15",31.4945,"0.65;0.35;0"
23.1431,89.7783,0.278568,"1;1.42163;1.7642;2.75925;3.64211;4.59231;5.39449;5.96711;6.90992;7.74685;8.54283;9.45297;10.4143;11.3663;12.3024;13.2551;14.2209;14.6681;15.5997;16.5764;17.5749;18.0268;19.0268;19.7639;20.5248;21","15;15.6358;16.2376;16.2245;16.6941;17.0058;16.6271;16.3127;16.646;16.0987;16.704;16.2897;16.5651;16.8713;16.5196;16.8236;16.5641;16.2633;16.1853;15.9709;15.9151;16.8072;16.8089;16.1332;15.4842;15",16.2838,"0.7;0;0.3"
23.4511,21.0633,0.249899,"1;1.75019;2.74996;3.37519;4.10328;5.02596;5.88688;6.73548;7.00792;7.94432;8.91839;9.69575;10.4485;11.3659;12.3613;13.1445;14.0205;15.0194;15.6643;16.3294;17.1192;18.1101;18.7872;19.6731;20.4992;21","15;15.6612;15.6823;15.85;16.3734;15.9878;15.479;14.95;13.9878;13.6369;13.4107;14.0397;13.7902;14.0635;14.1591;14.6224;14.8316;14.8787;15.4115;15.6622;16.2756;16.1408;15.4049;14.941;14.3775;15",17.5314,"0.7;0.05;0.25"
22.742,17.667,0.241172,"1;1.91065;2.72984;3.50731;4.38053;4.63153;5.42387;6.05505;6.48867;7.4069;7.78428;8.41737;9.30313;10.2069;11.1742;11.9497;12.7603;13.5373;14.4657;15.2938;16.1762;16.4212;16.9714;17.5745;18.5636;19.4595;20.4547;21","15;15.4132;15.3159;15.4954;15.057;14.8232;14.2834;14.126;13.5845;13.9806;14.2994;14.3293;14.2518;13.8238;14.0776;14.7089;15.2946;15.924;16.2956;15.7351;16.2057;15.4738;15.4243;15.5113;15.3637;14.9194;15.0165;15",17.7344,"0.7;0.1;0.2"
27.1409,26.4733,0.278452,"1;1.9995;2.98135;3.72935;4.59656;5.51288;5.93741;6.41596;7.41359;8.34583;9.1773;9.94621;10.5335;11.4161;12.3799;13.2462;14.2392;15.1378;15.3134;16.0355;16.8625;17.161;17.9889;18.7164;19.1779;19.8198;20.1127;20.6094;21.2253;21.9133;22.6229;21.9983;21.2503;21","15;14.9685;15.1582;14.596;14.361;13.9606;13.8199;13.5311;13.5998;13.9617;14.4602;14.8059;14.7724;15.0888;14.8223;15.3217;15.2037;14.765;13.7805;13.5513;13.8877;13.2027;13.2434;13.0842;12.8008;12.3251;11.968;12.3226;12.5014;12.898;13.4748;14.1143;14.7779;15",23.0114,"0.7;0.15;0.15"
23.626,29.2324,0.251102,"1;1.7476;2.14639;3.0025;3.15699;4.02806;4.94457;5.91291;6.68183;7.67487;8.6533;9.30758;10.3042;10.7652;11.5353;11.9929;12.7659;13.6778;14.5957;14.7655;15.5728;16.4333;16.6752;17.0486;17.7759;18.1718;19.1552;19.9474;20.5356;21","15;14.7766;14.5349;14.5187;14.5892;14.0981;13.8657;13.9179;13.3017;13.4195;13.6261;14.3823;14.3;14.4956;15.1273;15.3073;15.9418;16.3523;15.9555;15.5588;15.6007;15.1117;15.4266;15.9146;15.3414;16.0162;16.1976;15.5874;14.7787;15",22.4098,"0.7;0.2;0.1"
23.3204,11.538,0.248549,"1;1.64809;2.5235;3.36622;3.92925;4.67338;5.33239;6.02574;6.65331;7.57662;8.32773;8.72529;9.44684;10.4467;11.3912;12.1695;13.1034;13.5637;14.0468;15.0462;16.0383;17.0323;17.9654;18.6341;19.5501;20.4132;20.7786;21","15;15.7616;15.3678;15.6028;15.4543;15.3931;15.4995;15.6627;15.4641;15.2565;15.1929;14.9324;14.4027;14.419;14.7476;15.3754;15.0902;15.1609;14.2853;14.2509;14.3757;14.4852;14.845;15.5885;15.9896;16.4947;15.5639;15",19.2212,"0.7;0.25;0.05"
33.527,17.6137,6.42028,"1;1.14851;1.50343;1.57497;2.26499;2.79503;2.85013;3.6697;4.23534;4.46434;5.12615;5.66865;6.1811;6.77309;7.11976;7.92291;8.70553;9.54081;9.75288;10.5008;11.4894;11.9903;12.8756;13.0836;13.4322;13.9514;14.5895;15.5399;16.0885;16.9138;17.6693;18.6513;19.6176;20.591;20.654;21.2846;21.5376;21.8887;22.044;21.9536;21.3512;21","15;15.3358;16.0893;16.7507;17.4745;18.3224;19.3209;19.8939;20.2892;21.0968;21.7114;21.9336;21.9374;22.6592;22.621;23.0552;23.1529;23.1246;23.1662;22.6301;22.4795;22.366;22.2293;22.1696;22.0071;22.8617;23.6317;23.3207;22.4846;21.9199;21.2648;21.454;21.7112;21.4821;20.4841;19.708;19.0815;18.2471;17.2592;16.2633;15.4652;15",28.753,"0.7;0.3;0"
22.5632,14.1751,0.250139,"1;1.44313;2.34302;2.91149;3.79283;4.72745;5.70086;6.49609;7.39182;8.37252;8.91132;9.88446;10.7531;11.2393;12.1313;12.6375;13.3521;14.2272;15.1606;15.9975;16.2616;17.1655;17.9991;18.8156;19.6351;20.4437;20.8781;21","15;15.3055;15.7089;16.1402;16.3855;16.0299;15.8008;16.4071;15.9625;15.767;15.3175;15.2067;14.7112;14.9593;15.257;15.7645;15.6497;15.8493;15.4903;15.2716;15.3522;15.5423;15.8825;16.4599;16.3499;16.1535;15.2527;15",16.9849,"0.75;0;0.25"
29.6278,47.8345,4.18465,"1;1.48787;2.30543;3.0021;3.77155;4.18769;4.94032;5.42986;5.43213;5.21622;5.99182;6.49995;6.82344;7.81401;8.38826;8.99198;9.9908;10.8796;11.8771;12.8711;13.8652;14.8633;15.8499;16.7013;17.4565;17.6;18.3713;18.9046;18.5823;18.62;19.0378;18.7793;18.761;19.4696;20.4446;21","15;15.4138;15.7894;16.4271;17.0413;17.8245;18.2388;18.7533;19.7533;20.7297;21.3272;21.5483;21.9002;22.0372;22.3221;22.8017;22.8503;22.392;22.4638;22.3544;22.2461;22.1855;22.0221;21.4977;20.8421;20.6486;20.1079;19.4995;18.6995;18.3819;17.7853;17.0072;16.0115;15.3059;15.0837;15",25.4495,"0.75;0.05;0.2"
23.1681,37.5954,0.256585,"1;1.59588;2.53076;3.52633;4.49342;5.18624;5.68087;6.22085;6.82496;7.21353;8.20621;9.10677;9.94192;10.6992;10.9569;11.645;12.415;13.0864;14.0349;15.0196;15.3289;16.1542;17.0463;17.7362;18.6892;19.258;19.9511;20.5215;21","15;14.9941;15.1166;15.0226;14.9214;15.087;15.9561;16.7978;16.3935;16.677;16.5563;16.1711;15.8888;15.5454;15.4612;15.1702;15.8082;16.5493;16.2326;16.0583;15.1074;15.0738;15.215;14.9913;15.2697;15.1776;15.1653;14.693;15",21.1741,"0.75;0.1;0.15"
22.2512,36.3543,0.25315,"1;1.98639;2.46407;3.36035;4.07856;4.93957;5.77313;6.51297;7.48526;7.68153;8.60319;9.30338;10.0154;10.2001;11.189;12.0616;12.4707;13.27;13.8359;14.6017;15.5846;16.5676;17.2113;17.9819;18.75;19.233;19.8958;20.725;21","15;14.8356;15.7141;16.0165;15.7003;16.2089;16.7613;16.4867;16.4468;16.3619;15.9739;15.991;16.5466;16.6196;16.4713;15.9828;16.122;16.4093;16.2961;16.1968;16.013;15.8291;15.2076;15.1111;15.689;15.7103;15.7445;15.1854;15",22.1669,"0.75;0.15;0.1"
21.973,16.0108,0.23062,"1;1.8939;2.88758;3.20425;4.00944;4.6322;5.36894;5.63832;6.52215;7.13641;8.06732;8.73777;9.73354;10.2992;10.5906;11.5849;12.1952;13.0916;13.7472;14.7411;15.6145;16.566;17.5657;18.5243;19.5208;20.3157;21","15;15.4483;15.5606;15.6019;15.3119;14.879;14.7602;14.5944;14.1879;14.635;14.2697;13.5278;13.6197;14.037;14.1349;14.2415;15.0337;15.3829;15.8036;15.6935;15.2065;14.8988;14.9216;15.2066;15.1234;15.1372;15",19.6935,"0.75;0.2;0.05"
35.9206,77.0463,5.40203,"1;0.92499;1.44133;2.44132;2.93907;3.17515;4.08139;4.93012;5.87684;5.47082;4.97781;5.29029;6.02929;6.44197;6.75373;7.75223;8.53676;8.68121;9.61004;9.81348;10.7334;11.5464;12.1953;12.7448;13.5212;14.1129;14.4919;15.1948;16.184;16.8617;17.7072;18.6917;19.4744;19.9566;20.8899;21.2628;21.3606;22.1589;22.0226;22.184;21.9861;21.312;21","15;15.9972;16.8536;16.8515;17.7188;18.6906;19.1133;19.6421;19.9642;20.6521;21.4179;22.284;22.3307;21.476;21.4301;21.4849;21.7436;21.1147;21.4852;21.8837;22.1399;21.9309;22.379;22.3969;22.9369;22.2029;21.6728;21.505;21.6514;22.3867;21.8528;21.6775;21.1289;20.9165;20.5573;19.6294;19.0088;18.4494;17.5625;16.8239;16.0804;15.3418;15",46.202,"0.75;0.25;0"
21.7073,13.6166,0.228031,"1;1.99818;2.99734;3.89683;4.32793;5.21007;5.92821;6.72788;7.62261;8.62184;9.62006;10.6082;11.569;12.5682;13.3741;13.9839;14.7397;15.1509;15.7099;16.7006;17.6551;18.5875;19.3799;20.3211;21","15;14.9397;14.9805;15.0764;15.1516;14.9576;14.8447;15.1184;15.5244;15.4852;15.5448;15.3913;15.114;15.1551;15.7471;14.9546;14.9086;14.2397;13.7913;13.6556;13.9541;14.3155;14.8394;15.1715;15",17.4114,"0.8;0;0.2"
31.1012,65.6629,4.32277,"1;1.07941;1.85348;2.84988;3.61179;4.24135;4.67049;5.33256;5.37449;5.53352;5.72044;5.98311;6.75082;7.6004;8.43215;9.29413;10.1216;10.9977;11.148;12.0328;12.7224;12.9867;13.8158;14.628;15.4509;16.1054;16.4643;17.4643;18.4632;18.8018;18.9052;18.7146;19.1985;19.6513;20.2163;20.9367;21","15;15.9968;16.6299;16.5451;17.1928;17.9698;18.3966;19.1391;19.2583;20.2455;21.2279;21.6392;21.9563;22.0124;22.3913;21.8844;21.5046;21.2903;21.8005;22.0543;21.8599;21.1719;21.3081;21.6564;22.0937;22.2102;22.0881;22.0971;22.0505;21.1095;20.1149;19.1332;18.2581;17.3665;16.5414;15.9175;15",28.8126,"0.8;0.05;0.15"
34.9466,67.9701,5.03813,"1;1.99926;2.67469;3.4053;4.06636;4.66867;5.19158;5.49833;5.72637;5.28529;5.53328;4.59015;4.61819;5.09443;5.97119;6.7334;7.70148;8.69252;8.83862;9.56603;10.5653;11.5626;11.6155;12.4179;13.3337;14.3337;15.3173;16.1289;16.8558;17.8526;18.2222;18.9902;19.6162;20.136;21.1343;21.8846;21.6893;21.4941;21.2988;21.1035;21","15;14.9616;15.645;16.0973;16.8476;17.4945;17.974;18.5047;18.9501;19.4861;19.9313;20.2637;21.2633;22.1426;22.6236;21.9762;21.7256;21.8591;21.8135;21.3723;21.3337;21.2602;21.322;21.7782;21.3765;21.3828;21.5633;22.1474;22.8342;22.914;21.9848;21.3444;20.9305;20.1627;20.104;19.4429;18.4621;17.4814;16.5006;15.5199;15",35.2581,"0.8;0.1;0.1"
32.8085,20.932,5.44661,"1;1.99302;2.19673;2.2791;2.72814;3.48895;3.83474;4.64532;4.72183;4.60297;4.39358;5.20079;6.18374;7.14841;8.14135;8.50305;8.98739;9.96059;10.9522;11.8165;12.602;13.2711;14.0583;14.5147;14.9924;15.9577;16.9394;17.9204;18.4732;19.1074;19.5653;19.777;20.2486;20.1618;20.832;20.6324;21.0635;21.2759;21","15;15.1179;15.6695;16.2502;16.7757;17.4247;18.363;18.9486;19.8529;20.6605;21.6384;22.2286;22.4125;22.676;22.7946;22.577;22.2615;22.0315;21.9023;22.4053;21.7865;22.5298;22.0311;21.8743;21.5557;21.8168;22.0073;22.2015;21.6567;21.4254;21.6249;20.6475;19.7657;18.7695;18.0272;17.1013;16.516;15.5388;15",29.6589,"0.8;0.15;0.05"
22.2719,18.3435,0.254764,"1;1.69776;2.09446;2.7452;3.5625;4.02462;4.79118;5.76304;6.7431;7.73817;8.71133;9.70703;10.6464;11.6001;12.0382;12.7257;13.5246;14.5243;14.9083;15.4257;16.2172;17.1972;18.0672;18.9377;19.7386;20.3086;20.8785;21","15;15.1527;15.5632;16.049;16.4257;15.8639;15.775;15.9104;15.7117;15.6125;15.8427;15.9353;15.5925;15.8935;15.7504;15.9325;16.0474;16.0208;16.1506;16.378;16.3252;16.1261;16.619;17.0934;16.8184;15.9968;15.1751;15",21.4862,"0.8;0.2;0"
22.6739,17.7486,0.25744,"1;1.74108;2.00109;2.7808;3.76231;4.43095;5.42995;6.42657;7.42319;8.41973;9.41793;10.3689;10.9768;11.9119;12.681;13.1856;13.3582;14.2887;15.2801;16.1958;16.8882;17.51;18.2182;19.1434;19.4597;20.3294;21","15;15.6714;16.637;17.2632;17.0718;16.3282;16.2836;16.2014;16.1192;16.0362;16.0963;15.787;15.7972;15.8497;15.9615;16.1294;16.2514;15.885;15.7542;15.3524;14.6308;14.4277;14.1022;14.4142;14.1258;14.6194;15",19.3115,"0.85;0;0.15"
22.9627,21.2112,0.247273,"1;1.82595;2.73349;3.37113;4.01285;4.4361;5.26627;6.15795;7.09408;8.08983;8.8043;9.67141;9.72777;10.5678;11.5585;12.4221;13.4179;14.4158;15.4092;16.1784;17.1696;17.7646;18.4835;19.4521;20.1688;21","15;15.2806;15.6284;16.1317;16.4702;16.8222;16.4732;16.0205;16.3722;16.28;15.5804;15.0822;14.3507;13.8432;13.7078;14.212;14.3035;14.239;14.3538;13.7148;13.8472;13.7645;14.3543;14.6028;15.3002;15",20.6036,"0.85;0.05;0.1"
22.8561,18.4768,0.254051,"1;2;2.90202;3.55846;3.84687;4.66329;5.56826;6.00109;6.30811;6.78523;7.2772;8.04806;9.04329;9.92778;10.9103;11.8662;12.6904;13.5253;14.5008;15.3188;16.1986;17.1602;17.7418;18.4457;19.4288;20.4179;21","15;15;15.3412;15.7435;16.5965;17.174;16.7485;16.3074;15.6545;15.3124;15.0631;15.4661;15.3685;14.9019;14.7158;15.0095;15.5309;15.7605;15.9808;16.1779;16.3705;16.096;15.2826;15.2182;15.0639;14.9165;15",21.2881,"0.85;0.1;0.05"
23.5341,38.9627,0.259929,"1;2;2.76616;3.18399;3.90581;4.86514;5.86013;6.62281;7.41297;8.18768;8.41053;9.41051;10.4091;11.4068;11.44;12.3993;13.3803;14.3357;14.9038;15.7883;16.7882;17.3464;17.9063;18.8431;19.2288;19.9014;20.6301;20.8476;21","15;15;15.0983;15.1655;14.9627;15.245;15.345;15.9917;16.6046;16.2401;16.5347;16.5288;16.475;16.5423;16.4503;16.4202;16.6142;16.3191;15.4961;15.0297;15.0143;14.3948;13.6885;13.3387;13.1197;13.1503;13.3402;14.3162;15",25.8484,"0.85;0.15;0"
29.2152,210646,3.71295,"1;1.48383;2.15963;2.47643;3.13186;3.38092;3.91106;3.90464;4.41581;4.5728;5.17462;5.87112;6.83671;7.62467;8.26464;9.26251;9.73351;10.4495;11.0771;12.0583;12.9778;13.7324;14.7319;15.7319;16.6806;17.164;18.119;18.7023;18.9245;19.6033;20.3893;20.9456;20.5414;20.6176;21","15;15.8752;16.6122;16.9894;17.4212;18.0216;18.7762;19.4027;20.106;20.1748;20.9526;21.6702;21.9055;22.1201;22.0578;21.9925;21.9791;21.5704;21.7756;21.5824;21.9755;21.3193;21.3517;21.3593;21.6752;20.7998;21.0964;20.2841;19.3091;18.5747;17.9565;17.1255;16.2108;15.7912;15",26.665,"0.9;0;0.1"
23.0841,49.9841,0.259081,"1;1.92045;2.6967;3.68925;4.56004;5.32628;5.94243;6.62337;7.36636;7.83612;8.72292;9.34556;9.96274;10.8687;11.7188;12.2319;12.831;13.8177;14.8012;15.3671;15.6843;16.3547;16.9076;17.7174;18.6418;19.2384;19.806;20.72;21","15;14.8192;14.2469;14.1251;14.6167;15.2593;15.0728;15.2018;15.5158;16.3971;16.2023;16.5281;16.029;15.8425;16.01;16.499;16.6379;16.8003;16.619;16.1472;15.8388;15.4787;15.9736;16.3545;15.9731;15.7977;15.6733;15.7714;15",23.2879,"0.9;0.05;0.05"
22.3341,26.122,0.233705,"1;1.80731;2.78511;3.71498;4.49634;5.16111;6.06504;7.05187;7.93716;8.82869;9.82392;10.821;11.6102;12.2876;12.8956;13.5961;14.3694;15.3618;16.3413;17.3369;18.3325;19.327;20.2865;21","15;15.5901;15.7997;15.4318;14.8077;14.0607;13.633;13.7947;14.2598;13.8068;13.9044;13.8286;13.2143;13.9499;14.2818;14.8852;15.5183;15.6414;15.4398;15.3458;15.2518;15.3563;15.0745;15",22.7129,"0.9;0.1;0"
35.4224,38.1345,8.39008,"1;1.14753;1.82143;2.524;3.23551;4.2149;5.14631;5.31933;5.58978;5.39317;5.56042;5.95032;5.92341;6.85731;7.81877;8.77516;9.61535;10.5996;11.5158;12.3479;12.9966;13.5884;14.0124;14.4237;15.3201;15.7641;16.1104;17.0769;18.0447;19.044;19.3859;19.5795;20.233;20.3512;20.4694;21.3539;21.2656;21.1773;21.089;21.0008;21","15;15.3312;15.7967;15.8517;16.5544;16.7564;17.1204;18.097;18.8404;19.8209;20.8068;21.7277;22.7273;23.0848;23.3598;23.6519;24.1941;24.0176;23.6169;23.5591;23.6928;24.0484;23.9948;23.2076;23.6508;23.7396;24.4751;24.3367;24.0848;24.1231;23.1834;22.2023;21.4454;20.4524;19.4595;18.993;17.9969;17.0008;16.0047;15.0086;15",34.0708,"0.95;0;0.05"
32.4654,45.8626,4.18235,"1;1.91163;1.97812;2.64678;3.07024;4.06757;4.71307;4.88977;5.23524;4.89566;5.07059;5.39862;5.86744;6.85198;7.85073;8.80356;9.54716;10.3625;10.5276;11.3841;12.3574;13.0458;13.4328;14.2003;14.6674;15.1559;16.1093;17.0815;17.7689;18.4496;19.1857;20.0437;20.8326;21.2444;22.133;22.1332;21.6902;21.7831;21.928;21.6151;21.4816;21","15;15.411;16.4088;16.9863;17.8484;17.7755;17.9785;18.3762;18.9696;19.4796;20.28;21.1387;22.022;22.1971;22.1471;21.8436;22.0926;21.8331;21.8923;21.7232;21.5547;22.055;21.6224;21.5111;21.557;21.2166;21.5182;21.7524;21.0262;21.0403;21.0519;20.5383;20.0667;19.6226;19.1639;18.7455;17.8527;17.2563;16.3774;16.0359;15.7161;15",33.1353,"0.95;0.05;0"
25.3568,68.9709,0.292682,"1;1.73494;2.25306;3.09732;4.07868;5.07208;6.0413;7.03036;8.02823;8.74755;9.59132;10.5045;11.4881;12.4383;13.3046;14.3026;15.1456;15.5189;16.4242;17.424;18.14;19.1376;19.9859;20.6015;21.4618;21.6432;21","15;15.6781;16.5334;17.0694;16.8772;16.9919;16.7457;16.5982;16.6634;15.9687;16.5054;16.0978;15.9176;16.2293;16.7288;16.7916;16.2537;15.326;14.9012;14.9228;14.2247;14.2947;13.7653;13.6564;13.4616;14.445;15",25.3568,"1;0;0"
