Length, Risk, TravelTime, Paths.x, Paths.y, Cost, Weight
23.2387,24.334,0.253193,"1;1.87813;2.6755;3.59343;4.58172;5.54434;6.34609;6.90754;7.65518;8.21876;8.9784;9.80435;10.1659;10.802;11.5946;12.4631;12.9814;13.4113;14.2554;14.913;15.8597;16.4114;16.8621;17.7279;18.5857;19.1008;19.6468;20.4828;21","15;14.5216;13.9181;13.5213;13.6739;13.9448;14.2882;14.6228;15;15.5874;15.7155;16.1304;16.7571;16.4425;16.6915;17.1337;16.5856;16.4745;16.1058;15.3985;15.0833;14.983;14.1469;14.0173;13.7009;13.9259;14.2292;14.7342;15",0.253193
"0;0;1"
23.564,4.36777,0.31538,"1;2;2.97759;3.96562;4.29442;5.01736;5.55881;6.12784;6.47939;7.09163;7.91417;7.72328;8.456;9.26001;9.75112;10.6062;10.8202;11.7301;12.1014;12.9367;13.6231;14.4705;14.9788;15.3647;15.86;16.535;17.1552;17.552;18.539;19.0909;19.7993;20.0059;20.4154;21","15;15;14.7895;14.9438;15.0972;15.048;15.0541;15.136;15.1563;15.7125;16.2812;17.0419;17.1699;17.5661;18.0788;17.9826;18.0532;17.923;17.882;18.0166;18.014;17.4905;17.2397;16.9313;16.4412;16.492;16.3781;15.8736;15.9321;16.0742;16.1417;15.1843;14.7967;15",0.517999
"0;0.05;0.95"
25.4073,3.58876,0.465361,"1;1.78084;2.09508;2.96986;3.62714;4.0124;4.50332;4.47734;4.73546;5.7133;6.239;6.86332;7.68292;8.1618;8.7213;9.42931;9.75033;10.7473;11.6866;12.4159;12.974;12.9397;12.997;13.7911;14.5548;15.2678;15.6045;16.4448;16.8899;17.7595;18.2792;19.1122;19.8303;20.1829;21","15;14.5597;14.4537;14.5641;15.0445;15.4371;15.7456;16.7394;17.1324;17.3418;18.1925;18.0642;18.0096;18.2077;18.5711;18.9211;19.0598;19.138;19.4811;19.2959;18.9208;18.0652;17.4694;17.2257;16.5802;16.0094;15.8274;15.2852;14.6673;15.1612;14.9423;14.7217;14.7857;14.8815;15",0.777701
"0;0.1;0.9"
25.3199,4.96485,0.358906,"1;1.90429;1.92218;2.86363;3.85624;4.18832;5.08528;5.60844;6.25682;7.2551;7.20142;7.32621;7.13255;7.35926;7.71677;8.34713;8.93546;9.67734;9.88769;10.6038;11.5705;12.3665;13.1668;13.7022;14.2611;14.6652;15.3046;16.2776;16.9214;17.8125;18.5373;18.9231;19.6963;20.6348;21","15;15.376;15.3868;15.0496;15.171;15.2068;15.1588;15.3155;15.0667;15.0081;15.7833;16.7076;17.6887;17.9721;18.511;18.8096;18.348;18.2306;17.7676;17.7537;17.4976;17.7208;17.9135;17.5155;16.9736;16.7302;16.3523;16.1213;16.1018;16.4521;16.1477;15.8121;15.6003;15.6609;15",1.0498
"0;0.15;0.85"
22.8619,5.54437,0.28579,"1;1.4877;1.94835;2.75263;3.5498;4.52856;5.25133;5.79365;6.76693;7.35676;7.77921;8.35134;8.98952;9.19685;9.97338;10.7589;11.1449;11.758;12.3356;12.8618;13.5473;13.9888;14.9079;15.8601;16.8554;17.139;17.9858;18.0558;18.6779;19.4918;20.1225;21","15;15.0958;15.3172;15.024;15.4212;15.2715;15.9515;16.7481;16.8977;17.102;17.1514;16.998;16.706;16.4641;17.0942;17.713;17.7931;17.7557;17.5508;17.6519;17.0428;16.854;16.5292;16.224;16.1266;16.1376;15.8878;15.4608;14.8102;15.2729;15.0458;15",1.33751
"0;0.2;0.8"
26.985,2.87092,0.562246,"1;1.35958;2.0088;2.75653;3.39046;4.25075;5.03686;5.63875;6.50909;6.46796;6.33329;7.0646;7.75079;8.42819;8.76343;9.76066;10.5409;11.0295;11.7416;12.7252;13.3211;13.9313;14.7051;15.1283;15.8711;16.3087;16.9765;17.7756;17.418;17.2533;18.2533;18.6551;19.3171;20.161;21","15;15.031;14.9596;15.0026;15.0337;15.4673;15.9471;16.4598;16.8403;17.5536;18.3463;18.7093;18.7647;19.2133;19.121;19.1433;19.7588;19.5341;19.0277;19.052;18.8657;18.4068;17.9518;17.2258;17.2628;17.9931;17.3949;17.2209;16.635;15.6487;15.6531;14.8988;14.9621;14.7405;15",1.13941
"0;0.25;0.75"
25.7323,2.88308,0.647481,"1;1.93179;2.64097;3.05607;3.52057;4.24599;4.85878;4.91202;5.59901;6.57632;7.27867;7.71383;8.48861;9.42101;10.3551;11.275;12.18;13.1102;13.5584;14.2274;14.5084;15.0745;15.6041;16.239;16.7242;17.053;17.4348;18.0829;18.8539;19.7083;20.4628;21","15;14.637;15.225;15.9171;16.7171;17.355;17.6355;18.4617;19.1751;19.3869;19.3621;19.4273;19.9727;19.6112;19.4562;19.57;19.1447;18.974;18.1182;17.9337;17.8057;17.346;16.7766;16.1;15.3099;14.3659;14.0052;14.1021;14.7205;14.6088;14.8197;15",1.31816
"0;0.3;0.7"
28.1407,3.18156,0.804586,"1;1.92818;2.6248;3.19693;3.54216;4.51285;5.50641;6.10154;6.41082;7.11679;7.79503;8.27898;8.84923;9.10177;9.78173;10.5274;11.4334;12.1113;12.9027;13.4176;13.4714;13.4699;14.2017;14.9639;15.3765;16.1961;16.1826;17.0294;17.1445;17.3613;17.825;18.5002;19.4416;20.2096;20.9775;21","15;14.6279;15.3453;15.1297;14.9472;15.1876;15.3009;15.8779;16.6492;17.2687;17.1368;18.0033;18.3265;19.146;19.8151;20.3511;20.0828;20.4896;20.6035;19.8974;19.6824;18.7209;18.8007;18.2883;18.081;17.7403;16.7585;16.6044;16.3809;15.661;14.7751;14.0374;13.7002;14.3407;14.9812;15",1.63653
"0;0.35;0.65"
25.3441,6.00152,0.426919,"1;1.63601;2.03476;2.78575;3.5727;4.0359;4.92138;5.83179;6.63916;7.26539;7.73629;7.67466;7.54345;8.15929;9.06752;9.38544;10.1643;10.8379;11.343;11.883;12.8424;13.5067;14.2423;14.7572;15.2314;16.2291;16.6242;17.2671;17.6919;18.1037;18.924;19.1718;19.9054;20.6835;21","15;14.7041;14.4326;14.4276;14.0725;14.3606;14.4028;14.4102;14.5697;14.5362;15.4184;15.6563;16.3132;17.0218;16.9784;17.2345;17.3537;17.6359;17.5157;18.0523;18.3343;18.5203;19.0558;19.2151;19.2799;19.2124;18.7122;18.0204;17.3418;16.7355;16.3845;15.5057;15.0056;15.379;15",2.65676
"0;0.4;0.6"
24.8569,5.97433,0.31439,"1;1.4416;1.99129;2.99127;3.77834;4.48734;4.91719;5.16901;5.94872;6.66983;7.62933;8.32557;9.28056;9.72917;10.5069;10.7061;11.7016;12.6105;13.3479;13.8371;14.8122;15.1675;16.0248;16.7209;17.4135;18.159;18.7864;19.2925;20.0193;20.4626;21","15;14.9714;14.8683;14.8752;15.4921;15.915;16.4608;16.6808;16.9699;17.2591;16.9774;16.2596;16.5562;17.45;17.7425;17.6636;17.7581;18.1753;17.4999;16.6277;16.4061;15.4714;15.8988;15.3991;14.8967;15.5632;14.7982;14.5152;14.3695;15.0645;15",2.86136
"0;0.45;0.55"
24.7069,2.27379,0.901346,"1;1.9402;2.53737;3.00798;3.51178;4.06218;4.55529;5.14155;6.03793;6.55183;7.32294;8.00821;8.9459;9.26972;10.0983;10.9211;11.9183;12.8904;13.671;14.0854;14.2196;14.8205;15.6491;16.461;17.3841;17.8892;18.0712;18.2859;19.2717;20.1537;21","15;15.3406;16.1427;16.234;16.7991;17.019;17.1796;17.5634;18.0067;18.8645;18.9147;19.167;19.1399;19.2857;19.8456;20.4138;20.3385;20.5731;20.5558;20.0876;19.5506;19.1185;18.6515;18.2933;18.3272;17.5308;16.6519;16.0914;15.9232;15.452;15",1.58757
"0;0.5;0.5"
24.0206,4.33391,0.362341,"1;1.99889;2.86789;3.62;4.59278;5.42463;5.8302;6.48033;7.2801;8.00175;8.99063;9.92846;10.7604;11.4411;11.7563;12.3931;13.1349;13.7483;13.9594;14.9156;15.1485;16.0682;16.7461;16.9207;17.5349;17.7063;18.7058;19.7054;20.7049;21","15;15.0472;15.542;16.201;16.4328;16.4205;16.8162;17.477;17.9852;18.2744;18.1256;18.451;18.3795;18.1746;17.3167;16.7033;17.3739;17.697;17.7674;17.9387;17.9987;17.8217;17.1469;16.7368;15.9767;15.099;15.069;15.0389;15.0089;15",2.5467
"0;0.55;0.45"
37.8914,6.60487,0.38109,"1;1.67977;2.24026;2.87398;3.67618;4.18432;4.64582;5.16255;5.36354;5.71903;4.91896;4.03584;3.74601;4.06835;4.22759;3.58415;3.89336;3.73398;4.51268;4.79137;5.70861;5.72606;6.39889;7.02357;7.31657;8.21904;8.73771;9.57387;10.0633;10.4115;11.1644;11.5368;12.0722;12.7461;13.5348;13.7444;14.28;14.5264;15.2635;15.6623;16.3318;17.0143;17.9987;18.9853;19.2987;19.9853;20.4001;20.0282;19.8076;20.2946;20.7815;21","15;15.1448;15.0537;14.6559;14.1225;14.0929;13.5898;12.7337;12.3258;11.9028;11.3029;11.2487;10.4264;9.64294;8.97023;8.20473;7.58735;6.67464;6.33074;6.15251;5.99139;6.33465;6.73728;7.32164;7.83966;7.57061;8.15514;8.34537;8.25837;8.44079;8.73382;8.46906;9.06454;9.27397;9.11984;9.21669;9.55322;9.83999;9.16415;9.3047;9.14951;8.90899;8.73295;8.89615;9.84576;10.5728;11.4827;11.9043;12.8613;13.7347;14.6081;15",4.11536
"0;0.6;0.4"
28.1455,2.43044,2.13697,"1;1.7698;2.70456;3.19095;4.17834;4.84594;5.46002;6.14949;7.02141;7.90501;8.37404;9.20698;9.8491;10.4922;11.2753;12.2517;12.9813;13.8191;14.4721;14.8088;15.3731;15.6685;16.3009;16.4065;16;16.2735;17.1621;18.1254;18.4622;19.3814;19.7714;20.3495;20.9303;21","15;15.6383;15.9936;16.8673;16.709;17.4535;18.0753;18.4902;18.9798;19.4481;20.3312;20.8846;21.6512;22.0075;22.073;22.0514;22.1032;21.8256;21.0682;20.1266;19.3889;18.4524;17.7409;17.1184;16.3043;15.9143;16.3732;16.6413;16.6985;16.3826;15.8375;15.4999;15.0716;15",2.32773
"0;0.65;0.35"
27.3551,2.06444,1.98855,"1;1.93449;2.39228;2.6951;3.47907;3.82558;4.30976;5.23008;5.74923;5.95988;6.60795;7.49637;8.09461;8.7995;9.70346;10.6763;11.2469;11.8699;12.5885;13.2348;13.9894;14.4913;15.3781;15.9325;16.8883;17.1836;17.7421;18.7239;19.2579;19.6709;19.932;20.3842;20.6378;20.8913;21","15;15.3162;15.9893;16.5437;16.89;17.3646;17.7016;18.0928;18.9475;19.3992;19.7441;20.1899;20.9098;20.7932;20.3656;20.134;20.1921;20.3767;20.7871;20.8035;21.0422;20.6573;21.1065;21.3306;21.6247;20.6693;19.8398;19.6501;18.8046;18.1339;17.9872;17.3491;16.3818;15.4145;15",2.04168
"0;0.7;0.3"
29.7312,3.71181,0.632427,"1;1.7807;2.77546;3.76736;4.71658;5.3057;5.87076;6.5801;7.40171;7.77017;8.19174;8.79249;9.27563;9.98777;10.494;10.785;11.6749;11.9515;12.3233;12.8313;13.4919;14.1703;14.915;15.5116;15.9239;16.5137;17.2364;17.6951;17.8579;18.339;19.0604;19.8036;20.3423;21.236;21.9024;21.1418;21.6452;21.7303;21","15;15.6249;15.7271;15.6001;15.2854;16.0935;16.4803;17.0218;17.4202;17.6979;18.1162;18.43;18.5604;18.5181;18.0462;17.2778;17.734;18.5733;19.3377;19.8954;19.6303;19.4715;19.5938;19.1624;18.9965;18.935;18.3154;17.8205;16.8421;16.4034;17.0376;17.1978;17.5297;17.0929;16.5537;16.0073;15.6795;15.0769;15",2.94196
"0;0.75;0.25"
26.1799,3.21853,0.490904,"1;1.88984;2.67619;3.53468;3.80662;4.19135;4.65177;4.54249;4.8395;5.40274;6.33757;7.1533;7.66697;8.13374;8.95108;9.85154;10.0492;10.7206;11.3449;12.0879;12.9514;13.0971;13.7894;14.6942;14.9357;15.3941;15.6499;15.5963;16.5441;17.0672;17.824;18.6143;19.5745;20.5173;21","15;15.1017;15.3771;15.6516;15.9434;16.6271;17.0954;17.8411;18.7306;18.7858;18.9339;18.8172;18.1249;18.6203;18.7507;18.6367;18.5286;18.1544;18.7291;18.3204;18.3971;18.3927;18.3525;18.6095;18.302;17.4357;16.6916;16.0325;15.7135;14.8895;14.8294;14.2166;14.4956;14.8292;15",2.673
"0;0.8;0.2"
34.9072,4.65663,0.351235,"1;1.992;2.95688;3.56349;3.76288;4.05344;4.74553;5.25531;5.04568;4.73859;5.03488;5.05459;5.86235;6.63862;7.58266;8.28952;9.27896;9.86141;10.2563;10.4856;11.0129;11.805;12.4203;13.2369;13.6671;14.5252;15.1941;15.7505;16.7307;17.4536;17.7506;18.6476;19.4199;19.3776;20.3694;20.4997;20.522;20.9084;21.1994;21.1567;21.1139;21.0712;21.1671;20.8209;21.0167;21","15;14.8738;15.1365;14.3415;13.3616;12.5448;12.6411;11.9233;11.1046;10.2713;9.48442;8.85248;8.64062;9.2058;8.98674;8.79959;8.94455;8.72049;8.73308;7.92814;7.59468;7.37658;7.39696;7.06956;7.14847;6.63494;6.78982;7.24526;7.20989;6.83056;7.03917;6.9883;7.17871;7.69375;7.56607;8.55754;8.87875;9.67112;10.3373;11.3364;12.3355;13.3346;13.6644;14.3219;14.6586;15",4.01082
"0;0.85;0.15"
27.6587,2.33374,1.45533,"1;1.63337;1.74664;2.55348;3.24289;3.81981;4.51511;4.92275;5.68945;6.57318;6.98189;7.76606;8.43932;9.06048;9.981;10.7856;11.6318;12.5479;12.7135;13.5483;13.2749;13.8391;14.6372;14.8341;15.7399;16.5983;17.1125;17.0891;17.4311;17.1828;17.1771;17.4389;18.4384;19.2622;20.0031;20.7165;21","15;15.5112;15.905;16.3402;16.7112;17.0857;17.4761;18.3892;19.0312;19.4992;19.6989;19.8746;19.6128;20.2051;20.5958;20.3823;20.2151;20.0608;19.8721;20.3543;20.7785;20.5736;20.6774;20.5253;20.6854;20.6602;20.1659;19.7624;19.0974;18.1534;17.4519;16.7297;16.7622;16.1954;15.7924;15.7072;15",2.2459
"0;0.9;0.1"
25.4458,2.28827,1.02148,"1;1.68162;2.25025;3.05053;3.55397;4.30524;4.57769;4.55244;5.11559;6.02292;6.81077;7.55287;8.2264;8.85025;9.75708;10.1816;11.1628;12.1007;12.4863;13.342;13.6483;14.2855;14.702;15.4833;16.2437;17.0303;17.823;17.9592;18.3299;18.601;19.0317;19.6497;20.5781;21","15;15.0078;14.8751;15.4571;15.8037;16.0183;16.3509;17.1029;17.7675;17.7897;18.0575;18.323;18.6984;18.8661;19.151;19.4881;19.6415;19.8566;19.6739;20.1914;20.5243;20.9149;21.0209;20.5066;20.2179;19.683;19.1559;18.815;18.0859;17.1936;16.5087;15.8417;15.7681;15",2.22493
"0;0.95;0.05"
28.5888,2.20544,2.76019,"1;1.61168;2.5415;3.20476;3.8417;4.3007;4.61618;4.92192;5.88736;5.92402;6.8339;7.82978;8.82622;9.43662;10.2516;10.399;10.4932;10.7852;11.2688;12.1775;12.7887;13.254;13.9149;14.6905;15.6429;16.6008;17.1116;17.9686;18.4633;18.7215;19.2404;19.9532;20.5333;20.6158;20.8688;21.23;21.2405;21.4216;21","15;15.5297;15.8819;16.3654;16.8204;17.2921;17.6629;18.0869;17.9031;18.2155;18.6304;18.7211;18.6369;19.1503;19.636;20.2525;20.6064;21.5452;21.611;21.9132;21.7315;21.5963;21.6126;21.8759;22.0451;22.1781;21.954;21.4386;21.0517;20.7805;20.4102;20.0544;19.2399;19.0029;18.1348;17.2634;16.5924;15.6089;15",2.20544
"0;1;0"
24.1034,9.21892,0.356692,"1;1.77571;2.71075;3.6733;3.91093;4.78293;5.6566;6.2115;6.88141;7.57188;8.30349;8.83431;9.46597;10.3838;10.7686;11.308;12.0227;12.1798;13.1794;14.0286;14.928;15.8275;16.7269;17.6264;18.2347;18.6363;19.3915;20.246;20.5349;20.6331;21","15;14.3689;14.0144;14.0976;14.0032;13.8821;14.1782;14.5651;14.5397;15.0972;15.4933;15.9258;16.7011;17.0979;17.5996;18.11;18.6627;18.8872;18.9154;18.3872;17.9502;17.5132;17.0762;16.6392;16.6117;17.0254;17.092;16.5726;16.3789;15.6331;15",1.54403
"0.05;0;0.95"
23.2156,3.26909,0.388569,"1;1.39154;1.86293;2.63106;3.40501;4.37314;5.23259;5.61652;6.23418;7.11109;7.71397;8.04298;8.72827;9.33795;9.81109;10.745;11.236;12.1903;13.0136;13.7268;14.4953;15.3622;15.9822;16.7298;17.7286;18.6966;19.6217;20.5949;21","15;15.2287;15.5053;16.1456;16.7789;16.8788;17.3623;17.437;17.5388;18.0082;18.1864;17.5765;17.7506;18.0966;18.4569;18.623;19.16;18.861;18.5091;17.8376;17.1987;16.8026;16.018;15.3538;15.305;15.0542;14.6743;14.9043;15",1.67395
"0.05;0.05;0.9"
23.1486,6.37476,0.315681,"1;1.35386;1.6284;2.44627;3.07829;4.04612;4.88286;5.86434;6.72264;7.69531;8.59304;9.55531;10.3872;10.759;11.504;12.3501;12.8021;13.16;13.6251;14.4277;15.2358;16.1695;17.0482;17.7244;18.6722;19.4322;20.3443;21","15;15.3405;15.7779;16.3533;17.1282;17.3799;17.9275;17.7359;17.9123;17.7618;18.2024;17.9303;17.3754;17.391;16.84;16.9028;16.8638;16.8046;16.2957;15.872;15.7586;15.4773;14.9998;14.2632;14.5821;13.9321;14.3421;15",2.06324
"0.05;0.1;0.85"
25.0599,2.91014,0.534413,"1;1.73493;2.37364;2.85169;3.4114;3.78797;4.52919;5.07628;5.70576;6.25571;6.79916;7.39044;8.16062;8.86255;9.35628;10.1444;10.3041;11.2396;11.9119;12.6877;13.6779;14.6223;15.3738;16.3299;17.0663;17.7587;18.515;19.325;20.171;20.3341;20.9518;20.9699;20.6415;21","15;15.6781;15.967;16.6875;16.9519;17.2647;17.4273;17.4498;17.8007;17.6266;17.4146;17.4889;17.4674;17.5627;18.0556;18.3907;18.4947;18.7145;18.9578;19.1872;19.3266;19.0019;18.7332;18.6888;18.1867;18.0556;18.2562;18.3249;18.6349;18.3926;17.6655;16.6657;15.8727;15",2.11705
"0.05;0.15;0.8"
32.9069,3.49331,4.05289,"1;1.89699;2.66736;3.37052;4.35297;5.19565;5.78036;6.0622;6.81452;7.66416;8.43414;9.39447;10.3838;11.3782;12.2363;12.828;13.1092;13.4171;13.5255;13.8652;14.2467;15.2036;15.945;16.8589;17.4029;18.0179;18.4244;19.314;20.1946;21.1751;21.1522;21.1292;21.1063;21.0833;21.0603;21.0374;21.0144;21","15;15.442;14.9984;14.8328;14.6462;14.7459;15.2682;15.9669;16.5962;16.9141;17.5521;17.831;17.9768;18.0826;17.9123;18.645;19.6046;20.556;21.3622;21.5103;22.1457;22.2818;22.4114;22.8172;23.6563;23.4414;23.2061;23.0144;22.8223;22.6262;21.6265;20.6267;19.627;18.6273;17.6275;16.6278;15.628;15",5.38367
"0.05;0.2;0.75"
26.7504,7.86982,0.330185,"1;1.43615;1.93399;2.66026;3.28235;4.27963;4.94125;5.64017;6.56776;6.92522;7.07563;7.67273;7.76841;8.00006;8.62616;9.61844;10.5911;10.8675;11.7915;12.4716;12.2893;13.1412;13.496;14.255;15.0024;15.3976;15.9195;16.4644;16.8794;17.4421;18.2644;18.486;19.3007;20.0752;21","15;14.8323;14.5331;14.2884;13.5055;13.4317;13.2482;12.9776;13.3512;13.9211;14.8628;15.362;16.1634;16.7588;17.4495;17.4123;17.632;18.194;18.0917;17.7606;16.9041;16.5919;16.8576;17.0827;16.5372;15.8694;16.0322;15.2603;14.9997;15.494;15.96;15.9626;15.6368;15.011;15",3.5361
"0.05;0.25;0.7"
24.4645,3.86495,0.403284,"1;1.82961;2.74937;3.65143;4.19933;4.781;5.21122;5.76169;6.35072;7.33873;8.15806;8.11183;8.14805;8.43843;9.38731;9.8023;10.6278;11.0787;11.6197;12.0218;12.7076;13.5718;14.1661;14.9815;15.7705;16.7179;17.5899;18.5099;19.4953;20.3696;20.4941;21","15;14.4417;14.7879;15.1945;15.5685;15.7012;15.8397;15.8968;16.0821;16.1696;16.6612;17.1793;17.4642;18.1329;18.3391;18.3737;18.574;19.3029;18.8284;17.9667;17.5524;18.0548;18.4187;17.8578;17.7244;17.4045;16.9149;16.523;16.353;15.8676;15.6624;15",2.64485
"0.05;0.3;0.65"
23.1806,4.57983,0.34091,"1;1.85267;2.6727;2.98619;3.95081;4.8071;5.72785;6.71444;7.70253;8.62638;9.41802;10.0965;10.7543;11.4883;12.3262;12.9328;13.3661;13.5927;14.4865;14.8393;15.5332;15.617;16.5485;17.5482;18.5213;18.9593;19.4104;19.9251;20.7253;21","15;15.5224;16.0948;17.0444;17.308;17.8245;17.4343;17.5976;17.7514;17.8805;17.8187;17.5609;17.0517;17.0678;17.5426;17.7181;17.916;17.7376;18.1327;17.7266;17.5093;17.3271;16.9634;16.9423;16.7117;15.8264;15.5022;14.9782;14.9416;15",2.96652
"0.05;0.35;0.6"
29.4333,2.45973,1.5284,"1;1.80103;2.59326;2.71251;3.69231;4.5596;5.1381;5.31814;5.456;5.83365;6.64541;7.34873;7.99149;8.74409;8.99611;9.82139;10.4154;11.0038;11.7638;12.6993;13.6896;14.212;14.7724;15.6751;16.5836;17.4494;18.083;18.4161;18.9239;19.4876;20.2192;20.8818;21.0723;21.0468;21.1057;21","15;15.1087;14.8448;14.146;13.946;14.4438;15.2595;16.2431;17.2336;18.1595;18.58;18.9326;19.022;18.9201;19.2439;19.1783;19.9827;20.4441;20.4047;20.758;20.8972;20.856;20.8215;21.0332;20.6234;20.5125;20.4093;19.6312;19.3106;19.6917;19.5427;18.8161;17.8344;16.8348;15.8365;15",3.29618
"0.05;0.4;0.55"
30.0686,2.13098,3.7475,"1;1.93407;2.89853;3.59006;4.05264;4.62128;5.28493;5.59418;5.98204;6.43247;7.37131;7.69006;8.00571;8.87164;9.69743;10.458;10.8859;11.5473;12.3469;13.104;13.3777;13.7269;14.0489;14.347;15.1469;15.5005;15.6932;16.272;16.8166;17.1454;17.7243;17.9415;18.5055;19.0694;19.6269;20.1935;20.7601;21","15;14.6429;14.9072;15.6295;16.5161;16.7966;17.1218;18.0311;18.6656;18.9235;19.0505;19.3985;19.9742;20.1198;20.1075;20.2291;20.45;21.1192;21.3945;21.5277;22.413;22.9155;23.8163;23.9096;24.2709;23.4185;22.4757;21.6603;21.1474;20.8563;20.4548;19.4787;18.6529;17.827;16.9969;16.1729;15.3489;15",4.33612
"0.05;0.45;0.5"
31.4611,2.58134,1.39352,"1;1.80693;2.13206;2.66308;2.91076;3.44999;3.95875;4.26095;4.9199;5.73321;5.82406;6.38388;7.14663;7.89529;8.28466;8.99387;9.92955;10.4087;11.0511;11.9241;12.5878;12.908;13.6303;14.4757;14.5606;15.2805;15.4335;16.2808;16.4331;17.1183;17.6451;18.2676;18.5245;19.3357;19.8144;20.056;20.6761;21.3936;21.0423;21.4396;20.8061;21","15;15.4542;15.7079;16.1092;16.7693;17.3415;17.7015;18.3529;18.8596;19.3326;19.8885;20.2716;20.5734;19.9105;19.3964;18.6914;18.595;19.4105;20.0019;19.5153;19.1032;19.0522;19.1228;18.9128;19.6479;20.0533;20.5942;20.7894;19.9249;19.4567;19.2826;19.3077;20.0525;19.6826;19.0595;18.8092;18.0658;17.8019;16.8657;16.2208;15.5124;15",3.49081
"0.05;0.5;0.45"
24.7287,2.52004,0.589479,"1;1.89136;2.7383;3.50596;4.18536;4.69098;5.22532;5.78916;6.51755;6.71712;7.34708;7.9717;8.69785;8.73794;9.41564;10.3037;10.6918;11.5684;12.4635;13.3162;14.235;14.9853;15.538;15.9989;16.7007;17.6593;18.404;18.9644;18.6898;19.2888;19.5687;20.2097;21","15;14.5467;15.0784;15.7193;16.453;16.6802;17.0408;17.8234;18.4972;18.6063;19.1824;18.7489;18.5393;18.5252;18.625;18.9897;19.2407;19.3986;19.443;19.1436;19.0536;19.3012;18.8115;18.9916;18.2791;17.9946;17.3271;16.9209;16.1483;15.6848;15.5272;15.0371;15",2.85825
"0.05;0.55;0.4"
30.6605,2.69428,2.2722,"1;1.23485;2.08658;2.84945;3.66958;4.2044;4.35948;4.30082;4.95789;4.64362;4.91119;5.44084;6.31265;6.47516;6.87905;7.66098;8.45668;9.06787;9.62864;10.009;10.8501;11.2884;11.7787;11.3336;11.1897;11.6669;12.4671;12.4646;13.3855;14.099;14.927;15.2331;15.901;16.6676;17.6611;18.2302;18.9152;19.5799;19.8075;20.3817;20.6867;21","15;14.9903;14.665;15.0018;15.574;16.1638;17.0726;17.6661;18.365;18.7349;19.5136;20.2647;20.7438;20.8443;20.8604;20.8656;21.4713;21.9442;22.09;22.2759;22.3151;22.2722;21.7101;20.9702;20.038;19.4023;18.8906;18.1447;17.8634;18.5641;19.1247;18.9385;18.535;18.1461;18.1582;17.9095;17.1809;16.4339;16.3542;15.6553;15.0661;15",3.94486
"0.05;0.6;0.35"
32.172,1.92471,4.74544,"1;1.98165;2.77265;2.93044;3.49965;4.12277;4.4486;4.97954;5.2289;5.33727;6.24196;7.07357;8.01264;8.82454;9.15753;9.62341;9.54031;9.62155;10.5933;11.4122;11.9296;12.5015;13.382;14.2342;15.1122;16.0101;16.6883;17.4727;18.233;18.9188;19.8684;20.7768;21.0296;21.8116;21.842;21.8435;22.1258;22.1885;21.6537;21","15;15.1907;15.8025;15.9457;16.6522;16.9493;17.3544;18.0286;18.9952;19.8947;20.1238;20.4318;20.7656;21.2214;21.261;22.1229;22.5665;23.0123;22.7762;22.2024;21.8587;21.559;21.8079;22.0759;22.4342;22.4716;22.6052;22.3896;21.7727;21.7329;21.4873;21.2115;20.2439;19.6206;18.6211;17.6211;16.7822;16.5249;15.7226;15",4.28329
"0.05;0.65;0.3"
29.2775,5.24583,1.11531,"1;1.18943;1.74709;2.08068;2.16036;2.70907;3.12534;2.98505;3.09389;3.71786;4.5587;4.7999;5.76419;6.60216;6.93585;7.75326;8.22092;8.5606;9.02539;9.44495;9.98355;10.3421;10.8778;11.7992;12.7601;13.6317;14.5544;15.1246;15.6228;16.1313;16.8118;17.1245;17.706;17.8037;18.1686;18.6845;19.3601;19.7973;20.4285;21","15;15.0135;15.6928;16.4634;17.4502;18.085;18.3866;19.3268;19.8115;20.2001;20.4194;20.486;20.551;20.9695;20.5979;20.5474;20.7679;19.8274;19.3774;18.6243;17.953;17.139;16.8907;17.2793;17.5561;18.0463;18.4318;18.081;18.0192;17.3738;17.6733;16.9698;16.1901;15.9401;15.1664;15.2933;15.5036;14.9054;14.4645;15",5.41478
"0.05;0.7;0.25"
24.0005,3.4566,0.44916,"1;1.51464;2.04938;2.67163;3.26122;4.05288;4.56396;5.2324;5.49109;6.33123;6.75411;7.58919;8.43784;8.75927;9.55338;9.99219;10.6405;11.3665;12.2049;13.0445;13.796;14.2488;14.7089;15.0355;15.0549;16.0411;16.958;17.4727;18.3791;18.8993;19.3837;20.2456;20.6621;21","15;15.8574;16.7024;16.6952;16.8079;16.8831;17.0349;17.5711;17.4742;17.6889;18.0058;18.2097;18.7386;18.8969;19.4696;19.4639;19.0349;19.0498;18.5047;18.3816;18.0596;17.5826;16.9866;16.4237;15.9976;15.8321;16.2312;15.3738;14.9515;15.0173;14.991;14.9611;14.9897;15",3.88231
"0.05;0.75;0.2"
25.4342,3.62147,0.431978,"1;1.70823;1.88631;2.82343;3.72964;4.72665;5.72091;6.4686;7.15497;7.64397;8.04047;8.70031;9.65432;10.5741;11.4886;12.4407;13.0879;14.0635;14.9226;15.7479;16.7476;17.5969;18.5008;19.4282;20.2161;21.0923;21.0586;21.5517;21","15;15.6032;16.5442;16.7612;16.3384;16.2611;16.1825;16.6124;16.8539;17.1441;17.3003;18.0517;17.7519;18.1444;17.9411;18.1504;18.9127;19.1321;18.6204;18.0556;18.0822;17.5543;17.1557;17.152;17.1485;16.8632;15.87;15.1048;15",4.23368
"0.05;0.8;0.15"
24.3123,4.62111,0.333843,"1;1.47728;2.19491;2.67753;3.42076;4.32398;5.3162;5.91611;6.1113;6.30074;7.28856;7.46671;8.28855;9.24609;9.9385;10.6285;11.6099;12.5608;13.3498;13.6688;14.34;14.6094;14.8209;15.3286;15.8052;16.7548;17.7483;18.6856;19.5048;20.1672;20.736;21","15;15.1089;15.5405;16.4155;16.7159;16.2868;16.4113;16.9009;17.0178;17.9997;18.1553;18.1941;18.1603;17.8721;17.7031;17.8671;18.0589;17.7492;17.1349;16.9501;16.5196;16.1741;15.753;14.9848;14.3429;14.0294;13.9153;14.2639;13.987;14.2231;14.2202;15",5.17695
"0.05;0.85;0.1"
23.6245,6.01928,0.302421,"1;1.17942;2.17747;2.96988;3.68542;4.21418;4.89397;5.19016;5.76589;6.22964;6.8595;7.52506;7.81677;8.48966;9.38447;9.7327;10.3257;11.1336;12.0376;12.9921;13.1636;14.0379;14.7629;15.0949;15.3702;16.3334;17.2323;17.791;18.199;19.1921;19.1981;20.1005;21","15;14.0162;14.0786;14.0442;14.2361;14.3854;14.8835;15.0981;15.3731;15.5734;15.8507;16.1822;16.5072;16.4459;16.7134;17.0184;17.2776;17.7078;18.1062;17.9372;17.9187;18.0739;17.6878;17.4734;16.5701;16.3014;15.8634;15.7451;15.6072;15.724;15.0209;14.9928;15",6.6137
"0.05;0.9;0.05"
35.2393,2.80153,2.46796,"1;1.85389;2.83414;3.82329;4.82203;5.2509;5.40184;6.2529;7.00014;7.31091;7.15613;7.58087;7.73685;7.95572;8.08386;8.3956;9.17668;10.0467;11.0277;11.9481;12.3026;13.078;13.7041;14.1224;14.7337;15.586;16.5476;17.3367;17.7091;18.3454;19.2086;20.1027;20.5032;20.7431;21.2882;21.4555;21.9437;21.7953;22.4455;23.1009;22.9849;23.7199;23.1372;22.2064;21.2756;21","15;14.4795;14.2818;14.1349;14.1852;14.9069;15.499;15.8695;15.9868;16.5673;17.4529;18.0353;18.4332;19.2864;19.4419;20.3016;20.6836;21.1561;21.3498;20.9586;21.0186;21.0446;21.7534;21.7052;21.4922;21.4019;21.1274;20.7897;20.822;20.5851;20.5928;20.7468;19.9007;19.4809;18.8462;18.6168;18.0265;17.1473;16.9324;16.4968;15.5496;14.9734;14.1607;14.5262;14.8918;15",4.42341
"0.05;0.95;0"
30.5793,1.9327,4.42452,"1;1.8698;2.55959;3.25057;4.24596;4.91697;5.07584;5.22658;5.79005;6.62933;7.13633;7.76783;8.17001;8.91997;9.13331;9.77089;10.4531;10.9202;11.4136;12.1282;13.0644;13.2478;13.9422;14.8771;15.628;15.8846;16.6463;17.2295;17.6575;18.4067;19.3236;19.971;20.3882;20.771;20.9784;21.3428;21.4712;21.3065;21.2296;21","15;14.9198;15.4939;16.2168;16.3126;17.0541;18.0414;18.8703;19.6292;20.1729;21.0349;21.1488;21.3431;21.9129;22.0248;22.4382;22.2346;22.2005;22.1732;21.829;21.7907;22.5747;23.0087;23.3559;22.8445;22.4118;22.2157;21.8574;21.0758;20.8665;20.5881;19.9859;19.7302;19.3634;18.6411;17.8498;17.5147;16.611;15.718;15",7.04
"0.1;0;0.9"
23.3595,3.37555,0.414478,"1;1.91844;2.82742;3.72451;4.71591;5.27887;5.80494;6.37453;7.26103;7.94245;8.73909;9.72098;10.301;11.2147;12.1299;12.8853;13.6909;14.313;15.224;15.7454;16.458;17.4534;18.3806;19.0081;19.6062;20.4459;20.8319;21","15;15.3956;14.9787;15.4206;15.5514;15.7014;15.8544;16.3864;16.5594;17.2913;17.8957;17.7063;18.0266;18.3432;17.9402;18.1144;18.3661;18.6977;18.6734;18.7767;18.7268;18.822;18.4473;17.6687;16.8673;16.3241;15.4017;15",2.85703
"0.1;0.05;0.85"
24.1311,3.93919,0.426593,"1;1.72795;2.37843;3.01432;3.45609;4.2119;4.71722;5.36609;6.18373;6.85373;7.45613;8.45573;9.3206;10.0758;10.2479;11.2475;11.9346;12.7603;13.5483;14.0016;14.307;14.6147;15.4353;16.3861;17.3705;17.9669;18.8393;19.6422;20.6047;21","15;15.6856;15.6642;16.3662;16.297;16.3717;17.2346;17.9306;18.3281;18.7798;19.332;19.3604;18.8584;18.203;17.7232;17.7509;18.1494;17.9634;17.5824;17.1628;16.3326;16.2358;15.8574;15.5476;15.3717;15.2859;15.2424;14.7179;14.4737;15",3.1483
"0.1;0.1;0.8"
27.0522,4.31249,0.594083,"1;1.81524;2.57638;3.33752;3.79971;4.71466;5.16507;5.84209;6.58178;7.43996;8.43265;9.28403;10.199;10.559;10.98;11.2324;12.0529;12.4096;13.1654;13.9274;14.3816;15.0127;15.5183;15.7945;15.0972;15.6678;16.5651;17.253;17.8328;18.8289;19.5631;19.9891;20.3529;21","15;15.0392;15.0705;15.3052;15.2046;15.6082;16.309;16.4895;17.1625;16.6491;16.5284;17.0529;17.4566;17.5868;18.4722;19.0004;19.0325;19.6511;20.1629;20.3125;19.4722;18.7264;18.4478;17.7327;17.3267;16.6369;16.4848;16.4445;15.6298;15.6175;16.2839;15.8322;15.4823;15",3.79766
"0.1;0.15;0.75"
24.6609,3.18526,0.473648,"1;1.86709;2.86675;3.58999;4.33047;5.15838;5.52854;6.33122;7.05503;7.96635;8.18808;8.39816;9.31381;10.164;10.8017;11.6911;12.4167;13.0578;13.6188;14.5905;15.396;15.5436;16.3829;16.784;17.7485;17.8559;18.4207;19.2229;20.0118;20.6848;21.3796;21","15;15.4982;15.4721;15.625;15.9691;16.111;16.2497;16.6913;16.5229;16.7578;17.5382;17.9531;18.2494;18.1492;18.4144;18.6469;18.8598;19.5641;18.7763;18.7725;18.9204;18.4123;18.3808;18.076;17.9466;18.0131;17.3261;16.7291;16.362;16.296;15.5767;15",3.4347
"0.1;0.2;0.7"
25.2192,3.84416,0.375009,"1;1.99;2.98997;3.97355;4.97353;5.6323;6.63126;7.17189;7.92088;8.49766;9.03565;9.43823;10.2511;10.9465;11.6839;12.4445;13.3059;13.9737;14.8098;15.2425;15.044;15.3476;16.1873;16.606;17.1742;17.7424;18.1583;18.7605;19.6783;20.3847;21","15;15.1411;15.1336;14.9531;14.9474;15.6998;15.6543;16.4955;17.1581;17.6309;17.9928;18.1063;18.0537;18.0677;18.1674;18;17.9798;18.5737;18.5536;18.5137;17.5336;16.5808;16.0497;16.8242;17.0178;17.3017;16.4728;15.8748;15.7304;15.1915;15",3.72672
"0.1;0.25;0.65"
24.7146,4.49207,0.372885,"1;1.94423;2.30675;2.81321;3.07647;3.80774;4.27393;4.96713;5.73761;6.40199;7.35943;7.66183;8.51311;8.79019;9.55807;10.5507;10.8338;11.7709;12.3205;12.5653;13.5079;14.2339;15.0802;15.0194;15.8775;16.6275;17.4813;18.4034;18.9736;19.4172;20.1119;20.3034;21","15;15.2262;15.9905;16.5115;17.4028;18.0849;18.2588;18.1563;18.3355;18.5212;18.4445;17.8238;17.2991;17.5137;17.6133;17.7237;17.8443;18.0104;17.8525;17.3554;17.237;16.6634;16.6858;15.7198;16.0007;15.723;15.4844;15.4478;14.9501;15.0761;14.5403;14.4439;15",4.04281
"0.1;0.3;0.6"
25.4638,2.45988,0.844805,"1;1.72845;2.33498;2.50544;3.46846;4.2505;4.77085;5.65089;6.62274;6.81363;7.45238;8.06253;8.90951;9.7197;10.633;11.5292;11.9173;12.4316;12.863;13.0787;13.7554;14.5409;15.336;16.2965;17.0472;17.436;17.6567;18.1189;18.7346;19.5043;20.2584;21.0196;21","15;15.3651;15.7658;15.8808;16.1503;16.7409;16.9555;17.3271;17.5627;17.8869;18.2381;19.0059;19.0707;18.9298;18.9969;18.9577;18.932;19.6636;19.7404;20.581;20.7083;20.0894;19.483;19.7615;19.101;18.1953;17.5711;16.8952;16.6916;16.084;15.8747;15.7135;15",3.87198
"0.1;0.35;0.55"
30.9425,2.66035,4.11389,"1;1.95794;2.60989;2.37639;2.35399;2.82498;2.85099;3.68867;4.38307;5.24249;6.11246;6.91988;7.20328;7.72247;8.48405;9.1032;9.55063;10.518;11.4916;12.2584;13.2583;13.9282;13.9699;14.1191;14.4778;14.7604;15.0583;14.8585;15.3653;15.2402;15.8877;16.656;17.3512;17.8917;18.507;18.8881;19.4921;20.2188;21","15;15.0664;15.7238;16.27;17.2697;18.1519;19.1516;19.6977;20.4173;20.3713;20.6081;20.9898;21.8916;22.4726;23.0984;23.793;23.4394;23.1859;22.9576;22.3158;22.3026;22.2723;21.4703;21.2166;20.3374;19.6951;19.2777;18.6875;17.9342;17.2516;16.7501;16.5724;16.2929;16.3864;16.2466;16.1229;15.4627;15.0778;15",6.21533
"0.1;0.4;0.5"
28.9895,3.01237,1.09979,"1;1.4824;2.24967;2.66539;3.6229;4.20223;5.10242;5.68113;6.37881;6.5809;6.93818;6.98285;7.90863;8.55148;9.27831;10.2205;10.5153;11.5123;12.0449;12.9763;13.5461;14.5364;15.4252;15.729;16.3545;16.7115;17.3389;18.1235;18.7753;19.5863;20.144;20.8897;20.7335;21.4657;21.4674;21","15;15.201;15.781;16.1048;15.9813;16.1643;16.5645;16.6808;16.4915;17.3757;17.7374;18.7364;18.5362;17.7816;17.6493;17.9845;18.9401;19.0177;19.864;19.4999;20.3216;20.4607;20.7526;20.624;20.467;20.1108;20.3204;20.0614;19.4313;19.1158;18.4517;17.9874;17.0741;16.7124;15.7496;15",4.74943
"0.1;0.45;0.45"
28.5861,2.74955,1.6425,"1;1.57691;1.66116;2.23323;2.67625;3.24759;4.21373;4.15069;4.17672;4.64728;5.36543;6.02065;6.71513;7.28505;7.90654;8.55768;9.35856;10.298;10.9097;11.7367;12.4974;13.1988;13.2464;13.2513;13.7337;14.3646;15.2849;16.0985;16.8802;17.5878;18.1334;18.6774;19.0836;19.5838;20.1699;20.7327;21","15;15.4327;15.7141;16.3301;16.758;17.0878;17.3458;18.3438;18.9247;19.235;19.6107;19.5749;19.4876;19.2766;19.1912;19.0826;19.2482;18.9054;18.1143;18.6764;19.0758;19.4911;20.3132;20.8383;21.4002;21.8275;21.6759;21.1479;20.5553;19.8487;19.0309;18.2554;17.3416;16.4757;15.8296;15.0761;15",4.89038
"0.1;0.5;0.4"
26.1296,5.88244,0.355794,"1;1.91634;2.87405;3.52262;4.50883;5.21552;6.20369;7.2036;7.57367;8.47477;8.39945;8.91508;9.62541;9.97925;10.3168;11.0118;11.9418;12.6795;13.5442;14.4429;15.1491;15.5199;16.1515;16.9873;17.0634;17.5906;17.8008;18.4361;19.2413;20.2391;20.6569;21","15;14.5996;14.3119;14.0949;14.1805;14.6281;14.7814;14.7678;15.6968;16.1304;16.7356;17.2784;17.2403;18.09;18.2562;18.52;18.7593;18.188;18.1371;17.8001;17.1061;16.5573;16;15.5416;15.2709;14.5199;13.9801;13.3008;13.4108;13.3454;14.254;15",5.97283
"0.1;0.55;0.35"
30.1813,2.56928,1.31357,"1;1.9469;2.51051;3.0896;3.69701;4.54783;5.45116;6.03149;6.4414;6.42572;6.92639;7.55549;8.1356;8.98743;9.48392;10.0238;10.6305;11.0829;11.6124;12.385;12.5696;12.679;13.1014;14.0343;14.8398;15.5048;16.3031;16.8215;16.6783;17.3068;17.1752;17.4194;17.9856;18.4999;19.4545;20.3618;21.3134;21","15;14.9932;15.8192;16.275;16.8622;17.2832;17.6223;17.9403;18.683;19.6372;20.1452;19.719;18.9585;19.2584;19.6802;20.2884;21.0833;21.1529;21.2724;21.1164;20.6105;19.6713;19.6067;19.9193;19.4232;19.3862;18.933;18.1073;17.1996;16.6852;16.22;15.9022;15.0779;14.2203;14.518;14.0976;14.405;15",4.95377
"0.1;0.6;0.3"
23.9911,3.85603,0.374654,"1;1.83803;2.19842;3.0243;3.29597;3.50687;4.47283;4.88745;5.63188;6.44255;6.82195;7.46223;8.11393;7.98315;8.48175;9.06463;10.0572;10.8703;11.5415;12.4831;13.002;13.8742;14.8673;15.7357;16.6385;17.3633;18.2897;18.9841;19.3349;19.892;20.2097;21","15;15.1822;15.7405;15.2581;15.5759;15.7155;15.9742;16.0315;16.6073;16.2258;16.3226;16.8123;16.6488;17.1498;17.9867;17.4832;17.6046;18.0688;18.3835;18.0467;18.2705;18.6702;18.5532;18.0572;17.7157;17.3936;17.0852;16.3656;16.0018;15.4616;15.1786;15",4.99919
"0.1;0.65;0.25"
27.5512,8.11383,0.949641,"1;1.52611;2.00337;2.80179;3.63921;4.47998;5.0609;5.5769;6.46758;6.97005;7.2842;7.94357;8.73284;9.05397;9.20651;8.91181;9.05006;9.73481;9.9428;10.5824;10.7944;11.5282;12.0036;12.9035;13.9034;14.6923;15.5246;15.6534;16.6288;16.8333;17.3019;18.0608;19.0321;19.6035;20.0729;20.6444;21.0081;21","15;15.2148;15.0499;15.1568;15.3628;14.8411;14.0653;14.0685;14.5231;14.9845;15.4148;15.6657;15.6765;15.9686;16.821;17.6266;18.5159;18.799;19.1777;19.8808;19.9027;20.2474;20.5639;20.1278;20.1364;20.3581;20.0956;20.0723;20.0882;19.8142;19.3369;18.6858;18.4479;17.6273;16.7443;16.1238;15.2473;15",8.62473
"0.1;0.7;0.2"
29.5595,3.5134,0.686133,"1;2;2.80323;3.46311;4.35589;5.15162;6.02187;6.45033;6.80544;6.9745;7.02748;7.71242;8.657;8.62237;9.57899;9.99593;10.268;11.2266;12.2034;13.1819;13.3877;14.2198;14.9277;15.5117;15.9333;16.7738;17.2627;17.496;17.8574;18.277;18.9311;19.6246;20.3406;20.9245;21.5876;20.8578;21","15;15;15.1301;15.5523;15.3719;15.5105;15.0932;15.9713;16.7333;17.7189;17.9288;18.6574;18.4308;17.4627;17.754;18.32;18.4788;18.7636;18.5494;18.3432;18.4255;18.5658;18.5157;19.3274;20.2342;20.1616;19.3345;18.3621;17.6646;17.3629;17.7664;17.6368;17.1761;16.7344;16.0298;15.3672;15",5.69392
"0.1;0.75;0.15"
23.0348,2.56281,0.482853,"1;1.97707;2.67142;3.48975;4.18207;4.6176;5.16192;5.86944;6.65286;7.26811;8.20627;8.97928;9.91156;10.7547;11.6629;12.0579;13.0072;13.9996;14.997;15.979;16.7722;17.4531;17.9436;18.6734;19.3045;19.8219;20.811;21","15;15.2129;15.2342;15.7252;15.9446;16.1348;16.1774;16.7688;17.3329;17.6684;17.9966;18.6309;18.6057;18.8259;19.23;19.3074;18.9932;19.1165;19.0444;18.8556;18.2466;18.0791;17.2849;16.6136;15.838;14.9822;15.1298;15",4.40201
"0.1;0.8;0.1"
25.2475,4.19313,0.38863,"1;1.9299;2.86611;3.86611;4.86611;5.4407;5.98253;6.30538;6.539;7.09381;7.70034;8.31646;8.66503;9.2772;9.55979;10.3964;11.245;11.5936;12.3582;12.7586;13.6492;14.0358;14.7443;15.5975;16.1422;16.654;17.2621;17.8385;18.1076;18.9803;19.7267;20.2096;21.0362;21.1651;21","15;15.3678;15.0163;15.0154;15.0145;15.4717;15.192;16.1217;16.7136;17.1783;17.6825;18.0945;18.2035;18.9515;19.0621;18.6784;18.4564;17.553;17.7052;17.1317;16.7166;16.955;17.0134;17.4471;17.6118;17.5696;17.6735;17.1465;16.8169;16.4404;16.4782;16.3557;15.8149;15.0407;15",6.10834
"0.1;0.85;0.05"
27.7471,3.16506,0.888615,"1;1.55197;2.1865;2.87361;3.34277;3.90187;4.45648;5.32275;6.1448;7.01401;7.48339;8.09799;8.4617;9.02981;9.15073;9.96039;10.9006;11.3023;12.0647;12.1304;12.366;13.1105;13.8026;13.7844;14.0027;14.5352;15.2478;15.4864;16.2463;16.5943;17.1899;17.3389;17.4964;17.9788;18.9548;19.7958;20.5926;21","15;15.2694;15.6976;16.0854;16.5654;16.9817;17.3525;17.0213;16.754;16.3797;16.719;17.0601;17.6319;17.9887;18.6812;19.2681;19.3355;19.6363;19.7716;20.3513;21.1728;20.6567;20.2991;19.7093;19.2301;18.7722;18.6064;18.143;18.2552;17.9695;17.3095;16.4041;15.5985;14.9902;14.9554;14.5816;14.404;15",5.62327
"0.1;0.9;0"
21.707,11.5152,0.244912,"1;1.81402;2.61736;3.07224;3.97045;4.74342;5.65967;5.85186;6.68456;7.50455;8.09602;8.55318;9.45251;10.3761;11.3207;12.1839;12.6049;12.9863;13.8713;14.8448;15.5526;16.4963;17.496;18.391;19.2569;20.2272;21","15;14.4604;14.057;14.0372;13.8794;14.0982;14.2791;14.5758;15.0234;15.4399;15.7846;16.0157;16.453;16.8362;16.6218;17.0261;16.795;16.6786;16.2129;15.9843;16.2809;16.3576;16.3804;15.9344;15.434;15.1924;15",3.46422
"0.15;0;0.85"
22.3451,3.13861,0.349447,"1;1.98871;2.68092;3.4806;3.93716;4.72674;5.71123;6.44847;7.13569;7.96819;8.73061;9.38079;10.3408;10.8858;11.7408;12.662;13.1421;13.4707;14.3765;15.2385;16.1686;17.0846;17.9919;18.9563;19.8514;20.3957;20.8067;21","15;15.1499;15.7161;15.8878;15.949;16.3007;16.1519;16.8276;17.1318;17.6199;17.8212;18.581;18.3839;18.4385;18.0959;18.2039;18.0265;18.4471;18.0899;17.5831;17.2156;16.8145;16.394;16.1297;15.6932;15.5646;15.0539;15",3.78825
"0.15;0.05;0.8"
25.5289,5.1065,0.324105,"1;1.99586;2.76838;3.41404;4.27306;4.87519;5.78026;6.28332;7.13145;7.39202;8.15814;8.88205;9.61146;10.2801;10.5921;11.4868;12.4221;12.8994;13.8214;14.3571;14.7018;14.656;15.4143;16.2038;17.0194;17.2475;17.6033;17.7496;18.5807;19.3535;20.0082;20.6628;21","15;15.0909;15.6262;15.9703;15.4584;16.2567;16.682;16.7904;17.198;17.5017;17.8548;17.6398;16.9557;17.3126;17.4622;17.7751;17.5298;17.7312;17.3442;17.5339;16.802;15.8863;15.5949;15.49;15.2214;14.9924;14.0711;13.4613;13.1951;13.0988;13.8547;14.6107;15",4.58306
"0.15;0.1;0.75"
26.0902,2.424,0.986094,"1;1.88788;2.8876;3.63877;4.52337;5.08574;5.24405;5.76491;6.59642;7.28149;7.74931;8.70906;9.36985;9.34598;10.3454;11.3441;12.246;13.2322;14.0454;14.2902;15.2763;15.285;16.1656;16.0585;16.3502;16.7078;17.6256;18.458;19.4;20.0844;21","15;15.4601;15.436;16.0961;16.5625;17.2078;17.3659;18.1054;18.661;18.4608;18.4108;18.5571;19.1875;20.0454;20.0109;19.9597;20.3917;20.5573;20.583;20.3121;20.1538;19.8337;19.5755;18.7477;17.7912;16.8574;16.4602;15.9061;15.5703;14.8413;15",4.96739
"0.15;0.15;0.7"
21.6031,10.5066,0.27032,"1;1.75306;2.71903;3.71214;4.71036;5.60098;6.41501;7.40933;8.39742;9.32136;10.3018;11.1452;11.7918;12.611;13.4406;13.7713;14.5909;15.5797;16.322;17.2762;18.0704;19.0525;19.9947;20.8581;21","15;15.6579;15.9166;16.0338;15.9741;16.4288;17.0097;17.1161;16.9623;16.5798;16.383;16.6235;17.1218;17.5077;17.5817;17.4918;17.2869;17.1379;16.4679;16.1685;15.5608;15.3728;15.1713;15.0366;15",5.5175
"0.15;0.2;0.65"
23.0748,5.73544,0.334218,"1;1.85457;2.83057;3.47488;4.12671;5.00585;5.74506;6.67535;7.22737;7.92056;8.52004;9.08315;10.013;10.3028;11.19;12.1565;13.1261;13.75;14.5303;15.5105;16.4959;17.3749;18.3633;19.0806;19.7979;20.3354;21","15;15.5193;15.6052;15.558;16.099;16.5756;16.8971;16.9075;17.4335;17.1238;16.8379;16.7668;16.519;17.476;17.9375;17.6808;17.9255;18.0729;17.8579;18.056;17.8858;17.409;17.5611;16.8644;16.1676;15.4507;15",5.0956
"0.15;0.25;0.6"
22.2849,2.89899,0.376041,"1;1.95002;2.68412;3.2309;4.03249;5.02255;5.35384;6.30322;6.34264;7.2103;8.05663;9.03973;9.89536;10.6834;11.2102;12.164;12.807;13.2225;13.7475;14.0927;14.7279;15.142;15.7782;16.3697;17.2925;18.0409;18.7526;19.7496;20.2032;21","15;15.2256;15.2387;15.4776;16.0324;16.1731;16.6652;16.9182;16.9199;17.4171;17.9497;17.7666;18.2842;18.8999;18.8875;18.8116;18.7346;18.5363;18.373;18.2109;18.1622;18.0474;17.7397;16.9334;16.5481;16.1512;15.7048;15.6346;15.4454;15",4.41925
"0.15;0.3;0.55"
22.5995,7.69426,0.303812,"1;1.98057;2.79816;2.95767;3.92041;4.52893;5.41772;6.3654;7.10456;7.97518;8.70326;9.46862;10.07;10.7497;11.5471;12.0189;12.5682;13.1534;13.6436;14.574;15.0963;16.0245;16.9804;17.4946;18.4119;19.2547;19.5451;20.3048;21","15;14.8038;14.6268;14.591;14.5044;15.0859;14.9099;15.1377;15.353;15.8408;16.4776;16.2943;16.7419;17.18;17.7835;18.431;18.2481;18.3122;18.1608;18.1499;17.366;16.994;16.7209;16.5216;16.1234;15.5852;15.3278;14.9565;15",6.23482
"0.15;0.35;0.5"
24.6946,3.12501,0.390432,"1;1.61075;2.4888;2.92657;3.80357;4.08358;4.99366;5.28899;6.09035;7.06175;7.83676;8.57844;9.51343;10.374;10.9797;11.8895;12.3532;13.1182;13.7532;14.4744;15.3821;16.1531;17.0044;17.8429;18.3261;18.8285;19.7892;20.2587;21.0527;20.5581;21","15;14.8167;14.8358;14.644;15.1245;15.4297;15.8372;16.052;16.6501;16.8876;17.5196;18.1903;18.545;18.4419;18.6524;18.602;18.4283;18.413;18.2215;17.5288;17.1092;16.4723;16.7061;16.6016;16.9128;17.4681;17.7098;17.1188;16.5108;15.8647;15",5.12989
"0.15;0.4;0.45"
24.3304,3.23568,0.517551,"1;1.49971;2.29;2.65942;3.61902;4.17466;5.11328;6.08492;6.71268;7.50542;8.39673;9.12987;9.88971;10.8896;11.7019;12.6515;13.6112;14.4032;15.0159;15.7708;16.2649;16.8901;17.5585;17.9598;18.7951;19.3683;19.9534;20.1601;20.8857;21","15;15.8662;16.4789;17.4082;17.6896;18.521;18.866;18.6295;18.6089;18.8593;18.4059;18.4685;17.9791;17.9649;18.2439;18.3636;18.4539;18.4438;18.8214;19.2229;18.8004;18.2324;17.9967;17.5913;17.215;16.7767;16.548;15.8605;15.507;15",5.31263
"0.15;0.45;0.4"
26.4037,2.28674,1.25064,"1;1.96806;2.83398;3.82501;4.02073;4.63186;5.37046;5.54287;6.30179;6.43623;7.39851;7.67548;8.62903;9.60425;10.2322;11.0979;11.9501;12.5456;13.3687;14.2037;14.7381;15.4163;15.9828;16.7264;17.0385;17.1707;17.4435;18.1376;19.1185;19.7221;20.1189;21","15;15.2507;15.7509;15.8846;16.716;17.4656;18.1397;19.1248;19.7759;19.7481;19.7827;19.8206;20.0209;19.7997;20.5779;21.0785;20.5554;20.4667;20.9601;20.4098;19.5646;18.8428;18.0758;17.4073;16.9937;16.4349;15.7746;15.0547;15.0846;14.8987;14.8222;15",5.54164
"0.15;0.5;0.35"
25.1236,3.12968,0.548504,"1;1.91719;2.5475;2.79094;3.51592;4.04816;4.64497;5.36497;6.09426;5.70617;6.61842;7.58074;8.41724;9.18043;10.1276;10.443;11.1446;11.9042;12.5494;13.1726;13.7187;14.2083;14.8719;15.3981;15.9754;16.5659;17.1322;17.5659;18.1848;18.4409;19.3057;19.944;20.6321;21","15;15.3985;15.7311;15.8848;16.0802;16.2329;16.3546;17.0486;17.7328;18.6544;19.064;18.7921;19.34;19.9862;19.6654;19.1001;18.9847;18.6764;18.283;17.9317;17.2314;16.9325;16.7326;16.8348;16.5451;16.0772;16.316;15.4984;14.9588;14.7246;14.5108;15.014;14.9742;15",5.65441
"0.15;0.55;0.3"
26.294,4.70633,0.375071,"1;1.98153;2.55487;3.22658;3.78958;4.02885;4.83092;5.56926;6.45713;6.9439;7.67754;8.41603;8.93151;9.55777;10.1339;10.5251;11.1072;11.6793;12.6274;12.9486;13.4182;14.1318;14.5137;14.981;15.825;15.9617;16.2265;16.3211;17.3211;18.2263;18.8795;19.1465;19.6041;20.4848;21","15;14.8087;15.1233;15.7771;16.6036;17.2634;17.4622;17.164;16.7827;17.5316;17.9718;17.5936;18.2757;18.799;18.6787;18.4618;18.1453;17.619;17.7947;16.9184;16.9731;16.5762;16.1599;16.0006;16.1713;15.3133;14.4496;15.0534;15.042;15.1791;14.9386;14.6826;14.2494;14.723;15",6.86167
"0.15;0.6;0.25"
25.5799,11.0497,0.303547,"1;1.83847;2.74582;3.28727;4.11597;4.67812;5.61429;6.07061;6.56472;6.75999;6.78918;7.13657;7.53492;8.3948;9.10905;10.0433;10.0937;10.8722;11.4322;11.9566;12.4141;12.8137;13.5224;13.9511;14.7458;15.6468;16.3925;17.15;17.6362;18.3002;19.1234;20.0261;20.8886;21","15;14.4551;14.4282;14.3728;14.1195;13.9807;14.2689;14.6669;14.9992;15.9637;16.5581;17.099;17.4894;17.9095;17.3889;17.2935;17.3732;17.8447;17.2878;16.7129;16.5602;16.1977;15.4922;15.8153;15.7269;15.31;15.236;14.7599;13.886;13.1383;13.706;14.1363;14.6423;15",11.08
"0.15;0.65;0.2"
24.2901,3.17373,0.431148,"1;1.64424;2.58052;3.2534;4.18854;4.62164;5.15685;5.70077;6.60187;7.16412;7.46898;8.46772;9.42952;10.2554;11.1334;11.8145;12.2943;13.0047;13.5642;14.1588;14.739;15.434;15.7368;16.0464;16.7494;17.3856;17.6995;18.5627;19.1227;19.932;20.0538;21","15;15.7648;16.1161;16.1545;16.3063;16.7778;17.4497;17.9412;18.1048;18.3231;18.6029;18.5528;18.8266;19.0916;18.8588;18.62;18.9793;18.6187;17.9902;17.6116;17.3214;16.7;16.226;15.7531;15.4649;14.7155;14.4971;14.2384;13.6372;14.2247;14.7346;15",5.9298
"0.15;0.7;0.15"
27.1626,3.59591,0.81788,"1;1.71665;2.02806;2.91383;3.6773;4.58195;5.52403;6.00668;6.16523;6.73927;7.09505;7.80299;8.19469;8.71176;9.45218;9.55687;10.2773;10.9467;11.6699;12.1948;13.1209;13.421;13.8645;13.6317;13.7032;14.1291;14.2288;14.677;15.6604;16.4594;17.2221;18.0535;18.3497;19.1084;19.3982;19.814;20.425;21","15;14.9035;14.7969;14.5241;14.8746;15.3008;15.6362;16.4456;16.7763;17.1618;17.5022;17.6263;18.0816;18.0764;18.6283;19.065;19.6503;19.9315;20.1329;20.6046;20.9819;20.1814;20.0225;19.1455;18.3234;17.5587;16.6555;15.8944;15.7129;15.8329;15.5559;15.0385;15.097;15.1913;15.3413;15.4001;15.5148;15",6.85311
"0.15;0.75;0.1"
24.8278,2.88334,0.555381,"1;1.99536;2.69712;3.49076;4.2565;5.04426;5.48858;6.28214;6.76782;7.20297;7.50645;8.16802;9.16618;10.1246;11.0679;11.8977;12.5714;13.4045;14.3222;15.298;16.2323;16.5282;17.5064;17.5972;18.5805;18.6127;18.8168;19.7276;20.4573;21","15;15.0962;15.4688;15.9598;16.2415;16.1708;16.4806;16.8969;16.684;16.7161;17.6689;18.4188;18.3581;18.0729;18.4049;18.963;19.702;19.6822;19.5321;19.3135;18.9569;18.2432;18.048;17.7607;17.6125;16.6442;15.7271;15.6475;15.3684;15",6.05861
"0.15;0.8;0.05"
30.2655,5.45249,1.07607,"1;1.74854;2.46436;3.44084;3.86715;4.1411;5.14107;5.62685;6.39788;6.70623;7.34831;8.06801;8.83041;9.19913;9.29556;9.91537;10.3944;10.3229;11.1314;11.7494;12.5053;13.0635;13.9531;14.864;15.7452;16.4013;17.0376;17.8869;18.798;19.3087;19.8792;20.7639;21.4689;21.8022;21.9743;21.4766;21.4254;21.279;20.901;20.769;21","15;14.7726;14.551;14.7585;15.5702;15.7656;15.7735;16.1872;16.0276;16.5088;16.8825;16.515;16.0531;16.6133;17.4628;17.3711;17.3132;17.7207;18.3091;19.0953;19.5942;19.6071;20.0637;20.3962;20.4761;20.5308;20.0256;19.6009;19.6467;19.69;20.0678;19.8628;19.9901;19.0472;18.1308;17.4268;16.5582;16.3258;15.7404;15.1379;15",9.17443
"0.15;0.85;0"
22.0741,17.414,0.248589,"1;1.98584;2.95723;3.76995;4.73358;5.73152;6.56181;7.3693;7.56882;8.54059;9.02381;9.93946;10.7766;11.7205;12.6984;13.3765;14.3544;14.994;15.9724;16.4833;17.3457;17.9468;18.8282;19.5285;20.3259;21","15;14.8323;14.5948;15.1775;15.4448;15.3806;15.1303;15.0684;15.012;15.2479;16.1234;16.5254;16.8189;17.0014;17.2103;16.4753;16.2659;15.4972;15.7037;15.7534;15.7844;15.8088;15.3803;15.1256;14.704;15",4.61369
"0.2;0;0.8"
24.193,2.89284,0.43774,"1;1.89084;2.87881;3.2679;4.06981;4.63059;5.51879;6.16227;7.15683;7.99567;8.52747;9.24312;9.76106;10.6108;11.526;12.3728;13.1706;13.773;14.6446;15.6337;16.2589;16.7289;17.2446;18.1843;18.9444;19.458;20.4277;20.5942;20.8797;21","15;15.4543;15.6089;16.5301;17.1276;17.1346;17.3805;18.1459;18.2501;18.3364;18.2682;18.0774;17.9082;18.4354;18.8385;18.4047;18.2394;18.1088;18.1843;18.151;18.4623;18.1144;17.4985;17.7507;17.4836;17.3535;17.3539;16.8469;15.9849;15",5.31154
"0.2;0.05;0.75"
23.3721,4.90792,0.306395,"1;1.95738;2.3986;3.19348;4.18498;4.99472;5.94901;6.81021;7.7001;8.50737;9.12213;9.4165;10.3778;11.3187;12.1703;13.1698;14.1463;14.5768;15.1956;15.9117;16.7598;17.7428;18.6155;19.4667;20.2901;21","15;15.2888;16.1862;16.793;16.6629;16.0761;15.7772;16.2855;16.7417;16.733;17.3661;18.3218;18.0462;17.7077;17.1834;17.2142;16.9985;16.7856;16.5519;16.0442;15.7929;15.6091;16.0973;16.1356;15.6896;15",5.37968
"0.2;0.1;0.7"
21.623,7.11235,0.258831,"1;1.92829;2.92773;3.92763;4.48914;5.3306;6.21768;6.70638;7.54746;8.26246;8.54229;9.46356;10.043;10.9932;11.9028;12.8759;13.5029;14.3447;15.2955;16.2922;17.2737;18.0501;18.8483;19.7599;20.6019;21","15;15.3719;15.4054;15.4195;15.6836;15.9567;15.909;16.103;16.1836;16.6011;17.1394;17.4246;17.02;16.7084;17.1239;16.8933;16.7906;16.7413;16.4316;16.3503;16.2232;15.9858;15.3834;15.7945;15.2551;15",5.55969
"0.2;0.15;0.65"
23.6272,3.10875,0.411229,"1;1.38557;2.08795;2.69085;3.28631;4.2696;4.98673;5.69102;6.67168;6.82382;7.04376;7.4334;7.7744;8.11878;9.0052;9.43033;9.89991;10.754;11.4531;11.7762;12.4625;13.3307;14.0149;14.9303;15.5596;16.4287;17.127;17.7858;18.5027;19.109;19.8308;20.4167;21","15;15.0879;15.273;15.3681;15.734;15.6264;15.4971;15.8789;15.7698;16.6402;16.9643;17.3206;17.9811;18.2163;17.8832;18.157;18.3853;18.8526;18.8419;18.9563;18.6358;18.8187;18.4461;18.5047;17.939;17.9124;17.3735;16.6211;16.6881;15.9624;15.4811;15.2296;15",5.59393
"0.2;0.2;0.6"
24.5701,2.49494,0.645796,"1;1.82241;2.39754;3.05807;3.29656;3.72279;3.89192;4.84194;5.82679;6.74574;7.20191;7.89639;8.77661;9.51455;10.458;11.0859;11.9003;12.3418;13.1567;13.2377;13.417;14.2875;15.2709;16.2696;17.2425;17.7461;18.6584;19.6225;20.1382;21.0515;21.0112;21","15;15.1143;15.2823;15.8078;16.4491;17.3109;17.6628;17.975;18.1484;18.5428;19.4327;19.6354;19.8176;20.186;19.8546;19.4997;18.9729;18.873;18.602;18.3848;18.2939;17.8019;17.62;17.67;17.4388;17.0876;16.9597;16.761;16.3419;16.2773;15.2781;15",5.89294
"0.2;0.25;0.55"
24.1375,12.3922,0.337176,"1;1.94736;2.66231;3.09098;3.43558;3.58552;4.2676;5.00158;5.90498;6.18038;7.10269;8.02591;8.54589;9.48212;9.82989;10.4559;10.9907;11.5777;12.0613;12.5775;12.8551;13.6968;14.5546;15.3671;16.3519;17.3416;17.9132;18.5597;19.2375;19.8106;20.1323;20.4702;21","15;14.6798;14.8391;15.5575;15.9712;16.853;17.3195;17.4528;17.7469;17.6674;17.3636;17.6375;17.2216;17.2035;17.3095;17.2337;17.2038;16.6997;16.0775;16.6491;16.8539;17.2037;17.2688;17.4604;17.6339;17.7772;17.6837;17.5588;17.4345;16.615;16.2259;15.4354;15",8.71373
"0.2;0.3;0.5"
23.1932,3.3781,0.460344,"1;1.8789;2.87859;3.85338;4.82125;5.82123;6.59474;7.1331;7.93806;8.6283;9.3809;9.69121;9.92664;10.5239;11.2268;12.0283;12.8967;13.3011;14.0209;14.6235;15.425;16.1706;17.0773;17.9681;18.8793;19.7387;20.5954;21","15;15.477;15.4521;15.2767;15.0942;15.0884;15.7222;16.5649;17.0338;17.231;17.7703;17.979;18.0975;18.689;19.2098;19.5656;19.7032;19.5721;19.3098;18.5118;17.9138;17.2474;16.8255;16.3712;15.9591;15.4686;15.0825;15",6.02812
"0.2;0.35;0.45"
29.3116,2.52745,1.78195,"1;1.94455;2.83475;3.25568;4.14603;4.54304;5.20044;6.16473;6.23854;6.60306;6.80132;7.29093;7.42931;8.34157;9.32801;10.1647;11.0879;11.9105;12.4864;12.4828;12.6452;12.8604;13.8111;14.4229;15.3927;15.5906;15.5167;15.5478;16.2181;17.1166;17.7787;18.2313;18.7223;19.1259;19.9517;20.4011;21","15;15.0835;14.9822;14.9748;15.3151;15.5889;16.3425;16.6073;17.3298;18.2212;18.6053;19.4698;20.4418;20.8514;21.0155;21.5632;21.9476;21.8274;21.3988;20.9664;20.3613;19.3869;19.1587;19.8736;19.796;18.9042;18.0168;17.2013;17.1018;17.1955;17.2808;16.775;15.9975;15.8532;15.6921;15.2496;15",7.58608
"0.2;0.4;0.4"
25.0662,2.7672,0.483558,"1;1.39149;2.32205;2.64807;3.41744;4.04471;4.72383;5.63791;6.63785;7.17284;8.01829;8.89317;9.86148;10.6368;11.445;12.4139;13.0355;13.9553;14.7807;15.7775;16.6509;16.6071;17.5583;17.293;18.0416;18.8719;19.5782;20.3733;21","15;14.997;15.1924;15.538;16.1277;16.6104;17.3444;17.75;17.7605;18.6054;18.7821;19.0655;19.2111;19.2596;18.6706;18.4782;18.8411;18.5562;17.9916;17.911;17.4242;16.4251;16.1165;15.1524;14.4893;14.1102;14.591;14.9762;15",6.42772
"0.2;0.45;0.35"
23.174,3.10444,0.373134,"1;1.83264;2.81565;3.24417;4.18293;4.92314;5.90502;6.20631;6.44356;7.04027;7.69265;8.10943;8.96225;9.78299;10.7705;11.7017;12.4185;12.9436;13.4704;14.0262;15.0015;15.9995;16.9452;17.4509;18.4025;19.268;20.087;20.9059;21","15;14.746;14.7077;15.4357;15.4555;15.7327;15.9222;16.6278;17.2847;17.7036;17.5134;17.9931;18.1087;18.3245;18.4376;18.0731;18.4919;18.4114;18.2649;18.32;18.099;18.0363;17.7114;16.8487;16.6848;16.2137;15.6398;15.0659;15",6.29895
"0.2;0.5;0.3"
23.0508,3.99213,0.326457,"1;1.76797;2.27359;2.72919;2.99058;3.85488;4.67568;5.4056;5.69903;6.58592;7.4806;8.18827;9.08658;9.42433;10.4217;10.895;11.349;12.3113;12.537;13.3407;14.07;14.3213;14.8458;15.0376;15.8807;16.4838;17.4398;17.7604;18.4952;19.4952;20.4374;21","15;15.6405;15.9881;16.6102;16.9838;16.8427;17.0512;17.184;17.5437;17.8909;17.7686;17.9075;17.7548;17.8336;17.9065;17.799;17.5322;17.7853;17.4957;17.5349;17.7881;17.2073;16.7804;16.4982;16.3391;15.8543;15.7611;15.9618;15.4625;15.4758;15.8107;15",6.88745
"0.2;0.55;0.25"
30.5901,177755.0,0.506647,"1;1.97212;2.85756;3.70624;4.55721;5.55469;6.50077;7.29669;7.59691;8.09398;9.01874;9.81599;9.51809;9.61337;10.0367;10.9205;11.3441;12.0387;12.6622;13.6501;13.8379;14.2173;15.1437;15.6982;16.1246;16.7982;17.5503;17.8612;18.5473;19.2472;19.7303;20.4915;21.4171;21.3986;22.0525;22.7087;22.9715;22.3849;21.8064;21.401;21","15;14.7655;15.2303;14.7014;14.1762;14.247;14.571;15.1764;15.286;15.2039;15.3866;15.9903;16.5449;17.151;17.6715;17.5698;17.4661;17.0923;16.3105;16.1552;16.4143;16.9788;17.3553;17.4719;17.5498;18.2888;18.6943;18.8909;19.1269;19.035;19.1108;19.1748;18.9618;18.5242;17.9013;17.2301;16.3202;16.039;16.2077;15.4766;15",106659.0
"0.2;0.6;0.2"
28.8835,2.121,3.23181,"1;1.4635;2.27699;3.06076;3.87775;4.35136;4.94377;5.72821;6.15082;6.75761;7.31817;7.76521;8.37091;8.76753;8.95582;9.533;10.0557;10.9407;11.8163;12.1537;13.0754;13.2059;13.9964;14.3997;15.1268;15.6304;16.1025;16.581;16.7792;16.973;16.9452;17.5375;17.9776;18.7775;19.3077;19.4569;19.7707;20.108;20.5616;20.5575;21","15;15.4576;15.8788;16.2746;16.3691;17.1945;17.9277;18.3905;18.4343;18.6342;19.2453;19.6905;20.4168;20.9834;21.2845;22.1011;22.0251;21.812;21.6834;22.2331;22.3045;22.6016;22.9546;22.5309;22.3428;22.0015;21.48;20.7601;19.8462;19.1415;18.748;18.1164;17.9304;18.4339;18.0576;17.751;16.8751;16.7695;15.9242;15.4167;15",7.64012
"0.2;0.65;0.15"
31.7412,2.93193,0.883467,"1;1.98182;2.97019;3.80012;4.4023;5.05139;5.85834;6.44398;6.4576;7.03656;7.56456;8.52061;9.49938;10.0386;10.5326;11.3512;12.1116;12.3319;12.9761;13.4342;14.0216;14.9808;15.8409;16.5386;16.4863;17.3141;17.3747;17.2355;18.056;18.9767;19.7727;20.3145;20.843;21.6902;21.8231;21.872;21.8005;21.0596;21","15;14.8102;14.9622;15.5201;16.3185;16.3924;16.5921;17.3176;18.2837;18.8574;19.6398;19.9331;20.138;20.8862;20.4775;20.2552;19.7161;19.3527;18.6421;18.1685;18.3292;18.3299;17.8198;17.1034;16.1649;15.7708;14.8285;14.1059;13.5341;13.1439;12.5386;12.4765;12.5168;12.2533;13.0093;13.9289;14.3436;14.9511;15",8.48893
"0.2;0.7;0.1"
25.5959,2.54545,0.795259,"1;1.63838;2.16997;3.01355;3.62806;4.51618;5.10659;5.13497;6.03131;6.97651;7.79361;8.28671;8.91855;9.55762;10.2143;11.0973;11.5656;12.2317;12.5091;13.2714;14.1668;14.6337;15.3671;15.9656;16.6761;17.6567;18.4814;18.9711;19.5824;20.3972;20.5997;21","15;14.8884;15.576;16.0404;16.4304;16.5736;16.7302;17.4259;17.6921;17.6718;17.6533;18.5233;19.2984;20.0676;20.2656;20.657;20.3396;20.0466;19.6078;19.0498;18.9301;18.1808;18.8605;18.7517;18.5904;18.3993;17.859;17.6268;16.8354;16.3426;15.8487;15",7.06803
"0.2;0.75;0.05"
28.7654,2.22137,1.7944,"1;1.33708;1.91983;2.32799;3.32291;3.62243;3.45915;4.35637;5.12357;5.14938;5.61039;5.81304;6.24056;6.68328;7.15477;7.54994;8.22673;9.1347;10.1108;11.0202;11.9066;12.8229;13.8154;14.055;14.4947;15.0304;15.8858;16.1504;16.9668;17.5475;18.3477;18.7629;19.7575;20.1271;21.0015;21.0648;20.879;20.5591;20.7112;21","15;15.0735;15.3075;16.0832;16.1839;16.6473;17.3904;17.4443;17.8476;18.1195;18.9201;19.4145;20.0159;20.3766;20.7992;21.3732;21.508;21.7054;21.4882;21.0723;20.6092;20.2089;20.0861;19.6775;19.2754;18.5729;18.8637;18.6902;19.0727;19.0699;18.7773;18.7863;18.7735;18.7485;18.4549;18.0397;17.1188;16.3776;15.4733;15",7.53017
"0.2;0.8;0"
23.1214,25.5332,0.295392,"1;1.64937;2.27956;3.12608;4.08567;4.16444;5.01179;5.90495;6.89853;7.89693;8.89001;9.8437;10.8135;11.751;12.5843;13.3062;14.0714;14.854;15.1822;16.0187;16.6921;17.4984;18.4004;18.8031;18.8494;19.4481;20.1436;21","15;15.2715;15.7693;15.7971;15.5749;15.9164;16.2694;16.7191;16.606;16.5494;16.432;16.1312;16.3752;16.2828;16.7006;16.8921;16.9522;17.5747;17.7642;17.2735;17.6141;17.7886;17.3903;17.4961;16.5599;15.7589;15.0405;15",6.0019
"0.25;0;0.75"
22.8952,3.17733,0.376909,"1;1.78496;2.12538;2.9641;3.82645;4.11359;4.95801;5.80535;6.54366;7.38206;8.25164;9.0473;9.35444;9.99936;10.5907;11.5782;12.346;13.1613;14.0648;14.6701;15.2006;15.7615;16.3582;17.341;18.1694;18.8767;19.8663;20.3619;21","15;15.4668;16.0231;16.5281;16.8501;17.075;16.7059;17.005;17.5923;17.8599;18.241;18.458;18.6028;18.7838;18.5474;18.39;17.7938;17.4944;17.923;18.3624;18.0436;17.4336;17.1476;16.9626;16.5119;15.8275;15.6919;15.5952;15",6.14651
"0.25;0.05;0.7"
25.7334,3.83585,0.676679,"1;1.95409;2.68123;3.50792;4.50763;5.14834;5.97347;6.3631;7.28675;7.50319;8.27103;8.28412;8.15979;8.20926;8.53985;9.50116;10.1635;10.5722;11.4153;11.9408;12.6723;13.3936;13.8123;14.6834;15.6455;16.6309;17.4118;18.1912;18.744;19.1623;19.3766;20.0253;20.5359;21","15;15.2995;15.986;15.4233;15.3992;15.324;15.3691;15.5548;15.938;15.9814;16.1146;16.6453;17.1906;17.7964;18.3549;18.4177;18.5408;18.4913;18.857;19.1396;19.6156;19.8193;19.4698;19.961;19.6882;19.8582;19.2336;18.607;17.9638;17.1763;16.2918;15.5659;15.2924;15",7.25677
"0.25;0.1;0.65"
32.8163,2.40017,5.38378,"1;1.46842;2.41846;2.98585;3.62375;4.19218;4.60976;4.78122;5.02409;5.4062;5.61175;5.64277;5.90373;6.26996;6.32508;6.86972;7.37107;7.78177;8.60483;9.07119;10.0324;10.9972;11.9582;12.9064;13.5514;14.4507;15.2954;15.536;16.0815;16.2279;16.8449;17.5729;18.5454;19.2216;19.2894;19.6415;19.2426;19.3727;19.4062;19.6992;20.3621;20.9856;21","15;14.1772;14.1031;14.2909;14.8816;15.0348;15.0682;16.0534;16.7418;17.5459;17.8981;18.67;19.0478;19.7362;20.6653;21.0125;21.7078;22.0029;22.5709;23.4555;23.7315;23.9943;24.2709;24.5886;23.8244;23.3871;22.8519;22.7302;22.1021;21.5316;20.8912;20.226;20.3115;20.1252;19.547;18.6111;18.1055;17.6366;16.762;16.3456;16.1705;15.572;15",11.7944
"0.25;0.15;0.6"
27.9469,12.9215,0.280696,"1;1.33986;1.72652;1.69864;2.69042;3.64281;4.57812;5.34366;6.18372;7.00615;7.75195;8.28215;8.98346;9.2366;9.75043;10.4878;11.342;12.2375;13.2375;14.0765;15.0722;15.8837;16.6077;17.4423;18.055;18.8282;19.4844;20.4183;20.9543;21.4042;21.6716;21","15;14.0595;13.1373;12.1377;12.0098;11.7049;11.351;10.8792;10.6753;10.5378;9.97725;9.17847;8.74343;9.5999;9.65756;9.44306;9.12521;9.21258;9.20355;9.74764;9.79949;9.96619;10.0568;10.4112;11.2015;11.6846;11.6618;12.0192;12.6262;13.3386;14.2682;15",9.7254
"0.25;0.2;0.55"
26.4651,1.99697,2.31913,"1;1.67677;2.36564;3.24304;3.79952;4.59684;4.82079;5.50619;5.69057;6.09446;6.23831;6.46101;7.35032;7.97737;8.27126;8.97906;9.90524;10.8111;11.808;12.732;13.6304;14.5058;15.2349;15.7899;16.5364;17.3897;17.9553;18.6389;19.5736;20.1237;20.5919;21","15;14.8969;15.0819;15.2813;15.932;16.3675;17.029;17.4491;17.6087;18.3425;19.2311;20.206;20.6633;21.0793;21.2081;21.6215;21.6231;22.0467;22.1259;21.7437;21.4747;21.1604;20.476;19.6441;18.9787;18.7199;18.251;17.5211;17.1657;16.3306;15.447;15",8.27508
"0.25;0.25;0.5"
26.6306,2.99991,0.543716,"1;1.97357;2.7702;3.54905;4.07005;4.45456;5.24009;5.60343;6.35993;7.17584;7.45259;8.40038;9.22153;9.92176;10.9168;11.5044;12.3191;13.1574;13.6486;14.3205;15.0089;15.5697;15.9592;16.6299;17.5853;17.9205;17.9101;18.1187;18.3264;18.5228;19.3331;19.9864;20.222;20.964;21","15;15.2284;15.8328;15.8425;16.2237;16.5496;17.1415;18.0731;18.7271;18.7737;18.6499;18.5928;18.6031;17.8892;17.7894;18.5986;18.8975;19.3732;19.022;19.0961;18.9143;18.944;18.4417;18.1233;18.4123;17.8561;16.8562;16.1327;15.7236;14.9509;14.738;14.5679;14.2482;14.245;15",7.8023
"0.25;0.3;0.45"
24.3791,4.77781,0.395896,"1;1.98098;2.96668;3.90954;4.44701;5.03101;5.98395;6.97381;7.35228;8.30863;8.93672;9.72745;10.053;10.6787;11.3584;12.0305;12.9235;13.6581;14.248;14.5969;15.433;15.6088;15.9782;16.152;16.9912;17.4775;17.7796;18.3666;19.2078;19.8191;20.8051;21","15;14.8059;14.6374;14.3042;15.1445;15.6101;15.9132;16.0553;16.1913;16.2412;16.9345;17.1744;17.4189;17.4492;17.7382;18.4644;18.2026;18.6856;19.4217;19.1044;18.9254;18.5184;17.7414;17.3214;16.9441;16.4199;16.1737;15.6531;15.9909;15.1994;15.0329;15",7.92537
"0.25;0.35;0.4"
32.1611,1.95565,4.91093,"1;1.90016;2.5763;3.34816;3.66038;4.59074;5.14757;5.87643;6.11541;6.71732;7.2053;6.90712;7.80495;8.59908;9.09695;10.0841;10.8816;11.177;12.0754;12.2734;13.1174;13.7191;14.5108;15.3437;16.1003;16.467;17.1784;17.5548;18.4743;18.5733;19.4873;19.5607;20.0913;20.5641;20.7624;20.814;20.8657;21.0881;21.1711;21","15;15.2644;15.9199;16.212;17.1621;17.5287;18.3593;18.9134;19.1103;19.7384;20.5738;21.5162;21.9261;21.7102;22.0025;21.8923;22.1105;22.4512;22.0121;21.8818;21.7062;21.7731;22.2048;22.2789;22.7451;23.0703;22.4366;22.4526;22.1217;21.9306;21.768;20.7837;21.4457;20.5735;19.5933;18.5947;17.596;16.6211;15.6245;15",10.5414
"0.25;0.4;0.35"
23.5271,3.00305,0.462045,"1;1.92125;2.91617;3.67415;4.05404;4.4585;5.30557;6.01884;6.92069;7.50174;8.37118;9.18856;9.9501;10.8448;11.6071;12.5268;13.4404;14.2986;14.777;15.5778;15.9036;16.7465;16.9799;17.7186;18.1576;18.5016;19.2744;19.7374;20.7044;21","15;14.611;14.5104;14.779;14.8509;15.4245;15.4108;16.1117;16.5437;17.3493;17.5127;18.0888;18.7369;18.6402;18.7716;19.1149;19.5216;19.0083;19.195;18.6872;18.3915;17.936;17.7272;17.0532;16.7073;15.954;15.5008;15.3323;15.0778;15",7.37176
"0.25;0.45;0.3"
26.5636,3.79818,0.437361,"1;1.83511;2.69583;3.55325;4.42459;5.11631;5.84555;6.03315;6.92716;7.05852;7.75495;8.72509;9.67946;10.5139;10.9191;11.5771;12.2473;13.1255;13.1846;13.5896;14.4253;15.1911;15.1014;14.7652;15.5391;15.4486;16.3426;17.0002;17.9397;18.2862;19.0583;19.8311;20.1514;21","15;14.9571;14.7926;14.7992;14.7186;15.3888;15.8769;16.7035;16.8006;17.6961;17.9029;17.9633;18.1774;18.2446;18.2893;19.04;19.4399;19.1261;18.3421;18.2401;17.9758;17.45;17.0414;16.3338;16.0477;15.4744;15.6005;15.1415;15.044;14.3628;14.9983;15.0565;14.9481;15",8.64934
"0.25;0.5;0.25"
40.8186,23.2445,0.413764,"1;1.81581;2.58542;3.11945;4.07761;5.06794;5.45551;5.90246;6.25398;6.46237;6.82118;7.71752;7.79612;6.9435;7.1101;7.60752;7.87403;8.16317;8.11954;7.92034;8.84669;9.61638;10.4304;10.8316;11.4702;11.6493;12.536;12.6068;12.9698;12.8831;13.7073;13.2984;12.5678;12.1853;13.0511;13.0106;13.1927;13.8295;13.7158;14.6587;15.5691;15.1947;15.6913;16.1829;17.1673;17.9578;18.5571;19.2281;20.0477;20.4852;20.8399;21","15;15.1241;15.3765;16.0058;15.7196;15.5809;14.6591;13.7645;12.9238;12.7935;12.0116;11.6249;10.8674;10.3449;9.50467;9.39242;8.82279;8.09596;7.09692;6.11696;5.7403;5.10188;4.84951;4.56307;4.28073;3.95009;4.41246;4.98105;5.6356;6.12998;6.3332;7.10269;7.42161;8.14013;8.38007;9.26954;10.0089;10.4481;11.342;11.1447;10.7652;11.2352;11.9335;12.2063;12.0305;12.6429;12.7703;13.3909;13.8274;13.9914;14.6249;15",23.0719
"0.25;0.55;0.2"
23.9235,2.99249,0.407682,"1;1.80961;2.71326;3.44004;4.3184;4.94902;5.62772;6.00361;6.68307;7.67983;8.41027;8.51972;9.34702;9.78021;10.5955;11.2233;11.8298;12.8037;13.8013;14.1857;15.1742;16.0681;16.8522;17.8439;18.8337;19.6482;20.2229;20.7096;20.8593;21","15;15.0422;15.2096;15.8692;15.9396;16.4368;16.7413;16.6337;17.1302;17.0497;17.7327;18.0029;18.4866;18.5356;18.4477;18.8239;18.9895;18.7626;18.6932;17.77;17.921;17.4728;16.8521;16.7235;16.5811;17.1613;16.7439;16.2427;15.5627;15",7.83753
"0.25;0.6;0.15"
23.5496,4.8341,0.331374,"1;1.98047;2.82228;3.72495;4.4632;5.27797;6.25108;7.1513;8.04406;8.44261;9.25917;9.5259;9.80872;10.6899;11.3376;11.9534;12.9531;13.6811;14.2001;14.969;15.3682;16.2469;16.8833;17.1925;17.6347;18.2832;18.9962;19.8072;20.3685;21","15;15.1967;15.7364;16.1668;16.8413;17.4211;17.6514;17.8568;17.6102;16.8269;16.6235;17.5873;17.6693;17.8819;17.4842;17.3514;17.3758;18.0613;17.9739;17.4997;17.4655;17.1642;16.9081;16.4539;15.9911;15.4713;15.1713;15.0633;14.7394;15",9.06271
"0.25;0.65;0.1"
24.061,15.2103,0.28389,"1;1.97496;2.17316;2.62555;3.47529;4.17095;4.75176;5.45158;6.14652;6.91309;7.35437;8.24575;9.12987;9.09164;8.95439;9.46988;9.86603;10.6133;11.5225;11.9976;12.3482;13.2365;14.2035;15.0763;15.7322;16.388;16.9992;17.55;18.1209;18.9795;19.4457;19.9574;20.764;21","15;14.7776;15.3053;15.9611;16.1337;16.1848;15.9353;15.991;15.76;15.3728;15.3648;15.2662;15.7334;15.9232;16.6293;17.0276;16.9476;17.4615;17.5972;17.5797;17.5028;17.0434;16.7889;16.3008;15.9261;15.4176;15.0426;14.8857;15.1516;14.98;14.1545;14.662;14.693;15",16.6766
"0.25;0.7;0.05"
24.8759,2.50425,0.848314,"1;1.81613;2.65542;3.52838;4.30523;5.2003;5.46896;5.97167;6.74276;7.22895;8.11035;9.10349;9.5888;9.92925;10.5391;11.0782;11.7067;12.6746;13.6742;14.5249;14.9101;15.1159;15.5937;16.3821;16.6102;17.3885;18.2587;18.8341;19.4266;20.0783;21","15;15.5779;16.1216;16.6093;16.6867;17.0951;17.3146;17.7497;18.3864;18.7333;19.0355;19.1121;19.1063;19.7474;20.4341;20.6019;20.4977;20.2467;20.2752;19.7496;18.8267;17.8481;16.9697;17.0678;17.0151;16.3919;15.8993;15.2829;14.7833;14.9673;15",8.09716
"0.25;0.75;0"
22.9942,4.15344,0.306018,"1;1.7936;2.78867;3.50063;3.8231;4.55923;5.41588;6.38067;6.82432;7.51856;8.41142;9.299;10.0825;10.8146;11.1399;11.7657;12.2187;13.0672;14.0224;14.6158;15.4632;16.439;17.4348;18.2956;19.2921;20.0091;20.8311;21","15;15.6084;15.5093;15.6363;15.7495;15.9939;15.478;15.741;16.6372;17.357;17.5039;17.956;18.0105;18.0741;17.7549;17.5923;17.4933;17.6109;17.4626;16.7013;16.1704;16.3893;16.2982;16.3835;16.3535;15.742;15.7323;15",7.11246
"0.3;0;0.7"
23.0498,4.12806,0.315598,"1;1.99719;2.88339;3.34128;4.30951;4.94881;5.82189;6.47625;6.83749;7.40895;8.28503;8.69615;9.46622;10.4002;11.3578;12.1488;13.0131;13.9302;14.8304;15.6007;16.2288;16.8323;17.196;17.7272;18.7272;19.3863;20.194;21","15;15.075;15.5383;16.3858;16.5488;16.3649;16.4701;16.823;16.9121;16.9952;17.237;17.5491;17.5256;17.8119;18.1001;17.4882;16.9853;17.384;17.8147;17.876;17.7253;17.0601;16.3927;15.5843;15.5773;15.0726;14.614;15",7.32649
"0.3;0.05;0.65"
23.2719,5.97456,0.300781,"1;1.80024;2.7745;3.77367;4.67483;5.15821;5.86938;6.33036;6.93032;7.83632;8.3487;8.99514;9.71148;10.4609;11.1015;11.8431;12.2877;12.9517;13.8229;14.4708;15.3058;15.9397;16.7509;17.1728;17.743;18.5901;19.5314;20.3047;21.2623;21.0733;21","15;15.5997;15.8251;15.7845;16.218;16.1794;16.3359;16.5695;16.8739;16.7118;17.1506;17.3183;17.4214;17.2608;16.8287;17.1728;16.9448;16.7879;17.2788;17.2388;16.9962;16.9548;16.6741;17.0553;16.9513;17.3372;17.0992;16.6507;16.3627;15.3808;15",7.75949
"0.3;0.1;0.6"
22.0061,3.67274,0.320513,"1;1.49934;2.43208;3.08929;3.80687;4.66549;5.14993;6.02371;6.89217;7.84886;8.65062;9.4041;10.2378;11.2295;12.1066;12.748;13.2546;14.198;14.5723;15.3726;16.1768;16.6276;17.5041;18.465;19.401;20.0102;20.7567;21","15;15.8664;16.227;16.7178;16.514;16.5039;16.6994;17.1857;17.6815;17.9726;18.0798;18.0757;18.2684;18.1406;17.9832;17.6258;17.4194;17.2165;17.506;16.9064;16.312;16.1674;15.7969;15.7198;15.3677;15.2094;15.0492;15",7.32903
"0.3;0.15;0.55"
22.1056,6.84902,0.261474,"1;1.99652;2.99211;3.76286;4.59589;5.24539;6.10095;6.68731;7.39561;8.07967;8.84573;9.71957;10.1194;10.9783;11.9157;12.9148;13.8941;14.8921;15.7338;16.2765;17.1304;17.9464;18.0258;18.9409;19.8991;20.3716;21","15;15.0834;14.9896;15.3537;15.6884;15.558;15.784;16.5941;16.7136;17.1163;17.3326;17.2314;17.5743;17.0622;16.7138;16.6716;16.4691;16.4068;15.8668;15.3479;15.4799;15.2234;14.7624;14.7698;14.7559;14.5566;15",8.13221
"0.3;0.2;0.5"
23.1751,11.3494,0.303662,"1;1.96525;2.5511;3.0353;3.72747;4.68631;5.57101;5.98466;6.66903;7.50801;8.28633;8.54237;9.08877;9.52121;10.2252;10.793;11.7273;12.5995;13.5522;14.5448;15.2924;16.2578;17.2545;18.1119;19.045;19.8632;20.3616;21","15;15.184;15.4054;14.7816;15.1966;15.2736;15.5343;15.1511;15.0514;15.1554;15.2433;16.0041;15.8401;16.6532;17.3147;17.6842;17.8499;18.1574;17.8533;17.732;17.0678;17.3287;17.2481;16.7334;16.3737;15.7988;15.4683;15",9.92653
"0.3;0.25;0.45"
22.3537,3.38117,0.343504,"1;1.60816;2.37526;2.93946;3.24785;4.21394;4.80262;5.2175;5.8177;6.33801;7.24913;7.51617;8.21575;8.78701;9.66765;10.4466;11.4387;12.4326;13.2077;14.0706;14.506;15.4322;16.2675;17.165;17.8093;18.5425;19.0499;20.0476;21","15;15.7938;15.9253;16.2025;16.5085;16.7668;16.7691;16.871;17.0686;16.9713;17.0804;17.219;17.9157;18.2198;18.6936;18.0665;18.1923;18.0824;17.7934;17.8249;17.8143;17.5128;17.3249;16.884;16.1193;15.6426;15.2323;15.3007;15",7.85786
"0.3;0.3;0.4"
22.0686,3.57395,0.316861,"1;1.47437;2.36734;3.29817;3.7371;4.72617;4.92428;5.59894;6.22859;7.01004;7.94966;8.552;9.1447;9.66822;10.4683;11.2078;12.0546;12.2761;13.2356;14.194;15.1537;15.8912;16.8181;17.7725;18.5707;19.5449;20.5372;21","15;15.0135;15.2333;15.2197;16.0433;16.1108;16.1628;16.7755;17.0778;17.7017;18.044;18.2484;18.3267;18.1693;17.9948;18.3578;17.9707;17.5616;17.2798;16.9946;16.7133;16.6021;16.308;16.0095;15.4071;15.1814;15.0577;15",7.98237
"0.3;0.35;0.35"
23.0877,13.2144,0.266384,"1;1.95076;2.83482;3.8059;4.73106;5.72127;6.13344;6.62742;7.47955;8.25415;8.57582;9.31637;9.73808;10.3029;10.7173;11.2096;11.9876;12.4849;12.6491;13.4282;13.8386;14.6528;15.3828;16.1291;16.7246;17.5786;18.4759;19.3733;20.2707;21","15;15.1022;14.7602;14.5215;14.901;15.0406;15.6592;15.8959;16.1443;16.0169;16.5281;16.1949;16.4382;16.5947;16.6411;17.1287;17.1454;16.9061;16.4092;15.7822;16.6698;16.3052;16.2601;16.1311;16.1621;16.6824;16.2411;15.7999;15.3586;15",12.292
"0.3;0.4;0.3"
25.9194,8.34931,0.337173,"1;1.77884;2.22785;3.1607;4.11032;5.00996;5.90682;6.89923;7.83446;8.63681;9.23303;9.98838;10.536;11.0053;11.8591;12.6066;13.3544;13.9694;14.2631;14.798;15.6082;16.0762;16.8487;17.6482;18.4564;19.1131;19.5975;20.5762;20.7237;21.0071;21","15;15.6272;16.5207;16.881;16.5676;16.1309;16.5733;16.4503;16.8044;17.1011;16.3805;16.67;16.8003;16.9727;17.2289;16.7467;16.7013;17.2186;17.2531;16.6528;16.94;16.4878;16.412;16.2489;16.4191;17.1732;18.0481;17.8431;16.854;15.8951;15",11.6173
"0.3;0.45;0.25"
36.5415,2.19575,9.8108,"1;1.97476;2.2521;2.41189;2.49377;3.13366;3.88788;4.47821;4.48088;4.76074;5.28318;6.23002;7.0027;7.73345;8.07297;8.49519;9.31335;10.0073;10.4852;11.1812;11.5086;12.3421;13.2553;14.2426;15.1992;16.1468;16.7661;16.9382;17.1448;17.701;18.3629;18.9575;19.353;19.5622;20.0187;20.7165;20.7974;20.9633;21.4865;21.7255;21.7469;21.4247;21.1025;21","15;14.7767;15.7375;16.7247;17.7213;18.4898;19.1464;19.7999;20.776;21.4549;22.2769;22.5986;23.2334;23.88;24.6035;24.9512;25.2615;25.7703;26.3017;26.9053;26.8227;27.3753;26.9677;26.8091;26.9427;26.8721;26.0912;25.3099;24.8049;24.1072;23.4242;23.2822;22.7397;22.386;21.4963;20.78;20.1481;19.2174;18.4691;18.0355;17.1945;16.2478;15.3011;15",14.0225
"0.3;0.5;0.2"
24.3087,3.1079,0.41064,"1;1.94565;2.84696;3.59617;4.54787;5.54301;6.21993;6.73777;6.62691;7.00089;7.58486;8.29123;9.1615;9.93614;10.636;11.5641;12.4653;13.2628;14.1553;15.0846;15.8485;16.0384;16.7689;17.0213;17.836;18.5539;19.2848;19.7067;20.3037;21","15;14.6748;15.108;15.7703;15.4633;15.5617;15.9223;16.5628;17.3463;17.5599;18.3157;18.795;19.0719;18.8595;18.2488;18.4369;18.4109;18.3395;18.2115;17.842;17.5675;17.4916;16.9228;16.7914;16.565;16.2992;16.0093;15.1359;14.379;15",9.06355
"0.3;0.55;0.15"
28.4042,2.34654,2.09413,"1;1.74814;2.39692;2.6373;2.68875;3.58863;3.38441;4.28267;5.19764;6.10358;7.0814;8.07801;8.96608;9.84526;10.8158;11.6382;12.1897;12.8106;12.9934;13.901;13.8489;14.7215;15.3761;15.5969;16.028;16.6275;16.8974;17.4085;17.5398;18.2074;18.8495;19.3578;19.6953;20.2609;20.8264;21","15;15.5751;16.2955;16.7385;17.3789;17.8151;18.794;19.2335;19.637;20.0604;20.2698;20.3521;20.8118;20.3353;20.0945;19.5255;19.8137;20.1043;20.6646;20.8807;21.6043;22.0788;21.7779;21.3078;20.7128;20.4402;20.1748;19.6072;18.8581;18.1137;17.7932;17.1692;16.9026;16.0779;15.2532;15",10.1386
"0.3;0.6;0.1"
27.9454,6.22424,0.573457,"1;1.9997;2.98427;3.94351;4.80704;5.47126;6.21564;7.06759;7.49121;8.23474;8.94965;8.55908;8.56138;8.43392;8.78332;9.39539;9.93767;10.8971;11.3098;11.6469;11.8364;12.4282;12.5795;13.5593;14.3463;14.9929;15.9094;16.3627;17.2565;17.6558;18.6095;18.2531;19.2359;19.8797;20.5901;20.8467;21","15;14.9755;15.1505;14.868;14.9408;14.6206;15.2312;15.217;15.3828;15.8389;16.2117;17.1323;17.5667;18.2367;19.0264;19.8172;19.9946;20.04;19.6931;19.3459;18.3649;17.9111;17.5708;17.3707;17.076;17.247;17.406;17.6013;17.5811;17.5701;17.6393;16.768;16.5836;16.3958;16.1063;15.3853;15",12.458
"0.3;0.65;0.05"
25.3222,3.35681,0.478591,"1;1.3133;1.41493;2.41317;2.99987;3.69694;4.61732;5.30793;5.99032;6.83399;7.83398;8.6673;9.66536;10.5821;11.4442;12.3096;12.9763;13.8755;14.8575;15.508;15.9811;16.4292;16.511;17.2395;18.2154;18.8155;19.7477;20.6945;21","15;15.2788;15.9099;15.9692;16.7255;16.7749;17.1659;17.8891;18.6201;19.157;19.1625;18.6098;18.672;19.0715;18.9138;18.6343;18.1664;17.7288;17.9173;17.1812;16.4508;15.7456;14.8434;14.1583;14.3768;14.3507;13.9951;14.2143;15",9.94644
"0.3;0.7;0"
22.3762,5.5565,0.299531,"1;1.95262;2.57788;3.35444;3.80944;4.53488;5.35435;5.90624;6.72966;6.95913;7.94876;8.86332;9.70565;10.2382;11.2304;11.7951;12.7221;13.5651;14.4082;15.366;15.9676;16.7806;17.6954;18.3705;18.7745;19.6198;20.1964;21.0013;21","15;14.6958;14.8362;15.3631;15.6352;16.1649;16.1399;16.3437;16.6392;17.0388;16.8951;17.2995;17.0468;16.833;16.9461;17.4401;17.8152;17.9857;17.7071;17.6914;17.5886;17.3099;16.906;16.2138;16.4628;16.1788;15.6305;15.2095;15",8.02637
"0.35;0;0.65"
25.3147,3.02991,0.488967,"1;1.73291;2.58914;3.01034;3.27515;4.27389;4.80922;5.61416;6.5957;6.99703;7.70515;8.35783;8.90301;8.84706;9.31553;10.2653;10.9411;11.8748;12.6783;13.0448;14.0448;14.8074;15.6736;16.5329;17.2586;17.63;18.3031;18.7283;19.329;20.021;20.3883;21","15;15.0429;14.8777;15.3241;15.8896;15.8395;15.89;16.37;16.4975;16.6614;17.1837;17.6092;17.8367;18.7456;18.9404;18.7956;18.7356;18.9527;18.6531;18.5306;18.5415;18.522;18.7962;19.2355;18.5474;17.6189;16.8794;15.9743;15.1748;14.4529;15.1573;15",9.305
"0.35;0.05;0.6"
21.832,7.29231,0.258529,"1;1.96236;2.91463;3.82256;4.70508;5.70226;6.66592;7.6047;8.50711;9.43231;10.0686;10.8352;11.7355;12.0185;13.0128;13.9801;14.9521;15.3043;16.2813;17.2808;18.1266;18.6223;19.2192;20.061;20.5698;21","15;15.2718;14.9665;15.3856;15.8559;15.9311;16.1982;15.8537;16.2846;16.664;16.8575;17.1174;17.0378;17.2006;17.0934;16.8399;16.7925;15.9337;16.1468;16.1797;15.9417;16.1608;16.1836;15.9437;15.3924;15",8.51264
"0.35;0.1;0.55"
24.3884,6.32583,0.326554,"1;1.3435;1.77976;2.77923;3.7787;4.75373;5.56012;6.21684;7.0461;7.90857;8.02727;8.73587;9.53927;9.76202;10.5211;11.2061;11.7266;11.6527;12.2131;13.1116;13.7395;14.1113;14.8318;15.7075;16.5902;16.8585;17.5908;17.3847;18.1919;18.898;19.3923;20.0822;21","15;14.7596;14.3739;14.4065;14.439;14.217;14.7711;15.2999;15.557;16.0197;16.2147;16.8206;17.3289;17.7134;18.1223;17.6825;16.9457;16.7099;17.3123;17.7433;17.8454;17.9724;17.958;18.0056;17.5358;17.3116;16.8209;16.1073;15.6623;15.2077;15.3417;15.1905;15",9.64811
"0.35;0.15;0.5"
26.4557,19.2076,0.26624,"1;1.60735;2.51886;3.34894;3.95158;4.6326;5.22314;5.69411;6.51584;6.86345;7.28864;8.05064;8.76118;9.39496;9.7365;10.1214;10.4054;11.4053;12.3859;13.3845;13.7373;14.5271;15.4701;15.8268;16.8172;17.81;18.5947;19.1858;19.5648;19.748;20.2001;19.5172;20.3726;21","15;14.2056;13.8844;13.4937;13.2328;12.8699;12.6122;12.1986;11.8886;11.3547;10.7068;10.31;9.67825;9.47527;9.32448;9.31182;9.63107;9.62545;9.42906;9.37626;9.46207;9.38862;9.41124;9.54538;9.68403;9.56457;10.0855;10.5711;11.4965;12.4795;13.3715;14.1021;14.6201;15",13.2208
"0.35;0.2;0.45"
24.2926,2.49647,0.567817,"1;1.88694;2.67547;3.64422;4.26355;5.08753;5.64168;5.93456;6.53251;7.40349;8.37786;8.75455;9.64117;10.5349;11.4191;12.1363;12.8411;13.2198;14.1169;14.8859;15.8117;16.6169;17.5482;18.2317;18.4526;19.4247;19.6524;19.9499;20.7652;21","15;15.4619;15.5577;15.657;16.4422;17.0088;17.3259;18.2159;19.0175;19.5088;19.2838;19.3839;18.9488;19.0433;18.6591;18.9315;19.2564;19.0814;18.8581;18.2879;18.1807;17.8711;17.5335;17.6275;17.6085;17.5808;16.7006;15.7458;15.1668;15",9.35365
"0.35;0.25;0.4"
23.898,3.46132,0.413962,"1;1.9752;2.93599;3.2506;3.9519;4.28363;4.95865;5.48081;6.46124;7.10341;7.58637;7.99483;8.92345;9.64719;10.6315;10.9536;11.8832;12.3027;13.0979;13.8903;14.8342;15.6045;16.5646;17.4954;17.5403;18.2109;18.7704;18.9048;19.3908;19.9945;20.6264;21","15;15.2213;15.3468;15.2416;15.3319;15.4715;16.0597;15.9892;16.1861;16.7838;17.3305;17.4058;17.4349;17.833;17.9591;17.7253;18.0546;18.198;18.4001;18.3425;18.23;18.7122;18.9232;19.1448;18.27;17.561;16.7626;16.1464;15.7789;15.0722;14.8133;15",9.54757
"0.35;0.3;0.35"
25.0372,2.67917,0.540523,"1;1.99766;2.9955;3.98328;4.88109;5.19127;5.95489;6.59798;6.98761;7.52779;7.99266;8.38807;9.2968;10.2803;11.1387;11.4978;12.3365;12.9581;13.643;14.1348;14.8316;15.7684;16.674;17.5769;18.3268;19.0906;19.6382;20.4206;20.9976;20.8482;21","15;15.0684;15.1341;14.9783;15.4186;15.8397;16.3564;16.717;16.9427;17.7769;18.6623;18.869;19.195;19.287;19.2569;18.9773;19.1055;19.2967;18.7036;18.3546;17.7794;18.1291;18.5532;18.4476;18.349;17.9147;17.6563;17.6308;16.8935;15.9048;15",9.86288
"0.35;0.35;0.3"
24.913,2.19295,0.833723,"1;1.99445;2.70422;3.33954;3.79072;4.54773;5.37612;5.91576;6.33224;7.20789;8.14563;9.1006;9.51682;10.232;10.7056;11.1717;11.7324;12.5681;13.3933;14.0071;14.8402;15.4369;16.3086;17.2016;18.0894;18.4175;19.0857;19.7419;20.4682;20.8567;21.3585;21","15;15.1052;15.8097;16.5392;17.2822;17.9356;18.0217;18.2724;18.6325;19.1154;19.4627;19.7595;19.8502;19.657;20.1169;20.2633;20.3662;20.0807;19.5158;19.2587;19.5423;18.7398;18.4591;18.388;18.0129;17.7125;17.8132;17.2574;16.589;16.2358;15.3708;15",9.80517
"0.35;0.4;0.25"
26.0382,2.54901,1.00904,"1;1.12487;1.57095;2.42522;2.94861;2.97909;3.7611;4.43561;5.08465;5.62427;6.17596;6.4497;7.28005;7.83825;8.56057;9.32205;10.1944;11.0104;11.7964;12.7826;13.7817;14.7415;15.625;16.4925;17.2032;18.1944;19.0822;19.9967;20.4912;20.6187;20.4453;21","15;15.2116;15.8656;16.0861;16.2332;17.2011;17.3683;17.5938;17.6406;17.7481;18.1058;18.4482;18.3222;18.3697;18.3599;18.9206;19.3216;19.8996;20.3816;20.3025;20.2623;19.9814;20.4499;19.9525;19.2491;19.3815;18.9212;18.5166;17.6474;16.6556;15.7259;15",10.4622
"0.35;0.45;0.2"
26.9041,2.65644,1.6352,"1;1.49831;1.84394;2.08145;3.03384;4.00617;4.9346;5.92709;6.86244;7.32668;7.83835;8.2438;8.70366;9.0151;9.60947;10.5436;11.2021;11.8365;12.1696;13.147;13.848;14.7621;15.3838;16.0453;16.6869;16.9677;17.2682;17.6967;17.8996;18.5511;19.3545;20.0087;20.8218;21","15;15.812;16.1988;16.6809;16.3761;16.6097;16.9812;16.8588;17.0946;17.793;18.6522;19.5651;20.1004;20.2674;20.8193;20.8103;20.7689;20.931;21.0217;21.2162;21.3887;21.2937;21.2123;20.9233;20.1563;19.1965;18.2428;17.3392;16.36;15.856;15.2885;14.7952;14.9966;15",10.99
"0.35;0.5;0.15"
23.2367,3.03855,0.379364,"1;1.99465;2.98961;3.61053;4.26845;5.17584;5.48695;5.91022;6.62819;7.32195;7.99492;8.97809;9.31955;10.2078;10.9839;11.1921;11.9705;12.3899;13.2841;14.0327;14.632;15.2793;15.7343;16.2548;16.9983;17.2547;17.9913;18.7348;19.3039;19.8559;20.4417;21","15;15.1033;15.0031;15.7586;15.636;16.0563;16.9507;17.0301;17.1201;17.3804;18.1201;18.3028;18.1908;18.1756;18.7604;18.6323;18.3466;18.6269;18.1792;17.7571;17.914;18.2476;17.8566;17.5659;17.092;16.9144;16.7788;16.5857;16.4647;16.0443;15.6357;15",9.842
"0.35;0.55;0.1"
24.6544,2.83027,0.453837,"1;1.98495;2.67724;3.26054;3.68025;3.75531;4.14362;5.02603;5.86361;6.3008;7.05087;7.74957;8.47346;9.16338;10.1375;11.1313;11.7051;12.2625;13.1293;14.0888;14.6619;15.3276;16.1829;17.1725;18.11;18.9612;19.8444;20.793;20.9183;21","15;15.1729;15.3627;16.1602;16.8513;17.1869;18.1085;17.9324;17.426;17.3645;17.3705;17.7987;18.4866;18.9858;18.8669;18.7562;18.8679;18.7754;18.8007;18.5859;17.9057;17.2682;16.8845;17.0283;16.6805;16.1556;16.6246;16.3081;15.3159;15",10.3499
"0.35;0.6;0.05"
22.4264,4.29047,0.310036,"1;1.85643;2.70226;3.07719;4.03535;4.48724;4.89405;5.17096;5.9584;6.39424;7.02232;7.68979;8.40355;9.03322;9.82993;10.319;10.9412;11.6066;12.5428;13.4;14.3132;15.2513;15.4643;15.9281;16.6551;17.5347;18.4199;18.6818;19.4969;20.3357;21","15;15.2738;15.3737;15.5828;15.8015;16.436;16.5671;16.6526;17.242;17.6724;17.4619;17.3434;17.2682;16.9964;16.9998;17.3415;17.5287;17.9083;18.2041;17.8591;17.5086;17.3944;17.0457;16.5267;16.3257;16.4257;16.6214;16.6479;16.2465;15.7021;15",10.6381
"0.35;0.65;0"
22.6704,22.6865,0.277928,"1;1.72596;2.64624;3.62932;4.5176;5.48281;6.29188;6.81695;7.38685;8.13402;8.72415;9.16183;9.67787;10.6293;11.4668;12.2175;12.9185;13.8703;14.1709;15.1366;16.1331;17.0243;17.9159;18.8605;19.8547;20.4476;21","15;15.6877;16.079;16.2622;15.8029;16.0643;16.5117;16.2624;16.0771;16.4211;16.8676;16.8609;16.4598;16.1521;16.6985;17.3593;17.3765;17.1771;17.1197;16.8599;16.7769;16.3233;16.7762;16.4479;16.5556;15.7503;15",9.2349
"0.4;0;0.6"
25.7612,7.10629,0.295061,"1;1.96529;2.94662;3.8434;4.77585;5.70617;6.45517;7.29041;8.0518;8.39017;9.12655;9.99493;10.9857;11.6722;12.3816;13.0538;13.3319;14.2967;14.9819;15.9545;16.6098;17.02;17.7124;17.8914;18.1637;18.2722;18.7055;19.183;19.7256;20.5936;20.7471;21.1972;21.3886;21","15;14.7388;14.5465;14.9889;14.6277;14.5616;14.9555;15.4533;15.9998;16.3568;16.8504;17.3462;17.4816;17.0431;16.8111;16.9781;16.9031;17.1659;16.4375;16.2052;15.7137;15.6393;15.2024;14.4445;14.1212;13.4384;12.8395;12.9928;12.7315;13.2224;13.9051;14.0196;14.7088;15",10.8221
"0.4;0.05;0.55"
28.2423,23.3502,0.287202,"1;2;2.92315;3.90205;4.65558;5.52339;5.96095;6.27293;6.46263;6.73217;6.91181;7.03353;7.41132;7.51307;8.25653;9.01568;9.85476;10.1184;10.0646;10.9593;11.5012;11.7958;12.52;13.45;13.6559;13.9927;14.1125;14.4439;15.1297;15.9181;16.2671;17.1303;17.2884;17.9764;18.498;19.1301;20.1144;21","15;15;14.6156;14.8199;14.8072;14.6824;14.4953;13.9979;13.8292;13.104;12.4227;12.192;11.2661;10.5146;9.94385;9.3803;8.96987;8.89198;9.78517;9.51146;9.3267;9.3286;8.63902;9.00644;9.80911;10.0761;10.9523;11.573;11.9333;12.5016;13.2556;13.7605;14.066;14.4438;15.1785;15.2605;15.2915;15",13.7755
"0.4;0.1;0.5"
23.0639,7.88841,0.280549,"1;1.81233;2.61827;3.6169;4.15719;5.10624;6.10442;7.1002;7.91342;8.55547;9.51047;10.3148;11.3;11.9155;12.5253;12.8737;13.6509;14.2654;14.8578;15.7734;16.6684;17.646;18.2576;18.8384;19.4947;20.1367;20.6118;21","15;15.1967;14.7526;14.8049;15.6464;15.9615;15.9011;15.8094;16.3913;17.158;17.4546;16.8604;16.6888;16.7513;16.8012;17.6689;17.3993;16.9789;16.6979;16.6048;16.4836;16.3913;15.7314;15.5503;15.2478;15.6634;15.1426;15",10.5351
"0.4;0.15;0.45"
22.2821,9.84362,0.261432,"1;1.07605;1.68137;2.2634;3.23136;4.1894;4.52044;5.31777;6.25939;7.19609;8.0506;8.79155;9.02274;9.73591;10.3495;11.168;11.3637;12.3447;12.4171;13.116;13.1681;14.0337;14.8652;15.5833;16.5804;17.3209;18.241;18.8552;19.8533;20.7349;21","15;15.225;15.7726;16.4039;16.1528;16.3779;16.4154;16.8643;16.8813;16.549;16.6085;16.4706;16.6363;16.8363;16.7643;17.1116;16.9051;16.7112;16.6766;16.2774;16.1437;15.8319;15.403;15.4159;15.3393;16.0114;15.6278;15.133;15.0711;14.6742;15",10.9861
"0.4;0.2;0.4"
21.9841,8.9528,0.257404,"1;1.96682;2.71821;3.69343;4.50101;5.49721;6.42342;7.0763;7.96936;8.35606;9.31001;9.99747;10.4755;11.1399;12.0284;12.8965;13.6427;14.4247;15.2363;15.9254;16.7815;17.7654;18.7643;19.7343;20.7284;21","15;15.2555;15.9153;16.1365;16.7263;16.8134;16.4364;16.1017;16.1708;16.3385;16.5606;17.1692;17.4651;16.743;16.7007;16.7741;16.313;16.147;15.8425;15.2296;14.9016;14.845;14.8929;14.6499;14.7585;15",11.1219
"0.4;0.25;0.35"
23.6437,4.19557,0.419764,"1;2;2.99499;3.99484;4.48939;5.05578;5.42318;6.03922;6.89757;7.6207;8.59682;9.26344;9.8179;10.2774;10.6906;11.3109;11.8208;12.7743;13.7502;14.5876;14.8629;15.5439;16.4926;16.9559;17.9127;18.5904;18.8357;19.6353;20.3922;20.714;21.0087;21","15;15;15.1;15.1174;15.04;15.4339;15.5541;16.2237;16.5806;16.6591;16.8565;16.9175;17.0226;17.3391;17.635;17.8411;18.117;18.4185;18.6364;18.8491;19.1386;19.2619;18.9457;18.0595;18.3501;17.6147;17.2697;17.0209;16.6236;16.5158;15.5602;15",10.8421
"0.4;0.3;0.3"
24.9924,3.65614,0.556613,"1;1.84967;2.54227;3.33584;4.32231;5.32066;6.19576;6.49374;7.31753;7.98823;8.24903;8.64423;8.47261;9.20768;10.0768;10.9629;11.7583;12.6924;13.4543;14.325;15.028;15.8988;16.7696;17.5521;18.2805;18.7488;19.5719;20.2795;21","15;15.3433;15.1533;14.5448;14.3808;14.4382;14.9222;15.835;16.3988;16.1705;17.0277;17.6671;18.1602;18.8381;19.3327;19.7962;19.7551;19.6949;19.5749;19.0831;18.372;17.8803;17.3886;16.766;16.0809;15.8494;15.4777;15.5113;15",11.4157
"0.4;0.35;0.25"
22.4765,4.60302,0.297896,"1;1.98049;2.83176;3.51536;4.16888;4.65324;5.37085;6.04615;6.75145;7.65726;8.35401;9.32673;10.3065;11.0342;11.2594;11.6179;12.0094;12.625;13.0332;13.6192;13.7707;14.641;15.0984;15.9103;16.8407;17.2172;17.868;18.7298;19.5011;20.1896;21","15;15.1966;15.0919;15.3625;15.6266;15.8047;16.2829;16.3951;16.5238;16.8759;17.1498;17.3817;17.1818;17.4599;17.4852;18.4188;18.2171;18.0344;18.0007;17.8183;17.1402;16.7544;16.4814;16.0572;16.1961;16.1592;15.5406;15.2328;14.9083;14.9765;15",10.8914
"0.4;0.4;0.2"
26.7812,2.89947,0.620118,"1;1.66548;2.56443;3.50206;4.07607;4.71914;5.55184;6.53287;7.20515;7.09145;7.78665;8.61789;9.53795;10.4422;11.2703;11.7452;12.519;13.2553;13.7094;14.6903;15.4919;15.6526;16.5569;16.7822;16.8391;17.0724;17.0504;17.4527;18.4339;19.2487;20.2479;20.7075;21","15;15.0918;15.3384;15.6301;15.859;15.9946;16.5483;16.3544;17.0947;18.0882;18.807;19.3629;19.7547;19.988;19.8657;19.8834;19.4757;18.8951;18.3041;18.329;18.092;17.6537;17.2766;16.5141;16.1251;15.1655;15.0168;14.1776;14.1262;13.5873;13.5466;14.4347;15",12.1103
"0.4;0.45;0.15"
31.022,2.11434,6.57864,"1;1.55853;2.19159;2.53532;2.70766;3.06958;2.8602;3.17299;3.53187;4.34358;5.1851;5.43016;5.93548;6.21019;7.19157;8.15009;9.07736;10.0773;10.9472;11.8149;12.7324;13.7304;14.6159;15.4113;16.0674;17.0037;17.81;18.4906;18.5033;19.1018;19.6691;20.089;20.3647;20.6757;21.0365;21.3841;21.1134;21","15;15.3901;16.098;16.6523;17.1605;17.7535;18.3701;19.2249;20.1582;20.7423;21.2825;21.6155;22.3739;22.818;23.0101;22.9587;23.2746;23.2805;23.7738;23.2766;23.6744;23.6114;23.8909;23.679;23.3515;23.0597;22.4797;21.747;20.7471;19.946;19.3796;18.81;18.1614;17.5719;16.8749;16.366;15.4033;15",14.1238
"0.4;0.5;0.1"
27.1967,3.57783,1.26228,"1;1.96817;2.92504;3.5531;3.88426;4.66825;5.42526;6.1494;6.81445;7.46506;8.24403;9.11546;9.18617;9.24121;10.0603;10.9191;11.9015;12.8043;13.6191;14.5618;15.1002;15.8633;16.8333;17.7784;17.9011;18.5129;19.2651;19.4398;19.5814;19.9052;20.2626;21","15;15.2503;14.9597;15.3802;15.2854;14.6852;14.9312;15.3768;15.3374;16.0968;16.7239;17.2144;18.2119;19.2104;19.7841;20.2965;20.4831;20.6171;20.6767;20.9978;21.2007;20.5683;20.3252;19.9986;19.0061;18.2152;17.5639;16.674;16.0301;15.3635;15.0715;15",12.9096
"0.4;0.55;0.05"
25.3174,2.89831,0.507498,"1;1.99995;2.63485;3.19608;3.43646;4.23238;5.00801;5.88226;6.52844;7.43026;7.76506;8.66069;9.16401;10.0628;10.4708;11.297;12.1135;12.7485;13.7052;14.5646;15.3894;16.1425;16.9813;17.8703;18.7118;19.1777;19.557;20.2607;21.1793;21.2168;21.0411;21","15;14.9899;15.4882;16.0293;17;17.328;17.4924;17.6131;18.0989;18.531;18.586;18.4048;18.2147;18.3837;18.2482;18.5353;18.1405;18.2068;18.122;17.6107;18.1761;18.834;18.9128;19.1789;18.6387;18.2485;18.0129;17.609;17.214;16.2147;15.2303;15",11.866
"0.4;0.6;0"
24.5604,3.10083,0.487111,"1;1.71347;2.71131;3.61749;4.56242;5.38225;6.2258;6.6849;7.65529;8.61214;8.66793;9.65728;10.6352;11.5309;11.684;12.2092;12.6412;13.3198;14.3144;15.1035;15.8958;16.823;17.6686;18.6333;19.1942;19.9667;20.2656;20.8364;21","15;15.7007;15.6351;16.0579;15.7307;16.3033;16.8403;17.7287;17.9703;18.2608;19.2593;19.4048;19.1956;19.4952;19.2552;18.5721;17.7874;18.1034;18.0004;17.527;17.1317;17.206;17.2166;17.0674;16.9474;16.427;16.0564;15.2353;15",11.3201
"0.45;0;0.55"
24.7468,13.2395,0.359497,"1;1.92062;2.86531;3.86077;4.4651;5.09806;6.00225;6.37837;7.18252;7.63788;8.17804;8.98728;8.7911;9.65508;10.5397;11.3339;12.2984;13.1678;14.1065;14.7526;15.4014;16.2187;17.0272;17.7826;18.6037;18.927;19.9035;20.8981;21","15;14.6096;14.2816;14.3767;14.4215;14.3862;14.4632;14.6559;15.2222;15.3157;15.1275;15.715;16.6956;17.1991;17.5131;17.647;17.3829;17.877;17.5322;18.2954;19.0564;18.4801;17.8916;17.2364;16.6656;15.7193;15.504;15.3995;15",11.9778
"0.45;0.05;0.5"
22.6014,11.6237,0.2626,"1;1.74099;2.73305;3.6554;4.11708;4.67693;5.23484;6.00094;6.85099;7.85088;8.73059;9.72541;10.4401;11.337;12.3159;13.3002;14.2972;15.1444;15.8582;16.7037;17.5179;18.1371;18.9765;19.9195;20.2687;21","15;14.3285;14.2027;14.589;14.6347;15.3049;15.7557;16.3089;16.7141;16.7287;16.2532;16.1516;16.8168;17.0166;16.8123;16.9891;16.9111;16.791;16.6433;16.1948;15.6143;14.8291;14.2856;14.6185;14.9638;15",11.4512
"0.45;0.1;0.45"
22.5867,5.11973,0.281478,"1;1.9865;2.84409;3.53175;4.47225;5.43765;6.21222;6.80571;7.35427;7.8392;8.64314;8.85724;9.51746;10.5168;11.3787;12.305;13.2474;14.2087;15.0136;15.8528;16.5538;17.2592;18.2549;18.7483;19.4305;20.2125;21","15;14.8362;15.0948;14.6272;14.2874;14.5482;15.1806;15.4833;15.9149;16.3079;16.9026;17.0344;17.3879;17.4237;17.9308;17.5539;17.2193;16.9441;17.5376;16.9938;16.2806;15.5719;15.4785;15.3539;15.232;14.8552;15",11.0446
"0.45;0.15;0.4"
24.1615,3.68007,0.437396,"1;1.99078;2.82018;3.45986;4.31921;4.60961;5.41643;6.27394;6.91798;7.2101;8.12281;9.04755;10.0295;10.8017;11.6611;12.58;13.5747;14.5305;15.4463;16.4302;17.3745;18.1789;18.9021;19.7944;20.2157;20.9444;21.0029;21","15;14.8645;14.5721;15.2997;15.7725;16.172;16.5003;16.8786;17.1749;17.2757;17.6843;17.3037;17.1144;17.7497;18.2611;18.6556;18.7588;19.0528;18.6512;18.4725;18.1433;18.7374;18.0467;17.5953;16.6884;16.0035;15.8115;15",11.7618
"0.45;0.2;0.35"
24.4213,10.0203,0.400724,"1;1.86045;2.71298;3.68528;4.53182;4.85577;5.5136;5.58809;6.02159;6.5495;7.15176;7.89299;8.54739;9.36337;10.0888;10.3644;10.9269;11.3671;12.2997;12.3435;12.8644;13.1428;13.6917;13.8677;14.8674;15.6712;16.6617;17.4731;17.7522;18.6811;19.013;19.7249;20.0359;21","15;15.5095;16.0322;16.266;16.7983;16.9108;17.4009;17.7052;18.4489;18.5585;18.5881;18.3723;18.826;19.1724;18.904;18.8324;18.4268;18.2563;17.9001;17.1921;17.0246;16.1994;15.796;14.8347;14.8579;14.263;14.4;14.2487;14.3175;14.6839;14.6158;14.7941;14.8036;15",13.6149
"0.45;0.25;0.3"
23.8524,27.9715,0.273918,"1;1.97262;2.97099;3.93044;4.86459;5.73193;6.70484;7.56616;8.36917;8.46411;8.89004;9.51484;9.96455;9.95472;10.1103;11.0244;11.5286;12.5012;13.0387;13.2293;14.0809;15.069;16.0094;16.8591;17.8445;18.5047;18.9488;19.6861;20.2734;21","15;15.2324;15.1753;14.8934;14.5365;15.0342;14.803;14.295;14.8909;15.7108;16.1871;16.1191;16.0839;17.0839;17.5811;17.4642;17.0564;17.2889;16.7902;16.6034;16.0793;15.9251;15.585;15.0578;15.2285;15.3022;15.346;15.3711;15.1523;15",19.1935
"0.45;0.3;0.25"
26.9754,2.10455,2.1659,"1;1.11894;1.86334;2.48455;2.88867;3.32318;4.27149;5.06927;5.6148;6.10122;6.289;6.94018;7.78844;8.37144;9.34394;10.0738;10.5701;10.9919;11.7471;12.437;13.2816;13.9677;14.3476;15.0874;16.0553;16.5403;16.8467;17.5977;18.0562;18.4365;18.5796;19.1046;19.3679;19.4916;19.9929;20.5937;21","15;15.1286;15.5968;15.722;16.3308;16.9836;17.1006;17.6325;18.2437;19.0748;19.6494;20.4083;20.9379;21.1197;21.0186;20.8433;21.3574;21.8727;22.083;21.6886;21.5517;21.2277;21.0486;20.3759;20.1245;19.7936;19.4596;19.007;18.1982;17.5077;16.9775;16.4359;15.9626;15.0719;14.9339;15.3268;15",13.3087
"0.45;0.35;0.2"
23.9121,2.86566,0.524679,"1;1.97988;2.5655;3.23974;3.8525;4.56427;5.24934;6.18932;6.46638;6.86064;7.78722;8.61526;9.40225;10.2509;10.8425;11.6188;12.5636;13.4192;14.3655;15.1327;16.0126;16.8767;17.5943;18.1895;18.3936;18.471;19.1363;19.8145;20.0826;20.3047;21","15;15.1996;16.0102;16.1329;16.2912;16.3416;16.7872;16.8576;17.0693;17.6506;17.986;18.2019;18.2614;18.0114;18.136;18.2285;18.4159;18.9335;19.2568;19.5852;19.3094;19.0131;19.014;19.0819;18.2036;17.9351;17.5208;16.8909;15.9275;15.5379;15",11.9854
"0.45;0.4;0.15"
22.8174,6.84171,0.280365,"1;1.6854;2.08857;2.17959;3.02757;3.87055;4.83467;5.60779;6.4707;7.42224;8.33046;9.25015;10.2465;10.6549;11.2034;11.7684;12.0018;12.943;13.6593;14.1814;14.824;15.5985;16.5147;17.2557;17.9398;18.818;19.6311;20.0731;20.7256;21","15;15.4531;16.0553;16.4788;17.0089;16.9419;16.9288;16.4102;16.5066;16.199;16.6175;17.0102;17.0957;17.0418;16.8053;17.1098;17.6298;17.3787;16.702;16.5594;16.3397;16.2605;15.8599;15.1883;14.8454;14.4966;14.8851;14.7263;14.8911;15",13.3746
"0.45;0.45;0.1"
25.0043,3.35393,0.451523,"1;1.9978;2.98043;3.56469;4.37883;4.64306;4.88674;5.43695;5.88996;6.59915;7.34989;8.15653;9.10146;9.90355;10.6351;11.566;12.3847;13.2069;14.0984;14.8684;15.6651;16.6582;17.4808;18.3837;19.0941;19.9304;20.3495;20.8851;21.3269;21","15;14.9337;15.1192;15.0626;15.3164;16.07;16.5128;17.3144;18.0817;18.7141;18.8573;19.4483;19.121;18.6685;18.5993;18.2341;17.6597;17.0906;16.9289;16.8373;17.2289;17.1259;16.9507;17.0843;17.4272;17.1005;16.3343;16.3882;15.8514;15",12.9515
"0.45;0.5;0.05"
27.9728,2.86388,1.27869,"1;1.66473;2.49934;2.80898;3.39572;3.72296;4.72295;5.66858;6.52873;7.37578;8.1065;8.35703;9.0098;9.24327;9.43012;9.88243;10.566;11.1485;11.7143;12.1114;12.762;13.2621;13.9011;14.4398;14.9235;15.8568;16.3486;17.287;18.2861;18.8063;19.233;19.9271;19.8465;20.3666;20.8867;21","15;15.7471;15.65;16.3244;16.6822;17.0831;17.0876;16.7624;17.2724;17.1364;17.3568;17.6327;17.8971;18.6496;19.632;20.5238;21.1371;21.6976;21.255;20.5699;20.1828;19.8444;19.4794;18.9686;19.2265;19.3922;19.3456;19.415;19.4565;18.6024;17.8552;17.8093;16.8942;16.0402;15.1861;15",14.1629
"0.45;0.55;0"
27.4283,17.9915,0.308212,"1;1.86966;2.78366;3.37915;4.30369;5.01559;5.35826;6.00107;6.86586;7.69059;8.47939;9.37566;10.2363;11.2053;12.1778;13.1591;14.0468;14.7715;15.5424;16.0101;16.3902;17.2442;17.6871;18.5435;19.5356;20.5287;20.6487;20.7688;20.9551;21.0168;21","15;14.8991;14.9634;15.7667;16.1478;16.8501;17.1595;17.1249;17.1401;16.8532;16.3482;16.7556;16.2464;16.4933;16.7264;16.5344;16.0739;15.3848;14.8097;13.9683;13.0434;12.5229;11.6264;11.1101;10.9847;11.1022;12.0949;13.0877;13.6058;14.408;15",13.8682
"0.5;0;0.5"
29.0467,4.83287,1.04414,"1;1.7199;2.19865;2.90409;3.44948;4.09318;4.86004;5.405;6.1621;6.76835;7.48967;8.06213;8.91825;9.29043;9.83414;10.195;10.9467;11.3947;12.0928;12.8927;13.6124;14.105;15.0963;15.8731;16.4391;17.1014;18.0502;18.6985;19.4957;20.3697;20.7886;20.6625;20.5685;20.527;21.1167;21.8929;21.7129;21.4041;21","15;14.9504;14.9195;14.638;15.3837;15.653;15.6519;15.8842;15.6119;15.1719;15.7864;16.1755;16.6922;16.6898;17.3944;17.7813;18.1638;18.3779;18.6932;18.8908;19.099;19.7887;19.657;19.199;19.8535;20.4802;20.6377;20.8317;20.268;20.3561;19.7757;19.4844;18.757;18.4365;17.8523;17.3736;16.4018;15.4708;15",15.2348
"0.5;0.05;0.45"
24.5469,3.63938,0.383919,"1;1.48755;2.09263;2.63448;3.06761;3.67699;4.31489;5.03729;5.65266;6.52138;6.89615;7.56065;8.36914;8.89383;9.3258;9.89947;10.2575;11.1806;12.1082;13.0178;14.0044;14.49;15.3761;16.1935;16.7734;17.4892;18.1554;18.4558;19.0521;19.5468;20.3447;20.5021;21.2499;21","15;14.7931;15.1555;15.089;15.6991;15.8369;16.2997;16.2149;16.192;16.308;16.4228;16.5221;16.8001;17.6514;17.7793;18.0748;18.57;18.9546;18.581;18.1657;18.3288;17.4546;17.182;17.2743;16.7694;16.8753;16.9975;17.345;17.5388;17.1298;16.657;15.7184;15.2295;15",12.791
"0.5;0.1;0.4"
24.6842,3.742,0.354642,"1;1.99753;2.92484;3.67737;4.50829;5.07326;6.03738;6.94898;7.92625;8.91713;9.89411;10.6965;11.6424;12.6394;13.3707;14.3253;15.2909;16.0631;16.9878;17.4346;18.0618;18.5808;19.0629;19.5913;20.1844;21.1633;21.0368;21","15;14.9297;15.304;15.7222;16.0594;16.8845;17.15;17.5611;17.773;17.6383;17.425;17.9511;18.1425;18.065;17.383;17.0848;16.825;16.1896;16.5704;16.9159;17.1269;17.2695;18.1127;17.2637;16.4586;16.2541;15.4875;15",13.0275
"0.5;0.15;0.35"
29.2705,2.46206,1.75347,"1;1.7273;1.81295;2.24931;2.67147;3.26489;4.10099;4.69259;5.57408;6.45385;7.23596;7.98987;8.33169;9.0078;9.6999;10.3597;10.4137;10.5061;11.4425;12.3056;12.8776;13.7504;14.0268;14.7573;15.5947;16.4786;16.9941;17.5275;18.1143;18.6528;19.3857;19.2387;19.6675;20.0964;20.5252;21.3478;21","15;15.6863;15.8102;16.5393;17.3869;17.872;18.2339;18.3767;18.6132;18.927;18.9464;18.6779;19.0619;19.478;18.9254;19.6094;19.9872;20.9829;21.3339;20.8289;20.7388;20.6225;20.6406;20.4605;20.5078;20.8835;20.8621;20.3466;19.548;20.3799;19.6996;18.7104;17.8071;16.9037;16.0003;15.4317;15",15.6537
"0.5;0.2;0.3"
40.4142,2.05626,10.3775,"1;2;2.43097;3.01253;3.81872;4.11045;4.71312;5.49747;5.7164;5.57343;5.57148;6.01861;6.93489;7.15408;8.12847;8.32548;8.56919;8.90793;9.098;9.45485;9.88242;10.0808;11.0796;11.7315;12.6203;13.2846;14.0116;14.3131;15.1824;15.6757;16.5318;17.1278;17.6492;18.3406;19.2684;19.7415;20.5918;21.1166;21.5322;21.4774;21.9198;22.1545;22.2577;22.3675;22.2181;22.669;22.4872;22.1049;22.4961;21.8465;21.1968;21","15;15;15.002;15.268;15.1754;15.1321;15.3386;15.9589;16.9347;17.9244;18.8901;19.5858;19.9863;20.962;21.1869;22.0445;22.3963;22.9245;23.4451;24.2831;24.9962;25.9763;26.0265;25.9966;25.7345;26.0047;26.3518;26.2751;26.3316;26.9491;27.2976;27.203;26.9405;26.6997;26.3721;26.2781;25.8002;25.2162;24.7033;23.7048;22.8079;22.354;21.6709;20.9105;20.0646;19.4625;18.5952;17.6712;16.7509;15.9906;15.2304;15",23.3156
"0.5;0.25;0.25"
24.6264,12.7765,0.393238,"1;1.81524;2.81479;3.74574;4.21113;4.94629;5.68428;6.23557;7.10949;7.56548;8.05225;8.92667;9.75242;9.7439;10.2239;10.9049;11.2046;11.9757;12.9665;13.4534;14.4525;15.4366;16.3488;17.0265;17.6712;18.2219;18.818;19.8013;20.6096;21","15;14.4209;14.4511;14.0859;13.9722;13.8461;14.0709;14.5289;14.9259;15.3803;16.1133;15.8828;16.1002;17.1002;17.5611;18.1295;18.4519;19.0886;19.2237;18.3503;18.3931;18.2156;17.806;17.0706;16.9608;16.7648;16.4029;16.2209;15.6322;15",16.2248
"0.5;0.3;0.2"
23.1794,3.00077,0.412595,"1;1.54048;2.09431;2.59586;3.58773;4.45622;5.41272;6.3349;7.28693;7.84003;8.45079;9.03636;9.8626;10.6625;11.4181;12.3218;13.2595;13.6443;14.258;14.7821;15.446;15.9588;16.8963;17.1808;17.9598;18.9343;19.1866;19.7239;20.2835;20.5544;21","15;15.1317;14.9775;15.3734;15.5007;15.9964;16.2881;16.6749;16.9809;17.1726;17.378;17.9796;18.1317;18.7318;18.5331;18.8338;18.7076;18.4152;18.2516;18.1065;18.2514;18.4665;18.1933;18.2713;17.8783;18.0528;17.8461;17.0027;16.6365;15.8251;15",12.7019
"0.5;0.35;0.15"
25.4069,2.41868,1.11943,"1;1.71266;2.40912;3.13914;3.93782;4.84094;5.80822;6.31436;7.05566;7.08774;7.94041;8.6083;9.43841;10.2454;10.838;11.7165;12.5162;13.165;14.1597;15.1505;16.0703;16.8002;17.455;18.1576;18.9741;19.1776;19.8844;20.5913;21","15;15.7015;16.0944;16.6734;16.2733;16.7027;16.9564;17.4496;17.8847;18.5969;19.1104;18.9784;19.4368;19.4483;19.6008;19.5297;20.13;20.891;20.788;20.9235;20.5311;19.8476;19.0918;18.3802;17.8028;16.8238;16.1164;15.409;15",13.7829
"0.5;0.4;0.1"
27.1842,2.45599,1.11957,"1;1.20059;1.87096;2.3927;3.3903;4.22665;4.73158;5.65494;6.32024;6.748;7.24656;8.01643;8.62301;9.4338;10.04;10.6143;11.6121;12.2435;12.7444;13.5517;14.1483;14.9481;15.9459;16.4866;17.3157;18.1008;18.9223;19.3082;19.4465;19.4704;20.2204;21.1485;21.4795;21.7703;21.8171;21.5142;21","15;15.2583;15.8287;16.2929;16.2236;16.4513;16.3369;16.6509;17.1461;17.7456;17.8434;18.258;18.9362;19.2289;19.9915;20.0066;20.072;20.5738;20.4744;20.3279;20.2674;19.9393;19.8729;20.2794;20.412;19.828;19.3653;18.6336;18.3426;17.4809;17.4971;17.4087;17.1675;16.6012;16.461;15.508;15",14.7533
"0.5;0.45;0.05"
22.6266,3.29958,0.33826,"1;1.97658;2.74694;3.7276;4.71777;5.57315;6.45773;7.13806;7.90644;8.46002;8.60242;9.58466;10.3306;10.6295;11.4239;12.0975;13.0713;14.0707;14.8837;15.8632;16.6316;17.2847;18.2834;18.5172;19.0039;19.5879;20.32;21","15;14.8548;15.4617;15.6574;15.7973;16.3153;16.7817;17.4707;17.8385;18.1409;17.9202;17.9156;18.2375;18.1241;17.9836;17.9549;17.7273;17.7623;18.0007;17.9803;17.5787;17.0417;16.9913;16.218;15.6105;15.6538;15.5954;15",12.9631
"0.5;0.5;0"
27.643,4.9996,0.487632,"1;1.537;2.53199;2.90784;3.73429;4.70748;5.51437;6.14229;6.80643;7.77038;8.76593;9.65351;10.5654;11.5055;12.0052;12.8251;13.6598;14.4414;14.9401;15.5222;16.1981;17.0673;17.5299;18.3877;19.0746;18.7901;18.9566;19.8002;20.4094;20.5648;20.8961;21.5988;21.2192;21","15;14.8885;14.8901;14.7499;15.3129;15.0829;15.6736;16.4519;16.8163;17.0659;16.9717;17.4323;17.0219;17.3627;17.5184;17.3086;17.4397;17.3977;17.8352;18.422;18.3252;17.9615;18.0386;17.5835;18.1906;18.8692;19.4491;19.5472;18.7541;17.7663;16.8228;16.1113;15.1861;15",15.4231
"0.55;0;0.45"
25.1588,3.58054,0.396903,"1;1.78075;2.19341;2.57002;3.25664;4.17324;4.74667;5.14403;6.12633;6.97609;7.34857;8.08293;8.52853;9.44872;10.2433;11.064;11.547;12.5153;13.2317;13.7181;14.5369;15.0118;15.8458;16.7006;17.504;18.5004;19.1562;19.1743;20.1034;20.9312;20.9852;21","15;15.3978;15.9704;16.1332;16.5013;16.6447;16.8769;17.0548;17.0531;17.5803;18.0209;18.3769;18.1481;18.2613;18.7252;19.0339;18.1583;18.0938;17.8771;17.2905;16.8284;15.9484;16.1086;16.4432;16.1866;16.1956;16.3353;17.1775;16.8321;16.271;15.2725;15",14.1751
"0.55;0.05;0.4"
25.2448,4.0593,0.475458,"1;1.52222;2.43609;3.14764;3.99136;4.21208;4.29826;4.77967;5.76767;6.38256;7.31882;8.04652;8.50443;9.47463;10.3302;11.1913;11.4489;12.324;12.5783;13.3522;14.0103;14.4362;15.3223;16.1841;16.8163;17.4734;18.1826;18.5201;19.3359;20.045;20.3168;21.008;20.9331;21","15;14.1472;14.5532;15.1257;15.5301;15.5398;15.5246;16.4011;16.2467;17.0353;17.3866;17.8327;17.6427;17.7448;17.647;17.2228;17.6951;18.1362;18.403;18.9344;18.7671;18.9137;19.198;19.284;18.7867;18.7192;18.6078;18.0461;17.4678;17.095;16.8027;16.2699;15.3622;15",14.457
"0.55;0.1;0.35"
26.7057,2.38641,1.32656,"1;1.99623;2.79664;3.59374;4.52436;5.48898;6.29952;6.99451;7.99287;8.89483;9.61625;10.4648;10.9106;11.8264;12.7539;13.6913;14.3743;14.3538;15.2403;15.5376;16.4145;17.1038;17.8079;18.437;18.6427;19.397;19.6068;20.307;20.6114;21.38;21","15;15.0868;15.6862;16.2901;16.6561;16.9197;17.5054;18.2244;18.2817;18.5362;19.0482;18.8677;18.9838;19.2367;19.4152;19.5455;19.8994;20.8442;20.9932;21.5083;21.4149;20.9428;20.2824;19.7344;19.5165;18.86;17.8823;17.1683;16.2158;15.5759;15",15.4441
"0.55;0.15;0.3"
28.8267,4.25995,0.646605,"1;1.24717;1.83114;2.71453;3.70672;4.38574;4.74125;5.49426;6.14528;6.37462;7.02411;7.35945;8.08493;8.75483;9.43701;10.1936;11.1582;11.9966;12.426;13.1188;14.1109;15.0954;15.396;16.0677;16.9291;17.0749;17.5618;18.5569;19.1667;19.8912;20.8261;20.9138;20.886;20.8626;21.4161;21.3274;21.4182;21","15;15.1483;15.5561;15.0874;14.9626;14.7414;14.7493;14.3323;15.0913;15.8948;16.611;17.5531;17.5287;17.4963;17.9027;17.3618;17.6241;17.7454;17.8496;18.1911;18.2047;18.184;18.1775;17.907;18.274;18.4619;19.1963;19.296;19.6219;20.2122;19.8573;18.9563;18.4189;17.5506;17.0741;16.253;15.8531;15",16.8683
"0.55;0.2;0.25"
22.2669,5.68505,0.283131,"1;1.94302;2.94074;3.68236;4.68032;5.51692;6.45504;7.33198;8.21801;8.92706;9.60854;10.2473;10.8992;11.8753;12.5706;13.527;14.503;15.4202;16.1513;16.9202;17.7462;18.0398;19.007;19.7897;20.5128;21","15;14.6673;14.7348;15.4056;15.3417;15.8896;15.5433;16.0238;16.4875;16.9856;17.1531;17.0563;17.2463;17.0292;17.748;18.0398;17.8217;17.4233;16.7411;16.2415;15.7655;15.3678;15.3132;15.0483;14.9805;15",13.7247
"0.55;0.25;0.2"
27.2924,7.02477,0.904387,"1;1.5503;2.09755;3.06315;3.95813;4.95737;5.94658;6.88604;7.87722;8.45601;8.90111;9.29116;9.70229;10.0805;10.6585;10.7319;11.1794;11.4815;12.215;13.0685;13.8206;14.3833;15.193;15.9187;16.8528;17.7516;18.2459;18.6292;19.1495;19.6699;19.9261;20.5881;21","15;15.8084;16.6312;16.8913;17.3374;17.3762;17.2297;16.887;16.7545;15.939;15.8865;16.7287;16.6123;17.5039;18.3199;18.5333;19.4239;20.0285;20.4675;20.1017;20.1039;19.9804;19.8096;20.0198;19.9748;19.842;19.8142;18.8906;18.0366;17.1827;16.2161;15.4665;15",17.2539
"0.55;0.3;0.15"
24.1142,4.43041,0.367553,"1;1.70312;2.70244;3.68615;4.67046;5.40116;6.32477;7.21896;7.23795;7.95259;8.80577;9.7792;9.88785;10.3259;11.1396;11.9904;12.8994;13.5797;14.2179;14.3979;15.2898;16.2294;17.2275;18.0567;18.9504;19.9292;20.3644;21","15;14.2889;14.3258;14.146;13.9695;14.6522;15.0355;15.4832;16.483;17.0598;17.3124;17.3312;17.812;18.4773;18.6048;19.1304;18.7137;17.9807;17.5384;17.4059;17.1528;17.0982;17.0363;16.4773;16.0287;15.8237;15.4896;15",14.8502
"0.55;0.35;0.1"
31.234,2.15926,4.45957,"1;1.62095;2.42052;3.379;4.10503;4.77687;5.50577;5.83863;6.14081;6.98887;7.61175;8.41899;9.24459;10.1993;10.8256;11.4232;12.2496;13.1561;14.1164;15.0871;16.065;16.6392;17.1352;17.3715;17.9324;18.291;18.8754;19.2307;19.9103;19.9725;20.9138;21.207;21.8048;21.8964;21.7878;21","15;15.7838;16.3844;16.0993;16.7869;17.1612;17.4096;18.1222;19.0528;19.5827;20.365;20.9552;21.5195;21.8171;22.5966;23.3984;23.427;23.2822;23.0033;23.2434;23.4528;22.6341;21.7658;21.3715;20.5841;20.1829;19.3715;18.5739;18.2355;17.7076;17.6815;16.7255;16.865;15.8917;15.1858;15",18.2654
"0.55;0.4;0.05"
25.9388,2.54894,0.743035,"1;1.9887;2.90877;3.77473;4.41522;5.11386;5.51467;6.14189;7.04014;7.29069;6.87377;7.71324;8.60791;9.15604;9.99699;10.5825;11.2951;11.9374;12.7234;13.4781;14.0551;14.6636;15.4368;16.1398;16.6915;17.381;18.1371;18.6182;19.2951;19.5255;20.3587;20.4069;21","15;14.8501;15.2418;15.404;15.6575;15.9231;16.3738;17.0501;17.0549;18.023;18.9212;19.2635;19.5131;20.0574;19.7414;19.3922;19.1113;19.756;19.416;19.5934;19.7265;19.3139;19.3434;18.6322;17.9576;17.5094;17.3941;17.2608;17.2142;16.5392;16.1333;15.7903;15",15.4134
"0.55;0.45;0"
21.1514,734124.0,0.233967,"1;1.99801;2.75347;3.44398;3.89716;4.44273;5.43338;6.2591;7.07701;8.03147;8.99833;9.83041;10.8245;11.8244;12.812;13.5421;14.1207;14.9128;15.7961;16.3823;17.2948;18.0972;18.9722;19.6261;19.9384;20.7355;21","15;15.063;15.156;15.2089;15.2698;15.6622;15.5847;15.9238;16.4991;16.7975;16.5422;15.9875;16.0958;16.0776;15.9211;15.5866;15.2501;15.5118;15.2812;15.2048;14.9414;14.9681;15.2037;15.4545;15.4945;15.2497;15",12.7844
"0.6;0;0.4"
34.0645,2.24821,9.11695,"1;1.62027;2.2197;2.49823;2.78217;3.11361;3.6433;4.37239;4.65683;5.0923;5.82901;6.25953;7.04288;7.88201;8.13431;8.80555;9.54283;10.5219;11.2078;11.6604;12.5009;13.2413;13.7752;14.6684;15.4451;16.3556;17.2234;18.0603;18.9861;19.5001;19.5156;19.9793;20.3271;20.4218;20.5219;20.5685;21.081;21.4706;21.6945;21.3695;21.0445;21","15;15.7844;16.5848;17.5452;18.5041;19.4476;20.2958;20.9802;21.907;22.2413;22.9175;23.7549;24.0848;24.3226;24.4727;25.1604;25.6447;25.838;26.0895;26.352;25.8101;25.4797;25.5605;25.2966;25.0537;24.7185;24.2216;23.6742;23.5579;22.8663;22.0699;21.6429;20.9952;20.6907;19.7817;18.7827;18.0372;17.5315;17.0209;16.0752;15.1295;15",23.7421
"0.6;0.05;0.35"
33.5374,1.93484,7.77539,"1;1.87785;2.4951;2.95827;3.37774;4.14572;4.94213;5.85078;6.43215;6.7474;7.0859;7.16244;7.65836;8.52458;8.74656;9.44906;10.1266;10.2277;11.1546;11.5235;12.0123;12.8536;13.6025;14.3891;14.9149;15.8552;16.4949;17.0414;17.9612;18.469;18.8149;19.5759;19.8135;19.9568;19.9891;19.8322;19.5143;19.3651;19.3969;19.7974;20.6466;21","15;15.4789;16.1591;16.4506;17.3584;17.9989;18.6036;18.9678;19.5811;20.0719;20.9627;21.6212;22.4694;22.6781;22.6419;23.2285;23.4084;24.3939;24.7691;25.0541;25.3164;25.7548;25.8391;25.6978;25.5468;25.3396;24.7781;24.14;24.1841;23.4289;23.163;22.5142;21.5429;20.5532;20.0294;19.4047;19.0032;18.0144;17.0149;16.0986;15.5706;15",22.6485
"0.6;0.1;0.3"
22.9978,3.81247,0.357292,"1;1.72321;2.0495;2.62137;3.60297;4.36118;5.30556;5.89293;6.22628;6.93486;7.45235;8.02056;8.50292;9.1258;9.66246;10.5516;11.0173;11.7128;12.5126;13.315;14.2836;14.9228;15.498;16.1987;17.0076;17.7964;18.624;18.9285;19.7101;20.3553;21","15;15.2516;15.6768;15.8659;15.8892;15.7712;15.9876;16.662;16.7738;16.716;16.8782;17.1513;17.0048;17.1053;17.9011;17.9449;18.1321;17.5843;18.1846;18.7815;18.5331;18.173;17.9345;17.7652;17.63;17.0154;16.7701;16.726;16.5273;15.7633;15",14.4599
"0.6;0.15;0.25"
24.1365,3.17435,0.391819,"1;2;2.74684;3.73243;4.73076;5.21111;5.40964;5.71999;6.50519;6.9276;7.91842;8.9133;9.83768;10.8047;11.7525;12.0225;12.8217;13.2235;13.862;14.4053;15.3438;16.343;17.2363;18.2116;19.2107;19.6771;20.3424;20.8457;20.9502;21","15;15;15.665;15.4959;15.4382;16.3152;16.6253;17.4909;18.0718;18.5251;18.6603;18.5592;18.1777;18.4323;18.1133;18.1356;17.7857;17.7124;17.3829;17.4258;17.0806;17.0384;17.4876;17.2666;17.3091;16.9634;16.7047;16.6247;15.8282;15",15.1951
"0.6;0.2;0.2"
28.1819,2.32909,2.49111,"1;1.11787;1.88761;2.48929;2.95068;3.93766;4.71323;5.14827;5.6216;6.01561;6.5926;7.58687;8.58628;9.45718;10.2225;10.7628;11.296;11.3873;12.285;12.9261;13.9069;14.6522;15.3;15.747;16.0083;16.3741;16.8083;17.3713;18.0611;18.0482;18.8996;19.3422;19.6531;20.3796;21","15;15.0585;15.4606;16.0875;16.7104;16.763;16.6098;17.098;17.6953;18.0246;18.4162;18.5231;18.4888;18.9802;19.6239;20.4557;21.2103;21.9047;22.3453;22.8176;22.8806;22.4644;21.7026;20.8081;20.3384;19.4492;18.7911;18.6704;18.3927;17.663;17.8446;17.0017;16.1059;15.7291;15",17.8651
"0.6;0.25;0.15"
24.4297,3.47525,0.38809,"1;1.73635;2.05592;2.88282;3.80839;3.92055;4.59829;5.43282;6.41606;7.16992;7.80086;8.51221;8.9743;9.26664;10.191;10.8645;11.2593;11.3874;12.2092;13.0309;13.2867;14.222;14.9798;15.6125;16.3331;17.3107;18.2358;18.9045;19.8889;20.3127;21.0209;21.3182;21","15;14.9993;15.1046;15.4016;15.1743;15.2597;15.827;15.9205;15.833;16.49;17.2659;17.9015;18.3555;18.5778;18.3369;18.6897;18.1415;18.2507;17.8088;17.6682;17.7841;18.0626;17.632;17.7166;17.6774;17.807;18.0737;17.3301;17.1543;17.027;16.447;15.5196;15",15.7392
"0.6;0.3;0.1"
29.7416,3.63936,0.864673,"1;1.98046;2.97984;3.84564;4.21923;4.32926;4.85611;5.25685;5.75761;5.60416;5.9767;6.44474;6.92534;7.43893;7.89922;8.44397;8.63807;9.11214;9.32833;10.2856;11.2134;11.688;12.3524;13.2414;14.0569;14.3828;14.9616;15.1346;15.2332;15.156;15.1051;15.9437;16.8509;17.5948;18.5691;19.2121;19.6808;20.4057;21","15;14.8033;14.8383;14.3379;14.7934;15.5896;16.0634;16.1194;16.7847;17.6508;18.3317;18.8516;18.6481;18.2243;18.421;18.0074;18.6191;19.4996;20.4759;20.3937;20.4311;20.3433;19.8856;19.7063;19.3738;19.1809;18.4375;17.543;16.7356;15.812;14.928;14.8159;14.411;14.2295;14.3031;14.628;14.9612;14.8934;15",19.162
"0.6;0.35;0.05"
25.9361,2.78677,0.715564,"1;1.67791;1.75175;1.77075;2.61622;3.56728;3.72537;4.71964;5.46972;5.81972;6.55649;7.11057;8.00683;8.91204;9.56884;10.3059;10.5534;11.4478;12.0437;12.9312;13.762;14.2948;15.27;16.1382;16.3856;17.1984;17.6353;18.0493;18.7532;19.4288;19.8837;20.4605;20.8738;21.0643;21","15;15.1966;16.1912;16.7113;17.2454;17.5186;18.2547;18.1478;18.3381;18.3736;18.6529;18.6698;18.9033;18.6077;19.3618;20.0376;19.9172;19.5852;19.4137;19.3622;18.9563;18.7684;18.5471;18.7756;19.1315;19.2174;18.7826;18.1904;17.6836;17.0329;16.2355;16.3287;16.0952;15.1848;15",16.6764
"0.6;0.4;0"
27.5435,2.15123,1.39296,"1;1.95234;2.89476;3.85644;4.32503;4.79714;5.48592;5.94137;6.32619;6.5293;6.88825;6.8735;7.71882;8.13596;8.63324;9.42911;10.396;11.0831;11.4463;11.8636;12.6837;13.5999;14.2598;15.1894;15.4531;15.6281;16.4966;16.8504;17.6503;18.3844;19.2392;19.9542;20.685;21.0844;21.0502;21.0177;21","15;15.305;15.6395;15.9136;16.4365;17.1879;17.5593;17.9468;18.6;18.8441;19.5042;19.9078;20.4421;20.6258;20.8469;21.4523;21.1972;20.9199;20.6746;19.951;19.6294;19.4069;19.5744;19.8246;19.969;19.3469;19.0004;18.6486;18.4396;18.0506;17.8805;17.3598;17.9727;17.4652;16.4658;15.5441;15",18.3908
"0.65;0;0.35"
22.8332,20.1723,0.295156,"1;1.79083;2.78259;3.353;4.27707;4.92277;5.4491;6.1259;6.51766;7.46777;7.91293;8.24681;8.87478;9.57117;10.3096;10.9556;11.7668;12.6608;13.6589;14.4517;15.2123;16.1719;16.7797;17.7355;17.9209;18.6278;19.5751;20.3348;21","15;15.612;15.7401;16.5615;16.7555;16.5175;16.4878;16.3185;16.2659;16.5719;16.252;15.671;16.1263;15.9023;16.5007;16.5719;17.1566;17.6049;17.6662;17.8919;17.648;17.3943;17.1056;16.8641;17.0273;16.553;16.2325;15.5823;15",15.9387
"0.65;0.05;0.3"
22.6158,4.46699,0.341213,"1;2;2.99997;3.21722;4.15702;4.92586;5.6063;6.27571;6.8602;7.40392;8.28427;9.14468;9.68706;10.3029;11.2838;12.0571;12.956;13.5134;14.4876;15.085;15.6472;16.5316;16.7907;17.5671;18.2905;19.0509;19.7286;20.4308;21","15;15;15.0073;15.085;15.0984;15.0484;15.056;15.6831;15.9801;16.2737;16.6748;17.1517;17.5263;17.4843;17.2898;17.9238;18.362;18.7352;18.522;18.4833;18.4614;18.1918;17.2352;16.9693;16.3779;15.8655;15.4583;15.0934;15",15.2323
"0.65;0.1;0.25"
22.0912,11.8621,0.255182,"1;1.71548;2.41252;3.41105;4.40396;5.30395;6.2377;7.21112;8.06264;8.79235;9.43802;9.99693;10.4322;11.1208;12.0598;12.6785;13.6742;14.2886;15.2467;15.8009;16.2813;17.2421;17.5171;18.1495;19.0127;19.9813;20.854;21","15;15.6645;15.9927;16.0468;15.9279;15.492;15.8499;15.6209;15.7104;16.2727;16.4333;16.3437;16.8073;16.848;16.6363;16.7361;16.8291;16.4658;16.4892;16.4971;16.2915;16.3014;15.7191;15.7524;15.4401;15.3071;15.5997;15",16.1896
"0.65;0.15;0.2"
30.3163,4.49384,0.769866,"1;1.50893;1.92166;2.83627;3.05518;3.7468;4.51791;5.46672;6.18424;7.14989;8.14116;8.71317;9.36539;10.1142;10.8432;11.5267;12.1937;12.9658;13.8857;14.7546;15.3714;16.2697;16.8821;17.5078;18.3088;18.4687;19.1009;19.4893;20.1481;20.5732;21.4631;22.0351;22.7157;23.0843;23.2936;22.9126;22.4188;22.1507;21.3953;21","15;15.6622;15.6712;15.8025;15.8763;16.5847;17.2214;17.5373;16.8408;16.5809;16.4491;16.9201;17.1022;17.6772;17.7885;17.3068;18.0519;18.6874;19.0796;19.5214;20.0164;20.3205;20.0481;19.8129;19.6979;19.1972;18.9741;18.7201;18.3969;18.2139;18.4783;18.3245;17.8742;17.5547;16.7032;16.2446;15.3801;14.6657;14.7919;15",20.7199
"0.65;0.2;0.15"
23.3137,3.73493,0.444126,"1;1.39754;2.12716;2.90669;3.81702;4.80569;5.47349;6.22113;7.21935;8.2172;8.87292;9.83221;10.6624;11.5765;12.3559;13.2556;14.1104;14.9012;15.7795;16.7132;17.5975;18.2239;19.1746;19.8933;20.5272;21","15;15.9176;16.6014;17.2278;17.6417;17.7918;18.5361;19.2002;19.2598;19.3254;18.5704;18.288;17.9504;18.2366;17.7649;17.3283;17.1949;16.9558;16.881;16.782;16.6849;15.9054;15.5953;14.9;14.8151;15",16.1321
"0.65;0.25;0.1"
24.4811,3.31636,0.720228,"1;0.91584;1.33899;1.68495;2.30925;3.16178;4.00624;4.88142;5.82399;6.79318;7.78494;8.59911;9.30472;9.82386;10.3691;10.7693;11.6175;12.391;13.1066;13.5347;14.1913;15.0628;15.9345;16.1636;16.9186;17.6487;18.5042;19.0261;19.6638;19.8555;20.5696;21","15;15.1011;15.9692;16.8195;17.516;17.9965;18.5065;18.9903;19.3243;19.5706;19.6987;19.9583;20.2056;19.568;19.2821;19.2399;18.8834;18.2496;18.235;18.3344;18.471;18.7527;18.6322;18.7387;18.083;17.3996;16.8819;16.5316;16.4686;15.9671;15.5383;15",16.9437
"0.65;0.3;0.05"
28.0468,2.13352,3.30214,"1;1.82542;2.47005;3.45051;3.81537;4.17625;4.6733;5.52258;5.96304;6.69833;7.15809;7.58665;8.58653;9.27823;9.39387;10.3486;11.1642;11.8757;12.8521;13.7601;14.4488;15.2768;15.8153;16.5412;17.2215;17.6985;18.5956;18.772;19.4987;20.3107;21","15;14.4355;15.2;15.3967;16.3277;17.2604;18.1281;18.656;19.2784;19.8639;20.676;21.3493;21.3343;22.0565;22.1547;22.3316;22.7774;22.8306;23.0395;22.6205;21.8955;21.3346;20.4921;19.8043;19.0713;18.1924;17.7505;16.7662;16.0792;15.4955;15",18.9771
"0.65;0.35;0"
23.5058,25.4139,0.259592,"1;1.63026;2.62741;3.58619;4.56933;5.456;6.25863;7.16522;8.06171;8.689;9.43607;10.4109;11.2522;12.1353;12.6213;13.328;13.7937;14.3704;14.7955;15.6957;16.2634;17.1033;17.8911;18.3481;19.14;19.7641;20.5167;20.9499;21","15;15.7764;15.7009;15.9851;16.1679;15.7055;15.1091;15.5311;15.9741;16.4898;16.8252;17.0482;16.7069;16.3171;15.8282;15.499;15.4271;15.3462;15.2107;14.782;14.0672;13.5245;14.0347;14.2041;13.6783;13.4113;13.9946;14.8959;15",16.5319
"0.7;0;0.3"
21.4139,12.8971,0.242427,"1;1.94821;2.92472;3.54432;4.07406;4.73755;5.55394;6.54174;7.53082;8.36693;9.33472;10.1028;10.965;11.8437;12.826;13.4664;14.0778;14.453;15.3766;16.3431;17.319;18.3101;19.2939;20.2778;21","15;15.3176;15.5331;15.5933;16.0044;15.8619;15.2844;15.1287;15.2761;15.8246;16.0764;16.7167;17.2234;16.746;16.5587;16.6012;16.2926;16.137;15.8039;15.5738;15.3559;15.4894;15.3104;15.1314;15",15.6952
"0.7;0.05;0.25"
24.0851,4.30455,0.354755,"1;1.57952;2.49631;3.0371;3.7556;4.69849;5.64899;6.4708;7.20327;7.97867;8.69839;9.21396;9.65388;10.4001;11.0999;11.6199;12.1131;13.0426;13.386;14.38;15.0615;15.7893;16.6025;17.2111;18.0936;19.0357;19.4752;20.2264;20.4782;20.3834;20.6035;21","15;15.815;16.2143;16.1448;16.188;16.3685;16.6022;17.0063;17.1737;17.5506;17.3282;17.5045;17.3824;17.1524;17.4385;17.7456;17.6788;18.0302;18.0527;17.957;17.8808;18.0623;17.7782;17.2178;17.0335;16.8507;17.5755;17.8064;17.316;16.386;15.8949;15",17.361
"0.7;0.1;0.2"
22.4241,3.69909,0.312597,"1;1.68364;2.13762;2.71324;3.15811;4.15503;5.13618;6.11163;6.88765;7.6606;8.66058;9.65751;10.3888;11.2814;12.2586;13.1954;14.1281;15.0557;15.9713;16.7472;17.3385;18.3312;19.3239;20.3167;21","15;15.0416;15.2216;15.8823;16.4048;16.3263;16.5195;16.2993;16.93;17.5645;17.5701;17.6485;18.3305;17.8798;17.6676;18.0176;17.657;17.2834;16.8814;16.2505;15.444;15.3237;15.2033;15.0829;15",16.2986
"0.7;0.15;0.15"
24.1864,4.86419,0.423337,"1;1.97928;2.82751;3.78467;4.6493;5.60913;6.22776;7.03844;7.48344;8.24701;9.20414;9.85005;9.99904;10.8188;11.6259;12.312;12.5981;13.1528;13.9481;14.39;15.3225;15.8565;16.584;17.4358;18.4003;19.1852;19.7734;20.6588;20.7928;21.0718;21","15;15.2025;15.7321;15.4426;15.945;16.2256;16.5749;16.4231;16.4675;16.3949;16.5792;17.1117;17.1859;17.7587;17.735;17.7131;17.9956;18.5861;18.9051;19.0485;18.8184;18.7348;18.7241;18.2003;18.3214;18.3686;17.5847;17.5233;16.5323;15.572;15",17.9456
"0.7;0.2;0.1"
23.2372,2.83964,0.417982,"1;1.99983;2.79149;3.78224;4.28125;4.75286;5.31679;5.8579;6.65244;7.65195;8.64835;9.60384;10.5593;11.5592;12.5368;13.4629;14.4333;15.1971;16.1441;16.9959;17.7031;18.4816;19.3286;20.1125;21","15;14.9814;15.5923;15.5456;16.1169;16.4862;17.312;18.1529;18.7602;18.7291;18.8139;18.5188;18.2238;18.2365;18.4474;18.0701;18.3114;17.6659;17.9872;17.4632;16.7562;16.1286;15.597;14.9761;15",16.9968
"0.7;0.25;0.05"
26.8849,9.55995,0.701107,"1;1.1912;1.53671;1.88694;2.77487;3.6712;4.65185;5.52714;6.3471;6.45919;6.89513;7.66037;8.47722;9.47583;10.3217;10.3712;10.9491;11.5532;12.0982;13.073;13.6224;13.7143;14.4837;15.2483;15.6083;16.1594;17.1225;17.762;18.6346;19.2996;19.8845;20.3682;21.1442;21","15;15.2875;15.8438;16.7804;17.2404;17.6838;17.8796;18.3632;18.9356;19.2917;19.8881;20.3163;20.3475;20.2948;19.7614;18.932;18.1638;17.367;16.5285;16.3053;15.9175;15.538;14.8992;14.4488;14.1296;13.8348;14.029;13.5273;14.0158;13.9071;13.7286;13.814;14.2419;15",21.6874
"0.7;0.3;0"
22.5222,12.0475,0.262808,"1;1.96164;2.81139;3.318;4.17723;5.17709;6.15029;6.49688;7.17688;8.09981;8.29165;9.08124;10.022;10.878;11.5064;12.4478;13.2277;13.8664;14.647;15.6374;16.5013;16.7302;17.0243;17.8897;18.8672;19.3147;19.9159;20.609;21","15;14.7257;15.2529;16.1151;16.6266;16.6437;16.6908;16.9087;17.132;16.8021;16.7987;16.3207;16.487;16.4624;16.9304;17.1111;16.6921;16.3543;15.8885;15.75;15.2464;14.8893;14.3905;14.1685;14.3796;14.2573;14.7579;14.8704;15",16.9573
"0.75;0;0.25"
21.5891,11.7335,0.24445,"1;1.75313;2.71605;3.30099;4.28251;4.99109;5.46398;6.32528;7.25573;8.11703;8.94816;9.89669;10.6043;10.9406;11.6556;12.0431;12.7414;13.64;14.555;15.4388;16.2834;16.9586;17.8514;18.7327;19.6835;19.8355;20.689;21","15;14.7585;14.8168;15.6279;15.8192;15.825;15.8088;15.705;15.8908;16.1411;16.6971;17.0138;16.5901;16.5618;16.6185;16.6167;16.2573;16.4813;16.5327;16.0648;15.7582;15.3841;14.9336;14.461;14.4761;14.5716;14.9169;15",16.8274
"0.75;0.05;0.2"
27.6518,2.46585,1.6421,"1;2;2.85603;3.58358;3.95017;4.72862;5.23351;6.16725;6.85585;7.71693;8.25539;8.79215;9.33292;9.73488;10.4797;10.7141;11.7133;12.6199;13.612;14.3674;15.3287;16.2411;16.6186;17.4899;17.9187;18.9152;19.7262;19.9413;20.4225;20.7437;21.4372;21.341;21.0849;21","15;15;15.5169;16.1108;15.9826;16.2605;16.6006;16.4496;16.9838;17.3817;17.6052;18.4468;19.0546;19.2101;19.8058;19.8925;19.8514;20.2733;20.1476;20.8029;20.5275;20.8471;21.0467;21.3027;21.2819;21.3663;20.7813;19.8047;18.9281;17.9881;17.4416;16.6588;15.6922;15",21.2318
"0.75;0.1;0.15"
22.3387,3.5703,0.334872,"1;1.94998;2.77869;3.6042;4.34491;4.61879;4.8745;5.81621;6.81612;7.81148;8.78726;9.69863;10.4165;11.2339;12.0764;12.9231;13.8153;14.7559;15.658;16.6008;17.2986;17.8064;18.3731;19.1124;19.7361;20.6061;21","15;15.3123;15.8338;16.3586;16.8312;16.9999;17.7029;18.0393;18.0529;17.9568;17.738;18.0534;18.1862;18.0262;17.675;17.143;17.5945;17.2549;16.8233;16.9325;16.9976;16.921;16.2279;16.0923;15.7009;15.2462;15",17.3231
"0.75;0.15;0.1"
27.63,2.07828,2.4695,"1;1.99657;2.76217;3.57649;4.38882;4.34883;5.08404;5.93597;6.88319;7.88319;8.84798;9.66627;9.77412;10.3291;11.0216;11.808;12.7747;13.5329;14.4551;15.2878;15.5583;16.2246;16.8067;17.3942;17.4343;18.0534;18.7317;19.1823;19.7902;20.4127;20.579;20.9559;21","15;14.9172;15.5605;16.141;16.7241;17.7233;18.4012;18.9248;19.2454;19.2449;19.2061;19.5397;20.47;21.1956;21.6557;22.2048;22.1801;22.1727;22.086;21.9494;21.7843;21.1347;20.7764;19.9672;18.968;18.5876;18.1747;17.6723;17.2607;17.0207;16.0346;15.1083;15",21.2617
"0.75;0.2;0.05"
22.9401,3.20835,0.363121,"1;1.66597;2.32756;2.68388;3.16502;3.64367;4.25714;4.95658;5.40005;6.20859;6.82997;7.1765;7.38497;8.2837;9.28083;10.2384;11.2307;12.037;12.9547;13.709;14.625;15.5516;16.4433;17.3401;18.1235;19.0703;20.0566;20.6719;21","15;14.7635;15.3481;15.639;16.2776;16.3802;16.5573;16.5;17.1732;17.4044;17.5179;17.9964;18.4603;18.6011;18.5254;18.2373;18.113;17.9129;17.8997;17.4955;17.3892;17.7652;17.3126;16.8702;16.2487;15.9267;16.0916;15.3033;15",18.0072
"0.75;0.25;0"
22.6533,3.93271,0.312037,"1;1.61684;2.32271;3.32047;4.22539;4.67654;5.33245;5.80112;6.18076;6.61136;7.34042;7.4944;8.39686;9.39633;10.2499;10.7989;11.2915;12.1429;12.7122;13.451;13.9076;14.7104;15.5914;16.3735;16.9391;17.829;18.1353;18.7066;19.6573;20.4392;21","15;15.6551;16.2533;16.1863;15.8602;16.0223;15.9041;16.5658;17.2756;17.4515;17.7241;17.9299;17.9623;17.995;17.7813;18.002;18.0027;17.4782;17.5791;17.4905;17.2799;17.085;16.6118;15.9887;15.8953;15.7662;15.6752;15.0148;15.0291;15.3076;15",18.185
"0.8;0;0.2"
22.1048,7.63385,0.272084,"1;1.97228;2.90381;3.81065;4.56685;4.98022;5.31353;6.02516;6.86874;7.69235;8.59872;8.87789;9.78885;10.5551;11.5089;12.1921;13.1782;14.1012;14.2315;15.1571;15.9961;16.2223;17.0358;17.4607;17.9297;18.8329;19.7361;20.681;21","15;14.7662;15.1299;15.1812;15.5682;16.0275;16.2686;16.5962;16.6694;16.695;16.8775;16.9011;16.9489;16.7849;16.6312;17.3614;17.1953;16.8624;16.7619;16.409;16.7737;16.8856;17.4103;16.9496;16.4593;16.03;15.6007;15.2734;15",18.1064
"0.8;0.05;0.15"
25.0441,3.02115,0.583799,"1;2;2.07739;2.19144;2.74582;3.41075;4.11114;5.11103;6.00165;6.89806;7.83599;8.82657;9.65022;10.1542;11.0776;11.5895;12.1749;12.7568;13.1778;13.7778;14.6404;15.5085;16.1406;16.1111;16.2553;17.123;17.7013;18.4348;19.0029;19.6669;20.4534;21","15;15;15.997;16.9905;17.2285;17.3693;17.4515;17.4365;16.9817;17.425;17.7718;17.9087;18.4758;19.3395;19.3028;19.7061;19.7507;19.8196;19.746;19.4227;19.2412;18.745;18.2742;17.8695;17.0788;16.5818;16.314;16.0428;16.1542;15.8273;15.2295;15",20.3957
"0.8;0.1;0.1"
27.9003,2.04968,3.03075,"1;1.66268;2.59656;2.88015;3.46771;3.81995;4.35745;5.01227;5.89995;6.79056;7.18042;7.60322;8.50694;9.45303;10.4283;11.416;12.1826;12.8556;13.823;14.692;15.5911;16.4753;17.3832;18.3113;18.5463;19.1124;19.5231;19.9633;19.9279;20.1353;20.6012;20.293;21","15;15.7489;16.0924;16.2169;16.9648;17.4861;18.3294;19.0852;19.5456;20.0004;20.7691;21.3467;20.9185;21.2424;21.4636;21.6198;21.9714;21.645;21.6678;21.8948;21.6172;21.7228;21.5028;21.1849;20.2372;19.4128;18.8383;17.9404;17.4356;16.9293;16.3627;15.552;15",22.7792
"0.8;0.15;0.05"
27.2505,3.83954,0.661506,"1;0.932116;1.11034;1.66728;2.52402;3.31556;4.24218;5.2362;5.85964;6.2697;6.99949;7.9902;8.27471;9.0126;9.85164;10.5858;11.2634;11.8733;12.8685;13.716;14.2834;14.9212;15.6667;15.7809;16.7003;16.9132;17.6864;17.8269;18.3754;18.8237;19.0716;19.9759;20.6811;20.823;21","15;15.9977;16.1308;16.6756;17.1913;17.8024;18.1784;18.2876;18.7947;18.8351;18.7142;18.8502;18.9462;18.7133;18.997;19.6759;19.5002;19.7797;19.7684;19.2525;19.0465;18.8926;18.226;17.2326;16.8393;15.8622;15.2281;14.8951;14.119;13.7187;13.3782;12.9513;13.6431;14.2825;15",22.5683
"0.8;0.2;0"
22.243,6.67617,0.281678,"1;1.77553;2.31124;2.74292;3.49966;4.27851;5.2725;6.082;6.73334;7.49702;8.22264;9.09435;9.85798;10.6307;11.4523;11.6458;12.2502;13.0548;13.9068;14.7412;15.5927;16.5341;16.9459;17.5975;18.4138;19.1672;19.5777;20.5607;21","15;15.5858;15.7769;16.1379;16.6988;16.8422;16.7327;17.3198;17.2922;17.149;17.3514;17.3855;17.5084;17.6965;17.5529;17.1673;16.4109;16.6181;16.8919;16.4464;15.9221;15.7301;15.3629;14.9198;14.8225;14.8409;14.7755;14.609;15",18.9488
"0.85;0;0.15"
25.1445,3.7857,0.390664,"1;1.87822;2.70354;3.45178;4.07178;5.05898;6.00616;7.00563;7.60971;8.31127;9.17756;10.0416;11.0044;11.9649;12.1582;13.0116;13.7624;14.7147;15.5349;16.4195;17.2353;18.1516;18.5627;19.1542;19.6384;20.152;20.8214;21.0877;21","15;15.4783;16.0429;16.7063;17.491;17.6504;17.9711;18.0037;18.6188;19.1677;18.6682;18.1648;17.8944;17.6162;17.5737;17.4716;17.0817;16.7765;16.2044;15.7382;15.1598;15.5603;14.6487;13.8536;13.1382;13.2247;13.9382;14.447;15",21.6012
"0.85;0.05;0.1"
21.7387,11.7329,0.250081,"1;1.97549;2.31543;2.97033;3.90184;4.72436;5.39078;5.75861;6.53807;7.29165;8.10388;8.89516;9.45835;10.1393;10.6923;11.5825;12.4978;12.8294;13.5534;14.4041;14.8922;15.6254;16.3784;17.1472;17.969;18.8633;19.5873;19.9814;20.6671;21","15;15.1734;15.1618;15.0436;14.6799;15.2487;15.4017;15.6;15.7737;15.368;15.7061;16.1722;16.2604;16.39;17.0192;17.0161;17.0352;16.9558;16.7918;16.4952;16.328;16.3104;16.146;16.1075;15.7881;15.8586;16.0173;15.6113;15.6547;15",19.6637
"0.85;0.1;0.05"
22.0752,7.15761,0.27339,"1;1.34627;2.03003;2.74493;3.3728;4.36465;5.27863;6.02264;6.79614;7.66938;8.57951;9.08132;9.57384;10.5637;11.3479;12.3082;13.0754;14.061;15.0548;15.8508;16.5748;17.5128;18.1165;18.9113;19.0203;19.8165;20.7948;21","15;15.6197;15.5794;15.5764;15.851;15.7236;16.1293;16.7969;16.6474;16.6735;17.0879;17.1489;17.1942;17.3361;16.7155;16.7471;16.6409;16.8102;16.921;17.0289;16.9692;17.1046;16.6376;16.0407;15.448;15.3334;15.1292;15",19.8375
"0.85;0.15;0"
22.8785,12.8929,0.304138,"1;1.72858;2.19918;2.9028;3.29848;4.24968;5.19039;5.45462;6.23498;6.80956;7.61439;8.40156;9.31071;10.1193;10.9849;11.9324;12.8237;13.5503;14.2412;15.2175;16.0913;17.0742;17.3956;18.1511;18.5129;19.2734;19.9079;20.6314;21","15;14.5553;14.3484;14.5577;14.7911;14.7873;14.5607;14.7625;14.6664;14.8671;15.2795;15.8962;16.165;16.4277;16.9284;16.7597;17.0244;17.7115;18.4344;18.2176;17.7314;17.5471;17.7713;17.2031;17.1238;16.4745;15.7016;15.0112;15",20.6211
"0.9;0;0.1"
23.458,8.63173,0.270847,"1;1.53327;2.16621;3.0408;3.9534;4.85418;5.64338;6.48748;7.15367;8.01544;8.93594;9.91437;10.8231;11.8229;12.0389;12.8017;13.6626;14.3451;15.1166;15.4921;16.3931;17.3885;18.2125;18.9741;19.4641;20.1281;20.6215;20.7039;21","15;14.6556;14.2353;14.5993;14.9673;15.057;15.3923;15.9285;16.1414;16.3691;16.6113;16.5341;16.9252;16.9029;16.9557;17.1075;16.5987;17.0585;16.7433;15.9306;15.4967;15.401;14.8344;15.1957;16.0132;16.1737;16.258;15.695;15",21.5573
"0.9;0.05;0.05"
22.6954,24.9135,0.269734,"1;1.45134;2.25877;3.24554;4.05658;4.9484;5.25411;6.13202;6.73028;7.62839;8.36265;9.36246;10.3574;11.2117;11.354;12.3451;13.3262;13.5368;14.4675;15.3786;16.2403;16.8486;17.6889;18.6864;19.0821;19.2331;19.9317;20.9039;21","15;15.8924;16.4823;16.3202;16.5428;16.4316;16.5842;16.8132;16.8117;16.7858;16.253;16.2729;16.3737;16.5065;16.2914;16.1587;16.3526;16.484;16.4761;16.8882;16.6067;16.5877;16.2144;16.2843;16.1759;15.281;15.543;15.5217;15",22.9172
"0.9;0.1;0"
26.7289,2.05924,1.52206,"1;1.65097;2.40994;3.22464;3.49505;4.24606;4.81891;5.79727;6.13594;6.67637;7.19485;7.99495;8.43074;8.93141;9.6687;10.648;11.6461;12.4934;13.3325;13.9485;14.8729;15.8432;16.6659;17.3383;18.2253;18.235;18.9536;19.3867;20.3176;20.814;20.9136;20.5806;21","15;15.2548;15.5197;15.676;16.1757;16.4356;17.2552;17.4622;18.0161;18.566;19.0904;19.6902;19.9741;20.3837;20.7233;20.9257;20.8642;20.333;20.8769;20.471;20.302;20.544;20.0104;20.2992;20.172;19.7115;19.0324;18.131;17.7659;17.3003;16.5353;15.8359;15",25.4685
"0.95;0;0.05"
23.2012,9.35166,0.286918,"1;1.96414;2.58982;3.12904;3.9742;4.64141;5.19327;5.7617;6.50781;7.19005;7.98832;8.98627;9.87726;10.8615;11.4924;12.3489;13.0333;13.5997;14.2555;15.0676;15.3051;16.2711;16.9937;17.7482;18.5351;19.5093;20.2315;20.9538;21","15;15.2654;16.0455;15.5014;15.8077;16.3808;16.7442;17.1878;17.679;17.6907;17.5137;17.4497;16.9957;16.8191;16.5575;16.5898;16.6124;16.2094;15.9381;15.4058;16.0623;16.029;15.7211;15.5848;16.202;16.4275;15.7359;15.0443;15",22.5087
"0.95;0.05;0"
35.7035,2.0577,4.7719,"1;1.98385;2.97733;3.82103;4.64736;4.22614;5.01718;5.63401;6.59527;7.584;8.0774;8.91961;9.19721;9.92802;10.3236;10.65;11.5863;12.206;13.1548;14.0992;14.85;15.5088;16.483;17.0923;17.8097;18.6183;18.9961;19.8503;20.7841;20.8781;20.8601;21.7567;22.1814;23.1718;23.4889;24.0199;24.497;24.6533;24.1284;23.3706;22.9999;22.1259;21.7823;21","15;15.179;15.293;15.8298;16.393;17.3;17.9117;18.6988;18.9745;18.8248;19.6946;20.2338;20.2211;20.703;20.8895;21.0699;21.1387;21.8556;22.1714;22.3695;22.3966;22.5924;22.4973;22.2241;22.488;22.5329;22.5516;22.7758;22.7622;22.0194;21.8331;21.3902;21.0848;21.175;21.219;20.4109;19.5321;18.5444;17.6932;17.0408;16.112;15.626;15.3737;15",35.7035
"1;0;0"
