Length, Risk, TravelTime, Paths.x, Paths.y, Cost, Weight
23.3095,1.02039,0.253307,"1;1.46378;2.36483;2.45814;3.27841;3.63204;4.19366;4.76605;5.63296;6.5766;7.34202;7.97534;8.37772;8.667;9.53472;10.2462;10.9111;11.657;12.2633;12.8276;13.3905;13.9364;14.4618;15.2764;16.235;16.8211;17.7588;18.6737;19.6605;20.5764;21","15;15.0586;15.3532;15.421;15.548;15.5637;16.0315;15.6954;15.9119;15.8995;15.741;15.5093;14.7074;14.4244;14.1592;13.9358;14.654;14.9669;15.3524;16.0327;16.5921;16.5929;16.2557;16.0449;16.3298;15.5196;15.2165;14.8863;14.7246;14.3231;15",0.253307,"0;0;1"
21.2931,1.03888,0.218292,"1;1.36949;2.0745;2.72767;3.55064;4.16736;4.95471;5.91943;6.7896;7.71983;8.5234;9.49608;10.4928;11.4728;12.4004;13.3972;14.2475;15.2304;16.1209;17.082;17.7664;18.6056;18.7365;19.5831;20.2722;21","15;15.0994;14.6423;14.5912;14.5746;14.6555;14.039;13.8173;14.093;13.726;13.1308;13.363;13.2816;13.2579;13.128;13.2077;13.7339;13.9182;14.3732;14.6493;14.5999;14.9679;15.035;15.1785;15.3842;15",0.259322,"0;0.05;0.95"
23.3231,1.03671,0.23678,"1;1.99794;2.91103;3.66426;4.55111;5.35449;6.1249;6.8228;7.59813;8.56484;9.49822;9.93126;10.4132;10.8436;11.7606;12.7541;12.7796;13.751;14.2945;15.1886;16.1788;16.9072;17.7805;18.2873;18.9925;19.1916;19.7742;19.737;20.1533;21","15;15.0641;14.6564;13.9986;13.6225;13.5372;13.7233;13.7801;13.3454;13.2139;13.0589;13.7338;13.5367;12.8127;12.8039;12.8286;12.7119;12.5911;12.2769;12.0864;11.9911;12.2835;12.5276;12.9464;13.2715;13.1894;13.9348;14.423;15.2084;15",0.316773,"0;0.1;0.9"
21.5075,1.08759,0.225795,"1;1.31037;2.28597;2.7406;3.35644;4.09929;4.38851;5.16898;6.09393;6.29055;7.03991;7.85268;8.22663;9.19018;9.77634;10.7706;11.7332;12.3562;13.2295;14.1516;14.3957;15.395;16.1824;17.1083;17.4661;17.8028;18.1611;18.952;19.601;20.5212;21","15;15.2428;15.0282;15.5579;15.4662;15.4882;15.4734;14.8482;14.4681;14.3729;14.1033;14.2548;14.2946;14.1926;14.1164;14.0096;14.2805;14.601;14.6963;14.8533;15.2456;15.2084;15.7357;15.5631;15.5975;15.4581;15.32;15.094;15.083;15.3345;15",0.355064,"0;0.15;0.85"
23.2444,1.08587,0.27004,"1;1.41244;2.30852;3.1676;3.74736;4.38951;4.89358;5.52456;6.40309;7.25666;7.52402;8.31809;9.26493;10.0489;10.8116;11.5587;11.9683;12.4547;13.3012;13.9829;14.9168;15.6171;16.419;17.2488;17.4816;18.3834;19.0775;19.7772;20.7424;21","15;15.2124;14.8165;15.3137;16.0181;16.4197;16.3454;16.3633;16.2114;16.012;16.0509;15.9635;15.671;15.5552;15.0014;15.3076;16.199;16.2821;16.434;16.5536;16.8542;16.5186;16.8027;17.3011;16.6336;16.6687;16.3768;15.7291;15.6965;15",0.433205,"0;0.2;0.8"
21.8862,1.00363,0.231835,"1;1.47003;2.29653;2.77504;3.61625;4.42361;5.37418;6.35722;7.34948;8.34946;9.23904;9.86016;10.8071;11.7351;12.4859;13.1204;13.8744;14.216;15.2011;15.9773;16.6957;17.5471;17.8629;18.7037;19.5025;20.0484;20.6931;21","15;14.9537;14.7244;14.597;14.2136;14.7369;15.0474;15.2308;15.1065;15.1013;14.6446;13.8608;14.1821;14.5548;15.2153;15.5567;15.9708;15.8021;15.6304;15.5812;15.4061;15.3715;15.4993;15.8167;15.7317;15.6104;14.9414;15",0.424785,"0;0.25;0.75"
28.5237,1.15286,0.299318,"1;1.40731;2.29716;3.15594;3.78134;4.33981;4.95405;5.34035;5.88795;6.52989;6.72395;7.25336;7.55856;7.84337;8.49848;9.16005;9.93165;10.7269;11.1761;11.8776;12.4755;13.0034;13.8395;14.31;15.0731;15.7767;16.2791;17.2107;17.9156;18.7335;19.4082;19.7608;20.0745;20.3095;20.123;20.8915;21.1586;21.538;21.4068;21","15;15.0311;15.3059;15.6818;16.355;17.16;16.9044;16.5496;16.3933;15.8969;15.3123;14.6155;14.4044;13.5029;12.9334;12.5345;11.9245;11.6086;11.3304;11.8441;11.8746;11.6691;11.2449;10.8398;10.6436;10.1143;10.0629;9.80884;9.97448;10.1205;10.227;10.8884;11.1447;11.7249;12.3953;12.7072;13.3389;14.1659;14.7783;15",0.555381,"0;0.3;0.7"
29.3852,1.34338,0.305088,"1;1.74354;2.22675;2.95437;3.34237;3.95316;3.94372;4.23176;5.05828;5.98682;6.7375;7.73749;8.61536;9.32229;9.4149;9.45087;8.8658;9.30452;10.299;10.3879;10.5494;11.3635;11.9105;12.6203;12.9505;13.7821;14.7505;14.6824;15.4164;16.3383;16.7446;17.5957;18.3053;18.912;19.3523;19.8588;20.5145;21","15;14.3313;13.8199;13.5096;13.4262;12.9191;12.4253;11.4948;10.9319;10.5606;11.2213;11.2254;11.4383;12.1184;12.7073;13.3224;14.038;14.8121;14.8516;15.8006;16.5254;16.0206;16.0322;15.5611;15.3014;14.746;14.4966;13.957;13.6951;14.0234;14.769;15.2771;15.3523;15.4722;15.1098;14.9052;14.6941;15",0.668492,"0;0.35;0.65"
22.7315,1.0116,0.234608,"1;1.90047;2.14981;3.00978;3.44935;4.08361;4.76019;5.70081;6.52068;7.47062;8.44601;8.82012;9.26794;9.89387;10.7734;11.6637;12.1478;12.9904;13.4985;14.262;14.5712;15.2942;16.2067;16.9122;17.5942;18.3808;19.0998;19.9847;20.4318;21","15;15.0359;14.9899;14.9195;15.3546;15.4198;15.1547;14.8556;15.0693;15.271;15.4059;14.8203;14.2688;13.7451;14.2209;14.6762;14.6047;14.3851;14.2035;13.6727;13.6307;13.1577;12.8716;12.5132;12.8584;13.1342;13.4147;13.7608;14.6023;15",0.545405,"0;0.4;0.6"
21.749,1.05049,0.248474,"1;1.86076;2.8604;3.81863;4.06608;4.97241;5.54104;6.35547;6.67903;7.33429;8.18134;8.89199;9.31584;10.1684;10.7249;11.5955;12.227;12.8599;13.7386;14.5565;15.5143;16.4536;17.2392;17.6774;18.443;18.9727;19.791;20.5286;21","15;15.509;15.4824;15.3621;15.5557;15.7599;15.6186;15.698;16.0229;16.0241;15.8669;16.0801;15.8971;16.3718;16.6672;17.0456;17.1576;16.8136;16.3363;15.7609;15.4736;15.7628;16.1538;16.0593;16.1116;15.7583;15.8414;15.5154;15",0.60938,"0;0.45;0.55"
23.789,1.22345,0.248913,"1;1.22119;1.76902;2.05313;2.7387;3.24102;3.3434;4.24377;4.84438;5.52486;6.5165;6.73351;7.68235;8.37697;8.97624;9.50406;9.94453;10.7498;11.374;12.0267;12.7205;13.4053;14.1267;14.9864;15.8744;16.7625;17.1993;18.1331;18.9865;19.348;20.1074;21","15;14.9568;14.7109;13.8829;14.2075;14.7528;14.8674;15.0908;15.3648;15.0655;14.9797;14.9906;14.8068;15.1788;15.1576;15.8011;16.1546;15.879;15.0977;14.3401;13.8191;14.4315;14.8146;14.6034;14.7456;14.5834;14.062;14.1412;14.0976;14.5829;15.2311;15",0.736181,"0;0.5;0.5"
22.7177,1.13598,0.249913,"1;1.7619;2.68173;3.68012;4.56727;5.56676;6.15268;6.72031;7.25289;7.98445;8.70844;9.30402;10.0254;10.5054;11.3413;12.2165;13.1179;13.3287;13.7292;14.1258;15.0431;15.8215;16.2333;16.6147;17.5882;18.3023;19.1721;20.1216;20.8351;21","15;15.6477;16.04;15.9833;15.5218;15.4901;15.3709;15.3598;15.2469;15.4331;15.6156;15.7346;16.0331;16.693;16.7167;16.9224;16.6768;16.0716;15.6061;15.1213;15.0387;14.6345;14.1295;13.969;14.1978;14.1519;14.1737;14.136;14.4538;15",0.73725,"0;0.55;0.45"
21.7486,1.02733,0.224738,"1;1.93449;2.3483;3.22997;3.76553;4.69367;5.35573;6.35529;7.10306;7.73407;8.26145;9.07547;9.69634;10.6337;11.0437;11.5236;12.1653;12.8746;13.4062;14.0389;14.8682;15.8157;16.3993;16.8426;17.3274;18.0294;18.5243;19.0518;19.9183;20.4959;21","15;14.644;14.8899;14.8588;14.9316;15.226;15.4247;15.4544;14.9307;14.781;14.722;14.6546;14.499;14.3728;14.2127;13.8459;13.6676;13.8055;13.9136;14.3584;14.3239;14.3672;14.5958;13.9858;13.7667;14.205;13.9376;13.7986;14.1589;14.6324;15",0.706292,"0;0.6;0.4"
24.9737,1.00053,0.298618,"1;1.98991;2.48685;3.48685;4.10214;5.00299;5.26237;5.51405;6.19332;6.95884;7.56536;8.04454;8.44649;9.09784;9.56333;10.3412;11.1793;12.1096;12.6702;13.3976;13.9228;14.9108;15.6092;16.1127;16.8375;17.4785;18.2007;18.9453;19.1537;19.6583;20.3418;20.7317;20.3168;20.9008;21","15;14.915;14.9895;14.9908;14.8792;14.7257;14.9971;14.8632;14.4807;14.1443;14.8749;15.1932;15.4995;16.0542;16.7991;17.0001;17.2585;17.0394;16.718;16.3211;16.0952;15.9504;16.2099;16.3553;16.3954;16.1475;16.3964;16.9575;17.479;17.7532;17.5817;16.6995;16.02;15.2623;15",0.754858,"0;0.65;0.35"
21.5211,1.00254,0.23036,"1;1.98873;2.95778;3.9289;4.6266;5.56925;6.0666;6.73241;7.33751;8.2865;9.23916;9.82882;10.6036;11.4061;11.7697;12.6813;13.3885;14.3568;15.1137;15.8433;16.7772;17.5191;18.5048;19.4939;19.9083;20.7912;21","15;14.8503;14.6034;14.3648;15.0812;15.415;15.1625;15.635;15.6615;15.6529;15.5663;15.7574;15.7705;15.773;16.2611;16.0343;15.3272;15.0776;14.7241;14.8844;14.8226;15.2031;15.3715;15.2242;15.1967;15.1094;15",0.770885,"0;0.7;0.3"
23.253,1.089,0.243306,"1;1.82552;2.39807;3.2763;4.06254;4.78003;5.41676;6.13433;6.92462;7.07143;7.47543;8.17129;8.85193;9.33255;9.9831;10.7151;11.6846;12.0378;12.8275;13.1956;14.19;14.8577;15.4054;16.1652;16.9131;17.7259;18.5081;19.4475;20.0409;20.9852;21","15;15.5644;15.5572;15.7026;15.6158;15.3123;15.3755;15.2313;15.5806;15.6506;15.4385;14.7204;13.9877;13.9083;13.4361;13.8307;13.6093;13.2449;13.1651;12.4722;12.5782;13.0395;13.7954;14.4211;14.7612;15.0812;15.5587;15.8868;15.3342;15.0052;15",0.877576,"0;0.75;0.25"
23.8853,0.994596,0.283248,"1;1.97949;2.27654;3.09045;3.46936;4.44054;4.97737;5.29831;6.11477;7.04708;7.26069;7.86202;8.2019;8.76706;9.6262;10.3734;10.907;11.3224;12.2676;13.2335;14.1279;14.7722;15.7533;16.6009;17.2538;17.7841;18.1022;18.5217;19.0466;19.6291;20.1559;20.8424;21","15;14.9943;15.0407;14.8232;14.8514;15.0092;15.3171;15.6865;15.6768;15.9279;15.9925;16.5345;17.1505;17.114;16.8888;16.6351;16.1063;16.1151;15.7887;15.7921;15.9827;16.1488;16.2993;16.3084;16.3829;17.2169;17.7536;16.8766;16.2761;16.6942;15.9412;15.3897;15",0.852326,"0;0.8;0.2"
22.569,1.11036,0.268721,"1;1.82456;2.44757;2.69322;2.99936;3.97229;4.22827;5.05916;5.45487;6.32157;7.08286;8.02259;8.90625;9.52249;10.1016;10.7505;11.4731;12.2016;12.617;13.2575;13.583;14.5445;15.5169;16.04;16.6576;17.1833;18.13;18.8404;19.5542;20.2903;21.0712;21","15;15.1805;15.8202;16.2174;16.7262;16.8102;16.8795;16.6325;16.8097;16.6202;16.3935;16.5079;16.0965;16.128;16.4772;16.567;16.4973;16.4992;16.3854;16.454;16.5011;16.5809;16.6296;16.7918;16.1718;16.3007;16.2342;15.8219;16.0194;16.0579;15.8604;15",0.984116,"0;0.85;0.15"
21.6813,0.996722,0.226789,"1;1.99816;2.71424;3.10111;3.82137;4.41831;4.90607;5.73778;6.10819;7.07624;7.64159;7.88813;8.67528;9.46953;10.2732;11.0671;11.9152;12.4206;13.2226;13.7588;14.55;15.4931;15.9795;16.9292;17.8519;18.8439;19.5587;20.5574;21","15;14.9394;14.8807;14.6156;14.4335;13.983;13.9758;14.0062;13.9063;13.7187;14.4468;14.5685;14.8565;15.2253;15.432;15.6101;15.767;15.82;15.449;15.1415;14.8205;14.5354;14.495;14.1819;14.5673;14.6942;15.3935;15.3426;15",0.919729,"0;0.9;0.1"
26.0765,0.986688,0.334681,"1;1.98727;2.98724;3.98342;4.98114;5.98109;6.46175;6.97311;7.97286;8.96711;9.24197;10.2013;10.7404;11.3478;11.4852;12.3415;12.6123;13.4402;14.1989;14.8221;15.3838;15.4906;15.6896;16.0991;16.154;16.8965;17.3866;17.9472;18.4505;19.232;19.6409;20.3716;20.9363;21.224;21.6961;21.2828;21","15;14.841;14.8493;14.762;14.8294;14.84;14.785;14.714;14.7364;14.6293;14.7608;14.6726;14.9832;15.0989;15.6303;15.3444;15.2948;15.3432;15.5004;15.4762;15.1397;15.8909;16.8534;17.755;18.1359;18.1136;18.0767;18.1504;18.1014;18.0998;18.1169;17.7751;17.4157;16.9113;16.5337;15.6231;15",0.954088,"0;0.95;0.05"
25.0053,1.04506,0.302404,"1;1.99143;2.70838;3.40461;3.68302;4.53354;5.14898;6.12578;6.67666;7.2584;7.21443;7.1862;8.13144;8.79216;9.47753;10.2686;11.1036;11.9476;12.9439;13.4687;14.3114;14.8849;15.4157;16.2544;17.1572;18.1127;18.4526;18.9648;19.7555;20.071;20.9788;20.9767;21","15;15.1306;14.88;15.3272;15.5235;15.0255;14.7192;14.9333;15.2482;15.7155;16.2392;17.0825;17.3873;17.1952;16.9791;16.7735;16.2836;15.7782;15.6925;15.6448;15.8285;16.4101;16.7678;16.8678;17.0815;16.7864;17.1273;17.5825;17.1543;16.2599;15.8603;15.8301;15",1.04506,"0;1;0"
22.5387,1.39033,0.308913,"1;1.27787;2.11962;2.74742;3.35279;4.1347;4.7517;5.7468;6.52916;7.21151;7.59326;8.42124;9.22994;9.97682;10.7767;11.2457;12.2091;12.7464;13.6052;14.447;15.4469;16.4234;17.0002;17.9564;18.7826;19.5725;20.2266;20.5969;21","15;15.6594;16.1768;16.3911;16.7567;16.8365;16.9877;17.0181;17.4988;18.2298;18.1895;18.1581;17.9053;17.8013;17.7031;17.0365;17.2612;16.9369;16.5187;16.219;16.2276;16.0117;15.532;15.8221;15.8521;15.5926;15.6944;15.6782;15",1.4204,"0.05;0;0.95"
22.1085,1.05513,0.238102,"1;1.92886;2.80166;3.57484;4.26626;5.16637;6.16498;7.02021;7.68381;8.26167;8.80332;9.67121;10.2132;11.1178;11.7501;12.4621;13.1795;13.8137;14.2529;15.1998;16.0025;16.2554;16.7319;17.3223;17.9888;18.4551;19.0154;19.4334;20.2415;21","15;15.3704;15.8585;16.1922;15.5312;15.0955;15.1482;15.163;14.9916;14.6517;14.7429;14.5907;14.8168;14.6032;14.9612;14.8044;15.027;15.2688;15.3326;15.3094;15.2438;15.4991;16.1354;16.3415;16.53;15.9814;15.4945;15.3421;15.4385;15",1.37247,"0.05;0.05;0.9"
22.9507,1.01765,0.232714,"1;2;2.97588;3.89468;4.84672;5.45983;5.83251;6.35155;7.28813;7.73406;8.59816;9.4667;10.4165;11.2038;12.1992;13.0987;13.5195;14.1293;14.624;15.531;15.9096;16.2004;16.9226;17.698;18.3646;19.355;19.6966;20.2873;21","15;15;14.7817;14.387;14.3005;14.4768;14.1108;13.2772;13.0044;12.7604;12.7978;12.8754;12.6046;12.6905;12.5951;12.4166;12.2393;11.9594;11.4019;11.4188;11.5032;12.2213;12.4448;13.0429;13.0292;13.1461;14.0859;14.5375;15",1.44711,"0.05;0.1;0.85"
21.0953,0.994996,0.230863,"1;1.96015;2.90648;3.84652;4.84652;5.71376;6.68274;7.47261;7.8481;8.78649;9.26865;10.1941;10.7267;11.6378;12.4076;12.9036;13.8339;14.7474;15.5528;16.1951;16.4702;17.2202;18.1862;19.147;20.1206;21","15;14.807;15.0734;15.4145;15.413;15.9109;15.6638;16.2771;16.0122;15.8711;15.8193;16.0244;16.3628;15.9505;16.0938;15.9672;15.6875;15.5949;15.6966;15.3082;15.4866;15.4305;15.1842;15.265;15.101;15",1.3887,"0.05;0.15;0.8"
28.5859,1.07343,2.52144,"1;1.91654;2.86885;3.77415;4.05445;4.85696;5.37146;6.33399;6.8649;7.78757;8.27234;9.09368;9.38473;10.1959;10.3943;10.8567;11.0645;11.5178;11.6714;11.8595;12.5053;13.1705;13.942;14.3589;14.9199;15.5926;16.4056;17.36;17.997;18.1818;18.4637;18.8354;19.2147;19.6852;19.9359;20.4806;20.6885;20.8965;21","15;14.6001;14.9052;15.33;15.5845;16.0672;16.2058;16.4611;16.3153;16.3779;16.3454;16.8849;17.1606;17.5823;18.4809;18.984;19.4668;19.9558;20.5507;21.4499;21.6768;21.6929;21.8608;21.9954;22.4519;21.8629;22.0212;22.117;21.4545;20.8638;20.4724;19.7785;19.3946;18.7077;18.2818;17.4431;16.465;15.4869;15",3.53506,"0.05;0.2;0.75"
23.0422,1.01973,0.273927,"1;1.21527;2.13775;2.94073;3.32248;4.01133;4.46368;5.08881;6.08195;6.72395;7.61316;8.5455;8.85547;9.70204;10.4159;10.8029;11.6322;12.38;13.1348;14.0968;14.4938;15.0471;15.9208;16.4097;17.3334;17.7524;18.4162;18.872;19.8054;20.5319;20.8896;21","15;15.049;15.1794;15.3808;15.4144;15.754;16.4746;16.7096;16.7322;16.8434;16.57;16.9315;17.3184;16.882;17.1709;17.2853;17.458;16.7941;16.7037;16.4869;16.409;15.7513;15.2892;15.2042;15.2723;14.8097;14.397;14.2297;13.8989;13.7781;14.7119;15",1.59879,"0.05;0.25;0.7"
21.7053,0.986317,0.228415,"1;1.72573;2.58264;3.45317;4.11726;4.99476;5.26694;6.10517;6.39525;6.96543;7.63239;8.45764;9.07119;9.50442;10.2719;11.1643;11.8679;12.3093;12.8976;13.8408;14.2298;15.1815;15.7847;16.5734;17.1956;18.0315;18.8505;19.4053;19.8901;20.7921;21","15;15.0227;15.2384;15.5016;15.6644;15.6847;15.7091;15.3837;15.2409;14.6779;14.5753;14.765;14.3943;14.3414;14.1591;14.3085;14.4756;14.3385;14.3776;14.2246;14.5903;14.7496;14.6547;14.8253;15.1285;14.9087;15.3264;16.0352;15.7161;15.2938;15",1.52963,"0.05;0.3;0.65"
21.6443,1.21775,0.225497,"1;1.62726;2.59752;3.5425;4.44588;5.20925;5.51275;6.25386;7.02789;7.8613;8.60136;9.51141;10.5027;11.3795;12.3702;13.2017;13.915;14.4347;15.2548;15.7589;16.253;17.0078;17.7962;18.4236;19.0111;19.9188;20.8265;21","15;15.7788;15.5367;15.2096;15.1886;15.2051;15.116;14.9055;14.2961;13.8741;14.392;14.8065;14.7804;14.8001;14.664;14.6687;14.857;14.7392;14.6887;14.7483;14.3101;14.4113;14.5526;14.504;14.0804;14.5001;14.9198;15",1.64372,"0.05;0.35;0.6"
22.0789,0.992009,0.253521,"1;1.68768;2.59;3.5108;4.43859;5.38381;6.04804;6.6787;7.54743;8.04384;8.49131;9.19477;9.94883;10.6118;11.009;11.9675;12.4225;13.3734;14.337;15.0329;15.3751;16.1896;16.6212;17.2709;17.863;18.6834;19.5443;20.2698;21","15;14.9597;15.1663;15.5215;15.341;15.4532;15.3737;14.8433;15.0984;15.5601;16.0819;16.1517;16.266;16.672;16.7726;16.912;17.4244;17.1148;16.8476;16.1294;15.9058;15.9124;15.7794;15.8485;15.3988;15.6749;15.5114;14.8916;15",1.64019,"0.05;0.4;0.55"
22.0028,1.00527,0.253457,"1;1.92231;2.9121;3.55522;4.12981;4.52301;4.70371;5.61249;6.06986;6.67539;7.25542;8.1441;9.06525;9.96597;10.7829;11.6791;12.3916;12.8944;13.481;14.4208;15.3623;15.7026;16.4721;16.8358;17.8168;18.8012;19.4978;20.1007;20.9403;21","15;14.6855;14.791;15.0539;15.0472;14.778;14.8264;15.2437;15.2139;15.1152;15.2676;15.3238;15.5473;15.4452;15.4906;15.5649;15.8898;16.0986;16.6302;16.3673;16.3433;16.9547;17.1691;17.1591;17.2715;17.0956;16.3781;15.5803;15.0876;15",1.67924,"0.05;0.45;0.5"
24.1005,0.988418,0.492453,"1;1.98924;2.98382;3.93811;4.93781;5.71069;6.31638;6.79244;7.4598;8.20459;9.1094;9.8118;10.5564;11.328;11.806;12.5199;13.1094;13.7987;14.3715;14.9024;15.677;16.2458;17.0562;17.6775;18.3302;18.9599;18.9983;19.3978;19.9904;20.8363;21","15;15.1463;15.2503;15.5491;15.5738;15.9559;16.0593;16.1807;16.4796;16.7493;16.9164;17.5744;17.8031;17.6757;17.673;17.8781;18.1359;18.4632;19.09;19.3623;19.6217;19.7688;19.6397;18.8561;18.0986;17.5536;16.6768;15.9194;15.2879;15.5303;15",1.92084,"0.05;0.5;0.45"
21.6763,0.984442,0.25334,"1;1.59442;1.97943;2.97868;3.89967;4.89136;5.89101;6.86172;7.73912;8.54781;9.23976;9.54892;10.4352;10.9134;11.5404;12.3321;12.6064;13.1984;14.0537;15.0448;15.7732;16.7175;17.521;18.2921;19.158;20.0952;21","15;15.0726;15.2018;15.1632;15.5528;15.4241;15.3978;15.6381;15.268;15.458;15.2945;15.3637;15.6578;15.564;15.9568;16.4121;16.4777;17.1417;17.6405;17.5076;16.8224;16.4932;16.3297;15.7386;15.6855;15.3367;15",1.72659,"0.05;0.55;0.4"
23.6087,1.012,0.339457,"1;2;2.73869;2.97215;3.7837;4.58078;5.5696;6.35983;7.15052;8.1289;9.08364;9.83152;10.74;11.7322;12.2456;12.6429;13.4229;14.1201;14.6286;15.0093;15.5675;16.0719;16.6914;17.0574;18.0358;18.7172;19.639;20.2156;20.6489;20.9107;21","15;15;14.8429;14.7656;15.3499;15.9538;16.1029;16.7157;17.3279;17.5347;17.2373;17.4031;17.606;17.73;17.9047;18.051;18.3186;18.3146;18.5389;17.6141;17.1365;17.0595;16.8197;16.8173;16.7705;16.2913;16.5666;16.9416;16.1689;15.71;15",1.90644,"0.05;0.6;0.35"
21.5828,1.40819,0.238969,"1;1.22189;1.40861;2.32451;3.32436;3.84477;4.68786;5.6116;6.22327;7.0667;7.99065;8.8186;9.66296;10.3898;11.3772;12.3451;13.0818;13.8963;14.5982;15.1932;15.8842;16.7671;17.7239;17.9769;18.8518;19.3734;20.0647;21","15;15.4708;15.9127;16.3141;16.2967;16.2293;16.2934;16.3014;16.2517;16.2704;16.6482;16.5079;16.0597;15.3729;15.2148;14.9636;14.9736;15.4204;15.4702;15.2308;14.8674;14.8301;14.9514;15.0574;14.8178;14.6778;14.9386;15",2.06616,"0.05;0.65;0.3"
21.5312,0.982522,0.227004,"1;1.9111;2.7736;3.67754;4.54711;5.22984;6.12507;6.85329;7.76553;8.45545;9.3243;10.1685;10.5213;11.309;11.7959;12.5551;13.2763;14.1697;14.8323;15.3298;16.1893;16.4985;17.4967;18.3713;19.245;19.8214;20.7789;21","15;14.9131;14.7718;14.9954;15.269;15.2465;15.2646;15.5769;15.3131;15.0874;14.6307;14.3135;14.3663;14.9748;15.7504;15.7287;15.6703;15.6097;15.6034;15.0045;14.63;14.5821;14.5216;14.2985;14.61;14.7776;14.9349;15",1.82108,"0.05;0.7;0.25"
22.0069,1.00822,0.237988,"1;1.99751;2.8478;3.70572;4.47617;5.13818;5.60072;6.44356;7.44073;8.39446;9.24964;9.96;10.6989;11.6738;12.4279;13.2859;14.283;14.8831;15.65;16.2533;17.201;17.8557;18.206;19.0402;19.099;19.7301;20.5344;21","15;15.0705;14.5442;14.2162;13.902;13.7518;13.6096;13.9039;13.979;14.2797;14.798;15.3658;15.2675;15.0446;15.6641;16.0942;16.171;16.27;16.3633;16.4084;16.5921;16.5751;16.2031;15.6886;15.5315;14.831;14.6553;15",1.90411,"0.05;0.75;0.2"
21.803,1.04631,0.255963,"1;1.41163;2.39681;3.10901;3.42366;3.88769;4.76258;5.76056;6.75854;7.69848;8.43247;9.42551;10.3806;11.2793;12.0685;12.783;13.4032;14.0237;14.6491;15.1231;16.123;16.7236;17.5038;18.1481;18.6588;19.4831;19.7896;20.3554;21","15;15.2509;15.3096;15.2556;15.3091;16.0348;16.0327;15.9693;15.9058;16.2471;15.6319;15.7174;16.0139;16.1475;16.3023;16.3113;16.8483;16.7825;16.8764;16.8418;16.8486;16.7838;16.8315;16.9065;16.8008;16.6408;16.3217;15.6902;15",1.96559,"0.05;0.8;0.15"
22.2141,1.04355,0.225108,"1;1.73516;2.29886;3.19799;3.86494;4.8636;5.79043;6.51969;6.8584;7.57898;8.53913;9.16715;9.51255;10.4556;11.3579;11.8543;12.7939;13.7418;14.666;15.6345;16.461;17.1142;17.8321;18.6752;19.1186;19.529;20.3246;21","15;14.9028;14.4337;14.1077;14.1132;14.1649;13.7894;13.7483;13.7988;13.9149;13.6354;13.522;13.3964;13.1074;13.0859;12.4466;12.2359;11.9769;11.595;11.3459;11.9088;12.2521;12.808;12.9376;13.6664;13.8799;14.4857;15",2.02024,"0.05;0.85;0.1"
21.6122,1.1123,0.239829,"1;1.55517;2.28391;3.08211;3.23692;4.0175;4.94932;5.33142;6.14951;6.68587;7.50606;8.21982;8.91557;9.91044;10.9104;11.9009;12.8745;13.5988;13.9832;14.6546;15.1982;16.0296;16.7614;17.426;18.1215;19.0056;19.3969;20.1382;21","15;14.6228;15.0871;15.5349;15.5384;16.0922;16.1935;16.3219;16.6228;16.4985;16.3346;16.2494;16.4951;16.394;16.4034;16.2656;16.0375;15.348;15.2249;14.5309;14.3731;14.3682;14.4711;14.7998;15.0564;14.9448;14.7081;14.9961;15",2.09367,"0.05;0.9;0.05"
22.3226,0.996794,0.278682,"1;1.98822;2.75496;3.27201;4.04778;4.84375;5.62908;6.48778;7.38797;8.33794;9.14902;10.0672;10.584;11.4526;12.058;12.5765;12.8909;13.2499;13.8702;14.6264;15.1585;15.6848;16.5469;17.5125;18.3705;19.2789;20.0209;21","15;15.1531;15.2631;15.2994;15.4015;15.9159;16.2406;16.7531;17.1886;17.5009;18.0859;17.6898;17.5284;17.5539;17.4334;17.145;16.9526;16.0193;16.2195;15.6398;14.98;14.8298;14.9644;14.9294;14.5262;14.646;14.8177;15",2.06309,"0.05;0.95;0"
26.0712,1.02625,0.441676,"1;1.35599;1.98654;2.89557;3.83391;4.65368;5.0179;5.71072;6.61793;7.24801;7.6185;8.47675;8.86782;9.78497;10.4118;11.3615;12.0475;12.7287;13.5213;14.0726;14.7506;15.7237;16.4978;17.4213;18.0675;18.29;19.0068;19.8867;20.3313;20.6407;21.1612;21.4489;21.2648;21.0808;21","15;15.0368;15.3239;15.5518;15.8701;15.8234;16.1612;16.2569;15.8727;15.7549;16.5054;16.9041;17.4711;17.2933;17.3025;17.4903;17.1882;17.2429;17.0038;16.9138;17.3001;17.4686;17.844;18.1576;18.4718;18.6973;18.941;19.2839;19.4557;18.5047;17.742;17.3972;16.4142;15.4313;15",3.00463,"0.1;0;0.9"
25.0026,1.01133,0.427672,"1;1.83742;2.7967;3.57619;4.38135;5.3767;6.3453;6.93606;7.36483;8.12086;8.67062;9.39073;9.57692;10.218;10.6678;11.3466;11.7975;12.2086;12.6956;13.476;14.0059;14.6975;15.0323;15.7553;16.7169;17.4257;18.2784;18.4875;18.8089;19.7811;20.7611;21","15;15.0212;15.1519;14.5938;14.2952;14.3915;14.5;14.5982;14.6747;14.9073;15.1601;15.69;16.2426;16.8932;17.044;17.1769;18.0346;18.8064;19.5668;19.1814;19.0039;19.0722;18.9803;18.2895;18.1069;17.4341;16.9117;15.9338;14.9869;14.7526;14.9515;15",2.91435,"0.1;0.05;0.85"
22.1237,1.02743,0.254013,"1;2;2.82395;3.55956;4.31165;5.22256;6.17118;7.09854;7.94547;8.90289;9.70762;10.6999;11.6998;11.9975;12.5259;13.1272;13.7994;14.5363;15.2167;16.0294;17.0037;17.6117;18.4725;19.2544;20.0798;21","15;15;15.5667;15.8663;16.4082;16.8208;17.1373;16.7631;17.2948;17.0061;16.4124;16.2883;16.3046;16.0972;15.658;15.279;14.6741;15.0429;14.6288;14.7628;14.779;14.3934;14.8346;15.1815;15.2328;15",2.51832,"0.1;0.1;0.8"
22.196,0.99773,0.226687,"1;1.50229;2.21758;2.94783;3.7743;4.75944;5.37511;6.12992;6.81867;7.22277;8.02369;8.78864;9.70145;10.6587;11.656;12.5281;13.411;14.391;15.2072;15.9302;16.3064;17.2148;17.5199;18.252;19.2506;20.0568;20.7667;20.9235;21","15;15.1242;15.1369;15.0414;14.8456;14.6739;14.5734;14.4689;14.418;14.338;14.7462;14.1021;13.6937;13.4045;13.4788;12.9895;13.4592;13.6582;13.3204;13.3559;13.2986;13.1554;13.1014;13.0728;13.0201;13.1451;13.7733;14.0132;15",2.53927,"0.1;0.15;0.75"
22.2755,1.11829,0.266618,"1;1.82618;2.5302;3.46054;4.26529;5.17757;6.16403;7.12081;8.1191;9.10118;9.95698;10.9563;11.5933;12.4279;13.2992;14.2992;14.9949;15.7546;16.6736;17.2582;17.8352;18.6194;19.2649;20.047;20.5328;21","15;15.5634;16.0382;16.2831;16.8767;17.2863;17.1223;17.4131;17.4717;17.2832;16.7659;16.7281;15.9573;15.4064;14.9157;14.9267;15.2169;15.6582;15.7422;15.3173;14.7711;14.6097;14.4347;14.9514;14.854;15",2.63784,"0.1;0.2;0.7"
23.6861,1.11865,0.279175,"1;1.73689;1.99964;2.7791;3.55569;4.40675;5.39735;5.99993;6.97576;7.71049;8.44369;9.03239;9.88303;10.6474;11.2436;11.5926;12.5561;12.7202;13.594;14.5013;14.8471;15.5163;16.2873;16.9987;17.8279;18.6049;19.4566;20.3308;20.677;21","15;15.1584;15.6953;16.0277;16.5222;16.6599;16.6047;16.6184;16.7238;16.7803;16.9403;17.7399;17.3809;16.9498;16.5018;16.5859;16.5081;16.6938;16.2075;15.787;15.2024;14.4619;13.9555;13.3639;12.8967;13.5262;14.0503;14.2509;15.0063;15",2.82973,"0.1;0.25;0.65"
22.0085,1.10898,0.238746,"1;1.76921;2.7669;3.72618;4.7198;5.71754;6.71676;7.61254;8.56517;9.31306;9.91372;10.6286;11.565;12.4196;12.8705;13.6205;13.9128;14.6586;15.5064;16.4507;17.3316;18.0317;18.8964;19.6812;20.4768;20.9128;21","15;15.639;15.7069;15.4245;15.5372;15.6045;15.5649;16.0094;16.3136;16.3461;16.3246;16.0376;15.8976;16.1067;16.3353;15.6978;15.5468;14.8805;14.6021;14.4846;14.3189;13.9671;14.0603;13.7645;13.92;14.82;15",2.67679,"0.1;0.3;0.6"
21.5942,1.06317,0.249529,"1;1.5083;2.36078;2.90866;3.37942;4.23471;4.38644;5.30134;5.98886;6.78896;7.68875;8.67901;9.66022;10.6573;10.8873;11.764;12.4631;13.16;13.834;14.7025;15.6344;16.0967;16.9936;17.9887;18.5545;19.4086;20.29;21","15;14.7469;14.6906;15.1319;15.6996;15.9597;16.0125;16.2383;16.8234;16.7673;16.8711;16.7319;16.539;16.4629;16.4435;16.3003;16.1675;16.1963;16.3149;16.364;16.7266;15.8399;15.3976;15.2988;15.2623;15.2945;15.1591;15",2.66877,"0.1;0.35;0.55"
22.0102,1.25032,0.263162,"1;1.49805;2.11034;2.72658;3.17795;4.17335;5.16567;5.73985;6.24728;6.78023;7.52281;7.89824;8.79539;9.67132;10.1532;10.6496;11.4017;12.1994;12.9118;13.4578;14.4217;15.0673;15.9582;16.4817;16.9671;17.4256;18.0541;18.913;19.8919;20.0438;21","15;15.5554;15.9167;16.5873;17.1937;17.0979;16.9741;16.9796;16.9291;16.9714;17.0735;16.9034;17.0825;16.8639;16.9642;16.6444;16.7543;16.1922;15.9563;15.7983;15.5319;15.2575;15.2252;15.2207;15.1688;14.6488;14.5788;15.091;14.8869;14.7214;15",2.83273,"0.1;0.4;0.5"
22.752,1.06057,0.309003,"1;1.97307;2.97153;3.79562;4.39177;4.61937;4.99471;5.61034;6.37524;7.20043;7.81895;8.51381;9.36493;9.92622;10.8886;11.6294;12.5912;13.5271;14.3109;15.2486;16.1863;17.1574;18.0852;19.013;19.422;20.1782;21","15;14.7695;14.7141;15.2806;16.0835;16.8981;17.4112;17.6355;17.5131;17.4986;17.4951;17.6013;17.5565;17.3599;17.2863;17.6926;17.7261;17.7058;17.4786;17.1311;16.7837;16.5447;16.1717;15.7987;14.8862;14.6006;15",2.89151,"0.1;0.45;0.45"
22.7028,1.06017,0.249114,"1;1.41231;2.28071;2.56725;3.05351;3.8897;4.67266;5.59573;6.57062;7.5699;8.55912;9.47914;10.4788;11.1865;11.8094;12.6481;13.5398;14.1169;14.6213;15.2858;15.6658;16.2243;17.1366;17.8907;18.3877;19.0007;19.9704;20.8604;21","15;15.0631;15.2291;15.5827;16.2357;16.1762;15.5902;15.5068;15.2841;15.2463;15.0998;14.7079;14.7333;15.0829;15.4345;15.4084;15.7891;16.4387;16.6819;17.1509;16.5417;15.7122;15.3026;15.1346;14.9431;14.7167;14.4724;14.9285;15",2.90001,"0.1;0.5;0.4"
21.7417,1.0117,0.24514,"1;1.89438;2.34554;2.71189;3.51363;4.31557;5.2261;6.15809;6.91584;7.82223;8.68585;9.6137;10.1182;10.9478;11.4246;12.0472;12.9839;13.7762;14.7608;15.7572;16.6549;17.6166;18.5848;19.1307;20.0485;20.2822;21","15;14.9894;15.2269;15.5879;15.7537;15.7693;15.3874;15.4916;15.2086;15.6311;16.1352;15.8553;15.6716;16.2301;16.4232;16.6303;16.4831;16.8477;16.6727;16.5882;16.1475;15.8733;15.6234;14.7855;14.6072;14.7605;15",2.81641,"0.1;0.55;0.35"
21.3036,1.01185,0.225254,"1;1.53611;2.32161;2.72194;3.51742;4.51742;5.36264;6.362;7.13368;8.03339;8.93877;9.86775;10.6705;11.6594;12.6572;13.6526;14.6479;14.8027;15.6227;15.9805;16.8;17.3909;18.3173;18.9659;19.6703;20.4929;21.0236;21","15;15.1408;14.8179;14.7032;14.9767;14.9781;14.4436;14.4792;14.9421;15.1293;15.1493;15.4824;15.7242;15.8729;15.8065;15.7103;15.6141;15.5074;14.9914;14.7488;14.5075;14.2248;14.4154;14.594;14.9198;15.0437;15.2102;15",2.80504,"0.1;0.6;0.3"
25.1891,1.16355,0.255457,"1;1.65088;2.07133;2.64719;3.37611;4.1765;4.94616;5.51364;6.20275;6.74552;7.40409;7.71872;8.21307;8.98368;9.83778;9.96006;10.6918;11.3491;11.7133;12.6768;13.6707;14.6195;15.3245;16.1691;16.7136;17.1281;17.9033;18.75;19.4526;19.6281;19.6998;20.6667;21.4696;21.0679;21","15;15.5108;15.3921;15.2695;14.7627;14.3997;14.4117;14.2884;14.0243;13.2581;12.8342;12.8284;12.204;12.3208;12.1012;11.7708;11.2292;11.2809;11.2813;11.5491;11.4393;11.1233;11.2043;10.7796;10.6431;11.2595;11.7743;12.0099;12.4243;13.2855;13.3933;13.3826;13.9294;14.8452;15",3.33909,"0.1;0.65;0.25"
21.3417,1.17334,0.257444,"1;1.36504;1.73325;2.58593;3.08806;4.04225;4.89711;5.80023;6.78967;7.77871;8.65281;9.54383;10.4946;11.4386;12.4386;13.4219;14.2054;14.6868;15.5084;16.132;17.0801;18.0794;19.0405;20.0313;21","15;15.067;15.6973;15.9207;16.5814;16.7916;17.1933;16.9762;17.1211;16.9735;16.9155;16.8355;16.9709;16.641;16.6325;16.4508;15.8294;15.6489;15.7641;15.8228;15.5051;15.5445;15.2686;15.1328;15",3.007,"0.1;0.7;0.2"
20.9619,1.00517,0.229464,"1;1.97016;2.53836;3.01063;3.66875;4.6304;5.11709;5.64375;6.03697;6.88351;7.87911;8.84495;9.84051;10.6873;11.4334;12.3593;13.2739;13.7094;14.4464;15.4063;16.4019;17.3549;18.1109;18.941;19.4833;20.1944;21","15;14.7575;14.8169;15.0436;15.3186;15.5827;16.0627;16.0001;15.7971;16.3294;16.2356;15.9765;16.0705;16.0509;15.9546;16.0192;15.8801;15.7924;15.8105;15.5302;15.4358;15.1329;14.8716;14.6492;14.5224;14.5188;15",2.88449,"0.1;0.75;0.15"
22.7186,1.07007,0.301928,"1;1.88087;2.342;2.90426;3.43533;4.0607;4.44057;5.29865;5.78412;6.74974;7.50284;7.79753;8.76237;9.72805;10.0694;10.6509;11.6432;12.48;13.1092;13.7819;14.5628;15.118;15.6349;16.5794;17.5785;18.5651;19.263;19.5268;20.295;21","15;15.2579;15.2852;15.9242;16.191;16.5167;17.0798;17.5766;17.9681;17.9599;17.6129;17.6139;17.7649;17.5052;16.7902;16.2897;16.166;16.3772;16.6637;16.8642;16.9335;16.6976;16.8652;16.5369;16.5788;16.4323;16.0885;15.5392;15.6002;15",3.15811,"0.1;0.8;0.1"
22.1405,1.04446,0.257258,"1;1.89989;2.11666;2.84308;3.83806;4.7638;4.88072;5.67811;6.65086;7.15641;8.15633;9.07195;10.0212;10.9138;11.5302;12.2664;13.1449;13.464;14.3898;15.1758;16.0984;16.9685;17.8956;18.5557;19.2146;19.708;20.5485;20.8816;21","15;15.4361;15.5117;15.7684;15.6683;15.7323;15.7691;16.1707;15.9388;15.076;15.0887;15.4908;15.8053;16.2562;16.4138;16.8926;16.9996;17.1663;17.5444;16.9262;16.5406;16.0477;15.6728;15.5531;14.9355;15.0917;15.2015;15.0849;15",3.11471,"0.1;0.85;0.05"
21.9981,1.26115,0.276407,"1;1.39717;2.33426;3.06869;3.43534;4.10096;4.68936;5.21734;5.78335;6.68367;7.64322;8.63315;9.52169;10.4754;11.1455;11.752;12.2067;13.1719;13.4993;14.2399;14.846;15.3229;16.1251;16.9554;17.6935;18.417;19.1544;19.8343;20.7066;21","15;15.6665;15.7143;15.8674;16.0642;16.5819;16.7487;16.7799;17.0083;17.4436;17.162;17.0304;16.6991;16.7521;16.921;17.3157;17.2331;17.2293;17.3526;17.1006;17.1101;16.4692;16.5976;16.1116;15.6298;15.2061;14.821;14.9309;15.1473;15",3.33484,"0.1;0.9;0"
25.039,1.09505,0.585665,"1;1.83254;2.76074;3.7089;4.70828;5.08168;6.05152;6.22148;6.77937;7.47362;8.46153;9.41153;9.84975;10.7098;11.2146;11.8492;12.5193;13.2849;14.1704;14.9906;15.8717;16.1954;17.0275;17.5224;18.3743;19.0074;19.2439;19.6499;20.5848;20.734;20.8832;21","15;15.554;15.926;15.6082;15.5731;15.6544;15.7951;15.9677;16.4963;17.2161;17.3711;17.6833;17.5092;17.8981;17.6523;17.8039;18.2617;18.3147;18.7794;19.3515;19.8092;20.0972;19.7762;19.4397;19.0951;19.0445;18.8898;18.0379;17.7519;16.7631;15.7743;15",4.25367,"0.15;0;0.85"
20.7852,0.981176,0.219363,"1;1.99654;2.62477;3.55816;4.39447;4.59742;5.5851;6.11053;6.96872;7.85292;8.58221;9.47666;10.2368;11.0008;11.7078;12.6104;12.8968;13.8849;14.8816;15.8761;16.657;17.2144;18.0469;18.6648;19.3207;20.0904;21","15;14.9377;15.1871;15.1984;15.5393;15.6162;15.7727;15.7607;15.5733;15.7788;15.5375;15.4007;15.1357;14.897;14.6248;14.6678;14.5949;14.7134;14.6322;14.5274;15.0559;14.7919;14.4503;14.533;14.4495;14.7625;15",3.34233,"0.15;0.05;0.8"
23.3037,1.00958,0.26034,"1;1.78838;2.13802;2.81923;3.72189;4.44132;5.19232;5.28762;6.2683;7.19977;8.06075;8.4696;8.97983;9.49837;10.3742;11.1424;12.0968;12.7329;13.7092;14.4719;15.2185;15.3184;15.9369;16.6932;17.6841;18.4949;19.0262;19.8807;20.8116;21","15;14.9785;15.0697;15.5435;15.4588;15.4694;15.9147;16.0511;15.8555;15.6928;15.4102;15.1575;14.8795;14.4243;14.0758;13.8504;13.6494;14.421;14.6372;15.2401;15.8442;15.9984;16.5815;17.2357;17.1009;17.0114;16.3156;15.8798;15.7578;15",3.79177,"0.15;0.1;0.75"
22.3044,0.996042,0.304627,"1;1.6359;2.53109;3.2537;4.10972;4.5447;5.4605;6.05747;6.84874;7.47136;8.33536;8.60388;9.48055;10.4764;10.7809;11.7157;12.614;13.3167;14.2781;14.9048;15.2881;15.8013;16.6589;17.4949;17.8058;18.5914;19.4298;20.0085;20.6299;21","15;15.0703;15.4223;15.6772;15.6651;15.5631;15.7271;16.0647;16.4065;16.5155;17.001;17.1149;17.0117;16.9211;16.7349;16.961;17.058;17.7695;17.4944;18.2737;18.2038;18.1191;17.8496;17.3008;17.1679;16.8912;16.4446;16.2499;15.4665;15",3.70831,"0.15;0.15;0.7"
22.0357,1.05617,0.23033,"1;1.97485;2.65792;3.40975;4.32713;4.75681;5.44654;6.24753;7.24175;8.24144;8.97984;9.65212;10.3621;11.0196;11.9988;12.7462;13.3668;14.0203;14.6382;15.5466;16.5265;17.3046;18.0199;18.6155;19.0516;19.6294;20.4493;21","15;14.7771;15.5075;15.4834;15.8697;15.8535;15.5557;15.4299;15.5372;15.5124;14.838;14.1083;14.0433;13.8229;13.973;14.4088;14.7352;14.7223;14.2043;13.8979;14.0695;14.2319;14.2436;14.2514;14.2294;14.7217;14.4666;15",3.66631,"0.15;0.2;0.65"
21.6603,1.10937,0.240531,"1;1.47042;1.67621;2.44861;3.12812;3.65577;4.27904;4.97294;5.60334;6.54115;7.46639;8.24101;8.82568;9.247;9.90644;10.1756;11.1631;12.1612;13.1447;13.7393;14.7354;15.7348;16.6437;17.435;18.0911;18.9794;19.9567;20.0735;21","15;14.6808;14.406;14.4571;14.4767;14.3324;14.7505;15.3529;15.3927;15.5154;15.8718;16.2495;16.267;16.3435;16.6385;16.7229;16.5657;16.6278;16.4467;15.6427;15.5546;15.5895;16.0066;15.3952;15.4986;15.438;15.2261;15.1577;15",3.6707,"0.15;0.25;0.6"
22.663,1.00858,0.233685,"1;1.98332;2.89448;3.88817;4.80064;5.79684;6.79683;7.72469;8.45309;9.22629;10.0706;11.028;11.8783;12.0181;12.7952;13.0349;13.8054;14.543;14.8565;15.7212;16.3332;17.0386;17.8143;17.9818;18.4319;19.274;20.1588;20.5743;21","15;14.8181;14.406;14.4578;14.8606;14.7735;14.7787;14.8578;15.2554;15.2488;15.1498;14.861;14.771;14.6498;14.0481;13.8735;13.2863;13.5357;13.4733;13.4343;12.6435;13.0929;13.5367;13.7281;14.4563;14.7645;14.797;14.3347;15",3.83055,"0.15;0.3;0.55"
21.9698,1.10637,0.225244,"1;1.93876;2.50173;3.47965;4.36197;5.31554;6.06109;6.75311;7.16996;7.79966;8.48528;9.48361;10.4685;11.4298;11.9187;12.88;13.5898;14.1728;15.0251;15.7071;16.6563;17.6411;18.2957;19.2377;20.1624;20.4875;20.9971;21","15;14.6554;13.8289;14.0379;13.5673;13.8684;14.0602;14.3128;14.4571;14.6583;14.2759;14.3337;14.1606;14.3145;14.4032;14.6748;14.8079;14.83;14.372;14.0301;14.3447;14.5188;14.3599;14.0905;13.8245;14.1346;14.995;15",3.79531,"0.15;0.35;0.5"
22.9912,1.0553,0.477197,"1;1.99978;2.18543;3.0112;3.72343;3.84504;4.25403;5.18633;5.89415;6.74248;7.6339;8.40511;9.19909;9.66553;10.26;11.0648;11.9908;12.8808;13.4642;13.5405;14.4911;15.2526;16.1516;16.8853;17.8109;18.7365;19.6312;20.5006;21","15;15.0209;15.22;15.4836;15.7778;16.183;16.9372;16.9949;17.5024;17.9359;17.8877;18.0942;18.4727;18.6067;18.8548;19.4319;19.6511;19.5102;18.8442;18.7587;18.4482;17.8;17.362;16.6826;16.3041;15.9256;15.479;14.9849;15",4.08554,"0.15;0.4;0.45"
24.4623,1.28948,0.305493,"1;1.68856;2.47272;3.02085;3.53228;3.9696;4.25456;5.02032;5.61348;6.22069;7.0198;7.22199;8.05027;8.7027;9.56941;10.171;11.0333;11.9555;12.4789;13.0788;13.8971;14.511;15.3162;15.7638;16.6802;17.457;18.2464;19.0022;19.751;20.7018;21","15;14.2748;13.9799;14.2772;15.1325;15.8396;16.2809;16.1185;16.6748;17.1715;16.5858;16.777;17.0222;17.6402;17.5336;17.6116;18.1179;17.7313;17.1384;16.9385;16.3805;16.1402;15.5687;15.2955;15.4306;15.3103;14.9673;14.719;14.0802;14.1923;15",4.37181,"0.15;0.45;0.4"
22.611,1.04633,0.301564,"1;1.94566;2.94551;3.67229;4.47968;5.42355;6.29774;7.01851;7.65304;8.43521;9.06407;9.82597;10.6775;11.2947;11.9184;12.5319;13.5309;14.3408;14.7933;15.3454;16.0728;16.3355;17.0823;17.9486;18.308;19.1009;19.1844;20.0561;20.9956;21","15;15.3252;15.3081;15.995;16.585;16.9153;17.1752;17.3269;18.0998;17.5347;17.6124;18.1501;18.0055;17.6702;17.0289;17.0568;17.0107;16.6384;16.5695;16.174;15.9439;15.599;15.0695;14.7941;14.879;15.1728;15.146;14.656;14.9984;15",4.02037,"0.15;0.5;0.35"
22.063,1.0271,0.273998,"1;1.53372;2.40116;2.77033;3.45169;4.20983;5.20774;6.15589;7.13016;7.99174;8.96864;9.35086;10.0372;10.7519;11.4673;12.406;13.2288;13.9238;14.4719;15.2505;15.6823;16.3296;17.2078;17.9152;18.7168;18.8848;19.7484;20.0496;20.9131;21","15;15.1122;15.1411;15.4971;15.9649;16.5502;16.6148;16.297;16.5224;16.804;16.878;17.1711;17.6221;17.6888;17.0246;16.9757;16.7016;16.351;16.6871;16.97;16.7721;16.3079;16.5163;16.2533;15.8481;15.7489;15.8486;15.5552;15.0508;15",3.95655,"0.15;0.55;0.3"
21.4474,0.990141,0.232855,"1;1.97145;2.6627;3.47294;4.15101;4.83182;5.70766;6.51654;7.51439;8.49847;9.45031;10.4472;11.1149;12.0938;12.2612;13.1275;14.0934;15.0915;16.0837;16.6133;17.4416;17.8349;18.2182;19.2181;20.1963;21","15;14.8732;14.9924;15.4266;15.5113;15.7239;15.7801;15.1921;15.1266;15.3043;15.6109;15.5325;15.8714;15.9522;15.7233;15.8821;16.1411;16.2029;16.1486;15.8693;15.6256;15.5524;14.6288;14.6213;14.8292;15",3.86941,"0.15;0.6;0.25"
21.8475,1.48142,0.23721,"1;1.33268;2.22699;2.74229;3.71639;4.53904;5.49818;6.32771;7.12147;7.79637;8.51482;8.94251;9.90789;10.2299;11.2043;12.1536;13.1128;14.0223;14.6005;15.2547;16.1245;16.9825;17.7062;18.535;19.4305;20.3946;21","15;15.9426;15.7958;15.9838;16.0567;16.1481;16.1407;15.9028;15.8534;16.1507;15.4551;14.9562;15.0075;15.0601;15.2848;15.5992;15.3167;15.2684;15.1522;15.3544;15.3518;15.4179;15.5724;15.0128;14.5678;14.8333;15",4.28749,"0.15;0.65;0.2"
21.1815,0.985948,0.220298,"1;1.78047;2.6904;3.68461;4.67336;5.48849;6.37243;7.00676;7.55947;8.17949;9.17889;9.95335;10.4181;11.112;11.9739;12.802;13.0513;13.9595;14.5965;15.2041;15.7805;16.3856;16.8167;17.7216;18.5313;19.0657;20.0597;21","15;14.9081;14.5997;14.4922;14.6418;15.036;14.8383;14.8195;14.5914;14.5554;14.59;14.7368;14.7211;15.0012;15.0157;15.1208;15.2992;15.111;14.5292;14.3598;14.2804;14.1698;14.0881;14.2247;14.536;15.3239;15.2703;15",3.90043,"0.15;0.7;0.15"
22.0601,1.00801,0.225822,"1;1.99794;2.80871;3.67306;4.65727;5.65472;6.25316;6.85774;7.47007;8.34118;8.90171;9.73304;10.619;11.4912;12.4483;13.2728;13.9056;14.674;15.0302;15.9299;16.3507;16.6353;17.0129;17.8607;18.4508;18.848;19.1835;19.9896;20.171;21","15;15.0642;14.5887;14.7945;14.9715;14.9001;14.9125;15.0014;14.5668;14.3162;14.1342;14.0235;13.7135;13.4914;13.5601;13.6207;12.8695;12.8128;12.737;12.5316;13.1962;13.4458;13.5288;13.1653;13.6971;14.0373;14.1392;14.1822;14.4651;15",4.08761,"0.15;0.75;0.1"
21.0756,0.978892,0.22858,"1;1.99948;2.95626;3.94968;4.83083;5.83082;6.83082;7.81728;8.66865;9.39437;10.3743;11.2127;12.2059;13.1177;13.2921;14.2299;14.7332;15.3115;16.2608;17.1786;18.0868;18.9636;19.6099;20.3087;21","15;14.9678;14.6769;14.5624;15.0353;15.0331;15.0309;14.9291;14.9583;15.5429;15.7424;16.2874;16.4038;15.9931;15.945;16.0044;15.8453;15.6991;15.7509;15.5379;15.4827;15.9254;15.4315;15.2458;15",3.95589,"0.15;0.8;0.05"
23.3228,1.54827,0.26412,"1;1.31073;2.20916;3.16319;4.02797;5.02639;5.82473;6.59194;7.1115;8.04619;8.45735;9.1128;9.41262;10.2215;10.9953;11.8492;12.8408;13.1263;13.7061;13.9391;14.5453;15.4048;16.2288;17.0116;17.2691;18.183;19.0766;20.0039;20.7929;21","15;14.0495;13.6104;13.9101;14.4123;14.3562;14.27;14.1156;14.1563;14.3466;14.4372;14.8552;15.0036;15.3579;15.6152;15.5639;15.676;16.2223;16.4259;17.2917;17.5631;17.322;16.856;16.5197;16.6578;16.2517;15.8387;15.7052;15.6586;15",4.81445,"0.15;0.85;0"
24.1895,1.25921,0.311997,"1;1.47293;2.12061;2.69754;3.66514;4.24474;4.8506;5.39704;5.91979;6.71676;7.58888;8.04222;9.03757;10.0214;10.958;11.7;12.6549;13.4645;14.4479;15.0087;15.5406;16.0279;16.1895;17.1722;18.167;18.7133;19.3305;20.1801;20.0739;20.4039;20.9497;21","15;15.5856;16.1655;16.341;16.4973;16.5592;17.1893;17.0471;17.0963;16.7708;16.2815;15.3902;15.4865;15.3072;15.6575;15.8843;15.963;16.3732;16.5468;16.7183;17.0765;17.5855;17.8733;17.9775;17.876;17.4642;17.2192;17.1286;16.2355;15.9632;15.2652;15",5.0875,"0.2;0;0.8"
23.6789,1.10681,0.327087,"1;1.96089;2.7378;3.33377;4.15466;5.01011;5.72277;6.65876;7.61486;8.20121;9.03735;9.76504;10.2339;10.4344;11.225;11.487;12.2722;13.054;13.5778;14.3373;15.3312;16.323;17.0649;18.0516;18.313;19.18;19.877;20.5486;21","15;15.2769;15.891;16.6381;17.2071;17.6968;18.3474;18.4225;18.3578;17.9744;18.2968;17.6367;16.7633;16.8658;16.5054;16.3418;16.2943;15.6707;14.8189;14.1683;14.278;14.4059;15.0764;14.9133;14.8722;15.3106;15.2279;15.2499;15",5.03643,"0.2;0.05;0.75"
23.7776,1.10313,0.272491,"1;1.96762;2.4756;2.66561;3.4738;4.36347;4.89824;5.86501;6.3271;7.06488;7.85455;8.28525;8.90757;9.74308;10.4702;11.3039;11.7817;12.7727;13.3375;14.15;14.6731;15.631;16.5345;16.9333;17.8713;18.5309;19.3133;20.1402;20.9219;21.4726;21.2139;21","15;15.2524;16.1138;16.102;16.0538;15.5971;15.578;15.7368;16.1081;16.2402;16.8538;16.634;16.3166;16.6416;16.3187;15.7941;15.5266;15.5548;15.7449;15.7314;15.7712;16.0506;16.1629;16.1423;16.1972;16.4372;16.0822;16.6447;16.5868;16.2783;15.4594;15",5.05657,"0.2;0.1;0.7"
23.235,1.01866,0.339466,"1;2;2.93009;3.55039;3.98364;4.60054;5.17609;5.81874;6.56608;7.08743;8.08653;9.06321;10.0425;11.0251;11.7802;12.7735;13.4227;14.4103;15.3797;16.0386;16.967;17.6438;18.5465;19.1341;19.8196;20.5051;21","15;15;15.227;15.5529;16.0767;16.5471;17.2081;17.3271;17.4449;17.2632;17.2208;17.4355;17.2332;17.4191;16.7634;16.8785;17.6392;17.796;17.5505;18.3021;18.1484;18.0167;17.7909;16.9818;16.2537;15.5256;15",5.02045,"0.2;0.15;0.65"
22.0561,1.0533,0.270567,"1;1.6892;1.95558;2.77232;3.61068;3.89917;4.52422;5.51086;6.5005;7.48243;8.31948;8.95189;9.90481;10.5054;11.0967;11.8647;12.8584;13.7712;14.7704;15.3554;15.8125;16.6469;16.9178;17.8367;18.3272;19.2187;19.7455;20.6312;21","15;15.3125;15.4547;15.9783;16.2064;16.2726;16.6131;16.776;16.9196;17.1089;16.9736;16.9348;16.9941;16.8588;16.9974;17.1417;17.1955;16.7872;16.7465;16.1361;15.7298;15.2684;15.5489;15.8995;16.0546;16.5076;15.6576;15.1933;15",4.78423,"0.2;0.2;0.6"
22.4025,1.05772,0.236456,"1;1.95966;2.42287;3.08809;3.1553;4.15518;5.15223;6.12948;7.12948;8.12944;9.12944;9.94029;10.5028;11.4836;12.48;13.2423;14.2362;14.9709;15.5732;16.3333;16.8174;17.2379;18.1302;18.6952;19.4913;20.1513;21","15;15.2812;15.5646;14.8777;14.7202;14.7359;14.8126;15.0247;15.0231;15.0145;15.0134;14.4281;13.6013;13.4064;13.4911;14.1384;14.2488;14.5484;14.7951;15.4381;15.651;16.1399;16.3443;16.1536;15.5485;15.2724;15",4.87497,"0.2;0.25;0.55"
22.8175,1.22996,0.257551,"1;1.78452;2.50981;3.07398;3.99795;4.86136;5.71182;6.37188;6.83375;7.74693;8.30514;9.0761;9.77715;9.85616;10.7844;11.7726;12.2751;13.2746;14.1532;15.1476;15.9117;16.1714;16.9541;17.937;18.9048;19.8049;20.364;20.9108;21","15;15.6201;16.3085;17.1342;17.5167;17.0428;16.8095;16.4056;16.226;15.8509;15.6495;16.0288;15.9928;16.0906;15.7357;15.5826;14.718;14.7503;14.2727;14.3784;14.3783;14.4132;14.0529;14.237;13.9851;13.9864;14.1995;14.786;15",5.06127,"0.2;0.3;0.5"
22.0617,1.02673,0.230735,"1;1.93297;2.92982;3.92384;4.79789;5.79241;6.69298;7.38243;7.6208;8.49154;9.06767;9.78898;10.2196;10.8935;11.6341;11.9038;12.4666;12.8885;13.6893;14.4854;15.3605;15.9261;16.6018;16.9026;17.6617;18.3242;18.8548;19.474;20.3735;21","15;15.36;15.4393;15.5484;16.0342;16.1388;15.9926;15.3;14.8517;14.8221;14.4936;14.5535;14.3071;13.8001;13.4966;13.4308;12.848;12.8211;13.338;13.4981;13.2902;13.3369;13.7182;13.8469;14.0434;14.4039;14.603;14.5038;14.521;15",4.87553,"0.2;0.35;0.45"
22.0712,1.02768,0.235457,"1;1.92241;2.87637;3.83852;4.83823;5.83792;6.77631;7.77569;8.39971;9.12969;9.89714;10.8869;11.8812;12.5084;13.2269;13.9646;14.5465;15.0816;15.8299;16.3846;17.1538;17.8591;18.8044;19.7481;20.3184;21","15;15.3862;15.6861;15.4136;15.3895;15.4144;15.76;15.7953;15.6248;15.297;15.9381;16.0809;15.9746;15.4176;15.0742;15.3111;14.5328;14.5692;14.0736;14.1057;14.6255;13.9165;14.2426;14.5403;14.719;15",4.91949,"0.2;0.4;0.4"
23.0628,1.05538,0.296791,"1;1.87291;2.46947;3.36238;3.93893;4.61307;5.53877;6.00713;6.66421;7.03427;7.6381;8.50541;9.17577;10.1189;11.0684;11.6543;12.5288;13.33;14.1867;14.5976;15.4565;16.0987;16.7019;17.653;18.6287;19.0968;19.9335;20.9283;21","15;14.8873;15.1424;15.5927;16.4097;16.7446;16.949;17.6392;18.0758;17.8758;17.2279;16.9317;17.5948;17.3558;17.5473;17.6189;17.1339;16.5355;16.3356;15.6464;15.1343;15.2667;15.542;15.2554;15.4642;15.3909;14.8912;14.9927;15",5.19136,"0.2;0.45;0.35"
23.0304,1.13208,0.232578,"1;1.54329;2.45753;3.2699;3.4058;3.54934;4.45086;5.32494;6.21337;6.32002;7.27266;7.50707;8.04847;8.7428;9.30828;10.24;11.1631;12.0308;12.8812;13.3146;14.1989;14.6291;15.2865;16.1025;16.8898;17.7846;18.6793;19.5741;20.5272;21","15;14.6824;14.6331;14.2821;13.8278;13.3219;12.8892;12.4451;12.3883;12.3287;12.0246;11.9441;11.2143;10.5855;10.8817;10.5184;10.9029;10.975;11.0012;11.1009;11.5039;11.5164;11.9987;12.5491;12.9489;13.3954;13.8419;14.2884;14.5911;15",5.24189,"0.2;0.5;0.3"
22.494,1.17187,0.264627,"1;1.67269;2.65635;3.6539;4.653;5.65225;6.39941;7.39285;8.3731;9.36949;10.3695;11.094;11.7891;12.267;13.2285;13.9708;14.8509;15.6111;15.7278;16.4187;17.3059;17.6795;17.7507;18.5805;19.4329;19.9264;20.8333;21","15;15.7399;15.5599;15.6299;15.6723;15.7109;16.3755;16.4899;16.6877;16.6028;16.5986;16.4009;16.1289;16.0601;16.1639;15.7557;16.2305;16.7721;16.8616;17.4666;17.0053;16.7887;16.1054;15.9211;15.6474;15.0784;15.057;15",5.20949,"0.2;0.55;0.25"
21.9078,1.01272,0.233067,"1;1.41504;2.38822;2.81055;3.42157;3.63871;4.37369;5.23665;6.02645;7.02559;7.98121;8.39458;8.99578;9.56355;10.2524;11.1039;11.976;12.5889;13.3597;13.8465;14.3317;14.9232;15.7909;16.4482;17.0829;17.922;18.2237;18.9875;19.7165;20.5613;21","15;14.9213;15.0588;15.1722;15.6353;15.8408;16.0904;15.9568;15.6193;15.5779;15.8725;15.9789;16.0485;16.1733;15.9519;15.6242;15.3227;14.5941;14.4694;14.1678;14.1518;14.1928;13.9509;13.8731;13.2291;13.1954;13.2719;13.5025;14.187;14.7221;15",5.0358,"0.2;0.6;0.2"
24.5758,1.06361,0.538112,"1;1.89113;2.86617;3.64387;4.52299;5.3898;6.21837;7.17141;7.96222;8.35553;9.31139;10.153;10.9562;11.6677;12.6609;13.5502;14.523;15.5029;16.1111;16.7202;17.1591;17.6716;18.3412;19.0322;19.3571;19.8189;20.1063;20.5293;20.9824;21","15;14.5463;14.3242;14.9528;15.2032;15.4645;15.2914;15.4426;15.7801;16.1846;16.2716;16.8117;17.4074;18.11;18.227;18.6842;18.9158;19.1156;19.9094;19.7517;20.0158;19.4211;18.7396;18.2986;17.7854;17.2035;16.7867;15.8947;15.0952;15",5.68723,"0.2;0.65;0.15"
21.5037,0.984064,0.233677,"1;1.98134;2.98129;3.97121;4.96345;5.91673;6.91668;7.76385;8.51901;9.40844;10.4074;11.3481;11.8377;12.4809;13.0555;14.0124;14.8681;15.6892;16.2737;16.6359;17.4538;18.427;19.2986;20.1142;21","15;15.1923;15.1822;15.0405;15.1648;14.8627;14.8718;15.4032;16.0587;15.6016;15.6467;15.6069;15.7153;16.0367;16.4028;16.6931;16.1756;15.6049;15.5327;15.1456;14.9691;15.1992;14.7685;14.7639;15",5.01295,"0.2;0.7;0.1"
22.0054,0.985269,0.241128,"1;1.99055;2.96092;3.72463;4.5254;5.4518;6.30332;7.23921;8.01882;8.50269;9.28063;9.84371;10.6734;11.4207;12.3234;13.2727;13.5925;14.154;15.0576;15.3266;15.6015;16.411;17.3757;18.1571;18.953;19.3126;20.2161;21","15;15.1371;15.2749;15.3073;15.5849;15.4886;15.3311;15.4784;15.8197;16.4357;16.6414;17.0755;16.5695;15.9051;15.4747;15.1604;14.9559;14.6329;14.7755;15.2622;15.6307;15.1435;15.1485;14.9031;14.8323;14.9091;15.0138;15",5.15209,"0.2;0.75;0.05"
22.8579,1.12451,0.433896,"1;1.7131;2.16277;2.53829;3.36698;4.27244;4.92322;5.85021;6.80788;7.6907;8.23585;8.70109;9.37536;9.56656;10.5225;10.9976;11.9102;12.4651;13.1381;14.004;14.8696;15.6154;16.5151;17.2272;17.9919;18.7764;19.4315;19.962;20.5512;21","15;15.2142;15.9;16.0863;16.3507;16.7751;17.5344;17.9094;18.1973;18.4471;18.3289;18.2314;18.7326;18.6503;18.9438;18.9641;18.7405;19.0673;18.5409;18.3998;18.1796;17.6976;17.261;16.5589;16.3978;16.5912;16.4253;15.9388;15.1706;15",5.4712,"0.2;0.8;0"
22.6757,1.0276,0.286752,"1;1.83971;2.57403;2.86098;3.69398;4.38212;4.97104;5.54166;6.00979;6.86216;7.7843;8.7617;9.64173;10.4753;11.2815;11.5461;12.3634;12.8139;13.6625;14.5526;15.5515;16.2566;17.1735;18.1707;19.1707;20.0084;20.4618;21","15;15.189;15.3724;15.4646;15.619;16.2157;16.4995;16.9592;17.5717;17.0487;17.4356;17.6469;18.1219;17.925;17.4497;17.156;16.5798;15.6871;15.158;14.7022;14.6561;14.9925;14.7141;14.7886;14.7987;15.155;15.0947;15",5.88398,"0.25;0;0.75"
24.1365,1.07233,0.279235,"1;1.92937;2.77614;3.28754;4.26305;5.20918;5.87231;6.67941;7.16271;7.95108;8.8738;9.54512;10.1267;10.845;11.4591;12.0285;12.509;12.8021;13.5644;13.793;14.7748;15.165;15.8653;16.7835;17.0701;17.9597;18.9269;19.8105;20.4313;21","15;15.3692;15.9011;16.2328;16.1555;16.4777;15.8114;15.5541;15.0169;14.4835;14.0981;14.7736;14.4258;14.1707;14.588;14.9817;15.7038;16.6153;17.008;17.3491;17.3439;16.9635;16.5551;16.6089;16.603;16.611;16.7454;16.2772;15.7617;15",6.2832,"0.25;0.05;0.7"
22.1778,1.01178,0.236963,"1;1.75625;2.23541;2.96937;3.62181;3.8028;4.73887;5.52584;6.29185;7.10664;8.06881;9.05011;9.61906;10.0634;11.0015;11.8509;12.85;13.6965;14.6166;15.44;15.8923;16.598;17.1813;17.9899;18.7114;19.6419;20.5735;21","15;15.1511;15.1291;15.3052;15.5896;15.7366;15.3848;14.7678;15.4106;15.89;15.9625;15.77;15.6448;15.5456;15.4225;15.9502;15.9058;15.3735;15.2631;15.3808;15.188;15.0978;14.68;14.1237;13.6609;13.8945;14.2579;15",5.79965,"0.25;0.1;0.65"
22.2258,1.13696,0.24884,"1;1.48298;2.08583;2.92653;3.54698;4.16896;5.06872;5.75702;6.62717;6.98702;7.78707;8.14197;8.81115;9.67177;10.4853;11.4302;12.4166;13.0303;13.4674;14.2715;14.6169;15.0876;15.9913;16.8779;17.7738;18.5814;19.3055;20.3038;21","15;15.523;15.3929;15.3068;15.2538;15.4483;15.731;16.071;15.9543;16.3629;16.27;16.0094;15.8448;15.8145;15.4899;15.5;15.563;15.7105;15.9758;15.3813;16.0219;16.4647;16.651;16.82;16.3757;15.7861;15.0963;15.0396;15",5.87629,"0.25;0.15;0.6"
22.4757,1.08578,0.273628,"1;1.82059;2.77053;3.76704;4.76699;5.70753;6.57067;7.26375;7.78852;8.38076;9.278;9.6956;10.5977;11.0385;11.7015;12.3647;12.7857;13.5119;14.113;15.0967;16.0951;17.0382;17.7734;18.6987;19.2149;20.08;21","15;15.5715;15.884;15.9674;15.9571;16.2967;16.6741;16.9393;16.9497;17.1078;17.1913;17.3315;17.05;17.2556;17.3772;17.9113;17.0043;16.3169;15.5176;15.338;15.2808;15.6132;14.9353;14.556;14.7406;14.9184;15",5.98658,"0.25;0.2;0.55"
27.2971,1.4573,0.753473,"1;1.45743;2.41957;3.16539;3.61076;4.47886;4.9514;5.90128;6.7308;7.45261;8.40438;8.79159;9.1242;9.4072;10.0784;10.845;11.4142;12.2001;12.8309;13.4578;14.2036;14.5421;15.0862;16.0494;16.7059;17.0725;17.8201;18.2674;18.7406;19.2962;19.4594;19.6207;20.6121;21","15;14.1108;14.3833;15.0495;15.888;16.3615;16.5587;16.5362;16.7496;16.9124;17.1508;17.422;17.9048;18.6656;18.5632;18.9386;18.6142;18.3577;18.3954;18.8093;19.1202;19.6066;20.4456;20.7142;19.9599;19.0295;18.3653;17.5842;16.9711;16.7908;15.8042;14.8173;14.9486;15",7.56533,"0.25;0.25;0.5"
22.0619,1.11626,0.22754,"1;1.76965;2.73055;3.70279;4.68349;5.13193;5.78595;6.32157;7.12985;8.01653;8.94611;9.91009;10.5197;11.5104;11.9516;12.8099;13.6507;13.7961;14.6851;14.983;15.9642;16.5863;17.473;17.6798;18.6291;19.2203;19.1876;20.0189;20.7637;21","15;14.3615;14.0846;14.3186;14.1231;14.314;14.565;14.4095;13.9317;13.9939;13.9233;13.8983;13.8804;13.9998;14.1389;14.19;14.5049;14.4666;14.0087;14.0173;14.2103;14.3283;14.4834;15.1427;14.8504;15.618;15.7361;15.6105;15.0738;15",5.95275,"0.25;0.3;0.45"
23.5825,1.01055,0.246049,"1;1.98125;2.94224;3.89103;4.72019;5.49055;5.82348;6.5294;7.40482;8.33251;8.75895;9.70328;10.2063;11.1214;11.9133;12.2265;12.5827;13.427;13.9147;14.637;15.5793;16.4243;17.214;17.6639;18.5158;19.0946;20.0473;20.9474;21.6505;21","15;14.8072;15.0838;15.3997;15.7326;15.6272;15.4964;15.4052;14.9218;14.5485;13.9847;14.0489;14.097;14.4029;14.6086;15.0956;15.6218;15.3673;15.0965;14.8366;14.6033;14.6726;14.2955;13.963;13.531;14.1871;14.3801;14.3866;14.8865;15",6.34773,"0.25;0.35;0.4"
24.07,1.04044,0.467271,"1;1.98236;2.86324;3.3093;4.24665;4.52293;5.10175;5.89835;6.45491;7.02368;7.76214;8.59973;8.73608;9.06882;9.54254;10.2176;11.1334;12.0553;12.3797;13.1916;13.8993;14.0287;14.811;15.7413;16.6473;17.5984;18.5448;19.1791;19.9859;20.8058;21","15;14.813;15.2864;15.2313;15.4242;15.4178;16.2332;16.8377;17.4724;17.5428;17.7538;17.9692;18.3399;18.8654;19.1441;19.3051;19.368;19.3754;19.3656;19.0622;18.4495;17.7565;17.44;17.0732;16.65;16.3411;16.018;15.4605;16.0001;15.8984;15",6.59722,"0.25;0.4;0.35"
22.4457,1.32882,0.228554,"1;1.55885;1.90264;2.49771;3.0873;3.6129;4.42367;5.36499;6.10405;6.79683;7.66447;8.52993;9.04559;9.41453;10.2466;11.1118;11.9759;12.6597;13.3074;13.9474;14.8475;15.7848;16.4714;17.144;17.4595;18.1985;19.1356;19.4051;20.2403;21","15;14.1707;13.8513;13.5053;13.3555;13.1709;13.2874;13.5628;13.9805;14.0033;13.5426;13.5366;13.2736;13.0479;13.1442;12.7998;13.0239;12.9525;13.4384;13.5631;13.8592;13.7403;13.9336;14.2944;14.2192;14.4936;14.1553;14.9337;15.3937;15",6.27795,"0.25;0.45;0.3"
22.142,1.06527,0.229458,"1;1.84037;2.82844;3.62144;4.49361;4.85198;5.62873;6.19518;6.58189;7.47764;8.13559;8.99358;9.59166;10.5537;11.4472;12.399;13.033;13.7141;14.5632;14.9401;15.674;16.2476;16.8669;17.4725;17.9893;18.6127;19.3353;20.0241;20.2466;21","15;14.458;14.612;14.579;14.6961;14.6837;14.5089;14.6239;14.8257;14.6274;14.7915;15.2221;14.8629;14.6123;14.376;14.2968;14.512;15.2205;15.27;14.9833;15.3043;15.0165;14.5321;14.3625;13.5473;13.7304;14.1616;14.6001;14.7629;15",6.12551,"0.25;0.5;0.25"
25.5078,1.06314,1.11835,"1;1.92178;2.83247;3.49613;3.97688;4.22863;4.95411;5.58217;6.24453;7.15822;8.04817;8.69726;9.46875;10.2967;11.2258;12.0141;12.8359;13.6634;14.2892;15.026;15.692;16.335;16.6455;17.54;18.3986;18.8785;19.3951;20.2569;20.6082;20.4409;20.7221;21.1275;21","15;15.3877;15.5995;15.7832;16.4208;16.693;17.0281;17.3187;17.6442;18.0506;18.4258;19.1541;19.2058;19.66;20.0299;19.9686;20.2899;19.9755;20.0801;20.3565;20.6725;20.7058;20.4139;20.2674;19.882;19.3743;19.1383;18.6312;17.6949;16.8029;16.1961;15.6858;15",7.18534,"0.25;0.55;0.2"
22.0685,1.10351,0.22761,"1;1.71385;2.30331;2.63225;3.21533;4.19233;5.16262;6.09427;6.48809;7.39799;8.24281;8.88814;9.87921;9.94436;10.7226;11.5045;12.0391;13.0067;13.7211;14.3271;15.2148;16.1832;17.1406;17.8907;18.8634;19.8631;20.3138;21","15;15.3481;15.1352;14.7775;13.9806;13.7674;14.0093;13.8269;13.8144;14.0186;14.2039;14.2036;14.0703;14.1252;14.7184;14.8432;15.0793;14.9154;14.6932;14.908;15.0244;14.7995;14.5107;13.8494;14.0817;14.1058;14.9985;15",6.21336,"0.25;0.6;0.15"
21.8032,1.01066,0.255453,"1;1.90444;2.66179;3.47847;4.10294;4.72495;5.22001;5.95877;6.62511;7.6036;8.6012;9.04377;9.77666;10.364;10.781;11.6153;12.6029;12.8777;13.7026;14.6102;14.9972;15.7926;16.7616;17.32;18.1562;19.0552;19.8729;20.198;21","15;15.352;15.5259;15.7914;15.6128;15.7408;15.7591;15.7134;15.8555;15.93;15.8607;15.9682;16.3566;16.474;16.5685;16.7169;16.7481;17.0713;17.2569;16.9107;16.4253;16.1497;15.9028;15.9415;16.2883;16.7238;16.2055;15.4759;15",6.13328,"0.25;0.65;0.1"
21.2722,1.13798,0.244871,"1;1.35655;1.92142;2.6743;3.24736;3.79412;4.34539;5.06472;5.98112;6.96366;7.9622;8.96101;9.95279;10.9139;11.7545;12.4455;13.3789;14.1228;15.1095;15.5645;16.313;16.7976;17.7056;18.665;19.6214;20.5508;21","15;15.4169;15.4589;15.2671;15.7518;15.9285;16.1608;15.8926;16.1814;16.3675;16.4214;16.3727;16.5007;16.3323;16.3752;16.3787;16.7376;16.8704;16.7397;16.5942;16.0273;15.4768;15.1846;15.3568;15.1809;14.9286;15",6.12689,"0.25;0.7;0.05"
21.3392,0.998317,0.218079,"1;1.96657;2.95416;3.88178;4.86531;5.79436;6.78001;7.3758;8.28113;8.79943;9.4663;10.2519;11.1293;11.7405;12.6092;13.4114;13.9434;14.7108;15.5334;16.409;16.9795;17.5037;18.4306;19.1838;20.172;20.6454;21","15;14.7436;14.5866;14.213;14.3938;14.3414;14.3246;14.1214;14.3319;14.1072;14.1829;14.1096;14.2094;14.2278;13.8597;13.7421;13.8612;13.9568;13.5023;13.3667;13.8565;13.7847;14.0121;14.1632;14.0548;14.094;15",6.08353,"0.25;0.75;0"
26.5376,1.01043,0.992571,"1;2;3;3.74516;4.56948;5.03421;5.82088;6.18591;6.90592;7.45898;7.94488;8.64719;9.16517;9.38642;10.3782;11.2755;11.9676;12.2964;13.2699;14.0643;14.6797;15.5941;15.5704;15.8726;16.6823;17.034;17.9111;18.6;19.3093;19.4416;19.5371;19.4761;19.9081;20.4;20.4912;20.6478;21","15;15;15;15.35;15.7829;16.1852;16.2402;16.4481;16.9601;17.4658;17.8469;18.2705;18.948;19.1902;19.3182;18.8768;19.2022;19.1791;19.2171;19.2355;19.4922;19.4499;19.6764;20.4731;20.7612;20.4695;20.3548;20.3599;19.9957;19.7355;18.7913;18.2255;17.7653;17.2489;16.5837;15.8532;15",8.65607,"0.3;0;0.7"
22.4686,1.12108,0.23004,"1;1.68016;2.49646;3.07766;3.74682;4.42664;5.25143;6.25139;7.12216;8.12183;9.08802;9.89828;10.4913;11.0387;11.5236;12.3223;12.7926;13.4381;14.0769;14.6908;15.4636;16.0258;16.7862;17.4026;18.0811;18.8464;19.5709;20.2853;20.8275;21","15;14.4253;14.3154;14.2249;14.2676;14.2892;14.8546;14.8639;15.3555;15.3299;15.0721;14.4884;14.0282;13.6336;13.4161;13.0275;12.7103;12.7206;12.6317;12.9997;12.7739;12.5788;12.5407;12.9872;13.0229;13.3527;13.521;13.8921;14.2622;15",6.94617,"0.3;0.05;0.65"
22.945,1.04427,0.37243,"1;1.99868;2.69077;3.4568;4.2393;5.08384;5.5266;6.42883;7.14079;7.82924;8.66013;9.59208;10.0073;10.6406;11.348;11.8798;12.3305;12.9544;13.5095;13.8304;14.6929;15.0976;15.7807;16.4904;17.1662;18.1571;19.0011;20.001;21","15;15.0514;15.5613;15.9505;16.3502;16.7967;17.4566;17.6954;18.3977;18.5786;19.031;18.6684;18.0811;18.1759;18.2962;18.4339;18.3355;17.7363;17.2904;16.8159;16.6713;16.672;16.4242;16.1428;15.4057;15.5405;15.0042;15.02;15",7.21138,"0.3;0.1;0.6"
22.1302,1.00469,0.262083,"1;1.76322;2.75881;3.75876;4.39366;5.2251;6.10958;6.40638;7.38035;7.78427;8.6431;9.26235;9.81699;10.6853;11.6504;12.5934;13.1197;13.6785;14.3597;15.2167;16.0801;17.0581;17.3944;18.0368;18.7538;19.3847;19.7489;20.4598;20.9314;21","15;15.1666;15.1855;15.1754;15.948;16.4893;16.7873;16.8327;16.8127;16.7554;16.4038;16.1316;15.9579;15.8897;15.6278;15.9605;16.4337;16.383;16.3395;16.4054;16.7732;16.8265;17.0566;17.1103;16.6882;16.6335;16.4545;16.0971;15.356;15",6.93391,"0.3;0.15;0.55"
22.0623,1.03199,0.2362,"1;1.72802;2.42741;3.13583;3.52866;4.11637;4.83347;5.37813;6.24616;6.90379;7.28673;8.08781;8.9088;9.90745;10.4996;11.1906;12.0307;12.5351;13.4715;13.9599;14.7774;15.6393;16.0915;17.0698;17.6273;18.4551;19.3823;20.0052;20.4104;21","15;14.9285;14.866;15.4094;15.6796;16.143;15.5339;15.5493;15.3434;15.9529;15.5815;15.3567;15.6272;15.5754;15.318;15.51;15.5583;15.6875;15.6285;15.402;15.1737;15.1395;14.7286;14.5215;14.2957;14.7045;14.8578;15.3609;15.5156;15",6.9432,"0.3;0.2;0.5"
21.5703,1.02196,0.229901,"1;1.98949;2.94255;3.26226;3.91153;4.54149;5.17305;6.17129;7.03718;7.94101;8.69332;9.61415;10.4703;11.322;11.8669;12.64;13.3834;14.122;14.3976;15.394;16.3583;17.1387;18.0392;18.8947;19.8825;20.8703;21","15;14.8554;14.7114;15.2741;15.712;15.5085;15.5441;15.4848;14.9845;15.4124;15.2503;15.414;15.4495;15.0694;15.0498;14.715;14.9533;15.3326;15.6793;15.7645;15.9228;15.62;15.1853;14.6676;14.8235;14.9795;15",6.83003,"0.3;0.25;0.45"
22.7657,0.994485,0.247144,"1;1.3048;2.0593;2.91847;3.9078;4.60057;5.52447;6.3151;7.041;7.7691;8.66044;9.43563;10.0991;10.3562;11.2022;11.8414;12.4684;13.1784;13.9446;14.3;14.7948;15.6458;16.4164;17.245;17.7479;18.0151;18.4721;19.3601;19.8814;20.0325;20.6457;21","15;15.0731;15.1271;15.3815;15.2358;15.1511;15.0369;14.4247;14.7432;15.3264;15.1511;15.2541;15.4553;15.0511;14.6883;14.6674;14.5056;15.0505;15.6568;15.7233;15.7112;16.0388;15.4015;15.8503;16.3617;16.6924;16.7971;16.4222;16.1738;16.0119;15.2219;15",7.22691,"0.3;0.3;0.4"
23.41,1.14529,0.26507,"1;1.85657;2.60524;3.24312;3.92118;4.73577;5.56627;5.95676;6.61681;7.35882;7.75838;8.34441;9.32035;9.95888;10.7912;11.3011;12.2529;13.0487;13.5189;14.0041;14.7947;15.5742;16.1674;16.6542;17.5051;18.392;19.315;19.7447;20.2327;20.8994;21","15;15.516;16.179;16.8977;16.639;16.6085;16.3423;16.3811;16.4552;16.4994;15.9833;15.9225;15.8625;15.9518;15.7025;15.72;15.6913;15.8509;15.6232;14.8976;14.6358;14.5622;15.3672;15.7278;15.8398;15.805;16.1711;16.5161;16.5686;15.8313;15",7.51663,"0.3;0.35;0.35"
22.2466,1.01913,0.277336,"1;1.99573;2.80287;3.76326;4.56878;5.56533;6.53342;7.51279;7.70475;8.58246;9.30136;10.0379;10.7453;11.5762;11.8452;12.6806;13.1326;13.8949;14.835;15.6835;15.9879;16.4838;17.4571;18.1254;18.9521;19.7302;19.9755;20.6428;21","15;14.9077;15.4981;15.7767;16.3693;16.2863;16.5369;16.3348;16.1885;16.5654;16.3599;16.3416;16.483;16.7056;16.6333;17.0098;17.4579;17.8947;17.554;17.1005;16.6894;16.3439;16.3992;16.7912;16.5488;16.0336;15.9317;15.3652;15",7.16482,"0.3;0.4;0.3"
21.6767,0.98553,0.244273,"1;1.99362;2.9672;3.62353;4.02359;4.99049;5.60263;6.34987;7.22273;7.42701;8.27735;8.52199;9.38117;10.2976;10.9216;11.9071;12.7621;13.7122;14.6131;15.3918;16.3412;17.289;18.2824;19.0196;19.5981;20.1721;21","15;15.1128;15.3411;15.4591;15.6361;15.8074;16.2524;16.3197;16.3068;16.5364;16.7483;16.6665;16.6;16.9154;16.4712;16.3018;15.7833;15.4713;15.0373;15.6647;15.9789;15.6601;15.5455;14.9164;14.5086;14.7982;15",7.00758,"0.3;0.45;0.25"
21.534,1.02099,0.220999,"1;1.15161;2.10912;2.31321;3.25911;3.4261;4.29014;5.28;6.19181;7.17759;8.0591;8.9487;9.90713;10.8969;11.8934;12.8899;13.7845;14.2242;14.9241;15.6099;16.3692;17.0219;17.6705;17.9889;18.9732;19.8054;20.5285;21","15;14.9599;15.1206;15.3397;15.0467;15.0027;14.4992;14.3572;14.7678;14.5997;14.4815;14.5565;14.2951;14.1524;14.236;14.3196;13.8727;13.6887;13.6038;13.0659;13.1947;13.1583;13.2868;13.6938;13.5173;14.0717;14.6128;15",7.01489,"0.3;0.5;0.2"
29.0569,1.01922,1.94726,"1;1.98762;2.98761;3.90604;4.86313;5.863;6.62987;7.34918;7.87479;8.27926;9.15574;9.85076;10.7284;11.0655;11.6929;12.5077;13.2916;13.5743;14.2397;15.1904;16.0022;16.673;17.6383;17.9726;18.9668;19.5155;19.9814;20.1547;20.5088;20.6279;21.3696;21.6544;22.0106;21.3503;21","15;15.1569;15.1519;15.5474;15.2576;15.2417;15.2943;15.903;16.571;17.4856;17.967;18.5225;18.8499;18.9773;19.6952;20.1513;20.5471;20.8045;20.9877;21.0828;20.7151;21.321;21.5822;21.727;21.7436;21.6746;20.7897;19.8049;18.8697;18.1717;17.7206;16.8436;16.1493;15.3983;15",9.56972,"0.3;0.55;0.15"
22.1521,1.14897,0.235343,"1;1.65969;2.15394;3.15229;4.14998;5.13869;5.64577;6.52799;6.86172;7.75615;8.63934;9.17976;10.1134;10.9753;11.5105;12.3737;13.3534;14.2308;15.2018;16.1998;17.0751;18.0746;18.9516;19.0837;19.7924;20.525;21","15;15.4586;16.0828;16.0255;15.9575;16.01;15.9885;15.9846;16.0727;15.9213;15.6808;15.6151;15.3808;15.3624;14.5178;14.0129;13.8125;13.3327;13.5719;13.635;13.1515;13.1846;13.2664;13.5424;14.1287;14.4426;15",7.35854,"0.3;0.6;0.1"
23.5535,1.07298,0.469496,"1;1.9263;2.20194;2.92703;3.38333;4.37213;5.33935;6.33811;7.04174;7.88727;8.44888;9.28092;10.1215;10.317;11.1843;11.2076;12.0674;12.6197;13.325;14.1848;14.7939;15.679;15.8124;16.6616;17.3221;17.9996;18.7959;18.9519;19.7466;20.2291;20.5052;21","15;14.6232;14.8066;15.0351;15.6765;15.5272;15.7812;15.7314;16.4419;16.9758;17.4078;17.9115;18.3943;18.3919;18.5523;18.9427;19.1449;19.1538;19.5579;19.0473;18.7311;18.8352;18.8572;18.5427;17.8465;17.2789;16.674;16.561;16.2881;15.8177;15.3907;15",7.78697,"0.3;0.65;0.05"
24.7781,1.08923,0.330834,"1;1.80959;2.39909;2.72962;3.55686;4.27071;5.2662;5.98155;6.83172;7.82788;8.59273;9.0317;9.78543;10.7387;11.1388;11.9902;12.9528;13.7984;14.7694;15.6472;16.6147;17.4144;17.9662;18.8879;19.627;19.6486;20.3983;20.5312;21.1421;21.0336;21","15;14.76;15.4783;15.6458;15.6598;15.8764;15.9713;15.2725;15.5488;15.6257;16.2699;16.5989;16.6983;16.4283;16.3673;15.8541;15.9071;16.4409;16.6799;17.159;17.4121;17.7693;18.3504;18.5648;18.2424;17.7854;17.1744;16.4835;16.3017;15.3076;15",8.19588,"0.3;0.7;0"
23.4222,1.05851,0.239985,"1;1.53219;2.22053;3.08162;4.01155;4.65957;5.45776;6.19125;7.04178;7.76293;8.09654;8.91855;9.50433;9.84117;10.7478;11.5802;12.4334;12.9709;13.7884;14.5986;15.0774;16.0414;16.7812;17.522;18.1602;18.4732;18.7681;19.4112;20.1129;20.8223;21","15;14.921;14.4634;13.9995;14.0878;13.9068;13.9051;14.2349;14.7308;14.9692;15.0804;15.0792;14.3631;13.4847;13.0628;12.5603;12.1428;12.0196;11.8518;12.4379;12.5617;12.7403;13.0375;13.3327;14.0768;14.3636;15.0061;15.4692;15.5903;15.0139;15",8.35375,"0.35;0;0.65"
21.6262,0.993728,0.225813,"1;1.97139;2.57713;3.39272;4.16012;5.16011;5.62932;6.23396;6.64968;7.41793;8.41775;9.41702;9.85766;10.6253;11.4382;12.2558;13.0258;13.8736;14.7545;15.6924;16.2062;16.6173;17.3059;18.2344;19.022;19.4705;19.8929;20.511;21","15;14.7625;14.801;14.7381;15.0856;15.0805;14.7823;14.6674;14.5364;13.9764;13.9953;13.957;14.086;14.3565;14.6362;14.971;15.4645;15.237;15.1347;15.0201;14.7583;14.407;14.7582;15.0699;15.0195;15.6381;15.6951;15.3675;15",7.75435,"0.35;0.05;0.6"
22.3411,1.03155,0.281558,"1;1.28985;2.00059;2.80981;3.78423;4.55712;5.29675;5.98731;6.72585;7.65762;8.53449;9.35575;9.8975;10.5158;11.0034;11.9424;12.3504;12.8812;13.5813;13.9508;14.751;15.4442;15.6488;16.2659;17.1854;17.8745;18.2742;18.9224;19.3946;20.0166;20.3374;21","15;14.9596;15.3946;15.2673;15.0425;15.1784;15.3331;15.6958;16.3014;16.6247;16.4618;16.9046;17.2866;17.3724;17.5698;17.6123;17.7274;17.2486;17.2783;17.6181;17.5795;17.2215;16.8407;16.0551;16.0742;15.8307;15.7305;15.9477;16.0703;15.8293;15.6718;15",8.07738,"0.35;0.1;0.55"
23.2173,1.00828,0.35052,"1;1.78411;2.53805;3.15331;3.73746;4.24004;4.67727;5.51339;6.08089;6.84897;7.30657;8.22111;9.21774;9.91263;10.1034;10.8286;11.7598;12.5715;13.324;13.8221;14.2252;15.1511;15.8429;16.4558;17.2571;17.6359;18.3149;18.9522;19.394;20.0924;20.7892;21","15;15.0635;15.25;14.9934;15.0203;14.4177;14.509;14.6227;15.1014;15.2825;15.6462;16.0507;15.9688;16.6879;16.8062;17.1208;17.4113;17.639;17.7236;17.8364;17.9431;18.266;18.5399;18.8956;18.7537;18.6242;17.9964;17.4465;16.5494;16.004;15.4698;15",8.45257,"0.35;0.15;0.5"
23.4433,1.31365,0.480952,"1;1.66928;1.83509;1.98742;2.98713;3.97428;4.86747;5.39159;6.30823;7.24517;8.19094;8.36873;9.34723;10.3282;10.6892;11.6302;12.3423;13.0716;13.6178;14.2697;15.135;15.7643;16.6289;17.2308;18.0352;18.8379;19.3849;19.7941;20.4241;20.8589;21","15;15.4003;15.7869;16.5474;16.5712;16.731;17.1807;18.0323;18.3934;18.736;19.0609;18.8507;18.8766;18.8953;18.5525;18.8908;18.8816;18.8909;18.5411;18.1702;18.0194;18.0617;18.0209;17.7833;17.1893;16.5929;16.3216;15.8841;15.8485;15.0709;15",8.68433,"0.35;0.2;0.45"
23.4396,1.12504,0.436253,"1;1.81365;2.56955;3.28121;4.27651;5.15737;5.89193;6.87361;7.8543;8.33685;9.02629;9.81572;10.6664;11.4851;12.2532;13.1475;13.6928;14.3058;15.1719;16.1081;16.736;17.4046;17.8056;18.3997;19.1769;19.6363;20.0926;20.3869;20.7706;21","15;15.5814;16.1209;16.5105;16.5673;16.9195;16.9935;16.803;16.6074;17.0686;17.4078;17.5279;17.8583;18.0429;18.6749;19.0984;18.874;18.7708;18.8189;18.5427;18.2412;18.532;18.7414;18.2617;17.9621;17.4462;16.8353;16.4755;15.552;15",8.65964,"0.35;0.25;0.4"
25.7086,1.00808,0.391485,"1;1.6947;2.54036;3.40524;4.1603;4.78836;5.60618;5.94642;6.8807;7.67218;8.15235;8.76389;8.97427;9.28882;10.1033;11.0055;11.4207;12.2365;12.9376;13.1597;13.9459;14.858;15.8051;16.7304;17.1097;18.0436;18.4599;19.452;20.2098;21.0269;21.5208;22.2745;22.0502;21.1017;21","15;15.0598;15.1278;15.6298;16.1322;16.1335;15.9311;15.8756;15.7823;15.7308;15.7668;16.0931;16.3684;16.2523;16.1956;16.627;16.6334;16.9106;17.4096;17.9463;18.5643;18.1543;18.2165;18.5843;18.4773;18.1336;18.152;18.2773;17.936;17.4343;16.9826;16.3253;15.3508;15.034;15",9.43744,"0.35;0.3;0.35"
23.0499,1.09491,0.290954,"1;1.82838;1.98869;2.81921;3.73226;4.4426;5.31452;5.92072;6.46333;6.81007;7.76718;8.24799;9.22398;9.66038;10.1758;10.76;11.5288;12.2038;12.506;13.1234;14.1203;15.0668;15.8589;16.6297;17.2965;18.2547;19.1643;19.7427;20.737;21","15;14.4398;14.5017;14.702;14.745;14.8333;14.8094;15.2598;15.9553;16.4257;16.3312;16.1533;16.1176;16.8706;17.5576;18.0285;18.2842;17.622;17.4742;17.2005;17.2786;17.09;16.6618;16.0763;15.8024;15.7317;15.5463;14.8649;14.9717;15",8.53797,"0.35;0.35;0.3"
22.8744,1.03418,0.236578,"1;1.95417;2.55452;3.46453;4.46442;5.35387;6.32936;6.94047;7.70174;8.03003;8.92596;9.44165;9.94437;10.7135;11.7135;12.694;13.6889;14.3711;15.0239;15.7082;16.5317;17.2718;18.1103;18.9738;19.4174;20.0031;20.5633;21","15;14.7007;14.8475;15.2559;15.2413;15.6983;15.4783;15.7919;15.6578;15.6655;15.2213;14.3645;13.5576;12.9303;12.9369;13.1334;13.2336;12.8191;12.4781;12.0745;12.5705;12.9787;13.3887;13.436;13.8816;14.3865;14.6005;15",8.47887,"0.35;0.4;0.25"
22.6149,1.04965,0.232812,"1;1.72045;2.67587;2.85031;3.76848;4.25804;5.25759;5.97758;6.73099;7.67254;8.5987;9.33711;9.93492;10.8369;11.6495;12.6407;13.1553;13.8239;14.4253;14.7488;15.4603;16.0657;16.3817;16.9088;17.322;18.0066;18.5837;19.1659;20.0809;21","15;15.2049;14.9131;14.8248;15.221;14.3491;14.379;14.7255;15.2205;14.8836;14.5065;14.2552;14.0289;13.7195;13.1688;13.1637;12.7104;12.8272;12.9035;13.0507;13.5581;14.0058;14.2074;14.6288;14.9218;14.761;14.2365;14.7055;14.6895;15",8.43411,"0.35;0.45;0.2"
22.239,1.32679,0.273601,"1;1.52748;2.44985;2.7334;3.59024;4.43692;5.24805;6.09896;6.67145;7.6298;8.59546;9.10349;10.081;10.8671;11.6161;12.099;12.9681;13.6847;14.6311;15.5642;16.3717;17.1764;17.906;18.6504;19.6026;20.0488;20.6168;21","15;15.8496;16.2359;16.4473;16.9141;16.7722;17.0872;17.1981;17.3653;17.4978;17.2583;17.5684;17.3574;17.2862;16.8043;16.5915;16.0968;15.3993;15.0764;14.7169;14.6884;14.4981;14.6802;14.4018;14.0964;14.6324;14.6581;15",8.4881,"0.35;0.5;0.15"
23.3338,0.996574,0.288339,"1;1.99734;2.98141;3.67748;4.46571;4.69877;5.38631;6.31833;7.16464;7.98407;8.72491;9.69099;10.269;10.9509;11.5926;11.9247;12.5248;13.0951;14.095;14.909;15.3123;16.0237;16.5956;16.9941;17.408;18.075;18.4272;19.0143;19.6542;20.2504;20.9681;21","15;14.9271;15.1048;14.7436;14.6095;14.3864;13.9528;14.0514;14.4803;14.6834;15.3551;15.6133;15.7473;15.5566;16.2516;16.4717;16.8911;17.4184;17.4304;17.5431;17.01;17.1228;17.2062;17.7422;17.7897;17.8778;17.5906;16.9703;16.2289;15.6298;15.2245;15",8.74379,"0.35;0.55;0.1"
22.6017,1.05565,0.254597,"1;1.89335;2.36714;2.91414;3.68908;4.44151;5.06797;6.06732;6.69871;7.37693;7.68934;8.42742;9.33681;10.3204;11.2229;11.969;12.2568;13.0471;13.8971;14.8089;15.7781;16.5345;16.9311;17.5583;18.2396;19.023;19.7838;20.1293;20.7426;21","15;14.5506;14.3316;14.3617;14.6181;14.7969;15.5764;15.5402;15.6981;16.0794;16.0991;16.2573;16.3345;16.1542;15.7234;15.6044;15.4984;15.3137;15.5833;15.8591;16.1051;16.7592;16.9391;16.3198;16.763;16.3786;16.6091;16.1212;15.3314;15",8.5567,"0.35;0.6;0.05"
22.6343,1.03684,0.268332,"1;1.94831;2.94822;3.58762;4.58762;5.58681;6.58626;7.51449;8.34902;8.76978;9.60922;10.4882;11.3215;11.8512;12.6861;13.5414;14.1731;14.8639;15.8224;16.5062;16.6973;17.41;18.1017;18.4305;19.1559;19.9022;20.8715;21","15;14.6826;14.6954;15.4643;15.4627;15.5029;15.4697;15.8418;16.3927;17.2999;17.1822;16.9535;16.5438;16.3592;16.826;16.551;16.5362;17.1529;17.1235;16.5418;16.1567;16.3693;16.018;15.8448;15.6744;15.1612;15.1221;15",8.59596,"0.35;0.65;0"
21.2761,1.11027,0.229788,"1;1.75763;2.75208;3.70917;4.69523;5.65838;6.6128;7.31662;8.1427;9.07642;9.77312;10.5603;10.8679;11.8672;12.7056;13.4669;14.361;14.9961;15.8179;16.0482;16.9679;17.7416;18.3503;18.7779;19.5844;20.2263;21","15;15.6527;15.7511;15.9868;16.1532;15.8842;15.6058;15.2337;14.8246;14.97;14.7768;14.5131;14.6149;14.6529;15.198;15.206;15.6295;15.4082;15.558;15.5274;15.9202;15.7571;15.9382;15.6996;15.5349;15.182;15",8.64832,"0.4;0;0.6"
22.629,1.15842,0.250988,"1;1.78106;2.50535;3.15221;3.63574;4.36982;5.29664;5.82619;6.7974;7.7295;8.51338;9.26221;10.262;11.2387;11.6154;12.6154;13.5978;14.5687;15.2287;16.1023;16.8204;17.4591;18.2062;19.1951;20.0001;20.7258;21","15;14.3755;14.5978;15.2359;15.4748;16.0724;15.9221;16.0819;15.8437;15.4815;14.8606;15.5233;15.5017;15.7162;16.6426;16.6391;16.8258;16.5863;16.2656;15.8029;15.4597;15.0338;14.7403;14.6185;15.0123;15.0413;15",9.24757,"0.4;0.05;0.55"
22.6338,1.06891,0.346509,"1;1.62001;2.42929;3.24182;3.95486;4.86796;5.80617;6.61057;7.58184;8.55956;9.15588;10.0922;10.8389;11.7226;12.6355;13.3705;14.2732;14.5944;15.4388;16.1522;16.8752;17.3268;17.8992;18.8992;19.6427;20.3799;20.8844;21","15;15.3097;15.8107;16.2188;16.361;16.6723;17.0183;17.6124;17.3744;17.5843;17.3486;17.4482;17.4078;17.206;17.3553;17.873;18.0542;18.0254;18.3057;18.5592;18.2737;17.8253;17.3271;17.3277;16.659;16.0515;15.6609;15",9.33368,"0.4;0.1;0.5"
24.0683,1.26729,0.324047,"1;1.69404;1.9519;2.74136;3.26267;4.1805;4.71883;4.89205;5.46859;6.17651;6.90797;7.67739;7.93264;8.92394;9.40449;10.3645;11.364;12.2337;12.9498;13.8413;14.7192;15.4893;16.3908;16.714;17.4958;18.0811;18.4341;19.2187;19.6351;20.1692;20.873;21","15;15.7199;15.9901;16.2169;16.7922;16.3952;17.2351;17.2955;17.9034;18.1337;17.7497;17.2367;16.6473;16.5275;16.7227;17.0025;16.9705;16.8722;16.9924;17.4387;17.4389;17.2843;17.423;17.4818;16.8583;16.0633;15.6511;15.0441;15.2366;15.8066;15.0961;15",9.96324,"0.4;0.15;0.45"
24.1124,1.03136,0.24815,"1;1.99787;2.51577;3.35722;3.61163;4.49879;5.48502;5.97692;6.95579;7.59056;8.50938;9.32933;9.73794;10.2726;11.0497;11.8334;12.6312;13.5497;13.6767;14.6305;15.6284;16.6255;17.4467;17.7261;18.141;18.795;19.4295;19.9796;20.0973;20.7239;21","15;14.9347;15.115;15.4605;15.6099;15.4728;15.5997;15.355;15.5093;15.5004;15.1064;14.6339;13.8732;13.0282;12.3987;11.7777;11.7452;11.7003;11.8023;11.5019;11.5667;11.4909;10.9202;10.9526;11.8212;12.5574;13.2962;13.522;13.6756;14.455;15",9.95051,"0.4;0.2;0.4"
21.4855,1.01414,0.223974,"1;1.70459;2.6118;3.06634;3.69181;4.66276;5.65442;6.41779;7.41529;7.59501;8.53338;9.07393;9.83631;10.4794;11.2517;11.8185;12.1835;12.8975;13.6992;14.5748;15.0683;15.7101;16.4716;17.4198;17.9225;18.8561;19.4889;20.3773;21","15;14.8199;14.774;15.1539;15.5196;15.2803;15.4092;14.7632;14.8338;14.8703;14.9065;14.7887;14.7501;14.6958;14.8385;14.8239;14.348;13.9793;13.7743;13.9746;14.0481;14.3359;14.7742;14.8352;15.1845;15.2981;14.7324;14.8892;15",8.92613,"0.4;0.25;0.35"
20.9608,1.01377,0.219476,"1;1.91162;2.80512;3.74209;4.5727;5.56368;6.56354;7.54384;7.8539;8.77121;9.74912;10.1837;10.8285;11.5397;12.3408;13.3391;14.3112;15.3096;16.2962;16.768;17.6753;18.2778;18.8327;19.558;19.8904;20.766;21","15;15.411;15.4766;15.4645;15.389;15.255;15.2385;15.0684;14.9661;14.9085;14.7676;14.5796;14.9362;15.0412;14.799;14.8564;14.6218;14.6782;14.8411;14.7869;14.7114;14.6869;14.058;14.3651;14.2714;14.7545;15",8.7543,"0.4;0.3;0.3"
21.2726,0.977175,0.222771,"1;1.99896;2.99239;3.94662;4.92239;5.52723;6.43922;7.42107;7.96646;8.50793;9.29737;9.53613;10.3993;11.2198;11.6879;12.0969;12.8233;13.7547;14.6053;15.3738;16.2247;17.1186;17.8603;18.6759;19.3747;19.8947;20.5769;21","15;14.9545;14.84;15.1391;15.0679;14.8416;14.4314;14.2417;14.1389;14.2917;14.6623;14.9467;14.4418;14.4076;14.7019;15.0725;15.1498;15.4133;15.1555;15.2389;15.1349;15.097;15.2336;14.9067;15.3;15.2782;15.4211;15",8.90676,"0.4;0.35;0.25"
22.211,1.08298,0.22777,"1;1.31102;2.1673;2.9115;3.80912;4.48001;5.07183;6.05428;7.04103;7.92141;8.45777;8.84614;9.25065;10.1919;10.9167;11.8231;12.75;13.474;14.4736;15.4701;16.4699;17.4698;18.129;19.1043;19.9804;20.8566;21","15;14.8184;14.421;14.0566;13.9137;13.224;12.7292;12.5427;12.7049;13.1792;13.4746;13.9552;14.2109;14.1425;14.8314;14.6014;14.5585;14.7778;14.8073;14.8904;14.9102;14.93;14.1781;13.957;14.4391;14.9211;15",9.36313,"0.4;0.4;0.2"
21.7172,1.07373,0.24138,"1;1.89314;2.67244;3.24854;4.09964;4.49303;5.25383;6.11363;6.98649;7.67783;8.34898;8.96308;9.76078;10.5565;10.9515;11.9504;12.5276;13.4297;14.418;15.3569;16.2329;16.9838;17.9655;18.9472;19.78;20.5685;21","15;15.4498;16.0764;15.9446;15.9251;16.0992;15.7036;15.922;15.9318;15.8609;15.4918;15.3676;15.1893;15.4822;15.5468;15.5949;16.2456;16.205;16.1304;16.4151;16.2613;15.779;15.5886;15.3982;15.9517;15.3366;15",9.20626,"0.4;0.45;0.15"
21.2763,1.12066,0.222016,"1;1.2541;2.22009;2.9585;3.8433;4.4646;5.26661;6.05257;6.50149;7.40832;7.62092;8.35043;9.34985;10.159;10.7607;11.6456;12.515;13.3668;13.668;14.4498;15.4486;16.4366;17.4326;18.4155;19.3283;20.2707;21","15;14.6776;14.8704;15.2031;15.215;14.8202;14.9782;15.1368;15.1813;14.8557;14.7933;15.4313;15.3973;15.1994;14.9892;15.0734;14.817;15.0557;14.8048;14.1814;14.1317;14.2862;14.3754;14.5048;14.4072;14.7414;15",9.09306,"0.4;0.5;0.1"
21.5819,1.13127,0.228787,"1;1.35581;2.0879;2.52725;3.14677;3.98764;4.30307;5.25551;5.84836;6.73562;7.68736;8.23055;9.04495;9.79819;10.1487;10.844;11.6188;12.5771;13.2245;14.0538;14.9468;15.8079;16.6267;17.2972;17.8824;18.6944;19.4123;20.3278;21","15;15.4068;15.4249;15.2322;15.4566;15.2262;14.9653;15.0081;15.0028;15.464;15.6523;16.1449;16.3128;15.8478;15.3318;15.2865;14.8998;14.7472;14.605;14.7255;14.762;14.5282;14.3898;14.7184;14.5974;14.3428;14.302;14.7045;15",9.26642,"0.4;0.55;0.05"
22.2702,1.01585,0.226947,"1;1.98153;2.922;3.87207;4.41359;5.13077;5.74169;6.49213;7.38898;8.20554;9.03539;9.67837;10.6672;11.6106;12.5395;13.2714;14.2226;15.2223;15.5014;16.4754;17.028;17.8289;18.5183;19.3577;20.2573;20.9098;21","15;14.8087;15.1486;14.8365;14.5421;14.0426;13.7397;13.5652;13.3238;13.019;13.1068;13.6069;13.6448;13.8894;14.1242;13.664;13.6252;13.6003;13.6633;13.4383;13.6514;13.8991;13.7614;13.2272;13.664;14.0251;15",9.51757,"0.4;0.6;0"
23.1182,1.28527,0.526589,"1;1.62753;2.21142;2.59014;2.98033;3.13121;3.86984;4.69283;5.60004;6.59826;7.34149;8.12113;8.56586;9.51909;10.5174;10.7447;11.6029;12.4705;13.1621;14.1274;14.8788;15.5605;16.5474;17.1318;17.4389;18.0143;18.8179;19.2267;20.1695;21","15;15.6082;15.8576;16.5087;17.1176;17.3515;18.0003;18.5684;18.9891;19.0487;19.1401;19.248;19.2797;18.9775;19.0347;18.9238;18.9907;18.6088;18.5032;18.4495;18.3675;17.8103;17.6489;16.8375;16.4606;15.9857;15.5278;15.196;14.8627;15",10.6928,"0.45;0;0.55"
21.567,1.02221,0.225376,"1;1.42596;2.04823;2.43893;3.14576;3.98418;4.78119;5.77881;6.49343;7.34964;7.86001;8.65488;8.82939;9.79411;10.1754;10.8188;11.188;12.127;12.6637;13.6139;14.5531;15.3115;16.1057;16.3543;16.7959;17.3441;18.0606;18.4489;19.3905;19.9437;20.9437;21","15;14.8525;15.021;14.8073;14.8463;15.1191;15.7128;15.6438;15.129;15.048;15.1747;14.7345;14.7014;14.7742;14.844;14.7007;14.8445;14.8135;14.1847;14.2838;14.1565;14.694;14.7054;14.7414;14.371;14.301;14.942;15.0045;15.0007;15.0112;15.0006;15",9.86897,"0.45;0.05;0.5"
21.8045,1.08645,0.279873,"1;1.81388;2.76842;3.66298;4.59121;5.12248;5.78139;6.14701;7.08833;8.07864;9.04006;9.96222;10.962;11.6076;12.3831;12.9097;13.656;14.6405;15.504;16.0333;16.9522;17.8375;18.4778;19.0651;19.5369;20.2532;20.9043;21","15;15.581;15.8791;15.9331;16.0151;15.9064;16.5959;16.6134;16.9509;16.812;17.0871;16.7003;16.6819;17.1322;17.5154;17.316;17.2409;17.0652;17.2179;17.3472;17.3296;17.0392;16.9218;16.5055;15.975;15.2795;15.0339;15",10.0466,"0.45;0.1;0.45"
23.6085,1.09859,0.260919,"1;1.8776;2.43919;3.42959;4.42923;5.39016;6.3664;7.33233;7.6447;8.38296;9.29459;9.50696;10.4391;11.3207;12.2389;12.7873;13.6674;14.1901;14.7179;15.5436;16.3631;17.2649;18.0527;18.7995;19.2784;19.4918;20.0332;20.1321;21.0661;21.5519;21","15;15.4574;16.0891;16.2273;16.2006;15.9631;15.7683;15.5782;15.6233;15.4679;15.442;15.5184;15.8146;16.1739;16.3115;16.3107;16.2529;16.3696;15.6072;15.868;15.6237;15.5016;15.431;15.9151;15.7787;14.9249;14.6459;14.4511;14.3058;14.9779;15",10.893,"0.45;0.15;0.4"
22.9246,1.02081,0.336698,"1;1.97745;2.57186;3.27173;4.0348;4.25987;5.12608;5.52161;6.23608;6.80022;7.56939;8.26931;9.22923;10.1157;10.8741;11.3018;12.2945;12.9233;13.8422;14.4087;14.9685;15.6677;16.0285;16.7333;17.1855;17.8524;18.7092;19.0229;19.7623;20.3602;20.7687;21","15;15.2112;15.4404;15.6167;16.2618;16.4345;16.5743;16.6899;17.1793;17.5112;17.8964;17.5107;17.6725;18.0011;18.3781;18.1896;18.1689;17.932;17.8693;18.0067;17.6956;17.0766;16.7983;16.3471;15.9034;15.9539;15.9259;16.0251;16.5135;16.4296;15.5168;15",10.6381,"0.45;0.2;0.35"
21.6435,1.08388,0.253512,"1;1.21684;2.01963;2.44183;3.28376;3.92536;4.73226;5.15756;5.78331;6.78018;7.75053;8.61699;9.56578;10.3485;10.7854;11.4127;12.0769;12.8022;13.7804;14.6553;15.3227;16.2507;17.1702;18.0312;18.2682;19.0626;19.5803;20.363;21","15;15.0355;15.486;16.0767;16.0866;16.154;16.3587;16.3052;16.783;16.704;16.4623;16.2118;16.4294;16.8106;17.0142;16.9906;16.8592;16.2326;16.3985;16.4044;15.7954;16.0157;16.1295;15.7147;15.519;15.1634;15.0372;14.9208;15",10.0866,"0.45;0.25;0.3"
21.9417,0.998184,0.235641,"1;1.97752;2.94493;3.58644;4.52642;5.19775;6.08766;6.71728;7.21003;7.75622;8.55568;9.17269;9.78164;10.333;11.0621;11.561;12.3457;13.0679;13.9565;14.2734;15.1418;16.0098;16.7251;17.5774;18.5553;18.9743;19.9635;20.3547;21","15;14.7892;14.5359;14.6103;14.6127;14.1531;14.3618;14.6196;14.6106;14.8234;14.7773;15.2545;15.7507;15.9917;16.1773;16.3965;16.6941;16.3937;16.5211;15.6911;15.1952;14.8822;14.6752;14.2691;14.4779;14.4416;14.4502;14.625;15",10.2321,"0.45;0.3;0.25"
22.8553,1.37271,0.357555,"1;1.41236;1.57568;2.39297;3.01071;3.54108;4.23509;4.86081;5.79945;6.74873;7.27656;8.21995;8.73339;9.51132;10.3797;11.2855;12.1426;12.5707;13.2833;13.7879;14.7281;15.6392;16.5819;17.4857;18.1379;19.0913;19.7709;20.2147;21","15;14.9626;15.9303;16.2138;16.2251;16.6278;16.7079;16.9409;17.2534;17.0126;17.747;17.7281;18.3621;18.1309;18.0861;18.0719;18.5324;18.5094;18.1905;18.1071;17.8371;17.425;17.0913;16.6635;15.9054;15.6038;15.6117;15.4148;15",10.8368,"0.45;0.35;0.2"
20.9448,0.993988,0.220808,"1;1.77135;2.71086;3.45671;3.65963;4.51799;5.33587;5.97555;6.3929;7.32292;8.1907;8.99042;9.63361;10.4111;11.098;11.7896;12.3852;13.114;14.0511;15.0202;15.9571;16.6359;17.4413;18.1119;18.9124;19.5314;20.068;20.6854;21","15;15.1216;15.2235;14.8843;14.7093;14.2033;14.4714;14.5142;14.5167;14.688;14.8872;14.7233;15.0642;15.3998;15.6945;15.651;15.6206;15.6024;15.2535;15.4206;15.4668;15.299;15.2271;14.9325;14.6328;14.6693;14.6375;15.032;15",9.85586,"0.45;0.4;0.15"
21.3159,1.00041,0.218989,"1;1.99136;2.87471;3.87277;4.68729;5.44159;5.82188;6.58077;7.55266;8.51416;9.50568;10.4548;11.1393;11.7955;12.5799;13.4899;14.4583;15.4389;16.3978;17.3912;18.2183;19.0544;19.9048;20.6511;21","15;14.8688;14.4001;14.4624;14.3669;14.091;13.7211;13.6479;13.4125;13.1377;13.2676;12.9526;13.6387;14.0765;14.6967;14.8184;14.9465;14.7509;14.4671;14.5821;14.4862;14.7804;14.8824;15.1481;15",10.0643,"0.45;0.45;0.1"
21.9448,1.06038,0.25068,"1;1.6959;2.3886;3.04397;3.71905;3.97212;4.97068;5.5287;6.46276;7.34675;7.48363;8.38416;8.88519;9.50725;10.1549;10.7337;11.0355;11.8483;12.4262;13.3548;14.0148;14.6514;15.437;16.1827;16.4203;17.3731;18.1515;18.7657;19.5042;20.4749;21","15;15.3288;15.5804;16.0616;16.3284;16.6376;16.5841;16.6074;16.5064;16.5153;16.5647;16.9995;17.0455;17.0937;16.7659;15.9504;15.6262;15.309;14.9722;14.601;14.9248;15.1323;15.068;15.2539;15.3279;15.4432;15.974;15.7123;15.3698;15.1298;15",10.4179,"0.45;0.5;0.05"
22.6865,1.01714,0.253462,"1;1.95795;2.9463;3.87794;4.43211;5.08066;5.81778;6.43734;7.20708;7.71384;8.28569;9.1064;10.0448;10.4337;11.2445;11.3699;12.2109;12.9838;13.5547;14.1115;14.4775;14.8221;15.2313;15.915;16.3699;16.69;17.6537;18.6478;19.6397;20.4857;21","15;14.7131;14.8652;15.2286;15.649;16.0927;16.3137;16.4011;16.6145;16.6899;16.7099;16.781;16.5838;16.4413;16.4881;16.0899;15.5488;15.2174;15.6037;16.1666;16.191;15.821;15.3998;14.6844;14.6765;15.3823;15.3634;15.2554;15.1279;14.7089;15",10.7683,"0.45;0.55;0"
21.7936,1.01986,0.227509,"1;1.99878;2.89395;3.56897;4.07693;4.67217;5.10501;6.10459;6.94101;7.68126;8.33239;9.29168;10.2024;10.9232;11.7701;12.7314;13.4599;13.9605;14.8339;15.2055;15.9985;16.7753;17.3316;18.2887;18.6868;19.6455;20.2984;21","15;15.0495;15.4952;15.0186;15.185;15.6979;15.4958;15.4666;15.1303;14.4933;14.0815;13.8594;13.7898;13.8731;14.3684;14.4759;14.915;14.7092;14.8171;14.6659;14.6621;15.1854;14.6299;14.9194;14.7874;15.0129;14.9804;15",11.0106,"0.5;0;0.5"
21.9312,0.990551,0.228332,"1;1.7733;2.74276;3.6098;4.4579;4.86474;5.44667;6.30559;7.30269;8.29422;9.17355;9.72048;10.7204;11.6921;12.6919;13.0499;13.8831;14.3494;15.0157;15.9523;16.7026;17.3936;17.4171;18.2938;18.8459;19.7323;20.2936;20.9681;21","15;15.1883;15.2784;15.4095;15.2427;15.0937;15.0932;14.5811;14.505;14.3752;13.899;14.1439;14.1585;13.9225;13.9016;13.8787;14.3822;14.621;14.9304;15.2632;15.8762;15.3627;15.1764;14.6954;14.2575;14.3219;14.2462;14.9013;15",11.1179,"0.5;0.05;0.45"
21.9501,1.04868,0.265767,"1;1.62354;2.14473;2.9937;3.56357;3.99247;4.9469;5.92386;6.91521;7.74812;8.74608;9.23315;10.1348;11.0432;11.9076;12.5504;13.5228;14.5128;15.386;15.8;16.533;17.4703;18.4112;18.9056;19.8952;20.5148;21","15;15.3869;15.5759;15.53;15.4171;15.3395;15.6379;15.4245;15.2933;15.8467;15.7829;16.0236;16.3463;16.6241;16.8263;17.1388;17.3723;17.2309;17.1222;16.9761;16.8595;16.9715;17.1247;16.2554;16.3994;15.6145;15",11.1862,"0.5;0.1;0.4"
23.2762,1.07331,0.255912,"1;1.76805;2.66506;3.66421;4.66312;5.47011;6.23122;7.17467;8.17407;9.10938;10.021;10.7215;11.613;12.609;13.5776;14.5391;15.3696;16.1801;16.9048;17.6159;18.3784;19.2814;19.8968;20.6;20.6274;21.0709;21","15;14.4937;14.2322;14.1909;14.2375;13.6469;14.0989;14.3636;14.3983;14.5383;14.362;13.9862;14.4281;14.3381;14.5867;14.8616;15.4186;15.5189;16.1576;16.5849;17.1347;17.4052;17.0081;16.7705;16.1778;15.5849;15",11.8887,"0.5;0.15;0.35"
21.5663,1.11975,0.264484,"1;1.75043;2.71882;3.71758;4.68425;5.60671;6.57084;7.00692;7.68055;8.45285;8.91895;9.90692;10.8869;11.8668;12.8468;13.773;14.591;15.136;16.0828;16.3774;17.2261;17.957;18.5403;19.1666;20.1193;20.6905;21","15;15.6609;15.9104;15.8607;16.1167;16.5028;16.7682;16.8699;17.0971;17.4677;17.4104;17.2558;17.0565;16.8572;16.658;16.2811;16.4744;16.4829;16.6805;16.9229;16.394;15.9011;15.5424;15.0252;14.7749;14.7303;15",11.0864,"0.5;0.2;0.3"
21.4859,1.06246,0.222839,"1;1.8723;2.84471;3.81438;4.62532;5.28255;5.52976;6.07952;7.07632;7.88461;8.75716;9.04656;9.90785;10.416;11.4099;12.2721;13.2281;14.1946;14.8436;15.4872;16.2442;17.1316;17.9706;18.931;19.9131;20.9106;21","15;15.489;15.2557;15.2157;14.7833;14.2886;13.9598;13.4367;13.3568;13.0918;13.2235;13.3015;13.6087;13.8198;13.9306;14.4371;14.7307;14.4741;14.5871;14.6734;15.145;15.0141;15.1185;15.3969;15.2085;15.137;15",11.0643,"0.5;0.25;0.25"
21.973,1.19953,0.24942,"1;1.78559;2.13093;3.12286;3.97218;4.72807;5.57869;6.16791;6.99841;7.83008;8.68567;9.09379;9.73332;10.3552;11.0161;11.7631;12.7631;13.3251;14.072;14.6277;15.1789;15.9124;16.7773;17.6121;18.3693;18.7575;19.421;20.1769;21","15;15.5424;16.3302;16.2034;16.2878;16.3876;16.3157;16.2438;15.8833;15.7237;15.4644;15.2506;14.777;14.8802;15.4046;15.7697;15.7613;16.0097;16.5979;16.6533;16.8088;16.6714;16.4075;16.1289;16.013;15.8111;15.4457;15.4595;15",11.3962,"0.5;0.3;0.2"
21.6476,0.986937,0.223271,"1;1.92312;2.74657;3.72091;4.21957;5.01984;5.95029;6.86158;7.39012;8.30611;9.00503;9.78614;10.2775;11.196;12.135;12.7554;13.3472;13.6607;14.441;15.441;16.3536;17.0572;17.9204;18.556;19.4274;19.6359;20.5112;21","15;14.9243;15.1839;14.9588;14.8008;14.7852;14.631;14.8214;14.5656;14.4837;14.6895;14.3453;13.8784;13.6471;13.5572;13.6806;14.1701;14.7291;14.9588;14.9651;14.5563;14.0911;13.8182;13.7492;14.07;14.2463;14.7299;15",11.2027,"0.5;0.35;0.15"
22.9723,1.0219,0.233129,"1;1.20231;2.03679;2.51073;3.342;4.0811;4.78667;5.70132;6.50386;7.48795;8.22829;8.94579;9.90189;10.8679;11.4424;12.3054;12.7836;13.6686;14.0248;14.7181;15.3474;16.2467;17.1297;17.9169;18.452;19.1947;19.7301;20.4667;21.0941;21.3728;21","15;14.923;14.7523;14.6123;14.3105;14.3772;14.5122;14.252;13.8944;13.7167;13.0445;12.3479;12.6409;12.8994;12.7033;12.5271;12.3517;12.3476;12.6203;12.9341;13.2906;13.3955;13.3645;13.6663;13.8494;13.2833;13.3663;13.7357;13.9418;14.606;15",11.9182,"0.5;0.4;0.1"
27.3336,1.21118,2.19831,"1;1.61253;2.07902;2.8673;3.56034;3.67713;4.67593;5.121;5.14097;5.96228;6.32209;6.56967;7.14733;7.84696;8.61918;9.37383;10.0925;10.7378;11.4236;12.0834;13.0485;13.9174;14.6741;14.8128;15.7293;16.6934;17.6933;18.0817;18.5134;18.8512;19.2227;19.4982;20.308;20.9901;21","15;15.3972;15.6946;16.0944;16.6439;17.0423;16.9933;17.8888;18.8886;19.4591;19.9223;20.5918;20.6697;20.6673;20.8809;21.2056;21.157;21.095;21.0397;21.4262;21.4237;21.6714;21.5882;20.7659;20.3658;20.1004;20.0921;19.1707;18.6836;17.8795;17.3119;16.3602;16.0111;15.3569;15",14.3218,"0.5;0.45;0.05"
24.0154,1.24451,0.432352,"1;1.35644;1.9058;2.45672;3.42317;4.18685;5.07854;5.98873;6.80276;7.6969;8.69097;9.39607;9.98733;10.7424;11.3967;11.8016;12.7141;13.6327;14.5098;15.403;15.9775;16.7652;17.0845;18.0809;18.931;19.3512;20.2018;20.8958;21.1782;21.256;21","15;15.5935;15.6411;15.7115;15.9683;16.4447;16.859;17.1162;17.697;18.1448;18.2535;18.9626;19.0373;18.9652;18.7055;18.4067;17.9978;18.3929;17.9125;17.4629;17.1395;17.6031;17.7026;17.7877;17.8281;17.7289;17.2552;16.5566;15.725;15.5779;15",12.63,"0.5;0.5;0"
22.3137,1.03153,0.260882,"1;1.7408;2.53176;2.75847;3.65946;4.53206;5.08009;5.79357;6.38975;7.38817;8.22858;8.80581;9.71692;10.6985;11.2199;12.0155;12.9265;13.3535;14.3165;15.0107;15.9598;16.742;17.557;18.5026;19.097;19.796;20.5041;21","15;15.2353;14.7655;14.9533;15.079;15.0123;15.1409;15.3494;15.5257;15.5819;16.0893;15.5838;15.8451;15.7085;15.8033;16.0395;15.8672;16.6836;16.7919;16.7379;16.8576;16.9995;17.4264;17.1305;16.9249;16.23;15.8026;15",12.39,"0.55;0;0.45"
23.7417,1.63562,0.477884,"1;1.32766;1.66309;2.27672;2.6334;3.4385;4.19746;5.02646;5.84951;6.27136;7.19646;7.74297;8.66208;9.4963;10.3909;11.0079;11.3015;12.0804;12.9706;13.5434;14.4846;14.9514;15.6767;16.6409;17.486;18.4426;18.8698;19.8499;20.7345;21","15;15.9448;16.1779;16.6633;17.3545;17.7463;17.994;18.011;18.0131;18.0475;17.9965;17.8536;17.9138;18.4134;18.722;18.7407;19.2;19.5635;19.108;18.3558;18.1816;18.1978;17.5871;17.3444;16.9001;16.7358;16.065;16.0455;15.5806;15",13.3309,"0.55;0.05;0.4"
22.6238,1.00901,0.234769,"1;1.98181;2.57529;3.26602;3.70766;4.67826;5.12176;5.87057;6.35041;7.214;7.38425;8.07256;8.49761;9.39418;10.287;10.6723;11.3255;11.9966;12.8209;13.7914;14.7486;15.4901;16.1817;16.8616;17.5166;18.2186;18.6299;19.3101;20.1555;21","15;15.1899;15.2654;15.0302;14.8473;14.8878;14.6898;14.8757;14.1008;13.8955;14.1377;14.6508;14.9172;14.9652;14.9991;15.0409;14.8481;14.4017;13.9097;13.6689;13.3794;13.8017;13.8929;13.9856;14.5752;15.1705;15.7904;15.0727;14.84;15",12.6262,"0.55;0.1;0.35"
22.7405,1.0942,0.305252,"1;1.96359;2.53206;3.18663;3.4913;4.44078;5.43939;6.369;7.33054;8.14852;8.99155;9.18164;9.99644;10.7172;11.6354;12.6061;13.5908;14.4574;14.6651;15.2798;15.9677;16.5505;16.7133;17.1674;17.9931;18.915;19.5985;20.5663;21","15;15.2132;15.3984;16.1544;17.1069;16.7931;16.7404;16.9092;17.0256;17.0895;17.1298;17.3257;17.2553;17.4947;17.8907;18.1313;17.9571;17.4582;17.4287;16.8294;16.6005;16.1481;16.1484;15.2575;14.6933;14.7123;14.7436;14.8792;15",12.763,"0.55;0.15;0.3"
21.3102,1.15185,0.229358,"1;1.69864;2.69856;3.69777;4.6815;5.56224;6.46533;7.2583;8.14509;9.14455;9.71081;10.099;10.9503;11.5291;11.9133;12.5097;13.5088;14.0727;14.9432;15.4591;16.3261;16.7321;17.6263;18.5644;19.4998;19.9018;20.7271;21","15;15.7155;15.728;15.6883;15.5086;15.9205;16.2578;15.8107;15.4241;15.3911;15.4878;15.6896;16.0111;15.4642;15.2833;15.1254;15.0827;15.0621;14.9428;14.6919;14.6705;14.8124;15.132;15.0906;14.8285;14.7463;15.0404;15",12.0083,"0.55;0.2;0.25"
25.2868,1.02254,0.311278,"1;1.86034;2.61738;3.05377;3.67273;4.26396;5.05312;6.01333;6.9656;7.66126;8.04658;8.88321;9.3488;10.1939;11.0009;11.8581;12.7394;13.4976;14.1919;15.1828;15.894;16.8326;17.4739;18.4019;18.7275;19.3077;19.6844;20.3067;21.253;21.1407;21.0285;21","15;15.0933;14.6364;14.546;14.3438;14.0982;14.4531;14.6758;14.7413;15.0173;15.2485;15.6185;16.343;16.8777;17.4682;16.9533;16.6274;16.1055;16.8252;16.9597;16.4674;16.6738;17.0501;16.9211;16.8109;17.6074;17.7775;17.5626;17.2392;16.2455;15.2519;15",14.2256,"0.55;0.25;0.2"
23.6542,1.20004,0.374916,"1;1.83658;2.83569;3.22211;3.75489;4.48575;4.81569;5.5564;6.34977;7.31527;8.09584;9.02794;9.86799;10.6978;11.6237;12.6218;13.5333;14.5333;15.437;16.0165;16.6784;17.4487;18.1944;19.0706;19.2986;20.1464;20.4942;21","15;14.4522;14.4944;15.4167;16.2629;16.9211;17.4729;17.9683;18.2366;17.9762;17.3511;17.7133;18.2558;18.2697;18.4155;18.4782;18.0669;18.0641;17.6359;16.8752;16.4238;16.5052;16.1762;15.9675;15.845;15.5601;15.5954;15",13.426,"0.55;0.3;0.15"
21.1571,1.12596,0.224369,"1;1.4728;2.43865;2.45416;3.44278;3.81161;4.76585;4.94889;5.79603;6.3654;7.22245;7.73442;8.63509;9.5599;10.351;10.8104;11.6402;12.4021;13.1244;14.0978;14.7666;15.4941;16.1963;17.1645;18.0317;18.8972;19.4923;20.4453;21","15;14.5128;14.6388;14.7222;14.8726;14.9686;14.9506;15.2075;15.0175;15.1354;15.1549;15.1696;15.0242;14.8779;15.1287;15.3588;15.5653;15.9283;15.8075;15.6666;15.4051;15.4054;15.4134;15.418;14.92;14.6541;15.16;14.9301;15",12.0529,"0.55;0.35;0.1"
22.9225,0.992548,0.254207,"1;1.53144;2.36408;2.81643;3.44228;4.34447;4.69609;5.4596;6.44856;7.39351;7.81414;8.52002;9.51337;10.0931;10.3005;11.0163;11.9808;12.6053;12.9949;13.4679;14.4678;15.2694;16.0826;16.582;17.5458;17.8349;18.7992;19.5319;20.1753;20.4816;21","15;15.0642;15.0715;15.2189;15.2661;15.128;14.9592;14.3134;14.1652;13.838;13.944;14.5979;14.5871;15.1957;15.3077;15.5769;15.7708;15.7889;16.3505;16.9309;16.9409;16.3429;15.9861;16.1159;16.1624;16.1613;15.964;16.6446;15.8791;15.7272;15",13.0171,"0.55;0.4;0.05"
24.2478,1.37147,0.353846,"1;1.51232;2.30592;3.22872;3.73918;4.19801;5.01608;5.99812;6.96471;7.96412;8.82959;9.82761;10.7077;11.6199;12.6141;13.6135;14.5955;14.807;15.7356;16.2564;16.828;17.1367;17.5093;18.4213;19.186;20.0496;20.3393;20.629;20.9188;21","15;15.8588;16.4672;16.8525;17.2166;17.3123;17.4389;17.2502;16.9938;16.9595;16.4585;16.428;16.4909;16.9005;16.7921;16.8268;17.0152;17.0007;17.0118;17.1627;17.4689;18.2454;18.203;18.4846;18.2779;18.1397;17.1826;16.2255;15.2684;15",13.9535,"0.55;0.45;0"
21.3335,1.1521,0.223238,"1;1.30036;1.84546;2.32102;3.07716;4.03295;4.41032;4.62826;5.31961;5.95031;6.94982;7.94932;8.75395;9.69741;10.6838;11.6807;12.6806;13.5226;14.491;15.4115;16.3514;17.2072;18.088;19.0877;19.7349;20.4624;21","15;14.7489;14.2424;14.5179;14.4732;14.4451;14.2849;14.6074;14.9318;14.5272;14.5586;14.59;15.1838;14.8523;15.0167;15.0958;15.0855;15.625;15.3756;15.3001;15.192;14.8937;14.9294;14.9537;15.1082;14.9089;15",12.8894,"0.6;0;0.4"
21.696,1.01508,0.238444,"1;1.98148;2.87913;3.45224;4.21915;4.62594;5.52648;5.89712;6.58588;7.55614;8.53959;9.53944;10.3798;10.7733;11.4764;12.4279;13.2819;14.174;14.9682;15.7005;16.3378;16.746;17.6903;18.6268;18.8644;19.7802;20.6885;21","15;15.1915;15.6323;15.9536;16.4425;16.4098;16.4702;16.4353;16.286;16.4475;16.3006;16.2835;16.2709;16.2872;15.6255;15.318;14.7976;14.7244;14.777;14.7321;14.6841;14.7546;14.9156;14.7383;14.0228;14.2404;14.6103;15",13.1518,"0.6;0.05;0.35"
21.8361,1.2381,0.240069,"1;1.59655;2.02519;2.98408;3.90629;4.68049;5.56071;6.02248;6.98353;7.80558;8.55789;9.39644;10.3167;11.0997;12.0995;12.9594;13.9561;14.7373;15.6455;16.0857;17.0855;17.9577;18.9427;19.9355;20.1816;21","15;15.8026;15.8289;15.9762;16.2404;15.8322;15.487;15.7565;15.6413;16.1409;16.4308;16.45;16.5219;16.1467;16.164;15.6534;15.5724;14.9774;14.871;14.6627;14.646;14.1569;14.3295;14.2099;14.6005;15",13.2975,"0.6;0.1;0.3"
22.9231,1.08474,0.245827,"1;1.54072;2.21686;2.83996;3.15298;3.86895;4.49987;5.15986;5.62368;6.50092;6.70633;7.53154;7.8537;8.53953;9.31805;10.0783;10.4587;11.3333;12.0803;12.8429;13.4588;14.0882;14.7782;15.6517;16.6278;17.5962;18.4481;19.3634;20.0311;20.6704;21","15;15.3046;15.703;15.8254;15.7063;16.0724;15.9819;16.0986;15.9234;15.6868;15.6276;15.8026;15.3885;15.9734;16.2596;16.106;16.2312;16.0421;15.6079;15.3745;14.6726;14.051;13.3273;12.8404;12.623;12.8721;13.3959;13.7412;13.8344;14.6034;15",13.978,"0.6;0.15;0.25"
22.5701,1.09334,0.247974,"1;1.64116;2.33377;3.30022;4.15199;5.14405;6.11602;6.23427;7.17779;7.8383;8.532;9.43935;10.4061;11.3462;12.3246;13.2534;14.243;14.887;15.6465;16.0891;16.9249;17.4208;18.4179;19.3073;20.267;20.8464;21","15;15.373;15.8401;16.097;15.5731;15.4473;15.2122;15.1414;15.4329;15.8895;16.6097;16.1894;15.9336;16.2746;16.0678;16.4382;16.2939;15.5288;14.8783;15.1591;14.6956;14.5559;14.6324;14.1752;14.17;14.8685;15",13.8103,"0.6;0.2;0.2"
23.1899,1.02183,0.27996,"1;1.98412;2.95116;3.95115;4.84782;5.64596;6.53342;7.07959;7.39948;8.37389;9.01949;9.57383;10.214;11.0156;11.7893;12.5881;12.5271;13.5153;13.6602;14.5232;15.4258;16.3931;17.3213;18.2819;19.1757;20.1716;21","15;15.1775;14.9229;14.9271;15.3698;15.9723;16.4332;17.2315;18.1373;17.9126;17.2229;16.9383;16.5098;16.2269;15.8159;16.086;15.5449;15.3919;15.3281;15.6484;15.9957;15.9829;16.0647;15.7867;15.3382;15.2483;15",14.2114,"0.6;0.25;0.15"
21.1694,1.11819,0.239699,"1;1.7297;2.62958;3.59737;4.39579;5.3724;6.36437;7.26463;8.26116;9.19425;10.1941;11.185;12.0568;12.7424;13.5393;14.0791;15.0588;15.9778;16.9541;17.2993;18.0829;18.9565;19.4458;19.8926;20.8586;21","15;15.6371;15.9714;16.1413;16.0945;16.3095;16.436;16.0006;16.0838;16.4434;16.4623;16.3282;15.8383;15.7146;15.8502;15.9333;16.0291;15.7998;15.8645;15.9444;16.0495;15.7245;15.6462;14.9797;15.0584;15",13.0611,"0.6;0.3;0.1"
21.6078,1.04644,0.228816,"1;1.7283;2.60809;2.87933;3.73714;4.72056;5.64372;6.50816;7.49514;8.49461;9.39921;10.37;11.3697;12.3123;13.1324;14.1129;15.0652;15.6378;16.211;16.9488;17.7352;18.7352;19.1869;19.9379;20.5683;21","15;15.3476;15.7363;15.8969;15.9026;15.7213;16.1057;15.603;15.4422;15.4094;14.9832;14.7433;14.7675;14.4336;15.0059;15.2021;14.8968;14.5065;14.1306;13.8986;13.9366;13.9312;14.1619;14.7739;15.2141;15",13.3424,"0.6;0.35;0.05"
22.6133,1.01579,0.263918,"1;1.98673;2.59838;3.54254;4.1747;4.76123;5.37127;5.55998;6.35936;6.90248;7.58912;8.25287;9.11258;9.69958;10.2518;11.1603;12.0263;12.1776;12.311;13.222;14.0894;14.8099;15.6294;16.1812;16.9679;17.797;18.0044;18.8685;19.6033;20.1052;21","15;15.1624;15.4519;15.5772;15.7904;15.9234;16.4737;16.6692;17.27;17.5508;17.5055;17.3772;16.9596;16.85;16.696;16.9355;16.4355;16.3227;15.3645;15.0652;14.7806;14.6594;14.6539;14.3559;14.0202;14.1021;14.1799;14.3227;14.3876;15.1815;15",13.9743,"0.6;0.4;0"
22.4061,1.03779,0.302593,"1;1.9574;2.79074;3.75418;4.15142;4.79105;5.69008;6.26165;7.20948;7.8883;8.88657;9.39192;10.1926;10.7645;11.0001;11.7597;12.7105;13.2451;14.229;15.1566;15.7305;16.6794;17.6437;18.6268;19.3116;19.9963;20.681;21","15;15.2888;15.8415;16.1094;15.7269;15.8914;16.0449;16.4834;16.598;16.1511;16.2099;16.0757;16.3778;16.7318;16.9203;17.5481;17.5709;17.4027;17.5743;17.8537;17.933;17.8942;17.7088;17.526;16.7972;16.0683;15.3395;15",14.6699,"0.65;0;0.35"
24.4399,1.42642,0.292875,"1;1.39902;2.16363;3.12254;3.64443;4.49678;5.00215;5.95394;6.55403;7.20775;7.61858;8.57045;9.12584;9.9117;10.8952;11.8701;12.6469;12.8618;13.7366;14.7016;15.544;16.3798;17.2965;18.2238;18.5848;19.2215;20.0314;20.2263;21.0748;21.5535;21","15;15.9169;15.9215;15.9271;15.64;15.5092;15.8042;15.912;16.2656;16.7802;17.5271;17.7726;17.2538;17.042;16.8609;16.6386;16.0087;15.8649;15.9841;15.9704;15.6528;15.859;15.655;15.4372;15.8566;16.3828;16.2244;16.5192;16.1079;15.5244;15",16.0451,"0.65;0.05;0.3"
22.0639,0.991815,0.230667,"1;1.74214;2.71968;3.4376;4.35697;4.64715;5.60095;6.48224;7.48185;8.18001;9.08662;9.90634;10.8783;11.8665;12.855;13.806;14.6541;15.0443;15.7785;16.6181;17.0052;17.6516;18.2739;19.0869;19.9621;20.0808;21","15;15.1606;15.183;15.305;15.4445;15.4336;15.7341;15.2615;15.2335;14.5176;14.4091;14.7118;14.9468;14.7935;14.9449;14.6356;15.0616;15.234;14.9441;14.4442;13.7285;13.8122;14.1424;14.226;14.178;14.8148;15",14.4984,"0.65;0.1;0.25"
21.9604,1.14786,0.223333,"1;1.72522;2.59434;3.47612;4.45421;5.22627;6.06603;6.94445;7.75344;8.67147;9.0296;9.6354;10.3441;11.0258;11.8242;12.7382;13.4787;14.2224;15.0547;15.8351;16.6448;17.1194;17.8449;18.1519;18.8721;19.481;20.2417;21","15;14.3115;14.4028;14.4624;14.4788;13.848;13.6491;13.2664;13.1373;13.0078;13.115;13.4749;13.4695;12.7918;13.0556;12.8611;12.7292;13.1864;13.0157;12.8385;12.9872;13.4391;13.6723;14.0878;14.4774;14.8666;15.1046;15",14.4911,"0.65;0.15;0.2"
22.4609,1.01403,0.296477,"1;1.9941;2.83323;3.62564;4.26789;5.10871;5.72859;6.41146;6.87459;7.56517;8.38502;9.37835;10.2865;10.9642;11.4983;12.3173;13.2896;13.3666;14.2937;15.0757;15.9874;16.8445;17.7042;18.1101;18.946;19.6192;20.3951;20.893;21","15;15.1085;15.416;15.9955;16.4674;16.947;16.9547;16.6893;16.7254;16.3457;16.0475;16.1062;16.2184;16.6109;16.5092;17.083;17.3169;17.4175;17.569;17.7825;17.5423;17.7367;17.737;17.311;17.1509;16.714;16.2594;15.3922;15",14.8468,"0.65;0.2;0.15"
21.8179,0.997849,0.226533,"1;1.8624;2.51245;3.17762;4.17754;5.1123;5.46421;6.28886;6.50313;7.41168;8.26257;9.262;10.1413;11.0556;11.792;12.7113;13.5826;14.2559;15.0691;15.9569;16.6282;17.4815;17.9147;18.6483;19.628;20.4628;21","15;15.1507;15.0889;15.231;15.218;15.5733;15.9519;15.7394;15.5848;15.2487;14.7234;14.7572;14.2809;13.8758;14.5523;14.2832;14.0129;13.7999;13.7211;13.4169;13.1368;13.2864;13.4857;13.865;13.9851;14.2614;15",14.4538,"0.65;0.25;0.1"
25.6277,1.05631,1.11429,"1;1.78811;2.74251;2.87866;3.85805;4.76133;5.55494;5.83085;6.77512;7.20227;7.63165;8.07099;8.56311;9.30531;10.1524;11.0246;11.8942;12.5739;13.3712;14.1465;15.0204;15.9143;16.717;17.1257;17.9795;18.6156;19.3573;19.7567;20.1561;20.3117;20.7505;21","15;15.4131;15.5711;15.5503;15.3483;15.6709;15.9961;16.1911;16.0141;16.2624;16.5355;17.2685;18.0352;18.3422;18.6508;18.9954;19.237;19.9122;20.1747;20.1672;20.6534;20.8209;21.2505;20.719;20.2127;19.4412;18.7704;17.8536;16.9368;16.1099;15.3683;15",17.0306,"0.65;0.3;0.05"
22.0885,1.07042,0.293098,"1;1.94625;2.25557;2.77184;3.31136;4.07131;4.50834;5.34992;5.89129;6.43;7.36965;7.70781;8.70777;9.37044;10.3456;10.6125;11.5754;11.6736;12.4466;13.3538;14.2248;14.5475;15.3637;16.2335;16.6611;17.4505;18.0052;18.8967;19.138;20.0295;21","15;15.3234;15.4353;16.0695;16.397;16.8747;16.893;16.9611;16.9348;17.2648;17.3263;17.7694;17.76;17.673;17.8549;17.9109;17.6411;17.556;17.0527;16.684;16.7969;16.7673;16.2818;16.0216;15.6103;15.7397;15.9257;16.1078;15.5601;15.2384;15",14.7321,"0.65;0.35;0"
23.7235,1.03321,0.311829,"1;1.96896;2.8959;3.44743;4.43687;5.19651;6.15867;6.74322;7.25097;7.94245;8.47981;9.25921;10.2548;10.6596;10.97;11.8456;12.805;13.7069;14.2905;14.8682;15.342;16.3252;17.1345;17.9244;18.6294;19.3837;20.1935;20.8353;20.9324;20.8937;21","15;15.2472;15.5809;16.1878;16.2862;16.8102;17.0826;17.106;16.9959;16.7069;16.4636;15.8371;15.9306;16.3073;16.7104;16.8576;17.0017;17.4336;17.2804;17.0065;16.8912;16.8907;17.464;17.4619;17.5929;17.9303;17.3437;16.5768;16.0144;15.4482;15",16.7,"0.7;0;0.3"
22.5455,1.03306,0.456986,"1;1.97715;2.90088;3.83776;4.37748;5.13577;6.02978;6.65276;7.4985;8.44017;9.14484;10.1439;11.0026;11.7423;12.7417;13.7415;14.6127;15.483;16.2942;17.1756;18.1525;19.0028;19.8627;20.5994;21","15;15.2126;15.5956;15.9452;16.7871;16.8518;17.15;17.8932;17.9953;18.3071;18.902;18.9459;19.093;19.1451;19.111;19.0913;18.6003;18.1078;17.5231;17.0505;16.8372;16.3237;16.1543;15.4781;15",15.9478,"0.7;0.05;0.25"
22.9972,1.03778,0.23848,"1;1.98229;2.89791;3.84566;4.53075;5.01493;5.61455;6.48994;6.99085;7.82354;8.48643;9.47741;10.279;11.134;11.8169;12.5023;13.0108;13.8654;14.3974;15.2406;15.7586;16.018;16.913;17.7499;18.6183;19.3653;19.6361;20.5784;21","15;15.1874;14.7854;15.1044;15.8328;16.0209;16.0751;15.7211;14.9304;14.4217;14.0394;14.1734;13.9415;13.5348;12.8747;13.0876;13.3515;13.7621;13.3337;13.3119;13.544;14.0441;14.3788;14.2018;14.0961;14.0066;14.4287;14.3865;15",16.2495,"0.7;0.1;0.2"
22.8525,1.07037,0.245179,"1;1.17714;2.06665;2.66124;2.86245;3.51536;4.23966;5.09158;5.87418;6.45397;7.24887;8.1971;9.00331;9.57633;10.1495;11.0438;11.9151;12.5758;13.2777;13.8713;14.712;15.6667;16.6384;17.1396;18.0267;18.8188;19.4239;20.282;20.7782;21","15;14.946;14.7322;15.0019;14.9362;15.6936;16.3831;16.8415;16.6037;16.4332;16.2845;15.993;16.0461;15.742;15.3682;14.9208;14.43;14.0384;13.8663;13.3265;13.2519;12.9544;13.0265;12.734;12.8188;13.3778;13.7277;13.7438;14.612;15",16.1941,"0.7;0.15;0.15"
22.4139,1.08207,0.326962,"1;1.99995;2.23191;2.84047;3.36016;4.21852;4.87689;5.25656;6.11544;6.85464;7.26292;7.83981;8.71594;9.69559;10.4985;11.4733;12.4732;13.4669;14.2961;15.2361;16.1862;16.8541;17.565;18.5122;19.4594;20.4561;21","15;15.0103;15.0059;15.7207;16.4353;16.9483;17.6254;17.8297;18.0404;18.1703;18.1858;17.9987;17.5166;17.3159;17.895;17.7014;17.7138;17.6014;17.2395;17.0682;17.1462;16.866;16.1627;15.8421;15.5215;15.6035;15",15.9388,"0.7;0.2;0.1"
22.2929,0.99512,0.237604,"1;1.971;2.86608;3.61322;4.18287;4.61748;5.39056;6.19151;6.97011;7.89033;8.38002;9.36419;9.89811;10.5362;11.2508;12.0888;13.0839;13.8597;14.6566;15.4092;15.7271;16.5287;16.9834;17.543;18.1766;18.9266;19.8725;20.4445;20.8318;21","15;14.7609;14.7907;15.0519;15.0203;15.2259;14.8212;14.6012;14.2309;14.349;14.5474;14.4394;14.7921;14.7483;14.3382;14.1131;14.2122;14.5477;14.9986;15.6571;15.9351;15.8733;16.2478;16.0352;16.0976;15.9523;16.186;16.3221;15.4002;15",15.8657,"0.7;0.25;0.05"
24.3482,1.05411,0.68064,"1;1.88224;2.56795;3.21305;3.87663;4.45714;5.42059;6.27941;7.01323;7.9663;8.64776;8.72856;9.2674;9.85684;10.7787;11.4939;12.4279;13.0402;13.9429;14.9342;15.8467;16.7763;17.467;17.8523;18.7125;19.3997;19.8282;20.1768;20.6068;21","15;15.4708;15.5304;15.4758;15.4967;15.5775;15.3096;15.8219;16.1893;16.1034;16.6612;16.9699;17.8123;18.6202;19.0077;19.7066;19.6156;19.8725;20.1081;20.0996;19.6907;19.322;18.5988;17.9685;17.5429;16.9965;16.7137;15.9473;15.7641;15",17.36,"0.7;0.3;0"
24.3061,1.41259,0.466298,"1;1.55262;2.07496;2.70373;3.22666;3.56491;4.08081;4.72425;5.72214;6.53852;7.52686;8.38787;8.78579;9.42071;10.06;10.5051;11.2057;11.5689;12.4633;13.3618;14.272;15.2133;15.7189;16.5892;17.542;18.2981;18.5233;19.2504;19.3789;20.3085;21","15;15.7693;16.432;16.8302;17.1785;17.5768;17.9629;18.7284;18.6635;19.241;19.3933;18.8847;17.9673;17.1947;17.0987;17.149;17.3885;17.8401;17.5575;17.6859;18.034;18.065;18.0178;17.5253;17.2218;16.7401;16.4996;16.0936;15.7055;15.5454;15",18.3461,"0.75;0;0.25"
22.2403,1.1132,0.333792,"1;1.89182;2.5657;3.22828;4.035;4.93821;5.47566;6.45284;6.78429;7.65757;8.64892;9.61689;10.5032;11.1797;12.1792;12.7737;13.2862;13.9222;14.0886;14.5474;15.4298;16.0544;16.8642;17.3723;18.1889;18.8163;19.527;19.8251;20.2447;21","15;15.4524;16.1912;16.6066;16.8705;17.2997;17.3454;17.4979;17.4573;17.6797;17.8109;18.062;18.3202;18.559;18.5924;17.9641;17.4993;16.8109;16.5702;16.4248;16.2713;16.0307;16.232;16.1918;16.134;16.1511;16.0009;15.597;15.2127;15",16.8026,"0.75;0.05;0.2"
22.4733,1.00965,0.243681,"1;1.95788;2.95787;3.91036;4.23198;5.16034;5.59311;6.52265;7.52002;8.4184;9.24223;10.2415;11.0741;12.0665;13.0655;13.7204;14.4668;15.4162;16.2907;16.9821;17.3135;18.099;18.6871;19.6151;20.3894;21","15;14.7128;14.7185;14.4139;14.7202;14.9409;14.6812;14.5198;14.4474;14.8866;15.4534;15.4149;15.9687;16.0921;16.1371;16.8928;16.2273;16.1392;16.2537;15.5314;15.3347;15.2645;14.7097;14.8793;14.3227;15",16.9925,"0.75;0.1;0.15"
21.7777,0.993856,0.242372,"1;1.77965;2.70022;3.23285;3.95754;4.55237;5.27505;5.90966;6.86492;7.8548;8.57271;9.3891;10.3189;11.2673;11.9208;12.6931;13.1849;14.0228;14.5574;15.3188;16.0715;16.7448;17.5737;18.3745;19.2955;19.8451;20.6101;21","15;15.0663;14.8447;14.6404;14.1589;14.1279;14.1976;13.9964;14.2921;14.4341;15.1302;15.7077;16.0758;16.3929;16.4343;16.632;16.4379;16.9618;16.714;16.1308;15.9066;15.9817;16.1006;16.1549;16.1193;15.9722;15.3282;15",16.5066,"0.75;0.15;0.1"
21.7474,1.02148,0.221099,"1;1.39831;2.26698;2.82309;3.65789;4.40719;5.37995;6.09616;6.58467;7.39941;8.29017;9.19436;10.127;11.0723;11.906;12.9042;13.7939;14.7059;15.4406;15.795;16.7015;17.5655;18.5654;19.4649;20.0748;20.5135;21","15;14.87;14.5518;14.439;14.0491;14.1226;14.0045;14.0723;14.1815;13.7553;13.5033;13.2586;13.6193;13.9457;13.3935;13.334;13.0028;12.9784;13.0037;12.9558;13.378;13.8816;13.8928;13.4559;14.2484;14.7861;15",16.5259,"0.75;0.2;0.05"
21.8075,1.23318,0.243289,"1;1.59102;2.21353;2.88874;3.30851;3.94787;4.81788;5.01849;5.80703;6.45696;7.14077;7.90199;8.38556;9.10271;9.91583;10.1895;11.1084;12.0079;12.9288;13.4317;14.419;14.8986;15.8183;16.2885;17.1109;18.0721;18.912;19.9094;20.6882;21","15;15.7241;16.1712;16.2013;16.0701;16.0538;15.786;15.7804;16.0008;16.1435;16.4507;16.4453;16.8882;16.7891;16.4392;16.3219;16.0686;15.9374;16.0132;15.1489;15.1772;15.2266;14.9844;14.905;14.336;14.6118;14.5898;14.6583;14.8104;15",16.6639,"0.75;0.25;0"
22.7814,1.03632,0.249771,"1;1.92122;2.8346;3.5096;4.39193;5.13303;6.11343;6.19226;6.98899;7.31362;8.01999;8.92246;9.69065;10.6339;11.2906;12.1979;12.653;13.3977;13.9606;14.8274;15.1258;16.0968;17.0816;17.7354;18.4554;18.5091;18.9396;19.2284;19.9454;20.8292;21","15;15.389;15.7961;15.8835;16.0009;16.3678;16.5185;16.4365;15.9786;15.8371;15.6113;15.6923;15.7718;15.8148;15.1782;15.0423;14.9313;14.7737;15.0943;15.4136;15.6641;15.4247;15.2999;15.918;16.5161;15.8202;15.438;14.9037;14.6902;14.7895;15",18.2751,"0.8;0;0.2"
25.0744,1.02954,0.302984,"1;1.73081;2.52324;3.40736;4.29176;5.14659;6.11106;7.05305;7.91329;8.70609;9.18453;10.1621;10.6591;11.0573;11.7085;12.053;12.803;13.4134;13.7934;14.7105;15.3048;16.0624;16.8789;17.0796;17.7779;18.4069;19.025;19.9638;20.6011;21.2105;21.2746;21","15;15.1097;15.5811;15.5457;15.9941;15.5777;15.4574;15.2447;15.2203;14.6906;14.0771;14.2879;15.008;15.0678;15.4777;16.2679;16.7919;17.4169;17.3128;17.1418;17.2986;17.5998;17.4287;17.356;17.3381;16.62;16.6084;16.6069;17.2114;16.4186;15.8432;15",20.1564,"0.8;0.05;0.15"
22.7347,1.06114,0.263992,"1;1.8147;2.76671;3.59354;4.23512;5.07019;5.67734;6.18976;7.14127;7.68114;8.24392;9.01566;9.44656;10.1271;10.9314;11.7814;12.6858;13.5736;14.5569;15.4781;16.3108;16.9606;17.8209;18.0243;18.9845;19.9705;19.8676;20.8135;21","15;14.5579;14.5406;14.2513;14.6981;15.135;15.8266;16.0524;16.1558;16.0638;16.3303;16.815;16.7841;16.6691;16.7344;17.2611;16.8344;16.3744;16.1924;16.2977;16.3698;15.8218;16.1771;16.4061;16.3092;16.2425;15.5071;15.1829;15",18.3202,"0.8;0.1;0.1"
21.7126,0.998121,0.221415,"1;1.99997;2.76995;3.35648;4.30223;4.67086;5.58724;6.53731;6.9791;7.85788;8.83394;9.68414;10.3768;10.7617;11.705;12.2105;13.0362;13.5579;14.1514;14.8981;15.6905;16.6402;17.286;18.1822;18.9372;19.9084;20.0434;21","15;15.0082;14.9301;14.5418;14.3154;14.0786;14.2851;14.4961;14.3214;14.0235;13.9184;13.6984;13.7027;13.5346;13.7302;13.5416;13.4677;13.095;12.6056;12.355;12.3489;12.3986;13.1622;13.6057;14.2614;14.4999;14.7339;15",17.5309,"0.8;0.15;0.05"
21.9896,1.00562,0.242964,"1;1.56359;2.49213;3.25235;4.14062;5.02212;5.62956;6.33145;7.10177;7.9039;8.26794;8.88827;9.34781;10.0815;10.6509;11.3462;12.3451;13.1674;14.1486;14.6226;15.2608;15.8674;16.8674;17.7844;18.5874;19.3828;20.206;21","15;15.0612;15.1596;14.7691;15.1352;15.4851;15.5444;16.0925;15.7443;15.6638;16.2004;16.9194;17.0563;16.9865;16.6812;16.0806;16.0338;15.4648;15.2719;15.2255;14.9991;14.9038;14.903;14.5043;14.9451;14.7402;14.6648;15",17.7928,"0.8;0.2;0"
22.3894,1.05218,0.259299,"1;1.76273;2.36547;3.02671;3.69651;4.17172;5.16944;6.14924;7.11921;8.04276;9.00072;9.94301;10.5864;10.922;11.4544;11.8812;12.4522;13.2958;13.9031;14.3135;15.259;15.9668;16.6115;16.9798;17.9348;18.559;19.4026;20.332;21","15;15.0272;15.2791;15.7647;16.435;17.148;17.0805;17.0492;17.0154;16.7718;16.8344;16.5513;16.147;15.9843;15.5643;15.3312;15.2218;15.4237;15.514;15.4932;15.1676;15.8739;15.8746;15.7985;15.735;14.9538;14.4168;14.5381;15",19.0699,"0.85;0;0.15"
21.2141,0.968448,0.227923,"1;2;2.99675;3.63948;4.14711;5.02904;5.69829;6.68597;7.3332;8.14597;9.09387;10.025;10.9043;11.7587;12.185;12.6392;13.4154;14.352;15.1858;15.7559;16.7225;17.6975;18.2586;19.1931;20.1135;21","15;15;14.9195;14.8518;14.9535;14.8057;14.7403;14.8968;14.9422;14.5699;14.3421;13.9774;14.4537;14.9733;15.0928;15.7055;15.5897;15.9403;16.3583;16.3912;16.1348;15.9997;16.0001;15.7679;15.3768;15",18.1032,"0.85;0.05;0.1"
24.2766,1.0142,0.545931,"1;2;2.67553;3.24064;4.03795;5.01402;5.66643;6.50445;7.13656;7.99006;8.30919;9.23006;9.97878;10.7376;11.6658;12.6437;13.6219;14.6206;15.4822;16.1837;17.1216;17.8986;18.1018;18.9489;19.6407;20.2658;20.7635;20.9051;21","15;15;15.2914;15.6872;16.1193;16.1898;16.0851;16.365;16.3612;16.7473;17.4129;17.023;17.6859;18.3372;18.7092;18.9183;19.1258;19.1766;19.6843;19.3826;19.5175;18.9082;18.8128;18.2996;17.863;17.5204;16.653;15.6631;15",20.7638,"0.85;0.1;0.05"
21.172,1.01782,0.217735,"1;1.91358;2.90213;3.90165;4.83757;5.75377;6.69027;7.1946;8.08822;8.70549;9.20001;10.113;10.3596;11.3323;12.2029;12.9437;13.8349;14.49;14.7586;15.4155;15.6598;16.4887;17.0595;17.8992;18.166;19.1656;20.0811;21","15;14.5933;14.4424;14.4732;14.5561;14.5772;14.8315;14.587;14.6177;14.6344;14.1576;13.7508;13.6098;13.5242;13.9012;13.9223;13.8934;14.0826;14.3053;14.4711;14.5119;15.0612;14.6257;14.4552;14.372;14.3983;14.8006;15",18.1488,"0.85;0.15;0"
22.6942,1.06121,0.286623,"1;1.9092;2.71137;3.2926;3.83099;4.34487;5.34191;6.00591;6.95895;7.03676;7.94357;8.89593;9.58259;10.0339;10.8359;11.7067;12.5625;13.1994;13.9873;14.5206;14.9651;15.5664;16.1762;16.5072;17.4904;17.5961;18.4126;18.7663;19.6496;20.1626;20.8902;21","15;15.4164;16.0135;16.1091;16.3861;16.225;16.3019;16.1547;16.1749;16.1699;16.5237;16.8287;17.0047;17.0769;17.025;16.9978;17.5151;17.4377;17.6789;17.3978;17.2384;16.8806;16.3774;16.0344;16.0138;16.1681;16.4937;16.832;16.8416;16.5737;15.985;15",20.4535,"0.9;0;0.1"
23.6225,1.06339,0.448377,"1;1.91975;2.76003;3.70618;4.42032;4.63889;5.44499;6.2888;6.95441;7.70049;8.53249;9.32737;10.0024;10.1538;10.4279;11.3776;12.2252;13.213;14.147;15.0942;15.5445;16.0473;16.5531;17.094;18.0417;18.4663;19.191;19.9947;20.4804;21","15;15.3925;15.9347;15.6314;15.7691;16.0133;16.1939;15.7089;15.9717;16.327;16.5992;16.9808;17.5144;17.6831;18.6448;18.958;19.0502;19.1037;19.0176;18.8839;18.6257;18.386;18.7255;18.3155;18.0394;17.4086;16.7196;16.269;15.674;15",21.3358,"0.9;0.05;0.05"
21.8742,1.11849,0.269135,"1;1.84062;2.35318;2.992;3.8179;4.63241;5.18092;6.02164;6.93468;7.92751;8.33171;8.97495;9.57464;10.4359;11.3025;12.2944;13.1191;13.8171;14.6464;15.6204;16.5945;17.5686;18.3047;18.9217;19.4256;20.1383;21","15;15.5416;15.5229;16.2062;16.4825;16.9262;17.3836;16.8421;17.25;17.1305;16.9509;16.3166;16.2459;16.456;16.9551;17.0821;17.1295;17.0347;16.4759;16.2496;16.0234;15.7971;15.5999;15.3484;15.1708;15.0731;15",19.7987,"0.9;0.1;0"
21.9381,0.992069,0.223534,"1;1.99822;2.99822;3.98164;4.98155;5.95815;6.82906;7.36933;7.59423;8.26802;8.74784;9.7432;10.7422;11.7148;12.4803;13.4715;13.9614;14.7511;15.4318;16.3873;17.3476;18.0308;18.9377;19.7563;19.9057;20.6513;21","15;14.9404;14.9435;14.7622;14.7762;14.5611;14.5432;13.8473;13.8557;13.1658;12.5981;12.5018;12.5462;12.7789;12.4298;12.3793;12.7776;12.7727;12.9066;12.6116;12.8906;13.6209;14.0421;14.4305;14.4721;14.9632;15",20.8523,"0.95;0;0.05"
23.1197,1.08018,0.322524,"1;1.85496;2.83396;3.77879;4.60583;5.41137;6.26653;7.13212;7.76813;8.4384;8.78267;9.73348;10.6215;11.2897;12.1896;13.0822;14.0017;14.9861;15.9761;16.6128;16.6942;17.6308;18.3899;19.1648;19.667;20.2387;21","15;15.5187;15.3149;15.6424;16.2046;16.7971;16.6428;16.7897;17.5381;17.5124;17.6565;17.9662;17.5064;17.3485;17.361;17.7435;17.9351;18.111;17.9697;17.1986;16.2019;15.9002;15.3571;14.9136;14.9902;14.6204;15",22.0178,"0.95;0.05;0"
20.8182,1.0765,0.224836,"1;1.80819;2.74852;3.33347;3.89919;4.75206;5.08201;6.08119;6.77123;7.61068;8.21294;9.07073;9.67547;10.671;11.619;12.5405;13.2378;14.0899;14.9001;15.5819;16.4026;16.9822;17.4107;18.4052;19.4036;20.4019;21","15;15.5889;15.5174;15.4978;15.2649;15.2842;15.0948;15.1352;15.5165;15.6662;15.8814;15.7759;15.8603;15.9553;15.7636;15.8085;15.811;15.6398;15.2366;15.5513;15.1488;15.0476;15.2535;15.1483;15.0912;15.0342;15",20.8182,"1;0;0"
