Length, Risk, TravelTime, Paths.x, Paths.y, Cost, Weight
20.9311,61.3672,0.222868,"1;1.03768;1.49136;2.20272;2.6863;3.3022;3.75096;4.72643;5.46153;6.11661;6.83875;7.68289;8.1037;8.9742;9.60982;10.5099;10.7427;11.5514;12.4025;12.8901;13.7563;14.4404;15.3857;16.1825;16.5757;17.3065;17.7561;18.0343;18.8511;19.4445;19.9333;20.3042;20.8568;21","15;14.9576;14.4952;14.0716;13.8614;13.6865;13.5531;13.334;13.2676;13.2356;13.1631;13.1112;13.0702;13.012;12.9929;13.0005;12.9999;13.0281;13.0317;13.0368;13.1171;13.157;13.1899;13.3318;13.3925;13.4605;13.5153;13.5568;13.7273;13.8846;14.0771;14.2555;14.782;15",0.222868,"0;0;1"
34.4437,5.03956,0.35453,"1;1.38834;1.94099;2.21495;2.23829;2.45701;2.89247;2.7736;3.05657;3.07807;3.43305;3.31828;3.80938;4.29254;4.97557;5.34104;5.80806;6.23387;6.8256;7.15655;7.62627;8.45958;8.83634;9.61862;10.4834;11.0682;12.0394;12.2869;13.1176;13.5498;14.1628;14.7936;15.499;16.4178;16.876;17.4605;18.0031;18.6439;19.1307;19.5869;20.0764;20.2391;20.4405;20.507;20.6278;20.7506;20.9857;21","15;14.7891;14.1287;13.1843;12.4835;11.9425;11.1424;10.5724;9.75047;8.84021;8.23602;7.40601;6.8665;6.53425;6.10924;5.8222;5.45621;5.12022;4.81103;4.69342;4.34169;4.05019;3.74889;3.69515;3.59907;3.89914;3.99408;3.94161;4.04809;3.97885;3.97873;4.40675;4.79486;5.11279;5.81267;6.29103;6.60357;7.22816;8.06814;8.78051;9.52574;10.4837;11.3658;12.1666;12.4438;13.2592;14.1125;15",0.510698,"0;0.0333333;0.966667"
36.5467,4.69572,0.37531,"1;1.75881;2.00773;2.41322;2.33936;2.45726;2.39097;2.26969;2.49221;2.58484;3.12073;3.45662;3.87947;4.42175;4.78747;5.29741;5.93633;6.44979;6.86562;7.20892;7.8923;8.77639;9.47091;10.3892;11.2717;12.2056;12.9965;13.7581;14.7179;15.6263;16.3923;17.0936;17.6836;18.1462;18.5503;19.1316;19.3233;19.4147;20.0343;20.5801;21.0955;21.3439;21.62;21.8481;21.8839;21.7279;21.3664;21.0553;21.197;20.9229;21","15;14.3744;13.9816;13.2902;12.4803;11.7421;11.3259;10.8022;9.86782;9.37001;8.64279;8.09171;7.20533;6.6023;6.01977;5.33408;4.67174;4.28083;3.9851;3.77607;3.54832;3.49195;3.35716;3.30411;3.41292;3.27726;3.5095;3.62251;3.82619;4.09946;4.03288;4.11227;4.82281;5.56903;5.89803;6.49325;7.22032;7.45677;8.19265;8.495;9.09858;9.4689;10.0224;10.5226;11.2257;11.8523;12.4789;13.2713;14.0228;14.7114;15",0.663337,"0;0.0666667;0.933333"
36.4682,4.72787,0.377627,"1;1.44458;1.81973;1.92532;2.02326;2.15636;2.39939;2.60327;2.60884;2.77316;2.9011;2.78596;3.23529;3.80928;3.9286;4.21938;4.89653;5.2842;6.04672;6.50051;7.30845;8.13517;9.01132;9.60444;10.3107;11.2461;11.9287;12.7435;12.9903;13.8513;14.7008;15.2774;16.112;16.736;17.3442;17.7229;18.3953;18.8443;19.1474;19.2304;19.8746;20.2428;20.6524;20.6168;20.3988;20.4373;20.9875;21.1341;21.4155;21.567;21","15;14.9041;14.2627;14.031;13.4832;12.5845;12.0095;11.5101;10.6135;9.65394;9.06905;8.18449;7.49215;6.68883;6.36144;5.74617;5.27744;5.15075;4.68734;4.39912;3.89259;3.93393;3.59149;3.51024;3.61994;3.46764;3.49985;3.50553;3.59625;3.76579;4.06787;4.11144;4.19945;4.31502;4.62514;5.0511;5.61746;6.13089;6.33131;7.26724;7.92228;8.54499;9.37005;9.84285;10.7529;11.4845;11.9372;12.8398;13.7351;14.5685;15",0.812652,"0;0.1;0.9"
36.4052,4.77373,0.377207,"1;1.56919;2.05053;2.26016;2.39256;2.50043;2.70698;2.95728;2.78846;2.99866;2.89195;2.87447;3.24259;3.47625;3.85342;4.27428;4.74781;5.08523;5.59888;6.2922;6.65501;7.3921;8.14751;8.47366;9.45165;10.054;10.5539;11.0515;11.7822;12.2587;12.802;13.4199;13.7867;14.6996;15.3296;16.1339;16.9891;17.3511;18.2848;18.5992;19.2359;19.5993;19.7625;20.4318;20.5747;20.6704;21.0248;21.1844;21.3093;21.4978;21.1184;21.1621;21.4088;20.8077;21","15;14.7579;14.3941;13.7852;13.08;12.7694;12.1307;11.1796;10.2225;10.0061;9.12149;8.81294;8.05878;7.55195;6.97334;6.49799;5.84267;5.35158;4.73216;4.88571;4.48942;3.93418;3.71185;3.53032;3.62366;3.67673;3.93342;3.80655;3.66646;3.79476;3.772;4.01118;4.10794;4.51306;4.63883;4.95255;5.23091;5.41828;5.63978;6.36431;6.79122;7.29391;7.82543;8.42664;9.17694;9.51119;10.2915;10.812;11.5453;12.475;13.1734;13.4892;14.2268;14.8868;15",0.963408,"0;0.133333;0.866667"
37.4758,4.72491,0.384333,"1;1.32939;1.71889;1.83173;1.83959;2.24849;2.48922;2.60174;3.03758;3.01241;3.08585;3.07586;3.29779;3.93638;4.11572;4.43006;4.8777;5.31019;5.98829;6.67544;7.16126;7.70473;8.20029;8.60044;9.56994;10.5039;11.2844;12.0793;12.7442;13.2481;14.0891;14.6933;14.9819;15.8446;16.7085;17.4772;18.1739;18.7641;19.1992;20.1048;20.5965;21.0414;21.6332;22.1718;22.1974;22.1462;22.4128;22.2219;22.1361;21.9319;21.3435;21.2992;21.0955;21","15;14.7504;14.2296;13.8503;13.5433;12.8059;12.0596;11.1045;10.494;9.56268;8.79454;8.5079;7.5527;7.11778;6.74297;6.15069;5.29813;5.09645;4.75051;4.43021;4.37612;4.03981;3.43435;3.29482;3.09304;3.27961;3.38531;3.4742;3.08324;3.37655;3.72664;4.03846;4.51667;4.77453;4.94018;5.17887;5.4612;5.96989;6.24212;6.51562;7.26402;7.69545;8.41258;9.06865;10.0205;10.84;11.4328;12.1175;12.5876;13.0772;13.7093;13.989;14.7381;15",1.10776,"0;0.166667;0.833333"
37.4787,4.76782,0.3856,"1;1.71314;2.0322;2.01165;2.31446;2.66073;2.71839;3.04031;2.99189;3.00266;3.43278;3.45399;3.68084;4.13345;4.31342;4.46164;5.05903;5.84368;6.47763;7.05433;7.68192;8.46628;8.97206;9.96376;10.9066;11.7607;12.3733;13.2521;13.721;14.2901;14.8005;15.4464;16.1307;17.0493;17.3634;17.9101;18.6295;18.8022;19.2025;19.5814;20.2919;21.1289;21.2034;21.4542;21.7056;22.1767;22.4821;22.4155;22.1135;21.697;21.3502;21.2106;21.0619;21","15;14.3047;13.4486;12.7405;12.0857;11.465;10.7135;9.92758;9.10563;8.47635;7.82065;7.20377;6.37977;5.677;5.48409;5.20322;4.69658;4.65218;4.06735;3.99386;3.47249;3.42712;3.30178;3.38828;3.20214;3.5479;3.86814;3.94057;4.11438;4.12417;4.60958;5.22137;5.03372;5.08282;5.61425;5.76268;6.26165;6.35954;6.6634;7.11301;7.66151;8.18388;8.76247;9.25924;9.6378;10.4955;11.4217;11.7688;12.6223;13.3816;13.8057;14.7862;15.0458;15",1.26205,"0;0.2;0.8"
37.9489,4.61994,0.391778,"1;1.52838;1.95111;2.17285;2.5577;2.7711;2.85801;3.08515;2.78913;2.77969;3.06226;3.23615;3.54389;3.68489;3.85099;4.10137;4.41736;4.65534;5.14426;5.68401;5.82144;6.45848;7.34021;7.92694;8.55638;9.52067;10.1755;10.832;11.5332;12.16;13.1314;13.7478;14.2227;15.0423;15.6802;16.3972;17.3223;17.9565;18.4848;19.0018;19.5236;19.9801;20.5973;21.0209;21.5558;22.3705;22.4411;22.521;22.5002;22.5715;22.5385;22.4675;22.1162;21.8386;21.4421;21","15;14.8456;14.3884;14.0674;13.4694;12.921;12.2577;11.535;10.6642;10.3188;9.36709;8.79195;7.87565;7.28778;6.89366;6.39629;5.76064;5.52559;5.22605;4.47806;4.39247;4.17397;3.89942;3.60301;3.63914;3.62728;3.63537;3.36842;3.44846;3.62302;3.79571;3.59703;3.85146;3.98091;4.11194;4.62832;4.91534;5.27931;5.67449;5.89736;6.38112;6.7584;6.90796;7.53464;8.07012;8.20352;9.07543;9.47342;9.84631;10.7157;11.6959;12.5566;13.0021;13.6305;14.1597;15",1.37835,"0;0.233333;0.766667"
37.308,4.83617,0.387352,"1;1.69749;1.81992;1.85419;1.99905;1.89584;1.97091;2.49851;2.41386;2.46243;2.88062;3.16094;3.13053;3.51576;3.94579;4.32515;4.83248;5.02538;5.77922;6.64281;7.26483;8.13749;8.38239;9.27161;9.66579;10.3476;10.9054;11.7406;11.9808;12.3569;12.9737;13.7372;14.4073;15.2654;16.0519;16.5274;17.2839;17.8435;18.2169;19.0532;19.2764;19.6637;20.2967;20.6564;20.945;21.0797;21.4731;21.8984;21.897;22.1985;22.1773;22.1262;21.8686;21.7125;21.4989;21.1751;21","15;14.8506;14.4161;13.7596;13.1614;12.3288;12.0469;11.2435;10.8123;9.85188;9.21859;8.29108;7.75656;7.06288;6.41342;5.80527;5.02491;4.92888;4.49016;4.21202;4.40183;4.30065;4.26727;4.02939;3.93879;3.85661;3.74191;3.61453;3.30457;3.40085;3.67283;4.24304;4.64889;4.7558;4.62825;4.57726;4.64892;5.3049;5.58735;5.99899;6.05889;6.91519;7.63616;8.10075;8.57594;9.14137;9.79872;10.6665;11.1056;11.7022;12.1129;12.6068;13.4673;14.0461;14.4905;14.9611;15",1.57371,"0;0.266667;0.733333"
37.5551,4.57747,0.38617,"1;1.40597;1.82031;2.11876;2.30843;2.32517;2.54426;2.77138;2.73661;2.9505;2.96614;3.0463;3.44258;3.70121;4.02616;4.92272;5.76955;6.27428;7.09043;7.85522;8.32147;8.92523;9.83376;10.7754;11.5581;11.986;12.6921;12.989;13.1445;14.1057;14.4079;15.0866;16.0726;16.7203;17.5031;18.2218;18.9831;19.6983;20.462;20.6088;20.7578;21.2795;21.7291;21.8125;22.123;21.8237;22.2972;22.3032;21.9673;21.6773;21.2134;21","15;14.8447;14.0317;13.5704;12.6042;11.8658;11.1258;10.1835;9.9119;9.17958;8.52732;7.84889;7.1859;6.37051;5.46003;5.10991;4.76288;4.29445;4.07961;3.9278;4.05497;3.79234;3.59209;3.48876;3.62187;3.73806;3.78348;3.71062;3.76087;3.91206;4.09211;4.21505;4.29483;4.32653;4.84527;5.00862;5.30098;5.96861;6.48016;7.03025;7.74273;8.33226;9.13559;9.84209;10.0519;10.9091;11.5448;12.3282;12.8193;13.5593;14.3898;15",1.64356,"0;0.3;0.7"
37.2569,4.64983,0.38298,"1;1.23449;1.57012;1.89835;1.83512;2.08272;2.48578;2.6049;2.61942;2.95697;3.07676;3.58941;3.67877;4.14395;4.39316;4.68;5.23107;5.85387;6.6361;7.1232;7.81763;8.53393;9.38205;10.2428;10.6942;11.5794;12.2415;13.2018;14.1575;14.9454;15.868;16.0348;16.8641;17.76;18.6437;19.2008;19.9241;20.5474;20.6516;21.004;21.3073;21.7539;22.0034;22.1341;22.0457;21.8033;21.7172;21.6748;21.4209;21.5849;21","15;14.8552;14.4871;14.0146;13.0772;12.2442;11.4127;10.504;9.619;9.05835;8.27327;7.50244;6.85391;6.46661;5.61255;5.29608;4.77453;4.318;3.987;4.00425;3.70459;3.69356;3.32052;3.50617;3.53843;3.28384;3.61532;3.75732;3.95964;4.14963;4.2435;4.2035;4.42728;4.791;5.2334;5.55488;6.02078;6.57142;7.11797;7.99925;8.85658;9.1841;10.053;10.7601;11.2353;12.1907;12.8377;13.1297;13.6457;14.2118;15",1.80526,"0;0.333333;0.666667"
38.8953,4.7585,0.398934,"1;1.36936;1.87493;2.21846;2.37971;2.52066;2.8147;2.70409;2.61328;2.60803;2.84052;3.15253;3.86391;4.09514;4.30794;4.3626;4.79981;5.30305;5.96319;6.67765;7.54805;7.82367;8.69543;9.11734;9.81876;10.2076;10.9944;11.7452;12.5526;13.0864;13.9134;14.3668;15.2989;15.8615;16.2913;17.0775;17.7916;18.4248;18.7894;19.6052;20.0292;20.7104;21.2687;21.4576;21.6434;21.9547;22.3172;22.2725;22.5985;23.0202;22.9007;22.8704;22.3493;22.0815;21.3445;21","15;14.5349;14.3189;13.4543;12.6484;12.0889;11.3321;10.439;9.55927;8.59171;7.98463;7.46417;6.93218;6.6929;6.52142;5.65957;4.78608;4.57339;3.86488;3.64087;3.79818;3.70156;3.35916;3.46913;3.80257;4.02345;4.06636;4.04756;3.92329;3.85069;4.01671;4.10916;4.18385;4.80545;4.83386;4.75001;5.28257;5.61532;5.74966;5.87596;5.8832;6.53983;7.32153;7.81988;8.27672;9.05094;9.66578;10.3302;10.8932;11.6638;12.2034;12.8767;13.2819;13.6416;14.2563;15",1.99744,"0;0.366667;0.633333"
37.9349,4.56457,0.395859,"1;1.86105;2.10133;2.34841;2.41319;2.56922;2.59537;2.52676;2.65457;2.79296;2.92913;3.05317;3.46045;3.33473;3.81676;4.45263;4.8536;5.60087;6.50839;6.93917;7.67774;8.3581;9.29612;10.0109;10.5373;11.3525;12.2313;13.1318;13.2575;14.1529;15.0363;15.9141;16.8489;17.2369;17.9715;18.5777;19.2443;19.519;20.1719;20.7909;21.3253;21.8343;22.056;22.5447;22.9277;22.9747;22.6779;22.5366;22.4001;22.1313;21.7949;21","15;14.6666;13.9906;13.6854;12.9519;12.458;11.9541;11.2869;10.373;9.77292;8.86996;8.10362;7.77669;6.94954;6.14105;5.4645;4.84549;4.58647;4.22767;4.03521;4.01859;3.8131;3.61588;3.48922;3.35192;3.48167;3.46769;3.52391;3.46013;3.77173;3.88407;4.291;4.62417;5.0158;5.55238;6.33307;7.04145;7.11871;7.72985;8.31422;8.72523;9.2944;9.78198;10.2631;10.9383;11.7576;12.5585;13.2308;13.7049;14.436;14.7474;15",2.06334,"0;0.4;0.6"
38.1791,4.59287,0.393674,"1;1.50099;2.00782;2.44634;2.56415;2.50234;2.73371;2.79977;2.68532;2.89608;3.31198;3.35355;3.45729;3.59354;3.9684;4.40216;4.58938;5.06666;5.80853;6.63178;7.28368;7.81137;8.22811;9.07047;10.0664;10.8947;11.4881;11.9837;12.5716;13.4363;14.3978;14.9918;15.4043;16.2408;16.798;17.5978;18.0999;18.86;19.372;20.1597;20.9715;21.3324;21.7191;21.8208;22.2158;22.2663;22.4859;22.8695;22.6414;22.4267;21.7788;21.5614;21","15;14.7006;14.4841;13.7119;13.0638;12.5938;11.7538;10.9352;10.1836;9.30109;8.7946;7.92871;7.00751;6.69364;5.79468;5.67332;5.65439;4.89196;4.37965;4.05823;4.03357;3.82564;3.59783;3.39749;3.33179;3.46302;3.80815;3.93203;3.72634;3.8109;3.77281;3.95944;4.09869;4.30524;4.61585;4.86652;5.17788;5.71128;5.89003;6.39576;6.96953;7.40341;7.8857;8.68296;9.43296;9.85954;10.4878;11.3795;12.3279;13.1825;13.6142;14.2132;15",2.21332,"0;0.433333;0.566667"
42.4037,4.81852,0.888842,"1;1.26089;1.91732;2.25744;2.39996;2.54365;2.79778;2.5846;2.59886;2.67257;2.88355;3.11899;3.29837;3.96552;4.03105;4.49069;4.93817;5.22454;5.66913;6.14791;7.0434;7.87512;8.50555;9.19041;9.83811;10.8034;11.5473;12.4544;13.3122;13.6988;14.39;14.8265;15.315;15.7478;16.5176;16.6272;17.4412;18.0212;18.8614;19.5865;20.0906;20.7927;21.5709;22.1854;22.4813;22.4663;22.2632;22.2605;22.5465;22.4168;22.2803;22.5246;22.6252;22.8833;22.2378;22.0099;21.2118;20.3539;20.2686;21.1065;21","15;14.9358;14.6019;14.1858;13.3841;13.1996;12.4555;11.521;11.0643;10.3295;9.4194;8.78488;8.23642;7.65481;7.10014;6.38462;5.92415;5.3501;4.91821;4.58426;4.28999;4.13824;4.21902;4.06928;4.12652;4.24089;3.73666;3.6484;4.00444;4.13235;4.3858;4.56767;4.81223;4.71898;4.88603;4.91214;5.25612;5.67896;5.99331;6.22223;7.07593;7.31378;7.45649;8.17178;8.60074;9.29;9.98343;10.9653;11.8404;12.5191;13.0171;13.9696;14.7546;15.128;15.7757;16.0121;16.291;16.4583;15.7197;15.189;15",2.7227,"0;0.466667;0.533333"
37.1434,5.43146,0.390684,"1;1.44953;1.81994;1.98123;2.44595;2.48706;2.63838;2.56636;2.67576;2.72673;2.60721;2.91858;3.3321;3.97373;4.29525;4.51475;5.19665;5.65815;6.42352;7.17135;7.87432;8.24549;9.20374;9.91937;10.8251;11.6885;12.3953;13.3827;13.6697;14.3823;15.1603;15.4715;16.2216;16.8711;17.6433;17.9715;18.4505;18.9428;19.1942;19.2371;19.1911;19.4264;19.3219;19.9261;19.8756;20.1671;19.9613;19.577;19.1242;19.455;20.0505;21","15;14.6116;14.197;13.9686;13.1033;12.9518;12.4367;11.4393;10.4453;9.62466;9.30439;8.52091;7.92163;7.21687;6.31003;6.05185;5.54458;5.00153;4.52078;4.10454;3.60121;3.56496;3.42848;3.42821;3.38077;3.33399;3.37577;3.42119;3.54734;4.15976;4.14355;4.14014;4.54215;4.88163;5.41899;5.77011;6.0859;6.91693;7.72261;8.08853;8.93306;9.7538;10.4366;10.8329;11.4036;12.3118;13.2133;13.1755;13.9661;14.682;14.8913;15",2.91107,"0;0.5;0.5"
37.9396,4.53969,0.392131,"1;1.81067;2.22378;2.37744;2.47784;2.53994;2.65348;2.77453;2.80525;2.8264;3.00921;3.83052;4.48986;4.84438;5.29676;5.68628;6.25587;6.65387;7.3035;7.79415;8.75351;9.44217;10.1737;10.8856;11.648;12.4198;13.278;13.9537;14.5988;15.2598;15.4544;16.4253;17.1256;18.0337;18.4367;19.1189;19.7014;20.0046;20.7412;21.361;21.8277;22.258;22.6137;22.5959;22.504;22.6231;22.94;22.7923;22.5922;22.2792;21.9844;21.6601;21","15;14.4145;13.7822;12.9195;11.9871;11.6066;10.6682;9.75459;9.00791;8.1406;7.38067;6.83008;6.13709;5.53204;5.06933;4.88234;4.597;4.4687;3.95926;3.81673;3.55481;3.50097;3.37095;3.48688;3.46423;3.70879;3.59376;3.80194;3.95148;4.29397;4.44556;4.62927;4.76664;5.07856;5.26151;5.68829;5.99023;6.72861;7.40162;7.89239;8.11217;8.53855;9.08566;9.79974;10.2696;11.1237;11.8841;12.6652;12.9509;13.6019;14.3486;14.5931;15",2.60416,"0;0.533333;0.466667"
39.98,5.3301,0.418897,"1;1.78698;2.32856;2.32185;2.3865;2.55565;2.78455;2.68834;2.8674;2.53075;2.51694;2.95843;3.61675;3.84512;4.35188;5.2724;6.11278;6.39737;7.1016;7.5971;8.10896;8.95273;9.10622;9.88636;10.8228;11.0671;11.8243;12.6255;13.3364;13.8449;14.7807;15.3517;15.6335;16.2561;17.2234;17.9361;18.755;19.2678;19.8553;20.3524;20.5504;21.1711;21.5702;21.7644;21.8087;21.6119;21.0576;20.3103;19.6739;19.2109;18.9867;19.1635;19.4171;19.9295;20.1133;21","15;14.6234;13.9459;13.2612;12.3097;11.3359;10.7698;9.96644;9.17052;8.77068;8.64417;7.79795;7.1395;6.43937;5.69166;5.35389;4.96034;4.76206;4.28591;3.92385;3.72115;3.62505;3.63678;3.7014;3.69201;3.67659;3.78132;3.6391;3.95193;3.77572;3.99469;4.25117;4.39409;4.92967;4.92633;5.03585;5.35191;5.74625;5.89144;6.48631;6.90159;7.54155;8.22685;9.01707;10.0035;10.7878;11.3181;11.4554;11.6672;11.889;12.6088;12.9378;13.5292;14.1528;14.9559;15",3.20191,"0;0.566667;0.433333"
39.4881,4.64972,0.410649,"1;1.26855;1.67142;1.87915;2.17284;2.40372;2.39274;2.67657;3.10819;3.26391;3.8201;3.77458;3.82934;3.74959;4.05363;4.52211;4.8564;4.99492;5.69863;5.97972;6.80838;7.74243;8.60462;9.26768;10.1799;10.9473;11.4758;12.2235;12.8982;13.7983;14.0428;14.976;15.6552;16.1633;17.0272;17.533;18.3272;19.2342;19.6014;20.2608;20.7949;21.4839;21.8043;22.3259;22.7584;23.1868;23.2024;23.2895;23.5229;23.9006;23.4698;23.1748;22.71;22.4805;21.6163;21","15;14.9189;14.6691;14.5235;13.6096;12.8348;11.9465;11.458;10.6373;9.69027;8.8656;8.65829;7.94233;7.1867;6.59402;5.76254;5.09159;4.74119;4.38019;4.25045;4.03909;3.88034;3.76378;3.68358;3.49942;3.3566;3.27436;3.17763;3.26512;3.48759;3.53777;3.72312;3.93434;4.4947;4.73067;4.72743;5.05557;5.11185;5.41014;5.85621;6.30592;6.98838;7.36412;7.94755;8.24917;8.76386;9.43652;9.8873;10.4283;11.1905;11.9293;12.8721;13.695;14.2937;14.7317;15",2.95409,"0;0.6;0.4"
38.9704,4.70354,0.400937,"1;1.15033;1.7543;1.79032;1.78248;2.25136;2.26824;2.49682;2.57725;2.92433;3.1287;3.39285;3.53704;4.04884;4.69354;5.06337;5.71768;6.51451;7.26845;7.83672;8.75242;9.54739;10.4239;11.0213;11.8948;12.7683;13.6189;14.5034;15.1952;16.0081;16.9045;17.6866;18.286;18.6887;18.9687;19.9076;20.7338;21.446;21.3605;21.7579;21.8134;22.016;22.5387;22.9918;23.1562;23.2159;23.1625;22.8438;22.2949;21.8442;20.924;21","15;14.9423;14.3181;13.8114;12.9041;12.0594;11.632;10.9765;10.0465;9.24936;8.44417;7.54267;6.88724;6.30065;5.57837;5.07139;4.4115;4.1421;3.85007;3.78318;3.70583;3.3212;3.09332;3.03349;2.95941;3.07267;3.25915;3.46682;3.79325;3.97956;4.04017;4.51754;4.909;5.37242;6.31097;6.52035;7.03343;7.41554;8.19797;9.08753;9.25063;9.95034;10.1906;11.0458;11.4403;12.3645;12.5922;12.9136;13.6948;14.2003;14.4902;15",3.12592,"0;0.633333;0.366667"
40.7429,5.28681,0.416555,"1;1.25113;1.63438;2.00358;2.46234;2.79352;3.64216;3.68532;3.34908;3.32775;3.69083;3.65934;3.87929;4.28548;4.55016;4.7855;5.22613;5.90883;6.33449;6.66896;7.64285;7.90907;8.79094;9.65541;10.108;10.8483;11.6911;12.2135;12.9478;13.7687;14.3368;14.6447;15.4258;16.2368;16.7887;17.5103;18.2457;19.0666;19.3394;19.449;19.7433;20.5272;21.3298;21.5158;21.9287;22.4315;22.9223;23.8169;23.3827;22.8014;22.8792;21.9883;21.3036;21.4126;21.4552;21.2689;21","15;14.6808;13.8927;13.3003;12.7809;11.9837;11.7807;10.7974;10.0294;9.46049;8.70222;7.73436;7.26151;6.92674;6.23132;5.49892;4.79294;4.16139;3.84969;3.7518;3.52477;3.55646;3.75244;3.31315;3.43441;3.45311;3.48651;3.5877;3.72948;3.39137;3.24921;3.33173;3.79096;4.10328;4.15415;4.63663;5.25929;5.82426;6.60984;7.36408;7.65979;8.17104;8.75351;9.02465;9.58135;10.2126;11.0361;11.368;11.7869;12.1905;12.9089;12.8598;12.8953;13.6929;13.9111;14.5558;15",3.66339,"0;0.666667;0.333333"
46.8999,4.83739,0.485274,"1;1.72505;1.98632;2.28495;2.3476;2.25257;2.33834;2.60104;3.12119;3.28487;3.1279;3.38772;3.60093;4.0267;4.4937;4.72567;5.19894;5.70712;6.34856;6.82065;7.6005;8.37829;9.29899;10.1254;10.9402;11.7486;12.6842;13.0727;13.6854;14.0752;14.7172;15.4453;16.1463;16.3804;17.2902;18.0277;18.5275;19.0532;20.0267;20.9984;21.675;22.3906;22.9147;23.482;24.09;24.7064;25.1876;25.1364;25.3465;25.4833;25.4852;25.5183;25.2798;24.8706;24.0567;23.2258;22.3998;21.8496;22.0784;21.8491;22.0905;22.1063;21.9258;21","15;14.7191;14.3445;13.5693;13.1157;12.1864;11.4682;10.7543;10.0475;9.28883;8.92225;7.96565;7.29396;6.56945;5.92506;5.26499;4.9506;4.3385;3.6678;3.73515;3.87644;3.87358;3.68245;3.67209;3.63114;3.4118;3.09608;3.05022;3.42073;3.33487;3.61232;3.91713;4.30019;4.40361;4.48357;4.9705;5.17158;5.55534;5.78204;5.87238;6.23267;5.96969;5.49424;4.91989;4.90366;5.13729;5.83533;6.34462;7.24767;7.86193;8.53174;9.26426;10.2094;10.6642;10.8196;10.8912;10.8249;10.9861;11.9554;12.8859;13.3112;13.8627;14.7143;15",3.53176,"0;0.7;0.3"
38.3688,4.68887,0.39487,"1;1.78239;2.34201;2.59844;2.79877;2.84792;2.64695;2.6571;2.8076;3.29598;3.28127;3.44618;3.6399;4.09316;4.5502;5.02911;5.68625;6.53289;6.95008;7.8259;8.72134;9.54023;10.3822;11.1442;11.7293;12.5478;13.3185;13.5822;14.4927;15.2415;15.9733;16.9131;17.6405;17.9895;18.5358;19.1021;19.9409;20.1515;20.6458;21.3092;21.582;21.9585;22.0562;22.2013;22.2159;21.8698;21.4867;21.4257;21.1397;20.8775;20.6392;21","15;14.5608;13.7539;12.8034;11.8681;11.5997;10.7296;10.3757;9.47806;8.79536;7.90735;6.99577;6.62839;5.90915;5.05228;4.80402;4.3713;3.94278;3.78469;3.51471;3.40256;3.39157;3.78305;3.51456;3.34297;3.63033;3.96364;3.95049;3.67142;3.5922;3.55812;3.57099;4.11358;4.52006;4.93223;5.64876;6.17885;6.30576;6.98473;7.56398;8.2337;9.12524;9.37207;10.0955;11.0373;11.8617;12.5861;13.2903;13.7447;13.9564;14.1107;15",3.5438,"0;0.733333;0.266667"
39.5286,4.65795,0.405255,"1;1.50289;1.84586;2.06263;2.14008;2.29998;2.29537;2.30173;2.3762;2.2925;2.66376;2.93647;3.2522;3.42785;3.80393;3.91444;4.38768;4.69841;5.57465;5.88993;6.7127;6.94468;7.78694;8.06529;8.82367;9.64401;10.4173;11.3664;11.6051;12.5499;12.9521;13.7775;14.206;14.765;15.186;15.9225;16.246;16.4495;17.3692;18.1641;18.7077;19.5278;20.1168;20.5319;21.2457;22.0682;22.0217;22.0742;22.5535;23.0841;23.3046;22.8994;22.8986;23.1111;22.4185;21.5974;20.9954;20.7204;21","15;14.4063;14.044;13.6127;13.0489;12.445;11.6516;11.2267;10.5602;9.89126;9.00664;8.59456;7.8789;7.00045;6.42123;6.09035;5.23765;5.13488;4.93645;4.80963;4.42154;4.29379;3.80504;3.59978;3.62784;3.38352;3.37457;3.45796;3.45849;3.58386;3.65331;3.81818;3.94326;4.21285;4.45715;4.48237;4.56469;4.61065;4.95625;5.22404;5.35;5.51252;5.79155;6.53657;7.22859;7.71412;8.52139;9.51294;10.0795;10.9;11.0406;11.9131;12.4697;13.1147;13.6145;13.8027;13.8963;14.4548;15",3.66566,"0;0.766667;0.233333"
29.6597,2.26804,12.8855,"1;1.46203;1.88167;2.19903;2.19377;2.41345;2.98312;3.08487;3.35198;3.66164;3.9299;4.31524;4.80326;5.45441;6.18824;7.02495;7.43288;7.99312;8.54797;9.24895;9.92498;10.8299;11.6418;12.3621;13.0399;13.6946;14.5232;15.2508;16.0095;16.5095;17.0839;17.4478;18.254;18.795;19.6687;19.9088;20.0882;20.1691;20.4917;20.9603;21.2118;21.2821;21","15;15.1387;15.5422;16.3784;16.4875;16.6176;17.2908;17.5316;18.2719;18.824;19.1865;19.6392;20.0093;20.7452;21.1812;21.5233;22.2871;23.0922;23.5297;23.7748;23.6556;23.861;23.8738;23.6987;23.3983;23.2601;23.0808;22.8514;22.4634;22.2906;21.9732;21.5334;21.1555;20.774;20.3668;19.5182;18.9957;18.5471;17.6244;16.8296;16.2327;15.3879;15",4.39154,"0;0.8;0.2"
30.5589,2.14292,13.1264,"1;1.84939;2.38674;2.68654;3.07924;3.2725;3.40823;3.593;4.07315;4.50418;4.72052;5.5064;5.88571;6.77272;7.48067;8.21364;8.60687;8.96258;9.68156;10.6227;10.8503;11.6732;12.3649;13.2001;14.0363;15.0085;15.4787;15.8993;16.551;17.303;17.8793;18.2693;19.0856;19.3461;19.5102;19.7431;20.0871;20.5384;20.7566;20.9962;21.4777;21","15;15.2364;15.8019;16.3036;17.1386;17.6048;18.299;19.0642;19.7788;20.6515;21.5948;21.9551;22.1544;22.5961;22.8533;22.9597;23.2075;23.3139;23.7965;23.8977;23.8761;24.1182;24.1051;23.9629;23.64;23.55;23.4425;23.0365;22.5544;22.3758;21.8193;21.2651;20.8432;20.213;19.6249;18.7541;18.4196;17.6549;16.8254;16.2738;15.6743;15",3.97351,"0;0.833333;0.166667"
30.1171,2.15402,13.0496,"1;1.44718;1.94475;2.14974;2.82239;2.97542;3.29996;3.60549;3.8393;4.40427;5.12507;5.39009;6.12869;6.77719;7.40938;8.02071;8.53015;9.09653;10.0445;10.7869;11.7553;12.6268;13.4425;13.5012;14.4445;15.4009;15.9787;16.8723;17.5866;18.1145;18.4501;19.0113;19.5745;19.9224;20.252;20.4657;20.3925;20.348;21.0346;21","15;15.0784;15.7845;16.1383;16.8677;17.3007;17.83;18.6327;19.5874;20.4015;20.9914;21.5602;22.1817;22.6819;23.039;23.3973;23.6205;23.8436;24.0521;24.1721;24.2401;24.1155;23.6106;23.5233;23.4019;23.3861;23.2366;22.8697;22.2351;21.5515;20.9289;20.3972;19.8979;19.047;18.3127;17.3894;16.5803;16.4108;15.8074;15",3.60676,"0;0.866667;0.133333"
30.2439,2.12199,13.3436,"1;1.55399;2.06612;2.22973;2.56861;2.8908;3.25943;3.49932;3.96851;4.32831;4.81186;5.20967;5.57282;6.04909;6.83086;7.28058;7.70271;8.60408;9.09614;10.019;10.9623;11.9428;12.3808;13.0041;13.888;14.4478;15.0184;15.8072;16.1835;17.063;17.7403;17.8887;18.6581;19.1931;19.4182;19.772;20.443;20.65;21.0228;21.0959;21.1776;21.1154;21","15;15.3131;16.1136;16.775;17.5766;18.2064;18.9147;19.28;19.8682;20.499;20.9059;21.4767;22.0482;22.5202;22.9164;23.1018;23.381;23.6213;23.7857;24.049;23.9467;23.7818;23.7932;23.3299;23.3126;23.2113;23.2214;22.9503;22.8067;22.3805;22.0588;21.7312;21.4958;20.9912;20.7606;20.5245;19.8398;19.2554;18.4806;17.6914;16.7446;15.8977;15",3.24415,"0;0.9;0.1"
32.3146,2.10942,13.9336,"1;1.71828;2.33595;2.72579;2.83824;2.91467;3.29548;3.69657;3.43809;3.90617;3.98257;4.27132;4.81662;5.42845;5.8075;6.48311;6.96459;7.5702;8.34234;9.13054;9.99466;10.9427;11.9282;12.4445;13.1303;13.4861;14.2123;14.931;15.4365;16.3721;17.2168;17.9999;18.4556;18.678;19.2582;19.7958;20.2909;20.9775;21.3116;21.3295;21.6031;21.99;21.9721;21.7616;21.1864;21","15;15.423;15.7554;15.9622;16.7298;16.9621;17.6579;18.2096;19.0513;19.4074;19.9675;20.5363;21.1966;21.9828;22.4381;23.1111;23.3596;23.6441;24.0474;24.2803;24.0891;24.044;24.1255;24.0722;24.1384;24.4027;24.4899;24.054;23.764;23.5188;23.0626;22.7066;22.1321;21.8745;21.0955;20.5361;19.8506;19.1871;18.5054;17.6458;17.0576;16.3803;16.052;15.6728;15.1137;15",2.8977,"0;0.933333;0.0666667"
33.0403,1.9909,14.4067,"1;1.4653;1.85281;2.48346;2.80384;2.80366;3.15025;3.43583;3.69498;3.88076;4.57611;5.12349;5.70487;6.29535;6.62637;7.47831;8.29626;8.77204;9.67303;10.462;11.3658;11.5977;12.4321;13.0479;14.027;14.9336;15.575;16.3417;17.2842;18.0038;18.3864;19.0895;19.9373;20.3093;20.6968;20.9492;21.5018;21.9296;22.0655;22.1228;22.1933;22.1678;21.9465;21.3118;21","15;15.2243;15.5222;16.2983;17.0722;17.8575;18.3765;18.9455;19.6709;20.5446;21.1565;21.7996;22.33;22.7909;23.4895;23.9663;24.264;24.5764;24.9174;25.1605;24.9651;24.8763;24.9022;24.8122;24.6948;24.3705;24.139;23.6528;23.4351;23.0707;22.7496;22.0854;21.6423;21.1052;20.4389;20.0778;19.2985;18.7846;18.2915;17.3625;17.0655;16.2522;15.7956;15.476;15",2.40476,"0;0.966667;0.0333333"
34.5469,1.94989,15.0656,"1;1.88176;2.35529;2.57876;2.95273;3.10302;3.43431;3.78245;4.21408;4.60713;5.02585;5.39133;5.82437;6.31277;6.85908;7.54788;8.25293;8.69646;9.35623;9.73504;10.634;11.358;12.0718;12.9601;13.6625;13.8778;14.771;15.3011;16.1386;17.0558;17.1657;18.0361;18.8856;19.4281;19.935;20.6539;20.9147;21.4726;21.8713;22.1688;22.35;22.6467;22.7457;22.7819;22.6449;22.2705;21.8861;21","15;15.469;16.241;16.6945;17.5898;18.04;18.9038;19.619;20.4612;21.1259;21.6586;22.1957;22.6951;23.204;23.6307;24.1391;24.5315;24.7755;25.1108;25.2235;25.5626;25.6955;25.8083;25.8038;25.7542;25.7299;25.4896;25.3412;24.9723;24.5897;24.5637;24.1584;23.6528;23.3017;22.9346;22.3754;22.092;21.3576;20.6607;20.0541;19.6508;18.7292;18.3475;17.5494;16.8496;15.9556;15.4405;15",1.94989,"0;1;0"
21.2971,62.7031,0.240026,"1;1.37911;2.03123;2.33186;3.15764;3.79488;4.60584;5.39942;6.2495;6.434;7.42161;7.90131;8.66185;9.59651;10.5224;11.264;12.0707;12.9954;13.502;14.0166;14.8937;15.7543;16.4089;17.0747;17.9372;18.8578;19.3767;20.0022;20.6383;21","15;14.7168;14.4446;14.1817;13.6766;13.2982;12.9553;12.7937;12.9369;13.0226;13.0476;12.9465;12.592;12.5487;12.9152;12.9559;13.3121;13.5139;13.6572;13.8579;13.9108;14.1035;14.0462;14.1558;14.3752;14.6465;14.8494;14.4809;14.7584;15",0.941926,"0.0333333;0;0.966667"
31.4137,8.31285,0.324013,"1;1.37847;1.6769;2.06516;2.10755;2.60735;2.9339;3.16791;3.80841;4.36027;4.58644;5.00433;5.89342;6.37023;6.75658;7.25341;7.69272;8.29126;9.07321;9.91629;10.1952;11.0516;11.737;12.7153;13.4366;14.227;14.6134;15.2512;15.7893;16.4061;16.6931;17.5043;17.7848;17.9157;18.5243;19.0051;19.4156;19.5685;20.0551;19.9936;19.6873;20.4584;21","15;14.4173;13.5556;12.8094;12.3183;11.4639;10.9228;10.6061;9.91687;9.14013;8.38186;7.98572;7.60552;6.72652;6.50105;6.15357;6.00261;5.5674;5.14806;5.00111;4.95532;4.97942;4.76088;4.66279;4.89533;5.20053;5.44401;6.10853;6.84771;7.40792;7.73137;8.18822;8.81048;9.49021;10.0516;10.7074;11.3705;11.8204;12.6252;13.0015;13.9228;14.3462;15",1.62663,"0.0333333;0.0333333;0.933333"
34.4521,5.01091,0.353395,"1;1.499;1.86935;2.08114;2.37702;2.50335;2.4757;2.76807;3.0252;3.19321;3.495;3.91415;4.1764;4.58803;4.93779;5.77706;6.61273;7.36309;8.14243;8.89064;9.57804;10.3741;10.6977;11.6025;11.8725;12.7434;13.7184;14.2166;14.8201;15.6709;16.5956;17.0429;17.6553;18.3153;18.9126;19.2894;19.7018;19.9877;20.506;20.6981;20.9335;21.301;20.7903;20.7083;20.9502;20.7486;21","15;14.3781;13.4927;13.1499;12.2293;11.7287;10.7469;10.022;9.20446;9.00838;8.27249;7.65555;7.2291;6.51148;5.79047;5.33083;4.91023;4.77252;4.45755;4.24267;4.06782;4.06791;4.04964;4.0615;3.9666;4.12716;4.34941;4.55786;4.3631;4.88847;5.0648;5.40957;5.92504;6.44937;7.21549;7.61696;8.40829;8.92914;9.27278;9.93462;10.7576;11.6802;12.5287;12.7585;13.6923;14.1307;15",1.80052,"0.0333333;0.0666667;0.9"
34.1649,5.53918,0.356227,"1;1.73082;2.16242;2.1886;2.5499;2.64015;2.84118;3.11134;3.23485;3.57017;4.08829;4.2989;4.96599;5.56467;6.37932;6.67265;7.38639;7.6511;7.85848;8.7227;9.54702;10.2955;10.7411;11.5141;11.8837;12.7461;13.0961;13.6911;14.4568;15.0731;15.2846;16.0397;16.836;17.3176;17.7534;17.9612;18.6288;19.2804;19.3545;19.676;20.1751;20.5422;20.4837;20.6616;20.5114;20.375;20.4774;21","15;14.4143;13.5729;12.8871;12.3856;11.7258;10.7964;9.99188;9.04227;8.18441;7.5524;7.2368;6.8302;6.11254;5.73393;5.61248;5.09106;4.95557;4.85965;4.53417;4.00365;3.99266;4.14783;4.01009;4.15537;4.14832;4.21377;4.36484;4.78607;5.1694;5.02205;5.55306;5.9337;6.38742;7.06091;7.76749;7.7293;8.43711;8.94435;9.64111;10.2398;11.0966;11.9163;12.7223;13.5388;14.4351;14.9904;15",2.00148,"0.0333333;0.1;0.866667"
33.9365,5.19678,0.348897,"1;1.43042;1.66819;1.84152;1.94219;2.21245;2.44351;2.504;2.67185;2.60562;2.65699;2.76165;3.20739;3.6703;3.96623;4.52822;5.35479;6.08105;6.9926;7.53376;8.43321;9.22023;9.83296;10.6918;11.3499;12.2465;13.096;13.8712;14.2489;14.8661;15.5979;16.2275;16.5712;17.1406;17.8407;18.3278;18.6575;19.3129;19.4918;19.5958;19.9794;20.3964;20.6128;20.5186;20.7151;20.7235;20.7545;21","15;14.6394;14.256;13.5888;13.0026;12.0402;11.1474;10.7435;10.0563;9.16408;8.6232;8.07836;7.47232;6.97827;6.64981;6.24814;5.7198;5.33275;4.96356;4.69489;4.51212;4.26489;4.2137;4.19881;4.13677;3.97509;3.75082;3.97518;4.08662;4.50934;5.01934;5.3623;5.58084;6.02006;6.71588;7.36925;7.66482;8.14826;8.80392;9.35356;10.2088;10.6909;11.272;12.1261;12.9852;13.504;14.4783;15",2.11487,"0.0333333;0.133333;0.833333"
35.8563,4.938,0.37118,"1;1.68602;2.24386;2.46152;2.65108;2.78889;2.77757;2.67453;2.8607;3.23113;3.08742;3.35762;3.84924;3.95902;4.40671;4.8708;5.33606;5.84156;6.25046;6.86483;7.43187;8.0135;8.70509;9.0278;9.86963;10.8133;11.2198;12.0025;12.7976;13.265;13.8966;14.6195;15.3323;16.0231;16.9508;17.2746;17.8437;18.6161;19.24;19.2317;19.6377;19.9486;20.3441;20.803;21.0337;21.1607;21.1222;21.3333;21.1356;21","15;14.8285;13.9991;13.6554;13.228;12.3312;11.9772;11.1988;10.5207;9.63093;8.80857;8.04195;7.5313;7.23273;6.52773;6.10674;5.53362;5.31614;4.92764;4.6716;4.39029;4.02955;3.94129;3.83913;3.50548;3.56615;3.86353;4.00478;4.1241;4.14121;4.32569;4.19398;3.98851;4.40584;4.58644;5.50821;6.30797;6.93828;6.87418;7.81028;8.6846;9.24151;9.93899;10.7985;11.1713;12.1513;12.9605;13.7151;14.569;15",2.31516,"0.0333333;0.166667;0.8"
35.8308,5.3014,0.374823,"1;1.75259;2.29059;2.41704;2.60009;2.70793;2.49274;2.4942;2.40334;2.66695;2.7899;3.20183;3.53192;4.15218;4.33977;4.56972;5.22766;5.61944;6.23245;7.17043;7.3872;8.33894;8.89371;9.60551;10.5593;10.9562;11.6603;12.4892;12.8375;13.7479;14.5403;15.4374;16.0181;16.3455;17.2026;17.9391;18.1975;18.2556;18.3977;18.9227;19.0268;18.9702;19.3663;19.2527;19.4951;19.7166;19.9901;20.1696;20.0916;19.6889;19.5957;20.1314;21","15;14.6935;14.23;13.4445;12.5873;12.1165;11.2866;11.0106;10.1563;9.44498;9.14295;8.44833;7.53439;6.78652;6.4822;5.96228;5.39281;4.92849;4.54348;4.21632;4.17743;3.92603;3.85351;3.53204;3.63018;3.68147;3.80753;4.06559;4.22558;4.39514;4.59021;4.90652;5.21122;5.3911;5.24577;5.8301;6.01015;6.22118;6.82531;7.65799;7.85026;8.45424;8.93816;9.71664;10.0533;10.4224;11.2344;11.9703;12.9213;13.7733;14.1406;14.6894;15",2.542,"0.0333333;0.2;0.766667"
35.0434,4.78365,0.360138,"1;1.68436;1.86833;2.2491;2.43891;2.56482;2.88113;3.04481;3.16765;3.34126;3.59064;3.85611;4.12416;4.78747;5.02937;5.8468;6.64925;7.31617;8.15713;9.00713;9.87561;10.6707;11.4834;12.0401;13.0158;13.7506;14.5335;15.4803;15.8774;16.6777;17.5199;18.359;18.9109;19.0673;19.6522;19.9534;20.417;20.7207;20.8145;20.9124;20.8254;21.244;21.4197;21.4338;21.4677;21","15;14.2709;13.4066;12.7315;12.2505;11.5181;10.6691;9.68564;8.77036;8.04442;7.6198;7.19815;6.80569;6.27639;5.6816;5.24134;4.98069;4.52602;4.10227;3.96658;3.77145;3.57501;3.37776;3.44784;3.43932;3.9263;4.37029;4.53239;4.59109;4.93092;5.41995;5.84752;6.3968;6.66083;7.41;7.85799;8.5863;9.30347;10.0769;10.7308;11.1744;12.0439;12.7914;13.5134;14.3438;15",2.5484,"0.0333333;0.233333;0.733333"
34.9391,4.9333,0.360189,"1;1.59232;2.00398;2.13061;2.10059;2.41811;2.39848;2.37837;2.34236;2.63385;2.90753;3.17756;3.49451;3.8653;4.53902;4.895;5.22217;5.8983;6.61644;6.90378;7.83514;8.70659;8.93839;9.69521;10.0162;10.6481;11.4507;12.268;12.4464;13.4177;14.2571;15.0219;15.7016;16.5092;16.9934;17.4958;17.6;17.9253;18.705;19.1278;19.5392;20.0874;20.3993;20.4466;20.6223;20.6061;20.7698;20.9502;21.0931;21.1375;21","15;14.7261;14.138;13.7049;13.0372;12.1234;11.4675;11.2232;10.9023;10.2113;9.67471;8.97018;8.3948;7.80692;7.12182;6.42686;6.05072;5.31393;4.72971;4.67131;4.39696;4.28583;4.10086;3.63585;3.27547;3.31583;3.0519;3.42218;3.57956;3.6684;4.00454;4.42351;4.47844;4.86374;5.47993;5.79705;5.88076;6.20017;6.76621;7.48045;8.16622;8.45338;9.24086;9.44443;10.2904;11.2898;11.8849;12.541;13.2375;14.033;15",2.73232,"0.0333333;0.266667;0.7"
35.8268,4.86312,0.369926,"1;1.72698;1.96364;2.19014;2.3229;2.45117;2.21747;2.24206;2.43809;2.68917;2.97598;3.34259;3.59593;4.3052;5.14186;5.59018;6.24496;7.03117;7.37951;8.13386;8.64703;9.45209;10.1481;10.5701;11.2823;12.0439;12.9175;13.7589;14.5844;15.2744;15.9199;16.8517;17.772;17.9268;18.572;18.9612;19.1646;19.7433;19.8751;20.1106;20.485;20.634;20.8191;20.9856;21.0675;20.8905;20.5188;21","15;14.6151;14.4118;13.6643;12.8782;12.0016;11.4001;10.509;9.57417;9.10396;8.62214;7.81495;7.12674;6.50857;5.97893;5.49052;4.82151;4.26008;4.23014;3.79611;3.41042;3.34904;3.53809;3.56473;3.62386;3.86854;4.0136;4.39287;4.10189;4.24567;4.25097;4.61402;4.99658;5.15035;5.83802;6.18677;7.03974;7.82959;8.31225;9.2735;10.0487;10.7862;11.3968;11.9366;12.6244;13.4803;14.3517;15",2.89978,"0.0333333;0.3;0.666667"
37.3982,4.75963,0.393996,"1;1.25601;1.44018;1.82054;2.13721;2.38554;2.69085;2.7411;2.98064;2.97941;3.31677;3.74803;4.27384;4.48464;4.88286;5.35428;6.187;6.86603;7.81306;8.79291;9.55986;10.0479;10.6108;11.4169;11.9005;12.6722;13.3286;13.9395;14.7203;15.1045;15.6975;16.5553;16.891;17.5333;18.2525;18.5529;18.9966;19.1809;19.4802;19.7551;20.3104;20.2748;20.6928;20.912;21.206;21.6599;22.0791;22.3558;22.3489;21.7364;21.8567;20.9322;21","15;14.6562;14.3613;13.6007;12.8736;12.0423;11.1079;10.1547;9.59213;9.06992;8.29322;7.525;6.71085;6.41294;5.53151;4.91064;4.55982;3.93158;3.92949;3.76932;3.57293;3.45738;3.45236;3.49705;3.71506;3.6295;3.84937;4.0693;3.66068;3.77962;3.88734;4.14229;4.23651;4.8034;5.36489;5.65722;6.05426;6.57436;7.30901;7.87303;8.60166;9.55525;10.0838;10.4128;11.1074;11.5368;12.1047;12.8809;13.6344;14.2272;14.8434;15.1847;15",3.08268,"0.0333333;0.333333;0.633333"
38.6212,5.23914,0.40074,"1;1.59061;1.96599;2.37427;2.63398;2.8168;2.5284;2.87285;2.91081;3.06255;3.15989;3.4141;3.6807;3.71615;4.30464;4.52378;5.11535;5.33946;6.07401;6.67513;7.65409;8.57365;8.91515;9.84897;10.7015;11.4891;12.3808;12.9995;13.8673;14.124;14.9812;15.77;16.3926;16.991;17.3619;18.1154;18.2805;18.4635;18.4347;18.8552;19.4636;20.1334;20.8371;21.2624;21.8022;22.4443;22.2135;22.5158;22.5212;22.5543;21.6748;21.2866;20.5776;20.396;21","15;14.294;13.6831;13.2031;12.5438;11.7191;10.9947;10.5794;9.79856;8.9941;8.78817;8.31334;7.58373;7.28324;6.56696;6.33018;5.75743;5.54667;5.08087;4.54522;4.47765;4.40907;4.38745;4.27087;4.11271;4.21884;4.01659;3.77714;4.19255;4.91493;5.41244;5.34326;5.14255;5.65101;5.74377;6.35305;6.55924;6.79969;7.42768;7.88645;8.58964;8.59191;8.69735;8.89843;9.6146;10.2201;10.8041;11.6391;12.5185;13.1772;13.3614;13.3747;14.0196;14.9696;15",3.44883,"0.0333333;0.366667;0.6"
35.1837,4.74362,0.362359,"1;1.30964;2.07955;2.29105;2.35475;2.40029;2.52515;2.64329;2.66736;2.7732;2.99012;3.24432;3.38938;3.77802;4.0198;4.36743;4.64946;5.06772;5.71319;6.3416;7.07759;7.94555;8.91096;9.76598;10.404;11.1424;11.9957;12.9369;13.9126;14.7784;15.5038;16.3118;16.8713;17.634;18.2552;18.5453;19.1275;19.4256;19.7694;20.0848;20.6954;21.2218;21.2803;21.3668;21.1271;20.9843;21.0005;21","15;14.8378;14.219;13.866;13.227;12.259;12.0786;11.2117;11.0734;10.5132;9.6053;8.78445;8.08992;7.31103;6.78244;6.25269;5.73919;5.13319;4.95956;4.6537;3.98616;3.97432;3.76698;3.81029;3.98201;3.91649;3.77581;4.09537;4.3131;4.33981;4.58408;5.15767;5.3725;5.93572;6.46811;6.68431;7.20345;7.90287;8.19709;8.48955;9.11085;9.77062;10.671;11.4579;12.1494;13.0381;14.0141;15",3.27557,"0.0333333;0.4;0.566667"
38.6004,4.65674,0.400075,"1;1.76895;1.92487;2.08757;2.01391;2.15019;2.27367;2.61928;2.5901;2.51474;2.88059;2.92188;3.30757;3.47335;3.93945;4.51315;5.26605;5.53193;6.21733;7.03821;7.7975;8.60529;9.05974;9.75661;10.512;10.7336;11.5582;12.2264;12.594;13.3902;14.3005;15.0461;15.8927;16.3823;16.8576;17.42;18.3824;18.9978;19.714;20.142;20.8922;21.1064;21.9102;22.4604;22.46;22.4343;22.7127;23.0068;22.6833;22.3656;22.0963;21.5826;21.3407;21","15;14.6772;14.4825;13.6927;13.2082;12.4049;11.4203;10.7153;9.96348;9.00524;8.15835;8.03533;7.18227;6.75091;6.15696;5.37678;4.92861;4.72048;4.43008;3.99164;3.57369;3.59576;3.818;3.95197;4.01511;3.86498;3.77372;3.5418;3.72295;4.00597;3.7365;3.733;3.97504;4.172;4.94716;5.2208;5.28791;5.571;6.15942;6.6498;7.27416;7.78151;8.27832;8.79866;9.79746;10.1877;10.9243;11.6267;12.4723;12.8816;13.7941;14.2621;14.9168;15",3.51797,"0.0333333;0.433333;0.533333"
35.2456,5.10185,0.36527,"1;1.28788;1.75677;2.0079;2.31655;2.55392;2.60693;2.73864;2.84958;3.11629;3.38474;3.85284;3.9513;4.17581;4.2212;4.76215;5.32114;5.95884;6.78641;7.67758;8.44495;9.22934;9.56914;10.0327;10.5819;11.4285;12.1744;12.9907;13.7997;14.3467;15.0586;15.5408;16.3956;17.1458;18.0011;18.1139;18.2414;18.6668;19.0072;19.2981;19.8234;20.1811;20.25;20.3707;20.1415;20.3523;20.0726;20.2307;20.3011;21","15;14.8935;14.3463;14.0123;13.4926;12.997;12.0553;11.3006;10.8299;9.91384;9.01433;8.19236;7.43485;6.64212;6.5479;5.87712;5.30759;4.90435;4.73088;4.27749;4.06617;3.97837;3.6095;3.56542;3.32033;3.4886;3.58099;3.98319;4.42387;4.29138;4.69558;4.67994;5.12048;5.33063;5.65401;5.74402;6.65726;7.11963;7.67081;8.48837;9.05471;9.98403;10.357;11.0277;11.8827;12.6752;13.5232;14.1614;14.5985;15",3.73835,"0.0333333;0.466667;0.5"
35.5975,4.73102,0.366575,"1;1.75986;1.98206;2.34866;2.27549;2.35568;2.42933;2.63726;2.82672;2.76499;2.89156;3.43173;4.02294;4.36864;4.86452;5.36336;5.7441;6.41237;7.27404;7.83425;8.73666;9.67977;10.387;11.0365;11.3059;12.2816;12.9599;13.8235;14.5033;14.9149;15.9025;16.6331;17.0825;17.8054;18.2812;18.528;19.2108;19.8914;20.0378;20.2257;20.7281;21.0433;21.3913;21.4745;21.6565;21.7413;21.4392;21","15;14.4762;14.1675;13.5064;12.5202;12.2267;11.5291;10.6391;9.9674;9.57833;8.83854;8.02085;7.32001;6.46424;5.69726;5.28736;5.02621;4.51863;4.40944;3.93874;3.61481;3.29525;3.20449;3.10526;3.1536;3.12116;3.51738;3.8157;4.12103;4.57534;4.63306;5.03639;5.48427;6.03088;6.76341;6.85875;7.26459;7.97364;8.22522;8.66791;9.29496;10.1108;11.0303;11.4595;12.3318;13.3072;14.196;15",3.72316,"0.0333333;0.5;0.466667"
36.6946,4.58505,0.379375,"1;1.50778;2.24187;2.30922;2.2412;2.43929;2.37558;2.53764;2.86796;3.10773;3.37772;3.44862;3.8933;4.11581;4.42458;4.96789;5.61084;6.01208;6.84231;7.57181;8.35675;8.91141;9.79969;10.2655;10.5303;11.3929;12.3788;12.9893;13.7015;14.5515;14.6689;15.2036;15.6709;16.3061;17.1808;18.0971;18.8785;19.3744;19.7793;20.4051;20.8191;21.33;21.3754;21.6071;21.6517;21.6551;21.7696;21.6482;21.5335;21.4283;21","15;14.8183;14.2815;13.6968;12.7923;12.2236;11.5298;10.5573;9.63454;8.75175;7.84533;7.0023;6.33191;5.97361;5.56223;5.04109;4.74937;4.45758;4.12745;3.75136;3.52465;3.23073;3.25216;3.17963;3.25052;3.44393;3.61094;3.48819;3.59879;3.6713;3.67827;4.14388;4.48358;4.7019;5.14153;5.44672;5.66659;6.14613;6.58497;7.30577;8.17749;8.99715;9.67109;10.3681;10.939;11.173;12.0276;12.8361;13.7039;14.3497;15",3.83291,"0.0333333;0.533333;0.433333"
28.4869,2.58274,12.0586,"1;1.86304;2.43179;2.73031;2.93105;3.31998;3.63414;3.68683;4.07089;4.75033;4.88727;5.84112;6.07964;6.83654;7.41564;8.30368;8.96204;9.87118;10.835;11.251;12.0166;12.756;13.7058;14.5008;15.1986;15.8702;16.6227;17.1255;17.6152;18.1499;18.4778;18.8998;19.0815;19.8471;19.953;20.2602;20.4902;21","15;15.4313;15.9573;16.5661;17.047;17.6772;18.6145;19.3187;20.2386;20.6918;20.8997;21.041;21.4369;21.8691;22.1367;22.2104;22.4384;22.6194;22.5863;22.6523;22.7937;22.6523;22.7481;22.7959;22.6562;22.0738;21.9179;21.2174;20.6427;19.8452;19.3321;18.4604;18.1097;17.5374;16.7955;15.915;15.0889;15",7.23654,"0.0333333;0.566667;0.4"
36.0766,4.62874,0.371047,"1;1.5528;1.87833;2.01515;2.26011;2.51553;2.61776;2.57852;2.81924;2.89781;3.0687;3.44029;3.68239;3.83236;3.93336;3.82785;4.46485;4.9465;5.74961;6.49367;7.45889;8.17973;9.17633;9.5816;10.4085;11.0362;11.7324;12.5326;13.512;14.17;14.798;15.6686;15.8912;16.7727;17.0021;17.8032;18.5289;19.2349;19.4145;20.0443;20.3099;20.3553;20.6948;21.1164;21.4023;21.5792;21.6051;21.4079;21.3795;21.2402;21","15;14.6687;14.1904;13.7117;13.1996;12.2881;11.3576;10.8442;10.2367;10.0393;9.16757;8.39218;7.45605;6.79742;6.23658;5.97031;5.19945;5.03249;4.66838;4.40145;4.30441;3.91758;3.89294;3.91122;3.66399;3.59094;3.88648;3.74804;3.86294;4.06603;4.18582;4.2532;4.4157;4.70069;4.82737;5.21325;5.56024;6.07916;6.32148;7.02729;7.81377;8.73582;9.45727;10.2922;10.7802;11.5729;12.3782;13.0226;13.5012;14.2715;15",4.11584,"0.0333333;0.6;0.366667"
38.1439,7.0513,0.464886,"1;1.45679;1.93479;2.33246;2.59903;2.56541;2.58637;2.78289;2.89454;2.92373;3.25768;3.55083;3.74294;4.12469;4.28022;4.72614;5.49367;6.21228;6.97744;7.37588;8.05599;9.02133;9.94172;10.8576;11.7137;12.2174;12.9803;13.7144;14.3521;15.0872;15.6584;15.8674;16.0596;16.1881;16.9899;17.5034;17.5356;18.1156;18.9602;19.1425;19.1345;18.8019;18.9415;19.6227;19.2856;18.9281;19.3456;19.6853;20.4246;21.2907;21","15;14.7425;14.3107;13.6927;12.9033;12.2463;11.3942;10.6542;10.1894;9.1975;8.30651;7.70811;6.92217;6.28791;5.82864;4.97423;4.62338;4.45168;4.36143;4.3434;4.27873;4.1561;4.16678;4.03987;3.92587;3.89221;3.98446;3.97902;4.21473;4.49028;4.84107;5.4803;6.36448;7.1789;7.65806;8.48499;9.31385;9.8034;10.1176;10.2482;11.1519;11.9033;12.8207;13.4305;14.2382;15.0969;15.2965;15.7737;15.2016;14.7106;15",5.89224,"0.0333333;0.633333;0.333333"
40.9224,4.65852,0.455342,"1;1.77065;2.07002;2.43107;2.59951;2.58912;2.37695;2.45193;2.31916;2.63493;2.58232;3.1608;3.49479;4.08185;4.30078;4.8914;5.24026;5.50634;6.19159;6.48703;7.37776;7.65677;8.57411;9.52132;10.0418;10.9304;11.466;12.0398;12.9629;13.6056;14.3686;15.0731;15.3922;16.0092;16.5914;16.8636;17.7402;18.4038;19.0365;19.3016;19.9469;19.9812;20.358;20.4016;20.7871;21.3154;21.7109;22.335;23.052;23.8291;23.8489;23.7475;23.2;23.1876;23.0223;22.5433;22.0529;21.2415;21","15;14.6756;14.3814;13.5442;12.7966;11.9152;11.0345;10.4813;9.83616;9.03244;8.70223;7.96781;7.26873;6.56312;5.95198;5.44648;5.15764;5.01254;4.34677;4.02878;3.8221;3.66434;3.63974;3.32415;3.35215;3.11034;3.33285;3.24664;3.59148;3.87744;3.96203;3.68501;3.74353;3.65311;3.79296;4.30682;4.5395;4.74963;5.40791;5.78179;6.50284;6.6479;7.53021;7.77685;7.89796;8.6172;9.0215;9.50067;9.94088;10.5436;11.4137;12.1018;12.8972;13.7503;14.5143;14.9863;15.2354;15.4303;15",4.60636,"0.0333333;0.666667;0.3"
28.525,2.43416,12.2036,"1;1.89198;2.36927;3.0541;3.26822;3.56501;4.07818;4.51041;4.99412;5.57993;5.82309;6.62329;7.12632;7.67436;7.87689;8.64964;9.51977;10.2425;11.1733;11.745;12.3893;13.1418;14.0062;14.696;15.4634;16.1098;16.6818;17.6;18.3416;18.5598;19.1182;19.4692;19.671;20.0452;20.479;20.714;21.1829;21.0725;21","15;15.2189;16.09;16.7327;17.627;18.2573;19.0125;19.7423;20.1585;20.7403;20.89;21.2531;21.5403;21.8596;21.9601;22.5058;22.941;23.0237;23.0156;23.1164;23.0503;23.0482;22.8984;22.3859;22.4011;22.0106;21.7274;21.4634;21.1336;20.754;20.1077;19.7212;18.7441;18.0244;17.4532;17.1472;16.2663;15.7981;15",5.90905,"0.0333333;0.7;0.266667"
38.4887,4.7414,0.398326,"1;1.51616;1.7315;1.92208;2.14379;2.37788;2.50834;2.60105;2.85955;2.82936;2.89312;3.35214;3.67345;4.12089;4.45272;5.12524;5.96168;6.74308;7.47103;8.08788;8.65281;9.21101;10.0597;10.6942;11.236;11.8715;12.6219;13.5363;14.0649;14.3467;15.1152;15.9577;16.355;17.1978;17.5239;18.3957;18.8704;19.6915;19.9396;20.6714;21.6035;21.8887;22.3665;22.842;23.0464;23.3381;23.7852;23.6106;23.1877;22.9231;22.084;21.5983;21","15;14.6523;14.0184;13.2513;12.4879;11.6795;11.0853;10.183;9.30419;9.01744;8.15596;7.5404;7.05442;6.41252;5.68224;5.06872;4.77436;4.64329;4.55658;4.08533;3.98079;3.97628;3.47381;3.22591;3.17663;3.44133;3.74149;3.66963;4.29174;4.51954;4.76166;5.0606;5.44331;5.59361;5.97311;6.19305;6.64141;7.03209;7.16797;7.74743;8.02724;8.75193;9.2012;10.0138;10.4489;11.3284;12.015;12.9058;13.6894;13.8875;14.3404;14.6876;15",4.85292,"0.0333333;0.733333;0.233333"
36.9822,4.63443,0.383557,"1;1.65016;1.95173;2.20776;2.4448;2.42899;2.69755;2.67666;2.74151;3.0391;3.08251;3.30546;3.59564;4.10834;4.57904;5.02293;5.77661;6.17031;6.99122;7.46313;7.99573;8.63385;9.07388;9.91907;10.7271;11.48;12.3875;12.7304;13.4119;14.2103;14.703;15.3419;16.2814;16.897;17.364;17.9205;18.66;19.5414;20.0122;20.3699;21.0274;21.5553;21.7618;21.9256;21.7901;22.1187;21.6599;21.7305;21.7835;21.9494;21.3531;21.2898;21.3619;21","15;14.6268;13.7985;13.3659;12.8422;12.0974;11.1392;11.0089;10.5417;9.60681;8.95938;8.36056;7.54014;6.8648;6.56183;5.70315;5.10377;4.90199;4.52344;4.15187;3.87044;3.91792;3.78275;3.57161;3.6742;3.56883;3.74919;3.80145;3.88979;4.02199;4.186;4.35898;4.69319;4.9933;5.2953;5.93791;6.09247;6.25635;6.4065;7.07509;7.57025;8.22108;8.79471;9.67566;9.82752;10.4604;10.948;11.4129;12.1675;12.7949;13.516;14.0235;14.9986;15",4.86251,"0.0333333;0.766667;0.2"
30.2595,2.14696,13.1893,"1;1.78333;2.11601;2.44546;2.72363;3.30265;3.51272;3.90825;4.3085;4.50606;5.2202;5.55175;5.90082;6.29025;7.0786;7.8678;8.55994;9.27563;10.025;10.696;11.266;12.035;12.8757;13.6361;14.0887;14.7655;15.3311;16.125;16.7258;17.3922;18.0678;18.7386;19.4259;20.2139;20.7345;20.8784;21.1164;21.1041;21.1023;21.0402;21.0312;21","15;15.1963;15.8765;16.3741;16.8442;17.6292;18.5217;18.8643;19.4467;19.98;20.6757;21.1542;21.6291;21.9996;22.3563;22.953;23.5348;23.6026;23.6462;24.0521;23.879;23.8398;23.8057;23.7375;23.6596;23.3752;23.2288;22.8224;22.5127;22.402;22.1061;21.7168;21.0131;20.431;19.8413;19.0298;18.0946;17.3997;16.539;15.59;15.3625;15",4.92445,"0.0333333;0.8;0.166667"
29.6176,2.21207,12.9012,"1;1.39581;2.05622;2.46567;2.79894;2.96346;3.64768;3.79037;4.28304;4.6612;5.12006;5.4536;5.95121;6.68577;7.17977;7.48478;8.09933;8.53313;9.35507;10.0986;10.9613;11.8914;12.3596;13.3076;13.9714;14.7196;15.3207;15.8452;16.7071;17.0165;17.608;18.0605;18.7698;19.4013;19.8913;20.3148;20.8488;20.9909;20.9187;20.8115;20.6749;21","15;15.2777;15.8169;16.228;16.983;17.6454;18.2644;19.1358;19.7312;19.9905;20.6668;21;21.4179;22.0843;22.5949;22.7595;23.1168;23.0506;23.489;23.4889;23.5333;23.5868;23.5826;23.8395;23.5573;23.2571;23.1921;22.9422;22.5444;22.2593;21.484;21.2591;20.8092;20.3491;19.7009;18.9029;18.2221;17.5469;16.9646;16.5631;15.7766;15",4.55079,"0.0333333;0.833333;0.133333"
30.242,2.14077,13.3011,"1;1.34881;1.68073;2.05293;2.31729;2.4556;2.62695;2.7993;3.41221;3.78477;4.06917;4.50384;5.30448;5.9034;6.30915;6.86004;7.44795;7.82915;8.80378;9.35433;10.3412;10.5891;11.3665;11.9784;12.505;13.2992;14.0667;14.7724;15.4438;16.2174;16.8428;17.5847;18.3605;18.9476;19.3341;19.9089;20.5204;20.4675;20.8752;21.0525;21.1683;21.1391;21","15;15.1577;15.3732;15.9958;16.6631;17.0796;17.7441;18.5755;19.364;20.0134;20.6047;21.422;21.9366;22.3861;22.8189;22.9549;23.2479;23.5425;23.535;23.9954;24.1571;24.1383;24.2176;24.3081;23.9899;23.8499;23.6022;23.1697;22.8439;22.2363;22.1608;21.5559;20.9598;20.4333;20.1266;19.5983;18.8141;18.4294;17.5398;16.5891;16.3215;15.4746;15",4.19351,"0.0333333;0.866667;0.1"
29.7206,2.13772,13.0145,"1;1.47466;1.89287;2.22078;2.56337;2.76933;3.02188;3.3887;3.86044;4.31399;4.74784;4.96775;5.64382;6.51229;7.15132;7.41334;8.18797;9.13896;9.60388;10.4203;11.0422;11.7492;12.6364;13.5962;14.5128;15.306;16.1455;16.6549;17.2099;17.6548;18.4067;18.6903;19.1637;19.5304;19.9415;20.4574;20.4897;20.9528;21.0469;21.2136;21.0169;21","15;15.3073;15.7359;16.1142;16.7117;17.4716;18.0037;18.6827;19.3714;19.8632;20.7493;20.9979;21.3978;21.8384;22.4108;22.6126;23.0323;23.0572;23.326;23.6562;23.7039;23.9051;24.0529;23.95;23.6162;23.162;22.9299;22.8483;22.5416;22.3604;21.8009;21.5578;21.0119;20.374;19.5653;18.8832;18.124;17.2416;16.6916;16.0104;15.2791;15",3.78227,"0.0333333;0.9;0.0666667"
31.9774,2.15819,14.1097,"1;1.22494;1.97017;2.41382;2.5096;2.29555;2.29909;2.84203;2.98998;3.401;3.95884;4.43729;4.74866;5.52058;6.20808;6.80093;7.27675;7.53543;7.8939;8.58233;9.38565;10.1259;10.575;11.2587;11.9984;12.7705;13.5284;14.1694;14.8302;15.3687;15.9236;16.5292;17.3594;18.2626;18.6148;19.2508;19.5638;20.2726;20.5936;20.9965;21.2705;21.3381;21.4028;21.5016;21.3601;21.2636;21.1658;21","15;15.1582;15.5754;16.4388;16.8603;17.5785;17.8695;18.6252;19.3487;19.8322;20.1498;20.9067;21.3868;21.9681;22.2023;22.6407;22.707;23.0446;23.5323;23.8272;23.8668;24.0917;24.3897;24.6892;24.6903;24.1689;23.7319;23.847;23.7982;23.8235;23.6331;23.1443;22.7693;22.3997;22.1743;21.7429;21.4525;20.8556;20.2916;19.8352;19.2864;18.3124;17.5836;16.8923;16.4432;15.8395;15.3376;15",3.55054,"0.0333333;0.933333;0.0333333"
33.6311,2.01675,14.922,"1;1.61106;2.13486;2.44469;3.08945;3.65125;3.61508;3.79099;4.37173;4.71734;5.23937;5.61861;5.71835;6.4516;7.29581;7.61447;8.09103;8.92758;9.12081;9.88396;10.1361;11.025;11.9457;12.8318;13.6786;14.4952;15.1931;16.0834;16.3869;16.9302;17.7192;18.1399;18.4698;19.2081;19.7753;20.2374;20.7574;20.6942;20.7926;21.1209;21.5791;21.7759;21.7626;21.6223;21.5207;21.2607;21.0983;21","15;15.2778;15.9576;16.8112;17.568;18.1674;18.8661;19.834;20.4626;21.2515;21.7607;22.4465;22.6217;23.1768;23.6414;23.786;24.3892;24.876;25.1401;25.5855;25.542;25.8835;25.9126;25.4831;25.2834;24.7654;24.6368;24.4722;24.3686;24.2165;23.8712;23.5971;23.2152;22.7016;22.4731;22.0927;21.4632;21.0324;20.5846;20.0055;19.2467;18.3412;17.8957;16.912;16.3854;15.9144;15.3455;15",3.07056,"0.0333333;0.966667;0"
20.5109,55.1488,0.268197,"1;1.79218;2.31741;3.17925;3.94342;4.61005;5.0498;5.91015;6.64285;7.44817;7.82699;8.73806;9.53036;10.4789;10.897;11.5153;12.4711;13.3937;13.797;14.7065;15.2512;16.1676;16.866;17.8278;18.5389;19.4387;20.2429;20.8011;21","15;14.9428;14.8707;14.6071;14.575;14.5446;14.4052;14.3996;14.5444;14.4602;14.5222;14.491;14.6352;14.5929;14.634;14.5507;14.5227;14.1899;14.1422;14.1642;14.108;14.2634;13.9442;14.073;14.391;14.2987;14.7054;14.9946;15",1.61771,"0.0666667;0;0.933333"
29.9439,10.0435,0.308412,"1;1.14064;1.53582;1.59774;2.35148;2.68101;3.01886;3.1138;3.68921;3.8665;4.21126;4.78603;5.53684;5.82618;6.54335;7.03835;7.42599;8.26276;9.10659;9.76973;10.6954;11.227;12.0167;12.285;13.016;13.6826;14.5738;15.5043;16.1469;16.8139;17.5519;17.8083;18.011;18.5626;19.0214;19.2622;19.6108;19.9229;20.3682;21.1539;21","15;14.8722;14.0471;13.8623;13.2203;12.5214;11.5802;11.4257;10.8067;10.3766;9.48589;8.83291;8.43106;8.09586;7.41818;7.0794;6.80031;6.38555;5.9712;5.73138;5.49948;5.5379;5.58519;5.59783;5.96409;6.39493;6.67594;6.87602;7.10386;7.38495;7.9562;8.13444;9.06251;9.83709;10.3726;11.1544;11.9704;12.737;13.5796;14.1394;15",2.60861,"0.0666667;0.0333333;0.9"
31.8452,6.76087,0.327113,"1;1.46364;1.5404;1.68697;1.82275;1.98829;2.07897;2.20977;2.60218;2.97467;3.56258;4.00107;4.31858;4.59358;5.10227;5.68181;5.99359;6.61996;7.0944;7.99873;8.4738;9.36018;9.80858;10.5059;11.3598;12.1611;13.0867;13.4675;14.265;14.8094;15.6799;16.4591;17.0224;17.5985;17.7146;17.8681;18.2137;18.7683;19.15;19.5273;19.9034;20.085;20.4065;20.8195;20.9202;20.8791;21","15;14.4054;14.1586;13.5345;13.0822;12.2698;11.3273;10.7545;10.2294;9.69953;9.00404;8.55483;7.87233;7.50888;7.04181;6.41933;6.0987;5.74974;5.46005;5.40202;5.36816;5.24219;5.13582;5.03788;4.94958;4.92503;5.06809;5.09362;5.25366;5.60885;5.89449;6.05892;6.42503;6.83292;7.5303;8.18495;8.82636;9.42929;9.93092;10.4897;11.3298;11.7104;12.5179;13.1353;14.0032;14.3258;15",2.85724,"0.0666667;0.0666667;0.866667"
32.7253,7.2116,0.341588,"1;1.86287;2.27565;2.71813;2.72257;2.87556;3.0564;3.16196;3.01358;3.12812;3.62246;3.86521;4.2694;4.75041;5.25976;5.52757;6.07086;6.44365;7.14342;7.89708;8.80646;9.63571;10.0811;10.8843;11.8823;12.6743;13.3548;14.2921;14.9434;15.8179;16.3786;17.274;17.7153;18.0744;18.2256;18.5203;18.7958;18.8988;19.3225;19.6258;19.9217;19.9303;20.2458;20.1302;20.0214;20.7942;21","15;14.5668;14.4283;13.5927;13.3146;12.4357;11.8397;11.5541;10.5919;10.4993;9.74593;9.47272;8.67868;8.07005;7.59751;7.38926;6.78405;6.58012;6.17636;5.77875;5.40169;5.21539;5.2972;4.95242;4.9671;5.1596;5.17753;5.18083;5.22587;5.24992;5.77025;6.06209;6.80725;7.65963;8.22377;8.92971;9.11178;9.89678;10.3291;10.8483;11.5361;12.1774;12.9156;13.5746;14.4988;14.6305;15",3.18751,"0.0666667;0.1;0.833333"
32.3589,6.16539,0.334409,"1;1.5689;1.71111;2.17122;2.31767;2.56819;2.67261;2.76046;2.79256;2.91154;3.12024;3.43359;3.84858;4.31968;5.16152;5.6539;6.13836;6.82948;7.64176;8.41295;9.21409;10.106;10.7397;11.7298;12.3806;13.2711;14.2403;14.4135;15.2056;15.9048;16.4351;17.0882;17.6645;18.367;18.5961;19.0981;19.2259;19.6232;19.8174;19.8602;19.9656;19.8945;19.9766;20.1883;20.3387;21","15;14.5385;14.3004;13.7035;12.9075;12.251;11.7877;11.1069;10.994;10.0454;9.15843;8.6797;7.78709;7.12803;6.75612;6.45717;6.00365;5.4;5.18039;4.9118;4.75157;4.62625;4.61;4.68896;4.87335;5.14171;5.36589;5.47331;5.88788;6.16222;6.25401;6.78271;6.94491;7.50067;8.25529;9.04049;9.37668;10.1575;11.001;11.1729;11.608;12.488;12.9278;13.5518;14.3198;15",3.24684,"0.0666667;0.133333;0.8"
35.1915,4.95427,0.364,"1;1.65472;1.72428;2.01015;2.0299;2.15182;2.19006;2.12574;2.46192;2.69232;2.69592;3.28356;3.72089;4.19318;4.62806;5.16506;5.55349;6.26201;7.12957;7.84821;8.4309;8.8433;9.50287;10.2037;11.1881;12.0435;12.8365;13.2606;13.7111;14.2492;14.9411;15.6233;16.6011;17.0654;17.6382;18.3317;18.763;19.0139;19.0794;19.6026;19.8104;20.2663;20.6342;21.1297;21.5862;21.6146;21.8907;21.5643;21","15;14.764;14.2881;13.4892;13.1424;12.5118;11.6013;11.1621;10.3857;10.0317;9.09609;8.56436;7.82673;7.24518;6.4469;5.68489;5.36666;4.79721;4.36556;4.05768;3.82394;3.8895;3.79101;3.74389;3.71977;3.91311;4.08656;4.1017;4.14018;4.15589;4.72751;4.7178;4.86141;5.34657;6.0277;6.69906;7.30229;7.71547;8.17033;8.91117;9.15204;9.75392;10.5601;11.367;11.8917;12.8118;13.6171;14.2639;15",3.45088,"0.0666667;0.166667;0.766667"
34.1876,5.29994,0.353237,"1;1.84219;2.11712;2.53663;2.50274;2.77757;2.87333;3.23824;3.46723;3.7129;3.82829;3.94346;4.3341;5.07539;5.77662;6.55563;7.08449;7.45987;8.3724;9.14306;9.9981;10.7787;11.2567;12.1115;12.3628;13.0938;13.7613;14.3938;14.8024;15.6461;16.5573;16.9794;17.764;18.4126;18.8393;19.0462;19.5294;19.9752;20.2714;20.561;20.8914;20.9494;21.0306;20.8095;20.9025;21","15;14.613;13.6938;12.786;12.1318;11.4619;10.9576;10.3511;9.73565;8.7663;7.80287;7.27739;6.64371;6.14248;5.80468;5.66651;5.07583;4.87975;4.59017;4.3808;3.90544;3.92386;3.98005;4.21121;4.31398;4.77723;4.80044;4.52696;4.7152;5.09547;5.2274;5.37879;5.91588;6.58089;7.39048;8.20318;8.88536;9.46355;10.0127;10.8081;11.619;12.5472;13.1332;13.9385;14.7927;15",3.5982,"0.0666667;0.2;0.733333"
35.2786,4.88855,0.363758,"1;1.7921;2.15621;2.39828;2.50044;2.64974;2.81883;3.00092;2.92342;3.37339;3.81064;4.05148;4.29085;4.80548;5.43894;6.22699;6.61301;7.27378;8.08378;8.99419;9.7053;10.6468;11.5378;11.8895;12.6253;13.5885;14.2179;15.05;15.7385;16.1901;17.0218;17.798;18.3695;18.5207;18.7777;19.153;19.7792;20.1849;20.6623;20.7296;20.8561;20.9097;20.7452;20.7099;20.9077;20.7126;21","15;14.3896;13.8737;13.262;12.6284;11.758;11.4039;10.4983;9.92354;9.18157;8.28423;7.35219;6.43094;5.57368;4.81991;4.35743;4.15826;3.84685;3.57294;3.51313;3.57034;3.69977;3.99003;4.04861;3.74657;3.61039;3.79922;4.06406;4.47245;4.98503;5.36062;5.7675;6.24009;7.05574;7.56389;7.95482;8.68241;9.56059;10.2261;10.7514;11.7304;11.8759;12.7244;12.9678;13.8822;14.7846;15",3.7472,"0.0666667;0.233333;0.7"
35.6755,5.04094,0.366424,"1;1.61493;1.82676;1.87717;1.90652;2.12146;2.54804;2.82279;3.09743;3.23164;3.36349;3.5442;3.72921;4.19666;4.52627;4.88718;5.31259;5.36467;6.08777;6.99957;7.56077;8.2711;8.43868;9.35212;10.2695;10.9126;11.6883;12.5647;13.0075;13.6211;14.5265;15.4184;16.3594;17.1785;18.0902;18.8738;19.4983;19.8337;20.1562;20.4962;20.7092;20.9421;20.8419;20.9118;20.7326;20.5426;20.2555;20.8073;20.7593;21","15;14.2114;13.6763;13.3672;12.5012;11.8446;10.9964;10.1144;9.15284;8.99171;8.16653;7.57903;7.16167;6.62205;6.34995;5.81067;5.12619;4.90871;4.26027;4.47679;4.54101;4.16178;4.08499;4.25082;3.9822;3.79853;3.46031;3.88144;4.11088;4.27178;4.6531;5.03579;5.29124;5.47942;5.68218;6.22722;6.67142;7.16737;7.9855;8.52981;9.30637;10.0251;10.6728;11.2757;11.9452;12.9124;13.7912;14.5967;14.7441;15",3.9669,"0.0666667;0.266667;0.666667"
34.9331,5.08773,0.361788,"1;1.34914;2.25255;2.19341;2.12106;2.10577;2.29851;2.21839;2.38561;2.45329;2.83529;2.92753;3.16047;3.11339;3.53283;4.17199;4.28788;4.77418;5.45053;5.66043;6.15376;6.70991;7.54389;8.41736;9.28247;9.88969;10.3772;11.3293;12.131;12.8398;13.6543;13.8022;14.5698;15.0588;15.7565;16.6553;17.2768;17.899;18.1893;18.3738;18.7985;19.0854;19.2787;19.7014;20.1526;20.3686;20.7044;20.8856;20.7723;20.8699;20.9807;21.15;21","15;14.8613;14.4373;14.3207;14.1835;13.3082;12.3742;12.0363;11.3094;10.9591;10.0517;9.72056;9.00607;8.44113;7.94773;7.25275;6.83691;6.02897;5.71623;5.50996;4.92477;4.27537;4.08942;3.64029;3.84106;3.90032;3.89917;3.86645;3.71192;3.72511;4.09436;4.28739;4.50463;4.65397;4.9072;5.25136;5.65513;6.20406;6.83011;7.09673;7.99127;8.25284;8.99936;9.87194;10.3404;10.7373;11.3226;11.8131;12.7348;13.3381;13.8984;14.7003;15",4.08432,"0.0666667;0.3;0.633333"
34.2688,4.89913,0.353234,"1;1.70596;2.11907;2.38248;2.64239;2.69529;2.89306;3.09772;3.25655;3.67551;4.00303;4.17901;4.54024;5.15815;5.71381;5.8285;6.51533;6.89293;7.41129;7.78058;8.22053;8.8205;9.50131;9.90561;10.5698;11.4999;12.0276;12.9729;13.762;14.6229;15.2591;16.065;16.8832;17.4582;17.8658;18.2432;18.878;19.3933;19.7264;19.9347;20.271;20.6688;20.7668;21.2059;21.2561;21.3073;21.1696;21.0794;21","15;14.5806;13.8083;12.8437;11.968;11.2807;10.6424;9.79808;9.11771;8.45234;7.88197;7.55109;7.08923;6.34616;5.59991;5.41446;4.84322;4.6214;4.25657;4.11569;3.95341;3.67784;3.5042;3.63295;3.52378;3.49356;3.66834;3.73982;3.87586;4.09664;4.55128;4.92507;5.37716;5.63022;6.43419;6.85;7.44981;8.05134;8.61338;9.26498;10.1942;10.6846;11.5477;12.3505;13.3065;13.7903;14.5523;14.8217;15",4.12957,"0.0666667;0.333333;0.6"
35.9341,4.74497,0.369617,"1;1.74666;1.80689;1.8944;2.30268;2.36343;2.45717;2.47838;2.4929;2.30768;2.706;2.67934;3.11876;3.7095;4.32276;4.87509;5.36372;5.83107;6.50585;7.2183;8.0793;8.98847;9.81386;10.2721;10.8207;11.5292;12.4636;13.2236;14.103;14.7759;15.1932;15.8017;16.5543;17.1337;17.5607;18.3017;18.8881;19.2062;19.6714;20.1621;20.6228;20.8034;21.1122;21.4392;21.5183;21.7157;21.4856;21.313;21","15;14.3828;14.2461;13.7058;13.1199;12.5519;11.9039;11.516;11.1728;10.3272;9.54372;8.68515;7.88444;7.13221;6.4973;5.79405;5.25016;4.89178;4.53125;4.32675;3.87467;3.78645;3.5824;3.40224;3.47797;3.4128;3.11971;3.29997;3.76721;4.12697;4.02033;4.38461;4.90547;5.52289;5.78409;5.73431;6.23223;6.97101;7.80958;8.45485;9.11273;9.69759;10.6431;11.5454;12.4038;13.2161;14.1599;14.5913;15",4.34488,"0.0666667;0.366667;0.566667"
26.0106,4.2348,10.4727,"1;1.98337;2.58184;3.13613;3.60913;4.11389;4.37143;4.80757;5.22581;5.85575;6.27076;6.72529;7.43409;8.41479;8.88007;9.62281;10.389;11.2556;12.1634;12.8585;13.1996;13.7104;14.5783;15.1344;15.9244;16.4942;16.8066;17.4271;18.0627;18.2636;18.8266;19.5954;19.8928;20.1365;20.7982;21.2285;21","15;15.1706;15.49;15.8228;16.2736;17.0641;17.3501;18.1151;18.5949;19.1563;19.5284;20.0246;20.65;20.6718;20.9175;21.284;21.3575;21.6557;21.751;21.5052;21.472;21.3731;21.3687;21.3294;20.7303;20.3102;20.0646;19.6805;19.2092;18.8759;18.258;17.7083;17.5511;16.8443;16.2967;15.7743;15",9.01339,"0.0666667;0.4;0.533333"
37.2916,4.79907,0.38598,"1;1.64011;2.08994;2.40307;2.43399;2.60429;2.7049;2.77371;2.99534;3.0932;3.27388;3.28976;3.43246;4.03921;4.83114;5.52476;5.82453;6.22618;6.97552;7.8357;8.4826;9.12422;9.83205;10.3371;10.9941;11.7099;12.5764;12.9443;13.7237;14.5435;15.0583;15.9742;16.3144;16.9322;17.3584;18.0969;18.5265;18.9926;19.8425;19.9145;19.716;19.4824;19.4956;20.0959;20.3153;20.7825;21.2784;21.6842;21.6278;22.0547;21.5951;21.3741;21.1311;21","15;14.8266;14.302;13.7438;13.2622;12.7637;11.878;10.9143;10.1088;9.18023;8.93716;8.04307;7.10885;6.58152;5.98834;5.32367;5.02196;4.58565;4.2879;3.99399;3.7204;3.79739;3.46763;3.66702;3.86049;3.72914;3.75561;3.71103;3.6321;3.6969;3.65766;3.97826;4.68082;5.16177;5.30897;5.52992;5.65386;6.0134;6.53151;6.57228;7.14206;8.10041;8.96861;9.7309;10.2003;10.8489;11.2895;11.7778;12.418;12.9527;13.6276;14.0961;14.9179;15",4.75869,"0.0666667;0.433333;0.5"
36.3673,4.78502,0.374027,"1;1.14868;1.76295;1.84141;2.10217;2.57297;2.4914;2.3071;2.54404;2.54932;2.48862;2.62992;2.96398;3.1245;3.52273;4.13019;4.46821;4.64974;5.45391;6.21888;7.08763;7.62734;8.32254;9.19829;10.1748;10.7074;11.611;11.8961;12.6523;13.243;14.0637;14.8371;15.4601;15.8566;16.4677;16.7601;17.5073;18.2014;18.591;19.1085;19.443;19.8719;20.3877;20.5269;21.0175;21.2085;21.8295;21.955;22.0876;21.7267;21.4118;21","15;14.9039;14.3233;13.9826;13.3776;12.5509;12.0985;11.4488;10.8405;10.3102;9.51397;8.52401;7.86409;7.50711;6.85231;6.33019;5.89635;5.57212;5.10976;4.46878;4.13735;3.84528;3.69761;3.7378;3.89984;3.49072;3.11754;3.10584;3.2776;3.12077;3.39716;3.66304;4.37579;4.68828;5.09136;5.44338;5.70735;6.24269;6.51949;6.96827;7.58236;8.23524;9.06479;9.23117;9.96938;10.645;11.4249;12.0349;12.6651;13.527;14.4563;15",4.83205,"0.0666667;0.466667;0.466667"
26.0748,3.53437,10.743,"1;1.45319;2.22485;2.74286;3.05672;3.2036;3.37952;3.80896;4.24932;4.76668;5.46439;6.19902;6.4518;7.01629;7.8466;8.61217;9.33073;9.8876;10.434;11.3807;12.2712;12.6112;13.426;13.6575;13.9284;14.6165;15.3106;15.9435;16.2288;16.4041;17.2154;18.0395;18.3707;18.5774;18.9889;19.4994;19.756;20.1164;20.3224;21","15;15.0751;15.485;15.9984;16.7487;17.0582;17.8567;18.6465;19.2737;19.6928;19.9459;20.4967;20.645;21.0125;21.2972;21.5606;21.8066;21.8835;21.9032;22.1016;21.9449;21.9276;21.4116;21.2763;21.1278;20.914;20.5098;20.0798;19.9683;19.9957;19.4819;18.9385;18.3604;17.9052;17.6254;17.1227;16.8246;15.8999;15.5239;15",8.1608,"0.0666667;0.5;0.433333"
37.8307,4.78889,0.389698,"1;1.25719;1.87337;2.36009;2.80434;2.7836;2.56877;2.60161;2.75124;3.26704;3.305;3.37807;3.44608;3.48741;3.70275;4.14651;4.93546;5.28942;5.84752;6.59745;7.35742;7.82716;8.4568;9.14069;9.87189;10.5684;11.5304;12.3958;12.9896;13.8685;14.5645;15.5007;16.2899;16.8675;17.4136;18.1011;18.2686;19.0349;19.6973;20.1302;21.0875;21.514;21.902;21.9556;22.0119;22.4699;22.4642;22.4757;22.3568;22.0381;21.5469;21.0176;21","15;14.9057;14.5129;13.8987;13.1595;12.8937;11.9876;11.0849;10.7673;10.2533;9.78775;8.88483;8.43009;8.18148;7.49076;6.83241;6.28868;5.67993;5.29459;4.7269;4.42527;4.22759;3.72079;3.70266;3.44691;3.53069;3.32348;3.70925;3.71783;3.77203;3.50219;3.51112;4.01581;4.68243;5.34286;5.88377;6.03489;6.43365;6.70262;6.86861;6.94471;7.30193;8.18938;8.76;9.33241;10.1557;10.4811;11.4595;12.2434;12.9974;13.5611;14.0389;15",5.232,"0.0666667;0.533333;0.4"
37.8311,4.9683,0.42815,"1;1.40599;2.13982;2.01654;2.30394;2.46427;2.66044;2.72105;2.43963;2.84359;3.33844;3.80715;3.9254;3.96723;4.31607;4.33599;4.49451;4.78983;5.57071;6.2987;6.69721;7.42653;8.04705;8.68092;9.61261;10.4933;11.4759;12.4222;13.1115;13.8793;14.7082;15.3306;16.1219;16.4571;17.0633;17.7235;18.0817;18.1434;18.7305;19.2071;19.6981;19.9902;20.5399;21.2443;21.4532;21.9699;21.9777;22.1645;22.0957;21.5787;20.9215;21","15;15.0079;14.6049;14.1272;13.3204;12.3858;11.5812;11.31;10.5273;9.67432;8.85527;8.21381;7.42378;6.999;6.49434;6.27121;5.39337;5.2715;4.87205;4.64239;4.33997;3.84699;3.70119;3.55196;3.51721;3.50049;3.51833;3.73275;3.87603;4.16549;4.51481;4.71306;4.82197;5.16764;5.56402;6.13829;6.298;7.27861;7.69274;8.5697;9.0944;9.46954;10.1316;10.8207;11.7361;12.4881;13.2431;14.0846;15.0671;15.2498;15.5053;15",5.49443,"0.0666667;0.566667;0.366667"
37.8623,5.96069,0.416563,"1;1.31369;2.03108;2.29846;2.3724;2.43416;2.48669;2.51426;2.80614;2.76144;2.85687;2.92049;3.45246;3.64991;3.94187;4.50614;4.77891;5.22757;6.0999;6.33931;6.9123;7.76276;8.6164;9.53461;10.1399;11.0273;11.5449;12.1341;12.8465;13.1763;14.0716;14.2836;15.1077;15.6951;16.4588;16.961;17.6848;18.0152;18.3883;18.8771;19.4377;19.6526;19.8605;19.8867;19.8861;19.3975;19.1454;18.9339;18.4454;18.8278;19.4259;19.8571;20.7464;21","15;14.7457;14.3273;13.8936;13.3612;12.9029;12.3603;11.5737;11.0179;10.2518;9.73415;9.0394;8.63899;7.98267;7.31496;6.70208;6.00521;5.45455;5.49175;5.14828;4.73158;4.28123;3.77836;3.55789;3.01408;2.82794;2.85797;3.29755;3.47271;3.43052;3.57587;3.65991;4.03846;4.40796;4.54243;4.81906;5.25817;5.75019;6.50613;7.0768;7.61771;8.2511;9.04012;9.6556;10.3371;11.1522;11.8649;12.8388;13.5987;13.8775;14.2359;15.1083;15.4158;15",6.23942,"0.0666667;0.6;0.333333"
28.5836,2.59656,12.1066,"1;1.0246;1.89788;2.51545;3.00162;3.51394;3.66802;4.01997;4.24979;4.42413;5.07652;5.56934;6.15276;6.58861;7.30949;8.13507;8.97792;9.58646;10.2713;11.0735;11.791;12.5292;13.1312;14.0726;14.53;15.2029;15.9909;16.6701;17.1485;17.4752;18.3259;18.562;18.8785;19.2742;19.731;20.1763;20.5453;21.055;21","15;15.1809;15.5187;15.9107;16.5797;17.3606;17.7465;18.6187;19.322;19.8891;20.5431;21.0523;21.286;21.514;22.0022;22.4353;22.8502;23.3157;23.619;23.6748;23.7462;23.4819;23.3171;23.3118;22.801;22.4561;22.132;21.7283;21.2233;20.4807;20.0422;19.2858;18.9049;18.0476;17.2398;16.5651;16.1867;15.4726;15",7.18204,"0.0666667;0.633333;0.3"
28.0939,2.60186,12.0011,"1;1.86893;2.17141;2.48016;2.76712;3.05549;3.42711;4.00833;4.66707;5.22006;5.60974;6.18502;6.88216;7.43237;7.82953;8.19325;8.92814;9.36363;10.2958;11.0106;11.9568;12.7999;13.7333;14.0617;14.9592;15.2155;15.946;16.5934;17.3126;18.1137;18.7495;19.375;19.8465;20.1627;20.3648;20.6525;20.9912;20.6688;20.8645;21","15;15.4949;15.7537;16.0842;16.8809;17.665;18.4164;18.9805;19.4319;19.873;20.7916;21.3224;21.5424;21.8833;22.0409;22.1598;22.6765;22.7834;22.5998;22.4585;22.6483;22.6147;22.4045;22.4096;21.9686;21.8146;21.3288;21.0393;20.8169;20.5423;19.7997;19.0539;18.8471;18.0698;17.5215;16.9731;16.4957;15.8584;14.9905;15",6.80779,"0.0666667;0.666667;0.266667"
28.5808,2.35477,12.435,"1;1.64094;2.05051;2.37163;2.52609;2.90514;3.59822;3.79264;3.93838;4.31955;4.35594;5.09005;5.44479;6.25058;6.77434;7.54304;8.40091;9.15546;9.5147;10.2387;10.7371;11.3191;12.3176;12.9846;13.5377;13.7181;14.5481;15.4056;16.2448;16.2905;16.6886;17.1726;17.969;18.5718;19.1715;19.5944;19.6853;20.3108;20.8623;21.1277;21.0517;21","15;15.5729;15.9174;16.4264;16.9514;17.8527;18.4751;18.9474;19.2708;20.18;20.3123;20.9906;21.4756;21.9269;22.2269;22.7712;22.9502;23.5593;23.5082;23.5129;23.5043;23.5514;23.533;23.3155;22.9378;22.7452;22.4299;22.1858;21.7309;21.585;21.338;20.9219;20.3223;19.6606;19.1434;18.3409;18.1321;17.4132;16.6103;16.0738;15.2597;15",6.45523,"0.0666667;0.7;0.233333"
36.6979,4.66867,0.379556,"1;1.53852;2.18391;2.31018;2.49027;2.38226;2.26951;2.20117;2.62007;2.8289;3.14078;3.43483;4.00677;4.21016;4.46954;4.8371;5.37962;6.02802;6.71394;7.52163;8.43032;8.89447;9.76651;10.0876;10.9679;11.6306;12.5597;13.3001;14.2656;15.1521;15.758;16.6482;17.3169;17.9454;18.6757;19.3599;19.6092;20.3387;20.7379;20.9145;21.2795;21.6845;21.7497;22.0936;22.2996;22.1778;21.8387;21.8309;21.1905;20.8083;21","15;14.8202;14.3835;13.6518;12.7865;11.947;11.205;10.4819;9.99128;9.10821;8.46076;7.92552;7.44452;6.93338;6.47479;5.89868;5.19184;4.78477;4.30542;4.13229;3.79842;3.67692;3.66254;3.71689;3.70249;3.68374;3.80693;3.85609;3.95554;4.27577;4.75657;4.85341;5.14;5.16229;5.80455;6.39308;6.76297;7.40827;7.82443;8.20336;8.88475;9.75615;9.98435;10.832;11.3873;12.0946;12.9297;13.3443;13.9945;14.4878;15",5.94613,"0.0666667;0.733333;0.2"
27.8351,2.5197,12.0688,"1;1.68761;2.12552;2.35692;2.79686;2.9786;3.12752;3.44885;3.8158;3.93185;4.3387;5.20582;5.30537;6.109;6.33777;7.25388;7.898;8.36846;9.01416;9.90158;10.4529;11.1925;12.0634;12.8975;13.5181;14.2772;14.8643;15.2417;16.0537;16.5929;17.2242;17.9197;18.4977;19.1485;19.6921;20.0844;20.1516;20.4226;20.6739;20.8991;21","15;15.7261;16.0327;16.3372;17.0313;17.9101;18.3142;18.8798;19.587;19.8758;20.5405;20.959;21.089;21.4323;21.5007;21.8795;22.3006;22.6542;22.8266;23.0764;23.1403;23.1037;23.0081;23.0377;22.9301;22.6194;22.0992;21.8555;21.4795;20.9121;20.4933;19.9219;19.3016;18.5959;18.2678;17.7355;17.6327;17.1503;16.6612;15.7876;15",5.79892,"0.0666667;0.766667;0.166667"
29.0245,2.43097,12.3402,"1;1.6503;2.0107;2.75152;3.13693;3.39353;3.59509;3.68739;4.14686;4.83684;5.40957;5.60128;6.5153;6.84862;7.48259;7.97098;8.72718;9.35364;10.1965;11.086;11.9091;12.704;13.4098;14.1637;14.9806;15.6259;16.3991;17.045;17.5965;18.197;18.8183;19.0218;19.3777;19.5112;19.888;19.9844;20.1624;20.2166;20.3949;21","15;15.2346;15.5114;16.1104;16.709;17.2462;17.9795;18.4368;19.1654;19.8194;20.5283;20.8431;21.0871;21.2146;21.7317;22.1092;22.4232;22.9786;23.4742;23.7298;23.633;23.8073;23.471;23.0677;22.9641;22.9795;22.6627;22.5088;22.0531;21.2994;20.5653;20.0617;19.4058;18.9535;18.0394;17.6558;16.7083;15.9713;15.594;15",5.52511,"0.0666667;0.8;0.133333"
29.3277,2.23168,12.7986,"1;1.6967;2.09297;2.089;2.7316;3.05003;3.32769;3.60687;4.01843;4.47422;4.71958;5.1563;5.71789;6.44579;7.03621;7.51358;8.03228;8.86787;9.75454;10.3988;11.1936;12.0885;12.3218;13.0947;14.0169;14.8868;15.4949;16.1673;16.7206;17.4307;17.8857;18.4214;18.9263;19.4403;19.5578;19.6312;20.1274;20.5162;20.8361;21.0891;21","15;15.431;16.145;16.4813;17.2001;17.9086;18.6216;19.0644;19.5993;20.4156;20.8566;21.561;22.2982;22.8435;23.2904;23.6445;23.8219;24.2263;24.1253;23.9957;23.7515;23.6023;23.6125;23.1889;23.0607;22.8169;22.5884;22.2616;21.7557;21.2906;20.9609;20.4895;19.7553;19.1075;18.9164;18.4153;17.5821;16.8482;16.2173;15.5308;15",5.09478,"0.0666667;0.833333;0.1"
30.9145,2.09003,13.565,"1;1.87037;2.31104;2.57392;2.90229;3.31837;3.59506;3.9785;4.53089;5.21873;5.35687;5.74891;6.33361;6.7126;7.34762;8.18075;8.95184;9.62907;10.3164;11.0312;11.9336;12.6662;13.4434;14.0161;14.9179;15.5064;16.42;16.395;17.0011;17.5839;17.7088;18.3377;18.5826;18.9145;19.2897;19.6492;19.6066;20.3153;20.8669;21.2918;21.2967;21","15;15.4924;16.2818;16.7534;17.6551;18.5645;18.7899;19.7035;20.3977;20.9929;21.2313;21.5947;22.3335;22.5083;23.1207;23.5577;23.6972;24.0049;24.2023;24.314;24.3811;24.3273;24.2768;24.4015;24.1675;24.1344;23.7698;23.6737;23.4782;23.0822;22.6255;21.8854;21.1635;20.5977;19.8534;19.5298;18.6143;18.0066;17.5768;16.7552;15.8893;15",4.77666,"0.0666667;0.866667;0.0666667"
30.9577,2.06778,13.5203,"1;1.59458;1.98067;2.02325;2.18795;2.47468;2.88416;3.33215;3.49378;3.93898;4.29007;4.9196;5.31672;5.82152;6.55629;6.80295;7.49634;8.41974;8.91867;9.26885;9.93628;10.8736;11.5862;12.4326;13.0791;13.9918;14.8854;15.7883;16.5395;16.6559;17.3011;17.8054;18.362;18.9186;19.4065;19.8518;20.0117;20.4404;20.7204;20.9338;21.5705;21.4892;21.4573;21","15;15.1727;15.5515;15.6203;15.9491;16.5758;17.266;17.9282;18.7835;19.4503;20.1483;20.6851;21.0618;21.7864;22.453;22.6955;23.3006;23.4095;23.7332;24.1782;24.0845;23.9916;23.8259;23.7907;23.9512;24.0899;24.0684;23.9211;23.5027;23.4349;23.0353;22.5395;22.0375;21.2696;20.7696;20.0816;19.8459;19.1203;18.3973;17.9179;17.2818;16.4136;15.8619;15",4.37553,"0.0666667;0.9;0.0333333"
30.7321,2.10608,13.2068,"1;1.67603;2.41952;2.90118;2.95463;3.01107;3.32271;3.56916;3.99182;4.48888;5.05233;5.06569;5.62056;5.87375;6.58117;7.23523;8.11588;8.8952;9.71191;10.3878;11.1165;11.874;12.5616;13.4848;14.365;14.9117;15.1015;15.9273;16.6968;17.0209;17.532;18.2189;18.7526;19.457;19.939;20.5052;20.9417;21.0607;21.1407;21.4711;21.589;21.566;21","15;15.1593;15.542;16.4143;16.9284;17.4847;18.1364;18.5695;19.1886;19.9968;20.776;20.8822;21.3543;21.6752;22.3427;23.0553;23.4509;23.603;23.8572;23.9253;24.0009;24.0073;24.0352;23.9408;23.7643;23.6308;23.6542;23.3246;22.9944;22.8863;22.1575;21.6887;21.3493;20.915;20.3062;19.7231;19.1198;18.8698;17.8936;17.1311;16.2419;15.6956;15",4.01448,"0.0666667;0.933333;0"
20.81,60.6175,0.249178,"1;1.9858;2.91658;3.47257;4.07826;4.80628;5.4872;6.24092;6.75782;7.49861;8.46637;9.12163;10.061;10.4554;11.2241;12.0393;12.8477;13.8303;14.654;15.482;16.1098;16.7333;17.6032;18.2346;18.8986;19.7838;20.3537;21","15;14.8321;14.7957;14.7803;14.5402;14.2888;14.381;14.3883;14.1872;13.8349;13.6356;13.5706;13.3344;13.5673;13.6736;13.7978;13.7081;13.8275;14.0503;14.0568;13.8401;14.0515;14.3944;14.3528;14.1017;14.3257;14.5001;15",2.30526,"0.1;0;0.9"
28.4715,14.3329,0.292958,"1;1.07664;1.55286;1.82252;2.0934;2.66515;2.88988;3.39812;3.99904;4.49226;5.20995;5.44248;6.05335;6.90365;7.45839;8.12598;8.83331;9.19965;9.42297;9.96908;10.724;11.4782;12.1643;12.9209;13.7821;14.6941;15.2292;16.1225;16.9073;17.2951;17.7064;18.3458;18.6872;19.2454;19.6244;19.7482;20.0063;20.5124;20.7872;20.9223;21","15;14.366;14.0089;13.4484;12.8487;12.2215;11.555;10.8891;10.2626;9.79717;9.37121;9.31479;8.59872;8.29183;8.16884;7.45235;6.97687;6.85681;6.76189;6.53931;6.52179;6.52117;6.58761;6.73092;7.06757;7.36354;7.50104;7.59758;8.00088;8.36613;8.93642;9.40851;10.3346;11.1499;11.816;12.2844;12.7721;13.4261;13.9469;14.5152;15",3.57882,"0.1;0.0333333;0.866667"
30.6227,10.1807,0.320476,"1;1.22917;1.97911;1.86716;1.99729;2.04162;2.54281;2.63642;2.76853;3.38301;3.42966;4.05874;4.52958;5.26335;5.99519;6.85877;7.62252;8.2902;8.75408;9.23585;9.76197;10.4958;11.0399;11.5064;12.3647;13.2757;13.9659;14.2178;15.0018;15.618;16.2297;16.6005;16.8213;17.2888;17.8355;18.3926;18.5668;18.9809;19.3716;19.6663;20.1017;19.993;20.1055;21","15;14.7732;14.1189;13.2419;12.6204;11.8324;11.0687;10.2865;9.788;9.24089;8.74051;8.16858;7.77337;7.19497;6.80313;6.44078;6.20286;6.21012;6.28654;6.37512;6.22228;5.9851;5.94585;5.97043;6.00552;5.82783;6.09642;6.19741;6.72175;7.29243;7.8647;8.46852;8.63853;9.27241;9.88062;10.3363;10.616;11.4458;12.124;12.6775;13.4561;13.978;14.7445;15",4.00805,"0.1;0.0666667;0.833333"
31.6113,7.44301,0.324153,"1;1.32179;1.84493;2.53744;2.82629;2.80837;3.40746;3.90155;4.75289;5.21922;5.59031;6.16841;6.87558;7.56401;8.24139;8.99315;9.53026;10.2966;10.9004;11.357;12.2859;13.0381;13.6368;14.145;14.6755;15.5574;16.2172;17.0639;17.2206;17.8427;18.1622;18.3759;18.9752;19.5909;20.0984;20.271;20.5986;20.8943;21.0349;21.0416;21","15;14.0532;13.2009;12.4862;11.6022;10.7707;9.98216;9.50491;8.98489;8.14628;7.64317;6.87842;6.33158;5.75297;5.64823;5.06155;4.84648;4.70019;4.71541;4.54334;4.47389;4.57668;4.72361;4.92725;5.57651;5.98794;6.47055;6.92193;7.14365;7.90444;8.33408;9.05807;9.74368;10.4896;11.0037;11.5292;12.4027;13.1661;13.5406;14.2375;15",4.16475,"0.1;0.1;0.8"
32.6937,6.20204,0.336534,"1;1.26257;1.69066;1.85848;2.1718;2.44835;2.69331;2.84781;3.40786;3.65899;4.11331;4.48892;5.02977;5.27749;5.88702;6.4386;7.19539;7.72126;8.6432;9.4979;10.2045;10.8063;11.4862;12.2932;13.1994;13.9326;14.8101;15.7741;16.1548;16.7228;17.1072;17.06;17.5262;17.7215;17.9385;18.3313;18.5278;18.8364;19.1826;19.6025;19.8056;19.9156;20.4126;21","15;14.6636;13.8449;13.0819;12.6153;11.7853;10.9874;10.3693;9.74132;9.0699;8.33847;7.58239;6.8092;6.39589;5.71781;5.40388;4.82767;4.63564;4.30769;3.98808;3.90529;4.06207;4.12627;4.11465;4.17423;4.37667;4.73683;4.96963;5.17314;5.94314;6.50275;6.65755;7.45087;8.09273;8.48911;9.06243;9.9278;10.6474;11.1675;12.0634;12.6029;13.4792;14.2818;15",4.35431,"0.1;0.133333;0.766667"
33.3664,5.56192,0.34407,"1;1.65896;1.93574;1.90124;1.93786;2.16209;2.27311;2.55212;2.99947;3.46204;3.90305;4.21455;4.5277;5.10737;5.94229;6.39607;6.51208;7.35974;8.00086;8.70644;9.64444;10.3743;10.9708;11.517;12.1026;12.8758;13.7959;14.6475;15.1445;15.6927;16.3192;17.1134;17.6537;18.0756;18.9001;19.3643;19.4826;19.6188;19.5413;19.9392;20.201;20.4827;20.9129;21.0253;21","15;14.6426;14.021;13.0365;12.9976;12.4539;11.7915;11.0209;10.1649;9.42785;8.63147;7.71549;7.27439;6.57285;6.09542;5.58532;5.49673;5.01102;4.55018;4.35997;4.19721;4.34263;4.25155;4.3218;4.31889;4.1616;4.03973;4.49571;4.82119;5.32355;5.55487;6.07071;6.55983;7.36643;7.72677;8.60158;9.30182;9.94935;10.5902;11.2717;11.8068;12.5938;13.3672;14.09;15",4.51594,"0.1;0.166667;0.733333"
34.3481,5.06993,0.354109,"1;1.28299;1.78132;2.16364;2.09089;2.16468;2.50938;2.72578;3.03685;3.32772;3.68361;4.21189;4.53655;5.12494;5.40548;6.31918;6.61599;7.31274;7.98303;8.92132;9.65744;10.1662;10.9795;11.8414;12.6843;13.4788;13.9657;14.2736;14.874;15.7006;16.5126;17.3442;17.9302;18.5271;19.0374;19.8258;20.1722;20.6795;20.9673;21.3059;21.3539;21.5509;21.6053;21.6415;21.4801;21.3203;21.0772;21","15;14.9047;14.1021;13.307;12.4059;12.0552;11.1569;10.3882;9.65207;8.82026;8.14852;7.30941;6.90395;6.32808;6.04865;5.64321;5.40676;4.85409;4.62964;4.42033;4.369;4.32874;4.5358;4.35113;4.53797;4.53602;4.66882;4.77457;4.73958;4.82831;5.06143;5.31261;5.68633;6.16028;6.78972;7.2878;8.19738;8.86158;9.76945;10.3839;10.7882;11.7487;12.4376;13.3993;13.6165;14.5754;14.8153;15",4.69668,"0.1;0.2;0.7"
34.3155,5.18683,0.355737,"1;1.63683;1.69889;1.92317;2.3553;2.47688;2.64571;2.81711;3.21675;3.42593;3.74701;4.00043;4.31;4.41827;4.84799;5.42873;5.69809;6.31836;7.00667;7.7353;8.25877;8.86001;9.59269;10.4442;11.0352;11.7225;12.3051;12.8465;13.4335;14.1404;14.795;15.7875;16.4605;16.9996;17.6767;18.1488;18.8499;19.3779;19.7918;20.3402;20.6319;20.7577;20.8601;21.0638;21.3014;21.2464;21.0221;20.7581;21","15;14.893;14.0773;13.2209;12.369;12.0084;11.1565;10.6846;9.86057;9.48582;8.59241;8.0234;7.39462;7.19765;6.50351;5.97689;5.82329;5.28887;5.22032;4.71398;4.62385;4.38321;3.76873;4.03841;4.14508;4.05333;4.09924;4.1727;4.14079;4.41188;4.62478;4.68454;5.17671;5.50398;6.15634;6.67425;7.21072;7.70492;8.32165;8.92679;9.81644;10.1839;10.6316;11.3018;11.7416;12.6219;13.5764;14.3369;15",4.87897,"0.1;0.233333;0.666667"
33.5951,5.41755,0.345253,"1;1.56671;1.94212;2.14946;2.1387;2.27329;2.43868;2.77933;2.96299;3.24002;3.55417;3.96989;4.43588;4.66818;5.32821;6.13949;6.86697;7.3529;8.14302;8.81855;9.72334;10.6597;11.1249;11.9073;12.1523;13.0462;13.4055;14.0504;14.9108;15.5658;16.1332;16.3708;16.8058;17.1046;17.8826;18.281;18.7821;19.269;19.3742;19.7867;20.2157;20.4489;20.2948;20.4673;20.4843;20.6826;20.728;21","15;14.1761;13.5476;12.9989;12.32;11.6139;10.9998;10.1371;9.17512;8.3974;7.58932;6.8113;6.00416;5.85477;5.11204;4.73985;4.43511;4.38724;4.07401;3.8735;4.04478;4.18977;4.13498;4.17973;4.16649;4.36733;4.39521;4.85371;5.06643;5.34235;5.65472;6.15968;6.43448;6.86316;7.30375;7.70408;8.49324;9.32002;9.4941;9.87276;10.7298;11.6957;12.5274;13.3693;13.605;13.9793;14.7028;15",5.02286,"0.1;0.266667;0.633333"
34.1705,5.02553,0.351943,"1;1.70869;2.11719;2.55035;2.56406;3.04951;3.00679;3.06857;3.22895;3.22864;3.60627;3.98511;4.43722;4.99738;5.48244;5.82223;6.59132;7.496;7.74223;8.69349;9.61501;9.99986;10.5992;11.5322;11.7574;12.6168;13.2779;14.0663;14.6744;15.5451;16.358;16.856;17.3297;18.0939;18.4928;18.841;19.0339;19.1934;19.6033;19.9618;20.4729;20.9328;20.9317;21.2321;21.0606;21","15;14.5562;13.7903;12.9203;12.1163;11.259;10.5892;9.87349;9.36338;8.69055;7.88201;7.02112;6.5426;5.93481;5.54252;5.20398;4.70905;4.31849;4.20912;3.98865;3.83813;3.86615;3.59966;3.59174;3.59025;3.60383;3.78212;4.05223;4.36243;4.56756;5.03369;5.56796;6.19772;6.74547;7.57487;8.17792;8.60418;9.01884;9.6298;10.5087;11.2819;12.0701;12.3594;13.1507;14.0321;15",5.13587,"0.1;0.3;0.6"
35.4435,5.23021,0.373172,"1;1.50462;2.11828;2.3506;2.429;2.51786;2.69005;2.82305;2.87952;3.09527;3.1368;3.14551;3.44789;3.72092;3.84785;3.9152;4.56592;5.44603;5.75954;6.62207;7.51434;8.34318;9.28356;10.188;10.8863;11.8642;12.8491;13.2611;14.1783;14.718;15.1071;15.2417;16.0941;16.5683;16.961;17.4178;17.7072;17.9168;18.3861;19.0794;19.4992;19.8586;19.5742;19.6836;20.1075;20.835;21.1232;21.0631;21.1355;21","15;14.6609;13.9959;13.6227;12.9993;12.5725;12.0044;11.103;10.8254;9.84898;9.02308;8.80824;7.9879;7.43985;6.95311;5.97664;5.33599;4.90936;4.77152;4.50448;4.28491;3.99999;4.03908;4.21363;4.00995;3.88836;3.87003;3.89708;4.07366;4.22573;4.34992;4.27577;4.72949;5.09085;5.62213;6.41416;6.95769;7.54519;8.12717;8.77721;9.64495;10.4883;11.3668;11.6825;12.374;12.9583;13.831;14.7516;15.2925;15",5.49922,"0.1;0.333333;0.566667"
34.9436,4.89745,0.35978,"1;1.76753;2.2712;2.60532;2.83344;2.72264;2.94711;3.03644;3.05598;3.12957;3.42144;3.67573;3.93145;4.35043;4.68112;5.12325;5.75856;6.48179;7.24112;7.90984;8.22942;9.03199;9.88417;10.5993;10.9444;11.8091;12.5106;13.3151;14.262;14.6631;15.5514;16.2811;17.1131;17.5183;18.1384;18.8034;19.3746;19.6011;20.1878;20.7229;20.8484;21.2408;21.292;21.2413;21.1861;20.9994;21.247;21","15;14.4732;13.6348;12.7355;11.7659;11.3356;10.626;10.1754;9.19848;8.65264;7.92973;7.4983;6.62844;6.21839;5.69923;5.24224;4.90535;4.4478;4.20131;3.96191;3.7041;3.63845;3.81799;3.76632;3.76196;3.8641;4.28496;4.74043;4.72004;4.70602;4.98235;5.34213;5.73865;5.97382;6.71087;7.44929;7.80628;8.25134;8.89523;9.47272;9.86738;10.5736;11.4186;12.2862;12.8569;13.5997;14.3372;15",5.48198,"0.1;0.366667;0.533333"
35.4483,5.07347,0.363548,"1;1.63584;1.70492;2.14877;2.45805;2.82075;2.90623;3.1117;3.18144;3.6721;3.78308;4.01924;4.44492;4.71658;5.16164;5.86089;6.29778;7.02972;7.8046;8.47238;8.83321;9.51856;10.2232;11.1145;11.576;12.1547;12.9254;13.5336;14.1467;14.8153;15.543;15.7233;16.5725;17.2051;17.7952;18.7695;19.3568;19.5573;19.4181;19.1663;19.0274;19.4914;20.0834;20.5575;20.6094;20.8738;21.2398;21.1676;20.9314;21","15;14.3025;14.122;13.4179;12.5948;11.7598;11.1661;10.2132;9.66898;8.84318;7.86129;7.57076;6.73405;6.21726;5.56544;4.97099;4.7743;4.36244;4.31815;4.062;4.08536;3.79388;3.647;3.33011;3.38053;3.33196;3.49533;3.52056;3.58305;4.07316;4.69969;4.83423;5.31824;5.54196;6.0458;6.26085;6.74192;7.01018;7.94399;8.65411;9.08723;9.68361;10.4093;11.1628;12.1551;12.8576;13.1922;13.8374;14.3462;15",5.75599,"0.1;0.4;0.5"
36.0275,4.84882,0.372165,"1;1.70046;1.91729;2.05274;2.29153;2.2861;2.21916;2.40197;2.47499;2.58507;2.73444;3.04414;3.37493;3.70137;4.12576;4.80918;5.29289;5.9291;6.64784;7.46904;8.10456;8.99354;9.67405;10.5191;11.2039;12.0739;12.6027;13.3097;14.1637;14.4462;15.1277;15.8526;16.3882;17.0691;17.7648;18.4614;19.151;19.7289;20.1354;20.1831;20.2116;20.0266;20.0742;20.0282;20.4141;20.4163;20.8558;20.6028;20.8073;20.8775;21","15;14.5469;14.2432;13.9091;13.3126;12.5714;11.7392;11.0677;10.1218;9.15384;8.55365;8.04646;7.20165;6.63688;5.96633;5.45073;5.1129;4.79149;4.39568;4.03099;3.78961;3.70031;3.65355;3.60674;3.80973;3.82192;3.80683;3.93306;4.35968;4.38517;4.63411;4.83513;5.0233;4.8446;5.43432;6.1477;6.64203;6.79355;7.17176;8.05279;8.97938;9.8393;9.94954;10.9394;11.4822;12.0689;12.9536;13.8978;14.2151;15.036;15",5.87759,"0.1;0.433333;0.466667"
35.8323,5.044,0.370842,"1;1.58775;2.07811;2.38382;2.82036;2.71863;2.78793;2.94569;3.39668;3.5437;3.77584;4.15939;4.62481;4.79629;5.54823;6.41005;7.36815;8.18295;8.86407;9.55061;10.3339;10.9102;11.4206;12.3257;13.1519;13.971;14.2381;14.9651;15.0131;15.6636;16.5514;17.0768;17.2657;17.9589;18.7329;18.9633;19.3701;19.377;20.0144;20.3048;20.7278;20.7438;21.011;21.1752;20.9185;20.6217;20.4085;21","15;14.6272;14.0651;13.1459;12.2826;11.2909;10.621;9.65306;8.77907;8.17679;7.63447;6.78436;6.29502;5.43738;5.00379;4.82159;4.73786;4.54786;4.44306;3.94284;3.74278;3.59454;3.502;3.34449;3.57498;3.72073;3.59189;4.27361;4.46421;5.20419;5.53935;5.66847;6.249;6.4767;6.97653;7.22238;8.01678;8.51012;9.06184;9.88991;10.278;11.1778;11.8915;12.4545;13.1306;14.0027;14.6614;15",6.0978,"0.1;0.466667;0.433333"
35.0556,4.90729,0.359353,"1;1.39203;1.85473;1.99329;2.31657;2.38924;2.69682;2.62105;2.76919;2.94954;3.011;3.22179;3.67159;4.24282;4.85036;5.38747;5.82242;6.21051;7.05483;7.96358;8.85331;9.70671;10.4736;11.1358;11.5337;12.393;12.8733;13.3714;14.2949;15.1758;15.7022;16.5623;16.9246;17.6658;18.3115;18.6396;18.8947;19.1448;19.6;20.1197;20.1799;20.4361;20.8945;20.533;20.687;20.7169;20.7695;21.1357;21.2964;21","15;14.4513;13.7259;13.4655;12.7127;11.7684;11.0381;10.437;9.91889;9.18974;8.32344;7.96668;7.34257;6.7488;6.00645;5.6974;5.17915;4.88858;4.45531;4.20737;3.87038;3.74661;3.44119;3.48986;3.64387;3.69713;3.79913;3.96084;4.05936;4.32924;4.98353;5.28308;5.29567;5.55832;6.21955;6.53097;7.18608;7.51809;8.2498;8.97622;9.28556;9.85799;10.5866;10.9061;11.8624;12.0463;12.9463;13.1772;14.0839;15",6.10295,"0.1;0.5;0.4"
26.4778,3.13888,11.0474,"1;1.24303;1.81763;2.42572;2.79163;3.26241;3.60161;4.10218;4.40618;4.93059;5.47208;6.09078;6.71629;7.21929;7.97096;8.65427;9.2344;10.1351;10.759;11.6005;12.5741;13.5361;14.1471;14.288;15.2042;15.3936;16.3079;16.9492;17.4951;17.9999;18.53;18.9166;19.0894;19.5465;20.2331;20.4105;21","15;15.1619;15.5758;16.0951;16.305;17.0252;17.8374;18.6959;19.3952;20.083;20.4787;20.9316;21.3816;21.5426;21.7292;21.8931;21.8305;22.0468;21.9776;22.07;21.8893;21.6314;21.6306;21.568;21.3579;21.1911;20.8818;20.2617;20.0686;19.7238;18.9348;18.1189;17.2902;16.7428;16.0798;15.6759;15",8.37257,"0.1;0.533333;0.366667"
34.6123,5.16101,0.355327,"1;1.68665;1.81132;2.0924;2.35022;2.49038;2.65113;2.62332;2.97193;3.26679;3.56293;3.89607;4.26529;4.53733;5.06358;5.34963;5.89401;6.72648;7.08407;7.79675;8.38254;9.35179;10.1041;10.8644;11.7521;12.5607;13.2376;13.542;14.1279;15.0359;15.8008;16.212;16.7993;17.2269;17.6638;18.411;19.0965;19.9545;20.0605;20.1466;20.0521;20.2081;20.289;20.4657;20.5077;21.0087;20.9624;20.9964;21","15;14.3508;13.4904;12.9396;12.581;11.6042;11.0561;10.1678;9.34395;9.07731;8.60542;7.69489;7.1614;6.4612;5.7633;5.49025;4.78633;4.27156;4.20544;3.95317;3.82815;3.63654;3.65001;3.66884;4.047;3.90148;3.84196;3.88521;4.52915;4.58212;5.17275;5.59955;5.936;6.46367;7.09845;7.70216;7.97615;8.42769;8.62388;8.79141;9.44344;10.336;10.7671;11.5062;12.3811;13.2462;13.8631;14.4164;15",6.50425,"0.1;0.566667;0.333333"
36.552,4.8707,0.376838,"1;1.24878;1.7251;1.94494;2.42392;2.65216;2.60734;2.5066;2.45854;2.64017;2.7243;2.97001;3.4495;3.9593;3.88909;4.65865;5.46728;6.03181;6.73534;7.21488;7.74247;8.37122;9.07295;10.0319;10.9385;11.2215;11.7784;12.7557;13.1429;13.8675;14.576;15.5429;16.3434;17.1719;17.7389;18.4865;19.152;19.1159;19.5479;19.6945;20.1157;20.9267;20.7818;21.3636;21.9305;22.219;22.1036;22.121;21.8841;21.5847;21","15;14.8834;14.3114;13.9449;13.2508;12.4253;11.5112;10.6745;9.9453;9.59096;8.73452;8.21848;7.43854;6.62242;6.2474;5.85129;5.26296;4.86188;4.71737;4.47116;4.42361;4.1177;4.03499;4.13389;4.02246;4.05337;4.14219;4.30705;4.47274;4.54299;4.53659;4.73759;5.10195;5.40794;6.12262;6.40085;6.36596;6.95195;7.62539;8.38171;9.12227;9.51001;10.2201;10.6514;11.2643;11.6855;12.3902;12.8335;13.7641;14.4624;15",6.69067,"0.1;0.6;0.3"
38.2616,4.66476,0.395079,"1;1.19634;1.9219;2.29868;2.64018;2.64933;2.8341;2.87621;3.13329;3.53712;3.60752;3.73943;4.31923;4.30078;4.89332;5.47505;5.97648;6.66893;7.06134;7.75969;8.07224;8.95279;9.75964;10.5179;11.4445;11.708;12.6997;13.1856;13.9683;14.3722;14.5399;14.8905;15.7765;16.5047;17.016;17.6836;18.2228;19.0568;19.8832;20.2656;20.6855;21.4074;21.8644;22.3903;22.7618;22.4749;22.0311;21.5221;21.2274;21.8235;22.138;21.979;21.3783;21","15;14.9235;14.402;13.5501;12.6603;11.9926;11.4414;10.6531;9.7807;8.91244;8.17845;7.27715;6.70231;6.40813;5.70592;4.93643;4.595;4.24613;3.97534;3.82352;3.72075;3.52073;3.06331;3.27294;3.31071;3.19334;3.24569;3.43656;3.79986;3.94953;4.0139;4.1598;4.49463;4.76732;5.03364;5.49953;6.03116;6.32537;6.8655;7.22362;7.90955;8.37336;8.84248;8.99064;9.61431;10.073;10.7949;11.5331;11.92;12.6732;13.4627;14.3583;14.4554;15",6.88586,"0.1;0.633333;0.266667"
37.7604,4.70701,0.387872,"1;1.51909;1.75499;2.0186;2.23274;2.23485;2.44425;2.45536;2.55657;3.03977;3.04455;3.62199;4.05234;4.26483;4.49287;4.41997;4.59182;5.06085;5.82179;6.77033;7.39005;8.21617;8.91635;9.74183;10.4218;11.3901;12.2444;12.8441;13.0266;13.9321;14.429;15.0667;15.5492;16.1115;17.0623;17.5528;18.1232;18.475;19.3318;19.9076;20.5206;20.9731;21.6637;21.6918;22.0027;22.1806;22.3933;22.3874;22.5785;22.742;22.4704;21.8702;21.2695;21","15;14.5912;14.3443;14.0589;13.2708;12.3983;11.6896;11.2943;10.3119;9.62891;8.95335;8.30796;8.06502;7.49003;7.07136;6.12911;5.72868;4.90303;4.40911;4.28378;3.7821;3.79385;3.91518;3.98535;4.00887;4.12788;3.77816;3.71193;3.69848;3.67006;3.86456;3.92253;4.1694;4.48996;4.5662;4.73445;5.21708;5.37569;5.8375;6.29189;6.89421;7.22126;7.81364;8.5338;9.21569;9.6059;10.3182;10.6159;11.506;12.2922;13.2029;13.6789;14.4092;15",7.00455,"0.1;0.666667;0.233333"
28.0678,2.42674,12.1283,"1;1.82508;2.22777;2.5603;3.06368;3.31239;3.74551;4.11535;4.57862;5.18297;5.57626;6.11549;6.94254;7.58595;7.98847;8.83084;9.34759;10.0381;10.8242;11.265;12.1665;13.0923;14.0281;14.8439;15.6438;16.3116;17.0396;17.7223;18.1918;18.4626;18.8944;19.2329;19.8726;20.2794;20.5796;20.7061;21.1146;21","15;15.565;16.103;16.9926;17.6388;17.9042;18.4423;19.046;19.8693;20.6218;21.1655;21.725;21.8849;22.4955;22.7477;22.7543;22.7481;22.8688;22.9327;22.9184;22.9744;22.6019;22.4899;22.4004;22.12;21.7336;21.3387;20.8606;20.3665;20.0269;19.439;19.1259;18.4515;17.9459;17.0347;16.3068;15.9008;15",6.93116,"0.1;0.7;0.2"
28.1668,2.59536,11.8094,"1;1.99926;2.49731;2.98341;3.41355;3.73555;3.84208;4.24154;4.92369;5.57989;5.87145;6.48926;6.90421;7.54198;8.3749;9.27818;10.1213;10.7343;11.5292;12.27;12.9242;13.4419;14.4207;14.9594;15.3837;16.0348;16.6514;17.2215;18.0215;18.2731;18.6094;18.9563;19.1957;19.4332;19.831;20.2637;20.4684;20.7663;21","15;15.0385;15.9056;16.6357;17.2801;17.9165;18.3608;18.9918;19.6073;20.251;20.8888;21.4667;21.8937;22.2384;22.5182;22.6861;22.9747;23.0728;23.2556;23.2427;23.0232;22.9588;22.999;22.9891;22.6785;22.0683;21.5272;21.0618;20.4929;20.1999;19.7444;19.1943;18.2805;17.815;17.0403;16.3108;15.8059;15.1291;15",6.68818,"0.1;0.733333;0.166667"
29.0375,2.3405,12.4215,"1;1.69348;2.49545;2.84441;3.06781;3.33603;3.46256;3.62559;4.17147;4.4627;4.79445;5.29323;5.79011;6.19655;6.93045;7.69302;8.3681;8.91123;9.62155;10.3406;11.1489;11.6421;12.1573;12.7098;13.6777;13.9529;14.8481;15.2279;15.8863;16.0907;16.6693;17.2845;17.957;18.2932;18.9188;19.0859;19.2342;19.6744;19.8372;20.2911;20.2552;20.6333;20.6659;21","15;15.4442;15.9763;16.5113;16.8924;17.8057;18.4821;18.7899;19.4966;19.9545;20.5855;21.2278;21.8363;22.2758;22.7515;23.2499;23.4291;23.6286;23.3234;23.24;23.3946;23.3307;23.1835;22.9754;22.8342;22.8344;22.7432;22.6937;21.9994;21.9714;21.9297;21.4836;20.7478;20.0784;19.3416;19.2582;19.1011;18.2093;17.9171;17.1698;16.6626;15.8276;15.1451;15",6.35433,"0.1;0.766667;0.133333"
29.4891,2.21265,12.7571,"1;1.61273;1.84451;2.23271;2.50482;2.92597;2.98468;3.26537;3.6018;3.94478;4.38815;5.07535;5.83002;6.70018;7.38643;7.88505;8.4768;9.08637;9.6368;10.6014;11.3836;11.6255;12.443;13.1325;14.051;14.3906;15.0498;15.8187;16.1547;16.9875;17.539;18.1812;18.7466;19.2948;19.9864;20.5026;20.761;20.9746;21.1167;21.1605;21.2829;21.1558;21","15;15.2401;15.406;15.7027;15.9744;16.7475;17.7362;18.1385;18.6013;19.4436;19.9447;20.5987;21.2464;21.5436;22.1932;22.5268;22.853;23.1122;23.3039;23.5181;23.4773;23.4651;23.3944;23.3226;23.2823;23.0905;23.0135;23.0736;22.8445;22.3336;21.9037;21.545;20.9918;20.2451;19.7153;19.3321;18.9686;18.2117;17.5154;16.6953;16.1005;15.4523;15",5.99473,"0.1;0.8;0.1"
31.0321,2.28919,13.2798,"1;1.27156;2.08814;2.87727;3.08086;3.28021;3.47129;3.96134;4.03392;4.27258;4.74612;4.99685;5.21337;5.36371;6.08544;6.76859;7.54042;8.34647;9.31636;9.87276;10.7572;11.3809;12.025;12.7007;12.9189;13.761;14.3249;15.0557;15.7159;16.611;17.0798;17.7793;18.2959;18.8064;19.1043;19.4762;19.2229;19.771;20.181;20.8105;21.2153;21","15;14.8553;15.3899;15.9824;16.6438;17.1391;17.781;18.5833;19.2667;20.1631;20.8514;21.1905;21.7492;22.6354;22.9355;23.2844;23.6893;23.9367;24.1189;24.3244;24.4265;24.4783;24.2995;24.1628;24.113;23.8447;23.817;23.4072;22.6884;22.3182;22.2381;21.5724;20.8702;20.422;20.0629;19.3414;18.4874;18.0014;17.3947;16.715;15.8341;15",5.8962,"0.1;0.833333;0.0666667"
29.1815,2.35829,12.5856,"1;1.63001;1.82488;2.15233;2.25891;2.7379;2.97904;3.46422;4.06289;4.37963;5.12612;5.4544;6.25563;6.78081;7.52087;8.45231;8.70155;9.36364;10.0737;10.5874;11.4514;12.109;12.9191;13.468;14.3188;15.2374;15.8927;16.3346;17.2317;17.5151;18.1073;18.7509;19.2269;19.7757;20.0976;20.4276;20.6332;20.9586;21.2378;21.5847;21","15;15.2788;15.5496;16.3926;17.2727;17.7865;18.2917;19.0331;19.7147;20.1365;20.5492;20.9081;21.4822;21.9111;22.3497;22.6588;22.6742;23.1341;23.3408;23.7591;23.6544;23.2582;23.3019;23.1994;22.8138;22.4613;22.1941;21.7821;21.4942;21.2486;20.6852;20.0716;19.379;18.8636;18.39;17.621;16.8633;16.61;16.2007;15.6483;15",5.38153,"0.1;0.866667;0.0333333"
31.2504,2.04197,13.7922,"1;1.74713;2.21015;2.52383;2.88139;3.21628;3.53601;3.95116;4.19958;4.46673;5.11214;5.7058;6.36834;6.931;7.19576;7.54653;8.07271;8.9086;9.7054;10.2262;10.8089;11.6248;12.1293;12.9551;13.3689;14.2478;14.7824;15.2038;15.5727;16.1778;16.6256;17.212;17.6315;18.3783;19.0356;19.4651;20.1167;20.41;20.7896;20.9665;21.2459;21.2763;21.0522;21","15;15.4285;16.1081;17.0493;17.8877;18.7749;19.3555;20.0276;20.5551;21.3197;21.8586;22.5022;22.7966;22.9875;23.0957;23.7763;24.0822;24.3512;24.2541;24.1475;24.4319;24.4435;24.5166;24.5512;24.5084;24.2117;23.9433;23.66;23.5865;23.4539;23.1287;22.8891;22.192;21.6087;21.0665;20.696;20.3225;19.4184;18.7307;18.4672;17.6692;16.8455;15.9072;15",4.96281,"0.1;0.9;0"
21.3249,57.923,0.250735,"1;1.86465;2.67567;3.44218;4.25599;4.82343;5.29399;6.15792;6.96006;7.6035;8.20603;9.15535;9.63328;10.5602;11.3991;12.1558;12.9547;13.319;14.0875;14.7754;15.7105;16.267;16.8904;17.6539;18.6298;19.3704;20.0525;20.3332;21","15;14.7095;14.3431;14.1064;14.3884;14.4077;14.4453;14.5572;14.6529;14.3894;14.3769;14.3648;14.2253;14.0652;14.272;14.1621;14.0203;13.9533;14.0475;14.0359;13.7292;13.4549;13.0773;13.1447;13.1701;13.5017;13.8144;14.3895;15",3.06061,"0.133333;0;0.866667"
26.9353,24.4751,0.282999,"1;1.24793;1.71612;2.07237;2.55618;2.82457;3.50342;4.1842;4.87849;5.22601;5.81641;6.48208;7.28711;7.80003;8.54009;9.19392;9.93314;10.8247;11.7186;12.5113;13.2166;13.9874;14.5338;15.2432;16.0469;16.9869;17.3496;17.6799;17.7928;18.4072;19.1723;19.3132;19.4922;20.2685;20.3648;20.3769;21","15;14.6654;13.9783;13.5166;12.8035;12.422;11.9924;11.3115;10.7688;10.4884;10.2085;9.9277;9.36581;9.08073;8.53039;7.80936;7.65106;7.6117;7.86609;7.93858;8.02513;8.38412;8.49171;9.12265;9.28679;9.38116;9.66634;10.1126;10.6408;11.4155;11.9361;12.5843;12.9731;13.3559;14.0265;14.9302;15",4.64303,"0.133333;0.0333333;0.833333"
30.8175,8.92561,0.317868,"1;1.26995;1.48966;1.72963;2.12693;2.10649;2.19109;2.58992;2.98931;3.24584;3.66161;4.0726;4.63691;4.93742;5.30746;5.83706;6.26447;6.79477;7.65451;8.55765;9.17953;9.91386;10.4881;11.2889;12.2789;13.1799;13.268;13.4473;14.2772;14.9285;15.0263;15.7405;16.3037;16.991;17.2087;17.4264;17.6814;17.761;17.924;18.4818;18.6191;18.8903;19.466;20.0984;20.2893;20.5862;21","15;14.6869;14.3198;13.6404;12.9572;12.3281;11.846;11.0615;10.6418;10.1182;9.49235;8.83892;8.29624;7.85824;7.54212;6.91805;6.39249;5.91734;5.4759;5.12637;4.96818;5.28078;5.36134;5.5676;5.50568;5.60047;5.68256;5.68599;5.81945;6.23689;6.30091;6.84363;6.93361;7.55623;7.96167;8.93143;9.72466;10.0015;10.685;11.3515;11.9964;12.3322;12.9643;13.5819;13.9783;14.5073;15",4.95832,"0.133333;0.0666667;0.8"
30.466,8.11162,0.314158,"1;1.47961;1.87636;1.99803;2.30833;2.46157;2.75693;3.11361;3.50483;4.07099;4.41094;4.71606;5.49375;6.03392;6.82688;7.03385;7.74768;8.38707;9.03844;9.49363;10.1834;10.9613;11.7897;12.6962;13.6769;14.2861;15.2321;15.6911;16.2115;17.0473;17.4758;17.7842;18.1481;18.6464;18.9242;19.2352;19.5073;19.8192;20.0744;20.4884;20.6494;20.953;21","15;14.6213;13.9614;13.4349;12.994;12.5122;11.5896;10.7671;9.96869;9.24265;8.92697;8.26497;7.6627;7.12647;6.82116;6.67947;6.1456;5.96101;5.67879;5.53209;5.36692;5.425;5.69443;5.73467;5.85144;6.0287;6.29402;6.43489;6.52878;7.00221;7.35888;7.61847;8.03466;8.52217;8.71311;9.5907;10.3158;11.0806;11.9216;12.8117;13.5492;14.4013;15",5.11414,"0.133333;0.1;0.766667"
31.1282,7.94474,0.319731,"1;1.4576;1.9201;2.05555;2.30327;2.51039;2.7524;3.16947;3.48814;4.2731;4.92917;5.5994;6.33514;7.01109;7.81294;8.46687;9.06367;9.94487;10.8988;11.7126;12.2268;12.9312;13.7821;14.3308;15.2022;16.112;16.7312;16.9035;17.2924;18.1469;18.6739;19.2951;19.6884;19.6332;20.1374;20.4543;20.5703;20.5929;20.8259;21","15;14.1108;13.2242;12.2334;11.6729;11.1452;10.3831;9.72775;9.09549;8.53122;7.77652;7.2501;6.70083;6.40727;5.80974;5.4753;5.27276;5.03713;4.90172;5.2751;5.74471;5.68091;6.03982;6.17486;6.54656;6.81869;7.40441;7.46492;7.99558;8.49016;8.85664;9.09958;9.9132;10.5323;11.2702;12.1719;12.7496;13.6507;14.5214;15",5.44418,"0.133333;0.133333;0.733333"
35.9241,5.093,0.387739,"1;1.39967;1.96522;2.32867;2.46486;2.7041;2.83181;2.94909;3.17643;3.29577;3.36068;3.35056;3.6293;4.21804;4.51101;5.00535;5.63917;6.4164;6.98379;7.83503;8.60694;9.30914;9.89397;10.4304;10.9614;11.5957;12.4074;13.1757;13.9872;14.7605;15.5665;15.9924;16.6986;17.4728;18.1968;18.5736;18.8153;19.5762;19.8823;20.0427;20.0286;20.4884;21.1338;21.4473;21.65;22.0197;21.9624;22.2346;21.3589;21","15;14.9435;14.3132;13.3852;12.6001;12.0319;11.3548;11.0549;10.3678;9.48518;9.23022;9.06156;8.13418;7.38467;6.67302;5.84456;5.26142;4.86456;4.65456;4.39316;4.05942;3.83051;3.79615;3.59037;3.61891;3.55322;4.03535;4.35511;4.38703;4.68165;4.73154;5.32027;5.90283;6.30906;6.98283;7.70541;7.98138;8.60512;9.45186;9.97747;10.7667;11.4949;12.2195;12.591;12.8004;13.6075;14.3176;15.0669;15.1556;15",5.91012,"0.133333;0.166667;0.7"
33.606,5.64145,0.346083,"1;1.75705;1.86082;2.06307;2.40504;2.90882;2.87438;3.3174;3.56602;3.76248;4.33652;4.59696;5.16286;5.75743;6.20159;7.11649;7.57923;8.19902;8.7203;9.62956;10.3235;11.0456;12.0026;12.4032;13.2686;14.0397;14.3828;15.2093;15.9395;16.1718;16.8088;17.1724;17.6053;18.4009;18.7628;19.3927;20.0339;20.7104;20.7189;20.7729;20.9571;21.0683;21.0139;21.2447;21.3676;21","15;14.3908;13.6504;13.1066;12.4213;11.5579;11.1239;10.572;9.67141;8.82274;8.12258;7.70226;7.03757;6.53501;6.18391;6.0263;5.67268;4.95101;4.52472;4.13464;4.0739;4.11722;4.11186;4.20466;4.32682;4.44122;4.50673;4.62473;5.01245;5.17204;5.56458;5.97867;6.44538;7.00487;7.90121;8.1156;8.82551;9.52625;10.2042;10.8376;11.561;12.1719;12.5765;13.4452;14.3193;15",5.8398,"0.133333;0.2;0.666667"
33.9786,5.94249,0.353711,"1;1.63093;1.68733;1.93747;2.13707;2.7697;2.97129;3.11196;3.39301;3.81423;4.18854;4.70801;5.17042;5.72764;6.36059;7.07058;7.48168;8.1665;9.04319;9.66674;10.1819;10.9822;11.6877;11.974;12.7876;13.5671;13.9367;14.8535;14.9846;15.9102;16.0631;17.0232;17.6258;17.8975;18.5798;18.912;18.9907;19.5866;20.2317;20.4961;20.5295;20.9181;21.2334;21.7246;21.7901;21.8252;21.81;21.6124;21.5229;21","15;14.2807;13.8248;13.0989;12.4034;11.637;10.8701;10.1169;9.82904;9.07429;8.29901;7.67923;6.83791;6.10883;5.44254;5.09663;5.09117;4.65393;4.43313;4.25997;4.20181;4.23246;4.31822;4.51378;5.03279;5.5235;5.55537;5.89607;5.92034;5.95334;6.00343;6.11669;6.45898;6.79432;7.39375;7.38551;7.79331;8.53221;9.27366;9.84916;10.323;11.1397;11.8339;12.3836;12.7403;13.6183;13.7493;14.1604;15;15",6.14107,"0.133333;0.233333;0.633333"
34.3035,5.26969,0.352613,"1;1.37294;1.73818;2.12126;2.56246;2.78714;2.89168;2.93479;3.34652;3.77974;3.98704;4.09398;4.49149;4.94714;5.39205;5.92056;6.75199;7.08648;7.78522;8.06625;8.87353;9.86157;10.6392;11.1093;11.5141;12.0577;12.5436;13.4756;14.2378;14.7368;15.3242;16.2539;16.8158;17.3703;17.7056;18.2194;18.581;19.0708;19.5208;20.2862;20.5761;20.8554;20.8387;20.6075;20.6662;20.8798;20.9381;21","15;14.6758;14.2662;13.8299;13.063;12.1713;11.1961;10.6224;10.0066;9.54646;8.85344;7.91419;7.16474;6.33823;5.85239;5.042;4.60904;4.47265;4.0425;4.04185;3.89311;3.80597;4.24788;4.13077;3.76357;3.77881;3.75529;4.0288;4.48671;4.85773;5.04502;5.32768;5.78024;6.22203;6.6145;7.2616;7.69489;8.13672;8.52105;9.11579;9.88833;10.8147;11.636;12.4997;13.3585;13.9946;14.8807;15",6.19061,"0.133333;0.266667;0.6"
33.7625,5.4726,0.347794,"1;1.48857;2.05694;2.50082;2.55222;2.72679;2.84292;2.77874;2.94063;3.25951;3.86158;4.05764;4.68453;4.84388;5.45909;6.12027;6.43491;7.21239;8.02602;8.98692;9.35205;10.1381;10.5224;11.5099;12.3631;13.0288;13.594;14.3253;15.0121;15.6094;16.3225;16.5578;17.3063;17.8921;18.5801;19.307;19.2617;19.2774;19.5418;19.9405;20.2412;20.9125;20.6895;20.6857;20.7502;21","15;14.6735;13.9434;13.101;12.2721;11.5606;10.6643;9.82863;9.29906;8.50874;7.75958;7.11782;6.59555;6.41975;5.63849;5.34511;5.17142;4.924;4.72969;4.81143;4.74383;4.5201;4.56216;4.40441;4.64984;4.76725;4.67185;4.65423;4.95493;5.34242;5.74691;5.88523;6.23654;6.75408;7.13911;7.82446;8.81029;9.14836;10.0632;10.796;11.2345;11.7729;12.6351;13.4697;14.4173;15",6.34052,"0.133333;0.3;0.566667"
37.2306,6.06828,0.49248,"1;1.70284;1.81856;2.11433;2.31872;2.63421;2.88312;2.99298;3.16594;3.29606;3.44541;3.46319;3.70427;3.83095;4.61227;5.17663;5.92301;6.7754;7.44141;7.96769;8.7495;9.66681;10.5416;11.1439;11.7918;12.4576;13.0879;14.0357;14.7467;15.4936;16.0591;16.4624;17.1418;17.4387;17.7801;18.2163;18.4122;18.3731;18.5333;18.8709;18.9588;19.2892;19.5427;19.2513;19.7766;19.3674;19.8057;20.0599;20.3705;21","15;14.3728;14.1235;13.4738;12.7137;12.1953;11.4772;10.9405;10.0842;9.25462;8.66297;8.4688;7.63314;6.84275;6.23494;5.64226;5.07287;4.66156;4.34456;3.83436;3.66131;3.39006;3.20322;3.45591;3.57186;4.1732;4.39867;4.32209;4.30474;4.47048;4.56502;4.82264;5.29193;6.13699;6.65137;7.17655;7.84987;8.76675;9.63954;10.2441;11.2146;12.0976;12.693;13.2941;13.7346;14.5868;15.3226;16.0913;15.4486;15",7.24948,"0.133333;0.333333;0.533333"
35.2835,5.21188,0.361786,"1;1.3087;1.74518;1.80308;1.92527;2.42541;2.57897;2.74323;3.10157;3.01998;3.0028;3.1014;3.59349;4.05805;4.26177;4.44712;4.67967;4.95653;5.62136;6.02131;6.96921;7.80345;8.80177;9.31165;9.9337;10.8445;11.4603;11.8199;12.8073;13.7254;14.1894;14.6928;15.3518;16.3309;17.0697;17.5525;18.0862;18.1569;18.6153;19.2058;19.8228;20.1331;20.6487;21.1919;21.6089;21.2682;21.4144;21.1542;20.9906;21","15;14.6527;14.1548;13.6779;13.4219;12.7905;11.8024;11.3513;10.6844;10.2379;9.59995;9.04464;8.42667;7.89034;7.18577;6.81181;6.39744;5.8211;5.66997;5.51522;5.27817;5.028;4.97011;4.35423;3.96165;3.66606;3.44977;3.40876;3.43251;3.724;3.86018;4.06927;4.60086;4.69101;5.34944;5.6998;5.90271;6.85724;7.46265;8.2651;8.92159;9.5014;9.97442;10.7415;11.4113;11.7693;12.6468;13.5141;14.1345;15",6.79637,"0.133333;0.366667;0.5"
35.5489,5.11385,0.365803,"1;1.41717;2.05153;2.31192;2.5004;2.503;2.47754;2.77443;2.78479;3.46898;3.59986;3.99844;4.39047;5.07548;5.18603;5.92595;6.49047;6.89661;7.75472;8.06211;8.90096;9.78112;10.3727;11.0473;11.9688;12.8657;13.5701;14.398;15.2386;15.8128;16.2733;16.8076;17.5261;18.1166;18.8786;19.3748;19.6252;19.8186;20.0556;19.8601;20.0295;20.2701;20.5269;20.6738;21.0496;21.553;21.8106;21.188;21","15;14.6525;14.2122;13.3439;12.3766;11.7729;10.8546;10.0534;9.7102;9.0057;8.27376;7.55015;7.36515;6.80958;6.30495;5.77525;5.02706;4.99435;4.56392;4.31563;3.99925;3.87916;3.86136;3.91041;4.17723;4.49079;4.819;4.82932;4.76861;4.68991;4.86398;4.88905;5.05229;5.34479;5.98132;6.42112;6.97554;7.63983;8.32625;8.941;9.63332;10.1889;10.8682;11.6794;12.3408;13.1041;13.8693;14.1814;15",6.95609,"0.133333;0.4;0.466667"
35.5875,5.18753,0.365289,"1;1.69669;2.031;1.83684;2.29106;2.64424;3.15763;3.72334;3.71611;4.01825;4.37126;4.75054;5.17574;5.8402;5.93954;6.35588;6.98754;7.88062;8.7751;9.61518;9.92566;10.7783;11.2564;11.9324;12.4208;13.3617;13.6176;14.5017;15.3053;15.8595;16.5959;17.046;17.8427;18.5567;19.1035;19.5841;19.8515;20.3268;20.652;20.9392;21.1461;21.2405;20.7709;21.0041;20.8275;21.0676;21","15;14.3549;13.9584;13.1487;12.3096;11.5331;10.838;10.0538;9.3021;8.6918;7.77471;7.09547;6.33325;5.91391;5.5568;4.82859;4.39129;4.07961;3.96137;3.45231;3.29749;3.1554;2.96487;3.06824;3.09376;3.2491;3.3597;3.69982;4.27768;4.60739;4.82259;4.89402;5.34549;5.69632;6.35218;7.06781;7.94157;8.4994;9.37536;9.61164;10.3482;11.2551;12.0518;12.8624;13.1163;14.0127;15",7.15121,"0.133333;0.433333;0.433333"
35.5628,4.81578,0.366697,"1;1.43508;2.00121;1.82806;2.11171;2.14828;2.31054;2.64516;2.74331;2.84578;2.9145;3.38621;3.68871;4.16744;4.77094;5.17597;5.34069;6.17503;6.66076;7.44368;8.29352;9.22122;10.0949;10.9961;11.4932;12.0307;12.5526;13.2363;13.5675;14.3657;15.2415;16.045;16.7025;17.4385;17.9961;18.3016;18.774;19.4148;19.6857;20.1457;20.0999;20.2931;20.3284;20.864;20.8113;21.0109;21.0155;21.1128;20.8746;21","15;14.8627;14.0502;13.8248;12.967;12.3105;11.8966;11.0102;10.4683;9.75325;8.84645;8.20739;7.66594;6.92515;6.15369;5.2673;5.10289;4.59523;4.27884;3.73894;3.67325;3.6654;3.5346;3.55044;3.50809;3.54168;3.47139;3.53878;3.44352;3.48237;3.81557;4.37263;4.53981;5.20907;5.87749;6.34745;6.86212;7.40279;7.707;8.57289;9.19548;9.89336;10.3801;10.9415;11.5169;12.2643;13.0362;13.9333;14.2127;15",7.13573,"0.133333;0.466667;0.4"
36.9769,5.17953,0.396863,"1;1.58042;1.85321;2.2058;2.49393;2.64477;2.508;2.72664;2.87017;3.18326;3.22389;3.3835;3.7362;4.16316;4.65802;5.3107;6.06142;6.73291;7.35569;7.89605;8.38888;9.21731;9.70888;10.574;11.2567;11.6943;12.4328;13.2888;14.0477;14.8403;15.3067;15.8406;16.7454;17.3433;17.6477;18.0274;18.4246;18.6659;18.9332;19.0927;19.0762;19.5823;19.9426;20.0632;20.5602;20.5157;20.4974;19.9314;20.3207;20.9005;21.8742;21.6692;21","15;14.6731;14.4784;13.7163;13.2815;12.3394;11.373;10.5556;10.0188;9.19685;8.93797;8.18427;7.25237;6.54693;6.19076;5.49805;5.15335;4.62047;4.39303;4.22923;4.30497;4.26701;3.64137;3.45916;3.55727;3.52998;3.5492;3.65041;3.84732;4.09592;4.34644;4.65099;4.96105;5.57792;5.83704;6.38575;7.09277;7.53061;8.22677;9.10193;9.53574;10.2094;10.8475;11.0293;11.8647;11.9625;12.8743;13.6293;13.996;14.5146;14.7131;15.2458;15",7.66553,"0.133333;0.5;0.366667"
34.304,5.6888,0.352457,"1;1.49695;1.88788;2.03777;2.2451;2.46754;2.80035;3.1617;3.28388;3.63103;4.11776;4.10838;4.4387;5.11774;5.9114;6.59348;7.34795;8.07222;8.74167;9.60276;10.5395;11.4265;11.9507;12.8348;13.7418;14.2875;15.2768;15.8977;16.5558;16.776;17.2897;18.14;18.7663;19.2022;19.3897;19.4689;19.3446;19.0427;19.0917;19.2999;19.8358;20.3265;20.6585;21","15;14.5031;13.7059;13.3003;12.3293;11.4961;10.6196;9.72423;8.91342;8.29877;7.69736;6.83447;6.05399;5.46086;4.99009;4.60123;4.33355;4.02157;4.22551;4.41961;4.20408;4.43126;4.53233;4.60395;4.59514;4.69765;4.8051;4.97668;5.63075;5.80352;6.46139;6.87797;7.58123;8.09535;8.81162;9.63356;10.2942;11.0161;11.9;11.8328;12.6581;13.5129;14.2581;15",7.72537,"0.133333;0.533333;0.333333"
35.8138,4.83072,0.368907,"1;1.4007;1.81464;2.04451;2.44402;2.32195;2.16453;2.19321;2.5402;2.53607;2.85251;3.4212;3.91271;4.62793;4.97557;5.38406;6.03259;6.50399;7.30209;7.70723;8.38071;9.24708;10.1748;10.907;11.736;12.2394;12.8198;13.6795;14.0708;14.9731;15.4841;16.3965;17.0353;17.7229;18.0804;18.6;18.9067;19.7116;19.8854;20.7261;20.6945;20.7682;20.6641;21.1994;21.2384;21.1552;21.0293;21.1116;21.251;21","15;14.7949;14.42;14.2051;13.311;12.4933;12.0648;11.1607;10.2959;9.6739;8.84433;8.02346;7.23546;6.54532;5.9182;5.2603;4.59799;4.31738;4.29162;4.20459;4.09794;3.96311;4.04229;4.06631;4.07154;4.16596;4.02223;3.94453;4.13876;4.52934;4.76557;4.85401;4.97819;5.4869;5.93437;6.43989;6.8486;7.17311;7.86426;8.23513;9.01164;9.68448;10.3008;11.0286;11.6132;12.2176;13.0921;13.911;14.3259;15",7.62324,"0.133333;0.566667;0.3"
27.8059,2.50774,12.0023,"1;1.42718;2.10404;2.53249;2.76807;3.17841;3.69615;4.14443;4.26165;4.83877;5.34437;5.56059;6.29847;6.73974;7.08579;7.68939;8.28526;8.95944;9.90614;10.8511;11.034;11.9124;12.828;13.5517;14.421;14.685;15.1602;15.9164;16.6367;17.4804;17.945;18.6814;19.2491;19.7303;20.3068;20.6865;20.6318;20.8219;20.9955;21","15;15.2755;15.8011;16.5065;17.1346;17.7205;18.1735;19.0359;19.2673;19.9207;20.5479;20.9696;21.3621;21.8309;22.0319;22.4636;22.5327;22.7228;22.738;22.9059;22.893;22.9158;23.086;22.6366;22.4209;22.3602;22.2035;21.7861;21.287;20.7693;19.9224;19.3321;18.6865;17.9981;17.671;16.927;16.3499;15.6228;15.0575;15",8.41271,"0.133333;0.6;0.266667"
35.4937,4.87,0.365315,"1;1.21913;1.59255;1.79422;2.08694;2.74444;2.51873;2.84001;2.88558;2.85973;2.8915;3.16599;3.41544;3.71184;4.0706;4.19774;4.62474;5.40762;5.71821;6.35127;7.22271;7.77142;8.13906;8.84774;9.59814;10.5311;11.0982;11.8294;12.7575;13.2918;13.8982;14.2698;14.7864;15.3925;15.8335;16.7015;17.0513;17.8325;18.4168;18.7959;19.3347;20.0305;20.3068;20.5442;20.9778;20.9003;21.056;20.9828;21.1119;21.2905;21.1618;21","15;14.8875;14.5812;14.3784;14.0296;13.3793;12.7482;11.8012;11.1293;10.2645;9.28365;8.38444;7.48039;7.15501;6.42076;5.83211;5.76501;5.27961;5.17139;4.95899;4.62812;4.3563;4.11323;3.72792;3.47418;3.41026;3.40133;3.52851;3.57305;3.91491;4.03157;4.17028;4.52395;4.66672;4.90071;5.28502;5.8711;6.43474;6.96814;7.02597;7.54814;8.11418;8.81934;9.11308;9.72764;10.7071;11.2904;11.9308;12.7355;13.3804;14.3063;15",7.90206,"0.133333;0.633333;0.233333"
26.9269,3.19359,11.1135,"1;1.54105;2.4085;2.87527;3.06333;3.30992;3.62565;3.95554;4.3819;5.22413;5.8153;6.09996;6.84769;7.20514;8.04255;8.44995;9.24488;9.38468;10.3382;10.6904;11.6115;12.3477;13.2489;13.6601;14.4554;14.9568;15.8463;16.5518;17.4451;17.9126;18.4768;18.7537;19.1383;19.4144;19.6812;20.3817;20.8196;21","15;15.12;15.5216;16.0702;16.6195;17.4468;18.3057;18.8422;19.0823;19.5816;20.1331;20.2822;20.8063;20.9753;21.2793;21.4315;21.7271;21.7767;21.8874;21.9474;22.0832;22.5001;22.6146;22.3165;21.9585;21.547;21.286;20.5931;20.2302;19.8074;19.0561;18.5579;17.6869;17.1076;16.5079;16.0947;15.836;15",7.94202,"0.133333;0.666667;0.2"
28.2103,2.39511,12.1823,"1;1.49302;2.07338;2.32978;2.65346;3.11241;3.45506;4.1317;4.21215;4.76561;5.12617;5.71248;6.01669;6.71827;7.41566;8.22937;9.17086;9.6408;10.3013;11.2084;11.9941;12.5693;13.263;13.5896;14.429;14.8311;15.6315;16.2673;17.0811;17.6363;18.1775;18.8613;19.2521;19.485;20.059;20.3677;20.5753;21.093;21","15;15.3385;15.8958;16.2031;16.9284;17.8091;18.3376;18.9931;19.1119;19.8891;20.1696;20.9344;21.1449;21.8165;22.3516;22.6946;23.0302;23.0559;23.587;23.7818;23.5916;23.5269;23.3503;23.2529;22.7818;22.6789;22.0824;21.538;21.2085;20.601;20.1082;19.3985;19.1629;18.4294;17.6841;16.7889;16.2393;15.4619;15",7.46833,"0.133333;0.7;0.166667"
27.5424,2.67417,11.8834,"1;1.25269;1.82837;2.25663;2.41897;2.57285;2.71651;3.29451;3.71601;4.13327;4.76656;5.30853;6.25397;6.94685;7.14453;7.73548;8.6224;9.52801;10.2166;10.9074;11.3587;11.7992;12.5304;13.2049;14.1899;14.7564;15.5794;16.3522;16.8522;17.1884;17.6681;18.4424;18.9341;19.0856;19.6488;19.9654;20.2541;20.2907;20.7094;21","15;15.1204;15.6615;16.3379;17.1244;17.2961;17.8104;18.4474;19.1266;19.8763;20.3424;20.5755;20.7521;21.3512;21.5262;21.9787;22.2645;22.6312;22.8192;22.6451;22.6348;22.6768;22.5094;22.1408;22.1249;21.8956;21.8329;21.5172;21.0902;20.946;20.485;19.9442;19.2178;18.8465;18.2728;17.5761;16.9876;16.2508;15.3635;15",7.21782,"0.133333;0.733333;0.133333"
29.0837,2.39163,12.6146,"1;1.85562;2.35971;2.64454;3.12574;3.5843;3.72256;4.25561;4.64053;5.28406;5.35267;5.84101;6.4113;6.73171;7.45935;8.2794;8.75486;9.38311;10.2375;10.6361;11.5992;12.4345;12.8377;13.4732;14.1824;14.3909;14.7974;15.6767;16.5086;17.2744;17.7891;18.3296;18.8163;19.3655;19.8413;20.444;21.0023;21.1216;21.2739;21.4712;21.4365;21.1553;21","15;15.5176;16.2527;16.8971;17.3558;18.0444;18.33;19.0214;19.9418;20.6947;20.906;21.7314;22.1444;22.5291;22.5815;22.5996;22.7807;23.0026;22.7851;22.797;22.9671;22.9064;22.8154;22.5498;22.2957;22.2099;21.9983;21.589;21.3157;21.3283;21.0245;20.6266;20.4697;20.0203;19.6707;19.3339;18.6424;17.7773;16.9751;16.3602;15.8997;15.4092;15",6.97287,"0.133333;0.766667;0.1"
28.8305,2.43235,12.4377,"1;1.55999;1.9023;2.37905;2.78844;2.90067;3.14054;3.67043;3.90424;4.47183;4.79065;5.29001;6.09644;6.44405;6.95768;7.73928;8.46657;9.16439;9.86702;10.3762;11.2611;12.0243;12.811;13.5818;13.9115;14.5903;15.1751;15.4064;16.1859;16.8696;17.361;18.1236;18.618;19.0001;19.7752;20.0041;20.0259;20.2257;20.7379;21","15;15.2811;15.6423;16.097;16.9311;17.7658;18.3223;19.0543;19.9067;20.1045;20.699;21.4653;21.7936;22.1329;22.4199;22.7465;23.1042;23.0949;22.8899;23.0025;23.0282;23.0223;22.5972;22.618;22.3327;22.082;21.7155;21.734;21.8228;21.7264;21.3191;20.6829;19.8355;19.08;18.6457;17.7871;17.0857;16.2973;15.5674;15",6.61912,"0.133333;0.8;0.0666667"
29.722,2.39188,12.7944,"1;1.50683;2.23518;2.94132;3.15652;3.37486;3.77517;4.15591;4.73217;4.91804;5.3963;5.76463;6.27957;7.12687;7.89112;8.69863;8.94568;9.62671;10.4856;11.1407;12.1274;12.9217;13.7471;14.0599;14.9776;15.794;16.3919;17.2631;17.3993;17.8305;18.3324;18.996;19.4981;19.8277;19.9809;20.063;20.2023;20.4375;20.9295;21.0227;21","15;15.5285;15.831;16.359;16.6029;17.5692;18.3688;18.96;19.7439;20.0682;20.6437;21.2377;21.189;21.7176;22.0469;22.6274;23.1462;23.6106;23.86;23.8004;23.7236;23.9913;23.8312;23.7107;23.5612;23.1011;22.7164;22.6528;22.3463;21.9281;21.632;20.8963;20.1233;19.1905;18.8348;18.1389;17.1637;16.6971;15.9139;15.0876;15",6.38264,"0.133333;0.833333;0.0333333"
29.4143,2.31136,12.7065,"1;1.75515;2.12246;2.40671;2.5249;3.219;3.27626;3.86644;4.24137;4.63615;4.70353;5.51865;6.1975;6.59066;7.21359;7.87742;8.35811;9.25826;10.1172;10.9869;11.3167;12.2771;12.8969;13.532;14.0509;14.8766;15.6169;16.4538;16.9343;17.5721;17.9283;18.5784;19.026;19.4584;20.0812;20.4792;20.7099;21.0077;21.3866;21.3613;21","15;15.2439;15.7332;16.3426;16.7345;17.4065;17.8731;18.6181;19.4617;20.1366;20.8195;21.3515;21.4826;21.6888;22.2414;22.7937;22.9555;23.3014;23.1695;23.1712;23.1989;23.2644;23.4825;23.6176;22.9744;22.7204;22.2363;21.8993;21.6359;21.4795;21.0454;20.5216;19.7588;19.1053;18.4349;17.7272;17.4662;16.8294;16.0979;15.7054;15",5.92507,"0.133333;0.866667;0"
20.3151,56.1961,0.250031,"1;1.70339;2.69489;3.37297;4.23995;4.78834;5.75436;6.32787;6.93646;7.4005;8.03587;8.83418;9.45684;10.3233;11.113;11.5001;12.2742;13.1223;13.7344;14.5083;15.3555;15.8978;16.7735;17.399;18.0271;18.6629;19.6433;20.5341;21","15;14.7303;14.6052;14.4836;14.3682;14.3584;14.2294;14.2876;14.2635;14.2638;14.3063;14.2609;14.1633;14.3145;14.4002;14.2817;14.2967;14.3604;14.3794;14.2704;14.214;14.1373;14.2668;14.2033;14.2755;14.421;14.3964;14.7582;15",3.59422,"0.166667;0;0.833333"
20.392,47.3592,0.482768,"1;2;2.9731;3.94149;4.83929;5.781;6.6031;7.48052;8.10063;9.09831;9.79785;10.4752;11.0336;11.8533;12.2524;13.0405;14.0264;14.918;15.7055;16.2848;17.2115;17.7217;18.5802;19.5304;20.1829;21","15;15;15.2304;15.2989;15.0048;15.3117;14.983;15.0542;15.2914;15.3595;15.324;15.3396;15.3457;15.2461;15.221;15.0761;15.2392;15.1371;14.9641;15.1722;14.9518;14.9372;14.83;14.7532;14.9101;15",5.36352,"0.166667;0.0333333;0.8"
30.7528,8.82532,0.317013,"1;1.4389;1.57636;2.04156;2.46643;3.02112;3.02939;3.66243;3.93643;4.2318;4.58463;5.41604;6.19397;6.74809;7.5498;8.22265;8.54225;9.39072;10.1343;10.4726;11.2704;12.1247;12.8637;13.7238;14.3517;15.2316;15.9563;16.6842;17.1624;17.5165;17.9145;18.5545;19.2771;19.7884;20.1803;20.1357;20.0636;20.3403;20.6156;21","15;14.1606;13.3939;12.7502;12.1805;11.409;10.499;9.9229;9.31597;8.70564;7.8545;7.33671;6.7307;6.21843;6.15655;5.85874;5.70926;5.56902;5.4755;5.54549;5.60473;5.57638;5.62408;6.04118;6.14412;6.48869;6.78581;7.35556;8.15753;9.08402;9.42648;9.98235;10.3885;11.0499;11.5481;12.5184;13.2467;13.9441;14.6659;15",5.95688,"0.166667;0.0666667;0.766667"
30.513,8.87683,0.316867,"1;1.40614;1.96979;1.90271;2.03334;2.52486;2.83575;3.42054;3.94881;4.01904;4.75288;5.40352;6.15066;6.66943;7.15437;7.67264;8.44705;8.85353;9.58959;10.0595;10.9224;11.8111;12.4774;13.2104;14.1107;14.8751;15.4512;16.2936;16.7292;17.2972;17.7113;18.2798;18.6908;19.2934;19.8243;19.9647;20.3157;20.5521;20.9087;20.9443;21","15;14.9423;14.2358;13.3318;12.7064;11.9119;11.0381;10.227;9.44635;9.11921;8.55605;7.97842;7.40544;6.76801;6.44172;6.03269;5.5395;5.51977;5.34539;5.4348;5.64646;5.55174;5.45084;5.86631;5.97817;6.44562;6.84114;7.22996;7.72616;8.49814;8.92197;9.6106;10.1901;10.4595;11.0898;11.5267;12.4481;13.1531;13.8552;14.3024;15",6.20555,"0.166667;0.1;0.733333"
30.828,8.33427,0.319894,"1;1.32196;1.84885;1.95918;2.21209;2.38864;2.54121;2.92757;2.93651;3.45199;3.55571;3.91145;4.38466;4.73112;5.17612;5.96866;6.53651;7.35456;7.77803;8.67851;9.46401;10.059;10.6238;11.5171;12.0822;12.9917;13.7207;14.4457;14.8749;15.3272;16.1247;16.2742;16.9351;17.1986;17.8552;18.5111;19.146;19.2603;19.2505;19.6808;19.7711;19.8109;19.9716;20.4718;21","15;14.7038;14.2532;13.8769;13.2497;12.4051;11.8014;11.3124;10.8652;10.2923;9.89831;8.96373;8.40561;7.81397;7.4256;6.81579;6.73315;6.56438;6.22839;5.82068;5.55312;5.33207;5.27155;5.18624;5.03982;5.25457;5.74935;6.12322;6.26508;6.60192;6.87292;7.03469;7.52861;8.02903;8.7443;9.45504;10.1695;10.945;11.6783;12.3755;12.6951;13.4878;13.837;14.6677;15",6.47318,"0.166667;0.133333;0.7"
33.2861,6.25511,0.341335,"1;1.37585;1.44734;1.65914;1.85982;2.30398;2.68126;2.71653;2.95406;3.41278;3.65651;3.9543;4.36729;5.04614;5.33146;5.71312;6.5256;7.33651;8.08427;8.8496;9.73665;10.1714;10.8405;11.6421;12.3912;12.927;13.2439;13.9869;14.5949;15.4723;16.2315;16.5989;17.462;18.3069;18.5719;18.9799;19.3986;20.1204;20.5783;20.8879;21.2581;21.475;21.3898;21.2478;21.1611;21.3288;21","15;14.2492;13.5672;13.2737;12.9182;12.0704;11.2077;10.5181;9.74549;9.18316;8.6419;7.96756;7.32369;6.886;6.28796;5.76352;5.45956;5.02517;4.94471;4.95416;4.6135;4.35624;4.22554;4.21534;4.63666;4.98503;5.19214;5.52875;6.00698;6.36567;6.50649;6.64748;6.85801;7.25934;7.9403;8.71167;9.12057;9.75651;10.2468;10.5047;11.0217;11.7799;12.5828;13.5551;13.6597;14.1968;15",6.81777,"0.166667;0.166667;0.666667"
33.1018,6.40786,0.340751,"1;1.16902;1.26492;1.66996;1.99535;2.15165;2.38363;2.89733;3.33475;3.6459;4.14942;4.45595;4.58939;5.31497;6.12295;6.41153;6.99867;7.60307;8.24329;9.02187;9.78531;10.5762;11.4598;12.1851;12.9834;13.5301;14.2449;14.7837;15.6448;16.2868;16.6917;17.3876;17.8156;18.3845;18.8915;19.1876;19.754;20.329;20.1834;20.3191;20.663;20.7874;20.9336;21.4648;21","15;14.5823;14.2286;13.4207;12.6986;12.042;11.4228;10.7043;9.96224;9.4785;8.61503;7.93397;7.77157;7.21551;6.83109;6.13508;5.36948;4.60001;4.51987;4.35467;4.39566;4.31764;4.57934;4.89474;4.86414;4.86951;5.03808;5.18117;5.08674;5.69034;6.21303;6.77993;7.5849;8.28274;8.63784;9.03597;9.72524;10.5432;11.3509;11.9499;12.8073;13.2358;13.9882;14.6006;15",7.01435,"0.166667;0.2;0.633333"
32.6953,5.80055,0.337442,"1;1.83586;2.22684;2.33314;2.45252;2.65307;2.86954;2.98079;3.21253;3.4158;3.69813;4.03753;4.2515;4.71316;5.41213;6.00887;6.76681;6.97056;7.48866;8.35071;9.1902;10.0828;10.7215;11.0787;12.0756;12.6801;13.3384;14.1452;14.8304;15.584;15.8494;16.269;16.7344;17.542;18.3208;18.8278;19.2053;19.6827;20.0244;20.3287;20.6753;20.9409;20.9961;21.1276;21.06;21","15;14.4886;13.8522;13.0872;12.8157;11.8957;11.0971;10.764;10.0761;9.62795;8.68185;8.04062;7.70812;6.93861;6.56827;6.17108;5.82626;5.53294;5.10841;4.91592;4.7167;4.42848;4.25561;4.33824;4.28824;4.44332;4.44622;4.67554;5.2178;5.67836;5.8961;6.42931;7.03795;7.46181;7.89431;8.29399;8.61979;9.17291;9.81378;10.4377;11.0716;11.8399;12.7769;13.6129;14.2484;15",7.00516,"0.166667;0.233333;0.6"
33.2583,6.04941,0.342724,"1;1.45348;1.65645;1.9254;2.16985;2.27564;2.73443;3.17676;3.30583;3.42398;3.68365;4.30896;4.68419;5.30344;6.07575;6.68056;6.90825;7.5017;8.04593;8.54587;9.12827;9.96304;10.6735;11.1814;11.5089;12.381;13.2208;14.0893;15.074;15.701;16.1852;16.764;17.627;18.2845;18.8652;19.2004;19.7815;20.1125;20.1461;20.2178;20.3747;20.4263;20.1573;20.7971;21.0908;21.4644;21","15;14.6557;13.9459;13.2254;12.6524;12.4166;11.6944;10.9098;10.1704;9.42342;8.56269;7.81274;7.31338;6.75303;6.13068;5.73125;5.60714;5.22951;5.05153;4.6607;4.79022;4.6695;4.84305;4.85456;4.8456;4.64028;4.7292;5.0029;5.16182;5.81521;6.15716;6.58304;7.02625;7.28458;7.76441;8.08826;8.45697;9.19961;9.41215;10.3763;11.1782;11.823;12.5703;13.3118;14.0534;14.1963;15",7.35044,"0.166667;0.266667;0.566667"
33.3849,5.97783,0.342304,"1;1.46227;1.83171;1.93992;2.14628;2.44486;2.55424;2.81058;3.0416;3.17287;3.79461;4.28005;4.97106;5.81925;6.2442;6.62537;7.5124;8.40567;8.67337;9.62672;10.3586;11.2783;11.9934;12.8532;13.8053;14.5601;14.7713;15.457;15.7394;16.4711;17.1106;17.953;18.7288;19.1695;19.2397;19.6314;19.8469;19.9553;20.3161;20.0455;20.6304;20.9953;21.0688;21","15;14.2423;13.7531;13.0782;12.2056;11.36;10.4449;9.72116;9.04481;8.28274;7.68425;7.39952;6.90016;6.8208;6.08674;5.79631;5.4478;5.02;5.12922;4.98887;4.89669;4.87703;4.59405;4.4644;4.47005;4.7288;4.79121;5.25861;5.47668;5.75764;6.24395;6.63265;7.02325;7.62091;8.19792;9.01051;9.58433;10.3866;11.0946;11.8509;12.3578;13.2578;14.2214;15",7.54007,"0.166667;0.3;0.533333"
33.9184,5.53588,0.349228,"1;1.48959;1.91035;2.01076;2.23242;2.15714;2.29556;2.30474;2.57883;2.81741;3.14562;3.48332;4.14233;4.88301;5.07485;5.56838;5.77579;6.08421;6.76918;7.29338;7.75021;8.6819;8.95851;9.84274;10.2458;11.0891;11.9194;12.4674;13.3722;13.4896;14.4647;14.7307;15.5171;16.0335;16.3598;16.4517;17.1467;18.0762;18.7966;19.3556;19.6561;20.0503;20.4859;20.6752;21.034;21.0237;21.0319;21.2194;21.1642;21","15;14.5829;14.074;13.241;12.2983;11.7057;11.2242;10.6618;10.2369;9.37587;8.44911;8.03213;7.51271;7.1914;6.6885;6.13551;5.95137;5.70977;5.16181;4.89634;4.70386;4.34059;4.22033;4.09978;4.10744;4.34549;4.70101;4.91519;5.1586;5.32887;5.15806;5.29904;5.26388;5.43515;5.56931;5.8504;6.31313;6.5425;7.09203;7.72521;8.54412;9.37037;10.032;10.7071;11.5535;12.4055;13.293;13.966;14.8588;15",7.67298,"0.166667;0.333333;0.5"
34.7218,5.02007,0.356186,"1;1.34085;1.45813;1.77012;1.87991;2.17992;2.32173;2.57083;2.64367;2.77658;2.85635;3.00986;3.34123;3.46508;3.84168;4.41672;4.56462;5.42666;5.82018;6.52656;6.80559;7.47861;8.28734;9.08826;9.6144;10.5438;11.0993;11.6211;12.5677;13.5222;14.4141;15.2483;15.9129;16.2013;16.8151;17.1381;17.658;18.0308;18.6371;18.9795;19.4024;20.2038;20.3437;20.8612;20.7791;21.1275;21.0228;21.1467;21.3252;21.4019;21","15;14.5198;14.3072;13.4719;12.7869;12.2695;11.9622;11.1628;10.6357;10.0901;9.57268;8.78821;7.86131;7.58618;6.66713;5.93232;5.63672;5.31931;5.10519;4.85201;4.8025;4.69758;4.21737;4.14974;3.75681;3.54274;3.36031;3.55763;3.8147;4.07647;4.17029;4.58563;5.09737;5.39308;5.72263;5.88982;6.42077;6.79961;7.35392;7.99009;8.58069;9.11244;9.4341;9.92977;10.846;11.603;12.4295;12.7891;13.5619;14.2827;15",7.79388,"0.166667;0.366667;0.466667"
34.829,5.04553,0.359183,"1;1.27846;1.74419;1.96979;2.04618;2.35548;2.68507;2.73536;2.77266;3.12633;3.42203;3.76414;4.10958;4.27885;4.47884;5.15728;5.65804;6.40969;6.89993;7.55026;8.45734;9.38746;10.2769;10.568;11.4022;11.5686;12.2973;12.9563;13.3772;14.3653;14.5148;14.9677;15.6906;16.3615;16.899;17.2432;17.7485;18.2016;18.3807;19.0318;19.3459;19.5303;19.9345;20.2868;20.4486;20.3398;20.8438;21.1472;21.338;21","15;14.8468;14.3355;13.7504;12.8613;12.0886;11.1493;10.1981;10.0724;9.18359;8.40713;7.55761;6.64464;5.84746;5.65204;5.33274;4.87359;4.49911;4.21522;3.918;3.50999;3.4436;3.44171;3.51059;3.49986;3.5846;4.22155;4.18886;4.12425;4.23012;4.37049;4.38395;4.81376;5.25625;5.52454;6.2825;6.85226;7.36854;7.58439;8.13673;8.69673;9.14505;9.87498;10.6031;11.4357;12.3937;13.1985;14.1295;14.6878;15",7.9787,"0.166667;0.4;0.433333"
34.4297,5.24604,0.358486,"1;1.50252;2.05237;2.10226;2.16679;2.28805;2.60225;2.94822;3.00798;3.26277;3.80957;3.93189;4.62802;5.12841;5.56159;6.05407;6.39129;7.20447;8.08792;8.8451;9.08964;9.84761;10.7092;10.9956;11.8082;12.4749;12.9621;13.7202;14.5005;15.3663;15.815;16.5162;17.4807;17.8597;18.6258;19.1822;19.8139;20.0531;20.239;20.4704;20.7037;21.125;21.3226;21.4958;21.7095;21.7039;21","15;14.9219;14.4418;13.5185;12.6502;11.7152;10.8093;9.94201;9.54976;8.85942;8.20185;7.8874;7.29546;6.46972;6.15549;5.76614;5.58004;5.05661;4.85796;4.52782;4.41931;4.17742;3.98258;4.06002;4.3165;4.45934;4.54926;4.66084;5.15548;4.83553;5.11557;5.6085;5.84723;6.31995;6.83682;7.34518;8.07882;8.54577;9.12742;9.68885;10.5402;11.4309;12.39;12.6412;13.4538;14.3573;15",8.15497,"0.166667;0.433333;0.4"
35.1546,5.16879,0.364391,"1;1.44401;2.1572;2.75261;2.8739;2.88857;2.96557;2.97551;3.22275;3.24891;3.37485;3.58368;3.78923;4.41695;4.80093;5.48925;6.09552;6.41577;7.14825;7.81937;8.37826;9.12985;9.69565;10.5553;11.2361;12.141;12.8959;13.658;14.3467;14.887;15.8689;16.4125;17.1768;17.8058;18.6889;19.1429;19.5998;19.7152;20.0172;20.099;20.2294;20.3581;20.8497;21.58;21.5036;21.6117;21.8483;21","15;14.5339;14.0583;13.3506;12.4237;12.2391;11.7681;10.8155;9.85288;9.50184;8.77148;8.10886;7.1777;6.61448;6.26245;5.70236;5.41523;5.24163;4.99692;4.64913;4.46722;4.47931;4.5587;4.33624;4.08636;3.97283;3.8375;4.05464;4.30615;4.50535;4.64869;5.14969;5.56716;6.13594;6.52592;7.41394;8.18043;8.74072;9.53349;10.1957;11.0931;11.5306;12.1643;12.8292;13.7613;13.9186;14.5867;15",8.40482,"0.166667;0.466667;0.366667"
34.5375,5.37448,0.355431,"1;1.40417;1.76188;2.07957;2.31591;2.42305;2.41128;2.63246;2.71128;2.58229;2.93867;3.14219;3.69219;4.06483;4.67896;4.99408;5.81558;6.63403;7.26546;7.7618;8.72257;9.36934;9.75777;10.6418;11.5176;12.0284;12.8479;13.342;13.7462;14.6353;15.1563;15.9013;16.5813;17.3332;17.6628;18.2123;18.8512;19.441;19.4997;19.5634;19.7665;20.0392;20.3459;20.3367;20.406;20.7158;21.1461;21.5911;21.4665;21","15;14.1635;13.4671;13.2694;12.9672;12.168;11.9249;11.0681;10.5074;9.63091;8.83889;8.62129;8.08719;7.23435;6.87078;6.30108;5.80033;5.25942;4.88973;4.4816;4.22355;3.99964;3.92694;3.90853;4.0762;4.23068;4.12929;4.22927;4.32969;4.69889;4.89931;5.01725;5.07916;5.51976;6.01683;6.75084;7.3539;7.86197;8.37025;9.23996;9.92592;10.5124;11.2352;12.0038;12.8998;13.267;13.6827;14.2782;14.6743;15",8.56198,"0.166667;0.5;0.333333"
25.6298,3.99178,10.5998,"1;1.89324;2.06764;2.70691;2.96834;3.34071;3.90846;4.2861;4.99106;5.52605;6.23733;6.6039;7.27617;8.00622;8.7152;9.58022;10.23;10.681;11.461;12.1254;12.718;13.3445;13.6178;14.4274;15.291;15.8738;16.5894;16.6722;17.5098;17.7574;18.3731;18.9037;19.6309;20.0941;20.4942;21","15;15.4031;15.4947;16.2222;16.6725;17.3109;18.1122;18.8418;19.5125;19.8658;20.3962;20.6855;21.0003;21.224;21.5251;21.7827;21.9066;21.9482;21.9072;21.8042;21.423;20.9006;20.6781;20.5513;20.1769;19.9743;19.3463;18.9878;18.7269;18.5372;17.8272;17.2546;17.0574;16.3143;15.6981;15",9.58053,"0.166667;0.533333;0.3"
35.5508,5.02594,0.364776,"1;1.38978;1.95689;2.57742;2.5095;2.43189;2.52194;2.79016;3.07681;3.38971;3.79895;4.29259;4.7941;5.08618;5.58855;6.22185;6.90897;7.66055;8.07103;8.92319;9.28376;10.0862;10.4191;10.9141;11.8169;12.4469;13.0113;13.4987;14.3326;15.1444;15.7424;16.0856;16.7841;17.3503;18.0362;18.6726;19.3201;19.6515;20.4483;20.8642;21.1541;21.4432;21.6911;21.8718;21.7368;21.3229;21.303;21","15;14.5849;13.8072;13.3659;12.3831;11.5748;10.8671;10.0645;9.313;8.41988;7.66798;6.97869;6.32722;5.9264;5.58622;5.55637;4.88786;5.08829;4.91662;4.74212;4.56126;4.41768;4.43986;3.85673;3.90961;3.85795;3.87385;3.64958;3.92201;4.25106;4.51377;4.64456;5.25866;5.43945;5.85542;6.54055;6.88705;7.49816;7.98223;8.66472;9.30247;9.79861;10.696;11.4904;12.2355;13.1155;14.1055;15",8.87045,"0.166667;0.566667;0.266667"
34.7685,5.02248,0.357978,"1;1.21545;1.50398;1.94635;2.19119;2.2275;2.40521;2.6626;2.83348;3.06253;3.07366;3.0616;3.63334;3.96438;4.36826;4.55635;4.86823;5.45113;6.31162;6.96266;7.41339;8.2885;9.14522;10.0244;10.2663;11.2376;12.0441;12.6209;13.2066;14.0639;15.027;15.4575;15.987;16.6544;17.2983;17.7796;17.9182;18.6117;19.0076;19.4501;19.8317;20.1148;20.2587;20.333;20.6287;20.9494;20.6101;20.5742;21","15;14.8904;14.6384;13.7957;13.1496;12.9923;12.0545;11.2007;10.9167;10.0305;9.13289;8.96368;8.23238;7.78929;6.96544;6.40617;5.57448;5.09834;4.85274;4.18602;4.04246;4.01922;3.9314;3.91551;3.84331;3.99378;3.85634;3.84674;3.845;4.0307;4.0288;4.25501;4.44781;5.10512;5.86839;6.50208;7.32282;7.69988;8.17822;8.46498;8.99421;9.71355;10.1264;10.7389;11.546;12.4523;13.3263;14.2607;15",8.89177,"0.166667;0.6;0.233333"
27.1902,3.05016,11.2726,"1;1.82237;2.4124;3.00257;3.55543;4.10952;4.64749;4.94416;5.54471;5.78791;6.28152;7.0521;7.92907;8.47339;9.41251;10.1461;11.0537;11.8791;12.3933;13.0227;13.9667;14.6008;15.4118;16.3422;16.9111;17.4823;18.0551;18.4645;18.8769;18.8954;19.2067;19.7131;19.9858;20.5307;21","15;15.0667;15.6132;16.2826;17.1123;17.7738;18.3671;19.2855;20.0133;20.3949;20.8218;21.421;21.8773;21.8391;21.9249;22.2581;22.5679;22.4115;22.3135;22.2247;22.2065;21.9428;21.5646;21.2274;21.3068;20.7429;20.3911;19.8239;18.9392;18.7718;17.9348;17.1867;16.334;15.6464;15",8.71801,"0.166667;0.633333;0.2"
27.7252,2.86196,11.5327,"1;1.685;2.23528;2.90991;3.21593;3.60782;3.83301;4.40206;5.0115;5.45014;5.67751;6.50234;6.81747;7.59652;8.23661;8.58406;9.27324;10.0637;10.9279;11.7353;12.5929;13.5179;14.346;15.1241;16.029;16.5456;17.1042;17.6496;17.846;18.0889;18.7631;18.9986;19.407;19.6184;19.7125;20.5978;20.6823;21","15;15.3312;16.1011;16.8085;17.5397;18.3312;18.7841;19.5892;20.2232;20.5672;20.7221;21.2236;22.0258;22.412;22.7409;22.7774;22.9943;23.2912;22.942;22.8149;22.3501;22.1992;21.7254;21.4936;21.0715;20.896;20.0757;19.3808;19.0941;18.6821;18.054;17.6475;17.117;16.401;16.0895;15.7422;14.9939;15",8.45096,"0.166667;0.666667;0.166667"
27.267,2.77465,11.5947,"1;1.30859;1.8269;2.25072;2.66463;3.05341;3.54235;3.9849;4.57364;5.31094;5.78087;6.32038;7.01455;7.41553;7.72496;8.47419;9.38848;10.0967;10.7857;11.0797;11.8381;12.101;12.7788;13.6967;13.8266;14.6037;15.4986;16.1701;16.7921;17.452;17.9035;18.4179;18.8192;19.3377;19.5766;19.9849;20.4904;20.589;21","15;15.1795;15.5624;16.4649;17.0596;17.8225;18.6729;19.1942;19.7826;20.4051;20.7798;21.054;21.2771;21.6698;21.9131;22.2915;22.6114;23.0661;23.1292;23.1311;23.0045;23.0102;22.5329;22.1977;21.9336;21.6076;21.3811;21.2146;20.7633;20.2713;19.8015;19.1533;18.2777;17.492;17.1505;16.4459;15.8604;15.1909;15",8.03272,"0.166667;0.7;0.133333"
28.9404,2.50002,12.4974,"1;1.55217;1.9464;2.08699;2.12798;2.3625;2.59142;3.0919;3.64246;3.98844;4.60601;5.17394;5.86977;6.71039;7.51621;8.16651;9.12865;10.0346;10.6229;11.4;12.3296;13.2129;13.6587;14.2435;14.8076;15.3152;15.9958;16.8011;17.5225;18.0755;18.8824;19.4739;19.8839;20.2135;20.4861;21.0944;21.6831;21.5166;21.3726;21","15;15.4301;15.796;16.6228;16.9677;17.6553;18.0821;18.6243;19.4103;19.6457;20.3303;20.7487;21.3982;21.7291;22.0816;22.4993;22.4436;22.6415;22.6567;22.8894;22.8514;22.7719;22.7293;22.5519;22.3849;22.1035;21.6344;21.1735;21.1429;20.7631;20.3711;19.6069;18.732;18.3005;17.6833;17.0887;16.5381;15.6024;15.0877;15",7.90649,"0.166667;0.733333;0.1"
28.1477,2.49702,12.0996,"1;1.35316;2.23532;2.63796;2.84206;3.27809;3.78694;3.9298;4.38406;4.63833;5.04544;5.62719;5.9033;6.58229;7.05453;7.81103;8.0666;9.01853;9.32764;10.1737;10.7237;11.6141;12.5386;12.7395;12.8544;13.7931;14.4957;15.3;15.9303;16.4094;17.125;17.9285;18.5258;19.3075;19.8155;20.3933;20.6446;21.0827;20.9361;21.127;21","15;15.2575;15.7094;16.2682;16.9895;17.5745;18.2334;18.5524;19.2003;19.4465;19.8054;20.4189;20.6502;21.2673;21.7937;22.3163;22.451;22.7034;22.7773;22.8075;22.7577;23.0262;22.7622;22.6509;22.5892;22.44;22.2766;22.2724;21.9467;21.7497;21.3218;20.9066;20.3251;19.9236;19.2891;18.5826;17.6185;17.0116;16.4312;15.6596;15",7.41232,"0.166667;0.766667;0.0666667"
28.7661,2.30981,12.4449,"1;1.38908;1.497;2.01826;2.43925;2.65283;2.8731;3.1629;3.41322;3.74942;4.1435;4.81834;5.35829;5.8492;6.73784;7.07065;7.40199;8.03673;8.99492;9.56626;10.3575;11.1682;11.6055;12.5619;13.2606;13.9615;14.2776;15.0442;15.437;15.801;16.7554;17.1159;17.7892;18.3759;18.8913;19.3712;19.5676;20.1656;20.5855;20.6132;20.6199;20.7316;21","15;15.2207;15.3154;15.7878;16.3094;17.0934;17.7593;18.4257;19.0893;19.7069;20.1413;20.8793;21.2618;21.563;21.8288;22.2575;22.6493;22.904;23.0667;23.3667;23.666;23.5447;23.3616;23.1868;23.0071;22.8188;22.8703;22.4763;22.2252;21.9398;21.8203;21.5717;21.0359;20.4648;19.6361;18.8642;18.5266;17.7287;16.9716;16.1948;15.3711;15.1603;15",7.05703,"0.166667;0.8;0.0333333"
28.7711,2.38178,12.3942,"1;1.78108;2.44004;2.71155;2.96975;2.957;3.53774;4.00914;4.4366;4.52668;4.88338;5.26023;5.48065;5.9872;6.4516;7.07172;7.7911;8.49642;8.85301;9.81279;10.3515;11.1902;11.9867;12.1817;13.1075;13.5789;14.4401;14.6461;15.344;16.1043;16.6767;17.4056;17.9022;17.8874;18.5135;19.3421;19.6973;19.8829;20.4083;20.5689;20.7488;20.9953;21","15;15.3784;15.834;16.4606;17.1524;17.5118;18.1751;18.7872;19.5304;19.7104;20.4427;21.0462;21.3754;22.0407;22.3611;22.9115;23.038;23.22;23.1256;22.959;23.0403;23.1305;22.9669;22.9574;22.9349;22.7887;22.8058;22.7201;22.3772;21.7395;21.5665;21.1522;20.7488;20.1671;19.489;18.9692;18.522;18.0744;17.4965;16.8231;16.4273;15.547;15",6.78001,"0.166667;0.833333;0"
20.4357,52.9736,0.297178,"1;1.84555;2.46727;3.2777;4.07073;4.65378;5.15195;6.11581;6.63132;7.57184;8.56557;9.56265;10.431;10.9419;11.8704;12.8382;13.4943;14.147;14.9296;15.216;15.9473;16.4639;17.3592;17.9745;18.8605;19.4215;20.0044;21","15;14.6625;14.6615;14.7706;14.726;14.6623;14.8423;14.7729;14.6669;14.7057;14.7322;14.7297;14.8505;14.8251;14.7349;14.7761;14.7857;14.4286;14.2094;14.2292;14.2384;14.2517;14.337;14.3451;14.388;14.5615;14.9971;15",4.32487,"0.2;0;0.8"
20.4499,48.3477,0.43714,"1;1.89277;2.26475;3.1987;3.73802;4.4649;5.407;6.39201;7.38065;7.94192;8.84505;9.69373;10.5475;11.2305;11.9983;12.5189;13.1614;13.7464;14.4588;15.3811;16.2294;16.4312;17.2537;17.7182;18.6715;19.3133;19.8304;20.3919;21","15;15.1775;15.2859;14.9656;14.8525;14.7825;15.1178;14.9452;15.0955;15.3071;15.4436;15.2592;15.1936;15.0283;15.1465;15.2171;15.2179;15.0876;15.0548;14.9686;14.6738;14.7765;14.8805;14.7524;14.8172;14.8665;14.8275;14.7896;15",6.03671,"0.2;0.0333333;0.766667"
30.4961,11.4295,0.316836,"1;1.58177;1.92492;2.09423;2.40654;2.88609;3.1965;3.34759;3.45669;3.93473;4.55608;5.20703;6.10868;6.47214;6.9073;7.40345;7.85296;8.69675;9.60646;9.89165;10.7356;11.6366;12.5638;13.3839;13.8312;14.7235;15.2435;15.8136;16.2349;16.7671;17.1152;17.4234;17.8044;18.3129;18.2594;18.675;19.0947;19.4253;20.2648;20.8337;21.2678;21.7472;21","15;14.301;13.6771;13.3381;12.4152;11.8036;11.306;10.6069;9.64525;8.94172;8.28601;7.72895;7.32217;7.11796;6.69269;6.57752;6.48337;6.25589;5.86124;5.84647;6.01146;6.10035;6.07346;6.47313;6.72691;7.02415;7.40757;7.73285;8.28931;8.93456;9.43103;9.69936;10.0951;10.9186;11.5473;11.9817;12.661;12.9608;13.4495;13.9472;13.9148;14.5245;15",7.09353,"0.2;0.0666667;0.733333"
29.4135,12.8707,0.30893,"1;1.29103;1.65589;2.00036;2.16358;2.5751;2.67295;3.31842;3.76024;4.51133;5.18412;5.95221;6.64732;7.1423;7.54609;8.0998;8.90852;9.5195;10.345;10.6888;11.3125;12.1811;12.6106;13.0686;13.8738;14.4876;15.2442;15.5139;16.2156;16.7111;16.773;17.2544;17.7628;18.0976;18.2168;18.5935;19.1835;18.9631;19.0848;19.9066;19.922;20.1598;21","15;14.1107;13.2489;12.4578;12.0145;11.1273;10.92;10.2872;9.44002;8.83299;8.45089;7.86606;7.40246;7.23086;6.91244;6.73564;6.61827;6.57067;6.51882;6.309;6.03725;6.05955;6.28759;6.5204;6.77522;7.03781;7.36019;7.52424;8.08094;8.43136;8.6555;9.3224;9.84535;10.6488;11.0054;11.7629;12.5288;12.9874;13.7407;14.2579;14.3598;14.8903;15",7.38602,"0.2;0.1;0.7"
29.4575,11.1909,0.304605,"1;1.16406;1.63901;1.61507;1.93319;2.32109;2.67154;3.09926;3.49727;3.97683;4.40636;4.58451;4.69598;4.9327;5.37221;5.91124;6.38868;7.35165;8.0536;8.94516;9.79687;10.758;11.48;12.2199;13.0874;13.9113;14.6814;15.3705;16.1164;16.9667;17.2486;17.7674;18.089;18.6522;19.138;19.6937;19.9628;20.1357;20.1521;20.516;21","15;14.8861;14.0881;13.1541;12.663;12.3837;11.7195;11.0808;10.4815;9.8363;9.14459;8.88931;8.71782;8.36754;7.72146;7.31482;6.65249;6.45906;6.15488;5.79506;5.7256;5.90919;5.8336;6.25124;6.68302;7.0794;7.30483;7.73915;8.13457;8.60298;8.9086;9.42077;10.1803;10.6763;11.0275;11.6742;12.587;13.4216;13.7505;14.4748;15",7.58669,"0.2;0.133333;0.666667"
31.2767,7.85178,0.32103,"1;1.00645;1.43312;1.58648;1.8086;2.04473;2.35959;2.58806;2.88022;3.12908;3.3984;4.1561;4.78523;5.13893;5.94063;6.65946;6.99937;7.39058;8.23938;9.1173;9.66031;10.4869;11.353;12.1815;12.716;13.1776;13.675;14.1798;15.0791;15.6751;16.2461;16.9914;17.6849;18.1106;18.2692;18.303;18.8943;19.1572;19.6685;20.1553;20.3111;20.7908;21","15;14.8756;13.9994;13.578;12.7065;12.1683;11.2863;10.7314;10.0122;9.37339;8.52108;8.2154;7.75083;7.48541;6.93285;6.24502;6.15325;5.83981;5.49273;5.25569;5.14125;5.09384;5.41526;5.48737;5.49369;5.50944;5.5438;5.606;5.63038;5.85258;6.64748;7.00498;7.64077;8.31806;9.00887;9.79889;10.4926;11.3355;12.1624;13.0096;13.4713;14.1549;15",7.76729,"0.2;0.166667;0.633333"
33.3243,6.53627,0.347241,"1;1.67088;2.52803;2.6365;2.91705;2.99507;3.07755;3.28044;3.70205;3.69372;3.7629;4.17341;4.73144;5.08128;5.80176;6.28504;6.54572;7.22165;7.55345;8.44748;9.0043;9.44799;10.1324;10.8468;11.4765;12.0982;12.9501;13.3196;14.164;15.0435;15.8727;16.5666;17.4344;17.8552;18.5737;18.8323;19.1911;19.3113;19.6357;20.2263;20.4972;20.509;20.4717;20.2967;20.3261;20.4753;21","15;14.7457;14.2805;14.0814;13.264;12.3438;11.3606;11.0216;10.2212;9.51897;8.75118;8.2677;7.74209;7.46324;7.00985;6.414;6.16115;5.74172;5.45022;5.44402;5.58764;5.51367;4.96839;4.72933;4.40546;4.40211;4.39507;4.57087;4.73468;5.20563;5.60055;5.82997;6.24968;6.56448;7.22594;7.74194;8.61801;9.5423;9.80865;10.3033;10.8841;11.6459;12.2887;12.7661;13.618;14.5204;15",8.18046,"0.2;0.2;0.6"
33.3114,5.71705,0.342266,"1;1.46851;1.87584;1.99408;2.23528;2.37154;2.70883;2.96111;3.07771;3.54101;3.63702;4.16111;4.83494;5.44483;5.63404;6.40218;6.81407;7.55765;8.27111;8.59717;9.47087;10.1017;10.9314;11.7112;12.1298;12.8356;13.4149;14.2584;14.5562;15.227;15.8946;16.6742;16.8702;17.3498;17.9037;18.3882;18.7186;19.0965;19.3913;19.4458;20.0466;20.3026;20.2824;20.8594;20.8158;21.1783;21.3051;21","15;14.3374;13.8814;13.1552;12.3755;12.1075;11.2134;10.7222;10.3205;9.53454;8.6156;8.06866;7.40224;6.69097;6.49009;6.04382;5.88177;5.5639;5.00761;4.85029;4.56853;4.23677;3.98886;3.54543;3.50224;3.56942;3.84447;4.26785;4.42439;4.83421;5.10804;5.48968;5.64171;5.95781;6.70555;7.50407;8.00443;8.4352;9.27066;9.7879;10.5517;11.5028;11.7933;12.4322;13.1422;13.8517;14.4946;15",8.19021,"0.2;0.233333;0.566667"
33.0923,7.12403,0.341201,"1;1.75731;2.20019;2.4845;3.16233;3.44942;3.71357;3.88568;4.08704;4.22332;4.76582;5.12552;5.25177;5.67282;6.09882;6.63405;6.82807;7.6263;7.94551;8.60987;9.45338;9.88104;10.411;11.3643;11.8568;12.0439;12.8263;13.234;13.8861;14.1115;14.9116;15.7153;16.2999;16.9899;17.5706;17.9996;18.212;18.31;18.4141;18.5511;18.7765;19.0631;19.3266;19.3537;19.9194;20.4838;21.0465;21.263;21","15;14.4211;13.7757;13.1779;12.4629;11.7393;10.913;10.4736;9.92655;9.5195;8.70922;7.7877;7.5798;7.01698;6.62755;6.17306;6.02697;5.65365;5.11998;4.98441;4.90502;4.94651;4.87827;4.83796;4.61342;4.68754;4.26733;3.99935;3.99372;4.61359;4.95223;5.07297;5.35772;5.88108;6.31746;7.18356;7.53978;7.91162;8.66104;9.16159;9.82627;10.6825;11.4096;11.8076;12.5922;13.2859;13.5341;14.4445;15",8.70018,"0.2;0.266667;0.533333"
32.823,6.02944,0.337443,"1;1.52329;1.95533;2.09188;2.30481;2.4987;2.80458;2.93661;3.23699;3.49103;4.18466;4.55519;4.6816;5.17265;5.72061;5.99501;6.96136;7.62728;8.27317;8.72409;9.65309;10.2742;10.7802;11.6494;12.5564;12.985;13.788;14.6402;15.1586;15.9184;16.6064;17.0962;17.5465;17.8263;17.9927;18.8563;18.8835;19.2103;19.1806;19.3068;19.9396;20.0812;20.3978;20.612;20.6466;21","15;14.341;13.5729;13.3317;12.625;11.7272;10.8877;10.3972;9.60446;8.66352;7.95459;7.46503;6.9236;6.51116;5.96348;5.74829;5.509;5.00283;4.45304;4.35421;4.20988;4.12517;4.08403;3.9381;4.06829;4.3399;4.40372;4.80075;5.22543;5.86337;6.38167;7.0781;7.34694;8.12666;8.51123;8.93666;9.40708;10.0412;10.718;11.2452;11.9999;12.4379;12.951;13.4687;14.389;15",8.54216,"0.2;0.3;0.5"
32.6037,6.66107,0.335915,"1;1.6138;2.28857;2.65473;2.98674;3.09171;3.20266;3.58732;3.76636;4.09696;4.37854;5.13385;5.53815;6.17037;6.92139;7.05077;7.75239;8.48898;9.23539;9.8726;10.812;11.4288;12.356;13.329;14.1602;14.3603;14.7901;15.6198;16.2302;16.3171;17.0572;17.6085;18.1088;18.5755;19.4112;19.5125;19.5276;19.6143;20.0769;20.4685;20.6003;20.4634;20.1824;20.7408;21","15;14.2553;13.6891;12.7873;12.1212;11.7034;10.9232;10.1471;9.35396;8.55385;8.27526;7.70311;7.15274;6.7652;6.48563;6.21486;5.87187;5.39471;4.96543;5.03044;4.79123;4.5896;4.73411;4.89622;4.97909;5.0004;5.0723;5.01364;5.72728;5.73817;6.3543;6.80164;7.35502;7.993;8.35718;8.56476;9.42105;9.77081;10.4679;11.1856;12.0626;13.0296;13.9058;14.6378;15",8.89785,"0.2;0.333333;0.466667"
35.9273,4.86269,0.371,"1;1.50145;1.96837;2.43032;2.52761;2.63077;2.74075;2.84638;2.7399;3.0013;3.135;3.47313;3.79415;4.21831;4.62048;4.91572;5.49613;5.82092;6.43372;7.10081;7.85497;8.62192;9.25082;9.58409;10.3799;11.0095;11.8385;12.7043;13.2998;13.7677;14.3152;14.8701;15.3363;15.9818;16.7638;17.5709;18.1083;18.9365;19.5951;20.2581;20.5521;21.2823;21.4297;21.3427;21.288;21.3612;21.7434;21.9386;21.7625;21.3203;21","15;14.8266;14.1854;13.3813;13.2079;12.381;11.5144;11.1866;10.2573;9.56647;9.18541;8.25869;7.89603;7.1644;6.62968;6.02158;5.43021;5.17036;4.72086;4.43319;4.03595;3.96602;3.34318;3.61785;3.73915;3.72672;3.37151;3.45122;3.66151;3.72901;4.136;4.69332;5.09948;5.44246;5.91404;6.41176;6.43449;6.98735;7.5126;8.21925;8.49441;9.13308;10.0132;10.9998;11.4409;12.2505;12.7462;13.2687;13.8124;14.4356;15",9.12921,"0.2;0.366667;0.433333"
33.856,5.77352,0.348946,"1;1.79956;1.86252;2.03164;2.3182;2.30538;2.7222;2.93893;3.08398;3.25058;3.58079;4.05565;4.60998;5.48522;6.29282;6.8246;7.58793;8.06988;8.77139;9.29446;9.60907;10.4252;11.3681;11.728;12.7225;13.5818;14.4626;14.9643;15.2709;15.9436;16.4566;17.1915;17.6581;17.8705;18.4747;19.1046;19.2376;19.262;19.2445;19.6748;20.1834;20.3901;20.9679;21.232;20.5906;21","15;14.4096;13.5236;13.1981;12.2462;11.6724;10.7927;10.088;9.64842;8.73797;7.79406;7.33565;6.86156;6.39237;5.85439;5.78534;5.60613;5.51219;5.12446;4.82202;4.69842;4.34737;4.073;4.0503;4.07906;4.12052;4.28716;4.71665;4.91946;5.65154;5.79609;6.00246;6.29822;6.99244;7.78382;8.52252;9.03828;9.39064;10.2752;10.7693;11.4167;12.0773;12.7019;13.514;14.1892;15",9.22018,"0.2;0.4;0.4"
34.5688,5.06522,0.354524,"1;1.38261;1.69736;2.12435;2.36155;2.5154;2.76802;3.14052;3.51944;3.7299;4.04185;4.2419;4.44171;4.92739;5.18705;5.68441;6.14016;6.79063;7.59068;8.50697;9.0458;9.52657;10.1332;11.0252;11.8159;12.5173;13.4276;13.8865;14.6565;14.7686;15.3351;16.1945;16.832;17.6419;18.3039;18.8402;19.5316;19.7883;19.8008;20.2775;20.6389;20.9687;21.0015;21.0206;21.1512;21.1279;21.0961;21","15;14.599;13.7201;13.141;12.6371;11.6516;10.9598;10.1365;9.32618;8.43952;7.5962;6.88084;6.55835;6.07898;5.65185;5.00985;4.8284;4.62715;4.4047;4.21388;4.19464;4.00078;3.87535;3.47432;3.3103;3.21937;3.54087;3.79471;4.25585;4.6034;5.11543;5.42864;5.60004;5.92442;6.47268;7.27216;7.80088;8.26864;9.2065;9.98157;10.6882;11.3937;11.6449;12.4344;13.1374;13.6279;14.1883;15",9.23867,"0.2;0.433333;0.366667"
33.2935,5.46304,0.342896,"1;1.40028;1.50963;1.87646;2.14151;2.40494;2.64029;2.6655;2.86082;3.36472;3.48276;3.79271;4.34365;4.89691;5.40799;5.6198;6.0121;6.74565;7.27306;8.0664;8.71271;9.62796;10.5266;11.5236;12.4718;13.1772;14.0308;14.7393;15.4965;16.3837;16.8283;17.3287;17.8325;18.4157;18.7674;19.1966;19.5953;19.7703;20.0157;20.3428;20.9878;21.109;21.1619;21.2029;21.1993;21","15;14.8236;14.0444;13.4338;12.8333;12.1335;11.184;10.8142;9.94336;9.12487;9.01301;8.35326;7.68257;7.18401;6.51862;6.12289;5.54895;4.895;4.72971;4.62489;4.59618;4.22925;4.2923;4.23977;4.08608;4.20847;4.48333;4.83115;5.28017;5.72223;6.16919;6.3683;6.88231;7.69411;8.04573;8.5625;8.83663;9.4911;9.94769;10.5618;11.2465;12.0154;12.9753;13.9326;14.1105;15",9.32242,"0.2;0.466667;0.333333"
35.3929,5.20316,0.364049,"1;1.38699;1.46305;2.00822;2.22804;2.50097;2.812;2.76964;2.80491;2.93304;3.01325;3.29218;3.59762;3.67172;4.11826;4.44398;4.93547;5.58025;6.56047;6.73148;7.49951;8.3761;9.04935;9.62365;10.5073;11.0841;11.9106;12.3727;13.2281;13.8474;14.4826;15.0427;15.731;16.6295;17.1585;17.9048;18.7402;19.1545;19.5417;19.8438;20.1698;20.372;20.8484;20.7612;20.7098;19.9865;19.7528;20.2126;20.7263;21","15;14.5631;14.4088;13.6692;13.332;12.6135;12.0066;11.4546;10.5637;9.59763;9.44071;8.52899;7.82692;7.21561;6.58661;6.41414;6.05331;5.55721;5.45032;5.15706;4.58335;4.59425;4.33971;4.30998;3.84572;3.71551;3.7166;3.67871;3.83307;4.08305;4.33047;4.23992;4.85019;5.15523;5.80036;6.45911;7.00723;7.5261;8.04588;8.83124;9.55132;10.4101;11.2888;11.8544;12.8054;13.2539;13.6532;13.882;14.7204;15",9.78938,"0.2;0.5;0.3"
33.2176,5.54799,0.342507,"1;1.60266;2.04966;2.2133;2.32173;2.38537;2.7254;2.84095;3.27394;3.67663;3.96286;4.17099;4.71231;4.98741;5.47323;5.93838;6.49109;7.02673;7.73561;8.3197;8.79328;9.75364;9.94992;10.8432;11.5724;12.4115;13.2473;13.6411;14.1891;14.6095;15.2314;15.8985;16.6745;17.4559;17.989;18.2856;18.5087;19.1051;19.4881;19.9575;20.1401;20.4178;20.3986;20.3931;20.4503;20.4092;21","15;14.4852;13.6654;13.0612;12.1217;11.6214;10.9412;10.3794;9.8639;8.95787;8.50423;7.86543;7.17236;6.80682;5.96827;5.67588;5.31049;5.03902;4.63471;4.38848;4.18322;3.94751;3.88376;3.49376;3.42109;3.7137;4.03773;4.23322;4.66293;4.95953;5.46234;5.85631;6.34538;6.86135;7.13875;7.83083;8.10886;8.8326;9.45131;10.2163;10.5812;11.4006;12.3247;12.7529;13.5421;14.2635;15",9.69378,"0.2;0.533333;0.266667"
27.9706,2.482,12.0759,"1;1.4466;1.9964;2.37567;2.49664;2.72136;3.08431;3.46805;3.93586;4.56227;5.30713;5.59336;6.42945;7.30293;8.18944;9.16135;9.96986;10.1717;11.1223;12.0104;12.5089;13.2013;13.4896;14.4493;15.3619;16.1768;16.9028;17.2247;17.7367;18.2784;18.8792;19.3551;19.5106;19.5358;20.0092;20.374;20.5376;21","15;15.3412;16.014;16.5258;17.3177;17.8166;18.4272;19.1464;19.9343;20.5301;20.9991;21.1891;21.6918;22.1314;22.3906;22.5889;22.6679;22.6476;22.8572;23.2159;23.1822;22.9105;22.8239;22.7021;22.3869;22.0916;21.4957;21.1447;20.6876;19.8872;19.4406;18.738;17.985;17.8394;16.9978;16.3765;15.4154;15",9.8183,"0.2;0.566667;0.233333"
26.8299,2.99705,11.278,"1;1.29236;1.65783;2.09562;2.53558;2.87295;3.25232;3.80081;4.02747;4.24725;4.79972;5.33969;6.05606;6.60564;7.51634;7.75973;8.59374;9.36391;10.1524;10.997;11.8945;12.7832;13.3156;14.19;14.9901;15.7717;16.58;17.2117;17.5607;18.1254;18.5934;19.1397;19.5459;19.7623;19.9528;20.6735;21","15;15.1971;15.4758;15.9161;16.3148;16.7989;17.5976;18.3914;18.7423;19.4137;19.7249;20.3292;20.8457;21.1236;21.411;21.5648;22.046;22.5309;22.6388;22.4122;22.3702;22.2014;21.6224;21.5376;21.4105;21.2346;20.7657;20.256;20.0021;19.4362;18.8402;18.0405;17.4747;16.6357;15.8354;15.218;15",9.41982,"0.2;0.6;0.2"
27.3468,2.74945,11.6992,"1;1.76454;2.5332;2.86554;3.4934;3.73195;3.90976;4.48229;4.85857;5.19671;5.78897;6.52472;7.30315;7.84944;8.44721;9.30503;10.2175;10.8841;11.6421;12.3564;13.1993;13.9748;14.5578;15.2251;15.8219;16.4718;17.0859;17.7853;18.1862;18.899;19.521;19.941;20.2471;20.2094;20.5778;20.8021;21","15;15.6278;16.231;16.8102;17.5562;18.1111;18.2488;18.691;19.4293;19.8387;20.2732;20.9356;21.4335;21.9264;22.2699;22.6944;22.8653;22.8754;22.9356;22.4723;22.7676;22.662;22.4344;22.2005;21.8811;21.4789;20.8666;20.2955;19.4048;18.773;18.0994;17.6939;17.1354;16.9431;16.0846;15.6811;15",9.16055,"0.2;0.633333;0.166667"
27.7673,2.606,11.8678,"1;1.67732;2.12334;2.77339;3.1094;3.16292;3.37649;4.00654;4.17568;4.7624;5.20344;6.05492;6.24704;6.89445;7.72662;8.19748;8.79646;9.68101;10.1168;11.017;11.679;12.1361;13.0019;13.3563;14.2389;14.5296;15.2748;16.1904;16.5333;17.3393;17.9112;18.4315;19.0828;19.4919;19.9631;20.0304;20.0052;20.6887;21","15;15.3608;16.0753;16.8035;17.7117;18.0198;18.4027;19.1447;19.2694;19.8553;20.3579;20.6471;21.4019;21.7353;22.0758;22.2826;22.5435;22.5954;22.6094;22.8803;22.7938;22.7114;22.7334;22.6759;22.4485;22.2231;22.1065;21.7189;21.2562;20.7802;20.1248;19.6844;18.9859;18.4189;17.6722;16.7355;16.367;15.8154;15",8.87316,"0.2;0.666667;0.133333"
27.7045,2.67154,12.0051,"1;1.58915;1.79748;2.06722;2.58758;3.05571;3.59251;4.00878;4.50012;4.76323;5.53142;6.36797;7.05315;7.69166;8.59543;9.08108;9.61598;10.525;11.4734;12.407;13.3105;13.992;14.4046;15.2526;16.067;16.5027;17.3046;17.8121;18.4766;18.8343;19.249;19.9384;20.5841;20.9211;20.7605;20.8909;20.9019;21","15;15.3979;15.7392;16.1838;16.9375;17.5805;18.1502;18.6273;19.3224;19.5609;20.0401;20.322;20.96;21.4338;21.853;22.1783;22.6691;22.9679;23.0722;23.046;22.9393;22.8759;22.7032;22.2774;21.8739;21.4853;20.9522;20.6131;20.0724;19.8746;19.1338;18.4738;17.8441;17.2936;16.8726;15.8863;15.0423;15",8.61148,"0.2;0.7;0.1"
27.9622,2.59515,12.0719,"1;1.5694;2.06677;2.49126;2.6982;3.41325;3.4921;3.99144;4.37477;4.92021;5.26104;5.81623;6.44322;6.91183;7.64913;8.13037;8.82315;9.41523;10.2535;10.868;11.6476;11.916;12.6173;13.2793;13.9251;14.4321;14.7367;15.3751;16.1534;17.0142;17.4815;17.919;18.7068;19.1482;19.3766;19.8826;20.2292;20.8057;20.9521;21.0984;20.9697;21","15;15.2807;15.8014;16.4414;17.0409;17.5421;17.6267;18.3838;19.018;19.5327;20.036;20.8023;21.1746;21.877;22.2002;22.3929;22.6222;22.508;22.8185;22.7536;22.7631;22.6239;22.4715;22.2181;22.5934;22.3051;22.1173;21.9396;21.5704;21.2663;20.9037;20.532;19.9578;19.2934;18.9967;18.3087;17.9339;17.3175;16.4918;16.0966;15.2314;15",8.30035,"0.2;0.733333;0.0666667"
28.1448,2.5718,12.2631,"1;1.31198;2.0342;2.28246;2.40396;2.51038;2.96574;3.43405;3.94638;4.65855;5.0584;5.5495;6.21591;7.13338;7.8544;8.34287;9.19858;10.1121;11.0336;11.936;12.3653;13.1099;13.956;14.4362;15.0982;15.6464;16.1655;16.3326;17.1992;17.5059;18.0738;18.7111;19.2928;19.5628;20.0864;20.5996;20.7137;20.8097;21","15;15.4752;15.8983;16.4684;17.2791;17.6954;18.5375;19.2908;20.0104;20.6643;21.0571;21.3979;21.6072;21.9441;21.9865;22.4316;22.49;22.5032;22.5033;22.783;22.7644;22.6694;22.6598;22.3424;22.0863;21.9896;21.9337;21.9155;21.5514;21.2056;20.734;20.0262;19.4223;18.6903;17.9911;17.1601;16.6052;15.8911;15",8.00944,"0.2;0.766667;0.0333333"
29.4298,2.21794,12.8289,"1;1.34389;1.75449;2.06538;2.48982;2.80248;3.24036;3.39134;3.33364;3.63554;4.32797;4.99349;5.28338;5.85611;6.69589;7.2362;7.73314;8.58048;9.14843;9.77374;10.5462;11.3908;12.0617;12.6324;13.5171;13.6876;14.5431;14.9149;15.4325;16.0451;16.6885;17.3441;17.6309;18.1862;18.7677;19.3799;19.9259;20.2306;20.6718;21.0644;21.0763;21","15;15.2192;15.4912;15.9011;16.3964;16.8738;17.717;18.2398;19.2265;19.8135;20.4296;21.122;21.7011;22.2945;22.4818;22.6709;22.789;23.0505;23.0588;23.303;23.5582;23.6433;23.52;23.4975;23.3725;23.3616;23.2314;23.2568;22.6948;22.4968;22.0577;21.6698;21.1527;20.6774;20.0472;19.6112;18.9832;18.0604;17.3425;16.8115;15.8167;15",7.66032,"0.2;0.8;0"
20.3477,53.7904,0.316746,"1;1.94965;2.63884;3.59554;4.53527;5.42379;6.33144;6.96616;7.57537;8.26017;9.00035;9.95314;10.8244;11.5043;12.1252;12.8896;13.2305;13.7731;14.6081;14.8951;15.6337;16.3159;17.2003;18.1579;18.825;19.472;20.2029;21","15;14.7672;14.7002;14.5997;14.6473;14.871;14.8189;14.8548;14.6763;14.516;14.6009;14.4971;14.5165;14.4618;14.3817;14.384;14.466;14.6177;14.7888;14.9157;14.8807;15.0293;14.8396;15.0217;15.0573;15.0256;14.7524;15",4.99063,"0.233333;0;0.766667"
20.4399,53.6923,0.29406,"1;1.93126;2.46466;3.3742;4.2342;5.04329;5.60448;6.05158;6.9617;7.07947;7.73594;8.60545;9.32024;10.1185;10.5591;11.4875;12.2463;13.0768;13.92;14.6823;15.3051;15.6258;16.4692;17.2184;18.1827;18.8913;19.5488;20.0823;20.5298;21","15;14.7588;14.7815;14.5637;14.6296;14.6482;14.5803;14.519;14.495;14.5031;14.5326;14.5231;14.5143;14.5513;14.4869;14.6307;14.6797;14.9769;15.1922;14.8202;14.6438;14.4756;14.3331;14.4039;14.337;14.4079;14.4813;14.6962;14.9013;15",6.77469,"0.233333;0.0333333;0.733333"
27.5482,18.8023,0.286701,"1;1.69197;1.9839;2.74893;3.14425;3.60687;3.9611;4.26434;4.70105;5.21685;5.89908;6.5243;7.32063;8.10385;8.68216;9.39453;9.88273;10.6407;11.3925;11.8261;12.5082;13.4896;14.156;14.9976;15.4335;16.0725;16.2602;16.952;17.2914;18.0782;18.0555;18.5454;18.6884;19.2359;20.018;20.6008;21","15;14.5725;14.1321;13.4977;12.8086;11.9301;11.4367;11.1033;10.2698;9.63816;9.06569;8.66806;8.29132;8.07597;7.71278;7.23306;6.95909;7.02116;7.05195;7.03075;7.10237;7.17035;7.60644;7.80109;8.24321;8.69284;9.60591;10.0456;10.3665;10.9521;11.6599;12.2734;12.7119;13.3341;13.7946;14.1688;15",7.88208,"0.233333;0.0666667;0.7"
29.6278,11.976,0.309765,"1;1.78664;2.36613;2.83568;3.05533;3.31345;3.48673;3.94962;4.19039;4.59583;5.08767;5.64301;6.08682;6.4917;6.79692;7.38509;8.0402;9.00539;9.5811;10.089;11.0059;11.4141;12.1658;12.4675;13.2199;13.3795;14.1538;14.9443;15.5744;16.3296;16.4422;17.2282;17.8314;17.9704;18.3091;18.7813;18.86;19.2401;19.9604;20.4857;20.5007;21","15;14.7644;14.2058;13.368;12.5987;11.898;11.3895;10.5718;10.0265;9.17691;8.52563;7.83018;7.40245;7.11267;6.57833;6.15249;6.19293;6.08095;6.04414;6.02267;5.65658;5.61801;5.73091;5.64817;6.16992;6.55186;7.13016;7.68079;8.13735;8.68335;8.8712;9.32609;10.0868;10.5738;10.8984;11.5874;11.8072;12.6551;13.1703;13.6376;14.1982;15",8.31726,"0.233333;0.1;0.666667"
31.6725,7.20232,0.326364,"1;1.65697;1.81188;1.86919;2.24792;2.54773;2.77114;3.08833;3.47131;3.84165;4.15104;4.60912;5.17371;6.03914;6.50882;7.28102;7.62387;8.55456;9.51207;10.3686;11.0163;11.7488;12.2836;12.9306;13.9235;14.3794;15.3413;15.6189;16.4123;16.7633;17.3465;17.886;18.1158;18.2755;18.9182;19.2111;19.4762;19.9287;19.8664;20.452;20.7795;21","15;14.4762;13.708;13.3298;12.4674;12.0188;11.2614;10.4435;9.6007;8.74052;8.03983;7.30071;6.73297;6.29581;5.90381;5.41009;5.24529;5.05776;4.92967;4.86383;4.82263;5.46425;5.61394;5.67021;5.73903;5.84883;6.08364;6.1244;6.29409;6.68805;7.45918;7.91734;8.87045;9.47751;10.0156;10.5168;11.0627;11.8065;12.5446;13.3161;14.0883;15",8.55725,"0.233333;0.133333;0.633333"
32.4385,6.88563,0.333095,"1;1.16436;1.65585;2.18858;2.43721;2.72217;3.25448;3.33477;3.70225;3.62103;4.31865;4.95353;5.33567;5.90926;6.16464;6.78533;7.1929;8.01741;8.77811;9.09731;9.9724;10.4416;10.7905;11.3904;12.1898;12.669;13.4193;14.3294;15.1448;15.8292;16.5199;17.1292;17.1972;17.6331;17.7612;18.0534;18.4968;18.7245;19.106;19.4438;19.839;20.414;20.5263;20.6782;20.7115;21","15;14.6556;14.0205;13.3281;12.4391;11.6518;10.9591;10.7459;9.90232;9.17092;8.58563;8.07528;7.49509;6.88796;6.11644;5.85499;5.30383;5.25054;5.09642;4.93186;4.66549;4.48939;4.37072;4.14394;4.39366;4.39674;4.32601;4.38621;4.94598;5.32221;5.91432;6.7003;7.03965;7.78469;8.49662;9.11244;9.49141;10.0829;10.7476;11.512;12.0853;12.5945;13.2138;13.8303;14.3182;15",8.91642,"0.233333;0.166667;0.6"
32.9044,6.08461,0.346888,"1;1.75582;2.31686;2.54337;2.7987;2.70568;2.83171;2.92693;3.11463;3.37604;3.90054;4.15563;4.32545;4.74167;5.38968;5.8669;6.65558;7.16051;8.0414;8.89661;9.74004;10.7113;11.5141;12.2347;13.1736;13.6485;14.5736;15.4989;15.7575;16.3283;17.0053;17.4035;18.0386;18.5216;19.0027;19.2527;19.6067;20.0296;20.4933;20.5995;20.6505;21.1578;21.2923;21","15;15.0416;14.588;13.6998;13.023;12.1193;11.5739;10.7722;10.2995;9.44949;8.70626;8.49422;8.23887;7.52636;6.81054;6.40062;5.8596;5.46746;5.14748;4.9096;4.69653;4.55098;4.68356;4.7075;4.62607;4.91603;5.20684;5.29664;5.44503;5.81994;6.18647;6.83006;7.51832;8.03948;8.90728;9.36015;9.79315;10.66;11.206;12.1848;12.9952;13.6922;14.144;15",9.09118,"0.233333;0.2;0.566667"
31.1369,7.51886,0.319882,"1;1.4528;1.89089;2.19764;2.4948;2.6715;3.17811;3.67536;4.12305;4.53485;4.76369;5.20344;5.77177;6.44894;7.34326;8.08002;8.8441;9.76261;10.5153;10.9848;11.824;12.6302;13.4966;14.3988;14.6283;14.9032;15.7251;16.116;16.6766;17.1552;17.9004;18.4646;18.7695;19.2899;19.7698;20.2505;20.6205;20.7962;21.0014;21.2068;21","15;14.2536;13.509;12.6924;11.7751;11.202;10.5329;9.91735;9.08602;8.58134;8.06482;7.21522;6.67456;6.24486;5.79912;5.4917;5.14809;5.33716;5.29166;5.45366;5.41108;5.38995;5.55496;5.64347;5.85164;5.92713;6.35929;6.59451;7.00614;7.52846;8.16556;8.8528;9.72452;10.3594;10.5709;10.9178;11.7753;12.3981;13.1871;14.1259;15",9.19026,"0.233333;0.233333;0.533333"
31.7992,7.24566,0.328044,"1;1.3223;1.80481;2.2481;2.47609;2.58885;2.67026;2.7768;3.07359;3.45452;3.82666;4.17933;4.92114;5.78198;6.33328;6.73379;7.20762;8.09498;8.40058;9.1012;9.50191;10.4524;11.153;11.9917;12.3186;13.0439;13.6471;14.1487;14.9011;15.7471;16.6158;16.7781;17.2928;18.1631;18.556;18.7055;19.1558;19.1278;19.2837;19.5871;19.7762;20.5332;20.8016;21.0269;21.0405;21","15;14.8008;14.3241;13.5887;12.6676;11.8049;10.9502;10.5646;9.63467;8.89647;8.07516;7.82813;7.15752;6.64865;6.41698;6.32002;5.807;5.38483;5.28334;5.20268;5.23114;5.03698;4.95675;5.35852;5.52998;5.67468;5.67769;5.85436;6.21915;6.34821;6.6637;6.90759;7.46472;7.83235;8.56603;9.17328;9.97702;10.6948;11.4081;12.1991;12.4993;13.1018;13.2749;13.9843;14.9117;15",9.51599,"0.233333;0.266667;0.5"
32.7166,6.31556,0.337805,"1;1.45988;1.77224;2.05156;2.42027;2.88296;2.90822;3.08928;2.96109;3.54814;3.78654;4.36721;4.93362;5.52679;6.13258;7.0191;7.91496;8.50115;9.02062;9.83536;10.7621;11.0291;11.8279;12.4821;12.9586;13.7924;14.6482;15.4166;15.9379;16.5018;16.9262;17.2834;17.7587;18.2283;18.5215;18.4281;18.8266;19.4809;20.1145;20.2113;20.1231;20.2952;20.9278;21","15;14.7449;13.9408;13.4884;12.6565;12.0794;11.0843;10.3995;9.48091;8.79962;8.50184;7.76696;7.2023;6.61353;6.08926;5.66764;5.30453;5.01076;4.81083;4.26285;4.29053;4.31456;4.28273;4.26908;4.45838;4.71519;5.1044;5.17251;5.59533;6.02743;6.34091;7.007;7.62101;8.41306;8.66752;9.46355;10.2642;10.885;11.646;12.3892;13.2935;14.0873;14.8067;15",9.68617,"0.233333;0.3;0.466667"
35.2531,5.25273,0.36362,"1;1.28179;1.94306;2.16858;2.15143;2.09481;2.33611;2.61946;2.64453;2.70898;3.1396;3.76905;4.15977;4.57827;5.28556;5.6524;6.01819;6.9213;7.28287;7.80682;8.48597;9.13113;9.95481;10.3411;11.1793;12.1737;12.5977;13.5591;14.317;14.6694;15.4761;15.9083;16.6129;17.3507;18.1113;18.9102;19.6021;20.083;20.0805;20.1869;20.3437;20.4525;20.6314;20.5977;20.7988;21.0235;21.1735;21.2407;21.2135;21","15;14.8746;14.4461;13.5831;13.103;12.6024;11.9207;10.9922;10.2441;9.27083;8.64868;7.91231;7.56399;7.31227;6.61094;6.38816;6.42011;5.99071;5.92287;5.33498;4.73459;4.42249;3.98993;3.64812;3.7622;3.76295;3.86311;4.08936;4.23283;4.35303;4.45957;4.54324;4.67709;4.69877;5.34648;5.72169;5.97481;6.63663;7.39534;8.36538;9.12839;9.58844;10.3127;11.0629;11.6465;12.2579;12.9011;13.7576;14.4625;15",10.1342,"0.233333;0.333333;0.433333"
34.3513,5.26077,0.353025,"1;1.59343;1.96792;1.9786;2.08662;2.18648;2.12327;2.44035;2.69592;3.34888;3.59931;3.99549;4.59743;5.04084;5.6712;6.35837;7.17993;7.53942;8.31692;8.9443;9.43525;10.0497;10.7971;11.5703;12.1816;12.7888;13.7118;14.2008;14.7816;15.3526;15.7662;16.6925;17.3045;18.0474;18.6649;19.0814;19.6814;20.2488;20.668;20.6421;20.546;20.3236;20.2004;20.5663;20.6882;21","15;14.4332;13.709;13.492;12.6263;11.8753;11.0725;10.2598;9.5557;9.0286;8.20636;7.72646;7.20472;6.59441;5.89249;5.24163;4.73474;4.67598;4.30999;4.00147;3.67444;3.49467;3.33534;3.53296;3.67714;3.78823;3.976;4.2182;4.73053;5.35228;5.60051;5.93217;6.16922;6.75634;7.29093;7.43727;8.03846;8.80236;9.62058;10.4553;11.4499;11.9628;12.595;13.3905;14.3297;15",10.0854,"0.233333;0.366667;0.4"
33.2172,5.88149,0.346517,"1;1.58874;2.01642;2.15818;2.3691;2.60731;2.44221;2.41626;2.58236;2.6818;3.02274;3.45982;3.7663;4.0594;4.49237;4.74631;5.21037;5.75093;6.11263;6.75583;7.04612;7.628;8.16279;8.97354;9.66713;9.92021;10.7849;11.3915;11.6471;12.5841;13.4554;13.9304;14.5369;14.9193;15.6879;16.002;16.2263;16.8231;17.0378;17.591;17.872;18.3584;18.5613;18.9458;19.5344;20.0111;20.4486;20.6134;20.6075;20.8959;21.0301;21","15;15.0164;14.3294;13.9511;13.2053;12.7408;11.8887;11.3873;10.6598;9.81082;9.14836;8.79007;8.38664;7.94471;7.323;6.92994;6.26871;5.83506;5.63953;5.32064;5.1617;4.93872;4.77083;4.77858;4.5972;4.36558;4.10317;3.84098;3.87708;4.06058;4.31112;4.67406;5.06658;5.33743;5.91258;6.23165;6.52741;6.82799;6.96795;7.40805;7.69317;8.3348;8.90895;9.7012;10.2306;10.9568;11.6929;11.9063;12.8438;13.2568;14.2185;15",10.2303,"0.233333;0.4;0.366667"
34.5739,5.63181,0.355698,"1;1.46828;1.58699;2.09452;2.47265;2.58173;2.68464;2.53836;2.82426;3.2929;3.49454;3.80154;4.17772;4.70386;5.25317;5.98994;6.45532;7.04612;7.93141;8.52879;9.02478;9.91468;10.2393;11.2057;11.4469;12.0562;12.8836;13.493;14.4537;15.0331;15.7354;16.7145;17.2221;17.5015;18.0258;18.1796;18.6558;19.2056;19.7844;20.0415;20.6243;21.1902;21.0251;21.0333;20.7888;20.7536;20.8519;21","15;14.5373;14.3256;13.571;12.8584;12.6324;11.6585;10.96;10.3913;9.64617;9.37632;8.96969;8.3842;7.73826;6.91262;6.30829;5.63409;5.11077;4.84677;4.82498;4.86006;4.49805;4.45119;4.58313;4.63833;4.32978;4.10445;4.17895;4.3031;4.23395;4.54866;4.35482;5.12676;6.043;6.65504;7.60675;7.97872;8.09405;8.88461;9.69367;10.4699;10.9792;11.8706;12.7638;13.3723;14.1097;14.9312;15",10.6262,"0.233333;0.433333;0.333333"
33.0891,5.70913,0.340666,"1;1.56627;1.6862;1.86323;2.14793;2.55643;2.72477;2.77181;2.87909;3.07919;3.34809;3.90319;4.11128;4.51866;4.72364;5.14905;5.69212;6.56684;7.18767;8.03806;8.92855;9.26098;10.1148;10.833;11.7813;12.4124;13.067;13.9381;14.5058;15.1152;15.4388;15.9849;16.221;16.7397;17.3274;17.806;18.3263;18.4943;18.9329;19.1002;19.1297;19.4642;19.6391;19.7062;20.2265;20.6553;20.8009;21","15;14.5389;14.3142;13.9782;13.3439;12.4824;11.8336;11.4208;10.6087;9.8609;8.91566;8.14815;7.80165;6.96496;6.69279;6.21296;5.4507;5.1777;4.82589;4.37652;3.97823;3.90817;4.15198;3.95927;3.74523;3.7155;3.84268;4.00338;4.34977;4.92232;5.22622;5.62356;5.82426;6.43264;6.92037;7.64003;8.4614;8.64263;9.40422;10.2297;10.5219;11.2016;11.9228;12.5818;13.3547;14.0092;14.5136;15",10.4872,"0.233333;0.466667;0.3"
34.2119,5.11703,0.351175,"1;1.49976;1.85219;2.38752;2.28251;2.84537;2.85655;2.84765;3.02989;3.38161;3.71669;4.02573;4.26843;4.88782;5.61299;6.38454;6.75628;7.67145;7.93358;8.25144;8.66393;9.48126;10.0079;10.553;10.9244;11.6852;12.3004;12.7621;13.6144;14.2285;15.0321;15.2746;15.9266;16.6515;17.5056;18.042;18.7426;19.1988;19.7687;20.1553;20.5234;20.6755;20.9713;21.0543;21.1959;21.565;21.7619;21.5262;21.4114;21.1483;21","15;14.4466;13.7822;13.1153;12.2458;11.4302;10.7278;10.284;9.68904;8.85261;7.93773;7.45521;6.61836;5.91118;5.41107;4.93271;4.79663;4.57899;4.46424;4.33563;4.23138;4.12613;4.10629;4.11527;4.1442;4.39232;4.49179;4.51425;4.70645;4.82866;5.02457;5.16546;5.52919;5.89044;6.08839;6.51359;7.12445;7.31448;8.11131;8.82578;9.43049;9.8039;10.4566;11.1068;11.576;12.0412;12.6778;13.4109;13.6743;14.3583;15",10.6349,"0.233333;0.5;0.266667"
26.4463,3.29407,11.1302,"1;1.69062;2.3399;2.95745;3.50192;3.76233;4.43748;4.69168;5.05637;5.71689;6.46826;7.3682;7.782;8.59838;9.5037;9.97542;10.5857;11.5599;12.0979;13.0789;13.1924;13.3424;14.2726;14.9537;15.3509;16.1777;16.3144;17.0366;17.6791;18.3643;18.6268;19.2857;19.9341;20.3434;20.5728;21.0256;21","15;15.5557;15.9116;16.5139;17.2123;17.8828;18.5779;19.2672;19.7051;20.2017;20.7802;21.145;21.4726;21.5612;21.8966;22.0733;21.7606;21.7355;21.8035;21.8093;21.8387;21.8601;21.6517;21.4413;21.4304;20.956;20.7291;20.0765;19.5189;18.8125;18.5987;18.0179;17.3905;16.7338;16.7289;15.9391;15",10.5247,"0.233333;0.533333;0.233333"
26.6525,2.89594,11.2826,"1;1.76848;2.24909;2.60782;3.03181;3.32236;3.56903;3.99318;4.49547;5.19148;5.66784;6.07916;6.7283;7.4243;8.30453;8.94582;9.36988;10.0599;10.9481;11.6299;12.3444;12.7677;13.4522;14.2639;14.9599;15.0881;15.8727;16.419;17.3135;17.9736;18.089;18.7592;19.4344;19.5855;19.9299;20.0704;20.6536;20.8479;21","15;15.2022;15.91;16.3856;17.1374;17.741;18.2484;18.6758;19.4364;19.9251;20.3919;20.6092;21.0056;21.5837;22.0071;22.1978;22.3365;22.3377;22.3688;22.379;22.2906;22.3055;22.1;21.6125;21.5092;21.5605;21.0657;20.647;20.2399;19.5934;19.5198;18.8855;18.2303;17.9506;17.2231;16.9251;16.1273;15.3176;15",10.1165,"0.233333;0.566667;0.2"
26.4458,3.20697,11.2421,"1;1.63288;2.41069;2.80294;3.25241;3.79336;3.97155;4.413;4.89947;5.13653;5.66716;6.51816;7.34197;7.87004;8.40239;8.91893;9.42735;10.1738;11.0797;11.8107;12.4433;12.902;13.5116;14.0638;14.9202;15.2426;15.9156;16.7876;17.2086;17.9507;18.575;19.2388;20.0658;20.0931;20.557;20.5435;21","15;15.5385;16.1221;16.6337;17.5097;18.3178;18.5722;19.1931;19.8925;20.1704;20.6607;20.9477;21.2949;21.3614;21.44;21.6388;21.7658;21.911;21.6552;21.9228;22.0467;21.9047;21.8287;21.7407;21.2744;20.8354;20.6571;20.428;20.1327;19.4814;18.7105;18.128;17.5896;17.3882;16.5254;15.8044;15",9.96855,"0.233333;0.6;0.166667"
26.7236,3.19884,11.3091,"1;1.06258;1.41797;2.04504;2.46975;2.76022;2.96731;3.44618;3.89686;3.96948;4.65487;5.08066;5.74683;6.19371;6.9335;7.8648;8.30476;8.9995;9.92935;10.3938;10.9815;11.8362;12.5812;13.2698;13.725;14.308;15.1189;15.4928;16.0829;16.3323;17.0393;17.8162;18.4907;19.0371;19.6246;19.8205;20.4806;21","15;15.0788;15.6576;15.8182;16.6999;17.5238;17.6011;18.4209;19.1425;19.2766;19.9328;20.3469;21.067;21.2766;21.7188;21.8799;22.0874;22.164;22.3959;22.4001;22.4403;22.4887;22.3848;21.7686;21.6895;21.4758;21.1415;20.6258;20.2736;20.0397;19.5761;19.0064;18.6598;18.0468;17.2635;16.3694;15.6182;15",9.76929,"0.233333;0.633333;0.133333"
27.062,3.17018,11.4607,"1;1.38733;2.32857;2.62283;2.85028;3.18825;3.8944;4.21637;4.5064;5.1892;5.37672;5.76513;6.1;6.86003;7.15007;8.12596;8.45549;9.0131;9.9518;10.3459;11.1794;12.0031;12.8777;13.7955;14.5591;15.3329;16.0324;16.4728;17.099;17.5188;17.9118;18.538;19.0126;19.6185;20.1446;20.4647;20.5138;20.9062;21","15;15.4219;15.7152;16.4908;16.9758;17.6899;18.1115;18.684;19.1019;19.4529;20.0862;20.6466;20.8342;21.2323;21.6434;21.834;21.9221;21.6843;21.9463;21.984;22.1842;22.1235;21.8331;21.5972;21.3707;21.5226;21.2424;21.1107;20.4345;20.1991;19.7659;18.9997;18.2791;17.7823;17.2375;16.3738;15.7035;15.0511;15",9.57397,"0.233333;0.666667;0.1"
27.0073,2.88055,11.5315,"1;1.68977;1.99471;2.27409;2.88978;2.96897;3.41085;3.77726;4.19841;4.85009;5.27197;5.75925;6.58646;7.09732;7.83337;8.13133;8.79367;9.27784;10.0541;10.2181;11.0518;12.02;12.5131;13.2515;13.943;14.6923;15.4405;16.2986;16.8629;17.3947;17.9111;18.6089;19.073;19.4366;19.8002;20.0125;20.358;20.6917;21","15;15.4358;15.7089;15.9969;16.7179;17.0313;17.8089;18.5635;18.9448;19.6511;20.4326;20.5731;20.798;20.9062;21.1725;21.3606;21.4731;21.77;22.2879;22.3505;22.413;22.4161;22.4758;22.3697;22.2098;22.0612;21.8487;21.4706;21.4426;20.8227;20.0059;19.5531;18.6934;18.2078;17.5593;17.2677;16.736;15.8392;15",9.08684,"0.233333;0.7;0.0666667"
27.742,2.76511,11.758,"1;1.52981;1.86947;2.08164;2.78556;3.24235;3.44192;3.86299;4.46131;4.82492;5.29775;5.5194;6.06191;6.68077;7.42114;7.56679;8.2179;8.88738;9.69667;10.648;11.4142;12.0096;12.9337;13.7457;14.5698;15.2468;16.189;16.8387;17.4554;18.2276;18.8088;19.2616;19.8038;20.4487;20.9145;21.2542;21.5707;21","15;15.2429;15.494;16.2122;16.9038;17.6109;17.8876;18.5;18.9356;19.4715;20.0377;20.2369;20.7265;21.0809;21.5728;21.6525;22.2317;22.203;22.1626;22.3803;22.6023;22.6708;22.6822;22.2436;21.8269;21.4362;21.2083;20.9319;20.6;20.2642;19.5749;18.7529;18.0672;17.3545;16.7634;16.1051;15.3477;15",8.89281,"0.233333;0.733333;0.0333333"
27.7738,2.59745,11.7404,"1;1.64064;2.06602;2.24116;2.73248;3.21044;3.42025;3.78342;4.20802;4.4713;5.18494;5.97216;6.71509;7.3278;7.68573;8.35845;8.70705;9.59385;10.5422;10.7314;11.5362;12.3065;13.0276;13.613;14.0139;14.8713;15.5997;16.1338;16.9232;17.0106;17.7999;18.4756;18.8253;19.301;19.6722;19.9329;20.3545;21","15;15.1193;15.6009;15.8736;16.656;17.1613;18.011;18.7607;19.5742;20.5233;21.0137;21.4485;21.9666;22.1977;22.4448;22.732;22.9068;22.8308;22.717;22.8847;22.9167;22.9481;22.7877;22.6614;22.5102;22.0579;21.6641;21.2286;20.6401;20.4988;19.9033;19.442;18.772;18.0284;17.1139;16.4116;15.6677;15",8.47193,"0.233333;0.766667;0"
20.7111,56.5365,0.281268,"1;1.79533;2.71606;3.63954;4.50606;5.44863;6.2555;7.04871;7.67378;8.34995;9.14196;10.1271;10.8795;11.6371;12.5498;13.0201;13.8451;14.5861;15.4515;16.1235;16.5092;17.1906;17.8268;18.7619;19.146;19.9388;20.4807;21","15;14.9424;14.843;14.599;14.6843;14.422;14.4141;14.4737;14.7951;14.6842;14.4875;14.4403;14.5732;14.3924;13.9982;14.0992;14.0433;14.0821;14.1148;14.0782;14.2472;14.3105;14.8499;14.8493;14.8308;14.7353;14.6085;15",5.72923,"0.266667;0;0.733333"
20.3814,41.8141,0.956723,"1;1.78533;2.15746;3.0776;3.84711;4.68928;5.30968;5.88596;6.45493;7.18004;8.12935;8.79639;9.35196;10.3202;10.8667;11.5803;12.4232;13.2017;13.7618;14.398;14.9031;15.6503;16.5125;16.9154;17.6409;18.5523;18.9401;19.8693;20.1094;21","15;15.0818;15.0103;15.1311;15.1902;15.4706;15.589;15.6642;15.8281;15.7784;15.7062;15.8043;15.7646;15.9267;15.7743;15.5808;15.5434;15.5859;15.6116;15.6425;15.7443;15.691;15.6947;15.3808;15.2517;15.241;15.1046;15.2105;15.2519;15",7.49857,"0.266667;0.0333333;0.7"
28.5621,13.2235,0.295468,"1;1.27635;1.64611;1.90087;2.34511;2.47892;2.88136;3.44235;4.05064;4.53191;5.15388;5.58492;5.86788;6.52261;7.14442;8.04102;8.95379;9.40146;10.2831;11.0808;11.926;12.6662;13.0133;13.8192;14.7423;15.4866;16.0477;16.4274;17.1743;17.5907;18.0977;18.5128;18.9312;19.3693;19.6097;20.2198;20.7487;20.8774;21","15;14.8893;14.1388;13.6758;12.8042;12.3071;11.7833;11.1162;10.4593;10.0485;9.35718;8.68011;8.33904;7.65075;6.94248;6.52758;6.40759;6.4995;6.38136;6.16944;6.3897;6.26834;6.63422;7.07324;7.39316;7.9525;8.33246;8.8581;9.22895;9.62101;10.1432;10.6647;11.225;12.0872;12.7026;13.3683;13.9209;14.1415;15",8.69513,"0.266667;0.0666667;0.666667"
29.0012,14.0485,0.302387,"1;1.60505;1.94858;2.19632;2.16292;2.55133;3.00738;3.24669;3.73643;3.96913;4.27249;4.43547;5.15613;5.93421;6.22775;7.09348;7.94385;8.79075;9.50423;10.4422;10.8773;11.798;12.4129;13.06;13.8754;14.5052;15.1174;15.8216;16.3709;16.7628;17.1991;17.6253;18.1812;18.5721;19.074;19.284;19.8618;20.2758;21","15;14.3394;14.0585;13.2499;12.6112;12.0902;11.6468;11.0547;10.4321;9.57315;8.82723;8.12887;7.51867;7.19903;7.08637;7.04613;6.81712;6.3295;6.18104;5.98519;6.17371;6.41786;6.66468;6.91239;7.48776;7.73576;8.06655;8.65385;9.05663;9.78308;10.6647;10.9269;11.6008;12.1466;12.9174;13.779;14.3487;14.5549;15",9.33002,"0.266667;0.1;0.633333"
30.5147,8.88674,0.316122,"1;1.65774;2.14989;2.36426;2.49574;2.61975;2.72111;2.66176;3.08136;3.77167;4.15772;4.41959;4.92355;5.66027;5.8991;6.48388;6.83603;7.67633;8.00696;8.45299;9.3792;10.1079;10.4429;11.3495;11.8538;12.3247;13.1404;13.4848;13.9972;14.6563;15.1162;15.812;16.4092;17.2202;17.7075;18.2869;18.7599;19.2909;19.8283;20.4206;20.5894;20.7482;21","15;14.6208;14.0689;13.348;12.6745;12.0211;11.6221;10.8571;9.94934;9.41777;8.69144;8.22326;7.42167;6.79271;6.56074;6.06006;6.012;5.8597;5.86313;5.82885;5.67961;5.57656;5.35183;5.08917;5.39044;5.52957;5.74044;5.88381;6.09044;6.57768;6.84343;7.48146;8.10429;8.62291;9.47281;10.2025;10.8548;11.6934;12.3554;13.1447;13.9561;14.56;15",9.51183,"0.266667;0.133333;0.6"
30.5232,8.73679,0.314567,"1;1.68706;1.89763;2.18778;2.68384;2.92106;3.18737;3.48183;3.91663;4.37576;4.75473;5.02712;5.60096;6.4375;6.57849;7.25278;8.12267;8.90093;9.72833;10.5767;11.2274;12.0753;12.8155;13.6617;14.2201;14.729;15.457;15.9224;16.2152;16.8922;17.3267;17.495;17.9885;18.812;19.398;19.8757;20.115;20.3632;20.6148;21","15;14.2734;13.4097;12.743;11.9628;11.3165;10.5272;9.64874;8.76881;8.13596;7.41072;7.1474;6.70608;6.16089;6.0249;5.72325;5.47581;5.29083;4.86684;4.96156;5.02997;5.3331;5.81679;6.26714;6.53668;6.81871;7.07569;7.70485;7.96422;8.58884;9.02541;9.56774;10.0242;10.4476;11.0438;11.4965;12.4417;13.3621;14.1028;15",9.77391,"0.266667;0.166667;0.566667"
32.6084,6.15684,0.336458,"1;1.34521;1.86053;1.90011;2.19298;2.45688;2.70777;2.59896;2.85826;3.41153;3.74398;4.24688;4.62414;5.07679;5.83001;6.14097;6.72216;7.57327;7.85689;8.58444;9.32755;9.89124;10.7783;11.5605;11.9695;12.8536;13.6688;14.487;15.1123;15.911;16.1578;16.7675;17.1006;17.6172;17.8363;18.3221;18.9905;19.3561;19.6601;19.7407;20.4215;20.9886;20.9352;21.1485;21","15;14.8823;14.0789;13.1931;12.6345;11.8647;11.085;10.1173;9.75603;9.03777;8.44173;7.80189;7.29901;6.89933;6.25882;6.01494;5.47106;5.28043;5.13825;4.96511;4.9118;4.56486;4.72916;4.869;4.78805;4.589;4.62721;5.01118;5.21856;5.61768;5.84748;6.24169;6.79293;7.60465;7.91015;8.60004;9.2778;10.181;10.8608;11.3136;11.9817;12.5884;13.5465;14.1008;15",10.1064,"0.266667;0.2;0.533333"
31.7589,6.9861,0.326088,"1;1.39707;2.0282;2.51347;2.82226;2.85444;3.07359;3.30822;3.3388;3.56877;4.11477;4.52517;4.93878;5.3972;6.16874;6.42709;6.73865;7.44685;8.26441;9.10459;9.9588;10.7432;11.4875;12.4029;13.2484;13.6413;14.4276;14.9325;15.5017;16.2222;16.4855;16.7151;17.0484;17.7351;18.149;18.7154;18.8917;19.2385;19.5544;20.0567;20.2808;20.6614;20.8666;21","15;14.217;13.499;12.8535;11.9067;11.2611;10.5702;9.96701;9.6026;8.86764;8.05399;7.15682;6.73928;6.29344;5.67707;5.55699;5.16777;4.71235;4.60626;4.47927;4.46911;4.53196;4.53797;4.83579;5.1439;5.22833;5.68193;5.7406;6.01802;6.68534;6.92662;7.44339;8.10146;8.64377;9.54154;10.2243;10.7677;11.6471;12.083;12.8769;13.1959;13.9346;14.0846;15",10.2622,"0.266667;0.233333;0.5"
32.0533,7.43953,0.329517,"1;1.3249;1.56744;1.89806;2.38613;2.58323;2.65477;3.19784;3.22539;3.61817;3.93662;4.23823;4.39578;4.79457;5.15042;5.53743;6.19136;6.62304;7.5372;8.49716;9.0442;9.97574;10.8589;11.0755;11.8568;12.2214;13.1036;13.4908;14.1789;14.8901;15.3094;16.0529;16.777;17.49;17.9525;18.2577;18.8113;19.2753;19.797;20.557;20.8722;21.2734;21.3774;21.2877;21.1612;21.144;21","15;14.6927;14.1766;13.6406;12.7785;12.1525;12.0732;11.2399;10.4549;9.56478;9.26404;8.42755;7.54186;7.19951;6.56521;6.16355;6.0033;5.7889;5.52584;5.36495;5.33316;5.43142;5.5737;5.4992;5.36572;5.35141;5.5318;5.83863;5.83286;6.12438;6.31696;6.82156;7.34437;7.95399;8.43227;8.76511;9.47156;9.99643;10.3775;10.3813;10.919;11.584;12.4346;12.9661;13.7686;14.187;15",10.6852,"0.266667;0.266667;0.466667"
32.2057,6.33704,0.332871,"1;1.2694;1.7813;2.22335;2.41971;2.38026;2.62603;3.10277;3.33584;3.77772;4.11503;4.76444;5.10348;5.45519;5.98799;6.67419;7.23493;7.81787;8.26934;8.91478;9.79322;10.7275;11.3953;12.232;12.8345;13.4052;14.0862;14.2496;15.0372;15.7066;16.5416;17.154;17.343;17.9911;18.421;18.8679;19.0379;19.2732;19.5144;19.8789;20.1326;20.3229;20.6023;21","15;14.8341;14.3739;13.6846;12.8944;11.9983;11.6882;10.9025;10.1812;9.46252;8.80386;8.09576;7.35185;6.76561;6.23894;5.70086;5.34222;5.01383;4.76529;4.43645;4.43172;4.2738;4.05878;4.14664;4.10462;4.3935;4.97704;4.96337;5.34461;5.72468;6.26864;7.04878;7.26534;7.73275;8.48992;9.0677;9.94142;10.829;11.6517;12.4447;13.1925;13.9319;14.4942;15",10.6336,"0.266667;0.3;0.433333"
23.6198,7.69814,9.05897,"1;1.77743;2.48118;2.75715;3.40896;3.88619;4.61791;5.314;6.09033;6.947;7.71144;8.43416;9.31361;9.9785;10.5445;11.2033;12.0976;13.0295;13.9417;14.6766;15.3406;15.8609;16.1007;16.7985;17.2511;17.6089;18.5816;19.0677;19.2622;19.583;20.079;20.6343;21","15;15.629;15.98;16.1286;16.5521;17.0044;17.568;17.9299;18.4261;18.7805;19.3007;19.8917;20.2718;20.4065;20.5271;20.4457;20.1632;19.8869;19.6908;19.6691;19.5082;19.1614;18.775;18.3582;17.5487;17.2018;16.9873;16.4297;16.1681;15.7564;15.5589;15.1166;15",12.4883,"0.266667;0.333333;0.4"
33.7866,5.43638,0.346678,"1;1.3518;1.55941;2.15593;2.24718;2.63181;2.63806;2.79115;2.70172;2.72655;3.00827;3.65279;3.85098;4.31496;4.82493;5.11906;5.65532;5.85073;6.49709;7.12119;7.73369;8.37834;9.33203;10.0496;10.6679;11.182;12.0625;12.3275;13.036;13.771;14.1001;14.8907;15.7615;16.3806;16.9354;17.3468;17.7829;18.2293;18.7219;19.0369;19.6166;19.8806;20.0696;20.5149;20.7342;21.0133;21.3015;21","15;14.3413;14.0824;13.4268;13.1644;12.5452;11.7228;11.3949;10.4325;10.0959;9.40717;8.78085;7.81422;7.36586;6.56745;6.19474;5.60097;5.44267;4.84439;4.53162;4.28226;4.10855;3.95481;3.57158;3.62331;3.53094;3.41799;3.3805;3.59608;3.99287;4.09422;4.5346;5.01542;5.60709;6.25473;6.84347;7.45387;7.99071;8.57189;9.07836;9.71264;10.3446;11.3257;12.1237;12.6652;13.5013;14.408;15",11.1302,"0.266667;0.366667;0.366667"
32.4749,6.51379,0.335283,"1;1.32346;1.57311;1.75657;2.06709;2.36274;2.75158;2.92361;3.15421;3.48189;3.62786;4.03696;4.3319;4.61458;4.95243;5.57729;5.82665;6.58164;6.9098;7.77543;8.50363;8.68153;9.51418;10.1899;10.7242;11.156;12.085;12.6271;13.3416;14.1065;14.4902;14.9892;15.7596;16.291;16.6797;17.3411;17.5253;18.1077;18.6515;19.0095;19.5959;19.7143;19.8706;20.1672;20.3063;20.3014;20.6386;21.1617;21","15;14.685;14.2035;13.8312;13.1322;12.7044;11.8191;11.2945;10.554;9.73839;9.10848;8.27662;7.7461;7.63287;6.8585;6.13332;6.08491;5.48965;5.35344;4.9094;4.50847;4.48322;4.6678;4.27061;4.665;4.80666;5.00758;5.07153;5.36483;5.40564;5.5718;5.85844;6.02274;6.09027;6.66991;7.29237;7.71851;8.40166;8.78075;9.34053;9.99174;10.7657;11.336;11.7984;12.7145;13.4799;14.2226;14.9294;15",11.3773,"0.266667;0.4;0.333333"
25.9056,3.61663,10.9185,"1;1.3926;1.57539;2.216;2.98436;3.46097;3.89029;4.13832;4.70933;4.80391;5.62313;6.47771;7.32943;8.30708;8.86028;9.60502;10.4697;11.2558;11.9435;12.6658;13.2097;13.8474;14.7647;15.3018;16.0649;16.7799;17.3111;17.7402;18.3839;18.6956;19.2107;19.602;19.9219;20.2288;20.7004;21","15;15.4293;15.9038;16.5886;17.1294;17.8936;18.6216;19.1895;19.8958;20.0556;20.5267;20.9832;21.3352;21.4547;21.5691;21.8669;21.8695;21.849;22.0427;21.665;21.3645;21.1328;20.91;20.7873;20.3954;20.0212;19.351;18.7303;18.0417;17.4082;17.0718;16.7512;16.401;16.0785;15.2174;15",11.7509,"0.266667;0.433333;0.3"
25.9967,3.66711,10.8266,"1;1.75697;2.35843;2.79877;2.99866;3.60699;4.12568;4.93254;5.56315;5.83476;6.43395;6.90433;7.63677;8.25662;9.06581;9.43704;10.1717;10.7439;11.103;11.8643;12.5812;13.5218;14.0214;14.9455;15.5212;16.1431;16.2427;16.9501;17.7672;18.2013;18.5046;18.7963;19.4576;19.9038;20.3063;21","15;15.3676;15.9893;16.7861;17.5476;18.3031;18.9022;19.3998;19.8034;19.9807;20.3104;20.4382;20.5327;20.7576;21.1415;21.2869;21.6917;21.7997;21.8447;22.0175;21.8915;21.8452;21.7448;21.4626;21.1041;20.4454;20.2153;19.58;19.4313;18.6099;18.3057;17.3982;16.9286;16.308;15.5939;15",11.5309,"0.266667;0.466667;0.266667"
26.044,4.12937,10.6066,"1;1.39925;1.82007;2.35314;2.66226;3.29844;3.61866;4.14653;4.64355;5.07666;6.00874;6.52767;7.34836;8.15423;9.09851;9.21649;9.77622;10.6423;11.5195;12.2723;13.0682;13.6139;14.593;15.2959;15.5543;16.4159;16.8079;17.4727;17.765;18.4069;18.8529;18.7702;19.4174;20.0092;20.1509;20.9849;21","15;15.3204;15.8131;16.1478;16.4072;16.943;17.8145;18.601;19.1013;19.796;19.9239;20.1156;20.6346;20.8361;21.1171;21.1701;21.4013;21.7957;21.9578;21.8564;21.3397;21.1297;21.0952;20.9408;20.3854;19.9603;19.3725;18.8838;18.4537;18.1726;17.3852;16.7731;16.1345;15.607;15.3638;15.0372;15",11.4846,"0.266667;0.5;0.233333"
27.6079,2.78832,11.7395,"1;1.91521;2.07608;2.63438;2.85955;3.31504;3.61345;3.8415;4.26705;4.73629;5.38246;5.78621;6.12085;6.61125;7.01382;7.77317;8.47326;9.36291;10.1419;10.9657;11.3695;12.1472;12.9853;13.7256;14.3951;14.637;15.4148;15.8963;16.5761;17.339;17.6774;18.1595;18.9617;19.7566;20.2768;20.93;21.0297;21.1376;21","15;15.403;15.5786;16.123;16.2658;16.9017;17.7195;18.2191;19.0466;19.5297;20.0408;20.4507;20.7863;21.1532;21.3044;21.6204;22.3283;22.7014;22.9391;22.8689;22.9655;23.077;22.9886;22.5301;21.9776;21.7965;21.2734;21.0099;20.3217;19.7765;19.5241;19.2841;18.8342;18.4225;17.8309;17.1925;16.2818;15.4635;15",11.1971,"0.266667;0.533333;0.2"
27.196,2.81446,11.6762,"1;1.27053;1.47967;2.03716;2.22312;2.71082;2.87503;3.31018;3.70631;4.14246;4.67706;5.23019;5.70044;6.38656;7.28306;7.44802;8.35684;8.7494;9.43295;9.78814;10.6008;11.4465;12.0973;12.9062;13.8327;14.4539;15.3048;15.7969;16.7332;17.1409;17.5312;18.0095;18.8463;19.5979;20.0217;20.2442;20.4884;20.6599;20.7117;20.8238;20.7989;21","15;15.1532;15.3266;15.8053;16.0265;16.6163;16.8032;17.531;18.0591;18.9529;19.6104;20.1961;20.4757;21.1026;21.4716;21.5074;21.7066;21.8737;22.0257;22.0424;21.9975;21.8853;22.1566;22.0739;22.0537;21.956;21.6713;21.654;21.455;21.2998;20.6271;20.2554;19.7173;19.2936;18.4291;18.259;17.4358;16.8428;16.4321;15.9646;15.3927;15",10.7932,"0.266667;0.566667;0.166667"
27.4324,2.96995,11.562,"1;1.53006;2.00632;2.55098;2.94426;2.84738;3.18747;3.64418;4.036;4.46248;5.04813;5.49091;6.38421;7.21377;7.60363;8.19371;8.3903;9.36109;10.0102;10.5642;11.4245;11.9554;12.8801;13.7355;14.1621;14.9887;15.3649;15.9479;16.7952;17.6435;18.0431;18.8126;19.3013;19.5225;20.2165;20.6393;20.6997;20.5952;21","15;15.1393;15.4352;15.8345;16.1971;16.985;17.7617;18.2191;19.0052;19.5459;20.2851;20.8194;20.9406;21.3715;21.5092;21.7775;21.853;21.95;22.2986;22.3547;22.1975;22.104;22.0634;21.7759;21.5576;21.205;21.0041;20.8431;20.7375;20.2814;19.9743;19.4821;18.65;17.6828;17.1822;16.9606;16.6605;15.8154;15",10.6389,"0.266667;0.6;0.133333"
27.1099,2.85649,11.653,"1;1.35638;1.77588;2.20325;2.65574;3.28002;3.7714;4.35711;4.90904;5.34317;6.07009;6.77198;7.02032;7.75916;8.43812;9.1291;10.1188;11.1077;11.3214;12.2845;12.6242;13.3011;14.1154;14.7017;15.636;16.0504;16.6752;17.0101;17.7266;18.5856;18.8089;19.1634;19.603;20.2083;20.5551;20.857;21","15;15.1562;15.4556;16.2128;17.0437;17.7963;18.4686;19.0734;19.7514;20.3621;20.9915;21.4271;21.6782;21.7863;22.2308;22.748;22.6797;22.8067;22.6857;22.4168;22.3366;22.1439;21.9052;21.4747;21.2369;20.6156;20.1798;19.8156;19.3747;19.3384;18.992;18.4294;17.8594;17.0714;16.3772;15.6538;15",10.2037,"0.266667;0.633333;0.1"
27.8722,2.55713,12.0244,"1;1.26348;1.88276;2.04704;2.72117;3.12222;3.639;4.13927;4.37981;4.61038;4.8542;5.80869;6.14984;6.96619;7.47838;8.3522;9.06308;9.74306;10.588;11.3106;12.2046;12.6084;13.5001;14.2786;14.8155;15.7699;16.6805;16.8493;17.6386;18.247;18.9233;19.1659;19.6074;19.7638;20.0734;20.2968;20.5322;20.7458;21","15;15.1613;15.7028;16.0282;16.7668;17.4714;18.1009;18.7603;19.1241;19.9453;20.7919;20.9713;21.0906;21.5625;22.1677;22.6008;22.7277;22.8187;23.033;22.9909;23.0702;22.8225;22.4573;22.1658;21.8497;21.7245;21.3852;21.2921;20.7501;20.0653;19.5944;19.2706;18.6229;18.4089;17.4818;16.8282;16.2171;15.4266;15",9.93899,"0.266667;0.666667;0.0666667"
27.1377,2.78576,11.6405,"1;1.86605;2.33432;2.75622;3.3061;3.66149;3.92113;4.40028;4.69765;5.35401;5.89411;6.82798;7.02048;7.82587;8.30414;8.90966;9.74395;10.5881;11.3289;12.0292;12.4342;13.4177;14.1781;14.8466;15.5223;15.9836;16.503;17.158;17.7997;18.5108;19.1398;19.6977;19.9367;20.2037;20.5343;20.8294;21","15;15.4318;16.2006;17.0686;17.8344;18.5715;19.0003;19.6291;20.0838;20.3787;20.9701;21.0922;21.1407;21.5653;21.9437;22.2823;22.3487;22.2395;22.5508;22.426;22.5046;22.5172;22.0417;21.9113;21.2762;21.0249;20.5964;20.4413;19.8446;19.2872;18.7769;18.1305;17.6627;17.2245;16.5459;15.8075;15",9.57477,"0.266667;0.7;0.0333333"
26.8489,2.89727,11.3745,"1;1.38558;1.71182;2.2511;2.74557;3.14618;3.60604;3.83575;4.24158;4.52464;5.12732;5.19711;5.83365;6.58592;7.46759;8.24807;9.10303;9.87982;10.7889;11.6441;12.1582;12.6194;13.6123;13.7203;14.247;15.1721;15.3754;16.147;16.7102;17.3191;17.6801;18.4561;18.9477;19.3882;19.8563;20.1903;20.5291;20.6953;21","15;15.1363;15.2587;15.7363;16.2439;16.9569;17.5961;17.7905;18.6012;19.3217;19.9528;20.1566;20.8002;21.2735;21.5093;21.6608;22.0965;22.3933;22.5643;22.3871;22.171;22.0575;21.9773;21.9508;21.7967;21.5274;21.3905;21.022;20.6774;20.1883;19.9242;19.3177;18.7641;18.6886;18.2145;17.4204;16.5748;15.9352;15",9.28437,"0.266667;0.733333;0"
20.8264,59.7129,0.276592,"1;1.86024;2.5595;3.41204;3.6253;4.62064;5.48883;6.38614;6.96404;7.95345;8.65362;9.11774;9.81889;10.7436;11.2608;11.9056;12.7095;13.4206;14.3198;14.8994;15.7097;16.232;16.8477;17.6924;18.3403;18.5953;19.5427;20.3666;21","15;14.7777;14.5587;14.2238;14.1718;14.0754;13.9984;13.9996;14.1959;14.1444;14.0499;13.9215;13.6345;13.8421;13.8094;13.7628;13.6276;13.7554;13.8168;13.9656;14.2804;14.7402;14.8392;14.867;15.1134;15.2096;15.1057;14.6644;15",6.44153,"0.3;0;0.7"
20.5062,54.4925,0.307223,"1;1.93185;2.91511;3.83765;4.34878;5.10911;6.07827;6.96971;7.58961;8.26907;8.82889;9.64047;10.3735;11.2158;12.0081;12.5755;13.0066;13.9462;14.5454;15.4493;15.5514;16.469;17.0828;17.9612;18.5454;19.244;20.1989;20.5407;21","15;14.8765;14.8123;14.7486;14.7875;14.8792;14.7556;14.8863;15.0292;14.9239;14.7613;14.7629;14.3588;14.3939;14.5816;14.4091;14.3493;14.5473;14.513;14.561;14.5503;14.4754;14.6919;14.9282;14.5399;14.6411;14.7417;14.8462;15",8.17308,"0.3;0.0333333;0.666667"
27.6947,17.7841,0.28968,"1;1.22832;1.45271;2.20834;2.70983;2.93968;3.47513;3.84219;4.46264;5.01802;5.62469;6.12607;6.42712;7.2443;8.16989;8.50775;9.28662;10.0722;10.7016;11.1056;11.744;12.6954;13.5204;14.3482;14.8473;15.4794;16.3895;17.1198;17.7482;18.4182;18.5756;19.4631;19.7978;19.9824;20.1834;20.4621;20.6672;21","15;14.5898;13.9882;13.3804;12.7762;12.2288;11.5496;10.8764;10.154;9.36308;8.63174;8.23928;8.04051;7.6279;7.43352;7.40497;7.13673;7.1129;6.90822;7.0856;7.32247;7.47129;7.9156;8.10077;8.39713;8.94167;9.24867;9.78003;10.2472;10.6679;11.0225;11.4331;12.29;12.8435;13.3094;14.1393;15.067;15",9.67749,"0.3;0.0666667;0.633333"
29.9147,9.44405,0.308885,"1;1.6162;2.00248;2.13647;2.71707;2.86962;3.31654;4.01776;4.51156;5.02829;5.38429;6.05746;6.6012;7.5327;7.94781;8.66744;9.57817;10.496;11.1291;11.8466;12.4648;13.0214;13.973;14.2667;14.8977;15.7378;16.2858;16.7253;17.0902;17.5194;17.8702;18.2171;18.4264;18.8816;19.4097;19.8036;20.1513;20.6944;21","15;14.4023;13.5314;12.7155;11.9399;11.7154;10.8208;10.1079;9.23831;8.38216;7.80014;7.09663;6.71131;6.37375;6.28323;5.91567;5.64307;5.28944;5.37313;5.19452;5.62778;5.70909;6.0089;6.15976;6.39332;6.86297;7.61344;7.96419;8.26724;8.59615;9.3401;9.82656;10.7548;11.3283;11.8618;12.7342;13.6701;14.4293;15",10.1041,"0.3;0.1;0.6"
30.7248,9.73337,0.318265,"1;1.48502;1.84014;2.36851;2.35345;2.75997;3.18027;3.78787;4.06888;4.4162;4.98891;5.1859;5.52812;5.94244;6.33606;7.01481;7.58949;8.47717;9.37416;10.139;10.4427;10.9529;11.6655;12.2375;13.0077;13.7672;14.2003;14.959;15.2997;15.985;16.464;17.2519;17.7577;18.1735;18.6397;18.8481;19.1507;19.5802;19.7021;19.2084;19.629;19.8358;20.4435;20.5733;21","15;14.7393;14.3451;13.7611;12.8029;12.2656;11.5725;10.838;10.4842;10.0963;9.48352;8.58743;8.16817;7.89863;7.50507;6.94339;6.64422;6.22715;6.12703;5.83243;5.68935;5.75937;5.80794;5.76505;5.73392;5.81737;6.04819;6.07167;6.3095;6.58394;6.65303;6.87438;7.48824;8.05791;8.81876;9.69327;10.2803;10.8915;11.1665;11.927;12.4587;13.3024;13.9683;14.1713;15",10.6956,"0.3;0.133333;0.566667"
30.8254,8.6662,0.318693,"1;1.24213;1.68334;2.15536;2.46356;2.93746;3.28984;3.40332;3.6338;3.78862;4.17585;4.50122;5.21578;5.77445;6.53865;6.67083;7.24663;7.87905;8.60273;9.25629;10.1488;10.9277;11.1822;11.9431;12.5769;13.1273;14.1149;14.8364;15.645;16.4104;16.7934;17.4653;17.7607;18.395;18.7731;19.407;19.5206;19.6419;20.0722;19.8903;19.9726;20.1962;20.7291;21","15;14.752;14.2339;13.4667;12.6085;11.8804;11.2277;10.818;9.96527;9.52773;8.64189;8.16424;7.51834;6.94408;6.64392;6.59204;6.36936;6.00492;6.07886;5.75198;5.59497;5.56605;5.6622;5.9923;6.17035;6.0733;6.1797;6.09939;6.45677;6.63994;7.0768;7.55826;8.0838;8.75361;9.52816;9.95383;10.7197;11.1889;11.8465;12.809;13.5757;14.0635;14.7676;15",10.862,"0.3;0.166667;0.533333"
30.8454,8.33369,0.318232,"1;1.18995;1.65852;2.09649;2.50462;2.61768;3.0691;3.45004;3.72221;4.07549;4.39335;4.9402;5.4882;5.75855;6.53975;7.365;8.16068;9.07235;9.85569;10.8079;10.9994;11.8792;12.8678;13.6226;14.5459;15.1834;16.0378;16.838;17.7128;18.1516;18.7192;18.9644;19.7439;20.0389;20.003;19.9685;20.2834;20.3133;20.502;21","15;14.8569;14.278;13.5354;12.6783;11.9192;11.1404;10.6841;9.90792;9.36711;9.16613;8.44795;7.9824;7.63604;7.11443;6.7643;6.20269;5.86823;5.53009;5.31555;5.26294;5.43934;5.53781;5.97174;6.23438;6.29837;6.3929;6.84003;7.2188;7.56651;8.16285;8.39541;8.95179;9.84279;10.5565;11.5158;12.4244;13.1869;14.1514;15",11.0795,"0.3;0.2;0.5"
33.0545,5.67216,0.340053,"1;1.47613;1.67238;1.78719;2.10499;2.42971;2.85724;3.14208;3.36028;3.75976;3.93077;4.32272;4.75591;5.18227;5.86152;6.44107;7.08069;7.68839;8.00428;8.81859;9.46853;10.0753;10.8274;11.3607;11.9564;12.8704;13.717;14.5548;15.0291;15.5647;16.3482;17.0656;17.5185;17.8463;18.3882;18.9537;19.2737;19.4275;19.5337;19.6129;19.6328;19.6887;20.3002;20.5559;20.7765;20.9406;21","15;14.6533;14.2544;13.9432;13.0696;12.2446;11.5576;10.7586;9.9715;9.14792;8.60386;8.06405;7.3353;6.61635;6.23296;5.96673;5.55852;5.15135;4.94556;4.81733;4.617;4.48048;4.37611;4.26721;4.18669;4.18506;4.31875;4.40353;4.37207;4.51354;4.89004;5.31687;5.69947;6.26997;6.88601;7.53251;8.0594;8.90441;9.82;10.7938;11.054;11.5471;12.203;12.7593;13.058;14.0097;15",11.3985,"0.3;0.233333;0.466667"
32.9358,6.35753,0.339581,"1;1.32725;1.85059;2.11196;2.58926;2.9168;2.86033;3.07525;3.13748;3.45923;3.81025;4.00484;4.60811;4.81252;5.47545;5.67936;6.18039;7.08327;7.58176;8.46574;9.33898;10.0481;10.7937;11.6231;12.587;13.3506;13.956;14.8514;15.4976;15.7518;16.4147;17.0318;17.77;18.4894;19.0623;19.8389;20.3483;20.718;21.1955;21.9392;22.1833;22.0293;21.3191;21","15;14.7546;13.9717;13.1656;12.4484;11.6223;11.4495;10.5246;10.1917;9.57152;8.7676;8.51245;7.81956;7.73879;7.01534;6.80477;6.39239;5.9721;5.59815;5.46826;5.39641;4.97207;4.75395;4.57105;4.74863;4.92991;5.15821;5.46492;5.66726;5.97068;6.38527;6.90051;7.42206;8.00211;8.5198;9.07372;9.69774;10.573;11.4088;12.0287;12.9513;13.9059;14.42;15",11.7232,"0.3;0.266667;0.433333"
32.7175,7.10617,0.339584,"1;1.40695;1.9961;2.26912;2.56455;2.6321;3.14953;3.37181;3.55202;3.67491;3.89773;3.92343;4.54399;5.19285;5.70193;6.4552;6.94119;7.7395;8.31248;9.07913;9.41774;10.3347;11.1601;12.0597;12.7179;13.2381;14.0475;14.67;15.4343;16.0377;16.5222;17.4;17.6126;17.6104;17.9177;18.113;18.3539;18.5979;19.4106;19.9273;20.0894;20.7603;21.1774;21","15;14.9592;14.3357;13.6247;12.7879;12.3343;11.6404;10.6716;10.0032;9.49981;8.63965;7.8202;7.23537;6.61339;6.07519;5.84334;5.58961;5.24598;4.85422;4.65184;4.54972;4.2409;4.28276;4.51664;4.50796;4.47436;4.93979;5.54768;6.11144;6.63134;7.30892;7.65545;7.76065;8.65964;9.22154;9.61463;10.4136;11.3148;11.867;12.7221;13.0549;13.5318;14.0215;15",12.0829,"0.3;0.3;0.4"
35.0687,4.89478,0.360839,"1;1.71014;2.16382;2.29272;2.3861;2.459;2.63012;2.84464;3.33231;3.65078;3.82524;3.91501;4.07187;4.33073;4.51957;4.96451;5.76022;6.34036;7.25411;7.82229;8.72127;9.53248;10.4338;10.7961;11.7861;12.3174;13.2649;13.7751;14.3083;15.1233;15.6897;16.4772;16.8653;17.402;17.7519;18.4283;18.7947;19.0862;19.3899;19.8044;20.1271;20.4041;20.5988;21.0864;21.1552;21.243;21.0922;21.4365;21","15;14.3723;13.6353;12.9161;12.4347;11.891;11.1586;10.6192;9.84238;8.97929;8.7174;7.95894;7.65189;6.80531;6.26329;5.51963;5.07627;4.71059;4.5487;4.16658;4.04948;3.84063;3.90443;3.86379;3.88838;3.89053;3.8612;4.15208;3.98235;3.98117;3.93741;4.50635;5.05409;5.43967;5.66954;6.14659;6.5142;7.0159;7.78338;8.6043;9.49953;10.4411;11.3344;11.8639;12.1701;13.0137;13.7183;14.3357;15",12.2845,"0.3;0.333333;0.366667"
33.9952,5.347,0.353904,"1;1.3133;1.86404;2.07029;2.21732;2.46155;2.55142;2.69552;2.94679;3.37864;3.69112;3.97778;4.5196;4.98376;5.48707;6.07951;6.49073;7.25689;7.86096;8.25963;8.90738;9.43953;10.3384;11.0123;11.5354;12.4519;13.1819;13.9807;14.7964;15.1626;16.0739;16.6837;17.2208;17.7098;18.1927;18.6013;18.9955;19.4559;19.9886;20.0776;20.276;20.3373;20.3731;20.4907;20.0541;20.8069;21","15;14.7994;14.167;13.2918;12.4437;11.534;11.2262;10.4539;9.96641;9.22655;8.48375;7.62774;7.12228;6.47825;6.16938;5.82487;5.43297;4.87801;4.4717;4.10848;4.0588;3.81883;3.58896;3.5086;3.42285;3.66411;4.04359;4.47979;4.89736;5.00257;5.37337;5.67225;6.14625;6.72498;7.23443;7.74687;8.50819;9.08916;9.86971;10.1794;10.9681;11.8145;12.6952;13.6378;14.5248;14.9949;15",12.2771,"0.3;0.366667;0.333333"
25.4395,4.49225,10.342,"1;1.67128;2.28805;2.91575;3.28053;4.02393;4.43074;5.02494;5.74467;5.93538;6.66354;6.81419;7.62526;7.93461;8.64347;8.86084;9.74734;10.593;11.4254;12.2813;12.3566;13.286;13.8981;14.8607;15.7793;16.142;16.9468;17.1008;17.8027;18.2576;19.1766;19.3705;19.8129;20.0225;20.4507;21","15;15.5294;16.0192;16.6958;17.1491;17.5943;17.8916;18.4952;19.1847;19.6242;20.0546;20.2418;20.5611;20.6623;21.1623;21.2404;21.3802;21.647;21.4739;21.375;21.3654;21.1262;20.6338;20.3978;20.0703;19.75;19.4528;19.2958;18.8101;17.986;17.6135;17.0213;16.3539;15.7;14.8913;15",12.5313,"0.3;0.4;0.3"
24.9658,5.25122,10.1881,"1;1.85532;2.36837;2.76342;3.00297;3.40907;3.81648;4.40304;5.08162;5.58868;6.36556;7.11606;8.00123;8.61095;9.43252;10.0659;10.9934;11.7147;12.2701;13.1119;13.6178;14.446;14.8634;15.5836;16.2318;16.9915;17.6317;17.8637;18.336;18.5247;19.3229;19.6754;20.2695;20.777;21","15;15.5181;16.0464;16.9113;17.3871;17.8445;18.6803;19.4403;19.6546;19.8223;20.208;20.3408;20.3917;20.578;20.8921;20.945;20.8287;20.3622;20.2371;20.2075;20.2787;20.4303;20.2378;19.702;19.4057;19.0924;18.5558;18.0546;17.2686;17.0897;16.6263;16.0821;15.7756;15.3391;15",12.4821,"0.3;0.433333;0.266667"
25.4165,4.07134,10.4768,"1;1.54564;2.06877;2.58526;2.96903;3.29104;3.60816;4.30424;4.74409;4.88279;5.64638;6.28754;6.95354;7.6086;8.29588;9.10876;9.63397;10.5313;11.2804;11.9697;12.606;13.4209;14.1453;14.2214;14.9737;15.7898;16.4963;16.8755;17.5947;17.6733;18.2607;18.7667;19.2671;19.7784;20.1029;20.3009;21","15;15.3701;15.6989;16.2057;16.7151;17.1036;17.631;18.2311;18.9409;19.098;19.6599;20.1991;20.6672;21.0047;21.2109;21.2735;21.4172;21.5519;21.6545;21.7092;21.6314;21.6;21.0747;20.8741;20.2573;19.7796;19.6119;19.5796;18.9343;18.609;17.9271;17.705;17.0704;16.5616;16.0539;15.4976;15",11.9695,"0.3;0.466667;0.233333"
26.6578,3.07073,11.5032,"1;1.68542;2.19788;2.38878;2.77822;2.8779;3.30184;3.97461;4.76085;5.64047;6.4416;7.19515;7.79112;8.31823;8.81271;9.5436;10.09;10.9779;11.8245;12.4208;13.3836;14.0939;14.8082;15.3887;16.2025;16.7356;17.0399;17.8583;18.5468;19.1025;19.3935;20.0603;20.6264;20.8193;21","15;15.5661;16.3643;16.7688;17.6806;18.0923;18.6994;19.4381;19.9646;20.3621;20.703;21.3246;21.6567;21.841;22.3388;22.2763;22.2206;21.8817;21.8614;21.8375;21.9515;21.6664;21.2988;21.043;20.6193;20.3112;20.1338;19.6879;19.0555;18.3276;17.9705;17.3094;16.8;15.8305;15",11.8333,"0.3;0.5;0.2"
26.7186,2.95008,11.3521,"1;1.72324;2.17348;2.52746;3.03917;3.10384;3.53874;4.23794;4.59208;5.06921;5.4773;5.78383;6.51718;6.9436;7.79003;8.6711;9.50365;10.4843;11.4529;12.2906;13.2408;13.6559;14.4191;14.8857;15.6192;16.136;16.6811;17.2944;17.7163;18.3039;18.9919;19.261;19.9739;20.3394;20.7222;21","15;15.2022;15.8401;16.7488;17.5332;17.7684;18.4939;19.0581;19.3239;20.0682;20.4107;20.7971;21.4118;21.6117;22.061;22.2447;22.3256;22.2537;22.1977;22.3473;22.0878;22.1206;21.911;21.4952;20.9896;20.8384;20.4635;19.9253;19.1173;18.5419;17.948;17.7216;17.0303;16.5944;15.6705;15",11.481,"0.3;0.533333;0.166667"
27.1165,3.22184,11.2407,"1;1.55735;2.24592;2.59949;3.22544;3.43748;3.94665;4.21359;4.69164;5.3783;5.99584;6.70393;7.2638;8.14955;8.72004;8.99748;9.80144;10.5654;11.1129;11.9736;12.8861;13.621;14.3562;14.5037;15.2296;15.5356;15.77;16.6641;17.2473;17.7964;18.1641;18.5295;18.7203;18.8022;19.5146;20.2925;20.5714;20.9684;21","15;15.3712;15.7189;16.3285;17.0754;17.3909;17.9451;18.4295;18.8411;19.5313;20.1167;20.7137;21.0354;21.4145;22.002;22.4209;22.2817;22.2036;22.2613;22.0326;22.3155;22.394;22.3355;22.2785;21.8349;21.7282;21.6939;21.316;20.5395;19.8827;19.3161;18.5573;17.8335;17.1359;16.4702;16.0664;15.3882;14.9698;15",11.4594,"0.3;0.566667;0.133333"
27.9982,2.7767,11.9325,"1;1.60751;2.3328;2.6366;2.95975;3.42202;3.48048;3.96598;4.19392;4.95616;5.27272;5.85448;6.47641;7.21351;7.99174;8.34284;9.10073;9.62488;10.4366;11.1014;11.7375;12.3817;12.9319;13.6812;14.428;15.2472;15.623;16.373;16.4019;17.2315;17.7171;18.6374;19.161;19.3915;19.7869;20.2246;20.5932;20.8701;21.4617;21","15;15.3864;15.9787;16.4579;17.3888;17.9932;18.3659;19.0714;19.5285;19.9403;20.5418;21.0606;21.5618;22.1511;22.3115;22.3209;22.5938;22.6729;22.5546;22.6842;22.4397;22.2972;22.1256;22.1377;21.7839;21.5812;21.0525;20.6042;20.1656;20.0818;19.4846;19.1547;18.8477;18.4743;17.8604;17.3258;16.8401;16.5518;15.7939;15",11.2587,"0.3;0.6;0.1"
25.9287,3.4317,10.8855,"1;1.42414;2.18554;2.54334;2.88646;3.47444;3.89573;4.25362;4.96455;5.56333;6.24221;7.06095;7.23703;8.04379;8.94185;9.18688;10.0187;10.6456;11.2956;11.6172;11.9115;12.7169;13.6112;14.3023;14.8961;15.6321;16.2497;16.8563;17.3137;17.8509;18.473;18.7467;19.2045;19.6001;20.2873;20.6256;21","15;15.3898;15.7759;16.6513;17.0563;17.7135;18.1904;18.7488;19.4335;19.857;20.583;21.1484;21.2706;21.4405;21.7681;21.8945;22.169;21.9858;21.765;21.721;21.6658;21.6241;21.6052;21.4455;21.1811;21.0752;20.587;20.1009;19.5484;18.8504;18.1824;17.8414;17.4448;16.8427;16.3665;15.7944;15",10.6777,"0.3;0.633333;0.0666667"
26.7331,3.12712,11.1703,"1;1.12507;2.0742;2.39999;2.58336;2.96926;3.43395;3.47854;3.63454;4.26135;4.90558;5.50552;6.36803;6.73994;7.46237;8.43747;8.9203;9.53133;10.4423;11.1376;12.0232;12.7491;13.6246;14.2382;15.0559;15.763;16.2779;16.9641;17.1438;17.628;18.014;18.6038;19.2785;19.5417;20.1235;20.8888;21","15;15.0986;15.4054;16.0396;16.6674;17.3987;18.2035;18.3181;18.7037;19.4674;20.1347;20.8814;21.0423;21.4464;21.63;21.7837;21.9093;22.1258;22.2338;21.9905;21.9573;22.1351;22.0642;21.8446;21.4702;21.113;20.5055;19.8627;19.7085;19.1648;18.5896;17.8939;17.2445;16.8176;16.2982;15.7542;15",10.477,"0.3;0.666667;0.0333333"
27.957,2.6412,12.0996,"1;1.54159;1.95858;2.28985;2.34917;2.84002;3.28958;3.98564;4.85223;5.39453;5.47582;5.86923;6.44989;6.85044;7.21349;7.78499;8.47657;8.99919;9.73195;10.516;11.3797;12.2168;13.1608;13.5937;14.4979;14.8569;15.6219;16.284;16.5858;17.3309;17.8552;18.2544;18.5066;18.7985;19.1744;19.7802;20.1904;20.6193;20.6829;21","15;15.3603;15.7524;16.616;16.9492;17.7314;18.3746;18.8719;19.0419;19.848;19.9613;20.3958;20.8357;21.4192;21.76;22.2155;22.437;22.6621;22.9068;22.9707;23.2496;23.433;23.3666;23.0991;22.7577;22.5892;22.5252;22.045;21.6871;21.0957;20.3591;19.8027;19.2556;18.7683;18.4287;17.6778;16.9859;16.1069;15.4743;15",10.2359,"0.3;0.7;0"
20.5302,56.2139,0.28708,"1;1.75667;2.65153;3.46365;4.38526;5.3033;6.22803;6.80506;7.5481;8.12575;8.92022;9.79509;10.7423;10.8877;11.7378;12.5102;13.2505;13.9838;14.5471;15.1606;16.1047;16.8575;17.7102;18.6096;18.8621;19.6043;20.353;21","15;15.0402;15.0005;14.8947;14.8153;14.8443;14.9828;15.0262;14.7847;14.7815;14.5271;14.3313;14.1504;14.1976;14.2974;14.4647;14.3223;14.1138;13.9239;13.7291;13.8661;14.0286;14.0349;14.0664;14.0795;14.3322;14.5149;15",7.03478,"0.333333;0;0.666667"
20.2547,46.8207,0.480429,"1;1.37642;2.2626;3.06616;3.87045;4.74567;5.5414;6.36021;6.77997;7.77208;8.25094;8.81958;9.37309;10.1067;10.6288;11.4945;12.1741;12.7272;13.7173;14.3522;15.2353;16.1811;16.8702;17.8542;18.6938;19.5453;20.4779;21","15;14.9936;14.9196;14.8525;14.8814;14.7908;14.902;14.8583;15.0322;15.0456;15.0843;15.1788;15.307;15.4689;15.4495;15.4963;15.3368;15.4673;15.3274;15.4461;15.0727;14.9923;14.9211;14.9148;14.8228;14.977;14.9773;15",8.61651,"0.333333;0.0333333;0.633333"
20.9758,39.4339,1.31404,"1;1.34769;2.3235;3.0243;3.9006;4.49059;5.0957;5.46529;6.29488;7.03705;7.94287;8.75959;9.21576;10.2097;10.7278;11.2135;11.9004;12.8291;13.4478;14.3397;15.0987;15.5401;16.1137;16.8926;17.8554;18.754;19.0634;20.0164;20.5269;21","15;15.0132;15.1951;15.3277;15.4302;15.4913;15.7066;15.7275;16.0536;15.9211;16.2375;16.2188;16.2173;16.1096;16.0235;16.1046;15.9611;15.8455;15.6769;15.552;15.3711;15.332;15.2186;15.0897;14.8438;14.4166;14.4125;14.7058;15.3899;15",10.4093,"0.333333;0.0666667;0.6"
26.8916,22.8896,0.291978,"1;1.41217;1.86403;2.33051;2.4722;2.86569;3.34983;3.98786;4.307;4.76122;5.41782;5.72716;6.23119;6.64192;7.03308;7.73706;8.43444;8.93876;9.39557;10.3663;10.8361;11.7194;12.4699;13.3637;14.2998;14.9527;15.9053;16.478;17.1258;17.4651;17.6601;18.146;18.9194;18.9239;19.2653;19.9094;20.2001;20.2257;20.4135;21","15;14.5225;14.0475;13.4191;13.0506;12.3746;11.5836;10.9851;10.7045;10.3069;9.72172;9.49407;8.84334;8.56306;8.31607;7.95953;7.81531;7.64848;7.54873;7.43127;7.54373;7.93191;8.17652;8.43581;8.74941;9.26121;9.45989;10.0115;10.5706;11.1011;11.2959;11.9019;12.5202;12.6399;12.9763;13.58;14.4591;15.2475;15.1834;15",11.4183,"0.333333;0.1;0.566667"
29.379,10.495,0.303147,"1;1.33237;1.67011;2.15837;2.36919;2.62386;2.72934;2.88707;3.30988;3.74037;4.0157;4.61283;5.21898;5.87262;6.58583;7.29456;7.96955;8.80289;9.60934;10.5629;10.7103;11.5499;12.0845;13.0771;13.516;14.4288;15.0238;15.6795;16.0111;16.8276;17.3107;17.7528;18.4129;18.8182;18.9112;19.2384;19.757;20.0959;20.3069;20.7063;21","15;14.5675;14.1168;13.2455;12.8336;12.3026;11.4012;11.2842;10.583;9.99589;9.494;8.86068;8.16243;7.51061;7.0381;6.63994;6.15142;6.02525;5.96168;5.94031;6.06635;6.12727;6.29331;6.20622;6.48159;6.7205;7.09037;7.27432;7.37808;7.78488;8.44015;9.22172;9.7201;10.49;11.1875;12.011;12.8241;13.3312;13.8533;14.5145;15",11.354,"0.333333;0.133333;0.533333"
30.1906,12.1309,0.310503,"1;0.830286;1.48632;2.0095;2.419;3.01595;3.48273;3.65338;3.92741;4.10153;4.49522;4.6521;5.09936;5.28805;5.77208;6.73947;7.17069;7.86824;8.32159;9.11394;9.76358;10.3061;10.5679;11.3182;12.138;12.5087;13.3821;14.3512;14.373;14.583;15.4276;15.9807;16.4057;16.7146;17.0661;17.6508;18.0138;18.4315;18.924;19.3824;20.0594;20.4886;20.675;21.0068;21","15;14.54;13.8566;13.5113;13.0835;12.449;11.783;11.1931;10.3033;9.93745;9.14275;8.26323;7.81937;7.19565;6.80712;6.66971;6.68476;6.10844;5.79361;6.05723;5.91933;5.97964;6.03208;6.2477;6.11834;6.38455;6.5103;6.61749;6.89799;7.10854;7.52398;8.03953;8.37793;8.73269;9.14345;9.75768;9.98583;10.5628;11.4301;12.1262;12.6832;13.0814;13.7999;14.6924;15",12.2406,"0.333333;0.166667;0.5"
31.3633,8.04006,0.330488,"1;1.24665;2.00162;2.68439;2.90287;2.9961;3.38355;3.5446;3.83289;3.96269;4.36492;4.73036;5.32793;5.97667;6.27505;6.80273;7.17711;7.81443;8.53721;8.86276;9.54068;10.2934;10.5569;11.4738;11.9932;12.789;13.4949;14.2645;15.027;15.664;16.1455;16.7504;17.2484;17.7601;17.8481;18.1995;18.8176;19.1378;19.2774;19.6654;19.9229;19.9757;20.4754;20.7515;21","15;15.069;14.7872;14.3134;13.6911;13.0892;12.1754;11.7857;10.9148;10.046;9.15826;8.45677;8.01757;7.52331;7.05227;6.40074;6.08186;5.87653;5.36626;5.12161;4.95621;4.77671;4.63624;4.65156;4.75572;4.91462;5.21406;5.57142;6.03407;6.43709;6.93646;7.02683;7.49517;8.11233;8.24218;9.03747;9.72377;10.3599;10.6673;11.3133;11.966;12.5954;13.2404;14.0735;15",12.2166,"0.333333;0.2;0.466667"
30.8995,8.18649,0.318645,"1;1.31168;1.86926;2.03049;2.04712;2.20692;2.43166;2.58523;2.82433;3.20841;3.85324;4.26859;4.95861;5.65474;6.52361;6.75669;7.4746;8.39345;9.35188;9.62797;10.3832;11.3049;11.7954;12.6211;12.9956;13.7602;14.462;15.0304;15.7632;16.2263;16.8288;17.1903;17.4624;17.9649;18.5925;19.1993;19.3606;20.009;20.3846;20.7682;20.7656;20.5884;20.8348;21","15;14.7163;13.9017;13.0812;12.7725;12.1808;11.3965;10.8992;9.94374;9.60751;8.86369;8.32345;7.82916;7.11124;6.6162;6.39719;5.80154;5.66332;5.60724;5.69303;5.30006;5.07574;5.27821;5.47248;5.64589;5.9518;6.60751;6.73718;7.03931;7.20806;7.6348;7.83983;8.01409;8.774;9.39182;10.1206;10.581;11.2653;12.1213;12.6046;13.1364;13.8667;14.818;15",12.3481,"0.333333;0.233333;0.433333"
33.4834,6.53642,0.361958,"1;1.71678;2.21971;2.5011;2.67843;2.72659;2.78657;2.99828;3.31906;3.78189;4.00725;4.40453;4.83088;5.31679;5.75058;6.57544;7.3857;7.95313;8.56171;9.01604;9.51306;10.472;11.1536;11.4815;11.9755;12.7636;13.5396;14.1625;14.949;15.3713;15.7367;16.3381;17.1479;17.364;17.9756;18.162;18.4536;18.778;18.9104;19.2412;19.5147;19.6983;19.7227;19.8314;19.6876;19.8712;20.6097;21","15;14.5916;14.288;13.9038;13.1917;12.7455;11.8656;10.9999;10.1602;9.53172;8.6175;7.7966;7.26161;6.3876;6.07073;5.75373;5.29703;5.0398;4.65532;4.48548;3.95991;3.96892;3.94447;3.8662;4.17332;4.52531;4.93811;5.32318;5.73453;6.01065;6.33792;6.60296;7.02134;7.06683;7.64394;7.97641;8.56459;9.3313;9.73976;10.4413;10.9789;11.8825;12.5743;13.0528;13.9406;14.9236;15.2693;15",13.0489,"0.333333;0.266667;0.4"
24.3997,5.27991,9.65051,"1;1.90128;2.5763;2.94957;3.42034;4.04411;4.69831;5.1886;5.84314;6.38715;6.95568;7.50101;8.10588;9.02846;9.55147;10.2756;10.6474;11.4906;12.0181;12.8143;13.0715;14.0566;14.8263;15.428;16.1404;16.9146;17.4873;18.1254;18.4118;18.6177;19.2346;19.6805;20.4075;21","15;15.4332;15.8457;16.0678;16.3981;17.0121;17.6492;18.1852;18.9116;19.2641;19.7347;20.1361;20.4287;20.6937;20.8394;21.1164;21.1281;20.9659;20.8788;20.7862;20.7013;20.6293;20.5113;20.2417;19.6497;19.3663;19.0434;18.47;17.9371;17.4307;16.6572;16.2678;15.6056;15",13.2557,"0.333333;0.3;0.366667"
31.9856,7.04695,0.328676,"1;1.56324;1.77171;1.85167;2.10183;2.61669;3.18112;3.25731;3.59825;3.63961;3.64803;4.04629;4.55688;5.21824;5.55764;6.41378;7.19949;8.03625;8.81821;9.54234;10.107;11.0044;11.8199;12.2382;12.83;13.5959;14.4081;15.3604;16.215;16.9212;17.6303;18.0201;18.4135;18.959;19.4409;19.7947;20.3721;20.4847;20.6611;20.789;21","15;14.2955;13.8688;13.0241;12.3246;11.7132;11.0682;10.641;10.0538;9.18366;8.2358;7.89072;7.24008;7.02361;6.13462;5.62019;5.38515;5.44138;5.07804;4.89909;4.87036;4.83961;5.21866;5.3834;5.45686;5.72989;6.05006;6.15575;6.5629;7.03467;7.47223;7.78595;8.65318;9.33554;10.1297;11.0412;11.6614;12.235;13.1955;14.1283;15",13.1204,"0.333333;0.333333;0.333333"
24.18,6.11488,9.29722,"1;1.73201;2.25147;2.79215;3.32798;4.2429;4.36453;4.92497;5.48611;5.87909;6.27643;6.57789;7.40886;8.1735;8.77264;9.15582;9.52664;10.4246;11.3203;11.8612;12.5118;13.3523;13.9958;14.7749;15.0435;15.8177;16.1854;16.7743;17.4861;18.0463;18.4658;19.0948;19.5688;20.0109;20.8237;21","15;15.5167;15.7082;16.2841;16.5443;16.9212;17.205;18.0211;18.7217;19.0383;19.366;19.5774;20.1023;20.3661;20.8292;20.8963;20.9397;20.9173;20.9656;20.7835;20.6203;20.3143;20.0704;19.6648;19.49;19.1715;18.984;18.6562;17.986;17.173;16.9316;16.1675;15.6529;15.5209;15.0898;15",13.0913,"0.333333;0.366667;0.3"
32.7654,5.65633,0.336795,"1;1.37637;1.59991;2.05751;2.25487;2.52155;2.72308;2.84123;3.10713;3.51961;4.17216;4.56307;5.04903;5.65637;5.94893;6.76254;7.26244;8.14458;8.99258;9.98876;10.424;11.1079;11.9278;12.8942;13.7058;14.6375;15.1011;15.9691;16.7055;17.0413;17.586;18.0536;18.4848;18.7932;19.3563;19.6026;19.9642;20.3967;20.6731;20.9166;20.9284;20.7945;21","15;14.6603;13.8814;13.0353;12.4619;11.5104;10.6374;10.1148;9.25585;8.52925;7.80548;7.17326;6.66084;5.95645;5.73656;5.38296;5.11285;4.82152;4.4978;4.41041;4.41702;4.48619;4.35866;4.53573;4.61261;4.62798;4.91941;5.30419;5.74404;6.47005;6.67868;7.26159;8.12257;8.68074;9.46841;10.3712;11.1403;11.6617;12.0111;12.9678;13.7352;14.4307;15",13.2741,"0.333333;0.4;0.266667"
25.1659,4.93166,9.96641,"1;1.82291;2.27509;2.89833;3.22092;3.38603;3.76542;4.23823;4.59496;5.16738;5.97776;6.55269;7.35712;8.03714;8.70332;9.58994;10.1265;10.724;11.7172;12.2109;13.0844;13.7942;14.5363;14.945;15.3983;16.0213;16.5998;17.2453;17.5896;18.3288;18.6156;19.3407;20.2213;21","15;15.3347;16.168;16.8134;17.6266;18.215;18.9565;19.3428;19.6198;19.8651;20.2791;20.5392;20.5767;20.7901;21.0195;21.1419;21.2888;21.3343;21.3192;21.2527;20.9492;20.8254;20.5563;20.0552;19.6464;18.9131;18.4254;17.8287;17.5037;16.8872;16.3273;15.7305;15.4745;15",12.8512,"0.333333;0.433333;0.233333"
25.5769,3.99015,10.4007,"1;1.31975;1.81497;2.52629;2.78754;3.28614;3.53903;3.95293;4.65949;5.44506;5.87361;6.46879;7.33761;8.21573;8.40899;9.2897;9.92135;10.8057;11.716;12.0479;12.7031;13.5008;14.1769;14.989;15.4115;16.1325;16.6477;17.1347;17.5403;17.6774;18.2407;18.8992;18.9472;19.5851;20.3636;21","15;15.1814;15.5795;16.0849;16.4929;17.3319;17.7751;18.4239;19.0902;19.5896;19.69;20.4511;20.8343;21.0859;21.2942;21.6054;21.7448;21.9072;21.5664;21.615;21.7733;21.4299;21.1384;20.6086;20.2947;19.8696;19.6172;19.2076;18.6584;18.4295;17.8515;17.115;16.6252;15.9527;15.611;15",12.4678,"0.333333;0.466667;0.2"
25.1685,4.78166,10.3574,"1;1.49096;2.07608;2.68382;3.23427;3.95768;4.55611;4.91968;5.30837;5.75757;6.53359;7.25419;7.95622;8.55673;9.19936;9.92838;10.5448;10.9608;11.721;12.4798;12.9459;13.5951;14.1086;14.977;15.2;16.1009;16.8387;17.2724;17.6529;18.2637;19.0457;19.471;20.1259;20.6455;20.925;21","15;15.3969;15.7016;16.0923;16.4432;16.9044;17.5266;17.8535;18.6762;19.0231;19.5264;20.0396;20.3334;20.465;20.8201;20.9377;20.9667;21.2245;21.3067;21.0322;20.9219;20.7286;20.7615;20.7353;20.7345;20.5289;20.2491;19.995;19.507;18.8683;18.39;17.711;17.2485;16.5343;15.8792;15",12.5065,"0.333333;0.5;0.166667"
26.265,3.49379,10.9902,"1;1.79987;2.54113;3.17189;3.50406;4.07245;4.08215;4.82718;5.20217;5.58072;5.82668;6.34424;7.08314;7.84299;8.71565;9.2836;9.95194;10.7662;11.6531;12.1392;12.9112;13.8574;14.3453;15.1612;16.1481;16.9607;17.7151;18.1494;18.6941;19.1142;19.4886;19.7727;19.8268;20.1325;20.4567;21.0275;21","15;15.6002;16.0962;16.6915;17.2745;17.7065;17.8788;18.4921;18.9261;19.7445;19.9857;20.6561;21.2931;21.4419;21.7123;21.7859;21.8466;22.009;21.8396;21.6664;21.6422;21.392;20.9996;20.8041;20.7842;20.4534;19.9322;19.4139;19.1557;18.7562;18.252;17.3804;17.0022;16.3962;16.0026;15.2082;15",12.0837,"0.333333;0.533333;0.133333"
26.5329,3.19501,11.2332,"1;1.66075;2.26741;2.86998;3.27859;3.59101;3.76361;4.21933;4.63436;5.15742;5.8068;6.29982;6.95377;7.33151;8.04715;8.46906;8.90754;9.83643;10.7695;11.715;12.1265;13.0647;13.9598;14.6369;15.2362;15.6624;16.0252;16.9345;17.5144;18.2878;18.5021;18.9224;19.4898;19.6414;20.0203;20.2855;20.5322;20.9319;21","15;15.2831;15.9615;16.4016;17.2249;17.9414;18.6058;19.3486;19.6769;20.1387;20.5876;20.9665;21.2147;21.2848;21.5133;21.3722;21.3813;21.4727;21.5969;21.7196;21.8073;21.7575;21.4234;21.2634;21.1003;21.0143;20.921;20.5784;20.0989;19.8767;19.552;19.1;18.6232;18.3604;17.7024;17.3205;16.4211;15.7642;15",11.7781,"0.333333;0.566667;0.1"
26.6508,3.36924,11.4687,"1;1.45024;1.64041;1.95187;2.44731;2.83781;3.17167;3.40175;3.80483;4.06764;4.82135;5.58305;5.80218;6.48297;6.95656;7.78608;8.16448;8.91291;9.8123;10.3421;11.2875;11.3522;12.2366;12.9223;13.6091;14.4897;15.2491;15.6564;15.8765;16.6611;17.1006;17.537;18.4393;18.9428;19.4306;19.9972;20.5676;21.0485;21","15;15.3692;15.7527;16.3363;16.9451;17.2473;17.8047;18.1122;18.8362;19.019;19.5709;19.8963;19.9596;20.0802;20.5442;20.8515;20.9971;21.513;21.6844;21.8057;21.8985;21.8984;22.0234;22.2985;22.3134;22.0741;21.9675;21.1128;20.8713;20.4193;19.8564;19.5636;19.1777;18.3711;17.6357;17.2645;16.4882;15.7171;15",11.6697,"0.333333;0.6;0.0666667"
26.7489,3.34619,11.203,"1;1.45127;1.85556;2.1176;2.89227;3.34773;3.91282;4.4204;4.92235;4.87738;5.34114;5.50351;6.16854;6.93928;7.81331;8.23058;8.78266;9.12193;10.0372;10.8073;11.0127;11.9788;12.7298;13.4882;14.0542;14.3035;14.5326;15.3172;15.9104;16.2814;16.859;17.4208;17.6241;18.2172;18.4488;19.0355;19.2272;19.7558;20.1497;20.7797;21","15;15.2869;15.6003;16.4153;16.8841;17.4146;17.8873;18.2113;18.8736;19.5926;19.9772;20.3726;21.0335;21.4939;21.5894;21.6398;21.9912;22.2263;22.3592;22.3857;22.381;22.3661;22.5265;22.2903;21.9079;21.6716;21.4482;21.0434;20.5114;20.2354;19.7661;19.3583;18.995;18.5228;18.3257;17.6171;17.2671;16.447;15.6347;15.0465;15",11.409,"0.333333;0.633333;0.0333333"
28.2002,2.6669,12.3368,"1;1.54657;1.64926;2.1017;2.48212;3.01665;3.42257;3.48751;4.30399;4.74904;5.21709;5.67842;6.13747;6.94936;7.41531;8.09129;8.89866;9.54905;10.3655;11.1291;11.979;12.7036;13.5337;14.4481;14.6236;15.5251;15.9394;16.572;17.3077;18.1049;18.6853;19.4434;19.6112;20.186;20.3589;20.6635;20.8754;20.8626;21","15;15.5606;15.7152;16.5063;17.0108;17.515;18.4289;18.639;19.1306;19.7205;20.169;20.5512;21.0976;21.4181;21.6869;21.8889;22.005;22.0526;22.4146;22.5239;22.4272;22.4534;22.2336;22.5256;22.7543;22.5486;22.318;21.7011;21.1075;20.676;20.6794;20.2036;19.5722;18.8157;17.9195;17.0365;16.4069;15.6843;15",11.178,"0.333333;0.666667;0"
20.3313,54.8553,0.304742,"1;1.99814;2.90667;3.72696;4.47564;5.45679;6.34012;7.22134;7.60427;8.25062;9.0812;10.0303;10.9029;11.7247;12.2502;12.7649;13.3354;14.2826;14.7602;15.6199;16.4861;17.476;18.2507;18.9559;19.8823;20.114;21","15;14.9391;14.7045;14.7556;14.7177;14.715;14.6221;14.6504;14.7873;14.8896;14.8075;14.7286;14.5227;14.3816;14.1293;14.3515;14.223;14.3013;14.3255;14.3409;14.5948;14.6964;14.7977;15.0137;15.0301;15.096;15",7.64784,"0.366667;0;0.633333"
20.6866,48.7941,0.571833,"1;1.9774;2.94188;3.94187;4.1146;5.03668;5.61316;5.82517;6.73921;7.23808;8.06888;8.73394;9.73329;10.4082;11.0488;11.5809;12.126;12.7924;13.577;14.5253;15.4316;16.2786;17.1044;17.8452;18.7132;18.9788;19.2266;20.1786;21","15;14.8019;14.9316;14.9354;14.9441;15.0224;15.0678;15.0001;14.9143;14.9245;14.972;14.9573;14.9932;14.9866;15.7504;15.6459;15.4255;15.4014;15.4366;15.4219;15.3457;15.2516;15.3139;15.1633;15.3472;15.3739;15.4089;15.5483;15",9.55468,"0.366667;0.0333333;0.6"
20.3847,46.6265,0.536182,"1;1.96112;2.48857;3.19142;4.17674;4.88943;5.7195;6.47338;7.41377;7.86053;8.44754;9.2658;9.97759;10.9419;11.5377;12.3124;13.2416;14.0572;14.8539;15.3847;16.361;17.2097;18.0756;18.4979;19.4008;20.1248;21","15;14.7239;14.6642;15.1259;15.0714;15.0611;15.1681;15.3544;15.2764;15.3222;15.2888;15.3799;15.2979;15.189;15.0965;15.2663;15.2751;15.2663;15.341;15.3903;15.1832;15.289;15.3128;15.2668;15.3666;15.0108;15",10.8867,"0.366667;0.0666667;0.566667"
27.5081,17.3219,0.286189,"1;1.60225;1.79613;2.19671;2.5052;2.84675;3.1516;3.69276;4.37142;4.94115;5.14056;5.51228;5.9901;6.86759;7.49493;8.27441;9.18101;9.78068;10.7259;11.3399;11.4925;12.3396;13.0032;13.7744;14.6033;15.4449;16.0437;16.3299;16.908;17.2006;17.5542;17.9531;18.0248;18.2913;18.6056;18.8232;19.261;19.6712;20.4089;21","15;14.4011;14.1935;13.5694;12.9466;12.1232;11.2969;10.6464;10.0321;9.5388;9.24932;8.59069;8.28331;8.10603;7.57553;7.33283;7.02827;7.14393;7.27647;7.35694;7.36007;7.48488;7.43282;7.45777;7.70861;7.98725;8.60362;8.92093;9.5408;10.0436;10.5033;10.9706;11.4101;11.7336;12.2374;12.8293;13.5067;13.784;14.4591;15",11.9711,"0.366667;0.1;0.533333"
29.2556,12.3382,0.301481,"1;1.60802;2.31368;2.65091;2.99076;3.49688;3.90445;4.42372;4.58129;5.3616;5.86516;6.61011;7.33642;8.02156;8.50725;9.14301;10.0983;10.7015;11.4586;12.1686;13.162;13.503;14.2534;15.0084;15.547;16.0037;16.6553;17.0273;17.7156;17.9179;18.5894;18.7993;19.3006;19.6764;20.1387;20.4931;20.4435;20.9669;20.9971;21","15;14.2061;13.5958;13.1386;12.6649;11.8952;11.0009;10.1707;10.0793;9.46674;9.0086;8.57958;7.96243;7.29808;7.05506;6.68449;6.47799;6.26263;5.88128;5.62097;5.6775;5.80013;6.26138;6.83952;7.01057;7.13423;7.5639;8.06366;8.18897;8.59076;9.28761;9.51343;10.3268;10.9204;11.6276;12.3921;13.1321;13.951;14.4175;15",12.5229,"0.366667;0.133333;0.5"
30.9675,9.03008,0.319488,"1;1.43763;1.94202;2.21716;2.72928;3.09305;3.7467;3.83908;4.48062;5.05289;5.72096;6.16037;6.93421;7.32194;7.83067;8.63091;9.33414;10.1384;10.4102;11.1733;11.4325;12.1901;13.1561;14.0754;14.6865;15.2365;15.887;16.1094;16.4429;17.0206;17.6584;18.0872;18.1096;18.3467;18.4867;18.7462;19.0545;19.7127;20.1349;20.5528;21.2276;21.3207;21","15;14.1766;13.5169;12.6012;11.8497;11.1352;10.4256;9.46661;8.73873;7.94997;7.49752;7.13847;6.87924;6.79067;6.70314;6.38678;6.20871;5.6981;5.44058;5.1836;5.09171;5.02503;5.05431;5.33988;5.65579;5.97507;6.49008;6.64376;7.01841;7.38313;7.72379;8.28587;8.64694;9.5155;10.1967;11.148;11.942;12.6515;13.2872;13.7741;14.4487;14.7328;15",13.0089,"0.366667;0.166667;0.466667"
31.016,9.86407,0.32171,"1;1.84466;2.00784;2.59729;3.00434;2.99018;3.22833;3.67757;4.00064;4.57256;4.90446;5.41819;6.07323;6.85685;7.05168;7.3952;8.08314;8.43326;9.19695;9.53766;10.3722;11.3477;12.2692;12.9438;13.2896;14.1722;14.5196;14.8494;15.7037;16.2722;16.736;17.134;17.7365;17.8316;18.0563;18.573;19.1955;19.656;19.9301;20.2606;20.5959;21.212;21.6016;21.5284;21.3205;21","15;14.4647;14.1405;13.7834;12.9053;12.1275;11.5017;10.6399;10.196;9.42527;9.0143;8.54373;8.06707;7.79176;7.70732;6.92158;6.20705;6.09256;5.94741;5.90529;5.84898;5.78581;5.71901;5.87489;5.64614;5.7958;5.82754;5.86298;6.30431;6.80276;7.32011;7.56609;8.05078;8.2905;9.0271;9.68596;10.3217;10.7236;11.1391;12.0824;12.9634;13.3839;13.5726;13.7867;14.6638;15",13.4848,"0.366667;0.2;0.433333"
30.4317,8.69826,0.314436,"1;1.47135;1.88171;2.1746;2.4377;2.66872;2.91321;2.96061;3.09056;3.20496;3.54528;4.16784;4.85427;5.55153;6.25234;6.67981;7.03651;7.84155;8.23999;9.05707;9.6403;10.5211;11.2929;12.1567;12.3561;13.3065;13.661;14.2823;14.8388;15.469;16.2188;16.6358;17.2645;17.7582;18.0124;18.6086;19.0933;19.54;19.6824;19.6433;19.6791;20.4558;20.673;21","15;14.5928;14.2088;13.5354;13.1347;12.5768;11.7932;11.1273;10.2737;9.96871;9.1302;8.49315;7.94942;7.36835;7.07709;6.69641;6.63221;6.20655;6.06058;5.92538;5.76602;5.46213;5.48557;5.56751;5.63101;5.76771;5.82024;6.17031;6.36559;6.58609;7.12777;7.39375;7.9338;8.53115;9.38615;9.84974;10.6023;11.1659;11.9916;12.8507;12.9202;13.5205;14.4837;15",13.3137,"0.366667;0.233333;0.4"
31.9509,6.97584,0.330232,"1;1.8305;2.36066;2.65636;3.13619;3.32092;3.79828;4.03276;4.42324;4.83797;5.05018;5.5481;6.18688;6.70553;7.14278;7.65078;8.46708;9.19769;10.1891;10.5823;11.4097;11.9636;12.6199;13.3286;14.0865;14.6061;15.3725;15.9426;16.5711;16.9677;17.8238;18.124;18.8428;19.3275;19.967;20.3909;20.5894;20.8131;20.892;20.8011;20.7409;20.6681;21","15;14.443;13.5951;12.6398;11.7785;11.3737;10.7711;9.83575;9.17603;8.46874;7.80302;7.2346;6.74629;6.08427;5.82122;5.3662;4.9641;4.86873;4.79465;4.67967;4.75269;4.65277;4.68451;4.81535;5.23523;5.77918;6.39214;6.40376;6.62392;6.85395;7.31531;8.08777;8.77207;9.16639;9.89724;10.7528;11.0801;11.8411;12.1571;13.1431;13.7954;14.4483;15",13.6966,"0.366667;0.266667;0.366667"
31.0146,7.36078,0.320261,"1;1.5416;1.9356;2.28719;2.46493;2.69517;3.12626;3.56446;4.09988;4.50003;4.99846;5.66532;6.42005;6.81089;7.49177;7.80692;8.27866;9.0253;9.41883;10.3108;11.0286;11.9744;12.2808;13.1924;13.8213;14.3558;15.1899;15.9284;16.3728;16.7511;17.3078;17.6406;18.1491;18.8279;19.5617;20.1364;20.5829;20.7677;20.9916;21.216;20.9589;21","15;14.6786;14.0032;13.1017;12.2021;11.4979;10.5956;9.69675;8.85217;8.2235;7.69423;7.24707;6.61162;6.30686;5.81766;5.73046;5.62864;5.31989;5.33602;5.15511;5.21756;5.2936;5.36449;5.47022;5.66216;5.80441;6.01432;6.57334;7.01695;7.291;7.50764;7.80578;8.63656;9.34941;9.95131;10.7332;11.427;12.3231;13.1948;13.6289;14.3686;15",13.687,"0.366667;0.3;0.333333"
24.4479,6.9432,9.61284,"1;1.60664;1.92345;2.66162;3.17209;3.64869;4.17506;4.72617;5.45754;5.84573;6.59982;7.43715;8.1154;8.53181;9.43506;9.89631;10.6302;10.9579;11.1357;12.1304;13.1004;14.0019;14.379;14.8714;15.7576;16.4325;17.3789;18.1867;18.3911;19.1033;19.9388;20.6494;21","15;15.4332;15.746;16.1175;16.4733;16.8984;17.4484;18.1641;18.8461;19.1769;19.6638;20.0748;20.5455;20.7701;21.1413;21.1017;20.6452;20.4477;20.2502;20.1576;20.0375;19.7407;19.3324;18.6878;18.6131;18.2951;18.0583;17.5257;16.6721;16.4967;16.0047;15.3674;15",14.1625,"0.366667;0.333333;0.3"
24.6275,6.14853,9.35988,"1;1.09881;1.97937;2.29093;3.02033;3.27427;3.88968;4.11643;4.36539;5.00499;5.72781;6.14915;6.23961;6.87299;7.64042;8.03099;8.78628;9.35148;10.2255;10.7079;11.1621;11.7921;12.6929;13.3603;14.0337;14.4437;14.9491;15.6829;16.4715;17.2302;17.6974;18.1756;18.2559;18.9593;19.4716;19.6767;20.1324;21","15;15.0226;15.2976;15.5583;15.9249;16.4926;17.1214;17.2539;17.398;17.7134;18.3476;19.1541;19.4171;19.6532;19.9881;20.1322;20.4866;20.6369;20.8078;20.7822;20.7473;20.7783;20.6328;20.517;20.3335;20.2202;19.8991;19.3507;19.0549;18.6028;18.243;17.679;17.0587;16.4458;15.8356;15.3122;14.9407;15",13.7805,"0.366667;0.366667;0.266667"
25.9394,3.74635,10.9479,"1;1.76952;2.26262;2.85947;3.35869;3.63614;4.45614;5.2129;5.79504;6.35203;6.93262;7.59325;8.19732;9.08471;9.73784;10.1092;10.8008;11.5617;12.2086;13.0136;13.5774;14.1779;15.0204;15.8877;16.5572;17.4318;18.1567;18.3756;18.7755;19.045;19.6709;20.0174;20.3319;20.5009;20.8969;21","15;15.6386;16.4218;17.0107;17.718;18.0033;18.4373;18.8357;19.3832;20.1222;20.5328;20.9272;21.2854;21.4887;21.5395;21.6278;21.76;21.9827;21.8917;21.3866;21.3014;21.0006;20.7564;20.6175;20.4828;20.1839;19.7495;19.1512;18.2925;17.5769;16.9162;16.7803;16.1282;15.5803;15.2801;15",13.5642,"0.366667;0.4;0.233333"
25.5039,4.44404,10.3165,"1;1.8856;2.13562;2.43082;3.08169;3.74787;4.20691;4.61566;5.09501;5.52414;6.22406;7.14953;7.7367;8.64266;9.30925;9.85961;10.386;10.9085;11.669;12.2335;13.1709;14.1402;14.962;15.5303;16.0701;16.4608;17.0071;17.3515;17.6077;17.9395;18.7693;19.5804;20.2307;20.634;21","15;15.4644;15.7905;16.2178;16.676;17.3862;18.0705;18.5356;19.229;19.8992;20.4492;20.5817;20.7417;20.9784;21.1675;21.3223;21.3494;21.4542;21.5883;21.5335;21.2205;21.3602;20.8743;20.4313;19.6365;19.2768;18.9445;18.0759;17.6896;17.2463;16.753;16.467;16.2157;15.6294;15",13.3405,"0.366667;0.433333;0.2"
24.8494,4.17676,10.2884,"1;1.77287;2.18507;2.55159;3.08286;3.75229;4.0555;4.6511;5.18044;5.65564;6.28377;6.64468;7.28228;8.0172;8.92996;9.80546;10.6237;11.4212;12.0621;12.778;13.0884;13.7885;14.6308;15.2953;15.5774;16.3835;16.7287;17.362;18.0251;18.5038;18.8771;19.5259;19.9335;20.5126;21","15;15.5544;15.992;16.4117;17.0319;17.5337;17.8427;18.5807;19.0004;19.531;20.0007;20.1195;20.4836;20.6814;21.0726;21.345;21.4854;21.5246;21.5659;21.2409;21.2434;21.027;20.8226;20.4654;20.3956;19.8935;19.6917;19.206;18.4612;17.9919;17.6388;16.909;16.2625;15.7398;15",12.7754,"0.366667;0.466667;0.166667"
25.9982,3.88385,10.5285,"1;1.35961;2.09779;2.59098;3.22656;3.80261;4.53873;4.99049;5.30551;5.68014;6.2128;6.89661;7.01996;7.57206;8.40472;9.33521;10.2166;10.6342;11.6271;12.5471;13.0666;13.6553;14.138;14.5538;15.2517;16.1691;16.8716;17.1305;17.6099;17.9826;18.6177;18.8461;19.4324;19.8418;20.2843;20.7059;21","15;14.9963;15.4375;15.8443;16.5989;17.3983;18.0329;18.7497;19.2129;19.7013;20.2668;20.8175;20.9465;21.4786;21.5996;21.6319;22.0008;21.8964;22.0152;21.8065;21.5319;21.6281;21.4135;20.7681;20.3172;20.0405;19.7301;19.6013;18.9593;18.5346;17.8711;17.4117;16.8104;15.9206;15.3572;15.0757;15",12.8784,"0.366667;0.5;0.133333"
25.9536,3.81287,10.9367,"1;1.3907;1.97691;2.47616;2.79445;3.59251;3.8126;4.24077;4.92633;5.30327;5.95018;6.48947;7.38108;8.20111;8.94171;9.33588;9.72587;10.6103;11.0744;11.8324;12.0727;12.9098;13.5605;14.3061;15.0861;15.6974;16.3996;17.2356;18.0134;18.3913;18.657;18.7467;19.3833;19.8857;20.3151;20.4386;21","15;15.2825;15.7417;16.2482;17.0783;17.6163;17.6271;18.3194;18.626;19.1023;19.6131;20.2858;20.6282;20.8679;21.1361;21.3771;22.0045;21.8553;21.8246;21.6891;21.6617;21.4697;21.306;21.2837;21.1079;20.8085;20.338;19.8347;19.4898;18.897;18.4066;18.0903;17.5508;16.978;16.2382;15.7298;15",12.6435,"0.366667;0.533333;0.1"
26.6179,3.20681,11.0517,"1;1.84267;2.0759;2.29861;2.52708;2.9226;3.54071;3.89829;4.4805;4.79578;5.36319;6.10721;6.65074;7.00302;7.57379;8.40752;8.81151;9.69701;10.6288;11.2746;12.1912;12.4996;13.3421;13.8522;14.7429;15.5083;15.9843;16.5273;17.1641;17.7837;18.1919;18.5224;19.1721;19.6328;20.2235;21","15;15.5384;15.8919;16.2377;16.607;17.3149;17.941;18.5718;19.1824;19.5537;20.0071;20.6501;21.2195;21.5638;22.176;22.2508;22.3768;22.7261;22.5786;22.636;22.6289;22.5974;22.2217;22.0511;21.6545;21.2411;20.5255;19.7898;19.2227;18.5431;18.085;17.4882;16.7703;16.1194;15.3233;15",12.3139,"0.366667;0.566667;0.0666667"
27.1543,3.02972,11.434,"1;1.14766;1.70772;2.14188;2.78201;3.44346;3.87182;4.1204;4.42954;4.76478;5.25812;5.88277;6.3123;6.94796;7.50939;8.05517;8.71976;9.33577;9.66425;10.6228;11.4176;12.3259;13.1075;13.6511;14.5092;14.9836;15.4935;16.158;16.5276;16.9921;17.3995;17.787;18.0614;18.7214;18.8035;19.1573;19.5881;20.1932;20.7695;21","15;15.0609;15.504;16.182;16.5446;17.235;17.7926;18.2575;18.831;19.2134;20.0368;20.8001;21.2937;21.5919;21.8889;22.1079;22.462;22.5993;22.6567;22.6419;22.7602;22.6067;22.6169;22.2966;21.9477;21.6008;21.3378;20.9544;21.0245;20.2467;19.4077;18.7264;18.4766;17.7518;17.624;17.531;16.7272;16.5499;15.857;15",12.1556,"0.366667;0.6;0.0333333"
27.2481,3.18277,11.8333,"1;1.5125;2.07053;2.67877;3.50851;3.87742;4.22775;4.65048;5.01026;5.60161;6.20654;6.81772;7.52999;8.27925;9.12567;9.9794;10.7108;11.332;11.8779;12.6438;13.5045;13.807;14.5655;15.1522;15.6637;16.1642;16.8043;17.6396;18.4629;18.9837;19.4876;20.1497;20.8207;20.6125;20.8237;21","15;15.8207;16.4367;17.065;17.5793;18.1375;18.6882;19.1457;19.4594;20.0558;20.5809;21.1436;21.5323;21.7756;22.193;22.6058;22.665;22.2811;22.5011;22.236;21.9546;21.8384;21.2978;21.0158;20.581;20.3408;19.9262;19.8616;19.5944;19.4075;18.7001;18.2931;17.6502;16.888;15.9569;15",12.0067,"0.366667;0.633333;0"
20.5776,58.3302,0.253504,"1;1.82147;2.44978;3.19863;3.51591;4.35858;5.11656;6.01691;6.88132;7.3498;8.26218;8.91156;9.46543;10.2165;10.8015;11.555;12.1185;12.5394;13.4818;14.3849;14.7967;15.4007;16.3785;17.2183;17.9117;18.6858;19.4246;20.177;21","15;14.9071;14.6425;14.6257;14.5985;14.3176;14.4386;14.5652;14.4417;14.3801;14.5317;14.4543;14.3658;14.2126;14.0749;13.7573;13.7171;13.7602;13.6537;13.6632;13.5993;13.8214;13.9051;13.941;13.8747;14.1781;14.2954;14.8422;15",8.38316,"0.4;0;0.6"
20.3836,44.8337,0.623127,"1;1.2057;2.13185;3.03123;3.99442;4.45595;5.0278;5.63423;6.35984;7.24153;7.90363;8.25549;8.9637;9.83832;10.7044;11.5817;12.4735;12.8764;13.818;14.5728;15.2022;15.65;16.5138;17.1447;17.5844;18.3941;19.3053;20.1502;21","15;15.1901;15.1931;15.1228;15.2818;15.3976;15.3519;15.2566;15.4235;15.3894;15.5396;15.5631;15.4911;15.5647;15.6751;15.7322;15.5853;15.5356;15.1998;14.9815;14.8521;14.8399;14.8594;14.8387;14.8558;14.7421;14.5301;14.7162;15",10.001,"0.4;0.0333333;0.566667"
20.5677,44.8342,0.749921,"1;1.47783;2.23307;2.5464;3.37082;3.96279;4.83993;5.08296;5.93491;6.58645;7.36325;7.68512;8.47182;9.33535;10.0124;10.8545;11.6924;12.5196;13.3296;14.2745;14.7992;15.5063;16.2645;17.0388;17.9541;18.6247;19.4355;20.355;21","15;14.9122;14.9777;15.0022;14.9101;15.134;15.3862;15.4794;15.7505;15.9924;15.9533;15.8502;15.7491;15.6739;15.6475;15.6866;15.7097;15.4213;15.2239;15.0925;14.8698;14.3918;14.356;14.3879;14.6379;14.6338;14.7702;14.9761;15",11.616,"0.4;0.0666667;0.533333"
27.8962,17.1247,0.289021,"1;1.45133;1.97222;2.34306;2.5356;2.79791;3.0435;3.46954;3.85075;4.10118;4.81213;5.42865;5.90586;6.53679;7.25719;8.02688;8.58983;9.4198;9.94974;10.6105;11.2591;12.0698;12.9598;13.9214;14.7814;15.3895;15.4225;16.1583;16.7742;17.4332;17.9388;18.4729;18.9572;19.5178;19.9503;20.5176;20.9021;21.3275;21","15;14.583;13.9717;13.5108;12.996;12.563;11.6351;11.1521;10.3585;9.94766;9.46301;8.8171;8.06503;7.76294;7.3758;7.24152;6.85498;6.87943;6.80548;6.9409;6.99052;7.4648;7.82416;7.88244;8.20345;8.64064;8.66572;9.33981;9.8548;10.3369;10.6466;11.3567;11.8215;12.474;12.9117;13.644;13.9209;14.3444;15",13.0155,"0.4;0.1;0.5"
28.4105,14.0041,0.294806,"1;1.26059;1.79116;2.39486;2.69456;3.21257;3.71955;4.17061;4.43954;4.85202;5.36142;5.62277;5.88122;6.61062;7.09559;7.7984;8.6673;9.17051;9.78028;10.4718;11.4466;12.4205;13.0229;13.72;14.1778;14.4274;15.0982;15.3642;15.7249;16.3733;17.1531;17.5468;18.496;18.3841;18.8412;19.4094;19.7126;20.018;20.2729;20.4044;21","15;14.7898;14.2774;13.5647;12.8581;12.2114;11.3629;10.8187;10.3977;9.64701;9.26947;8.78746;8.4974;8.17238;7.85421;7.38115;7.06602;6.96494;6.91719;6.70211;6.49653;6.49445;6.48636;6.7311;6.91046;7.01087;7.31864;7.51997;7.84643;8.24128;8.66419;9.11367;9.42834;10.2956;11.1815;11.8762;12.6143;13.3035;14.0425;14.3144;15",13.369,"0.4;0.133333;0.466667"
29.514,10.9379,0.304064,"1;1.21359;1.662;1.81865;2.19459;2.58801;2.9258;3.04147;3.60912;4.04073;4.46292;5.08746;5.34675;5.86907;6.69606;7.31252;8.16431;8.93803;9.91181;10.8369;11.0872;11.8309;12.7398;13.0765;13.7485;14.4408;15.199;16.1502;16.9827;17.3873;18.1835;18.8414;19.0347;19.6504;19.7144;19.6777;19.8605;19.9717;20.3755;20.7681;21","15;14.6792;13.8983;13.4913;12.6795;12.3581;11.8172;10.9352;10.3492;9.84727;9.18801;8.69223;8.50004;8.06792;7.57492;6.92883;6.40937;6.21694;6.09643;6.14692;6.22887;6.01478;6.11629;6.34789;6.5391;7.12422;7.24921;7.48286;7.90955;8.16758;8.76698;9.34588;9.49835;10.244;10.7451;11.6735;12.3245;12.8253;13.7061;14.5709;15",13.7603,"0.4;0.166667;0.433333"
30.8285,8.29066,0.318133,"1;1.56784;2.15092;2.52198;2.95208;3.24875;3.64612;3.98517;4.3915;4.8947;4.98902;5.50241;5.84295;6.30619;6.92514;7.73446;8.09137;8.99999;9.83754;10.7827;11.1342;12.0492;12.4625;12.9944;13.9368;14.9173;15.6132;16.1236;16.6529;17.1094;17.6203;18.2371;18.803;19.3364;19.6435;19.9503;19.8959;19.9712;20.0624;20.7497;21","15;14.1769;13.3644;12.6754;11.8636;11.1851;10.4302;9.67878;9.14698;8.32562;8.07299;7.42718;7.18615;6.61204;5.91802;5.6157;5.47098;5.26887;4.99532;5.15959;5.17482;5.11613;5.10403;5.10988;5.38751;5.47635;6.10247;6.87112;7.66401;8.49159;9.30321;10.07;10.6633;11.1746;11.5416;12.0872;12.9726;13.6179;14.0879;14.6588;15",14.1168,"0.4;0.2;0.4"
30.9671,8.46283,0.318415,"1;1.46317;1.69288;2.24155;2.52803;2.73012;3.37642;3.94783;4.39594;4.8449;5.27363;5.83737;6.71656;7.12007;7.97443;8.65058;9.26474;10.2454;11.1599;12.0832;12.6485;13.4431;13.7026;14.3362;15.1151;15.7967;16.3348;16.9889;17.5999;18.2403;18.9126;19.5958;20.1802;20.4341;20.7194;20.88;20.814;20.7573;20.7478;21","15;14.3645;13.8948;13.1153;12.2351;11.3841;10.6722;9.88642;9.36038;8.78874;8.43876;8.08371;7.62632;6.79903;6.36654;5.75048;5.2773;5.20669;4.92669;4.95058;5.0868;5.34183;5.55315;5.90178;6.37319;6.33395;6.84852;7.42464;7.94949;8.41523;8.96389;9.46076;10.1797;10.7774;11.4321;12.0552;12.7678;13.6154;14.1079;15",14.4783,"0.4;0.233333;0.366667"
23.7705,7.62681,9.17618,"1;1.67731;2.11146;2.94594;3.7633;4.0558;4.8933;5.45872;6.16113;6.83498;7.26435;7.62801;8.28138;9.11442;9.7622;10.1246;10.7356;11.3186;11.9476;12.8083;13.6693;14.3674;15.1048;15.512;16.3565;17.2021;17.9012;18.4798;18.9783;19.2545;19.3545;19.9034;20.1644;20.7936;21","15;15.2663;15.5336;15.9455;16.3784;16.5376;16.9896;17.4494;17.9701;18.5731;18.8228;18.8799;19.3145;19.6824;19.964;20.0646;20.1332;20.0935;20.0612;20.3873;20.3471;20.3524;20.1484;20.1506;19.7852;19.2513;18.971;18.3561;17.6263;17.112;17.0016;16.1725;15.7626;15.3052;15",14.6007,"0.4;0.266667;0.333333"
24.8991,4.57403,9.96361,"1;1.8759;2.70962;3.34903;3.72851;4.30919;4.7935;5.1498;5.62561;6.07657;6.47192;7.20894;8.09247;9.04869;9.56829;10.2166;10.9951;11.7679;12.2659;13.2361;14.0518;14.6586;15.5957;16.3807;16.9565;17.4223;17.7446;18.4928;18.8201;19.4497;19.8055;20.509;20.8491;21","15;15.4825;16.0185;16.7316;17.1097;17.8161;18.2645;18.6753;19.4128;19.9119;20.1146;20.5491;20.9826;20.9259;21.0547;21.3298;21.3387;21.3481;21.3246;21.1983;20.7977;20.4771;20.1636;19.6232;19.1753;18.7515;18.2919;17.8234;16.9981;16.3784;15.9652;15.3113;14.9895;15",14.3209,"0.4;0.3;0.3"
25.0131,5.67357,10.0495,"1;1.54937;2.09364;2.66428;3.13265;3.55161;3.96578;4.57053;5.33125;5.75963;6.47047;7.24758;7.78814;8.65132;9.05439;9.58116;10.0581;10.9244;11.4806;12.1492;12.1632;13.1096;13.8567;14.4408;14.9104;15.7607;16.4186;17.0594;17.8424;18.5718;19.0484;19.8461;20.5012;21.0412;21","15;14.8473;15.4727;16.2589;16.9799;17.474;17.6973;18.4336;18.9603;19.0912;19.4721;19.6847;19.9196;19.97;20.1539;20.4386;20.4513;20.5521;20.8092;21.3041;21.1181;20.9313;20.7436;20.3125;20.0721;19.9202;19.4027;18.6607;18.2457;17.7295;16.8637;16.2855;15.8473;15.0101;15",14.5763,"0.4;0.333333;0.266667"
24.8003,4.76855,10.2749,"1;1.695;2.16665;2.70344;3.42431;4.06239;4.67236;5.15683;5.85981;6.77502;7.36785;7.83478;8.74219;9.50303;10.3439;11.2522;11.9164;12.8543;13.6144;14.2333;15.1746;15.7491;16.2516;16.6238;17.1767;18.049;18.5606;19.0252;19.4815;19.7472;20.5345;21","15;15.5902;16.2448;16.9806;17.5922;17.9755;18.7505;19.0937;19.4019;19.6106;20.0233;20.108;20.5029;20.7011;21.0245;21.0512;21.0679;21.2568;21.1846;20.7384;20.5752;20.3419;19.9061;19.6542;19.0889;18.6356;17.9719;17.2319;16.8085;16.1669;15.7469;15",14.0661,"0.4;0.366667;0.233333"
25.6703,4.02598,10.5541,"1;1.38534;1.98698;2.46714;2.71911;3.13492;3.64918;3.88909;4.10888;4.89039;5.51785;6.04403;6.50694;6.97453;7.932;8.48251;9.2819;10.1363;11.0843;12.0512;12.7668;13.5323;14.4462;14.6375;15.2282;15.9986;16.4699;16.7894;17.3501;18.1131;18.6801;19.1475;19.7304;19.9548;20.9093;21","15;15.2625;15.8744;16.5799;16.9545;17.3681;18.2001;18.7193;19.3674;19.7855;20.0719;20.4;20.5942;21.132;21.3848;21.4734;21.5117;21.7327;21.5587;21.613;21.3114;21.0994;20.8545;20.6677;20.1927;19.6103;19.2341;18.8727;18.6524;18.1422;17.5618;16.9321;16.2229;15.3268;15.0284;15",13.9893,"0.4;0.4;0.2"
24.938,4.48214,10.3349,"1;1.36711;1.9931;2.32743;3.01157;3.2421;3.74561;4.45066;5.05854;5.77991;6.23136;7.14313;7.90606;8.2827;9.17445;10.0138;10.5878;11.3837;11.7165;12.7044;13.5917;14.5225;14.9636;15.6488;16.3271;16.7482;17.2745;17.6421;18.3352;19.0254;19.3776;19.8053;20.5736;21","15;15.5514;15.9719;16.3263;17.0139;17.3762;18.0098;18.6793;19.016;19.3462;19.7148;20.1255;20.772;20.875;21.0811;21.1354;21.1709;21.2874;21.2316;21.0768;21.2044;20.9128;20.7018;20.599;19.9262;19.3955;18.7947;18.4968;18.0504;17.5393;17.0052;16.1152;15.5498;15",13.64,"0.4;0.433333;0.166667"
24.7041,4.76224,9.97191,"1;1.78321;2.37152;3.01514;3.42865;3.84579;4.02804;4.63353;5.24454;5.70448;6.50722;7.06739;7.78954;8.71976;9.10518;10.0131;10.9262;11.7778;12.2176;12.3045;13.0315;13.8857;14.621;15.1163;15.9775;16.823;17.4064;17.927;18.5875;18.974;19.1822;19.7791;20.345;20.9722;21","15;15.2999;15.9868;16.7389;17.1133;17.9989;18.2218;18.9278;19.4636;19.6562;19.9973;20.1856;20.489;20.76;20.7626;20.8341;20.9632;21.182;21.1094;21.0928;20.9144;20.6642;20.5167;20.096;19.6058;19.2556;18.8684;18.2618;17.5586;16.7893;16.7217;16.1444;15.5731;14.9542;15",13.4336,"0.4;0.466667;0.133333"
26.4836,3.17405,11.3105,"1;1.39442;1.76941;2.17369;2.67856;3.24503;3.79357;4.1483;4.74817;5.14326;5.89365;6.50948;6.98762;7.68739;8.39144;9.25219;9.6744;10.3651;10.9593;11.57;12.1631;12.9016;13.2309;13.9045;14.4951;14.8581;15.4273;16.3853;17.1632;17.6102;18.3776;19.1294;19.6408;19.8834;20.1599;20.5828;20.7204;20.7532;21","15;15.2008;15.6564;16.0198;16.6289;17.3173;17.9145;18.5798;19.2779;19.501;19.8928;20.2894;20.6862;21.1786;21.6657;21.5427;21.6736;21.914;22.0802;22.1927;22.2758;22.1843;21.9752;22.0892;21.7284;21.3646;21.1121;20.8381;20.4681;20.1583;19.5174;19.0514;18.4955;17.8744;17.5335;16.7041;15.9462;15.5628;15",13.3115,"0.4;0.5;0.1"
27.023,3.17426,11.4324,"1;1.55859;2.10459;2.43492;2.74544;3.26254;3.47821;3.74466;4.07854;4.61568;5.21782;5.86882;6.14208;6.73123;7.42116;7.96617;8.78235;9.60543;10.5332;11.5056;12.2394;13.0742;13.6145;14.1896;14.9675;15.1599;15.7873;16.147;16.4596;17.1599;17.6603;18.081;18.5268;19.3707;19.5005;19.9971;20.3159;20.7501;21","15;15.3623;15.6578;16.1854;16.8205;17.3402;18.0802;18.5918;19.2829;19.823;20.3668;20.8077;20.9809;21.3065;21.6417;21.8848;22.0226;22.1885;22.0389;22.179;22.6034;22.6336;22.3915;21.7402;21.5209;21.3176;20.7908;20.6619;19.7234;19.2065;18.642;18.165;18.1117;17.6658;17.1732;16.5182;16.195;15.4175;15",13.2643,"0.4;0.533333;0.0666667"
25.5382,3.79542,10.7339,"1;1.30621;2.04765;2.40311;2.80202;3.34503;3.9404;4.59138;5.06093;5.70939;6.61955;7.35933;7.82292;8.00933;8.84819;9.42635;9.98376;10.8647;11.3055;12.1135;12.6283;13.506;13.8438;14.5153;15.3095;16.0418;16.5353;17.3203;17.9041;18.2594;18.9894;19.4296;19.8047;20.4319;20.4307;21","15;15.1739;15.8304;16.5343;17.2145;17.941;18.5631;19.0037;19.6884;20.2096;20.4411;20.5676;20.9528;21.0929;21.0726;21.3361;21.6146;21.4227;21.3938;21.3619;21.3237;21.1765;21.1452;21.0511;20.9524;20.6105;20.1771;19.588;18.8539;18.5447;17.8764;17.1181;16.5708;15.9538;15.7867;15",12.7238,"0.4;0.566667;0.0333333"
25.8704,3.91451,10.9828,"1;1.36539;1.62649;1.96973;2.76853;2.98311;3.62088;3.77613;4.41234;5.10353;5.86088;6.38915;6.99733;7.42113;7.9155;8.62604;9.17689;9.81361;10.6654;11.5051;12.2599;13.0705;13.8187;14.3608;14.7861;15.5638;16.5461;16.9947;17.6715;18.3444;18.9775;19.3467;19.6218;19.8665;20.2756;20.5751;21","15;15.6338;16.1966;16.7588;17.279;17.5363;18.2049;18.4054;19.1207;19.7685;20.1776;20.5873;20.8725;21.0315;21.1505;21.2721;21.4561;21.6183;21.6477;21.6073;21.5522;21.6421;21.27;20.8723;20.4126;20.0806;19.9826;19.9109;19.2548;18.9279;18.4937;17.8618;17.0523;16.568;15.7933;15.0643;15",12.6969,"0.4;0.6;0"
20.5626,60.2835,0.253466,"1;1.99729;2.74543;3.36541;4.04374;4.81136;5.42773;6.3097;7.06987;7.67335;8.14041;8.81578;9.31531;10.1801;10.7421;11.4876;12.4513;13.295;14.145;14.7534;15.4551;15.812;16.6311;17.1986;17.7413;18.4793;19.3861;20.2116;21","15;14.9265;14.7791;14.5379;14.3353;13.8767;13.8996;13.723;13.7513;13.7242;13.6657;13.5414;13.5898;13.5093;13.4535;13.7643;13.7661;13.6558;13.7886;13.8477;14.0595;14.1165;14.3804;14.344;14.5797;14.4913;14.8794;14.9012;15",9.05408,"0.433333;0;0.566667"
20.6632,52.361,0.34238,"1;1.54597;2.08439;2.88801;3.51453;4.27069;4.57096;5.42207;6.13774;6.41639;7.16004;8.11616;8.77057;9.64359;10.1128;11.0791;11.9055;12.6443;13.5144;14.2083;14.535;15.3104;16.1601;17.1415;17.8024;18.6124;19.1204;19.831;20.3885;21","15;14.8813;14.5444;14.0172;14.0359;14.0573;14.068;14.3802;14.5935;14.5612;14.5405;14.5341;14.7062;15.0186;14.9643;15.1122;14.8741;14.8104;14.6264;14.5864;14.5691;14.7337;14.948;15.0334;15.0635;15.0111;15.0538;15.343;15.2062;15",10.882,"0.433333;0.0333333;0.533333"
21.058,41.575,1.05201,"1;1.27081;2.09342;3.05009;3.88838;4.28438;5.26693;6.03676;6.92186;7.5293;8.37695;9.2996;10.0608;10.8256;11.5668;12.0677;12.6012;13.2026;14.0809;15.0643;16.0197;16.9594;17.6278;18.4852;19.2389;19.8886;20.5418;21","15;14.914;14.7006;14.6392;14.979;14.9732;14.9502;15.5223;15.838;15.7683;15.8755;15.9872;16.3441;16.0214;15.809;15.7055;15.7449;15.6653;15.4545;15.6331;15.5533;15.491;15.1596;15.3161;15.1801;14.6569;14.5892;15",12.4228,"0.433333;0.0666667;0.5"
20.7118,42.3899,0.882326,"1;1.86155;2.57098;2.9478;3.56128;4.5045;5.33701;6.33162;6.94882;7.69834;7.86172;8.80451;9.68175;10.4045;11.0842;11.469;12.2274;12.8111;13.7665;14.6067;15.4795;16.336;17.131;17.8998;18.4868;18.6961;19.561;20.1987;21","15;14.6257;14.8419;14.9566;15.0089;15.043;15.0885;15.1705;15.1242;15.7202;15.7822;16.004;16.0986;16.0672;15.9723;15.8834;15.6875;15.7661;15.6336;15.3312;15.2896;15.0945;14.8449;14.6427;15.0104;14.9915;14.8715;15.0041;15",13.6258,"0.433333;0.1;0.466667"
27.8555,15.4676,0.288567,"1;1.41852;1.62016;1.6754;2.07531;2.63951;3.05151;3.52176;4.09341;4.58618;5.05466;5.69053;6.39952;6.91545;7.64926;8.32885;9.13792;9.97639;10.4381;11.3297;12.1142;12.5341;13.3828;14.115;14.8999;15.4794;16.2016;16.8091;17.1511;17.6428;18.0599;18.526;18.8623;18.9887;19.6819;20.2545;21.0318;21","15;14.328;13.7428;13.5454;12.695;12.1463;11.5867;10.8639;10.2336;9.94476;9.5713;9.02052;8.45305;7.70308;7.06727;6.64146;6.44233;6.51432;6.51621;6.41942;6.49046;6.64928;6.91803;7.4029;7.97364;8.41309;9.02043;9.73305;10.1525;10.6099;11.3151;11.9152;12.4852;12.8471;13.5558;14.2977;14.8174;15",14.2581,"0.433333;0.133333;0.433333"
29.8719,10.5451,0.307946,"1;1.43089;1.58892;1.91053;2.14923;2.5897;2.89358;3.47204;3.67572;3.82833;4.11704;4.40286;5.02482;5.68911;6.10004;7.00633;7.71904;7.93979;8.55546;9.47698;10.2964;10.6131;11.4407;12.1027;13.0899;13.8658;14.6007;15.037;15.6635;15.8678;16.3473;16.9117;17.2208;17.5201;17.6665;18.3043;18.9639;19.3044;19.9941;20.3294;20.242;20.6521;21","15;14.4716;13.6475;12.9155;12.2677;11.5744;11.2186;10.5149;9.9404;9.27598;8.8379;8.40483;8.05509;7.54617;7.23898;6.86205;6.82714;6.37368;6.16767;5.92722;5.74564;5.71884;5.60658;5.81092;5.96664;6.32741;6.75272;6.8691;7.62025;7.6862;8.19477;8.42547;8.64472;9.32077;9.76916;10.5372;11.0533;11.8307;12.4654;13.4075;14.0072;14.2552;15",14.8252,"0.433333;0.166667;0.4"
30.1405,9.81963,0.309691,"1;1.38296;1.4472;1.71509;1.75116;2.27934;2.42983;3.04567;3.32198;3.87636;4.05417;4.4909;5.03602;5.49911;6.1365;6.63824;6.998;7.92814;8.64373;9.194;9.77204;10.3373;11.1835;12.0594;12.5397;13.2149;13.9955;14.5552;15.0741;15.5914;16.2907;16.9041;17.3171;17.5845;18.0082;18.3077;18.57;18.8941;19.5249;19.7628;20.0908;20.5151;20.8602;21.0782;21.0947;20.9811;21","15;14.2861;14.1101;13.2201;12.3259;11.4768;10.9422;10.2542;9.864;9.35042;9.07169;8.53666;8.03418;7.6218;7.15004;6.37832;6.24299;6.2596;6.3466;6.22762;6.08216;5.991;6.05657;6.25503;6.26911;6.15213;6.43609;6.51545;6.73392;6.89358;7.30352;7.60976;8.01147;8.4128;8.80286;9.28157;9.67854;9.99428;10.6477;11.2935;11.6216;12.2408;12.8262;13.708;14.3173;14.7535;15",15.1384,"0.433333;0.2;0.366667"
23.0692,10.9048,7.91346,"1;1.67587;2.14432;2.79783;3.44534;4.10684;4.7255;5.1628;6.00757;6.93838;7.80764;8.58085;8.9071;9.55775;10.5076;11.2493;12.2318;13.1535;13.8564;14.5443;15.1201;15.7848;16.3321;16.9248;17.5603;18.2183;18.9679;19.538;20.0462;21","15;15.1223;15.4158;15.7248;16.0157;16.5124;17.1024;17.6682;18.1793;18.5052;18.947;19.1555;19.5315;19.4926;19.6303;19.466;19.5261;19.2742;19.1648;19.2913;18.6935;18.2577;17.5549;16.9525;16.4805;15.9821;15.7053;15.5245;15.0421;15",15.1789,"0.433333;0.233333;0.333333"
24.051,6.86953,9.38103,"1;1.76883;2.53225;3.14037;3.61504;4.18801;4.94187;5.4559;6.27479;6.99729;7.43468;7.75944;8.49649;9.24835;10.0913;10.9515;11.8219;11.8934;12.7993;13.395;13.9072;14.6103;15.5157;16.3164;16.5647;16.8613;17.4305;17.8531;18.6118;19.1309;20.0546;20.5523;21","15;15.4827;15.8178;16.247;16.6425;17.298;17.9076;18.3466;18.6928;19.0014;19.4021;19.6838;19.9338;20.0424;20.1903;20.5624;20.9453;20.9972;20.6676;20.505;20.3311;19.8194;19.5925;19.1132;18.6847;18.2293;17.54;17.1707;16.8472;16.6641;16.3705;15.5928;15",15.0683,"0.433333;0.266667;0.3"
23.6781,8.00152,9.0584,"1;1.25774;1.83471;2.1181;2.62462;3.32432;3.91298;4.59313;5.14366;5.78765;6.62852;7.05547;7.99518;8.48281;9.3738;10.0084;10.9163;11.579;11.8708;12.8112;13.7256;14.414;14.922;15.4306;16.0288;16.8294;17.5741;18.4533;18.7881;19.4658;20.1042;20.6255;21","15;15.21;15.7915;16.2898;16.8821;17.4681;18.2308;18.7459;19.0711;19.6167;19.8283;20.0448;20.2194;20.2604;20.1191;20.2997;20.1527;20.0348;19.9789;19.677;19.4577;19.1154;18.6094;18.2759;17.8795;17.306;16.8218;16.4791;16.1247;15.4234;15.3148;14.9024;15",15.0765,"0.433333;0.3;0.266667"
25.5848,4.2903,10.6336,"1;1.4177;1.78477;2.50298;3.1419;3.78624;3.88728;4.67254;5.38223;6.21184;7.00678;7.13879;7.34842;8.15605;9.0004;9.74803;10.4385;11.1738;12.0786;12.6951;13.23;14.1983;15.0763;15.6575;16.4106;16.6585;17.1477;17.5157;17.9471;18.3808;19.0223;19.5033;20.1153;20.6016;21","15;15.3715;15.6581;16.1825;16.7587;17.3097;17.7311;18.2868;18.9369;19.2159;19.8028;19.9811;20.254;20.4128;20.6621;21.2829;21.5039;21.6301;21.8054;21.9864;22.0583;21.8101;21.3795;21.0346;20.4846;20.2958;19.5394;19.0811;18.3078;17.933;17.2913;17.1955;16.5031;15.8973;15",14.998,"0.433333;0.333333;0.233333"
24.2379,5.3299,9.85263,"1;1.51092;1.92856;2.46353;2.95549;3.24767;3.58182;4.03738;4.74184;5.19223;5.88898;6.62514;7.53634;8.47625;8.88617;9.70704;10.436;10.6605;11.436;12.2482;13.0731;13.8177;14.743;15.6289;15.8532;16.7642;17.5089;18.121;18.7346;19.2229;19.8515;20.182;20.7065;21","15;15.2073;15.7809;16.0307;16.5284;16.823;17.3723;17.7125;18.2348;18.6449;19.3349;19.7393;20.0195;20.1588;20.3174;20.5951;20.7528;20.8388;20.9829;20.8859;20.7043;20.4002;20.0572;19.7973;19.6609;19.3115;18.9682;18.2141;17.7665;17.0362;16.372;16.097;15.5437;15",14.4279,"0.433333;0.366667;0.2"
24.4917,5.415,9.85573,"1;1.43404;1.86552;2.51944;3.0293;3.67985;4.39864;4.95926;5.41183;5.83054;6.51537;6.78657;7.4449;7.80791;8.53171;9.47908;10.405;10.9838;11.8491;12.8143;13.4492;14.1154;14.6079;15.481;16.3154;16.5225;17.162;17.5189;17.8894;18.2854;18.9151;19.4203;20.1309;21","15;15.4593;15.986;16.6669;17.3932;17.8127;18.4696;18.9935;19.1493;19.6989;20.1119;20.3065;20.4924;20.5618;21.0087;20.952;21.0507;21.0953;20.7168;20.4816;20.471;20.1552;19.7738;19.4312;19.0095;18.9194;18.5694;18.1526;17.7301;17.2626;16.5219;15.6817;15.4589;15",14.4217,"0.433333;0.4;0.166667"
25.8501,4.1301,10.7824,"1;1.51672;1.91233;2.63798;3.28574;3.57808;4.06439;4.75114;4.91928;5.65983;6.13572;6.67389;7.5123;8.23188;9.07659;9.92841;10.8085;11.3637;12.2398;12.9445;13.6867;14.5482;15.0842;15.5602;16.1856;16.952;17.069;17.4076;17.7713;18.269;18.9628;19.6231;20.1689;20.4711;20.698;21","15;15.4029;16.1218;16.4609;17.0917;17.4345;18.1737;18.3591;18.8116;19.4579;20.2319;20.503;20.7713;21.2528;21.584;21.6452;21.531;21.5538;21.4801;21.6077;21.4329;21.2339;20.8393;20.5162;19.8251;19.6576;19.3287;18.389;18.1221;17.6758;17.3221;16.9061;16.5799;16.1646;15.3006;15",14.4291,"0.433333;0.433333;0.133333"
24.5239,4.89734,9.96782,"1;1.46295;2.12737;2.335;2.99451;3.45663;3.79756;4.0906;4.85473;5.33524;5.99051;6.63389;6.90251;7.80092;8.64262;9.25637;10.1471;10.9944;11.7367;12.6483;13.3677;14.2544;15.1667;15.9763;16.6979;17.3961;17.6832;18.4578;18.9066;19.4033;19.9666;20.3502;21","15;15.2193;15.6528;15.9346;16.384;17.1767;18.044;18.3323;18.9474;19.4807;19.9661;20.2261;20.3142;20.5095;20.7367;20.9004;20.9786;21.1449;20.9616;20.6646;20.4242;20.3532;19.9698;19.4954;19.0645;18.5628;18.3031;17.7149;17.4081;16.9493;16.2807;15.5309;15",13.9092,"0.433333;0.466667;0.1"
26.5479,3.12118,11.324,"1;1.57094;2.05694;2.53749;2.85891;3.1361;3.73372;4.14168;4.59397;5.32231;5.37984;6.16086;6.33757;7.06974;7.77508;8.4154;8.86964;9.84845;10.6265;11.363;11.9766;12.7851;13.582;14.1635;14.7595;15.4299;15.8356;16.6622;17.4443;17.667;18.2474;19.0858;19.5704;20.145;20.6809;21","15;15.3643;16.1555;16.5541;17.3629;18.163;18.7905;19.2125;19.7911;20.2602;20.5166;21.0707;21.2137;21.6915;22.3913;22.4736;22.5452;22.405;22.5295;22.2846;22.1324;21.7698;21.5913;21.3354;20.9949;20.5049;20.2898;19.9297;19.4339;19.2359;18.6831;18.1826;17.3567;16.5383;15.7126;15",13.8196,"0.433333;0.5;0.0666667"
26.2396,3.25923,11.1166,"1;1.65949;2.16842;2.60355;2.97415;3.64025;4.06243;4.39127;5.09189;5.37336;5.82114;6.66087;7.45027;8.03047;8.55142;9.38255;10.2453;11.2172;11.5148;11.927;12.6468;13.1954;13.6652;14.6071;15.0606;15.5461;16.3055;16.7392;17.1712;17.7086;18.4203;18.4744;18.8743;19.5631;20.2903;20.5756;21","15;15.4153;15.9834;16.7272;17.2685;18.0066;18.6717;19.5588;20.1896;20.4041;20.8286;21.2923;21.8116;21.9197;21.7183;21.9467;21.9472;21.8407;21.8877;21.8072;21.6002;21.5881;21.4197;21.3243;21.1549;20.7465;20.2908;20.159;19.7545;19.2938;18.6518;18.3105;17.7014;17.137;16.5369;15.8223;15",13.4793,"0.433333;0.533333;0.0333333"
24.9764,4.45895,10.1008,"1;1.82723;2.33499;2.74535;3.09162;3.60319;4.20489;4.65385;4.93866;5.64303;6.46319;6.7732;7.49467;7.77871;8.53124;8.92711;9.65715;10.6094;11.5353;12.4848;13.4281;14.1851;14.4383;14.9938;15.4303;16.1313;16.6629;17.1131;17.5496;18.1823;18.835;19.4022;19.943;20.3785;21","15;15.2764;15.5007;16.1961;16.5277;17.0719;17.6375;18.4571;18.7354;19.2899;19.7928;20.383;20.6841;20.7175;21.0471;21.1246;21.2605;21.378;21.079;21.0785;20.929;20.6784;20.6414;20.4946;20.3393;20.1483;19.9024;19.5198;18.9745;18.2568;17.5152;16.8213;16.123;15.6394;15",13.3498,"0.433333;0.566667;0"
20.3878,54.7811,0.341443,"1;1.61918;2.40246;3.2247;4.1732;5.15086;5.74139;6.32199;7.14458;7.94421;8.71785;9.17507;9.84586;10.7671;11.1881;11.8328;12.0717;13.043;13.5497;14.0475;14.951;15.4693;16.3609;17.1257;17.6227;18.4141;19.1338;20.1011;20.7935;21","15;14.6912;14.4438;14.3724;14.5437;14.4486;14.4496;14.4256;14.4139;14.2556;14.1902;14.2428;14.181;14.2038;14.3557;14.5442;14.6707;14.6871;14.7334;14.856;14.9205;14.8883;15.0914;15.3747;15.3548;15.2889;15.1651;15.2244;15.0038;15",9.69642,"0.466667;0;0.533333"
20.175,48.3298,0.388399,"1;1.82024;2.263;3.25386;4.00733;4.39443;5.26109;5.84486;6.7846;7.64375;8.53985;9.39419;10.1285;10.9143;11.4489;12.3196;13.1916;14.0991;14.8683;15.6889;16.4664;17.2067;18.1839;18.7683;19.761;20.2288;21","15;14.7766;14.7937;14.779;14.7609;14.8474;15.0553;15.0939;15.1419;15.1369;15.2061;15.2378;15.2492;15.1655;15.1325;15.1592;15.0019;14.9201;14.9123;14.7995;14.68;14.6868;14.5061;14.6109;14.7127;14.8238;15",11.2202,"0.466667;0.0333333;0.5"
20.3173,44.7379,0.678979,"1;1.70993;2.55338;3.13877;4.03356;4.30411;5.2245;6.08596;6.73648;7.73546;8.68195;9.31103;10.0746;10.9064;11.5316;12.0184;12.8118;13.5936;14.5081;14.9821;15.8252;16.6782;17.2652;18.086;18.293;19.1238;19.8177;20.2048;21","15;14.9778;15.1849;15.3347;15.4382;15.4333;15.5002;15.4311;15.4008;15.4458;15.6893;15.6611;15.7886;15.8781;15.6921;15.5193;15.183;15.2178;15.2409;15.1245;14.8399;14.735;14.7591;14.818;14.7951;14.7752;14.8277;14.8586;15",12.7808,"0.466667;0.0666667;0.466667"
20.9406,40.8833,1.46249,"1;1.95513;2.92117;3.32873;4.02961;4.39999;5.31478;6.24309;6.86181;7.46759;8.40157;9.14479;10.0411;10.2958;11.1202;11.8446;12.7828;13.3873;13.9228;14.4509;15.4031;16.2044;17.065;17.7036;18.0863;19.0623;19.6066;20.1201;20.9148;21","15;15.2962;15.5546;15.6581;15.8852;15.9993;16.3735;16.2327;16.1906;16.0622;16.2332;16.0957;16.125;16.1598;15.7496;15.8566;15.7589;15.5731;15.5575;15.3677;15.1357;14.8583;14.4473;14.3476;14.0669;14.0791;14.321;14.5222;15.0103;15",14.4944,"0.466667;0.1;0.433333"
27.8147,15.6425,0.288834,"1;1.7244;2.22246;2.63039;3.09395;3.31532;3.55011;4.21378;4.41043;4.51982;4.95089;5.50673;6.07067;6.52366;7.21971;7.98066;8.81479;9.62331;10.3925;11.0931;11.416;12.3255;13.1913;13.4809;14.1661;15.0552;15.1515;16.0206;16.7415;17.3528;17.8801;18.4263;18.9042;19.433;19.6299;20.0288;20.3196;20.5977;20.7706;21","15;14.5255;14.0923;13.5866;12.7496;11.9941;11.5899;10.8737;10.6225;10.5088;9.75739;9.30125;8.7894;8.50858;7.79648;7.6513;7.26792;6.82469;6.83483;6.87072;6.91288;7.13114;7.33049;7.39028;7.55127;7.66609;7.68488;7.86641;8.1656;8.94546;9.58765;10.1075;10.7602;11.2626;11.8994;12.4205;13.267;13.8739;14.1997;15",15.1814,"0.466667;0.133333;0.4"
22.6263,11.2753,8.03752,"1;1.54364;2.05911;2.67655;3.50709;3.98202;4.44882;5.07605;5.36071;6.08469;6.83143;7.65812;8.62742;9.4128;10.12;11.0286;11.7075;12.5552;12.9563;13.777;14.4066;14.8223;15.6432;16.1018;16.6526;17.401;18.0749;18.6358;18.9805;19.738;20.5696;21","15;15.2192;15.3907;15.6762;15.7822;16.3207;16.8282;17.1461;17.3747;17.7945;18.3695;18.7532;18.8823;19.1377;19.3393;19.365;19.3754;19.3732;19.0483;19.1218;19.1375;18.9728;18.4503;18.1291;17.7199;17.4525;16.9538;16.3937;16.084;15.8429;15.2875;15",15.3853,"0.466667;0.166667;0.366667"
22.4201,12.4291,7.93475,"1;1.37262;2.15801;2.95261;3.20514;4.14832;4.89114;5.62539;5.91155;6.43446;7.2529;7.65724;8.39115;9.18852;9.76;10.5358;11.1975;12.1744;12.7135;13.5552;13.6875;14.6064;15.0739;15.6892;16.0871;16.7476;17.6785;18.0921;18.623;18.9334;19.5542;20.3857;21","15;15.1963;15.5461;15.9453;16.0726;16.3895;16.5414;16.9183;17.1346;17.5329;17.8886;18.1052;18.3685;18.8359;18.9346;19.0681;19.1147;19.2897;19.3741;19.1863;19.1394;18.9364;18.9156;18.8594;18.4552;18.1131;17.8094;17.1876;16.6381;16.2779;16.0041;15.4972;15",15.5934,"0.466667;0.2;0.333333"
22.8721,9.54032,8.74933,"1;1.75455;2.4342;3.11785;3.88857;4.6739;5.5002;6.08704;6.99065;7.82204;8.65882;9.18303;10.0196;10.6892;11.2188;11.7287;12.5015;13.4527;14.1276;14.9122;15.7078;16.4183;16.6606;17.4813;17.9024;18.4925;18.7076;19.4948;20.1338;20.1678;21","15;15.4424;15.8971;16.398;16.7902;17.3089;17.6755;18.2251;18.5017;18.8945;19.1742;19.5171;19.657;19.6208;19.8642;19.7131;19.7616;19.5597;19.5078;18.9498;18.4569;18.0192;18.0406;17.7421;17.5706;17.2475;16.9233;16.3065;15.5374;15.4983;15",15.5245,"0.466667;0.233333;0.3"
24.6686,5.46511,9.94451,"1;1.69686;2.01973;2.74735;3.28542;3.8078;4.33362;4.71371;5.17469;5.98545;6.19401;7.17304;7.73249;8.50532;8.7622;9.57418;10.323;10.8519;11.705;12.4552;13.2729;13.8;14.5009;15.3225;15.8266;16.647;16.8316;17.4849;18.061;18.7317;18.9156;19.6223;20.3947;21","15;15.6789;16.1677;16.7535;17.2961;17.595;18.0452;18.4871;18.8211;19.4038;19.4408;19.624;19.9539;20.2061;20.2731;20.5836;20.692;20.8727;20.8985;20.9332;21.0386;20.9803;20.8011;20.4933;19.9029;19.6558;18.7898;18.0893;17.526;16.9458;16.327;15.8749;15.4145;15",15.6213,"0.466667;0.266667;0.266667"
24.5976,6.49735,9.69429,"1;1.40286;1.69807;2.56905;3.01527;3.39636;4.05629;4.46359;5.09097;5.77688;6.53681;7.07812;7.47348;8.41152;9.19863;10.0476;10.8537;11.7904;12.1544;13.0592;13.959;14.712;15.482;15.9215;16.2461;16.9545;17.6271;18.2995;18.7232;19.6241;20.5235;21","15;15.7975;16.5963;16.8486;17.4725;17.9323;18.4761;18.8598;19.5286;19.7195;20.1238;20.4172;20.6049;20.703;20.7836;20.9273;21.0238;20.7716;20.3978;20.2115;20.071;19.6598;19.0597;18.3212;18.1501;17.6756;17.0107;16.5022;15.9053;15.4879;15.1194;15",15.6901,"0.466667;0.3;0.233333"
25.6403,4.06669,10.7264,"1;1.72725;2.12697;2.74062;3.28169;3.88092;4.06361;4.71609;5.33056;5.94863;6.34598;7.0191;7.86934;8.81882;9.34648;10.0564;10.3594;11.0267;11.7694;12.7398;13.7122;14.2944;14.9793;15.506;15.894;16.5361;16.9384;17.6721;18.0457;18.602;19.3524;20.0497;20.5716;21.1456;21","15;15.4846;16.069;16.491;17.285;17.6097;17.9618;18.597;19.2617;19.9163;20.1202;20.6307;20.9203;20.8092;20.8778;20.9865;21.0125;21.295;21.5379;21.559;21.3442;21.3271;21.217;20.864;20.6667;20.0227;19.5032;19.1023;18.4296;18.0172;17.5158;17.027;16.3443;15.6276;15",15.4663,"0.466667;0.333333;0.2"
26.1328,3.55449,11.0016,"1;1.61773;2.09462;2.45467;3.06604;3.58573;4.03915;4.27366;4.45904;4.92328;5.28209;5.91953;6.71861;7.09884;7.83194;8.63439;9.33392;10.1376;11.134;11.6742;12.626;13.5099;13.8557;14.5183;15.063;15.53;16.2565;16.9109;17.3294;18.1039;18.5178;18.7808;19.3;19.7716;20.2771;20.5953;21","15;15.6766;16.2755;16.8213;17.514;17.9834;18.4413;18.8033;19.0119;19.8971;20.2453;20.9086;21.2202;21.472;21.8423;21.8508;21.8458;21.7754;21.7569;22.0156;21.9339;21.8751;21.6782;21.0704;20.5247;20.3098;19.7446;19.6362;19.0484;18.532;18.0451;17.6745;17.0206;16.5656;15.8949;15.0954;15",15.3322,"0.466667;0.366667;0.166667"
24.4504,5.72751,9.57177,"1;1.63994;2.21965;2.94362;3.6139;4.06234;4.69386;5.104;5.96231;6.65062;7.45802;8.30172;9.17967;9.95046;10.8204;11.7071;11.8892;12.8238;13.4286;13.8919;14.7365;15.4652;16.0275;16.2276;17.017;17.4343;17.7451;18.4633;18.8519;19.1249;19.5707;20.3323;21","15;15.4489;15.8674;16.4661;17.1408;17.9212;18.5271;19.3302;19.8424;20.1319;20.2012;20.5223;20.647;20.9093;20.941;20.7594;20.7926;20.6043;20.2754;20.1977;19.7502;19.4835;19.0807;18.8337;18.3256;17.6053;17.4105;16.981;16.6823;15.9109;15.6247;15.4841;15",14.9774,"0.466667;0.4;0.133333"
24.699,4.99367,10.065,"1;1.83762;2.56997;3.36953;3.88448;4.0293;4.52996;5.14485;5.54266;6.12756;6.88742;7.56988;8.20606;9.0253;9.34852;10.2206;10.6387;11.3445;12.0839;12.5553;13.4529;14.0844;14.3914;15.2434;15.9214;16.679;17.6111;17.7715;18.2712;18.9765;19.2006;20.0009;20.4024;20.7888;21","15;15.5462;16.0375;16.6317;17.0934;17.3111;18.0922;18.8115;19.0108;19.3812;19.7917;20.1486;20.334;20.6829;20.907;21.0805;21.168;21.0272;21.0699;21.1021;20.6881;20.3753;20.4443;20.2832;19.8052;19.2958;19.1081;18.6973;18.1945;17.5514;17.3184;16.7316;15.8847;15.1153;15",14.6966,"0.466667;0.433333;0.1"
25.0821,5.14295,10.2306,"1;1.74077;2.48198;3.17084;3.75725;4.24811;4.8648;5.69294;6.11248;6.88609;7.18731;7.79161;8.4577;9.35722;10.0765;10.8797;11.7053;12.6732;12.8621;13.4959;14.2474;14.8797;15.7566;16.3711;16.5565;17.4426;18.3879;18.621;19.3132;19.7904;20.1925;20.4505;21.2054;21","15;15.431;15.9273;16.6522;17.4622;17.8943;18.4677;18.8637;19.1967;19.5479;19.649;20.0871;20.6403;20.9333;21.1522;21.1192;21.161;20.9477;20.855;20.2925;20.2187;20.1257;19.8075;19.2967;19.1392;18.7132;18.4148;18.4112;17.7773;17.0865;16.6332;16.2267;15.9624;15",14.7871,"0.466667;0.466667;0.0666667"
26.1264,5.01444,10.1449,"1;1.9316;2.26566;3.09309;3.9619;4.63037;4.76911;4.96664;5.24377;5.81046;6.3739;6.94617;7.68125;7.88162;8.74004;9.27828;9.78024;10.4333;11.2127;11.8494;12.7162;13.6036;14.377;14.9547;15.5022;16.4754;17.164;17.6459;18.0775;18.2141;18.6931;19.1061;19.8305;20.6938;21.1361;21","15;15.3635;15.5336;15.8538;16.1258;16.3029;16.9809;17.589;18.0837;18.8363;19.3577;19.7261;20.3566;20.4453;20.8674;21.0298;21.1858;21.3416;21.6519;21.6473;21.7603;21.499;21.1333;21.1842;20.771;20.6308;20.1054;19.3538;18.6771;18.1779;17.8076;17.0127;16.6484;16.1728;15.4123;15",15.0377,"0.466667;0.5;0.0333333"
26.1543,3.73878,11.1135,"1;1.60258;2.24722;2.48504;3.02517;3.48082;3.67548;4.34109;5.20819;5.76642;6.33566;7.0224;7.48538;8.06496;8.72648;9.18263;9.95751;10.7479;11.4073;11.9227;12.7305;13.64;14.2875;15.0253;15.9866;16.7364;17.3131;17.5405;18.2601;18.9471;19.3551;20.0517;20.3048;20.6152;21.1181;21","15;15.5217;16.2114;16.8319;17.3462;17.9591;18.2831;18.9096;19.4064;19.99;20.1267;20.6957;21.1747;21.1891;21.7581;22.1484;22.0517;22.1075;21.8844;21.664;21.1341;21.0308;20.8646;20.4334;20.2313;19.724;19.2963;19.098;18.5892;17.9634;17.7965;17.4133;16.4927;16.1466;15.5173;15",14.1994,"0.466667;0.533333;0"
20.6615,58.1497,0.272318,"1;1.62849;2.43975;2.74265;3.39089;4.31193;4.94131;5.83516;6.39795;7.18726;7.75563;8.73427;9.12351;9.89743;10.8065;11.8004;12.7074;13.454;13.7967;14.6096;15.5692;16.2897;17.0103;17.4834;18.347;19.226;20.0757;20.5818;21","15;14.8979;14.7981;14.8317;14.5665;14.5035;14.5342;14.51;14.5331;14.5469;14.5125;14.4583;14.5735;14.1228;13.9522;14.0432;14.1617;14.0701;13.9701;13.7051;13.702;13.9027;13.977;14.5664;14.7309;14.9322;14.9078;14.9845;15",10.4669,"0.5;0;0.5"
20.5576,44.1848,0.747386,"1;1.62799;2.3956;2.86918;3.61233;4.57563;5.54503;6.40002;7.08503;7.68574;8.27217;9.18756;9.96576;10.1589;11.011;11.9538;12.4324;13.3804;14.2425;15.1263;15.7265;16.3876;17.2641;17.8291;18.7562;19.4677;20.1464;21","15;14.9567;14.8776;14.9689;15.0044;15.2728;15.4503;15.484;15.5932;15.5519;15.7459;15.8455;15.667;15.7282;15.5098;15.3892;15.3459;15.2107;15.2773;15.3806;15.4523;15.6568;15.2533;15.5232;15.3597;15.1999;14.7889;15",12.1004,"0.5;0.0333333;0.466667"
20.3504,40.6956,1.04634,"1;1.99376;2.93581;3.58316;3.98006;4.78897;5.08071;5.89664;6.50014;7.2027;7.63744;8.38943;8.92114;9.52568;10.3099;10.9072;11.4486;11.9577;12.6508;13.5661;14.4;15.1524;15.9713;16.6273;17.6042;18.0468;18.6818;19.1176;20.1063;21","15;14.8885;15.017;15.1086;15.1911;15.4968;15.5135;15.4665;15.5637;15.8213;15.9479;15.9579;15.9977;16.0088;15.9916;15.8257;15.735;15.8507;16.0154;15.809;15.6383;15.4037;15.2888;15.1536;15.1546;15.1789;15.2721;15.2853;15.1354;15",13.3417,"0.5;0.0666667;0.433333"
20.7716,33.905,2.48368,"1;1.53535;2.32989;2.68753;3.21588;4.09272;4.73675;5.59463;6.58934;7.41817;8.01824;8.85472;9.48527;10.3552;11.2519;12.1218;12.9705;13.6483;14.5792;15.3891;16.19;16.5373;17.1841;17.9062;18.8694;19.7841;20.4128;21","15;15.1221;15.194;15.1464;15.0265;15.3662;15.542;15.6275;15.7303;15.8351;16.0529;16.4088;16.5604;16.822;16.9279;16.9079;16.7568;16.4891;16.2293;15.7775;15.4312;15.5645;15.5521;15.1791;15.2695;15.2587;15.2531;15",14.7698,"0.5;0.1;0.4"
21.9434,17.1781,6.68294,"1;1.97591;2.81521;3.61781;4.21263;4.66493;5.19782;5.87214;6.3963;6.76702;7.29596;8.22108;8.46055;9.22437;10.0875;10.8862;11.3929;12.2284;12.858;13.6089;14.4369;15.2622;15.8683;16.6197;17.618;18.109;18.7471;18.9719;19.3467;20.2793;21","15;15.2182;15.5613;15.998;16.2863;16.5835;16.9655;17.5495;17.7104;17.9894;18.279;18.3845;18.4139;18.5487;18.3268;18.4487;18.3996;18.282;18.3694;18.1003;17.7967;17.2337;16.7374;16.3862;16.3694;16.1438;15.493;15.3803;15.2378;15.3266;15",15.7125,"0.5;0.133333;0.366667"
22.8946,11.8998,7.89082,"1;1.69623;2.39738;3.07044;3.70091;4.50063;5.2208;5.68146;6.42667;7.16989;7.77408;7.98507;8.70771;9.39329;10.3027;11.218;12.1625;12.7122;13.3193;14.0112;14.4204;15.1054;15.6159;16.4014;16.8604;17.1958;17.958;18.6801;19.4445;20.2364;21","15;15.4147;15.7968;16.1993;16.4579;16.9556;17.2502;17.5286;17.702;17.8368;18.4928;18.805;19.284;19.3248;19.6223;19.4421;19.5912;19.6947;19.6206;19.1235;18.7834;18.5329;18.0657;17.5821;16.8252;16.6997;16.0765;15.7013;15.3673;15.1906;15",16.0609,"0.5;0.166667;0.333333"
22.9104,9.06442,8.52065,"1;1.67406;2.36176;2.9548;3.55789;4.16275;4.6809;5.4812;6.40215;7.24316;7.99889;8.94568;9.5133;10.2389;10.9432;11.8441;12.7884;13.125;13.9506;14.6476;15.4479;15.7578;16.2752;16.6997;17.2554;17.7546;18.0304;18.5125;18.957;19.784;20.3935;21","15;15.7387;16.0545;16.4106;16.8758;17.3219;17.6156;18.2152;18.6049;18.9672;19.3706;19.644;19.7365;19.7647;19.6285;19.6617;19.7793;19.7441;19.6055;19.3895;18.8932;18.6722;18.2244;17.8248;17.2564;16.8199;16.5721;16.15;15.9265;15.4938;15.1368;15",15.8243,"0.5;0.2;0.3"
23.3707,8.50633,9.47229,"1;1.73304;2.21768;2.98766;3.6612;4.37504;5.28787;5.92654;6.70509;7.04921;7.79859;8.38321;9.27331;10.1073;10.7222;11.7047;12.5538;13.445;14.192;15.1096;15.7735;16.5661;17.0181;17.9108;18.6893;18.9048;19.5638;20.21;20.5633;20.6417;21","15;15.6679;16.2262;16.5365;17.0823;17.5406;17.7998;18.2232;18.6092;18.7735;19.0252;19.153;19.3884;19.6605;19.6548;19.819;19.6523;19.8834;19.7818;19.4618;19.0799;18.7427;18.4287;18.3061;17.7508;17.5797;17.0609;16.7148;16.1636;15.5042;15",16.1961,"0.5;0.233333;0.266667"
24.5329,5.44495,9.77116,"1;1.23269;1.79911;2.41361;3.28144;3.53491;4.12054;4.55169;4.99542;5.82964;5.97358;6.84947;7.51236;8.31742;9.03951;9.87922;10.6353;11.4617;12.3983;13.287;14.0175;14.8359;15.4299;15.953;16.5083;17.1258;17.6875;17.9343;18.3728;18.7995;19.2278;19.8494;20.279;20.6595;21","15;15.1984;15.726;15.9689;16.4658;17.2285;17.9179;18.3833;18.7155;19.2491;19.2326;19.4893;19.818;20.1815;20.6536;20.8526;20.9516;21.0998;21.1665;21.0388;20.5484;20.2342;19.6803;19.2194;18.9525;18.5777;18.3072;18.0514;17.5489;17.2683;16.6539;15.9784;15.2095;15.0929;15",15.9984,"0.5;0.266667;0.233333"
24.9386,5.46387,10.4497,"1;1.53528;1.48263;2.12113;2.94811;3.7653;4.4014;4.93442;5.42587;6.19845;7.04567;7.58684;8.3285;8.64516;9.35386;10.1776;11.0185;11.6526;12.3248;13.2519;14.1874;14.8791;15.2669;15.7757;16.5329;17.2086;17.8721;18.4442;19.1243;19.8286;20.247;20.8262;21","15;15.351;16.1905;16.8448;17.3328;17.9092;18.4196;18.7852;19.1144;19.6051;20.0365;20.1998;20.5541;20.6206;20.8358;20.7632;20.78;20.6168;20.7616;20.9248;20.704;20.5441;19.6805;19.3372;18.7856;18.678;18.172;17.6888;17.3866;16.8337;16.0001;15.2165;15",16.1984,"0.5;0.3;0.2"
24.1752,6.7369,9.38301,"1;1.72431;2.26482;2.58259;3.13293;3.76864;4.29211;4.897;5.67453;5.97482;6.59247;7.22677;7.63754;8.20552;9.00486;9.36258;10.3201;11.1722;11.8734;12.6945;13.3579;13.7393;14.4965;15.2254;16.0267;16.5649;17.1654;17.9514;18.4918;19.0857;19.4871;19.8288;20.1691;21","15;15.2008;15.6121;16.1429;16.9153;17.1561;17.5171;17.8974;18.3586;18.4913;19.0313;19.1482;19.3851;19.6668;19.9685;20.2763;20.5553;20.5087;20.577;20.6994;20.4247;20.3908;20.0088;19.8706;19.286;18.6568;18.0656;17.5613;17.2038;16.7388;16.0909;15.7459;14.9561;15",15.8971,"0.5;0.333333;0.166667"
25.1377,5.48608,10.4055,"1;1.26852;1.86591;2.09914;2.92653;3.27518;3.9045;4.55118;5.01714;5.7682;6.25576;7.2038;7.73953;8.34557;8.73555;9.63869;10.3239;10.7447;11.4026;11.887;12.5812;13.5653;14.1117;15.1029;15.7588;16.2174;16.6868;17.3372;17.8857;18.5265;19.281;19.9174;20.0728;20.6757;21.0317;21","15;15.1164;15.8016;15.8538;16.3319;17.1128;17.7979;18.5054;18.7541;19.0351;19.1964;19.173;19.4147;20.2102;20.1698;20.0948;20.37;20.6565;20.8513;20.9635;20.9736;20.9508;20.9309;20.8605;20.7359;20.3679;20.0804;19.3481;18.6017;17.9548;17.4743;16.9517;16.7858;16.1684;15.2812;15",15.9678,"0.5;0.366667;0.133333"
24.2403,5.81229,9.55943,"1;1.81824;2.18183;2.96727;3.18074;3.68562;4.16451;4.7788;5.32063;5.98581;6.65789;7.32195;8.01765;8.84199;9.44814;10.2454;11.2166;12.0233;12.9213;13.322;14.1708;14.986;15.6577;15.8482;16.5938;17.1825;17.893;18.5541;19.0945;19.3574;19.9646;20.5292;21","15;15.4034;15.6481;16.0565;16.2438;16.8153;17.5643;18.1475;18.6729;19.0965;19.5703;20.1771;20.3457;20.622;20.6574;20.7387;20.6837;20.7507;20.7611;20.5086;20.2997;19.7279;19.2391;19.0039;18.7151;18.252;18.035;17.43;17.0033;16.3137;16.0925;15.748;15",15.401,"0.5;0.4;0.1"
25.9194,4.12433,10.7914,"1;1.61658;2.21368;2.35964;3.12007;3.46975;4.29615;4.83474;5.02658;5.41984;6.02912;6.38321;7.04244;7.55005;8.10318;8.96687;9.67079;10.3406;11.1513;11.7356;12.1612;12.6778;13.615;14.1387;14.9461;15.7554;16.2844;17.1095;17.7339;18.068;18.6235;19.1776;19.6372;20.1166;20.8032;21","15;15.7873;16.2321;16.7003;17.1776;17.3162;17.6189;18.1259;18.7232;19.4393;19.9845;20.1493;20.6748;21.0745;21.4443;21.634;21.8893;21.9962;21.7899;21.7363;21.5042;21.3696;21.0703;20.9648;20.6801;20.5656;19.9029;19.6059;18.9327;18.3526;17.763;17.0039;16.4803;16.4554;15.8867;15",15.4664,"0.5;0.433333;0.0666667"
25.6076,4.1443,10.7757,"1;1.91602;2.3622;2.66189;3.0992;3.68891;4.13905;4.90926;5.58866;6.20992;7.08419;7.83051;8.31255;9.17607;9.71892;10.2892;10.6804;11.0624;11.7696;12.5344;12.6569;13.5202;14.1877;14.5409;14.6587;15.5494;16.4235;17.2378;17.9298;18.622;19.0989;19.6737;20.1381;20.2958;20.3496;20.7204;21","15;15.4011;16.2961;17.1723;17.3941;17.9772;18.6124;19.2118;19.6718;19.9017;20.0737;20.3274;20.5658;20.9519;21.1237;21.2055;21.203;21.1975;21.2361;21.0182;21.0604;21.2771;21.011;20.8264;20.7646;20.6497;20.2198;19.7917;19.3056;18.6549;18.6182;17.8521;17.1528;16.4986;15.8083;15.2833;15",15.097,"0.5;0.466667;0.0333333"
26.4985,3.10793,11.3642,"1;1.63418;2.0962;2.64328;3.03468;3.41466;3.82775;4.30987;4.92294;5.60267;6.06912;6.67217;7.11127;7.60276;8.35924;9.12363;9.77897;10.253;10.7907;11.4566;12.0883;13.0793;13.5771;14.2713;15.1591;15.7673;16.7173;17.0946;17.8334;18.5415;19.0518;19.4226;19.9102;20.4287;20.7761;20.9875;21","15;15.5029;15.9698;16.7744;17.333;17.9578;18.4351;19.1327;19.6866;20.3658;20.5476;21.2031;21.6063;21.8414;21.9331;22.1039;22.159;22.3089;22.1055;21.8852;21.4572;21.4385;21.4252;21.3746;21.1349;20.9959;20.7614;20.3764;19.7215;19.1172;18.7329;18.1474;17.6815;16.8861;16.1369;15.2452;15",14.8032,"0.5;0.5;0"
20.4217,48.6335,0.564419,"1;1.96473;2.19559;3.10038;3.5219;4.17631;4.84426;5.52298;6.41238;7.26489;8.20713;8.53458;8.92124;9.75475;10.5915;11.5301;12.474;13.0013;13.9336;14.9043;15.7692;16.6621;17.2966;18.134;18.7965;19.474;20.3687;21","15;14.9343;14.9768;15.0588;15.0131;14.7966;14.8212;14.8176;14.8475;14.7162;14.812;14.721;14.7889;15.0219;15.3226;15.2351;15.0903;15.2009;15.2473;15.4441;15.6562;15.7056;15.6872;15.5448;15.258;15.3111;15.3792;15",11.155,"0.533333;0;0.466667"
20.4952,45.7933,0.624874,"1;1.93756;2.79255;3.69462;4.47084;5.23453;5.87138;6.51538;7.30081;8.22002;8.44335;9.23483;10.2028;11.0983;12.0429;12.5234;13.1432;13.6804;14.2358;14.9297;15.6267;16.513;17.3503;18.261;18.9852;19.6399;20.2439;21","15;14.8367;14.8488;14.8476;14.8923;14.9267;15.1432;15.3619;15.699;15.6265;15.7567;15.8021;15.5511;15.334;15.2064;15.2727;15.1359;15.2142;15.3687;15.3501;15.0225;15.0921;15.3156;15.2302;15.247;15.216;14.9156;15",12.728,"0.533333;0.0333333;0.433333"
20.5644,38.7728,1.47924,"1;1.73533;2.44694;3.44008;3.94233;4.62507;5.50058;6.32442;6.96201;7.63403;8.05973;8.99374;9.55073;10.1051;10.8087;11.6177;12.3938;12.7486;13.1992;13.8898;14.729;15.4305;16.2033;17.173;17.8928;18.4866;18.9047;19.6636;20.5502;21","15;15.0546;15.0515;15.1118;15.1018;15.204;15.6428;15.8395;15.5739;15.6732;15.6531;15.8708;15.9768;16.1047;16.2291;16.5168;16.3804;16.0847;16.0815;16.0067;15.922;15.7392;15.7323;15.5006;15.4871;15.4506;15.406;15.2976;14.9566;15",14.1442,"0.533333;0.0666667;0.4"
20.5822,37.7028,1.84379,"1;1.99499;2.73181;3.48106;3.895;4.80301;5.48499;5.98201;6.6446;7.02645;7.88777;8.5826;9.29956;9.83422;10.1384;11.1091;11.8778;12.6383;13.4637;14.0075;14.5091;15.1345;15.7764;16.4724;17.0797;17.6148;18.3803;19.2821;19.9806;20.5021;21","15;15.0999;15.1151;15.1997;15.2125;15.493;15.7067;15.6672;15.5771;15.8176;15.8096;15.851;15.8741;15.8534;15.9749;16.0758;16.2235;16.236;16.4395;16.4939;16.624;16.2462;16.0292;16.0919;16.0975;15.8135;15.7515;15.4053;15.2114;15.0722;15",15.4235,"0.533333;0.1;0.366667"
21.3959,23.5137,5.0438,"1;1.89848;2.64284;3.60838;4.54865;4.80515;5.58746;5.87885;6.06194;6.9859;7.55313;7.85076;8.73751;9.1317;10.0572;10.5778;11.0042;11.9062;12.4248;13.2128;13.9567;14.8094;15.5627;16.286;17.0075;17.5452;18.2159;18.9175;19.631;20.2037;21","15;14.8761;14.8893;15.1466;15.1163;15.3647;15.8141;15.9844;16.0897;16.3192;16.7063;16.9147;17.2715;17.4992;17.7874;17.8467;17.8696;18.0297;18.0366;17.9322;17.8249;17.5072;16.9369;16.5474;16.2449;16.0098;15.8514;15.5506;15.4299;15.3882;15",16.2275,"0.533333;0.133333;0.333333"
23.027,10.9853,8.5059,"1;1.91641;2.20122;2.85641;3.58883;4.21167;4.67431;5.16596;5.7569;6.13956;6.74293;7.54587;8.47959;9.45167;10.3388;10.8231;11.712;12.3846;12.8801;13.4294;13.8997;14.835;15.7196;16.5665;17.0611;17.8913;18.8162;19.7765;20.1776;20.7443;20.8126;21","15;15.4003;15.4895;15.9231;16.562;17.1884;17.6434;18.0848;18.2108;18.8814;19.4781;19.5458;19.2746;19.2793;19.3674;19.4237;19.3988;19.2631;18.8937;18.62;18.4645;18.3678;17.903;17.4815;17.2547;16.771;16.3908;16.1117;15.9695;15.2677;15.0805;15",16.6637,"0.533333;0.166667;0.3"
23.1758,8.68794,8.51802,"1;1.41082;2.02612;2.8465;3.57129;4.09118;4.62366;5.22156;5.89434;6.59578;7.48827;8.37942;9.31085;10.082;11.0624;11.8307;12.3174;13.0597;13.7765;14.2502;14.991;15.7848;16.0663;16.2573;16.9421;17.4382;17.852;18.212;18.9814;19.9173;20.592;21","15;15.1778;15.5477;16.0457;16.6405;17.0241;17.7685;18.0608;18.5374;19.0062;19.4546;19.8172;19.7286;19.8399;19.9107;19.9948;19.7835;19.7538;19.5447;19.4479;18.8951;18.5716;18.4301;18.031;17.5706;17.1553;16.8819;16.3293;15.7597;15.4075;15.1879;15",16.3695,"0.533333;0.2;0.266667"
23.5675,9.0149,8.71174,"1;1.50662;1.81648;2.51163;2.95786;3.77402;4.43577;5.02258;5.47544;6.39392;7.33985;8.29905;9.27021;9.55309;10.2901;10.6689;11.4178;12.0685;12.6946;13.311;14.0585;14.6092;15.3921;16.228;16.6256;17.1544;17.7775;18.6345;18.878;19.665;20.1258;21","15;15.3315;15.9191;16.1712;16.6382;17.0886;17.5115;18.0472;18.8889;19.2036;19.449;19.6995;19.8639;19.8989;19.8632;19.8454;20.0124;20.3142;19.9664;19.6849;19.5911;18.8152;18.2102;17.6946;17.363;16.9551;16.4341;16.0104;15.9086;15.4358;15.1555;15",16.7055,"0.533333;0.233333;0.233333"
24.5705,6.29608,9.77105,"1;1.57709;2.18746;2.56448;2.87807;3.37565;4.15295;4.42811;5.20428;5.86244;6.42644;7.1184;7.78204;8.03721;8.85614;9.23312;10.1445;10.4636;11.2472;12.1316;12.5802;13.3874;14.0156;14.7316;15.2305;16.2012;16.5023;17.2886;18.1718;18.9224;19.3494;19.4879;20.0041;20.3863;21","15;15.4086;15.7495;16.0011;16.8121;17.2408;17.6546;17.866;18.3007;18.6803;19.0415;19.434;19.8705;20.0022;20.2857;20.3711;20.6446;20.73;20.6667;20.6509;20.508;20.1279;19.9362;19.7186;19.1593;19.3213;19.12;18.669;18.3268;17.7135;16.9457;16.0879;15.37;14.8904;15",16.7374,"0.533333;0.266667;0.2"
23.8185,8.81577,8.76932,"1;1.3836;2.10984;2.3899;3.18404;4.06865;4.54248;5.08932;5.88699;6.58877;7.14713;8.00574;8.77945;9.68783;10.3651;11.3159;11.361;12.3362;13.1655;13.6142;14.4158;15.0784;15.8284;16.3731;16.938;17.3543;17.9585;18.3923;19.1114;19.5342;20.2963;21.1522;21","15;15.0596;15.3711;15.5999;16.1556;16.5185;17.3358;17.9714;18.437;18.8784;19.3576;19.5666;19.9252;20.0659;19.9236;19.7637;19.7709;19.8276;19.7898;19.3692;19.0189;18.7444;18.202;17.9117;17.6846;17.7188;17.1966;16.9606;16.3643;16.0193;15.9375;15.6957;15",16.8095,"0.533333;0.3;0.166667"
23.7366,7.11149,9.60683,"1;1.54305;1.85579;2.42413;3.16725;3.9374;4.76771;5.2375;6.12669;6.86717;7.55533;8.32705;8.79015;9.60257;10.1991;10.6733;11.2644;12.2104;12.6663;13.5844;14.4222;15.2448;16.1474;16.9919;17.5122;18.0403;18.7091;19.268;19.6907;20.2963;20.892;21","15;15.549;15.9326;16.4696;16.9708;17.5122;18.064;18.2977;18.6674;18.7076;19.3249;19.7492;19.9312;20.1994;20.0766;20.1728;20.1661;20.0439;20.151;20.021;19.9867;19.5762;19.1531;18.7972;18.6479;18.0358;17.6175;16.8814;16.1349;15.7978;15.438;15",16.3109,"0.533333;0.333333;0.133333"
24.9242,5.39349,9.83271,"1;1.70589;2.16125;2.88823;3.64218;3.97759;4.39531;4.97591;5.53275;6.34758;7.06066;7.4469;8.24784;8.90117;9.72771;10.4313;11.0101;11.6352;12.3833;13.3743;14.0944;14.8458;15.3089;15.9073;16.5497;16.9638;17.6388;18.2548;18.6944;19.1182;19.2586;19.693;20.0306;20.3444;21","15;15.5279;15.9929;16.4721;16.6327;17.0315;17.5241;18.3316;18.9864;19.25;19.5672;19.8835;20.3966;20.8144;20.8272;20.9818;21.0355;21.0551;21.137;21.0794;20.6218;20.1169;19.9657;19.4946;19.3249;19.4148;18.8166;18.1288;17.2965;16.4019;16.2529;15.8579;15.5401;15.0238;15",16.2538,"0.533333;0.366667;0.1"
24.9102,5.63403,10.3913,"1;1.79566;1.98559;2.48933;2.91525;3.7167;4.19814;4.62665;5.20194;5.63676;6.45298;7.06497;7.76038;8.6613;9.65619;10.6492;11.4563;12.431;12.9798;13.6816;14.3232;14.8277;15.4092;15.8396;16.4809;16.846;17.6212;18.417;19.103;19.3408;20.0133;20.4656;20.9471;21","15;15.3105;15.9999;16.7881;17.4703;18.0363;18.4994;18.9597;19.5474;19.9504;20.2955;20.5147;20.4405;20.2124;20.2758;20.2753;20.5596;20.7002;20.4965;19.9963;19.8735;19.7422;19.6999;19.5091;19.2048;18.6567;18.2039;17.9514;17.4464;17.2274;16.7525;16.4085;15.759;15",16.2318,"0.533333;0.4;0.0666667"
24.9833,4.51053,10.3676,"1;1.82042;2.51521;2.87427;3.11215;3.78566;4.00532;4.59542;5.22329;6.06405;6.15209;6.20766;7.02697;7.8636;8.33741;8.7821;9.69743;10.6377;11.5929;12.0455;12.7352;13.3117;13.9872;14.8347;15.7178;16.4698;17.453;18.1509;18.4759;19.0039;19.5522;19.9548;20.3305;20.7712;21","15;15.5125;16.1802;16.8079;17.0182;17.6306;17.9046;18.4238;19.0436;19.5743;19.6305;20.0839;20.5324;20.8447;20.8619;20.9246;20.9693;21.1107;21.1791;21.1583;20.9194;20.8615;20.4551;20.2273;20.0129;19.6527;19.4701;18.7541;18.3552;17.5691;17.07;16.4982;16.2368;15.6336;15",15.6246,"0.533333;0.433333;0.0333333"
25.8834,3.85194,10.8658,"1;1.73907;2.39969;2.5071;3.1043;3.36102;3.98915;4.51815;4.86522;5.28256;5.8656;6.39928;7.16701;7.86843;8.83953;9.66343;10.0635;10.6675;11.5629;11.7343;12.5638;13.5061;14.3781;15.1177;16.0412;16.8945;17.0769;17.7408;18.4699;18.8317;19.2537;19.5394;19.9318;20.2089;20.4659;20.9021;21","15;15.5252;16.0004;16.355;16.8235;17.1002;17.8247;18.2079;18.6433;18.9977;19.7482;20.0834;20.4015;20.5321;20.5185;20.9896;21.1654;21.3785;21.683;21.7835;22.079;21.9614;21.7315;21.3542;20.9842;20.6093;20.5054;19.8245;19.3296;18.771;18.3247;17.586;17.3737;16.6559;15.8817;15.085;15",15.602,"0.533333;0.466667;0"
20.3721,57.1337,0.262194,"1;1.52423;2.30451;2.68604;3.65233;4.28654;5.23728;5.71829;6.50296;7.42553;8.32003;9.1902;9.87493;10.4256;11.4233;12.2056;12.9415;13.8598;14.0171;14.9067;15.6023;16.1968;17.0852;17.7839;18.4008;19.3312;19.469;20.3644;21","15;14.7024;14.5127;14.47;14.357;14.4959;14.4475;14.2755;14.1513;13.9695;14.1076;14.1542;14.2305;14.1589;14.1088;14.0087;14.1686;14.3604;14.3556;14.3646;14.2845;14.2908;14.5776;14.825;14.8136;14.9371;14.9476;14.8528;15",11.6578,"0.566667;0;0.433333"
20.4377,45.6949,0.528604,"1;1.8814;2.69442;3.68312;4.51423;5.07525;5.63399;6.58307;7.44236;8.29164;9.16432;10.0006;10.8389;11.2004;11.4219;12.4013;13.3335;14.1756;14.8245;15.511;16.4364;17.3493;18.262;19.0387;19.3213;20.0347;21","15;14.8799;14.7259;14.576;14.7958;14.8104;14.8856;15.1097;15.2696;15.3727;15.598;15.5624;15.5081;15.6283;15.633;15.5858;15.5644;15.3106;14.9576;14.8406;14.6708;14.5496;14.4299;14.4764;14.6132;14.93;15",13.316,"0.566667;0.0333333;0.4"
20.6525,37.1574,1.70422,"1;1.636;2.03632;2.67219;3.25125;4.06644;4.49691;5.25695;5.50787;6.27161;7.04677;7.67309;8.18519;9.11389;9.70051;10.4109;11.4052;12.2986;12.7308;13.6272;14.2537;14.9698;15.7937;16.1215;16.7324;17.168;18.0449;18.6402;19.6041;20.4974;21","15;15.0463;14.9327;15.1208;15.262;15.3636;15.4583;15.6819;15.7152;15.9845;16.1973;16.2164;16.2959;16.261;16.2943;16.1322;16.0258;16.0049;16.1782;16.295;16.2279;15.9497;15.7476;15.6113;15.3832;15.2998;15.1778;14.9624;15.1721;14.7352;15",14.8051,"0.566667;0.0666667;0.366667"
20.7372,35.5591,2.12477,"1;1.6856;2.49992;3.41696;4.39936;5.02664;5.80837;6.42234;7.36985;8.06457;8.91194;9.76734;10.1961;10.8282;11.6897;12.5002;13.2711;14.2149;15.1452;15.6642;16.307;17.1727;17.8468;18.6985;19.4275;20.3944;21","15;15.108;15.2892;15.4606;15.5162;15.7913;16.0956;16.1425;16.1219;16.3764;16.42;16.4888;16.601;16.3191;16.4744;16.5175;16.3843;16.1228;15.762;15.495;15.3324;14.9829;14.8465;14.791;14.5507;14.6137;15",16.0153,"0.566667;0.1;0.333333"
21.5319,22.2267,5.30522,"1;1.60287;2.38375;3.05001;3.94525;4.56468;5.40857;5.99066;6.49695;7.11212;7.95732;8.83482;9.57847;10.3354;11.1227;11.7405;12.5662;13.471;13.8806;14.4812;15.3625;16.1907;17.1327;17.7997;18.5865;18.8045;19.5195;20.3768;21","15;15.1415;15.1468;15.3178;15.5903;15.784;16.137;16.4961;17.0569;17.3956;17.7957;17.8165;18.0026;18.0795;18.0911;18.0293;17.8707;17.4695;17.1594;16.9573;16.555;16.2135;16.1569;15.7486;15.3407;15.4346;14.97;15.1313;15",16.7565,"0.566667;0.133333;0.3"
23.5625,11.572,8.31873,"1;1.85076;2.72723;3.53535;4.18219;4.9308;5.71913;6.33296;6.65564;7.33022;7.76937;8.44997;8.92221;9.8614;10.5325;11.4466;12.2634;13.1195;13.8545;14.7269;15.2866;16.2478;16.7862;17.7162;18.2087;18.5281;19.3174;20.0964;21.0249;21.3694;21","15;15.4276;15.8109;16.3155;16.5583;16.9025;17.1531;17.375;17.5501;17.8994;18.4021;18.9273;19.1305;19.4412;19.5299;19.682;19.4017;18.8958;19.0641;18.8179;18.7856;18.6467;18.2873;17.9915;17.3345;16.6735;16.0948;15.4951;15.2399;14.9954;15",17.4991,"0.566667;0.166667;0.266667"
22.9213,9.5275,8.81877,"1;1.57054;1.91828;2.4493;3.25801;3.88288;4.52834;4.92005;5.61456;6.04956;6.8308;7.71079;8.5721;9.42695;9.94655;10.6617;11.1073;12.0975;12.6713;13.5705;14.4192;15.0953;15.8779;16.6008;17.3997;18.1282;18.6849;19.2204;20.1255;20.5789;21","15;15.2824;15.5398;15.931;16.5017;16.7693;17.3071;17.8514;18.3112;18.4296;18.7009;19.1267;19.0382;19.3858;19.6056;19.6203;19.56;19.5376;19.4532;19.1498;18.9998;18.8989;18.5616;18.5808;18.0553;17.6407;16.9781;16.3218;15.9179;15.4439;15",16.952,"0.566667;0.2;0.233333"
22.7838,11.3052,8.50795,"1;1.56454;2.11751;2.6628;2.9998;3.50761;4.33713;5.11436;5.88627;6.65785;6.96745;7.64124;8.17473;9.05361;9.46019;10.373;10.951;11.5584;12.4969;13.284;13.6823;14.4736;15.3864;16.1295;16.7523;17.5355;18.3374;19.2136;19.8541;20.4285;21.179;21","15;15.157;15.4855;15.8413;16.0082;16.3985;16.8079;17.1553;17.7669;18.0218;18.24;18.466;18.6301;18.8668;18.9796;19.1828;19.2749;19.4546;19.594;19.2104;18.8792;18.7257;18.6515;18.3958;17.9714;17.6343;17.1922;16.8212;16.482;15.9567;15.3287;15",17.2503,"0.566667;0.233333;0.2"
24.6059,5.16162,9.88893,"1;1.62668;2.18137;2.57485;2.9628;3.44236;3.87239;4.29177;4.93107;5.75837;6.53436;6.67351;7.36099;8.02226;8.6073;8.94686;9.3785;10.0305;10.7943;11.6842;12.3593;13.2041;13.7696;14.5147;15.0683;15.5005;15.9544;16.2288;16.9937;17.5362;17.9843;18.4435;19.0797;19.5933;20.0459;20.4671;21","15;15.333;15.8169;16.3692;16.7133;17.392;18.0854;18.4772;18.6728;19.152;19.4127;19.4548;19.9777;20.2256;20.4589;20.5746;20.7114;20.953;21.2514;21.3713;21.3646;21.0027;21.0829;20.569;20.1954;20.0388;19.4003;19.1577;18.6293;18.0266;17.5931;17.0697;16.4029;16.19;15.8352;15.4407;15",16.9679,"0.566667;0.266667;0.166667"
23.1862,9.73283,8.23792,"1;1.90447;2.61689;3.25322;3.76042;4.17565;4.88679;5.0703;5.87482;6.58294;6.73372;7.21519;8.12053;8.7549;9.6877;10.5023;11.0033;11.8937;12.4835;13.3876;13.7451;14.2166;15.1247;15.8826;16.1718;16.9835;17.4554;17.8399;18.4744;19.3414;19.5343;20.4535;21","15;15.4265;15.6194;15.8986;16.2561;16.9282;17.5605;17.7654;18.0709;18.6976;18.8368;19.2173;19.5001;19.681;19.7419;19.9305;19.9309;20.0032;19.7363;19.5368;19.1785;18.8416;18.4368;18.3545;17.7898;17.394;16.9889;16.5445;16.003;15.599;15.5091;15.1885;15",17.1571,"0.566667;0.3;0.133333"
24.5376,4.9292,10.1719,"1;1.61445;2.2742;2.66786;3.25833;3.35229;3.95164;4.42222;5.03826;5.24799;6.1121;6.86441;7.8079;8.80785;9.35267;10.2415;11.1849;12.1439;12.7078;13.5048;14.3496;15.1919;15.715;16.4839;17.2048;17.9534;18.4121;19.03;19.5552;20.2279;20.8492;21","15;15.789;16.2745;16.6188;17.1765;17.3208;17.9043;18.4161;19.1103;19.3959;19.7785;20.3308;20.6621;20.6723;20.7853;20.9308;20.8966;21.0107;20.8678;20.5436;20.3161;20.0774;19.82;19.2383;18.6877;18.2222;17.9046;17.2546;17.0134;16.2824;15.7906;15",16.5649,"0.566667;0.333333;0.1"
25.1515,4.70519,10.5068,"1;1.29238;1.9094;2.41472;3.00341;3.41401;3.9828;4.38358;5.1847;5.89481;6.72352;7.66389;8.35723;9.14358;9.70001;10.1755;10.7721;11.3125;12.2756;13.068;13.6313;14.394;14.9773;15.6209;16.24;16.8782;17.4287;18.1095;18.5006;18.8295;19.5839;20.0563;20.634;21","15;15.0725;15.8239;16.4013;16.9297;17.3474;17.8773;18.3672;18.9657;19.4375;19.8318;20.0654;20.3039;20.5861;20.7565;20.7575;21.2589;21.8453;21.667;21.492;21.0582;20.6486;20.4207;20.1749;19.7167;19.1644;18.7857;18.4996;17.7711;17.5737;17.1889;16.5833;15.7935;15",16.6782,"0.566667;0.366667;0.0666667"
24.6545,5.63475,9.72322,"1;1.89796;2.3795;2.72238;3.09796;3.79898;4.28919;4.46734;5.37106;5.96201;6.6643;7.30862;8.1963;9.13634;9.30661;10.1456;10.9048;11.6261;11.9625;12.5645;13.231;13.8029;14.361;15.1325;15.6666;15.7938;16.3362;17.055;17.6229;18.1902;18.6755;19.4293;20.2048;20.5626;21","15;15.2686;16.0788;16.7986;17.4916;18.1729;18.9432;19.1016;19.4718;19.819;20.2925;20.8783;20.8658;20.9599;20.9115;20.9924;21.0363;20.9375;20.9159;20.5215;20.4345;20.1205;19.7337;19.3084;18.7912;18.7491;18.5363;18.1003;17.5519;16.8785;16.4203;15.8405;15.551;15.2036;15",16.5489,"0.566667;0.4;0.0333333"
25.048,4.96382,10.3316,"1;1.53536;2.2576;2.71141;3.42936;3.84995;4.49985;5.06175;5.63096;6.04455;6.91165;7.36692;7.49093;8.41735;9.12169;10.0087;10.3976;11.2802;12.1786;12.3509;13.0833;13.6948;14.2915;15.2424;15.513;16.392;17.2236;17.8126;18.2239;18.8576;19.0118;19.158;19.9682;20.2591;20.6868;21","15;15.2578;15.7208;16.298;16.831;17.5058;17.9822;18.7016;19.5238;19.8607;19.8726;20.0672;20.0462;20.3165;20.6645;20.868;20.9098;21.0263;20.9484;20.9119;21.1954;21.0657;20.2688;20.0192;19.8497;19.5881;19.4475;18.7674;18.3034;17.7727;17.6429;17.499;16.962;16.3487;15.6144;15",16.3448,"0.566667;0.433333;0"
20.8086,57.7245,0.296614,"1;1.44412;2.22721;3.02468;3.88765;4.0968;4.99646;5.70003;6.25129;6.92056;7.50763;8.18049;8.75691;9.42115;10.3454;11.1371;12.0144;12.6792;13.6198;14.4399;15.4036;15.9246;16.4766;17.1027;17.8194;18.7455;19.4945;20.2583;21","15;15.064;15.0628;14.8684;14.9922;14.99;14.9998;14.938;14.8089;14.816;14.6077;14.4336;14.0539;14.5013;14.5189;14.5084;14.0916;14.5007;14.5346;14.3892;14.2023;14.1931;14.0068;13.9435;13.9768;14.2533;14.5656;14.7194;15",12.6038,"0.6;0;0.4"
20.5392,43.715,0.840646,"1;1.85614;2.81069;3.80084;4.80062;5.7306;5.92717;6.83594;7.77902;8.71085;9.63216;10.5689;10.6192;11.5663;12.5284;13.1917;13.8074;14.786;15.6795;16.4901;16.95;17.8685;18.5384;19.5298;20.4749;21","15;15.5167;15.2187;15.3587;15.3379;15.284;15.2606;15.2575;15.2254;15.2882;15.4436;15.6702;15.6793;15.4739;15.6591;15.766;15.8226;15.905;15.9319;15.5406;15.4512;15.3702;14.9955;14.9442;15.139;15",14.0889,"0.6;0.0333333;0.366667"
20.7294,41.5644,1.28308,"1;1.44488;2.05988;2.93874;3.86309;4.43885;5.27611;6.13288;6.47907;7.35935;7.74566;8.69868;9.57794;9.86567;10.6327;11.2595;12.1126;13.0531;13.8862;14.8772;15.4284;16.2107;16.5675;17.557;18.4506;18.8403;19.6252;20.2663;21","15;15.1441;15.186;15.0623;15.2352;15.2523;15.0934;15.1437;15.0592;15.059;15.0675;15.298;15.405;15.4819;15.9041;16.1878;16.2979;16.3403;16.2518;16.1543;16.2055;15.6182;15.4147;15.3267;15.3688;15.2636;14.9437;15.2189;15",15.6363,"0.6;0.0666667;0.333333"
21.0399,26.2721,4.67304,"1;1.64315;2.21729;2.91718;3.81545;4.34782;5.16345;5.76755;6.25997;7.17949;7.89077;8.68417;9.35012;10.0316;10.9462;11.6084;12.4271;13.3321;13.9726;14.4788;15.2484;16.1671;17.0428;17.6301;18.277;18.5397;19.3276;19.868;20.638;21","15;15.1679;15.5327;15.691;15.9264;16.1246;16.6174;16.9882;17.1201;17.3078;17.3874;17.5694;17.6553;17.5229;17.4381;17.3251;17.0603;16.8254;16.5993;16.354;16.2079;15.85;15.5467;15.3338;15.0628;14.8531;14.7791;14.818;14.87;15",16.653,"0.6;0.1;0.3"
22.0796,16.5359,6.82378,"1;1.50837;2.1763;2.89802;3.48283;4.36135;5.22176;6.00542;6.19789;6.96608;7.64744;8.14238;8.37383;9.08661;9.64895;10.3875;11.0244;11.899;12.8094;13.6019;14.0169;14.5569;15.4082;16.3398;16.7686;17.1342;18.1015;18.6327;18.9264;19.6018;20.5537;21","15;15.0823;15.1793;15.4823;15.6722;16.0087;16.2565;16.5707;16.6665;17.0183;17.5186;17.7658;17.8192;18.3079;18.6068;18.7339;18.8499;18.9394;18.5803;18.5337;18.4539;18.1803;18.0645;17.735;17.3884;16.7892;16.72;16.1911;15.8995;15.3995;15.2106;15",17.2722,"0.6;0.133333;0.266667"
23.0763,9.22688,8.69233,"1;1.81896;2.51873;3.01694;3.66212;4.34486;4.89401;5.59067;6.04885;6.76481;7.42438;8.21566;9.09824;10.0568;10.9738;11.9204;12.4425;13.2973;13.9195;14.5113;15.3496;16.1699;16.6808;17.2181;17.9837;18.664;19.208;19.8405;20.3677;21","15;15.2407;15.865;16.1702;16.3682;16.5862;17.093;17.738;18.1397;18.8329;19.1728;19.3629;19.711;19.9348;19.8127;19.5339;19.3402;19.2422;19.1598;19.144;19.1128;18.878;18.3049;18.0267;17.6647;16.9423;16.5636;16.156;15.7681;15",17.4118,"0.6;0.166667;0.233333"
23.8746,8.64113,9.1739,"1;1.29824;1.66236;2.53777;3.0154;3.25593;3.85555;4.75253;5.51527;6.23806;6.92549;7.66411;8.364;9.13233;10.0724;10.8416;11.4829;12.2925;12.8979;13.7744;14.5572;14.6854;15.1894;15.5781;16.016;16.5215;17.4736;18.1662;18.6901;19.0123;19.4248;20.2649;20.697;21","15;15.3276;15.899;16.293;16.4661;16.5599;17.3415;17.6782;17.8366;18.4519;18.7546;18.7611;19.3395;19.809;20.1432;20.3911;20.5511;20.7248;20.2068;20.0136;19.3957;19.3095;18.9413;18.4442;17.9997;17.796;17.5924;17.004;16.6978;16.0114;15.7233;15.2685;15.0661;15",17.8878,"0.6;0.2;0.2"
23.461,8.33576,9.42735,"1;1.27312;1.51419;2.15264;2.6589;2.96501;3.74993;4.56848;5.26563;5.88327;6.72046;7.46271;8.37184;8.78941;9.39473;10.3574;10.8868;11.6382;12.4482;12.9713;13.8698;14.157;14.8921;15.4587;15.9298;16.3097;17.0471;17.4193;18.09;18.611;19.2396;19.7847;20.3021;20.9529;21","15;15.3611;15.7015;16.2543;16.892;17.4212;17.8013;18.2816;18.8986;19.1505;19.4152;19.6057;19.8605;20.0011;20.0261;20.1606;19.9929;19.6301;19.4405;19.3082;19.1723;19.1375;18.964;18.8219;18.4154;17.8741;17.9517;17.7755;17.2749;16.8598;16.3897;16.0703;15.7162;15.0029;15",17.5929,"0.6;0.233333;0.166667"
23.8557,6.501,9.53827,"1;1.75677;2.57471;3.21445;3.90023;4.22932;4.84551;5.37062;5.93014;6.38694;7.16103;7.87632;8.73345;9.59047;10.1453;11.0345;11.5483;12.1986;13.0415;13.9197;14.5713;15.2822;15.9821;16.6211;17.4241;18.3273;19.0328;19.4596;20.1993;20.7423;21","15;15.6537;16.229;16.6414;17.3066;17.5369;18.1162;18.6292;19.0682;19.3824;19.7173;20.1327;20.2393;20.6527;20.9273;20.7652;20.8695;20.4435;20.0242;19.7494;19.5121;19.1418;18.7606;18.4079;17.8174;17.4815;16.9467;16.4755;16.0785;15.6016;15",17.3188,"0.6;0.266667;0.133333"
23.8338,6.703,9.15753,"1;1.60795;2.29561;2.63446;3.37105;3.80143;4.45158;4.95284;5.44723;6.01067;6.65333;7.23972;7.88917;8.39186;9.05669;9.52082;10.1026;10.7148;11.369;12.142;12.9118;13.6967;14.2144;15.1229;16.0186;16.7476;17.324;18.0935;18.4248;18.9307;19.2362;19.6785;20.4632;21","15;15.3736;15.7676;15.9317;16.329;16.6257;17.0523;17.5564;18.1092;18.4545;18.7737;19.137;19.5612;19.8508;20.2771;20.4811;20.4933;20.635;20.5566;20.4733;20.3953;20.3393;20.1963;19.7872;19.6688;19.156;18.6406;18.0652;17.523;16.8327;16.2012;15.6582;15.2305;15",17.2269,"0.6;0.3;0.1"
25.3683,4.79153,10.7685,"1;1.44903;1.65192;2.04923;2.43475;3.06319;3.34144;3.85457;4.30145;4.92269;5.57548;5.90936;6.40155;7.16411;7.70193;8.407;9.19277;10.0291;10.4277;11.3196;12.0866;12.7858;13.4629;13.9923;14.7443;15.5345;16.3783;17.1094;17.3776;18.0527;18.7293;19.2987;20.0649;20.5067;20.9958;21","15;15.622;16.0721;16.5231;17.0433;17.5146;17.9212;18.2704;18.6349;19.385;19.7611;20.6193;20.9297;21.1604;21.3875;21.5597;21.4229;20.8961;20.966;21.0286;20.9502;20.6891;20.3111;20.0227;19.7464;19.7375;19.4753;18.9731;18.7171;18.1524;17.6614;17.1635;16.6671;16.064;15.2567;15",17.536,"0.6;0.333333;0.0666667"
24.3538,5.34833,10.1204,"1;1.57992;2.19703;2.78961;3.32533;3.47045;3.62727;4.46259;4.71834;5.52082;6.34083;7.19513;7.87589;8.78526;9.18232;9.91386;10.8363;11.7862;12.51;13.4262;14.3349;15.2023;15.3365;16.1837;16.9454;17.5646;18.0516;18.5678;19.0613;19.8238;19.9871;20.4613;21","15;15.5222;16.2454;16.8805;17.5999;17.7049;17.8264;18.3161;18.286;18.8241;19.3964;19.7418;19.9714;20.1469;20.3183;20.5806;20.914;20.9766;20.9582;20.5851;20.3878;20.2744;20.0791;19.63;19.3771;19.0396;18.3042;17.6133;17.282;16.6564;16.3974;15.7755;15",16.9107,"0.6;0.366667;0.0333333"
25.9965,3.75965,10.9155,"1;1.33196;1.83283;2.20243;2.94466;3.33702;3.56311;4.09488;4.50172;5.0391;5.56524;5.85271;6.38948;7.24826;8.14443;8.80468;9.49828;10.2202;10.817;11.7726;12.4462;13.2047;14.1001;14.5328;15.422;16.4072;17.1299;17.8398;18.3005;18.9972;19.3857;19.7387;20.1436;20.8434;20.862;21","15;15.2348;15.6303;15.787;16.3698;16.7201;17.685;18.1528;18.5356;18.8609;19.5291;19.6783;20.2403;20.5267;20.8282;20.9297;21.2144;21.3619;21.3768;21.479;21.5203;21.5094;21.3821;21.3266;20.8957;20.7914;20.3221;19.7756;19.5716;19.198;18.535;17.8926;17.3006;16.7598;15.8124;15",17.1017,"0.6;0.4;0"
20.4247,53.6613,0.32262,"1;1.36536;2.11429;2.6222;3.53065;3.78997;4.64174;5.05612;5.38094;6.28537;7.14548;7.53522;8.2694;8.78479;9.54602;10.1351;10.845;11.3935;12.0751;13.0182;14.0113;14.9239;15.2536;16.1856;17.0771;17.7822;18.4794;19.1368;19.9344;20.7318;21","15;15.0906;14.813;14.8312;14.6149;14.7422;14.5725;14.467;14.3137;14.2334;14.2134;14.1585;14.208;14.3106;14.5235;14.6812;14.5385;14.7927;14.8157;15.0021;14.9513;14.8604;14.7893;14.84;14.8979;15.0417;15.0641;15.0738;14.8657;14.8752;15",13.0539,"0.633333;0;0.366667"
20.5252,45.6661,0.656063,"1;2;2.99999;3.87109;4.70341;5.66471;6.29162;7.12009;7.9302;8.79013;9.64158;10.6308;11.1637;12.1459;12.7822;13.7359;14.5173;15.4266;16.1699;16.7951;17.7444;18.6099;19.3256;19.9257;20.5562;21","15;15;14.995;14.8141;14.77;14.7414;14.8012;14.9678;15.0932;15.3288;15.5781;15.4848;15.3212;15.427;15.4376;15.5895;15.6437;15.7393;15.449;15.7982;15.5611;15.1356;15.0029;14.8176;15.0426;15",14.7402,"0.633333;0.0333333;0.333333"
20.9871,40.7629,1.461,"1;1.74001;2.64333;3.09888;3.55982;4.06321;4.95903;5.66569;6.62594;7.2754;8.00511;8.7123;9.42611;9.91141;10.4537;11.3977;12.2679;12.4406;13.2744;13.9477;14.9399;15.1315;15.7787;16.4815;16.9814;17.9339;18.719;19.4867;20.1324;21","15;14.9458;15.0139;15.2709;15.4811;15.805;16.0001;16.034;16.1031;16.1198;16.252;16.4004;15.9939;15.6981;15.7834;15.7639;15.8321;15.9319;16.0185;15.6021;15.5436;15.5321;15.7905;15.4151;15.1937;15.2345;15.3805;15.1049;15.3565;15",16.4476,"0.633333;0.0666667;0.3"
21.0971,28.0476,4.64637,"1;1.52879;2.35743;3.11213;4.01236;4.9217;5.42635;6.02372;6.75499;7.42238;8.24218;8.90532;9.77316;10.2885;10.8503;11.797;12.5631;12.7656;13.5186;14.3835;14.8232;15.638;16.0729;16.8128;17.6949;18.3927;19.062;19.8418;20.3919;21","15;15.1657;15.4452;15.9222;16.1651;16.5165;16.7488;16.8471;17.2196;17.5349;17.7555;17.5417;17.4877;17.3673;17.1683;16.9271;16.5076;16.4912;16.3281;16.098;16.1646;16.1136;16.0974;16.0221;16.1153;16.0515;15.9142;15.4408;15.3688;15",17.4053,"0.633333;0.1;0.266667"
22.1035,15.3664,6.98068,"1;1.97054;2.97046;3.73715;4.42107;5.00767;5.44379;6.02681;6.89061;7.46383;8.25105;9.15365;9.8933;10.1764;10.916;11.6453;12.0086;12.7565;13.3933;14.1685;14.6371;15.1093;15.6651;15.9385;16.5903;17.4108;18.0962;18.903;19.3452;19.9441;20.2754;21","15;15.241;15.2283;15.8703;16.221;16.4752;16.6295;17.125;17.3895;17.723;18.1361;18.2361;18.4069;18.4693;18.7586;18.8673;19.0301;19.0223;18.9771;18.6601;18.5665;18.3761;18.0789;17.947;17.2292;16.7807;16.1163;15.8706;15.6325;15.3745;15.2125;15",17.6766,"0.633333;0.133333;0.233333"
22.8545,10.7386,8.63267,"1;1.82653;2.70236;3.23476;3.55587;4.44846;5.10401;5.33876;6.11621;6.63803;7.43401;7.93667;8.70948;9.52976;10.2767;10.4437;11.1493;11.9721;12.2899;13.0358;13.5425;14.2522;15.1601;15.9462;16.7621;17.5558;18.1497;18.9128;19.8166;20.4738;20.7493;21","15;15.5629;15.7581;16.4462;16.7005;17.1422;17.5278;17.8839;18.4784;18.7971;19.0941;19.233;19.19;19.4477;19.4425;19.4187;19.2946;19.1658;19.2622;19.1277;18.9817;18.6128;18.2122;17.8355;17.8859;17.5075;17.1238;16.7097;16.3269;15.7494;15.7019;15",17.9908,"0.633333;0.166667;0.2"
23.4093,8.88328,8.79544,"1;1.52038;2.35636;2.57735;3.44914;3.67744;3.96914;4.24387;4.79014;5.48874;6.33537;6.85465;7.72905;8.35312;8.86131;9.49372;10.0083;10.7933;11.4014;12.2547;13.0556;13.8291;14.463;15.2611;15.908;16.6275;17.2364;17.7245;18.5785;19.174;19.6322;20.2502;20.2465;21","15;15.4546;15.8994;16.2076;16.582;16.7754;17.1937;17.6234;18.17;18.7706;19.2785;19.6482;19.89;19.913;19.9529;19.9548;19.9199;19.7753;19.5777;19.2224;19.3054;19.2714;19.1014;18.6122;18.2891;17.8779;17.3085;16.8767;16.4796;16.1504;16.0451;15.9336;15.5311;15",18.0684,"0.633333;0.2;0.166667"
24.0212,6.24256,9.65194,"1;1.94718;2.4535;2.72483;3.0855;3.61182;3.94123;4.62481;5.45837;6.12474;6.36624;7.3476;7.87057;8.81455;9.57441;10.1339;10.6297;11.1893;11.9017;12.8513;13.7495;14.5041;15.4184;15.8226;16.6951;17.2955;18.1423;18.7025;19.3197;19.7465;20.1495;20.76;21","15;15.3207;15.5645;16.3321;16.7623;17.2665;17.6332;18.2957;18.7636;19.3966;19.7081;19.807;19.9853;20.0383;20.1244;20.1639;20.3387;20.3756;20.4571;20.1561;20.017;19.7202;19.6662;19.4453;18.961;18.6808;18.1662;17.6441;16.9277;16.3999;16.1033;15.3113;15",17.957,"0.633333;0.233333;0.133333"
23.8408,6.37346,9.40724,"1;1.57341;2.27756;2.50444;3.19287;3.58507;4.26126;4.85257;5.62654;6.34658;6.98311;7.7395;8.50455;9.32454;9.54454;10.4309;11.3833;12.0077;12.9564;13.7296;14.5771;15.3206;15.8001;16.2663;16.932;17.2503;18.0849;18.7653;19.2671;19.9254;20.438;21","15;15.2777;15.5512;15.8494;16.2799;16.82;17.5136;18.1626;18.7598;19.2534;19.4077;19.8606;20.0477;20.2727;20.3198;20.5684;20.74;20.8144;20.5365;20.1187;19.6044;19.1533;19.1706;18.8252;18.4644;18.3908;17.8994;17.308;16.5969;16.1313;15.6342;15",17.7395,"0.633333;0.266667;0.1"
23.4036,8.07859,9.15618,"1;1.64859;2.36951;2.96278;3.34757;3.83792;4.56284;5.08672;5.92667;6.73176;6.9668;7.61619;8.37918;9.36195;10.2142;11.0891;11.8578;12.7885;13.4076;13.6843;14.6158;15.1162;15.6674;16.4908;16.9078;17.4472;18.2312;18.5502;19.1981;19.725;20.3919;21","15;15.233;15.9096;16.6717;16.9781;17.2686;17.7107;18.1426;18.5595;18.9514;19.4203;19.6976;20.0561;19.97;19.7541;19.8699;19.9142;19.9445;19.591;19.4129;19.1579;18.9671;18.9503;18.4426;17.9634;17.563;17.2814;17.0974;16.3639;15.8816;15.3995;15",17.8562,"0.633333;0.3;0.0666667"
24.7301,6.15719,9.98603,"1;1.46467;1.70698;2.31942;2.70111;3.27667;3.29346;4.00508;4.62823;5.05819;5.8461;6.403;7.10941;8.02904;8.89902;9.59881;10.4883;11.0305;11.7519;12.4492;12.9501;13.6758;14.0715;15.0232;15.8034;16.1805;17.0787;17.513;17.9381;18.4288;18.9305;19.5252;20.0136;20.5821;21","15;15.2812;15.4804;16.0396;16.372;16.749;17.7488;18.4479;18.9407;19.2944;19.7568;19.9587;20.4008;20.3897;20.2725;20.2091;20.1627;20.3733;20.6613;20.597;20.4489;19.9765;19.5611;19.3218;19.0066;18.8549;18.6601;18.6411;17.909;17.4544;16.7049;16.323;16.1343;15.3198;15",18.0477,"0.633333;0.333333;0.0333333"
24.8728,4.69886,10.3338,"1;1.18444;1.82708;2.22424;2.46677;3.11152;3.61887;4.26672;4.80609;5.56741;5.92583;6.57322;7.00319;7.991;8.69024;9.46851;10.3615;10.8273;11.8065;12.5223;12.7196;13.5398;14.3633;15.1597;15.6278;16.3082;16.5011;17.2133;17.9521;18.3076;18.4941;19.1685;19.8337;20.3596;21","15;15.2112;15.7511;16.467;16.7354;17.4998;18.1506;18.8633;19.4296;19.7951;20.0572;20.2756;20.3515;20.4743;20.6673;21.0354;21.28;21.3265;21.2696;21.1341;21.0362;20.7958;20.5514;20.0283;19.553;19.1055;18.9322;18.6204;18.247;18.1513;17.3472;16.8432;16.4622;15.7124;15",17.4757,"0.633333;0.366667;0"
20.565,44.7434,0.811531,"1;1.94353;2.65994;3.52565;3.93915;4.52336;5.5141;6.50532;7.15868;7.64256;8.46577;9.19243;9.80822;10.3569;11.327;12.271;12.7816;13.6883;14.5808;15.2245;16.1745;16.9365;17.4603;17.8641;18.7871;19.3714;20.0339;21","15;15.1973;15.3071;15.4611;15.7049;15.707;15.695;15.7112;15.6191;15.6762;15.8028;15.7703;15.7734;15.6814;15.439;15.1089;15.2082;15.201;14.9887;15.0195;15.1709;15.2294;15.2917;15.3291;15.0839;15.5443;15.2418;15",13.9805,"0.666667;0;0.333333"
20.259,47.1582,0.490205,"1;1.43046;2.2192;3.16839;3.89528;4.74281;5.12375;5.97014;6.39414;7.18019;7.5751;8.56797;9.51987;9.85307;10.5421;11.0032;11.8861;12.7189;13.5121;14.229;15.0288;15.9642;16.7494;17.614;17.8043;18.689;19.351;20.1095;21","15;14.988;15.0499;15.1668;15.055;14.9958;14.9497;14.8562;14.8837;14.9878;15.1152;15.0882;15.0951;15.1235;15.2749;15.3069;15.297;15.4749;15.5301;15.2916;15.223;15.1766;15.0306;15.2787;15.3039;15.1017;14.9536;14.8163;15",15.225,"0.666667;0.0333333;0.3"
20.7461,44.4767,0.921488,"1;1.64921;1.95335;2.65939;3.62819;4.59365;5.01377;5.72455;6.37656;7.32652;8.03732;8.79377;9.66961;10.1309;11.1269;11.9937;12.9067;13.6153;14.291;15.1484;15.8539;16.5932;17.4656;18.3633;19.032;19.5704;20.3422;21","15;15.2876;15.4261;15.7899;15.5421;15.2923;15.2068;15.1209;15.006;15.182;15.2789;15.3299;15.4129;15.4085;15.3759;15.3809;15.5626;15.684;15.8266;16.0384;16.0056;15.657;15.5922;15.3937;15.3142;15.5907;15.5619;15",17.0416,"0.666667;0.0666667;0.266667"
21.4191,20.7398,6.2196,"1;1.70774;2.32998;3.23307;4.09052;4.60235;5.43093;6.26379;6.55516;7.38998;8.19146;9.174;9.59212;10.4441;11.1744;12.0521;12.7305;13.005;13.8122;14.532;15.2398;15.6624;16.4016;17.2291;18.1084;18.7644;19.572;20.3094;21","15;15.2883;15.316;15.5309;15.8915;16.2441;16.7158;17.156;17.3105;17.5045;17.5494;17.7354;17.7332;17.8209;18.0302;18.1965;17.9573;17.8708;17.8471;17.3725;16.9728;16.7642;16.5404;16.6295;16.2038;16.1675;15.9039;15.4502;15",17.8046,"0.666667;0.1;0.233333"
22.7615,8.94299,8.66211,"1;1.61922;2.50594;3.27843;3.88203;4.51685;5.05924;5.63886;6.5273;7.02775;7.73833;8.20769;8.71196;9.54932;10.3723;11.3259;12.0019;12.8552;13.7546;14.3091;14.9624;15.7003;16.3537;16.8173;17.2088;17.546;18.0656;18.6704;19.1365;19.9525;20.6286;21","15;15.4692;15.8736;16.4505;16.9243;17.4573;17.6525;18.0262;18.4829;18.7203;19.1948;19.3243;19.4233;19.656;19.5971;19.7611;19.7259;19.7336;19.5979;19.4676;19.1197;18.8057;18.5152;18.1185;17.8556;17.6237;17.2161;16.6559;16.3694;15.8158;15.3927;15",18.0992,"0.666667;0.133333;0.2"
23.4452,7.49543,9.18074,"1;1.87611;2.54272;3.37132;3.68556;4.12577;4.88404;5.40183;5.89609;6.62461;7.07509;7.73631;8.34655;8.65157;9.35407;10.2354;10.9112;11.2998;12.1338;12.3763;13.2804;13.9795;14.8498;15.6392;16.1823;16.6564;17.1712;17.9157;18.6639;19.366;20.0562;20.5634;21","15;15.4821;16.0895;16.5943;17.0022;17.2521;17.733;18.2727;18.5008;18.8992;19.1798;19.4805;19.7168;19.8188;20.0882;20.2376;20.4747;20.7803;20.2897;20.2478;19.9414;19.671;19.3243;18.9677;18.5751;18.1613;17.7812;17.3946;16.9691;16.6027;15.8807;15.415;15",18.4095,"0.666667;0.166667;0.166667"
23.2156,8.53933,8.70972,"1;1.58931;2.30893;2.60404;3.43873;4.23385;4.99641;5.27849;5.6423;6.39974;6.88503;7.44291;8.23649;8.63244;9.59198;10.2876;10.6424;11.5658;12.4066;12.7169;13.4304;14.4057;15.1235;15.8318;16.3559;16.8445;17.3182;17.9438;18.7022;19.5452;20.1454;21","15;15.4581;15.9959;16.1734;16.6757;17.0256;17.6638;17.9965;18.505;18.9182;19.2276;19.4154;19.6384;19.9842;20.1994;20.0406;19.9588;19.6729;19.567;19.4984;19.6059;19.4597;19.1422;18.771;18.3949;17.8893;17.3217;16.721;16.2292;15.7999;15.4452;15",18.3462,"0.666667;0.2;0.133333"
22.6048,10.2562,8.21579,"1;1.40905;1.99884;2.83512;3.54156;4.33126;4.93483;5.71432;6.46012;6.69437;7.35949;8.18479;8.68525;9.37791;10.3407;10.9233;11.4543;11.9311;12.5674;13.0195;13.8697;14.8214;15.5378;16.0626;16.8975;17.7252;18.0341;18.6326;19.3756;20.0162;20.6484;21","15;15.3698;15.6836;16.0897;16.3338;16.8797;17.1423;17.6099;18.1688;18.31;18.6929;19.1323;19.3726;19.4949;19.634;19.5238;19.6423;19.7093;19.7215;19.5612;19.217;18.9454;18.3739;18.0843;17.6285;17.2263;16.8359;16.3815;15.855;15.4442;15.0736;15",18.2846,"0.666667;0.233333;0.1"
23.8453,8.18271,9.21957,"1;1.6957;2.51519;3.02773;3.97378;4.91632;5.3044;5.77335;6.44519;6.83353;7.33081;8.05823;8.32003;9.2567;9.93854;10.5387;11.0463;12.0079;12.7638;13.0179;13.9145;14.6516;15.1497;16.0677;16.5628;17.0284;17.5543;18.2536;19.1326;19.5333;20.1453;20.914;21","15;15.7183;15.93;16.2545;16.5785;16.9126;17.4138;17.9641;18.3509;18.7196;18.858;19.4085;19.6247;19.9637;19.9759;20.2575;20.4048;20.3581;20.2522;20.1748;19.8271;19.3701;19.2287;18.9051;18.723;18.1079;17.587;17.2947;17.1768;17.0104;16.4155;15.8386;15",18.6936,"0.666667;0.266667;0.0666667"
25.5632,4.44475,10.8238,"1;1.45965;1.48688;2.24133;2.55167;3.18906;3.69535;4.40546;4.94989;5.30458;5.60645;6.10681;6.84606;7.56807;8.4888;9.31615;10.1555;10.6725;11.6066;12.3083;13.01;13.9551;14.6168;15.5185;16.1318;16.6632;17.0315;17.6241;18.2298;18.9648;19.5006;19.9407;20.0487;20.7508;20.9554;21","15;15.656;15.723;16.2979;16.7124;17.1204;17.6191;18.303;18.8154;19.2543;19.7731;20.3375;20.4868;20.6421;21.0018;21.3637;21.2059;20.8857;20.8295;20.6427;20.8488;20.9146;20.4475;20.3131;20.2787;20.0295;19.7397;19.3406;19.0486;18.4152;17.9947;17.1314;16.9254;16.2557;15.9264;15",18.7364,"0.666667;0.3;0.0333333"
24.07,7.09466,9.40718,"1;1.8327;2.4818;3.03682;3.39527;3.93857;4.50802;5.18588;5.8299;6.28074;6.9567;7.32198;7.99427;8.68026;8.98454;9.02687;9.70072;10.6128;11.2752;11.9212;12.5668;13.4589;14.21;14.5408;15.332;15.7391;16.0414;16.701;17.1649;17.9011;18.3918;19.0058;19.6836;20.1582;21","15;15.5537;16.2535;16.9351;17.2436;17.5482;18.0229;18.7431;18.91;19.3425;19.7544;19.8138;19.7561;19.765;19.9502;19.9732;20.2673;20.4381;20.4886;20.6896;20.2471;20.0317;19.8958;19.8689;19.6693;18.7619;18.5287;18.0506;17.3013;17.0243;16.7266;16.1967;15.6872;15.4082;15",18.4116,"0.666667;0.333333;0"
20.434,51.4789,0.406939,"1;1.97222;2.58938;3.51617;4.11751;4.86249;5.57815;6.13954;6.76601;7.43986;7.80614;8.47052;9.06786;10.0349;10.7801;11.3953;12.3498;13.2384;13.5763;14.4808;15.3019;16.0241;16.7404;17.493;18.1341;18.5007;19.4655;20.1152;21","15;15.2341;15.1916;15.3286;15.3137;15.2765;15.2981;15.1356;15.0901;15.0459;15.0992;15.0563;14.97;15.1776;14.9355;14.8115;15.1073;14.7448;14.7198;14.4084;14.4052;14.3215;14.2686;14.4819;14.7743;14.8267;14.9068;15.0024;15",14.4259,"0.7;0;0.3"
20.715,40.8845,1.12695,"1;1.51392;2.05264;2.92192;3.82341;4.50383;5.07711;5.94668;6.37788;7.26715;7.92326;8.77978;9.70116;10.3802;11.1864;11.6321;12.3082;12.9572;13.7784;14.7275;15.4131;15.9049;16.8107;17.0407;17.7677;18.656;19.6303;20.0424;21","15;14.85;15.08;15.1411;15.2631;15.3038;15.19;15.3788;15.4289;15.4985;15.8534;16.1539;16.1788;16.2722;15.9725;16.115;15.9579;16.0035;15.6718;15.5578;15.3065;14.9794;15.0269;14.8541;14.71;14.7888;14.9301;15.1268;15",16.1638,"0.7;0.0333333;0.266667"
20.7428,37.2728,1.75715,"1;1.78599;2.6569;3.2112;4.11768;4.67395;5.55444;6.29745;7.13654;7.96737;8.22997;9.21238;9.96101;10.3;11.0213;11.6972;12.5806;13.2148;13.8021;14.6307;15.2893;16.0166;16.7601;17.6986;18.2278;19.177;19.7132;20.4853;21.0032;21","15;15.004;15.2978;15.4282;15.7313;15.8192;15.911;16.229;16.1479;16.0728;16.096;16.0987;16.2487;16.3047;16.3892;16.4535;16.3078;16.164;16.0449;15.8794;15.7005;15.0647;14.7275;14.5417;14.494;14.6033;14.5241;14.8469;14.9988;15",17.4148,"0.7;0.0666667;0.233333"
21.3124,26.2988,4.96571,"1;1.92105;2.59734;3.34734;4.00029;4.43735;4.86865;5.53628;6.35015;6.89223;7.82639;7.95283;8.84229;9.81232;9.92985;10.8695;11.5898;12.1925;12.5823;13.2455;14.1267;15.0662;15.6755;16.3078;16.9103;17.8598;18.1013;19.0241;19.8394;20.1589;21","15;15.1488;15.5395;15.765;16.3011;16.5957;16.9112;16.8916;16.9378;16.9555;17.2989;17.4254;17.5207;17.4573;17.4713;17.4381;17.2671;17.1395;17.0274;16.8793;16.8941;16.6817;16.1263;15.7384;15.4026;15.1139;14.9323;14.8158;14.7624;14.741;15",18.5417,"0.7;0.1;0.2"
22.1055,14.2986,7.25254,"1;1.69629;2.02675;2.70946;3.46412;3.81582;4.69498;5.32201;5.89551;6.51098;7.4522;8.33621;9.22118;10.1617;11.0499;12.0209;12.8853;13.4542;14.4147;15.2402;15.7255;16.455;16.5139;16.9309;17.788;18.4119;18.9568;19.5107;19.7912;20.1688;21","15;15.1989;15.4022;15.8783;16.0966;16.1698;16.4917;16.8158;17.2409;17.5598;17.8935;18.3078;18.526;18.7135;18.9428;19.0235;18.9324;18.8738;18.7056;18.3618;17.9213;17.4941;17.2549;16.8853;16.5957;16.0619;15.9233;15.4176;15.2515;15.2675;15",18.5891,"0.7;0.133333;0.166667"
22.6758,10.8471,8.27179,"1;1.57986;2.34019;2.66609;3.58838;4.2748;4.72315;5.40878;5.9453;6.5052;7.1939;7.96531;8.5875;9.47863;10.4231;10.9907;11.8392;12.2803;12.8601;13.5803;14.1627;14.5641;15.3454;15.7305;16.4469;16.8037;17.5998;18.4522;19.3769;19.8273;20.2066;21","15;15.4199;15.9404;16.3987;16.6607;17.0061;17.2806;17.8159;18.2169;18.5888;18.8237;19.2922;19.3499;19.3895;19.6607;19.598;19.6385;19.6462;19.4307;19.2313;18.7946;18.343;17.8949;17.6296;17.1962;17.0595;16.6911;16.4857;16.1593;15.7915;15.48;15",18.7838,"0.7;0.166667;0.133333"
24.4231,6.32924,10.2809,"1;1.17144;1.36827;1.86395;2.27787;2.72387;3.46446;3.93569;4.60936;4.75425;5.31828;5.88111;6.46874;6.9192;7.57232;8.38965;8.5743;9.46803;9.79253;10.384;11.073;12.0162;12.5955;13.4029;14.1937;15.0809;15.971;16.657;17.3391;17.7045;18.4117;19.1453;19.3981;20.154;20.6187;20.7149;21","15;15.2938;15.6884;16.2178;16.7092;16.8332;17.4314;17.6329;18.0954;18.1948;18.4952;18.8431;19.0671;19.3575;19.4858;19.7098;19.6666;19.9265;19.9512;20.379;20.9816;20.6561;20.6698;20.6449;20.3004;19.927;19.4713;19.0898;18.8125;18.6374;18.2373;17.7139;17.5503;16.9302;16.3717;15.8122;15",19.3901,"0.7;0.2;0.1"
23.7955,7.93974,9.25517,"1;1.49527;1.8889;2.64252;3.2143;3.9293;4.57137;5.08234;5.74752;5.99914;6.82441;7.53693;8.52807;9.04016;9.99152;10.4209;11.0574;11.7175;12.6145;12.9285;13.1525;14.0333;14.8897;15.7663;16.5008;17.0512;17.7698;18.0787;18.5441;19.0359;19.8884;20.0721;21","15;15.6618;16.266;16.7728;17.4231;18.0222;18.5622;19.0973;19.5559;19.8916;20.2065;20.0876;20.0276;19.8546;20.0294;19.9203;20.0748;19.9856;19.8426;19.7272;19.601;19.2458;18.7522;18.5996;18.0877;17.6847;17.1108;16.7811;16.2689;15.6112;15.4485;15.3188;15",19.1265,"0.7;0.233333;0.0666667"
24.3715,5.32317,10.0336,"1;1.74404;2.11946;2.60512;3.10643;3.67995;4.31933;4.86404;5.5626;6.22228;6.61841;6.77726;7.61255;8.3441;8.87337;9.62571;10.5712;11.4324;12.2029;12.7237;13.5006;14.3128;14.8641;15.4798;16.3379;16.832;17.6367;18.0895;18.845;19.2098;19.7459;20.251;20.6756;21","15;15.6681;15.9855;16.3695;17.0353;17.6218;18.1355;18.7054;19.2856;19.7066;19.8701;19.9206;20.1518;20.3468;20.2695;20.3632;20.3423;20.5153;20.7748;20.9201;20.8753;20.731;20.3662;20.0214;19.5194;19.2122;18.6477;17.9503;17.3349;17.0481;16.6612;16.2443;15.8995;15",18.814,"0.7;0.266667;0.0333333"
22.9507,8.86218,8.99835,"1;1.72124;2.45679;3.26967;3.98664;4.43999;5.24317;5.80126;6.42866;7.06559;7.67573;7.76605;8.60296;9.14021;9.87263;10.4271;11.0484;11.6954;12.3026;13.2062;13.9818;14.4788;14.9215;15.6816;15.9928;16.7193;17.5363;18.0935;18.7889;19.347;19.8493;20.3745;21","15;15.6639;16.2128;16.7086;17.171;17.6166;18.1437;18.2876;18.6935;18.957;19.0979;19.0898;19.5;19.6695;19.8328;19.8503;19.8538;20.0109;19.5675;19.4511;19.2292;19.1055;18.9904;18.6754;18.5044;17.9964;17.6656;17.3346;17.0695;16.4023;15.9911;15.6921;15",18.7241,"0.7;0.3;0"
20.3135,47.395,0.516922,"1;1.79118;2.68106;3.18118;4.09744;4.77808;5.75115;6.41414;7.36406;8.32483;9.11881;9.99945;10.7716;11.2524;12.1952;12.618;13.4806;14.4484;15.3214;15.893;16.7715;17.5679;18.1055;18.872;19.8026;20.3959;21","15;14.9701;15.2255;15.2138;14.9188;14.886;14.7289;14.6746;14.8612;14.9417;14.9944;15.122;15.3335;15.3867;15.4648;15.5606;15.4231;15.2302;15.2779;15.2497;15.4942;15.2582;15.2168;15.1629;15.2474;15.0682;15",15.0344,"0.733333;0;0.266667"
20.4106,45.878,0.649527,"1;1.37287;2.32534;2.72101;3.69795;3.97565;4.95522;5.69116;6.45684;6.81434;7.45517;7.86854;8.68656;9.46453;9.91656;10.8471;11.4838;12.2766;13.0445;13.8492;14.4138;15.125;15.7997;16.2336;16.8688;17.2349;17.9217;18.839;19.7386;20.6639;21","15;15.093;15.1329;15.1511;15.1594;15.1716;15.1035;15.1501;15.1864;15.3394;15.3429;15.4543;15.4889;15.4192;15.3587;15.4118;15.346;15.2294;15.1943;15.1795;15.1509;15.4011;15.6195;15.7425;15.4116;15.5136;15.5479;15.5112;15.1756;15.2296;15",16.6486,"0.733333;0.0333333;0.233333"
20.7304,35.5996,2.17549,"1;1.92736;2.73926;3.39235;4.24355;4.86005;5.59757;6.14375;6.72041;7.70341;8.31774;9.01227;9.96144;10.1904;11.0368;11.9108;12.8123;13.284;13.9529;14.5921;15.4937;16.4632;17.4251;17.8064;18.4719;19.1045;19.6642;20.0503;21","15;15.2342;15.3198;15.6876;15.9656;16.1688;16.2029;16.1706;15.9724;16.146;16.2696;16.28;16.4166;16.4262;16.2854;16.2496;16.1717;16.0251;16.1294;16.1021;16.043;15.9417;15.8234;15.7097;15.8222;15.1953;14.9271;14.7929;15",18.0107,"0.733333;0.0666667;0.2"
21.8987,15.5849,7.33448,"1;1.45693;2.38337;3.26275;4.13475;5.09347;5.82895;6.25502;7.12894;7.74719;8.61824;9.52612;10.3889;10.9229;11.8715;12.8446;13.6205;14.1776;14.8727;15.2699;15.7168;16.42;17.3058;17.9589;18.5708;19.1563;19.8456;20.2689;21","15;15.4956;15.835;16.238;16.6531;16.9375;17.1647;17.3573;17.5786;17.8255;18.3167;18.7359;18.6107;18.5798;18.7569;18.798;18.5383;18.4968;17.8876;17.71;17.6231;17.1597;16.7576;16.3724;16.0592;15.8523;15.547;15.5317;15",18.8399,"0.733333;0.1;0.166667"
22.9947,11.3959,8.09134,"1;1.85959;2.64755;3.55282;4.1062;4.90112;5.60078;5.79639;6.44401;7.02882;7.29074;7.94367;8.20762;9.08221;9.77587;10.6923;11.3058;12.073;12.6001;13.1325;13.858;14.5361;15.1807;15.5583;16.3498;17.0107;17.6165;18.2621;19.2112;20.1589;20.7637;21","15;15.511;15.9653;16.2776;16.5914;17.116;17.4423;17.584;18.0888;18.3896;18.7049;19.3433;19.3884;19.4693;19.7386;19.635;19.3418;19.5475;19.5198;19.015;18.8775;18.5737;18.1713;17.9294;17.4073;17.0584;16.6652;16.3395;16.0609;15.8466;15.7309;15",19.461,"0.733333;0.133333;0.133333"
23.1978,12.2759,8.64682,"1;1.9599;2.29977;2.78948;3.16022;3.69031;4.2369;5.02103;5.49752;6.0773;6.821;7.70029;8.11825;9.04719;9.88069;10.6593;11.2584;11.9205;12.8686;13.8286;14.4897;15.3437;15.7513;16.4232;16.7028;17.4342;18.209;19.1844;20.0226;20.5126;21.294;21","15;15.2782;15.5079;15.8406;16.0579;16.3536;17.0261;17.2411;17.4977;17.8547;18.1406;18.5021;18.7084;18.8031;19.203;19.5904;19.306;19.2264;18.9082;18.6282;18.5202;18.0137;17.7451;17.4478;17.3175;17.4285;17.3574;17.145;16.6453;15.8722;15.251;15",19.9224,"0.733333;0.166667;0.1"
23.0452,9.51624,9.03272,"1;1.15296;1.71838;2.53402;3.26017;4.08734;4.54895;5.31195;5.72761;6.16745;6.84681;7.42704;7.75488;8.42254;9.10942;9.48582;10.2841;10.976;11.7514;12.3524;13.0909;13.6934;14.5605;15.4446;16.3456;17.1107;17.6115;18.4773;19.3484;19.7979;20.2837;20.404;21","15;15.1143;15.6678;16.1907;16.7327;17.1812;17.4621;17.9976;18.1544;18.2942;18.5107;18.8034;18.9333;19.2396;19.4492;19.6087;19.8884;19.6384;19.4351;19.5307;19.279;19.1053;18.9145;18.9046;18.4953;18.1637;17.671;17.2334;16.7821;16.2283;16.1989;15.6503;15",19.4053,"0.733333;0.2;0.0666667"
23.5018,9.55952,8.95929,"1;1.49899;2.31799;2.81197;3.486;4.37787;5.18176;5.45607;6.16952;6.82191;7.23601;7.80334;8.16097;8.81536;9.56157;10.0576;11.0173;11.5643;12.4474;13.1484;13.9609;14.2261;14.8615;15.4434;15.701;16.2862;17.2366;17.6868;18.2827;19.0278;19.4391;20.0694;21","15;15.6181;16.13;16.4767;17.0187;17.2663;17.6603;17.9041;18.4036;18.7814;18.7909;19.0326;19.1787;19.7731;20.1619;20.1841;20.1145;19.7698;19.787;19.7393;19.4321;19.2003;18.7082;17.9966;17.9213;17.6113;17.7774;17.2398;16.7344;16.1517;15.8927;15.2306;15",19.7638,"0.733333;0.233333;0.0333333"
22.8475,9.14268,8.76522,"1;1.73627;2.32765;2.93052;3.53835;3.7815;4.2935;4.65732;5.2213;5.82916;6.70806;7.34399;7.85282;8.53934;9.27248;10.1203;10.5131;11.2978;12.2283;12.7979;13.7649;14.2323;14.7346;15.4566;15.8916;16.6916;17.145;17.6659;18.167;18.7248;19.2613;19.7716;20.6268;21","15;15.5396;16.2753;16.4491;16.9485;17.0426;17.4408;17.7113;18.1053;18.5063;18.8032;19.0862;19.2603;19.4779;19.7143;19.8427;19.6981;19.7908;19.5834;19.5043;19.4015;19.131;18.7764;18.5544;18.4198;17.8931;17.5135;17.2218;16.996;16.5162;16.3406;15.8548;15.3869;15",19.1929,"0.733333;0.266667;0"
20.5694,59.1868,0.264246,"1;1.5294;2.39039;3.38254;4.23225;4.94378;5.62971;6.03533;7.02597;7.6581;8.47678;9.43792;10.2181;10.7981;11.7789;12.0399;12.7782;13.3443;14.0907;14.9325;15.7337;16.0661;16.8826;17.6374;18.2442;19.1005;19.5205;20.2607;21","15;14.9576;14.8233;14.7044;14.4633;14.4982;14.2658;14.2307;14.2984;14.3313;14.3663;14.2672;13.9183;13.7701;13.683;13.7102;13.6265;13.4524;13.7415;13.9343;14.0678;14.1011;14.1872;14.3616;14.3881;14.7356;14.6959;15.1652;15",15.8316,"0.766667;0;0.233333"
20.4403,41.5418,0.923907,"1;1.99901;2.99557;3.2871;4.26786;5.12264;6.04771;6.60896;7.49865;8.20255;9.10572;10.0693;10.6601;11.6483;12.28;13.1572;13.8102;14.3581;15.1031;15.7608;16.6254;17.0557;17.6332;18.0896;18.8633;19.5167;20.267;21","15;15.0446;14.9617;15.0892;15.2428;15.3789;15.281;15.5792;15.7831;15.8536;15.7444;15.7432;15.8419;15.7778;15.6994;15.6365;15.5902;15.6387;15.7343;15.7488;15.7747;15.6242;15.3167;15.1742;14.8049;14.7729;14.7624;15",17.2404,"0.766667;0.0333333;0.2"
21.0303,28.2638,4.29465,"1;1.64559;2.18493;2.86032;3.61701;4.50373;5.09047;5.83509;6.72327;7.66865;8.60995;9.36935;9.95738;10.6278;11.3222;12.2785;13.0278;13.7501;14.7017;15.4786;15.8163;16.6338;17.4377;18.1996;18.4252;19.1338;19.6957;20.3985;21","15;15.4689;15.5514;15.6949;15.5666;15.8762;15.9813;16.503;16.6869;16.7204;16.7376;17.1721;17.3803;17.5286;17.2331;17.0535;16.9406;16.691;16.4465;16.4181;16.4109;16.1558;16.0044;15.8674;15.8228;15.6866;15.3585;14.9678;15",18.7233,"0.766667;0.0666667;0.166667"
23.406,8.10959,8.96569,"1;1.70254;2.59316;3.29927;3.89078;4.18987;4.52828;5.18961;5.79285;6.52938;6.70357;7.29002;8.11226;9.02532;9.81957;10.7689;11.4948;12.2897;13.1611;13.7558;14.2099;15.056;15.6782;15.9482;16.7418;17.5485;17.8811;18.7085;19.2532;19.8669;20.3163;20.6839;21","15;15.2376;15.6394;15.7675;16.5507;16.8111;17.0437;17.6242;17.9723;18.3045;18.4071;18.7389;19.2109;19.5905;19.9981;20.3123;20.408;20.3689;20.2096;20.0908;19.8269;19.4328;18.9561;18.7668;18.2421;17.8033;17.6642;17.3412;16.9805;16.6734;16.0979;15.3191;15",19.951,"0.766667;0.1;0.133333"
21.9495,15.5898,7.10683,"1;1.58031;2.06396;2.81753;3.64062;4.24256;4.47513;5.27383;5.66217;6.33889;6.77543;7.62247;8.17078;8.94978;9.80198;10.2144;11.1913;11.731;12.306;13.0162;13.7302;14.3834;15.0953;15.8395;16.6981;17.5012;18.0731;18.3997;19.0856;19.4321;20.2728;20.9169;21","15;15.1679;15.3702;15.4589;15.6594;16.0711;16.1199;16.5214;16.6962;17.0693;17.4376;17.9649;17.9989;18.1433;18.4839;18.6649;18.8606;18.7985;18.8623;18.7958;18.6804;18.361;17.8712;17.734;17.4832;17.1101;16.6617;16.4656;16.0688;15.8832;15.5765;15.2897;15",19.6173,"0.766667;0.133333;0.1"
22.5545,12.1042,8.20847,"1;1.76666;2.38861;3.3465;3.88978;4.2503;5.09364;5.68284;6.21476;6.88835;7.62439;8.5446;9.28995;10.1796;10.869;11.2196;12.1337;12.3144;12.7952;13.3794;14.0599;14.4303;15.3094;16.0655;16.8366;17.632;18.3608;18.6476;19.3698;19.6524;20.3752;21","15;15.642;16.18;16.2825;16.5368;16.541;16.979;17.2704;17.5786;17.9515;18.3636;18.6769;19.1682;19.0445;19.1752;19.2824;19.1765;19.1897;18.9724;19.0426;19.0834;19.0151;18.8216;18.258;17.8213;17.2632;17.0712;16.7435;16.1762;15.8486;15.2082;15",19.8564,"0.766667;0.166667;0.0666667"
22.508,12.1457,8.36315,"1;1.6224;2.10968;2.49272;3.0244;3.56445;4.15674;4.9799;5.55153;6.4509;6.95569;7.51324;7.86875;8.44951;9.08824;9.55806;10.4181;11.2828;11.9503;12.2778;12.8098;13.3065;14.2142;14.9409;15.6989;16.2707;17.0343;17.8789;18.6579;19.4606;20.0655;20.3329;21","15;15.4243;15.8915;16.2898;16.41;16.7346;16.9993;17.0921;17.5228;17.8742;17.9984;18.4845;18.5844;18.8574;19.1009;19.2945;19.0134;19.0306;19.1454;19.1443;19.2378;19.0413;18.9815;18.6558;18.0477;17.7004;17.1955;16.9663;16.7396;16.1434;15.8345;15.6348;15",19.9641,"0.766667;0.2;0.0333333"
24.1894,7.82873,9.89848,"1;0.990885;1.46044;1.63361;1.93801;2.34625;3.13941;3.94963;4.33732;4.81862;5.66165;6.16335;6.99703;7.19217;7.95625;8.67252;9.11483;10.0354;10.9566;11.5717;12.5256;13.2314;13.9587;14.5874;15.1997;15.8339;16.656;17.4968;18.0706;18.5607;18.9553;19.691;20.4394;21","15;15.3932;16.0907;16.3874;16.9366;17.322;17.2983;17.877;18.358;18.5993;19.0899;19.1614;19.4902;19.5649;19.9675;20.0714;20.3648;20.2204;20.1549;19.8741;19.7879;20.089;19.9329;19.4128;18.8491;18.5819;18.3392;17.8594;17.6757;17.0292;16.5231;16.0478;15.4084;15",20.3719,"0.766667;0.233333;0"
20.3039,50.8761,0.339098,"1;1.53768;2.17651;2.87449;3.45676;4.36661;4.84364;5.71059;6.36434;7.08854;7.57184;8.37267;8.9931;9.87283;10.7494;11.6726;12.1045;12.9199;13.5929;14.0799;14.7801;15.7257;16.2359;16.8366;17.6847;18.335;18.9481;19.6688;20.1281;21","15;14.8573;14.7473;14.629;14.6785;14.6347;14.7065;15.0825;15.0222;15.096;14.9255;14.8921;14.8544;14.7915;15.0342;14.9968;15.1357;14.9441;14.815;14.7861;14.7653;14.643;14.6498;14.656;14.6541;14.6405;14.6722;14.8013;14.7793;15",16.3109,"0.8;0;0.2"
20.5796,39.8277,1.34588,"1;1.82038;2.45111;3.31898;4.26002;5.18876;5.56573;6.33627;7.05706;7.88445;8.78492;9.70363;10.0818;10.9682;11.8072;12.5773;13.4411;13.8551;14.446;15.1295;15.7352;16.5364;17.3432;17.7111;18.6283;19.507;20.1276;21","15;15.0542;15.3712;15.5572;15.8911;15.9483;15.9413;15.8678;16.0376;15.8566;15.8716;15.8179;15.8059;16.032;15.9502;15.8758;15.8971;15.6575;15.9088;15.7858;15.8168;15.798;15.3878;15.3501;15.264;15.0316;14.7729;15",18.0156,"0.8;0.0333333;0.166667"
20.755,35.4256,2.25548,"1;1.41277;2.29104;3.27076;3.82351;4.79645;5.70187;6.45338;7.43743;8.3862;9.01583;9.37485;10.1125;10.9927;11.4653;12.3472;13.3164;13.7127;14.5934;15.2083;16.078;16.8957;17.1375;18.0248;18.9536;19.3112;20.2952;21","15;15.0938;15.2339;15.1021;15.4914;15.5576;15.7758;16.0554;16.0434;15.7591;16.1666;16.216;16.4521;16.5636;16.6493;16.6457;16.7739;16.6048;16.2565;15.9951;15.7147;15.4375;15.5249;15.3483;15.2334;15.196;15.0759;15",19.2664,"0.8;0.0666667;0.133333"
20.8481,29.0862,3.80647,"1;1.77126;2.59056;3.20266;3.94739;4.68552;5.13435;5.84351;6.78571;7.60265;8.13575;8.84557;9.70532;10.3401;11.2319;12.1808;12.9015;13.8051;14.2189;14.7789;15.6341;16.2598;16.9177;17.4043;18.2931;18.4865;19.4778;20.1271;21","15;15.1993;15.5958;15.6587;15.6903;15.7817;15.8754;15.967;16.2307;16.7886;17.0517;17.253;17.3012;17.304;17.0879;17.0327;16.7127;16.7019;16.6437;16.542;16.2723;15.8301;15.7058;15.5737;15.2268;15.2254;15.2175;15.0518;15",19.9677,"0.8;0.1;0.1"
21.5247,21.3715,5.46106,"1;1.42241;2.17451;2.9218;3.235;3.99235;4.86995;5.53001;6.28142;7.20671;7.85753;8.67475;9.38464;10.1285;10.9799;11.7084;12.3883;13.2526;13.9736;14.8578;15.4571;16.1987;16.7158;17.3114;18.1903;18.494;19.2997;19.8548;20.7881;21","15;14.989;15.1261;15.0845;15.1727;15.5337;15.99;16.3563;16.764;17.0785;17.4457;17.752;18.1133;18.2207;18.3268;18.2998;18.0395;17.7914;17.264;17.0357;16.8069;16.4648;16.223;16.0102;15.7448;15.5327;15.027;15.0056;14.8539;15",20.4333,"0.8;0.133333;0.0666667"
23.1848,9.93246,8.76469,"1;1.64834;2.11704;2.58851;3.52775;4.16501;4.79022;5.22455;5.59736;6.03684;6.76239;7.56482;8.35397;9.32143;9.71948;10.3629;11.2017;12.0384;12.8151;13.5803;14.2072;14.8773;15.4212;16.3047;17.0684;17.3808;18.161;19;19.4415;19.8469;20.375;20.9972;21","15;15.3839;15.7643;16.224;16.4118;17.0257;17.6126;17.9763;18.2774;18.5776;19.083;19.405;19.7407;19.6112;19.4958;19.7184;19.6235;19.3407;19.2628;19.1507;18.8152;18.3097;18.0927;17.7306;17.5657;17.6014;17.0207;16.6413;16.4496;15.9827;15.9861;15.2922;15",20.4954,"0.8;0.166667;0.0333333"
23.4716,9.06428,8.60353,"1;1.41869;2.21988;2.54689;2.90426;3.79047;4.28983;5.12856;5.81605;6.39418;6.85448;7.7398;8.61443;9.4256;10.14;11.0629;12.0485;12.8156;13.6437;14.4751;15.1535;15.7882;16.146;16.8784;17.662;18.0789;18.6645;19.3139;19.6612;20.5462;21","15;15.1643;15.7107;16.0937;16.4621;16.5932;16.8905;17.3838;17.999;18.6041;19.0899;19.3236;19.749;20.0783;20.2506;20.0616;19.9004;19.9074;19.3641;19.3985;18.7124;18.0702;17.9488;17.6325;17.1057;16.8523;16.2831;15.5903;15.1893;15.0202;15",20.5901,"0.8;0.2;0"
20.825,51.8503,0.372487,"1;1.87726;2.29029;3.25907;4.23816;4.55735;5.22771;5.93456;6.24074;7.11006;7.43448;8.30763;8.89956;9.5295;10.2254;10.5821;11.5543;12.4465;13.4016;14.0235;14.7633;15.708;16.4249;17.0157;17.3887;18.1768;18.6093;19.5602;20.4173;21","15;14.8758;14.7864;14.5905;14.672;14.6195;14.4393;14.4963;14.6281;15.0303;15.0583;15.012;15.0317;15.039;14.9625;14.9693;15.0071;14.7669;14.5096;14.4775;14.571;14.2808;14.4194;14.5976;14.6988;14.9104;14.933;15.2152;15.6475;15",17.4163,"0.833333;0;0.166667"
20.4354,42.7756,1.06855,"1;1.82104;2.59478;3.0789;3.64679;4.14713;5.08807;6.04347;6.9735;7.57117;8.15963;8.72427;9.24763;9.98783;10.6918;11.6491;12.4109;12.9111;13.7706;14.7233;15.5645;16.4659;17.0188;17.616;18.3743;19.2593;19.8235;20.783;21","15;15.0639;15.5791;15.6616;15.743;15.9076;16.0923;16.1411;15.8122;15.7066;15.649;15.5666;15.5541;15.6384;15.7912;15.6178;15.4498;15.4238;15.3701;15.4772;15.5326;15.4378;15.3081;15.3704;15.2022;15.2299;15.2433;15.1134;15",18.5978,"0.833333;0.0333333;0.133333"
21.6643,16.6854,7.28038,"1;1.14388;1.85469;2.43066;3.35985;4.03455;4.74517;5.61661;6.49046;7.02819;7.86266;8.70273;9.44255;10.1177;10.4359;11.2742;12.0458;12.8403;13.7879;14.7517;15.0262;15.9311;16.6246;17.2636;18.0758;18.7341;19.5662;20.1383;20.5276;21","15;15.189;15.6011;15.7959;16.1185;16.7341;17.0684;17.2818;17.4361;17.5053;17.7037;18.0351;18.2709;18.4314;18.4767;18.5557;18.4145;18.3238;18.0869;17.9966;17.863;17.5728;17.0937;16.8399;16.3578;16.1182;15.9549;15.6509;15.1347;15",19.894,"0.833333;0.0666667;0.1"
20.9681,26.7021,5.33834,"1;1.04427;1.96382;2.31893;3.23007;3.51839;4.17889;5.03457;5.75892;6.68672;7.00086;7.96104;8.93943;9.61363;10.3292;11.0034;12.0012;12.4272;13.347;13.9905;14.7823;15.1958;15.9948;16.7579;17.4347;17.9208;18.8488;19.7123;20.2243;21","15;14.9993;15.3913;15.5076;15.7006;15.954;16.396;16.5856;16.8139;17.0573;17.0571;17.1141;17.1851;16.9676;16.9119;16.9607;16.9075;16.9463;17.1868;17.255;17.0133;16.7628;16.7363;16.5515;16.3825;16.2243;16.0563;15.7487;15.535;15",20.4995,"0.833333;0.1;0.0666667"
22.4839,12.9964,8.16541,"1;1.86122;2.78477;3.33086;4.15547;4.79361;5.3607;5.92825;6.58014;7.49893;8.23445;9.19032;9.94624;10.6851;11.0049;11.7634;12.3224;12.9941;13.9106;14.3674;15.3157;15.6423;16.4249;17.2277;17.9815;18.6298;19.3398;19.9091;20.6006;21","15;15.2775;15.6235;16.3116;16.7483;17.4302;18.0222;18.2601;18.5109;18.6431;19.058;18.9325;18.7423;18.6486;18.6001;18.5506;18.7059;18.7012;18.4455;18.2813;18.1581;18.1713;18.0217;17.5872;17.1412;16.4202;15.9848;15.7703;15.5407;15",20.7416,"0.833333;0.133333;0.0333333"
21.9151,15.1198,7.0266,"1;1.61168;2.28533;2.7827;3.22933;3.95996;4.84239;5.52721;6.18393;6.83807;7.24094;8.02913;8.24219;9.21454;9.58695;10.2092;11.2083;12.009;12.8603;13.8317;14.4092;14.9148;15.4797;16.2711;17.0132;17.4416;18.1871;18.7645;19.5157;20.4269;21","15;15.2728;15.4417;15.6241;15.8369;16.1568;16.3923;16.8713;17.4999;17.8549;18.0844;18.4423;18.4863;18.6835;18.5942;18.8832;18.8391;18.7877;18.4536;18.2488;18.14;18.0382;17.7372;17.4177;17.0192;16.6207;16.1046;15.8052;15.3058;15.0335;15",20.7825,"0.833333;0.166667;0"
20.382,41.2897,1.00692,"1;1.89016;2.47537;3.47029;4.25441;5.04226;5.71333;6.42123;6.85667;7.50149;8.06214;9.01199;9.67357;10.5209;11.2639;12.2324;12.8514;13.5175;14.4594;15.1134;16.0481;16.8275;17.3799;18.24;18.5196;19.3347;19.568;20.5551;21","15;15.0766;15.2116;15.2825;15.2292;15.1504;15.3781;15.5968;15.7167;15.8518;15.9443;15.7234;15.584;15.587;15.7309;15.9004;15.9645;16.0248;15.8894;15.699;15.546;15.423;15.2476;15.1016;15.0502;15.257;15.1388;15.1156;15",17.7986,"0.866667;0;0.133333"
20.622,44.9801,0.794825,"1;1.43864;2.15561;2.65082;3.59987;4.1084;4.73902;5.54494;6.30999;6.89747;7.52317;8.45588;8.88645;9.62215;10.4212;11.2762;12.0566;13.0055;13.8106;14.5291;14.8744;15.564;16.2315;16.6127;17.5407;18.4177;19.0518;19.964;20.8583;21","15;15.1177;15.181;15.2094;15.2906;15.2765;15.4772;15.2802;15.1662;15.2859;15.2821;15.3533;15.2029;15.3846;15.4539;15.641;16.1373;15.9635;15.6871;15.2293;15.2559;15.235;15.1991;15.2797;15.4597;15.2166;15.0752;15.2099;15.0561;15",19.4512,"0.866667;0.0333333;0.1"
20.6871,38.1758,1.65008,"1;1.9995;2.65375;3.27937;4.0131;4.47902;5.24967;5.94083;6.58056;7.50244;8.32099;9.06398;9.93955;10.8929;11.2312;11.9992;12.7587;13.7164;13.954;14.6837;15.6487;16.6164;17.2876;18.0107;18.4702;19.1045;19.7263;20.6296;21","15;14.9682;14.9019;14.9829;15.1015;15.2471;15.5355;15.6761;15.9711;16.1274;16.3342;16.405;16.5182;16.636;16.548;16.2681;15.8631;15.8287;15.713;15.25;15.1688;15.1565;15.1454;14.8228;14.7228;14.6092;14.743;14.8936;15",20.5839,"0.866667;0.0666667;0.0666667"
21.7023,18.0695,7.11952,"1;1.53513;2.32099;3.0759;3.7716;4.14809;4.6943;5.52546;6.30637;6.74551;7.63428;8.17303;8.8826;9.15377;10.0572;10.6717;11.5721;12.1834;13.1463;13.3634;13.894;14.8389;15.4995;16.3372;16.9447;17.886;18.774;19.5951;20.3045;20.6427;21","15;15.355;15.9471;16.4664;16.6909;16.7649;16.872;16.9506;17.1118;17.3761;17.6258;17.7727;17.9806;18.0923;18.211;18.3959;18.2843;18.2979;18.1517;18.0762;17.8795;17.5861;17.2205;16.9412;16.8427;16.5647;16.1055;15.903;15.7185;14.9645;15",20.8529,"0.866667;0.1;0.0333333"
21.9315,14.0315,7.88461,"1;1.2367;1.7655;2.38544;3.21006;3.94038;4.78166;5.38957;6.16293;6.69207;7.47894;8.34797;8.94843;9.68697;10.463;11.1007;11.726;12.6364;13.3795;14.0673;14.947;15.5344;16.2887;16.6108;17.0453;17.8595;18.4396;19.2328;19.9064;20.225;21","15;15.18;15.6054;16.0749;16.6382;16.8316;17.1978;17.4572;17.5937;17.5563;17.9249;18.1124;18.4261;18.7231;18.8936;18.9984;19.0819;19.0111;18.7311;18.4374;18.1344;17.9303;17.6005;17.4225;17.158;16.7955;16.4251;15.935;15.6745;15.483;15",20.8782,"0.866667;0.133333;0"
20.3898,58.1695,0.284562,"1;1.99968;2.93454;3.69015;4.31362;5.1684;6.10061;7.04289;7.9745;8.47292;9.45759;10.4435;10.8738;11.7142;12.6148;13.5611;14.5161;15.5053;16.3281;17.1585;17.7912;18.6565;19.1988;20.1565;20.2367;21","15;14.9749;14.9804;15.0016;14.8946;14.7464;14.5057;14.3075;14.2398;14.2088;14.2212;14.0892;14.0522;13.7732;13.6755;13.6194;13.7743;13.8959;14.0652;14.4355;14.5729;14.6625;14.9269;15.1772;15.1373;15",18.3793,"0.9;0;0.1"
21.1395,26.4544,4.61361,"1;1.92023;2.77244;3.76926;4.62439;4.83804;5.70429;6.2698;6.98167;7.86286;8.32108;9.24745;10.2351;11.1564;12.056;12.355;13.2508;14.0747;14.8618;15.5838;16.3196;16.8607;17.6658;18.4507;19.2039;19.7954;20.6212;21","15;15.213;15.5095;15.5892;15.8564;15.9341;16.4194;16.6146;16.9404;17.0479;17.3806;17.342;17.4104;17.3149;17.1321;17.19;17.1881;16.854;16.6471;16.4311;16.0848;16.1981;15.7696;15.4642;15.2177;15.0541;14.6856;15",20.2149,"0.9;0.0333333;0.0666667"
22.4285,12.5974,7.89791,"1;1.89792;2.483;3.173;3.83605;4.59919;5.32291;6.2455;7.01016;7.84833;8.63234;9.17764;9.94492;10.5439;11.2298;11.8459;12.4057;12.9674;13.5404;14.3727;15.2022;15.8275;16.5274;17.1511;17.8762;18.6434;19.4112;19.9695;20.5824;21","15;15.4402;15.7514;16.2399;16.7542;16.9323;17.1075;17.4372;17.7116;18.2198;18.5028;18.6998;18.9196;19.2511;19.637;19.8471;19.7895;19.3743;19.1459;18.8401;18.3949;18.0053;17.5411;17.0985;16.5533;16.1912;15.832;15.4973;15.2229;15",21.2887,"0.9;0.0666667;0.0333333"
21.0431,23.6677,5.65296,"1;1.88743;2.85343;3.72146;4.63833;4.81923;5.73204;6.6249;7.18277;7.73981;8.4241;9.21977;10.1167;11.0051;11.9803;12.3372;13.1929;13.6735;14.4706;14.9872;15.8521;16.4979;17.134;17.7858;18.2961;18.4928;19.3403;20.0835;21","15;15.4609;15.7195;16.1452;16.1879;16.285;16.6305;16.8005;16.9558;17.1495;17.1267;17.2277;17.2055;17.4628;17.6441;17.6764;17.7086;17.7457;17.503;17.2509;17.0232;16.6931;16.3871;16.1912;16.0164;15.7814;15.6366;15.2845;15",21.3056,"0.9;0.1;0"
20.4791,46.7583,0.546961,"1;1.86595;2.67552;3.29826;4.29321;5.00854;5.91056;6.88886;7.45276;8.35497;9.13382;9.94891;10.7803;11.3032;12.1496;12.7751;13.4946;14.2135;14.821;15.3797;16.2756;17.0913;17.5613;18.2803;19.2049;20.1463;20.6332;21","15;14.9435;14.6439;14.8629;14.7954;14.934;15.3527;15.469;15.6511;15.607;15.5502;15.3721;15.1633;15.0713;15.0963;15.0306;15.0786;15.347;15.3858;15.3629;15.2725;15.1907;15.1683;15.0743;14.7361;14.8996;15.081;15",19.1502,"0.933333;0;0.0666667"
20.482,39.2456,1.37965,"1;1.83038;2.78545;3.78436;4.7111;5.61354;6.60844;7.11852;7.84782;8.59273;9.4347;10.3529;10.8232;11.4323;12.2635;13.1494;14.125;14.8199;15.3007;15.8361;16.4815;17.3871;17.7891;18.5156;19.0831;19.9999;20.8953;21","15;15.5572;15.8536;15.8068;15.6821;15.5033;15.5132;15.5321;15.6194;15.7635;16.0359;16.2693;16.2378;16.2269;16.1019;15.9107;15.8241;15.7586;15.6766;15.4638;15.4758;15.3273;15.289;15.396;15.3401;15.2715;15.029;15",20.4707,"0.933333;0.0333333;0.0333333"
20.5784,34.2523,2.63389,"1;1.8726;2.29042;3.07716;3.61703;4.21135;4.7997;5.49705;6.40087;7.20548;8.13476;8.95383;9.83153;10.8262;11.6043;12.3319;13.2484;13.4848;14.1933;15.1297;15.7541;16.4865;17.317;17.904;18.6846;19.0588;19.93;20.514;21","15;15.1077;15.1148;15.4153;15.6172;15.6463;15.8844;16.0528;16.0948;16.3409;16.4646;16.64;16.5593;16.5747;16.2757;16.0643;16.1988;16.2045;16.19;16.1932;16.1397;16.1881;16.2646;16.158;15.7243;15.5424;15.2807;15.1675;15",21.49,"0.933333;0.0666667;0"
20.8544,28.5154,4.21238,"1;1.6775;2.1654;2.84887;3.37495;4.14378;5.00687;5.67405;6.04886;6.78676;7.17271;7.73384;8.45604;8.93265;9.25605;9.85599;10.549;11.0639;11.7751;12.618;13.5612;13.9808;14.6766;15.5382;15.9246;16.5889;17.5101;18.4163;19.092;20.0383;20.2157;21","15;15.011;14.9981;15.3004;15.3975;15.682;15.795;16.116;16.1884;16.2794;16.4491;16.6222;16.5931;16.7403;16.8373;17.149;17.0245;16.985;17.1667;17.1658;17.028;17.1499;17.0853;16.756;16.5059;16.2615;16.0272;15.8657;15.7089;15.5374;15.4636;15",20.2997,"0.966667;0;0.0333333"
20.7066,31.5606,3.47766,"1;1.98232;2.82733;3.7052;4.62093;5.22275;6.00332;6.64084;7.04889;7.81363;8.5243;9.23178;9.53181;10.2909;10.3928;11.2721;12.0065;12.4353;13.4241;13.5753;14.4195;14.8802;15.7494;16.3332;17.1178;17.9373;18.6572;18.9023;19.781;20.555;21","15;15.1872;15.4146;15.787;15.8117;15.9269;16.0861;16.3922;16.4813;16.4049;16.3278;16.2468;16.3005;16.5679;16.5533;16.8307;16.7838;16.8498;16.8581;16.8171;16.7131;16.6659;16.5928;16.4575;16.2377;16.0259;16.0288;15.723;15.3631;15.0918;15",21.0684,"0.966667;0.0333333;0"
20.0277,46.4221,0.521004,"1;1.13761;2.00801;2.94772;3.79271;4.50787;4.9987;5.82378;6.54474;7.44956;8.44377;9.1587;10.1257;10.9428;11.8077;12.7234;13.4401;13.983;14.8836;15.7253;16.5166;17.3615;18.2454;19.1852;20.146;21","15;15.0114;15.0718;15.1411;15.1764;15.2275;15.2465;15.2623;15.3036;15.3169;15.3456;15.3388;15.3141;15.2835;15.2312;15.1514;15.129;15.1048;15.1503;15.2003;15.2193;15.1977;15.1984;15.1468;15.089;15",20.0277,"1;0;0"
