Length, Risk, TravelTime, Paths.x, Paths.y, Cost, Weight
20.9262,74.5234,0.222928,"1;1.65868;2.34611;2.87812;3.73541;4.13168;4.97075;5.6589;6.30293;7.17897;7.85985;8.83919;9.78736;10.6068;11.477;12.2835;13.0839;14.0334;14.3622;15.0953;15.6748;16.5503;17.4054;18.032;18.6228;19.4152;19.6901;20.4293;20.697;21","15;14.3735;14.0274;13.8265;13.6266;13.5535;13.3847;13.2475;13.1777;13.1182;13.1116;13.1238;13.1313;13.1276;13.1105;13.0848;13.0571;13.0888;13.1182;13.1835;13.2414;13.2949;13.4171;13.5063;13.6162;13.8827;13.9675;14.3386;14.5585;15",0.222928,"0;0;1"
37.7823,5.18048,0.393078,"1;1.56523;2.00882;2.489;2.49279;2.41336;2.48629;2.26259;2.36176;2.80004;2.78648;3.22027;3.23478;3.54415;4.0652;4.6445;5.53838;6.07889;6.90197;7.64878;7.80002;8.64252;9.56484;9.67169;10.5126;11.2666;11.8882;12.5045;13.3984;13.8967;14.3427;15.0817;15.5404;16.1432;16.8769;17.4347;17.9554;18.5021;18.8095;19.1589;19.7165;20.3964;21.2243;21.7934;22.0283;22.3674;22.4126;21.9817;21.1673;21.2284;21.0824;20.6028;21","15;15.0283;14.2952;13.7383;12.7652;12.1145;11.3041;10.4689;9.85305;9.08031;8.46512;7.87353;6.96512;6.66408;6.23206;5.51234;5.19826;4.90012;4.44598;4.20367;3.856;4.09191;4.29611;4.30723;3.92683;3.65613;3.46716;3.67848;3.70293;3.88592;4.19275;4.72908;4.92301;5.27177;5.68366;6.1082;6.60065;7.24943;7.4568;8.02483;8.34615;8.99059;9.3893;9.98227;10.7826;10.9226;11.7855;12.2694;12.5768;13.5496;13.6274;14.4406;15",0.632448,"0;0.05;0.95"
40.9735,12.796,0.425515,"1;1.94213;2.09352;2.25777;2.48784;2.65609;2.59457;2.92566;3.15607;2.80354;3.25842;3.74621;4.00824;4.66921;5.40514;5.73623;6.67315;7.0302;7.80702;8.76713;9.62415;10.2558;11.0185;11.9662;12.7816;13.5865;14.3214;14.8082;15.263;15.9034;16.8484;17.6479;18.4248;18.6218;18.8141;19.0133;18.9196;18.8947;18.6059;17.9852;17.1034;16.9065;16.828;16.7826;16.4084;16.6418;17.6342;18.2463;19.058;19.7001;20.133;20.9034;21","15;14.6647;13.6763;12.9862;12.1335;11.2402;10.3515;9.64771;9.01033;8.07453;7.38895;6.58892;6.11611;5.52531;5.1135;4.70294;4.39867;4.31427;3.84932;3.73124;3.59781;3.45464;3.3347;3.15276;3.18486;3.21497;3.09088;3.78208;3.95786;4.11882;4.39649;4.602;5.21901;6.12972;7.00949;7.595;8.13843;9.13051;9.65265;10.2597;10.6392;11.5406;11.8045;12.5656;13.1572;13.8983;13.939;13.9897;14.1193;14.1665;13.9611;14.3516;15",1.66257,"0;0.1;0.9"
37.5737,6.49462,0.38727,"1;1.2654;1.85421;1.97252;2.20653;2.51409;2.39804;2.64812;2.65967;2.82221;3.46802;3.43803;3.44084;3.59092;4.12411;4.81734;5.28659;5.79636;6.44561;7.06759;7.66769;8.24439;9.0391;9.94956;10.5505;11.4829;12.0715;12.834;12.9978;13.8674;14.7464;15.3754;15.6996;16.3511;16.9737;17.4676;17.7508;17.9304;17.8423;17.7305;17.361;17.3801;18.3424;18.7779;19.6622;20.5418;21.1206;21.5661;21.7255;22.0077;21.5594;21","15;14.8347;14.4629;14.0179;13.3011;12.735;11.8977;10.937;10.2704;9.87497;9.11147;8.47051;7.7618;6.79384;6.16006;5.60093;5.29171;4.96604;4.61927;4.41721;4.17217;3.88018;3.51163;3.45793;3.36914;3.57428;4.29191;4.66097;4.73715;5.20065;5.05228;4.89388;4.98014;5.40256;5.57603;6.08934;6.44683;6.91295;7.61956;8.14511;8.84768;9.68632;9.8976;10.7148;10.8118;10.6883;11.3783;12.1489;12.8208;13.5688;14.3939;15",1.30337,"0;0.15;0.85"
38.5813,5.26172,0.400003,"1;1.88868;2.03665;2.26234;2.72406;2.94749;3.06893;3.14724;3.04496;3.04658;3.26435;3.42386;3.50834;3.76328;4.13988;4.61533;5.29887;5.68525;6.04538;6.80691;7.44585;7.88715;8.80544;8.93462;9.87794;10.5349;11.059;11.8675;12.3177;13.2982;14.2825;15.0002;15.8508;16.6777;17.2816;17.8527;18.7579;19.3831;20.0228;20.3108;20.5743;20.9017;20.8293;20.6975;21.2154;21.3529;21.1256;20.6395;20.5071;19.9876;19.489;20.0483;20.7277;21","15;14.5415;14.3599;13.5829;12.7427;12.2905;11.2979;10.6649;9.82827;9.21867;8.42162;7.51152;6.72976;6.41115;5.92669;5.34994;4.89487;4.54907;4.14297;4.16307;4.11138;4.10488;3.94113;3.95585;3.78073;3.3494;3.31551;3.36839;3.26253;3.45427;3.54753;3.8545;3.93692;4.23145;4.58909;4.96603;5.32634;5.45224;5.56035;6.35056;6.6512;7.58007;8.02328;8.82904;9.64147;10.5189;10.9198;11.4066;12.1905;13.006;13.7726;14.5365;14.7455;15",1.37235,"0;0.2;0.8"
36.186,6.14366,0.375968,"1;1.18387;1.92616;2.37185;2.39488;2.49738;2.78035;2.76573;2.70728;2.76143;2.82555;3.32963;3.55366;3.69917;3.99863;4.44649;5.03713;5.42666;6.04336;6.77024;7.72295;8.51359;9.22398;9.81558;10.4587;10.9175;11.8863;12.437;13.008;13.6853;14.6428;15.02;15.5204;16.1425;16.6888;17.1241;17.4736;17.0201;17.9015;18.0302;18.6583;19.2499;19.9953;19.9848;19.9527;19.9151;19.4655;19.6448;20.0928;20.1484;21","15;14.9356;14.4961;13.7601;13.561;12.8932;12.4328;11.9039;11.1896;10.3359;9.57782;9.01125;8.71712;7.80701;7.10998;6.57419;5.84688;5.11263;4.9521;4.77769;4.83792;4.63459;3.98895;3.6848;3.6224;4.00972;3.78638;3.79659;3.88018;3.8872;3.87434;4.01013;4.23533;4.69515;5.23146;6.02389;6.94758;7.77569;7.93868;8.44794;8.88796;9.61959;10.2819;10.4838;11.3837;11.8406;12.6936;13.6506;14.3816;14.5112;15",1.81789,"0;0.25;0.75"
41.4752,9.39093,0.428531,"1;1.78986;2.08645;2.26189;2.2933;2.6073;2.86092;3.00015;3.23994;3.50817;3.48163;3.6305;3.82394;4.13155;4.63751;5.0874;5.75269;6.26309;7.16255;7.93549;8.8622;9.27242;10.0826;10.4819;11.0574;11.7513;12.5256;12.8185;13.7407;14.5599;15.3021;16.2772;17.1479;17.7456;18.4222;19.3234;19.0298;19.3383;19.2922;19.2069;19.559;19.713;19.0013;18.3204;17.4503;17.0172;17.2373;17.5788;17.7683;17.8724;18.3594;19.1052;19.4628;20.1597;20.6959;21","15;14.5404;13.8473;13.0822;12.236;11.4659;10.9359;10.3352;9.68631;8.90967;8.5696;7.84076;7.09869;6.20207;5.54599;5.05655;4.5138;4.21766;3.83308;3.67329;3.61512;3.44378;3.81992;3.94822;3.34927;3.36493;3.31355;3.4152;3.55565;3.8044;3.9625;4.06508;4.30305;4.75235;5.46466;5.85735;6.52659;6.94919;7.88979;8.484;9.2538;10.1703;10.8024;11.1675;11.6242;11.779;12.4044;12.8559;13.6592;13.867;14.4697;13.8812;13.8911;13.4914;14.0823;15",3.11725,"0;0.3;0.7"
38.397,4.85977,0.396246,"1;1.182;1.21233;1.71455;1.96491;1.98177;2.21656;2.17994;2.26064;2.25005;2.62958;2.9767;3.02506;3.26355;3.32162;3.36337;3.59482;4.02872;4.86606;5.56162;6.44054;7.25613;7.76944;8.40504;9.06656;9.19682;10.143;10.8982;11.5923;12.4196;13.3344;13.9881;14.8236;15.669;16.3894;17.2553;17.7598;18.3798;19.1358;19.9874;20.4802;20.9074;21.3359;21.5544;22.0376;22.456;22.4539;22.7044;22.1026;22.4416;22.3693;21.8095;21.2455;21","15;14.8584;14.8344;14.373;13.4753;13.199;12.3353;11.3639;10.7732;10.482;9.68129;8.89166;8.46045;7.60652;6.91328;6.61028;6.18265;5.335;4.90135;4.32956;4.23402;4.36727;3.6628;3.6681;3.49873;3.47389;3.26829;3.39765;3.62577;4.04154;3.96497;4.4506;4.57594;5.04968;5.49334;5.55494;5.55713;5.87333;6.43024;6.37147;6.68866;7.50446;8.29783;8.86906;9.50474;10.161;11.145;11.9941;12.633;13.2595;13.8005;14.5092;14.8537;15",1.95848,"0;0.35;0.65"
38.6121,4.90643,0.39917,"1;1.75004;2.02882;2.30375;2.4164;2.50481;2.42646;2.89232;3.43301;3.82737;3.45343;3.76195;3.95593;4.49098;4.98835;5.53715;6.06594;6.76353;7.74977;8.03248;9.03175;9.85515;10.4945;11.3349;12.1303;12.5103;13.1917;13.6811;14.4947;15.2028;16.01;16.6217;17.2929;18.0719;18.6421;19.4666;20.3085;21.0308;21.5368;21.9677;21.9469;22.1832;22.2957;22.4143;22.4718;22.1301;22.1329;21.4891;21.7898;21.0442;21","15;14.7948;14.0849;13.4457;12.5594;11.6425;10.9281;10.163;9.52315;8.68621;8.02919;7.0912;6.41338;5.87198;5.17496;4.62162;3.97652;3.98493;4.04666;4.11865;4.15697;3.98685;3.94684;3.47755;3.73398;3.71699;4.00445;4.02292;4.31066;4.16306;4.40423;4.40658;4.37228;4.76353;5.21985;5.70782;6.15858;6.73486;7.20175;7.87141;8.45517;9.22983;9.70665;10.5334;11.5268;12.2985;12.9174;13.3746;14.0202;14.6686;15",2.20207,"0;0.4;0.6"
39.4947,4.84921,0.411133,"1;1.26628;2.03234;2.12199;2.36568;2.30374;2.31878;2.37165;2.23988;2.26928;2.98559;3.46009;3.59879;3.87148;4.42992;4.92119;5.35151;6.1389;7.0168;7.73202;8.65707;9.59383;10.5552;11.3807;12.2574;12.7264;13.3563;14.0481;14.6962;15.0893;15.7803;16.5127;16.8921;17.7902;18.5339;19.3664;19.9501;20.2142;20.4397;20.805;21.0439;21.1699;21.5358;22.1732;22.3405;23.0906;23.1645;23.2504;23.0409;22.9972;22.7774;22.1758;21.5158;21","15;14.8;14.1581;13.4828;12.578;12.0536;11.3459;10.8982;9.90805;9.34484;8.79975;8.4271;7.45687;6.84764;6.10938;5.3237;4.82445;4.30332;3.90426;3.88223;3.69916;3.60264;3.704;3.40814;3.86915;4.15115;3.88746;3.46376;3.5166;3.65438;3.80975;4.11723;4.09401;4.447;4.86372;5.16567;5.84968;5.78;6.35809;7.03224;7.89611;8.7022;8.97398;9.68396;9.97629;10.3634;10.9552;11.748;12.1885;12.6698;13.6376;14.2784;15.0033;15",2.40827,"0;0.45;0.55"
33.3883,4.01814,14.7224,"1;1.21332;1.88662;2.16301;2.59093;2.64474;2.63457;2.66644;3.16342;3.14025;3.28491;3.71436;3.95482;4.56991;4.9037;5.49579;5.92927;6.57408;7.35316;7.783;8.48081;9.1606;9.60117;10.3393;11.1227;11.8571;12.6202;13.1295;13.9057;14.6738;15.0592;15.517;16.3378;16.4473;17.1504;17.8384;18.6546;19.1977;19.918;19.9969;20.1745;20.6689;20.7417;20.7347;20.8704;20.9431;20.8356;21.1914;21.2449;21","15;15.1309;15.5778;15.6768;16.5451;17.4675;18.4426;18.7514;19.3596;19.8848;20.616;21.4394;21.9085;22.6819;23.184;23.5573;23.8609;24.1545;24.2442;24.6081;24.9339;25.2815;25.4648;25.6576;25.904;25.6676;25.4449;25.1825;24.9583;24.7294;24.2569;23.9479;23.4386;23.3513;23.1463;22.7516;22.4545;21.8847;21.3865;21.1522;20.5984;19.8025;18.9995;18.4443;17.6594;17.1153;16.6922;16.0498;15.2297;15",9.37028,"0;0.5;0.5"
38.6124,4.88927,0.398883,"1;1.57949;1.77025;1.84241;2.02499;2.27127;2.33612;2.64703;2.92508;2.82171;2.90732;3.31767;3.74666;4.21204;4.40606;4.85674;5.42776;5.90961;6.70693;7.37655;8.09149;8.89108;9.28024;9.6263;10.2695;11.0991;12.0499;12.9383;13.7622;14.5705;15.4187;16.1092;16.5039;17.4207;18.0068;18.7656;19.2889;20.0099;20.6425;20.7988;21.0546;21.1711;21.4907;21.974;21.2106;21.3319;21.1388;21.4059;21.4257;21.8832;21.798;21","15;14.6664;14.3623;14.231;13.2489;12.9364;12.0057;11.1393;10.7379;9.83735;9.19169;8.38479;7.52504;6.84451;6.19831;5.93349;5.16901;4.80075;4.20576;4.06262;3.80608;3.39555;3.04753;3.5419;3.59532;3.31015;3.14619;3.59099;4.1419;3.98604;3.90054;3.99221;4.28077;4.44686;4.60898;4.91593;5.63348;5.74921;6.35431;6.87684;7.47479;8.03796;8.64785;9.47323;9.91906;10.8364;11.5807;12.2173;13.1449;13.9895;14.5192;15",2.8686,"0;0.55;0.45"
34.7913,3.4942,15.5402,"1;1.30016;1.68786;1.85815;2.15327;2.34798;2.61102;2.89827;3.05538;3.7462;4.06034;4.37265;4.82806;5.40508;5.81008;6.36068;6.87918;7.46143;8.28395;9.24217;10.0962;10.9688;11.1364;12.0987;12.6182;13.0028;13.479;13.8989;14.3793;15.0842;15.9942;16.5815;17.4045;17.9001;18.5189;18.7247;19.4041;19.8115;19.9722;20.2281;20.4094;20.6481;21.1393;21.1168;21.4371;21.6462;21.158;21","15;15.0949;15.3783;15.9297;16.6646;17.5977;18.3622;19.3174;20.0826;20.6779;21.4286;21.8602;22.338;23.1462;23.7827;24.3762;25.1771;25.887;26.0957;25.9425;26.1278;26.414;26.4815;26.5358;26.5261;26.4976;26.2439;26.0316;25.7514;25.0707;24.977;24.5082;24.1837;23.8832;23.6227;22.7504;22.2637;21.9902;21.4483;20.564;19.696;18.9691;18.1442;17.7119;16.8473;16.3055;15.5689;15",8.31261,"0;0.6;0.4"
38.1886,7.07267,0.394913,"1;1.70951;1.89227;2.24606;2.36003;2.48989;2.6828;2.52686;3.05155;3.19046;3.56614;3.50808;3.52433;3.86598;4.12625;4.93613;5.29965;5.41264;6.41106;6.63991;7.32315;8.19422;9.14391;9.85026;10.3406;10.9848;11.673;12.3;12.9638;13.8675;14.4852;14.5813;14.8988;15.0959;15.724;16.1334;16.9365;17.8565;18.5619;18.7771;18.7579;19.0474;19.1985;18.7824;19.2068;19.9274;20.4052;20.0299;19.5726;19.3966;19.1163;19.2999;19.8332;20.2711;20.9245;21","15;14.5871;13.7413;12.8896;12.3427;11.3997;10.6832;10.177;9.44642;8.98619;8.54192;7.75004;7.08207;6.28675;5.94043;5.4856;4.80909;4.65855;4.68283;4.604;4.39364;4.23368;4.16802;4.0058;3.79706;3.63965;3.5385;3.66581;3.82481;4.24434;4.9392;5.59049;6.36537;7.07119;7.38566;6.92218;6.80102;7.06585;7.42977;7.87206;8.20541;8.88404;9.5196;10.2544;10.3989;10.6867;11.56;12.0901;12.6241;12.6464;13.5719;13.7467;14.425;14.4273;14.5945;15",4.73546,"0;0.65;0.35"
43.3154,5.32384,0.4539,"1;1.99467;2.07469;2.59439;2.17154;2.17285;2.10838;2.04113;2.30733;2.38825;2.4191;2.42056;2.78891;3.16758;3.52872;4.12209;4.48271;4.97614;5.31504;5.61853;6.00519;6.45545;6.76747;7.39104;7.91946;8.45014;9.40983;9.83218;10.7824;11.2458;11.9506;12.6278;13.141;13.7286;14.2543;14.4221;15.3955;16.128;16.9954;17.38;18.1434;18.4551;19.3338;19.9789;20.4201;21.2818;21.7207;22.2966;22.5909;22.679;23.2028;23.5339;24.0525;23.4757;23.2666;22.5972;21.9651;21.4704;20.5728;20.692;20.3786;20.8587;20.392;21","15;14.9724;14.7514;14.1584;13.4369;13.2349;12.5395;11.7287;10.9531;10.4685;9.80495;8.87731;8.14827;7.66056;7.20546;6.55685;6.07044;5.7897;5.51615;4.91663;4.64103;4.15905;4.05669;3.91075;3.93727;3.81897;3.70362;3.54835;3.49101;3.46159;3.38151;3.43909;3.50287;4.09316;4.62979;4.81108;4.69099;4.49076;4.37824;4.61567;4.87675;4.59988;4.82806;5.54733;6.02336;5.86432;6.51829;6.96421;7.13663;8.10315;8.38472;9.19963;9.88996;10.4403;10.6578;11.2676;11.9677;12.3071;12.2244;13.024;13.278;14.01;14.7467;15",3.86286,"0;0.7;0.3"
36.6261,3.35323,16.1686,"1;1.94847;2.10536;2.29231;2.35126;2.61141;2.45095;2.90861;3.00733;3.36963;3.74939;4.02159;4.41228;4.6712;5.05507;5.43067;6.04021;6.41513;7.17174;7.8923;8.6387;8.90558;9.72845;9.93958;10.7863;11.4815;11.8273;12.6839;13.219;14.0482;14.5122;15.0865;15.6361;15.9074;16.3795;17.3333;17.9455;18.8158;19.1427;19.7403;19.769;19.8617;20.4856;20.7871;21.0148;21.0567;21.4316;21.8844;22.0804;21.7013;21.0329;20.7888;21","15;15.3169;16.3045;17.2869;18.2333;18.5661;19.2587;19.9917;20.189;20.9627;21.5522;21.9076;22.1872;23.1531;23.6366;23.9322;24.5959;25.2806;25.5263;25.7264;26.14;26.3641;26.7057;26.6014;26.9949;26.8373;26.89;27.025;26.8371;26.4423;26.1978;25.9787;25.4663;25.0282;24.7777;24.5118;23.8093;23.5414;22.8891;22.461;22.0004;21.237;20.532;19.7972;19.3771;18.6614;18.0959;17.5574;16.8634;16.037;15.4225;15.0551;15",6.55708,"0;0.75;0.25"
37.7249,5.20835,0.386045,"1;1.53562;2.09388;2.21163;2.26864;2.24923;2.36054;2.36333;2.63795;3.08634;3.78842;4.43397;4.18888;4.80179;5.27566;5.75457;6.62745;7.53143;8.3863;8.99105;9.93545;10.6404;11.5845;12.3401;13.0183;13.5817;14.5096;15.2888;16.1829;16.7314;17.4759;18.1947;18.8918;19.4788;19.6232;19.4674;19.6119;19.7395;19.7375;20.4385;20.5614;20.566;20.3033;20.3798;20.7238;20.0773;20.4522;21.14;20.9997;21","15;14.2931;13.637;12.9402;11.9793;11.1897;10.5092;9.85457;9.04133;8.66856;8.01497;7.51545;6.64717;6.01957;5.51335;4.6514;4.28314;3.87789;3.63657;3.27792;3.35487;3.4786;3.74039;3.6717;3.7639;3.93641;4.07266;4.2483;4.16458;4.481;5.1199;5.23219;5.21724;5.46947;5.87297;6.6098;7.38758;7.86299;8.26065;8.72225;9.5545;9.65369;10.5888;10.9838;11.8644;12.0218;12.8294;13.5314;14.3956;15",4.24389,"0;0.8;0.2"
37.3971,5.30129,0.383817,"1;1.55094;1.94147;2.29846;2.28265;2.20535;2.26507;2.55772;2.74188;3.0042;3.50244;4.24073;4.24218;4.37573;5.01059;5.51513;6.22354;6.70686;7.49052;8.25281;9.15947;9.93528;10.7194;11.3103;12.0584;13.0367;13.8109;14.2517;15.1282;15.8052;16.506;17.2601;17.9704;17.8734;17.9194;18.7747;19.1796;19.216;18.6933;18.7249;19.4166;19.7754;20.4578;21.2818;21.7853;21.7265;21.9531;21.6479;21.1952;21","15;14.5042;13.9431;13.1585;12.544;11.9206;10.9311;10.0139;9.11984;8.46093;8.09645;7.62701;6.79291;6.13976;5.45973;4.75337;4.27172;3.95384;3.75534;3.75434;3.93748;3.7764;3.9358;4.07821;3.70415;3.86658;3.93051;3.99954;4.33772;4.46646;4.81602;5.30021;5.52048;6.16663;6.56403;7.06861;7.77842;8.21862;8.97306;9.68784;10.0142;9.9936;10.6881;11.2329;11.9731;12.6801;13.3741;13.9989;14.5018;15",4.56367,"0;0.85;0.15"
39.6591,4.83064,0.410788,"1;1.43247;1.7606;2.03588;2.36961;2.52274;2.5582;2.67696;2.68465;3.08902;3.6075;3.54907;4.12576;4.71434;5.2787;5.97529;6.75355;7.06265;7.54343;8.44545;8.87114;9.52308;10.2575;10.8484;11.5157;12.4471;12.8468;13.6853;14.0917;14.8806;15.53;16.2841;16.6387;17.2135;17.6808;18.0617;18.969;19.3427;19.8222;20.5174;21.2461;21.7229;22.3354;22.7868;22.8186;23.4334;23.3759;23.3099;23.3948;23.2828;22.5346;21.8935;21.5955;21.6679;21.5497;21","15;14.7647;13.9858;13.3164;12.4982;11.5343;10.5508;9.86976;9.01139;8.23511;7.56597;6.7899;6.39427;5.65639;4.88019;4.60368;4.18214;3.82948;3.3756;3.13276;2.98838;2.77766;2.79873;3.18375;3.81602;3.95328;3.88411;3.84822;3.73892;3.7336;3.83954;4.38323;4.48708;4.89452;5.18958;5.36371;5.68404;6.31902;6.6623;7.04746;7.37333;7.72549;8.48879;9.08138;9.88234;10.3779;10.8918;11.5154;12.4965;12.7446;13.0909;13.6468;13.8262;14.2478;14.9226;15",4.38866,"0;0.9;0.1"
42.0171,3.02509,19.1762,"1;1.67327;2.04668;2.1976;2.3409;2.46065;2.48321;2.54231;3.00956;3.38701;3.35973;3.87245;3.88965;4.1427;4.21431;4.09664;4.41552;4.43013;4.91558;5.54149;6.49789;7.39905;8.23981;8.78137;9.36447;9.79605;10.756;11.6449;12.3555;12.6548;13.2689;14.1658;15.1202;15.4925;16.2326;16.3947;16.7503;17.1862;17.9352;18.764;19.5962;19.9969;20.5551;21.3176;21.4081;21.622;21.7386;21.9444;22.0255;22.0976;21.9114;21.8143;21.8371;21.7985;21.791;21.7482;21.5556;21.2092;21","15;15.5818;16.1736;16.8299;17.3488;17.9937;18.7236;19.1255;19.6807;20.5988;20.8011;21.4972;22.326;23.198;23.307;24.2456;25.1649;26.1557;26.9373;27.5273;27.5264;27.9159;28.1768;28.148;28.3679;29.0058;29.2528;29.1208;28.8195;28.8782;28.455;28.7868;28.8498;28.7618;28.1749;27.9239;27.1447;26.5429;26.3578;26.3369;25.8931;25.1946;24.5441;23.9379;23.6038;22.787;22.3689;21.5346;20.5988;19.9948;19.4494;18.6284;17.9347;17.4337;16.8516;16.5934;15.944;15.663;15",3.83265,"0;0.95;0.05"
41.266,2.85297,18.2401,"1;1.56014;1.86154;2.12791;2.3836;2.48415;2.55229;2.72125;2.78778;3.02475;3.12059;3.27668;3.64384;3.97629;4.34875;4.60839;5.0108;5.5498;5.6665;5.80181;6.28826;6.8166;7.13402;7.75778;8.44658;8.99647;9.37266;9.88259;10.5678;11.0606;12.0379;12.5071;13.4108;14.3346;14.4985;14.6314;15.5482;16.3319;17.2099;18.062;18.5115;19.2964;19.5132;20.2874;20.9697;21.4821;21.7698;22.2001;22.4646;22.6307;22.888;23.1225;23.2475;23.4179;23.5221;23.4827;23.2943;23.2494;22.9886;22.806;22.201;21.7775;21","15;15.1705;15.5077;16.0047;16.7386;17.5993;17.9959;18.7153;19.1661;20.0718;20.6072;21.2802;22.185;22.8855;23.6215;24.1854;24.8835;25.5248;25.7065;25.9013;26.509;26.9657;27.2559;27.6932;28.1228;28.3984;28.5516;28.7525;28.8859;29.0134;28.9457;28.8735;28.6139;28.5179;28.4971;28.4786;28.1797;27.8593;27.4117;26.9399;26.7117;26.1148;25.9268;25.3083;24.7028;24.113;23.8017;23.2035;22.7001;22.2274;21.6245;20.9213;20.505;19.5233;18.663;17.7746;16.9584;16.8152;16.2553;15.9513;15.45;15.2372;15",2.85297,"0;1;0"
21.2109,79.8641,0.241073,"1;1.93912;2.66091;3.3022;3.8436;4.75896;5.60513;6.46709;7.41048;7.76798;8.61581;9.34372;10.1638;11.1228;11.7138;12.6015;12.9827;13.773;14.6947;15.081;16.0707;16.2981;17.0861;17.9821;18.6877;19.3333;20.1003;21","15;14.6564;14.4721;14.1549;13.9314;13.8004;13.757;14.129;13.9526;13.8692;13.7242;13.8224;13.5063;13.5031;13.1423;12.986;13.1727;13.6751;13.8264;13.5916;13.4489;13.7936;13.8584;14.1325;14.19;14.2607;14.7903;15",1.28957,"0.05;0;0.95"
34.8627,7.93594,0.375318,"1;1.25269;1.32152;1.77325;2.10627;2.35083;1.86865;2.07164;2.52316;3.13205;3.42574;3.98747;4.36842;4.80648;5.34171;5.47071;6.17159;6.7977;7.34188;8.06132;8.55482;9.08854;9.67925;10.5802;11.3982;12.0407;12.2338;13.0663;13.3975;14.3224;14.9041;15.26;15.3434;16.0167;17.0102;17.375;17.4511;18.0834;18.4009;18.9171;19.388;19.2725;19.6326;20.0194;19.9908;20.4333;20.5199;20.4637;20.3651;21","15;14.7359;14.6554;14.0048;13.563;12.5934;11.8029;11.0431;10.2636;9.65717;9.06034;8.39077;7.94084;7.76938;7.01365;6.08004;5.38281;4.66086;4.81158;4.4812;4.36473;3.95156;3.78148;3.99783;4.48767;5.03754;5.23645;5.51063;5.53006;5.66677;6.14102;6.53111;7.223;7.61736;7.51647;7.61824;8.56883;9.09767;9.41704;9.95536;10.4096;11.1716;11.5541;12.117;12.4796;13.3712;13.9886;14.5957;15.3796;15",2.47772,"0.05;0.05;0.9"
32.6784,6.49363,0.336772,"1;1.48668;1.93833;2.23989;2.43147;2.43863;2.72487;2.85027;3.07262;3.18571;3.59262;4.13946;4.42978;5.09888;5.87135;6.50019;7.06285;7.56987;8.24633;8.7502;9.16935;9.60252;10.3403;11.2764;11.8844;12.2946;13.1588;13.4188;13.944;14.6852;15.0811;15.382;15.9494;16.5333;17.0918;17.8309;18.2176;18.6724;18.8257;18.8237;19.2828;19.8731;20.2577;20.4279;20.5499;20.758;21.035;21","15;14.6861;14.1015;13.6495;13.1613;12.1641;11.4499;11.1071;10.1633;9.68348;9.08325;8.4715;8.17132;7.57391;6.99237;6.362;6.14606;5.90647;5.3729;5.37961;4.86507;4.4683;4.03853;3.98874;4.09116;4.12572;4.15227;4.23999;4.44073;4.68565;5.06533;5.35769;5.95037;6.45064;6.67841;7.26475;7.57185;7.92375;8.4664;9.39856;10.1134;10.7324;11.2019;11.8188;12.7505;13.2282;14.0474;15",2.56954,"0.05;0.1;0.85"
36.2158,5.69285,0.372785,"1;1.47734;1.67462;2.05356;2.30115;2.29798;2.23146;2.42754;2.73219;2.88304;3.3555;3.66579;3.9742;4.14699;4.37166;4.7382;5.46746;5.89325;6.40925;6.76691;7.54024;8.30159;8.77539;9.47045;10.4052;10.5849;11.0668;11.7353;12.1983;12.9036;13.8276;14.7173;15.096;15.9512;16.3692;17.1988;17.6912;17.9429;18.6882;18.557;19.0052;19.1614;19.4015;19.6964;19.6835;19.6234;20.0117;20.5009;20.719;20.7865;20.4809;20.5256;21","15;14.4605;13.9764;13.4045;12.6822;11.9175;11.2535;10.6377;9.82482;9.37988;8.87316;8.18109;7.6676;7.26442;6.71669;6.21712;6.07423;5.89516;5.63156;5.51335;5.22692;4.76662;4.789;4.90188;4.73598;4.68005;4.35846;4.03236;3.84104;3.71382;3.37797;3.22062;3.73371;4.03323;3.46948;3.75577;4.50012;4.94235;5.53942;6.19219;7.05392;7.92687;8.40817;8.98132;9.18185;9.6569;10.5195;11.2621;12.1905;13.1864;13.9595;14.7;15",2.96294,"0.05;0.15;0.8"
42.0994,7.78917,0.44899,"1;1.374;1.90728;2.27565;2.45637;2.63004;2.62679;2.8684;3.00465;3.22017;3.71404;4.39143;4.81232;5.56696;6.06308;6.74347;7.53577;8.32132;8.89811;9.54342;10.4605;10.9866;11.9299;12.494;13.1976;13.9728;14.6684;15.5742;16.5241;17.012;17.4969;17.6306;18.5124;19.3155;19.6812;20.1336;20.4674;20.8129;21.0906;21.2849;21.9146;22.2216;21.5033;20.7683;20.5261;20.6243;19.8336;19.2707;18.5703;17.6235;17.9296;18.5431;19.278;19.2996;19.9251;20.6987;21.2316;21","15;14.0726;13.3643;12.4902;11.8525;10.8953;10.0775;9.14327;8.3225;7.93291;7.45032;6.95201;6.40467;6.14802;5.49211;4.93299;4.44516;4.07574;4.21267;4.25042;4.44402;4.71312;4.89102;4.71171;4.55665;4.22075;4.58023;4.72144;4.71825;5.11422;5.67919;5.77195;6.08399;6.17547;6.38851;6.89996;7.27238;7.69333;8.44881;8.75665;9.3798;9.98413;10.6458;11.3126;12.2055;12.4962;12.6772;12.8101;12.5339;12.7853;13.3291;13.6839;13.8992;14.3709;14.9772;15.1747;15.0176;15",3.99955,"0.05;0.2;0.75"
35.4864,6.33466,0.387893,"1;1.51636;1.86827;2.39105;2.47973;2.65729;2.91581;3.22711;3.42724;3.9839;3.96947;4.07538;4.70468;5.18366;5.94099;6.3397;6.87844;7.42728;8.36748;9.28192;9.92918;10.4761;11.3249;12.2304;13.1415;13.7108;14.1182;14.5432;15.3364;15.8623;16.4378;17.0636;17.9009;18.0116;18.3741;18.721;18.8206;19.2783;19.6044;19.7255;19.2476;19.1832;19.2185;19.4709;19.8136;19.9846;20.9333;21","15;14.5364;13.9038;13.1565;12.1897;11.3125;10.647;9.99515;9.0395;8.43887;7.92977;7.18175;6.57461;5.82387;5.45369;5.12167;4.4671;4.006;3.86578;3.87035;3.82167;4.06394;4.39098;4.25461;4.07157;4.32735;4.45674;4.61221;5.0664;5.24684;5.56277;6.1943;6.7113;7.05737;7.64229;8.46922;9.13531;9.90711;10.6835;11.571;12.3733;12.8817;13.5172;14.4646;15.3633;15.0103;15.0831;15",3.62951,"0.05;0.25;0.7"
37.6471,5.57031,0.39536,"1;1.4225;1.85035;2.11233;2.07918;2.05332;2.2532;2.76025;2.97481;2.94477;3.57128;4.13364;4.64487;4.85773;5.48495;5.61481;6.27279;7.01997;7.47424;8.47424;9.28073;9.95834;10.4923;11.4476;12.3649;12.8356;13.2919;13.6712;13.6107;14.0479;14.9502;15.4669;16.0645;16.6225;17.2794;17.6571;18.1406;18.6364;19.2853;20.0637;20.5793;20.9844;21.4213;21.693;21.6414;21.1122;21.2458;21.7347;21.8086;21","15;15.0597;14.2285;13.3962;12.5032;11.8505;10.977;10.322;9.71984;8.76623;8.0025;7.28114;6.57489;5.79629;5.09396;4.95847;4.42397;3.8207;3.60413;3.60546;3.77335;3.25307;3.11899;2.95573;2.89448;3.37657;3.61002;4.24178;4.98727;5.16321;5.23727;6.01287;5.9087;6.0249;6.56256;6.80237;7.21679;7.66425;8.05668;8.48861;9.17572;9.85828;10.4332;11.0256;11.9695;12.7568;13.1564;13.9749;14.8593;15",3.81043,"0.05;0.3;0.65"
36.5732,4.90022,0.375744,"1;1.57633;1.79415;2.11059;2.23988;2.04821;2.28411;2.4092;2.43038;2.91953;3.07687;3.23853;3.41524;3.44009;3.42593;3.83798;4.20974;4.78219;5.43501;6.03853;6.43029;6.83906;7.61399;8.52851;9.43375;10.0901;10.8993;11.6654;11.9225;12.7108;13.6339;14.268;14.8602;15.6758;16.2129;17.0941;18.0237;18.6123;18.8504;19.5773;19.7517;20.1395;20.7049;20.8658;20.7897;20.5042;20.8203;21.2692;21.3504;21.2156;21.0899;21","15;14.6042;14.3875;13.8174;13.1055;12.4611;11.8964;11.2068;10.7917;10.1044;9.64321;8.99043;8.30028;7.69902;6.96874;6.07818;5.53319;5.21143;4.86618;4.67656;4.50171;4.34386;4.18447;3.80249;3.50303;3.60819;3.44737;3.61778;3.66403;3.90049;4.04908;4.52185;4.74662;4.65228;4.467;4.83274;5.0471;5.71344;5.90747;6.29704;7.26006;7.64916;8.22885;8.92326;9.84468;10.6142;11.2653;11.864;12.6698;13.5273;14.318;15",3.76918,"0.05;0.35;0.6"
36.3115,5.22687,0.37268,"1;1.47427;1.99743;2.18481;2.36748;2.56404;2.98336;2.75354;2.7777;3.32;3.53766;3.77673;4.01093;4.59588;5.13796;5.30143;6.1699;6.65472;7.04073;7.89766;8.74467;9.10652;10.0747;10.9649;11.5332;12.2983;12.9282;13.581;14.4263;15.108;15.592;15.8678;15.9973;16.7154;16.9347;17.471;18.2476;18.9446;19.7074;19.8946;19.847;19.998;20.0703;20.4975;20.6609;20.9557;21.0204;20.3201;20.3839;20.4738;20.7649;21","15;14.5521;13.7486;13.191;12.5733;11.8574;11.0054;10.0472;9.88606;9.13317;8.51544;7.71299;6.75548;5.98589;5.44466;5.19174;4.70493;4.31176;4.13254;3.69236;3.4553;3.51429;3.31354;2.91575;3.04866;2.89917;3.12498;3.27903;3.79285;4.20283;4.46058;5.23309;5.53211;6.06606;6.09001;6.09885;6.30306;6.58958;6.98424;7.21287;7.59793;8.57397;9.52172;10.3201;11.0426;11.7061;11.9516;12.6239;13.1486;13.8558;14.5115;15",4.11129,"0.05;0.4;0.55"
40.7442,5.15378,0.558581,"1;1.14524;1.60763;2.1522;2.33119;2.23604;2.52489;2.45951;2.39874;2.17594;2.53967;2.95266;2.87496;3.39637;3.86596;4.24511;4.94206;5.54528;6.34334;6.66473;7.41299;7.83146;8.74267;9.52079;9.99591;10.6153;11.3071;11.8174;12.54;13.3617;14.0875;14.8758;15.1785;15.9914;16.5365;17.4817;18.0771;18.4688;19.1938;19.893;20.4246;20.8517;21.2626;21.7649;21.9946;21.8787;22.199;22.4905;22.7791;23.0708;23.1212;22.9959;22.3381;22.1617;21.3863;20.7506;21","15;14.9208;14.5787;14.064;13.376;12.66;11.8564;11.0027;10.7589;9.97775;9.58809;8.72465;7.78076;7.15068;6.68199;6.32492;5.90545;5.60433;5.01782;4.71532;4.3893;3.95141;4.13451;4.47125;4.52413;4.01306;3.73501;3.8557;4.15102;4.31982;4.72638;5.00036;5.02226;5.14878;5.29857;5.55426;5.88501;6.68505;6.5495;6.5773;6.71033;7.22628;7.92735;8.41712;9.34039;10.2784;10.567;11.4937;12.0602;12.5627;13.4984;14.1404;14.6705;15.5435;15.9712;15.8228;15",4.6357,"0.05;0.45;0.5"
38.0577,4.86525,0.392566,"1;1.8346;1.96158;2.04805;2.28126;2.45696;2.4684;2.35266;2.84648;2.94391;2.99721;3.05871;2.979;3.23988;3.80441;4.28068;4.71027;5.51077;6.37024;6.96872;7.67595;8.56464;9.4199;9.91355;10.5902;11.4259;11.9082;12.7095;13.453;14.0475;14.7836;15.6497;16.0601;16.9291;17.614;18.1644;18.8178;19.0614;19.5712;20.0504;20.3816;20.7768;20.6574;20.7124;21.0291;21.3662;21.5929;21.7721;21.8229;21.8359;21.7347;21.7364;21.1904;21","15;14.6457;14.1214;13.4654;13.0699;12.2114;11.4685;10.6111;9.88972;8.89447;8.31863;7.37614;6.4837;6.08688;5.30241;4.90224;4.67324;4.39629;4.16191;3.99877;3.97014;3.76582;3.2858;3.35892;3.21558;3.30326;3.37296;3.29453;2.91696;3.32309;3.42751;3.80505;4.24069;4.2805;4.29675;4.6824;5.24329;5.85112;6.38527;7.00863;7.60139;8.08325;8.50024;9.13841;9.60099;10.0824;10.574;11.0379;11.9574;12.1825;13.0056;13.9504;14.6229;15",4.51217,"0.05;0.5;0.45"
37.1061,5.35445,0.396734,"1;1.80359;2.10353;2.35798;2.49392;2.63146;2.71652;2.73236;2.73759;2.98645;3.11224;3.59536;4.16942;4.31231;4.94872;5.50914;6.3056;6.82829;7.77123;8.41732;9.19011;9.53988;10.251;10.731;11.2896;12.0892;12.8578;13.629;14.4969;15.0445;15.8978;16.3974;17.0122;17.8513;18.1764;19.0135;19.5087;20.0189;20.6234;21.0298;21.2665;21.5177;21.6791;22.159;21.7235;21.1659;20.9969;20.7591;20.2212;20.2155;21","15;14.5273;13.7686;13.1297;12.3303;11.4129;10.8457;10.137;9.23594;8.44383;8.26915;7.6186;6.83378;6.63484;6.04409;5.35498;4.86776;4.79916;4.49277;4.53822;4.54925;4.53449;4.6716;4.6591;4.72882;4.69613;4.91964;4.86288;4.76588;4.61406;4.87684;4.89966;5.36687;5.5116;5.83561;6.32365;6.85722;7.58653;7.67285;8.44479;9.35061;10.0213;10.3304;10.9638;11.8071;12.5122;13.4273;13.9865;14.3727;15.2668;15",4.95895,"0.05;0.55;0.4"
33.2913,4.46594,14.4789,"1;1.99575;2.17017;2.39679;2.60307;2.54281;2.82025;2.9869;3.08102;3.32904;3.97958;4.60532;4.91385;5.40886;6.16249;6.17458;6.30815;6.82177;7.22731;7.88554;8.78005;9.17041;10.1004;10.7332;11.3757;11.7123;12.6198;13.5063;14.2357;15.15;15.7522;16.4433;17.2272;17.9829;18.2405;18.5708;19.2839;19.6503;20.2506;20.3634;20.6377;20.6656;20.5874;20.8568;21.1538;20.8246;20.8884;21","15;14.9079;15.2639;16.0075;16.4416;17.3343;17.6984;18.395;18.9743;19.8877;20.5831;21.2427;21.8163;22.3374;22.9416;22.9888;23.3993;23.876;24.2631;24.9218;24.8589;24.9727;25.1363;25.1629;25.1231;25.0639;24.8881;25.1172;24.929;24.5479;24.4479;24.3027;23.8794;23.6149;22.7193;22.4212;21.7208;20.9104;20.1283;19.9377;19.4369;18.6105;18.1276;17.3798;16.6336;16.1348;15.5124;15",9.41173,"0.05;0.6;0.35"
34.6077,3.57839,15.4449,"1;1.81367;2.00057;2.24507;2.41678;2.81191;2.92571;2.97278;2.97902;3.6296;3.91132;4.42595;4.57851;4.61931;5.23842;5.7037;6.15472;6.82264;7.43432;8.06221;8.81944;9.56629;10.3272;10.9887;11.4422;12.3359;12.5315;13.2502;14.2211;15.0021;15.495;15.9181;16.6572;17.4164;17.9097;18.2462;18.5098;18.6901;19.3642;19.8553;20.0124;20.0211;20.094;20.5486;20.7618;20.8425;20.7848;20.9455;21","15;15.5746;15.5857;16.4822;16.854;17.6155;18.5404;19.0592;19.6045;20.2892;21.1503;21.7833;22.4471;23.3687;23.9187;24.1861;24.4213;25.0418;25.6066;25.6761;25.6292;25.9274;26.0812;26.0794;26.1822;26.1291;26.2311;26.2746;26.0995;25.7883;25.6474;25.501;25.1572;24.6169;24.1978;23.3878;22.8726;22.3049;21.6671;21.3864;20.815;19.9599;19.2369;18.845;17.9783;17.2781;16.3668;15.9201;15",8.68982,"0.05;0.65;0.3"
35.9224,4.09095,15.7455,"1;1.66331;2.00563;2.51505;2.78143;2.97503;3.5486;3.66095;4.02597;4.21373;4.19763;3.73424;3.67351;3.68057;3.90099;4.43397;4.80146;5.61786;6.33855;6.76544;7.35062;7.88175;8.41076;9.26923;10.0572;10.8646;11.3077;11.9998;12.901;13.3627;14.1816;15.0995;16.0023;16.5642;17.1389;17.7798;18.3265;18.6144;18.5721;18.9426;19.665;19.7503;20.0018;20.4251;20.7741;20.8784;20.5773;20.6384;20.8015;21","15;14.8888;15.0223;15.5025;16.4257;17.069;17.8663;18.0859;18.8661;19.5409;20.0062;20.7837;21.3076;21.945;22.843;23.2431;24.151;24.2861;24.7386;25.272;25.5276;25.501;25.8848;26.3792;26.2452;25.8858;25.8769;25.9233;26.0906;25.9906;26.0371;25.8734;25.5499;25.2982;24.8277;24.4075;23.6084;22.7998;22.4976;21.8878;21.2111;20.576;19.8229;19.0062;18.3082;17.3555;16.589;15.9324;15.2549;15",8.59615,"0.05;0.7;0.25"
45.512,6.18169,2.13656,"1;1.81953;2.15521;2.68255;2.79375;3.03484;2.98285;2.86583;2.80999;3.26063;3.5845;3.73743;4.08772;3.97762;4.29169;4.71925;5.55192;6.20616;6.66951;7.49714;8.30485;9.0301;9.49329;9.879;10.0938;11.0212;11.3688;12.3174;12.8098;13.7981;14.5782;15.4277;16.3584;17.1223;17.8865;18.1523;18.7079;19.3567;19.8707;20.6358;20.6931;20.9724;20.9318;20.9017;20.2994;20.0602;19.8165;19.4855;18.8421;19.323;19.3927;20.0037;20.3211;20.6528;20.7006;20.8218;21.7204;22.298;22.5264;22.3625;21.9319;21","15;14.732;14.5364;13.7164;12.7918;11.9869;11.1586;10.7686;9.86036;9.03342;8.14304;7.68893;7.06105;6.26706;5.52808;4.7829;4.3368;4.0748;3.88074;3.43794;3.02372;3.37636;3.4928;3.91754;3.90284;3.97213;3.96455;4.04284;4.18831;4.21582;4.44826;4.95068;4.67958;4.97057;5.5903;6.12076;6.93829;7.67269;7.82741;8.3154;8.4855;9.28016;9.943;10.2677;11.0523;11.9413;12.3004;13.0681;13.7922;14.5739;14.7798;15.5293;15.9803;16.579;17.4284;17.3339;17.6996;17.1647;16.5295;15.9278;15.091;15",7.33918,"0.05;0.75;0.2"
39.222,3.15778,17.3612,"1;1.95085;2.36981;2.4261;2.61465;2.68539;3.28407;2.88561;2.97751;3.18068;3.26686;3.85114;4.35428;4.69346;5.21508;5.59564;5.90787;6.61974;7.4854;8.36507;8.74568;9.31866;10.2004;11.1321;11.7777;12.7302;13.4937;14.3735;14.7726;15.7683;16.5563;17.322;17.6226;17.7877;17.9393;18.4142;18.6964;19.3781;19.9405;20.0806;20.1535;20.2412;20.5578;21;21.5098;22.0734;22.3891;22.8211;22.6551;22.4058;21.9802;21.7;21","15;15.2663;16.0292;17.0171;17.8453;18.6571;19.2116;19.824;20.7377;21.6309;22.5458;22.969;23.3493;24.0167;24.7729;25.2751;25.9892;26.3079;26.5057;26.6516;26.8534;27.1994;27.3851;27.2722;27.4199;27.2689;26.9052;26.7097;26.4211;26.3659;26.1823;26.1894;25.7056;25.3267;24.7416;24.3244;23.9232;23.8053;23.2886;22.3775;21.84;21.343;20.7121;20.0114;19.2452;18.7548;18.2327;17.6154;17.0222;16.1879;15.7109;15.4307;15",7.09151,"0.05;0.8;0.15"
37.097,3.39686,16.0939,"1;1.81065;1.97746;2.3619;2.84519;3.06113;3.02593;3.17564;3.40569;3.7618;3.89579;4.39626;4.47814;4.59723;5.42563;6.10506;6.34981;6.97666;7.77819;8.53374;8.91409;9.83622;10.6131;11.273;11.9956;12.8605;13.6106;14.3978;15.0576;15.4261;15.9293;16.7833;17.1168;17.7655;17.9727;18.6496;18.9192;19.2603;19.4041;20.1195;20.4141;21.2405;21.1807;21.4307;21.5659;21.8753;21.9019;21.6119;21.2732;20.4763;21","15;15.2104;15.4231;16.2892;17.1452;17.5401;18.3701;19.2458;20.1045;20.8357;21.2637;22.0154;22.653;23.5296;24.0439;24.7597;25.1607;25.6489;26.0176;26.2983;26.2092;26.3302;26.6806;26.9842;26.9258;27.1104;27.0212;26.5149;26.0165;25.7862;25.1197;24.6957;24.4247;23.989;23.7806;23.3742;22.8987;22.4176;21.5699;21.2527;20.662;20.0997;19.6336;18.7208;18.0815;17.2398;16.6124;15.8542;15.7743;15.6732;15",6.35156,"0.05;0.85;0.1"
37.581,3.16826,16.7318,"1;1.16586;1.98436;2.06853;2.3974;2.3975;2.44948;2.6731;2.92079;3.10785;3.46562;3.75985;3.93026;4.16817;4.54358;4.64396;5.01063;5.68679;6.00702;6.54459;7.23048;7.5214;7.55658;8.55602;9.47276;10.1942;10.7067;11.4571;12.2709;12.9266;13.8181;14.6518;15.2372;15.7847;16.4767;17.0644;17.9094;18.5766;19.1252;19.3596;19.8599;20.6585;20.763;20.7732;21.074;21.5886;22.1375;22.4985;22.2935;21.4629;21.264;21","15;15.0712;15.6383;15.8336;16.5604;17.2762;18.1234;18.9584;19.5207;20.1706;20.6769;21.5535;22.3857;23.1839;23.6985;24.3067;24.7874;25.4815;26.2568;26.4403;26.7783;26.906;26.9206;26.9542;26.9604;27.0109;26.9871;26.3523;26.7117;26.5639;26.1871;25.9824;25.3209;25.2736;24.6843;24.567;24.1332;23.5945;23.067;22.9244;22.2418;21.8045;21.2944;20.3231;19.409;19.0229;18.2675;17.374;16.4775;15.9982;15.89;15",5.56707,"0.05;0.9;0.05"
38.1366,3.0401,17.2042,"1;1.33756;1.90349;2.30097;2.44022;2.3076;2.22581;2.57297;2.82339;3.03748;3.43423;3.58567;3.98677;4.29268;4.48939;5.00158;5.89154;6.274;6.74431;7.37885;8.02245;8.31618;9.24739;9.8592;10.5112;11.3141;11.6075;12.2525;12.9501;13.6286;14.277;15.2134;15.6563;16.0972;16.716;16.7184;16.7907;17.6752;18.3714;19.3288;19.7042;19.7726;20.1023;20.6721;20.8975;21.0158;21.2727;21.442;21.7021;21.7097;21.8903;21.8795;21.6813;21.1333;21","15;15.135;15.7078;16.4493;16.9467;17.9158;18.1167;19.0396;19.5498;20.3088;21.1804;21.4848;22.3912;23.3255;23.7044;24.5235;24.8732;25.3496;25.9992;26.6613;27.1852;27.5331;27.6906;27.8421;27.9208;27.9925;27.9352;27.5932;27.435;27.5346;27.2954;27.2748;26.5885;26.1586;25.5726;25.2544;25.1258;24.8842;24.2222;24.305;23.7205;23.3097;22.7839;21.9816;21.5872;20.7842;20.3636;20.0578;19.1604;18.6493;17.9661;17.4479;16.6646;15.8893;15",4.79493,"0.05;0.95;0"
21.8822,75.5045,0.237718,"1;1.7119;2.45839;2.9847;3.85315;4.81582;5.70548;6.45283;7.29092;7.86234;8.68297;8.92764;9.82505;10.4153;11.009;11.6013;12.2805;13.1049;13.5449;14.3602;15.2551;16.0381;16.3377;17.1217;17.7511;18.4083;19.2018;19.5783;20.2193;21","15;14.4694;14.3147;13.794;13.3751;13.4493;13.2213;13.2456;13.346;13.1325;13.0185;12.9014;12.9631;12.8758;12.9075;13.0762;12.7567;12.3569;12.3927;12.3381;12.1186;11.8771;12.1849;12.7426;13.1172;13.6705;14.0231;14.2184;14.847;15",2.40217,"0.1;0;0.9"
28.5572,16.6568,0.294684,"1;1.24114;1.38339;1.30135;1.70856;2.06731;2.52896;3.11882;3.50578;3.91022;4.55033;5.15044;6.02918;6.09574;6.89419;7.7053;8.33439;8.88911;9.57375;9.98803;10.9695;11.968;12.9411;13.276;14.2286;14.7437;15.2026;15.9605;16.3159;17.0414;17.4622;17.7569;18.0509;18.6699;19.0004;19.3454;20.1828;20.4394;20.5469;20.624;21.1177;21","15;14.4862;13.702;13.2511;12.4133;11.7953;11.1431;10.4905;10.0877;9.30622;9.0462;8.25076;7.9657;7.71779;7.27526;7.16874;7.06893;7.11134;7.31689;7.3533;7.16162;7.10704;7.2789;7.36444;7.59851;7.84787;8.26608;8.67193;8.89416;9.3213;9.64869;10.1423;10.9007;11.3433;11.9279;12.216;12.5995;13.1893;13.9508;14.2805;14.861;15",3.93904,"0.1;0.05;0.85"
32.4476,7.12232,0.334346,"1;1.40953;1.74882;2.04818;2.1268;2.36055;2.15796;2.40357;2.6044;3.18922;3.73115;4.29488;5.00121;5.54476;6.33383;6.67062;7.53996;8.15497;8.89088;9.27239;9.98754;10.8567;11.6499;11.8468;12.6959;13.2033;13.7879;14.5755;15.298;16.0602;16.2303;16.796;17.3775;17.3806;17.6839;18.3455;19.2001;19.6321;20.1295;20.406;20.3034;20.6551;21.0197;21","15;14.6799;14.3372;13.9764;13.0029;12.0316;11.148;10.4212;9.50084;8.76645;8.07731;7.45087;6.79256;6.60167;6.29758;5.99282;5.77496;5.30883;4.70055;4.58693;4.42315;4.47304;4.83091;4.83426;4.7454;4.92051;5.25066;5.45236;6.12927;6.58334;6.79373;7.34004;7.56524;8.32242;9.01512;9.65174;10.0919;10.757;11.5841;12.4881;13.1382;13.9745;14.8609;15",4.22446,"0.1;0.1;0.8"
33.1199,6.03356,0.339998,"1;1.54297;1.99264;2.10867;2.20637;2.53334;3.03442;2.88864;3.04798;3.13197;3.3359;3.67198;3.92924;4.69985;5.03966;5.72351;6.38116;7.19367;7.84744;8.71106;9.40529;9.74778;10.389;10.9458;11.6401;12.5147;13.4041;14.1512;14.513;15.0093;15.8779;16.1485;16.9595;17.5332;17.7716;18.3524;18.8317;19.3516;19.5948;19.6636;19.6738;20.067;20.3006;20.5933;20.8148;21","15;14.2987;13.4206;12.716;11.8327;11.256;10.8939;10.5328;9.54991;8.8569;8.1533;7.65592;7.29483;6.69778;6.35905;5.65565;5.21968;5.01439;4.8884;4.66795;4.68848;4.61869;4.3335;4.24969;4.48585;4.39439;4.45544;4.57105;4.84333;5.65877;5.97794;6.06482;6.41824;6.74334;7.39773;8.01609;8.54107;9.32112;9.98155;10.3414;11.0374;11.7919;12.5925;13.4767;14.2036;15",4.47202,"0.1;0.15;0.75"
36.491,5.4864,0.375417,"1;1.61817;1.78054;1.83974;2.20787;2.396;2.64923;2.67702;3.54095;3.68949;4.02381;4.08172;4.33499;4.46148;4.83021;5.56382;6.13409;6.8894;7.7564;8.51727;9.38725;9.71209;10.5659;11.0887;11.6125;12.2864;13.2675;14.181;14.6259;15.1532;15.9535;16.836;17.6899;18.2718;19.0488;19.3456;19.7311;20.0236;20.4793;20.8452;20.7382;20.9049;21.3805;21.5678;21.7202;21.7279;21.7642;21","15;14.214;13.7909;12.8092;12.176;11.8734;11.0544;10.3828;10.0191;10.2025;9.59064;8.73428;7.81405;6.82209;6.36425;5.71896;5.06814;4.52071;4.46648;3.88687;3.4666;3.29162;3.1586;2.94923;3.05025;3.07138;3.1112;3.50455;4.13273;4.23227;4.7534;4.9133;5.40277;5.91769;6.33067;6.53706;7.36889;8.03827;8.50957;9.17396;9.93312;10.8117;11.5719;12.4087;12.9083;13.6057;14.3843;15",5.00917,"0.1;0.2;0.7"
36.3102,5.34726,0.372972,"1;1.36013;1.73737;2.11425;2.23479;2.50736;2.90351;2.95845;2.89934;3.09518;3.51036;3.12089;3.73519;4.20009;4.88148;5.13653;5.66779;6.12809;6.79392;6.92402;7.36437;7.93572;8.78547;9.5086;9.98214;10.887;11.8859;12.1705;13.0704;13.8916;14.8614;15.4652;16.4405;17.0013;17.6703;18.1122;18.6375;18.9499;19.3935;19.5134;20.1983;20.6479;21.3268;21.79;22.2339;22.3121;22.0655;21.891;21.5712;21.5237;21.4435;21","15;14.4939;14.0922;13.5101;12.8264;12.0812;11.2992;10.7927;10.1383;9.65059;9.07287;8.27961;7.59189;7.20279;7.04981;6.18179;5.78431;5.37799;4.95103;4.56354;4.64254;3.89926;4.31841;3.75138;3.9265;4.07528;4.11246;4.03948;4.36026;4.44312;4.68663;5.09273;5.18719;5.31335;5.67152;6.49872;7.27377;7.61338;8.13137;8.29521;8.87915;9.1945;9.92689;10.4188;11.1743;11.5457;12.2825;12.8745;13.487;14.0355;14.577;15",5.21027,"0.1;0.25;0.65"
35.8777,5.74138,0.368286,"1;1.52916;2.0253;1.80081;1.65597;1.70635;2.4925;2.60035;3.15662;3.13518;3.19494;3.27245;3.42972;4.0404;4.34317;4.79067;5.06162;5.15585;5.54862;6.38117;7.12009;8.05208;8.69244;9.65369;10.098;10.7856;11.6528;12.4061;13.3369;14.1471;14.9311;15.5832;16.4218;17.2958;18.1038;18.8978;19.4121;19.6674;20.3936;20.5286;20.5072;20.9517;20.96;21.0367;20.7878;20.662;21","15;14.4332;14.0636;13.3739;12.8365;12.3246;11.978;10.9969;10.6109;9.89679;9.33681;8.92137;8.36006;7.57988;7.20023;6.50014;5.81797;5.37387;4.46147;4.0593;3.68432;4.0001;3.73782;3.69993;3.69349;3.83057;4.21444;4.77874;4.96247;4.97001;5.32859;5.47366;5.65741;6.06107;6.25078;6.59688;7.39959;8.35909;8.9934;9.83043;10.6911;11.5266;11.8672;12.7449;13.4527;14.1248;15",5.53115,"0.1;0.3;0.6"
39.9436,5.96221,0.409342,"1;1.33631;1.55591;1.34264;1.70018;2.13761;2.33494;2.42188;2.32892;2.72783;3.01023;3.2626;3.81185;3.90428;4.69414;5.65824;6.21977;6.67706;7.08621;7.58457;8.2682;8.69185;9.19413;9.9773;10.1801;11.1449;11.5504;12.139;12.2301;13.0196;13.8805;14.7706;15.721;16.3479;16.985;17.3941;17.9846;18.3633;19.2212;19.7369;20.0801;20.6756;21.0104;21.0459;21.6322;22.293;22.7577;22.1349;21.5922;20.8541;20.339;19.6649;20.3937;21.1586;21","15;14.5096;14.1688;13.1918;12.9418;12.5851;11.9089;10.9463;10.0575;9.23708;8.66684;8.22514;7.63019;6.96951;6.48807;6.53704;6.36101;5.60137;5.19366;4.92859;4.317;3.66324;3.69211;4.1788;4.24409;4.04078;3.89459;3.89392;3.89898;3.94766;3.82652;3.75292;3.96746;4.71265;5.39182;5.94371;6.66438;7.00568;7.40057;7.73894;8.31833;9.04659;9.63259;10.6276;10.8399;11.4442;12.2257;12.5095;12.6888;12.6603;13.4513;13.8208;14.0961;14.2049;15",6.30627,"0.1;0.35;0.55"
35.3943,5.48922,0.365406,"1;1.74307;1.81513;1.88472;2.08804;2.47357;2.51294;2.65922;2.695;3.21629;3.56072;4.0335;4.22564;4.66722;5.45436;5.81783;6.2625;6.9418;7.57448;7.97025;8.40743;8.93007;9.61176;10.4431;11.0909;11.8243;12.7589;13.019;13.9327;14.4909;15.0937;15.7669;16.549;17.3559;18.1629;18.6564;19.0062;19.6049;19.4699;19.7415;20.0039;19.3469;19.6898;20.0744;20.6319;20.6237;21","15;14.6941;14.0615;13.0719;12.3699;11.4703;10.6933;9.85231;9.25402;8.40879;7.80945;7.2029;6.76017;6.34196;6.09466;5.64421;5.14954;4.88396;4.5962;4.48823;3.98589;3.88653;3.917;3.90825;3.94483;4.13153;4.22147;4.33292;4.07776;3.89835;4.20053;4.56825;4.75249;5.29038;5.61127;6.44535;7.30883;7.98064;8.93558;9.70483;10.4774;11.1241;11.8969;12.5936;13.4152;14.1394;15",5.91782,"0.1;0.4;0.5"
35.2679,5.53789,0.36897,"1;1.67245;1.87744;2.23037;2.41292;2.51701;2.76007;2.74431;3.22676;3.37052;3.4907;3.62126;3.98217;4.3506;4.52199;4.88438;5.30762;5.95483;6.53335;6.76593;7.15716;7.73258;8.48172;9.27535;9.76234;10.5976;11.2003;11.7877;12.082;12.9941;13.3515;13.9008;14.5313;14.9592;15.572;16.4571;17.3378;18.0726;18.8191;19.2926;19.492;19.8498;20.0849;20.2008;20.0421;20.105;20.1527;20.4817;20.8142;21.1404;21.3633;21","15;14.5077;13.6098;13.0332;12.6965;11.7427;11.0867;10.612;9.87758;9.35366;8.85448;8.33089;7.87979;7.26064;6.93814;6.49821;6.22113;6.15498;5.84996;5.54273;5.15833;4.78274;4.4044;4.07365;3.98591;3.6165;3.87649;4.02259;4.3758;4.08206;4.2794;4.68184;5.01356;5.08356;4.89616;5.06643;5.06481;5.66957;6.32832;7.11353;7.53928;8.23551;8.93299;9.8044;10.7878;11.6503;12.0832;12.8187;13.4757;14.2438;15.1532;15",6.18488,"0.1;0.45;0.45"
39.3514,5.20305,0.416673,"1;1.49149;1.68931;1.84936;1.94705;2.10089;2.09912;2.26247;2.49006;3.07868;3.64126;3.76595;4.4261;5.22159;5.65424;6.02306;6.56099;7.15904;7.90032;8.48743;9.15323;9.8919;10.7403;11.075;11.8139;12.5347;13.3148;14.0509;14.8278;15.7394;16.176;17.1305;18.0277;18.4544;19.0935;19.8221;20.124;20.61;21.2088;21.2701;20.935;20.8565;21.2875;21.7843;22.6607;23.2581;23.5913;22.9852;22.8795;22.4993;22.1051;21.4284;21","15;14.3675;13.9751;13.0142;12.2731;11.5902;10.8513;10.2389;9.73779;9.1263;8.41115;7.88981;7.18552;6.61807;6.51765;5.77606;5.34499;5.01039;4.45518;4.02991;4.06031;3.42353;3.02849;3.16324;3.15672;3.30106;3.45913;3.88783;4.46541;4.53497;4.59694;4.89503;5.04803;5.15223;5.80095;6.26339;6.71481;7.28322;8.08283;8.94836;9.66532;9.85881;10.644;11.1847;11.0515;11.2602;12.1083;12.8351;13.8209;14.4057;14.7651;15.2581;15",6.70333,"0.1;0.5;0.4"
40.4327,6.52852,0.455701,"1;1.77655;2.14783;2.19551;2.57639;2.75657;2.8819;2.87233;3.10406;2.77123;3.31124;3.11931;3.53523;4.05748;4.72592;5.19589;5.42813;6.09428;6.48025;7.04773;7.53755;8.35828;9.14885;10.0164;10.8093;11.4297;12.3487;13.3195;13.9209;14.5535;15.1182;15.6015;16.4571;17.2052;17.4769;17.7192;18.2713;18.5999;19.0024;19.7366;19.8548;20.3785;20.7798;21.0004;21.3125;21.3294;20.8509;20.2859;19.667;18.8367;18.3417;18.6338;19.6094;20.1641;21","15;14.5483;14.0958;13.3818;13.0198;12.4842;11.9808;11.4092;10.5245;9.70367;8.93947;8.13329;7.68543;7.18506;6.77714;6.0575;6.06517;5.44338;4.94856;4.29757;4.20737;4.02379;3.91065;3.92606;3.7639;3.70638;3.59173;3.38866;3.47083;3.71708;3.97027;4.2425;4.50458;4.63919;5.59334;6.1861;6.71096;6.74635;7.09549;7.7674;7.75767;8.60407;9.00761;9.97681;10.844;11.7467;12.197;12.994;13.694;13.8813;14.5407;15.3793;15.2195;14.83;15",7.79345,"0.1;0.55;0.35"
36.3216,5.49526,0.372732,"1;1.39617;1.60659;1.94622;2.29686;2.73603;3.14359;3.68772;3.62037;3.79508;4.13912;3.98911;4.51859;5.02062;5.63606;6.27025;6.67303;7.49951;8.31744;9.14415;10.0916;10.6956;11.6181;12.4295;13.0005;13.8389;14.4383;15.3104;16.2785;16.9805;17.7325;18.6152;18.9584;19.1372;19.6007;19.8972;20.0832;20.2531;20.3724;20.6645;21.1533;21.5973;21.3924;20.8478;20.7984;20.7411;20.8494;21","15;14.6718;14.3919;13.4571;12.5638;11.7906;11.3311;10.5436;9.85865;9.13739;8.28972;7.80802;7.16673;6.32638;5.66264;5.22666;4.78239;4.36646;4.01443;4.56519;4.2686;4.10478;3.94483;3.9803;3.33502;3.05428;3.17259;3.58087;3.71188;4.35748;5.00607;5.22464;5.75384;6.07025;6.85395;7.61698;7.95892;8.32825;9.15906;10.0879;10.9104;11.5034;12.196;12.9626;13.5736;14.0981;14.68;15",7.04113,"0.1;0.6;0.3"
37.0327,5.10033,0.380229,"1;1.12458;1.80976;1.98371;2.51454;2.508;2.9504;2.76028;2.18094;2.545;2.72712;3.05028;3.31396;3.66118;4.05755;4.47328;5.00938;5.74299;6.26205;7.02431;7.85574;8.72364;9.40428;10.2564;10.9849;11.9712;12.541;13.0103;13.6229;14.4148;15.2417;15.6294;16.3662;16.7753;17.7032;18.6526;19.3396;19.8983;20.4172;20.7365;20.5207;20.5262;20.422;20.2424;20.623;21.0239;21.2713;21.5199;21","15;14.8484;14.2382;13.9402;13.1107;12.1821;11.5342;10.7883;10.2136;9.28226;8.58361;7.78929;6.9896;6.84024;6.22868;6.05723;5.31401;4.90906;4.60736;4.40916;4.04399;3.62803;3.6332;3.6712;3.76484;3.74325;3.76544;3.61355;3.99762;4.04104;4.35777;4.89734;4.98389;5.12374;5.34833;5.62842;5.97534;6.38201;7.16085;7.90818;8.27739;9.12723;10.0413;10.8745;11.4934;12.377;13.2458;14.176;15",7.11354,"0.1;0.65;0.25"
34.6533,3.76223,15.4784,"1;1.16206;1.95395;1.97595;2.28571;2.5737;3.05171;3.42039;4.02467;4.307;4.46343;4.701;4.91669;4.87281;5.60651;6.49894;7.11252;7.39714;8.0235;8.6958;9.37117;10.3032;10.627;11.3702;12.252;12.868;13.5452;14.4726;15.2452;16.0231;16.9297;17.0091;17.6072;18.3866;18.7867;19.3496;19.5047;19.6849;19.8771;20.5394;20.7434;21.1393;21.182;21.217;20.9897;21.2262;21","15;15.0561;15.6005;16.2415;17.0255;17.9062;18.6382;19.4754;20.1994;20.873;21.3232;22.0741;22.4633;23.4048;24.0221;24.2286;24.6809;25.1511;25.6566;26.0947;26.2471;26.1657;26.1538;25.8727;25.643;25.8312;25.7884;25.5537;25.0342;24.5733;24.7595;24.74;23.9386;23.4884;22.6606;22.1127;21.7791;20.8651;19.9987;19.5496;19.2204;18.5856;18.1075;17.3845;16.4158;15.4835;15",9.19457,"0.1;0.7;0.2"
35.8517,3.54676,15.9289,"1;1.55014;2.0951;2.59026;2.86472;2.81605;3.02278;3.43298;3.6946;3.72046;3.74671;4.16547;4.51914;4.96767;5.63544;6.03441;6.56036;7.11931;7.47074;8.11916;8.84988;9.07661;9.64539;10.4932;11.1402;11.9254;12.8319;13.2844;13.9349;14.7603;15.4299;15.9138;16.4077;16.8541;17.3419;17.7292;18.175;18.4134;18.5485;19.2072;19.4381;19.5527;20.1236;20.68;20.5981;20.9428;21.0669;21.2145;21.0621;21","15;15.0308;15.6715;16.1762;16.9157;17.7158;18.5489;19.4289;20.1958;20.7989;21.5638;21.9613;22.419;22.8826;23.5001;24.4104;24.9701;25.7735;26.6999;27.158;27.5288;27.4646;27.275;27.0036;26.9234;26.9961;26.8504;26.5658;26.656;26.1232;25.7819;25.388;24.8853;24.5221;24.2239;23.8296;23.2432;22.3684;22.2503;21.5218;20.8219;19.9382;19.6903;18.9172;18.2728;17.5497;16.6894;16.1747;15.5873;15",8.63457,"0.1;0.75;0.15"
35.7584,3.57421,16.0623,"1;1.4092;1.80581;1.96855;2.43704;3.00749;3.51674;3.41633;3.6074;3.76446;3.8882;3.99391;4.15315;4.6978;5.17521;5.73641;6.23763;7.03808;7.51547;8.09402;8.90553;9.44204;10.0618;10.9175;11.5383;12.3225;13.0807;13.5194;13.9299;14.6551;15.615;16.2742;16.7942;17.5582;17.9478;18.1453;18.2188;19.0207;19.3846;19.4756;20.0906;20.24;20.1558;20.6564;20.7226;20.6353;20.9186;21","15;15.1773;15.7671;16.3464;17.1664;17.8526;18.613;19.5618;20.3225;21.1208;21.9155;22.78;23.4182;24.2456;24.5781;25.1265;25.9825;26.4236;26.345;26.6368;26.9286;27.0259;27.0308;27.1457;27.009;26.4642;26.3072;26.165;26.0798;26.0689;25.9083;25.3481;24.5632;23.9946;23.3611;22.4514;21.9826;21.6711;20.8867;20.4605;19.6908;18.8393;17.9565;17.6388;16.7391;15.7794;15.3164;15",8.04144,"0.1;0.8;0.1"
36.3001,4.79117,0.374388,"1;1.77748;2.24958;2.45488;2.68488;2.63807;2.63739;2.77222;3.0706;3.09917;3.27858;3.56601;4.12412;4.56271;5.12067;5.92082;6.05621;6.95267;7.40929;7.85525;8.32637;9.10737;9.67498;10.2648;11.0252;11.4995;12.1898;12.938;13.4942;14.3431;14.9131;15.8818;16.1935;16.9272;17.8219;18.2096;18.7542;19.2174;19.8624;20.3235;20.8972;21.2487;21.6264;21.7915;21.9852;22.0899;22.09;21.9585;21.9501;22.0419;21.4543;21","15;14.3711;13.5221;12.6646;11.7549;10.9048;10.5607;9.73565;9.02813;8.62049;7.74328;7.34379;6.73542;6.04929;5.61016;5.21878;5.20928;4.94461;4.70009;4.53006;4.26976;3.99774;3.69996;3.38149;3.63584;3.59402;3.62127;3.93721;3.99508;4.39456;4.40455;4.59044;4.66305;4.60672;4.92878;5.06602;5.52687;6.31894;6.70527;7.55253;8.28614;8.9755;9.69443;10.102;10.6656;11.4632;11.798;12.7586;13.1465;13.8939;14.6258;15",7.72122,"0.1;0.85;0.05"
37.8302,3.12801,16.9559,"1;1.73579;2.10636;2.38389;2.28241;2.47499;2.65925;2.5958;2.68744;3.16042;3.13208;3.53862;3.92693;4.47155;5.22977;5.72401;6.29121;6.86666;7.49532;8.18694;9.02226;9.85932;10.7107;11.5545;12.0221;12.8097;13.5292;14.4377;14.8965;15.5601;16.3471;16.6476;17.5016;17.9144;18.6028;18.8927;19.6744;20.4358;20.7967;21.1909;21.3789;21.7309;22.4795;22.525;22.6663;22.7389;22.5658;22.0388;21.6218;21.2019;21","15;15.6772;16.1612;16.4952;17.2631;17.8925;18.8135;19.3067;20.2232;20.9484;21.3027;21.9372;22.6328;23.4123;23.9525;24.4505;25.1251;25.5792;25.954;26.1543;26.0941;26.5563;26.5939;26.5784;26.5669;26.5252;26.8809;26.5444;26.8526;26.4259;26.4448;26.295;25.7842;25.56;25.1333;24.3875;23.7641;23.2836;22.5082;22.0454;21.4233;20.8912;20.4153;19.8347;19.0068;18.3614;17.3918;16.5875;15.8544;15.0467;15",6.59823,"0.1;0.9;0"
21.2331,79.9021,0.249717,"1;1.84905;2.41431;3.22735;4.12064;4.72171;5.26158;5.862;6.56836;7.45814;8.25083;9.10478;9.93807;10.5605;11.5087;11.8243;12.5955;13.5185;13.7448;14.3713;15.0167;15.6788;16.6507;17.3814;18.2476;19.088;19.9109;20.1937;20.8264;21","15;14.4717;14.162;14.1071;13.7801;13.7585;13.6706;13.5783;13.4685;13.341;13.3188;13.4544;13.5789;13.493;13.5823;13.9592;13.8611;13.5491;13.7097;14.1679;14.136;14.4878;14.6401;14.7316;14.4006;14.564;14.4582;14.9057;14.9442;15",3.39722,"0.15;0;0.85"
29.3513,13.9522,0.305214,"1;1.55386;1.6696;2.02303;2.29291;2.57441;3.18786;3.72631;4.1379;4.6591;5.46457;6.04721;6.49441;7.0013;7.67837;8.61036;9.10362;9.84815;10.1843;10.6398;11.5709;12.1319;13.0164;13.8349;14.6182;15.5462;16.0821;16.6385;17.4999;18.4264;19.025;19.4421;19.7382;19.969;20.2666;20.1654;20.2744;20.3733;21","15;14.3195;13.8357;13.0346;12.2354;11.4525;10.6864;10.251;9.86927;9.05908;8.57675;8.34169;8.25151;7.97616;7.3038;6.94131;6.83934;7.01671;6.92632;6.9448;6.76774;6.66319;6.59337;6.92124;7.21331;7.26931;7.97826;8.65263;8.92134;9.1672;9.53342;10.0739;10.4925;11.3359;12.2345;13.1716;13.82;14.7406;15",5.34448,"0.15;0.05;0.8"
30.8671,11.2534,0.320509,"1;1.6575;1.91772;2.2882;2.40402;2.81018;3.04618;3.2148;3.26437;3.56107;3.98436;4.73626;5.20702;5.64031;6.38494;6.60462;7.49402;8.38907;9.08886;9.71223;10.4963;11.303;11.7801;12.6199;13.4462;14.1401;14.847;15.4055;16.1406;16.6037;16.8574;17.2853;18.1177;18.3246;18.2058;18.9715;19.5048;20.0509;20.1702;20.1103;20.2886;20.576;21.087;21","15;14.6518;14.5844;13.8408;12.925;12.262;11.6033;10.7055;10.5617;9.84069;9.45379;9.18326;8.59543;8.22626;7.55878;7.0189;6.60166;6.67562;6.51198;6.49795;6.20345;5.99338;5.61329;5.66202;5.98208;6.62047;6.46712;6.72797;7.07543;7.52479;8.19266;8.83915;9.38262;9.79518;10.4431;10.8808;11.1066;11.5111;12.0473;12.7091;13.5657;14.1018;14.7774;15",5.99578,"0.15;0.1;0.75"
33.8123,6.43707,0.347305,"1;1.5155;1.89811;2.15382;2.26053;2.56764;3.02912;3.3693;3.43709;3.83291;4.15614;4.68042;5.24623;5.64772;6.41246;6.9058;7.18443;7.74909;7.9464;8.74639;9.46548;10.2192;10.6606;11.3406;11.8615;12.0906;13.0491;13.623;14.2439;14.9319;15.398;16.1842;17.0198;17.6975;18.2889;18.7875;19.2318;19.9762;20.1547;20.7051;21.1771;21.3841;21.771;21.8923;21.591;21.2448;20.8751;20.8589;21","15;14.4831;13.9452;12.9785;11.9842;11.3381;10.7264;9.78601;9.25726;8.57164;8.10573;7.59059;6.99055;6.71816;6.46748;6.32484;5.95204;5.54763;5.29837;4.8914;4.71265;4.14149;4.14885;4.64523;4.96411;5.19034;5.38099;5.26986;5.33561;5.69542;5.99706;6.29459;6.58157;6.97873;7.16349;7.30738;7.57705;8.05387;8.44271;8.88282;9.74612;10.6084;11.1056;11.9434;12.7104;13.0335;13.8246;14.1159;15",6.28052,"0.15;0.15;0.7"
34.6072,8.68603,0.359084,"1;1.46956;1.88891;2.13348;2.31205;2.79007;3.08957;3.48782;3.59461;3.90521;4.34922;5.21061;5.27921;5.65014;6.00321;6.30526;6.58285;7.45694;8.12619;8.67385;9.54234;9.82003;10.6951;11.5293;12.2713;13.2148;13.8086;14.4749;14.8704;15.549;15.9444;16.0519;16.3184;16.4276;16.602;16.8377;16.8774;17.1889;17.4407;17.5517;17.9096;18.3042;18.664;18.8991;18.812;19.2726;20.1732;21","15;14.1337;13.6097;13.1465;12.3353;11.6022;10.969;10.3207;9.90297;9.13822;8.35985;7.92522;7.25772;6.69726;6.36714;5.58701;5.09639;4.61588;4.14598;3.7981;3.35675;3.08179;2.96575;2.96016;3.0068;2.94996;3.33504;3.64241;3.88115;4.23255;4.77153;5.40168;5.97925;6.88291;7.21093;7.71346;8.63217;8.66004;9.39853;10.2797;10.6861;11.47;12.1791;13.0874;13.5753;14.2096;14.6063;15",7.16169,"0.15;0.2;0.65"
33.5826,6.27201,0.345157,"1;1.51931;1.89398;2.27318;2.24997;2.04034;2.40538;2.97819;3.38784;3.59932;4.06391;4.68639;5.48684;6.20708;6.81687;7.51922;8.45865;9.33109;9.96553;10.7731;11.3027;12.2728;13.2053;14.06;14.4617;15.0135;15.2381;15.485;15.9885;16.7647;17.2246;17.9972;18.5509;19.0911;19.4532;19.955;20.216;20.8812;21.4612;21.3573;21.2613;21.2012;20.8093;21","15;14.2728;13.6105;12.7416;11.928;10.991;10.2096;9.5159;8.63294;8.28816;7.52271;6.74008;6.27483;5.83368;5.31424;4.78585;4.92121;4.59545;4.50892;4.08279;3.99178;4.01419;4.21955;4.53999;4.92803;5.66708;5.95355;6.32367;6.8028;7.41028;7.6343;7.96712;8.60731;9.39495;9.82549;10.4027;10.8077;11.5044;11.8229;12.5845;13.5334;13.9443;14.7818;15",6.81249,"0.15;0.25;0.6"
36.3314,6.1763,0.372895,"1;1.62026;2.33877;2.38323;2.9071;2.88107;2.50604;2.67723;2.89964;3.71892;3.98628;4.43183;4.92917;5.45279;5.79634;5.93948;6.36082;6.92383;7.50925;8.31132;8.70153;9.18403;9.59728;10.5519;11.4626;11.8728;12.7975;13.6039;13.9676;14.6103;14.9782;15.5572;16.0004;16.0438;16.5934;17.2419;17.8441;18.1748;18.5711;19.3336;20.0221;20.7982;20.9287;21.5613;21.6408;21.594;21.4064;21.2601;21","15;14.2577;13.828;12.8958;12.2749;11.6037;10.895;10.2172;9.26693;8.76146;8.04936;7.86798;7.52265;6.87737;6.1844;5.92059;5.34292;4.80168;4.39583;3.85707;3.5341;3.21837;2.60915;2.31133;2.2903;2.22673;2.53213;2.81242;2.90782;3.5437;3.95791;4.60268;5.1246;5.71398;6.40486;7.07256;7.65539;7.97476;8.53126;8.91722;9.46832;10.0687;10.6416;11.4115;12.034;12.7209;13.6083;14.5675;15",7.50769,"0.15;0.3;0.55"
30.3774,6.1528,13.364,"1;1.36272;1.82366;2.17023;2.59343;2.64956;2.72842;2.81188;3.42998;3.75482;4.23485;4.89016;5.3812;6.10317;6.76471;7.29945;7.78117;8.69853;9.57436;10.1073;11.0985;11.9999;12.9192;13.6848;14.0102;14.8266;15.7157;16.5172;17.149;17.8078;18.2212;18.8566;19.0206;19.6941;19.9969;20.2867;20.3803;20.5524;20.745;20.6472;21","15;15.3645;15.7728;16.4726;17.1251;17.7632;18.4647;18.889;19.2219;19.913;20.7586;21.1011;21.7854;22.1956;22.8558;23.2874;24.1476;24.5274;24.5438;24.4791;24.3461;24.1927;23.8098;23.6055;23.2286;23.0979;22.8896;22.4192;22.0381;21.4457;20.7552;20.0883;20.026;19.3915;18.9503;18.1327;17.4711;16.9801;16.4471;15.4775;15",13.3921,"0.15;0.35;0.5"
36.2283,5.54567,0.376199,"1;1.97188;2.5181;2.65466;2.95677;2.97535;3.17554;3.19437;3.20823;3.80303;4.01135;4.02998;3.80163;3.677;4.00977;4.73165;5.04411;5.84425;6.42496;6.94731;7.59196;8.11894;8.98088;9.7064;10.537;11.4207;12.2937;13.2615;13.8829;14.305;15.0901;15.6239;16.3604;16.8065;17.161;17.6428;18.3203;18.6379;19.0986;19.7115;19.954;20.0561;20.1119;20.7703;20.7342;20.8709;21.196;21.4577;21.7529;21.4177;21.0172;21","15;14.7645;13.9269;13.0933;12.659;11.7984;10.9168;10.2376;10.091;9.43813;8.951;8.39733;7.95011;7.46169;6.51869;5.92545;5.25262;4.92447;4.76153;4.41768;4.56203;4.64645;4.54367;4.6436;4.68782;4.43753;3.96885;3.95037;4.0949;4.05303;3.9619;4.51486;4.85154;5.17845;5.76114;5.80598;6.34062;7.01984;7.42876;8.12182;8.47506;9.40551;9.6749;10.3818;10.7416;11.3601;11.9871;12.9486;13.1755;13.8885;14.405;15",7.8218,"0.15;0.4;0.45"
37.0716,5.46776,0.385866,"1;1.1763;1.51044;1.70107;2.25283;2.46753;2.2338;2.61857;3.01153;3.05433;3.30972;3.6965;3.74438;3.99855;4.14907;4.33284;5.28019;5.72483;6.66131;7.53768;8.25847;9.04746;9.84671;10.391;11.1628;11.6047;12.4655;13.0957;13.3917;14.2695;14.7566;15.7462;16.4191;16.6672;17.0056;17.5077;17.7916;18.3185;18.6709;19.1469;19.6319;19.8194;20.1396;20.5085;20.7254;20.1837;20.3725;20.2829;19.8618;19.6917;20.0295;21","15;14.782;14.1637;13.2972;12.5269;12.0902;11.1563;10.3406;9.42563;9.31773;8.38244;7.53128;6.97822;6.30437;5.78452;5.10265;4.84707;4.39443;4.52714;4.54042;4.43506;3.97206;4.13331;4.0356;3.79697;3.83203;3.78657;3.74249;3.72476;3.82506;3.88041;3.94591;3.90324;4.57095;4.90996;5.39963;5.58426;6.10557;6.4181;7.04417;7.72616;8.10752;9.04584;9.81039;10.6716;11.3115;12.0475;12.7719;13.4989;14.4322;14.8094;15",8.17558,"0.15;0.45;0.4"
33.3889,4.72603,14.3866,"1;1.75685;2.36788;2.68118;2.90237;3.31765;3.5918;3.88218;4.27397;4.27485;4.50763;5.08893;5.55804;6.18369;6.77671;7.35853;7.66451;8.44231;8.69529;9.48598;10.4719;11.3601;12.1927;12.5583;13.4196;13.9615;14.1695;15.1196;15.6664;16.3563;17.1642;17.7162;18.2427;18.6027;19.1579;19.3406;19.5661;19.801;20.1152;19.9011;20.0791;19.879;20.4567;20.5743;21.0744;21","15;15.4158;15.9304;16.8324;17.619;18.222;18.5081;19.2892;19.8651;20.572;20.9698;21.6021;22.1774;22.5826;23.3495;24.1034;24.2986;24.8072;25.386;25.8243;25.8065;26.0468;25.845;25.7892;25.3742;25.1138;25.0507;24.74;24.1842;23.9777;23.5998;23.1904;22.5446;22.2924;21.571;20.6356;19.7684;19.5271;19.1972;18.6015;17.714;16.9942;16.2074;15.558;14.7011;15",12.4067,"0.15;0.5;0.35"
31.3156,6.08696,13.6309,"1;1.72215;1.73241;1.72262;1.85897;2.28362;2.66646;3.26332;3.88893;4.20255;4.31096;4.44399;4.72738;5.18001;5.46436;6.30175;7.05014;7.74327;8.66649;9.54535;10.1871;10.8041;11.6639;11.8537;12.805;13.1499;13.7847;14.2821;14.9701;15.5984;16.4152;16.8027;17.0842;17.3641;17.8732;18.4559;18.556;19.062;19.4921;19.5616;20.0111;19.6994;19.7748;20.3571;21","15;15.6019;15.7285;16.377;16.8476;17.7046;18.2158;18.8739;19.5364;19.9845;20.545;21.31;22.0729;22.6449;22.9718;23.3639;23.6941;24.2161;24.0734;24.3187;24.2131;24.3181;24.5563;24.7212;24.7201;24.5141;24.0814;23.6217;23.5739;23.2797;22.9887;22.7413;21.8968;20.9503;20.5141;19.9449;19.8247;19.1599;18.3748;18.2344;17.4261;16.5494;15.9489;15.2689;15",12.1344,"0.15;0.55;0.3"
37.6364,6.28501,0.38631,"1;1.35847;1.6104;1.89179;2.36557;2.55574;2.80252;2.81548;2.47584;3.06624;3.03142;3.07422;3.32386;4.00577;4.38774;4.82876;5.372;5.86264;6.81118;7.77782;8.58561;9.06779;9.72873;10.3117;11.0962;11.8094;12.388;13.2777;13.854;14.6004;14.8486;15.6265;16.5871;16.5943;17.0268;17.6805;17.9392;18.0355;18.6027;18.8591;19.5549;19.7026;19.5857;19.6728;19.4831;18.8771;18.5369;18.7512;19.2537;19.4404;19.4044;20.233;20.767;21","15;14.5253;13.9203;13.278;12.9135;11.9685;11.2642;10.9886;10.0759;9.48588;8.51466;7.52962;6.64687;6.11377;5.6501;5.17121;4.69312;4.72881;4.61461;4.46025;4.37445;4.01823;3.69129;3.44403;3.24025;3.34148;3.28943;3.58713;3.67023;3.81898;4.03001;4.34372;4.56462;4.61245;4.87795;4.91734;5.68216;6.3975;7.19537;7.74738;8.35899;8.96944;9.45387;10.0624;10.5234;11.0777;11.4515;12.4231;12.598;13.0735;13.9337;14.1723;14.3674;15",9.51304,"0.15;0.6;0.25"
33.601,3.95118,15.0852,"1;1.45907;1.66165;2.21709;2.48761;2.7787;2.89654;3.31749;3.68884;4.05496;4.56756;4.73653;5.19156;5.68502;6.11939;6.47971;7.00047;7.66977;7.82224;8.60487;8.96006;9.81976;10.4645;11.0114;11.7892;12.5135;12.7914;13.4027;14.1977;15.0802;15.5361;16.454;17.4247;17.8254;18.6569;18.8364;19.0457;19.2655;19.4989;19.9405;20.2395;20.4188;20.6062;21.0702;21.2233;21","15;15.6148;16.2976;17.04;17.6517;18.5322;19.4567;20.2228;21.0502;21.3295;21.8375;22.343;23.0528;23.6102;24.19;24.5371;25.1463;25.6661;25.7417;26.1295;26.2257;26.3981;26.5687;26.311;25.8838;25.6719;25.648;24.9814;24.6032;24.5136;24.4281;24.2031;23.9767;23.2822;22.8184;22.0347;21.1398;20.8113;19.9137;19.09;18.2473;17.6525;17.1489;16.6034;15.9372;15",10.6255,"0.15;0.65;0.2"
36.2686,5.1166,0.372148,"1;1.71069;2.09947;2.20143;2.12809;2.22361;2.12146;2.43873;2.51482;3.0251;3.26885;3.08803;2.96379;3.47446;3.82733;4.19395;5.10276;5.8173;6.56859;7.24857;7.89555;8.4278;9.32328;10.2271;11.1156;11.9821;12.3681;13.0614;13.8207;14.1519;14.9896;15.8822;16.4954;17.1855;17.5117;18.3942;19.1859;19.4531;20.0091;20.2979;20.6327;20.932;21.096;21.5441;21.6903;21.9697;21.5565;21.4892;21.4932;21.1915;21","15;14.3381;13.6276;13.2689;12.3805;12.0346;11.1983;10.895;10.178;9.35098;8.66963;7.93717;7.41039;7.0043;6.78776;6.20552;5.78831;5.38447;5.35039;5.27261;4.6394;4.43699;4.10963;4.24199;4.21336;3.96457;3.88192;4.07962;4.21028;4.24706;4.48653;4.67174;5.3726;5.66521;5.65105;6.03563;6.04646;6.48774;6.84276;7.49122;8.10749;8.88688;9.46261;10.1342;10.6522;11.5377;12.393;12.7005;13.6563;14.1655;15",9.07773,"0.15;0.7;0.15"
36.1261,3.71019,15.9836,"1;1.40372;1.79846;2.25058;2.61453;3.21377;3.10025;2.82116;2.97795;2.93453;2.68083;2.85459;2.84027;3.09265;3.62113;4.13968;4.73084;5.45521;5.91939;6.76744;7.38167;8.29997;9.05409;9.87713;10.6486;11.2572;12.1835;12.6935;13.4117;14.2007;14.4694;15.4443;16.3612;16.8866;17.4381;18.0281;18.19;18.6339;19.0292;19.4851;19.8535;20.1181;20.3484;20.793;20.6981;20.8402;21.0759;21.4036;21","15;15.2451;15.4973;16.0633;16.2939;17.0944;17.5692;18.114;18.9931;19.577;20.1368;21.071;21.9945;22.3694;23.2094;24.0584;24.2248;24.6075;25.1035;25.1041;25.5062;25.6934;25.8876;26.3464;26.4627;26.7165;26.4768;26.4074;25.7115;25.5367;25.4723;25.5011;25.5399;24.8618;24.1521;23.513;22.8307;22.2458;21.3705;20.94;20.4632;19.9049;19.0641;18.1863;17.4012;16.4235;16.0196;15.8503;15",9.79992,"0.15;0.75;0.1"
34.7706,3.70919,15.525,"1;1.69369;2.21258;1.98511;2.30234;2.70238;3.30031;3.36417;3.47172;3.7656;3.84091;4.16067;4.56848;5.12461;5.87523;6.60453;7.17035;7.79834;8.49979;9.21916;9.96899;10.584;11.1432;11.8313;12.6457;13.4445;14.052;14.917;15.3871;16.1886;16.9056;17.6888;18.3242;18.6537;19.262;19.8361;19.9799;20.4473;20.3976;20.7513;21.1595;21.4181;21.5117;21.688;21.5969;21.1881;21","15;15.6203;16.4307;16.7964;17.7118;18.4365;19.2125;19.959;20.5615;21.1328;21.2486;21.6959;22.593;23.0482;23.4519;23.4811;24.0227;24.4221;25.0183;25.2608;25.718;26.0471;26.3774;26.5165;26.3931;26.3624;25.9213;25.9085;25.6637;25.3434;24.916;24.3924;24.3068;23.6071;22.9121;22.3282;22.042;21.3539;20.6459;19.7911;19.1674;18.5139;17.6702;16.7757;16.0185;15.6731;15",8.95919,"0.15;0.8;0.05"
35.4124,3.37106,15.7162,"1;1.37494;2.09852;2.45509;2.49792;2.79777;2.85936;2.98414;2.96499;2.95161;3.15879;3.5177;4.00394;4.39171;4.64797;4.92445;5.42826;5.80061;6.76575;7.54707;7.89268;8.60246;9.3238;10.1029;10.5343;11.4025;12.1938;13.0938;13.9794;14.7972;15.6523;16.388;17.2603;17.8862;18.4747;19.1588;19.3865;19.8841;20.0824;20.4806;20.8222;20.9518;21.6176;21.7871;21.2365;21.1393;20.9883;21","15;15.1753;15.4795;16.1757;17.1596;17.6889;18.1327;18.8671;19.5119;19.8522;20.7343;21.6677;22.5415;23.2517;23.5246;23.8588;24.4672;24.6776;24.91;25.4785;25.6826;26.0568;26.2773;26.4706;26.3296;26.6895;26.1701;25.9089;25.8317;25.5228;25.3478;24.9916;24.741;24.0222;23.5442;23.0489;22.1275;21.5045;20.618;19.9024;18.9772;18.496;17.8253;16.987;16.3836;15.6335;15.3613;15",8.17726,"0.15;0.85;0"
20.8251,78.3316,0.269997,"1;1.16235;2.10223;3.08199;3.98417;4.70869;5.59517;6.56519;7.42963;7.89169;8.70134;9.48144;10.2548;10.7738;11.4186;12.1791;13.027;13.7341;14.3728;15.0538;15.9144;16.6222;17.4868;18.3435;19.2563;19.9671;20.6737;21","15;15.0515;14.8289;14.7768;14.5283;14.3091;14.1236;14.1308;14.0851;14.2425;14.421;14.8516;14.8189;14.5501;14.5125;14.456;14.3413;14.2923;13.8931;13.7164;13.802;13.5961;13.6697;14.1567;14.4501;14.8063;15.0284;15",4.38102,"0.2;0;0.8"
29.2369,16.3584,0.301835,"1;1.70787;1.77025;2.20613;2.67268;3.38486;3.62024;4.46723;4.64429;5.27652;5.5483;5.76838;6.26884;6.93148;7.44107;7.98746;8.85046;9.69509;9.93208;10.7898;11.3855;12.2369;13.0089;13.7205;14.507;14.6969;15.2808;16.2513;17.0332;17.3157;18.1722;18.4751;19.0395;19.4138;19.7591;20.0456;20.1283;20.3618;20.8729;20.9616;21.3107;21","15;14.2937;14.0039;13.1156;12.539;12.0916;11.8326;11.3708;11.177;10.6395;10.2352;9.54485;8.80565;8.13688;7.79868;7.05321;7.19773;6.85892;6.6942;6.75793;6.54876;6.45855;6.59971;6.72712;7.11304;7.54733;8.29743;8.37882;8.52693;8.67136;8.95807;9.10212;9.8792;10.4651;10.9951;11.6953;12.3798;12.5451;13.0691;13.3593;14.2348;15",6.89167,"0.2;0.05;0.75"
30.1127,14.2933,0.31396,"1;1.82834;2.3599;2.91599;3.0973;3.30252;3.41573;3.67717;3.7929;4.14706;5.04244;5.76913;6.1469;6.66857;7.30561;8.19783;8.96092;9.69843;10.6163;11.3941;12.1006;12.5849;13.2546;14.0873;14.5152;15.2073;15.4043;15.834;16.0289;16.4477;17.0146;17.7475;18.3471;19.2878;19.2196;19.5316;19.858;20.3789;20.4032;21","15;14.4398;13.7348;12.9538;12.2713;11.8878;11.0531;10.2839;9.84476;9.02748;8.7309;8.05516;7.15968;6.48996;5.86653;5.7323;5.61164;5.749;5.71078;5.9627;6.47233;6.69466;7.23403;7.40021;7.57452;8.03718;8.37089;9.02799;9.40739;10.0667;10.3446;10.7221;11.357;11.4289;12.2166;12.9854;13.4989;14.2163;14.6877;15",7.67165,"0.2;0.1;0.7"
31.5718,11.2497,0.327067,"1;1.68591;2.22051;2.60203;2.89592;3.27356;3.55125;4.10582;4.24739;4.48476;4.78506;5.13083;6.02401;6.4898;7.30485;8.22501;8.96918;9.6271;10.3222;11.1913;11.8456;12.2922;13.0666;13.6493;14.2279;15.0509;15.7582;16.111;16.9734;17.7224;18.223;18.9825;19.516;19.9171;19.9759;20.1707;20.7482;20.9055;21.2178;21.4037;21.3341;20.9546;21","15;14.6788;14.1117;13.7838;13.1228;12.5038;11.9095;11.3548;10.6712;9.99712;9.43397;8.92642;8.57266;7.86588;7.44431;7.35863;7.26828;6.80458;6.14067;5.95262;5.52201;5.49533;5.45027;5.50001;5.52129;5.81715;6.32664;6.40138;6.14001;6.78074;7.15816;7.68255;7.90421;8.784;9.0559;9.9326;10.5186;11.4049;12.187;12.8871;13.3045;14.1615;15",8.21441,"0.2;0.15;0.65"
33.2915,6.81948,0.341959,"1;1.65848;1.94998;1.99198;2.38517;2.92752;2.95168;3.52345;3.53608;3.43813;3.92832;4.32824;4.81621;4.95973;5.69078;6.13598;6.61435;7.37095;8.07277;8.36096;9.19275;9.96255;10.6169;11.0193;11.7909;12.2968;13.099;13.7266;14.3252;14.5388;15.2023;15.9109;16.4282;16.8219;16.9076;17.7143;17.8683;17.7483;18.2888;18.6103;19.169;19.82;20.4317;20.6833;20.8069;20.8291;20.8824;21","15;14.3067;13.5339;13.0966;12.2119;11.4676;11.1662;10.3479;9.45194;9.19597;8.63184;8.2655;7.95522;6.98515;6.30748;6.06784;5.64717;5.44148;4.91371;4.58454;4.22943;3.85364;4.09304;4.14969;4.20399;4.24819;4.13356;4.72766;5.25664;5.31762;5.52091;5.91436;6.74194;7.15894;7.25759;7.63104;7.86657;8.76417;9.41428;9.76248;10.5565;11.2319;11.3974;12.3281;12.9016;13.3503;14.0185;15",8.22737,"0.2;0.2;0.6"
31.6826,7.63461,0.32664,"1;1.73343;2.2327;2.60789;2.96673;3.08551;3.41642;3.72078;3.6886;3.83628;4.43716;4.86633;5.63134;6.24336;6.98525;7.71659;8.06534;8.73064;9.49231;10.2455;11.2315;11.6935;12.5839;12.8164;13.7705;14.7;15.2126;15.7597;16.4147;16.887;17.1347;17.6296;18.1512;18.4647;18.575;19.3788;19.6079;19.7995;19.9471;20.2164;20.7952;21","15;14.3853;13.6724;12.8755;11.9667;11.2682;10.3363;9.6915;8.71137;8.64;7.99535;7.46421;6.92511;6.57233;6.08899;5.67699;5.53424;5.12757;4.8096;4.83787;4.89403;4.71995;4.80911;4.76086;4.9078;5.18165;5.59964;5.91764;6.65864;7.52584;8.25037;8.78818;9.24793;9.99375;10.5303;10.8761;11.6388;12.3482;13.053;13.3938;14.048;15",8.42482,"0.2;0.25;0.55"
29.7297,7.74501,12.8579,"1;1.22565;1.51754;1.91302;2.12687;2.46211;2.81745;3.0172;3.45504;3.88682;4.39833;4.47407;5.04016;5.91887;6.4964;7.22485;7.93857;8.36024;8.98611;9.90807;10.1821;10.8811;11.7755;12.4044;13.2685;14.079;14.5826;15.4818;16.2987;16.9597;17.4783;17.5828;17.841;18.1118;18.4096;18.6934;19.2014;19.3542;19.7484;19.9705;20.2224;21","15;15.3782;15.9467;16.7419;17.1865;17.8853;18.211;19.1316;19.6232;19.9433;20.7068;21.559;22.1237;22.3183;22.6816;23.1495;23.3505;23.4597;23.4931;23.4041;23.4232;23.3677;23.5591;23.2237;23.5261;23.3638;23.3752;22.9654;22.5921;22.1033;21.2981;20.9405;20.1664;19.573;19.142;18.2361;17.6788;17.0775;16.314;16.1286;15.1944;15",14.6984,"0.2;0.3;0.5"
32.5105,6.73193,0.33416,"1;1.28373;1.81907;2.10824;2.45542;2.6145;2.90275;3.07181;3.42627;3.72547;4.17702;4.15208;4.51973;4.99719;5.75939;6.27312;6.33038;7.22162;7.69746;8.4755;9.37951;10.2696;10.7766;11.3661;12.1749;13.133;14.0438;14.5794;14.7375;15.4461;15.8332;16.0567;16.5086;16.9762;17.7476;18.3699;18.853;19.2756;19.5064;19.7747;20.2501;20.2699;20.3281;21.0923;20.8685;21","15;14.5776;13.8804;12.9232;11.9854;11.742;10.9338;10.3225;9.55967;8.76925;8.04261;7.67902;7.06957;6.29901;5.79384;5.68373;5.49583;5.28132;4.84326;4.32454;4.49596;4.39175;4.47888;4.62563;4.92047;5.0615;5.31813;5.54951;5.94735;6.34623;6.5038;6.60901;6.84335;7.43169;8.05825;8.81516;9.5198;9.97169;10.4297;11.3001;11.8556;12.6034;13.5186;14.0401;14.7034;15",9.00864,"0.2;0.35;0.45"
34.9668,5.71958,0.359181,"1;1.38502;1.63676;1.92856;2.31094;2.58373;2.85731;3.29414;3.18815;3.29423;3.78356;3.99205;4.01359;4.09417;4.82956;5.31429;5.97318;6.60192;7.39277;8.25893;9.1743;9.65664;10.224;11.1134;12.1134;12.9155;13.6584;14.2422;14.9836;15.8213;16.209;16.6145;17.0008;17.4777;17.5975;17.9225;18.2697;18.9488;19.7311;19.9378;20.2858;20.752;20.7509;21.1551;21.4283;21.4359;21","15;14.4588;13.5657;12.9948;12.1309;11.8312;11.2852;10.4615;9.53754;8.68325;7.94114;7.27025;6.31241;6.08809;5.63127;5.52752;4.81865;4.46001;4.59443;4.24318;4.05077;3.70792;3.2635;3.60212;3.60294;3.6546;4.11436;4.48396;4.59749;5.02081;5.4631;5.8378;6.22538;7.04557;7.22732;8.06304;8.95261;9.45675;9.78042;10.0018;10.7612;11.5068;11.8943;12.7651;13.707;14.5568;15",9.42487,"0.2;0.4;0.4"
34.4755,6.2045,0.36022,"1;1.21901;1.55782;2.16735;2.21728;2.59274;2.48703;2.681;2.786;2.77649;3.54788;3.89444;4.48221;5.13787;5.63261;6.16208;6.75304;7.62649;8.24554;8.95604;9.86232;10.6473;11.5824;12.3277;13.0771;13.7913;14.363;14.878;15.3813;15.9702;16.8462;17.1981;17.6938;18.2433;18.7031;18.6145;18.6912;19.1712;19.4906;19.6969;19.824;19.4271;19.7693;19.8189;19.8578;20.1528;21","15;14.8189;14.3028;13.5885;12.9248;12.1826;11.2259;10.3336;9.61746;9.14977;8.68208;7.76351;7.44061;6.93909;6.64122;5.93103;5.67952;5.35777;4.9428;4.70598;4.47543;4.07456;4.30582;4.12186;4.35287;4.25241;4.12508;4.33514;4.57364;4.85701;5.16694;5.52325;5.89858;6.621;7.23351;8.21292;8.73637;9.32165;9.92446;10.8477;11.1404;12.0156;12.8438;13.4231;14.1495;14.8838;15",9.81319,"0.2;0.45;0.35"
33.6595,4.47271,14.6052,"1;1.67319;2.27352;2.36431;2.5597;2.75261;2.97158;3.20095;3.31101;3.78989;4.21786;4.9685;5.30057;5.96121;6.50847;7.32352;7.83494;8.80052;9.54498;9.95666;10.6729;11.6536;12.0869;13.0267;13.8539;14.585;15.117;15.7231;16.133;16.6766;17.3655;17.8331;17.9152;18.717;19.207;19.5358;19.9693;20.2623;20.2129;20.548;20.5623;20.996;21.3752;21.6165;21.8387;21","15;15.7332;15.9066;16.6671;17.326;18.1608;18.9382;19.2494;19.7622;20.6384;21.4129;21.8151;22.4015;23.0086;23.2843;23.6401;24.0085;24.2651;24.6883;24.8346;25.165;25.1896;25.231;25.3916;25.5317;25.7207;25.2837;24.7415;24.5622;24.2944;23.7998;22.9869;22.0454;21.74;21.2521;21.0026;20.4046;19.9125;19.2539;18.4408;18.2711;17.4834;16.9613;16.0636;15.1613;15",13.3498,"0.2;0.5;0.3"
34.6334,6.12814,0.357919,"1;1.53124;1.392;1.76702;2.05371;2.18607;2.34843;2.96555;3.43593;3.75418;4.17566;4.60865;5.3177;5.58368;5.93912;6.44028;7.10787;7.86973;8.62397;9.4483;10.3601;11.2446;12.015;12.8163;13.6764;14.5365;15.0177;15.8217;16.4172;16.7384;17.4911;18.0084;18.4619;18.9528;19.5455;20.1812;20.8114;21.1852;21.2696;21.054;20.9673;21.0827;21.2183;21.4183;21.4896;21.5409;21","15;14.7801;13.7921;13.2902;12.6084;11.9902;11.2346;10.6438;9.79647;9.27093;8.82095;8.36843;8.13881;7.56929;6.86463;6.21269;5.65622;5.01618;4.70336;4.60776;4.33706;3.99403;3.80157;3.8822;4.02115;4.37206;4.77418;5.00486;5.08601;5.46135;5.64997;5.87351;6.04108;6.25915;6.84817;7.56581;8.23661;9.00446;9.41607;10.0849;11.0571;11.4053;11.8921;12.6742;13.4812;14.4356;15",10.3866,"0.2;0.55;0.25"
35.0286,5.36971,0.360043,"1;1.68653;2.05778;2.09246;2.40468;2.48308;2.16788;2.49755;3.02771;3.53484;3.93411;4.225;4.46093;4.70565;4.93167;5.73217;6.16507;6.76687;7.08592;7.59088;8.11924;8.90004;9.4875;10.4499;11.4119;12.251;13.1265;13.462;14.2821;14.4903;15.27;16.0447;16.6395;16.9112;17.4624;17.9931;18.6554;19.0967;19.8505;20.3083;20.7099;20.9919;21.0415;21.2699;21.8157;21.9029;21.7921;21.775;21.5626;21.2088;21","15;14.2812;13.8658;13.295;12.3849;11.7761;11.008;10.1128;9.46591;9.00116;8.51166;8.0485;7.73133;7.32525;6.7917;6.46973;6.13265;5.46805;5.07468;4.7545;4.02181;3.78239;3.83004;3.55837;3.53239;3.68364;3.8104;3.84684;3.99751;4.13082;4.75328;5.15407;5.5662;5.84124;6.55964;6.92887;7.47067;7.74178;8.21967;8.43104;8.8142;9.58216;10.1977;10.7398;11.3658;11.836;12.4753;13.473;13.9148;14.6977;15",10.2996,"0.2;0.6;0.2"
35.5411,5.63739,0.364226,"1;1.46178;1.56824;1.98002;2.33628;2.37269;2.59862;2.61812;3.26842;3.43901;3.83383;4.58156;4.83177;5.05608;5.41629;5.94051;6.37408;6.83841;7.41912;8.04984;8.7999;9.1158;10.0254;10.6823;11.3199;12.1435;12.6074;13.4017;14.0114;14.9339;15.4892;16.0218;16.4966;17.0106;17.1365;17.9755;18.7118;19.0833;19.0887;19.4514;19.9733;20.4126;21.2455;21.5537;21.0288;21.0692;21.049;20.9044;21.1371;21","15;14.4567;13.8184;13.1843;12.816;12.2743;11.5857;10.6742;10.0194;9.3927;8.76069;8.15516;7.52615;7.11899;6.20815;5.79878;5.5522;5.32638;4.71218;4.23397;4.03118;3.63985;3.34035;3.22167;3.63975;3.73354;3.94832;4.13012;4.23652;4.39201;5.01149;5.38669;5.55207;6.16193;6.23848;6.60871;7.02118;7.65166;8.19234;8.94348;9.34182;9.67921;9.5091;10.369;11.0876;11.9309;12.8789;13.5134;14.3778;15",10.8272,"0.2;0.65;0.15"
33.9578,4.06284,15.2563,"1;1.67475;1.76093;1.79515;1.79946;1.97285;2.16198;2.28345;2.45254;2.5847;2.97648;3.30732;4.121;4.76084;5.40244;6.11309;6.61878;7.4806;8.09084;8.72527;9.03697;9.93883;10.829;11.5818;12.1734;12.6087;13.5224;13.9964;14.8236;15.5504;16.2192;16.669;17.14;17.4933;17.8435;18.4471;18.5937;19.2491;19.815;20.298;20.7626;21.1307;21.1138;21.054;21.1303;21.1735;21","15;15.4673;16.1556;17.0685;17.5355;18.1422;18.8352;19.7663;20.631;21.2053;21.7093;21.997;22.5713;23.0541;23.6272;23.9957;24.7072;25.1771;25.6707;25.7956;25.8263;26.0903;25.9474;26.1989;26.1905;26.1842;25.9325;25.7168;25.5226;24.9036;24.4062;23.6668;23.0974;22.6261;21.8434;21.417;20.673;20.0912;19.7318;19.2138;18.9058;18.331;18.066;17.1788;16.2046;15.755;15",11.1612,"0.2;0.7;0.1"
37.6514,3.47308,16.5359,"1;1.32272;1.59195;1.53314;1.63454;1.84193;2.31595;2.65852;2.63385;3.21477;3.54522;3.5463;3.80691;4.46462;4.92031;5.2787;5.67949;6.39117;6.92092;7.64398;8.45296;8.63567;9.51567;10.3348;11.1785;12.1364;12.6244;13.3671;14.2205;14.6998;15.283;15.8194;15.9851;16.1936;16.5639;17.4871;17.7551;18.1474;18.4996;18.9228;19.2344;19.9053;20.4618;21.245;21.5262;22.3102;22.6729;22.6506;22.4746;22.5969;22.6038;22.1494;21.6155;21.1018;21","15;15.3072;15.7943;16.668;16.8749;17.8531;18.7337;19.5999;20.244;20.9756;21.5903;22.0185;22.5878;23.3181;23.9193;24.4003;24.6499;25.2205;25.3403;25.8351;26.0254;26.2786;26.4939;26.9391;27.1026;26.9873;27.0729;26.9034;26.6873;26.5202;26.1551;25.5663;25.3449;25.1668;24.8352;24.6963;24.3995;23.5663;23.106;22.5526;22.306;21.6102;20.9986;20.5649;20.0147;19.4487;18.9195;18.1757;17.6326;16.6782;15.9803;15.5057;15.1474;14.6751;15",10.9619,"0.2;0.75;0.05"
35.2448,3.58959,15.787,"1;1.48619;2.07348;2.41523;2.79179;2.94026;3.1265;3.2891;3.27283;3.48693;3.30382;3.75946;4.05875;4.50913;5.07951;5.37252;6.16201;6.44403;7.09619;7.75096;8.23292;8.65302;9.54987;10.4893;11.4519;12.3996;12.7206;13.5149;14.2431;14.4753;15.0141;15.7257;16.0305;16.7156;17.0506;17.6257;18.2993;18.6179;19.2039;19.9668;20.328;21.0735;21.2552;21.1643;21.1133;20.8444;20.5238;20.6843;20.769;21","15;15.4145;15.859;16.5526;17.4646;18.3443;18.8222;19.4179;20.0662;20.5683;21.3049;22.0121;22.3703;23.2519;24.0026;24.0908;24.5392;24.6336;24.7577;25.5135;26.1041;26.0437;26.0567;26.331;26.5662;26.566;26.6935;26.2253;25.9724;25.6827;25.066;24.9163;24.6984;24.0108;23.3675;22.9987;22.8035;22.2256;21.6199;21.0047;20.6446;20.1877;19.8441;19.1285;18.5397;18.1768;17.314;16.4778;15.8562;15",9.92063,"0.2;0.8;0"
20.9134,77.0464,0.349649,"1;1.8928;2.89253;3.65627;4.16045;4.88642;5.69154;6.44368;7.21713;8.1297;8.69356;9.30612;10.2855;11.2591;12.2316;12.9945;13.8501;14.0067;14.9609;15.9048;16.5905;17.4093;18.0946;18.9124;19.5149;20.02;20.4398;21.0205;21","15;15.4504;15.4269;15.4801;15.3689;15.1133;14.5287;14.7355;14.4669;14.2872;14.1918;14.2275;14.1757;14.0951;13.9793;14.0483;14.2231;14.1788;14.1562;13.9221;14.0144;14.1346;14.2293;14.5862;14.5424;14.9968;15.1559;14.9662;15",5.49058,"0.25;0;0.75"
28.2118,20.2659,0.298986,"1;1.39703;1.67467;2.19898;2.86227;3.13602;3.72388;4.25081;4.8307;5.50912;6.38187;7.21495;7.82145;8.42448;8.8799;9.77578;10.7609;11.5016;12.0248;12.9996;13.9287;14.3783;14.7932;15.6935;16.1224;16.5569;16.7257;16.8772;17.3949;17.2098;17.4947;17.6396;18.3682;19.0205;19.6677;20.0451;19.8793;20.2946;21","15;14.3977;14.0391;13.4477;12.8157;12.3472;11.6054;10.8931;10.1064;9.68475;9.20872;8.69464;8.29229;7.68777;7.4435;7.31934;7.25286;7.19831;6.98371;7.17582;7.33998;7.37529;7.53002;7.61098;8.17756;8.52749;9.14586;9.54238;10.1832;10.8085;11.7554;11.7782;12.3441;12.9352;13.3378;14.0128;14.4502;15.0323;15",8.27554,"0.25;0.05;0.7"
32.1301,7.11596,0.332004,"1;1.63174;2.06956;2.41143;2.56065;2.57481;2.7938;2.90369;2.99163;3.37169;3.66745;4.1983;4.35472;5.11367;5.60439;6.00011;6.65932;7.28445;7.89059;8.5307;9.00505;9.85512;10.387;11.1872;11.9554;12.0957;12.9967;13.4598;14.1726;14.8392;15.7079;16.248;16.489;17.019;17.2386;17.7036;18.3616;18.8596;19.3687;19.4291;19.448;19.4928;19.7409;19.8187;20.1822;20.9224;21","15;14.2248;13.457;12.5173;11.9729;11.0103;10.753;9.79802;9.14143;8.4996;7.90275;7.55696;7.03781;6.58429;6.2955;5.72132;5.296;5.12613;4.93176;4.81802;4.66257;4.81374;4.86773;4.81825;4.76648;4.82573;5.01639;5.09377;5.53007;5.68051;6.03512;6.72568;6.99298;7.55834;7.99612;8.6893;9.438;10.0683;10.733;11.3374;12.0659;12.5265;13.0627;13.7541;14.3921;14.8544;15",8.95991,"0.25;0.1;0.65"
31.6576,22.4095,0.3286,"1;1.28955;1.71094;2.19738;2.63308;2.70021;2.8233;3.0946;3.45168;3.72798;3.97259;4.24196;4.60842;4.91257;5.2633;5.39796;6.23784;6.78908;7.40275;8.24504;8.99833;9.4641;10.2697;10.501;11.3751;12.321;13.1285;13.916;14.4282;14.6746;14.6278;14.3265;14.8219;15.1918;15.9011;16.1499;16.7934;16.9992;16.9988;17.1574;17.8638;18.4909;19.2024;19.5465;20.2357;21","15;14.4928;13.8124;13.1929;12.5043;12.0076;11.0651;10.552;9.85308;9.11081;8.41856;7.98822;7.38447;6.95669;6.06795;6.01696;5.72111;5.68012;5.56101;5.42812;5.57758;5.90275;6.06748;6.09737;6.29914;6.29271;6.74682;7.28553;7.81424;8.60471;9.0768;9.72849;10.3338;10.6023;11.2366;11.499;12.2515;12.2328;12.943;13.7008;13.8112;13.6377;13.5661;14.1585;14.4181;15",11.473,"0.25;0.15;0.6"
32.8636,8.15543,0.358459,"1;1.77281;1.98127;2.01485;1.83513;1.91593;2.25841;2.42132;3.0731;3.16347;3.87875;4.55771;4.76227;5.11315;5.74671;6.0964;6.56735;7.31919;8.04505;8.67851;9.58224;10.5566;11.498;12.2178;12.5047;13.1281;13.8154;14.6276;15.1903;16.1487;16.6592;17.2004;17.6556;18.006;18.5316;18.9139;19.0376;19.1864;19.4459;19.6394;19.9318;19.9001;20.0719;20.419;21","15;14.3654;14.0637;13.0681;12.1966;12.0317;11.1504;10.4258;9.83067;9.39639;9.18196;9.03964;8.27784;7.8917;7.20111;6.90258;6.5615;6.17353;5.62625;5.19711;4.91623;4.69106;4.58391;4.86478;5.17475;5.33192;5.31056;5.84497;6.00338;6.06067;6.71435;7.394;8.21407;8.77376;9.29384;10.0946;10.6864;11.0567;11.8616;12.5003;13.4447;14.0138;14.5661;15.4274;15",10.0441,"0.25;0.2;0.55"
32.1957,8.22342,0.336126,"1;1.66473;1.96824;2.05388;2.55182;2.48662;2.90641;3.38266;3.8428;4.02495;4.33268;4.8915;5.74421;6.69592;7.10651;7.74477;8.46438;9.35314;9.79336;10.6551;10.8385;11.6949;12.4335;12.9582;13.806;14.5404;15.1021;15.8019;16.2951;17.1152;17.4303;17.788;18.4549;18.6983;18.8515;19.2885;19.538;19.6644;19.8061;20.12;19.9239;19.8896;20.5555;21","15;14.5488;13.7269;12.8719;12.211;11.6504;10.9644;10.2678;9.55012;8.70487;8.22166;7.48789;7.08808;6.81292;6.3388;5.85436;5.46921;5.33586;5.35043;5.48231;5.58012;5.87834;5.37883;5.42954;5.39712;5.41093;6.02736;6.18247;6.20674;6.75839;7.08155;7.60096;7.97615;8.94325;9.76794;10.6011;11.4526;12.0656;12.675;13.2963;14.0098;14.3822;14.8866;15",10.2728,"0.25;0.25;0.5"
32.8837,7.07523,0.341649,"1;1.42272;1.60807;2.01708;2.51013;2.45118;2.6539;2.95705;2.8253;3.27421;3.96378;4.44999;5.10271;5.26236;5.76473;6.27879;6.81079;7.43699;7.82777;8.72913;9.33527;10.2016;10.9485;11.5596;12.4874;13.2036;13.8156;14.8099;15.594;15.9604;16.4459;17.0627;17.549;17.8939;18.3084;18.487;18.836;18.905;19.2131;19.4329;19.5794;19.8265;19.5403;19.7116;20.2175;21","15;14.4141;14.0647;13.2881;12.4528;11.7765;10.8185;10.3628;9.68072;9.19458;8.49956;7.72693;7.16077;6.51745;6.37353;5.87222;5.38611;4.83272;4.82808;4.70961;4.76627;4.52262;4.3958;4.55791;4.80526;5.07683;5.59618;5.65162;5.8789;6.25929;6.5071;6.71784;7.1547;8.02947;8.56729;8.90775;9.55366;10.4489;10.8904;11.2199;11.8845;12.5789;13.2244;14.1408;14.7099;15",10.4972,"0.25;0.3;0.45"
33.6242,5.51631,14.8597,"1;1.57536;2.36053;2.66255;2.80327;3.16664;3.53371;3.83836;4.2079;4.74652;5.51194;6.29228;6.5976;7.21921;7.4111;8.14003;8.97806;9.39836;10.1331;11.0804;11.9973;12.5636;13.2273;13.8647;14.7031;15.5158;16.4966;16.6962;17.4846;18.4844;19.2459;19.7859;20.4398;20.9847;21.2733;21.2786;21.239;21.4581;21.3712;21.8702;21.9187;21.9724;21.6628;21.5186;21","15;15.6714;16.0432;16.9338;17.571;18.2352;19.1218;19.8933;20.6245;21.2717;21.7496;22.1471;22.2499;22.7621;22.9898;23.5669;23.6743;23.7821;24.2684;24.2843;24.6702;24.2688;24.4821;24.4625;24.0972;23.8132;23.8539;23.6321;23.6608;23.6414;23.472;23.3592;23.0308;22.5122;21.9389;21.2763;20.393;19.8275;18.8913;18.5894;17.9266;17.1436;16.4654;15.809;15",16.2806,"0.25;0.35;0.4"
36.3626,6.00326,0.376893,"1;1.27467;1.79546;2.06506;2.15706;2.5325;2.29724;2.39919;2.28321;2.48987;2.96257;3.67326;4.08926;4.32674;4.61595;5.03291;5.26825;6.06122;6.48531;7.33813;7.94566;8.89348;9.59122;10.4556;11.2416;12.138;12.6378;13.2353;13.7979;14.1783;15.0722;15.9649;16.8219;16.8741;17.4394;18.0762;18.6921;19.0293;19.3598;19.8418;19.633;20.3687;20.6118;20.5273;20.5945;20.2871;20.0181;19.542;19.8622;20.6032;21","15;14.8686;14.1992;13.6761;13.4783;12.5577;12.031;11.1828;10.344;9.62976;8.86177;8.37858;7.68318;7.42134;7.03136;6.59355;5.94642;5.78916;5.45337;4.99813;4.91926;4.65113;4.14828;3.72244;4.01267;4.19137;4.33656;4.92457;5.41692;5.19424;4.92399;5.26758;5.7063;5.84869;6.49288;6.25278;6.94544;7.34688;7.62095;7.9463;8.79547;8.98349;9.86496;10.3818;11.278;11.9773;12.8507;13.4966;14.2425;14.843;15",11.6239,"0.25;0.4;0.35"
33.8762,5.62948,0.349118,"1;1.18872;1.90799;1.84385;1.8328;2.14387;2.22252;2.399;2.5589;3.03712;3.07303;3.09785;3.84327;4.25195;4.58597;5.16939;5.36211;5.70351;6.46485;7.39969;8.02921;8.56012;9.43468;9.94319;10.7549;11.717;12.492;12.7377;13.4684;13.9042;14.5108;15.189;15.4133;16.3344;17.1589;17.8147;18.3768;18.9588;19.2997;19.2507;19.4712;19.9233;20.1253;20.4698;20.6054;20.465;20.9577;21.0224;21","15;14.863;14.4455;13.6944;13.4225;12.5291;12.1808;11.4401;10.6637;9.84162;9.2039;8.90618;8.35792;7.54436;7.01271;6.29302;6.12841;5.64427;5.47747;5.24652;4.89817;4.43077;4.01834;3.85694;3.72536;3.70536;3.78835;3.8384;4.16138;4.42313;4.9333;5.28036;5.45561;5.64302;6.13193;6.58734;7.24234;7.99898;8.35432;9.15649;9.62988;10.3904;10.6943;11.2158;11.9766;12.9453;13.6462;14.4254;15",11.107,"0.25;0.45;0.3"
30.5081,6.69154,13.1096,"1;1.37359;2.15024;2.92832;3.438;3.30366;3.21002;3.34619;3.85237;4.10977;4.48763;4.67522;5.13511;5.89747;6.54913;7.13033;7.74013;8.38544;9.17134;10.0991;10.3109;10.9894;11.6348;12.3456;13.2876;14.2223;14.8479;15.4513;15.9055;16.4992;17.1581;17.9607;18.8502;19.3916;19.6786;19.7833;19.9668;20.3968;20.5713;20.8313;21.2039;21","15;15.3835;15.7592;16.143;16.7399;17.3699;18.167;18.9038;19.6971;20.2327;20.8584;21.7983;22.2999;22.7453;23.0085;23.2472;23.575;23.7797;23.9849;23.9151;23.9183;23.9148;24.039;23.8073;23.546;23.5852;23.3536;23.1594;22.7029;21.9924;21.2476;20.7704;20.4493;19.9034;19.0476;18.806;18.3667;17.4749;17.1346;16.3714;15.4949;15",14.2502,"0.25;0.5;0.25"
35.097,3.73535,15.7483,"1;1.62331;1.81014;1.96837;2.40393;2.8284;3.21458;3.23314;3.09331;3.21276;3.28451;3.54686;3.89153;4.30409;5.14603;5.44539;5.94443;6.62394;7.22384;8.04933;8.90377;9.85553;10.3631;11.1974;11.9354;12.4942;13.3291;14.1991;14.8528;15.4163;16.1814;17.0299;17.5693;18.0857;18.6555;19.5297;20.2158;20.5788;20.0402;20.0516;19.9506;19.9986;20.0179;20.1216;20.4369;20.5986;21","15;15.5455;15.7865;16.7486;17.4182;18.116;18.984;19.6635;20.2622;20.9039;21.2702;21.9359;22.8652;23.5408;23.9631;24.2491;24.9301;25.3016;25.4587;25.9528;26.3352;26.4624;26.5189;26.5429;26.5134;25.851;25.6467;25.5123;25.1433;24.6452;24.1487;23.7873;23.3201;22.5232;21.9004;21.6404;21.5329;20.6148;19.9622;19.3858;18.8961;18.2882;17.4716;17.0227;16.0991;15.7168;15",13.9783,"0.25;0.55;0.2"
34.5842,5.54236,0.357371,"1;1.60873;1.8771;1.82232;2.11632;2.3565;2.24278;2.84956;3.17846;3.27716;3.77612;4.31423;4.94719;4.99764;5.40811;5.95747;6.11534;6.63812;7.45755;8.13694;8.73521;9.08666;9.8749;10.3501;11.0844;11.7632;12.5696;13.2215;13.7917;14.6475;15.3947;15.8524;16.4014;17.2249;17.8353;18.7387;19.3436;19.6237;20.2822;20.5946;20.8183;21.251;21.5004;21.5531;21.4964;21.4007;21.6128;21.5787;21","15;14.2212;13.6722;12.9867;12.057;11.4032;10.8825;10.1205;9.67062;8.97088;8.23856;7.7822;7.05071;6.9521;6.31167;5.59434;5.41407;4.93496;4.47864;4.05274;3.74316;3.90145;3.75782;3.91722;3.90643;3.95624;4.14866;4.43683;4.40172;4.83865;5.12369;5.73718;6.34843;6.71061;7.34891;7.68682;8.16771;8.33374;9.07632;9.54469;10.0029;10.6677;10.8328;11.6316;12.4411;12.9783;13.9184;14.7616;15",12.0251,"0.25;0.6;0.15"
33.319,3.8699,14.8667,"1;1.34939;1.86187;2.48171;2.56847;2.89062;3.14391;3.24789;3.26623;3.58033;3.99598;4.22496;4.59404;5.03518;5.70048;6.14398;6.90326;7.73038;8.47337;9.14049;10.0106;10.5426;11.3598;12.2235;13.1661;13.8438;14.5973;15.4132;15.9331;16.7398;17.2524;17.8683;18.284;19.0494;18.8118;19.2955;19.6108;19.9896;20.3193;20.4983;20.6773;20.8562;21","15;15.2038;16.0362;16.7381;16.9716;17.6602;17.9718;18.8129;19.6236;20.3578;20.9592;21.907;22.683;23.2327;23.717;24.0638;24.4301;24.9852;25.3189;25.5205;25.9701;25.8343;25.6459;25.487;25.8173;25.7181;25.5539;25.0996;25.0029;24.519;23.9602;23.2537;22.8877;22.366;21.777;21.1472;20.3753;19.5142;18.7419;17.7581;16.7742;15.7903;15",12.3319,"0.25;0.65;0.1"
34.8893,3.9204,15.6085,"1;1.2018;1.72595;1.44508;1.81278;2.25945;2.57893;2.79341;3.11221;3.24599;3.45265;3.84135;4.15429;4.69313;5.08493;5.38993;5.61846;6.16533;6.62226;7.51856;8.07105;8.7897;9.52855;10.1115;10.8205;11.4914;12.1068;12.6447;13.2621;13.9708;14.6481;15.4778;16.0719;16.5677;16.965;17.4769;17.9034;18.4519;19.0622;19.7786;20.2799;20.4062;20.5846;20.5498;20.766;20.7403;20.9205;20.4311;20.7377;21","15;15.3653;16.0776;16.942;17.3215;17.5352;17.9253;18.8374;19.1579;20.0138;20.4238;21.0801;21.9193;22.4871;23.1451;23.6858;24.0742;24.7398;24.9782;25.3365;25.6387;25.9629;26.0612;26.1278;26.2984;26.2747;26.3933;26.5141;26.451;25.7799;25.4522;25.505;25.2296;24.7675;24.225;23.5902;23.3768;22.9573;22.6927;22.126;21.3414;20.5348;19.5531;18.6221;17.6585;16.8301;16.6287;15.8573;15.6267;15",12.247,"0.25;0.7;0.05"
34.0038,4.08572,15.2273,"1;1.32565;1.99034;2.23801;1.97721;2.16192;2.51143;2.83072;3.14627;3.46549;3.87209;4.18113;4.33097;5.15658;5.23487;5.83474;6.53931;6.92191;7.53482;8.14867;8.80528;9.56061;10.0818;10.7856;11.6938;12.2646;12.969;13.598;14.2561;14.3864;15.0606;15.5835;16.064;16.6164;16.9896;17.3486;17.6201;18.2334;18.8066;19.6963;20.1019;20.5411;20.5685;20.8987;21.0506;21.2206;21","15;15.3231;15.9088;16.8502;17.624;18.1973;18.9768;19.7485;20.3756;21.2153;22.0171;22.3643;22.8829;23.4064;23.6062;24.1439;24.4382;24.8145;25.2461;25.2408;25.8378;26.2102;26.2802;26.372;26.5566;26.2285;25.7887;25.7101;25.4454;24.5677;23.9916;23.9938;23.855;23.3205;22.8139;22.4648;21.7892;21.0703;20.4627;20.0894;19.4487;19.0443;18.3554;17.4504;16.7299;15.841;15",11.5652,"0.25;0.75;0"
21.0435,75.2209,0.418729,"1;1.63696;2.08564;2.70458;3.08895;3.17691;4.13078;5.12891;5.97317;6.44906;7.00141;7.68397;8.16499;8.948;9.51717;10.2707;11.1194;11.9716;12.7184;13.5134;14.2488;14.6214;15.5569;16.3143;16.7722;17.5389;17.7957;18.7735;19.4551;20.2629;21.0278;21","15;14.8174;14.6881;14.9272;15.0554;15.0848;14.9347;14.9356;14.7703;14.6269;14.4475;14.6524;14.6868;14.6922;14.796;14.9498;14.919;15.127;15.3695;15.2591;15.3168;15.4181;15.2393;14.6735;15.0388;15.1083;15.1248;15.1694;15.016;14.5603;14.8486;15",6.60615,"0.3;0;0.7"
25.9478,31.2875,0.280767,"1;1.72748;2.1361;2.26308;2.78933;3.29824;3.85;4.47699;5.00713;5.8457;6.7394;7.30452;7.83133;8.63072;8.78382;9.61818;10.293;10.9723;11.5445;12.4444;13.3153;13.7902;14.7529;15.4528;16.0417;16.3053;16.7625;17.1708;17.4833;17.8313;18.5326;19.0612;19.5843;20.4081;20.684;21","15;14.5184;13.7731;13.5984;12.9434;12.1314;11.6317;11.0922;10.3816;9.99446;9.57965;9.0846;9.02653;8.71359;8.41009;8.37448;8.29514;8.34913;8.44414;8.26558;8.57879;8.67788;8.94825;9.54391;10.1889;10.8195;11.2141;11.913;12.825;13.5749;13.9483;14.4951;14.7085;14.9813;14.9864;15",9.53121,"0.3;0.05;0.65"
29.5002,16.2396,0.304056,"1;1.22013;1.76713;2.19935;2.67488;3.30944;3.93586;4.02976;4.51771;4.91141;5.41397;5.87218;6.45315;7.38456;7.8261;8.41337;9.30254;10.1442;10.5826;11.3543;12.1887;12.9428;13.2683;14.0423;14.6332;15.3315;15.8734;16.5499;17.3598;17.9154;18.2201;18.8453;19.108;19.6617;19.9387;20.1962;20.643;20.9162;21.6748;21.2855;21","15;14.5699;14.0304;13.5426;12.798;12.2226;11.5568;11.4121;10.7472;10.1338;9.39713;8.7107;8.15759;7.83042;7.75424;7.57503;7.81009;7.63761;7.29183;7.20971;7.10009;6.89246;6.70122;6.34309;6.60568;7.11645;7.5457;7.60067;7.84954;8.29266;8.73481;9.35301;9.49972;10.3103;10.6342;11.3303;12.094;12.9806;13.5089;14.4052;15",10.6564,"0.3;0.1;0.6"
28.5256,14.1725,0.29406,"1;1.26471;1.41304;1.97707;2.19629;2.24657;2.70079;3.24019;3.70395;4.22426;4.33447;4.92084;5.47443;6.22262;6.32267;6.90142;7.71375;8.59294;9.47538;10.3027;11.1528;11.6688;12.6219;12.9379;13.5842;14.0628;14.599;14.9555;15.4202;16.2406;17.1051;17.3998;17.8095;18.084;18.5136;18.9555;19.2608;19.3742;19.9765;20.5349;21","15;14.262;14.0204;13.4014;12.4937;12.2541;11.5453;11.0542;10.5337;9.71426;9.5682;8.8545;8.25871;7.79406;7.72366;6.91423;6.4913;6.49466;6.39919;6.15413;6.19042;6.30378;6.31977;6.46787;6.76151;7.03495;7.69351;8.03946;8.59104;9.04535;9.45611;9.81376;10.3744;10.9065;11.7077;12.4315;12.6168;12.8355;13.4816;14.2155;15",10.8453,"0.3;0.15;0.55"
35.1863,6.68212,0.372552,"1;1.69186;2.18894;2.46155;2.88331;3.10405;3.21918;3.37622;3.50534;3.854;4.06971;4.63631;5.43461;6.01429;6.50697;7.01217;7.73956;8.3289;8.81583;9.77151;10.1678;11.0921;11.5775;12.4361;12.9373;13.7528;14.3029;15.1271;15.7311;16.4747;17.0192;17.7739;18.0744;18.5594;19.1165;19.6528;19.9574;20.3892;21.2251;21.8968;22.3326;22.6899;22.5817;22.9332;23.2054;22.5902;21.9696;21.1342;21","15;14.2914;13.4768;12.6279;11.9032;11.6706;10.7402;10.0724;9.75016;9.07558;8.24495;7.68411;7.09892;6.96072;6.55245;6.10806;5.69804;5.53014;5.45433;5.16523;5.07886;5.13096;5.12302;5.17171;5.21684;5.13904;5.12167;5.34706;5.72225;5.89586;6.21499;6.85726;7.22877;7.66173;8.40585;8.97168;9.21528;9.80856;9.89306;9.9822;10.8356;11.6222;12.4909;13.276;14.1091;14.8373;14.8591;14.9876;15",12.0786,"0.3;0.2;0.5"
31.1834,9.04435,0.320198,"1;1.26283;1.4439;1.50488;1.77802;1.98822;2.13148;2.52201;2.98394;3.64743;3.99697;4.30651;5.02675;5.34405;5.93412;6.29793;6.97819;7.93345;8.60307;9.29965;9.8533;10.4659;11.0244;11.8947;12.4095;13.181;13.8463;14.6971;14.8172;15.3455;15.5358;16.3304;17.2435;18.2125;18.5236;18.751;18.8487;19.1238;19.3957;19.4754;19.7899;20.2247;20.3122;20.8766;21","15;14.5249;13.9982;13.1389;12.3923;11.729;11.1172;10.339;9.84569;9.15416;8.22825;7.61117;7.11656;6.89514;6.60419;6.53846;6.02229;5.89736;6.07538;5.91254;5.64589;5.46691;5.2577;5.41304;5.66983;5.89882;6.20083;6.38495;6.4681;6.95906;7.21708;7.70187;7.83473;8.03094;8.50509;9.30401;9.68814;10.393;11.0579;11.7013;12.5327;13.2317;13.5132;14.055;15",11.7602,"0.3;0.25;0.45"
31.8884,7.60333,0.330155,"1;1.3448;1.96814;2.05478;2.25951;2.39374;2.4719;2.78618;3.18868;3.68478;4.26622;4.59872;4.74617;5.5342;5.96863;6.26089;7.08543;7.73325;8.58326;9.52767;10.3781;11.2454;11.9717;12.8393;13.521;14.3026;14.6181;15.3145;15.7553;16.4486;17.1495;17.8431;17.933;18.2306;18.5903;18.5982;19.2006;19.5859;19.8607;20.1183;20.1676;20.3736;21","15;14.4781;13.9047;13.4792;12.5556;12.0169;11.0822;10.55;9.72927;9.18628;8.7478;7.96652;7.69538;7.10043;6.26647;6.168;6.00883;5.89682;5.59693;5.52085;5.06839;5.00802;5.30196;5.17078;5.32735;5.38783;5.51747;5.39997;5.67197;6.13005;6.75694;7.39617;7.77379;8.46736;9.23767;9.93299;10.6184;11.531;12.4444;13.3101;14.0111;14.6703;15",11.9796,"0.3;0.3;0.4"
32.2501,5.18487,13.9967,"1;1.76552;2.20469;2.5485;3.11575;3.39731;3.55267;3.69355;3.98118;4.43834;4.9786;5.55325;5.80809;6.07056;6.66917;7.43709;7.87007;8.30252;8.96656;9.32052;10.0708;10.7846;11.4683;12.4099;13.0461;13.8557;14.414;15.0942;15.8552;16.5646;17.2297;17.5546;17.5667;17.8694;18.3472;19.2007;19.536;20.1013;20.7022;21.1031;21.2496;21.3739;21.2926;20.5669;21","15;15.3897;15.7842;16.5427;16.9684;17.8118;18.1426;19.0391;19.769;20.4473;21.1186;21.7968;22.3565;23.0099;23.6272;23.9569;24.2895;24.5317;24.918;24.9444;25.0096;25.1513;25.1271;24.919;24.4963;24.3766;24.2056;24.0766;23.6279;23.3755;23.1213;22.2294;22.0376;21.7439;21.089;20.6611;19.9637;19.3992;18.876;18.1356;17.9132;17.0846;16.3512;15.8791;15",16.3886,"0.3;0.35;0.35"
34.5107,5.66692,0.354295,"1;1.26701;1.66121;1.88279;1.88105;2.01425;2.07573;2.14085;2.249;2.52217;3.12915;3.35506;3.55765;3.91068;4.14011;4.98496;5.49254;6.34993;6.4147;7.02105;7.8223;8.43528;9.37538;9.44749;10.1432;10.9185;11.4148;11.8816;12.7694;13.4679;14.0769;14.6304;15.1774;15.6383;16.3886;16.8031;17.4475;17.5711;18.1007;18.6732;19.1721;19.3879;19.489;19.9272;20.11;20.4447;21.0141;21.095;20.6086;20.4798;20.6741;21","15;14.7563;14.1422;13.3505;12.7462;12.2492;11.9036;11.108;10.3513;9.85803;9.44177;8.85104;8.34034;7.63905;7.30336;7.05057;6.49942;6.23012;5.96215;5.25086;5.02616;4.28423;4.21914;4.2435;4.52796;4.354;4.16714;3.97049;3.96429;3.91343;3.94503;4.14646;4.67969;4.82236;5.18952;5.37027;5.68442;5.74768;6.49031;7.20817;7.70142;8.24659;8.58714;9.19319;9.97272;10.4787;11.3001;12.18;12.9179;13.3675;14.1111;15",12.7263,"0.3;0.4;0.3"
32.4894,7.33071,0.33349,"1;1.22654;2.00215;2.40145;1.99994;2.39118;2.5766;2.87874;3.28995;3.48552;3.71391;4.01949;4.46741;5.27345;5.99741;6.91093;7.48929;8.2266;8.66779;8.98278;9.82296;10.5136;11.2826;11.5628;12.4356;12.8714;13.4306;14.0764;15.0384;15.5473;15.9616;16.5942;16.8616;17.4415;17.931;18.3634;18.959;19.5985;19.8354;19.9438;19.911;20.1281;20.2927;20.3976;20.7239;21","15;14.3423;13.8434;13.0327;12.133;11.5927;10.7163;10.1015;9.48109;9.23768;8.53895;8.14628;7.5649;7.04488;6.75828;6.54499;6.48572;5.83771;5.33295;5.13781;4.65567;4.39331;4.4209;4.60186;4.40851;4.65042;4.86405;5.52418;5.77565;6.20993;6.26648;6.63608;6.8303;7.39498;7.7524;8.52509;8.95039;9.71055;10.5451;10.7014;11.5492;12.0942;12.5426;13.1977;14.0507;15",13.129,"0.3;0.45;0.25"
35.5874,6.05289,0.365478,"1;1.69717;2.02604;2.01398;1.92837;2.10083;2.14117;2.46685;2.72806;3.40015;4.0579;4.37843;5.11799;5.64159;6.2378;6.37559;7.29522;7.92079;8.30614;8.84072;9.48174;9.99486;10.3308;11.1467;11.654;12.4698;13.4308;13.9536;14.6307;15.1758;15.8021;16.741;17.5107;18.2396;18.9001;19.6028;20.2777;20.6962;20.7738;21.2616;21.1567;20.9832;20.6382;20.8836;21.0393;20.7972;20.9586;21","15;14.4178;14.0111;13.2289;12.285;11.6856;10.8463;10.0134;9.49851;9.0044;8.534;7.99036;7.43817;7.20787;6.62185;5.98707;5.67635;5.50329;5.03788;4.95475;5.09;4.62244;4.3262;4.11496;4.01221;4.27745;4.33683;4.13535;4.43482;4.78012;5.44372;5.66468;6.22337;6.42125;6.52882;6.53935;6.60621;7.39836;7.82193;8.27102;9.20081;9.89532;10.784;11.5928;12.4156;13.2208;14.0818;15",13.7757,"0.3;0.5;0.2"
32.3522,5.41174,14.2959,"1;1.44213;2.0404;2.35415;2.72437;2.63956;2.919;2.68251;3.0968;3.30548;3.75412;4.1804;4.4423;4.89842;5.35948;5.98912;6.59337;7.12453;7.86585;8.64;9.42713;10.2151;10.8794;11.7631;12.2911;13.0138;13.2665;13.8265;14.1812;14.7318;15.2685;16.1382;17.0392;17.6559;18.3675;18.5484;19.3078;19.4612;19.7654;19.7404;20.2742;20.4418;20.4707;21.0998;21","15;15.3847;16.0482;16.7361;17.4021;17.7865;18.6136;19.5715;19.9102;20.8882;21.6533;22.3356;22.6737;23.1256;23.6834;24.3539;24.5592;25.0803;25.2165;25.2665;25.4275;25.4256;25.3379;25.2044;25.2564;24.7864;24.1122;23.5485;23.09;22.6973;22.1167;21.977;21.7098;21.1823;20.5664;20.3949;19.7962;19.237;18.4084;17.9731;17.4302;16.4622;16.1874;15.4603;15",14.8265,"0.3;0.55;0.15"
32.004,4.76501,14.235,"1;1.65273;1.9001;2.4931;2.75154;3.09056;3.26127;3.91728;3.99516;4.71499;4.89912;5.26503;5.5324;6.44086;7.03704;7.42227;7.8534;8.45729;9.02579;9.48557;10.2358;10.8873;11.6418;12.0586;12.832;13.7277;14.2156;15.0228;15.5831;16.3735;16.5569;16.8323;17.3727;17.9217;18.4722;19.2916;19.5552;20.1064;20.0198;20.2794;20.6069;21.0533;21.2684;21","15;15.7576;16.2417;17.0199;17.9802;18.827;19.6309;20.2906;20.479;21.1313;21.4182;21.9927;22.3794;22.7001;23.0556;23.5987;23.9463;24.4514;24.6392;25.017;25.4164;25.4902;25.4077;25.5756;25.212;25.2152;25.2112;24.8239;24.4117;23.8192;23.734;22.8817;22.4857;21.999;21.3528;20.9827;20.5519;19.758;19.3098;18.3989;17.4632;16.6806;15.8408;15",13.8837,"0.3;0.6;0.1"
34.3566,5.4137,0.352615,"1;1.50613;1.55397;1.92128;2.29704;2.48408;2.39344;2.32698;2.8649;3.38278;3.82892;4.00555;4.64681;4.91973;5.4124;5.97947;6.67832;7.48345;7.68553;8.61886;8.92984;9.20632;9.98377;10.8265;11.5071;12.4345;12.8194;13.6807;14.251;14.9786;15.7886;16.4705;17.3408;17.879;18.1656;18.5349;18.8368;19.0797;19.287;19.6974;20.0459;20.2064;20.3739;20.4416;20.6629;20.9848;21","15;14.5134;14.1437;13.2741;12.559;11.6976;11.0018;10.4907;9.78529;9.02973;8.47537;7.54018;6.91856;6.08436;5.77748;5.2259;4.55919;4.24094;4.15636;4.04602;3.72366;3.84478;3.60346;3.54186;3.64337;3.90155;3.93141;4.10121;4.35718;4.74387;4.90799;5.08924;5.20251;5.69039;6.51127;7.25134;7.63649;8.43351;9.34903;10.2589;11.1892;11.5339;12.415;12.7103;13.3046;14.0786;15",13.8435,"0.3;0.65;0.05"
33.1733,4.39036,14.5712,"1;1.30695;2.038;2.12025;2.33542;2.77057;3.28639;3.57408;3.76482;3.81469;3.79109;3.9729;4.16778;4.55862;5.24103;5.67915;6.38357;6.98527;7.48357;8.23528;8.56121;9.43343;10.3046;10.6537;11.4925;12.0342;12.6789;13.2587;13.7862;14.2735;15.2268;15.5465;16.1648;16.8847;17.4815;18.0806;18.2372;18.7624;19.1838;19.7349;19.8312;20.4348;20.638;20.752;20.9825;21.0908;21.3216;21.4177;21","15;15.1824;15.7586;15.9127;16.3579;16.9479;17.4704;18.1721;18.563;19.3059;19.5748;20.382;21.3383;22.0219;22.3271;22.9853;23.5192;24.1323;24.4657;24.8155;25.0142;25.132;25.1819;25.4243;25.5955;25.6027;26.1764;25.708;25.5619;25.2414;25.0467;24.733;24.163;23.6198;23.2173;22.6055;22.0153;21.3128;20.9065;20.2593;19.8465;19.0677;18.6328;17.6495;16.8837;16.185;15.483;15.211;15",13.0252,"0.3;0.7;0"
20.6612,75.2347,0.442299,"1;1.62481;2.44272;3.21648;3.79546;4.61378;5.1174;5.8541;6.49458;7.38358;8.27714;8.73653;9.46977;10.3111;10.8472;11.3193;12.1433;13.0739;13.8627;14.8452;15.1037;15.8899;16.7569;17.1069;18.0197;18.7422;19.2407;20.1625;21","15;15.0255;15.057;15.1976;14.9984;15.1654;15.3265;15.2866;15.2898;15.2983;15.3015;15.2852;15.231;15.0414;14.9211;14.6661;14.6553;15.0043;15.1092;14.9991;14.7737;14.9883;14.6669;14.677;15.0584;14.7557;15.0388;14.9258;15",7.51892,"0.35;0;0.65"
27.7275,20.6912,0.288373,"1;1.55794;2.14725;2.57655;3.36373;3.78432;4.37464;4.97926;5.19576;5.69712;6.22592;6.95409;7.8403;8.57058;8.9001;9.4507;10.3677;11.1778;11.4446;12.3035;13.1681;13.753;14.6853;15.0453;15.4701;16.2553;17.0245;17.5883;18.2312;18.4546;18.6911;19.2208;19.6567;20.0157;20.1698;20.4175;20.3847;21","15;14.5214;14.1708;13.7375;13.1874;12.6931;12.171;11.4576;10.7089;9.92273;9.53698;8.89885;8.49018;8.30113;7.96197;7.61756;7.3812;7.15198;7.37501;7.20554;7.3862;7.24123;7.29673;7.5086;8.03952;8.24504;8.38289;9.03264;9.48163;9.5492;10.444;11.1973;11.7898;12.4494;13.1511;13.6962;14.2565;15",10.9122,"0.35;0.05;0.6"
29.8107,15.1663,0.306876,"1;1.23841;1.24088;1.52732;2.27526;2.33867;2.93313;3.44364;4.05645;4.53461;5.28145;5.84195;6.22322;6.99638;7.22785;8.17199;9.11294;9.76458;10.5101;11.4326;12.0042;12.5125;13.1128;14.0559;14.8453;15.732;15.9924;16.7024;17.3097;17.6212;17.9341;18.6849;19.4234;19.957;20.679;21.4703;21.5944;21.1569;21.0993;21","15;14.1614;13.5245;12.7762;12.1961;12.0517;11.2504;10.5681;10.2172;10.0837;9.41865;8.9247;8.85043;8.50497;7.87642;7.54687;7.33709;7.0349;6.53353;6.37249;6.40533;6.48351;6.69742;6.71206;7.15417;7.44198;7.42448;7.95362;8.36618;9.16009;9.61232;10.1525;10.5847;11.2569;11.894;12.3241;13.2737;14.0571;14.9843;15",12.1192,"0.35;0.1;0.55"
31.224,10.5989,0.324103,"1;1.21278;1.6191;1.62693;2.22094;2.77567;3.21194;3.87006;4.21588;4.38518;4.97046;5.52168;5.89464;6.66949;7.43535;8.27412;8.92405;9.58522;10.1572;11.1565;12.0853;12.8564;13.6609;14.1196;14.6436;15.6401;16.1661;16.5818;17.0207;17.7471;18.335;19.1195;19.3549;19.5829;19.5219;19.7591;20.4528;20.6627;20.985;21.1323;21.557;21","15;14.7877;14.012;13.7447;13.1362;12.5196;11.93;11.1826;10.4159;10.0226;9.2231;8.72317;8.35729;7.79168;7.57923;7.03475;6.65121;6.34499;5.52471;5.561;5.25089;5.11075;5.15071;5.28991;5.49041;5.54939;6.36196;6.77551;7.49086;8.10828;8.67192;9.2618;9.89441;10.321;11.1069;11.6249;12.1872;12.8397;13.3123;13.9713;14.7849;15",12.6803,"0.35;0.15;0.5"
33.1551,7.2312,0.349129,"1;1.99977;2.17187;2.291;2.62199;3.05936;3.02099;3.02389;3.22352;3.42837;3.84578;4.20254;4.82101;5.44632;5.76936;6.54932;6.81861;7.46093;8.27131;8.99998;9.79913;10.7574;11.0936;12.012;12.4956;13.0689;13.9141;14.5716;15.3132;15.9454;16.5356;17.0412;17.0022;17.2652;17.8768;18.08;18.3854;18.4607;19.0855;19.486;19.6377;20.3404;20.7051;21.1331;20.8106;21","15;14.9787;14.0518;13.6511;12.8898;11.9905;11.1724;10.7972;10.1424;9.31988;8.68529;8.18748;7.68457;7.25683;6.82468;6.49716;6.15541;5.5706;4.99732;4.59724;4.26705;3.986;3.92547;3.96007;4.1171;4.45513;4.53396;4.93477;5.54698;6.01742;6.20041;6.66022;7.26936;7.98668;8.69087;9.10485;9.83364;10.4601;11.2183;11.7225;12.1567;12.7236;13.487;14.2168;14.5177;15",13.2076,"0.35;0.2;0.45"
29.1259,13.4989,0.302987,"1;1.84808;2.46367;2.84061;3.28597;3.46957;4.0444;4.2596;4.5442;4.92612;5.54476;6.14909;6.71088;7.20665;7.87571;8.79119;9.36126;9.76441;10.372;10.8119;11.8066;12.4346;13.1607;13.4366;14.1934;14.7606;15.4637;15.7813;16.2881;16.6075;17.1793;17.9593;18.558;19.1248;19.2785;19.5802;19.9608;20.3809;20.6121;21","15;14.4701;13.9268;13.129;12.3732;11.517;10.7635;10.3295;9.93015;9.02541;8.59526;7.95602;7.39753;6.60701;6.29427;5.90471;5.72613;5.71516;5.93039;6.08495;6.01537;6.16959;6.21824;6.34099;6.82325;7.4653;8.12398;8.62984;9.15237;9.75714;10.0862;10.5355;10.878;11.3307;11.8528;12.4444;12.9883;13.685;14.5985;15",13.69,"0.35;0.25;0.4"
34.3919,6.99536,0.356756,"1;1.58205;1.79133;1.98357;2.02249;2.23437;2.37544;2.90221;3.0731;3.46501;3.68091;4.22736;4.61294;5.16566;5.78998;5.93193;6.48586;7.1551;7.88281;8.55763;9.43737;10.0168;10.927;11.626;12.0659;12.7361;13.2539;13.9297;14.8833;15.5673;16.2432;17.077;17.8206;17.7402;18.1968;18.8068;19.5003;19.9123;20.6479;20.835;21.197;21.0882;20.5127;20.0244;19.7393;20.4822;21","15;14.6131;14.1742;13.7379;12.7455;12.481;12.0013;11.3169;11.0789;10.1984;9.51857;8.87634;8.59909;7.83552;7.06155;6.75637;6.3283;5.59136;5.10812;5.10389;4.8346;4.47818;4.38563;4.15039;4.54411;4.25808;4.90709;5.57151;5.84291;5.77719;6.14322;6.58112;7.187;7.35006;8.20951;8.48691;8.76973;9.163;9.81573;10.1753;11.1023;11.9599;12.7706;13.582;14.2555;14.653;15",14.2606,"0.35;0.3;0.35"
34.8753,6.79051,0.357279,"1;0.937653;1.47819;1.46981;1.67329;2.01304;2.79533;2.85247;2.93545;3.40991;3.64574;3.47903;3.62366;3.92572;3.87958;4.6203;5.58435;5.84649;6.82701;7.6515;8.57093;9.16949;10.0639;10.9417;11.4736;11.8795;12.4649;12.9757;13.9349;14.8877;15.5778;16.014;16.427;16.902;16.9374;17.4241;17.6651;18.2124;18.9882;19.1947;19.5163;19.8639;20.08;20.5462;20.7422;20.7447;21","15;14.868;14.0383;13.3475;12.4536;11.8758;11.6285;11.0751;10.4183;9.76691;8.91849;8.15801;7.32605;6.37568;5.38111;5.01825;4.92813;4.68443;4.68709;4.45537;4.39552;4.09898;3.91138;3.5134;3.4004;3.29346;4.04939;4.52159;4.73868;4.99912;5.64724;5.94903;6.49562;7.31189;7.38971;8.17909;8.52686;9.16424;9.79488;9.98688;10.6923;11.3092;11.7812;12.5876;13.2626;14.2035;15",14.6902,"0.35;0.35;0.3"
33.7347,5.85788,0.349581,"1;1.91736;2.2342;2.3472;2.82027;3.1436;3.03276;2.95572;3.15941;3.36112;3.51726;4.067;4.40304;4.9199;5.731;6.30956;6.50345;7.40799;8.10922;8.50418;9.21019;10.1662;10.9934;11.6936;12.2165;12.93;13.2594;14.2023;14.4317;15.0879;15.5486;16.2284;16.6869;17.2132;17.7857;18.2537;18.8913;19.0735;19.291;19.6199;20.0187;20.1608;20.207;20.4955;20.6086;21.0003;21","15;14.602;13.8964;13.6456;12.912;12.0048;11.2578;10.278;9.34468;8.51101;7.9983;7.48931;6.86527;6.02252;5.44683;4.78968;4.69687;4.63589;4.59685;4.41382;4.40019;4.45565;4.29094;4.13594;4.06174;4.17956;4.08186;4.37556;4.43666;4.97543;5.26476;5.75258;6.27292;6.4674;7.21059;8.06947;8.82488;9.1003;10.0625;10.7044;10.9635;11.8894;12.7385;13.5295;14.4297;14.9364;15",14.2377,"0.35;0.4;0.25"
32.9961,4.92523,14.5577,"1;1.644;2.19977;3.12682;3.33315;3.7509;3.69687;3.7894;3.95167;4.43873;4.7396;5.10551;5.66234;6.42572;7.1476;8.0127;8.51347;9.14836;10.0209;10.6792;11.4933;11.8583;12.826;13.4788;14.2551;15.031;15.9158;16.7412;17.4864;17.4124;18.07;18.7518;18.7639;19.2579;19.6223;20.1847;20.5819;21.1112;21.3379;21.7016;21.4137;21.0004;21","15;15.765;16.4003;16.7209;17.1952;17.9442;18.4034;18.9957;19.9326;20.6745;21.5663;22.2693;22.9697;23.538;23.9411;24.2971;24.5858;24.7876;24.909;25.0897;25.0068;24.9223;24.9136;24.6754;24.5447;24.4586;24.1159;23.8654;23.5185;23.1125;22.4249;22.5157;21.9433;21.0848;20.7866;20.0619;19.6044;18.8704;17.9293;17.5092;16.6977;15.8199;15",16.6765,"0.35;0.45;0.2"
31.1357,5.73266,13.7417,"1;1.26179;1.82214;1.92921;2.63174;2.98665;3.35781;3.52009;3.6918;3.89864;4.52383;4.95398;5.63;6.10519;6.39218;7.18444;7.70095;7.93486;8.77589;9.34748;9.74668;10.509;11.0589;11.789;12.0398;12.7274;13.5024;14.276;14.8452;15.5571;15.9701;16.9128;17.5338;18.1371;18.6037;19.1136;19.6952;19.9073;20.1807;20.5413;20.8769;21.1503;21.2083;20.9631;21.0487;21","15;15.2546;15.6803;16.4009;16.9963;17.3382;17.7251;18.2323;19.2174;20.14;20.8068;21.3341;21.8915;22.3324;22.5713;23.1352;23.6773;23.8583;24.3366;24.2879;24.2174;24.0295;24.0072;24.1461;24.1603;24.1965;24.0165;23.8817;23.8583;23.4582;23.443;23.1366;23.0173;22.7625;22.196;21.767;21.1851;20.5218;19.7819;19.2973;18.3991;17.7518;17.0914;16.2302;15.9673;15",15.8251,"0.35;0.5;0.15"
31.017,5.5234,13.796,"1;1.32412;1.72208;1.80383;2.18334;2.23006;2.22257;2.38005;2.52316;3.34073;3.35127;3.73377;4.55154;4.62118;4.90352;5.53939;6.17194;6.93001;7.66225;8.54595;9.24416;9.67506;10.337;10.9875;11.9002;12.6562;13.0347;13.8619;14.5664;15.1781;15.7423;16.303;17.0833;17.3821;18.0408;18.4333;18.5924;19.1606;19.5038;19.9024;20.0087;20.549;20.655;20.8644;20.8711;21","15;15.3546;15.8978;16.0191;16.7764;17.3231;18.2208;18.6807;19.1814;19.6186;20.5916;21.3065;21.8438;21.9233;22.218;22.7075;23.4348;23.8841;24.0765;24.2579;24.3308;24.1848;24.1888;24.1798;24.3753;24.2962;24.1904;24.0219;23.8948;23.7146;23.3685;22.5785;22.2285;21.9961;21.5721;21.0994;20.1403;19.3195;19.167;18.3456;18.11;17.5551;17.0085;16.0374;15.7615;15",15.2734,"0.35;0.55;0.1"
34.3085,4.1909,15.3755,"1;1.27978;1.63975;1.94956;2.35058;2.99134;3.00786;2.97621;3.03055;3.21916;3.52425;3.72736;4.21757;4.56619;5.33572;6.14557;6.73691;7.26055;7.51998;8.13367;8.93737;9.58466;10.4284;10.5289;11.1051;11.8952;12.7518;13.7005;14.0559;14.7856;15.4546;16.2984;16.6656;17.3491;17.8671;18.4351;18.8555;19.1842;19.4684;19.5744;20.0359;20.4801;20.7785;20.9848;21.083;21.1164;21.3371;21","15;15.2602;16.0395;16.5321;17.289;18.0158;18.8448;19.4259;20.2016;20.7516;21.4285;21.773;22.4841;22.8602;23.2784;23.7623;24.1605;24.7001;25.294;25.5645;25.8596;25.565;25.0305;24.475;24.4848;25.0368;25.5529;25.604;25.5096;25.1416;24.8141;24.5147;24.1365;23.5853;23.1311;22.576;21.8613;21.0318;20.2676;20.0581;19.5239;18.8361;18.1574;17.4917;17.1924;16.2314;15.2566;15",15.2913,"0.35;0.6;0.05"
35.0195,3.7278,15.7907,"1;1.22041;1.64933;1.97072;2.34509;2.27218;2.5189;3.27931;3.62807;3.94247;4.01419;4.36384;4.94877;5.51158;6.38815;6.9556;7.59837;8.15412;8.96465;9.46099;10.1972;10.7799;11.6809;12.1836;13.0726;13.6621;14.3049;15.0818;15.7261;16.2862;16.8513;17.5535;18.1571;18.4749;18.98;19.5554;20.0645;20.4712;20.8531;21.4472;21.8895;21.6704;21.6626;21.3923;21.0914;21","15;15.7343;16.3867;17.2201;17.6217;18.4495;19.317;19.9165;20.8062;21.5228;22.0823;22.9876;23.6732;24.4786;24.9276;25.4982;26.0013;26.3209;26.483;26.7584;26.5918;26.7092;26.5821;26.5272;26.3075;26.0604;25.7831;25.7252;25.2284;24.5175;23.9855;23.5468;22.9561;22.0445;21.7467;21.408;20.6961;19.8575;18.9952;18.3339;17.673;16.9909;16.133;15.6119;15.3096;15",14.6799,"0.35;0.65;0"
21.1798,79.8236,0.274164,"1;1.83703;2.62176;3.20632;3.81608;4.788;5.18872;5.82685;6.34087;7.32093;7.9682;8.91636;9.77724;10.5772;11.4312;12.223;12.8809;13.8586;14.6158;15.5844;16.0003;16.9553;17.9141;18.4661;19.1234;19.9704;20.6234;21","15;14.9071;14.6685;14.499;14.4507;14.2693;14.2431;14.295;14.5148;14.3949;14.5778;14.8452;14.9742;14.5796;14.413;13.8635;14.2543;14.0797;14.2722;14.3687;14.4139;14.3173;14.133;14.147;14.4558;14.3101;14.2861;15",8.63642,"0.4;0;0.6"
26.3838,28.579,0.274582,"1;1.76166;2.20396;2.70365;3.33777;3.70437;4.45726;5.05598;5.77832;6.43488;6.68885;7.23327;7.95347;8.31735;8.89521;9.4908;10.3129;11.1164;11.822;12.437;13.2407;14.1677;14.7618;15.2422;15.9341;16.7399;17.2887;17.6723;18.439;18.6603;19.274;19.4512;19.7269;19.9677;20.3027;20.7545;21","15;14.5132;14.031;13.5313;12.8525;12.5815;12.1437;11.6035;11.2158;10.7596;10.276;9.81313;9.24897;8.7425;8.30695;8.19356;8.08848;8.46964;8.28517;8.10488;8.26842;7.9756;8.1115;8.196;8.86626;9.22387;9.62238;9.87414;10.4523;10.8988;11.4767;11.4856;12.3723;12.7163;13.3728;14.1485;15",12.1335,"0.4;0.05;0.55"
31.577,9.35483,0.325444,"1;1.59766;2.00295;2.41368;2.71112;3.28655;3.36493;3.59599;3.89142;4.24393;4.91515;5.54821;6.11217;6.73279;7.09232;7.23663;7.52581;8.45167;9.01628;9.88314;10.6375;11.3856;11.4658;12.4079;12.7429;13.6618;14.1827;14.8476;15.6643;16.3921;17.0031;17.675;18.2765;19.0713;19.3005;19.804;19.9429;20.8753;20.9394;21.2885;21.5694;21.3969;21.2654;21","15;14.3529;14.0112;13.5036;12.6813;12.2652;11.4116;10.6315;10.3306;9.70106;8.99628;8.46735;7.72893;7.40052;7.44013;6.93258;6.49719;6.1389;5.8469;5.45115;5.16426;5.25344;5.26451;5.52659;5.5693;5.62158;5.79244;5.93688;6.49998;7.15665;7.1098;7.74143;8.34871;8.86753;9.82302;10.642;11.2078;11.5034;11.9231;12.5683;13.0548;14.0152;14.558;15",13.729,"0.4;0.1;0.5"
29.3871,13.498,0.302593,"1;1.49895;1.8953;2.24877;2.53852;2.78512;3.22171;3.63459;4.05883;4.67316;5.41392;5.98651;6.65252;6.98674;7.75969;8.54149;8.98011;9.89793;10.178;10.8825;11.8129;12.3894;13.2177;13.7601;14.317;15.2856;15.8605;16.25;16.4836;16.7558;17.3834;17.6684;18.0528;18.5578;18.6573;19.1859;19.4558;20.3056;20.4441;20.9195;20.979;21","15;14.3533;13.6665;12.7918;12.2301;11.8173;11.4171;10.7182;10.1429;9.62298;9.15965;8.62354;8.14944;7.95442;7.406;7.00139;6.85542;6.94355;6.86436;6.81391;6.70565;6.4855;6.21168;6.0732;6.16694;6.36625;6.52847;7.25167;7.75897;8.27697;8.74314;8.83463;8.96874;9.79;10.7054;11.2466;12.1947;12.6387;12.8607;13.5747;14.0478;15",13.9157,"0.4;0.15;0.45"
30.7645,11.1121,0.317478,"1;1.79273;2.05374;2.26899;2.48261;2.8116;3.13295;3.51373;3.77347;4.084;4.57808;5.19136;5.20061;5.72869;6.00847;6.24458;6.68595;7.57098;8.48158;9.00962;9.73272;10.3219;11.0507;11.3924;11.8944;12.5932;13.567;14.0469;14.7377;15.099;15.7367;16.2908;16.4194;16.8906;17.4991;18.2813;18.4414;18.896;19.5877;19.9916;20.4919;20.7515;21.0425;21","15;14.3904;13.6556;13.3806;12.6249;12.1151;11.184;10.4847;9.80081;9.40227;9.09131;8.33633;8.17335;7.42104;7.04277;6.23745;5.71429;5.33681;5.20249;5.3829;5.56279;5.59423;5.98626;6.24873;6.54679;6.64961;6.46145;6.56062;6.57033;6.80389;7.28532;8.03503;8.76248;9.35094;9.89837;10.1427;10.2869;11.1236;11.6511;12.0559;12.8525;13.6393;14.2847;15",14.6552,"0.4;0.2;0.4"
33.1485,6.51645,0.340512,"1;1.38764;1.88627;2.13498;2.54531;2.7169;2.82351;2.93367;2.97785;3.49528;3.71791;4.09763;4.79963;5.44974;6.00023;6.57603;7.2046;7.84149;8.65074;9.29559;10.1905;10.9169;11.7258;12.2338;13.0218;13.8397;14.5666;15.4368;15.7834;16.6565;17.0208;17.7503;18.0487;18.6896;18.7952;19.6464;19.9128;19.9642;20.0866;20.4155;21.0206;20.8967;21.3203;21","15;14.3367;13.5455;13.0821;12.2446;11.375;10.3956;9.40172;9.03476;8.18264;7.74787;7.33797;6.73468;6.11543;5.65472;5.45374;5.29614;5.19008;4.71153;4.52884;4.61623;4.76021;5.01911;5.26529;5.4423;5.43376;5.83279;5.67696;5.98345;6.40337;7.19443;7.52298;7.62799;8.05851;8.96774;9.387;10.2917;11.2843;11.4538;11.9616;12.7356;13.6345;14.5026;15",15.0077,"0.4;0.25;0.35"
33.0612,12.0968,0.462441,"1;1.3912;1.4918;1.64684;2.14638;2.57531;3.03316;3.59184;4.0319;4.69775;5.41577;5.9523;6.18128;6.82019;7.28193;7.59741;7.87319;8.47319;8.89334;9.62853;10.2497;10.4466;11.1881;12.0677;13.064;13.7873;14.7361;15.038;15.4011;16.2698;16.4148;17.2514;17.588;18.0603;18.2991;18.7296;18.7958;18.6314;18.4261;18.2476;18.6856;18.8177;18.8421;19.0261;19.8014;20.4553;21","15;14.3591;14.006;13.2;12.4848;11.6594;10.8997;10.0733;9.33226;8.84425;8.26115;7.91386;7.80607;7.6329;7.38894;7.28464;7.2267;7.19944;6.8193;6.20797;5.61844;5.54687;5.38378;5.49154;5.44684;5.79778;5.82493;6.11392;6.59745;6.70199;6.72783;7.20172;7.79066;8.22479;8.61142;9.4388;10.1861;11.0495;11.8002;12.3027;13.1719;14.1403;14.965;15.8284;15.8165;15.4696;15",16.9923,"0.4;0.3;0.3"
34.2865,6.15914,0.356138,"1;1.34193;1.67068;2.11023;2.37172;2.55;3.05689;2.79156;2.7722;3.26528;3.47515;3.77218;4.18031;4.66433;5.24921;5.5919;6.14497;6.69933;6.95214;7.58109;8.25039;8.87637;9.16385;10.1384;10.7333;11.4753;12.1758;12.8309;13.5419;14.1854;15.0164;15.817;16.6361;16.9669;17.342;17.8813;18.4358;18.4881;18.7236;18.8642;19.2258;19.5563;19.8116;20.2528;20.7393;21.1745;21.439;21.838;21.441;21","15;14.6469;14.2355;13.7542;13.2737;12.3831;11.6106;11.1677;10.1879;9.45416;9.03143;8.35124;7.46191;7.07679;6.35668;6.03401;6.25732;5.75663;5.60659;5.07696;4.86103;4.57966;4.62086;4.71904;4.61593;4.3205;4.50126;4.67694;4.62151;4.85971;5.03609;4.98824;5.51394;5.83728;6.38799;6.99341;7.65104;8.48355;9.43092;9.46605;10.2073;10.6581;11.1276;11.4997;12.3613;12.8388;13.4797;14.3441;14.9504;15",15.9593,"0.4;0.35;0.25"
33.7396,8.07288,0.347915,"1;1.47131;1.73701;2.24047;2.63731;3.0761;3.48238;4.04175;4.14484;4.43111;5.02512;5.58627;5.79197;6.57864;7.3458;7.93726;8.71348;9.62871;10.1342;10.681;11.4249;12.2857;12.7285;13.4007;14.2885;14.7807;15.7131;16.4986;16.9221;17.5293;18.3624;19.0675;19.1541;19.6145;19.8946;20.1973;20.4931;21.1656;21.7914;22.0583;22.1607;22.4186;22.6962;22.0218;21.1956;21","15;14.6062;13.9421;13.1494;12.2644;11.565;11.2965;10.9147;10.1229;9.30883;8.5495;7.73445;7.30558;6.87886;6.31597;6.16155;5.63174;5.68015;5.73481;5.30047;5.46456;5.28228;5.22604;5.09591;5.26244;5.42072;5.7657;6.2362;6.5139;6.99693;7.42087;7.97429;8.05563;8.66693;8.92647;9.50639;10.0374;10.5456;11.1654;11.4698;12.2174;13.0956;13.9294;14.0354;14.0507;15",16.7946,"0.4;0.4;0.2"
34.1163,5.78979,0.35077,"1;1.69017;2.1674;2.35663;2.29332;2.14041;2.37392;2.75695;2.83892;2.9765;3.3673;3.65837;4.23026;4.50519;5.07822;5.63635;6.40484;7.30827;7.54246;8.44054;9.159;9.92429;10.6978;11.6483;12.3663;13.0875;13.556;14.4224;14.9025;15.4667;16.3619;17.0761;17.8935;18.2151;18.4168;18.7416;18.9822;18.9555;19.6717;19.9415;20.1254;20.7792;21.0953;21.0725;20.8822;21","15;14.4166;13.6127;12.6567;12.4117;11.7153;11.2119;10.3214;9.60287;8.72711;7.95533;7.10475;6.46773;5.66524;5.4156;5.0815;4.79206;4.58163;4.62751;4.22484;4.0028;4.04295;4.19684;4.32509;4.45858;4.98992;5.18708;5.37823;5.80117;6.13031;6.23897;6.28347;6.6477;7.2376;7.9191;8.52943;9.04209;9.45884;10.0056;10.8014;11.2443;11.9082;12.8204;13.7361;14.3845;15",16.3045,"0.4;0.45;0.15"
32.4986,4.75341,14.4263,"1;1.39698;1.91813;2.30729;2.89124;3.16266;3.31588;3.38275;3.73388;4.3551;4.9224;5.76848;6.24941;6.77959;7.23658;7.76872;8.12045;8.9061;9.73167;10.1804;10.8628;11.6041;12.0561;12.6624;13.3968;13.9628;14.5419;15.2995;16.092;16.4818;17.4383;17.5967;17.6804;18.2008;18.7975;19.4053;19.904;20.0329;20.4656;20.7532;20.7487;20.613;21","15;15.7147;16.068;16.664;17.3521;18.2969;19.2765;19.8212;20.6683;21.4123;21.9886;22.4674;22.8063;23.3818;23.6994;24.3371;24.7906;24.8983;25.3865;25.5849;25.9304;26.2712;26.1996;25.611;25.1752;24.9313;24.4691;24.3433;23.8374;23.3214;23.0451;22.2796;21.6626;21.2659;20.6289;19.9732;19.1567;18.4521;17.7309;16.7837;16.4775;15.6809;15",16.8188,"0.4;0.5;0.1"
30.0842,6.73927,13.2493,"1;1.39488;1.80837;2.42752;2.77308;3.2166;3.47131;3.67061;3.79531;4.0264;4.42651;5.0733;5.86052;6.32257;6.95085;7.65363;8.42225;9.33131;10.2581;10.5486;11.4838;12.451;13.0034;13.8972;14.3344;15.1015;15.8668;16.0977;16.9261;17.4338;17.7508;18.1995;18.7647;19.4873;20.0424;20.1495;19.9039;20.2292;20.5404;20.7179;21","15;15.8628;16.573;17.0525;17.7174;18.4471;19.0341;19.6959;20.0708;20.5988;20.985;21.4928;22.0824;22.4681;22.7505;22.913;23.489;23.6491;23.9429;24.2529;24.5395;24.5498;24.0726;23.9339;23.716;23.2781;22.9168;22.772;22.2171;21.4832;20.8257;19.9329;19.3674;18.8179;18.617;17.8144;17.007;16.5376;15.9843;15.2802;15",16.4028,"0.4;0.55;0.05"
32.6209,5.39608,14.3643,"1;1.43232;1.7407;2.44557;3.0373;3.05345;2.94009;3.59884;3.82203;4.50697;4.66523;5.23223;5.51446;5.89161;6.32071;6.71856;7.36857;8.14257;8.78634;9.62397;10.3911;10.8067;11.2901;12.2441;12.8392;13.3662;13.8145;14.7347;15.6004;16.2429;16.4068;17.3026;17.7672;17.4485;18.1096;18.2512;18.7449;19.1479;19.3394;19.7154;19.7644;20.13;20.2382;20.4789;21","15;15.3735;16.0025;16.7004;17.5014;18.3044;19.0454;19.6962;20.5367;21.1054;21.1706;21.8232;22.4518;23.3517;24.0127;24.4333;24.8197;25.3185;25.2693;24.8708;25.0582;25.1293;25.2988;25.0184;24.6623;24.5792;24.1401;23.7805;23.7253;23.159;22.7083;22.3469;22.138;21.2694;20.9747;20.1607;19.8341;19.1106;18.4917;17.9505;17.3628;16.5155;15.8534;15.367;15",16.286,"0.4;0.6;0"
20.7108,77.9401,0.293438,"1;1.97051;2.6906;3.59107;4.43344;4.97514;5.95108;6.76954;7.54955;8.3516;9.00089;9.43721;10.3787;11.3745;11.9626;12.532;13.2599;13.9983;14.8311;15.6406;16.2364;17.0512;17.9927;18.4599;19.4477;20.3293;21","15;14.7589;14.5983;14.3275;14.3685;14.3708;14.2379;14.627;14.9063;14.6895;14.3463;14.2232;14.0406;14.132;14.1828;14.2507;14.4521;14.6105;14.8301;15.0805;14.8022;14.5181;14.8552;14.7226;14.8245;14.9932;15",9.48125,"0.45;0;0.55"
22.932,58.6283,0.245325,"1;1.85806;2.33643;2.82033;3.5371;4.30536;4.49672;5.43162;5.8789;6.21444;6.98148;7.37417;8.07247;8.46986;9.09317;10.0391;10.6487;11.2382;11.8478;12.7289;13.6697;14.3995;14.5198;15.4229;15.6934;15.8863;16.5768;17.2894;17.5905;18.1322;18.7635;19.2696;19.7437;20.6173;21","15;14.4865;14.393;14.1262;13.7644;13.3357;12.9608;12.6489;12.1558;11.7864;11.5134;11.3624;11.201;11.239;11.0674;10.8569;10.5725;10.497;10.7385;10.7297;10.8019;11.0043;11.0841;11.3286;11.5141;11.9557;12.1399;12.6037;13.4859;13.6317;13.8967;14.155;14.2091;14.694;15",13.3735,"0.45;0.05;0.5"
29.3554,15.8142,0.304088,"1;1.48193;1.83269;2.14773;2.65304;3.21929;3.81156;4.36188;5.05377;5.32058;5.6644;6.12811;6.81273;7.03464;7.58246;8.11272;8.96733;9.69187;10.3435;10.8615;11.5042;12.3908;12.5728;13.3768;13.8256;14.4288;15.3901;16.1355;16.5119;16.8647;17.168;17.0983;17.5046;17.6935;18.1393;18.9826;19.1324;19.7541;20.2215;20.8754;20.7469;21","15;14.6416;14.2032;13.3337;12.4787;11.9597;11.159;10.8368;10.3972;10.006;9.07236;8.80639;8.56637;8.32016;7.761;7.04746;6.87931;6.76572;6.78294;6.2456;6.0069;6.04727;6.116;6.41168;6.53213;6.73903;6.86346;7.44403;7.77595;8.41757;9.15921;10.0684;10.3865;10.9697;11.7973;12.0978;12.3445;13.0896;13.4422;14.1577;14.7159;15",14.9282,"0.45;0.1;0.45"
27.9311,18.0713,0.288324,"1;1.20676;1.84867;1.97261;2.07054;2.32314;2.62174;3.26658;3.91181;4.46097;5.04939;5.29585;5.90412;6.441;6.89118;7.38224;8.10139;9.02324;9.86884;10.4514;11.2192;12.1415;12.6843;13.2131;13.8312;14.2534;14.7632;15.4199;15.6641;16.204;16.9001;17.5637;18.1654;18.8185;19.2381;19.8794;20.3903;21","15;14.0216;13.2548;12.9031;12.5959;11.7225;11.4682;10.7039;10.1853;9.83487;9.19061;8.74256;8.36324;8.05979;7.57855;7.34156;6.89755;6.7646;6.75593;6.67987;6.25197;6.36284;6.48438;7.01641;7.58268;8.12747;8.52406;9.03455;9.24967;10.0643;10.6227;11.3654;12.0343;12.6559;13.0065;13.6331;14.2138;15",15.395,"0.45;0.15;0.4"
31.0871,9.41273,0.319913,"1;1.58575;2.04271;2.36857;2.4558;2.71998;2.99241;3.07228;3.7548;3.9592;4.59764;5.097;5.55977;5.88418;6.61781;7.09229;7.9264;8.55179;9.27824;10.1694;10.7749;11.2644;12.086;12.5395;13.3768;13.6038;14.5705;15.3063;15.5979;16.1741;16.9712;17.6069;18.4487;18.8536;19.4806;19.8926;19.9455;20.3359;20.6116;20.9887;20.9433;20.9591;21.0221;20.9334;21","15;14.3699;13.6239;13.1021;12.2251;11.3412;10.8453;10.1495;9.50647;9.29759;8.73776;8.34003;7.55715;7.089;6.98236;6.32288;5.89994;5.70515;5.83417;5.67157;5.78394;5.56805;5.96012;5.9091;6.16028;6.17082;6.2826;6.87949;7.14587;7.75642;8.24276;8.79058;9.13411;9.23233;9.38173;9.73363;10.4715;11.3893;11.6099;12.1405;12.6122;13.5377;13.7315;14.2616;15",15.9837,"0.45;0.2;0.35"
31.8949,8.14357,0.327158,"1;1.385;1.73742;1.99892;2.05955;2.62253;2.75705;2.90898;3.72421;4.29798;5.07798;5.42875;5.97482;6.6069;7.47416;7.98436;8.51345;8.9326;9.36821;10.2448;11.113;12.0254;12.6341;13.0691;13.9161;14.5009;15.0439;15.4178;15.9993;16.1657;16.8218;17.5106;18.0355;18.5009;19.0258;19.4001;19.5522;19.9666;20.2864;20.5743;21.061;21.1305;21","15;14.1393;13.3465;12.4581;11.6446;11.1859;10.6781;9.76895;9.31039;8.94139;8.56447;8.15857;7.63429;7.1133;6.72259;6.06427;5.92388;5.12446;4.93612;4.52948;4.43229;4.61674;4.65562;4.78828;4.89849;4.99792;5.63421;5.92409;6.59696;6.82648;7.12753;7.39798;8.1608;8.93819;9.55299;10.1855;10.8986;11.5073;12.379;12.7854;13.5659;14.3332;15",16.4868,"0.45;0.25;0.3"
33.6103,7.20706,0.351774,"1;1.89304;2.01431;2.26718;2.19365;2.6738;3.06914;3.46254;3.6712;4.06045;4.78873;5.27748;5.6208;6.31836;7.05029;7.69619;8.42136;8.7948;9.57711;10.0724;11.028;11.1887;12.1447;12.9447;13.7459;14.6699;15.6627;16.171;16.429;16.583;16.6839;17.2203;17.7921;18.2728;18.5579;18.8679;19.5483;19.2617;19.239;19.6649;20.2131;20.2841;20.2585;21","15;14.55;13.5574;12.5989;11.7603;10.9476;10.2196;9.64519;9.48992;8.7106;8.25137;7.70702;7.19848;6.59413;5.9658;5.74465;5.42736;5.05026;4.56614;4.88082;4.61099;4.59781;4.53422;4.31659;4.5576;4.55503;4.53837;4.96209;5.51026;6.24427;6.67792;7.40564;7.96291;8.27756;9.03105;9.56587;10.0987;11.0336;11.6165;12.2768;13.0139;13.9629;14.8349;15",17.3747,"0.45;0.3;0.25"
29.3086,8.72562,12.6597,"1;1.5553;2.27847;2.3901;3.02408;3.71469;3.93616;3.92008;4.07536;4.19325;4.40103;4.70095;5.39935;6.27545;6.97671;7.42391;8.17927;8.90796;9.83151;10.7438;11.7173;12.0309;12.8755;13.2975;14.2207;15.01;15.9025;16.7541;17.3233;17.9125;18.3231;18.4462;18.6906;18.8084;19.0938;19.4313;19.8785;20.2554;20.572;20.7296;21","15;15.337;15.8771;16.2494;16.8963;17.5083;18.3005;19.0062;19.3704;19.6898;20.5989;20.9865;21.5527;21.3033;21.8572;22.3879;22.7945;22.8323;23.0987;23.2819;23.2801;23.2146;23.0415;23.0618;23.15;22.9153;22.6691;22.1837;22.0761;21.5297;20.7866;20.586;20.1274;19.394;19.0351;18.3018;17.7624;17.1809;16.7969;15.8253;15",18.7748,"0.45;0.35;0.2"
30.6067,6.2213,13.1619,"1;1.57271;2.13238;2.22574;2.54896;3.06382;3.44055;3.52574;3.65412;4.0435;4.58272;4.85828;4.98462;5.3758;5.91683;6.69568;7.09758;7.88854;8.42247;8.99301;9.87822;10.5422;10.8873;11.8415;12.6075;13.2901;14.0012;14.6941;15.5514;15.9853;16.7974;17.4611;17.845;18.0742;18.2505;18.3916;18.6587;19.0101;19.4386;19.8752;20.7504;21","15;15.5557;16.1873;16.6819;17.118;17.8344;18.6545;19.3533;19.9594;20.5401;21.1418;21.482;21.6301;22.4435;22.7784;23.374;23.6944;24.2232;24.568;24.7583;25.1263;25.2357;25.1129;24.8445;24.2709;24.1693;23.7818;23.4709;23.2011;22.6252;22.2875;21.5677;20.7743;20.1983;19.3821;18.4657;17.8023;17.3023;16.4762;15.6216;15.1379;15",18.2358,"0.45;0.4;0.15"
29.4561,8.60958,12.6802,"1;1.15611;1.87359;2.16089;2.65158;2.49549;2.80441;2.95465;3.56233;3.84314;4.45225;5.02367;5.42041;6.0624;6.90927;7.50025;8.17866;9.09735;9.96061;10.826;10.9997;11.3;12.2976;13.1744;13.7662;14.4392;15.2931;15.6305;16.1969;17.1546;18.0732;18.036;17.9769;18.4183;18.8977;19.4982;19.9508;20.4873;20.8355;21","15;15.0039;15.5536;16.428;16.8812;17.7787;18.7203;18.8045;19.3819;19.7003;20.4453;21.1873;21.6297;22.1851;22.5478;23.2157;23.2602;23.6509;23.7746;23.7588;23.7595;23.7451;23.7201;23.3858;22.7109;22.3796;21.9787;21.4377;21.0671;20.8734;20.5203;20.0268;19.1065;18.2571;17.4525;17.0592;16.5896;15.7749;15.4876;15",18.3976,"0.45;0.45;0.1"
31.1495,5.14314,13.7904,"1;1.6295;1.76923;1.88983;2.42256;2.56134;2.62823;2.94131;3.39108;3.88907;4.22737;4.74124;5.12201;5.67546;6.12006;6.7622;7.34027;7.81866;8.72932;9.27484;10.1283;10.5745;11.5488;12.4939;13.215;14.0199;14.5946;15.1023;15.8594;16.4139;16.9281;17.5841;17.9771;18.3149;18.7553;19.1381;19.6662;19.7309;20.2512;20.5425;21.0883;21","15;15.6255;16.1332;16.7482;17.296;18.2863;18.8775;19.212;19.9871;20.8532;21.54;22.1285;22.5531;23.1749;23.3495;23.7936;23.9825;24.1039;24.4263;24.38;24.791;25.0077;24.9372;24.8908;24.8566;24.8957;24.6533;24.0468;23.3935;22.6558;22.028;21.7373;21.0425;20.518;19.815;19.0122;18.5351;17.8528;17.1941;16.5363;15.7677;15",17.2784,"0.45;0.5;0.05"
30.9411,6.72326,13.4506,"1;1.69152;2.12899;2.65671;2.67155;2.96248;3.17589;3.33254;3.7397;3.89501;4.16602;4.44958;5.30923;5.8593;6.53551;7.20846;7.36358;8.25414;8.96419;9.6472;10.4229;11.0238;11.5745;12.4817;12.9774;13.649;14.2632;14.9986;15.9377;16.64;17.0656;17.4508;17.9089;18.3864;18.4498;18.7795;19.1555;19.5468;20.0892;20.6356;20.6555;21","15;15.4629;15.6956;16.4492;17.0728;17.5748;18.4654;19.2902;20.1357;21.0745;21.6567;22.424;22.9252;23.253;23.6161;23.8005;23.987;24.1331;24.3226;24.426;24.4865;23.7032;23.3091;23.3029;23.673;23.5954;23.4737;22.8196;22.6978;22.0565;21.7212;21.3278;20.5545;19.8905;19.0044;18.6788;18.2763;17.4511;16.7588;16.188;15.7367;15",17.6213,"0.45;0.55;0"
20.3404,76.169,0.334254,"1;1.36026;2.34554;2.98626;3.86706;4.83423;5.73128;6.44298;7.31233;8.17148;8.89071;9.70046;10.3638;11.119;11.9828;12.8594;13.7869;14.2777;15.2592;16.1818;17.143;17.779;18.6287;19.4125;20.1346;21","15;14.9791;14.9065;14.6827;14.5127;14.5377;14.6045;14.6165;14.7474;14.4876;14.4265;14.6809;14.5257;14.4181;14.4525;14.7034;14.9189;14.8729;14.9245;15.1325;15.0138;14.9165;14.9874;15.0914;15.2506;15",10.3373,"0.5;0;0.5"
25.364,32.9489,0.266212,"1;1.58299;2.13855;2.76168;3.55935;3.98688;4.61975;4.9449;5.63197;6.24006;6.75015;7.5189;8.30588;9.0338;9.94886;10.8619;11.7264;12.4878;13.2567;13.5519;14.4474;14.9288;15.7986;16.0578;16.8039;17.6022;17.9247;18.4213;18.5535;19.0216;19.6169;19.817;20.1876;21","15;14.4108;13.981;13.283;12.9984;12.4578;11.9012;11.0521;10.3771;9.63665;9.03852;8.94485;8.63163;8.62728;8.65052;8.70186;8.82729;8.93724;9.25305;9.45718;9.57791;9.85759;10.0693;10.0787;10.4147;10.8393;11.296;12.0783;12.5096;12.9767;13.3912;13.8016;14.5689;15",14.4492,"0.5;0.05;0.45"
25.2923,34.9095,0.262656,"1;1.53957;2.04717;2.79494;3.25881;3.93109;4.71988;5.62043;6.15645;6.84762;7.00819;7.95642;8.5256;9.35159;9.84172;10.6058;11.5566;12.1741;12.7368;13.1283;13.818;14.5729;15.0536;15.697;16.521;17.2087;17.5188;18.2581;18.525;19.128;19.6183;20.4914;21.0742;21","15;14.4667;14.0011;13.3372;12.8343;12.2067;11.709;11.4473;10.9656;10.2652;10.0416;9.82145;9.62923;9.10524;8.73782;8.28746;8.3325;8.58919;8.89419;8.98084;9.09751;9.37795;9.53004;9.75801;9.90822;10.5208;11.1597;11.7779;12.0232;12.5918;13.1123;13.5716;14.2015;15",16.2422,"0.5;0.1;0.4"
30.2794,10.8839,0.313348,"1;1.41261;1.53454;1.7462;1.99794;2.07215;2.39485;3.00725;3.48065;4.10753;4.27267;4.60816;5.06938;5.9395;6.83267;7.77497;8.42099;9.31072;10.0352;11.0082;11.3408;12.0486;12.7539;13.2621;14.0793;14.3082;15.0526;15.6883;16.4908;16.7804;17.413;17.8657;18.3662;18.7942;18.8451;19.1806;19.6166;19.7521;19.919;19.9911;20.4543;20.7227;21","15;14.3474;13.8296;12.8913;12.0647;11.6924;10.7892;10.4864;10.0712;9.65419;9.15658;8.33504;7.58823;7.11082;6.83008;6.81409;6.21662;6.00768;5.97886;5.87521;5.95411;6.06653;5.88712;6.02666;6.52286;6.52077;7.13346;7.83612;8.14681;8.33394;8.53345;8.80986;9.16193;9.78099;10.2037;11.0081;11.6303;11.9993;12.9417;13.8737;14.3744;14.9075;15",16.8819,"0.5;0.15;0.35"
30.6309,13.0273,0.314825,"1;1.27798;1.38621;1.82218;2.38315;2.61464;2.84422;3.0212;3.44348;3.4927;4.39298;5.21327;5.87829;6.27821;6.95379;7.26095;7.94379;8.79908;9.54714;9.98274;10.7582;11.6809;12.5684;13.0882;13.8353;14.6616;15.6407;16.1342;16.7574;17.3697;17.5791;18.2666;19.1331;19.8228;20.5802;21.0378;21.0906;21.4439;21","15;14.0394;13.0453;12.2965;11.4687;10.6829;9.71512;9.43794;8.54864;8.42657;8.10527;7.54106;7.01284;6.87416;6.25949;6.0233;5.99369;5.7068;5.72135;6.05127;6.24484;6.409;6.58305;6.81516;7.44809;7.95826;8.04625;8.84592;9.3881;10.0772;10.3408;10.8648;10.9227;11.2465;11.873;12.602;13.4184;14.2705;15",18.0154,"0.5;0.2;0.3"
32.4323,7.73704,0.332767,"1;1.35906;1.52332;1.95815;2.42757;2.49722;2.71756;3.1031;3.73057;3.93553;4.55427;5.12381;5.77054;6.33803;6.87184;7.62197;8.38334;9.1884;9.99049;10.7506;11.2901;12.2024;13.0197;13.552;14.2431;15.1887;15.9467;16.4036;16.5487;17.1712;17.9457;18.5175;19.0615;19.5762;20.2121;20.7535;21.0301;21.2585;21.2067;21.1004;21.0326;21.0768;21.2747;21","15;14.2619;13.4046;13.1084;12.3276;11.6272;11.1922;10.4453;9.76626;8.8052;8.09075;7.90098;7.24871;6.53164;5.70987;5.33389;5.42704;5.69492;5.4559;5.48411;5.54419;5.50714;5.60706;5.79071;6.0262;6.09528;6.25957;6.14123;6.1823;6.84843;7.3162;7.65547;8.15885;8.54643;9.08249;9.77587;10.2891;11.2232;12.0094;12.8303;13.1466;13.9704;14.2196;15",18.2336,"0.5;0.25;0.25"
32.7512,8.54653,0.340263,"1;1.33807;1.31527;1.53999;1.50568;1.73591;2.04825;2.45199;2.87978;3.58444;3.81248;4.37359;4.99691;5.59681;5.92233;6.85565;7.66183;8.53183;9.29509;9.69079;10.607;10.8593;11.6275;11.9822;12.5049;13.3975;14.1549;14.9766;15.6662;16.2862;17.1175;17.8488;18.0749;18.4633;18.6049;19.0543;19.252;19.8514;20.7996;20.8516;21.2565;21.0672;21.5043;21","15;14.4677;14.0182;13.3069;12.3574;11.4652;11.1786;10.355;9.70867;9.03764;8.37462;8.1288;7.34684;6.62762;6.33285;6.17628;5.78128;5.39207;5.08634;4.72634;4.40433;4.45051;4.54822;4.78302;5.05596;5.48693;5.97183;6.53069;7.08962;7.69298;8.09784;8.74578;9.02724;9.85322;10.6482;11.1853;11.4363;11.9142;12.0959;13.033;13.2526;14.2179;14.9349;15",19.0076,"0.5;0.3;0.2"
28.2437,8.97489,12.1739,"1;1.2582;1.75023;1.873;2.49809;2.90975;3.23856;3.84931;4.33194;4.57952;4.94506;5.43949;5.9285;6.70988;7.38647;7.87704;8.76236;9.45376;10.2973;10.9127;11.8545;12.5749;13.386;13.7247;14.3832;14.7526;15.6453;16.4502;17.0127;17.2461;17.8199;18.1346;18.9971;19.1358;19.5162;19.797;20.0438;20.5457;21","15;15.2005;15.6506;15.7944;16.4888;17.3403;17.8982;18.6547;19.2251;19.4596;20.305;21.0103;21.629;22.0556;22.6681;22.7113;22.933;23.2365;23.437;23.2985;23.483;23.2397;23.2236;23.0341;22.4967;22.1664;21.9942;21.4054;21.0907;20.76;20.5343;19.9747;19.519;19.1304;18.3232;17.3848;16.4808;15.7765;15",19.0891,"0.5;0.35;0.15"
28.9078,9.50956,12.3115,"1;1.86676;1.97575;2.06293;2.35562;2.72492;2.62678;3.19498;3.64195;3.78997;4.60207;5.25579;5.69805;6.2656;7.10088;7.94962;8.30775;9.1059;9.98085;10.5674;11.4405;12.0491;12.9788;13.2611;14.1799;14.8731;15.5939;16.1687;16.5848;16.7814;17.3311;17.9487;18.5633;18.9005;19.1629;19.989;20.6101;20.8001;21","15;15.4987;16.4928;16.9666;17.5079;18.3031;19.2983;19.9709;20.6317;21.0267;21.5769;21.911;22.336;22.7401;23.0376;23.3952;23.6061;23.3926;23.4222;23.2311;23.2663;23.1586;22.831;22.9233;22.5862;22.1173;21.5754;21.0973;20.2127;19.7748;18.9743;18.2265;17.6694;16.8028;16.6697;16.231;15.6148;15.5102;15",19.4889,"0.5;0.4;0.1"
30.6484,6.3562,13.4777,"1;1.28559;1.86503;2.1614;2.26212;2.47247;2.78447;3.01297;3.15756;3.60653;3.91514;4.70446;5.42776;5.66224;6.2178;6.29006;6.84525;7.26646;8.23462;9.23383;10.1045;10.7126;11.3454;11.9825;12.466;13.2348;13.852;14.607;15.1191;15.7175;16.4961;16.703;17.5149;18.1523;18.6323;19.1445;19.832;20.1476;19.9687;20.2081;20.37;20.7852;21","15;15.1886;15.5832;16.1725;16.526;17.4546;18.3063;18.8374;19.7433;20.4908;20.7956;21.1679;21.8584;22.1483;22.8843;23.0482;23.7208;24.1933;24.4436;24.4038;24.0259;23.8921;24.0238;23.6733;23.7404;23.7819;23.2354;23.0907;22.7421;22.0887;21.9901;21.9514;21.5261;21.1921;20.5938;19.987;19.2655;18.8287;18.2441;17.4195;16.5864;15.7895;15",18.8584,"0.5;0.45;0.05"
30.7076,5.53543,13.5036,"1;1.27579;1.95962;2.28756;2.72571;2.83082;3.06103;3.39815;3.83118;4.35578;4.9289;5.53572;6.04883;6.10155;6.52619;6.97732;7.56702;8.37106;9.2829;9.73526;10.5355;11.4591;11.7493;12.6444;13.2061;14.0311;14.9974;15.5489;16.062;16.5045;17.0601;17.7908;18.1362;18.5788;18.6888;19.4372;19.8049;20.0496;20.4709;20.4403;20.6594;20.6807;20.7351;21","15;15.0899;15.805;16.4695;17.3607;18.0559;18.5595;19.2454;19.7855;20.5966;21.3878;21.6099;22.3937;22.5121;23.363;23.4488;23.599;23.9042;24.2412;24.4336;24.6341;24.5531;24.7169;24.6898;24.7527;24.52;24.367;23.7106;23.1083;22.7073;22.3055;21.6482;21.0421;20.4406;20.042;19.4799;18.8255;18.4202;17.8739;17.0638;16.2596;16.0574;15.4545;15",18.1215,"0.5;0.5;0"
20.8505,78.1049,0.253145,"1;2;2.47977;3.00424;3.69676;4.59611;5.2594;5.92848;6.61331;7.22091;8.1563;9.09706;9.85679;10.2217;10.7101;11.3936;12.2378;12.9429;13.581;14.287;14.9472;15.643;16.4977;17.1167;17.6344;18.523;19.0895;19.9377;20.3118;21","15;15;14.9928;14.9313;14.6125;14.5977;14.3924;14.1226;13.6583;13.4456;13.3787;13.3911;13.638;13.6078;13.8702;13.704;13.7173;13.7223;13.8905;13.9979;14.1092;14.0237;13.7928;13.8959;14.0263;14.1268;14.4094;14.4291;14.4175;15",11.5817,"0.55;0;0.45"
21.1905,78.246,0.267022,"1;1.50958;2.31653;3.01275;3.97969;4.57521;5.42529;6.18367;6.98046;7.74061;8.7369;9.62595;10.6198;11.4587;12.4531;12.966;13.6925;14.6592;15.3272;15.81;16.7408;17.2834;18.0521;18.8834;19.1798;20.1666;21","15;14.6474;14.635;14.0509;13.911;13.7716;13.6907;13.0439;13.2941;13.3701;13.3522;13.3773;13.3253;13.8171;13.8634;13.9182;13.8633;13.9314;14.1633;14.2692;14.4559;14.9262;15.2327;14.9536;14.8388;14.7441;15",15.6739,"0.55;0.05;0.4"
26.625,25.6745,0.280961,"1;1.25194;1.90267;2.60657;3.30093;3.80802;4.24311;4.696;5.2905;5.70333;6.37943;6.81901;7.30392;7.88544;8.77678;9.66775;10.2935;10.4807;11.2078;12.0594;12.9224;13.7129;14.2845;14.6392;15.0117;15.5046;16.3545;17.1696;17.6376;17.8051;18.4227;18.8696;19.5029;20.2046;20.9768;21","15;14.766;14.071;13.6937;13.2864;12.5338;11.9618;11.4969;10.8179;10.3456;9.6146;9.54678;9.01106;8.44696;8.12216;7.79807;7.13597;7.09513;7.01192;7.28245;7.58695;7.74561;8.08614;8.54069;8.86131;9.71372;10.1664;10.683;11.5384;11.9152;12.5479;13.2841;14.0492;14.7373;15.0126;15",17.3095,"0.55;0.1;0.35"
32.8449,8.32235,0.336942,"1;1.01022;1.5795;1.51173;1.33621;2.01273;2.42964;2.83917;3.31257;3.71736;3.99098;4.26723;4.78125;4.79469;4.86299;5.21904;6.13465;6.74676;7.37386;8.32631;9.24098;9.68379;10.4552;11.3363;11.9574;12.315;13.1724;14.0386;14.407;15.2575;15.7208;16.3915;16.4437;17.2066;17.6521;18.145;18.9328;19.3895;19.7187;20.1413;20.3299;20.6002;20.6556;20.7633;21.0651;21.2741;21","15;14.3586;13.9511;13.2296;12.3381;11.8293;11.3637;10.5008;9.8929;9.057;8.51007;8.10018;7.31627;6.8733;6.25438;5.81075;5.54292;5.3127;5.20519;4.98438;4.94406;4.77115;4.85563;5.05806;5.20715;5.29374;5.78254;5.97803;6.23037;6.28227;6.9189;7.26382;7.84133;8.35221;8.39292;8.70394;8.95255;9.78489;10.1455;10.7827;11.2923;11.8346;11.9973;12.9906;13.5357;14.4391;15",19.4141,"0.55;0.15;0.3"
30.4066,9.99307,0.313199,"1;1.19374;1.52867;1.97008;2.22326;2.68577;3.21995;3.42273;3.77758;4.33676;5.06393;5.69423;5.976;6.26746;7.11442;7.99228;8.92526;9.45143;10.2399;11.0406;11.8601;12.7531;13.4604;14.1529;14.9816;15.6825;16.3985;17.0984;17.3036;17.9892;18.4267;18.6272;19.2392;19.4955;19.554;19.4923;19.9582;20.4185;20.5408;20.8039;21","15;14.7771;14.2357;13.5161;13.1391;12.2525;11.658;11.1795;10.3627;9.70677;9.2057;8.82416;8.30892;7.45984;6.92818;6.44926;6.08933;6.03324;5.83648;5.84166;5.83382;5.92359;5.86052;5.79062;5.82066;6.05025;6.32606;7.00561;7.12631;7.48306;8.34331;9.02413;9.72086;10.1311;11.0765;12.0467;12.5717;13.124;14.0182;14.6427;15",18.8006,"0.55;0.2;0.25"
29.9762,13.6159,0.309058,"1;1.68865;2.02036;2.69896;3.15319;3.66041;3.90865;4.24551;4.61822;5.05854;5.19526;5.8846;6.03815;6.80959;7.56335;7.77568;8.60111;9.22287;9.54551;10.3563;11.2813;11.4299;12.3485;13.1174;13.3405;13.9299;14.2537;14.671;15.0497;15.9797;16.6883;17.0079;17.6505;18.2061;18.6206;19.298;19.9081;20.5016;20.6609;20.8095;21.1834;21","15;14.2749;13.8709;13.1395;12.5914;12.0308;11.1469;10.4871;9.92297;9.29311;8.60027;8.04705;7.59867;7.19694;6.90747;6.7372;6.51861;6.18976;5.98363;5.62567;5.81231;5.68307;5.3152;5.76165;6.02997;6.75569;7.20515;8.05443;8.40802;8.55636;9.05961;9.58298;10.1309;10.2702;10.7784;11.2539;11.9119;12.5275;12.7373;13.2204;14.0573;15",19.9527,"0.55;0.25;0.2"
29.3654,13.7713,0.304105,"1;1.5081;1.87969;2.23136;2.7477;3.03232;3.15209;3.44959;3.82397;4.41184;4.51313;5.1693;5.81414;6.69639;7.40619;7.84124;8.52905;8.99938;9.84092;10.7195;11.3727;11.7696;12.3267;13.25;14.019;14.8198;15.13;15.7363;16.2128;16.8391;17.064;17.3819;17.7075;18.1021;18.6946;19.0403;19.2612;19.7617;20.2597;20.6746;21.1624;21","15;14.6203;13.8352;13.1243;12.2842;11.3645;10.8555;10.0442;9.86144;9.14194;9.05829;8.81042;8.0461;7.84349;7.96316;7.1281;6.72203;6.48444;6.34014;6.32654;6.38326;6.50648;6.68305;6.40956;6.67272;7.02701;7.19655;7.51496;8.00104;8.59672;9.30119;9.69412;10.1245;10.6815;11.4516;12.1286;12.9162;13.1252;13.7612;14.222;14.5884;15",20.328,"0.55;0.3;0.15"
29.767,6.65461,13.0307,"1;1.71971;2.25647;2.67103;2.89744;2.97472;3.2645;3.49962;3.78223;4.22042;4.52867;5.3891;6.24146;6.67342;7.27258;8.14658;8.27118;9.13372;9.96315;10.9234;11.854;12.3799;13.0103;13.5356;14.4528;15.2027;15.7654;16.3278;17.0565;17.5294;18.0746;18.816;19.2873;19.7383;20.3639;20.6688;21.0669;21.0998;20.8178;21","15;15.6351;16.3407;16.8674;17.6993;18.0048;18.7825;19.2921;19.9548;20.6948;21.0037;21.4335;21.7721;22.2634;22.927;23.1781;23.2964;23.4103;23.9256;24.2039;24.2925;24.2779;23.9379;23.7211;23.3851;23.0456;22.5656;22.2489;21.9078;21.5531;21.0839;20.5224;19.9106;19.1723;18.4524;17.688;17.1701;16.1793;15.2839;15",20.004,"0.55;0.35;0.1"
30.8848,6.76765,13.3382,"1;1.20016;1.76204;2.35561;2.92166;2.99023;3.20946;3.4571;3.98372;4.47536;5.09185;5.67229;6.14271;6.7146;7.64008;7.80521;8.12544;9.02138;9.53858;10.3712;10.7827;11.2652;12.0426;13.028;13.7933;14.0847;14.8559;15.3314;16.2091;16.4433;17.2744;18.1969;18.6117;18.7509;19.375;19.8731;19.9597;20.075;20.1867;20.2264;20.1475;20.2442;21","15;15.5201;16.0942;16.8869;17.7059;18.5669;19.4831;20.3778;20.9253;21.4957;21.973;22.5122;22.952;23.1591;23.5073;23.5195;23.418;23.602;23.769;23.6064;23.6699;23.6828;23.5065;23.3484;23.1803;23.0165;22.9713;22.8376;22.5283;22.5105;22.4298;22.2397;21.7536;20.9348;20.3828;19.5435;18.6775;18.2534;17.6224;16.7358;15.9089;14.9681;15",20.3606,"0.55;0.4;0.05"
29.5464,8.03359,12.8476,"1;1.48792;2.10456;2.53708;2.83978;3.18357;3.38067;3.63426;4.1419;4.5213;5.30607;5.71405;5.89514;6.724;7.27095;8.09073;8.71851;9.35658;9.82512;10.5585;11.4432;12.0679;13.0567;13.7321;14.6798;15.2398;15.9237;16.5952;17.3471;17.3895;18.2895;18.5504;18.8671;19.1118;19.5236;20.0989;20.3799;20.6617;20.9226;21","15;15.3159;15.7197;16.566;17.116;17.7994;18.3504;19.2344;19.6763;19.7311;20.315;21.0907;21.1694;21.6999;22.1797;22.7196;23.2216;23.291;23.1913;23.5411;23.9121;23.954;23.8752;23.4226;23.2326;23.1896;23.1201;22.4561;22.1537;21.1604;20.7521;19.9778;19.6935;18.8974;18.1255;17.6301;16.8483;16.019;15.1012;15",19.8656,"0.55;0.45;0"
20.5967,76.1114,0.367608,"1;1.42683;2.38638;3.30632;4.26965;4.74831;5.5463;6.34892;6.93939;7.43476;8.3782;9.26996;9.78543;10.5549;11.2404;11.9145;12.374;13.1483;14.1383;14.9741;15.9699;16.8216;17.2564;18.0947;18.8739;19.7071;20.3837;21","15;15.1672;15.0589;15.0727;14.8755;14.9658;15.0374;14.9793;14.8835;14.9903;14.6681;15.1144;15.1212;14.8639;15.0517;15.0882;15.1522;14.9921;14.8907;14.4539;14.4235;14.3849;14.389;14.4768;14.8986;14.8098;14.8113;15",12.5051,"0.6;0;0.4"
20.8591,70.7087,0.966044,"1;1.93188;2.66385;3.4459;4.15812;4.89961;5.34393;5.69763;6.58167;7.24812;7.6165;8.36305;8.89012;9.5586;10.3129;11.2073;11.5189;12.3855;12.7446;13.552;14.4564;15.3545;15.9243;16.8553;17.6207;18.5881;19.4895;20.101;21","15;15.3628;15.3886;15.1885;15.3313;14.8377;15.013;15.1503;15.4527;15.685;15.7066;15.9471;16.12;16.0571;16.1384;16.0677;16.122;15.7713;15.7788;15.417;15.0794;15.0511;14.9518;14.614;14.5395;14.529;14.51;14.5931;15",16.389,"0.6;0.05;0.35"
29.0072,20.6789,0.306446,"1;1.43613;1.46568;1.66746;1.95176;2.19747;2.47093;2.96408;3.48876;3.93767;4.61094;5.23057;5.61765;6.25748;7.0404;7.70817;8.27989;8.76928;9.44481;10.3705;11.3105;12.093;12.2753;13.1973;13.7005;14.2299;14.6759;14.9557;15.7591;16.2874;16.3926;16.6043;17.0076;17.5275;18.2061;18.4364;18.6816;19.1977;19.964;20.4012;21","15;14.3284;13.7485;13.3022;12.5774;12.068;11.6419;11.185;10.6935;9.99063;9.27478;8.67951;8.4228;8.27429;8.35266;7.95261;7.15921;7.00453;6.82237;7.10279;6.9728;6.61714;6.70997;7.00143;6.94058;7.17996;7.63652;8.58273;9.11641;9.54569;10.2223;11.1915;11.9271;12.3299;12.8842;13.601;14.2516;14.2517;14.534;14.9515;15",19.5641,"0.6;0.1;0.3"
29.3033,20.3877,0.314381,"1;1.59452;1.86502;2.16023;2.41737;2.67399;3.18296;3.4815;4.23489;4.90614;5.67364;6.12563;6.98383;7.6529;8.09257;8.90121;9.75447;10.012;10.8137;11.5501;11.8656;12.1373;12.5554;13.2804;14.1369;14.973;15.8086;16.1559;16.8523;17.3288;17.7469;18.6247;19.2208;19.4613;20.1485;20.3822;20.7977;21.1202;21.7952;21.8165;21.5503;21","15;14.34;13.4552;12.7389;12.0215;11.7214;11.2325;10.8231;10.3952;9.93795;9.45784;8.9543;8.51758;8.435;8.19705;8.17265;7.65983;7.27001;7.44052;7.25985;7.34738;7.43188;7.56546;7.65282;7.79079;7.96476;8.25334;8.95668;9.45025;10.0486;10.5006;10.7151;11.2788;11.9235;12.4753;13.3379;13.5043;13.664;13.956;14.5364;15.262;15",20.7187,"0.6;0.15;0.25"
24.6514,21.7776,10.2753,"1;1.64237;2.27463;2.65909;3.34744;3.60876;4.35137;5.22257;5.96811;6.75611;7.47361;8.14783;8.82582;9.59199;10.4148;11.1777;11.949;12.5705;13.3039;13.9142;14.2538;14.9318;15.3071;16.2237;17.0332;17.826;18.4426;19.0221;19.2441;19.7641;20.0565;20.7395;21","15;15.7275;16.3671;17.2246;17.7265;17.9614;18.3278;18.7366;19.4031;19.9674;20.2994;20.4178;20.7089;20.9866;20.7243;20.7928;20.8211;20.7774;20.6965;20.5293;20.3612;20.2833;20.1268;19.7452;19.1581;18.7692;18.2379;17.5573;16.813;16.6196;16.2207;15.6037;15",21.2014,"0.6;0.2;0.2"
29.9623,11.3675,0.309156,"1;1.63289;2.05663;2.52971;2.68673;2.91984;3.0217;3.39998;3.73747;4.09272;4.39169;5.04163;5.83288;6.38102;6.90504;7.31159;8.07255;9.04332;9.65374;10.5743;11.5321;12.4784;13.0407;13.525;14.0223;14.8625;15.6984;15.9864;16.5343;17.2527;17.74;18.213;19.0143;19.2551;19.8718;19.9312;20.2036;20.4633;20.5762;20.5754;21","15;14.2258;13.32;12.5854;12.0259;11.3534;10.8254;10.24;9.32675;9.02564;8.45952;8.04639;7.58446;7.05786;6.66468;6.45473;6.19467;5.99088;5.79258;5.90256;5.95424;6.0176;6.50538;7.05944;7.459;7.75077;7.79666;7.79823;8.06797;8.7184;9.35883;9.94345;9.99623;10.8616;11.3649;11.7609;12.7086;13.3057;13.9869;14.4357;15",20.8656,"0.6;0.25;0.15"
27.6687,10.3659,11.9032,"1;1.40864;2.07407;2.69832;3.17872;3.62204;4.20501;4.70846;5.20619;5.61605;6.37055;6.78966;7.34059;8.12249;8.3606;9.11651;9.68546;10.4756;11.3104;12.2733;12.9192;13.2548;14.1033;14.9334;15.6519;16.3296;16.583;17.1135;17.4;17.9965;18.8025;19.2586;19.6548;20.0801;20.382;20.5369;21","15;15.8385;16.2428;16.7318;17.5817;18.1512;18.9324;19.6035;20.0524;20.4149;20.8299;21.1671;21.5334;22.1214;22.3714;22.8922;23.1269;23.1648;23.3705;23.3294;23.2305;23.1345;23.0698;22.6175;22.0495;21.5565;20.7907;20.3257;20.1936;19.4799;19.1358;18.2853;17.6702;16.9455;16.222;15.6215;15",20.9013,"0.6;0.3;0.1"
29.9521,10.5541,13.0321,"1;1.22858;1.87082;2.23263;2.86137;3.1076;3.79526;4.52832;5.22189;5.70963;6.46387;7.20272;7.77503;8.44588;9.19761;9.74013;10.3711;11.1268;11.7808;12.7148;13.0667;13.658;14.4659;15.1342;15.9155;16.8043;17.6133;18.026;18.2979;18.7668;19.2122;19.5986;20.099;20.5444;21.3596;21.6017;21.7457;21.7598;21","15;15.9735;16.6301;17.3488;18.0025;18.773;19.4991;19.8509;20.5144;21.0639;21.2934;21.585;21.6354;21.6824;22.1808;22.8357;23.3562;23.3084;23.765;23.4304;23.533;22.9467;22.3778;21.8337;21.5412;21.4369;20.9754;20.7229;20.0481;19.2511;18.6306;18.1822;17.6921;17.2921;17.2405;16.6613;15.8495;15.4379;15",22.3168,"0.6;0.35;0.05"
30.32,7.48431,12.9447,"1;1.23273;1.80114;2.06579;2.6665;2.92617;3.07044;3.23473;3.63691;3.99183;4.40081;4.80473;5.26493;5.7557;6.06455;6.68813;7.37829;8.12985;8.85357;9.54601;10.3528;10.9114;11.3217;12.1159;12.7646;13.6275;14.4693;14.7305;15.618;16.2303;16.6187;17.095;17.7537;17.8857;18.7505;19.0022;19.6525;19.8677;20.4223;21.1337;21.7044;21.5074;21","15;14.9354;15.7563;16.1669;16.702;17.4924;18.4348;18.7034;19.5767;20.068;20.4589;21.3324;21.6541;21.9217;22.2826;22.9962;23.1456;23.6688;23.8224;23.9031;23.8552;23.7119;23.4957;23.5572;23.3485;23.2975;23.0827;22.902;22.4468;21.8389;21.6151;20.9495;20.4437;19.695;19.3495;18.6569;18.0825;17.7494;17.1799;16.691;15.8714;15.1112;15",21.1857,"0.6;0.4;0"
20.9455,78.5593,0.271748,"1;1.94908;2.62275;3.35205;4.00402;4.98734;5.63591;6.55863;7.27843;8.09115;8.47193;9.22919;10.1051;10.9611;11.1466;12.068;12.818;13.7279;13.9853;14.4339;15.3641;15.5095;16.4873;17.3722;17.6713;18.6254;19.3987;20.2321;20.9336;21","15;14.685;14.6668;14.6659;14.6543;14.8347;14.9255;15.0629;14.9011;14.7738;14.6514;14.371;14.0425;13.8514;13.8347;13.7814;14.1718;14.0644;13.8483;13.7692;13.6632;13.568;13.4727;13.5254;13.5679;13.6817;13.8712;14.3312;14.7634;15",13.7097,"0.65;0;0.35"
20.6832,67.5378,1.39738,"1;1.63891;2.42178;3.27059;3.94997;4.21175;4.91819;5.35394;6.32121;7.06963;8.02744;8.4803;9.29546;9.59849;10.3504;11.0668;11.3015;12.0486;13.0244;13.3026;14.1674;14.4051;15.3165;16.0148;16.9394;17.7951;18.2509;18.7798;19.4483;20.1227;21","15;14.9864;14.6509;14.9987;15.3319;15.4396;15.4014;15.4549;15.4929;15.7106;15.8703;15.9326;15.9628;16.1273;16.3242;16.2489;16.1849;16.0556;15.9936;16.0596;15.85;15.7723;15.9133;15.7655;15.6277;15.7588;15.7329;15.3714;15.0708;14.8876;15",17.2402,"0.65;0.05;0.3"
24.7243,40.1141,0.257923,"1;1.75007;1.91028;2.38434;2.6621;3.52554;4.23996;4.76546;5.12447;5.88684;6.55198;7.35688;7.85817;8.62019;9.29552;9.79594;10.5663;11.1762;11.7652;12.3837;13.332;14.0105;14.6767;15.2081;15.7572;16.4853;17.3829;17.9736;18.7316;19.3295;19.6962;19.6803;20.2507;20.5811;21","15;14.3655;14.1331;13.3749;12.6213;12.3837;11.872;11.2463;11.0123;10.461;10.1359;9.81743;9.53363;9.49732;9.60267;9.52121;9.4319;9.47879;9.40915;9.39773;9.59276;9.8046;9.94742;10.388;10.8499;11.4702;11.5168;11.9203;12.1936;12.2694;12.8089;13.3991;14.0185;14.4747;15",20.1467,"0.65;0.1;0.25"
26.6844,23.0783,0.276372,"1;1.29021;1.85776;2.54253;3.03776;3.29116;3.90938;4.6795;5.01777;5.69304;6.11792;6.49473;6.8045;7.65001;8.09521;8.99852;9.61153;10.5791;11.5427;11.9054;12.7141;13.3177;14.0593;14.9188;15.6542;16.0799;16.6085;17.2671;17.6614;17.7848;18.3987;18.8563;19.2588;19.852;20.4212;20.5805;21","15;14.043;13.2448;12.5923;11.785;11.553;10.9678;10.429;10.2423;9.62193;8.99579;8.89992;8.71249;8.26165;8.04102;7.87042;7.81447;7.65598;7.92144;7.8636;7.82384;7.6274;8.28481;8.64278;8.85308;9.08609;9.60298;10.2195;11.0628;11.1013;11.8074;12.4988;12.6567;13.2791;13.9568;14.6821;15",20.8619,"0.65;0.15;0.2"
29.4677,16.1261,0.303934,"1;1.44534;2.12215;2.82505;3.00778;3.2678;3.73086;4.04674;4.49975;5.02396;5.38379;5.75386;6.29003;6.83621;6.95528;7.53104;8.06024;9.04923;9.86948;10.7872;11.7656;11.8373;12.814;13.3567;13.5489;14.4649;15.1652;15.826;16.2267;17.1439;17.3293;18.0014;18.9032;19.3153;20.0914;20.43;20.9176;20.9515;20.8622;20.92;21.025;20.8522;21","15;14.3432;13.9913;13.5897;12.888;12.1667;11.4147;11.2557;10.7258;10.132;9.77215;9.45459;9.15064;8.40062;8.2082;7.57146;6.87998;6.94695;6.79936;6.89335;6.98896;6.99477;7.03545;7.36462;7.32474;7.5754;7.74511;7.97483;7.9505;8.18034;8.77554;8.93118;9.19277;9.53967;9.977;10.6089;11.1902;11.3242;12.2764;13.0314;13.9755;14.1792;15",22.4248,"0.65;0.2;0.15"
27.8884,12.6446,12.1838,"1;1.27327;1.77493;2.18503;2.61394;3.29997;3.74572;4.38178;4.5282;5.31023;5.98679;6.60872;7.43765;7.9484;8.59801;9.48848;10.3676;10.6472;11.6114;12.1723;13.049;13.8295;14.4574;15.3751;16.2038;16.574;16.7713;17.0839;17.7551;18.5274;19.2431;19.7916;20.1707;20.7497;20.8719;21","15;15.94;16.5843;16.773;17.5871;18.2101;18.5915;18.9227;19.6387;20.2324;20.7192;21.4276;21.4568;22.1664;22.6479;23.0453;23.3014;23.2713;23.0172;22.4619;22.0833;21.7497;21.4701;21.5163;21.1265;20.6609;19.8337;19.3358;18.807;18.5294;17.9931;17.4893;17.098;16.3103;15.4984;15",22.507,"0.65;0.25;0.1"
29.6537,8.24056,12.9132,"1;1.34208;1.71396;2.36979;2.5423;2.99047;3.08583;3.53688;4.15436;4.74975;4.91215;5.33238;5.64355;5.98093;6.47421;6.68335;7.34525;7.9012;8.3731;9.1206;9.72122;10.3091;10.8761;11.6436;12.3322;12.8696;13.5621;14.3284;15.0226;15.8626;16.2586;16.8649;17.251;17.2785;17.9429;18.7265;19.3467;19.7383;20.201;20.3319;20.2437;20.5251;20.8611;21","15;15.2554;15.5991;16.098;16.8761;17.6697;17.7864;18.3359;19.0402;19.4323;19.8892;20.4302;21.0621;21.4987;22.265;22.4588;23.0948;23.6182;24.2519;24.0159;24.0323;23.9103;23.9885;23.9193;23.9287;23.6916;23.3325;22.8896;22.2857;22.0541;21.4816;20.9646;20.506;19.9106;19.5486;19.3861;18.9248;18.5322;18.2309;17.3982;16.9121;16.0315;15.3091;15",22.3928,"0.65;0.3;0.05"
27.929,9.98197,12.1152,"1;1.24201;1.54792;1.93517;2.21891;2.38177;2.60977;3.05417;3.45885;4.02851;4.62487;5.1696;6.14173;6.9461;7.84869;8.69549;9.30293;10.1281;10.9673;11.7271;12.2096;13.0083;13.7838;14.4875;14.9539;15.5029;15.8155;16.3238;16.5656;17.4769;18.1838;18.5253;19.0219;19.5295;19.899;20.1619;20.2082;20.2887;21","15;15.2235;15.6952;16.4576;17.1879;17.8271;18.6086;19.1646;19.6308;20.0998;20.491;21.2202;21.4338;21.8699;22.1531;22.4543;22.7263;22.8572;22.934;23.0911;23.0544;22.8212;22.54;22.1462;21.9717;21.7499;21.6193;21.1664;20.6441;20.2334;19.7207;19.3882;18.9319;18.5809;17.8959;17.3028;16.4472;15.5433;15",21.6475,"0.65;0.35;0"
20.9872,77.8007,0.517083,"1;1.9958;2.85054;3.22784;3.88715;4.36302;4.983;5.47046;6.33185;7.26866;7.48647;8.30451;9.16738;9.96332;10.0838;11.0151;11.5858;12.393;13.3638;13.8396;14.7518;15.0992;15.8259;16.8099;17.5226;17.7558;18.6247;19.2323;20.1561;21","15;14.9085;14.8584;14.7283;14.9446;14.609;14.2273;14.0441;13.6972;13.6019;13.5596;13.6863;13.8381;14.2529;14.243;14.6073;14.5822;14.5284;14.7522;14.9945;15.0475;15.1104;15.3095;15.4708;15.7317;15.7954;15.9901;15.7328;15.3498;15",14.8462,"0.7;0;0.3"
20.8042,65.3059,2.52582,"1;1.47615;2.39817;2.67761;3.40145;3.77918;4.67712;5.01804;5.84743;6.82882;7.53531;8.40167;9.0835;9.73733;10.6043;11.2914;11.7845;12.779;13.6085;14.1411;14.7944;15.7389;16.1396;16.8483;17.3889;18.3597;19.1985;19.9632;20.5468;21","15;14.9973;14.9686;14.9471;15.2362;15.2939;15.3568;15.6047;15.6182;15.4707;15.6771;15.9442;16.1548;16.4655;16.6641;16.8262;16.8319;16.7655;16.2693;16.5245;16.4435;16.218;16.2015;16.106;15.8879;15.8037;15.3649;15.2635;15.0532;15",18.4597,"0.7;0.05;0.25"
21.1932,55.7019,5.22634,"1;1.2468;2.13081;2.76073;3.69849;4.40107;4.9876;5.88691;6.29053;7.18058;8.16204;8.97483;9.94071;10.8701;11.8674;12.553;13.5295;14.4484;14.9343;15.8026;16.7217;17.1836;17.9978;18.8294;19.6786;20.1229;20.9492;21","15;15.1482;15.2476;15.3712;15.4589;15.7901;16.0753;16.5127;16.6092;16.8571;16.9822;17.3126;17.338;17.3945;17.3209;17.558;17.5612;17.1667;17.0717;16.7229;16.8475;16.5243;15.9993;15.5147;15.1163;14.8686;15.0255;15",21.4507,"0.7;0.1;0.2"
26.9522,24.4591,0.283599,"1;1.25404;1.78501;1.84162;2.34773;2.91628;3.48753;3.896;4.41898;4.93449;5.43033;6.23041;6.95868;7.84321;8.34623;9.07295;9.94301;10.3004;10.9741;11.5984;12.2556;12.9779;13.6773;14.2793;15.0167;15.8613;16.8004;17.4333;17.7327;17.948;18.0076;18.4138;19.1158;19.4287;20.0987;20.2476;21.1126;21","15;14.8565;14.0234;13.9513;13.1658;12.3469;11.5297;11.1002;10.7339;10.2922;9.49334;8.91043;8.40138;8.00642;7.911;7.82489;7.62018;7.46467;7.61977;7.8043;7.85208;8.38643;8.90897;9.02582;9.41192;9.6811;9.6349;10.1237;10.2683;11.194;11.3845;12.2591;12.8931;13.3457;13.9763;14.6347;14.9745;15",22.578,"0.7;0.15;0.15"
26.9266,12.4252,11.5557,"1;1.59582;2.06706;2.67121;3.18635;3.82788;4.37854;4.54871;5.33345;5.56008;6.14214;6.63814;7.47844;8.32178;8.90461;9.33423;9.9405;10.6486;11.4941;12.0861;12.7595;13.6244;14.2675;14.9925;15.4948;16.0676;16.6348;17.1238;17.9695;18.4381;18.7229;19.2102;19.6248;20.0819;20.6556;21.1153;21","15;15.8031;16.6119;17.3666;17.9647;18.6144;19.2953;19.4785;19.7785;19.871;20.6088;21.3708;21.6825;21.9802;22.3109;22.519;22.8184;23.0491;22.9222;22.7986;22.5512;22.3104;21.6439;21.2026;20.907;20.6793;20.3856;19.8034;19.2907;18.7267;18.4591;17.7293;16.9676;16.5725;16.1294;15.2552;15",22.4892,"0.7;0.2;0.1"
29.1484,8.56056,12.505,"1;1.86942;2.50556;2.76812;2.93504;3.07732;3.21413;3.94712;4.38777;4.90061;5.2763;5.75349;6.43246;6.84749;7.5663;8.18882;8.99662;9.71163;10.6393;11.5822;12.1151;13.0046;13.9872;14.6109;15.0085;15.7221;16.0564;16.6223;17.0301;17.4205;17.8219;18.5245;19.1599;19.551;19.5083;19.7704;20.3346;20.3399;20.3859;21","15;15.4636;16.2177;16.9664;17.8484;18.1429;19.1098;19.6714;20.1527;21.0049;21.3791;21.617;21.9405;22.2347;22.6958;23.1087;23.2715;23.43;23.6166;23.5786;23.3637;23.1138;23.0391;22.6624;22.5703;22.3924;21.5204;20.9878;20.5187;20.1461;19.637;19.0477;19.1359;18.2393;17.7532;17.0922;16.6253;15.7991;15.5794;15",23.1693,"0.7;0.25;0.05"
27.3336,11.6216,11.4857,"1;1.7792;2.20533;2.73007;3.26763;3.65404;4.12373;4.3882;5.02392;5.63831;6.47971;7.11688;7.77747;8.58404;9.33285;9.89038;10.4829;11.196;12.0794;12.9315;13.8067;14.1424;14.7686;15.2347;15.631;16.0237;16.5522;17.1801;17.5401;17.7033;18.2633;18.6603;19.3093;19.7437;20.2415;21","15;15.6268;16.096;16.9409;17.6768;18.1421;18.6132;19.1862;19.8577;20.6437;21.1841;21.7314;22.3602;22.714;23.0043;23.1861;23.0461;23.2595;23.2516;23.1708;22.8933;22.6797;22.1185;21.6692;20.8963;20.3005;20.0688;19.475;18.5978;18.1654;17.6261;17.1069;16.7573;16.2968;15.6432;15",22.62,"0.7;0.3;0"
21.2368,80.8616,0.284347,"1;1.24099;2.04865;2.57532;3.45833;4.26708;5.12903;5.86118;6.67235;7.249;8.12614;8.78187;9.3238;9.83196;10.6746;11.1877;12.0358;12.9469;13.5916;14.1853;14.6385;15.6137;16.2567;16.9908;17.6938;18.3957;18.8539;19.6856;20.2954;21","15;14.8331;15.021;15.0021;14.7972;14.8394;14.6045;14.5256;14.4534;14.6171;14.4358;14.4455;14.3852;14.3769;13.9415;13.5997;13.8745;13.7878;13.6182;13.7081;14.3862;14.2573;14.2479;14.6078;14.8887;14.6401;14.5877;14.6949;14.48;15",15.9987,"0.75;0;0.25"
20.5149,73.2921,0.566432,"1;1.68104;2.45218;3.29594;4.1319;4.91442;5.52679;6.3241;6.81269;7.44423;8.19646;8.67341;9.49443;10.1034;10.7722;11.7236;12.3836;12.822;13.6572;14.1943;15.0237;15.9928;16.7274;17.4242;17.9938;18.7717;19.6918;20.3772;21","15;15.0817;14.9576;14.75;14.5728;14.3339;14.571;14.8484;15.0368;15.0564;15.1335;15.3244;15.3493;15.4869;15.7224;15.8185;15.4014;15.2779;15.2776;15.272;15.3634;15.1878;15.1544;15.1981;15.2329;15.3107;15.1235;15.0209;15",19.1641,"0.75;0.05;0.2"
22.7734,39.9318,8.00528,"1;1.50966;2.40059;3.2014;4.06205;4.47755;5.18872;6.13495;6.70164;7.18696;7.97865;8.57831;8.92405;9.62235;9.82038;10.5992;11.3781;11.8539;12.7005;13.2753;14.0108;14.4667;15.1648;15.9206;16.5;17.2706;18.1025;18.8985;19.5124;20.0198;20.7624;21","15;15.518;15.7058;15.6386;16.0336;16.4096;16.6769;16.9523;17.4646;18.0174;18.469;18.4057;18.5633;18.9632;19.0223;19.3391;19.4991;19.6555;19.2508;19.193;18.9128;18.822;18.741;18.1456;18.0112;17.5508;17.2184;16.9557;16.364;15.7975;15.2298;15",22.274,"0.75;0.1;0.15"
25.8017,16.001,10.8994,"1;1.59596;2.01823;2.11772;2.7912;3.4207;3.86213;4.36498;4.49764;5.38322;5.97067;6.51617;7.36791;8.2814;8.86246;9.79508;10.5359;11.1003;12.0177;12.5927;12.7477;13.5755;14.1092;14.9292;15.7272;16.2765;16.7835;17.5119;18.2375;18.4754;18.9893;19.6261;19.7962;20.0148;20.7532;20.7185;21","15;15.641;16.4168;16.55;17.0672;17.7894;18.4744;19.0425;19.2588;19.5753;19.9643;20.419;20.7526;20.9749;21.3738;21.687;22.0473;22.0254;22.1797;21.9933;22.0517;21.6422;21.4691;21.1303;20.6501;20.3341;19.6024;18.9641;18.399;17.9832;17.4417;16.9395;16.7895;16.4066;15.783;15.4292;15",22.8413,"0.75;0.15;0.1"
25.198,20.745,10.5235,"1;1.31755;1.57888;1.9033;2.45911;3.16916;3.78782;4.25368;4.94412;5.26815;6.06279;6.89129;7.4602;7.75619;8.39629;9.02415;9.69314;10.5065;10.9978;11.5724;12.2733;12.707;13.1924;13.2631;14.1354;14.7467;15.6244;16.5034;16.8224;17.4417;17.8946;18.603;18.8722;19.4114;19.5268;19.9312;20.4563;21","15;15.5086;15.9411;16.4562;17.0813;17.6872;17.8167;18.1504;18.7238;19.0578;19.5915;19.835;20.0285;20.4265;20.7447;21.0443;21.0893;21.0805;21.1885;21.2838;21.5708;21.4571;20.9622;20.8508;20.4946;20.5715;20.2104;19.7491;19.5174;19.045;18.3343;17.6706;17.4816;16.8217;16.5459;15.6525;15.4568;15",23.5737,"0.75;0.2;0.05"
27.4197,13.2046,11.5672,"1;1.82175;2.54524;2.81529;3.30091;3.695;3.9685;4.21395;4.63045;5.50958;6.04655;6.42109;7.03504;7.69903;8.14582;8.91969;9.16333;10.0334;10.8845;11.7517;12.492;13.1467;14.1087;14.7548;15.5113;16.1401;16.6859;17.1;17.9451;18.7735;19.1048;19.332;19.764;20.2935;20.5291;21","15;15.5699;16.2602;17.223;17.8668;18.5165;18.9277;19.2835;20.1208;20.5492;20.8754;21.1174;21.7094;22.4498;22.6081;22.8721;22.9393;23.2698;22.8961;22.4647;22.0986;21.3553;21.4984;21.4472;20.9043;20.2734;19.692;19.0281;18.6023;18.1323;17.5424;17.0038;16.3904;16.1627;15.4832;15",23.8659,"0.75;0.25;0"
20.7439,70.4149,1.02308,"1;1.57215;2.31482;2.74517;3.65308;4.36064;4.99712;5.79158;6.55093;6.81939;7.78037;8.75239;9.27619;10.2406;11.2081;12.0401;12.9964;13.9427;14.492;15.2482;15.7706;16.6677;17.6101;18.2482;19.1606;19.9947;20.3034;21","15;15.3398;15.421;15.4899;15.6486;15.8378;16.0805;16.043;15.9652;15.9378;15.821;15.7493;15.6336;15.8131;15.7543;15.5681;15.3839;15.6109;15.4343;15.297;14.9566;14.8031;15.0046;14.9708;14.8438;14.7131;14.4806;15",16.7998,"0.8;0;0.2"
21.1646,75.5325,0.758395,"1;1.39147;2.36782;3.31026;4.06141;4.87227;5.63306;6.45998;7.36265;7.79014;8.67027;9.28536;10.1578;11.1382;11.2728;12.2241;13.0126;13.2558;13.7062;14.3446;15.1613;15.9635;16.7053;17.5222;17.9712;18.4372;19.1194;20.0899;20.3536;21.1066;21","15;14.9405;14.9075;15.077;15.3288;15.2951;15.427;15.4049;15.4647;15.4687;15.4761;15.0262;14.7256;14.7364;14.7874;14.72;14.5655;14.6289;14.7169;14.742;15.0273;15.1824;15.5939;15.6345;15.7165;16.0438;16.057;15.8874;15.763;15.2099;15",20.8221,"0.8;0.05;0.15"
21.0153,57.2765,5.0694,"1;1.7283;2.33155;3.19686;4.04713;4.55173;4.9524;5.5474;6.46983;7.31317;8.16233;8.78702;9.4441;10.0365;10.7075;11.1902;12.0655;12.9162;13.6404;13.9272;14.7938;15.7013;16.2224;16.9988;17.7187;18.2;18.998;19.524;20.3511;21","15;15.0742;15.2851;15.6109;15.952;16.2703;16.4264;16.6524;16.9616;17.2828;17.3106;17.3059;17.4497;17.3171;17.4026;17.236;17.317;16.7915;16.862;16.9294;16.6444;16.3637;16.3521;16.3147;16.1705;15.9435;15.7818;15.7427;15.2855;15",23.0468,"0.8;0.1;0.1"
27.4353,15.3466,11.1782,"1;1.51885;2.16438;2.95467;3.27119;3.51562;4.05842;4.49938;4.86679;5.3901;5.81791;6.27538;6.97613;7.89489;8.50261;9.28033;9.663;10.2142;10.7694;11.1911;12.1204;13.0289;13.7982;14.6472;15.1337;15.4523;16.1987;16.5675;17.1384;17.6107;18.0634;18.4552;18.961;19.4124;19.3989;19.8087;20.1936;21.1162;21","15;15.3788;15.7196;16.133;17.0759;17.551;17.9593;18.4693;19.0065;19.7863;20.317;20.5003;20.8406;20.9901;21.2467;21.1582;21.5366;21.5423;21.8494;22.0036;22.0598;21.9943;21.7872;21.7987;21.7328;21.9288;21.6073;21.0371;20.4373;20.0165;19.3513;18.7649;18.5266;17.7893;17.4307;16.5805;15.6964;15.76;15",24.8091,"0.8;0.15;0.05"
26.903,14.2212,11.4587,"1;1.69233;1.78913;2.45078;3.19319;3.54562;3.98092;4.63174;5.28471;5.62491;6.43009;6.91563;7.45631;7.77918;8.3503;8.69152;9.59103;9.84194;10.5555;11.4656;12.0317;12.8401;13.653;14.3463;14.7879;15.5453;16.3175;16.7411;17.1728;17.7718;18.307;18.516;19.1225;19.5332;19.8331;20.3503;21.0442;21","15;15.7216;16.2831;16.7031;17.286;17.6427;18.2489;18.6242;19.2619;19.7368;20.201;20.3667;20.7512;21.0254;21.3998;21.5788;21.6654;21.7694;22.1433;22.2436;22.4802;22.883;22.6113;22.0961;21.8819;21.4624;20.9509;20.6951;20.1184;20.0826;19.6345;19.1754;18.4731;17.6013;16.9996;16.4064;15.8106;15",24.3666,"0.8;0.2;0"
20.6836,73.9487,0.49174,"1;1.91025;2.87864;3.62554;4.52848;5.25842;5.81788;6.58354;7.34573;7.90315;8.89481;9.57014;10.0929;11.025;11.9298;12.8185;13.7527;14.2426;15.1107;15.6767;16.5781;17.5275;18.323;18.9341;19.8052;20.5013;21.1191;21","15;14.9542;14.875;14.8712;15.036;14.9824;14.9633;14.8717;14.7701;14.8397;14.9216;15.0896;15.0941;15.236;14.9409;15.1635;15.1815;15.1916;15.4304;15.5612;15.3829;15.1666;15.3857;15.3458;15.3462;15.1093;14.838;15",17.6548,"0.85;0;0.15"
20.5457,73.2947,0.55602,"1;1.9622;2.95897;3.93477;4.16633;5.15544;5.30992;6.25437;6.94594;7.3013;8.2202;8.63977;9.59811;10.447;11.3343;11.5238;12.5238;13.5219;14.513;15.039;15.8354;16.6763;17.2255;18.0901;18.8941;19.8278;20.4544;21","15;14.7277;14.6473;14.4286;14.4936;14.4041;14.4102;14.4556;14.6935;14.9006;15.2452;15.5828;15.7685;15.5758;15.441;15.3544;15.3526;15.4139;15.2811;15.1131;15.2237;15.3018;15.3108;15.2112;15.2612;15.2496;14.9602;15",21.1842,"0.85;0.05;0.1"
22.8651,39.676,8.68989,"1;1.16957;1.79132;2.48552;2.9531;3.48322;4.2224;4.83015;5.19194;6.05777;6.85408;7.80976;8.4061;9.08284;9.77588;10.467;11.4267;11.9185;12.7444;13.4542;14.1663;14.9896;15.8292;16.7325;17.601;18.4588;19.0303;19.2688;19.9265;20.2242;21","15;15.2039;15.622;15.9309;16.6335;17.4039;17.5697;18.2181;18.4614;18.9605;19.0232;18.9347;19.3449;19.2279;19.0897;19.1856;19.1603;18.9827;18.5309;18.1912;17.9173;17.4721;17.3675;17.2876;17.1419;16.9571;16.5829;16.2868;15.7574;15.4372;15",23.8374,"0.85;0.1;0.05"
23.6897,29.3859,9.05631,"1;1.49732;2.06022;2.42672;2.86895;3.27708;4.10072;4.36367;5.07915;5.536;6.30926;6.8888;7.29138;8.15069;8.89976;9.68216;10.1259;11.0933;12.0091;12.7688;13.3554;13.6828;14.6556;14.8743;15.0133;15.8917;16.5805;16.7773;17.2785;17.6167;17.943;18.4939;19.2584;20.0426;20.2778;21","15;15.1872;15.4209;15.8249;16.495;16.9787;17.396;17.6765;18.2363;18.3735;19.0068;19.3156;19.8562;20.1813;20.3464;20.4843;20.3153;20.2478;20.2779;19.7372;19.4956;19.3489;19.2958;19.1339;19.0304;18.5629;18.1071;17.9138;17.391;17.1196;17.1064;16.508;16.0063;15.4287;15.2065;15",24.5441,"0.85;0.15;0"
20.3869,75.2512,0.40146,"1;1.93214;2.93196;3.44184;4.33075;5.06859;6.03495;6.85363;7.64134;8.33802;9.18319;10.0845;10.6743;11.5324;11.8149;12.5963;13.5724;14.4405;15.103;15.4748;16.3372;17.1443;18.0452;18.7283;19.3273;19.9876;20.7249;21","15;14.6379;14.6569;14.647;14.583;14.7618;14.5961;14.8493;14.7788;14.6817;14.603;14.5928;14.8052;14.9105;14.7579;14.7909;14.9173;15.0629;15.1542;15.1848;15.2297;15.3435;15.418;15.5119;15.3823;15.0503;14.9645;15",18.3884,"0.9;0;0.1"
21.145,61.8027,3.57219,"1;1.97763;2.84909;3.69475;4.51287;5.35694;6.33376;6.61876;7.42743;8.25999;9.11226;9.30628;10.1451;11.109;11.9657;12.9287;13.8912;14.1304;15.0558;15.7914;16.2066;16.9236;17.7674;18.6273;19.5002;20.1195;20.7568;21","15;14.7897;14.9643;15.1624;15.1931;15.6649;15.574;15.6318;16.0805;16.2873;16.4051;16.423;16.6247;16.8559;16.8753;16.9301;17.0282;17.02;16.8838;16.7782;16.8715;16.2057;16.2518;16.0183;15.748;15.6034;15.5509;15",22.2993,"0.9;0.05;0.05"
22.4018,41.8922,7.7318,"1;1.54781;1.99766;2.82496;2.97578;3.74852;4.62617;5.16648;5.82715;6.53254;6.97211;7.7773;8.6709;9.03974;10.0055;10.7013;11.0534;11.7043;12.4639;13.3483;14.3159;15.1054;15.7222;16.2784;17.1495;17.8872;18.3734;18.5984;19.3672;19.6759;20.3623;21","15;15.2459;15.3727;15.8378;15.9243;16.3001;16.7279;17.109;17.703;18.0137;18.0909;18.0775;18.4937;18.6189;18.5734;18.7248;18.7301;18.7764;18.5239;18.654;18.623;18.5881;18.2375;18.0885;17.6387;17.0055;16.193;16.2211;15.6059;15.2246;14.8994;15",24.3509,"0.9;0.1;0"
20.6515,66.7018,1.92271,"1;1.96939;2.8102;3.67409;3.8078;4.71434;5.40517;6.27087;7.23802;8.09304;8.82299;9.73227;10.0763;10.8838;11.7814;12.4333;13.1403;13.768;14.7419;15.3101;16.1962;16.8564;17.6257;18.236;18.8082;19.571;20.2283;21","15;15.2347;15.7251;15.5946;15.6328;15.6979;15.755;15.6957;15.724;15.831;15.8972;16.0457;16.0803;15.9739;15.8825;16.0494;16.1012;16.3245;16.4882;16.3095;16.1696;16.1243;15.95;15.9094;15.8465;15.9482;15.5553;15",19.7151,"0.95;0;0.05"
21.0878,61.9022,3.29004,"1;1.95661;2.95459;3.4178;3.97344;4.87108;5.3404;5.82583;6.56834;7.27923;7.8011;8.49544;9.20986;10.1959;10.9175;11.5354;12.4001;13.2231;14.1788;15.1301;15.742;16.4278;17.1322;17.775;18.6871;19.6176;20.5228;21","15;14.7086;14.7722;14.7858;14.8223;14.9925;15.3173;15.7642;15.8976;16.6009;16.868;16.9476;17.0114;17.1776;17.1921;16.9934;16.9113;16.7744;16.4799;16.1716;15.7751;15.5374;15.4529;15.3525;15.2304;15.1197;15.1878;15",23.1285,"0.95;0.05;0"
20.0378,74.3472,0.333482,"1;1.27016;2.11566;3.07355;3.92177;4.87774;5.58651;6.03896;6.87272;7.85004;8.65016;9.22468;10.1699;10.7254;11.3654;12.0336;12.9729;13.4726;14.4294;15.3442;16.1133;16.844;17.7236;18.6093;19.29;20.2816;21","15;14.9818;14.9583;14.8619;14.8339;14.7924;14.8107;14.8407;14.8777;14.8987;14.8549;14.8247;14.7486;14.7349;14.7883;14.6881;14.7415;14.762;14.7504;14.806;14.8243;14.8608;14.8607;14.9356;14.9661;14.9247;15",20.0378,"1;0;0"
