Length, Risk, TravelTime, Paths.x, Paths.y, Cost, Weight
20.978,61.4177,0.222967,"1;1.27099;1.93833;2.46928;3.26149;3.81569;4.65906;5.52545;6.50497;7.22667;7.6164;8.27316;9.0985;9.84509;10.3834;10.9411;11.6598;12.191;13.1432;13.5778;14.1653;14.456;15.4023;16.0095;16.7634;17.1838;18.0588;18.6893;19.2253;19.7395;20.1796;20.875;21","15;14.6322;14.1596;13.8821;13.576;13.4774;13.3643;13.1717;13.1151;13.0609;13.023;12.9955;12.9813;12.9643;12.9789;13.0011;13.0422;13.0666;13.1136;13.1193;13.1381;13.1771;13.1606;13.2293;13.3562;13.4223;13.5415;13.6801;13.8561;14.0147;14.1998;14.8011;15",0.222967,"0;0;1"
35.7967,5.09392,0.371585,"1;1.25476;1.91714;1.92496;2.12207;2.28949;2.50437;2.6566;2.76041;2.8269;2.97604;3.07277;3.77931;4.21076;4.66188;5.2838;6.0455;6.85631;7.50619;8.00773;8.75559;9.33619;9.80109;10.5389;11.3269;12.2347;13.0904;13.9526;14.819;15.7099;16.3736;16.695;17.4816;17.9472;18.4685;18.743;19.0514;19.2892;19.6085;19.4574;20.0469;20.2568;20.764;21.2053;20.8465;21.1811;21.3533;21","15;14.8777;14.4608;14.003;13.0568;12.2796;11.6303;10.6546;9.68263;9.04398;8.29815;7.34533;6.83853;6.13673;5.42082;5.15317;4.81554;4.49228;4.24043;4.09641;3.7762;3.82242;3.87942;3.78604;3.68916;3.54194;3.75926;4.20027;4.1012;4.47546;5.20426;6.07318;6.14371;6.44867;6.9372;7.52425;8.21579;8.89378;9.81353;10.752;11.3729;11.5482;12.3358;13.1971;13.9835;14.5642;14.9241;15",0.607702,"0;0.05;0.95"
35.9689,4.8287,0.372485,"1;1.65099;2.25969;2.63956;2.92397;2.84982;2.90384;2.79445;2.83662;2.92047;2.9257;3.35653;3.57937;4.05598;4.47392;5.18475;5.78809;6.34977;7.11305;7.88298;8.20313;9.13126;9.88398;10.1822;11.1514;12.0917;12.9525;13.8616;14.807;15.3871;16.2168;16.8776;17.0494;17.7564;18.6067;18.9838;19.7967;20.2623;20.4171;21.0546;21.1524;21.0728;21.0791;20.9968;21.0298;20.7019;20.6151;20.98;21","15;14.8486;14.0962;13.5086;13.1067;12.2055;11.5667;10.596;10.3808;9.52305;8.8032;7.92967;7.27163;6.6953;6.25242;6.01796;5.49518;5.04624;4.40275;3.77735;3.61773;3.4341;3.60628;3.61373;3.65765;3.71416;3.91025;3.87788;4.17735;4.36735;4.5402;4.97205;5.21481;5.82365;6.33962;6.45874;6.94392;7.70181;8.22649;8.82004;9.38909;9.96403;10.8403;11.5968;12.4673;13.2823;13.8823;14.75;15",0.818106,"0;0.1;0.9"
37.3752,4.82705,0.385019,"1;1.89206;2.29726;2.65367;2.70542;2.77022;2.51001;2.91947;3.08742;3.40001;3.52704;3.88204;4.13994;4.38442;4.92888;5.2084;5.85708;6.06965;6.82434;7.52566;8.43374;9.26588;9.99415;10.6294;11.1802;11.9713;12.842;13.5601;14.4595;15.0911;15.8474;16.0977;16.3585;17.1288;17.5042;17.9421;18.7544;19.4978;19.7078;20.1575;20.9039;20.9954;20.9426;20.6639;20.7675;20.678;20.4372;20.7875;21.1709;21.2683;21.2387;21","15;14.5481;13.7523;13.1698;12.4638;12.0234;11.3712;10.6238;10.0433;9.30376;8.34362;7.64282;6.93215;6.19082;5.459;5.40295;4.83354;4.5969;3.97329;3.70778;3.79054;3.64423;3.74471;3.74206;3.73516;3.58298;3.61236;3.59404;3.61821;3.65436;3.19089;3.60038;3.78985;4.30657;4.67242;5.02508;5.24173;5.73418;6.05172;6.92527;7.39263;8.12029;8.89068;9.59395;10.386;10.8686;11.3739;12.2224;12.6371;13.4749;14.2728;15",1.05132,"0;0.15;0.85"
35.942,4.73758,0.368961,"1;1.55661;1.75062;2.11295;2.2013;2.54596;2.66315;2.56172;3.13035;3.37923;3.60222;3.5952;3.85277;4.32298;4.52535;4.77027;5.46359;6.40067;7.14799;8.09081;8.57097;9.2999;9.8217;10.5017;11.2515;12.1815;12.9736;13.5572;14.094;14.8393;15.6512;16.3703;17.1204;17.5562;18.3683;18.7138;19.3041;19.8359;20.299;20.7051;20.8448;21.149;21.3659;21.4053;21.319;20.9774;20.7576;21.041;21","15;14.5306;14.2881;13.7677;12.8971;12.0299;11.2369;10.7614;9.97431;9.27862;8.5333;7.57722;7.06724;6.38176;5.92788;5.52252;5.04133;4.71813;4.36346;4.06097;4.05374;3.62306;3.51082;3.30218;3.31633;3.2859;3.37917;3.55548;3.7673;3.79838;3.92071;4.55587;4.79479;5.59205;5.95798;6.28331;6.91885;7.22037;7.53299;8.21622;8.81531;9.56775;10.5318;11.0174;11.939;12.5543;13.4454;14.3874;15",1.24268,"0;0.2;0.8"
39.4702,4.69711,0.406413,"1;1.57509;1.60072;2.08361;2.16253;2.23475;2.40913;2.59938;3.13805;3.27007;3.25825;3.36979;3.40822;3.84388;4.22916;4.45271;4.74642;5.32711;6.08002;6.73345;7.27028;7.91656;8.62409;9.56059;10.3158;10.7961;11.7132;12.6236;12.8239;13.4938;13.9097;14.7415;15.718;16.5852;17.2432;17.6137;18.2473;19.1285;20.0256;20.409;20.9615;21.5583;21.4184;21.3062;21.1077;21.6817;21.9282;22.1103;22.2894;21.5216;21.8498;22.2841;22.1137;21.6931;21","15;14.5435;14.4546;13.589;12.945;12.2266;11.4169;10.4584;9.71332;8.7232;8.33854;7.46748;7.34035;6.52099;5.75971;5.4051;4.97142;4.5882;4.25259;3.97428;3.78593;3.64277;3.41478;3.46937;3.53636;3.7056;3.81643;3.7446;3.78205;4.32092;4.5646;4.28875;4.34255;4.63432;5.08106;5.2285;5.5216;5.19583;5.00233;5.67252;6.44283;6.86384;7.51558;8.13932;9.00969;9.60349;10.1517;10.8308;11.7311;12.3377;13.108;13.4549;13.8856;14.5038;15",1.47909,"0;0.25;0.75"
37.9521,4.6401,0.391319,"1;1.69139;2.05516;2.48514;2.57935;2.40869;2.62565;2.73212;2.88392;3.04454;3.28446;3.39854;3.85164;4.01441;4.43593;5.1082;5.70423;6.32089;6.84231;7.5194;7.79922;8.76339;9.52778;10.2391;10.6342;11.377;12.3359;13.133;13.7743;14.1776;15.032;15.7484;16.3913;16.9204;17.7407;18.3249;18.9429;19.3785;20.2754;20.3518;20.5643;20.739;21.0118;20.9108;21.0032;21.6408;22.2704;22.4333;22.4897;22.0001;21.3206;21","15;14.6703;14.3648;13.7092;13.0004;12.2692;11.5286;10.6936;9.90979;8.97083;8.40986;7.51495;6.70059;6.5921;5.72952;5.00308;4.5664;4.33878;4.05814;3.93745;3.78994;3.60292;3.33663;3.18492;3.25797;3.38633;3.4171;3.44719;3.11378;3.13449;3.31162;3.4888;3.65737;4.01168;4.53788;4.82981;5.59504;6.31898;6.62064;7.09458;8.03949;8.71145;9.58123;10.4278;10.6258;11.1924;11.8375;12.1304;13.1058;13.5612;14.2591;15",1.66595,"0;0.3;0.7"
39.2028,4.72741,0.408001,"1;1.43848;2.09789;2.3404;2.6431;2.84888;2.87895;2.88666;3.07074;3.019;3.10044;3.29054;3.27397;2.9668;3.37365;3.79058;4.01078;4.37126;4.75433;5.2837;6.11301;6.98568;7.71411;8.01014;8.91344;9.28853;9.6741;10.57;10.7574;11.6013;12.3343;12.8248;13.6518;14.1813;14.4332;15.4096;16.1769;16.8479;17.3279;17.9738;18.332;18.7288;19.161;19.6454;20.4528;21.1038;21.4516;22.1143;22.3889;22.6632;22.6923;22.7146;22.6277;22.4928;22.353;21.7993;21","15;14.7155;14.153;13.4612;12.7279;11.9019;11.4184;11.311;10.4005;9.71562;9.1485;8.5345;8.05758;7.51971;6.8455;6.44071;6.00408;5.07926;4.3742;4.28215;4.09132;3.97607;3.86308;3.77596;4.01627;3.93;3.91689;3.71916;4.109;3.6949;3.62311;3.73866;4.20074;4.18091;4.00992;3.94339;4.55944;4.74898;4.92499;5.13538;5.91367;5.84697;6.40488;6.75758;6.99755;7.38577;8.17799;8.85782;9.55191;10.3074;10.9123;11.4079;12.2236;13.2075;14.0526;14.8434;15",1.91979,"0;0.35;0.65"
38.6028,4.61642,0.401014,"1;1.3444;1.79912;2.05186;2.15148;2.11258;2.36078;2.49883;2.52536;2.56947;3.17071;3.60687;3.8531;4.17732;4.58446;4.73076;5.37427;5.76045;6.0557;7.01668;7.76608;8.68821;9.27406;10.1938;11.1031;11.8071;12.2778;13.0155;13.9259;14.2207;15.1217;15.9856;16.2725;17.0064;17.8374;18.416;18.8335;19.1115;19.9523;20.7171;21.2725;21.9435;22.2278;22.7433;22.6308;22.9466;22.6506;22.7919;22.6873;22.3996;22.688;22.5383;21.9922;21.6037;21","15;14.8127;14.1782;13.4133;12.8031;12.5002;11.6463;10.827;10.3933;9.81724;9.19372;8.31928;7.59382;7.05516;6.3226;5.59871;5.00731;4.31702;4.11422;4.1037;3.71669;3.48902;3.484;3.61738;3.76104;3.52843;3.6105;3.74825;3.75591;3.99975;4.15209;4.18556;4.41372;4.64266;5.13439;5.30832;5.50576;5.57632;6.09773;6.6086;6.93604;7.36741;8.16697;8.92735;9.17473;10.0064;10.7103;11.5033;11.7851;12.5202;13.3266;13.9718;14.7387;14.7388;15",2.08718,"0;0.4;0.6"
38.7694,4.78381,0.40457,"1;1.14897;1.53039;1.87414;2.12981;2.38581;2.30192;2.6278;2.60892;2.6433;2.85932;3.04087;3.28345;3.67135;3.9192;4.64886;5.0901;5.35835;6.11707;6.69723;6.92422;7.76161;8.49575;9.29782;10.2257;11.1665;11.6704;12.5378;13.311;13.7128;14.5159;15.1959;16.0131;16.787;17.7082;18.1956;18.938;19.681;20.5629;20.9519;21.301;21.7403;22.2484;22.4216;22.6139;23.0702;23.1443;22.8954;22.8659;22.8433;22.748;21.9406;21","15;14.9797;14.0859;13.5653;12.9969;12.243;11.3057;10.741;9.85168;8.91896;8.36024;7.67337;6.8639;6.35943;6.0881;5.67269;5.14239;4.81194;4.60373;4.14967;4.01218;3.83566;3.76236;3.62267;3.96938;3.63724;3.45579;3.83605;4.31183;4.48632;4.3851;4.79644;5.01012;4.84868;4.81167;5.21577;5.71096;5.92104;6.25229;6.92332;7.57715;8.20211;8.93732;9.53555;10.1262;10.9596;11.2254;12.1091;12.6663;13.4786;14.2512;14.828;15",2.37523,"0;0.45;0.55"
37.439,4.72725,0.388175,"1;1.27165;2.00094;2.04804;2.06843;2.3429;2.57721;2.54044;2.73464;3.26979;3.25205;3.29499;3.45702;3.44646;4.00787;4.18772;4.42131;4.72368;5.29788;5.84167;6.4413;6.86809;7.37534;8.35217;8.88887;9.52556;9.94895;10.5921;11.4899;12.1042;12.9435;13.8933;14.7472;15.4135;15.5353;16.3196;17.2144;17.8107;18.3007;18.825;19.3889;20.0717;20.1948;20.6011;20.8623;21.1098;21.3434;21.8485;21.9343;22.2539;22.0497;21.6776;21.5702;21.1148;21","15;14.9868;14.6045;13.8635;13.2162;12.6916;12.1129;11.3228;10.6847;9.89144;9.53938;9.05818;8.60531;7.96891;7.21588;6.28178;5.64397;5.08974;4.3337;4.23166;3.85167;3.53313;3.47322;3.57301;3.5939;3.60757;3.61674;3.37051;3.24705;3.16771;3.19621;3.25384;3.27666;3.44378;3.50463;4.04533;4.27999;5.02248;5.8604;6.27404;6.62453;7.32292;7.49517;8.21022;8.51907;9.03707;9.72786;10.5505;11.1141;11.9471;12.4229;13.0958;14.0679;14.9212;15",2.55771,"0;0.5;0.5"
38.3661,4.59304,0.394679,"1;1.68728;1.95986;2.15649;2.18307;2.19834;2.33366;2.47711;2.68425;2.8706;3.19657;3.33536;3.77666;4.05856;4.31234;4.37445;4.95747;5.78012;6.26294;6.79263;7.61021;8.30179;8.68609;9.56307;10.1415;11.0475;11.9253;12.8471;13.7154;14.1521;14.8425;15.3164;16.123;16.9785;17.1802;17.9071;18.6173;19.0843;19.4344;19.6418;20.1788;20.9191;21.5939;22.1941;22.1392;22.6641;22.1786;22.0656;21.6736;21.8851;22.0033;21.1584;20.8349;21","15;14.5607;14.2864;13.8061;12.8234;12.2294;11.3165;10.5314;9.7492;8.85716;8.01638;7.71169;6.89891;6.65004;5.73962;5.57235;4.96568;4.74122;4.04964;3.91944;3.46153;3.35573;3.36992;3.23511;3.23627;3.24803;3.36508;3.53571;3.46016;3.64837;3.77232;4.06675;4.44393;4.95786;5.00148;5.22969;5.41822;5.97976;6.41362;6.85952;7.29212;7.85616;8.41869;8.90389;9.82051;10.4434;11.0867;11.9498;12.4203;13.1117;13.7514;14.1158;14.2777;15",2.70378,"0;0.55;0.45"
40.6897,4.91928,0.420682,"1;1.43339;2.30573;2.61757;2.93175;2.76154;2.62388;2.71406;2.72772;2.81814;2.95297;3.13298;3.57313;4.03843;4.59347;5.0599;5.80153;6.11178;7.0375;7.96527;8.43584;9.3262;9.75241;10.418;11.2702;11.5264;12.1107;12.6854;13.6502;14.462;15.3851;16.147;16.9131;17.4277;17.5927;18.4373;19.0995;19.498;20.0521;20.3851;20.5939;21.0727;21.4926;22.1641;22.5746;22.8226;22.7992;22.6381;21.9345;21.2096;20.2914;19.8942;20.0773;20.6024;20.9613;21","15;14.9182;14.4313;13.7866;12.8435;11.9601;11.2883;10.5349;10.1517;9.25273;8.55331;7.61093;6.96208;6.20723;5.38475;4.50818;4.07168;3.87875;3.52515;3.45145;3.43771;3.6965;3.63548;3.25401;3.41879;3.56916;3.49208;3.68536;3.48157;3.58411;3.52683;3.94678;4.19003;4.67863;4.52878;4.6038;4.78748;5.21052;5.51869;6.30561;7.11873;7.64715;8.27069;8.79095;9.27253;9.97114;10.7119;11.0519;11.3951;11.7891;12.0657;12.8488;13.4714;14.219;14.824;15",3.11984,"0;0.6;0.4"
40.8323,4.55,0.421853,"1;1.54762;2.00182;2.148;2.24562;2.54667;2.63826;2.89904;2.79026;2.8113;3.29003;3.69491;3.83956;3.99471;4.65494;5.25391;5.65723;6.56302;7.41767;8.17628;8.7984;9.44965;9.9229;10.4577;10.8265;11.8046;12.6501;13.3458;14.2982;15.2164;15.9733;16.5805;17.1686;17.7091;18.2914;18.8037;19.2581;20.1484;20.6155;21.6082;21.9753;21.9108;22.3279;22.5483;22.9854;23.4785;23.6404;23.7785;24.2939;24.6432;23.8463;23.0997;22.3853;21.7358;21","15;14.7183;14.2682;13.3932;12.4275;11.6153;10.6351;9.76469;8.88071;8.71801;7.87442;7.23204;6.33752;5.97568;5.49905;4.85279;4.35448;4.11327;3.77163;3.75919;3.68558;3.33261;3.3325;3.37441;3.37768;3.45857;3.78236;3.83395;3.65611;3.94103;4.1699;4.40559;4.51576;4.69774;4.86283;5.21845;5.39338;5.7894;6.14184;6.23353;6.73058;7.69822;8.42186;8.91441;9.55945;9.9667;10.6547;11.3321;12.0974;12.7606;13.2695;13.8605;14.159;14.3567;15",3.10515,"0;0.65;0.35"
39.6532,4.86325,0.414657,"1;1.67338;1.99548;2.15379;2.43428;2.3467;2.67597;2.78776;2.79408;2.76423;2.62585;3.32536;3.63432;3.98786;4.51448;4.90393;5.19415;5.95752;6.67505;7.57566;8.48877;9.11222;9.84165;10.5386;10.8191;11.698;12.6118;13.449;13.7867;14.4071;15.3858;16.0088;16.7469;17.4141;18.3154;19.0503;19.6291;20.0689;20.974;21.0537;21.0851;21.146;21.3262;21.3018;20.9134;20.4694;20.868;20.7961;21.1577;20.8382;20.2142;21","15;14.6421;14.1328;13.727;12.9952;12.2044;11.2813;10.4663;9.75332;8.77883;8.19021;7.50183;6.76361;6.04311;5.65767;4.77328;4.16706;3.8697;3.76111;3.75719;3.53819;3.41227;3.83382;3.19526;2.99285;3.16329;3.14482;3.33816;3.33702;3.8126;3.92752;4.07371;4.72723;4.50888;4.85233;5.31386;6.02106;6.56375;6.95098;7.91373;8.71714;9.14931;9.97871;10.0736;10.684;11.1319;11.942;12.8053;13.5691;14.4238;14.914;15",3.52867,"0;0.7;0.3"
41.1027,4.82828,0.426704,"1;1.71351;1.90345;2.0937;2.06039;2.51482;2.55022;2.36523;2.44422;2.92365;3.56551;3.59033;3.6422;3.91952;4.1631;4.52615;4.83925;5.54208;6.17382;6.60024;7.18461;8.04838;8.87173;9.49493;10.2198;10.8032;11.7497;12.7105;13.2094;13.6702;14.3795;14.4156;15.3103;16.2307;16.9507;17.8517;18.7307;19.3836;19.7675;20.3657;20.8747;21.1741;21.7358;22.3532;22.7077;23.4066;23.2556;23.2089;22.9841;23.5103;23.8935;23.5492;22.9899;22.5031;21.8247;21.0487;21","15;14.6535;14.283;13.5036;13.099;12.4005;11.7461;11.1528;10.7064;9.88625;9.40507;8.42464;7.43008;6.81422;6.1428;5.5186;5.19142;4.68199;4.22129;4.13874;3.67184;3.36583;3.21803;2.74947;2.69224;2.64406;2.89638;2.89197;3.14338;3.30257;3.54671;3.90789;4.0851;4.01509;4.41015;4.73123;5.14787;5.56909;5.87316;6.33297;6.92718;7.68818;8.31069;9.02395;9.64802;10.1587;10.5929;11.4344;12.086;12.8084;13.3547;13.956;14.3259;14.5844;14.2284;14.6337;15",3.72788,"0;0.75;0.25"
40.1981,5.169,0.464259,"1;1.66165;2.19114;2.4014;2.56951;2.76249;2.80857;2.87659;3.12443;3.72017;4.04497;4.50833;5.21904;5.62842;6.21287;6.81136;7.36406;8.28467;8.89124;9.67576;10.6384;11.3793;11.6365;12.3956;13.22;13.5818;14.5252;14.9327;15.8508;16.0271;16.9262;17.4556;17.8375;18.7314;19.2312;20.0402;20.1708;20.7218;20.9684;21.3491;21.3485;21.8648;21.7176;20.98;21.0146;20.2419;20.1442;19.3051;19.0211;19.6846;19.6345;20.4987;21.0059;21","15;14.6415;13.8356;12.8983;11.9559;11.2958;10.3175;9.53829;8.69066;7.90984;7.07276;6.22659;5.53094;4.92516;4.5397;4.0551;3.91012;3.79485;3.84473;3.77814;3.6592;3.67492;3.72099;3.6536;3.65138;3.87813;4.15842;4.31121;4.58359;4.70324;4.83182;5.52137;5.42941;5.73704;6.08505;6.49913;6.57995;7.34516;8.01629;8.56324;9.47064;10.3009;11.0657;11.6071;12.2535;12.7385;12.8728;13.2978;13.7507;14.3244;15.1819;15.3538;15.6323;15",4.22805,"0;0.8;0.2"
30.5483,2.1634,13.1016,"1;1.66501;2.36093;2.49933;2.92224;3.3346;3.58561;3.94103;4.06856;4.3679;4.71729;5.35816;6.20973;6.75474;7.35672;7.92812;8.65683;9.48296;10.0382;10.54;11.0427;11.825;12.7237;13.1127;13.8687;14.4272;15.2954;15.4791;16.1462;16.8497;17.6146;18.0963;18.4838;19.1368;19.5435;19.8535;20.4668;20.5036;20.5647;20.9663;20.9639;21.2322;21","15;15.0891;15.7518;16.1238;16.7057;17.3774;18.2134;18.9665;19.3823;20.2524;21.1894;21.6278;22.1496;22.7577;23.0942;23.2679;23.6916;24.0964;24.3805;24.1152;24.0271;24.2546;24.2113;24.2073;24.1438;23.4156;23.2044;23.159;22.6011;22.2373;21.7147;21.3731;20.8108;20.0875;19.3323;19.0637;18.3338;17.6809;16.9331;16.0415;15.8719;15.0086;15",3.80413,"0;0.85;0.15"
31.5392,2.11976,13.8871,"1;1.06944;1.53981;1.82757;2.06055;2.46799;2.42647;2.67395;2.78009;3.06794;3.20323;3.80836;4.5156;4.71232;5.15887;5.88846;6.14245;6.87145;7.73955;8.35957;9.29655;10.2212;11.0128;11.9127;12.3809;13.0041;14.0019;14.7329;15.1593;15.9346;16.4312;16.7251;17.2585;17.6031;18.1041;18.2933;19.0833;19.6565;20.1423;20.5099;20.7272;20.9376;21.0814;21.3248;21.3528;21","15;15.0299;15.2379;15.45;15.878;16.7259;17.492;18.3021;18.4683;19.1055;19.5451;20.2507;20.8021;21.2174;22.052;22.5923;22.9676;23.5423;24.0387;23.9673;24.0898;24.0282;24.2436;24.4791;24.4057;24.3867;24.439;24.6895;23.9593;23.4739;23.2138;22.4223;22.0561;21.5562;20.9526;20.8326;20.3654;20.1166;19.2526;18.6227;18.2029;17.4515;17.2353;16.363;15.7086;15",3.29649,"0;0.9;0.1"
33.4081,2.02128,14.5047,"1;1.94911;2.15333;2.43713;2.95228;3.27134;3.51691;3.77452;4.21101;4.45163;4.50301;4.57872;5.36425;5.83753;6.59421;7.53022;8.36357;8.56831;9.44857;10.4379;11.1123;12.0016;12.218;13.0882;14.0686;14.7343;15.4446;16.3755;16.9194;17.4779;17.7587;18.531;19.0283;19.5808;19.818;20.2325;20.6195;21.1402;21.4238;21.6312;21.7827;21.7922;21.9362;21.1308;21","15;15.2768;15.5027;16.2889;17.0664;17.9263;18.7668;19.3104;20.0698;21.0024;21.6411;22.1956;22.8094;23.1935;23.8197;24.1162;23.8989;24.0119;24.2692;24.2565;24.6831;24.7152;24.6476;24.5707;24.6177;24.7769;24.7695;24.5937;24.2509;23.7797;23.5205;23.0938;22.2614;21.7775;21.4123;20.5979;20.1282;19.4975;19.0804;18.1334;17.363;16.5374;15.6893;15.1357;15",2.64545,"0;0.95;0.05"
34.4877,1.94483,15.0812,"1;1.40605;1.8274;2.2766;2.53437;2.82773;3.04917;3.41394;3.57612;3.79289;4.20342;4.56977;4.85267;5.20913;5.76741;6.44698;6.73349;7.20374;7.84378;8.5001;9.31395;10.0095;10.9066;11.7019;12.4681;13.1464;13.7472;14.2646;14.9881;15.6006;16.4619;17.2317;17.8991;18.3663;19.2221;19.3042;19.8474;20.1861;20.8543;21.3721;21.8032;22.1587;22.2925;22.5515;22.6815;22.692;22.652;22.5591;22.4583;22.3787;22.1472;21.8002;21.3671;21","15;15.1782;15.4496;16.0538;16.4869;17.2928;18.0026;18.735;19.1771;19.6476;20.4024;21.0016;21.3757;21.8911;22.5879;23.2742;23.5543;23.9669;24.3843;24.8014;25.1948;25.4777;25.6933;25.8367;25.8421;25.8176;25.7769;25.7044;25.4909;25.2383;24.8656;24.507;24.1688;23.9157;23.4842;23.4174;22.9658;22.6737;22.1332;21.4769;20.8384;20.1528;19.8228;19.079;18.2257;17.734;17.2412;16.7737;16.5324;16.3583;15.9038;15.5558;15.2495;15",1.94483,"0;1;0"
20.9288,61.7815,0.230635,"1;1.95953;2.88821;3.66765;4.23102;4.74276;5.28458;6.28023;6.95107;7.41696;8.33885;9.18875;10.113;10.9209;11.79;12.73;12.9661;13.9509;14.6188;15.501;16.1944;17.0454;17.8196;18.7443;19.5622;20.3135;20.8583;21","15;14.7184;14.4725;14.1004;13.8005;13.6876;13.5293;13.6225;13.5543;13.6186;13.3581;13.2957;13.0465;13.1022;13.1819;13.0819;13.1381;13.1605;13.0503;13.3798;13.6642;13.5865;13.806;13.9529;13.9466;14.2729;14.7611;15",1.26554,"0.05;0;0.95"
31.0813,7.81244,0.31975,"1;1.40247;1.52356;1.9911;2.25232;2.52541;2.89534;3.36387;3.86138;4.17131;4.60508;4.89421;5.44219;5.91379;6.36626;6.92509;7.39367;8.02432;8.84999;9.70546;10.4501;11.2173;12.0435;12.333;13.0988;13.3691;14.1387;15.0165;15.6308;16.2843;16.8881;17.3478;17.627;17.9746;18.2983;18.639;18.9739;19.1696;19.4077;19.8111;19.9982;20.0198;20.5148;20.7571;21","15;14.4636;14.148;13.3793;12.6829;12.0949;11.5442;11.0295;10.4967;10.0736;9.39396;8.49443;7.73198;6.99168;6.3811;6.27877;6.18841;5.95059;5.4548;5.34616;5.25203;5.18316;4.91407;4.9787;4.86327;4.8953;5.24754;5.54057;6.0167;6.18125;6.65767;6.85075;7.3169;7.83807;8.17709;9.05737;9.70694;10.2048;10.958;11.7042;12.262;13.1519;14.0143;14.3181;15",2.23246,"0.05;0.05;0.9"
33.9703,5.29076,0.349878,"1;1.52278;2.0727;2.23526;2.61938;2.92107;3.1447;3.24604;3.32907;3.32188;3.4696;3.66289;3.73483;4.35372;4.68961;5.39125;5.77863;6.42185;6.9371;7.4747;8.39496;9.17921;10.0777;10.972;11.5462;12.4608;12.8607;13.7453;14.5252;15.3803;15.885;16.4527;17.1978;17.6018;18.058;18.476;18.9461;19.2635;19.6049;19.9287;20.335;20.6397;20.9224;21.1267;21.2434;21.1249;21","15;14.6325;14.175;13.9093;12.986;12.2424;11.4303;10.5828;10.4388;9.48819;9.01022;8.05353;7.60224;6.85937;6.05316;5.61;5.56658;5.04995;4.78194;4.6264;4.50992;4.50375;4.50246;4.23695;4.24045;4.59996;4.73676;4.35863;4.60283;4.94446;5.15189;5.50326;5.89581;6.06336;6.4729;7.11818;7.49272;8.42099;8.9754;9.66888;10.378;11.1831;11.5981;12.3353;13.2495;14.0227;15",2.52499,"0.05;0.1;0.85"
33.5997,5.65477,0.345907,"1;1.24457;1.44776;1.91017;2.06364;2.18226;2.50301;3.08385;3.09779;3.63105;3.58615;3.57384;3.67803;4.01529;4.13786;4.43181;4.60983;5.06225;5.32199;5.6858;6.13911;6.80822;7.71424;8.03047;8.76415;9.25295;10.1542;10.9363;11.7657;12.3631;13.2765;13.6817;14.1111;14.8465;15.789;16.4878;17.1534;17.4705;18.1638;18.55;18.9604;19.3432;19.8091;20.252;20.2397;20.3111;20.3869;20.383;20.7075;21.0656;21.1149;21","15;14.8427;14.6886;14.1561;13.8847;13.65;12.925;12.2232;12.0752;11.3082;10.7489;10.4823;9.48777;8.68883;8.37223;7.75508;7.50495;6.72091;6.25973;5.76555;5.44286;4.99142;4.66152;4.4502;4.16752;3.94109;4.12806;4.12716;4.047;4.21998;4.48108;4.8472;5.12788;5.25886;5.3949;5.8296;5.98347;6.15042;6.63151;7.28978;7.71231;8.11887;8.66015;9.28345;9.74412;10.4938;11.0767;12.04;12.724;13.2528;14.1424;15",2.80493,"0.05;0.15;0.8"
34.2706,5.64681,0.352058,"1;1.55658;1.93991;2.12284;2.11113;2.50498;2.79808;2.91962;3.10624;3.23399;3.27349;3.93838;4.21217;4.51928;5.32387;5.85275;6.22258;7.10422;7.38544;8.10627;8.51845;9.26481;9.83125;10.6335;11.4603;12.0495;12.6985;13.4439;13.9241;14.7032;15.5118;15.7481;15.8842;16.2489;16.9952;17.2039;17.5851;17.8779;18.2541;18.5645;18.8374;19.3969;19.7042;20.1481;20.3994;20.5598;20.5942;20.7246;20.7885;21.0388;21","15;14.4817;13.7822;13.4182;12.7617;12.2122;11.3291;10.8796;10.3394;9.57594;8.76671;8.02216;7.24703;6.89081;6.34186;5.94585;5.75617;5.59338;5.60252;4.93477;4.564;4.37549;4.04151;3.80319;3.3814;3.58957;3.96243;3.92215;3.82736;3.55142;3.82867;4.39974;4.77715;5.07248;5.64855;6.39808;7.10343;7.48032;7.99433;8.45494;9.19163;9.97909;10.3139;10.9034;11.6672;12.3348;12.5729;13.3961;14.0814;14.4133;15",3.10693,"0.05;0.2;0.75"
35.5926,5.31922,0.372867,"1;1.34457;1.83663;2.06939;2.43037;2.83062;3.07946;2.97207;3.07757;3.195;3.20857;3.57204;3.89708;4.16015;4.76772;5.24815;6.11096;6.20522;7.05251;7.85377;8.48568;9.17166;9.63672;10.1955;10.7553;11.6754;12.3968;12.4755;13.4433;14.3215;14.9293;15.3717;16.0855;16.6819;17.3373;17.7104;18.4058;18.8566;18.9904;19.0925;19.6503;19.8356;20.3794;20.0579;20.3037;20.2531;20.2041;21.033;21.6984;21","15;14.7988;14.4064;13.6319;13.1793;12.3558;11.6155;11.3026;10.6107;9.68229;8.93766;8.17731;7.39952;6.84841;6.0578;5.4638;4.99662;4.8404;4.56674;4.36528;4.09837;4.02682;4.04206;4.1807;4.25349;4.17769;4.37798;4.39104;4.3206;4.3416;4.57405;4.71074;5.10402;5.39311;6.06177;6.74078;6.96501;7.44776;8.33983;8.93843;9.27771;10.174;10.9803;11.6412;12.4886;13.2119;13.8203;14.3155;14.8923;15",3.37044,"0.05;0.25;0.7"
35.2241,5.02016,0.364708,"1;1.17448;1.47232;2.0042;2.08407;2.00937;2.37388;2.20724;2.30362;2.40917;2.24204;2.57473;2.62115;2.92967;3.39768;3.78267;4.23255;4.91755;5.63204;6.54188;6.95996;7.7274;8.29293;9.28346;9.92172;10.7024;11.3414;12.0343;12.967;13.7871;14.6078;15.1947;16.0161;16.3507;17.1062;17.7458;18.2824;18.665;19.0416;19.6446;19.9024;20.107;20.3061;20.7267;20.9019;21.107;21.0104;20.8733;20.6826;20.4857;21","15;14.9495;14.815;14.2342;13.5846;13.2166;12.5969;12.115;11.163;10.8106;9.91924;9.00336;8.6221;7.93975;7.18648;6.52378;6.35778;5.69549;5.09186;4.84418;4.60462;4.12711;3.84256;3.89525;4.0008;3.97967;4.05031;3.8135;3.89112;4.26892;4.51948;4.93342;5.24972;5.33787;5.57853;5.984;6.43521;7.01539;7.73465;8.27425;8.96997;9.54508;10.2594;10.8669;11.7138;12.4421;12.7445;13.0769;14.0033;14.558;15",3.50431,"0.05;0.3;0.65"
36.1559,4.82003,0.375442,"1;1.81745;2.45512;2.58205;2.94232;2.91585;2.82797;2.86218;3.01056;3.30968;3.48916;4.22087;4.12358;4.47519;5.05253;5.7649;6.49599;7.10829;8.01299;8.75456;9.15054;9.85673;10.3146;10.8208;11.5247;12.4024;13.0897;13.9942;14.8539;15.3608;15.922;16.7903;17.0397;17.819;18.169;18.5389;19.1366;19.5377;19.9771;20.0734;20.3575;20.7303;21.0763;21.0595;21.1213;21.1556;21.6933;21.6902;21.2385;21","15;14.7437;14.0807;13.4501;12.5832;11.7285;10.7499;10.0568;9.12933;8.73879;7.75503;7.10505;6.15897;5.88349;5.37215;4.94476;4.73925;4.4127;4.22011;3.86901;3.70012;3.70614;3.79293;3.73945;3.87835;4.13908;4.12448;3.95351;3.93943;4.09967;4.3036;4.70549;4.82124;5.08671;5.47317;6.23008;6.96815;7.47242;8.2321;8.50421;8.94359;9.77498;10.5169;11.3885;12.2469;13.0828;13.8673;14.0103;14.7978;15",3.72007,"0.05;0.35;0.6"
35.4991,4.85561,0.366733,"1;1.90039;2.12209;2.47355;2.34078;2.33712;2.69466;2.64909;2.81804;2.82226;3.12353;3.48464;3.71032;4.43001;5.1752;5.8119;6.31841;6.94761;7.59842;8.338;9.28994;9.98912;10.2897;11.0049;11.6279;12.031;13.01;13.7566;14.5386;14.9149;15.6464;16.0796;16.7294;17.6311;18.3003;18.7456;19.0385;19.4171;19.698;20.1129;20.0652;20.4486;20.6261;20.625;20.7718;21.1695;21.272;21.2655;21.3197;21","15;14.5649;14.2497;13.535;12.7076;11.8085;11.0844;10.2732;9.6966;8.98975;8.38169;7.45249;6.87727;6.35112;5.78165;5.01054;4.33608;4.10056;3.88064;3.83484;4.03039;4.25585;4.22054;4.14469;4.05824;4.08953;4.27873;4.3743;4.45393;4.61555;4.97529;4.90861;5.11304;5.46437;5.86116;6.09021;6.24547;7.04754;7.84007;8.35441;8.93203;9.53367;10.3575;10.8575;11.568;12.3674;13.2804;13.7272;14.4297;15",3.9189,"0.05;0.4;0.55"
35.689,4.74126,0.366622,"1;1.23903;1.91216;2.09074;2.16386;2.47504;2.62157;2.8228;2.81546;3.14276;3.30661;3.48193;3.94343;4.3803;5.02866;5.72235;6.68472;7.38924;8.22825;9.07274;10.0675;10.7854;11.2811;12.0674;12.7292;13.4913;13.9955;14.8131;15.4858;15.9495;16.6855;17.2325;17.7516;18.3082;18.6292;19.0092;19.175;19.8193;20.2679;20.3445;20.8628;21.1163;21.2157;21.253;20.8718;21.2196;20.9087;21","15;14.8456;14.1226;13.5474;12.6106;11.7516;10.7861;9.88614;9.08529;8.5049;7.80696;7.22077;6.40016;5.98372;5.34173;5.07973;4.90846;4.37485;4.16667;3.72043;3.63163;3.76252;3.56626;3.77373;3.71857;3.7912;3.78743;3.67535;3.8771;4.05693;4.64917;4.89772;5.2099;5.62104;6.33153;6.99811;7.51522;8.17343;8.95317;9.74478;10.4776;10.8465;11.6127;12.4845;13.029;13.6536;14.2001;15",4.10133,"0.05;0.45;0.5"
36.5563,4.85125,0.37536,"1;1.73081;2.03198;2.50601;2.57949;2.60298;2.54946;2.5402;2.72686;3.17664;3.41113;3.4734;3.66479;4.19862;4.79493;4.8231;5.60828;6.2138;7.03592;7.78683;8.49026;9.26974;10.0228;10.3647;11.2048;11.7775;12.3872;13.2066;13.6936;14.6837;15.2247;15.9756;16.6286;17.0431;18.018;18.4262;18.9012;18.9951;19.5343;19.9461;19.8918;20.6387;20.671;20.5559;20.4971;20.4837;20.8883;20.9597;20.5749;21","15;14.3174;13.7092;12.9298;12.5396;11.6378;10.6393;10.5506;9.60031;9.16782;8.36505;7.4934;7.17743;6.34117;5.58749;5.55751;4.9537;4.77701;4.53112;4.44788;3.89651;3.90886;3.63768;3.46693;3.31701;3.44385;3.57546;3.83685;3.80571;3.70125;3.68182;3.92842;4.46917;4.53269;4.61238;5.28103;6.01587;6.94738;7.25265;7.7123;8.6246;9.11052;9.96161;10.8338;11.285;12.0912;12.917;13.4524;14.1659;15",4.42235,"0.05;0.5;0.45"
36.4883,4.84525,0.374303,"1;1.42566;2.01404;2.0924;2.19992;2.12297;2.20695;2.25932;2.54391;2.65903;2.44362;2.47078;2.91178;3.58626;4.30549;4.99157;5.65708;6.48223;7.39612;7.58255;8.40475;8.89576;9.34539;10.2961;11.2218;11.9211;12.4886;13.2462;14.1631;14.9741;15.6863;16.6198;17.3063;18.1172;18.7458;18.9052;19.126;19.7803;20.3685;20.7688;21.1651;21.1799;21.0509;21.0187;21.2607;21.5229;21.5351;21.3122;21","15;14.5791;13.9011;13.6601;12.9509;12.2261;11.2528;10.3436;9.43596;8.8293;8.02107;7.81727;6.93606;6.20356;5.75413;5.4838;5.31354;4.95895;4.58626;4.47014;4.04891;3.5515;3.49986;3.52257;3.55676;3.81132;3.99635;4.26846;4.11519;3.95316;4.21131;4.55651;4.69375;5.07376;5.64742;5.86355;6.19084;6.68879;7.44556;8.31829;9.20973;9.71284;10.4101;11.3644;12.0027;12.4466;13.2557;14.1231;15",4.63902,"0.05;0.55;0.4"
36.612,4.68865,0.377877,"1;1.61979;2.1942;2.58715;2.73961;2.70193;2.7005;2.87859;2.87795;3.20516;3.64725;3.82861;4.09583;4.1418;4.60096;4.79667;5.55763;6.24109;6.59609;7.38664;8.36434;9.07648;9.65112;10.4804;11.3342;12.2581;12.9499;13.3684;13.9036;14.598;15.3477;15.754;16.5977;17.0199;17.6694;18.6238;19.3887;19.8195;20.2838;20.5724;20.9809;21.0557;21.0109;21.0471;21.2629;21.4207;20.9983;21.1992;20.9614;20.7466;21","15;14.6982;14.198;13.6359;12.809;12.3172;11.3638;10.4279;9.4774;8.72363;8.14505;7.42289;6.74233;6.1587;5.43339;5.24508;4.86782;4.18781;4.02609;3.99184;3.93158;3.53624;3.22047;3.28497;3.2952;3.49495;3.57709;3.52077;3.4983;3.704;4.13753;4.48198;4.75702;4.8673;5.43224;5.71912;6.2815;6.81183;7.48773;7.91884;8.79305;9.05423;9.86335;10.5227;11.2798;12.1812;13.0769;13.5527;13.9851;14.6271;15",4.77605,"0.05;0.6;0.35"
37.1483,4.91264,0.381845,"1;1.44222;1.86221;1.98749;2.11259;2.04825;2.4238;2.39448;2.22416;2.49224;2.42223;3.00136;3.46705;3.67137;3.82405;4.09813;4.55444;5.15177;5.51584;5.66231;6.0911;6.53595;7.14433;7.98602;8.63281;9.17258;9.98259;10.4116;11.2367;11.8219;12.312;13.1984;13.9809;14.3477;15.0214;15.4649;16.0901;16.9769;17.4423;18.1493;18.7787;19.1639;19.728;20.0299;20.5785;21.1635;21.1684;21.315;21.633;21.8729;21.5334;21.108;21","15;14.8006;14.1141;13.8489;13.203;12.6664;12.0285;11.2927;10.7128;9.94413;9.23708;8.70143;8.09057;7.37363;6.71572;6.21093;5.40427;5.48368;4.90002;4.68679;4.09089;3.91577;4.11446;4.05048;3.99777;3.62327;3.57471;3.577;3.6137;3.25914;3.80933;3.39598;3.74509;4.06214;4.48619;4.96885;5.41541;5.63891;5.68622;6.01056;6.48294;7.13327;7.69292;8.21235;8.66482;9.46803;10.3543;11.2891;11.9165;12.8263;13.1463;14.0246;15",5.16518,"0.05;0.65;0.3"
28.3489,2.36005,12.2328,"1;1.13903;1.81161;2.42366;2.75389;3.07531;3.31226;3.46522;3.55304;4.16329;4.79928;5.0782;5.4723;6.17971;6.46648;7.33559;8.24131;8.75831;9.20048;9.77052;10.2211;11.0581;11.9718;12.8883;13.5496;14.3418;14.8872;15.5879;16.1729;17.0207;17.4145;18.1053;18.8991;19.193;19.4203;19.6839;19.8606;20.3339;20.5637;20.5731;21","15;15.0474;15.5842;16.351;16.6864;17.3799;17.7514;18.6996;18.7835;19.4267;20.1602;20.6621;20.9904;21.5202;21.7603;22.1488;22.5023;22.6899;23.024;22.9164;22.9647;23.3559;23.3625;23.2586;23.0438;23.0782;22.7454;22.4008;22.0759;21.6432;21.3913;20.8166;20.224;19.8303;19.1683;18.3222;17.6605;16.8792;15.9067;15.7664;15",6.12767,"0.05;0.7;0.25"
36.8691,4.70451,0.384076,"1;1.67528;2.00241;2.51308;2.4659;2.39584;2.40155;2.43833;2.64877;2.92748;3.22657;3.59855;4.02513;4.28598;4.5387;4.75892;5.13443;5.45383;6.04135;6.71271;7.65449;8.5265;9.40198;10.0978;10.6207;11.5144;12.4516;13.1166;13.7795;14.2371;15.0791;16.023;16.869;17.4176;18.3748;18.8687;19.2965;19.5427;19.6601;19.8817;20.1983;20.7278;21.3342;21.6244;21.967;22.1648;22.0219;21.8252;21.616;21.5872;21","15;14.4663;14.2222;13.394;12.765;12.044;11.3659;10.8206;9.98167;9.25428;8.61326;7.70052;7.46362;6.94587;6.02591;5.53939;4.90527;4.48646;4.03622;3.89646;3.60543;3.39574;3.43344;3.24694;3.45403;3.69529;3.86482;3.74724;3.90142;4.03274;4.42465;4.61097;5.04524;5.27582;5.47321;6.03824;6.92632;7.3496;8.1017;8.92616;9.33608;9.83187;10.6211;11.0635;11.6553;12.3736;13.2257;13.9783;14.9274;14.9806;15",5.44866,"0.05;0.75;0.2"
28.5337,2.40489,12.1728,"1;1.4733;2.22731;2.73403;3.00535;3.09025;3.52677;4.0333;4.3983;5.10181;5.95506;6.30461;6.70873;7.38911;8.11203;8.57407;9.02956;9.97144;10.8863;10.993;11.6903;12.4373;13.2052;13.9958;14.7143;15.2403;16.0561;16.5849;17.2926;18.0407;18.7398;19.0875;19.5606;19.9908;20.4245;20.9819;20.9886;21.3524;21","15;15.1524;15.7157;16.2396;16.5903;17.2727;18.0503;18.8632;19.6516;20.2395;20.7206;21.0819;21.4458;21.9461;22.4439;22.5787;23.0245;23.0009;23.063;23.0592;23.0018;23.1432;23.1717;23.0541;22.8816;22.495;22.0422;21.7956;21.3831;21.0597;20.387;19.7473;18.9129;18.0673;17.3723;16.8196;16.4857;15.606;15",5.17652,"0.05;0.8;0.15"
30.2405,2.22583,13.0687,"1;1.16954;1.86295;2.28559;2.81408;3.26005;3.42051;3.66744;3.84482;3.98115;3.97576;4.67322;5.11545;5.6304;6.39336;6.93659;7.49794;8.15028;8.9848;9.19605;9.40579;10.0605;10.9627;11.9121;12.7692;13.3427;13.9454;14.854;15.7147;16.1589;16.7688;17.3769;17.468;18.2721;18.4787;18.8325;19.1009;19.5233;20.0679;20.4169;20.8634;20.7679;21","15;15.0975;15.5053;15.7259;16.5075;16.8324;17.5295;18.232;19.0816;19.5885;20.1453;20.8213;21.0957;21.4731;22.1083;22.498;23.3256;23.8378;24.2544;24.2479;24.2927;24.4235;24.353;24.278;23.9488;23.7846;23.5172;23.537;23.2145;22.8883;22.5161;22.1208;21.6275;21.3181;20.8364;20.1341;19.3196;18.5195;17.7418;17.0282;16.1481;15.8851;15",4.71085,"0.05;0.85;0.1"
30.5178,2.12481,13.2523,"1;1.19276;1.93544;2.18963;2.83265;2.89829;3.14103;3.48202;3.83092;4.20528;4.89567;5.16631;5.582;6.1131;6.38635;6.93286;7.22511;7.95713;8.73138;9.12246;9.99218;10.95;11.7955;12.1813;13.1488;13.9887;14.6793;15.5504;15.805;16.5716;17.1667;17.9429;18.0979;18.5347;18.7611;19.096;19.4478;19.9059;20.155;20.4804;20.4759;20.4523;21.0542;21","15;15.0764;15.5814;16.0559;16.8202;17.5936;18.0393;18.7572;19.4399;20.0659;20.7454;21.3201;21.8063;22.3525;22.5827;23.1149;23.3099;23.8362;23.8312;24.1704;24.292;24.4539;24.6089;24.5474;24.4479;23.9274;23.5988;23.3392;23.2286;22.6354;22.4588;22.1831;21.8323;21.0577;20.3969;19.6077;19.1171;18.633;18.0982;17.6393;17.1228;16.2418;15.8171;15",4.10083,"0.05;0.9;0.05"
31.2711,2.06928,13.6924,"1;1.30491;2.0534;2.53887;2.69315;2.96363;3.42259;3.60219;3.85841;4.45843;4.80252;5.36502;5.47501;5.93337;6.60995;6.79447;7.33178;8.09294;8.68874;9.4317;10.0262;10.9788;11.6679;12.5727;13.3024;14.1738;15.0594;15.6168;15.7939;16.7644;17.0497;17.8122;18.0251;18.6821;19.2297;19.7422;20.3816;21.0105;21.3088;21.4143;21.0082;21.0578;21.1989;21","15;15.0502;15.6898;16.18;16.4961;17.2986;18.1051;18.6253;19.1449;19.7923;20.6628;21.4;21.5422;22.0775;22.4019;22.7418;23.2926;23.9412;24.1309;24.3642;24.4059;24.5186;24.4193;24.2004;23.8981;23.7659;23.3215;22.9018;22.7489;22.6115;22.6269;22.1003;22.1328;21.5948;21.303;21.2134;20.5833;19.8332;19.1623;18.2426;17.4991;16.8223;15.9708;15",3.52937,"0.05;0.95;0"
20.925,60.8879,0.259753,"1;1.64965;2.07941;2.67873;3.59003;4.05502;4.76827;5.72837;5.87384;6.84297;7.71885;8.50092;9.38895;10.3701;11.1902;12.1017;12.271;13.2211;14.0216;14.7828;15.189;16.0911;16.7309;17.1938;18.0908;18.8733;19.6811;20.4812;21","15;15.0654;14.9086;14.7197;14.3797;14.2554;13.9702;14.1613;14.0536;13.8235;13.7407;13.6084;13.6778;13.8006;13.5326;13.3152;13.3418;13.5398;13.7221;13.8398;14.0372;14.1704;13.8658;13.7776;14.0199;14.4515;14.9711;15.212;15",2.32628,"0.1;0;0.9"
29.5788,10.8563,0.305297,"1;1.26229;1.48023;2.17322;2.72795;3.32123;3.85342;4.05262;4.44449;4.90405;5.25351;5.53732;5.9775;6.61309;7.16701;7.50982;8.25357;9.21145;9.62959;10.4967;11.3386;11.8309;12.8228;13.7382;14.5063;15.3277;15.8317;16.6056;16.8797;17.3968;17.9509;18.3136;18.75;19.2267;19.652;19.7037;20.0992;20.297;20.5479;21","15;14.4038;13.9741;13.2863;12.5144;11.7375;10.8962;10.5505;9.86789;9.48048;9.0227;8.59724;8.01581;7.75136;7.34902;7.12656;6.74637;6.50721;6.27277;5.97472;5.75716;5.68187;5.56345;5.63247;5.9934;6.32984;7.01429;7.05941;7.60948;8.2405;8.85873;9.28515;10.0549;10.9076;11.6824;12.6436;13.1961;14.1636;14.5586;15",3.7602,"0.1;0.05;0.85"
33.5876,6.15348,0.347988,"1;1.02872;1.66519;2.0568;2.05483;2.1751;2.68561;2.4351;2.56274;3.15201;3.51188;3.97624;4.32714;4.45187;4.91672;4.9898;5.41261;6.04274;6.70807;7.27718;8.09744;8.88232;9.5658;10.5278;11.3143;12.1931;12.98;13.6825;14.5462;15.2417;15.786;16.4798;16.9449;17.49;18.0042;18.7497;19.2729;19.8278;19.7168;19.7761;19.8963;19.8425;20.1492;20.1831;20.3564;20.4743;20.5814;21","15;14.8342;14.2278;13.6281;13.2484;12.4798;11.9936;11.0546;10.4087;9.97716;9.26893;8.73065;8.01458;7.74816;7.37491;6.88046;6.34851;5.986;5.7608;5.34307;5.1229;5.11662;4.95642;4.84169;4.7377;4.72886;4.45348;4.31344;4.44213;4.60615;4.84519;5.4685;6.02084;6.83762;7.23856;7.73726;8.25565;8.79158;9.40132;10.2025;10.9067;11.407;12.2993;12.4143;13.3007;14.1121;14.9457;15",4.2525,"0.1;0.1;0.8"
34.0835,5.72605,0.350416,"1;1.71638;1.95435;2.35078;2.75248;2.81297;2.93675;3.05653;3.36768;3.54797;3.71911;4.19488;4.5685;5.25726;5.83781;6.22853;6.68207;7.30846;7.90944;8.27604;8.74469;9.59829;10.1946;10.6264;11.5249;12.1707;13.0619;13.5466;14.0447;14.7866;15.4708;16.3429;16.5211;17.059;17.1787;17.8648;18.6943;18.7469;19.4991;19.8713;20.0492;20.5266;20.9599;21.2084;21.5502;21.0747;21.3239;21","15;14.3023;13.8963;13.1345;12.2796;12.051;11.1894;10.206;9.97321;9.179;8.75818;8.06747;7.7564;7.29556;6.81639;6.375;6.01106;5.54578;5.20421;5.0106;4.82788;4.35933;4.27822;3.9914;3.67984;3.32645;3.28357;3.28854;3.63096;4.19937;4.92252;5.23948;5.33811;6.15432;6.65121;7.36805;7.89057;8.23946;8.77625;9.24292;9.75939;10.4022;11.2609;12.1362;12.8713;13.4728;14.2422;15",4.53007,"0.1;0.15;0.75"
34.0239,5.46967,0.350334,"1;1.67335;2.09177;2.38821;2.54796;2.75406;2.73609;2.96278;2.99969;2.91073;3.5533;3.93632;4.49212;5.00596;5.40209;5.98134;6.70815;7.39494;7.81185;8.72168;9.59893;10.5529;11.2287;11.8405;12.3133;13.0658;13.5718;13.6707;14.5737;15.3691;16.121;16.9642;17.5603;18.356;18.7264;19.1299;19.7086;20.2334;20.5254;20.7368;21.2874;21.3983;21.1945;20.6634;21.004;21","15;14.5189;13.9693;13.4671;12.4989;11.8248;11.4099;10.586;9.73514;8.83709;8.16482;7.8156;7.43938;6.68143;6.20092;5.87651;5.31966;5.28662;4.90567;4.70024;4.61721;4.37555;4.44744;4.59347;4.75135;4.59453;4.83348;4.81825;4.90071;5.16397;5.56751;5.86453;6.25601;6.72319;7.61661;8.26847;8.97622;9.41551;9.84551;10.7697;11.4798;12.3762;13.0473;13.7151;14.1388;15",4.74156,"0.1;0.2;0.7"
34.1694,5.49614,0.350498,"1;1.19288;1.37059;1.93991;2.13189;2.27798;2.19134;2.48942;2.76503;3.03242;3.68986;3.8047;4.41776;4.90809;5.21119;5.75503;6.40193;6.86852;7.77964;8.14996;8.74057;9.20097;9.91475;10.3837;11.1634;12.1188;12.5973;13.4004;14.3281;15.0211;15.5989;16.3737;17.187;17.9416;18.3948;18.8154;19.451;19.8978;20.259;20.2341;20.2498;20.3403;20.4057;20.7186;21.2249;21.4812;21.2224;21","15;14.5806;13.9953;13.2081;12.6269;11.743;11.104;10.2107;9.5196;8.64562;8.08314;7.93353;7.44374;6.82891;6.43627;5.76838;5.07718;4.64457;4.33494;4.26489;4.16028;4.08711;4.08595;3.95852;4.16992;4.41371;4.67857;4.54753;4.54045;4.81836;5.42946;5.53162;6.1099;6.6023;6.94964;7.56204;8.05653;8.68704;9.18564;9.97353;10.9211;11.6312;12.0312;12.7279;13.0157;13.8818;14.7344;15",5.0188,"0.1;0.25;0.65"
34.6763,5.05532,0.358019,"1;1.58752;1.92783;2.07527;2.18074;2.51784;2.67831;2.72062;3.00429;3.26111;3.5108;3.70858;4.29995;4.76336;5.18088;5.89228;6.07172;6.83746;7.63566;7.90181;8.49048;9.13503;9.49961;10.4345;11.1507;12.042;12.6564;13.6178;14.2031;15.0501;15.3371;15.9657;16.7248;17.497;18.165;18.7631;19.2864;19.3662;19.459;19.5508;19.9799;20.3073;20.3061;20.4147;20.5665;20.5783;20.528;21","15;14.4603;13.8039;12.8344;12.3476;11.81;11.1316;10.555;9.65212;9.2315;8.43675;7.56558;6.91354;6.08586;5.67191;5.13276;4.99772;4.61317;4.32421;4.19312;3.90878;3.59259;3.53127;3.54362;3.62244;3.91382;3.98501;4.24297;4.41;4.64145;4.75721;5.19519;5.81358;5.74591;6.13153;6.68545;6.84206;7.75117;8.19394;9.14337;9.92987;10.8207;11.7491;12.3141;13.1412;13.8345;14.7457;15",5.19904,"0.1;0.3;0.6"
35.2986,4.93893,0.364283,"1;1.5396;2.16007;2.34973;2.43925;2.31946;2.39808;2.25462;2.3941;2.57146;2.75146;3.08403;3.45107;3.9302;4.46268;4.86075;5.51611;6.06388;6.56053;7.09633;7.82248;8.73766;9.50702;9.76258;10.5277;11.4801;12.2552;13.0149;13.5392;14.3711;15.1472;15.967;16.8708;17.7931;18.0742;18.5907;19.102;19.4124;20.031;20.4604;20.7825;20.8766;20.9293;21.3754;21.4716;21.5081;21.6991;21.3894;21","15;14.7196;14.1612;13.6368;13.0835;12.2581;11.3253;10.746;9.84914;8.87011;8.12804;7.42765;7.13596;6.7453;6.19149;5.51972;5.47443;4.92146;4.75258;4.51501;4.29496;3.99544;4.04886;4.1397;4.27624;4.10559;4.1627;4.23314;4.38746;4.88466;5.00247;5.28718;5.60624;5.80603;5.94134;6.47093;7.28431;7.73823;8.28586;8.97071;9.67781;10.3215;11.1126;11.8429;12.5396;12.8855;13.3758;14.3148;15",5.45884,"0.1;0.35;0.55"
35.7653,4.93,0.367059,"1;1.4261;1.95239;2.17345;2.24006;2.35282;2.37348;2.64507;2.89211;2.88858;3.03657;3.16521;3.44036;4.0163;4.83973;5.63947;6.4308;7.03618;7.84621;8.37439;9.23335;10.0303;10.5211;11.4402;12.1424;12.9837;13.804;14.5769;15.0101;15.87;16.6878;17.0656;17.558;18.1846;18.8333;19.229;19.4356;19.6893;19.9384;20.2104;20.6906;20.908;21.3487;21.5023;21.2306;21.2709;21.386;21","15;14.3741;13.7674;13.288;12.5943;11.6877;11.1011;10.351;9.7223;9.26187;8.52376;7.69728;6.79772;6.03523;5.54072;5.17962;4.89379;4.42589;3.93985;3.63253;4.10148;4.28562;4.41312;4.09947;3.93286;3.69609;3.54297;3.98369;4.01796;4.21286;4.47828;5.29781;5.68574;6.20059;6.87372;7.23996;8.06073;8.47016;8.99495;9.67664;10.3241;10.965;11.8185;12.4321;13.2889;13.7583;14.5207;15",5.73207,"0.1;0.4;0.5"
36.7121,4.80606,0.377899,"1;1.26261;1.53876;1.69975;1.92906;2.1422;2.14069;2.35016;2.34471;2.549;2.81504;3.19431;3.49944;3.43866;3.67432;3.9344;4.20801;4.59047;5.26572;5.97057;6.71276;7.36557;8.15403;8.68003;9.20716;9.79276;10.6321;11.5283;12.3628;12.9378;13.4362;14.2784;15.054;15.4305;16.1309;16.6833;17.1555;17.883;18.6989;19.042;19.839;20.4442;20.8768;21.2309;21.323;21.5594;21.6397;21.2099;20.8078;20.9172;20.4398;21","15;14.8575;14.5668;14.3402;13.8602;13.1159;12.5651;11.988;11.0609;10.5371;9.73824;8.84946;8.08468;7.27457;6.42092;5.79611;5.49086;4.83375;4.43518;4.58364;4.84833;4.65336;4.34196;4.2115;4.18753;3.99038;3.80921;3.67719;3.80202;4.05087;3.9028;3.83812;4.13718;4.32227;4.68027;5.20469;5.4926;6.13552;6.43;6.64923;7.13153;7.79505;8.41648;9.29591;10.1369;10.6064;11.2793;11.9765;12.8331;13.7203;14.2785;15",6.00399,"0.1;0.45;0.45"
35.1321,5.10384,0.362033,"1;1.65793;1.80826;2.0591;2.10439;2.20589;2.1784;2.12605;2.36088;2.68705;3.10338;3.35971;3.49318;3.95029;4.34699;4.84944;5.03499;5.87508;6.13902;6.36646;7.13673;7.57454;8.29464;9.21174;10.1111;10.9032;11.8665;12.7244;13.6448;14.4195;15.1849;15.7141;16.2011;16.5972;17.1568;17.5875;17.8107;18.365;18.8296;19.0174;19.3845;19.5254;19.7232;19.7771;20.0538;20.0706;20.0399;20.1587;20.3103;20.6361;21","15;14.5735;14.4112;13.5847;12.9996;12.2362;11.5293;11.2637;10.4328;9.48856;8.83793;8.07238;7.25348;6.36781;6.15026;5.79793;5.34497;5.14659;5.06228;5.09825;4.58435;4.67001;4.24868;4.0361;3.93591;3.53751;3.6211;3.51977;3.28167;3.56518;3.81086;3.9655;4.31148;4.4618;5.02986;5.35914;5.82414;6.46447;7.16498;7.51124;8.4232;8.82985;9.79409;10.481;11.3228;11.8615;12.5071;13.1227;13.8909;14.3943;15",6.20994,"0.1;0.5;0.4"
36.5744,4.85246,0.378474,"1;1.34797;1.77604;2.55966;2.76576;2.66054;2.67427;2.46825;2.85682;3.15958;3.30446;3.65357;3.98117;4.288;4.71048;5.52026;6.02035;6.31281;6.99339;7.38806;8.15934;8.93091;9.78766;10.5423;11.3051;12.1405;12.9934;13.7344;14.4105;15.0366;15.5195;16.0623;16.8088;17.4977;17.7948;18.4756;19.2976;19.7447;19.8871;20.007;20.1391;20.8792;21.4265;21.5796;21.4305;21.6032;21.6839;22.0681;21.694;21.1872;21","15;14.6145;14.2644;13.7492;12.9026;12.7355;11.8982;10.9396;10.2681;9.60208;8.76504;7.8688;7.24531;6.60569;6.12743;5.61931;5.02664;4.49062;4.04266;3.81552;3.80262;3.34383;3.39488;3.40844;3.29842;3.4104;3.53667;3.61129;3.87195;4.17648;4.25642;4.30396;4.94027;5.49295;5.80433;6.47755;7.03358;7.49423;8.28594;8.94277;9.69673;10.2831;10.9957;11.7936;12.2319;12.8525;13.1432;14.0243;14.7386;14.8048;15",6.45876,"0.1;0.55;0.35"
27.9793,2.75272,11.703,"1;1.76964;2.21798;2.7663;2.9935;3.22978;3.69076;3.82677;4.22337;4.4809;4.7023;5.03179;5.90435;6.67435;7.45923;8.42988;9.33813;10.2069;10.8077;11.6703;12.5938;13.356;13.7543;14.5589;15.4307;16.3463;17.219;17.5112;18.0791;18.5651;19.3232;20.1008;20.5164;20.6328;20.5716;20.6473;21","15;15.0701;15.0834;15.7171;16.5138;17.2839;18.1674;18.6759;19.3227;19.7833;20.1209;20.5997;21.0469;21.6789;22.2093;22.4444;22.7236;22.7825;22.8851;22.6827;22.5247;22.1307;21.9367;21.7259;21.2914;21;20.5485;20.1648;19.4066;19.0043;18.4364;17.8901;17.6614;17.2151;16.2805;15.3346;15",7.96048,"0.1;0.6;0.3"
27.2965,2.73599,11.5775,"1;1.50357;1.71624;2.36936;2.67696;3.22991;3.43918;4.02286;4.52023;5.0926;5.46852;6.02535;6.47406;7.09362;7.51448;8.39703;8.90906;9.23927;10.049;10.5466;11.4627;12.4105;12.4971;13.4249;14.1491;15.1192;16.0523;16.9457;17.6615;17.9697;18.2558;18.4798;19.1443;19.2324;19.6358;20.3307;20.6971;21","15;15.246;15.3984;16.0737;16.6587;17.4826;17.8087;18.6028;19.3565;19.8154;20.3582;20.8992;21.3831;21.7237;22.085;22.3429;22.4767;22.6048;22.5357;22.4664;22.3507;22.3907;22.3875;22.3089;22.0669;21.8445;21.5882;21.3714;20.9153;20.6907;19.9632;19.1268;18.5113;17.7033;16.8352;16.1326;15.4278;15",7.40243,"0.1;0.65;0.25"
35.8253,4.70401,0.369618,"1;1.56591;2.12489;2.26321;2.40143;2.67359;2.75338;2.78577;2.99678;3.44714;3.68019;3.69532;4.01481;4.27051;4.83931;5.50429;6.37665;6.95353;7.39415;8.29497;8.97664;9.49105;10.364;11.1093;12.06;12.863;13.2439;14.0587;14.9059;15.2201;16.04;16.5746;16.9613;17.826;18.5337;18.8391;19.5978;20.297;20.9837;21.2815;21.2358;21.4702;21.8525;21.9754;21.9456;21.7065;21.4522;21.2975;20.9094;21","15;14.7379;14.0084;13.5761;12.6452;11.7247;11.2586;10.5475;9.59845;8.74921;8.32274;7.50885;6.78517;6.23066;5.42175;4.97409;4.51888;3.76428;3.72003;3.741;3.68844;3.66795;3.7179;3.66631;3.92561;4.00997;4.06605;4.14271;4.48354;4.58024;4.87709;5.52169;5.6781;6.0279;6.72965;7.16606;7.80351;8.24326;8.70243;9.35926;9.79649;10.6392;11.5533;12.0456;12.556;13.022;13.6099;14.179;14.865;15",6.94926,"0.1;0.7;0.2"
28.4361,2.44354,12.3524,"1;1.55265;1.73139;2.04848;2.31106;2.4325;2.90914;3.5594;3.83035;4.47711;4.65307;5.0975;5.71488;6.17441;6.45907;7.0282;7.69988;8.10723;8.76303;9.22689;9.77716;10.6148;11.5218;11.9809;12.7249;13.2716;13.9566;14.7865;15.0326;15.7204;16.3074;17.0987;17.3466;18.1805;18.6519;19.0779;19.6616;20.3541;20.6152;20.771;20.6771;20.4538;20.9547;21","15;15.4305;15.6561;16.108;16.5615;16.8755;17.5117;18.2617;18.6524;19.3767;19.7732;20.2201;20.7404;21.2306;21.5447;21.8974;22.2508;22.5826;22.8991;23.0483;23.1497;22.9846;23.2512;23.4047;23.1755;22.9621;22.638;22.2354;22.1951;22.0128;21.4662;20.9686;20.954;20.5857;20.5467;19.9692;19.1989;18.5772;17.8032;16.9741;16.7461;15.9428;15.0803;15",6.52912,"0.1;0.75;0.15"
29.2479,2.24756,12.7108,"1;1.53269;2.19107;2.38203;2.45818;3.02175;3.19713;3.53954;3.71722;4.17122;4.703;5.21754;6.10389;6.4426;7.12028;7.95774;8.88968;9.38943;10.1556;11.0769;12.0464;12.3831;13.3551;14.1615;15.0097;15.7216;16.6106;16.9612;17.4866;17.874;18.5299;19.3733;19.7931;20.1447;20.5569;20.5419;20.6791;20.7444;20.734;21","15;15.2018;15.9376;16.0784;17.0755;17.9015;18.3257;19.1492;19.6041;19.9779;20.6666;21.1745;21.5053;21.6876;22.1908;22.5152;22.8311;23.3151;23.4297;23.4127;23.568;23.6986;23.6726;23.3352;23.1965;22.8203;22.3947;22.0523;21.3399;21.0418;20.5001;19.9812;19.6222;18.8906;18.0845;17.7979;16.9766;16.1089;15.4597;15",5.99392,"0.1;0.8;0.1"
28.482,2.48077,12.2317,"1;1.83589;2.23644;2.50592;2.67311;3.0473;3.08243;3.35539;3.87456;4.19974;4.38672;4.88673;5.60694;6.36631;7.18593;7.96424;8.49935;9.06366;9.60098;10.519;11.1211;11.5853;12.3411;13.2925;14.2782;15.0704;15.8352;16.2106;16.896;17.3389;18.0128;18.6786;19.048;19.0909;19.0379;19.609;19.9863;20.4369;20.8207;21","15;15.5489;15.7938;16.3529;16.7523;17.1943;17.7424;18.6225;19.2092;19.8648;20.2284;20.9197;21.5007;21.9155;22.4;22.3389;22.3082;22.3686;22.5244;22.9159;22.8158;22.7402;22.609;22.8027;22.8293;22.6799;22.5031;22.3225;22.0078;21.1713;20.4654;19.7733;19.3227;18.469;18.1895;17.5509;16.816;16.2356;15.3542;15",5.56844,"0.1;0.85;0.05"
30.615,2.27503,13.4617,"1;1.66839;1.79403;2.07788;2.83315;3.31755;3.4223;3.71824;4.3215;4.96915;5.25045;5.7827;6.18679;6.89398;7.2928;7.91876;8.50762;8.90744;9.79571;10.1945;11.083;11.9195;12.7883;13.5064;14.2193;14.8011;15.3449;15.9772;16.5486;17.2268;17.4912;18.2265;19.0152;19.4379;19.6294;20.0238;20.142;20.4768;20.3987;20.4159;20.5251;21","15;15.7044;16.5058;16.7085;17.186;17.9105;18.5001;19.1241;19.8185;20.372;21.1327;21.5126;22.158;22.8122;23.2083;23.768;24.0353;24.1181;24.2991;24.3949;24.5783;24.503;24.3611;24.1998;23.9317;23.9783;23.705;23.3673;23.2566;22.8512;22.4321;21.7635;21.4031;20.7294;20.4032;19.7352;19.104;18.2566;17.3261;16.3369;15.6212;15",5.10903,"0.1;0.9;0"
20.6882,54.2008,0.299885,"1;1.12421;2.04451;2.56743;3.10397;4.02002;4.87185;5.22753;6.14208;6.93041;7.90875;8.74171;9.57974;10.4607;11.3641;12.2876;13.2434;13.9601;14.8726;15.6993;16.4377;17.0788;18.0153;18.7367;19.0756;20.0577;20.2845;21","15;14.956;14.7537;14.627;14.6328;14.6849;14.6447;14.7167;14.7233;14.9536;15.0797;14.8745;14.4879;14.445;14.7564;15.0861;14.8;14.6447;14.3055;14.0598;14.0121;14.0438;14.0873;14.1968;14.2075;14.368;14.533;15",3.35813,"0.15;0;0.85"
28.3128,13.6406,0.293204,"1;1.49698;2.21654;2.36215;2.78763;2.8712;3.40989;3.91699;4.25033;4.70219;5.12731;5.42437;5.90294;6.42836;6.874;7.77133;7.88211;8.79083;9.44507;10.2594;11.0087;11.2797;12.2144;12.9864;13.8538;14.6541;15.2516;16.0914;16.5605;16.6676;17.3853;17.8977;18.3082;18.9884;19.0723;19.4296;19.8577;20.4708;20.9424;21","15;14.5376;13.8488;13.5542;12.6695;12.5216;11.7719;11.1334;10.5747;9.72554;8.95417;8.35076;8.11913;7.30447;7.05888;6.82646;6.83104;6.5766;6.43535;6.48008;6.43186;6.49393;6.67372;6.74077;6.91223;7.39879;7.70886;8.23554;8.67248;9.18025;9.86451;10.3559;10.923;11.5635;12.0192;12.5776;13.3763;14.1428;14.7455;15",5.16351,"0.15;0.05;0.8"
30.6514,8.55642,0.317136,"1;1.4702;2.12386;2.55645;2.71876;2.79873;2.84985;3.00156;3.22666;3.66719;4.06672;4.58739;5.33589;5.87022;6.40662;7.28422;7.91619;8.65088;9.19054;10.0685;10.8268;11.7965;12.7747;13.4576;14.2619;14.9454;15.6596;16.2547;16.7956;17.2042;18.0263;18.3122;18.6975;19.0415;18.9898;19.2896;19.9571;20.459;20.5987;21","15;14.667;14.0581;13.5822;12.8193;12.2897;11.8392;11.1787;10.8392;9.97042;9.07436;8.31933;7.8024;7.56379;7.36586;6.98766;6.57181;6.04625;5.81099;5.38464;5.24183;5.35449;5.22317;5.16604;5.30126;5.70367;6.18259;6.65861;7.38193;7.84212;8.40173;8.95817;9.84727;10.6349;10.9911;11.9065;12.6006;13.434;14.3363;15",5.6912,"0.15;0.1;0.75"
32.3623,7.02862,0.339928,"1;1.63789;2.19087;2.42878;2.59813;2.67408;3.04442;3.49792;3.96619;4.39639;4.68413;5.3484;5.79449;6.23687;6.7955;7.48816;8.26333;8.78482;9.58305;10.445;11.4096;12.402;12.8489;13.4178;13.9221;14.8482;15.3861;15.7182;16.2435;16.7006;17.0683;17.4546;17.999;18.2239;18.3333;19.0221;19.4649;19.5526;19.8062;19.9474;20.0141;21","15;14.2299;13.424;12.6401;11.8078;10.9359;10.0265;9.24881;8.45182;8.01116;7.35345;6.75924;6.44773;5.637;5.15915;4.77813;4.59767;4.45913;4.44991;4.48516;4.66528;4.72111;4.66846;4.81737;4.90927;5.15795;5.75163;6.09577;6.79146;7.30966;7.85697;8.53235;9.3691;9.84791;10.4575;11.1631;11.7681;12.5929;13.5392;14.0647;14.8899;15",6.14659,"0.15;0.15;0.7"
33.8511,5.47,0.347684,"1;1.58533;1.98414;2.2965;2.8632;3.2523;3.30022;3.48086;3.58679;3.85486;4.07651;4.2948;4.84468;4.95741;5.0552;5.58288;6.41498;7.23759;7.93781;8.76439;9.40741;10.2554;10.6708;11.3399;12.1342;12.6979;13.225;14.1548;14.8986;15.5561;16.3799;17.1144;17.473;18.1363;18.7359;19.3142;19.5494;19.8972;19.9311;19.996;20.2733;20.6342;20.5377;20.7277;20.6126;20.7248;21","15;14.3789;13.5987;12.6598;11.9634;11.2817;10.6721;10.1473;9.36752;8.6479;7.84863;7.35543;6.79092;6.38015;5.8029;5.14541;5.12806;4.77569;4.56138;4.58224;4.63907;4.69094;4.58761;4.37198;4.44253;4.54424;4.54116;4.5475;4.76521;4.9066;5.12006;5.66729;5.80082;6.51469;7.0403;7.55179;7.83342;8.65187;9.00415;9.87139;10.5179;11.3584;12.0916;12.6797;13.3926;14.125;15",6.39766,"0.15;0.2;0.65"
35.0155,5.5602,0.366669,"1;1.98113;1.9775;2.24287;2.44422;2.56604;2.7625;2.69508;2.58721;2.6774;3.23251;3.46258;4.01559;4.29352;4.9037;5.67578;6.33938;6.95348;7.44919;7.88729;8.41488;9.02419;9.48994;10.3013;10.9349;11.299;12.0916;12.5784;13.3171;14.2187;15.0667;15.5361;16.229;16.9244;17.4059;18.3361;19.0483;19.6358;19.9467;19.8872;19.9793;19.9127;20.542;20.2668;20.2698;20.2798;20.1514;20.0192;20.5972;21","15;14.8066;13.8522;12.9408;12.2711;11.7805;11.052;10.7302;9.8975;9.63054;8.85507;8.46689;7.77169;7.47979;6.97896;6.37487;5.8317;5.56211;5.33458;4.99697;4.52775;4.34658;4.14443;4.16711;4.13128;4.29407;4.41764;4.6571;4.56883;4.68803;4.69373;4.75179;5.14738;5.47928;6.09883;6.43667;6.68841;7.103;7.70913;8.55535;9.48187;9.7782;10.5402;11.1968;12.1692;12.4327;13.3399;14.2449;14.7824;15",6.86238,"0.15;0.25;0.6"
35.8531,8.51726,0.397521,"1;1.37508;1.89961;2.05792;2.33129;2.46603;2.81707;3.08724;3.31833;3.3595;3.66763;3.90513;4.28416;4.71695;5.18767;5.75424;6.49869;6.99342;7.98396;8.7089;9.55691;10.0339;10.9915;11.6307;12.159;12.8727;13.8271;14.3723;15.1323;15.7136;16.3471;16.8596;17.2077;17.6946;17.7022;17.9271;18.2263;18.0978;17.9192;17.6794;17.8228;17.7393;17.5077;18.1439;19.0798;19.4865;20.4133;21","15;14.6363;14.0114;13.7232;12.8865;11.9744;11.0593;10.1851;9.73057;8.95859;8.06322;7.50504;7.28796;6.48717;5.61497;5.09966;4.65727;4.02655;4.09621;3.88501;3.89564;3.75226;3.67999;3.9125;4.10532;4.39793;4.40337;4.48366;5.05272;5.58713;5.91834;6.21707;6.82907;7.5175;8.08695;9.01012;9.7725;10.5063;10.9694;11.6004;12.248;13.1574;14.0001;14.4193;14.7489;15.3183;15.0545;15",8.15177,"0.15;0.3;0.55"
34.2109,5.34289,0.351765,"1;1.33939;1.77879;2.17724;2.41676;2.5728;2.71924;2.90714;2.80819;2.9437;3.48856;3.68194;4.30275;4.86048;5.04474;5.28138;5.79617;6.47082;7.0399;7.6169;8.52685;8.9666;9.85979;10.5146;11.3218;12.0773;12.7455;13.6749;13.8755;14.6322;14.8031;15.374;16.0621;16.5004;17.1887;17.7361;18.2348;18.6491;19.1171;19.8475;20.1291;20.2194;20.2459;20.6445;21.141;21.3875;21.3906;21.1511;21.0267;21","15;14.7588;14.2861;13.3986;12.6779;11.9213;11.5846;10.7614;9.85723;9.36876;8.93021;8.52915;7.75611;7.3108;6.86567;6.32157;5.60703;5.11468;4.66809;4.49489;4.17298;4.30261;4.0856;3.45372;3.79842;3.9474;4.1065;4.19439;4.2905;4.63552;4.87052;5.36389;5.98707;6.2777;6.73826;6.941;7.31267;7.49961;8.19134;8.67423;9.54707;10.3727;10.4156;11.0907;11.6683;12.1655;12.904;13.7764;14.5767;15",7.17753,"0.15;0.35;0.5"
36.1519,4.86147,0.377115,"1;1.45825;1.485;1.8085;2.33909;2.40483;2.45856;2.53508;3.0272;3.23378;3.52068;3.72514;4.07427;4.32411;4.37071;4.85997;5.69931;5.8488;6.84239;7.13738;8.04981;8.77094;9.59356;10.0709;10.9513;11.529;12.3271;13.0585;13.5707;14.0698;14.9621;15.9329;16.6318;17.1204;17.7864;18.3897;19.1353;19.3624;19.8472;20.2155;20.8063;21.4335;21.5216;21.5536;21.7203;21.805;21.7827;22.0164;21.6929;21","15;14.5691;14.1082;13.6036;12.8294;12.2369;11.5897;10.7897;9.99296;9.37858;9.10921;8.42447;7.50756;6.5451;5.89833;5.21119;4.72415;4.55401;4.5063;4.44304;4.37843;4.03875;3.98135;3.90696;3.8863;3.94708;4.10578;4.05448;4.01144;4.08173;4.14313;4.38293;4.86502;5.29562;5.82162;6.11602;6.62344;7.18193;7.81722;8.7031;9.3629;10.0253;10.9222;11.454;12.1666;13.1026;13.8475;14.3517;14.9707;15",7.53708,"0.15;0.4;0.45"
35.4197,5.51033,0.36499,"1;1.04989;1.60545;1.7663;2.11653;2.20917;2.4404;2.56874;2.87169;2.58533;3.00132;3.54795;3.87629;4.48603;4.76663;5.27793;5.61119;6.43843;7.26988;7.95492;8.56349;9.46971;10.1139;11.0519;12.0067;12.9419;13.542;14.3516;14.8673;15.6399;16.4838;16.8743;17.5449;17.7736;17.8652;18.1298;18.7909;19.3882;19.9645;20.4047;20.9302;21.651;21.9098;22.5721;22.2115;21.3989;20.6775;21","15;14.973;14.435;14.2078;13.4793;12.7309;12.1136;11.1907;10.3264;9.57507;8.89954;8.07827;7.3751;6.76552;6.28585;5.75235;5.57029;5.19935;4.97567;4.77166;4.34062;4.18529;3.99288;3.83947;3.92474;4.13345;4.20156;4.5913;5.03936;5.59689;6.1018;6.31415;6.99596;7.69531;8.40852;8.65419;9.05955;9.70762;10.3834;11.0501;11.5426;12.0112;12.4287;13.0367;13.5074;13.9648;14.5628;15",7.9386,"0.15;0.45;0.4"
34.3883,5.36002,0.354565,"1;1.66711;1.86286;2.13015;1.98026;2.38933;2.40421;2.65232;2.93097;3.51207;3.1902;3.73086;4.52574;5.04594;5.92613;6.33117;6.45357;7.07374;7.65339;8.14507;8.83001;9.41042;10.1666;11.1069;11.948;12.6054;13.1448;14.0457;14.7354;15.5866;16.0719;16.5125;16.8246;17.0957;17.7119;18.3102;19.0252;19.5812;19.8643;19.9991;20.647;20.8292;21.061;21.4357;21.581;21.6229;21.3344;21","15;14.5528;14.0427;13.1326;12.3777;11.7496;10.7783;9.99157;9.09986;8.71749;7.85059;7.20761;6.82571;6.46323;6.07653;5.83043;5.75677;5.41502;4.84542;4.67915;4.46614;4.21952;3.86838;3.8832;4.05514;4.16717;4.31701;4.51081;4.87909;5.26447;5.51527;6.04449;6.20438;6.20587;6.80565;7.31087;7.9129;8.64313;9.19883;9.55161;10.2203;10.7737;11.3072;12.1845;13.0921;13.8437;14.5712;15",7.96236,"0.15;0.5;0.35"
35.5697,4.88567,0.36569,"1;1.39918;1.67991;1.61851;2.06316;2.34702;2.59657;2.93849;3.04128;3.31929;3.44986;3.58289;3.61959;3.82098;4.5134;5.00237;5.36406;5.97736;6.82062;7.62676;7.88224;8.62552;9.48399;10.3307;10.9877;11.9745;12.8487;13.5186;14.1972;15.1525;15.4241;16.1731;16.9142;17.8731;17.9924;18.4583;19.192;19.6162;20.3232;20.9011;21.0221;21.0537;21.0604;21.4372;21.3444;21.2113;21.328;21.3275;21.06;21","15;14.7961;14.0276;13.5615;12.7127;11.8576;10.8981;10.078;9.8318;9.24626;8.55615;8.23511;7.2831;6.70248;6.27258;5.60577;5.35112;4.83179;4.68425;4.29595;4.41831;4.21203;4.08108;4.05212;3.9458;3.89561;3.71076;3.92513;4.04541;4.3404;4.48115;5.07058;5.46428;5.41631;5.64894;6.31297;6.75792;7.34527;7.96902;8.3254;9.13859;9.82767;10.5633;11.2022;11.9886;12.5965;13.0923;14.0896;14.8624;15",8.13227,"0.15;0.55;0.3"
26.8736,2.91091,11.2697,"1;1.87486;2.44355;2.97008;3.49713;3.79322;4.15154;4.55874;4.73639;5.38921;5.63891;6.21821;6.48081;7.19421;7.95057;8.876;9.616;9.90122;10.7656;11.2027;11.8249;12.7254;13.4471;14.1789;14.8048;15.4121;16.1875;16.889;17.2654;17.6829;17.8828;18.3081;18.3145;18.654;19.212;19.8756;20.6533;21","15;15.4844;16.173;16.7878;17.5126;18.4524;19.0838;19.8272;20.1646;20.4474;20.6366;21.0003;21.2101;21.604;21.8904;22.2463;22.6031;22.7317;22.8649;22.7765;22.7341;22.4608;22.1347;21.7548;21.6177;21.4858;21.1213;20.6051;20.0649;19.5324;19.1875;18.52;18.5092;17.7995;17.176;16.4394;15.8564;15",8.59502,"0.15;0.6;0.25"
28.0695,2.4661,12.1392,"1;1.18759;1.65445;2.05021;2.59409;2.87871;2.96415;3.52219;4.02234;4.54687;5.3053;5.91316;6.46946;7.4225;8.34741;8.93805;9.55441;10.4657;11.4224;12.2264;12.6167;12.8947;13.6772;14.0384;14.8256;15.2677;15.8498;16.7597;16.9874;17.542;18.1417;18.857;19.2281;19.6461;20.0281;20.3481;20.7713;21","15;15.0524;15.2444;16.1386;16.971;17.6838;17.8998;18.7121;19.5419;20.1847;20.7738;21.4293;22.1782;22.143;22.3834;22.4061;22.7973;22.7113;22.8051;22.9783;22.995;22.9192;22.8415;22.763;22.5273;22.0117;21.7349;21.4956;21.3325;20.7206;20.2547;19.559;19.2797;18.4557;17.5841;16.6661;15.8642;15",8.24122,"0.15;0.65;0.2"
27.5961,2.60612,11.7929,"1;1.837;2.1365;2.64581;2.96536;3.30041;3.61397;3.82786;4.50739;4.93618;5.16983;5.71824;6.30755;6.86961;7.583;8.14913;8.65396;9.42706;10.1432;11.04;11.5539;12.4164;13.1364;13.6986;14.1835;14.9603;15.3718;16.2109;16.6088;17.3767;18.1135;18.7019;18.8855;19.5626;19.6918;20.0019;20.0652;20.38;20.7213;21","15;15.48;15.7909;16.2885;16.6567;17.5779;18.2759;18.7985;19.5214;19.758;20.0896;20.5007;20.9505;21.3146;21.7933;22.0693;22.2593;22.0855;22.2963;22.6624;22.712;22.6218;22.6029;22.7502;22.5473;22.3744;22.2254;21.8316;21.6149;21.1665;20.7336;20.0952;19.9216;19.2366;18.7461;17.9848;17.1748;16.5975;15.9034;15",7.73263,"0.15;0.7;0.15"
28.8717,2.49462,12.4636,"1;1.65296;1.93335;2.28717;2.50421;3.19174;3.35776;3.75952;3.91895;4.40818;4.52589;5.06144;5.64243;5.93015;6.80283;7.6497;8.64086;9.1404;9.85499;10.6517;11.6233;12.4559;12.9283;13.6876;14.3858;14.9889;15.4384;16.0403;16.3195;17.0715;17.8228;18.157;18.7079;19.2983;20.0815;20.6628;20.7977;20.8492;21.4951;21","15;15.3256;16.06;16.8361;17.2318;17.6829;18.3949;19.0531;19.4858;20.1925;20.4684;21.1356;21.5566;21.6493;21.8492;22.3577;22.3537;22.4572;22.5554;22.5804;22.8144;23.0584;23.4305;23.0415;22.6902;22.3492;22.0612;21.6415;21.313;20.8799;20.2686;20.0856;19.6492;18.9778;18.3646;17.7173;17.345;16.4309;15.7971;15",7.44808,"0.15;0.75;0.1"
30.0812,2.22627,13.1966,"1;1.40009;1.69665;1.8288;2.09158;2.29603;2.57461;3.00718;3.57337;4.04601;4.66545;5.26954;5.72217;6.57546;7.36739;8.2264;9.06323;9.5589;10.2005;10.7725;11.2572;12.1605;12.2881;13.1933;13.7494;14.4208;15.3327;15.9193;16.8712;17.5555;18.0304;18.56;19.1161;19.8833;20.1783;20.6541;21.073;21.5014;21.3768;21.1482;21","15;15.1964;15.4259;15.5595;15.9512;16.4437;17.4041;18.2705;18.8496;19.4875;20.2453;20.8267;21.4937;21.9503;22.4116;22.8777;23.178;22.7801;23.3578;23.6172;23.4223;23.147;23.16;22.9322;22.8329;22.6493;22.8806;22.8418;22.7054;22.2956;22.0044;21.7496;20.921;20.3301;19.5201;18.6953;17.7915;17.1807;16.3623;15.8214;15",6.95303,"0.15;0.8;0.05"
29.2976,2.26318,12.7439,"1;1.86045;2.36795;2.73348;3.08476;3.68369;4.25104;4.43115;5.06071;5.84478;6.46237;6.96214;7.3973;7.82203;8.67213;9.55228;10.0766;11.0292;11.9416;12.6984;13.3299;14.1375;14.8653;15.4066;15.9997;16.5573;17.0872;17.5653;18.0563;18.8314;19.3841;19.8141;20.3189;20.5871;20.668;20.7837;20.8649;21.0267;21","15;15.5095;16.246;16.6566;17.5871;18.2277;18.9934;19.9425;20.628;21.19;21.4952;22.0886;22.7404;22.9907;23.4017;23.724;23.8085;23.95;24.2023;23.943;23.6276;23.5118;23.0629;22.6432;22.5252;21.9826;21.1496;21.1099;20.5389;20.0616;19.6725;19.022;18.2632;17.5258;16.8785;16.4844;16.0578;15.4538;15",6.31835,"0.15;0.85;0"
21.0814,63.4671,0.270831,"1;2;2.55671;3.21474;3.95134;4.59158;5.41883;6.29854;6.62762;7.4702;8.35738;9.00674;9.58652;10.1127;10.8214;11.4287;12.3356;13.1159;13.3559;14.2529;14.803;15.261;15.8629;16.7152;17.2586;17.9322;18.5203;19.1804;20.1091;21","15;15;14.6497;14.3555;14.17;13.8072;13.3307;13.2291;13.188;13.0914;13.1002;13.2177;12.7864;12.8716;12.8504;13.3384;13.5274;13.7975;13.7593;13.8347;13.9986;13.9324;14.0911;14.468;14.7383;14.7473;15.0044;15.0844;15.0746;15",4.43294,"0.2;0;0.8"
20.3056,48.9172,0.426493,"1;1.54504;2.03328;2.41992;3.37596;4.12315;5.0473;5.61994;6.26813;6.85309;7.81525;8.70733;9.18035;10.039;10.9369;11.9262;12.0418;12.9023;13.7608;14.7115;15.5405;16.2184;17.1175;18.0082;18.9296;19.7483;20.6745;21","15;14.8682;14.8523;14.8423;14.849;14.949;14.8899;14.8051;14.9545;14.9317;14.9835;15.0982;15.1506;15.3632;15.3621;15.2245;15.2324;15.004;14.7046;14.9437;14.8344;15.0245;15.0881;15.245;15.0747;15.1906;14.9718;15",6.82686,"0.2;0.05;0.75"
29.4302,11.8835,0.302816,"1;1.25306;1.6472;2.20161;2.52873;2.78561;2.92741;3.38674;3.65165;3.82078;4.43174;4.89098;5.52521;6.23837;6.90538;7.42038;7.75418;8.18334;8.77155;9.74181;10.5736;11.4034;12.0911;12.9324;13.681;14.3019;14.7927;15.6946;16.295;16.896;17.7037;18.3507;19.132;19.6823;19.9027;20.0415;20.2553;20.6933;21.1652;21","15;14.5658;13.8273;13.3186;12.6829;11.7299;11.3617;10.7202;10.2711;9.58185;9.37904;9.13715;8.968;8.42615;7.89901;7.35163;7.03678;6.68106;6.25881;6.09979;5.9932;6.04233;6.10129;6.04587;6.69505;7.01223;7.19578;7.49011;7.95406;8.44514;9.00445;9.63329;10.2007;10.5784;11.1778;11.7961;12.4819;13.286;14.079;15",7.28637,"0.2;0.1;0.7"
29.8615,9.57067,0.307757,"1;1.24058;1.61821;2.0118;2.16843;2.50443;2.86735;3.15584;3.48112;3.91108;4.32968;4.76926;5.43098;5.87784;6.596;6.75688;6.91475;7.20414;7.99497;8.66288;9.61168;10.2012;10.9816;11.3169;12.1637;13.1376;13.9827;14.7586;15.5671;16.5196;16.9565;17.6188;18.102;18.4641;18.6423;19.0411;19.3317;19.6646;20.0507;20.5225;20.7571;21","15;14.6839;13.8567;12.9822;12.2616;11.9136;11.0127;10.2613;9.50605;9.06593;8.42563;8.03923;7.74411;7.42914;6.8561;6.74664;6.64598;6.46855;6.25421;5.95654;6.11009;5.74995;5.8035;5.77712;5.92152;5.9185;6.05432;6.50731;6.97235;7.20484;7.93039;8.64655;9.49882;9.95339;10.6093;11.4609;11.9483;12.3894;13.0813;13.9028;14.6872;15",7.60795,"0.2;0.15;0.65"
32.4429,6.72895,0.333029,"1;1.53973;1.81161;1.91298;2.42404;2.54767;2.86527;3.35778;4.15747;4.52263;4.79445;5.09759;5.69411;6.35169;6.7987;7.34512;7.953;8.91145;9.49444;10.2977;10.9787;11.5293;12.2809;12.8252;13.598;14.4358;15.2076;16.0904;16.7668;17.4497;17.9536;18.5257;19.3723;19.9035;20.2471;20.6404;21.0228;21.076;21.1179;21.1822;21.2239;21.0943;21","15;14.1582;13.4029;12.6268;11.8762;11.0236;10.2296;9.70051;9.38827;8.57612;7.69636;7.31281;6.5208;6.13516;5.66176;5.30506;5.12545;4.93413;4.93647;5.09473;4.98736;4.95989;5.13938;5.1661;5.37867;5.56856;6.07096;6.10954;6.52834;7.14274;7.59014;8.39125;8.63998;9.3629;9.56689;10.0509;10.9653;11.9134;12.6184;13.4183;14.3945;14.587;15",8.03419,"0.2;0.2;0.6"
31.4973,7.19126,0.323293,"1;1.37108;1.77012;2.06076;2.37877;2.58567;2.98948;3.0103;3.4463;3.83687;4.27992;4.72949;5.2442;5.76532;6.28683;7.01251;7.7544;8.40707;9.34322;9.43627;10.1613;10.8835;11.8121;12.5548;13.1665;14.1304;14.9642;15.6637;16.2723;16.7693;17.1137;17.7432;18.0022;18.5738;19.2219;19.699;19.9652;20.1425;20.5015;20.7192;20.9168;21","15;14.2887;13.6373;12.7272;11.8745;11.3324;10.5932;9.68674;8.78944;8.18018;7.63918;6.99357;6.42428;6.05147;5.88346;5.52379;5.34099;5.39328;5.23187;5.22464;5.5787;5.62473;5.52455;5.20428;5.50097;5.67539;5.9839;6.41539;6.56604;6.73229;7.17264;7.83029;8.06559;8.88266;9.61524;10.4774;11.1439;11.7062;12.5524;13.4331;14.4069;15",8.27508,"0.2;0.25;0.55"
33.2576,5.49653,0.341862,"1;1.48123;1.75362;2.12374;2.37476;2.5149;2.77705;3.06065;3.24607;3.55487;4.00724;4.53332;4.90398;5.23959;5.72883;6.28373;6.69849;7.27351;8.05475;8.89051;9.6458;10.1055;10.9798;11.87;12.5631;12.842;13.3342;14.0004;14.7378;15.2507;15.9846;16.7715;17.2497;17.7755;18.1237;18.5777;19.2132;19.7614;19.8834;20.0821;20.1701;20.2326;20.2673;20.662;20.678;20.8861;20.9499;21","15;14.5286;14.2614;13.4566;12.5842;11.9613;11.132;10.324;9.56303;8.7851;8.02765;7.50146;6.90753;6.51463;5.99055;5.66373;5.35481;4.65711;4.15534;4.05045;3.94002;4.08175;3.89963;4.11348;4.32442;4.67594;4.95849;4.91503;5.17977;5.41541;5.55643;6.05432;6.46752;6.73093;7.23656;7.55781;8.18376;8.6287;9.26111;10.1489;11.0548;11.6969;12.3003;12.9857;13.4197;14.3628;14.7179;15",8.47141,"0.2;0.3;0.5"
34.0294,5.98479,0.350824,"1;1.21073;1.85617;2.45162;2.58294;2.66578;2.77316;3.05863;3.27011;3.61989;3.85565;4.22371;4.92881;5.27095;5.737;6.09598;6.62962;7.50985;8.03867;8.87047;9.45965;10.3087;11.0771;11.7901;12.5523;13.3253;14.1863;14.8455;15.7444;15.8682;16.1178;16.4296;17.0247;17.135;18.0001;18.4141;18.929;19.804;19.8775;19.4855;19.7284;19.9157;20.1926;19.9626;20.2693;20.7841;20.6821;20.5616;20.7235;21","15;14.8214;14.3399;13.8617;12.9843;12.3953;11.7302;10.8665;10.053;9.11717;8.76317;8.1317;7.56498;6.74702;6.34777;5.85277;5.49631;5.10091;4.88822;4.78924;4.75891;4.59694;4.55002;4.33994;4.20789;4.27744;4.47253;4.65863;4.93039;5.2018;5.92698;6.08319;6.70983;7.15952;7.54593;7.90271;8.3549;8.52321;9.04195;9.53004;10.2113;10.8984;11.2678;12.0057;12.2947;12.9542;13.2563;14.1249;14.5494;15",9.05842,"0.2;0.35;0.45"
34.4837,5.36659,0.353448,"1;1.32965;1.34878;1.88724;2.38794;2.67175;2.85705;2.96736;3.10194;3.4519;3.73656;4.15791;4.53363;4.97429;5.37749;5.90555;6.60175;7.39231;7.82629;8.4468;9.33679;10.2286;10.8589;11.2442;11.8945;12.6729;13.3645;14.2802;14.9839;15.7532;16.2183;16.4654;17.1321;17.9231;18.8527;18.8328;19.4755;19.9099;20.1522;20.3333;20.3462;20.5871;20.8098;20.8442;21.126;21.1601;21","15;14.6065;13.7523;12.9599;12.231;11.73;10.7958;9.9712;9.14863;8.53578;7.84921;7.18435;6.55619;6.08704;5.71163;5.49902;5.13934;4.70661;4.04506;3.78201;3.84079;4.10437;4.03802;4.03045;4.05074;4.19536;4.37285;4.32442;4.56221;4.70555;5.36593;5.74667;6.16933;6.65703;6.82912;7.46088;8.03496;8.49057;9.2549;9.85666;10.8366;11.5812;12.4199;12.7016;13.4751;14.2074;15",9.18476,"0.2;0.4;0.4"
33.4662,5.59042,0.345954,"1;1.61695;2.09093;2.50696;2.70675;2.60045;2.69924;2.90662;3.02795;3.51633;3.90198;4.03831;4.54207;5.16409;5.7834;6.34346;6.78738;7.56795;8.22598;9.13705;9.95064;10.5816;11.5024;11.8898;12.7354;13.4305;14.0529;14.792;15.5422;15.7485;16.2123;16.5017;17.335;17.5274;18.1121;18.4159;19.0962;19.3416;19.6753;19.9357;20.2359;20.5761;20.8133;21.0456;21.1205;21.2193;21","15;14.6133;13.9355;13.0888;12.6409;11.8567;11.5746;10.6692;9.87875;9.41527;8.51083;7.73112;7.10688;6.59141;5.89586;5.37175;5.08334;4.87184;4.36883;4.0061;3.80308;3.64983;3.87386;3.96647;4.07455;4.34301;4.78482;5.18737;5.4472;5.48949;6.21327;6.17181;6.65209;6.97028;7.6151;8.38345;9.03313;9.77113;10.2267;10.801;11.5788;12.1444;12.5401;12.9327;13.9111;14.8831;15",9.33001,"0.2;0.45;0.35"
34.2636,5.10489,0.351562,"1;1.59331;1.98926;2.30357;2.37769;2.39449;2.65174;2.8396;2.92609;3.25031;3.48166;3.74802;4.29707;5.10421;5.50696;5.65998;6.38242;7.09819;7.85502;8.43408;9.41657;10.0667;10.2429;11.2238;11.948;12.375;13.3735;13.8754;14.695;15.5476;16.3533;17.2043;17.922;18.2647;18.8248;18.8908;19.3923;19.6185;19.9534;20.2216;20.3865;20.8261;20.8127;20.9429;20.7869;20.9018;21","15;14.3041;13.7619;13.0696;12.7581;11.866;11.0717;10.3318;9.71227;8.83248;7.96207;7.47956;6.96602;6.75115;6.34241;6.19235;5.53068;4.92167;4.43525;4.18219;4.09665;4.09355;4.10338;4.04218;3.97246;4.01436;4.01335;4.22281;4.70937;5.15065;5.04763;5.09469;5.45574;6.05815;6.78978;7.38745;8.19789;8.49484;9.16863;9.74259;10.2055;10.8359;11.5839;12.3201;13.2721;14.0825;15",9.51063,"0.2;0.5;0.3"
26.4014,3.34947,10.9117,"1;1.66857;2.33592;2.47992;2.91818;3.45882;3.91798;4.387;4.82474;5.39965;6.08525;6.59304;7.02691;7.60359;8.18028;8.94165;9.59453;10.0857;11.0129;11.4143;12.2959;13.211;14.0288;14.3669;14.8244;15.6624;16.2004;16.8095;17.5694;18.2175;18.5229;19.0002;19.3755;19.5792;19.7706;20.5144;21","15;15.3417;15.7142;16.2445;16.8435;17.2594;17.8417;18.4594;19.1064;19.6084;20.2436;20.9161;21.4536;21.843;21.7675;21.8795;21.9859;22.107;21.9316;22.0584;22.1104;21.969;21.5342;21.4124;21.0712;20.9135;20.7318;20.3408;19.8389;19.0874;18.511;17.6555;17.2501;16.2857;16.0466;15.3952;15",9.85041,"0.2;0.55;0.25"
26.2278,3.31698,10.9781,"1;1.71606;2.30504;3.00465;3.57753;3.78093;4.19266;4.67687;5.00094;5.67728;6.26981;7.06673;7.8492;8.59667;9.10279;10.003;10.8736;11.4841;12.4758;13.4484;13.9845;14.6415;15.2733;15.678;16.3139;16.9678;17.838;18.0162;18.293;18.639;18.7527;19.3094;19.8489;20.2955;20.6798;21","15;15.4114;15.8455;16.5151;17.2484;17.9709;18.6917;19.3566;19.736;20.1323;20.5773;20.9777;21.2057;21.4465;21.7229;22.0242;22.1972;21.8782;21.8351;21.8889;21.4395;21.2705;20.8454;20.9593;20.5287;20.1645;19.7871;19.6382;19.3099;18.7;18.4735;17.7031;16.9035;16.2426;15.6115;15",9.43137,"0.2;0.6;0.2"
27.4175,3.08363,11.5404,"1;1.571;2.28354;2.34738;2.72965;2.98251;3.41544;3.65611;4.04809;4.83566;5.5287;6.28859;6.60128;7.14516;7.63747;8.51473;9.47869;10.0074;10.5229;10.843;11.6634;12.4749;13.3685;13.9307;14.2525;14.9723;15.6673;16.4713;16.8149;17.0601;17.5378;17.9001;18.1692;18.6468;19.1545;19.8059;20.4725;21","15;15.5263;16.1684;16.4643;17.1728;18.0753;18.8187;19.4632;19.9313;20.5245;20.9935;21.4571;21.831;22.053;22.3137;22.6975;22.9069;22.9428;22.6124;22.3647;22.5334;22.512;22.2871;21.4822;21.4525;21.4528;21.0664;20.5358;20.2269;19.9935;19.1712;18.3745;17.704;17.3329;16.6354;16.1081;15.5695;15",9.21892,"0.2;0.65;0.15"
29.0775,2.40531,12.6666,"1;1.44407;1.81925;2.01941;2.26475;2.673;2.97524;3.27286;3.37316;3.69892;3.76509;4.14216;4.95622;5.67075;6.59785;7.19598;7.90269;8.28279;9.0248;9.694;10.5589;10.9574;11.7416;12.5195;12.8723;13.6621;14.5353;15.3285;15.9752;16.6562;17.4235;17.6928;18.2654;18.9615;19.6569;20.1867;20.1772;20.2716;20.554;20.9973;21","15;15.3869;15.586;16.4154;16.637;17.5164;18.2018;18.7214;19.4576;20.367;20.5087;21.2681;21.6025;21.9412;22.1623;22.6257;22.8185;23.1607;23.2819;23.2449;23.338;23.3248;23.4406;23.3304;23.1413;22.9211;22.5859;22.2902;21.7757;21.5323;21.2729;20.4257;19.9185;19.2569;18.6682;17.9084;17.727;16.8387;16.2613;15.7419;15",8.76589,"0.2;0.7;0.1"
28.2657,2.43765,12.0958,"1;1.56878;1.85274;2.00487;2.46066;2.92113;3.05305;3.34388;3.68519;4.21828;4.88807;5.36745;5.82144;6.37478;6.86004;7.63704;8.14879;8.81358;9.43857;10.0814;10.9475;11.6874;12.5293;13.3598;14.1962;14.6418;15.4592;15.6075;16.4615;17.1707;17.9086;18.4002;18.7375;18.9526;19.5203;19.7663;20.0724;20.2362;20.5888;21","15;15.2994;15.5223;15.6755;16.1846;16.8729;17.3342;18.0997;18.6461;19.2015;19.6947;20.5257;21.2611;21.9555;22.4168;22.7379;22.9309;23.1826;23.2644;23.6765;23.8922;23.8287;23.3658;23.0139;22.7005;22.5117;21.9744;21.9119;21.4657;20.8395;20.2319;19.7233;19.505;18.735;18.0991;17.499;16.6652;16.1411;15.4228;15",8.08616,"0.2;0.75;0.05"
27.8881,2.7211,12.0272,"1;1.28686;1.87449;2.21537;2.28105;2.8064;3.1185;3.19957;3.42482;3.86674;4.54947;5.01851;5.5769;5.92634;6.8106;7.54093;8.50105;9.46121;10.1044;10.6625;11.1186;12.0633;12.8599;13.6209;14.1358;14.9963;15.9728;16.6409;16.9922;17.672;18.3255;18.7681;19.6404;20.3072;20.6555;20.9349;21.3066;21.0244;21","15;15.1662;15.538;15.9463;16.745;17.2434;17.6735;18.0581;18.8218;19.6845;20.2692;20.8699;21.6559;21.7768;21.9919;22.0322;22.0057;22.1743;22.4658;22.5354;22.6047;22.5734;22.3568;22.044;21.6648;21.1793;20.9725;20.7389;20.4714;20.0681;19.4727;19.0646;18.6358;17.9255;17.3603;16.8322;16.0422;15.0829;15",7.75449,"0.2;0.8;0"
20.6501,54.7658,0.29402,"1;1.48939;2.4711;3.25594;4.01542;4.81878;5.51849;6.43421;7.38383;7.72427;8.16698;9.11316;10.0539;10.7749;11.6438;12.5895;12.7138;13.4567;14.2412;15.1358;16.1271;16.8349;17.7547;18.1311;18.9975;19.332;20.1359;20.8968;21","15;14.8031;14.7451;14.5699;14.2826;14.1154;14.3173;14.2911;14.0581;14.1017;14.1305;14.3063;14.4827;14.7634;14.8447;14.7535;14.7349;14.7522;14.4268;14.8244;14.7956;14.889;15.0008;14.9801;14.739;14.7294;14.4966;14.9494;15",5.38305,"0.25;0;0.75"
26.2052,23.5175,0.272043,"1;1.67517;1.9309;2.52799;2.98334;3.41647;4.0834;4.88877;5.72668;6.13101;6.92753;7.23174;8.03573;8.88219;9.12002;9.96701;10.922;11.4499;12.1455;12.6854;13.4182;14.0518;14.639;15.4745;16.2491;17.123;17.5579;18.0311;18.1594;18.8341;19.5213;19.6549;20.2383;20.3942;21","15;14.2623;13.8475;13.1794;12.5811;11.8451;11.1926;10.5999;10.0541;9.97477;9.47496;9.28631;8.8501;8.36171;8.13045;7.82774;7.82696;7.84379;7.91961;7.95127;7.92758;7.95703;8.38927;8.9362;9.09638;9.57301;9.86169;10.6931;10.9215;11.5667;12.2091;12.8338;13.5969;14.2206;15",7.91761,"0.25;0.05;0.7"
29.503,11.6368,0.306083,"1;1.7755;2.19869;2.62352;2.96796;3.23821;3.57753;4.12115;4.60198;4.97371;5.52734;6.0141;6.24215;6.97516;7.37306;7.89063;8.57288;9.30543;9.52248;10.22;10.8289;11.2778;12.2317;12.5083;13.0176;13.6976;14.311;14.3647;14.4817;15.0036;15.6969;15.933;16.749;17.3289;17.9129;17.9932;18.5669;18.9291;19.7179;19.7972;20.4013;20.314;20.8616;21","15;14.4784;13.751;13.1115;12.4729;12.0539;11.1565;10.6792;9.9985;9.07442;8.47806;7.94793;7.69109;7.13757;6.64821;6.12997;5.79725;5.41966;5.35585;5.19082;5.51249;5.6193;5.77881;5.87929;5.86616;6.31707;6.81003;6.8546;6.95256;7.43426;8.05494;8.41502;8.93624;9.49061;10.1853;10.3956;11.1553;11.9312;12.4451;12.8186;13.3454;14.0622;14.8197;15",8.73838,"0.25;0.1;0.65"
30.6655,9.01658,0.316686,"1;1.15055;1.67896;2.12128;2.52093;2.6411;2.60406;3.35895;3.47543;3.86923;4.41284;4.88557;5.25068;5.42311;5.62215;6.21179;6.42828;6.88052;7.73752;8.39634;8.99824;9.72932;10.1919;10.5267;11.2272;11.8326;12.7742;13.5756;14.4791;15.0496;15.9292;16.4895;17.0618;17.7317;18.3684;18.8707;19.0355;19.2981;19.749;19.9944;20.5391;20.6956;21.0492;21.2344;21.1705;21","15;14.8294;14.1534;13.5313;13.0042;12.3313;11.8683;11.2136;10.9314;10.1583;9.54357;9.03633;8.41992;8.02866;7.48328;6.68281;6.55619;5.89998;5.59101;5.63392;5.57431;5.50927;5.50478;5.45594;5.52812;5.65378;5.85565;5.9126;6.33569;6.94477;7.20079;7.36241;8.04506;8.61976;9.267;9.79386;10.114;10.7175;11.244;11.5531;12.1873;12.726;13.6282;14.0018;14.9453;15",9.20887,"0.25;0.15;0.6"
32.4079,6.82992,0.333143,"1;1.17505;1.56928;1.80648;1.99682;2.54296;2.89018;3.39505;3.55654;4.01243;4.35913;4.71345;5.16968;5.69782;6.02902;6.72226;6.85237;6.98195;7.8183;8.66391;9.14323;10.0806;10.6672;11.495;12.2865;12.795;13.7125;14.4034;14.9985;15.8212;16.3367;16.6006;17.445;17.9282;18.5642;18.6067;18.7713;19.1254;19.5921;19.6421;19.7592;19.5762;20.3011;20.8205;21.093;21","15;14.8479;14.3658;13.4654;12.8583;12.1465;11.4086;10.7358;10.1436;9.5345;8.93648;8.32159;7.90206;7.26887;6.78254;6.2482;6.18414;6.05389;5.69193;5.39208;4.63422;4.63229;4.23765;4.1156;4.40777;4.54699;4.66894;4.98261;5.24043;5.59711;6.27163;6.33987;6.83334;7.20895;7.84383;8.47322;8.82328;9.63383;10.185;10.7534;11.4382;12.1505;12.7852;13.5128;14.2825;15",9.65118,"0.25;0.2;0.55"
32.6203,6.71592,0.335222,"1;1.40096;1.84888;2.08403;2.41515;2.77799;3.11126;3.1593;3.43629;3.43508;3.9627;4.83052;5.42982;6.24406;6.87421;7.64651;8.34824;8.8524;9.5052;9.68179;10.5625;11.3266;12.0019;12.9755;13.8451;14.4593;15.1953;15.5401;16.1103;16.8113;17.1747;17.9961;18.1223;18.2524;18.5574;18.8843;19.2987;19.8371;20.3125;20.5987;20.8872;21.0847;20.4752;20.953;21","15;14.3813;13.7436;13.2678;12.8239;12.0812;11.1863;10.3876;9.65695;9.09263;8.25298;7.80074;7.18029;6.71063;6.35092;5.76574;5.34715;5.03025;4.7571;4.6846;4.26717;4.0113;4.21464;4.43828;4.56994;4.97431;5.39116;5.72622;6.16959;6.62191;7.20554;7.62371;8.11147;8.52486;9.34281;10.2837;10.7772;11.213;11.7117;12.2768;12.9216;13.4265;14.0713;14.5825;15",10.0017,"0.25;0.25;0.5"
32.7484,6.24016,0.335778,"1;1.27428;1.78746;1.89067;2.00829;2.22589;2.40871;2.53545;2.80145;3.23059;3.75369;4.14161;4.31801;5.00078;5.55648;5.81221;6.64603;7.53784;8.32131;8.87991;9.7243;10.6897;11.1873;11.963;12.947;13.3975;14.0471;14.9307;15.5453;16.3888;17.0256;17.1558;17.3988;17.7747;18.1086;18.4054;18.7142;19.1041;19.695;20.1737;20.4807;20.4281;20.995;21.0794;21","15;14.4119;13.6986;13.3502;12.4719;12.0132;11.3454;10.5632;9.70444;8.93351;8.12586;7.25727;7.16145;6.63064;6.31356;6.19435;5.89122;5.47817;4.86067;4.75419;4.53229;4.46418;4.39369;4.47784;4.56521;4.60329;4.643;4.79601;5.20465;5.56441;6.08022;6.58383;7.3576;7.65008;8.50036;9.24629;9.94982;10.7452;11.337;11.8714;12.1847;12.8837;13.3204;14.1706;15",10.2102,"0.25;0.3;0.45"
32.9068,5.90414,0.338079,"1;1.60675;2.0222;2.2195;2.33128;2.7694;3.19345;3.4326;3.94184;3.98507;4.39574;4.93744;5.19738;6.02311;6.68747;7.45392;7.95745;8.78143;9.75023;10.5828;11.4536;11.9856;12.6886;13.3694;14.3241;15.106;15.6835;16.4102;17.1071;17.3516;17.9876;18.368;18.8967;19.2912;20.1623;20.3195;20.7753;20.5485;20.6299;20.7897;20.7623;21.2267;21.1595;21","15;14.2051;13.9568;13.029;12.2468;11.4175;10.5986;9.70997;9.08949;8.60531;7.93008;7.1814;6.81661;6.40416;5.94521;5.41265;5.16871;4.88603;4.68299;4.48648;4.21639;4.09985;4.1026;4.39024;4.62683;4.93839;5.5602;6.13371;6.59298;6.76479;7.3063;7.65618;8.46897;8.95487;9.42376;9.80622;10.6598;11.3057;11.6983;12.5927;12.961;13.6915;14.4549;15",10.4284,"0.25;0.35;0.4"
33.1254,5.64634,0.340819,"1;1.2087;1.68076;2.25242;2.54759;2.67979;3.08539;3.55713;3.70823;3.98999;4.48599;4.74702;5.21564;5.35804;5.79412;6.01623;6.48803;6.78877;7.39681;8.1277;8.60878;9.15174;9.93932;10.8682;11.4039;12.2308;13.0689;13.5934;14.4967;15.243;15.5341;16.1028;16.9036;17.6188;17.8558;18.405;18.787;19.1171;19.2581;19.4806;19.7274;20.1073;20.2406;20.4853;20.7518;20.9213;21","15;14.8891;14.2675;13.447;12.8063;11.9238;11.0363;10.1826;9.33832;8.55319;7.90106;7.52548;7.08242;6.76728;6.12833;5.81539;5.23079;4.89165;4.78337;4.68231;4.49318;4.26566;3.96383;3.97386;4.07636;4.46515;4.54992;4.42487;4.44195;4.7064;5.10874;5.59407;5.84278;6.36428;6.51256;7.08567;7.60926;8.25843;9.11624;9.99936;10.4407;11.2809;11.7028;12.6321;13.2961;14.1168;15",10.6592,"0.25;0.4;0.35"
34.7269,5.06797,0.356947,"1;1.23362;1.52751;1.96175;2.15055;2.43002;2.52085;2.70026;2.83062;2.97182;3.40174;3.59038;3.8823;4.26353;4.52625;4.81544;5.50287;6.09469;6.94951;7.39313;8.29923;8.68218;9.34738;9.78861;10.4755;11.3996;12.3264;12.4893;13.1472;13.8268;14.6568;15.101;15.5337;16.1101;17.001;17.5675;18.1762;18.5091;18.9213;19.5726;20.0988;20.245;20.2196;20.6757;21.2942;21.5885;21.9456;21.8682;21.6729;21.514;21","15;14.8362;14.2282;13.4599;12.7747;11.8577;11.531;10.6954;10.0292;9.36397;8.91504;8.46747;7.58197;6.8842;6.59792;5.91733;5.40246;5.17773;4.82039;4.44912;4.32198;4.01851;3.74627;3.77523;3.80331;3.8969;4.07302;4.11488;4.31656;4.21671;4.44221;4.73315;5.13515;5.61;5.87797;6.5876;7.23571;7.56265;7.96708;8.52152;9.0835;9.62199;10.3596;10.8737;11.1911;11.724;12.1673;13.0978;13.4622;14.2012;15",11.0694,"0.25;0.45;0.3"
26.1325,3.53193,10.7725,"1;1.86685;2.40456;2.53288;2.90779;3.45911;3.84782;4.46254;4.89588;5.15541;5.22711;5.64143;5.98532;6.18366;6.86971;7.25565;8.12404;9.00824;9.78967;10.6538;11.0341;11.8368;12.7204;13.3427;13.5817;14.3484;14.9541;15.8962;16.5803;17.1586;17.7362;18.5687;18.7596;19.2072;19.483;19.9276;20.4141;21","15;15.064;15.648;15.8992;16.5672;17.2827;17.6402;18.422;19.1005;19.3871;19.4609;19.8311;20.1899;20.3707;20.8883;21.368;21.7312;21.9726;22.0731;21.9942;22.0612;22.1256;21.7245;21.3951;21.2628;21.0719;20.5369;20.5062;19.9976;19.6921;19.3467;18.8105;18.3751;17.7164;17.2499;16.4437;15.6386;15",10.9922,"0.25;0.5;0.25"
27.4914,2.73905,11.7411,"1;1.20429;1.78023;2.40548;2.8378;3.36419;3.74084;4.10095;4.67127;4.90204;5.53227;6.11684;6.43919;7.15953;7.66042;8.58643;9.55729;10.2947;11.2064;12.1094;12.8361;13.834;14.3779;14.7807;15.3485;16.1184;16.6808;17.4015;17.8075;18.4082;18.8229;19.1946;19.3661;19.5339;20.0728;20.7807;21","15;15.1999;15.7829;16.2673;17.0361;17.6557;17.9018;18.5518;19.2471;19.5189;20.1406;20.7977;21.125;21.6599;21.973;22.2247;22.4256;22.7769;23.053;22.85;22.6948;22.6971;22.4048;22.2414;21.8295;21.4361;21.1554;21.2482;20.6748;20.053;19.2051;18.7862;18.0474;17.2656;16.4231;15.7168;15",10.7275,"0.25;0.55;0.2"
26.3944,3.25639,10.9987,"1;1.31692;1.71548;2.06509;2.36077;2.85488;3.31751;3.85366;4.36699;4.78035;5.28449;5.79496;6.48574;6.63564;7.45235;8.05983;8.60577;9.38346;10.2794;11.0335;11.6084;12.4531;13.3587;13.5855;13.9275;14.6279;15.5289;16.0736;16.6654;17.3754;17.9269;18.1334;18.4393;18.8905;19.4127;19.7178;20.2253;20.3018;21","15;15.1147;15.4242;15.8184;16.2109;16.6041;17.4527;18.124;18.6553;18.9876;19.8358;20.4805;20.9389;21.0228;21.3613;21.6467;21.8292;21.9983;22.2562;22.3992;22.3002;22.0916;21.6992;21.5813;21.3823;20.976;20.7846;20.658;20.3699;20.2882;19.9512;19.4428;18.6481;18.0004;17.2317;16.3857;15.6461;15.4155;15",10.2022,"0.25;0.6;0.15"
26.133,3.62321,11.0968,"1;1.60774;2.17961;2.93661;3.5766;3.90246;4.63948;5.06371;5.87363;6.18383;6.6513;7.37175;8.13285;8.90347;9.42353;10.1406;10.7202;11.5074;12.1938;13.0741;13.9696;14.8123;15.5561;16.145;16.9042;17.4121;17.5929;18.3074;19.0162;19.4103;19.9695;20.1833;20.7765;20.8658;21","15;15.7941;16.5133;16.9345;17.4471;17.9686;18.6304;18.8826;19.4438;19.7198;20.3972;20.8671;21.311;21.9045;21.9334;21.9281;21.7467;21.9568;22.089;22.0216;21.9257;21.3999;21.1321;20.8217;20.5004;19.7407;18.9982;18.6522;17.9826;17.4995;16.7282;16.4044;15.738;15.3957;15",9.998,"0.25;0.65;0.1"
26.7726,3.30434,11.2271,"1;1.28441;2.01492;2.27934;2.44015;2.64544;2.98817;3.40974;3.70169;3.95843;4.35409;5.04159;5.46374;6.17116;7.07792;7.99633;8.38976;9.32149;10.0739;10.6;11.5732;11.7924;12.5236;13.1426;13.5199;14.3187;14.9914;15.2309;15.8764;16.5928;17.3355;17.6554;18.2495;18.4609;18.9461;19.1144;19.5699;19.7879;20.3032;21","15;15.2962;15.6605;16.1867;16.5595;17.2256;17.9302;18.385;18.914;19.6507;20.3866;21.0783;21.3145;21.7634;21.8398;21.5955;21.8792;22.0832;22.1879;22.1172;22.1591;22.1122;21.8984;21.6113;21.4819;21.1223;20.6901;20.4853;20.2116;19.9451;19.4503;19.1779;18.8053;18.4585;17.757;17.36;16.7193;16.0151;15.3568;15",9.56755,"0.25;0.7;0.05"
28.5311,2.43722,12.2975,"1;1.54859;1.91137;2.22531;2.74174;2.85471;3.3867;3.67238;4.02289;4.30517;5.02382;5.29149;6.03486;6.13747;6.71978;7.45884;7.91546;8.54719;9.32207;10.0996;10.2767;11.2239;12.0145;12.4714;13.2027;13.6537;14.4459;15.3201;15.6801;16.2973;16.6658;17.2244;17.9236;18.1828;18.7665;19.0296;19.6339;19.9087;20.401;20.594;20.8684;21.1578;21","15;15.2191;15.4626;15.7577;16.5055;17.142;17.8507;18.1866;19.1065;19.4169;19.9641;19.9376;20.4007;20.5159;21.3153;21.8489;22.3103;22.6907;22.8142;23.4119;23.5307;23.4006;23.5062;23.446;23.3279;23.1226;22.8259;22.5404;22.4558;22.1149;21.8502;21.3327;20.7453;20.2379;19.6149;19.3504;18.9512;18.6797;18.0358;17.6585;16.7017;15.7719;15",8.9607,"0.25;0.75;0"
20.3381,55.8562,0.283574,"1;1.96062;2.77202;3.55763;3.73873;4.57523;5.15883;5.59202;6.297;6.99626;7.85559;8.36731;9.31464;10.0431;10.8181;11.722;12.4699;13.0129;13.744;14.6256;15.2507;16.1539;16.4042;17.1585;17.6059;18.1801;18.8432;19.6742;20.2963;21","15;14.9481;14.9315;14.725;14.5813;14.7495;14.9394;14.8235;14.7042;14.6205;14.4345;14.2835;14.1081;14.1618;14.2231;14.284;14.3986;14.4031;14.3863;14.2434;14.3559;14.3996;14.4009;14.5723;14.6981;14.5689;14.6954;14.8355;14.8748;15",6.29995,"0.3;0;0.7"
20.5764,48.3453,0.478429,"1;1.83273;2.49085;3.40304;4.2249;4.97478;5.96908;6.65445;7.1304;8.04365;8.49032;9.29988;10.2646;10.8448;11.6366;12.3259;13.2279;14.1119;15.0546;16.0081;16.364;17.1752;17.4027;18.2532;19.1283;19.5533;20.3586;21.0613;21","15;15.0995;15.2204;15.1984;15.0199;15.0653;15.1281;15.1833;15.0267;15.0007;15.0118;15.0679;15.1594;15.0797;15.2378;15.0129;15.2155;15.5173;15.4179;15.3194;15.2108;14.9645;14.8956;14.5887;14.5794;14.889;15.0539;15.0267;15",8.90116,"0.3;0.05;0.65"
29.1736,13.6428,0.306333,"1;1.40586;1.60198;1.8669;2.30965;2.82489;3.30655;4.02395;4.47747;4.55751;5.26463;5.76487;6.00365;6.81443;7.47646;8.22424;8.60894;9.36756;10.3431;11.1491;11.7669;12.327;12.8281;13.7168;14.4335;14.8821;15.5913;15.9442;15.994;16.183;16.7274;17.4508;18.0912;18.4993;18.756;19.3915;19.4773;19.8812;20.23;21","15;14.7223;13.7671;12.8631;12.2605;11.7768;10.9961;10.4209;9.60399;9.42096;8.90272;8.34529;8.15357;7.73416;7.35976;6.86501;6.65467;6.29762;6.16169;5.98564;5.89336;5.93713;6.04726;6.25504;6.48999;7.15752;7.69408;8.54655;8.70697;9.33474;9.98885;10.1764;10.6714;11.3884;11.8597;12.6289;13.2725;14.101;14.8434;15",10.3001,"0.3;0.1;0.6"
30.4722,9.00608,0.314208,"1;1.07389;1.4639;1.67661;1.95578;2.3352;2.46549;2.67684;3.18541;3.54826;3.8414;4.02924;4.2649;4.70579;5.30969;5.89912;6.40842;6.93407;7.77645;8.71796;9.46741;10.037;10.7795;11.615;12.4122;12.9057;13.8196;14.522;15.2455;15.9006;16.7001;17.5311;17.8162;18.1346;18.648;18.9881;18.7188;19.0265;19.2916;19.6055;20.0904;20.6175;21","15;14.9082;14.1631;13.7085;12.9812;12.2059;11.3666;10.6011;10.2725;9.85139;9.49816;9.27313;9.00877;8.53982;7.86392;7.17039;6.65163;6.22632;5.9173;5.8048;5.77864;5.60736;5.51097;5.42286;5.52006;5.60489;5.7507;6.22057;6.61411;7.14486;7.43442;7.80414;8.32255;9.18922;9.8859;10.6878;11.2623;12.1252;12.665;13.2564;13.9842;14.4978;15",10.6654,"0.3;0.15;0.55"
30.5099,8.43577,0.313697,"1;1.43609;1.73927;2.43697;2.69165;3.19351;3.47298;3.78808;4.15313;4.6263;4.84151;5.42206;6.09596;6.73854;7.53683;7.91933;8.64137;9.54337;10.4569;11.306;11.966;12.553;13.2146;13.8768;14.6647;15.3505;15.9214;16.4254;16.916;17.4251;17.6909;18.1817;18.7466;19.2056;19.3193;19.7592;20.2008;20.5315;20.786;21","15;14.3186;13.5628;12.9428;12.5477;11.7144;10.9093;10.1153;9.57938;8.74682;8.28788;7.80775;7.57503;6.98815;6.42315;6.28027;5.98769;5.70048;5.32545;4.92148;4.72076;4.8268;4.95739;5.21613;5.69121;6.09066;6.33947;6.68233;7.2519;8.01341;8.36106;8.95788;9.42329;10.256;11.1745;11.9995;12.6259;13.4075;14.202;15",10.997,"0.3;0.2;0.5"
32.4294,7.07847,0.332986,"1;1.27356;1.86088;2.10261;2.30549;2.6538;3.1336;3.35773;3.65528;4.01416;4.63245;5.2482;5.64196;5.97418;6.42498;7.13257;7.51443;8.10352;8.85789;9.8192;10.5267;11.0397;11.8678;12.3919;13.1229;13.9558;14.8791;15.5724;16.2589;16.687;17.0322;17.0739;17.5553;17.7751;18.3531;18.4719;18.7361;19.3701;19.7478;20.2926;20.7241;20.8748;20.36;20.6189;21","15;14.2729;13.4758;13.262;12.5304;11.8157;11.0573;10.3837;9.58503;8.66561;8.05995;7.5786;7.25005;6.98129;6.12382;5.85642;5.50305;5.22629;4.84353;4.66663;4.69932;4.78101;4.69846;4.55979;4.56846;4.69113;4.64248;5.33085;5.93756;6.31097;6.88958;7.26764;7.81816;8.16864;8.94533;9.87618;10.6884;11.0655;11.5679;12.1811;12.7663;12.9941;13.7063;14.3259;15",11.6483,"0.3;0.25;0.45"
31.6825,6.71478,0.326515,"1;1.5364;1.91092;2.15542;2.36326;2.59329;2.92992;3.18874;3.50421;3.60322;4.07925;4.68662;5.51687;5.89111;6.09591;6.80503;7.74031;8.32607;9.04831;9.9462;10.3312;10.9385;11.8751;12.6638;13.3395;14.2433;14.9403;15.2931;16.0174;16.5261;17.0167;17.4101;17.7382;18.1246;18.6608;19.1018;19.5844;19.9817;20.2541;20.3236;20.3837;20.5703;21","15;14.3097;13.7687;12.9492;12.037;11.4125;10.5811;9.76304;9.34524;8.78994;8.2752;7.6382;7.16207;6.88163;6.70845;6.30868;6.0574;5.69852;5.18893;4.86421;4.68585;4.44599;4.72633;4.69774;4.72194;4.94439;5.27896;5.47198;5.90632;6.46174;7.06516;7.34548;7.89407;8.31041;8.58818;9.44322;10.3064;11.1039;11.8823;12.8059;13.5616;14.5263;15",11.6498,"0.3;0.3;0.4"
33.4088,5.47705,0.345621,"1;1.31936;1.64245;1.99999;2.40683;2.64345;2.64691;2.70446;2.89284;3.08531;3.52265;3.83457;4.2027;4.38899;4.66926;5.39682;5.98639;6.51648;7.30948;7.87349;8.64899;9.27805;10.2101;10.9163;11.2473;12.1826;12.9076;13.1812;14.0697;14.8741;15.4507;15.8989;16.4022;17.0692;17.7046;18.2522;18.8347;19.1938;19.429;19.7902;19.9983;20.4507;20.8314;21.0751;21.1117;21.2187;21.2166;21","15;14.6668;14.0778;13.5858;12.8688;11.9699;11.696;10.7949;10.4704;9.6517;9.02499;8.11715;7.35061;6.9683;6.26581;5.69044;5.33092;4.98933;4.45456;4.09302;4.0454;3.82267;3.89262;4.10848;4.13647;4.18802;4.31066;4.47435;4.76498;5.10501;5.5078;5.89307;6.34365;6.66404;7.21709;7.77098;8.57254;9.25195;9.72217;10.5138;11.1382;11.5147;12.1274;12.7962;13.5371;14.3437;15.0418;15",12.0606,"0.3;0.35;0.35"
33.2883,5.70566,0.342545,"1;1.49878;1.93951;2.26901;2.11161;2.19669;2.50563;2.61099;3.10008;3.43906;3.64349;3.89183;4.34612;4.76604;5.25729;5.6887;6.32456;6.74282;7.53061;8.15395;8.80136;9.59649;10.3683;10.787;11.6785;12.5155;13.0715;13.5708;13.9118;14.4558;14.7616;15.6261;16.2977;16.8271;17.3477;17.6401;17.9253;18.0042;18.5611;18.8256;19.2545;19.7114;20.0775;20.2627;20.4873;20.6398;20.8475;21","15;14.6065;13.8903;12.9888;12.4974;11.9058;11.0299;10.0807;9.36937;8.50058;7.9149;7.48322;6.83949;6.16852;5.77684;5.49257;5.09721;5.00788;4.72515;4.47433;4.3562;4.12508;4.04727;3.99398;3.80965;3.81148;3.99817;4.58328;4.60058;4.64845;4.74994;5.08153;5.64572;6.2212;6.74012;7.65273;8.1432;8.69498;9.26093;9.94399;10.7359;11.2163;11.8597;12.4792;13.1617;14.0671;14.3574;15",12.3715,"0.3;0.4;0.3"
26.1807,3.7899,11.246,"1;1.25434;1.76902;2.31203;2.7235;3.03265;3.39113;3.73462;3.91034;4.49445;5.37852;6.01273;6.95329;7.79955;8.76387;9.47547;10.0935;10.7451;11.1258;11.6948;12.421;13.3701;14.0286;14.3781;15.2861;16.0311;16.5886;17.5792;18.2576;18.5501;19.2894;19.6198;20.1529;20.5197;20.6612;21","15;15.171;15.9021;16.6718;17.3609;17.9038;18.4064;18.731;19.2931;19.5955;20.0284;20.2611;20.5545;20.6217;20.6745;21.174;21.42;21.4912;21.3659;21.1796;21.4912;21.6317;21.5527;21.4719;21.0868;20.6737;19.9494;19.8209;19.2727;18.4812;17.9438;17.5216;17.0268;16.1654;15.5955;15",12.3712,"0.3;0.45;0.25"
25.3464,3.78083,10.5627,"1;1.66923;2.11335;2.44766;2.85808;3.08297;3.61512;4.01356;4.45172;5.0007;5.51827;6.33233;7.07887;7.90759;8.80479;9.71838;10.6613;11.5655;12.0675;12.9848;13.767;14.5387;15.3045;15.7132;16.1551;16.5933;17.2228;17.9489;18.6661;19.2059;19.7051;19.9574;20.285;20.7664;21","15;15.2182;15.7959;16.2331;16.8765;17.1807;17.6771;18.3288;18.8071;19.3125;19.9546;20.4137;20.6551;20.9947;21.2137;21.4244;21.416;21.3733;21.4523;21.5168;21.5083;21.1806;20.8918;20.651;20.2485;19.8888;19.2177;18.6313;18.0558;17.5949;16.8676;16.7272;16.048;15.2592;15",11.6069,"0.3;0.5;0.2"
26.9962,3.03812,11.5132,"1;1.42885;1.74181;1.96221;2.30368;2.59339;3.08447;3.41805;3.90477;4.48205;5.09731;5.9293;6.55519;7.22171;7.27435;8.11248;8.90817;9.71056;10.6051;11.4917;12.3289;13.3018;14.1301;14.8612;15.5364;16.4326;16.8869;17.6013;18.2331;18.5175;18.7574;19.1425;19.335;19.9126;20.3201;20.8841;21","15;15.2695;15.5257;16.2017;16.7942;17.3357;18.1175;18.8857;19.5639;19.9221;20.0892;20.5806;20.8621;20.7357;20.9447;21.4519;21.9127;22.1978;22.5808;22.8127;22.7103;22.5175;22.1522;21.8478;21.1363;20.7792;20.4108;19.8659;19.1728;18.6195;18.1694;17.5156;17.3531;16.5368;15.6235;15.1945;15",11.4968,"0.3;0.55;0.15"
26.8061,3.11174,11.269,"1;1.29077;2.11461;2.87102;3.34981;3.61868;4.02663;4.31667;4.86762;5.66324;6.33942;7.00023;7.76346;8.41431;9.03176;9.70617;10.5769;11.2789;12.2458;12.9577;13.4731;13.9787;14.9659;15.8799;16.5916;17.1142;17.4478;18.2283;18.4504;19.0195;19.6526;20.0779;20.5931;20.5951;20.8302;21","15;15.0726;15.6352;16.1627;16.6364;17.2761;17.8488;18.2435;18.9573;19.5536;20.2527;20.9157;21.1496;21.6757;22.0979;22.0655;22.0168;22.3432;22.4672;22.3469;22.2968;22.1163;22.0065;21.7365;21.4665;20.91;20.2742;19.691;19.4273;18.6104;18.033;17.4932;16.787;16.4229;15.566;15",11.0358,"0.3;0.6;0.1"
26.6829,3.26221,11.3466,"1;1.58687;1.86617;2.34008;2.65069;2.92919;3.19497;3.56077;4.30697;4.74858;5.57129;5.71233;6.28773;7.01233;7.63156;8.40857;8.79653;9.02096;9.74172;10.3007;10.9636;11.7752;12.6813;13.2511;14.0769;14.5956;15.1067;15.8628;16.5927;17.0732;17.4124;17.9436;18.5628;18.9096;19.3133;19.3672;19.8811;20.7357;20.9347;21","15;15.3767;15.6917;16.2482;16.8698;17.4127;18.0363;18.6804;19.0906;19.3893;19.6936;19.8869;20.4545;20.942;21.211;21.6314;22.0581;22.4659;22.6831;22.4589;22.2137;21.9465;22.0416;21.7287;21.4125;21.2949;21.2805;20.8119;20.3654;19.8091;19.5729;18.9965;18.2534;17.9193;17.4972;17.4382;16.8211;16.3017;15.3217;15",10.6926,"0.3;0.65;0.05"
27.9986,2.73541,12.1898,"1;1.52554;1.72158;2.0586;2.73244;2.86805;3.4539;3.70586;3.99531;4.25739;4.77858;5.0832;5.54003;6.34016;6.74853;7.63363;8.61685;8.95064;9.83771;10.4226;11.1283;11.7686;12.7444;13.6961;14.0873;14.6478;14.958;15.7998;16.3957;17.1173;17.5523;18.1189;18.4873;18.7562;19.3458;19.7956;20.0479;20.7174;21.1354;21.2374;21","15;15.6659;15.9394;16.5107;17.0762;17.9101;18.4081;18.9904;19.7923;20.4191;20.6191;21.0191;21.7797;22.0566;22.17;22.4883;22.4424;22.4155;22.5636;22.6636;22.7482;22.4524;22.2356;21.9524;21.8484;21.5838;21.3289;21.0436;20.8607;20.5936;20.465;20.1142;19.8819;19.3186;18.572;18.1269;17.6289;17.0425;16.2254;15.9533;15",10.3144,"0.3;0.7;0"
20.7735,58.1037,0.252731,"1;1.88647;2.22904;3.15281;4.0776;4.85091;5.57257;6.05569;6.65333;7.40825;7.89903;8.75454;9.47315;10.2419;11.1359;12.042;12.3021;13.1747;13.4806;14.2898;14.8421;15.4623;16.1904;16.7095;17.6929;18.2309;19.2008;19.3267;19.8686;20.6047;21","15;14.8759;14.868;14.9256;14.5824;14.5148;14.4277;14.2302;14.0338;13.9224;13.8446;14.0438;14.1227;14.0671;14.2587;14.3631;14.4172;14.1499;14.0749;13.8539;13.8002;13.7875;13.7925;13.7745;13.8814;13.846;13.8487;13.8665;14.2407;14.3989;15",7.43499,"0.35;0;0.65"
20.7806,43.4371,0.880155,"1;1.44854;2.09078;2.77923;3.30491;4.04258;5.0165;5.55266;6.34335;7.19026;8.14282;8.74905;9.62012;10.5543;11.5071;12.4645;12.8506;13.6145;14.3066;15.2678;15.8816;16.7073;17.4898;18.4495;19.4426;19.6341;20.4222;21","15;14.8545;15.0032;14.9952;15.0997;15.4239;15.4174;15.1985;15.437;15.6391;15.7585;15.7144;16.007;15.8104;15.5751;15.3869;15.3564;15.3453;15.7358;15.8144;15.3724;15.3398;15.1911;15.3377;15.3895;15.4651;14.9677;15",9.97314,"0.35;0.05;0.6"
27.6062,16.3433,0.284822,"1;1.21826;1.6393;1.94249;2.17034;2.37511;2.84113;3.66066;4.38405;5.16006;5.30457;5.80907;6.59176;7.38849;8.32176;8.75652;9.70157;10.6642;11.4472;11.9004;12.6051;13.1817;13.8699;14.1197;14.937;15.7702;16.0047;16.7282;17.0263;17.5997;18.3145;18.889;19.4274;20.0467;20.3888;20.6321;21","15;14.6209;13.9954;13.4816;12.5204;11.8205;11.0189;10.4539;10.004;9.42585;8.9798;8.32315;7.91549;7.65135;7.40805;7.06118;6.8477;6.89544;6.90946;7.01886;7.1742;7.4614;7.61332;7.67782;8.25322;8.70736;8.81761;9.44731;9.60627;10.2168;10.7885;11.3954;12.197;12.8666;13.6524;14.1194;15",11.4532,"0.35;0.1;0.55"
28.1397,14.8395,0.293696,"1;1.52344;2.02243;2.19164;2.31159;2.67744;3.24762;3.61346;4.13883;4.21612;4.8102;5.54548;6.27566;6.99788;7.41386;8.21908;8.80397;9.55478;10.5071;11.4297;12.3779;12.7833;13.5517;14.2476;15.096;15.5324;16.1224;16.7381;16.7978;17.518;18.0338;18.2691;18.6511;19.2895;19.7902;20.1225;20.3637;20.8193;21","15;14.8285;14.3413;13.4954;13.3173;12.4946;11.9489;11.393;10.5998;10.444;9.7196;9.19471;8.70482;8.04409;7.90185;7.36206;6.83029;6.57328;6.4882;6.27765;6.48557;6.65134;7.02513;7.195;7.32752;7.59031;8.14221;8.87483;9.42743;9.977;10.5753;11.1622;11.5656;12.2683;12.8573;13.4479;13.9642;14.7645;15",12.2217,"0.35;0.15;0.5"
31.6073,7.67224,0.325605,"1;1.63936;1.94101;1.91504;1.8612;2.49214;3.13967;3.85816;4.27167;4.83867;5.28401;5.9015;6.56951;7.13881;7.5743;8.32891;9.2222;9.68351;10.0491;11.0253;11.7288;12.4741;13.255;13.6802;14.5631;15.1748;15.7273;16.3246;16.613;17.2175;17.9557;18.3913;18.9803;19.2117;19.6101;19.8799;20.4595;20.7007;20.853;20.6675;20.5382;21","15;14.2311;13.2939;12.3244;11.9705;11.2751;10.7633;10.1103;9.63043;8.85239;8.21265;7.54299;7.05662;6.52023;6.01308;5.49913;5.06201;4.95872;4.9053;4.88521;4.90783;4.86793;5.3104;5.3502;5.73274;5.92032;5.95997;6.26102;6.69849;6.86249;7.40234;8.11758;8.74048;9.07525;9.86472;10.7242;11.4546;12.2077;12.7566;13.578;14.3709;15",12.7435,"0.35;0.2;0.45"
32.081,8.7658,0.336727,"1;1.18012;1.4697;1.57696;1.66574;1.77465;2.18826;2.58685;3.04387;3.52352;4.27044;4.48863;4.90544;5.68163;6.59935;7.22775;7.98574;8.84779;9.50402;10.3993;11.1981;11.6794;12.1146;12.8752;13.1245;13.9856;14.3;14.4015;14.8855;15.4222;16.1212;16.5548;17.3929;17.8226;17.9932;18.4648;18.7954;18.8678;18.8781;18.6285;18.5115;18.5987;18.8088;19.2829;19.9509;20.3558;20.9298;21","15;14.6765;14.1172;13.1799;12.4485;11.775;11.3542;10.4371;9.608;8.85465;8.36353;8.10338;7.50746;6.93705;6.53981;6.05316;5.69066;5.30532;5.01105;4.9202;4.92505;5.06796;5.09111;5.24585;5.25371;5.55513;5.77967;5.85902;6.05571;6.51309;7.02725;7.76321;8.11415;8.42663;8.7366;9.44547;9.92246;10.8308;11.4233;11.8089;12.4081;13.0448;13.4864;14.1212;14.2632;14.4016;15.1988;15",13.5545,"0.35;0.25;0.4"
24.4306,6.4356,9.19749,"1;1.69171;2.13581;2.67852;3.60535;3.93606;4.37272;4.91053;5.22522;5.74786;6.17321;6.8383;6.98926;7.86168;8.01589;8.79157;9.4533;10.0701;10.9628;11.8916;12.4414;13.115;13.84;14.5504;14.8766;15.6865;16.17;16.5159;16.9333;17.5632;18.3017;18.6811;19.4185;20.1739;20.7109;21","15;15.2965;15.8053;16.287;16.598;17.0088;17.5805;18.3444;18.7065;19.1062;19.4101;20.1077;20.1802;20.626;20.6504;20.6531;20.8176;21.1958;21.0782;20.9336;20.651;20.3642;19.9057;19.4618;19.3136;18.9944;18.4744;18.1745;17.6668;17.0822;16.6022;15.9795;15.5262;15.2126;15.2447;15",13.7005,"0.35;0.3;0.35"
24.5531,5.94395,9.25908,"1;1.58624;2.45766;3.325;3.90608;4.39098;4.77498;5.31394;5.88854;6.57332;6.8704;7.41512;7.74448;8.18509;8.78934;9.39678;10.293;10.9354;11.6678;12.3899;13.1808;13.8468;14.4846;15.0795;15.9272;16.485;17.0224;17.3829;17.8756;18.3478;18.9382;19.4635;20.3454;21","15;15.2136;15.6289;15.9322;16.4653;16.8884;17.4939;18.3323;18.9309;19.5766;19.8163;20.1738;20.3826;20.655;20.8828;20.9505;21.1489;21.0465;21.1495;21.1281;20.8425;20.3246;19.9738;19.5797;19.3341;19.1062;18.5905;17.7538;17.262;16.7736;16.232;15.9867;15.6762;15",13.4517,"0.35;0.35;0.3"
25.6638,3.86165,10.5355,"1;1.8734;2.33153;3.01376;3.56125;3.83079;4.38877;4.85901;5.43027;6.16951;7.00201;7.28158;8.18521;9.00979;9.63827;10.551;11.4763;11.9488;12.4451;13.3013;13.6687;14.3579;15.1518;15.8989;16.5127;17.1534;17.4312;18.0742;18.5404;18.8882;19.4406;19.8573;20.0384;20.9282;21","15;15.487;16.3218;16.8555;17.4411;17.7325;18.4843;19.0821;19.7252;20.2063;20.7283;20.993;21.2415;21.2162;21.3396;21.5692;21.7923;21.9253;21.9205;22.0424;21.7508;21.1903;20.7928;20.2489;19.7408;19.0508;19.0173;18.3917;17.7549;17.4032;16.5931;15.9806;15.6007;15.1872;15",13.1609,"0.35;0.4;0.25"
25.8145,3.97751,10.7164,"1;1.8035;2.05413;2.18525;2.56411;2.8625;3.09112;3.92816;4.54071;5.38351;6.18892;6.70364;7.49601;8.26184;9.20629;9.93507;10.914;11.6731;12.5154;13.4464;14.0042;14.6663;15.4211;15.6172;16.1724;16.9074;17.5957;18.0836;18.5908;18.8948;19.3874;20.0398;20.497;21","15;15.4255;15.9673;16.7345;17.3243;17.7032;18.4774;18.9056;19.4062;19.9209;20.4086;20.6489;21.0321;21.1856;21.4385;21.5635;21.6005;22.1169;21.611;21.4961;21.3265;20.9391;20.3113;20.0438;19.5468;19.0672;18.4935;18.1516;17.3333;16.9366;16.4547;15.7728;15.3132;15",12.9682,"0.35;0.45;0.2"
26.2217,3.5115,10.9594,"1;1.76985;1.88177;2.25353;2.62782;2.90025;3.37106;4.16807;4.46806;5.3321;6.09371;6.85369;7.54245;7.83312;8.77954;9.76485;10.5407;11.2143;12.0871;12.8709;13.6084;14.2177;14.9013;15.3602;15.9791;16.4524;17.0851;17.8598;18.1732;18.6465;19.0056;19.3839;19.9872;20.3759;20.842;21","15;15.6382;15.7568;16.1764;17.0178;17.9282;18.6984;19.2529;19.4167;19.7252;20.321;20.7717;21.4081;21.3327;21.5574;21.5245;21.7398;22.0421;22.0796;22.1218;21.8055;21.5813;21.2395;21.0248;20.4111;19.8862;19.3948;18.9075;18.7252;18.1533;17.3773;16.6468;16.1223;15.354;14.9481;15",12.5773,"0.35;0.5;0.15"
26.8997,3.03995,11.6407,"1;1.44985;2.05131;2.59805;3.1151;3.69505;3.99935;4.38952;4.63046;5.3901;6.09261;6.93167;7.66836;8.51127;9.21305;9.56019;10.4435;10.9698;11.4756;12.156;13.0378;13.7155;14.269;14.7215;15.5094;16.1953;16.5528;17.2184;17.6415;18.2203;19.0206;19.3031;19.9917;20.4994;20.9115;21.1861;21","15;15.7252;16.433;16.9306;17.6837;18.2987;18.6807;19.1853;19.478;19.9647;20.6374;21.092;21.5386;21.7438;21.8582;21.9391;22.1352;22.1361;22.0779;22.0684;22.491;22.3608;22.3138;22.0295;21.5589;21.4376;20.9427;20.3239;19.828;19.3436;18.8915;18.4452;17.8275;17.2946;16.4167;15.466;15",12.2509,"0.35;0.55;0.1"
26.7353,3.03243,11.3389,"1;1.55205;1.906;2.27363;2.55661;3.14768;3.46046;3.91475;4.4649;4.68407;5.23936;6.00989;6.5024;7.46705;8.27312;9.18196;9.5189;9.91579;10.786;11.7208;12.2991;13.1765;13.8464;14.7459;15.5814;16.2035;16.7768;17.3152;17.737;18.5118;18.9472;19.0667;19.8369;19.8055;19.9818;20.2884;20.7965;21","15;15.1391;15.6032;15.9295;16.4873;17.1614;17.6761;18.2046;18.8317;19.1596;19.8735;20.4965;20.7669;20.9894;21.3972;21.7268;21.9453;22.125;22.1126;22.1458;22.0935;22.139;21.981;21.8922;21.624;21.2387;21.0066;20.4321;20.0606;19.596;18.9546;18.5118;18.194;17.6284;17.0513;16.5532;15.7439;15",11.7438,"0.35;0.6;0.05"
27.5591,2.70755,11.871,"1;1.55243;2.08226;2.34087;2.51156;2.81241;3.14764;3.95934;4.31213;4.98546;5.49259;6.32541;7.06802;7.53864;7.93156;8.74341;9.31347;10.0296;10.9139;11.6959;12.2423;13.1178;13.8799;14.422;15.2699;15.5268;16.3476;16.6677;17.5925;17.9484;18.4048;18.6256;19.1996;19.6383;20.0393;20.7626;21.0247;20.8757;21","15;15.2977;15.6883;16.4981;16.9996;17.4427;18.1297;18.6949;19.4509;20.1657;20.6647;21.1345;21.5583;21.923;22.1058;22.2818;22.4104;22.4641;22.5453;22.3283;22.4429;22.2252;22.1441;21.9784;21.8686;21.7032;21.3642;20.7299;20.5168;20.1093;19.3087;19.1542;18.5325;17.9148;17.5698;17.0975;16.3046;15.3354;15",11.4056,"0.35;0.65;0"
20.407,51.6061,0.383105,"1;1.22209;2.19169;2.92207;3.46093;4.38724;4.55947;5.55947;5.83633;6.56404;7.45216;8.4099;9.08841;10.0657;10.9517;11.6873;12.0773;12.7807;13.6364;14.5617;15.0752;15.8721;16.4553;17.1098;17.7734;18.3624;19.1759;19.8889;20.8399;21","15;14.9453;14.9768;15.0009;14.9702;15.0559;14.9825;14.9797;14.9806;15.2825;15.2088;14.9455;14.9855;14.9199;15.1354;14.8088;14.6021;14.7217;14.953;14.7512;14.6249;14.5789;14.643;14.7499;14.9456;14.9398;15.0548;15.05;15.0314;15",8.39267,"0.4;0;0.6"
20.5546,43.8485,0.669223,"1;1.76272;2.28575;3.19789;3.60473;4.51813;5.36176;5.8897;6.80885;7.54514;8.48304;9.48153;10.3537;10.5639;11.5503;12.0733;12.6602;13.0287;13.9591;14.4274;15.2969;16.2057;17.159;17.837;18.5155;19.379;19.6649;20.3273;21","15;14.5134;14.4474;14.5671;14.639;14.8115;15.0721;15.2648;15.4434;15.486;15.6316;15.6722;15.6443;15.6168;15.6182;15.584;15.5848;15.5792;15.3417;15.2931;15.2068;15.4027;15.4119;15.2328;14.9299;15.2504;15.2654;15.3061;15",10.7823,"0.4;0.05;0.55"
20.5925,38.3502,1.45053,"1;1.96393;2.31064;3.23421;4.03108;4.73289;5.54697;6.16401;7.07774;7.31436;8.10596;9.05627;10.0472;10.8122;11.7111;12.6782;13.3604;13.6901;14.5887;15.2762;15.7197;16.447;17.0004;17.8961;18.2513;19.067;19.4483;20.4136;21","15;15.0218;14.9172;15.215;15.054;15.4577;15.6116;15.7902;15.9899;16.088;16.0688;16.1751;16.272;16.0478;16.2519;16.0063;16.0627;15.9611;15.6297;15.7306;15.6829;15.5939;15.5309;15.2232;15.0269;15.033;15.1206;15.1556;15",12.7973,"0.4;0.1;0.5"
30.1312,10.746,0.314861,"1;1.78172;2.0968;2.11337;2.35004;2.877;3.40562;3.64974;3.98287;4.38131;5.02844;5.55396;5.86442;6.27535;7.14447;7.60591;8.18377;9.17065;9.82099;10.7313;10.8515;11.7482;12.5521;12.8914;13.6718;14.2931;15.2187;15.6478;16.3632;16.8246;17.1643;17.9424;18.3844;18.84;19.4741;19.6593;19.695;19.7414;19.8445;20.4174;20.9232;21","15;14.6027;13.7077;13.0555;12.3534;11.8826;11.1582;10.9513;10.2534;9.38177;8.90222;8.2444;7.9183;7.51167;7.28629;6.84598;6.54639;6.49889;6.01795;5.69315;5.67597;5.6602;5.92896;6.24352;6.3607;6.39143;6.70578;6.88329;7.39201;7.65461;8.52292;8.97546;9.58511;10.3229;10.7645;11.7355;12.6004;13.3386;13.99;14.6248;15.0008;15",13.8061,"0.4;0.15;0.45"
30.0021,9.98583,0.311237,"1;1.3165;2.02516;2.36893;2.6417;2.75978;3.04825;3.43095;3.56546;4.01053;4.55357;4.79908;5.49968;6.07428;6.81959;7.39506;7.85252;8.60192;9.33362;10.2436;11.1668;11.8525;12.8168;13.5504;14.1352;14.6159;15.2816;16.0308;16.4398;16.7248;17.2511;17.4133;17.9981;18.5354;19.1589;19.5889;19.7559;20.4225;20.4821;20.4933;21","15;14.7518;14.1065;13.3961;12.5909;12.4179;11.4742;10.8351;10.0902;9.68075;8.85313;8.55565;7.86471;7.19764;6.53151;6.18492;5.89182;5.32791;5.14766;5.27612;5.32716;5.63736;5.79046;6.1176;6.56258;6.66572;7.23902;7.5482;8.35907;8.64092;9.33348;9.79;10.288;11.1314;11.8474;12.362;12.6762;13.3093;14.1206;14.5908;15",14.1225,"0.4;0.2;0.4"
24.4556,6.46596,9.23867,"1;1.33346;1.98253;2.38852;3.23617;3.7748;4.41132;4.84607;5.40454;6.04563;6.34554;6.85674;7.57514;8.33841;8.73412;9.49417;10.361;11.1056;11.8709;12.1812;12.5892;13.2931;13.8189;14.8016;15.123;15.7907;16.4971;17.0359;17.4227;17.9275;18.2147;19.1047;19.3196;19.985;20.627;21","15;15.1282;15.3716;15.5444;16.0048;16.7156;17.3794;17.779;18.4041;19.0382;19.4455;19.92;20.3867;20.715;20.9008;20.8857;20.9234;20.9192;20.5997;20.4716;20.4868;20.121;19.7747;19.6082;19.4608;18.8976;18.6704;18.255;17.4663;16.9359;16.6845;16.5597;16.1869;15.7112;14.9465;15",14.6323,"0.4;0.25;0.35"
25.3297,5.52431,9.92237,"1;1.72419;2.27186;2.57733;3.42065;3.84694;4.37078;4.83212;5.47048;6.02186;6.66019;7.45012;7.96539;8.55259;8.84726;9.64829;10.3095;11.2045;12.1883;12.908;13.7295;14.5783;15.3242;15.6735;15.7791;16.4238;16.6808;17.448;18.1779;18.967;19.4476;19.983;19.9606;20.2919;21","15;15.2094;15.5514;15.8126;16.3305;16.8023;17.151;17.4391;17.7744;18.4689;18.7194;19.2575;19.8027;20.4943;20.5708;21.0624;21.4791;21.4812;21.6373;21.647;21.276;21.1958;20.7216;20.4277;20.3348;19.621;19.3538;18.7591;18.1492;17.6298;16.9291;16.1556;15.3123;15.0786;15",14.7659,"0.4;0.3;0.3"
25.2624,4.58994,9.99002,"1;1.21204;1.95977;2.31306;2.63146;3.0759;3.4081;3.84441;4.36383;5.1715;5.83214;6.4195;7.14084;7.93111;8.31434;9.27838;9.64457;10.3354;10.6038;11.461;12.4192;12.631;13.5812;14.1337;14.816;15.4991;16.2073;16.3004;16.8121;16.9883;17.5497;18.0813;18.6496;18.8127;19.095;19.5926;20.4409;21","15;15.0987;15.4855;15.5905;15.6792;16.4898;17.0958;17.8863;18.5401;18.993;19.3794;19.7436;20.0577;20.484;20.8609;20.9446;21.126;21.4304;21.4515;21.6003;21.5853;21.4703;21.3047;21.079;20.7371;20.3708;19.9432;19.8789;19.0748;18.7726;18.3897;17.8309;17.2097;17.0525;16.1382;15.6939;15.3395;15",14.209,"0.4;0.35;0.25"
25.5894,3.99552,10.7329,"1;1.48409;2.07886;2.58623;2.97512;3.5941;3.98443;4.65297;4.85444;5.42606;6.33466;6.84174;7.76572;8.52365;9.44595;10.2708;11.1318;11.8504;12.2341;12.8269;13.554;14.4162;15.1811;15.5425;16.2723;16.96;17.7191;18.602;19.4382;19.8676;20.1444;20.5163;21","15;15.4436;15.8339;16.3548;16.8433;17.5044;18.1092;18.7685;19.2854;20.1055;20.3456;20.9384;20.806;20.9541;21.1218;21.435;21.677;21.4292;21.3121;21.1324;21.0418;20.8148;20.4886;20.3724;19.965;19.5586;18.957;18.5237;17.9976;17.1376;16.3803;15.4923;15",13.9805,"0.4;0.4;0.2"
25.9111,4.5622,10.5439,"1;1.76127;2.21734;2.5996;2.89281;3.52972;3.7699;4.06804;4.53974;5.02233;5.46924;5.99045;6.67328;7.48356;8.03102;8.30609;9.02718;9.70727;10.4427;11.1467;11.5055;12.3532;12.9385;13.3164;14.0403;14.8951;15.0823;15.9317;16.528;16.585;16.6325;17.3344;17.6612;18.4644;18.8683;19.1687;19.9375;20.5516;21","15;15.1533;15.7434;16.5925;16.8687;17.3393;17.5798;18.0026;18.5076;19.2865;19.7304;19.8059;20.2242;20.6033;21.0205;21.4444;21.362;21.6644;21.7365;21.9501;21.7882;21.6068;21.4152;20.9624;20.6754;20.3396;20.2588;20.0527;19.4554;18.8709;18.3655;17.9845;17.6529;17.3491;17.0718;16.5245;15.9735;15.482;15",13.999,"0.4;0.45;0.15"
26.1773,3.41942,10.8492,"1;1.70003;1.94718;2.52998;3.10735;3.53605;3.94254;4.2682;4.71899;5.56601;6.1314;6.74435;7.53939;8.3014;9.27172;10.0762;10.7669;11.6377;12.4734;13.286;14.2439;15.0819;15.549;16.243;16.6002;16.9097;17.4974;18.2075;18.5703;19.274;19.7313;20.1463;20.7319;21","15;15.3493;15.4674;16.003;16.4855;16.7878;17.6862;18.5945;19.326;19.8334;20.4077;20.6953;21.1877;21.5048;21.6175;21.7283;21.7745;22.1567;22.2595;22.053;21.9345;21.4548;21.2018;20.5967;20.0208;19.6879;19.1803;18.6159;18.3373;17.7189;17.1101;16.3302;15.8869;15",13.2655,"0.4;0.5;0.1"
25.9449,3.93807,10.8617,"1;1.46192;1.63226;2.19474;2.3405;2.72461;2.98858;3.59729;4.00044;4.51255;5.32859;5.79548;6.31439;6.86362;7.6629;8.55391;9.26279;10.1045;10.4601;10.7263;11.559;12.2648;12.9565;13.8009;14.7488;15.4821;15.8748;16.5968;16.8847;17.0297;17.899;18.4367;19.2546;19.5152;20.0439;20.39;21","15;15.4947;15.7748;16.284;16.9366;17.5114;18.0091;18.3133;18.6198;19.1725;19.7184;20.1088;20.3245;20.9157;21.0326;21.4024;21.5098;21.5904;21.6555;21.6985;21.7961;21.8103;21.8676;21.3503;21.2016;20.5828;20.3607;19.715;19.277;18.5738;18.0806;17.509;17.1765;16.5337;15.9682;15.2672;15",13.087,"0.4;0.55;0.05"
27.0262,3.10592,11.5011,"1;1.84282;2.19137;2.63577;2.88581;3.56714;3.89569;4.23442;4.81814;5.05039;5.44454;5.97591;6.61292;7.43717;8.30639;8.92144;9.68758;10.2998;11.012;11.9363;12.6604;13.363;14.3001;14.6948;15.3373;16.0411;16.8941;17.8154;18.1816;18.8964;19.0229;19.6247;20.0204;19.9566;20.4876;20.6848;21","15;15.4079;15.8681;16.6475;17.4017;17.9528;18.2691;19.0075;19.7755;19.9753;20.2244;20.674;21.1023;21.383;21.4655;21.6745;21.8988;22.2341;22.0663;21.7241;21.8675;21.7341;21.5501;21.3853;21.1427;20.6695;20.5781;20.3754;19.7803;19.5951;18.646;17.9911;17.4474;16.7761;15.9643;15.5072;15",12.674,"0.4;0.6;0"
20.6122,60.9051,0.256701,"1;1.99645;2.9527;3.73394;4.68152;5.42524;6.35086;7.06329;8.04106;8.80544;9.49369;10.4006;10.7437;11.4989;11.9493;12.5486;13.1789;14.0119;14.8328;15.4135;16.2997;17.2835;18.0285;18.8679;19.8037;20.5955;21","15;15.0842;14.7916;14.5825;14.6185;14.7044;14.4065;14.1618;14.0146;13.7785;13.5043;13.3053;13.311;13.2013;13.238;13.326;13.2201;13.3596;13.5994;13.8181;14.1447;14.3237;14.2917;14.442;14.4493;14.7615;15",9.41668,"0.45;0;0.55"
20.5545,47.2856,0.496653,"1;1.81105;2.30337;2.84938;3.40675;4.3412;5.1476;5.58729;6.29916;7.02833;7.78149;8.65405;9.60714;9.69505;10.6766;11.6373;12.155;13.0961;13.7748;14.2135;14.8777;15.764;16.6263;17.4201;18.0111;18.7289;19.4832;20.4068;21","15;14.7651;14.7593;14.6742;14.6398;14.6767;14.7724;14.8715;14.8997;15.0292;15.1469;15.1652;15.2709;15.1628;15.1634;15.291;15.4115;15.7058;15.682;15.7088;15.324;15.1455;14.9592;14.792;14.9039;14.8919;14.8339;14.5686;15",11.8621,"0.45;0.05;0.5"
20.7984,42.5942,0.896245,"1;1.50964;2.36778;2.88559;3.59134;4.41025;5.19403;5.78576;6.63783;7.41154;8.29362;9.21965;9.52199;10.4255;10.8977;11.6004;12.5787;13.4402;14.1867;14.7888;15.4096;15.9898;16.8805;17.4415;18.3191;18.7261;19.4451;20.2812;21","15;15.0602;14.9706;15.1158;14.8697;14.8866;15.1614;15.2654;15.6743;15.7515;15.749;15.7033;15.72;15.9587;16.0614;15.8198;15.9747;15.8642;15.857;15.4578;14.957;14.7102;14.657;14.5173;14.3853;14.3818;14.6744;14.9158;15",14.022,"0.45;0.1;0.45"
28.2675,13.5832,0.292767,"1;1.41629;1.81545;2.28387;2.46517;2.52487;2.8412;3.27515;3.79119;4.21657;4.93668;5.66249;6.14783;6.86017;7.63517;8.19278;8.957;9.93879;10.8147;11.761;12.2789;12.9694;13.2664;13.9161;14.6039;15.0426;15.7452;16.4205;16.6063;17.2385;17.6443;18.1211;18.5;19.0841;19.358;19.6203;19.8596;20.2117;20.4482;21","15;14.5493;13.9366;13.1223;12.5116;12.082;11.3751;10.8612;10.2903;9.85531;9.36542;8.9425;8.35704;7.78339;7.32547;7.04468;6.72689;6.77409;6.85908;6.86557;6.82483;6.77357;6.75201;6.74196;6.92499;7.1456;7.54311;7.89863;8.00501;8.70486;9.25465;10.0965;10.5798;11.0562;11.6836;12.4951;12.9563;13.86;14.399;15",14.875,"0.45;0.15;0.4"
23.6502,8.05767,8.52059,"1;1.54305;2.31127;2.68954;3.29095;3.72817;4.38407;5.13826;5.69509;6.06314;6.67277;7.16249;7.88283;8.70428;9.20953;9.69068;10.4534;11.1897;11.8897;12.2125;12.9781;13.5077;14.1492;14.9407;15.4946;16.1729;16.715;17.5097;17.9064;18.4621;19.2471;19.8374;20.6961;21","15;15.0298;15.1177;15.4388;16.0059;16.8511;17.2652;17.7928;18.1488;18.5966;19.1202;19.4816;19.9454;20.2449;20.3646;20.4829;20.4823;20.3794;20.2872;20.2536;20.0548;19.9389;19.4618;19.0968;18.6104;17.8853;17.5224;16.9952;16.6215;16.0592;15.7296;15.5204;15.1297;15",15.2363,"0.45;0.2;0.35"
24.1633,7.94324,9.08805,"1;1.74888;2.40196;3.13932;3.69715;4.0607;4.61051;4.99144;5.31979;6.05806;6.36418;7.03373;7.43924;8.05957;8.42093;9.40097;10.1895;10.9858;11.7188;12.3414;12.7875;13.598;14.0251;14.6498;15.2067;15.9026;16.269;16.8328;17.1954;17.7893;18.1798;18.987;19.373;20.3075;20.7001;21","15;15.3466;15.6868;16.2526;16.6014;16.7522;17.1758;17.9609;18.6106;19.0172;18.8383;19.2777;19.5676;19.724;19.8991;19.934;20.1271;19.9802;19.8563;20.1333;19.8452;20.1754;20.1566;19.627;19.3536;18.7864;18.524;18.2765;17.8958;17.4023;16.6247;16.0916;15.9334;15.6575;15.1024;15",15.5857,"0.45;0.25;0.3"
23.8824,6.28162,9.42322,"1;1.49588;1.84646;2.5359;3.34478;3.75226;4.05817;4.7007;5.05507;5.74065;6.40643;7.3051;7.5511;8.41273;9.26763;9.55508;10.5275;11.4137;12.2862;13.0855;13.6609;14.3158;14.8837;15.7721;16.5333;17.3177;18.1303;18.3564;18.864;19.0927;19.487;20.06;20.5642;21","15;15.4474;15.6371;15.8904;16.4784;16.8551;17.5011;18.2185;18.4784;18.915;19.1571;19.5155;19.6209;19.8167;20.0796;20.2014;20.4161;20.5856;20.5934;20.5759;20.2964;20.0011;19.9193;19.4849;19.0489;18.701;18.2244;18.0115;17.1994;16.8407;16.3516;15.5766;15.3339;15",14.9874,"0.45;0.3;0.25"
23.7176,6.58813,9.38084,"1;1.77046;2.06999;2.30149;2.7589;3.32656;3.64457;4.17817;5.03223;5.64418;6.44989;6.91151;7.65221;8.42056;9.08942;9.76087;10.2791;10.9901;11.9229;12.8494;13.5501;14.4973;15.4134;16.1794;16.7953;17.3548;17.8076;18.3899;18.8029;19.27;19.7415;20.3593;21","15;15.4678;15.703;15.887;16.4394;17.2291;17.5554;18.1582;18.5989;19.1284;19.5068;19.6052;19.8676;20.0731;20.1742;20.3862;20.7138;20.6425;20.4043;20.1016;19.69;19.4705;19.2069;18.7805;18.5309;18.0861;17.6875;17.2601;16.7393;16.1421;15.7061;15.3146;15",14.8549,"0.45;0.35;0.2"
25.0399,4.82197,10.2492,"1;1.38137;1.98494;2.88969;2.94253;3.47217;3.88931;4.13501;4.78732;5.19136;5.98382;6.37378;7.19371;7.98925;8.78637;9.39747;10.0815;10.8388;11.5338;12.4866;12.8781;13.721;14.6743;15.3977;16.1053;16.6197;17.3825;18.089;18.6291;19.3529;19.6965;20.2292;20.6403;21","15;15.4185;15.6819;16.0799;16.1958;17.0092;17.4849;17.8166;18.4937;18.7785;19.1697;19.5927;20.0291;20.288;20.5642;20.4444;20.8878;21.3778;21.3306;21.4472;21.3313;20.7939;20.6902;20.3849;19.8532;19.4945;19.2547;18.7813;18.1931;17.5583;16.7682;16.2396;15.8792;15",14.7341,"0.45;0.4;0.15"
25.0459,5.02665,10.028,"1;1.29095;2.20642;3.13038;3.38898;3.82739;4.50713;5.31268;5.67177;6.02848;6.49718;7.19952;7.66756;8.25911;8.80128;9.37154;10.1742;11.011;11.8591;12.6822;13.3683;13.9024;14.8104;15.5576;16.0319;16.6182;16.9623;17.5438;18.3646;18.9718;19.5268;19.9674;20.4657;21","15;15.2551;15.6506;16.0031;16.2312;17.049;17.6161;17.9633;18.8207;19.1539;19.6602;20.2349;20.7088;20.9297;20.9507;20.9377;21.1307;21.1869;21.2066;21.3657;21.2972;21.0823;20.7011;20.2979;19.6263;19.0237;18.9558;18.3817;17.9838;17.5038;16.9056;16.174;15.4634;15",14.5355,"0.45;0.45;0.1"
26.2277,3.32236,11.1047,"1;1.65343;2.25309;2.53553;2.95331;3.31772;3.63619;3.97244;4.51801;4.69107;5.60647;6.40953;7.17876;7.61263;8.16792;8.80133;9.66762;10.3933;11.2689;12.1846;12.9408;13.6991;14.4594;15.3011;16.1674;16.7421;17.0166;17.6033;18.3089;18.7717;19.1005;19.2338;19.6614;19.8612;20.0192;20.366;20.9794;21","15;15.6737;16.4067;16.749;17.1641;17.9652;18.2216;18.669;19.2197;19.5729;19.7496;20.3236;20.6315;20.79;21.2959;21.5776;21.8681;21.9376;22.0897;22.0333;21.8521;21.5985;21.6722;21.3845;21.0384;20.7703;20.5518;20.108;19.6019;19.0174;18.2691;17.9726;17.0818;16.3802;15.9833;15.7012;15.085;15",14.0189,"0.45;0.5;0.05"
25.1345,4.09274,10.3732,"1;1.24903;1.80144;1.95495;2.47063;3.07361;3.59499;3.98709;4.45659;4.89673;5.4817;5.69964;6.46357;7.08626;7.74021;8.60523;9.05407;9.80347;10.2356;10.9619;11.5425;12.5021;13.4039;13.9684;14.4632;14.7958;15.6678;16.5141;16.9779;17.5449;18.2797;18.8671;19.4015;19.9125;20.311;21","15;15.1127;15.5697;15.7036;16.1673;16.8017;17.2957;17.835;18.4392;18.6853;19.274;19.3604;19.9855;20.6304;20.8547;21.1273;21.2363;21.2581;21.281;21.4361;21.5065;21.5861;21.5378;21.1214;20.9151;20.6718;20.32;20.1215;19.5221;18.9498;18.3517;17.8385;17.1192;16.3182;15.5914;15",13.5615,"0.45;0.55;0"
20.6249,54.2191,0.34237,"1;1.72837;2.60258;3.35133;3.98156;4.68992;5.11557;5.83291;6.75904;7.2987;8.17427;9.02671;9.86271;10.3128;10.9757;11.676;12.1821;12.4476;13.2839;13.8645;14.6423;15.6265;16.355;17.1082;17.8936;18.7824;19.7414;20.2766;21","15;14.9445;14.6561;14.5831;14.625;14.4707;14.3967;14.3583;14.338;14.3121;14.2792;14.2865;14.3831;14.484;14.2867;14.4983;14.6912;14.7949;14.8465;15.193;15.2607;15.2654;15.1596;15.1146;15.073;15.0437;14.7653;14.4567;15",10.4836,"0.5;0;0.5"
20.6808,40.3213,1.15776,"1;1.61161;2.26893;3.03669;3.85697;4.35251;4.98899;5.65668;6.54291;7.245;8.18134;8.97067;9.6886;10.5804;11.3289;12.2213;13.004;13.8435;14.5196;15.1769;16.088;17.0111;17.734;18.3574;19.1806;19.7604;20.5876;21","15;15.0363;15.0061;14.874;14.9193;14.9218;14.7273;15.2064;15.5601;15.6755;15.7043;15.708;15.6594;15.9964;16.1029;16.2522;16.061;15.9759;15.8192;15.7844;15.6622;15.6451;15.3951;15.2685;15.5173;15.2258;14.8508;15",12.8774,"0.5;0.05;0.45"
20.3056,40.1568,1.13842,"1;1.98125;2.96239;3.39333;4.32703;4.80474;5.38673;6.29365;6.91589;7.72711;8.70413;9.25435;10.1737;10.3709;11.2401;11.8461;12.805;13.8008;14.7914;15.7357;16.4198;17.0889;17.8964;18.5356;19.1215;20.0169;21","15;15.1927;15.2756;15.2428;15.5379;15.5869;15.8133;15.8924;15.9737;16.0788;16.0445;16.1042;15.8883;15.8283;15.8114;15.8308;15.7471;15.6563;15.5192;15.487;15.3813;15.2263;14.9943;15.0414;15.1349;14.8571;15",14.6239,"0.5;0.1;0.4"
22.0516,17.8666,6.58993,"1;1.85235;2.61157;3.27166;3.96191;4.54755;5.3569;6.00644;6.83723;7.63978;7.98321;8.95905;9.3811;10.2315;10.557;11.2328;12.1378;12.7502;13.6215;13.7918;14.4727;15.0813;15.8334;16.5754;17.2512;18.1312;19.011;19.4561;20.4352;20.9887;21","15;15.4436;15.7266;16.1156;16.456;16.8752;17.0992;17.3654;17.7713;17.8255;18.0793;18.2734;18.2861;18.3524;18.3182;18.5736;18.7307;18.696;18.512;18.2631;17.6933;17.0417;16.5995;16.1632;15.6961;15.337;15.4362;15.3336;15.2276;15.1032;15",16.0123,"0.5;0.15;0.35"
22.5046,14.4858,7.03005,"1;1.95474;2.94545;3.53898;4.20218;4.85387;5.29386;6.12286;6.95758;7.31317;7.82197;8.41157;9.23208;10.098;11.0141;11.367;12.3098;13.0161;13.4961;14.401;15.1586;15.6773;16.2697;16.8534;17.4651;18.156;18.7588;19.5226;20.1103;21","15;15.2975;15.4334;15.6089;16.2226;16.613;16.796;17.1097;17.5612;17.8471;18.1278;18.4566;18.6385;18.7361;18.7954;18.8514;19.1336;19.0545;19.022;18.8345;18.6952;18.2365;17.5399;16.9443;16.3062;15.8764;15.5101;15.0013;14.7273;15",16.2585,"0.5;0.2;0.3"
24.6552,5.83797,9.75277,"1;1.70568;1.98152;2.30469;3.14257;3.66532;4.00226;4.59855;5.03781;5.55339;6.08889;6.92507;7.14204;7.80889;8.6864;9.44002;10.2334;10.7923;11.6708;12.4438;13.2575;14.1141;15.0725;15.6571;16.2503;17.0422;17.3956;17.9766;18.0889;18.6075;19.1991;19.7772;20.6556;21","15;15.3477;15.7791;16.179;16.5222;17.1747;17.5991;18.168;19.019;19.0888;19.1813;19.6204;19.8101;20.3225;20.3113;20.5959;20.5931;20.5149;20.9408;20.7348;20.4028;20.0979;20.0116;19.6342;19.207;18.935;18.8276;18.0763;17.5503;16.9007;16.2238;15.5727;15.1584;15",16.2253,"0.5;0.25;0.25"
24.0268,6.31239,9.47369,"1;1.69624;2.34717;3.28656;3.60359;4.26539;5.00571;5.36972;6.10244;6.71573;7.45559;7.96414;8.6323;9.10489;9.6481;10.3911;11.2019;11.9491;12.9062;13.7155;14.5641;15.3268;15.8513;16.7359;17.6514;18.3014;18.5427;19.2;19.9344;20.1031;20.6167;21","15;15.4592;16.1159;16.4587;16.6731;16.8651;17.5096;18.2614;18.9235;19.1166;19.4676;19.7881;20.1716;20.3598;20.5514;20.8275;20.7957;20.6941;20.5194;20.3591;20.0731;19.8146;19.3622;18.9079;18.5251;18.0514;17.4451;16.7158;16.1151;15.9856;15.3379;15",15.8019,"0.5;0.3;0.2"
25.7032,3.90508,10.6986,"1;1.68803;2.41103;2.50258;2.98064;3.55921;4.20503;4.64917;5.45516;6.12638;6.57218;6.98166;7.48645;8.05874;8.48548;8.6107;9.49327;9.73431;10.503;10.7293;11.644;12.4246;13.3981;14.2703;14.6694;15.0486;15.8577;16.8294;17.2989;17.9641;18.5355;18.8681;19.3559;19.8846;20.2854;20.4676;20.9028;21","15;15.2963;15.9347;16.2827;17.0956;17.6154;18.3371;18.8126;19.3929;19.8053;20.2142;20.4662;21.0629;21.1635;21.4809;21.615;21.7362;21.7282;21.6512;21.6282;21.6091;21.6425;21.4401;21.1359;20.596;20.4924;19.9369;19.7223;19.3258;18.5944;17.915;17.7347;17.0423;16.9941;16.1105;15.7126;15.2467;15",15.8232,"0.5;0.35;0.15"
24.011,7.05981,9.391,"1;1.73099;2.44804;2.90432;3.1883;3.58405;4.10318;4.46631;5.16904;5.36356;6.26041;7.06035;7.60533;8.26572;9.18112;9.54896;10.4397;11.343;11.861;12.7154;13.4587;14.0111;14.4288;15.1288;15.7166;16.3376;16.9954;17.5869;18.2381;18.91;19.1777;19.8952;20.2256;21","15;15.3764;15.964;16.1917;17.1451;17.5811;18.1798;18.3438;19.0282;19.2589;19.5424;20.1086;20.0341;20.005;19.9481;20.0184;19.9209;20.0972;20.1894;20.1543;19.9355;19.8762;19.6209;19.2688;18.6273;18.6338;18.1641;17.7495;17.0838;16.3784;16.1455;15.7285;15.3336;15",15.7685,"0.5;0.4;0.1"
25.5452,4.53796,10.446,"1;1.91605;2.26316;2.73304;3.24175;3.85057;4.21404;4.91877;5.77547;6.49769;7.01777;7.54509;7.96235;8.67293;9.51709;10.2674;11.1699;11.9908;12.1347;13.0282;13.7956;14.532;14.8045;15.7292;15.958;16.6577;17.3334;17.7999;18.4359;18.8453;19.1102;19.7603;20.3103;20.5085;21.0376;21","15;15.2437;15.4047;16.2055;16.55;17.2545;18.0216;18.333;18.5386;19.1067;19.4985;19.8628;20.4246;20.7553;20.9903;21.1823;21.4472;21.6059;21.6245;21.7625;21.4194;21.3681;21.1903;20.886;20.7382;20.1397;19.658;19.1634;18.5042;17.9489;17.6643;17.0652;16.5489;16.4137;15.8183;15",15.337,"0.5;0.45;0.05"
25.8289,3.585,10.7465,"1;1.95501;2.35349;2.64849;2.9653;3.71161;4.11597;4.70331;5.1926;5.67211;6.33734;7.0468;7.38484;8.1479;9.06631;9.71956;10.4618;11.1785;11.9304;12.5466;13.0648;13.5016;14.3748;15.0933;15.6961;16.2719;16.6811;17.2618;17.9878;18.6334;19.0852;19.3559;19.8569;20.1384;20.4336;21","15;15.2966;15.914;16.4191;17.064;17.6159;18.2848;18.7485;19.1207;19.7334;20.4489;20.7094;21.1857;21.7886;21.9157;22.0383;22.1005;22.0826;21.8955;21.6536;21.4473;21.2806;21.0789;20.8485;20.517;20.1793;19.8144;19.3354;18.7249;18.2583;17.8999;17.5257;16.8629;16.2001;15.6067;15",14.7069,"0.5;0.5;0"
20.31,55.5525,0.276438,"1;1.89166;2.48946;3.44951;4.26162;4.64959;5.57864;5.85501;6.63477;7.57177;8.35931;9.15617;10.1157;10.8242;11.3812;11.8203;12.6827;13.5067;14.3265;14.602;15.3432;16.0747;16.6321;17.2554;18.1972;18.9265;19.8603;20.202;21","15;14.8876;14.7817;14.5202;14.4263;14.5147;14.4225;14.184;14.1997;14.184;14.2319;14.345;14.1851;14.2141;14.4027;14.4278;14.5411;14.6336;14.7219;14.8224;14.6434;14.5197;14.5553;14.6029;14.635;14.7482;14.853;14.9109;15",11.2949,"0.55;0;0.45"
21.0779,39.2401,1.35738,"1;1.89111;2.47345;3.02421;3.74501;4.29116;5.09163;5.85519;6.61167;7.58063;8.39808;9.3831;9.84205;10.5551;11.4712;12.3586;13.1296;13.9318;14.8494;15.4912;16.333;16.9485;17.7056;18.6958;19.2201;19.8925;20.6462;21","15;15.1156;15.3889;15.4375;15.5593;15.7559;15.8947;15.7007;15.691;15.7827;15.9261;15.9464;15.8719;16.0344;15.9357;15.9591;16.0253;15.8889;15.8601;15.9019;15.5043;15.7358;15.6767;15.5978;15.3855;14.9884;14.3787;15",14.0978,"0.55;0.05;0.4"
20.8243,35.3594,2.46217,"1;1.30056;2.023;2.71766;3.59353;4.58012;5.24091;6.12939;7.11707;7.89733;8.76605;9.63464;10.2937;10.704;11.3136;12.1172;12.9773;13.7813;14.765;14.9294;15.8316;16.7654;17.1688;18.0345;18.7229;19.6528;20.0782;20.8378;21","15;15.2577;15.5465;15.6442;15.9628;16.0048;16.1243;16.2334;16.3;16.599;16.6662;16.3881;16.2747;16.2595;16.1617;16.019;16.2163;16.1432;16.124;16.019;16.1959;15.8663;15.7468;15.6844;15.3732;15.1397;15.171;15.3203;15",15.8511,"0.55;0.1;0.35"
21.9732,16.3888,7.05646,"1;1.56535;2.07664;2.9981;3.46179;4.12383;4.89067;5.70794;6.51651;7.03085;7.65342;8.60039;8.88788;9.72934;10.4691;11.2961;12.1328;12.5413;12.8141;13.6335;14.3094;15.0795;15.8246;16.215;17.0282;17.3976;17.8947;18.6262;19.2986;20.0274;20.7679;21","15;15.1484;15.4099;15.6528;15.8201;16.2685;16.7158;16.9122;17.3432;17.6569;17.9351;18.2338;18.2586;18.4234;18.3824;18.3812;18.6644;18.5018;18.3915;18.6518;18.5664;18.0458;17.4256;17.2004;16.9681;16.8341;16.4643;16.0378;15.5547;15.2323;14.8648;15",16.6605,"0.55;0.15;0.3"
24.029,6.53694,9.4606,"1;1.51614;2.18933;2.69421;3.44082;3.86626;4.39495;5.22426;5.77825;6.39673;7.18969;8.05447;8.80366;9.76075;10.6072;11.4512;12.3147;13.1164;13.6764;14.3331;15.0574;15.3169;15.8044;16.6502;17.031;17.7082;18.2951;18.7503;19.2231;20.1431;20.2829;21","15;15.3981;16.115;16.6263;17.2553;17.629;18.1122;18.3543;18.5928;18.9877;19.4944;19.878;20.2231;20.3616;20.5931;20.9005;20.5387;20.5462;20.2952;20.1725;19.8228;19.3755;18.9289;18.4313;18.2357;17.6217;17.2931;16.4267;15.8463;15.5407;15.2801;15",16.8885,"0.55;0.2;0.25"
23.3446,9.13315,8.67903,"1;1.71058;2.58633;2.91634;3.77237;4.2173;4.81574;5.45055;5.76078;6.5671;6.84998;7.56769;7.97938;8.90056;9.15936;9.87628;10.4485;10.9078;11.5923;12.0667;12.7568;13.4165;14.2125;14.9254;15.5758;16.2736;16.9581;17.5487;17.9062;18.5022;18.5484;19.2386;20.0809;20.431;21","15;15.3465;15.8013;15.9756;16.4522;17.2146;17.5685;18.2374;18.4666;18.7933;18.8482;19.0764;19.2855;19.5623;19.6864;19.8167;19.8164;19.5702;19.4203;19.374;19.4498;19.387;19.4444;19.3731;19.1683;18.6235;17.9628;17.5948;17.3523;16.9854;16.2675;15.8894;15.5729;15.3641;15",16.8586,"0.55;0.25;0.2"
24.22,5.91145,9.80599,"1;1.87086;2.75226;3.23986;3.88853;4.47112;5.15393;5.58766;6.0431;6.70474;7.40719;7.99219;8.68902;9.18623;9.86886;10.4981;10.941;11.5344;11.6849;12.6225;13.0023;13.7294;14.5973;15.3058;15.6353;15.8789;16.0569;16.8814;17.3809;18.0691;18.6384;19.4264;19.8084;20.0864;20.6341;21","15;15.4915;15.9639;16.6478;17.0952;17.3795;18.0252;18.4531;18.5742;19.0165;19.4371;19.9775;20.2722;20.4264;20.4336;20.7087;21.0047;20.8477;20.8029;20.6253;20.632;20.4914;20.2517;19.8747;19.7663;19.6764;19.6051;19.3603;18.857;18.4435;18.0785;17.5068;16.9138;16.4157;15.6724;15",16.5653,"0.55;0.3;0.15"
24.9363,4.67579,10.4099,"1;1.46177;1.96353;2.1641;2.34375;3.08008;3.39395;3.69905;4.3558;4.9173;5.50112;6.03443;6.62767;7.46301;8.38446;8.94274;9.93137;10.8299;11.6926;12.0013;12.956;13.8136;14.7307;15.267;15.8143;16.3197;16.9036;17.4855;17.9633;18.4087;18.7218;19.3739;20.0313;20.6084;21","15;15.5071;16.2986;16.4378;16.5696;17.1063;17.825;18.1462;18.6196;18.9799;19.6513;19.8742;20.6144;21.0729;20.951;21.1035;21.0419;20.9571;20.9725;20.965;20.7767;20.6111;20.3575;20.1281;19.8597;19.5019;19.0496;18.5245;18.159;17.6176;17.1436;16.9403;16.5534;15.8019;15",16.3925,"0.55;0.35;0.1"
25.6878,3.78782,10.5927,"1;1.79331;2.38113;3.08353;3.42329;3.65079;4.15946;4.70776;5.46048;5.58442;6.19235;6.91544;7.84627;8.28784;9.1035;9.97603;10.5674;11.4316;11.9256;12.7084;13.1942;14.0833;14.7997;15.3074;15.8811;16.516;17.0211;17.5768;17.9528;18.6781;19.2653;19.7425;20.0829;20.5385;20.9754;21","15;15.225;15.6089;16.2245;16.654;17.4105;17.9656;18.5314;19.1778;19.3201;19.952;20.5237;20.8522;21.066;21.3537;21.7848;21.9787;21.8449;21.7687;21.6965;21.6966;21.6461;21.2332;21.0763;20.674;19.9594;19.3083;18.8841;18.6948;18.2251;17.8297;17.3207;16.9239;16.0856;15.1967;15",16.1731,"0.55;0.4;0.05"
25.0949,4.44729,10.3746,"1;1.78151;2.31407;2.87518;3.02321;3.3488;3.50895;4.20229;4.55577;5.3338;5.82295;6.6362;7.53085;8.3913;8.94279;9.63076;10.1542;11.1448;11.9336;12.4868;13.4073;14.2611;14.9935;15.6475;16.5234;17.2197;18.0056;18.4334;18.6192;19.0351;19.5532;20.1023;20.6251;21","15;15.6239;16.3636;17.0468;17.3768;18.1392;18.3981;19.03;19.3363;19.9467;20.3633;20.7116;20.9047;21.0976;21.0547;21.0165;21.1117;21.0369;20.9286;20.6765;20.6165;20.324;20.1647;19.8922;19.5649;19.1584;18.5705;18.4559;17.9789;17.1536;16.5457;15.7586;15.0335;15",15.8035,"0.55;0.45;0"
20.6289,54.8212,0.294172,"1;1.24505;2.00117;2.80404;3.68678;4.02025;4.96468;5.83309;6.20594;6.58954;7.52834;8.31984;8.96877;9.67412;10.4902;11.3597;12.2355;12.885;13.6339;14.3886;14.7591;15.5579;16.4916;17.0077;17.666;18.5798;19.4716;20.1768;21","15;14.7345;14.5271;14.3027;14.3086;14.3179;14.0584;13.8507;13.8488;13.7765;13.9365;14.0901;14.3066;14.422;14.668;15.0442;15.072;14.9018;14.7477;14.6819;14.6096;14.3977;14.4969;14.4932;14.6965;15.0539;14.8835;14.9667;15",12.495,"0.6;0;0.4"
20.756,55.9982,0.280004,"1;1.38419;2.23604;2.85322;3.61322;4.47191;5.41424;6.35702;6.97132;7.94045;8.54024;9.14622;9.68264;10.6104;11.2772;11.6876;12.2915;13.0204;13.9327;14.66;15.4577;16.4397;17.2033;17.959;18.5286;19.4853;20.0498;20.5566;21","15;15.1558;15.0897;14.8519;14.5163;14.3265;14.2449;14.2459;14.1009;14.2801;14.4961;14.751;14.6783;14.7724;14.5786;14.5268;14.5286;14.3378;13.9819;14.1456;14.2015;14.3731;14.7329;14.4691;14.3693;14.4123;14.569;14.6293;15",15.3515,"0.6;0.05;0.35"
21.54,23.0136,5.2663,"1;1.99057;2.59816;3.51628;4.22462;4.80107;5.11337;5.66586;6.32606;6.52744;7.36759;7.77256;8.72778;9.51898;10.4356;11.2926;12.2259;12.4609;13.3993;14.2382;14.4815;15.2723;15.7069;16.4805;16.7308;17.4707;17.8575;18.7851;19.7698;20.1292;21","15;14.8913;15.122;15.299;15.3939;15.6395;15.8727;16.1834;16.7074;16.8499;17.1722;17.3762;17.4208;17.6292;17.7649;18.0663;17.8838;17.8727;17.7946;17.395;17.3787;16.9658;16.8141;16.2621;15.8783;15.5801;15.4586;15.6469;15.4825;15.4188;15",16.8052,"0.6;0.1;0.3"
22.3717,12.8484,7.92394,"1;1.42461;2.22677;2.97805;3.92404;4.61457;5.2915;5.88175;6.30332;7.04445;7.63973;8.33519;9.05543;9.80201;10.6739;11.3597;12.1773;12.4941;12.9379;13.9048;14.5957;15.0149;15.6244;16.2709;16.8002;17.1731;17.7736;17.9989;18.2123;19.0152;19.7658;20.3872;21","15;15.3095;15.8866;16.5102;16.7583;17.1006;17.4062;17.7464;18.1691;18.2978;18.5501;18.8249;19.0421;18.9342;19.0383;18.9565;18.8383;18.7685;18.6313;18.561;18.5145;18.3771;18.1941;17.7404;17.4513;17.1859;16.5423;16.3812;16.3776;15.844;15.6035;14.897;15",17.3313,"0.6;0.15;0.25"
23.8056,7.73395,8.91706,"1;1.75527;2.67577;3.41569;3.6424;4.38018;4.63934;5.21256;5.71374;6.15205;6.89748;7.50114;8.03603;8.7898;9.28477;10.221;11.1727;12.036;12.8882;13.3777;13.9571;14.808;15.4526;16.3834;16.9618;17.1419;17.9015;18.6592;19.0813;19.7634;20.5353;21","15;15.2371;15.5592;15.9824;16.1302;16.7047;16.9652;17.5751;18.0526;18.4063;18.9562;19.0967;19.2045;19.8416;20.2298;20.481;20.5835;20.5232;20.5274;20.228;19.7082;19.2748;19.0846;18.8352;18.5883;18.1374;17.7156;17.1167;16.2362;15.9143;15.4418;15",17.6135,"0.6;0.2;0.2"
22.7676,10.2226,8.48707,"1;1.40994;2.16251;2.49853;3.47192;4.36404;4.89581;5.49141;5.83597;5.87014;6.3148;6.69486;7.37785;7.91804;8.76589;9.57397;10.5321;11.2354;11.7646;12.6085;13.5917;14.4685;15.2452;15.726;16.461;16.7758;17.6398;18.2985;19.138;19.534;20.2393;20.8754;21","15;15.2497;15.7349;15.8747;16.1039;16.5557;16.8398;17.3066;17.5786;17.6324;18.2519;18.4529;18.8367;19.0734;19.3402;19.5479;19.659;19.5135;19.3577;19.2197;19.176;18.888;18.8881;18.7864;18.417;18.2765;17.7898;17.2843;16.9662;16.4041;15.7504;15.1958;15",17.4893,"0.6;0.25;0.15"
24.8195,5.48619,9.97948,"1;1.67545;1.97073;2.71225;2.86471;3.66292;4.4286;4.98456;5.76648;6.17897;6.67052;7.23598;7.81039;8.60462;9.29467;9.79226;10.6999;11.4592;12.1251;12.865;13.8111;14.1641;15.0172;15.3042;16.1247;17.0768;17.578;18.3831;18.7567;19.0673;19.5376;20.2685;20.7078;21","15;15.3784;15.5487;15.9349;16.2233;16.6118;17.1541;17.7008;18.316;18.6062;19.1556;19.747;20.0443;20.5395;20.8671;20.7998;20.9317;20.9346;20.6543;20.9171;20.6842;20.5112;20.7271;20.4509;20.0608;19.7857;19.3117;18.7649;18.3001;17.6206;16.8355;16.217;15.594;15",17.5355,"0.6;0.3;0.1"
24.4862,5.80209,9.87452,"1;1.68177;2.20223;2.70711;3.15592;3.7318;4.29937;4.74458;5.41774;6.22247;7.06151;7.96005;8.3013;9.2177;10.013;10.7758;11.3194;11.8577;12.1822;12.9522;13.214;14.1824;14.7185;15.2285;16.0241;16.6257;17.4285;18.0536;18.5992;19.3875;20.0341;20.7681;21","15;15.6315;16.1408;16.8954;17.3912;18.1532;18.802;19.4116;19.557;20.1236;20.5886;20.8133;20.7897;21.0796;20.6893;20.7799;20.5494;20.5134;20.4572;20.1108;19.9096;19.7536;19.7146;19.6107;19.0804;18.4336;17.8573;17.082;16.6454;16.3843;15.6883;15.209;15",17.2161,"0.6;0.35;0.05"
24.4417,6.40686,9.58624,"1;1.86265;2.21456;2.4398;3.09211;3.18871;3.75967;4.44088;5.27149;5.98852;6.09757;6.8019;7.52499;8.12151;8.41774;9.06924;9.88066;10.7336;11.4952;12.4051;12.8998;13.6721;14.5606;15.0612;15.8619;16.1128;16.8168;17.1537;17.4056;17.8816;18.5827;19.046;19.4698;20.0538;21","15;15.5058;16.1032;16.5366;16.9866;17.3767;17.75;18.3856;18.9154;19.0838;19.1405;19.7712;19.8248;20.1635;20.4118;20.5834;20.886;20.7439;20.3234;20.4624;20.3419;19.998;19.714;19.6265;19.2838;19.0198;18.4642;17.7105;17.3561;17.1278;16.6929;16.2514;15.58;15.1255;15",17.2278,"0.6;0.4;0"
20.6381,48.4587,0.547601,"1;1.55802;2.54672;3.47822;4.24211;4.98074;5.70025;6.56362;6.62733;7.55131;8.44501;9.43736;10.1006;11.0206;11.816;12.6093;13.5214;14.2794;14.9034;15.5686;16.5134;17.2973;18.1305;18.536;19.1565;19.8328;20.5818;21","15;15.0494;15.124;15.1904;15.0915;14.9778;15.0716;15.311;15.3628;15.5146;15.093;15.1506;15.2807;15.3932;15.2665;15.0949;14.8569;14.8006;14.8684;15.4338;15.4169;15.2522;15.4113;15.5044;15.3137;15.112;15.2115;15",13.6064,"0.65;0;0.35"
20.3934,42.4185,0.966866,"1;1.67911;2.53746;3.34027;4.31519;4.85013;5.4883;6.31512;6.93019;7.66588;8.07664;8.76163;9.6317;10.1577;10.7699;11.7306;12.3543;13.1093;13.7442;14.265;15.1463;15.6479;16.2074;16.64;17.5314;18.4795;19.4611;20.2838;21","15;15.2112;15.3166;15.4135;15.4734;15.3235;15.5717;15.748;15.8501;15.7302;15.7053;15.696;15.4273;15.648;15.8421;15.6225;15.6684;15.7351;15.7053;15.744;15.7112;15.6047;15.4213;15.4034;15.4563;15.5114;15.3209;15.1506;15",15.6667,"0.65;0.05;0.3"
20.6714,35.4451,2.27752,"1;1.97154;2.53203;3.25895;3.56778;4.45262;5.30133;5.8979;6.70282;7.6231;8.1416;9.11043;9.906;10.1878;11.0161;11.3849;12.2759;13.2125;13.6202;14.3408;15.2648;16.1516;16.8316;17.3821;18.1285;19.0272;19.9397;20.2901;21","15;15.2369;15.3685;15.3862;15.4616;15.6405;15.7365;15.9119;15.9936;16.0499;16.097;16.1647;16.1546;16.2623;16.1218;16.341;16.609;16.7447;16.5835;16.3591;16.3592;16.054;15.7992;15.5953;15.3212;15.4122;15.3276;15.4624;15",17.5503,"0.65;0.1;0.25"
21.6554,18.1746,6.51035,"1;1.49481;2.34934;3.1875;3.98382;4.75329;5.49578;6.03861;6.93069;7.57486;8.03622;8.94134;9.92606;10.4921;11.4409;12.3482;12.5426;13.5098;14.298;14.8925;15.4782;16.3972;16.9999;17.8587;18.5617;19.1043;19.7788;20.28;21","15;15.4126;15.773;16.0847;16.3802;16.588;17.0896;17.3913;17.823;17.9537;18.0954;18.4327;18.5751;18.54;18.4998;18.116;18.0226;17.7684;17.4306;17.0785;16.8512;16.661;16.3715;16.1182;15.5162;15.5623;15.0694;14.9692;15",18.1042,"0.65;0.15;0.2"
22.2011,14.0455,7.33622,"1;1.9992;2.84199;3.64159;4.25932;5.03041;5.5509;6.19313;6.71691;7.39496;8.16092;8.99715;9.82222;10.6417;11.5901;12.0448;12.919;13.6342;14.3668;14.77;15.6213;15.9163;16.5508;17.1303;18.0405;18.7574;19.5218;20.1593;21","15;15.0401;15.4927;15.8174;16.1721;16.719;17.1243;17.7128;18.22;18.4051;18.8437;19.0923;19.1979;18.9524;18.8986;18.8041;18.5239;18.4773;17.9618;17.9914;17.716;17.5721;17.2662;16.7978;16.5481;16.2214;15.6705;15.3755;15",18.3402,"0.65;0.2;0.15"
23.3261,8.75109,8.99715,"1;1.56826;2.19581;2.67682;3.03071;3.65905;4.06874;4.60001;5.37892;6.1704;6.57326;7.42883;8.27797;8.92118;9.76535;10.4089;10.9784;11.7407;12.1396;13.0379;13.6056;14.1948;14.5988;15.2426;16.066;16.558;16.9995;17.5158;18.298;18.8518;19.6004;20.1635;21.0154;21","15;15.5709;15.9365;16.618;16.9072;17.3394;17.5611;17.6583;18.1885;18.7684;19.1659;19.5537;19.735;19.9808;20.1099;20.147;20.1273;19.928;19.828;19.6396;19.449;18.8404;18.6516;18.1979;18.0926;17.7829;17.5099;17.1957;16.9313;16.4799;16.0262;15.4932;15.2795;15",18.2494,"0.65;0.25;0.1"
23.5757,7.61807,9.52338,"1;1.70293;2.40913;2.85934;3.45612;3.98836;4.48736;5.17457;5.91613;6.44043;7.32471;7.88221;8.83476;9.58629;10.2552;11.1526;11.8532;12.3987;13.2101;14.0426;15.0111;15.6132;16.0389;16.7581;17.1812;17.6952;18.0863;18.4192;19.1256;19.7051;19.8512;20.4493;21","15;15.7113;16.2607;16.551;16.9785;17.7793;18.1521;18.5745;19.0148;19.161;19.4645;19.4395;19.3136;19.6182;19.5379;19.9309;20.0457;20.1569;19.8996;19.7795;19.6169;19.3756;19.1128;18.9212;18.471;18.3186;17.9769;17.6023;17.0693;16.3113;16.101;15.5422;15",18.0858,"0.65;0.3;0.05"
24.2695,5.89199,9.7124,"1;1.67304;2.12586;2.65851;3.32674;3.95371;4.41794;4.90429;5.43044;6.18488;7.01832;7.61231;8.27309;8.94733;9.57746;10.2534;11.0222;11.7624;12.5152;12.9446;13.6558;14.002;14.7823;15.5681;15.8116;16.2835;16.9352;17.5929;17.7376;18.3814;19.2212;19.6925;20.1928;21","15;15.2436;16.0159;16.4744;16.8269;17.2931;17.6753;17.9923;18.4478;18.9886;19.3014;19.5239;19.9878;20.5526;20.9095;20.9894;21.0239;21.0723;21.0669;20.9914;20.7632;20.5874;20.0988;19.5138;19.2178;18.7393;18.477;18.1202;17.853;17.4905;16.9662;16.0843;15.4859;15",17.8374,"0.65;0.35;0"
20.4528,54.2717,0.315979,"1;1.69837;2.46622;3.12783;3.85654;4.52495;5.1377;6.11943;6.75909;7.71871;8.54689;8.86184;9.74207;10.3798;11.0127;11.9969;12.8964;13.2533;14.0373;14.6816;14.7085;15.6906;16.3585;16.8852;17.4115;18.1851;19.1033;20.0669;21","15;14.9805;15.0049;15.043;14.8587;14.5527;14.3575;14.3352;14.2357;14.247;14.6731;14.6832;14.726;14.8104;14.7164;14.5391;14.4037;14.6463;14.6924;14.7572;14.7306;14.8463;14.7057;14.6804;14.5928;14.8231;15.0153;15.0901;15",14.4118,"0.7;0;0.3"
21.1899,39.5939,1.32453,"1;1.98464;2.1012;3.02817;3.73481;4.53017;5.51669;5.77632;6.65924;7.54092;7.71356;8.60338;9.32462;10.1648;10.9846;11.7189;12.1363;13.1073;13.6217;14.218;15.1328;16.0203;16.5493;17.4972;17.873;18.8031;19.7418;20.5145;20.9993;21","15;15.118;15.1663;15.2998;15.3562;15.2915;15.2973;15.2942;15.5421;15.4665;15.7406;15.7971;15.7804;15.9954;16.3271;16.2624;16.27;16.3304;16.2337;16.0962;15.7692;15.4895;15.2885;14.9886;14.7598;14.4728;14.3532;14.1242;14.9988;15",17.1438,"0.7;0.05;0.25"
20.9416,28.7821,3.92732,"1;1.59334;1.97894;2.84487;3.64361;4.43966;5.21874;5.92219;6.65412;7.4385;8.39151;9.10763;9.75353;10.7049;10.8241;11.743;12.5574;13.4369;13.6348;14.4088;15.0085;15.7291;16.481;17.2781;17.6987;18.6653;19.6566;20.4596;21","15;15.2127;15.3562;15.2951;15.5254;15.6759;15.8582;16.1228;16.3282;16.4111;16.6515;16.8731;17.1268;17.0697;17.1013;17.2248;17.2156;17.2568;17.226;17.0989;16.6703;16.0415;15.834;15.6322;15.4621;15.6378;15.5085;15.3034;15",18.3228,"0.7;0.1;0.2"
22.1412,13.8667,8.14836,"1;1.55065;1.8485;2.72734;3.413;4.01519;4.30293;5.11483;5.57815;6.38866;7.05597;7.34679;8.19896;9.0515;9.96649;10.7592;11.2804;11.8436;12.5425;13.1262;14.1128;14.9156;15.449;16.1136;16.7209;17.204;18.1372;18.2835;19.2314;20.0066;20.5864;21","15;15.3016;15.5449;15.9234;16.3724;16.759;16.9981;17.3928;17.6142;17.8684;18.1688;18.2864;18.7123;18.6968;18.6702;18.624;18.7128;18.7354;18.7611;18.5719;18.4188;17.8821;17.8368;17.6541;17.4565;17.3022;17.0874;16.7833;16.6791;16.082;15.4856;15",18.8011,"0.7;0.15;0.15"
22.1283,14.0036,7.70959,"1;1.63524;2.57289;3.36482;4.11376;4.9576;5.13693;5.85041;6.47477;7.10611;8.00742;8.86777;9.32996;9.57787;10.2722;10.7204;11.6845;12.1175;13.098;13.5743;14.4403;15.0054;15.938;16.7707;17.6293;18.5572;19.2689;19.4655;20.1129;20.6493;21","15;15.1308;15.4076;15.7;16.1447;16.4643;16.7008;17.3641;17.7889;18.0354;18.3898;18.7244;18.9041;18.9713;19.1135;18.8644;18.7114;18.7225;18.526;18.3844;18.3476;18.2228;17.9862;17.489;17.2089;16.9598;16.517;16.3707;15.8657;15.5112;15",19.0615,"0.7;0.2;0.1"
23.36,8.77899,8.86254,"1;1.52399;2.0583;2.89908;3.79112;4.33062;5.20347;5.72522;5.95598;6.85613;7.50169;8.26471;8.8009;9.42525;10.0124;10.8899;11.7837;12.7204;13.3663;14.3379;14.9712;15.0925;15.774;16.3376;17.0476;17.7918;18.0946;18.7137;19.2698;19.6815;20.3968;21","15;15.1613;15.9983;16.5166;16.9329;17.3635;17.8279;18.0859;18.1806;18.4193;18.9101;19.3352;19.5977;19.8277;20.0261;20.1549;20.0766;20.0299;19.8502;19.8914;19.1836;18.9041;18.2752;18.015;17.7747;17.2725;17.0851;16.4032;15.7761;15.4918;15.2487;15",18.9898,"0.7;0.25;0.05"
24.0403,5.80906,9.70542,"1;1.26402;1.81542;2.37113;3.07867;3.52312;4.25117;5.00977;5.31949;5.75964;6.32466;7.06395;7.74974;8.37016;9.06924;9.70748;10.4333;10.8096;11.6255;12.1813;12.7025;13.3917;14.0128;14.464;14.9166;15.6965;16.379;16.9157;17.314;18.0495;18.7428;19.0929;19.7027;20.3972;20.8291;21","15;15.1629;15.5789;16.2054;16.883;17.5736;18.0626;18.3556;18.7128;19.031;19.4713;19.7969;20.0262;20.399;20.6472;20.6192;20.5325;20.5982;20.6644;20.7712;20.739;20.4499;20.1371;19.9145;19.7092;19.4579;19.1091;18.5868;18.1651;17.617;17.24;16.5818;16.2344;15.7554;15.1724;15",18.5709,"0.7;0.3;0"
20.257,53.293,0.345604,"1;1.48258;2.38569;3.34258;4.32435;4.42484;4.70043;5.55312;6.34349;6.99822;7.9646;8.75162;9.59178;10.4838;10.9458;11.7837;12.6938;13.3733;13.8691;14.3764;15.1217;16.0523;16.9931;17.972;18.8268;19.7622;20.3744;21","15;15.0403;15.1426;15.1737;15.0421;15.0525;15.0704;14.8232;14.6157;14.4782;14.5473;14.5171;14.5162;14.3066;14.3955;14.5633;14.8652;14.9296;15.0202;15.0444;14.9978;14.9316;14.8343;14.7398;14.8467;14.979;14.8766;15",15.2791,"0.75;0;0.25"
20.7459,38.8162,1.9229,"1;1.60086;2.35811;2.98601;3.83176;4.7182;5.18379;5.88433;6.19862;7.08338;7.87351;8.07675;8.99364;9.77;10.637;11.5241;12.0813;12.8857;13.5879;14.2871;14.9945;15.9281;16.4559;17.1859;18.101;18.9908;19.5276;20.3524;21","15;15.1493;15.3079;15.5292;15.716;15.9078;16.1652;16.4025;16.4212;16.2257;16.5006;16.5458;16.5666;16.2843;16.4279;16.266;16.0972;15.8129;15.3597;15.0964;15.2061;14.9906;15.0395;14.9854;14.9043;14.7482;14.9449;15.1277;15",17.8848,"0.75;0.05;0.2"
20.874,31.8927,3.18733,"1;1.5185;2.17333;2.94921;3.71559;4.155;4.78651;5.5718;6.41652;7.31657;7.45288;8.32553;8.83811;9.52922;10.4737;11.2783;11.9903;12.6669;13.5888;14.0692;14.8518;15.5995;16.2872;17.216;17.8845;18.8008;19.5536;20.1837;21","15;15.389;15.3751;15.5254;15.6631;15.8773;15.9926;16.271;16.4795;16.2942;16.3694;16.4738;16.5818;16.6519;16.657;16.9574;16.7504;16.7295;16.6054;16.6077;16.4847;16.1679;15.8002;15.667;15.1533;15.0401;14.8903;14.735;15",19.3229,"0.75;0.1;0.15"
22.7217,10.746,8.46209,"1;1.38575;2.06378;2.48051;3.04032;3.66365;4.50462;4.91929;5.5989;6.26825;6.85284;7.51432;8.0354;8.5615;9.42556;9.75411;10.6362;11.2472;12.1373;12.8045;13.3279;14.1408;14.8372;15.6794;16.5773;17.1626;18.0145;18.9171;19.4791;19.8923;20.4636;21","15;15.3318;15.5041;15.7447;16.0244;16.5034;16.9225;17.2947;17.635;18.2282;18.5483;18.6729;18.9795;19.3046;19.7088;19.9233;19.9282;19.7677;19.5581;19.045;18.7779;18.5277;18.3906;18.0849;17.798;17.5582;17.2102;16.7826;16.2386;15.7947;15.3744;15",19.4994,"0.75;0.15;0.1"
23.2317,9.62371,8.91251,"1;1.36948;1.95072;2.19822;2.77648;3.19465;3.62291;4.20794;4.78031;5.01868;5.63082;6.07449;6.5596;7.27336;7.66257;8.39381;8.98411;9.83362;10.3553;11.1792;11.8051;12.4251;13.1514;13.7836;14.155;14.8714;15.4153;16.3163;17.2931;17.9157;18.4658;18.9373;19.6092;20.4557;21","15;14.9704;15.4898;16.0069;16.559;17.0104;17.369;17.7787;18.0731;18.1926;18.4907;18.6852;19.0517;19.5598;19.6325;19.8887;20.0397;20.0232;19.9005;19.7835;19.7688;19.6934;19.172;18.8545;18.6078;18.1242;17.6355;17.4676;17.3977;16.9363;16.6691;16.5162;16.106;15.6323;15",19.7942,"0.75;0.2;0.05"
23.6157,7.58608,9.32479,"1;1.89113;2.663;3.36411;4.01281;4.8626;5.45193;6.18991;7.0492;7.27162;7.9976;8.50331;8.89853;9.74032;10.5784;11.2245;12.0994;12.6733;13.5031;14.0833;14.8458;15.5166;16.244;16.6726;17.3626;18.0541;18.506;19.0687;19.8112;20.4814;21","15;15.4538;16.0643;16.4913;16.9255;17.4206;17.6568;18.2504;18.6678;18.8809;19.2639;19.5964;19.8467;20.038;20.0342;19.9704;20.0531;20.0693;20.0636;19.8326;20.0956;19.9253;19.7387;19.3585;18.8863;18.3126;17.5147;17.1016;16.482;15.8055;15",19.6083,"0.75;0.25;0"
20.5607,55.2803,0.30376,"1;1.84029;2.77127;3.55201;4.27048;5.1911;5.96767;6.80864;7.60031;8.52175;9.24723;9.55719;10.1274;10.8757;11.5642;12.5429;13.2814;14.1191;14.9472;15.78;16.1534;17.1094;17.9216;18.8229;19.3966;20.074;21","15;14.7711;14.7588;14.5752;14.6497;14.6977;14.541;14.7571;14.9773;15.035;14.7457;14.5129;14.1853;14.1808;14.2763;14.3798;14.6124;14.6969;14.8709;14.8335;14.709;14.6343;14.3921;14.6014;14.7158;14.9596;15",16.5093,"0.8;0;0.2"
20.6073,37.5696,1.79643,"1;1.41072;2.13254;3.00631;3.85703;4.76955;5.31574;5.83301;6.80796;7.59616;8.41729;8.84065;9.54488;10.0079;10.7599;11.2748;12.1955;12.8126;13.6589;14.2677;14.8952;15.8071;16.7322;17.6608;18.565;19.4487;20.1193;21","15;14.9645;14.9137;14.9099;15.2289;15.4909;15.5258;15.5903;15.6305;15.8006;15.5859;15.6314;16.0492;16.2078;16.3308;16.4691;16.4572;16.4929;16.3889;16.2064;15.9626;15.7768;16.0779;15.7707;15.5575;15.3846;15.1841;15",18.6338,"0.8;0.05;0.15"
21.0007,26.4867,4.85914,"1;1.72159;2.14297;2.74556;3.46;4.09873;4.83577;5.24;6.0967;6.97362;7.83398;8.63764;9.54682;9.78979;10.6478;10.9173;11.8781;12.0188;12.9286;13.7319;14.435;15.0379;15.3924;16.2871;16.985;17.7671;18.4859;19.1452;20.0556;20.8108;21","15;15.0513;15.1417;15.3837;15.5548;15.6163;15.7011;15.9831;16.0625;16.2068;16.3955;16.8433;17.0558;17.1705;17.5864;17.5483;17.5669;17.5556;17.3768;17.2877;17.052;16.9268;16.8513;16.8798;16.7751;16.6336;16.1009;15.8108;15.5477;15.1261;15",19.9351,"0.8;0.1;0.1"
22.5278,12.192,8.26884,"1;1.49977;2.15162;2.55672;3.18852;3.57815;4.26912;5.13891;5.83007;6.52133;7.0419;7.30466;8.11401;8.80497;9.6007;10.4341;11.3075;12.1758;12.9165;13.7292;13.9027;14.8669;15.268;15.8355;16.4594;16.9755;17.7216;18.1013;18.7126;19.0601;19.774;20.1926;21","15;15.2293;15.6142;16.3044;16.6715;16.9351;17.3836;17.6209;17.7171;18.0112;18.3867;18.5648;18.41;18.6641;19.0083;19.2206;19.2361;19.2489;19.2413;18.7484;18.7262;18.5239;18.4463;18.034;17.558;17.1879;17.0285;16.6982;16.1526;15.8376;15.4702;15.2512;15",20.2644,"0.8;0.15;0.05"
23.284,9.53529,8.36861,"1;1.79801;2.702;3.49843;4.0533;4.69901;5.42252;6.3444;6.77651;7.3065;8.13185;8.52504;9.154;9.47868;9.95181;10.6345;11.1211;11.9149;12.3055;12.7444;13.5734;14.3156;14.8092;15.7126;16.255;16.9629;17.3733;18.058;18.17;18.7805;19.5501;20.4846;21","15;15.4873;15.8677;16.1751;16.5265;17.2591;17.8165;18.1477;18.3978;18.6197;19.1194;19.2747;19.8894;19.9673;20.1679;20.3385;20.3499;20.1727;19.7659;19.5191;19.2756;19.1633;19.0372;18.6099;18.1419;17.7347;17.4102;16.7192;16.5475;15.8189;15.3028;15.2027;15",20.5342,"0.8;0.2;0"
20.4805,51.0753,0.420782,"1;1.94715;2.35017;3.19647;4.09085;4.74419;5.30474;6.0869;6.48444;7.3542;8.15951;8.90516;9.17578;9.91404;10.4451;10.7481;11.5732;11.8726;12.8032;13.5885;14.232;15.1252;15.5683;16.4664;16.8602;17.6362;18.559;18.9886;19.7178;20.5404;21","15;14.9438;14.9644;14.9459;15.0053;15.0743;15.164;15.0651;14.9655;15.0445;15.1268;15.1551;15.3348;15.3644;15.0083;14.7637;14.7211;14.7362;14.9127;14.7709;14.8272;14.8525;14.9333;15.187;15.3112;15.2706;15.0602;15.0252;14.7651;14.9452;15",17.4716,"0.85;0;0.15"
20.6907,30.0834,3.54265,"1;1.59899;2.5189;3.27547;3.95246;4.81253;5.10032;5.94222;6.90902;7.85804;8.66432;8.74275;9.69637;10.5088;11.5013;12.3334;13.0651;13.8766;14.4663;15.1405;16.1213;17.0694;17.4484;18.4004;19.2844;19.7995;20.5693;21","15;15.1349;15.3701;15.651;15.7447;15.9428;15.9755;16.4223;16.506;16.6711;16.8028;16.7326;17.0049;17.0968;17.1526;17.0086;16.8904;16.6481;16.3243;15.925;15.7577;15.4978;15.4855;15.2165;15.1135;15.104;15.0981;15",19.4455,"0.85;0.05;0.1"
21.8892,15.0026,7.32864,"1;1.6405;2.30488;2.94587;3.61673;4.36271;5.12472;5.59482;6.51499;7.20832;7.58399;8.17177;9.02793;9.73252;10.6448;11.2819;11.8779;12.5012;13.266;14.1674;14.4932;15.325;16.0007;16.4732;17.1347;17.7958;18.6487;19.1748;19.9762;20.8613;21","15;15.3198;15.8126;16.2263;16.3443;16.681;16.8842;17.1918;17.3451;17.6192;17.7548;17.8871;18.3032;18.4879;18.763;18.8305;18.9313;19.0259;18.9775;18.5958;18.4354;18.0213;17.698;17.2951;16.9485;16.4452;15.9689;15.5835;15.3931;15.0025;15",20.4725,"0.85;0.1;0.05"
22.0042,14.0377,7.83835,"1;1.54595;2.44521;3.18574;4.01939;4.38927;4.56255;5.45426;6.04376;6.88865;7.085;7.8792;8.77842;9.26404;10.1468;10.7331;11.239;11.9844;12.9522;13.2541;14.0736;14.9124;15.4318;16.3696;16.6845;17.2731;17.8794;18.5415;18.8244;19.5331;20.278;21","15;15.6119;15.9607;16.2962;16.8157;17.0251;17.119;17.4383;17.8189;18.1382;18.2493;18.443;18.8578;18.87;18.9804;18.9215;18.7096;18.5342;18.6166;18.4866;18.2179;18.0716;17.7143;17.6088;17.4203;16.9738;16.7221;16.4144;16.1851;15.8033;15.527;15",20.8092,"0.85;0.15;0"
20.3931,55.7619,0.297526,"1;1.90841;2.82183;3.29162;4.28119;5.20078;6.06806;6.72582;7.56839;8.2244;9.18092;10.1001;10.4226;11.3154;12.1449;12.877;13.1518;13.9604;14.7085;15.2314;15.9526;16.6943;16.8133;17.6707;18.5488;19.331;19.9449;20.6315;21","15;15.0056;14.9987;14.8555;14.8499;14.7946;14.4198;14.3698;14.2832;14.2141;14.1267;14.0269;14.1739;14.309;14.5445;14.797;14.8813;14.7602;14.6178;14.6316;14.4675;14.5794;14.6831;14.8141;14.7707;14.7581;14.8739;14.8423;15",18.3836,"0.9;0;0.1"
21.3182,23.6015,5.75439,"1;1.61965;2.5624;3.13814;3.82779;4.42912;5.18658;6.00095;6.38782;7.16725;7.80753;8.66475;9.61409;10.4425;10.9648;11.4425;12.2671;13.0387;13.5875;14.0526;14.5774;15.4566;16.4371;17.2201;17.7637;18.7471;19.0481;19.8797;20.3204;21","15;15.2199;15.4378;15.7284;15.9774;16.2882;16.4695;16.4648;16.4874;16.4255;16.7472;17.1475;17.3411;17.6656;17.7694;17.8727;17.7261;17.6673;17.501;17.4047;17.3015;17.2007;17.0408;16.8382;16.3972;16.2872;16.0864;15.531;14.9626;15",20.6542,"0.9;0.05;0.05"
22.006,16.4372,7.50924,"1;1.68406;2.6014;2.94246;3.49319;4.32252;4.86712;5.41122;5.94418;6.43747;7.36063;7.6991;8.56697;9.43253;10.2058;11.0233;11.6029;12.3294;12.9102;13.7903;14.5233;15.2231;15.6126;16.2815;17.0685;17.8905;18.4192;18.8923;19.7661;20.1222;20.5505;21","15;14.9251;15.307;15.7754;16.1571;16.3892;17.1178;17.0314;17.2982;17.3601;17.6594;17.7286;17.7638;18.002;18.1707;18.3401;18.5168;18.5309;18.5116;18.519;18.3712;18.1059;17.9756;17.8183;17.5409;17.0976;16.6288;16.3524;15.9297;15.4949;15.2471;15",21.4491,"0.9;0.1;0"
20.4606,46.1837,0.653551,"1;1.9421;2.90189;3.74846;4.29484;5.27026;6.16343;7.09235;7.82624;8.79025;9.77774;10.733;11.369;12.3253;13.2377;14.1759;15.0361;15.842;16.3048;17.1086;18.0063;18.8563;19.0942;19.9411;20.4816;21","15;15.3353;15.6161;15.4294;15.3008;15.4903;15.5454;15.4328;15.448;15.4403;15.4168;15.3708;15.3437;15.0785;15.0817;15.2396;15.3652;15.0251;15.1592;15.2939;15.5623;15.2207;15.1648;15.0346;14.9177;15",19.4702,"0.95;0;0.05"
20.9981,28.1279,4.3344,"1;1.61727;2.21546;3.03811;3.62289;4.34349;5.06345;5.54677;5.70118;6.56231;7.37332;8.28044;8.62254;9.48643;9.76751;10.6991;11.4479;12.3986;13.0077;13.8208;14.5352;15.3922;15.6169;16.3327;16.6559;17.4461;18.2956;18.8326;19.3466;20.1958;21","15;15.1432;15.2075;15.266;15.2229;15.3521;15.5786;15.6671;15.7242;16.0768;16.4637;16.6422;16.6648;16.8369;16.9348;17.1313;17.1355;17.1961;17.1807;17.3256;17.4893;17.1666;17.2138;16.6388;16.6094;16.0247;15.5632;15.3851;15.3636;15.2115;15",21.3546,"0.95;0.05;0"
20.0164,49.6593,0.37227,"1;1.88808;2.6716;3.61779;3.88071;4.54994;5.45188;6.22844;7.07171;8.05231;9.04427;9.91237;10.8156;11.7677;12.559;13.282;14.2031;15.1892;16.1644;16.4871;17.3767;17.797;18.4808;19.023;19.6723;20.2677;21","15;14.9373;14.9019;14.978;14.9469;14.9581;14.9527;14.9553;14.9787;15.0115;14.9973;14.9554;14.9368;14.9396;14.9296;14.9237;14.9131;14.899;14.8711;14.8957;14.9465;14.9363;14.9894;15.0112;15.0273;15.0072;15",20.0164,"1;0;0"
