cost1_length,cost2_smoothness
243.245,5.73504
243.245,5.73504
241.123,5.08433
273.65,4.66603
253.144,2.54696
189.505,2.15452
197.283,2.13814
152.735,1.87661
179.605,0.776402
239.709,0.417713
251.023,0.00679974
