cost1_length,cost2_smoothness
183.848,4.64292
222.032,2.66187
221.324,1.96401
219.91,0.952423
258.094,0.00953934
