cost1_length,cost2_smoothness
8,0.00959068
8,0.00959068
8,0.00959068
8,0.00959068
8,0.00959068
8,0.00959068
8,0.00959068
10,0.00281253
15.5,0.26313
4.5,0.150834
13.5,0.0728793
9,0.0441031
6.5,0.0909202
6.5,0.0909202
8,0.00271895
11.5,0.064131
11,0.049328
12.5,0.0457878
19.5,0.0283825
16.5,0.0142317
170.5,0.00314635
