cost1_length,cost2_smoothness
4.5,0.132604
6,0.162029
5,0.16509
5.5,0.176594
10,0.0486215
5,0.132729
