cost1_length,cost2_smoothness
0.833333,0.453371
0.85,0.65315
0.836667,0.444236
0.866667,0.440918
