cost1_length,cost2_smoothness
185.969,7.57178
186.676,6.78207
178.898,5.37032
223.446,2.5416
208.597,2.16236
209.304,1.88593
222.032,1.42958
223.446,1.05942
185.262,0.807644
251.023,0.452731
284.257,0.00138909
