Parent Map for Subproblem Tree 6
======================================
Child ID (x, y) -> Parent ID (x, y)
    1 (1.35667, 15.9342) -> 0 (1, 15)
    2 (2.2768, 16.3258) -> 9283 (1.89279, 15.6427)
    3 (1.73882, 14.3261) -> 0 (1, 15)
    4 (2.30559, 17.3254) -> 8607 (1.97558, 16.5613)
    5 (3.22062, 17.7288) -> 5799 (2.72734, 17.3295)
    6 (4.12409, 18.1575) -> 7213 (3.47991, 17.7787)
    7 (5.10157, 18.3685) -> 8406 (4.66707, 17.8943)
    8 (2.52208, 13.7044) -> 3 (1.73882, 14.3261)
    9 (3.10622, 12.8927) -> 6786 (2.28802, 12.4651)
    10 (2.89822, 11.9146) -> 9080 (2.10513, 12.4645)
    11 (3.76903, 11.423) -> 9558 (3.13376, 11.7839)
    12 (1.78248, 18.1777) -> 9542 (1.66754, 17.7343)
    13 (5.90417, 18.965) -> 3617 (5.43923, 18.8415)
    14 (3.4557, 10.4734) -> 7086 (2.66179, 10.7213)
    15 (6.85267, 18.6482) -> 9393 (6.02364, 18.553)
    16 (7.84689, 18.5409) -> 5612 (7.02176, 18.4633)
    17 (8.76942, 18.9268) -> 6030 (8.18807, 18.3467)
    18 (3.65746, 9.49393) -> 6512 (2.77465, 9.84771)
    19 (3.29797, 8.56078) -> 7884 (2.71211, 9.26021)
    20 (9.75671, 18.7679) -> 9728 (9.08074, 18.292)
    21 (4.09159, 7.95236) -> 9493 (3.43598, 8.11483)
    22 (8.93407, 19.9132) -> 7864 (8.31644, 19.5469)
    23 (3.99186, 19.1487) -> 9560 (3.65627, 18.7505)
    24 (10.6089, 19.2911) -> 3436 (9.74568, 19.0652)
    25 (11.3136, 20.0007) -> 9459 (10.863, 19.9442)
    26 (12.1014, 20.6165) -> 7238 (11.3666, 20.0354)
    27 (5.08969, 7.8907) -> 6046 (4.4437, 7.84259)
    28 (3.95983, 6.96108) -> 8432 (3.63525, 7.10834)
    29 (12.9571, 20.099) -> 9722 (13.0513, 20.0333)
    30 (12.2354, 21.6075) -> 7401 (11.4621, 21.0615)
    31 (5.69262, 7.0929) -> 9188 (4.79929, 6.86944)
    32 (6.68589, 6.97708) -> 9401 (5.77581, 6.98355)
    33 (8.41016, 20.7649) -> 5687 (7.76435, 20.5575)
    34 (4.65727, 11.8824) -> 9003 (3.82773, 11.7048)
    35 (5.55366, 6.10261) -> 7209 (5.28249, 6.22058)
    36 (7.58842, 7.4077) -> 7087 (6.66078, 7.17696)
    37 (8.4024, 6.8268) -> 9432 (7.74499, 6.39539)
    38 (13.8642, 19.6782) -> 9072 (13.7646, 19.6356)
    39 (14.5792, 20.3774) -> 8514 (15.4049, 20.1176)
    40 (9.25617, 6.30616) -> 9556 (8.5857, 5.75247)
    41 (12.9444, 22.3127) -> 5193 (12.4017, 21.9076)
    42 (14.5149, 18.9188) -> 9829 (14.5795, 18.9662)
    43 (5.12991, 5.19682) -> 8635 (4.59025, 4.69262)
    44 (15.578, 20.4248) -> 6487 (15.9673, 20.1973)
    45 (10.2413, 6.13428) -> 9880 (9.86458, 5.9157)
    46 (7.61765, 21.3748) -> 2858 (7.67072, 21.1558)
    47 (16.169, 21.2315) -> 7809 (16.2861, 20.8153)
    48 (7.24043, 22.3009) -> 7838 (6.40851, 21.7768)
    49 (11.1042, 5.62898) -> 9662 (10.9453, 5.42681)
    50 (3.77721, 8.85365) -> 9834 (3.63594, 8.83872)
    51 (16.5419, 22.1593) -> 9186 (16.7163, 21.9207)
    52 (12.0953, 5.76229) -> 8943 (11.8048, 5.48848)
    53 (12.8264, 5.07999) -> 9181 (12.7307, 5.04679)
    54 (3.1949, 6.31697) -> 4574 (2.43855, 6.77096)
    55 (7.9751, 22.9793) -> 1994 (7.31281, 22.7452)
    56 (7.63772, 22.7902) -> 4526 (6.99939, 22.3545)
    57 (13.6574, 4.52377) -> 4301 (13.6408, 4.47086)
    58 (14.6493, 4.65096) -> 6167 (14.1553, 4.16783)
    59 (11.3209, 18.7418) -> 2748 (10.5517, 18.724)
    60 (15.1696, 5.50491) -> 6468 (14.999, 5.19169)
    61 (17.4302, 22.6187) -> 9537 (17.443, 22.2651)
    62 (15.7913, 6.28823) -> 5787 (15.787, 6.16968)
    63 (2.74357, 5.42461) -> 9504 (2.60122, 5.86629)
    64 (0.788981, 18.0639) -> 7055 (0.608368, 17.0841)
    65 (18.0548, 23.3996) -> 8890 (18.3826, 22.8747)
    66 (7.90935, 23.9772) -> 6478 (7.69602, 23.7634)
    67 (7.19477, 24.6767) -> 8174 (6.71135, 24.398)
    68 (16.8228, 23.2666) -> 7428 (17.1036, 22.6633)
    69 (8.90156, 24.1017) -> 8347 (8.19756, 23.7425)
    70 (18.9706, 23.8013) -> 9037 (19.2056, 23.2514)
    71 (13.4267, 4.0036) -> 9738 (13.1571, 3.7671)
    72 (16.7254, 20.4006) -> 8410 (17.3649, 19.7936)
    73 (6.19576, 24.6321) -> 6083 (5.44495, 24.1253)
    74 (16.2086, 7.19699) -> 8968 (16.2278, 7.19261)
    75 (19.6752, 24.5109) -> 8564 (19.8761, 24.1629)
    76 (15.3101, 3.9004) -> 8520 (15.0031, 3.68809)
    77 (13.4666, 3.0044) -> 6880 (13.2038, 2.80168)
    78 (9.21984, 21.2117) -> 9718 (8.86223, 21.1278)
    79 (2.29225, 4.53225) -> 9247 (2.18409, 4.68801)
    80 (17.5663, 19.8593) -> 9854 (17.5784, 19.4783)
    81 (2.21819, 3.535) -> 9983 (2.01447, 3.84908)
    82 (1.5582, 2.78372) -> 9920 (1.15083, 3.43035)
    83 (19.6268, 25.5098) -> 9628 (19.1227, 25.0368)
    84 (1.50273, 1.78526) -> 6386 (1.22991, 2.52082)
    85 (8.00422, 17.5533) -> 7746 (7.41263, 17.3346)
    86 (15.7793, 3.01734) -> 9699 (15.0493, 2.53889)
    87 (5.4314, 25.2769) -> 6155 (5.34537, 24.9991)
    88 (6.16578, 5.91444) -> 9790 (5.93394, 5.54778)
    89 (3.45647, 19.9933) -> 3317 (3.16116, 19.4407)
    90 (12.7692, 2.28768) -> 9910 (12.0336, 2.34992)
    91 (8.58125, 23.3917) -> 9173 (7.77023, 23.0217)
    92 (19.3308, 26.4649) -> 8812 (19.4385, 25.8475)
    93 (11.4277, 22.1971) -> 8038 (10.7372, 21.7257)
    94 (15.8664, 2.02113) -> 9364 (15.822, 2.10096)
    95 (0.858757, 1.02021) -> 6533 (0.610719, 1.3288)
    96 (18.4288, 19.3534) -> 7771 (18.4993, 18.7604)
    97 (1.20536, 3.13945) -> 9920 (1.15083, 3.43035)
    98 (16.4458, 1.20615) -> 9916 (15.8365, 1.11438)
    99 (11.9384, 1.7311) -> 9780 (11.1524, 1.55236)
    100 (20.6479, 24.2787) -> 5471 (20.8309, 23.8085)
    101 (2.17426, 5.75471) -> 3200 (2.17188, 5.76823)
    102 (18.4307, 18.3534) -> 6771 (18.5164, 17.6522)
    103 (12.5838, 6.63486) -> 8126 (11.9048, 6.02138)
    104 (0.50707, 0.0840963) -> 9623 (0.664097, 0.892402)
    105 (12.131, 7.52646) -> 6195 (12.0266, 7.33351)
    106 (17.2314, 0.587347) -> 9809 (16.749, 0.372322)
    107 (19.2644, 17.8012) -> 8568 (19.8138, 17.2062)
    108 (19.9452, 17.0687) -> 4368 (20.2858, 16.2371)
    109 (17.8596, -0.19069) -> 6370 (17.0321, -0.42591)
    110 (12.7023, 23.283) -> 9603 (12.3203, 22.728)
    111 (12.7075, 20.9395) -> 9722 (13.0513, 20.0333)
    112 (13.3873, 1.50155) -> 7354 (13.2643, 1.20452)
    113 (5.75822, 24.475) -> 8782 (5.26788, 24.0096)
    114 (8.4507, 22.3385) -> 8040 (7.92765, 22.0695)
    115 (20.1554, 16.091) -> 5804 (20.281, 15.8304)
    116 (17.3124, 23.8682) -> 9687 (17.2146, 23.6365)
    117 (21.1508, 15.9951) -> 9724 (20.9948, 15.6887)
    118 (7.25731, 21.99) -> 9420 (6.53976, 21.5031)
    119 (18.4017, 26.8346) -> 9636 (18.6972, 26.3523)
    120 (17.1874, 6.99227) -> 9506 (17.0958, 6.88689)
    121 (16.1071, 2.17424) -> 9364 (15.822, 2.10096)
    122 (3.01162, 12.1613) -> 9080 (2.10513, 12.4645)
    123 (9.82801, 23.7253) -> 8948 (9.59698, 23.3867)
    124 (5.68622, 4.36584) -> 3782 (5.3638, 4.48516)
    125 (21.5204, 16.9243) -> 8996 (21.7805, 16.5772)
    126 (13.1736, 0.524638) -> 9768 (12.5441, 0.224692)
    127 (0.610927, -0.910496) -> 8331 (0.572366, 0.0369741)
    128 (0.140667, 17.3025) -> 7026 (0.214483, 17.0631)
    129 (4.94066e-324, 6.9533e-310) -> 8462 (0.0438228, 0.168997)
    130 (13.9903, 18.0675) -> 9366 (14.738, 17.7472)
    131 (21.4029, 24.9343) -> 7300 (21.5692, 24.7471)
    132 (15.714, 8.0661) -> 4939 (15.7523, 7.59207)
    133 (15.3673, 19.9664) -> 5708 (16.0107, 19.4937)
    134 (10.2911, 7.13303) -> 5700 (9.98157, 6.25407)
    135 (8.96428, 25.0997) -> 9170 (8.18862, 24.4906)
    136 (21.173, 14.9953) -> 5215 (21.2772, 14.7942)
    137 (6.00956, 3.41956) -> 8949 (5.50104, 3.79392)
    138 (15.9166, 9.04535) -> 9996 (16.1374, 8.26381)
    139 (10.2049, 20.2059) -> 9716 (9.51913, 19.816)
    140 (18.7856, 0.186793) -> 9795 (18.4194, 0.256348)
    141 (12.5838, -0.28291) -> 8756 (11.9766, -0.637326)
    142 (17.9336, -1.18795) -> 9737 (17.1746, -1.00784)
    143 (12.0586, 24.0483) -> 4987 (11.3873, 23.4754)
    144 (5.78345, 26.2129) -> 9838 (5.44117, 25.5581)
    145 (1.18596, -1.72863) -> 7763 (1.18563, -1.17472)
    146 (22.5071, 16.7612) -> 8716 (22.5749, 16.5748)
    147 (21.8052, 14.6478) -> 8223 (21.8885, 14.4067)
    148 (7.87579, 8.36552) -> 4562 (7.26559, 7.81012)
    149 (9.71467, 22.0807) -> 7833 (9.37112, 21.9224)
    150 (17.1933, -1.86023) -> 9235 (16.7742, -1.53426)
    151 (5.06707, 26.9106) -> 9270 (5.06429, 26.2497)
    152 (9.38894, 22.8215) -> 5808 (9.12354, 22.7188)
    153 (12.6609, 22.02) -> 7965 (12.1699, 21.7571)
    154 (12.1975, -1.20525) -> 8693 (11.3255, -1.5636)
    155 (4.80984, 10.8941) -> 7712 (4.13457, 10.9494)
    156 (9.34749, 26.0234) -> 6414 (8.42746, 25.6886)
    157 (19.7428, 0.476232) -> 9053 (19.3777, 0.456994)
    158 (21.796, 17.8855) -> 5204 (22.0111, 16.9207)
    159 (2.46585, 10.3312) -> 8127 (1.87237, 10.8933)
    160 (14.5337, 17.228) -> 9302 (14.8888, 17.1224)
    161 (15.1504, 4.16928) -> 8520 (15.0031, 3.68809)
    162 (17.8748, 23.8149) -> 6434 (18.1776, 22.9107)
    163 (19.204, 16.5647) -> 8682 (19.2094, 16.4362)
    164 (18.82, -1.65075) -> 9975 (18.3248, -2.13121)
    165 (16.9036, 8.88471) -> 9404 (16.7825, 7.93395)
    166 (8.4326, 26.4271) -> 9689 (8.22777, 26.3391)
    167 (17.6112, 7.00593) -> 9929 (17.8048, 6.2399)
    168 (19.7044, 26.6279) -> 7920 (19.7876, 26.5123)
    169 (22.0935, 24.2111) -> 7543 (22.0937, 24.0742)
    170 (17.3039, 9.44324) -> 9398 (17.1405, 9.17089)
    171 (2.11888, -2.08871) -> 4908 (1.81247, -1.15797)
    172 (5.64348, 12.0479) -> 6824 (4.71097, 12.1606)
    173 (3.11757, -2.03745) -> 9902 (2.2461, -2.21562)
    174 (6.92427, 21.0724) -> 8089 (6.56293, 20.9036)
    175 (4.03876, -1.64834) -> 7497 (3.56822, -0.823209)
    176 (15.4521, 17.6236) -> 8198 (15.8637, 17.3351)
    177 (3.44665, -1.81893) -> 9739 (3.18773, -1.05705)
    178 (16.5936, 2.67722) -> 9970 (16.2365, 2.41334)
    179 (20.596, -0.0453952) -> 9295 (19.9351, -0.555704)
    180 (2.65916, -2.88444) -> 9902 (2.2461, -2.21562)
    181 (18.5713, 7.28554) -> 9575 (19.0425, 6.8933)
    182 (21.2067, 0.746482) -> 7675 (20.5122, 0.524493)
    183 (16.1336, 19.9854) -> 9396 (16.1744, 19.9626)
    184 (15.9742, 3.86514) -> 9719 (15.9464, 3.46279)
    185 (4.91072, -2.13792) -> 9870 (4.87538, -2.40958)
    186 (4.41797, -0.723037) -> 9361 (3.69967, -0.25377)
    187 (22.0456, 1.29066) -> 9964 (22.058, 0.785503)
    188 (16.0253, 21.2616) -> 7809 (16.2861, 20.8153)
    189 (11.6244, -2.02474) -> 4599 (11.0788, -1.82717)
    190 (1.76286, 13.0536) -> 8737 (1.41747, 13.89)
    191 (5.05262, 3.12927) -> 9490 (4.76057, 3.01891)
    192 (19.0117, 18.3723) -> 9055 (18.9828, 17.9758)
    193 (16.2297, 16.9949) -> 8760 (16.7671, 16.3485)
    194 (2.86203, 11.815) -> 9080 (2.10513, 12.4645)
    195 (7.00745, 3.48446) -> 7076 (6.73719, 3.63553)
    196 (19.5623, 22.9952) -> 8827 (19.8875, 22.5479)
    197 (8.6063, 27.4119) -> 6619 (8.14151, 26.815)
    198 (6.29572, 23.9701) -> 7584 (5.90957, 23.5367)
    199 (4.07227, 26.8087) -> 8069 (3.73836, 26.1032)
    200 (13.4874, -0.711456) -> 9946 (12.6529, -0.647598)
    201 (1.25468, 18.3907) -> 8201 (1.13895, 17.7484)
    202 (17.006, 9.12758) -> 9398 (17.1405, 9.17089)
    203 (4.94066e-324, 6.9533e-310) -> 8462 (0.0438228, 0.168997)
    204 (16.7337, 0.208112) -> 5880 (16.2966, 0.273749)
    205 (14.7575, 17.4879) -> 4017 (15.1061, 16.968)
    206 (2.9789, -0.935072) -> 5144 (2.35465, -0.215055)
    207 (8.69487, 7.77122) -> 9892 (7.98228, 7.13008)
    208 (10.9431, 1.82754) -> 9954 (10.4562, 1.79223)
    209 (13.3441, 24.0499) -> 8504 (12.9394, 23.8266)
    210 (5.49621, 25.5016) -> 8004 (4.98014, 25.0582)
    211 (1.31913, 6.2081) -> 9521 (0.748844, 6.84764)
    212 (22.3275, 2.25011) -> 9120 (21.8747, 2.44149)
    213 (19.746, 27.627) -> 5251 (19.8079, 27.0605)
    214 (10.628, -1.93933) -> 9893 (10.2057, -1.20739)
    215 (3.67106, 6.91008) -> 8432 (3.63525, 7.10834)
    216 (6.75062, 2.51801) -> 5862 (6.42451, 2.59068)
    217 (11.4931, 5.59544) -> 9458 (11.3009, 5.0902)
    218 (10.1408, 26.6322) -> 8748 (9.84535, 26.344)
    219 (5.88113, -1.89648) -> 9625 (5.06778, -1.6814)
    220 (22.9755, 3.01178) -> 8376 (22.4203, 2.71026)
    221 (16.6274, 24.5968) -> 9675 (16.9685, 24.1876)
    222 (5.98936, 2.43643) -> 9634 (5.65937, 2.39279)
    223 (10.9323, -1.02968) -> 9893 (10.2057, -1.20739)
    224 (19.2928, 1.36927) -> 8906 (18.69, 0.76712)
    225 (10.2598, 17.9037) -> 6683 (9.78265, 17.4788)
    226 (19.9787, 16.3398) -> 5804 (20.281, 15.8304)
    227 (16.8861, 3.39088) -> 9682 (16.1384, 3.02238)
    228 (21.4042, -0.634277) -> 9583 (21.2951, -0.601016)
    229 (5.24095, 8.87919) -> 2725 (4.38238, 8.87529)
    230 (19.1927, 19.9987) -> 6988 (19.0481, 19.8145)
    231 (14.4873, -0.697284) -> 9945 (13.6527, -0.610638)
    232 (22.7722, 3.99089) -> 7594 (22.4884, 3.42209)
    233 (21.8204, 4.29781) -> 9604 (21.1055, 3.78025)
    234 (6.5022, 12.5603) -> 9167 (5.99044, 12.6006)
    235 (1.70515, 9.68214) -> 9774 (1.10324, 10.1733)
    236 (6.00888, 21.475) -> 7484 (5.51939, 20.6944)
    237 (16.7468, 24.2587) -> 9675 (16.9685, 24.1876)
    238 (22.8443, 17.0155) -> 8716 (22.5749, 16.5748)
    239 (5.59673, 24.4389) -> 8782 (5.26788, 24.0096)
    240 (10.2756, 26.7292) -> 8748 (9.84535, 26.344)
    241 (8.73132, 19.1338) -> 9293 (7.80249, 18.816)
    242 (5.60285, 4.81167) -> 8751 (4.72185, 4.65542)
    243 (20.4719, 28.3149) -> 9632 (20.9044, 27.7018)
    244 (4.94066e-324, 6.9533e-310) -> 8462 (0.0438228, 0.168997)
    245 (13.1352, 2.16384) -> 9483 (12.5442, 1.87507)
    246 (5.18885, 17.718) -> 6672 (4.67836, 17.3023)
    247 (20.8611, 18.2404) -> 8578 (20.806, 17.4639)
    248 (22.4852, 5.04482) -> 9802 (21.7479, 4.55596)
    249 (5.22563, 27.8979) -> 6330 (4.78826, 27.3354)
    250 (16.8917, -2.81369) -> 8570 (16.1124, -2.40073)
    251 (1.1629, 5.22038) -> 9971 (1.28458, 5.1189)
    252 (22.2232, 25.5063) -> 8239 (22.1246, 24.5251)
    253 (19.7451, 18.7536) -> 9857 (19.738, 18.7196)
    254 (17.2535, 10.442) -> 9659 (17.772, 10.0853)
    255 (17.61, -2.89043) -> 9054 (17.3995, -2.39895)
    256 (6.04155, 7.63835) -> 6253 (5.11907, 7.6233)
    257 (20.9385, -1.51921) -> 9319 (19.9665, -1.56689)
    258 (13.6682, 16.7271) -> 8371 (14.4448, 16.4678)
    259 (4.86654, 0.170713) -> 9886 (4.67028, 0.11741)
    260 (13.7825, 24.9487) -> 8654 (13.353, 24.5132)
    261 (21.1982, 27.6275) -> 9547 (21.5707, 26.7376)
    262 (3.79387, 6.48777) -> 7529 (3.56712, 6.73826)
    263 (2.74691, 20.6979) -> 7130 (2.49232, 20.1438)
    264 (3.48463, 13.9755) -> 2332 (2.84981, 14.2019)
    265 (4.94066e-324, 6.9533e-310) -> 8462 (0.0438228, 0.168997)
    266 (5.93192, 28.6058) -> 6442 (5.66538, 28.1052)
    267 (10.8848, 27.5222) -> 2790 (10.1921, 26.9173)
    268 (16.3446, 16.2673) -> 9505 (16.9177, 15.7541)
    269 (2.81587, 2.73326) -> 5288 (2.34763, 3.44393)
    270 (16.6622, 15.319) -> 5794 (17.3891, 14.6878)
    271 (4.75785, 16.8157) -> 9017 (4.24987, 16.6522)
    272 (4.28091, -2.91467) -> 9732 (4.53778, -3.19324)
    273 (21.5068, 13.6934) -> 7102 (21.5773, 12.7675)
    274 (4.19108, 26.3479) -> 8825 (3.98461, 26.183)
    275 (3.15737, 27.2124) -> 9158 (3.1436, 26.3989)
    276 (9.57966, 23.0027) -> 9250 (9.00597, 22.7089)
    277 (13.0718, 20.4717) -> 7295 (13.5085, 19.8331)
    278 (22.0047, 18.1595) -> 6684 (22.283, 17.921)
    279 (20.1004, 27.849) -> 8455 (20.4361, 27.0784)
    280 (6.05884, 18.1796) -> 9904 (5.5008, 17.6306)
    281 (3.55285, 6.31532) -> 6113 (2.84742, 6.56796)
    282 (9.94375, 1.86431) -> 8274 (9.12054, 1.81766)
    283 (17.3122, 4.25873) -> 3992 (16.5959, 3.67809)
    284 (19.1363, 0.804377) -> 9795 (18.4194, 0.256348)
    285 (13.6717, 3.06018) -> 7376 (13.0176, 2.62245)
    286 (0.617935, 14.0759) -> 0 (1, 15)
    287 (10.2309, 19.5073) -> 5630 (9.46934, 19.0304)
    288 (21.6428, -2.22911) -> 9535 (20.9567, -1.51656)
    289 (0.841334, 7.08657) -> 9593 (0.483326, 7.7801)
    290 (15.0302, 7.99902) -> 6996 (15.06, 7.35635)
    291 (17.7991, 27.6327) -> 9787 (18.0453, 27.1867)
    292 (9.45744, 2.73809) -> 9884 (8.93784, 2.22585)
    293 (3.76929, 14.6443) -> 6375 (3.2468, 14.5179)
    294 (4.59621, 2.8342) -> 6530 (4.2055, 3.3091)
    295 (7.61689, 16.6314) -> 9639 (6.91435, 16.7484)
    296 (21.0357, 12.8112) -> 7968 (21.3347, 12.0545)
    297 (10.4038, 8.12667) -> 9249 (10.0946, 7.41748)
    298 (22.7085, 6.01958) -> 9350 (21.9361, 5.40627)
    299 (4.63169, 28.7024) -> 4748 (4.83416, 28.4016)
    300 (5.97973, 26.0824) -> 9838 (5.44117, 25.5581)
    301 (4.94066e-324, 6.9533e-310) -> 8462 (0.0438228, 0.168997)
    302 (16.8078, 27.5009) -> 7432 (16.4319, 26.7419)
    303 (14.35, 5.40672) -> 9453 (13.9583, 4.83232)
    304 (9.03321, 6.3556) -> 9445 (8.63207, 6.02526)
    305 (1.72099, 1.46389) -> 9899 (1.57877, 1.38033)
    306 (3.55288, -2.21399) -> 952 (3.10121, -1.82503)
    307 (4.51894, 8.4385) -> 9834 (3.63594, 8.83872)
    308 (22.805, 14.6685) -> 8569 (22.893, 13.9877)
    309 (14.6177, 24.3987) -> 8783 (14.8428, 23.9884)
    310 (6.39919, 17.3543) -> 7998 (5.79526, 17.384)
    311 (4.42571, 29.421) -> 9192 (4.14623, 28.5127)
    312 (21.0095, -3.00305) -> 9425 (20.0987, -3.28527)
    313 (20.0669, 12.5634) -> 9978 (20.723, 12.2576)
    314 (19.3197, 7.94884) -> 7728 (19.0516, 6.99144)
    315 (16.4021, 20.7607) -> 8131 (16.9054, 20.2823)
    316 (7.34254, 21.1221) -> 8089 (6.56293, 20.9036)
    317 (5.624, 0.8236) -> 9559 (4.73885, 1.0579)
    318 (19.384, 7.38464) -> 9575 (19.0425, 6.8933)
    319 (22.4382, 6.98236) -> 9311 (22.0847, 6.68659)
    320 (16.7075, 11.2797) -> 8202 (17.6257, 11.1044)
    321 (9.89208, 23.0295) -> 5808 (9.12354, 22.7188)
    322 (22.2417, 19.131) -> 8695 (22.5059, 18.4255)
    323 (15.4548, 1.13794) -> 8444 (15.2355, 1.13513)
    324 (0.567905, 1.11768) -> 6533 (0.610719, 1.3288)
    325 (14.582, 5.74353) -> 9297 (14.3854, 5.48128)
    326 (22.4023, -0.696452) -> 9228 (22.0976, -1.31873)
    327 (23.0931, 24.24) -> 9861 (23.0682, 23.3993)
    328 (20.2427, 22.2623) -> 6075 (20.7161, 21.7243)
    329 (9.59145, 17.9118) -> 6535 (8.73282, 17.7733)
    330 (4.15388, 6.47555) -> 8432 (3.63525, 7.10834)
    331 (22.1544, 27.9201) -> 9663 (22.4081, 27.2264)
    332 (12.8761, 3.94051) -> 8969 (12.5012, 3.68019)
    333 (22.3336, 24.6414) -> 5075 (22.3112, 23.6828)
    334 (16.584, 5.8434) -> 6021 (16.6265, 5.28406)
    335 (9.07085, 19.717) -> 7864 (8.31644, 19.5469)
    336 (10.7173, 18.3948) -> 7483 (10.2702, 18.2026)
    337 (8.984, 28.3378) -> 9317 (8.41472, 28.0248)
    338 (3.93021, -3.85116) -> 9732 (4.53778, -3.19324)
    339 (15.5875, 18.0506) -> 7262 (16.1278, 17.5622)
    340 (20.7845, -3.97739) -> 8019 (20.3419, -3.99445)
    341 (12.9053, 23.989) -> 4891 (12.147, 23.4503)
    342 (20.1401, 6.73013) -> 7583 (19.6146, 6.02229)
    343 (14.1547, -0.152929) -> 9945 (13.6527, -0.610638)
    344 (17.9576, 24.1585) -> 9442 (18.1431, 24.1528)
    345 (4.94066e-324, 6.9533e-310) -> 8462 (0.0438228, 0.168997)
    346 (4.94066e-324, 6.9533e-310) -> 8462 (0.0438228, 0.168997)
    347 (19.7384, 18.3856) -> 9414 (20.4322, 17.8146)
    348 (8.31959, 29.0852) -> 6209 (8.10023, 28.7334)
    349 (6.56243, 26.1173) -> 9027 (6.60695, 26.0733)
    350 (14.3139, 16.365) -> 7445 (15.0152, 16.0352)
    351 (1.66575, 4.95782) -> 9971 (1.28458, 5.1189)
    352 (11.6294, 28.1898) -> 267 (10.8848, 27.5222)
    353 (1.54124, 6.32199) -> 1724 (1.15609, 6.93175)
    354 (11.3877, 17.6528) -> 4786 (10.9747, 17.687)
    355 (21.277, 3.45835) -> 9963 (20.4956, 4.0439)
    356 (4.55716, 29.3033) -> 9192 (4.14623, 28.5127)
    357 (12.6576, 8.37655) -> 9766 (12.7805, 7.73417)
    358 (4.80849, 27.7237) -> 6330 (4.78826, 27.3354)
    359 (19.6909, 20.4891) -> 9734 (19.7077, 19.8234)
    360 (13.8486, -1.64393) -> 9266 (13.2428, -1.79468)
    361 (8.02604, 27.6414) -> 6808 (7.4879, 26.9334)
    362 (21.4728, -4.70275) -> 4269 (20.7303, -4.55374)
    363 (15.741, 11.5364) -> 6557 (16.4258, 11.3563)
    364 (16.8193, 24.4559) -> 9687 (17.2146, 23.6365)
    365 (2.58239, 9.85905) -> 3965 (2.19447, 9.99185)
    366 (8.59243, 6.58446) -> 6402 (8.05525, 6.26881)
    367 (2.36253, 10.3799) -> 8127 (1.87237, 10.8933)
    368 (12.2843, 9.30425) -> 3037 (12.3551, 8.51613)
    369 (6.44542, 17.2193) -> 7998 (5.79526, 17.384)
    370 (1.47641, 3.49591) -> 9920 (1.15083, 3.43035)
    371 (15.219, -1.37882) -> 9077 (14.8308, -1.19939)
    372 (20.0053, 16.4879) -> 5804 (20.281, 15.8304)
    373 (6.3528, -2.77826) -> 8534 (6.16004, -2.69775)
    374 (21.7085, 6.01255) -> 7872 (21.3462, 5.1818)
    375 (3.76949, 25.4411) -> 4906 (3.37532, 24.8288)
    376 (16.0181, -3.3002) -> 7490 (15.0835, -3.45795)
    377 (7.17605, 15.7338) -> 4215 (6.53131, 15.553)
    378 (15.3938, 9.59161) -> 8882 (15.7357, 8.89611)
    379 (22.9422, 28.536) -> 9869 (23.2427, 28.1065)
    380 (20.1079, 28.3521) -> 8987 (19.9708, 27.9301)
    381 (19.0744, 12.6853) -> 9163 (19.8505, 12.5574)
    382 (5.17429, 6.2281) -> 5904 (4.43502, 6.49959)
    383 (12.6819, 24.9638) -> 8530 (12.0133, 24.3116)
    384 (18.2818, 25.1045) -> 9442 (18.1431, 24.1528)
    385 (22.453, -4.90097) -> 6986 (22.2413, -4.87227)
    386 (3.83783, 3.08063) -> 2512 (3.4164, 3.68728)
    387 (2.48608, 27.9536) -> 9285 (2.33747, 27.1318)
    388 (17.0202, 1.01853) -> 9475 (16.4684, 0.892819)
    389 (19.3594, 6.53477) -> 9782 (19.531, 5.64225)
    390 (18.8924, 15.6145) -> 8050 (19.002, 14.9491)
    391 (4.94066e-324, 6.9533e-310) -> 8462 (0.0438228, 0.168997)
    392 (10.3728, 6.04662) -> 7375 (9.81907, 5.61942)
    393 (17.4175, 7.60124) -> 9506 (17.0958, 6.88689)
    394 (1.95318, -3.59267) -> 6742 (1.68489, -3.37667)
    395 (19.176, -1.12714) -> 9641 (18.7067, -1.33456)
    396 (14.5947, 1.5968) -> 9846 (14.0533, 1.4319)
    397 (19.3182, 19.8759) -> 4478 (19.6113, 18.9215)
    398 (21.9312, 20.0816) -> 8838 (22.0327, 19.5594)
    399 (5.10116, 29.0113) -> 4748 (4.83416, 28.4016)
    400 (1.14584, 4.25563) -> 9771 (0.60834, 4.90911)
    401 (0.342345, 7.09424) -> 9593 (0.483326, 7.7801)
    402 (21.8979, 5.57353) -> 5719 (21.5396, 5.04526)
    403 (4.94066e-324, 6.9533e-310) -> 8462 (0.0438228, 0.168997)
    404 (17.6892, 25.91) -> 7895 (17.9566, 25.3917)
    405 (17.4558, 22.564) -> 9537 (17.443, 22.2651)
    406 (7.596, 19.5089) -> 2881 (7.32732, 19.4804)
    407 (12.2677, 28.9596) -> 9735 (11.9679, 28.5633)
    408 (13.0459, 28.3316) -> 5600 (12.614, 28.1587)
    409 (4.80249, 2.56044) -> 9411 (4.70525, 2.41429)
    410 (22.0726, 25.6489) -> 9261 (22.0379, 24.8853)
    411 (13.0142, 27.3321) -> 8113 (12.5614, 27.1435)
    412 (17.2847, 15.511) -> 9758 (17.8286, 15.1653)
    413 (9.46257, 3.73808) -> 9193 (8.78865, 3.13542)
    414 (21.7679, 15.3383) -> 8290 (21.7973, 15.1761)
    415 (9.43073, 28.506) -> 9292 (9.33391, 28.1034)
    416 (4.94066e-324, 6.9533e-310) -> 8462 (0.0438228, 0.168997)
    417 (2.42983, 20.532) -> 6135 (2.27472, 19.7999)
    418 (10.4043, 5.64869) -> 9887 (9.82314, 5.08274)
    419 (11.0925, 2.81631) -> 8579 (10.4415, 2.27051)
    420 (4.94066e-324, 6.9533e-310) -> 8462 (0.0438228, 0.168997)
    421 (15.1351, 16.7415) -> 9799 (15.4261, 16.6659)
    422 (22.9361, 1.82461) -> 5854 (22.5317, 1.60046)
    423 (13.5326, 6.95065) -> 4409 (13.4293, 6.41533)
    424 (22.9724, -1.51804) -> 9228 (22.0976, -1.31873)
    425 (6.19421, 6.21873) -> 8111 (6.04099, 6.27688)
    426 (7.42413, 12.173) -> 786 (6.54125, 11.7443)
    427 (2.47694, 16.5463) -> 9206 (2.38935, 16.1905)
    428 (0.43036, 2.5075) -> 6008 (0.442423, 2.95018)
    429 (13.8733, 16.7538) -> 8864 (14.6446, 16.458)
    430 (23.0658, 18.5646) -> 6151 (23.2124, 17.8981)
    431 (1.49297, 28.0708) -> 7813 (1.55059, 27.7559)
    432 (4.78558, 24.6083) -> 7695 (4.44586, 24.0242)
    433 (1.0314, 12.3717) -> 8435 (1.08692, 12.4774)
    434 (14.1078, 20.3632) -> 9616 (14.1989, 20.2819)
    435 (5.84725, 3.80823) -> 8949 (5.50104, 3.79392)
    436 (7.7964, 24.3794) -> 7673 (7.61223, 24.1231)
    437 (8.2279, 16.7183) -> 5592 (7.61456, 16.4524)
    438 (6.40011, 18.466) -> 7580 (5.83258, 18.3009)
    439 (18.9946, 12.4649) -> 9163 (19.8505, 12.5574)
    440 (0.739943, 7.80954) -> 9669 (0.632862, 8.68671)
    441 (23.9043, 24.8248) -> 5993 (24.3533, 24.323)
    442 (13.1013, 7.65989) -> 9092 (13.0402, 7.13772)
    443 (22.7089, 20.7103) -> 9468 (23.1875, 19.9251)
    444 (8.03702, 20.9122) -> 8459 (7.49675, 20.4623)
    445 (5.18471, 26.0882) -> 8333 (4.94982, 25.8276)
    446 (12.953, -0.981703) -> 9023 (12.8074, -1.01563)
    447 (15.4526, 18.834) -> 6840 (15.7207, 18.3615)
    448 (6.76637, -2.8622) -> 8534 (6.16004, -2.69775)
    449 (15.4475, 17.7742) -> 8198 (15.8637, 17.3351)
    450 (5.48437, 6.99516) -> 9188 (4.79929, 6.86944)
    451 (7.34771, 9.09055) -> 7844 (6.92184, 8.91506)
    452 (16.7352, 26.2097) -> 8425 (16.879, 26.1705)
    453 (22.3786, 29.2881) -> 7009 (22.5723, 28.8653)
    454 (14.0481, 0.742592) -> 8375 (13.1208, 0.596629)
    455 (15.0902, 21.6159) -> 8248 (15.2181, 20.6357)
    456 (2.1251, 27.8427) -> 8592 (1.82304, 27.1542)
    457 (4.24956, 18.1099) -> 8423 (4.16789, 17.9927)
    458 (19.6739, 21.4539) -> 8272 (20.0826, 20.9073)
    459 (7.18163, 18.064) -> 5411 (6.69633, 17.8593)
    460 (14.0008, 6.68795) -> 9122 (14.039, 6.51218)
    461 (23.9279, 1.69696) -> 9550 (23.8417, 0.948828)
    462 (14.2791, 5.33261) -> 9453 (13.9583, 4.83232)
    463 (10.398, 7.14534) -> 5700 (9.98157, 6.25407)
    464 (23.5442, 23.5093) -> 9405 (23.8864, 22.703)
    465 (18.075, 4.44839) -> 9786 (18.0057, 4.08851)
    466 (19.043, 28.3382) -> 9607 (19.2151, 28.4567)
    467 (23.3447, -2.0715) -> 9973 (23.0257, -1.60631)
    468 (21.7597, -2.32096) -> 9305 (20.9374, -2.42562)
    469 (22.7507, 29.6729) -> 6359 (22.8974, 28.7253)
    470 (19.2894, 25.8534) -> 9628 (19.1227, 25.0368)
    471 (4.64709, 28.1362) -> 8342 (4.46726, 27.6192)
    472 (21.1991, 0.176606) -> 179 (20.596, -0.0453952)
    473 (4.15181, 2.36578) -> 9629 (3.41492, 2.53789)
    474 (24.0238, 22.6318) -> 9704 (24.408, 22.1289)
    475 (20.4324, 11.6325) -> 7863 (21.3399, 11.4976)
    476 (19.0214, 11.5382) -> 7448 (19.2826, 11.106)
    477 (17.8298, -2.9226) -> 9943 (18.0602, -3.77262)
    478 (18.9216, 0.900113) -> 9795 (18.4194, 0.256348)
    479 (11.9426, 6.70373) -> 8357 (11.455, 6.00965)
    480 (2.85076, 11.6022) -> 8930 (2.62286, 11.7047)
    481 (5.76675, 17.1655) -> 7394 (5.00465, 16.9524)
    482 (4.27095, -3.0379) -> 9732 (4.53778, -3.19324)
    483 (18.6367, 17.5072) -> 9474 (19.1388, 16.666)
    484 (3.43587, 8.41073) -> 7635 (3.15681, 8.50321)
    485 (16.6332, 1.178) -> 9916 (15.8365, 1.11438)
    486 (19.5538, 16.007) -> 7969 (20.0047, 15.1278)
    487 (16.1287, 12.4582) -> 9988 (16.9626, 12.2542)
    488 (14.4385, -1.83948) -> 7171 (13.9691, -1.8296)
    489 (0.992432, 27.2051) -> 7571 (1.15961, 26.8568)
    490 (5.77169, 16.9997) -> 7394 (5.00465, 16.9524)
    491 (22.1928, 15.9055) -> 8992 (22.4974, 15.3865)
    492 (23.6146, 0.747285) -> 4176 (23.2994, 0.712914)
    493 (15.1738, 9.41717) -> 9252 (15.3943, 8.52516)
    494 (23.6318, 5.63547) -> 9824 (23.0474, 5.48682)
    495 (8.96607, 24.1947) -> 8347 (8.19756, 23.7425)
    496 (15.761, 25.9842) -> 9045 (15.9272, 25.6982)
    497 (0.561242, 12.3025) -> 8435 (1.08692, 12.4774)
    498 (19.3956, -2.46851) -> 8727 (19.2107, -2.56885)
    499 (20.3858, 23.5226) -> 6985 (20.3863, 22.78)
    500 (10.3259, 4.24266) -> 9873 (10.4747, 3.49137)
    501 (7.24935, 1.65125) -> 6103 (6.32943, 1.8859)
    502 (19.6351, -3.43939) -> 7807 (19.5352, -3.37228)
    503 (1.83239, 16.0106) -> 7850 (1.29626, 15.4783)
    504 (10.4001, -1.22777) -> 9893 (10.2057, -1.20739)
    505 (6.91533, 25.0942) -> 9449 (6.7864, 24.8311)
    506 (17.4834, 5.40638) -> 6049 (17.2602, 4.92325)
    507 (22.0855, 7.1843) -> 7657 (21.7418, 6.58022)
    508 (9.07625, 2.29155) -> 9884 (8.93784, 2.22585)
    509 (18.9411, 27.4213) -> 9303 (18.4415, 26.891)
    510 (17.2037, 16.4483) -> 8777 (17.4254, 15.8563)
    511 (3.17699, 4.62898) -> 9801 (3.20846, 4.67356)
    512 (13.8767, -0.37627) -> 9945 (13.6527, -0.610638)
    513 (9.01807, 20.7062) -> 3326 (8.20834, 20.5641)
    514 (6.33567, 7.44435) -> 5844 (5.72192, 7.36643)
    515 (23.537, 29.1399) -> 9515 (23.7963, 28.6186)
    516 (19.6209, 28.561) -> 6353 (19.76, 28.026)
    517 (15.8258, 23.1891) -> 9991 (16.0558, 23.048)
    518 (22.7068, 7.34362) -> 9911 (22.3155, 6.58706)
    519 (12.0354, 20.8557) -> 6577 (11.3131, 20.7065)
    520 (6.90541, 20.4479) -> 4644 (6.14169, 19.8948)
    521 (4.94066e-324, 6.9533e-310) -> 8462 (0.0438228, 0.168997)
    522 (17.8199, 15.9615) -> 9655 (18.0821, 15.34)
    523 (7.06134, 0.669082) -> 9741 (6.4981, 0.559429)
    524 (10.3934, 25.6646) -> 9759 (10.0521, 25.1057)
    525 (23.9955, 25.8206) -> 5841 (24.2774, 24.8655)
    526 (17.2281, 4.27308) -> 8750 (16.6997, 3.44532)
    527 (12.416, 21.9809) -> 5262 (11.6387, 21.4855)
    528 (4.94066e-324, 6.9533e-310) -> 8462 (0.0438228, 0.168997)
    529 (2.83778, 10.3788) -> 6269 (2.6996, 10.3751)
    530 (19.113, -4.29222) -> 9695 (19.1871, -4.08871)
    531 (16.0656, 6.4738) -> 5787 (15.787, 6.16968)
    532 (24.0799, -1.87546) -> 9373 (23.8474, -1.8064)
    533 (23.6933, 7.17976) -> 9201 (23.172, 6.59016)
    534 (10.5138, 19.8577) -> 5637 (10.016, 19.5161)
    535 (19.416, -4.31436) -> 9695 (19.1871, -4.08871)
    536 (17.0463, 27.208) -> 7542 (17.0669, 26.6333)
    537 (23.3002, -4.3697) -> 5164 (22.594, -4.46382)
    538 (17.3035, 16.0822) -> 7879 (17.7768, 15.214)
    539 (0.869818, 4.00916) -> 9771 (0.60834, 4.90911)
    540 (7.68702, 10.0312) -> 6228 (6.90446, 9.66548)
    541 (15.9035, 12.5383) -> 9406 (16.318, 12.2691)
    542 (8.64776, 15.9433) -> 5646 (8.26665, 15.9445)
    543 (14.8129, 15.576) -> 9903 (15.6911, 15.112)
    544 (20.0612, 16.4346) -> 5804 (20.281, 15.8304)
    545 (21.3806, -3.21172) -> 9305 (20.9374, -2.42562)
    546 (16.7033, -4.02854) -> 9927 (16.3699, -3.97958)
    547 (8.04364, 0.481765) -> 8596 (7.73496, 0.440049)
    548 (12.4277, 1.21876) -> 9605 (11.6427, 0.870116)
    549 (2.82298, 25.1184) -> 2496 (2.70264, 24.5719)
    550 (23.3104, 13.8057) -> 8282 (23.2239, 13.3618)
    551 (22.5259, 7.58284) -> 9950 (21.7957, 7.14588)
    552 (4.94066e-324, 6.9533e-310) -> 8462 (0.0438228, 0.168997)
    553 (17.365, 22.5146) -> 9537 (17.443, 22.2651)
    554 (17.4474, 0.549123) -> 9809 (16.749, 0.372322)
    555 (23.2147, 21.5729) -> 8849 (23.5738, 21.1416)
    556 (2.66303, 5.43908) -> 9504 (2.60122, 5.86629)
    557 (0.83455, 7.13636) -> 9593 (0.483326, 7.7801)
    558 (7.16321, 21.5225) -> 6038 (6.27279, 21.1182)
    559 (8.66, 8.159) -> 9065 (8.34312, 7.95676)
    560 (11.5086, 18.1235) -> 4273 (10.8489, 18.1084)
    561 (7.79154, 4.10512) -> 9814 (7.49763, 4.0937)
    562 (16.8859, 5.97134) -> 6021 (16.6265, 5.28406)
    563 (17.9151, 28.2277) -> 9664 (17.6332, 27.4693)
    564 (13.2362, 8.77482) -> 9751 (13.3792, 8.28756)
    565 (18.5549, 28.3725) -> 8438 (18.4214, 27.7327)
    566 (14.8603, 0.642567) -> 9642 (14.6074, 0.00629434)
    567 (6.52191, -3.83186) -> 6964 (5.94454, -3.02931)
    568 (8.6599, 28.4792) -> 9033 (8.46069, 28.2157)
    569 (17.2299, 17.3707) -> 7197 (17.4949, 17.0275)
    570 (13.8821, 28.3772) -> 7449 (13.106, 27.9541)
    571 (16.4618, 3.87763) -> 9719 (15.9464, 3.46279)
    572 (17.3987, -3.43649) -> 9811 (16.5537, -3.60337)
    573 (4.94066e-324, 6.9533e-310) -> 8462 (0.0438228, 0.168997)
    574 (8.96251, 0.5435) -> 6331 (8.21416, 0.826183)
    575 (7.19715, 14.734) -> 9865 (6.44301, 14.589)
    576 (11.8753, 25.3871) -> 9002 (11.02, 24.9891)
    577 (8.58103, 10.4793) -> 4149 (7.95251, 9.96364)
    578 (0.944682, 0.0315782) -> 9623 (0.664097, 0.892402)
    579 (5.96505, 26.8158) -> 8103 (5.4376, 26.38)
    580 (24.0661, 2.20921) -> 6893 (23.2384, 1.87037)
    581 (21.1554, 10.9417) -> 9390 (21.6595, 10.3831)
    582 (21.0879, 7.03041) -> 8925 (20.7455, 6.83576)
    583 (17.8107, 7.00978) -> 9929 (17.8048, 6.2399)
    584 (22.1982, -4.38197) -> 9419 (21.3847, -4.51843)
    585 (24.1391, 1.984) -> 9259 (24.0876, 1.30958)
    586 (12.315, 27.5742) -> 7341 (12.0755, 27.0256)
    587 (22.8936, 18.6625) -> 9882 (22.9879, 18.166)
    588 (13.9604, 6.9172) -> 9122 (14.039, 6.51218)
    589 (21.9661, 2.66123) -> 6871 (21.6941, 2.43256)
    590 (8.86417, 15.2108) -> 9035 (8.11678, 15.8726)
    591 (4.94066e-324, 6.9533e-310) -> 8462 (0.0438228, 0.168997)
    592 (11.486, -3.01512) -> 9572 (10.7813, -3.26601)
    593 (17.1947, 0.415099) -> 9809 (16.749, 0.372322)
    594 (13.1767, -1.93649) -> 9266 (13.2428, -1.79468)
    595 (13.7857, 6.4236) -> 6073 (13.7142, 6.31791)
    596 (17.6466, 14.8248) -> 9300 (18.3029, 14.0781)
    597 (13.4344, 1.63474) -> 9483 (12.5442, 1.87507)
    598 (14.4629, 3.2946) -> 9470 (13.9559, 2.8589)
    599 (14.39, 8.04444) -> 5868 (14.5776, 7.47612)
    600 (17.3815, 7.88915) -> 9522 (17.3255, 7.40948)
    601 (23.3905, 6.59547) -> 9822 (23.0384, 5.72212)
    602 (15.2869, 11.5374) -> 8373 (15.7074, 11.4702)
    603 (24.3158, 4.90602) -> 9492 (23.6349, 4.4998)
    604 (15.8903, 9.44727) -> 7789 (15.9765, 9.03092)
    605 (2.60728, 21.6881) -> 8378 (2.39861, 20.9151)
    606 (15.8748, 6.35633) -> 5787 (15.787, 6.16968)
    607 (11.7907, 27.093) -> 8554 (11.4479, 26.2543)
    608 (21.3693, 25.6354) -> 7843 (21.4678, 25.3023)
    609 (18.7313, 6.02043) -> 7867 (18.3456, 5.1527)
    610 (3.4721, 19.8204) -> 9681 (3.14405, 19.346)
    611 (23.068, 8.12039) -> 9438 (23.0415, 7.92733)
    612 (24.8525, -1.32147) -> 9935 (23.8721, -1.44009)
    613 (24.3752, 29.6851) -> 9047 (24.7353, 29.0347)
    614 (6.58957, 9.74264) -> 6246 (6.39925, 9.45582)
    615 (22.4199, 14.285) -> 2721 (22.6462, 14.0329)
    616 (1.23149, -0.141338) -> 6767 (0.904983, 0.404994)
    617 (5.84716, -3.57557) -> 9711 (5.18476, -3.92025)
    618 (0.469386, 6.50711) -> 9708 (0.315816, 6.88522)
    619 (22.1047, 0.960411) -> 9964 (22.058, 0.785503)
    620 (5.78664, 18.3092) -> 4966 (5.33833, 18.0258)
    621 (3.03579, 19.8696) -> 5752 (2.60106, 19.172)
    622 (13.4143, -1.72907) -> 9266 (13.2428, -1.79468)
    623 (1.63765, 20.9736) -> 7269 (1.43357, 20.2836)
    624 (19.2127, 15.6516) -> 9944 (19.1501, 15.3332)
    625 (5.52245, 9.454) -> 5793 (5.01369, 9.21382)
    626 (18.5489, 29.3725) -> 9770 (18.5591, 29.1173)
    627 (22.5026, 7.20152) -> 9911 (22.3155, 6.58706)
    628 (17.8146, 18.8757) -> 6484 (18.3502, 18.2267)
    629 (22.0499, 8.46227) -> 9084 (22.8327, 8.24355)
    630 (9.95821, -0.511567) -> 9992 (9.10122, -0.28248)
    631 (24.4944, 2.70729) -> 7109 (24.0131, 2.7084)
    632 (1.83914, 24.9394) -> 8036 (1.739, 24.2112)
    633 (24.3231, -2.52091) -> 9640 (24.5326, -2.89152)
    634 (23.41, 7.11866) -> 9201 (23.172, 6.59016)
    635 (9.39567, 25.048) -> 9984 (9.59915, 24.5066)
    636 (22.4551, 29.8068) -> 8420 (22.4065, 28.996)
    637 (23.5948, 20.2465) -> 9837 (23.8458, 19.6861)
    638 (8.29197, -0.486911) -> 9480 (7.61487, -0.729249)
    639 (23.6518, -0.987474) -> 9279 (23.0051, -1.03708)
    640 (0.633118, -1.44942) -> 127 (0.610927, -0.910496)
    641 (16.262, 4.9787) -> 6935 (15.8945, 4.53268)
    642 (12.2009, 18.8184) -> 8006 (12.0129, 18.8419)
    643 (18.9734, 28.5565) -> 9607 (19.2151, 28.4567)
    644 (7.52115, -3.87074) -> 9214 (7.45285, -3.82146)
    645 (7.90155, -0.714195) -> 9480 (7.61487, -0.729249)
    646 (17.328, -4.08545) -> 9927 (16.3699, -3.97958)
    647 (18.1362, 26.1108) -> 7545 (18.4234, 25.5935)
    648 (17.1115, 12.2734) -> 8498 (17.4996, 12.1832)
    649 (13.2566, 2.73811) -> 7376 (13.0176, 2.62245)
    650 (14.811, 28.5393) -> 8155 (14.5365, 28.2914)
    651 (0.0499467, 17.2963) -> 2252 (0.314138, 16.3839)
    652 (8.3365, 5.61776) -> 8475 (7.79387, 5.13028)
    653 (24.3223, 26.7657) -> 8483 (24.6496, 25.9355)
    654 (19.5861, 18.7749) -> 9857 (19.738, 18.7196)
    655 (1.27197, 15.6674) -> 0 (1, 15)
    656 (5.21176, 10.4791) -> 8988 (4.65754, 10.6314)
    657 (16.6194, 11.2542) -> 7887 (16.7557, 11.1064)
    658 (18.0151, 16.017) -> 8517 (18.5462, 15.4333)
    659 (21.7433, 13.791) -> 9109 (21.6486, 12.961)
    660 (3.96624, 25.4508) -> 4906 (3.37532, 24.8288)
    661 (3.52611, -3.90488) -> 8687 (3.08273, -3.46787)
    662 (15.1845, 28.2942) -> 7853 (15.267, 28.0471)
    663 (22.3869, 15.3897) -> 9516 (22.7409, 14.7587)
    664 (1.70216, -1.08873) -> 8831 (1.68062, -1.09987)
    665 (11.438, -3.76724) -> 9412 (10.6638, -3.46792)
    666 (6.46427, 20.1745) -> 4644 (6.14169, 19.8948)
    667 (1.8504, 28.0104) -> 8592 (1.82304, 27.1542)
    668 (24.8328, 23.2196) -> 8138 (24.9784, 22.2338)
    669 (7.76943, 16.1498) -> 9009 (7.22811, 16.2324)
    670 (17.5595, 29.5177) -> 7991 (17.4626, 29.0196)
    671 (23.4106, 12.8107) -> 9993 (23.8281, 12.1253)
    672 (24.775, -3.41297) -> 8763 (23.9984, -3.83281)
    673 (10.9987, 8.36129) -> 3715 (10.695, 7.58515)
    674 (9.3311, 1.70791) -> 8923 (8.55208, 1.42984)
    675 (15.4991, 7.5415) -> 6221 (15.6296, 7.01659)
    676 (9.80174, 21.063) -> 4484 (9.46227, 20.7056)
    677 (8.13693, 1.03014) -> 9775 (7.20673, 1.28013)
    678 (4.94066e-324, 6.9533e-310) -> 8462 (0.0438228, 0.168997)
    679 (14.969, 26.5949) -> 8796 (14.813, 26.1938)
    680 (23.461, 11.812) -> 9747 (23.8093, 11.4192)
    681 (18.2858, 26.1978) -> 7545 (18.4234, 25.5935)
    682 (17.2216, 27.2161) -> 6214 (17.9478, 26.6064)
    683 (8.30163, 5.66912) -> 8475 (7.79387, 5.13028)
    684 (4.94066e-324, 6.9533e-310) -> 8462 (0.0438228, 0.168997)
    685 (7.55226, 14.1537) -> 1261 (6.82768, 14.2107)
    686 (7.69189, 26.0867) -> 7977 (7.42294, 25.4112)
    687 (9.71123, 19.4463) -> 9006 (9.41628, 18.9973)
    688 (0.253082, -0.781368) -> 9570 (4.94066e-324, 6.9533e-310)
    689 (2.22762, -2.45316) -> 7333 (1.88747, -1.72793)
    690 (8.45285, -4.23399) -> 9148 (7.92824, -3.82286)
    691 (12.7744, 16.2787) -> 6090 (13.0662, 16.6079)
    692 (11.4464, 28.8958) -> 9016 (10.5467, 28.4729)
    693 (24.0781, -0.639743) -> 9058 (23.1261, -0.71879)
    694 (13.3087, 17.7764) -> 5760 (13.9571, 17.5214)
    695 (24.4509, 3.66138) -> 9211 (24.3906, 3.18139)
    696 (19.827, 1.37626) -> 8209 (19.7104, 1.27863)
    697 (9.08712, 25.0469) -> 8707 (8.141, 25.1419)
    698 (4.94066e-324, 6.9533e-310) -> 8462 (0.0438228, 0.168997)
    699 (5.22593, 24.0663) -> 7097 (4.70694, 23.4542)
    700 (22.7852, 28.5285) -> 8486 (23.3467, 27.7365)
    701 (4.94066e-324, 6.9533e-310) -> 8462 (0.0438228, 0.168997)
    702 (18.7073, 6.09274) -> 7886 (18.5244, 5.17687)
    703 (9.23393, 0.438068) -> 5021 (9.08253, 0.50202)
    704 (8.21302, 7.94677) -> 2610 (7.48619, 7.56377)
    705 (4.94066e-324, 6.9533e-310) -> 8462 (0.0438228, 0.168997)
    706 (4.7543, 17.4359) -> 4025 (3.89911, 16.9649)
    707 (4.01695, 3.43643) -> 6521 (3.91152, 3.52487)
    708 (0.797398, -1.16697) -> 5681 (0.754243, -0.715496)
    709 (2.73582, -0.0843085) -> 5241 (2.0162, 0.525926)
    710 (12.5588, 2.36554) -> 3061 (11.7393, 2.24645)
    711 (4.94066e-324, 6.9533e-310) -> 8462 (0.0438228, 0.168997)
    712 (16.7635, 28.0477) -> 9338 (17.6171, 27.7901)
    713 (5.18505, -3.78713) -> 9732 (4.53778, -3.19324)
    714 (18.1085, 8.3853) -> 9928 (18.7729, 7.89008)
    715 (11.8886, 20.7532) -> 6577 (11.3131, 20.7065)
    716 (17.6021, 20.4283) -> 9938 (17.7985, 19.8569)
    717 (15.9807, -0.976414) -> 8855 (15.2993, -1.55342)
    718 (2.47166, 7.99757) -> 7420 (1.96875, 8.73545)
    719 (0.311726, 11.3342) -> 9657 (0.403533, 12.1741)
    720 (12.1773, 6.2613) -> 8126 (11.9048, 6.02138)
    721 (16.1705, 2.66272) -> 9755 (15.7086, 2.48588)
    722 (12.9407, 26.7393) -> 9145 (12.5891, 26.6376)
    723 (7.64075, 3.62093) -> 8078 (6.98869, 3.68161)
    724 (9.4735, -0.0523089) -> 9958 (9.2937, 0.0412097)
    725 (18.6028, 6.19505) -> 9929 (17.8048, 6.2399)
    726 (23.1702, -3.90441) -> 9726 (23.2265, -4.11043)
    727 (17.8211, 3.03614) -> 7270 (17.0742, 2.55718)
    728 (24.647, 29.0132) -> 6377 (24.8868, 28.2639)
    729 (18.0027, 26.2027) -> 7545 (18.4234, 25.5935)
    730 (4.84979, 6.2767) -> 8927 (4.16209, 6.85961)
    731 (13.4509, 20.6535) -> 9616 (14.1989, 20.2819)
    732 (2.31024, 7.90458) -> 9731 (1.47898, 8.34041)
    733 (0.828755, -1.16266) -> 5681 (0.754243, -0.715496)
    734 (5.3914, 23.9218) -> 6042 (4.74955, 23.4657)
    735 (1.37809, 24.052) -> 6763 (1.23433, 23.082)
    736 (22.1695, 18.8809) -> 8603 (22.3789, 18.1575)
    737 (18.5781, -2.45666) -> 9975 (18.3248, -2.13121)
    738 (6.3937, 24.4448) -> 7589 (6.02726, 24.2109)
    739 (4.98097, 24.7556) -> 7695 (4.44586, 24.0242)
    740 (17.6773, 27.9527) -> 9787 (18.0453, 27.1867)
    741 (11.15, 23.1578) -> 9977 (10.3661, 22.6327)
    742 (23.3628, 20.9424) -> 8684 (23.8571, 20.1016)
    743 (2.28336, 7.7592) -> 9731 (1.47898, 8.34041)
    744 (11.9077, 21.583) -> 7401 (11.4621, 21.0615)
    745 (5.58249, 21.2411) -> 7484 (5.51939, 20.6944)
    746 (10.0891, 23.3863) -> 8948 (9.59698, 23.3867)
    747 (0.769959, 11.8502) -> 8435 (1.08692, 12.4774)
    748 (8.77812, 6.10005) -> 9445 (8.63207, 6.02526)
    749 (5.18894, 20.3218) -> 2971 (4.74232, 19.4607)
    750 (5.10867, 23.7579) -> 6042 (4.74955, 23.4657)
    751 (9.67233, 17.6263) -> 6796 (8.79033, 17.3943)
    752 (7.70642, -2.75583) -> 7390 (7.0847, -2.31915)
    753 (23.6384, 1.72734) -> 7791 (22.9036, 1.42255)
    754 (2.61802, 26.3704) -> 8793 (2.5065, 25.7061)
    755 (21.8408, 3.87255) -> 9031 (21.346, 3.0224)
    756 (22.9037, 2.9824) -> 8376 (22.4203, 2.71026)
    757 (6.90721, -0.607946) -> 9107 (6.13699, -0.561236)
    758 (7.62158, 7.67945) -> 5554 (7.31159, 7.49619)
    759 (16.9813, 25.6149) -> 4182 (17.1395, 24.7459)
    760 (16.7866, 2.5446) -> 9970 (16.2365, 2.41334)
    761 (3.37836, 6.34411) -> 6113 (2.84742, 6.56796)
    762 (0.703446, 28.6845) -> 8645 (0.914482, 27.7141)
    763 (6.07974, 2.56547) -> 9634 (5.65937, 2.39279)
    764 (10.5935, 2.13527) -> 8418 (10.0283, 1.8868)
    765 (8.36621, -3.80606) -> 9613 (7.5363, -3.78806)
    766 (14.9977, -0.625293) -> 9347 (14.1332, -0.604642)
    767 (22.6248, 6.15284) -> 9472 (22.0507, 5.59623)
    768 (2.5132, 16.8376) -> 3785 (2.0145, 16.5882)
    769 (4.94066e-324, 6.9533e-310) -> 8462 (0.0438228, 0.168997)
    770 (16.0102, -0.860326) -> 8855 (15.2993, -1.55342)
    771 (16.9561, -1.31147) -> 8643 (16.1509, -1.42693)
    772 (12.7827, 25.9052) -> 7692 (12.606, 25.7443)
    773 (22.7687, 14.0985) -> 9872 (22.8618, 13.3103)
    774 (9.27644, 22.9747) -> 9250 (9.00597, 22.7089)
    775 (10.0668, 3.4137) -> 5617 (9.45792, 3.25607)
    776 (23.8081, 7.54233) -> 9587 (23.3981, 7.13899)
    777 (24.7998, 24.0092) -> 7064 (24.7543, 23.6629)
    778 (4.87836, -2.24703) -> 9870 (4.87538, -2.40958)
    779 (17.5731, 14.2004) -> 8944 (17.7153, 13.4773)
    780 (16.7265, 8.84822) -> 9404 (16.7825, 7.93395)
    781 (6.65431, 13.0911) -> 1561 (6.17539, 12.8864)
    782 (18.184, 1.3039) -> 9137 (17.8714, 1.15327)
    783 (14.2113, 14.7772) -> 4177 (14.4062, 14.7514)
    784 (0.665628, 20.7387) -> 2832 (0.617128, 20.086)
    785 (0.642254, 15.1568) -> 0 (1, 15)
    786 (6.54125, 11.7443) -> 3588 (5.80863, 11.5697)
    787 (19.8898, 14.9156) -> 2170 (20.0626, 13.9925)
    788 (1.90718, 7.76837) -> 9731 (1.47898, 8.34041)
    789 (11.8141, 29.8364) -> 9152 (11.2131, 29.2452)
    790 (0.591952, 23.5826) -> 7558 (0.320435, 22.6632)
    791 (24.2549, 26.7082) -> 6107 (24.4312, 25.8174)
    792 (4.94066e-324, 6.9533e-310) -> 8462 (0.0438228, 0.168997)
    793 (19.6098, 17.2651) -> 9314 (19.8399, 16.755)
    794 (2.78133, 28.9091) -> 7904 (2.59627, 27.9608)
    795 (17.8744, 22.8321) -> 9021 (18.1692, 22.4134)
    796 (15.2584, 9.56844) -> 8882 (15.7357, 8.89611)
    797 (6.46283, 13.7074) -> 7942 (5.54229, 13.3442)
    798 (10.5441, 21.9272) -> 7075 (10.3362, 21.5688)
    799 (15.5954, 7.13881) -> 6221 (15.6296, 7.01659)
    800 (5.00861, 19.6075) -> 8853 (4.53096, 19.2857)
    801 (21.709, 17.5758) -> 3660 (22.0069, 16.6995)
    802 (17.7722, 6.74972) -> 5331 (17.5722, 5.78847)
    803 (3.08437, 18.9283) -> 3526 (2.65798, 18.0431)
    804 (17.8791, -3.70523) -> 9133 (17.2243, -3.72268)
    805 (18.4079, 2.66674) -> 7751 (17.5702, 2.20162)
    806 (0.706973, 9.62179) -> 5730 (0.706917, 9.8036)
    807 (10.5963, 2.01821) -> 8418 (10.0283, 1.8868)
    808 (8.76127, -3.13465) -> 9102 (8.61581, -2.51129)
    809 (10.0451, 5.35656) -> 9887 (9.82314, 5.08274)
    810 (20.0112, 12.8555) -> 9978 (20.723, 12.2576)
    811 (9.70359, 20.5415) -> 8299 (9.69712, 20.3173)
    812 (17.1343, 23.0564) -> 9537 (17.443, 22.2651)
    813 (3.18728, 0.807986) -> 9165 (3.30978, 1.20797)
    814 (4.94066e-324, 6.9533e-310) -> 8462 (0.0438228, 0.168997)
    815 (0.707999, -0.0665348) -> 9623 (0.664097, 0.892402)
    816 (4.94066e-324, 6.9533e-310) -> 8462 (0.0438228, 0.168997)
    817 (14.222, 28.0716) -> 9172 (13.6631, 27.7893)
    818 (16.0814, 6.65951) -> 5787 (15.787, 6.16968)
    819 (4.23234, 19.4572) -> 9560 (3.65627, 18.7505)
    820 (3.94968, 6.93793) -> 8432 (3.63525, 7.10834)
    821 (11.494, -0.471188) -> 9190 (11.4666, -0.472036)
    822 (3.67275, 6.81649) -> 8432 (3.63525, 7.10834)
    823 (5.91318, 14.5246) -> 7668 (5.24586, 13.9615)
    824 (23.1676, 25.9591) -> 6894 (23.7315, 25.5924)
    825 (2.20238, 7.22752) -> 8294 (2.00925, 7.35239)
    826 (7.922, 14.7297) -> 8056 (7.87445, 14.7135)
    827 (2.42224, 25.8467) -> 6906 (2.40523, 25.8388)
    828 (4.94066e-324, 6.9533e-310) -> 8462 (0.0438228, 0.168997)
    829 (23.5987, 27.1114) -> 8610 (24.1753, 26.4556)
    830 (9.53457, 3.91365) -> 9024 (8.88284, 3.70537)
    831 (0.0745156, 22.9739) -> 6768 (0.152313, 22.7107)
    832 (3.10174, -4.54609) -> 5250 (2.91681, -4.27124)
    833 (6.04794, 7.03502) -> 9401 (5.77581, 6.98355)
    834 (23.2589, 9.10199) -> 9450 (22.9741, 8.41096)
    835 (4.31655, 24.3253) -> 8253 (4.19059, 23.9334)
    836 (1.54083, 8.70152) -> 6391 (1.28437, 9.22313)
    837 (19.1438, 10.5458) -> 9531 (18.9848, 9.78105)
    838 (11.5054, 18.9622) -> 8297 (10.9855, 18.8579)
    839 (0.954823, -3.65002) -> 9847 (0.861015, -2.72782)
    840 (15.5222, -2.16964) -> 8206 (14.5314, -2.12094)
    841 (15.1725, -3.83408) -> 9329 (14.4023, -3.90297)
    842 (7.14451, 11.9045) -> 786 (6.54125, 11.7443)
    843 (4.94066e-324, 6.9533e-310) -> 8462 (0.0438228, 0.168997)
    844 (4.94066e-324, 6.9533e-310) -> 8462 (0.0438228, 0.168997)
    845 (21.5757, 4.6855) -> 8117 (21.2329, 4.28058)
    846 (0.598406, 8.81216) -> 5730 (0.706917, 9.8036)
    847 (1.14374, 4.69809) -> 8956 (0.825642, 4.87703)
    848 (24.3069, 29.1643) -> 9060 (24.1419, 28.3238)
    849 (24.0187, -3.25385) -> 9640 (24.5326, -2.89152)
    850 (13.7383, 15.2731) -> 9179 (14.6409, 15.3201)
    851 (11.5716, 21.5867) -> 4360 (11.2451, 21.3414)
    852 (21.7358, 16.812) -> 7275 (22.1168, 15.9678)
    853 (9.13221, 9.04048) -> 559 (8.66, 8.159)
    854 (20.756, 10.5357) -> 8489 (20.9779, 9.72444)
    855 (21.2671, 11.5587) -> 9679 (21.7157, 11.5497)
    856 (12.0746, 20.5066) -> 7238 (11.3666, 20.0354)
    857 (4.94066e-324, 6.9533e-310) -> 8462 (0.0438228, 0.168997)
    858 (6.09986, 14.9747) -> 9960 (5.50507, 14.3382)
    859 (1.22893, 27.1854) -> 7571 (1.15961, 26.8568)
    860 (4.94066e-324, 6.9533e-310) -> 8462 (0.0438228, 0.168997)
    861 (22.3922, 24.044) -> 4497 (22.2509, 23.1611)
    862 (2.48612, 28.4652) -> 6188 (2.2813, 27.7829)
    863 (20.3578, 21.1668) -> 9706 (20.6827, 20.5026)
    864 (0.176772, 5.38639) -> 5000 (0.0348196, 6.33832)
    865 (4.94066e-324, 6.9533e-310) -> 8462 (0.0438228, 0.168997)
    866 (24.9635, 23.7367) -> 8899 (24.9964, 22.9583)
    867 (17.3684, -4.10535) -> 9680 (16.5446, -4.00868)
    868 (4.728, 14.9287) -> 4349 (3.78902, 14.8313)
    869 (18.2974, 4.16985) -> 6425 (18.1809, 3.60035)
    870 (10.6648, 24.2728) -> 7150 (9.90931, 23.9703)
    871 (2.92384, 10.2368) -> 6269 (2.6996, 10.3751)
    872 (15.4076, 1.96968) -> 7741 (14.6105, 1.47661)
    873 (0.044798, 17.5091) -> 7026 (0.214483, 17.0631)
    874 (2.22469, 3.87771) -> 9983 (2.01447, 3.84908)
    875 (1.61649, 13.8422) -> 5882 (1.39894, 14.4109)
    876 (20.2709, 10.099) -> 8945 (20.525, 9.28626)
    877 (4.32786, 17.8055) -> 8860 (4.1562, 17.7427)
    878 (3.77727, 29.5818) -> 8149 (3.57729, 29.315)
    879 (21.2504, 11.6711) -> 9679 (21.7157, 11.5497)
    880 (20.3455, -4.47566) -> 6263 (19.8438, -4.38985)
    881 (17.3022, 8.07166) -> 3911 (17.3274, 7.64209)
    882 (4.72878, 21.7619) -> 6379 (4.41278, 21.5253)
    883 (20.1352, 29.4186) -> 7722 (20.2349, 28.6723)
    884 (4.94066e-324, 6.9533e-310) -> 8462 (0.0438228, 0.168997)
    885 (16.4091, 6.82919) -> 5787 (15.787, 6.16968)
    886 (13.2149, 23.6911) -> 8505 (12.6755, 23.1951)
    887 (2.24742, -0.256697) -> 8794 (1.72245, 0.474988)
    888 (4.21953, 4.10566) -> 8986 (3.70474, 4.22491)
    889 (9.9127, 18.9051) -> 9108 (9.25156, 18.4142)
    890 (3.11867, -2.18374) -> 9042 (2.86845, -2.2042)
    891 (14.7528, 6.67353) -> 8895 (14.3171, 5.78292)
    892 (23.6891, 2.5163) -> 8865 (23.2429, 2.23758)
    893 (1.1783, 15.0569) -> 0 (1, 15)
    894 (23.8826, 27.1004) -> 8610 (24.1753, 26.4556)
    895 (1.92438, 5.13637) -> 8680 (1.45582, 5.89852)
    896 (24.3409, 21.1505) -> 8402 (24.2934, 21.0107)
    897 (5.59798, 7.56894) -> 8754 (5.05466, 7.47058)
    898 (0.0790599, 4.01084) -> 9539 (0.132033, 4.10037)
    899 (13.0362, 27.5292) -> 8113 (12.5614, 27.1435)
    900 (5.22482, 6.85657) -> 9188 (4.79929, 6.86944)
    901 (10.5936, -4.30299) -> 9412 (10.6638, -3.46792)
    902 (8.92736, 18.7297) -> 6030 (8.18807, 18.3467)
    903 (3.18448, 27.7353) -> 5009 (2.73069, 26.8832)
    904 (12.4577, 26.1718) -> 8771 (11.6544, 25.9212)
    905 (7.31706, -3.33119) -> 9688 (6.6611, -3.01215)
    906 (17.2094, 18.1071) -> 8119 (17.8314, 17.4457)
    907 (0.304139, 24.4864) -> 9182 (0.282523, 23.504)
    908 (23.4725, -4.17905) -> 9726 (23.2265, -4.11043)
    909 (7.15448, 6.07891) -> 8536 (7.03205, 5.99275)
    910 (24.6116, 0.825263) -> 492 (23.6146, 0.747285)
    911 (12.6493, 9.12879) -> 357 (12.6576, 8.37655)
    912 (2.06089, -0.167501) -> 8794 (1.72245, 0.474988)
    913 (0.957387, 8.79243) -> 5022 (0.85607, 9.67573)
    914 (19.2638, 7.59232) -> 9575 (19.0425, 6.8933)
    915 (4.94066e-324, 6.9533e-310) -> 8462 (0.0438228, 0.168997)
    916 (0.684697, 22.9881) -> 8813 (0.64719, 22.3086)
    917 (5.08532, 17.6314) -> 9643 (4.35154, 17.0671)
    918 (15.2695, 28.9243) -> 9919 (15.1888, 28.2959)
    919 (6.91675, -0.228824) -> 8145 (6.77036, -0.244678)
    920 (24.1325, -0.0707783) -> 8889 (24.0227, -0.312279)
    921 (16.558, 24.9416) -> 9675 (16.9685, 24.1876)
    922 (5.98862, 2.73775) -> 9634 (5.65937, 2.39279)
    923 (23.8399, 17.1091) -> 6548 (24.3359, 16.5397)
    924 (0.880036, 11.295) -> 6712 (0.630106, 11.8667)
    925 (6.62694, 16.5109) -> 9949 (6.4415, 16.4743)
    926 (2.82396, 27.2386) -> 7096 (2.69095, 26.4492)
    927 (23.3119, 20.4649) -> 7837 (23.6259, 19.8917)
    928 (16.9244, 4.12747) -> 3992 (16.5959, 3.67809)
    929 (4.20451, 15.6986) -> 7313 (3.39473, 15.3842)
    930 (7.29317, -1.33739) -> 9388 (6.54471, -0.702637)
    931 (6.61428, 13.1304) -> 1561 (6.17539, 12.8864)
    932 (4.94066e-324, 6.9533e-310) -> 8462 (0.0438228, 0.168997)
    933 (1.80119, 2.80403) -> 9920 (1.15083, 3.43035)
    934 (15.139, 20.1646) -> 5024 (15.7829, 19.5206)
    935 (3.84055, 17.7632) -> 6016 (3.36759, 17.4869)
    936 (2.87758, 24.1199) -> 3235 (2.58351, 23.2432)
    937 (22.5641, -2.35407) -> 9990 (22.9026, -2.13215)
    938 (22.712, 15.5859) -> 9690 (22.9095, 15.1694)
    939 (7.36185, 3.13436) -> 9213 (6.39401, 2.94449)
    940 (4.94066e-324, 6.9533e-310) -> 8462 (0.0438228, 0.168997)
    941 (23.0053, -1.2101) -> 9228 (22.0976, -1.31873)
    942 (13.1779, 6.34326) -> 5437 (13.2337, 5.42699)
    943 (10.0461, 16.8219) -> 2588 (9.10865, 17.0072)
    944 (12.4344, -3.85153) -> 2692 (12.0857, -3.54174)
    945 (10.7139, 8.31431) -> 9750 (10.5617, 8.11889)
    946 (8.17328, -2.26175) -> 8668 (7.25129, -1.94264)
    947 (23.0348, -4.36725) -> 6120 (22.0738, -4.35041)
    948 (21.0372, 2.3277) -> 6932 (20.5754, 1.54881)
    949 (6.5609, 10.3452) -> 9446 (6.14073, 10.2858)
    950 (24.5645, 3.46613) -> 9211 (24.3906, 3.18139)
    951 (7.15919, -1.81187) -> 9965 (6.93455, -1.42877)
    952 (3.10121, -1.82503) -> 5284 (2.77924, -1.09492)
    953 (22.3527, 8.41244) -> 9084 (22.8327, 8.24355)
    954 (9.68804, 9.87178) -> 853 (9.13221, 9.04048)
    955 (19.377, 5.25683) -> 6445 (18.9871, 4.92379)
    956 (24.9546, 25.8388) -> 5660 (24.7712, 24.9916)
    957 (9.87148, 28.0716) -> 8667 (9.11744, 27.4568)
    958 (1.85181, 4.23469) -> 9207 (1.91121, 4.31165)
    959 (6.52431, 2.39259) -> 9634 (5.65937, 2.39279)
    960 (18.1787, 22.427) -> 9136 (18.4663, 21.758)
    961 (9.00092, 23.1672) -> 9849 (8.07848, 22.9552)
    962 (5.10682, 15.9898) -> 7419 (4.38224, 15.8525)
    963 (9.63468, 18.0735) -> 6535 (8.73282, 17.7733)
    964 (10.4455, 1.08314) -> 8633 (9.45995, 1.17712)
    965 (8.11937, 15.4061) -> 8021 (7.30896, 15.25)
    966 (20.6446, 15.6744) -> 8772 (20.8736, 15.3622)
    967 (13.4232, 16.4538) -> 4387 (14.057, 16.3997)
    968 (16.8256, 16.8008) -> 8760 (16.7671, 16.3485)
    969 (13.2668, 28.5674) -> 8283 (13.069, 27.9765)
    970 (24.5056, 24.5604) -> 9209 (24.5727, 24.0743)
    971 (16.3251, -2.58011) -> 9518 (15.4287, -2.38883)
    972 (0.712906, 26.2449) -> 4170 (0.718752, 25.2748)
    973 (10.9714, 8.4374) -> 5702 (10.8113, 8.05394)
    974 (18.9185, 4.00139) -> 9786 (18.0057, 4.08851)
    975 (8.922, 29.8834) -> 8446 (8.50293, 29.2934)
    976 (8.42664, 6.14709) -> 1087 (7.66645, 5.64584)
    977 (6.9196, -2.97779) -> 9688 (6.6611, -3.01215)
    978 (6.46094, 4.54778) -> 8871 (6.40977, 4.51971)
    979 (7.10539, -0.851331) -> 9388 (6.54471, -0.702637)
    980 (8.85084, -1.99476) -> 4668 (8.20116, -1.58416)
    981 (14.3366, 17.3212) -> 8199 (14.5889, 17.0264)
    982 (3.26238, 2.31168) -> 9694 (3.16929, 2.43618)
    983 (11.4434, 17.4916) -> 7566 (10.817, 17.5401)
    984 (2.70388, 20.1204) -> 3548 (2.33093, 19.263)
    985 (13.7716, 21.8631) -> 9676 (14.1971, 21.2212)
    986 (9.66957, -3.55298) -> 9205 (9.37845, -3.28939)
    987 (4.58433, 6.73799) -> 8927 (4.16209, 6.85961)
    988 (12.9704, 26.6188) -> 7692 (12.606, 25.7443)
    989 (12.7644, 22.0612) -> 7965 (12.1699, 21.7571)
    990 (5.32229, 23.5065) -> 9367 (5.31983, 23.1655)
    991 (17.0419, 23.1858) -> 7945 (17.2949, 22.7145)
    992 (8.59509, 29.9325) -> 8222 (8.16648, 29.1475)
    993 (4.94066e-324, 6.9533e-310) -> 8462 (0.0438228, 0.168997)
    994 (5.98063, 27.9734) -> 8828 (5.76551, 27.2974)
    995 (2.31247, 2.64113) -> 4173 (2.105, 3.49452)
    996 (9.12533, 22.4667) -> 4698 (8.29688, 22.0095)
    997 (23.7064, 2.90103) -> 5900 (23.1618, 2.34318)
    998 (19.315, 8.94883) -> 7995 (19.1661, 8.18904)
    999 (20.0458, 10.2816) -> 4591 (20.2734, 9.5615)
    1000 (6.79454, 0.303617) -> 8878 (5.81492, 0.395682)
    1001 (22.5926, 12.8126) -> 9399 (22.7422, 12.4206)
    1002 (12.3076, -2.86006) -> 9955 (11.7555, -2.31404)
    1003 (11.4897, 18.4255) -> 6293 (10.8749, 18.4489)
    1004 (23.3829, 20.7352) -> 8225 (23.9428, 19.9125)
    1005 (9.60727, 19.1628) -> 9006 (9.41628, 18.9973)
    1006 (1.50837, -4.0509) -> 9933 (1.44061, -3.23928)
    1007 (19.0218, -4.10644) -> 8822 (18.0883, -4.3189)
    1008 (18.2724, 15.6233) -> 9256 (18.7041, 15.0189)
    1009 (4.20526, 8.30216) -> 6838 (3.33685, 8.4375)
    1010 (3.82738, 2.15918) -> 9594 (3.1744, 2.6701)
    1011 (4.94066e-324, 6.9533e-310) -> 8462 (0.0438228, 0.168997)
    1012 (3.40023, 19.2905) -> 7756 (3.06731, 18.7546)
    1013 (4.05845, 24.7084) -> 8253 (4.19059, 23.9334)
    1014 (3.21934, 12.2239) -> 8615 (3.02978, 12.2322)
    1015 (22.3514, 9.52198) -> 9702 (21.8401, 8.9074)
    1016 (2.36542, 12.3854) -> 9080 (2.10513, 12.4645)
    1017 (17.9101, 15.955) -> 9655 (18.0821, 15.34)
    1018 (8.45218, 28.0569) -> 9317 (8.41472, 28.0248)
    1019 (2.67467, 3.60298) -> 9983 (2.01447, 3.84908)
    1020 (4.05804, 9.21312) -> 8767 (3.5937, 9.18563)
    1021 (20.8712, 15.6193) -> 5215 (21.2772, 14.7942)
    1022 (11.4837, 18.4754) -> 6293 (10.8749, 18.4489)
    1023 (4.10502, 12.9417) -> 9836 (3.22627, 12.8029)
    1024 (11.471, 29.0978) -> 5358 (10.7944, 28.5615)
    1025 (13.453, 3.67619) -> 9738 (13.1571, 3.7671)
    1026 (5.54883, 19.1494) -> 8629 (5.14659, 18.6365)
    1027 (15.2012, 7.01295) -> 7250 (14.9777, 6.25983)
    1028 (11.2491, 23.4691) -> 9806 (10.6273, 22.9376)
    1029 (24.2653, 21.7141) -> 8360 (24.6086, 21.1146)
    1030 (12.6864, 15.5506) -> 1986 (12.7843, 16.1098)
    1031 (6.19145, 21.8235) -> 6501 (5.504, 21.5649)
    1032 (13.3805, 23.4958) -> 9772 (13.608, 23.4198)
    1033 (4.94066e-324, 6.9533e-310) -> 8462 (0.0438228, 0.168997)
    1034 (21.6736, 3.32766) -> 9031 (21.346, 3.0224)
    1035 (10.8248, 5.81858) -> 8559 (10.5129, 5.5464)
    1036 (23.4047, -4.38224) -> 5164 (22.594, -4.46382)
    1037 (0.0627012, 22.8513) -> 6768 (0.152313, 22.7107)
    1038 (6.71476, 18.9209) -> 9393 (6.02364, 18.553)
    1039 (4.94066e-324, 6.9533e-310) -> 8462 (0.0438228, 0.168997)
    1040 (22.3296, 25.0293) -> 5636 (22.4983, 24.5553)
    1041 (24.149, 29.721) -> 8602 (24.1427, 29.701)
    1042 (11.2089, 27.7153) -> 5781 (10.7451, 27.2063)
    1043 (2.28209, 11.9225) -> 2268 (1.5235, 12.1186)
    1044 (1.62107, 13.4195) -> 8737 (1.41747, 13.89)
    1045 (20.9505, 19.8862) -> 9630 (20.8163, 19.7703)
    1046 (9.1256, 24.3741) -> 7591 (8.44096, 24.0006)
    1047 (7.24657, 5.0634) -> 7518 (6.94646, 4.91434)
    1048 (21.7388, 7.88206) -> 9950 (21.7957, 7.14588)
    1049 (12.9482, 23.5813) -> 6669 (12.3061, 23.0754)
    1050 (11.012, -1.99238) -> 9161 (10.2715, -1.34058)
    1051 (13.2653, 8.27482) -> 9580 (13.2348, 7.44921)
    1052 (1.76307, 23.3295) -> 1468 (1.47255, 22.4034)
    1053 (9.15021, 20.3713) -> 5189 (8.57124, 20.2631)
    1054 (9.61742, 29.9598) -> 9171 (9.18562, 29.365)
    1055 (8.55022, 29.4182) -> 8446 (8.50293, 29.2934)
    1056 (16.9371, 12.4653) -> 8498 (17.4996, 12.1832)
    1057 (4.21423, 23.8828) -> 8909 (3.96714, 22.9471)
    1058 (19.4576, 21.494) -> 8272 (20.0826, 20.9073)
    1059 (16.1985, 8.10958) -> 9707 (16.4104, 7.42982)
    1060 (21.6282, 27.3304) -> 9547 (21.5707, 26.7376)
    1061 (19.7403, 18.5503) -> 7915 (20.1978, 18.1286)
    1062 (0.667654, 7.03784) -> 9593 (0.483326, 7.7801)
    1063 (22.2787, 3.60154) -> 7862 (21.7106, 3.24621)
    1064 (2.01414, 14.7234) -> 4539 (1.37175, 14.8774)
    1065 (19.8362, 16.7427) -> 9314 (19.8399, 16.755)
    1066 (13.4505, 19.0974) -> 6186 (14.0038, 19.1145)
    1067 (18.182, 18.9506) -> 6080 (18.4403, 18.4702)
    1068 (2.58664, 29.6843) -> 6668 (2.39205, 28.9571)
    1069 (14.7264, 28.1505) -> 8396 (14.4935, 27.9549)
    1070 (16.9457, 29.2444) -> 8920 (16.9695, 29.0984)
    1071 (1.31495, -4.34855) -> 9511 (1.33923, -3.99781)
    1072 (4.16314, 9.30462) -> 4938 (3.58238, 9.62733)
    1073 (1.87397, 29.9849) -> 9813 (1.50891, 29.0798)
    1074 (14.2315, 15.8114) -> 8805 (14.7077, 15.6649)
    1075 (0.0977478, 22.692) -> 6768 (0.152313, 22.7107)
    1076 (4.38084, 4.54059) -> 7427 (3.83103, 4.59171)
    1077 (17.0938, 19.8552) -> 9854 (17.5784, 19.4783)
    1078 (11.4036, 29.1468) -> 5358 (10.7944, 28.5615)
    1079 (10.7732, 19.3041) -> 24 (10.6089, 19.2911)
    1080 (0.70472, 15.4326) -> 0 (1, 15)
    1081 (17.8178, 17.4283) -> 8870 (17.9092, 17.3396)
    1082 (21.9245, 8.33637) -> 9084 (22.8327, 8.24355)
    1083 (4.2298, 24.6629) -> 8253 (4.19059, 23.9334)
    1084 (12.6075, -4.80215) -> 9721 (11.877, -4.70861)
    1085 (20.2295, 20.0139) -> 7199 (20.4454, 19.2594)
    1086 (13.9573, -0.0402759) -> 9945 (13.6527, -0.610638)
    1087 (7.66645, 5.64584) -> 8673 (7.41163, 4.93186)
    1088 (17.8456, 4.32481) -> 9786 (18.0057, 4.08851)
    1089 (22.9355, 20.2793) -> 9468 (23.1875, 19.9251)
    1090 (22.2791, 19.902) -> 8900 (22.4544, 19.0927)
    1091 (8.56702, 6.34199) -> 6764 (7.7534, 6.15329)
    1092 (7.56808, 20.2113) -> 7547 (7.14805, 20.0326)
    1093 (12.7606, 27.6518) -> 7341 (12.0755, 27.0256)
    1094 (17.8618, 6.72895) -> 5331 (17.5722, 5.78847)
    1095 (14.8725, 22.5919) -> 6788 (15.2989, 21.8346)
    1096 (18.5376, 13.1392) -> 4541 (18.6301, 12.9071)
    1097 (22.886, 26.8554) -> 7605 (23.6234, 26.3555)
    1098 (23.9767, 26.0489) -> 6055 (23.9967, 25.422)
    1099 (21.0526, 5.52219) -> 9617 (20.9253, 5.32649)
    1100 (13.0103, 1.37512) -> 7781 (12.2414, 1.31795)
    1101 (4.21033, 20.6352) -> 7856 (4.11063, 20.0093)
    1102 (18.5253, 22.3298) -> 9298 (18.5504, 21.5196)
    1103 (21.4618, 1.681) -> 7228 (20.6133, 1.36822)
    1104 (1.61357, 29.8846) -> 9813 (1.50891, 29.0798)
    1105 (5.36117, 5.1222) -> 8635 (4.59025, 4.69262)
    1106 (1.00047, 8.33041) -> 5207 (0.924849, 9.11863)
    1107 (8.24032, 26.3626) -> 5526 (8.02877, 26.1604)
    1108 (10.3042, 22.8855) -> 9609 (9.87673, 22.6313)
    1109 (23.8664, 13.1417) -> 9233 (23.9885, 12.4861)
    1110 (6.39293, 12.6438) -> 6364 (5.50251, 12.6036)
    1111 (4.41104, -0.439263) -> 9361 (3.69967, -0.25377)
    1112 (13.9911, 1.12106) -> 8651 (13.5134, 1.01477)
    1113 (12.6737, -1.07521) -> 9023 (12.8074, -1.01563)
    1114 (19.7608, 16.0558) -> 7969 (20.0047, 15.1278)
    1115 (3.18337, 11.0871) -> 8930 (2.62286, 11.7047)
    1116 (17.5773, 27.9417) -> 9787 (18.0453, 27.1867)
    1117 (14.4005, 21.1594) -> 9633 (14.6013, 20.9071)
    1118 (20.9716, 24.7917) -> 6250 (21.233, 24.3465)
    1119 (1.5003, 13.0303) -> 8737 (1.41747, 13.89)
    1120 (4.50689, 19.2292) -> 3066 (4.16837, 18.8959)
    1121 (1.32684, 19.3881) -> 7513 (1.1724, 18.993)
    1122 (0.204987, 22.5236) -> 8813 (0.64719, 22.3086)
    1123 (19.5137, 6.50419) -> 9782 (19.531, 5.64225)
    1124 (13.4074, 29.4151) -> 7225 (12.7149, 28.8153)
    1125 (19.0705, 19.359) -> 8985 (19.0969, 18.6425)
    1126 (10.6913, -0.182746) -> 8461 (10.6556, 0.0303139)
    1127 (8.32567, 18.5655) -> 8896 (7.49378, 18.1043)
    1128 (15.014, 15.0938) -> 7650 (15.8311, 14.9388)
    1129 (9.28772, 24.6527) -> 5433 (9.21017, 24.3116)
    1130 (0.755843, 0.205509) -> 9623 (0.664097, 0.892402)
    1131 (3.81434, 25.3547) -> 4906 (3.37532, 24.8288)
    1132 (14.3577, 24.1092) -> 6989 (14.5578, 24.0027)
    1133 (16.6353, 3.33363) -> 9682 (16.1384, 3.02238)
    1134 (14.9549, 27.1441) -> 4783 (15.4067, 26.7592)
    1135 (12.7801, 16.9305) -> 4923 (13.5437, 17.1839)
    1136 (23.2235, 22.2198) -> 7374 (23.2761, 21.5263)
    1137 (24.0964, 22.323) -> 8289 (24.6176, 21.5994)
    1138 (9.40777, 24.2859) -> 5433 (9.21017, 24.3116)
    1139 (18.507, 28.0128) -> 8438 (18.4214, 27.7327)
    1140 (10.835, 20.8902) -> 8993 (10.2525, 20.5396)
    1141 (20.4626, 6.17963) -> 9617 (20.9253, 5.32649)
    1142 (22.653, 24.2815) -> 9861 (23.0682, 23.3993)
    1143 (21.7026, -3.95083) -> 9376 (21.6849, -3.95603)
    1144 (1.66856, 6.46757) -> 7730 (1.54988, 6.98014)
    1145 (23.8594, -4.2402) -> 9726 (23.2265, -4.11043)
    1146 (23.6793, -4.72086) -> 7077 (23.0077, -4.77382)
    1147 (4.9998, 3.21074) -> 9490 (4.76057, 3.01891)
    1148 (5.5256, 21.0541) -> 9062 (4.70023, 20.761)
    1149 (6.84003, 13.5154) -> 5955 (6.09192, 12.9401)
    1150 (3.41251, 19.3597) -> 7756 (3.06731, 18.7546)
    1151 (23.2007, 14.9268) -> 9544 (23.2561, 14.9038)
    1152 (5.89396, 10.0297) -> 4473 (5.46548, 9.87253)
    1153 (17.7268, -3.10441) -> 9943 (18.0602, -3.77262)
    1154 (24.1366, 28.9608) -> 9060 (24.1419, 28.3238)
    1155 (19.4307, 6.70065) -> 7787 (19.2262, 5.97686)
    1156 (6.80212, 3.86818) -> 9274 (6.00683, 3.62891)
    1157 (21.3507, 17.1308) -> 8996 (21.7805, 16.5772)
    1158 (13.63, 9.69402) -> 7631 (13.8299, 9.506)
    1159 (21.4178, 4.56225) -> 9604 (21.1055, 3.78025)
    1160 (22.9718, 7.40806) -> 6903 (22.469, 6.58667)
    1161 (14.4584, -0.521202) -> 9945 (13.6527, -0.610638)
    1162 (23.1535, -4.25664) -> 7988 (22.1803, -4.44678)
    1163 (4.44033, 4.69831) -> 7050 (3.4994, 4.81031)
    1164 (24.2448, 8.93459) -> 9153 (23.9074, 8.72002)
    1165 (15.2199, 25.5) -> 9282 (15.5965, 25.4441)
    1166 (6.52876, 19.2723) -> 1302 (5.78696, 18.7954)
    1167 (17.7078, -1.00525) -> 9737 (17.1746, -1.00784)
    1168 (1.92594, -2.73323) -> 7865 (1.85799, -2.52446)
    1169 (3.14291, 14.8304) -> 7727 (2.35442, 14.7227)
    1170 (1.4744, 14.0899) -> 5882 (1.39894, 14.4109)
    1171 (17.405, -4.77793) -> 8286 (16.9792, -4.66277)
    1172 (21.6253, 27.3811) -> 9547 (21.5707, 26.7376)
    1173 (1.00307, 3.14336) -> 9920 (1.15083, 3.43035)
    1174 (21.6334, 13.2995) -> 9109 (21.6486, 12.961)
    1175 (3.9247, 14.9606) -> 6653 (3.41452, 15.0048)
    1176 (21.2292, 26.8441) -> 9742 (21.4525, 26.025)
    1177 (11.2174, 4.11176) -> 9873 (10.4747, 3.49137)
    1178 (4.53925, 7.87506) -> 9226 (3.65008, 8.08757)
    1179 (23.0529, 12.8229) -> 9233 (23.9885, 12.4861)
    1180 (9.92843, -3.4685) -> 7563 (9.16202, -3.0841)
    1181 (18.3472, 0.596657) -> 5032 (17.8782, -0.0235049)
    1182 (0.672728, -4.60078) -> 9463 (0.431694, -3.7272)
    1183 (0.0422718, 23.5214) -> 7558 (0.320435, 22.6632)
    1184 (0.118598, 5.00775) -> 8928 (0.0310427, 5.62036)
    1185 (4.94066e-324, 6.9533e-310) -> 8462 (0.0438228, 0.168997)
    1186 (12.9251, 3.17399) -> 7925 (12.2131, 2.83098)
    1187 (24.5892, 9.63101) -> 8862 (24.2782, 9.21821)
    1188 (12.293, 27.4386) -> 7341 (12.0755, 27.0256)
    1189 (20.6797, 3.76001) -> 9963 (20.4956, 4.0439)
    1190 (21.5976, 2.2391) -> 6633 (21.1058, 1.88093)
    1191 (0.0554248, 16.7667) -> 2252 (0.314138, 16.3839)
    1192 (21.2575, 9.99036) -> 9842 (21.2568, 9.19858)
    1193 (22.0991, 1.35725) -> 8847 (21.9473, 1.24466)
    1194 (9.38657, -2.08572) -> 6220 (8.78496, -1.83037)
    1195 (10.7964, 4.08494) -> 9873 (10.4747, 3.49137)
    1196 (24.7341, -1.94167) -> 9373 (23.8474, -1.8064)
    1197 (2.86629, 21.6078) -> 9301 (2.63217, 21.0674)
    1198 (22.4205, 21.5399) -> 9701 (22.5168, 21.4556)
    1199 (4.94066e-324, 6.9533e-310) -> 8462 (0.0438228, 0.168997)
    1200 (14.5153, -4.35947) -> 9041 (14.243, -4.49281)
    1201 (14.4388, 8.07921) -> 5868 (14.5776, 7.47612)
    1202 (19.3197, 29.8612) -> 5966 (19.6177, 29.1193)
    1203 (9.88164, 5.17683) -> 9887 (9.82314, 5.08274)
    1204 (15.2995, -4.33945) -> 9329 (14.4023, -3.90297)
    1205 (12.0014, 19.1229) -> 838 (11.5054, 18.9622)
    1206 (3.66365, 21.1418) -> 2427 (3.57117, 20.4106)
    1207 (6.95039, 8.92519) -> 7844 (6.92184, 8.91506)
    1208 (20.8099, 9.85961) -> 9842 (21.2568, 9.19858)
    1209 (7.73926, 4.31588) -> 9216 (7.08004, 4.46709)
    1210 (19.097, 6.94966) -> 9575 (19.0425, 6.8933)
    1211 (21.2572, 21.0122) -> 7384 (21.3026, 20.4466)
    1212 (24.5723, 20.0353) -> 9967 (24.5936, 19.0836)
    1213 (16.7344, 11.3192) -> 8202 (17.6257, 11.1044)
    1214 (9.29596, 21.7599) -> 9764 (8.60879, 21.4871)
    1215 (16.1418, 28.9954) -> 8815 (16.2067, 28.1321)
    1216 (17.5239, -3.37165) -> 9811 (16.5537, -3.60337)
    1217 (16.7401, 27.1857) -> 7432 (16.4319, 26.7419)
    1218 (16.2984, -0.24757) -> 9644 (15.6882, -0.0413643)
    1219 (9.47034, -4.35175) -> 9586 (9.29755, -3.44694)
    1220 (0.00403255, 25.0606) -> 7487 (0.172107, 24.2887)
    1221 (4.82482, 6.60974) -> 8927 (4.16209, 6.85961)
    1222 (0.941933, 2.13074) -> 7758 (0.860683, 2.96876)
    1223 (20.3371, -3.03461) -> 9740 (19.4489, -3.28739)
    1224 (20.7596, 15.1484) -> 6888 (20.8509, 14.3885)
    1225 (18.9265, -1.61525) -> 9975 (18.3248, -2.13121)
    1226 (4.3009, 23.048) -> 8121 (3.72346, 22.344)
    1227 (24.251, 28.9707) -> 9060 (24.1419, 28.3238)
    1228 (17.1276, -3.38093) -> 9811 (16.5537, -3.60337)
    1229 (24.7688, 9.28974) -> 8013 (24.3645, 8.68418)
    1230 (8.66427, -2.93155) -> 7557 (8.14387, -2.59039)
    1231 (15.0536, 1.1829) -> 8444 (15.2355, 1.13513)
    1232 (4.39214, 11.7722) -> 2098 (3.5097, 11.7663)
    1233 (12.8665, 21.0588) -> 8413 (12.8616, 20.744)
    1234 (0.334229, 11.2975) -> 9657 (0.403533, 12.1741)
    1235 (5.53153, 22.8781) -> 3454 (5.45213, 22.3806)
    1236 (3.22979, -4.33991) -> 5238 (2.73843, -3.56882)
    1237 (5.83346, 23.9832) -> 9367 (5.31983, 23.1655)
    1238 (2.9189, 13.9381) -> 8017 (2.09132, 14.4088)
    1239 (4.94066e-324, 6.9533e-310) -> 8462 (0.0438228, 0.168997)
    1240 (22.7807, 7.51138) -> 6903 (22.469, 6.58667)
    1241 (11.933, -4.58644) -> 6798 (11.5083, -4.46642)
    1242 (16.876, 22.923) -> 8791 (17.3312, 22.1676)
    1243 (0.615934, 29.9533) -> 9843 (0.566616, 29.1371)
    1244 (1.44598, -0.677348) -> 6341 (1.11783, 0.192982)
    1245 (8.16964, 0.131312) -> 9428 (7.64817, -0.108808)
    1246 (0.324202, -0.914725) -> 9570 (4.94066e-324, 6.9533e-310)
    1247 (4.04314, 12.18) -> 8888 (3.43837, 12.2881)
    1248 (23.1521, 23.9183) -> 9861 (23.0682, 23.3993)
    1249 (23.3516, -4.34669) -> 5164 (22.594, -4.46382)
    1250 (4.94066e-324, 6.9533e-310) -> 8462 (0.0438228, 0.168997)
    1251 (24.2501, 4.54597) -> 9269 (24.0513, 4.14392)
    1252 (6.43915, 14.6926) -> 2446 (5.88251, 14.4996)
    1253 (15.9498, 6.1994) -> 6654 (15.6971, 5.3875)
    1254 (0.686956, 4.30779) -> 9771 (0.60834, 4.90911)
    1255 (4.94066e-324, 6.9533e-310) -> 8462 (0.0438228, 0.168997)
    1256 (9.70828, 9.53005) -> 4957 (9.374, 8.79796)
    1257 (24.6835, 25.3568) -> 4656 (24.721, 24.6252)
    1258 (12.35, 7.71304) -> 7954 (12.3312, 7.56255)
    1259 (10.4092, 29.6431) -> 8558 (10.1435, 28.6884)
    1260 (2.19128, 18.6601) -> 6185 (2.06642, 18.0399)
    1261 (6.82768, 14.2107) -> 5455 (6.26671, 13.7935)
    1262 (17.6736, 2.28451) -> 9564 (17.31, 2.1594)
    1263 (18.7623, 20.8791) -> 6714 (19.2626, 20.3914)
    1264 (18.2336, -0.0678426) -> 6527 (17.5247, -0.319779)
    1265 (13.0729, 23.1477) -> 9603 (12.3203, 22.728)
    1266 (15.9689, 17.3218) -> 9370 (16.0452, 16.7524)
    1267 (13.8258, -0.690873) -> 9945 (13.6527, -0.610638)
    1268 (18.1615, 16.3063) -> 9655 (18.0821, 15.34)
    1269 (3.75266, 19.0593) -> 1480 (3.1029, 18.4605)
    1270 (19.2221, 21.6013) -> 8657 (19.4013, 21.4119)
    1271 (0.77453, 25.5396) -> 5359 (0.92436, 24.9923)
    1272 (0.189276, 17.2594) -> 7026 (0.214483, 17.0631)
    1273 (6.39496, 21.3301) -> 5717 (5.85093, 20.7199)
    1274 (17.8589, -1.99586) -> 8604 (16.9168, -1.95663)
    1275 (24.4905, 16.3497) -> 5183 (24.6931, 15.4516)
    1276 (9.38204, 5.8494) -> 4468 (8.88783, 5.61496)
    1277 (4.25482, 7.54906) -> 5338 (3.68025, 7.96469)
    1278 (23.763, 15.6181) -> 8700 (23.8898, 14.9988)
    1279 (14.494, 6.28674) -> 9397 (14.2149, 6.02274)
    1280 (20.4247, 19.96) -> 8269 (20.499, 19.9309)
    1281 (0.545439, 1.79116) -> 9551 (0.562415, 2.27446)
    1282 (3.65736, 20.399) -> 4131 (3.38612, 19.9293)
    1283 (13.8891, 1.78948) -> 7354 (13.2643, 1.20452)
    1284 (4.94066e-324, 6.9533e-310) -> 8462 (0.0438228, 0.168997)
    1285 (6.11169, 21.4051) -> 7484 (5.51939, 20.6944)
    1286 (20.115, 27.3556) -> 8455 (20.4361, 27.0784)
    1287 (8.53238, -2.64506) -> 7293 (8.49997, -2.5315)
    1288 (16.4932, 23.9003) -> 9991 (16.0558, 23.048)
    1289 (17.9263, 26.1187) -> 7545 (18.4234, 25.5935)
    1290 (4.94066e-324, 6.9533e-310) -> 8462 (0.0438228, 0.168997)
    1291 (19.9666, 26.2598) -> 7875 (20.2213, 25.7384)
    1292 (12.584, 28.8465) -> 6110 (11.8461, 28.2032)
    1293 (19.8213, 18.7602) -> 9857 (19.738, 18.7196)
    1294 (17.9024, 12.5031) -> 9748 (18.4359, 12.5627)
    1295 (15.97, 27.8483) -> 6948 (15.974, 27.7886)
    1296 (12.2808, -3.68927) -> 4916 (11.4855, -3.24355)
    1297 (19.0916, 7.28215) -> 9575 (19.0425, 6.8933)
    1298 (22.4005, 29.2931) -> 7009 (22.5723, 28.8653)
    1299 (4.75797, 29.1673) -> 4748 (4.83416, 28.4016)
    1300 (10.2861, 27.1032) -> 6137 (9.73297, 26.5356)
    1301 (15.6443, 24.8728) -> 9382 (15.5353, 24.1186)
    1302 (5.78696, 18.7954) -> 8629 (5.14659, 18.6365)
    1303 (21.4731, 3.8976) -> 9604 (21.1055, 3.78025)
    1304 (20.1977, 8.38538) -> 7425 (20.1499, 8.19089)
    1305 (16.5145, -0.729065) -> 9286 (16.0881, -0.973879)
    1306 (17.9225, 13.0168) -> 9748 (18.4359, 12.5627)
    1307 (16.0387, -3.62794) -> 5407 (15.3725, -3.83212)
    1308 (10.4274, 8.43275) -> 8073 (9.96722, 7.8062)
    1309 (13.9622, 22.7761) -> 6610 (14.383, 22.2962)
    1310 (5.85549, 22.3343) -> 5943 (5.37098, 21.6085)
    1311 (6.95169, 17.6041) -> 3754 (6.10876, 17.7906)
    1312 (0.23615, -1.49246) -> 9498 (0.463895, -0.62397)
    1313 (13.5241, 6.07188) -> 7804 (13.3236, 5.30606)
    1314 (4.94066e-324, 6.9533e-310) -> 8462 (0.0438228, 0.168997)
    1315 (22.8249, 6.71103) -> 9911 (22.3155, 6.58706)
    1316 (4.39992, 16.1167) -> 8092 (3.7371, 15.9486)
    1317 (12.8086, 16.0088) -> 7663 (13.2738, 16.514)
    1318 (4.44787, 4.83622) -> 9394 (3.77688, 5.01879)
    1319 (6.74551, 12.3311) -> 8015 (5.96809, 12.2209)
    1320 (13.1519, -1.33707) -> 9266 (13.2428, -1.79468)
    1321 (2.58225, 3.23288) -> 9983 (2.01447, 3.84908)
    1322 (7.1966, 4.31391) -> 9855 (6.50225, 4.21312)
    1323 (3.08635, 17.0781) -> 7141 (2.54336, 16.5256)
    1324 (14.1935, 23.7824) -> 8708 (14.4413, 22.8716)
    1325 (12.2714, 29.6575) -> 8509 (12.1734, 29.4578)
    1326 (17.9971, 23.5222) -> 8890 (18.3826, 22.8747)
    1327 (12.5504, 1.81935) -> 9483 (12.5442, 1.87507)
    1328 (4.10116, 10.6816) -> 9051 (3.23927, 11.131)
    1329 (16.0017, -4.16624) -> 9478 (15.6382, -4.57145)
    1330 (11.4292, -0.267947) -> 9908 (10.613, 0.28303)
    1331 (7.77181, -0.924654) -> 5029 (6.82441, -0.708976)
    1332 (8.01779, 25.5957) -> 8470 (7.3675, 25.0123)
    1333 (4.58008, 15.2949) -> 4349 (3.78902, 14.8313)
    1334 (0.97967, -2.33957) -> 8083 (0.886468, -1.53581)
    1335 (1.7115, 22.1326) -> 9874 (1.54962, 21.3133)
    1336 (1.86538, 23.281) -> 1468 (1.47255, 22.4034)
    1337 (5.39661, 24.8652) -> 9567 (5.25006, 24.4762)
    1338 (24.3891, 11.5365) -> 9889 (24.3976, 10.7172)
    1339 (8.62194, -0.0927387) -> 9428 (7.64817, -0.108808)
    1340 (16.5413, -2.59341) -> 8570 (16.1124, -2.40073)
    1341 (12.3636, 16.9411) -> 5252 (12.8313, 17.4215)
    1342 (24.3348, 11.2893) -> 9889 (24.3976, 10.7172)
    1343 (17.687, -4.79345) -> 9126 (17.4813, -4.89101)
    1344 (5.19431, 14.526) -> 7801 (4.91215, 14.2833)
    1345 (0.414323, 2.44051) -> 6008 (0.442423, 2.95018)
    1346 (0.134478, 3.42885) -> 9539 (0.132033, 4.10037)
    1347 (18.4998, 12.2952) -> 9748 (18.4359, 12.5627)
    1348 (4.29936, 22.47) -> 3823 (3.99007, 21.9743)
    1349 (20.967, 2.56262) -> 5746 (20.3251, 2.05987)
    1350 (12.8467, 22.5255) -> 7810 (12.3047, 22.0949)
    1351 (8.20095, 16.0684) -> 9176 (7.82114, 15.8995)
    1352 (3.83025, 14.0874) -> 6129 (3.2249, 14.3715)
    1353 (5.35121, 15.5155) -> 8696 (4.86129, 15.4634)
    1354 (9.96215, 21.5408) -> 7577 (9.25683, 21.235)
    1355 (8.73343, 6.88899) -> 3987 (8.045, 6.55077)
    1356 (22.462, -1.86289) -> 9228 (22.0976, -1.31873)
    1357 (4.94066e-324, 6.9533e-310) -> 8462 (0.0438228, 0.168997)
    1358 (8.83361, 26.6515) -> 9689 (8.22777, 26.3391)
    1359 (12.8468, 0.555164) -> 9768 (12.5441, 0.224692)
    1360 (3.25653, 17.5374) -> 5562 (2.5756, 16.9914)
    1361 (6.67672, 7.47982) -> 9895 (6.4891, 7.38893)
    1362 (14.3079, 27.776) -> 9200 (13.6993, 27.2903)
    1363 (5.43876, 17.5916) -> 8994 (4.64095, 17.1303)
    1364 (19.3312, 27.3296) -> 7920 (19.7876, 26.5123)
    1365 (14.4191, 2.89875) -> 9470 (13.9559, 2.8589)
    1366 (21.8579, 22.3667) -> 6007 (22.3109, 21.5163)
    1367 (14.0933, 2.67819) -> 9470 (13.9559, 2.8589)
    1368 (4.09749, 6.53126) -> 8432 (3.63525, 7.10834)
    1369 (21.4734, 23.8316) -> 6181 (21.8435, 23.0305)
    1370 (4.84061, 28.0394) -> 8342 (4.46726, 27.6192)
    1371 (8.46593, 22.245) -> 8040 (7.92765, 22.0695)
    1372 (11.9044, 29.6341) -> 9658 (11.5884, 29.4568)
    1373 (1.35093, 24.5328) -> 2168 (1.25293, 24.0954)
    1374 (10.5512, 29.9721) -> 9500 (10.4237, 29.3809)
    1375 (9.54716, 20.5865) -> 7907 (9.27235, 20.4796)
    1376 (20.7453, -4.05589) -> 6263 (19.8438, -4.38985)
    1377 (14.8165, 24.6772) -> 9382 (15.5353, 24.1186)
    1378 (0.127333, 25.9377) -> 4980 (0.212013, 25.4748)
    1379 (21.9856, 5.11099) -> 9802 (21.7479, 4.55596)
    1380 (9.18145, 16.0375) -> 9923 (9.07197, 16.0692)
    1381 (8.83239, 18.6565) -> 6030 (8.18807, 18.3467)
    1382 (3.58669, 28.5372) -> 8120 (3.51562, 27.6377)
    1383 (18.3168, 18.5835) -> 6771 (18.5164, 17.6522)
    1384 (16.9632, 14.8245) -> 6169 (17.38, 14.0528)
    1385 (18.244, 14.959) -> 2256 (18.6274, 14.3653)
    1386 (3.57762, 14.5339) -> 2531 (2.59634, 14.6779)
    1387 (21.6933, -1.23155) -> 9535 (20.9567, -1.51656)
    1388 (3.0909, 28.6006) -> 4385 (3.02506, 27.8387)
    1389 (1.75895, 26.5684) -> 9265 (1.65588, 25.6428)
    1390 (19.9257, 18.0071) -> 3863 (20.213, 17.7807)
    1391 (0.416858, 28.5805) -> 7699 (0.247103, 27.7282)
    1392 (21.3945, 5.18966) -> 6638 (21.1552, 4.75272)
    1393 (1.8059, 14.7197) -> 0 (1, 15)
    1394 (11.1107, 8.19337) -> 5981 (10.8754, 7.40856)
    1395 (23.9317, 10.2289) -> 7053 (23.7336, 9.89447)
    1396 (7.54582, 0.876158) -> 8600 (7.53903, 0.790489)
    1397 (18.8186, 7.18366) -> 9575 (19.0425, 6.8933)
    1398 (19.6919, 21.1059) -> 8421 (20.0288, 20.3278)
    1399 (2.42875, 6.56191) -> 8294 (2.00925, 7.35239)
    1400 (21.4156, 20.7681) -> 8593 (21.3701, 19.9716)
    1401 (17.6529, 15.5807) -> 9758 (17.8286, 15.1653)
    1402 (24.5033, 2.95521) -> 7109 (24.0131, 2.7084)
    1403 (19.2855, 19.2316) -> 9857 (19.738, 18.7196)
    1404 (2.28725, 12.967) -> 7653 (1.51105, 12.8487)
    1405 (6.86673, 22.0922) -> 9194 (6.08416, 21.5166)
    1406 (14.8151, 1.36702) -> 9846 (14.0533, 1.4319)
    1407 (14.7561, 12.0507) -> 4641 (15.1445, 11.8958)
    1408 (0.258274, -0.846734) -> 9570 (4.94066e-324, 6.9533e-310)
    1409 (11.701, 21.0062) -> 5243 (10.9279, 20.6379)
    1410 (6.98184, 9.80164) -> 3056 (6.30315, 9.55142)
    1411 (3.85068, 25.4351) -> 4906 (3.37532, 24.8288)
    1412 (11.0926, 20.7506) -> 2520 (10.4628, 20.3527)
    1413 (16.1176, 12.8367) -> 5113 (17.0058, 12.8861)
    1414 (16.293, -0.251586) -> 9644 (15.6882, -0.0413643)
    1415 (4.79635, 13.0572) -> 8694 (4.40878, 12.798)
    1416 (14.8758, 6.12867) -> 9297 (14.3854, 5.48128)
    1417 (4.94066e-324, 6.9533e-310) -> 8462 (0.0438228, 0.168997)
    1418 (18.9155, 15.2547) -> 8050 (19.002, 14.9491)
    1419 (7.26669, 2.35979) -> 8881 (6.81604, 1.93519)
    1420 (17.0251, 23.8194) -> 9687 (17.2146, 23.6365)
    1421 (3.13267, 16.4366) -> 9206 (2.38935, 16.1905)
    1422 (4.7392, 18.5173) -> 8423 (4.16789, 17.9927)
    1423 (20.2254, 5.07925) -> 9545 (19.936, 5.18066)
    1424 (18.1326, 14.8144) -> 9300 (18.3029, 14.0781)
    1425 (21.9829, 5.81554) -> 5719 (21.5396, 5.04526)
    1426 (8.93888, 1.69522) -> 9144 (8.12937, 1.54858)
    1427 (10.1646, -2.1354) -> 9893 (10.2057, -1.20739)
    1428 (19.209, 5.67721) -> 8354 (18.9094, 4.86328)
    1429 (9.4939, 20.7771) -> 4484 (9.46227, 20.7056)
    1430 (18.6233, 21.8694) -> 9298 (18.5504, 21.5196)
    1431 (16.8001, 20.8528) -> 8922 (17.3599, 20.1885)
    1432 (22.3515, 19.5008) -> 8900 (22.4544, 19.0927)
    1433 (5.79461, -0.0719158) -> 8686 (5.47171, 0.167794)
    1434 (18.6418, 2.12763) -> 7994 (18.334, 1.464)
    1435 (3.33535, 23.8137) -> 7272 (3.00781, 23.0567)
    1436 (18.9972, 9.53743) -> 9961 (19.7118, 9.24112)
    1437 (17.3389, 14.6695) -> 7725 (18.0116, 14.1302)
    1438 (2.28133, 15.9039) -> 9283 (1.89279, 15.6427)
    1439 (12.7154, -0.530355) -> 8756 (11.9766, -0.637326)
    1440 (6.88223, 27.0933) -> 7038 (6.50616, 26.8366)
    1441 (24.2662, 25.7795) -> 5841 (24.2774, 24.8655)
    1442 (11.8226, 4.26758) -> 8292 (11.5436, 3.87508)
    1443 (12.1236, 27.8057) -> 5099 (11.2948, 27.3473)
    1444 (10.4662, 8.54651) -> 8073 (9.96722, 7.8062)
    1445 (15.7004, 12.6869) -> 6804 (16.593, 12.3183)
    1446 (0.3719, 25.235) -> 7487 (0.172107, 24.2887)
    1447 (0.0636559, 8.86007) -> 6193 (0.257765, 9.8336)
    1448 (16.2924, 16.0059) -> 6473 (16.5938, 15.4896)
    1449 (9.63661, -1.14155) -> 9901 (9.29662, -0.685191)
    1450 (4.41304, -0.613469) -> 9361 (3.69967, -0.25377)
    1451 (4.12721, 11.2154) -> 9810 (3.14041, 11.3263)
    1452 (9.01299, 29.5061) -> 8859 (8.78304, 29.156)
    1453 (12.6227, 4.28625) -> 8969 (12.5012, 3.68019)
    1454 (18.7823, 27.1563) -> 9636 (18.6972, 26.3523)
    1455 (20.905, 24.1796) -> 6849 (21.2976, 23.6015)
    1456 (2.64852, -1.55388) -> 9788 (1.7625, -1.14502)
    1457 (24.5464, 14.9965) -> 9729 (24.6982, 14.2109)
    1458 (5.51617, 12.3221) -> 4505 (4.92925, 12.2371)
    1459 (15.7224, 0.034858) -> 9612 (15.1687, -0.234117)
    1460 (16.1041, 17.7809) -> 7431 (16.5048, 17.2946)
    1461 (2.8726, 27.9849) -> 7729 (3.01405, 27.7046)
    1462 (19.4149, 10.2195) -> 9531 (18.9848, 9.78105)
    1463 (7.28021, 7.13735) -> 7087 (6.66078, 7.17696)
    1464 (17.7201, 23.3466) -> 6434 (18.1776, 22.9107)
    1465 (17.9607, 20.491) -> 7248 (18.1923, 19.8154)
    1466 (9.24148, 20.593) -> 5189 (8.57124, 20.2631)
    1467 (24.8136, 2.19708) -> 9019 (24.3646, 2.03584)
    1468 (1.47255, 22.4034) -> 5053 (1.48014, 22.346)
    1469 (8.23224, 18.9017) -> 5657 (7.79026, 18.7163)
    1470 (14.6743, 20.1311) -> 8617 (15.2023, 19.4429)
    1471 (6.9326, 16.3006) -> 8341 (6.1287, 16.3547)
    1472 (22.6449, 23.6117) -> 6586 (22.4248, 22.803)
    1473 (1.92147, 9.36597) -> 4735 (1.7, 9.92886)
    1474 (15.5522, -3.0927) -> 6439 (14.8486, -2.99235)
    1475 (16.3816, 16.2819) -> 8285 (16.4468, 16.2215)
    1476 (18.9533, 19.1566) -> 8985 (19.0969, 18.6425)
    1477 (16.9737, 7.20972) -> 7065 (16.7935, 6.2842)
    1478 (23.0243, 19.1464) -> 7355 (23.0837, 18.8155)
    1479 (17.2679, 27.2901) -> 6214 (17.9478, 26.6064)
    1480 (3.1029, 18.4605) -> 5076 (2.81067, 18.1494)
    1481 (14.3185, 27.9193) -> 9172 (13.6631, 27.7893)
    1482 (22.3632, 25.906) -> 8070 (22.6893, 25.3966)
    1483 (8.81202, 29.9346) -> 8446 (8.50293, 29.2934)
    1484 (16.9452, 1.95551) -> 9962 (16.3287, 1.58887)
    1485 (24.6849, 28.9052) -> 6377 (24.8868, 28.2639)
    1486 (23.9505, 12.2862) -> 9747 (23.8093, 11.4192)
    1487 (12.8387, 26.9975) -> 5103 (12.6113, 26.7498)
    1488 (9.68046, 19.2314) -> 6735 (9.64663, 19.189)
    1489 (21.8175, 14.4396) -> 4845 (22.0312, 13.6596)
    1490 (5.65104, -4.05344) -> 9711 (5.18476, -3.92025)
    1491 (23.3095, 16.1984) -> 6784 (23.5551, 15.8598)
    1492 (24.9706, 25.3543) -> 4656 (24.721, 24.6252)
    1493 (15.3957, 2.22201) -> 7983 (15.2776, 2.26551)
    1494 (8.66258, 26.6702) -> 9689 (8.22777, 26.3391)
    1495 (24.1033, 11.0404) -> 9841 (24.2447, 10.3084)
    1496 (9.10166, 28.0788) -> 8667 (9.11744, 27.4568)
    1497 (20.8401, 29.264) -> 9921 (21.4942, 28.5727)
    1498 (6.27137, 9.49251) -> 5871 (5.42825, 9.1805)
    1499 (4.94066e-324, 6.9533e-310) -> 8462 (0.0438228, 0.168997)
    1500 (17.1696, 21.2604) -> 6432 (17.6264, 20.6324)
    1501 (6.30461, 6.27528) -> 8111 (6.04099, 6.27688)
    1502 (10.3521, 18.7677) -> 4288 (9.57722, 18.279)
    1503 (21.0341, 16.2777) -> 9724 (20.9948, 15.6887)
    1504 (19.8116, 12.2505) -> 4771 (19.9895, 12.156)
    1505 (17.0989, 21.1857) -> 8697 (17.5491, 21.1194)
    1506 (19.8272, 4.27012) -> 9443 (20.1435, 3.99057)
    1507 (17.4781, 15.9068) -> 9758 (17.8286, 15.1653)
    1508 (10.1869, -2.09399) -> 9893 (10.2057, -1.20739)
    1509 (20.6405, 9.8491) -> 9842 (21.2568, 9.19858)
    1510 (19.6735, 5.8613) -> 9782 (19.531, 5.64225)
    1511 (14.8356, 25.9261) -> 9282 (15.5965, 25.4441)
    1512 (10.0768, 7.29856) -> 7424 (9.90911, 7.15697)
    1513 (0.36343, 9.86978) -> 9592 (0.399056, 10.5408)
    1514 (7.83349, 22.4468) -> 5194 (7.69438, 22.0885)
    1515 (12.8575, 20.4188) -> 7295 (13.5085, 19.8331)
    1516 (23.9833, 15.7961) -> 3841 (24.1669, 14.8774)
    1517 (22.8845, 23.9448) -> 9861 (23.0682, 23.3993)
    1518 (24.7086, 2.94943) -> 6412 (24.4283, 2.78347)
    1519 (14.6215, -1.42616) -> 5231 (13.6681, -1.47516)
    1520 (20.9589, -4.02707) -> 8019 (20.3419, -3.99445)
    1521 (1.50974, 4.85681) -> 9971 (1.28458, 5.1189)
    1522 (6.55043, 4.08979) -> 9855 (6.50225, 4.21312)
    1523 (14.6187, 15.6793) -> 8805 (14.7077, 15.6649)
    1524 (4.44077, 27.1482) -> 6104 (3.97013, 26.4157)
    1525 (9.21777, 26.3736) -> 8972 (8.44028, 25.7982)
    1526 (17.4608, 24.9999) -> 9675 (16.9685, 24.1876)
    1527 (23.6832, 11.3458) -> 9747 (23.8093, 11.4192)
    1528 (0.278842, 3.57835) -> 9539 (0.132033, 4.10037)
    1529 (4.94066e-324, 6.9533e-310) -> 8462 (0.0438228, 0.168997)
    1530 (4.6569, 12.8794) -> 8694 (4.40878, 12.798)
    1531 (19.3054, 10.9945) -> 8399 (19.9166, 10.5366)
    1532 (12.022, 2.33467) -> 4817 (11.2591, 2.12285)
    1533 (12.7047, 19.0429) -> 6945 (13.404, 18.4882)
    1534 (22.5427, 8.88998) -> 9084 (22.8327, 8.24355)
    1535 (17.1159, 24.4977) -> 9687 (17.2146, 23.6365)
    1536 (14.0035, 29.1569) -> 9848 (13.5228, 28.4507)
    1537 (4.94066e-324, 6.9533e-310) -> 8462 (0.0438228, 0.168997)
    1538 (7.21163, 3.77189) -> 8078 (6.98869, 3.68161)
    1539 (22.95, 18.8335) -> 6151 (23.2124, 17.8981)
    1540 (17.9406, 1.59023) -> 9956 (17.41, 1.49152)
    1541 (24.5312, -0.805175) -> 7460 (23.8147, -0.968116)
    1542 (20.4744, 8.44344) -> 9184 (20.8877, 7.53639)
    1543 (15.5463, 2.74346) -> 9699 (15.0493, 2.53889)
    1544 (21.4388, -0.843899) -> 9195 (21.1749, -0.952623)
    1545 (9.25416, -2.04112) -> 6220 (8.78496, -1.83037)
    1546 (8.65444, -4.55872) -> 6183 (8.09475, -4.00658)
    1547 (9.17601, 28.1945) -> 8667 (9.11744, 27.4568)
    1548 (23.8788, 20.0704) -> 8225 (23.9428, 19.9125)
    1549 (8.4272, 0.484849) -> 8596 (7.73496, 0.440049)
    1550 (0.222025, -4.48982) -> 7574 (0.179092, -3.93191)
    1551 (14.691, -3.03517) -> 5544 (13.9552, -3.14605)
    1552 (1.52696, 26.671) -> 6096 (1.59342, 26.062)
    1553 (20.1923, 17.3568) -> 8212 (20.612, 16.8353)
    1554 (18.7679, 22.609) -> 9624 (18.9378, 21.9342)
    1555 (19.0525, 22.4254) -> 9624 (18.9378, 21.9342)
    1556 (11.5607, 5.96501) -> 9662 (10.9453, 5.42681)
    1557 (0.45835, 7.6345) -> 4889 (0.344905, 8.42588)
    1558 (7.8021, 18.78) -> 8594 (7.52821, 18.7737)
    1559 (18.6715, 20.9988) -> 6714 (19.2626, 20.3914)
    1560 (23.7648, 16.2332) -> 9241 (23.8101, 15.4723)
    1561 (6.17539, 12.8864) -> 9378 (5.29581, 12.5988)
    1562 (0.394696, 15.6266) -> 0 (1, 15)
    1563 (0.960649, 22.5235) -> 5627 (0.908541, 22.4299)
    1564 (4.94066e-324, 6.9533e-310) -> 8462 (0.0438228, 0.168997)
    1565 (17.5762, 14.833) -> 7725 (18.0116, 14.1302)
    1566 (3.60976, 2.95407) -> 7443 (3.33323, 3.2272)
    1567 (9.26194, 8.96406) -> 3008 (8.97304, 8.33748)
    1568 (6.80658, 0.282799) -> 8878 (5.81492, 0.395682)
    1569 (2.63091, 28.3223) -> 7904 (2.59627, 27.9608)
    1570 (22.8225, -2.84068) -> 9990 (22.9026, -2.13215)
    1571 (10.6368, 19.0377) -> 9240 (10.4597, 18.9882)
    1572 (6.3803, 13.5965) -> 5955 (6.09192, 12.9401)
    1573 (3.84209, -1.84111) -> 5992 (3.3994, -1.10791)
    1574 (10.5389, 18.7587) -> 4884 (9.85234, 18.7426)
    1575 (1.5824, 9.41281) -> 9774 (1.10324, 10.1733)
    1576 (9.15831, 24.3183) -> 7591 (8.44096, 24.0006)
    1577 (9.821, -1.14616) -> 9901 (9.29662, -0.685191)
    1578 (23.959, 7.7771) -> 9587 (23.3981, 7.13899)
    1579 (21.5446, -2.93618) -> 9305 (20.9374, -2.42562)
    1580 (13.5007, 18.943) -> 4454 (14.1325, 18.2352)
    1581 (23.6789, 2.73427) -> 9924 (22.6963, 2.58766)
    1582 (21.8074, 4.69263) -> 9802 (21.7479, 4.55596)
    1583 (20.8794, 2.94164) -> 8804 (20.1468, 2.53861)
    1584 (13.4247, 26.1843) -> 9066 (13.2577, 25.5784)
    1585 (19.7404, 4.53435) -> 9443 (20.1435, 3.99057)
    1586 (16.3974, -1.85613) -> 7494 (16.329, -1.85526)
    1587 (10.7859, 26.7988) -> 6041 (10.1998, 26.4672)
    1588 (24.7382, 15.2699) -> 8122 (24.6836, 15.2824)
    1589 (4.94066e-324, 6.9533e-310) -> 8462 (0.0438228, 0.168997)
    1590 (7.7784, 27.4918) -> 5616 (7.36412, 27.113)
    1591 (5.41898, -0.942169) -> 5340 (4.58758, -0.544993)
    1592 (8.83592, 2.88453) -> 7569 (7.92179, 2.90123)
    1593 (19.0941, 5.77859) -> 9782 (19.531, 5.64225)
    1594 (12.7263, -2.46035) -> 9955 (11.7555, -2.31404)
    1595 (13.5285, 18.5717) -> 4454 (14.1325, 18.2352)
    1596 (6.23275, 24.0507) -> 7584 (5.90957, 23.5367)
    1597 (0.438284, 12.2136) -> 5828 (0.680615, 13.1806)
    1598 (13.2465, 18.4994) -> 6945 (13.404, 18.4882)
    1599 (11.4253, 3.07444) -> 8581 (10.9935, 2.94523)
    1600 (9.08666, 18.4608) -> 6030 (8.18807, 18.3467)
    1601 (2.59656, 5.97468) -> 1399 (2.42875, 6.56191)
    1602 (23.2228, 26.9814) -> 7605 (23.6234, 26.3555)
    1603 (11.3796, 6.54276) -> 2866 (11.0594, 5.97213)
    1604 (18.7409, 11.8294) -> 7448 (19.2826, 11.106)
    1605 (2.00448, 16.8614) -> 5347 (1.60914, 16.1542)
    1606 (0.459922, 25.0711) -> 7916 (0.864063, 24.3119)
    1607 (16.6352, 9.16729) -> 4195 (16.515, 8.8055)
    1608 (16.2741, 28.1819) -> 7153 (16.4749, 27.2679)
    1609 (0.0329474, 2.61738) -> 4807 (0.17059, 3.35563)
    1610 (7.17309, 10.345) -> 6070 (6.26076, 10.0741)
    1611 (22.4673, 0.456788) -> 2981 (21.5651, 0.221228)
    1612 (8.48463, 7.90835) -> 4198 (8.23606, 7.76795)
    1613 (9.45488, 28.2354) -> 6896 (9.19122, 27.9617)
    1614 (2.3499, 4.11367) -> 9247 (2.18409, 4.68801)
    1615 (11.7177, 28.8853) -> 9175 (11.3177, 28.1078)
    1616 (19.2813, 22.9267) -> 5677 (19.6376, 22.2254)
    1617 (22.2264, 25.896) -> 8070 (22.6893, 25.3966)
    1618 (15.991, -2.93194) -> 9518 (15.4287, -2.38883)
    1619 (13.3724, 1.68292) -> 9483 (12.5442, 1.87507)
    1620 (20.5029, 8.16831) -> 9184 (20.8877, 7.53639)
    1621 (5.06512, 3.53162) -> 3895 (4.83706, 3.65922)
    1622 (12.2274, 17.8081) -> 7320 (12.665, 17.7214)
    1623 (23.6073, 29.5488) -> 9515 (23.7963, 28.6186)
    1624 (23.2985, 22.3867) -> 9354 (23.6331, 21.9467)
    1625 (1.07882, 6.04837) -> 9521 (0.748844, 6.84764)
    1626 (4.70899, 6.35099) -> 8927 (4.16209, 6.85961)
    1627 (5.26039, 11.4718) -> 9757 (4.38063, 11.6837)
    1628 (0.964672, 27.5873) -> 8499 (0.838639, 27.1286)
    1629 (18.6541, 18.236) -> 9380 (18.6162, 18.0574)
    1630 (5.62358, 27.4282) -> 8669 (5.53397, 27.0444)
    1631 (20.4616, 20.4035) -> 8269 (20.499, 19.9309)
    1632 (3.1337, -2.92724) -> 9042 (2.86845, -2.2042)
    1633 (11.2726, 24.9085) -> 9986 (11.0057, 24.2086)
    1634 (15.4187, 1.09694) -> 6128 (14.703, 0.898791)
    1635 (17.5271, 18.5158) -> 9029 (17.796, 18.0327)
    1636 (17.057, 9.71407) -> 9398 (17.1405, 9.17089)
    1637 (4.94066e-324, 6.9533e-310) -> 8462 (0.0438228, 0.168997)
    1638 (14.7524, 15.8581) -> 8135 (15.04, 15.8878)
    1639 (3.65083, 12.3316) -> 8848 (3.41766, 12.3369)
    1640 (11.4143, 5.18662) -> 9327 (11.1033, 4.77191)
    1641 (2.98924, 12.934) -> 6786 (2.28802, 12.4651)
    1642 (17.1528, 28.7707) -> 6254 (17.3252, 28.3662)
    1643 (17.1646, 15.0083) -> 9595 (17.4941, 14.6581)
    1644 (6.5929, 19.9836) -> 9778 (6.01919, 19.3148)
    1645 (9.21708, -0.0186907) -> 9992 (9.10122, -0.28248)
    1646 (5.74899, 21.3683) -> 7484 (5.51939, 20.6944)
    1647 (23.8335, 23.5533) -> 6395 (24.1203, 22.8787)
    1648 (5.83541, 19.3057) -> 8629 (5.14659, 18.6365)
    1649 (19.7341, 10.366) -> 5879 (19.7747, 9.54747)
    1650 (6.61367, 2.37061) -> 9634 (5.65937, 2.39279)
    1651 (11.6277, 27.3172) -> 6059 (11.4967, 27.189)
    1652 (21.174, 11.9352) -> 9679 (21.7157, 11.5497)
    1653 (17.5853, 16.8793) -> 8884 (17.8964, 16.463)
    1654 (0.248596, -3.57941) -> 9763 (0.411866, -2.73325)
    1655 (17.0825, 3.20965) -> 9682 (16.1384, 3.02238)
    1656 (8.17866, -3.07449) -> 9613 (7.5363, -3.78806)
    1657 (8.16031, 22.8761) -> 3411 (7.89233, 22.6542)
    1658 (12.6719, 4.64678) -> 8969 (12.5012, 3.68019)
    1659 (2.50733, -3.33549) -> 8533 (2.36541, -3.1642)
    1660 (24.5905, 25.9848) -> 6217 (24.6143, 25.3519)
    1661 (6.25956, 17.3904) -> 7998 (5.79526, 17.384)
    1662 (21.0041, -0.752128) -> 8332 (20.0337, -0.636766)
    1663 (8.75907, 9.18237) -> 6658 (8.11565, 8.69045)
    1664 (13.8065, -0.636422) -> 9945 (13.6527, -0.610638)
    1665 (21.3708, 22.8143) -> 9276 (21.4002, 21.9527)
    1666 (0.273579, -1.42121) -> 9498 (0.463895, -0.62397)
    1667 (16.5862, 22.2332) -> 9186 (16.7163, 21.9207)
    1668 (13.8899, 7.1523) -> 9517 (13.5473, 6.26811)
    1669 (10.4087, 7.65983) -> 9249 (10.0946, 7.41748)
    1670 (6.26576, 10.8041) -> 9094 (5.53582, 10.7687)
    1671 (13.6955, 2.3679) -> 8392 (12.9907, 1.79753)
    1672 (19.8969, 27.1582) -> 8677 (20.3613, 26.2983)
    1673 (4.94066e-324, 6.9533e-310) -> 8462 (0.0438228, 0.168997)
    1674 (10.4457, 24.6407) -> 4752 (9.62779, 24.2078)
    1675 (9.30819, 27.1282) -> 8436 (8.60206, 26.4592)
    1676 (19.2152, 10.6083) -> 9531 (18.9848, 9.78105)
    1677 (19.0896, 26.9449) -> 9636 (18.6972, 26.3523)
    1678 (2.22376, 26.0149) -> 7782 (2.04143, 25.2753)
    1679 (0.650934, 28.3137) -> 9110 (0.885463, 27.5911)
    1680 (12.1994, 23.9895) -> 6551 (11.7248, 23.5605)
    1681 (7.18648, 15.338) -> 1252 (6.43915, 14.6926)
    1682 (15.9863, 17.051) -> 7755 (16.4236, 16.556)
    1683 (0.743609, 0.64573) -> 9623 (0.664097, 0.892402)
    1684 (5.80465, 6.75037) -> 9291 (5.33483, 6.76065)
    1685 (21.7592, 12.4234) -> 9503 (21.9209, 11.506)
    1686 (16.3842, 22.5596) -> 9186 (16.7163, 21.9207)
    1687 (23.9896, -1.62671) -> 9973 (23.0257, -1.60631)
    1688 (15.504, 25.4966) -> 9282 (15.5965, 25.4441)
    1689 (3.86906, 4.2224) -> 8986 (3.70474, 4.22491)
    1690 (6.00202, 29.4165) -> 8528 (5.50152, 28.6834)
    1691 (24.0114, 9.09759) -> 8312 (23.6791, 8.78433)
    1692 (0.0367082, 3.97374) -> 9539 (0.132033, 4.10037)
    1693 (14.5084, 2.00577) -> 5956 (13.8165, 1.71592)
    1694 (13.7188, -2.62151) -> 9266 (13.2428, -1.79468)
    1695 (14.2532, 12.915) -> 7020 (15.2106, 12.8849)
    1696 (7.50209, 15.9409) -> 3792 (6.82419, 15.3608)
    1697 (9.09259, 28.2394) -> 8667 (9.11744, 27.4568)
    1698 (6.19227, 17.9727) -> 8652 (5.62603, 17.7544)
    1699 (4.94066e-324, 6.9533e-310) -> 8462 (0.0438228, 0.168997)
    1700 (0.0996455, 7.40499) -> 5209 (0.238783, 8.27263)
    1701 (15.0308, 21.5113) -> 8248 (15.2181, 20.6357)
    1702 (22.8915, 3.6659) -> 7594 (22.4884, 3.42209)
    1703 (5.97126, 21.6914) -> 6501 (5.504, 21.5649)
    1704 (16.6393, -3.21782) -> 9927 (16.3699, -3.97958)
    1705 (23.345, 1.25694) -> 3222 (22.9706, 1.34437)
    1706 (7.98747, 27.322) -> 6808 (7.4879, 26.9334)
    1707 (20.0465, 11.3866) -> 7372 (20.2775, 10.8632)
    1708 (8.44893, 26.8905) -> 7997 (8.20033, 26.3827)
    1709 (20.8963, 19.9523) -> 4426 (20.9498, 19.0723)
    1710 (1.17975, 1.96537) -> 8769 (1.03248, 2.08956)
    1711 (14.9662, 16.0502) -> 7445 (15.0152, 16.0352)
    1712 (4.57632, 29.3775) -> 9192 (4.14623, 28.5127)
    1713 (21.7797, 9.44074) -> 9702 (21.8401, 8.9074)
    1714 (24.2841, 6.88386) -> 8598 (23.7821, 6.30747)
    1715 (22.7189, 2.80119) -> 8376 (22.4203, 2.71026)
    1716 (9.87009, 9.3042) -> 2412 (9.50243, 8.62195)
    1717 (24.6811, 11.1976) -> 9889 (24.3976, 10.7172)
    1718 (15.8768, 20.6001) -> 9396 (16.1744, 19.9626)
    1719 (7.55563, -2.16472) -> 9965 (6.93455, -1.42877)
    1720 (15.7131, 26.3199) -> 9045 (15.9272, 25.6982)
    1721 (4.94066e-324, 6.9533e-310) -> 8462 (0.0438228, 0.168997)
    1722 (20.753, -0.903345) -> 9087 (20.0172, -1.08829)
    1723 (12.6423, 9.21632) -> 911 (12.6493, 9.12879)
    1724 (1.15609, 6.93175) -> 8634 (1.11383, 7.79387)
    1725 (15.158, 22.0973) -> 8296 (15.4665, 21.3089)
    1726 (19.4359, 4.45815) -> 8976 (18.9956, 4.29517)
    1727 (18.3395, -0.10845) -> 6527 (17.5247, -0.319779)
    1728 (21.4923, 3.88516) -> 9604 (21.1055, 3.78025)
    1729 (11.8286, -3.26677) -> 7871 (11.3654, -3.22349)
    1730 (24.1801, 8.51231) -> 9222 (23.3109, 8.27143)
    1731 (7.51922, 1.17898) -> 9775 (7.20673, 1.28013)
    1732 (13.4901, 8.26461) -> 9580 (13.2348, 7.44921)
    1733 (8.84425, 6.41887) -> 9445 (8.63207, 6.02526)
    1734 (4.94066e-324, 6.9533e-310) -> 8462 (0.0438228, 0.168997)
    1735 (14.4135, 1.74931) -> 9846 (14.0533, 1.4319)
    1736 (2.13111, 2.62334) -> 4173 (2.105, 3.49452)
    1737 (9.33318, 18.7311) -> 9728 (9.08074, 18.292)
    1738 (13.0071, 18.9182) -> 6945 (13.404, 18.4882)
    1739 (12.671, 15.709) -> 9867 (12.7217, 15.9184)
    1740 (9.47667, -2.16162) -> 9102 (8.61581, -2.51129)
    1741 (3.79091, 11.2605) -> 8028 (2.87661, 11.5152)
    1742 (16.9921, 17.2224) -> 9356 (16.9374, 17.0866)
    1743 (15.9911, 16.0414) -> 9526 (16.4773, 15.4792)
    1744 (17.0792, 8.77128) -> 9404 (16.7825, 7.93395)
    1745 (23.572, 17.7022) -> 9034 (23.5531, 17.3252)
    1746 (23.6977, 1.88515) -> 7463 (23.3832, 1.84679)
    1747 (0.341536, 1.331) -> 3127 (0.243304, 1.91341)
    1748 (5.22039, 10.9494) -> 9673 (4.33119, 11.277)
    1749 (22.494, 16.6927) -> 8540 (22.5615, 16.4715)
    1750 (5.04439, 7.54882) -> 8916 (4.5357, 7.62374)
    1751 (4.28235, 28.9767) -> 9192 (4.14623, 28.5127)
    1752 (6.81392, 29.6821) -> 5481 (6.94103, 29.4227)
    1753 (15.584, 23.1997) -> 9991 (16.0558, 23.048)
    1754 (15.1666, 14.6541) -> 3328 (15.7653, 14.4002)
    1755 (16.9586, 26.8873) -> 8425 (16.879, 26.1705)
    1756 (18.5061, 11.4901) -> 6928 (18.9404, 10.6476)
    1757 (19.6913, 8.14255) -> 8321 (19.4762, 7.27737)
    1758 (9.8332, -3.13539) -> 8778 (9.11355, -2.557)
    1759 (11.4365, 22.9132) -> 7148 (10.7962, 22.3715)
    1760 (8.66051, 10.1975) -> 7624 (8.25921, 9.97242)
    1761 (0.823026, 0.495783) -> 9623 (0.664097, 0.892402)
    1762 (12.5968, 23.5568) -> 4891 (12.147, 23.4503)
    1763 (20.1109, 28.5112) -> 8210 (20.2755, 28.3644)
    1764 (1.3208, 6.90766) -> 9132 (1.17933, 7.44452)
    1765 (16.5545, 21.3372) -> 7084 (17.077, 20.9845)
    1766 (2.55594, 2.35822) -> 6555 (2.30093, 2.89429)
    1767 (12.9089, 8.55774) -> 9766 (12.7805, 7.73417)
    1768 (17.9517, 7.81675) -> 9522 (17.3255, 7.40948)
    1769 (9.50586, 22.4754) -> 4233 (8.66597, 21.9794)
    1770 (5.38026, -1.38614) -> 3714 (4.94398, -0.826197)
    1771 (15.9724, 4.01752) -> 9719 (15.9464, 3.46279)
    1772 (9.32892, 4.73605) -> 9482 (8.69474, 4.24527)
    1773 (17.5468, 2.4262) -> 9564 (17.31, 2.1594)
    1774 (9.3161, 6.27376) -> 9556 (8.5857, 5.75247)
    1775 (1.17179, 23.2761) -> 6763 (1.23433, 23.082)
    1776 (2.63083, 5.00058) -> 9247 (2.18409, 4.68801)
    1777 (18.1231, 5.2886) -> 5230 (18.1353, 4.67433)
    1778 (22.8754, 20.414) -> 9468 (23.1875, 19.9251)
    1779 (17.6143, 26.6898) -> 9584 (17.3981, 25.7789)
    1780 (1.39202, 10.3528) -> 7981 (1.47093, 11.0686)
    1781 (23.1556, 13.9797) -> 8282 (23.2239, 13.3618)
    1782 (1.33822, 4.79533) -> 9971 (1.28458, 5.1189)
    1783 (20.0911, 5.68335) -> 4307 (19.6995, 5.17582)
    1784 (4.73331, 27.8843) -> 8342 (4.46726, 27.6192)
    1785 (21.1211, 19.598) -> 5579 (21.2978, 18.9548)
    1786 (0.261361, 26.7978) -> 9987 (0.22513, 26.2966)
    1787 (5.45509, 15.4985) -> 8696 (4.86129, 15.4634)
    1788 (19.0693, 0.122219) -> 9795 (18.4194, 0.256348)
    1789 (15.7628, 15.9373) -> 9526 (16.4773, 15.4792)
    1790 (13.4213, -0.732207) -> 9946 (12.6529, -0.647598)
    1791 (22.9231, 7.67919) -> 7714 (22.6352, 7.07489)
    1792 (16.7054, 14.1567) -> 6574 (16.9033, 13.7178)
    1793 (17.2099, 18.0819) -> 8119 (17.8314, 17.4457)
    1794 (6.88357, 2.99039) -> 8106 (6.18545, 3.03168)
    1795 (4.01956, 27.1234) -> 6104 (3.97013, 26.4157)
    1796 (9.17325, 22.5094) -> 4486 (8.42739, 22.0398)
    1797 (6.2799, 3.44285) -> 9274 (6.00683, 3.62891)
    1798 (14.6536, 2.6427) -> 9699 (15.0493, 2.53889)
    1799 (7.5837, -1.42059) -> 9965 (6.93455, -1.42877)
    1800 (8.92918, -2.11074) -> 4668 (8.20116, -1.58416)
    1801 (9.12265, 19.731) -> 7864 (8.31644, 19.5469)
    1802 (9.43535, 27.0766) -> 5947 (8.84443, 26.3569)
    1803 (7.91839, 13.8073) -> 2298 (7.33876, 13.8956)
    1804 (13.5478, 5.23036) -> 9553 (13.6245, 5.08369)
    1805 (12.8459, 21.9695) -> 8245 (12.1702, 21.359)
    1806 (23.138, 17.8507) -> 5531 (23.1291, 16.9742)
    1807 (7.04273, 2.40738) -> 8881 (6.81604, 1.93519)
    1808 (18.3369, 9.82124) -> 5726 (18.804, 9.04555)
    1809 (20.0564, 5.12659) -> 8977 (19.264, 4.74364)
    1810 (3.27241, 17.992) -> 7177 (2.61111, 17.2941)
    1811 (23.4428, -3.8768) -> 9726 (23.2265, -4.11043)
    1812 (3.50064, 27.645) -> 8120 (3.51562, 27.6377)
    1813 (10.8001, 16.81) -> 9408 (10.6252, 16.9162)
    1814 (24.1568, 15.9775) -> 7585 (24.4469, 15.5318)
    1815 (7.01063, 5.84005) -> 7888 (6.18474, 6.16481)
    1816 (3.95419, 15.1678) -> 9898 (3.34248, 15.2774)
    1817 (13.4016, 24.2235) -> 341 (12.9053, 23.989)
    1818 (18.4234, 24.1631) -> 9725 (18.5565, 24.0421)
    1819 (23.5053, -2.61349) -> 9444 (22.9715, -2.2051)
    1820 (4.80388, 6.92379) -> 8927 (4.16209, 6.85961)
    1821 (11.9331, 7.61201) -> 8606 (11.8078, 7.55059)
    1822 (24.2065, 25.3008) -> 5993 (24.3533, 24.323)
    1823 (14.5332, 25.6566) -> 7135 (14.177, 25.1539)
    1824 (2.98326, 7.03813) -> 6385 (2.87623, 7.27973)
    1825 (15.5802, -0.682777) -> 9077 (14.8308, -1.19939)
    1826 (12.5006, -1.15347) -> 9946 (12.6529, -0.647598)
    1827 (20.6009, 21.2427) -> 9706 (20.6827, 20.5026)
    1828 (11.8401, -4.57235) -> 6798 (11.5083, -4.46642)
    1829 (4.94066e-324, 6.9533e-310) -> 8462 (0.0438228, 0.168997)
    1830 (9.12041, 24.749) -> 9170 (8.18862, 24.4906)
    1831 (3.59821, 1.0873) -> 9165 (3.30978, 1.20797)
    1832 (22.4365, -1.31256) -> 9228 (22.0976, -1.31873)
    1833 (24.8688, 2.21283) -> 9019 (24.3646, 2.03584)
    1834 (4.94066e-324, 6.9533e-310) -> 8462 (0.0438228, 0.168997)
    1835 (12.7445, 19.4988) -> 8456 (13.0267, 19.1234)
    1836 (8.06345, 23.2579) -> 1994 (7.31281, 22.7452)
    1837 (17.1923, 26.2055) -> 9238 (17.275, 25.7699)
    1838 (18.0389, 25.8983) -> 7545 (18.4234, 25.5935)
    1839 (3.12903, -1.07015) -> 5269 (2.63467, -0.32699)
    1840 (18.4615, 29.2076) -> 9159 (18.4943, 28.9078)
    1841 (9.38969, -0.222475) -> 9992 (9.10122, -0.28248)
    1842 (8.3977, 22.2097) -> 8040 (7.92765, 22.0695)
    1843 (24.3141, 11.748) -> 9779 (24.2182, 11.5785)
    1844 (17.2049, 26.3458) -> 9238 (17.275, 25.7699)
    1845 (13.9175, 10.0034) -> 4556 (14.2584, 9.25356)
    1846 (15.7535, 27.1468) -> 9044 (15.9153, 26.5208)
    1847 (11.7761, 18.5275) -> 6293 (10.8749, 18.4489)
    1848 (7.76056, 0.622469) -> 8600 (7.53903, 0.790489)
    1849 (11.4333, 9.21539) -> 8869 (11.407, 8.53814)
    1850 (13.8874, -0.825185) -> 7963 (13.1258, -0.900614)
    1851 (7.49535, 19.1369) -> 9465 (6.68712, 18.7957)
    1852 (16.7034, 0.630285) -> 9809 (16.749, 0.372322)
    1853 (5.57041, -0.361301) -> 259 (4.86654, 0.170713)
    1854 (21.9072, 7.17295) -> 9255 (21.467, 6.32923)
    1855 (9.8872, 7.18264) -> 7424 (9.90911, 7.15697)
    1856 (0.653, 14.8406) -> 0 (1, 15)
    1857 (21.9108, -3.44471) -> 9376 (21.6849, -3.95603)
    1858 (10.3679, 5.42426) -> 9887 (9.82314, 5.08274)
    1859 (15.5819, 29.3687) -> 9357 (15.6678, 28.862)
    1860 (1.86948, 23.879) -> 3183 (1.6073, 23.3245)
    1861 (13.6204, 25.0783) -> 3045 (12.9067, 24.602)
    1862 (16.3583, -0.000176488) -> 9644 (15.6882, -0.0413643)
    1863 (22.6553, 22.6287) -> 7745 (23.3472, 22.2503)
    1864 (21.5768, 11.8661) -> 9679 (21.7157, 11.5497)
    1865 (5.43594, 25.9727) -> 8424 (5.01511, 25.5718)
    1866 (8.44422, 28.9182) -> 8457 (7.92886, 28.1087)
    1867 (15.9754, 10.8302) -> 9922 (16.4906, 10.5518)
    1868 (13.321, 0.211299) -> 9647 (13.1705, 0.191776)
    1869 (6.58435, 11.7045) -> 3588 (5.80863, 11.5697)
    1870 (5.40704, 3.11465) -> 9490 (4.76057, 3.01891)
    1871 (6.89466, -0.107376) -> 9124 (6.07478, 0.31791)
    1872 (8.81735, 1.16119) -> 9144 (8.12937, 1.54858)
    1873 (7.75213, 16.7223) -> 9639 (6.91435, 16.7484)
    1874 (0.65849, 13.5222) -> 286 (0.617935, 14.0759)
    1875 (2.02855, 7.93475) -> 9731 (1.47898, 8.34041)
    1876 (16.321, 10.6548) -> 7132 (16.5306, 10.4573)
    1877 (14.7574, 9.64136) -> 9651 (15.0422, 9.16657)
    1878 (3.58905, -0.291455) -> 9953 (3.12525, -0.406663)
    1879 (2.5784, -3.59233) -> 9618 (2.30386, -3.6176)
    1880 (23.8217, 16.9645) -> 5294 (23.8105, 16.723)
    1881 (2.84459, 17.2685) -> 5562 (2.5756, 16.9914)
    1882 (19.1951, 27.7738) -> 6166 (19.5034, 27.0684)
    1883 (3.36722, 20.8961) -> 4188 (2.84842, 20.0951)
    1884 (2.7982, 9.36086) -> 8325 (2.15909, 9.79593)
    1885 (9.84787, 21.5585) -> 9447 (9.55448, 21.4522)
    1886 (11.6515, 19.9366) -> 3142 (11.2565, 19.7447)
    1887 (3.16378, 22.4512) -> 8356 (3.0774, 21.9682)
    1888 (6.45635, 25.3053) -> 5130 (6.29586, 24.7559)
    1889 (12.5786, 24.8218) -> 8702 (12.0282, 24.1508)
    1890 (23.7545, 7.13296) -> 9201 (23.172, 6.59016)
    1891 (11.116, -0.698624) -> 9753 (10.8763, -1.21801)
    1892 (11.6729, 25.7855) -> 8852 (11.2967, 25.01)
    1893 (19.6675, 23.4104) -> 9254 (19.8947, 22.7402)
    1894 (3.92583, -0.713471) -> 9953 (3.12525, -0.406663)
    1895 (14.7561, 26.5833) -> 8796 (14.813, 26.1938)
    1896 (14.5257, 21.7469) -> 6596 (14.5082, 21.6027)
    1897 (13.4794, -4.56694) -> 9494 (13.333, -4.82757)
    1898 (12.8541, 8.27903) -> 9061 (12.7387, 7.44684)
    1899 (19.2719, 29.677) -> 7579 (19.5008, 28.7506)
    1900 (4.94066e-324, 6.9533e-310) -> 8462 (0.0438228, 0.168997)
    1901 (4.79018, 7.76107) -> 6046 (4.4437, 7.84259)
    1902 (1.27856, -1.16603) -> 4734 (1.2317, -0.905113)
    1903 (14.1832, 29.352) -> 8382 (13.7631, 28.634)
    1904 (24.3925, 4.9061) -> 9269 (24.0513, 4.14392)
    1905 (20.5103, 28.7193) -> 6405 (21.008, 28.1843)
    1906 (5.00708, 25.1707) -> 8468 (4.57319, 24.5941)
    1907 (3.63723, 27.3145) -> 9202 (3.68432, 26.85)
    1908 (21.3935, 8.85836) -> 6613 (20.9375, 8.4487)
    1909 (1.59854, 24.6008) -> 4074 (1.64089, 24.2767)
    1910 (3.17181, 11.1156) -> 3947 (2.86775, 11.3588)
    1911 (13.4841, 8.26996) -> 9580 (13.2348, 7.44921)
    1912 (22.9391, 1.27937) -> 9098 (22.4683, 0.732571)
    1913 (7.98337, 28.0879) -> 9638 (7.47516, 27.4222)
    1914 (23.6568, 1.28224) -> 9727 (23.3465, 0.809681)
    1915 (17.2286, 12.9292) -> 5037 (17.8019, 12.9328)
    1916 (20.9834, 19.0966) -> 3805 (21.3984, 18.2102)
    1917 (5.17287, 2.11239) -> 9411 (4.70525, 2.41429)
    1918 (2.57343, 26.6091) -> 9239 (2.56679, 26.5721)
    1919 (2.83309, 21.8189) -> 9301 (2.63217, 21.0674)
    1920 (13.8452, 24.0401) -> 8538 (14.1331, 23.1649)
    1921 (4.90307, -1.94584) -> 2447 (4.39352, -1.36238)
    1922 (24.3231, 9.76058) -> 8862 (24.2782, 9.21821)
    1923 (11.5927, 22.5451) -> 9819 (11.0335, 22.1232)
    1924 (16.5407, 29.1704) -> 9085 (16.7658, 28.363)
    1925 (17.5726, -3.69265) -> 9133 (17.2243, -3.72268)
    1926 (12.6668, 18.4362) -> 8814 (12.8181, 18.2275)
    1927 (24.4472, 17.7448) -> 9976 (24.4625, 17.6245)
    1928 (7.34883, -1.8221) -> 9965 (6.93455, -1.42877)
    1929 (18.7794, 16.4216) -> 6062 (18.8725, 15.63)
    1930 (22.5016, 28.987) -> 7009 (22.5723, 28.8653)
    1931 (16.9751, 27.6819) -> 6398 (17.1939, 26.969)
    1932 (4.94066e-324, 6.9533e-310) -> 8462 (0.0438228, 0.168997)
    1933 (0.939156, -4.31226) -> 8251 (1.28208, -3.38166)
    1934 (16.2725, 9.65387) -> 4195 (16.515, 8.8055)
    1935 (24.7078, 4.57371) -> 9269 (24.0513, 4.14392)
    1936 (17.1689, 28.614) -> 9338 (17.6171, 27.7901)
    1937 (21.9076, 22.7354) -> 4212 (21.9369, 21.9065)
    1938 (9.3318, 9.07347) -> 3008 (8.97304, 8.33748)
    1939 (14.0821, 23.2249) -> 9997 (14.539, 22.6981)
    1940 (22.2585, -4.02202) -> 9376 (21.6849, -3.95603)
    1941 (13.058, 28.9013) -> 5600 (12.614, 28.1587)
    1942 (4.94066e-324, 6.9533e-310) -> 8462 (0.0438228, 0.168997)
    1943 (5.54357, 22.6339) -> 3454 (5.45213, 22.3806)
    1944 (2.16493, -3.85514) -> 9912 (2.12121, -3.55887)
    1945 (19.7076, 28.0594) -> 6353 (19.76, 28.026)
    1946 (14.1423, -2.29945) -> 6982 (13.7353, -2.20077)
    1947 (3.95611, 4.69327) -> 9801 (3.20846, 4.67356)
    1948 (1.26053, 12.2671) -> 8435 (1.08692, 12.4774)
    1949 (20.6891, 7.87024) -> 9509 (20.4259, 7.11284)
    1950 (3.36569, 3.06749) -> 9156 (2.93543, 3.37758)
    1951 (5.16392, 23.6917) -> 6042 (4.74955, 23.4657)
    1952 (16.052, 29.5029) -> 8039 (16.1455, 29.3236)
    1953 (16.1505, 2.97391) -> 9755 (15.7086, 2.48588)
    1954 (3.1707, 25.4055) -> 8493 (3.15129, 24.9092)
    1955 (5.52332, 16.3993) -> 4909 (4.91637, 16.302)
    1956 (4.94066e-324, 6.9533e-310) -> 8462 (0.0438228, 0.168997)
    1957 (4.0694, 25.6914) -> 5048 (4.24458, 25.3753)
    1958 (24.2536, 0.618498) -> 9727 (23.3465, 0.809681)
    1959 (3.73907, 28.0078) -> 5759 (3.47286, 27.1124)
    1960 (17.2627, 12.9509) -> 5037 (17.8019, 12.9328)
    1961 (20.3314, 21.7712) -> 8911 (20.7109, 21.2549)
    1962 (19.8767, 18.0304) -> 3863 (20.213, 17.7807)
    1963 (20.3505, 14.5634) -> 8205 (20.4283, 14.066)
    1964 (1.74635, 21.6662) -> 7664 (1.45146, 20.8162)
    1965 (15.1158, 29.1983) -> 650 (14.811, 28.5393)
    1966 (21.8512, 7.48766) -> 9950 (21.7957, 7.14588)
    1967 (10.2186, 16.6739) -> 6724 (10.067, 16.7652)
    1968 (19.925, 14.9242) -> 8205 (20.4283, 14.066)
    1969 (9.76792, 28.0372) -> 8667 (9.11744, 27.4568)
    1970 (17.4778, 0.53721) -> 9809 (16.749, 0.372322)
    1971 (13.2278, 19.237) -> 6186 (14.0038, 19.1145)
    1972 (24.2218, -0.235377) -> 8889 (24.0227, -0.312279)
    1973 (3.1278, -4.75663) -> 8620 (2.3515, -4.51526)
    1974 (20.4419, 5.07573) -> 9617 (20.9253, 5.32649)
    1975 (1.81116, 10.5717) -> 7981 (1.47093, 11.0686)
    1976 (15.5412, 9.77047) -> 7986 (15.7957, 9.04698)
    1977 (7.59072, 18.2025) -> 5411 (6.69633, 17.8593)
    1978 (19.2057, 7.35944) -> 9575 (19.0425, 6.8933)
    1979 (4.81396, 24.5326) -> 7695 (4.44586, 24.0242)
    1980 (6.51181, 29.0933) -> 9416 (6.15273, 28.7162)
    1981 (15.4148, 24.2386) -> 9382 (15.5353, 24.1186)
    1982 (14.6647, 2.85534) -> 9470 (13.9559, 2.8589)
    1983 (23.4498, 2.77875) -> 9924 (22.6963, 2.58766)
    1984 (23.4565, 19.6499) -> 9552 (23.9182, 19.3734)
    1985 (14.6283, 12.3274) -> 5545 (15.4596, 12.1629)
    1986 (12.7843, 16.1098) -> 7663 (13.2738, 16.514)
    1987 (2.76523, 25.0829) -> 2496 (2.70264, 24.5719)
    1988 (13.7204, -3.82872) -> 9284 (13.1482, -3.86833)
    1989 (24.128, 0.582883) -> 9727 (23.3465, 0.809681)
    1990 (16.4603, 26.2665) -> 7335 (16.6006, 25.3753)
    1991 (21.1462, 28.7616) -> 8663 (21.2266, 28.1316)
    1992 (23.9375, 14.4847) -> 4525 (23.9789, 13.494)
    1993 (2.4471, 23.7747) -> 7726 (2.19009, 22.9657)
    1994 (7.31281, 22.7452) -> 8512 (6.56362, 22.2939)
    1995 (23.3199, 1.26018) -> 3222 (22.9706, 1.34437)
    1996 (13.9023, 16.4711) -> 8371 (14.4448, 16.4678)
    1997 (20.5366, 13.1884) -> 6010 (20.7644, 12.605)
    1998 (15.7809, 11.6449) -> 6557 (16.4258, 11.3563)
    1999 (10.8217, 29.8383) -> 9500 (10.4237, 29.3809)
    2000 (2.9889, 10.8537) -> 7086 (2.66179, 10.7213)
    2001 (20.3346, 29.7587) -> 8936 (20.721, 28.8819)
    2002 (4.99612, 28.7978) -> 4748 (4.83416, 28.4016)
    2003 (19.4616, -0.79584) -> 7183 (18.7959, -1.07345)
    2004 (21.9901, 3.4953) -> 9031 (21.346, 3.0224)
    2005 (21.8819, 26.0219) -> 5428 (22.0266, 25.9879)
    2006 (23.539, -1.64365) -> 9973 (23.0257, -1.60631)
    2007 (13.8074, -3.94029) -> 9284 (13.1482, -3.86833)
    2008 (24.5465, 6.78974) -> 8305 (24.2901, 6.38892)
    2009 (17.0102, -1.27724) -> 8643 (16.1509, -1.42693)
    2010 (5.83982, 7.98861) -> 3980 (5.11254, 7.84551)
    2011 (8.25484, 27.8472) -> 2621 (8.22796, 27.8002)
    2012 (22.1963, 6.96075) -> 9255 (21.467, 6.32923)
    2013 (21.9794, 10.6193) -> 7035 (22.304, 10.3409)
    2014 (15.8863, -4.8353) -> 8556 (15.0801, -4.56945)
    2015 (11.2081, 2.95507) -> 8581 (10.9935, 2.94523)
    2016 (23.3918, 3.28648) -> 8850 (23.0908, 3.24681)
    2017 (15.748, 1.10881) -> 9916 (15.8365, 1.11438)
    2018 (10.9827, -3.71995) -> 9412 (10.6638, -3.46792)
    2019 (9.10714, 5.04356) -> 8753 (8.94558, 4.59894)
    2020 (12.2663, 21.3333) -> 7349 (12.2297, 21.2883)
    2021 (2.50796, 12.5013) -> 9080 (2.10513, 12.4645)
    2022 (19.8186, 8.59976) -> 9360 (19.7112, 8.78222)
    2023 (16.0128, 23.8502) -> 9991 (16.0558, 23.048)
    2024 (13.9998, 7.18033) -> 9122 (14.039, 6.51218)
    2025 (13.7736, 1.25356) -> 8651 (13.5134, 1.01477)
    2026 (14.7171, 29.1566) -> 4945 (14.1915, 28.3939)
    2027 (13.9543, 25.8011) -> 9066 (13.2577, 25.5784)
    2028 (4.94066e-324, 6.9533e-310) -> 8462 (0.0438228, 0.168997)
    2029 (13.3066, 29.5484) -> 7471 (12.8302, 29.2335)
    2030 (13.3896, 27.3367) -> 5103 (12.6113, 26.7498)
    2031 (17.0513, 24.7605) -> 9675 (16.9685, 24.1876)
    2032 (17.629, 19.2367) -> 8100 (18.0624, 18.8288)
    2033 (18.0963, 29.5126) -> 9159 (18.4943, 28.9078)
    2034 (7.75776, 15.9889) -> 9009 (7.22811, 16.2324)
    2035 (7.6772, 12.865) -> 4294 (6.87476, 12.9281)
    2036 (1.88031, 17.9699) -> 9862 (1.47186, 17.1308)
    2037 (5.37156, 26.3244) -> 8333 (4.94982, 25.8276)
    2038 (3.37763, 8.36532) -> 7635 (3.15681, 8.50321)
    2039 (4.98657, 9.71857) -> 3913 (4.04915, 9.86668)
    2040 (19.7297, 25.7943) -> 9229 (19.3655, 25.0891)
    2041 (17.5291, -0.465511) -> 9737 (17.1746, -1.00784)
    2042 (16.5151, -1.00536) -> 9805 (16.2324, -1.14396)
    2043 (5.24235, 22.5623) -> 6467 (5.00813, 21.6747)
    2044 (4.94066e-324, 6.9533e-310) -> 8462 (0.0438228, 0.168997)
    2045 (9.18226, 20.1221) -> 7671 (8.92377, 19.8158)
    2046 (15.8732, 10.5202) -> 8011 (16.2636, 9.65921)
    2047 (24.8523, 12.9743) -> 4953 (24.907, 12.5071)
    2048 (1.4594, 20.1768) -> 1121 (1.32684, 19.3881)
    2049 (24.797, 3.4664) -> 9211 (24.3906, 3.18139)
    2050 (10.8959, 19.2305) -> 8484 (10.5358, 19.0638)
    2051 (17.3013, 5.64121) -> 6351 (17.1379, 5.23634)
    2052 (4.4642, 23.8708) -> 4593 (4.18473, 23.1638)
    2053 (12.3939, 20.7907) -> 26 (12.1014, 20.6165)
    2054 (15.8165, -2.66893) -> 9518 (15.4287, -2.38883)
    2055 (8.61009, 26.2436) -> 8662 (8.1193, 25.5054)
    2056 (5.56054, 2.16202) -> 9411 (4.70525, 2.41429)
    2057 (0.0932202, -0.561736) -> 9570 (4.94066e-324, 6.9533e-310)
    2058 (1.00516, 17.727) -> 7172 (1.01897, 16.9445)
    2059 (4.375, 22.4053) -> 3823 (3.99007, 21.9743)
    2060 (4.20203, 24.1393) -> 8253 (4.19059, 23.9334)
    2061 (7.78543, 18.2762) -> 8896 (7.49378, 18.1043)
    2062 (12.1142, 25.8869) -> 5912 (11.7374, 25.3343)
    2063 (9.19087, 22.7883) -> 9250 (9.00597, 22.7089)
    2064 (4.94066e-324, 6.9533e-310) -> 8462 (0.0438228, 0.168997)
    2065 (24.1567, 26.1692) -> 5104 (24.3371, 25.4089)
    2066 (9.78069, 28.051) -> 8667 (9.11744, 27.4568)
    2067 (12.2109, 9.38507) -> 3037 (12.3551, 8.51613)
    2068 (2.23991, 14.2786) -> 8017 (2.09132, 14.4088)
    2069 (23.8582, 16.3953) -> 9241 (23.8101, 15.4723)
    2070 (12.4872, -4.58598) -> 9721 (11.877, -4.70861)
    2071 (12.8623, -3.006) -> 8523 (12.6982, -2.96063)
    2072 (0.31533, -0.48395) -> 9570 (4.94066e-324, 6.9533e-310)
    2073 (4.94099, 14.8287) -> 5224 (4.31348, 14.7464)
    2074 (14.0094, 9.85614) -> 4556 (14.2584, 9.25356)
    2075 (4.94066e-324, 6.9533e-310) -> 8462 (0.0438228, 0.168997)
    2076 (9.72264, 16.3685) -> 4014 (9.01291, 16.3826)
    2077 (0.126171, 22.9187) -> 6768 (0.152313, 22.7107)
    2078 (5.98297, -0.369946) -> 8686 (5.47171, 0.167794)
    2079 (4.79888, -2.34648) -> 9870 (4.87538, -2.40958)
    2080 (1.51271, 20.1733) -> 1121 (1.32684, 19.3881)
    2081 (13.2777, 7.21115) -> 6887 (13.3084, 7.00027)
    2082 (18.5558, 14.3196) -> 6990 (18.8719, 13.7004)
    2083 (13.25, 20.1354) -> 9072 (13.7646, 19.6356)
    2084 (19.2232, 2.37314) -> 7113 (18.6017, 1.68814)
    2085 (3.21972, -0.441191) -> 9953 (3.12525, -0.406663)
    2086 (15.5399, 8.33647) -> 3602 (15.5635, 7.49738)
    2087 (16.5631, 2.97016) -> 9755 (15.7086, 2.48588)
    2088 (10.7762, 28.456) -> 3243 (10.5918, 28.2878)
    2089 (19.8223, 6.04227) -> 9782 (19.531, 5.64225)
    2090 (17.6666, 7.00781) -> 9929 (17.8048, 6.2399)
    2091 (3.13616, 2.42143) -> 9157 (2.83083, 2.92141)
    2092 (4.94066e-324, 6.9533e-310) -> 8462 (0.0438228, 0.168997)
    2093 (4.79449, 28.4472) -> 8342 (4.46726, 27.6192)
    2094 (9.7941, -0.0358365) -> 9958 (9.2937, 0.0412097)
    2095 (23.8749, 28.0807) -> 6132 (24.0767, 27.6808)
    2096 (4.94066e-324, 6.9533e-310) -> 8462 (0.0438228, 0.168997)
    2097 (21.8225, 22.6003) -> 9853 (21.2865, 21.9516)
    2098 (3.5097, 11.7663) -> 7855 (2.64854, 12.1395)
    2099 (2.98584, 16.9141) -> 7141 (2.54336, 16.5256)
    2100 (5.84414, 24.171) -> 4922 (5.65122, 23.3397)
    2101 (3.2447, 7.58706) -> 9340 (2.7778, 8.18868)
    2102 (12.2165, -0.413486) -> 9190 (11.4666, -0.472036)
    2103 (23.8536, 16.0508) -> 9241 (23.8101, 15.4723)
    2104 (11.3642, 7.19836) -> 6878 (10.7258, 6.43552)
    2105 (2.27434, -2.50709) -> 7333 (1.88747, -1.72793)
    2106 (21.6264, 21.9032) -> 6589 (21.2328, 21.4978)
    2107 (7.94711, 16.3867) -> 9009 (7.22811, 16.2324)
    2108 (21.3992, 2.31306) -> 6633 (21.1058, 1.88093)
    2109 (10.7762, 4.90879) -> 9931 (10.5295, 4.41927)
    2110 (14.1505, 4.45448) -> 8964 (13.47, 3.96979)
    2111 (21.7994, -3.62533) -> 4373 (20.9725, -3.95027)
    2112 (9.52532, 4.38722) -> 9482 (8.69474, 4.24527)
    2113 (21.2775, -1.11917) -> 6762 (20.6188, -0.76951)
    2114 (22.3763, -1.77195) -> 9973 (23.0257, -1.60631)
    2115 (3.49568, 12.7103) -> 9836 (3.22627, 12.8029)
    2116 (11.4211, 7.35063) -> 4370 (10.855, 6.74385)
    2117 (15.4716, -1.6989) -> 8855 (15.2993, -1.55342)
    2118 (11.1574, 26.6971) -> 9845 (10.6859, 26.3096)
    2119 (8.49321, -0.527263) -> 9992 (9.10122, -0.28248)
    2120 (21.9728, 17.1805) -> 9832 (22.5359, 16.3882)
    2121 (18.8849, 14.1766) -> 6990 (18.8719, 13.7004)
    2122 (14.1385, 14.2201) -> 7573 (15.0617, 14.1353)
    2123 (17.5092, 18.5129) -> 9409 (17.6523, 18.278)
    2124 (15.7498, 19.0134) -> 7796 (15.7745, 18.9247)
    2125 (6.12559, 13.2497) -> 6364 (5.50251, 12.6036)
    2126 (13.219, 6.68197) -> 5041 (13.2966, 5.76701)
    2127 (5.94713, 1.62502) -> 7196 (5.03309, 1.966)
    2128 (5.85288, 25.8703) -> 87 (5.4314, 25.2769)
    2129 (24.551, 22.9847) -> 5453 (24.5383, 22.8279)
    2130 (8.31718, -2.89363) -> 7557 (8.14387, -2.59039)
    2131 (3.00331, 16.2706) -> 7284 (2.40645, 15.6129)
    2132 (0.1357, 4.09909) -> 9539 (0.132033, 4.10037)
    2133 (16.2996, 10.8036) -> 7132 (16.5306, 10.4573)
    2134 (8.76813, -1.42272) -> 9685 (7.82459, -1.377)
    2135 (5.53161, 11.7457) -> 8904 (5.1674, 11.6982)
    2136 (18.4617, 16.336) -> 6062 (18.8725, 15.63)
    2137 (24.6442, -3.40091) -> 9640 (24.5326, -2.89152)
    2138 (6.96054, 1.71426) -> 6103 (6.32943, 1.8859)
    2139 (4.94066e-324, 6.9533e-310) -> 8462 (0.0438228, 0.168997)
    2140 (0.34715, 28.7807) -> 8346 (0.400054, 28.0836)
    2141 (6.51316, 4.84315) -> 8584 (6.09774, 4.82679)
    2142 (15.5325, -3.29369) -> 6439 (14.8486, -2.99235)
    2143 (4.83295, -2.78386) -> 9732 (4.53778, -3.19324)
    2144 (10.095, 4.8654) -> 9413 (9.91068, 4.87847)
    2145 (9.62023, 20.012) -> 7684 (8.76908, 19.6986)
    2146 (14.8238, 23.4842) -> 8236 (15.1542, 22.9315)
    2147 (2.16455, 15.2932) -> 6034 (1.57794, 15.1457)
    2148 (8.51657, 27.711) -> 8507 (8.34652, 27.4156)
    2149 (21.5384, 20.5845) -> 8593 (21.3701, 19.9716)
    2150 (2.05657, 16.6905) -> 5347 (1.60914, 16.1542)
    2151 (23.714, 23.125) -> 6400 (24.2205, 22.3769)
    2152 (19.0672, 15.5556) -> 8050 (19.002, 14.9491)
    2153 (9.70793, 29.7105) -> 9171 (9.18562, 29.365)
    2154 (18.0835, 24.8312) -> 9725 (18.5565, 24.0421)
    2155 (4.94066e-324, 6.9533e-310) -> 8462 (0.0438228, 0.168997)
    2156 (1.66938, 29.4688) -> 7941 (1.76488, 28.8771)
    2157 (18.8802, -1.3829) -> 9975 (18.3248, -2.13121)
    2158 (2.76414, 29.7923) -> 7234 (2.79015, 29.3251)
    2159 (21.3178, 21.7483) -> 4798 (21.5859, 20.7967)
    2160 (12.1629, 24.9232) -> 8702 (12.0282, 24.1508)
    2161 (16.737, 14.3373) -> 5049 (17.2328, 13.9381)
    2162 (13.9585, 19.1982) -> 9829 (14.5795, 18.9662)
    2163 (4.90072, 26.2861) -> 9514 (4.62796, 25.5762)
    2164 (15.4271, -1.82727) -> 8206 (14.5314, -2.12094)
    2165 (17.0312, 1.18681) -> 9475 (16.4684, 0.892819)
    2166 (3.459, 29.6391) -> 9606 (3.03914, 28.7711)
    2167 (8.4205, 27.7349) -> 8507 (8.34652, 27.4156)
    2168 (1.25293, 24.0954) -> 1775 (1.17179, 23.2761)
    2169 (14.593, 15.2669) -> 9179 (14.6409, 15.3201)
    2170 (20.0626, 13.9925) -> 8740 (19.9127, 13.7352)
    2171 (23.7325, 28.1485) -> 8941 (23.9335, 27.649)
    2172 (24.4787, 25.8449) -> 6217 (24.6143, 25.3519)
    2173 (6.78835, 28.6022) -> 2510 (6.35832, 27.7001)
    2174 (9.68672, 4.05019) -> 9024 (8.88284, 3.70537)
    2175 (19.3783, 16.0956) -> 7753 (19.9211, 15.5849)
    2176 (23.0509, 13.2687) -> 8797 (23.0822, 13.1116)
    2177 (9.16629, 29.821) -> 8859 (8.78304, 29.156)
    2178 (15.769, -3.15437) -> 9518 (15.4287, -2.38883)
    2179 (6.51125, 26.4197) -> 8463 (5.97111, 25.814)
    2180 (9.05308, 28.6592) -> 8863 (8.43475, 28.0937)
    2181 (1.15087, -1.09719) -> 5576 (0.95751, -0.625157)
    2182 (4.94066e-324, 6.9533e-310) -> 8462 (0.0438228, 0.168997)
    2183 (3.13444, 12.4256) -> 6786 (2.28802, 12.4651)
    2184 (17.8931, 8.16803) -> 9522 (17.3255, 7.40948)
    2185 (17.8856, 24.8749) -> 9442 (18.1431, 24.1528)
    2186 (1.17881, 1.71064) -> 9551 (0.562415, 2.27446)
    2187 (12.6357, 10.2654) -> 5089 (12.8068, 9.81919)
    2188 (10.1871, 24.2836) -> 9462 (10.0836, 24.2432)
    2189 (24.4107, 20.8914) -> 8946 (24.6448, 20.04)
    2190 (4.67205, 24.9376) -> 8468 (4.57319, 24.5941)
    2191 (8.87263, 6.50522) -> 6402 (8.05525, 6.26881)
    2192 (0.0642449, 1.61703) -> 9160 (0.222219, 2.40353)
    2193 (1.45526, -4.92731) -> 8618 (1.49352, -4.46426)
    2194 (1.98582, 18.371) -> 2319 (1.6344, 17.5839)
    2195 (4.1916, 0.67981) -> 9723 (4.17902, 0.466787)
    2196 (8.5861, 2.54727) -> 8566 (8.55048, 1.57586)
    2197 (4.24029, 13.7284) -> 6649 (3.82092, 13.3588)
    2198 (21.2533, 16.1332) -> 9724 (20.9948, 15.6887)
    2199 (17.6715, 3.73652) -> 6831 (17.2939, 2.97559)
    2200 (18.3444, 20.7029) -> 6077 (18.6866, 20.5297)
    2201 (4.86663, 26.626) -> 4470 (4.4782, 26.0145)
    2202 (2.87336, 22.4884) -> 7249 (2.75316, 22.3193)
    2203 (13.463, 25.8927) -> 9066 (13.2577, 25.5784)
    2204 (11.8373, 28.8645) -> 9175 (11.3177, 28.1078)
    2205 (19.8693, 4.47978) -> 9443 (20.1435, 3.99057)
    2206 (16.667, 12.263) -> 8498 (17.4996, 12.1832)
    2207 (17.833, -3.66972) -> 9133 (17.2243, -3.72268)
    2208 (1.87092, -4.13662) -> 6742 (1.68489, -3.37667)
    2209 (0.166112, 0.830897) -> 8244 (0.230069, 1.40969)
    2210 (2.31802, 18.1501) -> 4 (2.30559, 17.3254)
    2211 (16.8904, 10.9921) -> 8202 (17.6257, 11.1044)
    2212 (4.94066e-324, 6.9533e-310) -> 8462 (0.0438228, 0.168997)
    2213 (15.0359, 5.1274) -> 9383 (14.4539, 4.56231)
    2214 (3.77157, 11.2131) -> 9810 (3.14041, 11.3263)
    2215 (18.7294, 27.9931) -> 8438 (18.4214, 27.7327)
    2216 (23.0067, 0.339306) -> 6543 (22.1583, 0.147963)
    2217 (3.14791, 9.10032) -> 8840 (2.80826, 9.29934)
    2218 (17.6767, 28.6809) -> 9338 (17.6171, 27.7901)
    2219 (8.2897, 22.1454) -> 8040 (7.92765, 22.0695)
    2220 (12.3821, 28.8459) -> 9735 (11.9679, 28.5633)
    2221 (16.0967, 12.8645) -> 5113 (17.0058, 12.8861)
    2222 (24.8132, 0.978605) -> 9635 (24.279, 0.978398)
    2223 (9.97977, 4.26239) -> 7358 (9.64047, 4.34256)
    2224 (7.23989, 8.77489) -> 5939 (6.63465, 8.46812)
    2225 (10.5047, 5.42757) -> 9887 (9.82314, 5.08274)
    2226 (8.50456, 20.407) -> 9760 (8.10023, 20.132)
    2227 (0.3507, 24.6833) -> 8487 (0.168797, 23.9546)
    2228 (0.963794, 21.0861) -> 8875 (0.768111, 20.5837)
    2229 (3.70687, 23.2527) -> 5795 (3.32215, 22.6048)
    2230 (19.4681, 14.2635) -> 9891 (19.3316, 13.3997)
    2231 (14.1327, 27.6228) -> 9200 (13.6993, 27.2903)
    2232 (14.8267, 27.1249) -> 8796 (14.813, 26.1938)
    2233 (11.616, 29.9706) -> 9152 (11.2131, 29.2452)
    2234 (9.7197, 4.46399) -> 7358 (9.64047, 4.34256)
    2235 (17.1409, 12.1258) -> 8498 (17.4996, 12.1832)
    2236 (2.95966, 25.5973) -> 3289 (2.95243, 25.4261)
    2237 (3.80943, 19.4285) -> 9529 (3.53201, 19.1407)
    2238 (2.43956, 19.157) -> 1260 (2.19128, 18.6601)
    2239 (24.2744, 13.0291) -> 8027 (24.4422, 12.1158)
    2240 (12.5222, 23.7572) -> 4891 (12.147, 23.4503)
    2241 (4.36374, 13.1571) -> 6312 (4.11365, 12.9744)
    2242 (3.19738, 9.19097) -> 4675 (2.45529, 9.64277)
    2243 (5.52341, 9.45936) -> 5793 (5.01369, 9.21382)
    2244 (20.9215, -3.47514) -> 9425 (20.0987, -3.28527)
    2245 (2.16542, 29.8335) -> 7826 (2.15177, 28.9899)
    2246 (8.94986, 27.7957) -> 8507 (8.34652, 27.4156)
    2247 (16.8118, 20.9538) -> 8922 (17.3599, 20.1885)
    2248 (7.34452, -1.31153) -> 9965 (6.93455, -1.42877)
    2249 (22.9199, 17.143) -> 9832 (22.5359, 16.3882)
    2250 (10.8094, -2.9905) -> 9572 (10.7813, -3.26601)
    2251 (1.75144, 23.8613) -> 9532 (1.77113, 23.6567)
    2252 (0.314138, 16.3839) -> 2838 (0.657338, 15.7171)
    2253 (6.93977, 17.3383) -> 6419 (6.14412, 16.9445)
    2254 (17.3792, 19.1658) -> 9371 (17.8795, 18.8474)
    2255 (23.5291, 9.30556) -> 7914 (23.4018, 8.60041)
    2256 (18.6274, 14.3653) -> 6990 (18.8719, 13.7004)
    2257 (9.22451, 15.7106) -> 5610 (8.83515, 15.9934)
    2258 (7.42421, 4.2055) -> 9855 (6.50225, 4.21312)
    2259 (23.4444, 13.4585) -> 4808 (23.3788, 13.0484)
    2260 (8.6792, -1.8722) -> 9685 (7.82459, -1.377)
    2261 (10.7631, -4.95829) -> 5539 (10.7263, -4.07004)
    2262 (19.6861, 2.04524) -> 9178 (18.946, 1.78918)
    2263 (19.4296, 7.9092) -> 7728 (19.0516, 6.99144)
    2264 (4.94066e-324, 6.9533e-310) -> 8462 (0.0438228, 0.168997)
    2265 (0.22909, 6.79548) -> 9708 (0.315816, 6.88522)
    2266 (19.4296, 29.3227) -> 8240 (19.6934, 28.6095)
    2267 (19.5821, 29.6868) -> 5966 (19.6177, 29.1193)
    2268 (1.5235, 12.1186) -> 8435 (1.08692, 12.4774)
    2269 (13.9957, 14.711) -> 4177 (14.4062, 14.7514)
    2270 (22.4311, 19.3067) -> 8900 (22.4544, 19.0927)
    2271 (10.8897, 26.8327) -> 6041 (10.1998, 26.4672)
    2272 (1.73471, 16.8307) -> 1 (1.35667, 15.9342)
    2273 (9.40317, -3.57933) -> 8193 (8.68053, -2.94404)
    2274 (24.2705, 22.2386) -> 4080 (24.6257, 21.457)
    2275 (2.05211, 25.0147) -> 8036 (1.739, 24.2112)
    2276 (6.20217, 9.40363) -> 5871 (5.42825, 9.1805)
    2277 (6.21301, 5.16515) -> 9790 (5.93394, 5.54778)
    2278 (24.7827, 6.62733) -> 8655 (24.4986, 5.85913)
    2279 (2.8472, 15.7374) -> 7284 (2.40645, 15.6129)
    2280 (3.05138, 24.6642) -> 7304 (2.99453, 23.9311)
    2281 (6.32386, 13.3977) -> 5955 (6.09192, 12.9401)
    2282 (16.7049, 7.45576) -> 6772 (16.8902, 6.55818)
    2283 (24.1509, 23.9598) -> 8761 (24.243, 23.3573)
    2284 (7.7, 16.1759) -> 9009 (7.22811, 16.2324)
    2285 (21.6942, 29.1014) -> 9921 (21.4942, 28.5727)
    2286 (11.4961, 9.18847) -> 8869 (11.407, 8.53814)
    2287 (9.93482, 27.3756) -> 6137 (9.73297, 26.5356)
    2288 (6.51201, 7.20099) -> 9401 (5.77581, 6.98355)
    2289 (5.48021, 8.17291) -> 3980 (5.11254, 7.84551)
    2290 (20.2302, 1.91949) -> 8276 (19.4487, 1.4421)
    2291 (19.699, -0.8797) -> 7183 (18.7959, -1.07345)
    2292 (20.2521, -1.65243) -> 8703 (19.6127, -1.68153)
    2293 (17.9601, -1.90193) -> 9071 (17.3908, -1.44395)
    2294 (12.1083, 27.1567) -> 4115 (11.7279, 26.3611)
    2295 (24.1601, 24.5096) -> 3822 (24.4455, 23.5516)
    2296 (16.9343, 12.7541) -> 6721 (17.3413, 12.5097)
    2297 (24.8052, 28.8834) -> 6377 (24.8868, 28.2639)
    2298 (7.33876, 13.8956) -> 9028 (6.54853, 13.5722)
    2299 (6.62247, 1.12812) -> 4821 (6.01727, 1.84465)
    2300 (16.0855, 16.0966) -> 9526 (16.4773, 15.4792)
    2301 (24.9859, -0.690055) -> 7206 (24.152, -0.828586)
    2302 (12.858, 1.315) -> 7781 (12.2414, 1.31795)
    2303 (21.5413, 7.32361) -> 9255 (21.467, 6.32923)
    2304 (7.50535, 20.3584) -> 8648 (6.55744, 20.0481)
    2305 (16.18, 15.7945) -> 9526 (16.4773, 15.4792)
    2306 (17.3023, 12.951) -> 5037 (17.8019, 12.9328)
    2307 (1.24613, -0.235456) -> 6767 (0.904983, 0.404994)
    2308 (11.4165, 16.5033) -> 7366 (11.1404, 17.3929)
    2309 (1.83964, 24.2203) -> 3183 (1.6073, 23.3245)
    2310 (8.81158, 27.6919) -> 8507 (8.34652, 27.4156)
    2311 (22.8666, 19.9127) -> 5989 (22.9079, 19.1421)
    2312 (3.70921, 11.3313) -> 9810 (3.14041, 11.3263)
    2313 (19.0596, 18.592) -> 9055 (18.9828, 17.9758)
    2314 (11.1289, 16.2285) -> 9408 (10.6252, 16.9162)
    2315 (22.0532, -3.56902) -> 9376 (21.6849, -3.95603)
    2316 (21.6527, 20.9787) -> 5735 (21.965, 20.0455)
    2317 (14.9362, 29.5736) -> 9379 (14.3882, 29.3139)
    2318 (2.56749, 21.4792) -> 9301 (2.63217, 21.0674)
    2319 (1.6344, 17.5839) -> 7184 (1.51756, 16.9978)
    2320 (3.80652, 1.01046) -> 9165 (3.30978, 1.20797)
    2321 (14.1865, 2.46608) -> 8030 (13.7662, 2.28504)
    2322 (3.01659, 3.56672) -> 6022 (2.67789, 4.01705)
    2323 (22.5005, 10.9314) -> 7940 (22.434, 10.4268)
    2324 (14.8218, 29.6322) -> 9379 (14.3882, 29.3139)
    2325 (15.7971, 28.9232) -> 8815 (16.2067, 28.1321)
    2326 (19.8147, 1.32938) -> 8209 (19.7104, 1.27863)
    2327 (23.1985, 14.2892) -> 8282 (23.2239, 13.3618)
    2328 (4.14718, -2.20967) -> 5214 (3.54214, -1.79776)
    2329 (16.9633, 20.9279) -> 8922 (17.3599, 20.1885)
    2330 (23.1657, 10.4458) -> 9798 (23.2194, 10.4868)
    2331 (12.9686, 17.0064) -> 9530 (13.9367, 17.1162)
    2332 (2.84981, 14.2019) -> 8017 (2.09132, 14.4088)
    2333 (1.09545, 3.00026) -> 9920 (1.15083, 3.43035)
    2334 (10.6479, -4.62153) -> 8140 (9.82075, -4.4653)
    2335 (14.8228, 23.4291) -> 8236 (15.1542, 22.9315)
    2336 (10.2241, 6.42624) -> 9880 (9.86458, 5.9157)
    2337 (22.2673, 11.7218) -> 7866 (22.6568, 11.0566)
    2338 (19.669, 25.26) -> 7441 (19.6838, 24.4603)
    2339 (23.516, 26.4643) -> 7605 (23.6234, 26.3555)
    2340 (9.54457, 23.4265) -> 9250 (9.00597, 22.7089)
    2341 (2.33138, 4.6737) -> 9247 (2.18409, 4.68801)
    2342 (18.3425, 24.4186) -> 9725 (18.5565, 24.0421)
    2343 (1.4663, 10.5708) -> 9149 (1.14544, 11.3543)
    2344 (13.1108, -3.75541) -> 6141 (13.117, -3.81253)
    2345 (15.2515, 29.7459) -> 7186 (14.7832, 29.2386)
    2346 (18.745, -3.86812) -> 9943 (18.0602, -3.77262)
    2347 (7.84874, -1.28118) -> 9685 (7.82459, -1.377)
    2348 (18.0288, -3.02302) -> 9943 (18.0602, -3.77262)
    2349 (8.24181, -3.1059) -> 9613 (7.5363, -3.78806)
    2350 (2.52078, 22.7947) -> 9815 (2.56398, 22.7251)
    2351 (13.2995, 22.5994) -> 9520 (12.698, 22.3114)
    2352 (11.1258, 1.98887) -> 9954 (10.4562, 1.79223)
    2353 (1.23028, 18.0492) -> 8201 (1.13895, 17.7484)
    2354 (8.96118, 5.26792) -> 9135 (8.66739, 5.164)
    2355 (2.13758, -4.25166) -> 6742 (1.68489, -3.37667)
    2356 (17.2933, 27.4256) -> 5012 (17.7117, 27.3055)
    2357 (1.8001, 16.8054) -> 1 (1.35667, 15.9342)
    2358 (22.1695, 16.8104) -> 4997 (22.5287, 16.1807)
    2359 (24.6355, -4.63156) -> 8770 (23.8776, -4.71809)
    2360 (8.71201, 18.1012) -> 9095 (8.6171, 17.9962)
    2361 (20.0589, 21.7058) -> 3141 (20.132, 21.2704)
    2362 (17.773, 26.4923) -> 9584 (17.3981, 25.7789)
    2363 (21.7078, 3.48342) -> 9031 (21.346, 3.0224)
    2364 (15.245, 21.9954) -> 8296 (15.4665, 21.3089)
    2365 (17.1382, 1.34925) -> 9475 (16.4684, 0.892819)
    2366 (14.7812, 15.3829) -> 3239 (15.3146, 15.2051)
    2367 (19.8173, 15.4415) -> 7969 (20.0047, 15.1278)
    2368 (12.213, 25.3057) -> 8616 (11.7209, 24.6118)
    2369 (2.33549, 10.775) -> 7845 (1.67331, 11.356)
    2370 (7.32356, -1.96226) -> 9965 (6.93455, -1.42877)
    2371 (3.49866, 13.2579) -> 9836 (3.22627, 12.8029)
    2372 (4.42147, 28.6636) -> 6560 (4.18918, 27.7682)
    2373 (9.25606, -1.56142) -> 9227 (8.42759, -1.01045)
    2374 (18.871, 13.0678) -> 9789 (19.4668, 12.7325)
    2375 (18.817, 8.55812) -> 9928 (18.7729, 7.89008)
    2376 (17.7829, 15.3071) -> 9758 (17.8286, 15.1653)
    2377 (12.3146, 17.1811) -> 5974 (12.5392, 17.2782)
    2378 (8.51539, 16.4398) -> 7285 (8.23631, 16.2871)
    2379 (24.4663, 24.7232) -> 9209 (24.5727, 24.0743)
    2380 (14.3044, 13.4295) -> 6717 (14.6204, 13.4268)
    2381 (23.0456, 15.0381) -> 9544 (23.2561, 14.9038)
    2382 (12.7478, -0.97204) -> 9023 (12.8074, -1.01563)
    2383 (18.6607, 26.9462) -> 9636 (18.6972, 26.3523)
    2384 (3.75838, 4.87238) -> 9801 (3.20846, 4.67356)
    2385 (15.28, 26.7471) -> 9044 (15.9153, 26.5208)
    2386 (0.708946, 12.5773) -> 1874 (0.65849, 13.5222)
    2387 (8.7208, 29.1715) -> 6057 (8.06024, 28.4328)
    2388 (4.06613, 0.499524) -> 9723 (4.17902, 0.466787)
    2389 (4.94066e-324, 6.9533e-310) -> 8462 (0.0438228, 0.168997)
    2390 (2.2175, 19.7962) -> 8273 (1.75769, 18.9526)
    2391 (4.58391, -2.69288) -> 3873 (4.0718, -2.28126)
    2392 (4.94066e-324, 6.9533e-310) -> 8462 (0.0438228, 0.168997)
    2393 (4.94066e-324, 6.9533e-310) -> 8462 (0.0438228, 0.168997)
    2394 (11.5294, 20.0955) -> 9459 (10.863, 19.9442)
    2395 (11.8864, -3.4373) -> 7871 (11.3654, -3.22349)
    2396 (22.783, 21.9945) -> 8488 (23.2144, 21.2385)
    2397 (10.1109, 21.2464) -> 4484 (9.46227, 20.7056)
    2398 (1.58727, 19.5284) -> 8273 (1.75769, 18.9526)
    2399 (1.52538, 17.001) -> 5276 (1.3311, 16.3508)
    2400 (9.4708, 5.17044) -> 8753 (8.94558, 4.59894)
    2401 (24.7842, 10.972) -> 8109 (24.8273, 10.5302)
    2402 (6.59448, 8.42477) -> 5623 (5.67995, 8.05612)
    2403 (4.23517, 28.9492) -> 9192 (4.14623, 28.5127)
    2404 (3.88371, -0.455192) -> 9953 (3.12525, -0.406663)
    2405 (21.2712, 25.4328) -> 7300 (21.5692, 24.7471)
    2406 (24.6027, 14.524) -> 9729 (24.6982, 14.2109)
    2407 (17.4169, -2.24168) -> 9776 (16.5444, -2.43759)
    2408 (21.5893, 23.2959) -> 6181 (21.8435, 23.0305)
    2409 (7.03623, -1.29786) -> 9549 (6.17799, -1.02182)
    2410 (17.7379, 8.37443) -> 8926 (18.2859, 7.67226)
    2411 (20.5253, 25.466) -> 7154 (20.6741, 24.5705)
    2412 (9.50243, 8.62195) -> 6338 (9.27065, 8.27545)
    2413 (5.20128, 8.65523) -> 6421 (4.2143, 8.73586)
    2414 (22.7479, 10.2849) -> 7723 (22.7099, 9.76803)
    2415 (5.35588, 22.8305) -> 3454 (5.45213, 22.3806)
    2416 (9.86508, 6.98266) -> 2833 (9.50561, 6.5089)
    2417 (4.94066e-324, 6.9533e-310) -> 8462 (0.0438228, 0.168997)
    2418 (1.9206, 5.4688) -> 211 (1.31913, 6.2081)
    2419 (22.5362, 12.5426) -> 5897 (22.9862, 12.172)
    2420 (18.0325, 8.43288) -> 9928 (18.7729, 7.89008)
    2421 (20.0564, -0.310395) -> 9295 (19.9351, -0.555704)
    2422 (20.7857, -2.9247) -> 9915 (20.2503, -2.95598)
    2423 (7.16967, 16.2143) -> 5968 (6.31533, 16.0598)
    2424 (3.20375, -4.16783) -> 5238 (2.73843, -3.56882)
    2425 (19.6418, -1.27671) -> 9641 (18.7067, -1.33456)
    2426 (0.00985044, 14.4374) -> 1856 (0.653, 14.8406)
    2427 (3.57117, 20.4106) -> 3856 (3.25562, 19.8181)
    2428 (2.65471, 22.688) -> 7249 (2.75316, 22.3193)
    2429 (9.07685, 2.07292) -> 8566 (8.55048, 1.57586)
    2430 (16.1511, 9.90115) -> 8011 (16.2636, 9.65921)
    2431 (2.83914, -4.12452) -> 9618 (2.30386, -3.6176)
    2432 (17.1157, 19.9505) -> 9854 (17.5784, 19.4783)
    2433 (8.19684, 26.6831) -> 5526 (8.02877, 26.1604)
    2434 (22.4171, 12.1665) -> 9456 (22.4115, 11.6165)
    2435 (6.48598, 4.35325) -> 8871 (6.40977, 4.51971)
    2436 (13.1371, 1.34399) -> 8651 (13.5134, 1.01477)
    2437 (18.8866, 22.4957) -> 9624 (18.9378, 21.9342)
    2438 (6.89132, 17.9669) -> 3754 (6.10876, 17.7906)
    2439 (13.8609, 17.7711) -> 7126 (14.5624, 17.3492)
    2440 (8.49806, 8.11768) -> 9065 (8.34312, 7.95676)
    2441 (23.5859, 11.9831) -> 9747 (23.8093, 11.4192)
    2442 (18.5752, 6.26255) -> 9929 (17.8048, 6.2399)
    2443 (2.96944, 21.5588) -> 9301 (2.63217, 21.0674)
    2444 (14.5731, -4.08168) -> 9329 (14.4023, -3.90297)
    2445 (9.97706, 8.98885) -> 3309 (9.41698, 8.19669)
    2446 (5.88251, 14.4996) -> 7668 (5.24586, 13.9615)
    2447 (4.39352, -1.36238) -> 1894 (3.92583, -0.713471)
    2448 (22.5138, -3.92589) -> 9376 (21.6849, -3.95603)
    2449 (14.7957, -2.50274) -> 6449 (14.3432, -2.27631)
    2450 (19.934, -4.21547) -> 7885 (18.9915, -4.42694)
    2451 (1.77848, 24.0964) -> 3183 (1.6073, 23.3245)
    2452 (11.5187, 28.3779) -> 8650 (10.8446, 28.0254)
    2453 (17.2056, 20.4004) -> 8922 (17.3599, 20.1885)
    2454 (23.195, -0.555151) -> 9389 (22.8995, -0.788424)
    2455 (20.0553, 21.8785) -> 8272 (20.0826, 20.9073)
    2456 (8.19371, 11.7789) -> 8058 (7.23542, 11.5492)
    2457 (15.2843, 9.4897) -> 8882 (15.7357, 8.89611)
    2458 (21.3448, 28.0515) -> 5240 (21.3929, 27.3976)
    2459 (6.01181, 4.35254) -> 3782 (5.3638, 4.48516)
    2460 (11.5281, 5.78921) -> 9662 (10.9453, 5.42681)
    2461 (3.64739, 5.86632) -> 8123 (3.33319, 5.75113)
    2462 (13.9877, 20.6915) -> 9312 (14.2336, 20.2698)
    2463 (6.63296, -3.07086) -> 8534 (6.16004, -2.69775)
    2464 (3.07771, 3.75176) -> 6022 (2.67789, 4.01705)
    2465 (4.94066e-324, 6.9533e-310) -> 8462 (0.0438228, 0.168997)
    2466 (1.77745, 19.9545) -> 9627 (1.40389, 19.3896)
    2467 (12.0628, -1.47794) -> 8693 (11.3255, -1.5636)
    2468 (12.1389, 5.62512) -> 9458 (11.3009, 5.0902)
    2469 (15.1282, 4.41402) -> 9383 (14.4539, 4.56231)
    2470 (22.0636, -4.15641) -> 9376 (21.6849, -3.95603)
    2471 (0.712336, -0.0154982) -> 9623 (0.664097, 0.892402)
    2472 (17.4883, 27.8707) -> 9787 (18.0453, 27.1867)
    2473 (9.11073, 18.0536) -> 8671 (8.40375, 17.4237)
    2474 (23.6555, 1.96176) -> 7463 (23.3832, 1.84679)
    2475 (14.8129, 26.4402) -> 8796 (14.813, 26.1938)
    2476 (19.4769, 10.032) -> 9961 (19.7118, 9.24112)
    2477 (10.9637, 4.2734) -> 7469 (10.5156, 4.13276)
    2478 (18.8601, 28.537) -> 9607 (19.2151, 28.4567)
    2479 (24.4313, 5.2103) -> 7792 (24.7877, 4.64526)
    2480 (16.1331, 16.0916) -> 9526 (16.4773, 15.4792)
    2481 (22.2459, 4.95033) -> 9802 (21.7479, 4.55596)
    2482 (11.7842, 22.8137) -> 2527 (11.0072, 22.4035)
    2483 (12.1502, 6.68147) -> 8357 (11.455, 6.00965)
    2484 (6.92622, 20.2784) -> 4644 (6.14169, 19.8948)
    2485 (4.94066e-324, 6.9533e-310) -> 8462 (0.0438228, 0.168997)
    2486 (1.4563, 0.468297) -> 9623 (0.664097, 0.892402)
    2487 (1.44582, 25.3978) -> 7292 (1.35714, 24.9914)
    2488 (18.8508, 6.20079) -> 8915 (18.7341, 5.58853)
    2489 (2.20703, 27.1895) -> 9712 (1.99212, 26.3583)
    2490 (21.4685, 9.54342) -> 9842 (21.2568, 9.19858)
    2491 (7.05185, 3.89848) -> 7637 (6.12604, 4.06085)
    2492 (0.0588572, 13.1314) -> 7665 (0.182007, 13.1245)
    2493 (18.916, 28.5309) -> 9607 (19.2151, 28.4567)
    2494 (0.580883, 29.2549) -> 9843 (0.566616, 29.1371)
    2495 (7.60334, -3.61473) -> 9242 (6.83848, -3.11742)
    2496 (2.70264, 24.5719) -> 6333 (2.50487, 23.7325)
    2497 (7.10816, 8.33986) -> 8586 (6.49976, 7.8585)
    2498 (18.0332, 28.261) -> 8438 (18.4214, 27.7327)
    2499 (2.22988, -0.113464) -> 8794 (1.72245, 0.474988)
    2500 (10.6122, 5.11535) -> 9413 (9.91068, 4.87847)
    2501 (17.4392, 6.43975) -> 7732 (17.2198, 5.77208)
    2502 (8.90632, 1.69676) -> 9144 (8.12937, 1.54858)
    2503 (18.54, 29.4429) -> 9159 (18.4943, 28.9078)
    2504 (20.5256, 22.7802) -> 9736 (20.6725, 22.021)
    2505 (0.495679, 18.9437) -> 5160 (0.58252, 18.6703)
    2506 (13.7778, 17.5896) -> 8199 (14.5889, 17.0264)
    2507 (14.0342, 14.2238) -> 4496 (14.0875, 14.287)
    2508 (9.93186, -1.82352) -> 9893 (10.2057, -1.20739)
    2509 (1.41975, -4.69445) -> 9511 (1.33923, -3.99781)
    2510 (6.35832, 27.7001) -> 8828 (5.76551, 27.2974)
    2511 (19.3085, 5.15661) -> 6445 (18.9871, 4.92379)
    2512 (3.4164, 3.68728) -> 6440 (2.85025, 4.27089)
    2513 (9.08524, 17.8085) -> 8671 (8.40375, 17.4237)
    2514 (14.631, 1.96751) -> 5956 (13.8165, 1.71592)
    2515 (0.0665526, 3.32741) -> 9539 (0.132033, 4.10037)
    2516 (11.0753, 24.3989) -> 9986 (11.0057, 24.2086)
    2517 (4.94066e-324, 6.9533e-310) -> 8462 (0.0438228, 0.168997)
    2518 (23.98, 4.84445) -> 9331 (23.5526, 4.22387)
    2519 (22.3783, 6.97337) -> 8265 (21.8225, 6.18142)
    2520 (10.4628, 20.3527) -> 2145 (9.62023, 20.012)
    2521 (17.2198, 28.3468) -> 9664 (17.6332, 27.4693)
    2522 (2.69001, 16.0817) -> 9283 (1.89279, 15.6427)
    2523 (9.01324, 8.96344) -> 2738 (8.37144, 8.20972)
    2524 (0.201387, 6.83375) -> 9593 (0.483326, 7.7801)
    2525 (3.60175, -4.35692) -> 5508 (3.36218, -4.22541)
    2526 (21.6856, 6.19275) -> 9574 (21.0765, 5.83874)
    2527 (11.0072, 22.4035) -> 9415 (10.7025, 21.7883)
    2528 (2.91232, -0.395565) -> 6029 (2.33313, 0.163823)
    2529 (3.44745, -3.28877) -> 8675 (3.18635, -2.91432)
    2530 (3.6093, 25.5138) -> 4906 (3.37532, 24.8288)
    2531 (2.59634, 14.6779) -> 7727 (2.35442, 14.7227)
    2532 (4.39757, 18.6025) -> 5327 (3.67506, 18.0092)
    2533 (14.6991, 15.984) -> 8135 (15.04, 15.8878)
    2534 (15.3691, 4.99516) -> 9271 (15.2877, 4.85785)
    2535 (13.1892, 17.3816) -> 9530 (13.9367, 17.1162)
    2536 (15.0098, 15.6304) -> 7398 (15.8435, 15.0896)
    2537 (19.2373, 13.8248) -> 9891 (19.3316, 13.3997)
    2538 (14.629, 8.07821) -> 6578 (14.6037, 7.30996)
    2539 (2.92563, 17.7116) -> 9014 (2.72292, 17.4929)
    2540 (21.26, 28.5002) -> 8663 (21.2266, 28.1316)
    2541 (2.3792, -3.97957) -> 9912 (2.12121, -3.55887)
    2542 (20.4556, 5.5727) -> 9617 (20.9253, 5.32649)
    2543 (2.58409, 28.4463) -> 7904 (2.59627, 27.9608)
    2544 (21.3182, 18.5014) -> 7978 (21.5265, 18.2068)
    2545 (20.4059, 15.0193) -> 3894 (20.7598, 14.4053)
    2546 (13.9045, 25.9761) -> 9066 (13.2577, 25.5784)
    2547 (12.1185, 29.7697) -> 9658 (11.5884, 29.4568)
    2548 (2.11814, 21.961) -> 6300 (2.13355, 21.0403)
    2549 (21.2782, 20.0265) -> 8593 (21.3701, 19.9716)
    2550 (14.4222, 0.345919) -> 6647 (14.1877, 0.234729)
    2551 (10.1678, 22.0455) -> 8160 (9.61295, 21.5857)
    2552 (20.5751, 9.01597) -> 7425 (20.1499, 8.19089)
    2553 (8.32665, -3.06307) -> 7042 (7.78865, -2.79989)
    2554 (7.65866, 18.8445) -> 8594 (7.52821, 18.7737)
    2555 (22.2969, 23.0778) -> 7030 (22.3511, 22.9132)
    2556 (8.44884, -0.168904) -> 9428 (7.64817, -0.108808)
    2557 (6.80994, 23.5386) -> 9499 (6.3436, 22.9072)
    2558 (13.5563, 21.277) -> 8535 (13.869, 20.5057)
    2559 (4.60076, 29.7244) -> 8885 (4.28919, 29.4623)
    2560 (9.57913, 17.2825) -> 6796 (8.79033, 17.3943)
    2561 (10.331, -1.40896) -> 9893 (10.2057, -1.20739)
    2562 (17.4745, 10.8138) -> 9557 (17.9772, 10.4207)
    2563 (5.7739, 21.7117) -> 6501 (5.504, 21.5649)
    2564 (7.80196, 26.8946) -> 8182 (7.47969, 26.3891)
    2565 (10.7765, 28.1114) -> 7564 (10.7243, 28.063)
    2566 (1.75225, 12.6506) -> 7653 (1.51105, 12.8487)
    2567 (20.0625, -0.16182) -> 9295 (19.9351, -0.555704)
    2568 (8.90967, 17.4423) -> 6796 (8.79033, 17.3943)
    2569 (3.59577, 1.30365) -> 9165 (3.30978, 1.20797)
    2570 (23.2862, 23.3176) -> 9405 (23.8864, 22.703)
    2571 (18.6626, 15.2039) -> 9256 (18.7041, 15.0189)
    2572 (24.3782, -1.55549) -> 9935 (23.8721, -1.44009)
    2573 (21.4096, 7.13071) -> 9255 (21.467, 6.32923)
    2574 (15.8707, -2.43761) -> 9518 (15.4287, -2.38883)
    2575 (15.2422, -4.25322) -> 9329 (14.4023, -3.90297)
    2576 (11.9826, 19.4741) -> 5129 (11.3539, 19.3209)
    2577 (20.5501, 17.6738) -> 6507 (21.0116, 16.9845)
    2578 (11.054, 28.3522) -> 7564 (10.7243, 28.063)
    2579 (22.133, 7.6158) -> 9950 (21.7957, 7.14588)
    2580 (17.7196, 26.8257) -> 6853 (18.0087, 25.9633)
    2581 (11.6197, 2.97483) -> 9496 (11.6639, 2.92546)
    2582 (13.0369, 15.7337) -> 9683 (13.8977, 16.2036)
    2583 (19.7381, 13.4114) -> 9789 (19.4668, 12.7325)
    2584 (16.0545, -0.523971) -> 9612 (15.1687, -0.234117)
    2585 (20.0606, 14.7262) -> 8205 (20.4283, 14.066)
    2586 (15.9722, 24.7916) -> 9939 (16.5837, 24.4924)
    2587 (16.1992, 24.2809) -> 8549 (16.3021, 23.9249)
    2588 (9.10865, 17.0072) -> 7649 (8.68413, 16.8751)
    2589 (20.7833, 28.9713) -> 8663 (21.2266, 28.1316)
    2590 (6.27827, 10.7597) -> 9094 (5.53582, 10.7687)
    2591 (21.7454, 25.779) -> 9261 (22.0379, 24.8853)
    2592 (2.3324, 25.8285) -> 7672 (2.15986, 24.8507)
    2593 (21.3023, 17.1844) -> 8996 (21.7805, 16.5772)
    2594 (18.4631, 12.3321) -> 9748 (18.4359, 12.5627)
    2595 (5.17538, -4.35671) -> 9711 (5.18476, -3.92025)
    2596 (10.1717, 2.82843) -> 6600 (9.58856, 2.96859)
    2597 (23.7973, 28.5905) -> 6132 (24.0767, 27.6808)
    2598 (12.5998, -0.989098) -> 9946 (12.6529, -0.647598)
    2599 (18.9036, 13.5706) -> 5120 (19.2102, 12.7691)
    2600 (20.8698, 24.2469) -> 6849 (21.2976, 23.6015)
    2601 (19.2602, 28.3776) -> 4846 (19.5097, 27.5781)
    2602 (2.136, 27.3191) -> 9712 (1.99212, 26.3583)
    2603 (20.9254, 29.6338) -> 5906 (21.0299, 29.0928)
    2604 (11.8622, 8.43013) -> 8606 (11.8078, 7.55059)
    2605 (3.66944, 13.288) -> 9836 (3.22627, 12.8029)
    2606 (5.61111, 2.92175) -> 9490 (4.76057, 3.01891)
    2607 (24.9502, -0.00650236) -> 9128 (24.9778, 0.540048)
    2608 (21.0401, 24.6372) -> 6250 (21.233, 24.3465)
    2609 (5.82982, 0.157395) -> 8395 (4.94703, 0.574472)
    2610 (7.48619, 7.56377) -> 9745 (6.89283, 7.28186)
    2611 (5.26265, 28.2289) -> 5446 (5.27371, 27.3945)
    2612 (24.0118, 19.7523) -> 4929 (24.2541, 19.0686)
    2613 (5.2851, 12.5953) -> 6861 (4.447, 12.7592)
    2614 (24.8072, 8.15239) -> 8776 (24.1979, 7.42524)
    2615 (18.4198, 7.0039) -> 9929 (17.8048, 6.2399)
    2616 (0.358025, -1.4091) -> 9498 (0.463895, -0.62397)
    2617 (14.857, 14.2609) -> 4187 (15.2736, 14.031)
    2618 (16.0915, 28.5253) -> 8815 (16.2067, 28.1321)
    2619 (13.4002, 4.41505) -> 9257 (12.675, 3.85819)
    2620 (4.83011, 14.5452) -> 3124 (4.07324, 14.5192)
    2621 (8.22796, 27.8002) -> 1706 (7.98747, 27.322)
    2622 (8.07458, 27.3261) -> 6808 (7.4879, 26.9334)
    2623 (3.15314, 4.8736) -> 9247 (2.18409, 4.68801)
    2624 (2.33319, 26.2184) -> 7782 (2.04143, 25.2753)
    2625 (20.0683, 28.0718) -> 9289 (19.9325, 27.637)
    2626 (10.9695, 25.1918) -> 6458 (10.4269, 24.8257)
    2627 (23.9231, 29.3901) -> 8698 (23.8901, 29.2728)
    2628 (18.6123, 19.593) -> 8924 (18.6194, 19.1532)
    2629 (0.10024, -2.6856) -> 8304 (0.359084, -1.86825)
    2630 (4.94066e-324, 6.9533e-310) -> 8462 (0.0438228, 0.168997)
    2631 (1.11759, -4.11634) -> 8251 (1.28208, -3.38166)
    2632 (17.2886, 24.9898) -> 9675 (16.9685, 24.1876)
    2633 (23.2127, 0.554552) -> 1611 (22.4673, 0.456788)
    2634 (24.0846, 3.32169) -> 9162 (23.4381, 2.58302)
    2635 (4.94066e-324, 6.9533e-310) -> 8462 (0.0438228, 0.168997)
    2636 (6.89501, 7.79746) -> 8153 (6.52814, 7.6478)
    2637 (4.94066e-324, 6.9533e-310) -> 8462 (0.0438228, 0.168997)
    2638 (3.36471, 1.10554) -> 9165 (3.30978, 1.20797)
    2639 (22.918, 4.28455) -> 7594 (22.4884, 3.42209)
    2640 (15.3944, 13.5274) -> 2221 (16.0967, 12.8645)
    2641 (17.0517, 27.6324) -> 6398 (17.1939, 26.969)
    2642 (19.2101, 22.8689) -> 8548 (19.4915, 22.0561)
    2643 (15.9829, 8.70309) -> 9996 (16.1374, 8.26381)
    2644 (4.94066e-324, 6.9533e-310) -> 8462 (0.0438228, 0.168997)
    2645 (24.3483, 14.461) -> 4120 (24.5775, 13.7069)
    2646 (20.9068, 10.1162) -> 9842 (21.2568, 9.19858)
    2647 (3.82588, 18.3717) -> 7976 (3.34162, 17.9862)
    2648 (1.57503, 19.6372) -> 8273 (1.75769, 18.9526)
    2649 (4.60177, 7.47322) -> 5707 (4.2644, 7.58764)
    2650 (4.94066e-324, 6.9533e-310) -> 8462 (0.0438228, 0.168997)
    2651 (8.42101, 7.46485) -> 9892 (7.98228, 7.13008)
    2652 (23.6401, 3.24927) -> 8850 (23.0908, 3.24681)
    2653 (9.39677, 6.04945) -> 9556 (8.5857, 5.75247)
    2654 (3.93937, 16.8767) -> 7459 (3.72965, 16.6616)
    2655 (20.9753, 29.923) -> 9457 (21.4067, 29.5231)
    2656 (4.87335, 21.6123) -> 3793 (4.39076, 21.1767)
    2657 (23.2686, 28.054) -> 8486 (23.3467, 27.7365)
    2658 (9.61442, 17.0059) -> 7649 (8.68413, 16.8751)
    2659 (9.47303, 17.8687) -> 6535 (8.73282, 17.7733)
    2660 (22.5914, 16.1542) -> 7946 (22.7049, 15.9358)
    2661 (4.15988, 8.41527) -> 9756 (3.48521, 8.79048)
    2662 (15.3005, -1.75378) -> 8206 (14.5314, -2.12094)
    2663 (4.76207, 14.5739) -> 3124 (4.07324, 14.5192)
    2664 (7.38192, 16.8209) -> 9639 (6.91435, 16.7484)
    2665 (14.0569, 6.05135) -> 4582 (14.0567, 5.29866)
    2666 (16.9865, 13.9995) -> 4128 (17.6922, 13.3859)
    2667 (23.1735, 0.357398) -> 7880 (22.4156, 0.0845946)
    2668 (4.48772, -2.20207) -> 8574 (4.30007, -2.79408)
    2669 (13.1354, 15.2163) -> 9385 (13.7984, 15.9168)
    2670 (21.3667, 29.1946) -> 9921 (21.4942, 28.5727)
    2671 (1.04231, 16.9818) -> 4175 (0.877288, 16.4205)
    2672 (1.33943, 21.856) -> 9874 (1.54962, 21.3133)
    2673 (0.664687, 13.9862) -> 8774 (0.940078, 14.7038)
    2674 (13.9611, 11.9756) -> 7568 (14.8344, 11.664)
    2675 (13.4024, 4.40898) -> 9257 (12.675, 3.85819)
    2676 (23.8543, 5.84073) -> 9824 (23.0474, 5.48682)
    2677 (2.84532, 13.4687) -> 8 (2.52208, 13.7044)
    2678 (21.4602, 25.885) -> 6480 (21.6314, 25.6136)
    2679 (18.8867, 26.5876) -> 9067 (19.1873, 25.8658)
    2680 (7.92175, 10.8105) -> 4293 (7.29948, 10.4889)
    2681 (5.82665, 24.9681) -> 9273 (5.48891, 24.5565)
    2682 (17.237, 4.11608) -> 8750 (16.6997, 3.44532)
    2683 (7.2864, -2.33443) -> 7390 (7.0847, -2.31915)
    2684 (14.3055, 28.0383) -> 9172 (13.6631, 27.7893)
    2685 (4.94066e-324, 6.9533e-310) -> 8462 (0.0438228, 0.168997)
    2686 (5.08143, 12.4807) -> 6861 (4.447, 12.7592)
    2687 (17.0083, 15.9213) -> 8147 (17.2664, 15.6434)
    2688 (8.2957, 9.73738) -> 3461 (7.62161, 9.16715)
    2689 (8.02339, 18.6689) -> 8896 (7.49378, 18.1043)
    2690 (11.368, 27.7972) -> 5781 (10.7451, 27.2063)
    2691 (18.2781, 13.2468) -> 9076 (18.2506, 12.5669)
    2692 (12.0857, -3.54174) -> 7871 (11.3654, -3.22349)
    2693 (21.7927, -3.87175) -> 9376 (21.6849, -3.95603)
    2694 (15.3977, 6.79388) -> 7250 (14.9777, 6.25983)
    2695 (5.10907, 0.386105) -> 9723 (4.17902, 0.466787)
    2696 (10.3585, 8.44057) -> 6661 (9.82835, 7.83642)
    2697 (11.2045, 0.685462) -> 7530 (10.9099, 0.731527)
    2698 (14.636, -4.80053) -> 9041 (14.243, -4.49281)
    2699 (15.9625, 2.54579) -> 9755 (15.7086, 2.48588)
    2700 (21.1299, 0.879988) -> 9527 (21.0923, 0.682211)
    2701 (20.7462, 6.97321) -> 8925 (20.7455, 6.83576)
    2702 (24.253, 13.2895) -> 8818 (24.5358, 12.6395)
    2703 (6.80492, -3.66128) -> 8322 (6.67246, -3.69825)
    2704 (0.079705, 10.5391) -> 7761 (0.235807, 11.5007)
    2705 (24.2947, 27.5062) -> 7500 (24.709, 27.1437)
    2706 (11.2818, 2.88997) -> 8581 (10.9935, 2.94523)
    2707 (7.36747, 13.3235) -> 6319 (6.85452, 13.2713)
    2708 (12.8363, 23.5763) -> 9603 (12.3203, 22.728)
    2709 (17.8597, 10.6131) -> 9557 (17.9772, 10.4207)
    2710 (5.89093, 12.2052) -> 5255 (5.42235, 12.1946)
    2711 (15.7037, 0.578551) -> 9858 (15.6507, 0.460838)
    2712 (18.9505, -3.29575) -> 9221 (18.6172, -3.36952)
    2713 (13.7527, 25.9956) -> 9066 (13.2577, 25.5784)
    2714 (10.042, 18.994) -> 9006 (9.41628, 18.9973)
    2715 (13.1561, 1.33626) -> 8651 (13.5134, 1.01477)
    2716 (4.94066e-324, 6.9533e-310) -> 8462 (0.0438228, 0.168997)
    2717 (16.0774, 17.3469) -> 9370 (16.0452, 16.7524)
    2718 (19.8029, 25.145) -> 6469 (20.1428, 24.3367)
    2719 (24.8519, 7.53837) -> 9323 (24.8824, 6.72749)
    2720 (21.3074, 8.91683) -> 6613 (20.9375, 8.4487)
    2721 (22.6462, 14.0329) -> 5546 (22.7032, 13.2727)
    2722 (4.94066e-324, 6.9533e-310) -> 8462 (0.0438228, 0.168997)
    2723 (6.1432, 26.4367) -> 9826 (5.90841, 26.0427)
    2724 (14.2992, 4.94844) -> 9553 (13.6245, 5.08369)
    2725 (4.38238, 8.87529) -> 7175 (3.96747, 9.02351)
    2726 (4.63018, 26.0196) -> 9514 (4.62796, 25.5762)
    2727 (13.8209, 20.1726) -> 9337 (14.3754, 19.5243)
    2728 (0.0317781, 11.097) -> 7761 (0.235807, 11.5007)
    2729 (22.6629, 26.226) -> 8623 (22.505, 25.6306)
    2730 (10.0297, 20.0745) -> 3506 (9.12354, 19.8086)
    2731 (8.86531, 9.29011) -> 6658 (8.11565, 8.69045)
    2732 (20.5236, 15.4451) -> 8044 (20.8059, 14.5862)
    2733 (5.87153, 15.7753) -> 4143 (5.01847, 15.6507)
    2734 (2.22497, 1.33656) -> 9899 (1.57877, 1.38033)
    2735 (3.30207, 7.78417) -> 9340 (2.7778, 8.18868)
    2736 (5.47831, 16.0465) -> 9905 (5.42175, 16.2822)
    2737 (3.28725, 1.26578) -> 9860 (2.92214, 2.12143)
    2738 (8.37144, 8.20972) -> 4369 (7.94918, 7.91608)
    2739 (4.38341, 28.1017) -> 6560 (4.18918, 27.7682)
    2740 (2.45089, 3.12087) -> 9983 (2.01447, 3.84908)
    2741 (18.2246, -2.47336) -> 9975 (18.3248, -2.13121)
    2742 (1.00417, -4.43153) -> 9511 (1.33923, -3.99781)
    2743 (8.10988, 26.7779) -> 8182 (7.47969, 26.3891)
    2744 (23.8717, 15.391) -> 8700 (23.8898, 14.9988)
    2745 (13.9226, 11.5796) -> 5662 (14.7561, 11.2132)
    2746 (16.1489, 10.8677) -> 9922 (16.4906, 10.5518)
    2747 (21.4134, 17.801) -> 5674 (22.0261, 17.1268)
    2748 (10.5517, 18.724) -> 4884 (9.85234, 18.7426)
    2749 (22.2143, 13.7727) -> 6301 (22.2397, 12.9261)
    2750 (20.4802, 7.6649) -> 9509 (20.4259, 7.11284)
    2751 (19.0987, 0.262025) -> 9795 (18.4194, 0.256348)
    2752 (12.8879, 0.631868) -> 9768 (12.5441, 0.224692)
    2753 (14.9939, -1.48313) -> 7917 (14.7796, -1.49222)
    2754 (2.88703, 18.6121) -> 3526 (2.65798, 18.0431)
    2755 (18.1651, 17.7573) -> 6771 (18.5164, 17.6522)
    2756 (22.7998, 12.6525) -> 9399 (22.7422, 12.4206)
    2757 (24.6657, 10.084) -> 8862 (24.2782, 9.21821)
    2758 (2.97731, 26.8964) -> 8660 (2.9121, 26.2614)
    2759 (7.34302, -2.15488) -> 7081 (7.24218, -2.11675)
    2760 (18.1859, 23.7013) -> 8890 (18.3826, 22.8747)
    2761 (21.4709, 25.6324) -> 9261 (22.0379, 24.8853)
    2762 (5.32979, 26.1044) -> 8424 (5.01511, 25.5718)
    2763 (5.52509, 22.2547) -> 8572 (5.14441, 21.8024)
    2764 (11.794, 24.8709) -> 8616 (11.7209, 24.6118)
    2765 (3.82259, 4.92532) -> 8599 (3.25299, 4.74824)
    2766 (7.67022, -3.73458) -> 9613 (7.5363, -3.78806)
    2767 (6.31854, 7.91169) -> 5249 (5.56147, 7.79835)
    2768 (19.6589, -0.847893) -> 7183 (18.7959, -1.07345)
    2769 (21.3864, 21.9893) -> 9276 (21.4002, 21.9527)
    2770 (23.8223, 0.15117) -> 9304 (23.4132, 0.0472246)
    2771 (8.91038, 18.2902) -> 9046 (7.98937, 18.1285)
    2772 (10.4037, 17.9289) -> 6683 (9.78265, 17.4788)
    2773 (0.430506, 20.0699) -> 9876 (0.481272, 19.8198)
    2774 (7.26571, 7.93234) -> 8153 (6.52814, 7.6478)
    2775 (21.2707, 8.48378) -> 8880 (21.3068, 7.6693)
    2776 (9.10729, 28.1601) -> 8667 (9.11744, 27.4568)
    2777 (13.3679, -1.14406) -> 9946 (12.6529, -0.647598)
    2778 (15.977, 11.6491) -> 7887 (16.7557, 11.1064)
    2779 (4.29746, 1.70805) -> 8954 (3.64963, 1.98585)
    2780 (12.278, 18.1304) -> 8814 (12.8181, 18.2275)
    2781 (15.0868, 10.9386) -> 9871 (15.2784, 10.8102)
    2782 (3.06447, 11.7302) -> 8930 (2.62286, 11.7047)
    2783 (0.0256709, 18.3431) -> 8338 (0.211718, 17.8999)
    2784 (0.955524, -4.07963) -> 8251 (1.28208, -3.38166)
    2785 (10.0581, 17.0895) -> 2588 (9.10865, 17.0072)
    2786 (14.537, 25.1449) -> 8798 (14.6412, 24.5659)
    2787 (7.21642, 22.2596) -> 7838 (6.40851, 21.7768)
    2788 (21.4706, 25.2355) -> 7300 (21.5692, 24.7471)
    2789 (7.20405, -4.29881) -> 8322 (6.67246, -3.69825)
    2790 (10.1921, 26.9173) -> 6137 (9.73297, 26.5356)
    2791 (4.495, 15.4294) -> 4349 (3.78902, 14.8313)
    2792 (8.12351, 19.1771) -> 7592 (7.62704, 19.0536)
    2793 (5.72433, -3.15789) -> 9746 (5.36219, -2.64142)
    2794 (6.78922, 18.5802) -> 7580 (5.83258, 18.3009)
    2795 (17.5224, 27.3983) -> 8397 (18.2232, 26.7868)
    2796 (3.06752, -1.17013) -> 5269 (2.63467, -0.32699)
    2797 (4.10532, -4.60844) -> 5395 (3.99404, -3.93173)
    2798 (14.7069, 14.2761) -> 4187 (15.2736, 14.031)
    2799 (12.9591, 16.5606) -> 9368 (13.291, 16.7778)
    2800 (16.107, 14.0763) -> 4477 (16.7633, 13.322)
    2801 (14.9004, 26.6633) -> 8796 (14.813, 26.1938)
    2802 (8.90682, 17.4408) -> 6796 (8.79033, 17.3943)
    2803 (20.5815, 20.8676) -> 9706 (20.6827, 20.5026)
    2804 (1.34677, 1.32829) -> 9899 (1.57877, 1.38033)
    2805 (16.8172, 21.86) -> 9186 (16.7163, 21.9207)
    2806 (5.26176, -2.38594) -> 9870 (4.87538, -2.40958)
    2807 (11.769, 4.11829) -> 8292 (11.5436, 3.87508)
    2808 (22.1101, 2.07186) -> 6815 (21.777, 1.33504)
    2809 (12.3838, 9.27413) -> 5987 (12.5517, 9.06594)
    2810 (19.3359, 18.5347) -> 4323 (19.8258, 18.0795)
    2811 (11.5107, 0.614205) -> 9908 (10.613, 0.28303)
    2812 (1.92498, 20.1301) -> 6146 (2.01723, 19.6123)
    2813 (6.74562, 10.2226) -> 6070 (6.26076, 10.0741)
    2814 (5.15388, 28.5172) -> 4748 (4.83416, 28.4016)
    2815 (9.96408, 26.6711) -> 9877 (9.20911, 26.2339)
    2816 (8.24382, 15.0368) -> 8257 (7.61756, 15.093)
    2817 (22.8109, 19.1957) -> 6189 (22.8823, 19.0764)
    2818 (14.439, 0.793924) -> 5398 (13.7869, 0.678835)
    2819 (8.10255, 4.39355) -> 8057 (7.33206, 4.43397)
    2820 (7.52708, 18.4603) -> 5612 (7.02176, 18.4633)
    2821 (23.1023, 1.94752) -> 8971 (22.5012, 1.67602)
    2822 (0.0473465, 6.99763) -> 3030 (0.153802, 7.28863)
    2823 (18.2535, 24.5246) -> 9725 (18.5565, 24.0421)
    2824 (12.5957, 15.6979) -> 9867 (12.7217, 15.9184)
    2825 (15.6917, 3.3548) -> 7017 (15.392, 3.15755)
    2826 (12.678, 27.6059) -> 7341 (12.0755, 27.0256)
    2827 (14.3321, 5.67842) -> 9553 (13.6245, 5.08369)
    2828 (11.4642, 7.62423) -> 5467 (11.1059, 7.25239)
    2829 (14.5513, 23.5489) -> 7002 (14.8119, 23.1194)
    2830 (13.9734, 20.6405) -> 9312 (14.2336, 20.2698)
    2831 (18.4715, 28.4874) -> 8438 (18.4214, 27.7327)
    2832 (0.617128, 20.086) -> 4598 (0.555477, 19.6549)
    2833 (9.50561, 6.5089) -> 9445 (8.63207, 6.02526)
    2834 (19.0228, 15.967) -> 9944 (19.1501, 15.3332)
    2835 (12.5974, 18.9699) -> 6945 (13.404, 18.4882)
    2836 (15.4886, -3.81045) -> 9177 (14.7774, -3.59912)
    2837 (17.3956, 14.4123) -> 8944 (17.7153, 13.4773)
    2838 (0.657338, 15.7171) -> 0 (1, 15)
    2839 (16.5702, 12.8338) -> 6721 (17.3413, 12.5097)
    2840 (12.4776, 19.2064) -> 8025 (12.6765, 19.193)
    2841 (14.5635, 28.8043) -> 4945 (14.1915, 28.3939)
    2842 (23.9603, 13.5462) -> 5651 (24.252, 12.6221)
    2843 (4.44002, 6.96418) -> 8927 (4.16209, 6.85961)
    2844 (9.42069, 25.7055) -> 9868 (8.57752, 25.2604)
    2845 (20.0622, 10.3181) -> 4591 (20.2734, 9.5615)
    2846 (0.158861, 20.1408) -> 4598 (0.555477, 19.6549)
    2847 (8.99302, 27.6217) -> 7768 (8.38134, 27.1026)
    2848 (4.97114, 13.5514) -> 8694 (4.40878, 12.798)
    2849 (18.8957, 1.76912) -> 7994 (18.334, 1.464)
    2850 (18.0264, 27.1212) -> 8397 (18.2232, 26.7868)
    2851 (1.59903, 21.0527) -> 9150 (1.41598, 20.0747)
    2852 (11.7398, 21.9603) -> 4246 (11.093, 21.5498)
    2853 (8.59951, 22.4954) -> 8040 (7.92765, 22.0695)
    2854 (21.574, 8.1204) -> 9950 (21.7957, 7.14588)
    2855 (16.3729, 2.2588) -> 9364 (15.822, 2.10096)
    2856 (10.5379, 23.363) -> 9609 (9.87673, 22.6313)
    2857 (19.4045, 6.51442) -> 9782 (19.531, 5.64225)
    2858 (7.67072, 21.1558) -> 3369 (7.00301, 20.5754)
    2859 (13.6803, -4.6485) -> 8699 (13.1058, -4.53249)
    2860 (19.3728, 29.595) -> 7579 (19.5008, 28.7506)
    2861 (15.1886, -3.74897) -> 9329 (14.4023, -3.90297)
    2862 (20.0783, 18.805) -> 6820 (20.4774, 18.0905)
    2863 (6.40589, 20.691) -> 4524 (5.66103, 20.1581)
    2864 (16.3003, 13.5375) -> 2839 (16.5702, 12.8338)
    2865 (2.19626, 8.24289) -> 7420 (1.96875, 8.73545)
    2866 (11.0594, 5.97213) -> 8559 (10.5129, 5.5464)
    2867 (14.382, 7.02189) -> 7960 (14.2404, 6.26051)
    2868 (20.9677, 15.4683) -> 5215 (21.2772, 14.7942)
    2869 (7.47525, 23.0926) -> 5316 (7.12397, 22.7542)
    2870 (11.2272, -1.45387) -> 9753 (10.8763, -1.21801)
    2871 (12.7992, 20.2423) -> 9722 (13.0513, 20.0333)
    2872 (17.5294, 20.2119) -> 9938 (17.7985, 19.8569)
    2873 (5.96623, 15.7282) -> 4701 (5.26887, 15.1555)
    2874 (0.869161, 4.98372) -> 8839 (0.104596, 5.51186)
    2875 (16.6833, 0.174311) -> 5880 (16.2966, 0.273749)
    2876 (14.3372, 24.5306) -> 6989 (14.5578, 24.0027)
    2877 (21.4791, 23.8644) -> 7147 (21.4937, 23.832)
    2878 (20.4842, 1.43661) -> 9597 (19.7636, 0.857945)
    2879 (14.6468, 2.14315) -> 9846 (14.0533, 1.4319)
    2880 (8.98244, 16.823) -> 9328 (8.53163, 16.5705)
    2881 (7.32732, 19.4804) -> 6761 (6.54828, 19.2087)
    2882 (7.26256, 7.82545) -> 9895 (6.4891, 7.38893)
    2883 (20.1015, 12.443) -> 9978 (20.723, 12.2576)
    2884 (24.7149, 23.2648) -> 7669 (24.6701, 23.142)
    2885 (23.0183, -2.73641) -> 9990 (22.9026, -2.13215)
    2886 (1.00416, 5.71125) -> 9670 (0.369743, 6.16144)
    2887 (15.863, -1.9006) -> 5336 (15.0379, -1.75466)
    2888 (2.49487, 1.0335) -> 9899 (1.57877, 1.38033)
    2889 (8.94696, 0.569523) -> 7294 (7.9761, 0.456905)
    2890 (20.3444, 22.0067) -> 8911 (20.7109, 21.2549)
    2891 (18.3293, 22.2622) -> 9298 (18.5504, 21.5196)
    2892 (18.3104, 12.343) -> 9748 (18.4359, 12.5627)
    2893 (4.94066e-324, 6.9533e-310) -> 8462 (0.0438228, 0.168997)
    2894 (11.604, 7.62776) -> 2116 (11.4211, 7.35063)
    2895 (7.01721, 14.687) -> 9865 (6.44301, 14.589)
    2896 (15.4948, 14.7061) -> 7766 (15.7956, 14.4151)
    2897 (19.4343, 22.9564) -> 8827 (19.8875, 22.5479)
    2898 (19.0264, 29.3149) -> 9607 (19.2151, 28.4567)
    2899 (1.67074, 14.0108) -> 5882 (1.39894, 14.4109)
    2900 (23.2057, 3.13516) -> 8376 (22.4203, 2.71026)
    2901 (13.4286, 22.4064) -> 9866 (13.5693, 21.4662)
    2902 (19.072, 3.24502) -> 8679 (19.0352, 2.91625)
    2903 (8.61024, 2.62725) -> 7099 (8.41202, 2.57919)
    2904 (23.8244, 12.6136) -> 9993 (23.8281, 12.1253)
    2905 (15.3937, 12.9365) -> 1413 (16.1176, 12.8367)
    2906 (3.17479, 27.6113) -> 5009 (2.73069, 26.8832)
    2907 (14.5914, 25.9976) -> 8613 (14.6074, 25.7866)
    2908 (18.5599, 27.5937) -> 9303 (18.4415, 26.891)
    2909 (3.19393, 21.8418) -> 4084 (2.83551, 21.271)
    2910 (15.939, 10.8899) -> 9922 (16.4906, 10.5518)
    2911 (15.7073, 28.2363) -> 9342 (15.6505, 27.8856)
    2912 (6.11432, 19.8584) -> 3443 (5.26443, 19.4762)
    2913 (4.14361, 11.1024) -> 9051 (3.23927, 11.131)
    2914 (7.60439, 8.45808) -> 2497 (7.10816, 8.33986)
    2915 (16.9798, 12.7326) -> 6721 (17.3413, 12.5097)
    2916 (4.94066e-324, 6.9533e-310) -> 8462 (0.0438228, 0.168997)
    2917 (13.7527, -2.56806) -> 9266 (13.2428, -1.79468)
    2918 (9.30887, 10.2612) -> 8816 (8.96341, 9.64479)
    2919 (17.9253, 14.9852) -> 9300 (18.3029, 14.0781)
    2920 (4.63094, 2.71958) -> 6530 (4.2055, 3.3091)
    2921 (5.3136, 25.0753) -> 432 (4.78558, 24.6083)
    2922 (4.95169, -2.22535) -> 9870 (4.87538, -2.40958)
    2923 (9.41632, 0.457398) -> 9958 (9.2937, 0.0412097)
    2924 (12.4754, -0.208007) -> 8756 (11.9766, -0.637326)
    2925 (22.3893, 2.66816) -> 9120 (21.8747, 2.44149)
    2926 (19.1244, 6.06228) -> 9782 (19.531, 5.64225)
    2927 (4.94066e-324, 6.9533e-310) -> 8462 (0.0438228, 0.168997)
    2928 (14.0377, 28.2778) -> 9172 (13.6631, 27.7893)
    2929 (4.94066e-324, 6.9533e-310) -> 8462 (0.0438228, 0.168997)
    2930 (12.9239, 19.5821) -> 8456 (13.0267, 19.1234)
    2931 (21.6715, 7.69234) -> 9950 (21.7957, 7.14588)
    2932 (6.95765, 11.5506) -> 5379 (6.07688, 11.3412)
    2933 (12.6402, 19.4571) -> 8456 (13.0267, 19.1234)
    2934 (21.0081, 14.9065) -> 9817 (21.2263, 14.7549)
    2935 (7.76722, 14.2096) -> 1261 (6.82768, 14.2107)
    2936 (2.89412, 12.5823) -> 9080 (2.10513, 12.4645)
    2937 (8.94577, 16.1192) -> 4011 (8.69286, 16.251)
    2938 (16.395, 4.06749) -> 9719 (15.9464, 3.46279)
    2939 (0.400714, -2.14172) -> 8304 (0.359084, -1.86825)
    2940 (19.8657, 20.6625) -> 8421 (20.0288, 20.3278)
    2941 (21.7763, 25.2667) -> 8239 (22.1246, 24.5251)
    2942 (21.2003, 24.8336) -> 4651 (21.2247, 24.7717)
    2943 (1.07821, 14.421) -> 0 (1, 15)
    2944 (5.13903, 12.4968) -> 9533 (4.99787, 12.5385)
    2945 (17.3568, 29.724) -> 9713 (17.2456, 29.4807)
    2946 (8.96699, 17.6519) -> 8671 (8.40375, 17.4237)
    2947 (5.83533, 25.4365) -> 9273 (5.48891, 24.5565)
    2948 (13.1762, 26.6756) -> 9145 (12.5891, 26.6376)
    2949 (15.1265, 5.22812) -> 9383 (14.4539, 4.56231)
    2950 (23.9482, 10.4605) -> 7053 (23.7336, 9.89447)
    2951 (20.866, 10.7549) -> 7112 (21.1699, 10.0853)
    2952 (17.8123, 1.99268) -> 9926 (17.3155, 1.80606)
    2953 (2.88841, 12.8002) -> 9080 (2.10513, 12.4645)
    2954 (22.9979, 15.0752) -> 9544 (23.2561, 14.9038)
    2955 (17.0698, 21.8265) -> 9316 (17.5425, 21.4605)
    2956 (24.2899, -0.201673) -> 8889 (24.0227, -0.312279)
    2957 (0.0502997, -4.69931) -> 7574 (0.179092, -3.93191)
    2958 (13.7321, -4.05165) -> 9284 (13.1482, -3.86833)
    2959 (22.8329, 1.23368) -> 9964 (22.058, 0.785503)
    2960 (17.0945, 6.89371) -> 9506 (17.0958, 6.88689)
    2961 (9.45173, 5.19748) -> 8753 (8.94558, 4.59894)
    2962 (12.0586, 1.12149) -> 7603 (11.4503, 1.03103)
    2963 (4.94066e-324, 6.9533e-310) -> 8462 (0.0438228, 0.168997)
    2964 (19.0761, 3.43684) -> 9823 (18.2369, 3.11152)
    2965 (6.03318, 7.77237) -> 6253 (5.11907, 7.6233)
    2966 (10.7007, -0.52709) -> 9893 (10.2057, -1.20739)
    2967 (8.81614, 29.9473) -> 8446 (8.50293, 29.2934)
    2968 (2.69734, 14.7029) -> 7727 (2.35442, 14.7227)
    2969 (2.73287, 5.82963) -> 9504 (2.60122, 5.86629)
    2970 (4.10232, 5.17845) -> 9835 (3.409, 5.65846)
    2971 (4.74232, 19.4607) -> 8853 (4.53096, 19.2857)
    2972 (24.4751, 24.2201) -> 9209 (24.5727, 24.0743)
    2973 (5.58561, 7.55574) -> 8754 (5.05466, 7.47058)
    2974 (7.55937, -4.97754) -> 3940 (7.16315, -4.53743)
    2975 (9.7841, 29.7256) -> 4931 (9.31434, 29.1415)
    2976 (13.2907, 3.31082) -> 7628 (13.2286, 2.95429)
    2977 (18.6199, 29.3914) -> 9770 (18.5591, 29.1173)
    2978 (1.92634, -4.87841) -> 8114 (1.69271, -4.10699)
    2979 (23.6724, 5.40467) -> 9355 (23.3747, 5.11904)
    2980 (16.9403, 2.48565) -> 9970 (16.2365, 2.41334)
    2981 (21.5651, 0.221228) -> 9524 (21.1015, 0.00941342)
    2982 (10.4852, 6.00143) -> 8559 (10.5129, 5.5464)
    2983 (4.32406, 8.00975) -> 9226 (3.65008, 8.08757)
    2984 (2.46878, 28.9068) -> 8301 (2.44812, 28.4592)
    2985 (6.11944, 26.4647) -> 9826 (5.90841, 26.0427)
    2986 (0.160638, 17.395) -> 7026 (0.214483, 17.0631)
    2987 (11.9902, 5.62482) -> 8943 (11.8048, 5.48848)
    2988 (6.28536, 11.3898) -> 6802 (5.53313, 11.2248)
    2989 (13.2142, 8.97348) -> 9751 (13.3792, 8.28756)
    2990 (15.5606, 19.4225) -> 9601 (15.8811, 19.2637)
    2991 (18.2346, 9.51908) -> 9700 (18.9215, 9.75662)
    2992 (14.6332, 28.9331) -> 8984 (13.9012, 28.548)
    2993 (2.19672, 0.0406206) -> 8794 (1.72245, 0.474988)
    2994 (3.19067, 14.0636) -> 2332 (2.84981, 14.2019)
    2995 (24.2882, 8.133) -> 8776 (24.1979, 7.42524)
    2996 (22.013, 2.4393) -> 9120 (21.8747, 2.44149)
    2997 (16.1417, 20.9628) -> 7809 (16.2861, 20.8153)
    2998 (9.2301, 7.12222) -> 4879 (8.58855, 6.73272)
    2999 (19.856, 18.5239) -> 9414 (20.4322, 17.8146)
    3000 (1.34842, 29.1006) -> 5609 (1.36314, 28.3516)
    3001 (8.53891, 27.818) -> 8507 (8.34652, 27.4156)
    3002 (13.572, -3.47108) -> 5668 (13.0586, -3.22956)
    3003 (12.0467, 8.8463) -> 2604 (11.8622, 8.43013)
    3004 (24.2514, -4.70134) -> 8770 (23.8776, -4.71809)
    3005 (18.6131, -1.73226) -> 9975 (18.3248, -2.13121)
    3006 (4.94066e-324, 6.9533e-310) -> 8462 (0.0438228, 0.168997)
    3007 (7.58361, 29.2099) -> 9614 (7.60875, 28.3928)
    3008 (8.97304, 8.33748) -> 9065 (8.34312, 7.95676)
    3009 (2.05822, 20.9292) -> 8957 (1.95756, 20.4494)
    3010 (7.02165, -2.11483) -> 9434 (6.72001, -2.22251)
    3011 (19.8542, -3.64774) -> 7554 (19.6495, -3.53658)
    3012 (23.959, 25.2041) -> 5993 (24.3533, 24.323)
    3013 (8.73015, -2.87142) -> 7557 (8.14387, -2.59039)
    3014 (9.50446, 24.5847) -> 5433 (9.21017, 24.3116)
    3015 (15.1116, -0.103785) -> 9612 (15.1687, -0.234117)
    3016 (5.92822, 3.92744) -> 8949 (5.50104, 3.79392)
    3017 (1.87388, 4.62639) -> 9971 (1.28458, 5.1189)
    3018 (24.6654, 25.7943) -> 5660 (24.7712, 24.9916)
    3019 (6.56717, 0.857894) -> 8780 (5.62511, 0.59515)
    3020 (8.23703, 9.58225) -> 3461 (7.62161, 9.16715)
    3021 (15.8338, 7.98627) -> 6221 (15.6296, 7.01659)
    3022 (13.2591, 6.04123) -> 6328 (12.8014, 5.20025)
    3023 (8.07298, 26.6655) -> 8182 (7.47969, 26.3891)
    3024 (22.8046, 16.1787) -> 7516 (22.927, 15.7924)
    3025 (20.3065, 23.5741) -> 6985 (20.3863, 22.78)
    3026 (7.95947, 20.9447) -> 8459 (7.49675, 20.4623)
    3027 (20.4815, 15.0253) -> 6888 (20.8509, 14.3885)
    3028 (1.47557, -4.39016) -> 9511 (1.33923, -3.99781)
    3029 (18.3837, -4.98714) -> 9126 (17.4813, -4.89101)
    3030 (0.153802, 7.28863) -> 5209 (0.238783, 8.27263)
    3031 (0.318089, 14.1916) -> 8774 (0.940078, 14.7038)
    3032 (14.1153, 11.8738) -> 7568 (14.8344, 11.664)
    3033 (0.948025, 18.7425) -> 9164 (0.752454, 17.8602)
    3034 (5.71153, -3.35362) -> 9746 (5.36219, -2.64142)
    3035 (24.4643, 27.6771) -> 7452 (24.6536, 27.52)
    3036 (3.5896, 16.9898) -> 3985 (2.93819, 16.5978)
    3037 (12.3551, 8.51613) -> 7954 (12.3312, 7.56255)
    3038 (2.3972, -2.9166) -> 6545 (1.95498, -2.37298)
    3039 (16.0241, 14.6967) -> 8898 (16.3834, 14.6417)
    3040 (16.4837, 12.77) -> 4609 (17.2813, 12.599)
    3041 (20.5554, 21.0002) -> 9706 (20.6827, 20.5026)
    3042 (4.94066e-324, 6.9533e-310) -> 8462 (0.0438228, 0.168997)
    3043 (8.42701, 6.8943) -> 9432 (7.74499, 6.39539)
    3044 (21.347, 6.91736) -> 9255 (21.467, 6.32923)
    3045 (12.9067, 24.602) -> 9804 (12.7969, 24.443)
    3046 (17.4979, 17.4134) -> 8316 (17.9235, 17.2156)
    3047 (4.03918, 14.1369) -> 6129 (3.2249, 14.3715)
    3048 (0.642563, 16.4986) -> 4937 (0.72761, 15.916)
    3049 (0.493448, 11.3021) -> 7360 (0.49171, 11.5055)
    3050 (5.00784, -4.03328) -> 9732 (4.53778, -3.19324)
    3051 (18.719, 21.0269) -> 6714 (19.2626, 20.3914)
    3052 (20.1133, 20.6163) -> 8269 (20.499, 19.9309)
    3053 (10.6301, 20.9433) -> 5818 (10.0844, 20.5924)
    3054 (2.20282, 21.6831) -> 6300 (2.13355, 21.0403)
    3055 (9.12586, 18.8587) -> 1469 (8.23224, 18.9017)
    3056 (6.30315, 9.55142) -> 4886 (5.34303, 9.42231)
    3057 (16.6822, -3.0921) -> 9927 (16.3699, -3.97958)
    3058 (19.0888, 29.4402) -> 7579 (19.5008, 28.7506)
    3059 (3.7956, 27.2719) -> 9202 (3.68432, 26.85)
    3060 (17.9679, 11.4354) -> 8758 (18.6503, 10.7375)
    3061 (11.7393, 2.24645) -> 5376 (10.7837, 2.06228)
    3062 (11.1254, 26.5401) -> 8052 (10.5231, 26.0124)
    3063 (24.902, 8.61651) -> 8013 (24.3645, 8.68418)
    3064 (7.86166, 1.80721) -> 7198 (7.28232, 2.18331)
    3065 (21.6953, 23.4388) -> 6181 (21.8435, 23.0305)
    3066 (4.16837, 18.8959) -> 3825 (3.48185, 18.2335)
    3067 (3.82305, 6.17314) -> 4885 (3.30649, 6.67924)
    3068 (2.53264, 26.7464) -> 7896 (2.44803, 26.1962)
    3069 (20.4618, 7.88414) -> 9509 (20.4259, 7.11284)
    3070 (8.71518, -3.65215) -> 9586 (9.29755, -3.44694)
    3071 (19.84, 5.62129) -> 8874 (19.7896, 5.59959)
    3072 (23.1157, 22.9267) -> 7527 (23.4984, 22.489)
    3073 (7.12038, 3.88955) -> 8078 (6.98869, 3.68161)
    3074 (1.40365, 12.3859) -> 8435 (1.08692, 12.4774)
    3075 (0.836395, 27.5765) -> 8499 (0.838639, 27.1286)
    3076 (19.1835, 5.71608) -> 8354 (18.9094, 4.86328)
    3077 (9.90916, 23.8467) -> 8948 (9.59698, 23.3867)
    3078 (17.739, 26.8585) -> 6853 (18.0087, 25.9633)
    3079 (2.24124, 13.4444) -> 8490 (1.90472, 13.8273)
    3080 (0.488255, 7.6694) -> 4889 (0.344905, 8.42588)
    3081 (23.9877, 28.8037) -> 9060 (24.1419, 28.3238)
    3082 (0.284, -4.42829) -> 1654 (0.248596, -3.57941)
    3083 (22.3853, 9.00344) -> 9084 (22.8327, 8.24355)
    3084 (3.10236, -1.27585) -> 9739 (3.18773, -1.05705)
    3085 (11.2735, 7.51392) -> 4370 (10.855, 6.74385)
    3086 (8.54265, 27.7724) -> 8507 (8.34652, 27.4156)
    3087 (3.2909, 25.942) -> 3289 (2.95243, 25.4261)
    3088 (22.5914, 18.5373) -> 8695 (22.5059, 18.4255)
    3089 (12.6124, 28.2678) -> 8678 (12.4245, 28.0431)
    3090 (14.9898, -1.17398) -> 9077 (14.8308, -1.19939)
    3091 (2.79423, 16.4775) -> 9206 (2.38935, 16.1905)
    3092 (0.921158, 29.6046) -> 8388 (0.864535, 29.1994)
    3093 (2.25498, -0.19485) -> 8794 (1.72245, 0.474988)
    3094 (20.64, -0.663095) -> 9377 (20.269, -0.595853)
    3095 (8.05806, 14.5159) -> 8728 (7.83604, 14.5315)
    3096 (20.0362, 7.08131) -> 6924 (19.8138, 6.26635)
    3097 (19.82, -3.84686) -> 7554 (19.6495, -3.53658)
    3098 (10.9297, 27.9087) -> 5781 (10.7451, 27.2063)
    3099 (0.97455, -1.45218) -> 5576 (0.95751, -0.625157)
    3100 (13.0522, 27.421) -> 8113 (12.5614, 27.1435)
    3101 (12.6619, -0.310779) -> 8756 (11.9766, -0.637326)
    3102 (0.847097, 20.7179) -> 6313 (0.700709, 20.0269)
    3103 (15.9976, 19.9344) -> 9601 (15.8811, 19.2637)
    3104 (12.4163, 29.8664) -> 9972 (12.2668, 29.2716)
    3105 (12.3118, 7.0391) -> 7474 (12.057, 6.89269)
    3106 (2.7364, 0.65243) -> 4796 (2.48371, 0.833838)
    3107 (23.3637, 16.7988) -> 8876 (23.5737, 15.8521)
    3108 (22.2142, 21.6031) -> 9052 (22.4933, 20.7911)
    3109 (17.5418, -4.19225) -> 9133 (17.2243, -3.72268)
    3110 (1.4878, 2.59542) -> 9920 (1.15083, 3.43035)
    3111 (4.17942, 17.6971) -> 8860 (4.1562, 17.7427)
    3112 (8.74574, -0.10733) -> 8262 (8.6584, -0.0229426)
    3113 (11.3902, -3.52872) -> 6856 (10.8828, -3.24888)
    3114 (9.78165, -4.35207) -> 8656 (9.62592, -4.02983)
    3115 (16.6778, 24.6269) -> 9675 (16.9685, 24.1876)
    3116 (3.58032, 13.8348) -> 2332 (2.84981, 14.2019)
    3117 (17.0152, 16.4155) -> 1507 (17.4781, 15.9068)
    3118 (13.0898, 7.44652) -> 9092 (13.0402, 7.13772)
    3119 (9.65882, 25.3578) -> 9984 (9.59915, 24.5066)
    3120 (6.50654, 28.6) -> 6238 (6.50634, 28.362)
    3121 (3.79556, 2.69787) -> 7443 (3.33323, 3.2272)
    3122 (4.94066e-324, 6.9533e-310) -> 8462 (0.0438228, 0.168997)
    3123 (14.3685, 27.6871) -> 9200 (13.6993, 27.2903)
    3124 (4.07324, 14.5192) -> 1386 (3.57762, 14.5339)
    3125 (17.1338, 11.1348) -> 4795 (17.8962, 10.6228)
    3126 (14.2704, 23.7115) -> 8708 (14.4413, 22.8716)
    3127 (0.243304, 1.91341) -> 3804 (0.287781, 2.65322)
    3128 (24.4925, 15.0283) -> 9729 (24.6982, 14.2109)
    3129 (1.02806, 10.8318) -> 924 (0.880036, 11.295)
    3130 (9.85027, 1.51474) -> 9932 (9.56734, 1.42349)
    3131 (24.4338, -0.36304) -> 8889 (24.0227, -0.312279)
    3132 (13.0635, 16.5259) -> 9368 (13.291, 16.7778)
    3133 (20.747, 17.7761) -> 6507 (21.0116, 16.9845)
    3134 (8.43274, 27.2503) -> 6619 (8.14151, 26.815)
    3135 (12.0334, 0.562827) -> 7098 (11.7945, 0.512414)
    3136 (9.81765, 3.39733) -> 5617 (9.45792, 3.25607)
    3137 (1.39967, -3.13235) -> 8136 (1.3369, -2.22879)
    3138 (19.7479, 19.5139) -> 9857 (19.738, 18.7196)
    3139 (7.6098, 4.81913) -> 9333 (6.90893, 4.83993)
    3140 (7.60997, 21.8742) -> 6850 (6.90002, 21.9495)
    3141 (20.132, 21.2704) -> 5493 (20.4174, 20.6282)
    3142 (11.2565, 19.7447) -> 24 (10.6089, 19.2911)
    3143 (9.85133, -1.30685) -> 9901 (9.29662, -0.685191)
    3144 (18.0906, 20.4032) -> 7870 (18.6119, 19.6614)
    3145 (19.2042, 5.53706) -> 8354 (18.9094, 4.86328)
    3146 (6.9301, 4.3022) -> 9855 (6.50225, 4.21312)
    3147 (7.41999, 9.06778) -> 7844 (6.92184, 8.91506)
    3148 (12.3562, 21.4442) -> 8245 (12.1702, 21.359)
    3149 (20.3942, 6.54108) -> 9752 (20.259, 5.87419)
    3150 (7.83498, 2.85623) -> 7747 (7.55884, 2.45217)
    3151 (15.2358, 2.85689) -> 9699 (15.0493, 2.53889)
    3152 (7.31326, 3.78239) -> 8078 (6.98869, 3.68161)
    3153 (5.07191, 21.0613) -> 9062 (4.70023, 20.761)
    3154 (17.9831, 19.9078) -> 5092 (18.1594, 19.2581)
    3155 (9.93311, 20.9398) -> 4484 (9.46227, 20.7056)
    3156 (20.3238, 21.547) -> 8911 (20.7109, 21.2549)
    3157 (10.975, 9.31891) -> 973 (10.9714, 8.4374)
    3158 (18.5104, 16.9118) -> 1929 (18.7794, 16.4216)
    3159 (23.1931, 26.1371) -> 5491 (23.5589, 25.7462)
    3160 (2.51494, 29.7878) -> 6668 (2.39205, 28.9571)
    3161 (8.61994, 7.89464) -> 4198 (8.23606, 7.76795)
    3162 (19.7409, 4.08135) -> 9443 (20.1435, 3.99057)
    3163 (17.8885, 21.9426) -> 5198 (18.2368, 21.14)
    3164 (24.8942, 28.8691) -> 6377 (24.8868, 28.2639)
    3165 (18.4779, 8.88427) -> 9218 (19.0052, 8.4387)
    3166 (4.68619, 26.6969) -> 4470 (4.4782, 26.0145)
    3167 (24.1755, 3.49623) -> 9211 (24.3906, 3.18139)
    3168 (11.8851, -2.91926) -> 9859 (11.1518, -2.62382)
    3169 (14.9457, 15.1537) -> 7650 (15.8311, 14.9388)
    3170 (14.5523, 9.7466) -> 6516 (14.7572, 9.02222)
    3171 (24.0016, 8.37968) -> 7679 (23.3624, 7.80216)
    3172 (21.0833, -0.608513) -> 7380 (20.8076, -0.578545)
    3173 (13.0822, -2.273) -> 6522 (12.1655, -2.14056)
    3174 (16.108, 26.5003) -> 9974 (16.2673, 25.8052)
    3175 (9.7015, 0.154194) -> 9958 (9.2937, 0.0412097)
    3176 (22.6817, 1.9979) -> 4947 (21.9862, 1.50159)
    3177 (4.57273, 12.0559) -> 5167 (3.81536, 12.2069)
    3178 (9.77165, 18.7941) -> 9728 (9.08074, 18.292)
    3179 (10.5674, 25.4596) -> 9759 (10.0521, 25.1057)
    3180 (10.1739, 29.2473) -> 8558 (10.1435, 28.6884)
    3181 (4.85257, 3.8266) -> 8516 (4.45446, 4.08793)
    3182 (13.4877, -2.09123) -> 6552 (12.7569, -2.00776)
    3183 (1.6073, 23.3245) -> 5053 (1.48014, 22.346)
    3184 (6.54211, 25.4842) -> 5130 (6.29586, 24.7559)
    3185 (12.5674, 18.2896) -> 8814 (12.8181, 18.2275)
    3186 (3.6116, 1.7929) -> 9966 (2.91677, 2.36167)
    3187 (9.111, 6.16677) -> 9556 (8.5857, 5.75247)
    3188 (3.47726, 3.2288) -> 7443 (3.33323, 3.2272)
    3189 (10.1017, 22.05) -> 8160 (9.61295, 21.5857)
    3190 (24.2631, 2.29651) -> 7463 (23.3832, 1.84679)
    3191 (23.1756, 7.57718) -> 7714 (22.6352, 7.07489)
    3192 (20.0227, 6.17626) -> 9782 (19.531, 5.64225)
    3193 (1.61101, 16.9521) -> 5276 (1.3311, 16.3508)
    3194 (15.504, 12.4962) -> 9717 (16.2324, 12.2449)
    3195 (0.549613, 7.2027) -> 9593 (0.483326, 7.7801)
    3196 (10.7373, 28.5306) -> 957 (9.87148, 28.0716)
    3197 (2.71743, 5.59741) -> 9504 (2.60122, 5.86629)
    3198 (15.7257, 23.7878) -> 9991 (16.0558, 23.048)
    3199 (3.30335, 5.53229) -> 9504 (2.60122, 5.86629)
    3200 (2.17188, 5.76823) -> 1144 (1.66856, 6.46757)
    3201 (15.6668, 3.78138) -> 8520 (15.0031, 3.68809)
    3202 (24.6852, 21.5351) -> 6655 (24.8018, 20.5553)
    3203 (7.14317, 0.954469) -> 9741 (6.4981, 0.559429)
    3204 (14.4233, 0.296366) -> 6647 (14.1877, 0.234729)
    3205 (10.3446, -3.20565) -> 9205 (9.37845, -3.28939)
    3206 (15.6878, 27.3042) -> 9044 (15.9153, 26.5208)
    3207 (14.6377, 5.48411) -> 8980 (14.3927, 4.61986)
    3208 (7.19721, 8.86524) -> 7005 (6.39994, 8.58919)
    3209 (13.9236, 1.17495) -> 8651 (13.5134, 1.01477)
    3210 (12.1852, 17.8353) -> 7320 (12.665, 17.7214)
    3211 (2.27875, 22.1437) -> 3054 (2.20282, 21.6831)
    3212 (24.7133, 21.2575) -> 6655 (24.8018, 20.5553)
    3213 (0.469776, 9.15867) -> 9104 (0.232213, 9.8614)
    3214 (6.70664, 4.01137) -> 9855 (6.50225, 4.21312)
    3215 (22.9431, 19.7339) -> 7355 (23.0837, 18.8155)
    3216 (0.0793209, -4.32276) -> 7574 (0.179092, -3.93191)
    3217 (19.1286, 19.8713) -> 6988 (19.0481, 19.8145)
    3218 (16.7188, 4.48882) -> 7534 (16.6765, 4.27059)
    3219 (2.00198, 2.44149) -> 9157 (2.83083, 2.92141)
    3220 (22.2621, 8.79136) -> 9702 (21.8401, 8.9074)
    3221 (18.7222, 26.798) -> 9636 (18.6972, 26.3523)
    3222 (22.9706, 1.34437) -> 9098 (22.4683, 0.732571)
    3223 (24.128, 3.51286) -> 9211 (24.3906, 3.18139)
    3224 (9.65377, 2.14517) -> 8997 (9.45088, 2.03935)
    3225 (14.8445, 15.6056) -> 9903 (15.6911, 15.112)
    3226 (8.76768, 15.8918) -> 4161 (8.2621, 15.9917)
    3227 (4.24104, 1.18156) -> 4730 (3.6063, 1.69313)
    3228 (11.1423, 3.18956) -> 9873 (10.4747, 3.49137)
    3229 (23.5257, 15.1209) -> 3524 (23.8205, 14.2777)
    3230 (1.30401, 20.5574) -> 8835 (1.21495, 19.6681)
    3231 (11.7678, 3.98431) -> 8292 (11.5436, 3.87508)
    3232 (13.1715, 5.58545) -> 9181 (12.7307, 5.04679)
    3233 (0.231771, 0.39595) -> 7899 (0.43642, 1.3265)
    3234 (15.9447, 23.8892) -> 9991 (16.0558, 23.048)
    3235 (2.58351, 23.2432) -> 9815 (2.56398, 22.7251)
    3236 (18.2054, 27.8727) -> 7129 (18.2714, 27.6185)
    3237 (20.6732, 24.4817) -> 5471 (20.8309, 23.8085)
    3238 (7.94419, 17.3051) -> 8522 (7.78348, 17.1473)
    3239 (15.3146, 15.2051) -> 7412 (16.097, 14.8643)
    3240 (5.39449, 0.527536) -> 9559 (4.73885, 1.0579)
    3241 (20.2312, -2.90969) -> 9915 (20.2503, -2.95598)
    3242 (11.06, 0.394533) -> 9908 (10.613, 0.28303)
    3243 (10.5918, 28.2878) -> 957 (9.87148, 28.0716)
    3244 (16.9985, 2.26736) -> 9962 (16.3287, 1.58887)
    3245 (13.4438, -3.9346) -> 9284 (13.1482, -3.86833)
    3246 (19.6264, 27.4959) -> 7920 (19.7876, 26.5123)
    3247 (23.1337, -0.564457) -> 9389 (22.8995, -0.788424)
    3248 (6.3928, 8.26653) -> 5689 (5.74037, 8.07055)
    3249 (22.4133, 16.1996) -> 938 (22.712, 15.5859)
    3250 (20.4169, 25.1438) -> 7154 (20.6741, 24.5705)
    3251 (0.809859, 3.66101) -> 5890 (0.981942, 4.35605)
    3252 (15.0809, 8.39247) -> 7780 (15.0129, 8.01073)
    3253 (2.61255, 1.23905) -> 9022 (2.61584, 1.43342)
    3254 (17.5857, 20.8803) -> 5855 (17.7723, 20.4958)
    3255 (15.6651, 6.92095) -> 8093 (15.6362, 6.85349)
    3256 (10.5333, 4.97183) -> 6526 (10.2779, 4.87067)
    3257 (14.6381, 7.9674) -> 6578 (14.6037, 7.30996)
    3258 (15.8596, 2.40855) -> 9755 (15.7086, 2.48588)
    3259 (5.71973, 26.3531) -> 9838 (5.44117, 25.5581)
    3260 (5.69132, 21.5656) -> 6501 (5.504, 21.5649)
    3261 (3.64243, 21.9044) -> 9998 (3.22697, 21.4307)
    3262 (20.9568, 15.6191) -> 5215 (21.2772, 14.7942)
    3263 (17.6732, 14.0705) -> 8944 (17.7153, 13.4773)
    3264 (5.45631, 14.1136) -> 7668 (5.24586, 13.9615)
    3265 (22.3776, 20.903) -> 8787 (22.8547, 20.2843)
    3266 (16.6645, 11.5792) -> 3125 (17.1338, 11.1348)
    3267 (7.71241, -0.240583) -> 9428 (7.64817, -0.108808)
    3268 (17.9969, 22.085) -> 9298 (18.5504, 21.5196)
    3269 (0.184648, 27.5589) -> 9825 (0.078767, 27.0326)
    3270 (10.7618, 5.01478) -> 9931 (10.5295, 4.41927)
    3271 (0.932733, 0.582628) -> 9623 (0.664097, 0.892402)
    3272 (17.0107, 2.51714) -> 9970 (16.2365, 2.41334)
    3273 (13.929, 23.5077) -> 9793 (14.4038, 22.6564)
    3274 (23.3035, 16.6462) -> 8238 (23.6126, 15.8104)
    3275 (14.8995, 7.73851) -> 9223 (15.089, 6.83693)
    3276 (18.13, 10.7025) -> 7056 (18.2267, 10.5095)
    3277 (0.459581, 17.2739) -> 3048 (0.642563, 16.4986)
    3278 (6.53157, 27.7225) -> 4744 (6.10212, 27.1725)
    3279 (16.7125, 27.3257) -> 7432 (16.4319, 26.7419)
    3280 (0.386765, 29.8783) -> 9843 (0.566616, 29.1371)
    3281 (24.6718, -0.596729) -> 7206 (24.152, -0.828586)
    3282 (24.4127, 7.95243) -> 8776 (24.1979, 7.42524)
    3283 (7.96839, 4.84234) -> 9216 (7.08004, 4.46709)
    3284 (14.0805, 29.9725) -> 6825 (13.5628, 29.3177)
    3285 (4.94066e-324, 6.9533e-310) -> 2209 (0.166112, 0.830897)
    3286 (11.3863, -2.93663) -> 9572 (10.7813, -3.26601)
    3287 (21.5645, 4.80751) -> 8836 (21.3986, 4.61451)
    3288 (5.83591, 15.7022) -> 1353 (5.35121, 15.5155)
    3289 (2.95243, 25.4261) -> 2496 (2.70264, 24.5719)
    3290 (0.274516, -3.11877) -> 9763 (0.411866, -2.73325)
    3291 (5.23376, 10.245) -> 8170 (4.58128, 10.0986)
    3292 (22.0478, 9.47101) -> 9702 (21.8401, 8.9074)
    3293 (15.3896, 3.00844) -> 9699 (15.0493, 2.53889)
    3294 (19.3495, 9.92982) -> 9961 (19.7118, 9.24112)
    3295 (6.10176, 3.94123) -> 8949 (5.50104, 3.79392)
    3296 (5.28419, 8.72987) -> 5883 (4.42457, 8.80221)
    3297 (6.77531, 9.88838) -> 6246 (6.39925, 9.45582)
    3298 (15.5774, 19.8015) -> 5708 (16.0107, 19.4937)
    3299 (4.94066e-324, 6.9533e-310) -> 2209 (0.166112, 0.830897)
    3300 (5.80364, 7.20837) -> 4917 (5.11448, 6.87615)
    3301 (6.03615, 10.2987) -> 7890 (5.75966, 10.3359)
    3302 (21.9938, 21.5088) -> 9052 (22.4933, 20.7911)
    3303 (6.0652, 17.1002) -> 4874 (5.13524, 17.2127)
    3304 (24.2531, 21.8728) -> 8360 (24.6086, 21.1146)
    3305 (13.6235, 29.8575) -> 6825 (13.5628, 29.3177)
    3306 (1.52739, 0.810358) -> 5180 (1.2309, 1.59401)
    3307 (2.21388, 3.92493) -> 9207 (1.91121, 4.31165)
    3308 (6.33326, 22.9475) -> 9499 (6.3436, 22.9072)
    3309 (9.41698, 8.19669) -> 3811 (8.84537, 7.43996)
    3310 (0.468995, 9.31494) -> 9104 (0.232213, 9.8614)
    3311 (5.29022, 6.15058) -> 5904 (4.43502, 6.49959)
    3312 (22.6419, 26.6609) -> 6272 (22.8128, 26.1723)
    3313 (21.614, -3.30518) -> 9376 (21.6849, -3.95603)
    3314 (20.2659, 3.23779) -> 8271 (20.0659, 2.71033)
    3315 (16.5135, 6.9671) -> 7065 (16.7935, 6.2842)
    3316 (22.5689, -0.292074) -> 9389 (22.8995, -0.788424)
    3317 (3.16116, 19.4407) -> 2754 (2.88703, 18.6121)
    3318 (5.52428, 24.0661) -> 6042 (4.74955, 23.4657)
    3319 (0.91864, 27.5692) -> 8499 (0.838639, 27.1286)
    3320 (4.94066e-324, 6.9533e-310) -> 2209 (0.166112, 0.830897)
    3321 (21.8777, 4.43407) -> 8117 (21.2329, 4.28058)
    3322 (7.50431, 8.63827) -> 6498 (7.074, 8.53937)
    3323 (22.5674, 5.65593) -> 8389 (22.3506, 5.49255)
    3324 (21.8009, 13.3847) -> 9109 (21.6486, 12.961)
    3325 (11.2112, 17.4676) -> 9234 (11.1897, 17.4176)
    3326 (8.20834, 20.5641) -> 8459 (7.49675, 20.4623)
    3327 (14.7795, 21.7217) -> 5973 (15.1983, 21.0798)
    3328 (15.7653, 14.4002) -> 9391 (16.4269, 14.0052)
    3329 (4.2339, 14.8716) -> 4349 (3.78902, 14.8313)
    3330 (18.9351, -3.41215) -> 9221 (18.6172, -3.36952)
    3331 (15.7206, 27.0601) -> 9044 (15.9153, 26.5208)
    3332 (17.1632, 20.3691) -> 8922 (17.3599, 20.1885)
    3333 (5.25337, 5.92754) -> 4695 (4.70603, 6.15372)
    3334 (13.2033, -1.81833) -> 9266 (13.2428, -1.79468)
    3335 (15.35, 13.6535) -> 3529 (15.8929, 13.2717)
    3336 (20.86, 3.59739) -> 9863 (20.3629, 2.8702)
    3337 (12.4538, 20.6556) -> 8910 (12.1419, 20.4534)
    3338 (17.4379, -0.511399) -> 9743 (16.5772, -0.868346)
    3339 (10.5037, 0.869811) -> 8137 (10.368, 0.919716)
    3340 (15.7435, 0.755079) -> 8989 (15.1482, 0.528485)
    3341 (1.79916, 28.8332) -> 8998 (1.99828, 28.444)
    3342 (8.67205, 21.6829) -> 5575 (8.04655, 21.4535)
    3343 (12.5911, 21.7866) -> 3429 (11.8891, 21.2411)
    3344 (1.57662, 20.7279) -> 7269 (1.43357, 20.2836)
    3345 (16.5875, 3.67054) -> 4942 (16.0776, 3.23652)
    3346 (9.73632, 21.8866) -> 9143 (9.23515, 21.2994)
    3347 (22.621, 26.2537) -> 8070 (22.6893, 25.3966)
    3348 (3.47328, 21.4363) -> 5242 (3.03762, 20.7488)
    3349 (20.5295, 28.8355) -> 6405 (21.008, 28.1843)
    3350 (5.70103, 1.78913) -> 7196 (5.03309, 1.966)
    3351 (5.21342, 14.1896) -> 8508 (5.08021, 14.0152)
    3352 (10.1872, 1.28103) -> 8633 (9.45995, 1.17712)
    3353 (15.2712, 28.0158) -> 9426 (15.4169, 27.14)
    3354 (3.79098, 11.0224) -> 9810 (3.14041, 11.3263)
    3355 (20.4181, 14.6502) -> 4608 (20.9151, 13.873)
    3356 (20.1598, 11.8763) -> 7124 (20.1198, 11.7534)
    3357 (14.7826, 27.2344) -> 5736 (14.0722, 26.6031)
    3358 (6.01103, 29.889) -> 9831 (5.93757, 29.5026)
    3359 (2.98609, 2.33335) -> 7473 (2.72815, 2.57795)
    3360 (21.55, 2.81586) -> 7399 (20.6831, 2.47548)
    3361 (11.2812, 19.3938) -> 8484 (10.5358, 19.0638)
    3362 (22.9574, -0.794584) -> 9389 (22.8995, -0.788424)
    3363 (7.15322, 28.3372) -> 3278 (6.53157, 27.7225)
    3364 (20.4197, 0.979677) -> 9597 (19.7636, 0.857945)
    3365 (7.42464, 11.2338) -> 4052 (6.71483, 11.2857)
    3366 (12.6185, 6.27894) -> 8309 (12.4764, 5.36488)
    3367 (19.2792, 21.8606) -> 8657 (19.4013, 21.4119)
    3368 (20.2635, 11.0126) -> 9349 (20.7189, 10.2522)
    3369 (7.00301, 20.5754) -> 666 (6.46427, 20.1745)
    3370 (4.94992, -2.74553) -> 9870 (4.87538, -2.40958)
    3371 (19.3347, 5.68731) -> 8354 (18.9094, 4.86328)
    3372 (17.3132, 11.736) -> 8381 (17.6445, 11.715)
    3373 (15.9202, 6.35143) -> 5787 (15.787, 6.16968)
    3374 (16.4854, 8.1083) -> 9707 (16.4104, 7.42982)
    3375 (7.07111, 18.7448) -> 8983 (6.93104, 18.7979)
    3376 (12.1438, -3.09629) -> 7871 (11.3654, -3.22349)
    3377 (1.34082, 6.83441) -> 9132 (1.17933, 7.44452)
    3378 (23.759, 29.0162) -> 9648 (23.8693, 28.5111)
    3379 (21.7261, 28.1803) -> 8912 (21.9895, 27.4361)
    3380 (4.94066e-324, 6.9533e-310) -> 2209 (0.166112, 0.830897)
    3381 (5.28915, 26.8793) -> 9270 (5.06429, 26.2497)
    3382 (23.497, 24.1285) -> 6520 (23.9582, 23.4088)
    3383 (21.7324, 14.9228) -> 9773 (21.8352, 14.7719)
    3384 (21.6845, 3.41606) -> 9031 (21.346, 3.0224)
    3385 (1.13513, 6.60941) -> 9521 (0.748844, 6.84764)
    3386 (4.94066e-324, 6.9533e-310) -> 2209 (0.166112, 0.830897)
    3387 (11.7165, 4.31064) -> 8292 (11.5436, 3.87508)
    3388 (5.65134, 2.09191) -> 9411 (4.70525, 2.41429)
    3389 (17.272, 9.62809) -> 9398 (17.1405, 9.17089)
    3390 (3.00093, 4.46368) -> 7204 (2.24632, 5.00659)
    3391 (4.24278, 22.3303) -> 3823 (3.99007, 21.9743)
    3392 (13.6576, 19.3553) -> 6186 (14.0038, 19.1145)
    3393 (20.835, 20.3697) -> 9630 (20.8163, 19.7703)
    3394 (22.2716, 10.8332) -> 7940 (22.434, 10.4268)
    3395 (17.3956, 19.7701) -> 9854 (17.5784, 19.4783)
    3396 (23.0303, 6.26371) -> 9822 (23.0384, 5.72212)
    3397 (9.53269, -0.536124) -> 9992 (9.10122, -0.28248)
    3398 (17.4092, 20.3243) -> 5045 (17.9249, 19.4957)
    3399 (4.94066e-324, 6.9533e-310) -> 2209 (0.166112, 0.830897)
    3400 (4.80907, -0.852469) -> 9886 (4.67028, 0.11741)
    3401 (20.6094, 11.4291) -> 7863 (21.3399, 11.4976)
    3402 (23.7692, 17.7859) -> 9115 (23.7591, 17.501)
    3403 (17.0677, 10.1171) -> 9659 (17.772, 10.0853)
    3404 (22.6378, 2.34271) -> 9120 (21.8747, 2.44149)
    3405 (16.511, 1.23329) -> 9916 (15.8365, 1.11438)
    3406 (9.95281, 23.4444) -> 8948 (9.59698, 23.3867)
    3407 (3.81283, 2.16307) -> 9594 (3.1744, 2.6701)
    3408 (21.191, 7.60817) -> 9950 (21.7957, 7.14588)
    3409 (1.47469, 13.3779) -> 9968 (1.11892, 14.0458)
    3410 (15.2259, 17.9259) -> 8198 (15.8637, 17.3351)
    3411 (7.89233, 22.6542) -> 4526 (6.99939, 22.3545)
    3412 (18.2508, 16.8742) -> 7709 (18.5473, 16.2709)
    3413 (13.1376, 19.6431) -> 6573 (13.1669, 19.7311)
    3414 (7.05147, 18.7877) -> 8983 (6.93104, 18.7979)
    3415 (5.9269, 27.2259) -> 8103 (5.4376, 26.38)
    3416 (3.99775, 15.9886) -> 8092 (3.7371, 15.9486)
    3417 (14.5782, 6.60542) -> 9397 (14.2149, 6.02274)
    3418 (14.8493, 8.10268) -> 7780 (15.0129, 8.01073)
    3419 (0.306754, 4.18042) -> 9539 (0.132033, 4.10037)
    3420 (22.6361, 10.7899) -> 9798 (23.2194, 10.4868)
    3421 (11.5381, 5.47998) -> 8087 (10.9429, 4.74451)
    3422 (16.1261, 9.47537) -> 7806 (16.1707, 9.36924)
    3423 (8.85418, 10.2922) -> 3020 (8.23703, 9.58225)
    3424 (9.13424, 8.94447) -> 559 (8.66, 8.159)
    3425 (0.476364, -1.92192) -> 5520 (0.737789, -1.10325)
    3426 (22.8544, 7.65019) -> 7714 (22.6352, 7.07489)
    3427 (9.77505, 27.7772) -> 9424 (9.63898, 27.6788)
    3428 (14.7436, -0.596608) -> 9347 (14.1332, -0.604642)
    3429 (11.8891, 21.2411) -> 1412 (11.0926, 20.7506)
    3430 (13.8858, -0.93618) -> 7963 (13.1258, -0.900614)
    3431 (4.45555, 20.527) -> 7856 (4.11063, 20.0093)
    3432 (14.3855, -4.36016) -> 6197 (13.4696, -4.0571)
    3433 (17.7591, -1.63382) -> 9235 (16.7742, -1.53426)
    3434 (22.5893, 16.6528) -> 7516 (22.927, 15.7924)
    3435 (9.48235, 4.95412) -> 8753 (8.94558, 4.59894)
    3436 (9.74568, 19.0652) -> 9006 (9.41628, 18.9973)
    3437 (6.59977, -2.46548) -> 8450 (6.24726, -2.08108)
    3438 (12.4403, 6.91555) -> 720 (12.1773, 6.2613)
    3439 (3.31383, 13.8533) -> 2332 (2.84981, 14.2019)
    3440 (16.8898, 2.54664) -> 9970 (16.2365, 2.41334)
    3441 (2.47736, 7.71779) -> 4510 (2.03857, 7.97447)
    3442 (23.2243, 25.1136) -> 6121 (23.8678, 24.9539)
    3443 (5.26443, 19.4762) -> 4834 (4.5703, 18.9551)
    3444 (15.7526, 17.2484) -> 7068 (15.8759, 17.2405)
    3445 (6.51752, 6.18979) -> 9790 (5.93394, 5.54778)
    3446 (0.176155, 8.44667) -> 3310 (0.468995, 9.31494)
    3447 (17.1869, 6.301) -> 7732 (17.2198, 5.77208)
    3448 (16.5413, 20.807) -> 8131 (16.9054, 20.2823)
    3449 (23.582, 24.2572) -> 6520 (23.9582, 23.4088)
    3450 (7.78662, 3.19361) -> 5264 (7.46906, 3.42219)
    3451 (15.4596, 2.84867) -> 9699 (15.0493, 2.53889)
    3452 (18.6294, -2.28447) -> 9975 (18.3248, -2.13121)
    3453 (8.9005, 26.072) -> 8662 (8.1193, 25.5054)
    3454 (5.45213, 22.3806) -> 2656 (4.87335, 21.6123)
    3455 (11.5564, 24.9064) -> 7006 (11.4314, 24.8508)
    3456 (8.34808, 17.2741) -> 8522 (7.78348, 17.1473)
    3457 (4.94066e-324, 6.9533e-310) -> 2209 (0.166112, 0.830897)
    3458 (10.6595, -0.399063) -> 5645 (10.227, -0.22804)
    3459 (5.15507, 1.70361) -> 5573 (4.5603, 1.96046)
    3460 (20.9762, 27.0091) -> 9821 (20.8804, 26.6582)
    3461 (7.62161, 9.16715) -> 8619 (7.24884, 8.69824)
    3462 (12.6244, -0.739166) -> 8756 (11.9766, -0.637326)
    3463 (3.32559, 1.45138) -> 9860 (2.92214, 2.12143)
    3464 (22.075, 16.3367) -> 7275 (22.1168, 15.9678)
    3465 (24.5146, 10.3977) -> 9841 (24.2447, 10.3084)
    3466 (6.24047, 24.9009) -> 7589 (6.02726, 24.2109)
    3467 (17.7503, 29.0839) -> 8277 (17.7743, 28.5359)
    3468 (12.707, 26.2767) -> 6225 (12.138, 25.5798)
    3469 (3.26736, 13.0886) -> 9836 (3.22627, 12.8029)
    3470 (20.7108, 7.64359) -> 9509 (20.4259, 7.11284)
    3471 (2.31172, 28.7641) -> 8998 (1.99828, 28.444)
    3472 (9.38334, 23.2147) -> 9250 (9.00597, 22.7089)
    3473 (24.0526, 14.4188) -> 4525 (23.9789, 13.494)
    3474 (15.5434, 22.3502) -> 5928 (15.6094, 21.774)
    3475 (0.0377173, 2.48259) -> 4807 (0.17059, 3.35563)
    3476 (24.8633, 2.95199) -> 6412 (24.4283, 2.78347)
    3477 (7.57779, 6.40351) -> 8536 (7.03205, 5.99275)
    3478 (20.1958, 2.99045) -> 9473 (19.5675, 2.4273)
    3479 (17.8226, 17.2231) -> 8316 (17.9235, 17.2156)
    3480 (19.6951, -0.953128) -> 7183 (18.7959, -1.07345)
    3481 (8.23499, -4.74266) -> 9900 (7.46185, -4.21383)
    3482 (3.38314, -0.00187655) -> 8666 (3.12908, 0.230462)
    3483 (18.0922, 24.0881) -> 9442 (18.1431, 24.1528)
    3484 (13.0878, 27.237) -> 5103 (12.6113, 26.7498)
    3485 (14.8181, 4.93367) -> 9383 (14.4539, 4.56231)
    3486 (9.646, -0.454956) -> 9992 (9.10122, -0.28248)
    3487 (4.94066e-324, 6.9533e-310) -> 2209 (0.166112, 0.830897)
    3488 (17.5081, -2.43027) -> 9776 (16.5444, -2.43759)
    3489 (21.1165, 23.2013) -> 5712 (21.2907, 22.5762)
    3490 (13.7635, 15.4359) -> 7924 (14.6375, 15.4263)
    3491 (7.87703, 0.794717) -> 8600 (7.53903, 0.790489)
    3492 (2.0997, 10.9388) -> 7845 (1.67331, 11.356)
    3493 (3.34455, 1.68354) -> 9860 (2.92214, 2.12143)
    3494 (19.5101, 11.3262) -> 8399 (19.9166, 10.5366)
    3495 (17.7553, -4.86345) -> 9126 (17.4813, -4.89101)
    3496 (3.19864, 14.2624) -> 7735 (2.47289, 14.6447)
    3497 (16.1519, 8.64031) -> 9996 (16.1374, 8.26381)
    3498 (6.47058, 8.77486) -> 9510 (5.9308, 8.55083)
    3499 (24.1952, 12.5954) -> 8027 (24.4422, 12.1158)
    3500 (17.8956, 20.5252) -> 7248 (18.1923, 19.8154)
    3501 (20.4821, 1.51279) -> 9597 (19.7636, 0.857945)
    3502 (7.00064, 12.506) -> 1110 (6.39293, 12.6438)
    3503 (13.3287, 18.5933) -> 6945 (13.404, 18.4882)
    3504 (12.358, 21.3946) -> 7349 (12.2297, 21.2883)
    3505 (1.26186, 28.2925) -> 7813 (1.55059, 27.7559)
    3506 (9.12354, 19.8086) -> 7684 (8.76908, 19.6986)
    3507 (18.1201, -4.48793) -> 9989 (17.6577, -4.36271)
    3508 (22.5415, 26.9189) -> 6272 (22.8128, 26.1723)
    3509 (8.57003, 9.71733) -> 8099 (8.39389, 9.21341)
    3510 (15.6787, 26.1935) -> 9045 (15.9272, 25.6982)
    3511 (13.9392, 16.8207) -> 8864 (14.6446, 16.458)
    3512 (10.8485, 7.37201) -> 8886 (10.5682, 7.1108)
    3513 (7.78425, 4.04255) -> 9814 (7.49763, 4.0937)
    3514 (13.9034, 24.6151) -> 9947 (13.639, 23.9858)
    3515 (15.7517, 10.7118) -> 8711 (16.0122, 10.4611)
    3516 (24.3535, 9.50576) -> 9407 (24.0784, 9.23037)
    3517 (21.0709, 13.4674) -> 4722 (21.2229, 12.8774)
    3518 (16.2605, 9.9625) -> 8211 (16.3594, 9.65907)
    3519 (16.9015, 10.7604) -> 3778 (17.3987, 10.2407)
    3520 (21.052, 20.0044) -> 5057 (21.0609, 19.8117)
    3521 (4.08281, -4.92262) -> 9565 (4.09418, -4.65475)
    3522 (15.1498, 15.6514) -> 7398 (15.8435, 15.0896)
    3523 (14.1776, 5.86542) -> 9553 (13.6245, 5.08369)
    3524 (23.8205, 14.2777) -> 4525 (23.9789, 13.494)
    3525 (19.0438, 26.6949) -> 9306 (18.9858, 25.7522)
    3526 (2.65798, 18.0431) -> 4 (2.30559, 17.3254)
    3527 (4.94066e-324, 6.9533e-310) -> 2209 (0.166112, 0.830897)
    3528 (24.3481, 10.1548) -> 8862 (24.2782, 9.21821)
    3529 (15.8929, 13.2717) -> 9421 (16.0383, 13.1795)
    3530 (21.4885, 24.745) -> 9930 (21.577, 24.0955)
    3531 (7.91712, 18.2739) -> 8896 (7.49378, 18.1043)
    3532 (22.067, 1.09209) -> 9964 (22.058, 0.785503)
    3533 (2.7644, 13.8191) -> 8035 (1.97623, 14.3022)
    3534 (17.2509, 24.46) -> 9687 (17.2146, 23.6365)
    3535 (4.94066e-324, 6.9533e-310) -> 2209 (0.166112, 0.830897)
    3536 (16.6959, 14.124) -> 6574 (16.9033, 13.7178)
    3537 (8.89507, 16.9238) -> 7649 (8.68413, 16.8751)
    3538 (21.6467, 10.3281) -> 9390 (21.6595, 10.3831)
    3539 (16.5284, 7.14926) -> 7065 (16.7935, 6.2842)
    3540 (4.12333, 17.6338) -> 5704 (3.50013, 17.3519)
    3541 (23.336, -3.62833) -> 9726 (23.2265, -4.11043)
    3542 (6.60598, 6.25548) -> 9262 (6.20036, 6.39251)
    3543 (14.6798, 19.8032) -> 9762 (15.2201, 19.0956)
    3544 (8.39955, 19.8333) -> 7453 (7.49237, 19.6775)
    3545 (12.4158, 7.75055) -> 8095 (12.3751, 7.53656)
    3546 (11.0046, 23.4206) -> 9677 (10.3819, 22.9235)
    3547 (4.94066e-324, 6.9533e-310) -> 2209 (0.166112, 0.830897)
    3548 (2.33093, 19.263) -> 2194 (1.98582, 18.371)
    3549 (7.39037, 7.33058) -> 7087 (6.66078, 7.17696)
    3550 (23.0623, 3.58081) -> 8857 (22.9554, 3.31037)
    3551 (13.6423, 9.7076) -> 7631 (13.8299, 9.506)
    3552 (13.0847, 1.83618) -> 9483 (12.5442, 1.87507)
    3553 (17.66, -1.25575) -> 9856 (17.3276, -1.16431)
    3554 (19.919, 18.2258) -> 9414 (20.4322, 17.8146)
    3555 (4.94066e-324, 6.9533e-310) -> 2209 (0.166112, 0.830897)
    3556 (14.2024, 28.7766) -> 9678 (13.4978, 28.3325)
    3557 (3.70451, 4.19779) -> 8986 (3.70474, 4.22491)
    3558 (6.92212, 2.35018) -> 8881 (6.81604, 1.93519)
    3559 (17.9798, 29.447) -> 9770 (18.5591, 29.1173)
    3560 (4.34119, 29.9886) -> 6519 (3.99262, 29.4507)
    3561 (16.0915, 12.6676) -> 9988 (16.9626, 12.2542)
    3562 (13.0244, 20.5528) -> 7295 (13.5085, 19.8331)
    3563 (6.4592, 23.1061) -> 9499 (6.3436, 22.9072)
    3564 (11.26, 1.32637) -> 8877 (10.5073, 0.920586)
    3565 (23.3514, -2.5826) -> 9444 (22.9715, -2.2051)
    3566 (20.1617, 19.2738) -> 6659 (20.484, 18.5521)
    3567 (14.701, 7.4861) -> 4112 (14.559, 6.57035)
    3568 (3.59971, -3.43642) -> 8675 (3.18635, -2.91432)
    3569 (16.2258, 25.0596) -> 9939 (16.5837, 24.4924)
    3570 (2.46663, 12.4362) -> 9080 (2.10513, 12.4645)
    3571 (5.27092, -3.74141) -> 9732 (4.53778, -3.19324)
    3572 (1.13397, 27.8633) -> 4818 (0.926867, 27.0633)
    3573 (20.3077, -1.36748) -> 9319 (19.9665, -1.56689)
    3574 (4.90792, 29.8101) -> 1299 (4.75797, 29.1673)
    3575 (1.1873, 2.23876) -> 7758 (0.860683, 2.96876)
    3576 (24.6757, 17.2485) -> 9705 (24.8179, 16.3257)
    3577 (17.767, 24.6013) -> 9442 (18.1431, 24.1528)
    3578 (0.0875327, 27.445) -> 9825 (0.078767, 27.0326)
    3579 (24.2303, -1.83507) -> 9373 (23.8474, -1.8064)
    3580 (20.0264, 25.8479) -> 7875 (20.2213, 25.7384)
    3581 (21.8361, -2.55368) -> 9305 (20.9374, -2.42562)
    3582 (8.29063, 28.6645) -> 8457 (7.92886, 28.1087)
    3583 (6.11966, 6.96647) -> 4097 (5.14942, 6.86692)
    3584 (1.76553, -0.0576176) -> 3306 (1.52739, 0.810358)
    3585 (9.07482, 15.6466) -> 5610 (8.83515, 15.9934)
    3586 (17.1602, 23.3305) -> 8372 (17.2547, 22.8842)
    3587 (24.8413, 19.3754) -> 5919 (24.7564, 18.7382)
    3588 (5.80863, 11.5697) -> 5559 (5.16694, 11.5255)
    3589 (13.4393, 10.1362) -> 7631 (13.8299, 9.506)
    3590 (9.01913, 27.1673) -> 8436 (8.60206, 26.4592)
    3591 (18.0925, 4.76862) -> 9786 (18.0057, 4.08851)
    3592 (24.4996, 2.56907) -> 6803 (24.2754, 2.36102)
    3593 (15.6721, 26.448) -> 9045 (15.9272, 25.6982)
    3594 (18.0654, -3.04781) -> 9943 (18.0602, -3.77262)
    3595 (0.345162, 22.99) -> 8813 (0.64719, 22.3086)
    3596 (22.3235, 28.0028) -> 9663 (22.4081, 27.2264)
    3597 (16.5354, 11.7192) -> 3125 (17.1338, 11.1348)
    3598 (21.1558, 20.6712) -> 8593 (21.3701, 19.9716)
    3599 (19.2371, 26.7909) -> 8812 (19.4385, 25.8475)
    3600 (10.6728, 22.8431) -> 9977 (10.3661, 22.6327)
    3601 (7.74859, 24.8487) -> 6106 (7.31906, 24.1954)
    3602 (15.5635, 7.49738) -> 6221 (15.6296, 7.01659)
    3603 (6.63146, 23.166) -> 9499 (6.3436, 22.9072)
    3604 (14.1867, 15.7711) -> 8805 (14.7077, 15.6649)
    3605 (24.5181, 7.59047) -> 9323 (24.8824, 6.72749)
    3606 (21.1292, 18.7661) -> 3805 (21.3984, 18.2102)
    3607 (0.889851, 7.23805) -> 9593 (0.483326, 7.7801)
    3608 (8.84308, 3.96483) -> 9318 (8.53643, 3.94328)
    3609 (14.2018, 16.0017) -> 9352 (14.953, 15.7779)
    3610 (19.1704, 14.289) -> 9891 (19.3316, 13.3997)
    3611 (9.0049, 26.6484) -> 4230 (8.32049, 26.0259)
    3612 (16.5596, 16.3798) -> 4993 (16.9454, 15.812)
    3613 (15.5257, 11.2648) -> 9448 (15.9628, 10.6236)
    3614 (9.4513, 4.88917) -> 8753 (8.94558, 4.59894)
    3615 (4.94066e-324, 6.9533e-310) -> 2209 (0.166112, 0.830897)
    3616 (23.4323, 22.4952) -> 9354 (23.6331, 21.9467)
    3617 (5.43923, 18.8415) -> 1422 (4.7392, 18.5173)
    3618 (24.8704, 22.693) -> 8138 (24.9784, 22.2338)
    3619 (11.6876, -1.52322) -> 9753 (10.8763, -1.21801)
    3620 (21.8831, 26.1946) -> 5428 (22.0266, 25.9879)
    3621 (0.319813, -4.56229) -> 3082 (0.284, -4.42829)
    3622 (15.1503, 23.3015) -> 9991 (16.0558, 23.048)
    3623 (24.8715, 20.2087) -> 6418 (24.9496, 19.886)
    3624 (23.1333, 25.6948) -> 4888 (23.5817, 25.1678)
    3625 (23.6616, 1.2183) -> 9727 (23.3465, 0.809681)
    3626 (18.1312, 17.4845) -> 7620 (18.1191, 17.1841)
    3627 (17.9137, 20.048) -> 5092 (18.1594, 19.2581)
    3628 (14.6961, 10.546) -> 8355 (15.0164, 10.0945)
    3629 (23.9587, 2.07724) -> 6893 (23.2384, 1.87037)
    3630 (22.4884, 5.94309) -> 9350 (21.9361, 5.40627)
    3631 (7.97532, 18.0098) -> 3677 (7.23126, 17.8526)
    3632 (11.0171, 0.662486) -> 9908 (10.613, 0.28303)
    3633 (13.289, 26.2719) -> 7692 (12.606, 25.7443)
    3634 (6.68904, 2.42085) -> 5862 (6.42451, 2.59068)
    3635 (2.84628, 7.29505) -> 4594 (2.14184, 7.70836)
    3636 (13.7678, 10.4296) -> 5604 (14.3785, 9.66532)
    3637 (23.3652, 14.5445) -> 5235 (23.4871, 14.0244)
    3638 (4.50025, 16.0125) -> 8092 (3.7371, 15.9486)
    3639 (17.7227, -3.6312) -> 9133 (17.2243, -3.72268)
    3640 (23.5195, 28.5909) -> 6611 (23.9252, 27.8117)
    3641 (10.8024, 28.8094) -> 9016 (10.5467, 28.4729)
    3642 (12.2553, 18.5636) -> 8814 (12.8181, 18.2275)
    3643 (13.4184, -4.03582) -> 9284 (13.1482, -3.86833)
    3644 (20.9435, 2.88952) -> 8804 (20.1468, 2.53861)
    3645 (4.72419, 5.82508) -> 9189 (4.00158, 5.32105)
    3646 (5.87226, 27.0679) -> 8103 (5.4376, 26.38)
    3647 (17.3946, -0.63178) -> 9743 (16.5772, -0.868346)
    3648 (22.4391, 14.5367) -> 8569 (22.893, 13.9877)
    3649 (3.51801, 21.521) -> 5476 (3.22577, 21.1422)
    3650 (1.77149, 4.94671) -> 9971 (1.28458, 5.1189)
    3651 (17.1716, 3.09616) -> 7270 (17.0742, 2.55718)
    3652 (8.44983, -3.77837) -> 9613 (7.5363, -3.78806)
    3653 (1.26178, 5.31535) -> 7037 (1.13142, 5.84342)
    3654 (3.66556, 27.1775) -> 9202 (3.68432, 26.85)
    3655 (5.30588, 6.91865) -> 9188 (4.79929, 6.86944)
    3656 (5.08334, 7.47514) -> 8916 (4.5357, 7.62374)
    3657 (0.855178, 8.88561) -> 5730 (0.706917, 9.8036)
    3658 (20.3547, -3.96628) -> 8919 (19.7848, -3.45115)
    3659 (0.541634, 11.4307) -> 7360 (0.49171, 11.5055)
    3660 (22.0069, 16.6995) -> 7275 (22.1168, 15.9678)
    3661 (3.3921, -3.91491) -> 8687 (3.08273, -3.46787)
    3662 (8.06207, 19.045) -> 7592 (7.62704, 19.0536)
    3663 (6.25442, 1.91048) -> 6651 (5.65465, 2.29466)
    3664 (14.9489, 18.6823) -> 6840 (15.7207, 18.3615)
    3665 (11.7686, 22.9) -> 2527 (11.0072, 22.4035)
    3666 (23.3199, 3.54904) -> 8857 (22.9554, 3.31037)
    3667 (0.844725, 23.4367) -> 6087 (1.02757, 22.7735)
    3668 (3.09701, -0.2465) -> 9953 (3.12525, -0.406663)
    3669 (2.1132, 17.7962) -> 3193 (1.61101, 16.9521)
    3670 (13.603, 14.812) -> 3748 (14.1601, 15.2618)
    3671 (2.72557, 22.8684) -> 7249 (2.75316, 22.3193)
    3672 (10.8897, 5.17575) -> 9931 (10.5295, 4.41927)
    3673 (17.3035, 6.32851) -> 7732 (17.2198, 5.77208)
    3674 (4.94066e-324, 6.9533e-310) -> 2209 (0.166112, 0.830897)
    3675 (1.67714, -4.37491) -> 6513 (1.59061, -3.79883)
    3676 (20.5082, -0.278969) -> 9295 (19.9351, -0.555704)
    3677 (7.23126, 17.8526) -> 5411 (6.69633, 17.8593)
    3678 (12.8739, 22.7709) -> 8752 (12.542, 22.4357)
    3679 (6.87482, 18.938) -> 1038 (6.71476, 18.9209)
    3680 (23.3672, 12.3553) -> 9056 (23.2886, 11.735)
    3681 (15.9147, -0.643793) -> 9612 (15.1687, -0.234117)
    3682 (4.49253, 24.9885) -> 2060 (4.20203, 24.1393)
    3683 (2.83166, 16.4079) -> 9206 (2.38935, 16.1905)
    3684 (2.05405, -2.49738) -> 7333 (1.88747, -1.72793)
    3685 (18.029, 29.4095) -> 9770 (18.5591, 29.1173)
    3686 (12.0122, 20.3067) -> 7238 (11.3666, 20.0354)
    3687 (12.555, 26.3718) -> 6225 (12.138, 25.5798)
    3688 (19.7461, -4.77951) -> 8897 (19.3954, -4.97639)
    3689 (7.06035, 14.764) -> 9865 (6.44301, 14.589)
    3690 (10.5807, 24.6504) -> 6251 (9.72687, 24.2579)
    3691 (12.9785, -0.491057) -> 9946 (12.6529, -0.647598)
    3692 (24.3336, 12.1986) -> 9779 (24.2182, 11.5785)
    3693 (23.8266, -2.25681) -> 9990 (22.9026, -2.13215)
    3694 (1.37917, 20.2348) -> 8835 (1.21495, 19.6681)
    3695 (22.2578, 18.3916) -> 5263 (22.6949, 17.6311)
    3696 (23.7478, 15.2473) -> 9807 (23.9186, 14.5824)
    3697 (8.728, 20.427) -> 9760 (8.10023, 20.132)
    3698 (2.41741, 13.2431) -> 8490 (1.90472, 13.8273)
    3699 (22.0252, -1.44216) -> 9228 (22.0976, -1.31873)
    3700 (4.94066e-324, 6.9533e-310) -> 2209 (0.166112, 0.830897)
    3701 (2.39525, 4.2877) -> 9247 (2.18409, 4.68801)
    3702 (11.9097, 9.46553) -> 9917 (11.9617, 8.84912)
    3703 (7.68443, 1.75845) -> 8881 (6.81604, 1.93519)
    3704 (10.8113, -2.48952) -> 8116 (10.3499, -1.84629)
    3705 (17.8033, 25.8182) -> 7895 (17.9566, 25.3917)
    3706 (24.8001, 3.40202) -> 9211 (24.3906, 3.18139)
    3707 (10.1942, 5.49878) -> 9887 (9.82314, 5.08274)
    3708 (20.9919, 1.3238) -> 7675 (20.5122, 0.524493)
    3709 (6.86881, 1.29985) -> 3663 (6.25442, 1.91048)
    3710 (1.53187, -0.741265) -> 3584 (1.76553, -0.0576176)
    3711 (9.24894, 1.55481) -> 8923 (8.55208, 1.42984)
    3712 (5.81456, 18.0096) -> 4367 (5.05938, 17.5162)
    3713 (16.7188, 14.778) -> 6169 (17.38, 14.0528)
    3714 (4.94398, -0.826197) -> 5340 (4.58758, -0.544993)
    3715 (10.695, 7.58515) -> 4628 (10.2379, 6.75099)
    3716 (14.384, 5.34071) -> 9453 (13.9583, 4.83232)
    3717 (2.10303, 4.43099) -> 9247 (2.18409, 4.68801)
    3718 (19.2303, 6.71765) -> 7787 (19.2262, 5.97686)
    3719 (11.5195, 18.5071) -> 6293 (10.8749, 18.4489)
    3720 (0.589593, 0.203066) -> 9623 (0.664097, 0.892402)
    3721 (13.9704, 13.9881) -> 5901 (14.4319, 14.1109)
    3722 (12.1575, -4.34813) -> 9721 (11.877, -4.70861)
    3723 (21.7361, 18.2425) -> 8267 (21.7157, 18.0584)
    3724 (13.3855, 19.9551) -> 9072 (13.7646, 19.6356)
    3725 (9.7712, 29.1084) -> 7902 (9.56004, 28.4537)
    3726 (22.4408, -2.03249) -> 9990 (22.9026, -2.13215)
    3727 (3.67986, 5.15148) -> 9835 (3.409, 5.65846)
    3728 (4.94066e-324, 6.9533e-310) -> 2209 (0.166112, 0.830897)
    3729 (12.6549, -2.60587) -> 9955 (11.7555, -2.31404)
    3730 (21.8009, 5.56755) -> 5719 (21.5396, 5.04526)
    3731 (4.94066e-324, 6.9533e-310) -> 2209 (0.166112, 0.830897)
    3732 (15.3784, 22.3666) -> 5928 (15.6094, 21.774)
    3733 (3.09393, 29.1941) -> 9606 (3.03914, 28.7711)
    3734 (7.46283, 19.6123) -> 6761 (6.54828, 19.2087)
    3735 (15.0484, 21.241) -> 8248 (15.2181, 20.6357)
    3736 (17.5428, 10.3553) -> 9659 (17.772, 10.0853)
    3737 (7.85946, 2.53674) -> 7747 (7.55884, 2.45217)
    3738 (18.2092, 22.6915) -> 9136 (18.4663, 21.758)
    3739 (5.95996, 15.3474) -> 7740 (5.25224, 15.0626)
    3740 (24.4242, 20.0844) -> 5642 (24.3255, 19.5874)
    3741 (10.7361, -4.85224) -> 8140 (9.82075, -4.4653)
    3742 (13.6633, -3.51667) -> 9284 (13.1482, -3.86833)
    3743 (22.6398, 9.64457) -> 9341 (22.8261, 8.72477)
    3744 (15.7615, 16.7055) -> 8063 (16.3759, 16.3448)
    3745 (20.4413, 18.5109) -> 6820 (20.4774, 18.0905)
    3746 (7.94331, 28.2731) -> 9638 (7.47516, 27.4222)
    3747 (6.0685, 20.545) -> 9091 (5.24053, 20.0451)
    3748 (14.1601, 15.2618) -> 9179 (14.6409, 15.3201)
    3749 (24.939, 5.30712) -> 7792 (24.7877, 4.64526)
    3750 (16.2587, 4.05784) -> 9719 (15.9464, 3.46279)
    3751 (2.1998, 8.68607) -> 5952 (1.71422, 9.28325)
    3752 (16.98, 6.32232) -> 7065 (16.7935, 6.2842)
    3753 (4.94066e-324, 6.9533e-310) -> 2209 (0.166112, 0.830897)
    3754 (6.10876, 17.7906) -> 9904 (5.5008, 17.6306)
    3755 (4.94066e-324, 6.9533e-310) -> 2209 (0.166112, 0.830897)
    3756 (17.6345, 9.7227) -> 5816 (17.4293, 8.78477)
    3757 (22.7852, 4.09155) -> 7594 (22.4884, 3.42209)
    3758 (22.583, 25.5639) -> 8070 (22.6893, 25.3966)
    3759 (16.704, 6.07732) -> 6021 (16.6265, 5.28406)
    3760 (0.963324, 25.7521) -> 5359 (0.92436, 24.9923)
    3761 (5.42256, -3.33289) -> 9732 (4.53778, -3.19324)
    3762 (1.47251, 7.91284) -> 8246 (1.13024, 8.83089)
    3763 (20.1849, -4.54397) -> 8897 (19.3954, -4.97639)
    3764 (22.0451, 16.4288) -> 7275 (22.1168, 15.9678)
    3765 (16.6555, -3.37473) -> 8826 (15.8816, -3.73537)
    3766 (0.242244, 16.1731) -> 1080 (0.70472, 15.4326)
    3767 (21.0463, 5.89727) -> 9617 (20.9253, 5.32649)
    3768 (4.61865, 9.64421) -> 3913 (4.04915, 9.86668)
    3769 (20.3321, -1.61026) -> 8703 (19.6127, -1.68153)
    3770 (7.36101, 1.18302) -> 4741 (6.56657, 1.66242)
    3771 (20.887, -1.83416) -> 9535 (20.9567, -1.51656)
    3772 (18.1452, -0.0598427) -> 6527 (17.5247, -0.319779)
    3773 (19.2921, -0.739045) -> 7183 (18.7959, -1.07345)
    3774 (7.16026, 14.8418) -> 9865 (6.44301, 14.589)
    3775 (20.2149, 27.5617) -> 8455 (20.4361, 27.0784)
    3776 (21.4424, -4.98826) -> 7444 (20.5239, -4.79026)
    3777 (6.8471, -2.15079) -> 9434 (6.72001, -2.22251)
    3778 (17.3987, 10.2407) -> 9659 (17.772, 10.0853)
    3779 (9.43205, 20.1538) -> 7671 (8.92377, 19.8158)
    3780 (14.7866, 9.01899) -> 7777 (15.2221, 8.57593)
    3781 (17.0651, 19.0091) -> 9409 (17.6523, 18.278)
    3782 (5.3638, 4.48516) -> 8751 (4.72185, 4.65542)
    3783 (12.6378, 23.849) -> 4891 (12.147, 23.4503)
    3784 (1.21771, 29.3083) -> 9566 (1.20212, 29.2004)
    3785 (2.0145, 16.5882) -> 5347 (1.60914, 16.1542)
    3786 (22.028, -3.56178) -> 9376 (21.6849, -3.95603)
    3787 (22.0272, 25.5497) -> 9261 (22.0379, 24.8853)
    3788 (20.2542, 16.9637) -> 9840 (20.6155, 16.1114)
    3789 (24.108, 29.3602) -> 5500 (24.0522, 29.1048)
    3790 (15.963, 17.5146) -> 6632 (16.6014, 16.8247)
    3791 (7.32977, 2.56889) -> 8881 (6.81604, 1.93519)
    3792 (6.82419, 15.3608) -> 858 (6.09986, 14.9747)
    3793 (4.39076, 21.1767) -> 5227 (3.98278, 20.8286)
    3794 (18.1924, 15.5135) -> 7018 (18.6051, 15.0712)
    3795 (4.24752, 27.841) -> 6560 (4.18918, 27.7682)
    3796 (22.6063, -1.93401) -> 9228 (22.0976, -1.31873)
    3797 (9.16367, 24.0105) -> 7591 (8.44096, 24.0006)
    3798 (1.46972, 28.6135) -> 7813 (1.55059, 27.7559)
    3799 (13.3218, 15.2865) -> 3490 (13.7635, 15.4359)
    3800 (21.6393, 1.18855) -> 9527 (21.0923, 0.682211)
    3801 (17.0547, 21.529) -> 8697 (17.5491, 21.1194)
    3802 (0.372645, 20.6585) -> 9876 (0.481272, 19.8198)
    3803 (12.801, 6.96398) -> 720 (12.1773, 6.2613)
    3804 (0.287781, 2.65322) -> 1528 (0.278842, 3.57835)
    3805 (21.3984, 18.2102) -> 801 (21.709, 17.5758)
    3806 (12.1284, 23.5423) -> 1759 (11.4365, 22.9132)
    3807 (14.681, 4.56201) -> 6167 (14.1553, 4.16783)
    3808 (1.9933, 27.9118) -> 8592 (1.82304, 27.1542)
    3809 (23.5311, 26.0046) -> 6894 (23.7315, 25.5924)
    3810 (8.17139, 16.8127) -> 5592 (7.61456, 16.4524)
    3811 (8.84537, 7.43996) -> 4271 (8.25943, 7.06745)
    3812 (14.4986, 1.0789) -> 8651 (13.5134, 1.01477)
    3813 (22.2593, 15.8204) -> 8992 (22.4974, 15.3865)
    3814 (7.54353, 2.9139) -> 4509 (6.81508, 3.45896)
    3815 (24.8068, 23.8133) -> 8899 (24.9964, 22.9583)
    3816 (0.929719, 27.3782) -> 8499 (0.838639, 27.1286)
    3817 (22.0295, 0.974766) -> 9964 (22.058, 0.785503)
    3818 (19.9947, 4.0388) -> 9443 (20.1435, 3.99057)
    3819 (18.0523, -4.28438) -> 9989 (17.6577, -4.36271)
    3820 (1.13632, 15.9417) -> 8519 (1.00318, 15.0394)
    3821 (6.58536, 17.5425) -> 7998 (5.79526, 17.384)
    3822 (24.4455, 23.5516) -> 5453 (24.5383, 22.8279)
    3823 (3.99007, 21.9743) -> 5388 (3.70395, 21.1452)
    3824 (14.0517, 16.8764) -> 8314 (14.689, 16.6465)
    3825 (3.48185, 18.2335) -> 7976 (3.34162, 17.9862)
    3826 (11.4013, 5.91029) -> 9979 (10.951, 5.48776)
    3827 (11.4566, 28.7662) -> 8650 (10.8446, 28.0254)
    3828 (19.8683, 14.7529) -> 2170 (20.0626, 13.9925)
    3829 (16.4954, -1.50574) -> 5404 (15.9777, -1.63741)
    3830 (0.442383, 17.3191) -> 3048 (0.642563, 16.4986)
    3831 (7.63654, 10.5211) -> 4620 (7.28751, 10.3823)
    3832 (2.91537, -0.701769) -> 6127 (2.62364, -0.277309)
    3833 (3.70116, -3.49862) -> 8675 (3.18635, -2.91432)
    3834 (22.3162, 24.1843) -> 5075 (22.3112, 23.6828)
    3835 (8.50301, 2.93016) -> 7569 (7.92179, 2.90123)
    3836 (11.2976, 25.6642) -> 9363 (10.5256, 25.2061)
    3837 (20.9229, 17.2002) -> 7646 (21.1758, 16.4152)
    3838 (9.25839, 21.2997) -> 9718 (8.86223, 21.1278)
    3839 (22.0687, 0.913123) -> 8938 (21.7795, 0.709136)
    3840 (5.26664, 21.2618) -> 9062 (4.70023, 20.761)
    3841 (24.1669, 14.8774) -> 9807 (23.9186, 14.5824)
    3842 (23.3498, 24.3372) -> 7520 (23.5076, 23.6618)
    3843 (4.94066e-324, 6.9533e-310) -> 2209 (0.166112, 0.830897)
    3844 (11.6335, -0.98122) -> 9753 (10.8763, -1.21801)
    3845 (8.29303, 21.9846) -> 6192 (7.85316, 21.7846)
    3846 (24.3309, -2.34746) -> 9373 (23.8474, -1.8064)
    3847 (13.5764, 0.337423) -> 9647 (13.1705, 0.191776)
    3848 (0.0377751, 22.5783) -> 8813 (0.64719, 22.3086)
    3849 (22.0708, 11.1516) -> 7940 (22.434, 10.4268)
    3850 (18.6383, 27.107) -> 9636 (18.6972, 26.3523)
    3851 (13.423, 9.23592) -> 4152 (13.6962, 8.35963)
    3852 (22.5983, 24.0709) -> 9861 (23.0682, 23.3993)
    3853 (19.3709, 25.6281) -> 9628 (19.1227, 25.0368)
    3854 (18.6786, 19.7704) -> 9654 (18.8965, 19.5977)
    3855 (13.5958, 23.8778) -> 8538 (14.1331, 23.1649)
    3856 (3.25562, 19.8181) -> 3317 (3.16116, 19.4407)
    3857 (9.3227, -4.37337) -> 9586 (9.29755, -3.44694)
    3858 (13.6882, 19.7004) -> 9072 (13.7646, 19.6356)
    3859 (20.2131, 15.7469) -> 4708 (20.3571, 15.5333)
    3860 (4.94066e-324, 6.9533e-310) -> 2209 (0.166112, 0.830897)
    3861 (5.38418, 28.5325) -> 249 (5.22563, 27.8979)
    3862 (16.0815, 11.4474) -> 7887 (16.7557, 11.1064)
    3863 (20.213, 17.7807) -> 3788 (20.2542, 16.9637)
    3864 (22.2599, 11.2793) -> 7940 (22.434, 10.4268)
    3865 (18.3405, 2.12453) -> 7994 (18.334, 1.464)
    3866 (7.5926, 10.0344) -> 8188 (7.50163, 9.99392)
    3867 (12.8199, 23.2503) -> 9603 (12.3203, 22.728)
    3868 (3.23575, 29.2615) -> 5495 (3.23598, 28.4871)
    3869 (0.691149, 10.0615) -> 8477 (0.527164, 10.9987)
    3870 (14.3121, 7.36179) -> 9122 (14.039, 6.51218)
    3871 (21.3728, 14.9964) -> 9817 (21.2263, 14.7549)
    3872 (8.50853, 15.0842) -> 9064 (8.16687, 15.15)
    3873 (4.0718, -2.28126) -> 5214 (3.54214, -1.79776)
    3874 (7.9576, 17.6845) -> 7952 (7.53862, 17.459)
    3875 (17.0877, 0.794716) -> 9809 (16.749, 0.372322)
    3876 (6.36915, 8.87296) -> 9665 (5.81756, 8.88899)
    3877 (14.9427, 20.6231) -> 8514 (15.4049, 20.1176)
    3878 (22.3361, 21.5735) -> 8790 (22.8271, 20.7777)
    3879 (5.89688, 13.8116) -> 7942 (5.54229, 13.3442)
    3880 (9.22682, -1.22073) -> 9901 (9.29662, -0.685191)
    3881 (24.8847, 21.5039) -> 6655 (24.8018, 20.5553)
    3882 (24.0545, 11.1353) -> 9841 (24.2447, 10.3084)
    3883 (5.6457, 21.6407) -> 6501 (5.504, 21.5649)
    3884 (0.657443, -0.0768083) -> 9623 (0.664097, 0.892402)
    3885 (21.7229, 0.301781) -> 9524 (21.1015, 0.00941342)
    3886 (19.0891, 20.6104) -> 6714 (19.2626, 20.3914)
    3887 (4.94066e-324, 6.9533e-310) -> 2209 (0.166112, 0.830897)
    3888 (7.33711, 29.9285) -> 5481 (6.94103, 29.4227)
    3889 (8.95029, -1.5655) -> 9227 (8.42759, -1.01045)
    3890 (9.71758, 16.3596) -> 4014 (9.01291, 16.3826)
    3891 (13.688, 9.15854) -> 6249 (14.0672, 8.75882)
    3892 (4.42482, -4.91989) -> 9565 (4.09418, -4.65475)
    3893 (3.68374, 4.21955) -> 8986 (3.70474, 4.22491)
    3894 (20.7598, 14.4053) -> 3517 (21.0709, 13.4674)
    3895 (4.83706, 3.65922) -> 888 (4.21953, 4.10566)
    3896 (0.264679, 0.165799) -> 7301 (0.221208, 0.908274)
    3897 (5.1051, -1.75673) -> 9625 (5.06778, -1.6814)
    3898 (11.2964, 1.43418) -> 4554 (10.4685, 1.45893)
    3899 (15.5126, 8.36867) -> 3602 (15.5635, 7.49738)
    3900 (23.4194, 27.8685) -> 5565 (23.5921, 27.1071)
    3901 (8.77896, 27.2341) -> 8436 (8.60206, 26.4592)
    3902 (4.94066e-324, 6.9533e-310) -> 2209 (0.166112, 0.830897)
    3903 (10.0993, -3.04173) -> 8844 (9.75335, -2.92878)
    3904 (13.6639, 16.0635) -> 9683 (13.8977, 16.2036)
    3905 (22.9338, 9.70444) -> 9341 (22.8261, 8.72477)
    3906 (4.94066e-324, 6.9533e-310) -> 2209 (0.166112, 0.830897)
    3907 (13.9234, 5.04029) -> 6927 (13.3618, 4.5581)
    3908 (23.3824, -1.04478) -> 9279 (23.0051, -1.03708)
    3909 (20.6181, 16.9253) -> 9840 (20.6155, 16.1114)
    3910 (8.98656, 20.3586) -> 9760 (8.10023, 20.132)
    3911 (17.3274, 7.64209) -> 9506 (17.0958, 6.88689)
    3912 (12.8362, -3.06571) -> 3376 (12.1438, -3.09629)
    3913 (4.04915, 9.86668) -> 8585 (3.47189, 10.1224)
    3914 (8.50448, 18.0736) -> 3631 (7.97532, 18.0098)
    3915 (10.409, -3.30564) -> 8844 (9.75335, -2.92878)
    3916 (7.2024, 0.168424) -> 7203 (6.86691, 0.0818021)
    3917 (10.052, 25.0677) -> 9984 (9.59915, 24.5066)
    3918 (5.01975, 25.1408) -> 8468 (4.57319, 24.5941)
    3919 (0.121624, 0.339897) -> 2209 (0.166112, 0.830897)
    3920 (9.36004, 26.8247) -> 5947 (8.84443, 26.3569)
    3921 (19.0646, 22.7112) -> 8548 (19.4915, 22.0561)
    3922 (14.8487, 27.5919) -> 9426 (15.4169, 27.14)
    3923 (16.738, 17.262) -> 9356 (16.9374, 17.0866)
    3924 (7.80422, 26.3087) -> 6258 (6.96933, 25.809)
    3925 (8.45569, 28.9714) -> 6057 (8.06024, 28.4328)
    3926 (10.2022, 29.6754) -> 9611 (9.8568, 29.1357)
    3927 (9.84889, 7.02977) -> 40 (9.25617, 6.30616)
    3928 (7.5457, 5.60531) -> 9333 (6.90893, 4.83993)
    3929 (14.1163, 22.2481) -> 6596 (14.5082, 21.6027)
    3930 (2.74421, 11.2091) -> 1043 (2.28209, 11.9225)
    3931 (21.4946, 20.2327) -> 8975 (21.6391, 19.2904)
    3932 (15.4747, 1.33866) -> 8444 (15.2355, 1.13513)
    3933 (24.246, 13.0234) -> 8027 (24.4422, 12.1158)
    3934 (1.70548, 4.22725) -> 9971 (1.28458, 5.1189)
    3935 (14.8611, 3.7616) -> 8520 (15.0031, 3.68809)
    3936 (18.5527, -0.641998) -> 9641 (18.7067, -1.33456)
    3937 (15.1995, -1.58674) -> 7917 (14.7796, -1.49222)
    3938 (5.64496, 26.3582) -> 9838 (5.44117, 25.5581)
    3939 (9.43811, 20.1214) -> 7671 (8.92377, 19.8158)
    3940 (7.16315, -4.53743) -> 8322 (6.67246, -3.69825)
    3941 (13.0551, 9.06055) -> 9751 (13.3792, 8.28756)
    3942 (19.549, 6.95891) -> 7583 (19.6146, 6.02229)
    3943 (9.83129, 21.8083) -> 6074 (9.00205, 21.4437)
    3944 (9.94103, 10.0652) -> 1256 (9.70828, 9.53005)
    3945 (10.9932, 2.07536) -> 8418 (10.0283, 1.8868)
    3946 (6.28073, 4.72748) -> 8584 (6.09774, 4.82679)
    3947 (2.86775, 11.3588) -> 1043 (2.28209, 11.9225)
    3948 (20.5013, 3.01213) -> 8271 (20.0659, 2.71033)
    3949 (11.69, -1.1368) -> 9753 (10.8763, -1.21801)
    3950 (11.5767, 2.90125) -> 8581 (10.9935, 2.94523)
    3951 (16.8073, -2.4012) -> 9776 (16.5444, -2.43759)
    3952 (7.97461, 2.50695) -> 7747 (7.55884, 2.45217)
    3953 (3.20033, 17.3483) -> 5562 (2.5756, 16.9914)
    3954 (20.5342, 4.7327) -> 9443 (20.1435, 3.99057)
    3955 (14.4312, -4.34741) -> 9041 (14.243, -4.49281)
    3956 (3.32616, 4.81741) -> 8599 (3.25299, 4.74824)
    3957 (16.8133, 1.61277) -> 9400 (16.7212, 1.52153)
    3958 (7.59897, 1.31059) -> 6944 (7.29815, 1.4307)
    3959 (12.4782, 4.38667) -> 8969 (12.5012, 3.68019)
    3960 (23.9142, 29.5036) -> 8698 (23.8901, 29.2728)
    3961 (9.6453, 25.8158) -> 8179 (8.8817, 25.5057)
    3962 (21.038, 7.27788) -> 8925 (20.7455, 6.83576)
    3963 (23.3803, 8.43644) -> 9438 (23.0415, 7.92733)
    3964 (5.22969, 2.68624) -> 9490 (4.76057, 3.01891)
    3965 (2.19447, 9.99185) -> 8127 (1.87237, 10.8933)
    3966 (10.4507, 22.2133) -> 7586 (10.3919, 22.2596)
    3967 (11.2195, 3.47456) -> 9873 (10.4747, 3.49137)
    3968 (2.27528, 16.8834) -> 8607 (1.97558, 16.5613)
    3969 (23.3227, 6.83794) -> 9201 (23.172, 6.59016)
    3970 (11.6759, 8.4568) -> 8606 (11.8078, 7.55059)
    3971 (0.757584, -0.382349) -> 5649 (0.755394, 0.146161)
    3972 (21.2964, 23.6181) -> 6849 (21.2976, 23.6015)
    3973 (7.76372, -3.12214) -> 9242 (6.83848, -3.11742)
    3974 (0.628429, 10.2371) -> 8477 (0.527164, 10.9987)
    3975 (24.807, -4.75601) -> 8770 (23.8776, -4.71809)
    3976 (19.7486, 20.0308) -> 8775 (19.9837, 19.5751)
    3977 (3.19484, 28.3974) -> 7729 (3.01405, 27.7046)
    3978 (16.7083, -0.253341) -> 9286 (16.0881, -0.973879)
    3979 (3.81675, -4.22914) -> 5727 (3.59718, -3.743)
    3980 (5.11254, 7.84551) -> 2983 (4.32406, 8.00975)
    3981 (16.7594, 6.71302) -> 7065 (16.7935, 6.2842)
    3982 (18.6347, 21.0125) -> 6077 (18.6866, 20.5297)
    3983 (2.48367, -1.60869) -> 9788 (1.7625, -1.14502)
    3984 (2.67564, 12.4533) -> 9080 (2.10513, 12.4645)
    3985 (2.93819, 16.5978) -> 9206 (2.38935, 16.1905)
    3986 (22.2055, 28.4332) -> 7255 (22.4224, 27.9061)
    3987 (8.045, 6.55077) -> 9432 (7.74499, 6.39539)
    3988 (24.2242, 24.7962) -> 9209 (24.5727, 24.0743)
    3989 (12.5283, 17.741) -> 7320 (12.665, 17.7214)
    3990 (4.94066e-324, 6.9533e-310) -> 2209 (0.166112, 0.830897)
    3991 (23.7329, -4.82425) -> 7077 (23.0077, -4.77382)
    3992 (16.5959, 3.67809) -> 9682 (16.1384, 3.02238)
    3993 (24.545, -2.73004) -> 9640 (24.5326, -2.89152)
    3994 (13.5013, -1.57205) -> 9266 (13.2428, -1.79468)
    3995 (12.531, 22.2753) -> 7810 (12.3047, 22.0949)
    3996 (1.01969, 22.1089) -> 9615 (0.865245, 21.2004)
    3997 (0.195413, 9.87945) -> 9592 (0.399056, 10.5408)
    3998 (18.0828, 1.55655) -> 9956 (17.41, 1.49152)
    3999 (13.0468, -1.00993) -> 9023 (12.8074, -1.01563)
    4000 (18.8376, 0.55202) -> 9795 (18.4194, 0.256348)
    4001 (16.6887, 1.04192) -> 9916 (15.8365, 1.11438)
    4002 (24.5458, 17.9923) -> 3576 (24.6757, 17.2485)
    4003 (14.8485, 2.73291) -> 9699 (15.0493, 2.53889)
    4004 (11.2527, 28.8262) -> 3196 (10.7373, 28.5306)
    4005 (5.38745, 21.2642) -> 9062 (4.70023, 20.761)
    4006 (22.4283, 17.0844) -> 8716 (22.5749, 16.5748)
    4007 (12.8764, 9.49093) -> 3941 (13.0551, 9.06055)
    4008 (14.6846, 23.8654) -> 7002 (14.8119, 23.1194)
    4009 (15.819, 10.7494) -> 8711 (16.0122, 10.4611)
    4010 (15.8954, 10.463) -> 8011 (16.2636, 9.65921)
    4011 (8.69286, 16.251) -> 7285 (8.23631, 16.2871)
    4012 (23.2697, 15.8773) -> 9097 (23.6699, 15.0093)
    4013 (1.01295, 10.1985) -> 8477 (0.527164, 10.9987)
    4014 (9.01291, 16.3826) -> 9328 (8.53163, 16.5705)
    4015 (9.80648, 1.45239) -> 9932 (9.56734, 1.42349)
    4016 (13.5739, 18.2779) -> 5786 (14.2802, 17.7215)
    4017 (15.1061, 16.968) -> 9799 (15.4261, 16.6659)
    4018 (17.7477, 3.89821) -> 4356 (17.3305, 3.44847)
    4019 (4.94066e-324, 6.9533e-310) -> 2209 (0.166112, 0.830897)
    4020 (22.6035, 29.0359) -> 8420 (22.4065, 28.996)
    4021 (16.17, 2.54679) -> 9755 (15.7086, 2.48588)
    4022 (21.6455, 16.6523) -> 8996 (21.7805, 16.5772)
    4023 (18.0738, 6.68975) -> 9929 (17.8048, 6.2399)
    4024 (6.73528, 14.2648) -> 7552 (6.20675, 13.8587)
    4025 (3.89911, 16.9649) -> 7459 (3.72965, 16.6616)
    4026 (15.5054, 27.7685) -> 8630 (15.574, 27.6995)
    4027 (12.7446, 27.0649) -> 6026 (11.9118, 26.6218)
    4028 (20.7271, -1.61782) -> 9319 (19.9665, -1.56689)
    4029 (3.14776, 7.46578) -> 6830 (2.76537, 7.6764)
    4030 (17.0896, 20.9445) -> 8922 (17.3599, 20.1885)
    4031 (7.54262, 19.8353) -> 6232 (7.34015, 19.643)
    4032 (1.64537, 0.800876) -> 9899 (1.57877, 1.38033)
    4033 (8.40051, 27.8422) -> 2622 (8.07458, 27.3261)
    4034 (23.0648, 26.2014) -> 5491 (23.5589, 25.7462)
    4035 (24.8694, 1.59026) -> 9259 (24.0876, 1.30958)
    4036 (18.6882, 5.71462) -> 8115 (18.3007, 5.09187)
    4037 (4.94066e-324, 6.9533e-310) -> 2209 (0.166112, 0.830897)
    4038 (19.9803, 27.2232) -> 7920 (19.7876, 26.5123)
    4039 (5.23738, 18.4299) -> 8406 (4.66707, 17.8943)
    4040 (1.76472, 23.9312) -> 3183 (1.6073, 23.3245)
    4041 (3.85546, 11.5945) -> 9558 (3.13376, 11.7839)
    4042 (4.94066e-324, 6.9533e-310) -> 2209 (0.166112, 0.830897)
    4043 (4.15509, 26.0902) -> 8431 (4.24334, 25.9188)
    4044 (13.7928, 25.0733) -> 8654 (13.353, 24.5132)
    4045 (4.94066e-324, 6.9533e-310) -> 2209 (0.166112, 0.830897)
    4046 (12.9235, 27.9249) -> 8113 (12.5614, 27.1435)
    4047 (15.3054, 5.91442) -> 6468 (14.999, 5.19169)
    4048 (18.8969, 27.1368) -> 9636 (18.6972, 26.3523)
    4049 (9.04127, 25.6739) -> 9868 (8.57752, 25.2604)
    4050 (12.198, 17.8335) -> 7320 (12.665, 17.7214)
    4051 (13.6187, 27.3808) -> 9267 (12.7012, 27.2406)
    4052 (6.71483, 11.2857) -> 8940 (6.143, 11.0325)
    4053 (23.9222, 3.0294) -> 9162 (23.4381, 2.58302)
    4054 (11.0256, 21.7058) -> 8038 (10.7372, 21.7257)
    4055 (18.5413, 9.72343) -> 5726 (18.804, 9.04555)
    4056 (14.9313, 5.49269) -> 8595 (14.6814, 4.8296)
    4057 (10.5938, 25.5036) -> 9759 (10.0521, 25.1057)
    4058 (21.8387, 4.11439) -> 9604 (21.1055, 3.78025)
    4059 (3.90186, 7.30797) -> 8478 (3.24144, 7.77733)
    4060 (5.16808, 19.8078) -> 2971 (4.74232, 19.4607)
    4061 (2.81612, 26.9815) -> 7896 (2.44803, 26.1962)
    4062 (3.45521, 16.3698) -> 7948 (3.11211, 16.2698)
    4063 (5.57434, 18.336) -> 8443 (4.69691, 17.9221)
    4064 (16.1466, 18.2868) -> 7262 (16.1278, 17.5622)
    4065 (22.6729, 7.17064) -> 9911 (22.3155, 6.58706)
    4066 (13.5399, 10.8797) -> 6451 (14.0715, 10.6594)
    4067 (24.5518, 24.2204) -> 9209 (24.5727, 24.0743)
    4068 (13.9832, 5.51701) -> 9553 (13.6245, 5.08369)
    4069 (18.8264, -1.54563) -> 9975 (18.3248, -2.13121)
    4070 (1.41015, 4.3852) -> 9771 (0.60834, 4.90911)
    4071 (16.6914, 21.9524) -> 9186 (16.7163, 21.9207)
    4072 (8.57048, 19.2192) -> 9293 (7.80249, 18.816)
    4073 (4.94066e-324, 6.9533e-310) -> 2209 (0.166112, 0.830897)
    4074 (1.64089, 24.2767) -> 3183 (1.6073, 23.3245)
    4075 (12.9678, 0.409157) -> 9768 (12.5441, 0.224692)
    4076 (6.26154, 6.83425) -> 4653 (5.33156, 6.76672)
    4077 (8.44761, 17.9177) -> 4694 (7.64055, 17.5572)
    4078 (4.15873, 22.8419) -> 8121 (3.72346, 22.344)
    4079 (4.94066e-324, 6.9533e-310) -> 2209 (0.166112, 0.830897)
    4080 (24.6257, 21.457) -> 6655 (24.8018, 20.5553)
    4081 (13.5824, 26.4475) -> 8970 (13.4393, 26.0995)
    4082 (18.1195, 16.6513) -> 7709 (18.5473, 16.2709)
    4083 (24.0069, 10.8223) -> 8051 (23.7919, 10.1732)
    4084 (2.83551, 21.271) -> 9301 (2.63217, 21.0674)
    4085 (16.4763, 26.9522) -> 8425 (16.879, 26.1705)
    4086 (18.4492, 22.2856) -> 9298 (18.5504, 21.5196)
    4087 (12.6566, 28.8971) -> 9735 (11.9679, 28.5633)
    4088 (4.06163, 17.4853) -> 7462 (3.28627, 16.8793)
    4089 (18.3924, 21.3128) -> 6077 (18.6866, 20.5297)
    4090 (13.8862, 16.5104) -> 8371 (14.4448, 16.4678)
    4091 (1.65494, -2.03493) -> 7144 (1.63626, -1.61828)
    4092 (0.443779, 12.3234) -> 9657 (0.403533, 12.1741)
    4093 (18.0444, 17.4132) -> 7620 (18.1191, 17.1841)
    4094 (15.6756, 5.40382) -> 9271 (15.2877, 4.85785)
    4095 (20.0748, -4.16022) -> 9695 (19.1871, -4.08871)
    4096 (4.94066e-324, 6.9533e-310) -> 2209 (0.166112, 0.830897)
    4097 (5.14942, 6.86692) -> 8927 (4.16209, 6.85961)
    4098 (15.5796, 20.134) -> 5708 (16.0107, 19.4937)
    4099 (6.44649, 23.1107) -> 9499 (6.3436, 22.9072)
    4100 (3.94461, 29.1362) -> 9192 (4.14623, 28.5127)
    4101 (4.3642, 15.049) -> 6653 (3.41452, 15.0048)
    4102 (19.7918, 28.5045) -> 8987 (19.9708, 27.9301)
    4103 (11.7307, 4.46372) -> 8292 (11.5436, 3.87508)
    4104 (12.9874, 27.8929) -> 8113 (12.5614, 27.1435)
    4105 (9.27885, 3.56993) -> 9193 (8.78865, 3.13542)
    4106 (21.8367, 0.920475) -> 9964 (22.058, 0.785503)
    4107 (19.6849, 20.5481) -> 9734 (19.7077, 19.8234)
    4108 (4.94066e-324, 6.9533e-310) -> 2209 (0.166112, 0.830897)
    4109 (5.12498, 6.62934) -> 8927 (4.16209, 6.85961)
    4110 (8.92923, 27.5995) -> 7768 (8.38134, 27.1026)
    4111 (6.14004, 0.486101) -> 8878 (5.81492, 0.395682)
    4112 (14.559, 6.57035) -> 9397 (14.2149, 6.02274)
    4113 (10.7069, 21.9853) -> 7075 (10.3362, 21.5688)
    4114 (19.2499, 16.1481) -> 4297 (19.762, 15.369)
    4115 (11.7279, 26.3611) -> 8554 (11.4479, 26.2543)
    4116 (4.94066e-324, 6.9533e-310) -> 2209 (0.166112, 0.830897)
    4117 (17.3612, 28.1286) -> 9664 (17.6332, 27.4693)
    4118 (2.86787, 13.277) -> 6786 (2.28802, 12.4651)
    4119 (5.18531, 29.6379) -> 9166 (5.0016, 28.8947)
    4120 (24.5775, 13.7069) -> 4192 (24.7004, 12.791)
    4121 (8.3218, -3.69312) -> 9613 (7.5363, -3.78806)
    4122 (24.4502, 17.1072) -> 5417 (24.5721, 16.3977)
    4123 (15.4175, -1.66816) -> 8855 (15.2993, -1.55342)
    4124 (7.22391, 8.67419) -> 5939 (6.63465, 8.46812)
    4125 (4.44418, 6.03843) -> 5825 (4.06755, 6.40776)
    4126 (2.51627, 3.31281) -> 9983 (2.01447, 3.84908)
    4127 (9.67758, 28.1009) -> 8667 (9.11744, 27.4568)
    4128 (17.6922, 13.3859) -> 9076 (18.2506, 12.5669)
    4129 (9.21815, 23.9175) -> 91 (8.58125, 23.3917)
    4130 (13.1907, 26.9577) -> 9145 (12.5891, 26.6376)
    4131 (3.38612, 19.9293) -> 3317 (3.16116, 19.4407)
    4132 (23.2301, -0.169525) -> 9389 (22.8995, -0.788424)
    4133 (0.967685, -3.60602) -> 9847 (0.861015, -2.72782)
    4134 (18.012, 19.0825) -> 8100 (18.0624, 18.8288)
    4135 (22.0039, 7.01324) -> 9255 (21.467, 6.32923)
    4136 (2.83535, 16.4538) -> 9206 (2.38935, 16.1905)
    4137 (16.7516, 1.87658) -> 6731 (16.1901, 1.64538)
    4138 (13.044, 22.6934) -> 8752 (12.542, 22.4357)
    4139 (4.94066e-324, 6.9533e-310) -> 2209 (0.166112, 0.830897)
    4140 (18.0567, 1.08933) -> 9083 (17.2233, 0.825856)
    4141 (4.94066e-324, 6.9533e-310) -> 2209 (0.166112, 0.830897)
    4142 (17.1759, 23.0643) -> 9537 (17.443, 22.2651)
    4143 (5.01847, 15.6507) -> 8696 (4.86129, 15.4634)
    4144 (15.053, 18.6701) -> 6840 (15.7207, 18.3615)
    4145 (16.9547, 19.4099) -> 8833 (16.9702, 18.9073)
    4146 (17.0314, 29.2764) -> 6254 (17.3252, 28.3662)
    4147 (9.79077, 27.7437) -> 7257 (9.35686, 27.3624)
    4148 (9.64514, 0.189428) -> 9958 (9.2937, 0.0412097)
    4149 (7.95251, 9.96364) -> 8313 (7.10938, 9.6226)
    4150 (14.3472, 14.5721) -> 1754 (15.1666, 14.6541)
    4151 (19.208, 27.0799) -> 9636 (18.6972, 26.3523)
    4152 (13.6962, 8.35963) -> 8252 (13.4718, 7.51522)
    4153 (8.88277, 17.4614) -> 6796 (8.79033, 17.3943)
    4154 (8.79086, 0.685239) -> 6331 (8.21416, 0.826183)
    4155 (18.1135, 29.4065) -> 9159 (18.4943, 28.9078)
    4156 (24.6057, 18.7038) -> 6987 (24.5863, 17.8868)
    4157 (14.835, 23.8745) -> 8236 (15.1542, 22.9315)
    4158 (24.0756, 19.7138) -> 8157 (24.5199, 18.906)
    4159 (21.4023, -2.52292) -> 9305 (20.9374, -2.42562)
    4160 (3.3639, 9.21135) -> 9439 (2.74751, 9.80194)
    4161 (8.2621, 15.9917) -> 1696 (7.50209, 15.9409)
    4162 (10.2246, -1.92265) -> 9893 (10.2057, -1.20739)
    4163 (2.52358, 4.19454) -> 9247 (2.18409, 4.68801)
    4164 (10.4954, 21.0427) -> 9621 (9.90589, 20.5053)
    4165 (0.716103, 27.3722) -> 8499 (0.838639, 27.1286)
    4166 (10.5547, 7.15463) -> 8886 (10.5682, 7.1108)
    4167 (2.82781, 9.92712) -> 9011 (2.51423, 10.3404)
    4168 (17.9465, 10.5889) -> 9557 (17.9772, 10.4207)
    4169 (10.7278, 2.06719) -> 8418 (10.0283, 1.8868)
    4170 (0.718752, 25.2748) -> 7916 (0.864063, 24.3119)
    4171 (10.7363, 28.2267) -> 7564 (10.7243, 28.063)
    4172 (5.36981, -3.24071) -> 9732 (4.53778, -3.19324)
    4173 (2.105, 3.49452) -> 9983 (2.01447, 3.84908)
    4174 (5.79367, 9.13908) -> 8932 (5.72183, 9.08302)
    4175 (0.877288, 16.4205) -> 7958 (1.06975, 15.5819)
    4176 (23.2994, 0.712914) -> 1611 (22.4673, 0.456788)
    4177 (14.4062, 14.7514) -> 1754 (15.1666, 14.6541)
    4178 (16.6545, 23.2552) -> 9720 (17.0315, 22.9447)
    4179 (17.0068, 6.42454) -> 7065 (16.7935, 6.2842)
    4180 (15.3226, -1.59455) -> 8855 (15.2993, -1.55342)
    4181 (24.4505, -2.6223) -> 9640 (24.5326, -2.89152)
    4182 (17.1395, 24.7459) -> 9675 (16.9685, 24.1876)
    4183 (2.85921, 0.632294) -> 9022 (2.61584, 1.43342)
    4184 (6.80476, 3.50334) -> 9274 (6.00683, 3.62891)
    4185 (0.0248623, 28.0026) -> 9825 (0.078767, 27.0326)
    4186 (6.62688, 21.4994) -> 9420 (6.53976, 21.5031)
    4187 (15.2736, 14.031) -> 5390 (15.8259, 13.7079)
    4188 (2.84842, 20.0951) -> 3548 (2.33093, 19.263)
    4189 (2.58395, 7.5583) -> 6979 (2.53972, 7.63593)
    4190 (24.0733, 24.6059) -> 2295 (24.1601, 24.5096)
    4191 (13.5974, 3.69752) -> 9141 (13.1853, 3.41938)
    4192 (24.7004, 12.791) -> 7906 (24.7602, 12.1435)
    4193 (23.338, 12.8313) -> 9993 (23.8281, 12.1253)
    4194 (19.1604, 10.4967) -> 9531 (18.9848, 9.78105)
    4195 (16.515, 8.8055) -> 9404 (16.7825, 7.93395)
    4196 (23.7907, 11.5316) -> 9747 (23.8093, 11.4192)
    4197 (11.873, 29.3867) -> 4004 (11.2527, 28.8262)
    4198 (8.23606, 7.76795) -> 3549 (7.39037, 7.33058)
    4199 (17.4271, 4.83807) -> 9057 (16.8971, 4.2166)
    4200 (21.037, 2.2743) -> 6932 (20.5754, 1.54881)
    4201 (9.87626, 23.4229) -> 8948 (9.59698, 23.3867)
    4202 (2.48217, 8.75947) -> 9851 (2.20966, 8.84873)
    4203 (16.2254, 22.3625) -> 9086 (16.275, 22.0557)
    4204 (16.3823, -3.65234) -> 8826 (15.8816, -3.73537)
    4205 (17.0614, 11.8444) -> 9637 (17.3103, 11.571)
    4206 (20.8148, 18.5249) -> 6171 (20.9704, 17.9872)
    4207 (24.5123, 13.5778) -> 4192 (24.7004, 12.791)
    4208 (19.8995, 25.8783) -> 7875 (20.2213, 25.7384)
    4209 (14.0754, 26.6805) -> 8970 (13.4393, 26.0995)
    4210 (4.72508, 6.03241) -> 5825 (4.06755, 6.40776)
    4211 (9.18503, 15.7963) -> 5610 (8.83515, 15.9934)
    4212 (21.9369, 21.9065) -> 6007 (22.3109, 21.5163)
    4213 (0.164945, -2.95559) -> 4970 (0.555414, -2.24136)
    4214 (18.5365, 1.07176) -> 9795 (18.4194, 0.256348)
    4215 (6.53131, 15.553) -> 4389 (5.89365, 14.9311)
    4216 (1.93123, -0.506642) -> 3584 (1.76553, -0.0576176)
    4217 (4.94066e-324, 6.9533e-310) -> 2209 (0.166112, 0.830897)
    4218 (8.19732, 14.5078) -> 9800 (7.2228, 14.6402)
    4219 (13.4947, -2.50496) -> 9266 (13.2428, -1.79468)
    4220 (23.4132, 4.0143) -> 9555 (23.0381, 3.28832)
    4221 (21.5217, -1.36326) -> 257 (20.9385, -1.51921)
    4222 (3.78484, -0.123264) -> 8666 (3.12908, 0.230462)
    4223 (17.9995, 28.802) -> 8161 (18.3626, 28.1779)
    4224 (4.07524, 10.8224) -> 9051 (3.23927, 11.131)
    4225 (3.86991, -4.33492) -> 5395 (3.99404, -3.93173)
    4226 (18.4509, 22.7968) -> 8647 (18.8429, 22.031)
    4227 (23.9416, 11.5298) -> 9747 (23.8093, 11.4192)
    4228 (12.5175, 3.41025) -> 9496 (11.6639, 2.92546)
    4229 (3.0953, -3.64173) -> 9618 (2.30386, -3.6176)
    4230 (8.32049, 26.0259) -> 8688 (7.99224, 25.7785)
    4231 (10.345, -0.531646) -> 9346 (9.63776, -0.104052)
    4232 (9.98036, 22.0807) -> 7833 (9.37112, 21.9224)
    4233 (8.66597, 21.9794) -> 5575 (8.04655, 21.4535)
    4234 (2.79922, 8.70803) -> 9851 (2.20966, 8.84873)
    4235 (14.1117, 12.359) -> 1985 (14.6283, 12.3274)
    4236 (17.8131, 17.4513) -> 8119 (17.8314, 17.4457)
    4237 (18.1537, 15.5379) -> 7018 (18.6051, 15.0712)
    4238 (5.11267, 18.8175) -> 5373 (4.45742, 18.3026)
    4239 (6.63601, -3.49316) -> 6964 (5.94454, -3.02931)
    4240 (18.2254, 15.7866) -> 9256 (18.7041, 15.0189)
    4241 (24.2721, 1.79273) -> 9259 (24.0876, 1.30958)
    4242 (22.8615, 3.41441) -> 8376 (22.4203, 2.71026)
    4243 (1.24522, 24.5373) -> 2168 (1.25293, 24.0954)
    4244 (10.6338, 26.9425) -> 8748 (9.84535, 26.344)
    4245 (4.3864, 4.93235) -> 9394 (3.77688, 5.01879)
    4246 (11.093, 21.5498) -> 4164 (10.4954, 21.0427)
    4247 (0.701079, 26.0957) -> 4170 (0.718752, 25.2748)
    4248 (2.19821, 4.55055) -> 8047 (1.81071, 5.21418)
    4249 (7.97961, 7.48606) -> 3549 (7.39037, 7.33058)
    4250 (12.6264, -2.85296) -> 8523 (12.6982, -2.96063)
    4251 (10.1049, 15.9425) -> 6344 (10.0696, 16.2892)
    4252 (24.1656, 8.72089) -> 9222 (23.3109, 8.27143)
    4253 (13.1848, 18.3496) -> 8328 (13.3973, 17.8691)
    4254 (16.6893, 23.311) -> 9720 (17.0315, 22.9447)
    4255 (7.13095, 4.11354) -> 9855 (6.50225, 4.21312)
    4256 (18.3175, 24.1495) -> 9725 (18.5565, 24.0421)
    4257 (4.94066e-324, 6.9533e-310) -> 2209 (0.166112, 0.830897)
    4258 (21.3184, 5.40419) -> 9617 (20.9253, 5.32649)
    4259 (6.56348, 25.7917) -> 7208 (6.29744, 25.7107)
    4260 (5.45301, 28.7165) -> 249 (5.22563, 27.8979)
    4261 (7.23725, -3.11876) -> 9688 (6.6611, -3.01215)
    4262 (6.52125, -0.650752) -> 9754 (5.9208, -0.959928)
    4263 (3.06382, 9.77463) -> 9011 (2.51423, 10.3404)
    4264 (17.7248, 14.4239) -> 7725 (18.0116, 14.1302)
    4265 (24.1265, -0.821298) -> 7460 (23.8147, -0.968116)
    4266 (4.69592, 23.9164) -> 1226 (4.3009, 23.048)
    4267 (21.8133, 29.1265) -> 6607 (22.2471, 28.298)
    4268 (14.7871, 3.88014) -> 8520 (15.0031, 3.68809)
    4269 (20.7303, -4.55374) -> 8785 (19.877, -4.96036)
    4270 (1.04405, 28.978) -> 5881 (0.859573, 28.5564)
    4271 (8.25943, 7.06745) -> 3477 (7.57779, 6.40351)
    4272 (22.058, 14.8107) -> 2721 (22.6462, 14.0329)
    4273 (10.8489, 18.1084) -> 7483 (10.2702, 18.2026)
    4274 (22.6517, 25.436) -> 8070 (22.6893, 25.3966)
    4275 (20.6099, 3.49799) -> 8271 (20.0659, 2.71033)
    4276 (18.6559, 6.99763) -> 8400 (18.4649, 6.20465)
    4277 (24.7321, 22.8107) -> 8138 (24.9784, 22.2338)
    4278 (3.3743, 18.5759) -> 5076 (2.81067, 18.1494)
    4279 (7.83899, -4.49848) -> 9900 (7.46185, -4.21383)
    4280 (16.2648, 21.9595) -> 9086 (16.275, 22.0557)
    4281 (1.1527, 5.42992) -> 7037 (1.13142, 5.84342)
    4282 (20.5193, 11.6897) -> 7863 (21.3399, 11.4976)
    4283 (2.05194, -4.76374) -> 9980 (1.88694, -4.01936)
    4284 (6.91331, 4.08274) -> 9855 (6.50225, 4.21312)
    4285 (11.1006, -3.27247) -> 6856 (10.8828, -3.24888)
    4286 (22.1189, 7.9107) -> 9950 (21.7957, 7.14588)
    4287 (20.4054, 26.7289) -> 9525 (20.3118, 25.9199)
    4288 (9.57722, 18.279) -> 8324 (8.75854, 18.181)
    4289 (7.88882, 2.86914) -> 7569 (7.92179, 2.90123)
    4290 (1.98309, 4.12343) -> 9207 (1.91121, 4.31165)
    4291 (15.3976, 5.38298) -> 6934 (15.0722, 4.99879)
    4292 (13.4645, 1.7579) -> 9483 (12.5442, 1.87507)
    4293 (7.29948, 10.4889) -> 949 (6.5609, 10.3452)
    4294 (6.87476, 12.9281) -> 9523 (5.97914, 12.8095)
    4295 (6.19628, 24.8055) -> 7589 (6.02726, 24.2109)
    4296 (22.0776, 16.3163) -> 7275 (22.1168, 15.9678)
    4297 (19.762, 15.369) -> 7969 (20.0047, 15.1278)
    4298 (6.23117, 4.85865) -> 8584 (6.09774, 4.82679)
    4299 (20.003, -4.31029) -> 9695 (19.1871, -4.08871)
    4300 (0.87986, 4.86324) -> 8956 (0.825642, 4.87703)
    4301 (13.6408, 4.47086) -> 332 (12.8761, 3.94051)
    4302 (20.7939, 0.476988) -> 9345 (20.3848, 0.0928411)
    4303 (3.71388, 20.7895) -> 2427 (3.57117, 20.4106)
    4304 (18.7681, 22.6898) -> 9624 (18.9378, 21.9342)
    4305 (23.4523, 29.8535) -> 8178 (23.4274, 29.4642)
    4306 (6.66521, 23.027) -> 9499 (6.3436, 22.9072)
    4307 (19.6995, 5.17582) -> 8977 (19.264, 4.74364)
    4308 (16.2946, -2.96674) -> 9776 (16.5444, -2.43759)
    4309 (12.6514, 7.77504) -> 9061 (12.7387, 7.44684)
    4310 (20.1028, 6.40214) -> 9782 (19.531, 5.64225)
    4311 (23.3946, 12.9876) -> 9993 (23.8281, 12.1253)
    4312 (21.9007, 23.2301) -> 7475 (22.3492, 22.7514)
    4313 (8.78596, 24.9766) -> 9170 (8.18862, 24.4906)
    4314 (3.78657, -2.86694) -> 8729 (3.24485, -2.09277)
    4315 (16.7216, -2.58552) -> 8570 (16.1124, -2.40073)
    4316 (3.21894, 2.7499) -> 9594 (3.1744, 2.6701)
    4317 (7.84394, 2.13807) -> 7198 (7.28232, 2.18331)
    4318 (15.5897, 21.306) -> 7809 (16.2861, 20.8153)
    4319 (24.5121, -1.75236) -> 9373 (23.8474, -1.8064)
    4320 (20.8984, 26.8383) -> 9821 (20.8804, 26.6582)
    4321 (17.1669, -2.76073) -> 9776 (16.5444, -2.43759)
    4322 (18.0892, 0.167757) -> 8824 (17.1375, 0.0335168)
    4323 (19.8258, 18.0795) -> 1553 (20.1923, 17.3568)
    4324 (4.43613, 26.8581) -> 8543 (4.07659, 26.3437)
    4325 (12.5464, 6.69462) -> 720 (12.1773, 6.2613)
    4326 (8.35011, -4.57186) -> 9900 (7.46185, -4.21383)
    4327 (4.94066e-324, 6.9533e-310) -> 2209 (0.166112, 0.830897)
    4328 (1.40205, 2.16175) -> 7881 (1.33261, 2.37828)
    4329 (21.6305, 7.32715) -> 7657 (21.7418, 6.58022)
    4330 (22.0645, 28.9804) -> 6607 (22.2471, 28.298)
    4331 (21.0237, 6.84564) -> 8925 (20.7455, 6.83576)
    4332 (19.1813, 27.7424) -> 6166 (19.5034, 27.0684)
    4333 (12.4739, 26.4564) -> 8771 (11.6544, 25.9212)
    4334 (12.1562, -2.89873) -> 7871 (11.3654, -3.22349)
    4335 (19.2527, 6.02787) -> 9782 (19.531, 5.64225)
    4336 (8.36722, 25.1671) -> 8707 (8.141, 25.1419)
    4337 (13.1502, 21.805) -> 9866 (13.5693, 21.4662)
    4338 (7.68569, 14.7607) -> 9800 (7.2228, 14.6402)
    4339 (12.4728, 28.27) -> 9652 (12.0426, 28.0896)
    4340 (3.38502, 22.0456) -> 9998 (3.22697, 21.4307)
    4341 (14.7522, 2.1582) -> 7578 (13.9882, 1.87564)
    4342 (9.6495, 3.01076) -> 9193 (8.78865, 3.13542)
    4343 (18.6748, 24.7058) -> 7118 (19.0018, 23.8756)
    4344 (18.954, -0.272682) -> 5821 (18.2975, -0.259167)
    4345 (3.0281, 26.1954) -> 2236 (2.95966, 25.5973)
    4346 (3.71585, 5.18882) -> 9835 (3.409, 5.65846)
    4347 (6.4143, -0.815198) -> 9754 (5.9208, -0.959928)
    4348 (15.9229, 8.71164) -> 9996 (16.1374, 8.26381)
    4349 (3.78902, 14.8313) -> 1169 (3.14291, 14.8304)
    4350 (9.12672, -1.04145) -> 9901 (9.29662, -0.685191)
    4351 (3.19142, 12.4688) -> 6786 (2.28802, 12.4651)
    4352 (4.94066e-324, 6.9533e-310) -> 2209 (0.166112, 0.830897)
    4353 (8.58522, 25.7288) -> 8707 (8.141, 25.1419)
    4354 (4.94066e-324, 6.9533e-310) -> 2209 (0.166112, 0.830897)
    4355 (15.986, 20.2876) -> 9396 (16.1744, 19.9626)
    4356 (17.3305, 3.44847) -> 7093 (16.4395, 3.21056)
    4357 (20.289, 11.7847) -> 4282 (20.5193, 11.6897)
    4358 (21.1864, 10.2676) -> 6953 (21.1011, 9.52642)
    4359 (21.4643, 19.6372) -> 7989 (21.9114, 18.9844)
    4360 (11.2451, 21.3414) -> 4164 (10.4954, 21.0427)
    4361 (4.13305, 22.4294) -> 5420 (3.74571, 21.9505)
    4362 (15.4743, 8.81972) -> 9252 (15.3943, 8.52516)
    4363 (1.49266, 2.09282) -> 7881 (1.33261, 2.37828)
    4364 (12.0861, -1.3813) -> 8693 (11.3255, -1.5636)
    4365 (17.7158, 12.4112) -> 5777 (18.3691, 12.0297)
    4366 (5.94588, 8.54735) -> 9510 (5.9308, 8.55083)
    4367 (5.05938, 17.5162) -> 9643 (4.35154, 17.0671)
    4368 (20.2858, 16.2371) -> 7388 (20.8023, 15.4095)
    4369 (7.94918, 7.91608) -> 5554 (7.31159, 7.49619)
    4370 (10.855, 6.74385) -> 2982 (10.4852, 6.00143)
    4371 (20.4566, -0.666028) -> 8332 (20.0337, -0.636766)
    4372 (21.2407, 5.82192) -> 9617 (20.9253, 5.32649)
    4373 (20.9725, -3.95027) -> 8019 (20.3419, -3.99445)
    4374 (0.14504, 28.9981) -> 5979 (0.146158, 28.1747)
    4375 (14.2468, 10.7158) -> 9320 (14.7666, 10.0416)
    4376 (16.4879, -2.69773) -> 6561 (16.1445, -2.66182)
    4377 (5.93953, 25.0924) -> 9273 (5.48891, 24.5565)
    4378 (10.621, 8.15533) -> 9249 (10.0946, 7.41748)
    4379 (7.83075, 19.9981) -> 8709 (7.28963, 19.8592)
    4380 (16.1907, 19.2381) -> 8437 (16.6731, 18.4959)
    4381 (8.93532, 27.6162) -> 7768 (8.38134, 27.1026)
    4382 (11.5108, 25.7753) -> 9002 (11.02, 24.9891)
    4383 (10.248, 24.9528) -> 9984 (9.59915, 24.5066)
    4384 (23.0939, 2.18962) -> 4420 (22.5058, 1.72678)
    4385 (3.02506, 27.8387) -> 5009 (2.73069, 26.8832)
    4386 (24.2629, 1.6993) -> 9259 (24.0876, 1.30958)
    4387 (14.057, 16.3997) -> 8371 (14.4448, 16.4678)
    4388 (21.4664, -0.175126) -> 7218 (21.1038, -0.212507)
    4389 (5.89365, 14.9311) -> 9960 (5.50507, 14.3382)
    4390 (20.4864, 2.0618) -> 8705 (19.8344, 1.4592)
    4391 (16.5323, 6.89224) -> 7065 (16.7935, 6.2842)
    4392 (17.1828, 26.3286) -> 9238 (17.275, 25.7699)
    4393 (23.3061, -2.6466) -> 9444 (22.9715, -2.2051)
    4394 (11.6643, 5.29853) -> 9327 (11.1033, 4.77191)
    4395 (21.2025, -2.18075) -> 9535 (20.9567, -1.51656)
    4396 (18.4183, 28.2386) -> 8438 (18.4214, 27.7327)
    4397 (21.8015, 11.3337) -> 9660 (22.1342, 10.6488)
    4398 (7.15115, 12.6945) -> 1110 (6.39293, 12.6438)
    4399 (12.324, 9.72841) -> 5987 (12.5517, 9.06594)
    4400 (22.3679, 12.2947) -> 9456 (22.4115, 11.6165)
    4401 (12.6523, 29.1314) -> 9735 (11.9679, 28.5633)
    4402 (18.796, 29.9249) -> 9770 (18.5591, 29.1173)
    4403 (20.3336, 12.7964) -> 9978 (20.723, 12.2576)
    4404 (20.4008, 6.3485) -> 9752 (20.259, 5.87419)
    4405 (18.3405, 11.6941) -> 5916 (18.6402, 10.818)
    4406 (23.7706, 5.18132) -> 8405 (23.2758, 4.60214)
    4407 (10.4692, 7.81965) -> 9249 (10.0946, 7.41748)
    4408 (11.3402, 25.2217) -> 9467 (10.8705, 24.9355)
    4409 (13.4293, 6.41533) -> 3232 (13.1715, 5.58545)
    4410 (10.0152, -0.556357) -> 9992 (9.10122, -0.28248)
    4411 (15.8756, 5.38598) -> 8531 (15.9559, 4.86397)
    4412 (24.5149, 25.8118) -> 6217 (24.6143, 25.3519)
    4413 (2.08073, -0.966611) -> 9936 (2.01116, -0.529428)
    4414 (13.7771, 21.2584) -> 9335 (14.2553, 20.4975)
    4415 (11.6578, 18.7835) -> 59 (11.3209, 18.7418)
    4416 (23.6222, 6.90124) -> 9201 (23.172, 6.59016)
    4417 (23.3603, 3.92802) -> 9555 (23.0381, 3.28832)
    4418 (4.48812, 5.50591) -> 9189 (4.00158, 5.32105)
    4419 (17.8607, 9.85306) -> 9659 (17.772, 10.0853)
    4420 (22.5058, 1.72678) -> 7985 (22.1843, 1.51667)
    4421 (18.655, 23.5396) -> 8890 (18.3826, 22.8747)
    4422 (17.8678, 15.9533) -> 9655 (18.0821, 15.34)
    4423 (15.2765, 29.0243) -> 9919 (15.1888, 28.2959)
    4424 (11.3206, 7.79883) -> 6142 (10.8939, 7.15132)
    4425 (20.205, -4.9301) -> 6812 (19.2394, -4.91905)
    4426 (20.9498, 19.0723) -> 3606 (21.1292, 18.7661)
    4427 (15.526, 6.74032) -> 7250 (14.9777, 6.25983)
    4428 (10.5989, -0.651865) -> 6332 (9.89662, -0.946284)
    4429 (20.8487, -0.198469) -> 9377 (20.269, -0.595853)
    4430 (11.1641, 20.7996) -> 2520 (10.4628, 20.3527)
    4431 (22.3082, -3.50226) -> 9376 (21.6849, -3.95603)
    4432 (20.5937, 6.29361) -> 9752 (20.259, 5.87419)
    4433 (20.5107, 6.90323) -> 8925 (20.7455, 6.83576)
    4434 (18.7941, 5.87283) -> 8115 (18.3007, 5.09187)
    4435 (10.999, -1.24324) -> 9893 (10.2057, -1.20739)
    4436 (21.0027, 15.9679) -> 9724 (20.9948, 15.6887)
    4437 (11.5587, -0.709093) -> 9753 (10.8763, -1.21801)
    4438 (13.3159, 10.5401) -> 9952 (13.8675, 9.77731)
    4439 (14.9677, 5.26048) -> 9383 (14.4539, 4.56231)
    4440 (19.1705, 9.17736) -> 9218 (19.0052, 8.4387)
    4441 (9.37015, 5.16114) -> 8753 (8.94558, 4.59894)
    4442 (13.4659, -1.32372) -> 9266 (13.2428, -1.79468)
    4443 (5.22589, -4.96281) -> 8485 (5.46125, -4.16665)
    4444 (3.60506, 8.49061) -> 8506 (3.09261, 8.88037)
    4445 (20.8893, 10.2631) -> 6953 (21.1011, 9.52642)
    4446 (1.32354, -2.18152) -> 9315 (1.34681, -2.03325)
    4447 (18.0692, 3.67977) -> 9823 (18.2369, 3.11152)
    4448 (22.3634, 9.73281) -> 9702 (21.8401, 8.9074)
    4449 (4.90452, 16.9149) -> 9017 (4.24987, 16.6522)
    4450 (17.9977, -2.9622) -> 9943 (18.0602, -3.77262)
    4451 (7.08142, 26.5781) -> 9027 (6.60695, 26.0733)
    4452 (19.9377, 4.33776) -> 9443 (20.1435, 3.99057)
    4453 (7.08456, 22.0003) -> 7838 (6.40851, 21.7768)
    4454 (14.1325, 18.2352) -> 9366 (14.738, 17.7472)
    4455 (9.6498, 3.09724) -> 9193 (8.78865, 3.13542)
    4456 (24.9428, 10.9558) -> 8109 (24.8273, 10.5302)
    4457 (9.85403, 20.5805) -> 2045 (9.18226, 20.1221)
    4458 (4.11291, 17.3539) -> 7462 (3.28627, 16.8793)
    4459 (0.206987, 9.9088) -> 8867 (0.222486, 10.8832)
    4460 (14.76, 23.088) -> 7002 (14.8119, 23.1194)
    4461 (3.13414, 0.459279) -> 9953 (3.12525, -0.406663)
    4462 (20.0801, 11.8779) -> 3401 (20.6094, 11.4291)
    4463 (3.00854, 17.1658) -> 7141 (2.54336, 16.5256)
    4464 (18.918, 19.1503) -> 8985 (19.0969, 18.6425)
    4465 (21.8893, 4.55577) -> 9802 (21.7479, 4.55596)
    4466 (8.22223, 5.8889) -> 1087 (7.66645, 5.64584)
    4467 (4.71189, 3.23037) -> 6521 (3.91152, 3.52487)
    4468 (8.88783, 5.61496) -> 7190 (8.02892, 5.32302)
    4469 (7.81064, 10.3323) -> 1410 (6.98184, 9.80164)
    4470 (4.4782, 26.0145) -> 5048 (4.24458, 25.3753)
    4471 (12.0038, 28.9434) -> 9562 (11.5614, 28.3738)
    4472 (16.7232, 7.90426) -> 4925 (17.0454, 6.97081)
    4473 (5.46548, 9.87253) -> 8170 (4.58128, 10.0986)
    4474 (11.1465, 1.07897) -> 8877 (10.5073, 0.920586)
    4475 (20.3841, 18.71) -> 6659 (20.484, 18.5521)
    4476 (4.7985, -2.5932) -> 8574 (4.30007, -2.79408)
    4477 (16.7633, 13.322) -> 6721 (17.3413, 12.5097)
    4478 (19.6113, 18.9215) -> 9857 (19.738, 18.7196)
    4479 (24.7858, -2.05806) -> 9373 (23.8474, -1.8064)
    4480 (10.788, -2.42567) -> 8116 (10.3499, -1.84629)
    4481 (13.923, 4.73062) -> 8964 (13.47, 3.96979)
    4482 (15.7994, 17.7086) -> 9370 (16.0452, 16.7524)
    4483 (18.5682, 27.2472) -> 9636 (18.6972, 26.3523)
    4484 (9.46227, 20.7056) -> 5189 (8.57124, 20.2631)
    4485 (13.2045, 20.0556) -> 9072 (13.7646, 19.6356)
    4486 (8.42739, 22.0398) -> 6192 (7.85316, 21.7846)
    4487 (21.4702, 13.4637) -> 7102 (21.5773, 12.7675)
    4488 (14.3925, 12.7254) -> 5005 (15.1101, 12.5047)
    4489 (13.9284, 9.47929) -> 6249 (14.0672, 8.75882)
    4490 (19.2372, 6.71616) -> 7787 (19.2262, 5.97686)
    4491 (6.71795, -1.10219) -> 9754 (5.9208, -0.959928)
    4492 (20.0715, 11.4443) -> 4809 (20.6006, 10.9107)
    4493 (14.5581, 24.4435) -> 8783 (14.8428, 23.9884)
    4494 (22.0753, -4.75506) -> 9419 (21.3847, -4.51843)
    4495 (8.31033, 20.8062) -> 8459 (7.49675, 20.4623)
    4496 (14.0875, 14.287) -> 7573 (15.0617, 14.1353)
    4497 (22.2509, 23.1611) -> 7475 (22.3492, 22.7514)
    4498 (4.94066e-324, 6.9533e-310) -> 2209 (0.166112, 0.830897)
    4499 (2.32949, 23.5247) -> 7726 (2.19009, 22.9657)
    4500 (10.1846, 2.73894) -> 6600 (9.58856, 2.96859)
    4501 (1.13702, 18.158) -> 8201 (1.13895, 17.7484)
    4502 (19.6383, 21.2417) -> 8421 (20.0288, 20.3278)
    4503 (22.2111, 15.6395) -> 9773 (21.8352, 14.7719)
    4504 (5.44628, 4.04587) -> 8516 (4.45446, 4.08793)
    4505 (4.92925, 12.2371) -> 1247 (4.04314, 12.18)
    4506 (12.3217, 0.373839) -> 7098 (11.7945, 0.512414)
    4507 (21.6155, 13.2735) -> 7102 (21.5773, 12.7675)
    4508 (23.0477, -0.511013) -> 9389 (22.8995, -0.788424)
    4509 (6.81508, 3.45896) -> 9274 (6.00683, 3.62891)
    4510 (2.03857, 7.97447) -> 9731 (1.47898, 8.34041)
    4511 (17.5501, 2.17804) -> 9564 (17.31, 2.1594)
    4512 (10.7209, 26.6333) -> 8748 (9.84535, 26.344)
    4513 (5.63456, -4.97466) -> 8066 (5.49808, -4.59661)
    4514 (23.1869, 16.482) -> 6784 (23.5551, 15.8598)
    4515 (17.9263, 22.9743) -> 9021 (18.1692, 22.4134)
    4516 (11.6488, 4.65838) -> 8292 (11.5436, 3.87508)
    4517 (11.883, -0.731519) -> 9190 (11.4666, -0.472036)
    4518 (9.13444, 26.7451) -> 5947 (8.84443, 26.3569)
    4519 (23.7338, 7.90183) -> 9587 (23.3981, 7.13899)
    4520 (14.4156, 28.19) -> 9172 (13.6631, 27.7893)
    4521 (22.8608, 23.2953) -> 7901 (23.3518, 22.7363)
    4522 (10.1261, 24.3211) -> 8637 (9.41248, 23.9189)
    4523 (23.4184, 4.96362) -> 8184 (22.6992, 4.48788)
    4524 (5.66103, 20.1581) -> 4060 (5.16808, 19.8078)
    4525 (23.9789, 13.494) -> 5651 (24.252, 12.6221)
    4526 (6.99939, 22.3545) -> 7838 (6.40851, 21.7768)
    4527 (4.16352, -0.0903131) -> 9723 (4.17902, 0.466787)
    4528 (4.50705, -2.23214) -> 8574 (4.30007, -2.79408)
    4529 (10.4065, -0.396998) -> 6639 (9.63099, -0.20868)
    4530 (3.04651, 13.0026) -> 6786 (2.28802, 12.4651)
    4531 (4.94066e-324, 6.9533e-310) -> 2209 (0.166112, 0.830897)
    4532 (16.6335, 4.61052) -> 7271 (16.5599, 4.34031)
    4533 (19.6714, -2.80469) -> 9429 (19.281, -2.93859)
    4534 (20.6967, 20.6436) -> 9630 (20.8163, 19.7703)
    4535 (11.1584, 7.56095) -> 6142 (10.8939, 7.15132)
    4536 (12.6109, 9.28058) -> 357 (12.6576, 8.37655)
    4537 (5.52602, 0.057139) -> 9886 (4.67028, 0.11741)
    4538 (5.24246, -1.81653) -> 9625 (5.06778, -1.6814)
    4539 (1.37175, 14.8774) -> 0 (1, 15)
    4540 (17.5349, 7.69526) -> 9506 (17.0958, 6.88689)
    4541 (18.6301, 12.9071) -> 5120 (19.2102, 12.7691)
    4542 (0.283765, 5.19718) -> 8361 (0.124245, 5.83196)
    4543 (6.79943, 18.4282) -> 280 (6.05884, 18.1796)
    4544 (6.39687, 20.8397) -> 3747 (6.0685, 20.545)
    4545 (16.5243, 25.2933) -> 8445 (16.6389, 24.7785)
    4546 (22.4772, 16.9159) -> 8716 (22.5749, 16.5748)
    4547 (8.50112, -2.45215) -> 6433 (7.74836, -1.91131)
    4548 (18.0746, 5.86952) -> 9929 (17.8048, 6.2399)
    4549 (1.56016, 21.8544) -> 9874 (1.54962, 21.3133)
    4550 (1.24636, 0.361204) -> 9623 (0.664097, 0.892402)
    4551 (4.61494, 10.84) -> 7712 (4.13457, 10.9494)
    4552 (24.7753, 29.192) -> 6377 (24.8868, 28.2639)
    4553 (2.19989, 13.6473) -> 7185 (1.73126, 14.1211)
    4554 (10.4685, 1.45893) -> 9932 (9.56734, 1.42349)
    4555 (21.6525, -3.29824) -> 9376 (21.6849, -3.95603)
    4556 (14.2584, 9.25356) -> 9460 (14.3085, 8.6487)
    4557 (22.2667, 19.1801) -> 8695 (22.5059, 18.4255)
    4558 (2.47425, 25.5041) -> 7672 (2.15986, 24.8507)
    4559 (10.4924, 2.09112) -> 8418 (10.0283, 1.8868)
    4560 (19.1013, 9.92236) -> 9531 (18.9848, 9.78105)
    4561 (5.26554, 28.9403) -> 6411 (5.14684, 28.7918)
    4562 (7.26559, 7.81012) -> 9895 (6.4891, 7.38893)
    4563 (8.18101, 8.3704) -> 4669 (8.04262, 8.21615)
    4564 (3.28868, 18.2974) -> 9014 (2.72292, 17.4929)
    4565 (23.9888, -1.78137) -> 9973 (23.0257, -1.60631)
    4566 (10.1473, 9.09063) -> 5875 (9.93953, 8.13117)
    4567 (16.1619, 2.70183) -> 9755 (15.7086, 2.48588)
    4568 (16.0168, 24.7209) -> 9939 (16.5837, 24.4924)
    4569 (22.3185, 17.8137) -> 8861 (22.721, 17.3686)
    4570 (22.8677, 23.6164) -> 9861 (23.0682, 23.3993)
    4571 (13.7267, 23.9249) -> 8538 (14.1331, 23.1649)
    4572 (22.2238, 2.64933) -> 9120 (21.8747, 2.44149)
    4573 (4.55814, 17.7815) -> 8860 (4.1562, 17.7427)
    4574 (2.43855, 6.77096) -> 8294 (2.00925, 7.35239)
    4575 (7.84831, 12.0424) -> 842 (7.14451, 11.9045)
    4576 (16.989, 28.002) -> 9664 (17.6332, 27.4693)
    4577 (12.8056, 8.38704) -> 9061 (12.7387, 7.44684)
    4578 (11.3432, -1.80024) -> 9753 (10.8763, -1.21801)
    4579 (7.41178, 16.3366) -> 9949 (6.4415, 16.4743)
    4580 (0.872558, 26.7377) -> 9608 (0.78316, 25.8724)
    4581 (3.55272, 0.627957) -> 9165 (3.30978, 1.20797)
    4582 (14.0567, 5.29866) -> 7417 (13.5092, 4.90052)
    4583 (4.94066e-324, 6.9533e-310) -> 2209 (0.166112, 0.830897)
    4584 (18.3633, 7.48606) -> 8731 (18.4488, 7.64044)
    4585 (4.47787, 13.3975) -> 6675 (4.42544, 13.3376)
    4586 (9.65042, -4.36949) -> 9586 (9.29755, -3.44694)
    4587 (16.8399, 28.2886) -> 9338 (17.6171, 27.7901)
    4588 (0.623644, 28.7437) -> 9440 (0.597463, 28.664)
    4589 (16.4313, 7.98886) -> 9707 (16.4104, 7.42982)
    4590 (18.9135, 4.20342) -> 6425 (18.1809, 3.60035)
    4591 (20.2734, 9.5615) -> 9961 (19.7118, 9.24112)
    4592 (4.29208, 25.1867) -> 8164 (4.11635, 24.3171)
    4593 (4.18473, 23.1638) -> 6670 (3.78426, 22.5225)
    4594 (2.14184, 7.70836) -> 9731 (1.47898, 8.34041)
    4595 (5.16719, 13.8492) -> 2848 (4.97114, 13.5514)
    4596 (1.60751, 11.0522) -> 7818 (1.41853, 11.7049)
    4597 (7.7989, 1.6413) -> 2138 (6.96054, 1.71426)
    4598 (0.555477, 19.6549) -> 5160 (0.58252, 18.6703)
    4599 (11.0788, -1.82717) -> 9161 (10.2715, -1.34058)
    4600 (13.4645, 10.726) -> 5996 (14.0766, 10.031)
    4601 (14.5383, 21.106) -> 8132 (15.0964, 20.6225)
    4602 (23.5896, 8.6154) -> 9438 (23.0415, 7.92733)
    4603 (3.13298, -4.14959) -> 5238 (2.73843, -3.56882)
    4604 (0.970634, 4.77896) -> 8956 (0.825642, 4.87703)
    4605 (16.0819, 6.70126) -> 5787 (15.787, 6.16968)
    4606 (19.6066, 5.42313) -> 6445 (18.9871, 4.92379)
    4607 (8.19822, -2.71686) -> 7557 (8.14387, -2.59039)
    4608 (20.9151, 13.873) -> 3517 (21.0709, 13.4674)
    4609 (17.2813, 12.599) -> 4365 (17.7158, 12.4112)
    4610 (20.0433, -3.15313) -> 9740 (19.4489, -3.28739)
    4611 (0.68736, 2.13719) -> 9551 (0.562415, 2.27446)
    4612 (3.71158, 1.83546) -> 9694 (3.16929, 2.43618)
    4613 (11.8112, 28.797) -> 9175 (11.3177, 28.1078)
    4614 (15.8202, 16.0465) -> 9526 (16.4773, 15.4792)
    4615 (24.445, 14.6852) -> 7512 (24.7628, 13.8182)
    4616 (2.99901, 13.8804) -> 2068 (2.23991, 14.2786)
    4617 (4.61385, 7.53639) -> 7418 (4.40374, 7.67007)
    4618 (7.66357, 26.9436) -> 7517 (7.27823, 26.38)
    4619 (16.3349, 22.2268) -> 9086 (16.275, 22.0557)
    4620 (7.28751, 10.3823) -> 1610 (7.17309, 10.345)
    4621 (8.88321, 29.8354) -> 8446 (8.50293, 29.2934)
    4622 (17.4671, -2.84135) -> 9054 (17.3995, -2.39895)
    4623 (23.4624, 9.01455) -> 7912 (23.0698, 8.24577)
    4624 (14.4475, 3.81466) -> 7239 (13.7374, 3.52906)
    4625 (1.1806, -3.32916) -> 9847 (0.861015, -2.72782)
    4626 (0.785163, 8.60195) -> 3310 (0.468995, 9.31494)
    4627 (2.51273, 17.6336) -> 8482 (2.11473, 16.7251)
    4628 (10.2379, 6.75099) -> 9880 (9.86458, 5.9157)
    4629 (5.22411, 10.8769) -> 8359 (4.88819, 10.7713)
    4630 (19.2898, 10.471) -> 9531 (18.9848, 9.78105)
    4631 (8.12197, -0.639795) -> 9480 (7.61487, -0.729249)
    4632 (22.2281, 6.24116) -> 9350 (21.9361, 5.40627)
    4633 (4.40462, 19.563) -> 9321 (4.10731, 19.2149)
    4634 (14.9564, -3.68465) -> 9329 (14.4023, -3.90297)
    4635 (23.749, 18.7991) -> 8810 (24.1691, 18.0049)
    4636 (2.69189, 25.9487) -> 8793 (2.5065, 25.7061)
    4637 (7.22983, 3.04775) -> 9213 (6.39401, 2.94449)
    4638 (21.3672, 25.3834) -> 7843 (21.4678, 25.3023)
    4639 (10.0644, 24.0433) -> 8948 (9.59698, 23.3867)
    4640 (9.50389, 27.6323) -> 8667 (9.11744, 27.4568)
    4641 (15.1445, 11.8958) -> 9336 (15.772, 11.8363)
    4642 (24.7658, 4.05991) -> 9269 (24.0513, 4.14392)
    4643 (20.4835, 7.33248) -> 9509 (20.4259, 7.11284)
    4644 (6.14169, 19.8948) -> 3443 (5.26443, 19.4762)
    4645 (8.89387, 19.553) -> 3662 (8.06207, 19.045)
    4646 (10.8613, 2.02242) -> 8418 (10.0283, 1.8868)
    4647 (5.77167, -4.36361) -> 9711 (5.18476, -3.92025)
    4648 (11.926, 7.06278) -> 6572 (11.4833, 6.33744)
    4649 (6.99619, 22.8846) -> 8512 (6.56362, 22.2939)
    4650 (16.0933, 24.2703) -> 8549 (16.3021, 23.9249)
    4651 (21.2247, 24.7717) -> 7147 (21.4937, 23.832)
    4652 (5.27538, 2.31163) -> 9411 (4.70525, 2.41429)
    4653 (5.33156, 6.76672) -> 9291 (5.33483, 6.76065)
    4654 (6.04263, 0.671565) -> 8780 (5.62511, 0.59515)
    4655 (23.3439, 15.3264) -> 9544 (23.2561, 14.9038)
    4656 (24.721, 24.6252) -> 7064 (24.7543, 23.6629)
    4657 (22.0912, 3.83073) -> 7862 (21.7106, 3.24621)
    4658 (13.732, 19.7856) -> 9072 (13.7646, 19.6356)
    4659 (2.25963, -4.86753) -> 9980 (1.88694, -4.01936)
    4660 (6.59149, 7.18708) -> 9401 (5.77581, 6.98355)
    4661 (12.5885, 20.2062) -> 6573 (13.1669, 19.7311)
    4662 (10.5608, -3.90328) -> 9412 (10.6638, -3.46792)
    4663 (18.2912, 27.8891) -> 7129 (18.2714, 27.6185)
    4664 (4.32199, 14.4197) -> 1386 (3.57762, 14.5339)
    4665 (7.17287, 6.36175) -> 9262 (6.20036, 6.39251)
    4666 (21.6195, 8.16975) -> 8256 (21.3196, 7.45542)
    4667 (9.63296, 18.9268) -> 9006 (9.41628, 18.9973)
    4668 (8.20116, -1.58416) -> 9685 (7.82459, -1.377)
    4669 (8.04262, 8.21615) -> 4562 (7.26559, 7.81012)
    4670 (2.36735, 3.00941) -> 9983 (2.01447, 3.84908)
    4671 (17.5931, -4.76495) -> 9126 (17.4813, -4.89101)
    4672 (24.0371, 28.7999) -> 9060 (24.1419, 28.3238)
    4673 (7.89596, 10.2462) -> 8188 (7.50163, 9.99392)
    4674 (9.53446, -2.00331) -> 9161 (10.2715, -1.34058)
    4675 (2.45529, 9.64277) -> 8325 (2.15909, 9.79593)
    4676 (4.05143, 0.0533779) -> 8666 (3.12908, 0.230462)
    4677 (6.85509, 22.4327) -> 8512 (6.56362, 22.2939)
    4678 (1.50775, 20.4522) -> 8835 (1.21495, 19.6681)
    4679 (21.9467, 16.236) -> 8704 (22.2368, 15.6086)
    4680 (4.4203, -1.71572) -> 5839 (3.59724, -1.19196)
    4681 (14.6287, 6.34255) -> 8895 (14.3171, 5.78292)
    4682 (15.5037, 24.7348) -> 9382 (15.5353, 24.1186)
    4683 (21.3923, 19.7106) -> 7989 (21.9114, 18.9844)
    4684 (10.4209, 6.27488) -> 7375 (9.81907, 5.61942)
    4685 (0.436969, 11.193) -> 7360 (0.49171, 11.5055)
    4686 (15.8376, 20.2256) -> 9601 (15.8811, 19.2637)
    4687 (7.15658, 23.1203) -> 9596 (6.87076, 22.7593)
    4688 (22.93, 27.3984) -> 8701 (23.4223, 27.0456)
    4689 (14.3426, -2.68) -> 4219 (13.4947, -2.50496)
    4690 (7.25655, 29.7219) -> 5481 (6.94103, 29.4227)
    4691 (21.11, -4.50559) -> 3763 (20.1849, -4.54397)
    4692 (12.4404, 16.6051) -> 5773 (12.9781, 16.8694)
    4693 (15.4969, 9.03302) -> 8882 (15.7357, 8.89611)
    4694 (7.64055, 17.5572) -> 7952 (7.53862, 17.459)
    4695 (4.70603, 6.15372) -> 8927 (4.16209, 6.85961)
    4696 (16.8958, 26.3669) -> 8425 (16.879, 26.1705)
    4697 (21.3587, 14.6145) -> 9994 (21.4611, 13.8907)
    4698 (8.29688, 22.0095) -> 6192 (7.85316, 21.7846)
    4699 (1.77918, 24.7208) -> 8036 (1.739, 24.2112)
    4700 (1.36483, 15.7406) -> 0 (1, 15)
    4701 (5.26887, 15.1555) -> 4101 (4.3642, 15.049)
    4702 (9.76541, 26.3973) -> 9877 (9.20911, 26.2339)
    4703 (11.9562, -2.3005) -> 9955 (11.7555, -2.31404)
    4704 (16.5479, 14.856) -> 6846 (16.5339, 14.5562)
    4705 (10.2352, 19.9114) -> 9709 (9.35594, 19.5075)
    4706 (8.27447, 3.72855) -> 6438 (7.72496, 3.75471)
    4707 (6.55705, 22.7549) -> 1310 (5.85549, 22.3343)
    4708 (20.3571, 15.5333) -> 6628 (20.6482, 14.7754)
    4709 (11.3345, 17.9916) -> 4273 (10.8489, 18.1084)
    4710 (2.84198, 3.32699) -> 9983 (2.01447, 3.84908)
    4711 (5.7565, 7.88227) -> 3980 (5.11254, 7.84551)
    4712 (4.94066e-324, 6.9533e-310) -> 2209 (0.166112, 0.830897)
    4713 (4.07299, 2.71052) -> 7443 (3.33323, 3.2272)
    4714 (4.94066e-324, 6.9533e-310) -> 2209 (0.166112, 0.830897)
    4715 (2.78015, 29.2112) -> 5915 (2.62844, 28.7514)
    4716 (4.94066e-324, 6.9533e-310) -> 2209 (0.166112, 0.830897)
    4717 (8.31904, 14.7481) -> 6884 (7.77594, 15.0339)
    4718 (1.80803, 10.9397) -> 7818 (1.41853, 11.7049)
    4719 (3.15839, 22.0423) -> 9998 (3.22697, 21.4307)
    4720 (9.39959, 4.55046) -> 9482 (8.69474, 4.24527)
    4721 (8.60715, 28.0269) -> 9317 (8.41472, 28.0248)
    4722 (21.2229, 12.8774) -> 7968 (21.3347, 12.0545)
    4723 (20.3337, -1.86004) -> 9245 (19.6385, -2.50956)
    4724 (17.4101, 23.3438) -> 8723 (17.7023, 22.4826)
    4725 (24.3344, -3.4122) -> 9640 (24.5326, -2.89152)
    4726 (9.84771, 28.3724) -> 4127 (9.67758, 28.1009)
    4727 (1.63901, 10.6747) -> 7981 (1.47093, 11.0686)
    4728 (14.7496, 29.5903) -> 9379 (14.3882, 29.3139)
    4729 (18.2564, 2.66194) -> 7751 (17.5702, 2.20162)
    4730 (3.6063, 1.69313) -> 9966 (2.91677, 2.36167)
    4731 (13.7139, 17.9608) -> 981 (14.3366, 17.3212)
    4732 (2.48827, 13.2477) -> 8490 (1.90472, 13.8273)
    4733 (5.92667, 23.8639) -> 9367 (5.31983, 23.1655)
    4734 (1.2317, -0.905113) -> 2307 (1.24613, -0.235456)
    4735 (1.7, 9.92886) -> 1780 (1.39202, 10.3528)
    4736 (24.8668, 19.1507) -> 5919 (24.7564, 18.7382)
    4737 (24.4719, 29.1972) -> 9060 (24.1419, 28.3238)
    4738 (5.9557, 24.4684) -> 6083 (5.44495, 24.1253)
    4739 (13.4951, -2.27924) -> 7266 (12.6167, -2.22716)
    4740 (8.39345, 11.4403) -> 3365 (7.42464, 11.2338)
    4741 (6.56657, 1.66242) -> 4821 (6.01727, 1.84465)
    4742 (21.3714, 16.0652) -> 8290 (21.7973, 15.1761)
    4743 (14.7138, 18.0475) -> 9528 (14.8392, 18.0241)
    4744 (6.10212, 27.1725) -> 8453 (5.93183, 26.7188)
    4745 (1.58348, -1.62587) -> 4734 (1.2317, -0.905113)
    4746 (7.45122, 2.05791) -> 8881 (6.81604, 1.93519)
    4747 (20.4356, 26.2172) -> 9715 (20.7906, 25.4123)
    4748 (4.83416, 28.4016) -> 8342 (4.46726, 27.6192)
    4749 (1.83375, 12.7921) -> 6544 (1.15208, 12.6879)
    4750 (3.35752, 25.7884) -> 8493 (3.15129, 24.9092)
    4751 (0.151838, 28.2904) -> 7699 (0.247103, 27.7282)
    4752 (9.62779, 24.2078) -> 4129 (9.21815, 23.9175)
    4753 (2.94809, 0.412527) -> 9953 (3.12525, -0.406663)
    4754 (14.0731, 23.4999) -> 9997 (14.539, 22.6981)
    4755 (21.5065, 25.3408) -> 6122 (21.9056, 24.6284)
    4756 (24.6026, -2.43519) -> 9640 (24.5326, -2.89152)
    4757 (16.6996, 7.53106) -> 6772 (16.8902, 6.55818)
    4758 (10.7329, -4.31805) -> 9412 (10.6638, -3.46792)
    4759 (11.7397, 16.8113) -> 7927 (11.6522, 17.0948)
    4760 (20.6792, 15.3708) -> 6888 (20.8509, 14.3885)
    4761 (1.28427, -4.72941) -> 9511 (1.33923, -3.99781)
    4762 (12.0475, 5.17869) -> 8480 (12.0753, 4.78082)
    4763 (8.2235, 25.7007) -> 8662 (8.1193, 25.5054)
    4764 (5.17366, 5.29945) -> 8635 (4.59025, 4.69262)
    4765 (8.70496, -3.73945) -> 9586 (9.29755, -3.44694)
    4766 (24.3385, 10.8621) -> 9841 (24.2447, 10.3084)
    4767 (17.3131, 19.734) -> 9854 (17.5784, 19.4783)
    4768 (11.9034, 19.9063) -> 9431 (11.6213, 19.6779)
    4769 (24.9165, 24.111) -> 7064 (24.7543, 23.6629)
    4770 (19.2017, 29.4956) -> 7579 (19.5008, 28.7506)
    4771 (19.9895, 12.156) -> 4282 (20.5193, 11.6897)
    4772 (17.765, 27.9423) -> 9787 (18.0453, 27.1867)
    4773 (14.481, -1.16501) -> 5867 (13.6675, -1.22696)
    4774 (3.67815, -0.29545) -> 9953 (3.12525, -0.406663)
    4775 (11.462, -0.251373) -> 8461 (10.6556, 0.0303139)
    4776 (21.3333, 26.5324) -> 9742 (21.4525, 26.025)
    4777 (12.7989, 21.3455) -> 9546 (12.7859, 21.3243)
    4778 (8.58996, 29.9498) -> 8222 (8.16648, 29.1475)
    4779 (14.8219, 24.4902) -> 9382 (15.5353, 24.1186)
    4780 (23.5441, 15.0662) -> 3524 (23.8205, 14.2777)
    4781 (11.404, 6.81246) -> 8357 (11.455, 6.00965)
    4782 (0.156532, 26.1621) -> 4980 (0.212013, 25.4748)
    4783 (15.4067, 26.7592) -> 496 (15.761, 25.9842)
    4784 (12.2156, -1.06677) -> 9190 (11.4666, -0.472036)
    4785 (16.6351, 4.36201) -> 8750 (16.6997, 3.44532)
    4786 (10.9747, 17.687) -> 8717 (10.0046, 17.522)
    4787 (7.79471, 12.3175) -> 426 (7.42413, 12.173)
    4788 (17.506, 2.77137) -> 8638 (17.0388, 2.41117)
    4789 (13.7153, -1.84707) -> 9266 (13.2428, -1.79468)
    4790 (4.94066e-324, 6.9533e-310) -> 2209 (0.166112, 0.830897)
    4791 (14.366, 19.4158) -> 9829 (14.5795, 18.9662)
    4792 (24.9897, 10.6826) -> 8109 (24.8273, 10.5302)
    4793 (5.96562, 1.23169) -> 3459 (5.15507, 1.70361)
    4794 (3.53253, 24.7057) -> 7304 (2.99453, 23.9311)
    4795 (17.8962, 10.6228) -> 1808 (18.3369, 9.82124)
    4796 (2.48371, 0.833838) -> 5837 (1.90988, 1.49311)
    4797 (6.645, 6.09844) -> 9790 (5.93394, 5.54778)
    4798 (21.5859, 20.7967) -> 8593 (21.3701, 19.9716)
    4799 (1.92594, 2.40445) -> 8769 (1.03248, 2.08956)
    4800 (18.6773, 3.70142) -> 9823 (18.2369, 3.11152)
    4801 (5.51363, 19.8788) -> 9454 (4.99378, 19.6304)
    4802 (21.7622, 14.5909) -> 8223 (21.8885, 14.4067)
    4803 (5.54499, 10.4925) -> 8988 (4.65754, 10.6314)
    4804 (16.507, 18.9997) -> 8437 (16.6731, 18.4959)
    4805 (19.5855, -3.32807) -> 9221 (18.6172, -3.36952)
    4806 (3.25791, 5.01032) -> 7928 (2.76243, 5.74792)
    4807 (0.17059, 3.35563) -> 9539 (0.132033, 4.10037)
    4808 (23.3788, 13.0484) -> 9233 (23.9885, 12.4861)
    4809 (20.6006, 10.9107) -> 5522 (21.083, 10.3004)
    4810 (4.32501, 6.86682) -> 8927 (4.16209, 6.85961)
    4811 (13.6294, 7.88321) -> 8807 (13.465, 7.30643)
    4812 (8.5985, 19.5524) -> 5896 (8.10208, 19.4146)
    4813 (7.06515, 16.8568) -> 9639 (6.91435, 16.7484)
    4814 (2.08863, 10.2715) -> 4727 (1.63901, 10.6747)
    4815 (6.75186, 12.5735) -> 9167 (5.99044, 12.6006)
    4816 (24.2496, 2.43611) -> 2474 (23.6555, 1.96176)
    4817 (11.2591, 2.12285) -> 4646 (10.8613, 2.02242)
    4818 (0.926867, 27.0633) -> 7779 (1.12279, 26.1653)
    4819 (3.2681, 4.47209) -> 9801 (3.20846, 4.67356)
    4820 (17.2194, 6.55697) -> 7732 (17.2198, 5.77208)
    4821 (6.01727, 1.84465) -> 8914 (5.15057, 1.83628)
    4822 (0.963016, 28.6159) -> 8645 (0.914482, 27.7141)
    4823 (3.50745, 17.0263) -> 7948 (3.11211, 16.2698)
    4824 (6.12432, 27.5574) -> 8669 (5.53397, 27.0444)
    4825 (8.15559, -2.59316) -> 7557 (8.14387, -2.59039)
    4826 (5.56022, -0.223156) -> 9886 (4.67028, 0.11741)
    4827 (20.1444, 5.00918) -> 8977 (19.264, 4.74364)
    4828 (5.82334, 26.1539) -> 9838 (5.44117, 25.5581)
    4829 (13.4224, 15.5194) -> 8451 (14.2324, 15.6917)
    4830 (10.7338, -3.9254) -> 9412 (10.6638, -3.46792)
    4831 (14.695, 25.0885) -> 7655 (14.709, 24.3537)
    4832 (22.2066, 25.5875) -> 333 (22.3336, 24.6414)
    4833 (9.34541, 0.560362) -> 9043 (9.03595, 0.723181)
    4834 (4.5703, 18.9551) -> 5484 (3.78126, 18.4243)
    4835 (4.94066e-324, 6.9533e-310) -> 2209 (0.166112, 0.830897)
    4836 (8.19712, 23.0903) -> 56 (7.63772, 22.7902)
    4837 (20.6781, 25.625) -> 9715 (20.7906, 25.4123)
    4838 (8.89633, 2.82106) -> 7569 (7.92179, 2.90123)
    4839 (17.6253, 28.0526) -> 9787 (18.0453, 27.1867)
    4840 (19.1401, 22.2751) -> 8942 (19.396, 21.9553)
    4841 (16.8588, 1.41745) -> 3405 (16.511, 1.23329)
    4842 (6.6609, 5.85674) -> 9790 (5.93394, 5.54778)
    4843 (19.2617, 12.2832) -> 9163 (19.8505, 12.5574)
    4844 (5.60601, -3.35263) -> 9746 (5.36219, -2.64142)
    4845 (22.0312, 13.6596) -> 6301 (22.2397, 12.9261)
    4846 (19.5097, 27.5781) -> 5251 (19.8079, 27.0605)
    4847 (4.22563, 12.0192) -> 7467 (3.25539, 12.1421)
    4848 (20.6887, 14.1244) -> 3517 (21.0709, 13.4674)
    4849 (21.1341, 28.3813) -> 8663 (21.2266, 28.1316)
    4850 (21.9875, -0.642651) -> 9583 (21.2951, -0.601016)
    4851 (13.2554, 26.5977) -> 6834 (13.3585, 26.5589)
    4852 (2.7332, 22.965) -> 9815 (2.56398, 22.7251)
    4853 (7.91409, 8.22169) -> 4562 (7.26559, 7.81012)
    4854 (4.90951, 15.9418) -> 7419 (4.38224, 15.8525)
    4855 (20.8272, 4.33359) -> 9963 (20.4956, 4.0439)
    4856 (14.709, 18.6437) -> 9528 (14.8392, 18.0241)
    4857 (15.0464, 6.22105) -> 9088 (15.2588, 5.31291)
    4858 (10.5866, 0.868008) -> 8137 (10.368, 0.919716)
    4859 (24.3062, 8.74693) -> 8013 (24.3645, 8.68418)
    4860 (9.45693, 1.303) -> 8923 (8.55208, 1.42984)
    4861 (6.10612, 9.79548) -> 4473 (5.46548, 9.87253)
    4862 (2.08475, 26.5227) -> 9712 (1.99212, 26.3583)
    4863 (15.9654, 10.233) -> 8011 (16.2636, 9.65921)
    4864 (9.98591, -1.32811) -> 9901 (9.29662, -0.685191)
    4865 (8.76643, 25.1397) -> 9170 (8.18862, 24.4906)
    4866 (7.6927, 3.35268) -> 7076 (6.73719, 3.63553)
    4867 (16.6563, 9.87471) -> 9995 (16.5775, 9.56869)
    4868 (20.198, 0.690946) -> 9597 (19.7636, 0.857945)
    4869 (24.7676, 24.2884) -> 7064 (24.7543, 23.6629)
    4870 (8.12199, 11.764) -> 5014 (7.27442, 11.3443)
    4871 (21.7622, 28.7107) -> 9358 (21.9535, 27.8032)
    4872 (2.91433, 5.05231) -> 9504 (2.60122, 5.86629)
    4873 (24.7156, -1.34956) -> 9935 (23.8721, -1.44009)
    4874 (5.13524, 17.2127) -> 5372 (4.44262, 16.9119)
    4875 (23.6241, 26.9304) -> 8610 (24.1753, 26.4556)
    4876 (2.8692, -0.481366) -> 6029 (2.33313, 0.163823)
    4877 (6.18678, 16.1665) -> 9905 (5.42175, 16.2822)
    4878 (21.1446, 10.7421) -> 9390 (21.6595, 10.3831)
    4879 (8.58855, 6.73272) -> 9432 (7.74499, 6.39539)
    4880 (5.68714, 19.2946) -> 8629 (5.14659, 18.6365)
    4881 (0.241602, 28.5004) -> 7699 (0.247103, 27.7282)
    4882 (2.90287, 18.4351) -> 3526 (2.65798, 18.0431)
    4883 (21.9256, 29.4337) -> 9921 (21.4942, 28.5727)
    4884 (9.85234, 18.7426) -> 9728 (9.08074, 18.292)
    4885 (3.30649, 6.67924) -> 6385 (2.87623, 7.27973)
    4886 (5.34303, 9.42231) -> 5793 (5.01369, 9.21382)
    4887 (9.75428, 8.66477) -> 3309 (9.41698, 8.19669)
    4888 (23.5817, 25.1678) -> 6121 (23.8678, 24.9539)
    4889 (0.344905, 8.42588) -> 3213 (0.469776, 9.15867)
    4890 (15.3384, 8.14581) -> 6996 (15.06, 7.35635)
    4891 (12.147, 23.4503) -> 1759 (11.4365, 22.9132)
    4892 (5.23947, -0.513715) -> 5138 (4.78839, -0.360688)
    4893 (22.3439, 5.22007) -> 9802 (21.7479, 4.55596)
    4894 (11.172, 5.77314) -> 9979 (10.951, 5.48776)
    4895 (10.5954, -2.04313) -> 9893 (10.2057, -1.20739)
    4896 (14.2247, 3.65692) -> 9470 (13.9559, 2.8589)
    4897 (1.16217, 22.2731) -> 6162 (0.78365, 21.4178)
    4898 (20.5034, 1.93327) -> 8705 (19.8344, 1.4592)
    4899 (18.9593, -2.83375) -> 9975 (18.3248, -2.13121)
    4900 (4.94066e-324, 6.9533e-310) -> 2209 (0.166112, 0.830897)
    4901 (4.94066e-324, 6.9533e-310) -> 2209 (0.166112, 0.830897)
    4902 (1.51254, 28.7051) -> 7813 (1.55059, 27.7559)
    4903 (14.3046, -1.03343) -> 9945 (13.6527, -0.610638)
    4904 (14.8534, 13.6029) -> 8625 (15.4261, 13.2461)
    4905 (9.72718, 27.5643) -> 7257 (9.35686, 27.3624)
    4906 (3.37532, 24.8288) -> 7304 (2.99453, 23.9311)
    4907 (4.5607, 4.18174) -> 8986 (3.70474, 4.22491)
    4908 (1.81247, -1.15797) -> 9788 (1.7625, -1.14502)
    4909 (4.91637, 16.302) -> 9519 (4.16311, 16.1102)
    4910 (8.57109, 17.4859) -> 8522 (7.78348, 17.1473)
    4911 (1.80882, 20.557) -> 8957 (1.95756, 20.4494)
    4912 (21.9014, 16.1408) -> 8704 (22.2368, 15.6086)
    4913 (18.8815, 10.1025) -> 9700 (18.9215, 9.75662)
    4914 (20.766, -0.320398) -> 9377 (20.269, -0.595853)
    4915 (4.70873, 14.307) -> 4664 (4.32199, 14.4197)
    4916 (11.4855, -3.24355) -> 9572 (10.7813, -3.26601)
    4917 (5.11448, 6.87615) -> 8927 (4.16209, 6.85961)
    4918 (6.83297, 16.89) -> 8341 (6.1287, 16.3547)
    4919 (9.82946, 19.0357) -> 9006 (9.41628, 18.9973)
    4920 (19.2067, -4.70718) -> 5026 (18.8395, -4.76745)
    4921 (13.4519, 2.61409) -> 710 (12.5588, 2.36554)
    4922 (5.65122, 23.3397) -> 1235 (5.53153, 22.8781)
    4923 (13.5437, 17.1839) -> 9530 (13.9367, 17.1162)
    4924 (23.8028, 0.345224) -> 9727 (23.3465, 0.809681)
    4925 (17.0454, 6.97081) -> 9506 (17.0958, 6.88689)
    4926 (11.594, 6.73993) -> 2866 (11.0594, 5.97213)
    4927 (23.529, 4.58852) -> 9331 (23.5526, 4.22387)
    4928 (7.15986, 14.5221) -> 4024 (6.73528, 14.2648)
    4929 (24.2541, 19.0686) -> 6832 (24.4396, 18.3146)
    4930 (19.3577, 10.4092) -> 9531 (18.9848, 9.78105)
    4931 (9.31434, 29.1415) -> 9982 (8.75097, 28.6907)
    4932 (1.09795, -3.81874) -> 3137 (1.39967, -3.13235)
    4933 (8.29696, 1.44199) -> 9144 (8.12937, 1.54858)
    4934 (20.076, 16.909) -> 9840 (20.6155, 16.1114)
    4935 (14.0877, 15.9806) -> 9352 (14.953, 15.7779)
    4936 (18.162, -3.03647) -> 9943 (18.0602, -3.77262)
    4937 (0.72761, 15.916) -> 0 (1, 15)
    4938 (3.58238, 9.62733) -> 6512 (2.77465, 9.84771)
    4939 (15.7523, 7.59207) -> 8093 (15.6362, 6.85349)
    4940 (8.08848, -3.74314) -> 9613 (7.5363, -3.78806)
    4941 (8.70691, 4.755) -> 9844 (7.97542, 4.62331)
    4942 (16.0776, 3.23652) -> 1543 (15.5463, 2.74346)
    4943 (10.4141, 16.2882) -> 6724 (10.067, 16.7652)
    4944 (21.1063, 2.04552) -> 7228 (20.6133, 1.36822)
    4945 (14.1915, 28.3939) -> 9172 (13.6631, 27.7893)
    4946 (9.28427, 23.4496) -> 6542 (9.21065, 23.4719)
    4947 (21.9862, 1.50159) -> 6815 (21.777, 1.33504)
    4948 (6.16876, 22.8133) -> 3454 (5.45213, 22.3806)
    4949 (1.10582, 8.58309) -> 5207 (0.924849, 9.11863)
    4950 (2.55947, 0.407315) -> 4796 (2.48371, 0.833838)
    4951 (18.9101, -1.30684) -> 7252 (18.0424, -1.49201)
    4952 (24.7939, 11.8923) -> 7911 (24.7422, 11.0515)
    4953 (24.907, 12.5071) -> 5788 (24.8496, 11.641)
    4954 (10.7199, 29.9563) -> 9500 (10.4237, 29.3809)
    4955 (4.94066e-324, 6.9533e-310) -> 2209 (0.166112, 0.830897)
    4956 (4.94066e-324, 6.9533e-310) -> 2209 (0.166112, 0.830897)
    4957 (9.374, 8.79796) -> 559 (8.66, 8.159)
    4958 (7.36847, 19.1658) -> 9485 (7.27682, 19.1071)
    4959 (10.4719, 25.286) -> 9759 (10.0521, 25.1057)
    4960 (20.5884, 23.6192) -> 6985 (20.3863, 22.78)
    4961 (13.8491, 28.7015) -> 9678 (13.4978, 28.3325)
    4962 (11.1635, 4.82435) -> 9931 (10.5295, 4.41927)
    4963 (15.945, 1.93336) -> 9364 (15.822, 2.10096)
    4964 (17.785, -2.53758) -> 9054 (17.3995, -2.39895)
    4965 (11.2283, -0.184841) -> 9908 (10.613, 0.28303)
    4966 (5.33833, 18.0258) -> 4573 (4.55814, 17.7815)
    4967 (20.9939, -2.15234) -> 9535 (20.9567, -1.51656)
    4968 (16.5679, -4.64339) -> 9281 (15.612, -4.61537)
    4969 (11.3173, -4.52678) -> 5539 (10.7263, -4.07004)
    4970 (0.555414, -2.24136) -> 640 (0.633118, -1.44942)
    4971 (1.05245, 25.6382) -> 5359 (0.92436, 24.9923)
    4972 (7.18116, 2.21117) -> 8881 (6.81604, 1.93519)
    4973 (15.3599, 5.77971) -> 6468 (14.999, 5.19169)
    4974 (4.14979, 26.8537) -> 6104 (3.97013, 26.4157)
    4975 (6.86005, 10.3536) -> 6070 (6.26076, 10.0741)
    4976 (11.6664, 3.43311) -> 8581 (10.9935, 2.94523)
    4977 (1.44316, 17.905) -> 9862 (1.47186, 17.1308)
    4978 (12.6329, -4.02286) -> 2395 (11.8864, -3.4373)
    4979 (22.4349, 29.6264) -> 6983 (22.761, 28.7081)
    4980 (0.212013, 25.4748) -> 907 (0.304139, 24.4864)
    4981 (18.285, 13.8255) -> 2374 (18.871, 13.0678)
    4982 (23.1387, 24.5093) -> 7520 (23.5076, 23.6618)
    4983 (17.785, 28.8466) -> 8277 (17.7743, 28.5359)
    4984 (9.09853, -1.68844) -> 9227 (8.42759, -1.01045)
    4985 (18.7751, 22.6403) -> 9624 (18.9378, 21.9342)
    4986 (23.811, 27.6739) -> 8941 (23.9335, 27.649)
    4987 (11.3873, 23.4754) -> 9806 (10.6273, 22.9376)
    4988 (21.1301, 26.0574) -> 7843 (21.4678, 25.3023)
    4989 (4.94066e-324, 6.9533e-310) -> 2209 (0.166112, 0.830897)
    4990 (13.034, 1.84576) -> 9483 (12.5442, 1.87507)
    4991 (3.21135, 4.7999) -> 9801 (3.20846, 4.67356)
    4992 (21.3606, 23.4975) -> 6181 (21.8435, 23.0305)
    4993 (16.9454, 15.812) -> 8147 (17.2664, 15.6434)
    4994 (15.7434, -1.11744) -> 9077 (14.8308, -1.19939)
    4995 (13.8703, 14.6537) -> 4177 (14.4062, 14.7514)
    4996 (22.9046, 27.0553) -> 4034 (23.0648, 26.2014)
    4997 (22.5287, 16.1807) -> 7946 (22.7049, 15.9358)
    4998 (16.9011, 4.32955) -> 8750 (16.6997, 3.44532)
    4999 (11.3801, 7.14439) -> 6878 (10.7258, 6.43552)
    5000 (0.0348196, 6.33832) -> 8329 (0.035575, 6.89987)
    5001 (14.0933, 16.9542) -> 8314 (14.689, 16.6465)
    5002 (9.02023, 28.5329) -> 9317 (8.41472, 28.0248)
    5003 (10.1259, 19.3292) -> 9006 (9.41628, 18.9973)
    5004 (23.4076, 29.1844) -> 8788 (23.62, 28.589)
    5005 (15.1101, 12.5047) -> 8216 (15.6335, 12.3209)
    5006 (14.698, 29.5917) -> 9379 (14.3882, 29.3139)
    5007 (10.1978, 8.72276) -> 5875 (9.93953, 8.13117)
    5008 (13.0288, -4.36517) -> 8832 (12.2883, -4.32632)
    5009 (2.73069, 26.8832) -> 9239 (2.56679, 26.5721)
    5010 (11.8847, 18.6234) -> 59 (11.3209, 18.7418)
    5011 (16.6907, 22.1211) -> 9186 (16.7163, 21.9207)
    5012 (17.7117, 27.3055) -> 8397 (18.2232, 26.7868)
    5013 (15.295, 11.1072) -> 5063 (15.8508, 10.3972)
    5014 (7.27442, 11.3443) -> 4052 (6.71483, 11.2857)
    5015 (4.94066e-324, 6.9533e-310) -> 2209 (0.166112, 0.830897)
    5016 (17.0128, 29.0187) -> 6254 (17.3252, 28.3662)
    5017 (9.26467, 28.8923) -> 5187 (8.79138, 28.5097)
    5018 (11.0203, 2.13999) -> 9954 (10.4562, 1.79223)
    5019 (17.0347, 21.7062) -> 8697 (17.5491, 21.1194)
    5020 (8.33374, 18.4337) -> 8896 (7.49378, 18.1043)
    5021 (9.08253, 0.50202) -> 6331 (8.21416, 0.826183)
    5022 (0.85607, 9.67573) -> 3974 (0.628429, 10.2371)
    5023 (11.6064, -1.26238) -> 9753 (10.8763, -1.21801)
    5024 (15.7829, 19.5206) -> 6369 (16.3446, 18.8299)
    5025 (16.8689, 9.42948) -> 780 (16.7265, 8.84822)
    5026 (18.8395, -4.76745) -> 6919 (18.0903, -4.93563)
    5027 (8.85288, 17.756) -> 8671 (8.40375, 17.4237)
    5028 (16.5928, 7.42877) -> 6772 (16.8902, 6.55818)
    5029 (6.82441, -0.708976) -> 9754 (5.9208, -0.959928)
    5030 (24.4414, 17.9843) -> 5870 (24.4901, 17.1704)
    5031 (10.8558, 0.639079) -> 9908 (10.613, 0.28303)
    5032 (17.8782, -0.0235049) -> 8824 (17.1375, 0.0335168)
    5033 (22.1575, 24.1908) -> 6973 (22.0989, 23.7907)
    5034 (11.6754, 1.21401) -> 4474 (11.1465, 1.07897)
    5035 (21.9792, 27.4086) -> 9362 (21.9851, 26.9842)
    5036 (17.59, 3.9271) -> 4356 (17.3305, 3.44847)
    5037 (17.8019, 12.9328) -> 9748 (18.4359, 12.5627)
    5038 (23.5146, 23.5685) -> 9405 (23.8864, 22.703)
    5039 (4.45606, 5.85823) -> 9189 (4.00158, 5.32105)
    5040 (5.68504, 12.1626) -> 6824 (4.71097, 12.1606)
    5041 (13.2966, 5.76701) -> 9181 (12.7307, 5.04679)
    5042 (0.923952, -4.68501) -> 5434 (0.585454, -3.90974)
    5043 (24.6273, 21.153) -> 6655 (24.8018, 20.5553)
    5044 (17.2699, 22.8336) -> 9537 (17.443, 22.2651)
    5045 (17.9249, 19.4957) -> 8100 (18.0624, 18.8288)
    5046 (8.26241, 20.4351) -> 2304 (7.50535, 20.3584)
    5047 (21.0813, 11.372) -> 9508 (21.4891, 10.6374)
    5048 (4.24458, 25.3753) -> 1013 (4.05845, 24.7084)
    5049 (17.2328, 13.9381) -> 8944 (17.7153, 13.4773)
    5050 (8.79667, 18.3313) -> 6363 (8.02677, 18.1389)
    5051 (6.30281, 10.5557) -> 9387 (6.01144, 10.4051)
    5052 (5.65477, 18.4437) -> 5675 (5.59039, 18.4572)
    5053 (1.48014, 22.346) -> 4549 (1.56016, 21.8544)
    5054 (2.74211, 3.20987) -> 9983 (2.01447, 3.84908)
    5055 (4.00203, 20.7402) -> 1282 (3.65736, 20.399)
    5056 (8.49348, 2.65822) -> 7747 (7.55884, 2.45217)
    5057 (21.0609, 19.8117) -> 5579 (21.2978, 18.9548)
    5058 (24.1572, 25.8059) -> 5841 (24.2774, 24.8655)
    5059 (24.6222, 8.48329) -> 8013 (24.3645, 8.68418)
    5060 (16.8564, 7.43498) -> 6772 (16.8902, 6.55818)
    5061 (23.9719, 26.9536) -> 8610 (24.1753, 26.4556)
    5062 (21.8485, 24.3495) -> 6973 (22.0989, 23.7907)
    5063 (15.8508, 10.3972) -> 8011 (16.2636, 9.65921)
    5064 (3.74944, 4.92592) -> 8599 (3.25299, 4.74824)
    5065 (23.3503, 4.51186) -> 8590 (23.0281, 4.33679)
    5066 (4.36342, 22.3023) -> 3823 (3.99007, 21.9743)
    5067 (8.03654, 14.9802) -> 6884 (7.77594, 15.0339)
    5068 (23.7746, 29.7609) -> 8698 (23.8901, 29.2728)
    5069 (8.19535, 2.12176) -> 9144 (8.12937, 1.54858)
    5070 (23.7737, 5.68677) -> 9824 (23.0474, 5.48682)
    5071 (0.627393, 7.2822) -> 9593 (0.483326, 7.7801)
    5072 (7.86371, -3.63316) -> 8653 (7.58734, -3.55634)
    5073 (8.92696, 9.4542) -> 9151 (8.31184, 8.88492)
    5074 (24.2327, 9.15711) -> 8312 (23.6791, 8.78433)
    5075 (22.3112, 23.6828) -> 6586 (22.4248, 22.803)
    5076 (2.81067, 18.1494) -> 4 (2.30559, 17.3254)
    5077 (20.3312, 3.50898) -> 9820 (20.3615, 3.49572)
    5078 (13.0936, 17.6639) -> 5760 (13.9571, 17.5214)
    5079 (5.78211, 29.4397) -> 7047 (5.3279, 28.7393)
    5080 (20.1773, 19.0868) -> 6659 (20.484, 18.5521)
    5081 (6.20704, -4.91503) -> 4647 (5.77167, -4.36361)
    5082 (17.8239, 27.1578) -> 8397 (18.2232, 26.7868)
    5083 (12.9047, 25.772) -> 9112 (12.3333, 25.0797)
    5084 (17.6092, -0.336425) -> 9737 (17.1746, -1.00784)
    5085 (24.3572, 1.35073) -> 9550 (23.8417, 0.948828)
    5086 (1.93047, 9.58633) -> 1780 (1.39202, 10.3528)
    5087 (11.0936, -3.75865) -> 9412 (10.6638, -3.46792)
    5088 (7.61744, 4.34222) -> 9216 (7.08004, 4.46709)
    5089 (12.8068, 9.81919) -> 3941 (13.0551, 9.06055)
    5090 (15.4401, 5.06739) -> 9271 (15.2877, 4.85785)
    5091 (18.9824, -3.50168) -> 9943 (18.0602, -3.77262)
    5092 (18.1594, 19.2581) -> 7771 (18.4993, 18.7604)
    5093 (3.64459, 12.0149) -> 8615 (3.02978, 12.2322)
    5094 (17.2517, 21.258) -> 6432 (17.6264, 20.6324)
    5095 (6.21594, -4.20421) -> 9461 (5.61682, -3.4381)
    5096 (6.74942, 25.4172) -> 5130 (6.29586, 24.7559)
    5097 (6.67401, -3.56473) -> 6964 (5.94454, -3.02931)
    5098 (0.104012, 25.9893) -> 4980 (0.212013, 25.4748)
    5099 (11.2948, 27.3473) -> 4244 (10.6338, 26.9425)
    5100 (3.19497, 29.3397) -> 9606 (3.03914, 28.7711)
    5101 (13.3145, 9.29526) -> 7788 (13.5373, 8.46074)
    5102 (19.8356, 0.557397) -> 9053 (19.3777, 0.456994)
    5103 (12.6113, 26.7498) -> 4115 (11.7279, 26.3611)
    5104 (24.3371, 25.4089) -> 5841 (24.2774, 24.8655)
    5105 (24.9446, 27.3696) -> 653 (24.3223, 26.7657)
    5106 (12.519, 19.0055) -> 8456 (13.0267, 19.1234)
    5107 (7.70522, 0.726469) -> 8600 (7.53903, 0.790489)
    5108 (24.1734, 11.8066) -> 8544 (24.1269, 11.1944)
    5109 (4.94066e-324, 6.9533e-310) -> 2209 (0.166112, 0.830897)
    5110 (17.6375, 20.675) -> 9938 (17.7985, 19.8569)
    5111 (4.94066e-324, 6.9533e-310) -> 2209 (0.166112, 0.830897)
    5112 (23.1656, 29.8718) -> 8178 (23.4274, 29.4642)
    5113 (17.0058, 12.8861) -> 6721 (17.3413, 12.5097)
    5114 (4.46314, 16.5975) -> 7680 (3.49114, 16.426)
    5115 (14.1137, 2.27612) -> 8130 (13.6529, 1.98587)
    5116 (1.44055, 23.5184) -> 6763 (1.23433, 23.082)
    5117 (20.8334, 29.5281) -> 5906 (21.0299, 29.0928)
    5118 (8.11578, 22.2297) -> 8040 (7.92765, 22.0695)
    5119 (5.46343, 19.2105) -> 8629 (5.14659, 18.6365)
    5120 (19.2102, 12.7691) -> 9163 (19.8505, 12.5574)
    5121 (8.18235, 29.407) -> 8222 (8.16648, 29.1475)
    5122 (14.1127, 0.580573) -> 8375 (13.1208, 0.596629)
    5123 (18.7768, 28.6753) -> 9607 (19.2151, 28.4567)
    5124 (20.1517, 28.7444) -> 8210 (20.2755, 28.3644)
    5125 (7.62223, 4.84964) -> 9333 (6.90893, 4.83993)
    5126 (18.3899, 6.20175) -> 9929 (17.8048, 6.2399)
    5127 (16.4695, 24.5534) -> 9939 (16.5837, 24.4924)
    5128 (15.7714, 24.6913) -> 5829 (15.8567, 24.0736)
    5129 (11.3539, 19.3209) -> 9240 (10.4597, 18.9882)
    5130 (6.29586, 24.7559) -> 7589 (6.02726, 24.2109)
    5131 (12.6615, 0.870398) -> 7098 (11.7945, 0.512414)
    5132 (10.9152, 27.2069) -> 8492 (10.2183, 26.8755)
    5133 (6.30437, 29.0462) -> 9416 (6.15273, 28.7162)
    5134 (16.1649, 10.2906) -> 1934 (16.2725, 9.65387)
    5135 (21.4034, 4.50825) -> 9604 (21.1055, 3.78025)
    5136 (0.128441, -1.37578) -> 8546 (0.146812, -0.655516)
    5137 (20.7072, 23.1624) -> 9334 (20.8655, 22.4678)
    5138 (4.78839, -0.360688) -> 4676 (4.05143, 0.0533779)
    5139 (0.267771, -3.18384) -> 9763 (0.411866, -2.73325)
    5140 (13.5197, 1.54821) -> 7354 (13.2643, 1.20452)
    5141 (13.6984, 25.4837) -> 7450 (13.0785, 24.8887)
    5142 (22.0539, 22.5107) -> 4212 (21.9369, 21.9065)
    5143 (9.57796, 17.3937) -> 5349 (9.30255, 17.4293)
    5144 (2.35465, -0.215055) -> 8794 (1.72245, 0.474988)
    5145 (21.7822, 19.0104) -> 7961 (21.9694, 18.7161)
    5146 (14.656, 15.8126) -> 9352 (14.953, 15.7779)
    5147 (14.2538, 15.344) -> 9179 (14.6409, 15.3201)
    5148 (1.98043, 23.8456) -> 1052 (1.76307, 23.3295)
    5149 (4.94066e-324, 6.9533e-310) -> 2209 (0.166112, 0.830897)
    5150 (24.6611, 24.2572) -> 7064 (24.7543, 23.6629)
    5151 (6.22956, 29.4519) -> 266 (5.93192, 28.6058)
    5152 (19.5316, 18.5805) -> 4323 (19.8258, 18.0795)
    5153 (17.1367, 19.8377) -> 9854 (17.5784, 19.4783)
    5154 (20.7503, 2.79586) -> 8804 (20.1468, 2.53861)
    5155 (2.46365, 28.8186) -> 8301 (2.44812, 28.4592)
    5156 (6.43462, 7.26955) -> 450 (5.48437, 6.99516)
    5157 (17.6628, -2.15311) -> 8604 (16.9168, -1.95663)
    5158 (7.15786, 24.8926) -> 7357 (6.84958, 24.6645)
    5159 (12.5242, 19.6212) -> 8456 (13.0267, 19.1234)
    5160 (0.58252, 18.6703) -> 6031 (0.557945, 17.6802)
    5161 (4.41555, 24.8773) -> 8253 (4.19059, 23.9334)
    5162 (16.3672, 22.8102) -> 9186 (16.7163, 21.9207)
    5163 (14.5391, 1.53876) -> 9846 (14.0533, 1.4319)
    5164 (22.594, -4.46382) -> 6120 (22.0738, -4.35041)
    5165 (4.94066e-324, 6.9533e-310) -> 2209 (0.166112, 0.830897)
    5166 (16.3826, 3.96527) -> 9719 (15.9464, 3.46279)
    5167 (3.81536, 12.2069) -> 8888 (3.43837, 12.2881)
    5168 (16.6698, 20.1131) -> 7120 (17.4747, 19.5617)
    5169 (10.6991, 26.5696) -> 8748 (9.84535, 26.344)
    5170 (14.126, 22.9302) -> 9997 (14.539, 22.6981)
    5171 (10.8958, 1.04574) -> 8877 (10.5073, 0.920586)
    5172 (22.258, 12.0134) -> 9456 (22.4115, 11.6165)
    5173 (5.9565, 7.10968) -> 4917 (5.11448, 6.87615)
    5174 (13.661, -0.747371) -> 9023 (12.8074, -1.01563)
    5175 (0.754727, 8.49919) -> 9669 (0.632862, 8.68671)
    5176 (18.0413, 2.42215) -> 7751 (17.5702, 2.20162)
    5177 (4.61959, 26.6873) -> 4470 (4.4782, 26.0145)
    5178 (10.6371, 23.7232) -> 8476 (10.0004, 23.7073)
    5179 (7.37271, -0.789983) -> 9388 (6.54471, -0.702637)
    5180 (1.2309, 1.59401) -> 9551 (0.562415, 2.27446)
    5181 (0.465404, 27.0301) -> 8235 (0.54097, 26.0333)
    5182 (13.9357, 21.3264) -> 9335 (14.2553, 20.4975)
    5183 (24.6931, 15.4516) -> 8122 (24.6836, 15.2824)
    5184 (13.3669, 26.9077) -> 9145 (12.5891, 26.6376)
    5185 (18.247, 13.0238) -> 9748 (18.4359, 12.5627)
    5186 (15.4086, 8.81447) -> 9252 (15.3943, 8.52516)
    5187 (8.79138, 28.5097) -> 8863 (8.43475, 28.0937)
    5188 (14.8379, 0.0809838) -> 9347 (14.1332, -0.604642)
    5189 (8.57124, 20.2631) -> 9760 (8.10023, 20.132)
    5190 (18.0214, 16.3121) -> 9655 (18.0821, 15.34)
    5191 (24.5811, 3.78778) -> 9211 (24.3906, 3.18139)
    5192 (1.8375, 15.3373) -> 0 (1, 15)
    5193 (12.4017, 21.9076) -> 5262 (11.6387, 21.4855)
    5194 (7.69438, 22.0885) -> 118 (7.25731, 21.99)
    5195 (9.46213, 0.156154) -> 9958 (9.2937, 0.0412097)
    5196 (2.14478, 24.7049) -> 8732 (1.92503, 23.9924)
    5197 (17.4527, -4.97805) -> 9126 (17.4813, -4.89101)
    5198 (18.2368, 21.14) -> 6077 (18.6866, 20.5297)
    5199 (3.56059, 22.0142) -> 9998 (3.22697, 21.4307)
    5200 (13.5198, 23.267) -> 7404 (13.505, 23.146)
    5201 (21.9828, 15.7887) -> 8474 (22.2048, 15.057)
    5202 (18.9247, 24.4285) -> 7118 (19.0018, 23.8756)
    5203 (20.8195, 21.0305) -> 9706 (20.6827, 20.5026)
    5204 (22.0111, 16.9207) -> 8996 (21.7805, 16.5772)
    5205 (21.4184, -2.14878) -> 9535 (20.9567, -1.51656)
    5206 (16.3597, 17.8158) -> 9356 (16.9374, 17.0866)
    5207 (0.924849, 9.11863) -> 8747 (0.709836, 9.79015)
    5208 (4.85664, -3.99861) -> 9732 (4.53778, -3.19324)
    5209 (0.238783, 8.27263) -> 3213 (0.469776, 9.15867)
    5210 (22.1389, 4.73904) -> 7382 (21.4896, 4.16244)
    5211 (22.3023, 10.2637) -> 7723 (22.7099, 9.76803)
    5212 (22.4844, 5.25169) -> 9130 (22.1157, 4.88497)
    5213 (17.7935, 15.9078) -> 9655 (18.0821, 15.34)
    5214 (3.54214, -1.79776) -> 9739 (3.18773, -1.05705)
    5215 (21.2772, 14.7942) -> 9994 (21.4611, 13.8907)
    5216 (10.6494, 24.9311) -> 6537 (9.81598, 24.3928)
    5217 (23.2706, -3.68213) -> 9726 (23.2265, -4.11043)
    5218 (8.87981, -0.889269) -> 9992 (9.10122, -0.28248)
    5219 (2.93401, 9.13046) -> 8840 (2.80826, 9.29934)
    5220 (17.4339, -1.31435) -> 9235 (16.7742, -1.53426)
    5221 (1.44514, 10.8504) -> 7818 (1.41853, 11.7049)
    5222 (9.16355, -0.597667) -> 9992 (9.10122, -0.28248)
    5223 (23.2018, 26.0597) -> 5491 (23.5589, 25.7462)
    5224 (4.31348, 14.7464) -> 6864 (3.88941, 14.8021)
    5225 (9.82906, -2.12714) -> 9893 (10.2057, -1.20739)
    5226 (20.2264, -2.9396) -> 9915 (20.2503, -2.95598)
    5227 (3.98278, 20.8286) -> 1282 (3.65736, 20.399)
    5228 (24.0645, -2.54369) -> 9640 (24.5326, -2.89152)
    5229 (24.6135, 8.6635) -> 8013 (24.3645, 8.68418)
    5230 (18.1353, 4.67433) -> 9786 (18.0057, 4.08851)
    5231 (13.6681, -1.47516) -> 9266 (13.2428, -1.79468)
    5232 (0.259501, 11.7493) -> 9657 (0.403533, 12.1741)
    5233 (21.5035, 17.9521) -> 801 (21.709, 17.5758)
    5234 (14.242, 22.5956) -> 6610 (14.383, 22.2962)
    5235 (23.4871, 14.0244) -> 8282 (23.2239, 13.3618)
    5236 (5.06508, -3.16734) -> 9732 (4.53778, -3.19324)
    5237 (5.96671, 0.056677) -> 8686 (5.47171, 0.167794)
    5238 (2.73843, -3.56882) -> 8533 (2.36541, -3.1642)
    5239 (9.3034, 23.1933) -> 9250 (9.00597, 22.7089)
    5240 (21.3929, 27.3976) -> 9547 (21.5707, 26.7376)
    5241 (2.0162, 0.525926) -> 9899 (1.57877, 1.38033)
    5242 (3.03762, 20.7488) -> 984 (2.70388, 20.1204)
    5243 (10.9279, 20.6379) -> 2520 (10.4628, 20.3527)
    5244 (4.97938, 5.30332) -> 9189 (4.00158, 5.32105)
    5245 (11.8081, -1.87749) -> 4599 (11.0788, -1.82717)
    5246 (10.709, -0.584213) -> 9893 (10.2057, -1.20739)
    5247 (20.082, 4.4973) -> 9443 (20.1435, 3.99057)
    5248 (6.62938, -0.949001) -> 9754 (5.9208, -0.959928)
    5249 (5.56147, 7.79835) -> 6739 (4.9983, 7.64694)
    5250 (2.91681, -4.27124) -> 9618 (2.30386, -3.6176)
    5251 (19.8079, 27.0605) -> 7920 (19.7876, 26.5123)
    5252 (12.8313, 17.4215) -> 4923 (13.5437, 17.1839)
    5253 (20.9947, 10.3604) -> 6953 (21.1011, 9.52642)
    5254 (9.67276, 26.2991) -> 9877 (9.20911, 26.2339)
    5255 (5.42235, 12.1946) -> 6824 (4.71097, 12.1606)
    5256 (20.0342, 7.89366) -> 9509 (20.4259, 7.11284)
    5257 (24.4053, 2.40676) -> 6803 (24.2754, 2.36102)
    5258 (5.48377, 25.1062) -> 739 (4.98097, 24.7556)
    5259 (19.7782, 11.8458) -> 9481 (20.2381, 12.5542)
    5260 (21.4327, 5.22655) -> 6638 (21.1552, 4.75272)
    5261 (23.4025, 22.9534) -> 9405 (23.8864, 22.703)
    5262 (11.6387, 21.4855) -> 4360 (11.2451, 21.3414)
    5263 (22.6949, 17.6311) -> 2249 (22.9199, 17.143)
    5264 (7.46906, 3.42219) -> 7076 (6.73719, 3.63553)
    5265 (23.19, 9.47458) -> 9341 (22.8261, 8.72477)
    5266 (22.6386, -4.22128) -> 9376 (21.6849, -3.95603)
    5267 (19.1, 8.15079) -> 5547 (19.1207, 7.35562)
    5268 (15.5778, 18.9919) -> 7796 (15.7745, 18.9247)
    5269 (2.63467, -0.32699) -> 6029 (2.33313, 0.163823)
    5270 (4.94066e-324, 6.9533e-310) -> 2209 (0.166112, 0.830897)
    5271 (22.2008, 9.67043) -> 9702 (21.8401, 8.9074)
    5272 (14.8949, 19.7574) -> 9762 (15.2201, 19.0956)
    5273 (13.1735, -3.15777) -> 3912 (12.8362, -3.06571)
    5274 (1.69492, 17.9655) -> 9862 (1.47186, 17.1308)
    5275 (13.4618, 23.9688) -> 9947 (13.639, 23.9858)
    5276 (1.3311, 16.3508) -> 7958 (1.06975, 15.5819)
    5277 (11.5953, 27.5) -> 5099 (11.2948, 27.3473)
    5278 (19.1232, 8.92294) -> 9218 (19.0052, 8.4387)
    5279 (6.93589, 2.94924) -> 8106 (6.18545, 3.03168)
    5280 (7.40117, 17.0668) -> 9639 (6.91435, 16.7484)
    5281 (19.9928, 8.65516) -> 6790 (20.0394, 8.06216)
    5282 (4.94066e-324, 6.9533e-310) -> 2209 (0.166112, 0.830897)
    5283 (23.704, 11.0865) -> 8051 (23.7919, 10.1732)
    5284 (2.77924, -1.09492) -> 9936 (2.01116, -0.529428)
    5285 (8.32858, 17.7048) -> 8522 (7.78348, 17.1473)
    5286 (9.07515, 18.1537) -> 9095 (8.6171, 17.9962)
    5287 (4.94066e-324, 6.9533e-310) -> 2209 (0.166112, 0.830897)
    5288 (2.34763, 3.44393) -> 9983 (2.01447, 3.84908)
    5289 (17.2276, -2.10526) -> 9776 (16.5444, -2.43759)
    5290 (4.94066e-324, 6.9533e-310) -> 2209 (0.166112, 0.830897)
    5291 (1.06709, 21.2061) -> 9198 (0.990128, 20.3252)
    5292 (14.8843, 1.69763) -> 9846 (14.0533, 1.4319)
    5293 (2.47811, 8.47591) -> 3751 (2.1998, 8.68607)
    5294 (23.8105, 16.723) -> 1516 (23.9833, 15.7961)
    5295 (16.9064, 26.1055) -> 9010 (17.3541, 25.3873)
    5296 (14.2986, 5.92932) -> 8895 (14.3171, 5.78292)
    5297 (8.00345, -4.17826) -> 9214 (7.45285, -3.82146)
    5298 (1.14428, 26.7918) -> 7779 (1.12279, 26.1653)
    5299 (2.14821, 12.3812) -> 9080 (2.10513, 12.4645)
    5300 (10.3081, -3.36241) -> 9205 (9.37845, -3.28939)
    5301 (17.2975, 23.8432) -> 9687 (17.2146, 23.6365)
    5302 (15.1616, 15.8892) -> 7319 (15.58, 15.5357)
    5303 (3.41197, -0.171553) -> 9953 (3.12525, -0.406663)
    5304 (6.14242, 25.6869) -> 2947 (5.83533, 25.4365)
    5305 (20.671, 2.76904) -> 8804 (20.1468, 2.53861)
    5306 (22.0143, 27.3132) -> 9362 (21.9851, 26.9842)
    5307 (20.5833, 12.0474) -> 7863 (21.3399, 11.4976)
    5308 (4.96812, -2.18819) -> 9870 (4.87538, -2.40958)
    5309 (4.32579, 29.5377) -> 8885 (4.28919, 29.4623)
    5310 (24.8956, 14.7775) -> 7512 (24.7628, 13.8182)
    5311 (11.1385, 4.38276) -> 7469 (10.5156, 4.13276)
    5312 (11.2703, 2.38251) -> 8803 (10.3916, 2.13748)
    5313 (18.505, 13.9308) -> 2374 (18.871, 13.0678)
    5314 (21.1042, 4.2988) -> 9963 (20.4956, 4.0439)
    5315 (1.89278, 27.9089) -> 8592 (1.82304, 27.1542)
    5316 (7.12397, 22.7542) -> 8512 (6.56362, 22.2939)
    5317 (9.53219, 3.72502) -> 9193 (8.78865, 3.13542)
    5318 (17.5584, 18.9832) -> 7430 (18.0436, 18.4145)
    5319 (15.4263, -4.05497) -> 8734 (14.5094, -3.94097)
    5320 (1.83436, 6.65563) -> 7730 (1.54988, 6.98014)
    5321 (15.7318, -4.61779) -> 9281 (15.612, -4.61537)
    5322 (23.976, 19.2027) -> 7757 (24.1315, 18.9472)
    5323 (20.3246, 4.87582) -> 9963 (20.4956, 4.0439)
    5324 (12.5405, 2.07725) -> 9483 (12.5442, 1.87507)
    5325 (7.88718, 29.854) -> 8363 (7.34176, 29.3744)
    5326 (17.2195, 2.59626) -> 7270 (17.0742, 2.55718)
    5327 (3.67506, 18.0092) -> 6703 (3.16343, 17.6163)
    5328 (4.79526, 5.86017) -> 9189 (4.00158, 5.32105)
    5329 (9.6527, -0.0237146) -> 9958 (9.2937, 0.0412097)
    5330 (21.5282, 1.48615) -> 7705 (21.0143, 0.645409)
    5331 (17.5722, 5.78847) -> 7588 (17.5314, 5.51249)
    5332 (21.9963, 2.55057) -> 1190 (21.5976, 2.2391)
    5333 (11.4667, -0.566843) -> 9753 (10.8763, -1.21801)
    5334 (4.94066e-324, 6.9533e-310) -> 2209 (0.166112, 0.830897)
    5335 (15.0953, 21.8803) -> 8296 (15.4665, 21.3089)
    5336 (15.0379, -1.75466) -> 8206 (14.5314, -2.12094)
    5337 (15.5184, -3.66102) -> 9177 (14.7774, -3.59912)
    5338 (3.68025, 7.96469) -> 9340 (2.7778, 8.18868)
    5339 (18.0092, 8.427) -> 9928 (18.7729, 7.89008)
    5340 (4.58758, -0.544993) -> 9361 (3.69967, -0.25377)
    5341 (18.682, 5.27567) -> 8841 (18.2571, 4.58753)
    5342 (22.6122, 4.87254) -> 9802 (21.7479, 4.55596)
    5343 (17.8134, 5.88846) -> 8228 (17.7144, 5.53444)
    5344 (16.7983, 15.0269) -> 6733 (17.3283, 14.6842)
    5345 (16.4036, -4.47323) -> 9478 (15.6382, -4.57145)
    5346 (11.2795, 3.03822) -> 8581 (10.9935, 2.94523)
    5347 (1.60914, 16.1542) -> 4700 (1.36483, 15.7406)
    5348 (4.94066e-324, 6.9533e-310) -> 2209 (0.166112, 0.830897)
    5349 (9.30255, 17.4293) -> 3456 (8.34808, 17.2741)
    5350 (18.5825, 17.1815) -> 9941 (18.8221, 16.5477)
    5351 (4.94066e-324, 6.9533e-310) -> 2209 (0.166112, 0.830897)
    5352 (14.2568, 29.2831) -> 8382 (13.7631, 28.634)
    5353 (7.22438, 27.7724) -> 5616 (7.36412, 27.113)
    5354 (8.32718, -2.87599) -> 7557 (8.14387, -2.59039)
    5355 (1.03569, 6.01585) -> 9521 (0.748844, 6.84764)
    5356 (16.413, 14.9501) -> 6846 (16.5339, 14.5562)
    5357 (8.40345, 29.3363) -> 6209 (8.10023, 28.7334)
    5358 (10.7944, 28.5615) -> 3196 (10.7373, 28.5306)
    5359 (0.92436, 24.9923) -> 7916 (0.864063, 24.3119)
    5360 (12.1679, -0.15911) -> 9190 (11.4666, -0.472036)
    5361 (10.747, -0.12928) -> 8461 (10.6556, 0.0303139)
    5362 (2.22308, 20.1444) -> 3548 (2.33093, 19.263)
    5363 (14.3739, 5.34578) -> 9453 (13.9583, 4.83232)
    5364 (7.346, 4.33305) -> 8871 (6.40977, 4.51971)
    5365 (8.252, -3.4131) -> 8653 (7.58734, -3.55634)
    5366 (6.82657, 6.23487) -> 9262 (6.20036, 6.39251)
    5367 (1.98071, 15.2221) -> 6034 (1.57794, 15.1457)
    5368 (13.6014, 23.0377) -> 9997 (14.539, 22.6981)
    5369 (10.4335, -1.81414) -> 9893 (10.2057, -1.20739)
    5370 (19.5529, 26.4503) -> 8812 (19.4385, 25.8475)
    5371 (1.87583, 2.37351) -> 8769 (1.03248, 2.08956)
    5372 (4.44262, 16.9119) -> 7459 (3.72965, 16.6616)
    5373 (4.45742, 18.3026) -> 8423 (4.16789, 17.9927)
    5374 (7.59857, 19.4958) -> 2881 (7.32732, 19.4804)
    5375 (21.0407, 18.6709) -> 3805 (21.3984, 18.2102)
    5376 (10.7837, 2.06228) -> 8418 (10.0283, 1.8868)
    5377 (21.3363, -0.929302) -> 9195 (21.1749, -0.952623)
    5378 (3.57872, 4.08032) -> 9801 (3.20846, 4.67356)
    5379 (6.07688, 11.3412) -> 6802 (5.53313, 11.2248)
    5380 (4.59683, 10.2855) -> 7101 (4.14664, 10.2362)
    5381 (19.3142, -0.27624) -> 8034 (18.6341, -0.208927)
    5382 (9.05271, -1.80269) -> 6648 (8.20856, -1.52906)
    5383 (2.5341, 12.4336) -> 9080 (2.10513, 12.4645)
    5384 (20.608, 6.28873) -> 9752 (20.259, 5.87419)
    5385 (14.1036, 14.8454) -> 4177 (14.4062, 14.7514)
    5386 (4.94066e-324, 6.9533e-310) -> 2209 (0.166112, 0.830897)
    5387 (0.745137, 17.8619) -> 7055 (0.608368, 17.0841)
    5388 (3.70395, 21.1452) -> 2427 (3.57117, 20.4106)
    5389 (13.81, 11.1141) -> 9469 (14.3323, 10.6464)
    5390 (15.8259, 13.7079) -> 7010 (16.1819, 13.3119)
    5391 (14.2801, 13.736) -> 4904 (14.8534, 13.6029)
    5392 (20.9653, 15.4203) -> 5215 (21.2772, 14.7942)
    5393 (18.1696, 20.4635) -> 7870 (18.6119, 19.6614)
    5394 (17.917, 28.1587) -> 9787 (18.0453, 27.1867)
    5395 (3.99404, -3.93173) -> 9732 (4.53778, -3.19324)
    5396 (3.25084, 26.0934) -> 3289 (2.95243, 25.4261)
    5397 (9.10985, 2.66518) -> 7099 (8.41202, 2.57919)
    5398 (13.7869, 0.678835) -> 9647 (13.1705, 0.191776)
    5399 (23.1489, 20.1349) -> 9154 (23.3463, 19.5606)
    5400 (4.94066e-324, 6.9533e-310) -> 2209 (0.166112, 0.830897)
    5401 (24.8928, 16.8096) -> 9705 (24.8179, 16.3257)
    5402 (18.4712, 28.1397) -> 8438 (18.4214, 27.7327)
    5403 (18.5774, 7.25487) -> 9575 (19.0425, 6.8933)
    5404 (15.9777, -1.63741) -> 5336 (15.0379, -1.75466)
    5405 (22.1567, 9.98239) -> 7940 (22.434, 10.4268)
    5406 (4.29762, 2.64279) -> 386 (3.83783, 3.08063)
    5407 (15.3725, -3.83212) -> 9329 (14.4023, -3.90297)
    5408 (8.2874, 4.68132) -> 9844 (7.97542, 4.62331)
    5409 (19.4988, 16.4978) -> 1114 (19.7608, 16.0558)
    5410 (20.994, 20.8675) -> 8593 (21.3701, 19.9716)
    5411 (6.69633, 17.8593) -> 3754 (6.10876, 17.7906)
    5412 (13.0554, 19.4676) -> 8456 (13.0267, 19.1234)
    5413 (10.445, -1.62802) -> 9893 (10.2057, -1.20739)
    5414 (17.9057, 5.86782) -> 9929 (17.8048, 6.2399)
    5415 (10.2278, 2.23495) -> 8997 (9.45088, 2.03935)
    5416 (6.41878, -1.60504) -> 9754 (5.9208, -0.959928)
    5417 (24.5721, 16.3977) -> 5183 (24.6931, 15.4516)
    5418 (13.5328, -1.25899) -> 9266 (13.2428, -1.79468)
    5419 (7.00086, 9.09209) -> 7883 (6.66988, 8.86797)
    5420 (3.74571, 21.9505) -> 9998 (3.22697, 21.4307)
    5421 (6.88622, -3.50234) -> 373 (6.3528, -2.77826)
    5422 (14.9898, 18.1411) -> 7495 (15.0855, 18.0392)
    5423 (20.6232, 18.0186) -> 8578 (20.806, 17.4639)
    5424 (11.0826, 3.13654) -> 8581 (10.9935, 2.94523)
    5425 (15.983, -1.1547) -> 8855 (15.2993, -1.55342)
    5426 (20.8248, 22.4261) -> 9736 (20.6725, 22.021)
    5427 (6.94336, -0.888801) -> 9388 (6.54471, -0.702637)
    5428 (22.0266, 25.9879) -> 4832 (22.2066, 25.5875)
    5429 (23.7713, 13.8979) -> 4525 (23.9789, 13.494)
    5430 (22.1675, 19.0203) -> 8695 (22.5059, 18.4255)
    5431 (3.51119, 8.69002) -> 8506 (3.09261, 8.88037)
    5432 (4.94066e-324, 6.9533e-310) -> 2209 (0.166112, 0.830897)
    5433 (9.21017, 24.3116) -> 7591 (8.44096, 24.0006)
    5434 (0.585454, -3.90974) -> 3290 (0.274516, -3.11877)
    5435 (19.8769, -2.45188) -> 9245 (19.6385, -2.50956)
    5436 (5.23631, -3.04472) -> 9732 (4.53778, -3.19324)
    5437 (13.2337, 5.42699) -> 8197 (12.9574, 5.01257)
    5438 (14.7024, 11.6985) -> 7568 (14.8344, 11.664)
    5439 (19.5564, -1.29493) -> 9641 (18.7067, -1.33456)
    5440 (14.186, 12.2475) -> 1407 (14.7561, 12.0507)
    5441 (13.668, 26.576) -> 8970 (13.4393, 26.0995)
    5442 (21.4026, 29.4713) -> 6048 (21.8007, 28.7608)
    5443 (0.427233, 2.10351) -> 9551 (0.562415, 2.27446)
    5444 (11.3629, 28.6245) -> 7564 (10.7243, 28.063)
    5445 (9.15413, 5.91405) -> 9556 (8.5857, 5.75247)
    5446 (5.27371, 27.3945) -> 2201 (4.86663, 26.626)
    5447 (20.8136, 24.6695) -> 8511 (20.4941, 23.737)
    5448 (24.1858, 12.2598) -> 9779 (24.2182, 11.5785)
    5449 (0.573433, 22.8915) -> 8813 (0.64719, 22.3086)
    5450 (13.9402, 10.0943) -> 5604 (14.3785, 9.66532)
    5451 (4.29755, 18.463) -> 5327 (3.67506, 18.0092)
    5452 (7.37423, 24.9255) -> 8174 (6.71135, 24.398)
    5453 (24.5383, 22.8279) -> 6949 (24.6014, 21.947)
    5454 (18.2866, 12.0376) -> 6436 (18.6949, 11.7779)
    5455 (6.26671, 13.7935) -> 7942 (5.54229, 13.3442)
    5456 (10.8178, 19.2221) -> 8484 (10.5358, 19.0638)
    5457 (20.1293, -2.63098) -> 9915 (20.2503, -2.95598)
    5458 (17.5622, 23.521) -> 9720 (17.0315, 22.9447)
    5459 (8.74114, 5.82681) -> 7531 (7.95365, 5.33134)
    5460 (16.7485, 16.6865) -> 538 (17.3035, 16.0822)
    5461 (10.5187, 8.34526) -> 9750 (10.5617, 8.11889)
    5462 (4.97642, 11.0655) -> 9673 (4.33119, 11.277)
    5463 (19.5142, 10.6814) -> 8902 (20.0642, 10.2263)
    5464 (22.9932, 12.793) -> 9399 (22.7422, 12.4206)
    5465 (12.7059, 29.1188) -> 9735 (11.9679, 28.5633)
    5466 (1.42445, 13.2893) -> 9968 (1.11892, 14.0458)
    5467 (11.1059, 7.25239) -> 4370 (10.855, 6.74385)
    5468 (6.62617, -2.1348) -> 7364 (5.91835, -1.53791)
    5469 (9.79714, 4.79412) -> 7358 (9.64047, 4.34256)
    5470 (4.94066e-324, 6.9533e-310) -> 2209 (0.166112, 0.830897)
    5471 (20.8309, 23.8085) -> 5137 (20.7072, 23.1624)
    5472 (8.31746, 27.9469) -> 361 (8.02604, 27.6414)
    5473 (4.35702, 27.61) -> 4974 (4.14979, 26.8537)
    5474 (6.24622, -2.735) -> 9746 (5.36219, -2.64142)
    5475 (2.02143, 3.9311) -> 9983 (2.01447, 3.84908)
    5476 (3.22577, 21.1422) -> 5242 (3.03762, 20.7488)
    5477 (14.7456, 8.613) -> 7780 (15.0129, 8.01073)
    5478 (24.778, 16.9751) -> 9705 (24.8179, 16.3257)
    5479 (5.914, 26.9253) -> 8103 (5.4376, 26.38)
    5480 (2.98085, 0.594276) -> 9165 (3.30978, 1.20797)
    5481 (6.94103, 29.4227) -> 9307 (6.3695, 28.7165)
    5482 (3.51751, -3.66223) -> 8687 (3.08273, -3.46787)
    5483 (12.4299, -2.25365) -> 9955 (11.7555, -2.31404)
    5484 (3.78126, 18.4243) -> 7976 (3.34162, 17.9862)
    5485 (2.16547, 28.162) -> 2489 (2.20703, 27.1895)
    5486 (10.088, 20.3299) -> 9422 (9.63415, 20.1571)
    5487 (23.7646, 16.6467) -> 9114 (23.743, 15.6865)
    5488 (6.54249, 19.9528) -> 9778 (6.01919, 19.3148)
    5489 (6.75049, 25.4842) -> 5130 (6.29586, 24.7559)
    5490 (9.31393, 1.23324) -> 8923 (8.55208, 1.42984)
    5491 (23.5589, 25.7462) -> 6121 (23.8678, 24.9539)
    5492 (18.5815, -1.65083) -> 9975 (18.3248, -2.13121)
    5493 (20.4174, 20.6282) -> 8269 (20.499, 19.9309)
    5494 (2.5306, 22.7283) -> 9815 (2.56398, 22.7251)
    5495 (3.23598, 28.4871) -> 7729 (3.01405, 27.7046)
    5496 (7.39848, -3.8525) -> 8322 (6.67246, -3.69825)
    5497 (6.21673, 19.3718) -> 9778 (6.01919, 19.3148)
    5498 (21.2999, 7.95321) -> 9950 (21.7957, 7.14588)
    5499 (22.4439, 22.4429) -> 9701 (22.5168, 21.4556)
    5500 (24.0522, 29.1048) -> 9060 (24.1419, 28.3238)
    5501 (15.4999, 24.0108) -> 8706 (15.4206, 23.7223)
    5502 (24.6163, 13.3281) -> 4192 (24.7004, 12.791)
    5503 (15.0884, 6.55533) -> 9223 (15.089, 6.83693)
    5504 (8.17221, 0.282027) -> 9428 (7.64817, -0.108808)
    5505 (24.054, 11.0715) -> 9841 (24.2447, 10.3084)
    5506 (6.10479, 21.21) -> 7484 (5.51939, 20.6944)
    5507 (5.98147, 0.0164294) -> 8686 (5.47171, 0.167794)
    5508 (3.36218, -4.22541) -> 5238 (2.73843, -3.56882)
    5509 (0.435835, 22.0107) -> 6162 (0.78365, 21.4178)
    5510 (24.514, 4.94018) -> 9269 (24.0513, 4.14392)
    5511 (3.39379, -4.55629) -> 7877 (3.31793, -4.32339)
    5512 (9.48286, 4.94395) -> 8753 (8.94558, 4.59894)
    5513 (16.6794, 18.6139) -> 8437 (16.6731, 18.4959)
    5514 (7.14697, 11.3663) -> 4052 (6.71483, 11.2857)
    5515 (20.5602, -4.07306) -> 6263 (19.8438, -4.38985)
    5516 (21.6189, -1.70488) -> 9535 (20.9567, -1.51656)
    5517 (5.22262, -3.58373) -> 9732 (4.53778, -3.19324)
    5518 (13.5431, 19.941) -> 9072 (13.7646, 19.6356)
    5519 (9.54289, 7.86449) -> 8315 (9.3921, 7.57544)
    5520 (0.737789, -1.10325) -> 5681 (0.754243, -0.715496)
    5521 (8.19191, 3.06574) -> 5264 (7.46906, 3.42219)
    5522 (21.083, 10.3004) -> 6953 (21.1011, 9.52642)
    5523 (4.70844, 13.0166) -> 8694 (4.40878, 12.798)
    5524 (3.61931, 21.5129) -> 5242 (3.03762, 20.7488)
    5525 (14.1925, 23.8607) -> 7002 (14.8119, 23.1194)
    5526 (8.02877, 26.1604) -> 7977 (7.42294, 25.4112)
    5527 (4.94066e-324, 6.9533e-310) -> 2209 (0.166112, 0.830897)
    5528 (6.74142, 7.94235) -> 8586 (6.49976, 7.8585)
    5529 (4.94066e-324, 6.9533e-310) -> 2209 (0.166112, 0.830897)
    5530 (5.01003, 15.8621) -> 7419 (4.38224, 15.8525)
    5531 (23.1291, 16.9742) -> 7241 (23.3146, 16.5838)
    5532 (18.8528, 19.723) -> 9654 (18.8965, 19.5977)
    5533 (20.5091, 10.7517) -> 9349 (20.7189, 10.2522)
    5534 (20.311, -2.32167) -> 9915 (20.2503, -2.95598)
    5535 (15.4947, 15.3976) -> 7398 (15.8435, 15.0896)
    5536 (23.0649, -0.0654946) -> 9389 (22.8995, -0.788424)
    5537 (21.1622, 11.1805) -> 9390 (21.6595, 10.3831)
    5538 (22.8546, -0.582253) -> 9389 (22.8995, -0.788424)
    5539 (10.7263, -4.07004) -> 9412 (10.6638, -3.46792)
    5540 (13.5111, 4.62838) -> 332 (12.8761, 3.94051)
    5541 (19.165, 26.3535) -> 8812 (19.4385, 25.8475)
    5542 (18.948, 2.43555) -> 7024 (18.7645, 2.34568)
    5543 (24.3477, 3.65543) -> 9211 (24.3906, 3.18139)
    5544 (13.9552, -3.14605) -> 8991 (13.2492, -3.16502)
    5545 (15.4596, 12.1629) -> 6833 (16.1625, 11.9133)
    5546 (22.7032, 13.2727) -> 9399 (22.7422, 12.4206)
    5547 (19.1207, 7.35562) -> 9575 (19.0425, 6.8933)
    5548 (2.10804, -0.179005) -> 8794 (1.72245, 0.474988)
    5549 (15.4909, 17.6368) -> 8198 (15.8637, 17.3351)
    5550 (18.2299, -2.10338) -> 9975 (18.3248, -2.13121)
    5551 (1.77706, 24.6961) -> 8036 (1.739, 24.2112)
    5552 (7.92425, 16.0226) -> 377 (7.17605, 15.7338)
    5553 (13.3818, 6.84553) -> 3022 (13.2591, 6.04123)
    5554 (7.31159, 7.49619) -> 9332 (6.51445, 7.31076)
    5555 (10.2535, 5.59266) -> 2400 (9.4708, 5.17044)
    5556 (10.0093, 0.355754) -> 9958 (9.2937, 0.0412097)
    5557 (19.9245, 9.13998) -> 6268 (20.0248, 8.48736)
    5558 (9.21434, 23.3139) -> 961 (9.00092, 23.1672)
    5559 (5.16694, 11.5255) -> 9757 (4.38063, 11.6837)
    5560 (17.0492, 17.148) -> 8539 (17.5621, 16.3382)
    5561 (21.4014, 24.6336) -> 9930 (21.577, 24.0955)
    5562 (2.5756, 16.9914) -> 3785 (2.0145, 16.5882)
    5563 (4.94066e-324, 6.9533e-310) -> 2209 (0.166112, 0.830897)
    5564 (20.3868, 12.5802) -> 9978 (20.723, 12.2576)
    5565 (23.5921, 27.1071) -> 8610 (24.1753, 26.4556)
    5566 (9.18599, 20.4467) -> 3544 (8.39955, 19.8333)
    5567 (2.54583, 26.9633) -> 7896 (2.44803, 26.1962)
    5568 (23.6492, -4.36982) -> 9726 (23.2265, -4.11043)
    5569 (0.584147, 4.25202) -> 9771 (0.60834, 4.90911)
    5570 (8.97012, 26.0757) -> 6414 (8.42746, 25.6886)
    5571 (17.4818, 15.1812) -> 7359 (17.603, 15.0229)
    5572 (2.21652, 3.58837) -> 9983 (2.01447, 3.84908)
    5573 (4.5603, 1.96046) -> 9622 (4.10851, 2.22235)
    5574 (2.17765, -2.4253) -> 7333 (1.88747, -1.72793)
    5575 (8.04655, 21.4535) -> 316 (7.34254, 21.1221)
    5576 (0.95751, -0.625157) -> 5649 (0.755394, 0.146161)
    5577 (0.996106, 5.51599) -> 9670 (0.369743, 6.16144)
    5578 (20.3668, -4.09818) -> 9381 (19.7652, -4.08398)
    5579 (21.2978, 18.9548) -> 8267 (21.7157, 18.0584)
    5580 (8.17841, 15.5183) -> 9563 (8.01939, 15.6594)
    5581 (4.2882, 2.87086) -> 6521 (3.91152, 3.52487)
    5582 (6.18668, 20.0275) -> 4644 (6.14169, 19.8948)
    5583 (12.1151, 16.0321) -> 4692 (12.4404, 16.6051)
    5584 (16.4728, 5.1955) -> 8858 (16.0512, 4.65368)
    5585 (3.23024, 4.18124) -> 8430 (2.60641, 4.6568)
    5586 (6.70475, 26.1623) -> 7208 (6.29744, 25.7107)
    5587 (21.2896, 12.1849) -> 9679 (21.7157, 11.5497)
    5588 (4.94066e-324, 6.9533e-310) -> 2209 (0.166112, 0.830897)
    5589 (4.12365, 27.5378) -> 9202 (3.68432, 26.85)
    5590 (9.42281, 24.6063) -> 9984 (9.59915, 24.5066)
    5591 (15.9234, 8.23116) -> 7613 (15.9533, 8.07585)
    5592 (7.61456, 16.4524) -> 6081 (6.94818, 16.2535)
    5593 (14.1997, 1.22088) -> 8651 (13.5134, 1.01477)
    5594 (0.207105, 2.12821) -> 3804 (0.287781, 2.65322)
    5595 (11.0369, 5.69403) -> 9981 (10.3015, 5.177)
    5596 (19.2494, 1.60805) -> 9597 (19.7636, 0.857945)
    5597 (8.87089, 20.84) -> 9142 (8.701, 20.8094)
    5598 (17.7212, 29.6422) -> 9770 (18.5591, 29.1173)
    5599 (23.3175, -4.37963) -> 5164 (22.594, -4.46382)
    5600 (12.614, 28.1587) -> 6114 (12.2557, 27.5831)
    5601 (16.9909, -0.884937) -> 9805 (16.2324, -1.14396)
    5602 (19.749, -2.65039) -> 9429 (19.281, -2.93859)
    5603 (9.83359, 27.5862) -> 7257 (9.35686, 27.3624)
    5604 (14.3785, 9.66532) -> 6516 (14.7572, 9.02222)
    5605 (0.299941, 12.917) -> 2386 (0.708946, 12.5773)
    5606 (12.8459, 25.277) -> 8978 (12.2203, 24.8575)
    5607 (17.9719, 28.815) -> 8161 (18.3626, 28.1779)
    5608 (24.903, 10.9291) -> 8109 (24.8273, 10.5302)
    5609 (1.36314, 28.3516) -> 7813 (1.55059, 27.7559)
    5610 (8.83515, 15.9934) -> 1351 (8.20095, 16.0684)
    5611 (5.64266, 5.53085) -> 6256 (5.16348, 5.68982)
    5612 (7.02176, 18.4633) -> 4543 (6.79943, 18.4282)
    5613 (8.62562, 22.4046) -> 8040 (7.92765, 22.0695)
    5614 (8.4504, 20.7037) -> 8459 (7.49675, 20.4623)
    5615 (2.85365, 9.97494) -> 9011 (2.51423, 10.3404)
    5616 (7.36412, 27.113) -> 7200 (7.08156, 26.5244)
    5617 (9.45792, 3.25607) -> 9193 (8.78865, 3.13542)
    5618 (23.9117, 10.1832) -> 7053 (23.7336, 9.89447)
    5619 (10.8174, 18.2414) -> 7483 (10.2702, 18.2026)
    5620 (2.86579, 19.7848) -> 9488 (2.59121, 19.5544)
    5621 (23.0789, 8.2445) -> 9438 (23.0415, 7.92733)
    5622 (5.66244, 3.14597) -> 9490 (4.76057, 3.01891)
    5623 (5.67995, 8.05612) -> 3980 (5.11254, 7.84551)
    5624 (2.96817, 4.63719) -> 7204 (2.24632, 5.00659)
    5625 (19.1374, 13.3001) -> 381 (19.0744, 12.6853)
    5626 (19.3763, 9.42427) -> 998 (19.315, 8.94883)
    5627 (0.908541, 22.4299) -> 3996 (1.01969, 22.1089)
    5628 (6.0919, 4.67252) -> 8584 (6.09774, 4.82679)
    5629 (4.93145, 12.6414) -> 6861 (4.447, 12.7592)
    5630 (9.46934, 19.0304) -> 902 (8.92736, 18.7297)
    5631 (24.6896, -0.595584) -> 7206 (24.152, -0.828586)
    5632 (6.36567, 16.6352) -> 9288 (5.41436, 16.5133)
    5633 (6.20852, 25.5635) -> 5258 (5.48377, 25.1062)
    5634 (12.3383, 19.9346) -> 9431 (11.6213, 19.6779)
    5635 (13.2372, 24.1758) -> 341 (12.9053, 23.989)
    5636 (22.4983, 24.5553) -> 861 (22.3922, 24.044)
    5637 (10.016, 19.5161) -> 6735 (9.64663, 19.189)
    5638 (12.3342, 0.35182) -> 9605 (11.6427, 0.870116)
    5639 (22.3033, 3.60869) -> 7862 (21.7106, 3.24621)
    5640 (19.3886, -4.5835) -> 7885 (18.9915, -4.42694)
    5641 (22.5943, 15.1533) -> 9516 (22.7409, 14.7587)
    5642 (24.3255, 19.5874) -> 4156 (24.6057, 18.7038)
    5643 (14.943, 10.5777) -> 8541 (15.757, 10.5315)
    5644 (20.5533, 6.5184) -> 9752 (20.259, 5.87419)
    5645 (10.227, -0.22804) -> 9958 (9.2937, 0.0412097)
    5646 (8.26665, 15.9445) -> 1696 (7.50209, 15.9409)
    5647 (0.387617, 12.6962) -> 2386 (0.708946, 12.5773)
    5648 (6.95285, 23.7603) -> 8612 (6.47959, 23.1942)
    5649 (0.755394, 0.146161) -> 9623 (0.664097, 0.892402)
    5650 (4.94066e-324, 6.9533e-310) -> 2209 (0.166112, 0.830897)
    5651 (24.252, 12.6221) -> 8027 (24.4422, 12.1158)
    5652 (13.0395, -3.20422) -> 3376 (12.1438, -3.09629)
    5653 (14.1052, -0.320966) -> 9945 (13.6527, -0.610638)
    5654 (5.16637, 4.9592) -> 8635 (4.59025, 4.69262)
    5655 (4.18042, 19.1746) -> 9560 (3.65627, 18.7505)
    5656 (8.66486, 21.8757) -> 5575 (8.04655, 21.4535)
    5657 (7.79026, 18.7163) -> 5612 (7.02176, 18.4633)
    5658 (20.0634, -4.52332) -> 8897 (19.3954, -4.97639)
    5659 (14.3753, 29.3549) -> 8382 (13.7631, 28.634)
    5660 (24.7712, 24.9916) -> 6826 (24.8308, 24.1448)
    5661 (20.5423, 19.868) -> 8269 (20.499, 19.9309)
    5662 (14.7561, 11.2132) -> 9871 (15.2784, 10.8102)
    5663 (23.6275, -0.01683) -> 9058 (23.1261, -0.71879)
    5664 (18.1815, -4.52341) -> 9989 (17.6577, -4.36271)
    5665 (2.32928, 16.2062) -> 9283 (1.89279, 15.6427)
    5666 (22.2131, 29.4435) -> 7009 (22.5723, 28.8653)
    5667 (23.5148, 21.9096) -> 9325 (24.0041, 21.3909)
    5668 (13.0586, -3.22956) -> 3376 (12.1438, -3.09629)
    5669 (20.4049, 12.5384) -> 9978 (20.723, 12.2576)
    5670 (4.94066e-324, 6.9533e-310) -> 2209 (0.166112, 0.830897)
    5671 (13.8287, 26.0864) -> 9066 (13.2577, 25.5784)
    5672 (3.08947, 1.82977) -> 9860 (2.92214, 2.12143)
    5673 (2.60153, 26.2815) -> 8793 (2.5065, 25.7061)
    5674 (22.0261, 17.1268) -> 9832 (22.5359, 16.3882)
    5675 (5.59039, 18.4572) -> 8412 (4.71518, 18.0188)
    5676 (7.72794, 25.138) -> 9025 (7.35989, 24.6915)
    5677 (19.6376, 22.2254) -> 6920 (19.7027, 21.6526)
    5678 (4.50464, 12.1097) -> 5093 (3.64459, 12.0149)
    5679 (22.9941, 22.1407) -> 8488 (23.2144, 21.2385)
    5680 (1.04464, 24.2002) -> 9906 (0.981537, 23.6141)
    5681 (0.754243, -0.715496) -> 3720 (0.589593, 0.203066)
    5682 (18.2816, 23.8808) -> 6434 (18.1776, 22.9107)
    5683 (10.7693, 17.7101) -> 8717 (10.0046, 17.522)
    5684 (18.6677, -3.95783) -> 9943 (18.0602, -3.77262)
    5685 (6.09039, 16.7556) -> 9288 (5.41436, 16.5133)
    5686 (19.3846, 17.9242) -> 8568 (19.8138, 17.2062)
    5687 (7.76435, 20.5575) -> 2484 (6.92622, 20.2784)
    5688 (3.35845, 7.50652) -> 6830 (2.76537, 7.6764)
    5689 (5.74037, 8.07055) -> 3980 (5.11254, 7.84551)
    5690 (5.58694, -3.62846) -> 9711 (5.18476, -3.92025)
    5691 (0.770452, 22.8574) -> 8813 (0.64719, 22.3086)
    5692 (23.7929, 1.92228) -> 7463 (23.3832, 1.84679)
    5693 (21.2417, 4.25583) -> 9604 (21.1055, 3.78025)
    5694 (24.1058, 29.9372) -> 8602 (24.1427, 29.701)
    5695 (20.0955, 27.9577) -> 8455 (20.4361, 27.0784)
    5696 (5.76091, 4.76887) -> 8584 (6.09774, 4.82679)
    5697 (4.52685, 4.38243) -> 8986 (3.70474, 4.22491)
    5698 (16.2089, 17.5704) -> 8411 (16.8437, 16.9815)
    5699 (24.4525, 7.06568) -> 9323 (24.8824, 6.72749)
    5700 (9.98157, 6.25407) -> 9880 (9.86458, 5.9157)
    5701 (4.48096, 21.6615) -> 5227 (3.98278, 20.8286)
    5702 (10.8113, 8.05394) -> 3715 (10.695, 7.58515)
    5703 (24.386, -2.87332) -> 9640 (24.5326, -2.89152)
    5704 (3.50013, 17.3519) -> 2099 (2.98584, 16.9141)
    5705 (0.567855, 20.7243) -> 2832 (0.617128, 20.086)
    5706 (9.27544, 20.3831) -> 5189 (8.57124, 20.2631)
    5707 (4.2644, 7.58764) -> 5338 (3.68025, 7.96469)
    5708 (16.0107, 19.4937) -> 4804 (16.507, 18.9997)
    5709 (19.8137, 6.37861) -> 9782 (19.531, 5.64225)
    5710 (17.5424, 11.164) -> 9557 (17.9772, 10.4207)
    5711 (15.7513, 22.3918) -> 9086 (16.275, 22.0557)
    5712 (21.2907, 22.5762) -> 9853 (21.2865, 21.9516)
    5713 (15.1917, 9.92418) -> 6999 (15.3541, 9.76659)
    5714 (1.30963, 14.7193) -> 0 (1, 15)
    5715 (23.3014, -3.69452) -> 9726 (23.2265, -4.11043)
    5716 (15.3068, 29.0872) -> 9919 (15.1888, 28.2959)
    5717 (5.85093, 20.7199) -> 9091 (5.24053, 20.0451)
    5718 (4.98048, 13.8008) -> 2241 (4.36374, 13.1571)
    5719 (21.5396, 5.04526) -> 8836 (21.3986, 4.61451)
    5720 (1.39134, -4.42069) -> 9511 (1.33923, -3.99781)
    5721 (11.5549, 0.763732) -> 5031 (10.8558, 0.639079)
    5722 (12.0773, -0.783896) -> 9190 (11.4666, -0.472036)
    5723 (6.03965, 19.5951) -> 5119 (5.46343, 19.2105)
    5724 (13.1754, 16.8386) -> 6002 (13.9571, 16.769)
    5725 (18.7421, 12.6695) -> 9789 (19.4668, 12.7325)
    5726 (18.804, 9.04555) -> 9218 (19.0052, 8.4387)
    5727 (3.59718, -3.743) -> 8687 (3.08273, -3.46787)
    5728 (16.7264, 23.1656) -> 9720 (17.0315, 22.9447)
    5729 (16.7729, 2.25774) -> 9364 (15.822, 2.10096)
    5730 (0.706917, 9.8036) -> 3974 (0.628429, 10.2371)
    5731 (12.5863, 4.57326) -> 8969 (12.5012, 3.68019)
    5732 (16.002, 27.5287) -> 7432 (16.4319, 26.7419)
    5733 (19.2661, 23.9575) -> 9037 (19.2056, 23.2514)
    5734 (2.88203, -1.20869) -> 5284 (2.77924, -1.09492)
    5735 (21.965, 20.0455) -> 8838 (22.0327, 19.5594)
    5736 (14.0722, 26.6031) -> 8970 (13.4393, 26.0995)
    5737 (4.94066e-324, 6.9533e-310) -> 2209 (0.166112, 0.830897)
    5738 (8.4443, 5.25963) -> 8475 (7.79387, 5.13028)
    5739 (8.0773, -1.9966) -> 8668 (7.25129, -1.94264)
    5740 (1.59007, 21.244) -> 7664 (1.45146, 20.8162)
    5741 (22.8186, 14.3747) -> 8569 (22.893, 13.9877)
    5742 (14.7491, 24.8845) -> 8783 (14.8428, 23.9884)
    5743 (17.0454, 26.8159) -> 8425 (16.879, 26.1705)
    5744 (17.8461, -3.72471) -> 9133 (17.2243, -3.72268)
    5745 (20.417, 17.6985) -> 6507 (21.0116, 16.9845)
    5746 (20.3251, 2.05987) -> 8209 (19.7104, 1.27863)
    5747 (17.0656, 28.5242) -> 9338 (17.6171, 27.7901)
    5748 (22.6332, 20.2414) -> 8787 (22.8547, 20.2843)
    5749 (10.4228, 23.5945) -> 8948 (9.59698, 23.3867)
    5750 (22.9683, 12.6508) -> 9056 (23.2886, 11.735)
    5751 (21.9806, 0.921063) -> 9964 (22.058, 0.785503)
    5752 (2.60106, 19.172) -> 1260 (2.19128, 18.6601)
    5753 (14.4725, 10.7616) -> 8355 (15.0164, 10.0945)
    5754 (20.8243, -2.72852) -> 9915 (20.2503, -2.95598)
    5755 (24.0713, 21.469) -> 8402 (24.2934, 21.0107)
    5756 (7.10105, -2.74716) -> 9688 (6.6611, -3.01215)
    5757 (2.10943, -3.02062) -> 8755 (1.91978, -2.93595)
    5758 (18.3903, -4.08637) -> 9943 (18.0602, -3.77262)
    5759 (3.47286, 27.1124) -> 6891 (3.16113, 26.2176)
    5760 (13.9571, 17.5214) -> 8199 (14.5889, 17.0264)
    5761 (22.7113, 16.7388) -> 7516 (22.927, 15.7924)
    5762 (7.81856, 0.943022) -> 9775 (7.20673, 1.28013)
    5763 (12.4671, -1.66037) -> 6212 (11.7422, -1.77934)
    5764 (22.1024, 7.0396) -> 9255 (21.467, 6.32923)
    5765 (3.16381, 0.902761) -> 9165 (3.30978, 1.20797)
    5766 (24.5597, 29.35) -> 7402 (24.7256, 28.7166)
    5767 (16.554, 15.371) -> 9526 (16.4773, 15.4792)
    5768 (13.7951, 0.120558) -> 9647 (13.1705, 0.191776)
    5769 (21.4235, 9.16) -> 6613 (20.9375, 8.4487)
    5770 (2.51875, 5.78619) -> 9504 (2.60122, 5.86629)
    5771 (21.2747, -2.04829) -> 9535 (20.9567, -1.51656)
    5772 (24.0562, 20.4954) -> 5642 (24.3255, 19.5874)
    5773 (12.9781, 16.8694) -> 9530 (13.9367, 17.1162)
    5774 (16.4094, 20.2257) -> 6427 (16.6228, 20.1679)
    5775 (1.07518, 7.94715) -> 9669 (0.632862, 8.68671)
    5776 (22.4105, 27.9756) -> 9663 (22.4081, 27.2264)
    5777 (18.3691, 12.0297) -> 6436 (18.6949, 11.7779)
    5778 (18.5475, 25.2595) -> 9628 (19.1227, 25.0368)
    5779 (24.6279, 4.17343) -> 9269 (24.0513, 4.14392)
    5780 (12.368, 5.2934) -> 8480 (12.0753, 4.78082)
    5781 (10.7451, 27.2063) -> 8492 (10.2183, 26.8755)
    5782 (4.94066e-324, 6.9533e-310) -> 2209 (0.166112, 0.830897)
    5783 (6.48407, -1.4911) -> 9754 (5.9208, -0.959928)
    5784 (23.3625, 20.0154) -> 9552 (23.9182, 19.3734)
    5785 (14.7117, 4.5597) -> 8973 (14.592, 4.46589)
    5786 (14.2802, 17.7215) -> 205 (14.7575, 17.4879)
    5787 (15.787, 6.16968) -> 6064 (15.4117, 5.32558)
    5788 (24.8496, 11.641) -> 5608 (24.903, 10.9291)
    5789 (8.65493, -0.0924839) -> 8262 (8.6584, -0.0229426)
    5790 (16.2841, 15.5243) -> 9526 (16.4773, 15.4792)
    5791 (4.94066e-324, 6.9533e-310) -> 2209 (0.166112, 0.830897)
    5792 (2.45195, 7.14666) -> 8294 (2.00925, 7.35239)
    5793 (5.01369, 9.21382) -> 9049 (4.08129, 9.43563)
    5794 (17.3891, 14.6878) -> 7725 (18.0116, 14.1302)
    5795 (3.32215, 22.6048) -> 8356 (3.0774, 21.9682)
    5796 (18.4913, 18.8633) -> 8691 (18.5837, 17.9092)
    5797 (20.865, 5.76645) -> 9617 (20.9253, 5.32649)
    5798 (21.2519, 12.215) -> 9679 (21.7157, 11.5497)
    5799 (2.72734, 17.3295) -> 3968 (2.27528, 16.8834)
    5800 (4.55885, 14.228) -> 9730 (3.95423, 13.7293)
    5801 (8.10488, -2.65333) -> 7557 (8.14387, -2.59039)
    5802 (18.6437, 28.2131) -> 8965 (18.5353, 27.9729)
    5803 (11.0181, 8.59512) -> 5702 (10.8113, 8.05394)
    5804 (20.281, 15.8304) -> 1224 (20.7596, 15.1484)
    5805 (5.85642, 14.4931) -> 7668 (5.24586, 13.9615)
    5806 (3.74826, 18.0321) -> 7213 (3.47991, 17.7787)
    5807 (7.49127, 14.9392) -> 9800 (7.2228, 14.6402)
    5808 (9.12354, 22.7188) -> 2853 (8.59951, 22.4954)
    5809 (16.8733, 17.8063) -> 7197 (17.4949, 17.0275)
    5810 (8.50345, -4.80336) -> 7400 (7.76193, -4.5927)
    5811 (13.7766, 24.0365) -> 8538 (14.1331, 23.1649)
    5812 (24.6806, 29.5589) -> 9047 (24.7353, 29.0347)
    5813 (23.8392, -1.00818) -> 9279 (23.0051, -1.03708)
    5814 (15.2262, 20.8972) -> 8248 (15.2181, 20.6357)
    5815 (8.62664, 25.2751) -> 9868 (8.57752, 25.2604)
    5816 (17.4293, 8.78477) -> 8365 (17.5945, 8.39956)
    5817 (8.71127, 3.31811) -> 9193 (8.78865, 3.13542)
    5818 (10.0844, 20.5924) -> 8299 (9.69712, 20.3173)
    5819 (21.8237, 20.725) -> 8593 (21.3701, 19.9716)
    5820 (7.94446, 21.1004) -> 2858 (7.67072, 21.1558)
    5821 (18.2975, -0.259167) -> 6450 (17.3244, -0.414198)
    5822 (24.8253, -2.6022) -> 9640 (24.5326, -2.89152)
    5823 (16.0991, 14.4726) -> 9391 (16.4269, 14.0052)
    5824 (11.1815, 23.6235) -> 9806 (10.6273, 22.9376)
    5825 (4.06755, 6.40776) -> 8432 (3.63525, 7.10834)
    5826 (4.94066e-324, 6.9533e-310) -> 2209 (0.166112, 0.830897)
    5827 (9.43359, -2.04466) -> 6220 (8.78496, -1.83037)
    5828 (0.680615, 13.1806) -> 9761 (0.739072, 13.7146)
    5829 (15.8567, 24.0736) -> 8714 (16.2841, 23.2535)
    5830 (14.8024, 28.144) -> 8396 (14.4935, 27.9549)
    5831 (10.63, 2.99288) -> 8579 (10.4415, 2.27051)
    5832 (13.9452, 25.8689) -> 9066 (13.2577, 25.5784)
    5833 (2.15926, 26.6695) -> 9712 (1.99212, 26.3583)
    5834 (24.7287, 22.8382) -> 8138 (24.9784, 22.2338)
    5835 (13.9558, 14.4758) -> 4150 (14.3472, 14.5721)
    5836 (20.2699, 16.6339) -> 9840 (20.6155, 16.1114)
    5837 (1.90988, 1.49311) -> 9899 (1.57877, 1.38033)
    5838 (4.1892, 5.32178) -> 9835 (3.409, 5.65846)
    5839 (3.59724, -1.19196) -> 9953 (3.12525, -0.406663)
    5840 (0.780403, 16.4614) -> 4937 (0.72761, 15.916)
    5841 (24.2774, 24.8655) -> 9209 (24.5727, 24.0743)
    5842 (15.2029, 9.55633) -> 8882 (15.7357, 8.89611)
    5843 (2.03236, -0.0818064) -> 8794 (1.72245, 0.474988)
    5844 (5.72192, 7.36643) -> 8754 (5.05466, 7.47058)
    5845 (17.4033, 28.6634) -> 9338 (17.6171, 27.7901)
    5846 (8.89151, 25.5049) -> 8707 (8.141, 25.1419)
    5847 (10.5935, 3.34883) -> 4455 (9.6498, 3.09724)
    5848 (13.6509, 22.0541) -> 9676 (14.1971, 21.2212)
    5849 (14.0648, 15.2916) -> 9179 (14.6409, 15.3201)
    5850 (23.726, 29.8484) -> 8698 (23.8901, 29.2728)
    5851 (2.419, 11.4305) -> 7845 (1.67331, 11.356)
    5852 (21.4776, 22.4352) -> 9853 (21.2865, 21.9516)
    5853 (19.8685, 1.7007) -> 9597 (19.7636, 0.857945)
    5854 (22.5317, 1.60046) -> 9964 (22.058, 0.785503)
    5855 (17.7723, 20.4958) -> 9938 (17.7985, 19.8569)
    5856 (0.126897, 24.1486) -> 9182 (0.282523, 23.504)
    5857 (2.09395, 24.2925) -> 1860 (1.86948, 23.879)
    5858 (1.64958, -1.94757) -> 7144 (1.63626, -1.61828)
    5859 (16.6595, 19.2371) -> 8833 (16.9702, 18.9073)
    5860 (23.4186, -1.99538) -> 9973 (23.0257, -1.60631)
    5861 (3.71259, 27.2338) -> 9202 (3.68432, 26.85)
    5862 (6.42451, 2.59068) -> 9634 (5.65937, 2.39279)
    5863 (9.65822, 7.72978) -> 2998 (9.2301, 7.12222)
    5864 (22.0683, 11.9204) -> 9456 (22.4115, 11.6165)
    5865 (1.85202, 27.9103) -> 8592 (1.82304, 27.1542)
    5866 (22.7263, 16.5641) -> 7516 (22.927, 15.7924)
    5867 (13.6675, -1.22696) -> 9266 (13.2428, -1.79468)
    5868 (14.5776, 7.47612) -> 7873 (14.5118, 7.03441)
    5869 (15.2703, 14.8471) -> 7766 (15.7956, 14.4151)
    5870 (24.4901, 17.1704) -> 5417 (24.5721, 16.3977)
    5871 (5.42825, 9.1805) -> 5793 (5.01369, 9.21382)
    5872 (23.8107, 14.8627) -> 1992 (23.9375, 14.4847)
    5873 (23.3208, 22.9474) -> 7527 (23.4984, 22.489)
    5874 (22.8479, -0.359728) -> 9389 (22.8995, -0.788424)
    5875 (9.93953, 8.13117) -> 8280 (9.71892, 7.67095)
    5876 (3.26311, 12.2701) -> 8615 (3.02978, 12.2322)
    5877 (17.8599, 3.54861) -> 9823 (18.2369, 3.11152)
    5878 (2.98996, 2.4696) -> 4126 (2.51627, 3.31281)
    5879 (19.7747, 9.54747) -> 9961 (19.7118, 9.24112)
    5880 (16.2966, 0.273749) -> 1459 (15.7224, 0.034858)
    5881 (0.859573, 28.5564) -> 9110 (0.885463, 27.5911)
    5882 (1.39894, 14.4109) -> 0 (1, 15)
    5883 (4.42457, 8.80221) -> 9834 (3.63594, 8.83872)
    5884 (23.1638, -1.87969) -> 9973 (23.0257, -1.60631)
    5885 (14.5667, 0.311165) -> 9642 (14.6074, 0.00629434)
    5886 (13.1232, 25.3443) -> 1889 (12.5786, 24.8218)
    5887 (20.937, 5.34658) -> 9617 (20.9253, 5.32649)
    5888 (21.3041, 20.0532) -> 8593 (21.3701, 19.9716)
    5889 (5.42569, -3.45743) -> 9732 (4.53778, -3.19324)
    5890 (0.981942, 4.35605) -> 9771 (0.60834, 4.90911)
    5891 (17.6886, 20.7937) -> 3627 (17.9137, 20.048)
    5892 (10.1231, 27.387) -> 3920 (9.36004, 26.8247)
    5893 (15.6671, 26.6057) -> 9045 (15.9272, 25.6982)
    5894 (18.3173, 25.1073) -> 8736 (18.8493, 24.4475)
    5895 (12.6714, 19.8838) -> 9324 (12.8082, 19.8509)
    5896 (8.10208, 19.4146) -> 9485 (7.27682, 19.1071)
    5897 (22.9862, 12.172) -> 9056 (23.2886, 11.735)
    5898 (13.9503, 14.8448) -> 4177 (14.4062, 14.7514)
    5899 (13.8679, 25.8929) -> 5886 (13.1232, 25.3443)
    5900 (23.1618, 2.34318) -> 3176 (22.6817, 1.9979)
    5901 (14.4319, 14.1109) -> 4187 (15.2736, 14.031)
    5902 (4.01188, 14.049) -> 6129 (3.2249, 14.3715)
    5903 (4.59469, 20.7432) -> 7856 (4.11063, 20.0093)
    5904 (4.43502, 6.49959) -> 8927 (4.16209, 6.85961)
    5905 (8.0095, 7.40285) -> 3549 (7.39037, 7.33058)
    5906 (21.0299, 29.0928) -> 9921 (21.4942, 28.5727)
    5907 (9.94502, 0.396218) -> 9958 (9.2937, 0.0412097)
    5908 (17.637, 14.3084) -> 7725 (18.0116, 14.1302)
    5909 (3.44588, 13.4567) -> 7982 (3.32142, 13.1414)
    5910 (4.94521, -3.35479) -> 9732 (4.53778, -3.19324)
    5911 (18.2315, 29.6331) -> 9159 (18.4943, 28.9078)
    5912 (11.7374, 25.3343) -> 9467 (10.8705, 24.9355)
    5913 (22.4802, 7.25409) -> 9911 (22.3155, 6.58706)
    5914 (18.5702, 19.5755) -> 8924 (18.6194, 19.1532)
    5915 (2.62844, 28.7514) -> 7904 (2.59627, 27.9608)
    5916 (18.6402, 10.818) -> 9219 (19.0359, 9.9944)
    5917 (19.2704, 2.81078) -> 7024 (18.7645, 2.34568)
    5918 (13.9115, 3.66712) -> 7628 (13.2286, 2.95429)
    5919 (24.7564, 18.7382) -> 6987 (24.5863, 17.8868)
    5920 (8.8284, 25.5202) -> 8707 (8.141, 25.1419)
    5921 (2.63245, 20.4348) -> 7130 (2.49232, 20.1438)
    5922 (13.6108, 27.6565) -> 9785 (13.0508, 27.4329)
    5923 (13.5246, 10.9036) -> 6451 (14.0715, 10.6594)
    5924 (22.9844, 17.8668) -> 8861 (22.721, 17.3686)
    5925 (1.18342, 9.93429) -> 8646 (0.835645, 10.7329)
    5926 (19.8572, -1.10035) -> 7365 (19.7275, -1.18008)
    5927 (10.2581, 20.8112) -> 8299 (9.69712, 20.3173)
    5928 (15.6094, 21.774) -> 2997 (16.1417, 20.9628)
    5929 (7.69609, 27.9192) -> 9638 (7.47516, 27.4222)
    5930 (11.3211, 1.0541) -> 8137 (10.368, 0.919716)
    5931 (9.6642, -4.15523) -> 9586 (9.29755, -3.44694)
    5932 (1.10118, -4.95143) -> 9511 (1.33923, -3.99781)
    5933 (20.8265, 29.9483) -> 9457 (21.4067, 29.5231)
    5934 (8.66356, -0.0443893) -> 8262 (8.6584, -0.0229426)
    5935 (4.68752, 20.4923) -> 7856 (4.11063, 20.0093)
    5936 (19.3286, 14.1462) -> 9891 (19.3316, 13.3997)
    5937 (19.2595, 13.8331) -> 9891 (19.3316, 13.3997)
    5938 (24.4382, 8.60118) -> 8013 (24.3645, 8.68418)
    5939 (6.63465, 8.46812) -> 5689 (5.74037, 8.07055)
    5940 (3.35014, 2.26427) -> 9694 (3.16929, 2.43618)
    5941 (8.79155, -0.712093) -> 9992 (9.10122, -0.28248)
    5942 (6.41428, 6.71046) -> 1684 (5.80465, 6.75037)
    5943 (5.37098, 21.6085) -> 3153 (5.07191, 21.0613)
    5944 (18.6109, 15.7285) -> 1418 (18.9155, 15.2547)
    5945 (21.9508, 8.6908) -> 9702 (21.8401, 8.9074)
    5946 (0.630973, -2.15148) -> 640 (0.633118, -1.44942)
    5947 (8.84443, 26.3569) -> 8830 (8.2584, 25.6571)
    5948 (5.21519, 6.12568) -> 730 (4.84979, 6.2767)
    5949 (11.7366, 24.9461) -> 7006 (11.4314, 24.8508)
    5950 (0.833112, 18.9141) -> 64 (0.788981, 18.0639)
    5951 (12.9741, 20.297) -> 7295 (13.5085, 19.8331)
    5952 (1.71422, 9.28325) -> 1575 (1.5824, 9.41281)
    5953 (4.51218, 4.46971) -> 7427 (3.83103, 4.59171)
    5954 (19.4795, 12.8478) -> 9789 (19.4668, 12.7325)
    5955 (6.09192, 12.9401) -> 9378 (5.29581, 12.5988)
    5956 (13.8165, 1.71592) -> 7354 (13.2643, 1.20452)
    5957 (9.42882, 7.18471) -> 4879 (8.58855, 6.73272)
    5958 (20.7044, 18.8824) -> 6171 (20.9704, 17.9872)
    5959 (9.5065, 1.62702) -> 8923 (8.55208, 1.42984)
    5960 (24.0744, 10.2407) -> 7053 (23.7336, 9.89447)
    5961 (13.5159, 28.401) -> 9678 (13.4978, 28.3325)
    5962 (3.78742, 13.1434) -> 2115 (3.49568, 12.7103)
    5963 (16.4156, -1.30161) -> 8643 (16.1509, -1.42693)
    5964 (18.5933, 23.8766) -> 8339 (19.0695, 23.1736)
    5965 (24.5672, 25.7107) -> 6217 (24.6143, 25.3519)
    5966 (19.6177, 29.1193) -> 8240 (19.6934, 28.6095)
    5967 (3.81763, 27.7647) -> 9202 (3.68432, 26.85)
    5968 (6.31533, 16.0598) -> 9905 (5.42175, 16.2822)
    5969 (1.74135, -1.07752) -> 2307 (1.24613, -0.235456)
    5970 (22.7711, 18.501) -> 7795 (22.9876, 17.64)
    5971 (23.0038, 15.2852) -> 9544 (23.2561, 14.9038)
    5972 (21.3151, 5.60934) -> 9617 (20.9253, 5.32649)
    5973 (15.1983, 21.0798) -> 8248 (15.2181, 20.6357)
    5974 (12.5392, 17.2782) -> 2535 (13.1892, 17.3816)
    5975 (13.9639, 1.12126) -> 8651 (13.5134, 1.01477)
    5976 (21.3074, 26.1559) -> 7454 (21.3945, 26.0064)
    5977 (19.0116, 24.1574) -> 9037 (19.2056, 23.2514)
    5978 (0.790349, 16.0709) -> 9436 (0.940683, 15.128)
    5979 (0.146158, 28.1747) -> 7699 (0.247103, 27.7282)
    5980 (20.7777, 18.2761) -> 8578 (20.806, 17.4639)
    5981 (10.8754, 7.40856) -> 4628 (10.2379, 6.75099)
    5982 (13.5647, 5.66021) -> 8197 (12.9574, 5.01257)
    5983 (2.07353, 24.134) -> 1052 (1.76307, 23.3295)
    5984 (3.52541, 13.245) -> 9836 (3.22627, 12.8029)
    5985 (3.30864, 1.63299) -> 9860 (2.92214, 2.12143)
    5986 (22.5541, 17.4393) -> 8716 (22.5749, 16.5748)
    5987 (12.5517, 9.06594) -> 357 (12.6576, 8.37655)
    5988 (17.3194, 20.8848) -> 2872 (17.5294, 20.2119)
    5989 (22.9079, 19.1421) -> 7355 (23.0837, 18.8155)
    5990 (0.317352, 8.1557) -> 4889 (0.344905, 8.42588)
    5991 (19.5321, 21.5585) -> 8272 (20.0826, 20.9073)
    5992 (3.3994, -1.10791) -> 9739 (3.18773, -1.05705)
    5993 (24.3533, 24.323) -> 9209 (24.5727, 24.0743)
    5994 (13.9323, 10.8616) -> 9469 (14.3323, 10.6464)
    5995 (20.1271, 5.78443) -> 9617 (20.9253, 5.32649)
    5996 (14.0766, 10.031) -> 5604 (14.3785, 9.66532)
    5997 (18.5304, 21.292) -> 6077 (18.6866, 20.5297)
    5998 (4.44253, 15.494) -> 8092 (3.7371, 15.9486)
    5999 (11.1711, 0.0889326) -> 9908 (10.613, 0.28303)
    6000 (14.9117, 12.4501) -> 5545 (15.4596, 12.1629)
    6001 (3.53413, -0.177785) -> 9953 (3.12525, -0.406663)
    6002 (13.9571, 16.769) -> 8864 (14.6446, 16.458)
    6003 (6.36875, 4.02664) -> 8949 (5.50104, 3.79392)
    6004 (10.572, 22.1294) -> 1354 (9.96215, 21.5408)
    6005 (20.5144, 4.66474) -> 9443 (20.1435, 3.99057)
    6006 (6.0044, 7.82816) -> 6253 (5.11907, 7.6233)
    6007 (22.3109, 21.5163) -> 8790 (22.8271, 20.7777)
    6008 (0.442423, 2.95018) -> 3251 (0.809859, 3.66101)
    6009 (19.7216, 4.57399) -> 8976 (18.9956, 4.29517)
    6010 (20.7644, 12.605) -> 7968 (21.3347, 12.0545)
    6011 (22.9314, 29.6765) -> 5004 (23.4076, 29.1844)
    6012 (17.6431, 21.8706) -> 9316 (17.5425, 21.4605)
    6013 (4.03111, 2.02824) -> 9629 (3.41492, 2.53789)
    6014 (0.831793, 2.9491) -> 3251 (0.809859, 3.66101)
    6015 (14.9106, 26.6305) -> 8796 (14.813, 26.1938)
    6016 (3.36759, 17.4869) -> 5562 (2.5756, 16.9914)
    6017 (4.95609, 12.9752) -> 8694 (4.40878, 12.798)
    6018 (20.0682, 8.6846) -> 6790 (20.0394, 8.06216)
    6019 (2.78129, 13.7623) -> 8035 (1.97623, 14.3022)
    6020 (9.74855, 21.2186) -> 5597 (8.87089, 20.84)
    6021 (16.6265, 5.28406) -> 8858 (16.0512, 4.65368)
    6022 (2.67789, 4.01705) -> 9247 (2.18409, 4.68801)
    6023 (4.73091, 3.8929) -> 8516 (4.45446, 4.08793)
    6024 (2.36095, 16.1672) -> 9283 (1.89279, 15.6427)
    6025 (16.7409, 28.3479) -> 9085 (16.7658, 28.363)
    6026 (11.9118, 26.6218) -> 8554 (11.4479, 26.2543)
    6027 (15.2253, 8.74946) -> 9252 (15.3943, 8.52516)
    6028 (19.8495, 22.3347) -> 6920 (19.7027, 21.6526)
    6029 (2.33313, 0.163823) -> 5241 (2.0162, 0.525926)
    6030 (8.18807, 18.3467) -> 8896 (7.49378, 18.1043)
    6031 (0.557945, 17.6802) -> 7055 (0.608368, 17.0841)
    6032 (23.7376, 13.9289) -> 4525 (23.9789, 13.494)
    6033 (17.5053, 19.3702) -> 8100 (18.0624, 18.8288)
    6034 (1.57794, 15.1457) -> 0 (1, 15)
    6035 (20.9757, 9.68012) -> 9842 (21.2568, 9.19858)
    6036 (21.8785, -0.0283112) -> 7964 (20.9333, -0.137114)
    6037 (1.80512, 7.13071) -> 8307 (1.4125, 7.78754)
    6038 (6.27279, 21.1182) -> 7484 (5.51939, 20.6944)
    6039 (10.334, 20.8243) -> 8299 (9.69712, 20.3173)
    6040 (22.7966, 27.7264) -> 8701 (23.4223, 27.0456)
    6041 (10.1998, 26.4672) -> 8748 (9.84535, 26.344)
    6042 (4.74955, 23.4657) -> 4078 (4.15873, 22.8419)
    6043 (12.81, -4.834) -> 9721 (11.877, -4.70861)
    6044 (8.85971, 25.9491) -> 8662 (8.1193, 25.5054)
    6045 (11.5285, 28.3172) -> 9175 (11.3177, 28.1078)
    6046 (4.4437, 7.84259) -> 9226 (3.65008, 8.08757)
    6047 (21.5864, 16.4087) -> 9724 (20.9948, 15.6887)
    6048 (21.8007, 28.7608) -> 9358 (21.9535, 27.8032)
    6049 (17.2602, 4.92325) -> 9057 (16.8971, 4.2166)
    6050 (14.096, 9.54689) -> 9460 (14.3085, 8.6487)
    6051 (4.94066e-324, 6.9533e-310) -> 2209 (0.166112, 0.830897)
    6052 (11.4641, 4.48675) -> 8292 (11.5436, 3.87508)
    6053 (3.26343, -4.87497) -> 8620 (2.3515, -4.51526)
    6054 (7.04236, 5.35391) -> 9333 (6.90893, 4.83993)
    6055 (23.9967, 25.422) -> 3988 (24.2242, 24.7962)
    6056 (3.43596, 6.86939) -> 6385 (2.87623, 7.27973)
    6057 (8.06024, 28.4328) -> 3746 (7.94331, 28.2731)
    6058 (20.1658, 8.63622) -> 6790 (20.0394, 8.06216)
    6059 (11.4967, 27.189) -> 1587 (10.7859, 26.7988)
    6060 (12.6224, 3.44404) -> 8124 (12.2453, 2.87519)
    6061 (15.444, 24.8975) -> 9382 (15.5353, 24.1186)
    6062 (18.8725, 15.63) -> 8050 (19.002, 14.9491)
    6063 (5.86855, -3.77868) -> 9711 (5.18476, -3.92025)
    6064 (15.4117, 5.32558) -> 9271 (15.2877, 4.85785)
    6065 (6.48309, 0.0797238) -> 8878 (5.81492, 0.395682)
    6066 (24.5682, -2.22239) -> 9373 (23.8474, -1.8064)
    6067 (16.54, 16.8649) -> 6632 (16.6014, 16.8247)
    6068 (23.0782, 6.85206) -> 7953 (22.5882, 6.23504)
    6069 (13.396, 3.38053) -> 7628 (13.2286, 2.95429)
    6070 (6.26076, 10.0741) -> 4473 (5.46548, 9.87253)
    6071 (5.00225, 4.07607) -> 5697 (4.52685, 4.38243)
    6072 (23.4908, 11.0657) -> 8051 (23.7919, 10.1732)
    6073 (13.7142, 6.31791) -> 1313 (13.5241, 6.07188)
    6074 (9.00205, 21.4437) -> 9888 (8.25402, 21.0246)
    6075 (20.7161, 21.7243) -> 5410 (20.994, 20.8675)
    6076 (12.8412, 7.30861) -> 8800 (12.8018, 7.23026)
    6077 (18.6866, 20.5297) -> 7057 (18.9328, 19.6207)
    6078 (19.4638, 20.8283) -> 9299 (19.5164, 20.5824)
    6079 (19.1542, 4.10087) -> 8976 (18.9956, 4.29517)
    6080 (18.4403, 18.4702) -> 6771 (18.5164, 17.6522)
    6081 (6.94818, 16.2535) -> 8341 (6.1287, 16.3547)
    6082 (17.4765, 29.9209) -> 3467 (17.7503, 29.0839)
    6083 (5.44495, 24.1253) -> 8782 (5.26788, 24.0096)
    6084 (4.13578, 5.92614) -> 8123 (3.33319, 5.75113)
    6085 (14.1573, 4.7954) -> 9553 (13.6245, 5.08369)
    6086 (24.4071, -2.7499) -> 9640 (24.5326, -2.89152)
    6087 (1.02757, 22.7735) -> 1563 (0.960649, 22.5235)
    6088 (19.1315, 6.10024) -> 9782 (19.531, 5.64225)
    6089 (16.4252, -2.69797) -> 6561 (16.1445, -2.66182)
    6090 (13.0662, 16.6079) -> 9368 (13.291, 16.7778)
    6091 (16.462, 22.2342) -> 9186 (16.7163, 21.9207)
    6092 (7.52931, 27.5373) -> 9638 (7.47516, 27.4222)
    6093 (1.71936, 22.037) -> 9874 (1.54962, 21.3133)
    6094 (7.93212, 8.33013) -> 2774 (7.26571, 7.93234)
    6095 (17.8673, 23.4889) -> 6434 (18.1776, 22.9107)
    6096 (1.59342, 26.062) -> 2487 (1.44582, 25.3978)
    6097 (12.283, 15.8868) -> 9203 (12.6177, 16.3112)
    6098 (15.6423, 25.5916) -> 9896 (15.6726, 25.4094)
    6099 (15.1339, 26.1242) -> 9282 (15.5965, 25.4441)
    6100 (23.9491, 20.5825) -> 5772 (24.0562, 20.4954)
    6101 (17.1976, 19.9213) -> 9854 (17.5784, 19.4783)
    6102 (5.75829, 5.32832) -> 6699 (4.79909, 5.57327)
    6103 (6.32943, 1.8859) -> 6651 (5.65465, 2.29466)
    6104 (3.97013, 26.4157) -> 2530 (3.6093, 25.5138)
    6105 (24.8953, 13.042) -> 7681 (24.9063, 12.9314)
    6106 (7.31906, 24.1954) -> 5648 (6.95285, 23.7603)
    6107 (24.4312, 25.8174) -> 6217 (24.6143, 25.3519)
    6108 (24.5883, 18.887) -> 4002 (24.5458, 17.9923)
    6109 (4.94066e-324, 6.9533e-310) -> 2209 (0.166112, 0.830897)
    6110 (11.8461, 28.2032) -> 7000 (11.6779, 28.0619)
    6111 (1.62127, 8.11359) -> 9731 (1.47898, 8.34041)
    6112 (2.87702, 5.81371) -> 9504 (2.60122, 5.86629)
    6113 (2.84742, 6.56796) -> 825 (2.20238, 7.22752)
    6114 (12.2557, 27.5831) -> 7700 (11.8759, 26.8424)
    6115 (7.89754, 5.37877) -> 8673 (7.41163, 4.93186)
    6116 (8.38649, 11.3917) -> 6271 (7.76939, 11.1847)
    6117 (5.32552, 3.75163) -> 8516 (4.45446, 4.08793)
    6118 (11.166, -4.91634) -> 9937 (11.1852, -4.9897)
    6119 (16.1593, 16.0671) -> 9526 (16.4773, 15.4792)
    6120 (22.0738, -4.35041) -> 9419 (21.3847, -4.51843)
    6121 (23.8678, 24.9539) -> 2295 (24.1601, 24.5096)
    6122 (21.9056, 24.6284) -> 8041 (21.985, 24.2899)
    6123 (0.293641, 2.55011) -> 3804 (0.287781, 2.65322)
    6124 (11.1816, 9.00973) -> 673 (10.9987, 8.36129)
    6125 (13.54, 16.0886) -> 9683 (13.8977, 16.2036)
    6126 (13.8438, 17.5901) -> 8199 (14.5889, 17.0264)
    6127 (2.62364, -0.277309) -> 6029 (2.33313, 0.163823)
    6128 (14.703, 0.898791) -> 5398 (13.7869, 0.678835)
    6129 (3.2249, 14.3715) -> 7735 (2.47289, 14.6447)
    6130 (19.3871, 26.8891) -> 7920 (19.7876, 26.5123)
    6131 (4.41675, 5.04816) -> 9189 (4.00158, 5.32105)
    6132 (24.0767, 27.6808) -> 653 (24.3223, 26.7657)
    6133 (15.4567, 25.4321) -> 9282 (15.5965, 25.4441)
    6134 (11.2753, 24.095) -> 8350 (10.7921, 23.6855)
    6135 (2.27472, 19.7999) -> 8273 (1.75769, 18.9526)
    6136 (7.47472, -0.716753) -> 9388 (6.54471, -0.702637)
    6137 (9.73297, 26.5356) -> 9877 (9.20911, 26.2339)
    6138 (7.83608, 8.05493) -> 4562 (7.26559, 7.81012)
    6139 (17.4209, 19.703) -> 9854 (17.5784, 19.4783)
    6140 (18.3798, 24.7021) -> 9725 (18.5565, 24.0421)
    6141 (13.117, -3.81253) -> 1296 (12.2808, -3.68927)
    6142 (10.8939, 7.15132) -> 2336 (10.2241, 6.42624)
    6143 (23.2324, 15.2956) -> 9544 (23.2561, 14.9038)
    6144 (23.6261, 10.9932) -> 8051 (23.7919, 10.1732)
    6145 (7.63285, 26.1973) -> 6258 (6.96933, 25.809)
    6146 (2.01723, 19.6123) -> 8273 (1.75769, 18.9526)
    6147 (18.3454, 23.8891) -> 7773 (17.7713, 23.1155)
    6148 (23.3683, 14.6956) -> 5235 (23.4871, 14.0244)
    6149 (7.04745, 17.8101) -> 5411 (6.69633, 17.8593)
    6150 (21.8537, 20.2544) -> 8838 (22.0327, 19.5594)
    6151 (23.2124, 17.8981) -> 5531 (23.1291, 16.9742)
    6152 (1.18973, 4.42694) -> 9771 (0.60834, 4.90911)
    6153 (2.69115, 3.83249) -> 9247 (2.18409, 4.68801)
    6154 (2.30271, -0.417383) -> 887 (2.24742, -0.256697)
    6155 (5.34537, 24.9991) -> 739 (4.98097, 24.7556)
    6156 (24.1418, 9.88906) -> 9407 (24.0784, 9.23037)
    6157 (19.8709, 1.87472) -> 9178 (18.946, 1.78918)
    6158 (11.6056, 5.75123) -> 9662 (10.9453, 5.42681)
    6159 (17.3239, 1.3794) -> 9956 (17.41, 1.49152)
    6160 (0.0226086, 10.2322) -> 8867 (0.222486, 10.8832)
    6161 (1.14138, 17.1983) -> 5276 (1.3311, 16.3508)
    6162 (0.78365, 21.4178) -> 784 (0.665628, 20.7387)
    6163 (5.8384, 15.2276) -> 7740 (5.25224, 15.0626)
    6164 (15.6486, 22.1477) -> 5928 (15.6094, 21.774)
    6165 (19.49, 25.9279) -> 8812 (19.4385, 25.8475)
    6166 (19.5034, 27.0684) -> 7920 (19.7876, 26.5123)
    6167 (14.1553, 4.16783) -> 9417 (13.4638, 3.78141)
    6168 (8.27792, 22.2027) -> 8040 (7.92765, 22.0695)
    6169 (17.38, 14.0528) -> 8944 (17.7153, 13.4773)
    6170 (20.6403, 26.9258) -> 9821 (20.8804, 26.6582)
    6171 (20.9704, 17.9872) -> 8578 (20.806, 17.4639)
    6172 (10.7844, 5.67306) -> 9981 (10.3015, 5.177)
    6173 (13.5662, -0.516325) -> 9946 (12.6529, -0.647598)
    6174 (12.991, 25.1771) -> 7514 (12.3642, 24.5861)
    6175 (13.81, 14.6231) -> 4177 (14.4062, 14.7514)
    6176 (8.07575, 28.314) -> 6092 (7.52931, 27.5373)
    6177 (5.79399, 11.4409) -> 9650 (5.42521, 11.3344)
    6178 (10.7317, 6.7281) -> 2982 (10.4852, 6.00143)
    6179 (4.29552, 13.054) -> 2115 (3.49568, 12.7103)
    6180 (8.07859, 21.3031) -> 316 (7.34254, 21.1221)
    6181 (21.8435, 23.0305) -> 1366 (21.8579, 22.3667)
    6182 (11.4656, 23.9688) -> 8350 (10.7921, 23.6855)
    6183 (8.09475, -4.00658) -> 9214 (7.45285, -3.82146)
    6184 (14.6598, 12.9128) -> 7020 (15.2106, 12.8849)
    6185 (2.06642, 18.0399) -> 3669 (2.1132, 17.7962)
    6186 (14.0038, 19.1145) -> 7967 (14.5325, 18.554)
    6187 (14.2282, 20.8012) -> 9335 (14.2553, 20.4975)
    6188 (2.2813, 27.7829) -> 9285 (2.33747, 27.1318)
    6189 (22.8823, 19.0764) -> 430 (23.0658, 18.5646)
    6190 (15.9814, 18.1154) -> 7431 (16.5048, 17.2946)
    6191 (4.99114, 25.0953) -> 8468 (4.57319, 24.5941)
    6192 (7.85316, 21.7846) -> 558 (7.16321, 21.5225)
    6193 (0.257765, 9.8336) -> 9592 (0.399056, 10.5408)
    6194 (9.70459, 1.34333) -> 9932 (9.56734, 1.42349)
    6195 (12.0266, 7.33351) -> 4926 (11.594, 6.73993)
    6196 (1.1033, 29.6517) -> 9566 (1.20212, 29.2004)
    6197 (13.4696, -4.0571) -> 9284 (13.1482, -3.86833)
    6198 (5.04099, 29.6791) -> 9166 (5.0016, 28.8947)
    6199 (10.5931, -1.7604) -> 9893 (10.2057, -1.20739)
    6200 (22.2906, 10.9362) -> 7940 (22.434, 10.4268)
    6201 (10.0949, 18.6336) -> 9108 (9.25156, 18.4142)
    6202 (15.0328, 3.35931) -> 7478 (14.552, 3.08536)
    6203 (22.931, 7.49914) -> 7714 (22.6352, 7.07489)
    6204 (20.7213, 25.9293) -> 9715 (20.7906, 25.4123)
    6205 (24.607, -3.32274) -> 9640 (24.5326, -2.89152)
    6206 (22.6487, 17.2469) -> 8716 (22.5749, 16.5748)
    6207 (17.1171, 14.9028) -> 6733 (17.3283, 14.6842)
    6208 (2.89526, -4.68434) -> 8620 (2.3515, -4.51526)
    6209 (8.10023, 28.7334) -> 5929 (7.69609, 27.9192)
    6210 (15.5171, 23.016) -> 9991 (16.0558, 23.048)
    6211 (16.4738, 10.2347) -> 9995 (16.5775, 9.56869)
    6212 (11.7422, -1.77934) -> 4578 (11.3432, -1.80024)
    6213 (2.83863, 3.39968) -> 9983 (2.01447, 3.84908)
    6214 (17.9478, 26.6064) -> 9636 (18.6972, 26.3523)
    6215 (16.1578, 29.0607) -> 8815 (16.2067, 28.1321)
    6216 (23.4181, 21.6588) -> 8849 (23.5738, 21.1416)
    6217 (24.6143, 25.3519) -> 4656 (24.721, 24.6252)
    6218 (19.6046, -1.36072) -> 9641 (18.7067, -1.33456)
    6219 (21.7734, 7.92013) -> 9950 (21.7957, 7.14588)
    6220 (8.78496, -1.83037) -> 6648 (8.20856, -1.52906)
    6221 (15.6296, 7.01659) -> 8093 (15.6362, 6.85349)
    6222 (21.3584, -0.872335) -> 9195 (21.1749, -0.952623)
    6223 (24.4283, 12.5177) -> 9779 (24.2182, 11.5785)
    6224 (3.02985, 21.6655) -> 9301 (2.63217, 21.0674)
    6225 (12.138, 25.5798) -> 8503 (11.9437, 25.2164)
    6226 (24.981, 25.1506) -> 5150 (24.6611, 24.2572)
    6227 (17.7623, 15.0413) -> 7725 (18.0116, 14.1302)
    6228 (6.90446, 9.66548) -> 6246 (6.39925, 9.45582)
    6229 (8.36252, 10.8792) -> 4469 (7.81064, 10.3323)
    6230 (5.08495, 0.431146) -> 9723 (4.17902, 0.466787)
    6231 (8.23545, 7.1878) -> 8300 (7.90977, 6.94328)
    6232 (7.34015, 19.643) -> 6761 (6.54828, 19.2087)
    6233 (3.05259, -4.71867) -> 8620 (2.3515, -4.51526)
    6234 (19.3068, 8.05098) -> 8321 (19.4762, 7.27737)
    6235 (7.15674, 25.1427) -> 9449 (6.7864, 24.8311)
    6236 (12.4428, 18.2044) -> 8814 (12.8181, 18.2275)
    6237 (3.88314, 3.98132) -> 8986 (3.70474, 4.22491)
    6238 (6.50634, 28.362) -> 4824 (6.12432, 27.5574)
    6239 (10.6241, 3.7935) -> 3136 (9.81765, 3.39733)
    6240 (12.7787, 4.47033) -> 8969 (12.5012, 3.68019)
    6241 (6.14078, -2.94429) -> 9746 (5.36219, -2.64142)
    6242 (21.5431, 27.7326) -> 9362 (21.9851, 26.9842)
    6243 (20.247, 20.1262) -> 8269 (20.499, 19.9309)
    6244 (5.52793, 12.0659) -> 6824 (4.71097, 12.1606)
    6245 (0.571143, 12.0149) -> 8435 (1.08692, 12.4774)
    6246 (6.39925, 9.45582) -> 2276 (6.20217, 9.40363)
    6247 (19.7935, 11.4251) -> 7372 (20.2775, 10.8632)
    6248 (20.0019, 4.38723) -> 9443 (20.1435, 3.99057)
    6249 (14.0672, 8.75882) -> 599 (14.39, 8.04444)
    6250 (21.233, 24.3465) -> 2877 (21.4791, 23.8644)
    6251 (9.72687, 24.2579) -> 4129 (9.21815, 23.9175)
    6252 (14.0297, 2.62766) -> 8030 (13.7662, 2.28504)
    6253 (5.11907, 7.6233) -> 8916 (4.5357, 7.62374)
    6254 (17.3252, 28.3662) -> 9664 (17.6332, 27.4693)
    6255 (24.3912, 20.0102) -> 9967 (24.5936, 19.0836)
    6256 (5.16348, 5.68982) -> 8055 (4.61906, 5.72172)
    6257 (4.94066e-324, 6.9533e-310) -> 2209 (0.166112, 0.830897)
    6258 (6.96933, 25.809) -> 5489 (6.75049, 25.4842)
    6259 (14.4, 19.5403) -> 9829 (14.5795, 18.9662)
    6260 (7.61402, 24.9935) -> 9025 (7.35989, 24.6915)
    6261 (22.7279, 2.37451) -> 9120 (21.8747, 2.44149)
    6262 (22.02, 28.5629) -> 9749 (22.0067, 27.8435)
    6263 (19.8438, -4.38985) -> 7885 (18.9915, -4.42694)
    6264 (14.3144, 2.61856) -> 9470 (13.9559, 2.8589)
    6265 (0.00801239, 25.4202) -> 907 (0.304139, 24.4864)
    6266 (13.4677, 5.12909) -> 9553 (13.6245, 5.08369)
    6267 (5.75424, -1.54681) -> 9625 (5.06778, -1.6814)
    6268 (20.0248, 8.48736) -> 7993 (19.6789, 7.6047)
    6269 (2.6996, 10.3751) -> 8127 (1.87237, 10.8933)
    6270 (12.869, 6.85388) -> 720 (12.1773, 6.2613)
    6271 (7.76939, 11.1847) -> 4293 (7.29948, 10.4889)
    6272 (22.8128, 26.1723) -> 3624 (23.1333, 25.6948)
    6273 (3.70418, 0.752806) -> 9165 (3.30978, 1.20797)
    6274 (1.18617, 13.0621) -> 9968 (1.11892, 14.0458)
    6275 (24.7359, 0.31593) -> 9635 (24.279, 0.978398)
    6276 (18.8834, 14.1893) -> 2599 (18.9036, 13.5706)
    6277 (10.9869, 28.0858) -> 8650 (10.8446, 28.0254)
    6278 (22.4156, 4.21795) -> 7704 (21.6358, 3.89747)
    6279 (18.9827, 24.8782) -> 9940 (19.2688, 24.123)
    6280 (20.3844, 26.3083) -> 9715 (20.7906, 25.4123)
    6281 (22.9557, 27.9614) -> 6663 (22.9621, 27.9263)
    6282 (14.2384, 10.7952) -> 9320 (14.7666, 10.0416)
    6283 (3.38465, 12.3197) -> 8615 (3.02978, 12.2322)
    6284 (13.9916, 12.5782) -> 6000 (14.9117, 12.4501)
    6285 (17.2254, -1.71034) -> 9235 (16.7742, -1.53426)
    6286 (3.29236, 18.7796) -> 5076 (2.81067, 18.1494)
    6287 (18.255, 29.3985) -> 9159 (18.4943, 28.9078)
    6288 (2.64261, 29.6783) -> 5915 (2.62844, 28.7514)
    6289 (4.94066e-324, 6.9533e-310) -> 2209 (0.166112, 0.830897)
    6290 (1.20511, 4.11549) -> 9771 (0.60834, 4.90911)
    6291 (12.3377, 28.374) -> 7000 (11.6779, 28.0619)
    6292 (15.1642, 17.6363) -> 9392 (15.5308, 17.3813)
    6293 (10.8749, 18.4489) -> 7483 (10.2702, 18.2026)
    6294 (10.1, -1.32355) -> 7224 (9.65027, -0.997123)
    6295 (5.199, 0.326313) -> 9886 (4.67028, 0.11741)
    6296 (24.768, 11.8027) -> 1717 (24.6811, 11.1976)
    6297 (22.628, -2.51489) -> 9990 (22.9026, -2.13215)
    6298 (13.7356, 21.0572) -> 9312 (14.2336, 20.2698)
    6299 (20.2261, 19.5764) -> 8937 (20.5933, 18.8257)
    6300 (2.13355, 21.0403) -> 8957 (1.95756, 20.4494)
    6301 (22.2397, 12.9261) -> 9399 (22.7422, 12.4206)
    6302 (2.49881, 12.7052) -> 7546 (1.75798, 12.7834)
    6303 (16.7, 21.6546) -> 9186 (16.7163, 21.9207)
    6304 (2.4854, 12.4236) -> 9080 (2.10513, 12.4645)
    6305 (3.65808, 12.3265) -> 8848 (3.41766, 12.3369)
    6306 (4.94066e-324, 6.9533e-310) -> 2209 (0.166112, 0.830897)
    6307 (5.98937, 11.3695) -> 9650 (5.42521, 11.3344)
    6308 (17.6904, 28.1556) -> 9664 (17.6332, 27.4693)
    6309 (20.6672, 7.14717) -> 8925 (20.7455, 6.83576)
    6310 (23.793, -0.0698569) -> 9058 (23.1261, -0.71879)
    6311 (12.3431, 6.81944) -> 8126 (11.9048, 6.02138)
    6312 (4.11365, 12.9744) -> 9836 (3.22627, 12.8029)
    6313 (0.700709, 20.0269) -> 4598 (0.555477, 19.6549)
    6314 (12.9404, 7.87605) -> 8800 (12.8018, 7.23026)
    6315 (16.6822, 26.7687) -> 8425 (16.879, 26.1705)
    6316 (14.3541, 22.4948) -> 6610 (14.383, 22.2962)
    6317 (17.0305, 0.414123) -> 5880 (16.2966, 0.273749)
    6318 (20.5904, 28.3388) -> 9632 (20.9044, 27.7018)
    6319 (6.85452, 13.2713) -> 781 (6.65431, 13.0911)
    6320 (19.8317, 14.0587) -> 7540 (20.0735, 13.5723)
    6321 (15.2489, 4.05677) -> 8520 (15.0031, 3.68809)
    6322 (4.94066e-324, 6.9533e-310) -> 2209 (0.166112, 0.830897)
    6323 (16.2774, 24.7455) -> 9939 (16.5837, 24.4924)
    6324 (4.94066e-324, 6.9533e-310) -> 2209 (0.166112, 0.830897)
    6325 (3.81333, 8.64129) -> 9756 (3.48521, 8.79048)
    6326 (8.86641, -1.44619) -> 9227 (8.42759, -1.01045)
    6327 (15.6065, 3.56219) -> 9719 (15.9464, 3.46279)
    6328 (12.8014, 5.20025) -> 9181 (12.7307, 5.04679)
    6329 (13.4688, 23.2346) -> 7404 (13.505, 23.146)
    6330 (4.78826, 27.3354) -> 5177 (4.61959, 26.6873)
    6331 (8.21416, 0.826183) -> 9032 (7.64986, 0.990483)
    6332 (9.89662, -0.946284) -> 9901 (9.29662, -0.685191)
    6333 (2.50487, 23.7325) -> 7726 (2.19009, 22.9657)
    6334 (21.5541, 7.82434) -> 9950 (21.7957, 7.14588)
    6335 (18.4429, 29.0873) -> 9159 (18.4943, 28.9078)
    6336 (24.6167, 5.64614) -> 2979 (23.6724, 5.40467)
    6337 (7.88368, 11.292) -> 3365 (7.42464, 11.2338)
    6338 (9.27065, 8.27545) -> 207 (8.69487, 7.77122)
    6339 (24.4091, 8.00675) -> 8776 (24.1979, 7.42524)
    6340 (2.69795, -1.39628) -> 9788 (1.7625, -1.14502)
    6341 (1.11783, 0.192982) -> 9623 (0.664097, 0.892402)
    6342 (8.18434, 19.0246) -> 2554 (7.65866, 18.8445)
    6343 (4.15039, -0.210528) -> 9723 (4.17902, 0.466787)
    6344 (10.0696, 16.2892) -> 2658 (9.61442, 17.0059)
    6345 (10.175, 19.3337) -> 9006 (9.41628, 18.9973)
    6346 (14.3646, 6.72164) -> 7960 (14.2404, 6.26051)
    6347 (21.0679, 3.2341) -> 9863 (20.3629, 2.8702)
    6348 (22.8069, 18.7891) -> 9882 (22.9879, 18.166)
    6349 (13.3784, 15.3144) -> 3490 (13.7635, 15.4359)
    6350 (4.87961, 13.6669) -> 8694 (4.40878, 12.798)
    6351 (17.1379, 5.23634) -> 3218 (16.7188, 4.48882)
    6352 (2.8247, 0.368821) -> 4796 (2.48371, 0.833838)
    6353 (19.76, 28.026) -> 1672 (19.8969, 27.1582)
    6354 (0.788386, 5.5634) -> 9670 (0.369743, 6.16144)
    6355 (14.9569, 11.2764) -> 9871 (15.2784, 10.8102)
    6356 (21.7239, 9.07694) -> 9702 (21.8401, 8.9074)
    6357 (8.79222, 17.8108) -> 6535 (8.73282, 17.7733)
    6358 (16.5137, 10.5319) -> 7132 (16.5306, 10.4573)
    6359 (22.8974, 28.7253) -> 6877 (23.1876, 27.9577)
    6360 (9.55782, 21.074) -> 9142 (8.701, 20.8094)
    6361 (18.0545, 28.7544) -> 8161 (18.3626, 28.1779)
    6362 (11.9286, 25.2483) -> 8852 (11.2967, 25.01)
    6363 (8.02677, 18.1389) -> 8896 (7.49378, 18.1043)
    6364 (5.50251, 12.6036) -> 8622 (4.55886, 12.7473)
    6365 (0.344184, 16.9034) -> 6595 (0.498907, 16.1848)
    6366 (17.0612, 1.57619) -> 3405 (16.511, 1.23329)
    6367 (7.86399, 7.76776) -> 3549 (7.39037, 7.33058)
    6368 (1.08139, 14.0964) -> 0 (1, 15)
    6369 (16.3446, 18.8299) -> 8437 (16.6731, 18.4959)
    6370 (17.0321, -0.42591) -> 9743 (16.5772, -0.868346)
    6371 (19.572, 10.1593) -> 9961 (19.7118, 9.24112)
    6372 (14.4914, 8.54677) -> 2538 (14.629, 8.07821)
    6373 (19.5141, 24.1401) -> 6931 (19.7865, 23.4079)
    6374 (15.4085, 17.6938) -> 8198 (15.8637, 17.3351)
    6375 (3.2468, 14.5179) -> 7735 (2.47289, 14.6447)
    6376 (15.0148, 15.5282) -> 9903 (15.6911, 15.112)
    6377 (24.8868, 28.2639) -> 7452 (24.6536, 27.52)
    6378 (19.3343, 24.3477) -> 9940 (19.2688, 24.123)
    6379 (4.41278, 21.5253) -> 5227 (3.98278, 20.8286)
    6380 (16.8523, 14.2118) -> 5049 (17.2328, 13.9381)
    6381 (2.69231, 11.4256) -> 8930 (2.62286, 11.7047)
    6382 (23.4853, 19.0553) -> 430 (23.0658, 18.5646)
    6383 (9.18466, -2.52372) -> 8778 (9.11355, -2.557)
    6384 (21.9736, 28.1297) -> 8912 (21.9895, 27.4361)
    6385 (2.87623, 7.27973) -> 4594 (2.14184, 7.70836)
    6386 (1.22991, 2.52082) -> 9920 (1.15083, 3.43035)
    6387 (13.1029, 21.6054) -> 9866 (13.5693, 21.4662)
    6388 (0.206999, 16.1391) -> 1080 (0.70472, 15.4326)
    6389 (17.9287, 27.301) -> 9787 (18.0453, 27.1867)
    6390 (8.3611, -2.90472) -> 7557 (8.14387, -2.59039)
    6391 (1.28437, 9.22313) -> 8747 (0.709836, 9.79015)
    6392 (5.76391, 23.036) -> 3454 (5.45213, 22.3806)
    6393 (2.8865, -2.83795) -> 9902 (2.2461, -2.21562)
    6394 (4.94066e-324, 6.9533e-310) -> 2209 (0.166112, 0.830897)
    6395 (24.1203, 22.8787) -> 9704 (24.408, 22.1289)
    6396 (23.02, 13.1047) -> 9399 (22.7422, 12.4206)
    6397 (1.77645, 26.5194) -> 9265 (1.65588, 25.6428)
    6398 (17.1939, 26.969) -> 1779 (17.6143, 26.6898)
    6399 (2.4823, 28.0964) -> 9285 (2.33747, 27.1318)
    6400 (24.2205, 22.3769) -> 8289 (24.6176, 21.5994)
    6401 (16.7804, -3.50666) -> 8826 (15.8816, -3.73537)
    6402 (8.05525, 6.26881) -> 6764 (7.7534, 6.15329)
    6403 (20.9793, 10.9342) -> 9390 (21.6595, 10.3831)
    6404 (15.8759, 0.456545) -> 9612 (15.1687, -0.234117)
    6405 (21.008, 28.1843) -> 5240 (21.3929, 27.3976)
    6406 (2.12665, 15.9761) -> 9283 (1.89279, 15.6427)
    6407 (22.5302, 1.99163) -> 6815 (21.777, 1.33504)
    6408 (6.5807, -3.17921) -> 8534 (6.16004, -2.69775)
    6409 (23.1248, 8.35974) -> 9438 (23.0415, 7.92733)
    6410 (2.35994, 0.524276) -> 8794 (1.72245, 0.474988)
    6411 (5.14684, 28.7918) -> 4748 (4.83416, 28.4016)
    6412 (24.4283, 2.78347) -> 892 (23.6891, 2.5163)
    6413 (4.33789, 26.6853) -> 8825 (3.98461, 26.183)
    6414 (8.42746, 25.6886) -> 8662 (8.1193, 25.5054)
    6415 (24.5714, 21.2658) -> 6655 (24.8018, 20.5553)
    6416 (12.0278, 17.7534) -> 7320 (12.665, 17.7214)
    6417 (2.04851, 3.78538) -> 9983 (2.01447, 3.84908)
    6418 (24.9496, 19.886) -> 4736 (24.8668, 19.1507)
    6419 (6.14412, 16.9445) -> 9288 (5.41436, 16.5133)
    6420 (13.7126, 15.2282) -> 9179 (14.6409, 15.3201)
    6421 (4.2143, 8.73586) -> 9834 (3.63594, 8.83872)
    6422 (15.9661, 3.24924) -> 1543 (15.5463, 2.74346)
    6423 (20.7895, 3.33641) -> 8271 (20.0659, 2.71033)
    6424 (19.0075, 24.0956) -> 9037 (19.2056, 23.2514)
    6425 (18.1809, 3.60035) -> 9823 (18.2369, 3.11152)
    6426 (14.7471, 10.219) -> 8467 (14.8323, 10.1048)
    6427 (16.6228, 20.1679) -> 8410 (17.3649, 19.7936)
    6428 (5.98924, 15.1803) -> 8060 (5.44983, 14.5958)
    6429 (12.2133, -1.76194) -> 4578 (11.3432, -1.80024)
    6430 (22.8026, 4.23337) -> 7594 (22.4884, 3.42209)
    6431 (1.45349, -2.68677) -> 9668 (1.08475, -1.93786)
    6432 (17.6264, 20.6324) -> 9938 (17.7985, 19.8569)
    6433 (7.74836, -1.91131) -> 9965 (6.93455, -1.42877)
    6434 (18.1776, 22.9107) -> 9384 (18.2197, 22.7829)
    6435 (4.94066e-324, 6.9533e-310) -> 2209 (0.166112, 0.830897)
    6436 (18.6949, 11.7779) -> 7448 (19.2826, 11.106)
    6437 (5.87846, -0.471479) -> 1853 (5.57041, -0.361301)
    6438 (7.72496, 3.75471) -> 8078 (6.98869, 3.68161)
    6439 (14.8486, -2.99235) -> 4689 (14.3426, -2.68)
    6440 (2.85025, 4.27089) -> 9247 (2.18409, 4.68801)
    6441 (16.2062, -3.96432) -> 8227 (15.8177, -3.96374)
    6442 (5.66538, 28.1052) -> 9897 (5.4653, 27.6411)
    6443 (15.2756, 21.5833) -> 8296 (15.4665, 21.3089)
    6444 (24.8485, 17.6199) -> 9816 (24.855, 16.7305)
    6445 (18.9871, 4.92379) -> 7054 (18.6221, 4.38628)
    6446 (14.5707, 6.77463) -> 9397 (14.2149, 6.02274)
    6447 (4.94066e-324, 6.9533e-310) -> 2209 (0.166112, 0.830897)
    6448 (17.9041, 20.4367) -> 7248 (18.1923, 19.8154)
    6449 (14.3432, -2.27631) -> 6982 (13.7353, -2.20077)
    6450 (17.3244, -0.414198) -> 9743 (16.5772, -0.868346)
    6451 (14.0715, 10.6594) -> 9320 (14.7666, 10.0416)
    6452 (3.98543, -4.7711) -> 338 (3.93021, -3.85116)
    6453 (6.73267, -0.434886) -> 9124 (6.07478, 0.31791)
    6454 (1.66378, 20.6368) -> 9150 (1.41598, 20.0747)
    6455 (22.1266, 15.0053) -> 9773 (21.8352, 14.7719)
    6456 (22.0165, 15.5008) -> 9773 (21.8352, 14.7719)
    6457 (16.556, 16.626) -> 8760 (16.7671, 16.3485)
    6458 (10.4269, 24.8257) -> 9984 (9.59915, 24.5066)
    6459 (9.04655, 29.9943) -> 8446 (8.50293, 29.2934)
    6460 (18.143, 7.39854) -> 9928 (18.7729, 7.89008)
    6461 (2.51867, -2.76258) -> 9902 (2.2461, -2.21562)
    6462 (17.4206, 29.1357) -> 8277 (17.7743, 28.5359)
    6463 (24.2862, -2.24925) -> 9373 (23.8474, -1.8064)
    6464 (22.5333, 27.075) -> 6272 (22.8128, 26.1723)
    6465 (19.4728, 3.56727) -> 8679 (19.0352, 2.91625)
    6466 (3.25499, 13.6987) -> 4616 (2.99901, 13.8804)
    6467 (5.00813, 21.6747) -> 3793 (4.39076, 21.1767)
    6468 (14.999, 5.19169) -> 9383 (14.4539, 4.56231)
    6469 (20.1428, 24.3367) -> 8010 (20.2308, 23.895)
    6470 (6.63528, 25.3964) -> 5130 (6.29586, 24.7559)
    6471 (8.24521, 22.6615) -> 5194 (7.69438, 22.0885)
    6472 (16.5641, -1.60124) -> 5404 (15.9777, -1.63741)
    6473 (16.5938, 15.4896) -> 9526 (16.4773, 15.4792)
    6474 (6.91513, 4.9239) -> 8584 (6.09774, 4.82679)
    6475 (2.76948, 10.3667) -> 6269 (2.6996, 10.3751)
    6476 (2.50069, 6.51803) -> 8294 (2.00925, 7.35239)
    6477 (0.670328, 7.41919) -> 9593 (0.483326, 7.7801)
    6478 (7.69602, 23.7634) -> 4687 (7.15658, 23.1203)
    6479 (1.95221, 9.84398) -> 1780 (1.39202, 10.3528)
    6480 (21.6314, 25.6136) -> 2941 (21.7763, 25.2667)
    6481 (13.7264, 24.5964) -> 6571 (13.137, 24.2002)
    6482 (10.2771, -2.63086) -> 8844 (9.75335, -2.92878)
    6483 (18.6989, 9.96943) -> 9700 (18.9215, 9.75662)
    6484 (18.3502, 18.2267) -> 6771 (18.5164, 17.6522)
    6485 (7.7758, 21.9704) -> 118 (7.25731, 21.99)
    6486 (16.4814, 27.8737) -> 1217 (16.7401, 27.1857)
    6487 (15.9673, 20.1973) -> 9396 (16.1744, 19.9626)
    6488 (19.8936, -0.902637) -> 3480 (19.6951, -0.953128)
    6489 (4.94066e-324, 6.9533e-310) -> 2209 (0.166112, 0.830897)
    6490 (11.2319, 3.20836) -> 8581 (10.9935, 2.94523)
    6491 (15.6866, 13.5899) -> 9421 (16.0383, 13.1795)
    6492 (4.24485, 2.55068) -> 9629 (3.41492, 2.53789)
    6493 (1.41183, 11.8044) -> 8435 (1.08692, 12.4774)
    6494 (7.5093, 29.0182) -> 7970 (7.29458, 28.5309)
    6495 (23.6067, 17.7092) -> 9115 (23.7591, 17.501)
    6496 (19.6014, 1.0709) -> 8906 (18.69, 0.76712)
    6497 (14.0785, 9.40148) -> 9460 (14.3085, 8.6487)
    6498 (7.074, 8.53937) -> 3248 (6.3928, 8.26653)
    6499 (15.1278, 20.6167) -> 8514 (15.4049, 20.1176)
    6500 (6.553, 16.9532) -> 490 (5.77169, 16.9997)
    6501 (5.504, 21.5649) -> 3153 (5.07191, 21.0613)
    6502 (19.294, 16.6506) -> 2175 (19.3783, 16.0956)
    6503 (3.2565, 14.1289) -> 2332 (2.84981, 14.2019)
    6504 (18.4076, 11.3529) -> 6928 (18.9404, 10.6476)
    6505 (3.34796, 19.3401) -> 2754 (2.88703, 18.6121)
    6506 (8.00599, 4.76289) -> 9216 (7.08004, 4.46709)
    6507 (21.0116, 16.9845) -> 7646 (21.1758, 16.4152)
    6508 (5.15372, 18.9945) -> 2532 (4.39757, 18.6025)
    6509 (6.70879, 25.761) -> 3184 (6.54211, 25.4842)
    6510 (20.4584, 3.52146) -> 9963 (20.4956, 4.0439)
    6511 (17.988, 18.3241) -> 6771 (18.5164, 17.6522)
    6512 (2.77465, 9.84771) -> 4814 (2.08863, 10.2715)
    6513 (1.59061, -3.79883) -> 9933 (1.44061, -3.23928)
    6514 (6.29766, 18.9501) -> 9393 (6.02364, 18.553)
    6515 (3.16123, 25.2172) -> 8493 (3.15129, 24.9092)
    6516 (14.7572, 9.02222) -> 3252 (15.0809, 8.39247)
    6517 (4.62604, -2.9686) -> 9732 (4.53778, -3.19324)
    6518 (24.7475, 26.1267) -> 9264 (24.749, 25.4752)
    6519 (3.99262, 29.4507) -> 1382 (3.58669, 28.5372)
    6520 (23.9582, 23.4088) -> 6395 (24.1203, 22.8787)
    6521 (3.91152, 3.52487) -> 2512 (3.4164, 3.68728)
    6522 (12.1655, -2.14056) -> 9955 (11.7555, -2.31404)
    6523 (13.0397, 28.3841) -> 5600 (12.614, 28.1587)
    6524 (18.7192, 10.2307) -> 9700 (18.9215, 9.75662)
    6525 (15.986, 22.4783) -> 9086 (16.275, 22.0557)
    6526 (10.2779, 4.87067) -> 9413 (9.91068, 4.87847)
    6527 (17.5247, -0.319779) -> 9737 (17.1746, -1.00784)
    6528 (24.8452, -1.6607) -> 9935 (23.8721, -1.44009)
    6529 (9.42374, 22.7746) -> 996 (9.12533, 22.4667)
    6530 (4.2055, 3.3091) -> 2512 (3.4164, 3.68728)
    6531 (14.0482, 4.99347) -> 6927 (13.3618, 4.5581)
    6532 (5.56271, 22.838) -> 3454 (5.45213, 22.3806)
    6533 (0.610719, 1.3288) -> 9551 (0.562415, 2.27446)
    6534 (12.4278, 17.5438) -> 2535 (13.1892, 17.3816)
    6535 (8.73282, 17.7733) -> 3238 (7.94419, 17.3051)
    6536 (4.98572, 11.821) -> 1232 (4.39214, 11.7722)
    6537 (9.81598, 24.3928) -> 4129 (9.21815, 23.9175)
    6538 (18.433, -3.22269) -> 9943 (18.0602, -3.77262)
    6539 (6.86771, 13.3375) -> 1561 (6.17539, 12.8864)
    6540 (20.98, 21.8144) -> 1211 (21.2572, 21.0122)
    6541 (22.1644, 6.49987) -> 8265 (21.8225, 6.18142)
    6542 (9.21065, 23.4719) -> 961 (9.00092, 23.1672)
    6543 (22.1583, 0.147963) -> 8422 (21.4531, -0.247621)
    6544 (1.15208, 12.6879) -> 7168 (1.18008, 13.4134)
    6545 (1.95498, -2.37298) -> 7144 (1.63626, -1.61828)
    6546 (15.0452, 29.9244) -> 9379 (14.3882, 29.3139)
    6547 (13.9064, -0.835508) -> 7963 (13.1258, -0.900614)
    6548 (24.3359, 16.5397) -> 1275 (24.4905, 16.3497)
    6549 (2.33795, -3.13546) -> 6545 (1.95498, -2.37298)
    6550 (4.82016, 1.2727) -> 8608 (4.15319, 1.13511)
    6551 (11.7248, 23.5605) -> 741 (11.15, 23.1578)
    6552 (12.7569, -2.00776) -> 5245 (11.8081, -1.87749)
    6553 (15.4474, 9.1277) -> 8882 (15.7357, 8.89611)
    6554 (0.0110724, 2.79498) -> 1528 (0.278842, 3.57835)
    6555 (2.30093, 2.89429) -> 9983 (2.01447, 3.84908)
    6556 (1.51795, -1.99497) -> 2181 (1.15087, -1.09719)
    6557 (16.4258, 11.3563) -> 7887 (16.7557, 11.1064)
    6558 (4.34246, 10.6039) -> 9791 (3.45588, 10.6227)
    6559 (3.52631, 13.0976) -> 9836 (3.22627, 12.8029)
    6560 (4.18918, 27.7682) -> 1795 (4.01956, 27.1234)
    6561 (16.1445, -2.66182) -> 9518 (15.4287, -2.38883)
    6562 (10.0805, -2.18888) -> 9893 (10.2057, -1.20739)
    6563 (14.3086, -0.78403) -> 9945 (13.6527, -0.610638)
    6564 (1.38539, 8.79691) -> 7678 (1.14259, 9.68942)
    6565 (13.1638, 19.0246) -> 6945 (13.404, 18.4882)
    6566 (18.4334, 11.2733) -> 6928 (18.9404, 10.6476)
    6567 (0.679079, 2.11981) -> 9551 (0.562415, 2.27446)
    6568 (11.6078, 9.4839) -> 8869 (11.407, 8.53814)
    6569 (17.5104, 8.00628) -> 9522 (17.3255, 7.40948)
    6570 (8.7989, 10.6542) -> 577 (8.58103, 10.4793)
    6571 (13.137, 24.2002) -> 7136 (12.9059, 24.0104)
    6572 (11.4833, 6.33744) -> 8404 (11.1185, 5.81123)
    6573 (13.1669, 19.7311) -> 3392 (13.6576, 19.3553)
    6574 (16.9033, 13.7178) -> 8108 (17.2754, 13.1998)
    6575 (17.3941, 12.3941) -> 5454 (18.2866, 12.0376)
    6576 (2.18876, 27.8373) -> 9285 (2.33747, 27.1318)
    6577 (11.3131, 20.7065) -> 2520 (10.4628, 20.3527)
    6578 (14.6037, 7.30996) -> 6446 (14.5707, 6.77463)
    6579 (8.62071, -4.2032) -> 9148 (7.92824, -3.82286)
    6580 (1.65244, 29.5655) -> 9813 (1.50891, 29.0798)
    6581 (3.81088, 13.1224) -> 2115 (3.49568, 12.7103)
    6582 (22.9543, 13.6314) -> 9872 (22.8618, 13.3103)
    6583 (21.4909, 8.48548) -> 8880 (21.3068, 7.6693)
    6584 (22.4916, 20.1795) -> 3215 (22.9431, 19.7339)
    6585 (15.7553, -0.434542) -> 766 (14.9977, -0.625293)
    6586 (22.4248, 22.803) -> 5499 (22.4439, 22.4429)
    6587 (4.01591, 23.0204) -> 6670 (3.78426, 22.5225)
    6588 (22.0346, 3.79491) -> 7862 (21.7106, 3.24621)
    6589 (21.2328, 21.4978) -> 4798 (21.5859, 20.7967)
    6590 (7.52329, -2.50831) -> 7390 (7.0847, -2.31915)
    6591 (15.2313, 9.51186) -> 8882 (15.7357, 8.89611)
    6592 (9.82237, 3.55868) -> 5617 (9.45792, 3.25607)
    6593 (17.4028, 19.519) -> 8100 (18.0624, 18.8288)
    6594 (19.423, 0.232894) -> 9012 (18.5821, 0.226982)
    6595 (0.498907, 16.1848) -> 2838 (0.657338, 15.7171)
    6596 (14.5082, 21.6027) -> 5973 (15.1983, 21.0798)
    6597 (9.87878, -3.50396) -> 7563 (9.16202, -3.0841)
    6598 (22.6998, 14.8683) -> 9516 (22.7409, 14.7587)
    6599 (15.7662, 15.0404) -> 7412 (16.097, 14.8643)
    6600 (9.58856, 2.96859) -> 9193 (8.78865, 3.13542)
    6601 (12.7825, 4.57114) -> 8969 (12.5012, 3.68019)
    6602 (4.25536, 26.5287) -> 8825 (3.98461, 26.183)
    6603 (13.049, 7.13328) -> 9092 (13.0402, 7.13772)
    6604 (8.74889, 6.29342) -> 9445 (8.63207, 6.02526)
    6605 (4.54727, 10.2644) -> 7101 (4.14664, 10.2362)
    6606 (20.9328, 1.72939) -> 7228 (20.6133, 1.36822)
    6607 (22.2471, 28.298) -> 9749 (22.0067, 27.8435)
    6608 (23.8886, 6.64081) -> 9201 (23.172, 6.59016)
    6609 (24.6705, 0.236135) -> 9635 (24.279, 0.978398)
    6610 (14.383, 22.2962) -> 3327 (14.7795, 21.7217)
    6611 (23.9252, 27.8117) -> 8941 (23.9335, 27.649)
    6612 (12.9233, 18.4805) -> 8328 (13.3973, 17.8691)
    6613 (20.9375, 8.4487) -> 9184 (20.8877, 7.53639)
    6614 (19.197, 21.1661) -> 7651 (19.423, 20.5305)
    6615 (6.06606, -2.79878) -> 9746 (5.36219, -2.64142)
    6616 (10.0315, 9.18479) -> 4887 (9.75428, 8.66477)
    6617 (4.56424, 22.6001) -> 2059 (4.375, 22.4053)
    6618 (2.76157, 2.48379) -> 7473 (2.72815, 2.57795)
    6619 (8.14151, 26.815) -> 8182 (7.47969, 26.3891)
    6620 (12.1757, -1.22778) -> 8693 (11.3255, -1.5636)
    6621 (24.9573, 1.69437) -> 9259 (24.0876, 1.30958)
    6622 (21.5421, 11.0657) -> 9660 (22.1342, 10.6488)
    6623 (24.758, 4.85653) -> 9191 (24.2326, 4.17091)
    6624 (23.4008, 20.0254) -> 9552 (23.9182, 19.3734)
    6625 (4.94066e-324, 6.9533e-310) -> 2209 (0.166112, 0.830897)
    6626 (4.50385, 20.9668) -> 9105 (3.93728, 20.6027)
    6627 (3.70332, 29.2529) -> 3977 (3.19484, 28.3974)
    6628 (20.6482, 14.7754) -> 6888 (20.8509, 14.3885)
    6629 (21.5036, 19.1056) -> 9951 (21.5162, 18.3766)
    6630 (0.15839, 3.69064) -> 9539 (0.132033, 4.10037)
    6631 (4.49943, 5.70572) -> 9189 (4.00158, 5.32105)
    6632 (16.6014, 16.8247) -> 3117 (17.0152, 16.4155)
    6633 (21.1058, 1.88093) -> 7228 (20.6133, 1.36822)
    6634 (2.25874, 29.2061) -> 8998 (1.99828, 28.444)
    6635 (3.16635, 1.55765) -> 9860 (2.92214, 2.12143)
    6636 (9.26535, 5.96584) -> 9556 (8.5857, 5.75247)
    6637 (7.7179, 2.35864) -> 8881 (6.81604, 1.93519)
    6638 (21.1552, 4.75272) -> 9963 (20.4956, 4.0439)
    6639 (9.63099, -0.20868) -> 9992 (9.10122, -0.28248)
    6640 (7.79496, 25.3402) -> 8470 (7.3675, 25.0123)
    6641 (22.769, -2.12202) -> 9990 (22.9026, -2.13215)
    6642 (14.4691, 2.44581) -> 8130 (13.6529, 1.98587)
    6643 (7.24624, 13.4548) -> 6539 (6.86771, 13.3375)
    6644 (21.0449, 10.9798) -> 9390 (21.6595, 10.3831)
    6645 (4.94066e-324, 6.9533e-310) -> 2209 (0.166112, 0.830897)
    6646 (5.74662, 10.5641) -> 656 (5.21176, 10.4791)
    6647 (14.1877, 0.234729) -> 1868 (13.321, 0.211299)
    6648 (8.20856, -1.52906) -> 9685 (7.82459, -1.377)
    6649 (3.82092, 13.3588) -> 2115 (3.49568, 12.7103)
    6650 (4.24624, 21.8945) -> 7210 (3.70731, 21.106)
    6651 (5.65465, 2.29466) -> 9411 (4.70525, 2.41429)
    6652 (13.6671, 11.2834) -> 5753 (14.4725, 10.7616)
    6653 (3.41452, 15.0048) -> 9147 (2.56198, 14.849)
    6654 (15.6971, 5.3875) -> 9271 (15.2877, 4.85785)
    6655 (24.8018, 20.5553) -> 6418 (24.9496, 19.886)
    6656 (6.55661, -2.27061) -> 7364 (5.91835, -1.53791)
    6657 (18.3042, 26.4762) -> 7545 (18.4234, 25.5935)
    6658 (8.11565, 8.69045) -> 7415 (7.92901, 8.47909)
    6659 (20.484, 18.5521) -> 3133 (20.747, 17.7761)
    6660 (19.901, 4.90163) -> 9545 (19.936, 5.18066)
    6661 (9.82835, 7.83642) -> 8280 (9.71892, 7.67095)
    6662 (0.694372, 2.92955) -> 3251 (0.809859, 3.66101)
    6663 (22.9621, 27.9263) -> 8701 (23.4223, 27.0456)
    6664 (8.3188, 15.09) -> 8257 (7.61756, 15.093)
    6665 (17.4303, 17.0644) -> 8884 (17.8964, 16.463)
    6666 (2.67236, 1.37524) -> 9022 (2.61584, 1.43342)
    6667 (18.1344, 7.63099) -> 9928 (18.7729, 7.89008)
    6668 (2.39205, 28.9571) -> 8998 (1.99828, 28.444)
    6669 (12.3061, 23.0754) -> 2482 (11.7842, 22.8137)
    6670 (3.78426, 22.5225) -> 5199 (3.56059, 22.0142)
    6671 (22.094, 2.61364) -> 1190 (21.5976, 2.2391)
    6672 (4.67836, 17.3023) -> 9643 (4.35154, 17.0671)
    6673 (18.6725, 27.2079) -> 9636 (18.6972, 26.3523)
    6674 (15.9256, 25.8265) -> 9045 (15.9272, 25.6982)
    6675 (4.42544, 13.3376) -> 1023 (4.10502, 12.9417)
    6676 (18.898, 23.1586) -> 9486 (19.1451, 22.4378)
    6677 (23.2567, 1.72191) -> 6759 (22.5874, 1.35897)
    6678 (23.1715, 22.2971) -> 7374 (23.2761, 21.5263)
    6679 (24.061, -3.64521) -> 9726 (23.2265, -4.11043)
    6680 (6.10345, 26.3814) -> 9826 (5.90841, 26.0427)
    6681 (5.61163, 11.5361) -> 5559 (5.16694, 11.5255)
    6682 (19.0652, 25.5336) -> 9628 (19.1227, 25.0368)
    6683 (9.78265, 17.4788) -> 5349 (9.30255, 17.4293)
    6684 (22.283, 17.921) -> 8861 (22.721, 17.3686)
    6685 (8.38433, 28.0835) -> 1590 (7.7784, 27.4918)
    6686 (5.44103, 4.48953) -> 8751 (4.72185, 4.65542)
    6687 (6.54528, 9.25143) -> 9665 (5.81756, 8.88899)
    6688 (18.4731, 9.37211) -> 9700 (18.9215, 9.75662)
    6689 (8.26363, -4.4853) -> 9900 (7.46185, -4.21383)
    6690 (20.3126, 22.4925) -> 9736 (20.6725, 22.021)
    6691 (7.61743, 15.3165) -> 7553 (7.1702, 15.0944)
    6692 (18.8105, 17.8417) -> 8691 (18.5837, 17.9092)
    6693 (24.6571, 1.74797) -> 9259 (24.0876, 1.30958)
    6694 (9.82493, 25.6615) -> 8179 (8.8817, 25.5057)
    6695 (2.71631, 18.4218) -> 3526 (2.65798, 18.0431)
    6696 (20.9126, 5.33748) -> 9617 (20.9253, 5.32649)
    6697 (21.8772, 0.26278) -> 9524 (21.1015, 0.00941342)
    6698 (17.0629, 23.4822) -> 7945 (17.2949, 22.7145)
    6699 (4.79909, 5.57327) -> 9189 (4.00158, 5.32105)
    6700 (15.7043, 16.7768) -> 8681 (15.6985, 16.3376)
    6701 (1.39589, -4.74335) -> 9511 (1.33923, -3.99781)
    6702 (8.64268, 28.6611) -> 8427 (8.22957, 28.0436)
    6703 (3.16343, 17.6163) -> 5799 (2.72734, 17.3295)
    6704 (7.45061, 13.7278) -> 1149 (6.84003, 13.5154)
    6705 (2.44735, 21.0871) -> 8080 (2.25524, 20.4877)
    6706 (5.15799, 28.9542) -> 4748 (4.83416, 28.4016)
    6707 (1.08801, 12.6288) -> 7168 (1.18008, 13.4134)
    6708 (22.4249, 16.7117) -> 7946 (22.7049, 15.9358)
    6709 (19.7892, -0.128652) -> 4344 (18.954, -0.272682)
    6710 (0.322039, 23.43) -> 7558 (0.320435, 22.6632)
    6711 (4.85561, 9.85287) -> 3913 (4.04915, 9.86668)
    6712 (0.630106, 11.8667) -> 8435 (1.08692, 12.4774)
    6713 (14.9171, 17.0874) -> 9799 (15.4261, 16.6659)
    6714 (19.2626, 20.3914) -> 9734 (19.7077, 19.8234)
    6715 (24.0712, -2.41075) -> 9373 (23.8474, -1.8064)
    6716 (21.4678, 24.7275) -> 9930 (21.577, 24.0955)
    6717 (14.6204, 13.4268) -> 2905 (15.3937, 12.9365)
    6718 (8.49411, 3.63463) -> 6438 (7.72496, 3.75471)
    6719 (23.9418, 7.26025) -> 9587 (23.3981, 7.13899)
    6720 (1.65767, 21.6924) -> 9874 (1.54962, 21.3133)
    6721 (17.3413, 12.5097) -> 4365 (17.7158, 12.4112)
    6722 (19.0174, 2.42329) -> 7024 (18.7645, 2.34568)
    6723 (13.6528, 28.2012) -> 9777 (13.0598, 27.4925)
    6724 (10.067, 16.7652) -> 2588 (9.10865, 17.0072)
    6725 (22.0304, 19.4016) -> 5430 (22.1675, 19.0203)
    6726 (20.0852, 3.57016) -> 7230 (19.8678, 2.90686)
    6727 (21.9806, 11.5885) -> 9660 (22.1342, 10.6488)
    6728 (12.3859, 24.7809) -> 8702 (12.0282, 24.1508)
    6729 (17.8198, 18.907) -> 9371 (17.8795, 18.8474)
    6730 (7.43685, -1.83972) -> 9965 (6.93455, -1.42877)
    6731 (16.1901, 1.64538) -> 9244 (15.7164, 1.3427)
    6732 (14.327, 11.6391) -> 6852 (14.7878, 11.4056)
    6733 (17.3283, 14.6842) -> 7725 (18.0116, 14.1302)
    6734 (22.3997, 21.3762) -> 8790 (22.8271, 20.7777)
    6735 (9.64663, 19.189) -> 902 (8.92736, 18.7297)
    6736 (2.45011, -1.60614) -> 9788 (1.7625, -1.14502)
    6737 (16.2588, 23.1396) -> 9581 (16.5229, 22.8802)
    6738 (23.4437, -4.8052) -> 7077 (23.0077, -4.77382)
    6739 (4.9983, 7.64694) -> 8916 (4.5357, 7.62374)
    6740 (17.9829, 6.08602) -> 8228 (17.7144, 5.53444)
    6741 (18.7314, 18.4564) -> 9055 (18.9828, 17.9758)
    6742 (1.68489, -3.37667) -> 6431 (1.45349, -2.68677)
    6743 (4.94066e-324, 6.9533e-310) -> 2209 (0.166112, 0.830897)
    6744 (5.87483, 0.367195) -> 8395 (4.94703, 0.574472)
    6745 (8.84374, -0.843404) -> 9992 (9.10122, -0.28248)
    6746 (17.5274, 1.81483) -> 9127 (17.1087, 1.68062)
    6747 (6.1763, 13.8726) -> 7942 (5.54229, 13.3442)
    6748 (1.6073, 27.9286) -> 9620 (1.65737, 27.7409)
    6749 (12.4044, 18.4557) -> 8814 (12.8181, 18.2275)
    6750 (22.8051, 14.6993) -> 8569 (22.893, 13.9877)
    6751 (13.5164, 8.1384) -> 9579 (13.4852, 8.05459)
    6752 (2.87304, -2.97237) -> 9902 (2.2461, -2.21562)
    6753 (10.1475, 25.5459) -> 9759 (10.0521, 25.1057)
    6754 (4.94066e-324, 6.9533e-310) -> 2209 (0.166112, 0.830897)
    6755 (2.82655, 29.166) -> 2543 (2.58409, 28.4463)
    6756 (15.45, 20.3758) -> 4098 (15.5796, 20.134)
    6757 (5.98302, -0.999699) -> 9754 (5.9208, -0.959928)
    6758 (13.5231, -3.87469) -> 9284 (13.1482, -3.86833)
    6759 (22.5874, 1.35897) -> 9964 (22.058, 0.785503)
    6760 (12.978, -1.46894) -> 9266 (13.2428, -1.79468)
    6761 (6.54828, 19.2087) -> 13 (5.90417, 18.965)
    6762 (20.6188, -0.76951) -> 7570 (19.8608, -0.973816)
    6763 (1.23433, 23.082) -> 3996 (1.01969, 22.1089)
    6764 (7.7534, 6.15329) -> 8536 (7.03205, 5.99275)
    6765 (4.94066e-324, 6.9533e-310) -> 2209 (0.166112, 0.830897)
    6766 (8.40193, 2.92486) -> 7569 (7.92179, 2.90123)
    6767 (0.904983, 0.404994) -> 9623 (0.664097, 0.892402)
    6768 (0.152313, 22.7107) -> 5509 (0.435835, 22.0107)
    6769 (8.16352, -1.96483) -> 8668 (7.25129, -1.94264)
    6770 (16.9963, -3.08589) -> 9776 (16.5444, -2.43759)
    6771 (18.5164, 17.6522) -> 3158 (18.5104, 16.9118)
    6772 (16.8902, 6.55818) -> 3759 (16.704, 6.07732)
    6773 (22.8293, 8.28166) -> 9084 (22.8327, 8.24355)
    6774 (18.8514, 19.6357) -> 1476 (18.9533, 19.1566)
    6775 (6.20321, 14.2077) -> 3879 (5.89688, 13.8116)
    6776 (17.9524, 1.05525) -> 9083 (17.2233, 0.825856)
    6777 (14.0357, -3.44423) -> 9284 (13.1482, -3.86833)
    6778 (1.08938, 0.787422) -> 9623 (0.664097, 0.892402)
    6779 (5.56054, -1.16142) -> 9625 (5.06778, -1.6814)
    6780 (4.92838, -1.36563) -> 9625 (5.06778, -1.6814)
    6781 (13.4326, 28.9848) -> 6523 (13.0397, 28.3841)
    6782 (19.6138, 29.562) -> 8240 (19.6934, 28.6095)
    6783 (21.1277, 14.7184) -> 9994 (21.4611, 13.8907)
    6784 (23.5551, 15.8598) -> 3696 (23.7478, 15.2473)
    6785 (13.0603, 10.431) -> 1158 (13.63, 9.69402)
    6786 (2.28802, 12.4651) -> 9080 (2.10513, 12.4645)
    6787 (3.00636, 24.944) -> 936 (2.87758, 24.1199)
    6788 (15.2989, 21.8346) -> 8296 (15.4665, 21.3089)
    6789 (24.1607, 6.91517) -> 8598 (23.7821, 6.30747)
    6790 (20.0394, 8.06216) -> 9184 (20.8877, 7.53639)
    6791 (2.31469, 20.8405) -> 8080 (2.25524, 20.4877)
    6792 (17.7161, 28.1255) -> 9787 (18.0453, 27.1867)
    6793 (4.69682, 11.0441) -> 2214 (3.77157, 11.2131)
    6794 (7.49222, 13.3476) -> 781 (6.65431, 13.0911)
    6795 (20.0453, 11.5896) -> 5533 (20.5091, 10.7517)
    6796 (8.79033, 17.3943) -> 3456 (8.34808, 17.2741)
    6797 (15.2938, -0.0469552) -> 9612 (15.1687, -0.234117)
    6798 (11.5083, -4.46642) -> 4830 (10.7338, -3.9254)
    6799 (22.1327, 11.9229) -> 9456 (22.4115, 11.6165)
    6800 (5.5289, -2.69975) -> 9870 (4.87538, -2.40958)
    6801 (20.5595, 0.186613) -> 9295 (19.9351, -0.555704)
    6802 (5.53313, 11.2248) -> 7698 (4.68583, 11.2728)
    6803 (24.2754, 2.36102) -> 2474 (23.6555, 1.96176)
    6804 (16.593, 12.3183) -> 8498 (17.4996, 12.1832)
    6805 (20.6804, 7.34317) -> 9509 (20.4259, 7.11284)
    6806 (8.56139, 8.71463) -> 4853 (7.91409, 8.22169)
    6807 (9.68347, 29.4097) -> 7902 (9.56004, 28.4537)
    6808 (7.4879, 26.9334) -> 8903 (6.73576, 26.2804)
    6809 (10.2183, -1.30003) -> 9893 (10.2057, -1.20739)
    6810 (8.84085, -4.96228) -> 7721 (8.69047, -4.92858)
    6811 (1.59046, 4.71028) -> 9971 (1.28458, 5.1189)
    6812 (19.2394, -4.91905) -> 3029 (18.3837, -4.98714)
    6813 (16.2975, -4.2453) -> 9478 (15.6382, -4.57145)
    6814 (10.9069, 22.5465) -> 7586 (10.3919, 22.2596)
    6815 (21.777, 1.33504) -> 9527 (21.0923, 0.682211)
    6816 (13.0294, -1.92731) -> 9266 (13.2428, -1.79468)
    6817 (17.7094, 23.1642) -> 9021 (18.1692, 22.4134)
    6818 (19.5643, 24.3865) -> 9948 (19.8113, 23.8746)
    6819 (19.471, 9.40572) -> 9961 (19.7118, 9.24112)
    6820 (20.4774, 18.0905) -> 8578 (20.806, 17.4639)
    6821 (18.8989, 0.43744) -> 9795 (18.4194, 0.256348)
    6822 (2.95103, 1.12696) -> 6666 (2.67236, 1.37524)
    6823 (3.47413, 0.391077) -> 9953 (3.12525, -0.406663)
    6824 (4.71097, 12.1606) -> 5167 (3.81536, 12.2069)
    6825 (13.5628, 29.3177) -> 1941 (13.058, 28.9013)
    6826 (24.8308, 24.1448) -> 7064 (24.7543, 23.6629)
    6827 (22.0344, 4.49666) -> 9802 (21.7479, 4.55596)
    6828 (5.42776, 3.76971) -> 8949 (5.50104, 3.79392)
    6829 (1.86574, 0.0842932) -> 3306 (1.52739, 0.810358)
    6830 (2.76537, 7.6764) -> 2865 (2.19626, 8.24289)
    6831 (17.2939, 2.97559) -> 7270 (17.0742, 2.55718)
    6832 (24.4396, 18.3146) -> 4002 (24.5458, 17.9923)
    6833 (16.1625, 11.9133) -> 3266 (16.6645, 11.5792)
    6834 (13.3585, 26.5589) -> 772 (12.7827, 25.9052)
    6835 (0.803775, 29.9965) -> 7639 (0.830553, 29.5212)
    6836 (15.3623, 9.96377) -> 8479 (15.6226, 9.44478)
    6837 (2.92249, 13.1159) -> 6786 (2.28802, 12.4651)
    6838 (3.33685, 8.4375) -> 7635 (3.15681, 8.50321)
    6839 (14.987, 0.0993322) -> 9642 (14.6074, 0.00629434)
    6840 (15.7207, 18.3615) -> 5698 (16.2089, 17.5704)
    6841 (19.8342, 9.15012) -> 9360 (19.7112, 8.78222)
    6842 (12.8021, 3.98885) -> 8969 (12.5012, 3.68019)
    6843 (20.9271, 29.6358) -> 5906 (21.0299, 29.0928)
    6844 (18.4621, 2.00768) -> 6746 (17.5274, 1.81483)
    6845 (18.5134, 2.68983) -> 1262 (17.6736, 2.28451)
    6846 (16.5339, 14.5562) -> 5049 (17.2328, 13.9381)
    6847 (0.31623, 29.6533) -> 9843 (0.566616, 29.1371)
    6848 (21.1555, 29.8125) -> 9457 (21.4067, 29.5231)
    6849 (21.2976, 23.6015) -> 1665 (21.3708, 22.8143)
    6850 (6.90002, 21.9495) -> 9194 (6.08416, 21.5166)
    6851 (10.6919, 9.81928) -> 9187 (10.6358, 9.51271)
    6852 (14.7878, 11.4056) -> 9871 (15.2784, 10.8102)
    6853 (18.0087, 25.9633) -> 7545 (18.4234, 25.5935)
    6854 (12.6688, 20.7123) -> 9722 (13.0513, 20.0333)
    6855 (20.2408, 8.00418) -> 9509 (20.4259, 7.11284)
    6856 (10.8828, -3.24888) -> 8384 (10.0329, -2.84518)
    6857 (9.7591, -2.79564) -> 8778 (9.11355, -2.557)
    6858 (24.4632, 25.5937) -> 6217 (24.6143, 25.3519)
    6859 (14.5742, 23.6631) -> 8236 (15.1542, 22.9315)
    6860 (24.403, 0.735767) -> 492 (23.6146, 0.747285)
    6861 (4.447, 12.7592) -> 2115 (3.49568, 12.7103)
    6862 (18.9002, 1.35438) -> 8906 (18.69, 0.76712)
    6863 (2.04772, 28.8656) -> 8998 (1.99828, 28.444)
    6864 (3.88941, 14.8021) -> 1169 (3.14291, 14.8304)
    6865 (20.6331, -3.89954) -> 8919 (19.7848, -3.45115)
    6866 (23.1986, 6.11329) -> 9822 (23.0384, 5.72212)
    6867 (19.5624, -4.6906) -> 7885 (18.9915, -4.42694)
    6868 (7.41315, -0.994223) -> 9388 (6.54471, -0.702637)
    6869 (7.26206, 16.145) -> 4215 (6.53131, 15.553)
    6870 (13.5503, 26.6546) -> 8970 (13.4393, 26.0995)
    6871 (21.6941, 2.43256) -> 6633 (21.1058, 1.88093)
    6872 (24.9306, 3.81192) -> 9211 (24.3906, 3.18139)
    6873 (22.7329, 14.7837) -> 9516 (22.7409, 14.7587)
    6874 (14.605, 29.7693) -> 5352 (14.2568, 29.2831)
    6875 (18.7262, 10.4158) -> 9700 (18.9215, 9.75662)
    6876 (8.13617, 3.87947) -> 3152 (7.31326, 3.78239)
    6877 (23.1876, 27.9577) -> 5565 (23.5921, 27.1071)
    6878 (10.7258, 6.43552) -> 8559 (10.5129, 5.5464)
    6879 (23.3823, 10.6655) -> 8051 (23.7919, 10.1732)
    6880 (13.2038, 2.80168) -> 710 (12.5588, 2.36554)
    6881 (15.0947, 20.5488) -> 8514 (15.4049, 20.1176)
    6882 (2.36743, 22.4313) -> 7949 (2.42759, 22.359)
    6883 (11.4814, 27.5878) -> 5132 (10.9152, 27.2069)
    6884 (7.77594, 15.0339) -> 2895 (7.01721, 14.687)
    6885 (2.39504, 3.08958) -> 9983 (2.01447, 3.84908)
    6886 (24.0738, 19.7975) -> 4929 (24.2541, 19.0686)
    6887 (13.3084, 7.00027) -> 3022 (13.2591, 6.04123)
    6888 (20.8509, 14.3885) -> 3517 (21.0709, 13.4674)
    6889 (4.94066e-324, 6.9533e-310) -> 2209 (0.166112, 0.830897)
    6890 (5.44047, 7.54352) -> 8916 (4.5357, 7.62374)
    6891 (3.16113, 26.2176) -> 3289 (2.95243, 25.4261)
    6892 (10.0585, 27.0799) -> 6137 (9.73297, 26.5356)
    6893 (23.2384, 1.87037) -> 5854 (22.5317, 1.60046)
    6894 (23.7315, 25.5924) -> 3012 (23.959, 25.2041)
    6895 (10.2428, 18.9618) -> 4884 (9.85234, 18.7426)
    6896 (9.19122, 27.9617) -> 197 (8.6063, 27.4119)
    6897 (15.1919, 27.5822) -> 9426 (15.4169, 27.14)
    6898 (12.5532, 25.6475) -> 9112 (12.3333, 25.0797)
    6899 (24.8952, -2.28366) -> 9640 (24.5326, -2.89152)
    6900 (21.698, 1.00036) -> 182 (21.2067, 0.746482)
    6901 (19.5851, -1.30512) -> 9641 (18.7067, -1.33456)
    6902 (17.6067, -4.46267) -> 9989 (17.6577, -4.36271)
    6903 (22.469, 6.58667) -> 9911 (22.3155, 6.58706)
    6904 (4.94066e-324, 6.9533e-310) -> 2209 (0.166112, 0.830897)
    6905 (10.991, 3.0458) -> 8579 (10.4415, 2.27051)
    6906 (2.40523, 25.8388) -> 2275 (2.05211, 25.0147)
    6907 (6.79639, 28.2976) -> 2510 (6.35832, 27.7001)
    6908 (23.2207, -3.51761) -> 9726 (23.2265, -4.11043)
    6909 (15.8833, 12.3249) -> 9717 (16.2324, 12.2449)
    6910 (5.84576, -1.3898) -> 9625 (5.06778, -1.6814)
    6911 (4.94066e-324, 6.9533e-310) -> 2209 (0.166112, 0.830897)
    6912 (20.0834, 20.0211) -> 7199 (20.4454, 19.2594)
    6913 (12.6561, -4.25035) -> 8832 (12.2883, -4.32632)
    6914 (13.2381, 8.46784) -> 9751 (13.3792, 8.28756)
    6915 (20.1033, 12.2125) -> 9978 (20.723, 12.2576)
    6916 (10.3875, 16.5028) -> 6724 (10.067, 16.7652)
    6917 (10.6669, 7.39565) -> 4628 (10.2379, 6.75099)
    6918 (8.27788, 3.5018) -> 5264 (7.46906, 3.42219)
    6919 (18.0903, -4.93563) -> 9126 (17.4813, -4.89101)
    6920 (19.7027, 21.6526) -> 8272 (20.0826, 20.9073)
    6921 (6.05005, -4.93802) -> 8485 (5.46125, -4.16665)
    6922 (18.9847, 21.5458) -> 8232 (18.9878, 21.4224)
    6923 (21.221, 21.2242) -> 1211 (21.2572, 21.0122)
    6924 (19.8138, 6.26635) -> 9782 (19.531, 5.64225)
    6925 (18.6929, 28.1946) -> 9183 (18.7268, 28.1014)
    6926 (16.5274, 2.03291) -> 9962 (16.3287, 1.58887)
    6927 (13.3618, 4.5581) -> 9257 (12.675, 3.85819)
    6928 (18.9404, 10.6476) -> 9531 (18.9848, 9.78105)
    6929 (0.416098, 25.2118) -> 7487 (0.172107, 24.2887)
    6930 (19.0953, 10.3272) -> 9531 (18.9848, 9.78105)
    6931 (19.7865, 23.4079) -> 9254 (19.8947, 22.7402)
    6932 (20.5754, 1.54881) -> 8209 (19.7104, 1.27863)
    6933 (4.94066e-324, 6.9533e-310) -> 2209 (0.166112, 0.830897)
    6934 (15.0722, 4.99879) -> 8670 (14.7161, 4.36074)
    6935 (15.8945, 4.53268) -> 7493 (15.2592, 3.87216)
    6936 (19.6339, 11.3477) -> 7372 (20.2775, 10.8632)
    6937 (14.1219, 11.2936) -> 7296 (14.1883, 11.246)
    6938 (10.7255, 2.96307) -> 8579 (10.4415, 2.27051)
    6939 (2.38855, 13.3031) -> 8490 (1.90472, 13.8273)
    6940 (22.8231, 27.5489) -> 8701 (23.4223, 27.0456)
    6941 (2.35384, 24.8296) -> 7962 (2.28899, 24.101)
    6942 (2.57608, 2.19591) -> 6555 (2.30093, 2.89429)
    6943 (8.52837, 18.1608) -> 9046 (7.98937, 18.1285)
    6944 (7.29815, 1.4307) -> 4741 (6.56657, 1.66242)
    6945 (13.404, 18.4882) -> 4454 (14.1325, 18.2352)
    6946 (8.71477, 1.55103) -> 9144 (8.12937, 1.54858)
    6947 (4.94066e-324, 6.9533e-310) -> 2209 (0.166112, 0.830897)
    6948 (15.974, 27.7886) -> 1846 (15.7535, 27.1468)
    6949 (24.6014, 21.947) -> 3202 (24.6852, 21.5351)
    6950 (23.6211, -1.23128) -> 8611 (22.8028, -1.50868)
    6951 (12.1586, -3.36295) -> 7871 (11.3654, -3.22349)
    6952 (15.5145, 8.51736) -> 3899 (15.5126, 8.36867)
    6953 (21.1011, 9.52642) -> 9842 (21.2568, 9.19858)
    6954 (22.398, -1.00872) -> 9228 (22.0976, -1.31873)
    6955 (9.32809, 6.73375) -> 1091 (8.56702, 6.34199)
    6956 (12.8567, 23.1848) -> 9603 (12.3203, 22.728)
    6957 (22.9719, 3.69318) -> 7594 (22.4884, 3.42209)
    6958 (11.608, 24.2816) -> 6134 (11.2753, 24.095)
    6959 (17.1202, 17.7559) -> 7197 (17.4949, 17.0275)
    6960 (13.6239, -3.12659) -> 8991 (13.2492, -3.16502)
    6961 (18.0168, 28.7235) -> 8161 (18.3626, 28.1779)
    6962 (15.807, 5.5173) -> 9271 (15.2877, 4.85785)
    6963 (5.89172, 7.46939) -> 8754 (5.05466, 7.47058)
    6964 (5.94454, -3.02931) -> 9746 (5.36219, -2.64142)
    6965 (6.9926, -4.45476) -> 8322 (6.67246, -3.69825)
    6966 (1.93674, 0.200295) -> 8794 (1.72245, 0.474988)
    6967 (8.44073, 27.8384) -> 1706 (7.98747, 27.322)
    6968 (4.83757, 10.8809) -> 7712 (4.13457, 10.9494)
    6969 (23.4275, 8.69138) -> 9438 (23.0415, 7.92733)
    6970 (20.3907, 6.31566) -> 9752 (20.259, 5.87419)
    6971 (24.936, -0.220078) -> 8889 (24.0227, -0.312279)
    6972 (21.3141, 7.50666) -> 9950 (21.7957, 7.14588)
    6973 (22.0989, 23.7907) -> 7030 (22.3511, 22.9132)
    6974 (24.8219, 8.64618) -> 8013 (24.3645, 8.68418)
    6975 (11.0959, 4.37347) -> 7469 (10.5156, 4.13276)
    6976 (20.5109, 29.8556) -> 2589 (20.7833, 28.9713)
    6977 (23.9022, 11.1766) -> 9841 (24.2447, 10.3084)
    6978 (24.3235, 17.1463) -> 5417 (24.5721, 16.3977)
    6979 (2.53972, 7.63593) -> 743 (2.28336, 7.7592)
    6980 (21.2312, 2.65493) -> 7399 (20.6831, 2.47548)
    6981 (12.709, 21.2126) -> 519 (12.0354, 20.8557)
    6982 (13.7353, -2.20077) -> 6552 (12.7569, -2.00776)
    6983 (22.761, 28.7081) -> 6877 (23.1876, 27.9577)
    6984 (16.0501, 1.00849) -> 9916 (15.8365, 1.11438)
    6985 (20.3863, 22.78) -> 9736 (20.6725, 22.021)
    6986 (22.2413, -4.87227) -> 362 (21.4728, -4.70275)
    6987 (24.5863, 17.8868) -> 3576 (24.6757, 17.2485)
    6988 (19.0481, 19.8145) -> 1476 (18.9533, 19.1566)
    6989 (14.5578, 24.0027) -> 7002 (14.8119, 23.1194)
    6990 (18.8719, 13.7004) -> 5120 (19.2102, 12.7691)
    6991 (8.86916, 1.64508) -> 9144 (8.12937, 1.54858)
    6992 (19.0053, -1.51578) -> 9975 (18.3248, -2.13121)
    6993 (20.8907, 26.5245) -> 9525 (20.3118, 25.9199)
    6994 (5.71982, 23.5387) -> 9367 (5.31983, 23.1655)
    6995 (6.01849, -1.25497) -> 9754 (5.9208, -0.959928)
    6996 (15.06, 7.35635) -> 9223 (15.089, 6.83693)
    6997 (15.5765, 1.85632) -> 9402 (15.3497, 2.08495)
    6998 (9.1858, 4.99955) -> 8753 (8.94558, 4.59894)
    6999 (15.3541, 9.76659) -> 8882 (15.7357, 8.89611)
    7000 (11.6779, 28.0619) -> 267 (10.8848, 27.5222)
    7001 (15.0109, 9.59073) -> 7986 (15.7957, 9.04698)
    7002 (14.8119, 23.1194) -> 3732 (15.3784, 22.3666)
    7003 (23.8002, 17.3283) -> 6548 (24.3359, 16.5397)
    7004 (20.4457, 29.9751) -> 6976 (20.5109, 29.8556)
    7005 (6.39994, 8.58919) -> 9510 (5.9308, 8.55083)
    7006 (11.4314, 24.8508) -> 3690 (10.5807, 24.6504)
    7007 (6.99395, 18.9253) -> 9465 (6.68712, 18.7957)
    7008 (19.7413, -2.05871) -> 9245 (19.6385, -2.50956)
    7009 (22.5723, 28.8653) -> 6281 (22.9557, 27.9614)
    7010 (16.1819, 13.3119) -> 2839 (16.5702, 12.8338)
    7011 (4.94066e-324, 6.9533e-310) -> 2209 (0.166112, 0.830897)
    7012 (1.99501, 3.65528) -> 9983 (2.01447, 3.84908)
    7013 (0.532265, 1.3172) -> 9551 (0.562415, 2.27446)
    7014 (1.54448, 1.12704) -> 9899 (1.57877, 1.38033)
    7015 (2.191, 8.58826) -> 7420 (1.96875, 8.73545)
    7016 (7.9375, 14.248) -> 4928 (7.15986, 14.5221)
    7017 (15.392, 3.15755) -> 9699 (15.0493, 2.53889)
    7018 (18.6051, 15.0712) -> 6276 (18.8834, 14.1893)
    7019 (19.0599, 8.28575) -> 9928 (18.7729, 7.89008)
    7020 (15.2106, 12.8849) -> 3561 (16.0915, 12.6676)
    7021 (22.1286, -4.86802) -> 362 (21.4728, -4.70275)
    7022 (6.82595, -2.94487) -> 8534 (6.16004, -2.69775)
    7023 (7.16928, 9.29829) -> 9969 (6.28064, 8.92629)
    7024 (18.7645, 2.34568) -> 7994 (18.334, 1.464)
    7025 (16.9337, -2.09961) -> 9776 (16.5444, -2.43759)
    7026 (0.214483, 17.0631) -> 6595 (0.498907, 16.1848)
    7027 (3.22081, 1.2349) -> 9860 (2.92214, 2.12143)
    7028 (18.1256, -2.91837) -> 9943 (18.0602, -3.77262)
    7029 (4.44532, 4.81795) -> 7050 (3.4994, 4.81031)
    7030 (22.3511, 22.9132) -> 5499 (22.4439, 22.4429)
    7031 (22.642, 27.5134) -> 4996 (22.9046, 27.0553)
    7032 (4.94066e-324, 6.9533e-310) -> 2209 (0.166112, 0.830897)
    7033 (12.4763, 23.9805) -> 3806 (12.1284, 23.5423)
    7034 (14.4443, 10.1028) -> 7001 (15.0109, 9.59073)
    7035 (22.304, 10.3409) -> 7723 (22.7099, 9.76803)
    7036 (22.0339, 20.8152) -> 1090 (22.2791, 19.902)
    7037 (1.13142, 5.84342) -> 3385 (1.13513, 6.60941)
    7038 (6.50616, 26.8366) -> 9826 (5.90841, 26.0427)
    7039 (14.4974, 2.65614) -> 9106 (14.211, 2.70467)
    7040 (13.1419, 29.6296) -> 7868 (13.022, 29.4917)
    7041 (17.3299, 2.64895) -> 7270 (17.0742, 2.55718)
    7042 (7.78865, -2.79989) -> 7390 (7.0847, -2.31915)
    7043 (5.23276, 2.0295) -> 9411 (4.70525, 2.41429)
    7044 (20.8255, -3.27204) -> 9425 (20.0987, -3.28527)
    7045 (8.77986, 0.387559) -> 8434 (7.86579, 0.711253)
    7046 (24.6871, 6.26284) -> 8655 (24.4986, 5.85913)
    7047 (5.3279, 28.7393) -> 1370 (4.84061, 28.0394)
    7048 (6.24329, 15.837) -> 9599 (5.5365, 15.3334)
    7049 (10.647, 1.58759) -> 9744 (10.1257, 1.56992)
    7050 (3.4994, 4.81031) -> 8599 (3.25299, 4.74824)
    7051 (2.75508, 5.53334) -> 9504 (2.60122, 5.86629)
    7052 (4.94066e-324, 6.9533e-310) -> 2209 (0.166112, 0.830897)
    7053 (23.7336, 9.89447) -> 2255 (23.5291, 9.30556)
    7054 (18.6221, 4.38628) -> 6425 (18.1809, 3.60035)
    7055 (0.608368, 17.0841) -> 3048 (0.642563, 16.4986)
    7056 (18.2267, 10.5095) -> 4055 (18.5413, 9.72343)
    7057 (18.9328, 19.6207) -> 8985 (19.0969, 18.6425)
    7058 (21.2709, 11.0554) -> 9390 (21.6595, 10.3831)
    7059 (7.49765, 4.62686) -> 9216 (7.08004, 4.46709)
    7060 (19.7625, 11.1347) -> 8902 (20.0642, 10.2263)
    7061 (9.66084, 24.7191) -> 9984 (9.59915, 24.5066)
    7062 (22.7294, -0.236942) -> 9389 (22.8995, -0.788424)
    7063 (13.914, -1.86731) -> 9266 (13.2428, -1.79468)
    7064 (24.7543, 23.6629) -> 8899 (24.9964, 22.9583)
    7065 (16.7935, 6.2842) -> 3759 (16.704, 6.07732)
    7066 (23.6082, 10.3367) -> 8051 (23.7919, 10.1732)
    7067 (13.2492, 10.0392) -> 3891 (13.688, 9.15854)
    7068 (15.8759, 17.2405) -> 7755 (16.4236, 16.556)
    7069 (13.6278, 27.6883) -> 9785 (13.0508, 27.4329)
    7070 (4.94066e-324, 6.9533e-310) -> 2209 (0.166112, 0.830897)
    7071 (22.8273, 8.94487) -> 9450 (22.9741, 8.41096)
    7072 (9.15284, 20.7622) -> 5046 (8.26241, 20.4351)
    7073 (0.748434, 13.4567) -> 9761 (0.739072, 13.7146)
    7074 (16.3579, -3.8279) -> 8826 (15.8816, -3.73537)
    7075 (10.3362, 21.5688) -> 676 (9.80174, 21.063)
    7076 (6.73719, 3.63553) -> 9274 (6.00683, 3.62891)
    7077 (23.0077, -4.77382) -> 4494 (22.0753, -4.75506)
    7078 (3.63032, 5.85281) -> 8123 (3.33319, 5.75113)
    7079 (21.4711, 16.1415) -> 414 (21.7679, 15.3383)
    7080 (24.2523, 11.0018) -> 9841 (24.2447, 10.3084)
    7081 (7.24218, -2.11675) -> 5416 (6.41878, -1.60504)
    7082 (4.94066e-324, 6.9533e-310) -> 2209 (0.166112, 0.830897)
    7083 (4.07822, 10.9233) -> 3354 (3.79098, 11.0224)
    7084 (17.077, 20.9845) -> 2872 (17.5294, 20.2119)
    7085 (16.0455, 10.5496) -> 1934 (16.2725, 9.65387)
    7086 (2.66179, 10.7213) -> 4718 (1.80803, 10.9397)
    7087 (6.66078, 7.17696) -> 9401 (5.77581, 6.98355)
    7088 (3.20463, 1.9877) -> 9966 (2.91677, 2.36167)
    7089 (5.13286, 4.18117) -> 8516 (4.45446, 4.08793)
    7090 (16.5207, 21.6372) -> 9186 (16.7163, 21.9207)
    7091 (11.6305, -1.16696) -> 9753 (10.8763, -1.21801)
    7092 (11.6206, 9.94163) -> 9100 (11.7431, 9.34466)
    7093 (16.4395, 3.21056) -> 9682 (16.1384, 3.02238)
    7094 (5.67577, 5.64288) -> 8454 (5.10161, 6.03708)
    7095 (6.28781, 10.9671) -> 9094 (5.53582, 10.7687)
    7096 (2.69095, 26.4492) -> 8793 (2.5065, 25.7061)
    7097 (4.70694, 23.4542) -> 4078 (4.15873, 22.8419)
    7098 (11.7945, 0.512414) -> 5031 (10.8558, 0.639079)
    7099 (8.41202, 2.57919) -> 7747 (7.55884, 2.45217)
    7100 (8.32724, -0.195946) -> 9428 (7.64817, -0.108808)
    7101 (4.14664, 10.2362) -> 14 (3.4557, 10.4734)
    7102 (21.5773, 12.7675) -> 7968 (21.3347, 12.0545)
    7103 (14.2398, 1.13118) -> 8651 (13.5134, 1.01477)
    7104 (6.34844, 8.7537) -> 9510 (5.9308, 8.55083)
    7105 (8.79836, 29.9522) -> 8446 (8.50293, 29.2934)
    7106 (4.94066e-324, 6.9533e-310) -> 2209 (0.166112, 0.830897)
    7107 (20.546, 3.71258) -> 9963 (20.4956, 4.0439)
    7108 (10.6655, 28.2518) -> 7564 (10.7243, 28.063)
    7109 (24.0131, 2.7084) -> 8865 (23.2429, 2.23758)
    7110 (18.616, 0.116776) -> 1264 (18.2336, -0.0678426)
    7111 (2.01145, 9.32247) -> 4735 (1.7, 9.92886)
    7112 (21.1699, 10.0853) -> 9842 (21.2568, 9.19858)
    7113 (18.6017, 1.68814) -> 7674 (17.8704, 1.36412)
    7114 (19.8485, 12.6663) -> 9978 (20.723, 12.2576)
    7115 (14.7809, 4.29107) -> 9383 (14.4539, 4.56231)
    7116 (4.94066e-324, 6.9533e-310) -> 2209 (0.166112, 0.830897)
    7117 (12.0992, 2.03845) -> 2352 (11.1258, 1.98887)
    7118 (19.0018, 23.8756) -> 9037 (19.2056, 23.2514)
    7119 (14.4268, -4.77757) -> 9041 (14.243, -4.49281)
    7120 (17.4747, 19.5617) -> 9854 (17.5784, 19.4783)
    7121 (0.836505, 23.9966) -> 9906 (0.981537, 23.6141)
    7122 (4.29203, 20.3588) -> 7856 (4.11063, 20.0093)
    7123 (23.7051, -2.18118) -> 9973 (23.0257, -1.60631)
    7124 (20.1198, 11.7534) -> 4809 (20.6006, 10.9107)
    7125 (4.94066e-324, 6.9533e-310) -> 2209 (0.166112, 0.830897)
    7126 (14.5624, 17.3492) -> 9302 (14.8888, 17.1224)
    7127 (8.74296, -1.31333) -> 9685 (7.82459, -1.377)
    7128 (12.795, 19.4307) -> 8456 (13.0267, 19.1234)
    7129 (18.2714, 27.6185) -> 9303 (18.4415, 26.891)
    7130 (2.49232, 20.1438) -> 3548 (2.33093, 19.263)
    7131 (16.0204, 15.5706) -> 9526 (16.4773, 15.4792)
    7132 (16.5306, 10.4573) -> 7933 (17.0863, 9.6914)
    7133 (22.1623, 10.67) -> 7035 (22.304, 10.3409)
    7134 (1.98176, 10.0826) -> 2343 (1.4663, 10.5708)
    7135 (14.177, 25.1539) -> 8798 (14.6412, 24.5659)
    7136 (12.9059, 24.0104) -> 4891 (12.147, 23.4503)
    7137 (8.52015, -4.97013) -> 7400 (7.76193, -4.5927)
    7138 (17.565, -2.05492) -> 9235 (16.7742, -1.53426)
    7139 (23.258, 10.8609) -> 9798 (23.2194, 10.4868)
    7140 (3.12652, -1.21762) -> 9739 (3.18773, -1.05705)
    7141 (2.54336, 16.5256) -> 503 (1.83239, 16.0106)
    7142 (11.9473, 24.314) -> 8702 (12.0282, 24.1508)
    7143 (17.2361, 1.1066) -> 9809 (16.749, 0.372322)
    7144 (1.63626, -1.61828) -> 1244 (1.44598, -0.677348)
    7145 (20.5922, 12.2958) -> 9978 (20.723, 12.2576)
    7146 (18.1958, 26.2841) -> 7545 (18.4234, 25.5935)
    7147 (21.4937, 23.832) -> 3065 (21.6953, 23.4388)
    7148 (10.7962, 22.3715) -> 6004 (10.572, 22.1294)
    7149 (19.5256, 25.2661) -> 9628 (19.1227, 25.0368)
    7150 (9.90931, 23.9703) -> 8948 (9.59698, 23.3867)
    7151 (0.6162, 7.21843) -> 9593 (0.483326, 7.7801)
    7152 (2.39687, 8.37311) -> 7420 (1.96875, 8.73545)
    7153 (16.4749, 27.2679) -> 7432 (16.4319, 26.7419)
    7154 (20.6741, 24.5705) -> 5471 (20.8309, 23.8085)
    7155 (15.3756, 19.7024) -> 9601 (15.8811, 19.2637)
    7156 (21.8016, 0.553661) -> 9524 (21.1015, 0.00941342)
    7157 (12.7189, 0.375365) -> 9768 (12.5441, 0.224692)
    7158 (6.2735, 9.0959) -> 9665 (5.81756, 8.88899)
    7159 (16.726, 4.07042) -> 9719 (15.9464, 3.46279)
    7160 (8.59471, -2.91582) -> 7557 (8.14387, -2.59039)
    7161 (8.09905, -4.37246) -> 9214 (7.45285, -3.82146)
    7162 (2.82299, 23.5631) -> 9815 (2.56398, 22.7251)
    7163 (20.8971, 12.2466) -> 7863 (21.3399, 11.4976)
    7164 (20.3039, 5.61971) -> 9617 (20.9253, 5.32649)
    7165 (10.8961, -1.67251) -> 9893 (10.2057, -1.20739)
    7166 (2.38933, 13.6273) -> 3 (1.73882, 14.3261)
    7167 (2.67267, 29.6984) -> 5915 (2.62844, 28.7514)
    7168 (1.18008, 13.4134) -> 9968 (1.11892, 14.0458)
    7169 (4.35718, -3.22647) -> 9732 (4.53778, -3.19324)
    7170 (23.7513, 17.5701) -> 9115 (23.7591, 17.501)
    7171 (13.9691, -1.8296) -> 9266 (13.2428, -1.79468)
    7172 (1.01897, 16.9445) -> 4175 (0.877288, 16.4205)
    7173 (9.49848, 25.1041) -> 9984 (9.59915, 24.5066)
    7174 (16.9322, 11.3583) -> 3125 (17.1338, 11.1348)
    7175 (3.96747, 9.02351) -> 2242 (3.19738, 9.19097)
    7176 (22.6582, 26.1065) -> 8070 (22.6893, 25.3966)
    7177 (2.61111, 17.2941) -> 8482 (2.11473, 16.7251)
    7178 (4.94066e-324, 6.9533e-310) -> 2209 (0.166112, 0.830897)
    7179 (19.9697, -0.653168) -> 9295 (19.9351, -0.555704)
    7180 (17.7173, 21.2565) -> 5393 (18.1696, 20.4635)
    7181 (5.90877, 29.0788) -> 8528 (5.50152, 28.6834)
    7182 (11.919, 4.93588) -> 8480 (12.0753, 4.78082)
    7183 (18.7959, -1.07345) -> 142 (17.9336, -1.18795)
    7184 (1.51756, 16.9978) -> 5276 (1.3311, 16.3508)
    7185 (1.73126, 14.1211) -> 7619 (1.34196, 14.5671)
    7186 (14.7832, 29.2386) -> 2026 (14.7171, 29.1566)
    7187 (9.70613, -1.04186) -> 9901 (9.29662, -0.685191)
    7188 (9.21487, 22.2163) -> 4233 (8.66597, 21.9794)
    7189 (15.1114, 0.75911) -> 9642 (14.6074, 0.00629434)
    7190 (8.02892, 5.32302) -> 8673 (7.41163, 4.93186)
    7191 (12.3587, 29.5815) -> 8509 (12.1734, 29.4578)
    7192 (8.76223, 22.8207) -> 6471 (8.24521, 22.6615)
    7193 (21.5399, 5.77905) -> 9617 (20.9253, 5.32649)
    7194 (16.0555, -3.7535) -> 8826 (15.8816, -3.73537)
    7195 (7.56428, 29.8219) -> 8363 (7.34176, 29.3744)
    7196 (5.03309, 1.966) -> 9622 (4.10851, 2.22235)
    7197 (17.4949, 17.0275) -> 8884 (17.8964, 16.463)
    7198 (7.28232, 2.18331) -> 1650 (6.61367, 2.37061)
    7199 (20.4454, 19.2594) -> 8937 (20.5933, 18.8257)
    7200 (7.08156, 26.5244) -> 9027 (6.60695, 26.0733)
    7201 (10.142, 9.87808) -> 6616 (10.0315, 9.18479)
    7202 (6.26075, -0.478214) -> 4826 (5.56022, -0.223156)
    7203 (6.86691, 0.0818021) -> 9124 (6.07478, 0.31791)
    7204 (2.24632, 5.00659) -> 2418 (1.9206, 5.4688)
    7205 (7.00728, 0.529369) -> 9124 (6.07478, 0.31791)
    7206 (24.152, -0.828586) -> 3908 (23.3824, -1.04478)
    7207 (1.80015, 6.69397) -> 7730 (1.54988, 6.98014)
    7208 (6.29744, 25.7107) -> 2681 (5.82665, 24.9681)
    7209 (5.28249, 6.22058) -> 5904 (4.43502, 6.49959)
    7210 (3.70731, 21.106) -> 2427 (3.57117, 20.4106)
    7211 (17.0296, 23.9953) -> 9687 (17.2146, 23.6365)
    7212 (21.3531, 25.0232) -> 7300 (21.5692, 24.7471)
    7213 (3.47991, 17.7787) -> 1881 (2.84459, 17.2685)
    7214 (15.7285, 25.6536) -> 9896 (15.6726, 25.4094)
    7215 (3.48138, 0.177521) -> 8666 (3.12908, 0.230462)
    7216 (4.94066e-324, 6.9533e-310) -> 2209 (0.166112, 0.830897)
    7217 (19.9134, 9.29811) -> 9961 (19.7118, 9.24112)
    7218 (21.1038, -0.212507) -> 9377 (20.269, -0.595853)
    7219 (12.4475, -4.8374) -> 9721 (11.877, -4.70861)
    7220 (20.9858, -0.461465) -> 9377 (20.269, -0.595853)
    7221 (18.7306, 29.4779) -> 9770 (18.5591, 29.1173)
    7222 (15.4474, 15.6652) -> 7398 (15.8435, 15.0896)
    7223 (4.94066e-324, 6.9533e-310) -> 2209 (0.166112, 0.830897)
    7224 (9.65027, -0.997123) -> 9901 (9.29662, -0.685191)
    7225 (12.7149, 28.8153) -> 6291 (12.3377, 28.374)
    7226 (11.7955, 16.782) -> 7927 (11.6522, 17.0948)
    7227 (21.4724, 14.4166) -> 9994 (21.4611, 13.8907)
    7228 (20.6133, 1.36822) -> 9597 (19.7636, 0.857945)
    7229 (12.5939, 4.9068) -> 8480 (12.0753, 4.78082)
    7230 (19.8678, 2.90686) -> 8921 (19.3316, 2.3591)
    7231 (16.0278, 26.3712) -> 9974 (16.2673, 25.8052)
    7232 (18.58, 14.6116) -> 6990 (18.8719, 13.7004)
    7233 (6.83878, 7.85584) -> 8153 (6.52814, 7.6478)
    7234 (2.79015, 29.3251) -> 2543 (2.58409, 28.4463)
    7235 (2.63513, 25.4864) -> 9796 (2.52029, 24.8066)
    7236 (12.1307, 20.2902) -> 1886 (11.6515, 19.9366)
    7237 (19.6776, 5.0944) -> 8977 (19.264, 4.74364)
    7238 (11.3666, 20.0354) -> 9459 (10.863, 19.9442)
    7239 (13.7374, 3.52906) -> 7628 (13.2286, 2.95429)
    7240 (3.72719, 0.34406) -> 9953 (3.12525, -0.406663)
    7241 (23.3146, 16.5838) -> 9114 (23.743, 15.6865)
    7242 (3.08674, 0.755111) -> 9165 (3.30978, 1.20797)
    7243 (4.94066e-324, 6.9533e-310) -> 2209 (0.166112, 0.830897)
    7244 (18.1915, 24.6003) -> 9725 (18.5565, 24.0421)
    7245 (1.49545, 28.457) -> 7813 (1.55059, 27.7559)
    7246 (23.1031, 6.67863) -> 7953 (22.5882, 6.23504)
    7247 (10.983, 5.47261) -> 9662 (10.9453, 5.42681)
    7248 (18.1923, 19.8154) -> 8924 (18.6194, 19.1532)
    7249 (2.75316, 22.3193) -> 605 (2.60728, 21.6881)
    7250 (14.9777, 6.25983) -> 3207 (14.6377, 5.48411)
    7251 (23.0729, 16.4106) -> 8876 (23.5737, 15.8521)
    7252 (18.0424, -1.49201) -> 9071 (17.3908, -1.44395)
    7253 (22.3563, 8.28582) -> 9084 (22.8327, 8.24355)
    7254 (3.85975, 11.2308) -> 9810 (3.14041, 11.3263)
    7255 (22.4224, 27.9061) -> 9663 (22.4081, 27.2264)
    7256 (5.65676, 15.5411) -> 8696 (4.86129, 15.4634)
    7257 (9.35686, 27.3624) -> 1358 (8.83361, 26.6515)
    7258 (15.7206, 28.4637) -> 9342 (15.6505, 27.8856)
    7259 (7.41441, 4.51597) -> 9216 (7.08004, 4.46709)
    7260 (15.6115, 10.1626) -> 9079 (16.0137, 9.63695)
    7261 (23.3141, 5.93066) -> 9822 (23.0384, 5.72212)
    7262 (16.1278, 17.5622) -> 8411 (16.8437, 16.9815)
    7263 (10.2786, 1.73192) -> 9932 (9.56734, 1.42349)
    7264 (16.0341, 13.3048) -> 2839 (16.5702, 12.8338)
    7265 (23.8876, 15.4745) -> 9807 (23.9186, 14.5824)
    7266 (12.6167, -2.22716) -> 9955 (11.7555, -2.31404)
    7267 (10.5147, 20.2283) -> 2145 (9.62023, 20.012)
    7268 (15.6835, -4.43969) -> 8766 (14.916, -4.29853)
    7269 (1.43357, 20.2836) -> 8835 (1.21495, 19.6681)
    7270 (17.0742, 2.55718) -> 2855 (16.3729, 2.2588)
    7271 (16.5599, 4.34031) -> 9507 (15.9408, 3.55924)
    7272 (3.00781, 23.0567) -> 7249 (2.75316, 22.3193)
    7273 (22.0716, 11.3901) -> 9660 (22.1342, 10.6488)
    7274 (15.784, 3.41049) -> 9719 (15.9464, 3.46279)
    7275 (22.1168, 15.9678) -> 5641 (22.5943, 15.1533)
    7276 (12.4732, 20.1936) -> 9451 (13.0115, 19.8007)
    7277 (2.14437, 4.1877) -> 9207 (1.91121, 4.31165)
    7278 (8.62551, -4.2435) -> 9148 (7.92824, -3.82286)
    7279 (20.3318, 7.94122) -> 9509 (20.4259, 7.11284)
    7280 (16.3202, 9.81985) -> 8211 (16.3594, 9.65907)
    7281 (14.5533, 10.0505) -> 7556 (15.1047, 9.35028)
    7282 (13.7188, -4.37594) -> 8699 (13.1058, -4.53249)
    7283 (5.79854, 25.4053) -> 6155 (5.34537, 24.9991)
    7284 (2.40645, 15.6129) -> 5192 (1.8375, 15.3373)
    7285 (8.23631, 16.2871) -> 6869 (7.26206, 16.145)
    7286 (13.7585, 4.14116) -> 9738 (13.1571, 3.7671)
    7287 (3.3611, -0.118784) -> 8666 (3.12908, 0.230462)
    7288 (24.5486, -0.0354252) -> 8889 (24.0227, -0.312279)
    7289 (4.94066e-324, 6.9533e-310) -> 2209 (0.166112, 0.830897)
    7290 (16.7412, 3.67779) -> 9682 (16.1384, 3.02238)
    7291 (15.9756, 8.79586) -> 9996 (16.1374, 8.26381)
    7292 (1.35714, 24.9914) -> 735 (1.37809, 24.052)
    7293 (8.49997, -2.5315) -> 6433 (7.74836, -1.91131)
    7294 (7.9761, 0.456905) -> 8596 (7.73496, 0.440049)
    7295 (13.5085, 19.8331) -> 9072 (13.7646, 19.6356)
    7296 (14.1883, 11.246) -> 2781 (15.0868, 10.9386)
    7297 (11.2836, 8.19628) -> 5467 (11.1059, 7.25239)
    7298 (13.0183, -1.72879) -> 4364 (12.0861, -1.3813)
    7299 (20.856, 7.17694) -> 8925 (20.7455, 6.83576)
    7300 (21.5692, 24.7471) -> 5062 (21.8485, 24.3495)
    7301 (0.221208, 0.908274) -> 8244 (0.230069, 1.40969)
    7302 (8.14946, 28.3316) -> 9375 (7.7649, 27.6508)
    7303 (19.6211, -0.148999) -> 8034 (18.6341, -0.208927)
    7304 (2.99453, 23.9311) -> 7272 (3.00781, 23.0567)
    7305 (20.5396, -4.02629) -> 8019 (20.3419, -3.99445)
    7306 (17.2277, 11.5116) -> 9180 (17.7065, 11.2263)
    7307 (22.1104, 5.31765) -> 9802 (21.7479, 4.55596)
    7308 (4.88367, 15.7209) -> 9519 (4.16311, 16.1102)
    7309 (12.0367, -4.82274) -> 9721 (11.877, -4.70861)
    7310 (18.6551, -0.684103) -> 7465 (18.0317, -0.871415)
    7311 (12.4109, 9.49599) -> 5987 (12.5517, 9.06594)
    7312 (15.2138, 28.7149) -> 9919 (15.1888, 28.2959)
    7313 (3.39473, 15.3842) -> 7677 (2.80974, 15.435)
    7314 (3.45267, 1.0772) -> 9165 (3.30978, 1.20797)
    7315 (23.5093, -0.0286149) -> 9389 (22.8995, -0.788424)
    7316 (12.4341, 15.7986) -> 3132 (13.0635, 16.5259)
    7317 (1.23861, 0.884851) -> 5180 (1.2309, 1.59401)
    7318 (9.68559, -2.27731) -> 8778 (9.11355, -2.557)
    7319 (15.58, 15.5357) -> 7398 (15.8435, 15.0896)
    7320 (12.665, 17.7214) -> 5078 (13.0936, 17.6639)
    7321 (4.94066e-324, 6.9533e-310) -> 2209 (0.166112, 0.830897)
    7322 (11.5253, 24.1583) -> 8350 (10.7921, 23.6855)
    7323 (4.94066e-324, 6.9533e-310) -> 2209 (0.166112, 0.830897)
    7324 (6.76909, 22.1159) -> 9194 (6.08416, 21.5166)
    7325 (23.0902, 5.15454) -> 8590 (23.0281, 4.33679)
    7326 (19.0529, 22.5802) -> 9486 (19.1451, 22.4378)
    7327 (6.60538, 9.50451) -> 2276 (6.20217, 9.40363)
    7328 (4.56739, 14.5133) -> 1386 (3.57762, 14.5339)
    7329 (3.1524, 3.07722) -> 9156 (2.93543, 3.37758)
    7330 (24.4255, -2.19905) -> 9373 (23.8474, -1.8064)
    7331 (10.0046, 18.3567) -> 4288 (9.57722, 18.279)
    7332 (22.0998, 11.2281) -> 7940 (22.434, 10.4268)
    7333 (1.88747, -1.72793) -> 8831 (1.68062, -1.09987)
    7334 (11.6294, 19.9143) -> 3142 (11.2565, 19.7447)
    7335 (16.6006, 25.3753) -> 9272 (16.8816, 24.9235)
    7336 (14.856, -4.00085) -> 9329 (14.4023, -3.90297)
    7337 (15.8547, 29.5387) -> 2325 (15.7971, 28.9232)
    7338 (16.6863, -1.5358) -> 5404 (15.9777, -1.63741)
    7339 (5.53789, 23.5612) -> 9367 (5.31983, 23.1655)
    7340 (24.1025, 10.0729) -> 9407 (24.0784, 9.23037)
    7341 (12.0755, 27.0256) -> 8554 (11.4479, 26.2543)
    7342 (24.8164, -4.3113) -> 1145 (23.8594, -4.2402)
    7343 (8.21194, -4.28384) -> 9214 (7.45285, -3.82146)
    7344 (6.66117, 18.9526) -> 9393 (6.02364, 18.553)
    7345 (5.37879, 10.2454) -> 8170 (4.58128, 10.0986)
    7346 (21.671, 20.727) -> 8593 (21.3701, 19.9716)
    7347 (4.94066e-324, 6.9533e-310) -> 2209 (0.166112, 0.830897)
    7348 (20.2427, -0.515025) -> 9295 (19.9351, -0.555704)
    7349 (12.2297, 21.2883) -> 1409 (11.701, 21.0062)
    7350 (19.4889, 1.01175) -> 8906 (18.69, 0.76712)
    7351 (13.2175, -3.97292) -> 9284 (13.1482, -3.86833)
    7352 (13.3367, 25.5384) -> 383 (12.6819, 24.9638)
    7353 (2.12462, 13.778) -> 7185 (1.73126, 14.1211)
    7354 (13.2643, 1.20452) -> 5131 (12.6615, 0.870398)
    7355 (23.0837, 18.8155) -> 6151 (23.2124, 17.8981)
    7356 (20.9498, 10.8797) -> 9390 (21.6595, 10.3831)
    7357 (6.84958, 24.6645) -> 1596 (6.23275, 24.0507)
    7358 (9.64047, 4.34256) -> 9482 (8.69474, 4.24527)
    7359 (17.603, 15.0229) -> 7725 (18.0116, 14.1302)
    7360 (0.49171, 11.5055) -> 1597 (0.438284, 12.2136)
    7361 (7.95723, 9.95305) -> 8313 (7.10938, 9.6226)
    7362 (2.14983, 28.1906) -> 6576 (2.18876, 27.8373)
    7363 (15.3473, 20.5154) -> 6756 (15.45, 20.3758)
    7364 (5.91835, -1.53791) -> 9625 (5.06778, -1.6814)
    7365 (19.7275, -1.18008) -> 7183 (18.7959, -1.07345)
    7366 (11.1404, 17.3929) -> 9234 (11.1897, 17.4176)
    7367 (12.5921, 20.0286) -> 9451 (13.0115, 19.8007)
    7368 (21.689, 24.0855) -> 6973 (22.0989, 23.7907)
    7369 (15.149, 4.79197) -> 8670 (14.7161, 4.36074)
    7370 (13.8268, 11.6728) -> 6852 (14.7878, 11.4056)
    7371 (15.1678, 10.6836) -> 7260 (15.6115, 10.1626)
    7372 (20.2775, 10.8632) -> 9349 (20.7189, 10.2522)
    7373 (7.42207, 29.7952) -> 5481 (6.94103, 29.4227)
    7374 (23.2761, 21.5263) -> 8849 (23.5738, 21.1416)
    7375 (9.81907, 5.61942) -> 8719 (9.39993, 5.44568)
    7376 (13.0176, 2.62245) -> 710 (12.5588, 2.36554)
    7377 (24.2598, 5.59398) -> 2979 (23.6724, 5.40467)
    7378 (24.7824, -0.0835703) -> 8889 (24.0227, -0.312279)
    7379 (20.5167, 21.4432) -> 9706 (20.6827, 20.5026)
    7380 (20.8076, -0.578545) -> 6488 (19.8936, -0.902637)
    7381 (21.7025, 20.4599) -> 8838 (22.0327, 19.5594)
    7382 (21.4896, 4.16244) -> 9604 (21.1055, 3.78025)
    7383 (14.6978, 22.5256) -> 455 (15.0902, 21.6159)
    7384 (21.3026, 20.4466) -> 4359 (21.4643, 19.6372)
    7385 (24.8471, 1.71862) -> 9259 (24.0876, 1.30958)
    7386 (21.6307, 10.7831) -> 9660 (22.1342, 10.6488)
    7387 (1.35227, -2.24527) -> 9315 (1.34681, -2.03325)
    7388 (20.8023, 15.4095) -> 9817 (21.2263, 14.7549)
    7389 (15.7841, 2.81628) -> 9755 (15.7086, 2.48588)
    7390 (7.0847, -2.31915) -> 5468 (6.62617, -2.1348)
    7391 (3.64886, 14.3473) -> 6375 (3.2468, 14.5179)
    7392 (24.7936, 4.28999) -> 9269 (24.0513, 4.14392)
    7393 (5.57902, 8.25055) -> 3980 (5.11254, 7.84551)
    7394 (5.00465, 16.9524) -> 9017 (4.24987, 16.6522)
    7395 (3.27883, 8.00562) -> 9340 (2.7778, 8.18868)
    7396 (12.3503, 5.18174) -> 8480 (12.0753, 4.78082)
    7397 (10.3259, 9.8862) -> 4566 (10.1473, 9.09063)
    7398 (15.8435, 15.0896) -> 8898 (16.3834, 14.6417)
    7399 (20.6831, 2.47548) -> 5746 (20.3251, 2.05987)
    7400 (7.76193, -4.5927) -> 9900 (7.46185, -4.21383)
    7401 (11.4621, 21.0615) -> 5243 (10.9279, 20.6379)
    7402 (24.7256, 28.7166) -> 6377 (24.8868, 28.2639)
    7403 (4.68713, 2.83642) -> 6530 (4.2055, 3.3091)
    7404 (13.505, 23.146) -> 1309 (13.9622, 22.7761)
    7405 (24.6462, 2.29926) -> 3629 (23.9587, 2.07724)
    7406 (24.0491, 12.2049) -> 9747 (23.8093, 11.4192)
    7407 (24.2847, 3.67659) -> 9211 (24.3906, 3.18139)
    7408 (20.5183, 20.053) -> 8269 (20.499, 19.9309)
    7409 (14.7121, 20.3175) -> 8514 (15.4049, 20.1176)
    7410 (3.45902, 18.8353) -> 5076 (2.81067, 18.1494)
    7411 (4.94066e-324, 6.9533e-310) -> 2209 (0.166112, 0.830897)
    7412 (16.097, 14.8643) -> 8898 (16.3834, 14.6417)
    7413 (6.22954, 8.14833) -> 5689 (5.74037, 8.07055)
    7414 (9.64934, 6.211) -> 5459 (8.74114, 5.82681)
    7415 (7.92901, 8.47909) -> 2774 (7.26571, 7.93234)
    7416 (23.0748, -2.40577) -> 9990 (22.9026, -2.13215)
    7417 (13.5092, 4.90052) -> 6927 (13.3618, 4.5581)
    7418 (4.40374, 7.67007) -> 8501 (3.7121, 7.99232)
    7419 (4.38224, 15.8525) -> 8092 (3.7371, 15.9486)
    7420 (1.96875, 8.73545) -> 6391 (1.28437, 9.22313)
    7421 (18.2156, 29.5239) -> 9159 (18.4943, 28.9078)
    7422 (17.7319, 27.6249) -> 9787 (18.0453, 27.1867)
    7423 (18.1327, 17.0767) -> 7709 (18.5473, 16.2709)
    7424 (9.90911, 7.15697) -> 2833 (9.50561, 6.5089)
    7425 (20.1499, 8.19089) -> 9184 (20.8877, 7.53639)
    7426 (23.5667, 27.9574) -> 8941 (23.9335, 27.649)
    7427 (3.83103, 4.59171) -> 9801 (3.20846, 4.67356)
    7428 (17.1036, 22.6633) -> 8791 (17.3312, 22.1676)
    7429 (2.25894, 13.2921) -> 8496 (1.67517, 14.0733)
    7430 (18.0436, 18.4145) -> 6771 (18.5164, 17.6522)
    7431 (16.5048, 17.2946) -> 8411 (16.8437, 16.9815)
    7432 (16.4319, 26.7419) -> 8425 (16.879, 26.1705)
    7433 (1.65976, 4.7455) -> 9971 (1.28458, 5.1189)
    7434 (9.45214, 22.2421) -> 5656 (8.66486, 21.8757)
    7435 (7.81494, 0.281414) -> 9428 (7.64817, -0.108808)
    7436 (1.5946, 21.2048) -> 7664 (1.45146, 20.8162)
    7437 (5.04502, 1.36372) -> 8608 (4.15319, 1.13511)
    7438 (0.567168, 4.32169) -> 9771 (0.60834, 4.90911)
    7439 (13.627, 23.8979) -> 8538 (14.1331, 23.1649)
    7440 (19.2971, -4.32494) -> 9695 (19.1871, -4.08871)
    7441 (19.6838, 24.4603) -> 8564 (19.8761, 24.1629)
    7442 (18.6685, 27.6152) -> 9303 (18.4415, 26.891)
    7443 (3.33323, 3.2272) -> 2322 (3.01659, 3.56672)
    7444 (20.5239, -4.79026) -> 8785 (19.877, -4.96036)
    7445 (15.0152, 16.0352) -> 7319 (15.58, 15.5357)
    7446 (10.2783, 17.416) -> 5349 (9.30255, 17.4293)
    7447 (22.047, 22.6069) -> 4212 (21.9369, 21.9065)
    7448 (19.2826, 11.106) -> 8399 (19.9166, 10.5366)
    7449 (13.106, 27.9541) -> 8113 (12.5614, 27.1435)
    7450 (13.0785, 24.8887) -> 9804 (12.7969, 24.443)
    7451 (12.3149, 0.103374) -> 8756 (11.9766, -0.637326)
    7452 (24.6536, 27.52) -> 653 (24.3223, 26.7657)
    7453 (7.49237, 19.6775) -> 6232 (7.34015, 19.643)
    7454 (21.3945, 26.0064) -> 2941 (21.7763, 25.2667)
    7455 (24.9762, 17.5817) -> 9816 (24.855, 16.7305)
    7456 (24.2628, 0.538596) -> 9727 (23.3465, 0.809681)
    7457 (14.0592, 24.6977) -> 6989 (14.5578, 24.0027)
    7458 (4.28475, 8.59748) -> 9756 (3.48521, 8.79048)
    7459 (3.72965, 16.6616) -> 7948 (3.11211, 16.2698)
    7460 (23.8147, -0.968116) -> 9279 (23.0051, -1.03708)
    7461 (5.04917, 19.5797) -> 1120 (4.50689, 19.2292)
    7462 (3.28627, 16.8793) -> 3091 (2.79423, 16.4775)
    7463 (23.3832, 1.84679) -> 5854 (22.5317, 1.60046)
    7464 (19.2462, 26.9693) -> 9636 (18.6972, 26.3523)
    7465 (18.0317, -0.871415) -> 9737 (17.1746, -1.00784)
    7466 (1.34952, -4.31007) -> 9511 (1.33923, -3.99781)
    7467 (3.25539, 12.1421) -> 8615 (3.02978, 12.2322)
    7468 (2.99742, 5.83945) -> 1399 (2.42875, 6.56191)
    7469 (10.5156, 4.13276) -> 2174 (9.68672, 4.05019)
    7470 (16.157, 22.1384) -> 9086 (16.275, 22.0557)
    7471 (12.8302, 29.2335) -> 2220 (12.3821, 28.8459)
    7472 (22.6936, 0.184105) -> 7880 (22.4156, 0.0845946)
    7473 (2.72815, 2.57795) -> 5288 (2.34763, 3.44393)
    7474 (12.057, 6.89269) -> 8126 (11.9048, 6.02138)
    7475 (22.3492, 22.7514) -> 5499 (22.4439, 22.4429)
    7476 (22.1002, -0.159966) -> 9583 (21.2951, -0.601016)
    7477 (9.67733, -2.70564) -> 8778 (9.11355, -2.557)
    7478 (14.552, 3.08536) -> 9470 (13.9559, 2.8589)
    7479 (2.67369, -2.99595) -> 9902 (2.2461, -2.21562)
    7480 (8.4009, -3.72666) -> 9613 (7.5363, -3.78806)
    7481 (19.0989, 8.7705) -> 9928 (18.7729, 7.89008)
    7482 (16.5612, 28.4261) -> 302 (16.8078, 27.5009)
    7483 (10.2702, 18.2026) -> 963 (9.63468, 18.0735)
    7484 (5.51939, 20.6944) -> 749 (5.18894, 20.3218)
    7485 (4.94066e-324, 6.9533e-310) -> 2209 (0.166112, 0.830897)
    7486 (20.1925, -1.53885) -> 9319 (19.9665, -1.56689)
    7487 (0.172107, 24.2887) -> 9182 (0.282523, 23.504)
    7488 (10.7801, 25.1732) -> 8749 (10.0183, 24.6726)
    7489 (3.21608, 17.8115) -> 5799 (2.72734, 17.3295)
    7490 (15.0835, -3.45795) -> 9177 (14.7774, -3.59912)
    7491 (22.7612, 8.06702) -> 518 (22.7068, 7.34362)
    7492 (7.49754, -1.37723) -> 9965 (6.93455, -1.42877)
    7493 (15.2592, 3.87216) -> 8520 (15.0031, 3.68809)
    7494 (16.329, -1.85526) -> 2164 (15.4271, -1.82727)
    7495 (15.0855, 18.0392) -> 449 (15.4475, 17.7742)
    7496 (0.0454699, 21.2854) -> 3802 (0.372645, 20.6585)
    7497 (3.56822, -0.823209) -> 9953 (3.12525, -0.406663)
    7498 (16.7983, -2.20669) -> 9776 (16.5444, -2.43759)
    7499 (14.1294, -3.44803) -> 8991 (13.2492, -3.16502)
    7500 (24.709, 27.1437) -> 7860 (24.86, 26.1672)
    7501 (0.218546, -0.751994) -> 9570 (4.94066e-324, 6.9533e-310)
    7502 (8.99173, 10.6995) -> 1760 (8.66051, 10.1975)
    7503 (17.0725, 28.1535) -> 9664 (17.6332, 27.4693)
    7504 (1.29828, 1.29571) -> 9899 (1.57877, 1.38033)
    7505 (1.65979, 26.787) -> 6096 (1.59342, 26.062)
    7506 (17.3815, 7.17572) -> 9506 (17.0958, 6.88689)
    7507 (4.78404, 10.9853) -> 1451 (4.12721, 11.2154)
    7508 (13.9887, -0.111263) -> 9945 (13.6527, -0.610638)
    7509 (3.34775, 4.50312) -> 9801 (3.20846, 4.67356)
    7510 (20.0733, 13.9518) -> 8740 (19.9127, 13.7352)
    7511 (10.8145, 0.0740485) -> 9908 (10.613, 0.28303)
    7512 (24.7628, 13.8182) -> 6105 (24.8953, 13.042)
    7513 (1.1724, 18.993) -> 4501 (1.13702, 18.158)
    7514 (12.3642, 24.5861) -> 8702 (12.0282, 24.1508)
    7515 (22.9999, 9.93465) -> 3905 (22.9338, 9.70444)
    7516 (22.927, 15.7924) -> 9544 (23.2561, 14.9038)
    7517 (7.27823, 26.38) -> 4259 (6.56348, 25.7917)
    7518 (6.94646, 4.91434) -> 8584 (6.09774, 4.82679)
    7519 (17.4693, 12.2085) -> 8498 (17.4996, 12.1832)
    7520 (23.5076, 23.6618) -> 2151 (23.714, 23.125)
    7521 (18.9103, 29.3973) -> 9607 (19.2151, 28.4567)
    7522 (21.859, 13.3136) -> 1685 (21.7592, 12.4234)
    7523 (21.3034, 29.4452) -> 9921 (21.4942, 28.5727)
    7524 (21.178, 7.32115) -> 8925 (20.7455, 6.83576)
    7525 (12.3176, 10.2034) -> 4536 (12.6109, 9.28058)
    7526 (5.77804, -0.600504) -> 1853 (5.57041, -0.361301)
    7527 (23.4984, 22.489) -> 9354 (23.6331, 21.9467)
    7528 (15.8894, 7.30566) -> 8093 (15.6362, 6.85349)
    7529 (3.56712, 6.73826) -> 3635 (2.84628, 7.29505)
    7530 (10.9099, 0.731527) -> 8137 (10.368, 0.919716)
    7531 (7.95365, 5.33134) -> 8673 (7.41163, 4.93186)
    7532 (24.0282, -1.6788) -> 9373 (23.8474, -1.8064)
    7533 (1.7506, 7.93469) -> 9731 (1.47898, 8.34041)
    7534 (16.6765, 4.27059) -> 8750 (16.6997, 3.44532)
    7535 (17.6605, 2.13161) -> 4137 (16.7516, 1.87658)
    7536 (3.22177, -2.46007) -> 9042 (2.86845, -2.2042)
    7537 (23.5028, 5.65655) -> 9824 (23.0474, 5.48682)
    7538 (14.1183, 24.9024) -> 2876 (14.3372, 24.5306)
    7539 (20.2179, 29.5063) -> 8936 (20.721, 28.8819)
    7540 (20.0735, 13.5723) -> 4403 (20.3336, 12.7964)
    7541 (13.6326, 27.7977) -> 9785 (13.0508, 27.4329)
    7542 (17.0669, 26.6333) -> 9238 (17.275, 25.7699)
    7543 (22.0937, 24.0742) -> 4497 (22.2509, 23.1611)
    7544 (15.2845, 4.49604) -> 9383 (14.4539, 4.56231)
    7545 (18.4234, 25.5935) -> 9628 (19.1227, 25.0368)
    7546 (1.75798, 12.7834) -> 6544 (1.15208, 12.6879)
    7547 (7.14805, 20.0326) -> 8648 (6.55744, 20.0481)
    7548 (19.1853, 9.95108) -> 9961 (19.7118, 9.24112)
    7549 (14.3591, 20.6509) -> 7743 (14.6107, 19.6943)
    7550 (4.86147, -2.43434) -> 9870 (4.87538, -2.40958)
    7551 (24.5475, 7.49503) -> 9323 (24.8824, 6.72749)
    7552 (6.20675, 13.8587) -> 7942 (5.54229, 13.3442)
    7553 (7.1702, 15.0944) -> 1252 (6.43915, 14.6926)
    7554 (19.6495, -3.53658) -> 2712 (18.9505, -3.29575)
    7555 (4.94066e-324, 6.9533e-310) -> 2209 (0.166112, 0.830897)
    7556 (15.1047, 9.35028) -> 9252 (15.3943, 8.52516)
    7557 (8.14387, -2.59039) -> 2759 (7.34302, -2.15488)
    7558 (0.320435, 22.6632) -> 5509 (0.435835, 22.0107)
    7559 (3.15419, 29.8501) -> 5100 (3.19497, 29.3397)
    7560 (20.4031, 28.1395) -> 9275 (20.6635, 27.3955)
    7561 (10.2188, 1.81186) -> 674 (9.3311, 1.70791)
    7562 (11.3814, 29.9987) -> 8085 (11.0255, 29.5269)
    7563 (9.16202, -3.0841) -> 3013 (8.73015, -2.87142)
    7564 (10.7243, 28.063) -> 5892 (10.1231, 27.387)
    7565 (17.544, 25.9421) -> 9584 (17.3981, 25.7789)
    7566 (10.817, 17.5401) -> 8710 (9.97766, 17.5123)
    7567 (24.3143, 8.61641) -> 9153 (23.9074, 8.72002)
    7568 (14.8344, 11.664) -> 8373 (15.7074, 11.4702)
    7569 (7.92179, 2.90123) -> 5279 (6.93589, 2.94924)
    7570 (19.8608, -0.973816) -> 3480 (19.6951, -0.953128)
    7571 (1.15961, 26.8568) -> 7779 (1.12279, 26.1653)
    7572 (15.6407, 28.0878) -> 9426 (15.4169, 27.14)
    7573 (15.0617, 14.1353) -> 5390 (15.8259, 13.7079)
    7574 (0.179092, -3.93191) -> 5139 (0.267771, -3.18384)
    7575 (8.10317, 16.9719) -> 8522 (7.78348, 17.1473)
    7576 (19.8451, 7.32495) -> 8834 (19.779, 7.0652)
    7577 (9.25683, 21.235) -> 9718 (8.86223, 21.1278)
    7578 (13.9882, 1.87564) -> 8651 (13.5134, 1.01477)
    7579 (19.5008, 28.7506) -> 6353 (19.76, 28.026)
    7580 (5.83258, 18.3009) -> 4966 (5.33833, 18.0258)
    7581 (4.94066e-324, 6.9533e-310) -> 2209 (0.166112, 0.830897)
    7582 (24.618, 29.5149) -> 9047 (24.7353, 29.0347)
    7583 (19.6146, 6.02229) -> 9782 (19.531, 5.64225)
    7584 (5.90957, 23.5367) -> 1943 (5.54357, 22.6339)
    7585 (24.4469, 15.5318) -> 5310 (24.8956, 14.7775)
    7586 (10.3919, 22.2596) -> 149 (9.71467, 22.0807)
    7587 (13.0185, 19.2126) -> 8456 (13.0267, 19.1234)
    7588 (17.5314, 5.51249) -> 506 (17.4834, 5.40638)
    7589 (6.02726, 24.2109) -> 6994 (5.71982, 23.5387)
    7590 (6.58203, 0.0893868) -> 8878 (5.81492, 0.395682)
    7591 (8.44096, 24.0006) -> 8347 (8.19756, 23.7425)
    7592 (7.62704, 19.0536) -> 9465 (6.68712, 18.7957)
    7593 (1.98218, 2.0115) -> 8769 (1.03248, 2.08956)
    7594 (22.4884, 3.42209) -> 9924 (22.6963, 2.58766)
    7595 (5.05315, -4.99957) -> 3050 (5.00784, -4.03328)
    7596 (5.00146, 23.6021) -> 6042 (4.74955, 23.4657)
    7597 (9.22793, -4.35789) -> 9586 (9.29755, -3.44694)
    7598 (15.2011, 27.5677) -> 9426 (15.4169, 27.14)
    7599 (18.9271, 18.3734) -> 9055 (18.9828, 17.9758)
    7600 (21.5336, 22.1525) -> 9853 (21.2865, 21.9516)
    7601 (18.7165, 1.67243) -> 7674 (17.8704, 1.36412)
    7602 (5.46867, -2.13277) -> 9625 (5.06778, -1.6814)
    7603 (11.4503, 1.03103) -> 8877 (10.5073, 0.920586)
    7604 (11.3242, -4.00622) -> 9412 (10.6638, -3.46792)
    7605 (23.6234, 26.3555) -> 525 (23.9955, 25.8206)
    7606 (8.67168, -4.15048) -> 9148 (7.92824, -3.82286)
    7607 (4.54524, 0.764608) -> 8608 (4.15319, 1.13511)
    7608 (13.2556, -2.97964) -> 8523 (12.6982, -2.96063)
    7609 (12.5283, 4.58303) -> 8969 (12.5012, 3.68019)
    7610 (15.5514, 4.71344) -> 9237 (15.1633, 4.29148)
    7611 (21.7681, 29.0811) -> 6607 (22.2471, 28.298)
    7612 (7.44211, 4.49109) -> 9216 (7.08004, 4.46709)
    7613 (15.9533, 8.07585) -> 4939 (15.7523, 7.59207)
    7614 (19.3544, 1.4092) -> 8906 (18.69, 0.76712)
    7615 (15.9414, 20.8863) -> 9396 (16.1744, 19.9626)
    7616 (4.66682, -1.05937) -> 6343 (4.15039, -0.210528)
    7617 (12.3074, 17.103) -> 2331 (12.9686, 17.0064)
    7618 (18.7899, -2.29294) -> 9975 (18.3248, -2.13121)
    7619 (1.34196, 14.5671) -> 0 (1, 15)
    7620 (18.1191, 17.1841) -> 3158 (18.5104, 16.9118)
    7621 (16.441, -2.43867) -> 8570 (16.1124, -2.40073)
    7622 (0.225625, 3.74048) -> 9539 (0.132033, 4.10037)
    7623 (10.745, 4.89676) -> 9931 (10.5295, 4.41927)
    7624 (8.25921, 9.97242) -> 7361 (7.95723, 9.95305)
    7625 (19.8297, 11.9379) -> 9978 (20.723, 12.2576)
    7626 (6.58089, 16.9996) -> 490 (5.77169, 16.9997)
    7627 (4.94066e-324, 6.9533e-310) -> 2209 (0.166112, 0.830897)
    7628 (13.2286, 2.95429) -> 710 (12.5588, 2.36554)
    7629 (14.7298, -1.12555) -> 9347 (14.1332, -0.604642)
    7630 (6.49435, 5.57881) -> 9790 (5.93394, 5.54778)
    7631 (13.8299, 9.506) -> 6249 (14.0672, 8.75882)
    7632 (17.1752, 22.3653) -> 9316 (17.5425, 21.4605)
    7633 (1.60723, 29.8085) -> 9813 (1.50891, 29.0798)
    7634 (23.6829, 6.85046) -> 9201 (23.172, 6.59016)
    7635 (3.15681, 8.50321) -> 4234 (2.79922, 8.70803)
    7636 (11.8199, -2.65328) -> 9859 (11.1518, -2.62382)
    7637 (6.12604, 4.06085) -> 8949 (5.50104, 3.79392)
    7638 (1.37459, -2.27062) -> 9315 (1.34681, -2.03325)
    7639 (0.830553, 29.5212) -> 5881 (0.859573, 28.5564)
    7640 (12.9546, 2.40536) -> 9910 (12.0336, 2.34992)
    7641 (4.56761, 0.807083) -> 8608 (4.15319, 1.13511)
    7642 (5.87297, 23.1011) -> 3454 (5.45213, 22.3806)
    7643 (22.4522, 25.0108) -> 3834 (22.3162, 24.1843)
    7644 (18.1946, 28.8207) -> 8161 (18.3626, 28.1779)
    7645 (4.94066e-324, 6.9533e-310) -> 2209 (0.166112, 0.830897)
    7646 (21.1758, 16.4152) -> 4742 (21.3714, 16.0652)
    7647 (7.03764, 11.9771) -> 7918 (6.11824, 11.7883)
    7648 (3.76203, -0.294335) -> 9953 (3.12525, -0.406663)
    7649 (8.68413, 16.8751) -> 437 (8.2279, 16.7183)
    7650 (15.8311, 14.9388) -> 8898 (16.3834, 14.6417)
    7651 (19.423, 20.5305) -> 9734 (19.7077, 19.8234)
    7652 (18.1933, 12.341) -> 9748 (18.4359, 12.5627)
    7653 (1.51105, 12.8487) -> 6544 (1.15208, 12.6879)
    7654 (22.1789, 0.513904) -> 3885 (21.7229, 0.301781)
    7655 (14.709, 24.3537) -> 8783 (14.8428, 23.9884)
    7656 (10.5044, 5.5561) -> 9887 (9.82314, 5.08274)
    7657 (21.7418, 6.58022) -> 9574 (21.0765, 5.83874)
    7658 (17.5332, -2.03064) -> 9235 (16.7742, -1.53426)
    7659 (23.6078, 14.5083) -> 5429 (23.7713, 13.8979)
    7660 (7.82525, 13.6317) -> 1149 (6.84003, 13.5154)
    7661 (8.0018, 1.70823) -> 9833 (7.15579, 1.52643)
    7662 (18.5094, 15.1194) -> 7018 (18.6051, 15.0712)
    7663 (13.2738, 16.514) -> 258 (13.6682, 16.7271)
    7664 (1.45146, 20.8162) -> 3694 (1.37917, 20.2348)
    7665 (0.182007, 13.1245) -> 2673 (0.664687, 13.9862)
    7666 (10.4131, 29.757) -> 9611 (9.8568, 29.1357)
    7667 (9.17371, 16.1353) -> 7285 (8.23631, 16.2871)
    7668 (5.24586, 13.9615) -> 4595 (5.16719, 13.8492)
    7669 (24.6701, 23.142) -> 8138 (24.9784, 22.2338)
    7670 (17.6177, -0.565065) -> 9737 (17.1746, -1.00784)
    7671 (8.92377, 19.8158) -> 7864 (8.31644, 19.5469)
    7672 (2.15986, 24.8507) -> 2309 (1.83964, 24.2203)
    7673 (7.61223, 24.1231) -> 2557 (6.80994, 23.5386)
    7674 (17.8704, 1.36412) -> 9956 (17.41, 1.49152)
    7675 (20.5122, 0.524493) -> 157 (19.7428, 0.476232)
    7676 (13.6567, 24.9178) -> 8654 (13.353, 24.5132)
    7677 (2.80974, 15.435) -> 2147 (2.16455, 15.2932)
    7678 (1.14259, 9.68942) -> 9030 (0.799803, 10.2455)
    7679 (23.3624, 7.80216) -> 1160 (22.9718, 7.40806)
    7680 (3.49114, 16.426) -> 7948 (3.11211, 16.2698)
    7681 (24.9063, 12.9314) -> 4953 (24.907, 12.5071)
    7682 (19.1203, 29.353) -> 7579 (19.5008, 28.7506)
    7683 (12.639, 19.7028) -> 6573 (13.1669, 19.7311)
    7684 (8.76908, 19.6986) -> 7864 (8.31644, 19.5469)
    7685 (24.3867, 17.5887) -> 5870 (24.4901, 17.1704)
    7686 (4.88591, 1.12426) -> 9559 (4.73885, 1.0579)
    7687 (1.48611, 28.9415) -> 5609 (1.36314, 28.3516)
    7688 (7.37365, 1.33465) -> 4741 (6.56657, 1.66242)
    7689 (13.982, 14.0414) -> 5901 (14.4319, 14.1109)
    7690 (20.6312, -3.73192) -> 8919 (19.7848, -3.45115)
    7691 (20.2429, 12.2209) -> 9978 (20.723, 12.2576)
    7692 (12.606, 25.7443) -> 5912 (11.7374, 25.3343)
    7693 (24.4585, -3.84301) -> 1145 (23.8594, -4.2402)
    7694 (15.1412, 19.8161) -> 9601 (15.8811, 19.2637)
    7695 (4.44586, 24.0242) -> 4593 (4.18473, 23.1638)
    7696 (12.3541, 7.02679) -> 2483 (12.1502, 6.68147)
    7697 (24.6544, 29.9911) -> 4552 (24.7753, 29.192)
    7698 (4.68583, 11.2728) -> 9673 (4.33119, 11.277)
    7699 (0.247103, 27.7282) -> 9825 (0.078767, 27.0326)
    7700 (11.8759, 26.8424) -> 8554 (11.4479, 26.2543)
    7701 (12.4004, -0.484569) -> 9190 (11.4666, -0.472036)
    7702 (8.02779, 15.1082) -> 7553 (7.1702, 15.0944)
    7703 (18.477, 16.0911) -> 1418 (18.9155, 15.2547)
    7704 (21.6358, 3.89747) -> 9604 (21.1055, 3.78025)
    7705 (21.0143, 0.645409) -> 7675 (20.5122, 0.524493)
    7706 (13.028, 15.589) -> 9385 (13.7984, 15.9168)
    7707 (3.42147, 1.17715) -> 9165 (3.30978, 1.20797)
    7708 (4.94066e-324, 6.9533e-310) -> 2209 (0.166112, 0.830897)
    7709 (18.5473, 16.2709) -> 6062 (18.8725, 15.63)
    7710 (5.53546, -3.13989) -> 9870 (4.87538, -2.40958)
    7711 (8.77443, 9.32413) -> 9151 (8.31184, 8.88492)
    7712 (4.13457, 10.9494) -> 9051 (3.23927, 11.131)
    7713 (13.6863, -4.65549) -> 8699 (13.1058, -4.53249)
    7714 (22.6352, 7.07489) -> 9911 (22.3155, 6.58706)
    7715 (21.0284, 26.0477) -> 4755 (21.5065, 25.3408)
    7716 (23.8007, 20.5899) -> 6886 (24.0738, 19.7975)
    7717 (18.0926, 9.92988) -> 9700 (18.9215, 9.75662)
    7718 (4.63887, -1.89083) -> 2447 (4.39352, -1.36238)
    7719 (5.66332, 26.9959) -> 9270 (5.06429, 26.2497)
    7720 (14.3938, 4.82114) -> 8980 (14.3927, 4.61986)
    7721 (8.69047, -4.92858) -> 7400 (7.76193, -4.5927)
    7722 (20.2349, 28.6723) -> 8210 (20.2755, 28.3644)
    7723 (22.7099, 9.76803) -> 7071 (22.8273, 8.94487)
    7724 (22.1217, -4.11123) -> 9376 (21.6849, -3.95603)
    7725 (18.0116, 14.1302) -> 2691 (18.2781, 13.2468)
    7726 (2.19009, 22.9657) -> 9875 (1.87467, 22.0177)
    7727 (2.35442, 14.7227) -> 4539 (1.37175, 14.8774)
    7728 (19.0516, 6.99144) -> 9575 (19.0425, 6.8933)
    7729 (3.01405, 27.7046) -> 4061 (2.81612, 26.9815)
    7730 (1.54988, 6.98014) -> 8634 (1.11383, 7.79387)
    7731 (8.5256, 22.2796) -> 8040 (7.92765, 22.0695)
    7732 (17.2198, 5.77208) -> 6351 (17.1379, 5.23634)
    7733 (3.64517, 11.2241) -> 9810 (3.14041, 11.3263)
    7734 (4.94066e-324, 6.9533e-310) -> 2209 (0.166112, 0.830897)
    7735 (2.47289, 14.6447) -> 1064 (2.01414, 14.7234)
    7736 (6.33256, -4.11798) -> 9461 (5.61682, -3.4381)
    7737 (14.8002, 18.7533) -> 8795 (14.5382, 18.2751)
    7738 (8.27022, -1.93743) -> 9290 (7.31067, -1.7355)
    7739 (22.0645, -2.23711) -> 9990 (22.9026, -2.13215)
    7740 (5.25224, 15.0626) -> 868 (4.728, 14.9287)
    7741 (14.6105, 1.47661) -> 2025 (13.7736, 1.25356)
    7742 (24.4329, 8.67904) -> 8013 (24.3645, 8.68418)
    7743 (14.6107, 19.6943) -> 8589 (15.1417, 18.9601)
    7744 (7.93754, -3.56523) -> 8653 (7.58734, -3.55634)
    7745 (23.3472, 22.2503) -> 9354 (23.6331, 21.9467)
    7746 (7.41263, 17.3346) -> 9639 (6.91435, 16.7484)
    7747 (7.55884, 2.45217) -> 8881 (6.81604, 1.93519)
    7748 (24.4778, 12.2606) -> 9779 (24.2182, 11.5785)
    7749 (3.33023, 24.9087) -> 4906 (3.37532, 24.8288)
    7750 (0.187587, 14.7976) -> 0 (1, 15)
    7751 (17.5702, 2.20162) -> 4137 (16.7516, 1.87658)
    7752 (18.9057, 12.3155) -> 9163 (19.8505, 12.5574)
    7753 (19.9211, 15.5849) -> 9656 (20.2413, 14.8752)
    7754 (21.0192, 29.8251) -> 9457 (21.4067, 29.5231)
    7755 (16.4236, 16.556) -> 8760 (16.7671, 16.3485)
    7756 (3.06731, 18.7546) -> 3526 (2.65798, 18.0431)
    7757 (24.1315, 18.9472) -> 6832 (24.4396, 18.3146)
    7758 (0.860683, 2.96876) -> 3251 (0.809859, 3.66101)
    7759 (13.1657, -1.47953) -> 9266 (13.2428, -1.79468)
    7760 (22.9442, 14.6007) -> 8569 (22.893, 13.9877)
    7761 (0.235807, 11.5007) -> 1597 (0.438284, 12.2136)
    7762 (21.2491, -2.58605) -> 9305 (20.9374, -2.42562)
    7763 (1.18563, -1.17472) -> 5576 (0.95751, -0.625157)
    7764 (8.22988, 23.5797) -> 2869 (7.47525, 23.0926)
    7765 (24.1773, 8.802) -> 9153 (23.9074, 8.72002)
    7766 (15.7956, 14.4151) -> 9391 (16.4269, 14.0052)
    7767 (0.728852, 25.0911) -> 7916 (0.864063, 24.3119)
    7768 (8.38134, 27.1026) -> 6619 (8.14151, 26.815)
    7769 (9.3267, 20.3462) -> 5189 (8.57124, 20.2631)
    7770 (7.53591, 14.689) -> 9800 (7.2228, 14.6402)
    7771 (18.4993, 18.7604) -> 9055 (18.9828, 17.9758)
    7772 (13.6732, 11.4854) -> 7296 (14.1883, 11.246)
    7773 (17.7713, 23.1155) -> 9021 (18.1692, 22.4134)
    7774 (4.94066e-324, 6.9533e-310) -> 2209 (0.166112, 0.830897)
    7775 (4.94066e-324, 6.9533e-310) -> 2209 (0.166112, 0.830897)
    7776 (24.2805, -2.89282) -> 9640 (24.5326, -2.89152)
    7777 (15.2221, 8.57593) -> 4890 (15.3384, 8.14581)
    7778 (17.8869, 26.1621) -> 7545 (18.4234, 25.5935)
    7779 (1.12279, 26.1653) -> 8745 (1.21756, 25.7651)
    7780 (15.0129, 8.01073) -> 6996 (15.06, 7.35635)
    7781 (12.2414, 1.31795) -> 9605 (11.6427, 0.870116)
    7782 (2.04143, 25.2753) -> 4699 (1.77918, 24.7208)
    7783 (9.76294, 16.1815) -> 9850 (9.66425, 16.3096)
    7784 (9.13705, 2.0186) -> 8566 (8.55048, 1.57586)
    7785 (21.415, -3.95305) -> 8353 (21.3554, -4.06254)
    7786 (22.3911, 21.5206) -> 8790 (22.8271, 20.7777)
    7787 (19.2262, 5.97686) -> 9782 (19.531, 5.64225)
    7788 (13.5373, 8.46074) -> 9751 (13.3792, 8.28756)
    7789 (15.9765, 9.03092) -> 9996 (16.1374, 8.26381)
    7790 (13.3099, 29.8341) -> 7868 (13.022, 29.4917)
    7791 (22.9036, 1.42255) -> 9098 (22.4683, 0.732571)
    7792 (24.7877, 4.64526) -> 9269 (24.0513, 4.14392)
    7793 (5.42109, 5.14927) -> 8635 (4.59025, 4.69262)
    7794 (4.94066e-324, 6.9533e-310) -> 2209 (0.166112, 0.830897)
    7795 (22.9876, 17.64) -> 8861 (22.721, 17.3686)
    7796 (15.7745, 18.9247) -> 6190 (15.9814, 18.1154)
    7797 (24.2905, 12.267) -> 9779 (24.2182, 11.5785)
    7798 (23.7832, 14.5088) -> 3524 (23.8205, 14.2777)
    7799 (9.25482, -2.32087) -> 9102 (8.61581, -2.51129)
    7800 (10.0332, 1.69644) -> 5959 (9.5065, 1.62702)
    7801 (4.91215, 14.2833) -> 4585 (4.47787, 13.3975)
    7802 (21.1376, 29.3593) -> 9921 (21.4942, 28.5727)
    7803 (15.2609, 27.9345) -> 9426 (15.4169, 27.14)
    7804 (13.3236, 5.30606) -> 8197 (12.9574, 5.01257)
    7805 (22.1442, 19.5285) -> 8900 (22.4544, 19.0927)
    7806 (16.1707, 9.36924) -> 3497 (16.1519, 8.64031)
    7807 (19.5352, -3.37228) -> 9221 (18.6172, -3.36952)
    7808 (22.3512, -4.12793) -> 9376 (21.6849, -3.95603)
    7809 (16.2861, 20.8153) -> 8131 (16.9054, 20.2823)
    7810 (12.3047, 22.0949) -> 851 (11.5716, 21.5867)
    7811 (4.74803, 10.3215) -> 8170 (4.58128, 10.0986)
    7812 (8.28846, 21.2515) -> 2858 (7.67072, 21.1558)
    7813 (1.55059, 27.7559) -> 9208 (1.53767, 26.8672)
    7814 (24.948, 1.39181) -> 9635 (24.279, 0.978398)
    7815 (17.3931, 27.6107) -> 2580 (17.7196, 26.8257)
    7816 (13.4755, 11.2869) -> 4375 (14.2468, 10.7158)
    7817 (4.94066e-324, 6.9533e-310) -> 2209 (0.166112, 0.830897)
    7818 (1.41853, 11.7049) -> 8435 (1.08692, 12.4774)
    7819 (9.51383, -1.70947) -> 9893 (10.2057, -1.20739)
    7820 (20.8904, 3.90368) -> 9963 (20.4956, 4.0439)
    7821 (10.223, 22.6837) -> 1769 (9.50586, 22.4754)
    7822 (7.70221, 4.82952) -> 9333 (6.90893, 4.83993)
    7823 (8.0066, 23.7517) -> 9369 (7.53535, 23.3507)
    7824 (0.816025, 20.9348) -> 2832 (0.617128, 20.086)
    7825 (17.2001, 0.541151) -> 5880 (16.2966, 0.273749)
    7826 (2.15177, 28.9899) -> 8998 (1.99828, 28.444)
    7827 (4.95095, 4.37655) -> 8635 (4.59025, 4.69262)
    7828 (18.9464, 28.4435) -> 9607 (19.2151, 28.4567)
    7829 (22.3936, 2.54712) -> 9120 (21.8747, 2.44149)
    7830 (24.9758, -2.39655) -> 9640 (24.5326, -2.89152)
    7831 (22.9992, 5.95831) -> 9822 (23.0384, 5.72212)
    7832 (16.063, 24.871) -> 9939 (16.5837, 24.4924)
    7833 (9.37112, 21.9224) -> 3342 (8.67205, 21.6829)
    7834 (23.9701, 17.5638) -> 8821 (24.2689, 17.0801)
    7835 (14.5569, 6.41737) -> 9397 (14.2149, 6.02274)
    7836 (10.6552, 16.53) -> 9477 (10.59, 16.7433)
    7837 (23.6259, 19.8917) -> 9552 (23.9182, 19.3734)
    7838 (6.40851, 21.7768) -> 9194 (6.08416, 21.5166)
    7839 (17.0079, 24.1708) -> 9687 (17.2146, 23.6365)
    7840 (21.0291, -3.66645) -> 8019 (20.3419, -3.99445)
    7841 (4.94066e-324, 6.9533e-310) -> 2209 (0.166112, 0.830897)
    7842 (6.01758, -4.26047) -> 9711 (5.18476, -3.92025)
    7843 (21.4678, 25.3023) -> 6122 (21.9056, 24.6284)
    7844 (6.92184, 8.91506) -> 3498 (6.47058, 8.77486)
    7845 (1.67331, 11.356) -> 7818 (1.41853, 11.7049)
    7846 (1.8136, 22.2771) -> 9874 (1.54962, 21.3133)
    7847 (7.63117, 0.407462) -> 8596 (7.73496, 0.440049)
    7848 (4.51932, 5.77107) -> 9189 (4.00158, 5.32105)
    7849 (17.0457, 9.21847) -> 9398 (17.1405, 9.17089)
    7850 (1.29626, 15.4783) -> 0 (1, 15)
    7851 (18.9431, 5.4356) -> 8354 (18.9094, 4.86328)
    7852 (11.8395, 19.6082) -> 3361 (11.2812, 19.3938)
    7853 (15.267, 28.0471) -> 9426 (15.4169, 27.14)
    7854 (20.8402, 19.5295) -> 8937 (20.5933, 18.8257)
    7855 (2.64854, 12.1395) -> 9080 (2.10513, 12.4645)
    7856 (4.11063, 20.0093) -> 1150 (3.41251, 19.3597)
    7857 (8.65619, 4.19969) -> 8302 (7.6686, 4.11562)
    7858 (5.55419, 22.9244) -> 2043 (5.24235, 22.5623)
    7859 (22.6626, -4.88704) -> 4494 (22.0753, -4.75506)
    7860 (24.86, 26.1672) -> 9264 (24.749, 25.4752)
    7861 (9.20811, -0.0892262) -> 9992 (9.10122, -0.28248)
    7862 (21.7106, 3.24621) -> 9031 (21.346, 3.0224)
    7863 (21.3399, 11.4976) -> 9679 (21.7157, 11.5497)
    7864 (8.31644, 19.5469) -> 5896 (8.10208, 19.4146)
    7865 (1.85799, -2.52446) -> 9668 (1.08475, -1.93786)
    7866 (22.6568, 11.0566) -> 9798 (23.2194, 10.4868)
    7867 (18.3456, 5.1527) -> 8115 (18.3007, 5.09187)
    7868 (13.022, 29.4917) -> 2220 (12.3821, 28.8459)
    7869 (4.20086, 2.39647) -> 9629 (3.41492, 2.53789)
    7870 (18.6119, 19.6614) -> 9654 (18.8965, 19.5977)
    7871 (11.3654, -3.22349) -> 9572 (10.7813, -3.26601)
    7872 (21.3462, 5.1818) -> 4855 (20.8272, 4.33359)
    7873 (14.5118, 7.03441) -> 7960 (14.2404, 6.26051)
    7874 (21.3917, 20.8186) -> 8593 (21.3701, 19.9716)
    7875 (20.2213, 25.7384) -> 3250 (20.4169, 25.1438)
    7876 (14.485, 18.4423) -> 9528 (14.8392, 18.0241)
    7877 (3.31793, -4.32339) -> 8792 (2.93759, -3.51558)
    7878 (16.4433, 15.8831) -> 9526 (16.4773, 15.4792)
    7879 (17.7768, 15.214) -> 2919 (17.9253, 14.9852)
    7880 (22.4156, 0.0845946) -> 6036 (21.8785, -0.0283112)
    7881 (1.33261, 2.37828) -> 2333 (1.09545, 3.00026)
    7882 (8.92793, 5.9477) -> 9556 (8.5857, 5.75247)
    7883 (6.66988, 8.86797) -> 3498 (6.47058, 8.77486)
    7884 (2.71211, 9.26021) -> 8325 (2.15909, 9.79593)
    7885 (18.9915, -4.42694) -> 5664 (18.1815, -4.52341)
    7886 (18.5244, 5.17687) -> 8841 (18.2571, 4.58753)
    7887 (16.7557, 11.1064) -> 8202 (17.6257, 11.1044)
    7888 (6.18474, 6.16481) -> 9790 (5.93394, 5.54778)
    7889 (23.1901, 0.697362) -> 1611 (22.4673, 0.456788)
    7890 (5.75966, 10.3359) -> 656 (5.21176, 10.4791)
    7891 (4.94066e-324, 6.9533e-310) -> 2209 (0.166112, 0.830897)
    7892 (4.9922, 3.19901) -> 9490 (4.76057, 3.01891)
    7893 (21.873, 9.75074) -> 9702 (21.8401, 8.9074)
    7894 (20.8652, 13.5668) -> 4722 (21.2229, 12.8774)
    7895 (17.9566, 25.3917) -> 4343 (18.6748, 24.7058)
    7896 (2.44803, 26.1962) -> 2592 (2.3324, 25.8285)
    7897 (3.33111, -2.44288) -> 9042 (2.86845, -2.2042)
    7898 (17.165, 16.5702) -> 8539 (17.5621, 16.3382)
    7899 (0.43642, 1.3265) -> 9551 (0.562415, 2.27446)
    7900 (2.8846, 8.49561) -> 9851 (2.20966, 8.84873)
    7901 (23.3518, 22.7363) -> 9354 (23.6331, 21.9467)
    7902 (9.56004, 28.4537) -> 2246 (8.94986, 27.7957)
    7903 (20.6926, 13.0557) -> 296 (21.0357, 12.8112)
    7904 (2.59627, 27.9608) -> 9285 (2.33747, 27.1318)
    7905 (7.83664, 13.3012) -> 6794 (7.49222, 13.3476)
    7906 (24.7602, 12.1435) -> 6296 (24.768, 11.8027)
    7907 (9.27235, 20.4796) -> 5189 (8.57124, 20.2631)
    7908 (6.53364, 12.6488) -> 1110 (6.39293, 12.6438)
    7909 (0.905992, 20.5253) -> 4598 (0.555477, 19.6549)
    7910 (21.4484, 24.8529) -> 5062 (21.8485, 24.3495)
    7911 (24.7422, 11.0515) -> 8109 (24.8273, 10.5302)
    7912 (23.0698, 8.24577) -> 9438 (23.0415, 7.92733)
    7913 (18.802, 28.519) -> 9607 (19.2151, 28.4567)
    7914 (23.4018, 8.60041) -> 9438 (23.0415, 7.92733)
    7915 (20.1978, 18.1286) -> 2577 (20.5501, 17.6738)
    7916 (0.864063, 24.3119) -> 9906 (0.981537, 23.6141)
    7917 (14.7796, -1.49222) -> 360 (13.8486, -1.64393)
    7918 (6.11824, 11.7883) -> 8904 (5.1674, 11.6982)
    7919 (4.94066e-324, 6.9533e-310) -> 8462 (0.0438228, 0.168997)
    7920 (19.7876, 26.5123) -> 7875 (20.2213, 25.7384)
    7921 (17.3292, 1.60358) -> 485 (16.6332, 1.178)
    7922 (20.2954, 3.33916) -> 8271 (20.0659, 2.71033)
    7923 (14.0544, 9.09511) -> 9460 (14.3085, 8.6487)
    7924 (14.6375, 15.4263) -> 3239 (15.3146, 15.2051)
    7925 (12.2131, 2.83098) -> 8500 (11.7749, 2.64513)
    7926 (15.9266, 25.2415) -> 9939 (16.5837, 24.4924)
    7927 (11.6522, 17.0948) -> 9234 (11.1897, 17.4176)
    7928 (2.76243, 5.74792) -> 9504 (2.60122, 5.86629)
    7929 (4.94066e-324, 6.9533e-310) -> 8462 (0.0438228, 0.168997)
    7930 (10.3027, -4.05483) -> 8656 (9.62592, -4.02983)
    7931 (5.00732, 3.04507) -> 6530 (4.2055, 3.3091)
    7932 (7.11568, 23.9463) -> 8612 (6.47959, 23.1942)
    7933 (17.0863, 9.6914) -> 9398 (17.1405, 9.17089)
    7934 (7.06607, 10.0523) -> 1498 (6.27137, 9.49251)
    7935 (9.44876, 6.11479) -> 5459 (8.74114, 5.82681)
    7936 (4.94066e-324, 6.9533e-310) -> 8462 (0.0438228, 0.168997)
    7937 (21.6102, -4.03564) -> 8353 (21.3554, -4.06254)
    7938 (13.9094, -0.788789) -> 7963 (13.1258, -0.900614)
    7939 (4.94066e-324, 6.9533e-310) -> 8462 (0.0438228, 0.168997)
    7940 (22.434, 10.4268) -> 7723 (22.7099, 9.76803)
    7941 (1.76488, 28.8771) -> 6748 (1.6073, 27.9286)
    7942 (5.54229, 13.3442) -> 5629 (4.93145, 12.6414)
    7943 (7.55418, -1.27821) -> 5427 (6.94336, -0.888801)
    7944 (7.50249, 23.9121) -> 2557 (6.80994, 23.5386)
    7945 (17.2949, 22.7145) -> 9537 (17.443, 22.2651)
    7946 (22.7049, 15.9358) -> 9690 (22.9095, 15.1694)
    7947 (21.4252, -4.12792) -> 8353 (21.3554, -4.06254)
    7948 (3.11211, 16.2698) -> 7284 (2.40645, 15.6129)
    7949 (2.42759, 22.359) -> 2318 (2.56749, 21.4792)
    7950 (18.622, 9.52182) -> 5726 (18.804, 9.04555)
    7951 (0.21283, 15.1943) -> 0 (1, 15)
    7952 (7.53862, 17.459) -> 2253 (6.93977, 17.3383)
    7953 (22.5882, 6.23504) -> 9472 (22.0507, 5.59623)
    7954 (12.3312, 7.56255) -> 7474 (12.057, 6.89269)
    7955 (15.922, 2.00049) -> 9364 (15.822, 2.10096)
    7956 (7.14494, -3.5622) -> 6408 (6.5807, -3.17921)
    7957 (2.55094, -4.16225) -> 9618 (2.30386, -3.6176)
    7958 (1.06975, 15.5819) -> 0 (1, 15)
    7959 (20.2284, 4.25273) -> 9443 (20.1435, 3.99057)
    7960 (14.2404, 6.26051) -> 4068 (13.9832, 5.51701)
    7961 (21.9694, 18.7161) -> 6684 (22.283, 17.921)
    7962 (2.28899, 24.101) -> 4499 (2.32949, 23.5247)
    7963 (13.1258, -0.900614) -> 9023 (12.8074, -1.01563)
    7964 (20.9333, -0.137114) -> 9377 (20.269, -0.595853)
    7965 (12.1699, 21.7571) -> 5262 (11.6387, 21.4855)
    7966 (11.7278, 3.93909) -> 8292 (11.5436, 3.87508)
    7967 (14.5325, 18.554) -> 5422 (14.9898, 18.1411)
    7968 (21.3347, 12.0545) -> 9679 (21.7157, 11.5497)
    7969 (20.0047, 15.1278) -> 9656 (20.2413, 14.8752)
    7970 (7.29458, 28.5309) -> 9925 (6.90249, 27.8858)
    7971 (18.281, 8.11762) -> 9928 (18.7729, 7.89008)
    7972 (1.56079, 1.48658) -> 9899 (1.57877, 1.38033)
    7973 (19.7852, 4.17178) -> 9443 (20.1435, 3.99057)
    7974 (7.17138, 29.799) -> 5481 (6.94103, 29.4227)
    7975 (3.57694, 0.6366) -> 9165 (3.30978, 1.20797)
    7976 (3.34162, 17.9862) -> 5799 (2.72734, 17.3295)
    7977 (7.42294, 25.4112) -> 9449 (6.7864, 24.8311)
    7978 (21.5265, 18.2068) -> 801 (21.709, 17.5758)
    7979 (22.1553, 8.74685) -> 9702 (21.8401, 8.9074)
    7980 (3.65836, 8.24424) -> 4234 (2.79922, 8.70803)
    7981 (1.47093, 11.0686) -> 7818 (1.41853, 11.7049)
    7982 (3.32142, 13.1414) -> 9836 (3.22627, 12.8029)
    7983 (15.2776, 2.26551) -> 1693 (14.5084, 2.00577)
    7984 (24.7052, 7.43966) -> 9323 (24.8824, 6.72749)
    7985 (22.1843, 1.51667) -> 3800 (21.6393, 1.18855)
    7986 (15.7957, 9.04698) -> 7613 (15.9533, 8.07585)
    7987 (0.0176105, -3.32004) -> 4213 (0.164945, -2.95559)
    7988 (22.1803, -4.44678) -> 9419 (21.3847, -4.51843)
    7989 (21.9114, 18.9844) -> 7961 (21.9694, 18.7161)
    7990 (4.94066e-324, 6.9533e-310) -> 8462 (0.0438228, 0.168997)
    7991 (17.4626, 29.0196) -> 8277 (17.7743, 28.5359)
    7992 (19.7107, 16.5758) -> 5804 (20.281, 15.8304)
    7993 (19.6789, 7.6047) -> 9575 (19.0425, 6.8933)
    7994 (18.334, 1.464) -> 9956 (17.41, 1.49152)
    7995 (19.1661, 8.18904) -> 1297 (19.0916, 7.28215)
    7996 (20.2005, 8.85957) -> 6268 (20.0248, 8.48736)
    7997 (8.20033, 26.3827) -> 5526 (8.02877, 26.1604)
    7998 (5.79526, 17.384) -> 4874 (5.13524, 17.2127)
    7999 (20.5832, 5.38734) -> 9617 (20.9253, 5.32649)
    8000 (7.17278, 5.61084) -> 8031 (6.79264, 5.63795)
    8001 (16.756, -3.39945) -> 8826 (15.8816, -3.73537)
    8002 (16.9146, 19.4779) -> 5318 (17.5584, 18.9832)
    8003 (22.7137, -1.76941) -> 9228 (22.0976, -1.31873)
    8004 (4.98014, 25.0582) -> 8468 (4.57319, 24.5941)
    8005 (7.48449, 4.37866) -> 9216 (7.08004, 4.46709)
    8006 (12.0129, 18.8419) -> 3719 (11.5195, 18.5071)
    8007 (7.51956, 29.0448) -> 2173 (6.78835, 28.6022)
    8008 (18.2441, 1.24314) -> 9137 (17.8714, 1.15327)
    8009 (3.74118, 9.1294) -> 8767 (3.5937, 9.18563)
    8010 (20.2308, 23.895) -> 3025 (20.3065, 23.5741)
    8011 (16.2636, 9.65921) -> 4195 (16.515, 8.8055)
    8012 (8.32893, 26.8825) -> 9689 (8.22777, 26.3391)
    8013 (24.3645, 8.68418) -> 3171 (24.0016, 8.37968)
    8014 (4.59474, 5.5177) -> 9189 (4.00158, 5.32105)
    8015 (5.96809, 12.2209) -> 5255 (5.42235, 12.1946)
    8016 (20.0214, -3.65555) -> 7554 (19.6495, -3.53658)
    8017 (2.09132, 14.4088) -> 4539 (1.37175, 14.8774)
    8018 (17.6957, 7.32074) -> 9522 (17.3255, 7.40948)
    8019 (20.3419, -3.99445) -> 535 (19.416, -4.31436)
    8020 (21.3149, 18.8274) -> 8267 (21.7157, 18.0584)
    8021 (7.30896, 15.25) -> 7553 (7.1702, 15.0944)
    8022 (9.45928, 7.27303) -> 1355 (8.73343, 6.88899)
    8023 (21.3304, 6.09728) -> 9617 (20.9253, 5.32649)
    8024 (13.4543, 25.8484) -> 9066 (13.2577, 25.5784)
    8025 (12.6765, 19.193) -> 1738 (13.0071, 18.9182)
    8026 (15.3676, 16.3369) -> 2305 (16.18, 15.7945)
    8027 (24.4422, 12.1158) -> 9779 (24.2182, 11.5785)
    8028 (2.87661, 11.5152) -> 8930 (2.62286, 11.7047)
    8029 (21.8208, 23.233) -> 6181 (21.8435, 23.0305)
    8030 (13.7662, 2.28504) -> 8392 (12.9907, 1.79753)
    8031 (6.79264, 5.63795) -> 9790 (5.93394, 5.54778)
    8032 (13.8606, 11.7485) -> 6852 (14.7878, 11.4056)
    8033 (12.1871, 0.598255) -> 7098 (11.7945, 0.512414)
    8034 (18.6341, -0.208927) -> 5821 (18.2975, -0.259167)
    8035 (1.97623, 14.3022) -> 5714 (1.30963, 14.7193)
    8036 (1.739, 24.2112) -> 3183 (1.6073, 23.3245)
    8037 (14.7202, 22.7515) -> 7383 (14.6978, 22.5256)
    8038 (10.7372, 21.7257) -> 2397 (10.1109, 21.2464)
    8039 (16.1455, 29.3236) -> 8077 (16.3808, 28.3601)
    8040 (7.92765, 22.0695) -> 558 (7.16321, 21.5225)
    8041 (21.985, 24.2899) -> 6973 (22.0989, 23.7907)
    8042 (8.2162, 1.61401) -> 9144 (8.12937, 1.54858)
    8043 (18.3672, 24.0481) -> 9725 (18.5565, 24.0421)
    8044 (20.8059, 14.5862) -> 6888 (20.8509, 14.3885)
    8045 (13.7995, 28.4) -> 7449 (13.106, 27.9541)
    8046 (9.87107, 1.19708) -> 8809 (8.97496, 0.766143)
    8047 (1.81071, 5.21418) -> 8680 (1.45582, 5.89852)
    8048 (23.3128, 15.6148) -> 8081 (23.3974, 15.4274)
    8049 (2.8688, -2.28889) -> 9042 (2.86845, -2.2042)
    8050 (19.002, 14.9491) -> 9812 (19.1699, 14.0111)
    8051 (23.7919, 10.1732) -> 2255 (23.5291, 9.30556)
    8052 (10.5231, 26.0124) -> 6753 (10.1475, 25.5459)
    8053 (10.5733, 25.454) -> 9759 (10.0521, 25.1057)
    8054 (21.2501, -2.84132) -> 8394 (20.3132, -2.89407)
    8055 (4.61906, 5.72172) -> 9189 (4.00158, 5.32105)
    8056 (7.87445, 14.7135) -> 2895 (7.01721, 14.687)
    8057 (7.33206, 4.43397) -> 8871 (6.40977, 4.51971)
    8058 (7.23542, 11.5492) -> 2988 (6.28536, 11.3898)
    8059 (20.6892, 2.00204) -> 7228 (20.6133, 1.36822)
    8060 (5.44983, 14.5958) -> 8742 (4.99986, 14.1356)
    8061 (14.5551, 8.65881) -> 1201 (14.4388, 8.07921)
    8062 (18.53, 22.1216) -> 9298 (18.5504, 21.5196)
    8063 (16.3759, 16.3448) -> 2687 (17.0083, 15.9213)
    8064 (4.94066e-324, 6.9533e-310) -> 8462 (0.0438228, 0.168997)
    8065 (4.94066e-324, 6.9533e-310) -> 8462 (0.0438228, 0.168997)
    8066 (5.49808, -4.59661) -> 9711 (5.18476, -3.92025)
    8067 (4.94066e-324, 6.9533e-310) -> 8462 (0.0438228, 0.168997)
    8068 (8.45171, 26.9322) -> 5526 (8.02877, 26.1604)
    8069 (3.73836, 26.1032) -> 2530 (3.6093, 25.5138)
    8070 (22.6893, 25.3966) -> 4982 (23.1387, 24.5093)
    8071 (2.07599, 23.5349) -> 7726 (2.19009, 22.9657)
    8072 (0.889147, 11.3835) -> 1597 (0.438284, 12.2136)
    8073 (9.96722, 7.8062) -> 8022 (9.45928, 7.27303)
    8074 (4.94066e-324, 6.9533e-310) -> 8462 (0.0438228, 0.168997)
    8075 (13.6823, 21.4485) -> 8535 (13.869, 20.5057)
    8076 (8.21317, -0.0460489) -> 9428 (7.64817, -0.108808)
    8077 (16.3808, 28.3601) -> 1608 (16.2741, 28.1819)
    8078 (6.98869, 3.68161) -> 9274 (6.00683, 3.62891)
    8079 (10.2595, 19.3532) -> 9006 (9.41628, 18.9973)
    8080 (2.25524, 20.4877) -> 6135 (2.27472, 19.7999)
    8081 (23.3974, 15.4274) -> 3229 (23.5257, 15.1209)
    8082 (17.3343, 18.4014) -> 9029 (17.796, 18.0327)
    8083 (0.886468, -1.53581) -> 9140 (0.863018, -1.15586)
    8084 (4.94203, -1.40839) -> 9625 (5.06778, -1.6814)
    8085 (11.0255, 29.5269) -> 9437 (10.3805, 28.8648)
    8086 (6.87599, 1.29212) -> 4741 (6.56657, 1.66242)
    8087 (10.9429, 4.74451) -> 9931 (10.5295, 4.41927)
    8088 (2.12144, 20.5951) -> 8957 (1.95756, 20.4494)
    8089 (6.56293, 20.9036) -> 3747 (6.0685, 20.545)
    8090 (0.848941, 7.32862) -> 9593 (0.483326, 7.7801)
    8091 (0.851804, 11.1771) -> 6712 (0.630106, 11.8667)
    8092 (3.7371, 15.9486) -> 2279 (2.8472, 15.7374)
    8093 (15.6362, 6.85349) -> 4047 (15.3054, 5.91442)
    8094 (9.31563, 2.0321) -> 8566 (8.55048, 1.57586)
    8095 (12.3751, 7.53656) -> 2483 (12.1502, 6.68147)
    8096 (3.34502, 23.4577) -> 5795 (3.32215, 22.6048)
    8097 (15.9234, 0.661422) -> 9858 (15.6507, 0.460838)
    8098 (0.407342, 19.9871) -> 9876 (0.481272, 19.8198)
    8099 (8.39389, 9.21341) -> 8907 (7.84859, 8.67828)
    8100 (18.0624, 18.8288) -> 6484 (18.3502, 18.2267)
    8101 (0.663434, -2.19172) -> 640 (0.633118, -1.44942)
    8102 (1.28189, 29.9432) -> 8494 (1.37668, 29.1172)
    8103 (5.4376, 26.38) -> 8333 (4.94982, 25.8276)
    8104 (4.94066e-324, 6.9533e-310) -> 8462 (0.0438228, 0.168997)
    8105 (14.6371, 29.8965) -> 1536 (14.0035, 29.1569)
    8106 (6.18545, 3.03168) -> 5622 (5.66244, 3.14597)
    8107 (11.1037, 24.5313) -> 4522 (10.1261, 24.3211)
    8108 (17.2754, 13.1998) -> 1294 (17.9024, 12.5031)
    8109 (24.8273, 10.5302) -> 1187 (24.5892, 9.63101)
    8110 (4.94066e-324, 6.9533e-310) -> 8462 (0.0438228, 0.168997)
    8111 (6.04099, 6.27688) -> 8454 (5.10161, 6.03708)
    8112 (1.11787, 29.4211) -> 9566 (1.20212, 29.2004)
    8113 (12.5614, 27.1435) -> 6026 (11.9118, 26.6218)
    8114 (1.69271, -4.10699) -> 6513 (1.59061, -3.79883)
    8115 (18.3007, 5.09187) -> 3591 (18.0925, 4.76862)
    8116 (10.3499, -1.84629) -> 9893 (10.2057, -1.20739)
    8117 (21.2329, 4.28058) -> 9604 (21.1055, 3.78025)
    8118 (18.9026, 0.764685) -> 9795 (18.4194, 0.256348)
    8119 (17.8314, 17.4457) -> 3158 (18.5104, 16.9118)
    8120 (3.51562, 27.6377) -> 5759 (3.47286, 27.1124)
    8121 (3.72346, 22.344) -> 5199 (3.56059, 22.0142)
    8122 (24.6836, 15.2824) -> 5310 (24.8956, 14.7775)
    8123 (3.33319, 5.75113) -> 9504 (2.60122, 5.86629)
    8124 (12.2453, 2.87519) -> 8500 (11.7749, 2.64513)
    8125 (4.94066e-324, 6.9533e-310) -> 8462 (0.0438228, 0.168997)
    8126 (11.9048, 6.02138) -> 3421 (11.5381, 5.47998)
    8127 (1.87237, 10.8933) -> 7818 (1.41853, 11.7049)
    8128 (6.28984, 28.6927) -> 9416 (6.15273, 28.7162)
    8129 (12.8202, -4.26699) -> 8832 (12.2883, -4.32632)
    8130 (13.6529, 1.98587) -> 8651 (13.5134, 1.01477)
    8131 (16.9054, 20.2823) -> 8410 (17.3649, 19.7936)
    8132 (15.0964, 20.6225) -> 8514 (15.4049, 20.1176)
    8133 (17.078, -1.91417) -> 9631 (16.5161, -1.53586)
    8134 (2.05855, 21.9364) -> 2851 (1.59903, 21.0527)
    8135 (15.04, 15.8878) -> 7319 (15.58, 15.5357)
    8136 (1.3369, -2.22879) -> 9668 (1.08475, -1.93786)
    8137 (10.368, 0.919716) -> 8674 (9.46384, 0.538154)
    8138 (24.9784, 22.2338) -> 3881 (24.8847, 21.5039)
    8139 (4.94066e-324, 6.9533e-310) -> 8462 (0.0438228, 0.168997)
    8140 (9.82075, -4.4653) -> 1219 (9.47034, -4.35175)
    8141 (1.96211, 4.13835) -> 9207 (1.91121, 4.31165)
    8142 (19.9035, 6.05565) -> 9782 (19.531, 5.64225)
    8143 (19.8996, 6.97877) -> 7583 (19.6146, 6.02229)
    8144 (6.12484, 3.99068) -> 8949 (5.50104, 3.79392)
    8145 (6.77036, -0.244678) -> 9124 (6.07478, 0.31791)
    8146 (7.74719, 25.0473) -> 6106 (7.31906, 24.1954)
    8147 (17.2664, 15.6434) -> 9758 (17.8286, 15.1653)
    8148 (3.13815, 13.8293) -> 1238 (2.9189, 13.9381)
    8149 (3.57729, 29.315) -> 1382 (3.58669, 28.5372)
    8150 (1.64048, 26.364) -> 2487 (1.44582, 25.3978)
    8151 (5.84256, -0.586051) -> 1853 (5.57041, -0.361301)
    8152 (24.9817, 25.3257) -> 4656 (24.721, 24.6252)
    8153 (6.52814, 7.6478) -> 2973 (5.58561, 7.55574)
    8154 (7.44944, 6.32042) -> 8536 (7.03205, 5.99275)
    8155 (14.5365, 28.2914) -> 9059 (13.8808, 27.9921)
    8156 (2.9562, 0.962258) -> 9022 (2.61584, 1.43342)
    8157 (24.5199, 18.906) -> 4002 (24.5458, 17.9923)
    8158 (18.9554, 14.5733) -> 6990 (18.8719, 13.7004)
    8159 (16.5446, -3.83926) -> 8826 (15.8816, -3.73537)
    8160 (9.61295, 21.5857) -> 9718 (8.86223, 21.1278)
    8161 (18.3626, 28.1779) -> 8438 (18.4214, 27.7327)
    8162 (11.8263, -0.220233) -> 9190 (11.4666, -0.472036)
    8163 (4.94066e-324, 6.9533e-310) -> 8462 (0.0438228, 0.168997)
    8164 (4.11635, 24.3171) -> 8253 (4.19059, 23.9334)
    8165 (0.867431, 10.1127) -> 9030 (0.799803, 10.2455)
    8166 (3.43176, 2.6538) -> 9594 (3.1744, 2.6701)
    8167 (18.8091, 24.6935) -> 7118 (19.0018, 23.8756)
    8168 (14.224, 10.8532) -> 8467 (14.8323, 10.1048)
    8169 (13.8571, 10.0903) -> 4556 (14.2584, 9.25356)
    8170 (4.58128, 10.0986) -> 7101 (4.14664, 10.2362)
    8171 (0.623463, 15.5065) -> 0 (1, 15)
    8172 (15.9595, 25.1176) -> 9939 (16.5837, 24.4924)
    8173 (14.868, 29.8769) -> 9379 (14.3882, 29.3139)
    8174 (6.71135, 24.398) -> 198 (6.29572, 23.9701)
    8175 (24.7477, 2.40373) -> 580 (24.0661, 2.20921)
    8176 (13.6106, 7.10771) -> 4409 (13.4293, 6.41533)
    8177 (7.88668, -0.644987) -> 9480 (7.61487, -0.729249)
    8178 (23.4274, 29.4642) -> 2597 (23.7973, 28.5905)
    8179 (8.8817, 25.5057) -> 8707 (8.141, 25.1419)
    8180 (19.28, -2.05) -> 9975 (18.3248, -2.13121)
    8181 (8.1445, 27.9298) -> 361 (8.02604, 27.6414)
    8182 (7.47969, 26.3891) -> 6258 (6.96933, 25.809)
    8183 (11.713, 4.27076) -> 8292 (11.5436, 3.87508)
    8184 (22.6992, 4.48788) -> 4657 (22.0912, 3.83073)
    8185 (0.289474, 23.0098) -> 8813 (0.64719, 22.3086)
    8186 (17.2539, 24.1882) -> 9687 (17.2146, 23.6365)
    8187 (1.63614, 3.51859) -> 9920 (1.15083, 3.43035)
    8188 (7.50163, 9.99392) -> 6228 (6.90446, 9.66548)
    8189 (2.93515, 20.7805) -> 984 (2.70388, 20.1204)
    8190 (17.0792, -4.7553) -> 8286 (16.9792, -4.66277)
    8191 (0.323243, 12.3097) -> 1597 (0.438284, 12.2136)
    8192 (15.613, 22.4512) -> 9086 (16.275, 22.0557)
    8193 (8.68053, -2.94404) -> 7557 (8.14387, -2.59039)
    8194 (0.25431, 25.5387) -> 1446 (0.3719, 25.235)
    8195 (2.09675, -2.8668) -> 6545 (1.95498, -2.37298)
    8196 (12.5392, 1.67346) -> 99 (11.9384, 1.7311)
    8197 (12.9574, 5.01257) -> 3959 (12.4782, 4.38667)
    8198 (15.8637, 17.3351) -> 6632 (16.6014, 16.8247)
    8199 (14.5889, 17.0264) -> 9799 (15.4261, 16.6659)
    8200 (2.01334, 20.3337) -> 2648 (1.57503, 19.6372)
    8201 (1.13895, 17.7484) -> 7172 (1.01897, 16.9445)
    8202 (17.6257, 11.1044) -> 4795 (17.8962, 10.6228)
    8203 (14.0054, 21.0137) -> 9335 (14.2553, 20.4975)
    8204 (19.2662, 21.6146) -> 8657 (19.4013, 21.4119)
    8205 (20.4283, 14.066) -> 1997 (20.5366, 13.1884)
    8206 (14.5314, -2.12094) -> 6982 (13.7353, -2.20077)
    8207 (20.419, 6.52777) -> 9752 (20.259, 5.87419)
    8208 (18.8799, -2.01015) -> 9975 (18.3248, -2.13121)
    8209 (19.7104, 1.27863) -> 478 (18.9216, 0.900113)
    8210 (20.2755, 28.3644) -> 3775 (20.2149, 27.5617)
    8211 (16.3594, 9.65907) -> 4195 (16.515, 8.8055)
    8212 (20.612, 16.8353) -> 4436 (21.0027, 15.9679)
    8213 (8.67302, 5.29231) -> 8475 (7.79387, 5.13028)
    8214 (20.7522, -3.60493) -> 8919 (19.7848, -3.45115)
    8215 (5.72437, 14.9426) -> 8939 (5.21025, 14.3599)
    8216 (15.6335, 12.3209) -> 8962 (16.3238, 11.9335)
    8217 (12.4339, -0.825073) -> 9946 (12.6529, -0.647598)
    8218 (7.53745, 14.845) -> 2895 (7.01721, 14.687)
    8219 (14.2766, 28.0582) -> 9172 (13.6631, 27.7893)
    8220 (19.8326, -2.3728) -> 9245 (19.6385, -2.50956)
    8221 (12.3532, 3.23071) -> 9496 (11.6639, 2.92546)
    8222 (8.16648, 29.1475) -> 6209 (8.10023, 28.7334)
    8223 (21.8885, 14.4067) -> 2749 (22.2143, 13.7727)
    8224 (8.43889, 19.7466) -> 406 (7.596, 19.5089)
    8225 (23.9428, 19.9125) -> 2612 (24.0118, 19.7523)
    8226 (7.40846, 29.6218) -> 8363 (7.34176, 29.3744)
    8227 (15.8177, -3.96374) -> 8766 (14.916, -4.29853)
    8228 (17.7144, 5.53444) -> 6049 (17.2602, 4.92325)
    8229 (5.22884, 14.569) -> 7801 (4.91215, 14.2833)
    8230 (24.8611, -1.57489) -> 9935 (23.8721, -1.44009)
    8231 (8.47388, -3.12914) -> 9586 (9.29755, -3.44694)
    8232 (18.9878, 21.4224) -> 9299 (19.5164, 20.5824)
    8233 (3.71985, 20.9822) -> 2427 (3.57117, 20.4106)
    8234 (19.8545, 7.18315) -> 1123 (19.5137, 6.50419)
    8235 (0.54097, 26.0333) -> 7767 (0.728852, 25.0911)
    8236 (15.1542, 22.9315) -> 3732 (15.3784, 22.3666)
    8237 (4.77757, 12.5037) -> 1247 (4.04314, 12.18)
    8238 (23.6126, 15.8104) -> 8700 (23.8898, 14.9988)
    8239 (22.1246, 24.5251) -> 5075 (22.3112, 23.6828)
    8240 (19.6934, 28.6095) -> 6353 (19.76, 28.026)
    8241 (18.6019, -3.73437) -> 9943 (18.0602, -3.77262)
    8242 (7.87103, 11.3547) -> 3365 (7.42464, 11.2338)
    8243 (4.64888, 25.5259) -> 5161 (4.41555, 24.8773)
    8244 (0.230069, 1.40969) -> 9160 (0.222219, 2.40353)
    8245 (12.1702, 21.359) -> 3429 (11.8891, 21.2411)
    8246 (1.13024, 8.83089) -> 5022 (0.85607, 9.67573)
    8247 (23.482, -1.56802) -> 9973 (23.0257, -1.60631)
    8248 (15.2181, 20.6357) -> 4098 (15.5796, 20.134)
    8249 (1.16149, -4.84342) -> 9511 (1.33923, -3.99781)
    8250 (10.8394, 2.26517) -> 8803 (10.3916, 2.13748)
    8251 (1.28208, -3.38166) -> 9847 (0.861015, -2.72782)
    8252 (13.4718, 7.51522) -> 8807 (13.465, 7.30643)
    8253 (4.19059, 23.9334) -> 6587 (4.01591, 23.0204)
    8254 (2.85238, -2.06821) -> 9902 (2.2461, -2.21562)
    8255 (24.0683, 20.7588) -> 5772 (24.0562, 20.4954)
    8256 (21.3196, 7.45542) -> 9950 (21.7957, 7.14588)
    8257 (7.61756, 15.093) -> 7553 (7.1702, 15.0944)
    8258 (23.8038, 14.4842) -> 2842 (23.9603, 13.5462)
    8259 (16.3473, 5.55849) -> 8858 (16.0512, 4.65368)
    8260 (16.7743, 19.0385) -> 8833 (16.9702, 18.9073)
    8261 (17.056, 21.6363) -> 8697 (17.5491, 21.1194)
    8262 (8.6584, -0.0229426) -> 3267 (7.71241, -0.240583)
    8263 (8.58422, 16.9444) -> 8522 (7.78348, 17.1473)
    8264 (20.9068, 29.8199) -> 9457 (21.4067, 29.5231)
    8265 (21.8225, 6.18142) -> 374 (21.7085, 6.01255)
    8266 (18.7181, 18.1521) -> 6771 (18.5164, 17.6522)
    8267 (21.7157, 18.0584) -> 5674 (22.0261, 17.1268)
    8268 (5.19302, 21.6564) -> 3153 (5.07191, 21.0613)
    8269 (20.499, 19.9309) -> 7199 (20.4454, 19.2594)
    8270 (19.1045, -0.155951) -> 5821 (18.2975, -0.259167)
    8271 (20.0659, 2.71033) -> 9473 (19.5675, 2.4273)
    8272 (20.0826, 20.9073) -> 1085 (20.2295, 20.0139)
    8273 (1.75769, 18.9526) -> 5274 (1.69492, 17.9655)
    8274 (9.12054, 1.81766) -> 8566 (8.55048, 1.57586)
    8275 (3.32212, 7.89444) -> 9340 (2.7778, 8.18868)
    8276 (19.4487, 1.4421) -> 478 (18.9216, 0.900113)
    8277 (17.7743, 28.5359) -> 9338 (17.6171, 27.7901)
    8278 (23.6733, -3.37439) -> 9726 (23.2265, -4.11043)
    8279 (0.814979, 7.61061) -> 9593 (0.483326, 7.7801)
    8280 (9.71892, 7.67095) -> 2998 (9.2301, 7.12222)
    8281 (5.01547, 29.6171) -> 9166 (5.0016, 28.8947)
    8282 (23.2239, 13.3618) -> 671 (23.4106, 12.8107)
    8283 (13.069, 27.9765) -> 2826 (12.678, 27.6059)
    8284 (13.9609, 19.6795) -> 9829 (14.5795, 18.9662)
    8285 (16.4468, 16.2215) -> 2687 (17.0083, 15.9213)
    8286 (16.9792, -4.66277) -> 8715 (16.1254, -4.2637)
    8287 (24.5782, 20.0724) -> 9967 (24.5936, 19.0836)
    8288 (4.94066e-324, 6.9533e-310) -> 2209 (0.166112, 0.830897)
    8289 (24.6176, 21.5994) -> 3212 (24.7133, 21.2575)
    8290 (21.7973, 15.1761) -> 8223 (21.8885, 14.4067)
    8291 (22.4929, 6.51909) -> 9911 (22.3155, 6.58706)
    8292 (11.5436, 3.87508) -> 6239 (10.6241, 3.7935)
    8293 (8.23101, 10.87) -> 3831 (7.63654, 10.5211)
    8294 (2.00925, 7.35239) -> 6111 (1.62127, 8.11359)
    8295 (16.8423, 22.5547) -> 9186 (16.7163, 21.9207)
    8296 (15.4665, 21.3089) -> 6756 (15.45, 20.3758)
    8297 (10.9855, 18.8579) -> 1574 (10.5389, 18.7587)
    8298 (11.1893, 17.8315) -> 2772 (10.4037, 17.9289)
    8299 (9.69712, 20.3173) -> 22 (8.93407, 19.9132)
    8300 (7.90977, 6.94328) -> 4665 (7.17287, 6.36175)
    8301 (2.44812, 28.4592) -> 6188 (2.2813, 27.7829)
    8302 (7.6686, 4.11562) -> 9814 (7.49763, 4.0937)
    8303 (19.7149, 12.8907) -> 9481 (20.2381, 12.5542)
    8304 (0.359084, -1.86825) -> 127 (0.610927, -0.910496)
    8305 (24.2901, 6.38892) -> 5070 (23.7737, 5.68677)
    8306 (23.1439, 21.5321) -> 8849 (23.5738, 21.1416)
    8307 (1.4125, 7.78754) -> 4949 (1.10582, 8.58309)
    8308 (7.27604, 13.8511) -> 1572 (6.3803, 13.5965)
    8309 (12.4764, 5.36488) -> 8480 (12.0753, 4.78082)
    8310 (24.6224, 2.08209) -> 9019 (24.3646, 2.03584)
    8311 (4.3431, 16.1289) -> 8092 (3.7371, 15.9486)
    8312 (23.6791, 8.78433) -> 9222 (23.3109, 8.27143)
    8313 (7.10938, 9.6226) -> 2276 (6.20217, 9.40363)
    8314 (14.689, 16.6465) -> 8026 (15.3676, 16.3369)
    8315 (9.3921, 7.57544) -> 1355 (8.73343, 6.88899)
    8316 (17.9235, 17.2156) -> 3412 (18.2508, 16.8742)
    8317 (17.2815, 21.8747) -> 9316 (17.5425, 21.4605)
    8318 (3.16778, -0.484042) -> 9953 (3.12525, -0.406663)
    8319 (8.64801, -2.54157) -> 9102 (8.61581, -2.51129)
    8320 (4.94066e-324, 6.9533e-310) -> 2209 (0.166112, 0.830897)
    8321 (19.4762, 7.27737) -> 9575 (19.0425, 6.8933)
    8322 (6.67246, -3.69825) -> 6964 (5.94454, -3.02931)
    8323 (4.94066e-324, 6.9533e-310) -> 2209 (0.166112, 0.830897)
    8324 (8.75854, 18.181) -> 3874 (7.9576, 17.6845)
    8325 (2.15909, 9.79593) -> 1975 (1.81116, 10.5717)
    8326 (21.9514, 15.6666) -> 9773 (21.8352, 14.7719)
    8327 (11.9246, 6.04812) -> 3421 (11.5381, 5.47998)
    8328 (13.3973, 17.8691) -> 5760 (13.9571, 17.5214)
    8329 (0.035575, 6.89987) -> 1700 (0.0996455, 7.40499)
    8330 (24.9868, 19.1527) -> 5919 (24.7564, 18.7382)
    8331 (0.572366, 0.0369741) -> 3720 (0.589593, 0.203066)
    8332 (20.0337, -0.636766) -> 2003 (19.4616, -0.79584)
    8333 (4.94982, 25.8276) -> 3682 (4.49253, 24.9885)
    8334 (8.23801, -0.8684) -> 5179 (7.37271, -0.789983)
    8335 (10.0234, 4.97183) -> 4720 (9.39959, 4.55046)
    8336 (22.2106, 0.496449) -> 3885 (21.7229, 0.301781)
    8337 (7.88097, 28.0379) -> 9638 (7.47516, 27.4222)
    8338 (0.211718, 17.8999) -> 3830 (0.442383, 17.3191)
    8339 (19.0695, 23.1736) -> 1616 (19.2813, 22.9267)
    8340 (17.9535, 8.14062) -> 9522 (17.3255, 7.40948)
    8341 (6.1287, 16.3547) -> 8820 (5.65376, 16.3934)
    8342 (4.46726, 27.6192) -> 199 (4.07227, 26.8087)
    8343 (2.55218, 25.8872) -> 8793 (2.5065, 25.7061)
    8344 (4.21122, 18.9628) -> 3066 (4.16837, 18.8959)
    8345 (22.1956, 13.4331) -> 6301 (22.2397, 12.9261)
    8346 (0.400054, 28.0836) -> 9828 (0.443578, 27.4995)
    8347 (8.19756, 23.7425) -> 2869 (7.47525, 23.0926)
    8348 (15.3318, 2.08362) -> 2514 (14.631, 1.96751)
    8349 (22.4484, 14.6639) -> 8569 (22.893, 13.9877)
    8350 (10.7921, 23.6855) -> 1108 (10.3042, 22.8855)
    8351 (19.7396, 19.782) -> 3566 (20.1617, 19.2738)
    8352 (13.9647, 21.4363) -> 9633 (14.6013, 20.9071)
    8353 (21.3554, -4.06254) -> 1520 (20.9589, -4.02707)
    8354 (18.9094, 4.86328) -> 7054 (18.6221, 4.38628)
    8355 (15.0164, 10.0945) -> 378 (15.3938, 9.59161)
    8356 (3.0774, 21.9682) -> 6224 (3.02985, 21.6655)
    8357 (11.455, 6.00965) -> 9979 (10.951, 5.48776)
    8358 (19.7855, 29.7387) -> 8730 (20.1588, 28.8898)
    8359 (4.88819, 10.7713) -> 7083 (4.07822, 10.9233)
    8360 (24.6086, 21.1146) -> 6655 (24.8018, 20.5553)
    8361 (0.124245, 5.83196) -> 5000 (0.0348196, 6.33832)
    8362 (2.46864, 28.367) -> 6188 (2.2813, 27.7829)
    8363 (7.34176, 29.3744) -> 2173 (6.78835, 28.6022)
    8364 (23.8126, 17.4262) -> 7003 (23.8002, 17.3283)
    8365 (17.5945, 8.39956) -> 6569 (17.5104, 8.00628)
    8366 (3.43824, -2.80659) -> 9042 (2.86845, -2.2042)
    8367 (16.474, 28.5365) -> 1608 (16.2741, 28.1819)
    8368 (10.6732, 22.8614) -> 9977 (10.3661, 22.6327)
    8369 (0.778665, 0.661682) -> 9623 (0.664097, 0.892402)
    8370 (9.88446, 17.3974) -> 5349 (9.30255, 17.4293)
    8371 (14.4448, 16.4678) -> 7445 (15.0152, 16.0352)
    8372 (17.2547, 22.8842) -> 9537 (17.443, 22.2651)
    8373 (15.7074, 11.4702) -> 2133 (16.2996, 10.8036)
    8374 (10.0754, 26.6681) -> 9877 (9.20911, 26.2339)
    8375 (13.1208, 0.596629) -> 9768 (12.5441, 0.224692)
    8376 (22.4203, 2.71026) -> 1190 (21.5976, 2.2391)
    8377 (1.34141, 10.3688) -> 5221 (1.44514, 10.8504)
    8378 (2.39861, 20.9151) -> 8080 (2.25524, 20.4877)
    8379 (1.10176, 29.1979) -> 5609 (1.36314, 28.3516)
    8380 (24.44, -4.13427) -> 1145 (23.8594, -4.2402)
    8381 (17.6445, 11.715) -> 3060 (17.9679, 11.4354)
    8382 (13.7631, 28.634) -> 9848 (13.5228, 28.4507)
    8383 (5.46797, 11.7413) -> 8904 (5.1674, 11.6982)
    8384 (10.0329, -2.84518) -> 8778 (9.11355, -2.557)
    8385 (13.7829, 11.8717) -> 5438 (14.7024, 11.6985)
    8386 (17.2383, -2.62572) -> 9776 (16.5444, -2.43759)
    8387 (4.94066e-324, 6.9533e-310) -> 2209 (0.166112, 0.830897)
    8388 (0.864535, 29.1994) -> 5881 (0.859573, 28.5564)
    8389 (22.3506, 5.49255) -> 1582 (21.8074, 4.69263)
    8390 (10.7427, 25.6743) -> 9759 (10.0521, 25.1057)
    8391 (0.941944, 9.72435) -> 9030 (0.799803, 10.2455)
    8392 (12.9907, 1.79753) -> 9483 (12.5442, 1.87507)
    8393 (17.2994, 24.0803) -> 9687 (17.2146, 23.6365)
    8394 (20.3132, -2.89407) -> 9740 (19.4489, -3.28739)
    8395 (4.94703, 0.574472) -> 8608 (4.15319, 1.13511)
    8396 (14.4935, 27.9549) -> 5922 (13.6108, 27.6565)
    8397 (18.2232, 26.7868) -> 9636 (18.6972, 26.3523)
    8398 (4.80903, 6.83016) -> 8927 (4.16209, 6.85961)
    8399 (19.9166, 10.5366) -> 8902 (20.0642, 10.2263)
    8400 (18.4649, 6.20465) -> 9929 (17.8048, 6.2399)
    8401 (4.6635, -1.26668) -> 186 (4.41797, -0.723037)
    8402 (24.2934, 21.0107) -> 8287 (24.5782, 20.0724)
    8403 (24.8445, 2.86275) -> 4816 (24.2496, 2.43611)
    8404 (11.1185, 5.81123) -> 9979 (10.951, 5.48776)
    8405 (23.2758, 4.60214) -> 8184 (22.6992, 4.48788)
    8406 (4.66707, 17.8943) -> 877 (4.32786, 17.8055)
    8407 (3.86619, -0.43019) -> 9953 (3.12525, -0.406663)
    8408 (0.477565, 19.898) -> 9876 (0.481272, 19.8198)
    8409 (23.7205, 15.693) -> 8700 (23.8898, 14.9988)
    8410 (17.3649, 19.7936) -> 9854 (17.5784, 19.4783)
    8411 (16.8437, 16.9815) -> 8539 (17.5621, 16.3382)
    8412 (4.71518, 18.0188) -> 8860 (4.1562, 17.7427)
    8413 (12.8616, 20.744) -> 2083 (13.25, 20.1354)
    8414 (17.5834, -3.47112) -> 8001 (16.756, -3.39945)
    8415 (18.5614, 27.9372) -> 8438 (18.4214, 27.7327)
    8416 (2.19452, -0.198528) -> 8794 (1.72245, 0.474988)
    8417 (4.54738, -4.77867) -> 9565 (4.09418, -4.65475)
    8418 (10.0283, 1.8868) -> 8274 (9.12054, 1.81766)
    8419 (11.7672, -0.270178) -> 9190 (11.4666, -0.472036)
    8420 (22.4065, 28.996) -> 6983 (22.761, 28.7081)
    8421 (20.0288, 20.3278) -> 1085 (20.2295, 20.0139)
    8422 (21.4531, -0.247621) -> 3676 (20.5082, -0.278969)
    8423 (4.16789, 17.9927) -> 5704 (3.50013, 17.3519)
    8424 (5.01511, 25.5718) -> 3682 (4.49253, 24.9885)
    8425 (16.879, 26.1705) -> 759 (16.9813, 25.6149)
    8426 (1.9605, 11.9117) -> 2566 (1.75225, 12.6506)
    8427 (8.22957, 28.0436) -> 361 (8.02604, 27.6414)
    8428 (8.90574, -0.59057) -> 9992 (9.10122, -0.28248)
    8429 (2.56119, 16.8398) -> 3785 (2.0145, 16.5882)
    8430 (2.60641, 4.6568) -> 7204 (2.24632, 5.00659)
    8431 (4.24334, 25.9188) -> 1411 (3.85068, 25.4351)
    8432 (3.63525, 7.10834) -> 4029 (3.14776, 7.46578)
    8433 (21.0774, 7.28376) -> 8925 (20.7455, 6.83576)
    8434 (7.86579, 0.711253) -> 8600 (7.53903, 0.790489)
    8435 (1.08692, 12.4774) -> 6274 (1.18617, 13.0621)
    8436 (8.60206, 26.4592) -> 5526 (8.02877, 26.1604)
    8437 (16.6731, 18.4959) -> 6959 (17.1202, 17.7559)
    8438 (18.4214, 27.7327) -> 9303 (18.4415, 26.891)
    8439 (24.1086, 10.3887) -> 9841 (24.2447, 10.3084)
    8440 (18.1807, 20.4898) -> 7870 (18.6119, 19.6614)
    8441 (4.91171, -3.24097) -> 9732 (4.53778, -3.19324)
    8442 (0.956598, 21.1221) -> 8875 (0.768111, 20.5837)
    8443 (4.69691, 17.9221) -> 8860 (4.1562, 17.7427)
    8444 (15.2355, 1.13513) -> 6128 (14.703, 0.898791)
    8445 (16.6389, 24.7785) -> 9675 (16.9685, 24.1876)
    8446 (8.50293, 29.2934) -> 6057 (8.06024, 28.4328)
    8447 (9.77708, 5.89292) -> 8719 (9.39993, 5.44568)
    8448 (14.8919, 3.46703) -> 7478 (14.552, 3.08536)
    8449 (8.86967, 20.7438) -> 5614 (8.4504, 20.7037)
    8450 (6.24726, -2.08108) -> 6267 (5.75424, -1.54681)
    8451 (14.2324, 15.6917) -> 6376 (15.0148, 15.5282)
    8452 (13.994, 19.889) -> 9337 (14.3754, 19.5243)
    8453 (5.93183, 26.7188) -> 2762 (5.32979, 26.1044)
    8454 (5.10161, 6.03708) -> 4695 (4.70603, 6.15372)
    8455 (20.4361, 27.0784) -> 4747 (20.4356, 26.2172)
    8456 (13.0267, 19.1234) -> 1595 (13.5285, 18.5717)
    8457 (7.92886, 28.1087) -> 9638 (7.47516, 27.4222)
    8458 (9.1812, 0.778044) -> 6331 (8.21416, 0.826183)
    8459 (7.49675, 20.4623) -> 2484 (6.92622, 20.2784)
    8460 (14.1837, -0.66248) -> 9945 (13.6527, -0.610638)
    8461 (10.6556, 0.0303139) -> 3175 (9.7015, 0.154194)
    8462 (0.0438228, 0.168997) -> 2209 (0.166112, 0.830897)
    8463 (5.97111, 25.814) -> 2921 (5.3136, 25.0753)
    8464 (5.53011, -3.09938) -> 9870 (4.87538, -2.40958)
    8465 (5.47533, 29.5383) -> 6706 (5.15799, 28.9542)
    8466 (14.1835, 25.2199) -> 8798 (14.6412, 24.5659)
    8467 (14.8323, 10.1048) -> 796 (15.2584, 9.56844)
    8468 (4.57319, 24.5941) -> 8253 (4.19059, 23.9334)
    8469 (23.2875, 15.7287) -> 9097 (23.6699, 15.0093)
    8470 (7.3675, 25.0123) -> 5158 (7.15786, 24.8926)
    8471 (23.6087, 6.09041) -> 9822 (23.0384, 5.72212)
    8472 (18.1138, 29.9869) -> 6335 (18.4429, 29.0873)
    8473 (21.6289, 10.6994) -> 9390 (21.6595, 10.3831)
    8474 (22.2048, 15.057) -> 9773 (21.8352, 14.7719)
    8475 (7.79387, 5.13028) -> 9333 (6.90893, 4.83993)
    8476 (10.0004, 23.7073) -> 8948 (9.59698, 23.3867)
    8477 (0.527164, 10.9987) -> 747 (0.769959, 11.8502)
    8478 (3.24144, 7.77733) -> 9340 (2.7778, 8.18868)
    8479 (15.6226, 9.44478) -> 7986 (15.7957, 9.04698)
    8480 (12.0753, 4.78082) -> 1442 (11.8226, 4.26758)
    8481 (7.6088, -0.663474) -> 9480 (7.61487, -0.729249)
    8482 (2.11473, 16.7251) -> 5347 (1.60914, 16.1542)
    8483 (24.6496, 25.9355) -> 1257 (24.6835, 25.3568)
    8484 (10.5358, 19.0638) -> 4884 (9.85234, 18.7426)
    8485 (5.46125, -4.16665) -> 713 (5.18505, -3.78713)
    8486 (23.3467, 27.7365) -> 5565 (23.5921, 27.1071)
    8487 (0.168797, 23.9546) -> 9182 (0.282523, 23.504)
    8488 (23.2144, 21.2385) -> 7716 (23.8007, 20.5899)
    8489 (20.9779, 9.72444) -> 9842 (21.2568, 9.19858)
    8490 (1.90472, 13.8273) -> 7619 (1.34196, 14.5671)
    8491 (7.74874, -1.52976) -> 9965 (6.93455, -1.42877)
    8492 (10.2183, 26.8755) -> 6137 (9.73297, 26.5356)
    8493 (3.15129, 24.9092) -> 7304 (2.99453, 23.9311)
    8494 (1.37668, 29.1172) -> 3798 (1.46972, 28.6135)
    8495 (17.8338, -2.09183) -> 8604 (16.9168, -1.95663)
    8496 (1.67517, 14.0733) -> 5882 (1.39894, 14.4109)
    8497 (13.3524, 21.1069) -> 8535 (13.869, 20.5057)
    8498 (17.4996, 12.1832) -> 5454 (18.2866, 12.0376)
    8499 (0.838639, 27.1286) -> 972 (0.712906, 26.2449)
    8500 (11.7749, 2.64513) -> 5018 (11.0203, 2.13999)
    8501 (3.7121, 7.99232) -> 9340 (2.7778, 8.18868)
    8502 (23.003, -1.8114) -> 9973 (23.0257, -1.60631)
    8503 (11.9437, 25.2164) -> 8852 (11.2967, 25.01)
    8504 (12.9394, 23.8266) -> 4891 (12.147, 23.4503)
    8505 (12.6755, 23.1951) -> 9096 (12.0506, 22.4644)
    8506 (3.09261, 8.88037) -> 7884 (2.71211, 9.26021)
    8507 (8.34652, 27.4156) -> 2564 (7.80196, 26.8946)
    8508 (5.08021, 14.0152) -> 6675 (4.42544, 13.3376)
    8509 (12.1734, 29.4578) -> 3827 (11.4566, 28.7662)
    8510 (13.4564, 7.98732) -> 9092 (13.0402, 7.13772)
    8511 (20.4941, 23.737) -> 5137 (20.7072, 23.1624)
    8512 (6.56362, 22.2939) -> 2563 (5.7739, 21.7117)
    8513 (21.4001, 16.3966) -> 9724 (20.9948, 15.6887)
    8514 (15.4049, 20.1176) -> 5024 (15.7829, 19.5206)
    8515 (4.94066e-324, 6.9533e-310) -> 2209 (0.166112, 0.830897)
    8516 (4.45446, 4.08793) -> 8986 (3.70474, 4.22491)
    8517 (18.5462, 15.4333) -> 9256 (18.7041, 15.0189)
    8518 (1.47138, 16.7845) -> 5276 (1.3311, 16.3508)
    8519 (1.00318, 15.0394) -> 0 (1, 15)
    8520 (15.0031, 3.68809) -> 1365 (14.4191, 2.89875)
    8521 (4.94066e-324, 6.9533e-310) -> 2209 (0.166112, 0.830897)
    8522 (7.78348, 17.1473) -> 9639 (6.91435, 16.7484)
    8523 (12.6982, -2.96063) -> 3376 (12.1438, -3.09629)
    8524 (23.6804, 15.9799) -> 9241 (23.8101, 15.4723)
    8525 (4.94066e-324, 6.9533e-310) -> 2209 (0.166112, 0.830897)
    8526 (18.6016, -2.43177) -> 9975 (18.3248, -2.13121)
    8527 (14.598, 29.4768) -> 9379 (14.3882, 29.3139)
    8528 (5.50152, 28.6834) -> 249 (5.22563, 27.8979)
    8529 (23.6831, 4.51885) -> 9331 (23.5526, 4.22387)
    8530 (12.0133, 24.3116) -> 8702 (12.0282, 24.1508)
    8531 (15.9559, 4.86397) -> 6935 (15.8945, 4.53268)
    8532 (15.4819, 27.9269) -> 3206 (15.6878, 27.3042)
    8533 (2.36541, -3.1642) -> 6545 (1.95498, -2.37298)
    8534 (6.16004, -2.69775) -> 9746 (5.36219, -2.64142)
    8535 (13.869, 20.5057) -> 9616 (14.1989, 20.2819)
    8536 (7.03205, 5.99275) -> 88 (6.16578, 5.91444)
    8537 (18.1374, 13.1813) -> 9748 (18.4359, 12.5627)
    8538 (14.1331, 23.1649) -> 9997 (14.539, 22.6981)
    8539 (17.5621, 16.3382) -> 4237 (18.1537, 15.5379)
    8540 (22.5615, 16.4715) -> 7946 (22.7049, 15.9358)
    8541 (15.757, 10.5315) -> 5063 (15.8508, 10.3972)
    8542 (6.12383, 26.6212) -> 9826 (5.90841, 26.0427)
    8543 (4.07659, 26.3437) -> 8825 (3.98461, 26.183)
    8544 (24.1269, 11.1944) -> 9841 (24.2447, 10.3084)
    8545 (0.400636, 9.78571) -> 9592 (0.399056, 10.5408)
    8546 (0.146812, -0.655516) -> 9570 (4.94066e-324, 6.9533e-310)
    8547 (5.34333, 13.5653) -> 1530 (4.6569, 12.8794)
    8548 (19.4915, 22.0561) -> 6920 (19.7027, 21.6526)
    8549 (16.3021, 23.9249) -> 9991 (16.0558, 23.048)
    8550 (20.9187, 6.97324) -> 8925 (20.7455, 6.83576)
    8551 (19.5646, 21.8267) -> 6920 (19.7027, 21.6526)
    8552 (3.20259, 16.2202) -> 1438 (2.28133, 15.9039)
    8553 (12.3742, 25.1473) -> 9112 (12.3333, 25.0797)
    8554 (11.4479, 26.2543) -> 8390 (10.7427, 25.6743)
    8555 (21.8735, 10.5283) -> 9660 (22.1342, 10.6488)
    8556 (15.0801, -4.56945) -> 3432 (14.3855, -4.36016)
    8557 (15.5599, 13.5913) -> 9421 (16.0383, 13.1795)
    8558 (10.1435, 28.6884) -> 1969 (9.76792, 28.0372)
    8559 (10.5129, 5.5464) -> 9887 (9.82314, 5.08274)
    8560 (2.19458, 29.2035) -> 8998 (1.99828, 28.444)
    8561 (19.9116, 18.9) -> 9857 (19.738, 18.7196)
    8562 (4.94066e-324, 6.9533e-310) -> 2209 (0.166112, 0.830897)
    8563 (23.4438, 21.5786) -> 8849 (23.5738, 21.1416)
    8564 (19.8761, 24.1629) -> 3025 (20.3065, 23.5741)
    8565 (13.6901, 11.2828) -> 5753 (14.4725, 10.7616)
    8566 (8.55048, 1.57586) -> 9144 (8.12937, 1.54858)
    8567 (18.8874, 3.07208) -> 8679 (19.0352, 2.91625)
    8568 (19.8138, 17.2062) -> 9314 (19.8399, 16.755)
    8569 (22.893, 13.9877) -> 9872 (22.8618, 13.3103)
    8570 (16.1124, -2.40073) -> 9518 (15.4287, -2.38883)
    8571 (14.9638, 29.8893) -> 9379 (14.3882, 29.3139)
    8572 (5.14441, 21.8024) -> 2656 (4.87335, 21.6123)
    8573 (16.8902, 29.8193) -> 9598 (16.7529, 29.256)
    8574 (4.30007, -2.79408) -> 306 (3.55288, -2.21399)
    8575 (17.5601, -0.18212) -> 9737 (17.1746, -1.00784)
    8576 (23.9706, 6.78395) -> 9201 (23.172, 6.59016)
    8577 (23.4402, 5.57812) -> 9824 (23.0474, 5.48682)
    8578 (20.806, 17.4639) -> 6507 (21.0116, 16.9845)
    8579 (10.4415, 2.27051) -> 5415 (10.2278, 2.23495)
    8580 (19.0775, 24.2423) -> 9037 (19.2056, 23.2514)
    8581 (10.9935, 2.94523) -> 8579 (10.4415, 2.27051)
    8582 (23.3314, 5.60596) -> 9824 (23.0474, 5.48682)
    8583 (4.94066e-324, 6.9533e-310) -> 2209 (0.166112, 0.830897)
    8584 (6.09774, 4.82679) -> 3782 (5.3638, 4.48516)
    8585 (3.47189, 10.1224) -> 6269 (2.6996, 10.3751)
    8586 (6.49976, 7.8585) -> 2965 (6.03318, 7.77237)
    8587 (12.8388, 7.7627) -> 9766 (12.7805, 7.73417)
    8588 (12.4485, 0.0296203) -> 8756 (11.9766, -0.637326)
    8589 (15.1417, 18.9601) -> 6840 (15.7207, 18.3615)
    8590 (23.0281, 4.33679) -> 232 (22.7722, 3.99089)
    8591 (6.26587, 29.6551) -> 9416 (6.15273, 28.7162)
    8592 (1.82304, 27.1542) -> 8150 (1.64048, 26.364)
    8593 (21.3701, 19.9716) -> 4359 (21.4643, 19.6372)
    8594 (7.52821, 18.7737) -> 2794 (6.78922, 18.5802)
    8595 (14.6814, 4.8296) -> 6167 (14.1553, 4.16783)
    8596 (7.73496, 0.440049) -> 7205 (7.00728, 0.529369)
    8597 (16.3208, -3.93817) -> 9927 (16.3699, -3.97958)
    8598 (23.7821, 6.30747) -> 9822 (23.0384, 5.72212)
    8599 (3.25299, 4.74824) -> 5624 (2.96817, 4.63719)
    8600 (7.53903, 0.790489) -> 3019 (6.56717, 0.857894)
    8601 (18.3325, 24.4198) -> 9725 (18.5565, 24.0421)
    8602 (24.1427, 29.701) -> 4672 (24.0371, 28.7999)
    8603 (22.3789, 18.1575) -> 8861 (22.721, 17.3686)
    8604 (16.9168, -1.95663) -> 9776 (16.5444, -2.43759)
    8605 (18.3535, 26.8118) -> 9636 (18.6972, 26.3523)
    8606 (11.8078, 7.55059) -> 4926 (11.594, 6.73993)
    8607 (1.97558, 16.5613) -> 5347 (1.60914, 16.1542)
    8608 (4.15319, 1.13511) -> 4730 (3.6063, 1.69313)
    8609 (7.77609, 23.1888) -> 5316 (7.12397, 22.7542)
    8610 (24.1753, 26.4556) -> 6107 (24.4312, 25.8174)
    8611 (22.8028, -1.50868) -> 9228 (22.0976, -1.31873)
    8612 (6.47959, 23.1942) -> 9499 (6.3436, 22.9072)
    8613 (14.6074, 25.7866) -> 4831 (14.695, 25.0885)
    8614 (22.5231, -2.44807) -> 9990 (22.9026, -2.13215)
    8615 (3.02978, 12.2322) -> 9080 (2.10513, 12.4645)
    8616 (11.7209, 24.6118) -> 6134 (11.2753, 24.095)
    8617 (15.2023, 19.4429) -> 447 (15.4526, 18.834)
    8618 (1.49352, -4.46426) -> 1006 (1.50837, -4.0509)
    8619 (7.24884, 8.69824) -> 3248 (6.3928, 8.26653)
    8620 (2.3515, -4.51526) -> 2355 (2.13758, -4.25166)
    8621 (16.9513, 22.1494) -> 9316 (17.5425, 21.4605)
    8622 (4.55886, 12.7473) -> 6861 (4.447, 12.7592)
    8623 (22.505, 25.6306) -> 8070 (22.6893, 25.3966)
    8624 (5.49328, 29.4251) -> 6706 (5.15799, 28.9542)
    8625 (15.4261, 13.2461) -> 1413 (16.1176, 12.8367)
    8626 (22.9194, -2.35983) -> 9990 (22.9026, -2.13215)
    8627 (14.181, 16.7624) -> 8864 (14.6446, 16.458)
    8628 (14.4447, 27.4546) -> 9200 (13.6993, 27.2903)
    8629 (5.14659, 18.6365) -> 5373 (4.45742, 18.3026)
    8630 (15.574, 27.6995) -> 3206 (15.6878, 27.3042)
    8631 (0.217101, 18.4806) -> 9351 (0.351924, 17.6683)
    8632 (10.2738, 2.10146) -> 8997 (9.45088, 2.03935)
    8633 (9.45995, 1.17712) -> 8923 (8.55208, 1.42984)
    8634 (1.11383, 7.79387) -> 5775 (1.07518, 7.94715)
    8635 (4.59025, 4.69262) -> 1947 (3.95611, 4.69327)
    8636 (1.99384, 21.8881) -> 2851 (1.59903, 21.0527)
    8637 (9.41248, 23.9189) -> 91 (8.58125, 23.3917)
    8638 (17.0388, 2.41117) -> 4137 (16.7516, 1.87658)
    8639 (8.93371, 10.0005) -> 8099 (8.39389, 9.21341)
    8640 (23.8396, 4.37672) -> 9331 (23.5526, 4.22387)
    8641 (4.94066e-324, 6.9533e-310) -> 2209 (0.166112, 0.830897)
    8642 (21.553, 28.4799) -> 9749 (22.0067, 27.8435)
    8643 (16.1509, -1.42693) -> 2662 (15.3005, -1.75378)
    8644 (3.12176, 13.7653) -> 1238 (2.9189, 13.9381)
    8645 (0.914482, 27.7141) -> 9110 (0.885463, 27.5911)
    8646 (0.835645, 10.7329) -> 8091 (0.851804, 11.1771)
    8647 (18.8429, 22.031) -> 6614 (19.197, 21.1661)
    8648 (6.55744, 20.0481) -> 5723 (6.03965, 19.5951)
    8649 (6.53461, 14.643) -> 9865 (6.44301, 14.589)
    8650 (10.8446, 28.0254) -> 5892 (10.1231, 27.387)
    8651 (13.5134, 1.01477) -> 5131 (12.6615, 0.870398)
    8652 (5.62603, 17.7544) -> 706 (4.7543, 17.4359)
    8653 (7.58734, -3.55634) -> 9242 (6.83848, -3.11742)
    8654 (13.353, 24.5132) -> 3783 (12.6378, 23.849)
    8655 (24.4986, 5.85913) -> 4406 (23.7706, 5.18132)
    8656 (9.62592, -4.02983) -> 9586 (9.29755, -3.44694)
    8657 (19.4013, 21.4119) -> 2940 (19.8657, 20.6625)
    8658 (24.6324, -2.66486) -> 9640 (24.5326, -2.89152)
    8659 (18.4471, 8.28178) -> 9928 (18.7729, 7.89008)
    8660 (2.9121, 26.2614) -> 7235 (2.63513, 25.4864)
    8661 (20.5097, 15.9498) -> 5392 (20.9653, 15.4203)
    8662 (8.1193, 25.5054) -> 5452 (7.37423, 24.9255)
    8663 (21.2266, 28.1316) -> 5240 (21.3929, 27.3976)
    8664 (8.90102, 3.67648) -> 6918 (8.27788, 3.5018)
    8665 (2.60497, 13.1717) -> 9080 (2.10513, 12.4645)
    8666 (3.12908, 0.230462) -> 4796 (2.48371, 0.833838)
    8667 (9.11744, 27.4568) -> 8068 (8.45171, 26.9322)
    8668 (7.25129, -1.94264) -> 5416 (6.41878, -1.60504)
    8669 (5.53397, 27.0444) -> 9270 (5.06429, 26.2497)
    8670 (14.7161, 4.36074) -> 4896 (14.2247, 3.65692)
    8671 (8.40375, 17.4237) -> 8522 (7.78348, 17.1473)
    8672 (2.81315, 13.3996) -> 8 (2.52208, 13.7044)
    8673 (7.41163, 4.93186) -> 2141 (6.51316, 4.84315)
    8674 (9.46384, 0.538154) -> 9043 (9.03595, 0.723181)
    8675 (3.18635, -2.91432) -> 9042 (2.86845, -2.2042)
    8676 (15.3942, 1.52648) -> 6128 (14.703, 0.898791)
    8677 (20.3613, 26.2983) -> 9525 (20.3118, 25.9199)
    8678 (12.4245, 28.0431) -> 6114 (12.2557, 27.5831)
    8679 (19.0352, 2.91625) -> 6845 (18.5134, 2.68983)
    8680 (1.45582, 5.89852) -> 211 (1.31913, 6.2081)
    8681 (15.6985, 16.3376) -> 1743 (15.9911, 16.0414)
    8682 (19.2094, 16.4362) -> 486 (19.5538, 16.007)
    8683 (11.9434, 29.7364) -> 9658 (11.5884, 29.4568)
    8684 (23.8571, 20.1016) -> 8225 (23.9428, 19.9125)
    8685 (19.8143, 20.0175) -> 3566 (20.1617, 19.2738)
    8686 (5.47171, 0.167794) -> 9886 (4.67028, 0.11741)
    8687 (3.08273, -3.46787) -> 9618 (2.30386, -3.6176)
    8688 (7.99224, 25.7785) -> 7977 (7.42294, 25.4112)
    8689 (17.1248, 0.172848) -> 9619 (16.5449, -0.189017)
    8690 (8.97075, -0.433267) -> 9992 (9.10122, -0.28248)
    8691 (18.5837, 17.9092) -> 6771 (18.5164, 17.6522)
    8692 (24.2544, 11.7808) -> 9779 (24.2182, 11.5785)
    8693 (11.3255, -1.5636) -> 9753 (10.8763, -1.21801)
    8694 (4.40878, 12.798) -> 2115 (3.49568, 12.7103)
    8695 (22.5059, 18.4255) -> 5263 (22.6949, 17.6311)
    8696 (4.86129, 15.4634) -> 929 (4.20451, 15.6986)
    8697 (17.5491, 21.1194) -> 3500 (17.8956, 20.5252)
    8698 (23.8901, 29.2728) -> 9060 (24.1419, 28.3238)
    8699 (13.1058, -4.53249) -> 2070 (12.4872, -4.58598)
    8700 (23.8898, 14.9988) -> 1992 (23.9375, 14.4847)
    8701 (23.4223, 27.0456) -> 7605 (23.6234, 26.3555)
    8702 (12.0282, 24.1508) -> 4987 (11.3873, 23.4754)
    8703 (19.6127, -1.68153) -> 1225 (18.9265, -1.61525)
    8704 (22.2368, 15.6086) -> 9773 (21.8352, 14.7719)
    8705 (19.8344, 1.4592) -> 8209 (19.7104, 1.27863)
    8706 (15.4206, 23.7223) -> 9991 (16.0558, 23.048)
    8707 (8.141, 25.1419) -> 3601 (7.74859, 24.8487)
    8708 (14.4413, 22.8716) -> 9997 (14.539, 22.6981)
    8709 (7.28963, 19.8592) -> 6761 (6.54828, 19.2087)
    8710 (9.97766, 17.5123) -> 5349 (9.30255, 17.4293)
    8711 (16.0122, 10.4611) -> 3518 (16.2605, 9.9625)
    8712 (17.2948, 1.72877) -> 9127 (17.1087, 1.68062)
    8713 (2.07853, -3.5789) -> 9912 (2.12121, -3.55887)
    8714 (16.2841, 23.2535) -> 9581 (16.5229, 22.8802)
    8715 (16.1254, -4.2637) -> 9478 (15.6382, -4.57145)
    8716 (22.5749, 16.5748) -> 7516 (22.927, 15.7924)
    8717 (10.0046, 17.522) -> 5349 (9.30255, 17.4293)
    8718 (14.3743, 5.32228) -> 9453 (13.9583, 4.83232)
    8719 (9.39993, 5.44568) -> 9135 (8.66739, 5.164)
    8720 (17.0399, 29.6344) -> 1642 (17.1528, 28.7707)
    8721 (0.174769, 5.3534) -> 5000 (0.0348196, 6.33832)
    8722 (2.32707, 19.8667) -> 3548 (2.33093, 19.263)
    8723 (17.7023, 22.4826) -> 3163 (17.8885, 21.9426)
    8724 (3.20366, 15.2111) -> 7677 (2.80974, 15.435)
    8725 (9.05711, 26.2619) -> 8972 (8.44028, 25.7982)
    8726 (13.5566, 15.1525) -> 6420 (13.7126, 15.2282)
    8727 (19.2107, -2.56885) -> 9975 (18.3248, -2.13121)
    8728 (7.83604, 14.5315) -> 4928 (7.15986, 14.5221)
    8729 (3.24485, -2.09277) -> 3983 (2.48367, -1.60869)
    8730 (20.1588, 28.8898) -> 8210 (20.2755, 28.3644)
    8731 (18.4488, 7.64044) -> 2615 (18.4198, 7.0039)
    8732 (1.92503, 23.9924) -> 1860 (1.86948, 23.879)
    8733 (7.88917, 10.1017) -> 8313 (7.10938, 9.6226)
    8734 (14.5094, -3.94097) -> 9329 (14.4023, -3.90297)
    8735 (11.7987, 20.7117) -> 6577 (11.3131, 20.7065)
    8736 (18.8493, 24.4475) -> 7118 (19.0018, 23.8756)
    8737 (1.41747, 13.89) -> 2943 (1.07821, 14.421)
    8738 (15.3672, 13.7261) -> 9421 (16.0383, 13.1795)
    8739 (5.50359, 11.1921) -> 7698 (4.68583, 11.2728)
    8740 (19.9127, 13.7352) -> 7540 (20.0735, 13.5723)
    8741 (19.5169, 5.42191) -> 955 (19.377, 5.25683)
    8742 (4.99986, 14.1356) -> 6675 (4.42544, 13.3376)
    8743 (24.1338, 11.9914) -> 8544 (24.1269, 11.1944)
    8744 (21.1078, -3.18086) -> 9915 (20.2503, -2.95598)
    8745 (1.21756, 25.7651) -> 7292 (1.35714, 24.9914)
    8746 (6.57128, 9.12982) -> 9665 (5.81756, 8.88899)
    8747 (0.709836, 9.79015) -> 5730 (0.706917, 9.8036)
    8748 (9.84535, 26.344) -> 9877 (9.20911, 26.2339)
    8749 (10.0183, 24.6726) -> 9984 (9.59915, 24.5066)
    8750 (16.6997, 3.44532) -> 178 (16.5936, 2.67722)
    8751 (4.72185, 4.65542) -> 1947 (3.95611, 4.69327)
    8752 (12.542, 22.4357) -> 2852 (11.7398, 21.9603)
    8753 (8.94558, 4.59894) -> 9844 (7.97542, 4.62331)
    8754 (5.05466, 7.47058) -> 8916 (4.5357, 7.62374)
    8755 (1.91978, -2.93595) -> 4446 (1.32354, -2.18152)
    8756 (11.9766, -0.637326) -> 9190 (11.4666, -0.472036)
    8757 (24.1807, 29.7047) -> 4672 (24.0371, 28.7999)
    8758 (18.6503, 10.7375) -> 9219 (19.0359, 9.9944)
    8759 (14.3651, 5.5131) -> 3907 (13.9234, 5.04029)
    8760 (16.7671, 16.3485) -> 8777 (17.4254, 15.8563)
    8761 (24.243, 23.3573) -> 9501 (24.5316, 22.7743)
    8762 (12.2975, 29.4017) -> 9972 (12.2668, 29.2716)
    8763 (23.9984, -3.83281) -> 9726 (23.2265, -4.11043)
    8764 (4.94066e-324, 6.9533e-310) -> 2209 (0.166112, 0.830897)
    8765 (21.1482, 6.93816) -> 8925 (20.7455, 6.83576)
    8766 (14.916, -4.29853) -> 9329 (14.4023, -3.90297)
    8767 (3.5937, 9.18563) -> 1884 (2.7982, 9.36086)
    8768 (6.50831, -1.50045) -> 9754 (5.9208, -0.959928)
    8769 (1.03248, 2.08956) -> 7758 (0.860683, 2.96876)
    8770 (23.8776, -4.71809) -> 7077 (23.0077, -4.77382)
    8771 (11.6544, 25.9212) -> 3836 (11.2976, 25.6642)
    8772 (20.8736, 15.3622) -> 5215 (21.2772, 14.7942)
    8773 (4.94066e-324, 6.9533e-310) -> 2209 (0.166112, 0.830897)
    8774 (0.940078, 14.7038) -> 0 (1, 15)
    8775 (19.9837, 19.5751) -> 3566 (20.1617, 19.2738)
    8776 (24.1979, 7.42524) -> 634 (23.41, 7.11866)
    8777 (17.4254, 15.8563) -> 9758 (17.8286, 15.1653)
    8778 (9.11355, -2.557) -> 946 (8.17328, -2.26175)
    8779 (22.2482, -3.6928) -> 9376 (21.6849, -3.95603)
    8780 (5.62511, 0.59515) -> 9559 (4.73885, 1.0579)
    8781 (4.94066e-324, 6.9533e-310) -> 2209 (0.166112, 0.830897)
    8782 (5.26788, 24.0096) -> 7097 (4.70694, 23.4542)
    8783 (14.8428, 23.9884) -> 4157 (14.835, 23.8745)
    8784 (19.5523, 9.17446) -> 6268 (20.0248, 8.48736)
    8785 (19.877, -4.96036) -> 6812 (19.2394, -4.91905)
    8786 (4.94066e-324, 6.9533e-310) -> 2209 (0.166112, 0.830897)
    8787 (22.8547, 20.2843) -> 9468 (23.1875, 19.9251)
    8788 (23.62, 28.589) -> 2095 (23.8749, 28.0807)
    8789 (4.94066e-324, 6.9533e-310) -> 2209 (0.166112, 0.830897)
    8790 (22.8271, 20.7777) -> 9468 (23.1875, 19.9251)
    8791 (17.3312, 22.1676) -> 9316 (17.5425, 21.4605)
    8792 (2.93759, -3.51558) -> 9618 (2.30386, -3.6176)
    8793 (2.5065, 25.7061) -> 6941 (2.35384, 24.8296)
    8794 (1.72245, 0.474988) -> 9899 (1.57877, 1.38033)
    8795 (14.5382, 18.2751) -> 9528 (14.8392, 18.0241)
    8796 (14.813, 26.1938) -> 1688 (15.504, 25.4966)
    8797 (23.0822, 13.1116) -> 671 (23.4106, 12.8107)
    8798 (14.6412, 24.5659) -> 4157 (14.835, 23.8745)
    8799 (24.5527, 6.12951) -> 8655 (24.4986, 5.85913)
    8800 (12.8018, 7.23026) -> 3366 (12.6185, 6.27894)
    8801 (6.2309, 29.6091) -> 9416 (6.15273, 28.7162)
    8802 (24.7737, 6.23105) -> 8655 (24.4986, 5.85913)
    8803 (10.3916, 2.13748) -> 8997 (9.45088, 2.03935)
    8804 (20.1468, 2.53861) -> 9473 (19.5675, 2.4273)
    8805 (14.7077, 15.6649) -> 6376 (15.0148, 15.5282)
    8806 (16.1253, 13.3203) -> 2839 (16.5702, 12.8338)
    8807 (13.465, 7.30643) -> 4409 (13.4293, 6.41533)
    8808 (4.94066e-324, 6.9533e-310) -> 2209 (0.166112, 0.830897)
    8809 (8.97496, 0.766143) -> 6331 (8.21416, 0.826183)
    8810 (24.1691, 18.0049) -> 4122 (24.4502, 17.1072)
    8811 (13.1845, 22.893) -> 8752 (12.542, 22.4357)
    8812 (19.4385, 25.8475) -> 2718 (19.8029, 25.145)
    8813 (0.64719, 22.3086) -> 6162 (0.78365, 21.4178)
    8814 (12.8181, 18.2275) -> 4731 (13.7139, 17.9608)
    8815 (16.2067, 28.1321) -> 7153 (16.4749, 27.2679)
    8816 (8.96341, 9.64479) -> 7711 (8.77443, 9.32413)
    8817 (23.532, 3.48027) -> 756 (22.9037, 2.9824)
    8818 (24.5358, 12.6395) -> 4952 (24.7939, 11.8923)
    8819 (20.3311, 10.7103) -> 9349 (20.7189, 10.2522)
    8820 (5.65376, 16.3934) -> 1955 (5.52332, 16.3993)
    8821 (24.2689, 17.0801) -> 1275 (24.4905, 16.3497)
    8822 (18.0883, -4.3189) -> 9989 (17.6577, -4.36271)
    8823 (4.94066e-324, 6.9533e-310) -> 2209 (0.166112, 0.830897)
    8824 (17.1375, 0.0335168) -> 9619 (16.5449, -0.189017)
    8825 (3.98461, 26.183) -> 2530 (3.6093, 25.5138)
    8826 (15.8816, -3.73537) -> 5407 (15.3725, -3.83212)
    8827 (19.8875, 22.5479) -> 2361 (20.0589, 21.7058)
    8828 (5.76551, 27.2974) -> 8669 (5.53397, 27.0444)
    8829 (7.57808, 12.9322) -> 4294 (6.87476, 12.9281)
    8830 (8.2584, 25.6571) -> 8662 (8.1193, 25.5054)
    8831 (1.68062, -1.09987) -> 2307 (1.24613, -0.235456)
    8832 (12.2883, -4.32632) -> 6798 (11.5083, -4.46642)
    8833 (16.9702, 18.9073) -> 9409 (17.6523, 18.278)
    8834 (19.779, 7.0652) -> 1123 (19.5137, 6.50419)
    8835 (1.21495, 19.6681) -> 7513 (1.1724, 18.993)
    8836 (21.3986, 4.61451) -> 9604 (21.1055, 3.78025)
    8837 (22.0982, 26.7137) -> 9129 (21.7151, 26.2539)
    8838 (22.0327, 19.5594) -> 322 (22.2417, 19.131)
    8839 (0.104596, 5.51186) -> 5000 (0.0348196, 6.33832)
    8840 (2.80826, 9.29934) -> 8325 (2.15909, 9.79593)
    8841 (18.2571, 4.58753) -> 9786 (18.0057, 4.08851)
    8842 (18.284, 8.52012) -> 9928 (18.7729, 7.89008)
    8843 (3.27639, 4.98182) -> 8430 (2.60641, 4.6568)
    8844 (9.75335, -2.92878) -> 7563 (9.16202, -3.0841)
    8845 (14.3364, 5.2804) -> 9453 (13.9583, 4.83232)
    8846 (16.8566, 0.0496857) -> 9619 (16.5449, -0.189017)
    8847 (21.9473, 1.24466) -> 2700 (21.1299, 0.879988)
    8848 (3.41766, 12.3369) -> 2021 (2.50796, 12.5013)
    8849 (23.5738, 21.1416) -> 5772 (24.0562, 20.4954)
    8850 (23.0908, 3.24681) -> 8376 (22.4203, 2.71026)
    8851 (0.0488103, 12.0111) -> 1597 (0.438284, 12.2136)
    8852 (11.2967, 25.01) -> 9986 (11.0057, 24.2086)
    8853 (4.53096, 19.2857) -> 3066 (4.16837, 18.8959)
    8854 (13.5206, 4.32077) -> 332 (12.8761, 3.94051)
    8855 (15.2993, -1.55342) -> 488 (14.4385, -1.83948)
    8856 (17.5253, -0.520431) -> 9737 (17.1746, -1.00784)
    8857 (22.9554, 3.31037) -> 4572 (22.2238, 2.64933)
    8858 (16.0512, 4.65368) -> 6935 (15.8945, 4.53268)
    8859 (8.78304, 29.156) -> 3582 (8.29063, 28.6645)
    8860 (4.1562, 17.7427) -> 5704 (3.50013, 17.3519)
    8861 (22.721, 17.3686) -> 5761 (22.7113, 16.7388)
    8862 (24.2782, 9.21821) -> 3171 (24.0016, 8.37968)
    8863 (8.43475, 28.0937) -> 361 (8.02604, 27.6414)
    8864 (14.6446, 16.458) -> 9799 (15.4261, 16.6659)
    8865 (23.2429, 2.23758) -> 4420 (22.5058, 1.72678)
    8866 (14.0606, 6.91689) -> 9122 (14.039, 6.51218)
    8867 (0.222486, 10.8832) -> 7761 (0.235807, 11.5007)
    8868 (19.7334, 5.16247) -> 8977 (19.264, 4.74364)
    8869 (11.407, 8.53814) -> 4424 (11.3206, 7.79883)
    8870 (17.9092, 17.3396) -> 3412 (18.2508, 16.8742)
    8871 (6.40977, 4.51971) -> 6686 (5.44103, 4.48953)
    8872 (7.38303, -1.61488) -> 9965 (6.93455, -1.42877)
    8873 (23.5644, 21.8481) -> 9325 (24.0041, 21.3909)
    8874 (19.7896, 5.59959) -> 2511 (19.3085, 5.15661)
    8875 (0.768111, 20.5837) -> 4598 (0.555477, 19.6549)
    8876 (23.5737, 15.8521) -> 3696 (23.7478, 15.2473)
    8877 (10.5073, 0.920586) -> 8137 (10.368, 0.919716)
    8878 (5.81492, 0.395682) -> 8395 (4.94703, 0.574472)
    8879 (6.88784, -3.79461) -> 8322 (6.67246, -3.69825)
    8880 (21.3068, 7.6693) -> 9950 (21.7957, 7.14588)
    8881 (6.81604, 1.93519) -> 2127 (5.94713, 1.62502)
    8882 (15.7357, 8.89611) -> 3021 (15.8338, 7.98627)
    8883 (9.80792, 19.745) -> 9709 (9.35594, 19.5075)
    8884 (17.8964, 16.463) -> 3794 (18.1924, 15.5135)
    8885 (4.28919, 29.4623) -> 9192 (4.14623, 28.5127)
    8886 (10.5682, 7.1108) -> 2336 (10.2241, 6.42624)
    8887 (5.46516, 27.8721) -> 5446 (5.27371, 27.3945)
    8888 (3.43837, 12.2881) -> 3984 (2.67564, 12.4533)
    8889 (24.0227, -0.312279) -> 9058 (23.1261, -0.71879)
    8890 (18.3826, 22.8747) -> 8647 (18.8429, 22.031)
    8891 (13.6815, 11.2213) -> 6282 (14.2384, 10.7952)
    8892 (1.43426, 4.81579) -> 9971 (1.28458, 5.1189)
    8893 (4.36921, 16.2984) -> 8092 (3.7371, 15.9486)
    8894 (4.45963, 18.8601) -> 5484 (3.78126, 18.4243)
    8895 (14.3171, 5.78292) -> 9553 (13.6245, 5.08369)
    8896 (7.49378, 18.1043) -> 2438 (6.89132, 17.9669)
    8897 (19.3954, -4.97639) -> 6812 (19.2394, -4.91905)
    8898 (16.3834, 14.6417) -> 1792 (16.7054, 14.1567)
    8899 (24.9964, 22.9583) -> 8138 (24.9784, 22.2338)
    8900 (22.4544, 19.0927) -> 8695 (22.5059, 18.4255)
    8901 (24.4211, -1.34796) -> 9935 (23.8721, -1.44009)
    8902 (20.0642, 10.2263) -> 4591 (20.2734, 9.5615)
    8903 (6.73576, 26.2804) -> 7208 (6.29744, 25.7107)
    8904 (5.1674, 11.6982) -> 9757 (4.38063, 11.6837)
    8905 (2.00638, 9.35017) -> 4735 (1.7, 9.92886)
    8906 (18.69, 0.76712) -> 9795 (18.4194, 0.256348)
    8907 (7.84859, 8.67828) -> 2497 (7.10816, 8.33986)
    8908 (18.1951, 20.7688) -> 8440 (18.1807, 20.4898)
    8909 (3.96714, 22.9471) -> 6670 (3.78426, 22.5225)
    8910 (12.1419, 20.4534) -> 7238 (11.3666, 20.0354)
    8911 (20.7109, 21.2549) -> 3393 (20.835, 20.3697)
    8912 (21.9895, 27.4361) -> 9362 (21.9851, 26.9842)
    8913 (20.5083, 3.55777) -> 9963 (20.4956, 4.0439)
    8914 (5.15057, 1.83628) -> 7196 (5.03309, 1.966)
    8915 (18.7341, 5.58853) -> 8115 (18.3007, 5.09187)
    8916 (4.5357, 7.62374) -> 5338 (3.68025, 7.96469)
    8917 (18.7334, 8.35263) -> 9928 (18.7729, 7.89008)
    8918 (18.1267, -3.11444) -> 9943 (18.0602, -3.77262)
    8919 (19.7848, -3.45115) -> 2712 (18.9505, -3.29575)
    8920 (16.9695, 29.0984) -> 2521 (17.2198, 28.3468)
    8921 (19.3316, 2.3591) -> 7113 (18.6017, 1.68814)
    8922 (17.3599, 20.1885) -> 5045 (17.9249, 19.4957)
    8923 (8.55208, 1.42984) -> 3958 (7.59897, 1.31059)
    8924 (18.6194, 19.1532) -> 2313 (19.0596, 18.592)
    8925 (20.7455, 6.83576) -> 6970 (20.3907, 6.31566)
    8926 (18.2859, 7.67226) -> 9928 (18.7729, 7.89008)
    8927 (4.16209, 6.85961) -> 6056 (3.43596, 6.86939)
    8928 (0.0310427, 5.62036) -> 5000 (0.0348196, 6.33832)
    8929 (15.4772, 5.10203) -> 9271 (15.2877, 4.85785)
    8930 (2.62286, 11.7047) -> 1043 (2.28209, 11.9225)
    8931 (23.3139, -3.1078) -> 9540 (23.0694, -2.7485)
    8932 (5.72183, 9.08302) -> 229 (5.24095, 8.87919)
    8933 (19.4704, 5.66359) -> 6445 (18.9871, 4.92379)
    8934 (4.94066e-324, 6.9533e-310) -> 2209 (0.166112, 0.830897)
    8935 (8.86821, 21.1199) -> 8974 (8.32294, 20.8778)
    8936 (20.721, 28.8819) -> 6405 (21.008, 28.1843)
    8937 (20.5933, 18.8257) -> 5980 (20.7777, 18.2761)
    8938 (21.7795, 0.709136) -> 9524 (21.1015, 0.00941342)
    8939 (5.21025, 14.3599) -> 8742 (4.99986, 14.1356)
    8940 (6.143, 11.0325) -> 4629 (5.22411, 10.8769)
    8941 (23.9335, 27.649) -> 791 (24.2549, 26.7082)
    8942 (19.396, 21.9553) -> 6920 (19.7027, 21.6526)
    8943 (11.8048, 5.48848) -> 4394 (11.6643, 5.29853)
    8944 (17.7153, 13.4773) -> 1306 (17.9225, 13.0168)
    8945 (20.525, 9.28626) -> 1542 (20.4744, 8.44344)
    8946 (24.6448, 20.04) -> 9967 (24.5936, 19.0836)
    8947 (24.6186, 4.10162) -> 9269 (24.0513, 4.14392)
    8948 (9.59698, 23.3867) -> 9250 (9.00597, 22.7089)
    8949 (5.50104, 3.79392) -> 6023 (4.73091, 3.8929)
    8950 (4.94066e-324, 6.9533e-310) -> 2209 (0.166112, 0.830897)
    8951 (5.84526, 29.0727) -> 8528 (5.50152, 28.6834)
    8952 (17.8594, 0.873958) -> 9083 (17.2233, 0.825856)
    8953 (4.94066e-324, 6.9533e-310) -> 2209 (0.166112, 0.830897)
    8954 (3.64963, 1.98585) -> 5940 (3.35014, 2.26427)
    8955 (12.2678, 19.0808) -> 2835 (12.5974, 18.9699)
    8956 (0.825642, 4.87703) -> 864 (0.176772, 5.38639)
    8957 (1.95756, 20.4494) -> 6146 (2.01723, 19.6123)
    8958 (24.0895, 4.18541) -> 9269 (24.0513, 4.14392)
    8959 (17.752, 27.7374) -> 9787 (18.0453, 27.1867)
    8960 (5.53315, 22.4328) -> 3454 (5.45213, 22.3806)
    8961 (15.9889, 8.7979) -> 9996 (16.1374, 8.26381)
    8962 (16.3238, 11.9335) -> 9698 (16.8256, 11.7155)
    8963 (18.2045, -3.08551) -> 9943 (18.0602, -3.77262)
    8964 (13.47, 3.96979) -> 9738 (13.1571, 3.7671)
    8965 (18.5353, 27.9729) -> 2908 (18.5599, 27.5937)
    8966 (8.00414, -3.77361) -> 9613 (7.5363, -3.78806)
    8967 (4.94066e-324, 6.9533e-310) -> 2209 (0.166112, 0.830897)
    8968 (16.2278, 7.19261) -> 4391 (16.5323, 6.89224)
    8969 (12.5012, 3.68019) -> 4976 (11.6664, 3.43311)
    8970 (13.4393, 26.0995) -> 5886 (13.1232, 25.3443)
    8971 (22.5012, 1.67602) -> 3800 (21.6393, 1.18855)
    8972 (8.44028, 25.7982) -> 8662 (8.1193, 25.5054)
    8973 (14.592, 4.46589) -> 6167 (14.1553, 4.16783)
    8974 (8.32294, 20.8778) -> 8459 (7.49675, 20.4623)
    8975 (21.6391, 19.2904) -> 736 (22.1695, 18.8809)
    8976 (18.9956, 4.29517) -> 4590 (18.9135, 4.20342)
    8977 (19.264, 4.74364) -> 4590 (18.9135, 4.20342)
    8978 (12.2203, 24.8575) -> 8702 (12.0282, 24.1508)
    8979 (16.2383, -1.29224) -> 8855 (15.2993, -1.55342)
    8980 (14.3927, 4.61986) -> 7286 (13.7585, 4.14116)
    8981 (18.8203, 9.47078) -> 5726 (18.804, 9.04555)
    8982 (11.6379, 20.2854) -> 9459 (10.863, 19.9442)
    8983 (6.93104, 18.7979) -> 9393 (6.02364, 18.553)
    8984 (13.9012, 28.548) -> 9678 (13.4978, 28.3325)
    8985 (19.0969, 18.6425) -> 5686 (19.3846, 17.9242)
    8986 (3.70474, 4.22491) -> 3390 (3.00093, 4.46368)
    8987 (19.9708, 27.9301) -> 8455 (20.4361, 27.0784)
    8988 (4.65754, 10.6314) -> 4224 (4.07524, 10.8224)
    8989 (15.1482, 0.528485) -> 9642 (14.6074, 0.00629434)
    8990 (22.9678, 11.3282) -> 9798 (23.2194, 10.4868)
    8991 (13.2492, -3.16502) -> 5652 (13.0395, -3.20422)
    8992 (22.4974, 15.3865) -> 5641 (22.5943, 15.1533)
    8993 (10.2525, 20.5396) -> 3939 (9.43811, 20.1214)
    8994 (4.64095, 17.1303) -> 9643 (4.35154, 17.0671)
    8995 (7.94745, 14.2515) -> 2935 (7.76722, 14.2096)
    8996 (21.7805, 16.5772) -> 7079 (21.4711, 16.1415)
    8997 (9.45088, 2.03935) -> 8274 (9.12054, 1.81766)
    8998 (1.99828, 28.444) -> 5315 (1.89278, 27.9089)
    8999 (7.96046, 6.59344) -> 9432 (7.74499, 6.39539)
    9000 (14.78, 13.6395) -> 4904 (14.8534, 13.6029)
    9001 (24.49, -2.45469) -> 9640 (24.5326, -2.89152)
    9002 (11.02, 24.9891) -> 9467 (10.8705, 24.9355)
    9003 (3.82773, 11.7048) -> 2098 (3.5097, 11.7663)
    9004 (13.3278, -1.7246) -> 9266 (13.2428, -1.79468)
    9005 (4.68637, 10.6401) -> 4224 (4.07524, 10.8224)
    9006 (9.41628, 18.9973) -> 902 (8.92736, 18.7297)
    9007 (15.5223, 29.7217) -> 2325 (15.7971, 28.9232)
    9008 (19.4653, 20.4383) -> 9734 (19.7077, 19.8234)
    9009 (7.22811, 16.2324) -> 6081 (6.94818, 16.2535)
    9010 (17.3541, 25.3873) -> 2632 (17.2886, 24.9898)
    9011 (2.51423, 10.3404) -> 8127 (1.87237, 10.8933)
    9012 (18.5821, 0.226982) -> 9795 (18.4194, 0.256348)
    9013 (23.3567, -2.98059) -> 9540 (23.0694, -2.7485)
    9014 (2.72292, 17.4929) -> 8482 (2.11473, 16.7251)
    9015 (16.414, 1.0211) -> 9916 (15.8365, 1.11438)
    9016 (10.5467, 28.4729) -> 957 (9.87148, 28.0716)
    9017 (4.24987, 16.6522) -> 7680 (3.49114, 16.426)
    9018 (3.31707, 27.3466) -> 9158 (3.1436, 26.3989)
    9019 (24.3646, 2.03584) -> 753 (23.6384, 1.72734)
    9020 (1.45632, 29.3013) -> 7245 (1.49545, 28.457)
    9021 (18.1692, 22.4134) -> 9136 (18.4663, 21.758)
    9022 (2.61584, 1.43342) -> 5837 (1.90988, 1.49311)
    9023 (12.8074, -1.01563) -> 4517 (11.883, -0.731519)
    9024 (8.88284, 3.70537) -> 6918 (8.27788, 3.5018)
    9025 (7.35989, 24.6915) -> 7932 (7.11568, 23.9463)
    9026 (7.89924, 20.0129) -> 4379 (7.83075, 19.9981)
    9027 (6.60695, 26.0733) -> 7208 (6.29744, 25.7107)
    9028 (6.54853, 13.5722) -> 2125 (6.12559, 13.2497)
    9029 (17.796, 18.0327) -> 4093 (18.0444, 17.4132)
    9030 (0.799803, 10.2455) -> 8477 (0.527164, 10.9987)
    9031 (21.346, 3.0224) -> 5154 (20.7503, 2.79586)
    9032 (7.64986, 0.990483) -> 3770 (7.36101, 1.18302)
    9033 (8.46069, 28.2157) -> 361 (8.02604, 27.6414)
    9034 (23.5531, 17.3252) -> 5294 (23.8105, 16.723)
    9035 (8.11678, 15.8726) -> 1696 (7.50209, 15.9409)
    9036 (4.41822, 6.97833) -> 6056 (3.43596, 6.86939)
    9037 (19.2056, 23.2514) -> 8827 (19.8875, 22.5479)
    9038 (4.94066e-324, 6.9533e-310) -> 2209 (0.166112, 0.830897)
    9039 (4.31249, 8.06723) -> 9493 (3.43598, 8.11483)
    9040 (0.429434, 15.7771) -> 0 (1, 15)
    9041 (14.243, -4.49281) -> 9494 (13.333, -4.82757)
    9042 (2.86845, -2.2042) -> 6736 (2.45011, -1.60614)
    9043 (9.03595, 0.723181) -> 6331 (8.21416, 0.826183)
    9044 (15.9153, 26.5208) -> 9974 (16.2673, 25.8052)
    9045 (15.9272, 25.6982) -> 921 (16.558, 24.9416)
    9046 (7.98937, 18.1285) -> 8896 (7.49378, 18.1043)
    9047 (24.7353, 29.0347) -> 6377 (24.8868, 28.2639)
    9048 (4.295, 21.9463) -> 6650 (4.24624, 21.8945)
    9049 (4.08129, 9.43563) -> 18 (3.65746, 9.49393)
    9050 (8.77719, 21.1138) -> 9251 (8.21162, 20.7678)
    9051 (3.23927, 11.131) -> 3947 (2.86775, 11.3588)
    9052 (22.4933, 20.7911) -> 8787 (22.8547, 20.2843)
    9053 (19.3777, 0.456994) -> 9795 (18.4194, 0.256348)
    9054 (17.3995, -2.39895) -> 9776 (16.5444, -2.43759)
    9055 (18.9828, 17.9758) -> 793 (19.6098, 17.2651)
    9056 (23.2886, 11.735) -> 6144 (23.6261, 10.9932)
    9057 (16.8971, 4.2166) -> 8750 (16.6997, 3.44532)
    9058 (23.1261, -0.71879) -> 9389 (22.8995, -0.788424)
    9059 (13.8808, 27.9921) -> 9777 (13.0598, 27.4925)
    9060 (24.1419, 28.3238) -> 9693 (24.136, 27.5661)
    9061 (12.7387, 7.44684) -> 4325 (12.5464, 6.69462)
    9062 (4.70023, 20.761) -> 3431 (4.45555, 20.527)
    9063 (18.2276, 0.0773205) -> 6527 (17.5247, -0.319779)
    9064 (8.16687, 15.15) -> 7553 (7.1702, 15.0944)
    9065 (8.34312, 7.95676) -> 2610 (7.48619, 7.56377)
    9066 (13.2577, 25.5784) -> 5886 (13.1232, 25.3443)
    9067 (19.1873, 25.8658) -> 9628 (19.1227, 25.0368)
    9068 (23.4568, -2.64828) -> 9444 (22.9715, -2.2051)
    9069 (3.94526, 27.5076) -> 9202 (3.68432, 26.85)
    9070 (10.5743, 19.9513) -> 5637 (10.016, 19.5161)
    9071 (17.3908, -1.44395) -> 9235 (16.7742, -1.53426)
    9072 (13.7646, 19.6356) -> 6186 (14.0038, 19.1145)
    9073 (4.94066e-324, 6.9533e-310) -> 2209 (0.166112, 0.830897)
    9074 (8.38926, 17.1044) -> 8522 (7.78348, 17.1473)
    9075 (21.4567, -2.1482) -> 9535 (20.9567, -1.51656)
    9076 (18.2506, 12.5669) -> 9748 (18.4359, 12.5627)
    9077 (14.8308, -1.19939) -> 4773 (14.481, -1.16501)
    9078 (19.3317, 9.56935) -> 9961 (19.7118, 9.24112)
    9079 (16.0137, 9.63695) -> 7789 (15.9765, 9.03092)
    9080 (2.10513, 12.4645) -> 6544 (1.15208, 12.6879)
    9081 (3.9768, 19.2974) -> 9560 (3.65627, 18.7505)
    9082 (4.94066e-324, 6.9533e-310) -> 2209 (0.166112, 0.830897)
    9083 (17.2233, 0.825856) -> 9809 (16.749, 0.372322)
    9084 (22.8327, 8.24355) -> 518 (22.7068, 7.34362)
    9085 (16.7658, 28.363) -> 302 (16.8078, 27.5009)
    9086 (16.275, 22.0557) -> 1765 (16.5545, 21.3372)
    9087 (20.0172, -1.08829) -> 395 (19.176, -1.12714)
    9088 (15.2588, 5.31291) -> 6934 (15.0722, 4.99879)
    9089 (4.94066e-324, 6.9533e-310) -> 2209 (0.166112, 0.830897)
    9090 (24.5123, 29.682) -> 9047 (24.7353, 29.0347)
    9091 (5.24053, 20.0451) -> 2971 (4.74232, 19.4607)
    9092 (13.0402, 7.13772) -> 3366 (12.6185, 6.27894)
    9093 (21.4819, 26.6659) -> 9287 (21.4493, 26.4625)
    9094 (5.53582, 10.7687) -> 8359 (4.88819, 10.7713)
    9095 (8.6171, 17.9962) -> 3874 (7.9576, 17.6845)
    9096 (12.0506, 22.4644) -> 93 (11.4277, 22.1971)
    9097 (23.6699, 15.0093) -> 8258 (23.8038, 14.4842)
    9098 (22.4683, 0.732571) -> 3885 (21.7229, 0.301781)
    9099 (4.94066e-324, 6.9533e-310) -> 2209 (0.166112, 0.830897)
    9100 (11.7431, 9.34466) -> 2604 (11.8622, 8.43013)
    9101 (12.1565, 9.1145) -> 3037 (12.3551, 8.51613)
    9102 (8.61581, -2.51129) -> 946 (8.17328, -2.26175)
    9103 (16.5452, 11.8457) -> 9698 (16.8256, 11.7155)
    9104 (0.232213, 9.8614) -> 9592 (0.399056, 10.5408)
    9105 (3.93728, 20.6027) -> 89 (3.45647, 19.9933)
    9106 (14.211, 2.70467) -> 9470 (13.9559, 2.8589)
    9107 (6.13699, -0.561236) -> 9754 (5.9208, -0.959928)
    9108 (9.25156, 18.4142) -> 9728 (9.08074, 18.292)
    9109 (21.6486, 12.961) -> 7968 (21.3347, 12.0545)
    9110 (0.885463, 27.5911) -> 4818 (0.926867, 27.0633)
    9111 (8.16569, 11.9557) -> 9684 (7.61484, 11.7734)
    9112 (12.3333, 25.0797) -> 8702 (12.0282, 24.1508)
    9113 (24.5905, 23.2437) -> 5834 (24.7287, 22.8382)
    9114 (23.743, 15.6865) -> 1278 (23.763, 15.6181)
    9115 (23.7591, 17.501) -> 5294 (23.8105, 16.723)
    9116 (19.0027, 24.8471) -> 9940 (19.2688, 24.123)
    9117 (5.75423, 27.8013) -> 8669 (5.53397, 27.0444)
    9118 (1.32028, 4.74612) -> 9971 (1.28458, 5.1189)
    9119 (16.2285, 22.1721) -> 9086 (16.275, 22.0557)
    9120 (21.8747, 2.44149) -> 6633 (21.1058, 1.88093)
    9121 (3.73428, 12.3221) -> 2183 (3.13444, 12.4256)
    9122 (14.039, 6.51218) -> 5982 (13.5647, 5.66021)
    9123 (7.49687, 12.5623) -> 1319 (6.74551, 12.3311)
    9124 (6.07478, 0.31791) -> 6744 (5.87483, 0.367195)
    9125 (9.04849, 9.09793) -> 6806 (8.56139, 8.71463)
    9126 (17.4813, -4.89101) -> 4968 (16.5679, -4.64339)
    9127 (17.1087, 1.68062) -> 98 (16.4458, 1.20615)
    9128 (24.9778, 0.540048) -> 9635 (24.279, 0.978398)
    9129 (21.7151, 26.2539) -> 4832 (22.2066, 25.5875)
    9130 (22.1157, 4.88497) -> 9802 (21.7479, 4.55596)
    9131 (19.9951, 22.802) -> 8827 (19.8875, 22.5479)
    9132 (1.17933, 7.44452) -> 5775 (1.07518, 7.94715)
    9133 (17.2243, -3.72268) -> 4204 (16.3823, -3.65234)
    9134 (23.047, -3.77211) -> 9726 (23.2265, -4.11043)
    9135 (8.66739, 5.164) -> 8475 (7.79387, 5.13028)
    9136 (18.4663, 21.758) -> 3982 (18.6347, 21.0125)
    9137 (17.8714, 1.15327) -> 7143 (17.2361, 1.1066)
    9138 (15.4468, 24.9544) -> 9382 (15.5353, 24.1186)
    9139 (19.6663, 0.662711) -> 4000 (18.8376, 0.55202)
    9140 (0.863018, -1.15586) -> 3971 (0.757584, -0.382349)
    9141 (13.1853, 3.41938) -> 1186 (12.9251, 3.17399)
    9142 (8.701, 20.8094) -> 5687 (7.76435, 20.5575)
    9143 (9.23515, 21.2994) -> 9718 (8.86223, 21.1278)
    9144 (8.12937, 1.54858) -> 9833 (7.15579, 1.52643)
    9145 (12.5891, 26.6376) -> 4333 (12.4739, 26.4564)
    9146 (23.2637, 25.2658) -> 6121 (23.8678, 24.9539)
    9147 (2.56198, 14.849) -> 1064 (2.01414, 14.7234)
    9148 (7.92824, -3.82286) -> 9613 (7.5363, -3.78806)
    9149 (1.14544, 11.3543) -> 1948 (1.26053, 12.2671)
    9150 (1.41598, 20.0747) -> 1121 (1.32684, 19.3881)
    9151 (8.31184, 8.88492) -> 7415 (7.92901, 8.47909)
    9152 (11.2131, 29.2452) -> 9437 (10.3805, 28.8648)
    9153 (23.9074, 8.72002) -> 9222 (23.3109, 8.27143)
    9154 (23.3463, 19.5606) -> 4635 (23.749, 18.7991)
    9155 (23.8765, 4.25483) -> 9331 (23.5526, 4.22387)
    9156 (2.93543, 3.37758) -> 4163 (2.52358, 4.19454)
    9157 (2.83083, 2.92141) -> 4126 (2.51627, 3.31281)
    9158 (3.1436, 26.3989) -> 3289 (2.95243, 25.4261)
    9159 (18.4943, 28.9078) -> 2831 (18.4715, 28.4874)
    9160 (0.222219, 2.40353) -> 3804 (0.287781, 2.65322)
    9161 (10.2715, -1.34058) -> 9893 (10.2057, -1.20739)
    9162 (23.4381, 2.58302) -> 9924 (22.6963, 2.58766)
    9163 (19.8505, 12.5574) -> 9978 (20.723, 12.2576)
    9164 (0.752454, 17.8602) -> 7055 (0.608368, 17.0841)
    9165 (3.30978, 1.20797) -> 9860 (2.92214, 2.12143)
    9166 (5.0016, 28.8947) -> 2093 (4.79449, 28.4472)
    9167 (5.99044, 12.6006) -> 6364 (5.50251, 12.6036)
    9168 (16.0978, 23.0512) -> 9991 (16.0558, 23.048)
    9169 (24.7396, 0.966475) -> 9635 (24.279, 0.978398)
    9170 (8.18862, 24.4906) -> 6478 (7.69602, 23.7634)
    9171 (9.18562, 29.365) -> 6702 (8.64268, 28.6611)
    9172 (13.6631, 27.7893) -> 9785 (13.0508, 27.4329)
    9173 (7.77023, 23.0217) -> 56 (7.63772, 22.7902)
    9174 (23.2381, 4.03869) -> 7594 (22.4884, 3.42209)
    9175 (11.3177, 28.1078) -> 267 (10.8848, 27.5222)
    9176 (7.82114, 15.8995) -> 1696 (7.50209, 15.9409)
    9177 (14.7774, -3.59912) -> 9329 (14.4023, -3.90297)
    9178 (18.946, 1.78918) -> 3998 (18.0828, 1.55655)
    9179 (14.6409, 15.3201) -> 5869 (15.2703, 14.8471)
    9180 (17.7065, 11.2263) -> 9557 (17.9772, 10.4207)
    9181 (12.7307, 5.04679) -> 8480 (12.0753, 4.78082)
    9182 (0.282523, 23.504) -> 3595 (0.345162, 22.99)
    9183 (18.7268, 28.1014) -> 2908 (18.5599, 27.5937)
    9184 (20.8877, 7.53639) -> 8925 (20.7455, 6.83576)
    9185 (4.94066e-324, 6.9533e-310) -> 2209 (0.166112, 0.830897)
    9186 (16.7163, 21.9207) -> 2247 (16.8118, 20.9538)
    9187 (10.6358, 9.51271) -> 1444 (10.4662, 8.54651)
    9188 (4.79929, 6.86944) -> 8927 (4.16209, 6.85961)
    9189 (4.00158, 5.32105) -> 9835 (3.409, 5.65846)
    9190 (11.4666, -0.472036) -> 3458 (10.6595, -0.399063)
    9191 (24.2326, 4.17091) -> 9269 (24.0513, 4.14392)
    9192 (4.14623, 28.5127) -> 6560 (4.18918, 27.7682)
    9193 (8.78865, 3.13542) -> 7569 (7.92179, 2.90123)
    9194 (6.08416, 21.5166) -> 7484 (5.51939, 20.6944)
    9195 (21.1749, -0.952623) -> 1722 (20.753, -0.903345)
    9196 (12.6569, -4.92466) -> 9721 (11.877, -4.70861)
    9197 (4.94066e-324, 6.9533e-310) -> 2209 (0.166112, 0.830897)
    9198 (0.990128, 20.3252) -> 8835 (1.21495, 19.6681)
    9199 (22.8079, 10.7348) -> 9798 (23.2194, 10.4868)
    9200 (13.6993, 27.2903) -> 6834 (13.3585, 26.5589)
    9201 (23.172, 6.59016) -> 9822 (23.0384, 5.72212)
    9202 (3.68432, 26.85) -> 8069 (3.73836, 26.1032)
    9203 (12.6177, 16.3112) -> 9368 (13.291, 16.7778)
    9204 (23.0492, 8.39368) -> 1240 (22.7807, 7.51138)
    9205 (9.37845, -3.28939) -> 1230 (8.66427, -2.93155)
    9206 (2.38935, 16.1905) -> 9283 (1.89279, 15.6427)
    9207 (1.91121, 4.31165) -> 351 (1.66575, 4.95782)
    9208 (1.53767, 26.8672) -> 6096 (1.59342, 26.062)
    9209 (24.5727, 24.0743) -> 668 (24.8328, 23.2196)
    9210 (23.367, -4.11195) -> 9726 (23.2265, -4.11043)
    9211 (24.3906, 3.18139) -> 892 (23.6891, 2.5163)
    9212 (4.94066e-324, 6.9533e-310) -> 2209 (0.166112, 0.830897)
    9213 (6.39401, 2.94449) -> 5622 (5.66244, 3.14597)
    9214 (7.45285, -3.82146) -> 4239 (6.63601, -3.49316)
    9215 (16.3096, -0.774114) -> 9286 (16.0881, -0.973879)
    9216 (7.08004, 4.46709) -> 8871 (6.40977, 4.51971)
    9217 (18.3506, 22.3368) -> 9298 (18.5504, 21.5196)
    9218 (19.0052, 8.4387) -> 9928 (18.7729, 7.89008)
    9219 (19.0359, 9.9944) -> 9531 (18.9848, 9.78105)
    9220 (9.98253, 9.63113) -> 1716 (9.87009, 9.3042)
    9221 (18.6172, -3.36952) -> 3639 (17.7227, -3.6312)
    9222 (23.3109, 8.27143) -> 9438 (23.0415, 7.92733)
    9223 (15.089, 6.83693) -> 7250 (14.9777, 6.25983)
    9224 (2.08943, -4.40745) -> 9980 (1.88694, -4.01936)
    9225 (16.5368, 29.2773) -> 8077 (16.3808, 28.3601)
    9226 (3.65008, 8.08757) -> 9340 (2.7778, 8.18868)
    9227 (8.42759, -1.01045) -> 1331 (7.77181, -0.924654)
    9228 (22.0976, -1.31873) -> 4221 (21.5217, -1.36326)
    9229 (19.3655, 25.0891) -> 6373 (19.5141, 24.1401)
    9230 (2.22782, 27.3545) -> 6397 (1.77645, 26.5194)
    9231 (0.655527, 28.8411) -> 762 (0.703446, 28.6845)
    9232 (16.6159, -1.06004) -> 9805 (16.2324, -1.14396)
    9233 (23.9885, 12.4861) -> 9993 (23.8281, 12.1253)
    9234 (11.1897, 17.4176) -> 7566 (10.817, 17.5401)
    9235 (16.7742, -1.53426) -> 7494 (16.329, -1.85526)
    9236 (4.94066e-324, 6.9533e-310) -> 2209 (0.166112, 0.830897)
    9237 (15.1633, 4.29148) -> 8448 (14.8919, 3.46703)
    9238 (17.275, 25.7699) -> 2632 (17.2886, 24.9898)
    9239 (2.56679, 26.5721) -> 6906 (2.40523, 25.8388)
    9240 (10.4597, 18.9882) -> 4884 (9.85234, 18.7426)
    9241 (23.8101, 15.4723) -> 8700 (23.8898, 14.9988)
    9242 (6.83848, -3.11742) -> 9688 (6.6611, -3.01215)
    9243 (3.67249, 19.0598) -> 7410 (3.45902, 18.8353)
    9244 (15.7164, 1.3427) -> 8444 (15.2355, 1.13513)
    9245 (19.6385, -2.50956) -> 4899 (18.9593, -2.83375)
    9246 (20.9175, 5.21148) -> 9617 (20.9253, 5.32649)
    9247 (2.18409, 4.68801) -> 8047 (1.81071, 5.21418)
    9248 (1.15041, 23.3562) -> 6763 (1.23433, 23.082)
    9249 (10.0946, 7.41748) -> 3927 (9.84889, 7.02977)
    9250 (9.00597, 22.7089) -> 2853 (8.59951, 22.4954)
    9251 (8.21162, 20.7678) -> 8459 (7.49675, 20.4623)
    9252 (15.3943, 8.52516) -> 675 (15.4991, 7.5415)
    9253 (7.72688, 8.57527) -> 2497 (7.10816, 8.33986)
    9254 (19.8947, 22.7402) -> 2890 (20.3444, 22.0067)
    9255 (21.467, 6.32923) -> 9574 (21.0765, 5.83874)
    9256 (18.7041, 15.0189) -> 6276 (18.8834, 14.1893)
    9257 (12.675, 3.85819) -> 8969 (12.5012, 3.68019)
    9258 (5.40857, 29.7823) -> 9166 (5.0016, 28.8947)
    9259 (24.0876, 1.30958) -> 9727 (23.3465, 0.809681)
    9260 (9.31387, -4.69479) -> 7278 (8.62551, -4.2435)
    9261 (22.0379, 24.8853) -> 8239 (22.1246, 24.5251)
    9262 (6.20036, 6.39251) -> 7209 (5.28249, 6.22058)
    9263 (0.805663, -2.30396) -> 640 (0.633118, -1.44942)
    9264 (24.749, 25.4752) -> 5660 (24.7712, 24.9916)
    9265 (1.65588, 25.6428) -> 5551 (1.77706, 24.6961)
    9266 (13.2428, -1.79468) -> 6552 (12.7569, -2.00776)
    9267 (12.7012, 27.2406) -> 8113 (12.5614, 27.1435)
    9268 (15.3304, 11.0445) -> 5063 (15.8508, 10.3972)
    9269 (24.0513, 4.14392) -> 3666 (23.3199, 3.54904)
    9270 (5.06429, 26.2497) -> 8243 (4.64888, 25.5259)
    9271 (15.2877, 4.85785) -> 8670 (14.7161, 4.36074)
    9272 (16.8816, 24.9235) -> 9675 (16.9685, 24.1876)
    9273 (5.48891, 24.5565) -> 699 (5.22593, 24.0663)
    9274 (6.00683, 3.62891) -> 6117 (5.32552, 3.75163)
    9275 (20.6635, 27.3955) -> 9821 (20.8804, 26.6582)
    9276 (21.4002, 21.9527) -> 1211 (21.2572, 21.0122)
    9277 (18.0692, 21.2656) -> 6077 (18.6866, 20.5297)
    9278 (6.56277, 22.6112) -> 1310 (5.85549, 22.3343)
    9279 (23.0051, -1.03708) -> 9228 (22.0976, -1.31873)
    9280 (0.0177284, 18.391) -> 8338 (0.211718, 17.8999)
    9281 (15.612, -4.61537) -> 8556 (15.0801, -4.56945)
    9282 (15.5965, 25.4441) -> 2586 (15.9722, 24.7916)
    9283 (1.89279, 15.6427) -> 893 (1.1783, 15.0569)
    9284 (13.1482, -3.86833) -> 8832 (12.2883, -4.32632)
    9285 (2.33747, 27.1318) -> 2624 (2.33319, 26.2184)
    9286 (16.0881, -0.973879) -> 8855 (15.2993, -1.55342)
    9287 (21.4493, 26.4625) -> 2591 (21.7454, 25.779)
    9288 (5.41436, 16.5133) -> 4909 (4.91637, 16.302)
    9289 (19.9325, 27.637) -> 1672 (19.8969, 27.1582)
    9290 (7.31067, -1.7355) -> 9965 (6.93455, -1.42877)
    9291 (5.33483, 6.76065) -> 987 (4.58433, 6.73799)
    9292 (9.33391, 28.1034) -> 6896 (9.19122, 27.9617)
    9293 (7.80249, 18.816) -> 5612 (7.02176, 18.4633)
    9294 (4.43435, 19.54) -> 5655 (4.18042, 19.1746)
    9295 (19.9351, -0.555704) -> 2003 (19.4616, -0.79584)
    9296 (7.77454, 28.7995) -> 9614 (7.60875, 28.3928)
    9297 (14.3854, 5.48128) -> 6531 (14.0482, 4.99347)
    9298 (18.5504, 21.5196) -> 3982 (18.6347, 21.0125)
    9299 (19.5164, 20.5824) -> 9734 (19.7077, 19.8234)
    9300 (18.3029, 14.0781) -> 1096 (18.5376, 13.1392)
    9301 (2.63217, 21.0674) -> 7130 (2.49232, 20.1438)
    9302 (14.8888, 17.1224) -> 4017 (15.1061, 16.968)
    9303 (18.4415, 26.891) -> 9636 (18.6972, 26.3523)
    9304 (23.4132, 0.0472246) -> 9389 (22.8995, -0.788424)
    9305 (20.9374, -2.42562) -> 9915 (20.2503, -2.95598)
    9306 (18.9858, 25.7522) -> 9628 (19.1227, 25.0368)
    9307 (6.3695, 28.7165) -> 994 (5.98063, 27.9734)
    9308 (21.3632, 22.1886) -> 9276 (21.4002, 21.9527)
    9309 (4.94066e-324, 6.9533e-310) -> 2209 (0.166112, 0.830897)
    9310 (2.52039, 13.6166) -> 9653 (2.10449, 14.1425)
    9311 (22.0847, 6.68659) -> 8023 (21.3304, 6.09728)
    9312 (14.2336, 20.2698) -> 7743 (14.6107, 19.6943)
    9313 (18.9564, 9.8791) -> 9531 (18.9848, 9.78105)
    9314 (19.8399, 16.755) -> 372 (20.0053, 16.4879)
    9315 (1.34681, -2.03325) -> 2181 (1.15087, -1.09719)
    9316 (17.5425, 21.4605) -> 5891 (17.6886, 20.7937)
    9317 (8.41472, 28.0248) -> 361 (8.02604, 27.6414)
    9318 (8.53643, 3.94328) -> 6438 (7.72496, 3.75471)
    9319 (19.9665, -1.56689) -> 6992 (19.0053, -1.51578)
    9320 (14.7666, 10.0416) -> 7556 (15.1047, 9.35028)
    9321 (4.10731, 19.2149) -> 9560 (3.65627, 18.7505)
    9322 (15.5224, -4.65552) -> 8556 (15.0801, -4.56945)
    9323 (24.8824, 6.72749) -> 7046 (24.6871, 6.26284)
    9324 (12.8082, 19.8509) -> 3392 (13.6576, 19.3553)
    9325 (24.0041, 21.3909) -> 8402 (24.2934, 21.0107)
    9326 (4.94066e-324, 6.9533e-310) -> 2209 (0.166112, 0.830897)
    9327 (11.1033, 4.77191) -> 9931 (10.5295, 4.41927)
    9328 (8.53163, 16.5705) -> 5592 (7.61456, 16.4524)
    9329 (14.4023, -3.90297) -> 7282 (13.7188, -4.37594)
    9330 (15.2817, 7.06049) -> 7250 (14.9777, 6.25983)
    9331 (23.5526, 4.22387) -> 3550 (23.0623, 3.58081)
    9332 (6.51445, 7.31076) -> 31 (5.69262, 7.0929)
    9333 (6.90893, 4.83993) -> 8584 (6.09774, 4.82679)
    9334 (20.8655, 22.4678) -> 6540 (20.98, 21.8144)
    9335 (14.2553, 20.4975) -> 3543 (14.6798, 19.8032)
    9336 (15.772, 11.8363) -> 3266 (16.6645, 11.5792)
    9337 (14.3754, 19.5243) -> 9829 (14.5795, 18.9662)
    9338 (17.6171, 27.7901) -> 9787 (18.0453, 27.1867)
    9339 (4.94066e-324, 6.9533e-310) -> 2209 (0.166112, 0.830897)
    9340 (2.7778, 8.18868) -> 7152 (2.39687, 8.37311)
    9341 (22.8261, 8.72477) -> 9450 (22.9741, 8.41096)
    9342 (15.6505, 27.8856) -> 9426 (15.4169, 27.14)
    9343 (24.38, 11.9882) -> 9779 (24.2182, 11.5785)
    9344 (3.18738, -0.490747) -> 9953 (3.12525, -0.406663)
    9345 (20.3848, 0.0928411) -> 9295 (19.9351, -0.555704)
    9346 (9.63776, -0.104052) -> 9992 (9.10122, -0.28248)
    9347 (14.1332, -0.604642) -> 9945 (13.6527, -0.610638)
    9348 (7.40314, 3.88432) -> 1156 (6.80212, 3.86818)
    9349 (20.7189, 10.2522) -> 8945 (20.525, 9.28626)
    9350 (21.9361, 5.40627) -> 8836 (21.3986, 4.61451)
    9351 (0.351924, 17.6683) -> 3830 (0.442383, 17.3191)
    9352 (14.953, 15.7779) -> 7319 (15.58, 15.5357)
    9353 (0.223703, 0.167951) -> 3233 (0.231771, 0.39595)
    9354 (23.6331, 21.9467) -> 9325 (24.0041, 21.3909)
    9355 (23.3747, 5.11904) -> 8184 (22.6992, 4.48788)
    9356 (16.9374, 17.0866) -> 8539 (17.5621, 16.3382)
    9357 (15.6678, 28.862) -> 8815 (16.2067, 28.1321)
    9358 (21.9535, 27.8032) -> 9362 (21.9851, 26.9842)
    9359 (0.281493, 20.206) -> 9876 (0.481272, 19.8198)
    9360 (19.7112, 8.78222) -> 6268 (20.0248, 8.48736)
    9361 (3.69967, -0.25377) -> 9953 (3.12525, -0.406663)
    9362 (21.9851, 26.9842) -> 5428 (22.0266, 25.9879)
    9363 (10.5256, 25.2061) -> 8749 (10.0183, 24.6726)
    9364 (15.822, 2.10096) -> 872 (15.4076, 1.96968)
    9365 (4.94066e-324, 6.9533e-310) -> 2209 (0.166112, 0.830897)
    9366 (14.738, 17.7472) -> 9392 (15.5308, 17.3813)
    9367 (5.31983, 23.1655) -> 6617 (4.56424, 22.6001)
    9368 (13.291, 16.7778) -> 3511 (13.9392, 16.8207)
    9369 (7.53535, 23.3507) -> 4649 (6.99619, 22.8846)
    9370 (16.0452, 16.7524) -> 3612 (16.5596, 16.3798)
    9371 (17.8795, 18.8474) -> 6484 (18.3502, 18.2267)
    9372 (19.8198, 29.9658) -> 9934 (19.576, 29.7954)
    9373 (23.8474, -1.8064) -> 9973 (23.0257, -1.60631)
    9374 (17.1834, 12.2136) -> 8498 (17.4996, 12.1832)
    9375 (7.7649, 27.6508) -> 5616 (7.36412, 27.113)
    9376 (21.6849, -3.95603) -> 8214 (20.7522, -3.60493)
    9377 (20.269, -0.595853) -> 2768 (19.6589, -0.847893)
    9378 (5.29581, 12.5988) -> 5629 (4.93145, 12.6414)
    9379 (14.3882, 29.3139) -> 8382 (13.7631, 28.634)
    9380 (18.6162, 18.0574) -> 8691 (18.5837, 17.9092)
    9381 (19.7652, -4.08398) -> 9695 (19.1871, -4.08871)
    9382 (15.5353, 24.1186) -> 3198 (15.7257, 23.7878)
    9383 (14.4539, 4.56231) -> 6167 (14.1553, 4.16783)
    9384 (18.2197, 22.7829) -> 8647 (18.8429, 22.031)
    9385 (13.7984, 15.9168) -> 1074 (14.2315, 15.8114)
    9386 (11.1157, 27.4848) -> 5781 (10.7451, 27.2063)
    9387 (6.01144, 10.4051) -> 3291 (5.23376, 10.245)
    9388 (6.54471, -0.702637) -> 6437 (5.87846, -0.471479)
    9389 (22.8995, -0.788424) -> 9228 (22.0976, -1.31873)
    9390 (21.6595, 10.3831) -> 3292 (22.0478, 9.47101)
    9391 (16.4269, 14.0052) -> 4477 (16.7633, 13.322)
    9392 (15.5308, 17.3813) -> 9370 (16.0452, 16.7524)
    9393 (6.02364, 18.553) -> 5675 (5.59039, 18.4572)
    9394 (3.77688, 5.01879) -> 5624 (2.96817, 4.63719)
    9395 (4.94066e-324, 6.9533e-310) -> 2209 (0.166112, 0.830897)
    9396 (16.1744, 19.9626) -> 5859 (16.6595, 19.2371)
    9397 (14.2149, 6.02274) -> 4068 (13.9832, 5.51701)
    9398 (17.1405, 9.17089) -> 165 (16.9036, 8.88471)
    9399 (22.7422, 12.4206) -> 9056 (23.2886, 11.735)
    9400 (16.7212, 1.52153) -> 9916 (15.8365, 1.11438)
    9401 (5.77581, 6.98355) -> 1820 (4.80388, 6.92379)
    9402 (15.3497, 2.08495) -> 2514 (14.631, 1.96751)
    9403 (11.3278, 9.488) -> 8869 (11.407, 8.53814)
    9404 (16.7825, 7.93395) -> 5060 (16.8564, 7.43498)
    9405 (23.8864, 22.703) -> 3304 (24.2531, 21.8728)
    9406 (16.318, 12.2691) -> 4205 (17.0614, 11.8444)
    9407 (24.0784, 9.23037) -> 4602 (23.5896, 8.6154)
    9408 (10.6252, 16.9162) -> 8370 (9.88446, 17.3974)
    9409 (17.6523, 18.278) -> 9029 (17.796, 18.0327)
    9410 (4.1234, -3.00907) -> 9732 (4.53778, -3.19324)
    9411 (4.70525, 2.41429) -> 4713 (4.07299, 2.71052)
    9412 (10.6638, -3.46792) -> 1758 (9.8332, -3.13539)
    9413 (9.91068, 4.87847) -> 4720 (9.39959, 4.55046)
    9414 (20.4322, 17.8146) -> 2577 (20.5501, 17.6738)
    9415 (10.7025, 21.7883) -> 2397 (10.1109, 21.2464)
    9416 (6.15273, 28.7162) -> 9117 (5.75423, 27.8013)
    9417 (13.4638, 3.78141) -> 9738 (13.1571, 3.7671)
    9418 (22.9302, 20.8241) -> 5399 (23.1489, 20.1349)
    9419 (21.3847, -4.51843) -> 7444 (20.5239, -4.79026)
    9420 (6.53976, 21.5031) -> 5506 (6.10479, 21.21)
    9421 (16.0383, 13.1795) -> 3040 (16.4837, 12.77)
    9422 (9.63415, 20.1571) -> 7671 (8.92377, 19.8158)
    9423 (4.94066e-324, 6.9533e-310) -> 2209 (0.166112, 0.830897)
    9424 (9.63898, 27.6788) -> 7257 (9.35686, 27.3624)
    9425 (20.0987, -3.28527) -> 4805 (19.5855, -3.32807)
    9426 (15.4169, 27.14) -> 1720 (15.7131, 26.3199)
    9427 (14.0718, 9.21771) -> 9460 (14.3085, 8.6487)
    9428 (7.64817, -0.108808) -> 7203 (6.86691, 0.0818021)
    9429 (19.281, -2.93859) -> 4899 (18.9593, -2.83375)
    9430 (14.0889, 11.722) -> 6355 (14.9569, 11.2764)
    9431 (11.6213, 19.6779) -> 1079 (10.7732, 19.3041)
    9432 (7.74499, 6.39539) -> 8536 (7.03205, 5.99275)
    9433 (19.4423, 21.2384) -> 2940 (19.8657, 20.6625)
    9434 (6.72001, -2.22251) -> 5468 (6.62617, -2.1348)
    9435 (0.729635, -3.81488) -> 3290 (0.274516, -3.11877)
    9436 (0.940683, 15.128) -> 0 (1, 15)
    9437 (10.3805, 28.8648) -> 4726 (9.84771, 28.3724)
    9438 (23.0415, 7.92733) -> 9587 (23.3981, 7.13899)
    9439 (2.74751, 9.80194) -> 4814 (2.08863, 10.2715)
    9440 (0.597463, 28.664) -> 1679 (0.650934, 28.3137)
    9441 (11.17, -2.36682) -> 6199 (10.5931, -1.7604)
    9442 (18.1431, 24.1528) -> 2760 (18.1859, 23.7013)
    9443 (20.1435, 3.99057) -> 6465 (19.4728, 3.56727)
    9444 (22.9715, -2.2051) -> 3796 (22.6063, -1.93401)
    9445 (8.63207, 6.02526) -> 6115 (7.89754, 5.37877)
    9446 (6.14073, 10.2858) -> 7345 (5.37879, 10.2454)
    9447 (9.55448, 21.4522) -> 9718 (8.86223, 21.1278)
    9448 (15.9628, 10.6236) -> 2430 (16.1511, 9.90115)
    9449 (6.7864, 24.8311) -> 1596 (6.23275, 24.0507)
    9450 (22.9741, 8.41096) -> 551 (22.5259, 7.58284)
    9451 (13.0115, 19.8007) -> 3392 (13.6576, 19.3553)
    9452 (17.8248, -2.34025) -> 150 (17.1933, -1.86023)
    9453 (13.9583, 4.83232) -> 2675 (13.4024, 4.40898)
    9454 (4.99378, 19.6304) -> 2971 (4.74232, 19.4607)
    9455 (12.4251, 18.3926) -> 8814 (12.8181, 18.2275)
    9456 (22.4115, 11.6165) -> 7866 (22.6568, 11.0566)
    9457 (21.4067, 29.5231) -> 4871 (21.7622, 28.7107)
    9458 (11.3009, 5.0902) -> 9327 (11.1033, 4.77191)
    9459 (10.863, 19.9442) -> 287 (10.2309, 19.5073)
    9460 (14.3085, 8.6487) -> 1201 (14.4388, 8.07921)
    9461 (5.61682, -3.4381) -> 9711 (5.18476, -3.92025)
    9462 (10.0836, 24.2432) -> 8637 (9.41248, 23.9189)
    9463 (0.431694, -3.7272) -> 9763 (0.411866, -2.73325)
    9464 (8.5897, -4.01747) -> 8966 (8.00414, -3.77361)
    9465 (6.68712, 18.7957) -> 9393 (6.02364, 18.553)
    9466 (4.94066e-324, 6.9533e-310) -> 2209 (0.166112, 0.830897)
    9467 (10.8705, 24.9355) -> 6458 (10.4269, 24.8257)
    9468 (23.1875, 19.9251) -> 9154 (23.3463, 19.5606)
    9469 (14.3323, 10.6464) -> 9320 (14.7666, 10.0416)
    9470 (13.9559, 2.8589) -> 1671 (13.6955, 2.3679)
    9471 (10.969, 16.5967) -> 9408 (10.6252, 16.9162)
    9472 (22.0507, 5.59623) -> 9350 (21.9361, 5.40627)
    9473 (19.5675, 2.4273) -> 2849 (18.8957, 1.76912)
    9474 (19.1388, 16.666) -> 486 (19.5538, 16.007)
    9475 (16.4684, 0.892819) -> 9916 (15.8365, 1.11438)
    9476 (6.74586, 22.803) -> 8512 (6.56362, 22.2939)
    9477 (10.59, 16.7433) -> 2785 (10.0581, 17.0895)
    9478 (15.6382, -4.57145) -> 8556 (15.0801, -4.56945)
    9479 (8.50145, 14.8225) -> 8257 (7.61756, 15.093)
    9480 (7.61487, -0.729249) -> 5029 (6.82441, -0.708976)
    9481 (20.2381, 12.5542) -> 9978 (20.723, 12.2576)
    9482 (8.69474, 4.24527) -> 561 (7.79154, 4.10512)
    9483 (12.5442, 1.87507) -> 2962 (12.0586, 1.12149)
    9484 (16.1367, 22.7574) -> 9991 (16.0558, 23.048)
    9485 (7.27682, 19.1071) -> 7344 (6.66117, 18.9526)
    9486 (19.1451, 22.4378) -> 6920 (19.7027, 21.6526)
    9487 (4.94066e-324, 6.9533e-310) -> 2209 (0.166112, 0.830897)
    9488 (2.59121, 19.5544) -> 3548 (2.33093, 19.263)
    9489 (11.7787, 16.4725) -> 2377 (12.3146, 17.1811)
    9490 (4.76057, 3.01891) -> 6530 (4.2055, 3.3091)
    9491 (4.94066e-324, 6.9533e-310) -> 2209 (0.166112, 0.830897)
    9492 (23.6349, 4.4998) -> 9331 (23.5526, 4.22387)
    9493 (3.43598, 8.11483) -> 9340 (2.7778, 8.18868)
    9494 (13.333, -4.82757) -> 2070 (12.4872, -4.58598)
    9495 (9.12627, 21.9377) -> 3342 (8.67205, 21.6829)
    9496 (11.6639, 2.92546) -> 419 (11.0925, 2.81631)
    9497 (11.3397, 9.68513) -> 9403 (11.3278, 9.488)
    9498 (0.463895, -0.62397) -> 9602 (4.94066e-324, 6.9533e-310)
    9499 (6.3436, 22.9072) -> 1310 (5.85549, 22.3343)
    9500 (10.4237, 29.3809) -> 8558 (10.1435, 28.6884)
    9501 (24.5316, 22.7743) -> 6949 (24.6014, 21.947)
    9502 (11.9452, 21.502) -> 7401 (11.4621, 21.0615)
    9503 (21.9209, 11.506) -> 3394 (22.2716, 10.8332)
    9504 (2.60122, 5.86629) -> 3200 (2.17188, 5.76823)
    9505 (16.9177, 15.7541) -> 412 (17.2847, 15.511)
    9506 (17.0958, 6.88689) -> 562 (16.8859, 5.97134)
    9507 (15.9408, 3.55924) -> 9719 (15.9464, 3.46279)
    9508 (21.4891, 10.6374) -> 9390 (21.6595, 10.3831)
    9509 (20.4259, 7.11284) -> 342 (20.1401, 6.73013)
    9510 (5.9308, 8.55083) -> 2413 (5.20128, 8.65523)
    9511 (1.33923, -3.99781) -> 9933 (1.44061, -3.23928)
    9512 (4.94066e-324, 6.9533e-310) -> 2209 (0.166112, 0.830897)
    9513 (12.1624, 16.4998) -> 1341 (12.3636, 16.9411)
    9514 (4.62796, 25.5762) -> 5161 (4.41555, 24.8773)
    9515 (23.7963, 28.6186) -> 6132 (24.0767, 27.6808)
    9516 (22.7409, 14.7587) -> 1781 (23.1556, 13.9797)
    9517 (13.5473, 6.26811) -> 3232 (13.1715, 5.58545)
    9518 (15.4287, -2.38883) -> 2449 (14.7957, -2.50274)
    9519 (4.16311, 16.1102) -> 8092 (3.7371, 15.9486)
    9520 (12.698, 22.3114) -> 7810 (12.3047, 22.0949)
    9521 (0.748844, 6.84764) -> 9593 (0.483326, 7.7801)
    9522 (17.3255, 7.40948) -> 9506 (17.0958, 6.88689)
    9523 (5.97914, 12.8095) -> 9378 (5.29581, 12.5988)
    9524 (21.1015, 0.00941342) -> 3676 (20.5082, -0.278969)
    9525 (20.3118, 25.9199) -> 2411 (20.5253, 25.466)
    9526 (16.4773, 15.4792) -> 1384 (16.9632, 14.8245)
    9527 (21.0923, 0.682211) -> 7675 (20.5122, 0.524493)
    9528 (14.8392, 18.0241) -> 9392 (15.5308, 17.3813)
    9529 (3.53201, 19.1407) -> 4882 (2.90287, 18.4351)
    9530 (13.9367, 17.1162) -> 8314 (14.689, 16.6465)
    9531 (18.9848, 9.78105) -> 5278 (19.1232, 8.92294)
    9532 (1.77113, 23.6567) -> 3183 (1.6073, 23.3245)
    9533 (4.99787, 12.5385) -> 6861 (4.447, 12.7592)
    9534 (2.04009, -0.318237) -> 6829 (1.86574, 0.0842932)
    9535 (20.9567, -1.51656) -> 9319 (19.9665, -1.56689)
    9536 (8.46965, 9.22065) -> 8907 (7.84859, 8.67828)
    9537 (17.443, 22.2651) -> 9316 (17.5425, 21.4605)
    9538 (12.9966, 19.9114) -> 3392 (13.6576, 19.3553)
    9539 (0.132033, 4.10037) -> 1184 (0.118598, 5.00775)
    9540 (23.0694, -2.7485) -> 3796 (22.6063, -1.93401)
    9541 (3.22914, 14.1033) -> 2332 (2.84981, 14.2019)
    9542 (1.66754, 17.7343) -> 2319 (1.6344, 17.5839)
    9543 (21.0975, 14.1307) -> 4487 (21.4702, 13.4637)
    9544 (23.2561, 14.9038) -> 2327 (23.1985, 14.2892)
    9545 (19.936, 5.18066) -> 8977 (19.264, 4.74364)
    9546 (12.7859, 21.3243) -> 26 (12.1014, 20.6165)
    9547 (21.5707, 26.7376) -> 2591 (21.7454, 25.779)
    9548 (9.21423, 0.088772) -> 9958 (9.2937, 0.0412097)
    9549 (6.17799, -1.02182) -> 9754 (5.9208, -0.959928)
    9550 (23.8417, 0.948828) -> 7889 (23.1901, 0.697362)
    9551 (0.562415, 2.27446) -> 3804 (0.287781, 2.65322)
    9552 (23.9182, 19.3734) -> 7757 (24.1315, 18.9472)
    9553 (13.6245, 5.08369) -> 6927 (13.3618, 4.5581)
    9554 (16.1372, 10.9383) -> 9922 (16.4906, 10.5518)
    9555 (23.0381, 3.28832) -> 8376 (22.4203, 2.71026)
    9556 (8.5857, 5.75247) -> 7531 (7.95365, 5.33134)
    9557 (17.9772, 10.4207) -> 1808 (18.3369, 9.82124)
    9558 (3.13376, 11.7839) -> 10 (2.89822, 11.9146)
    9559 (4.73885, 1.0579) -> 2779 (4.29746, 1.70805)
    9560 (3.65627, 18.7505) -> 4564 (3.28868, 18.2974)
    9561 (2.68656, 29.9397) -> 7167 (2.67267, 29.6984)
    9562 (11.5614, 28.3738) -> 9175 (11.3177, 28.1078)
    9563 (8.01939, 15.6594) -> 1681 (7.18648, 15.338)
    9564 (17.31, 2.1594) -> 4137 (16.7516, 1.87658)
    9565 (4.09418, -4.65475) -> 5508 (3.36218, -4.22541)
    9566 (1.20212, 29.2004) -> 5609 (1.36314, 28.3516)
    9567 (5.25006, 24.4762) -> 2052 (4.4642, 23.8708)
    9568 (12.1447, 8.94537) -> 3037 (12.3551, 8.51613)
    9569 (6.32505, -4.33197) -> 5095 (6.21594, -4.20421)
    9570 (4.94066e-324, 6.9533e-310) -> 2209 (0.166112, 0.830897)
    9571 (4.94066e-324, 6.9533e-310) -> 2209 (0.166112, 0.830897)
    9572 (10.7813, -3.26601) -> 8384 (10.0329, -2.84518)
    9573 (0.84415, -4.25601) -> 5434 (0.585454, -3.90974)
    9574 (21.0765, 5.83874) -> 9617 (20.9253, 5.32649)
    9575 (19.0425, 6.8933) -> 609 (18.7313, 6.02043)
    9576 (24.6813, -1.1442) -> 9935 (23.8721, -1.44009)
    9577 (4.15806, 20.7266) -> 9105 (3.93728, 20.6027)
    9578 (2.16097, -3.30505) -> 3684 (2.05405, -2.49738)
    9579 (13.4852, 8.05459) -> 8510 (13.4564, 7.98732)
    9580 (13.2348, 7.44921) -> 9092 (13.0402, 7.13772)
    9581 (16.5229, 22.8802) -> 8621 (16.9513, 22.1494)
    9582 (4.94066e-324, 6.9533e-310) -> 2209 (0.166112, 0.830897)
    9583 (21.2951, -0.601016) -> 6762 (20.6188, -0.76951)
    9584 (17.3981, 25.7789) -> 2632 (17.2886, 24.9898)
    9585 (21.7401, 14.5909) -> 1489 (21.8175, 14.4396)
    9586 (9.29755, -3.44694) -> 7160 (8.59471, -2.91582)
    9587 (23.3981, 7.13899) -> 6068 (23.0782, 6.85206)
    9588 (8.09485, 23.3789) -> 8609 (7.77609, 23.1888)
    9589 (15.7269, 0.952822) -> 9916 (15.8365, 1.11438)
    9590 (15.6766, 22.9298) -> 9991 (16.0558, 23.048)
    9591 (4.94066e-324, 6.9533e-310) -> 2209 (0.166112, 0.830897)
    9592 (0.399056, 10.5408) -> 8477 (0.527164, 10.9987)
    9593 (0.483326, 7.7801) -> 4889 (0.344905, 8.42588)
    9594 (3.1744, 2.6701) -> 1321 (2.58225, 3.23288)
    9595 (17.4941, 14.6581) -> 4264 (17.7248, 14.4239)
    9596 (6.87076, 22.7593) -> 8512 (6.56362, 22.2939)
    9597 (19.7636, 0.857945) -> 6821 (18.8989, 0.43744)
    9598 (16.7529, 29.256) -> 9085 (16.7658, 28.363)
    9599 (5.5365, 15.3334) -> 4701 (5.26887, 15.1555)
    9600 (24.4497, 17.5458) -> 5870 (24.4901, 17.1704)
    9601 (15.8811, 19.2637) -> 6369 (16.3446, 18.8299)
    9602 (4.94066e-324, 6.9533e-310) -> 2209 (0.166112, 0.830897)
    9603 (12.3203, 22.728) -> 9096 (12.0506, 22.4644)
    9604 (21.1055, 3.78025) -> 6423 (20.7895, 3.33641)
    9605 (11.6427, 0.870116) -> 7530 (10.9099, 0.731527)
    9606 (3.03914, 28.7711) -> 4385 (3.02506, 27.8387)
    9607 (19.2151, 28.4567) -> 4846 (19.5097, 27.5781)
    9608 (0.78316, 25.8724) -> 7767 (0.728852, 25.0911)
    9609 (9.87673, 22.6313) -> 1769 (9.50586, 22.4754)
    9610 (23.4382, 5.63185) -> 9824 (23.0474, 5.48682)
    9611 (9.8568, 29.1357) -> 4726 (9.84771, 28.3724)
    9612 (15.1687, -0.234117) -> 1161 (14.4584, -0.521202)
    9613 (7.5363, -3.78806) -> 4239 (6.63601, -3.49316)
    9614 (7.60875, 28.3928) -> 9638 (7.47516, 27.4222)
    9615 (0.865245, 21.2004) -> 7824 (0.816025, 20.9348)
    9616 (14.1989, 20.2819) -> 7743 (14.6107, 19.6943)
    9617 (20.9253, 5.32649) -> 6005 (20.5144, 4.66474)
    9618 (2.30386, -3.6176) -> 8755 (1.91978, -2.93595)
    9619 (16.5449, -0.189017) -> 770 (16.0102, -0.860326)
    9620 (1.65737, 27.7409) -> 7505 (1.65979, 26.787)
    9621 (9.90589, 20.5053) -> 8299 (9.69712, 20.3173)
    9622 (4.10851, 2.22235) -> 9629 (3.41492, 2.53789)
    9623 (0.664097, 0.892402) -> 1747 (0.341536, 1.331)
    9624 (18.9378, 21.9342) -> 6614 (19.197, 21.1661)
    9625 (5.06778, -1.6814) -> 2447 (4.39352, -1.36238)
    9626 (8.86219, 15.2431) -> 9733 (8.08796, 15.8436)
    9627 (1.40389, 19.3896) -> 7513 (1.1724, 18.993)
    9628 (19.1227, 25.0368) -> 9940 (19.2688, 24.123)
    9629 (3.41492, 2.53789) -> 5054 (2.74211, 3.20987)
    9630 (20.8163, 19.7703) -> 1916 (20.9834, 19.0966)
    9631 (16.5161, -1.53586) -> 5404 (15.9777, -1.63741)
    9632 (20.9044, 27.7018) -> 1176 (21.2292, 26.8441)
    9633 (14.6013, 20.9071) -> 934 (15.139, 20.1646)
    9634 (5.65937, 2.39279) -> 9411 (4.70525, 2.41429)
    9635 (24.279, 0.978398) -> 492 (23.6146, 0.747285)
    9636 (18.6972, 26.3523) -> 9306 (18.9858, 25.7522)
    9637 (17.3103, 11.571) -> 8202 (17.6257, 11.1044)
    9638 (7.47516, 27.4222) -> 4451 (7.08142, 26.5781)
    9639 (6.91435, 16.7484) -> 5632 (6.36567, 16.6352)
    9640 (24.5326, -2.89152) -> 6679 (24.061, -3.64521)
    9641 (18.7067, -1.33456) -> 9975 (18.3248, -2.13121)
    9642 (14.6074, 0.00629434) -> 9347 (14.1332, -0.604642)
    9643 (4.35154, 17.0671) -> 7459 (3.72965, 16.6616)
    9644 (15.6882, -0.0413643) -> 9612 (15.1687, -0.234117)
    9645 (15.5347, 11.6223) -> 3862 (16.0815, 11.4474)
    9646 (8.37386, 10.4223) -> 8733 (7.88917, 10.1017)
    9647 (13.1705, 0.191776) -> 141 (12.5838, -0.28291)
    9648 (23.8693, 28.5111) -> 9693 (24.136, 27.5661)
    9649 (13.8852, 11.452) -> 7296 (14.1883, 11.246)
    9650 (5.42521, 11.3344) -> 7698 (4.68583, 11.2728)
    9651 (15.0422, 9.16657) -> 3252 (15.0809, 8.39247)
    9652 (12.0426, 28.0896) -> 6883 (11.4814, 27.5878)
    9653 (2.10449, 14.1425) -> 5714 (1.30963, 14.7193)
    9654 (18.8965, 19.5977) -> 8985 (19.0969, 18.6425)
    9655 (18.0821, 15.34) -> 1385 (18.244, 14.959)
    9656 (20.2413, 14.8752) -> 1963 (20.3505, 14.5634)
    9657 (0.403533, 12.1741) -> 1597 (0.438284, 12.2136)
    9658 (11.5884, 29.4568) -> 1078 (11.4036, 29.1468)
    9659 (17.772, 10.0853) -> 1808 (18.3369, 9.82124)
    9660 (22.1342, 10.6488) -> 7035 (22.304, 10.3409)
    9661 (13.5826, 10.6021) -> 5996 (14.0766, 10.031)
    9662 (10.9453, 5.42681) -> 2500 (10.6122, 5.11535)
    9663 (22.4081, 27.2264) -> 3347 (22.621, 26.2537)
    9664 (17.6332, 27.4693) -> 8397 (18.2232, 26.7868)
    9665 (5.81756, 8.88899) -> 229 (5.24095, 8.87919)
    9666 (4.94066e-324, 6.9533e-310) -> 2209 (0.166112, 0.830897)
    9667 (10.5884, 0.371689) -> 9908 (10.613, 0.28303)
    9668 (1.08475, -1.93786) -> 9140 (0.863018, -1.15586)
    9669 (0.632862, 8.68671) -> 3213 (0.469776, 9.15867)
    9670 (0.369743, 6.16144) -> 9708 (0.315816, 6.88522)
    9671 (3.41585, 5.68748) -> 7468 (2.99742, 5.83945)
    9672 (6.24773, 3.32908) -> 8949 (5.50104, 3.79392)
    9673 (4.33119, 11.277) -> 11 (3.76903, 11.423)
    9674 (6.15605, 25.9902) -> 8463 (5.97111, 25.814)
    9675 (16.9685, 24.1876) -> 9687 (17.2146, 23.6365)
    9676 (14.1971, 21.2212) -> 9633 (14.6013, 20.9071)
    9677 (10.3819, 22.9235) -> 1769 (9.50586, 22.4754)
    9678 (13.4978, 28.3325) -> 8283 (13.069, 27.9765)
    9679 (21.7157, 11.5497) -> 7133 (22.1623, 10.67)
    9680 (16.5446, -4.00868) -> 9927 (16.3699, -3.97958)
    9681 (3.14405, 19.346) -> 2754 (2.88703, 18.6121)
    9682 (16.1384, 3.02238) -> 9755 (15.7086, 2.48588)
    9683 (13.8977, 16.2036) -> 2533 (14.6991, 15.984)
    9684 (7.61484, 11.7734) -> 2932 (6.95765, 11.5506)
    9685 (7.82459, -1.377) -> 7943 (7.55418, -1.27821)
    9686 (4.94066e-324, 6.9533e-310) -> 2209 (0.166112, 0.830897)
    9687 (17.2146, 23.6365) -> 6817 (17.7094, 23.1642)
    9688 (6.6611, -3.01215) -> 6241 (6.14078, -2.94429)
    9689 (8.22777, 26.3391) -> 5526 (8.02877, 26.1604)
    9690 (22.9095, 15.1694) -> 2327 (23.1985, 14.2892)
    9691 (11.4529, 9.98967) -> 2286 (11.4961, 9.18847)
    9692 (12.0229, 17.8212) -> 4050 (12.198, 17.8335)
    9693 (24.136, 27.5661) -> 653 (24.3223, 26.7657)
    9694 (3.16929, 2.43618) -> 269 (2.81587, 2.73326)
    9695 (19.1871, -4.08871) -> 7885 (18.9915, -4.42694)
    9696 (12.1167, 8.85911) -> 3037 (12.3551, 8.51613)
    9697 (16.4744, 9.31111) -> 4195 (16.515, 8.8055)
    9698 (16.8256, 11.7155) -> 5710 (17.5424, 11.164)
    9699 (15.0493, 2.53889) -> 1693 (14.5084, 2.00577)
    9700 (18.9215, 9.75662) -> 5278 (19.1232, 8.92294)
    9701 (22.5168, 21.4556) -> 8790 (22.8271, 20.7777)
    9702 (21.8401, 8.9074) -> 4666 (21.6195, 8.16975)
    9703 (13.6384, 23.799) -> 8538 (14.1331, 23.1649)
    9704 (24.408, 22.1289) -> 4080 (24.6257, 21.457)
    9705 (24.8179, 16.3257) -> 5183 (24.6931, 15.4516)
    9706 (20.6827, 20.5026) -> 9630 (20.8163, 19.7703)
    9707 (16.4104, 7.42982) -> 4605 (16.0819, 6.70126)
    9708 (0.315816, 6.88522) -> 3030 (0.153802, 7.28863)
    9709 (9.35594, 19.5075) -> 17 (8.76942, 18.9268)
    9710 (13.4239, 11.0346) -> 6451 (14.0715, 10.6594)
    9711 (5.18476, -3.92025) -> 9732 (4.53778, -3.19324)
    9712 (1.99212, 26.3583) -> 9265 (1.65588, 25.6428)
    9713 (17.2456, 29.4807) -> 5845 (17.4033, 28.6634)
    9714 (11.8913, 29.7878) -> 9152 (11.2131, 29.2452)
    9715 (20.7906, 25.4123) -> 7154 (20.6741, 24.5705)
    9716 (9.51913, 19.816) -> 4812 (8.5985, 19.5524)
    9717 (16.2324, 12.2449) -> 4205 (17.0614, 11.8444)
    9718 (8.86223, 21.1278) -> 8974 (8.32294, 20.8778)
    9719 (15.9464, 3.46279) -> 3451 (15.4596, 2.84867)
    9720 (17.0315, 22.9447) -> 8791 (17.3312, 22.1676)
    9721 (11.877, -4.70861) -> 7604 (11.3242, -4.00622)
    9722 (13.0513, 20.0333) -> 3392 (13.6576, 19.3553)
    9723 (4.17902, 0.466787) -> 7215 (3.48138, 0.177521)
    9724 (20.9948, 15.6887) -> 5215 (21.2772, 14.7942)
    9725 (18.5565, 24.0421) -> 6676 (18.898, 23.1586)
    9726 (23.2265, -4.11043) -> 1940 (22.2585, -4.02202)
    9727 (23.3465, 0.809681) -> 1611 (22.4673, 0.456788)
    9728 (9.08074, 18.292) -> 9095 (8.6171, 17.9962)
    9729 (24.6982, 14.2109) -> 7512 (24.7628, 13.8182)
    9730 (3.95423, 13.7293) -> 6649 (3.82092, 13.3588)
    9731 (1.47898, 8.34041) -> 5207 (0.924849, 9.11863)
    9732 (4.53778, -3.19324) -> 4314 (3.78657, -2.86694)
    9733 (8.08796, 15.8436) -> 1696 (7.50209, 15.9409)
    9734 (19.7077, 19.8234) -> 5080 (20.1773, 19.0868)
    9735 (11.9679, 28.5633) -> 352 (11.6294, 28.1898)
    9736 (20.6725, 22.021) -> 8911 (20.7109, 21.2549)
    9737 (17.1746, -1.00784) -> 8979 (16.2383, -1.29224)
    9738 (13.1571, 3.7671) -> 4228 (12.5175, 3.41025)
    9739 (3.18773, -1.05705) -> 206 (2.9789, -0.935072)
    9740 (19.4489, -3.28739) -> 9221 (18.6172, -3.36952)
    9741 (6.4981, 0.559429) -> 8878 (5.81492, 0.395682)
    9742 (21.4525, 26.025) -> 2941 (21.7763, 25.2667)
    9743 (16.5772, -0.868346) -> 5425 (15.983, -1.1547)
    9744 (10.1257, 1.56992) -> 9932 (9.56734, 1.42349)
    9745 (6.89283, 7.28186) -> 4660 (6.59149, 7.18708)
    9746 (5.36219, -2.64142) -> 9870 (4.87538, -2.40958)
    9747 (23.8093, 11.4192) -> 5283 (23.704, 11.0865)
    9748 (18.4359, 12.5627) -> 1604 (18.7409, 11.8294)
    9749 (22.0067, 27.8435) -> 9362 (21.9851, 26.9842)
    9750 (10.5617, 8.11889) -> 9249 (10.0946, 7.41748)
    9751 (13.3792, 8.28756) -> 8807 (13.465, 7.30643)
    9752 (20.259, 5.87419) -> 9617 (20.9253, 5.32649)
    9753 (10.8763, -1.21801) -> 9893 (10.2057, -1.20739)
    9754 (5.9208, -0.959928) -> 1591 (5.41898, -0.942169)
    9755 (15.7086, 2.48588) -> 872 (15.4076, 1.96968)
    9756 (3.48521, 8.79048) -> 7884 (2.71211, 9.26021)
    9757 (4.38063, 11.6837) -> 2098 (3.5097, 11.7663)
    9758 (17.8286, 15.1653) -> 1424 (18.1326, 14.8144)
    9759 (10.0521, 25.1057) -> 3014 (9.50446, 24.5847)
    9760 (8.10023, 20.132) -> 8709 (7.28963, 19.8592)
    9761 (0.739072, 13.7146) -> 2673 (0.664687, 13.9862)
    9762 (15.2201, 19.0956) -> 6840 (15.7207, 18.3615)
    9763 (0.411866, -2.73325) -> 8304 (0.359084, -1.86825)
    9764 (8.60879, 21.4871) -> 2858 (7.67072, 21.1558)
    9765 (7.91672, 23.1544) -> 56 (7.63772, 22.7902)
    9766 (12.7805, 7.73417) -> 3438 (12.4403, 6.91555)
    9767 (18.3318, 5.87219) -> 9929 (17.8048, 6.2399)
    9768 (12.5441, 0.224692) -> 8419 (11.7672, -0.270178)
    9769 (4.94066e-324, 6.9533e-310) -> 2209 (0.166112, 0.830897)
    9770 (18.5591, 29.1173) -> 5402 (18.4712, 28.1397)
    9771 (0.60834, 4.90911) -> 4542 (0.283765, 5.19718)
    9772 (13.608, 23.4198) -> 1309 (13.9622, 22.7761)
    9773 (21.8352, 14.7719) -> 1489 (21.8175, 14.4396)
    9774 (1.10324, 10.1733) -> 8646 (0.835645, 10.7329)
    9775 (7.20673, 1.28013) -> 4741 (6.56657, 1.66242)
    9776 (16.5444, -2.43759) -> 8570 (16.1124, -2.40073)
    9777 (13.0598, 27.4925) -> 8113 (12.5614, 27.1435)
    9778 (6.01919, 19.3148) -> 3617 (5.43923, 18.8415)
    9779 (24.2182, 11.5785) -> 9889 (24.3976, 10.7172)
    9780 (11.1524, 1.55236) -> 7049 (10.647, 1.58759)
    9781 (4.94066e-324, 6.9533e-310) -> 2209 (0.166112, 0.830897)
    9782 (19.531, 5.64225) -> 8977 (19.264, 4.74364)
    9783 (12.114, 22.0655) -> 2852 (11.7398, 21.9603)
    9784 (21.8228, 2.69341) -> 2108 (21.3992, 2.31306)
    9785 (13.0508, 27.4329) -> 8113 (12.5614, 27.1435)
    9786 (18.0057, 4.08851) -> 5877 (17.8599, 3.54861)
    9787 (18.0453, 27.1867) -> 8605 (18.3535, 26.8118)
    9788 (1.7625, -1.14502) -> 5969 (1.74135, -1.07752)
    9789 (19.4668, 12.7325) -> 9163 (19.8505, 12.5574)
    9790 (5.93394, 5.54778) -> 5244 (4.97938, 5.30332)
    9791 (3.45588, 10.6227) -> 7086 (2.66179, 10.7213)
    9792 (6.75476, 24.9205) -> 9449 (6.7864, 24.8311)
    9793 (14.4038, 22.6564) -> 1725 (15.158, 22.0973)
    9794 (5.23774, 14.7677) -> 5224 (4.31348, 14.7464)
    9795 (18.4194, 0.256348) -> 109 (17.8596, -0.19069)
    9796 (2.52029, 24.8066) -> 7962 (2.28899, 24.101)
    9797 (0.447305, 29.4467) -> 9440 (0.597463, 28.664)
    9798 (23.2194, 10.4868) -> 7053 (23.7336, 9.89447)
    9799 (15.4261, 16.6659) -> 6119 (16.1593, 16.0671)
    9800 (7.2228, 14.6402) -> 9865 (6.44301, 14.589)
    9801 (3.20846, 4.67356) -> 5624 (2.96817, 4.63719)
    9802 (21.7479, 4.55596) -> 7382 (21.4896, 4.16244)
    9803 (11.2375, 27.6772) -> 5781 (10.7451, 27.2063)
    9804 (12.7969, 24.443) -> 1680 (12.1994, 23.9895)
    9805 (16.2324, -1.14396) -> 5425 (15.983, -1.1547)
    9806 (10.6273, 22.9376) -> 9609 (9.87673, 22.6313)
    9807 (23.9186, 14.5824) -> 1992 (23.9375, 14.4847)
    9808 (6.39301, 22.6965) -> 1310 (5.85549, 22.3343)
    9809 (16.749, 0.372322) -> 5880 (16.2966, 0.273749)
    9810 (3.14041, 11.3263) -> 8028 (2.87661, 11.5152)
    9811 (16.5537, -3.60337) -> 8826 (15.8816, -3.73537)
    9812 (19.1699, 14.0111) -> 9891 (19.3316, 13.3997)
    9813 (1.50891, 29.0798) -> 4902 (1.51254, 28.7051)
    9814 (7.49763, 4.0937) -> 4255 (7.13095, 4.11354)
    9815 (2.56398, 22.7251) -> 3211 (2.27875, 22.1437)
    9816 (24.855, 16.7305) -> 9705 (24.8179, 16.3257)
    9817 (21.2263, 14.7549) -> 9994 (21.4611, 13.8907)
    9818 (4.94066e-324, 6.9533e-310) -> 2209 (0.166112, 0.830897)
    9819 (11.0335, 22.1232) -> 9415 (10.7025, 21.7883)
    9820 (20.3615, 3.49572) -> 6465 (19.4728, 3.56727)
    9821 (20.8804, 26.6582) -> 6204 (20.7213, 25.9293)
    9822 (23.0384, 5.72212) -> 5212 (22.4844, 5.25169)
    9823 (18.2369, 3.11152) -> 1773 (17.5468, 2.4262)
    9824 (23.0474, 5.48682) -> 2481 (22.2459, 4.95033)
    9825 (0.078767, 27.0326) -> 4782 (0.156532, 26.1621)
    9826 (5.90841, 26.0427) -> 9838 (5.44117, 25.5581)
    9827 (1.20989, 17.4604) -> 2671 (1.04231, 16.9818)
    9828 (0.443578, 27.4995) -> 5181 (0.465404, 27.0301)
    9829 (14.5795, 18.9662) -> 5422 (14.9898, 18.1411)
    9830 (8.27717, 22.1784) -> 8040 (7.92765, 22.0695)
    9831 (5.93757, 29.5026) -> 8528 (5.50152, 28.6834)
    9832 (22.5359, 16.3882) -> 7946 (22.7049, 15.9358)
    9833 (7.15579, 1.52643) -> 4741 (6.56657, 1.66242)
    9834 (3.63594, 8.83872) -> 2217 (3.14791, 9.10032)
    9835 (3.409, 5.65846) -> 7468 (2.99742, 5.83945)
    9836 (3.22627, 12.8029) -> 6302 (2.49881, 12.7052)
    9837 (23.8458, 19.6861) -> 4929 (24.2541, 19.0686)
    9838 (5.44117, 25.5581) -> 3918 (5.01975, 25.1408)
    9839 (6.72506, 22.8837) -> 9808 (6.39301, 22.6965)
    9840 (20.6155, 16.1114) -> 3262 (20.9568, 15.6191)
    9841 (24.2447, 10.3084) -> 1922 (24.3231, 9.76058)
    9842 (21.2568, 9.19858) -> 6613 (20.9375, 8.4487)
    9843 (0.566616, 29.1371) -> 1391 (0.416858, 28.5805)
    9844 (7.97542, 4.62331) -> 9216 (7.08004, 4.46709)
    9845 (10.6859, 26.3096) -> 524 (10.3934, 25.6646)
    9846 (14.0533, 1.4319) -> 5398 (13.7869, 0.678835)
    9847 (0.861015, -2.72782) -> 9263 (0.805663, -2.30396)
    9848 (13.5228, 28.4507) -> 8283 (13.069, 27.9765)
    9849 (8.07848, 22.9552) -> 56 (7.63772, 22.7902)
    9850 (9.66425, 16.3096) -> 4014 (9.01291, 16.3826)
    9851 (2.20966, 8.84873) -> 5952 (1.71422, 9.28325)
    9852 (22.267, 27.2152) -> 9362 (21.9851, 26.9842)
    9853 (21.2865, 21.9516) -> 1211 (21.2572, 21.0122)
    9854 (17.5784, 19.4783) -> 8100 (18.0624, 18.8288)
    9855 (6.50225, 4.21312) -> 2459 (6.01181, 4.35254)
    9856 (17.3276, -1.16431) -> 2009 (17.0102, -1.27724)
    9857 (19.738, 18.7196) -> 4323 (19.8258, 18.0795)
    9858 (15.6507, 0.460838) -> 5188 (14.8379, 0.0809838)
    9859 (11.1518, -2.62382) -> 6482 (10.2771, -2.63086)
    9860 (2.92214, 2.12143) -> 6555 (2.30093, 2.89429)
    9861 (23.0682, 23.3993) -> 7901 (23.3518, 22.7363)
    9862 (1.47186, 17.1308) -> 5276 (1.3311, 16.3508)
    9863 (20.3629, 2.8702) -> 9473 (19.5675, 2.4273)
    9864 (6.33441, 28.7672) -> 994 (5.98063, 27.9734)
    9865 (6.44301, 14.589) -> 3879 (5.89688, 13.8116)
    9866 (13.5693, 21.4662) -> 4414 (13.7771, 21.2584)
    9867 (12.7217, 15.9184) -> 967 (13.4232, 16.4538)
    9868 (8.57752, 25.2604) -> 3601 (7.74859, 24.8487)
    9869 (23.2427, 28.1065) -> 8486 (23.3467, 27.7365)
    9870 (4.87538, -2.40958) -> 2328 (4.14718, -2.20967)
    9871 (15.2784, 10.8102) -> 4863 (15.9654, 10.233)
    9872 (22.8618, 13.3103) -> 2756 (22.7998, 12.6525)
    9873 (10.4747, 3.49137) -> 775 (10.0668, 3.4137)
    9874 (1.54962, 21.3133) -> 3230 (1.30401, 20.5574)
    9875 (1.87467, 22.0177) -> 5740 (1.59007, 21.244)
    9876 (0.481272, 19.8198) -> 2505 (0.495679, 18.9437)
    9877 (9.20911, 26.2339) -> 4353 (8.58522, 25.7288)
    9878 (12.919, 8.64457) -> 1898 (12.8541, 8.27903)
    9879 (9.39566, 29.9481) -> 1452 (9.01299, 29.5061)
    9880 (9.86458, 5.9157) -> 1276 (9.38204, 5.8494)
    9881 (4.94066e-324, 6.9533e-310) -> 2209 (0.166112, 0.830897)
    9882 (22.9879, 18.166) -> 1806 (23.138, 17.8507)
    9883 (16.2639, 20.2527) -> 9396 (16.1744, 19.9626)
    9884 (8.93784, 2.22585) -> 8042 (8.2162, 1.61401)
    9885 (11.9348, 22.3002) -> 2852 (11.7398, 21.9603)
    9886 (4.67028, 0.11741) -> 4676 (4.05143, 0.0533779)
    9887 (9.82314, 5.08274) -> 3614 (9.4513, 4.88917)
    9888 (8.25402, 21.0246) -> 444 (8.03702, 20.9122)
    9889 (24.3976, 10.7172) -> 1922 (24.3231, 9.76058)
    9890 (7.19571, 22.9977) -> 8512 (6.56362, 22.2939)
    9891 (19.3316, 13.3997) -> 9789 (19.4668, 12.7325)
    9892 (7.98228, 7.13008) -> 8300 (7.90977, 6.94328)
    9893 (10.2057, -1.20739) -> 3880 (9.22682, -1.22073)
    9894 (20.6862, 10.4277) -> 9349 (20.7189, 10.2522)
    9895 (6.4891, 7.38893) -> 31 (5.69262, 7.0929)
    9896 (15.6726, 25.4094) -> 5128 (15.7714, 24.6913)
    9897 (5.4653, 27.6411) -> 3381 (5.28915, 26.8793)
    9898 (3.34248, 15.2774) -> 7677 (2.80974, 15.435)
    9899 (1.57877, 1.38033) -> 2186 (1.17881, 1.71064)
    9900 (7.46185, -4.21383) -> 8322 (6.67246, -3.69825)
    9901 (9.29662, -0.685191) -> 2556 (8.44884, -0.168904)
    9902 (2.2461, -2.21562) -> 7333 (1.88747, -1.72793)
    9903 (15.6911, 15.112) -> 7412 (16.097, 14.8643)
    9904 (5.5008, 17.6306) -> 4367 (5.05938, 17.5162)
    9905 (5.42175, 16.2822) -> 4909 (4.91637, 16.302)
    9906 (0.981537, 23.6141) -> 5691 (0.770452, 22.8574)
    9907 (16.5552, 18.4978) -> 6959 (17.1202, 17.7559)
    9908 (10.613, 0.28303) -> 2094 (9.7941, -0.0358365)
    9909 (23.2494, 20.3595) -> 7837 (23.6259, 19.8917)
    9910 (12.0336, 2.34992) -> 3061 (11.7393, 2.24645)
    9911 (22.3155, 6.58706) -> 374 (21.7085, 6.01255)
    9912 (2.12121, -3.55887) -> 8755 (1.91978, -2.93595)
    9913 (5.87403, 23.1326) -> 3454 (5.45213, 22.3806)
    9914 (22.0259, 13.4626) -> 6301 (22.2397, 12.9261)
    9915 (20.2503, -2.95598) -> 9740 (19.4489, -3.28739)
    9916 (15.8365, 1.11438) -> 1634 (15.4187, 1.09694)
    9917 (11.9617, 8.84912) -> 2604 (11.8622, 8.43013)
    9918 (8.53501, 15.9053) -> 9176 (7.82114, 15.8995)
    9919 (15.1888, 28.2959) -> 7803 (15.2609, 27.9345)
    9920 (1.15083, 3.43035) -> 539 (0.869818, 4.00916)
    9921 (21.4942, 28.5727) -> 3379 (21.7261, 28.1803)
    9922 (16.4906, 10.5518) -> 7132 (16.5306, 10.4573)
    9923 (9.07197, 16.0692) -> 7285 (8.23631, 16.2871)
    9924 (22.6963, 2.58766) -> 9120 (21.8747, 2.44149)
    9925 (6.90249, 27.8858) -> 3278 (6.53157, 27.7225)
    9926 (17.3155, 1.80606) -> 9400 (16.7212, 1.52153)
    9927 (16.3699, -3.97958) -> 5319 (15.4263, -4.05497)
    9928 (18.7729, 7.89008) -> 4276 (18.6559, 6.99763)
    9929 (17.8048, 6.2399) -> 506 (17.4834, 5.40638)
    9930 (21.577, 24.0955) -> 8029 (21.8208, 23.233)
    9931 (10.5295, 4.41927) -> 2174 (9.68672, 4.05019)
    9932 (9.56734, 1.42349) -> 6946 (8.71477, 1.55103)
    9933 (1.44061, -3.23928) -> 6431 (1.45349, -2.68677)
    9934 (19.576, 29.7954) -> 6782 (19.6138, 29.562)
    9935 (23.8721, -1.44009) -> 424 (22.9724, -1.51804)
    9936 (2.01116, -0.529428) -> 616 (1.23149, -0.141338)
    9937 (11.1852, -4.9897) -> 3741 (10.7361, -4.85224)
    9938 (17.7985, 19.8569) -> 5092 (18.1594, 19.2581)
    9939 (16.5837, 24.4924) -> 1420 (17.0251, 23.8194)
    9940 (19.2688, 24.123) -> 5733 (19.2661, 23.9575)
    9941 (18.8221, 16.5477) -> 390 (18.8924, 15.6145)
    9942 (4.94066e-324, 6.9533e-310) -> 2209 (0.166112, 0.830897)
    9943 (18.0602, -3.77262) -> 9133 (17.2243, -3.72268)
    9944 (19.1501, 15.3332) -> 8050 (19.002, 14.9491)
    9945 (13.6527, -0.610638) -> 1439 (12.7154, -0.530355)
    9946 (12.6529, -0.647598) -> 8756 (11.9766, -0.637326)
    9947 (13.639, 23.9858) -> 8538 (14.1331, 23.1649)
    9948 (19.8113, 23.8746) -> 6931 (19.7865, 23.4079)
    9949 (6.4415, 16.4743) -> 1955 (5.52332, 16.3993)
    9950 (21.7957, 7.14588) -> 9255 (21.467, 6.32923)
    9951 (21.5162, 18.3766) -> 8267 (21.7157, 18.0584)
    9952 (13.8675, 9.77731) -> 9427 (14.0718, 9.21771)
    9953 (3.12525, -0.406663) -> 709 (2.73582, -0.0843085)
    9954 (10.4562, 1.79223) -> 282 (9.94375, 1.86431)
    9955 (11.7555, -2.31404) -> 9859 (11.1518, -2.62382)
    9956 (17.41, 1.49152) -> 7143 (17.2361, 1.1066)
    9957 (1.51915, 26.4834) -> 6096 (1.59342, 26.062)
    9958 (9.2937, 0.0412097) -> 1339 (8.62194, -0.0927387)
    9959 (4.94066e-324, 6.9533e-310) -> 2209 (0.166112, 0.830897)
    9960 (5.50507, 14.3382) -> 6350 (4.87961, 13.6669)
    9961 (19.7118, 9.24112) -> 998 (19.315, 8.94883)
    9962 (16.3287, 1.58887) -> 9244 (15.7164, 1.3427)
    9963 (20.4956, 4.0439) -> 6726 (20.0852, 3.57016)
    9964 (22.058, 0.785503) -> 7156 (21.8016, 0.553661)
    9965 (6.93455, -1.42877) -> 9549 (6.17799, -1.02182)
    9966 (2.91677, 2.36167) -> 7473 (2.72815, 2.57795)
    9967 (24.5936, 19.0836) -> 4156 (24.6057, 18.7038)
    9968 (1.11892, 14.0458) -> 0 (1, 15)
    9969 (6.28064, 8.92629) -> 9665 (5.81756, 8.88899)
    9970 (16.2365, 2.41334) -> 872 (15.4076, 1.96968)
    9971 (1.28458, 5.1189) -> 5355 (1.03569, 6.01585)
    9972 (12.2668, 29.2716) -> 3827 (11.4566, 28.7662)
    9973 (23.0257, -1.60631) -> 9228 (22.0976, -1.31873)
    9974 (16.2673, 25.8052) -> 921 (16.558, 24.9416)
    9975 (18.3248, -2.13121) -> 9054 (17.3995, -2.39895)
    9976 (24.4625, 17.6245) -> 5870 (24.4901, 17.1704)
    9977 (10.3661, 22.6327) -> 7434 (9.45214, 22.2421)
    9978 (20.723, 12.2576) -> 1652 (21.174, 11.9352)
    9979 (10.951, 5.48776) -> 2500 (10.6122, 5.11535)
    9980 (1.88694, -4.01936) -> 6742 (1.68489, -3.37667)
    9981 (10.3015, 5.177) -> 8335 (10.0234, 4.97183)
    9982 (8.75097, 28.6907) -> 8427 (8.22957, 28.0436)
    9983 (2.01447, 3.84908) -> 3934 (1.70548, 4.22725)
    9984 (9.59915, 24.5066) -> 69 (8.90156, 24.1017)
    9985 (4.94066e-324, 6.9533e-310) -> 2209 (0.166112, 0.830897)
    9986 (11.0057, 24.2086) -> 4639 (10.0644, 24.0433)
    9987 (0.22513, 26.2966) -> 4980 (0.212013, 25.4748)
    9988 (16.9626, 12.2542) -> 8498 (17.4996, 12.1832)
    9989 (17.6577, -4.36271) -> 867 (17.3684, -4.10535)
    9990 (22.9026, -2.13215) -> 3796 (22.6063, -1.93401)
    9991 (16.0558, 23.048) -> 1686 (16.3842, 22.5596)
    9992 (9.10122, -0.28248) -> 7100 (8.32724, -0.195946)
    9993 (23.8281, 12.1253) -> 9747 (23.8093, 11.4192)
    9994 (21.4611, 13.8907) -> 7522 (21.859, 13.3136)
    9995 (16.5775, 9.56869) -> 780 (16.7265, 8.84822)
    9996 (16.1374, 8.26381) -> 9707 (16.4104, 7.42982)
    9997 (14.539, 22.6981) -> 5335 (15.0953, 21.8803)
    9998 (3.22697, 21.4307) -> 8189 (2.93515, 20.7805)
