Parent Map for Subproblem Tree 9
======================================
Child ID (x, y) -> Parent ID (x, y)
    1 (2.86972, 14.29) -> 0 (1, 15)
    2 (4.08778, 12.7037) -> 1 (2.86972, 14.29)
    3 (5.06823, 10.9605) -> 3464 (3.58264, 10.1778)
    4 (5.62723, 9.04019) -> 3908 (4.42532, 10.6133)
    5 (6.55913, 7.27057) -> 4752 (4.5669, 7.26175)
    6 (7.30262, 5.4139) -> 2567 (5.71633, 4.90515)
    7 (8.97039, 4.31002) -> 2937 (7.03532, 4.47668)
    8 (8.76329, 2.32077) -> 3135 (7.37632, 2.44055)
    9 (8.91515, 0.326541) -> 2503 (7.61813, 1.50357)
    10 (6.19536, 3.74837) -> 2983 (4.42229, 4.54101)
    11 (4.3542, 4.52948) -> 2145 (3.11451, 5.94648)
    12 (9.61598, -1.54665) -> 4673 (8.02472, -0.868234)
    13 (11.3447, -2.55239) -> 3175 (9.80323, -2.19676)
    14 (12.0861, -4.4099) -> 4943 (11.2458, -3.25786)
    15 (4.19127, 13.317) -> 1 (2.86972, 14.29)
    16 (10.3987, -5.48358) -> 2950 (8.99608, -4.74977)
    17 (6.03156, 14.1002) -> 4584 (4.41634, 14.6165)
    18 (10.7757, 5.17082) -> 4125 (9.41818, 3.89335)
    19 (13.2337, -6.04792) -> 4465 (12.0781, -7.42671)
    20 (14.1637, -7.81854) -> 3496 (12.7513, -9.01149)
    21 (15.1533, -5.48683) -> 4274 (14.1449, -3.92449)
    22 (6.95659, 15.8734) -> 3942 (5.70767, 16.5476)
    23 (12.7738, 5.25791) -> 2862 (11.1564, 4.47099)
    24 (15.0785, -9.59706) -> 4882 (13.3073, -9.20783)
    25 (9.26857, -7.13366) -> 2220 (7.84075, -6.03225)
    26 (13.1096, -1.61166) -> 4687 (12.5481, -2.99629)
    27 (16.688, -4.20431) -> 4107 (14.843, -4.91932)
    28 (13.9468, -11.2461) -> 4992 (12.6544, -11.2804)
    29 (17.5378, -2.39383) -> 4086 (16.195, -1.41026)
    30 (8.55736, -9.00293) -> 4834 (7.54053, -7.29475)
    31 (8.36377, -10.9935) -> 3145 (6.65323, -10.1816)
    32 (15.0622, -12.9062) -> 4104 (13.5854, -12.3938)
    33 (7.96482, -2.67521) -> 4013 (6.21599, -2.85338)
    34 (5.75135, 2.43503) -> 3773 (4.02976, 3.3257)
    35 (6.93295, -12.3909) -> 4229 (5.86804, -13.6323)
    36 (6.37783, -2.51593) -> 4592 (4.5215, -1.86289)
    37 (5.25502, 7.15063) -> 3271 (3.627, 8.1207)
    38 (15.0715, -14.9062) -> 4204 (13.2235, -14.5446)
    39 (17.0008, -15.4335) -> 4542 (15.1969, -15.3534)
    40 (14.3649, 6.46967) -> 3932 (12.7569, 5.34723)
    41 (15.4426, 8.15447) -> 40 (14.3649, 6.46967)
    42 (6.09469, -14.2068) -> 4205 (5.87124, -12.452)
    43 (18.7835, -0.829169) -> 2634 (16.9765, -0.563479)
    44 (6.32469, -16.1935) -> 4076 (4.72368, -15.1389)
    45 (4.19641, -14.8365) -> 4665 (4.6233, -13.595)
    46 (3.06096, -16.4829) -> 4617 (3.10117, -14.5328)
    47 (17.4389, 8.275) -> 4828 (17.735, 6.30622)
    48 (6.12704, -18.1837) -> 4893 (4.34938, -18.0494)
    49 (19.4385, 8.23394) -> 4880 (18.9159, 6.49934)
    50 (0.873508, 14.5899) -> 4991 (1.93686, 15.3304)
    51 (7.99265, -18.9045) -> 4284 (7.33526, -17.0736)
    52 (15.2159, -15.0251) -> 4177 (13.5272, -14.6408)
    53 (7.46009, 9.84057) -> 3607 (5.95127, 9.17454)
    54 (20.8023, 9.69682) -> 4938 (21.4762, 8.18464)
    55 (13.1072, -15.2823) -> 4817 (11.2681, -15.753)
    56 (19.0007, -15.4445) -> 4332 (17.7505, -16.4788)
    57 (17.0594, -9.3217) -> 4933 (15.7328, -8.90294)
    58 (7.60684, -0.613565) -> 4771 (5.83442, -1.01136)
    59 (7.43177, 17.8028) -> 2552 (5.90312, 17.0579)
    60 (9.91435, -18.3504) -> 4871 (8.55156, -17.0648)
    61 (3.57657, -14.5178) -> 2475 (2.43107, -12.9559)
    62 (18.9571, -17.444) -> 4331 (17.5598, -18.4484)
    63 (8.73371, -20.7621) -> 4133 (8.83542, -19.0135)
    64 (21.417, 11.6) -> 4843 (21.0972, 9.79466)
    65 (14.4865, 8.97426) -> 1966 (13.9609, 7.06328)
    66 (20.6691, -0.162423) -> 43 (18.7835, -0.829169)
    67 (2.92957, -12.6254) -> 3305 (2.83571, -10.6504)
    68 (5.14451, 0.667933) -> 4325 (3.2123, 0.874501)
    69 (11.6795, -15.3474) -> 4297 (9.78889, -15.2168)
    70 (8.22832, 19.6374) -> 4717 (6.40533, 19.1524)
    71 (7.92451, -9.10861) -> 2369 (6.1789, -8.83734)
    72 (10.1011, 20.3393) -> 4827 (8.29134, 19.5021)
    73 (11.7255, 21.5061) -> 4570 (10.3366, 21.4936)
    74 (20.9505, -15.8902) -> 4666 (19.6784, -14.4495)
    75 (7.28481, 1.48345) -> 2332 (5.6218, 1.92432)
    76 (20.8591, -13.8922) -> 4666 (19.6784, -14.4495)
    77 (21.5814, -1.94224) -> 4091 (19.6665, -2.43241)
    78 (22.9099, -15.4896) -> 4840 (21.4312, -16.5064)
    79 (14.7306, 10.9593) -> 65 (14.4865, 8.97426)
    80 (21.977, 8.07813) -> 2326 (21.8552, 6.15203)
    81 (2.76682, 5.60474) -> 2935 (1.81309, 7.32484)
    82 (18.8045, -14.8319) -> 1969 (16.8706, -14.7932)
    83 (19.8155, -19.2504) -> 3845 (18.556, -18.8287)
    84 (22.9477, -14.961) -> 4705 (23.2099, -13.6527)
    85 (13.0504, 0.387466) -> 3923 (12.065, 1.27713)
    86 (15.8573, -2.79579) -> 4108 (14.8013, -4.41344)
    87 (3.48695, -0.451218) -> 3566 (1.8934, 0.410981)
    88 (21.2302, -20.6642) -> 4576 (19.4814, -20.4842)
    89 (18.7769, -20.9596) -> 4368 (17.2135, -21.9049)
    90 (0.589079, 14.8199) -> 3448 (1.70562, 15.6743)
    91 (16.4697, 11.947) -> 1151 (17.7048, 10.4261)
    92 (11.9557, -11.4344) -> 3875 (10.2539, -12.2532)
    93 (15.2647, 4.68355) -> 3659 (13.5159, 4.24518)
    94 (6.51704, -0.818606) -> 4716 (4.85094, 0.0547796)
    95 (4.64622, -17.9376) -> 4804 (3.43757, -16.4381)
    96 (20.5758, 13.4146) -> 4852 (20.8215, 11.7723)
    97 (21.6664, 15.091) -> 4581 (23.4779, 14.2923)
    98 (23.4608, 6.73712) -> 2618 (22.8607, 4.8872)
    99 (7.73794, -5.84635) -> 4279 (6.05282, -5.71195)
    100 (0.836136, 12.5903) -> 2032 (0.691741, 13.7392)
    101 (4.70598, 13.3406) -> 4904 (3.08391, 13.2636)
    102 (6.01276, -18.6289) -> 4893 (4.34938, -18.0494)
    103 (5.0999, -20.4084) -> 4507 (5.18041, -18.6657)
    104 (21.7394, -12.0964) -> 3326 (19.8035, -11.8089)
    105 (16.2453, -9.45694) -> 4607 (15.532, -11.1691)
    106 (15.1312, -7.26217) -> 4157 (13.1878, -6.87485)
    107 (3.56114, 16.1666) -> 4761 (2.00128, 16.4693)
    108 (2.63305, -10.6475) -> 2897 (1.10691, -9.52766)
    109 (17.0475, -21.9643) -> 4171 (15.1187, -21.7029)
    110 (22.0382, -10.4434) -> 3071 (20.071, -10.5083)
    111 (21.5894, -11.5252) -> 2416 (19.634, -11.4196)
    112 (7.15176, 21.3229) -> 3955 (5.81598, 20.2182)
    113 (21.8168, 1.47551) -> 3097 (20.6795, 0.0654361)
    114 (7.95372, -20.0503) -> 3251 (8.04796, -18.0698)
    115 (23.0676, -3.28058) -> 4964 (21.5992, -3.29105)
    116 (13.4672, 22.4892) -> 3840 (12.209, 22.1036)
    117 (21.9798, 16.4903) -> 3444 (23.7073, 15.767)
    118 (15.1959, -21.2082) -> 4910 (13.5746, -21.9933)
    119 (15.2694, -8.79162) -> 4706 (13.6228, -7.67769)
    120 (13.9608, -10.0387) -> 4356 (12.0591, -9.95898)
    121 (21.0836, -16.1628) -> 4557 (19.4372, -17.2141)
    122 (10.0177, 20.1707) -> 4827 (8.29134, 19.5021)
    123 (9.21439, 5.89936) -> 2199 (7.68854, 4.79224)
    124 (1.49085, 6.01571) -> 2722 (1.40676, 7.84317)
    125 (9.1183, 16.7278) -> 3519 (7.29746, 16.903)
    126 (18.0718, -14.6094) -> 4620 (16.202, -15.1413)
    127 (23.0114, -5.27979) -> 4801 (21.0989, -4.90849)
    128 (13.7763, -17.1671) -> 4535 (12.5194, -17.6611)
    129 (21.7198, 14.0295) -> 2532 (23.4309, 13.5183)
    130 (22.7513, 6.84875) -> 4265 (22.3224, 4.99352)
    131 (22.6849, 18.3618) -> 4370 (23.7884, 17.0375)
    132 (8.51841, 19.6105) -> 4113 (6.88448, 18.7121)
    133 (14.5391, 2.98365) -> 4820 (13.0088, 1.82436)
    134 (12.3031, 0.0821137) -> 4609 (10.4337, 0.762251)
    135 (19.5983, -11.713) -> 4411 (17.9192, -12.1752)
    136 (13.5688, -17.1126) -> 4578 (11.8725, -16.2233)
    137 (15.4159, -0.845113) -> 2575 (13.5045, -1.31062)
    138 (5.81713, 2.07984) -> 4444 (4.14422, 2.50312)
    139 (8.88984, 19.8956) -> 3977 (6.9624, 20.2179)
    140 (23.2301, -20.6802) -> 2383 (21.3686, -21.2186)
    141 (23.7194, 14.0682) -> 4719 (24.5101, 12.3044)
    142 (3.24903, -21.1662) -> 4160 (4.59505, -19.8503)
    143 (17.167, 4.06584) -> 4521 (16.6813, 2.34283)
    144 (23.4565, 20.207) -> 3847 (24.6354, 19.2366)
    145 (23.7354, 2.04006) -> 4529 (22.54, 1.00218)
    146 (21.0354, -5.58882) -> 4042 (19.1941, -6.3548)
    147 (10.1361, -15.0856) -> 3730 (8.20458, -15.3723)
    148 (6.30518, -16.5724) -> 3323 (4.37784, -16.0757)
    149 (12.1507, -2.45537) -> 4949 (10.3755, -2.40615)
    150 (20.8576, -18.8245) -> 3346 (19.0887, -18.3708)
    151 (9.66874, 2.26281) -> 3331 (8.38238, 1.50582)
    152 (23.3351, 14.2466) -> 3290 (23.6437, 12.3552)
    153 (17.2321, 11.3708) -> 1513 (16.5717, 9.58183)
    154 (19.1202, 0.108055) -> 4602 (17.3814, -0.770089)
    155 (10.4993, 23.0861) -> 3604 (8.67661, 22.7291)
    156 (10.2302, -0.376794) -> 3828 (8.37854, 0.22165)
    157 (10.5018, 17.8375) -> 4815 (8.65668, 18.159)
    158 (17.3845, -1.70953) -> 3458 (15.4985, -1.16677)
    159 (14.9489, 5.16311) -> 3659 (13.5159, 4.24518)
    160 (23.6001, 20.3635) -> 3847 (24.6354, 19.2366)
    161 (8.64181, -3.80117) -> 4756 (7.46269, -5.4157)
    162 (3.73673, -22.1056) -> 4363 (5.01485, -20.6326)
    163 (22.4923, -2.39212) -> 4273 (20.7309, -3.25132)
    164 (19.732, 15.5988) -> 4099 (21.3779, 14.7259)
    165 (1.59904, -14.8168) -> 4311 (1.25021, -12.9724)
    166 (8.97149, -6.18268) -> 4756 (7.46269, -5.4157)
    167 (2.03635, -23.1586) -> 4520 (2.0938, -21.8662)
    168 (4.74174, -17.1919) -> 4804 (3.43757, -16.4381)
    169 (18.6287, -8.08187) -> 4523 (17.749, -7.71292)
    170 (3.81722, -1.39842) -> 4126 (2.91051, -0.0550291)
    171 (19.6001, -14.8262) -> 3887 (17.7812, -15.3213)
    172 (18.3652, 3.19077) -> 4521 (16.6813, 2.34283)
    173 (6.29765, -7.9453) -> 4128 (4.68948, -7.8288)
    174 (18.6633, -9.73059) -> 1942 (16.6969, -10.0212)
    175 (19.8673, -6.556) -> 2347 (17.9811, -6.30297)
    176 (21.5357, 20.7645) -> 3077 (22.1907, 18.9172)
    177 (2.32493, 17.7388) -> 630 (1.04789, 16.3757)
    178 (7.52897, -22.3586) -> 3447 (5.96765, -21.147)
    179 (13.9989, -22.8105) -> 3837 (12.1975, -22.6923)
    180 (5.02973, -9.49203) -> 4685 (3.31182, -8.64144)
    181 (17.7955, -9.86851) -> 3945 (15.9709, -9.41021)
    182 (22.9549, -22.6611) -> 4934 (21.5623, -22.3834)
    183 (17.8902, 0.597909) -> 3661 (15.9977, 0.745786)
    184 (12.1428, -23.5553) -> 4302 (10.6387, -22.9598)
    185 (22.4581, -5.26465) -> 2629 (20.8787, -5.90282)
    186 (10.4695, 21.2478) -> 4704 (8.84175, 21.5353)
    187 (12.6131, -16.3143) -> 4817 (11.2681, -15.753)
    188 (0.537301, 5.42049) -> 2583 (0.506413, 7.06459)
    189 (22.2724, 22.6239) -> 4192 (20.3062, 22.4733)
    190 (16.532, -11.2403) -> 4946 (14.707, -11.0688)
    191 (15.6551, -15.7246) -> 4892 (16.0667, -14.1298)
    192 (6.63962, 23.2562) -> 2681 (5.09211, 22.1431)
    193 (23.3993, -5.81481) -> 3979 (21.7516, -5.51492)
    194 (12.0318, -0.159272) -> 3884 (10.3504, -0.435196)
    195 (20.0422, 19.4344) -> 3485 (21.5307, 18.5566)
    196 (15.6332, -3.44011) -> 3949 (13.7795, -3.89775)
    197 (17.9702, -23.7387) -> 4980 (16.7874, -22.8709)
    198 (12.1128, 19.0227) -> 4947 (10.5312, 19.2752)
    199 (17.5554, 7.45911) -> 4540 (16.7881, 6.00201)
    200 (2.16381, 19.7323) -> 2919 (1.28726, 18.2518)
    201 (24.6507, -19.2974) -> 4629 (23.0105, -19.2304)
    202 (21.7582, -0.873656) -> 4782 (21.1136, -2.64285)
    203 (6.03565, 0.944913) -> 2495 (4.13818, 1.11733)
    204 (4.93483, 9.14106) -> 3464 (3.58264, 10.1778)
    205 (9.75234, -15.9273) -> 4516 (8.26395, -14.9902)
    206 (13.4838, 22.2045) -> 3840 (12.209, 22.1036)
    207 (3.88868, -3.39714) -> 2951 (2.1006, -2.68042)
    208 (12.9032, 18.6933) -> 4737 (11.2359, 19.1726)
    209 (3.20786, -1.95934) -> 4597 (1.7908, -0.81154)
    210 (4.98178, 9.65062) -> 4293 (3.64296, 10.6911)
    211 (7.49723, 21.1034) -> 3367 (5.62389, 20.5604)
    212 (1.99831, -4.05023) -> 2741 (0.780979, -2.82392)
    213 (13.7225, 16.8688) -> 4130 (12.6566, 18.3321)
    214 (12.8957, -21.1423) -> 4534 (12.647, -19.3358)
    215 (20.2373, 2.98576) -> 4807 (18.6407, 2.38247)
    216 (18.4592, 18.9984) -> 4247 (17.6628, 19.5363)
    217 (22.5677, 4.85719) -> 3934 (22.9477, 3.05071)
    218 (4.4144, 6.88994) -> 4145 (3.25836, 8.42134)
    219 (12.1377, 7.15406) -> 1668 (10.4589, 6.27708)
    220 (4.63509, -23.8925) -> 4691 (6.53165, -23.2749)
    221 (13.4051, -7.39319) -> 2831 (12.2764, -6.1269)
    222 (3.15999, 10.1525) -> 2227 (1.98789, 11.4755)
    223 (17.7611, -3.50341) -> 2845 (16.3266, -4.81485)
    224 (3.54486, -18.1991) -> 4612 (3.2336, -16.3296)
    225 (11.2288, 8.19365) -> 953 (10.9048, 6.326)
    226 (7.219, 14.243) -> 4093 (5.88593, 13.301)
    227 (18.4279, -21.4701) -> 4498 (16.4697, -21.3944)
    228 (24.3472, 15.1512) -> 2532 (23.4309, 13.5183)
    229 (13.2949, 9.79966) -> 1608 (13.9725, 8.00219)
    230 (3.92797, -8.70391) -> 4527 (3.10311, -7.24404)
    231 (12.8771, 3.92632) -> 3380 (11.7444, 2.3521)
    232 (4.65882, 23.5327) -> 3584 (4.76353, 21.7568)
    233 (15.0558, -9.27288) -> 4882 (13.3073, -9.20783)
    234 (6.89224, 14.2697) -> 884 (5.89594, 12.6053)
    235 (15.5564, -13.8843) -> 4978 (13.6519, -13.4959)
    236 (15.3277, 23.2231) -> 4187 (13.512, 23.2727)
    237 (7.99246, -23.7881) -> 4691 (6.53165, -23.2749)
    238 (19.1822, -7.18494) -> 4523 (17.749, -7.71292)
    239 (24.116, -3.92828) -> 2451 (22.3672, -4.14428)
    240 (11.6894, 7.34939) -> 3761 (11.7541, 5.59971)
    241 (1.86767, 11.5684) -> 2039 (1.00212, 13.0083)
    242 (1.7543, -10.4985) -> 2880 (2.97462, -9.15248)
    243 (20.538, 17.7092) -> 117 (21.9798, 16.4903)
    244 (12.4333, 9.84843) -> 3360 (12.1997, 7.91921)
    245 (9.95161, 6.20482) -> 492 (8.67509, 4.76287)
    246 (17.9762, -19.3817) -> 4833 (17.6805, -17.6973)
    247 (4.92046, 22.8202) -> 2562 (3.53629, 21.7054)
    248 (23.4871, -20.7481) -> 4629 (23.0105, -19.2304)
    249 (0.295956, -24.144) -> 4132 (1.05483, -22.4611)
    250 (14.9155, -13.3631) -> 4177 (13.5272, -14.6408)
    251 (7.22532, -4.91427) -> 3280 (5.51632, -5.43721)
    252 (1.35482, 13.641) -> 0 (1, 15)
    253 (24.5746, 19.3798) -> 3698 (23.1027, 18.7794)
    254 (18.1884, 20.98) -> 4636 (16.5895, 20.5929)
    255 (9.67309, -18.4578) -> 4482 (8.91158, -16.7805)
    256 (23.0153, -24.3574) -> 4821 (21.9392, -24.6694)
    257 (1.68983, -23.9222) -> 4140 (3.49475, -23.2952)
    258 (13.7249, 10.2721) -> 2398 (14.0096, 8.40583)
    259 (5.68413, 19.9642) -> 4429 (4.17874, 19.4475)
    260 (14.7506, -13.6791) -> 4204 (13.2235, -14.5446)
    261 (12.8958, -12.9293) -> 3463 (11.2017, -12.9398)
    262 (3.76293, -1.92563) -> 2533 (2.22126, -0.784973)
    263 (4.92877, -16.3882) -> 4804 (3.43757, -16.4381)
    264 (4.34292, -22.2465) -> 4249 (4.86581, -20.4352)
    265 (23.3914, -16.5398) -> 4840 (21.4312, -16.5064)
    266 (5.99719, -7.93603) -> 3319 (5.79212, -6.0092)
    267 (11.4109, -14.2535) -> 4297 (9.78889, -15.2168)
    268 (6.33044, 2.39188) -> 1321 (4.45962, 2.92513)
    269 (23.8447, 18.6591) -> 4370 (23.7884, 17.0375)
    270 (17.5083, 17.2389) -> 4445 (19.3845, 17.5411)
    271 (21.1257, 6.81314) -> 4987 (20.5915, 4.96055)
    272 (16.7345, 20.6674) -> 3660 (15.0675, 20.7893)
    273 (8.4823, 9.61271) -> 2401 (7.91756, 8.00651)
    274 (0.957322, -16.5654) -> 4697 (1.33167, -14.7752)
    275 (13.4323, -11.6452) -> 4897 (11.4895, -11.3628)
    276 (8.11015, -21.5171) -> 4309 (9.12034, -20.5494)
    277 (12.5745, -23.7256) -> 1827 (11.3062, -22.4396)
    278 (1.90108, -10.5411) -> 2880 (2.97462, -9.15248)
    279 (21.6729, 9.78308) -> 1572 (21.3945, 8.01695)
    280 (12.7566, -19.2414) -> 4474 (11.0985, -18.4325)
    281 (10.8467, 7.94743) -> 4585 (10.0639, 6.17968)
    282 (2.7989, -9.12916) -> 4527 (3.10311, -7.24404)
    283 (7.89522, 22.4038) -> 4532 (7.24006, 21.1621)
    284 (19.8361, 4.94511) -> 3412 (18.3444, 5.83294)
    285 (22.6015, 11.8408) -> 3297 (23.915, 10.4201)
    286 (22.7512, 3.29299) -> 1998 (21.2404, 2.13654)
    287 (2.78329, -12.7688) -> 4007 (3.87735, -11.3643)
    288 (8.46772, 21.0267) -> 3977 (6.9624, 20.2179)
    289 (2.28623, -3.32309) -> 4509 (2.14647, -1.4365)
    290 (23.1984, -9.07865) -> 3394 (22.2062, -10.7598)
    291 (14.975, -8.81473) -> 4882 (13.3073, -9.20783)
    292 (21.5774, 23.7805) -> 4759 (20.0778, 22.9629)
    293 (19.6584, -0.22959) -> 4156 (18.1595, 1.06119)
    294 (11.6593, -11.0438) -> 3875 (10.2539, -12.2532)
    295 (11.3164, 8.84099) -> 4251 (12.1413, 7.17536)
    296 (22.831, 11.4179) -> 4318 (22.6231, 9.6165)
    297 (0.679581, 4.81338) -> 2571 (0.469067, 6.22486)
    298 (7.72007, -7.50555) -> 4764 (9.2283, -7.02435)
    299 (2.19201, 10.6375) -> 3355 (0.462624, 11.5253)
    300 (17.4959, -20.7207) -> 4120 (15.6595, -20.8113)
    301 (16.2874, -21.6441) -> 4286 (14.8598, -20.2684)
    302 (1.61357, -6.01287) -> 3767 (0.899423, -4.21471)
    303 (13.7537, -11.6143) -> 4552 (11.9441, -11.9102)
    304 (19.9181, -24.1923) -> 2240 (18.0841, -24.389)
    305 (24.1523, -18.9347) -> 2863 (22.3931, -18.795)
    306 (3.25456, 21.1785) -> 200 (2.16381, 19.7323)
    307 (15.7576, -2.88423) -> 4274 (14.1449, -3.92449)
    308 (13.7522, -22.7441) -> 4263 (12.6493, -21.1175)
    309 (22.6562, 7.31717) -> 4851 (20.7143, 7.27178)
    310 (11.9438, -21.9669) -> 4604 (10.4063, -20.893)
    311 (4.11261, -20.0602) -> 4420 (2.61691, -18.984)
    312 (8.23375, 9.59481) -> 4830 (7.25634, 7.89701)
    313 (19.9268, -17.9041) -> 4942 (18.1879, -17.1226)
    314 (14.6871, -10.0132) -> 4882 (13.3073, -9.20783)
    315 (0.760526, -24.0125) -> 4060 (1.40857, -22.1651)
    316 (11.5058, -16.6106) -> 4366 (9.7215, -17.2395)
    317 (19.1358, 18.2363) -> 4081 (19.5223, 16.3515)
    318 (5.97334, 7.13881) -> 4170 (4.07526, 7.50407)
    319 (13.582, 10.9263) -> 3274 (14.3168, 9.08385)
    320 (13.4596, 22.3888) -> 3840 (12.209, 22.1036)
    321 (5.53982, 16.6221) -> 3810 (3.99496, 16.6926)
    322 (12.3354, 8.49461) -> 3557 (10.7612, 7.48795)
    323 (13.5732, -12.5818) -> 4625 (11.6476, -12.3311)
    324 (22.8952, 11.4909) -> 4318 (22.6231, 9.6165)
    325 (4.23127, -23.8096) -> 3043 (3.21319, -22.4812)
    326 (19.3522, 7.5597) -> 3412 (18.3444, 5.83294)
    327 (5.08254, 8.90337) -> 3464 (3.58264, 10.1778)
    328 (20.3748, 16.1727) -> 3499 (21.7255, 15.3169)
    329 (16.3925, 9.58012) -> 3473 (17.8222, 8.34726)
    330 (8.79819, 21.0839) -> 4532 (7.24006, 21.1621)
    331 (9.03789, 23.1574) -> 4682 (7.95338, 22.1708)
    332 (13.9395, 22.6632) -> 3840 (12.209, 22.1036)
    333 (14.6022, 15.0727) -> 2848 (16.4367, 14.3927)
    334 (22.3443, 17.71) -> 4370 (23.7884, 17.0375)
    335 (6.79876, 6.27439) -> 37 (5.25502, 7.15063)
    336 (5.86082, 12.3084) -> 3561 (4.09292, 12.3342)
    337 (5.17126, -7.88123) -> 2874 (4.76507, -6.00419)
    338 (9.76726, 3.77829) -> 2157 (8.29283, 4.26215)
    339 (22.1568, 4.04064) -> 3298 (20.4431, 3.76333)
    340 (13.2692, 1.07262) -> 4380 (12.1234, -0.38782)
    341 (9.55461, -14.7919) -> 4808 (8.20917, -13.9652)
    342 (0.0608658, -17.4624) -> 4623 (1.15394, -16.0548)
    343 (4.48567, -14.8796) -> 4617 (3.10117, -14.5328)
    344 (4.80664, -3.39238) -> 4692 (3.77317, -1.92636)
    345 (13.3996, -6.31147) -> 4465 (12.0781, -7.42671)
    346 (11.3177, 24.5345) -> 4257 (9.77165, 23.9642)
    347 (16.4941, -12.6337) -> 3545 (14.6942, -12.3873)
    348 (1.00259, 21.3607) -> 3590 (0.197541, 20.1049)
    349 (1.13834, 17.3053) -> 4899 (0.336173, 16.6104)
    350 (4.61708, -18.467) -> 4184 (4.55781, -16.6751)
    351 (8.15321, -22.8107) -> 4390 (7.69992, -21.1958)
    352 (5.45732, 7.51726) -> 3271 (3.627, 8.1207)
    353 (22.3381, 23.0839) -> 4972 (21.2427, 22.0513)
    354 (12.588, -8.95704) -> 2758 (10.9579, -8.6535)
    355 (1.74919, 0.538837) -> 4033 (1.03556, 2.26867)
    356 (2.75425, -16.2007) -> 4617 (3.10117, -14.5328)
    357 (3.93629, -3.08678) -> 4398 (3.70821, -1.26387)
    358 (13.5421, -12.8311) -> 4625 (11.6476, -12.3311)
    359 (2.13727, -6.01938) -> 4357 (1.58069, -4.56045)
    360 (16.3957, 4.08774) -> 2938 (15.4171, 2.48769)
    361 (15.048, 19.9785) -> 3469 (13.2594, 20.2748)
    362 (11.6453, -12.4259) -> 4690 (9.72326, -12.4668)
    363 (14.8921, -9.64773) -> 4882 (13.3073, -9.20783)
    364 (6.9613, 14.9637) -> 4093 (5.88593, 13.301)
    365 (4.4458, 20.4734) -> 4258 (3.41975, 19.291)
    366 (8.15945, 11.0163) -> 1910 (6.26965, 11.4159)
    367 (1.13564, -15.3895) -> 3733 (1.50499, -13.6469)
    368 (11.6403, 19.8118) -> 3964 (10.1485, 19.6963)
    369 (22.2915, -19.5936) -> 3467 (21.0116, -18.7531)
    370 (16.897, -13.226) -> 4898 (15.1089, -12.8753)
    371 (3.83994, 12.7252) -> 1181 (2.77187, 14.3832)
    372 (7.0027, 6.17534) -> 2164 (5.98576, 7.85585)
    373 (22.8866, -16.8377) -> 4469 (21.2388, -16.9298)
    374 (7.30364, -5.57576) -> 4279 (6.05282, -5.71195)
    375 (17.5585, -16.7592) -> 4865 (16.6235, -15.1492)
    376 (24.6029, 19.7906) -> 4241 (23.8481, 18.5601)
    377 (22.0003, -18.138) -> 4211 (20.5914, -16.9243)
    378 (18.3891, 0.455486) -> 4602 (17.3814, -0.770089)
    379 (13.1556, -12.0869) -> 4897 (11.4895, -11.3628)
    380 (24.4433, 18.1394) -> 4370 (23.7884, 17.0375)
    381 (2.71234, 3.38742) -> 2283 (1.24414, 4.10469)
    382 (20.4648, -15.9421) -> 4666 (19.6784, -14.4495)
    383 (16.2786, -9.75839) -> 4373 (14.9381, -9.71469)
    384 (9.34031, -6.98432) -> 2220 (7.84075, -6.03225)
    385 (16.3285, -23.0405) -> 4171 (15.1187, -21.7029)
    386 (15.1644, -10.245) -> 4096 (13.5346, -11.3074)
    387 (18.1652, 1.07566) -> 4521 (16.6813, 2.34283)
    388 (0.46669, 20.267) -> 3104 (0.137241, 18.7345)
    389 (18.35, -22.6495) -> 4304 (16.5627, -23.5278)
    390 (0.836273, 21.3017) -> 3590 (0.197541, 20.1049)
    391 (19.9075, -6.26983) -> 2347 (17.9811, -6.30297)
    392 (16.982, 6.11919) -> 2662 (16.6095, 4.58903)
    393 (7.68954, -13.0973) -> 4205 (5.87124, -12.452)
    394 (23.2137, 2.57253) -> 4529 (22.54, 1.00218)
    395 (13.4424, -14.4301) -> 4799 (12.6543, -12.9057)
    396 (0.349078, -13.2555) -> 4608 (1.03957, -11.3818)
    397 (7.79983, -2.01774) -> 4599 (6.46531, -0.773115)
    398 (6.81714, 9.65242) -> 3846 (5.15434, 8.73953)
    399 (18.5839, 18.9596) -> 4247 (17.6628, 19.5363)
    400 (6.08288, -24.5806) -> 4918 (5.53671, -23.0209)
    401 (20.852, 11.1664) -> 4931 (20.8673, 9.58758)
    402 (19.9963, -7.51761) -> 2279 (18.1105, -7.44424)
    403 (24.3191, -2.22425) -> 4715 (23.2769, -2.9182)
    404 (7.59021, 5.64841) -> 4071 (6.18411, 4.87815)
    405 (22.0955, -17.275) -> 4211 (20.5914, -16.9243)
    406 (1.11585, -6.57051) -> 2059 (1.18347, -4.57848)
    407 (18.1235, -0.505897) -> 3230 (16.5858, -1.47109)
    408 (1.84974, 21.5115) -> 3167 (2.13628, 19.6299)
    409 (13.1775, 17.5296) -> 3927 (12.0513, 18.5401)
    410 (13.6771, -16.7793) -> 4578 (11.8725, -16.2233)
    411 (15.5958, -9.02294) -> 4655 (14.1345, -7.84674)
    412 (8.69851, 4.94177) -> 2207 (6.72798, 4.98035)
    413 (5.54366, 0.994128) -> 4476 (5.16172, 2.76235)
    414 (2.28911, -11.0866) -> 2897 (1.10691, -9.52766)
    415 (19.8203, -9.55278) -> 3637 (18.0411, -9.09735)
    416 (17.3568, -12.842) -> 3359 (15.4182, -12.698)
    417 (3.12397, -0.419721) -> 4188 (1.52485, 0.350369)
    418 (9.41585, -12.04) -> 4464 (8.36445, -10.8885)
    419 (15.6532, -0.496371) -> 3252 (14.5945, -1.89555)
    420 (12.6712, -7.02666) -> 3124 (10.7846, -7.04819)
    421 (14.8433, 21.3356) -> 3469 (13.2594, 20.2748)
    422 (15.0615, 11.7093) -> 3700 (15.913, 10.0573)
    423 (24.288, -21.4643) -> 4305 (22.8577, -21.8947)
    424 (6.59948, 11.3872) -> 2642 (4.73209, 11.2308)
    425 (10.6323, -24.0956) -> 4417 (9.43311, -22.653)
    426 (0.665669, -22.4757) -> 4520 (2.0938, -21.8662)
    427 (17.9566, 3.69386) -> 4521 (16.6813, 2.34283)
    428 (17.7015, -8.6174) -> 4933 (15.7328, -8.90294)
    429 (8.28804, -15.152) -> 4449 (7.10873, -13.8192)
    430 (16.1151, -18.0535) -> 4928 (14.6544, -17.0753)
    431 (10.4787, -5.11467) -> 4433 (8.54783, -4.70173)
    432 (1.18471, 0.955674) -> 4033 (1.03556, 2.26867)
    433 (8.58394, 22.7598) -> 3050 (7.04277, 22.2623)
    434 (9.18387, 24.4898) -> 3543 (7.72526, 24.4412)
    435 (12.2949, -23.0394) -> 4263 (12.6493, -21.1175)
    436 (18.559, 22.9453) -> 4960 (17.3477, 22.2546)
    437 (24.5047, -23.2924) -> 3669 (22.5855, -22.7558)
    438 (24.6937, -23.9976) -> 3527 (23.7863, -22.4811)
    439 (18.4952, -6.98316) -> 3361 (16.8769, -5.85942)
    440 (10.4947, 9.00938) -> 1462 (8.75398, 8.0387)
    441 (6.47702, 12.9512) -> 2602 (4.57873, 12.5402)
    442 (24.4677, -10.6243) -> 4793 (23.34, -11.4647)
    443 (7.04626, -13.1042) -> 4236 (5.86094, -11.882)
    444 (2.38946, 11.1547) -> 3355 (0.462624, 11.5253)
    445 (24.1854, 2.17932) -> 4021 (24.603, 0.374154)
    446 (21.5754, 22.1717) -> 3494 (20.1429, 22.4273)
    447 (2.01054, -23.715) -> 4520 (2.0938, -21.8662)
    448 (18.5574, 23.223) -> 4960 (17.3477, 22.2546)
    449 (24.0052, -22.3253) -> 4907 (23.4424, -20.593)
    450 (9.77682, -6.0631) -> 4433 (8.54783, -4.70173)
    451 (6.81263, 13.9682) -> 4886 (4.85317, 14.2368)
    452 (11.3069, 20.0713) -> 4873 (9.79971, 20.275)
    453 (20.9478, 19.7255) -> 3077 (22.1907, 18.9172)
    454 (6.61047, 0.722115) -> 4143 (4.77374, 1.35078)
    455 (12.5166, -13.2022) -> 3463 (11.2017, -12.9398)
    456 (15.3091, 3.51977) -> 1762 (13.723, 2.54572)
    457 (4.7517, 6.32549) -> 1951 (3.136, 6.87257)
    458 (3.22872, -0.920456) -> 3566 (1.8934, 0.410981)
    459 (0.67634, -0.887711) -> 2352 (1.32496, 0.961294)
    460 (12.3757, -10.4099) -> 4485 (10.9655, -10.4033)
    461 (7.81376, 17.7692) -> 4965 (6.46091, 18.9024)
    462 (17.5472, 9.73732) -> 4845 (17.4598, 7.79727)
    463 (21.1883, 24.304) -> 4759 (20.0778, 22.9629)
    464 (24.0496, -18.9002) -> 4381 (22.8237, -17.3691)
    465 (18.04, 21.7769) -> 668 (16.2305, 21.2563)
    466 (16.1927, 11.1381) -> 2841 (17.6528, 10.2223)
    467 (4.93522, 14.7985) -> 1399 (3.85954, 15.84)
    468 (4.08681, -1.5518) -> 4126 (2.91051, -0.0550291)
    469 (9.92423, -7.91569) -> 4009 (8.13967, -7.3532)
    470 (16.6224, -1.99934) -> 4714 (15.6013, -3.11525)
    471 (19.5066, -12.6548) -> 4388 (17.6156, -12.7868)
    472 (21.7527, -22.8512) -> 4735 (20.527, -21.8564)
    473 (14.475, 20.977) -> 1509 (12.629, 21.069)
    474 (5.18878, 19.8681) -> 4258 (3.41975, 19.291)
    475 (3.20533, -18.7526) -> 4256 (3.34298, -16.8988)
    476 (19.8496, 17.7188) -> 4352 (21.5681, 17.1463)
    477 (0.909576, -13.4729) -> 3618 (2.53912, -12.3672)
    478 (20.4776, 7.22893) -> 3285 (20.1756, 5.49574)
    479 (2.20826, -8.88276) -> 4680 (0.813409, -7.58843)
    480 (4.12017, 14.4164) -> 3505 (2.65631, 15.0772)
    481 (24.0224, -11.5848) -> 4822 (22.3653, -12.1006)
    482 (3.6013, -2.86779) -> 3480 (3.36913, -1.12939)
    483 (21.1337, -8.15603) -> 2415 (19.4424, -7.20378)
    484 (3.57893, -20.1731) -> 4681 (4.44427, -18.9163)
    485 (22.7649, 6.28972) -> 4265 (22.3224, 4.99352)
    486 (7.44746, 13.0427) -> 336 (5.86082, 12.3084)
    487 (6.18112, -17.3612) -> 3452 (4.82348, -15.8932)
    488 (18.7672, 22.3722) -> 4960 (17.3477, 22.2546)
    489 (23.1945, -0.335509) -> 4477 (22.238, -1.35819)
    490 (10.1533, 4.50425) -> 2157 (8.29283, 4.26215)
    491 (2.14848, -17.0357) -> 4804 (3.43757, -16.4381)
    492 (8.67509, 4.76287) -> 2207 (6.72798, 4.98035)
    493 (3.01303, 6.16193) -> 2108 (2.09746, 7.68879)
    494 (4.34964, 17.4156) -> 4336 (2.84247, 17.3182)
    495 (5.34631, -3.18137) -> 4622 (4.05452, -1.92814)
    496 (8.73638, 7.69566) -> 3967 (7.13273, 6.63873)
    497 (17.62, -21.7953) -> 4580 (16.3708, -20.6875)
    498 (1.72459, -5.17303) -> 4377 (0.797094, -4.15785)
    499 (13.7471, 18.6665) -> 4430 (12.6943, 19.2435)
    500 (15.0306, 8.34198) -> 40 (14.3649, 6.46967)
    501 (5.99059, -14.5366) -> 4665 (4.6233, -13.595)
    502 (3.20217, -16.8598) -> 3452 (4.82348, -15.8932)
    503 (12.8936, 23.7499) -> 4571 (11.6663, 23.5494)
    504 (19.42, -6.37878) -> 2279 (18.1105, -7.44424)
    505 (21.4656, 17.614) -> 4416 (22.3288, 16.1456)
    506 (20.8373, -0.482268) -> 4190 (19.8899, -1.79064)
    507 (3.42369, -21.3134) -> 4160 (4.59505, -19.8503)
    508 (11.7507, 1.42893) -> 4731 (9.76439, 1.25604)
    509 (11.252, 23.1364) -> 4069 (9.39927, 22.981)
    510 (21.0877, 24.8571) -> 4792 (19.3176, 24.1154)
    511 (19.5799, 24.9701) -> 917 (18.0542, 24.1973)
    512 (21.7074, -6.84596) -> 4442 (20.5718, -6.39298)
    513 (15.6167, -11.4968) -> 4127 (13.7784, -10.8968)
    514 (23.1758, -22.3635) -> 4993 (21.5479, -22.3108)
    515 (7.46724, -2.96977) -> 3406 (5.79103, -2.08528)
    516 (22.7627, 2.8311) -> 4478 (21.019, 1.86497)
    517 (17.2682, 20.494) -> 4019 (15.7686, 19.9136)
    518 (14.6054, 16.3292) -> 4664 (14.2902, 17.7555)
    519 (14.6674, -15.8123) -> 4204 (13.2235, -14.5446)
    520 (20.6615, -19.9883) -> 4512 (19.5407, -18.5614)
    521 (5.16649, -12.1054) -> 3598 (4.1614, -10.5143)
    522 (14.7224, 13.2952) -> 3477 (16.6032, 12.8549)
    523 (12.4163, -9.97777) -> 4203 (10.5153, -9.40112)
    524 (18.9505, 10.1841) -> 3866 (17.9234, 8.53355)
    525 (3.47606, 12.6166) -> 2227 (1.98789, 11.4755)
    526 (6.21499, -2.81345) -> 4592 (4.5215, -1.86289)
    527 (18.4121, 9.98711) -> 3473 (17.8222, 8.34726)
    528 (17.2847, 5.7513) -> 4858 (16.141, 4.1214)
    529 (11.6554, -8.86292) -> 2372 (11.3412, -6.88991)
    530 (0.463461, -8.90382) -> 4844 (0.31729, -7.04045)
    531 (24.0062, 8.38415) -> 3181 (23.8726, 6.47309)
    532 (13.0048, 19.6201) -> 4710 (11.07, 19.3303)
    533 (21.5229, 9.46636) -> 3957 (21.4637, 7.78735)
    534 (20.6987, 11.4847) -> 4931 (20.8673, 9.58758)
    535 (24.9992, -12.2209) -> 4793 (23.34, -11.4647)
    536 (10.4763, -21.1867) -> 4309 (9.12034, -20.5494)
    537 (12.6261, -14.5942) -> 3683 (11.546, -13.1294)
    538 (6.8044, -23.9323) -> 2966 (5.8487, -22.3936)
    539 (8.18789, 4.15935) -> 2207 (6.72798, 4.98035)
    540 (4.24942, -9.42138) -> 4547 (3.03155, -8.66594)
    541 (13.3669, 15.7389) -> 793 (12.4132, 17.1328)
    542 (1.72456, 22.3015) -> 4109 (0.67891, 20.9637)
    543 (16.8337, -1.15477) -> 2708 (14.9502, -1.77544)
    544 (22.9733, -10.6725) -> 4065 (21.2628, -11.5261)
    545 (10.2554, -3.49372) -> 3317 (8.73291, -2.36887)
    546 (9.91987, 0.87808) -> 3331 (8.38238, 1.50582)
    547 (2.75224, -20.9007) -> 4420 (2.61691, -18.984)
    548 (24.2981, 22.6859) -> 4224 (24.3239, 20.8386)
    549 (1.01141, 19.4584) -> 3628 (0.874958, 18.1495)
    550 (7.66041, -7.1769) -> 2930 (5.76267, -6.7429)
    551 (7.25866, 15.0858) -> 3702 (5.54816, 15.3572)
    552 (15.0399, -6.97103) -> 4157 (13.1878, -6.87485)
    553 (10.3639, -9.80319) -> 4431 (9.16178, -8.79422)
    554 (24.3996, 14.891) -> 3782 (24.4686, 12.9924)
    555 (22.2025, 0.77576) -> 3548 (20.5648, 0.352292)
    556 (24.6285, -16.9505) -> 4381 (22.8237, -17.3691)
    557 (5.62662, -19.9353) -> 4681 (4.44427, -18.9163)
    558 (14.3004, -9.40399) -> 4885 (12.9131, -8.11817)
    559 (2.90932, 24.5019) -> 4849 (1.75756, 23.4765)
    560 (16.5891, -3.74581) -> 4108 (14.8013, -4.41344)
    561 (21.0378, 0.285269) -> 4983 (20.3402, -0.828444)
    562 (24.725, 10.6835) -> 3180 (23.141, 9.734)
    563 (17.0752, -5.91793) -> 4306 (15.5974, -7.21601)
    564 (6.93118, 21.108) -> 3955 (5.81598, 20.2182)
    565 (19.2579, 15.5641) -> 2609 (21.2532, 15.678)
    566 (16.0683, 11.8327) -> 3700 (15.913, 10.0573)
    567 (15.3025, -2.37763) -> 4274 (14.1449, -3.92449)
    568 (24.6939, 19.609) -> 3698 (23.1027, 18.7794)
    569 (12.758, -4.76417) -> 4404 (10.8653, -4.27101)
    570 (22.4431, -22.5966) -> 4221 (20.7812, -22.5014)
    571 (5.17286, -21.4222) -> 3358 (4.25917, -19.7877)
    572 (7.03492, -15.1556) -> 4229 (5.86804, -13.6323)
    573 (9.50144, 5.42247) -> 2199 (7.68854, 4.79224)
    574 (17.0799, 13.8516) -> 3624 (18.2886, 12.7479)
    575 (6.63787, -6.11778) -> 4637 (5.14172, -5.32614)
    576 (22.886, 14.6113) -> 4285 (23.9454, 13.7658)
    577 (1.68359, 23.843) -> 4340 (2.64589, 22.8972)
    578 (0.581638, -20.7796) -> 4463 (1.01123, -18.9544)
    579 (24.7545, -13.7756) -> 4705 (23.2099, -13.6527)
    580 (18.6089, 1.92238) -> 4521 (16.6813, 2.34283)
    581 (11.8818, 2.86649) -> 4372 (10.2749, 2.12871)
    582 (2.30527, -20.9384) -> 4420 (2.61691, -18.984)
    583 (10.8845, -10.35) -> 4887 (9.63072, -9.20118)
    584 (20.0733, 21.907) -> 4879 (18.6393, 22.0496)
    585 (14.1543, -20.1762) -> 4197 (12.4796, -19.5347)
    586 (3.61433, 23.777) -> 4340 (2.64589, 22.8972)
    587 (18.4139, -8.99109) -> 4573 (16.5879, -8.17694)
    588 (22.0687, 4.86169) -> 3298 (20.4431, 3.76333)
    589 (16.4183, -5.55382) -> 4950 (14.4954, -5.17392)
    590 (20.9241, 1.60265) -> 3097 (20.6795, 0.0654361)
    591 (20.6919, -9.806) -> 4568 (18.854, -9.84232)
    592 (20.344, -23.7057) -> 3715 (18.8385, -24.1982)
    593 (5.44563, 12.2673) -> 4640 (3.53014, 11.9778)
    594 (9.77202, 18.9445) -> 4827 (8.29134, 19.5021)
    595 (2.72604, 4.86922) -> 2895 (1.91752, 5.8973)
    596 (21.3391, 21.9585) -> 4320 (20.7416, 21.3857)
    597 (3.30621, 1.00171) -> 4561 (1.42095, 1.00635)
    598 (12.1402, -9.87105) -> 1965 (10.3049, -10.3072)
    599 (19.1937, 4.59009) -> 3802 (18.4548, 2.82878)
    600 (15.8947, -15.9649) -> 4892 (16.0667, -14.1298)
    601 (20.6747, -17.6275) -> 4512 (19.5407, -18.5614)
    602 (24.0304, 21.3392) -> 4322 (23.0422, 19.6865)
    603 (2.74571, -9.38394) -> 2248 (1.2992, -8.07962)
    604 (9.27422, 10.3677) -> 3231 (8.74583, 8.56165)
    605 (0.472658, 23.9621) -> 3869 (0.331229, 22.8773)
    606 (14.3379, -7.78772) -> 4819 (12.6584, -8.83444)
    607 (12.4439, 23.3123) -> 4644 (10.8892, 22.4985)
    608 (1.29079, 9.72778) -> 3355 (0.462624, 11.5253)
    609 (24.1738, -10.0909) -> 3456 (23.2777, -11.8348)
    610 (3.01984, 15.4562) -> 3753 (1.31803, 16.2185)
    611 (14.1317, -2.49398) -> 4687 (12.5481, -2.99629)
    612 (3.90117, -4.65949) -> 3652 (3.3171, -2.86039)
    613 (5.39554, -20.3505) -> 3556 (5.81801, -18.4577)
    614 (21.1821, 18.2937) -> 117 (21.9798, 16.4903)
    615 (9.70213, 18.6531) -> 4922 (7.89362, 17.855)
    616 (0.129886, 7.30572) -> 3634 (0.00999175, 8.90237)
    617 (13.8479, 15.5381) -> 3404 (13.2168, 16.9898)
    618 (1.05242, -22.8891) -> 4421 (0.475321, -21.3874)
    619 (22.236, 5.42336) -> 1735 (21.2621, 4.01811)
    620 (9.26834, 8.65025) -> 2674 (7.6493, 7.58811)
    621 (14.6837, 22.3974) -> 3794 (13.7486, 22.7563)
    622 (8.7817, 16.4805) -> 4971 (7.62305, 17.5989)
    623 (21.5682, 12.9067) -> 4862 (22.8459, 11.723)
    624 (24.1723, 14.2796) -> 3290 (23.6437, 12.3552)
    625 (22.619, 3.25674) -> 1998 (21.2404, 2.13654)
    626 (3.48277, -16.4889) -> 4617 (3.10117, -14.5328)
    627 (16.2569, 1.80651) -> 4414 (14.9621, 1.33252)
    628 (2.41039, 11.6084) -> 2039 (1.00212, 13.0083)
    629 (18.0558, -16.9671) -> 3201 (16.2744, -16.2217)
    630 (1.04789, 16.3757) -> 0 (1, 15)
    631 (10.9661, -21.0283) -> 4309 (9.12034, -20.5494)
    632 (10.5193, -12.4533) -> 3976 (9.28748, -11.147)
    633 (14.2908, -16.2947) -> 4177 (13.5272, -14.6408)
    634 (22.0729, -9.02671) -> 3839 (21.1537, -7.28301)
    635 (2.48222, 2.36517) -> 3224 (1.02496, 2.41447)
    636 (17.6564, 7.59151) -> 4540 (16.7881, 6.00201)
    637 (10.5424, 4.44682) -> 3034 (8.78498, 4.07354)
    638 (3.098, -9.14336) -> 4527 (3.10311, -7.24404)
    639 (20.0099, -2.23325) -> 4315 (18.6603, -3.14745)
    640 (0.735158, 24.8225) -> 3869 (0.331229, 22.8773)
    641 (24.5168, -8.9835) -> 4558 (22.731, -9.5924)
    642 (20.8789, -6.37601) -> 4998 (19.4185, -7.18329)
    643 (18.9301, -17.3477) -> 4331 (17.5598, -18.4484)
    644 (1.2784, -7.89405) -> 2856 (0.871456, -6.14014)
    645 (18.2299, -14.7553) -> 4865 (16.6235, -15.1492)
    646 (1.09715, 12.83) -> 3506 (0.759727, 11.2816)
    647 (18.3949, 19.2233) -> 802 (16.7773, 19.2646)
    648 (8.29193, -24.4407) -> 4765 (6.82005, -23.2056)
    649 (14.0735, 15.5775) -> 3404 (13.2168, 16.9898)
    650 (10.3594, 7.81382) -> 3645 (8.83262, 6.7745)
    651 (22.4152, 0.847385) -> 3097 (20.6795, 0.0654361)
    652 (23.3033, -2.0822) -> 3612 (21.9024, -2.94985)
    653 (23.9942, -16.3591) -> 4763 (23.3473, -14.8405)
    654 (3.98346, 23.525) -> 4340 (2.64589, 22.8972)
    655 (22.2337, 13.9713) -> 3692 (24.0798, 13.5601)
    656 (17.6493, -22.3072) -> 4498 (16.4697, -21.3944)
    657 (15.4318, 22.3593) -> 4280 (13.6005, 21.7779)
    658 (23.0537, 6.22558) -> 2910 (23.7776, 4.55276)
    659 (9.42873, 17.0776) -> 2544 (7.69204, 17.0644)
    660 (18.181, 13.3128) -> 4925 (19.5169, 12.131)
    661 (14.9167, -14.6637) -> 4204 (13.2235, -14.5446)
    662 (11.6679, 22.7352) -> 4570 (10.3366, 21.4936)
    663 (18.7393, -2.23901) -> 4250 (17.9988, -3.97385)
    664 (21.4683, 20.3903) -> 2386 (21.9351, 18.6828)
    665 (21.4214, -15.5725) -> 3834 (20.1776, -14.5502)
    666 (9.67437, 4.5466) -> 1199 (7.8798, 4.66203)
    667 (17.6633, -5.04155) -> 1201 (16.0179, -4.06223)
    668 (16.2305, 21.2563) -> 3303 (14.5707, 20.7727)
    669 (9.32526, -6.99877) -> 2220 (7.84075, -6.03225)
    670 (10.5428, 17.2957) -> 3762 (8.6034, 17.6825)
    671 (16.9857, 4.5946) -> 2150 (15.5878, 3.17874)
    672 (3.29603, 5.6609) -> 3537 (3.05294, 7.61673)
    673 (17.1221, 18.3698) -> 4062 (15.706, 17.8373)
    674 (6.06443, -7.1373) -> 2874 (4.76507, -6.00419)
    675 (11.8154, -13.8328) -> 4720 (12.0451, -11.8805)
    676 (2.58911, 11.2141) -> 3506 (0.759727, 11.2816)
    677 (11.2421, -16.2688) -> 4297 (9.78889, -15.2168)
    678 (7.00708, 23.9765) -> 1894 (5.94375, 22.5744)
    679 (19.3737, 10.2992) -> 3638 (19.5114, 8.92301)
    680 (12.0914, -12.502) -> 3875 (10.2539, -12.2532)
    681 (11.0364, -16.467) -> 4297 (9.78889, -15.2168)
    682 (5.36618, 4.55871) -> 4981 (4.5821, 6.28976)
    683 (18.947, -14.9674) -> 3137 (17.6269, -13.6387)
    684 (23.7619, 13.8847) -> 4719 (24.5101, 12.3044)
    685 (7.89159, -1.13662) -> 3678 (6.11301, -0.412104)
    686 (2.615, -12.4297) -> 3305 (2.83571, -10.6504)
    687 (6.69538, 1.07373) -> 4143 (4.77374, 1.35078)
    688 (17.16, 6.73323) -> 3128 (15.9785, 5.27911)
    689 (14.7268, 3.68116) -> 4560 (15.1182, 1.79012)
    690 (10.8951, -12.8764) -> 3045 (9.52453, -11.6049)
    691 (18.6799, -0.0154674) -> 4602 (17.3814, -0.770089)
    692 (16.5616, -7.3233) -> 4933 (15.7328, -8.90294)
    693 (8.68289, -17.8542) -> 4284 (7.33526, -17.0736)
    694 (0.434815, 14.9621) -> 0 (1, 15)
    695 (6.09029, -6.40764) -> 4637 (5.14172, -5.32614)
    696 (16.2676, -23.2585) -> 4775 (14.9436, -22.4333)
    697 (11.1181, -22.4219) -> 4604 (10.4063, -20.893)
    698 (13.8933, 19.3622) -> 4430 (12.6943, 19.2435)
    699 (4.88297, 1.0952) -> 4939 (3.46332, 2.49528)
    700 (17.1386, 1.65415) -> 4662 (15.6614, 1.74902)
    701 (6.66536, 1.4529) -> 4476 (5.16172, 2.76235)
    702 (4.007, -22.854) -> 3900 (4.08301, -21.5514)
    703 (15.8208, -4.84412) -> 4274 (14.1449, -3.92449)
    704 (16.13, -9.83904) -> 3784 (14.2409, -10.1185)
    705 (23.8192, -17.3549) -> 4046 (22.6058, -16.0165)
    706 (21.3732, -13.1729) -> 4645 (19.7823, -13.4613)
    707 (23.0039, 20.6212) -> 3077 (22.1907, 18.9172)
    708 (13.248, -13.7433) -> 3683 (11.546, -13.1294)
    709 (22.4453, 19.836) -> 4241 (23.8481, 18.5601)
    710 (14.5214, -22.2193) -> 4884 (13.0748, -23.0059)
    711 (18.6973, 13.4198) -> 3568 (20.2601, 12.4732)
    712 (9.73695, -4.11735) -> 4433 (8.54783, -4.70173)
    713 (14.7302, -13.7055) -> 4204 (13.2235, -14.5446)
    714 (13.9117, -10.6634) -> 4356 (12.0591, -9.95898)
    715 (14.754, 2.76396) -> 4820 (13.0088, 1.82436)
    716 (15.5471, -5.7639) -> 3483 (14.1116, -6.15257)
    717 (18.5953, 7.25727) -> 4458 (18.7996, 5.42874)
    718 (15.6401, -20.5842) -> 4207 (14.4431, -19.6836)
    719 (15.9555, 20.1558) -> 2445 (14.456, 20.028)
    720 (22.7674, -1.88673) -> 4964 (21.5992, -3.29105)
    721 (19.9481, 1.99217) -> 4807 (18.6407, 2.38247)
    722 (22.4001, 10.84) -> 4931 (20.8673, 9.58758)
    723 (11.8999, -15.8396) -> 4268 (10.3457, -15.8899)
    724 (23.2136, -10.552) -> 3144 (21.2547, -10.2314)
    725 (3.52521, -21.5034) -> 4160 (4.59505, -19.8503)
    726 (14.9664, -24.1547) -> 4774 (13.6608, -24.6935)
    727 (9.05837, 16.9428) -> 3519 (7.29746, 16.903)
    728 (16.2116, 23.4425) -> 4686 (14.6852, 22.4722)
    729 (21.7748, -7.01661) -> 4442 (20.5718, -6.39298)
    730 (1.95291, -15.7364) -> 4617 (3.10117, -14.5328)
    731 (2.3951, -8.31465) -> 2492 (0.411788, -8.08828)
    732 (18.1726, 22.4649) -> 4243 (16.3246, 22.0392)
    733 (17.8178, 19.5758) -> 1025 (16.6521, 19.5785)
    734 (9.21192, -13.7272) -> 4134 (7.2656, -13.8308)
    735 (0.343898, 19.4668) -> 3582 (0.245202, 17.5639)
    736 (9.73764, -11.5437) -> 4464 (8.36445, -10.8885)
    737 (21.4752, -22.954) -> 4657 (19.7323, -23.84)
    738 (24.7757, 16.0102) -> 4350 (23.5855, 14.7671)
    739 (12.2368, -10.2549) -> 1965 (10.3049, -10.3072)
    740 (9.3341, 0.692636) -> 2503 (7.61813, 1.50357)
    741 (1.04782, 11.4854) -> 2039 (1.00212, 13.0083)
    742 (15.4301, 20.8949) -> 4548 (14.0111, 21.3867)
    743 (19.5803, -8.25757) -> 4523 (17.749, -7.71292)
    744 (1.28988, 12.1751) -> 2032 (0.691741, 13.7392)
    745 (8.71186, -1.28694) -> 4667 (7.0198, -1.53566)
    746 (9.20772, -0.600272) -> 4503 (7.21722, -0.477971)
    747 (23.9714, 12.6246) -> 4405 (22.9202, 11.0438)
    748 (9.48939, -3.01626) -> 3640 (7.7019, -3.57858)
    749 (1.12576, -19.9295) -> 4770 (1.28257, -18.3391)
    750 (13.6233, -8.66846) -> 4465 (12.0781, -7.42671)
    751 (9.28891, -0.358701) -> 4941 (7.59365, -0.473681)
    752 (22.273, 22.8552) -> 4972 (21.2427, 22.0513)
    753 (1.36855, -17.7372) -> 4758 (2.87597, -16.7197)
    754 (23.3973, -17.4576) -> 4387 (21.4988, -17.6699)
    755 (8.68232, -0.383081) -> 3111 (7.83918, 1.2101)
    756 (4.28565, 11.6102) -> 1689 (2.69753, 12.7389)
    757 (12.4643, -20.5744) -> 3616 (10.8682, -19.7335)
    758 (18.1028, -10.7591) -> 3459 (16.1684, -10.2607)
    759 (1.44533, -2.02159) -> 2533 (2.22126, -0.784973)
    760 (20.412, -13.295) -> 4695 (19.277, -11.6883)
    761 (17.7592, 12.4249) -> 2872 (18.4773, 10.6691)
    762 (20.9838, -24.2614) -> 4934 (21.5623, -22.3834)
    763 (20.0845, 21.4353) -> 4912 (18.9319, 21.3952)
    764 (6.02307, -4.42635) -> 4526 (4.25553, -4.60618)
    765 (6.5545, -11.11) -> 3995 (4.7043, -10.7609)
    766 (11.0441, -6.6341) -> 4764 (9.2283, -7.02435)
    767 (22.1527, -3.33128) -> 4801 (21.0989, -4.90849)
    768 (19.3937, -4.20733) -> 4475 (17.6865, -4.35617)
    769 (1.70927, -9.40939) -> 4006 (0.69847, -8.0781)
    770 (24.4275, 18.1888) -> 4370 (23.7884, 17.0375)
    771 (11.3884, -3.32493) -> 3175 (9.80323, -2.19676)
    772 (9.18802, 20.0744) -> 3597 (7.48884, 20.1147)
    773 (4.09052, 16.328) -> 2984 (2.56304, 15.8109)
    774 (3.03026, -17.8506) -> 4612 (3.2336, -16.3296)
    775 (13.1805, -14.0891) -> 3683 (11.546, -13.1294)
    776 (2.22957, -6.3171) -> 4357 (1.58069, -4.56045)
    777 (11.6095, 8.49003) -> 811 (12.3562, 6.65683)
    778 (0.156755, -6.97424) -> 3872 (1.35636, -5.98105)
    779 (22.1259, 19.1739) -> 4241 (23.8481, 18.5601)
    780 (21.5258, -11.5064) -> 2416 (19.634, -11.4196)
    781 (14.803, 22.8083) -> 3794 (13.7486, 22.7563)
    782 (7.62032, -16.0013) -> 4031 (7.17539, -14.5359)
    783 (24.3583, -18.586) -> 4381 (22.8237, -17.3691)
    784 (3.06305, 19.0499) -> 2919 (1.28726, 18.2518)
    785 (18.8377, -22.7225) -> 4528 (17.5116, -21.3939)
    786 (12.2431, 9.93533) -> 898 (11.4309, 8.32199)
    787 (4.08054, -0.0582146) -> 2844 (2.42695, 0.430136)
    788 (18.6247, 4.67863) -> 3863 (17.0678, 4.09279)
    789 (4.65811, -24.7443) -> 4918 (5.53671, -23.0209)
    790 (7.76709, 20.6306) -> 1973 (5.99714, 20.2119)
    791 (4.34961, 23.4989) -> 2789 (2.69171, 22.7278)
    792 (9.17068, 19.3663) -> 2167 (7.75005, 19.9684)
    793 (12.4132, 17.1328) -> 2978 (10.4684, 17.5438)
    794 (5.16301, -15.5374) -> 4804 (3.43757, -16.4381)
    795 (2.73437, 3.73552) -> 2283 (1.24414, 4.10469)
    796 (7.23175, 5.32393) -> 2800 (5.24465, 5.41393)
    797 (14.2538, 1.88998) -> 3460 (12.3117, 1.47782)
    798 (1.11464, 24.7187) -> 3471 (1.23174, 23.0138)
    799 (9.34996, 18.8511) -> 4827 (8.29134, 19.5021)
    800 (23.9668, -17.9104) -> 4629 (23.0105, -19.2304)
    801 (2.48974, 7.66855) -> 2765 (1.63632, 9.03759)
    802 (16.7773, 19.2646) -> 870 (14.8538, 19.3781)
    803 (3.27502, 2.98291) -> 2854 (3.93435, 4.43798)
    804 (0.482296, 1.43383) -> 2884 (0.11591, 3.26612)
    805 (13.5277, -23.586) -> 3805 (11.6659, -23.0043)
    806 (11.6088, 1.72338) -> 4731 (9.76439, 1.25604)
    807 (23.1141, 22.966) -> 3339 (24.3008, 21.3774)
    808 (5.92485, 15.5384) -> 4584 (4.41634, 14.6165)
    809 (14.2704, 12.6565) -> 566 (16.0683, 11.8327)
    810 (16.1248, 4.17787) -> 4802 (14.2319, 4.11567)
    811 (12.3562, 6.65683) -> 1668 (10.4589, 6.27708)
    812 (22.8548, -14.8609) -> 4705 (23.2099, -13.6527)
    813 (18.2198, -7.26573) -> 3871 (16.3494, -7.33603)
    814 (12.1826, 1.30334) -> 4609 (10.4337, 0.762251)
    815 (14.0506, 23.8735) -> 4930 (12.2274, 23.0717)
    816 (7.72797, 21.4544) -> 4639 (6.3129, 21.1548)
    817 (24.8687, 6.23077) -> 2052 (23.4898, 4.94765)
    818 (5.68263, 2.37931) -> 3773 (4.02976, 3.3257)
    819 (16.583, -9.00979) -> 4373 (14.9381, -9.71469)
    820 (17.0663, 3.20116) -> 4389 (16.2858, 1.98484)
    821 (7.22497, 10.1534) -> 3335 (5.63162, 10.0534)
    822 (13.8736, 11.6243) -> 2211 (15.7209, 10.9884)
    823 (19.7414, 7.14473) -> 4458 (18.7996, 5.42874)
    824 (17.2585, 7.01061) -> 4877 (16.0939, 5.52834)
    825 (10.0536, -13.1443) -> 4492 (8.64259, -11.9924)
    826 (8.63491, -17.0244) -> 4723 (8.5182, -15.1122)
    827 (10.2566, 16.9005) -> 3762 (8.6034, 17.6825)
    828 (24.3023, -20.8689) -> 4305 (22.8577, -21.8947)
    829 (7.81404, -13.5429) -> 4229 (5.86804, -13.6323)
    830 (11.7201, 2.63482) -> 4372 (10.2749, 2.12871)
    831 (24.838, -6.24947) -> 4757 (23.1224, -6.21105)
    832 (7.37909, 11.6975) -> 3348 (5.38697, 11.7644)
    833 (16.3022, -5.50197) -> 4950 (14.4954, -5.17392)
    834 (0.269671, -18.8349) -> 4480 (1.34155, -17.2459)
    835 (4.70935, 18.9407) -> 3622 (3.16372, 17.7763)
    836 (15.4765, -21.5092) -> 4926 (14.5183, -19.7633)
    837 (8.86098, -7.40903) -> 2220 (7.84075, -6.03225)
    838 (0.00122175, 23.1599) -> 2825 (0.712505, 22.2735)
    839 (7.05176, 13.0381) -> 593 (5.44563, 12.2673)
    840 (18.4601, 8.50054) -> 1423 (18.2562, 6.59885)
    841 (19.4317, 16.3184) -> 2609 (21.2532, 15.678)
    842 (17.2619, 16.5254) -> 4832 (18.9876, 16.5005)
    843 (9.09565, 16.2976) -> 3519 (7.29746, 16.903)
    844 (17.133, -11.5914) -> 2786 (15.1558, -11.5812)
    845 (1.37808, 7.07069) -> 2765 (1.63632, 9.03759)
    846 (2.25455, -12.6973) -> 4608 (1.03957, -11.3818)
    847 (19.3329, 21.8556) -> 3276 (17.9378, 21.4443)
    848 (23.4591, -19.9715) -> 3965 (22.0752, -20.2421)
    849 (8.23641, 8.99326) -> 2530 (7.51863, 7.24132)
    850 (3.13979, 15.7317) -> 4761 (2.00128, 16.4693)
    851 (10.3892, -9.6213) -> 4431 (9.16178, -8.79422)
    852 (1.12797, -11.066) -> 769 (1.70927, -9.40939)
    853 (15.3194, -0.957022) -> 3783 (13.5964, -1.88421)
    854 (4.34373, 24.2116) -> 3450 (4.778, 22.4935)
    855 (7.42349, 15.1208) -> 3702 (5.54816, 15.3572)
    856 (10.4156, -22.3694) -> 4838 (9.59535, -21.0082)
    857 (11.0771, -0.381832) -> 3372 (9.47264, 0.429012)
    858 (15.861, -7.97641) -> 3749 (13.9618, -7.81535)
    859 (12.1539, -24.4542) -> 3837 (12.1975, -22.6923)
    860 (4.93606, -10.7533) -> 3769 (3.56567, -9.38038)
    861 (10.564, 4.77986) -> 3034 (8.78498, 4.07354)
    862 (4.66571, -11.8211) -> 3971 (3.93156, -10.2977)
    863 (7.14214, -3.40116) -> 4982 (5.50974, -2.2822)
    864 (5.20013, 3.78777) -> 2625 (3.69579, 4.63485)
    865 (6.04494, 11.7144) -> 2776 (4.33281, 11.8665)
    866 (16.1631, -6.84721) -> 3686 (14.3636, -7.13973)
    867 (1.63574, 6.82841) -> 3233 (0.452821, 7.96872)
    868 (0.821629, 1.32434) -> 3224 (1.02496, 2.41447)
    869 (19.9215, -14.2651) -> 3747 (18.4428, -14.5832)
    870 (14.8538, 19.3781) -> 2579 (13.006, 19.2165)
    871 (24.4052, -4.89227) -> 4757 (23.1224, -6.21105)
    872 (7.93635, 22.6442) -> 4532 (7.24006, 21.1621)
    873 (11.7434, -21.6246) -> 4439 (10.1728, -21.0211)
    874 (14.722, -6.57219) -> 4706 (13.6228, -7.67769)
    875 (0.996335, 11.1193) -> 2039 (1.00212, 13.0083)
    876 (20.7226, -9.77557) -> 4568 (18.854, -9.84232)
    877 (5.08783, -20.3988) -> 4507 (5.18041, -18.6657)
    878 (20.542, 21.2404) -> 4912 (18.9319, 21.3952)
    879 (4.9262, -21.5773) -> 3797 (4.9972, -19.8233)
    880 (23.4558, 23.8719) -> 4282 (21.599, 23.9322)
    881 (10.4657, -19.1396) -> 4745 (9.31149, -18.0921)
    882 (9.83331, -7.97785) -> 4009 (8.13967, -7.3532)
    883 (6.50096, 4.76549) -> 2250 (4.81397, 5.53536)
    884 (5.89594, 12.6053) -> 3561 (4.09292, 12.3342)
    885 (7.609, 6.48964) -> 3069 (5.68991, 6.99981)
    886 (13.0812, -17.566) -> 4694 (11.2945, -18.3801)
    887 (5.55442, -22.1863) -> 4696 (5.18294, -20.3561)
    888 (21.8745, -6.55478) -> 1930 (20.3229, -7.37654)
    889 (5.97506, 10.1204) -> 3908 (4.42532, 10.6133)
    890 (12.3427, 23.3966) -> 4644 (10.8892, 22.4985)
    891 (16.0991, -20.4044) -> 4926 (14.5183, -19.7633)
    892 (21.725, 17.6405) -> 4416 (22.3288, 16.1456)
    893 (24.9727, 20.5099) -> 3399 (23.6676, 19.129)
    894 (5.21331, -9.33737) -> 4128 (4.68948, -7.8288)
    895 (15.9197, -4.91062) -> 3401 (14.7672, -3.34459)
    896 (0.928552, 1.38999) -> 3224 (1.02496, 2.41447)
    897 (19.3687, -3.78353) -> 4475 (17.6865, -4.35617)
    898 (11.4309, 8.32199) -> 2885 (11.874, 6.39713)
    899 (24.1918, -5.10472) -> 4757 (23.1224, -6.21105)
    900 (14.8806, 0.966582) -> 3011 (12.95, 0.715889)
    901 (0.810682, 23.0468) -> 348 (1.00259, 21.3607)
    902 (23.3478, 8.20582) -> 4175 (21.9525, 6.9397)
    903 (7.35326, 14.9398) -> 3702 (5.54816, 15.3572)
    904 (23.2209, -17.2199) -> 3146 (21.2938, -16.8267)
    905 (17.5356, 6.34745) -> 671 (16.9857, 4.5946)
    906 (21.1275, -7.46787) -> 4998 (19.4185, -7.18329)
    907 (19.8616, 21.4975) -> 3276 (17.9378, 21.4443)
    908 (9.74954, 9.64292) -> 4406 (7.97699, 8.73028)
    909 (16.2848, -12.0421) -> 4946 (14.707, -11.0688)
    910 (23.62, 17.3479) -> 3046 (24.4166, 15.7679)
    911 (1.99135, 17.2797) -> 630 (1.04789, 16.3757)
    912 (19.42, 12.2617) -> 2546 (20.2849, 10.6519)
    913 (7.81014, 13.2413) -> 4093 (5.88593, 13.301)
    914 (13.9721, -8.39946) -> 1772 (12.5679, -7.26938)
    915 (15.9175, 24.832) -> 4869 (15.1821, 24.4585)
    916 (18.366, -5.77842) -> 4048 (17.3882, -4.21948)
    917 (18.0542, 24.1973) -> 4347 (16.1563, 23.7377)
    918 (6.73565, -9.9167) -> 4605 (5.04265, -10.6968)
    919 (9.93993, -0.0646597) -> 3437 (8.29479, -0.772865)
    920 (15.0391, 5.31693) -> 3659 (13.5159, 4.24518)
    921 (14.7344, -0.882569) -> 3721 (13.0506, -0.655411)
    922 (24.7052, -21.4656) -> 4305 (22.8577, -21.8947)
    923 (11.8874, 19.4075) -> 3964 (10.1485, 19.6963)
    924 (1.76766, -5.22302) -> 4377 (0.797094, -4.15785)
    925 (21.0064, -17.0951) -> 4557 (19.4372, -17.2141)
    926 (9.97731, 1.32928) -> 3331 (8.38238, 1.50582)
    927 (4.66108, -22.392) -> 4249 (4.86581, -20.4352)
    928 (6.83735, -3.40325) -> 4868 (4.92446, -3.66779)
    929 (2.50133, 7.31374) -> 2765 (1.63632, 9.03759)
    930 (16.1851, -22.679) -> 4171 (15.1187, -21.7029)
    931 (2.71688, 16.2933) -> 3807 (1.09344, 16.1533)
    932 (11.723, -22.3256) -> 4604 (10.4063, -20.893)
    933 (3.08035, -8.26746) -> 2993 (1.37132, -7.72838)
    934 (2.17086, 10.5465) -> 3355 (0.462624, 11.5253)
    935 (7.76448, 10.1629) -> 3941 (6.06338, 9.38454)
    936 (5.31588, -10.0459) -> 3769 (3.56567, -9.38038)
    937 (17.5998, -22.6044) -> 4498 (16.4697, -21.3944)
    938 (11.0026, 19.5127) -> 3594 (9.26565, 19.2119)
    939 (9.45449, -1.55763) -> 4673 (8.02472, -0.868234)
    940 (12.9016, -9.36368) -> 3426 (11.2045, -8.73486)
    941 (20.1569, -1.61031) -> 3579 (18.2555, -1.19417)
    942 (1.22117, -17.6931) -> 4758 (2.87597, -16.7197)
    943 (18.9791, -7.02881) -> 4523 (17.749, -7.71292)
    944 (21.3628, -12.1232) -> 4500 (19.4085, -11.8223)
    945 (1.79834, -21.6275) -> 3108 (2.53249, -19.9258)
    946 (11.8521, -0.857013) -> 3884 (10.3504, -0.435196)
    947 (20.0324, -1.46464) -> 3579 (18.2555, -1.19417)
    948 (16.7492, -18.8097) -> 4244 (15.7443, -17.9011)
    949 (6.4027, -13.5098) -> 3363 (4.7328, -12.5365)
    950 (20.4251, 2.19225) -> 4807 (18.6407, 2.38247)
    951 (10.4853, -5.21339) -> 2950 (8.99608, -4.74977)
    952 (24.9546, 10.1073) -> 3180 (23.141, 9.734)
    953 (10.9048, 6.326) -> 4659 (9.57691, 4.90716)
    954 (23.4777, -17.3418) -> 4629 (23.0105, -19.2304)
    955 (12.5205, 4.65746) -> 2878 (10.6868, 4.29061)
    956 (17.1244, -11.9761) -> 4607 (15.532, -11.1691)
    957 (12.8299, -3.93749) -> 4404 (10.8653, -4.27101)
    958 (24.4671, -0.944724) -> 4326 (23.0462, -1.34809)
    959 (16.6906, 2.09664) -> 4414 (14.9621, 1.33252)
    960 (7.60927, -22.4982) -> 4691 (6.53165, -23.2749)
    961 (17.3622, 17.9826) -> 4062 (15.706, 17.8373)
    962 (5.51418, -13.411) -> 4376 (4.3615, -12.4867)
    963 (14.7406, 20.7494) -> 3469 (13.2594, 20.2748)
    964 (22.359, 5.57717) -> 4987 (20.5915, 4.96055)
    965 (19.5008, -19.0936) -> 4557 (19.4372, -17.2141)
    966 (17.6152, -16.8826) -> 4865 (16.6235, -15.1492)
    967 (15.1037, 0.934088) -> 4647 (13.9366, -0.656468)
    968 (2.21096, 0.698467) -> 4033 (1.03556, 2.26867)
    969 (0.138734, -16.1598) -> 4697 (1.33167, -14.7752)
    970 (11.1172, -2.64785) -> 1779 (10.3436, -1.07507)
    971 (4.36981, -1.03694) -> 4126 (2.91051, -0.0550291)
    972 (21.6368, -18.4409) -> 4161 (20.2412, -19.781)
    973 (7.19392, 0.616348) -> 2751 (5.63875, 1.63737)
    974 (18.9616, -10.9186) -> 4598 (17.4288, -11.6972)
    975 (19.5378, -20.9708) -> 3154 (18.0871, -19.6321)
    976 (15.9425, 4.9604) -> 4802 (14.2319, 4.11567)
    977 (2.76509, -7.50231) -> 4994 (3.27264, -5.80851)
    978 (5.31717, -23.916) -> 4486 (4.04798, -22.8306)
    979 (10.9691, 20.3385) -> 2790 (9.03492, 20.6209)
    980 (13.4231, -8.3904) -> 4465 (12.0781, -7.42671)
    981 (15.2201, 18.0827) -> 4375 (13.5629, 18.5468)
    982 (19.4359, 14.4487) -> 4099 (21.3779, 14.7259)
    983 (6.62192, -4.91478) -> 3808 (5.07554, -4.26165)
    984 (2.05933, 20.6875) -> 3848 (0.592803, 19.5368)
    985 (4.84243, -0.972538) -> 4040 (3.09445, -0.290745)
    986 (14.7855, 11.6914) -> 3700 (15.913, 10.0573)
    987 (7.2357, 7.09748) -> 4185 (5.58197, 7.83999)
    988 (4.70668, 20.5965) -> 4258 (3.41975, 19.291)
    989 (12.223, -20.6157) -> 3615 (10.4746, -20.0153)
    990 (5.4142, 4.90374) -> 2625 (3.69579, 4.63485)
    991 (4.20902, -6.13812) -> 3772 (2.68174, -4.91766)
    992 (15.6728, -1.58572) -> 4647 (13.9366, -0.656468)
    993 (4.20375, 10.6081) -> 1373 (3.28035, 12.1822)
    994 (12.4159, -2.60098) -> 3596 (10.7271, -2.45828)
    995 (10.5925, -15.3266) -> 3707 (9.30314, -14.4653)
    996 (24.6939, -5.40144) -> 4757 (23.1224, -6.21105)
    997 (13.5228, -23.2708) -> 3805 (11.6659, -23.0043)
    998 (22.3648, -11.1958) -> 3725 (21.0058, -9.76882)
    999 (3.28021, 11.4447) -> 2470 (1.58042, 12.0103)
    1000 (15.0836, 12.5077) -> 4103 (16.5584, 11.1738)
    1001 (17.8357, -19.5182) -> 4833 (17.6805, -17.6973)
    1002 (10.8288, -13.4501) -> 4362 (9.75174, -12.3544)
    1003 (24.0094, 10.0327) -> 2550 (23.4239, 8.71723)
    1004 (16.111, 22.6807) -> 4686 (14.6852, 22.4722)
    1005 (14.979, 9.91694) -> 1811 (15.3554, 8.03365)
    1006 (10.6724, 7.60022) -> 4585 (10.0639, 6.17968)
    1007 (9.5109, -4.21391) -> 3640 (7.7019, -3.57858)
    1008 (18.9973, 10.8662) -> 3842 (19.5648, 9.05011)
    1009 (4.20561, 15.9334) -> 2984 (2.56304, 15.8109)
    1010 (4.50338, 15.428) -> 2984 (2.56304, 15.8109)
    1011 (3.79931, -15.3283) -> 4665 (4.6233, -13.595)
    1012 (2.58425, 23.7749) -> 3471 (1.23174, 23.0138)
    1013 (7.30508, -17.9502) -> 4437 (8.23494, -16.6439)
    1014 (20.0604, -21.9003) -> 3227 (18.4486, -21.3773)
    1015 (5.51012, 10.2665) -> 3464 (3.58264, 10.1778)
    1016 (9.86709, 18.2703) -> 4195 (8.64596, 18.5335)
    1017 (8.07981, 24.6701) -> 3874 (6.96951, 23.1131)
    1018 (20.4173, -0.63589) -> 4091 (19.6665, -2.43241)
    1019 (20.7361, -2.51485) -> 4039 (20.5942, -4.41217)
    1020 (12.5953, -18.8172) -> 4474 (11.0985, -18.4325)
    1021 (21.6587, 17.797) -> 4416 (22.3288, 16.1456)
    1022 (11.8086, -1.42969) -> 3884 (10.3504, -0.435196)
    1023 (2.18386, 8.57197) -> 2729 (1.54223, 10.3104)
    1024 (12.6002, -12.621) -> 2257 (11.4457, -11.0381)
    1025 (16.6521, 19.5785) -> 870 (14.8538, 19.3781)
    1026 (8.78078, -5.6362) -> 4189 (6.9466, -5.36667)
    1027 (18.8477, -2.26076) -> 4250 (17.9988, -3.97385)
    1028 (5.66355, -3.60569) -> 3440 (3.94354, -2.76683)
    1029 (12.0559, -18.18) -> 4836 (11.301, -16.5574)
    1030 (23.5593, 18.5803) -> 4370 (23.7884, 17.0375)
    1031 (21.4231, 13.2761) -> 2704 (22.5857, 11.7871)
    1032 (22.4713, -12.9928) -> 3714 (20.6641, -12.3208)
    1033 (1.5713, -0.887295) -> 2352 (1.32496, 0.961294)
    1034 (1.68739, 2.22901) -> 2283 (1.24414, 4.10469)
    1035 (22.8606, 3.83302) -> 4787 (22.6733, 1.98721)
    1036 (14.6674, -1.04128) -> 3721 (13.0506, -0.655411)
    1037 (18.8352, 3.98857) -> 4807 (18.6407, 2.38247)
    1038 (24.3329, -2.99772) -> 4394 (24.4867, -4.94759)
    1039 (8.90106, -13.0051) -> 4449 (7.10873, -13.8192)
    1040 (4.73333, -11.8983) -> 3971 (3.93156, -10.2977)
    1041 (3.18299, 2.69167) -> 2854 (3.93435, 4.43798)
    1042 (23.6257, -23.5277) -> 4305 (22.8577, -21.8947)
    1043 (0.490789, -24.5862) -> 4106 (0.0903447, -22.6565)
    1044 (12.8656, -12.5942) -> 4897 (11.4895, -11.3628)
    1045 (20.3209, -22.2632) -> 4576 (19.4814, -20.4842)
    1046 (6.39937, 5.98205) -> 2164 (5.98576, 7.85585)
    1047 (5.11937, 20.5772) -> 4429 (4.17874, 19.4475)
    1048 (4.44327, 6.83983) -> 4145 (3.25836, 8.42134)
    1049 (4.59336, -8.43076) -> 4527 (3.10311, -7.24404)
    1050 (12.5053, 22.9464) -> 4644 (10.8892, 22.4985)
    1051 (21.5788, -15.7006) -> 3834 (20.1776, -14.5502)
    1052 (2.40445, -16.1595) -> 4617 (3.10117, -14.5328)
    1053 (21.1391, 18.6332) -> 4352 (21.5681, 17.1463)
    1054 (5.75476, 24.7115) -> 4969 (6.02399, 23.4589)
    1055 (20.8045, -21.2482) -> 4576 (19.4814, -20.4842)
    1056 (8.56966, 15.9292) -> 3519 (7.29746, 16.903)
    1057 (10.8336, 18.3244) -> 2890 (9.41242, 19.049)
    1058 (19.7189, -22.7981) -> 3227 (18.4486, -21.3773)
    1059 (9.44823, 4.46481) -> 2199 (7.68854, 4.79224)
    1060 (7.2002, -23.1461) -> 4918 (5.53671, -23.0209)
    1061 (1.62349, -15.3997) -> 4617 (3.10117, -14.5328)
    1062 (22.7627, 23.3687) -> 4709 (22.0262, 22.1525)
    1063 (23.9204, -4.58436) -> 4757 (23.1224, -6.21105)
    1064 (11.0992, -5.15585) -> 3202 (9.53303, -5.84621)
    1065 (22.608, -8.13191) -> 3688 (21.3135, -6.62354)
    1066 (1.79003, -5.57408) -> 4377 (0.797094, -4.15785)
    1067 (13.2694, -24.9815) -> 4884 (13.0748, -23.0059)
    1068 (17.8931, 15.9953) -> 3520 (19.6223, 15.9245)
    1069 (15.8902, -4.69929) -> 4274 (14.1449, -3.92449)
    1070 (6.56245, 3.9534) -> 2800 (5.24465, 5.41393)
    1071 (11.1564, 16.9444) -> 4226 (9.70534, 18.0589)
    1072 (7.8274, 4.70135) -> 3547 (6.61721, 5.96515)
    1073 (10.4715, -24.5107) -> 4302 (10.6387, -22.9598)
    1074 (17.6249, -2.97401) -> 1759 (16.6569, -4.4583)
    1075 (24.3714, -10.1088) -> 4793 (23.34, -11.4647)
    1076 (10.5785, -24.5795) -> 4302 (10.6387, -22.9598)
    1077 (17.6684, -8.65013) -> 4933 (15.7328, -8.90294)
    1078 (21.1819, -22.3353) -> 3601 (19.4644, -21.8426)
    1079 (20.7493, 20.8459) -> 3789 (21.3091, 18.9467)
    1080 (3.54043, 2.36276) -> 2515 (2.1198, 3.55209)
    1081 (10.612, 3.44009) -> 2716 (8.8595, 2.71054)
    1082 (24.0888, 7.5817) -> 2459 (23.9451, 5.8978)
    1083 (20.6255, -3.676) -> 4995 (19.8962, -5.16392)
    1084 (9.83466, -12.9255) -> 3976 (9.28748, -11.147)
    1085 (3.98467, 22.9506) -> 4151 (3.01896, 21.3808)
    1086 (20.015, 8.31596) -> 4740 (19.1871, 6.60861)
    1087 (19.1122, -4.23145) -> 4048 (17.3882, -4.21948)
    1088 (12.8952, -17.2971) -> 4836 (11.301, -16.5574)
    1089 (15.3731, -5.23147) -> 4274 (14.1449, -3.92449)
    1090 (20.3366, -4.07029) -> 3238 (18.5392, -3.84228)
    1091 (9.53073, 2.40054) -> 3331 (8.38238, 1.50582)
    1092 (19.116, -17.1103) -> 4833 (17.6805, -17.6973)
    1093 (4.04627, 5.9654) -> 3537 (3.05294, 7.61673)
    1094 (23.0792, -3.63834) -> 4964 (21.5992, -3.29105)
    1095 (22.1218, 6.39865) -> 2147 (23.3829, 4.85099)
    1096 (7.46363, 19.4527) -> 2836 (5.73943, 18.6084)
    1097 (18.1578, 22.8388) -> 4176 (16.82, 21.4405)
    1098 (14.523, -0.311256) -> 3721 (13.0506, -0.655411)
    1099 (24.8679, 20.1606) -> 4241 (23.8481, 18.5601)
    1100 (5.63901, 19.1925) -> 4429 (4.17874, 19.4475)
    1101 (24.7123, 0.462991) -> 4616 (23.0624, -0.597868)
    1102 (5.94925, 10.9313) -> 2776 (4.33281, 11.8665)
    1103 (9.47771, -4.92184) -> 2220 (7.84075, -6.03225)
    1104 (7.34842, 16.0316) -> 3942 (5.70767, 16.5476)
    1105 (11.1056, -18.9354) -> 4745 (9.31149, -18.0921)
    1106 (19.5437, -20.7916) -> 3154 (18.0871, -19.6321)
    1107 (7.86629, 24.8198) -> 3125 (6.28612, 24.6966)
    1108 (21.6868, 19.5892) -> 4212 (22.5746, 18.1901)
    1109 (11.8877, 4.56145) -> 3928 (10.1191, 3.89394)
    1110 (3.63391, -24.4429) -> 4486 (4.04798, -22.8306)
    1111 (23.1184, 10.4444) -> 2550 (23.4239, 8.71723)
    1112 (20.71, -9.69859) -> 4568 (18.854, -9.84232)
    1113 (5.35696, -4.90509) -> 4150 (3.86398, -4.48943)
    1114 (20.5044, 5.63856) -> 4543 (19.9736, 4.11705)
    1115 (19.852, 10.7472) -> 3842 (19.5648, 9.05011)
    1116 (9.55843, -13.3774) -> 3731 (8.05164, -12.1218)
    1117 (1.41721, -21.8144) -> 4084 (1.19651, -20.204)
    1118 (23.5659, -4.128) -> 4514 (21.8555, -3.70404)
    1119 (10.9086, -23.1606) -> 4124 (10.1925, -21.3507)
    1120 (24.1868, -13.8553) -> 4298 (22.21, -13.6539)
    1121 (8.71393, 9.39188) -> 2401 (7.91756, 8.00651)
    1122 (21.5443, -15.6262) -> 3834 (20.1776, -14.5502)
    1123 (5.95787, 6.2723) -> 4752 (4.5669, 7.26175)
    1124 (3.68186, 13.7857) -> 3505 (2.65631, 15.0772)
    1125 (3.4557, -5.45883) -> 4150 (3.86398, -4.48943)
    1126 (22.5258, -12.0356) -> 4656 (20.6703, -12.751)
    1127 (0.359289, 15.0382) -> 0 (1, 15)
    1128 (21.5842, -16.2068) -> 4342 (20.3877, -15.6785)
    1129 (13.6839, 17.3279) -> 4642 (11.8553, 17.7059)
    1130 (4.1795, -4.55273) -> 3652 (3.3171, -2.86039)
    1131 (6.48383, -0.696129) -> 2506 (4.89897, 0.0792116)
    1132 (4.92044, 23.7513) -> 3277 (4.7361, 21.7931)
    1133 (22.6427, 10.1973) -> 2550 (23.4239, 8.71723)
    1134 (22.388, 9.20921) -> 3957 (21.4637, 7.78735)
    1135 (23.487, 22.5408) -> 4842 (23.5211, 20.6225)
    1136 (23.5932, -1.1613) -> 4715 (23.2769, -2.9182)
    1137 (3.70968, 3.55067) -> 2346 (2.84199, 4.35971)
    1138 (23.0761, 9.861) -> 2911 (21.7811, 8.52844)
    1139 (8.23673, 1.09809) -> 3135 (7.37632, 2.44055)
    1140 (17.743, 24.5093) -> 4914 (16.9574, 24.8298)
    1141 (15.228, -12.8064) -> 4104 (13.5854, -12.3938)
    1142 (8.81103, 8.70185) -> 4830 (7.25634, 7.89701)
    1143 (17.3112, -23.8181) -> 4368 (17.2135, -21.9049)
    1144 (22.4006, 5.31306) -> 4987 (20.5915, 4.96055)
    1145 (3.19376, -9.15636) -> 4527 (3.10311, -7.24404)
    1146 (12.8697, -0.595532) -> 857 (11.0771, -0.381832)
    1147 (21.344, 18.8943) -> 4352 (21.5681, 17.1463)
    1148 (6.83674, 3.82852) -> 4900 (5.07224, 3.12678)
    1149 (23.2007, -3.77325) -> 4964 (21.5992, -3.29105)
    1150 (17.4829, -6.03995) -> 3155 (15.6997, -6.07522)
    1151 (17.7048, 10.4261) -> 3148 (17.7349, 8.54361)
    1152 (6.19972, 9.79411) -> 3908 (4.42532, 10.6133)
    1153 (9.12399, -12.376) -> 4464 (8.36445, -10.8885)
    1154 (15.5059, -19.933) -> 4050 (15.0528, -18.6479)
    1155 (8.52703, -19.2978) -> 2701 (7.15203, -17.892)
    1156 (24.8052, -17.3155) -> 4381 (22.8237, -17.3691)
    1157 (3.38841, 13.299) -> 2033 (2.06831, 14.2446)
    1158 (17.3281, -8.08577) -> 4933 (15.7328, -8.90294)
    1159 (0.203952, -14.3366) -> 4311 (1.25021, -12.9724)
    1160 (5.93263, -11.2364) -> 3598 (4.1614, -10.5143)
    1161 (5.13775, -23.2873) -> 4691 (6.53165, -23.2749)
    1162 (2.80024, -21.2834) -> 3795 (3.20868, -19.8097)
    1163 (22.3628, 13.4004) -> 4862 (22.8459, 11.723)
    1164 (14.7775, -24.3188) -> 4775 (14.9436, -22.4333)
    1165 (18.5509, -6.01295) -> 4523 (17.749, -7.71292)
    1166 (0.448424, -10.6517) -> 4524 (1.35674, -9.65064)
    1167 (7.32517, -14.3716) -> 4522 (6.083, -13.2134)
    1168 (21.2489, -0.116705) -> 4122 (20.0051, -1.44954)
    1169 (24.0164, -12.0222) -> 4822 (22.3653, -12.1006)
    1170 (1.26076, 3.06806) -> 4806 (0.589443, 4.64696)
    1171 (14.091, 1.31385) -> 4647 (13.9366, -0.656468)
    1172 (7.3464, 8.41386) -> 4185 (5.58197, 7.83999)
    1173 (23.5282, -15.5615) -> 4705 (23.2099, -13.6527)
    1174 (2.20153, 21.9715) -> 4295 (0.943696, 20.6009)
    1175 (24.7802, -24.5389) -> 4948 (23.7783, -23.4927)
    1176 (2.613, 1.95985) -> 3224 (1.02496, 2.41447)
    1177 (6.37333, 9.15875) -> 3647 (4.55758, 9.98207)
    1178 (4.24587, -16.668) -> 4076 (4.72368, -15.1389)
    1179 (10.3674, -7.08975) -> 3549 (8.48498, -7.12496)
    1180 (14.324, -18.0888) -> 4535 (12.5194, -17.6611)
    1181 (2.77187, 14.3832) -> 0 (1, 15)
    1182 (12.1894, 20.4514) -> 3727 (10.7448, 20.4465)
    1183 (24.1809, -9.63777) -> 4558 (22.731, -9.5924)
    1184 (6.12314, -13.7408) -> 4236 (5.86094, -11.882)
    1185 (11.9128, -21.8258) -> 4604 (10.4063, -20.893)
    1186 (16.6683, -2.09734) -> 3458 (15.4985, -1.16677)
    1187 (17.4648, -24.2525) -> 4980 (16.7874, -22.8709)
    1188 (18.3092, 11.0607) -> 4525 (19.4218, 9.49423)
    1189 (18.1049, -10.7174) -> 3459 (16.1684, -10.2607)
    1190 (4.7402, 16.667) -> 850 (3.13979, 15.7317)
    1191 (1.37259, -8.16483) -> 4527 (3.10311, -7.24404)
    1192 (24.5814, 18.8267) -> 4370 (23.7884, 17.0375)
    1193 (10.8497, 19.5829) -> 3594 (9.26565, 19.2119)
    1194 (9.81949, 5.33224) -> 2157 (8.29283, 4.26215)
    1195 (11.6383, 1.25909) -> 4731 (9.76439, 1.25604)
    1196 (23.0375, 22.9035) -> 3072 (22.9472, 20.9108)
    1197 (12.834, -6.18354) -> 4465 (12.0781, -7.42671)
    1198 (9.75591, -4.86631) -> 2989 (9.16076, -3.11381)
    1199 (7.8798, 4.66203) -> 3547 (6.61721, 5.96515)
    1200 (0.909445, -6.74104) -> 3623 (0.861025, -4.947)
    1201 (16.0179, -4.06223) -> 4274 (14.1449, -3.92449)
    1202 (12.8962, 7.86335) -> 2885 (11.874, 6.39713)
    1203 (2.52976, 9.62446) -> 628 (2.41039, 11.6084)
    1204 (19.5006, 3.13574) -> 4807 (18.6407, 2.38247)
    1205 (2.65519, -12.9176) -> 4841 (3.74825, -12.3177)
    1206 (16.5703, 17.7673) -> 3705 (15.157, 18.4584)
    1207 (5.3363, -1.48547) -> 4738 (3.61253, -0.545802)
    1208 (12.9159, -20.7367) -> 3818 (11.3395, -19.6388)
    1209 (12.2866, -23.0739) -> 4263 (12.6493, -21.1175)
    1210 (15.4782, 24.1528) -> 4615 (14.1992, 23.9578)
    1211 (10.4573, 21.2384) -> 4704 (8.84175, 21.5353)
    1212 (19.6697, -0.922141) -> 4091 (19.6665, -2.43241)
    1213 (18.6927, 17.2807) -> 2839 (20.6434, 17.047)
    1214 (18.0446, -14.7912) -> 4620 (16.202, -15.1413)
    1215 (4.13121, 21.2939) -> 4429 (4.17874, 19.4475)
    1216 (2.89528, -24.1438) -> 4486 (4.04798, -22.8306)
    1217 (20.3137, 19.0988) -> 3077 (22.1907, 18.9172)
    1218 (23.6515, 9.44784) -> 4466 (24.869, 7.89657)
    1219 (9.43227, -0.37285) -> 4941 (7.59365, -0.473681)
    1220 (21.7227, 20.4921) -> 2386 (21.9351, 18.6828)
    1221 (10.6087, -2.1613) -> 3317 (8.73291, -2.36887)
    1222 (11.6722, 16.3201) -> 2978 (10.4684, 17.5438)
    1223 (9.67637, -5.86938) -> 4433 (8.54783, -4.70173)
    1224 (12.9218, -9.59476) -> 3426 (11.2045, -8.73486)
    1225 (15.6373, 24.0931) -> 4461 (14.2662, 23.9609)
    1226 (1.8286, -4.46465) -> 2741 (0.780979, -2.82392)
    1227 (6.09424, 24.162) -> 4864 (4.82647, 22.8363)
    1228 (0.211743, -21.4727) -> 4520 (2.0938, -21.8662)
    1229 (19.2061, -14.9353) -> 3887 (17.7812, -15.3213)
    1230 (11.2204, 3.04977) -> 4240 (9.50992, 2.44397)
    1231 (7.10151, 6.37452) -> 2164 (5.98576, 7.85585)
    1232 (8.08699, -22.1847) -> 4309 (9.12034, -20.5494)
    1233 (0.16954, -10.8981) -> 4524 (1.35674, -9.65064)
    1234 (11.1143, -16.3436) -> 4297 (9.78889, -15.2168)
    1235 (14.1231, -6.405) -> 2831 (12.2764, -6.1269)
    1236 (22.7534, 9.50241) -> 4938 (21.4762, 8.18464)
    1237 (13.0386, -0.300331) -> 4586 (12.0826, -1.84258)
    1238 (18.8428, -17.7703) -> 4331 (17.5598, -18.4484)
    1239 (7.03357, -9.02643) -> 1926 (5.82866, -7.65395)
    1240 (22.302, -12.1446) -> 4656 (20.6703, -12.751)
    1241 (16.0941, 23.1253) -> 4686 (14.6852, 22.4722)
    1242 (2.78076, -11.5324) -> 4608 (1.03957, -11.3818)
    1243 (7.53965, 7.65427) -> 4185 (5.58197, 7.83999)
    1244 (16.6792, -0.215909) -> 3458 (15.4985, -1.16677)
    1245 (16.5679, -24.875) -> 4304 (16.5627, -23.5278)
    1246 (8.5868, -10.6555) -> 4401 (7.01688, -9.43146)
    1247 (23.8141, -17.5375) -> 4629 (23.0105, -19.2304)
    1248 (14.8847, 21.274) -> 3469 (13.2594, 20.2748)
    1249 (15.9398, 4.7252) -> 4802 (14.2319, 4.11567)
    1250 (13.5969, -20.951) -> 4197 (12.4796, -19.5347)
    1251 (23.8277, -19.169) -> 2863 (22.3931, -18.795)
    1252 (4.04194, 21.7872) -> 4551 (3.77756, 20.5271)
    1253 (20.0771, 10.65) -> 3842 (19.5648, 9.05011)
    1254 (20.5892, 15.8095) -> 4260 (22.3392, 14.9422)
    1255 (15.3001, -14.6486) -> 4177 (13.5272, -14.6408)
    1256 (6.57745, 2.69816) -> 3228 (4.76463, 2.92439)
    1257 (3.68634, 24.3364) -> 4340 (2.64589, 22.8972)
    1258 (11.188, -11.5805) -> 3726 (9.44808, -10.8594)
    1259 (0.449192, -19.9537) -> 4770 (1.28257, -18.3391)
    1260 (11.8362, -18.9664) -> 4755 (10.4932, -17.7396)
    1261 (21.0592, 6.48584) -> 4987 (20.5915, 4.96055)
    1262 (20.4133, -18.9558) -> 4557 (19.4372, -17.2141)
    1263 (1.52575, -2.91987) -> 3627 (1.33318, -1.1147)
    1264 (16.3868, 18.8499) -> 3062 (14.7809, 19.1045)
    1265 (1.31018, -7.68821) -> 3407 (0.506165, -6.00049)
    1266 (22.5052, 3.93558) -> 3581 (20.6052, 3.58533)
    1267 (2.18007, -17.1966) -> 4804 (3.43757, -16.4381)
    1268 (19.2971, 23.0002) -> 3954 (17.8548, 22.5489)
    1269 (5.26352, -15.761) -> 4804 (3.43757, -16.4381)
    1270 (6.43958, -2.66138) -> 4111 (5.14943, -1.35162)
    1271 (1.04356, -12.0879) -> 3498 (1.20027, -10.2072)
    1272 (6.27969, 6.73923) -> 1048 (4.44327, 6.83983)
    1273 (22.5699, -16.5819) -> 4763 (23.3473, -14.8405)
    1274 (3.36015, 15.0189) -> 3278 (2.08078, 15.7003)
    1275 (13.452, -23.6545) -> 3805 (11.6659, -23.0043)
    1276 (12.2359, 18.4909) -> 4947 (10.5312, 19.2752)
    1277 (22.8347, -7.81804) -> 3839 (21.1537, -7.28301)
    1278 (18.6981, 0.330378) -> 4602 (17.3814, -0.770089)
    1279 (17.6828, -14.3705) -> 4222 (15.6886, -14.4396)
    1280 (23.6677, 20.477) -> 3847 (24.6354, 19.2366)
    1281 (2.14072, 9.35863) -> 2687 (0.720198, 10.7456)
    1282 (23.5239, -13.165) -> 4763 (23.3473, -14.8405)
    1283 (12.9801, -0.863314) -> 857 (11.0771, -0.381832)
    1284 (12.9361, -11.2185) -> 3434 (11.3524, -10.861)
    1285 (6.30608, 21.8246) -> 3955 (5.81598, 20.2182)
    1286 (19.2765, 23.0869) -> 3954 (17.8548, 22.5489)
    1287 (0.018069, -5.54958) -> 4357 (1.58069, -4.56045)
    1288 (10.4347, 19.5091) -> 1408 (8.92729, 19.5901)
    1289 (4.58716, -11.752) -> 3971 (3.93156, -10.2977)
    1290 (2.76098, 11.3126) -> 744 (1.28988, 12.1751)
    1291 (16.5816, -13.8958) -> 4898 (15.1089, -12.8753)
    1292 (21.2063, 16.8212) -> 4402 (22.3462, 15.4138)
    1293 (3.57882, 17.9649) -> 911 (1.99135, 17.2797)
    1294 (7.00948, 5.4558) -> 2800 (5.24465, 5.41393)
    1295 (19.5746, 24.3003) -> 4963 (18.3061, 23.958)
    1296 (24.5268, 13.7015) -> 4119 (24.9861, 11.8293)
    1297 (6.15955, -6.91544) -> 4637 (5.14172, -5.32614)
    1298 (22.611, 13.1245) -> 4862 (22.8459, 11.723)
    1299 (1.98034, 24.3338) -> 3471 (1.23174, 23.0138)
    1300 (6.13469, -8.44654) -> 4128 (4.68948, -7.8288)
    1301 (12.4302, -16.9691) -> 4817 (11.2681, -15.753)
    1302 (1.08805, 23.2362) -> 4961 (1.72572, 21.6179)
    1303 (21.3304, -12.7042) -> 4645 (19.7823, -13.4613)
    1304 (20.1377, -17.3449) -> 4920 (19.0771, -15.6503)
    1305 (22.3135, -16.1041) -> 4342 (20.3877, -15.6785)
    1306 (17.226, 20.6008) -> 4619 (15.7784, 21.3939)
    1307 (15.3618, -13.7189) -> 4209 (13.419, -14.0748)
    1308 (22.741, -19.8789) -> 4266 (20.7814, -19.8793)
    1309 (24.3003, -18.7) -> 4381 (22.8237, -17.3691)
    1310 (5.37607, -23.6164) -> 4486 (4.04798, -22.8306)
    1311 (14.4848, -19.735) -> 4534 (12.647, -19.3358)
    1312 (18.4003, -12.0391) -> 3538 (16.6115, -12.1571)
    1313 (4.40037, 1.01199) -> 4939 (3.46332, 2.49528)
    1314 (12.06, -13.3987) -> 3015 (10.5145, -12.1696)
    1315 (11.6195, -18.9776) -> 4531 (9.81906, -18.4741)
    1316 (17.222, -0.324853) -> 3458 (15.4985, -1.16677)
    1317 (22.4981, 8.31066) -> 3694 (23.5276, 6.82154)
    1318 (2.00434, 4.02575) -> 2895 (1.91752, 5.8973)
    1319 (15.6231, 12.7568) -> 4103 (16.5584, 11.1738)
    1320 (10.3905, 24.5043) -> 2480 (8.65611, 24.4641)
    1321 (4.45962, 2.92513) -> 2625 (3.69579, 4.63485)
    1322 (8.9348, 7.57602) -> 2735 (7.37332, 7.17153)
    1323 (4.1262, 1.36348) -> 2844 (2.42695, 0.430136)
    1324 (11.5055, -18.4637) -> 4531 (9.81906, -18.4741)
    1325 (13.7564, -18.1389) -> 4913 (12.5457, -17.0432)
    1326 (17.649, -21.5658) -> 4580 (16.3708, -20.6875)
    1327 (17.3758, 6.41371) -> 2662 (16.6095, 4.58903)
    1328 (11.0084, -21.4378) -> 3774 (11.5503, -19.5644)
    1329 (10.1848, 2.57531) -> 4790 (8.58134, 1.86366)
    1330 (13.8978, 1.14382) -> 3923 (12.065, 1.27713)
    1331 (2.15507, -19.0572) -> 4480 (1.34155, -17.2459)
    1332 (19.4024, -1.90301) -> 4315 (18.6603, -3.14745)
    1333 (17.8069, -0.828942) -> 4086 (16.195, -1.41026)
    1334 (2.27302, -17.8775) -> 4804 (3.43757, -16.4381)
    1335 (3.40516, -7.52787) -> 4994 (3.27264, -5.80851)
    1336 (1.00303, -3.3303) -> 3117 (1.48211, -1.47099)
    1337 (7.15577, -6.94632) -> 4279 (6.05282, -5.71195)
    1338 (2.52072, -20.374) -> 3358 (4.25917, -19.7877)
    1339 (7.88741, -14.148) -> 4986 (7.68282, -12.386)
    1340 (12.8047, 2.77697) -> 4300 (11.3558, 1.79722)
    1341 (19.1078, -2.69445) -> 4250 (17.9988, -3.97385)
    1342 (0.301531, 2.39194) -> 4052 (0.381545, 4.28708)
    1343 (23.8247, 16.8953) -> 3948 (23.6273, 15.3198)
    1344 (23.9045, -20.8775) -> 4629 (23.0105, -19.2304)
    1345 (7.6996, -24.3284) -> 4691 (6.53165, -23.2749)
    1346 (13.0258, -14.4207) -> 3683 (11.546, -13.1294)
    1347 (1.53949, -10.607) -> 2897 (1.10691, -9.52766)
    1348 (24.484, 21.734) -> 4842 (23.5211, 20.6225)
    1349 (0.865636, 18.9216) -> 3582 (0.245202, 17.5639)
    1350 (6.00813, 3.51855) -> 2983 (4.42229, 4.54101)
    1351 (23.253, -8.08958) -> 4493 (21.5283, -7.82737)
    1352 (21.9891, 18.5527) -> 3033 (23.2312, 17.3075)
    1353 (18.6374, -10.3139) -> 4351 (16.6936, -10.2424)
    1354 (12.6759, 23.5955) -> 4571 (11.6663, 23.5494)
    1355 (10.2878, 17.9495) -> 4815 (8.65668, 18.159)
    1356 (4.40595, 11.9733) -> 1689 (2.69753, 12.7389)
    1357 (7.49947, -24.719) -> 4691 (6.53165, -23.2749)
    1358 (18.8575, 23.2086) -> 4960 (17.3477, 22.2546)
    1359 (19.695, 3.36014) -> 2570 (18.0766, 2.3368)
    1360 (15.9664, -22.4528) -> 3717 (14.1585, -22.8348)
    1361 (23.4911, -13.8064) -> 4323 (21.9175, -13.8277)
    1362 (12.8363, 23.709) -> 4571 (11.6663, 23.5494)
    1363 (19.4348, -15.4579) -> 4332 (17.7505, -16.4788)
    1364 (12.118, -22.0341) -> 4302 (10.6387, -22.9598)
    1365 (21.4123, 21.9355) -> 4320 (20.7416, 21.3857)
    1366 (10.2245, -5.09483) -> 4433 (8.54783, -4.70173)
    1367 (20.1653, -1.23237) -> 3646 (18.9518, -2.24083)
    1368 (4.72763, -24.6028) -> 4486 (4.04798, -22.8306)
    1369 (1.61586, -0.204105) -> 3897 (2.98159, 0.807081)
    1370 (1.2736, 12.6263) -> 2032 (0.691741, 13.7392)
    1371 (0.728943, 19.49) -> 3582 (0.245202, 17.5639)
    1372 (9.6652, 4.11677) -> 1199 (7.8798, 4.66203)
    1373 (3.28035, 12.1822) -> 2227 (1.98789, 11.4755)
    1374 (12.0791, -24.146) -> 4302 (10.6387, -22.9598)
    1375 (22.0483, -14.1467) -> 4656 (20.6703, -12.751)
    1376 (6.1037, 17.5747) -> 2771 (4.35669, 17.2912)
    1377 (19.8047, 8.61646) -> 3959 (20.2333, 6.69788)
    1378 (14.1775, 0.791856) -> 3721 (13.0506, -0.655411)
    1379 (6.09668, 23.6434) -> 1893 (4.80269, 22.3042)
    1380 (2.90263, -5.25842) -> 4357 (1.58069, -4.56045)
    1381 (14.6287, -14.802) -> 4457 (14.5312, -13.0296)
    1382 (16.755, 18.5673) -> 3195 (15.1392, 18.9416)
    1383 (14.1443, 24.6414) -> 4703 (12.8324, 23.8522)
    1384 (9.05215, 9.17002) -> 2401 (7.91756, 8.00651)
    1385 (22.3818, -7.92757) -> 3688 (21.3135, -6.62354)
    1386 (4.21973, -12.4595) -> 3598 (4.1614, -10.5143)
    1387 (13.2981, -9.4775) -> 3051 (11.9797, -8.19007)
    1388 (5.79313, 2.72273) -> 3773 (4.02976, 3.3257)
    1389 (15.6553, 21.1103) -> 4548 (14.0111, 21.3867)
    1390 (1.20692, -1.08781) -> 2844 (2.42695, 0.430136)
    1391 (21.2291, -13.5898) -> 4666 (19.6784, -14.4495)
    1392 (18.7042, -23.8963) -> 3214 (17.2183, -23.0604)
    1393 (2.04211, 2.80844) -> 2283 (1.24414, 4.10469)
    1394 (18.5272, -10.527) -> 4598 (17.4288, -11.6972)
    1395 (11.7527, 4.55764) -> 3952 (9.86038, 3.99741)
    1396 (17.0903, -10.581) -> 4607 (15.532, -11.1691)
    1397 (18.5487, 8.66933) -> 2659 (18.3848, 6.82521)
    1398 (22.5057, 7.59145) -> 4851 (20.7143, 7.27178)
    1399 (3.85954, 15.84) -> 4761 (2.00128, 16.4693)
    1400 (2.67896, 3.77143) -> 2283 (1.24414, 4.10469)
    1401 (13.9035, -7.94885) -> 4465 (12.0781, -7.42671)
    1402 (22.9113, -16.693) -> 4387 (21.4988, -17.6699)
    1403 (14.0503, -19.4851) -> 4534 (12.647, -19.3358)
    1404 (12.1536, -17.5331) -> 4817 (11.2681, -15.753)
    1405 (5.2337, -10.3992) -> 3769 (3.56567, -9.38038)
    1406 (20.1298, 6.54103) -> 3086 (18.8806, 5.14672)
    1407 (6.9146, -10.1679) -> 3953 (4.97306, -9.70567)
    1408 (8.92729, 19.5901) -> 4424 (7.45064, 18.4182)
    1409 (6.72643, -13.7676) -> 4205 (5.87124, -12.452)
    1410 (17.1654, 18.7109) -> 4062 (15.706, 17.8373)
    1411 (2.9008, -14.9075) -> 4697 (1.33167, -14.7752)
    1412 (5.10343, -16.4966) -> 4804 (3.43757, -16.4381)
    1413 (14.8851, -6.04197) -> 4157 (13.1878, -6.87485)
    1414 (4.24275, -14.9305) -> 4665 (4.6233, -13.595)
    1415 (0.222397, -3.82268) -> 4275 (1.14991, -2.13021)
    1416 (9.96939, 9.7777) -> 3231 (8.74583, 8.56165)
    1417 (7.70192, -9.16763) -> 4834 (7.54053, -7.29475)
    1418 (21.0002, -24.9893) -> 4657 (19.7323, -23.84)
    1419 (22.0276, 12.5097) -> 4405 (22.9202, 11.0438)
    1420 (21.3248, 7.78838) -> 3959 (20.2333, 6.69788)
    1421 (1.66888, 13.8821) -> 0 (1, 15)
    1422 (10.275, -16.4499) -> 3413 (8.76569, -15.5087)
    1423 (18.2562, 6.59885) -> 4979 (16.4477, 6.01472)
    1424 (22.7159, 5.84514) -> 2566 (22.8709, 3.92792)
    1425 (6.4472, 23.9265) -> 4864 (4.82647, 22.8363)
    1426 (16.1092, 22.5494) -> 4686 (14.6852, 22.4722)
    1427 (8.64184, -14.0678) -> 4986 (7.68282, -12.386)
    1428 (21.2906, -16.5018) -> 4557 (19.4372, -17.2141)
    1429 (4.06156, -12.7443) -> 4434 (4.22309, -10.8684)
    1430 (15.6413, 7.91868) -> 40 (14.3649, 6.46967)
    1431 (18.6146, -0.352695) -> 4602 (17.3814, -0.770089)
    1432 (12.4552, -9.32804) -> 4203 (10.5153, -9.40112)
    1433 (10.8039, 2.38766) -> 4269 (9.07146, 1.67909)
    1434 (23.0895, 21.3517) -> 4718 (23.9365, 19.6462)
    1435 (24.5839, 15.607) -> 4285 (23.9454, 13.7658)
    1436 (2.98591, 4.47707) -> 2895 (1.91752, 5.8973)
    1437 (22.9245, 21.7449) -> 4996 (24.0463, 20.5641)
    1438 (18.9501, 19.8458) -> 4247 (17.6628, 19.5363)
    1439 (2.30778, -1.03275) -> 2365 (1.29897, 0.447401)
    1440 (21.8957, -4.98774) -> 4442 (20.5718, -6.39298)
    1441 (19.5053, -14.1189) -> 3137 (17.6269, -13.6387)
    1442 (2.28794, 2.19238) -> 4033 (1.03556, 2.26867)
    1443 (3.77841, 7.0763) -> 2108 (2.09746, 7.68879)
    1444 (23.2667, 12.2103) -> 3297 (23.915, 10.4201)
    1445 (18.2939, 1.19705) -> 4521 (16.6813, 2.34283)
    1446 (22.8715, -13.5983) -> 4915 (21.8475, -12.0433)
    1447 (1.94314, -22.3474) -> 4421 (0.475321, -21.3874)
    1448 (16.4993, 12.7047) -> 4193 (17.7114, 11.2584)
    1449 (20.7307, -21.915) -> 4576 (19.4814, -20.4842)
    1450 (0.634579, -4.6996) -> 2741 (0.780979, -2.82392)
    1451 (6.77167, 5.63913) -> 2250 (4.81397, 5.53536)
    1452 (23.1016, -8.43311) -> 483 (21.1337, -8.15603)
    1453 (13.0759, -13.4473) -> 3463 (11.2017, -12.9398)
    1454 (23.5526, 0.381949) -> 4326 (23.0462, -1.34809)
    1455 (23.5418, -10.834) -> 4822 (22.3653, -12.1006)
    1456 (6.55549, -16.0226) -> 3664 (4.87044, -15.8335)
    1457 (2.23293, 3.59388) -> 4052 (0.381545, 4.28708)
    1458 (8.3883, -14.6122) -> 4449 (7.10873, -13.8192)
    1459 (20.8683, 21.2199) -> 4912 (18.9319, 21.3952)
    1460 (23.2669, -22.7481) -> 4934 (21.5623, -22.3834)
    1461 (4.74114, -13.2918) -> 4841 (3.74825, -12.3177)
    1462 (8.75398, 8.0387) -> 2735 (7.37332, 7.17153)
    1463 (24.2806, 15.6447) -> 1830 (24.7022, 14.0351)
    1464 (1.07976, -15.8023) -> 2443 (1.88338, -14.27)
    1465 (13.0924, 3.93844) -> 4393 (11.6274, 2.67921)
    1466 (3.15996, -12.4559) -> 4434 (4.22309, -10.8684)
    1467 (23.1342, 19.3962) -> 3847 (24.6354, 19.2366)
    1468 (9.10269, -9.03897) -> 4009 (8.13967, -7.3532)
    1469 (2.43109, 2.6752) -> 2283 (1.24414, 4.10469)
    1470 (15.0226, 17.6523) -> 1863 (13.9949, 18.7063)
    1471 (1.31367, -24.6135) -> 4199 (0.344896, -23.0383)
    1472 (19.6458, -23.5532) -> 3601 (19.4644, -21.8426)
    1473 (5.79919, 9.21014) -> 3908 (4.42532, 10.6133)
    1474 (3.86044, 7.99856) -> 2108 (2.09746, 7.68879)
    1475 (12.6527, 2.59218) -> 4300 (11.3558, 1.79722)
    1476 (19.3194, -20.9946) -> 4528 (17.5116, -21.3939)
    1477 (9.3852, -4.81724) -> 2220 (7.84075, -6.03225)
    1478 (16.0361, 20.65) -> 3660 (15.0675, 20.7893)
    1479 (2.41376, -20.3086) -> 3358 (4.25917, -19.7877)
    1480 (2.04675, -11.7867) -> 3219 (3.02253, -10.1319)
    1481 (22.5568, 1.5794) -> 2523 (21.5702, 0.13976)
    1482 (18.3618, -19.7644) -> 3815 (16.5548, -19.7253)
    1483 (18.8463, -3.78747) -> 4048 (17.3882, -4.21948)
    1484 (2.23198, 8.31249) -> 2103 (2.10798, 10.0556)
    1485 (6.37472, -13.2154) -> 3363 (4.7328, -12.5365)
    1486 (12.9774, 21.0819) -> 2961 (11.3334, 20.3276)
    1487 (17.4766, -22.5275) -> 4498 (16.4697, -21.3944)
    1488 (9.68603, 23.0799) -> 4682 (7.95338, 22.1708)
    1489 (6.69036, 6.00701) -> 2164 (5.98576, 7.85585)
    1490 (17.2673, 9.81127) -> 3473 (17.8222, 8.34726)
    1491 (24.6812, -17.1299) -> 4381 (22.8237, -17.3691)
    1492 (5.78074, 9.42471) -> 3908 (4.42532, 10.6133)
    1493 (6.96709, 23.2254) -> 4186 (5.70663, 22.0414)
    1494 (3.12156, 13.2327) -> 1421 (1.66888, 13.8821)
    1495 (17.6108, -17.2391) -> 4244 (15.7443, -17.9011)
    1496 (7.60221, 20.5447) -> 3955 (5.81598, 20.2182)
    1497 (4.5741, 23.3383) -> 1624 (2.9023, 22.6138)
    1498 (1.88552, -18.0696) -> 4758 (2.87597, -16.7197)
    1499 (10.1434, -4.66497) -> 4433 (8.54783, -4.70173)
    1500 (17.4955, 21.6771) -> 4619 (15.7784, 21.3939)
    1501 (12.9562, -19.8367) -> 3774 (11.5503, -19.5644)
    1502 (22.7844, 23.7428) -> 3347 (20.8842, 23.3172)
    1503 (16.4338, 11.0373) -> 1915 (16.6828, 9.12906)
    1504 (13.1207, -12.9225) -> 3463 (11.2017, -12.9398)
    1505 (12.474, 22.0205) -> 4644 (10.8892, 22.4985)
    1506 (12.159, -14.1736) -> 4625 (11.6476, -12.3311)
    1507 (22.7823, 13.0528) -> 4719 (24.5101, 12.3044)
    1508 (5.72329, -0.789) -> 3328 (4.18811, 0.0677845)
    1509 (12.629, 21.069) -> 3727 (10.7448, 20.4465)
    1510 (7.35971, 16.4686) -> 3942 (5.70767, 16.5476)
    1511 (7.65942, 22.5919) -> 4639 (6.3129, 21.1548)
    1512 (10.1619, -12.6276) -> 4289 (9.32307, -10.8365)
    1513 (16.5717, 9.58183) -> 4845 (17.4598, 7.79727)
    1514 (10.9774, -21.4294) -> 3774 (11.5503, -19.5644)
    1515 (22.0386, -24.5933) -> 3376 (20.41, -24.4005)
    1516 (16.817, -5.79506) -> 4306 (15.5974, -7.21601)
    1517 (10.5924, -21.6446) -> 4309 (9.12034, -20.5494)
    1518 (20.2668, -16.6989) -> 4920 (19.0771, -15.6503)
    1519 (17.7041, 8.32562) -> 2964 (17.4438, 6.40084)
    1520 (13.8077, 7.45616) -> 2442 (13.1096, 5.72724)
    1521 (22.6703, -1.21267) -> 3612 (21.9024, -2.94985)
    1522 (18.5909, 24.507) -> 4914 (16.9574, 24.8298)
    1523 (5.48335, -21.9634) -> 4696 (5.18294, -20.3561)
    1524 (12.6404, -9.34962) -> 2758 (10.9579, -8.6535)
    1525 (24.4244, 0.110855) -> 4616 (23.0624, -0.597868)
    1526 (22.0802, -19.3386) -> 4161 (20.2412, -19.781)
    1527 (2.42537, 7.61614) -> 2765 (1.63632, 9.03759)
    1528 (17.5361, 8.90076) -> 4292 (17.0441, 7.10844)
    1529 (0.512339, 22.4428) -> 3880 (0.275286, 21.0353)
    1530 (6.5219, 18.625) -> 1602 (5.09666, 17.4312)
    1531 (3.90684, -18.8755) -> 4712 (4.91342, -17.2199)
    1532 (15.3847, -14.5063) -> 4177 (13.5272, -14.6408)
    1533 (8.46018, -12.4202) -> 4464 (8.36445, -10.8885)
    1534 (2.17657, 19.8558) -> 2919 (1.28726, 18.2518)
    1535 (14.45, -23.1404) -> 4749 (12.9268, -22.4987)
    1536 (18.8943, -5.92482) -> 563 (17.0752, -5.91793)
    1537 (15.9951, 8.29019) -> 4361 (15.1165, 6.61902)
    1538 (17.1191, -4.73451) -> 3205 (15.6407, -5.09429)
    1539 (6.41446, 24.4293) -> 4453 (5.10043, 24.283)
    1540 (5.63183, -18.6748) -> 2343 (4.83548, -16.9768)
    1541 (18.4771, -15.3776) -> 4865 (16.6235, -15.1492)
    1542 (15.6906, -1.92705) -> 3401 (14.7672, -3.34459)
    1543 (8.09164, -6.30667) -> 2472 (7.08363, -4.85086)
    1544 (8.80283, -2.16103) -> 4634 (6.88992, -1.62385)
    1545 (7.7579, 3.21438) -> 4023 (5.93666, 3.88205)
    1546 (3.57546, 13.0578) -> 2033 (2.06831, 14.2446)
    1547 (12.7599, -9.01857) -> 2758 (10.9579, -8.6535)
    1548 (20.6951, -5.09522) -> 4042 (19.1941, -6.3548)
    1549 (21.4809, 22.2101) -> 3494 (20.1429, 22.4273)
    1550 (24.9492, 3.54029) -> 394 (23.2137, 2.57253)
    1551 (1.09199, -14.6662) -> 4311 (1.25021, -12.9724)
    1552 (3.81538, -1.24727) -> 4509 (2.14647, -1.4365)
    1553 (13.7606, -13.2494) -> 4606 (12.8286, -11.594)
    1554 (17.8697, -7.89775) -> 3200 (15.9148, -8.29546)
    1555 (0.851767, 1.83011) -> 4660 (0.267671, 3.48076)
    1556 (7.64074, -6.13277) -> 4279 (6.05282, -5.71195)
    1557 (13.1629, 5.31567) -> 4707 (11.8877, 4.38416)
    1558 (15.5852, -11.4442) -> 4127 (13.7784, -10.8968)
    1559 (18.9347, -17.9658) -> 4331 (17.5598, -18.4484)
    1560 (15.6646, -1.3149) -> 3524 (14.4427, -2.7611)
    1561 (6.93408, 9.2564) -> 2187 (5.11843, 8.56378)
    1562 (20.9852, -19.8347) -> 4512 (19.5407, -18.5614)
    1563 (4.90319, 18.1231) -> 4734 (3.0923, 17.3708)
    1564 (16.5627, 8.66119) -> 3536 (15.3751, 7.16886)
    1565 (19.0283, -14.2523) -> 4425 (17.3842, -13.8339)
    1566 (21.2709, -9.69997) -> 4997 (19.7736, -10.1651)
    1567 (11.7181, -21.6099) -> 4439 (10.1728, -21.0211)
    1568 (15.2307, -1.63998) -> 2575 (13.5045, -1.31062)
    1569 (6.39555, 15.5843) -> 4863 (4.70351, 15.1284)
    1570 (11.5521, 16.9674) -> 1355 (10.2878, 17.9495)
    1571 (11.271, -14.0603) -> 3836 (10.039, -12.6339)
    1572 (21.3945, 8.01695) -> 3959 (20.2333, 6.69788)
    1573 (0.381394, -11.7676) -> 4440 (1.71616, -10.3261)
    1574 (20.1679, -4.38294) -> 2055 (18.8619, -5.42934)
    1575 (22.1473, -13.9323) -> 3699 (20.4161, -13.2086)
    1576 (20.908, -1.41094) -> 1989 (19.0582, -2.0203)
    1577 (23.2223, -16.6291) -> 3146 (21.2938, -16.8267)
    1578 (17.7117, -10.1872) -> 3945 (15.9709, -9.41021)
    1579 (23.0633, 0.651396) -> 4326 (23.0462, -1.34809)
    1580 (6.67095, -13.203) -> 2745 (6.46099, -11.3083)
    1581 (11.9775, 17.4701) -> 1355 (10.2878, 17.9495)
    1582 (9.25177, -11.5107) -> 4986 (7.68282, -12.386)
    1583 (0.929022, -17.6306) -> 4623 (1.15394, -16.0548)
    1584 (21.6374, 12.2216) -> 4888 (20.8775, 10.6212)
    1585 (8.58781, 0.264291) -> 2623 (6.82346, 0.441173)
    1586 (17.5678, -13.7852) -> 4222 (15.6886, -14.4396)
    1587 (10.5615, 0.824994) -> 3938 (8.67098, 0.831981)
    1588 (10.3605, 23.885) -> 4644 (10.8892, 22.4985)
    1589 (12.5018, -11.8706) -> 4356 (12.0591, -9.95898)
    1590 (19.9773, 11.8195) -> 3266 (20.8868, 10.2308)
    1591 (17.1766, -18.448) -> 4244 (15.7443, -17.9011)
    1592 (4.86411, -23.8011) -> 4691 (6.53165, -23.2749)
    1593 (8.27551, 11.056) -> 3654 (6.56338, 10.8318)
    1594 (0.721494, -20.2604) -> 4754 (0.159887, -18.5873)
    1595 (1.11695, -5.07202) -> 4896 (0.884643, -3.29847)
    1596 (4.47254, 24.6149) -> 1085 (3.98467, 22.9506)
    1597 (19.4154, 14.4895) -> 3184 (20.5388, 13.1137)
    1598 (20.1388, 24.5305) -> 4792 (19.3176, 24.1154)
    1599 (15.3875, -5.67322) -> 3483 (14.1116, -6.15257)
    1600 (10.4817, 7.5825) -> 3645 (8.83262, 6.7745)
    1601 (8.27799, -16.3788) -> 4966 (7.04708, -14.9667)
    1602 (5.09666, 17.4312) -> 3907 (3.36131, 17.5163)
    1603 (0.20317, 8.00682) -> 2765 (1.63632, 9.03759)
    1604 (8.57373, -9.83408) -> 4401 (7.01688, -9.43146)
    1605 (21.2465, -18.675) -> 4512 (19.5407, -18.5614)
    1606 (13.0338, -3.25623) -> 4943 (11.2458, -3.25786)
    1607 (21.4259, 10.1545) -> 4938 (21.4762, 8.18464)
    1608 (13.9725, 8.00219) -> 4957 (13.5709, 6.19059)
    1609 (18.5068, -17.2389) -> 4331 (17.5598, -18.4484)
    1610 (19.3383, -11.8218) -> 4598 (17.4288, -11.6972)
    1611 (1.95751, 1.96052) -> 2086 (0.824092, 3.48161)
    1612 (0.535725, -20.4355) -> 4754 (0.159887, -18.5873)
    1613 (20.8152, 17.711) -> 4781 (20.5776, 15.7362)
    1614 (5.96717, -19.4786) -> 4681 (4.44427, -18.9163)
    1615 (5.31432, -18.9847) -> 4712 (4.91342, -17.2199)
    1616 (20.589, 18.0823) -> 4154 (22.4619, 18.3434)
    1617 (23.952, -3.34396) -> 2451 (22.3672, -4.14428)
    1618 (21.0636, -14.3523) -> 4666 (19.6784, -14.4495)
    1619 (14.7408, 3.06911) -> 4395 (13.8302, 1.31871)
    1620 (22.5209, 1.38161) -> 4672 (22.2828, -0.395052)
    1621 (1.0891, -13.5282) -> 3415 (2.5194, -12.2467)
    1622 (9.93208, 16.9196) -> 4815 (8.65668, 18.159)
    1623 (8.78277, -2.69638) -> 4673 (8.02472, -0.868234)
    1624 (2.9023, 22.6138) -> 4984 (2.02137, 21.5066)
    1625 (10.406, -3.92838) -> 3175 (9.80323, -2.19676)
    1626 (23.3274, -4.0119) -> 4964 (21.5992, -3.29105)
    1627 (14.545, 1.02493) -> 3011 (12.95, 0.715889)
    1628 (13.845, -16.033) -> 4538 (12.0236, -15.3938)
    1629 (5.73521, 22.9612) -> 4321 (4.57135, 21.5392)
    1630 (8.3373, -18.6982) -> 4383 (8.12619, -16.8191)
    1631 (13.6373, -7.6825) -> 3792 (12.1383, -6.49412)
    1632 (11.3537, 9.27216) -> 2263 (11.4223, 7.35655)
    1633 (4.11086, 23.1467) -> 4340 (2.64589, 22.8972)
    1634 (14.8954, 0.856185) -> 3011 (12.95, 0.715889)
    1635 (6.93691, 0.102259) -> 3966 (5.57372, 1.50807)
    1636 (4.026, 22.7523) -> 4151 (3.01896, 21.3808)
    1637 (19.2276, -15.9171) -> 4332 (17.7505, -16.4788)
    1638 (8.21087, 3.93389) -> 2207 (6.72798, 4.98035)
    1639 (17.2874, -14.7609) -> 4222 (15.6886, -14.4396)
    1640 (4.01094, -0.56562) -> 4861 (2.59197, 0.614889)
    1641 (17.3257, -23.4627) -> 4368 (17.2135, -21.9049)
    1642 (7.4812, 1.95757) -> 2332 (5.6218, 1.92432)
    1643 (19.3852, 11.03) -> 3842 (19.5648, 9.05011)
    1644 (24.4065, 5.57216) -> 4367 (24.3726, 3.89221)
    1645 (16.2151, -5.81641) -> 4950 (14.4954, -5.17392)
    1646 (17.9012, -5.80118) -> 4523 (17.749, -7.71292)
    1647 (9.92859, 22.8751) -> 4736 (8.47466, 21.5528)
    1648 (23.85, 5.63087) -> 4367 (24.3726, 3.89221)
    1649 (2.6549, 5.61107) -> 845 (1.37808, 7.07069)
    1650 (4.70131, 19.4439) -> 4258 (3.41975, 19.291)
    1651 (1.79917, -5.10338) -> 1336 (1.00303, -3.3303)
    1652 (17.6242, -22.7856) -> 4498 (16.4697, -21.3944)
    1653 (3.01324, -16.9213) -> 4859 (4.0691, -16.0477)
    1654 (1.6705, -10.7513) -> 2897 (1.10691, -9.52766)
    1655 (16.2335, -3.46303) -> 3524 (14.4427, -2.7611)
    1656 (7.31148, 10.7916) -> 1015 (5.51012, 10.2665)
    1657 (0.972378, -4.40612) -> 3213 (1.25195, -2.77937)
    1658 (3.94152, 3.75065) -> 4530 (2.83678, 5.38329)
    1659 (11.8172, -23.4099) -> 4626 (13.3171, -22.3757)
    1660 (21.2391, 12.9141) -> 2704 (22.5857, 11.7871)
    1661 (2.7266, -21.1744) -> 4041 (2.49543, -19.2891)
    1662 (20.1327, 9.62571) -> 4603 (20.6643, 7.80261)
    1663 (15.6603, -4.50337) -> 3949 (13.7795, -3.89775)
    1664 (9.66612, -24.5414) -> 4515 (7.77488, -24.3227)
    1665 (23.3993, -18.8552) -> 3965 (22.0752, -20.2421)
    1666 (6.57159, 0.758391) -> 4143 (4.77374, 1.35078)
    1667 (8.2655, -17.241) -> 3413 (8.76569, -15.5087)
    1668 (10.4589, 6.27708) -> 3645 (8.83262, 6.7745)
    1669 (9.34236, -3.43997) -> 3640 (7.7019, -3.57858)
    1670 (13.6523, 24.0663) -> 4930 (12.2274, 23.0717)
    1671 (11.7951, 3.23743) -> 4372 (10.2749, 2.12871)
    1672 (19.311, -20.3546) -> 4512 (19.5407, -18.5614)
    1673 (16.5548, 8.9911) -> 4889 (15.6162, 7.36037)
    1674 (17.7966, -1.44347) -> 4086 (16.195, -1.41026)
    1675 (8.20364, 23.3705) -> 2892 (6.78672, 22.2952)
    1676 (9.81178, -4.76149) -> 2989 (9.16076, -3.11381)
    1677 (21.6085, 23.0743) -> 4759 (20.0778, 22.9629)
    1678 (15.8031, -16.4183) -> 4222 (15.6886, -14.4396)
    1679 (21.2493, 3.5633) -> 2308 (21.3707, 1.69323)
    1680 (24.1919, -0.811048) -> 4330 (22.2775, -1.30521)
    1681 (20.9701, 5.08214) -> 4543 (19.9736, 4.11705)
    1682 (0.237478, -6.42847) -> 3623 (0.861025, -4.947)
    1683 (17.6343, 20.5064) -> 4636 (16.5895, 20.5929)
    1684 (17.9764, -9.32205) -> 4573 (16.5879, -8.17694)
    1685 (17.759, 22.2336) -> 4176 (16.82, 21.4405)
    1686 (6.8155, -19.6378) -> 4507 (5.18041, -18.6657)
    1687 (10.0354, -0.0224876) -> 4018 (8.07836, 0.192286)
    1688 (20.5363, -23.4409) -> 3601 (19.4644, -21.8426)
    1689 (2.69753, 12.7389) -> 2039 (1.00212, 13.0083)
    1690 (8.45388, -0.513426) -> 2623 (6.82346, 0.441173)
    1691 (20.4127, -5.82938) -> 4242 (18.8342, -6.70803)
    1692 (23.8002, -13.7495) -> 4323 (21.9175, -13.8277)
    1693 (19.1481, -11.4411) -> 4598 (17.4288, -11.6972)
    1694 (1.33905, -16.231) -> 4697 (1.33167, -14.7752)
    1695 (21.7389, 13.277) -> 4862 (22.8459, 11.723)
    1696 (21.0822, 14.8417) -> 4089 (22.187, 13.3047)
    1697 (22.212, -7.33158) -> 4442 (20.5718, -6.39298)
    1698 (16.6053, 17.7638) -> 3705 (15.157, 18.4584)
    1699 (3.27821, 8.97712) -> 4422 (1.46651, 9.75916)
    1700 (24.4189, -5.69406) -> 4757 (23.1224, -6.21105)
    1701 (2.26946, 6.85764) -> 4483 (1.12515, 8.19179)
    1702 (5.46378, -13.9107) -> 4376 (4.3615, -12.4867)
    1703 (17.2377, 16.2375) -> 4832 (18.9876, 16.5005)
    1704 (10.9487, 21.2217) -> 3910 (9.14653, 21.5667)
    1705 (11.5281, 16.1364) -> 2978 (10.4684, 17.5438)
    1706 (14.2026, -7.20932) -> 4885 (12.9131, -8.11817)
    1707 (6.83059, 4.14207) -> 3547 (6.61721, 5.96515)
    1708 (2.5762, 20.777) -> 2036 (2.04787, 19.3988)
    1709 (9.7431, -12.834) -> 3976 (9.28748, -11.147)
    1710 (7.43032, -12.274) -> 4205 (5.87124, -12.452)
    1711 (10.215, 1.94302) -> 3331 (8.38238, 1.50582)
    1712 (15.324, 7.23562) -> 4847 (14.5481, 5.41584)
    1713 (2.23605, 4.5613) -> 2864 (3.2364, 6.25582)
    1714 (1.83914, -0.00683421) -> 3264 (1.90603, 1.95117)
    1715 (17.4377, -23.698) -> 4368 (17.2135, -21.9049)
    1716 (5.93915, -10.3976) -> 4434 (4.22309, -10.8684)
    1717 (20.4945, -0.0666287) -> 4190 (19.8899, -1.79064)
    1718 (19.2724, -3.9574) -> 4048 (17.3882, -4.21948)
    1719 (4.46362, 10.2627) -> 2766 (3.71539, 12.0747)
    1720 (15.9133, 16.9261) -> 4664 (14.2902, 17.7555)
    1721 (0.318323, -0.424719) -> 4561 (1.42095, 1.00635)
    1722 (3.0572, 15.7545) -> 3753 (1.31803, 16.2185)
    1723 (23.3528, -23.5299) -> 4821 (21.9392, -24.6694)
    1724 (9.19774, -21.4543) -> 2796 (7.59511, -20.4516)
    1725 (4.39017, -5.04196) -> 3772 (2.68174, -4.91766)
    1726 (16.6533, 7.17356) -> 4877 (16.0939, 5.52834)
    1727 (4.51268, -4.40506) -> 3652 (3.3171, -2.86039)
    1728 (21.1595, -17.3415) -> 4557 (19.4372, -17.2141)
    1729 (1.48751, 10.477) -> 4200 (0.0480264, 11.8008)
    1730 (0.211499, -21.5143) -> 4520 (2.0938, -21.8662)
    1731 (21.7915, -3.77759) -> 3608 (20.8826, -4.97494)
    1732 (2.00844, 5.59016) -> 845 (1.37808, 7.07069)
    1733 (2.30296, 2.10373) -> 4188 (1.52485, 0.350369)
    1734 (4.43291, 13.3681) -> 1 (2.86972, 14.29)
    1735 (21.2621, 4.01811) -> 4891 (19.9882, 2.47749)
    1736 (11.3122, -13.2633) -> 4362 (9.75174, -12.3544)
    1737 (15.3315, 7.6837) -> 4410 (14.4897, 6.02672)
    1738 (7.2669, 13.8481) -> 884 (5.89594, 12.6053)
    1739 (18.8961, -20.0729) -> 4528 (17.5116, -21.3939)
    1740 (15.3002, 10.2167) -> 500 (15.0306, 8.34198)
    1741 (7.29702, -24.0667) -> 4691 (6.53165, -23.2749)
    1742 (4.12673, 23.7289) -> 1624 (2.9023, 22.6138)
    1743 (22.3832, -24.0369) -> 4934 (21.5623, -22.3834)
    1744 (4.60188, -4.26227) -> 3652 (3.3171, -2.86039)
    1745 (11.9802, 6.26233) -> 4585 (10.0639, 6.17968)
    1746 (4.058, -6.24705) -> 3772 (2.68174, -4.91766)
    1747 (17.1042, -16.4896) -> 4244 (15.7443, -17.9011)
    1748 (14.2822, 14.3078) -> 1890 (16.0778, 15.1005)
    1749 (22.6252, -2.56546) -> 3852 (20.9334, -1.90897)
    1750 (19.1768, 12.2547) -> 2546 (20.2849, 10.6519)
    1751 (2.27312, 22.1355) -> 4308 (1.73181, 20.9181)
    1752 (23.4295, -6.40968) -> 4432 (21.6543, -7.21007)
    1753 (15.4013, -18.6846) -> 2900 (13.4944, -18.5236)
    1754 (12.3944, -20.0824) -> 3615 (10.4746, -20.0153)
    1755 (20.3062, -11.5104) -> 1312 (18.4003, -12.0391)
    1756 (2.24459, 17.1921) -> 630 (1.04789, 16.3757)
    1757 (18.3743, -6.35921) -> 2923 (16.53, -7.08604)
    1758 (10.4978, -15.4003) -> 3707 (9.30314, -14.4653)
    1759 (16.6569, -4.4583) -> 4107 (14.843, -4.91932)
    1760 (1.46315, 5.06997) -> 867 (1.63574, 6.82841)
    1761 (24.9218, 13.1454) -> 3290 (23.6437, 12.3552)
    1762 (13.723, 2.54572) -> 3380 (11.7444, 2.3521)
    1763 (18.3887, -10.679) -> 4598 (17.4288, -11.6972)
    1764 (15.4988, -5.4129) -> 3483 (14.1116, -6.15257)
    1765 (12.7761, 1.48774) -> 4412 (10.944, 1.38268)
    1766 (2.23958, 0.607003) -> 3354 (0.826254, 1.52958)
    1767 (19.3397, 3.06736) -> 4219 (17.68, 1.97289)
    1768 (16.0104, -1.85994) -> 3524 (14.4427, -2.7611)
    1769 (18.3944, -23.7382) -> 4980 (16.7874, -22.8709)
    1770 (4.82432, -22.0393) -> 4696 (5.18294, -20.3561)
    1771 (12.6732, -22.7257) -> 4779 (12.056, -20.8409)
    1772 (12.5679, -7.26938) -> 3124 (10.7846, -7.04819)
    1773 (6.77785, -10.6097) -> 3021 (6.93499, -8.66672)
    1774 (9.19138, 17.2572) -> 3519 (7.29746, 16.903)
    1775 (14.6423, -20.1747) -> 4853 (13.0909, -19.7242)
    1776 (10.5708, -16.4345) -> 4482 (8.91158, -16.7805)
    1777 (14.457, 15.4666) -> 3404 (13.2168, 16.9898)
    1778 (22.2335, 5.25402) -> 1679 (21.2493, 3.5633)
    1779 (10.3436, -1.07507) -> 2027 (8.52378, -0.927309)
    1780 (18.643, 11.7864) -> 4689 (18.9115, 9.82436)
    1781 (23.4513, -7.84164) -> 4493 (21.5283, -7.82737)
    1782 (0.772445, 19.3302) -> 3582 (0.245202, 17.5639)
    1783 (2.11842, 3.32845) -> 4052 (0.381545, 4.28708)
    1784 (3.1589, -16.7366) -> 1960 (2.89315, -14.8053)
    1785 (14.1221, -6.15874) -> 2831 (12.2764, -6.1269)
    1786 (23.2566, 8.91577) -> 3857 (23.1455, 6.96967)
    1787 (21.9121, 22.4423) -> 4972 (21.2427, 22.0513)
    1788 (12.9898, -8.89119) -> 4465 (12.0781, -7.42671)
    1789 (12.2083, -3.53312) -> 3596 (10.7271, -2.45828)
    1790 (4.05041, 4.12847) -> 4530 (2.83678, 5.38329)
    1791 (1.01579, 18.4919) -> 3490 (1.60856, 16.7717)
    1792 (5.12299, 21.7405) -> 4551 (3.77756, 20.5271)
    1793 (20.7404, 13.1154) -> 4852 (20.8215, 11.7723)
    1794 (2.70404, 16.8477) -> 3807 (1.09344, 16.1533)
    1795 (15.3419, 14.113) -> 3478 (17.3015, 14.1786)
    1796 (12.9563, 24.4691) -> 2781 (11.1835, 23.6156)
    1797 (7.29452, -11.1044) -> 4401 (7.01688, -9.43146)
    1798 (4.33201, -23.9946) -> 3043 (3.21319, -22.4812)
    1799 (21.022, 24.5871) -> 4792 (19.3176, 24.1154)
    1800 (12.4002, -21.3388) -> 3774 (11.5503, -19.5644)
    1801 (0.511475, -9.04268) -> 3446 (1.47341, -7.29018)
    1802 (2.13106, 23.671) -> 3969 (1.72713, 21.7759)
    1803 (10.6695, -21.136) -> 4309 (9.12034, -20.5494)
    1804 (23.4903, 11.5789) -> 3180 (23.141, 9.734)
    1805 (0.148455, -8.80091) -> 2744 (1.50474, -7.36166)
    1806 (21.6915, 12.5573) -> 4405 (22.9202, 11.0438)
    1807 (19.8545, 5.48744) -> 2837 (19.0003, 3.97839)
    1808 (5.88826, -16.4679) -> 4859 (4.0691, -16.0477)
    1809 (5.33713, 13.3551) -> 2776 (4.33281, 11.8665)
    1810 (12.4975, -16.6565) -> 3430 (11.0191, -15.336)
    1811 (15.3554, 8.03365) -> 40 (14.3649, 6.46967)
    1812 (2.77798, 15.3448) -> 0 (1, 15)
    1813 (4.42731, 8.59209) -> 3464 (3.58264, 10.1778)
    1814 (13.8375, 6.22188) -> 4725 (12.1372, 5.82665)
    1815 (16.9889, -9.7379) -> 4933 (15.7328, -8.90294)
    1816 (23.1886, 4.7768) -> 3020 (22.8639, 2.98516)
    1817 (20.6963, 0.548568) -> 4983 (20.3402, -0.828444)
    1818 (6.1817, 5.42505) -> 2983 (4.42229, 4.54101)
    1819 (21.8156, 17.6529) -> 4416 (22.3288, 16.1456)
    1820 (24.2865, -5.81129) -> 3757 (22.8304, -5.29012)
    1821 (5.08721, -11.157) -> 4977 (3.78963, -9.69928)
    1822 (9.29934, -14.6212) -> 2323 (7.7262, -13.5843)
    1823 (19.6124, -4.70587) -> 4475 (17.6865, -4.35617)
    1824 (20.8212, -6.40207) -> 4998 (19.4185, -7.18329)
    1825 (16.543, -11.6773) -> 4898 (15.1089, -12.8753)
    1826 (9.69296, -17.5158) -> 4383 (8.12619, -16.8191)
    1827 (11.3062, -22.4396) -> 4604 (10.4063, -20.893)
    1828 (22.0071, 19.87) -> 3399 (23.6676, 19.129)
    1829 (19.6157, -3.19378) -> 4250 (17.9988, -3.97385)
    1830 (24.7022, 14.0351) -> 3641 (24.6249, 12.0617)
    1831 (11.8158, -22.9855) -> 4539 (10.9389, -21.4213)
    1832 (15.0753, -0.575147) -> 2575 (13.5045, -1.31062)
    1833 (6.60144, -9.425) -> 1926 (5.82866, -7.65395)
    1834 (1.05172, -21.7182) -> 4084 (1.19651, -20.204)
    1835 (7.93176, 19.2314) -> 3409 (5.93898, 19.2327)
    1836 (1.69553, 5.13133) -> 845 (1.37808, 7.07069)
    1837 (8.96657, -0.971507) -> 3518 (7.37336, -1.54744)
    1838 (20.1119, 6.25913) -> 3086 (18.8806, 5.14672)
    1839 (5.41198, -24.9948) -> 4918 (5.53671, -23.0209)
    1840 (23.1554, -10.7551) -> 4915 (21.8475, -12.0433)
    1841 (6.34171, -23.0704) -> 3680 (4.6674, -23.3921)
    1842 (5.07681, 0.0577392) -> 3648 (3.22076, -0.145677)
    1843 (23.9877, -3.69685) -> 4270 (23.2154, -5.42802)
    1844 (3.56999, -10.113) -> 4547 (3.03155, -8.66594)
    1845 (15.2952, 8.00692) -> 40 (14.3649, 6.46967)
    1846 (14.3404, -14.4827) -> 4898 (15.1089, -12.8753)
    1847 (1.77167, -22.4968) -> 4421 (0.475321, -21.3874)
    1848 (15.819, 20.856) -> 3882 (14.3847, 21.175)
    1849 (22.823, -2.73529) -> 2997 (21.2413, -3.54274)
    1850 (14.0858, 18.574) -> 4967 (12.8081, 18.975)
    1851 (12.8708, -7.3007) -> 3944 (11.4602, -6.7712)
    1852 (3.77665, -3.70469) -> 2951 (2.1006, -2.68042)
    1853 (0.748185, 12.5781) -> 252 (1.35482, 13.641)
    1854 (0.30784, -19.7986) -> 4770 (1.28257, -18.3391)
    1855 (20.8497, -7.30287) -> 4042 (19.1941, -6.3548)
    1856 (7.05436, -12.7166) -> 4236 (5.86094, -11.882)
    1857 (23.065, -17.8711) -> 4387 (21.4988, -17.6699)
    1858 (9.03263, -6.45304) -> 4756 (7.46269, -5.4157)
    1859 (20.4977, 3.51747) -> 3865 (19.0681, 2.14197)
    1860 (24.2772, 12.4745) -> 4405 (22.9202, 11.0438)
    1861 (4.16399, -17.0122) -> 4076 (4.72368, -15.1389)
    1862 (19.0564, -2.53496) -> 4250 (17.9988, -3.97385)
    1863 (13.9949, 18.7063) -> 4684 (12.1014, 18.2562)
    1864 (18.7691, -8.35053) -> 4523 (17.749, -7.71292)
    1865 (21.8378, 10.8479) -> 4628 (20.394, 9.5696)
    1866 (7.74828, -11.5831) -> 2657 (6.90154, -10.045)
    1867 (8.39507, 11.0569) -> 3654 (6.56338, 10.8318)
    1868 (9.81619, 8.67218) -> 3718 (8.00457, 7.94573)
    1869 (15.0295, 17.2651) -> 4614 (14.204, 18.2181)
    1870 (12.531, 4.9023) -> 2878 (10.6868, 4.29061)
    1871 (19.8609, -8.76508) -> 3637 (18.0411, -9.09735)
    1872 (3.30355, -20.7271) -> 3797 (4.9972, -19.8233)
    1873 (3.61531, 10.4993) -> 2227 (1.98789, 11.4755)
    1874 (24.3566, -10.5885) -> 4558 (22.731, -9.5924)
    1875 (19.6471, -24.4195) -> 3249 (17.7697, -24.8928)
    1876 (14.2522, -10.7163) -> 4882 (13.3073, -9.20783)
    1877 (3.55782, -1.57792) -> 4597 (1.7908, -0.81154)
    1878 (19.3592, 9.84113) -> 3866 (17.9234, 8.53355)
    1879 (21.3592, -5.98248) -> 4995 (19.8962, -5.16392)
    1880 (10.8832, 3.80501) -> 4240 (9.50992, 2.44397)
    1881 (2.83118, -14.2684) -> 3618 (2.53912, -12.3672)
    1882 (4.56467, 8.28273) -> 4386 (2.98239, 8.37691)
    1883 (6.3854, 14.0973) -> 4886 (4.85317, 14.2368)
    1884 (23.5719, -20.377) -> 4629 (23.0105, -19.2304)
    1885 (11.9392, -19.742) -> 4694 (11.2945, -18.3801)
    1886 (24.3484, 21.8005) -> 4842 (23.5211, 20.6225)
    1887 (21.2348, 7.56384) -> 3959 (20.2333, 6.69788)
    1888 (10.6341, 3.66578) -> 4240 (9.50992, 2.44397)
    1889 (9.79287, 3.67568) -> 2157 (8.29283, 4.26215)
    1890 (16.0778, 15.1005) -> 3478 (17.3015, 14.1786)
    1891 (20.9205, -12.5149) -> 4916 (19.3284, -11.3314)
    1892 (18.7816, 13.5462) -> 3568 (20.2601, 12.4732)
    1893 (4.80269, 22.3042) -> 306 (3.25456, 21.1785)
    1894 (5.94375, 22.5744) -> 4259 (4.54161, 22.1667)
    1895 (13.6808, 7.76386) -> 3914 (12.3336, 6.45056)
    1896 (6.82798, 24.3136) -> 4969 (6.02399, 23.4589)
    1897 (20.2413, -9.77515) -> 4916 (19.3284, -11.3314)
    1898 (7.92996, 22.6904) -> 4532 (7.24006, 21.1621)
    1899 (1.92392, -3.55598) -> 4275 (1.14991, -2.13021)
    1900 (7.13534, -21.3115) -> 4575 (5.66525, -20.4427)
    1901 (14.0335, -20.9612) -> 4779 (12.056, -20.8409)
    1902 (1.32516, -5.23245) -> 4896 (0.884643, -3.29847)
    1903 (20.0916, -8.67655) -> 4596 (18.3795, -8.09927)
    1904 (23.4766, -22.7501) -> 4934 (21.5623, -22.3834)
    1905 (8.87673, -17.9843) -> 4284 (7.33526, -17.0736)
    1906 (17.7081, -22.7251) -> 4498 (16.4697, -21.3944)
    1907 (7.40217, 20.3344) -> 3955 (5.81598, 20.2182)
    1908 (3.40728, 18.7794) -> 177 (2.32493, 17.7388)
    1909 (24.1465, 8.09693) -> 3181 (23.8726, 6.47309)
    1910 (6.26965, 11.4159) -> 2776 (4.33281, 11.8665)
    1911 (17.5953, 0.416211) -> 4005 (15.9293, -0.0502009)
    1912 (10.8019, -15.4598) -> 3707 (9.30314, -14.4653)
    1913 (9.62006, 20.0302) -> 1835 (7.93176, 19.2314)
    1914 (14.828, 18.2426) -> 4677 (12.8728, 18.4483)
    1915 (16.6828, 9.12906) -> 4773 (15.9664, 7.60068)
    1916 (9.02251, -4.55059) -> 3650 (7.3088, -3.82598)
    1917 (17.4172, 20.3957) -> 4636 (16.5895, 20.5929)
    1918 (18.1155, -9.3118) -> 4573 (16.5879, -8.17694)
    1919 (8.78367, -21.9981) -> 4309 (9.12034, -20.5494)
    1920 (9.44949, -13.4906) -> 3731 (8.05164, -12.1218)
    1921 (15.6826, 17.9275) -> 4614 (14.204, 18.2181)
    1922 (18.1068, -2.16609) -> 3230 (16.5858, -1.47109)
    1923 (3.75679, 7.85731) -> 3826 (1.8749, 8.41381)
    1924 (4.40912, -17.0883) -> 4076 (4.72368, -15.1389)
    1925 (12.0669, -14.9617) -> 3905 (10.3949, -14.3991)
    1926 (5.82866, -7.65395) -> 2874 (4.76507, -6.00419)
    1927 (9.37442, -16.6095) -> 4516 (8.26395, -14.9902)
    1928 (5.79506, -11.6119) -> 3598 (4.1614, -10.5143)
    1929 (17.0455, 14.316) -> 1892 (18.7816, 13.5462)
    1930 (20.3229, -7.37654) -> 4929 (19.0743, -8.20448)
    1931 (18.636, -15.4786) -> 3085 (16.8057, -15.3945)
    1932 (4.14069, -17.9168) -> 4859 (4.0691, -16.0477)
    1933 (23.2787, 13.8016) -> 4719 (24.5101, 12.3044)
    1934 (7.14603, 20.9226) -> 3367 (5.62389, 20.5604)
    1935 (14.4151, 22.2769) -> 4426 (12.5703, 22.3299)
    1936 (7.6616, -17.7401) -> 3556 (5.81801, -18.4577)
    1937 (24.5647, 18.0633) -> 4370 (23.7884, 17.0375)
    1938 (4.48633, -24.7039) -> 4918 (5.53671, -23.0209)
    1939 (14.8474, 9.69669) -> 2511 (15.5746, 7.99741)
    1940 (3.36995, -4.23244) -> 4693 (2.41308, -3.03199)
    1941 (12.9883, -16.1944) -> 4836 (11.301, -16.5574)
    1942 (16.6969, -10.0212) -> 4373 (14.9381, -9.71469)
    1943 (0.720022, 6.00958) -> 3233 (0.452821, 7.96872)
    1944 (13.8691, -7.93513) -> 4465 (12.0781, -7.42671)
    1945 (1.74572, 10.8216) -> 4200 (0.0480264, 11.8008)
    1946 (4.41626, -0.234069) -> 3897 (2.98159, 0.807081)
    1947 (11.8509, -15.0498) -> 3905 (10.3949, -14.3991)
    1948 (18.0045, 9.79599) -> 3473 (17.8222, 8.34726)
    1949 (12.478, 21.6335) -> 2606 (10.9734, 20.7642)
    1950 (1.05844, 8.55191) -> 4415 (0.530228, 10.1099)
    1951 (3.136, 6.87257) -> 2722 (1.40676, 7.84317)
    1952 (17.6832, -23.4888) -> 3771 (16.0418, -23.3402)
    1953 (1.70445, -22.6961) -> 4421 (0.475321, -21.3874)
    1954 (7.75665, -8.78829) -> 2369 (6.1789, -8.83734)
    1955 (3.36719, -13.5272) -> 4841 (3.74825, -12.3177)
    1956 (20.5078, -10.8774) -> 1353 (18.6374, -10.3139)
    1957 (19.0808, 3.74049) -> 4807 (18.6407, 2.38247)
    1958 (21.3045, -14.8686) -> 4666 (19.6784, -14.4495)
    1959 (13.4437, -2.91746) -> 4586 (12.0826, -1.84258)
    1960 (2.89315, -14.8053) -> 2475 (2.43107, -12.9559)
    1961 (5.91875, 1.70664) -> 4444 (4.14422, 2.50312)
    1962 (20.831, -11.2742) -> 4500 (19.4085, -11.8223)
    1963 (9.27491, -18.0943) -> 4383 (8.12619, -16.8191)
    1964 (20.8432, -21.8704) -> 4576 (19.4814, -20.4842)
    1965 (10.3049, -10.3072) -> 4431 (9.16178, -8.79422)
    1966 (13.9609, 7.06328) -> 1557 (13.1629, 5.31567)
    1967 (15.2289, -9.11831) -> 4882 (13.3073, -9.20783)
    1968 (14.7189, 10.3462) -> 329 (16.3925, 9.58012)
    1969 (16.8706, -14.7932) -> 4542 (15.1969, -15.3534)
    1970 (13.7571, -21.8739) -> 4779 (12.056, -20.8409)
    1971 (14.3361, 20.3253) -> 4430 (12.6943, 19.2435)
    1972 (6.6649, 12.6365) -> 3602 (4.84474, 13.1932)
    1973 (5.99714, 20.2119) -> 4429 (4.17874, 19.4475)
    1974 (0.563938, -15.8728) -> 4654 (1.90177, -15.0042)
    1975 (22.3948, -0.0566472) -> 66 (20.6691, -0.162423)
    1976 (1.74469, -13.0985) -> 4608 (1.03957, -11.3818)
    1977 (18.5308, 13.3217) -> 3568 (20.2601, 12.4732)
    1978 (22.009, 4.73837) -> 3298 (20.4431, 3.76333)
    1979 (18.6231, -8.59932) -> 1815 (16.9889, -9.7379)
    1980 (20.9089, -21.9706) -> 2959 (19.1649, -21.1391)
    1981 (18.6099, -16.6006) -> 4833 (17.6805, -17.6973)
    1982 (6.49013, -10.9377) -> 3953 (4.97306, -9.70567)
    1983 (14.9838, 21.2794) -> 3469 (13.2594, 20.2748)
    1984 (15.9357, 13.4231) -> 3138 (16.8484, 11.832)
    1985 (11.9423, 6.98939) -> 2784 (10.2321, 6.28273)
    1986 (7.85158, 9.12122) -> 4811 (5.92918, 9.66912)
    1987 (11.5225, -10.212) -> 4066 (10.3025, -8.80701)
    1988 (3.68024, 18.4757) -> 1794 (2.70404, 16.8477)
    1989 (19.0582, -2.0203) -> 4235 (17.8408, -3.22758)
    1990 (8.6933, -20.0804) -> 3340 (7.32343, -18.7598)
    1991 (4.62806, 16.3969) -> 2484 (2.78446, 16.4387)
    1992 (0.889413, -13.579) -> 3737 (1.40683, -11.8628)
    1993 (21.1845, -19.2737) -> 4512 (19.5407, -18.5614)
    1994 (24.6418, -12.004) -> 4590 (22.6937, -11.8939)
    1995 (21.035, 8.38156) -> 3959 (20.2333, 6.69788)
    1996 (13.9585, 0.577943) -> 3721 (13.0506, -0.655411)
    1997 (6.20176, 2.99348) -> 4079 (4.22988, 2.73198)
    1998 (21.2404, 2.13654) -> 4508 (19.7535, 1.1606)
    1999 (0.300745, 21.127) -> 3848 (0.592803, 19.5368)
    2000 (2.01612, -9.96037) -> 4547 (3.03155, -8.66594)
    2001 (1.55522, -13.6677) -> 4191 (0.0764417, -12.4858)
    2002 (0.812882, -19.4862) -> 3024 (1.86223, -17.8576)
    2003 (17.9343, -0.645458) -> 3230 (16.5858, -1.47109)
    2004 (17.0858, -10.283) -> 4933 (15.7328, -8.90294)
    2005 (7.4453, 13.5494) -> 4495 (6.00013, 12.2725)
    2006 (17.8016, -8.4047) -> 3200 (15.9148, -8.29546)
    2007 (13.3649, -11.213) -> 2832 (11.613, -10.8088)
    2008 (6.25736, 2.77693) -> 1321 (4.45962, 2.92513)
    2009 (4.87224, -11.6252) -> 3953 (4.97306, -9.70567)
    2010 (2.18863, 3.26438) -> 3242 (0.687107, 4.48467)
    2011 (22.1191, -15.1094) -> 4342 (20.3877, -15.6785)
    2012 (19.5696, -11.1436) -> 4411 (17.9192, -12.1752)
    2013 (10.543, 8.1807) -> 2499 (8.6432, 8.6204)
    2014 (4.23255, 8.63561) -> 1203 (2.52976, 9.62446)
    2015 (21.7088, -19.5035) -> 4387 (21.4988, -17.6699)
    2016 (1.66896, -0.794607) -> 2352 (1.32496, 0.961294)
    2017 (2.83717, 23.1647) -> 4984 (2.02137, 21.5066)
    2018 (19.5295, -16.8129) -> 4332 (17.7505, -16.4788)
    2019 (18.4151, 23.1366) -> 4960 (17.3477, 22.2546)
    2020 (23.2503, -17.81) -> 4387 (21.4988, -17.6699)
    2021 (22.7356, -14.791) -> 4705 (23.2099, -13.6527)
    2022 (21.3775, -13.7906) -> 4666 (19.6784, -14.4495)
    2023 (5.09156, 0.438677) -> 4325 (3.2123, 0.874501)
    2024 (5.96378, 7.09441) -> 4170 (4.07526, 7.50407)
    2025 (13.4123, 2.11395) -> 3923 (12.065, 1.27713)
    2026 (3.85064, 8.02855) -> 2108 (2.09746, 7.68879)
    2027 (8.52378, -0.927309) -> 1635 (6.93691, 0.102259)
    2028 (16.0719, -15.2076) -> 3893 (14.3428, -15.1766)
    2029 (10.3233, 17.3417) -> 3762 (8.6034, 17.6825)
    2030 (12.8397, -4.58685) -> 4404 (10.8653, -4.27101)
    2031 (17.8501, -17.6597) -> 3029 (16.129, -16.7439)
    2032 (0.691741, 13.7392) -> 0 (1, 15)
    2033 (2.06831, 14.2446) -> 0 (1, 15)
    2034 (23.6837, 15.1094) -> 4678 (23.6165, 13.6428)
    2035 (11.636, 5.65133) -> 4324 (9.96486, 4.66755)
    2036 (2.04787, 19.3988) -> 3255 (0.836531, 18.2994)
    2037 (7.58894, -23.8411) -> 4691 (6.53165, -23.2749)
    2038 (6.09508, 23.5564) -> 1893 (4.80269, 22.3042)
    2039 (1.00212, 13.0083) -> 0 (1, 15)
    2040 (14.7474, 16.8233) -> 3352 (14.2633, 17.9986)
    2041 (14.0951, -16.5761) -> 4535 (12.5194, -17.6611)
    2042 (17.8855, -21.6988) -> 4580 (16.3708, -20.6875)
    2043 (18.254, -9.68294) -> 4351 (16.6936, -10.2424)
    2044 (0.125585, -7.22727) -> 4129 (0.751807, -5.68577)
    2045 (4.73308, 20.3919) -> 4258 (3.41975, 19.291)
    2046 (8.14964, -18.807) -> 4383 (8.12619, -16.8191)
    2047 (21.8288, -23.4722) -> 4518 (20.0046, -24.2427)
    2048 (16.8374, -18.0886) -> 4743 (15.431, -19.2679)
    2049 (19.7045, -14.4569) -> 3036 (17.7774, -14.4207)
    2050 (5.58846, -8.13421) -> 4683 (4.45197, -6.84896)
    2051 (20.3278, -16.0039) -> 4666 (19.6784, -14.4495)
    2052 (23.4898, 4.94765) -> 3934 (22.9477, 3.05071)
    2053 (14.1969, -1.4079) -> 4158 (12.6403, -1.95741)
    2054 (20.3212, -13.3614) -> 4695 (19.277, -11.6883)
    2055 (18.8619, -5.42934) -> 4048 (17.3882, -4.21948)
    2056 (1.5705, 22.5283) -> 4308 (1.73181, 20.9181)
    2057 (12.5306, -16.4858) -> 2921 (10.7439, -15.6685)
    2058 (17.6036, 20.0458) -> 4636 (16.5895, 20.5929)
    2059 (1.18347, -4.57848) -> 3213 (1.25195, -2.77937)
    2060 (21.4746, 9.43439) -> 3957 (21.4637, 7.78735)
    2061 (23.9395, -19.9107) -> 3965 (22.0752, -20.2421)
    2062 (13.4276, -17.8689) -> 3253 (11.6937, -17.917)
    2063 (8.6963, -12.9751) -> 3976 (9.28748, -11.147)
    2064 (24.9295, 15.1127) -> 4678 (23.6165, 13.6428)
    2065 (23.9727, -7.8703) -> 4757 (23.1224, -6.21105)
    2066 (17.3305, -21.9205) -> 3190 (15.6751, -20.842)
    2067 (7.40275, -0.731353) -> 4771 (5.83442, -1.01136)
    2068 (1.91292, 12.8089) -> 2032 (0.691741, 13.7392)
    2069 (4.41758, -20.6387) -> 4681 (4.44427, -18.9163)
    2070 (5.61609, 0.223613) -> 4358 (4.19574, -0.729991)
    2071 (12.9286, 19.0806) -> 4737 (11.2359, 19.1726)
    2072 (9.17418, 5.92355) -> 2199 (7.68854, 4.79224)
    2073 (23.9525, 11.3025) -> 4767 (24.4793, 9.79744)
    2074 (0.99228, 23.2806) -> 4961 (1.72572, 21.6179)
    2075 (11.326, 18.012) -> 615 (9.70213, 18.6531)
    2076 (22.8352, 5.29185) -> 3037 (21.3804, 4.28755)
    2077 (21.9049, -7.90462) -> 3635 (20.5986, -6.44278)
    2078 (5.22406, -15.6324) -> 4804 (3.43757, -16.4381)
    2079 (2.74717, 13.7842) -> 252 (1.35482, 13.641)
    2080 (23.2209, -22.0266) -> 4934 (21.5623, -22.3834)
    2081 (21.9338, -4.61826) -> 2629 (20.8787, -5.90282)
    2082 (17.6733, -13.008) -> 4892 (16.0667, -14.1298)
    2083 (21.2399, -3.92168) -> 4995 (19.8962, -5.16392)
    2084 (3.52235, -19.1537) -> 4661 (4.07162, -17.4791)
    2085 (0.588531, -11.4613) -> 4524 (1.35674, -9.65064)
    2086 (0.824092, 3.48161) -> 1760 (1.46315, 5.06997)
    2087 (13.7543, 15.2388) -> 3404 (13.2168, 16.9898)
    2088 (5.83636, -18.7966) -> 2158 (4.19591, -18.0574)
    2089 (16.9071, -2.65703) -> 4714 (15.6013, -3.11525)
    2090 (3.60886, 8.23689) -> 1203 (2.52976, 9.62446)
    2091 (9.16356, -2.00391) -> 3518 (7.37336, -1.54744)
    2092 (8.02871, 16.4252) -> 3268 (6.07605, 16.1278)
    2093 (22.9438, -6.9765) -> 4493 (21.5283, -7.82737)
    2094 (24.9071, 23.6125) -> 2926 (24.024, 22.2556)
    2095 (23.855, 7.69841) -> 2459 (23.9451, 5.8978)
    2096 (2.86502, 6.12375) -> 2108 (2.09746, 7.68879)
    2097 (7.98529, 17.2379) -> 2957 (6.32303, 16.2411)
    2098 (17.5525, -23.1644) -> 4528 (17.5116, -21.3939)
    2099 (15.4429, 6.68197) -> 4957 (13.5709, 6.19059)
    2100 (13.5451, 24.0495) -> 4930 (12.2274, 23.0717)
    2101 (18.6564, -2.44983) -> 4250 (17.9988, -3.97385)
    2102 (17.5422, 12.6514) -> 4784 (18.9907, 12.1265)
    2103 (2.10798, 10.0556) -> 3506 (0.759727, 11.2816)
    2104 (5.7569, -17.9187) -> 4661 (4.07162, -17.4791)
    2105 (14.0496, 15.4738) -> 3404 (13.2168, 16.9898)
    2106 (19.8249, 21.1001) -> 3276 (17.9378, 21.4443)
    2107 (8.35893, 2.39437) -> 3091 (6.64493, 2.4598)
    2108 (2.09746, 7.68879) -> 1203 (2.52976, 9.62446)
    2109 (22.7673, -10.2296) -> 2600 (20.9149, -10.5843)
    2110 (12.1285, 0.264983) -> 3884 (10.3504, -0.435196)
    2111 (13.762, -16.5957) -> 4177 (13.5272, -14.6408)
    2112 (11.6472, -8.33722) -> 3486 (9.85804, -7.62232)
    2113 (20.1721, -11.6926) -> 4645 (19.7823, -13.4613)
    2114 (22.3056, 8.68319) -> 4175 (21.9525, 6.9397)
    2115 (3.00294, -23.3425) -> 4520 (2.0938, -21.8662)
    2116 (15.7541, 20.1505) -> 3303 (14.5707, 20.7727)
    2117 (15.9976, 19.965) -> 2445 (14.456, 20.028)
    2118 (5.1139, -24.4612) -> 4486 (4.04798, -22.8306)
    2119 (3.05788, 24.2527) -> 4849 (1.75756, 23.4765)
    2120 (21.9232, 14.9286) -> 4908 (23.6373, 13.9209)
    2121 (3.0887, 21.1638) -> 200 (2.16381, 19.7323)
    2122 (11.537, 5.46585) -> 2290 (9.80933, 4.72448)
    2123 (7.10176, -16.5779) -> 4966 (7.04708, -14.9667)
    2124 (22.2971, 21.6651) -> 4842 (23.5211, 20.6225)
    2125 (9.38019, -0.0652104) -> 3331 (8.38238, 1.50582)
    2126 (0.245944, -7.43486) -> 4129 (0.751807, -5.68577)
    2127 (22.1662, -20.4692) -> 4993 (21.5479, -22.3108)
    2128 (17.9405, 23.837) -> 4347 (16.1563, 23.7377)
    2129 (18.9944, 3.30462) -> 4219 (17.68, 1.97289)
    2130 (15.688, -16.9057) -> 4271 (14.2525, -16.8287)
    2131 (11.478, 19.1189) -> 594 (9.77202, 18.9445)
    2132 (16.6989, -4.93304) -> 4107 (14.843, -4.91932)
    2133 (23.7751, 24.733) -> 4215 (22.8162, 23.0616)
    2134 (8.90589, -18.6708) -> 4296 (8.07341, -16.9598)
    2135 (20.8358, 18.5939) -> 4352 (21.5681, 17.1463)
    2136 (19.9849, 10.0337) -> 4397 (20.9244, 8.89045)
    2137 (13.8745, 15.9689) -> 793 (12.4132, 17.1328)
    2138 (4.41721, -2.20397) -> 4738 (3.61253, -0.545802)
    2139 (14.039, -2.26569) -> 4687 (12.5481, -2.99629)
    2140 (7.6643, -6.16566) -> 4279 (6.05282, -5.71195)
    2141 (1.16693, -15.8246) -> 3906 (1.21613, -14.2481)
    2142 (3.72233, 8.18761) -> 1203 (2.52976, 9.62446)
    2143 (2.13128, -0.35191) -> 2352 (1.32496, 0.961294)
    2144 (15.8117, -13.3732) -> 3987 (14.2733, -13.5869)
    2145 (3.11451, 5.94648) -> 3540 (2.87476, 7.86133)
    2146 (23.8807, -2.52616) -> 4055 (23.8929, -4.23196)
    2147 (23.3829, 4.85099) -> 3020 (22.8639, 2.98516)
    2148 (17.6485, -0.621038) -> 4086 (16.195, -1.41026)
    2149 (23.9065, 9.63975) -> 4466 (24.869, 7.89657)
    2150 (15.5878, 3.17874) -> 1762 (13.723, 2.54572)
    2151 (24.8894, 0.869948) -> 4051 (24.602, -1.1078)
    2152 (12.8119, 5.20375) -> 2862 (11.1564, 4.47099)
    2153 (21.5498, 24.1935) -> 3780 (20.643, 23.7372)
    2154 (6.81187, -15.2016) -> 4229 (5.86804, -13.6323)
    2155 (21.703, 8.8212) -> 4175 (21.9525, 6.9397)
    2156 (18.0922, -2.76887) -> 3230 (16.5858, -1.47109)
    2157 (8.29283, 4.26215) -> 883 (6.50096, 4.76549)
    2158 (4.19591, -18.0574) -> 4804 (3.43757, -16.4381)
    2159 (11.2011, 8.61642) -> 620 (9.26834, 8.65025)
    2160 (14.2681, -10.2699) -> 3496 (12.7513, -9.01149)
    2161 (20.7846, 13.3934) -> 4852 (20.8215, 11.7723)
    2162 (18.7798, -20.3202) -> 4512 (19.5407, -18.5614)
    2163 (17.5076, -1.0018) -> 3724 (15.6633, -1.55461)
    2164 (5.98576, 7.85585) -> 2014 (4.23255, 8.63561)
    2165 (5.40546, -9.65683) -> 4128 (4.68948, -7.8288)
    2166 (6.94642, 11.8837) -> 3348 (5.38697, 11.7644)
    2167 (7.75005, 19.9684) -> 3409 (5.93898, 19.2327)
    2168 (3.06457, -10.693) -> 769 (1.70927, -9.40939)
    2169 (10.5892, -8.45912) -> 3896 (8.73996, -7.74598)
    2170 (20.9337, -7.74864) -> 4998 (19.4185, -7.18329)
    2171 (24.6004, -5.52803) -> 4757 (23.1224, -6.21105)
    2172 (15.0122, 16.7538) -> 409 (13.1775, 17.5296)
    2173 (21.4007, 18.386) -> 117 (21.9798, 16.4903)
    2174 (22.7755, -12.2448) -> 3449 (21.3647, -13.2549)
    2175 (22.5417, 9.26909) -> 3957 (21.4637, 7.78735)
    2176 (17.4748, -4.43904) -> 3205 (15.6407, -5.09429)
    2177 (5.80074, -22.477) -> 3900 (4.08301, -21.5514)
    2178 (11.7602, 22.4711) -> 4044 (10.3701, 22.1395)
    2179 (8.70367, -22.3658) -> 4309 (9.12034, -20.5494)
    2180 (13.0551, 0.860024) -> 4300 (11.3558, 1.79722)
    2181 (4.0355, -17.9962) -> 4859 (4.0691, -16.0477)
    2182 (16.1968, 19.6237) -> 3303 (14.5707, 20.7727)
    2183 (6.04702, -18.7169) -> 4893 (4.34938, -18.0494)
    2184 (12.7775, 7.65765) -> 2960 (11.8537, 5.88525)
    2185 (23.292, 13.0586) -> 2073 (23.9525, 11.3025)
    2186 (9.5433, -16.3436) -> 4516 (8.26395, -14.9902)
    2187 (5.11843, 8.56378) -> 3516 (3.2278, 8.45607)
    2188 (2.18513, 9.30458) -> 4415 (0.530228, 10.1099)
    2189 (15.9044, -24.793) -> 4875 (14.2647, -23.9018)
    2190 (9.68802, -19.1679) -> 3251 (8.04796, -18.0698)
    2191 (3.80611, 20.7976) -> 200 (2.16381, 19.7323)
    2192 (22.6758, -19.5514) -> 3467 (21.0116, -18.7531)
    2193 (3.27774, 17.8503) -> 3685 (1.74557, 16.7429)
    2194 (14.7729, 12.5317) -> 466 (16.1927, 11.1381)
    2195 (23.2896, 21.2086) -> 4718 (23.9365, 19.6462)
    2196 (13.3744, 9.92366) -> 2398 (14.0096, 8.40583)
    2197 (3.53032, -17.4051) -> 4859 (4.0691, -16.0477)
    2198 (11.7346, 18.4909) -> 3964 (10.1485, 19.6963)
    2199 (7.68854, 4.79224) -> 4023 (5.93666, 3.88205)
    2200 (9.58239, 3.41409) -> 1545 (7.7579, 3.21438)
    2201 (0.966777, -0.0814233) -> 2844 (2.42695, 0.430136)
    2202 (1.55538, 11.0425) -> 4200 (0.0480264, 11.8008)
    2203 (21.591, -10.7677) -> 4997 (19.7736, -10.1651)
    2204 (2.23018, 5.01907) -> 867 (1.63574, 6.82841)
    2205 (0.193161, -20.7405) -> 834 (0.269671, -18.8349)
    2206 (15.102, 16.6389) -> 4614 (14.204, 18.2181)
    2207 (6.72798, 4.98035) -> 2250 (4.81397, 5.53536)
    2208 (10.0614, 23.5522) -> 4702 (8.72889, 22.0799)
    2209 (14.5147, 24.7053) -> 4703 (12.8324, 23.8522)
    2210 (12.5756, 16.9989) -> 3927 (12.0513, 18.5401)
    2211 (15.7209, 10.9884) -> 1513 (16.5717, 9.58183)
    2212 (11.4731, -3.27825) -> 3175 (9.80323, -2.19676)
    2213 (12.8058, -24.8966) -> 4884 (13.0748, -23.0059)
    2214 (12.1936, -2.89921) -> 4949 (10.3755, -2.40615)
    2215 (1.47283, -23.5251) -> 4520 (2.0938, -21.8662)
    2216 (4.45721, -7.19441) -> 4994 (3.27264, -5.80851)
    2217 (7.8674, 16.2973) -> 3268 (6.07605, 16.1278)
    2218 (2.76852, -20.3497) -> 4160 (4.59505, -19.8503)
    2219 (3.7942, 11.802) -> 241 (1.86767, 11.5684)
    2220 (7.84075, -6.03225) -> 4279 (6.05282, -5.71195)
    2221 (1.92624, -10.3644) -> 2880 (2.97462, -9.15248)
    2222 (10.394, -20.2466) -> 4531 (9.81906, -18.4741)
    2223 (21.2302, 8.04823) -> 3959 (20.2333, 6.69788)
    2224 (22.9199, 7.70723) -> 2326 (21.8552, 6.15203)
    2225 (7.01242, -24.6307) -> 4691 (6.53165, -23.2749)
    2226 (16.165, -9.71473) -> 3784 (14.2409, -10.1185)
    2227 (1.98789, 11.4755) -> 2039 (1.00212, 13.0083)
    2228 (6.2165, -4.25371) -> 4526 (4.25553, -4.60618)
    2229 (10.2691, 19.9389) -> 2790 (9.03492, 20.6209)
    2230 (1.23635, 20.6371) -> 4142 (0.352683, 18.8645)
    2231 (22.6638, -8.49772) -> 3839 (21.1537, -7.28301)
    2232 (9.03942, -8.9811) -> 4009 (8.13967, -7.3532)
    2233 (15.6224, -0.936405) -> 4647 (13.9366, -0.656468)
    2234 (4.99497, -12.1074) -> 3598 (4.1614, -10.5143)
    2235 (12.3941, -14.3308) -> 3463 (11.2017, -12.9398)
    2236 (22.1537, -24.3585) -> 3376 (20.41, -24.4005)
    2237 (19.1985, 4.08072) -> 4807 (18.6407, 2.38247)
    2238 (23.3942, -17.7368) -> 4387 (21.4988, -17.6699)
    2239 (7.15349, -16.9568) -> 4966 (7.04708, -14.9667)
    2240 (18.0841, -24.389) -> 4980 (16.7874, -22.8709)
    2241 (15.4503, -24.7192) -> 4283 (13.7737, -24.0501)
    2242 (19.2503, 6.28629) -> 4349 (19.1376, 4.37345)
    2243 (6.5561, -21.241) -> 4696 (5.18294, -20.3561)
    2244 (17.4432, -16.3953) -> 4620 (16.202, -15.1413)
    2245 (5.45781, 11.5892) -> 4640 (3.53014, 11.9778)
    2246 (23.7399, 21.5253) -> 4718 (23.9365, 19.6462)
    2247 (12.5926, 21.4441) -> 2606 (10.9734, 20.7642)
    2248 (1.2992, -8.07962) -> 2856 (0.871456, -6.14014)
    2249 (4.31345, 22.3624) -> 4551 (3.77756, 20.5271)
    2250 (4.81397, 5.53536) -> 493 (3.01303, 6.16193)
    2251 (4.90613, 8.9234) -> 3464 (3.58264, 10.1778)
    2252 (7.54775, -15.3008) -> 4134 (7.2656, -13.8308)
    2253 (2.23144, -14.3268) -> 3618 (2.53912, -12.3672)
    2254 (1.89743, -2.20751) -> 4597 (1.7908, -0.81154)
    2255 (4.04469, 14.8393) -> 2984 (2.56304, 15.8109)
    2256 (21.5279, -14.2716) -> 4666 (19.6784, -14.4495)
    2257 (11.4457, -11.0381) -> 2760 (9.79668, -10.2949)
    2258 (7.53578, 17.7758) -> 2552 (5.90312, 17.0579)
    2259 (19.559, 24.4002) -> 4963 (18.3061, 23.958)
    2260 (10.2849, -17.2935) -> 4871 (8.55156, -17.0648)
    2261 (12.1802, -8.89931) -> 4203 (10.5153, -9.40112)
    2262 (17.926, 17.4624) -> 4428 (19.6787, 16.8445)
    2263 (11.4223, 7.35655) -> 4223 (9.43664, 7.30399)
    2264 (23.4997, -0.842832) -> 163 (22.4923, -2.39212)
    2265 (1.72882, 19.2805) -> 3628 (0.874958, 18.1495)
    2266 (16.4388, 2.20146) -> 900 (14.8806, 0.966582)
    2267 (22.9204, 2.88262) -> 2308 (21.3707, 1.69323)
    2268 (20.1095, -1.5923) -> 3579 (18.2555, -1.19417)
    2269 (17.4935, -21.381) -> 4120 (15.6595, -20.8113)
    2270 (24.1652, 4.82396) -> 3378 (24.2926, 3.00562)
    2271 (7.53222, 14.8713) -> 808 (5.92485, 15.5384)
    2272 (6.26512, -2.52155) -> 4592 (4.5215, -1.86289)
    2273 (13.4627, -22.2826) -> 3902 (12.508, -20.6653)
    2274 (16.3198, -21.9594) -> 4775 (14.9436, -22.4333)
    2275 (4.64034, -16.5664) -> 4804 (3.43757, -16.4381)
    2276 (15.042, -14.3196) -> 4204 (13.2235, -14.5446)
    2277 (22.066, -7.10399) -> 4442 (20.5718, -6.39298)
    2278 (1.62886, -20.8898) -> 4041 (2.49543, -19.2891)
    2279 (18.1105, -7.44424) -> 3871 (16.3494, -7.33603)
    2280 (22.4575, -19.1759) -> 3467 (21.0116, -18.7531)
    2281 (21.737, -1.12593) -> 4190 (19.8899, -1.79064)
    2282 (2.11675, 8.9889) -> 4415 (0.530228, 10.1099)
    2283 (1.24414, 4.10469) -> 124 (1.49085, 6.01571)
    2284 (7.92288, -6.0674) -> 4279 (6.05282, -5.71195)
    2285 (4.183, 18.8349) -> 4952 (2.69846, 17.7486)
    2286 (6.45667, 15.0795) -> 4863 (4.70351, 15.1284)
    2287 (23.2462, -3.57491) -> 4964 (21.5992, -3.29105)
    2288 (1.93518, -0.965117) -> 2365 (1.29897, 0.447401)
    2289 (4.88006, -19.0864) -> 4712 (4.91342, -17.2199)
    2290 (9.80933, 4.72448) -> 1638 (8.21087, 3.93389)
    2291 (3.00296, 21.0546) -> 200 (2.16381, 19.7323)
    2292 (15.1993, -22.9853) -> 4626 (13.3171, -22.3757)
    2293 (16.3487, -10.7662) -> 4373 (14.9381, -9.71469)
    2294 (13.9218, 17.1369) -> 2809 (12.2948, 18.2899)
    2295 (5.78595, -23.9837) -> 3491 (6.76552, -22.5709)
    2296 (17.0089, -1.01132) -> 3458 (15.4985, -1.16677)
    2297 (20.2359, -11.4019) -> 4595 (18.7382, -12.136)
    2298 (15.1788, -10.1408) -> 4127 (13.7784, -10.8968)
    2299 (3.6092, -12.7063) -> 4434 (4.22309, -10.8684)
    2300 (5.03444, -4.30351) -> 3440 (3.94354, -2.76683)
    2301 (19.8244, -2.25836) -> 4315 (18.6603, -3.14745)
    2302 (23.9917, -6.68361) -> 4751 (22.8027, -7.64561)
    2303 (9.36928, 8.93547) -> 2401 (7.91756, 8.00651)
    2304 (1.6117, -7.93069) -> 2856 (0.871456, -6.14014)
    2305 (20.8792, 3.40171) -> 3336 (19.1924, 2.86451)
    2306 (7.83238, 20.84) -> 1973 (5.99714, 20.2119)
    2307 (14.4759, -3.16025) -> 4687 (12.5481, -2.99629)
    2308 (21.3707, 1.69323) -> 3097 (20.6795, 0.0654361)
    2309 (2.27289, -7.95389) -> 2492 (0.411788, -8.08828)
    2310 (20.0313, 16.8141) -> 4352 (21.5681, 17.1463)
    2311 (14.523, -3.28951) -> 4687 (12.5481, -2.99629)
    2312 (15.7142, -22.7585) -> 4613 (14.003, -21.8123)
    2313 (14.3255, 21.3902) -> 1509 (12.629, 21.069)
    2314 (13.8433, -16.0032) -> 4538 (12.0236, -15.3938)
    2315 (18.6791, -17.0082) -> 4331 (17.5598, -18.4484)
    2316 (5.77803, -24.9541) -> 4918 (5.53671, -23.0209)
    2317 (15.68, -6.95219) -> 3078 (13.9484, -6.21816)
    2318 (17.1408, 20.2277) -> 4019 (15.7686, 19.9136)
    2319 (24.8729, -2.63315) -> 4715 (23.2769, -2.9182)
    2320 (4.88694, -11.9941) -> 3971 (3.93156, -10.2977)
    2321 (0.499572, 19.907) -> 3255 (0.836531, 18.2994)
    2322 (11.021, 19.5158) -> 3594 (9.26565, 19.2119)
    2323 (7.7262, -13.5843) -> 4229 (5.86804, -13.6323)
    2324 (19.9503, 0.534372) -> 43 (18.7835, -0.829169)
    2325 (8.87524, -21.6785) -> 4309 (9.12034, -20.5494)
    2326 (21.8552, 6.15203) -> 3037 (21.3804, 4.28755)
    2327 (7.15177, 11.2355) -> 1015 (5.51012, 10.2665)
    2328 (22.2532, -5.84717) -> 4442 (20.5718, -6.39298)
    2329 (1.09674, -6.47849) -> 4357 (1.58069, -4.56045)
    2330 (15.8414, -11.6538) -> 4457 (14.5312, -13.0296)
    2331 (24.6642, -23.6572) -> 3527 (23.7863, -22.4811)
    2332 (5.6218, 1.92432) -> 2614 (4.08111, 3.16477)
    2333 (12.1309, 24.5546) -> 4571 (11.6663, 23.5494)
    2334 (16.2279, -23.3347) -> 1535 (14.45, -23.1404)
    2335 (2.71992, 9.20205) -> 608 (1.29079, 9.72778)
    2336 (4.78077, -8.02946) -> 4527 (3.10311, -7.24404)
    2337 (7.35484, -11.2478) -> 4401 (7.01688, -9.43146)
    2338 (2.36033, -5.66983) -> 2685 (2.11139, -3.77373)
    2339 (19.9104, -12.543) -> 3779 (18.308, -12.8774)
    2340 (20.6762, -7.82909) -> 4998 (19.4185, -7.18329)
    2341 (7.63647, -11.851) -> 2657 (6.90154, -10.045)
    2342 (21.6793, 22.9219) -> 4759 (20.0778, 22.9629)
    2343 (4.83548, -16.9768) -> 4612 (3.2336, -16.3296)
    2344 (8.30324, -23.3412) -> 4078 (6.77704, -22.8027)
    2345 (23.9948, -10.1756) -> 3542 (23.1204, -11.9123)
    2346 (2.84199, 4.35971) -> 2895 (1.91752, 5.8973)
    2347 (17.9811, -6.30297) -> 3871 (16.3494, -7.33603)
    2348 (9.85012, -18.2771) -> 4871 (8.55156, -17.0648)
    2349 (14.4819, 22.0944) -> 4426 (12.5703, 22.3299)
    2350 (6.23329, -12.601) -> 4376 (4.3615, -12.4867)
    2351 (9.62079, -18.8811) -> 2879 (8.16718, -17.596)
    2352 (1.32496, 0.961294) -> 1342 (0.301531, 2.39194)
    2353 (2.07894, 21.3767) -> 3167 (2.13628, 19.6299)
    2354 (9.1032, 18.5082) -> 4424 (7.45064, 18.4182)
    2355 (0.0994661, -11.7601) -> 3498 (1.20027, -10.2072)
    2356 (10.7097, -21.9626) -> 3615 (10.4746, -20.0153)
    2357 (5.79873, 9.78423) -> 2014 (4.23255, 8.63561)
    2358 (7.57918, 22.7086) -> 4186 (5.70663, 22.0414)
    2359 (16.5298, -13.4516) -> 4898 (15.1089, -12.8753)
    2360 (18.5619, -7.10691) -> 563 (17.0752, -5.91793)
    2361 (24.5864, -18.5922) -> 4629 (23.0105, -19.2304)
    2362 (15.0745, 12.7119) -> 3138 (16.8484, 11.832)
    2363 (13.1909, -18.9843) -> 4694 (11.2945, -18.3801)
    2364 (3.79052, -9.68684) -> 4547 (3.03155, -8.66594)
    2365 (1.29897, 0.447401) -> 4033 (1.03556, 2.26867)
    2366 (6.73202, 18.267) -> 2446 (4.93035, 17.7493)
    2367 (3.9861, -1.55852) -> 2533 (2.22126, -0.784973)
    2368 (23.0808, -8.91599) -> 4493 (21.5283, -7.82737)
    2369 (6.1789, -8.83734) -> 4128 (4.68948, -7.8288)
    2370 (1.17444, -16.6799) -> 4697 (1.33167, -14.7752)
    2371 (20.1781, -16.8288) -> 4920 (19.0771, -15.6503)
    2372 (11.3412, -6.88991) -> 3801 (10.5029, -5.7525)
    2373 (8.72294, -10.6854) -> 4431 (9.16178, -8.79422)
    2374 (22.8476, -18.8686) -> 3467 (21.0116, -18.7531)
    2375 (6.67172, 18.6689) -> 2446 (4.93035, 17.7493)
    2376 (6.90777, 16.7041) -> 1602 (5.09666, 17.4312)
    2377 (24.3954, -9.03624) -> 4558 (22.731, -9.5924)
    2378 (17.5635, -9.94935) -> 4598 (17.4288, -11.6972)
    2379 (9.71288, -24.7224) -> 2344 (8.30324, -23.3412)
    2380 (17.6559, -10.0833) -> 3945 (15.9709, -9.41021)
    2381 (9.5595, -16.948) -> 4383 (8.12619, -16.8191)
    2382 (7.79855, -9.6933) -> 2369 (6.1789, -8.83734)
    2383 (21.3686, -21.2186) -> 4161 (20.2412, -19.781)
    2384 (17.3587, 20.3981) -> 4636 (16.5895, 20.5929)
    2385 (11.1229, 4.9334) -> 4125 (9.41818, 3.89335)
    2386 (21.9351, 18.6828) -> 3033 (23.2312, 17.3075)
    2387 (12.3513, 17.4868) -> 3689 (10.5138, 17.8881)
    2388 (4.57024, 17.5061) -> 1794 (2.70404, 16.8477)
    2389 (10.5436, -17.6384) -> 4482 (8.91158, -16.7805)
    2390 (4.32851, 4.63187) -> 2864 (3.2364, 6.25582)
    2391 (0.29278, -5.69465) -> 1415 (0.222397, -3.82268)
    2392 (3.88169, 15.3995) -> 3278 (2.08078, 15.7003)
    2393 (1.62482, -6.53741) -> 4357 (1.58069, -4.56045)
    2394 (21.477, 17.1369) -> 4402 (22.3462, 15.4138)
    2395 (14.1433, 1.54712) -> 814 (12.1826, 1.30334)
    2396 (21.5151, -20.4219) -> 4161 (20.2412, -19.781)
    2397 (18.321, -13.8707) -> 4857 (16.9831, -12.5041)
    2398 (14.0096, 8.40583) -> 40 (14.3649, 6.46967)
    2399 (20.3619, -4.76253) -> 4042 (19.1941, -6.3548)
    2400 (14.8663, -0.539247) -> 3721 (13.0506, -0.655411)
    2401 (7.91756, 8.00651) -> 2164 (5.98576, 7.85585)
    2402 (22.6148, 7.86248) -> 2326 (21.8552, 6.15203)
    2403 (1.53531, 24.4418) -> 3869 (0.331229, 22.8773)
    2404 (2.14508, -2.45477) -> 2016 (1.66896, -0.794607)
    2405 (20.0877, 11.3594) -> 4525 (19.4218, 9.49423)
    2406 (13.0522, -0.368953) -> 4586 (12.0826, -1.84258)
    2407 (1.08517, -21.277) -> 3108 (2.53249, -19.9258)
    2408 (23.9152, -12.1093) -> 4705 (23.2099, -13.6527)
    2409 (0.83685, -10.3119) -> 4036 (0.27757, -9.02766)
    2410 (4.53184, -19.5579) -> 4447 (4.44016, -17.6648)
    2411 (0.357052, -13.7023) -> 2853 (1.7131, -12.8244)
    2412 (20.0207, -17.896) -> 4942 (18.1879, -17.1226)
    2413 (19.4678, -15.4498) -> 3887 (17.7812, -15.3213)
    2414 (0.758501, -24.7814) -> 4199 (0.344896, -23.0383)
    2415 (19.4424, -7.20378) -> 4523 (17.749, -7.71292)
    2416 (19.634, -11.4196) -> 3779 (18.308, -12.8774)
    2417 (9.4249, 10.0662) -> 4406 (7.97699, 8.73028)
    2418 (21.7377, -18.2417) -> 4211 (20.5914, -16.9243)
    2419 (5.48064, -14.2739) -> 4205 (5.87124, -12.452)
    2420 (9.80475, 2.41085) -> 3331 (8.38238, 1.50582)
    2421 (15.0532, 17.0429) -> 4614 (14.204, 18.2181)
    2422 (4.84062, -18.9011) -> 4712 (4.91342, -17.2199)
    2423 (19.5398, 24.1456) -> 4963 (18.3061, 23.958)
    2424 (3.38839, -20.6899) -> 3797 (4.9972, -19.8233)
    2425 (8.77359, -18.4982) -> 4437 (8.23494, -16.6439)
    2426 (2.67653, 1.78001) -> 3224 (1.02496, 2.41447)
    2427 (13.6449, 3.31707) -> 581 (11.8818, 2.86649)
    2428 (3.13662, -21.8696) -> 4061 (3.70232, -20.4277)
    2429 (11.6126, -3.28945) -> 2828 (10.0363, -3.28964)
    2430 (5.95999, 17.687) -> 2717 (4.03472, 17.3843)
    2431 (8.67605, 18.3992) -> 2366 (6.73202, 18.267)
    2432 (19.287, 2.1732) -> 4219 (17.68, 1.97289)
    2433 (13.5891, -7.13561) -> 2831 (12.2764, -6.1269)
    2434 (5.00614, -6.2963) -> 4526 (4.25553, -4.60618)
    2435 (23.3275, -6.75641) -> 3408 (21.958, -7.85214)
    2436 (12.7735, 23.9434) -> 4571 (11.6663, 23.5494)
    2437 (6.53696, 8.85642) -> 3492 (5.22485, 7.6775)
    2438 (8.74738, 18.7883) -> 4113 (6.88448, 18.7121)
    2439 (16.8487, 12.7454) -> 2637 (18.541, 11.8979)
    2440 (8.63002, -24.2681) -> 4459 (7.00046, -24.5834)
    2441 (22.3233, -7.32083) -> 4442 (20.5718, -6.39298)
    2442 (13.1096, 5.72724) -> 4707 (11.8877, 4.38416)
    2443 (1.88338, -14.27) -> 4311 (1.25021, -12.9724)
    2444 (9.44213, 22.7932) -> 4682 (7.95338, 22.1708)
    2445 (14.456, 20.028) -> 3469 (13.2594, 20.2748)
    2446 (4.93035, 17.7493) -> 4734 (3.0923, 17.3708)
    2447 (11.4843, 24.5467) -> 4257 (9.77165, 23.9642)
    2448 (19.4309, 9.72102) -> 3866 (17.9234, 8.53355)
    2449 (9.44601, -1.28919) -> 3306 (7.83822, -0.711943)
    2450 (19.2908, -12.3949) -> 4598 (17.4288, -11.6972)
    2451 (22.3672, -4.14428) -> 4202 (20.6499, -4.07617)
    2452 (13.466, -19.7116) -> 3774 (11.5503, -19.5644)
    2453 (11.989, -13.8925) -> 4552 (11.9441, -11.9102)
    2454 (5.00087, -13.8441) -> 4841 (3.74825, -12.3177)
    2455 (15.048, -17.5449) -> 4974 (13.4769, -17.4646)
    2456 (15.1903, -14.4967) -> 4204 (13.2235, -14.5446)
    2457 (11.9656, -22.9065) -> 4539 (10.9389, -21.4213)
    2458 (8.07883, -1.54891) -> 4599 (6.46531, -0.773115)
    2459 (23.9451, 5.8978) -> 3576 (24.6376, 4.07352)
    2460 (1.40041, -12.4249) -> 2914 (1.86024, -10.488)
    2461 (17.0493, 19.8637) -> 4019 (15.7686, 19.9136)
    2462 (14.3771, 7.39661) -> 4847 (14.5481, 5.41584)
    2463 (23.4171, 22.8072) -> 3072 (22.9472, 20.9108)
    2464 (2.4812, 12.6154) -> 2039 (1.00212, 13.0083)
    2465 (20.2008, 19.8218) -> 4791 (22.0044, 20.2167)
    2466 (13.8596, -1.74142) -> 4586 (12.0826, -1.84258)
    2467 (20.7299, 7.91461) -> 3959 (20.2333, 6.69788)
    2468 (15.1863, -17.9509) -> 4974 (13.4769, -17.4646)
    2469 (22.4819, -7.55872) -> 3839 (21.1537, -7.28301)
    2470 (1.58042, 12.0103) -> 2032 (0.691741, 13.7392)
    2471 (12.5938, -18.2337) -> 4474 (11.0985, -18.4325)
    2472 (7.08363, -4.85086) -> 4637 (5.14172, -5.32614)
    2473 (7.44041, -24.4059) -> 4691 (6.53165, -23.2749)
    2474 (21.9307, -18.2708) -> 4211 (20.5914, -16.9243)
    2475 (2.43107, -12.9559) -> 414 (2.28911, -11.0866)
    2476 (17.4848, 19.3967) -> 4537 (15.7766, 19.5739)
    2477 (5.16158, -4.93878) -> 4868 (4.92446, -3.66779)
    2478 (14.5656, 6.76321) -> 2442 (13.1096, 5.72724)
    2479 (17.3337, 23.3073) -> 4671 (15.9445, 22.1731)
    2480 (8.65611, 24.4641) -> 4360 (7.47835, 24.9509)
    2481 (21.7653, 19.6888) -> 3399 (23.6676, 19.129)
    2482 (21.472, -18.026) -> 4211 (20.5914, -16.9243)
    2483 (8.00614, -18.9029) -> 4284 (7.33526, -17.0736)
    2484 (2.78446, 16.4387) -> 3753 (1.31803, 16.2185)
    2485 (6.05827, 7.77856) -> 3723 (4.0852, 7.54967)
    2486 (10.9793, -16.1987) -> 4676 (9.03383, -16.1292)
    2487 (24.3297, 15.2011) -> 2532 (23.4309, 13.5183)
    2488 (5.20024, 4.48873) -> 4981 (4.5821, 6.28976)
    2489 (22.8725, -18.294) -> 3327 (21.0394, -18.2216)
    2490 (23.2191, -13.8592) -> 3449 (21.3647, -13.2549)
    2491 (12.1919, -12.5128) -> 3875 (10.2539, -12.2532)
    2492 (0.411788, -8.08828) -> 4545 (0.248552, -6.12266)
    2493 (9.07687, -24.4778) -> 4701 (7.5936, -23.7232)
    2494 (18.3069, 14.5292) -> 4452 (19.5311, 13.1828)
    2495 (4.13818, 1.11733) -> 2844 (2.42695, 0.430136)
    2496 (6.71559, -9.06425) -> 3120 (4.85278, -9.64961)
    2497 (19.5659, 15.3008) -> 4099 (21.3779, 14.7259)
    2498 (2.08274, -15.5987) -> 4617 (3.10117, -14.5328)
    2499 (8.6432, 8.6204) -> 2735 (7.37332, 7.17153)
    2500 (23.0848, -15.0915) -> 4705 (23.2099, -13.6527)
    2501 (15.5705, -6.15652) -> 3483 (14.1116, -6.15257)
    2502 (16.8983, -24.2327) -> 4980 (16.7874, -22.8709)
    2503 (7.61813, 1.50357) -> 2751 (5.63875, 1.63737)
    2504 (13.9091, -7.41546) -> 3792 (12.1383, -6.49412)
    2505 (21.0441, 8.9855) -> 4851 (20.7143, 7.27178)
    2506 (4.89897, 0.0792116) -> 4325 (3.2123, 0.874501)
    2507 (9.15826, -10.6185) -> 3382 (7.88034, -9.75111)
    2508 (16.1491, 19.5094) -> 2445 (14.456, 20.028)
    2509 (6.29071, -23.0601) -> 571 (5.17286, -21.4222)
    2510 (7.6126, -24.4088) -> 4691 (6.53165, -23.2749)
    2511 (15.5746, 7.99741) -> 40 (14.3649, 6.46967)
    2512 (16.4228, 23.0961) -> 4686 (14.6852, 22.4722)
    2513 (16.5353, -13.7337) -> 4898 (15.1089, -12.8753)
    2514 (12.4053, 6.97863) -> 2122 (11.537, 5.46585)
    2515 (2.1198, 3.55209) -> 4052 (0.381545, 4.28708)
    2516 (4.58748, -7.53692) -> 3441 (4.08218, -5.667)
    2517 (20.7292, -19.7286) -> 4512 (19.5407, -18.5614)
    2518 (7.44446, -1.86581) -> 4771 (5.83442, -1.01136)
    2519 (23.5845, -0.937633) -> 1849 (22.823, -2.73529)
    2520 (14.7115, 3.04817) -> 4395 (13.8302, 1.31871)
    2521 (10.0979, 23.3464) -> 4702 (8.72889, 22.0799)
    2522 (5.8988, -21.3993) -> 3797 (4.9972, -19.8233)
    2523 (21.5702, 0.13976) -> 4983 (20.3402, -0.828444)
    2524 (19.597, 2.97844) -> 4807 (18.6407, 2.38247)
    2525 (24.8849, 11.7183) -> 4767 (24.4793, 9.79744)
    2526 (17.4608, -23.8034) -> 4368 (17.2135, -21.9049)
    2527 (11.8711, -19.8639) -> 4694 (11.2945, -18.3801)
    2528 (9.31395, -9.21189) -> 3712 (7.82684, -7.93803)
    2529 (6.72982, 14.7426) -> 4886 (4.85317, 14.2368)
    2530 (7.51863, 7.24132) -> 2164 (5.98576, 7.85585)
    2531 (24.1883, 14.3149) -> 4721 (24.4162, 12.4258)
    2532 (23.4309, 13.5183) -> 1804 (23.4903, 11.5789)
    2533 (2.22126, -0.784973) -> 2352 (1.32496, 0.961294)
    2534 (1.35359, 13.9989) -> 0 (1, 15)
    2535 (4.33817, -24.7141) -> 4486 (4.04798, -22.8306)
    2536 (12.0447, -17.3932) -> 4989 (10.4719, -16.3041)
    2537 (14.7357, 19.2493) -> 4967 (12.8081, 18.975)
    2538 (9.19408, 9.95661) -> 1462 (8.75398, 8.0387)
    2539 (14.4242, -15.4431) -> 3987 (14.2733, -13.5869)
    2540 (0.863366, -22.1552) -> 4084 (1.19651, -20.204)
    2541 (2.22132, 0.963911) -> 3224 (1.02496, 2.41447)
    2542 (17.0361, 5.76069) -> 4858 (16.141, 4.1214)
    2543 (4.76017, -5.83049) -> 4150 (3.86398, -4.48943)
    2544 (7.69204, 17.0644) -> 2552 (5.90312, 17.0579)
    2545 (11.6983, -16.8808) -> 4564 (9.95419, -17.1788)
    2546 (20.2849, 10.6519) -> 3842 (19.5648, 9.05011)
    2547 (7.95415, 20.6811) -> 4732 (6.48186, 19.8576)
    2548 (5.69234, -4.39666) -> 4150 (3.86398, -4.48943)
    2549 (8.68529, -21.2198) -> 1155 (8.52703, -19.2978)
    2550 (23.4239, 8.71723) -> 3694 (23.5276, 6.82154)
    2551 (16.5462, 7.51025) -> 4361 (15.1165, 6.61902)
    2552 (5.90312, 17.0579) -> 3810 (3.99496, 16.6926)
    2553 (15.0831, 9.07586) -> 3536 (15.3751, 7.16886)
    2554 (16.5326, 2.51275) -> 4414 (14.9621, 1.33252)
    2555 (6.69591, -6.8386) -> 3280 (5.51632, -5.43721)
    2556 (3.44465, 11.7828) -> 241 (1.86767, 11.5684)
    2557 (23.8624, -2.0947) -> 3166 (22.026, -2.35125)
    2558 (14.9311, 8.8661) -> 1520 (13.8077, 7.45616)
    2559 (2.06788, 22.5911) -> 4308 (1.73181, 20.9181)
    2560 (0.188424, -1.93118) -> 4597 (1.7908, -0.81154)
    2561 (19.2603, -12.4967) -> 4598 (17.4288, -11.6972)
    2562 (3.53629, 21.7054) -> 4984 (2.02137, 21.5066)
    2563 (16.1362, 6.94193) -> 4374 (14.6936, 5.6404)
    2564 (16.9083, -4.42917) -> 4714 (15.6013, -3.11525)
    2565 (18.3694, 10.7544) -> 4525 (19.4218, 9.49423)
    2566 (22.8709, 3.92792) -> 4787 (22.6733, 1.98721)
    2567 (5.71633, 4.90515) -> 2854 (3.93435, 4.43798)
    2568 (15.5531, 20.4152) -> 4548 (14.0111, 21.3867)
    2569 (24.0331, -9.86389) -> 4800 (22.1444, -9.29637)
    2570 (18.0766, 2.3368) -> 4389 (16.2858, 1.98484)
    2571 (0.469067, 6.22486) -> 3233 (0.452821, 7.96872)
    2572 (24.0193, -7.14971) -> 4751 (22.8027, -7.64561)
    2573 (18.3969, -22.7552) -> 4304 (16.5627, -23.5278)
    2574 (10.6455, 8.16548) -> 2784 (10.2321, 6.28273)
    2575 (13.5045, -1.31062) -> 4586 (12.0826, -1.84258)
    2576 (7.94143, 6.1348) -> 883 (6.50096, 4.76549)
    2577 (9.6185, -5.93695) -> 4975 (7.77767, -5.22309)
    2578 (3.55155, -7.49777) -> 4994 (3.27264, -5.80851)
    2579 (13.006, 19.2165) -> 4737 (11.2359, 19.1726)
    2580 (2.19071, -13.5545) -> 4841 (3.74825, -12.3177)
    2581 (14.8415, 16.4208) -> 409 (13.1775, 17.5296)
    2582 (22.781, -8.05986) -> 3530 (21.1036, -7.33592)
    2583 (0.506413, 7.06459) -> 3634 (0.00999175, 8.90237)
    2584 (2.9312, -22.2972) -> 2218 (2.76852, -20.3497)
    2585 (7.06179, 21.605) -> 3955 (5.81598, 20.2182)
    2586 (2.03284, 2.24625) -> 1342 (0.301531, 2.39194)
    2587 (8.65171, -18.9658) -> 2908 (8.35806, -16.9944)
    2588 (21.9068, 12.9703) -> 4862 (22.8459, 11.723)
    2589 (24.7085, -8.44509) -> 4870 (24.4439, -10.262)
    2590 (21.9641, 12.7986) -> 1804 (23.4903, 11.5789)
    2591 (15.981, -15.8031) -> 4892 (16.0667, -14.1298)
    2592 (19.6651, 20.7531) -> 3474 (17.9711, 20.4075)
    2593 (15.8456, 23.3271) -> 4686 (14.6852, 22.4722)
    2594 (10.7163, -22.0207) -> 4838 (9.59535, -21.0082)
    2595 (5.13339, -24.3257) -> 4691 (6.53165, -23.2749)
    2596 (22.1997, 21.7554) -> 4842 (23.5211, 20.6225)
    2597 (4.23235, 24.0653) -> 1624 (2.9023, 22.6138)
    2598 (22.9775, -15.3744) -> 4840 (21.4312, -16.5064)
    2599 (7.13784, 2.14245) -> 2332 (5.6218, 1.92432)
    2600 (20.9149, -10.5843) -> 4695 (19.277, -11.6883)
    2601 (14.8237, -5.63791) -> 4274 (14.1449, -3.92449)
    2602 (4.57873, 12.5402) -> 1689 (2.69753, 12.7389)
    2603 (14.9105, -13.0553) -> 4990 (13.6994, -11.8259)
    2604 (14.9901, 24.355) -> 4187 (13.512, 23.2727)
    2605 (20.1016, -15.8009) -> 4666 (19.6784, -14.4495)
    2606 (10.9734, 20.7642) -> 3910 (9.14653, 21.5667)
    2607 (17.365, 6.12292) -> 671 (16.9857, 4.5946)
    2608 (7.77391, 0.663202) -> 3678 (6.11301, -0.412104)
    2609 (21.2532, 15.678) -> 576 (22.886, 14.6113)
    2610 (23.1932, 7.71079) -> 4175 (21.9525, 6.9397)
    2611 (15.9376, -20.3055) -> 4207 (14.4431, -19.6836)
    2612 (17.0407, -17.6624) -> 4244 (15.7443, -17.9011)
    2613 (4.82009, -14.159) -> 4376 (4.3615, -12.4867)
    2614 (4.08111, 3.16477) -> 2346 (2.84199, 4.35971)
    2615 (5.97611, 2.81087) -> 2614 (4.08111, 3.16477)
    2616 (3.89449, -22.6435) -> 4520 (2.0938, -21.8662)
    2617 (14.9299, -14.5775) -> 4204 (13.2235, -14.5446)
    2618 (22.8607, 4.8872) -> 3934 (22.9477, 3.05071)
    2619 (21.2015, 24.6928) -> 4792 (19.3176, 24.1154)
    2620 (9.95253, -5.43756) -> 4433 (8.54783, -4.70173)
    2621 (19.3671, 0.532448) -> 4246 (19.6287, -1.30669)
    2622 (6.47037, 14.5821) -> 3379 (4.58014, 14.6942)
    2623 (6.82346, 0.441173) -> 3776 (5.49384, 1.89118)
    2624 (18.7154, -3.38648) -> 4048 (17.3882, -4.21948)
    2625 (3.69579, 4.63485) -> 2096 (2.86502, 6.12375)
    2626 (8.71368, -21.9025) -> 4309 (9.12034, -20.5494)
    2627 (3.88156, 17.8878) -> 4073 (2.2757, 16.7363)
    2628 (9.58377, 24.8919) -> 3543 (7.72526, 24.4412)
    2629 (20.8787, -5.90282) -> 4998 (19.4185, -7.18329)
    2630 (12.873, 7.79509) -> 2885 (11.874, 6.39713)
    2631 (3.78656, -23.25) -> 3900 (4.08301, -21.5514)
    2632 (4.9046, 5.30247) -> 2864 (3.2364, 6.25582)
    2633 (6.96451, 10.3984) -> 2245 (5.45781, 11.5892)
    2634 (16.9765, -0.563479) -> 3812 (15.0672, -0.582927)
    2635 (21.4517, -16.5615) -> 4342 (20.3877, -15.6785)
    2636 (24.0613, -11.9431) -> 4705 (23.2099, -13.6527)
    2637 (18.541, 11.8979) -> 4796 (19.4355, 10.2159)
    2638 (3.55986, 16.407) -> 4761 (2.00128, 16.4693)
    2639 (9.0216, 15.4223) -> 1510 (7.35971, 16.4686)
    2640 (13.2911, -10.6838) -> 3434 (11.3524, -10.861)
    2641 (22.8951, -22.1034) -> 4993 (21.5479, -22.3108)
    2642 (4.73209, 11.2308) -> 222 (3.15999, 10.1525)
    2643 (13.7918, -4.89307) -> 4098 (12.3962, -5.09325)
    2644 (18.097, 8.7244) -> 2659 (18.3848, 6.82521)
    2645 (22.5114, -5.27219) -> 1548 (20.6951, -5.09522)
    2646 (0.527933, -5.84358) -> 4357 (1.58069, -4.56045)
    2647 (5.08286, -17.9544) -> 4661 (4.07162, -17.4791)
    2648 (22.0367, -15.2819) -> 4342 (20.3877, -15.6785)
    2649 (19.4463, 5.58653) -> 3247 (19.5893, 3.63171)
    2650 (17.8185, -13.5639) -> 4892 (16.0667, -14.1298)
    2651 (7.14854, 23.2643) -> 4186 (5.70663, 22.0414)
    2652 (15.2953, 13.2373) -> 2846 (16.5862, 12.085)
    2653 (9.24548, 3.96157) -> 2199 (7.68854, 4.79224)
    2654 (17.7311, 23.1264) -> 4176 (16.82, 21.4405)
    2655 (23.1117, -16.9261) -> 3146 (21.2938, -16.8267)
    2656 (19.0165, -2.48974) -> 4250 (17.9988, -3.97385)
    2657 (6.90154, -10.045) -> 4605 (5.04265, -10.6968)
    2658 (7.14603, 19.033) -> 4732 (6.48186, 19.8576)
    2659 (18.3848, 6.82521) -> 3086 (18.8806, 5.14672)
    2660 (4.56457, -4.97778) -> 4369 (2.76203, -5.19594)
    2661 (2.41818, -23.7885) -> 4520 (2.0938, -21.8662)
    2662 (16.6095, 4.58903) -> 2150 (15.5878, 3.17874)
    2663 (6.89898, -6.08306) -> 4637 (5.14172, -5.32614)
    2664 (11.1088, 24.0257) -> 4644 (10.8892, 22.4985)
    2665 (2.04034, -13.9684) -> 3415 (2.5194, -12.2467)
    2666 (19.0405, 18.7872) -> 4002 (17.7719, 19.2459)
    2667 (17.8991, -6.20004) -> 3871 (16.3494, -7.33603)
    2668 (13.2083, -1.26768) -> 3855 (11.6538, -2.09301)
    2669 (20.8863, -21.9475) -> 2827 (19.6357, -20.4148)
    2670 (19.0931, 11.2176) -> 4525 (19.4218, 9.49423)
    2671 (4.42037, -8.52485) -> 4527 (3.10311, -7.24404)
    2672 (10.6817, 20.2313) -> 3931 (9.03878, 21.3226)
    2673 (5.73061, -22.9854) -> 4486 (4.04798, -22.8306)
    2674 (7.6493, 7.58811) -> 2164 (5.98576, 7.85585)
    2675 (18.7881, -3.24119) -> 4475 (17.6865, -4.35617)
    2676 (3.23469, 12.776) -> 1421 (1.66888, 13.8821)
    2677 (2.10306, -6.91226) -> 4369 (2.76203, -5.19594)
    2678 (1.1551, 24.7893) -> 3471 (1.23174, 23.0138)
    2679 (17.8829, -24.472) -> 4980 (16.7874, -22.8709)
    2680 (24.2231, -16.4063) -> 4763 (23.3473, -14.8405)
    2681 (5.09211, 22.1431) -> 2191 (3.80611, 20.7976)
    2682 (23.4534, 13.7152) -> 4719 (24.5101, 12.3044)
    2683 (23.4397, -8.51896) -> 4800 (22.1444, -9.29637)
    2684 (13.2984, -13.3639) -> 4552 (11.9441, -11.9102)
    2685 (2.11139, -3.77373) -> 4275 (1.14991, -2.13021)
    2686 (21.6068, 23.8143) -> 4759 (20.0778, 22.9629)
    2687 (0.720198, 10.7456) -> 628 (2.41039, 11.6084)
    2688 (12.7478, -19.1617) -> 4474 (11.0985, -18.4325)
    2689 (23.5444, -23.9249) -> 4821 (21.9392, -24.6694)
    2690 (11.4913, 8.94616) -> 2263 (11.4223, 7.35655)
    2691 (14.4198, 22.1338) -> 4426 (12.5703, 22.3299)
    2692 (20.939, -4.95284) -> 3501 (19.2101, -5.42247)
    2693 (24.2438, -16.4567) -> 4763 (23.3473, -14.8405)
    2694 (15.2287, -4.76196) -> 3732 (13.5686, -4.04699)
    2695 (19.9092, 10.6571) -> 3842 (19.5648, 9.05011)
    2696 (8.23403, -22.1623) -> 4309 (9.12034, -20.5494)
    2697 (24.6791, -24.3237) -> 4948 (23.7783, -23.4927)
    2698 (15.0321, -18.7031) -> 4974 (13.4769, -17.4646)
    2699 (10.9964, -8.4045) -> 4431 (9.16178, -8.79422)
    2700 (15.8709, 24.7918) -> 4869 (15.1821, 24.4585)
    2701 (7.15203, -17.892) -> 4232 (5.78698, -16.4764)
    2702 (24.5115, -22.7048) -> 4305 (22.8577, -21.8947)
    2703 (5.84766, -0.889301) -> 4358 (4.19574, -0.729991)
    2704 (22.5857, 11.7871) -> 3297 (23.915, 10.4201)
    2705 (19.3317, 5.71091) -> 4543 (19.9736, 4.11705)
    2706 (17.2663, 0.0150488) -> 4086 (16.195, -1.41026)
    2707 (17.7125, -5.18827) -> 1069 (15.8902, -4.69929)
    2708 (14.9502, -1.77544) -> 3625 (13.7267, -3.35502)
    2709 (15.9066, -19.0873) -> 4926 (14.5183, -19.7633)
    2710 (16.4222, -5.88235) -> 4107 (14.843, -4.91932)
    2711 (0.456825, -12.7961) -> 4936 (0.87197, -10.9351)
    2712 (12.0729, -13.8357) -> 4720 (12.0451, -11.8805)
    2713 (18.4216, -1.83038) -> 4602 (17.3814, -0.770089)
    2714 (2.07297, 5.05116) -> 867 (1.63574, 6.82841)
    2715 (23.0427, 21.4174) -> 4718 (23.9365, 19.6462)
    2716 (8.8595, 2.71054) -> 3135 (7.37632, 2.44055)
    2717 (4.03472, 17.3843) -> 1756 (2.24459, 17.1921)
    2718 (7.57239, -23.2758) -> 3210 (6.26077, -21.9262)
    2719 (13.1423, 1.68947) -> 4300 (11.3558, 1.79722)
    2720 (17.6906, -7.59899) -> 3200 (15.9148, -8.29546)
    2721 (11.7561, -12.2664) -> 4633 (10.8672, -10.5872)
    2722 (1.40676, 7.84317) -> 608 (1.29079, 9.72778)
    2723 (14.7875, 15.0468) -> 4436 (16.5789, 14.445)
    2724 (9.05436, -21.4907) -> 4255 (7.27114, -22.3936)
    2725 (15.7301, -22.5414) -> 4613 (14.003, -21.8123)
    2726 (19.7371, 24.9229) -> 1522 (18.5909, 24.507)
    2727 (7.80443, 0.81601) -> 3892 (6.27207, 0.135452)
    2728 (3.66551, 14.7314) -> 2033 (2.06831, 14.2446)
    2729 (1.54223, 10.3104) -> 3355 (0.462624, 11.5253)
    2730 (22.59, 24.6933) -> 4282 (21.599, 23.9322)
    2731 (13.8456, 2.54312) -> 4314 (12.8797, 1.44059)
    2732 (21.5739, 1.93522) -> 4508 (19.7535, 1.1606)
    2733 (8.26109, 7.45569) -> 4012 (6.5258, 7.69638)
    2734 (24.8299, 23.293) -> 3693 (24.8575, 21.5184)
    2735 (7.37332, 7.17153) -> 352 (5.45732, 7.51726)
    2736 (16.4605, -11.4967) -> 4898 (15.1089, -12.8753)
    2737 (14.5532, -16.3011) -> 4177 (13.5272, -14.6408)
    2738 (24.7301, 22.8271) -> 3339 (24.3008, 21.3774)
    2739 (15.9477, -8.84154) -> 4306 (15.5974, -7.21601)
    2740 (11.7884, 7.10409) -> 4585 (10.0639, 6.17968)
    2741 (0.780979, -2.82392) -> 459 (0.67634, -0.887711)
    2742 (9.10663, -4.9138) -> 3640 (7.7019, -3.57858)
    2743 (12.1644, 18.9) -> 4947 (10.5312, 19.2752)
    2744 (1.50474, -7.36166) -> 4129 (0.751807, -5.68577)
    2745 (6.46099, -11.3083) -> 4401 (7.01688, -9.43146)
    2746 (4.7163, 10.7071) -> 222 (3.15999, 10.1525)
    2747 (20.3975, -18.4016) -> 4557 (19.4372, -17.2141)
    2748 (17.14, 9.83107) -> 3473 (17.8222, 8.34726)
    2749 (11.6175, -19.6121) -> 4881 (9.74894, -19.0012)
    2750 (9.31656, 3.35124) -> 412 (8.69851, 4.94177)
    2751 (5.63875, 1.63737) -> 4444 (4.14422, 2.50312)
    2752 (23.0584, 0.474551) -> 202 (21.7582, -0.873656)
    2753 (5.08199, -21.649) -> 4160 (4.59505, -19.8503)
    2754 (11.9966, -6.08147) -> 4951 (10.2421, -5.19914)
    2755 (9.04241, -10.1147) -> 3237 (7.25479, -9.43316)
    2756 (17.1734, 11.4028) -> 527 (18.4121, 9.98711)
    2757 (5.60931, 2.89787) -> 4505 (4.19287, 4.18261)
    2758 (10.9579, -8.6535) -> 4431 (9.16178, -8.79422)
    2759 (14.0557, -14.8241) -> 4457 (14.5312, -13.0296)
    2760 (9.79668, -10.2949) -> 3382 (7.88034, -9.75111)
    2761 (22.0955, 20.7668) -> 3077 (22.1907, 18.9172)
    2762 (10.8602, -3.83175) -> 3175 (9.80323, -2.19676)
    2763 (1.88226, -14.7539) -> 4311 (1.25021, -12.9724)
    2764 (17.046, -9.12188) -> 3871 (16.3494, -7.33603)
    2765 (1.63632, 9.03759) -> 2687 (0.720198, 10.7456)
    2766 (3.71539, 12.0747) -> 241 (1.86767, 11.5684)
    2767 (20.0933, 19.6828) -> 4791 (22.0044, 20.2167)
    2768 (16.7269, 1.84804) -> 4414 (14.9621, 1.33252)
    2769 (14.1735, -12.7519) -> 4799 (12.6543, -12.9057)
    2770 (17.1698, 20.4484) -> 4019 (15.7686, 19.9136)
    2771 (4.35669, 17.2912) -> 4336 (2.84247, 17.3182)
    2772 (13.8258, 5.14244) -> 4355 (11.9106, 4.69174)
    2773 (12.9077, -15.125) -> 3430 (11.0191, -15.336)
    2774 (15.5514, -16.9746) -> 4542 (15.1969, -15.3534)
    2775 (8.96715, 23.2873) -> 4682 (7.95338, 22.1708)
    2776 (4.33281, 11.8665) -> 628 (2.41039, 11.6084)
    2777 (1.31483, -22.658) -> 4421 (0.475321, -21.3874)
    2778 (6.52535, 5.41138) -> 457 (4.7517, 6.32549)
    2779 (3.45986, -19.3874) -> 4447 (4.44016, -17.6648)
    2780 (24.0061, 8.96192) -> 4261 (23.6091, 7.21459)
    2781 (11.1835, 23.6156) -> 4069 (9.39927, 22.981)
    2782 (17.0367, 24.7305) -> 4869 (15.1821, 24.4585)
    2783 (9.64565, -12.9417) -> 3976 (9.28748, -11.147)
    2784 (10.2321, 6.28273) -> 3788 (8.4265, 7.10411)
    2785 (10.2856, 2.42002) -> 4790 (8.58134, 1.86366)
    2786 (15.1558, -11.5812) -> 4096 (13.5346, -11.3074)
    2787 (10.3052, -21.1646) -> 1990 (8.6933, -20.0804)
    2788 (23.4681, -13.9178) -> 3453 (21.7706, -14.9211)
    2789 (2.69171, 22.7278) -> 4984 (2.02137, 21.5066)
    2790 (9.03492, 20.6209) -> 3476 (7.11869, 20.1963)
    2791 (19.2091, -15.1491) -> 4332 (17.7505, -16.4788)
    2792 (5.18751, 8.60059) -> 3516 (3.2278, 8.45607)
    2793 (4.76443, -5.6727) -> 4150 (3.86398, -4.48943)
    2794 (10.3639, -8.03353) -> 4764 (9.2283, -7.02435)
    2795 (1.35293, 23.7231) -> 3969 (1.72713, 21.7759)
    2796 (7.59511, -20.4516) -> 3185 (6.7568, -18.8318)
    2797 (11.4164, 16.2373) -> 2978 (10.4684, 17.5438)
    2798 (6.43483, 9.63708) -> 3647 (4.55758, 9.98207)
    2799 (0.147045, 6.22122) -> 3233 (0.452821, 7.96872)
    2800 (5.24465, 5.41393) -> 4752 (4.5669, 7.26175)
    2801 (14.4956, -13.6847) -> 4799 (12.6543, -12.9057)
    2802 (20.0334, -24.0404) -> 2240 (18.0841, -24.389)
    2803 (4.74424, -18.9243) -> 4712 (4.91342, -17.2199)
    2804 (24.1022, -24.7906) -> 3275 (22.4323, -23.7028)
    2805 (0.157976, -18.7136) -> 4480 (1.34155, -17.2459)
    2806 (19.806, 9.70948) -> 4601 (18.0942, 8.99069)
    2807 (18.078, 23.2551) -> 4816 (17.01, 23.7876)
    2808 (5.3732, 2.39811) -> 4939 (3.46332, 2.49528)
    2809 (12.2948, 18.2899) -> 3689 (10.5138, 17.8881)
    2810 (17.7235, -11.2331) -> 2330 (15.8414, -11.6538)
    2811 (1.27108, -22.7902) -> 4421 (0.475321, -21.3874)
    2812 (24.8867, 23.8113) -> 2926 (24.024, 22.2556)
    2813 (4.18329, -17.1468) -> 3497 (3.27902, -15.6024)
    2814 (20.1933, -3.74635) -> 3238 (18.5392, -3.84228)
    2815 (16.3931, -24.8723) -> 3701 (14.9601, -23.4987)
    2816 (24.7746, -4.45792) -> 4270 (23.2154, -5.42802)
    2817 (15.4604, 15.3017) -> 3216 (17.3341, 15.3559)
    2818 (11.1386, -2.03619) -> 3884 (10.3504, -0.435196)
    2819 (12.8393, 1.67194) -> 4412 (10.944, 1.38268)
    2820 (1.05464, 8.52949) -> 4415 (0.530228, 10.1099)
    2821 (0.258812, -7.20054) -> 4129 (0.751807, -5.68577)
    2822 (15.8332, -24.6014) -> 4875 (14.2647, -23.9018)
    2823 (15.7246, 17.2302) -> 3352 (14.2633, 17.9986)
    2824 (7.82993, -2.8373) -> 4013 (6.21599, -2.85338)
    2825 (0.712505, 22.2735) -> 4961 (1.72572, 21.6179)
    2826 (16.389, -24.3706) -> 3433 (15.3246, -22.916)
    2827 (19.6357, -20.4148) -> 4512 (19.5407, -18.5614)
    2828 (10.0363, -3.28964) -> 3752 (8.43024, -2.4239)
    2829 (23.0623, 6.91755) -> 1778 (22.2335, 5.25402)
    2830 (2.31419, 14.8035) -> 0 (1, 15)
    2831 (12.2764, -6.1269) -> 16 (10.3987, -5.48358)
    2832 (11.613, -10.8088) -> 2760 (9.79668, -10.2949)
    2833 (2.9157, 13.9691) -> 3278 (2.08078, 15.7003)
    2834 (19.8372, -6.27265) -> 4382 (18.3252, -6.96342)
    2835 (9.07038, 10.6972) -> 1986 (7.85158, 9.12122)
    2836 (5.73943, 18.6084) -> 2627 (3.88156, 17.8878)
    2837 (19.0003, 3.97839) -> 4807 (18.6407, 2.38247)
    2838 (6.21485, 2.85015) -> 4079 (4.22988, 2.73198)
    2839 (20.6434, 17.047) -> 4416 (22.3288, 16.1456)
    2840 (15.5196, -4.86174) -> 4274 (14.1449, -3.92449)
    2841 (17.6528, 10.2223) -> 3473 (17.8222, 8.34726)
    2842 (19.8122, 8.70703) -> 4638 (18.366, 7.81344)
    2843 (21.5231, -15.5328) -> 3834 (20.1776, -14.5502)
    2844 (2.42695, 0.430136) -> 1034 (1.68739, 2.22901)
    2845 (16.3266, -4.81485) -> 4950 (14.4954, -5.17392)
    2846 (16.5862, 12.085) -> 2637 (18.541, 11.8979)
    2847 (0.877806, -1.73531) -> 3983 (0.061586, -0.483031)
    2848 (16.4367, 14.3927) -> 3751 (17.4851, 13.0735)
    2849 (20.4429, -5.99493) -> 4242 (18.8342, -6.70803)
    2850 (2.72823, -22.8652) -> 3900 (4.08301, -21.5514)
    2851 (23.2028, -0.00932638) -> 4022 (22.8548, -1.74581)
    2852 (11.3918, -20.8973) -> 4838 (9.59535, -21.0082)
    2853 (1.7131, -12.8244) -> 4608 (1.03957, -11.3818)
    2854 (3.93435, 4.43798) -> 493 (3.01303, 6.16193)
    2855 (0.412764, 12.4776) -> 252 (1.35482, 13.641)
    2856 (0.871456, -6.14014) -> 4377 (0.797094, -4.15785)
    2857 (5.32589, -17.4603) -> 4859 (4.0691, -16.0477)
    2858 (23.725, -23.3725) -> 4305 (22.8577, -21.8947)
    2859 (1.56008, 19.953) -> 3255 (0.836531, 18.2994)
    2860 (16.4124, 7.60655) -> 4361 (15.1165, 6.61902)
    2861 (17.2091, -17.4471) -> 4244 (15.7443, -17.9011)
    2862 (11.1564, 4.47099) -> 4125 (9.41818, 3.89335)
    2863 (22.3931, -18.795) -> 4017 (20.7887, -17.755)
    2864 (3.2364, 6.25582) -> 2108 (2.09746, 7.68879)
    2865 (21.5386, 12.4422) -> 4888 (20.8775, 10.6212)
    2866 (5.07615, -18.3288) -> 4661 (4.07162, -17.4791)
    2867 (18.5777, -20.0722) -> 4331 (17.5598, -18.4484)
    2868 (6.88854, -21.3927) -> 4696 (5.18294, -20.3561)
    2869 (6.56799, 18.4831) -> 1602 (5.09666, 17.4312)
    2870 (16.5914, 4.0837) -> 2938 (15.4171, 2.48769)
    2871 (18.8776, -22.253) -> 4528 (17.5116, -21.3939)
    2872 (18.4773, 10.6691) -> 3842 (19.5648, 9.05011)
    2873 (18.0429, 16.1263) -> 4762 (19.6792, 17.2153)
    2874 (4.76507, -6.00419) -> 4150 (3.86398, -4.48943)
    2875 (6.65314, 22.9241) -> 3926 (5.14449, 21.8031)
    2876 (5.04959, 19.0686) -> 1908 (3.40728, 18.7794)
    2877 (23.747, 0.613027) -> 4672 (22.2828, -0.395052)
    2878 (10.6868, 4.29061) -> 3034 (8.78498, 4.07354)
    2879 (8.16718, -17.596) -> 487 (6.18112, -17.3612)
    2880 (2.97462, -9.15248) -> 2304 (1.6117, -7.93069)
    2881 (8.8755, -10.2633) -> 3895 (7.97579, -9.35184)
    2882 (3.1053, -7.21183) -> 4994 (3.27264, -5.80851)
    2883 (10.0127, 23.0467) -> 4173 (8.19703, 22.2507)
    2884 (0.11591, 3.26612) -> 4806 (0.589443, 4.64696)
    2885 (11.874, 6.39713) -> 4585 (10.0639, 6.17968)
    2886 (0.848237, -7.16435) -> 4129 (0.751807, -5.68577)
    2887 (4.20518, -21.3423) -> 3795 (3.20868, -19.8097)
    2888 (18.9052, 15.7246) -> 4781 (20.5776, 15.7362)
    2889 (3.83127, -23.4686) -> 3900 (4.08301, -21.5514)
    2890 (9.41242, 19.049) -> 4403 (7.47212, 18.9498)
    2891 (18.4737, 20.5124) -> 4636 (16.5895, 20.5929)
    2892 (6.78672, 22.2952) -> 1792 (5.12299, 21.7405)
    2893 (20.4944, 19.3586) -> 505 (21.4656, 17.614)
    2894 (7.81685, 15.382) -> 3268 (6.07605, 16.1278)
    2895 (1.91752, 5.8973) -> 2108 (2.09746, 7.68879)
    2896 (4.65003, -7.70614) -> 4533 (4.12473, -6.02819)
    2897 (1.10691, -9.52766) -> 4359 (0.0790767, -8.01554)
    2898 (4.22871, 20.1004) -> 4258 (3.41975, 19.291)
    2899 (24.0488, 15.867) -> 1830 (24.7022, 14.0351)
    2900 (13.4944, -18.5236) -> 4913 (12.5457, -17.0432)
    2901 (2.74937, -7.82753) -> 3454 (2.57148, -5.86229)
    2902 (1.71826, 20.6988) -> 3848 (0.592803, 19.5368)
    2903 (3.12769, 7.89973) -> 1203 (2.52976, 9.62446)
    2904 (11.5812, -3.7782) -> 4951 (10.2421, -5.19914)
    2905 (17.1568, -11.4254) -> 4607 (15.532, -11.1691)
    2906 (12.4814, 21.4327) -> 3727 (10.7448, 20.4465)
    2907 (11.8025, -5.6626) -> 4951 (10.2421, -5.19914)
    2908 (8.35806, -16.9944) -> 4723 (8.5182, -15.1122)
    2909 (18.8996, 14.6708) -> 3675 (20.0795, 13.2283)
    2910 (23.7776, 4.55276) -> 3020 (22.8639, 2.98516)
    2911 (21.7811, 8.52844) -> 4175 (21.9525, 6.9397)
    2912 (15.0686, -0.702422) -> 4164 (13.6118, 0.20927)
    2913 (2.41303, -0.357524) -> 4561 (1.42095, 1.00635)
    2914 (1.86024, -10.488) -> 603 (2.74571, -9.38394)
    2915 (9.03044, -0.760629) -> 3518 (7.37336, -1.54744)
    2916 (9.61282, -14.7338) -> 4808 (8.20917, -13.9652)
    2917 (24.0118, 22.671) -> 4224 (24.3239, 20.8386)
    2918 (15.3419, -18.0923) -> 4974 (13.4769, -17.4646)
    2919 (1.28726, 18.2518) -> 4899 (0.336173, 16.6104)
    2920 (17.1526, 3.62258) -> 4389 (16.2858, 1.98484)
    2921 (10.7439, -15.6685) -> 3707 (9.30314, -14.4653)
    2922 (16.9722, -9.53826) -> 24 (15.0785, -9.59706)
    2923 (16.53, -7.08604) -> 4933 (15.7328, -8.90294)
    2924 (19.4812, 24.408) -> 3913 (17.6418, 24.3142)
    2925 (2.77251, 0.512669) -> 2352 (1.32496, 0.961294)
    2926 (24.024, 22.2556) -> 4996 (24.0463, 20.5641)
    2927 (21.5138, -19.295) -> 4387 (21.4988, -17.6699)
    2928 (21.7661, 12.4252) -> 1804 (23.4903, 11.5789)
    2929 (17.3377, 2.72219) -> 4662 (15.6614, 1.74902)
    2930 (5.76267, -6.7429) -> 4533 (4.12473, -6.02819)
    2931 (5.72653, -13.1553) -> 4376 (4.3615, -12.4867)
    2932 (6.76711, 2.79469) -> 4900 (5.07224, 3.12678)
    2933 (4.24874, 7.64302) -> 4386 (2.98239, 8.37691)
    2934 (23.1269, 17.7958) -> 4416 (22.3288, 16.1456)
    2935 (1.81309, 7.32484) -> 3233 (0.452821, 7.96872)
    2936 (15.3378, -23.2313) -> 4613 (14.003, -21.8123)
    2937 (7.03532, 4.47668) -> 864 (5.20013, 3.78777)
    2938 (15.4171, 2.48769) -> 4395 (13.8302, 1.31871)
    2939 (1.21451, 14.3663) -> 0 (1, 15)
    2940 (4.90002, -8.77511) -> 4455 (3.53278, -7.4061)
    2941 (16.3459, 18.1644) -> 4517 (14.3704, 17.9388)
    2942 (2.11336, 13.2209) -> 2032 (0.691741, 13.7392)
    2943 (19.8586, 8.21195) -> 4880 (18.9159, 6.49934)
    2944 (14.5019, 2.76977) -> 4820 (13.0088, 1.82436)
    2945 (23.6611, -6.79566) -> 4798 (21.986, -6.61525)
    2946 (0.071042, -15.2721) -> 4654 (1.90177, -15.0042)
    2947 (16.1918, 5.47683) -> 4566 (14.9775, 3.8969)
    2948 (6.96482, -23.9849) -> 4918 (5.53671, -23.0209)
    2949 (6.53812, -21.0195) -> 3797 (4.9972, -19.8233)
    2950 (8.99608, -4.74977) -> 3650 (7.3088, -3.82598)
    2951 (2.1006, -2.68042) -> 4597 (1.7908, -0.81154)
    2952 (4.41165, 14.2766) -> 3505 (2.65631, 15.0772)
    2953 (20.7179, -18.2252) -> 4557 (19.4372, -17.2141)
    2954 (24.0459, -8.89173) -> 4800 (22.1444, -9.29637)
    2955 (15.143, 14.5708) -> 1929 (17.0455, 14.316)
    2956 (9.86589, -4.89986) -> 4433 (8.54783, -4.70173)
    2957 (6.32303, 16.2411) -> 4863 (4.70351, 15.1284)
    2958 (11.9849, 2.17125) -> 4372 (10.2749, 2.12871)
    2959 (19.1649, -21.1391) -> 4528 (17.5116, -21.3939)
    2960 (11.8537, 5.88525) -> 4585 (10.0639, 6.17968)
    2961 (11.3334, 20.3276) -> 4873 (9.79971, 20.275)
    2962 (13.3748, 10.8929) -> 1939 (14.8474, 9.69669)
    2963 (21.1921, 6.75855) -> 4987 (20.5915, 4.96055)
    2964 (17.4438, 6.40084) -> 2662 (16.6095, 4.58903)
    2965 (17.2163, 2.90734) -> 4662 (15.6614, 1.74902)
    2966 (5.8487, -22.3936) -> 4575 (5.66525, -20.4427)
    2967 (22.1365, -2.08833) -> 4273 (20.7309, -3.25132)
    2968 (20.0676, -1.87039) -> 4315 (18.6603, -3.14745)
    2969 (8.64808, 1.99774) -> 4054 (6.84206, 1.43192)
    2970 (13.9609, -1.8713) -> 4586 (12.0826, -1.84258)
    2971 (3.69856, 7.86901) -> 3826 (1.8749, 8.41381)
    2972 (22.4436, -23.2238) -> 4221 (20.7812, -22.5014)
    2973 (9.78514, -16.5892) -> 4723 (8.5182, -15.1122)
    2974 (8.924, -24.3821) -> 4768 (7.19068, -24.5173)
    2975 (7.9982, -3.72295) -> 4013 (6.21599, -2.85338)
    2976 (4.9916, 21.9219) -> 4551 (3.77756, 20.5271)
    2977 (20.5346, 6.81941) -> 4987 (20.5915, 4.96055)
    2978 (10.4684, 17.5438) -> 3762 (8.6034, 17.6825)
    2979 (16.879, 10.7243) -> 4550 (17.6927, 9.10368)
    2980 (9.5716, -21.1846) -> 4390 (7.69992, -21.1958)
    2981 (24.337, -3.89273) -> 2451 (22.3672, -4.14428)
    2982 (12.3293, 4.17483) -> 1081 (10.612, 3.44009)
    2983 (4.42229, 4.54101) -> 2145 (3.11451, 5.94648)
    2984 (2.56304, 15.8109) -> 0 (1, 15)
    2985 (3.29687, -4.52626) -> 4693 (2.41308, -3.03199)
    2986 (24.3095, 2.42568) -> 1481 (22.5568, 1.5794)
    2987 (7.44078, 21.3313) -> 3955 (5.81598, 20.2182)
    2988 (8.745, -13.9897) -> 3731 (8.05164, -12.1218)
    2989 (9.16076, -3.11381) -> 3929 (7.33334, -3.22024)
    2990 (4.75857, -0.945728) -> 4040 (3.09445, -0.290745)
    2991 (0.715584, -22.3819) -> 1612 (0.535725, -20.4355)
    2992 (23.9623, 9.75313) -> 3385 (24.6689, 7.92669)
    2993 (1.37132, -7.72838) -> 3407 (0.506165, -6.00049)
    2994 (6.04573, 2.57419) -> 4444 (4.14422, 2.50312)
    2995 (22.1524, -14.8741) -> 4342 (20.3877, -15.6785)
    2996 (8.15109, 0.968047) -> 3135 (7.37632, 2.44055)
    2997 (21.2413, -3.54274) -> 4091 (19.6665, -2.43241)
    2998 (8.51092, -15.7184) -> 4966 (7.04708, -14.9667)
    2999 (11.092, -22.01) -> 4838 (9.59535, -21.0082)
    3000 (11.5493, 16.6601) -> 1355 (10.2878, 17.9495)
    3001 (15.6255, -6.07648) -> 3483 (14.1116, -6.15257)
    3002 (19.5161, -17.4584) -> 4833 (17.6805, -17.6973)
    3003 (24.4566, 2.79991) -> 4038 (22.7256, 3.15627)
    3004 (4.15241, 22.5019) -> 4151 (3.01896, 21.3808)
    3005 (23.9277, -6.98958) -> 4798 (21.986, -6.61525)
    3006 (23.0841, 16.7669) -> 4260 (22.3392, 14.9422)
    3007 (16.3049, -17.5399) -> 4928 (14.6544, -17.0753)
    3008 (7.14719, 19.5207) -> 3955 (5.81598, 20.2182)
    3009 (20.4578, -24.2678) -> 3715 (18.8385, -24.1982)
    3010 (5.75852, -5.50029) -> 4526 (4.25553, -4.60618)
    3011 (12.95, 0.715889) -> 4300 (11.3558, 1.79722)
    3012 (7.84632, 9.63463) -> 3607 (5.95127, 9.17454)
    3013 (23.7425, -11.8545) -> 4915 (21.8475, -12.0433)
    3014 (19.4461, -5.28377) -> 4475 (17.6865, -4.35617)
    3015 (10.5145, -12.1696) -> 4733 (9.06271, -10.907)
    3016 (0.794866, -21.934) -> 4084 (1.19651, -20.204)
    3017 (14.3141, -1.48082) -> 4158 (12.6403, -1.95741)
    3018 (24.878, -13.3038) -> 4705 (23.2099, -13.6527)
    3019 (7.29887, -0.823531) -> 4771 (5.83442, -1.01136)
    3020 (22.8639, 2.98516) -> 2308 (21.3707, 1.69323)
    3021 (6.93499, -8.66672) -> 1297 (6.15955, -6.91544)
    3022 (22.8403, 21.3161) -> 4718 (23.9365, 19.6462)
    3023 (23.7296, -8.06968) -> 4757 (23.1224, -6.21105)
    3024 (1.86223, -17.8576) -> 1784 (3.1589, -16.7366)
    3025 (0.423152, -16.614) -> 2498 (2.08274, -15.5987)
    3026 (6.53118, 23.8422) -> 4864 (4.82647, 22.8363)
    3027 (21.5279, 13.6261) -> 4852 (20.8215, 11.7723)
    3028 (10.946, -22.5056) -> 4604 (10.4063, -20.893)
    3029 (16.129, -16.7439) -> 4542 (15.1969, -15.3534)
    3030 (10.5412, -20.0981) -> 4531 (9.81906, -18.4741)
    3031 (22.1964, 21.6667) -> 4842 (23.5211, 20.6225)
    3032 (12.0068, -3.3436) -> 4860 (10.11, -3.16962)
    3033 (23.2312, 17.3075) -> 3046 (24.4166, 15.7679)
    3034 (8.78498, 4.07354) -> 796 (7.23175, 5.32393)
    3035 (2.58165, -13.1188) -> 4841 (3.74825, -12.3177)
    3036 (17.7774, -14.4207) -> 4892 (16.0667, -14.1298)
    3037 (21.3804, 4.28755) -> 1359 (19.695, 3.36014)
    3038 (21.9241, -5.36554) -> 3239 (19.9903, -5.39277)
    3039 (20.9339, -13.7954) -> 4666 (19.6784, -14.4495)
    3040 (19.3474, 7.57869) -> 4845 (17.4598, 7.79727)
    3041 (7.86781, -15.228) -> 4134 (7.2656, -13.8308)
    3042 (3.07414, -12.2144) -> 4434 (4.22309, -10.8684)
    3043 (3.21319, -22.4812) -> 2424 (3.38839, -20.6899)
    3044 (5.87914, 18.8272) -> 3843 (4.43781, 19.1991)
    3045 (9.52453, -11.6049) -> 4464 (8.36445, -10.8885)
    3046 (24.4166, 15.7679) -> 1830 (24.7022, 14.0351)
    3047 (2.75985, -7.36825) -> 406 (1.11585, -6.57051)
    3048 (1.43977, -17.9415) -> 3103 (2.34759, -16.2092)
    3049 (16.9804, -13.0373) -> 4898 (15.1089, -12.8753)
    3050 (7.04277, 22.2623) -> 1792 (5.12299, 21.7405)
    3051 (11.9797, -8.19007) -> 3124 (10.7846, -7.04819)
    3052 (7.41595, 15.2555) -> 3702 (5.54816, 15.3572)
    3053 (3.73684, -22.1189) -> 4363 (5.01485, -20.6326)
    3054 (10.412, 2.42398) -> 4790 (8.58134, 1.86366)
    3055 (14.7539, 2.25132) -> 4820 (13.0088, 1.82436)
    3056 (9.45462, -21.5141) -> 4390 (7.69992, -21.1958)
    3057 (17.185, -11.4428) -> 4607 (15.532, -11.1691)
    3058 (15.6899, 1.59101) -> 4395 (13.8302, 1.31871)
    3059 (14.182, -10.5001) -> 523 (12.4163, -9.97777)
    3060 (16.7546, -13.7611) -> 4898 (15.1089, -12.8753)
    3061 (13.7294, -12.4847) -> 4552 (11.9441, -11.9102)
    3062 (14.7809, 19.1045) -> 4967 (12.8081, 18.975)
    3063 (20.2467, 20.8479) -> 2891 (18.4737, 20.5124)
    3064 (3.19059, -12.1705) -> 3598 (4.1614, -10.5143)
    3065 (16.0381, 10.553) -> 1564 (16.5627, 8.66119)
    3066 (0.908246, -2.27567) -> 3983 (0.061586, -0.483031)
    3067 (8.48071, -20.6342) -> 1686 (6.8155, -19.6378)
    3068 (7.95499, 17.6312) -> 1376 (6.1037, 17.5747)
    3069 (5.68991, 6.99981) -> 1443 (3.77841, 7.0763)
    3070 (7.57702, 10.2699) -> 3335 (5.63162, 10.0534)
    3071 (20.071, -10.5083) -> 3092 (18.6508, -9.61163)
    3072 (22.9472, 20.9108) -> 3399 (23.6676, 19.129)
    3073 (2.6667, -11.8683) -> 4809 (2.9709, -9.96635)
    3074 (18.734, 4.16379) -> 4807 (18.6407, 2.38247)
    3075 (8.81148, 15.1746) -> 3873 (7.04327, 15.8253)
    3076 (23.0727, -15.7848) -> 4840 (21.4312, -16.5064)
    3077 (22.1907, 18.9172) -> 3033 (23.2312, 17.3075)
    3078 (13.9484, -6.21816) -> 2831 (12.2764, -6.1269)
    3079 (15.4189, -20.0937) -> 4050 (15.0528, -18.6479)
    3080 (19.6214, -19.673) -> 3421 (18.0601, -20.6541)
    3081 (10.1178, 9.66824) -> 2499 (8.6432, 8.6204)
    3082 (15.9388, 0.903555) -> 2912 (15.0686, -0.702422)
    3083 (11.6831, -13.3755) -> 3432 (10.2473, -12.5079)
    3084 (19.9861, 1.87035) -> 4156 (18.1595, 1.06119)
    3085 (16.8057, -15.3945) -> 4542 (15.1969, -15.3534)
    3086 (18.8806, 5.14672) -> 671 (16.9857, 4.5946)
    3087 (15.8534, 7.92163) -> 4979 (16.4477, 6.01472)
    3088 (18.2032, -1.37402) -> 4235 (17.8408, -3.22758)
    3089 (4.95818, -19.2111) -> 4712 (4.91342, -17.2199)
    3090 (15.1635, 2.30279) -> 4408 (13.6357, 1.09699)
    3091 (6.64493, 2.4598) -> 3228 (4.76463, 2.92439)
    3092 (18.6508, -9.61163) -> 1942 (16.6969, -10.0212)
    3093 (4.68399, 15.9627) -> 1722 (3.0572, 15.7545)
    3094 (22.0658, -18.2149) -> 4211 (20.5914, -16.9243)
    3095 (12.1482, -17.7506) -> 4755 (10.4932, -17.7396)
    3096 (5.21393, -24.0229) -> 4078 (6.77704, -22.8027)
    3097 (20.6795, 0.0654361) -> 1278 (18.6981, 0.330378)
    3098 (0.434868, -1.48995) -> 4597 (1.7908, -0.81154)
    3099 (21.3565, -19.626) -> 4017 (20.7887, -17.755)
    3100 (9.21432, -16.1328) -> 4516 (8.26395, -14.9902)
    3101 (0.0188449, 15.045) -> 0 (1, 15)
    3102 (5.59046, -18.2529) -> 4661 (4.07162, -17.4791)
    3103 (2.34759, -16.2092) -> 4617 (3.10117, -14.5328)
    3104 (0.137241, 18.7345) -> 3821 (0.0746803, 16.853)
    3105 (24.3634, -18.8301) -> 2863 (22.3931, -18.795)
    3106 (2.23237, -22.5248) -> 2278 (1.62886, -20.8898)
    3107 (13.2878, -0.672885) -> 4586 (12.0826, -1.84258)
    3108 (2.53249, -19.9258) -> 1498 (1.88552, -18.0696)
    3109 (12.6064, -2.6265) -> 3596 (10.7271, -2.45828)
    3110 (19.2315, 12.5501) -> 4852 (20.8215, 11.7723)
    3111 (7.83918, 1.2101) -> 1961 (5.91875, 1.70664)
    3112 (3.81646, -13.7604) -> 4841 (3.74825, -12.3177)
    3113 (12.2542, -18.5006) -> 3552 (10.5821, -17.6934)
    3114 (12.8892, 9.05354) -> 4327 (13.1988, 7.08045)
    3115 (7.44598, -15.6936) -> 4134 (7.2656, -13.8308)
    3116 (21.0281, 15.7627) -> 4260 (22.3392, 14.9422)
    3117 (1.48211, -1.47099) -> 2365 (1.29897, 0.447401)
    3118 (22.1832, 15.2664) -> 4908 (23.6373, 13.9209)
    3119 (14.0336, -10.8888) -> 4882 (13.3073, -9.20783)
    3120 (4.85278, -9.64961) -> 2880 (2.97462, -9.15248)
    3121 (14.6389, -9.80127) -> 4882 (13.3073, -9.20783)
    3122 (11.9672, 1.02717) -> 4609 (10.4337, 0.762251)
    3123 (14.634, -20.76) -> 4853 (13.0909, -19.7242)
    3124 (10.7846, -7.04819) -> 3764 (9.00849, -6.47505)
    3125 (6.28612, 24.6966) -> 3296 (4.80711, 24.4706)
    3126 (2.78739, -12.2702) -> 4608 (1.03957, -11.3818)
    3127 (15.2334, -23.9242) -> 4774 (13.6608, -24.6935)
    3128 (15.9785, 5.27911) -> 456 (15.3091, 3.51977)
    3129 (9.44526, 22.1878) -> 4682 (7.95338, 22.1708)
    3130 (22.9443, 3.79124) -> 4787 (22.6733, 1.98721)
    3131 (7.13009, -20.003) -> 102 (6.01276, -18.6289)
    3132 (5.54398, 12.1555) -> 2766 (3.71539, 12.0747)
    3133 (6.27521, -12.8546) -> 4376 (4.3615, -12.4867)
    3134 (23.1491, 5.5467) -> 1266 (22.5052, 3.93558)
    3135 (7.37632, 2.44055) -> 1350 (6.00813, 3.51855)
    3136 (9.19265, -21.8141) -> 4309 (9.12034, -20.5494)
    3137 (17.6269, -13.6387) -> 4892 (16.0667, -14.1298)
    3138 (16.8484, 11.832) -> 2841 (17.6528, 10.2223)
    3139 (14.2882, -19.8576) -> 4534 (12.647, -19.3358)
    3140 (19.6452, 2.60731) -> 1445 (18.2939, 1.19705)
    3141 (22.0581, 20.5974) -> 2386 (21.9351, 18.6828)
    3142 (1.80578, -17.1606) -> 4804 (3.43757, -16.4381)
    3143 (11.4185, 17.4991) -> 4226 (9.70534, 18.0589)
    3144 (21.2547, -10.2314) -> 2012 (19.5696, -11.1436)
    3145 (6.65323, -10.1816) -> 1300 (6.13469, -8.44654)
    3146 (21.2938, -16.8267) -> 4557 (19.4372, -17.2141)
    3147 (1.04693, 5.57284) -> 4423 (0.298975, 6.91432)
    3148 (17.7349, 8.54361) -> 688 (17.16, 6.73323)
    3149 (13.5981, -8.58693) -> 4465 (12.0781, -7.42671)
    3150 (3.80884, -0.606132) -> 4861 (2.59197, 0.614889)
    3151 (16.9575, -3.53156) -> 1663 (15.6603, -4.50337)
    3152 (1.07966, -10.7678) -> 4036 (0.27757, -9.02766)
    3153 (10.9431, -17.8461) -> 4745 (9.31149, -18.0921)
    3154 (18.0871, -19.6321) -> 4833 (17.6805, -17.6973)
    3155 (15.6997, -6.07522) -> 3483 (14.1116, -6.15257)
    3156 (6.86883, -15.4074) -> 3917 (5.41753, -14.2725)
    3157 (15.0549, -6.06454) -> 2433 (13.5891, -7.13561)
    3158 (20.3451, 9.65824) -> 4938 (21.4762, 8.18464)
    3159 (2.88005, -8.68649) -> 2304 (1.6117, -7.93069)
    3160 (24.7486, -22.6438) -> 2641 (22.8951, -22.1034)
    3161 (4.8442, 16.6715) -> 850 (3.13979, 15.7317)
    3162 (13.6364, 20.1559) -> 3741 (12.372, 20.8045)
    3163 (21.6764, -7.74392) -> 3919 (19.7714, -8.26978)
    3164 (13.7702, 1.05009) -> 3923 (12.065, 1.27713)
    3165 (15.1147, -13.5436) -> 4209 (13.419, -14.0748)
    3166 (22.026, -2.35125) -> 4273 (20.7309, -3.25132)
    3167 (2.13628, 19.6299) -> 3628 (0.874958, 18.1495)
    3168 (11.6696, -14.4515) -> 4268 (10.3457, -15.8899)
    3169 (10.3446, -18.6895) -> 4564 (9.95419, -17.1788)
    3170 (13.0662, -21.2787) -> 4850 (11.3671, -20.9249)
    3171 (15.8063, -19.3299) -> 4244 (15.7443, -17.9011)
    3172 (15.5566, -0.63785) -> 3252 (14.5945, -1.89555)
    3173 (23.9338, 23.12) -> 3988 (22.2061, 22.2363)
    3174 (6.81882, 1.4302) -> 699 (4.88297, 1.0952)
    3175 (9.80323, -2.19676) -> 4448 (8.28707, -1.20226)
    3176 (16.6839, 5.93116) -> 4858 (16.141, 4.1214)
    3177 (14.2662, 0.301029) -> 1283 (12.9801, -0.863314)
    3178 (24.0358, 5.10448) -> 4265 (22.3224, 4.99352)
    3179 (14.3854, 23.176) -> 4346 (13.1942, 23.1771)
    3180 (23.141, 9.734) -> 2402 (22.6148, 7.86248)
    3181 (23.8726, 6.47309) -> 2147 (23.3829, 4.85099)
    3182 (18.2326, -23.4237) -> 4980 (16.7874, -22.8709)
    3183 (18.0798, 6.38621) -> 4979 (16.4477, 6.01472)
    3184 (20.5388, 13.1137) -> 401 (20.852, 11.1664)
    3185 (6.7568, -18.8318) -> 4284 (7.33526, -17.0736)
    3186 (20.4002, -24.3613) -> 3715 (18.8385, -24.1982)
    3187 (21.9754, -10.2725) -> 3071 (20.071, -10.5083)
    3188 (16.2668, -22.1121) -> 4775 (14.9436, -22.4333)
    3189 (19.4421, -12.4081) -> 4388 (17.6156, -12.7868)
    3190 (15.6751, -20.842) -> 4613 (14.003, -21.8123)
    3191 (12.7482, -12.5845) -> 4897 (11.4895, -11.3628)
    3192 (1.60441, 8.67166) -> 4415 (0.530228, 10.1099)
    3193 (10.7957, -19.8801) -> 4531 (9.81906, -18.4741)
    3194 (21.5755, 3.05477) -> 3867 (20.3847, 1.62999)
    3195 (15.1392, 18.9416) -> 3889 (13.2962, 19.0253)
    3196 (14.5587, -18.3845) -> 4400 (12.6772, -17.7087)
    3197 (1.53342, -1.52971) -> 2365 (1.29897, 0.447401)
    3198 (10.0851, -1.75576) -> 4448 (8.28707, -1.20226)
    3199 (9.88462, -5.78004) -> 4433 (8.54783, -4.70173)
    3200 (15.9148, -8.29546) -> 4655 (14.1345, -7.84674)
    3201 (16.2744, -16.2217) -> 4222 (15.6886, -14.4396)
    3202 (9.53303, -5.84621) -> 4975 (7.77767, -5.22309)
    3203 (16.7073, -21.2818) -> 4171 (15.1187, -21.7029)
    3204 (16.4709, 14.3336) -> 660 (18.181, 13.3128)
    3205 (15.6407, -5.09429) -> 4274 (14.1449, -3.92449)
    3206 (19.4245, -17.9156) -> 1495 (17.6108, -17.2391)
    3207 (7.69012, 21.7001) -> 4639 (6.3129, 21.1548)
    3208 (16.4475, 3.9273) -> 4389 (16.2858, 1.98484)
    3209 (15.6104, 22.7242) -> 4281 (14.0659, 22.1874)
    3210 (6.26077, -21.9262) -> 4696 (5.18294, -20.3561)
    3211 (6.70412, 17.1512) -> 1602 (5.09666, 17.4312)
    3212 (9.91856, -14.5027) -> 4808 (8.20917, -13.9652)
    3213 (1.25195, -2.77937) -> 1033 (1.5713, -0.887295)
    3214 (17.2183, -23.0604) -> 3433 (15.3246, -22.916)
    3215 (6.66713, 3.40718) -> 3228 (4.76463, 2.92439)
    3216 (17.3341, 15.3559) -> 565 (19.2579, 15.5641)
    3217 (6.17574, -12.2315) -> 4605 (5.04265, -10.6968)
    3218 (16.4478, 16.3966) -> 4481 (18.3372, 15.8891)
    3219 (3.02253, -10.1319) -> 4547 (3.03155, -8.66594)
    3220 (2.84434, -15.9144) -> 4617 (3.10117, -14.5328)
    3221 (21.0456, 13.1267) -> 401 (20.852, 11.1664)
    3222 (11.9722, 20.5144) -> 3964 (10.1485, 19.6963)
    3223 (6.82888, -13.169) -> 1928 (5.79506, -11.6119)
    3224 (1.02496, 2.41447) -> 4052 (0.381545, 4.28708)
    3225 (17.7283, -16.7397) -> 4865 (16.6235, -15.1492)
    3226 (17.836, -24.5846) -> 4304 (16.5627, -23.5278)
    3227 (18.4486, -21.3773) -> 4498 (16.4697, -21.3944)
    3228 (4.76463, 2.92439) -> 2854 (3.93435, 4.43798)
    3229 (3.47031, 9.3159) -> 2103 (2.10798, 10.0556)
    3230 (16.5858, -1.47109) -> 2400 (14.8663, -0.539247)
    3231 (8.74583, 8.56165) -> 2735 (7.37332, 7.17153)
    3232 (16.0793, 6.34489) -> 4847 (14.5481, 5.41584)
    3233 (0.452821, 7.96872) -> 608 (1.29079, 9.72778)
    3234 (9.6223, 24.2885) -> 3543 (7.72526, 24.4412)
    3235 (19.1389, -2.658) -> 4250 (17.9988, -3.97385)
    3236 (3.65004, -17.3268) -> 4859 (4.0691, -16.0477)
    3237 (7.25479, -9.43316) -> 1300 (6.13469, -8.44654)
    3238 (18.5392, -3.84228) -> 27 (16.688, -4.20431)
    3239 (19.9903, -5.39277) -> 4998 (19.4185, -7.18329)
    3240 (2.95768, -13.9256) -> 4841 (3.74825, -12.3177)
    3241 (11.5711, -4.8919) -> 4951 (10.2421, -5.19914)
    3242 (0.687107, 4.48467) -> 2799 (0.147045, 6.22122)
    3243 (15.4658, 21.8662) -> 4548 (14.0111, 21.3867)
    3244 (4.5911, 1.069) -> 4939 (3.46332, 2.49528)
    3245 (5.07808, 24.0174) -> 4259 (4.54161, 22.1667)
    3246 (18.2357, 21.0891) -> 4636 (16.5895, 20.5929)
    3247 (19.5893, 3.63171) -> 4807 (18.6407, 2.38247)
    3248 (15.9748, 22.4117) -> 4281 (14.0659, 22.1874)
    3249 (17.7697, -24.8928) -> 4304 (16.5627, -23.5278)
    3250 (22.8134, -16.6344) -> 4387 (21.4988, -17.6699)
    3251 (8.04796, -18.0698) -> 487 (6.18112, -17.3612)
    3252 (14.5945, -1.89555) -> 4158 (12.6403, -1.95741)
    3253 (11.6937, -17.917) -> 4564 (9.95419, -17.1788)
    3254 (13.1, -4.16533) -> 2212 (11.4731, -3.27825)
    3255 (0.836531, 18.2994) -> 4899 (0.336173, 16.6104)
    3256 (23.2547, 7.14438) -> 964 (22.359, 5.57717)
    3257 (19.6335, 9.80311) -> 4601 (18.0942, 8.99069)
    3258 (5.71792, 20.2101) -> 4429 (4.17874, 19.4475)
    3259 (22.3846, 9.7872) -> 4938 (21.4762, 8.18464)
    3260 (6.474, 18.3087) -> 3633 (4.55558, 18.2356)
    3261 (24.3536, -16.78) -> 4381 (22.8237, -17.3691)
    3262 (15.8371, 1.28838) -> 1330 (13.8978, 1.14382)
    3263 (4.59655, -8.80086) -> 4455 (3.53278, -7.4061)
    3264 (1.90603, 1.95117) -> 1457 (2.23293, 3.59388)
    3265 (18.003, 23.7845) -> 4347 (16.1563, 23.7377)
    3266 (20.8868, 10.2308) -> 3842 (19.5648, 9.05011)
    3267 (16.7455, 2.34991) -> 4560 (15.1182, 1.79012)
    3268 (6.07605, 16.1278) -> 773 (4.09052, 16.328)
    3269 (13.9001, -3.80349) -> 4687 (12.5481, -2.99629)
    3270 (19.5185, 12.343) -> 2546 (20.2849, 10.6519)
    3271 (3.627, 8.1207) -> 1203 (2.52976, 9.62446)
    3272 (9.19361, 16.8228) -> 3519 (7.29746, 16.903)
    3273 (12.1035, -2.35866) -> 4949 (10.3755, -2.40615)
    3274 (14.3168, 9.08385) -> 2630 (12.873, 7.79509)
    3275 (22.4323, -23.7028) -> 1688 (20.5363, -23.4409)
    3276 (17.9378, 21.4443) -> 668 (16.2305, 21.2563)
    3277 (4.7361, 21.7931) -> 306 (3.25456, 21.1785)
    3278 (2.08078, 15.7003) -> 0 (1, 15)
    3279 (23.1664, -7.70321) -> 4493 (21.5283, -7.82737)
    3280 (5.51632, -5.43721) -> 4868 (4.92446, -3.66779)
    3281 (5.04905, -15.6368) -> 61 (3.57657, -14.5178)
    3282 (17.6566, 15.7176) -> 3520 (19.6223, 15.9245)
    3283 (6.21393, -23.673) -> 3680 (4.6674, -23.3921)
    3284 (20.3589, -22.9278) -> 3715 (18.8385, -24.1982)
    3285 (20.1756, 5.49574) -> 3581 (20.6052, 3.58533)
    3286 (16.9673, 24.9289) -> 4869 (15.1821, 24.4585)
    3287 (10.3174, 0.836643) -> 4240 (9.50992, 2.44397)
    3288 (23.1906, -7.15762) -> 4493 (21.5283, -7.82737)
    3289 (13.1125, 0.738963) -> 4380 (12.1234, -0.38782)
    3290 (23.6437, 12.3552) -> 3297 (23.915, 10.4201)
    3291 (16.4717, 8.44871) -> 688 (17.16, 6.73323)
    3292 (21.1082, -4.16271) -> 4995 (19.8962, -5.16392)
    3293 (9.89574, -14.984) -> 4808 (8.20917, -13.9652)
    3294 (24.3908, 23.8575) -> 1196 (23.0375, 22.9035)
    3295 (9.88106, -7.0828) -> 4009 (8.13967, -7.3532)
    3296 (4.80711, 24.4706) -> 1085 (3.98467, 22.9506)
    3297 (23.915, 10.4201) -> 2550 (23.4239, 8.71723)
    3298 (20.4431, 3.76333) -> 2432 (19.287, 2.1732)
    3299 (4.22757, -24.0234) -> 4918 (5.53671, -23.0209)
    3300 (12.4527, -22.8334) -> 4263 (12.6493, -21.1175)
    3301 (14.5667, 9.57734) -> 4047 (14.5853, 7.66095)
    3302 (22.1212, -23.6762) -> 3284 (20.3589, -22.9278)
    3303 (14.5707, 20.7727) -> 3469 (13.2594, 20.2748)
    3304 (13.303, -24.8885) -> 4884 (13.0748, -23.0059)
    3305 (2.83571, -10.6504) -> 4547 (3.03155, -8.66594)
    3306 (7.83822, -0.711943) -> 3678 (6.11301, -0.412104)
    3307 (15.5232, 16.421) -> 4488 (13.8957, 17.4037)
    3308 (1.33352, -16.3797) -> 4697 (1.33167, -14.7752)
    3309 (3.24825, 7.9121) -> 1203 (2.52976, 9.62446)
    3310 (13.8304, -9.3734) -> 4356 (12.0591, -9.95898)
    3311 (10.4335, 9.49882) -> 2499 (8.6432, 8.6204)
    3312 (9.9919, -19.9248) -> 4745 (9.31149, -18.0921)
    3313 (15.4819, 0.189103) -> 4164 (13.6118, 0.20927)
    3314 (22.3618, -21.6424) -> 4735 (20.527, -21.8564)
    3315 (2.04784, 12.2419) -> 2039 (1.00212, 13.0083)
    3316 (17.9818, -14.4711) -> 4892 (16.0667, -14.1298)
    3317 (8.73291, -2.36887) -> 4634 (6.88992, -1.62385)
    3318 (5.97675, -6.52403) -> 4533 (4.12473, -6.02819)
    3319 (5.79212, -6.0092) -> 3808 (5.07554, -4.26165)
    3320 (15.3162, -13.1816) -> 4104 (13.5854, -12.3938)
    3321 (14.8468, -4.117) -> 3254 (13.1, -4.16533)
    3322 (18.2448, 19.0973) -> 802 (16.7773, 19.2646)
    3323 (4.37784, -16.0757) -> 1960 (2.89315, -14.8053)
    3324 (2.35214, 22.0268) -> 4308 (1.73181, 20.9181)
    3325 (11.8901, -17.7238) -> 1776 (10.5708, -16.4345)
    3326 (19.8035, -11.8089) -> 3779 (18.308, -12.8774)
    3327 (21.0394, -18.2216) -> 4557 (19.4372, -17.2141)
    3328 (4.18811, 0.0677845) -> 2844 (2.42695, 0.430136)
    3329 (2.95498, -4.41507) -> 2951 (2.1006, -2.68042)
    3330 (9.61963, -24.6712) -> 2344 (8.30324, -23.3412)
    3331 (8.38238, 1.50582) -> 3091 (6.64493, 2.4598)
    3332 (2.28659, -10.2298) -> 4547 (3.03155, -8.66594)
    3333 (10.8784, 19.8125) -> 1408 (8.92729, 19.5901)
    3334 (21.9438, 12.3864) -> 1804 (23.4903, 11.5789)
    3335 (5.63162, 10.0534) -> 3588 (3.80494, 10.4502)
    3336 (19.1924, 2.86451) -> 4219 (17.68, 1.97289)
    3337 (7.19724, 3.43614) -> 4071 (6.18411, 4.87815)
    3338 (6.41574, 10.2089) -> 1719 (4.46362, 10.2627)
    3339 (24.3008, 21.3774) -> 4718 (23.9365, 19.6462)
    3340 (7.32343, -18.7598) -> 4284 (7.33526, -17.0736)
    3341 (12.8775, 19.2601) -> 4737 (11.2359, 19.1726)
    3342 (7.84664, 0.74491) -> 3135 (7.37632, 2.44055)
    3343 (11.6857, 19.771) -> 3964 (10.1485, 19.6963)
    3344 (8.34014, 23.1545) -> 2892 (6.78672, 22.2952)
    3345 (17.6815, -21.2808) -> 3815 (16.5548, -19.7253)
    3346 (19.0887, -18.3708) -> 4833 (17.6805, -17.6973)
    3347 (20.8842, 23.3172) -> 4759 (20.0778, 22.9629)
    3348 (5.38697, 11.7644) -> 2556 (3.44465, 11.7828)
    3349 (0.379509, 23.5424) -> 3471 (1.23174, 23.0138)
    3350 (24.8429, -10.3906) -> 4793 (23.34, -11.4647)
    3351 (23.6599, -9.5305) -> 3394 (22.2062, -10.7598)
    3352 (14.2633, 17.9986) -> 2809 (12.2948, 18.2899)
    3353 (21.5861, 13.3416) -> 2704 (22.5857, 11.7871)
    3354 (0.826254, 1.52958) -> 2884 (0.11591, 3.26612)
    3355 (0.462624, 11.5253) -> 2039 (1.00212, 13.0083)
    3356 (24.8754, -12.9999) -> 3456 (23.2777, -11.8348)
    3357 (23.4889, 12.5497) -> 4405 (22.9202, 11.0438)
    3358 (4.25917, -19.7877) -> 95 (4.64622, -17.9376)
    3359 (15.4182, -12.698) -> 4104 (13.5854, -12.3938)
    3360 (12.1997, 7.91921) -> 2885 (11.874, 6.39713)
    3361 (16.8769, -5.85942) -> 4306 (15.5974, -7.21601)
    3362 (15.1679, -19.5063) -> 4244 (15.7443, -17.9011)
    3363 (4.7328, -12.5365) -> 4434 (4.22309, -10.8684)
    3364 (15.7847, 7.89289) -> 4979 (16.4477, 6.01472)
    3365 (16.2488, 12.4786) -> 4193 (17.7114, 11.2584)
    3366 (7.97373, -9.00572) -> 4834 (7.54053, -7.29475)
    3367 (5.62389, 20.5604) -> 4429 (4.17874, 19.4475)
    3368 (13.8057, -14.8699) -> 4538 (12.0236, -15.3938)
    3369 (21.9901, -6.14713) -> 4493 (21.5283, -7.82737)
    3370 (19.9954, -0.932358) -> 3646 (18.9518, -2.24083)
    3371 (18.6358, 6.44621) -> 3813 (19.4806, 4.94234)
    3372 (9.47264, 0.429012) -> 4673 (8.02472, -0.868234)
    3373 (19.7825, -13.3619) -> 3779 (18.308, -12.8774)
    3374 (5.02936, -4.30794) -> 3440 (3.94354, -2.76683)
    3375 (22.8891, 20.8386) -> 3399 (23.6676, 19.129)
    3376 (20.41, -24.4005) -> 3715 (18.8385, -24.1982)
    3377 (7.32461, 17.0466) -> 321 (5.53982, 16.6221)
    3378 (24.2926, 3.00562) -> 4787 (22.6733, 1.98721)
    3379 (4.58014, 14.6942) -> 3505 (2.65631, 15.0772)
    3380 (11.7444, 2.3521) -> 1711 (10.215, 1.94302)
    3381 (24.5381, 6.85821) -> 4396 (24.2609, 5.26566)
    3382 (7.88034, -9.75111) -> 2369 (6.1789, -8.83734)
    3383 (24.9261, -1.55514) -> 4326 (23.0462, -1.34809)
    3384 (20.649, 2.4599) -> 4508 (19.7535, 1.1606)
    3385 (24.6689, 7.92669) -> 3694 (23.5276, 6.82154)
    3386 (7.99614, -13.0042) -> 4522 (6.083, -13.2134)
    3387 (22.9331, -22.5569) -> 4934 (21.5623, -22.3834)
    3388 (19.0334, 17.9015) -> 1613 (20.8152, 17.711)
    3389 (23.6076, 1.60156) -> 4867 (21.8154, 1.02337)
    3390 (0.217374, -19.7248) -> 4770 (1.28257, -18.3391)
    3391 (11.1444, 18.0816) -> 799 (9.34996, 18.8511)
    3392 (20.664, 12.2397) -> 4888 (20.8775, 10.6212)
    3393 (18.7278, -7.94621) -> 4523 (17.749, -7.71292)
    3394 (22.2062, -10.7598) -> 1956 (20.5078, -10.8774)
    3395 (23.3866, -6.54121) -> 3408 (21.958, -7.85214)
    3396 (8.59449, 22.7694) -> 2892 (6.78672, 22.2952)
    3397 (24.3303, -0.0848724) -> 4326 (23.0462, -1.34809)
    3398 (11.1061, 22.3304) -> 3129 (9.44526, 22.1878)
    3399 (23.6676, 19.129) -> 3033 (23.2312, 17.3075)
    3400 (20.2146, 22.6991) -> 4879 (18.6393, 22.0496)
    3401 (14.7672, -3.34459) -> 3254 (13.1, -4.16533)
    3402 (19.7213, 1.19051) -> 4156 (18.1595, 1.06119)
    3403 (0.0938207, -18.7332) -> 4480 (1.34155, -17.2459)
    3404 (13.2168, 16.9898) -> 3793 (11.691, 17.9352)
    3405 (6.36904, -22.1885) -> 4575 (5.66525, -20.4427)
    3406 (5.79103, -2.08528) -> 4622 (4.05452, -1.92814)
    3407 (0.506165, -6.00049) -> 4357 (1.58069, -4.56045)
    3408 (21.958, -7.85214) -> 402 (19.9963, -7.51761)
    3409 (5.93898, 19.2327) -> 3843 (4.43781, 19.1991)
    3410 (13.0899, 23.4492) -> 4471 (12.4056, 22.4876)
    3411 (21.7097, 22.7344) -> 4759 (20.0778, 22.9629)
    3412 (18.3444, 5.83294) -> 671 (16.9857, 4.5946)
    3413 (8.76569, -15.5087) -> 4966 (7.04708, -14.9667)
    3414 (18.4428, 3.35096) -> 4219 (17.68, 1.97289)
    3415 (2.5194, -12.2467) -> 4608 (1.03957, -11.3818)
    3416 (15.8623, 21.2957) -> 4548 (14.0111, 21.3867)
    3417 (8.78065, 4.24006) -> 796 (7.23175, 5.32393)
    3418 (4.73653, 1.32834) -> 4939 (3.46332, 2.49528)
    3419 (12.7877, 19.2297) -> 4737 (11.2359, 19.1726)
    3420 (5.95372, -12.4743) -> 860 (4.93606, -10.7533)
    3421 (18.0601, -20.6541) -> 3815 (16.5548, -19.7253)
    3422 (23.2207, 6.53364) -> 1816 (23.1886, 4.7768)
    3423 (9.26504, -14.2618) -> 4669 (8.54459, -12.6253)
    3424 (10.0367, 16.849) -> 3762 (8.6034, 17.6825)
    3425 (4.36226, -22.6736) -> 507 (3.42369, -21.3134)
    3426 (11.2045, -8.73486) -> 2528 (9.31395, -9.21189)
    3427 (10.1386, 16.4707) -> 3762 (8.6034, 17.6825)
    3428 (12.6347, -22.6093) -> 4779 (12.056, -20.8409)
    3429 (21.4242, 12.5577) -> 4862 (22.8459, 11.723)
    3430 (11.0191, -15.336) -> 3707 (9.30314, -14.4653)
    3431 (15.2471, -4.35274) -> 3732 (13.5686, -4.04699)
    3432 (10.2473, -12.5079) -> 4733 (9.06271, -10.907)
    3433 (15.3246, -22.916) -> 4910 (13.5746, -21.9933)
    3434 (11.3524, -10.861) -> 2760 (9.79668, -10.2949)
    3435 (16.2018, -6.67678) -> 3686 (14.3636, -7.13973)
    3436 (21.3971, -5.27082) -> 3014 (19.4461, -5.28377)
    3437 (8.29479, -0.772865) -> 4599 (6.46531, -0.773115)
    3438 (23.2232, -10.5) -> 3144 (21.2547, -10.2314)
    3439 (2.73956, -8.88917) -> 4527 (3.10311, -7.24404)
    3440 (3.94354, -2.76683) -> 458 (3.22872, -0.920456)
    3441 (4.08218, -5.667) -> 4369 (2.76203, -5.19594)
    3442 (1.96462, -1.05499) -> 2365 (1.29897, 0.447401)
    3443 (2.46317, 24.6076) -> 4849 (1.75756, 23.4765)
    3444 (23.7073, 15.767) -> 1830 (24.7022, 14.0351)
    3445 (10.6941, -14.5702) -> 4297 (9.78889, -15.2168)
    3446 (1.47341, -7.29018) -> 4129 (0.751807, -5.68577)
    3447 (5.96765, -21.147) -> 4160 (4.59505, -19.8503)
    3448 (1.70562, 15.6743) -> 0 (1, 15)
    3449 (21.3647, -13.2549) -> 3798 (19.6262, -14.1717)
    3450 (4.778, 22.4935) -> 2191 (3.80611, 20.7976)
    3451 (10.4531, -3.9816) -> 3175 (9.80323, -2.19676)
    3452 (4.82348, -15.8932) -> 61 (3.57657, -14.5178)
    3453 (21.7706, -14.9211) -> 4342 (20.3877, -15.6785)
    3454 (2.57148, -5.86229) -> 4357 (1.58069, -4.56045)
    3455 (6.68342, 21.5029) -> 1047 (5.11937, 20.5772)
    3456 (23.2777, -11.8348) -> 944 (21.3628, -12.1232)
    3457 (0.0143925, -1.37301) -> 4597 (1.7908, -0.81154)
    3458 (15.4985, -1.16677) -> 2575 (13.5045, -1.31062)
    3459 (16.1684, -10.2607) -> 3784 (14.2409, -10.1185)
    3460 (12.3117, 1.47782) -> 4412 (10.944, 1.38268)
    3461 (18.7466, -21.3355) -> 3502 (17.0302, -22.1591)
    3462 (16.461, 5.75942) -> 4858 (16.141, 4.1214)
    3463 (11.2017, -12.9398) -> 418 (9.41585, -12.04)
    3464 (3.58264, 10.1778) -> 628 (2.41039, 11.6084)
    3465 (5.70242, -10.4445) -> 4434 (4.22309, -10.8684)
    3466 (4.51485, -4.87602) -> 4369 (2.76203, -5.19594)
    3467 (21.0116, -18.7531) -> 3346 (19.0887, -18.3708)
    3468 (24.149, -12.5998) -> 4747 (22.3759, -11.7865)
    3469 (13.2594, 20.2748) -> 452 (11.3069, 20.0713)
    3470 (22.9143, -9.73434) -> 3725 (21.0058, -9.76882)
    3471 (1.23174, 23.0138) -> 4961 (1.72572, 21.6179)
    3472 (24.267, -19.8695) -> 4629 (23.0105, -19.2304)
    3473 (17.8222, 8.34726) -> 1327 (17.3758, 6.41371)
    3474 (17.9711, 20.4075) -> 4636 (16.5895, 20.5929)
    3475 (11.6529, -20.9579) -> 3774 (11.5503, -19.5644)
    3476 (7.11869, 20.1963) -> 3955 (5.81598, 20.2182)
    3477 (16.6032, 12.8549) -> 4193 (17.7114, 11.2584)
    3478 (17.3015, 14.1786) -> 761 (17.7592, 12.4249)
    3479 (9.1717, -9.78313) -> 4611 (8.18712, -8.24672)
    3480 (3.36913, -1.12939) -> 4861 (2.59197, 0.614889)
    3481 (13.6101, -6.72287) -> 2754 (11.9966, -6.08147)
    3482 (7.52712, -0.22081) -> 1508 (5.72329, -0.789)
    3483 (14.1116, -6.15257) -> 2831 (12.2764, -6.1269)
    3484 (6.33962, 6.55708) -> 218 (4.4144, 6.88994)
    3485 (21.5307, 18.5566) -> 1292 (21.2063, 16.8212)
    3486 (9.85804, -7.62232) -> 3593 (8.08983, -6.79851)
    3487 (8.09246, 12.1092) -> 1910 (6.26965, 11.4159)
    3488 (6.43066, -17.4198) -> 4712 (4.91342, -17.2199)
    3489 (8.5561, -8.06242) -> 1239 (7.03357, -9.02643)
    3490 (1.60856, 16.7717) -> 0 (1, 15)
    3491 (6.76552, -22.5709) -> 571 (5.17286, -21.4222)
    3492 (5.22485, 7.6775) -> 3309 (3.24825, 7.9121)
    3493 (9.88489, -15.185) -> 4516 (8.26395, -14.9902)
    3494 (20.1429, 22.4273) -> 4879 (18.6393, 22.0496)
    3495 (6.11364, -20.7569) -> 4160 (4.59505, -19.8503)
    3496 (12.7513, -9.01149) -> 2699 (10.9964, -8.4045)
    3497 (3.27902, -15.6024) -> 3112 (3.81646, -13.7604)
    3498 (1.20027, -10.2072) -> 603 (2.74571, -9.38394)
    3499 (21.7255, 15.3169) -> 152 (23.3351, 14.2466)
    3500 (13.4459, -14.8605) -> 4538 (12.0236, -15.3938)
    3501 (19.2101, -5.42247) -> 4475 (17.6865, -4.35617)
    3502 (17.0302, -22.1591) -> 4580 (16.3708, -20.6875)
    3503 (23.6494, -18.1488) -> 4629 (23.0105, -19.2304)
    3504 (17.3908, 7.25438) -> 4979 (16.4477, 6.01472)
    3505 (2.65631, 15.0772) -> 0 (1, 15)
    3506 (0.759727, 11.2816) -> 2039 (1.00212, 13.0083)
    3507 (17.2342, 24.8594) -> 4347 (16.1563, 23.7377)
    3508 (15.0877, 1.23123) -> 4164 (13.6118, 0.20927)
    3509 (16.9899, -16.5124) -> 4299 (15.1118, -15.9515)
    3510 (14.0214, -12.0513) -> 4720 (12.0451, -11.8805)
    3511 (4.51719, 0.587173) -> 4444 (4.14422, 2.50312)
    3512 (19.4124, -17.2026) -> 4833 (17.6805, -17.6973)
    3513 (21.0862, -1.62115) -> 4091 (19.6665, -2.43241)
    3514 (5.1882, -7.14717) -> 4637 (5.14172, -5.32614)
    3515 (3.93331, -9.56703) -> 4547 (3.03155, -8.66594)
    3516 (3.2278, 8.45607) -> 2103 (2.10798, 10.0556)
    3517 (14.6601, -24.6612) -> 3717 (14.1585, -22.8348)
    3518 (7.37336, -1.54744) -> 4771 (5.83442, -1.01136)
    3519 (7.29746, 16.903) -> 3942 (5.70767, 16.5476)
    3520 (19.6223, 15.9245) -> 1696 (21.0822, 14.8417)
    3521 (12.2151, 10.1389) -> 898 (11.4309, 8.32199)
    3522 (23.2209, 0.0645684) -> 4022 (22.8548, -1.74581)
    3523 (16.717, 3.93174) -> 4389 (16.2858, 1.98484)
    3524 (14.4427, -2.7611) -> 4687 (12.5481, -2.99629)
    3525 (12.2907, -4.04959) -> 4635 (10.8782, -2.6498)
    3526 (0.0232946, -5.89857) -> 4377 (0.797094, -4.15785)
    3527 (23.7863, -22.4811) -> 4907 (23.4424, -20.593)
    3528 (15.1116, -12.7925) -> 4104 (13.5854, -12.3938)
    3529 (12.8191, -3.95362) -> 4404 (10.8653, -4.27101)
    3530 (21.1036, -7.33592) -> 4998 (19.4185, -7.18329)
    3531 (9.81688, -21.2299) -> 3796 (8.55132, -20.0185)
    3532 (10.4681, -22.5769) -> 4838 (9.59535, -21.0082)
    3533 (4.38133, -11.3021) -> 4809 (2.9709, -9.96635)
    3534 (12.9403, 18.7607) -> 4737 (11.2359, 19.1726)
    3535 (0.53558, -13.4215) -> 2475 (2.43107, -12.9559)
    3536 (15.3751, 7.16886) -> 4847 (14.5481, 5.41584)
    3537 (3.05294, 7.61673) -> 4155 (1.362, 8.0165)
    3538 (16.6115, -12.1571) -> 3545 (14.6942, -12.3873)
    3539 (5.18515, -15.1691) -> 4665 (4.6233, -13.595)
    3540 (2.87476, 7.86133) -> 1203 (2.52976, 9.62446)
    3541 (7.84646, 14.4779) -> 2286 (6.45667, 15.0795)
    3542 (23.1204, -11.9123) -> 111 (21.5894, -11.5252)
    3543 (7.72526, 24.4412) -> 4168 (6.35655, 23.4816)
    3544 (16.5753, 12.6519) -> 4193 (17.7114, 11.2584)
    3545 (14.6942, -12.3873) -> 2007 (13.3649, -11.213)
    3546 (7.35749, 15.7366) -> 3702 (5.54816, 15.3572)
    3547 (6.61721, 5.96515) -> 37 (5.25502, 7.15063)
    3548 (20.5648, 0.352292) -> 3550 (18.7117, 0.205175)
    3549 (8.48498, -7.12496) -> 2555 (6.69591, -6.8386)
    3550 (18.7117, 0.205175) -> 4602 (17.3814, -0.770089)
    3551 (15.8235, 0.73442) -> 2400 (14.8663, -0.539247)
    3552 (10.5821, -17.6934) -> 4482 (8.91158, -16.7805)
    3553 (13.6185, 8.56973) -> 4327 (13.1988, 7.08045)
    3554 (15.3868, 6.91687) -> 4957 (13.5709, 6.19059)
    3555 (23.5834, -1.52941) -> 4715 (23.2769, -2.9182)
    3556 (5.81801, -18.4577) -> 4893 (4.34938, -18.0494)
    3557 (10.7612, 7.48795) -> 1322 (8.9348, 7.57602)
    3558 (21.4359, -20.4585) -> 4576 (19.4814, -20.4842)
    3559 (10.3239, 20.9815) -> 3911 (8.74713, 21.2899)
    3560 (14.8334, 12.8415) -> 91 (16.4697, 11.947)
    3561 (4.09292, 12.3342) -> 628 (2.41039, 11.6084)
    3562 (18.6419, -21.7783) -> 3203 (16.7073, -21.2818)
    3563 (0.783063, 3.84689) -> 4962 (0.228182, 5.45977)
    3564 (21.6436, 21.8959) -> 907 (19.8616, 21.4975)
    3565 (10.7325, 20.4608) -> 3931 (9.03878, 21.3226)
    3566 (1.8934, 0.410981) -> 1034 (1.68739, 2.22901)
    3567 (12.334, 21.3449) -> 3727 (10.7448, 20.4465)
    3568 (20.2601, 12.4732) -> 4888 (20.8775, 10.6212)
    3569 (4.68953, 16.3007) -> 2484 (2.78446, 16.4387)
    3570 (16.9667, -2.22013) -> 3458 (15.4985, -1.16677)
    3571 (14.0216, 5.88558) -> 4802 (14.2319, 4.11567)
    3572 (7.35944, 0.309099) -> 1508 (5.72329, -0.789)
    3573 (6.50136, 16.9892) -> 2388 (4.57024, 17.5061)
    3574 (19.9033, 13.9105) -> 4813 (21.8035, 13.387)
    3575 (14.0347, 22.206) -> 4727 (12.3756, 21.6163)
    3576 (24.6376, 4.07352) -> 3934 (22.9477, 3.05071)
    3577 (5.96096, 17.1517) -> 2717 (4.03472, 17.3843)
    3578 (17.7536, -18.365) -> 4332 (17.7505, -16.4788)
    3579 (18.2555, -1.19417) -> 3990 (16.8668, 0.147571)
    3580 (19.3338, -13.6505) -> 4388 (17.6156, -12.7868)
    3581 (20.6052, 3.58533) -> 2432 (19.287, 2.1732)
    3582 (0.245202, 17.5639) -> 4153 (0.119893, 16.3475)
    3583 (2.6921, -15.7533) -> 4617 (3.10117, -14.5328)
    3584 (4.76353, 21.7568) -> 306 (3.25456, 21.1785)
    3585 (4.01372, -22.6137) -> 571 (5.17286, -21.4222)
    3586 (7.05997, -8.31563) -> 4583 (5.79582, -6.79045)
    3587 (8.56173, -8.71404) -> 4834 (7.54053, -7.29475)
    3588 (3.80494, 10.4502) -> 628 (2.41039, 11.6084)
    3589 (17.288, 20.2733) -> 4636 (16.5895, 20.5929)
    3590 (0.197541, 20.1049) -> 3255 (0.836531, 18.2994)
    3591 (24.5036, 1.3261) -> 3522 (23.2209, 0.0645684)
    3592 (13.727, 11.5806) -> 1968 (14.7189, 10.3462)
    3593 (8.08983, -6.79851) -> 4189 (6.9466, -5.36667)
    3594 (9.26565, 19.2119) -> 1096 (7.46363, 19.4527)
    3595 (0.382753, -1.38333) -> 4597 (1.7908, -0.81154)
    3596 (10.7271, -2.45828) -> 1623 (8.78277, -2.69638)
    3597 (7.48884, 20.1147) -> 3955 (5.81598, 20.2182)
    3598 (4.1614, -10.5143) -> 2880 (2.97462, -9.15248)
    3599 (24.9992, -18.8362) -> 1491 (24.6812, -17.1299)
    3600 (20.0711, -8.88355) -> 4596 (18.3795, -8.09927)
    3601 (19.4644, -21.8426) -> 3421 (18.0601, -20.6541)
    3602 (4.84474, 13.1932) -> 2556 (3.44465, 11.7828)
    3603 (16.0737, -18.4022) -> 4928 (14.6544, -17.0753)
    3604 (8.67661, 22.7291) -> 3050 (7.04277, 22.2623)
    3605 (16.8534, 5.07361) -> 3642 (15.5495, 3.97761)
    3606 (23.6219, 9.81657) -> 1909 (24.1465, 8.09693)
    3607 (5.95127, 9.17454) -> 2014 (4.23255, 8.63561)
    3608 (20.8826, -4.97494) -> 3501 (19.2101, -5.42247)
    3609 (15.0264, -24.142) -> 4774 (13.6608, -24.6935)
    3610 (14.5251, 8.28524) -> 4264 (14.2504, 6.34662)
    3611 (15.478, -19.2294) -> 4244 (15.7443, -17.9011)
    3612 (21.9024, -2.94985) -> 4039 (20.5942, -4.41217)
    3613 (12.3071, 19.9659) -> 4947 (10.5312, 19.2752)
    3614 (2.54018, -11.4336) -> 3971 (3.93156, -10.2977)
    3615 (10.4746, -20.0153) -> 4531 (9.81906, -18.4741)
    3616 (10.8682, -19.7335) -> 4531 (9.81906, -18.4741)
    3617 (5.25094, -24.6482) -> 4691 (6.53165, -23.2749)
    3618 (2.53912, -12.3672) -> 4608 (1.03957, -11.3818)
    3619 (24.1465, -8.16159) -> 4751 (22.8027, -7.64561)
    3620 (21.1054, 3.73835) -> 4891 (19.9882, 2.47749)
    3621 (4.00699, -9.59605) -> 4547 (3.03155, -8.66594)
    3622 (3.16372, 17.7763) -> 3685 (1.74557, 16.7429)
    3623 (0.861025, -4.947) -> 1336 (1.00303, -3.3303)
    3624 (18.2886, 12.7479) -> 2670 (19.0931, 11.2176)
    3625 (13.7267, -3.35502) -> 4178 (11.8761, -3.31363)
    3626 (22.3211, -5.2288) -> 4039 (20.5942, -4.41217)
    3627 (1.33318, -1.1147) -> 2844 (2.42695, 0.430136)
    3628 (0.874958, 18.1495) -> 4899 (0.336173, 16.6104)
    3629 (22.9923, 10.9542) -> 4767 (24.4793, 9.79744)
    3630 (13.1359, 18.2857) -> 4430 (12.6943, 19.2435)
    3631 (11.7415, -16.3356) -> 4564 (9.95419, -17.1788)
    3632 (3.99197, -1.74575) -> 4509 (2.14647, -1.4365)
    3633 (4.55558, 18.2356) -> 4336 (2.84247, 17.3182)
    3634 (0.00999175, 8.90237) -> 2687 (0.720198, 10.7456)
    3635 (20.5986, -6.44278) -> 4998 (19.4185, -7.18329)
    3636 (4.24678, 23.3238) -> 1624 (2.9023, 22.6138)
    3637 (18.0411, -9.09735) -> 4573 (16.5879, -8.17694)
    3638 (19.5114, 8.92301) -> 823 (19.7414, 7.14473)
    3639 (7.76827, 12.5384) -> 336 (5.86082, 12.3084)
    3640 (7.7019, -3.57858) -> 4013 (6.21599, -2.85338)
    3641 (24.6249, 12.0617) -> 3676 (24.2279, 10.2067)
    3642 (15.5495, 3.97761) -> 4794 (14.0167, 2.85062)
    3643 (3.94112, -8.98647) -> 4527 (3.10311, -7.24404)
    3644 (24.1895, 6.73893) -> 2052 (23.4898, 4.94765)
    3645 (8.83262, 6.7745) -> 3967 (7.13273, 6.63873)
    3646 (18.9518, -2.24083) -> 4250 (17.9988, -3.97385)
    3647 (4.55758, 9.98207) -> 2219 (3.7942, 11.802)
    3648 (3.22076, -0.145677) -> 2541 (2.22132, 0.963911)
    3649 (4.22771, -14.6382) -> 4653 (2.44377, -13.7429)
    3650 (7.3088, -3.82598) -> 1028 (5.66355, -3.60569)
    3651 (23.5691, 18.5381) -> 4370 (23.7884, 17.0375)
    3652 (3.3171, -2.86039) -> 4509 (2.14647, -1.4365)
    3653 (15.7025, -24.5459) -> 4283 (13.7737, -24.0501)
    3654 (6.56338, 10.8318) -> 2642 (4.73209, 11.2308)
    3655 (16.5158, 12.93) -> 2756 (17.1734, 11.4028)
    3656 (15.8794, 24.0015) -> 4869 (15.1821, 24.4585)
    3657 (23.8811, 20.5252) -> 3847 (24.6354, 19.2366)
    3658 (6.99295, -12.6726) -> 1160 (5.93263, -11.2364)
    3659 (13.5159, 4.24518) -> 4435 (12.137, 2.94069)
    3660 (15.0675, 20.7893) -> 3469 (13.2594, 20.2748)
    3661 (15.9977, 0.745786) -> 4029 (14.4064, -0.432812)
    3662 (14.6423, -14.3031) -> 3545 (14.6942, -12.3873)
    3663 (24.8078, -2.76251) -> 4970 (23.2648, -2.86634)
    3664 (4.87044, -15.8335) -> 61 (3.57657, -14.5178)
    3665 (22.2829, 1.61527) -> 3853 (22.2598, -0.0922426)
    3666 (7.27837, 2.77057) -> 4023 (5.93666, 3.88205)
    3667 (4.83245, -4.67014) -> 3329 (2.95498, -4.41507)
    3668 (6.98793, -16.5978) -> 4966 (7.04708, -14.9667)
    3669 (22.5855, -22.7558) -> 4221 (20.7812, -22.5014)
    3670 (8.77717, 4.32768) -> 4839 (6.92792, 4.08032)
    3671 (24.8442, -12.1918) -> 4793 (23.34, -11.4647)
    3672 (24.2894, -16.5756) -> 4763 (23.3473, -14.8405)
    3673 (22.9244, 2.1557) -> 4867 (21.8154, 1.02337)
    3674 (18.7584, 18.8485) -> 4002 (17.7719, 19.2459)
    3675 (20.0795, 13.2283) -> 534 (20.6987, 11.4847)
    3676 (24.2279, 10.2067) -> 531 (24.0062, 8.38415)
    3677 (23.4532, -19.5718) -> 3965 (22.0752, -20.2421)
    3678 (6.11301, -0.412104) -> 3328 (4.18811, 0.0677845)
    3679 (24.5709, -3.306) -> 4496 (24.0899, -5.24044)
    3680 (4.6674, -23.3921) -> 3900 (4.08301, -21.5514)
    3681 (0.0683367, 24.6786) -> 3869 (0.331229, 22.8773)
    3682 (13.5481, -7.33671) -> 2754 (11.9966, -6.08147)
    3683 (11.546, -13.1294) -> 4362 (9.75174, -12.3544)
    3684 (17.6667, 18.1549) -> 4062 (15.706, 17.8373)
    3685 (1.74557, 16.7429) -> 0 (1, 15)
    3686 (14.3636, -7.13973) -> 1772 (12.5679, -7.26938)
    3687 (13.1178, -4.89486) -> 4646 (11.3298, -4.79421)
    3688 (21.3135, -6.62354) -> 2415 (19.4424, -7.20378)
    3689 (10.5138, 17.8881) -> 4815 (8.65668, 18.159)
    3690 (11.9264, -0.360546) -> 156 (10.2302, -0.376794)
    3691 (8.92146, 9.68664) -> 2401 (7.91756, 8.00651)
    3692 (24.0798, 13.5601) -> 4119 (24.9861, 11.8293)
    3693 (24.8575, 21.5184) -> 4842 (23.5211, 20.6225)
    3694 (23.5276, 6.82154) -> 2147 (23.3829, 4.85099)
    3695 (22.0669, -8.7621) -> 3144 (21.2547, -10.2314)
    3696 (16.6096, 2.6352) -> 4560 (15.1182, 1.79012)
    3697 (2.98903, -23.5516) -> 4520 (2.0938, -21.8662)
    3698 (23.1027, 18.7794) -> 4370 (23.7884, 17.0375)
    3699 (20.4161, -13.2086) -> 4695 (19.277, -11.6883)
    3700 (15.913, 10.0573) -> 41 (15.4426, 8.15447)
    3701 (14.9601, -23.4987) -> 4626 (13.3171, -22.3757)
    3702 (5.54816, 15.3572) -> 2728 (3.66551, 14.7314)
    3703 (10.3278, 23.2567) -> 4702 (8.72889, 22.0799)
    3704 (22.5301, 7.78922) -> 2326 (21.8552, 6.15203)
    3705 (15.157, 18.4584) -> 3889 (13.2962, 19.0253)
    3706 (10.168, -22.6518) -> 4439 (10.1728, -21.0211)
    3707 (9.30314, -14.4653) -> 4301 (8.31816, -12.8478)
    3708 (24.608, -4.07733) -> 4270 (23.2154, -5.42802)
    3709 (5.54002, 9.27052) -> 2014 (4.23255, 8.63561)
    3710 (5.86305, -1.45988) -> 4487 (4.42418, -0.298307)
    3711 (8.55698, 22.8487) -> 2892 (6.78672, 22.2952)
    3712 (7.82684, -7.93803) -> 674 (6.06443, -7.1373)
    3713 (24.8016, -20.5059) -> 4846 (24.3108, -18.7835)
    3714 (20.6641, -12.3208) -> 4595 (18.7382, -12.136)
    3715 (18.8385, -24.1982) -> 3214 (17.2183, -23.0604)
    3716 (1.95625, -20.5399) -> 4420 (2.61691, -18.984)
    3717 (14.1585, -22.8348) -> 1250 (13.5969, -20.951)
    3718 (8.00457, 7.94573) -> 2485 (6.05827, 7.77856)
    3719 (19.7934, -21.9134) -> 4576 (19.4814, -20.4842)
    3720 (6.82488, -5.50395) -> 4637 (5.14172, -5.32614)
    3721 (13.0506, -0.655411) -> 857 (11.0771, -0.381832)
    3722 (10.8671, 23.3232) -> 331 (9.03789, 23.1574)
    3723 (4.0852, 7.54967) -> 2108 (2.09746, 7.68879)
    3724 (15.6633, -1.55461) -> 4647 (13.9366, -0.656468)
    3725 (21.0058, -9.76882) -> 3919 (19.7714, -8.26978)
    3726 (9.44808, -10.8594) -> 3382 (7.88034, -9.75111)
    3727 (10.7448, 20.4465) -> 2790 (9.03492, 20.6209)
    3728 (17.3503, -10.7478) -> 4607 (15.532, -11.1691)
    3729 (0.0981528, -11.261) -> 4440 (1.71616, -10.3261)
    3730 (8.20458, -15.3723) -> 4134 (7.2656, -13.8308)
    3731 (8.05164, -12.1218) -> 1773 (6.77785, -10.6097)
    3732 (13.5686, -4.04699) -> 4178 (11.8761, -3.31363)
    3733 (1.50499, -13.6469) -> 4191 (0.0764417, -12.4858)
    3734 (24.9703, -15.7588) -> 4763 (23.3473, -14.8405)
    3735 (0.791161, -17.825) -> 4623 (1.15394, -16.0548)
    3736 (23.0184, -2.08465) -> 4964 (21.5992, -3.29105)
    3737 (1.40683, -11.8628) -> 3498 (1.20027, -10.2072)
    3738 (15.6231, 22.2496) -> 4548 (14.0111, 21.3867)
    3739 (24.3035, 14.4649) -> 2185 (23.292, 13.0586)
    3740 (0.830225, -23.9477) -> 4060 (1.40857, -22.1651)
    3741 (12.372, 20.8045) -> 3849 (10.7048, 20.1514)
    3742 (4.58435, 23.2213) -> 1624 (2.9023, 22.6138)
    3743 (0.420562, -16.7613) -> 4748 (0.940387, -15.3797)
    3744 (16.282, 20.3427) -> 1971 (14.3361, 20.3253)
    3745 (21.624, 6.32054) -> 4987 (20.5915, 4.96055)
    3746 (24.1173, 24.9427) -> 4927 (23.5806, 23.1042)
    3747 (18.4428, -14.5832) -> 4865 (16.6235, -15.1492)
    3748 (4.04357, 14.4536) -> 2033 (2.06831, 14.2446)
    3749 (13.9618, -7.81535) -> 4465 (12.0781, -7.42671)
    3750 (2.24876, -14.5243) -> 2853 (1.7131, -12.8244)
    3751 (17.4851, 13.0735) -> 1750 (19.1768, 12.2547)
    3752 (8.43024, -2.4239) -> 4634 (6.88992, -1.62385)
    3753 (1.31803, 16.2185) -> 0 (1, 15)
    3754 (12.3803, -6.09395) -> 3801 (10.5029, -5.7525)
    3755 (18.6743, -8.86082) -> 4523 (17.749, -7.71292)
    3756 (5.61463, -15.9157) -> 3917 (5.41753, -14.2725)
    3757 (22.8304, -5.29012) -> 146 (21.0354, -5.58882)
    3758 (23.5131, -9.00546) -> 3408 (21.958, -7.85214)
    3759 (17.678, -4.06393) -> 563 (17.0752, -5.91793)
    3760 (18.7022, 17.1762) -> 328 (20.3748, 16.1727)
    3761 (11.7541, 5.59971) -> 490 (10.1533, 4.50425)
    3762 (8.6034, 17.6825) -> 3211 (6.70412, 17.1512)
    3763 (6.63225, -19.704) -> 4829 (6.08642, -17.9259)
    3764 (9.00849, -6.47505) -> 4756 (7.46269, -5.4157)
    3765 (14.4593, 16.7747) -> 4614 (14.204, 18.2181)
    3766 (21.8379, -21.3163) -> 4266 (20.7814, -19.8793)
    3767 (0.899423, -4.21471) -> 3066 (0.908246, -2.27567)
    3768 (12.0915, 9.27217) -> 240 (11.6894, 7.34939)
    3769 (3.56567, -9.38038) -> 4455 (3.53278, -7.4061)
    3770 (3.64678, 7.92496) -> 3826 (1.8749, 8.41381)
    3771 (16.0418, -23.3402) -> 4171 (15.1187, -21.7029)
    3772 (2.68174, -4.91766) -> 4693 (2.41308, -3.03199)
    3773 (4.02976, 3.3257) -> 2346 (2.84199, 4.35971)
    3774 (11.5503, -19.5644) -> 4881 (9.74894, -19.0012)
    3775 (23.4093, -19.3524) -> 2015 (21.7088, -19.5035)
    3776 (5.49384, 1.89118) -> 2614 (4.08111, 3.16477)
    3777 (18.5892, 9.75361) -> 4638 (18.366, 7.81344)
    3778 (24.9344, 5.19516) -> 1816 (23.1886, 4.7768)
    3779 (18.308, -12.8774) -> 4805 (16.3093, -12.8252)
    3780 (20.643, 23.7372) -> 4553 (18.9287, 22.7421)
    3781 (17.0024, -13.2929) -> 4898 (15.1089, -12.8753)
    3782 (24.4686, 12.9924) -> 2073 (23.9525, 11.3025)
    3783 (13.5964, -1.88421) -> 3855 (11.6538, -2.09301)
    3784 (14.2409, -10.1185) -> 4992 (12.6544, -11.2804)
    3785 (0.828189, -12.7036) -> 4936 (0.87197, -10.9351)
    3786 (17.2029, 7.07142) -> 4877 (16.0939, 5.52834)
    3787 (3.26562, -15.4471) -> 4653 (2.44377, -13.7429)
    3788 (8.4265, 7.10411) -> 4012 (6.5258, 7.69638)
    3789 (21.3091, 18.9467) -> 4352 (21.5681, 17.1463)
    3790 (17.3087, 21.1829) -> 668 (16.2305, 21.2563)
    3791 (5.4977, 18.7678) -> 2627 (3.88156, 17.8878)
    3792 (12.1383, -6.49412) -> 3801 (10.5029, -5.7525)
    3793 (11.691, 17.9352) -> 4226 (9.70534, 18.0589)
    3794 (13.7486, 22.7563) -> 3840 (12.209, 22.1036)
    3795 (3.20868, -19.8097) -> 774 (3.03026, -17.8506)
    3796 (8.55132, -20.0185) -> 4531 (9.81906, -18.4741)
    3797 (4.9972, -19.8233) -> 2158 (4.19591, -18.0574)
    3798 (19.6262, -14.1717) -> 3779 (18.308, -12.8774)
    3799 (17.7085, 5.08663) -> 4858 (16.141, 4.1214)
    3800 (6.91378, 14.2264) -> 1809 (5.33713, 13.3551)
    3801 (10.5029, -5.7525) -> 2950 (8.99608, -4.74977)
    3802 (18.4548, 2.82878) -> 959 (16.6906, 2.09664)
    3803 (6.55648, -19.4922) -> 4160 (4.59505, -19.8503)
    3804 (22.8262, 16.6479) -> 3046 (24.4166, 15.7679)
    3805 (11.6659, -23.0043) -> 4539 (10.9389, -21.4213)
    3806 (13.0026, -14.3465) -> 4799 (12.6543, -12.9057)
    3807 (1.09344, 16.1533) -> 0 (1, 15)
    3808 (5.07554, -4.26165) -> 3440 (3.94354, -2.76683)
    3809 (19.0017, 16.1883) -> 4058 (20.9399, 16.0271)
    3810 (3.99496, 16.6926) -> 2984 (2.56304, 15.8109)
    3811 (24.4351, -4.65621) -> 3757 (22.8304, -5.29012)
    3812 (15.0672, -0.582927) -> 2668 (13.2083, -1.26768)
    3813 (19.4806, 4.94234) -> 427 (17.9566, 3.69386)
    3814 (23.3071, 10.167) -> 531 (24.0062, 8.38415)
    3815 (16.5548, -19.7253) -> 4244 (15.7443, -17.9011)
    3816 (5.30043, 0.628482) -> 1640 (4.01094, -0.56562)
    3817 (5.1345, -5.07675) -> 4868 (4.92446, -3.66779)
    3818 (11.3395, -19.6388) -> 4531 (9.81906, -18.4741)
    3819 (22.6935, 12.5408) -> 2073 (23.9525, 11.3025)
    3820 (15.0272, -19.9172) -> 4853 (13.0909, -19.7242)
    3821 (0.0746803, 16.853) -> 3101 (0.0188449, 15.045)
    3822 (5.73066, 17.8483) -> 2717 (4.03472, 17.3843)
    3823 (24.6786, 17.278) -> 3444 (23.7073, 15.767)
    3824 (0.0102138, 23.9013) -> 901 (0.810682, 23.0468)
    3825 (8.12073, -2.07394) -> 1270 (6.43958, -2.66138)
    3826 (1.8749, 8.41381) -> 2729 (1.54223, 10.3104)
    3827 (0.291137, 15.1899) -> 0 (1, 15)
    3828 (8.37854, 0.22165) -> 1666 (6.57159, 0.758391)
    3829 (23.6152, -21.938) -> 4907 (23.4424, -20.593)
    3830 (21.5666, -24.2661) -> 4657 (19.7323, -23.84)
    3831 (10.6062, 20.7901) -> 4935 (8.60915, 20.7458)
    3832 (15.3469, 19.6445) -> 2445 (14.456, 20.028)
    3833 (10.0368, 23.3602) -> 4702 (8.72889, 22.0799)
    3834 (20.1776, -14.5502) -> 2397 (18.321, -13.8707)
    3835 (15.9224, 3.23108) -> 4794 (14.0167, 2.85062)
    3836 (10.039, -12.6339) -> 4733 (9.06271, -10.907)
    3837 (12.1975, -22.6923) -> 4850 (11.3671, -20.9249)
    3838 (15.6547, -5.98616) -> 3483 (14.1116, -6.15257)
    3839 (21.1537, -7.28301) -> 4998 (19.4185, -7.18329)
    3840 (12.209, 22.1036) -> 4570 (10.3366, 21.4936)
    3841 (24.2174, 18.8893) -> 4370 (23.7884, 17.0375)
    3842 (19.5648, 9.05011) -> 823 (19.7414, 7.14473)
    3843 (4.43781, 19.1991) -> 3622 (3.16372, 17.7763)
    3844 (16.3405, 17.1087) -> 4115 (14.9147, 17.9933)
    3845 (18.556, -18.8287) -> 4833 (17.6805, -17.6973)
    3846 (5.15434, 8.73953) -> 3516 (3.2278, 8.45607)
    3847 (24.6354, 19.2366) -> 3823 (24.6786, 17.278)
    3848 (0.592803, 19.5368) -> 2919 (1.28726, 18.2518)
    3849 (10.7048, 20.1514) -> 139 (8.88984, 19.8956)
    3850 (16.4557, 24.2084) -> 4869 (15.1821, 24.4585)
    3851 (24.2098, -11.7899) -> 4822 (22.3653, -12.1006)
    3852 (20.9334, -1.90897) -> 1341 (19.1078, -2.69445)
    3853 (22.2598, -0.0922426) -> 1576 (20.908, -1.41094)
    3854 (18.4935, 3.11891) -> 4521 (16.6813, 2.34283)
    3855 (11.6538, -2.09301) -> 3175 (9.80323, -2.19676)
    3856 (0.0582697, -18.1674) -> 1498 (1.88552, -18.0696)
    3857 (23.1455, 6.96967) -> 1778 (22.2335, 5.25402)
    3858 (9.24441, -19.7873) -> 4745 (9.31149, -18.0921)
    3859 (3.27564, -7.14308) -> 2393 (1.62482, -6.53741)
    3860 (24.6062, -20.7388) -> 4846 (24.3108, -18.7835)
    3861 (22.3549, 20.8227) -> 3077 (22.1907, 18.9172)
    3862 (1.18011, -23.4466) -> 4520 (2.0938, -21.8662)
    3863 (17.0678, 4.09279) -> 4521 (16.6813, 2.34283)
    3864 (18.3772, -16.8804) -> 4331 (17.5598, -18.4484)
    3865 (19.0681, 2.14197) -> 183 (17.8902, 0.597909)
    3866 (17.9234, 8.53355) -> 688 (17.16, 6.73323)
    3867 (20.3847, 1.62999) -> 4807 (18.6407, 2.38247)
    3868 (6.42606, 17.9944) -> 3633 (4.55558, 18.2356)
    3869 (0.331229, 22.8773) -> 348 (1.00259, 21.3607)
    3870 (3.68683, 8.33871) -> 1203 (2.52976, 9.62446)
    3871 (16.3494, -7.33603) -> 3686 (14.3636, -7.13973)
    3872 (1.35636, -5.98105) -> 4377 (0.797094, -4.15785)
    3873 (7.04327, 15.8253) -> 3702 (5.54816, 15.3572)
    3874 (6.96951, 23.1131) -> 4186 (5.70663, 22.0414)
    3875 (10.2539, -12.2532) -> 4733 (9.06271, -10.907)
    3876 (18.2555, 8.91274) -> 326 (19.3522, 7.5597)
    3877 (16.528, -21.6924) -> 4775 (14.9436, -22.4333)
    3878 (18.9759, -14.1508) -> 4425 (17.3842, -13.8339)
    3879 (6.8801, 13.5373) -> 3132 (5.54398, 12.1555)
    3880 (0.275286, 21.0353) -> 1782 (0.772445, 19.3302)
    3881 (19.2035, -13.5077) -> 4425 (17.3842, -13.8339)
    3882 (14.3847, 21.175) -> 1486 (12.9774, 21.0819)
    3883 (9.26561, -8.89056) -> 4009 (8.13967, -7.3532)
    3884 (10.3504, -0.435196) -> 1690 (8.45388, -0.513426)
    3885 (5.19868, -16.2137) -> 3917 (5.41753, -14.2725)
    3886 (16.3158, -23.6188) -> 1535 (14.45, -23.1404)
    3887 (17.7812, -15.3213) -> 1291 (16.5816, -13.8958)
    3888 (13.8271, 4.53276) -> 4707 (11.8877, 4.38416)
    3889 (13.2962, 19.0253) -> 2131 (11.478, 19.1189)
    3890 (13.5158, 20.2158) -> 3741 (12.372, 20.8045)
    3891 (17.1538, -11.75) -> 4607 (15.532, -11.1691)
    3892 (6.27207, 0.135452) -> 4487 (4.42418, -0.298307)
    3893 (14.3428, -15.1766) -> 4978 (13.6519, -13.4959)
    3894 (7.56515, 18.7013) -> 4562 (6.34743, 19.417)
    3895 (7.97579, -9.35184) -> 2369 (6.1789, -8.83734)
    3896 (8.73996, -7.74598) -> 1337 (7.15577, -6.94632)
    3897 (2.98159, 0.807081) -> 1034 (1.68739, 2.22901)
    3898 (4.86476, -19.546) -> 4447 (4.44016, -17.6648)
    3899 (16.1322, 24.9558) -> 4869 (15.1821, 24.4585)
    3900 (4.08301, -21.5514) -> 3795 (3.20868, -19.8097)
    3901 (7.71668, -12.1546) -> 1928 (5.79506, -11.6119)
    3902 (12.508, -20.6653) -> 3774 (11.5503, -19.5644)
    3903 (19.0425, -10.5481) -> 4598 (17.4288, -11.6972)
    3904 (24.5429, -8.83914) -> 4558 (22.731, -9.5924)
    3905 (10.3949, -14.3991) -> 3836 (10.039, -12.6339)
    3906 (1.21613, -14.2481) -> 4648 (0.634496, -12.5807)
    3907 (3.36131, 17.5163) -> 3685 (1.74557, 16.7429)
    3908 (4.42532, 10.6133) -> 676 (2.58911, 11.2141)
    3909 (19.9354, -24.9027) -> 2240 (18.0841, -24.389)
    3910 (9.14653, 21.5667) -> 4532 (7.24006, 21.1621)
    3911 (8.74713, 21.2899) -> 112 (7.15176, 21.3229)
    3912 (5.17926, 23.9539) -> 4259 (4.54161, 22.1667)
    3913 (17.6418, 24.3142) -> 4347 (16.1563, 23.7377)
    3914 (12.3336, 6.45056) -> 1395 (11.7527, 4.55764)
    3915 (15.2625, -13.2592) -> 4104 (13.5854, -12.3938)
    3916 (21.2693, 20.0085) -> 1352 (21.9891, 18.5527)
    3917 (5.41753, -14.2725) -> 3420 (5.95372, -12.4743)
    3918 (24.4978, 9.16362) -> 4466 (24.869, 7.89657)
    3919 (19.7714, -8.26978) -> 2006 (17.8016, -8.4047)
    3920 (5.51181, 6.90824) -> 1923 (3.75679, 7.85731)
    3921 (2.61893, 0.0554586) -> 4561 (1.42095, 1.00635)
    3922 (24.5614, -14.3909) -> 4763 (23.3473, -14.8405)
    3923 (12.065, 1.27713) -> 1711 (10.215, 1.94302)
    3924 (11.6681, -15.1644) -> 4297 (9.78889, -15.2168)
    3925 (17.1048, -24.3775) -> 3127 (15.2334, -23.9242)
    3926 (5.14449, 21.8031) -> 306 (3.25456, 21.1785)
    3927 (12.0513, 18.5401) -> 4947 (10.5312, 19.2752)
    3928 (10.1191, 3.89394) -> 1638 (8.21087, 3.93389)
    3929 (7.33334, -3.22024) -> 4769 (5.79268, -1.97924)
    3930 (22.867, -13.6062) -> 2022 (21.3775, -13.7906)
    3931 (9.03878, 21.3226) -> 4532 (7.24006, 21.1621)
    3932 (12.7569, 5.34723) -> 2862 (11.1564, 4.47099)
    3933 (4.70982, 23.54) -> 3926 (5.14449, 21.8031)
    3934 (22.9477, 3.05071) -> 113 (21.8168, 1.47551)
    3935 (2.47774, 11.6376) -> 3506 (0.759727, 11.2816)
    3936 (7.27556, 23.9718) -> 4969 (6.02399, 23.4589)
    3937 (24.2385, -5.83069) -> 4757 (23.1224, -6.21105)
    3938 (8.67098, 0.831981) -> 687 (6.69538, 1.07373)
    3939 (22.5467, -20.5341) -> 4441 (20.5858, -20.7252)
    3940 (7.72575, -24.5159) -> 4691 (6.53165, -23.2749)
    3941 (6.06338, 9.38454) -> 2014 (4.23255, 8.63561)
    3942 (5.70767, 16.5476) -> 3810 (3.99496, 16.6926)
    3943 (23.9823, -20.7695) -> 4629 (23.0105, -19.2304)
    3944 (11.4602, -6.7712) -> 4951 (10.2421, -5.19914)
    3945 (15.9709, -9.41021) -> 3784 (14.2409, -10.1185)
    3946 (22.8998, -6.09759) -> 146 (21.0354, -5.58882)
    3947 (21.5863, -24.6097) -> 1875 (19.6471, -24.4195)
    3948 (23.6273, 15.3198) -> 1830 (24.7022, 14.0351)
    3949 (13.7795, -3.89775) -> 4178 (11.8761, -3.31363)
    3950 (24.6763, -5.50276) -> 4757 (23.1224, -6.21105)
    3951 (13.7487, -23.4091) -> 3837 (12.1975, -22.6923)
    3952 (9.86038, 3.99741) -> 1638 (8.21087, 3.93389)
    3953 (4.97306, -9.70567) -> 4128 (4.68948, -7.8288)
    3954 (17.8548, 22.5489) -> 4243 (16.3246, 22.0392)
    3955 (5.81598, 20.2182) -> 4429 (4.17874, 19.4475)
    3956 (13.1115, -8.03941) -> 3792 (12.1383, -6.49412)
    3957 (21.4637, 7.78735) -> 1406 (20.1298, 6.54103)
    3958 (22.7125, 20.1236) -> 3841 (24.2174, 18.8893)
    3959 (20.2333, 6.69788) -> 4458 (18.7996, 5.42874)
    3960 (19.4147, -15.3777) -> 4332 (17.7505, -16.4788)
    3961 (18.6092, 14.7347) -> 4452 (19.5311, 13.1828)
    3962 (20.6597, -20.2625) -> 4576 (19.4814, -20.4842)
    3963 (8.79025, -23.841) -> 4459 (7.00046, -24.5834)
    3964 (10.1485, 19.6963) -> 4827 (8.29134, 19.5021)
    3965 (22.0752, -20.2421) -> 4161 (20.2412, -19.781)
    3966 (5.57372, 1.50807) -> 4444 (4.14422, 2.50312)
    3967 (7.13273, 6.63873) -> 37 (5.25502, 7.15063)
    3968 (21.924, -15.696) -> 4342 (20.3877, -15.6785)
    3969 (1.72713, 21.7759) -> 2859 (1.56008, 19.953)
    3970 (12.2165, -17.4467) -> 4755 (10.4932, -17.7396)
    3971 (3.93156, -10.2977) -> 4547 (3.03155, -8.66594)
    3972 (24.6915, 24.4904) -> 2917 (24.0118, 22.671)
    3973 (4.43523, -4.92276) -> 3772 (2.68174, -4.91766)
    3974 (2.25843, -22.8217) -> 2407 (1.08517, -21.277)
    3975 (10.4849, 3.17302) -> 3996 (9.18214, 1.91285)
    3976 (9.28748, -11.147) -> 3382 (7.88034, -9.75111)
    3977 (6.9624, 20.2179) -> 3367 (5.62389, 20.5604)
    3978 (12.4741, -21.4655) -> 4197 (12.4796, -19.5347)
    3979 (21.7516, -5.51492) -> 391 (19.9075, -6.26983)
    3980 (22.7353, -20.7641) -> 4993 (21.5479, -22.3108)
    3981 (15.686, 6.07151) -> 671 (16.9857, 4.5946)
    3982 (6.586, 5.56373) -> 457 (4.7517, 6.32549)
    3983 (0.061586, -0.483031) -> 2352 (1.32496, 0.961294)
    3984 (20.93, 24.4585) -> 4792 (19.3176, 24.1154)
    3985 (3.66302, 23.1396) -> 4151 (3.01896, 21.3808)
    3986 (24.8947, -0.713932) -> 4326 (23.0462, -1.34809)
    3987 (14.2733, -13.5869) -> 1024 (12.6002, -12.621)
    3988 (22.2061, 22.2363) -> 4972 (21.2427, 22.0513)
    3989 (8.7502, 0.735653) -> 2623 (6.82346, 0.441173)
    3990 (16.8668, 0.147571) -> 853 (15.3194, -0.957022)
    3991 (20.2309, -19.68) -> 3346 (19.0887, -18.3708)
    3992 (4.64879, -7.16716) -> 4994 (3.27264, -5.80851)
    3993 (7.2586, 15.7521) -> 3702 (5.54816, 15.3572)
    3994 (3.93983, -14.8145) -> 4665 (4.6233, -13.595)
    3995 (4.7043, -10.7609) -> 3769 (3.56567, -9.38038)
    3996 (9.18214, 1.91285) -> 3135 (7.37632, 2.44055)
    3997 (16.3758, 20.5223) -> 2445 (14.456, 20.028)
    3998 (15.3248, 9.02061) -> 3536 (15.3751, 7.16886)
    3999 (3.51895, -12.8248) -> 2009 (4.87224, -11.6252)
    4000 (21.9532, 23.8599) -> 3780 (20.643, 23.7372)
    4001 (3.15128, 23.3517) -> 4151 (3.01896, 21.3808)
    4002 (17.7719, 19.2459) -> 802 (16.7773, 19.2646)
    4003 (6.50375, 16.9463) -> 2446 (4.93035, 17.7493)
    4004 (7.20037, 13.722) -> 1809 (5.33713, 13.3551)
    4005 (15.9293, -0.0502009) -> 1378 (14.1775, 0.791856)
    4006 (0.69847, -8.0781) -> 2856 (0.871456, -6.14014)
    4007 (3.87735, -11.3643) -> 3953 (4.97306, -9.70567)
    4008 (6.93842, -12.6045) -> 1160 (5.93263, -11.2364)
    4009 (8.13967, -7.3532) -> 575 (6.63787, -6.11778)
    4010 (15.7939, 8.36158) -> 4361 (15.1165, 6.61902)
    4011 (4.74552, -2.63647) -> 4358 (4.19574, -0.729991)
    4012 (6.5258, 7.69638) -> 327 (5.08254, 8.90337)
    4013 (6.21599, -2.85338) -> 4592 (4.5215, -1.86289)
    4014 (17.3333, -17.8959) -> 4244 (15.7443, -17.9011)
    4015 (17.5983, 2.5778) -> 4389 (16.2858, 1.98484)
    4016 (21.1382, 6.8614) -> 4987 (20.5915, 4.96055)
    4017 (20.7887, -17.755) -> 4512 (19.5407, -18.5614)
    4018 (8.07836, 0.192286) -> 4599 (6.46531, -0.773115)
    4019 (15.7686, 19.9136) -> 3303 (14.5707, 20.7727)
    4020 (22.7979, -16.909) -> 4469 (21.2388, -16.9298)
    4021 (24.603, 0.374154) -> 1136 (23.5932, -1.1613)
    4022 (22.8548, -1.74581) -> 4964 (21.5992, -3.29105)
    4023 (5.93666, 3.88205) -> 2390 (4.32851, 4.63187)
    4024 (20.2671, 17.8141) -> 2386 (21.9351, 18.6828)
    4025 (23.0925, -20.8103) -> 4629 (23.0105, -19.2304)
    4026 (10.4413, -15.5778) -> 4723 (8.5182, -15.1122)
    4027 (1.04214, -13.1571) -> 4608 (1.03957, -11.3818)
    4028 (13.0421, 4.22068) -> 2862 (11.1564, 4.47099)
    4029 (14.4064, -0.432812) -> 1283 (12.9801, -0.863314)
    4030 (22.1136, 23.3582) -> 4972 (21.2427, 22.0513)
    4031 (7.17539, -14.5359) -> 4522 (6.083, -13.2134)
    4032 (13.4456, 5.08943) -> 1395 (11.7527, 4.55764)
    4033 (1.03556, 2.26867) -> 2283 (1.24414, 4.10469)
    4034 (18.9224, -9.69454) -> 2764 (17.046, -9.12188)
    4035 (20.4066, 21.0102) -> 2592 (19.6651, 20.7531)
    4036 (0.27757, -9.02766) -> 4844 (0.31729, -7.04045)
    4037 (2.93541, 6.26374) -> 2108 (2.09746, 7.68879)
    4038 (22.7256, 3.15627) -> 113 (21.8168, 1.47551)
    4039 (20.5942, -4.41217) -> 3501 (19.2101, -5.42247)
    4040 (3.09445, -0.290745) -> 4188 (1.52485, 0.350369)
    4041 (2.49543, -19.2891) -> 4343 (2.17362, -17.6497)
    4042 (19.1941, -6.3548) -> 4523 (17.749, -7.71292)
    4043 (17.4501, -18.2931) -> 4244 (15.7443, -17.9011)
    4044 (10.3701, 22.1395) -> 4736 (8.47466, 21.5528)
    4045 (9.9386, -18.8181) -> 4564 (9.95419, -17.1788)
    4046 (22.6058, -16.0165) -> 1958 (21.3045, -14.8686)
    4047 (14.5853, 7.66095) -> 4957 (13.5709, 6.19059)
    4048 (17.3882, -4.21948) -> 3205 (15.6407, -5.09429)
    4049 (14.9637, -14.976) -> 4457 (14.5312, -13.0296)
    4050 (15.0528, -18.6479) -> 4974 (13.4769, -17.4646)
    4051 (24.602, -1.1078) -> 1521 (22.6703, -1.21267)
    4052 (0.381545, 4.28708) -> 2571 (0.469067, 6.22486)
    4053 (9.91266, 8.80133) -> 4406 (7.97699, 8.73028)
    4054 (6.84206, 1.43192) -> 699 (4.88297, 1.0952)
    4055 (23.8929, -4.23196) -> 2645 (22.5114, -5.27219)
    4056 (3.08956, -4.46787) -> 4693 (2.41308, -3.03199)
    4057 (7.52635, 24.4855) -> 4969 (6.02399, 23.4589)
    4058 (20.9399, 16.0271) -> 4260 (22.3392, 14.9422)
    4059 (11.9906, -19.151) -> 4535 (12.5194, -17.6611)
    4060 (1.40857, -22.1651) -> 547 (2.75224, -20.9007)
    4061 (3.70232, -20.4277) -> 4420 (2.61691, -18.984)
    4062 (15.706, 17.8373) -> 1863 (13.9949, 18.7063)
    4063 (11.1699, -22.2217) -> 4838 (9.59535, -21.0082)
    4064 (24.4531, -10.6728) -> 2109 (22.7673, -10.2296)
    4065 (21.2628, -11.5261) -> 4500 (19.4085, -11.8223)
    4066 (10.3025, -8.80701) -> 30 (8.55736, -9.00293)
    4067 (21.2678, 20.124) -> 1352 (21.9891, 18.5527)
    4068 (3.98444, -2.40388) -> 4738 (3.61253, -0.545802)
    4069 (9.39927, 22.981) -> 4682 (7.95338, 22.1708)
    4070 (1.00546, -24.6956) -> 4199 (0.344896, -23.0383)
    4071 (6.18411, 4.87815) -> 2390 (4.32851, 4.63187)
    4072 (22.9207, -16.508) -> 4387 (21.4988, -17.6699)
    4073 (2.2757, 16.7363) -> 630 (1.04789, 16.3757)
    4074 (0.113117, 24.9168) -> 901 (0.810682, 23.0468)
    4075 (21.7915, 21.9403) -> 907 (19.8616, 21.4975)
    4076 (4.72368, -15.1389) -> 4617 (3.10117, -14.5328)
    4077 (15.4779, -24.9531) -> 4574 (13.6247, -24.5362)
    4078 (6.77704, -22.8027) -> 2949 (6.53812, -21.0195)
    4079 (4.22988, 2.73198) -> 2854 (3.93435, 4.43798)
    4080 (3.25617, -14.2294) -> 4841 (3.74825, -12.3177)
    4081 (19.5223, 16.3515) -> 2609 (21.2532, 15.678)
    4082 (14.9154, 11.8437) -> 1005 (14.979, 9.91694)
    4083 (17.6301, 9.27527) -> 636 (17.6564, 7.59151)
    4084 (1.19651, -20.204) -> 4770 (1.28257, -18.3391)
    4085 (22.8684, -12.7688) -> 706 (21.3732, -13.1729)
    4086 (16.195, -1.41026) -> 3252 (14.5945, -1.89555)
    4087 (3.98222, 21.2026) -> 4258 (3.41975, 19.291)
    4088 (18.5276, 2.1877) -> 4521 (16.6813, 2.34283)
    4089 (22.187, 13.3047) -> 4862 (22.8459, 11.723)
    4090 (7.32673, 5.55403) -> 2567 (5.71633, 4.90515)
    4091 (19.6665, -2.43241) -> 4235 (17.8408, -3.22758)
    4092 (24.683, -14.3555) -> 4763 (23.3473, -14.8405)
    4093 (5.88593, 13.301) -> 1356 (4.40595, 11.9733)
    4094 (9.18212, 0.97732) -> 75 (7.28481, 1.48345)
    4095 (7.10678, -11.5089) -> 4165 (5.85323, -10.0569)
    4096 (13.5346, -11.3074) -> 4356 (12.0591, -9.95898)
    4097 (3.19705, -23.6699) -> 3680 (4.6674, -23.3921)
    4098 (12.3962, -5.09325) -> 431 (10.4787, -5.11467)
    4099 (21.3779, 14.7259) -> 2588 (21.9068, 12.9703)
    4100 (12.5147, -24.5905) -> 3837 (12.1975, -22.6923)
    4101 (23.5457, -8.55406) -> 3408 (21.958, -7.85214)
    4102 (16.1028, -17.9189) -> 4928 (14.6544, -17.0753)
    4103 (16.5584, 11.1738) -> 1948 (18.0045, 9.79599)
    4104 (13.5854, -12.3938) -> 4625 (11.6476, -12.3311)
    4105 (4.26483, -1.48121) -> 4126 (2.91051, -0.0550291)
    4106 (0.0903447, -22.6565) -> 2205 (0.193161, -20.7405)
    4107 (14.843, -4.91932) -> 3254 (13.1, -4.16533)
    4108 (14.8013, -4.41344) -> 3254 (13.1, -4.16533)
    4109 (0.67891, 20.9637) -> 2859 (1.56008, 19.953)
    4110 (2.62865, 20.9189) -> 2859 (1.56008, 19.953)
    4111 (5.14943, -1.35162) -> 87 (3.48695, -0.451218)
    4112 (8.04523, -8.83813) -> 173 (6.29765, -7.9453)
    4113 (6.88448, 18.7121) -> 2552 (5.90312, 17.0579)
    4114 (19.8912, 1.18982) -> 378 (18.3891, 0.455486)
    4115 (14.9147, 17.9933) -> 1863 (13.9949, 18.7063)
    4116 (5.03715, -8.98799) -> 4685 (3.31182, -8.64144)
    4117 (9.66184, 9.28152) -> 496 (8.73638, 7.69566)
    4118 (13.4242, 24.3642) -> 4930 (12.2274, 23.0717)
    4119 (24.9861, 11.8293) -> 3676 (24.2279, 10.2067)
    4120 (15.6595, -20.8113) -> 4613 (14.003, -21.8123)
    4121 (13.4147, 9.79368) -> 1202 (12.8962, 7.86335)
    4122 (20.0051, -1.44954) -> 3579 (18.2555, -1.19417)
    4123 (24.3985, -2.60078) -> 1626 (23.3274, -4.0119)
    4124 (10.1925, -21.3507) -> 4309 (9.12034, -20.5494)
    4125 (9.41818, 3.89335) -> 1545 (7.7579, 3.21438)
    4126 (2.91051, -0.0550291) -> 4561 (1.42095, 1.00635)
    4127 (13.7784, -10.8968) -> 4356 (12.0591, -9.95898)
    4128 (4.68948, -7.8288) -> 4533 (4.12473, -6.02819)
    4129 (0.751807, -5.68577) -> 1226 (1.8286, -4.46465)
    4130 (12.6566, 18.3321) -> 4737 (11.2359, 19.1726)
    4131 (2.39705, -0.735803) -> 4561 (1.42095, 1.00635)
    4132 (1.05483, -22.4611) -> 2205 (0.193161, -20.7405)
    4133 (8.83542, -19.0135) -> 4871 (8.55156, -17.0648)
    4134 (7.2656, -13.8308) -> 4205 (5.87124, -12.452)
    4135 (2.3126, -0.789984) -> 2365 (1.29897, 0.447401)
    4136 (17.4121, -0.0981964) -> 3313 (15.4819, 0.189103)
    4137 (3.32006, 15.1553) -> 3278 (2.08078, 15.7003)
    4138 (7.31046, 5.54255) -> 2567 (5.71633, 4.90515)
    4139 (9.32165, -22.6732) -> 178 (7.52897, -22.3586)
    4140 (3.49475, -23.2952) -> 3900 (4.08301, -21.5514)
    4141 (8.38778, 23.4847) -> 2892 (6.78672, 22.2952)
    4142 (0.352683, 18.8645) -> 3582 (0.245202, 17.5639)
    4143 (4.77374, 1.35078) -> 4939 (3.46332, 2.49528)
    4144 (21.5749, 7.96867) -> 3959 (20.2333, 6.69788)
    4145 (3.25836, 8.42134) -> 2103 (2.10798, 10.0556)
    4146 (24.5549, 24.5056) -> 2917 (24.0118, 22.671)
    4147 (0.879063, 24.068) -> 3869 (0.331229, 22.8773)
    4148 (7.80494, -2.42523) -> 526 (6.21499, -2.81345)
    4149 (15.0621, 14.065) -> 1929 (17.0455, 14.316)
    4150 (3.86398, -4.48943) -> 289 (2.28623, -3.32309)
    4151 (3.01896, 21.3808) -> 3167 (2.13628, 19.6299)
    4152 (23.0377, -14.3157) -> 2022 (21.3775, -13.7906)
    4153 (0.119893, 16.3475) -> 0 (1, 15)
    4154 (22.4619, 18.3434) -> 4370 (23.7884, 17.0375)
    4155 (1.362, 8.0165) -> 608 (1.29079, 9.72778)
    4156 (18.1595, 1.06119) -> 4602 (17.3814, -0.770089)
    4157 (13.1878, -6.87485) -> 3944 (11.4602, -6.7712)
    4158 (12.6403, -1.95741) -> 3596 (10.7271, -2.45828)
    4159 (19.8205, 5.59517) -> 4543 (19.9736, 4.11705)
    4160 (4.59505, -19.8503) -> 4893 (4.34938, -18.0494)
    4161 (20.2412, -19.781) -> 4512 (19.5407, -18.5614)
    4162 (14.6059, 11.5132) -> 3700 (15.913, 10.0573)
    4163 (4.09726, 12.886) -> 1181 (2.77187, 14.3832)
    4164 (13.6118, 0.20927) -> 3923 (12.065, 1.27713)
    4165 (5.85323, -10.0569) -> 3515 (3.93331, -9.56703)
    4166 (5.38819, 2.28695) -> 4939 (3.46332, 2.49528)
    4167 (20.5981, -3.60145) -> 4315 (18.6603, -3.14745)
    4168 (6.35655, 23.4816) -> 1893 (4.80269, 22.3042)
    4169 (6.47379, 11.6637) -> 2642 (4.73209, 11.2308)
    4170 (4.07526, 7.50407) -> 2108 (2.09746, 7.68879)
    4171 (15.1187, -21.7029) -> 4626 (13.3171, -22.3757)
    4172 (8.38814, 9.19867) -> 2437 (6.53696, 8.85642)
    4173 (8.19703, 22.2507) -> 1285 (6.30608, 21.8246)
    4174 (2.85082, 13.7639) -> 252 (1.35482, 13.641)
    4175 (21.9525, 6.9397) -> 1114 (20.5044, 5.63856)
    4176 (16.82, 21.4405) -> 3660 (15.0675, 20.7893)
    4177 (13.5272, -14.6408) -> 4799 (12.6543, -12.9057)
    4178 (11.8761, -3.31363) -> 4860 (10.11, -3.16962)
    4179 (16.6736, 18.2131) -> 3705 (15.157, 18.4584)
    4180 (9.9539, -23.9763) -> 4417 (9.43311, -22.653)
    4181 (8.46579, -10.8128) -> 1982 (6.49013, -10.9377)
    4182 (12.3984, -4.45672) -> 4943 (11.2458, -3.25786)
    4183 (15.4966, 13.5876) -> 91 (16.4697, 11.947)
    4184 (4.55781, -16.6751) -> 3220 (2.84434, -15.9144)
    4185 (5.58197, 7.83999) -> 3271 (3.627, 8.1207)
    4186 (5.70663, 22.0414) -> 1973 (5.99714, 20.2119)
    4187 (13.512, 23.2727) -> 4930 (12.2274, 23.0717)
    4188 (1.52485, 0.350369) -> 1034 (1.68739, 2.22901)
    4189 (6.9466, -5.36667) -> 4637 (5.14172, -5.32614)
    4190 (19.8899, -1.79064) -> 4315 (18.6603, -3.14745)
    4191 (0.0764417, -12.4858) -> 4936 (0.87197, -10.9351)
    4192 (20.3062, 22.4733) -> 4879 (18.6393, 22.0496)
    4193 (17.7114, 11.2584) -> 4744 (17.9552, 9.46151)
    4194 (23.7172, -0.92675) -> 2281 (21.737, -1.12593)
    4195 (8.64596, 18.5335) -> 2366 (6.73202, 18.267)
    4196 (4.21993, -24.1199) -> 4918 (5.53671, -23.0209)
    4197 (12.4796, -19.5347) -> 4474 (11.0985, -18.4325)
    4198 (16.4886, -14.8449) -> 3165 (15.1147, -13.5436)
    4199 (0.344896, -23.0383) -> 4421 (0.475321, -21.3874)
    4200 (0.0480264, 11.8008) -> 2039 (1.00212, 13.0083)
    4201 (23.7243, -12.4524) -> 4915 (21.8475, -12.0433)
    4202 (20.6499, -4.07617) -> 3501 (19.2101, -5.42247)
    4203 (10.5153, -9.40112) -> 30 (8.55736, -9.00293)
    4204 (13.2235, -14.5446) -> 4799 (12.6543, -12.9057)
    4205 (5.87124, -12.452) -> 860 (4.93606, -10.7533)
    4206 (3.79539, 14.3826) -> 2033 (2.06831, 14.2446)
    4207 (14.4431, -19.6836) -> 4534 (12.647, -19.3358)
    4208 (9.26519, 0.602656) -> 2503 (7.61813, 1.50357)
    4209 (13.419, -14.0748) -> 2491 (12.1919, -12.5128)
    4210 (9.57486, -15.8267) -> 3041 (7.86781, -15.228)
    4211 (20.5914, -16.9243) -> 4920 (19.0771, -15.6503)
    4212 (22.5746, 18.1901) -> 4370 (23.7884, 17.0375)
    4213 (7.79026, -11.7195) -> 1160 (5.93263, -11.2364)
    4214 (10.7458, -22.9497) -> 4399 (9.94894, -21.2732)
    4215 (22.8162, 23.0616) -> 2342 (21.6793, 22.9219)
    4216 (6.29888, -4.64021) -> 4868 (4.92446, -3.66779)
    4217 (24.1487, -10.2891) -> 4793 (23.34, -11.4647)
    4218 (3.53468, 24.1931) -> 1624 (2.9023, 22.6138)
    4219 (17.68, 1.97289) -> 3262 (15.8371, 1.28838)
    4220 (6.85503, -2.85615) -> 4371 (5.19034, -3.49026)
    4221 (20.7812, -22.5014) -> 975 (19.5378, -20.9708)
    4222 (15.6886, -14.4396) -> 3987 (14.2733, -13.5869)
    4223 (9.43664, 7.30399) -> 1243 (7.53965, 7.65427)
    4224 (24.3239, 20.8386) -> 3847 (24.6354, 19.2366)
    4225 (0.497691, 12.1578) -> 2032 (0.691741, 13.7392)
    4226 (9.70534, 18.0589) -> 2097 (7.98529, 17.2379)
    4227 (21.8527, 8.17913) -> 3745 (21.624, 6.32054)
    4228 (24.2028, -12.8406) -> 4822 (22.3653, -12.1006)
    4229 (5.86804, -13.6323) -> 4376 (4.3615, -12.4867)
    4230 (10.9747, 19.4816) -> 3594 (9.26565, 19.2119)
    4231 (14.4048, -11.1618) -> 4992 (12.6544, -11.2804)
    4232 (5.78698, -16.4764) -> 4859 (4.0691, -16.0477)
    4233 (5.47834, 9.04352) -> 2142 (3.72233, 8.18761)
    4234 (17.7384, -3.61229) -> 1655 (16.2335, -3.46303)
    4235 (17.8408, -3.22758) -> 1655 (16.2335, -3.46303)
    4236 (5.86094, -11.882) -> 4434 (4.22309, -10.8684)
    4237 (4.0181, -20.8489) -> 4681 (4.44427, -18.9163)
    4238 (21.581, 22.2514) -> 4972 (21.2427, 22.0513)
    4239 (22.2749, 20.5738) -> 2386 (21.9351, 18.6828)
    4240 (9.50992, 2.44397) -> 1545 (7.7579, 3.21438)
    4241 (23.8481, 18.5601) -> 4370 (23.7884, 17.0375)
    4242 (18.8342, -6.70803) -> 4523 (17.749, -7.71292)
    4243 (16.3246, 22.0392) -> 421 (14.8433, 21.3356)
    4244 (15.7443, -17.9011) -> 2737 (14.5532, -16.3011)
    4245 (23.9589, 22.9548) -> 3022 (22.8403, 21.3161)
    4246 (19.6287, -1.30669) -> 1333 (17.8069, -0.828942)
    4247 (17.6628, 19.5363) -> 4537 (15.7766, 19.5739)
    4248 (24.8108, -24.0107) -> 1723 (23.3528, -23.5299)
    4249 (4.86581, -20.4352) -> 2088 (5.83636, -18.7966)
    4250 (17.9988, -3.97385) -> 1655 (16.2335, -3.46303)
    4251 (12.1413, 7.17536) -> 2122 (11.537, 5.46585)
    4252 (3.09379, -19.1051) -> 4893 (4.34938, -18.0494)
    4253 (3.37975, 15.489) -> 4761 (2.00128, 16.4693)
    4254 (8.56064, 20.7039) -> 4532 (7.24006, 21.1621)
    4255 (7.27114, -22.3936) -> 2522 (5.8988, -21.3993)
    4256 (3.34298, -16.8988) -> 730 (1.95291, -15.7364)
    4257 (9.77165, 23.9642) -> 1675 (8.20364, 23.3705)
    4258 (3.41975, 19.291) -> 177 (2.32493, 17.7388)
    4259 (4.54161, 22.1667) -> 2121 (3.0887, 21.1638)
    4260 (22.3392, 14.9422) -> 4285 (23.9454, 13.7658)
    4261 (23.6091, 7.21459) -> 3134 (23.1491, 5.5467)
    4262 (5.61241, 8.72472) -> 2142 (3.72233, 8.18761)
    4263 (12.6493, -21.1175) -> 3818 (11.3395, -19.6388)
    4264 (14.2504, 6.34662) -> 3932 (12.7569, 5.34723)
    4265 (22.3224, 4.99352) -> 4038 (22.7256, 3.15627)
    4266 (20.7814, -19.8793) -> 4512 (19.5407, -18.5614)
    4267 (16.8983, 16.4044) -> 4600 (18.6414, 15.7982)
    4268 (10.3457, -15.8899) -> 4723 (8.5182, -15.1122)
    4269 (9.07146, 1.67909) -> 3135 (7.37632, 2.44055)
    4270 (23.2154, -5.42802) -> 3436 (21.3971, -5.27082)
    4271 (14.2525, -16.8287) -> 1810 (12.4975, -16.6565)
    4272 (20.027, -9.55083) -> 4916 (19.3284, -11.3314)
    4273 (20.7309, -3.25132) -> 1483 (18.8463, -3.78747)
    4274 (14.1449, -3.92449) -> 4687 (12.5481, -2.99629)
    4275 (1.14991, -2.13021) -> 3983 (0.061586, -0.483031)
    4276 (23.435, -20.7795) -> 4629 (23.0105, -19.2304)
    4277 (16.9672, 7.61365) -> 4979 (16.4477, 6.01472)
    4278 (5.65875, 0.524172) -> 1640 (4.01094, -0.56562)
    4279 (6.05282, -5.71195) -> 2300 (5.03444, -4.30351)
    4280 (13.6005, 21.7779) -> 3567 (12.334, 21.3449)
    4281 (14.0659, 22.1874) -> 3567 (12.334, 21.3449)
    4282 (21.599, 23.9322) -> 4759 (20.0778, 22.9629)
    4283 (13.7737, -24.0501) -> 435 (12.2949, -23.0394)
    4284 (7.33526, -17.0736) -> 572 (7.03492, -15.1556)
    4285 (23.9454, 13.7658) -> 3641 (24.6249, 12.0617)
    4286 (14.8598, -20.2684) -> 1208 (12.9159, -20.7367)
    4287 (7.77362, 21.3912) -> 4639 (6.3129, 21.1548)
    4288 (24.2909, -8.58104) -> 4751 (22.8027, -7.64561)
    4289 (9.32307, -10.8365) -> 3382 (7.88034, -9.75111)
    4290 (4.29446, -1.93043) -> 417 (3.12397, -0.419721)
    4291 (7.43382, 15.1198) -> 3702 (5.54816, 15.3572)
    4292 (17.0441, 7.10844) -> 4361 (15.1165, 6.61902)
    4293 (3.64296, 10.6911) -> 2227 (1.98789, 11.4755)
    4294 (9.87461, 9.47809) -> 1462 (8.75398, 8.0387)
    4295 (0.943696, 20.6009) -> 735 (0.343898, 19.4668)
    4296 (8.07341, -16.9598) -> 3156 (6.86883, -15.4074)
    4297 (9.78889, -15.2168) -> 1116 (9.55843, -13.3774)
    4298 (22.21, -13.6539) -> 4656 (20.6703, -12.751)
    4299 (15.1118, -15.9515) -> 3500 (13.4459, -14.8605)
    4300 (11.3558, 1.79722) -> 4240 (9.50992, 2.44397)
    4301 (8.31816, -12.8478) -> 4464 (8.36445, -10.8885)
    4302 (10.6387, -22.9598) -> 4439 (10.1728, -21.0211)
    4303 (16.5502, -22.783) -> 4775 (14.9436, -22.4333)
    4304 (16.5627, -23.5278) -> 4775 (14.9436, -22.4333)
    4305 (22.8577, -21.8947) -> 1078 (21.1819, -22.3353)
    4306 (15.5974, -7.21601) -> 1235 (14.1231, -6.405)
    4307 (17.4453, 6.25009) -> 2662 (16.6095, 4.58903)
    4308 (1.73181, 20.9181) -> 1782 (0.772445, 19.3302)
    4309 (9.12034, -20.5494) -> 51 (7.99265, -18.9045)
    4310 (7.60019, -17.1096) -> 3156 (6.86883, -15.4074)
    4311 (1.25021, -12.9724) -> 4608 (1.03957, -11.3818)
    4312 (24.9402, -1.56612) -> 4326 (23.0462, -1.34809)
    4313 (17.1792, -11.7097) -> 4607 (15.532, -11.1691)
    4314 (12.8797, 1.44059) -> 4412 (10.944, 1.38268)
    4315 (18.6603, -3.14745) -> 4048 (17.3882, -4.21948)
    4316 (5.69233, -13.1298) -> 1160 (5.93263, -11.2364)
    4317 (2.6894, -0.535708) -> 4561 (1.42095, 1.00635)
    4318 (22.6231, 9.6165) -> 4938 (21.4762, 8.18464)
    4319 (17.5004, 14.9164) -> 711 (18.6973, 13.4198)
    4320 (20.7416, 21.3857) -> 4912 (18.9319, 21.3952)
    4321 (4.57135, 21.5392) -> 2121 (3.0887, 21.1638)
    4322 (23.0422, 19.6865) -> 3847 (24.6354, 19.2366)
    4323 (21.9175, -13.8277) -> 3834 (20.1776, -14.5502)
    4324 (9.96486, 4.66755) -> 1638 (8.21087, 3.93389)
    4325 (3.2123, 0.874501) -> 1469 (2.43109, 2.6752)
    4326 (23.0462, -1.34809) -> 77 (21.5814, -1.94224)
    4327 (13.1988, 7.08045) -> 23 (12.7738, 5.25791)
    4328 (1.72619, -23.9771) -> 4199 (0.344896, -23.0383)
    4329 (16.282, 17.7031) -> 4517 (14.3704, 17.9388)
    4330 (22.2775, -1.30521) -> 4782 (21.1136, -2.64285)
    4331 (17.5598, -18.4484) -> 4244 (15.7443, -17.9011)
    4332 (17.7505, -16.4788) -> 1678 (15.8031, -16.4183)
    4333 (14.2788, 24.9235) -> 1796 (12.9563, 24.4691)
    4334 (0.830944, 7.56548) -> 3634 (0.00999175, 8.90237)
    4335 (9.22378, 1.6521) -> 75 (7.28481, 1.48345)
    4336 (2.84247, 17.3182) -> 3490 (1.60856, 16.7717)
    4337 (22.284, -5.57258) -> 4442 (20.5718, -6.39298)
    4338 (13.5739, 24.6557) -> 4783 (12.3442, 24.0965)
    4339 (18.6969, -11.9764) -> 4857 (16.9831, -12.5041)
    4340 (2.64589, 22.8972) -> 4984 (2.02137, 21.5066)
    4341 (2.95853, 23.6614) -> 2056 (1.5705, 22.5283)
    4342 (20.3877, -15.6785) -> 1931 (18.636, -15.4786)
    4343 (2.17362, -17.6497) -> 4804 (3.43757, -16.4381)
    4344 (23.9134, 23.2079) -> 602 (24.0304, 21.3392)
    4345 (12.7975, 8.80581) -> 2263 (11.4223, 7.35655)
    4346 (13.1942, 23.1771) -> 2178 (11.7602, 22.4711)
    4347 (16.1563, 23.7377) -> 3179 (14.3854, 23.176)
    4348 (12.3392, -3.7709) -> 4635 (10.8782, -2.6498)
    4349 (19.1376, 4.37345) -> 143 (17.167, 4.06584)
    4350 (23.5855, 14.7671) -> 3782 (24.4686, 12.9924)
    4351 (16.6936, -10.2424) -> 4373 (14.9381, -9.71469)
    4352 (21.5681, 17.1463) -> 4402 (22.3462, 15.4138)
    4353 (6.4861, -18.4989) -> 95 (4.64622, -17.9376)
    4354 (10.6065, 19.6931) -> 772 (9.18802, 20.0744)
    4355 (11.9106, 4.69174) -> 3928 (10.1191, 3.89394)
    4356 (12.0591, -9.95898) -> 3426 (11.2045, -8.73486)
    4357 (1.58069, -4.56045) -> 2741 (0.780979, -2.82392)
    4358 (4.19574, -0.729991) -> 3897 (2.98159, 0.807081)
    4359 (0.0790767, -8.01554) -> 2329 (1.09674, -6.47849)
    4360 (7.47835, 24.9509) -> 1379 (6.09668, 23.6434)
    4361 (15.1165, 6.61902) -> 2772 (13.8258, 5.14244)
    4362 (9.75174, -12.3544) -> 3731 (8.05164, -12.1218)
    4363 (5.01485, -20.6326) -> 4507 (5.18041, -18.6657)
    4364 (14.2276, 16.7459) -> 4614 (14.204, 18.2181)
    4365 (21.9656, -23.3718) -> 1688 (20.5363, -23.4409)
    4366 (9.7215, -17.2395) -> 4383 (8.12619, -16.8191)
    4367 (24.3726, 3.89221) -> 4038 (22.7256, 3.15627)
    4368 (17.2135, -21.9049) -> 891 (16.0991, -20.4044)
    4369 (2.76203, -5.19594) -> 289 (2.28623, -3.32309)
    4370 (23.7884, 17.0375) -> 228 (24.3472, 15.1512)
    4371 (5.19034, -3.49026) -> 4622 (4.05452, -1.92814)
    4372 (10.2749, 2.12871) -> 3331 (8.38238, 1.50582)
    4373 (14.9381, -9.71469) -> 4882 (13.3073, -9.20783)
    4374 (14.6936, 5.6404) -> 2152 (12.8119, 5.20375)
    4375 (13.5629, 18.5468) -> 923 (11.8874, 19.4075)
    4376 (4.3615, -12.4867) -> 3598 (4.1614, -10.5143)
    4377 (0.797094, -4.15785) -> 3066 (0.908246, -2.27567)
    4378 (11.9023, 9.79986) -> 4789 (11.126, 8.0009)
    4379 (15.9428, 8.05138) -> 4361 (15.1165, 6.61902)
    4380 (12.1234, -0.38782) -> 156 (10.2302, -0.376794)
    4381 (22.8237, -17.3691) -> 3327 (21.0394, -18.2216)
    4382 (18.3252, -6.96342) -> 1158 (17.3281, -8.08577)
    4383 (8.12619, -16.8191) -> 572 (7.03492, -15.1556)
    4384 (24.8734, -4.20175) -> 1626 (23.3274, -4.0119)
    4385 (19.5065, -11.6047) -> 758 (18.1028, -10.7591)
    4386 (2.98239, 8.37691) -> 2103 (2.10798, 10.0556)
    4387 (21.4988, -17.6699) -> 3002 (19.5161, -17.4584)
    4388 (17.6156, -12.7868) -> 2144 (15.8117, -13.3732)
    4389 (16.2858, 1.98484) -> 1627 (14.545, 1.02493)
    4390 (7.69992, -21.1958) -> 3495 (6.11364, -20.7569)
    4391 (19.3256, -7.02822) -> 4523 (17.749, -7.71292)
    4392 (1.10505, 14.2344) -> 0 (1, 15)
    4393 (11.6274, 2.67921) -> 3928 (10.1191, 3.89394)
    4394 (24.4867, -4.94759) -> 4757 (23.1224, -6.21105)
    4395 (13.8302, 1.31871) -> 3923 (12.065, 1.27713)
    4396 (24.2609, 5.26566) -> 4265 (22.3224, 4.99352)
    4397 (20.9244, 8.89045) -> 4851 (20.7143, 7.27178)
    4398 (3.70821, -1.26387) -> 4597 (1.7908, -0.81154)
    4399 (9.94894, -21.2732) -> 1990 (8.6933, -20.0804)
    4400 (12.6772, -17.7087) -> 4836 (11.301, -16.5574)
    4401 (7.01688, -9.43146) -> 266 (5.99719, -7.93603)
    4402 (22.3462, 15.4138) -> 141 (23.7194, 14.0682)
    4403 (7.47212, 18.9498) -> 4732 (6.48186, 19.8576)
    4404 (10.8653, -4.27101) -> 1916 (9.02251, -4.55059)
    4405 (22.9202, 11.0438) -> 4767 (24.4793, 9.79744)
    4406 (7.97699, 8.73028) -> 4012 (6.5258, 7.69638)
    4407 (16.5908, 15.5267) -> 2494 (18.3069, 14.5292)
    4408 (13.6357, 1.09699) -> 3923 (12.065, 1.27713)
    4409 (15.3509, -12.6483) -> 358 (13.5421, -12.8311)
    4410 (14.4897, 6.02672) -> 4802 (14.2319, 4.11567)
    4411 (17.9192, -12.1752) -> 4805 (16.3093, -12.8252)
    4412 (10.944, 1.38268) -> 3996 (9.18214, 1.91285)
    4413 (0.590336, -17.9136) -> 4623 (1.15394, -16.0548)
    4414 (14.9621, 1.33252) -> 2180 (13.0551, 0.860024)
    4415 (0.530228, 10.1099) -> 4200 (0.0480264, 11.8008)
    4416 (22.3288, 16.1456) -> 4350 (23.5855, 14.7671)
    4417 (9.43311, -22.653) -> 4814 (8.90297, -21.0607)
    4418 (5.69083, 0.628299) -> 4487 (4.42418, -0.298307)
    4419 (20.2432, 9.62348) -> 4938 (21.4762, 8.18464)
    4420 (2.61691, -18.984) -> 4893 (4.34938, -18.0494)
    4421 (0.475321, -21.3874) -> 2002 (0.812882, -19.4862)
    4422 (1.46651, 9.75916) -> 3506 (0.759727, 11.2816)
    4423 (0.298975, 6.91432) -> 2820 (1.05464, 8.52949)
    4424 (7.45064, 18.4182) -> 3791 (5.4977, 18.7678)
    4425 (17.3842, -13.8339) -> 4222 (15.6886, -14.4396)
    4426 (12.5703, 22.3299) -> 4644 (10.8892, 22.4985)
    4427 (20.5449, 10.9683) -> 4708 (19.9554, 9.14685)
    4428 (19.6787, 16.8445) -> 4352 (21.5681, 17.1463)
    4429 (4.17874, 19.4475) -> 3622 (3.16372, 17.7763)
    4430 (12.6943, 19.2435) -> 4737 (11.2359, 19.1726)
    4431 (9.16178, -8.79422) -> 3712 (7.82684, -7.93803)
    4432 (21.6543, -7.21007) -> 391 (19.9075, -6.26983)
    4433 (8.54783, -4.70173) -> 983 (6.62192, -4.91478)
    4434 (4.22309, -10.8684) -> 4632 (3.48846, -9.10213)
    4435 (12.137, 2.94069) -> 4412 (10.944, 1.38268)
    4436 (16.5789, 14.445) -> 660 (18.181, 13.3128)
    4437 (8.23494, -16.6439) -> 572 (7.03492, -15.1556)
    4438 (15.7948, 2.7694) -> 4414 (14.9621, 1.33252)
    4439 (10.1728, -21.0211) -> 2190 (9.68802, -19.1679)
    4440 (1.71616, -10.3261) -> 2880 (2.97462, -9.15248)
    4441 (20.5858, -20.7252) -> 3601 (19.4644, -21.8426)
    4442 (20.5718, -6.39298) -> 1536 (18.8943, -5.92482)
    4443 (16.6286, 8.16949) -> 4818 (16.3276, 6.3416)
    4444 (4.14422, 2.50312) -> 2854 (3.93435, 4.43798)
    4445 (19.3845, 17.5411) -> 1292 (21.2063, 16.8212)
    4446 (24.1461, 24.3836) -> 1135 (23.487, 22.5408)
    4447 (4.44016, -17.6648) -> 4804 (3.43757, -16.4381)
    4448 (8.28707, -1.20226) -> 1131 (6.48383, -0.696129)
    4449 (7.10873, -13.8192) -> 4205 (5.87124, -12.452)
    4450 (3.06719, -23.6475) -> 2811 (1.27108, -22.7902)
    4451 (4.93427, -0.718768) -> 3648 (3.22076, -0.145677)
    4452 (19.5311, 13.1828) -> 2405 (20.0877, 11.3594)
    4453 (5.10043, 24.283) -> 3450 (4.778, 22.4935)
    4454 (13.7166, -14.9578) -> 1453 (13.0759, -13.4473)
    4455 (3.53278, -7.4061) -> 359 (2.13727, -6.01938)
    4456 (14.0903, 16.7411) -> 2387 (12.3513, 17.4868)
    4457 (14.5312, -13.0296) -> 4799 (12.6543, -12.9057)
    4458 (18.7996, 5.42874) -> 671 (16.9857, 4.5946)
    4459 (7.00046, -24.5834) -> 4691 (6.53165, -23.2749)
    4460 (5.48141, -23.8496) -> 4691 (6.53165, -23.2749)
    4461 (14.2662, 23.9609) -> 4346 (13.1942, 23.1771)
    4462 (6.38557, -13.0178) -> 1160 (5.93263, -11.2364)
    4463 (1.01123, -18.9544) -> 4480 (1.34155, -17.2459)
    4464 (8.36445, -10.8885) -> 4401 (7.01688, -9.43146)
    4465 (12.0781, -7.42671) -> 1179 (10.3674, -7.08975)
    4466 (24.869, 7.89657) -> 3644 (24.1895, 6.73893)
    4467 (24.8058, 8.99578) -> 902 (23.3478, 8.20582)
    4468 (14.4593, 17.2562) -> 4677 (12.8728, 18.4483)
    4469 (21.2388, -16.9298) -> 4557 (19.4372, -17.2141)
    4470 (9.65392, 5.37645) -> 1072 (7.8274, 4.70135)
    4471 (12.4056, 22.4876) -> 4644 (10.8892, 22.4985)
    4472 (16.1673, 14.8737) -> 3282 (17.6566, 15.7176)
    4473 (0.607622, -17.7765) -> 4623 (1.15394, -16.0548)
    4474 (11.0985, -18.4325) -> 4745 (9.31149, -18.0921)
    4475 (17.6865, -4.35617) -> 1069 (15.8902, -4.69929)
    4476 (5.16172, 2.76235) -> 4876 (4.28129, 4.54657)
    4477 (22.238, -1.35819) -> 4782 (21.1136, -2.64285)
    4478 (21.019, 1.86497) -> 3865 (19.0681, 2.14197)
    4479 (4.44788, -24.3894) -> 4918 (5.53671, -23.0209)
    4480 (1.34155, -17.2459) -> 46 (3.06096, -16.4829)
    4481 (18.3372, 15.8891) -> 982 (19.4359, 14.4487)
    4482 (8.91158, -16.7805) -> 3115 (7.44598, -15.6936)
    4483 (1.12515, 8.19179) -> 608 (1.29079, 9.72778)
    4484 (14.2118, -4.81278) -> 3529 (12.8191, -3.95362)
    4485 (10.9655, -10.4033) -> 2169 (10.5892, -8.45912)
    4486 (4.04798, -22.8306) -> 142 (3.24903, -21.1662)
    4487 (4.42418, -0.298307) -> 3897 (2.98159, 0.807081)
    4488 (13.8957, 17.4037) -> 1581 (11.9775, 17.4701)
    4489 (24.5021, -3.62006) -> 3950 (24.6763, -5.50276)
    4490 (24.1492, -19.439) -> 2863 (22.3931, -18.795)
    4491 (8.82978, 10.2008) -> 4406 (7.97699, 8.73028)
    4492 (8.64259, -11.9924) -> 1797 (7.29452, -11.1044)
    4493 (21.5283, -7.82737) -> 3919 (19.7714, -8.26978)
    4494 (9.91223, -6.61371) -> 3549 (8.48498, -7.12496)
    4495 (6.00013, 12.2725) -> 3561 (4.09292, 12.3342)
    4496 (24.0899, -5.24044) -> 4757 (23.1224, -6.21105)
    4497 (24.8335, -6.93996) -> 4757 (23.1224, -6.21105)
    4498 (16.4697, -21.3944) -> 3123 (14.634, -20.76)
    4499 (14.8259, 12.8556) -> 91 (16.4697, 11.947)
    4500 (19.4085, -11.8223) -> 4598 (17.4288, -11.6972)
    4501 (6.14645, 20.766) -> 2045 (4.73308, 20.3919)
    4502 (10.1407, 21.5679) -> 4736 (8.47466, 21.5528)
    4503 (7.21722, -0.477971) -> 3710 (5.86305, -1.45988)
    4504 (12.8942, -18.6269) -> 4474 (11.0985, -18.4325)
    4505 (4.19287, 4.18261) -> 4530 (2.83678, 5.38329)
    4506 (17.8518, 11.1005) -> 4796 (19.4355, 10.2159)
    4507 (5.18041, -18.6657) -> 1861 (4.16399, -17.0122)
    4508 (19.7535, 1.1606) -> 183 (17.8902, 0.597909)
    4509 (2.14647, -1.4365) -> 4188 (1.52485, 0.350369)
    4510 (24.7077, -11.5216) -> 544 (22.9733, -10.6725)
    4511 (13.9124, 5.79219) -> 4028 (13.0421, 4.22068)
    4512 (19.5407, -18.5614) -> 4331 (17.5598, -18.4484)
    4513 (4.30356, -24.0871) -> 3043 (3.21319, -22.4812)
    4514 (21.8555, -3.70404) -> 2814 (20.1933, -3.74635)
    4515 (7.77488, -24.3227) -> 4691 (6.53165, -23.2749)
    4516 (8.26395, -14.9902) -> 393 (7.68954, -13.0973)
    4517 (14.3704, 17.9388) -> 4967 (12.8081, 18.975)
    4518 (20.0046, -24.2427) -> 2240 (18.0841, -24.389)
    4519 (4.60049, 20.0461) -> 784 (3.06305, 19.0499)
    4520 (2.0938, -21.8662) -> 3108 (2.53249, -19.9258)
    4521 (16.6813, 2.34283) -> 4414 (14.9621, 1.33252)
    4522 (6.083, -13.2134) -> 4376 (4.3615, -12.4867)
    4523 (17.749, -7.71292) -> 858 (15.861, -7.97641)
    4524 (1.35674, -9.65064) -> 4006 (0.69847, -8.0781)
    4525 (19.4218, 9.49423) -> 326 (19.3522, 7.5597)
    4526 (4.25553, -4.60618) -> 3652 (3.3171, -2.86039)
    4527 (3.10311, -7.24404) -> 302 (1.61357, -6.01287)
    4528 (17.5116, -21.3939) -> 3815 (16.5548, -19.7253)
    4529 (22.54, 1.00218) -> 1168 (21.2489, -0.116705)
    4530 (2.83678, 5.38329) -> 867 (1.63574, 6.82841)
    4531 (9.81906, -18.4741) -> 4482 (8.91158, -16.7805)
    4532 (7.24006, 21.1621) -> 3258 (5.71792, 20.2101)
    4533 (4.12473, -6.02819) -> 4369 (2.76203, -5.19594)
    4534 (12.647, -19.3358) -> 4474 (11.0985, -18.4325)
    4535 (12.5194, -17.6611) -> 2389 (10.5436, -17.6384)
    4536 (2.69938, 0.915194) -> 1034 (1.68739, 2.22901)
    4537 (15.7766, 19.5739) -> 698 (13.8933, 19.3622)
    4538 (12.0236, -15.3938) -> 147 (10.1361, -15.0856)
    4539 (10.9389, -21.4213) -> 3818 (11.3395, -19.6388)
    4540 (16.7881, 6.00201) -> 4858 (16.141, 4.1214)
    4541 (16.6768, 8.65469) -> 688 (17.16, 6.73323)
    4542 (15.1969, -15.3534) -> 3987 (14.2733, -13.5869)
    4543 (19.9736, 4.11705) -> 172 (18.3652, 3.19077)
    4544 (0.462612, -15.3897) -> 4621 (0.20012, -13.4879)
    4545 (0.248552, -6.12266) -> 2059 (1.18347, -4.57848)
    4546 (16.1993, 11.1153) -> 2841 (17.6528, 10.2223)
    4547 (3.03155, -8.66594) -> 2677 (2.10306, -6.91226)
    4548 (14.0111, 21.3867) -> 1509 (12.629, 21.069)
    4549 (24.2802, -8.82445) -> 4751 (22.8027, -7.64561)
    4550 (17.6927, 9.10368) -> 2860 (16.4124, 7.60655)
    4551 (3.77756, 20.5271) -> 200 (2.16381, 19.7323)
    4552 (11.9441, -11.9102) -> 4485 (10.9655, -10.4033)
    4553 (18.9287, 22.7421) -> 4960 (17.3477, 22.2546)
    4554 (24.9527, -17.1966) -> 1577 (23.2223, -16.6291)
    4555 (10.5352, 2.82754) -> 4269 (9.07146, 1.67909)
    4556 (12.7521, -10.5281) -> 4485 (10.9655, -10.4033)
    4557 (19.4372, -17.2141) -> 1495 (17.6108, -17.2391)
    4558 (22.731, -9.5924) -> 3725 (21.0058, -9.76882)
    4559 (11.706, 17.3461) -> 1355 (10.2878, 17.9495)
    4560 (15.1182, 1.79012) -> 2719 (13.1423, 1.68947)
    4561 (1.42095, 1.00635) -> 1342 (0.301531, 2.39194)
    4562 (6.34743, 19.417) -> 835 (4.70935, 18.9407)
    4563 (7.32631, 14.4981) -> 3702 (5.54816, 15.3572)
    4564 (9.95419, -17.1788) -> 4383 (8.12619, -16.8191)
    4565 (19.2412, 13.436) -> 1590 (19.9773, 11.8195)
    4566 (14.9775, 3.8969) -> 1762 (13.723, 2.54572)
    4567 (18.4778, 9.71394) -> 4638 (18.366, 7.81344)
    4568 (18.854, -9.84232) -> 1815 (16.9889, -9.7379)
    4569 (16.4757, 12.949) -> 3624 (18.2886, 12.7479)
    4570 (10.3366, 21.4936) -> 4704 (8.84175, 21.5353)
    4571 (11.6663, 23.5494) -> 1647 (9.92859, 22.8751)
    4572 (5.31838, -17.289) -> 4859 (4.0691, -16.0477)
    4573 (16.5879, -8.17694) -> 1967 (15.2289, -9.11831)
    4574 (13.6247, -24.5362) -> 4884 (13.0748, -23.0059)
    4575 (5.66525, -20.4427) -> 2183 (6.04702, -18.7169)
    4576 (19.4814, -20.4842) -> 3345 (17.6815, -21.2808)
    4577 (24.4851, -21.6201) -> 4305 (22.8577, -21.8947)
    4578 (11.8725, -16.2233) -> 4026 (10.4413, -15.5778)
    4579 (12.3386, -13.3536) -> 690 (10.8951, -12.8764)
    4580 (16.3708, -20.6875) -> 4286 (14.8598, -20.2684)
    4581 (23.4779, 14.2923) -> 3290 (23.6437, 12.3552)
    4582 (5.34097, -20.008) -> 4681 (4.44427, -18.9163)
    4583 (5.79582, -6.79045) -> 1746 (4.058, -6.24705)
    4584 (4.41634, 14.6165) -> 3505 (2.65631, 15.0772)
    4585 (10.0639, 6.17968) -> 492 (8.67509, 4.76287)
    4586 (12.0826, -1.84258) -> 3198 (10.0851, -1.75576)
    4587 (1.00794, -16.3866) -> 4697 (1.33167, -14.7752)
    4588 (14.4149, 15.8641) -> 3404 (13.2168, 16.9898)
    4589 (5.46285, -20.0168) -> 4681 (4.44427, -18.9163)
    4590 (22.6937, -11.8939) -> 3449 (21.3647, -13.2549)
    4591 (14.8501, 16.2401) -> 3404 (13.2168, 16.9898)
    4592 (4.5215, -1.86289) -> 458 (3.22872, -0.920456)
    4593 (4.71693, -0.810795) -> 4126 (2.91051, -0.0550291)
    4594 (16.2884, 14.1297) -> 3751 (17.4851, 13.0735)
    4595 (18.7382, -12.136) -> 4857 (16.9831, -12.5041)
    4596 (18.3795, -8.09927) -> 4573 (16.5879, -8.17694)
    4597 (1.7908, -0.81154) -> 2352 (1.32496, 0.961294)
    4598 (17.4288, -11.6972) -> 513 (15.6167, -11.4968)
    4599 (6.46531, -0.773115) -> 4716 (4.85094, 0.0547796)
    4600 (18.6414, 15.7982) -> 1254 (20.5892, 15.8095)
    4601 (18.0942, 8.99069) -> 717 (18.5953, 7.25727)
    4602 (17.3814, -0.770089) -> 3458 (15.4985, -1.16677)
    4603 (20.6643, 7.80261) -> 4740 (19.1871, 6.60861)
    4604 (10.4063, -20.893) -> 2190 (9.68802, -19.1679)
    4605 (5.04265, -10.6968) -> 3769 (3.56567, -9.38038)
    4606 (12.8286, -11.594) -> 1258 (11.188, -11.5805)
    4607 (15.532, -11.1691) -> 120 (13.9608, -10.0387)
    4608 (1.03957, -11.3818) -> 2897 (1.10691, -9.52766)
    4609 (10.4337, 0.762251) -> 4240 (9.50992, 2.44397)
    4610 (23.5354, 19.5864) -> 4154 (22.4619, 18.3434)
    4611 (8.18712, -8.24672) -> 1337 (7.15577, -6.94632)
    4612 (3.2336, -16.3296) -> 4617 (3.10117, -14.5328)
    4613 (14.003, -21.8123) -> 4263 (12.6493, -21.1175)
    4614 (14.204, 18.2181) -> 1276 (12.2359, 18.4909)
    4615 (14.1992, 23.9578) -> 1050 (12.5053, 22.9464)
    4616 (23.0624, -0.597868) -> 163 (22.4923, -2.39212)
    4617 (3.10117, -14.5328) -> 67 (2.92957, -12.6254)
    4618 (23.7623, -7.93583) -> 3408 (21.958, -7.85214)
    4619 (15.7784, 21.3939) -> 3882 (14.3847, 21.175)
    4620 (16.202, -15.1413) -> 2539 (14.4242, -15.4431)
    4621 (0.20012, -13.4879) -> 1976 (1.74469, -13.0985)
    4622 (4.05452, -1.92814) -> 4317 (2.6894, -0.535708)
    4623 (1.15394, -16.0548) -> 1159 (0.203952, -14.3366)
    4624 (1.36422, 12.208) -> 2032 (0.691741, 13.7392)
    4625 (11.6476, -12.3311) -> 4690 (9.72326, -12.4668)
    4626 (13.3171, -22.3757) -> 4779 (12.056, -20.8409)
    4627 (16.166, 17.4072) -> 3352 (14.2633, 17.9986)
    4628 (20.394, 9.5696) -> 1572 (21.3945, 8.01695)
    4629 (23.0105, -19.2304) -> 1993 (21.1845, -19.2737)
    4630 (17.3869, 24.372) -> 4347 (16.1563, 23.7377)
    4631 (16.057, 17.9625) -> 4614 (14.204, 18.2181)
    4632 (3.48846, -9.10213) -> 3859 (3.27564, -7.14308)
    4633 (10.8672, -10.5872) -> 4887 (9.63072, -9.20118)
    4634 (6.88992, -1.62385) -> 4111 (5.14943, -1.35162)
    4635 (10.8782, -2.6498) -> 2091 (9.16356, -2.00391)
    4636 (16.5895, 20.5929) -> 963 (14.7406, 20.7494)
    4637 (5.14172, -5.32614) -> 4371 (5.19034, -3.49026)
    4638 (18.366, 7.81344) -> 3412 (18.3444, 5.83294)
    4639 (6.3129, 21.1548) -> 2045 (4.73308, 20.3919)
    4640 (3.53014, 11.9778) -> 241 (1.86767, 11.5684)
    4641 (12.2921, 15.7704) -> 3143 (11.4185, 17.4991)
    4642 (11.8553, 17.7059) -> 1355 (10.2878, 17.9495)
    4643 (20.5669, -16.1595) -> 4666 (19.6784, -14.4495)
    4644 (10.8892, 22.4985) -> 3910 (9.14653, 21.5667)
    4645 (19.7823, -13.4613) -> 1312 (18.4003, -12.0391)
    4646 (11.3298, -4.79421) -> 1007 (9.5109, -4.21391)
    4647 (13.9366, -0.656468) -> 194 (12.0318, -0.159272)
    4648 (0.634496, -12.5807) -> 1233 (0.16954, -10.8981)
    4649 (9.30053, -23.5694) -> 4701 (7.5936, -23.7232)
    4650 (14.6358, -2.73215) -> 1606 (13.0338, -3.25623)
    4651 (4.588, 6.90901) -> 3540 (2.87476, 7.86133)
    4652 (11.7598, -8.90571) -> 2169 (10.5892, -8.45912)
    4653 (2.44377, -13.7429) -> 4841 (3.74825, -12.3177)
    4654 (1.90177, -15.0042) -> 1976 (1.74469, -13.0985)
    4655 (14.1345, -7.84674) -> 940 (12.9016, -9.36368)
    4656 (20.6703, -12.751) -> 4666 (19.6784, -14.4495)
    4657 (19.7323, -23.84) -> 2679 (17.8829, -24.472)
    4658 (17.5502, 6.27088) -> 2662 (16.6095, 4.58903)
    4659 (9.57691, 4.90716) -> 2199 (7.68854, 4.79224)
    4660 (0.267671, 3.48076) -> 4962 (0.228182, 5.45977)
    4661 (4.07162, -17.4791) -> 356 (2.75425, -16.2007)
    4662 (15.6614, 1.74902) -> 4395 (13.8302, 1.31871)
    4663 (7.02516, -11.5732) -> 521 (5.16649, -12.1054)
    4664 (14.2902, 17.7555) -> 2387 (12.3513, 17.4868)
    4665 (4.6233, -13.595) -> 67 (2.92957, -12.6254)
    4666 (19.6784, -14.4495) -> 1279 (17.6828, -14.3705)
    4667 (7.0198, -1.53566) -> 4111 (5.14943, -1.35162)
    4668 (6.81019, 13.4479) -> 3602 (4.84474, 13.1932)
    4669 (8.54459, -12.6253) -> 1797 (7.29452, -11.1044)
    4670 (7.96526, -16.2368) -> 1167 (7.32517, -14.3716)
    4671 (15.9445, 22.1731) -> 3882 (14.3847, 21.175)
    4672 (22.2828, -0.395052) -> 77 (21.5814, -1.94224)
    4673 (8.02472, -0.868234) -> 3678 (6.11301, -0.412104)
    4674 (15.0528, 24.8806) -> 4615 (14.1992, 23.9578)
    4675 (24.5135, -12.6946) -> 4705 (23.2099, -13.6527)
    4676 (9.03383, -16.1292) -> 3115 (7.44598, -15.6936)
    4677 (12.8728, 18.4483) -> 4737 (11.2359, 19.1726)
    4678 (23.6165, 13.6428) -> 3641 (24.6249, 12.0617)
    4679 (2.71868, -24.4037) -> 3043 (3.21319, -22.4812)
    4680 (0.813409, -7.58843) -> 2391 (0.29278, -5.69465)
    4681 (4.44427, -18.9163) -> 4712 (4.91342, -17.2199)
    4682 (7.95338, 22.1708) -> 4639 (6.3129, 21.1548)
    4683 (4.45197, -6.84896) -> 4994 (3.27264, -5.80851)
    4684 (12.1014, 18.2562) -> 4947 (10.5312, 19.2752)
    4685 (3.31182, -8.64144) -> 2304 (1.6117, -7.93069)
    4686 (14.6852, 22.4722) -> 206 (13.4838, 22.2045)
    4687 (12.5481, -2.99629) -> 3596 (10.7271, -2.45828)
    4688 (11.2762, 17.4589) -> 615 (9.70213, 18.6531)
    4689 (18.9115, 9.82436) -> 3473 (17.8222, 8.34726)
    4690 (9.72326, -12.4668) -> 3731 (8.05164, -12.1218)
    4691 (6.53165, -23.2749) -> 2522 (5.8988, -21.3993)
    4692 (3.77317, -1.92636) -> 4131 (2.39705, -0.735803)
    4693 (2.41308, -3.03199) -> 3197 (1.53342, -1.52971)
    4694 (11.2945, -18.3801) -> 4564 (9.95419, -17.1788)
    4695 (19.277, -11.6883) -> 4598 (17.4288, -11.6972)
    4696 (5.18294, -20.3561) -> 2183 (6.04702, -18.7169)
    4697 (1.33167, -14.7752) -> 396 (0.349078, -13.2555)
    4698 (13.5944, 16.9021) -> 1581 (11.9775, 17.4701)
    4699 (9.94251, 0.967905) -> 3331 (8.38238, 1.50582)
    4700 (10.3804, 8.10282) -> 245 (9.95161, 6.20482)
    4701 (7.5936, -23.7232) -> 3405 (6.36904, -22.1885)
    4702 (8.72889, 22.0799) -> 2585 (7.06179, 21.605)
    4703 (12.8324, 23.8522) -> 2781 (11.1835, 23.6156)
    4704 (8.84175, 21.5353) -> 112 (7.15176, 21.3229)
    4705 (23.2099, -13.6527) -> 2256 (21.5279, -14.2716)
    4706 (13.6228, -7.67769) -> 3792 (12.1383, -6.49412)
    4707 (11.8877, 4.38416) -> 3928 (10.1191, 3.89394)
    4708 (19.9554, 9.14685) -> 326 (19.3522, 7.5597)
    4709 (22.0262, 22.1525) -> 4791 (22.0044, 20.2167)
    4710 (11.07, 19.3303) -> 3594 (9.26565, 19.2119)
    4711 (21.9363, -8.29621) -> 3600 (20.0711, -8.88355)
    4712 (4.91342, -17.2199) -> 46 (3.06096, -16.4829)
    4713 (4.38751, 19.6242) -> 784 (3.06305, 19.0499)
    4714 (15.6013, -3.11525) -> 3949 (13.7795, -3.89775)
    4715 (23.2769, -2.9182) -> 4964 (21.5992, -3.29105)
    4716 (4.85094, 0.0547796) -> 4325 (3.2123, 0.874501)
    4717 (6.40533, 19.1524) -> 835 (4.70935, 18.9407)
    4718 (23.9365, 19.6462) -> 4154 (22.4619, 18.3434)
    4719 (24.5101, 12.3044) -> 3297 (23.915, 10.4201)
    4720 (12.0451, -11.8805) -> 4485 (10.9655, -10.4033)
    4721 (24.4162, 12.4258) -> 562 (24.725, 10.6835)
    4722 (23.597, 3.83489) -> 2986 (24.3095, 2.42568)
    4723 (8.5182, -15.1122) -> 4134 (7.2656, -13.8308)
    4724 (7.47585, 13.8548) -> 4093 (5.88593, 13.301)
    4725 (12.1372, 5.82665) -> 861 (10.564, 4.77986)
    4726 (13.0891, -22.4531) -> 4779 (12.056, -20.8409)
    4727 (12.3756, 21.6163) -> 1704 (10.9487, 21.2217)
    4728 (7.88385, 24.5117) -> 4168 (6.35655, 23.4816)
    4729 (14.6262, 10.9459) -> 65 (14.4865, 8.97426)
    4730 (12.9546, -16.9018) -> 681 (11.0364, -16.467)
    4731 (9.76439, 1.25604) -> 3111 (7.83918, 1.2101)
    4732 (6.48186, 19.8576) -> 835 (4.70935, 18.9407)
    4733 (9.06271, -10.907) -> 3895 (7.97579, -9.35184)
    4734 (3.0923, 17.3708) -> 3685 (1.74557, 16.7429)
    4735 (20.527, -21.8564) -> 785 (18.8377, -22.7225)
    4736 (8.47466, 21.5528) -> 3455 (6.68342, 21.5029)
    4737 (11.2359, 19.1726) -> 3594 (9.26565, 19.2119)
    4738 (3.61253, -0.545802) -> 968 (2.21096, 0.698467)
    4739 (0.649997, -17.3112) -> 4748 (0.940387, -15.3797)
    4740 (19.1871, 6.60861) -> 3813 (19.4806, 4.94234)
    4741 (0.847347, 10.9059) -> 628 (2.41039, 11.6084)
    4742 (16.2018, 15.913) -> 4778 (17.5639, 14.7301)
    4743 (15.431, -19.2679) -> 1180 (14.324, -18.0888)
    4744 (17.9552, 9.46151) -> 636 (17.6564, 7.59151)
    4745 (9.31149, -18.0921) -> 4437 (8.23494, -16.6439)
    4746 (7.46808, -13.8627) -> 4316 (5.69233, -13.1298)
    4747 (22.3759, -11.7865) -> 4656 (20.6703, -12.751)
    4748 (0.940387, -15.3797) -> 3535 (0.53558, -13.4215)
    4749 (12.9268, -22.4987) -> 1208 (12.9159, -20.7367)
    4750 (4.75111, 11.0942) -> 222 (3.15999, 10.1525)
    4751 (22.8027, -7.64561) -> 2170 (20.9337, -7.74864)
    4752 (4.5669, 7.26175) -> 4386 (2.98239, 8.37691)
    4753 (15.8572, 13.5999) -> 3751 (17.4851, 13.0735)
    4754 (0.159887, -18.5873) -> 4480 (1.34155, -17.2459)
    4755 (10.4932, -17.7396) -> 4482 (8.91158, -16.7805)
    4756 (7.46269, -5.4157) -> 3280 (5.51632, -5.43721)
    4757 (23.1224, -6.21105) -> 3688 (21.3135, -6.62354)
    4758 (2.87597, -16.7197) -> 4654 (1.90177, -15.0042)
    4759 (20.0778, 22.9629) -> 4879 (18.6393, 22.0496)
    4760 (15.2181, 8.08622) -> 4264 (14.2504, 6.34662)
    4761 (2.00128, 16.4693) -> 0 (1, 15)
    4762 (19.6792, 17.2153) -> 4352 (21.5681, 17.1463)
    4763 (23.3473, -14.8405) -> 2256 (21.5279, -14.2716)
    4764 (9.2283, -7.02435) -> 99 (7.73794, -5.84635)
    4765 (6.82005, -23.2056) -> 2868 (6.88854, -21.3927)
    4766 (0.294092, -12.2484) -> 3152 (1.07966, -10.7678)
    4767 (24.4793, 9.79744) -> 902 (23.3478, 8.20582)
    4768 (7.19068, -24.5173) -> 4691 (6.53165, -23.2749)
    4769 (5.79268, -1.97924) -> 4622 (4.05452, -1.92814)
    4770 (1.28257, -18.3391) -> 274 (0.957322, -16.5654)
    4771 (5.83442, -1.01136) -> 787 (4.08054, -0.0582146)
    4772 (14.8427, 13.4406) -> 3477 (16.6032, 12.8549)
    4773 (15.9664, 7.60068) -> 40 (14.3649, 6.46967)
    4774 (13.6608, -24.6935) -> 4884 (13.0748, -23.0059)
    4775 (14.9436, -22.4333) -> 4726 (13.0891, -22.4531)
    4776 (2.57304, -2.39724) -> 1033 (1.5713, -0.887295)
    4777 (0.117029, 24.6301) -> 3869 (0.331229, 22.8773)
    4778 (17.5639, 14.7301) -> 711 (18.6973, 13.4198)
    4779 (12.056, -20.8409) -> 2222 (10.394, -20.2466)
    4780 (7.47264, 10.4041) -> 1015 (5.51012, 10.2665)
    4781 (20.5776, 15.7362) -> 4260 (22.3392, 14.9422)
    4782 (21.1136, -2.64285) -> 1090 (20.3366, -4.07029)
    4783 (12.3442, 24.0965) -> 3722 (10.8671, 23.3232)
    4784 (18.9907, 12.1265) -> 4796 (19.4355, 10.2159)
    4785 (0.778749, -24.4648) -> 4106 (0.0903447, -22.6565)
    4786 (2.61146, -1.68014) -> 4126 (2.91051, -0.0550291)
    4787 (22.6733, 1.98721) -> 3522 (23.2209, 0.0645684)
    4788 (13.7378, 15.3142) -> 3404 (13.2168, 16.9898)
    4789 (11.126, 8.0009) -> 4223 (9.43664, 7.30399)
    4790 (8.58134, 1.86366) -> 701 (6.66536, 1.4529)
    4791 (22.0044, 20.2167) -> 3698 (23.1027, 18.7794)
    4792 (19.3176, 24.1154) -> 1097 (18.1578, 22.8388)
    4793 (23.34, -11.4647) -> 780 (21.5258, -11.5064)
    4794 (14.0167, 2.85062) -> 1765 (12.7761, 1.48774)
    4795 (15.3206, -5.64096) -> 3078 (13.9484, -6.21816)
    4796 (19.4355, 10.2159) -> 1086 (20.015, 8.31596)
    4797 (13.5392, -6.60473) -> 569 (12.758, -4.76417)
    4798 (21.986, -6.61525) -> 483 (21.1337, -8.15603)
    4799 (12.6543, -12.9057) -> 1258 (11.188, -11.5805)
    4800 (22.1444, -9.29637) -> 2600 (20.9149, -10.5843)
    4801 (21.0989, -4.90849) -> 3501 (19.2101, -5.42247)
    4802 (14.2319, 4.11567) -> 1340 (12.8047, 2.77697)
    4803 (11.625, 21.7631) -> 4502 (10.1407, 21.5679)
    4804 (3.43757, -16.4381) -> 4617 (3.10117, -14.5328)
    4805 (16.3093, -12.8252) -> 4457 (14.5312, -13.0296)
    4806 (0.589443, 4.64696) -> 2799 (0.147045, 6.22122)
    4807 (18.6407, 2.38247) -> 2768 (16.7269, 1.84804)
    4808 (8.20917, -13.9652) -> 3901 (7.71668, -12.1546)
    4809 (2.9709, -9.96635) -> 2897 (1.10691, -9.52766)
    4810 (21.5441, -9.5308) -> 1956 (20.5078, -10.8774)
    4811 (5.92918, 9.66912) -> 2014 (4.23255, 8.63561)
    4812 (24.3823, -2.31701) -> 163 (22.4923, -2.39212)
    4813 (21.8035, 13.387) -> 4862 (22.8459, 11.723)
    4814 (8.90297, -21.0607) -> 1155 (8.52703, -19.2978)
    4815 (8.65668, 18.159) -> 2366 (6.73202, 18.267)
    4816 (17.01, 23.7876) -> 4869 (15.1821, 24.4585)
    4817 (11.2681, -15.753) -> 2186 (9.5433, -16.3436)
    4818 (16.3276, 6.3416) -> 93 (15.2647, 4.68355)
    4819 (12.6584, -8.83444) -> 3426 (11.2045, -8.73486)
    4820 (13.0088, 1.82436) -> 4300 (11.3558, 1.79722)
    4821 (21.9392, -24.6694) -> 4518 (20.0046, -24.2427)
    4822 (22.3653, -12.1006) -> 2022 (21.3775, -13.7906)
    4823 (4.49162, -24.3476) -> 927 (4.66108, -22.392)
    4824 (18.6702, 17.4539) -> 243 (20.538, 17.7092)
    4825 (13.0518, -10.0329) -> 2257 (11.4457, -11.0381)
    4826 (23.5722, 24.1211) -> 548 (24.2981, 22.6859)
    4827 (8.29134, 19.5021) -> 4717 (6.40533, 19.1524)
    4828 (17.735, 6.30622) -> 671 (16.9857, 4.5946)
    4829 (6.08642, -17.9259) -> 3885 (5.19868, -16.2137)
    4830 (7.25634, 7.89701) -> 352 (5.45732, 7.51726)
    4831 (11.5209, 21.8591) -> 4044 (10.3701, 22.1395)
    4832 (18.9876, 16.5005) -> 1254 (20.5892, 15.8095)
    4833 (17.6805, -17.6973) -> 4244 (15.7443, -17.9011)
    4834 (7.54053, -7.29475) -> 1926 (5.82866, -7.65395)
    4835 (8.10677, 15.3245) -> 2286 (6.45667, 15.0795)
    4836 (11.301, -16.5574) -> 147 (10.1361, -15.0856)
    4837 (24.0267, -11.6327) -> 4822 (22.3653, -12.1006)
    4838 (9.59535, -21.0082) -> 2190 (9.68802, -19.1679)
    4839 (6.92792, 4.08032) -> 3547 (6.61721, 5.96515)
    4840 (21.4312, -16.5064) -> 2018 (19.5295, -16.8129)
    4841 (3.74825, -12.3177) -> 3305 (2.83571, -10.6504)
    4842 (23.5211, 20.6225) -> 3841 (24.2174, 18.8893)
    4843 (21.0972, 9.79466) -> 1572 (21.3945, 8.01695)
    4844 (0.31729, -7.04045) -> 302 (1.61357, -6.01287)
    4845 (17.4598, 7.79727) -> 4540 (16.7881, 6.00201)
    4846 (24.3108, -18.7835) -> 1308 (22.741, -19.8789)
    4847 (14.5481, 5.41584) -> 4028 (13.0421, 4.22068)
    4848 (17.9612, 18.0197) -> 4627 (16.166, 17.4072)
    4849 (1.75756, 23.4765) -> 3969 (1.72713, 21.7759)
    4850 (11.3671, -20.9249) -> 3312 (9.9919, -19.9248)
    4851 (20.7143, 7.27178) -> 1807 (19.8545, 5.48744)
    4852 (20.8215, 11.7723) -> 4843 (21.0972, 9.79466)
    4853 (13.0909, -19.7242) -> 3818 (11.3395, -19.6388)
    4854 (10.3074, 9.05539) -> 4223 (9.43664, 7.30399)
    4855 (7.09721, 4.62158) -> 2488 (5.20024, 4.48873)
    4856 (14.1399, -24.8376) -> 277 (12.5745, -23.7256)
    4857 (16.9831, -12.5041) -> 4898 (15.1089, -12.8753)
    4858 (16.141, 4.1214) -> 133 (14.5391, 2.98365)
    4859 (4.0691, -16.0477) -> 4617 (3.10117, -14.5328)
    4860 (10.11, -3.16962) -> 3752 (8.43024, -2.4239)
    4861 (2.59197, 0.614889) -> 1034 (1.68739, 2.22901)
    4862 (22.8459, 11.723) -> 3259 (22.3846, 9.7872)
    4863 (4.70351, 15.1284) -> 1812 (2.77798, 15.3448)
    4864 (4.82647, 22.8363) -> 4087 (3.98222, 21.2026)
    4865 (16.6235, -15.1492) -> 1307 (15.3618, -13.7189)
    4866 (1.65551, 15.2322) -> 0 (1, 15)
    4867 (21.8154, 1.02337) -> 66 (20.6691, -0.162423)
    4868 (4.92446, -3.66779) -> 4622 (4.05452, -1.92814)
    4869 (15.1821, 24.4585) -> 4615 (14.1992, 23.9578)
    4870 (24.4439, -10.262) -> 3456 (23.2777, -11.8348)
    4871 (8.55156, -17.0648) -> 3115 (7.44598, -15.6936)
    4872 (11.4033, -3.43353) -> 748 (9.48939, -3.01626)
    4873 (9.79971, 20.275) -> 70 (8.22832, 19.6374)
    4874 (14.0419, 24.9124) -> 1796 (12.9563, 24.4691)
    4875 (14.2647, -23.9018) -> 1771 (12.6732, -22.7257)
    4876 (4.28129, 4.54657) -> 2145 (3.11451, 5.94648)
    4877 (16.0939, 5.52834) -> 4566 (14.9775, 3.8969)
    4878 (19.415, 17.3424) -> 4781 (20.5776, 15.7362)
    4879 (18.6393, 22.0496) -> 1500 (17.4955, 21.6771)
    4880 (18.9159, 6.49934) -> 3799 (17.7085, 5.08663)
    4881 (9.74894, -19.0012) -> 3251 (8.04796, -18.0698)
    4882 (13.3073, -9.20783) -> 2112 (11.6472, -8.33722)
    4883 (17.578, -23.701) -> 2815 (16.3931, -24.8723)
    4884 (13.0748, -23.0059) -> 4263 (12.6493, -21.1175)
    4885 (12.9131, -8.11817) -> 3426 (11.2045, -8.73486)
    4886 (4.85317, 14.2368) -> 1 (2.86972, 14.29)
    4887 (9.63072, -9.20118) -> 837 (8.86098, -7.40903)
    4888 (20.8775, 10.6212) -> 2155 (21.703, 8.8212)
    4889 (15.6162, 7.36037) -> 4374 (14.6936, 5.6404)
    4890 (0.208685, 14.8812) -> 0 (1, 15)
    4891 (19.9882, 2.47749) -> 2570 (18.0766, 2.3368)
    4892 (16.0667, -14.1298) -> 4457 (14.5312, -13.0296)
    4893 (4.34938, -18.0494) -> 626 (3.48277, -16.4889)
    4894 (16.3175, 17.2722) -> 1470 (15.0226, 17.6523)
    4895 (20.9397, 11.8837) -> 3266 (20.8868, 10.2308)
    4896 (0.884643, -3.29847) -> 3117 (1.48211, -1.47099)
    4897 (11.4895, -11.3628) -> 736 (9.73764, -11.5437)
    4898 (15.1089, -12.8753) -> 1504 (13.1207, -12.9225)
    4899 (0.336173, 16.6104) -> 0 (1, 15)
    4900 (5.07224, 3.12678) -> 2854 (3.93435, 4.43798)
    4901 (9.35499, 4.97774) -> 2199 (7.68854, 4.79224)
    4902 (4.567, 22.7225) -> 4087 (3.98222, 21.2026)
    4903 (15.5697, 12.448) -> 153 (17.2321, 11.3708)
    4904 (3.08391, 13.2636) -> 1421 (1.66888, 13.8821)
    4905 (17.3544, -0.231421) -> 419 (15.6532, -0.496371)
    4906 (11.7799, 5.64446) -> 490 (10.1533, 4.50425)
    4907 (23.4424, -20.593) -> 3766 (21.8379, -21.3163)
    4908 (23.6373, 13.9209) -> 4719 (24.5101, 12.3044)
    4909 (17.468, 15.547) -> 2909 (18.8996, 14.6708)
    4910 (13.5746, -21.9933) -> 4779 (12.056, -20.8409)
    4911 (19.0063, -5.17836) -> 1538 (17.1191, -4.73451)
    4912 (18.9319, 21.3952) -> 3276 (17.9378, 21.4443)
    4913 (12.5457, -17.0432) -> 69 (11.6795, -15.3474)
    4914 (16.9574, 24.8298) -> 4869 (15.1821, 24.4585)
    4915 (21.8475, -12.0433) -> 1956 (20.5078, -10.8774)
    4916 (19.3284, -11.3314) -> 4598 (17.4288, -11.6972)
    4917 (0.00738832, -20.9625) -> 2002 (0.812882, -19.4862)
    4918 (5.53671, -23.0209) -> 3447 (5.96765, -21.147)
    4919 (2.05369, 13.0155) -> 2032 (0.691741, 13.7392)
    4920 (19.0771, -15.6503) -> 1279 (17.6828, -14.3705)
    4921 (20.4913, 4.06) -> 3336 (19.1924, 2.86451)
    4922 (7.89362, 17.855) -> 2430 (5.95999, 17.687)
    4923 (4.44312, -5.19859) -> 3329 (2.95498, -4.41507)
    4924 (20.8979, 12.6269) -> 4427 (20.5449, 10.9683)
    4925 (19.5169, 12.131) -> 4796 (19.4355, 10.2159)
    4926 (14.5183, -19.7633) -> 4504 (12.8942, -18.6269)
    4927 (23.5806, 23.1042) -> 3022 (22.8403, 21.3161)
    4928 (14.6544, -17.0753) -> 4730 (12.9546, -16.9018)
    4929 (19.0743, -8.20448) -> 1158 (17.3281, -8.08577)
    4930 (12.2274, 23.0717) -> 4644 (10.8892, 22.4985)
    4931 (20.8673, 9.58758) -> 2943 (19.8586, 8.21195)
    4932 (15.8723, 17.0592) -> 4664 (14.2902, 17.7555)
    4933 (15.7328, -8.90294) -> 914 (13.9721, -8.39946)
    4934 (21.5623, -22.3834) -> 1058 (19.7189, -22.7981)
    4935 (8.60915, 20.7458) -> 4532 (7.24006, 21.1621)
    4936 (0.87197, -10.9351) -> 4036 (0.27757, -9.02766)
    4937 (9.78827, -23.7065) -> 237 (7.99246, -23.7881)
    4938 (21.4762, 8.18464) -> 3959 (20.2333, 6.69788)
    4939 (3.46332, 2.49528) -> 2346 (2.84199, 4.35971)
    4940 (24.621, -2.19468) -> 115 (23.0676, -3.28058)
    4941 (7.59365, -0.473681) -> 4771 (5.83442, -1.01136)
    4942 (18.1879, -17.1226) -> 3887 (17.7812, -15.3213)
    4943 (11.2458, -3.25786) -> 3198 (10.0851, -1.75576)
    4944 (18.8025, 20.3196) -> 3474 (17.9711, 20.4075)
    4945 (2.93363, 0.552864) -> 2352 (1.32496, 0.961294)
    4946 (14.707, -11.0688) -> 4825 (13.0518, -10.0329)
    4947 (10.5312, 19.2752) -> 2438 (8.74738, 18.7883)
    4948 (23.7783, -23.4927) -> 2047 (21.8288, -23.4722)
    4949 (10.3755, -2.40615) -> 3752 (8.43024, -2.4239)
    4950 (14.4954, -5.17392) -> 569 (12.758, -4.76417)
    4951 (10.2421, -5.19914) -> 4433 (8.54783, -4.70173)
    4952 (2.69846, 17.7486) -> 3490 (1.60856, 16.7717)
    4953 (1.78937, -24.8555) -> 3697 (2.98903, -23.5516)
    4954 (13.0052, -16.8653) -> 1234 (11.1143, -16.3436)
    4955 (10.8941, 16.1491) -> 1355 (10.2878, 17.9495)
    4956 (15.1373, 12.1382) -> 1740 (15.3002, 10.2167)
    4957 (13.5709, 6.19059) -> 955 (12.5205, 4.65746)
    4958 (4.4803, 10.1975) -> 2556 (3.44465, 11.7828)
    4959 (4.29999, 19.6095) -> 1293 (3.57882, 17.9649)
    4960 (17.3477, 22.2546) -> 4671 (15.9445, 22.1731)
    4961 (1.72572, 21.6179) -> 2859 (1.56008, 19.953)
    4962 (0.228182, 5.45977) -> 867 (1.63574, 6.82841)
    4963 (18.3061, 23.958) -> 3850 (16.4557, 24.2084)
    4964 (21.5992, -3.29105) -> 1829 (19.6157, -3.19378)
    4965 (6.46091, 18.9024) -> 835 (4.70935, 18.9407)
    4966 (7.04708, -14.9667) -> 1702 (5.46378, -13.9107)
    4967 (12.8081, 18.975) -> 2131 (11.478, 19.1189)
    4968 (21.1941, -23.4581) -> 1058 (19.7189, -22.7981)
    4969 (6.02399, 23.4589) -> 1893 (4.80269, 22.3042)
    4970 (23.2648, -2.86634) -> 4964 (21.5992, -3.29105)
    4971 (7.62305, 17.5989) -> 2552 (5.90312, 17.0579)
    4972 (21.2427, 22.0513) -> 847 (19.3329, 21.8556)
    4973 (8.7411, -16.3144) -> 3707 (9.30314, -14.4653)
    4974 (13.4769, -17.4646) -> 3253 (11.6937, -17.917)
    4975 (7.77767, -5.22309) -> 4216 (6.29888, -4.64021)
    4976 (12.7521, 10.3486) -> 3553 (13.6185, 8.56973)
    4977 (3.78963, -9.69928) -> 4547 (3.03155, -8.66594)
    4978 (13.6519, -13.4959) -> 3083 (11.6831, -13.3755)
    4979 (16.4477, 6.01472) -> 4858 (16.141, 4.1214)
    4980 (16.7874, -22.8709) -> 3701 (14.9601, -23.4987)
    4981 (4.5821, 6.28976) -> 1951 (3.136, 6.87257)
    4982 (5.50974, -2.2822) -> 4692 (3.77317, -1.92636)
    4983 (20.3402, -0.828444) -> 4091 (19.6665, -2.43241)
    4984 (2.02137, 21.5066) -> 2859 (1.56008, 19.953)
    4985 (12.9267, 10.6704) -> 3301 (14.5667, 9.57734)
    4986 (7.68282, -12.386) -> 1773 (6.77785, -10.6097)
    4987 (20.5915, 4.96055) -> 1359 (19.695, 3.36014)
    4988 (15.069, 7.11723) -> 4957 (13.5709, 6.19059)
    4989 (10.4719, -16.3041) -> 3413 (8.76569, -15.5087)
    4990 (13.6994, -11.8259) -> 2721 (11.7561, -12.2664)
    4991 (1.93686, 15.3304) -> 0 (1, 15)
    4992 (12.6544, -11.2804) -> 4485 (10.9655, -10.4033)
    4993 (21.5479, -22.3108) -> 1058 (19.7189, -22.7981)
    4994 (3.27264, -5.80851) -> 1226 (1.8286, -4.46465)
    4995 (19.8962, -5.16392) -> 3238 (18.5392, -3.84228)
    4996 (24.0463, 20.5641) -> 1192 (24.5814, 18.8267)
    4997 (19.7736, -10.1651) -> 1189 (18.1049, -10.7174)
    4998 (19.4185, -7.18329) -> 4523 (17.749, -7.71292)
