Parent Map for Subproblem Tree 15
======================================
Child ID (x, y) -> Parent ID (x, y)
    1 (1.44296, 13.0497) -> 0 (1, 15)
    2 (2.62235, 16.1696) -> 0 (1, 15)
    3 (4.45207, 16.9771) -> 2 (2.62235, 16.1696)
    4 (2.14423, 11.1766) -> 2095 (1.52019, 12.5282)
    5 (2.57338, 9.22323) -> 2887 (1.82842, 10.9904)
    6 (6.25655, 17.8396) -> 3 (4.45207, 16.9771)
    7 (2.83529, 7.24045) -> 5 (2.57338, 9.22323)
    8 (8.24718, 17.6462) -> 3473 (7.34283, 16.9346)
    9 (2.81135, 5.2406) -> 2551 (2.29341, 6.65542)
    10 (3.86778, 3.54237) -> 2769 (3.79366, 4.57699)
    11 (4.59388, 1.67884) -> 10 (3.86778, 3.54237)
    12 (10.2453, 17.7319) -> 2759 (9.40638, 16.6997)
    13 (5.19074, -0.230029) -> 11 (4.59388, 1.67884)
    14 (5.24432, -2.22931) -> 13 (5.19074, -0.230029)
    15 (12.2318, 17.4994) -> 3806 (10.7351, 16.6667)
    16 (3.60394, -3.3735) -> 2541 (3.5232, -2.37258)
    17 (3.92649, -5.34732) -> 3874 (3.62824, -3.74794)
    18 (11.8245, 18.7499) -> 3967 (10.7646, 17.9037)
    19 (4.56232, -7.24355) -> 2744 (4.38125, -5.725)
    20 (5.68194, 4.38429) -> 1921 (5.21535, 6.2031)
    21 (2.22501, 7.03472) -> 1718 (1.92482, 7.33247)
    22 (4.93089, -9.2093) -> 3796 (5.22796, -8.27708)
    23 (5.9992, -10.9001) -> 1704 (5.7542, -10.7682)
    24 (5.62497, -12.8648) -> 2530 (5.94358, -11.3213)
    25 (3.85779, 12.208) -> 3487 (3.31062, 11.9258)
    26 (6.49182, -14.6671) -> 2970 (6.3035, -13.5623)
    27 (6.98604, -16.6051) -> 3344 (6.8659, -14.9141)
    28 (6.74636, -18.5907) -> 2643 (6.40959, -17.9526)
    29 (7.97717, -10.604) -> 2233 (7.72578, -8.78161)
    30 (6.42733, -20.5651) -> 3366 (6.0125, -19.7519)
    31 (6.93657, -22.4992) -> 30 (6.42733, -20.5651)
    32 (8.93219, -22.3668) -> 486 (8.97707, -20.5527)
    33 (6.16448, -24.3441) -> 2428 (6.54425, -22.6961)
    34 (3.483, 18.7267) -> 1039 (2.51702, 17.1765)
    35 (6.93937, -26.1879) -> 1788 (6.15494, -25.4692)
    36 (6.86574, 5.99632) -> 3159 (5.70559, 7.32362)
    37 (14.1222, 18.1522) -> 3659 (13.533, 16.6379)
    38 (15.9737, 17.3959) -> 3363 (15.8209, 16.8768)
    39 (9.81391, -9.81262) -> 3096 (9.03066, -8.23697)
    40 (16.842, 15.5943) -> 2667 (16.0457, 14.1137)
    41 (10.535, -23.563) -> 3289 (10.561, -23.5045)
    42 (7.28697, -26.4562) -> 1788 (6.15494, -25.4692)
    43 (6.52898, -28.307) -> 3486 (6.30833, -26.5808)
    44 (4.24074, -23.7971) -> 2050 (3.55577, -22.2417)
    45 (11.1529, -11.2982) -> 3178 (10.7141, -9.62703)
    46 (6.36116, -16.0757) -> 3928 (5.70213, -14.7414)
    47 (12.2321, -24.6213) -> 2392 (11.1979, -23.2247)
    48 (13.9457, -23.5899) -> 978 (13.1861, -22.3822)
    49 (4.15095, -5.1699) -> 3874 (3.62824, -3.74794)
    50 (8.50243, 7.14576) -> 3624 (7.11107, 8.13748)
    51 (7.9988, -29.6633) -> 3022 (8.43441, -28.9452)
    52 (8.6866, -31.5414) -> 3781 (8.18427, -30.0743)
    53 (3.47789, 20.7267) -> 784 (2.38177, 19.0667)
    54 (13.4777, -26.186) -> 2491 (13.2312, -25.9055)
    55 (7.36593, -10.7614) -> 1984 (7.31519, -9.25213)
    56 (15.5076, 14.1046) -> 3032 (14.6593, 13.0604)
    57 (7.76246, 6.94641) -> 3624 (7.11107, 8.13748)
    58 (15.8936, -24.0435) -> 2080 (15.8573, -23.8411)
    59 (8.00757, -18.095) -> 2922 (7.67397, -16.204)
    60 (17.8319, -23.5507) -> 3633 (17.3015, -22.0106)
    61 (13.1134, -10.9024) -> 3814 (13.0005, -8.98022)
    62 (9.08036, -33.5022) -> 2334 (9.09031, -32.2376)
    63 (16.4014, 12.3154) -> 2575 (15.6867, 12.9527)
    64 (11.553, -23.1756) -> 1565 (10.6984, -22.495)
    65 (10.7519, -34.6004) -> 3661 (10.7879, -32.8503)
    66 (2.34642, -24.4387) -> 3083 (2.57207, -22.7407)
    67 (8.5261, -9.53693) -> 3227 (8.029, -8.27716)
    68 (6.86372, 2.77079) -> 3124 (6.30799, 3.95733)
    69 (10.4022, -36.5696) -> 3206 (10.3029, -34.9769)
    70 (19.115, -25.0848) -> 2819 (19.4669, -24.2382)
    71 (8.61634, -37.4699) -> 3809 (7.40787, -35.9113)
    72 (8.55622, -39.469) -> 3298 (8.75891, -38.2121)
    73 (11.8778, -37.9196) -> 3800 (12.2017, -37.4518)
    74 (2.68642, 13.0181) -> 2095 (1.52019, 12.5282)
    75 (13.3425, -39.2815) -> 2492 (13.4568, -39.2625)
    76 (15.2223, -26.6531) -> 2348 (14.5182, -25.2094)
    77 (6.68093, -36.9658) -> 2595 (6.87976, -35.2274)
    78 (15.0413, -40.3369) -> 3588 (14.5574, -38.4491)
    79 (6.23081, -27.3983) -> 1788 (6.15494, -25.4692)
    80 (6.12038, -23.6247) -> 1645 (6.53818, -22.2452)
    81 (10.26, 6.19139) -> 50 (8.50243, 7.14576)
    82 (16.5161, -41.6879) -> 2919 (16.3153, -41.0361)
    83 (7.21337, -2.57975) -> 2514 (6.13821, -1.02795)
    84 (0.611466, 8.83476) -> 2627 (0.974204, 10.0127)
    85 (14.7915, -11.9904) -> 2208 (14.1382, -10.5003)
    86 (1.94552, -5.07211) -> 3772 (1.53344, -3.14327)
    87 (15.137, -43.1363) -> 2447 (14.6366, -42.7584)
    88 (16.104, -23.3134) -> 2509 (15.8386, -22.0463)
    89 (10.7468, 8.13126) -> 3468 (9.62506, 8.81208)
    90 (12.298, -33.3317) -> 3021 (11.9363, -31.3779)
    91 (17.6448, 10.7489) -> 1890 (15.9331, 10.0707)
    92 (18.9104, 9.20028) -> 3165 (16.971, 9.23654)
    93 (2.18333, 11.7256) -> 2095 (1.52019, 12.5282)
    94 (9.00167, -1.68422) -> 3065 (8.3429, -0.604938)
    95 (13.2423, -43.7768) -> 3172 (13.2191, -42.8859)
    96 (20.5645, -23.7068) -> 1941 (20.014, -22.7838)
    97 (4.39567, -15.7057) -> 2653 (4.16905, -14.0479)
    98 (4.46447, 8.5791) -> 674 (3.39015, 9.99011)
    99 (9.56782, -16.8438) -> 2753 (9.10382, -15.8335)
    100 (15.7986, -23.2375) -> 1642 (15.0554, -21.5658)
    101 (12.3588, 20.6772) -> 2165 (11.8253, 20.6121)
    102 (17.8929, -43.1386) -> 3580 (17.8452, -41.5222)
    103 (0.316453, 16.8796) -> 0 (1, 15)
    104 (15.7196, -13.762) -> 2483 (15.0077, -12.7338)
    105 (5.84483, 15.5418) -> 3744 (5.33635, 16.0798)
    106 (16.0557, -10.4406) -> 2453 (15.6712, -8.65112)
    107 (17.9594, -9.82752) -> 2282 (16.2901, -8.81086)
    108 (18.5022, -45.0435) -> 3328 (17.9325, -43.3175)
    109 (0.76759, 7.50772) -> 2618 (1.0412, 8.94577)
    110 (7.39172, -2.30374) -> 2109 (7.45283, -2.19407)
    111 (21.5703, -21.9781) -> 1881 (21.4257, -20.4031)
    112 (20.0735, -26.8402) -> 3714 (19.9706, -25.3876)
    113 (4.09808, -10.9711) -> 3674 (4.13936, -10.4821)
    114 (4.04495, -13.354) -> 2178 (4.10287, -12.3214)
    115 (10.6431, -7.99261) -> 2493 (9.91887, -6.30571)
    116 (14.0547, 21.7373) -> 3536 (13.0539, 20.7321)
    117 (20.4939, -44.8615) -> 2253 (20.3376, -43.5008)
    118 (4.99745, -29.5933) -> 3455 (4.59175, -28.0758)
    119 (5.21473, 15.9849) -> 3128 (3.95602, 16.232)
    120 (3.71625, -31.129) -> 1491 (2.74305, -29.9579)
    121 (15.6826, -15.7617) -> 3401 (15.8017, -14.2234)
    122 (17.5517, 18.6247) -> 3299 (17.311, 17.0033)
    123 (13.2139, -45.7766) -> 2183 (13.0791, -43.9903)
    124 (13.4461, -10.2314) -> 3814 (13.0005, -8.98022)
    125 (19.4648, -8.51075) -> 1134 (18.7601, -7.16647)
    126 (7.10998, -0.478753) -> 1156 (7.2893, 0.218091)
    127 (4.7622, -18.3395) -> 1841 (4.62166, -16.3827)
    128 (19.5266, 18.3085) -> 2638 (18.1541, 17.2781)
    129 (18.2543, 15.9421) -> 3845 (17.7678, 15.5913)
    130 (7.38913, -41.0932) -> 2008 (6.62513, -39.5855)
    131 (20.683, -6.92462) -> 2838 (20.3074, -6.45724)
    132 (15.4519, 23.1684) -> 1983 (13.6668, 22.3737)
    133 (20.9579, -4.94361) -> 2765 (20.1929, -4.49264)
    134 (7.44406, 6.72469) -> 1872 (6.55347, 7.11613)
    135 (22.413, -44.2985) -> 1303 (21.3882, -42.8446)
    136 (15.6167, -28.6139) -> 2929 (14.8416, -26.9988)
    137 (15.7421, -40.244) -> 3939 (14.8924, -38.4522)
    138 (3.85012, 22.6917) -> 53 (3.47789, 20.7267)
    139 (5.63121, 21.7819) -> 2975 (5.25773, 20.3998)
    140 (4.89268, -32.2894) -> 3397 (4.76352, -31.4617)
    141 (8.79735, -11.5204) -> 3175 (8.12125, -10.0764)
    142 (11.8623, -21.1997) -> 3210 (11.8468, -20.1266)
    143 (10.9024, -2.30642) -> 3280 (10.5352, -1.92002)
    144 (11.1575, -25.0572) -> 3289 (10.561, -23.5045)
    145 (0.900479, 10.2977) -> 2442 (0.508966, 11.98)
    146 (5.69173, -42.1509) -> 3762 (5.23587, -40.5216)
    147 (4.68795, -37.1332) -> 3627 (4.66252, -36.3933)
    148 (12.4845, -10.8308) -> 894 (11.76, -10.0799)
    149 (4.24559, -34.1626) -> 3564 (4.15256, -33.0851)
    150 (19.4623, -10.7699) -> 3266 (18.8095, -10.0817)
    151 (21.9919, -27.4057) -> 2822 (21.4991, -25.6673)
    152 (9.06226, -19.7727) -> 3031 (8.92977, -18.1855)
    153 (1.77607, -30.6435) -> 3911 (1.51737, -28.6976)
    154 (2.8986, -1.502) -> 2540 (3.18848, -0.570133)
    155 (19.1953, -46.9196) -> 108 (18.5022, -45.0435)
    156 (22.4036, -29.3629) -> 3834 (22.2996, -28.7856)
    157 (21.0863, -25.7702) -> 1849 (20.6417, -24.2615)
    158 (4.15478, -40.8712) -> 1490 (4.08367, -40.3961)
    159 (10.2197, 10.0606) -> 1381 (9.10727, 10.2603)
    160 (13.6512, -28.9835) -> 3319 (12.707, -27.8458)
    161 (22.3494, -25.8553) -> 3811 (21.6401, -25.0137)
    162 (0.712609, 16.9515) -> 0 (1, 15)
    163 (11.2762, -3.39387) -> 3280 (10.5352, -1.92002)
    164 (17.6082, 15.6227) -> 2762 (16.9487, 14.9476)
    165 (22.3421, -27.3241) -> 2666 (21.5423, -25.7092)
    166 (15.7171, -40.3492) -> 2888 (15.5198, -39.2453)
    167 (0.922539, -1.81053) -> 2611 (1.20442, 0.0573671)
    168 (2.9021, -2.65353) -> 1293 (2.58696, -1.28773)
    169 (4.23895, 22.1969) -> 53 (3.47789, 20.7267)
    170 (4.74458, -19.0723) -> 3619 (4.18833, -17.198)
    171 (4.67593, -29.8656) -> 3455 (4.59175, -28.0758)
    172 (13.4899, 20.0265) -> 3835 (14.2229, 18.5903)
    173 (5.46024, -44.1375) -> 3869 (5.65439, -42.2839)
    174 (5.63997, 11.82) -> 1549 (4.4169, 11.5536)
    175 (12.2557, -35.2096) -> 2464 (12.2656, -33.662)
    176 (12.3593, -4.17684) -> 2994 (11.7976, -2.90614)
    177 (14.4231, 12.0214) -> 1701 (13.6746, 10.5779)
    178 (20.3526, -48.5508) -> 155 (19.1953, -46.9196)
    179 (5.71346, -5.61137) -> 2238 (5.39448, -3.74951)
    180 (1.72329, 3.97613) -> 2187 (1.26526, 5.86204)
    181 (19.8911, 20.2751) -> 2451 (19.0682, 19.6428)
    182 (4.49108, -14.5315) -> 3023 (4.28493, -13.4311)
    183 (21.1125, -7.76212) -> 3608 (19.4571, -6.70444)
    184 (20.8612, 19.4796) -> 2728 (21.1023, 18.6452)
    185 (10.8104, 21.9431) -> 1130 (9.17131, 21.2516)
    186 (6.59423, 23.4502) -> 1395 (5.93161, 22.4271)
    187 (11.2889, -43.3476) -> 961 (10.3809, -42.1521)
    188 (6.56764, 10.0482) -> 3345 (4.90405, 10.6126)
    189 (8.6313, -24.9871) -> 3209 (8.8629, -23.0693)
    190 (5.51391, -46.1368) -> 173 (5.46024, -44.1375)
    191 (8.53155, 23.293) -> 2110 (7.47751, 21.8575)
    192 (17.8251, 16.916) -> 3845 (17.7678, 15.5913)
    193 (12.7, -29.7604) -> 3537 (12.0449, -28.4594)
    194 (18.425, 7.26007) -> 3711 (17.9825, 7.62737)
    195 (17.2022, -38.8773) -> 3102 (16.5211, -37.8439)
    196 (18.1232, -27.2831) -> 3476 (18.0023, -25.9131)
    197 (20.8269, -10.9618) -> 2687 (19.5046, -10.2249)
    198 (21.8491, -3.15312) -> 1870 (20.1519, -2.20364)
    199 (5.80769, -6.58081) -> 1099 (5.58993, -4.88551)
    200 (22.2926, -48.0646) -> 2433 (21.9266, -46.2501)
    201 (17.546, -16.4882) -> 2074 (16.5688, -15.2129)
    202 (9.65949, -44.1474) -> 1773 (9.49137, -43.4687)
    203 (12.5207, -25.0914) -> 1203 (12.3701, -23.7431)
    204 (10.7211, -44.5787) -> 3528 (10.451, -43.0453)
    205 (20.9082, 9.2932) -> 3978 (20.1288, 9.02983)
    206 (13.896, -10.6435) -> 3814 (13.0005, -8.98022)
    207 (9.9163, -4.86037) -> 2637 (9.40545, -3.26562)
    208 (11.8795, 17.3521) -> 3806 (10.7351, 16.6667)
    209 (12.8285, -41.908) -> 371 (12.6462, -40.2516)
    210 (2.52188, -25.9286) -> 1499 (2.88293, -24.1437)
    211 (20.2577, 20.1764) -> 2451 (19.0682, 19.6428)
    212 (16.4256, 7.31075) -> 1006 (15.7481, 7.26158)
    213 (3.51738, -46.019) -> 3620 (3.38344, -45.2827)
    214 (2.87457, 2.44204) -> 1879 (2.6466, 3.92311)
    215 (10.6942, -22.5271) -> 1558 (10.3791, -21.2095)
    216 (2.75098, -18.9124) -> 3680 (2.41221, -17.461)
    217 (17.3974, 17.3614) -> 3299 (17.311, 17.0033)
    218 (21.94, 7.57986) -> 3377 (20.3911, 7.65358)
    219 (11.1925, 19.6503) -> 3515 (10.8618, 18.8905)
    220 (15.5687, 23.227) -> 1828 (15.1981, 23.0762)
    221 (4.21521, -16.4136) -> 3429 (4.15958, -14.695)
    222 (7.39513, -27.4846) -> 2094 (6.60645, -26.065)
    223 (5.42169, -25.7726) -> 33 (6.16448, -24.3441)
    224 (13.5538, -36.8282) -> 2749 (13.8479, -36.2418)
    225 (20.2173, 15.559) -> 3611 (20.0851, 14.78)
    226 (12.9069, -36.3264) -> 3618 (12.3601, -34.8557)
    227 (2.70919, -37.4238) -> 2914 (3.3814, -35.6684)
    228 (7.32017, -22.4646) -> 3801 (7.35848, -21.4861)
    229 (1.10995, 4.0463) -> 2187 (1.26526, 5.86204)
    230 (22.7844, 18.9306) -> 3760 (23.1509, 18.8881)
    231 (12.0713, -24.4357) -> 2392 (11.1979, -23.2247)
    232 (17.8487, -21.5508) -> 2799 (16.4687, -20.4363)
    233 (21.6969, -48.8896) -> 3902 (20.868, -47.5842)
    234 (7.22988, -35.3294) -> 1866 (7.01894, -34.4334)
    235 (22.0561, -42.3306) -> 3799 (21.4668, -41.1839)
    236 (22.1504, -1.17595) -> 2931 (22.0618, -1.02949)
    237 (4.19057, -1.04644) -> 1150 (3.83066, 0.479079)
    238 (9.47718, -35.6719) -> 3196 (9.11577, -34.4414)
    239 (15.0375, -45.8981) -> 3229 (14.3993, -44.6745)
    240 (13.9268, -43.7198) -> 2200 (13.6077, -42.0616)
    241 (10.3495, 8.16722) -> 3468 (9.62506, 8.81208)
    242 (6.12653, -34.2968) -> 1720 (7.14912, -32.9212)
    243 (16.0685, 6.74679) -> 3753 (15.2784, 6.88181)
    244 (10.2048, -46.5109) -> 1882 (10.3795, -45.2038)
    245 (2.99197, -44.0893) -> 3110 (3.25215, -42.2741)
    246 (2.04668, 22.7038) -> 1149 (1.7224, 20.8712)
    247 (10.0978, 4.69307) -> 1663 (9.44244, 5.61965)
    248 (19.5394, -16.6501) -> 3642 (18.7189, -15.3379)
    249 (16.189, -37.1529) -> 3273 (16.2063, -36.5698)
    250 (14.7556, -26.9733) -> 3306 (14.5393, -26.5899)
    251 (7.44358, 15.3005) -> 3156 (6.65958, 14.7096)
    252 (16.3645, -46.058) -> 3658 (16.1855, -44.2399)
    253 (11.6732, -32.7084) -> 2220 (11.5667, -31.2904)
    254 (1.28361, -17.6967) -> 2910 (1.30837, -15.9492)
    255 (9.21509, 7.67345) -> 2189 (7.4917, 8.09674)
    256 (10.3897, -10.0907) -> 3639 (10.3219, -8.23298)
    257 (21.7195, -20.8673) -> 1209 (20.9258, -19.9499)
    258 (8.48095, -28.8438) -> 2996 (8.80888, -27.692)
    259 (22.9051, -31.299) -> 3036 (21.9922, -29.5914)
    260 (14.9148, -13.5149) -> 1626 (14.3999, -12.31)
    261 (10.5222, -33.1355) -> 3717 (10.4246, -31.1861)
    262 (18.2299, 14.9433) -> 3259 (17.5917, 14.7336)
    263 (3.40144, -37.4402) -> 2914 (3.3814, -35.6684)
    264 (9.42541, -43.5827) -> 3546 (9.31316, -42.1266)
    265 (18.4725, 10.8331) -> 91 (17.6448, 10.7489)
    266 (22.3578, 7.51895) -> 3377 (20.3911, 7.65358)
    267 (5.24346, -11.6715) -> 590 (4.84434, -10.3443)
    268 (23.4381, -40.8849) -> 2328 (23.6542, -39.2312)
    269 (9.73201, 0.17766) -> 3780 (9.14319, 1.36824)
    270 (7.22202, -4.79009) -> 2659 (6.73435, -4.24429)
    271 (19.5997, -46.4637) -> 108 (18.5022, -45.0435)
    272 (23.7368, 0.0420431) -> 3076 (22.0752, 0.193933)
    273 (22.5329, -22.111) -> 2014 (21.7215, -21.3146)
    274 (2.15615, -10.4927) -> 3215 (2.70557, -9.72774)
    275 (24.385, -21.356) -> 2305 (23.7439, -20.6683)
    276 (23.7536, -33.1101) -> 3748 (23.6434, -32.3558)
    277 (6.23157, -44.9881) -> 3238 (6.23627, -44.9764)
    278 (10.8501, -43.375) -> 2798 (10.7426, -41.3939)
    279 (10.3208, -36.4677) -> 3206 (10.3029, -34.9769)
    280 (9.05488, 8.816) -> 2600 (7.28557, 9.50691)
    281 (5.37714, -15.4376) -> 3360 (4.86966, -14.5669)
    282 (3.72925, 4.06773) -> 2769 (3.79366, 4.57699)
    283 (18.0772, -36.4933) -> 2500 (17.1347, -35.0429)
    284 (16.3471, -44.4536) -> 3658 (16.1855, -44.2399)
    285 (23.3991, -28.4323) -> 3103 (23.0109, -26.9903)
    286 (11.375, -41.4759) -> 3651 (11.569, -41.3118)
    287 (1.15491, 14.2535) -> 0 (1, 15)
    288 (24.3415, -0.720608) -> 1875 (24.2077, -0.768456)
    289 (11.4479, -16.1616) -> 2410 (10.6885, -15.0861)
    290 (24.3443, -25.9988) -> 1666 (23.741, -24.7955)
    291 (9.16428, -2.14973) -> 3065 (8.3429, -0.604938)
    292 (13.8659, -5.49218) -> 3945 (13.0097, -4.61403)
    293 (12.6485, -24.724) -> 1203 (12.3701, -23.7431)
    294 (0.71701, -37.2471) -> 3931 (1.04511, -36.1806)
    295 (15.2486, 16.6288) -> 3185 (14.9574, 16.0874)
    296 (5.22619, -28.4084) -> 1386 (4.52931, -26.6356)
    297 (18.0832, 20.0622) -> 1917 (17.5134, 19.7203)
    298 (5.08946, -32.0567) -> 2885 (5.54982, -30.6297)
    299 (21.0164, -31.9571) -> 3511 (19.9846, -30.2504)
    300 (12.7225, -1.47742) -> 3550 (11.935, -0.499532)
    301 (18.8349, 14.0632) -> 3284 (17.9279, 12.6618)
    302 (16.0931, -46.8424) -> 2507 (15.326, -45.1308)
    303 (11.9329, -41.4325) -> 2640 (12.2626, -39.7167)
    304 (11.3046, 8.24255) -> 2357 (10.1297, 8.7581)
    305 (14.591, -17.4375) -> 1097 (13.461, -15.9826)
    306 (9.37004, -43.3747) -> 3546 (9.31316, -42.1266)
    307 (2.83291, -12.0882) -> 3850 (3.03211, -10.9562)
    308 (22.5703, 5.53028) -> 2302 (21.1882, 6.66714)
    309 (9.07889, -47.7778) -> 3864 (9.1881, -47.3645)
    310 (11.3144, 7.20198) -> 1446 (10.7963, 8.07304)
    311 (1.83358, 12.273) -> 2095 (1.52019, 12.5282)
    312 (17.2645, -48.4635) -> 3789 (17.4294, -46.8279)
    313 (13.9441, -36.2269) -> 2749 (13.8479, -36.2418)
    314 (13.473, -41.808) -> 2868 (13.4672, -41.0203)
    315 (22.6446, -11.7961) -> 3903 (21.4296, -11.0357)
    316 (17.1709, -34.7104) -> 3701 (16.9201, -33.2797)
    317 (11.1343, -12.7215) -> 3166 (10.2808, -11.5652)
    318 (17.574, -17.7112) -> 3876 (16.5328, -16.2334)
    319 (24.1002, -31.6467) -> 3132 (23.4223, -30.6662)
    320 (17.701, -7.92167) -> 2227 (16.7367, -7.22285)
    321 (5.37722, 8.00643) -> 815 (4.76883, 9.02019)
    322 (16.3949, -37.8542) -> 3273 (16.2063, -36.5698)
    323 (19.3209, 13.4944) -> 3177 (18.449, 12.7188)
    324 (15.1476, -38.3296) -> 3322 (14.7678, -37.6638)
    325 (19.8265, -5.73711) -> 2160 (18.6766, -4.6904)
    326 (3.47664, -39.2243) -> 3135 (3.53034, -39.0486)
    327 (10.4233, -14.7896) -> 2324 (9.27392, -13.5991)
    328 (3.47443, -42.3741) -> 2965 (3.75345, -40.4517)
    329 (0.401239, 23.705) -> 3974 (0.379147, 22.9387)
    330 (23.4462, -44.2888) -> 2789 (23.6084, -42.6568)
    331 (20.2057, -47.202) -> 271 (19.5997, -46.4637)
    332 (9.59611, 9.82062) -> 2354 (8.23555, 9.91376)
    333 (9.49833, 18.0004) -> 8 (8.24718, 17.6462)
    334 (3.58205, -8.18735) -> 2701 (3.60569, -6.81744)
    335 (12.5001, -7.76564) -> 2531 (12.4563, -7.17427)
    336 (8.39019, -13.375) -> 2584 (8.38904, -12.4223)
    337 (11.4741, -34.4934) -> 2880 (10.9878, -32.8911)
    338 (20.9809, -8.81741) -> 1548 (19.9034, -8.45599)
    339 (6.75265, 4.98863) -> 3392 (5.63247, 6.08741)
    340 (1.69334, 10.2759) -> 1634 (1.59511, 12.0648)
    341 (12.0677, -31.2896) -> 3986 (11.7652, -30.3888)
    342 (24.3929, 6.35376) -> 3242 (23.7365, 6.19784)
    343 (24.4643, 17.8454) -> 1683 (24.455, 17.8032)
    344 (3.59924, -19.6225) -> 3846 (3.5943, -19.0747)
    345 (24.2323, -39.0493) -> 2240 (24.2253, -38.8884)
    346 (0.873417, 8.92066) -> 2627 (0.974204, 10.0127)
    347 (17.1876, -42.3135) -> 2919 (16.3153, -41.0361)
    348 (24.4932, -45.9928) -> 3950 (24.5829, -45.0364)
    349 (1.29948, -43.0237) -> 2558 (2.46369, -41.9838)
    350 (0.664873, -28.9806) -> 3512 (1.01001, -27.1761)
    351 (22.974, -43.2165) -> 3247 (22.4511, -42.4469)
    352 (22.0241, -12.5282) -> 3903 (21.4296, -11.0357)
    353 (11.9268, -42.7208) -> 3651 (11.569, -41.3118)
    354 (12.6685, -46.9985) -> 123 (13.2139, -45.7766)
    355 (11.3788, 18.2279) -> 3967 (10.7646, 17.9037)
    356 (16.2067, -25.9892) -> 3385 (16.0465, -25.9205)
    357 (10.7245, -18.0917) -> 3918 (9.73777, -16.6632)
    358 (9.96232, -20.1072) -> 3591 (10.0564, -18.8597)
    359 (9.6814, -19.7332) -> 3031 (8.92977, -18.1855)
    360 (20.7788, -40.7916) -> 2589 (21.0198, -39.5841)
    361 (14.1302, -42.0128) -> 3583 (13.686, -40.4238)
    362 (2.58341, -45.7519) -> 2487 (2.85402, -45.0383)
    363 (24.3448, -41.8) -> 2156 (24.3066, -40.8215)
    364 (8.3016, -17.6387) -> 3982 (8.0805, -16.8032)
    365 (17.358, 20.4061) -> 1917 (17.5134, 19.7203)
    366 (13.4629, -48.834) -> 413 (13.2443, -47.1795)
    367 (10.0568, 5.31881) -> 2763 (9.84588, 5.66965)
    368 (4.96226, -37.0744) -> 3627 (4.66252, -36.3933)
    369 (21.858, -9.45171) -> 1547 (20.8352, -7.96978)
    370 (9.17947, -17.1188) -> 999 (8.40077, -15.3036)
    371 (12.6462, -40.2516) -> 3001 (11.9121, -38.477)
    372 (2.62037, -47.8066) -> 1443 (3.25099, -46.0228)
    373 (20.1679, 18.2022) -> 128 (19.5266, 18.3085)
    374 (1.78964, 15.6943) -> 0 (1, 15)
    375 (22.5804, 17.4829) -> 3317 (21.4713, 16.0731)
    376 (16.1941, -20.7134) -> 3253 (15.5233, -19.4352)
    377 (24.0988, 0.170013) -> 1951 (23.1423, 1.25483)
    378 (12.7751, -10.2941) -> 2054 (12.1137, -8.49558)
    379 (2.78178, -44.3903) -> 2790 (2.52678, -42.5474)
    380 (20.0585, -25.4757) -> 3714 (19.9706, -25.3876)
    381 (2.80777, -6.53811) -> 3162 (2.98269, -4.58318)
    382 (22.4336, -10.3721) -> 2506 (21.4691, -9.30753)
    383 (18.073, 7.54846) -> 3711 (17.9825, 7.62737)
    384 (22.787, -28.6908) -> 3103 (23.0109, -26.9903)
    385 (20.053, -36.1833) -> 1907 (19.8821, -34.496)
    386 (2.49754, -15.0756) -> 1610 (3.22921, -13.929)
    387 (6.16192, -22.5945) -> 1645 (6.53818, -22.2452)
    388 (20.2762, -30.0991) -> 1938 (19.067, -28.8242)
    389 (23.8592, -21.8606) -> 3105 (22.3295, -21.1658)
    390 (21.094, -17.9084) -> 2702 (19.6599, -16.6506)
    391 (7.32798, -26.575) -> 1788 (6.15494, -25.4692)
    392 (1.18778, -43.1861) -> 2558 (2.46369, -41.9838)
    393 (15.8045, -5.98392) -> 3085 (15.6637, -5.48838)
    394 (21.677, 21.5855) -> 3475 (20.8599, 20.517)
    395 (1.83782, -23.8522) -> 3083 (2.57207, -22.7407)
    396 (20.2077, 7.37233) -> 2203 (18.8195, 7.31972)
    397 (1.23937, -6.06166) -> 3493 (0.965903, -4.29584)
    398 (5.11507, -1.20176) -> 3264 (4.97869, 0.0964553)
    399 (4.83339, -26.0032) -> 2683 (4.70865, -25.6555)
    400 (8.24213, -32.5781) -> 2963 (7.96383, -31.6953)
    401 (20.5986, 0.0856903) -> 3791 (19.5248, 0.831957)
    402 (0.811614, 21.5831) -> 1674 (0.787462, 19.9957)
    403 (16.6632, -4.17764) -> 3794 (15.6422, -2.71427)
    404 (7.04899, -1.5311) -> 2452 (7.36244, -0.272186)
    405 (9.23945, -18.3408) -> 2554 (8.78271, -16.8057)
    406 (1.95927, 20.256) -> 928 (1.39292, 18.5577)
    407 (13.8855, -24.5716) -> 2686 (13.6023, -23.5861)
    408 (3.24681, -24.476) -> 3083 (2.57207, -22.7407)
    409 (3.42294, -14.02) -> 3509 (3.37105, -12.8011)
    410 (21.533, -23.3513) -> 3934 (20.8868, -21.8842)
    411 (10.3738, -12.0586) -> 3244 (9.67276, -10.9129)
    412 (15.2336, 22.7881) -> 1983 (13.6668, 22.3737)
    413 (13.2443, -47.1795) -> 123 (13.2139, -45.7766)
    414 (10.0546, -16.9453) -> 2018 (9.83989, -15.2549)
    415 (3.82224, -0.266296) -> 3413 (3.74928, 1.72724)
    416 (4.18296, -45.5823) -> 3405 (4.33189, -44.8137)
    417 (3.71259, 7.08236) -> 3941 (3.07426, 7.47271)
    418 (14.4114, -30.8333) -> 2946 (13.5388, -29.5557)
    419 (8.38782, 18.1067) -> 3579 (6.92419, 17.7961)
    420 (4.60801, 12.3322) -> 3487 (3.31062, 11.9258)
    421 (10.9044, -0.774855) -> 1993 (10.5759, -0.270228)
    422 (2.81291, -21.2741) -> 3605 (3.20056, -20.266)
    423 (0.269647, -4.00159) -> 3148 (1.20377, -3.61288)
    424 (7.66044, 11.2255) -> 3087 (7.05212, 11.6449)
    425 (18.5943, -34.4685) -> 3778 (18.7659, -34.1635)
    426 (22.0023, 14.6571) -> 3960 (21.4439, 13.6092)
    427 (22.7606, 8.15916) -> 2051 (20.853, 7.68797)
    428 (19.4402, -49.8994) -> 2977 (19.5498, -47.9394)
    429 (0.954204, -20.5357) -> 3743 (1.65702, -19.4303)
    430 (9.25306, -38.6804) -> 3048 (9.35156, -37.2902)
    431 (13.7634, -42.6372) -> 3676 (13.7529, -41.291)
    432 (4.6707, -21.6485) -> 2472 (4.22964, -19.996)
    433 (20.0719, 22.5438) -> 3852 (19.685, 21.5403)
    434 (17.4763, -19.2608) -> 798 (16.2585, -18.3806)
    435 (12.7741, -42.9611) -> 3422 (12.6075, -41.6739)
    436 (3.41387, -31.9449) -> 120 (3.71625, -31.129)
    437 (9.41322, -41.806) -> 3817 (9.11234, -40.636)
    438 (20.1781, -3.79366) -> 3388 (20.1158, -3.23911)
    439 (12.9225, -22.9655) -> 3019 (12.9618, -20.9988)
    440 (21.4742, -39.0847) -> 3272 (21.1418, -37.2657)
    441 (8.83871, -48.3963) -> 3864 (9.1881, -47.3645)
    442 (12.7392, 9.51665) -> 3685 (11.732, 9.87502)
    443 (3.85608, -39.8712) -> 3135 (3.53034, -39.0486)
    444 (23.9955, 17.7023) -> 3270 (23.0931, 16.2374)
    445 (1.64033, -32.8694) -> 3129 (2.28894, -31.0193)
    446 (6.91113, -23.9983) -> 1645 (6.53818, -22.2452)
    447 (22.7544, -31.9412) -> 3895 (22.0965, -31.0608)
    448 (19.7886, 10.5834) -> 2345 (19.6372, 10.5983)
    449 (7.76159, 11.0558) -> 3241 (6.9628, 11.0876)
    450 (11.808, -32.4937) -> 2220 (11.5667, -31.2904)
    451 (5.40886, 18.6804) -> 1988 (4.71261, 17.6821)
    452 (9.66619, -1.34251) -> 3348 (8.58397, 0.304622)
    453 (19.0583, 24.2679) -> 3318 (19.2473, 23.7473)
    454 (12.5382, -1.16125) -> 3550 (11.935, -0.499532)
    455 (21.0311, -23.376) -> 2606 (20.3091, -22.3463)
    456 (10.2661, -6.13358) -> 2937 (10.05, -5.45686)
    457 (7.48143, -39.9892) -> 3033 (7.70325, -38.1884)
    458 (24.9045, -41.0829) -> 3448 (24.5736, -39.8768)
    459 (4.69996, 13.292) -> 3321 (3.63258, 12.7086)
    460 (14.8259, -23.2389) -> 1913 (14.3531, -21.8875)
    461 (22.6484, -16.65) -> 3491 (22.179, -15.2229)
    462 (19.9244, -47.0228) -> 271 (19.5997, -46.4637)
    463 (24.5782, -34.8007) -> 276 (23.7536, -33.1101)
    464 (9.88384, -35.6939) -> 523 (9.63187, -33.7565)
    465 (7.04751, -49.286) -> 3431 (7.00102, -47.8726)
    466 (13.5446, -28.9309) -> 3319 (12.707, -27.8458)
    467 (21.8169, -47.8293) -> 2308 (21.7515, -47.4797)
    468 (12.9368, -1.41715) -> 3550 (11.935, -0.499532)
    469 (18.2846, -6.12588) -> 2222 (17.7253, -5.50474)
    470 (10.365, -25.6202) -> 3592 (10.6773, -24.051)
    471 (7.56026, -13.2864) -> 1168 (7.86572, -11.858)
    472 (3.20898, -25.6245) -> 3893 (3.5656, -24.4345)
    473 (19.9133, -20.5782) -> 3865 (19.4404, -19.0388)
    474 (1.85273, -42.6815) -> 2558 (2.46369, -41.9838)
    475 (1.41965, -2.84257) -> 1293 (2.58696, -1.28773)
    476 (5.51676, -16.282) -> 3928 (5.70213, -14.7414)
    477 (21.2078, 10.3486) -> 2345 (19.6372, 10.5983)
    478 (17.7449, -42.4313) -> 2244 (17.0807, -40.6322)
    479 (19.7128, 24.0013) -> 2150 (19.0715, 22.2088)
    480 (7.65337, 19.1069) -> 6 (6.25655, 17.8396)
    481 (6.53931, -43.2159) -> 3898 (7.2643, -41.4853)
    482 (11.4158, -30.0952) -> 3821 (11.3468, -29.2848)
    483 (24.0164, -47.948) -> 3084 (23.5881, -46.5955)
    484 (16.5458, 7.74687) -> 3671 (14.6866, 8.43678)
    485 (5.98351, -3.57596) -> 2517 (5.61763, -1.94124)
    486 (8.97707, -20.5527) -> 2591 (9.24345, -19.3818)
    487 (0.347944, 13.3266) -> 0 (1, 15)
    488 (16.4333, -46.6971) -> 3131 (15.7594, -44.9029)
    489 (5.30499, -47.6429) -> 2528 (5.06327, -46.7772)
    490 (10.5888, -8.10393) -> 2493 (9.91887, -6.30571)
    491 (18.26, -33.4638) -> 3576 (18.0301, -32.9694)
    492 (11.7064, 4.60973) -> 3767 (10.4279, 5.31117)
    493 (3.99414, -40.7213) -> 3135 (3.53034, -39.0486)
    494 (12.8348, 19.7993) -> 18 (11.8245, 18.7499)
    495 (13.3159, 16.4845) -> 3826 (13.4197, 16.1519)
    496 (11.612, -49.5916) -> 3082 (11.2394, -47.6428)
    497 (13.0926, 0.76037) -> 1215 (11.5372, 1.27663)
    498 (23.9503, 16.4755) -> 805 (23.4931, 15.5945)
    499 (7.96824, -49.6516) -> 1976 (7.55847, -47.8097)
    500 (20.3772, -27.1674) -> 3714 (19.9706, -25.3876)
    501 (12.4694, -12.9055) -> 3434 (11.6502, -11.9285)
    502 (9.24084, 8.88278) -> 3274 (7.59748, 9.20837)
    503 (12.4465, -24.267) -> 1203 (12.3701, -23.7431)
    504 (2.30209, -37.4654) -> 2951 (2.85418, -35.8821)
    505 (7.41458, -28.0092) -> 3715 (6.84787, -27.1572)
    506 (14.5749, 7.64764) -> 2973 (12.7772, 7.88836)
    507 (18.2158, 15.4822) -> 3259 (17.5917, 14.7336)
    508 (23.8831, 13.9769) -> 3459 (23.2326, 13.2704)
    509 (21.2837, -45.7301) -> 2162 (21.316, -43.9689)
    510 (2.36364, -11.7161) -> 3035 (2.96125, -9.86222)
    511 (0.985497, -48.8997) -> 3333 (1.00889, -48.7176)
    512 (23.2976, -48.4577) -> 3686 (22.9132, -47.2017)
    513 (11.7328, -27.1619) -> 2537 (11.3841, -25.534)
    514 (17.8671, 9.03226) -> 3165 (16.971, 9.23654)
    515 (23.4733, -35.4429) -> 1985 (23.0764, -33.7069)
    516 (7.42321, -42.8777) -> 3479 (7.52677, -41.2506)
    517 (3.54711, 10.5206) -> 93 (2.18333, 11.7256)
    518 (21.2494, -6.16694) -> 3961 (20.2535, -4.69981)
    519 (22.6899, -48.5071) -> 2308 (21.7515, -47.4797)
    520 (5.616, 5.28278) -> 1921 (5.21535, 6.2031)
    521 (23.5989, 12.5182) -> 2344 (21.7017, 12.3394)
    522 (6.35499, 12.8725) -> 2732 (5.67626, 12.6798)
    523 (9.63187, -33.7565) -> 2743 (9.50885, -32.7149)
    524 (21.9758, -17.6649) -> 3293 (21.3068, -16.4695)
    525 (18.7332, -34.7323) -> 3778 (18.7659, -34.1635)
    526 (13.6789, -18.2111) -> 3430 (12.9967, -16.8353)
    527 (19.8417, -31.1705) -> 3926 (19.3233, -29.896)
    528 (6.70262, -40.2246) -> 3275 (6.19128, -38.3429)
    529 (17.7958, -3.80078) -> 3653 (16.1775, -3.24745)
    530 (10.7521, -20.0711) -> 3995 (10.1989, -18.2482)
    531 (8.44022, -38.7343) -> 3298 (8.75891, -38.2121)
    532 (1.07292, -48.7287) -> 1088 (1.93017, -47.0003)
    533 (10.3589, 5.58796) -> 2576 (9.84778, 5.87792)
    534 (15.1104, -48.1962) -> 2400 (15.1707, -46.742)
    535 (21.8251, 4.27637) -> 1392 (19.9465, 4.8863)
    536 (1.89303, 22.7544) -> 1149 (1.7224, 20.8712)
    537 (23.9282, 5.77444) -> 1631 (22.3365, 6.09468)
    538 (18.2513, 14.3798) -> 3284 (17.9279, 12.6618)
    539 (10.4895, -13.546) -> 3233 (10.1128, -12.7553)
    540 (16.4034, 21.7752) -> 3024 (16.1006, 20.2989)
    541 (16.2048, -26.7414) -> 3258 (15.3293, -25.7589)
    542 (10.3223, -20.6969) -> 3591 (10.0564, -18.8597)
    543 (14.3371, 15.7093) -> 2081 (14.4174, 14.3085)
    544 (18.9827, -25.2737) -> 2819 (19.4669, -24.2382)
    545 (24.0165, -15.1911) -> 3570 (22.9192, -14.4812)
    546 (15.265, 4.91528) -> 2771 (14.355, 5.50202)
    547 (10.7675, -12.0879) -> 3166 (10.2808, -11.5652)
    548 (7.72455, -5.12444) -> 3060 (7.2178, -3.42934)
    549 (16.4127, -19.7416) -> 2395 (15.254, -18.5049)
    550 (11.5365, -12.2382) -> 2671 (11.3965, -11.6687)
    551 (0.430676, 2.71285) -> 180 (1.72329, 3.97613)
    552 (14.9718, -20.6462) -> 3199 (13.981, -19.5434)
    553 (6.51262, 15.4093) -> 3456 (5.59065, 14.196)
    554 (5.15418, 10.4164) -> 1778 (3.38402, 11.2432)
    555 (20.4375, 12.2188) -> 2603 (19.4486, 11.9639)
    556 (23.086, -7.43757) -> 2754 (22.167, -6.52878)
    557 (23.7516, -32.1578) -> 3132 (23.4223, -30.6662)
    558 (20.1201, -36.0055) -> 1907 (19.8821, -34.496)
    559 (5.00573, -2.23325) -> 3039 (4.2845, -0.523715)
    560 (20.1, -9.68367) -> 1529 (19.0596, -8.42235)
    561 (21.0621, -38.6532) -> 3272 (21.1418, -37.2657)
    562 (14.6471, -43.0127) -> 3786 (14.0859, -41.3367)
    563 (19.0544, 10.9424) -> 2927 (18.5795, 10.8508)
    564 (24.6675, -35.999) -> 2772 (24.8133, -34.8977)
    565 (15.8305, -42.011) -> 78 (15.0413, -40.3369)
    566 (18.661, 13.6317) -> 3284 (17.9279, 12.6618)
    567 (23.4048, -1.38858) -> 2931 (22.0618, -1.02949)
    568 (24.3256, 19.1342) -> 3964 (23.4958, 18.3315)
    569 (21.4554, 23.0971) -> 2956 (21.2936, 21.8522)
    570 (17.8068, -1.80081) -> 2565 (17.5572, -0.865151)
    571 (10.42, 22.3737) -> 1130 (9.17131, 21.2516)
    572 (20.7145, 0.816154) -> 2088 (20.2958, 1.32257)
    573 (13.7266, -39.5911) -> 1042 (13.2546, -37.9187)
    574 (22.0233, -43.2472) -> 1933 (20.9605, -41.7217)
    575 (3.66894, -26.3762) -> 3893 (3.5656, -24.4345)
    576 (19.8953, 11.458) -> 2927 (18.5795, 10.8508)
    577 (13.568, 8.48889) -> 1222 (11.7919, 9.03329)
    578 (10.5189, -27.3365) -> 3336 (10.8446, -25.4653)
    579 (7.21747, -7.62473) -> 963 (6.60277, -6.44602)
    580 (15.7461, -40.3229) -> 2888 (15.5198, -39.2453)
    581 (17.6342, -13.184) -> 3460 (17.6286, -12.2496)
    582 (12.515, -9.98385) -> 2054 (12.1137, -8.49558)
    583 (5.62941, 18.2484) -> 3 (4.45207, 16.9771)
    584 (6.38079, -23.9709) -> 1645 (6.53818, -22.2452)
    585 (4.47948, -25.7055) -> 2704 (4.57437, -25.2924)
    586 (15.6168, 19.4339) -> 3445 (15.0842, 17.9161)
    587 (21.4356, -11.4808) -> 3903 (21.4296, -11.0357)
    588 (4.45316, -0.561792) -> 3393 (4.27502, 0.371309)
    589 (5.54535, -12.9727) -> 2530 (5.94358, -11.3213)
    590 (4.84434, -10.3443) -> 3521 (4.22557, -8.53784)
    591 (23.2164, 14.9309) -> 659 (22.5274, 14.1141)
    592 (22.9579, -4.93516) -> 2706 (21.5539, -3.55676)
    593 (6.1029, 1.51753) -> 1871 (6.03601, 3.05226)
    594 (10.8692, -1.53114) -> 1993 (10.5759, -0.270228)
    595 (22.9493, 16.4717) -> 3508 (22.6082, 16.2377)
    596 (22.6925, 24.2271) -> 2992 (22.9128, 23.8477)
    597 (16.4839, 8.471) -> 3671 (14.6866, 8.43678)
    598 (3.08113, -49.1617) -> 2307 (3.3831, -47.6314)
    599 (9.01976, -19.4196) -> 3031 (8.92977, -18.1855)
    600 (11.4725, -27.5393) -> 1953 (10.9315, -25.9307)
    601 (22.6482, -32.3021) -> 3895 (22.0965, -31.0608)
    602 (16.8065, -38.4552) -> 3273 (16.2063, -36.5698)
    603 (2.40953, -44.0785) -> 3169 (2.42799, -43.7088)
    604 (17.932, 19.059) -> 2869 (16.7073, 17.9328)
    605 (8.23998, -44.2253) -> 516 (7.42321, -42.8777)
    606 (18.0452, 0.184925) -> 3820 (16.5502, 1.07993)
    607 (15.4196, -17.2336) -> 3160 (14.3496, -15.8145)
    608 (11.6337, 23.9634) -> 1304 (10.6682, 22.8479)
    609 (22.4634, -0.273728) -> 2382 (21.0151, 1.09326)
    610 (6.96162, 7.67332) -> 2871 (5.82598, 9.04804)
    611 (5.79733, -20.8162) -> 1127 (6.0329, -18.9811)
    612 (14.092, -42.7981) -> 3676 (13.7529, -41.291)
    613 (17.6268, -44.4112) -> 2172 (16.831, -42.6042)
    614 (10.9116, -34.5031) -> 3661 (10.7879, -32.8503)
    615 (10.1558, -39.0707) -> 3807 (9.65397, -37.3905)
    616 (21.9235, -24.6437) -> 2632 (20.7027, -23.0682)
    617 (20.6131, -7.09073) -> 3608 (19.4571, -6.70444)
    618 (11.5356, -10.1901) -> 2045 (10.7306, -8.60234)
    619 (7.18503, -44.6599) -> 2758 (7.30337, -43.049)
    620 (1.6242, 19.8518) -> 928 (1.39292, 18.5577)
    621 (5.05041, 5.11696) -> 3750 (4.95327, 6.02216)
    622 (23.8292, -24.332) -> 3805 (22.6936, -23.0368)
    623 (2.32665, -37.6109) -> 2951 (2.85418, -35.8821)
    624 (6.14305, -28.1585) -> 3694 (6.15738, -26.5895)
    625 (19.9473, 16.0038) -> 2896 (18.7969, 14.5057)
    626 (19.8382, -40.5721) -> 1815 (19.6217, -38.9747)
    627 (14.1631, 23.4816) -> 3616 (13.3295, 22.4717)
    628 (0.0232992, 14.3361) -> 0 (1, 15)
    629 (10.4675, 22.7782) -> 1414 (8.99718, 22.3445)
    630 (21.6179, -20.4805) -> 2449 (20.4167, -18.9705)
    631 (21.6173, -41.6139) -> 3799 (21.4668, -41.1839)
    632 (4.19928, -32.2557) -> 3397 (4.76352, -31.4617)
    633 (23.2923, -13.6542) -> 352 (22.0241, -12.5282)
    634 (1.45455, -19.4225) -> 2984 (1.15364, -17.6138)
    635 (7.40226, -46.0135) -> 619 (7.18503, -44.6599)
    636 (8.20513, -47.2877) -> 763 (7.8785, -46.0692)
    637 (13.5126, -18.63) -> 3430 (12.9967, -16.8353)
    638 (8.03183, -0.0771814) -> 3054 (7.57394, 1.75295)
    639 (6.51326, -5.53431) -> 1441 (6.17138, -5.10067)
    640 (9.84574, -15.0274) -> 2324 (9.27392, -13.5991)
    641 (3.46532, -0.258649) -> 3496 (3.26336, 1.0021)
    642 (20.8138, 6.5471) -> 3839 (20.266, 6.71542)
    643 (10.4662, -6.24921) -> 3889 (10.322, -5.82817)
    644 (12.3379, 4.96103) -> 3334 (11.161, 5.49093)
    645 (11.482, -25.1653) -> 3559 (11.139, -23.8798)
    646 (22.3206, -37.4555) -> 2886 (22.1107, -35.7726)
    647 (4.94864, -9.52791) -> 3796 (5.22796, -8.27708)
    648 (24.7312, -43.8867) -> 3292 (24.7978, -42.312)
    649 (17.6932, -5.87718) -> 2785 (17.1741, -5.52731)
    650 (7.53133, -48.5995) -> 1976 (7.55847, -47.8097)
    651 (22.4682, 11.2469) -> 3922 (21.1838, 11.0081)
    652 (20.4505, -9.40659) -> 1548 (19.9034, -8.45599)
    653 (17.7101, -26.6229) -> 848 (17.1219, -24.9894)
    654 (3.13258, -9.67634) -> 2989 (3.44124, -9.44163)
    655 (24.6059, -37.4522) -> 3690 (24.0395, -36.6929)
    656 (3.3624, -44.6736) -> 3351 (3.47207, -43.9237)
    657 (10.1108, 8.2834) -> 3468 (9.62506, 8.81208)
    658 (0.77591, 9.47609) -> 2627 (0.974204, 10.0127)
    659 (22.5274, 14.1141) -> 3960 (21.4439, 13.6092)
    660 (13.4145, 1.48408) -> 3028 (12.3686, 2.28884)
    661 (6.32153, 20.4113) -> 1597 (4.8296, 19.7543)
    662 (23.4592, -4.79823) -> 2412 (22.1274, -3.84223)
    663 (11.3091, 7.16483) -> 2761 (11.011, 7.20457)
    664 (8.00712, -13.5797) -> 1168 (7.86572, -11.858)
    665 (6.9732, 22.16) -> 2195 (5.92735, 20.5988)
    666 (2.91616, -12.307) -> 3850 (3.03211, -10.9562)
    667 (3.85359, -14.7516) -> 2805 (3.85032, -14.2623)
    668 (9.51959, -21.7234) -> 2549 (9.49189, -20.9868)
    669 (15.9023, 12.7285) -> 2575 (15.6867, 12.9527)
    670 (9.64242, -4.17811) -> 2801 (9.09462, -2.40473)
    671 (12.341, -36.9782) -> 2856 (12.0245, -35.2526)
    672 (20.45, 15.8594) -> 2467 (19.8859, 15.2313)
    673 (22.9688, -20.2295) -> 1228 (21.8958, -18.9586)
    674 (3.39015, 9.99011) -> 1877 (2.63026, 11.0941)
    675 (1.70091, -11.3326) -> 3628 (1.87705, -11.1789)
    676 (8.96115, -38.9218) -> 2104 (9.22932, -37.6021)
    677 (8.33521, -8.85183) -> 3227 (8.029, -8.27716)
    678 (18.873, 6.34684) -> 3446 (17.6096, 6.04342)
    679 (6.41887, 15.5881) -> 3456 (5.59065, 14.196)
    680 (7.54489, 20.4106) -> 1894 (6.78266, 19.507)
    681 (10.5865, 6.10524) -> 81 (10.26, 6.19139)
    682 (24.7215, 12.7541) -> 3617 (23.0501, 12.5034)
    683 (8.97038, -0.829064) -> 3565 (8.2847, 0.351095)
    684 (21.4267, 18.3192) -> 1476 (21.3274, 16.4358)
    685 (11.5733, -1.15747) -> 1993 (10.5759, -0.270228)
    686 (8.51251, -4.76437) -> 3060 (7.2178, -3.42934)
    687 (17.0976, 24.3732) -> 3840 (15.8185, 23.3893)
    688 (22.0104, 10.7872) -> 970 (21.1145, 10.6229)
    689 (9.27316, -31.737) -> 3656 (9.20764, -30.248)
    690 (11.9866, -42.7477) -> 3278 (12.0225, -41.6258)
    691 (17.2157, -35.7252) -> 3119 (17.1531, -35.182)
    692 (20.7759, -40.8336) -> 2589 (21.0198, -39.5841)
    693 (13.9822, -42.368) -> 3583 (13.686, -40.4238)
    694 (18.0143, -17.24) -> 2175 (17.3868, -16.0071)
    695 (16.3874, -17.8574) -> 3876 (16.5328, -16.2334)
    696 (2.40693, -26.6623) -> 3409 (2.20052, -25.0731)
    697 (24.1776, -1.79925) -> 3522 (22.9023, -0.554562)
    698 (12.8198, -12.2562) -> 2135 (11.8307, -10.7026)
    699 (11.1793, -4.37084) -> 2425 (10.3464, -2.83692)
    700 (16.6071, 21.3332) -> 3024 (16.1006, 20.2989)
    701 (21.355, -17.0216) -> 3951 (19.7957, -16.1764)
    702 (22.5406, 15.7294) -> 2155 (22.2181, 13.8749)
    703 (24.5153, -42.3968) -> 2156 (24.3066, -40.8215)
    704 (1.7696, -36.7808) -> 3931 (1.04511, -36.1806)
    705 (2.35754, -43.6814) -> 2790 (2.52678, -42.5474)
    706 (15.3912, -27.1376) -> 2633 (15.1474, -25.7307)
    707 (15.9103, -36.8128) -> 3061 (15.4636, -34.8642)
    708 (5.01542, -39.3322) -> 3553 (5.20615, -38.7583)
    709 (7.93261, 7.31687) -> 3624 (7.11107, 8.13748)
    710 (3.57329, -26.2038) -> 3893 (3.5656, -24.4345)
    711 (0.452322, -16.2571) -> 2414 (0.449512, -16.2289)
    712 (24.9095, -32.9918) -> 3578 (24.2428, -32.0138)
    713 (20.2217, -49.3705) -> 1691 (19.6776, -47.9711)
    714 (22.1651, 1.5858) -> 3488 (21.6845, 1.62937)
    715 (5.06894, 21.8896) -> 3910 (4.23618, 20.266)
    716 (20.2745, -35.5084) -> 1907 (19.8821, -34.496)
    717 (3.78428, 3.4249) -> 2769 (3.79366, 4.57699)
    718 (7.80357, -28.5924) -> 3715 (6.84787, -27.1572)
    719 (21.9724, -24.217) -> 1651 (21.4227, -23.2819)
    720 (16.2501, 9.55529) -> 3968 (14.2977, 9.3806)
    721 (11.2676, -36.362) -> 3206 (10.3029, -34.9769)
    722 (24.88, -7.49654) -> 3992 (23.6665, -6.13643)
    723 (2.40548, 10.1466) -> 3387 (1.80111, 11.3751)
    724 (16.8269, -49.1518) -> 3248 (16.434, -48.0585)
    725 (3.77513, -41.7926) -> 3849 (3.66552, -39.9046)
    726 (20.2607, 19.0357) -> 128 (19.5266, 18.3085)
    727 (0.124145, 23.0548) -> 3506 (0.406142, 21.2945)
    728 (17.9404, -42.0755) -> 3580 (17.8452, -41.5222)
    729 (10.0212, -30.1661) -> 2235 (9.56933, -28.5382)
    730 (24.3909, -2.29982) -> 2184 (22.858, -1.78344)
    731 (16.2267, 15.4882) -> 2667 (16.0457, 14.1137)
    732 (17.1364, -36.2917) -> 2500 (17.1347, -35.0429)
    733 (0.0460582, -27.6641) -> 2521 (0.113143, -25.8644)
    734 (19.776, -19.4707) -> 3865 (19.4404, -19.0388)
    735 (17.9439, 20.698) -> 1917 (17.5134, 19.7203)
    736 (12.4725, -33.68) -> 90 (12.298, -33.3317)
    737 (5.73514, -28.0216) -> 3694 (6.15738, -26.5895)
    738 (15.181, -47.2279) -> 2400 (15.1707, -46.742)
    739 (8.80732, 2.70413) -> 1520 (7.92582, 3.53449)
    740 (9.76074, 7.45933) -> 3702 (8.92204, 8.31173)
    741 (2.56901, -43.9898) -> 3169 (2.42799, -43.7088)
    742 (22.2899, -30.8968) -> 3036 (21.9922, -29.5914)
    743 (18.9785, -46.3628) -> 108 (18.5022, -45.0435)
    744 (16.9545, -44.7754) -> 3629 (16.6823, -42.868)
    745 (2.09992, -24.5582) -> 3083 (2.57207, -22.7407)
    746 (9.74023, -42.6666) -> 3861 (9.31228, -41.01)
    747 (1.45523, 17.2963) -> 902 (0.979748, 15.9498)
    748 (2.32209, -19.5066) -> 1757 (2.56713, -18.9955)
    749 (5.22156, -14.8289) -> 3023 (4.28493, -13.4311)
    750 (10.986, -49.0054) -> 3082 (11.2394, -47.6428)
    751 (8.25616, -37.9409) -> 3034 (7.84262, -37.066)
    752 (18.3509, -20.2793) -> 2052 (18.2358, -18.525)
    753 (3.92322, -18.8802) -> 3619 (4.18833, -17.198)
    754 (14.5895, -17.349) -> 1097 (13.461, -15.9826)
    755 (5.45856, -46.8828) -> 1412 (5.48335, -46.7724)
    756 (9.84629, -18.7445) -> 2654 (9.69417, -16.9975)
    757 (8.39266, -10.9829) -> 2288 (7.93997, -9.59351)
    758 (19.1121, -8.59851) -> 3040 (17.9663, -7.40665)
    759 (12.9847, 16.6384) -> 3936 (13.1484, 16.2514)
    760 (17.3015, -11.5358) -> 3947 (16.2464, -9.96303)
    761 (21.6406, 22.823) -> 2956 (21.2936, 21.8522)
    762 (6.38075, -22.7158) -> 1645 (6.53818, -22.2452)
    763 (7.8785, -46.0692) -> 619 (7.18503, -44.6599)
    764 (21.8644, -9.04598) -> 1547 (20.8352, -7.96978)
    765 (15.105, -5.23357) -> 3725 (14.7262, -3.42325)
    766 (19.5845, -4.96463) -> 3214 (19.2445, -4.0622)
    767 (12.9122, 19.9429) -> 18 (11.8245, 18.7499)
    768 (8.0015, 20.784) -> 1894 (6.78266, 19.507)
    769 (17.4192, -3.32558) -> 1662 (15.8489, -2.79945)
    770 (19.4571, -20.8584) -> 3865 (19.4404, -19.0388)
    771 (2.47981, -20.1329) -> 2241 (2.89409, -19.2563)
    772 (5.99588, -44.0746) -> 3869 (5.65439, -42.2839)
    773 (21.5344, -3.46017) -> 3388 (20.1158, -3.23911)
    774 (15.2127, 19.1436) -> 3445 (15.0842, 17.9161)
    775 (9.63089, -28.5901) -> 3371 (9.8538, -28.0328)
    776 (9.14541, -26.8441) -> 3637 (9.06734, -25.2503)
    777 (19.0639, 23.6914) -> 1822 (18.6807, 22.1558)
    778 (23.0553, -31.1203) -> 3307 (23.0544, -30.6092)
    779 (6.55796, -11.6614) -> 3990 (6.62855, -10.9322)
    780 (17.6714, -5.85365) -> 2785 (17.1741, -5.52731)
    781 (12.688, -15.1544) -> 2854 (11.8327, -13.409)
    782 (18.6631, -13.6702) -> 3460 (17.6286, -12.2496)
    783 (21.2162, -18.4337) -> 3813 (20.2519, -17.5262)
    784 (2.38177, 19.0667) -> 747 (1.45523, 17.2963)
    785 (0.289552, -35.3721) -> 2459 (0.323239, -33.4739)
    786 (21.696, -39.9113) -> 2968 (21.849, -38.5455)
    787 (12.588, -40.2654) -> 3001 (11.9121, -38.477)
    788 (13.3487, 9.80731) -> 3685 (11.732, 9.87502)
    789 (18.8408, -15.5159) -> 3642 (18.7189, -15.3379)
    790 (12.5323, -19.1435) -> 3057 (12.4897, -18.7361)
    791 (11.1595, -24.6425) -> 3289 (10.561, -23.5045)
    792 (9.29081, -24.1613) -> 3621 (9.43832, -23.2478)
    793 (23.1595, 4.14592) -> 2656 (21.5381, 4.53358)
    794 (3.46519, 17.2744) -> 1812 (2.60603, 16.5833)
    795 (16.8046, -17.6901) -> 3876 (16.5328, -16.2334)
    796 (15.2934, -46.9871) -> 2507 (15.326, -45.1308)
    797 (5.63353, -0.591156) -> 3596 (5.04998, 0.368172)
    798 (16.2585, -18.3806) -> 607 (15.4196, -17.2336)
    799 (21.826, 22.2095) -> 2956 (21.2936, 21.8522)
    800 (10.5396, -23.6286) -> 3289 (10.561, -23.5045)
    801 (21.1195, -38.4348) -> 3272 (21.1418, -37.2657)
    802 (9.33832, 1.03924) -> 3780 (9.14319, 1.36824)
    803 (6.14879, -42.8274) -> 2385 (6.54462, -41.0634)
    804 (5.42462, -41.4769) -> 3762 (5.23587, -40.5216)
    805 (23.4931, 15.5945) -> 659 (22.5274, 14.1141)
    806 (5.30189, -8.50132) -> 3796 (5.22796, -8.27708)
    807 (6.88439, 16.7659) -> 3744 (5.33635, 16.0798)
    808 (15.429, -27.2872) -> 2633 (15.1474, -25.7307)
    809 (11.8411, -39.3394) -> 3001 (11.9121, -38.477)
    810 (1.90053, -6.92162) -> 1231 (2.44143, -6.03174)
    811 (21.5515, -39.6951) -> 2968 (21.849, -38.5455)
    812 (12.3257, -49.652) -> 3192 (12.3743, -49.5598)
    813 (4.68728, 7.80866) -> 1436 (3.82051, 9.0035)
    814 (21.219, -36.5127) -> 2190 (21.1771, -35.4375)
    815 (4.76883, 9.02019) -> 517 (3.54711, 10.5206)
    816 (10.1323, -3.50657) -> 3597 (9.28435, -1.83307)
    817 (18.6362, 22.648) -> 3678 (17.7616, 21.2089)
    818 (18.4233, -38.3766) -> 2127 (16.7898, -37.3466)
    819 (23.0643, -16.3813) -> 2836 (22.6501, -15.6309)
    820 (14.4388, -23.9045) -> 978 (13.1861, -22.3822)
    821 (20.1268, 12.1856) -> 2603 (19.4486, 11.9639)
    822 (22.8587, -6.66937) -> 2754 (22.167, -6.52878)
    823 (20.6897, -30.4237) -> 972 (19.9102, -28.7306)
    824 (23.161, -7.80269) -> 2754 (22.167, -6.52878)
    825 (23.2336, 9.55367) -> 3070 (22.6148, 9.15433)
    826 (9.60872, -27.7679) -> 2936 (9.44991, -27.4663)
    827 (4.9559, -0.302263) -> 3264 (4.97869, 0.0964553)
    828 (6.89854, -5.30414) -> 2659 (6.73435, -4.24429)
    829 (1.43912, -39.0167) -> 3589 (2.21715, -37.3494)
    830 (22.0697, -30.6388) -> 3984 (21.7598, -29.8853)
    831 (24.5436, 23.4698) -> 3239 (23.4522, 22.0479)
    832 (8.3386, -43.7176) -> 516 (7.42321, -42.8777)
    833 (12.9684, -46.2494) -> 123 (13.2139, -45.7766)
    834 (4.94452, 15.1953) -> 3841 (3.86913, 14.9175)
    835 (14.6773, 17.0864) -> 3185 (14.9574, 16.0874)
    836 (5.81125, -41.9344) -> 3762 (5.23587, -40.5216)
    837 (7.82323, -7.78696) -> 2502 (7.29564, -6.27804)
    838 (0.908243, -30.6769) -> 3598 (0.853156, -28.9694)
    839 (23.6134, 21.2757) -> 3315 (23.2529, 20.8637)
    840 (17.3292, -22.3349) -> 3633 (17.3015, -22.0106)
    841 (17.0199, -40.3227) -> 2729 (16.9851, -39.9383)
    842 (4.07234, -38.9195) -> 3112 (3.74572, -37.3808)
    843 (13.7961, -20.1516) -> 3053 (13.6126, -18.9704)
    844 (13.4017, -39.5117) -> 2492 (13.4568, -39.2625)
    845 (18.1992, 0.997231) -> 2510 (16.4177, 1.60892)
    846 (5.68988, 16.1455) -> 3128 (3.95602, 16.232)
    847 (17.0604, -8.08606) -> 1694 (16.0265, -6.90308)
    848 (17.1219, -24.9894) -> 3228 (17.2554, -24.1106)
    849 (4.93285, 24.4158) -> 3773 (4.06581, 23.2564)
    850 (20.8855, -37.9026) -> 2430 (20.4359, -36.3857)
    851 (15.5189, 14.4224) -> 3032 (14.6593, 13.0604)
    852 (21.4375, 7.89365) -> 2685 (19.5684, 8.55339)
    853 (14.4196, -20.8487) -> 3199 (13.981, -19.5434)
    854 (20.1814, 16.0593) -> 2467 (19.8859, 15.2313)
    855 (4.99648, 1.29738) -> 3815 (4.781, 2.79099)
    856 (15.6155, -33.487) -> 2757 (15.9435, -33.0399)
    857 (11.4845, -27.4744) -> 3574 (11.1834, -26.3411)
    858 (11.1474, -32.0651) -> 3563 (10.2996, -30.5981)
    859 (20.335, 7.04778) -> 2203 (18.8195, 7.31972)
    860 (20.2862, -15.7549) -> 3703 (18.7604, -14.5436)
    861 (3.42547, -18.5052) -> 1308 (3.82673, -17.2925)
    862 (21.9544, 7.03197) -> 3377 (20.3911, 7.65358)
    863 (23.4671, -20.1621) -> 3251 (22.9426, -18.4528)
    864 (24.2186, -23.5089) -> 2795 (22.9783, -22.3548)
    865 (23.4943, -22.3233) -> 3105 (22.3295, -21.1658)
    866 (24.6567, -24.2217) -> 1684 (23.381, -22.941)
    867 (3.34088, -32.3567) -> 2574 (3.08294, -32.3432)
    868 (0.696424, -10.81) -> 1837 (1.16209, -9.7077)
    869 (7.88677, -24.0995) -> 31 (6.93657, -22.4992)
    870 (20.7078, -24.0605) -> 1941 (20.014, -22.7838)
    871 (17.7483, 10.499) -> 1890 (15.9331, 10.0707)
    872 (0.511483, 24.5111) -> 3526 (0.903121, 23.0651)
    873 (8.06115, 2.02596) -> 2791 (6.96302, 2.88027)
    874 (14.314, -25.4878) -> 2384 (13.8671, -24.7881)
    875 (20.7862, -48.401) -> 462 (19.9244, -47.0228)
    876 (13.9922, -48.1621) -> 2724 (13.4259, -47.168)
    877 (15.0866, -16.2911) -> 3160 (14.3496, -15.8145)
    878 (21.7004, 1.85543) -> 2066 (21.5129, 2.05571)
    879 (6.34704, 6.44296) -> 2999 (5.33079, 7.49628)
    880 (19.1719, -27.3645) -> 3300 (18.3612, -26.0259)
    881 (20.534, 11.4429) -> 1274 (19.5831, 11.0324)
    882 (4.2052, -27.3937) -> 2683 (4.70865, -25.6555)
    883 (7.47968, -32.2843) -> 3735 (7.54484, -31.351)
    884 (8.50627, -9.7945) -> 3227 (8.029, -8.27716)
    885 (4.75571, -13.8908) -> 3023 (4.28493, -13.4311)
    886 (14.9407, 5.34841) -> 3203 (13.4759, 6.30054)
    887 (4.1167, -8.76517) -> 3521 (4.22557, -8.53784)
    888 (7.15203, -20.1982) -> 3331 (6.7618, -19.1422)
    889 (19.7565, 12.8601) -> 2832 (18.9437, 12.2057)
    890 (22.5395, -6.39112) -> 3505 (20.7006, -6.03843)
    891 (7.70916, -22.3665) -> 3801 (7.35848, -21.4861)
    892 (17.9955, -25.3118) -> 3228 (17.2554, -24.1106)
    893 (10.9272, -17.458) -> 3152 (10.8359, -16.7832)
    894 (11.76, -10.0799) -> 2045 (10.7306, -8.60234)
    895 (6.68367, 5.16045) -> 3392 (5.63247, 6.08741)
    896 (16.5296, 12.5724) -> 2575 (15.6867, 12.9527)
    897 (3.46457, 6.87959) -> 3941 (3.07426, 7.47271)
    898 (3.56297, -2.67203) -> 2541 (3.5232, -2.37258)
    899 (9.53194, -26.2657) -> 2065 (9.61484, -24.8321)
    900 (11.439, -32.9224) -> 2616 (11.5001, -31.5565)
    901 (18.4858, -20.3462) -> 2052 (18.2358, -18.525)
    902 (0.979748, 15.9498) -> 0 (1, 15)
    903 (1.93034, -45.5816) -> 3169 (2.42799, -43.7088)
    904 (9.52878, -23.0766) -> 668 (9.51959, -21.7234)
    905 (9.57831, -17.8916) -> 2490 (8.71804, -16.1248)
    906 (1.48177, -23.9769) -> 3953 (0.824901, -22.6578)
    907 (11.527, 8.92982) -> 2357 (10.1297, 8.7581)
    908 (19.7111, -29.6245) -> 1938 (19.067, -28.8242)
    909 (10.9411, 7.89209) -> 3468 (9.62506, 8.81208)
    910 (14.8423, -34.603) -> 3752 (13.9124, -33.4293)
    911 (18.2352, -1.07069) -> 2565 (17.5572, -0.865151)
    912 (4.83497, 14.036) -> 3321 (3.63258, 12.7086)
    913 (22.5188, 7.47197) -> 2051 (20.853, 7.68797)
    914 (24.7314, 5.85597) -> 3242 (23.7365, 6.19784)
    915 (5.01209, -39.5674) -> 3553 (5.20615, -38.7583)
    916 (8.56613, -21.7477) -> 1492 (8.82774, -20.5179)
    917 (18.9679, -16.3827) -> 3642 (18.7189, -15.3379)
    918 (18.547, -1.54422) -> 2565 (17.5572, -0.865151)
    919 (4.74242, -35.6021) -> 3170 (4.99803, -34.5137)
    920 (24.2194, 6.73482) -> 2130 (22.9228, 7.46046)
    921 (5.67818, -14.745) -> 1245 (5.20704, -13.2467)
    922 (19.0533, -8.26732) -> 1429 (18.2663, -7.20954)
    923 (13.5442, 14.6723) -> 3151 (14.0838, 13.7182)
    924 (1.00461, -16.2299) -> 1402 (1.12973, -14.4301)
    925 (14.3128, -22.8239) -> 2512 (14.0612, -21.3354)
    926 (9.92412, 2.56507) -> 2421 (9.67458, 2.87522)
    927 (5.73053, 2.81735) -> 3810 (5.61717, 3.77471)
    928 (1.39292, 18.5577) -> 747 (1.45523, 17.2963)
    929 (9.09215, -47.0055) -> 2291 (9.3775, -46.1013)
    930 (12.9497, -4.17968) -> 2994 (11.7976, -2.90614)
    931 (19.0343, 24.8445) -> 3318 (19.2473, 23.7473)
    932 (21.5164, -22.1925) -> 2766 (20.585, -21.1048)
    933 (10.0288, -6.14694) -> 3226 (9.7331, -5.59603)
    934 (3.8745, -4.46042) -> 3874 (3.62824, -3.74794)
    935 (24.6518, -38.419) -> 3690 (24.0395, -36.6929)
    936 (23.0365, -19.0517) -> 3251 (22.9426, -18.4528)
    937 (11.4558, -38.237) -> 3800 (12.2017, -37.4518)
    938 (15.6876, 4.23147) -> 3736 (14.9444, 4.74655)
    939 (17.2417, -28.1792) -> 3425 (16.049, -26.725)
    940 (5.24905, 5.81877) -> 3017 (4.87107, 7.21627)
    941 (21.7704, 13.1959) -> 3938 (20.4954, 12.7707)
    942 (20.767, 5.96062) -> 3163 (19.8415, 6.39)
    943 (20.0872, -32.9694) -> 1519 (19.9732, -31.5874)
    944 (11.752, -33.9559) -> 2880 (10.9878, -32.8911)
    945 (11.6881, -46.1988) -> 2475 (11.0919, -44.6845)
    946 (22.3625, -48.2279) -> 2308 (21.7515, -47.4797)
    947 (16.498, 21.4201) -> 2042 (16.2975, 19.4881)
    948 (19.3018, -1.43513) -> 2214 (18.2488, -0.118179)
    949 (4.97632, -8.15726) -> 1776 (5.20627, -6.53923)
    950 (10.7007, -39.6599) -> 2498 (9.96437, -38.5533)
    951 (2.05279, 24.8571) -> 2013 (1.52033, 23.674)
    952 (10.3306, -40.165) -> 3551 (10.1453, -39.572)
    953 (0.590526, 4.22938) -> 3420 (0.703281, 5.15632)
    954 (22.6752, 15.1751) -> 3960 (21.4439, 13.6092)
    955 (22.1086, -20.3839) -> 3297 (22.3038, -19.9545)
    956 (14.3567, -17.5216) -> 1097 (13.461, -15.9826)
    957 (9.33397, -19.6428) -> 3031 (8.92977, -18.1855)
    958 (10.0027, 6.5041) -> 3338 (8.20694, 7.0801)
    959 (11.9106, -2.00253) -> 2126 (11.1157, -0.987295)
    960 (9.64835, -14.8996) -> 2324 (9.27392, -13.5991)
    961 (10.3809, -42.1521) -> 952 (10.3306, -40.165)
    962 (21.9684, -8.52606) -> 1145 (20.6688, -7.81227)
    963 (6.60277, -6.44602) -> 1441 (6.17138, -5.10067)
    964 (5.19379, -3.7902) -> 14 (5.24432, -2.22931)
    965 (0.499391, -45.7732) -> 3842 (0.0478988, -45.4383)
    966 (2.76918, -31.0376) -> 3453 (2.47837, -29.1357)
    967 (14.7664, -3.74326) -> 3254 (13.7824, -2.43217)
    968 (14.422, 22.6638) -> 3616 (13.3295, 22.4717)
    969 (6.95289, 17.0157) -> 3744 (5.33635, 16.0798)
    970 (21.1145, 10.6229) -> 2345 (19.6372, 10.5983)
    971 (7.68769, 10.4438) -> 1164 (5.96297, 10.7721)
    972 (19.9102, -28.7306) -> 3457 (19.4436, -27.2506)
    973 (15.8434, -42.4126) -> 565 (15.8305, -42.011)
    974 (22.503, 18.9209) -> 3309 (22.5678, 19.1834)
    975 (22.0705, 23.8766) -> 2995 (21.4318, 22.6231)
    976 (12.6841, 2.05066) -> 3028 (12.3686, 2.28884)
    977 (20.9279, -26.0094) -> 3897 (20.5386, -25.1207)
    978 (13.1861, -22.3822) -> 3019 (12.9618, -20.9988)
    979 (1.97434, 9.27498) -> 2180 (1.79889, 10.2921)
    980 (16.957, 12.705) -> 2575 (15.6867, 12.9527)
    981 (3.20695, -22.7903) -> 3891 (2.89332, -21.883)
    982 (0.685152, -29.2905) -> 2670 (1.26451, -27.4908)
    983 (17.8799, -38.0589) -> 3301 (16.7754, -36.8739)
    984 (9.61538, 1.80906) -> 2258 (9.18274, 2.93333)
    985 (20.0691, -18.2211) -> 3886 (19.2351, -16.9717)
    986 (19.7324, 2.14264) -> 2715 (18.957, 2.68886)
    987 (24.3109, -39.4654) -> 2240 (24.2253, -38.8884)
    988 (16.6076, 21.9578) -> 3024 (16.1006, 20.2989)
    989 (20.3005, 7.56326) -> 2034 (19.8859, 7.69559)
    990 (10.1973, -21.3279) -> 2402 (10.1464, -20.1828)
    991 (23.7882, -49.1993) -> 2529 (23.1902, -47.6102)
    992 (1.45528, -10.3934) -> 1837 (1.16209, -9.7077)
    993 (16.2264, -41.8592) -> 3740 (16.1038, -41.1009)
    994 (7.11164, -0.740326) -> 1156 (7.2893, 0.218091)
    995 (5.06257, -3.48708) -> 559 (5.00573, -2.23325)
    996 (15.8089, 16.3953) -> 2519 (15.7032, 14.5987)
    997 (17.745, 15.5842) -> 2762 (16.9487, 14.9476)
    998 (23.6035, 7.20853) -> 3790 (22.1949, 7.37313)
    999 (8.40077, -15.3036) -> 1697 (8.08164, -13.461)
    1000 (12.9332, -1.29614) -> 3550 (11.935, -0.499532)
    1001 (17.5052, -15.944) -> 3737 (16.622, -14.3331)
    1002 (19.9414, -38.7815) -> 3919 (19.6127, -38.2795)
    1003 (9.24216, -49.8097) -> 2566 (9.63704, -47.8803)
    1004 (5.3538, -13.7678) -> 1245 (5.20704, -13.2467)
    1005 (24.983, -16.088) -> 2463 (23.7708, -14.9253)
    1006 (15.7481, 7.26158) -> 3727 (14.1111, 7.46874)
    1007 (17.9413, -10.4483) -> 2075 (16.3442, -9.50039)
    1008 (3.62414, -3.32299) -> 2541 (3.5232, -2.37258)
    1009 (11.5109, 20.1747) -> 3515 (10.8618, 18.8905)
    1010 (24.1775, 4.80488) -> 2406 (22.9166, 5.70237)
    1011 (17.5534, -47.7454) -> 3113 (17.2349, -45.7885)
    1012 (15.9651, -27.8002) -> 3306 (14.5393, -26.5899)
    1013 (16.903, -41.0995) -> 2699 (16.843, -39.9904)
    1014 (19.8269, -30.4045) -> 1938 (19.067, -28.8242)
    1015 (1.44874, -33.4921) -> 1508 (1.56483, -32.0511)
    1016 (9.74125, -26.8943) -> 1358 (9.47711, -24.9369)
    1017 (4.35179, -25.1067) -> 1660 (5.01037, -23.2197)
    1018 (24.3874, 15.6903) -> 3884 (23.5722, 15.0463)
    1019 (24.6749, -32.7229) -> 3578 (24.2428, -32.0138)
    1020 (18.1561, -23.4748) -> 3633 (17.3015, -22.0106)
    1021 (2.9128, -41.7925) -> 1785 (3.23278, -40.5602)
    1022 (13.838, -10.1537) -> 3814 (13.0005, -8.98022)
    1023 (16.1332, -40.9) -> 2888 (15.5198, -39.2453)
    1024 (16.3034, 18.9617) -> 3252 (16.4516, 18.4762)
    1025 (2.06093, -15.7973) -> 1633 (1.97291, -14.614)
    1026 (9.92797, -44.8427) -> 2381 (10.0961, -43.6891)
    1027 (4.78084, 22.1904) -> 3910 (4.23618, 20.266)
    1028 (1.78502, 2.66994) -> 3372 (1.95618, 3.10659)
    1029 (22.2129, -39.1582) -> 2968 (21.849, -38.5455)
    1030 (22.892, -0.589818) -> 3076 (22.0752, 0.193933)
    1031 (10.639, -42.774) -> 961 (10.3809, -42.1521)
    1032 (4.85144, -28.2955) -> 1386 (4.52931, -26.6356)
    1033 (9.26203, -4.89171) -> 3442 (9.21963, -3.85005)
    1034 (14.3219, -23.2479) -> 2512 (14.0612, -21.3354)
    1035 (13.3334, -2.25617) -> 3447 (13.3783, -2.32217)
    1036 (20.8819, 9.80054) -> 2804 (19.0497, 10.2854)
    1037 (24.2359, 1.43909) -> 3802 (23.2746, 2.00787)
    1038 (24.1836, 7.39535) -> 2130 (22.9228, 7.46046)
    1039 (2.51702, 17.1765) -> 374 (1.78964, 15.6943)
    1040 (14.2433, -45.7032) -> 3229 (14.3993, -44.6745)
    1041 (18.3753, -15.5201) -> 3452 (17.3949, -14.0617)
    1042 (13.2546, -37.9187) -> 226 (12.9069, -36.3264)
    1043 (11.9531, -15.9538) -> 3276 (11.7853, -15.3984)
    1044 (23.3105, -24.275) -> 3805 (22.6936, -23.0368)
    1045 (17.2077, -35.3243) -> 2710 (16.9596, -33.3567)
    1046 (23.88, -31.084) -> 1971 (23.083, -29.862)
    1047 (4.26642, -45.7062) -> 3405 (4.33189, -44.8137)
    1048 (10.7128, 7.29474) -> 740 (9.76074, 7.45933)
    1049 (2.69942, 23.7527) -> 3741 (2.34959, 22.1748)
    1050 (5.0203, -21.332) -> 2472 (4.22964, -19.996)
    1051 (18.4178, 12.786) -> 2359 (17.3806, 11.637)
    1052 (24.6006, -30.8465) -> 3997 (23.1751, -29.4571)
    1053 (0.508624, -4.87286) -> 3149 (0.728791, -4.35976)
    1054 (8.00498, -26.3339) -> 3557 (7.971, -25.9826)
    1055 (21.2047, -17.9297) -> 2390 (20.4948, -17.6004)
    1056 (19.4547, -23.3171) -> 1122 (19.5283, -21.483)
    1057 (10.9466, -15.3304) -> 2410 (10.6885, -15.0861)
    1058 (6.22022, -44.2017) -> 3869 (5.65439, -42.2839)
    1059 (2.49065, -17.5941) -> 1025 (2.06093, -15.7973)
    1060 (21.8516, -13.1475) -> 2027 (20.6539, -11.6733)
    1061 (10.552, -43.909) -> 961 (10.3809, -42.1521)
    1062 (21.8793, -49.2245) -> 2309 (20.9373, -48.236)
    1063 (17.8537, -30.2371) -> 2046 (17.465, -28.7018)
    1064 (1.64457, -47.5505) -> 3099 (1.7856, -46.8145)
    1065 (22.8389, -47.257) -> 3191 (22.3801, -45.3546)
    1066 (3.62213, 17.642) -> 1812 (2.60603, 16.5833)
    1067 (0.592294, 19.1171) -> 3026 (0.984763, 17.9904)
    1068 (13.7832, -41.9848) -> 3583 (13.686, -40.4238)
    1069 (5.91958, -29.6697) -> 624 (6.14305, -28.1585)
    1070 (8.80225, 17.7881) -> 3473 (7.34283, 16.9346)
    1071 (21.6856, -24.6101) -> 2632 (20.7027, -23.0682)
    1072 (21.6876, -14.1091) -> 3733 (21.0476, -12.9417)
    1073 (5.23241, 6.96866) -> 1876 (4.49672, 8.0069)
    1074 (0.899391, -7.74438) -> 3507 (1.00633, -7.03644)
    1075 (15.045, -33.8009) -> 1756 (14.5171, -32.2965)
    1076 (0.731504, 9.83767) -> 145 (0.900479, 10.2977)
    1077 (23.7162, -26.7853) -> 2746 (23.4457, -26.0399)
    1078 (12.2771, -36.4481) -> 175 (12.2557, -35.2096)
    1079 (12.8178, -6.54872) -> 1457 (12.3074, -4.62295)
    1080 (24.83, -2.94995) -> 3681 (23.8317, -2.78415)
    1081 (21.7569, -38.4893) -> 3272 (21.1418, -37.2657)
    1082 (16.9869, 12.3274) -> 2398 (16.5337, 10.8836)
    1083 (20.779, -1.93043) -> 2892 (19.6539, -1.23631)
    1084 (20.2506, 20.6689) -> 2451 (19.0682, 19.6428)
    1085 (2.51451, -5.05472) -> 3540 (2.67271, -3.95247)
    1086 (16.2573, -9.98643) -> 2453 (15.6712, -8.65112)
    1087 (21.2678, -16.0673) -> 1927 (21.6177, -14.7193)
    1088 (1.93017, -47.0003) -> 1742 (2.10396, -45.7974)
    1089 (16.9962, 3.95115) -> 3728 (15.1857, 4.30892)
    1090 (9.49034, 7.95639) -> 3702 (8.92204, 8.31173)
    1091 (23.0759, 7.67864) -> 3790 (22.1949, 7.37313)
    1092 (16.2505, -47.5756) -> 2990 (16.1504, -47.2433)
    1093 (6.91306, 6.01846) -> 3159 (5.70559, 7.32362)
    1094 (1.86105, 17.5127) -> 902 (0.979748, 15.9498)
    1095 (2.04244, -6.18156) -> 3700 (2.44386, -4.57199)
    1096 (1.2766, -44.19) -> 2723 (2.0202, -42.9632)
    1097 (13.461, -15.9826) -> 2569 (13.2075, -15.5397)
    1098 (21.5054, -24.0143) -> 2632 (20.7027, -23.0682)
    1099 (5.58993, -4.88551) -> 2238 (5.39448, -3.74951)
    1100 (18.5723, -38.6882) -> 2112 (18.3744, -37.0313)
    1101 (13.5632, -32.4382) -> 2343 (12.2751, -31.3885)
    1102 (24.4382, 7.42389) -> 2130 (22.9228, 7.46046)
    1103 (7.27258, -30.9854) -> 3137 (7.44502, -29.6234)
    1104 (7.86648, 7.76081) -> 3932 (6.46463, 9.04239)
    1105 (7.40108, -36.3703) -> 2121 (7.50948, -34.7489)
    1106 (6.44796, -7.62514) -> 3078 (6.09304, -5.89929)
    1107 (21.4808, -0.245926) -> 3010 (20.6762, 0.719059)
    1108 (20.3438, -40.812) -> 1815 (19.6217, -38.9747)
    1109 (15.7486, -36.3285) -> 3061 (15.4636, -34.8642)
    1110 (0.0962463, -45.1487) -> 2096 (0.684075, -43.7486)
    1111 (10.9065, -45.2435) -> 2475 (11.0919, -44.6845)
    1112 (9.28127, 2.28942) -> 2258 (9.18274, 2.93333)
    1113 (17.9554, -8.09606) -> 2227 (16.7367, -7.22285)
    1114 (0.817223, 7.65376) -> 3161 (1.08294, 9.49741)
    1115 (18.8562, 21.6651) -> 2006 (18.4138, 21.201)
    1116 (9.80879, 6.93786) -> 1746 (8.39191, 7.32515)
    1117 (14.6307, 9.22731) -> 3968 (14.2977, 9.3806)
    1118 (14.0313, -21.9576) -> 3019 (12.9618, -20.9988)
    1119 (19.6074, -10.9293) -> 3266 (18.8095, -10.0817)
    1120 (5.21853, 23.2293) -> 169 (4.23895, 22.1969)
    1121 (20.2473, -21.1243) -> 1915 (19.0447, -20.249)
    1122 (19.5283, -21.483) -> 901 (18.4858, -20.3462)
    1123 (13.5502, -11.2127) -> 3257 (13.2614, -9.58052)
    1124 (11.2634, -20.5056) -> 530 (10.7521, -20.0711)
    1125 (13.641, -26.8477) -> 2491 (13.2312, -25.9055)
    1126 (4.08436, 3.73044) -> 2769 (3.79366, 4.57699)
    1127 (6.0329, -18.9811) -> 1932 (5.93865, -18.2834)
    1128 (5.618, -28.1009) -> 3356 (5.42912, -27.362)
    1129 (16.4883, 9.63518) -> 3808 (14.5242, 9.39781)
    1130 (9.17131, 21.2516) -> 2918 (7.75464, 20.1342)
    1131 (21.56, 8.78665) -> 3978 (20.1288, 9.02983)
    1132 (2.90084, -26.5218) -> 2588 (2.84977, -26.0266)
    1133 (12.1381, -48.5129) -> 2717 (11.838, -47.7066)
    1134 (18.7601, -7.16647) -> 2983 (17.8214, -6.46897)
    1135 (13.7473, 7.9127) -> 2973 (12.7772, 7.88836)
    1136 (10.7288, -1.53091) -> 3368 (9.57323, -0.287893)
    1137 (18.6429, -0.509673) -> 2214 (18.2488, -0.118179)
    1138 (6.78067, 17.9732) -> 1390 (6.21018, 17.6597)
    1139 (15.3736, 4.92526) -> 2771 (14.355, 5.50202)
    1140 (5.64469, -40.9308) -> 3762 (5.23587, -40.5216)
    1141 (2.21116, 19.5234) -> 3219 (1.87883, 18.0676)
    1142 (8.53402, 9.65306) -> 2578 (6.7302, 10.1382)
    1143 (18.0828, 21.6415) -> 3678 (17.7616, 21.2089)
    1144 (18.346, -20.8613) -> 3362 (18.3592, -20.1632)
    1145 (20.6688, -7.81227) -> 3450 (19.2121, -6.69855)
    1146 (3.52098, -33.2328) -> 2574 (3.08294, -32.3432)
    1147 (12.8785, -23.4223) -> 1281 (11.6805, -22.3635)
    1148 (4.49837, -1.58608) -> 3393 (4.27502, 0.371309)
    1149 (1.7224, 20.8712) -> 620 (1.6242, 19.8518)
    1150 (3.83066, 0.479079) -> 3413 (3.74928, 1.72724)
    1151 (16.5821, -45.214) -> 3658 (16.1855, -44.2399)
    1152 (19.1018, 21.4841) -> 2093 (18.77, 21.0455)
    1153 (13.0138, 16.5793) -> 3936 (13.1484, 16.2514)
    1154 (19.46, -41.9454) -> 3985 (18.7428, -40.5615)
    1155 (24.2567, -39.8423) -> 2240 (24.2253, -38.8884)
    1156 (7.2893, 0.218091) -> 2114 (6.39821, 1.42068)
    1157 (16.4426, -22.8645) -> 3635 (16.5476, -22.6462)
    1158 (23.4647, -37.0482) -> 2886 (22.1107, -35.7726)
    1159 (10.2885, -1.50433) -> 3469 (9.64821, 0.227573)
    1160 (16.354, -44.9659) -> 3658 (16.1855, -44.2399)
    1161 (9.98223, -44.4133) -> 2381 (10.0961, -43.6891)
    1162 (16.2556, 8.27286) -> 3671 (14.6866, 8.43678)
    1163 (21.0863, -3.0953) -> 2527 (20.3761, -2.66706)
    1164 (5.96297, 10.7721) -> 3106 (5.0319, 10.9657)
    1165 (7.19274, 14.0744) -> 522 (6.35499, 12.8725)
    1166 (12.3873, 9.65105) -> 3685 (11.732, 9.87502)
    1167 (19.5425, -15.9577) -> 3012 (18.692, -14.2164)
    1168 (7.86572, -11.858) -> 3477 (7.63512, -10.7394)
    1169 (14.0541, 21.1683) -> 3536 (13.0539, 20.7321)
    1170 (12.1003, -20.1893) -> 2905 (11.4564, -18.798)
    1171 (7.06879, 17.4803) -> 1390 (6.21018, 17.6597)
    1172 (2.11173, -30.7657) -> 3453 (2.47837, -29.1357)
    1173 (21.0718, -22.2114) -> 3934 (20.8868, -21.8842)
    1174 (9.96796, 6.54434) -> 3338 (8.20694, 7.0801)
    1175 (15.8983, -41.5263) -> 78 (15.0413, -40.3369)
    1176 (7.21506, 23.6228) -> 1667 (6.77734, 22.0109)
    1177 (24.1787, -40.0559) -> 3894 (22.8511, -38.5642)
    1178 (7.23329, -35.4862) -> 1866 (7.01894, -34.4334)
    1179 (5.50122, 20.0868) -> 1597 (4.8296, 19.7543)
    1180 (8.46004, -4.82797) -> 3060 (7.2178, -3.42934)
    1181 (16.202, 23.8772) -> 3840 (15.8185, 23.3893)
    1182 (6.16536, -48.4155) -> 1388 (6.5696, -47.3122)
    1183 (3.99146, 11.2532) -> 3379 (3.89485, 11.2781)
    1184 (17.7397, -36.763) -> 2500 (17.1347, -35.0429)
    1185 (21.1785, 4.89438) -> 3622 (20.3925, 5.68909)
    1186 (19.424, -36.9455) -> 3250 (19.2664, -36.1389)
    1187 (0.814782, 20.799) -> 3179 (0.9785, 18.9047)
    1188 (2.79839, -41.3917) -> 3324 (3.01958, -40.1805)
    1189 (18.7365, 12.5714) -> 2338 (17.7685, 10.8992)
    1190 (9.73413, 10.1304) -> 1381 (9.10727, 10.2603)
    1191 (18.9875, -30.5508) -> 3013 (18.2612, -29.1994)
    1192 (10.6297, -30.5447) -> 2071 (9.86813, -29.5598)
    1193 (6.53886, -47.0494) -> 2852 (6.60662, -46.379)
    1194 (20.9231, 4.13395) -> 1392 (19.9465, 4.8863)
    1195 (9.86194, -25.1368) -> 1525 (9.57211, -23.5644)
    1196 (17.5888, -11.5717) -> 2808 (16.8391, -10.1137)
    1197 (17.5593, -16.0852) -> 3737 (16.622, -14.3331)
    1198 (16.9806, -10.9366) -> 3947 (16.2464, -9.96303)
    1199 (10.6725, -13.6227) -> 3233 (10.1128, -12.7553)
    1200 (1.75166, -23.0547) -> 3993 (2.38818, -21.3806)
    1201 (11.9191, -15.6613) -> 2245 (11.6709, -14.807)
    1202 (14.5832, 2.26731) -> 2021 (13.4536, 3.02459)
    1203 (12.3701, -23.7431) -> 1281 (11.6805, -22.3635)
    1204 (8.21582, -46.754) -> 763 (7.8785, -46.0692)
    1205 (16.1061, -4.39858) -> 3725 (14.7262, -3.42325)
    1206 (20.2442, -23.4415) -> 1941 (20.014, -22.7838)
    1207 (15.4458, -13.3303) -> 2483 (15.0077, -12.7338)
    1208 (21.0173, 0.807923) -> 2088 (20.2958, 1.32257)
    1209 (20.9258, -19.9499) -> 2449 (20.4167, -18.9705)
    1210 (8.53575, -4.49115) -> 2630 (7.74427, -2.72154)
    1211 (23.5745, -2.09037) -> 2931 (22.0618, -1.02949)
    1212 (6.8385, 12.7598) -> 2732 (5.67626, 12.6798)
    1213 (23.9539, -12.1596) -> 1422 (23.4699, -11.7038)
    1214 (23.7085, -9.09096) -> 3575 (22.56, -8.26611)
    1215 (11.5372, 1.27663) -> 2134 (10.2575, 2.72202)
    1216 (23.224, -4.12144) -> 3121 (22.3357, -3.62609)
    1217 (8.91857, -24.0575) -> 3209 (8.8629, -23.0693)
    1218 (21.7157, -12.2602) -> 3881 (20.4185, -11.1522)
    1219 (5.35097, -33.6332) -> 2947 (5.45543, -31.7118)
    1220 (17.9864, -31.7577) -> 3527 (18.3483, -29.8047)
    1221 (9.74289, 3.44457) -> 1247 (8.56396, 4.36832)
    1222 (11.7919, 9.03329) -> 2782 (11.3506, 9.35772)
    1223 (6.7422, -35.7487) -> 1866 (7.01894, -34.4334)
    1224 (7.58342, 16.3188) -> 2330 (6.23104, 15.4121)
    1225 (14.0902, -16.6907) -> 2569 (13.2075, -15.5397)
    1226 (20.5606, -12.2311) -> 3837 (19.2293, -10.7698)
    1227 (9.3923, 23.1504) -> 2698 (8.77132, 22.7811)
    1228 (21.8958, -18.9586) -> 2390 (20.4948, -17.6004)
    1229 (14.6073, -18.2925) -> 956 (14.3567, -17.5216)
    1230 (10.5185, -30.4832) -> 2071 (9.86813, -29.5598)
    1231 (2.44143, -6.03174) -> 3700 (2.44386, -4.57199)
    1232 (18.4889, -20.2377) -> 2052 (18.2358, -18.525)
    1233 (6.76665, 7.33452) -> 2089 (5.62256, 8.35373)
    1234 (11.8235, -37.1316) -> 2856 (12.0245, -35.2526)
    1235 (5.58201, -6.71052) -> 1099 (5.58993, -4.88551)
    1236 (8.88527, -47.9918) -> 3864 (9.1881, -47.3645)
    1237 (2.31792, -28.3854) -> 1132 (2.90084, -26.5218)
    1238 (5.24213, 20.9315) -> 1597 (4.8296, 19.7543)
    1239 (13.3214, -47.9015) -> 413 (13.2443, -47.1795)
    1240 (6.73386, -2.36888) -> 2514 (6.13821, -1.02795)
    1241 (22.0861, 12.7272) -> 3844 (21.3077, 12.2709)
    1242 (19.6219, 20.5041) -> 2451 (19.0682, 19.6428)
    1243 (11.6587, -6.92526) -> 3889 (10.322, -5.82817)
    1244 (8.03401, -22.8176) -> 3801 (7.35848, -21.4861)
    1245 (5.20704, -13.2467) -> 267 (5.24346, -11.6715)
    1246 (21.7112, 3.72832) -> 2656 (21.5381, 4.53358)
    1247 (8.56396, 4.36832) -> 1322 (7.35953, 5.75758)
    1248 (11.1572, -7.32661) -> 3889 (10.322, -5.82817)
    1249 (21.2291, -10.3434) -> 1922 (20.8267, -9.72443)
    1250 (1.79696, -13.3583) -> 3976 (1.55003, -12.4323)
    1251 (22.0142, 21.7947) -> 3475 (20.8599, 20.517)
    1252 (4.75822, 24.5866) -> 3109 (4.25879, 23.6255)
    1253 (15.8497, -1.91745) -> 2847 (14.7613, -1.41516)
    1254 (0.0799146, 7.48615) -> 2462 (0.431055, 9.14342)
    1255 (11.4361, -45.1315) -> 2475 (11.0919, -44.6845)
    1256 (2.20465, 6.39372) -> 1718 (1.92482, 7.33247)
    1257 (2.45741, -29.681) -> 3453 (2.47837, -29.1357)
    1258 (3.25557, 2.91852) -> 3788 (2.56978, 4.55066)
    1259 (12.4391, -8.94307) -> 2981 (12.0292, -7.46024)
    1260 (14.2884, -32.3914) -> 3994 (14.501, -31.6194)
    1261 (15.8186, -8.16328) -> 1599 (14.4594, -7.14065)
    1262 (7.26039, 23.6027) -> 1667 (6.77734, 22.0109)
    1263 (6.57302, 12.1349) -> 2403 (5.39622, 12.1591)
    1264 (20.8791, -3.06843) -> 2527 (20.3761, -2.66706)
    1265 (19.2265, -37.6166) -> 3644 (18.1642, -35.9488)
    1266 (22.0245, 5.01) -> 3622 (20.3925, 5.68909)
    1267 (16.437, -19.9303) -> 2395 (15.254, -18.5049)
    1268 (17.0309, -24.8367) -> 2080 (15.8573, -23.8411)
    1269 (17.8127, 3.98603) -> 3075 (17.0434, 5.05833)
    1270 (14.4457, -35.0755) -> 2518 (14.234, -34.8317)
    1271 (19.979, -23.3048) -> 1122 (19.5283, -21.483)
    1272 (22.1805, -29.2187) -> 3973 (21.82, -28.8833)
    1273 (16.0536, -48.6195) -> 3383 (15.5305, -47.567)
    1274 (19.5831, 11.0324) -> 871 (17.7483, 10.499)
    1275 (1.34061, 3.8511) -> 3420 (0.703281, 5.15632)
    1276 (1.84971, -46.9841) -> 1742 (2.10396, -45.7974)
    1277 (17.4109, -36.8737) -> 3119 (17.1531, -35.182)
    1278 (6.3584, 2.78702) -> 1647 (6.07583, 3.94242)
    1279 (15.8995, -24.4321) -> 3635 (16.5476, -22.6462)
    1280 (9.84934, -26.8684) -> 1358 (9.47711, -24.9369)
    1281 (11.6805, -22.3635) -> 2437 (10.6389, -20.9187)
    1282 (23.5275, -15.9753) -> 3570 (22.9192, -14.4812)
    1283 (14.1939, -9.24724) -> 3543 (13.1918, -8.04541)
    1284 (19.9299, -42.7471) -> 2865 (19.48, -41.8708)
    1285 (23.0972, -7.79782) -> 2754 (22.167, -6.52878)
    1286 (17.4099, -28.4243) -> 2281 (17.5156, -27.5881)
    1287 (12.3747, 7.20354) -> 2858 (11.0473, 8.18811)
    1288 (14.256, -42.0908) -> 3786 (14.0859, -41.3367)
    1289 (12.1854, -36.7193) -> 3618 (12.3601, -34.8557)
    1290 (23.377, -45.1191) -> 135 (22.413, -44.2985)
    1291 (24.643, 16.8219) -> 2945 (24.0391, 16.1573)
    1292 (13.4295, -19.8263) -> 3329 (13.2716, -18.018)
    1293 (2.58696, -1.28773) -> 2041 (2.3249, 0.232703)
    1294 (6.29162, -1.81149) -> 13 (5.19074, -0.230029)
    1295 (23.8836, -34.154) -> 3568 (23.2929, -32.7043)
    1296 (16.8794, -21.9051) -> 2799 (16.4687, -20.4363)
    1297 (10.2737, -46.5984) -> 1882 (10.3795, -45.2038)
    1298 (2.87484, -39.6821) -> 3064 (2.94963, -38.0111)
    1299 (20.089, 19.4128) -> 2451 (19.0682, 19.6428)
    1300 (7.35878, 7.89376) -> 2871 (5.82598, 9.04804)
    1301 (2.19265, -3.25532) -> 154 (2.8986, -1.502)
    1302 (12.1096, -28.3591) -> 2416 (11.6639, -26.6698)
    1303 (21.3882, -42.8446) -> 3799 (21.4668, -41.1839)
    1304 (10.6682, 22.8479) -> 571 (10.42, 22.3737)
    1305 (9.25295, 24.0716) -> 191 (8.53155, 23.293)
    1306 (12.8789, -35.6844) -> 1899 (12.7555, -34.8171)
    1307 (2.98238, -36.9967) -> 2914 (3.3814, -35.6684)
    1308 (3.82673, -17.2925) -> 3332 (4.19058, -16.0959)
    1309 (17.7449, -23.6299) -> 3633 (17.3015, -22.0106)
    1310 (7.01542, 23.3893) -> 1667 (6.77734, 22.0109)
    1311 (22.9319, -0.216792) -> 2327 (21.7381, 0.496825)
    1312 (21.1442, -30.2478) -> 3144 (20.2114, -29.6071)
    1313 (2.59463, -10.7299) -> 3913 (2.98688, -9.73036)
    1314 (0.603868, 0.967929) -> 3825 (0.418815, 1.5815)
    1315 (13.8963, -7.72821) -> 1079 (12.8178, -6.54872)
    1316 (7.2141, 16.828) -> 846 (5.68988, 16.1455)
    1317 (16.4742, 3.95051) -> 3145 (14.9096, 4.71803)
    1318 (23.633, -37.8829) -> 3217 (22.1843, -36.9)
    1319 (23.152, -21.5436) -> 3297 (22.3038, -19.9545)
    1320 (23.6922, -41.896) -> 1177 (24.1787, -40.0559)
    1321 (17.5261, 2.79739) -> 3818 (16.7404, 3.71392)
    1322 (7.35953, 5.75758) -> 1872 (6.55347, 7.11613)
    1323 (2.69368, 9.7967) -> 3387 (1.80111, 11.3751)
    1324 (24.3229, -5.77814) -> 3530 (22.6674, -4.68774)
    1325 (0.79243, -3.81765) -> 3148 (1.20377, -3.61288)
    1326 (1.35504, 11.9172) -> 2078 (0.973398, 13.7583)
    1327 (0.677117, -23.1036) -> 3953 (0.824901, -22.6578)
    1328 (21.0934, -26.0247) -> 1849 (20.6417, -24.2615)
    1329 (3.10405, -49.8388) -> 3544 (3.22519, -49.7298)
    1330 (4.21725, -33.2035) -> 3397 (4.76352, -31.4617)
    1331 (11.115, -28.1803) -> 3221 (11.1254, -27.9587)
    1332 (15.1268, -24.7355) -> 820 (14.4388, -23.9045)
    1333 (23.7501, -47.3721) -> 3084 (23.5881, -46.5955)
    1334 (24.7764, -17.8053) -> 2181 (23.8242, -16.5325)
    1335 (20.9622, -28.3271) -> 3972 (20.597, -27.0408)
    1336 (16.7958, 19.2098) -> 3252 (16.4516, 18.4762)
    1337 (10.3133, -23.4781) -> 1727 (10.037, -22.2121)
    1338 (23.6555, 4.2377) -> 2406 (22.9166, 5.70237)
    1339 (10.9085, 4.88581) -> 2576 (9.84778, 5.87792)
    1340 (18.0386, 22.3661) -> 3678 (17.7616, 21.2089)
    1341 (7.75084, -8.29833) -> 579 (7.21747, -7.62473)
    1342 (15.443, 22.0298) -> 3024 (16.1006, 20.2989)
    1343 (0.811659, 0.894103) -> 3825 (0.418815, 1.5815)
    1344 (10.8494, 7.57049) -> 3468 (9.62506, 8.81208)
    1345 (21.5485, -28.4621) -> 2436 (21.1629, -27.0674)
    1346 (12.1198, 15.9594) -> 3593 (11.2363, 16.2214)
    1347 (4.1952, -21.4202) -> 3461 (4.08171, -20.6477)
    1348 (9.33442, -16.317) -> 2753 (9.10382, -15.8335)
    1349 (17.5398, 5.05461) -> 3955 (16.178, 5.23522)
    1350 (4.05039, -21.0478) -> 3461 (4.08171, -20.6477)
    1351 (17.3049, 14.9602) -> 3111 (16.0952, 13.4765)
    1352 (16.499, -10.1796) -> 2453 (15.6712, -8.65112)
    1353 (5.69808, -33.6777) -> 2947 (5.45543, -31.7118)
    1354 (3.1647, 10.3329) -> 2249 (1.95351, 11.9205)
    1355 (17.8363, -25.4077) -> 3228 (17.2554, -24.1106)
    1356 (23.847, 11.9195) -> 3858 (22.154, 11.4745)
    1357 (1.04128, -26.8397) -> 1425 (1.06913, -25.4485)
    1358 (9.47711, -24.9369) -> 3621 (9.43832, -23.2478)
    1359 (0.489648, -16.9578) -> 2414 (0.449512, -16.2289)
    1360 (16.2197, 8.4931) -> 3808 (14.5242, 9.39781)
    1361 (23.0165, -25.412) -> 3648 (22.2079, -24.7496)
    1362 (23.1753, -8.5701) -> 3471 (22.0941, -7.72424)
    1363 (1.04299, 6.62475) -> 3838 (0.907999, 7.48944)
    1364 (11.4091, -24.4213) -> 3559 (11.139, -23.8798)
    1365 (19.2039, -12.5457) -> 2539 (19.0609, -10.7344)
    1366 (22.4088, -6.93478) -> 3505 (20.7006, -6.03843)
    1367 (15.5956, 2.60978) -> 2733 (14.1824, 3.79759)
    1368 (10.7142, 23.8251) -> 3354 (10.4311, 23.6654)
    1369 (10.8859, 2.42229) -> 1221 (9.74289, 3.44457)
    1370 (23.9342, -45.6449) -> 2960 (23.3202, -44.5207)
    1371 (5.68676, -4.64663) -> 2238 (5.39448, -3.74951)
    1372 (19.2847, 0.403493) -> 3962 (18.673, 0.7233)
    1373 (0.577629, -17.7688) -> 2414 (0.449512, -16.2289)
    1374 (20.5964, -11.6111) -> 2687 (19.5046, -10.2249)
    1375 (8.11148, -17.2641) -> 999 (8.40077, -15.3036)
    1376 (11.8191, -20.71) -> 2905 (11.4564, -18.798)
    1377 (15.5524, -6.08521) -> 3059 (14.4127, -4.70809)
    1378 (1.74432, -27.5051) -> 210 (2.52188, -25.9286)
    1379 (19.5664, -7.06519) -> 3675 (18.7778, -5.77977)
    1380 (23.0172, -45.2787) -> 135 (22.413, -44.2985)
    1381 (9.10727, 10.2603) -> 971 (7.68769, 10.4438)
    1382 (3.29645, -42.8724) -> 3110 (3.25215, -42.2741)
    1383 (23.5327, -4.78751) -> 2412 (22.1274, -3.84223)
    1384 (1.16471, 9.61151) -> 1453 (1.21695, 10.477)
    1385 (4.22424, -7.53183) -> 2564 (4.3243, -6.10759)
    1386 (4.52931, -26.6356) -> 2704 (4.57437, -25.2924)
    1387 (16.0221, 7.12361) -> 3727 (14.1111, 7.46874)
    1388 (6.5696, -47.3122) -> 2852 (6.60662, -46.379)
    1389 (10.7303, 2.43479) -> 1221 (9.74289, 3.44457)
    1390 (6.21018, 17.6597) -> 3 (4.45207, 16.9771)
    1391 (3.61083, 3.31485) -> 2769 (3.79366, 4.57699)
    1392 (19.9465, 4.8863) -> 3698 (18.8076, 5.98865)
    1393 (19.4619, -37.1894) -> 3250 (19.2664, -36.1389)
    1394 (4.21122, 2.38181) -> 10 (3.86778, 3.54237)
    1395 (5.93161, 22.4271) -> 2197 (4.59392, 21.2395)
    1396 (6.16394, -22.7125) -> 1645 (6.53818, -22.2452)
    1397 (17.1248, 22.2134) -> 2878 (16.9021, 21.8805)
    1398 (24.6766, 2.05587) -> 2855 (23.0367, 2.24787)
    1399 (0.899271, -46.2706) -> 1431 (1.71428, -45.1774)
    1400 (5.868, 19.5871) -> 451 (5.40886, 18.6804)
    1401 (20.359, -5.6835) -> 3214 (19.2445, -4.0622)
    1402 (1.12973, -14.4301) -> 3885 (1.08543, -13.1523)
    1403 (21.7199, 1.51027) -> 3488 (21.6845, 1.62937)
    1404 (20.6472, 1.83245) -> 3249 (19.0062, 2.72729)
    1405 (19.9309, -32.2983) -> 3042 (19.395, -31.0273)
    1406 (22.5183, -48.0595) -> 2433 (21.9266, -46.2501)
    1407 (7.24472, -34.6943) -> 1720 (7.14912, -32.9212)
    1408 (21.0289, -45.8783) -> 3349 (21.0295, -45.6192)
    1409 (18.212, 3.08354) -> 3818 (16.7404, 3.71392)
    1410 (3.56008, -44.2013) -> 3351 (3.47207, -43.9237)
    1411 (6.41685, -28.9136) -> 3715 (6.84787, -27.1572)
    1412 (5.48335, -46.7724) -> 3238 (6.23627, -44.9764)
    1413 (4.38638, -7.88458) -> 2564 (4.3243, -6.10759)
    1414 (8.99718, 22.3445) -> 768 (8.0015, 20.784)
    1415 (2.90021, 11.6683) -> 2095 (1.52019, 12.5282)
    1416 (23.4885, -28.0964) -> 3103 (23.0109, -26.9903)
    1417 (4.68996, -30.3483) -> 2366 (5.0593, -29.4845)
    1418 (2.95978, -41.5372) -> 1785 (3.23278, -40.5602)
    1419 (6.8712, -36.9248) -> 2595 (6.87976, -35.2274)
    1420 (5.89448, 13.8219) -> 3218 (5.11006, 12.8798)
    1421 (16.6197, -38.213) -> 3273 (16.2063, -36.5698)
    1422 (23.4699, -11.7038) -> 382 (22.4336, -10.3721)
    1423 (3.71767, 1.02123) -> 3413 (3.74928, 1.72724)
    1424 (22.1194, -31.6127) -> 3984 (21.7598, -29.8853)
    1425 (1.06913, -25.4485) -> 3050 (0.554788, -23.6995)
    1426 (9.70162, -18.0215) -> 3918 (9.73777, -16.6632)
    1427 (15.3511, -20.3011) -> 2395 (15.254, -18.5049)
    1428 (18.8705, 15.2533) -> 2896 (18.7969, 14.5057)
    1429 (18.2663, -7.20954) -> 2983 (17.8214, -6.46897)
    1430 (11.7635, 2.99844) -> 2703 (10.4628, 4.18874)
    1431 (1.71428, -45.1774) -> 3169 (2.42799, -43.7088)
    1432 (9.18183, -20.0498) -> 3031 (8.92977, -18.1855)
    1433 (23.3332, -24.1744) -> 3805 (22.6936, -23.0368)
    1434 (11.3118, -36.5917) -> 3206 (10.3029, -34.9769)
    1435 (19.8772, -1.59215) -> 948 (19.3018, -1.43513)
    1436 (3.82051, 9.0035) -> 1354 (3.1647, 10.3329)
    1437 (7.69663, -5.71546) -> 2659 (6.73435, -4.24429)
    1438 (14.1099, -36.5508) -> 1630 (13.4136, -35.2302)
    1439 (4.78004, -40.7877) -> 842 (4.07234, -38.9195)
    1440 (18.3907, 15.5567) -> 3259 (17.5917, 14.7336)
    1441 (6.17138, -5.10067) -> 485 (5.98351, -3.57596)
    1442 (9.26473, -46.2405) -> 1161 (9.98223, -44.4133)
    1443 (3.25099, -46.0228) -> 3620 (3.38344, -45.2827)
    1444 (7.42735, 6.88256) -> 1233 (6.76665, 7.33452)
    1445 (0.598853, -48.1186) -> 1399 (0.899271, -46.2706)
    1446 (10.7963, 8.07304) -> 3468 (9.62506, 8.81208)
    1447 (0.224386, 4.29424) -> 2810 (0.080036, 5.9479)
    1448 (24.8121, -39.8366) -> 2240 (24.2253, -38.8884)
    1449 (1.7942, 10.8089) -> 2887 (1.82842, 10.9904)
    1450 (11.2488, -13.2905) -> 3166 (10.2808, -11.5652)
    1451 (12.6786, -11.1421) -> 894 (11.76, -10.0799)
    1452 (23.238, -46.9626) -> 3191 (22.3801, -45.3546)
    1453 (1.21695, 10.477) -> 1326 (1.35504, 11.9172)
    1454 (12.5393, -47.1345) -> 3590 (12.073, -45.5356)
    1455 (15.7097, -36.6634) -> 3061 (15.4636, -34.8642)
    1456 (21.6673, -27.3168) -> 2822 (21.4991, -25.6673)
    1457 (12.3074, -4.62295) -> 3352 (11.5648, -3.38208)
    1458 (20.9649, -46.4578) -> 3063 (20.1608, -45.1079)
    1459 (19.131, -46.588) -> 108 (18.5022, -45.0435)
    1460 (18.2086, -16.3365) -> 1825 (17.3804, -15.0326)
    1461 (9.62928, -19.9275) -> 3031 (8.92977, -18.1855)
    1462 (7.75388, -28.3605) -> 1963 (7.90611, -26.9542)
    1463 (3.68303, 19.072) -> 34 (3.483, 18.7267)
    1464 (7.37826, 16.4184) -> 2330 (6.23104, 15.4121)
    1465 (9.62664, 0.552275) -> 3780 (9.14319, 1.36824)
    1466 (4.58597, -18.7937) -> 3619 (4.18833, -17.198)
    1467 (10.303, -6.08798) -> 2937 (10.05, -5.45686)
    1468 (23.679, -14.5677) -> 3570 (22.9192, -14.4812)
    1469 (2.30542, -20.9723) -> 3743 (1.65702, -19.4303)
    1470 (16.3069, -2.10919) -> 2847 (14.7613, -1.41516)
    1471 (1.79756, -10.9248) -> 3215 (2.70557, -9.72774)
    1472 (0.198646, -22.0992) -> 2361 (0.753337, -20.7638)
    1473 (5.85519, -1.86937) -> 13 (5.19074, -0.230029)
    1474 (12.4302, -5.29777) -> 2690 (11.7113, -3.5778)
    1475 (3.42765, -27.505) -> 3857 (3.31075, -26.2907)
    1476 (21.3274, 16.4358) -> 1609 (20.3059, 14.7467)
    1477 (19.1143, -33.2035) -> 2301 (19.5859, -31.2801)
    1478 (18.376, -1.15541) -> 2565 (17.5572, -0.865151)
    1479 (0.49909, -11.0957) -> 1837 (1.16209, -9.7077)
    1480 (20.38, -11.1563) -> 3881 (20.4185, -11.1522)
    1481 (10.1763, -48.4305) -> 1297 (10.2737, -46.5984)
    1482 (14.6488, -43.9319) -> 2447 (14.6366, -42.7584)
    1483 (4.59222, -19.1917) -> 1810 (4.56832, -18.8761)
    1484 (14.9984, -42.9526) -> 3786 (14.0859, -41.3367)
    1485 (14.3825, -3.36494) -> 3447 (13.3783, -2.32217)
    1486 (0.199501, -12.6111) -> 3768 (0.108429, -11.4924)
    1487 (24.3263, -10.276) -> 3016 (23.4803, -9.83064)
    1488 (7.42206, 6.9563) -> 1233 (6.76665, 7.33452)
    1489 (13.4064, -26.1572) -> 293 (12.6485, -24.724)
    1490 (4.08367, -40.3961) -> 842 (4.07234, -38.9195)
    1491 (2.74305, -29.9579) -> 3776 (2.82381, -28.7441)
    1492 (8.82774, -20.5179) -> 1982 (8.30186, -18.9447)
    1493 (16.5378, 0.145015) -> 2294 (15.5405, 1.28119)
    1494 (23.3172, 2.29949) -> 3093 (22.3243, 2.28151)
    1495 (19.215, 1.44922) -> 3122 (18.0486, 2.32689)
    1496 (3.55751, 19.4326) -> 2429 (3.12448, 18.2712)
    1497 (14.3227, -31.7081) -> 2866 (14.0327, -30.3447)
    1498 (16.2562, -8.26285) -> 2792 (15.6656, -6.64154)
    1499 (2.88293, -24.1437) -> 3083 (2.57207, -22.7407)
    1500 (18.9525, -24.7528) -> 3228 (17.2554, -24.1106)
    1501 (24.6902, -3.58164) -> 3681 (23.8317, -2.78415)
    1502 (17.8046, -16.023) -> 2074 (16.5688, -15.2129)
    1503 (7.17002, -43.7951) -> 2758 (7.30337, -43.049)
    1504 (5.07064, -30.3565) -> 2119 (5.0972, -29.682)
    1505 (3.2879, -25.915) -> 3893 (3.5656, -24.4345)
    1506 (17.4426, -49.1564) -> 3248 (16.434, -48.0585)
    1507 (5.67226, -49.8615) -> 3498 (5.90913, -49.3351)
    1508 (1.56483, -32.0511) -> 1172 (2.11173, -30.7657)
    1509 (13.2866, -36.0475) -> 1899 (12.7555, -34.8171)
    1510 (19.1568, -9.56825) -> 3449 (18.9836, -9.01892)
    1511 (1.59124, 3.47825) -> 1934 (1.8529, 5.27569)
    1512 (1.44456, -45.0967) -> 3169 (2.42799, -43.7088)
    1513 (24.3665, -20.6524) -> 2860 (24.2082, -19.6165)
    1514 (22.133, -46.5137) -> 2433 (21.9266, -46.2501)
    1515 (6.61474, -27.0093) -> 1788 (6.15494, -25.4692)
    1516 (12.671, 4.78741) -> 3334 (11.161, 5.49093)
    1517 (13.2617, -22.6366) -> 3019 (12.9618, -20.9988)
    1518 (19.0008, -29.8547) -> 1938 (19.067, -28.8242)
    1519 (19.9732, -31.5874) -> 3926 (19.3233, -29.896)
    1520 (7.92582, 3.53449) -> 2441 (7.47668, 4.78773)
    1521 (3.7477, 1.48611) -> 3413 (3.74928, 1.72724)
    1522 (8.1723, -19.4552) -> 59 (8.00757, -18.095)
    1523 (6.6492, -9.85478) -> 1556 (5.77309, -8.46529)
    1524 (14.3999, 20.9394) -> 3536 (13.0539, 20.7321)
    1525 (9.57211, -23.5644) -> 668 (9.51959, -21.7234)
    1526 (17.3451, -45.4167) -> 3007 (16.9838, -44.0378)
    1527 (0.197345, -25.513) -> 1653 (0.0765707, -24.0587)
    1528 (1.63571, -11.9815) -> 2768 (1.38846, -11.4267)
    1529 (19.0596, -8.42235) -> 3040 (17.9663, -7.40665)
    1530 (6.8653, -12.6401) -> 3990 (6.62855, -10.9322)
    1531 (9.9043, 1.00774) -> 2783 (8.73413, 2.59971)
    1532 (12.168, 4.51681) -> 3334 (11.161, 5.49093)
    1533 (16.1704, 12.7859) -> 2575 (15.6867, 12.9527)
    1534 (20.5348, -10.7584) -> 2687 (19.5046, -10.2249)
    1535 (10.75, -3.62015) -> 2425 (10.3464, -2.83692)
    1536 (8.17103, -33.4912) -> 2963 (7.96383, -31.6953)
    1537 (9.19614, -5.42156) -> 2678 (9.07878, -4.78033)
    1538 (17.1163, -19.5785) -> 798 (16.2585, -18.3806)
    1539 (9.49677, 2.94834) -> 3541 (8.41969, 4.23134)
    1540 (22.8471, 9.13747) -> 3070 (22.6148, 9.15433)
    1541 (4.39222, -15.8489) -> 2653 (4.16905, -14.0479)
    1542 (14.7391, -45.1501) -> 3229 (14.3993, -44.6745)
    1543 (12.0223, -33.6799) -> 858 (11.1474, -32.0651)
    1544 (17.8979, 15.5165) -> 3259 (17.5917, 14.7336)
    1545 (15.52, -26.7052) -> 2348 (14.5182, -25.2094)
    1546 (11.9693, -0.720304) -> 2342 (10.7384, 0.762616)
    1547 (20.8352, -7.96978) -> 1379 (19.5664, -7.06519)
    1548 (19.9034, -8.45599) -> 1134 (18.7601, -7.16647)
    1549 (4.4169, 11.5536) -> 3487 (3.31062, 11.9258)
    1550 (8.97831, -4.4733) -> 2033 (8.83725, -2.55307)
    1551 (22.3511, 16.6184) -> 3317 (21.4713, 16.0731)
    1552 (12.8739, -0.138046) -> 3959 (11.8399, 0.566506)
    1553 (24.9262, 23.6799) -> 3181 (24.0283, 21.9741)
    1554 (24.6195, 12.2835) -> 1356 (23.847, 11.9195)
    1555 (9.22402, -11.3138) -> 884 (8.50627, -9.7945)
    1556 (5.77309, -8.46529) -> 1235 (5.58201, -6.71052)
    1557 (8.33256, -44.1078) -> 516 (7.42321, -42.8777)
    1558 (10.3791, -21.2095) -> 2402 (10.1464, -20.1828)
    1559 (14.661, -17.7922) -> 1225 (14.0902, -16.6907)
    1560 (22.6594, -20.7947) -> 3297 (22.3038, -19.9545)
    1561 (10.809, 20.1969) -> 1681 (9.16247, 19.9453)
    1562 (12.9384, 15.8787) -> 3655 (14.0241, 14.2718)
    1563 (12.1602, 17.2672) -> 3806 (10.7351, 16.6667)
    1564 (7.98537, -16.9477) -> 2922 (7.67397, -16.204)
    1565 (10.6984, -22.495) -> 1558 (10.3791, -21.2095)
    1566 (22.374, 18.6555) -> 3197 (22.5701, 18.2852)
    1567 (7.18462, -31.694) -> 3407 (7.39187, -30.1432)
    1568 (3.87752, -25.2008) -> 2839 (3.75651, -24.6673)
    1569 (3.14982, 19.9913) -> 3310 (3.0467, 19.5328)
    1570 (6.46799, -47.4497) -> 2852 (6.60662, -46.379)
    1571 (21.3403, -44.6113) -> 3878 (21.1871, -43.0784)
    1572 (1.28862, 6.56708) -> 3838 (0.907999, 7.48944)
    1573 (11.1176, -12.5124) -> 3166 (10.2808, -11.5652)
    1574 (14.4119, -22.2162) -> 3019 (12.9618, -20.9988)
    1575 (17.0886, -35.5923) -> 3119 (17.1531, -35.182)
    1576 (0.927358, -30.4874) -> 3911 (1.51737, -28.6976)
    1577 (18.1865, -18.9798) -> 3746 (17.9026, -17.3284)
    1578 (15.4825, -36.0683) -> 3061 (15.4636, -34.8642)
    1579 (13.2856, 8.91635) -> 2782 (11.3506, 9.35772)
    1580 (1.83565, -21.592) -> 3993 (2.38818, -21.3806)
    1581 (11.8668, -18.2761) -> 3152 (10.8359, -16.7832)
    1582 (4.72333, -8.73285) -> 3521 (4.22557, -8.53784)
    1583 (1.75722, -30.6027) -> 3911 (1.51737, -28.6976)
    1584 (12.8432, -26.1485) -> 503 (12.4465, -24.267)
    1585 (8.47366, 1.44977) -> 3235 (8.00845, 2.86059)
    1586 (11.2054, -43.438) -> 3323 (11.75, -42.4079)
    1587 (18.128, 13.9426) -> 3284 (17.9279, 12.6618)
    1588 (24.8885, 9.48327) -> 1762 (23.2806, 9.80395)
    1589 (0.807503, -2.55937) -> 167 (0.922539, -1.81053)
    1590 (2.23411, -45.2602) -> 3169 (2.42799, -43.7088)
    1591 (7.74196, -3.54703) -> 3531 (7.27346, -1.89965)
    1592 (15.0674, -29.1555) -> 1602 (14.7521, -27.3574)
    1593 (21.1072, -6.81793) -> 3688 (19.6522, -5.48419)
    1594 (24.4018, -49.7553) -> 3335 (24.3165, -48.5489)
    1595 (16.8251, 18.3351) -> 2869 (16.7073, 17.9328)
    1596 (18.7075, -37.6225) -> 3644 (18.1642, -35.9488)
    1597 (4.8296, 19.7543) -> 2821 (3.95467, 18.5778)
    1598 (14.6049, -29.3183) -> 1602 (14.7521, -27.3574)
    1599 (14.4594, -7.14065) -> 3029 (14.1855, -5.73858)
    1600 (3.47506, 22.2513) -> 2942 (2.91405, 20.4409)
    1601 (5.31567, -35.4713) -> 3058 (5.53226, -34.4614)
    1602 (14.7521, -27.3574) -> 3306 (14.5393, -26.5899)
    1603 (15.3736, -5.89283) -> 3059 (14.4127, -4.70809)
    1604 (5.05578, -7.60639) -> 2744 (4.38125, -5.725)
    1605 (2.64344, -36.6078) -> 2951 (2.85418, -35.8821)
    1606 (19.2166, 5.08786) -> 3446 (17.6096, 6.04342)
    1607 (24.5476, -36.8583) -> 3771 (24.3527, -35.9486)
    1608 (23.8237, -31.763) -> 3132 (23.4223, -30.6662)
    1609 (20.3059, 14.7467) -> 3577 (18.7687, 13.6091)
    1610 (3.22921, -13.929) -> 3509 (3.37105, -12.8011)
    1611 (16.641, -13.9402) -> 3295 (15.8243, -12.5592)
    1612 (23.5265, -47.003) -> 3084 (23.5881, -46.5955)
    1613 (24.0245, 0.120342) -> 3076 (22.0752, 0.193933)
    1614 (3.31885, -26.3938) -> 3893 (3.5656, -24.4345)
    1615 (17.0388, -47.4998) -> 3113 (17.2349, -45.7885)
    1616 (4.73659, 10.8237) -> 3379 (3.89485, 11.2781)
    1617 (0.226458, -35.4977) -> 2676 (1.44983, -34.4845)
    1618 (8.51729, -8.85253) -> 837 (7.82323, -7.78696)
    1619 (17.6992, -40.8666) -> 2729 (16.9851, -39.9383)
    1620 (9.89687, -2.7994) -> 3597 (9.28435, -1.83307)
    1621 (9.42519, 8.93011) -> 3183 (8.97625, 9.31028)
    1622 (21.4433, -12.514) -> 3881 (20.4185, -11.1522)
    1623 (24.4219, -33.0536) -> 3863 (23.7695, -31.7792)
    1624 (24.4638, -18.0282) -> 2181 (23.8242, -16.5325)
    1625 (24.084, 6.84188) -> 3790 (22.1949, 7.37313)
    1626 (14.3999, -12.31) -> 2208 (14.1382, -10.5003)
    1627 (5.84659, -22.2904) -> 3595 (5.54976, -20.5246)
    1628 (22.8071, 20.7577) -> 3309 (22.5678, 19.1834)
    1629 (7.78304, 13.8425) -> 2101 (7.66998, 13.6274)
    1630 (13.4136, -35.2302) -> 3501 (12.8688, -33.3305)
    1631 (22.3365, 6.09468) -> 2302 (21.1882, 6.66714)
    1632 (16.397, -32.8775) -> 3871 (15.9154, -31.1822)
    1633 (1.97291, -14.614) -> 1250 (1.79696, -13.3583)
    1634 (1.59511, 12.0648) -> 2817 (1.36906, 13.1315)
    1635 (14.6667, -34.8865) -> 3355 (13.8702, -33.6802)
    1636 (16.801, -46.1076) -> 3658 (16.1855, -44.2399)
    1637 (19.68, 22.9125) -> 2150 (19.0715, 22.2088)
    1638 (12.7287, -39.7303) -> 3001 (11.9121, -38.477)
    1639 (5.91094, -49.1944) -> 1388 (6.5696, -47.3122)
    1640 (0.841951, -6.94748) -> 397 (1.23937, -6.06166)
    1641 (0.393818, -43.708) -> 3200 (0.402585, -42.9911)
    1642 (15.0554, -21.5658) -> 843 (13.7961, -20.1516)
    1643 (24.8438, -15.691) -> 2463 (23.7708, -14.9253)
    1644 (8.39974, -0.646482) -> 3065 (8.3429, -0.604938)
    1645 (6.53818, -22.2452) -> 30 (6.42733, -20.5651)
    1646 (12.6176, -17.3976) -> 289 (11.4479, -16.1616)
    1647 (6.07583, 3.94242) -> 520 (5.616, 5.28278)
    1648 (19.6703, -29.3526) -> 1938 (19.067, -28.8242)
    1649 (2.32911, -0.0825223) -> 2688 (2.08103, 0.791914)
    1650 (19.0542, 15.9432) -> 3259 (17.5917, 14.7336)
    1651 (21.4227, -23.2819) -> 3934 (20.8868, -21.8842)
    1652 (3.05714, 1.50541) -> 2511 (2.95634, 2.65036)
    1653 (0.0765707, -24.0587) -> 2767 (0.0318182, -23.1331)
    1654 (15.6113, 21.8283) -> 3024 (16.1006, 20.2989)
    1655 (12.8996, -22.9272) -> 3019 (12.9618, -20.9988)
    1656 (23.0168, 3.22294) -> 3548 (22.0281, 3.61621)
    1657 (17.6493, -8.60809) -> 2227 (16.7367, -7.22285)
    1658 (21.6592, 5.00552) -> 3622 (20.3925, 5.68909)
    1659 (5.01706, -14.8771) -> 3360 (4.86966, -14.5669)
    1660 (5.01037, -23.2197) -> 432 (4.6707, -21.6485)
    1661 (12.7451, 21.9354) -> 3536 (13.0539, 20.7321)
    1662 (15.8489, -2.79945) -> 2847 (14.7613, -1.41516)
    1663 (9.44244, 5.61965) -> 3338 (8.20694, 7.0801)
    1664 (16.1856, 17.0846) -> 1979 (16.0156, 16.3401)
    1665 (16.7622, -3.19861) -> 3798 (15.4816, -1.85192)
    1666 (23.741, -24.7955) -> 2266 (22.7076, -23.0832)
    1667 (6.77734, 22.0109) -> 2195 (5.92735, 20.5988)
    1668 (24.7123, -18.621) -> 1334 (24.7764, -17.8053)
    1669 (21.8913, -37.8623) -> 2091 (21.9668, -36.5532)
    1670 (6.08006, 10.4828) -> 1616 (4.73659, 10.8237)
    1671 (7.91816, -4.5461) -> 3060 (7.2178, -3.42934)
    1672 (17.2504, -24.5492) -> 3228 (17.2554, -24.1106)
    1673 (19.6364, 20.0408) -> 2451 (19.0682, 19.6428)
    1674 (0.787462, 19.9957) -> 3179 (0.9785, 18.9047)
    1675 (11.5642, -6.75399) -> 3220 (10.65, -5.16684)
    1676 (20.3563, -35.2302) -> 1907 (19.8821, -34.496)
    1677 (23.7805, 0.576604) -> 1951 (23.1423, 1.25483)
    1678 (23.8777, 14.3215) -> 3459 (23.2326, 13.2704)
    1679 (9.00235, -15.4836) -> 3373 (8.39323, -13.8083)
    1680 (8.13207, -9.85132) -> 2233 (7.72578, -8.78161)
    1681 (9.16247, 19.9453) -> 480 (7.65337, 19.1069)
    1682 (6.23661, 18.3112) -> 2908 (5.86602, 18.3081)
    1683 (24.455, 17.8032) -> 498 (23.9503, 16.4755)
    1684 (23.381, -22.941) -> 2889 (22.4238, -21.5964)
    1685 (17.3331, -44.1226) -> 2172 (16.831, -42.6042)
    1686 (24.6915, -10.2262) -> 3326 (23.2284, -9.11775)
    1687 (22.1639, 20.4585) -> 3309 (22.5678, 19.1834)
    1688 (10.6981, -45.4817) -> 1061 (10.552, -43.909)
    1689 (23.3924, -12.1162) -> 3901 (22.8495, -11.6787)
    1690 (9.19737, -48.5451) -> 2874 (9.3348, -47.4279)
    1691 (19.6776, -47.9711) -> 1459 (19.131, -46.588)
    1692 (8.62661, 19.5517) -> 3547 (7.37835, 18.8053)
    1693 (10.759, -37.7662) -> 3822 (10.6076, -36.3179)
    1694 (16.0265, -6.90308) -> 3085 (15.6637, -5.48838)
    1695 (20.0814, 15.6837) -> 2896 (18.7969, 14.5057)
    1696 (2.68338, 19.9856) -> 784 (2.38177, 19.0667)
    1697 (8.08164, -13.461) -> 1168 (7.86572, -11.858)
    1698 (5.1099, -8.93604) -> 3796 (5.22796, -8.27708)
    1699 (12.5303, 2.09158) -> 3028 (12.3686, 2.28884)
    1700 (10.7265, -23.0875) -> 1558 (10.3791, -21.2095)
    1701 (13.6746, 10.5779) -> 1166 (12.3873, 9.65105)
    1702 (0.598822, 9.67241) -> 145 (0.900479, 10.2977)
    1703 (12.9776, -49.899) -> 2221 (13.2287, -48.1358)
    1704 (5.7542, -10.7682) -> 1698 (5.1099, -8.93604)
    1705 (12.0779, -19.4907) -> 2844 (10.7692, -18.3335)
    1706 (22.6813, -26.6427) -> 3811 (21.6401, -25.0137)
    1707 (23.3338, -18.2435) -> 3991 (23.0628, -17.8051)
    1708 (10.3155, 16.4428) -> 3444 (8.51154, 15.7498)
    1709 (17.4068, 17.0924) -> 3299 (17.311, 17.0033)
    1710 (6.06386, -37.82) -> 3877 (6.17632, -36.3644)
    1711 (9.33193, 24.8016) -> 191 (8.53155, 23.293)
    1712 (13.132, -7.94735) -> 3543 (13.1918, -8.04541)
    1713 (10.5756, -11.4589) -> 39 (9.81391, -9.81262)
    1714 (16.6087, 4.94513) -> 3944 (15.3125, 5.3874)
    1715 (17.3071, 13.2797) -> 2359 (17.3806, 11.637)
    1716 (9.97447, -4.1368) -> 2801 (9.09462, -2.40473)
    1717 (23.4258, 10.7997) -> 688 (22.0104, 10.7872)
    1718 (1.92482, 7.33247) -> 2997 (1.71457, 9.15821)
    1719 (14.1221, -38.6061) -> 224 (13.5538, -36.8282)
    1720 (7.14912, -32.9212) -> 3735 (7.54484, -31.351)
    1721 (12.9423, 1.79583) -> 3028 (12.3686, 2.28884)
    1722 (18.9926, 10.734) -> 2927 (18.5795, 10.8508)
    1723 (5.58584, -37.7834) -> 1820 (5.28623, -36.0646)
    1724 (16.046, -29.8654) -> 2043 (15.1643, -28.3342)
    1725 (2.97884, -36.3741) -> 2914 (3.3814, -35.6684)
    1726 (6.05477, -48.8579) -> 1388 (6.5696, -47.3122)
    1727 (10.037, -22.2121) -> 2549 (9.49189, -20.9868)
    1728 (18.3476, 12.9034) -> 3284 (17.9279, 12.6618)
    1729 (17.053, -34.0936) -> 3701 (16.9201, -33.2797)
    1730 (3.06264, -14.5907) -> 3509 (3.37105, -12.8011)
    1731 (20.7065, -10.3194) -> 1510 (19.1568, -9.56825)
    1732 (22.8593, 21.0922) -> 3309 (22.5678, 19.1834)
    1733 (18.5763, -17.2968) -> 2175 (17.3868, -16.0071)
    1734 (9.00586, -10.603) -> 884 (8.50627, -9.7945)
    1735 (24.6973, 23.5504) -> 3239 (23.4522, 22.0479)
    1736 (22.8464, -37.5177) -> 2886 (22.1107, -35.7726)
    1737 (7.34984, 6.50827) -> 1872 (6.55347, 7.11613)
    1738 (21.1038, -27.7163) -> 3929 (20.6634, -25.8101)
    1739 (15.5742, 13.109) -> 177 (14.4231, 12.0214)
    1740 (16.1457, -49.3594) -> 3383 (15.5305, -47.567)
    1741 (3.97295, -8.48186) -> 2701 (3.60569, -6.81744)
    1742 (2.10396, -45.7974) -> 2796 (2.22356, -44.4333)
    1743 (22.5302, -48.8585) -> 3880 (22.4755, -48.6137)
    1744 (24.0941, -30.4338) -> 3234 (23.7443, -28.9034)
    1745 (10.0915, -1.89222) -> 3463 (9.15795, -0.94281)
    1746 (8.39191, 7.32515) -> 3624 (7.11107, 8.13748)
    1747 (14.7891, -5.37384) -> 3059 (14.4127, -4.70809)
    1748 (10.8496, -45.6023) -> 2475 (11.0919, -44.6845)
    1749 (3.51662, -20.0507) -> 3846 (3.5943, -19.0747)
    1750 (19.7747, -35.3708) -> 1907 (19.8821, -34.496)
    1751 (10.485, -2.64459) -> 3464 (9.74429, -1.63678)
    1752 (11.0233, 0.995146) -> 926 (9.92412, 2.56507)
    1753 (2.02874, -8.20971) -> 3369 (1.76778, -7.27339)
    1754 (6.71103, -49.2559) -> 3431 (7.00102, -47.8726)
    1755 (10.2887, 23.7827) -> 2698 (8.77132, 22.7811)
    1756 (14.5171, -32.2965) -> 3994 (14.501, -31.6194)
    1757 (2.56713, -18.9955) -> 3680 (2.41221, -17.461)
    1758 (11.6668, -6.7453) -> 3220 (10.65, -5.16684)
    1759 (2.40114, -15.0418) -> 1610 (3.22921, -13.929)
    1760 (7.15585, -15.7255) -> 3100 (7.00215, -14.883)
    1761 (3.88627, 18.1889) -> 1066 (3.62213, 17.642)
    1762 (23.2806, 9.80395) -> 3283 (21.579, 10.3484)
    1763 (13.7131, -23.2612) -> 978 (13.1861, -22.3822)
    1764 (22.5531, 9.99916) -> 3283 (21.579, 10.3484)
    1765 (21.1669, -17.9997) -> 2390 (20.4948, -17.6004)
    1766 (21.287, 2.81255) -> 3313 (19.6799, 2.87233)
    1767 (4.72567, -7.58772) -> 2744 (4.38125, -5.725)
    1768 (8.79921, -25.4387) -> 1217 (8.91857, -24.0575)
    1769 (13.4965, -7.65502) -> 3357 (12.8513, -5.87292)
    1770 (21.9343, -32.8826) -> 3755 (21.4652, -31.3897)
    1771 (5.01842, 1.28113) -> 3815 (4.781, 2.79099)
    1772 (20.101, -43.451) -> 2897 (19.4561, -42.9459)
    1773 (9.49137, -43.4687) -> 3546 (9.31316, -42.1266)
    1774 (16.5947, -14.0148) -> 3295 (15.8243, -12.5592)
    1775 (18.9112, -17.1547) -> 2397 (18.8423, -16.2445)
    1776 (5.20627, -6.53923) -> 1099 (5.58993, -4.88551)
    1777 (17.9171, 8.23646) -> 1360 (16.2197, 8.4931)
    1778 (3.38402, 11.2432) -> 311 (1.83358, 12.273)
    1779 (22.3844, -40.8264) -> 2949 (22.4471, -39.6469)
    1780 (16.8013, -32.6148) -> 3871 (15.9154, -31.1822)
    1781 (14.1915, -40.5953) -> 573 (13.7266, -39.5911)
    1782 (0.403533, -23.4218) -> 3953 (0.824901, -22.6578)
    1783 (1.87271, -20.5231) -> 3743 (1.65702, -19.4303)
    1784 (20.7809, -48.2367) -> 462 (19.9244, -47.0228)
    1785 (3.23278, -40.5602) -> 3174 (3.4413, -39.3051)
    1786 (12.4579, 5.47204) -> 3816 (11.0086, 6.66464)
    1787 (23.658, 3.17128) -> 3548 (22.0281, 3.61621)
    1788 (6.15494, -25.4692) -> 584 (6.38079, -23.9709)
    1789 (6.46738, -27.6617) -> 3486 (6.30833, -26.5808)
    1790 (0.470976, -3.40128) -> 3772 (1.53344, -3.14327)
    1791 (24.9244, -14.6258) -> 633 (23.2923, -13.6542)
    1792 (21.2235, 7.06289) -> 2034 (19.8859, 7.69559)
    1793 (6.6078, 17.9046) -> 1390 (6.21018, 17.6597)
    1794 (0.622252, -31.2417) -> 1576 (0.927358, -30.4874)
    1795 (0.12107, -14.9274) -> 3052 (0.404668, -13.653)
    1796 (16.6754, -48.0772) -> 2990 (16.1504, -47.2433)
    1797 (21.8028, -8.68557) -> 1547 (20.8352, -7.96978)
    1798 (17.0272, -17.3098) -> 3876 (16.5328, -16.2334)
    1799 (21.6348, -15.7227) -> 1072 (21.6876, -14.1091)
    1800 (12.2639, -29.545) -> 3537 (12.0449, -28.4594)
    1801 (4.80596, 5.70512) -> 3017 (4.87107, 7.21627)
    1802 (19.3253, 24.4263) -> 3535 (19.2756, 24.1356)
    1803 (3.76221, -49.0285) -> 2307 (3.3831, -47.6314)
    1804 (9.77344, 23.423) -> 2698 (8.77132, 22.7811)
    1805 (10.6744, 17.1768) -> 2759 (9.40638, 16.6997)
    1806 (18.2252, -46.0061) -> 613 (17.6268, -44.4112)
    1807 (7.08332, 4.42594) -> 2971 (6.13413, 5.16883)
    1808 (17.6565, -3.48232) -> 1662 (15.8489, -2.79945)
    1809 (0.798887, -41.3603) -> 3127 (1.00841, -39.5942)
    1810 (4.56832, -18.8761) -> 3619 (4.18833, -17.198)
    1811 (21.0888, -47.8103) -> 3902 (20.868, -47.5842)
    1812 (2.60603, 16.5833) -> 374 (1.78964, 15.6943)
    1813 (12.5872, 5.9027) -> 3816 (11.0086, 6.66464)
    1814 (0.536667, -25.8663) -> 1653 (0.0765707, -24.0587)
    1815 (19.6217, -38.9747) -> 1596 (18.7075, -37.6225)
    1816 (13.0236, -46.2615) -> 123 (13.2139, -45.7766)
    1817 (23.3969, -13.3142) -> 2900 (22.1366, -12.3885)
    1818 (13.4262, -42.5892) -> 2868 (13.4672, -41.0203)
    1819 (8.28176, -39.9825) -> 3298 (8.75891, -38.2121)
    1820 (5.28623, -36.0646) -> 3058 (5.53226, -34.4614)
    1821 (9.51683, -2.36513) -> 3597 (9.28435, -1.83307)
    1822 (18.6807, 22.1558) -> 2006 (18.4138, 21.201)
    1823 (21.4224, -34.5224) -> 1998 (21.3672, -33.9405)
    1824 (12.064, -29.8202) -> 3537 (12.0449, -28.4594)
    1825 (17.3804, -15.0326) -> 2615 (16.5203, -13.7095)
    1826 (7.02208, -41.9793) -> 3898 (7.2643, -41.4853)
    1827 (17.6609, -16.0451) -> 2074 (16.5688, -15.2129)
    1828 (15.1981, 23.0762) -> 1983 (13.6668, 22.3737)
    1829 (20.2244, -15.5704) -> 3703 (18.7604, -14.5436)
    1830 (15.0783, -40.4409) -> 3939 (14.8924, -38.4522)
    1831 (4.23603, -39.8155) -> 842 (4.07234, -38.9195)
    1832 (19.5916, -11.4456) -> 3266 (18.8095, -10.0817)
    1833 (6.19028, 23.9466) -> 1120 (5.21853, 23.2293)
    1834 (7.59555, -14.6944) -> 471 (7.56026, -13.2864)
    1835 (2.30709, -33.5266) -> 3125 (2.12293, -32.2059)
    1836 (22.3064, -27.2968) -> 2822 (21.4991, -25.6673)
    1837 (1.16209, -9.7077) -> 1074 (0.899391, -7.74438)
    1838 (9.07229, -36.6393) -> 238 (9.47718, -35.6719)
    1839 (24.9415, 7.19996) -> 1091 (23.0759, 7.67864)
    1840 (12.73, -23.5183) -> 1281 (11.6805, -22.3635)
    1841 (4.62166, -16.3827) -> 3429 (4.15958, -14.695)
    1842 (20.5329, -45.608) -> 3063 (20.1608, -45.1079)
    1843 (16.8674, -6.83226) -> 3085 (15.6637, -5.48838)
    1844 (5.91997, 4.61346) -> 1921 (5.21535, 6.2031)
    1845 (23.2101, 21.9914) -> 1628 (22.8071, 20.7577)
    1846 (15.0536, 5.55479) -> 3203 (13.4759, 6.30054)
    1847 (10.2066, -39.2109) -> 3807 (9.65397, -37.3905)
    1848 (15.5711, 2.70292) -> 2733 (14.1824, 3.79759)
    1849 (20.6417, -24.2615) -> 1941 (20.014, -22.7838)
    1850 (3.84335, -11.104) -> 2989 (3.44124, -9.44163)
    1851 (22.739, 15.5391) -> 2596 (22.4784, 14.627)
    1852 (14.3303, -37.1726) -> 2749 (13.8479, -36.2418)
    1853 (4.06894, 2.25664) -> 2906 (4.04103, 3.9458)
    1854 (20.0332, -26.1532) -> 3714 (19.9706, -25.3876)
    1855 (14.3562, -38.6261) -> 3504 (14.6188, -37.8083)
    1856 (23.425, -37.8508) -> 3217 (22.1843, -36.9)
    1857 (7.55766, 8.17871) -> 3932 (6.46463, 9.04239)
    1858 (13.8231, -8.61214) -> 3543 (13.1918, -8.04541)
    1859 (16.0502, -14.0719) -> 2483 (15.0077, -12.7338)
    1860 (2.99966, -24.8811) -> 1499 (2.88293, -24.1437)
    1861 (21.0373, -5.53409) -> 3892 (20.1079, -4.48249)
    1862 (19.8294, -24.2967) -> 2599 (19.7015, -22.7162)
    1863 (8.12468, -27.4799) -> 3557 (7.971, -25.9826)
    1864 (1.71784, 22.7409) -> 1149 (1.7224, 20.8712)
    1865 (8.45356, -24.467) -> 3209 (8.8629, -23.0693)
    1866 (7.01894, -34.4334) -> 1720 (7.14912, -32.9212)
    1867 (6.77449, -15.5829) -> 2277 (6.6826, -13.7061)
    1868 (14.8483, -43.2181) -> 1288 (14.256, -42.0908)
    1869 (11.927, -28.9864) -> 3470 (11.499, -27.5354)
    1870 (20.1519, -2.20364) -> 948 (19.3018, -1.43513)
    1871 (6.03601, 3.05226) -> 20 (5.68194, 4.38429)
    1872 (6.55347, 7.11613) -> 2089 (5.62256, 8.35373)
    1873 (15.037, -15.2552) -> 3225 (14.7398, -13.529)
    1874 (7.45237, 13.5691) -> 522 (6.35499, 12.8725)
    1875 (24.2077, -0.768456) -> 609 (22.4634, -0.273728)
    1876 (4.49672, 8.0069) -> 1436 (3.82051, 9.0035)
    1877 (2.63026, 11.0941) -> 2095 (1.52019, 12.5282)
    1878 (24.1929, -7.20827) -> 3992 (23.6665, -6.13643)
    1879 (2.6466, 3.92311) -> 3788 (2.56978, 4.55066)
    1880 (24.0193, 4.93137) -> 2406 (22.9166, 5.70237)
    1881 (21.4257, -20.4031) -> 2449 (20.4167, -18.9705)
    1882 (10.3795, -45.2038) -> 1061 (10.552, -43.909)
    1883 (7.00727, -8.97348) -> 3906 (6.45936, -7.57171)
    1884 (2.06131, -46.8691) -> 2487 (2.85402, -45.0383)
    1885 (12.9066, 1.45756) -> 3028 (12.3686, 2.28884)
    1886 (23.5353, 22.7203) -> 3718 (23.2874, 21.6547)
    1887 (22.5749, -6.09575) -> 3505 (20.7006, -6.03843)
    1888 (4.98944, 2.7387) -> 2906 (4.04103, 3.9458)
    1889 (0.590863, -41.53) -> 2736 (0.884648, -40.727)
    1890 (15.9331, 10.0707) -> 3968 (14.2977, 9.3806)
    1891 (18.0145, -44.5191) -> 3328 (17.9325, -43.3175)
    1892 (12.3338, 17.6462) -> 3806 (10.7351, 16.6667)
    1893 (3.45821, -0.158937) -> 3496 (3.26336, 1.0021)
    1894 (6.78266, 19.507) -> 583 (5.62941, 18.2484)
    1895 (16.9623, 2.63695) -> 2935 (16.9841, 2.91071)
    1896 (1.96976, -8.31511) -> 3369 (1.76778, -7.27339)
    1897 (14.9466, 17.9838) -> 3185 (14.9574, 16.0874)
    1898 (23.386, -48.1465) -> 3647 (22.9898, -47.0385)
    1899 (12.7555, -34.8171) -> 2464 (12.2656, -33.662)
    1900 (2.32056, -36.8693) -> 2951 (2.85418, -35.8821)
    1901 (11.8516, -15.2192) -> 2559 (11.2354, -13.6608)
    1902 (15.9146, -27.7445) -> 3306 (14.5393, -26.5899)
    1903 (23.6132, 10.8537) -> 688 (22.0104, 10.7872)
    1904 (15.7409, -26.7116) -> 3258 (15.3293, -25.7589)
    1905 (4.54795, 21.1856) -> 3910 (4.23618, 20.266)
    1906 (18.3784, -19.4159) -> 2052 (18.2358, -18.525)
    1907 (19.8821, -34.496) -> 943 (20.0872, -32.9694)
    1908 (8.31849, -43.8253) -> 516 (7.42321, -42.8777)
    1909 (20.7589, -23.7281) -> 1941 (20.014, -22.7838)
    1910 (1.87446, 10.5589) -> 2887 (1.82842, 10.9904)
    1911 (20.4279, -5.72558) -> 3302 (19.9526, -5.08155)
    1912 (16.1912, -12.4396) -> 2985 (14.9964, -11.2979)
    1913 (14.3531, -21.8875) -> 3019 (12.9618, -20.9988)
    1914 (2.47135, -40.0984) -> 3787 (2.45899, -39.0773)
    1915 (19.0447, -20.249) -> 3340 (18.5212, -18.907)
    1916 (20.9105, -49.2996) -> 2085 (20.5156, -48.1654)
    1917 (17.5134, 19.7203) -> 2869 (16.7073, 17.9328)
    1918 (21.002, -29.289) -> 3482 (21.1164, -27.9116)
    1919 (19.5669, 14.9531) -> 3577 (18.7687, 13.6091)
    1920 (23.6334, -45.1539) -> 2960 (23.3202, -44.5207)
    1921 (5.21535, 6.2031) -> 1876 (4.49672, 8.0069)
    1922 (20.8267, -9.72443) -> 1548 (19.9034, -8.45599)
    1923 (14.5004, 5.02786) -> 3907 (12.722, 5.39084)
    1924 (8.63314, -31.4099) -> 3781 (8.18427, -30.0743)
    1925 (5.01609, -31.34) -> 2119 (5.0972, -29.682)
    1926 (7.62173, -33.5582) -> 883 (7.47968, -32.2843)
    1927 (21.6177, -14.7193) -> 3733 (21.0476, -12.9417)
    1928 (2.79657, 14.5723) -> 0 (1, 15)
    1929 (23.8536, 10.5335) -> 688 (22.0104, 10.7872)
    1930 (4.72744, -16.2809) -> 3429 (4.15958, -14.695)
    1931 (23.0178, -25.5703) -> 3648 (22.2079, -24.7496)
    1932 (5.93865, -18.2834) -> 2141 (6.00763, -16.656)
    1933 (20.9605, -41.7217) -> 1108 (20.3438, -40.812)
    1934 (1.8529, 5.27569) -> 1256 (2.20465, 6.39372)
    1935 (0.128619, 2.9236) -> 2304 (0.363811, 4.88797)
    1936 (24.4423, 9.37582) -> 3070 (22.6148, 9.15433)
    1937 (15.5914, -34.8377) -> 1075 (15.045, -33.8009)
    1938 (19.067, -28.8242) -> 196 (18.1232, -27.2831)
    1939 (13.6578, -48.2299) -> 2724 (13.4259, -47.168)
    1940 (19.0152, -25.9289) -> 892 (17.9955, -25.3118)
    1941 (20.014, -22.7838) -> 2833 (19.8997, -21.2158)
    1942 (16.1265, 1.94117) -> 3843 (14.2894, 2.70657)
    1943 (2.15509, -11.3031) -> 3913 (2.98688, -9.73036)
    1944 (1.02453, -11.6871) -> 1837 (1.16209, -9.7077)
    1945 (2.64543, -46.992) -> 2487 (2.85402, -45.0383)
    1946 (13.1074, -34.0942) -> 2439 (12.6212, -33.1859)
    1947 (1.94193, 15.5254) -> 0 (1, 15)
    1948 (20.0305, -31.8091) -> 1014 (19.8269, -30.4045)
    1949 (0.340637, -30.5234) -> 3598 (0.853156, -28.9694)
    1950 (22.9276, 3.0627) -> 3548 (22.0281, 3.61621)
    1951 (23.1423, 1.25483) -> 3488 (21.6845, 1.62937)
    1952 (12.1453, 0.453875) -> 3020 (11.0248, 1.5801)
    1953 (10.9315, -25.9307) -> 3592 (10.6773, -24.051)
    1954 (19.7373, -17.863) -> 3886 (19.2351, -16.9717)
    1955 (22.326, -31.8328) -> 3895 (22.0965, -31.0608)
    1956 (5.74478, -36.1489) -> 3058 (5.53226, -34.4614)
    1957 (7.48684, -46.0976) -> 619 (7.18503, -44.6599)
    1958 (7.99909, -14.2558) -> 2665 (7.91224, -13.1505)
    1959 (23.6353, -35.8752) -> 2117 (22.8481, -34.3273)
    1960 (12.2173, -27.0361) -> 2846 (11.9614, -25.6693)
    1961 (2.32113, -44.1817) -> 3169 (2.42799, -43.7088)
    1962 (1.97447, -39.6632) -> 2474 (1.9828, -39.0385)
    1963 (7.90611, -26.9542) -> 3557 (7.971, -25.9826)
    1964 (24.6328, 2.81483) -> 3900 (22.8277, 3.4533)
    1965 (2.07069, 21.6531) -> 620 (1.6242, 19.8518)
    1966 (15.6796, -24.6265) -> 460 (14.8259, -23.2389)
    1967 (19.7269, 13.2139) -> 3177 (18.449, 12.7188)
    1968 (20.1727, 12.8462) -> 2603 (19.4486, 11.9639)
    1969 (19.5971, -46.1752) -> 108 (18.5022, -45.0435)
    1970 (4.13416, -43.0339) -> 2205 (4.27113, -41.2035)
    1971 (23.083, -29.862) -> 2834 (22.7736, -29.2277)
    1972 (21.4092, -30.8517) -> 3144 (20.2114, -29.6071)
    1973 (23.9761, -44.0445) -> 2237 (23.6184, -42.2593)
    1974 (18.6403, -27.5616) -> 3476 (18.0023, -25.9131)
    1975 (21.5063, 14.592) -> 3072 (20.4432, 13.2503)
    1976 (7.55847, -47.8097) -> 635 (7.40226, -46.0135)
    1977 (7.53255, -38.836) -> 3034 (7.84262, -37.066)
    1978 (7.92037, -14.6005) -> 2665 (7.91224, -13.1505)
    1979 (16.0156, 16.3401) -> 2519 (15.7032, 14.5987)
    1980 (0.315877, 4.98772) -> 3282 (0.787634, 6.8846)
    1981 (7.70895, -28.5027) -> 3715 (6.84787, -27.1572)
    1982 (8.30186, -18.9447) -> 2004 (8.55943, -17.1095)
    1983 (13.6668, 22.3737) -> 3536 (13.0539, 20.7321)
    1984 (7.31519, -9.25213) -> 2631 (7.20996, -7.85693)
    1985 (23.0764, -33.7069) -> 2580 (22.9385, -31.9546)
    1986 (13.2163, -3.77499) -> 3117 (12.7968, -2.64055)
    1987 (19.5229, -17.2288) -> 3886 (19.2351, -16.9717)
    1988 (4.71261, 17.6821) -> 794 (3.46519, 17.2744)
    1989 (3.86189, -8.05792) -> 2701 (3.60569, -6.81744)
    1990 (2.02184, -40.6776) -> 3787 (2.45899, -39.0773)
    1991 (23.5414, 18.7373) -> 2902 (22.9708, 16.8255)
    1992 (17.896, 3.40191) -> 3818 (16.7404, 3.71392)
    1993 (10.5759, -0.270228) -> 1531 (9.9043, 1.00774)
    1994 (18.2404, -14.1421) -> 3460 (17.6286, -12.2496)
    1995 (21.6963, -15.3489) -> 1072 (21.6876, -14.1091)
    1996 (16.2375, -14.8401) -> 3401 (15.8017, -14.2234)
    1997 (19.621, -20.9986) -> 3865 (19.4404, -19.0388)
    1998 (21.3672, -33.9405) -> 2445 (21.0073, -32.1679)
    1999 (9.18146, 24.9113) -> 2660 (8.77944, 24.377)
    2000 (12.4842, -13.7096) -> 3434 (11.6502, -11.9285)
    2001 (22.5466, -46.0372) -> 3191 (22.3801, -45.3546)
    2002 (8.50294, -29.4412) -> 2996 (8.80888, -27.692)
    2003 (11.6146, -31.5822) -> 482 (11.4158, -30.0952)
    2004 (8.55943, -17.1095) -> 999 (8.40077, -15.3036)
    2005 (14.5542, -29.9346) -> 1598 (14.6049, -29.3183)
    2006 (18.4138, 21.201) -> 1917 (17.5134, 19.7203)
    2007 (21.9744, -28.8183) -> 3730 (21.7148, -28.0877)
    2008 (6.62513, -39.5855) -> 3275 (6.19128, -38.3429)
    2009 (10.1087, -30.2423) -> 775 (9.63089, -28.5901)
    2010 (1.781, -49.6539) -> 3333 (1.00889, -48.7176)
    2011 (2.25131, -44.1451) -> 3169 (2.42799, -43.7088)
    2012 (5.87478, 1.53663) -> 3815 (4.781, 2.79099)
    2013 (1.52033, 23.674) -> 3143 (1.53379, 22.6991)
    2014 (21.7215, -21.3146) -> 1209 (20.9258, -19.9499)
    2015 (6.89585, -12.3362) -> 3971 (7.0449, -10.5699)
    2016 (11.8482, -13.7773) -> 2854 (11.8327, -13.409)
    2017 (9.58087, 17.4074) -> 3444 (8.51154, 15.7498)
    2018 (9.83989, -15.2549) -> 2324 (9.27392, -13.5991)
    2019 (10.4806, -3.80704) -> 1821 (9.51683, -2.36513)
    2020 (2.09422, 4.00745) -> 3965 (2.12695, 4.72546)
    2021 (13.4536, 3.02459) -> 3503 (11.7202, 3.90446)
    2022 (7.53423, 19.8147) -> 3168 (6.1475, 18.4815)
    2023 (16.2781, 0.19172) -> 2294 (15.5405, 1.28119)
    2024 (4.35736, 4.73932) -> 3432 (3.96423, 5.42439)
    2025 (7.71285, -26.3594) -> 3557 (7.971, -25.9826)
    2026 (16.7064, -29.8789) -> 3696 (15.9056, -28.3694)
    2027 (20.6539, -11.6733) -> 2687 (19.5046, -10.2249)
    2028 (1.54588, 1.84893) -> 1511 (1.59124, 3.47825)
    2029 (4.46014, -28.1083) -> 882 (4.2052, -27.3937)
    2030 (12.9932, -30.2427) -> 3606 (12.5631, -28.9442)
    2031 (15.8446, -6.9012) -> 3055 (14.6744, -5.4384)
    2032 (22.5748, 2.925) -> 3548 (22.0281, 3.61621)
    2033 (8.83725, -2.55307) -> 3376 (8.46343, -1.09732)
    2034 (19.8859, 7.69559) -> 3711 (17.9825, 7.62737)
    2035 (15.2365, 22.8546) -> 1983 (13.6668, 22.3737)
    2036 (8.45219, 20.6226) -> 2918 (7.75464, 20.1342)
    2037 (7.43644, 7.87053) -> 2871 (5.82598, 9.04804)
    2038 (24.2226, -46.1828) -> 2495 (24.2307, -45.8801)
    2039 (9.0204, -2.61901) -> 3376 (8.46343, -1.09732)
    2040 (13.0543, 4.40511) -> 3089 (11.4083, 5.30278)
    2041 (2.3249, 0.232703) -> 2688 (2.08103, 0.791914)
    2042 (16.2975, 19.4881) -> 3252 (16.4516, 18.4762)
    2043 (15.1643, -28.3342) -> 3306 (14.5393, -26.5899)
    2044 (7.62553, 24.1966) -> 1262 (7.26039, 23.6027)
    2045 (10.7306, -8.60234) -> 3721 (10.5616, -7.81415)
    2046 (17.465, -28.7018) -> 2281 (17.5156, -27.5881)
    2047 (4.77937, -23.703) -> 1660 (5.01037, -23.2197)
    2048 (1.22686, -26.4447) -> 3409 (2.20052, -25.0731)
    2049 (14.343, -31.1015) -> 2946 (13.5388, -29.5557)
    2050 (3.55577, -22.2417) -> 3461 (4.08171, -20.6477)
    2051 (20.853, 7.68797) -> 2034 (19.8859, 7.69559)
    2052 (18.2358, -18.525) -> 3746 (17.9026, -17.3284)
    2053 (0.065187, -30.809) -> 350 (0.664873, -28.9806)
    2054 (12.1137, -8.49558) -> 2981 (12.0292, -7.46024)
    2055 (3.91473, -34.0259) -> 3564 (4.15256, -33.0851)
    2056 (10.827, 18.442) -> 3400 (10.8212, 18.1388)
    2057 (5.30584, -32.3321) -> 2947 (5.45543, -31.7118)
    2058 (5.65147, 0.122858) -> 3855 (4.98865, 1.92151)
    2059 (14.5455, -34.7199) -> 3355 (13.8702, -33.6802)
    2060 (11.6449, -43.9098) -> 3323 (11.75, -42.4079)
    2061 (2.51309, -15.9639) -> 3062 (2.92269, -15.3442)
    2062 (18.467, 8.60753) -> 597 (16.4839, 8.471)
    2063 (0.514496, -48.9589) -> 3437 (0.617072, -48.5718)
    2064 (20.9123, -40.0691) -> 2589 (21.0198, -39.5841)
    2065 (9.61484, -24.8321) -> 3621 (9.43832, -23.2478)
    2066 (21.5129, 2.05571) -> 986 (19.7324, 2.14264)
    2067 (19.4262, -14.5011) -> 3751 (19.0619, -13.3916)
    2068 (8.50225, -18.4669) -> 2004 (8.55943, -17.1095)
    2069 (2.11641, 11.6151) -> 2095 (1.52019, 12.5282)
    2070 (24.5364, -20.143) -> 2860 (24.2082, -19.6165)
    2071 (9.86813, -29.5598) -> 3371 (9.8538, -28.0328)
    2072 (2.9583, 11.3237) -> 2095 (1.52019, 12.5282)
    2073 (23.1515, -39.2403) -> 3894 (22.8511, -38.5642)
    2074 (16.5688, -15.2129) -> 104 (15.7196, -13.762)
    2075 (16.3442, -9.50039) -> 2453 (15.6712, -8.65112)
    2076 (3.93784, -46.1321) -> 2582 (3.81707, -44.6706)
    2077 (23.9963, -41.4056) -> 1177 (24.1787, -40.0559)
    2078 (0.973398, 13.7583) -> 0 (1, 15)
    2079 (8.07565, -47.6173) -> 1957 (7.48684, -46.0976)
    2080 (15.8573, -23.8411) -> 100 (15.7986, -23.2375)
    2081 (14.4174, 14.3085) -> 3032 (14.6593, 13.0604)
    2082 (11.4095, -30.8258) -> 3821 (11.3468, -29.2848)
    2083 (16.9079, -46.8129) -> 3009 (16.7289, -46.1331)
    2084 (9.07574, -30.2913) -> 2235 (9.56933, -28.5382)
    2085 (20.5156, -48.1654) -> 271 (19.5997, -46.4637)
    2086 (20.1298, 14.3582) -> 3803 (19.9514, 14.3205)
    2087 (9.56667, -15.9101) -> 960 (9.64835, -14.8996)
    2088 (20.2958, 1.32257) -> 2715 (18.957, 2.68886)
    2089 (5.62256, 8.35373) -> 815 (4.76883, 9.02019)
    2090 (23.805, 0.0116588) -> 3076 (22.0752, 0.193933)
    2091 (21.9668, -36.5532) -> 2886 (22.1107, -35.7726)
    2092 (7.00731, -15.7035) -> 3344 (6.8659, -14.9141)
    2093 (18.77, 21.0455) -> 1917 (17.5134, 19.7203)
    2094 (6.60645, -26.065) -> 3566 (6.40935, -24.1603)
    2095 (1.52019, 12.5282) -> 287 (1.15491, 14.2535)
    2096 (0.684075, -43.7486) -> 3200 (0.402585, -42.9911)
    2097 (22.9511, 15.9278) -> 2596 (22.4784, 14.627)
    2098 (14.1713, -21.4709) -> 843 (13.7961, -20.1516)
    2099 (10.2273, -28.1904) -> 1280 (9.84934, -26.8684)
    2100 (3.42495, -46.9834) -> 3620 (3.38344, -45.2827)
    2101 (7.66998, 13.6274) -> 1212 (6.8385, 12.7598)
    2102 (4.57317, -20.834) -> 2472 (4.22964, -19.996)
    2103 (5.01124, -30.2215) -> 2119 (5.0972, -29.682)
    2104 (9.22932, -37.6021) -> 238 (9.47718, -35.6719)
    2105 (8.30302, -29.7053) -> 258 (8.48095, -28.8438)
    2106 (2.64361, -15.8428) -> 3062 (2.92269, -15.3442)
    2107 (7.52503, -29.8315) -> 3137 (7.44502, -29.6234)
    2108 (20.2047, -45.5739) -> 3063 (20.1608, -45.1079)
    2109 (7.45283, -2.19407) -> 2452 (7.36244, -0.272186)
    2110 (7.47751, 21.8575) -> 2195 (5.92735, 20.5988)
    2111 (12.9639, 1.3659) -> 3028 (12.3686, 2.28884)
    2112 (18.3744, -37.0313) -> 3644 (18.1642, -35.9488)
    2113 (4.04351, -7.67135) -> 2564 (4.3243, -6.10759)
    2114 (6.39821, 1.42068) -> 1871 (6.03601, 3.05226)
    2115 (13.1952, -0.713076) -> 1952 (12.1453, 0.453875)
    2116 (0.236123, -47.6834) -> 1399 (0.899271, -46.2706)
    2117 (22.8481, -34.3273) -> 1770 (21.9343, -32.8826)
    2118 (12.5936, -19.6754) -> 2721 (12.3178, -19.1851)
    2119 (5.0972, -29.682) -> 3455 (4.59175, -28.0758)
    2120 (0.871964, -36.4239) -> 3931 (1.04511, -36.1806)
    2121 (7.50948, -34.7489) -> 1926 (7.62173, -33.5582)
    2122 (17.9183, -49.3351) -> 1011 (17.5534, -47.7454)
    2123 (23.7271, -12.5682) -> 3901 (22.8495, -11.6787)
    2124 (4.91316, -35.5855) -> 3170 (4.99803, -34.5137)
    2125 (24.4902, -35.0136) -> 3824 (24.7854, -34.159)
    2126 (11.1157, -0.987295) -> 1993 (10.5759, -0.270228)
    2127 (16.7898, -37.3466) -> 3273 (16.2063, -36.5698)
    2128 (12.4238, 6.85029) -> 2858 (11.0473, 8.18811)
    2129 (4.36202, -31.8696) -> 2103 (5.01124, -30.2215)
    2130 (22.9228, 7.46046) -> 266 (22.3578, 7.51895)
    2131 (9.72358, -3.08061) -> 3597 (9.28435, -1.83307)
    2132 (2.96784, -0.115794) -> 1652 (3.05714, 1.50541)
    2133 (5.89022, -35.8466) -> 3058 (5.53226, -34.4614)
    2134 (10.2575, 2.72202) -> 1221 (9.74289, 3.44457)
    2135 (11.8307, -10.7026) -> 618 (11.5356, -10.1901)
    2136 (9.90997, -47.5392) -> 2828 (9.96765, -46.6307)
    2137 (24.4568, -35.8883) -> 1295 (23.8836, -34.154)
    2138 (1.83146, -15.4929) -> 3481 (1.63974, -14.1915)
    2139 (8.66656, -6.63917) -> 2424 (8.55704, -6.27767)
    2140 (3.09587, -27.9168) -> 3857 (3.31075, -26.2907)
    2141 (6.00763, -16.656) -> 921 (5.67818, -14.745)
    2142 (14.0066, -22.9638) -> 1118 (14.0313, -21.9576)
    2143 (13.8201, -34.2158) -> 3120 (13.1141, -32.6832)
    2144 (11.3119, 21.3741) -> 2827 (10.1458, 20.791)
    2145 (11.2876, -17.3176) -> 3152 (10.8359, -16.7832)
    2146 (24.9747, -32.8632) -> 2260 (24.2043, -31.3833)
    2147 (18.2078, -13.3605) -> 3460 (17.6286, -12.2496)
    2148 (10.1771, 1.55271) -> 2258 (9.18274, 2.93333)
    2149 (19.1794, -3.28222) -> 3081 (18.4535, -2.42538)
    2150 (19.0715, 22.2088) -> 2006 (18.4138, 21.201)
    2151 (3.72794, 19.2485) -> 2429 (3.12448, 18.2712)
    2152 (10.637, 8.75294) -> 3183 (8.97625, 9.31028)
    2153 (12.7523, -44.2134) -> 435 (12.7741, -42.9611)
    2154 (7.51563, -18.0216) -> 2922 (7.67397, -16.204)
    2155 (22.2181, 13.8749) -> 3960 (21.4439, 13.6092)
    2156 (24.3066, -40.8215) -> 2240 (24.2253, -38.8884)
    2157 (6.79811, -19.042) -> 2643 (6.40959, -17.9526)
    2158 (12.9239, -21.1005) -> 3019 (12.9618, -20.9988)
    2159 (0.16348, 13.7123) -> 0 (1, 15)
    2160 (18.6766, -4.6904) -> 2644 (17.7661, -3.41778)
    2161 (24.2934, 23.2887) -> 3718 (23.2874, 21.6547)
    2162 (21.316, -43.9689) -> 3190 (20.6094, -42.2879)
    2163 (17.4118, -31.8906) -> 3871 (15.9154, -31.1822)
    2164 (17.2685, -18.9487) -> 695 (16.3874, -17.8574)
    2165 (11.8253, 20.6121) -> 1561 (10.809, 20.1969)
    2166 (24.6579, 11.4969) -> 2360 (23.7431, 11.3515)
    2167 (10.5904, -45.6163) -> 1061 (10.552, -43.909)
    2168 (22.1362, 9.51757) -> 2570 (21.1181, 9.675)
    2169 (20.8956, 6.28746) -> 3839 (20.266, 6.71542)
    2170 (17.6541, -2.55125) -> 3615 (16.9968, -1.94468)
    2171 (2.06228, -44.7282) -> 3169 (2.42799, -43.7088)
    2172 (16.831, -42.6042) -> 3478 (16.3444, -41.28)
    2173 (1.78201, 22.0493) -> 1149 (1.7224, 20.8712)
    2174 (0.0653198, -49.8527) -> 3437 (0.617072, -48.5718)
    2175 (17.3868, -16.0071) -> 3737 (16.622, -14.3331)
    2176 (9.8826, -15.0457) -> 2324 (9.27392, -13.5991)
    2177 (15.2884, 18.256) -> 2718 (15.0539, 17.1294)
    2178 (4.10287, -12.3214) -> 3674 (4.13936, -10.4821)
    2179 (9.73393, -9.61068) -> 3096 (9.03066, -8.23697)
    2180 (1.79889, 10.2921) -> 1326 (1.35504, 11.9172)
    2181 (23.8242, -16.5325) -> 3634 (23.2109, -14.8251)
    2182 (9.33434, 23.9249) -> 191 (8.53155, 23.293)
    2183 (13.0791, -43.9903) -> 435 (12.7741, -42.9611)
    2184 (22.858, -1.78344) -> 2931 (22.0618, -1.02949)
    2185 (15.8406, 0.357252) -> 2294 (15.5405, 1.28119)
    2186 (17.8844, -26.1347) -> 3476 (18.0023, -25.9131)
    2187 (1.26526, 5.86204) -> 3838 (0.907999, 7.48944)
    2188 (3.07098, -47.9767) -> 1443 (3.25099, -46.0228)
    2189 (7.4917, 8.09674) -> 3932 (6.46463, 9.04239)
    2190 (21.1771, -35.4375) -> 1998 (21.3672, -33.9405)
    2191 (18.7488, -33.8322) -> 3576 (18.0301, -32.9694)
    2192 (18.2936, -42.5007) -> 3580 (17.8452, -41.5222)
    2193 (14.02, 18.8483) -> 3835 (14.2229, 18.5903)
    2194 (11.878, -30.0544) -> 3821 (11.3468, -29.2848)
    2195 (5.92735, 20.5988) -> 1597 (4.8296, 19.7543)
    2196 (4.1648, 5.2027) -> 2585 (3.11938, 6.76221)
    2197 (4.59392, 21.2395) -> 3910 (4.23618, 20.266)
    2198 (6.93746, -18.3009) -> 2306 (6.11291, -16.5909)
    2199 (14.3802, 23.8532) -> 3616 (13.3295, 22.4717)
    2200 (13.6077, -42.0616) -> 2868 (13.4672, -41.0203)
    2201 (20.801, 9.72598) -> 2804 (19.0497, 10.2854)
    2202 (6.27677, -26.2866) -> 1788 (6.15494, -25.4692)
    2203 (18.8195, 7.31972) -> 3711 (17.9825, 7.62737)
    2204 (3.95436, -21.694) -> 3461 (4.08171, -20.6477)
    2205 (4.27113, -41.2035) -> 3043 (4.1874, -39.5019)
    2206 (16.6395, -49.2341) -> 3248 (16.434, -48.0585)
    2207 (7.36629, -5.00038) -> 2659 (6.73435, -4.24429)
    2208 (14.1382, -10.5003) -> 3814 (13.0005, -8.98022)
    2209 (24.2828, 1.5375) -> 3802 (23.2746, 2.00787)
    2210 (14.9943, 24.1396) -> 2469 (13.6559, 23.0152)
    2211 (24.9509, -17.9239) -> 2181 (23.8242, -16.5325)
    2212 (19.981, -45.6384) -> 108 (18.5022, -45.0435)
    2213 (22.4478, -3.71427) -> 3121 (22.3357, -3.62609)
    2214 (18.2488, -0.118179) -> 3474 (17.2148, 1.3953)
    2215 (6.4821, -36.4532) -> 2595 (6.87976, -35.2274)
    2216 (16.3234, -13.3574) -> 3295 (15.8243, -12.5592)
    2217 (13.716, -39.7915) -> 1042 (13.2546, -37.9187)
    2218 (6.70177, -35.1931) -> 1866 (7.01894, -34.4334)
    2219 (0.394951, -15.3491) -> 2267 (0.532649, -14.1742)
    2220 (11.5667, -31.2904) -> 482 (11.4158, -30.0952)
    2221 (13.2287, -48.1358) -> 413 (13.2443, -47.1795)
    2222 (17.7253, -5.50474) -> 1205 (16.1061, -4.39858)
    2223 (11.7469, 7.43602) -> 2858 (11.0473, 8.18811)
    2224 (17.2579, -2.1348) -> 3433 (15.6135, -1.49782)
    2225 (11.59, -44.7832) -> 3271 (11.5907, -43.3564)
    2226 (8.91736, -12.0347) -> 141 (8.79735, -11.5204)
    2227 (16.7367, -7.22285) -> 2845 (15.9583, -6.22808)
    2228 (4.49391, -47.0414) -> 416 (4.18296, -45.5823)
    2229 (9.37186, 4.97613) -> 3679 (8.70857, 5.47374)
    2230 (9.44737, -28.9763) -> 2936 (9.44991, -27.4663)
    2231 (1.29834, -40.5949) -> 2474 (1.9828, -39.0385)
    2232 (11.092, -40.3073) -> 615 (10.1558, -39.0707)
    2233 (7.72578, -8.78161) -> 579 (7.21747, -7.62473)
    2234 (15.3258, -12.2852) -> 2985 (14.9964, -11.2979)
    2235 (9.56933, -28.5382) -> 776 (9.14541, -26.8441)
    2236 (24.745, 16.7217) -> 2945 (24.0391, 16.1573)
    2237 (23.6184, -42.2593) -> 268 (23.4381, -40.8849)
    2238 (5.39448, -3.74951) -> 14 (5.24432, -2.22931)
    2239 (18.6646, -24.0046) -> 2331 (17.9812, -23.416)
    2240 (24.2253, -38.8884) -> 1158 (23.4647, -37.0482)
    2241 (2.89409, -19.2563) -> 1059 (2.49065, -17.5941)
    2242 (21.7266, 20.5985) -> 3475 (20.8599, 20.517)
    2243 (14.7958, -0.497564) -> 1552 (12.8739, -0.138046)
    2244 (17.0807, -40.6322) -> 2729 (16.9851, -39.9383)
    2245 (11.6709, -14.807) -> 2559 (11.2354, -13.6608)
    2246 (12.1665, -3.94545) -> 2994 (11.7976, -2.90614)
    2247 (24.8629, -21.7317) -> 3966 (24.6689, -20.695)
    2248 (7.03561, 5.59955) -> 879 (6.34704, 6.44296)
    2249 (1.95351, 11.9205) -> 2095 (1.52019, 12.5282)
    2250 (7.88008, -33.7196) -> 883 (7.47968, -32.2843)
    2251 (7.99071, -47.0871) -> 1957 (7.48684, -46.0976)
    2252 (2.42886, -44.0306) -> 3169 (2.42799, -43.7088)
    2253 (20.3376, -43.5008) -> 3873 (20.4759, -42.6519)
    2254 (16.0107, 10.7708) -> 1890 (15.9331, 10.0707)
    2255 (13.2206, -28.9062) -> 3319 (12.707, -27.8458)
    2256 (16.8583, -13.232) -> 3295 (15.8243, -12.5592)
    2257 (8.36826, 4.09545) -> 1322 (7.35953, 5.75758)
    2258 (9.18274, 2.93333) -> 3541 (8.41969, 4.23134)
    2259 (24.4134, 3.08856) -> 3900 (22.8277, 3.4533)
    2260 (24.2043, -31.3833) -> 1971 (23.083, -29.862)
    2261 (4.0823, -11.2983) -> 3674 (4.13936, -10.4821)
    2262 (17.7737, -33.0921) -> 3625 (16.156, -32.0643)
    2263 (22.9306, -18.0852) -> 461 (22.6484, -16.65)
    2264 (8.8596, 21.0007) -> 2918 (7.75464, 20.1342)
    2265 (2.71519, -7.42709) -> 3454 (3.03743, -7.19729)
    2266 (22.7076, -23.0832) -> 3805 (22.6936, -23.0368)
    2267 (0.532649, -14.1742) -> 2353 (0.710492, -12.8871)
    2268 (22.3654, 16.39) -> 3317 (21.4713, 16.0731)
    2269 (1.50447, -21.2185) -> 634 (1.45455, -19.4225)
    2270 (19.3869, 12.7192) -> 2832 (18.9437, 12.2057)
    2271 (24.0172, 0.653734) -> 1951 (23.1423, 1.25483)
    2272 (16.092, 2.06362) -> 3843 (14.2894, 2.70657)
    2273 (14.9594, -42.644) -> 3786 (14.0859, -41.3367)
    2274 (21.2989, -47.9028) -> 3502 (20.7046, -47.3394)
    2275 (19.0515, 0.867868) -> 3474 (17.2148, 1.3953)
    2276 (23.6203, -14.8801) -> 3570 (22.9192, -14.4812)
    2277 (6.6826, -13.7061) -> 1530 (6.8653, -12.6401)
    2278 (13.1881, -23.409) -> 978 (13.1861, -22.3822)
    2279 (8.35257, 22.0048) -> 680 (7.54489, 20.4106)
    2280 (20.476, -49.7976) -> 1691 (19.6776, -47.9711)
    2281 (17.5156, -27.5881) -> 653 (17.7101, -26.6229)
    2282 (16.2901, -8.81086) -> 1261 (15.8186, -8.16328)
    2283 (9.90646, -8.71333) -> 3732 (9.03314, -7.58718)
    2284 (20.5786, -31.44) -> 3511 (19.9846, -30.2504)
    2285 (14.2436, -35.175) -> 3327 (13.6407, -34.0303)
    2286 (1.92597, 22.2934) -> 1149 (1.7224, 20.8712)
    2287 (13.4546, 5.31097) -> 3907 (12.722, 5.39084)
    2288 (7.93997, -9.59351) -> 2631 (7.20996, -7.85693)
    2289 (7.16773, 7.67668) -> 2871 (5.82598, 9.04804)
    2290 (3.15341, 23.2766) -> 3958 (2.71399, 21.4785)
    2291 (9.3775, -46.1013) -> 202 (9.65949, -44.1474)
    2292 (15.4373, 5.53336) -> 2859 (14.1789, 6.23355)
    2293 (14.5468, -22.0259) -> 2098 (14.1713, -21.4709)
    2294 (15.5405, 1.28119) -> 1202 (14.5832, 2.26731)
    2295 (10.5023, -22.3367) -> 3136 (10.2339, -20.4159)
    2296 (5.93656, 1.10704) -> 3855 (4.98865, 1.92151)
    2297 (7.86772, -10.0564) -> 2233 (7.72578, -8.78161)
    2298 (11.118, -27.5853) -> 1953 (10.9315, -25.9307)
    2299 (16.0945, -49.2733) -> 3383 (15.5305, -47.567)
    2300 (3.74333, -1.33915) -> 3601 (3.35874, 0.175423)
    2301 (19.5859, -31.2801) -> 3926 (19.3233, -29.896)
    2302 (21.1882, 6.66714) -> 859 (20.335, 7.04778)
    2303 (21.1803, -17.9102) -> 2702 (19.6599, -16.6506)
    2304 (0.363811, 4.88797) -> 2810 (0.080036, 5.9479)
    2305 (23.7439, -20.6683) -> 673 (22.9688, -20.2295)
    2306 (6.11291, -16.5909) -> 921 (5.67818, -14.745)
    2307 (3.3831, -47.6314) -> 3554 (3.53003, -46.1803)
    2308 (21.7515, -47.4797) -> 509 (21.2837, -45.7301)
    2309 (20.9373, -48.236) -> 331 (20.2057, -47.202)
    2310 (10.4963, -31.5985) -> 3717 (10.4246, -31.1861)
    2311 (19.9994, 9.6381) -> 2062 (18.467, 8.60753)
    2312 (15.3254, -31.4452) -> 3734 (14.3815, -30.72)
    2313 (24.7872, -37.2495) -> 3771 (24.3527, -35.9486)
    2314 (9.70613, 7.67852) -> 3702 (8.92204, 8.31173)
    2315 (3.58199, -44.1352) -> 3213 (3.63628, -43.938)
    2316 (8.69103, -47.3964) -> 3571 (7.91637, -45.7796)
    2317 (8.13972, 23.8782) -> 3037 (7.17671, 22.293)
    2318 (23.9964, -27.0684) -> 1931 (23.0178, -25.5703)
    2319 (12.7989, 6.45301) -> 2326 (12.1442, 6.94324)
    2320 (19.6867, 12.2096) -> 2603 (19.4486, 11.9639)
    2321 (19.4716, -34.4845) -> 1477 (19.1143, -33.2035)
    2322 (9.34228, 20.0069) -> 480 (7.65337, 19.1069)
    2323 (21.3699, -31.0429) -> 3144 (20.2114, -29.6071)
    2324 (9.27392, -13.5991) -> 2226 (8.91736, -12.0347)
    2325 (10.5234, -1.37764) -> 3469 (9.64821, 0.227573)
    2326 (12.1442, 6.94324) -> 909 (10.9411, 7.89209)
    2327 (21.7381, 0.496825) -> 2382 (21.0151, 1.09326)
    2328 (23.6542, -39.2312) -> 1736 (22.8464, -37.5177)
    2329 (7.65027, -28.9275) -> 3715 (6.84787, -27.1572)
    2330 (6.23104, 15.4121) -> 3456 (5.59065, 14.196)
    2331 (17.9812, -23.416) -> 3633 (17.3015, -22.0106)
    2332 (3.02974, -13.0702) -> 3509 (3.37105, -12.8011)
    2333 (8.51926, -31.1073) -> 3781 (8.18427, -30.0743)
    2334 (9.09031, -32.2376) -> 3656 (9.20764, -30.248)
    2335 (2.22736, 10.3521) -> 1634 (1.59511, 12.0648)
    2336 (13.0072, 6.63632) -> 2223 (11.7469, 7.43602)
    2337 (19.4227, -47.7888) -> 743 (18.9785, -46.3628)
    2338 (17.7685, 10.8992) -> 2803 (16.4007, 10.2285)
    2339 (2.89212, -13.0891) -> 3509 (3.37105, -12.8011)
    2340 (7.39999, -47.9807) -> 635 (7.40226, -46.0135)
    2341 (8.63824, -16.9806) -> 999 (8.40077, -15.3036)
    2342 (10.7384, 0.762616) -> 2148 (10.1771, 1.55271)
    2343 (12.2751, -31.3885) -> 3691 (12.0051, -30.5455)
    2344 (21.7017, 12.3394) -> 2864 (20.5288, 11.6949)
    2345 (19.6372, 10.5983) -> 871 (17.7483, 10.499)
    2346 (23.9829, -18.5714) -> 3991 (23.0628, -17.8051)
    2347 (0.074592, 6.57697) -> 1254 (0.0799146, 7.48615)
    2348 (14.5182, -25.2094) -> 2577 (13.8407, -23.4813)
    2349 (2.79359, -27.6266) -> 2588 (2.84977, -26.0266)
    2350 (20.6008, -23.4052) -> 1941 (20.014, -22.7838)
    2351 (1.39917, -32.7571) -> 1508 (1.56483, -32.0511)
    2352 (11.7232, 0.565697) -> 3406 (11.1887, 1.32742)
    2353 (0.710492, -12.8871) -> 1944 (1.02453, -11.6871)
    2354 (8.23555, 9.91376) -> 2578 (6.7302, 10.1382)
    2355 (22.5627, -48.4725) -> 2308 (21.7515, -47.4797)
    2356 (7.90076, -19.0656) -> 1375 (8.11148, -17.2641)
    2357 (10.1297, 8.7581) -> 1142 (8.53402, 9.65306)
    2358 (1.4626, -30.9459) -> 1257 (2.45741, -29.681)
    2359 (17.3806, 11.637) -> 2398 (16.5337, 10.8836)
    2360 (23.7431, 11.3515) -> 688 (22.0104, 10.7872)
    2361 (0.753337, -20.7638) -> 634 (1.45455, -19.4225)
    2362 (15.4836, 15.3258) -> 851 (15.5189, 14.4224)
    2363 (1.55623, -14.6437) -> 3885 (1.08543, -13.1523)
    2364 (24.4905, -10.6405) -> 3016 (23.4803, -9.83064)
    2365 (3.41694, -6.95677) -> 17 (3.92649, -5.34732)
    2366 (5.0593, -29.4845) -> 3455 (4.59175, -28.0758)
    2367 (16.7931, 7.39214) -> 1006 (15.7481, 7.26158)
    2368 (23.982, 3.49392) -> 2714 (22.7143, 4.32544)
    2369 (14.0661, -2.88708) -> 3254 (13.7824, -2.43217)
    2370 (23.0442, 23.0495) -> 1732 (22.8593, 21.0922)
    2371 (7.90795, 16.286) -> 251 (7.44358, 15.3005)
    2372 (10.8947, -10.1969) -> 3178 (10.7141, -9.62703)
    2373 (9.98556, -23.0072) -> 668 (9.51959, -21.7234)
    2374 (8.54544, -40.3443) -> 676 (8.96115, -38.9218)
    2375 (18.5275, 5.75721) -> 3446 (17.6096, 6.04342)
    2376 (16.5477, -13.7443) -> 3295 (15.8243, -12.5592)
    2377 (23.2156, -32.7422) -> 2580 (22.9385, -31.9546)
    2378 (18.1278, -33.9466) -> 1780 (16.8013, -32.6148)
    2379 (10.3872, -11.8412) -> 3166 (10.2808, -11.5652)
    2380 (15.0762, -44.0971) -> 2447 (14.6366, -42.7584)
    2381 (10.0961, -43.6891) -> 961 (10.3809, -42.1521)
    2382 (21.0151, 1.09326) -> 986 (19.7324, 2.14264)
    2383 (0.236889, -7.27575) -> 3538 (0.0860098, -6.05194)
    2384 (13.8671, -24.7881) -> 2686 (13.6023, -23.5861)
    2385 (6.54462, -41.0634) -> 2008 (6.62513, -39.5855)
    2386 (3.0708, -33.734) -> 2574 (3.08294, -32.3432)
    2387 (2.85915, -49.0985) -> 2840 (2.98855, -47.8477)
    2388 (17.2026, -47.0088) -> 3113 (17.2349, -45.7885)
    2389 (12.5732, -40.9821) -> 2640 (12.2626, -39.7167)
    2390 (20.4948, -17.6004) -> 2702 (19.6599, -16.6506)
    2391 (17.8099, -49.8303) -> 312 (17.2645, -48.4635)
    2392 (11.1979, -23.2247) -> 1565 (10.6984, -22.495)
    2393 (12.0249, -6.90908) -> 2598 (11.7875, -5.70428)
    2394 (23.7215, -0.0157139) -> 3076 (22.0752, 0.193933)
    2395 (15.254, -18.5049) -> 305 (14.591, -17.4375)
    2396 (8.84196, -8.99439) -> 837 (7.82323, -7.78696)
    2397 (18.8423, -16.2445) -> 3480 (18.1871, -14.7969)
    2398 (16.5337, 10.8836) -> 2781 (16.0154, 10.1682)
    2399 (3.60048, -0.603623) -> 3496 (3.26336, 1.0021)
    2400 (15.1707, -46.742) -> 239 (15.0375, -45.8981)
    2401 (22.7508, 9.30292) -> 3070 (22.6148, 9.15433)
    2402 (10.1464, -20.1828) -> 3591 (10.0564, -18.8597)
    2403 (5.39622, 12.1591) -> 3321 (3.63258, 12.7086)
    2404 (13.2281, -45.9018) -> 2183 (13.0791, -43.9903)
    2405 (3.82779, 0.266093) -> 3413 (3.74928, 1.72724)
    2406 (22.9166, 5.70237) -> 2302 (21.1882, 6.66714)
    2407 (2.09296, 18.1009) -> 1094 (1.86105, 17.5127)
    2408 (3.40336, 21.8876) -> 2942 (2.91405, 20.4409)
    2409 (12.4835, 20.5547) -> 1561 (10.809, 20.1969)
    2410 (10.6885, -15.0861) -> 327 (10.4233, -14.7896)
    2411 (14.1729, -35.0731) -> 3327 (13.6407, -34.0303)
    2412 (22.1274, -3.84223) -> 2706 (21.5539, -3.55676)
    2413 (11.1229, -23.3303) -> 1565 (10.6984, -22.495)
    2414 (0.449512, -16.2289) -> 2219 (0.394951, -15.3491)
    2415 (0.0559294, -46.3563) -> 3842 (0.0478988, -45.4383)
    2416 (11.6639, -26.6698) -> 2537 (11.3841, -25.534)
    2417 (4.73712, -5.15068) -> 3874 (3.62824, -3.74794)
    2418 (4.24486, -4.2336) -> 2541 (3.5232, -2.37258)
    2419 (8.4678, 2.07833) -> 3235 (8.00845, 2.86059)
    2420 (22.1781, -25.615) -> 3811 (21.6401, -25.0137)
    2421 (9.67458, 2.87522) -> 3541 (8.41969, 4.23134)
    2422 (17.2148, -45.0847) -> 3542 (16.8717, -43.1175)
    2423 (23.7208, 11.7702) -> 3858 (22.154, 11.4745)
    2424 (8.55704, -6.27767) -> 1671 (7.91816, -4.5461)
    2425 (10.3464, -2.83692) -> 3464 (9.74429, -1.63678)
    2426 (24.6682, -36.6049) -> 3771 (24.3527, -35.9486)
    2427 (20.2819, -30.0891) -> 1938 (19.067, -28.8242)
    2428 (6.54425, -22.6961) -> 1645 (6.53818, -22.2452)
    2429 (3.12448, 18.2712) -> 1039 (2.51702, 17.1765)
    2430 (20.4359, -36.3857) -> 1907 (19.8821, -34.496)
    2431 (13.638, 2.18288) -> 3518 (12.3492, 3.11793)
    2432 (20.2876, -24.094) -> 1271 (19.979, -23.3048)
    2433 (21.9266, -46.2501) -> 1571 (21.3403, -44.6113)
    2434 (22.3769, -35.198) -> 1998 (21.3672, -33.9405)
    2435 (10.981, 5.00784) -> 2576 (9.84778, 5.87792)
    2436 (21.1629, -27.0674) -> 3929 (20.6634, -25.8101)
    2437 (10.6389, -20.9187) -> 2402 (10.1464, -20.1828)
    2438 (8.97078, -41.0184) -> 3817 (9.11234, -40.636)
    2439 (12.6212, -33.1859) -> 3021 (11.9363, -31.3779)
    2440 (2.41808, 3.95685) -> 3788 (2.56978, 4.55066)
    2441 (7.47668, 4.78773) -> 3281 (6.80999, 5.64303)
    2442 (0.508966, 11.98) -> 2078 (0.973398, 13.7583)
    2443 (4.56289, -23.7827) -> 1660 (5.01037, -23.2197)
    2444 (12.2301, -12.8381) -> 3434 (11.6502, -11.9285)
    2445 (21.0073, -32.1679) -> 2284 (20.5786, -31.44)
    2446 (18.7665, -38.5738) -> 2112 (18.3744, -37.0313)
    2447 (14.6366, -42.7584) -> 3786 (14.0859, -41.3367)
    2448 (8.15148, -38.1288) -> 3034 (7.84262, -37.066)
    2449 (20.4167, -18.9705) -> 1954 (19.7373, -17.863)
    2450 (9.03882, -13.0813) -> 3756 (8.45196, -11.4393)
    2451 (19.0682, 19.6428) -> 3424 (18.3862, 18.2827)
    2452 (7.36244, -0.272186) -> 2114 (6.39821, 1.42068)
    2453 (15.6712, -8.65112) -> 1599 (14.4594, -7.14065)
    2454 (8.49956, 20.1069) -> 480 (7.65337, 19.1069)
    2455 (21.914, -1.55795) -> 2734 (20.9476, -0.0307789)
    2456 (20.7287, -45.0235) -> 2253 (20.3376, -43.5008)
    2457 (7.90976, 22.8378) -> 665 (6.9732, 22.16)
    2458 (20.4397, -11.631) -> 2687 (19.5046, -10.2249)
    2459 (0.323239, -33.4739) -> 2818 (0.872647, -32.4578)
    2460 (20.6954, -30.5719) -> 3144 (20.2114, -29.6071)
    2461 (16.2302, -7.58007) -> 2845 (15.9583, -6.22808)
    2462 (0.431055, 9.14342) -> 145 (0.900479, 10.2977)
    2463 (23.7708, -14.9253) -> 3570 (22.9192, -14.4812)
    2464 (12.2656, -33.662) -> 450 (11.808, -32.4937)
    2465 (10.215, -32.6145) -> 3717 (10.4246, -31.1861)
    2466 (18.7114, -43.3471) -> 728 (17.9404, -42.0755)
    2467 (19.8859, 15.2313) -> 3577 (18.7687, 13.6091)
    2468 (16.3362, -28.8391) -> 3696 (15.9056, -28.3694)
    2469 (13.6559, 23.0152) -> 3616 (13.3295, 22.4717)
    2470 (16.4665, -25.0207) -> 100 (15.7986, -23.2375)
    2471 (15.5926, 6.08143) -> 2859 (14.1789, 6.23355)
    2472 (4.22964, -19.996) -> 127 (4.7622, -18.3395)
    2473 (13.4666, -3.93447) -> 3117 (12.7968, -2.64055)
    2474 (1.9828, -39.0385) -> 3589 (2.21715, -37.3494)
    2475 (11.0919, -44.6845) -> 1031 (10.639, -42.774)
    2476 (3.35294, 6.12143) -> 3941 (3.07426, 7.47271)
    2477 (5.66272, -4.352) -> 2238 (5.39448, -3.74951)
    2478 (23.6653, -21.9647) -> 3105 (22.3295, -21.1658)
    2479 (4.44241, 1.67996) -> 10 (3.86778, 3.54237)
    2480 (11.8308, -38.3362) -> 1078 (12.2771, -36.4481)
    2481 (23.6511, -7.55058) -> 2754 (22.167, -6.52878)
    2482 (12.5793, -8.65525) -> 2981 (12.0292, -7.46024)
    2483 (15.0077, -12.7338) -> 85 (14.7915, -11.9904)
    2484 (7.62413, 10.6367) -> 1164 (5.96297, 10.7721)
    2485 (22.599, -26.2499) -> 3811 (21.6401, -25.0137)
    2486 (15.6934, -34.7698) -> 1075 (15.045, -33.8009)
    2487 (2.85402, -45.0383) -> 245 (2.99197, -44.0893)
    2488 (16.5785, -45.2779) -> 3658 (16.1855, -44.2399)
    2489 (21.008, -26.4509) -> 3897 (20.5386, -25.1207)
    2490 (8.71804, -16.1248) -> 999 (8.40077, -15.3036)
    2491 (13.2312, -25.9055) -> 293 (12.6485, -24.724)
    2492 (13.4568, -39.2625) -> 1042 (13.2546, -37.9187)
    2493 (9.91887, -6.30571) -> 3226 (9.7331, -5.59603)
    2494 (10.6167, -45.8649) -> 1061 (10.552, -43.909)
    2495 (24.2307, -45.8801) -> 1973 (23.9761, -44.0445)
    2496 (12.2374, -48.4459) -> 2717 (11.838, -47.7066)
    2497 (10.0656, -27.931) -> 2863 (9.94648, -27.5049)
    2498 (9.96437, -38.5533) -> 3807 (9.65397, -37.3905)
    2499 (24.3766, -31.4636) -> 2260 (24.2043, -31.3833)
    2500 (17.1347, -35.0429) -> 3701 (16.9201, -33.2797)
    2501 (23.0672, -3.71888) -> 3724 (21.771, -2.88394)
    2502 (7.29564, -6.27804) -> 828 (6.89854, -5.30414)
    2503 (22.1445, -23.428) -> 3934 (20.8868, -21.8842)
    2504 (21.163, -24.7925) -> 96 (20.5645, -23.7068)
    2505 (17.1193, -49.4798) -> 3248 (16.434, -48.0585)
    2506 (21.4691, -9.30753) -> 1145 (20.6688, -7.81227)
    2507 (15.326, -45.1308) -> 2380 (15.0762, -44.0971)
    2508 (7.60681, -22.7616) -> 3801 (7.35848, -21.4861)
    2509 (15.8386, -22.0463) -> 3497 (15.5935, -20.216)
    2510 (16.4177, 1.60892) -> 3074 (15.0817, 2.14052)
    2511 (2.95634, 2.65036) -> 3788 (2.56978, 4.55066)
    2512 (14.0612, -21.3354) -> 843 (13.7961, -20.1516)
    2513 (2.15712, 15.7416) -> 0 (1, 15)
    2514 (6.13821, -1.02795) -> 2058 (5.65147, 0.122858)
    2515 (9.15131, -4.55577) -> 3442 (9.21963, -3.85005)
    2516 (1.0669, -49.7582) -> 532 (1.07292, -48.7287)
    2517 (5.61763, -1.94124) -> 13 (5.19074, -0.230029)
    2518 (14.234, -34.8317) -> 2143 (13.8201, -34.2158)
    2519 (15.7032, 14.5987) -> 3032 (14.6593, 13.0604)
    2520 (2.9728, -9.38664) -> 2265 (2.71519, -7.42709)
    2521 (0.113143, -25.8644) -> 1653 (0.0765707, -24.0587)
    2522 (23.4025, -45.553) -> 135 (22.413, -44.2985)
    2523 (20.6211, -4.76115) -> 2765 (20.1929, -4.49264)
    2524 (2.39072, 22.1245) -> 406 (1.95927, 20.256)
    2525 (6.15924, -2.43239) -> 1473 (5.85519, -1.86937)
    2526 (0.362867, 7.64832) -> 2462 (0.431055, 9.14342)
    2527 (20.3761, -2.66706) -> 1435 (19.8772, -1.59215)
    2528 (5.06327, -46.7772) -> 190 (5.51391, -46.1368)
    2529 (23.1902, -47.6102) -> 3647 (22.9898, -47.0385)
    2530 (5.94358, -11.3213) -> 1704 (5.7542, -10.7682)
    2531 (12.4563, -7.17427) -> 2598 (11.7875, -5.70428)
    2532 (17.647, -39.6015) -> 1421 (16.6197, -38.213)
    2533 (17.3053, -43.7071) -> 3969 (16.6965, -42.1168)
    2534 (22.3296, -29.1733) -> 3834 (22.2996, -28.7856)
    2535 (20.5534, -45.0977) -> 2253 (20.3376, -43.5008)
    2536 (0.12699, 5.04978) -> 2810 (0.080036, 5.9479)
    2537 (11.3841, -25.534) -> 3592 (10.6773, -24.051)
    2538 (9.05785, -1.09565) -> 3565 (8.2847, 0.351095)
    2539 (19.0609, -10.7344) -> 3266 (18.8095, -10.0817)
    2540 (3.18848, -0.570133) -> 3496 (3.26336, 1.0021)
    2541 (3.5232, -2.37258) -> 2540 (3.18848, -0.570133)
    2542 (3.15131, 17.5743) -> 1812 (2.60603, 16.5833)
    2543 (5.26177, -3.52481) -> 14 (5.24432, -2.22931)
    2544 (0.719385, -10.9789) -> 1837 (1.16209, -9.7077)
    2545 (10.1513, -46.7288) -> 1882 (10.3795, -45.2038)
    2546 (24.6314, 20.6853) -> 3138 (23.5238, 19.4407)
    2547 (1.92966, -34.0684) -> 3125 (2.12293, -32.2059)
    2548 (17.8481, -20.548) -> 1577 (18.1865, -18.9798)
    2549 (9.49189, -20.9868) -> 2591 (9.24345, -19.3818)
    2550 (7.64987, -13.975) -> 471 (7.56026, -13.2864)
    2551 (2.29341, 6.65542) -> 2786 (2.4859, 7.42516)
    2552 (24.0407, 4.5236) -> 308 (22.5703, 5.53028)
    2553 (16.3173, 1.85799) -> 3074 (15.0817, 2.14052)
    2554 (8.78271, -16.8057) -> 999 (8.40077, -15.3036)
    2555 (16.6641, -24.8742) -> 100 (15.7986, -23.2375)
    2556 (21.6625, -2.04283) -> 3330 (21.072, -1.8138)
    2557 (2.00004, 19.9346) -> 3219 (1.87883, 18.0676)
    2558 (2.46369, -41.9838) -> 3324 (3.01958, -40.1805)
    2559 (11.2354, -13.6608) -> 411 (10.3738, -12.0586)
    2560 (24.5661, -40.6776) -> 2240 (24.2253, -38.8884)
    2561 (13.276, -10.7056) -> 3814 (13.0005, -8.98022)
    2562 (6.03096, -6.79548) -> 1099 (5.58993, -4.88551)
    2563 (14.6216, -2.11766) -> 1000 (12.9332, -1.29614)
    2564 (4.3243, -6.10759) -> 2418 (4.24486, -4.2336)
    2565 (17.5572, -0.865151) -> 3631 (16.3931, 0.178434)
    2566 (9.63704, -47.8803) -> 2291 (9.3775, -46.1013)
    2567 (18.851, -34.9886) -> 3778 (18.7659, -34.1635)
    2568 (12.2085, 22.9747) -> 185 (10.8104, 21.9431)
    2569 (13.2075, -15.5397) -> 2000 (12.4842, -13.7096)
    2570 (21.1181, 9.675) -> 3978 (20.1288, 9.02983)
    2571 (1.95684, -37.304) -> 2951 (2.85418, -35.8821)
    2572 (21.3544, -42.5729) -> 3799 (21.4668, -41.1839)
    2573 (19.6009, 0.421898) -> 3962 (18.673, 0.7233)
    2574 (3.08294, -32.3432) -> 966 (2.76918, -31.0376)
    2575 (15.6867, 12.9527) -> 177 (14.4231, 12.0214)
    2576 (9.84778, 5.87792) -> 50 (8.50243, 7.14576)
    2577 (13.8407, -23.4813) -> 978 (13.1861, -22.3822)
    2578 (6.7302, 10.1382) -> 3345 (4.90405, 10.6126)
    2579 (0.707393, 0.981743) -> 3825 (0.418815, 1.5815)
    2580 (22.9385, -31.9546) -> 259 (22.9051, -31.299)
    2581 (20.7211, -21.7962) -> 2833 (19.8997, -21.2158)
    2582 (3.81707, -44.6706) -> 3213 (3.63628, -43.938)
    2583 (19.0908, 6.30896) -> 3446 (17.6096, 6.04342)
    2584 (8.38904, -12.4223) -> 29 (7.97717, -10.604)
    2585 (3.11938, 6.76221) -> 3941 (3.07426, 7.47271)
    2586 (24.3299, -6.42637) -> 3992 (23.6665, -6.13643)
    2587 (3.39876, 2.4534) -> 2604 (3.32346, 3.46365)
    2588 (2.84977, -26.0266) -> 1499 (2.88293, -24.1437)
    2589 (21.0198, -39.5841) -> 850 (20.8855, -37.9026)
    2590 (20.8757, 2.34676) -> 3313 (19.6799, 2.87233)
    2591 (9.24345, -19.3818) -> 3031 (8.92977, -18.1855)
    2592 (2.07144, -32.9016) -> 3129 (2.28894, -31.0193)
    2593 (8.30357, -47.9414) -> 2251 (7.99071, -47.0871)
    2594 (12.3207, 23.8334) -> 2668 (11.8968, 23.5191)
    2595 (6.87976, -35.2274) -> 1866 (7.01894, -34.4334)
    2596 (22.4784, 14.627) -> 3960 (21.4439, 13.6092)
    2597 (5.18214, 10.0125) -> 2647 (4.46385, 10.51)
    2598 (11.7875, -5.70428) -> 699 (11.1793, -4.37084)
    2599 (19.7015, -22.7162) -> 1122 (19.5283, -21.483)
    2600 (7.28557, 9.50691) -> 188 (6.56764, 10.0482)
    2601 (14.4857, -31.4325) -> 2866 (14.0327, -30.3447)
    2602 (23.3315, -43.2081) -> 3247 (22.4511, -42.4469)
    2603 (19.4486, 11.9639) -> 2338 (17.7685, 10.8992)
    2604 (3.32346, 3.46365) -> 9 (2.81135, 5.2406)
    2605 (0.431186, -9.79061) -> 3669 (0.230117, -8.28373)
    2606 (20.3091, -22.3463) -> 2833 (19.8997, -21.2158)
    2607 (18.2853, 2.61327) -> 3818 (16.7404, 3.71392)
    2608 (18.8596, -0.592554) -> 606 (18.0452, 0.184925)
    2609 (11.3629, 2.82852) -> 1221 (9.74289, 3.44457)
    2610 (2.86449, 18.6875) -> 1039 (2.51702, 17.1765)
    2611 (1.20442, 0.0573671) -> 2028 (1.54588, 1.84893)
    2612 (3.39964, 23.0602) -> 2408 (3.40336, 21.8876)
    2613 (24.8309, 20.0955) -> 2814 (24.939, 19.589)
    2614 (0.0851535, -9.00544) -> 3669 (0.230117, -8.28373)
    2615 (16.5203, -13.7095) -> 3295 (15.8243, -12.5592)
    2616 (11.5001, -31.5565) -> 482 (11.4158, -30.0952)
    2617 (12.2281, -31.5466) -> 3691 (12.0051, -30.5455)
    2618 (1.0412, 8.94577) -> 1453 (1.21695, 10.477)
    2619 (13.2049, 16.9861) -> 3826 (13.4197, 16.1519)
    2620 (22.8717, -48.5637) -> 1406 (22.5183, -48.0595)
    2621 (9.51974, -43.7859) -> 3546 (9.31316, -42.1266)
    2622 (6.38146, -49.7462) -> 3431 (7.00102, -47.8726)
    2623 (19.7377, -11.9284) -> 3837 (19.2293, -10.7698)
    2624 (12.9361, 24.9235) -> 2668 (11.8968, 23.5191)
    2625 (2.36408, -37.3339) -> 2951 (2.85418, -35.8821)
    2626 (24.7549, -21.794) -> 2305 (23.7439, -20.6683)
    2627 (0.974204, 10.0127) -> 145 (0.900479, 10.2977)
    2628 (17.4825, 3.75178) -> 938 (15.6876, 4.23147)
    2629 (6.71788, -22.9189) -> 1645 (6.53818, -22.2452)
    2630 (7.74427, -2.72154) -> 3872 (7.53171, -0.972097)
    2631 (7.20996, -7.85693) -> 963 (6.60277, -6.44602)
    2632 (20.7027, -23.0682) -> 1122 (19.5283, -21.483)
    2633 (15.1474, -25.7307) -> 820 (14.4388, -23.9045)
    2634 (19.7334, -7.12595) -> 3675 (18.7778, -5.77977)
    2635 (4.52286, -14.0355) -> 2178 (4.10287, -12.3214)
    2636 (24.7758, 6.50881) -> 998 (23.6035, 7.20853)
    2637 (9.40545, -3.26562) -> 2801 (9.09462, -2.40473)
    2638 (18.1541, 17.2781) -> 3845 (17.7678, 15.5913)
    2639 (12.6243, 5.03766) -> 3334 (11.161, 5.49093)
    2640 (12.2626, -39.7167) -> 3001 (11.9121, -38.477)
    2641 (10.8662, -35.3447) -> 614 (10.9116, -34.5031)
    2642 (15.8626, -9.24802) -> 2453 (15.6712, -8.65112)
    2643 (6.40959, -17.9526) -> 2306 (6.11291, -16.5909)
    2644 (17.7661, -3.41778) -> 769 (17.4192, -3.32558)
    2645 (21.0815, -28.9422) -> 3972 (20.597, -27.0408)
    2646 (12.2081, 5.47847) -> 681 (10.5865, 6.10524)
    2647 (4.46385, 10.51) -> 1778 (3.38402, 11.2432)
    2648 (5.00348, -37.1113) -> 1601 (5.31567, -35.4713)
    2649 (8.46042, 21.2058) -> 768 (8.0015, 20.784)
    2650 (20.4331, -6.96924) -> 3608 (19.4571, -6.70444)
    2651 (8.80729, -22.2052) -> 1492 (8.82774, -20.5179)
    2652 (24.8498, 1.0022) -> 1951 (23.1423, 1.25483)
    2653 (4.16905, -14.0479) -> 2178 (4.10287, -12.3214)
    2654 (9.69417, -16.9975) -> 3918 (9.73777, -16.6632)
    2655 (13.3282, -49.0422) -> 413 (13.2443, -47.1795)
    2656 (21.5381, 4.53358) -> 3622 (20.3925, 5.68909)
    2657 (23.1133, 13.9821) -> 941 (21.7704, 13.1959)
    2658 (20.3813, -31.1354) -> 3511 (19.9846, -30.2504)
    2659 (6.73435, -4.24429) -> 2730 (6.07301, -2.41919)
    2660 (8.77944, 24.377) -> 2457 (7.90976, 22.8378)
    2661 (13.0123, -30.3479) -> 3606 (12.5631, -28.9442)
    2662 (17.8882, -38.9537) -> 2127 (16.7898, -37.3466)
    2663 (23.9166, -8.34935) -> 3471 (22.0941, -7.72424)
    2664 (17.6116, 17.4854) -> 3299 (17.311, 17.0033)
    2665 (7.91224, -13.1505) -> 1168 (7.86572, -11.858)
    2666 (21.5423, -25.7092) -> 870 (20.7078, -24.0605)
    2667 (16.0457, 14.1137) -> 1739 (15.5742, 13.109)
    2668 (11.8968, 23.5191) -> 571 (10.42, 22.3737)
    2669 (23.4743, 11.8874) -> 3858 (22.154, 11.4745)
    2670 (1.26451, -27.4908) -> 2806 (2.02226, -26.4792)
    2671 (11.3965, -11.6687) -> 2372 (10.8947, -10.1969)
    2672 (18.646, -29.8419) -> 3013 (18.2612, -29.1994)
    2673 (24.0983, 21.9003) -> 3315 (23.2529, 20.8637)
    2674 (2.25829, -34.0563) -> 3125 (2.12293, -32.2059)
    2675 (22.6015, -48.8178) -> 200 (22.2926, -48.0646)
    2676 (1.44983, -34.4845) -> 3830 (1.84391, -32.8043)
    2677 (16.6202, -40.3853) -> 3068 (16.1812, -39.5587)
    2678 (9.07878, -4.78033) -> 3395 (8.5663, -3.09199)
    2679 (13.9606, -44.8518) -> 240 (13.9268, -43.7198)
    2680 (2.43416, -8.88818) -> 3454 (3.03743, -7.19729)
    2681 (24.0033, -11.2634) -> 382 (22.4336, -10.3721)
    2682 (12.3011, 9.95796) -> 3685 (11.732, 9.87502)
    2683 (4.70865, -25.6555) -> 2047 (4.77937, -23.703)
    2684 (6.33052, 24.5426) -> 1120 (5.21853, 23.2293)
    2685 (19.5684, 8.55339) -> 2062 (18.467, 8.60753)
    2686 (13.6023, -23.5861) -> 1517 (13.2617, -22.6366)
    2687 (19.5046, -10.2249) -> 3449 (18.9836, -9.01892)
    2688 (2.08103, 0.791914) -> 3342 (1.79376, 2.31357)
    2689 (12.7249, 2.4535) -> 3503 (11.7202, 3.90446)
    2690 (11.7113, -3.5778) -> 3352 (11.5648, -3.38208)
    2691 (15.9419, -15.4027) -> 3401 (15.8017, -14.2234)
    2692 (9.66388, 24.6513) -> 191 (8.53155, 23.293)
    2693 (23.588, 21.3772) -> 3315 (23.2529, 20.8637)
    2694 (14.1081, 5.05386) -> 3907 (12.722, 5.39084)
    2695 (20.4463, -25.271) -> 2432 (20.2876, -24.094)
    2696 (24.3531, -48.131) -> 3084 (23.5881, -46.5955)
    2697 (0.81718, -15.5267) -> 2267 (0.532649, -14.1742)
    2698 (8.77132, 22.7811) -> 2110 (7.47751, 21.8575)
    2699 (16.843, -39.9904) -> 1421 (16.6197, -38.213)
    2700 (5.8374, -48.842) -> 3279 (5.93644, -48.0988)
    2701 (3.60569, -6.81744) -> 2793 (3.4168, -4.86762)
    2702 (19.6599, -16.6506) -> 3642 (18.7189, -15.3379)
    2703 (10.4628, 4.18874) -> 1663 (9.44244, 5.61965)
    2704 (4.57437, -25.2924) -> 2047 (4.77937, -23.703)
    2705 (7.97491, 20.0628) -> 1894 (6.78266, 19.507)
    2706 (21.5539, -3.55676) -> 1870 (20.1519, -2.20364)
    2707 (23.3487, 23.9654) -> 2992 (22.9128, 23.8477)
    2708 (19.7235, -26.496) -> 3714 (19.9706, -25.3876)
    2709 (6.15051, 24.1058) -> 1120 (5.21853, 23.2293)
    2710 (16.9596, -33.3567) -> 3625 (16.156, -32.0643)
    2711 (23.7163, 12.8941) -> 3617 (23.0501, 12.5034)
    2712 (5.42894, -7.6405) -> 1235 (5.58201, -6.71052)
    2713 (5.00194, -0.309604) -> 3264 (4.97869, 0.0964553)
    2714 (22.7143, 4.32544) -> 2656 (21.5381, 4.53358)
    2715 (18.957, 2.68886) -> 2628 (17.4825, 3.75178)
    2716 (13.2543, -39.5393) -> 1042 (13.2546, -37.9187)
    2717 (11.838, -47.7066) -> 945 (11.6881, -46.1988)
    2718 (15.0539, 17.1294) -> 3185 (14.9574, 16.0874)
    2719 (19.5771, 21.6877) -> 3987 (18.9298, 20.2048)
    2720 (4.39942, -35.7062) -> 3170 (4.99803, -34.5137)
    2721 (12.3178, -19.1851) -> 1581 (11.8668, -18.2761)
    2722 (3.44286, 13.5211) -> 1928 (2.79657, 14.5723)
    2723 (2.0202, -42.9632) -> 1188 (2.79839, -41.3917)
    2724 (13.4259, -47.168) -> 123 (13.2139, -45.7766)
    2725 (15.6467, -4.74387) -> 967 (14.7664, -3.74326)
    2726 (8.64768, -16.1643) -> 999 (8.40077, -15.3036)
    2727 (2.25088, 15.5452) -> 0 (1, 15)
    2728 (21.1023, 18.6452) -> 684 (21.4267, 18.3192)
    2729 (16.9851, -39.9383) -> 1421 (16.6197, -38.213)
    2730 (6.07301, -2.41919) -> 1473 (5.85519, -1.86937)
    2731 (1.88145, -0.108928) -> 2028 (1.54588, 1.84893)
    2732 (5.67626, 12.6798) -> 3689 (4.03071, 12.7588)
    2733 (14.1824, 3.79759) -> 2639 (12.6243, 5.03766)
    2734 (20.9476, -0.0307789) -> 3791 (19.5248, 0.831957)
    2735 (19.1879, -45.4689) -> 1891 (18.0145, -44.5191)
    2736 (0.884648, -40.727) -> 829 (1.43912, -39.0167)
    2737 (15.6185, 19.3064) -> 3445 (15.0842, 17.9161)
    2738 (24.9564, 0.791373) -> 1951 (23.1423, 1.25483)
    2739 (18.9776, -12.5878) -> 2820 (18.076, -10.8838)
    2740 (24.9485, -27.0989) -> 290 (24.3443, -25.9988)
    2741 (24.7464, -38.17) -> 3690 (24.0395, -36.6929)
    2742 (0.235113, -10.285) -> 2614 (0.0851535, -9.00544)
    2743 (9.50885, -32.7149) -> 689 (9.27316, -31.737)
    2744 (4.38125, -5.725) -> 2418 (4.24486, -4.2336)
    2745 (9.22533, 4.55575) -> 3679 (8.70857, 5.47374)
    2746 (23.4457, -26.0399) -> 3648 (22.2079, -24.7496)
    2747 (3.84973, 21.0565) -> 3310 (3.0467, 19.5328)
    2748 (3.36214, -19.9917) -> 3846 (3.5943, -19.0747)
    2749 (13.8479, -36.2418) -> 1630 (13.4136, -35.2302)
    2750 (13.8314, 20.3046) -> 3835 (14.2229, 18.5903)
    2751 (15.6773, 15.7989) -> 2519 (15.7032, 14.5987)
    2752 (17.0825, -24.8282) -> 88 (16.104, -23.3134)
    2753 (9.10382, -15.8335) -> 1679 (9.00235, -15.4836)
    2754 (22.167, -6.52878) -> 1401 (20.359, -5.6835)
    2755 (7.5546, 7.53382) -> 3624 (7.11107, 8.13748)
    2756 (0.427904, -0.849575) -> 3726 (0.863542, 0.0428302)
    2757 (15.9435, -33.0399) -> 2312 (15.3254, -31.4452)
    2758 (7.30337, -43.049) -> 3479 (7.52677, -41.2506)
    2759 (9.40638, 16.6997) -> 3444 (8.51154, 15.7498)
    2760 (22.0492, -28.8353) -> 3730 (21.7148, -28.0877)
    2761 (11.011, 7.20457) -> 657 (10.1108, 8.2834)
    2762 (16.9487, 14.9476) -> 3111 (16.0952, 13.4765)
    2763 (9.84588, 5.66965) -> 50 (8.50243, 7.14576)
    2764 (12.4714, -14.2245) -> 2854 (11.8327, -13.409)
    2765 (20.1929, -4.49264) -> 2149 (19.1794, -3.28222)
    2766 (20.585, -21.1048) -> 3948 (20.0434, -19.5095)
    2767 (0.0318182, -23.1331) -> 1472 (0.198646, -22.0992)
    2768 (1.38846, -11.4267) -> 1837 (1.16209, -9.7077)
    2769 (3.79366, 4.57699) -> 2476 (3.35294, 6.12143)
    2770 (6.08101, -4.9362) -> 485 (5.98351, -3.57596)
    2771 (14.355, 5.50202) -> 2319 (12.7989, 6.45301)
    2772 (24.8133, -34.8977) -> 1623 (24.4219, -33.0536)
    2773 (5.73808, -1.71918) -> 13 (5.19074, -0.230029)
    2774 (24.9682, -42.6888) -> 3292 (24.7978, -42.312)
    2775 (6.66265, -31.3031) -> 1069 (5.91958, -29.6697)
    2776 (2.29246, -47.1954) -> 362 (2.58341, -45.7519)
    2777 (13.3013, -14.3612) -> 2444 (12.2301, -12.8381)
    2778 (21.4303, -49.2878) -> 1784 (20.7809, -48.2367)
    2779 (3.44226, -26.706) -> 3857 (3.31075, -26.2907)
    2780 (14.1299, -49.8873) -> 1939 (13.6578, -48.2299)
    2781 (16.0154, 10.1682) -> 3968 (14.2977, 9.3806)
    2782 (11.3506, 9.35772) -> 332 (9.59611, 9.82062)
    2783 (8.73413, 2.59971) -> 1520 (7.92582, 3.53449)
    2784 (1.19012, -36.9944) -> 3931 (1.04511, -36.1806)
    2785 (17.1741, -5.52731) -> 1205 (16.1061, -4.39858)
    2786 (2.4859, 7.42516) -> 979 (1.97434, 9.27498)
    2787 (7.05808, -27.8774) -> 3715 (6.84787, -27.1572)
    2788 (9.45017, 2.31714) -> 2258 (9.18274, 2.93333)
    2789 (23.6084, -42.6568) -> 268 (23.4381, -40.8849)
    2790 (2.52678, -42.5474) -> 1418 (2.95978, -41.5372)
    2791 (6.96302, 2.88027) -> 3124 (6.30799, 3.95733)
    2792 (15.6656, -6.64154) -> 3584 (14.2267, -5.50681)
    2793 (3.4168, -4.86762) -> 3232 (3.52517, -4.24307)
    2794 (12.505, -44.1134) -> 435 (12.7741, -42.9611)
    2795 (22.9783, -22.3548) -> 2889 (22.4238, -21.5964)
    2796 (2.22356, -44.4333) -> 3169 (2.42799, -43.7088)
    2797 (13.2184, -39.4916) -> 1042 (13.2546, -37.9187)
    2798 (10.7426, -41.3939) -> 3551 (10.1453, -39.572)
    2799 (16.4687, -20.4363) -> 3253 (15.5233, -19.4352)
    2800 (4.40314, 5.44059) -> 2585 (3.11938, 6.76221)
    2801 (9.09462, -2.40473) -> 3376 (8.46343, -1.09732)
    2802 (9.34615, -37.6751) -> 3048 (9.35156, -37.2902)
    2803 (16.4007, 10.2285) -> 1890 (15.9331, 10.0707)
    2804 (19.0497, 10.2854) -> 871 (17.7483, 10.499)
    2805 (3.85032, -14.2623) -> 2178 (4.10287, -12.3214)
    2806 (2.02226, -26.4792) -> 3409 (2.20052, -25.0731)
    2807 (5.91355, -29.7834) -> 624 (6.14305, -28.1585)
    2808 (16.8391, -10.1137) -> 2453 (15.6712, -8.65112)
    2809 (24.2827, -9.27692) -> 3575 (22.56, -8.26611)
    2810 (0.080036, 5.9479) -> 2526 (0.362867, 7.64832)
    2811 (16.0065, -13.0668) -> 3295 (15.8243, -12.5592)
    2812 (1.27475, -24.4001) -> 3953 (0.824901, -22.6578)
    2813 (6.11291, -2.83853) -> 2773 (5.73808, -1.71918)
    2814 (24.939, 19.589) -> 3964 (23.4958, 18.3315)
    2815 (1.83431, -26.8656) -> 3409 (2.20052, -25.0731)
    2816 (10.1842, 19.7587) -> 3573 (8.57417, 19.1184)
    2817 (1.36906, 13.1315) -> 0 (1, 15)
    2818 (0.872647, -32.4578) -> 3492 (1.00376, -30.9079)
    2819 (19.4669, -24.2382) -> 1056 (19.4547, -23.3171)
    2820 (18.076, -10.8838) -> 2808 (16.8391, -10.1137)
    2821 (3.95467, 18.5778) -> 2542 (3.15131, 17.5743)
    2822 (21.4991, -25.6673) -> 870 (20.7078, -24.0605)
    2823 (21.4822, -18.0556) -> 3813 (20.2519, -17.5262)
    2824 (21.3566, -43.383) -> 1933 (20.9605, -41.7217)
    2825 (21.3906, -47.0039) -> 3349 (21.0295, -45.6192)
    2826 (13.6982, 19.6832) -> 37 (14.1222, 18.1522)
    2827 (10.1458, 20.791) -> 2991 (8.8926, 19.996)
    2828 (9.96765, -46.6307) -> 1026 (9.92797, -44.8427)
    2829 (6.2411, 4.96702) -> 2971 (6.13413, 5.16883)
    2830 (11.6802, 0.372726) -> 1752 (11.0233, 0.995146)
    2831 (24.6533, 24.2228) -> 1886 (23.5353, 22.7203)
    2832 (18.9437, 12.2057) -> 2338 (17.7685, 10.8992)
    2833 (19.8997, -21.2158) -> 1915 (19.0447, -20.249)
    2834 (22.7736, -29.2277) -> 151 (21.9919, -27.4057)
    2835 (24.2795, -41.651) -> 1155 (24.2567, -39.8423)
    2836 (22.6501, -15.6309) -> 3139 (22.083, -13.87)
    2837 (5.77677, -42.9878) -> 3869 (5.65439, -42.2839)
    2838 (20.3074, -6.45724) -> 3675 (18.7778, -5.77977)
    2839 (3.75651, -24.6673) -> 981 (3.20695, -22.7903)
    2840 (2.98855, -47.8477) -> 3554 (3.53003, -46.1803)
    2841 (0.960532, -31.2949) -> 3492 (1.00376, -30.9079)
    2842 (10.0454, -44.3046) -> 2381 (10.0961, -43.6891)
    2843 (4.30705, -40.2436) -> 842 (4.07234, -38.9195)
    2844 (10.7692, -18.3335) -> 414 (10.0546, -16.9453)
    2845 (15.9583, -6.22808) -> 3085 (15.6637, -5.48838)
    2846 (11.9614, -25.6693) -> 3559 (11.139, -23.8798)
    2847 (14.7613, -1.41516) -> 2115 (13.1952, -0.713076)
    2848 (17.8378, 7.53832) -> 3626 (17.0908, 7.38712)
    2849 (2.71838, -22.8702) -> 3891 (2.89332, -21.883)
    2850 (6.94151, -15.7447) -> 3344 (6.8659, -14.9141)
    2851 (24.4661, 10.7397) -> 1717 (23.4258, 10.7997)
    2852 (6.60662, -46.379) -> 619 (7.18503, -44.6599)
    2853 (17.2231, -4.63348) -> 3653 (16.1775, -3.24745)
    2854 (11.8327, -13.409) -> 2671 (11.3965, -11.6687)
    2855 (23.0367, 2.24787) -> 3093 (22.3243, 2.28151)
    2856 (12.0245, -35.2526) -> 2464 (12.2656, -33.662)
    2857 (5.13872, 6.8623) -> 1876 (4.49672, 8.0069)
    2858 (11.0473, 8.18811) -> 2357 (10.1297, 8.7581)
    2859 (14.1789, 6.23355) -> 2336 (13.0072, 6.63632)
    2860 (24.2082, -19.6165) -> 2263 (22.9306, -18.0852)
    2861 (4.75574, -4.09023) -> 559 (5.00573, -2.23325)
    2862 (20.1211, -49.4633) -> 2977 (19.5498, -47.9394)
    2863 (9.94648, -27.5049) -> 1280 (9.84934, -26.8684)
    2864 (20.5288, 11.6949) -> 563 (19.0544, 10.9424)
    2865 (19.48, -41.8708) -> 3985 (18.7428, -40.5615)
    2866 (14.0327, -30.3447) -> 2946 (13.5388, -29.5557)
    2867 (24.4352, -19.6858) -> 2860 (24.2082, -19.6165)
    2868 (13.4672, -41.0203) -> 2492 (13.4568, -39.2625)
    2869 (16.7073, 17.9328) -> 1979 (16.0156, 16.3401)
    2870 (24.5646, -5.70419) -> 662 (23.4592, -4.79823)
    2871 (5.82598, 9.04804) -> 3246 (4.53719, 10.2038)
    2872 (23.9289, 14.1718) -> 3459 (23.2326, 13.2704)
    2873 (4.34622, -39.5506) -> 842 (4.07234, -38.9195)
    2874 (9.3348, -47.4279) -> 2291 (9.3775, -46.1013)
    2875 (10.8274, -26.7053) -> 3336 (10.8446, -25.4653)
    2876 (13.1468, 21.1012) -> 3536 (13.0539, 20.7321)
    2877 (24.8555, -44.3477) -> 703 (24.5153, -42.3968)
    2878 (16.9021, 21.8805) -> 3024 (16.1006, 20.2989)
    2879 (12.6413, -12.9857) -> 3555 (12.6052, -12.2271)
    2880 (10.9878, -32.8911) -> 3717 (10.4246, -31.1861)
    2881 (24.5056, -0.867891) -> 1311 (22.9319, -0.216792)
    2882 (16.6764, 15.0999) -> 2667 (16.0457, 14.1137)
    2883 (18.1, 8.71417) -> 1360 (16.2197, 8.4931)
    2884 (20.281, -19.5335) -> 3865 (19.4404, -19.0388)
    2885 (5.54982, -30.6297) -> 1069 (5.91958, -29.6697)
    2886 (22.1107, -35.7726) -> 1998 (21.3672, -33.9405)
    2887 (1.82842, 10.9904) -> 1326 (1.35504, 11.9172)
    2888 (15.5198, -39.2453) -> 3322 (14.7678, -37.6638)
    2889 (22.4238, -21.5964) -> 630 (21.6179, -20.4805)
    2890 (23.1376, -31.7701) -> 259 (22.9051, -31.299)
    2891 (9.91363, -15.2647) -> 2324 (9.27392, -13.5991)
    2892 (19.6539, -1.23631) -> 911 (18.2352, -1.07069)
    2893 (11.3537, -8.2176) -> 1248 (11.1572, -7.32661)
    2894 (12.2538, 5.87249) -> 3816 (11.0086, 6.66464)
    2895 (11.1127, 23.6069) -> 571 (10.42, 22.3737)
    2896 (18.7969, 14.5057) -> 1728 (18.3476, 12.9034)
    2897 (19.4561, -42.9459) -> 728 (17.9404, -42.0755)
    2898 (24.3833, 15.2949) -> 2916 (24, 14.0968)
    2899 (17.9149, 19.1946) -> 2869 (16.7073, 17.9328)
    2900 (22.1366, -12.3885) -> 3903 (21.4296, -11.0357)
    2901 (0.552706, -41.4532) -> 2736 (0.884648, -40.727)
    2902 (22.9708, 16.8255) -> 3508 (22.6082, 16.2377)
    2903 (14.6781, -40.4965) -> 1719 (14.1221, -38.6061)
    2904 (23.1095, 20.9804) -> 3309 (22.5678, 19.1834)
    2905 (11.4564, -18.798) -> 3663 (10.9307, -17.4371)
    2906 (4.04103, 3.9458) -> 2769 (3.79366, 4.57699)
    2907 (0.614546, -26.6065) -> 1814 (0.536667, -25.8663)
    2908 (5.86602, 18.3081) -> 3 (4.45207, 16.9771)
    2909 (6.22393, 24.4347) -> 1120 (5.21853, 23.2293)
    2910 (1.30837, -15.9492) -> 3719 (1.21189, -15.2009)
    2911 (9.49072, -29.3539) -> 3371 (9.8538, -28.0328)
    2912 (8.51855, 24.2818) -> 2457 (7.90976, 22.8378)
    2913 (9.20752, -8.62791) -> 3096 (9.03066, -8.23697)
    2914 (3.3814, -35.6684) -> 3291 (3.28886, -33.8101)
    2915 (9.08475, -22.0148) -> 1432 (9.18183, -20.0498)
    2916 (24, 14.0968) -> 3459 (23.2326, 13.2704)
    2917 (24.7731, 9.37885) -> 1762 (23.2806, 9.80395)
    2918 (7.75464, 20.1342) -> 1894 (6.78266, 19.507)
    2919 (16.3153, -41.0361) -> 2888 (15.5198, -39.2453)
    2920 (0.711213, -48.6745) -> 1064 (1.64457, -47.5505)
    2921 (22.0151, -41.2349) -> 2589 (21.0198, -39.5841)
    2922 (7.67397, -16.204) -> 1978 (7.92037, -14.6005)
    2923 (6.50422, -14.2687) -> 2970 (6.3035, -13.5623)
    2924 (15.7578, -31.156) -> 1724 (16.046, -29.8654)
    2925 (1.58025, -3.05877) -> 167 (0.922539, -1.81053)
    2926 (7.9466, -0.34366) -> 1156 (7.2893, 0.218091)
    2927 (18.5795, 10.8508) -> 871 (17.7483, 10.499)
    2928 (14.2218, 16.4018) -> 543 (14.3371, 15.7093)
    2929 (14.8416, -26.9988) -> 874 (14.314, -25.4878)
    2930 (12.8999, 18.0134) -> 3660 (11.3653, 17.0815)
    2931 (22.0618, -1.02949) -> 401 (20.5986, 0.0856903)
    2932 (15.7083, -10.9201) -> 3347 (14.872, -10.2245)
    2933 (10.017, 23.996) -> 2698 (8.77132, 22.7811)
    2934 (16.3777, -49.0438) -> 2990 (16.1504, -47.2433)
    2935 (16.9841, 2.91071) -> 3126 (15.3743, 4.0259)
    2936 (9.44991, -27.4663) -> 1016 (9.74125, -26.8943)
    2937 (10.05, -5.45686) -> 670 (9.64242, -4.17811)
    2938 (1.96267, 15.4371) -> 0 (1, 15)
    2939 (10.3858, 16.1275) -> 3444 (8.51154, 15.7498)
    2940 (15.1906, -35.5373) -> 1075 (15.045, -33.8009)
    2941 (1.48333, -0.331048) -> 2611 (1.20442, 0.0573671)
    2942 (2.91405, 20.4409) -> 784 (2.38177, 19.0667)
    2943 (1.06229, -38.1055) -> 3931 (1.04511, -36.1806)
    2944 (12.0778, 0.814075) -> 1215 (11.5372, 1.27663)
    2945 (24.0391, 16.1573) -> 591 (23.2164, 14.9309)
    2946 (13.5388, -29.5557) -> 3319 (12.707, -27.8458)
    2947 (5.45543, -31.7118) -> 2807 (5.91355, -29.7834)
    2948 (9.73102, 16.6653) -> 3444 (8.51154, 15.7498)
    2949 (22.4471, -39.6469) -> 1669 (21.8913, -37.8623)
    2950 (6.08859, 5.0113) -> 3392 (5.63247, 6.08741)
    2951 (2.85418, -35.8821) -> 3599 (2.43945, -34.1602)
    2952 (21.6323, -12.6622) -> 3881 (20.4185, -11.1522)
    2953 (22.7743, 9.01824) -> 205 (20.9082, 9.2932)
    2954 (3.88529, -37.4604) -> 2914 (3.3814, -35.6684)
    2955 (3.81163, 5.43038) -> 2585 (3.11938, 6.76221)
    2956 (21.2936, 21.8522) -> 1084 (20.2506, 20.6689)
    2957 (5.2342, 24.4057) -> 3773 (4.06581, 23.2564)
    2958 (24.4347, -9.83281) -> 3533 (24.2774, -9.57726)
    2959 (11.8574, -20.4173) -> 3210 (11.8468, -20.1266)
    2960 (23.3202, -44.5207) -> 574 (22.0233, -43.2472)
    2961 (8.14826, -48.4225) -> 3693 (7.98756, -47.5521)
    2962 (21.0639, -4.11074) -> 3388 (20.1158, -3.23911)
    2963 (7.96383, -31.6953) -> 2107 (7.52503, -29.8315)
    2964 (5.23188, 4.9138) -> 3750 (4.95327, 6.02216)
    2965 (3.75345, -40.4517) -> 3135 (3.53034, -39.0486)
    2966 (5.49505, 2.8029) -> 3810 (5.61717, 3.77471)
    2967 (5.99897, 19.0415) -> 1988 (4.71261, 17.6821)
    2968 (21.849, -38.5455) -> 3272 (21.1418, -37.2657)
    2969 (24.7721, 11.1349) -> 1903 (23.6132, 10.8537)
    2970 (6.3035, -13.5623) -> 779 (6.55796, -11.6614)
    2971 (6.13413, 5.16883) -> 2857 (5.13872, 6.8623)
    2972 (4.04733, -21.6688) -> 3461 (4.08171, -20.6477)
    2973 (12.7772, 7.88836) -> 304 (11.3046, 8.24255)
    2974 (17.3934, -6.66151) -> 3164 (17.1098, -6.43788)
    2975 (5.25773, 20.3998) -> 1597 (4.8296, 19.7543)
    2976 (7.68961, 2.33313) -> 2791 (6.96302, 2.88027)
    2977 (19.5498, -47.9394) -> 743 (18.9785, -46.3628)
    2978 (19.9487, -17.4384) -> 3886 (19.2351, -16.9717)
    2979 (21.0763, -30.4419) -> 3144 (20.2114, -29.6071)
    2980 (14.2332, -49.2044) -> 876 (13.9922, -48.1621)
    2981 (12.0292, -7.46024) -> 2598 (11.7875, -5.70428)
    2982 (9.3141, -5.29689) -> 3442 (9.21963, -3.85005)
    2983 (17.8214, -6.46897) -> 2785 (17.1741, -5.52731)
    2984 (1.15364, -17.6138) -> 2910 (1.30837, -15.9492)
    2985 (14.9964, -11.2979) -> 3436 (14.1861, -9.494)
    2986 (3.47165, -32.5425) -> 966 (2.76918, -31.0376)
    2987 (2.56658, 24.7679) -> 3867 (2.4959, 24.0931)
    2988 (21.244, -8.29667) -> 1547 (20.8352, -7.96978)
    2989 (3.44124, -9.44163) -> 334 (3.58205, -8.18735)
    2990 (16.1504, -47.2433) -> 302 (16.0931, -46.8424)
    2991 (8.8926, 19.996) -> 3547 (7.37835, 18.8053)
    2992 (22.9128, 23.8477) -> 799 (21.826, 22.2095)
    2993 (13.2151, -34.0301) -> 3501 (12.8688, -33.3305)
    2994 (11.7976, -2.90614) -> 3150 (11.1975, -1.18375)
    2995 (21.4318, 22.6231) -> 2956 (21.2936, 21.8522)
    2996 (8.80888, -27.692) -> 776 (9.14541, -26.8441)
    2997 (1.71457, 9.15821) -> 2180 (1.79889, 10.2921)
    2998 (9.05941, -46.7324) -> 2291 (9.3775, -46.1013)
    2999 (5.33079, 7.49628) -> 98 (4.46447, 8.5791)
    3000 (10.3635, -49.3063) -> 1481 (10.1763, -48.4305)
    3001 (11.9121, -38.477) -> 1234 (11.8235, -37.1316)
    3002 (9.38259, 16.0934) -> 3444 (8.51154, 15.7498)
    3003 (12.9419, 16.1899) -> 3399 (13.9071, 15.104)
    3004 (12.3554, -40.9541) -> 2640 (12.2626, -39.7167)
    3005 (21.8176, -34.0101) -> 1998 (21.3672, -33.9405)
    3006 (13.8534, 20.1884) -> 3835 (14.2229, 18.5903)
    3007 (16.9838, -44.0378) -> 3629 (16.6823, -42.868)
    3008 (14.019, -26.2256) -> 2384 (13.8671, -24.7881)
    3009 (16.7289, -46.1331) -> 3658 (16.1855, -44.2399)
    3010 (20.6762, 0.719059) -> 3791 (19.5248, 0.831957)
    3011 (16.533, -7.92456) -> 2845 (15.9583, -6.22808)
    3012 (18.692, -14.2164) -> 2147 (18.2078, -13.3605)
    3013 (18.2612, -29.1994) -> 196 (18.1232, -27.2831)
    3014 (18.3435, -18.5) -> 3746 (17.9026, -17.3284)
    3015 (14.7304, -24.3585) -> 820 (14.4388, -23.9045)
    3016 (23.4803, -9.83064) -> 962 (21.9684, -8.52606)
    3017 (4.87107, 7.21627) -> 1876 (4.49672, 8.0069)
    3018 (24.0488, -12.6826) -> 1422 (23.4699, -11.7038)
    3019 (12.9618, -20.9988) -> 1705 (12.0779, -19.4907)
    3020 (11.0248, 1.5801) -> 2421 (9.67458, 2.87522)
    3021 (11.9363, -31.3779) -> 3986 (11.7652, -30.3888)
    3022 (8.43441, -28.9452) -> 2996 (8.80888, -27.692)
    3023 (4.28493, -13.4311) -> 2178 (4.10287, -12.3214)
    3024 (16.1006, 20.2989) -> 3870 (15.2783, 18.8237)
    3025 (14.038, 15.4835) -> 3151 (14.0838, 13.7182)
    3026 (0.984763, 17.9904) -> 162 (0.712609, 16.9515)
    3027 (15.5301, -31.3092) -> 3485 (14.6827, -29.6055)
    3028 (12.3686, 2.28884) -> 1430 (11.7635, 2.99844)
    3029 (14.1855, -5.73858) -> 930 (12.9497, -4.17968)
    3030 (13.6423, -45.3659) -> 240 (13.9268, -43.7198)
    3031 (8.92977, -18.1855) -> 2341 (8.63824, -16.9806)
    3032 (14.6593, 13.0604) -> 177 (14.4231, 12.0214)
    3033 (7.70325, -38.1884) -> 3034 (7.84262, -37.066)
    3034 (7.84262, -37.066) -> 3809 (7.40787, -35.9113)
    3035 (2.96125, -9.86222) -> 334 (3.58205, -8.18735)
    3036 (21.9922, -29.5914) -> 3973 (21.82, -28.8833)
    3037 (7.17671, 22.293) -> 665 (6.9732, 22.16)
    3038 (9.29202, -36.1932) -> 3196 (9.11577, -34.4414)
    3039 (4.2845, -0.523715) -> 3393 (4.27502, 0.371309)
    3040 (17.9663, -7.40665) -> 3164 (17.1098, -6.43788)
    3041 (22.1818, -25.7645) -> 3811 (21.6401, -25.0137)
    3042 (19.395, -31.0273) -> 3926 (19.3233, -29.896)
    3043 (4.1874, -39.5019) -> 842 (4.07234, -38.9195)
    3044 (19.7158, -14.2347) -> 3751 (19.0619, -13.3916)
    3045 (4.93077, 5.19386) -> 3750 (4.95327, 6.02216)
    3046 (18.0413, -33.9887) -> 1780 (16.8013, -32.6148)
    3047 (18.4715, -20.7029) -> 1906 (18.3784, -19.4159)
    3048 (9.35156, -37.2902) -> 238 (9.47718, -35.6719)
    3049 (4.75805, -36.5587) -> 3627 (4.66252, -36.3933)
    3050 (0.554788, -23.6995) -> 3953 (0.824901, -22.6578)
    3051 (9.84658, 6.71131) -> 50 (8.50243, 7.14576)
    3052 (0.404668, -13.653) -> 2353 (0.710492, -12.8871)
    3053 (13.6126, -18.9704) -> 1646 (12.6176, -17.3976)
    3054 (7.57394, 1.75295) -> 68 (6.86372, 2.77079)
    3055 (14.6744, -5.4384) -> 2473 (13.4666, -3.93447)
    3056 (3.1604, -42.4007) -> 3110 (3.25215, -42.2741)
    3057 (12.4897, -18.7361) -> 2145 (11.2876, -17.3176)
    3058 (5.53226, -34.4614) -> 1219 (5.35097, -33.6332)
    3059 (14.4127, -4.70809) -> 2369 (14.0661, -2.88708)
    3060 (7.2178, -3.42934) -> 1240 (6.73386, -2.36888)
    3061 (15.4636, -34.8642) -> 1075 (15.045, -33.8009)
    3062 (2.92269, -15.3442) -> 409 (3.42294, -14.02)
    3063 (20.1608, -45.1079) -> 1772 (20.101, -43.451)
    3064 (2.94963, -38.0111) -> 1307 (2.98238, -36.9967)
    3065 (8.3429, -0.604938) -> 638 (8.03183, -0.0771814)
    3066 (9.22433, 23.4203) -> 2698 (8.77132, 22.7811)
    3067 (18.501, 24.1227) -> 817 (18.6362, 22.648)
    3068 (16.1812, -39.5587) -> 3792 (16.0301, -38.1472)
    3069 (9.92555, -49.4896) -> 2136 (9.90997, -47.5392)
    3070 (22.6148, 9.15433) -> 205 (20.9082, 9.2932)
    3071 (23.2195, 20.8075) -> 3760 (23.1509, 18.8881)
    3072 (20.4432, 13.2503) -> 2832 (18.9437, 12.2057)
    3073 (24.7435, -9.02261) -> 3421 (24.3956, -8.84284)
    3074 (15.0817, 2.14052) -> 2021 (13.4536, 3.02459)
    3075 (17.0434, 5.05833) -> 2292 (15.4373, 5.53336)
    3076 (22.0752, 0.193933) -> 2382 (21.0151, 1.09326)
    3077 (0.220954, -27.2827) -> 2521 (0.113143, -25.8644)
    3078 (6.09304, -5.89929) -> 2770 (6.08101, -4.9362)
    3079 (16.581, -7.95364) -> 2792 (15.6656, -6.64154)
    3080 (9.71971, -44.3208) -> 2381 (10.0961, -43.6891)
    3081 (18.4535, -2.42538) -> 2565 (17.5572, -0.865151)
    3082 (11.2394, -47.6428) -> 2494 (10.6167, -45.8649)
    3083 (2.57207, -22.7407) -> 3993 (2.38818, -21.3806)
    3084 (23.5881, -46.5955) -> 1380 (23.0172, -45.2787)
    3085 (15.6637, -5.48838) -> 967 (14.7664, -3.74326)
    3086 (24.7509, -10.2045) -> 3533 (24.2774, -9.57726)
    3087 (7.05212, 11.6449) -> 174 (5.63997, 11.82)
    3088 (7.97045, -41.0953) -> 457 (7.48143, -39.9892)
    3089 (11.4083, 5.30278) -> 81 (10.26, 6.19139)
    3090 (5.51412, -31.1989) -> 1069 (5.91958, -29.6697)
    3091 (20.5307, 14.7551) -> 3803 (19.9514, 14.3205)
    3092 (7.04287, -49.2381) -> 3431 (7.00102, -47.8726)
    3093 (22.3243, 2.28151) -> 2590 (20.8757, 2.34676)
    3094 (10.5042, -28.0612) -> 1280 (9.84934, -26.8684)
    3095 (20.1452, 9.27804) -> 3978 (20.1288, 9.02983)
    3096 (9.03066, -8.23697) -> 2139 (8.66656, -6.63917)
    3097 (10.0446, -8.59634) -> 3732 (9.03314, -7.58718)
    3098 (7.93624, -47.2579) -> 1957 (7.48684, -46.0976)
    3099 (1.7856, -46.8145) -> 903 (1.93034, -45.5816)
    3100 (7.00215, -14.883) -> 2277 (6.6826, -13.7061)
    3101 (11.8963, -35.0308) -> 337 (11.4741, -34.4934)
    3102 (16.5211, -37.8439) -> 3273 (16.2063, -36.5698)
    3103 (23.0109, -26.9903) -> 3423 (22.5689, -25.9652)
    3104 (21.015, -49.2055) -> 2085 (20.5156, -48.1654)
    3105 (22.3295, -21.1658) -> 630 (21.6179, -20.4805)
    3106 (5.0319, 10.9657) -> 3487 (3.31062, 11.9258)
    3107 (0.33338, -27.7541) -> 2521 (0.113143, -25.8644)
    3108 (8.38981, -48.6156) -> 3693 (7.98756, -47.5521)
    3109 (4.25879, 23.6255) -> 2408 (3.40336, 21.8876)
    3110 (3.25215, -42.2741) -> 2965 (3.75345, -40.4517)
    3111 (16.0952, 13.4765) -> 1739 (15.5742, 13.109)
    3112 (3.74572, -37.3808) -> 2914 (3.3814, -35.6684)
    3113 (17.2349, -45.7885) -> 3007 (16.9838, -44.0378)
    3114 (12.7085, -40.154) -> 3001 (11.9121, -38.477)
    3115 (11.0157, 6.40708) -> 3051 (9.84658, 6.71131)
    3116 (3.34836, 24.1868) -> 2290 (3.15341, 23.2766)
    3117 (12.7968, -2.64055) -> 685 (11.5733, -1.15747)
    3118 (18.2925, -48.6657) -> 1011 (17.5534, -47.7454)
    3119 (17.1531, -35.182) -> 3701 (16.9201, -33.2797)
    3120 (13.1141, -32.6832) -> 2343 (12.2751, -31.3885)
    3121 (22.3357, -3.62609) -> 198 (21.8491, -3.15312)
    3122 (18.0486, 2.32689) -> 3818 (16.7404, 3.71392)
    3123 (10.3946, -27.4446) -> 1280 (9.84934, -26.8684)
    3124 (6.30799, 3.95733) -> 520 (5.616, 5.28278)
    3125 (2.12293, -32.2059) -> 3129 (2.28894, -31.0193)
    3126 (15.3743, 4.0259) -> 2694 (14.1081, 5.05386)
    3127 (1.00841, -39.5942) -> 829 (1.43912, -39.0167)
    3128 (3.95602, 16.232) -> 2727 (2.25088, 15.5452)
    3129 (2.28894, -31.0193) -> 3453 (2.47837, -29.1357)
    3130 (22.7719, 8.72213) -> 1131 (21.56, 8.78665)
    3131 (15.7594, -44.9029) -> 1868 (14.8483, -43.2181)
    3132 (23.4223, -30.6662) -> 2834 (22.7736, -29.2277)
    3133 (6.71942, -27.1449) -> 1788 (6.15494, -25.4692)
    3134 (6.12126, -13.9689) -> 2970 (6.3035, -13.5623)
    3135 (3.53034, -39.0486) -> 263 (3.40144, -37.4402)
    3136 (10.2339, -20.4159) -> 3591 (10.0564, -18.8597)
    3137 (7.44502, -29.6234) -> 2787 (7.05808, -27.8774)
    3138 (23.5238, 19.4407) -> 3760 (23.1509, 18.8881)
    3139 (22.083, -13.87) -> 1060 (21.8516, -13.1475)
    3140 (9.09813, -13.5394) -> 2450 (9.03882, -13.0813)
    3141 (11.2078, 24.0204) -> 3354 (10.4311, 23.6654)
    3142 (7.04584, 14.1959) -> 522 (6.35499, 12.8725)
    3143 (1.53379, 22.6991) -> 1149 (1.7224, 20.8712)
    3144 (20.2114, -29.6071) -> 972 (19.9102, -28.7306)
    3145 (14.9096, 4.71803) -> 2287 (13.4546, 5.31097)
    3146 (12.6463, 1.96232) -> 1430 (11.7635, 2.99844)
    3147 (14.497, -14.2188) -> 3525 (13.9562, -12.6583)
    3148 (1.20377, -3.61288) -> 167 (0.922539, -1.81053)
    3149 (0.728791, -4.35976) -> 1589 (0.807503, -2.55937)
    3150 (11.1975, -1.18375) -> 1993 (10.5759, -0.270228)
    3151 (14.0838, 13.7182) -> 177 (14.4231, 12.0214)
    3152 (10.8359, -16.7832) -> 2176 (9.8826, -15.0457)
    3153 (4.66151, -36.7889) -> 3627 (4.66252, -36.3933)
    3154 (11.8174, 16.2425) -> 2939 (10.3858, 16.1275)
    3155 (12.7525, -40.2834) -> 3001 (11.9121, -38.477)
    3156 (6.65958, 14.7096) -> 1420 (5.89448, 13.8219)
    3157 (8.7035, -39.6924) -> 676 (8.96115, -38.9218)
    3158 (9.69921, -36.4697) -> 238 (9.47718, -35.6719)
    3159 (5.70559, 7.32362) -> 98 (4.46447, 8.5791)
    3160 (14.3496, -15.8145) -> 2777 (13.3013, -14.3612)
    3161 (1.08294, 9.49741) -> 1453 (1.21695, 10.477)
    3162 (2.98269, -4.58318) -> 168 (2.9021, -2.65353)
    3163 (19.8415, 6.39) -> 194 (18.425, 7.26007)
    3164 (17.1098, -6.43788) -> 3260 (15.7411, -5.03555)
    3165 (16.971, 9.23654) -> 720 (16.2501, 9.55529)
    3166 (10.2808, -11.5652) -> 39 (9.81391, -9.81262)
    3167 (19.1564, -40.4847) -> 2662 (17.8882, -38.9537)
    3168 (6.1475, 18.4815) -> 2908 (5.86602, 18.3081)
    3169 (2.42799, -43.7088) -> 1021 (2.9128, -41.7925)
    3170 (4.99803, -34.5137) -> 1219 (5.35097, -33.6332)
    3171 (10.48, 3.69306) -> 247 (10.0978, 4.69307)
    3172 (13.2191, -42.8859) -> 2868 (13.4672, -41.0203)
    3173 (18.1972, 7.74269) -> 597 (16.4839, 8.471)
    3174 (3.4413, -39.3051) -> 263 (3.40144, -37.4402)
    3175 (8.12125, -10.0764) -> 2288 (7.93997, -9.59351)
    3176 (14.1424, -10.8908) -> 3257 (13.2614, -9.58052)
    3177 (18.449, 12.7188) -> 2359 (17.3806, 11.637)
    3178 (10.7141, -9.62703) -> 3639 (10.3219, -8.23298)
    3179 (0.9785, 18.9047) -> 162 (0.712609, 16.9515)
    3180 (21.5991, 8.57122) -> 3978 (20.1288, 9.02983)
    3181 (24.0283, 21.9741) -> 3315 (23.2529, 20.8637)
    3182 (11.3578, -24.6483) -> 3559 (11.139, -23.8798)
    3183 (8.97625, 9.31028) -> 1142 (8.53402, 9.65306)
    3184 (4.51297, -40.2008) -> 842 (4.07234, -38.9195)
    3185 (14.9574, 16.0874) -> 2081 (14.4174, 14.3085)
    3186 (3.9946, 13.2548) -> 3321 (3.63258, 12.7086)
    3187 (6.12237, -7.00675) -> 179 (5.71346, -5.61137)
    3188 (24.9165, -38.6271) -> 2313 (24.7872, -37.2495)
    3189 (7.4666, -10.6976) -> 1883 (7.00727, -8.97348)
    3190 (20.6094, -42.2879) -> 3819 (20.0906, -40.9171)
    3191 (22.3801, -45.3546) -> 2162 (21.316, -43.9689)
    3192 (12.3743, -49.5598) -> 2717 (11.838, -47.7066)
    3193 (20.7042, -45.549) -> 2535 (20.5534, -45.0977)
    3194 (11.8217, 17.1431) -> 3806 (10.7351, 16.6667)
    3195 (17.7737, -32.3848) -> 2163 (17.4118, -31.8906)
    3196 (9.11577, -34.4414) -> 62 (9.08036, -33.5022)
    3197 (22.5701, 18.2852) -> 684 (21.4267, 18.3192)
    3198 (18.6648, -14.7256) -> 2147 (18.2078, -13.3605)
    3199 (13.981, -19.5434) -> 3053 (13.6126, -18.9704)
    3200 (0.402585, -42.9911) -> 1889 (0.590863, -41.53)
    3201 (9.54721, -46.9114) -> 2291 (9.3775, -46.1013)
    3202 (8.57634, 4.88275) -> 1322 (7.35953, 5.75758)
    3203 (13.4759, 6.30054) -> 1287 (12.3747, 7.20354)
    3204 (1.4949, 22.7775) -> 1149 (1.7224, 20.8712)
    3205 (18.1748, -5.7533) -> 2222 (17.7253, -5.50474)
    3206 (10.3029, -34.9769) -> 261 (10.5222, -33.1355)
    3207 (11.7938, 24.5596) -> 3354 (10.4311, 23.6654)
    3208 (14.7401, 23.1458) -> 1983 (13.6668, 22.3737)
    3209 (8.8629, -23.0693) -> 2915 (9.08475, -22.0148)
    3210 (11.8468, -20.1266) -> 1581 (11.8668, -18.2761)
    3211 (12.7534, -40.4953) -> 371 (12.6462, -40.2516)
    3212 (24.2439, -20.8411) -> 673 (22.9688, -20.2295)
    3213 (3.63628, -43.938) -> 328 (3.47443, -42.3741)
    3214 (19.2445, -4.0622) -> 3081 (18.4535, -2.42538)
    3215 (2.70557, -9.72774) -> 334 (3.58205, -8.18735)
    3216 (16.8956, -33.1037) -> 3625 (16.156, -32.0643)
    3217 (22.1843, -36.9) -> 2886 (22.1107, -35.7726)
    3218 (5.11006, 12.8798) -> 3689 (4.03071, 12.7588)
    3219 (1.87883, 18.0676) -> 747 (1.45523, 17.2963)
    3220 (10.65, -5.16684) -> 1716 (9.97447, -4.1368)
    3221 (11.1254, -27.9587) -> 2875 (10.8274, -26.7053)
    3222 (14.0849, 24.1013) -> 3616 (13.3295, 22.4717)
    3223 (10.4859, -46.654) -> 2167 (10.5904, -45.6163)
    3224 (11.8642, -46.1845) -> 2225 (11.59, -44.7832)
    3225 (14.7398, -13.529) -> 3525 (13.9562, -12.6583)
    3226 (9.7331, -5.59603) -> 3442 (9.21963, -3.85005)
    3227 (8.029, -8.27716) -> 837 (7.82323, -7.78696)
    3228 (17.2554, -24.1106) -> 3635 (16.5476, -22.6462)
    3229 (14.3993, -44.6745) -> 612 (14.092, -42.7981)
    3230 (21.2171, -36.8135) -> 1676 (20.3563, -35.2302)
    3231 (16.3602, -42.6405) -> 3740 (16.1038, -41.1009)
    3232 (3.52517, -4.24307) -> 2541 (3.5232, -2.37258)
    3233 (10.1128, -12.7553) -> 3439 (9.51265, -11.2314)
    3234 (23.7443, -28.9034) -> 1416 (23.4885, -28.0964)
    3235 (8.00845, 2.86059) -> 1807 (7.08332, 4.42594)
    3236 (5.97334, 1.89373) -> 3810 (5.61717, 3.77471)
    3237 (9.32989, -10.1885) -> 1618 (8.51729, -8.85253)
    3238 (6.23627, -44.9764) -> 481 (6.53931, -43.2159)
    3239 (23.4522, 22.0479) -> 3718 (23.2874, 21.6547)
    3240 (24.6309, -13.8524) -> 3018 (24.0488, -12.6826)
    3241 (6.9628, 11.0876) -> 3106 (5.0319, 10.9657)
    3242 (23.7365, 6.19784) -> 862 (21.9544, 7.03197)
    3243 (5.94153, 2.15388) -> 3810 (5.61717, 3.77471)
    3244 (9.67276, -10.9129) -> 3237 (9.32989, -10.1885)
    3245 (15.6745, -31.4616) -> 1724 (16.046, -29.8654)
    3246 (4.53719, 10.2038) -> 2072 (2.9583, 11.3237)
    3247 (22.4511, -42.4469) -> 2921 (22.0151, -41.2349)
    3248 (16.434, -48.0585) -> 302 (16.0931, -46.8424)
    3249 (19.0062, 2.72729) -> 2628 (17.4825, 3.75178)
    3250 (19.2664, -36.1389) -> 2567 (18.851, -34.9886)
    3251 (22.9426, -18.4528) -> 461 (22.6484, -16.65)
    3252 (16.4516, 18.4762) -> 1664 (16.1856, 17.0846)
    3253 (15.5233, -19.4352) -> 1559 (14.661, -17.7922)
    3254 (13.7824, -2.43217) -> 454 (12.5382, -1.16125)
    3255 (16.89, -14.0193) -> 3295 (15.8243, -12.5592)
    3256 (10.3058, -30.3369) -> 775 (9.63089, -28.5901)
    3257 (13.2614, -9.58052) -> 3814 (13.0005, -8.98022)
    3258 (15.3293, -25.7589) -> 3015 (14.7304, -24.3585)
    3259 (17.5917, 14.7336) -> 3111 (16.0952, 13.4765)
    3260 (15.7411, -5.03555) -> 967 (14.7664, -3.74326)
    3261 (10.5952, 17.4084) -> 2759 (9.40638, 16.6997)
    3262 (17.2224, 21.9218) -> 365 (17.358, 20.4061)
    3263 (18.7242, -39.576) -> 2662 (17.8882, -38.9537)
    3264 (4.97869, 0.0964553) -> 2479 (4.44241, 1.67996)
    3265 (1.7851, -18.3804) -> 254 (1.28361, -17.6967)
    3266 (18.8095, -10.0817) -> 1657 (17.6493, -8.60809)
    3267 (19.9556, -31.3189) -> 3926 (19.3233, -29.896)
    3268 (0.128361, -11.4866) -> 2742 (0.235113, -10.285)
    3269 (2.20022, 21.2472) -> 406 (1.95927, 20.256)
    3270 (23.0931, 16.2374) -> 3508 (22.6082, 16.2377)
    3271 (11.5907, -43.3564) -> 303 (11.9329, -41.4325)
    3272 (21.1418, -37.2657) -> 716 (20.2745, -35.5084)
    3273 (16.2063, -36.5698) -> 3061 (15.4636, -34.8642)
    3274 (7.59748, 9.20837) -> 188 (6.56764, 10.0482)
    3275 (6.19128, -38.3429) -> 3877 (6.17632, -36.3644)
    3276 (11.7853, -15.3984) -> 2559 (11.2354, -13.6608)
    3277 (4.357, -42.1487) -> 2205 (4.27113, -41.2035)
    3278 (12.0225, -41.6258) -> 2640 (12.2626, -39.7167)
    3279 (5.93644, -48.0988) -> 2852 (6.60662, -46.379)
    3280 (10.5352, -1.92002) -> 3368 (9.57323, -0.287893)
    3281 (6.80999, 5.64303) -> 879 (6.34704, 6.44296)
    3282 (0.787634, 6.8846) -> 3838 (0.907999, 7.48944)
    3283 (21.579, 10.3484) -> 2345 (19.6372, 10.5983)
    3284 (17.9279, 12.6618) -> 980 (16.957, 12.705)
    3285 (3.14855, -44.5888) -> 1382 (3.29645, -42.8724)
    3286 (5.87419, -1.22021) -> 3596 (5.04998, 0.368172)
    3287 (6.97017, 20.3498) -> 2967 (5.99897, 19.0415)
    3288 (3.9788, 1.79143) -> 2604 (3.32346, 3.46365)
    3289 (10.561, -23.5045) -> 1727 (10.037, -22.2121)
    3290 (23.4575, -9.08754) -> 3471 (22.0941, -7.72424)
    3291 (3.28886, -33.8101) -> 2574 (3.08294, -32.3432)
    3292 (24.7978, -42.312) -> 2560 (24.5661, -40.6776)
    3293 (21.3068, -16.4695) -> 1829 (20.2244, -15.5704)
    3294 (8.75726, -41.6171) -> 3817 (9.11234, -40.636)
    3295 (15.8243, -12.5592) -> 2985 (14.9964, -11.2979)
    3296 (19.6135, -34.7227) -> 943 (20.0872, -32.9694)
    3297 (22.3038, -19.9545) -> 783 (21.2162, -18.4337)
    3298 (8.75891, -38.2121) -> 1838 (9.07229, -36.6393)
    3299 (17.311, 17.0033) -> 40 (16.842, 15.5943)
    3300 (18.3612, -26.0259) -> 892 (17.9955, -25.3118)
    3301 (16.7754, -36.8739) -> 3273 (16.2063, -36.5698)
    3302 (19.9526, -5.08155) -> 3214 (19.2445, -4.0622)
    3303 (3.71143, 10.3789) -> 517 (3.54711, 10.5206)
    3304 (13.8016, 8.50173) -> 577 (13.568, 8.48889)
    3305 (3.52866, 15.0408) -> 2938 (1.96267, 15.4371)
    3306 (14.5393, -26.5899) -> 2384 (13.8671, -24.7881)
    3307 (23.0544, -30.6092) -> 3834 (22.2996, -28.7856)
    3308 (2.68102, -39.2341) -> 3064 (2.94963, -38.0111)
    3309 (22.5678, 19.1834) -> 684 (21.4267, 18.3192)
    3310 (3.0467, 19.5328) -> 2407 (2.09296, 18.1009)
    3311 (18.9553, -40.2656) -> 2662 (17.8882, -38.9537)
    3312 (22.7773, -8.19478) -> 3471 (22.0941, -7.72424)
    3313 (19.6799, 2.87233) -> 1992 (17.896, 3.40191)
    3314 (22.8302, 8.20087) -> 852 (21.4375, 7.89365)
    3315 (23.2529, 20.8637) -> 3760 (23.1509, 18.8881)
    3316 (15.2572, -15.4944) -> 1873 (15.037, -15.2552)
    3317 (21.4713, 16.0731) -> 3611 (20.0851, 14.78)
    3318 (19.2473, 23.7473) -> 1822 (18.6807, 22.1558)
    3319 (12.707, -27.8458) -> 1960 (12.2173, -27.0361)
    3320 (14.7481, 9.20937) -> 3968 (14.2977, 9.3806)
    3321 (3.63258, 12.7086) -> 311 (1.83358, 12.273)
    3322 (14.7678, -37.6638) -> 1438 (14.1099, -36.5508)
    3323 (11.75, -42.4079) -> 3651 (11.569, -41.3118)
    3324 (3.01958, -40.1805) -> 1298 (2.87484, -39.6821)
    3325 (15.3329, 0.558667) -> 1202 (14.5832, 2.26731)
    3326 (23.2284, -9.11775) -> 3471 (22.0941, -7.72424)
    3327 (13.6407, -34.0303) -> 3120 (13.1141, -32.6832)
    3328 (17.9325, -43.3175) -> 478 (17.7449, -42.4313)
    3329 (13.2716, -18.018) -> 3430 (12.9967, -16.8353)
    3330 (21.072, -1.8138) -> 2892 (19.6539, -1.23631)
    3331 (6.7618, -19.1422) -> 2643 (6.40959, -17.9526)
    3332 (4.19058, -16.0959) -> 3429 (4.15958, -14.695)
    3333 (1.00889, -48.7176) -> 1064 (1.64457, -47.5505)
    3334 (11.161, 5.49093) -> 81 (10.26, 6.19139)
    3335 (24.3165, -48.5489) -> 483 (24.0164, -47.948)
    3336 (10.8446, -25.4653) -> 3592 (10.6773, -24.051)
    3337 (6.31282, -37.012) -> 2133 (5.89022, -35.8466)
    3338 (8.20694, 7.0801) -> 1300 (7.35878, 7.89376)
    3339 (16.2057, -15.2832) -> 3401 (15.8017, -14.2234)
    3340 (18.5212, -18.907) -> 3746 (17.9026, -17.3284)
    3341 (14.6935, -17.7678) -> 1225 (14.0902, -16.6907)
    3342 (1.79376, 2.31357) -> 180 (1.72329, 3.97613)
    3343 (3.85992, 6.97719) -> 3643 (3.91587, 8.37296)
    3344 (6.8659, -14.9141) -> 2277 (6.6826, -13.7061)
    3345 (4.90405, 10.6126) -> 3379 (3.89485, 11.2781)
    3346 (12.9229, 24.2806) -> 2668 (11.8968, 23.5191)
    3347 (14.872, -10.2245) -> 1283 (14.1939, -9.24724)
    3348 (8.58397, 0.304622) -> 3054 (7.57394, 1.75295)
    3349 (21.0295, -45.6192) -> 2456 (20.7287, -45.0235)
    3350 (15.4939, 24.0742) -> 627 (14.1631, 23.4816)
    3351 (3.47207, -43.9237) -> 328 (3.47443, -42.3741)
    3352 (11.5648, -3.38208) -> 594 (10.8692, -1.53114)
    3353 (1.69837, -7.0097) -> 397 (1.23937, -6.06166)
    3354 (10.4311, 23.6654) -> 2698 (8.77132, 22.7811)
    3355 (13.8702, -33.6802) -> 3120 (13.1141, -32.6832)
    3356 (5.42912, -27.362) -> 2683 (4.70865, -25.6555)
    3357 (12.8513, -5.87292) -> 1457 (12.3074, -4.62295)
    3358 (21.5213, -49.5171) -> 875 (20.7862, -48.401)
    3359 (9.75399, -40.8446) -> 3551 (10.1453, -39.572)
    3360 (4.86966, -14.5669) -> 2635 (4.52286, -14.0355)
    3361 (5.90102, 4.95723) -> 1921 (5.21535, 6.2031)
    3362 (18.3592, -20.1632) -> 2052 (18.2358, -18.525)
    3363 (15.8209, 16.8768) -> 2362 (15.4836, 15.3258)
    3364 (17.2643, -44.4013) -> 3542 (16.8717, -43.1175)
    3365 (12.6125, 6.10265) -> 3816 (11.0086, 6.66464)
    3366 (6.0125, -19.7519) -> 1932 (5.93865, -18.2834)
    3367 (2.62098, -32.9844) -> 3129 (2.28894, -31.0193)
    3368 (9.57323, -0.287893) -> 3761 (9.22112, 0.461141)
    3369 (1.76778, -7.27339) -> 397 (1.23937, -6.06166)
    3370 (0.633774, 12.52) -> 2078 (0.973398, 13.7583)
    3371 (9.8538, -28.0328) -> 1016 (9.74125, -26.8943)
    3372 (1.95618, 3.10659) -> 3965 (2.12695, 4.72546)
    3373 (8.39323, -13.8083) -> 2584 (8.38904, -12.4223)
    3374 (12.3242, 23.0816) -> 185 (10.8104, 21.9431)
    3375 (1.25453, -49.973) -> 532 (1.07292, -48.7287)
    3376 (8.46343, -1.09732) -> 638 (8.03183, -0.0771814)
    3377 (20.3911, 7.65358) -> 2034 (19.8859, 7.69559)
    3378 (0.654323, 15.6444) -> 0 (1, 15)
    3379 (3.89485, 11.2781) -> 1415 (2.90021, 11.6683)
    3380 (24.0052, -36.1435) -> 1295 (23.8836, -34.154)
    3381 (18.2744, -42.9015) -> 3580 (17.8452, -41.5222)
    3382 (4.43868, -47.6204) -> 2076 (3.93784, -46.1321)
    3383 (15.5305, -47.567) -> 239 (15.0375, -45.8981)
    3384 (4.41172, -36.6629) -> 919 (4.74242, -35.6021)
    3385 (16.0465, -25.9205) -> 1332 (15.1268, -24.7355)
    3386 (4.54311, -38.2125) -> 3627 (4.66252, -36.3933)
    3387 (1.80111, 11.3751) -> 1634 (1.59511, 12.0648)
    3388 (20.1158, -3.23911) -> 3081 (18.4535, -2.42538)
    3389 (2.0884, 10.5231) -> 1326 (1.35504, 11.9172)
    3390 (17.3665, -43.6435) -> 3969 (16.6965, -42.1168)
    3391 (17.8897, -39.3073) -> 2662 (17.8882, -38.9537)
    3392 (5.63247, 6.08741) -> 2857 (5.13872, 6.8623)
    3393 (4.27502, 0.371309) -> 3413 (3.74928, 1.72724)
    3394 (16.1726, -37.8915) -> 707 (15.9103, -36.8128)
    3395 (8.5663, -3.09199) -> 3975 (8.3018, -1.30073)
    3396 (23.3495, -33.3333) -> 3568 (23.2929, -32.7043)
    3397 (4.76352, -31.4617) -> 2366 (5.0593, -29.4845)
    3398 (1.36243, 9.8112) -> 1453 (1.21695, 10.477)
    3399 (13.9071, 15.104) -> 3151 (14.0838, 13.7182)
    3400 (10.8212, 18.1388) -> 12 (10.2453, 17.7319)
    3401 (15.8017, -14.2234) -> 2483 (15.0077, -12.7338)
    3402 (11.8005, -10.429) -> 618 (11.5356, -10.1901)
    3403 (9.46209, 4.88546) -> 3679 (8.70857, 5.47374)
    3404 (10.5181, 4.83102) -> 1663 (9.44244, 5.61965)
    3405 (4.33189, -44.8137) -> 1970 (4.13416, -43.0339)
    3406 (11.1887, 1.32742) -> 926 (9.92412, 2.56507)
    3407 (7.39187, -30.1432) -> 3137 (7.44502, -29.6234)
    3408 (10.0327, 0.893407) -> 1531 (9.9043, 1.00774)
    3409 (2.20052, -25.0731) -> 66 (2.34642, -24.4387)
    3410 (18.8761, 15.9325) -> 3259 (17.5917, 14.7336)
    3411 (23.4953, 24.8607) -> 2992 (22.9128, 23.8477)
    3412 (2.87586, 9.6859) -> 3545 (1.78658, 11.3108)
    3413 (3.74928, 1.72724) -> 2604 (3.32346, 3.46365)
    3414 (6.20119, 1.90474) -> 1871 (6.03601, 3.05226)
    3415 (4.59631, 0.294521) -> 2479 (4.44241, 1.67996)
    3416 (15.0681, -36.4432) -> 2940 (15.1906, -35.5373)
    3417 (1.8098, -12.265) -> 3628 (1.87705, -11.1789)
    3418 (15.6965, 7.2432) -> 3727 (14.1111, 7.46874)
    3419 (7.77721, 14.4694) -> 1165 (7.19274, 14.0744)
    3420 (0.703281, 5.15632) -> 3282 (0.787634, 6.8846)
    3421 (24.3956, -8.84284) -> 556 (23.086, -7.43757)
    3422 (12.6075, -41.6739) -> 2640 (12.2626, -39.7167)
    3423 (22.5689, -25.9652) -> 3648 (22.2079, -24.7496)
    3424 (18.3862, 18.2827) -> 3299 (17.311, 17.0033)
    3425 (16.049, -26.725) -> 3258 (15.3293, -25.7589)
    3426 (21.7218, 15.2059) -> 3960 (21.4439, 13.6092)
    3427 (1.12498, 22.8385) -> 402 (0.811614, 21.5831)
    3428 (19.818, -18.382) -> 1733 (18.5763, -17.2968)
    3429 (4.15958, -14.695) -> 2653 (4.16905, -14.0479)
    3430 (12.9967, -16.8353) -> 1901 (11.8516, -15.2192)
    3431 (7.00102, -47.8726) -> 635 (7.40226, -46.0135)
    3432 (3.96423, 5.42439) -> 2585 (3.11938, 6.76221)
    3433 (15.6135, -1.49782) -> 2847 (14.7613, -1.41516)
    3434 (11.6502, -11.9285) -> 2372 (10.8947, -10.1969)
    3435 (3.83193, -24.6877) -> 981 (3.20695, -22.7903)
    3436 (14.1861, -9.494) -> 3543 (13.1918, -8.04541)
    3437 (0.617072, -48.5718) -> 1445 (0.598853, -48.1186)
    3438 (1.6909, -16.1988) -> 2363 (1.55623, -14.6437)
    3439 (9.51265, -11.2314) -> 67 (8.5261, -9.53693)
    3440 (18.3453, 2.57253) -> 3818 (16.7404, 3.71392)
    3441 (12.0464, 18.3795) -> 3261 (10.5952, 17.4084)
    3442 (9.21963, -3.85005) -> 2033 (8.83725, -2.55307)
    3443 (18.264, -42.9301) -> 3580 (17.8452, -41.5222)
    3444 (8.51154, 15.7498) -> 3419 (7.77721, 14.4694)
    3445 (15.0842, 17.9161) -> 3185 (14.9574, 16.0874)
    3446 (17.6096, 6.04342) -> 1387 (16.0221, 7.12361)
    3447 (13.3783, -2.32217) -> 454 (12.5382, -1.16125)
    3448 (24.5736, -39.8768) -> 2240 (24.2253, -38.8884)
    3449 (18.9836, -9.01892) -> 3040 (17.9663, -7.40665)
    3450 (19.2121, -6.69855) -> 2222 (17.7253, -5.50474)
    3451 (8.80912, -45.872) -> 202 (9.65949, -44.1474)
    3452 (17.3949, -14.0617) -> 2256 (16.8583, -13.232)
    3453 (2.47837, -29.1357) -> 2349 (2.79359, -27.6266)
    3454 (3.03743, -7.19729) -> 381 (2.80777, -6.53811)
    3455 (4.59175, -28.0758) -> 1386 (4.52931, -26.6356)
    3456 (5.59065, 14.196) -> 459 (4.69996, 13.292)
    3457 (19.4436, -27.2506) -> 3300 (18.3612, -26.0259)
    3458 (1.36392, 9.11625) -> 1453 (1.21695, 10.477)
    3459 (23.2326, 13.2704) -> 2344 (21.7017, 12.3394)
    3460 (17.6286, -12.2496) -> 1198 (16.9806, -10.9366)
    3461 (4.08171, -20.6477) -> 753 (3.92322, -18.8802)
    3462 (24.751, -49.0773) -> 2696 (24.3531, -48.131)
    3463 (9.15795, -0.94281) -> 3565 (8.2847, 0.351095)
    3464 (9.74429, -1.63678) -> 452 (9.66619, -1.34251)
    3465 (4.85539, 8.05099) -> 98 (4.46447, 8.5791)
    3466 (1.96616, -32.7566) -> 3129 (2.28894, -31.0193)
    3467 (0.198252, -4.53717) -> 3149 (0.728791, -4.35976)
    3468 (9.62506, 8.81208) -> 280 (9.05488, 8.816)
    3469 (9.64821, 0.227573) -> 3780 (9.14319, 1.36824)
    3470 (11.499, -27.5354) -> 3574 (11.1834, -26.3411)
    3471 (22.0941, -7.72424) -> 518 (21.2494, -6.16694)
    3472 (24.9777, 11.7375) -> 2360 (23.7431, 11.3515)
    3473 (7.34283, 16.9346) -> 846 (5.68988, 16.1455)
    3474 (17.2148, 1.3953) -> 3484 (16.4616, 2.10919)
    3475 (20.8599, 20.517) -> 2451 (19.0682, 19.6428)
    3476 (18.0023, -25.9131) -> 3228 (17.2554, -24.1106)
    3477 (7.63512, -10.7394) -> 1984 (7.31519, -9.25213)
    3478 (16.3444, -41.28) -> 1023 (16.1332, -40.9)
    3479 (7.52677, -41.2506) -> 457 (7.48143, -39.9892)
    3480 (18.1871, -14.7969) -> 3452 (17.3949, -14.0617)
    3481 (1.63974, -14.1915) -> 3976 (1.55003, -12.4323)
    3482 (21.1164, -27.9116) -> 3972 (20.597, -27.0408)
    3483 (15.5253, -43.1272) -> 1288 (14.256, -42.0908)
    3484 (16.4616, 2.10919) -> 1848 (15.5711, 2.70292)
    3485 (14.6827, -29.6055) -> 1598 (14.6049, -29.3183)
    3486 (6.30833, -26.5808) -> 1788 (6.15494, -25.4692)
    3487 (3.31062, 11.9258) -> 2095 (1.52019, 12.5282)
    3488 (21.6845, 1.62937) -> 1404 (20.6472, 1.83245)
    3489 (22.6652, -4.00944) -> 198 (21.8491, -3.15312)
    3490 (5.28066, -7.64328) -> 1776 (5.20627, -6.53923)
    3491 (22.179, -15.2229) -> 1072 (21.6876, -14.1091)
    3492 (1.00376, -30.9079) -> 3598 (0.853156, -28.9694)
    3493 (0.965903, -4.29584) -> 1589 (0.807503, -2.55937)
    3494 (21.5657, -47.883) -> 3915 (20.7742, -47.1339)
    3495 (16.4678, -14.2838) -> 1207 (15.4458, -13.3303)
    3496 (3.26336, 1.0021) -> 2511 (2.95634, 2.65036)
    3497 (15.5935, -20.216) -> 3253 (15.5233, -19.4352)
    3498 (5.90913, -49.3351) -> 1570 (6.46799, -47.4497)
    3499 (23.5311, 5.01987) -> 308 (22.5703, 5.53028)
    3500 (9.09764, -29.9142) -> 2230 (9.44737, -28.9763)
    3501 (12.8688, -33.3305) -> 2617 (12.2281, -31.5466)
    3502 (20.7046, -47.3394) -> 1969 (19.5971, -46.1752)
    3503 (11.7202, 3.90446) -> 3767 (10.4279, 5.31117)
    3504 (14.6188, -37.8083) -> 2749 (13.8479, -36.2418)
    3505 (20.7006, -6.03843) -> 3302 (19.9526, -5.08155)
    3506 (0.406142, 21.2945) -> 3829 (0.676814, 20.1502)
    3507 (1.00633, -7.03644) -> 397 (1.23937, -6.06166)
    3508 (22.6082, 16.2377) -> 1975 (21.5063, 14.592)
    3509 (3.37105, -12.8011) -> 3850 (3.03211, -10.9562)
    3510 (7.19606, -20.3634) -> 2157 (6.79811, -19.042)
    3511 (19.9846, -30.2504) -> 1938 (19.067, -28.8242)
    3512 (1.01001, -27.1761) -> 2048 (1.22686, -26.4447)
    3513 (4.51894, 8.13488) -> 1436 (3.82051, 9.0035)
    3514 (24.0132, -47.2578) -> 3084 (23.5881, -46.5955)
    3515 (10.8618, 18.8905) -> 2017 (9.58087, 17.4074)
    3516 (22.5264, 4.97408) -> 308 (22.5703, 5.53028)
    3517 (13.9155, 14.0287) -> 3151 (14.0838, 13.7182)
    3518 (12.3492, 3.11793) -> 3729 (11.5151, 4.13606)
    3519 (12.4827, 24.7581) -> 608 (11.6337, 23.9634)
    3520 (8.68748, -7.46031) -> 3747 (8.26413, -6.18724)
    3521 (4.22557, -8.53784) -> 2701 (3.60569, -6.81744)
    3522 (22.9023, -0.554562) -> 3076 (22.0752, 0.193933)
    3523 (24.2512, -16.1069) -> 3634 (23.2109, -14.8251)
    3524 (19.6742, -29.62) -> 1938 (19.067, -28.8242)
    3525 (13.9562, -12.6583) -> 1123 (13.5502, -11.2127)
    3526 (0.903121, 23.0651) -> 402 (0.811614, 21.5831)
    3527 (18.3483, -29.8047) -> 3013 (18.2612, -29.1994)
    3528 (10.451, -43.0453) -> 961 (10.3809, -42.1521)
    3529 (3.57588, -26.1715) -> 3893 (3.5656, -24.4345)
    3530 (22.6674, -4.68774) -> 2706 (21.5539, -3.55676)
    3531 (7.27346, -1.89965) -> 2452 (7.36244, -0.272186)
    3532 (22.393, 2.28053) -> 2590 (20.8757, 2.34676)
    3533 (24.2774, -9.57726) -> 1362 (23.1753, -8.5701)
    3534 (6.35902, 16.7689) -> 3744 (5.33635, 16.0798)
    3535 (19.2756, 24.1356) -> 777 (19.0639, 23.6914)
    3536 (13.0539, 20.7321) -> 494 (12.8348, 19.7993)
    3537 (12.0449, -28.4594) -> 513 (11.7328, -27.1619)
    3538 (0.0860098, -6.05194) -> 3149 (0.728791, -4.35976)
    3539 (2.76729, -3.92167) -> 168 (2.9021, -2.65353)
    3540 (2.67271, -3.95247) -> 168 (2.9021, -2.65353)
    3541 (8.41969, 4.23134) -> 2248 (7.03561, 5.59955)
    3542 (16.8717, -43.1175) -> 3478 (16.3444, -41.28)
    3543 (13.1918, -8.04541) -> 2531 (12.4563, -7.17427)
    3544 (3.22519, -49.7298) -> 2188 (3.07098, -47.9767)
    3545 (1.78658, 11.3108) -> 1634 (1.59511, 12.0648)
    3546 (9.31316, -42.1266) -> 3817 (9.11234, -40.636)
    3547 (7.37835, 18.8053) -> 6 (6.25655, 17.8396)
    3548 (22.0281, 3.61621) -> 1194 (20.9231, 4.13395)
    3549 (8.36291, -33.9383) -> 400 (8.24213, -32.5781)
    3550 (11.935, -0.499532) -> 1752 (11.0233, 0.995146)
    3551 (10.1453, -39.572) -> 3905 (9.58786, -38.2197)
    3552 (22.5558, -45.7832) -> 3191 (22.3801, -45.3546)
    3553 (5.20615, -38.7583) -> 2648 (5.00348, -37.1113)
    3554 (3.53003, -46.1803) -> 1410 (3.56008, -44.2013)
    3555 (12.6052, -12.2271) -> 2135 (11.8307, -10.7026)
    3556 (5.79339, -15.7536) -> 921 (5.67818, -14.745)
    3557 (7.971, -25.9826) -> 869 (7.88677, -24.0995)
    3558 (13.114, -26.1653) -> 293 (12.6485, -24.724)
    3559 (11.139, -23.8798) -> 1565 (10.6984, -22.495)
    3560 (20.4633, -20.0647) -> 3865 (19.4404, -19.0388)
    3561 (20.2235, -18.6331) -> 3886 (19.2351, -16.9717)
    3562 (12.1516, -34.6563) -> 2464 (12.2656, -33.662)
    3563 (10.2996, -30.5981) -> 2071 (9.86813, -29.5598)
    3564 (4.15256, -33.0851) -> 3397 (4.76352, -31.4617)
    3565 (8.2847, 0.351095) -> 3054 (7.57394, 1.75295)
    3566 (6.40935, -24.1603) -> 1645 (6.53818, -22.2452)
    3567 (17.9308, -47.9046) -> 3912 (17.7415, -46.4799)
    3568 (23.2929, -32.7043) -> 259 (22.9051, -31.299)
    3569 (20.8501, -3.48709) -> 3388 (20.1158, -3.23911)
    3570 (22.9192, -14.4812) -> 1060 (21.8516, -13.1475)
    3571 (7.91637, -45.7796) -> 619 (7.18503, -44.6599)
    3572 (15.3506, -1.03731) -> 2243 (14.7958, -0.497564)
    3573 (8.57417, 19.1184) -> 3547 (7.37835, 18.8053)
    3574 (11.1834, -26.3411) -> 3336 (10.8446, -25.4653)
    3575 (22.56, -8.26611) -> 3471 (22.0941, -7.72424)
    3576 (18.0301, -32.9694) -> 1220 (17.9864, -31.7577)
    3577 (18.7687, 13.6091) -> 3284 (17.9279, 12.6618)
    3578 (24.2428, -32.0138) -> 3132 (23.4223, -30.6662)
    3579 (6.92419, 17.7961) -> 1390 (6.21018, 17.6597)
    3580 (17.8452, -41.5222) -> 2729 (16.9851, -39.9383)
    3581 (0.746818, 15.982) -> 0 (1, 15)
    3582 (1.11035, -39.3342) -> 829 (1.43912, -39.0167)
    3583 (13.686, -40.4238) -> 2492 (13.4568, -39.2625)
    3584 (14.2267, -5.50681) -> 2473 (13.4666, -3.93447)
    3585 (5.63388, -17.9744) -> 476 (5.51676, -16.282)
    3586 (2.96065, 6.8591) -> 7 (2.83529, 7.24045)
    3587 (0.212346, -0.670252) -> 1343 (0.811659, 0.894103)
    3588 (14.5574, -38.4491) -> 1438 (14.1099, -36.5508)
    3589 (2.21715, -37.3494) -> 2951 (2.85418, -35.8821)
    3590 (12.073, -45.5356) -> 2060 (11.6449, -43.9098)
    3591 (10.0564, -18.8597) -> 370 (9.17947, -17.1188)
    3592 (10.6773, -24.051) -> 1727 (10.037, -22.2121)
    3593 (11.2363, 16.2214) -> 2939 (10.3858, 16.1275)
    3594 (12.0624, -3.49037) -> 2994 (11.7976, -2.90614)
    3595 (5.54976, -20.5246) -> 1127 (6.0329, -18.9811)
    3596 (5.04998, 0.368172) -> 11 (4.59388, 1.67884)
    3597 (9.28435, -1.83307) -> 2538 (9.05785, -1.09565)
    3598 (0.853156, -28.9694) -> 2670 (1.26451, -27.4908)
    3599 (2.43945, -34.1602) -> 3125 (2.12293, -32.2059)
    3600 (24.3101, -3.68912) -> 3681 (23.8317, -2.78415)
    3601 (3.35874, 0.175423) -> 3749 (3.14734, 1.71872)
    3602 (8.72659, 24.7532) -> 2317 (8.13972, 23.8782)
    3603 (5.87394, -30.4314) -> 2807 (5.91355, -29.7834)
    3604 (1.93708, -47.3948) -> 1742 (2.10396, -45.7974)
    3605 (3.20056, -20.266) -> 3846 (3.5943, -19.0747)
    3606 (12.5631, -28.9442) -> 513 (11.7328, -27.1619)
    3607 (19.6528, 20.8932) -> 2451 (19.0682, 19.6428)
    3608 (19.4571, -6.70444) -> 3675 (18.7778, -5.77977)
    3609 (24.6211, 5.73605) -> 537 (23.9282, 5.77444)
    3610 (14.0146, -29.8597) -> 466 (13.5446, -28.9309)
    3611 (20.0851, 14.78) -> 3577 (18.7687, 13.6091)
    3612 (10.1222, -47.5272) -> 244 (10.2048, -46.5109)
    3613 (6.2038, 20.6718) -> 1597 (4.8296, 19.7543)
    3614 (23.1169, -33.3632) -> 2580 (22.9385, -31.9546)
    3615 (16.9968, -1.94468) -> 3433 (15.6135, -1.49782)
    3616 (13.3295, 22.4717) -> 3536 (13.0539, 20.7321)
    3617 (23.0501, 12.5034) -> 2344 (21.7017, 12.3394)
    3618 (12.3601, -34.8557) -> 2464 (12.2656, -33.662)
    3619 (4.18833, -17.198) -> 3332 (4.19058, -16.0959)
    3620 (3.38344, -45.2827) -> 3351 (3.47207, -43.9237)
    3621 (9.43832, -23.2478) -> 668 (9.51959, -21.7234)
    3622 (20.3925, 5.68909) -> 3698 (18.8076, 5.98865)
    3623 (13.0623, -49.5661) -> 2221 (13.2287, -48.1358)
    3624 (7.11107, 8.13748) -> 2871 (5.82598, 9.04804)
    3625 (16.156, -32.0643) -> 3871 (15.9154, -31.1822)
    3626 (17.0908, 7.38712) -> 1006 (15.7481, 7.26158)
    3627 (4.66252, -36.3933) -> 3170 (4.99803, -34.5137)
    3628 (1.87705, -11.1789) -> 1837 (1.16209, -9.7077)
    3629 (16.6823, -42.868) -> 3740 (16.1038, -41.1009)
    3630 (19.991, -25.2106) -> 1862 (19.8294, -24.2967)
    3631 (16.3931, 0.178434) -> 2294 (15.5405, 1.28119)
    3632 (7.55352, -19.4578) -> 2154 (7.51563, -18.0216)
    3633 (17.3015, -22.0106) -> 376 (16.1941, -20.7134)
    3634 (23.2109, -14.8251) -> 3570 (22.9192, -14.4812)
    3635 (16.5476, -22.6462) -> 376 (16.1941, -20.7134)
    3636 (19.6752, 13.7478) -> 3177 (18.449, 12.7188)
    3637 (9.06734, -25.2503) -> 1217 (8.91857, -24.0575)
    3638 (7.51049, 23.9184) -> 1262 (7.26039, 23.6027)
    3639 (10.3219, -8.23298) -> 2493 (9.91887, -6.30571)
    3640 (20.782, -35.4576) -> 1907 (19.8821, -34.496)
    3641 (8.27321, 11.2192) -> 3087 (7.05212, 11.6449)
    3642 (18.7189, -15.3379) -> 3452 (17.3949, -14.0617)
    3643 (3.91587, 8.37296) -> 3412 (2.87586, 9.6859)
    3644 (18.1642, -35.9488) -> 316 (17.1709, -34.7104)
    3645 (8.52789, -1.89621) -> 638 (8.03183, -0.0771814)
    3646 (2.31572, 1.02452) -> 3342 (1.79376, 2.31357)
    3647 (22.9898, -47.0385) -> 3191 (22.3801, -45.3546)
    3648 (22.2079, -24.7496) -> 455 (21.0311, -23.376)
    3649 (13.1546, -42.8184) -> 2868 (13.4672, -41.0203)
    3650 (1.58225, -4.56981) -> 3148 (1.20377, -3.61288)
    3651 (11.569, -41.3118) -> 809 (11.8411, -39.3394)
    3652 (18.786, 3.73692) -> 1349 (17.5398, 5.05461)
    3653 (16.1775, -3.24745) -> 1662 (15.8489, -2.79945)
    3654 (18.9291, 21.2296) -> 2093 (18.77, 21.0455)
    3655 (14.0241, 14.2718) -> 3151 (14.0838, 13.7182)
    3656 (9.20764, -30.248) -> 2235 (9.56933, -28.5382)
    3657 (7.16364, -17.472) -> 2850 (6.94151, -15.7447)
    3658 (16.1855, -44.2399) -> 973 (15.8434, -42.4126)
    3659 (13.533, 16.6379) -> 3399 (13.9071, 15.104)
    3660 (11.3653, 17.0815) -> 3806 (10.7351, 16.6667)
    3661 (10.7879, -32.8503) -> 3717 (10.4246, -31.1861)
    3662 (14.7536, -48.2635) -> 2400 (15.1707, -46.742)
    3663 (10.9307, -17.4371) -> 3152 (10.8359, -16.7832)
    3664 (24.7011, 11.4453) -> 2360 (23.7431, 11.3515)
    3665 (19.8309, -34.8377) -> 943 (20.0872, -32.9694)
    3666 (2.35075, -3.62815) -> 168 (2.9021, -2.65353)
    3667 (23.0911, -8.92943) -> 3757 (21.449, -7.80722)
    3668 (20.9137, 23.9032) -> 433 (20.0719, 22.5438)
    3669 (0.230117, -8.28373) -> 2383 (0.236889, -7.27575)
    3670 (10.7505, -18.3583) -> 414 (10.0546, -16.9453)
    3671 (14.6866, 8.43678) -> 1579 (13.2856, 8.91635)
    3672 (6.82551, -5.65736) -> 2659 (6.73435, -4.24429)
    3673 (13.0701, 16.4768) -> 923 (13.5442, 14.6723)
    3674 (4.13936, -10.4821) -> 3521 (4.22557, -8.53784)
    3675 (18.7778, -5.77977) -> 2853 (17.2231, -4.63348)
    3676 (13.7529, -41.291) -> 3583 (13.686, -40.4238)
    3677 (2.07239, -15.8889) -> 1633 (1.97291, -14.614)
    3678 (17.7616, 21.2089) -> 1917 (17.5134, 19.7203)
    3679 (8.70857, 5.47374) -> 1444 (7.42735, 6.88256)
    3680 (2.41221, -17.461) -> 1025 (2.06093, -15.7973)
    3681 (23.8317, -2.78415) -> 2184 (22.858, -1.78344)
    3682 (24.2748, -1.67865) -> 3522 (22.9023, -0.554562)
    3683 (10.2849, -33.9578) -> 3888 (10.1599, -33.2398)
    3684 (4.26138, 23.9574) -> 1600 (3.47506, 22.2513)
    3685 (11.732, 9.87502) -> 159 (10.2197, 10.0606)
    3686 (22.9132, -47.2017) -> 3191 (22.3801, -45.3546)
    3687 (23.8991, -24.7121) -> 1684 (23.381, -22.941)
    3688 (19.6522, -5.48419) -> 2160 (18.6766, -4.6904)
    3689 (4.03071, 12.7588) -> 74 (2.68642, 13.0181)
    3690 (24.0395, -36.6929) -> 1959 (23.6353, -35.8752)
    3691 (12.0051, -30.5455) -> 1869 (11.927, -28.9864)
    3692 (2.27771, 9.53409) -> 2887 (1.82842, 10.9904)
    3693 (7.98756, -47.5521) -> 1957 (7.48684, -46.0976)
    3694 (6.15738, -26.5895) -> 1788 (6.15494, -25.4692)
    3695 (7.89331, -34.5052) -> 1926 (7.62173, -33.5582)
    3696 (15.9056, -28.3694) -> 76 (15.2223, -26.6531)
    3697 (24.9113, -1.65962) -> 3979 (24.4656, -1.44245)
    3698 (18.8076, 5.98865) -> 3446 (17.6096, 6.04342)
    3699 (19.3274, -0.244928) -> 606 (18.0452, 0.184925)
    3700 (2.44386, -4.57199) -> 168 (2.9021, -2.65353)
    3701 (16.9201, -33.2797) -> 3625 (16.156, -32.0643)
    3702 (8.92204, 8.31173) -> 3274 (7.59748, 9.20837)
    3703 (18.7604, -14.5436) -> 2147 (18.2078, -13.3605)
    3704 (13.5898, 2.03787) -> 3518 (12.3492, 3.11793)
    3705 (21.792, -30.9728) -> 3984 (21.7598, -29.8853)
    3706 (22.6266, -1.96323) -> 2931 (22.0618, -1.02949)
    3707 (8.67333, -5.06254) -> 1210 (8.53575, -4.49115)
    3708 (3.77797, -40.4124) -> 3135 (3.53034, -39.0486)
    3709 (15.6202, -34.147) -> 1075 (15.045, -33.8009)
    3710 (19.5798, -12.3173) -> 2539 (19.0609, -10.7344)
    3711 (17.9825, 7.62737) -> 1162 (16.2556, 8.27286)
    3712 (19.0348, 10.3516) -> 871 (17.7483, 10.499)
    3713 (8.63004, 19.0191) -> 3547 (7.37835, 18.8053)
    3714 (19.9706, -25.3876) -> 2239 (18.6646, -24.0046)
    3715 (6.84787, -27.1572) -> 2094 (6.60645, -26.065)
    3716 (17.4822, 21.4686) -> 1917 (17.5134, 19.7203)
    3717 (10.4246, -31.1861) -> 2071 (9.86813, -29.5598)
    3718 (23.2874, 21.6547) -> 2904 (23.1095, 20.9804)
    3719 (1.21189, -15.2009) -> 1402 (1.12973, -14.4301)
    3720 (23.5524, 11.4982) -> 3858 (22.154, 11.4745)
    3721 (10.5616, -7.81415) -> 2493 (9.91887, -6.30571)
    3722 (4.65593, 17.5589) -> 794 (3.46519, 17.2744)
    3723 (6.77045, -36.5909) -> 2595 (6.87976, -35.2274)
    3724 (21.771, -2.88394) -> 1870 (20.1519, -2.20364)
    3725 (14.7262, -3.42325) -> 3254 (13.7824, -2.43217)
    3726 (0.863542, 0.0428302) -> 2028 (1.54588, 1.84893)
    3727 (14.1111, 7.46874) -> 3784 (12.5067, 7.91089)
    3728 (15.1857, 4.30892) -> 2694 (14.1081, 5.05386)
    3729 (11.5151, 4.13606) -> 3767 (10.4279, 5.31117)
    3730 (21.7148, -28.0877) -> 2489 (21.008, -26.4509)
    3731 (19.7581, 19.7655) -> 2451 (19.0682, 19.6428)
    3732 (9.03314, -7.58718) -> 2424 (8.55704, -6.27767)
    3733 (21.0476, -12.9417) -> 2458 (20.4397, -11.631)
    3734 (14.3815, -30.72) -> 2946 (13.5388, -29.5557)
    3735 (7.54484, -31.351) -> 3137 (7.44502, -29.6234)
    3736 (14.9444, 4.74655) -> 2287 (13.4546, 5.31097)
    3737 (16.622, -14.3331) -> 3295 (15.8243, -12.5592)
    3738 (11.2638, 24.4203) -> 1755 (10.2887, 23.7827)
    3739 (6.08994, 24.2101) -> 1120 (5.21853, 23.2293)
    3740 (16.1038, -41.1009) -> 2888 (15.5198, -39.2453)
    3741 (2.34959, 22.1748) -> 406 (1.95927, 20.256)
    3742 (24.6879, -26.8573) -> 290 (24.3443, -25.9988)
    3743 (1.65702, -19.4303) -> 254 (1.28361, -17.6967)
    3744 (5.33635, 16.0798) -> 3128 (3.95602, 16.232)
    3745 (12.8201, 4.09598) -> 3089 (11.4083, 5.30278)
    3746 (17.9026, -17.3284) -> 2175 (17.3868, -16.0071)
    3747 (8.26413, -6.18724) -> 548 (7.72455, -5.12444)
    3748 (23.6434, -32.3558) -> 3307 (23.0544, -30.6092)
    3749 (3.14734, 1.71872) -> 2511 (2.95634, 2.65036)
    3750 (4.95327, 6.02216) -> 3017 (4.87107, 7.21627)
    3751 (19.0619, -13.3916) -> 3460 (17.6286, -12.2496)
    3752 (13.9124, -33.4293) -> 3120 (13.1141, -32.6832)
    3753 (15.2784, 6.88181) -> 3727 (14.1111, 7.46874)
    3754 (3.17455, -2.70671) -> 1293 (2.58696, -1.28773)
    3755 (21.4652, -31.3897) -> 823 (20.6897, -30.4237)
    3756 (8.45196, -11.4393) -> 2288 (7.93997, -9.59351)
    3757 (21.449, -7.80722) -> 2838 (20.3074, -6.45724)
    3758 (0.0416238, 19.0138) -> 3026 (0.984763, 17.9904)
    3759 (10.3993, 0.553783) -> 1531 (9.9043, 1.00774)
    3760 (23.1509, 18.8881) -> 375 (22.5804, 17.4829)
    3761 (9.22112, 0.461141) -> 2419 (8.4678, 2.07833)
    3762 (5.23587, -40.5216) -> 3553 (5.20615, -38.7583)
    3763 (24.8122, -2.55516) -> 1211 (23.5745, -2.09037)
    3764 (11.1536, -48.8614) -> 3082 (11.2394, -47.6428)
    3765 (18.8146, -47.8924) -> 1806 (18.2252, -46.0061)
    3766 (5.20346, -17.1079) -> 1930 (4.72744, -16.2809)
    3767 (10.4279, 5.31117) -> 2576 (9.84778, 5.87792)
    3768 (0.108429, -11.4924) -> 2742 (0.235113, -10.285)
    3769 (2.08174, -23.7678) -> 3083 (2.57207, -22.7407)
    3770 (18.0039, 15.181) -> 3259 (17.5917, 14.7336)
    3771 (24.3527, -35.9486) -> 1295 (23.8836, -34.154)
    3772 (1.53344, -3.14327) -> 167 (0.922539, -1.81053)
    3773 (4.06581, 23.2564) -> 2408 (3.40336, 21.8876)
    3774 (3.40518, 24.1443) -> 2612 (3.39964, 23.0602)
    3775 (3.19416, 19.1673) -> 2610 (2.86449, 18.6875)
    3776 (2.82381, -28.7441) -> 2349 (2.79359, -27.6266)
    3777 (18.0308, 17.7398) -> 3299 (17.311, 17.0033)
    3778 (18.7659, -34.1635) -> 3576 (18.0301, -32.9694)
    3779 (18.0494, -39.1414) -> 2662 (17.8882, -38.9537)
    3780 (9.14319, 1.36824) -> 3235 (8.00845, 2.86059)
    3781 (8.18427, -30.0743) -> 2329 (7.65027, -28.9275)
    3782 (12.257, -10.7807) -> 894 (11.76, -10.0799)
    3783 (7.63257, -4.2664) -> 3060 (7.2178, -3.42934)
    3784 (12.5067, 7.91089) -> 304 (11.3046, 8.24255)
    3785 (16.9225, -40.8666) -> 2699 (16.843, -39.9904)
    3786 (14.0859, -41.3367) -> 2217 (13.716, -39.7915)
    3787 (2.45899, -39.0773) -> 2625 (2.36408, -37.3339)
    3788 (2.56978, 4.55066) -> 1256 (2.20465, 6.39372)
    3789 (17.4294, -46.8279) -> 3113 (17.2349, -45.7885)
    3790 (22.1949, 7.37313) -> 3956 (21.0033, 7.51538)
    3791 (19.5248, 0.831957) -> 2275 (19.0515, 0.867868)
    3792 (16.0301, -38.1472) -> 1109 (15.7486, -36.3285)
    3793 (24.8426, 16.6029) -> 805 (23.4931, 15.5945)
    3794 (15.6422, -2.71427) -> 2847 (14.7613, -1.41516)
    3795 (5.13454, 24.8299) -> 3773 (4.06581, 23.2564)
    3796 (5.22796, -8.27708) -> 1604 (5.05578, -7.60639)
    3797 (12.3945, -30.0833) -> 3537 (12.0449, -28.4594)
    3798 (15.4816, -1.85192) -> 2847 (14.7613, -1.41516)
    3799 (21.4668, -41.1839) -> 2589 (21.0198, -39.5841)
    3800 (12.2017, -37.4518) -> 1078 (12.2771, -36.4481)
    3801 (7.35848, -21.4861) -> 888 (7.15203, -20.1982)
    3802 (23.2746, 2.00787) -> 3093 (22.3243, 2.28151)
    3803 (19.9514, 14.3205) -> 3577 (18.7687, 13.6091)
    3804 (0.490616, 19.5333) -> 3026 (0.984763, 17.9904)
    3805 (22.6936, -23.0368) -> 2014 (21.7215, -21.3146)
    3806 (10.7351, 16.6667) -> 3002 (9.38259, 16.0934)
    3807 (9.65397, -37.3905) -> 238 (9.47718, -35.6719)
    3808 (14.5242, 9.39781) -> 3968 (14.2977, 9.3806)
    3809 (7.40787, -35.9113) -> 2121 (7.50948, -34.7489)
    3810 (5.61717, 3.77471) -> 2964 (5.23188, 4.9138)
    3811 (21.6401, -25.0137) -> 455 (21.0311, -23.376)
    3812 (3.81145, 6.51889) -> 3941 (3.07426, 7.47271)
    3813 (20.2519, -17.5262) -> 2702 (19.6599, -16.6506)
    3814 (13.0005, -8.98022) -> 2531 (12.4563, -7.17427)
    3815 (4.781, 2.79099) -> 2906 (4.04103, 3.9458)
    3816 (11.0086, 6.66464) -> 2314 (9.70613, 7.67852)
    3817 (9.11234, -40.636) -> 430 (9.25306, -38.6804)
    3818 (16.7404, 3.71392) -> 546 (15.265, 4.91528)
    3819 (20.0906, -40.9171) -> 1815 (19.6217, -38.9747)
    3820 (16.5502, 1.07993) -> 3074 (15.0817, 2.14052)
    3821 (11.3468, -29.2848) -> 2298 (11.118, -27.5853)
    3822 (10.6076, -36.3179) -> 65 (10.7519, -34.6004)
    3823 (12.2176, 18.111) -> 3261 (10.5952, 17.4084)
    3824 (24.7854, -34.159) -> 1623 (24.4219, -33.0536)
    3825 (0.418815, 1.5815) -> 1935 (0.128619, 2.9236)
    3826 (13.4197, 16.1519) -> 3655 (14.0241, 14.2718)
    3827 (24.1699, -27.0491) -> 1931 (23.0178, -25.5703)
    3828 (4.65234, -49.4131) -> 3382 (4.43868, -47.6204)
    3829 (0.676814, 20.1502) -> 3179 (0.9785, 18.9047)
    3830 (1.84391, -32.8043) -> 3129 (2.28894, -31.0193)
    3831 (7.77068, -48.1137) -> 1976 (7.55847, -47.8097)
    3832 (0.946166, -7.28837) -> 397 (1.23937, -6.06166)
    3833 (19.6483, -31.5109) -> 3926 (19.3233, -29.896)
    3834 (22.2996, -28.7856) -> 151 (21.9919, -27.4057)
    3835 (14.2229, 18.5903) -> 37 (14.1222, 18.1522)
    3836 (7.12634, -23.6555) -> 31 (6.93657, -22.4992)
    3837 (19.2293, -10.7698) -> 3266 (18.8095, -10.0817)
    3838 (0.907999, 7.48944) -> 2618 (1.0412, 8.94577)
    3839 (20.266, 6.71542) -> 2203 (18.8195, 7.31972)
    3840 (15.8185, 23.3893) -> 1654 (15.6113, 21.8283)
    3841 (3.86913, 14.9175) -> 1928 (2.79657, 14.5723)
    3842 (0.0478988, -45.4383) -> 1641 (0.393818, -43.708)
    3843 (14.2894, 2.70657) -> 2021 (13.4536, 3.02459)
    3844 (21.3077, 12.2709) -> 576 (19.8953, 11.458)
    3845 (17.7678, 15.5913) -> 1351 (17.3049, 14.9602)
    3846 (3.5943, -19.0747) -> 3937 (3.91641, -17.4104)
    3847 (17.82, 14.6185) -> 3259 (17.5917, 14.7336)
    3848 (0.947249, -37.38) -> 3931 (1.04511, -36.1806)
    3849 (3.66552, -39.9046) -> 3135 (3.53034, -39.0486)
    3850 (3.03211, -10.9562) -> 2989 (3.44124, -9.44163)
    3851 (23.2527, -7.02153) -> 2754 (22.167, -6.52878)
    3852 (19.685, 21.5403) -> 2451 (19.0682, 19.6428)
    3853 (19.2666, -40.5833) -> 3779 (18.0494, -39.1414)
    3854 (14.1425, -8.95034) -> 3543 (13.1918, -8.04541)
    3855 (4.98865, 1.92151) -> 3815 (4.781, 2.79099)
    3856 (13.5843, -12.2221) -> 2561 (13.276, -10.7056)
    3857 (3.31075, -26.2907) -> 3893 (3.5656, -24.4345)
    3858 (22.154, 11.4745) -> 881 (20.534, 11.4429)
    3859 (8.71365, -25.1638) -> 1217 (8.91857, -24.0575)
    3860 (1.00157, -19.7298) -> 634 (1.45455, -19.4225)
    3861 (9.31228, -41.01) -> 3817 (9.11234, -40.636)
    3862 (1.70088, 22.1467) -> 1149 (1.7224, 20.8712)
    3863 (23.7695, -31.7792) -> 3132 (23.4223, -30.6662)
    3864 (9.1881, -47.3645) -> 2291 (9.3775, -46.1013)
    3865 (19.4404, -19.0388) -> 1733 (18.5763, -17.2968)
    3866 (24.8716, -11.2402) -> 3016 (23.4803, -9.83064)
    3867 (2.4959, 24.0931) -> 246 (2.04668, 22.7038)
    3868 (11.8874, 17.7087) -> 3806 (10.7351, 16.6667)
    3869 (5.65439, -42.2839) -> 3762 (5.23587, -40.5216)
    3870 (15.2783, 18.8237) -> 2718 (15.0539, 17.1294)
    3871 (15.9154, -31.1822) -> 1724 (16.046, -29.8654)
    3872 (7.53171, -0.972097) -> 2452 (7.36244, -0.272186)
    3873 (20.4759, -42.6519) -> 3819 (20.0906, -40.9171)
    3874 (3.62824, -3.74794) -> 2541 (3.5232, -2.37258)
    3875 (14.0138, -7.00827) -> 3357 (12.8513, -5.87292)
    3876 (16.5328, -16.2334) -> 3339 (16.2057, -15.2832)
    3877 (6.17632, -36.3644) -> 2133 (5.89022, -35.8466)
    3878 (21.1871, -43.0784) -> 3190 (20.6094, -42.2879)
    3879 (16.4227, 0.999633) -> 3074 (15.0817, 2.14052)
    3880 (22.4755, -48.6137) -> 200 (22.2926, -48.0646)
    3881 (20.4185, -11.1522) -> 2687 (19.5046, -10.2249)
    3882 (2.07483, -11.6119) -> 3628 (1.87705, -11.1789)
    3883 (20.208, 24.6357) -> 479 (19.7128, 24.0013)
    3884 (23.5722, 15.0463) -> 659 (22.5274, 14.1141)
    3885 (1.08543, -13.1523) -> 1944 (1.02453, -11.6871)
    3886 (19.2351, -16.9717) -> 1041 (18.3753, -15.5201)
    3887 (14.268, -26.9609) -> 3008 (14.019, -26.2256)
    3888 (10.1599, -33.2398) -> 2465 (10.215, -32.6145)
    3889 (10.322, -5.82817) -> 207 (9.9163, -4.86037)
    3890 (7.75016, 10.8716) -> 1164 (5.96297, 10.7721)
    3891 (2.89332, -21.883) -> 2748 (3.36214, -19.9917)
    3892 (20.1079, -4.48249) -> 2149 (19.1794, -3.28222)
    3893 (3.5656, -24.4345) -> 981 (3.20695, -22.7903)
    3894 (22.8511, -38.5642) -> 3217 (22.1843, -36.9)
    3895 (22.0965, -31.0608) -> 3984 (21.7598, -29.8853)
    3896 (20.1052, -13.9438) -> 3710 (19.5798, -12.3173)
    3897 (20.5386, -25.1207) -> 1271 (19.979, -23.3048)
    3898 (7.2643, -41.4853) -> 457 (7.48143, -39.9892)
    3899 (7.32771, -14.7885) -> 471 (7.56026, -13.2864)
    3900 (22.8277, 3.4533) -> 3548 (22.0281, 3.61621)
    3901 (22.8495, -11.6787) -> 3903 (21.4296, -11.0357)
    3902 (20.868, -47.5842) -> 1969 (19.5971, -46.1752)
    3903 (21.4296, -11.0357) -> 560 (20.1, -9.68367)
    3904 (6.60758, 18.0626) -> 6 (6.25655, 17.8396)
    3905 (9.58786, -38.2197) -> 3807 (9.65397, -37.3905)
    3906 (6.45936, -7.57171) -> 3078 (6.09304, -5.89929)
    3907 (12.722, 5.39084) -> 2894 (12.2538, 5.87249)
    3908 (23.1822, 8.3469) -> 852 (21.4375, 7.89365)
    3909 (3.72578, 18.7824) -> 2542 (3.15131, 17.5743)
    3910 (4.23618, 20.266) -> 2151 (3.72794, 19.2485)
    3911 (1.51737, -28.6976) -> 2815 (1.83431, -26.8656)
    3912 (17.7415, -46.4799) -> 1526 (17.3451, -45.4167)
    3913 (2.98688, -9.73036) -> 334 (3.58205, -8.18735)
    3914 (21.0476, 24.8302) -> 3668 (20.9137, 23.9032)
    3915 (20.7742, -47.1339) -> 1969 (19.5971, -46.1752)
    3916 (21.618, -48.7913) -> 3902 (20.868, -47.5842)
    3917 (13.8027, -5.0669) -> 930 (12.9497, -4.17968)
    3918 (9.73777, -16.6632) -> 960 (9.64835, -14.8996)
    3919 (19.6127, -38.2795) -> 1265 (19.2265, -37.6166)
    3920 (0.169025, -30.4186) -> 350 (0.664873, -28.9806)
    3921 (7.83574, -49.2128) -> 1976 (7.55847, -47.8097)
    3922 (21.1838, 11.0081) -> 2345 (19.6372, 10.5983)
    3923 (9.66431, -11.2213) -> 3237 (9.32989, -10.1885)
    3924 (8.51216, -29.5036) -> 2996 (8.80888, -27.692)
    3925 (11.6629, -23.2172) -> 1281 (11.6805, -22.3635)
    3926 (19.3233, -29.896) -> 1938 (19.067, -28.8242)
    3927 (21.8888, -22.358) -> 2014 (21.7215, -21.3146)
    3928 (5.70213, -14.7414) -> 1245 (5.20704, -13.2467)
    3929 (20.6634, -25.8101) -> 3897 (20.5386, -25.1207)
    3930 (24.6807, 10.1593) -> 1929 (23.8536, 10.5335)
    3931 (1.04511, -36.1806) -> 2676 (1.44983, -34.4845)
    3932 (6.46463, 9.04239) -> 2597 (5.18214, 10.0125)
    3933 (20.0746, 22.6273) -> 3852 (19.685, 21.5403)
    3934 (20.8868, -21.8842) -> 473 (19.9133, -20.5782)
    3935 (20.1506, -49.631) -> 2977 (19.5498, -47.9394)
    3936 (13.1484, 16.2514) -> 923 (13.5442, 14.6723)
    3937 (3.91641, -17.4104) -> 3332 (4.19058, -16.0959)
    3938 (20.4954, 12.7707) -> 2603 (19.4486, 11.9639)
    3939 (14.8924, -38.4522) -> 3504 (14.6188, -37.8083)
    3940 (9.06381, -2.12751) -> 3065 (8.3429, -0.604938)
    3941 (3.07426, 7.47271) -> 5 (2.57338, 9.22323)
    3942 (6.90235, -12.6015) -> 3990 (6.62855, -10.9322)
    3943 (20.9605, -49.5449) -> 178 (20.3526, -48.5508)
    3944 (15.3125, 5.3874) -> 1846 (15.0536, 5.55479)
    3945 (13.0097, -4.61403) -> 3594 (12.0624, -3.49037)
    3946 (13.2445, 4.68531) -> 644 (12.3379, 4.96103)
    3947 (16.2464, -9.96303) -> 2453 (15.6712, -8.65112)
    3948 (20.0434, -19.5095) -> 3865 (19.4404, -19.0388)
    3949 (24.5683, -16.024) -> 3634 (23.2109, -14.8251)
    3950 (24.5829, -45.0364) -> 1973 (23.9761, -44.0445)
    3951 (19.7957, -16.1764) -> 3703 (18.7604, -14.5436)
    3952 (24.8028, -32.3894) -> 1046 (23.88, -31.084)
    3953 (0.824901, -22.6578) -> 2269 (1.50447, -21.2185)
    3954 (24.6539, -4.45862) -> 2501 (23.0672, -3.71888)
    3955 (16.178, 5.23522) -> 1846 (15.0536, 5.55479)
    3956 (21.0033, 7.51538) -> 2034 (19.8859, 7.69559)
    3957 (11.9793, -1.70022) -> 685 (11.5733, -1.15747)
    3958 (2.71399, 21.4785) -> 2557 (2.00004, 19.9346)
    3959 (11.8399, 0.566506) -> 3406 (11.1887, 1.32742)
    3960 (21.4439, 13.6092) -> 3938 (20.4954, 12.7707)
    3961 (20.2535, -4.69981) -> 2149 (19.1794, -3.28222)
    3962 (18.673, 0.7233) -> 3474 (17.2148, 1.3953)
    3963 (8.72362, -3.99113) -> 3395 (8.5663, -3.09199)
    3964 (23.4958, 18.3315) -> 2902 (22.9708, 16.8255)
    3965 (2.12695, 4.72546) -> 1256 (2.20465, 6.39372)
    3966 (24.6689, -20.695) -> 2860 (24.2082, -19.6165)
    3967 (10.7646, 17.9037) -> 2759 (9.40638, 16.6997)
    3968 (14.2977, 9.3806) -> 1166 (12.3873, 9.65105)
    3969 (16.6965, -42.1168) -> 2919 (16.3153, -41.0361)
    3970 (7.09042, -42.6157) -> 3898 (7.2643, -41.4853)
    3971 (7.0449, -10.5699) -> 1883 (7.00727, -8.97348)
    3972 (20.597, -27.0408) -> 3714 (19.9706, -25.3876)
    3973 (21.82, -28.8833) -> 2436 (21.1629, -27.0674)
    3974 (0.379147, 22.9387) -> 3506 (0.406142, 21.2945)
    3975 (8.3018, -1.30073) -> 638 (8.03183, -0.0771814)
    3976 (1.55003, -12.4323) -> 2768 (1.38846, -11.4267)
    3977 (0.226284, 1.33608) -> 1935 (0.128619, 2.9236)
    3978 (20.1288, 9.02983) -> 92 (18.9104, 9.20028)
    3979 (24.4656, -1.44245) -> 1311 (22.9319, -0.216792)
    3980 (20.9538, 23.2733) -> 433 (20.0719, 22.5438)
    3981 (11.1106, -24.3052) -> 215 (10.6942, -22.5271)
    3982 (8.0805, -16.8032) -> 999 (8.40077, -15.3036)
    3983 (24.6124, 17.7806) -> 498 (23.9503, 16.4755)
    3984 (21.7598, -29.8853) -> 1345 (21.5485, -28.4621)
    3985 (18.7428, -40.5615) -> 2662 (17.8882, -38.9537)
    3986 (11.7652, -30.3888) -> 3821 (11.3468, -29.2848)
    3987 (18.9298, 20.2048) -> 3424 (18.3862, 18.2827)
    3988 (19.9717, -45.9146) -> 108 (18.5022, -45.0435)
    3989 (6.11725, -32.2473) -> 3603 (5.87394, -30.4314)
    3990 (6.62855, -10.9322) -> 1883 (7.00727, -8.97348)
    3991 (23.0628, -17.8051) -> 461 (22.6484, -16.65)
    3992 (23.6665, -6.13643) -> 3530 (22.6674, -4.68774)
    3993 (2.38818, -21.3806) -> 748 (2.32209, -19.5066)
    3994 (14.501, -31.6194) -> 2049 (14.343, -31.1015)
    3995 (10.1989, -18.2482) -> 414 (10.0546, -16.9453)
    3996 (0.687508, -49.296) -> 1064 (1.64457, -47.5505)
    3997 (23.1751, -29.4571) -> 2834 (22.7736, -29.2277)
    3998 (24.4942, 18.6535) -> 444 (23.9955, 17.7023)
