Parent Map for Subproblem Tree 0
======================================
Child ID (x, y) -> Parent ID (x, y)
    1 (2.81726, 14.1648) -> 0 (1, 15)
    2 (3.94823, 12.5153) -> 1 (2.81726, 14.1648)
    3 (2.63115, 12.6967) -> 2 (3.94823, 12.5153)
    4 (-0.610792, 16.1855) -> 0 (1, 15)
    5 (4.22426, 10.5344) -> 2 (3.94823, 12.5153)
    6 (-1.89478, 17.7189) -> 4 (-0.610792, 16.1855)
    7 (-0.908591, 16.2858) -> 4 (-0.610792, 16.1855)
    8 (0.674868, 12.2809) -> 3 (2.63115, 12.6967)
    9 (-3.82359, 18.2477) -> 6 (-1.89478, 17.7189)
    10 (-0.42161, 10.6082) -> 8 (0.674868, 12.2809)
    11 (4.19834, 15.6114) -> 1 (2.81726, 14.1648)
    12 (6.1917, 10.175) -> 5 (4.22426, 10.5344)
    13 (8.06818, 10.867) -> 12 (6.1917, 10.175)
    14 (5.75984, 8.22219) -> 12 (6.1917, 10.175)
    15 (-2.32044, 9.98019) -> 10 (-0.42161, 10.6082)
    16 (5.8249, 16.3776) -> 11 (4.19834, 15.6114)
    17 (6.32387, 6.30337) -> 14 (5.75984, 8.22219)
    18 (7.67789, 4.83143) -> 17 (6.32387, 6.30337)
    19 (-3.71511, 8.54669) -> 15 (-2.32044, 9.98019)
    20 (-5.15702, 19.7384) -> 9 (-3.82359, 18.2477)
    21 (-4.9317, 6.95927) -> 19 (-3.71511, 8.54669)
    22 (7.40489, 2.85015) -> 18 (7.67789, 4.83143)
    23 (-6.15226, 5.3749) -> 21 (-4.9317, 6.95927)
    24 (8.59799, 1.245) -> 22 (7.40489, 2.85015)
    25 (-6.90988, 20.7014) -> 20 (-5.15702, 19.7384)
    26 (10.5907, 1.4153) -> 24 (8.59799, 1.245)
    27 (-4.89586, 6.13715) -> 21 (-4.9317, 6.95927)
    28 (10.1926, 3.20544) -> 26 (10.5907, 1.4153)
    29 (7.38316, -0.343759) -> 24 (8.59799, 1.245)
    30 (7.82857, -2.29353) -> 29 (7.38316, -0.343759)
    31 (-4.57396, 7.34088) -> 21 (-4.9317, 6.95927)
    32 (-5.97426, 3.38284) -> 23 (-6.15226, 5.3749)
    33 (5.667, 18.3714) -> 16 (5.8249, 16.3776)
    34 (12.4085, 0.581219) -> 26 (10.5907, 1.4153)
    35 (7.65066, 18.6265) -> 33 (5.667, 18.3714)
    36 (14.2543, 1.35125) -> 34 (12.4085, 0.581219)
    37 (11.3396, -0.0728614) -> 34 (12.4085, 0.581219)
    38 (8.76711, -4.05964) -> 30 (7.82857, -2.29353)
    39 (16.2283, 1.67302) -> 36 (14.2543, 1.35125)
    40 (6.92737, -4.84408) -> 38 (8.76711, -4.05964)
    41 (-8.36917, 22.0691) -> 25 (-6.90988, 20.7014)
    42 (18.1493, 2.22965) -> 39 (16.2283, 1.67302)
    43 (10.6872, 5.1433) -> 28 (10.1926, 3.20544)
    44 (20.0883, 1.73981) -> 42 (18.1493, 2.22965)
    45 (12.5824, 5.78231) -> 43 (10.6872, 5.1433)
    46 (7.07631, -6.83853) -> 40 (6.92737, -4.84408)
    47 (-4.56906, 1.95967) -> 32 (-5.97426, 3.38284)
    48 (-2.59192, 1.65815) -> 47 (-4.56906, 1.95967)
    49 (-5.53129, 17.2067) -> 9 (-3.82359, 18.2477)
    50 (19.5779, -0.193945) -> 44 (20.0883, 1.73981)
    51 (-5.73873, 1.27971) -> 47 (-4.56906, 1.95967)
    52 (-8.02722, 6.07098) -> 23 (-6.15226, 5.3749)
    53 (-4.2928, 6.02934) -> 27 (-4.89586, 6.13715)
    54 (-1.76443, 14.4781) -> 7 (-0.908591, 16.2858)
    55 (9.5455, 19.2665) -> 35 (7.65066, 18.6265)
    56 (0.112392, 11.1314) -> 10 (-0.42161, 10.6082)
    57 (7.01106, -1.7779) -> 30 (7.82857, -2.29353)
    58 (-3.62264, 15.2178) -> 54 (-1.76443, 14.4781)
    59 (-1.56319, 15.2012) -> 54 (-1.76443, 14.4781)
    60 (-4.24102, 2.36684) -> 47 (-4.56906, 1.95967)
    61 (8.98015, -3.30327) -> 38 (8.76711, -4.05964)
    62 (5.15605, -7.39764) -> 46 (7.07631, -6.83853)
    63 (11.5, 19.6905) -> 55 (9.5455, 19.2665)
    64 (-8.39696, 4.15649) -> 52 (-8.02722, 6.07098)
    65 (13.4981, 19.778) -> 63 (11.5, 19.6905)
    66 (-10.291, 21.5154) -> 41 (-8.36917, 22.0691)
    67 (14.6501, 21.4129) -> 65 (13.4981, 19.778)
    68 (20.2699, -2.0704) -> 50 (19.5779, -0.193945)
    69 (7.72352, 19.0045) -> 35 (7.65066, 18.6265)
    70 (3.23309, -7.9474) -> 62 (5.15605, -7.39764)
    71 (16.2139, -0.326928) -> 39 (16.2283, 1.67302)
    72 (11.9056, -0.522319) -> 37 (11.3396, -0.0728614)
    73 (18.8418, 4.10591) -> 42 (18.1493, 2.22965)
    74 (15.2264, 0.157967) -> 71 (16.2139, -0.326928)
    75 (8.68555, -8.0261) -> 46 (7.07631, -6.83853)
    76 (1.23322, -7.92459) -> 70 (3.23309, -7.9474)
    77 (6.34002, 18.3286) -> 33 (5.667, 18.3714)
    78 (-2.31687, 5.71999) -> 53 (-4.2928, 6.02934)
    79 (1.85561, -7.33159) -> 76 (1.23322, -7.92459)
    80 (-0.694632, -8.45694) -> 76 (1.23322, -7.92459)
    81 (10.5563, -8.73345) -> 75 (8.68555, -8.0261)
    82 (0.116377, -10.2851) -> 80 (-0.694632, -8.45694)
    83 (13.6235, 7.49) -> 45 (12.5824, 5.78231)
    84 (16.5988, 20.9629) -> 67 (14.6501, 21.4129)
    85 (-0.757938, 0.860324) -> 48 (-2.59192, 1.65815)
    86 (19.5096, 5.99112) -> 73 (18.8418, 4.10591)
    87 (-5.64345, 22.2494) -> 25 (-6.90988, 20.7014)
    88 (-6.1995, -0.666486) -> 51 (-5.73873, 1.27971)
    89 (7.91387, 3.12301) -> 22 (7.40489, 2.85015)
    90 (0.272124, -6.74157) -> 76 (1.23322, -7.92459)
    91 (5.83256, -3.4641) -> 40 (6.92737, -4.84408)
    92 (21.9879, 1.11412) -> 44 (20.0883, 1.73981)
    93 (-5.66879, -2.59479) -> 88 (-6.1995, -0.666486)
    94 (18.1756, 19.7326) -> 84 (16.5988, 20.9629)
    95 (5.50693, -9.36662) -> 62 (5.15605, -7.39764)
    96 (3.45738, 15.6205) -> 11 (4.19834, 15.6114)
    97 (10.9999, -10.6836) -> 81 (10.5563, -8.73345)
    98 (-5.54643, 9.35059) -> 19 (-3.71511, 8.54669)
    99 (12.7154, -11.7117) -> 97 (10.9999, -10.6836)
    100 (20.0701, 20.3735) -> 94 (18.1756, 19.7326)
    101 (-0.444403, 0.581519) -> 85 (-0.757938, 0.860324)
    102 (14.932, 9.00253) -> 83 (13.6235, 7.49)
    103 (6.8701, 4.86323) -> 18 (7.67789, 4.83143)
    104 (20.8197, 7.50229) -> 86 (19.5096, 5.99112)
    105 (14.0082, 17.8441) -> 65 (13.4981, 19.778)
    106 (12.154, -7.53045) -> 81 (10.5563, -8.73345)
    107 (-9.99619, 5.72008) -> 52 (-8.02722, 6.07098)
    108 (-10.6801, 21.2585) -> 66 (-10.291, 21.5154)
    109 (-8.99647, 23.9682) -> 41 (-8.36917, 22.0691)
    110 (-0.32184, 18.9542) -> 6 (-1.89478, 17.7189)
    111 (15.4012, 16.4091) -> 105 (14.0082, 17.8441)
    112 (14.897, 5.94789) -> 83 (13.6235, 7.49)
    113 (0.769369, 9.15995) -> 10 (-0.42161, 10.6082)
    114 (0.180068, -5.09415) -> 90 (0.272124, -6.74157)
    115 (-7.6005, 18.8245) -> 25 (-6.90988, 20.7014)
    116 (-10.5004, 7.65549) -> 107 (-9.99619, 5.72008)
    117 (19.199, -3.75954) -> 68 (20.2699, -2.0704)
    118 (20.6132, -5.17382) -> 117 (19.199, -3.75954)
    119 (13.7841, 16.8738) -> 105 (14.0082, 17.8441)
    120 (-4.97008, 11.2657) -> 98 (-5.54643, 9.35059)
    121 (14.3391, -1.04178) -> 74 (15.2264, 0.157967)
    122 (20.6971, 18.4743) -> 100 (20.0701, 20.3735)
    123 (10.2626, -3.48408) -> 61 (8.98015, -3.30327)
    124 (-10.5359, 8.05574) -> 116 (-10.5004, 7.65549)
    125 (-5.29716, 22.1501) -> 87 (-5.64345, 22.2494)
    126 (-3.72754, -2.11361) -> 93 (-5.66879, -2.59479)
    127 (13.0858, -5.76076) -> 106 (12.154, -7.53045)
    128 (-11.3028, 9.90285) -> 124 (-10.5359, 8.05574)
    129 (-1.133, -10.5481) -> 82 (0.116377, -10.2851)
    130 (1.46603, 0.583834) -> 101 (-0.444403, 0.581519)
    131 (23.3669, 2.56274) -> 92 (21.9879, 1.11412)
    132 (-11.9853, 11.7828) -> 128 (-11.3028, 9.90285)
    133 (13.5822, 8.71381) -> 83 (13.6235, 7.49)
    134 (-1.78894, -5.44487) -> 114 (0.180068, -5.09415)
    135 (1.62238, -3.70861) -> 114 (0.180068, -5.09415)
    136 (9.66456, 6.86207) -> 43 (10.6872, 5.1433)
    137 (12.7846, 4.4791) -> 45 (12.5824, 5.78231)
    138 (-2.89656, 18.5314) -> 9 (-3.82359, 18.2477)
    139 (2.16472, 0.720996) -> 130 (1.46603, 0.583834)
    140 (21.954, 9.14956) -> 104 (20.8197, 7.50229)
    141 (0.176411, -10.5562) -> 82 (0.116377, -10.2851)
    142 (2.54348, 2.6848) -> 139 (2.16472, 0.720996)
    143 (21.6453, 16.7134) -> 122 (20.6971, 18.4743)
    144 (5.84093, -11.3385) -> 95 (5.50693, -9.36662)
    145 (10.3499, 3.90451) -> 28 (10.1926, 3.20544)
    146 (19.7391, -3.72959) -> 117 (19.199, -3.75954)
    147 (-4.90644, -4.44379) -> 93 (-5.66879, -2.59479)
    148 (10.3616, -1.89435) -> 123 (10.2626, -3.48408)
    149 (16.4182, 5.61925) -> 112 (14.897, 5.94789)
    150 (13.2208, -5.65736) -> 127 (13.0858, -5.76076)
    151 (15.7888, 18.7483) -> 105 (14.0082, 17.8441)
    152 (19.111, -1.25877) -> 50 (19.5779, -0.193945)
    153 (1.27904, 3.67198) -> 142 (2.54348, 2.6848)
    154 (19.3991, -0.441755) -> 50 (19.5779, -0.193945)
    155 (-9.61197, 21.6711) -> 66 (-10.291, 21.5154)
    156 (16.5989, 22.9629) -> 84 (16.5988, 20.9629)
    157 (-7.66444, -2.72666) -> 93 (-5.66879, -2.59479)
    158 (23.8487, 1.41199) -> 131 (23.3669, 2.56274)
    159 (21.5607, -6.93513) -> 118 (20.6132, -5.17382)
    160 (-6.24446, -2.74346) -> 93 (-5.66879, -2.59479)
    161 (2.21182, 3.91971) -> 153 (1.27904, 3.67198)
    162 (16.5242, -0.270832) -> 71 (16.2139, -0.326928)
    163 (-5.27957, 2.94965) -> 32 (-5.97426, 3.38284)
    164 (4.49952, 3.10184) -> 142 (2.54348, 2.6848)
    165 (9.05853, 21.2063) -> 55 (9.5455, 19.2665)
    166 (13.6555, 14.8779) -> 119 (13.7841, 16.8738)
    167 (19.4486, 17.3205) -> 122 (20.6971, 18.4743)
    168 (14.6806, -12.0832) -> 99 (12.7154, -11.7117)
    169 (2.20123, 0.00690379) -> 139 (2.16472, 0.720996)
    170 (5.46139, 3.25129) -> 164 (4.49952, 3.10184)
    171 (2.949, 3.52714) -> 161 (2.21182, 3.91971)
    172 (-0.0487813, -2.60987) -> 135 (1.62238, -3.70861)
    173 (4.8077, 20.1774) -> 33 (5.667, 18.3714)
    174 (23.054, 15.2937) -> 143 (21.6453, 16.7134)
    175 (8.95249, -3.23431) -> 61 (8.98015, -3.30327)
    176 (-3.31804, 22.4384) -> 125 (-5.29716, 22.1501)
    177 (-0.723119, -4.61711) -> 114 (0.180068, -5.09415)
    178 (24.3675, -0.519558) -> 158 (23.8487, 1.41199)
    179 (-7.51234, 18.5497) -> 115 (-7.6005, 18.8245)
    180 (-7.67794, -4.72661) -> 157 (-7.66444, -2.72666)
    181 (14.9219, -5.95102) -> 150 (13.2208, -5.65736)
    182 (-3.14455, 1.36755) -> 48 (-2.59192, 1.65815)
    183 (16.6189, -7.00943) -> 181 (14.9219, -5.95102)
    184 (16.5122, 15.7256) -> 111 (15.4012, 16.4091)
    185 (-2.45585, 15.4809) -> 59 (-1.56319, 15.2012)
    186 (18.3948, -3.55613) -> 117 (19.199, -3.75954)
    187 (-2.25566, 14.0606) -> 54 (-1.76443, 14.4781)
    188 (1.07933, 19.3614) -> 110 (-0.32184, 18.9542)
    189 (14.8556, 10.7225) -> 102 (14.932, 9.00253)
    190 (-8.16271, -6.66697) -> 180 (-7.67794, -4.72661)
    191 (3.95552, -12.0058) -> 144 (5.84093, -11.3385)
    192 (-12.3104, 20.5214) -> 108 (-10.6801, 21.2585)
    193 (-9.34044, -1.63531) -> 157 (-7.66444, -2.72666)
    194 (4.12887, 12.1257) -> 2 (3.94823, 12.5153)
    195 (15.1689, 24.3612) -> 156 (16.5989, 22.9629)
    196 (21.4626, -8.93272) -> 159 (21.5607, -6.93513)
    197 (-10.4706, 13.0888) -> 132 (-11.9853, 11.7828)
    198 (21.1847, -9.66075) -> 196 (21.4626, -8.93272)
    199 (1.57468, 8.93902) -> 113 (0.769369, 9.15995)
    200 (8.20521, 23.0151) -> 165 (9.05853, 21.2063)
    201 (-6.56756, 12.4691) -> 120 (-4.97008, 11.2657)
    202 (10.2037, -11.826) -> 97 (10.9999, -10.6836)
    203 (-2.77986, 21.0906) -> 176 (-3.31804, 22.4384)
    204 (-1.96958, 15.9993) -> 185 (-2.45585, 15.4809)
    205 (3.32932, 20.5552) -> 173 (4.8077, 20.1774)
    206 (20.3406, 6.32841) -> 86 (19.5096, 5.99112)
    207 (-3.86788, 4.76062) -> 53 (-4.2928, 6.02934)
    208 (1.20246, 13.1596) -> 8 (0.674868, 12.2809)
    209 (23.293, 17.847) -> 143 (21.6453, 16.7134)
    210 (-7.38974, -8.51157) -> 190 (-8.16271, -6.66697)
    211 (17.6725, 14.0966) -> 184 (16.5122, 15.7256)
    212 (7.22607, -3.37254) -> 30 (7.82857, -2.29353)
    213 (16.3529, -7.26278) -> 183 (16.6189, -7.00943)
    214 (12.2553, -10.2326) -> 97 (10.9999, -10.6836)
    215 (1.09291, 4.34046) -> 153 (1.27904, 3.67198)
    216 (0.738534, -0.0290968) -> 130 (1.46603, 0.583834)
    217 (16.5997, 19.6295) -> 151 (15.7888, 18.7483)
    218 (-5.31, 6.75081) -> 21 (-4.9317, 6.95927)
    219 (16.7578, 15.826) -> 184 (16.5122, 15.7256)
    220 (18.6188, -7.0032) -> 183 (16.6189, -7.00943)
    221 (11.0475, 6.48448) -> 43 (10.6872, 5.1433)
    222 (23.0658, -10.3401) -> 198 (21.1847, -9.66075)
    223 (23.7988, 9.92198) -> 140 (21.954, 9.14956)
    224 (-5.74983, -5.57585) -> 147 (-4.90644, -4.44379)
    225 (22.4505, 18.7125) -> 209 (23.293, 17.847)
    226 (-8.30073, 11.9927) -> 201 (-6.56756, 12.4691)
    227 (21.9666, 9.93756) -> 140 (21.954, 9.14956)
    228 (24.5773, 13.9978) -> 174 (23.054, 15.2937)
    229 (-4.79021, 8.62743) -> 98 (-5.54643, 9.35059)
    230 (4.44407, -5.52866) -> 62 (5.15605, -7.39764)
    231 (3.65115, 8.86531) -> 5 (4.22426, 10.5344)
    232 (15.5707, -5.51315) -> 181 (14.9219, -5.95102)
    233 (3.83825, 0.891434) -> 139 (2.16472, 0.720996)
    234 (-2.87001, 21.8908) -> 176 (-3.31804, 22.4384)
    235 (10.7065, -6.43212) -> 106 (12.154, -7.53045)
    236 (-7.06345, 17.9484) -> 179 (-7.51234, 18.5497)
    237 (6.7788, 21.6132) -> 200 (8.20521, 23.0151)
    238 (6.14419, 1.43798) -> 22 (7.40489, 2.85015)
    239 (24.0861, 18.7191) -> 209 (23.293, 17.847)
    240 (20.2909, 22.3613) -> 100 (20.0701, 20.3735)
    241 (-7.58028, 3.10969) -> 64 (-8.39696, 4.15649)
    242 (13.235, 23.8515) -> 195 (15.1689, 24.3612)
    243 (6.51389, 24.0826) -> 200 (8.20521, 23.0151)
    244 (-11.0107, 5.70434) -> 107 (-9.99619, 5.72008)
    245 (-0.626145, -11.9557) -> 129 (-1.133, -10.5481)
    246 (-1.64133, 21.1619) -> 203 (-2.77986, 21.0906)
    247 (23.7822, 1.4058) -> 158 (23.8487, 1.41199)
    248 (-6.56361, 18.6652) -> 236 (-7.06345, 17.9484)
    249 (-1.85423, -7.08022) -> 134 (-1.78894, -5.44487)
    250 (5.05601, 8.60985) -> 14 (5.75984, 8.22219)
    251 (13.3362, 15.8189) -> 166 (13.6555, 14.8779)
    252 (-6.26059, 15.3444) -> 49 (-5.53129, 17.2067)
    253 (20.0753, -7.46532) -> 220 (18.6188, -7.0032)
    254 (2.81206, -11.0391) -> 191 (3.95552, -12.0058)
    255 (-0.805742, 17.4777) -> 6 (-1.89478, 17.7189)
    256 (5.02573, -10.9145) -> 144 (5.84093, -11.3385)
    257 (-5.40708, -8.77434) -> 210 (-7.38974, -8.51157)
    258 (-1.87557, 23.8237) -> 176 (-3.31804, 22.4384)
    259 (-2.20324, 11.22) -> 15 (-2.32044, 9.98019)
    260 (7.95932, 21.0108) -> 165 (9.05853, 21.2063)
    261 (16.6199, 5.15551) -> 149 (16.4182, 5.61925)
    262 (-0.424714, -1.30456) -> 172 (-0.0487813, -2.60987)
    263 (-4.38832, -10.4819) -> 257 (-5.40708, -8.77434)
    264 (22.7853, -11.3949) -> 222 (23.0658, -10.3401)
    265 (15.6095, 10.5595) -> 189 (14.8556, 10.7225)
    266 (24.9297, 18.497) -> 239 (24.0861, 18.7191)
    267 (-4.10958, 6.01973) -> 53 (-4.2928, 6.02934)
    268 (-6.14421, 5.57604) -> 23 (-6.15226, 5.3749)
    269 (19.3332, 12.9821) -> 211 (17.6725, 14.0966)
    270 (4.65594, 23.3423) -> 243 (6.51389, 24.0826)
    271 (9.80876, -4.74291) -> 38 (8.76711, -4.05964)
    272 (22.8296, -9.08975) -> 222 (23.0658, -10.3401)
    273 (21.2793, 19.8961) -> 100 (20.0701, 20.3735)
    274 (3.0643, 11.385) -> 194 (4.12887, 12.1257)
    275 (17.0946, 3.86019) -> 261 (16.6199, 5.15551)
    276 (-7.38643, -6.59431) -> 190 (-8.16271, -6.66697)
    277 (-10.9784, 19.6961) -> 192 (-12.3104, 20.5214)
    278 (21.0716, 4.46679) -> 206 (20.3406, 6.32841)
    279 (-9.07987, -7.60406) -> 190 (-8.16271, -6.66697)
    280 (-7.43099, 13.172) -> 201 (-6.56756, 12.4691)
    281 (4.52875, -4.6166) -> 230 (4.44407, -5.52866)
    282 (-7.85574, 0.454612) -> 88 (-6.1995, -0.666486)
    283 (16.417, -8.14535) -> 213 (16.3529, -7.26278)
    284 (5.66401, 14.8912) -> 16 (5.8249, 16.3776)
    285 (14.017, -6.85761) -> 181 (14.9219, -5.95102)
    286 (-4.67972, 19.2263) -> 20 (-5.15702, 19.7384)
    287 (20.645, -5.78011) -> 118 (20.6132, -5.17382)
    288 (17.408, -4.33229) -> 186 (18.3948, -3.55613)
    289 (-0.195676, 11.0992) -> 56 (0.112392, 11.1314)
    290 (6.13705, -6.29313) -> 46 (7.07631, -6.83853)
    291 (11.9685, 23.1724) -> 242 (13.235, 23.8515)
    292 (-5.10985, -2.93083) -> 93 (-5.66879, -2.59479)
    293 (7.06282, -9.09569) -> 95 (5.50693, -9.36662)
    294 (-8.8992, 12.4242) -> 226 (-8.30073, 11.9927)
    295 (0.162604, 14.5354) -> 0 (1, 15)
    296 (2.65522, -2.78123) -> 135 (1.62238, -3.70861)
    297 (-2.02023, 15.3357) -> 185 (-2.45585, 15.4809)
    298 (19.3845, 3.16714) -> 73 (18.8418, 4.10591)
    299 (3.93231, 3.99947) -> 164 (4.49952, 3.10184)
    300 (9.58818, 24.4599) -> 200 (8.20521, 23.0151)
    301 (16.2711, 21.1343) -> 84 (16.5988, 20.9629)
    302 (-6.03768, -11.6131) -> 263 (-4.38832, -10.4819)
    303 (-6.60444, 21.5769) -> 25 (-6.90988, 20.7014)
    304 (16.4068, 14.0166) -> 211 (17.6725, 14.0966)
    305 (-9.75473, -2.35475) -> 193 (-9.34044, -1.63531)
    306 (0.951658, -0.800574) -> 216 (0.738534, -0.0290968)
    307 (20.0325, 16.9418) -> 167 (19.4486, 17.3205)
    308 (20.2591, 17.0279) -> 307 (20.0325, 16.9418)
    309 (12.0416, 20.8129) -> 63 (11.5, 19.6905)
    310 (18.7041, -7.37026) -> 220 (18.6188, -7.0032)
    311 (-0.357265, 17.4476) -> 255 (-0.805742, 17.4777)
    312 (17.2396, 15.853) -> 219 (16.7578, 15.826)
    313 (13.089, 3.53245) -> 137 (12.7846, 4.4791)
    314 (16.5158, 18.1104) -> 151 (15.7888, 18.7483)
    315 (20.6034, -4.07694) -> 146 (19.7391, -3.72959)
    316 (20.53, -9.96879) -> 198 (21.1847, -9.66075)
    317 (-9.8398, 20.4251) -> 66 (-10.291, 21.5154)
    318 (2.70209, -9.23154) -> 70 (3.23309, -7.9474)
    319 (4.91714, -10.6876) -> 256 (5.02573, -10.9145)
    320 (4.09681, 10.512) -> 5 (4.22426, 10.5344)
    321 (-6.17526, 12.2787) -> 201 (-6.56756, 12.4691)
    322 (15.8215, -3.9115) -> 232 (15.5707, -5.51315)
    323 (6.15496, -7.35048) -> 62 (5.15605, -7.39764)
    324 (-7.67602, -4.3608) -> 180 (-7.67794, -4.72661)
    325 (-7.64744, -2.01857) -> 157 (-7.66444, -2.72666)
    326 (-3.41494, -8.59721) -> 257 (-5.40708, -8.77434)
    327 (-6.64643, -2.01442) -> 160 (-6.24446, -2.74346)
    328 (15.707, 4.26577) -> 261 (16.6199, 5.15551)
    329 (2.65835, 23.2442) -> 270 (4.65594, 23.3423)
    330 (7.61881, 12.5436) -> 13 (8.06818, 10.867)
    331 (-8.32607, 3.84211) -> 64 (-8.39696, 4.15649)
    332 (13.8303, -6.61364) -> 285 (14.017, -6.85761)
    333 (-6.17267, -2.90415) -> 160 (-6.24446, -2.74346)
    334 (-10.8722, 12.7532) -> 197 (-10.4706, 13.0888)
    335 (6.77188, -3.12158) -> 212 (7.22607, -3.37254)
    336 (-5.55975, 3.48768) -> 32 (-5.97426, 3.38284)
    337 (11.28, 1.13034) -> 26 (10.5907, 1.4153)
    338 (19.7696, 4.60029) -> 73 (18.8418, 4.10591)
    339 (-7.87381, -2.40624) -> 157 (-7.66444, -2.72666)
    340 (2.43072, 19.9688) -> 205 (3.32932, 20.5552)
    341 (-4.11144, 22.1185) -> 176 (-3.31804, 22.4384)
    342 (-10.2693, -9.21192) -> 279 (-9.07987, -7.60406)
    343 (-2.16877, -0.853367) -> 262 (-0.424714, -1.30456)
    344 (15.196, -5.72923) -> 181 (14.9219, -5.95102)
    345 (8.86461, 4.74244) -> 18 (7.67789, 4.83143)
    346 (13.5128, 4.18633) -> 313 (13.089, 3.53245)
    347 (-6.24176, -6.5219) -> 224 (-5.74983, -5.57585)
    348 (-2.42055, 20.58) -> 203 (-2.77986, 21.0906)
    349 (1.45604, -3.78862) -> 135 (1.62238, -3.70861)
    350 (-4.83003, 12.6901) -> 321 (-6.17526, 12.2787)
    351 (15.9135, 22.0709) -> 301 (16.2711, 21.1343)
    352 (6.79614, 13.813) -> 330 (7.61881, 12.5436)
    353 (12.0858, 23.0521) -> 291 (11.9685, 23.1724)
    354 (2.61842, -12.1908) -> 254 (2.81206, -11.0391)
    355 (0.258729, 9.30524) -> 113 (0.769369, 9.15995)
    356 (22.2872, 22.4835) -> 240 (20.2909, 22.3613)
    357 (11.7205, 21.9717) -> 353 (12.0858, 23.0521)
    358 (11.4614, -10.1605) -> 97 (10.9999, -10.6836)
    359 (10.0856, -2.60909) -> 148 (10.3616, -1.89435)
    360 (-11.4026, -3.48808) -> 305 (-9.75473, -2.35475)
    361 (24.0888, -2.28989) -> 178 (24.3675, -0.519558)
    362 (10.9143, -9.10247) -> 81 (10.5563, -8.73345)
    363 (-5.69887, 13.1823) -> 350 (-4.83003, 12.6901)
    364 (22.2295, 6.14416) -> 206 (20.3406, 6.32841)
    365 (-5.26324, -4.13327) -> 147 (-4.90644, -4.44379)
    366 (5.95022, 23.6082) -> 243 (6.51389, 24.0826)
    367 (6.94204, 21.7296) -> 237 (6.7788, 21.6132)
    368 (9.72475, -0.162727) -> 37 (11.3396, -0.0728614)
    369 (-0.888282, -6.00307) -> 134 (-1.78894, -5.44487)
    370 (16.844, 5.20723) -> 261 (16.6199, 5.15551)
    371 (-10.6595, -11.1735) -> 342 (-10.2693, -9.21192)
    372 (9.21343, 0.451417) -> 368 (9.72475, -0.162727)
    373 (-8.43194, -1.2139) -> 193 (-9.34044, -1.63531)
    374 (3.06804, -9.08806) -> 318 (2.70209, -9.23154)
    375 (-10.314, 15.0827) -> 197 (-10.4706, 13.0888)
    376 (24.5495, 4.05701) -> 131 (23.3669, 2.56274)
    377 (-4.34983, 16.9953) -> 49 (-5.53129, 17.2067)
    378 (13.4216, 3.8989) -> 346 (13.5128, 4.18633)
    379 (17.0429, -0.151554) -> 162 (16.5242, -0.270832)
    380 (8.50096, 5.77021) -> 345 (8.86461, 4.74244)
    381 (7.56908, 14.9947) -> 352 (6.79614, 13.813)
    382 (6.74223, -4.70458) -> 40 (6.92737, -4.84408)
    383 (-4.32608, -2.01061) -> 126 (-3.72754, -2.11361)
    384 (2.37796, -12.3878) -> 354 (2.61842, -12.1908)
    385 (0.739879, 2.62523) -> 153 (1.27904, 3.67198)
    386 (-4.67888, 20.7452) -> 20 (-5.15702, 19.7384)
    387 (-10.274, -11.5473) -> 371 (-10.6595, -11.1735)
    388 (11.2231, -5.94555) -> 235 (10.7065, -6.43212)
    389 (18.7799, 18.5015) -> 167 (19.4486, 17.3205)
    390 (8.69552, 9.53437) -> 13 (8.06818, 10.867)
    391 (-2.16931, -3.31718) -> 177 (-0.723119, -4.61711)
    392 (-6.23804, -8.20036) -> 257 (-5.40708, -8.77434)
    393 (12.681, 0.301018) -> 34 (12.4085, 0.581219)
    394 (17.905, 2.75284) -> 42 (18.1493, 2.22965)
    395 (-1.90482, 24.0616) -> 258 (-1.87557, 23.8237)
    396 (1.11325, 24.5141) -> 329 (2.65835, 23.2442)
    397 (-1.34127, -9.27924) -> 80 (-0.694632, -8.45694)
    398 (24.4867, 2.59878) -> 131 (23.3669, 2.56274)
    399 (21.581, 18.6757) -> 225 (22.4505, 18.7125)
    400 (5.13157, -5.98955) -> 230 (4.44407, -5.52866)
    401 (-7.95704, 2.99653) -> 241 (-7.58028, 3.10969)
    402 (1.6641, -12.1369) -> 384 (2.37796, -12.3878)
    403 (-11.7795, -11.1524) -> 371 (-10.6595, -11.1735)
    404 (10.7626, 1.08803) -> 26 (10.5907, 1.4153)
    405 (-7.10536, 10.2286) -> 98 (-5.54643, 9.35059)
    406 (7.4066, 0.708873) -> 29 (7.38316, -0.343759)
    407 (15.823, -9.26011) -> 283 (16.417, -8.14535)
    408 (0.0363662, 8.57466) -> 355 (0.258729, 9.30524)
    409 (-4.5675, -0.136492) -> 88 (-6.1995, -0.666486)
    410 (14.3781, 8.10254) -> 83 (13.6235, 7.49)
    411 (-2.5299, 0.746827) -> 182 (-3.14455, 1.36755)
    412 (21.0045, -3.0978) -> 315 (20.6034, -4.07694)
    413 (-12.0756, 16.0296) -> 375 (-10.314, 15.0827)
    414 (23.1299, -5.69514) -> 159 (21.5607, -6.93513)
    415 (10.6676, 17.611) -> 55 (9.5455, 19.2665)
    416 (11.1082, -6.16056) -> 388 (11.2231, -5.94555)
    417 (-3.82227, -5.196) -> 147 (-4.90644, -4.44379)
    418 (3.95735, 12.121) -> 194 (4.12887, 12.1257)
    419 (21.3046, 6.16231) -> 364 (22.2295, 6.14416)
    420 (24.0684, -7.67085) -> 272 (22.8296, -9.08975)
    421 (-9.2194, 11.6953) -> 294 (-8.8992, 12.4242)
    422 (5.48077, 16.5459) -> 16 (5.8249, 16.3776)
    423 (1.70288, 16.0296) -> 0 (1, 15)
    424 (-0.191637, -2.95042) -> 172 (-0.0487813, -2.60987)
    425 (12.7317, 8.61406) -> 133 (13.5822, 8.71381)
    426 (-10.6935, 19.1547) -> 277 (-10.9784, 19.6961)
    427 (-1.93129, -0.5774) -> 343 (-2.16877, -0.853367)
    428 (6.2229, 10.1838) -> 12 (6.1917, 10.175)
    429 (14.8777, 9.74939) -> 102 (14.932, 9.00253)
    430 (-6.9751, 8.36157) -> 98 (-5.54643, 9.35059)
    431 (19.4894, 22.5631) -> 240 (20.2909, 22.3613)
    432 (-10.5779, -10.4016) -> 371 (-10.6595, -11.1735)
    433 (-7.49448, -5.99142) -> 276 (-7.38643, -6.59431)
    434 (-6.74722, 0.82343) -> 51 (-5.73873, 1.27971)
    435 (-11.4756, 23.1268) -> 66 (-10.291, 21.5154)
    436 (-11.6985, -4.48798) -> 360 (-11.4026, -3.48808)
    437 (19.3649, 14.208) -> 269 (19.3332, 12.9821)
    438 (0.213358, 10.9323) -> 56 (0.112392, 11.1314)
    439 (6.57357, -9.89471) -> 293 (7.06282, -9.09569)
    440 (14.5777, 23.8579) -> 195 (15.1689, 24.3612)
    441 (0.349392, 2.55266) -> 385 (0.739879, 2.62523)
    442 (3.17115, -7.3794) -> 70 (3.23309, -7.9474)
    443 (4.60732, 1.51413) -> 233 (3.83825, 0.891434)
    444 (-1.96104, -9.39416) -> 397 (-1.34127, -9.27924)
    445 (12.6392, 1.70472) -> 34 (12.4085, 0.581219)
    446 (-8.46608, 14.0064) -> 280 (-7.43099, 13.172)
    447 (0.698477, -8.81029) -> 76 (1.23322, -7.92459)
    448 (-7.3334, 8.85915) -> 430 (-6.9751, 8.36157)
    449 (1.88501, 10.6951) -> 274 (3.0643, 11.385)
    450 (24.6427, 8.10873) -> 223 (23.7988, 9.92198)
    451 (6.74238, 22.5818) -> 367 (6.94204, 21.7296)
    452 (19.5793, -9.48164) -> 316 (20.53, -9.96879)
    453 (2.94367, -1.13537) -> 169 (2.20123, 0.00690379)
    454 (-8.84122, 13.5203) -> 446 (-8.46608, 14.0064)
    455 (5.05553, -7.9825) -> 62 (5.15605, -7.39764)
    456 (-0.434127, 10.1125) -> 10 (-0.42161, 10.6082)
    457 (-0.248798, 1.4594) -> 85 (-0.757938, 0.860324)
    458 (2.46682, -2.20771) -> 296 (2.65522, -2.78123)
    459 (23.4744, 5.33004) -> 364 (22.2295, 6.14416)
    460 (-7.59797, 13.7073) -> 280 (-7.43099, 13.172)
    461 (-12.1372, 6.77759) -> 244 (-11.0107, 5.70434)
    462 (-3.32602, -4.77364) -> 417 (-3.82227, -5.196)
    463 (-6.03137, -5.97466) -> 224 (-5.74983, -5.57585)
    464 (-11.7946, 5.6204) -> 244 (-11.0107, 5.70434)
    465 (-12.2869, 8.74767) -> 128 (-11.3028, 9.90285)
    466 (-3.43421, -2.38479) -> 126 (-3.72754, -2.11361)
    467 (21.7346, 4.54283) -> 278 (21.0716, 4.46679)
    468 (9.64044, -10.1333) -> 97 (10.9999, -10.6836)
    469 (5.19478, 0.953975) -> 443 (4.60732, 1.51413)
    470 (1.76053, 9.58043) -> 199 (1.57468, 8.93902)
    471 (1.78037, -7.17599) -> 79 (1.85561, -7.33159)
    472 (-11.821, 16.5577) -> 413 (-12.0756, 16.0296)
    473 (-11.5531, -10.6738) -> 403 (-11.7795, -11.1524)
    474 (9.40922, -9.23766) -> 468 (9.64044, -10.1333)
    475 (9.83845, 9.43219) -> 390 (8.69552, 9.53437)
    476 (-8.97004, -4.94636) -> 180 (-7.67794, -4.72661)
    477 (18.5905, 19.1279) -> 389 (18.7799, 18.5015)
    478 (10.4145, -3.86427) -> 123 (10.2626, -3.48408)
    479 (2.46273, 23.7005) -> 329 (2.65835, 23.2442)
    480 (7.00414, 23.9178) -> 243 (6.51389, 24.0826)
    481 (7.77527, 15.0325) -> 381 (7.56908, 14.9947)
    482 (12.4518, -1.95339) -> 72 (11.9056, -0.522319)
    483 (17.1902, 1.61256) -> 39 (16.2283, 1.67302)
    484 (0.441116, 1.58659) -> 457 (-0.248798, 1.4594)
    485 (-5.38482, 24.2326) -> 87 (-5.64345, 22.2494)
    486 (-11.9803, 3.62904) -> 464 (-11.7946, 5.6204)
    487 (8.00193, -4.009) -> 38 (8.76711, -4.05964)
    488 (-5.50456, -6.75415) -> 347 (-6.24176, -6.5219)
    489 (-5.6776, -5.80856) -> 224 (-5.74983, -5.57585)
    490 (15.4787, -8.96375) -> 407 (15.823, -9.26011)
    491 (18.7096, 1.41455) -> 42 (18.1493, 2.22965)
    492 (4.52455, 0.709259) -> 233 (3.83825, 0.891434)
    493 (1.51523, 6.20156) -> 215 (1.09291, 4.34046)
    494 (3.01987, -10.9889) -> 254 (2.81206, -11.0391)
    495 (17.0378, 23.0861) -> 156 (16.5989, 22.9629)
    496 (13.8002, -4.77719) -> 150 (13.2208, -5.65736)
    497 (-1.62925, -5.23977) -> 134 (-1.78894, -5.44487)
    498 (5.59936, -0.783452) -> 57 (7.01106, -1.7779)
    499 (17.0375, -8.30414) -> 283 (16.417, -8.14535)
    500 (4.00341, 3.63827) -> 299 (3.93231, 3.99947)
    501 (8.48774, 24.2041) -> 300 (9.58818, 24.4599)
    502 (24.345, -2.12697) -> 361 (24.0888, -2.28989)
    503 (-11.4925, -10.653) -> 473 (-11.5531, -10.6738)
    504 (14.4484, 17.3436) -> 105 (14.0082, 17.8441)
    505 (-11.2183, 13.8033) -> 197 (-10.4706, 13.0888)
    506 (8.57584, 22.4529) -> 200 (8.20521, 23.0151)
    507 (19.9316, -9.89719) -> 452 (19.5793, -9.48164)
    508 (-7.33862, 17.3854) -> 236 (-7.06345, 17.9484)
    509 (-9.06505, 6.51902) -> 52 (-8.02722, 6.07098)
    510 (8.16969, -0.538908) -> 29 (7.38316, -0.343759)
    511 (1.85049, 18.1025) -> 188 (1.07933, 19.3614)
    512 (-3.62847, 24.3066) -> 395 (-1.90482, 24.0616)
    513 (10.7475, 7.08266) -> 221 (11.0475, 6.48448)
    514 (3.62953, 14.03) -> 1 (2.81726, 14.1648)
    515 (-5.90869, 0.71074) -> 51 (-5.73873, 1.27971)
    516 (2.37704, 18.6724) -> 511 (1.85049, 18.1025)
    517 (-10.301, 0.056481) -> 193 (-9.34044, -1.63531)
    518 (11.877, 8.3139) -> 425 (12.7317, 8.61406)
    519 (-1.31803, 17.6663) -> 255 (-0.805742, 17.4777)
    520 (-6.83752, 2.22717) -> 241 (-7.58028, 3.10969)
    521 (1.5626, 21.1413) -> 340 (2.43072, 19.9688)
    522 (-5.08639, 24.048) -> 485 (-5.38482, 24.2326)
    523 (-1.61486, -11.0102) -> 129 (-1.133, -10.5481)
    524 (-1.54784, 12.854) -> 187 (-2.25566, 14.0606)
    525 (8.3, 22.5095) -> 506 (8.57584, 22.4529)
    526 (15.7132, 11.4454) -> 265 (15.6095, 10.5595)
    527 (13.6284, -3.04113) -> 482 (12.4518, -1.95339)
    528 (10.3787, 18.3687) -> 415 (10.6676, 17.611)
    529 (9.87525, 23.1641) -> 300 (9.58818, 24.4599)
    530 (19.8548, -5.65472) -> 287 (20.645, -5.78011)
    531 (-6.12529, 12.7139) -> 321 (-6.17526, 12.2787)
    532 (16.0996, 18.1928) -> 314 (16.5158, 18.1104)
    533 (3.70192, 4.41456) -> 299 (3.93231, 3.99947)
    534 (3.44707, 5.91212) -> 533 (3.70192, 4.41456)
    535 (6.53495, 8.07897) -> 14 (5.75984, 8.22219)
    536 (9.3156, -3.0576) -> 175 (8.95249, -3.23431)
    537 (21.1031, 12.7584) -> 269 (19.3332, 12.9821)
    538 (-2.57014, -8.88577) -> 444 (-1.96104, -9.39416)
    539 (3.36864, -3.47136) -> 296 (2.65522, -2.78123)
    540 (-2.24629, 19.0573) -> 138 (-2.89656, 18.5314)
    541 (6.09887, 7.73481) -> 535 (6.53495, 8.07897)
    542 (1.85665, 11.6439) -> 449 (1.88501, 10.6951)
    543 (-10.446, -12.4862) -> 387 (-10.274, -11.5473)
    544 (4.84404, 0.492266) -> 492 (4.52455, 0.709259)
    545 (3.91101, 19.4182) -> 173 (4.8077, 20.1774)
    546 (21.1734, 23.7833) -> 240 (20.2909, 22.3613)
    547 (1.93346, 5.5087) -> 493 (1.51523, 6.20156)
    548 (0.591873, 19.4149) -> 188 (1.07933, 19.3614)
    549 (4.27759, 15.1191) -> 11 (4.19834, 15.6114)
    550 (1.28807, 2.70488) -> 385 (0.739879, 2.62523)
    551 (1.08962, 9.69941) -> 113 (0.769369, 9.15995)
    552 (16.6285, 4.65122) -> 261 (16.6199, 5.15551)
    553 (-9.32919, -4.65909) -> 476 (-8.97004, -4.94636)
    554 (20.7361, -10.2806) -> 316 (20.53, -9.96879)
    555 (-6.56195, 18.5006) -> 248 (-6.56361, 18.6652)
    556 (23.3643, -2.08058) -> 361 (24.0888, -2.28989)
    557 (24.6327, -11.5837) -> 264 (22.7853, -11.3949)
    558 (-1.30777, 8.6763) -> 408 (0.0363662, 8.57466)
    559 (-5.76581, 4.23434) -> 336 (-5.55975, 3.48768)
    560 (-0.0944103, -12.1709) -> 245 (-0.626145, -11.9557)
    561 (1.15974, 22.5739) -> 521 (1.5626, 21.1413)
    562 (7.35089, -8.57723) -> 293 (7.06282, -9.09569)
    563 (21.879, 19.6743) -> 273 (21.2793, 19.8961)
    564 (-7.82535, -10.0209) -> 210 (-7.38974, -8.51157)
    565 (12.9271, 21.5135) -> 309 (12.0416, 20.8129)
    566 (-10.1701, 17.1521) -> 472 (-11.821, 16.5577)
    567 (15.4869, 3.01599) -> 328 (15.707, 4.26577)
    568 (-0.0695791, 15.3678) -> 295 (0.162604, 14.5354)
    569 (-10.419, 4.05996) -> 486 (-11.9803, 3.62904)
    570 (17.611, -10.2202) -> 499 (17.0375, -8.30414)
    571 (24.8318, -2.96973) -> 502 (24.345, -2.12697)
    572 (0.99329, 3.71852) -> 153 (1.27904, 3.67198)
    573 (6.29764, -3.33105) -> 91 (5.83256, -3.4641)
    574 (6.87181, -7.68031) -> 323 (6.15496, -7.35048)
    575 (0.606885, 3.60636) -> 572 (0.99329, 3.71852)
    576 (6.3389, -11.8586) -> 144 (5.84093, -11.3385)
    577 (20.0208, 24.6477) -> 546 (21.1734, 23.7833)
    578 (-6.9723, 21.2446) -> 303 (-6.60444, 21.5769)
    579 (-8.88975, 20.6221) -> 317 (-9.8398, 20.4251)
    580 (21.6565, 3.19438) -> 467 (21.7346, 4.54283)
    581 (12.2556, 4.57455) -> 137 (12.7846, 4.4791)
    582 (-4.33934, -12.1706) -> 263 (-4.38832, -10.4819)
    583 (21.4371, 10.5676) -> 227 (21.9666, 9.93756)
    584 (-7.39083, 1.28247) -> 434 (-6.74722, 0.82343)
    585 (12.5538, 22.1922) -> 565 (12.9271, 21.5135)
    586 (18.5095, 21.7972) -> 431 (19.4894, 22.5631)
    587 (9.4286, -8.04478) -> 75 (8.68555, -8.0261)
    588 (-6.07515, 4.48699) -> 559 (-5.76581, 4.23434)
    589 (-3.60208, 15.0474) -> 58 (-3.62264, 15.2178)
    590 (-11.6175, 3.82363) -> 486 (-11.9803, 3.62904)
    591 (16.7977, 8.28211) -> 102 (14.932, 9.00253)
    592 (-2.59816, -5.57263) -> 134 (-1.78894, -5.44487)
    593 (11.2794, 9.51471) -> 518 (11.877, 8.3139)
    594 (11.3405, 0.386646) -> 37 (11.3396, -0.0728614)
    595 (-7.42418, -3.68624) -> 324 (-7.67602, -4.3608)
    596 (0.679998, 23.2661) -> 561 (1.15974, 22.5739)
    597 (12.3746, 4.01903) -> 581 (12.2556, 4.57455)
    598 (4.8754, -10.6643) -> 319 (4.91714, -10.6876)
    599 (0.408961, 17.4416) -> 311 (-0.357265, 17.4476)
    600 (5.8236, -7.97009) -> 323 (6.15496, -7.35048)
    601 (2.69647, 9.78098) -> 470 (1.76053, 9.58043)
    602 (17.722, 2.13935) -> 42 (18.1493, 2.22965)
    603 (-9.95347, -4.29706) -> 553 (-9.32919, -4.65909)
    604 (0.299528, 19.6169) -> 548 (0.591873, 19.4149)
    605 (-2.64104, 16.9273) -> 6 (-1.89478, 17.7189)
    606 (22.914, -1.43367) -> 556 (23.3643, -2.08058)
    607 (13.3294, 3.78005) -> 378 (13.4216, 3.8989)
    608 (8.24709, -8.77331) -> 75 (8.68555, -8.0261)
    609 (-1.67885, 2.25344) -> 48 (-2.59192, 1.65815)
    610 (1.23692, 17.2348) -> 599 (0.408961, 17.4416)
    611 (-2.4719, 13.6057) -> 187 (-2.25566, 14.0606)
    612 (23.8984, 0.645484) -> 158 (23.8487, 1.41199)
    613 (0.0166474, 22.3511) -> 596 (0.679998, 23.2661)
    614 (-8.31118, 10.0065) -> 405 (-7.10536, 10.2286)
    615 (-9.11276, 24.2439) -> 109 (-8.99647, 23.9682)
    616 (19.6657, 13.2199) -> 269 (19.3332, 12.9821)
    617 (2.0485, -6.13517) -> 471 (1.78037, -7.17599)
    618 (16.2498, 15.9831) -> 184 (16.5122, 15.7256)
    619 (15.9202, -7.9952) -> 283 (16.417, -8.14535)
    620 (12.5217, 2.74733) -> 313 (13.089, 3.53245)
    621 (5.63999, 4.15452) -> 170 (5.46139, 3.25129)
    622 (3.91782, 19.8065) -> 545 (3.91101, 19.4182)
    623 (22.6853, 11.5313) -> 583 (21.4371, 10.5676)
    624 (-0.668433, 12.907) -> 524 (-1.54784, 12.854)
    625 (8.171, 7.4155) -> 136 (9.66456, 6.86207)
    626 (21.6951, 23.1472) -> 546 (21.1734, 23.7833)
    627 (9.87908, 4.26409) -> 145 (10.3499, 3.90451)
    628 (-3.14147, 21.6525) -> 234 (-2.87001, 21.8908)
    629 (-11.9935, 15.6937) -> 413 (-12.0756, 16.0296)
    630 (-3.35011, 14.5874) -> 589 (-3.60208, 15.0474)
    631 (4.30585, 19.043) -> 545 (3.91101, 19.4182)
    632 (24.005, 22.6657) -> 356 (22.2872, 22.4835)
    633 (18.6913, -0.311228) -> 154 (19.3991, -0.441755)
    634 (-8.84008, 11.1432) -> 421 (-9.2194, 11.6953)
    635 (-2.39321, -10.9795) -> 523 (-1.61486, -11.0102)
    636 (1.46853, 12.7546) -> 208 (1.20246, 13.1596)
    637 (22.6036, -8.78853) -> 272 (22.8296, -9.08975)
    638 (1.44123, -4.62793) -> 349 (1.45604, -3.78862)
    639 (19.59, -10.9296) -> 507 (19.9316, -9.89719)
    640 (-10.131, 4.31365) -> 569 (-10.419, 4.05996)
    641 (6.23796, 11.4137) -> 428 (6.2229, 10.1838)
    642 (0.444022, 11.2272) -> 56 (0.112392, 11.1314)
    643 (0.881151, 2.51616) -> 385 (0.739879, 2.62523)
    644 (7.06035, -10.2538) -> 439 (6.57357, -9.89471)
    645 (-7.97866, 13.1525) -> 280 (-7.43099, 13.172)
    646 (-7.24268, 6.40375) -> 52 (-8.02722, 6.07098)
    647 (2.83778, 15.4644) -> 96 (3.45738, 15.6205)
    648 (9.46235, 4.25985) -> 627 (9.87908, 4.26409)
    649 (-3.78315, 24.9248) -> 512 (-3.62847, 24.3066)
    650 (-6.34495, -6.42824) -> 347 (-6.24176, -6.5219)
    651 (-6.88106, 15.7545) -> 252 (-6.26059, 15.3444)
    652 (16.6147, 22.3597) -> 156 (16.5989, 22.9629)
    653 (0.666135, 2.63866) -> 385 (0.739879, 2.62523)
    654 (-5.57917, 13.1622) -> 363 (-5.69887, 13.1823)
    655 (-0.73978, -9.53518) -> 397 (-1.34127, -9.27924)
    656 (17.1053, -0.357927) -> 379 (17.0429, -0.151554)
    657 (-3.07126, 14.6797) -> 630 (-3.35011, 14.5874)
    658 (18.0479, -10.4384) -> 570 (17.611, -10.2202)
    659 (1.48403, 19.5801) -> 188 (1.07933, 19.3614)
    660 (12.1668, 4.34071) -> 581 (12.2556, 4.57455)
    661 (5.17159, 4.87136) -> 621 (5.63999, 4.15452)
    662 (4.0458, 6.59262) -> 534 (3.44707, 5.91212)
    663 (6.42202, 13.7086) -> 352 (6.79614, 13.813)
    664 (20.3462, 21.9968) -> 240 (20.2909, 22.3613)
    665 (23.7968, 14.4574) -> 228 (24.5773, 13.9978)
    666 (0.406829, 20.3067) -> 604 (0.299528, 19.6169)
    667 (6.41012, -11.4217) -> 576 (6.3389, -11.8586)
    668 (7.19556, 22.3915) -> 451 (6.74238, 22.5818)
    669 (11.7108, 19.9954) -> 63 (11.5, 19.6905)
    670 (3.34974, 12.7992) -> 2 (3.94823, 12.5153)
    671 (-0.720464, -1.25046) -> 262 (-0.424714, -1.30456)
    672 (-7.70088, 19.0512) -> 115 (-7.6005, 18.8245)
    673 (9.40459, -4.09554) -> 38 (8.76711, -4.05964)
    674 (17.2201, -8.16235) -> 499 (17.0375, -8.30414)
    675 (14.2519, 19.3396) -> 65 (13.4981, 19.778)
    676 (20.4193, 6.0357) -> 206 (20.3406, 6.32841)
    677 (5.28226, -12.1991) -> 144 (5.84093, -11.3385)
    678 (-12.2124, 24.3106) -> 435 (-11.4756, 23.1268)
    679 (-0.635904, 3.30941) -> 441 (0.349392, 2.55266)
    680 (-1.36596, -2.99817) -> 391 (-2.16931, -3.31718)
    681 (-4.36122, -4.57268) -> 147 (-4.90644, -4.44379)
    682 (11.8192, 23.1362) -> 291 (11.9685, 23.1724)
    683 (1.6578, -2.45049) -> 458 (2.46682, -2.20771)
    684 (13.7322, 0.616639) -> 36 (14.2543, 1.35125)
    685 (15.792, -6.26199) -> 232 (15.5707, -5.51315)
    686 (-9.9626, -10.441) -> 432 (-10.5779, -10.4016)
    687 (1.1759, -6.67447) -> 471 (1.78037, -7.17599)
    688 (10.1507, 4.72404) -> 627 (9.87908, 4.26409)
    689 (-1.62026, 3.87581) -> 679 (-0.635904, 3.30941)
    690 (16.9652, 4.46223) -> 552 (16.6285, 4.65122)
    691 (15.1747, 17.8036) -> 504 (14.4484, 17.3436)
    692 (19.5138, -3.52161) -> 146 (19.7391, -3.72959)
    693 (19.3564, 6.57749) -> 86 (19.5096, 5.99112)
    694 (19.9698, -11.9149) -> 639 (19.59, -10.9296)
    695 (7.84379, 20.4358) -> 260 (7.95932, 21.0108)
    696 (9.3436, -9.71632) -> 474 (9.40922, -9.23766)
    697 (4.99503, 5.28364) -> 661 (5.17159, 4.87136)
    698 (11.1251, 23.3302) -> 682 (11.8192, 23.1362)
    699 (17.0459, 11.4947) -> 526 (15.7132, 11.4454)
    700 (-8.09917, 23.0021) -> 41 (-8.36917, 22.0691)
    701 (-8.5567, -8.42315) -> 279 (-9.07987, -7.60406)
    702 (1.41046, -8.73049) -> 447 (0.698477, -8.81029)
    703 (22.1753, 9.9177) -> 227 (21.9666, 9.93756)
    704 (20.405, 7.39786) -> 104 (20.8197, 7.50229)
    705 (8.24425, -1.02891) -> 510 (8.16969, -0.538908)
    706 (9.40288, 5.14098) -> 345 (8.86461, 4.74244)
    707 (0.658321, 7.23089) -> 493 (1.51523, 6.20156)
    708 (-1.28785, -7.41675) -> 249 (-1.85423, -7.08022)
    709 (-7.51017, 11.9551) -> 226 (-8.30073, 11.9927)
    710 (8.19844, 17.1373) -> 35 (7.65066, 18.6265)
    711 (14.1541, 9.33847) -> 429 (14.8777, 9.74939)
    712 (11.9371, 20.7003) -> 309 (12.0416, 20.8129)
    713 (10.26, -7.44088) -> 587 (9.4286, -8.04478)
    714 (8.78161, -11.7589) -> 202 (10.2037, -11.826)
    715 (-8.68774, 12.8776) -> 294 (-8.8992, 12.4242)
    716 (16.556, 24.7654) -> 195 (15.1689, 24.3612)
    717 (9.17908, 20.8749) -> 165 (9.05853, 21.2063)
    718 (3.71236, 12.0532) -> 418 (3.95735, 12.121)
    719 (4.75803, 23.1401) -> 270 (4.65594, 23.3423)
    720 (-11.9464, 20.3533) -> 192 (-12.3104, 20.5214)
    721 (-3.94762, 0.810891) -> 182 (-3.14455, 1.36755)
    722 (5.96405, 24.6795) -> 243 (6.51389, 24.0826)
    723 (12.8248, 19.7087) -> 65 (13.4981, 19.778)
    724 (16.1673, -1.44487) -> 71 (16.2139, -0.326928)
    725 (5.69393, 9.46944) -> 12 (6.1917, 10.175)
    726 (11.6915, -12.1998) -> 99 (12.7154, -11.7117)
    727 (16.375, -12.4527) -> 168 (14.6806, -12.0832)
    728 (-2.10776, 15.2808) -> 297 (-2.02023, 15.3357)
    729 (1.65393, -6.2331) -> 617 (2.0485, -6.13517)
    730 (-2.71133, 6.39543) -> 78 (-2.31687, 5.71999)
    731 (-8.10062, -5.40637) -> 180 (-7.67794, -4.72661)
    732 (-12.333, -8.86646) -> 473 (-11.5531, -10.6738)
    733 (2.69217, 6.61296) -> 534 (3.44707, 5.91212)
    734 (18.6437, -6.34374) -> 220 (18.6188, -7.0032)
    735 (-1.48115, 6.99868) -> 730 (-2.71133, 6.39543)
    736 (22.6188, 19.8429) -> 563 (21.879, 19.6743)
    737 (0.370177, 24.6543) -> 396 (1.11325, 24.5141)
    738 (18.8614, 7.42134) -> 693 (19.3564, 6.57749)
    739 (2.60971, 21.4774) -> 521 (1.5626, 21.1413)
    740 (-6.18095, -2.90121) -> 333 (-6.17267, -2.90415)
    741 (-0.0304195, 9.74276) -> 355 (0.258729, 9.30524)
    742 (-2.46825, 15.6428) -> 185 (-2.45585, 15.4809)
    743 (1.53999, 2.40927) -> 550 (1.28807, 2.70488)
    744 (-9.08838, 12.7837) -> 294 (-8.8992, 12.4242)
    745 (0.805101, 18.8335) -> 188 (1.07933, 19.3614)
    746 (3.26131, 12.7753) -> 670 (3.34974, 12.7992)
    747 (-4.03687, 22.1679) -> 341 (-4.11144, 22.1185)
    748 (-10.0624, -5.03305) -> 603 (-9.95347, -4.29706)
    749 (7.71897, -8.32619) -> 562 (7.35089, -8.57723)
    750 (19.4133, -1.64171) -> 152 (19.111, -1.25877)
    751 (22.878, 20.5144) -> 736 (22.6188, 19.8429)
    752 (1.98851, 13.8559) -> 1 (2.81726, 14.1648)
    753 (-0.8112, 11.9346) -> 624 (-0.668433, 12.907)
    754 (23.2658, -9.40302) -> 272 (22.8296, -9.08975)
    755 (23.8189, -9.37041) -> 754 (23.2658, -9.40302)
    756 (-4.63804, 17.2748) -> 377 (-4.34983, 16.9953)
    757 (-9.65979, 20.4145) -> 317 (-9.8398, 20.4251)
    758 (2.86077, -3.64049) -> 539 (3.36864, -3.47136)
    759 (19.4038, 23.5017) -> 431 (19.4894, 22.5631)
    760 (12.7509, 1.94698) -> 445 (12.6392, 1.70472)
    761 (6.307, 12.5727) -> 663 (6.42202, 13.7086)
    762 (16.3505, 23.2099) -> 156 (16.5989, 22.9629)
    763 (14.5026, 20.5068) -> 67 (14.6501, 21.4129)
    764 (22.2528, 13.9475) -> 174 (23.054, 15.2937)
    765 (22.6569, 9.16911) -> 140 (21.954, 9.14956)
    766 (-0.129234, 18.5544) -> 110 (-0.32184, 18.9542)
    767 (4.07724, -3.57456) -> 539 (3.36864, -3.47136)
    768 (24.225, 2.02846) -> 398 (24.4867, 2.59878)
    769 (-5.2245, 14.7066) -> 252 (-6.26059, 15.3444)
    770 (-8.14426, 14.9307) -> 446 (-8.46608, 14.0064)
    771 (-1.23594, 13.8494) -> 54 (-1.76443, 14.4781)
    772 (-2.82249, 17.9249) -> 138 (-2.89656, 18.5314)
    773 (20.1468, -7.04915) -> 253 (20.0753, -7.46532)
    774 (11.0273, 17.2095) -> 415 (10.6676, 17.611)
    775 (6.33766, 7.93677) -> 535 (6.53495, 8.07897)
    776 (6.35492, -2.12018) -> 57 (7.01106, -1.7779)
    777 (22.863, -2.52596) -> 556 (23.3643, -2.08058)
    778 (19.5445, 9.14243) -> 738 (18.8614, 7.42134)
    779 (-3.05096, 6.7501) -> 730 (-2.71133, 6.39543)
    780 (-11.1515, 10.4087) -> 128 (-11.3028, 9.90285)
    781 (0.302596, 22.2703) -> 613 (0.0166474, 22.3511)
    782 (19.7182, 5.03173) -> 338 (19.7696, 4.60029)
    783 (16.2383, -6.48047) -> 685 (15.792, -6.26199)
    784 (-1.14014, -2.98862) -> 680 (-1.36596, -2.99817)
    785 (21.131, 1.11904) -> 92 (21.9879, 1.11412)
    786 (-3.49514, 5.15337) -> 207 (-3.86788, 4.76062)
    787 (18.3891, -2.58402) -> 186 (18.3948, -3.55613)
    788 (-9.0779, 15.6747) -> 770 (-8.14426, 14.9307)
    789 (5.04486, 10.4476) -> 5 (4.22426, 10.5344)
    790 (9.68429, 4.12779) -> 627 (9.87908, 4.26409)
    791 (11.8454, 6.28445) -> 221 (11.0475, 6.48448)
    792 (-10.4373, 20.5831) -> 317 (-9.8398, 20.4251)
    793 (-3.8964, 17.0417) -> 377 (-4.34983, 16.9953)
    794 (10.5465, -0.576879) -> 368 (9.72475, -0.162727)
    795 (-3.00253, -11.7081) -> 635 (-2.39321, -10.9795)
    796 (14.0566, 0.514258) -> 684 (13.7322, 0.616639)
    797 (5.89731, 22.2032) -> 451 (6.74238, 22.5818)
    798 (-6.3231, 19.3174) -> 248 (-6.56361, 18.6652)
    799 (7.65798, 17.2541) -> 710 (8.19844, 17.1373)
    800 (21.7251, 23.8079) -> 546 (21.1734, 23.7833)
    801 (5.86278, 14.7211) -> 284 (5.66401, 14.8912)
    802 (14.6309, -11.175) -> 168 (14.6806, -12.0832)
    803 (-7.41837, -0.341228) -> 282 (-7.85574, 0.454612)
    804 (-9.33027, 5.19838) -> 107 (-9.99619, 5.72008)
    805 (23.8446, 1.46871) -> 158 (23.8487, 1.41199)
    806 (24.2926, 11.2225) -> 223 (23.7988, 9.92198)
    807 (22.96, 0.811277) -> 612 (23.8984, 0.645484)
    808 (12.5388, 5.6971) -> 45 (12.5824, 5.78231)
    809 (-10.6723, -1.27426) -> 193 (-9.34044, -1.63531)
    810 (-9.19152, -10.1947) -> 686 (-9.9626, -10.441)
    811 (-8.96801, -7.95903) -> 279 (-9.07987, -7.60406)
    812 (1.74434, -3.11127) -> 135 (1.62238, -3.70861)
    813 (4.7271, 7.40777) -> 662 (4.0458, 6.59262)
    814 (-2.78594, -7.73923) -> 326 (-3.41494, -8.59721)
    815 (24.3607, 15.0601) -> 665 (23.7968, 14.4574)
    816 (0.525784, -1.4842) -> 306 (0.951658, -0.800574)
    817 (-4.99454, 10.216) -> 98 (-5.54643, 9.35059)
    818 (17.7727, 22.5472) -> 495 (17.0378, 23.0861)
    819 (-5.93882, 16.1561) -> 252 (-6.26059, 15.3444)
    820 (5.59339, -11.8203) -> 677 (5.28226, -12.1991)
    821 (11.131, -7.0058) -> 235 (10.7065, -6.43212)
    822 (16.1687, 3.13646) -> 567 (15.4869, 3.01599)
    823 (-9.00133, -3.44794) -> 553 (-9.32919, -4.65909)
    824 (20.6647, 14.0814) -> 437 (19.3649, 14.208)
    825 (7.37031, 5.0819) -> 18 (7.67789, 4.83143)
    826 (-9.73351, 16.8476) -> 566 (-10.1701, 17.1521)
    827 (-1.3663, 20.0484) -> 246 (-1.64133, 21.1619)
    828 (13.1137, 24.0096) -> 242 (13.235, 23.8515)
    829 (-3.49091, 4.29026) -> 207 (-3.86788, 4.76062)
    830 (-8.757, 7.09943) -> 509 (-9.06505, 6.51902)
    831 (7.62403, 24.9356) -> 501 (8.48774, 24.2041)
    832 (-3.39574, -8.22077) -> 326 (-3.41494, -8.59721)
    833 (21.872, 9.3619) -> 140 (21.954, 9.14956)
    834 (10.3762, -11.0714) -> 97 (10.9999, -10.6836)
    835 (4.80157, -5.54446) -> 230 (4.44407, -5.52866)
    836 (23.7392, 15.6897) -> 174 (23.054, 15.2937)
    837 (11.8816, -1.48787) -> 482 (12.4518, -1.95339)
    838 (22.2984, 15.1039) -> 174 (23.054, 15.2937)
    839 (19.1722, 5.94985) -> 86 (19.5096, 5.99112)
    840 (13.6158, 11.37) -> 189 (14.8556, 10.7225)
    841 (9.29899, 23.8509) -> 300 (9.58818, 24.4599)
    842 (8.03718, 5.10292) -> 18 (7.67789, 4.83143)
    843 (-7.1331, 1.29349) -> 584 (-7.39083, 1.28247)
    844 (21.1484, -4.01025) -> 315 (20.6034, -4.07694)
    845 (-3.18594, -7.15875) -> 814 (-2.78594, -7.73923)
    846 (-10.5999, -3.77012) -> 603 (-9.95347, -4.29706)
    847 (22.2394, 0.639789) -> 92 (21.9879, 1.11412)
    848 (7.80798, 23.1387) -> 200 (8.20521, 23.0151)
    849 (-5.29956, -3.24071) -> 292 (-5.10985, -2.93083)
    850 (-7.21659, -0.186318) -> 803 (-7.41837, -0.341228)
    851 (6.15528, -0.770672) -> 498 (5.59936, -0.783452)
    852 (17.6614, 12.9503) -> 211 (17.6725, 14.0966)
    853 (-5.05889, -4.50218) -> 147 (-4.90644, -4.44379)
    854 (-7.69189, 23.7989) -> 700 (-8.09917, 23.0021)
    855 (-11.7978, 9.32132) -> 465 (-12.2869, 8.74767)
    856 (12.4655, 4.4425) -> 581 (12.2556, 4.57455)
    857 (3.11359, 24.1039) -> 479 (2.46273, 23.7005)
    858 (16.7168, -11.0429) -> 570 (17.611, -10.2202)
    859 (3.35069, -4.23918) -> 539 (3.36864, -3.47136)
    860 (-8.03169, 16.4235) -> 508 (-7.33862, 17.3854)
    861 (0.0545212, 1.83009) -> 484 (0.441116, 1.58659)
    862 (4.03444, 5.15271) -> 533 (3.70192, 4.41456)
    863 (18.085, 23.1577) -> 818 (17.7727, 22.5472)
    864 (-2.16458, 12.3394) -> 524 (-1.54784, 12.854)
    865 (-8.01818, -0.591982) -> 803 (-7.41837, -0.341228)
    866 (21.7642, 10.5098) -> 583 (21.4371, 10.5676)
    867 (-11.4722, 2.84126) -> 486 (-11.9803, 3.62904)
    868 (15.5824, 5.82489) -> 112 (14.897, 5.94789)
    869 (21.2887, 4.48804) -> 278 (21.0716, 4.46679)
    870 (24.708, 8.24903) -> 450 (24.6427, 8.10873)
    871 (4.81076, 23.8736) -> 270 (4.65594, 23.3423)
    872 (-7.47682, 13.9581) -> 460 (-7.59797, 13.7073)
    873 (-1.28408, 5.22153) -> 78 (-2.31687, 5.71999)
    874 (12.0685, -2.05654) -> 482 (12.4518, -1.95339)
    875 (-1.8966, 15.608) -> 297 (-2.02023, 15.3357)
    876 (7.95683, -6.57694) -> 46 (7.07631, -6.83853)
    877 (2.95758, 14.5074) -> 1 (2.81726, 14.1648)
    878 (18.8582, -11.4508) -> 639 (19.59, -10.9296)
    879 (20.8199, 22.9745) -> 240 (20.2909, 22.3613)
    880 (24.1543, -5.45609) -> 414 (23.1299, -5.69514)
    881 (23.3619, 18.3822) -> 209 (23.293, 17.847)
    882 (10.3303, 5.91455) -> 43 (10.6872, 5.1433)
    883 (6.58746, 14.1648) -> 352 (6.79614, 13.813)
    884 (13.7386, -9.3152) -> 214 (12.2553, -10.2326)
    885 (5.34389, 5.15053) -> 661 (5.17159, 4.87136)
    886 (7.22478, 9.08182) -> 535 (6.53495, 8.07897)
    887 (23.7625, 17.7802) -> 209 (23.293, 17.847)
    888 (17.2792, 5.64615) -> 370 (16.844, 5.20723)
    889 (16.0467, 12.7735) -> 304 (16.4068, 14.0166)
    890 (-1.08474, -11.8644) -> 245 (-0.626145, -11.9557)
    891 (24.0481, 21.738) -> 632 (24.005, 22.6657)
    892 (-0.656304, 3.777) -> 679 (-0.635904, 3.30941)
    893 (11.3606, -2.38857) -> 874 (12.0685, -2.05654)
    894 (-4.09009, -11.1698) -> 263 (-4.38832, -10.4819)
    895 (-0.290082, 14.2386) -> 295 (0.162604, 14.5354)
    896 (14.984, 22.4429) -> 351 (15.9135, 22.0709)
    897 (-3.39498, 23.8895) -> 512 (-3.62847, 24.3066)
    898 (19.3332, 2.16455) -> 44 (20.0883, 1.73981)
    899 (-6.63792, -10.2866) -> 564 (-7.82535, -10.0209)
    900 (1.64103, 17.5654) -> 610 (1.23692, 17.2348)
    901 (-5.46087, 5.8202) -> 27 (-4.89586, 6.13715)
    902 (21.6988, 14.1583) -> 764 (22.2528, 13.9475)
    903 (23.6268, 1.49179) -> 247 (23.7822, 1.4058)
    904 (-3.80641, 12.6606) -> 350 (-4.83003, 12.6901)
    905 (9.59151, -11.3288) -> 202 (10.2037, -11.826)
    906 (-7.77265, 9.50775) -> 614 (-8.31118, 10.0065)
    907 (10.0439, 24.8216) -> 300 (9.58818, 24.4599)
    908 (-1.09167, 8.25028) -> 558 (-1.30777, 8.6763)
    909 (12.9711, 6.96672) -> 83 (13.6235, 7.49)
    910 (9.05558, 19.7502) -> 55 (9.5455, 19.2665)
    911 (-9.23028, 10.6501) -> 634 (-8.84008, 11.1432)
    912 (2.66644, -9.28277) -> 318 (2.70209, -9.23154)
    913 (0.0295481, 3.04828) -> 441 (0.349392, 2.55266)
    914 (9.96314, -9.45656) -> 474 (9.40922, -9.23766)
    915 (10.2856, 0.498768) -> 404 (10.7626, 1.08803)
    916 (18.8528, 13.5665) -> 269 (19.3332, 12.9821)
    917 (9.8155, -5.46242) -> 271 (9.80876, -4.74291)
    918 (15.2902, 21.9134) -> 896 (14.984, 22.4429)
    919 (11.6333, 23.3398) -> 682 (11.8192, 23.1362)
    920 (-5.84708, -6.78992) -> 488 (-5.50456, -6.75415)
    921 (21.1107, -4.76398) -> 118 (20.6132, -5.17382)
    922 (23.7661, -11.4159) -> 557 (24.6327, -11.5837)
    923 (1.61864, 15.4606) -> 423 (1.70288, 16.0296)
    924 (22.3549, 14.1529) -> 764 (22.2528, 13.9475)
    925 (-4.62466, 5.94882) -> 27 (-4.89586, 6.13715)
    926 (19.723, -9.55014) -> 452 (19.5793, -9.48164)
    927 (4.41221, 15.8317) -> 11 (4.19834, 15.6114)
    928 (24.7769, 14.591) -> 228 (24.5773, 13.9978)
    929 (-3.67822, 3.16408) -> 60 (-4.24102, 2.36684)
    930 (-9.13699, 20.6687) -> 579 (-8.88975, 20.6221)
    931 (22.9854, -6.53978) -> 414 (23.1299, -5.69514)
    932 (-10.5757, 22.892) -> 435 (-11.4756, 23.1268)
    933 (-6.05239, -7.37116) -> 920 (-5.84708, -6.78992)
    934 (-3.66596, 16.7304) -> 793 (-3.8964, 17.0417)
    935 (22.0946, -2.94371) -> 777 (22.863, -2.52596)
    936 (-4.58534, 6.77499) -> 21 (-4.9317, 6.95927)
    937 (2.95729, 4.32568) -> 533 (3.70192, 4.41456)
    938 (24.8576, -5.50272) -> 880 (24.1543, -5.45609)
    939 (-11.888, -1.06242) -> 809 (-10.6723, -1.27426)
    940 (-2.21614, 8.11608) -> 558 (-1.30777, 8.6763)
    941 (19.7144, 11.776) -> 269 (19.3332, 12.9821)
    942 (11.4395, 23.1178) -> 919 (11.6333, 23.3398)
    943 (0.342322, 10.4995) -> 438 (0.213358, 10.9323)
    944 (11.3413, 4.41641) -> 660 (12.1668, 4.34071)
    945 (9.73492, 17.5297) -> 415 (10.6676, 17.611)
    946 (-10.0247, -4.94772) -> 748 (-10.0624, -5.03305)
    947 (20.1936, 9.55879) -> 778 (19.5445, 9.14243)
    948 (20.8782, 20.2897) -> 273 (21.2793, 19.8961)
    949 (22.1179, -7.61651) -> 159 (21.5607, -6.93513)
    950 (14.3968, -7.32458) -> 285 (14.017, -6.85761)
    951 (22.0934, -9.24521) -> 637 (22.6036, -8.78853)
    952 (13.5464, -5.45134) -> 150 (13.2208, -5.65736)
    953 (15.095, 21.9361) -> 918 (15.2902, 21.9134)
    954 (-4.87646, 20.7732) -> 386 (-4.67888, 20.7452)
    955 (21.9579, 21.7782) -> 356 (22.2872, 22.4835)
    956 (16.271, 24.4803) -> 716 (16.556, 24.7654)
    957 (16.7905, 11.498) -> 699 (17.0459, 11.4947)
    958 (10.989, 21.7898) -> 357 (11.7205, 21.9717)
    959 (-0.0754385, 17.0436) -> 311 (-0.357265, 17.4476)
    960 (13.1564, 5.88061) -> 45 (12.5824, 5.78231)
    961 (-1.859, -4.74824) -> 497 (-1.62925, -5.23977)
    962 (13.7092, 3.10432) -> 313 (13.089, 3.53245)
    963 (-10.9089, 12.8186) -> 334 (-10.8722, 12.7532)
    964 (19.5982, -6.9372) -> 773 (20.1468, -7.04915)
    965 (14.223, 23.0289) -> 440 (14.5777, 23.8579)
    966 (4.74817, 10.7411) -> 789 (5.04486, 10.4476)
    967 (-8.12586, -1.1478) -> 373 (-8.43194, -1.2139)
    968 (-2.69638, 18.2808) -> 138 (-2.89656, 18.5314)
    969 (21.5159, -0.480118) -> 847 (22.2394, 0.639789)
    970 (-6.52985, 17.6105) -> 236 (-7.06345, 17.9484)
    971 (-10.0793, 0.130101) -> 517 (-10.301, 0.056481)
    972 (19.0786, 6.42896) -> 693 (19.3564, 6.57749)
    973 (-3.28727, -10.1612) -> 263 (-4.38832, -10.4819)
    974 (-5.09634, 11.9072) -> 120 (-4.97008, 11.2657)
    975 (24.6882, 1.53101) -> 768 (24.225, 2.02846)
    976 (-1.30511, 23.1692) -> 258 (-1.87557, 23.8237)
    977 (15.4653, 4.28192) -> 328 (15.707, 4.26577)
    978 (4.169, 6.84816) -> 662 (4.0458, 6.59262)
    979 (5.3175, 19.9243) -> 173 (4.8077, 20.1774)
    980 (-7.47535, 6.07514) -> 646 (-7.24268, 6.40375)
    981 (15.6284, 1.06883) -> 39 (16.2283, 1.67302)
    982 (-6.87156, -2.64584) -> 160 (-6.24446, -2.74346)
    983 (9.47061, 7.57949) -> 136 (9.66456, 6.86207)
    984 (16.0733, 17.4145) -> 532 (16.0996, 18.1928)
    985 (13.3443, 23.9344) -> 242 (13.235, 23.8515)
    986 (13.472, 4.6284) -> 346 (13.5128, 4.18633)
    987 (15.8427, 4.26129) -> 328 (15.707, 4.26577)
    988 (-10.2923, -9.07578) -> 342 (-10.2693, -9.21192)
    989 (11.3742, -2.42071) -> 893 (11.3606, -2.38857)
    990 (10.4028, -8.15906) -> 81 (10.5563, -8.73345)
    991 (6.05195, 14.1735) -> 883 (6.58746, 14.1648)
    992 (-7.85337, 22.5819) -> 700 (-8.09917, 23.0021)
    993 (22.9758, 9.66854) -> 765 (22.6569, 9.16911)
    994 (24.3729, 20.6675) -> 891 (24.0481, 21.738)
    995 (-10.8442, 18.3216) -> 426 (-10.6935, 19.1547)
    996 (-7.82315, 18.7265) -> 115 (-7.6005, 18.8245)
    997 (5.31665, -3.45793) -> 91 (5.83256, -3.4641)
    998 (20.4133, 17.3935) -> 308 (20.2591, 17.0279)
    999 (18.8574, 15.7255) -> 437 (19.3649, 14.208)
    1000 (9.35293, 3.65591) -> 790 (9.68429, 4.12779)
    1001 (17.7049, -1.04104) -> 656 (17.1053, -0.357927)
    1002 (0.831629, 23.5226) -> 596 (0.679998, 23.2661)
    1003 (2.27705, 21.4013) -> 739 (2.60971, 21.4774)
    1004 (-4.6296, 12.9887) -> 350 (-4.83003, 12.6901)
    1005 (-2.63152, 12.7636) -> 864 (-2.16458, 12.3394)
    1006 (8.7193, 22.8388) -> 506 (8.57584, 22.4529)
    1007 (-11.6561, 20.968) -> 720 (-11.9464, 20.3533)
    1008 (24.9565, 5.35838) -> 376 (24.5495, 4.05701)
    1009 (22.6682, 22.3618) -> 356 (22.2872, 22.4835)
    1010 (13.73, 19.2245) -> 675 (14.2519, 19.3396)
    1011 (21.9313, 0.291193) -> 847 (22.2394, 0.639789)
    1012 (-3.75698, -10.561) -> 973 (-3.28727, -10.1612)
    1013 (-4.69215, -1.43088) -> 383 (-4.32608, -2.01061)
    1014 (-0.75026, 12.0905) -> 753 (-0.8112, 11.9346)
    1015 (24.2036, 15.016) -> 815 (24.3607, 15.0601)
    1016 (24.2401, 20.4019) -> 994 (24.3729, 20.6675)
    1017 (0.634992, 4.04572) -> 575 (0.606885, 3.60636)
    1018 (-0.844005, -7.42299) -> 708 (-1.28785, -7.41675)
    1019 (-2.24545, -7.00972) -> 249 (-1.85423, -7.08022)
    1020 (17.0975, -10.4281) -> 570 (17.611, -10.2202)
    1021 (6.9311, 0.989163) -> 406 (7.4066, 0.708873)
    1022 (-4.33837, 23.4885) -> 522 (-5.08639, 24.048)
    1023 (7.28122, -5.45152) -> 40 (6.92737, -4.84408)
    1024 (9.71688, 1.87365) -> 26 (10.5907, 1.4153)
    1025 (15.4568, 11.957) -> 526 (15.7132, 11.4454)
    1026 (-5.42858, -4.87593) -> 853 (-5.05889, -4.50218)
    1027 (8.48874, 2.42368) -> 89 (7.91387, 3.12301)
    1028 (-3.1844, 1.16039) -> 182 (-3.14455, 1.36755)
    1029 (14.4421, 20.5623) -> 763 (14.5026, 20.5068)
    1030 (15.9634, -10.1302) -> 407 (15.823, -9.26011)
    1031 (4.25096, -0.929094) -> 453 (2.94367, -1.13537)
    1032 (21.9594, 13.8681) -> 764 (22.2528, 13.9475)
    1033 (1.07062, 7.96124) -> 707 (0.658321, 7.23089)
    1034 (2.71709, 5.1349) -> 937 (2.95729, 4.32568)
    1035 (18.7839, -10.4636) -> 658 (18.0479, -10.4384)
    1036 (-2.90401, 22.469) -> 176 (-3.31804, 22.4384)
    1037 (-3.93013, -12.127) -> 582 (-4.33934, -12.1706)
    1038 (7.80731, -8.52784) -> 749 (7.71897, -8.32619)
    1039 (-2.01875, 22.7139) -> 976 (-1.30511, 23.1692)
    1040 (24.5409, 7.76562) -> 450 (24.6427, 8.10873)
    1041 (17.3136, 6.47772) -> 888 (17.2792, 5.64615)
    1042 (12.6786, 6.20836) -> 45 (12.5824, 5.78231)
    1043 (2.20903, -9.96208) -> 912 (2.66644, -9.28277)
    1044 (10.2993, 21.6032) -> 958 (10.989, 21.7898)
    1045 (-10.1094, 21.8079) -> 66 (-10.291, 21.5154)
    1046 (18.3142, 16.3458) -> 999 (18.8574, 15.7255)
    1047 (-3.55364, 17.8676) -> 9 (-3.82359, 18.2477)
    1048 (14.43, 11.0486) -> 189 (14.8556, 10.7225)
    1049 (-1.63794, 21.2766) -> 246 (-1.64133, 21.1619)
    1050 (1.65742, -8.02829) -> 76 (1.23322, -7.92459)
    1051 (-7.66545, -0.592271) -> 803 (-7.41837, -0.341228)
    1052 (4.53115, -7.18943) -> 62 (5.15605, -7.39764)
    1053 (-3.05895, -5.40515) -> 592 (-2.59816, -5.57263)
    1054 (-1.37471, -5.91125) -> 369 (-0.888282, -6.00307)
    1055 (12.2268, 1.83908) -> 445 (12.6392, 1.70472)
    1056 (20.3647, -2.68062) -> 68 (20.2699, -2.0704)
    1057 (20.8542, 11.1356) -> 583 (21.4371, 10.5676)
    1058 (7.34893, -8.3233) -> 562 (7.35089, -8.57723)
    1059 (22.2963, -6.16551) -> 931 (22.9854, -6.53978)
    1060 (10.5467, 19.5752) -> 63 (11.5, 19.6905)
    1061 (-10.5095, 16.4662) -> 566 (-10.1701, 17.1521)
    1062 (19.2145, -9.19711) -> 452 (19.5793, -9.48164)
    1063 (16.2792, 1.66923) -> 39 (16.2283, 1.67302)
    1064 (-5.72802, -3.5047) -> 849 (-5.29956, -3.24071)
    1065 (-5.89896, 5.07317) -> 23 (-6.15226, 5.3749)
    1066 (15.7808, 2.80977) -> 567 (15.4869, 3.01599)
    1067 (-11.4951, 8.81533) -> 855 (-11.7978, 9.32132)
    1068 (14.8508, 7.98743) -> 410 (14.3781, 8.10254)
    1069 (-11.662, -9.84258) -> 503 (-11.4925, -10.653)
    1070 (15.7944, 7.99958) -> 1068 (14.8508, 7.98743)
    1071 (4.19166, -0.873006) -> 1031 (4.25096, -0.929094)
    1072 (15.8946, -1.48831) -> 724 (16.1673, -1.44487)
    1073 (5.70056, 6.52766) -> 17 (6.32387, 6.30337)
    1074 (-2.67369, 22.3822) -> 1036 (-2.90401, 22.469)
    1075 (7.67, -4.41263) -> 487 (8.00193, -4.009)
    1076 (-9.1336, -1.81048) -> 193 (-9.34044, -1.63531)
    1077 (-6.49482, 20.9901) -> 25 (-6.90988, 20.7014)
    1078 (13.3884, 10.9899) -> 840 (13.6158, 11.37)
    1079 (-5.75225, 16.1508) -> 819 (-5.93882, 16.1561)
    1080 (4.31315, 24.0346) -> 871 (4.81076, 23.8736)
    1081 (3.89976, 15.1806) -> 549 (4.27759, 15.1191)
    1082 (-10.6577, 24.1177) -> 932 (-10.5757, 22.892)
    1083 (13.8885, -9.86322) -> 884 (13.7386, -9.3152)
    1084 (-8.01227, -0.66281) -> 865 (-8.01818, -0.591982)
    1085 (8.14383, 10.6529) -> 13 (8.06818, 10.867)
    1086 (9.28678, -8.4665) -> 587 (9.4286, -8.04478)
    1087 (5.56963, 4.9926) -> 885 (5.34389, 5.15053)
    1088 (22.361, -5.36956) -> 1059 (22.2963, -6.16551)
    1089 (1.15816, 16.2463) -> 423 (1.70288, 16.0296)
    1090 (17.9808, 13.0085) -> 852 (17.6614, 12.9503)
    1091 (19.2365, -8.28569) -> 1062 (19.2145, -9.19711)
    1092 (6.64398, -8.03419) -> 574 (6.87181, -7.68031)
    1093 (-8.07964, 16.5992) -> 860 (-8.03169, 16.4235)
    1094 (-2.66956, -4.96701) -> 1053 (-3.05895, -5.40515)
    1095 (10.5718, 6.48) -> 221 (11.0475, 6.48448)
    1096 (-4.28208, 11.2829) -> 120 (-4.97008, 11.2657)
    1097 (-12.4501, 1.47429) -> 867 (-11.4722, 2.84126)
    1098 (8.61813, 21.6766) -> 165 (9.05853, 21.2063)
    1099 (-9.11594, -10.4303) -> 810 (-9.19152, -10.1947)
    1100 (9.04007, -5.48408) -> 917 (9.8155, -5.46242)
    1101 (3.04019, 21.3797) -> 739 (2.60971, 21.4774)
    1102 (-7.89289, 4.60551) -> 64 (-8.39696, 4.15649)
    1103 (7.45815, -6.46738) -> 876 (7.95683, -6.57694)
    1104 (6.44078, 20.5383) -> 237 (6.7788, 21.6132)
    1105 (22.3873, -5.17117) -> 1088 (22.361, -5.36956)
    1106 (9.70997, -11.7775) -> 905 (9.59151, -11.3288)
    1107 (5.83041, 24.3126) -> 722 (5.96405, 24.6795)
    1108 (13.067, 23.8636) -> 828 (13.1137, 24.0096)
    1109 (22.6421, -10.3253) -> 222 (23.0658, -10.3401)
    1110 (-7.2759, -6.2049) -> 433 (-7.49448, -5.99142)
    1111 (16.6707, 8.16215) -> 591 (16.7977, 8.28211)
    1112 (-5.92239, 2.15444) -> 51 (-5.73873, 1.27971)
    1113 (1.56383, 21.0211) -> 521 (1.5626, 21.1413)
    1114 (14.9227, 21.8344) -> 953 (15.095, 21.9361)
    1115 (4.7045, 16.0302) -> 927 (4.41221, 15.8317)
    1116 (-3.49467, 0.848895) -> 1028 (-3.1844, 1.16039)
    1117 (21.478, -11.2117) -> 554 (20.7361, -10.2806)
    1118 (7.58018, 4.65808) -> 18 (7.67789, 4.83143)
    1119 (6.74416, 19.9498) -> 1104 (6.44078, 20.5383)
    1120 (-6.83162, 14.2778) -> 872 (-7.47682, 13.9581)
    1121 (3.95009, -6.15339) -> 230 (4.44407, -5.52866)
    1122 (4.33839, 8.06366) -> 813 (4.7271, 7.40777)
    1123 (-5.29818, -6.16622) -> 489 (-5.6776, -5.80856)
    1124 (17.865, 11.8491) -> 699 (17.0459, 11.4947)
    1125 (13.6756, -2.03239) -> 527 (13.6284, -3.04113)
    1126 (17.1765, -2.02848) -> 1001 (17.7049, -1.04104)
    1127 (7.58139, -0.269978) -> 29 (7.38316, -0.343759)
    1128 (4.97036, -5.56554) -> 835 (4.80157, -5.54446)
    1129 (4.40099, -9.15317) -> 95 (5.50693, -9.36662)
    1130 (6.52634, 8.407) -> 535 (6.53495, 8.07897)
    1131 (14.0968, -3.24915) -> 527 (13.6284, -3.04113)
    1132 (9.2179, 18.9385) -> 55 (9.5455, 19.2665)
    1133 (21.6052, 7.0383) -> 104 (20.8197, 7.50229)
    1134 (5.99022, -10.8295) -> 144 (5.84093, -11.3385)
    1135 (1.80169, 13.5699) -> 752 (1.98851, 13.8559)
    1136 (17.2859, 17.881) -> 314 (16.5158, 18.1104)
    1137 (22.9359, 2.12387) -> 131 (23.3669, 2.56274)
    1138 (-7.87457, 2.42948) -> 401 (-7.95704, 2.99653)
    1139 (-11.7262, -8.88932) -> 732 (-12.333, -8.86646)
    1140 (-3.19294, 9.14114) -> 19 (-3.71511, 8.54669)
    1141 (-5.70504, 5.21427) -> 1065 (-5.89896, 5.07317)
    1142 (12.5308, -1.25748) -> 837 (11.8816, -1.48787)
    1143 (4.64193, 8.59129) -> 250 (5.05601, 8.60985)
    1144 (-3.03781, -1.71431) -> 466 (-3.43421, -2.38479)
    1145 (-2.17228, -6.40343) -> 1019 (-2.24545, -7.00972)
    1146 (-3.96143, -0.995002) -> 1013 (-4.69215, -1.43088)
    1147 (0.32504, 24.2689) -> 737 (0.370177, 24.6543)
    1148 (-3.24265, 10.4086) -> 15 (-2.32044, 9.98019)
    1149 (19.968, 7.53807) -> 704 (20.405, 7.39786)
    1150 (9.19222, 5.07425) -> 706 (9.40288, 5.14098)
    1151 (12.4429, -10.5515) -> 214 (12.2553, -10.2326)
    1152 (5.87709, 23.8076) -> 366 (5.95022, 23.6082)
    1153 (13.052, 15.4586) -> 251 (13.3362, 15.8189)
    1154 (2.94073, 20.8005) -> 205 (3.32932, 20.5552)
    1155 (7.41909, 21.5414) -> 367 (6.94204, 21.7296)
    1156 (8.1181, 19.2172) -> 69 (7.72352, 19.0045)
    1157 (5.02496, 4.86661) -> 661 (5.17159, 4.87136)
    1158 (-3.96302, -9.05377) -> 326 (-3.41494, -8.59721)
    1159 (-5.73273, 0.996233) -> 51 (-5.73873, 1.27971)
    1160 (1.94655, 19.8957) -> 340 (2.43072, 19.9688)
    1161 (7.62418, -8.03963) -> 749 (7.71897, -8.32619)
    1162 (-0.35616, 11.7537) -> 753 (-0.8112, 11.9346)
    1163 (20.6817, 4.57101) -> 278 (21.0716, 4.46679)
    1164 (20.8643, 24.8954) -> 577 (20.0208, 24.6477)
    1165 (10.0404, 0.289674) -> 915 (10.2856, 0.498768)
    1166 (9.26723, 0.175056) -> 372 (9.21343, 0.451417)
    1167 (11.7136, 17.5282) -> 774 (11.0273, 17.2095)
    1168 (0.850046, 11.2446) -> 642 (0.444022, 11.2272)
    1169 (14.0016, 10.4512) -> 1048 (14.43, 11.0486)
    1170 (14.0353, -10.8091) -> 802 (14.6309, -11.175)
    1171 (11.4537, -9.72552) -> 358 (11.4614, -10.1605)
    1172 (-4.57292, -3.10666) -> 292 (-5.10985, -2.93083)
    1173 (-2.41841, 9.88507) -> 15 (-2.32044, 9.98019)
    1174 (-4.22962, 5.90391) -> 53 (-4.2928, 6.02934)
    1175 (14.2557, 5.3108) -> 112 (14.897, 5.94789)
    1176 (19.71, 14.994) -> 437 (19.3649, 14.208)
    1177 (17.0883, -6.95247) -> 183 (16.6189, -7.00943)
    1178 (-8.85671, 24.7384) -> 615 (-9.11276, 24.2439)
    1179 (3.76974, 3.98622) -> 299 (3.93231, 3.99947)
    1180 (7.41119, 24.7819) -> 831 (7.62403, 24.9356)
    1181 (-4.79647, 0.590565) -> 409 (-4.5675, -0.136492)
    1182 (14.2977, 5.75241) -> 1175 (14.2557, 5.3108)
    1183 (-9.9036, -1.61183) -> 193 (-9.34044, -1.63531)
    1184 (-8.27716, -8.26521) -> 701 (-8.5567, -8.42315)
    1185 (-10.7492, -11.9445) -> 387 (-10.274, -11.5473)
    1186 (16.6992, -3.76835) -> 322 (15.8215, -3.9115)
    1187 (-12.437, 1.60745) -> 1097 (-12.4501, 1.47429)
    1188 (21.8162, -2.78906) -> 935 (22.0946, -2.94371)
    1189 (20.3026, -7.30305) -> 253 (20.0753, -7.46532)
    1190 (1.20134, -1.00115) -> 306 (0.951658, -0.800574)
    1191 (-9.73935, 18.7833) -> 426 (-10.6935, 19.1547)
    1192 (-0.947767, 5.65513) -> 873 (-1.28408, 5.22153)
    1193 (6.00534, 7.25451) -> 541 (6.09887, 7.73481)
    1194 (19.5759, 15.6136) -> 1176 (19.71, 14.994)
    1195 (7.77362, -10.8755) -> 644 (7.06035, -10.2538)
    1196 (15.4595, 23.65) -> 195 (15.1689, 24.3612)
    1197 (23.4123, 8.84502) -> 765 (22.6569, 9.16911)
    1198 (-11.0929, -2.07113) -> 809 (-10.6723, -1.27426)
    1199 (3.7745, 0.91765) -> 233 (3.83825, 0.891434)
    1200 (-10.8158, -4.90173) -> 748 (-10.0624, -5.03305)
    1201 (13.2714, -0.318718) -> 393 (12.681, 0.301018)
    1202 (6.60433, -2.53208) -> 776 (6.35492, -2.12018)
    1203 (1.14946, 14.9085) -> 0 (1, 15)
    1204 (2.61631, 14.565) -> 877 (2.95758, 14.5074)
    1205 (-2.76349, 18.0646) -> 772 (-2.82249, 17.9249)
    1206 (21.0566, 8.1718) -> 104 (20.8197, 7.50229)
    1207 (19.7687, 8.82805) -> 778 (19.5445, 9.14243)
    1208 (-2.33221, -9.8646) -> 444 (-1.96104, -9.39416)
    1209 (1.5782, 20.5226) -> 1113 (1.56383, 21.0211)
    1210 (-4.97532, 4.30871) -> 559 (-5.76581, 4.23434)
    1211 (22.9284, -0.725781) -> 606 (22.914, -1.43367)
    1212 (-5.95289, -4.41566) -> 1026 (-5.42858, -4.87593)
    1213 (-8.22941, -9.37539) -> 564 (-7.82535, -10.0209)
    1214 (5.41528, 3.58951) -> 170 (5.46139, 3.25129)
    1215 (-5.53032, 19.5302) -> 20 (-5.15702, 19.7384)
    1216 (-0.636167, 24.3338) -> 1147 (0.32504, 24.2689)
    1217 (16.202, -2.43304) -> 724 (16.1673, -1.44487)
    1218 (-6.03928, -11.5785) -> 302 (-6.03768, -11.6131)
    1219 (17.1263, 5.24714) -> 370 (16.844, 5.20723)
    1220 (22.4728, 6.97167) -> 364 (22.2295, 6.14416)
    1221 (-0.22299, 18.7647) -> 110 (-0.32184, 18.9542)
    1222 (5.31763, 12.5619) -> 761 (6.307, 12.5727)
    1223 (-4.68975, 23.7904) -> 1022 (-4.33837, 23.4885)
    1224 (-6.26191, 2.36882) -> 1112 (-5.92239, 2.15444)
    1225 (15.6988, 6.07906) -> 868 (15.5824, 5.82489)
    1226 (-7.75628, -8.17368) -> 210 (-7.38974, -8.51157)
    1227 (-0.599608, 20.8286) -> 246 (-1.64133, 21.1619)
    1228 (-4.14742, -9.55657) -> 1158 (-3.96302, -9.05377)
    1229 (17.9771, -7.49434) -> 310 (18.7041, -7.37026)
    1230 (20.394, -5.86518) -> 287 (20.645, -5.78011)
    1231 (-1.07492, 18.9082) -> 110 (-0.32184, 18.9542)
    1232 (23.5888, 4.7583) -> 459 (23.4744, 5.33004)
    1233 (-0.833488, 20.3438) -> 1227 (-0.599608, 20.8286)
    1234 (17.4386, -9.33724) -> 570 (17.611, -10.2202)
    1235 (23.8962, 14.1619) -> 665 (23.7968, 14.4574)
    1236 (-0.302348, 8.8927) -> 408 (0.0363662, 8.57466)
    1237 (15.6248, 6.06172) -> 1225 (15.6988, 6.07906)
    1238 (18.4673, 19.5268) -> 94 (18.1756, 19.7326)
    1239 (-7.60706, 24.3714) -> 854 (-7.69189, 23.7989)
    1240 (-4.6496, 14.0101) -> 769 (-5.2245, 14.7066)
    1241 (14.1081, 10.635) -> 1169 (14.0016, 10.4512)
    1242 (16.6909, -10.3297) -> 1020 (17.0975, -10.4281)
    1243 (-9.92298, 7.71823) -> 116 (-10.5004, 7.65549)
    1244 (-2.81547, 9.97298) -> 1173 (-2.41841, 9.88507)
    1245 (-8.30356, 24.5502) -> 1178 (-8.85671, 24.7384)
    1246 (6.53126, 19.3937) -> 1119 (6.74416, 19.9498)
    1247 (-10.0135, 5.74705) -> 107 (-9.99619, 5.72008)
    1248 (10.5208, -5.97202) -> 235 (10.7065, -6.43212)
    1249 (23.339, -11.8073) -> 922 (23.7661, -11.4159)
    1250 (-9.52235, -0.722934) -> 193 (-9.34044, -1.63531)
    1251 (9.88214, -12.1499) -> 1106 (9.70997, -11.7775)
    1252 (6.56459, 7.90288) -> 535 (6.53495, 8.07897)
    1253 (4.15574, -1.71484) -> 1031 (4.25096, -0.929094)
    1254 (15.1518, 1.65774) -> 981 (15.6284, 1.06883)
    1255 (21.6792, 1.32108) -> 92 (21.9879, 1.11412)
    1256 (6.82893, -2.77969) -> 1202 (6.60433, -2.53208)
    1257 (1.30943, -4.91468) -> 638 (1.44123, -4.62793)
    1258 (-4.52886, -9.80937) -> 1228 (-4.14742, -9.55657)
    1259 (3.67466, 4.61273) -> 533 (3.70192, 4.41456)
    1260 (12.6389, 15.6046) -> 1153 (13.052, 15.4586)
    1261 (-2.82708, -8.3279) -> 832 (-3.39574, -8.22077)
    1262 (6.76857, 20.311) -> 1119 (6.74416, 19.9498)
    1263 (-4.0085, 24.4071) -> 512 (-3.62847, 24.3066)
    1264 (6.87692, -1.61704) -> 57 (7.01106, -1.7779)
    1265 (-5.74019, 9.44485) -> 98 (-5.54643, 9.35059)
    1266 (-11.5765, -0.834881) -> 939 (-11.888, -1.06242)
    1267 (-3.61353, 2.40632) -> 60 (-4.24102, 2.36684)
    1268 (15.7422, 21.5926) -> 351 (15.9135, 22.0709)
    1269 (11.7215, -0.592667) -> 72 (11.9056, -0.522319)
    1270 (7.99177, -6.85935) -> 876 (7.95683, -6.57694)
    1271 (-7.78652, -5.12938) -> 180 (-7.67794, -4.72661)
    1272 (7.11716, 17.0828) -> 799 (7.65798, 17.2541)
    1273 (17.3521, -8.71032) -> 499 (17.0375, -8.30414)
    1274 (0.135543, -1.30577) -> 816 (0.525784, -1.4842)
    1275 (11.5264, -11.6496) -> 726 (11.6915, -12.1998)
    1276 (-9.93918, 5.79481) -> 1247 (-10.0135, 5.74705)
    1277 (-8.74757, -7.2763) -> 279 (-9.07987, -7.60406)
    1278 (22.7363, -3.45238) -> 935 (22.0946, -2.94371)
    1279 (17.7098, -8.04864) -> 674 (17.2201, -8.16235)
    1280 (17.5349, 6.74687) -> 1041 (17.3136, 6.47772)
    1281 (6.45027, -2.40133) -> 1202 (6.60433, -2.53208)
    1282 (-11.9188, 7.92517) -> 465 (-12.2869, 8.74767)
    1283 (-6.37286, -3.87983) -> 1212 (-5.95289, -4.41566)
    1284 (9.35574, -0.366473) -> 368 (9.72475, -0.162727)
    1285 (-2.03575, -2.93144) -> 391 (-2.16931, -3.31718)
    1286 (-10.0646, -3.22275) -> 846 (-10.5999, -3.77012)
    1287 (13.8312, -9.8871) -> 1083 (13.8885, -9.86322)
    1288 (19.1948, 14.9997) -> 1176 (19.71, 14.994)
    1289 (-7.13065, -6.6844) -> 276 (-7.38643, -6.59431)
    1290 (-12.3697, 20.1247) -> 192 (-12.3104, 20.5214)
    1291 (-6.13842, 10.5028) -> 405 (-7.10536, 10.2286)
    1292 (5.25888, -11.9243) -> 677 (5.28226, -12.1991)
    1293 (19.5471, 3.58744) -> 298 (19.3845, 3.16714)
    1294 (7.55495, -0.947496) -> 29 (7.38316, -0.343759)
    1295 (-0.301132, 19.6132) -> 604 (0.299528, 19.6169)
    1296 (-0.645829, 21.9156) -> 613 (0.0166474, 22.3511)
    1297 (21.1434, -11.0378) -> 1117 (21.478, -11.2117)
    1298 (9.52996, -11.5581) -> 905 (9.59151, -11.3288)
    1299 (6.50933, -9.5441) -> 439 (6.57357, -9.89471)
    1300 (1.51915, 19.8108) -> 659 (1.48403, 19.5801)
    1301 (21.7653, 14.9593) -> 838 (22.2984, 15.1039)
    1302 (-12.3841, -8.18176) -> 732 (-12.333, -8.86646)
    1303 (16.6915, 15.9778) -> 219 (16.7578, 15.826)
    1304 (6.24375, -1.57517) -> 776 (6.35492, -2.12018)
    1305 (2.82051, 4.60497) -> 937 (2.95729, 4.32568)
    1306 (10.2597, 5.45691) -> 882 (10.3303, 5.91455)
    1307 (3.72684, 14.5029) -> 514 (3.62953, 14.03)
    1308 (11.738, -2.74744) -> 989 (11.3742, -2.42071)
    1309 (20.1421, 6.34472) -> 206 (20.3406, 6.32841)
    1310 (12.8601, -0.479977) -> 1201 (13.2714, -0.318718)
    1311 (6.99731, -11.519) -> 667 (6.41012, -11.4217)
    1312 (16.6976, -6.84831) -> 183 (16.6189, -7.00943)
    1313 (2.95084, -3.07981) -> 296 (2.65522, -2.78123)
    1314 (-4.16247, 12.4928) -> 904 (-3.80641, 12.6606)
    1315 (-4.51751, 5.20206) -> 925 (-4.62466, 5.94882)
    1316 (-2.01266, 2.48221) -> 609 (-1.67885, 2.25344)
    1317 (-11.7593, 5.89859) -> 464 (-11.7946, 5.6204)
    1318 (23.7332, -11.4942) -> 922 (23.7661, -11.4159)
    1319 (21.3908, -11.6946) -> 1117 (21.478, -11.2117)
    1320 (15.7241, 4.02127) -> 328 (15.707, 4.26577)
    1321 (-1.43063, -6.73592) -> 249 (-1.85423, -7.08022)
    1322 (12.7156, 3.31753) -> 313 (13.089, 3.53245)
    1323 (-12.4232, 18.6279) -> 1290 (-12.3697, 20.1247)
    1324 (-12.487, -6.81068) -> 1302 (-12.3841, -8.18176)
    1325 (4.37559, -5.91083) -> 230 (4.44407, -5.52866)
    1326 (0.137381, -1.74952) -> 1274 (0.135543, -1.30577)
    1327 (-7.05396, 16.7728) -> 508 (-7.33862, 17.3854)
    1328 (12.7467, 1.46379) -> 445 (12.6392, 1.70472)
    1329 (21.6765, 14.99) -> 1301 (21.7653, 14.9593)
    1330 (1.02051, -1.64464) -> 816 (0.525784, -1.4842)
    1331 (-8.85305, 21.5775) -> 41 (-8.36917, 22.0691)
    1332 (-2.90354, 15.4832) -> 185 (-2.45585, 15.4809)
    1333 (-8.73081, -3.07122) -> 823 (-9.00133, -3.44794)
    1334 (-6.49226, 7.24672) -> 646 (-7.24268, 6.40375)
    1335 (-8.353, 3.13671) -> 401 (-7.95704, 2.99653)
    1336 (-2.8869, -6.82205) -> 845 (-3.18594, -7.15875)
    1337 (21.5138, -2.2029) -> 1188 (21.8162, -2.78906)
    1338 (-12.0597, 6.63188) -> 461 (-12.1372, 6.77759)
    1339 (-3.27692, 13.6367) -> 611 (-2.4719, 13.6057)
    1340 (-11.0597, -10.008) -> 432 (-10.5779, -10.4016)
    1341 (3.12163, -6.15066) -> 1121 (3.95009, -6.15339)
    1342 (17.3522, -8.48793) -> 1273 (17.3521, -8.71032)
    1343 (-11.6668, 10.0628) -> 128 (-11.3028, 9.90285)
    1344 (22.4123, -8.18774) -> 637 (22.6036, -8.78853)
    1345 (12.4533, 1.1287) -> 1328 (12.7467, 1.46379)
    1346 (-4.23314, 22.4047) -> 747 (-4.03687, 22.1679)
    1347 (3.80454, 2.40606) -> 164 (4.49952, 3.10184)
    1348 (17.9323, -3.41645) -> 186 (18.3948, -3.55613)
    1349 (-2.46467, 3.59492) -> 689 (-1.62026, 3.87581)
    1350 (2.17849, 2.93798) -> 142 (2.54348, 2.6848)
    1351 (20.9033, 15.112) -> 1329 (21.6765, 14.99)
    1352 (8.27769, -8.63026) -> 608 (8.24709, -8.77331)
    1353 (10.9647, 18.1748) -> 528 (10.3787, 18.3687)
    1354 (5.99869, -3.32337) -> 91 (5.83256, -3.4641)
    1355 (16.5622, -1.83285) -> 724 (16.1673, -1.44487)
    1356 (-3.8121, -2.61397) -> 466 (-3.43421, -2.38479)
    1357 (-4.90385, 23.2812) -> 1223 (-4.68975, 23.7904)
    1358 (23.2489, 22.9694) -> 632 (24.005, 22.6657)
    1359 (-0.528925, -4.84368) -> 177 (-0.723119, -4.61711)
    1360 (-3.20089, 21.8705) -> 628 (-3.14147, 21.6525)
    1361 (0.323693, 16.2592) -> 1089 (1.15816, 16.2463)
    1362 (5.33576, -6.59314) -> 400 (5.13157, -5.98955)
    1363 (-9.63028, -8.67995) -> 988 (-10.2923, -9.07578)
    1364 (17.0298, 10.5556) -> 699 (17.0459, 11.4947)
    1365 (-8.91885, 21.5882) -> 1331 (-8.85305, 21.5775)
    1366 (-6.69306, 14.4699) -> 1120 (-6.83162, 14.2778)
    1367 (6.78247, 8.06675) -> 535 (6.53495, 8.07897)
    1368 (5.41481, 13.3914) -> 1222 (5.31763, 12.5619)
    1369 (17.2947, 3.18799) -> 275 (17.0946, 3.86019)
    1370 (-5.35522, -6.34203) -> 1123 (-5.29818, -6.16622)
    1371 (15.4951, 20.4129) -> 763 (14.5026, 20.5068)
    1372 (23.0157, -1.58035) -> 606 (22.914, -1.43367)
    1373 (12.1937, -3.28717) -> 1308 (11.738, -2.74744)
    1374 (-10.4647, 14.2464) -> 375 (-10.314, 15.0827)
    1375 (-11.8004, 17.4972) -> 472 (-11.821, 16.5577)
    1376 (-6.5573, 21.8933) -> 303 (-6.60444, 21.5769)
    1377 (23.7285, 4.0285) -> 1232 (23.5888, 4.7583)
    1378 (-9.5154, -4.32436) -> 553 (-9.32919, -4.65909)
    1379 (-9.88629, 4.19592) -> 640 (-10.131, 4.31365)
    1380 (-9.062, -4.7665) -> 476 (-8.97004, -4.94636)
    1381 (0.979867, -10.0185) -> 82 (0.116377, -10.2851)
    1382 (5.49967, 7.34262) -> 1193 (6.00534, 7.25451)
    1383 (3.88939, 3.13076) -> 500 (4.00341, 3.63827)
    1384 (2.24223, 13.6346) -> 752 (1.98851, 13.8559)
    1385 (18.9902, -1.74307) -> 750 (19.4133, -1.64171)
    1386 (4.43469, 1.43355) -> 443 (4.60732, 1.51413)
    1387 (7.57258, 9.59362) -> 886 (7.22478, 9.08182)
    1388 (11.2911, -4.73803) -> 388 (11.2231, -5.94555)
    1389 (21.3357, 3.96969) -> 869 (21.2887, 4.48804)
    1390 (15.7933, 20.8397) -> 1371 (15.4951, 20.4129)
    1391 (1.84975, 15.886) -> 423 (1.70288, 16.0296)
    1392 (17.3914, -8.10455) -> 674 (17.2201, -8.16235)
    1393 (-11.6166, 9.05933) -> 1067 (-11.4951, 8.81533)
    1394 (12.6847, -0.873058) -> 1142 (12.5308, -1.25748)
    1395 (21.0872, 18.9814) -> 399 (21.581, 18.6757)
    1396 (2.75886, 12.4869) -> 3 (2.63115, 12.6967)
    1397 (-1.915, -5.5651) -> 134 (-1.78894, -5.44487)
    1398 (19.2752, -12.1029) -> 694 (19.9698, -11.9149)
    1399 (18.3684, 18.44) -> 389 (18.7799, 18.5015)
    1400 (5.44816, 12.9515) -> 1222 (5.31763, 12.5619)
    1401 (14.4128, -10.5391) -> 1170 (14.0353, -10.8091)
    1402 (13.1511, -2.52881) -> 527 (13.6284, -3.04113)
    1403 (22.2602, -11.2717) -> 264 (22.7853, -11.3949)
    1404 (10.0285, 19.4982) -> 1060 (10.5467, 19.5752)
    1405 (-6.8304, -1.52208) -> 327 (-6.64643, -2.01442)
    1406 (24.7153, -4.80466) -> 938 (24.8576, -5.50272)
    1407 (16.8242, -3.21685) -> 1186 (16.6992, -3.76835)
    1408 (17.2141, 0.136378) -> 379 (17.0429, -0.151554)
    1409 (3.4284, -8.57378) -> 374 (3.06804, -9.08806)
    1410 (0.0772681, 14.4504) -> 295 (0.162604, 14.5354)
    1411 (4.66158, 23.209) -> 719 (4.75803, 23.1401)
    1412 (21.4985, 1.69808) -> 1255 (21.6792, 1.32108)
    1413 (3.75832, -4.66991) -> 859 (3.35069, -4.23918)
    1414 (4.34128, -7.67329) -> 1052 (4.53115, -7.18943)
    1415 (13.8839, 21.4858) -> 67 (14.6501, 21.4129)
    1416 (14.8038, 15.1998) -> 166 (13.6555, 14.8779)
    1417 (20.5066, 17.3085) -> 998 (20.4133, 17.3935)
    1418 (3.24809, -9.92183) -> 374 (3.06804, -9.08806)
    1419 (20.6315, 2.76545) -> 580 (21.6565, 3.19438)
    1420 (-0.268448, 23.278) -> 596 (0.679998, 23.2661)
    1421 (-9.31239, 6.7427) -> 509 (-9.06505, 6.51902)
    1422 (-5.57356, -11.5378) -> 1218 (-6.03928, -11.5785)
    1423 (22.0889, 24.266) -> 800 (21.7251, 23.8079)
    1424 (-2.46823, 21.6109) -> 234 (-2.87001, 21.8908)
    1425 (1.95229, 20.3562) -> 1209 (1.5782, 20.5226)
    1426 (13.6487, -4.93798) -> 496 (13.8002, -4.77719)
    1427 (-7.19345, -4.75954) -> 180 (-7.67794, -4.72661)
    1428 (6.63522, 4.34123) -> 103 (6.8701, 4.86323)
    1429 (-6.75333, -1.78393) -> 327 (-6.64643, -2.01442)
    1430 (12.3342, 16.5932) -> 1260 (12.6389, 15.6046)
    1431 (-8.9209, 22.2566) -> 41 (-8.36917, 22.0691)
    1432 (6.52424, -0.343573) -> 851 (6.15528, -0.770672)
    1433 (13.5786, 21.9863) -> 1415 (13.8839, 21.4858)
    1434 (20.5371, -7.41024) -> 1189 (20.3026, -7.30305)
    1435 (23.7152, -12.4375) -> 1249 (23.339, -11.8073)
    1436 (-12.0783, 12.6801) -> 132 (-11.9853, 11.7828)
    1437 (-11.0697, 23.5711) -> 435 (-11.4756, 23.1268)
    1438 (-7.67959, 3.89757) -> 331 (-8.32607, 3.84211)
    1439 (7.40365, 19.7573) -> 1119 (6.74416, 19.9498)
    1440 (8.63615, 16.1481) -> 710 (8.19844, 17.1373)
    1441 (-12.213, 10.4702) -> 1343 (-11.6668, 10.0628)
    1442 (-9.68709, -3.34027) -> 1286 (-10.0646, -3.22275)
    1443 (6.0158, 18.953) -> 33 (5.667, 18.3714)
    1444 (-7.90587, -4.60281) -> 180 (-7.67794, -4.72661)
    1445 (4.27558, 2.35659) -> 1347 (3.80454, 2.40606)
    1446 (24.3174, 10.4209) -> 223 (23.7988, 9.92198)
    1447 (20.143, 10.5644) -> 1057 (20.8542, 11.1356)
    1448 (0.114455, 12.3492) -> 8 (0.674868, 12.2809)
    1449 (-1.17503, 6.30785) -> 1192 (-0.947767, 5.65513)
    1450 (-2.89356, -3.43424) -> 391 (-2.16931, -3.31718)
    1451 (23.7416, -3.72059) -> 1278 (22.7363, -3.45238)
    1452 (9.51152, 18.9153) -> 1132 (9.2179, 18.9385)
    1453 (6.61691, 12.3213) -> 761 (6.307, 12.5727)
    1454 (-11.5344, 21.9309) -> 1007 (-11.6561, 20.968)
    1455 (3.00327, 12.0139) -> 1396 (2.75886, 12.4869)
    1456 (-5.4798, 13.5547) -> 654 (-5.57917, 13.1622)
    1457 (-1.42711, 23.0693) -> 976 (-1.30511, 23.1692)
    1458 (10.5679, -4.77362) -> 1388 (11.2911, -4.73803)
    1459 (10.2006, 4.22521) -> 627 (9.87908, 4.26409)
    1460 (-7.65775, 1.99943) -> 1138 (-7.87457, 2.42948)
    1461 (20.5159, 14.5786) -> 824 (20.6647, 14.0814)
    1462 (0.576642, -1.41541) -> 816 (0.525784, -1.4842)
    1463 (5.95487, 14.7619) -> 801 (5.86278, 14.7211)
    1464 (22.3163, -11.1705) -> 1403 (22.2602, -11.2717)
    1465 (-7.61787, 2.07538) -> 1460 (-7.65775, 1.99943)
    1466 (7.20389, 5.44699) -> 825 (7.37031, 5.0819)
    1467 (-7.99448, -7.35832) -> 190 (-8.16271, -6.66697)
    1468 (5.90494, 0.181204) -> 1432 (6.52424, -0.343573)
    1469 (4.18274, 5.14158) -> 862 (4.03444, 5.15271)
    1470 (11.7841, -0.0199137) -> 37 (11.3396, -0.0728614)
    1471 (16.3903, 11.6804) -> 957 (16.7905, 11.498)
    1472 (4.90966, 0.765991) -> 544 (4.84404, 0.492266)
    1473 (19.5824, 10.0521) -> 1447 (20.143, 10.5644)
    1474 (18.9279, 0.28723) -> 633 (18.6913, -0.311228)
    1475 (10.4049, 5.04656) -> 43 (10.6872, 5.1433)
    1476 (-7.22752, -10.2692) -> 899 (-6.63792, -10.2866)
    1477 (4.97254, 4.32475) -> 1157 (5.02496, 4.86661)
    1478 (-11.409, 22.6119) -> 435 (-11.4756, 23.1268)
    1479 (21.4784, 4.12869) -> 1389 (21.3357, 3.96969)
    1480 (20.017, -7.0695) -> 773 (20.1468, -7.04915)
    1481 (2.73096, 21.5491) -> 739 (2.60971, 21.4774)
    1482 (-2.69227, 21.2309) -> 203 (-2.77986, 21.0906)
    1483 (-1.61324, -10.016) -> 444 (-1.96104, -9.39416)
    1484 (-9.84376, 9.02332) -> 124 (-10.5359, 8.05574)
    1485 (4.84066, -9.84279) -> 1129 (4.40099, -9.15317)
    1486 (6.84736, 5.34165) -> 1466 (7.20389, 5.44699)
    1487 (14.7503, 9.33532) -> 102 (14.932, 9.00253)
    1488 (-12.3791, 6.01171) -> 1317 (-11.7593, 5.89859)
    1489 (-3.55051, 20.2277) -> 203 (-2.77986, 21.0906)
    1490 (-4.40595, -10.2481) -> 263 (-4.38832, -10.4819)
    1491 (-4.67829, 8.73657) -> 229 (-4.79021, 8.62743)
    1492 (-11.5213, 20.4564) -> 720 (-11.9464, 20.3533)
    1493 (21.1794, 7.6283) -> 104 (20.8197, 7.50229)
    1494 (16.9281, 17.8811) -> 1136 (17.2859, 17.881)
    1495 (13.3266, 0.773032) -> 684 (13.7322, 0.616639)
    1496 (8.82016, 8.68685) -> 390 (8.69552, 9.53437)
    1497 (19.4176, -6.77314) -> 964 (19.5982, -6.9372)
    1498 (4.32295, -4.44225) -> 281 (4.52875, -4.6166)
    1499 (7.88116, 13.0215) -> 330 (7.61881, 12.5436)
    1500 (4.6201, -6.41101) -> 1325 (4.37559, -5.91083)
    1501 (11.2829, -5.96566) -> 388 (11.2231, -5.94555)
    1502 (-10.1535, -5.33825) -> 748 (-10.0624, -5.03305)
    1503 (-10.3028, 17.3256) -> 566 (-10.1701, 17.1521)
    1504 (-5.08084, -1.14603) -> 1013 (-4.69215, -1.43088)
    1505 (-7.41781, -7.42302) -> 1467 (-7.99448, -7.35832)
    1506 (-5.28856, -4.00794) -> 365 (-5.26324, -4.13327)
    1507 (-1.22987, 16.8838) -> 7 (-0.908591, 16.2858)
    1508 (4.93628, 2.24717) -> 1445 (4.27558, 2.35659)
    1509 (23.7586, -7.39495) -> 420 (24.0684, -7.67085)
    1510 (21.6796, 15.3518) -> 1329 (21.6765, 14.99)
    1511 (15.7304, -5.09406) -> 232 (15.5707, -5.51315)
    1512 (0.604174, 18.4824) -> 745 (0.805101, 18.8335)
    1513 (-1.04857, 4.84509) -> 873 (-1.28408, 5.22153)
    1514 (4.95963, -1.74646) -> 1253 (4.15574, -1.71484)
    1515 (-10.1126, -5.16167) -> 748 (-10.0624, -5.03305)
    1516 (11.4614, 16.614) -> 774 (11.0273, 17.2095)
    1517 (2.45087, 24.0092) -> 479 (2.46273, 23.7005)
    1518 (-0.356883, -6.58414) -> 90 (0.272124, -6.74157)
    1519 (-11.5359, -5.70019) -> 1200 (-10.8158, -4.90173)
    1520 (-4.06247, -11.6833) -> 1037 (-3.93013, -12.127)
    1521 (16.1044, 10.4165) -> 265 (15.6095, 10.5595)
    1522 (0.955715, -0.722278) -> 306 (0.951658, -0.800574)
    1523 (-7.93186, 1.79015) -> 1460 (-7.65775, 1.99943)
    1524 (1.20318, -9.87735) -> 1381 (0.979867, -10.0185)
    1525 (16.0175, 14.1044) -> 304 (16.4068, 14.0166)
    1526 (-9.33941, 12.6281) -> 744 (-9.08838, 12.7837)
    1527 (23.5207, 4.90596) -> 1232 (23.5888, 4.7583)
    1528 (19.9774, -6.03761) -> 530 (19.8548, -5.65472)
    1529 (-7.55258, -2.03165) -> 325 (-7.64744, -2.01857)
    1530 (-7.57576, 20.6663) -> 25 (-6.90988, 20.7014)
    1531 (4.14156, 13.8927) -> 514 (3.62953, 14.03)
    1532 (12.5308, 8.43102) -> 425 (12.7317, 8.61406)
    1533 (-0.845132, 6.50823) -> 1449 (-1.17503, 6.30785)
    1534 (-0.0557861, 4.22037) -> 1017 (0.634992, 4.04572)
    1535 (14.8114, 1.62051) -> 1254 (15.1518, 1.65774)
    1536 (16.5884, -2.25472) -> 1355 (16.5622, -1.83285)
    1537 (-7.57618, -5.76882) -> 433 (-7.49448, -5.99142)
    1538 (-5.24047, 15.8595) -> 1079 (-5.75225, 16.1508)
    1539 (15.6832, 9.23221) -> 102 (14.932, 9.00253)
    1540 (2.29059, 1.61741) -> 139 (2.16472, 0.720996)
    1541 (9.29068, -6.72184) -> 713 (10.26, -7.44088)
    1542 (15.5529, 13.7822) -> 1525 (16.0175, 14.1044)
    1543 (14.1263, -11.5229) -> 802 (14.6309, -11.175)
    1544 (15.2583, -1.50289) -> 1072 (15.8946, -1.48831)
    1545 (-6.21452, 4.18515) -> 588 (-6.07515, 4.48699)
    1546 (24.3419, 11.7316) -> 806 (24.2926, 11.2225)
    1547 (-1.47634, -8.50458) -> 80 (-0.694632, -8.45694)
    1548 (-6.55039, 9.92462) -> 405 (-7.10536, 10.2286)
    1549 (19.0369, -7.93883) -> 1091 (19.2365, -8.28569)
    1550 (19.0586, -5.6554) -> 530 (19.8548, -5.65472)
    1551 (-5.23154, 12.433) -> 350 (-4.83003, 12.6901)
    1552 (5.08247, 1.12529) -> 469 (5.19478, 0.953975)
    1553 (5.85093, 19.9702) -> 979 (5.3175, 19.9243)
    1554 (-9.28337, -6.93513) -> 1277 (-8.74757, -7.2763)
    1555 (-10.5528, 10.2831) -> 780 (-11.1515, 10.4087)
    1556 (6.53467, -7.34098) -> 323 (6.15496, -7.35048)
    1557 (-3.36489, -3.78046) -> 1450 (-2.89356, -3.43424)
    1558 (12.0854, 3.14576) -> 620 (12.5217, 2.74733)
    1559 (23.045, 4.02027) -> 1377 (23.7285, 4.0285)
    1560 (-9.40445, 4.34411) -> 1379 (-9.88629, 4.19592)
    1561 (23.2631, 4.01653) -> 1559 (23.045, 4.02027)
    1562 (24.0633, 11.5325) -> 1546 (24.3419, 11.7316)
    1563 (6.64313, -8.61374) -> 1092 (6.64398, -8.03419)
    1564 (-12.1285, -1.001) -> 939 (-11.888, -1.06242)
    1565 (-4.52331, -3.50975) -> 1172 (-4.57292, -3.10666)
    1566 (10.5484, -7.1872) -> 713 (10.26, -7.44088)
    1567 (6.51019, -1.96621) -> 776 (6.35492, -2.12018)
    1568 (15.1549, 4.36889) -> 977 (15.4653, 4.28192)
    1569 (22.9819, -3.35221) -> 1278 (22.7363, -3.45238)
    1570 (9.28204, 17.2995) -> 945 (9.73492, 17.5297)
    1571 (4.20379, -9.78681) -> 1485 (4.84066, -9.84279)
    1572 (15.0033, 0.143557) -> 74 (15.2264, 0.157967)
    1573 (-1.54601, 12.2302) -> 524 (-1.54784, 12.854)
    1574 (16.8214, 16.0725) -> 1303 (16.6915, 15.9778)
    1575 (12.9874, -7.64114) -> 106 (12.154, -7.53045)
    1576 (-4.34416, -4.86916) -> 681 (-4.36122, -4.57268)
    1577 (8.31135, -12.2876) -> 714 (8.78161, -11.7589)
    1578 (11.5969, 23.7485) -> 919 (11.6333, 23.3398)
    1579 (5.17024, 1.07097) -> 1552 (5.08247, 1.12529)
    1580 (-3.91626, -4.59278) -> 681 (-4.36122, -4.57268)
    1581 (14.168, 21.4071) -> 1415 (13.8839, 21.4858)
    1582 (24.5699, 4.49835) -> 376 (24.5495, 4.05701)
    1583 (3.43905, 10.158) -> 320 (4.09681, 10.512)
    1584 (-0.866558, 17.5548) -> 255 (-0.805742, 17.4777)
    1585 (0.332889, 18.8444) -> 1512 (0.604174, 18.4824)
    1586 (5.40058, 11.7217) -> 1222 (5.31763, 12.5619)
    1587 (-5.23975, 0.521083) -> 1181 (-4.79647, 0.590565)
    1588 (11.1169, 3.37919) -> 145 (10.3499, 3.90451)
    1589 (20.7783, -6.65345) -> 773 (20.1468, -7.04915)
    1590 (14.322, 22.5174) -> 965 (14.223, 23.0289)
    1591 (16.4099, 7.83678) -> 1111 (16.6707, 8.16215)
    1592 (-8.09434, 23.2096) -> 700 (-8.09917, 23.0021)
    1593 (-3.36953, 16.2323) -> 934 (-3.66596, 16.7304)
    1594 (5.03986, 5.19197) -> 697 (4.99503, 5.28364)
    1595 (19.52, 22.5322) -> 431 (19.4894, 22.5631)
    1596 (1.96312, -1.15906) -> 1190 (1.20134, -1.00115)
    1597 (20.7921, 13.0347) -> 537 (21.1031, 12.7584)
    1598 (5.46995, 5.41307) -> 885 (5.34389, 5.15053)
    1599 (20.0867, 10.5929) -> 1447 (20.143, 10.5644)
    1600 (3.05091, -5.62566) -> 1341 (3.12163, -6.15066)
    1601 (22.1092, 11.2748) -> 623 (22.6853, 11.5313)
    1602 (14.6718, 16.712) -> 504 (14.4484, 17.3436)
    1603 (11.9518, -11.6551) -> 1275 (11.5264, -11.6496)
    1604 (-4.98277, 20.7927) -> 954 (-4.87646, 20.7732)
    1605 (-1.61487, 22.4504) -> 1039 (-2.01875, 22.7139)
    1606 (-3.62041, 10.9989) -> 1148 (-3.24265, 10.4086)
    1607 (2.31695, 6.08716) -> 733 (2.69217, 6.61296)
    1608 (24.0703, 11.8107) -> 1562 (24.0633, 11.5325)
    1609 (18.1465, 10.168) -> 1364 (17.0298, 10.5556)
    1610 (-4.87818, -5.24091) -> 1576 (-4.34416, -4.86916)
    1611 (10.3012, -11.1777) -> 834 (10.3762, -11.0714)
    1612 (5.35393, 4.49684) -> 661 (5.17159, 4.87136)
    1613 (-3.28139, -7.19341) -> 845 (-3.18594, -7.15875)
    1614 (-3.62786, 20.1413) -> 1489 (-3.55051, 20.2277)
    1615 (-12.4978, 20.7298) -> 192 (-12.3104, 20.5214)
    1616 (8.37453, -8.73984) -> 608 (8.24709, -8.77331)
    1617 (-4.71577, 9.27002) -> 1491 (-4.67829, 8.73657)
    1618 (6.92452, 4.18857) -> 1428 (6.63522, 4.34123)
    1619 (-8.34964, -1.47511) -> 373 (-8.43194, -1.2139)
    1620 (4.85657, 4.52427) -> 1477 (4.97254, 4.32475)
    1621 (24.5703, -1.39989) -> 502 (24.345, -2.12697)
    1622 (12.5891, 8.81106) -> 425 (12.7317, 8.61406)
    1623 (-12.0265, -7.02305) -> 1324 (-12.487, -6.81068)
    1624 (-10.0332, 16.7617) -> 826 (-9.73351, 16.8476)
    1625 (10.331, 16.9795) -> 415 (10.6676, 17.611)
    1626 (-6.17474, -2.82448) -> 740 (-6.18095, -2.90121)
    1627 (18.9089, 9.23426) -> 778 (19.5445, 9.14243)
    1628 (12.6113, 18.709) -> 723 (12.8248, 19.7087)
    1629 (22.6888, 24.3905) -> 1423 (22.0889, 24.266)
    1630 (3.06732, 4.04722) -> 937 (2.95729, 4.32568)
    1631 (-9.91636, 1.67115) -> 971 (-10.0793, 0.130101)
    1632 (3.42174, 13.1312) -> 670 (3.34974, 12.7992)
    1633 (12.6866, 2.2362) -> 760 (12.7509, 1.94698)
    1634 (19.2491, 9.38694) -> 1627 (18.9089, 9.23426)
    1635 (-1.1181, 23.6836) -> 976 (-1.30511, 23.1692)
    1636 (3.68789, -4.31195) -> 859 (3.35069, -4.23918)
    1637 (13.772, -2.98496) -> 527 (13.6284, -3.04113)
    1638 (-5.50633, 22.3627) -> 87 (-5.64345, 22.2494)
    1639 (5.43337, 7.28509) -> 1382 (5.49967, 7.34262)
    1640 (17.1803, 22.4154) -> 652 (16.6147, 22.3597)
    1641 (-2.51402, -5.66976) -> 592 (-2.59816, -5.57263)
    1642 (-10.7215, -11.8568) -> 1185 (-10.7492, -11.9445)
    1643 (4.71303, 13.0073) -> 1400 (5.44816, 12.9515)
    1644 (-6.18189, -5.5003) -> 224 (-5.74983, -5.57585)
    1645 (-7.7615, -10.1404) -> 564 (-7.82535, -10.0209)
    1646 (-9.54357, -0.475442) -> 1250 (-9.52235, -0.722934)
    1647 (10.0408, -12.3974) -> 1251 (9.88214, -12.1499)
    1648 (-8.50079, 24.254) -> 1245 (-8.30356, 24.5502)
    1649 (0.51094, 13.6315) -> 208 (1.20246, 13.1596)
    1650 (4.25691, 9.14238) -> 231 (3.65115, 8.86531)
    1651 (-6.28835, -9.45693) -> 899 (-6.63792, -10.2866)
    1652 (7.09128, -11.8681) -> 1311 (6.99731, -11.519)
    1653 (10.2145, -6.50223) -> 235 (10.7065, -6.43212)
    1654 (24.0746, 24.9631) -> 1629 (22.6888, 24.3905)
    1655 (-12.4318, 14.8354) -> 629 (-11.9935, 15.6937)
    1656 (0.164007, 21.6592) -> 781 (0.302596, 22.2703)
    1657 (-10.2997, 17.6359) -> 1503 (-10.3028, 17.3256)
    1658 (-10.4993, -4.03404) -> 846 (-10.5999, -3.77012)
    1659 (-4.22055, -4.99427) -> 1576 (-4.34416, -4.86916)
    1660 (0.0797114, 7.19824) -> 707 (0.658321, 7.23089)
    1661 (18.2319, 12.4293) -> 1090 (17.9808, 13.0085)
    1662 (-3.82508, 24.7533) -> 649 (-3.78315, 24.9248)
    1663 (4.99466, -2.8623) -> 997 (5.31665, -3.45793)
    1664 (-5.39, 9.90801) -> 817 (-4.99454, 10.216)
    1665 (10.1866, 2.49495) -> 28 (10.1926, 3.20544)
    1666 (2.51654, 6.41701) -> 733 (2.69217, 6.61296)
    1667 (1.61783, -10.52) -> 1524 (1.20318, -9.87735)
    1668 (6.81388, 22.9837) -> 451 (6.74238, 22.5818)
    1669 (-1.92268, 9.33598) -> 1173 (-2.41841, 9.88507)
    1670 (-9.72199, -0.615674) -> 1250 (-9.52235, -0.722934)
    1671 (9.02338, -10.7512) -> 905 (9.59151, -11.3288)
    1672 (1.19067, 3.05481) -> 550 (1.28807, 2.70488)
    1673 (-11.7012, -2.07189) -> 1198 (-11.0929, -2.07113)
    1674 (12.8503, -0.969196) -> 1394 (12.6847, -0.873058)
    1675 (-4.46178, 21.5266) -> 341 (-4.11144, 22.1185)
    1676 (-4.03347, 15.9823) -> 1593 (-3.36953, 16.2323)
    1677 (12.4763, 19.618) -> 723 (12.8248, 19.7087)
    1678 (21.7077, -10.5824) -> 1117 (21.478, -11.2117)
    1679 (3.55641, -4.26393) -> 1636 (3.68789, -4.31195)
    1680 (6.37746, 2.90236) -> 170 (5.46139, 3.25129)
    1681 (19.9022, -7.51465) -> 253 (20.0753, -7.46532)
    1682 (-8.95644, -7.31782) -> 1277 (-8.74757, -7.2763)
    1683 (12.0024, -9.16113) -> 1171 (11.4537, -9.72552)
    1684 (9.63328, 22.9816) -> 529 (9.87525, 23.1641)
    1685 (7.51407, 18.2264) -> 35 (7.65066, 18.6265)
    1686 (23.182, -4.10386) -> 1451 (23.7416, -3.72059)
    1687 (5.69761, 11.4007) -> 1586 (5.40058, 11.7217)
    1688 (4.94684, 4.21021) -> 1477 (4.97254, 4.32475)
    1689 (-4.45195, 1.99209) -> 47 (-4.56906, 1.95967)
    1690 (-4.56395, 5.44954) -> 1315 (-4.51751, 5.20206)
    1691 (18.032, 5.919) -> 888 (17.2792, 5.64615)
    1692 (-1.54596, 7.39976) -> 735 (-1.48115, 6.99868)
    1693 (-8.14257, 6.92603) -> 830 (-8.757, 7.09943)
    1694 (21.6514, 2.98492) -> 580 (21.6565, 3.19438)
    1695 (15.8694, 1.58271) -> 39 (16.2283, 1.67302)
    1696 (-10.0821, 7.3154) -> 1243 (-9.92298, 7.71823)
    1697 (13.123, -8.63294) -> 884 (13.7386, -9.3152)
    1698 (24.7855, 1.82402) -> 975 (24.6882, 1.53101)
    1699 (17.913, -6.60502) -> 734 (18.6437, -6.34374)
    1700 (5.22939, -8.50919) -> 455 (5.05553, -7.9825)
    1701 (23.4822, 1.71886) -> 903 (23.6268, 1.49179)
    1702 (21.0985, 21.2176) -> 948 (20.8782, 20.2897)
    1703 (4.08568, 18.5162) -> 631 (4.30585, 19.043)
    1704 (-3.39278, 10.4216) -> 1148 (-3.24265, 10.4086)
    1705 (19.587, -9.17748) -> 452 (19.5793, -9.48164)
    1706 (16.5305, -1.91563) -> 1355 (16.5622, -1.83285)
    1707 (4.4429, 18.6285) -> 1703 (4.08568, 18.5162)
    1708 (-2.32218, 17.6715) -> 6 (-1.89478, 17.7189)
    1709 (-9.21174, -3.93214) -> 1378 (-9.5154, -4.32436)
    1710 (-8.74139, 16.0156) -> 788 (-9.0779, 15.6747)
    1711 (15.4636, -6.26349) -> 685 (15.792, -6.26199)
    1712 (5.34005, 11.674) -> 1586 (5.40058, 11.7217)
    1713 (-10.5386, 22.1249) -> 1045 (-10.1094, 21.8079)
    1714 (-5.09879, 9.45696) -> 1617 (-4.71577, 9.27002)
    1715 (-4.88064, -10.4166) -> 263 (-4.38832, -10.4819)
    1716 (-11.7184, 19.9981) -> 720 (-11.9464, 20.3533)
    1717 (21.3851, -4.37205) -> 844 (21.1484, -4.01025)
    1718 (-9.49447, 14.2537) -> 1374 (-10.4647, 14.2464)
    1719 (-2.97043, 19.0149) -> 138 (-2.89656, 18.5314)
    1720 (-3.76387, 7.66905) -> 31 (-4.57396, 7.34088)
    1721 (-6.63507, -8.16431) -> 392 (-6.23804, -8.20036)
    1722 (-3.44145, 18.4274) -> 9 (-3.82359, 18.2477)
    1723 (2.62294, -0.761976) -> 453 (2.94367, -1.13537)
    1724 (-7.17753, -8.89224) -> 210 (-7.38974, -8.51157)
    1725 (7.94664, 9.77132) -> 1387 (7.57258, 9.59362)
    1726 (5.75012, 14.8991) -> 284 (5.66401, 14.8912)
    1727 (-0.483582, 23.1947) -> 1420 (-0.268448, 23.278)
    1728 (1.94368, 24.0292) -> 1517 (2.45087, 24.0092)
    1729 (3.33694, -11.7741) -> 191 (3.95552, -12.0058)
    1730 (-3.1635, 0.221325) -> 1116 (-3.49467, 0.848895)
    1731 (-8.3691, 2.19553) -> 1138 (-7.87457, 2.42948)
    1732 (-2.33292, -4.83724) -> 1094 (-2.66956, -4.96701)
    1733 (16.7134, 23.7019) -> 762 (16.3505, 23.2099)
    1734 (-2.61649, 4.44933) -> 1349 (-2.46467, 3.59492)
    1735 (11.0585, 9.74127) -> 593 (11.2794, 9.51471)
    1736 (13.0894, -5.95234) -> 127 (13.0858, -5.76076)
    1737 (14.4663, 16.4143) -> 1602 (14.6718, 16.712)
    1738 (9.90994, 2.95582) -> 28 (10.1926, 3.20544)
    1739 (17.6346, 10.6923) -> 1364 (17.0298, 10.5556)
    1740 (8.30595, 5.04854) -> 842 (8.03718, 5.10292)
    1741 (-5.22879, -6.60253) -> 1370 (-5.35522, -6.34203)
    1742 (2.15869, 0.319445) -> 169 (2.20123, 0.00690379)
    1743 (-5.75303, 5.59012) -> 901 (-5.46087, 5.8202)
    1744 (1.98923, 2.65462) -> 1350 (2.17849, 2.93798)
    1745 (23.9067, -0.0035774) -> 612 (23.8984, 0.645484)
    1746 (12.3777, -6.56398) -> 1736 (13.0894, -5.95234)
    1747 (8.36645, 19.2523) -> 1156 (8.1181, 19.2172)
    1748 (1.32785, -10.0745) -> 1524 (1.20318, -9.87735)
    1749 (-2.83748, -2.15108) -> 1144 (-3.03781, -1.71431)
    1750 (-9.85653, -1.67167) -> 1183 (-9.9036, -1.61183)
    1751 (-6.91512, -2.87455) -> 982 (-6.87156, -2.64584)
    1752 (-9.99801, -8.68863) -> 1363 (-9.63028, -8.67995)
    1753 (8.978, -11.386) -> 714 (8.78161, -11.7589)
    1754 (-1.81044, 24.0107) -> 395 (-1.90482, 24.0616)
    1755 (24.2974, 19.308) -> 239 (24.0861, 18.7191)
    1756 (-2.11988, -10.3523) -> 1208 (-2.33221, -9.8646)
    1757 (-12.2586, 7.25675) -> 461 (-12.1372, 6.77759)
    1758 (14.7777, 8.82863) -> 102 (14.932, 9.00253)
    1759 (1.8647, 22.7605) -> 561 (1.15974, 22.5739)
    1760 (13.7035, 7.85702) -> 83 (13.6235, 7.49)
    1761 (10.3351, 23.5476) -> 529 (9.87525, 23.1641)
    1762 (-9.40239, 13.8729) -> 1718 (-9.49447, 14.2537)
    1763 (16.1862, -2.37498) -> 1217 (16.202, -2.43304)
    1764 (18.9229, -8.40284) -> 1091 (19.2365, -8.28569)
    1765 (2.77927, -1.14302) -> 453 (2.94367, -1.13537)
    1766 (21.4225, -1.91812) -> 1337 (21.5138, -2.2029)
    1767 (-5.08737, 14.9965) -> 769 (-5.2245, 14.7066)
    1768 (7.21585, -9.96041) -> 644 (7.06035, -10.2538)
    1769 (14.0718, 17.3924) -> 504 (14.4484, 17.3436)
    1770 (-11.5247, 17.887) -> 1375 (-11.8004, 17.4972)
    1771 (2.79486, -0.146246) -> 169 (2.20123, 0.00690379)
    1772 (5.95134, 2.20945) -> 238 (6.14419, 1.43798)
    1773 (-1.13745, 6.40139) -> 1449 (-1.17503, 6.30785)
    1774 (16.2653, -9.9193) -> 1030 (15.9634, -10.1302)
    1775 (14.167, 4.85006) -> 1175 (14.2557, 5.3108)
    1776 (0.615251, -5.21786) -> 114 (0.180068, -5.09415)
    1777 (-10.4273, 14.2552) -> 1374 (-10.4647, 14.2464)
    1778 (1.62957, 3.91641) -> 153 (1.27904, 3.67198)
    1779 (-6.28775, -2.46667) -> 160 (-6.24446, -2.74346)
    1780 (21.1464, -3.14661) -> 412 (21.0045, -3.0978)
    1781 (-4.9769, 22.1696) -> 125 (-5.29716, 22.1501)
    1782 (0.703839, -2.63348) -> 172 (-0.0487813, -2.60987)
    1783 (16.9899, 12.5527) -> 852 (17.6614, 12.9503)
    1784 (4.37935, 1.83075) -> 443 (4.60732, 1.51413)
    1785 (18.8906, 23.9155) -> 759 (19.4038, 23.5017)
    1786 (-10.7344, -7.96843) -> 1752 (-9.99801, -8.68863)
    1787 (-9.293, 24.5182) -> 615 (-9.11276, 24.2439)
    1788 (24.7759, 21.1291) -> 994 (24.3729, 20.6675)
    1789 (4.28037, 20.4744) -> 173 (4.8077, 20.1774)
    1790 (13.3521, 17.7517) -> 105 (14.0082, 17.8441)
    1791 (-3.29126, 2.16153) -> 1267 (-3.61353, 2.40632)
    1792 (-8.54956, 12.3116) -> 294 (-8.8992, 12.4242)
    1793 (3.9285, 16.9482) -> 1115 (4.7045, 16.0302)
    1794 (18.4487, 13.2394) -> 916 (18.8528, 13.5665)
    1795 (-2.98642, 9.92025) -> 1244 (-2.81547, 9.97298)
    1796 (6.41901, 15.1449) -> 1463 (5.95487, 14.7619)
    1797 (22.2248, 15.5111) -> 838 (22.2984, 15.1039)
    1798 (0.247971, 9.06325) -> 355 (0.258729, 9.30524)
    1799 (-5.64429, 23.7862) -> 485 (-5.38482, 24.2326)
    1800 (2.0598, 16.0995) -> 1391 (1.84975, 15.886)
    1801 (20.8732, 24.3519) -> 1164 (20.8643, 24.8954)
    1802 (12.5951, -1.55035) -> 1142 (12.5308, -1.25748)
    1803 (-8.74604, 12.7468) -> 715 (-8.68774, 12.8776)
    1804 (24.2975, 10.0137) -> 1446 (24.3174, 10.4209)
    1805 (5.1261, 0.531269) -> 544 (4.84404, 0.492266)
    1806 (18.1616, -0.422042) -> 633 (18.6913, -0.311228)
    1807 (-11.6763, -2.61036) -> 1673 (-11.7012, -2.07189)
    1808 (1.81285, 19.7365) -> 1160 (1.94655, 19.8957)
    1809 (12.5234, 18.3967) -> 1628 (12.6113, 18.709)
    1810 (1.88402, 18.947) -> 516 (2.37704, 18.6724)
    1811 (8.30711, 15.3376) -> 481 (7.77527, 15.0325)
    1812 (14.8101, -11.7692) -> 168 (14.6806, -12.0832)
    1813 (14.1098, 11.8666) -> 840 (13.6158, 11.37)
    1814 (12.5414, -12.0029) -> 99 (12.7154, -11.7117)
    1815 (-8.08117, 7.74559) -> 1693 (-8.14257, 6.92603)
    1816 (9.1482, 19.6024) -> 910 (9.05558, 19.7502)
    1817 (2.83219, 10.6278) -> 1583 (3.43905, 10.158)
    1818 (-3.00703, 11.0182) -> 1606 (-3.62041, 10.9989)
    1819 (14.4853, -0.0875011) -> 1572 (15.0033, 0.143557)
    1820 (-1.13019, 8.73289) -> 558 (-1.30777, 8.6763)
    1821 (-0.765347, -10.7981) -> 129 (-1.133, -10.5481)
    1822 (-3.33458, -3.9136) -> 1557 (-3.36489, -3.78046)
    1823 (7.21136, 3.28462) -> 22 (7.40489, 2.85015)
    1824 (0.540641, 14.8593) -> 0 (1, 15)
    1825 (4.35664, -9.12547) -> 1129 (4.40099, -9.15317)
    1826 (5.89672, -5.62) -> 290 (6.13705, -6.29313)
    1827 (10.3464, 22.7324) -> 529 (9.87525, 23.1641)
    1828 (4.47246, -7.46748) -> 1414 (4.34128, -7.67329)
    1829 (-6.51206, 8.00469) -> 430 (-6.9751, 8.36157)
    1830 (2.92638, 2.74926) -> 142 (2.54348, 2.6848)
    1831 (6.79828, 9.77494) -> 428 (6.2229, 10.1838)
    1832 (13.7968, -3.91721) -> 1131 (14.0968, -3.24915)
    1833 (20.6171, 12.4304) -> 537 (21.1031, 12.7584)
    1834 (14.0231, 13.728) -> 166 (13.6555, 14.8779)
    1835 (3.78912, -1.21024) -> 1071 (4.19166, -0.873006)
    1836 (3.57251, 23.1437) -> 329 (2.65835, 23.2442)
    1837 (23.29, -10.4504) -> 222 (23.0658, -10.3401)
    1838 (6.36511, 11.888) -> 641 (6.23796, 11.4137)
    1839 (8.9039, 2.58065) -> 1027 (8.48874, 2.42368)
    1840 (-0.856032, 17.6714) -> 1584 (-0.866558, 17.5548)
    1841 (7.14192, 12.9034) -> 330 (7.61881, 12.5436)
    1842 (19.7049, 1.62926) -> 44 (20.0883, 1.73981)
    1843 (15.1814, 0.401637) -> 74 (15.2264, 0.157967)
    1844 (0.460877, 5.31586) -> 215 (1.09291, 4.34046)
    1845 (16.6577, 8.8277) -> 591 (16.7977, 8.28211)
    1846 (-11.4537, -6.06533) -> 1519 (-11.5359, -5.70019)
    1847 (3.5226, 0.164487) -> 1771 (2.79486, -0.146246)
    1848 (22.6504, -8.90822) -> 637 (22.6036, -8.78853)
    1849 (21.541, -5.67985) -> 1088 (22.361, -5.36956)
    1850 (22.8937, 19.3513) -> 736 (22.6188, 19.8429)
    1851 (24.9135, 7.52668) -> 1040 (24.5409, 7.76562)
    1852 (8.37847, -4.63872) -> 38 (8.76711, -4.05964)
    1853 (-5.87561, 15.6782) -> 819 (-5.93882, 16.1561)
    1854 (9.42339, -11.814) -> 1298 (9.52996, -11.5581)
    1855 (-6.29853, 9.18393) -> 1265 (-5.74019, 9.44485)
    1856 (-3.3592, 14.4296) -> 630 (-3.35011, 14.5874)
    1857 (21.7126, -0.344225) -> 969 (21.5159, -0.480118)
    1858 (-9.7364, 24.4214) -> 1787 (-9.293, 24.5182)
    1859 (23.927, 2.52668) -> 131 (23.3669, 2.56274)
    1860 (19.2792, 14.0195) -> 437 (19.3649, 14.208)
    1861 (-5.12005, -3.07268) -> 292 (-5.10985, -2.93083)
    1862 (14.518, 18.8123) -> 675 (14.2519, 19.3396)
    1863 (-2.66639, -1.57277) -> 1144 (-3.03781, -1.71431)
    1864 (19.2613, 9.51805) -> 1634 (19.2491, 9.38694)
    1865 (14.8787, 8.80725) -> 1758 (14.7777, 8.82863)
    1866 (18.7427, 9.94438) -> 1609 (18.1465, 10.168)
    1867 (11.2363, 9.88471) -> 1735 (11.0585, 9.74127)
    1868 (22.2972, -1.42489) -> 606 (22.914, -1.43367)
    1869 (23.8551, -0.169426) -> 1745 (23.9067, -0.0035774)
    1870 (9.25624, -2.60389) -> 536 (9.3156, -3.0576)
    1871 (-9.57067, 8.56454) -> 1484 (-9.84376, 9.02332)
    1872 (20.2264, 20.5122) -> 100 (20.0701, 20.3735)
    1873 (9.02979, -9.59814) -> 696 (9.3436, -9.71632)
    1874 (8.67318, 6.55178) -> 380 (8.50096, 5.77021)
    1875 (-2.11045, 20.8662) -> 348 (-2.42055, 20.58)
    1876 (2.5508, 18.9085) -> 516 (2.37704, 18.6724)
    1877 (3.38926, 24.1441) -> 857 (3.11359, 24.1039)
    1878 (7.92275, 11.1521) -> 13 (8.06818, 10.867)
    1879 (-12.0984, 23.142) -> 435 (-11.4756, 23.1268)
    1880 (-0.364976, 15.0614) -> 568 (-0.0695791, 15.3678)
    1881 (-7.10217, -5.64362) -> 1537 (-7.57618, -5.76882)
    1882 (15.6349, -12.0654) -> 727 (16.375, -12.4527)
    1883 (-10.938, 6.9568) -> 116 (-10.5004, 7.65549)
    1884 (24.4246, 7.76897) -> 1040 (24.5409, 7.76562)
    1885 (-11.3183, -10.1922) -> 1340 (-11.0597, -10.008)
    1886 (-6.65816, 8.00408) -> 1829 (-6.51206, 8.00469)
    1887 (-3.30821, -9.12597) -> 326 (-3.41494, -8.59721)
    1888 (-4.96795, 13.8215) -> 1240 (-4.6496, 14.0101)
    1889 (-12.0663, 17.6651) -> 1375 (-11.8004, 17.4972)
    1890 (12.1291, 21.5715) -> 357 (11.7205, 21.9717)
    1891 (18.9563, 0.733111) -> 1474 (18.9279, 0.28723)
    1892 (-6.25008, -9.12969) -> 1651 (-6.28835, -9.45693)
    1893 (-2.35323, 16.3895) -> 204 (-1.96958, 15.9993)
    1894 (-8.84404, -10.6949) -> 1099 (-9.11594, -10.4303)
    1895 (-3.06847, 8.22622) -> 19 (-3.71511, 8.54669)
    1896 (-2.76876, 4.15801) -> 1734 (-2.61649, 4.44933)
    1897 (21.1762, 21.3744) -> 1702 (21.0985, 21.2176)
    1898 (14.6541, 17.0583) -> 1602 (14.6718, 16.712)
    1899 (12.4163, 18.178) -> 1809 (12.5234, 18.3967)
    1900 (-1.39262, 18.8694) -> 1231 (-1.07492, 18.9082)
    1901 (4.17744, -6.99503) -> 1052 (4.53115, -7.18943)
    1902 (14.9474, 8.05895) -> 1068 (14.8508, 7.98743)
    1903 (-9.19592, 10.924) -> 911 (-9.23028, 10.6501)
    1904 (6.96666, -4.8392) -> 40 (6.92737, -4.84408)
    1905 (16.769, -5.96804) -> 783 (16.2383, -6.48047)
    1906 (-5.4895, 22.8013) -> 1638 (-5.50633, 22.3627)
    1907 (4.83239, 17.8507) -> 1707 (4.4429, 18.6285)
    1908 (-7.91304, 18.0403) -> 179 (-7.51234, 18.5497)
    1909 (-9.70246, 22.845) -> 932 (-10.5757, 22.892)
    1910 (-1.52078, -8.31331) -> 1547 (-1.47634, -8.50458)
    1911 (-10.3246, -10.4736) -> 432 (-10.5779, -10.4016)
    1912 (-9.85101, -2.74928) -> 305 (-9.75473, -2.35475)
    1913 (2.56423, 16.9937) -> 1800 (2.0598, 16.0995)
    1914 (1.99298, -11.8065) -> 402 (1.6641, -12.1369)
    1915 (1.82549, 12.1097) -> 542 (1.85665, 11.6439)
    1916 (18.4976, -4.91471) -> 1550 (19.0586, -5.6554)
    1917 (-10.9442, 19.0492) -> 426 (-10.6935, 19.1547)
    1918 (12.5592, -9.60086) -> 214 (12.2553, -10.2326)
    1919 (9.54097, 16.3279) -> 1440 (8.63615, 16.1481)
    1920 (22.5739, 20.409) -> 751 (22.878, 20.5144)
    1921 (-1.93189, 3.25228) -> 1349 (-2.46467, 3.59492)
    1922 (15.2576, 21.8319) -> 918 (15.2902, 21.9134)
    1923 (24.2762, 18.9344) -> 239 (24.0861, 18.7191)
    1924 (-1.08243, 21.7689) -> 1296 (-0.645829, 21.9156)
    1925 (1.05756, -5.63205) -> 1776 (0.615251, -5.21786)
    1926 (-8.20986, 5.55227) -> 52 (-8.02722, 6.07098)
    1927 (9.09563, 19.9905) -> 910 (9.05558, 19.7502)
    1928 (-1.99095, 14.8206) -> 54 (-1.76443, 14.4781)
    1929 (-11.5777, -11.5244) -> 403 (-11.7795, -11.1524)
    1930 (-2.66315, -10.403) -> 1756 (-2.11988, -10.3523)
    1931 (-8.20708, 19.6179) -> 672 (-7.70088, 19.0512)
    1932 (18.2396, -10.3004) -> 658 (18.0479, -10.4384)
    1933 (11.7076, -1.61657) -> 837 (11.8816, -1.48787)
    1934 (-1.19211, -7.42766) -> 708 (-1.28785, -7.41675)
    1935 (10.0363, -8.31512) -> 990 (10.4028, -8.15906)
    1936 (2.66371, 14.4555) -> 1204 (2.61631, 14.565)
    1937 (-1.74735, 18.4614) -> 1900 (-1.39262, 18.8694)
    1938 (10.0238, -11.7385) -> 202 (10.2037, -11.826)
    1939 (24.9462, -1.26148) -> 1621 (24.5703, -1.39989)
    1940 (19.5843, 3.43348) -> 1293 (19.5471, 3.58744)
    1941 (23.3425, 16.9195) -> 209 (23.293, 17.847)
    1942 (14.3599, 3.67921) -> 962 (13.7092, 3.10432)
    1943 (-1.51382, 14.3322) -> 54 (-1.76443, 14.4781)
    1944 (-1.7977, -6.76087) -> 249 (-1.85423, -7.08022)
    1945 (-12.142, -3.91531) -> 436 (-11.6985, -4.48798)
    1946 (-5.11252, 5.90953) -> 27 (-4.89586, 6.13715)
    1947 (0.297532, 1.62398) -> 484 (0.441116, 1.58659)
    1948 (18.7538, 20.2346) -> 1238 (18.4673, 19.5268)
    1949 (-4.12876, -10.3568) -> 263 (-4.38832, -10.4819)
    1950 (10.071, 22.5043) -> 1827 (10.3464, 22.7324)
    1951 (21.1123, 5.88727) -> 419 (21.3046, 6.16231)
    1952 (5.25092, 3.39576) -> 1214 (5.41528, 3.58951)
    1953 (24.0003, 18.5399) -> 239 (24.0861, 18.7191)
    1954 (4.11598, -4.88395) -> 1413 (3.75832, -4.66991)
    1955 (-9.87515, 2.75005) -> 1631 (-9.91636, 1.67115)
    1956 (-0.43207, 23.9204) -> 1216 (-0.636167, 24.3338)
    1957 (9.86718, 6.6682) -> 136 (9.66456, 6.86207)
    1958 (9.81814, -3.8829) -> 673 (9.40459, -4.09554)
    1959 (15.3872, 14.6512) -> 1416 (14.8038, 15.1998)
    1960 (2.63044, -4.7836) -> 859 (3.35069, -4.23918)
    1961 (11.8777, 8.67161) -> 518 (11.877, 8.3139)
    1962 (-5.02268, 18.8757) -> 286 (-4.67972, 19.2263)
    1963 (21.6966, 2.69126) -> 1694 (21.6514, 2.98492)
    1964 (-10.8094, -7.14893) -> 1786 (-10.7344, -7.96843)
    1965 (-1.54465, 19.4139) -> 1900 (-1.39262, 18.8694)
    1966 (-6.01676, 21.5516) -> 303 (-6.60444, 21.5769)
    1967 (-3.61412, 16.7742) -> 934 (-3.66596, 16.7304)
    1968 (13.1737, -1.71726) -> 1125 (13.6756, -2.03239)
    1969 (10.3562, -0.680726) -> 794 (10.5465, -0.576879)
    1970 (9.13582, 7.28597) -> 983 (9.47061, 7.57949)
    1971 (11.9344, -4.73347) -> 1388 (11.2911, -4.73803)
    1972 (14.7698, -10.6451) -> 1401 (14.4128, -10.5391)
    1973 (15.8332, 22.9136) -> 762 (16.3505, 23.2099)
    1974 (-1.0066, 17.8511) -> 1840 (-0.856032, 17.6714)
    1975 (-2.95462, 9.49725) -> 1795 (-2.98642, 9.92025)
    1976 (-6.27518, -6.60663) -> 347 (-6.24176, -6.5219)
    1977 (2.02726, 5.28006) -> 547 (1.93346, 5.5087)
    1978 (14.0364, 23.8163) -> 440 (14.5777, 23.8579)
    1979 (-0.823281, 6.03226) -> 1192 (-0.947767, 5.65513)
    1980 (23.4437, 23.0474) -> 1358 (23.2489, 22.9694)
    1981 (-3.52295, 7.37412) -> 1720 (-3.76387, 7.66905)
    1982 (-1.81214, -5.37982) -> 134 (-1.78894, -5.44487)
    1983 (9.96047, 6.71971) -> 1957 (9.86718, 6.6682)
    1984 (-3.36537, -5.47509) -> 1053 (-3.05895, -5.40515)
    1985 (23.7509, -0.99004) -> 178 (24.3675, -0.519558)
    1986 (5.35548, 1.23196) -> 1579 (5.17024, 1.07097)
    1987 (20.7846, -1.50444) -> 1766 (21.4225, -1.91812)
    1988 (20.67, -6.16307) -> 287 (20.645, -5.78011)
    1989 (2.07114, 18.81) -> 1810 (1.88402, 18.947)
    1990 (-10.315, 12.7194) -> 197 (-10.4706, 13.0888)
    1991 (-7.38329, -12.1398) -> 302 (-6.03768, -11.6131)
    1992 (5.65274, 4.68148) -> 1087 (5.56963, 4.9926)
    1993 (18.0429, 8.53161) -> 1627 (18.9089, 9.23426)
    1994 (8.0756, 23.8402) -> 501 (8.48774, 24.2041)
    1995 (-1.77901, 15.2366) -> 59 (-1.56319, 15.2012)
    1996 (-2.86723, 5.92072) -> 730 (-2.71133, 6.39543)
    1997 (21.3663, 11.6372) -> 1057 (20.8542, 11.1356)
    1998 (3.78797, -1.20775) -> 1835 (3.78912, -1.21024)
    1999 (-3.40503, 19.5051) -> 1719 (-2.97043, 19.0149)
    2000 (-2.42116, 10.2641) -> 15 (-2.32044, 9.98019)
    2001 (5.47852, 6.58889) -> 1073 (5.70056, 6.52766)
    2002 (14.1848, 16.8238) -> 119 (13.7841, 16.8738)
    2003 (-7.18753, -12.3985) -> 1991 (-7.38329, -12.1398)
    2004 (19.1861, 21.7204) -> 586 (18.5095, 21.7972)
    2005 (19.1041, 13.8073) -> 1860 (19.2792, 14.0195)
    2006 (3.13343, 14.7241) -> 877 (2.95758, 14.5074)
    2007 (5.23347, 17.3697) -> 1907 (4.83239, 17.8507)
    2008 (10.343, -11.5713) -> 202 (10.2037, -11.826)
    2009 (17.2287, 23.3337) -> 495 (17.0378, 23.0861)
    2010 (10.3114, 3.58188) -> 145 (10.3499, 3.90451)
    2011 (17.5113, -12.3021) -> 727 (16.375, -12.4527)
    2012 (24.9985, -1.0775) -> 1939 (24.9462, -1.26148)
    2013 (8.79639, 6.49907) -> 1874 (8.67318, 6.55178)
    2014 (0.910677, 6.51644) -> 493 (1.51523, 6.20156)
    2015 (-8.73335, 22.618) -> 1431 (-8.9209, 22.2566)
    2016 (-3.13706, 19.7582) -> 1999 (-3.40503, 19.5051)
    2017 (8.7022, 10.0887) -> 390 (8.69552, 9.53437)
    2018 (21.7577, -7.61692) -> 949 (22.1179, -7.61651)
    2019 (-5.85939, 16.2137) -> 819 (-5.93882, 16.1561)
    2020 (11.1931, -1.47711) -> 1933 (11.7076, -1.61657)
    2021 (11.1638, -8.69591) -> 362 (10.9143, -9.10247)
    2022 (17.1239, 18.126) -> 1136 (17.2859, 17.881)
    2023 (-10.7446, 5.36674) -> 244 (-11.0107, 5.70434)
    2024 (3.75533, 0.461045) -> 1847 (3.5226, 0.164487)
    2025 (1.67803, 4.65001) -> 215 (1.09291, 4.34046)
    2026 (10.1548, -2.85543) -> 359 (10.0856, -2.60909)
    2027 (12.9902, -1.12951) -> 1674 (12.8503, -0.969196)
    2028 (8.28099, 15.2834) -> 1811 (8.30711, 15.3376)
    2029 (6.91478, 11.2989) -> 641 (6.23796, 11.4137)
    2030 (14.7251, -1.49567) -> 1544 (15.2583, -1.50289)
    2031 (2.80506, 18.6687) -> 1876 (2.5508, 18.9085)
    2032 (-9.45775, 4.62755) -> 1560 (-9.40445, 4.34411)
    2033 (5.1637, -7.9639) -> 455 (5.05553, -7.9825)
    2034 (21.2763, -3.84328) -> 844 (21.1484, -4.01025)
    2035 (5.56779, 9.15357) -> 725 (5.69393, 9.46944)
    2036 (9.8682, -11.2011) -> 905 (9.59151, -11.3288)
    2037 (19.947, 10.043) -> 1473 (19.5824, 10.0521)
    2038 (15.5606, 6.20905) -> 1237 (15.6248, 6.06172)
    2039 (14.9461, 21.6225) -> 1114 (14.9227, 21.8344)
    2040 (-8.32035, 21.0224) -> 579 (-8.88975, 20.6221)
    2041 (2.06186, -0.516733) -> 169 (2.20123, 0.00690379)
    2042 (-8.03774, -7.49991) -> 1467 (-7.99448, -7.35832)
    2043 (7.71597, 9.71964) -> 1387 (7.57258, 9.59362)
    2044 (-5.89479, 10.4745) -> 1291 (-6.13842, 10.5028)
    2045 (6.69219, 20.4283) -> 1262 (6.76857, 20.311)
    2046 (7.30342, 17.2808) -> 1272 (7.11716, 17.0828)
    2047 (15.5517, -3.26038) -> 322 (15.8215, -3.9115)
    2048 (-0.366293, 10.5524) -> 10 (-0.42161, 10.6082)
    2049 (12.5988, 20.5954) -> 309 (12.0416, 20.8129)
    2050 (23.7718, 10.7461) -> 1446 (24.3174, 10.4209)
    2051 (17.0183, 15.8577) -> 312 (17.2396, 15.853)
    2052 (23.8226, 9.58229) -> 223 (23.7988, 9.92198)
    2053 (4.16445, 8.34741) -> 1122 (4.33839, 8.06366)
    2054 (2.7671, -8.10357) -> 70 (3.23309, -7.9474)
    2055 (-8.40125, 16.9989) -> 1093 (-8.07964, 16.5992)
    2056 (17.8563, -3.01709) -> 1348 (17.9323, -3.41645)
    2057 (0.452591, 16.1657) -> 1361 (0.323693, 16.2592)
    2058 (18.4824, 20.0046) -> 1948 (18.7538, 20.2346)
    2059 (-11.5033, 12.2802) -> 132 (-11.9853, 11.7828)
    2060 (8.61947, -0.730624) -> 705 (8.24425, -1.02891)
    2061 (-8.15104, 15.6557) -> 1710 (-8.74139, 16.0156)
    2062 (5.15229, 1.65306) -> 1986 (5.35548, 1.23196)
    2063 (-1.99847, 17.4529) -> 6 (-1.89478, 17.7189)
    2064 (10.8609, 3.37756) -> 1588 (11.1169, 3.37919)
    2065 (7.98551, -3.6244) -> 487 (8.00193, -4.009)
    2066 (3.25698, 10.1986) -> 1583 (3.43905, 10.158)
    2067 (22.6182, 10.2398) -> 703 (22.1753, 9.9177)
    2068 (11.4563, -5.99083) -> 1501 (11.2829, -5.96566)
    2069 (1.04099, -3.4321) -> 349 (1.45604, -3.78862)
    2070 (5.02812, -2.28772) -> 1514 (4.95963, -1.74646)
    2071 (24.0107, 20.6417) -> 1016 (24.2401, 20.4019)
    2072 (-12.0051, 2.8622) -> 867 (-11.4722, 2.84126)
    2073 (6.96401, 14.1579) -> 883 (6.58746, 14.1648)
    2074 (20.5285, -7.06347) -> 1189 (20.3026, -7.30305)
    2075 (-6.55798, -3.79133) -> 1283 (-6.37286, -3.87983)
    2076 (9.36188, -7.25366) -> 1541 (9.29068, -6.72184)
    2077 (21.8564, 8.18169) -> 1206 (21.0566, 8.1718)
    2078 (-1.92043, 14.833) -> 1928 (-1.99095, 14.8206)
    2079 (4.22882, 16.6844) -> 1793 (3.9285, 16.9482)
    2080 (3.57538, 23.6666) -> 1877 (3.38926, 24.1441)
    2081 (2.14194, -12.0966) -> 1914 (1.99298, -11.8065)
    2082 (21.6221, 13.156) -> 537 (21.1031, 12.7584)
    2083 (21.5516, 24.6732) -> 1423 (22.0889, 24.266)
    2084 (0.394643, -11.1396) -> 141 (0.176411, -10.5562)
    2085 (19.2518, 8.17104) -> 1207 (19.7687, 8.82805)
    2086 (-9.21496, 5.60391) -> 804 (-9.33027, 5.19838)
    2087 (22.3052, -4.25909) -> 1686 (23.182, -4.10386)
    2088 (23.2771, 19.9786) -> 751 (22.878, 20.5144)
    2089 (17.7488, 17.3045) -> 1136 (17.2859, 17.881)
    2090 (-8.29053, -8.43352) -> 1184 (-8.27716, -8.26521)
    2091 (-1.34766, -11.4636) -> 890 (-1.08474, -11.8644)
    2092 (7.604, -7.49004) -> 1161 (7.62418, -8.03963)
    2093 (23.4309, -11.6263) -> 1249 (23.339, -11.8073)
    2094 (-12.1843, 19.9233) -> 1290 (-12.3697, 20.1247)
    2095 (5.05379, 14.0604) -> 1368 (5.41481, 13.3914)
    2096 (-2.23074, -10.6561) -> 1756 (-2.11988, -10.3523)
    2097 (-5.76448, -1.58359) -> 1504 (-5.08084, -1.14603)
    2098 (-4.82119, -1.43993) -> 1013 (-4.69215, -1.43088)
    2099 (15.8365, 3.63823) -> 1320 (15.7241, 4.02127)
    2100 (2.32208, 18.9379) -> 1876 (2.5508, 18.9085)
    2101 (-0.595988, 15.8567) -> 4 (-0.610792, 16.1855)
    2102 (-1.60742, -4.32353) -> 961 (-1.859, -4.74824)
    2103 (4.22795, -1.03341) -> 1031 (4.25096, -0.929094)
    2104 (23.1383, 13.6782) -> 1235 (23.8962, 14.1619)
    2105 (-4.16546, 0.710841) -> 721 (-3.94762, 0.810891)
    2106 (17.4584, 19.7533) -> 94 (18.1756, 19.7326)
    2107 (14.6743, -10.1764) -> 1401 (14.4128, -10.5391)
    2108 (3.71, 0.466053) -> 2024 (3.75533, 0.461045)
    2109 (12.6568, 10.2968) -> 1078 (13.3884, 10.9899)
    2110 (22.945, 18.2856) -> 881 (23.3619, 18.3822)
    2111 (12.7407, 3.58776) -> 1322 (12.7156, 3.31753)
    2112 (4.36083, -9.2624) -> 1129 (4.40099, -9.15317)
    2113 (-5.81253, 7.06298) -> 218 (-5.31, 6.75081)
    2114 (-3.06488, 11.7165) -> 1818 (-3.00703, 11.0182)
    2115 (20.1134, 19.2607) -> 122 (20.6971, 18.4743)
    2116 (18.1882, 24.6664) -> 1785 (18.8906, 23.9155)
    2117 (-0.45737, -11.045) -> 1821 (-0.765347, -10.7981)
    2118 (2.66655, 19.3121) -> 1876 (2.5508, 18.9085)
    2119 (4.61214, -0.189609) -> 544 (4.84404, 0.492266)
    2120 (-0.67451, 5.37568) -> 1192 (-0.947767, 5.65513)
    2121 (9.70259, -6.49327) -> 1541 (9.29068, -6.72184)
    2122 (-6.11068, 21.842) -> 1966 (-6.01676, 21.5516)
    2123 (15.7796, 9.64256) -> 1539 (15.6832, 9.23221)
    2124 (13.6263, 22.454) -> 1433 (13.5786, 21.9863)
    2125 (0.354153, 13.6213) -> 1649 (0.51094, 13.6315)
    2126 (24.9238, 2.6842) -> 398 (24.4867, 2.59878)
    2127 (6.29781, -1.22684) -> 1304 (6.24375, -1.57517)
    2128 (21.7931, 24.0066) -> 800 (21.7251, 23.8079)
    2129 (1.81727, -4.936) -> 638 (1.44123, -4.62793)
    2130 (24.4121, 0.650518) -> 612 (23.8984, 0.645484)
    2131 (-10.4857, -12.2715) -> 543 (-10.446, -12.4862)
    2132 (0.77124, 11.0542) -> 1168 (0.850046, 11.2446)
    2133 (-0.745366, 7.97301) -> 908 (-1.09167, 8.25028)
    2134 (1.5805, -4.48912) -> 638 (1.44123, -4.62793)
    2135 (2.67525, 13.2418) -> 3 (2.63115, 12.6967)
    2136 (0.90092, -8.71904) -> 447 (0.698477, -8.81029)
    2137 (9.2818, 17.8207) -> 1570 (9.28204, 17.2995)
    2138 (9.50927, 4.56192) -> 648 (9.46235, 4.25985)
    2139 (12.5634, -10.9606) -> 1151 (12.4429, -10.5515)
    2140 (-9.3446, -11.3239) -> 1894 (-8.84404, -10.6949)
    2141 (18.9403, -7.29103) -> 310 (18.7041, -7.37026)
    2142 (13.1038, 23.1447) -> 242 (13.235, 23.8515)
    2143 (14.1331, 23.6812) -> 1978 (14.0364, 23.8163)
    2144 (14.9265, -0.640978) -> 1819 (14.4853, -0.0875011)
    2145 (18.8587, 8.06021) -> 2085 (19.2518, 8.17104)
    2146 (-8.36929, -4.5085) -> 1444 (-7.90587, -4.60281)
    2147 (6.78732, 1.8304) -> 238 (6.14419, 1.43798)
    2148 (-1.35337, -5.86939) -> 1054 (-1.37471, -5.91125)
    2149 (17.7159, -3.99756) -> 288 (17.408, -4.33229)
    2150 (-0.235836, 12.3567) -> 1448 (0.114455, 12.3492)
    2151 (17.9785, 3.4309) -> 394 (17.905, 2.75284)
    2152 (-6.5598, -8.22276) -> 1721 (-6.63507, -8.16431)
    2153 (19.7161, 17.4272) -> 167 (19.4486, 17.3205)
    2154 (21.7157, -1.61229) -> 1766 (21.4225, -1.91812)
    2155 (8.49803, 21.1346) -> 260 (7.95932, 21.0108)
    2156 (-12.1194, 3.58281) -> 486 (-11.9803, 3.62904)
    2157 (14.7751, 2.04739) -> 1535 (14.8114, 1.62051)
    2158 (-10.3137, 8.23921) -> 124 (-10.5359, 8.05574)
    2159 (2.36631, -11.7824) -> 1914 (1.99298, -11.8065)
    2160 (1.45217, 24.7601) -> 396 (1.11325, 24.5141)
    2161 (3.18666, 14.1459) -> 1 (2.81726, 14.1648)
    2162 (23.8984, 7.47024) -> 1884 (24.4246, 7.76897)
    2163 (19.0018, -0.303954) -> 633 (18.6913, -0.311228)
    2164 (9.83926, 22.8633) -> 1684 (9.63328, 22.9816)
    2165 (23.8888, -10.9782) -> 922 (23.7661, -11.4159)
    2166 (17.5772, 17.2176) -> 2089 (17.7488, 17.3045)
    2167 (-10.6953, 23.9396) -> 1082 (-10.6577, 24.1177)
    2168 (23.4729, 20.6084) -> 2071 (24.0107, 20.6417)
    2169 (-2.6527, -3.53664) -> 1450 (-2.89356, -3.43424)
    2170 (-1.67738, 1.33749) -> 609 (-1.67885, 2.25344)
    2171 (13.1948, -11.976) -> 99 (12.7154, -11.7117)
    2172 (7.70302, 23.3914) -> 848 (7.80798, 23.1387)
    2173 (2.27245, 14.9473) -> 1204 (2.61631, 14.565)
    2174 (15.7854, -10.4515) -> 1030 (15.9634, -10.1302)
    2175 (-10.0946, 24.0347) -> 1858 (-9.7364, 24.4214)
    2176 (-9.46173, -11.5795) -> 2140 (-9.3446, -11.3239)
    2177 (19.8806, -10.7824) -> 639 (19.59, -10.9296)
    2178 (-4.21384, 9.05399) -> 1617 (-4.71577, 9.27002)
    2179 (17.8114, 6.32862) -> 1691 (18.032, 5.919)
    2180 (-2.16482, 18.0059) -> 1708 (-2.32218, 17.6715)
    2181 (2.45146, -6.57562) -> 617 (2.0485, -6.13517)
    2182 (-7.92525, -7.61894) -> 2042 (-8.03774, -7.49991)
    2183 (-3.11064, 12.2068) -> 2114 (-3.06488, 11.7165)
    2184 (-11.8759, 8.77692) -> 1067 (-11.4951, 8.81533)
    2185 (8.43114, -12.4722) -> 1577 (8.31135, -12.2876)
    2186 (0.232026, -6.93369) -> 90 (0.272124, -6.74157)
    2187 (-3.16787, 9.96951) -> 1795 (-2.98642, 9.92025)
    2188 (13.7518, 14.7972) -> 166 (13.6555, 14.8779)
    2189 (17.8574, -11.535) -> 2011 (17.5113, -12.3021)
    2190 (-10.4454, 21.8235) -> 1713 (-10.5386, 22.1249)
    2191 (-8.3605, 23.5362) -> 1592 (-8.09434, 23.2096)
    2192 (20.8803, 16.2015) -> 143 (21.6453, 16.7134)
    2193 (19.135, -8.64641) -> 1764 (18.9229, -8.40284)
    2194 (16.0865, -3.7879) -> 322 (15.8215, -3.9115)
    2195 (23.4421, 21.3984) -> 891 (24.0481, 21.738)
    2196 (-4.35628, -6.0107) -> 1610 (-4.87818, -5.24091)
    2197 (10.1805, 18.2401) -> 528 (10.3787, 18.3687)
    2198 (22.852, 4.25889) -> 1559 (23.045, 4.02027)
    2199 (-4.36525, 7.63718) -> 31 (-4.57396, 7.34088)
    2200 (8.95044, -12.2233) -> 714 (8.78161, -11.7589)
    2201 (-1.27226, 14.0066) -> 771 (-1.23594, 13.8494)
    2202 (-1.08257, 7.20221) -> 735 (-1.48115, 6.99868)
    2203 (8.32417, 11.356) -> 1878 (7.92275, 11.1521)
    2204 (5.63939, 21.4295) -> 797 (5.89731, 22.2032)
    2205 (12.3559, -10.6302) -> 1151 (12.4429, -10.5515)
    2206 (4.92404, 9.77574) -> 789 (5.04486, 10.4476)
    2207 (6.63265, -6.84665) -> 46 (7.07631, -6.83853)
    2208 (20.0627, 6.55163) -> 1309 (20.1421, 6.34472)
    2209 (-9.20408, 8.97956) -> 1871 (-9.57067, 8.56454)
    2210 (16.1417, 6.33212) -> 1225 (15.6988, 6.07906)
    2211 (-10.1795, -2.64497) -> 1912 (-9.85101, -2.74928)
    2212 (13.6181, -0.325563) -> 1201 (13.2714, -0.318718)
    2213 (10.5244, -0.574656) -> 794 (10.5465, -0.576879)
    2214 (-4.46258, 21.5328) -> 1675 (-4.46178, 21.5266)
    2215 (9.35303, 1.03795) -> 372 (9.21343, 0.451417)
    2216 (9.74465, 23.7769) -> 841 (9.29899, 23.8509)
    2217 (17.6616, 2.76009) -> 394 (17.905, 2.75284)
    2218 (-11.1941, -6.02345) -> 1846 (-11.4537, -6.06533)
    2219 (5.64977, 22.2338) -> 797 (5.89731, 22.2032)
    2220 (-7.68214, -9.47677) -> 1213 (-8.22941, -9.37539)
    2221 (18.666, 12.7466) -> 1661 (18.2319, 12.4293)
    2222 (-1.90294, -9.48045) -> 444 (-1.96104, -9.39416)
    2223 (12.2917, -2.42127) -> 874 (12.0685, -2.05654)
    2224 (11.6203, 18.5833) -> 1353 (10.9647, 18.1748)
    2225 (-1.5857, 13.6884) -> 771 (-1.23594, 13.8494)
    2226 (20.5654, -7.90575) -> 1434 (20.5371, -7.41024)
    2227 (7.54396, -6.28239) -> 1103 (7.45815, -6.46738)
    2228 (17.2266, 9.02329) -> 1845 (16.6577, 8.8277)
    2229 (17.6335, 4.92777) -> 1219 (17.1263, 5.24714)
    2230 (4.59175, 6.58314) -> 978 (4.169, 6.84816)
    2231 (-7.92304, 15.4115) -> 2061 (-8.15104, 15.6557)
    2232 (24.3312, -10.0515) -> 755 (23.8189, -9.37041)
    2233 (6.66752, -8.00489) -> 1092 (6.64398, -8.03419)
    2234 (13.4666, 11.0336) -> 1078 (13.3884, 10.9899)
    2235 (7.56796, 9.41874) -> 1387 (7.57258, 9.59362)
    2236 (-6.1125, 5.35908) -> 23 (-6.15226, 5.3749)
    2237 (-11.6714, 19.5227) -> 1716 (-11.7184, 19.9981)
    2238 (2.40093, 22.8565) -> 329 (2.65835, 23.2442)
    2239 (16.4102, -3.93878) -> 1186 (16.6992, -3.76835)
    2240 (14.0516, -5.31314) -> 952 (13.5464, -5.45134)
    2241 (3.65581, -1.98815) -> 1253 (4.15574, -1.71484)
    2242 (-5.93606, -11.25) -> 1218 (-6.03928, -11.5785)
    2243 (8.80081, 4.72661) -> 345 (8.86461, 4.74244)
    2244 (20.7915, 11.1703) -> 1057 (20.8542, 11.1356)
    2245 (10.6066, 17.3933) -> 415 (10.6676, 17.611)
    2246 (15.2957, 0.0429993) -> 74 (15.2264, 0.157967)
    2247 (1.05381, 21.4705) -> 521 (1.5626, 21.1413)
    2248 (0.23187, 22.4392) -> 781 (0.302596, 22.2703)
    2249 (-8.68426, -0.145838) -> 865 (-8.01818, -0.591982)
    2250 (13.816, 5.77864) -> 1182 (14.2977, 5.75241)
    2251 (3.25706, -11.6866) -> 1729 (3.33694, -11.7741)
    2252 (20.3339, 14.6514) -> 1461 (20.5159, 14.5786)
    2253 (2.93057, 18.006) -> 2031 (2.80506, 18.6687)
    2254 (7.50331, 0.280065) -> 406 (7.4066, 0.708873)
    2255 (2.48213, 13.7748) -> 1384 (2.24223, 13.6346)
    2256 (3.57431, 19.8544) -> 622 (3.91782, 19.8065)
    2257 (-9.92119, -4.77423) -> 946 (-10.0247, -4.94772)
    2258 (20.588, -11.8605) -> 694 (19.9698, -11.9149)
    2259 (2.68697, 6.77018) -> 733 (2.69217, 6.61296)
    2260 (21.9391, -0.257362) -> 1857 (21.7126, -0.344225)
    2261 (16.5238, 17.0532) -> 984 (16.0733, 17.4145)
    2262 (7.54217, 21.7256) -> 1155 (7.41909, 21.5414)
    2263 (7.71449, -5.78785) -> 2227 (7.54396, -6.28239)
    2264 (23.3842, -6.29442) -> 931 (22.9854, -6.53978)
    2265 (-11.2006, 15.2295) -> 375 (-10.314, 15.0827)
    2266 (-9.91081, 16.2987) -> 1624 (-10.0332, 16.7617)
    2267 (21.7111, 3.05913) -> 1694 (21.6514, 2.98492)
    2268 (14.5256, 22.189) -> 1590 (14.322, 22.5174)
    2269 (-1.03539, -0.55194) -> 671 (-0.720464, -1.25046)
    2270 (6.27866, 7.55656) -> 541 (6.09887, 7.73481)
    2271 (-3.20373, 13.4581) -> 1339 (-3.27692, 13.6367)
    2272 (9.52731, -3.26349) -> 536 (9.3156, -3.0576)
    2273 (-7.58482, -2.36426) -> 339 (-7.87381, -2.40624)
    2274 (8.39124, 6.0426) -> 380 (8.50096, 5.77021)
    2275 (-9.63696, 23.9025) -> 2175 (-10.0946, 24.0347)
    2276 (21.5161, 9.85352) -> 227 (21.9666, 9.93756)
    2277 (18.6504, -6.67943) -> 220 (18.6188, -7.0032)
    2278 (9.71715, 5.18328) -> 706 (9.40288, 5.14098)
    2279 (-10.116, -3.96328) -> 603 (-9.95347, -4.29706)
    2280 (22.8409, 5.34179) -> 459 (23.4744, 5.33004)
    2281 (-1.28255, -0.631294) -> 2269 (-1.03539, -0.55194)
    2282 (16.9802, -10.2489) -> 1020 (17.0975, -10.4281)
    2283 (-6.42218, 6.69731) -> 1334 (-6.49226, 7.24672)
    2284 (3.13919, 18.6415) -> 2031 (2.80506, 18.6687)
    2285 (14.7851, 18.4102) -> 1862 (14.518, 18.8123)
    2286 (6.23287, -6.21648) -> 290 (6.13705, -6.29313)
    2287 (3.61711, -4.58057) -> 1413 (3.75832, -4.66991)
    2288 (21.7916, 23.959) -> 2128 (21.7931, 24.0066)
    2289 (21.8902, 11.6368) -> 1601 (22.1092, 11.2748)
    2290 (12.6541, -12.0863) -> 1814 (12.5414, -12.0029)
    2291 (-7.51296, 7.67608) -> 1815 (-8.08117, 7.74559)
    2292 (12.3076, 4.34277) -> 660 (12.1668, 4.34071)
    2293 (11.8604, 16.6155) -> 1516 (11.4614, 16.614)
    2294 (-11.0883, 14.7572) -> 2265 (-11.2006, 15.2295)
    2295 (14.031, 11.0345) -> 1048 (14.43, 11.0486)
    2296 (-2.68875, 3.32305) -> 1349 (-2.46467, 3.59492)
    2297 (-0.193598, 0.774802) -> 101 (-0.444403, 0.581519)
    2298 (-0.215689, -0.217775) -> 101 (-0.444403, 0.581519)
    2299 (-0.636661, 10.9952) -> 10 (-0.42161, 10.6082)
    2300 (-5.69455, -11.6642) -> 1422 (-5.57356, -11.5378)
    2301 (8.19225, 21.5303) -> 1098 (8.61813, 21.6766)
    2302 (-5.43722, -11.6119) -> 1422 (-5.57356, -11.5378)
    2303 (14.6141, 22.469) -> 2268 (14.5256, 22.189)
    2304 (1.92559, 1.41326) -> 1540 (2.29059, 1.61741)
    2305 (9.96451, 2.1885) -> 1665 (10.1866, 2.49495)
    2306 (13.1148, -9.41474) -> 1918 (12.5592, -9.60086)
    2307 (-12.4312, -4.27848) -> 1945 (-12.142, -3.91531)
    2308 (-2.8737, -1.57789) -> 1863 (-2.66639, -1.57277)
    2309 (10.8549, -8.71622) -> 81 (10.5563, -8.73345)
    2310 (3.65558, -8.68226) -> 1409 (3.4284, -8.57378)
    2311 (8.21512, 1.87918) -> 1027 (8.48874, 2.42368)
    2312 (23.8517, 11.8976) -> 1608 (24.0703, 11.8107)
    2313 (24.9962, -4.14343) -> 1406 (24.7153, -4.80466)
    2314 (12.2659, -10.0985) -> 214 (12.2553, -10.2326)
    2315 (-2.14121, 22.006) -> 1424 (-2.46823, 21.6109)
    2316 (-2.74345, 17.5402) -> 772 (-2.82249, 17.9249)
    2317 (21.1044, 0.965432) -> 785 (21.131, 1.11904)
    2318 (1.09084, 13.4991) -> 208 (1.20246, 13.1596)
    2319 (-11.3955, 13.9898) -> 505 (-11.2183, 13.8033)
    2320 (1.13425, 10.6348) -> 2132 (0.77124, 11.0542)
    2321 (18.4682, -12.1693) -> 1398 (19.2752, -12.1029)
    2322 (14.6697, -0.749883) -> 2144 (14.9265, -0.640978)
    2323 (5.87297, 11.8635) -> 1838 (6.36511, 11.888)
    2324 (24.0353, 12.2106) -> 2312 (23.8517, 11.8976)
    2325 (8.44271, 3.20498) -> 89 (7.91387, 3.12301)
    2326 (-0.267892, 3.73779) -> 892 (-0.656304, 3.777)
    2327 (-2.52934, 20.207) -> 348 (-2.42055, 20.58)
    2328 (5.46676, 6.96527) -> 1639 (5.43337, 7.28509)
    2329 (22.2377, 1.35497) -> 92 (21.9879, 1.11412)
    2330 (-7.39712, 10.4299) -> 405 (-7.10536, 10.2286)
    2331 (24.8323, 10.2133) -> 1446 (24.3174, 10.4209)
    2332 (13.2959, 23.946) -> 985 (13.3443, 23.9344)
    2333 (3.35041, 6.50981) -> 534 (3.44707, 5.91212)
    2334 (9.07342, 15.3452) -> 1811 (8.30711, 15.3376)
    2335 (7.28587, 1.13151) -> 1021 (6.9311, 0.989163)
    2336 (-0.1812, 1.04875) -> 2297 (-0.193598, 0.774802)
    2337 (10.8997, 1.86643) -> 26 (10.5907, 1.4153)
    2338 (12.7705, 8.82777) -> 1622 (12.5891, 8.81106)
    2339 (15.3628, 19.0311) -> 151 (15.7888, 18.7483)
    2340 (-8.13585, 21.9281) -> 41 (-8.36917, 22.0691)
    2341 (24.4927, 22.7183) -> 632 (24.005, 22.6657)
    2342 (13.5206, 15.4417) -> 251 (13.3362, 15.8189)
    2343 (2.29434, 10.6915) -> 449 (1.88501, 10.6951)
    2344 (-8.7662, -6.12844) -> 190 (-8.16271, -6.66697)
    2345 (14.0483, 1.72376) -> 36 (14.2543, 1.35125)
    2346 (8.39533, -8.38157) -> 1352 (8.27769, -8.63026)
    2347 (17.2744, 3.41679) -> 1369 (17.2947, 3.18799)
    2348 (6.40646, 13.5816) -> 663 (6.42202, 13.7086)
    2349 (-9.86397, 0.260866) -> 971 (-10.0793, 0.130101)
    2350 (1.19899, 10.5249) -> 2320 (1.13425, 10.6348)
    2351 (-11.2152, -11.136) -> 1929 (-11.5777, -11.5244)
    2352 (2.01299, -1.69689) -> 1596 (1.96312, -1.15906)
    2353 (7.27838, -1.44158) -> 57 (7.01106, -1.7779)
    2354 (3.8541, 9.84759) -> 1583 (3.43905, 10.158)
    2355 (-2.8567, 16.7911) -> 605 (-2.64104, 16.9273)
    2356 (-1.00257, 22.5903) -> 1605 (-1.61487, 22.4504)
    2357 (-3.9288, 18.0301) -> 9 (-3.82359, 18.2477)
    2358 (5.75064, 13.4494) -> 1368 (5.41481, 13.3914)
    2359 (1.08062, 22.4882) -> 561 (1.15974, 22.5739)
    2360 (24.0775, -8.90326) -> 755 (23.8189, -9.37041)
    2361 (7.30534, 2.86638) -> 22 (7.40489, 2.85015)
    2362 (-3.95833, -2.37051) -> 1356 (-3.8121, -2.61397)
    2363 (23.8025, -3.13107) -> 1451 (23.7416, -3.72059)
    2364 (4.69524, -9.58703) -> 1485 (4.84066, -9.84279)
    2365 (18.9576, -7.07891) -> 2141 (18.9403, -7.29103)
    2366 (-0.751118, 15.9277) -> 2101 (-0.595988, 15.8567)
    2367 (22.7039, 19.1232) -> 1850 (22.8937, 19.3513)
    2368 (-2.45481, -6.2143) -> 1145 (-2.17228, -6.40343)
    2369 (-4.01558, 5.44628) -> 1174 (-4.22962, 5.90391)
    2370 (-0.383357, 24.3708) -> 1216 (-0.636167, 24.3338)
    2371 (16.5063, 15.1564) -> 184 (16.5122, 15.7256)
    2372 (22.7612, 15.3659) -> 174 (23.054, 15.2937)
    2373 (10.6604, 6.23389) -> 1095 (10.5718, 6.48)
    2374 (-8.72682, 12.5499) -> 1803 (-8.74604, 12.7468)
    2375 (3.81638, -7.49151) -> 1414 (4.34128, -7.67329)
    2376 (0.435686, 23.9571) -> 1147 (0.32504, 24.2689)
    2377 (0.77962, 4.30169) -> 1017 (0.634992, 4.04572)
    2378 (2.7289, -9.48255) -> 912 (2.66644, -9.28277)
    2379 (-3.23763, 10.0278) -> 2187 (-3.16787, 9.96951)
    2380 (8.77184, -8.8013) -> 1616 (8.37453, -8.73984)
    2381 (17.4901, 21.3565) -> 84 (16.5988, 20.9629)
    2382 (-2.51979, 4.15182) -> 1896 (-2.76876, 4.15801)
    2383 (4.66585, 2.5302) -> 1508 (4.93628, 2.24717)
    2384 (-4.32048, 2.32734) -> 60 (-4.24102, 2.36684)
    2385 (-10.5109, 2.93965) -> 1955 (-9.87515, 2.75005)
    2386 (-9.1547, -1.60986) -> 193 (-9.34044, -1.63531)
    2387 (-11.3832, 20.0386) -> 1716 (-11.7184, 19.9981)
    2388 (17.6088, -4.76137) -> 288 (17.408, -4.33229)
    2389 (1.95693, 20.9165) -> 1113 (1.56383, 21.0211)
    2390 (22.7938, -3.88726) -> 1278 (22.7363, -3.45238)
    2391 (-10.7602, -11.4397) -> 371 (-10.6595, -11.1735)
    2392 (7.18404, -12.224) -> 1652 (7.09128, -11.8681)
    2393 (-3.76544, 13.5825) -> 1339 (-3.27692, 13.6367)
    2394 (14.185, 17.7311) -> 105 (14.0082, 17.8441)
    2395 (7.61376, 5.26658) -> 825 (7.37031, 5.0819)
    2396 (13.5665, -10.4726) -> 1170 (14.0353, -10.8091)
    2397 (8.62832, -1.17785) -> 705 (8.24425, -1.02891)
    2398 (20.3366, 4.09903) -> 1163 (20.6817, 4.57101)
    2399 (-2.16111, 11.1715) -> 259 (-2.20324, 11.22)
    2400 (5.33682, 4.8894) -> 661 (5.17159, 4.87136)
    2401 (22.3615, 17.2997) -> 143 (21.6453, 16.7134)
    2402 (2.01899, 1.90653) -> 1540 (2.29059, 1.61741)
    2403 (10.5102, 24.6978) -> 907 (10.0439, 24.8216)
    2404 (23.0427, -11.3561) -> 264 (22.7853, -11.3949)
    2405 (16.6749, 22.1847) -> 652 (16.6147, 22.3597)
    2406 (-9.85199, -3.84981) -> 2279 (-10.116, -3.96328)
    2407 (14.1612, -2.89307) -> 1131 (14.0968, -3.24915)
    2408 (18.5661, 14.8174) -> 1288 (19.1948, 14.9997)
    2409 (3.70018, 2.07048) -> 1347 (3.80454, 2.40606)
    2410 (-12.2132, -1.79636) -> 1673 (-11.7012, -2.07189)
    2411 (9.39201, 5.14644) -> 706 (9.40288, 5.14098)
    2412 (17.0039, 16.1284) -> 1574 (16.8214, 16.0725)
    2413 (-6.58262, 19.549) -> 798 (-6.3231, 19.3174)
    2414 (-10.9346, -5.81237) -> 2218 (-11.1941, -6.02345)
    2415 (13.7025, -8.67603) -> 1697 (13.123, -8.63294)
    2416 (9.17169, -4.12361) -> 673 (9.40459, -4.09554)
    2417 (-3.23657, 17.3404) -> 2316 (-2.74345, 17.5402)
    2418 (-7.64074, 7.32768) -> 2291 (-7.51296, 7.67608)
    2419 (10.0011, 20.4334) -> 717 (9.17908, 20.8749)
    2420 (16.702, 19.7624) -> 217 (16.5997, 19.6295)
    2421 (-2.94709, 16.5485) -> 2355 (-2.8567, 16.7911)
    2422 (12.1519, 18.2377) -> 1899 (12.4163, 18.178)
    2423 (23.6565, -10.3504) -> 1837 (23.29, -10.4504)
    2424 (10.8495, 8.04518) -> 513 (10.7475, 7.08266)
    2425 (-6.92127, 24.7817) -> 1239 (-7.60706, 24.3714)
    2426 (-2.1138, 11.375) -> 259 (-2.20324, 11.22)
    2427 (14.9516, 14.4578) -> 1959 (15.3872, 14.6512)
    2428 (-2.1149, 19.8552) -> 2327 (-2.52934, 20.207)
    2429 (20.4426, 0.207361) -> 50 (19.5779, -0.193945)
    2430 (13.8823, 14.264) -> 2188 (13.7518, 14.7972)
    2431 (7.17055, -6.15615) -> 2227 (7.54396, -6.28239)
    2432 (16.8951, 23.5521) -> 1733 (16.7134, 23.7019)
    2433 (10.3308, 20.5722) -> 2419 (10.0011, 20.4334)
    2434 (-3.47681, -7.23153) -> 1613 (-3.28139, -7.19341)
    2435 (22.6023, 14.278) -> 924 (22.3549, 14.1529)
    2436 (0.488342, 16.7312) -> 1361 (0.323693, 16.2592)
    2437 (3.78802, 0.214375) -> 2024 (3.75533, 0.461045)
    2438 (20.6753, -8.48149) -> 2226 (20.5654, -7.90575)
    2439 (-2.36874, 10.4959) -> 2000 (-2.42116, 10.2641)
    2440 (16.2293, -0.367039) -> 71 (16.2139, -0.326928)
    2441 (14.2346, -11.5304) -> 1543 (14.1263, -11.5229)
    2442 (-3.93186, 23.4258) -> 1022 (-4.33837, 23.4885)
    2443 (18.2712, -2.1844) -> 787 (18.3891, -2.58402)
    2444 (13.3373, 2.48343) -> 1633 (12.6866, 2.2362)
    2445 (19.1495, -7.30357) -> 2141 (18.9403, -7.29103)
    2446 (12.4832, 8.02442) -> 1532 (12.5308, 8.43102)
    2447 (20.0979, 14.2142) -> 2252 (20.3339, 14.6514)
    2448 (24.537, 14.2993) -> 228 (24.5773, 13.9978)
    2449 (0.289936, 8.75796) -> 1798 (0.247971, 9.06325)
    2450 (2.52761, -11.3011) -> 254 (2.81206, -11.0391)
    2451 (0.713971, 8.59741) -> 2449 (0.289936, 8.75796)
    2452 (-11.558, -3.19762) -> 360 (-11.4026, -3.48808)
    2453 (-4.63654, 8.34416) -> 229 (-4.79021, 8.62743)
    2454 (-8.13509, -7.77813) -> 2182 (-7.92525, -7.61894)
    2455 (0.505865, 19.486) -> 548 (0.591873, 19.4149)
    2456 (1.93893, 16.8607) -> 1913 (2.56423, 16.9937)
    2457 (23.5884, -3.12196) -> 2363 (23.8025, -3.13107)
    2458 (12.3508, 6.19933) -> 1042 (12.6786, 6.20836)
    2459 (19.6853, -6.99539) -> 964 (19.5982, -6.9372)
    2460 (-6.91973, -2.69841) -> 982 (-6.87156, -2.64584)
    2461 (23.0199, 15.2421) -> 174 (23.054, 15.2937)
    2462 (13.0742, 0.719827) -> 1495 (13.3266, 0.773032)
    2463 (21.8583, 24.3429) -> 1423 (22.0889, 24.266)
    2464 (-6.44599, -11.6236) -> 302 (-6.03768, -11.6131)
    2465 (-7.00555, 12.763) -> 201 (-6.56756, 12.4691)
    2466 (12.5925, 17.0477) -> 1430 (12.3342, 16.5932)
    2467 (22.9552, 12.7836) -> 2104 (23.1383, 13.6782)
    2468 (7.81324, 7.01319) -> 625 (8.171, 7.4155)
    2469 (0.588802, -3.79334) -> 2069 (1.04099, -3.4321)
    2470 (9.00221, -0.280731) -> 1284 (9.35574, -0.366473)
    2471 (19.9997, 19.9623) -> 100 (20.0701, 20.3735)
    2472 (21.7345, 9.34512) -> 833 (21.872, 9.3619)
    2473 (15.3575, -6.15857) -> 1711 (15.4636, -6.26349)
    2474 (19.0088, 3.34497) -> 298 (19.3845, 3.16714)
    2475 (-8.90931, 7.12102) -> 830 (-8.757, 7.09943)
    2476 (-12.2515, 22.9749) -> 1879 (-12.0984, 23.142)
    2477 (7.34009, 10.3312) -> 2043 (7.71597, 9.71964)
    2478 (-3.24762, -2.74008) -> 466 (-3.43421, -2.38479)
    2479 (-12.4203, -1.60765) -> 2410 (-12.2132, -1.79636)
    2480 (4.30091, 22.8549) -> 1411 (4.66158, 23.209)
    2481 (-2.61326, 1.87406) -> 48 (-2.59192, 1.65815)
    2482 (13.2402, -0.496571) -> 1201 (13.2714, -0.318718)
    2483 (-5.66184, 3.41512) -> 336 (-5.55975, 3.48768)
    2484 (5.96183, 1.92922) -> 1772 (5.95134, 2.20945)
    2485 (-3.48962, 23.6034) -> 897 (-3.39498, 23.8895)
    2486 (4.74966, 21.2925) -> 2204 (5.63939, 21.4295)
    2487 (9.52539, -1.57896) -> 148 (10.3616, -1.89435)
    2488 (4.9497, 15.635) -> 1115 (4.7045, 16.0302)
    2489 (23.0868, 13.2818) -> 2104 (23.1383, 13.6782)
    2490 (-1.46512, 1.68293) -> 2170 (-1.67738, 1.33749)
    2491 (-9.0012, 2.88656) -> 1335 (-8.353, 3.13671)
    2492 (5.43961, 8.96521) -> 2035 (5.56779, 9.15357)
    2493 (11.8851, 20.6908) -> 712 (11.9371, 20.7003)
    2494 (3.96796, -5.80248) -> 1121 (3.95009, -6.15339)
    2495 (15.194, 11.9623) -> 1025 (15.4568, 11.957)
    2496 (23.316, 8.3768) -> 1197 (23.4123, 8.84502)
    2497 (-3.92144, -0.217048) -> 409 (-4.5675, -0.136492)
    2498 (-8.08561, -2.46241) -> 339 (-7.87381, -2.40624)
    2499 (-7.96466, 11.8257) -> 226 (-8.30073, 11.9927)
    2500 (8.41792, 17.063) -> 710 (8.19844, 17.1373)
    2501 (-0.198591, 5.64605) -> 2120 (-0.67451, 5.37568)
    2502 (4.41724, 13.8611) -> 1531 (4.14156, 13.8927)
    2503 (-12.02, 10.8061) -> 1441 (-12.213, 10.4702)
    2504 (-1.9879, 10.9299) -> 2399 (-2.16111, 11.1715)
    2505 (9.81286, 24.8099) -> 907 (10.0439, 24.8216)
    2506 (0.517848, 13.1326) -> 1649 (0.51094, 13.6315)
    2507 (-2.24798, 17.22) -> 2063 (-1.99847, 17.4529)
    2508 (14.9351, 0.630761) -> 1843 (15.1814, 0.401637)
    2509 (18.0546, -0.510174) -> 1806 (18.1616, -0.422042)
    2510 (4.83266, 7.03017) -> 813 (4.7271, 7.40777)
    2511 (-4.31668, 11.3626) -> 1096 (-4.28208, 11.2829)
    2512 (-11.8755, 2.13179) -> 2072 (-12.0051, 2.8622)
    2513 (-10.7094, -6.1481) -> 2414 (-10.9346, -5.81237)
    2514 (-3.4141, 6.7407) -> 779 (-3.05096, 6.7501)
    2515 (-4.10501, -4.79929) -> 1659 (-4.22055, -4.99427)
    2516 (-1.16904, 9.21809) -> 1820 (-1.13019, 8.73289)
    2517 (16.3378, 24.856) -> 716 (16.556, 24.7654)
    2518 (-0.163222, 18.2098) -> 766 (-0.129234, 18.5544)
    2519 (20.4871, -8.09729) -> 2226 (20.5654, -7.90575)
    2520 (-1.18155, -2.97175) -> 784 (-1.14014, -2.98862)
    2521 (9.97454, 17.4525) -> 945 (9.73492, 17.5297)
    2522 (-0.317097, 16.6554) -> 959 (-0.0754385, 17.0436)
    2523 (12.3345, 17.2459) -> 2466 (12.5925, 17.0477)
    2524 (4.26723, -7.34281) -> 1828 (4.47246, -7.46748)
    2525 (1.71728, 11.9031) -> 1915 (1.82549, 12.1097)
    2526 (23.3084, -8.48722) -> 637 (22.6036, -8.78853)
    2527 (6.81884, 12.4395) -> 1453 (6.61691, 12.3213)
    2528 (15.1469, 18.6976) -> 2339 (15.3628, 19.0311)
    2529 (4.23421, 24.6126) -> 1080 (4.31315, 24.0346)
    2530 (-4.82942, 5.33272) -> 1690 (-4.56395, 5.44954)
    2531 (4.16089, 15.8643) -> 927 (4.41221, 15.8317)
    2532 (6.60816, 23.0578) -> 1668 (6.81388, 22.9837)
    2533 (17.7693, 19.7972) -> 2106 (17.4584, 19.7533)
    2534 (10.2404, 0.315336) -> 915 (10.2856, 0.498768)
    2535 (-1.16313, 21.0489) -> 246 (-1.64133, 21.1619)
    2536 (12.1363, -2.43694) -> 2223 (12.2917, -2.42127)
    2537 (10.8005, 24.6192) -> 2403 (10.5102, 24.6978)
    2538 (-8.10088, 8.73407) -> 448 (-7.3334, 8.85915)
    2539 (17.3789, 1.5976) -> 483 (17.1902, 1.61256)
    2540 (-7.8855, 15.358) -> 2231 (-7.92304, 15.4115)
    2541 (22.5606, -4.57561) -> 2087 (22.3052, -4.25909)
    2542 (23.6372, 5.49415) -> 459 (23.4744, 5.33004)
    2543 (15.729, 12.3251) -> 1025 (15.4568, 11.957)
    2544 (-10.4318, 20.4857) -> 792 (-10.4373, 20.5831)
    2545 (12.0906, -3.69692) -> 1373 (12.1937, -3.28717)
    2546 (13.2739, 0.282051) -> 2462 (13.0742, 0.719827)
    2547 (2.82548, -10.6272) -> 494 (3.01987, -10.9889)
    2548 (18.337, 2.86353) -> 394 (17.905, 2.75284)
    2549 (16.8707, -6.90025) -> 1312 (16.6976, -6.84831)
    2550 (-2.67505, 19.5863) -> 2016 (-3.13706, 19.7582)
    2551 (16.0413, 8.61926) -> 1845 (16.6577, 8.8277)
    2552 (20.9883, 15.9143) -> 2192 (20.8803, 16.2015)
    2553 (1.82793, 19.153) -> 1810 (1.88402, 18.947)
    2554 (21.8678, 1.53413) -> 1255 (21.6792, 1.32108)
    2555 (6.02592, -5.17419) -> 1826 (5.89672, -5.62)
    2556 (18.9248, 1.09606) -> 1891 (18.9563, 0.733111)
    2557 (-3.74782, -10.7307) -> 1012 (-3.75698, -10.561)
    2558 (19.0454, 7.18136) -> 738 (18.8614, 7.42134)
    2559 (20.6482, -10.684) -> 554 (20.7361, -10.2806)
    2560 (22.0263, 10.676) -> 866 (21.7642, 10.5098)
    2561 (-4.53126, 3.67258) -> 1210 (-4.97532, 4.30871)
    2562 (24.2497, 1.97407) -> 768 (24.225, 2.02846)
    2563 (3.4403, 19.8833) -> 2256 (3.57431, 19.8544)
    2564 (-0.254334, 22.0464) -> 613 (0.0166474, 22.3511)
    2565 (-9.91013, -4.3383) -> 603 (-9.95347, -4.29706)
    2566 (10.6958, 9.08626) -> 593 (11.2794, 9.51471)
    2567 (20.4135, 5.76111) -> 676 (20.4193, 6.0357)
    2568 (-2.06242, -12.2038) -> 2091 (-1.34766, -11.4636)
    2569 (6.06391, 18.9666) -> 1443 (6.0158, 18.953)
    2570 (-1.00832, -7.03016) -> 1018 (-0.844005, -7.42299)
    2571 (5.58411, -5.84646) -> 1826 (5.89672, -5.62)
    2572 (24.8389, -6.85559) -> 420 (24.0684, -7.67085)
    2573 (13.2626, 7.02038) -> 909 (12.9711, 6.96672)
    2574 (14.4313, 16.6663) -> 1602 (14.6718, 16.712)
    2575 (5.21447, -6.48631) -> 1362 (5.33576, -6.59314)
    2576 (2.66662, 4.0343) -> 1630 (3.06732, 4.04722)
    2577 (-8.63219, -0.866519) -> 373 (-8.43194, -1.2139)
    2578 (4.58434, 16.2126) -> 1115 (4.7045, 16.0302)
    2579 (-1.99925, -3.38458) -> 391 (-2.16931, -3.31718)
    2580 (-4.3993, -6.33107) -> 2196 (-4.35628, -6.0107)
    2581 (24.0463, 21.4644) -> 891 (24.0481, 21.738)
    2582 (10.1605, -10.0757) -> 468 (9.64044, -10.1333)
    2583 (-12.2293, 11.2021) -> 2503 (-12.02, 10.8061)
    2584 (5.19262, 22.9734) -> 719 (4.75803, 23.1401)
    2585 (14.8813, -2.16029) -> 2030 (14.7251, -1.49567)
    2586 (7.947, 18.151) -> 1685 (7.51407, 18.2264)
    2587 (-2.95468, -5.51745) -> 1053 (-3.05895, -5.40515)
    2588 (6.63018, 1.15155) -> 1021 (6.9311, 0.989163)
    2589 (-1.01561, 10.1386) -> 456 (-0.434127, 10.1125)
    2590 (6.28907, -12.2397) -> 576 (6.3389, -11.8586)
    2591 (20.2131, 5.82689) -> 2567 (20.4135, 5.76111)
    2592 (20.963, 4.62557) -> 278 (21.0716, 4.46679)
    2593 (14.2049, -3.28108) -> 1131 (14.0968, -3.24915)
    2594 (5.48298, 11.5281) -> 1712 (5.34005, 11.674)
    2595 (-1.1665, 15.8723) -> 2366 (-0.751118, 15.9277)
    2596 (5.64612, 3.23803) -> 170 (5.46139, 3.25129)
    2597 (-11.9479, 3.82285) -> 486 (-11.9803, 3.62904)
    2598 (-10.1645, 24.2664) -> 2175 (-10.0946, 24.0347)
    2599 (0.718437, 2.35526) -> 643 (0.881151, 2.51616)
    2600 (0.059897, 7.47165) -> 1660 (0.0797114, 7.19824)
    2601 (-10.7146, 18.6739) -> 995 (-10.8442, 18.3216)
    2602 (-7.504, -12.1272) -> 1991 (-7.38329, -12.1398)
    2603 (-7.25183, 10.1095) -> 405 (-7.10536, 10.2286)
    2604 (23.1516, 2.00788) -> 1137 (22.9359, 2.12387)
    2605 (-6.14598, -3.46685) -> 1064 (-5.72802, -3.5047)
    2606 (-1.19886, 13.0923) -> 524 (-1.54784, 12.854)
    2607 (16.5404, -12.3998) -> 727 (16.375, -12.4527)
    2608 (6.8428, -5.55035) -> 1023 (7.28122, -5.45152)
    2609 (20.1936, -1.25832) -> 1987 (20.7846, -1.50444)
    2610 (8.37055, 17.1802) -> 2500 (8.41792, 17.063)
    2611 (23.3372, 7.87474) -> 2496 (23.316, 8.3768)
    2612 (20.8442, 19.4285) -> 1395 (21.0872, 18.9814)
    2613 (9.41316, 23.0054) -> 1684 (9.63328, 22.9816)
    2614 (18.6007, -0.491918) -> 633 (18.6913, -0.311228)
    2615 (4.14494, -2.67671) -> 2241 (3.65581, -1.98815)
    2616 (13.5312, -6.72902) -> 332 (13.8303, -6.61364)
    2617 (15.3811, 10.5593) -> 265 (15.6095, 10.5595)
    2618 (-9.66895, -1.26034) -> 1183 (-9.9036, -1.61183)
    2619 (5.23107, -0.3866) -> 498 (5.59936, -0.783452)
    2620 (-7.38938, -0.0296182) -> 850 (-7.21659, -0.186318)
    2621 (-6.67215, -8.47588) -> 2152 (-6.5598, -8.22276)
    2622 (-7.80052, 10.2852) -> 2330 (-7.39712, 10.4299)
    2623 (22.1613, -8.39968) -> 1344 (22.4123, -8.18774)
    2624 (6.32144, 10.7849) -> 428 (6.2229, 10.1838)
    2625 (1.09216, 17.9642) -> 900 (1.64103, 17.5654)
    2626 (7.46446, 1.65268) -> 2335 (7.28587, 1.13151)
    2627 (-8.05487, 19.5457) -> 1931 (-8.20708, 19.6179)
    2628 (13.374, 5.81394) -> 960 (13.1564, 5.88061)
    2629 (9.84337, 7.05812) -> 136 (9.66456, 6.86207)
    2630 (17.6203, 1.17539) -> 2539 (17.3789, 1.5976)
    2631 (9.33974, 21.2934) -> 165 (9.05853, 21.2063)
    2632 (-2.60227, 11.4446) -> 259 (-2.20324, 11.22)
    2633 (11.2259, -3.26299) -> 1308 (11.738, -2.74744)
    2634 (10.5475, -0.822396) -> 1969 (10.3562, -0.680726)
    2635 (-7.24882, 0.572481) -> 434 (-6.74722, 0.82343)
    2636 (19.8919, -7.23052) -> 1480 (20.017, -7.0695)
    2637 (-11.6255, 9.46823) -> 855 (-11.7978, 9.32132)
    2638 (-2.14343, 4.73286) -> 1734 (-2.61649, 4.44933)
    2639 (2.82084, -11.411) -> 2450 (2.52761, -11.3011)
    2640 (5.70637, 0.401749) -> 1468 (5.90494, 0.181204)
    2641 (-0.772346, -1.74281) -> 671 (-0.720464, -1.25046)
    2642 (6.5884, 0.255589) -> 1432 (6.52424, -0.343573)
    2643 (2.71952, 13.2594) -> 2135 (2.67525, 13.2418)
    2644 (0.76578, -11.7172) -> 2084 (0.394643, -11.1396)
    2645 (-4.96114, 6.2275) -> 27 (-4.89586, 6.13715)
    2646 (-2.36145, 16.1168) -> 1893 (-2.35323, 16.3895)
    2647 (20.354, 12.0136) -> 1833 (20.6171, 12.4304)
    2648 (16.8994, 14.4223) -> 304 (16.4068, 14.0166)
    2649 (21.2168, 22.7792) -> 879 (20.8199, 22.9745)
    2650 (0.593652, 6.1796) -> 2014 (0.910677, 6.51644)
    2651 (-5.34898, -3.98589) -> 1506 (-5.28856, -4.00794)
    2652 (14.4462, 24.2061) -> 440 (14.5777, 23.8579)
    2653 (13.5441, 7.47963) -> 83 (13.6235, 7.49)
    2654 (-7.39149, -9.5869) -> 2220 (-7.68214, -9.47677)
    2655 (11.2056, -5.28172) -> 1388 (11.2911, -4.73803)
    2656 (-5.7532, -9.28776) -> 1892 (-6.25008, -9.12969)
    2657 (14.2844, -3.44933) -> 2593 (14.2049, -3.28108)
    2658 (-10.0516, -9.76595) -> 342 (-10.2693, -9.21192)
    2659 (13.6574, -11.5339) -> 1543 (14.1263, -11.5229)
    2660 (24.3325, 14.3255) -> 2448 (24.537, 14.2993)
    2661 (11.5535, -0.193469) -> 37 (11.3396, -0.0728614)
    2662 (-2.82845, -1.0639) -> 2308 (-2.8737, -1.57789)
    2663 (20.4649, -1.7447) -> 68 (20.2699, -2.0704)
    2664 (-7.20752, -5.60685) -> 1881 (-7.10217, -5.64362)
    2665 (-8.30234, 22.7519) -> 700 (-8.09917, 23.0021)
    2666 (11.189, 3.35601) -> 1588 (11.1169, 3.37919)
    2667 (5.86598, 1.35952) -> 238 (6.14419, 1.43798)
    2668 (3.0636, 13.8468) -> 2161 (3.18666, 14.1459)
    2669 (2.9533, 1.20324) -> 1540 (2.29059, 1.61741)
    2670 (7.79939, 18.6477) -> 35 (7.65066, 18.6265)
    2671 (3.57264, -8.10896) -> 70 (3.23309, -7.9474)
    2672 (-9.57602, 14.5642) -> 1718 (-9.49447, 14.2537)
    2673 (0.509882, 17.9576) -> 599 (0.408961, 17.4416)
    2674 (-5.77862, 18.9418) -> 1215 (-5.53032, 19.5302)
    2675 (2.89289, -9.03454) -> 374 (3.06804, -9.08806)
    2676 (0.250198, -1.19255) -> 1274 (0.135543, -1.30577)
    2677 (-9.73808, 24.0272) -> 2275 (-9.63696, 23.9025)
    2678 (7.97831, -8.49617) -> 1038 (7.80731, -8.52784)
    2679 (9.88014, -11.4847) -> 2036 (9.8682, -11.2011)
    2680 (9.38866, 17.3701) -> 1570 (9.28204, 17.2995)
    2681 (8.559, 3.83455) -> 2325 (8.44271, 3.20498)
    2682 (5.47483, 12.7894) -> 1400 (5.44816, 12.9515)
    2683 (12.5862, -7.87471) -> 1575 (12.9874, -7.64114)
    2684 (5.06963, 12.8956) -> 1643 (4.71303, 13.0073)
    2685 (20.0214, 19.2999) -> 2115 (20.1134, 19.2607)
    2686 (-3.55591, 23.0668) -> 2442 (-3.93186, 23.4258)
    2687 (3.60094, 1.83365) -> 2409 (3.70018, 2.07048)
    2688 (6.7162, -4.36269) -> 382 (6.74223, -4.70458)
    2689 (18.4251, 3.80063) -> 73 (18.8418, 4.10591)
    2690 (13.9889, -11.5697) -> 1543 (14.1263, -11.5229)
    2691 (16.369, 16.4679) -> 618 (16.2498, 15.9831)
    2692 (-3.6941, -7.07699) -> 2434 (-3.47681, -7.23153)
    2693 (17.5077, -3.47144) -> 1348 (17.9323, -3.41645)
    2694 (5.54774, -6.52709) -> 1362 (5.33576, -6.59314)
    2695 (17.8642, 16.1618) -> 1046 (18.3142, 16.3458)
    2696 (2.93545, 16.5518) -> 1913 (2.56423, 16.9937)
    2697 (16.0462, -4.32575) -> 322 (15.8215, -3.9115)
    2698 (8.84555, 17.98) -> 2137 (9.2818, 17.8207)
    2699 (-3.73322, 10.6588) -> 1606 (-3.62041, 10.9989)
    2700 (-9.69338, 6.12496) -> 1276 (-9.93918, 5.79481)
    2701 (24.5418, 5.71718) -> 1008 (24.9565, 5.35838)
    2702 (17.2248, 1.78463) -> 483 (17.1902, 1.61256)
    2703 (4.84883, 19.0312) -> 631 (4.30585, 19.043)
    2704 (21.2263, -8.60082) -> 196 (21.4626, -8.93272)
    2705 (22.7271, -11.3756) -> 264 (22.7853, -11.3949)
    2706 (19.5566, 7.31934) -> 1149 (19.968, 7.53807)
    2707 (15.1531, 17.6289) -> 691 (15.1747, 17.8036)
    2708 (13.2114, -0.475072) -> 2482 (13.2402, -0.496571)
    2709 (8.1813, -1.3502) -> 705 (8.24425, -1.02891)
    2710 (3.17742, 7.61693) -> 2259 (2.68697, 6.77018)
    2711 (6.55065, -9.75132) -> 439 (6.57357, -9.89471)
    2712 (-2.88654, 18.1156) -> 1205 (-2.76349, 18.0646)
    2713 (-8.40475, 4.54847) -> 64 (-8.39696, 4.15649)
    2714 (19.516, -3.25) -> 692 (19.5138, -3.52161)
    2715 (-5.12653, -2.71146) -> 292 (-5.10985, -2.93083)
    2716 (22.514, 19.3084) -> 2367 (22.7039, 19.1232)
    2717 (-0.457586, 18.3469) -> 2518 (-0.163222, 18.2098)
    2718 (13.5933, 4.61587) -> 986 (13.472, 4.6284)
    2719 (2.48252, 8.15078) -> 2710 (3.17742, 7.61693)
    2720 (4.74017, 15.114) -> 549 (4.27759, 15.1191)
    2721 (3.49778, 22.5081) -> 1836 (3.57251, 23.1437)
    2722 (0.668258, 20.0615) -> 666 (0.406829, 20.3067)
    2723 (13.6004, 15.9977) -> 251 (13.3362, 15.8189)
    2724 (11.2126, 16.2413) -> 1516 (11.4614, 16.614)
    2725 (11.2691, 8.53069) -> 1961 (11.8777, 8.67161)
    2726 (9.37035, -1.52824) -> 2487 (9.52539, -1.57896)
    2727 (-6.37053, 5.15217) -> 23 (-6.15226, 5.3749)
    2728 (19.5284, -3.02979) -> 2714 (19.516, -3.25)
    2729 (10.0385, 5.24356) -> 1306 (10.2597, 5.45691)
    2730 (21.1484, 4.85301) -> 2592 (20.963, 4.62557)
    2731 (11.2983, -8.78456) -> 2021 (11.1638, -8.69591)
    2732 (11.8688, -1.3758) -> 837 (11.8816, -1.48787)
    2733 (4.44316, 7.67474) -> 813 (4.7271, 7.40777)
    2734 (22.7486, -9.52783) -> 272 (22.8296, -9.08975)
    2735 (20.4747, -11.4117) -> 2258 (20.588, -11.8605)
    2736 (20.7834, 22.7255) -> 879 (20.8199, 22.9745)
    2737 (20.8382, 21.4634) -> 1897 (21.1762, 21.3744)
    2738 (20.1086, 11.9284) -> 2647 (20.354, 12.0136)
    2739 (19.2471, 22.7608) -> 431 (19.4894, 22.5631)
    2740 (7.78157, 22.1733) -> 2262 (7.54217, 21.7256)
    2741 (11.7735, -2.68434) -> 1308 (11.738, -2.74744)
    2742 (19.7768, 21.5737) -> 2004 (19.1861, 21.7204)
    2743 (13.4573, 9.99735) -> 1169 (14.0016, 10.4512)
    2744 (-10.0184, -7.66953) -> 1786 (-10.7344, -7.96843)
    2745 (-3.70576, 12.5087) -> 904 (-3.80641, 12.6606)
    2746 (-10.8551, 9.64187) -> 128 (-11.3028, 9.90285)
    2747 (21.4954, -7.36594) -> 2018 (21.7577, -7.61692)
    2748 (11.7307, 1.0206) -> 337 (11.28, 1.13034)
    2749 (23.9427, 13.7812) -> 1235 (23.8962, 14.1619)
    2750 (-6.9892, 0.479722) -> 2635 (-7.24882, 0.572481)
    2751 (-0.0165024, 20.3676) -> 666 (0.406829, 20.3067)
    2752 (-5.37083, -3.51528) -> 849 (-5.29956, -3.24071)
    2753 (-7.03876, 10.3786) -> 405 (-7.10536, 10.2286)
    2754 (-5.37586, 6.86308) -> 218 (-5.31, 6.75081)
    2755 (-1.4674, -1.66929) -> 2641 (-0.772346, -1.74281)
    2756 (-10.3914, 5.82944) -> 1247 (-10.0135, 5.74705)
    2757 (11.4034, 0.51985) -> 594 (11.3405, 0.386646)
    2758 (24.2632, 5.53257) -> 2701 (24.5418, 5.71718)
    2759 (-10.1071, 7.61779) -> 1243 (-9.92298, 7.71823)
    2760 (20.257, 14.2398) -> 2447 (20.0979, 14.2142)
    2761 (11.1819, -2.84081) -> 2633 (11.2259, -3.26299)
    2762 (9.20993, 8.0561) -> 983 (9.47061, 7.57949)
    2763 (-4.92005, -0.59576) -> 1504 (-5.08084, -1.14603)
    2764 (-2.74082, -5.84542) -> 1641 (-2.51402, -5.66976)
    2765 (23.4224, 18.1665) -> 881 (23.3619, 18.3822)
    2766 (8.15489, 17.228) -> 710 (8.19844, 17.1373)
    2767 (-8.45592, 21.66) -> 1331 (-8.85305, 21.5775)
    2768 (14.9194, 22.3933) -> 896 (14.984, 22.4429)
    2769 (17.9196, 2.46652) -> 394 (17.905, 2.75284)
    2770 (0.0770629, -5.05801) -> 114 (0.180068, -5.09415)
    2771 (1.5781, 3.55863) -> 153 (1.27904, 3.67198)
    2772 (1.36959, 6.66207) -> 2014 (0.910677, 6.51644)
    2773 (21.5488, 9.55042) -> 2472 (21.7345, 9.34512)
    2774 (-11.1426, -6.44169) -> 2218 (-11.1941, -6.02345)
    2775 (10.72, 4.18954) -> 145 (10.3499, 3.90451)
    2776 (-0.529727, 8.56801) -> 1236 (-0.302348, 8.8927)
    2777 (-2.93437, 6.08186) -> 1996 (-2.86723, 5.92072)
    2778 (15.2467, 6.88966) -> 2038 (15.5606, 6.20905)
    2779 (14.3777, -5.1875) -> 2240 (14.0516, -5.31314)
    2780 (16.0607, -5.83909) -> 685 (15.792, -6.26199)
    2781 (1.86222, 15.5467) -> 923 (1.61864, 15.4606)
    2782 (11.3109, 9.03031) -> 593 (11.2794, 9.51471)
    2783 (1.78573, 23.0004) -> 1759 (1.8647, 22.7605)
    2784 (13.0068, 2.40155) -> 2444 (13.3373, 2.48343)
    2785 (-7.86889, 19.4366) -> 2627 (-8.05487, 19.5457)
    2786 (-2.87701, 9.26994) -> 1975 (-2.95462, 9.49725)
    2787 (-7.38623, 1.21558) -> 584 (-7.39083, 1.28247)
    2788 (4.0096, 10.599) -> 320 (4.09681, 10.512)
    2789 (17.8076, 0.71657) -> 2630 (17.6203, 1.17539)
    2790 (18.8764, -7.29582) -> 2141 (18.9403, -7.29103)
    2791 (4.24538, 19.3703) -> 631 (4.30585, 19.043)
    2792 (23.1123, 15.5257) -> 174 (23.054, 15.2937)
    2793 (20.2055, 2.79023) -> 1419 (20.6315, 2.76545)
    2794 (23.758, 12.8275) -> 2324 (24.0353, 12.2106)
    2795 (10.3028, -10.4992) -> 2582 (10.1605, -10.0757)
    2796 (-9.90633, -12.2063) -> 2131 (-10.4857, -12.2715)
    2797 (9.85557, -10.8768) -> 2036 (9.8682, -11.2011)
    2798 (13.9736, 23.3955) -> 2143 (14.1331, 23.6812)
    2799 (-1.7952, 17.329) -> 2063 (-1.99847, 17.4529)
    2800 (-11.3072, 2.21176) -> 2512 (-11.8755, 2.13179)
    2801 (7.66202, -3.36688) -> 2065 (7.98551, -3.6244)
    2802 (11.9434, 15.9169) -> 2293 (11.8604, 16.6155)
    2803 (-10.0812, -9.50981) -> 2658 (-10.0516, -9.76595)
    2804 (-3.32218, 24.6835) -> 512 (-3.62847, 24.3066)
    2805 (-9.73776, -11.1338) -> 2140 (-9.3446, -11.3239)
    2806 (0.159355, 22.5775) -> 2248 (0.23187, 22.4392)
    2807 (18.1092, 3.75595) -> 2689 (18.4251, 3.80063)
    2808 (10.1699, 21.4297) -> 1044 (10.2993, 21.6032)
    2809 (15.2339, 12.109) -> 2495 (15.194, 11.9623)
    2810 (-1.84442, 0.952598) -> 2170 (-1.67738, 1.33749)
    2811 (5.05481, 23.7066) -> 871 (4.81076, 23.8736)
    2812 (17.5362, 8.0129) -> 1993 (18.0429, 8.53161)
    2813 (11.8732, -2.29166) -> 2536 (12.1363, -2.43694)
    2814 (3.70469, 6.97564) -> 978 (4.169, 6.84816)
    2815 (-5.09967, -4.80481) -> 853 (-5.05889, -4.50218)
    2816 (17.0171, 8.10625) -> 591 (16.7977, 8.28211)
    2817 (-3.63345, 16.9187) -> 1967 (-3.61412, 16.7742)
    2818 (15.1739, 17.8769) -> 691 (15.1747, 17.8036)
    2819 (-8.74615, 17.0298) -> 2055 (-8.40125, 16.9989)
    2820 (17.9455, -5.15975) -> 2388 (17.6088, -4.76137)
    2821 (13.13, 10.6643) -> 1078 (13.3884, 10.9899)
    2822 (4.24571, -1.02084) -> 2103 (4.22795, -1.03341)
    2823 (11.8072, 6.72396) -> 791 (11.8454, 6.28445)
    2824 (-9.43475, -4.71703) -> 553 (-9.32919, -4.65909)
    2825 (18.4655, 18.1606) -> 1399 (18.3684, 18.44)
    2826 (24.2169, -3.42982) -> 2363 (23.8025, -3.13107)
    2827 (19.026, 13.3999) -> 916 (18.8528, 13.5665)
    2828 (9.95687, -10.2353) -> 2582 (10.1605, -10.0757)
    2829 (3.63134, 1.02876) -> 1199 (3.7745, 0.91765)
    2830 (3.98056, 0.0208934) -> 2437 (3.78802, 0.214375)
    2831 (18.623, 11.0695) -> 1609 (18.1465, 10.168)
    2832 (-4.31755, 7.20715) -> 31 (-4.57396, 7.34088)
    2833 (-7.50427, -12.121) -> 2602 (-7.504, -12.1272)
    2834 (0.783934, 7.86094) -> 1033 (1.07062, 7.96124)
    2835 (-11.7788, 5.96596) -> 1317 (-11.7593, 5.89859)
    2836 (-10.696, 16.1437) -> 1061 (-10.5095, 16.4662)
    2837 (10.5867, 7.22592) -> 513 (10.7475, 7.08266)
    2838 (2.74884, -3.36851) -> 758 (2.86077, -3.64049)
    2839 (14.3968, 4.79169) -> 1775 (14.167, 4.85006)
    2840 (3.22676, 1.28175) -> 2669 (2.9533, 1.20324)
    2841 (-11.1675, 24.5181) -> 1082 (-10.6577, 24.1177)
    2842 (13.7048, 3.26861) -> 962 (13.7092, 3.10432)
    2843 (16.7385, -4.20157) -> 2239 (16.4102, -3.93878)
    2844 (6.52056, 12.2232) -> 1453 (6.61691, 12.3213)
    2845 (-12.1752, 21.3175) -> 1007 (-11.6561, 20.968)
    2846 (4.4308, 18.4958) -> 1707 (4.4429, 18.6285)
    2847 (18.1307, 0.704307) -> 2789 (17.8076, 0.71657)
    2848 (-1.83656, -4.73891) -> 961 (-1.859, -4.74824)
    2849 (16.8678, 5.96776) -> 888 (17.2792, 5.64615)
    2850 (11.6711, 19.9154) -> 669 (11.7108, 19.9954)
    2851 (-6.33531, -0.216987) -> 88 (-6.1995, -0.666486)
    2852 (-0.0887052, 19.9202) -> 1295 (-0.301132, 19.6132)
    2853 (4.0843, -1.0678) -> 2103 (4.22795, -1.03341)
    2854 (-10.7204, 9.58445) -> 2746 (-10.8551, 9.64187)
    2855 (-4.69604, -9.38007) -> 1258 (-4.52886, -9.80937)
    2856 (15.5544, 21.8316) -> 918 (15.2902, 21.9134)
    2857 (14.4356, -10.4101) -> 1401 (14.4128, -10.5391)
    2858 (-0.738572, 12.8436) -> 624 (-0.668433, 12.907)
    2859 (4.91036, 24.3951) -> 871 (4.81076, 23.8736)
    2860 (7.65042, 20.8803) -> 260 (7.95932, 21.0108)
    2861 (-2.38975, 11.556) -> 2632 (-2.60227, 11.4446)
    2862 (-0.40955, 15.7382) -> 2101 (-0.595988, 15.8567)
    2863 (9.57219, 21.619) -> 2631 (9.33974, 21.2934)
    2864 (-9.527, -6.34472) -> 1554 (-9.28337, -6.93513)
    2865 (-5.29665, 13.937) -> 1888 (-4.96795, 13.8215)
    2866 (2.71111, 12.2404) -> 1396 (2.75886, 12.4869)
    2867 (4.04054, -0.643379) -> 1071 (4.19166, -0.873006)
    2868 (-11.9119, -2.40819) -> 1807 (-11.6763, -2.61036)
    2869 (-12.4179, 24.0958) -> 678 (-12.2124, 24.3106)
    2870 (-10.7091, 7.81619) -> 116 (-10.5004, 7.65549)
    2871 (-4.00009, -9.07268) -> 1158 (-3.96302, -9.05377)
    2872 (-8.01538, 19.1212) -> 672 (-7.70088, 19.0512)
    2873 (-1.25342, -6.93624) -> 2570 (-1.00832, -7.03016)
    2874 (18.9509, -1.43544) -> 152 (19.111, -1.25877)
    2875 (-11.6403, -3.44933) -> 360 (-11.4026, -3.48808)
    2876 (-4.26551, 4.16671) -> 2561 (-4.53126, 3.67258)
    2877 (24.0402, 13.5019) -> 2749 (23.9427, 13.7812)
    2878 (-12.1963, 17.9064) -> 1889 (-12.0663, 17.6651)
    2879 (-3.02789, 3.67474) -> 2296 (-2.68875, 3.32305)
    2880 (-7.19938, 15.7765) -> 651 (-6.88106, 15.7545)
    2881 (18.661, 5.54771) -> 839 (19.1722, 5.94985)
    2882 (-2.72844, -8.79849) -> 538 (-2.57014, -8.88577)
    2883 (22.8284, 19.3579) -> 1850 (22.8937, 19.3513)
    2884 (8.95792, 5.98295) -> 380 (8.50096, 5.77021)
    2885 (7.87446, 16.2613) -> 1440 (8.63615, 16.1481)
    2886 (18.2614, 24.8486) -> 2116 (18.1882, 24.6664)
    2887 (-3.64921, -12.3731) -> 1037 (-3.93013, -12.127)
    2888 (23.3165, 22.1311) -> 1009 (22.6682, 22.3618)
    2889 (7.44679, -6.97926) -> 46 (7.07631, -6.83853)
    2890 (-9.37596, 15.2883) -> 788 (-9.0779, 15.6747)
    2891 (-10.9896, 9.9728) -> 128 (-11.3028, 9.90285)
    2892 (20.8655, 12.4264) -> 1833 (20.6171, 12.4304)
    2893 (14.5328, -12.2201) -> 168 (14.6806, -12.0832)
    2894 (-5.09795, 1.18858) -> 51 (-5.73873, 1.27971)
    2895 (-5.86318, -6.65321) -> 920 (-5.84708, -6.78992)
    2896 (-3.28078, -7.68803) -> 1613 (-3.28139, -7.19341)
    2897 (7.43767, 9.93354) -> 2043 (7.71597, 9.71964)
    2898 (-11.8768, 12.7609) -> 1436 (-12.0783, 12.6801)
    2899 (10.3305, -5.2185) -> 1458 (10.5679, -4.77362)
    2900 (8.76571, 8.08108) -> 2762 (9.20993, 8.0561)
    2901 (-5.15303, -11.2263) -> 2302 (-5.43722, -11.6119)
    2902 (11.9739, 2.20315) -> 1055 (12.2268, 1.83908)
    2903 (-1.72457, 24.3245) -> 395 (-1.90482, 24.0616)
    2904 (2.77539, -7.95057) -> 2054 (2.7671, -8.10357)
    2905 (8.50661, 10.7248) -> 1085 (8.14383, 10.6529)
    2906 (-10.4773, 0.708697) -> 517 (-10.301, 0.056481)
    2907 (18.2964, 8.61005) -> 1993 (18.0429, 8.53161)
    2908 (11.2079, 2.91025) -> 2666 (11.189, 3.35601)
    2909 (15.4918, -2.96794) -> 2047 (15.5517, -3.26038)
    2910 (5.97342, -9.25851) -> 95 (5.50693, -9.36662)
    2911 (2.29238, 22.2724) -> 2238 (2.40093, 22.8565)
    2912 (0.354103, 2.04813) -> 861 (0.0545212, 1.83009)
    2913 (11.4838, 24.639) -> 2537 (10.8005, 24.6192)
    2914 (4.40756, -10.4991) -> 598 (4.8754, -10.6643)
    2915 (-5.31457, 20.2519) -> 20 (-5.15702, 19.7384)
    2916 (1.3792, -8.92483) -> 702 (1.41046, -8.73049)
    2917 (8.41003, -9.7534) -> 1873 (9.02979, -9.59814)
    2918 (9.94232, 17.4205) -> 2521 (9.97454, 17.4525)
    2919 (-4.11575, -0.882622) -> 1146 (-3.96143, -0.995002)
    2920 (17.1681, 12.4969) -> 1783 (16.9899, 12.5527)
    2921 (18.7647, 0.835465) -> 1891 (18.9563, 0.733111)
    2922 (-2.15948, 21.3517) -> 1424 (-2.46823, 21.6109)
    2923 (15.4722, 15.5752) -> 1416 (14.8038, 15.1998)
    2924 (23.546, 13.5136) -> 2104 (23.1383, 13.6782)
    2925 (-6.34558, 12.3321) -> 321 (-6.17526, 12.2787)
    2926 (20.0339, 3.15495) -> 2793 (20.2055, 2.79023)
    2927 (-9.55352, -0.754869) -> 1250 (-9.52235, -0.722934)
    2928 (-7.79333, 22.215) -> 992 (-7.85337, 22.5819)
    2929 (3.65807, -11.7363) -> 1729 (3.33694, -11.7741)
    2930 (16.2675, 8.07779) -> 1591 (16.4099, 7.83678)
    2931 (-3.30791, 21.288) -> 628 (-3.14147, 21.6525)
    2932 (2.48577, 21.3005) -> 739 (2.60971, 21.4774)
    2933 (23.5216, -11.3028) -> 922 (23.7661, -11.4159)
    2934 (-8.08887, 20.1989) -> 1931 (-8.20708, 19.6179)
    2935 (18.3411, 9.03896) -> 2907 (18.2964, 8.61005)
    2936 (12.8522, -9.59661) -> 1918 (12.5592, -9.60086)
    2937 (5.04895, 7.48589) -> 813 (4.7271, 7.40777)
    2938 (0.960527, -6.51745) -> 687 (1.1759, -6.67447)
    2939 (18.4041, 8.80092) -> 2907 (18.2964, 8.61005)
    2940 (16.6749, 10.4651) -> 1364 (17.0298, 10.5556)
    2941 (-2.1805, 10.6487) -> 2439 (-2.36874, 10.4959)
    2942 (-5.08492, -7.73981) -> 933 (-6.05239, -7.37116)
    2943 (3.96897, 19.4337) -> 545 (3.91101, 19.4182)
    2944 (17.2313, 12.6221) -> 2920 (17.1681, 12.4969)
    2945 (6.68002, -1.69108) -> 1264 (6.87692, -1.61704)
    2946 (10.9263, 5.73647) -> 2373 (10.6604, 6.23389)
    2947 (-6.09347, 15.2209) -> 252 (-6.26059, 15.3444)
    2948 (3.51655, 21.6127) -> 1101 (3.04019, 21.3797)
    2949 (11.9593, 4.06445) -> 660 (12.1668, 4.34071)
    2950 (-1.2973, -12.1206) -> 890 (-1.08474, -11.8644)
    2951 (-11.0684, 24.0175) -> 2167 (-10.6953, 23.9396)
    2952 (18.567, -12.0731) -> 2321 (18.4682, -12.1693)
    2953 (-0.328308, 5.63836) -> 2501 (-0.198591, 5.64605)
    2954 (-1.79083, 21.804) -> 2315 (-2.14121, 22.006)
    2955 (7.0445, 11.8737) -> 2029 (6.91478, 11.2989)
    2956 (-0.282507, -0.141782) -> 2298 (-0.215689, -0.217775)
    2957 (-6.31946, 21.1406) -> 1077 (-6.49482, 20.9901)
    2958 (5.54876, 6.71402) -> 2001 (5.47852, 6.58889)
    2959 (13.654, 19.7827) -> 65 (13.4981, 19.778)
    2960 (5.84428, 24.364) -> 1107 (5.83041, 24.3126)
    2961 (-5.27197, 11.2617) -> 120 (-4.97008, 11.2657)
    2962 (-5.15722, 9.81142) -> 1664 (-5.39, 9.90801)
    2963 (5.6045, 8.15264) -> 14 (5.75984, 8.22219)
    2964 (9.09305, 1.0867) -> 2215 (9.35303, 1.03795)
    2965 (1.25102, 2.7348) -> 550 (1.28807, 2.70488)
    2966 (23.867, 4.09582) -> 1377 (23.7285, 4.0285)
    2967 (1.90005, 11.9283) -> 2525 (1.71728, 11.9031)
    2968 (-11.786, 13.3531) -> 2898 (-11.8768, 12.7609)
    2969 (0.855088, 22.031) -> 2359 (1.08062, 22.4882)
    2970 (-8.83351, 13.3172) -> 454 (-8.84122, 13.5203)
    2971 (2.84767, 14.6223) -> 877 (2.95758, 14.5074)
    2972 (-4.38789, 18.237) -> 2357 (-3.9288, 18.0301)
    2973 (-12.2903, -0.143384) -> 1564 (-12.1285, -1.001)
    2974 (19.3405, 16.7774) -> 167 (19.4486, 17.3205)
    2975 (19.5303, -9.95057) -> 507 (19.9316, -9.89719)
    2976 (14.4938, -8.21834) -> 950 (14.3968, -7.32458)
    2977 (-4.68834, -0.670998) -> 2763 (-4.92005, -0.59576)
    2978 (7.04027, -9.17947) -> 293 (7.06282, -9.09569)
    2979 (-3.71373, 2.46942) -> 1267 (-3.61353, 2.40632)
    2980 (21.2736, 14.6199) -> 1329 (21.6765, 14.99)
    2981 (1.82608, 11.4121) -> 542 (1.85665, 11.6439)
    2982 (7.38769, 14.7739) -> 381 (7.56908, 14.9947)
    2983 (15.2737, 0.503111) -> 1843 (15.1814, 0.401637)
    2984 (-1.87676, -4.50482) -> 2848 (-1.83656, -4.73891)
    2985 (-5.27154, -10.9539) -> 2901 (-5.15303, -11.2263)
    2986 (14.9151, 6.2717) -> 112 (14.897, 5.94789)
    2987 (14.3711, 2.03775) -> 2157 (14.7751, 2.04739)
    2988 (15.1892, -11.6172) -> 1812 (14.8101, -11.7692)
    2989 (21.0474, -4.44408) -> 921 (21.1107, -4.76398)
    2990 (-3.03293, 6.74679) -> 779 (-3.05096, 6.7501)
    2991 (11.89, -10.9134) -> 2205 (12.3559, -10.6302)
    2992 (9.5215, -5.51217) -> 917 (9.8155, -5.46242)
    2993 (-3.3458, 17.6687) -> 1047 (-3.55364, 17.8676)
    2994 (12.7725, 24.7881) -> 828 (13.1137, 24.0096)
    2995 (-11.1451, -4.25269) -> 436 (-11.6985, -4.48798)
    2996 (-11.8126, 24.4591) -> 678 (-12.2124, 24.3106)
    2997 (20.5884, 12.1382) -> 2647 (20.354, 12.0136)
    2998 (-2.11472, 9.2198) -> 1669 (-1.92268, 9.33598)
    2999 (5.71108, -9.89661) -> 95 (5.50693, -9.36662)
    3000 (14.8304, -11.0712) -> 802 (14.6309, -11.175)
    3001 (23.6848, 8.65588) -> 1197 (23.4123, 8.84502)
    3002 (1.10978, -1.27884) -> 1190 (1.20134, -1.00115)
    3003 (1.2249, 21.3368) -> 2247 (1.05381, 21.4705)
    3004 (-5.1724, 23.2373) -> 1357 (-4.90385, 23.2812)
    3005 (-2.29232, -2.17699) -> 1749 (-2.83748, -2.15108)
    3006 (1.23493, 12.4742) -> 636 (1.46853, 12.7546)
    3007 (10.0147, 7.65675) -> 983 (9.47061, 7.57949)
    3008 (-6.55106, 16.7046) -> 1327 (-7.05396, 16.7728)
    3009 (15.8299, -3.72087) -> 322 (15.8215, -3.9115)
    3010 (13.6207, 5.73805) -> 2250 (13.816, 5.77864)
    3011 (15.6749, 2.67021) -> 1066 (15.7808, 2.80977)
    3012 (12.2884, 16.884) -> 1430 (12.3342, 16.5932)
    3013 (21.7088, 2.26278) -> 1963 (21.6966, 2.69126)
    3014 (24.4406, 0.0811125) -> 1745 (23.9067, -0.0035774)
    3015 (-7.91538, 1.98103) -> 1523 (-7.93186, 1.79015)
    3016 (3.66886, 5.09977) -> 862 (4.03444, 5.15271)
    3017 (-6.29161, -3.28598) -> 2605 (-6.14598, -3.46685)
    3018 (7.81477, -2.13245) -> 30 (7.82857, -2.29353)
    3019 (-4.15408, 20.3306) -> 1614 (-3.62786, 20.1413)
    3020 (-9.38186, -11.9974) -> 2176 (-9.46173, -11.5795)
    3021 (10.8521, 23.3775) -> 698 (11.1251, 23.3302)
    3022 (18.3345, 1.14812) -> 491 (18.7096, 1.41455)
    3023 (20.8341, -0.728743) -> 969 (21.5159, -0.480118)
    3024 (-1.98224, 21.8341) -> 2954 (-1.79083, 21.804)
    3025 (9.81166, 8.35591) -> 2762 (9.20993, 8.0561)
    3026 (12.1256, 23.7329) -> 1578 (11.5969, 23.7485)
    3027 (-9.61232, 19.3156) -> 1191 (-9.73935, 18.7833)
    3028 (8.23305, -3.80098) -> 2065 (7.98551, -3.6244)
    3029 (-6.11931, 21.1617) -> 2957 (-6.31946, 21.1406)
    3030 (17.7859, 14.2116) -> 211 (17.6725, 14.0966)
    3031 (12.9359, 20.4573) -> 2049 (12.5988, 20.5954)
    3032 (12.2793, -10.2538) -> 214 (12.2553, -10.2326)
    3033 (14.6449, -10.4132) -> 2857 (14.4356, -10.4101)
    3034 (21.3544, 0.450604) -> 2317 (21.1044, 0.965432)
    3035 (13.6663, 6.6953) -> 2573 (13.2626, 7.02038)
    3036 (17.3615, 3.07422) -> 1369 (17.2947, 3.18799)
    3037 (15.726, -4.59344) -> 2697 (16.0462, -4.32575)
    3038 (10.2944, 18.1913) -> 2197 (10.1805, 18.2401)
    3039 (-0.371699, 16.2218) -> 4 (-0.610792, 16.1855)
    3040 (13.1314, 7.50551) -> 2653 (13.5441, 7.47963)
    3041 (19.9284, -7.67249) -> 1681 (19.9022, -7.51465)
    3042 (-1.34016, 7.85465) -> 908 (-1.09167, 8.25028)
    3043 (9.06342, 5.85755) -> 2884 (8.95792, 5.98295)
    3044 (-12.3465, 2.59215) -> 2072 (-12.0051, 2.8622)
    3045 (18.2332, -11.3409) -> 2189 (17.8574, -11.535)
    3046 (1.00168, 2.41676) -> 643 (0.881151, 2.51616)
    3047 (10.3306, 17.1944) -> 1625 (10.331, 16.9795)
    3048 (-0.700547, 13.699) -> 771 (-1.23594, 13.8494)
    3049 (17.3366, 13.1785) -> 852 (17.6614, 12.9503)
    3050 (12.6085, 6.15229) -> 1042 (12.6786, 6.20836)
    3051 (0.184827, 4.49368) -> 1534 (-0.0557861, 4.22037)
    3052 (-2.23181, 9.53249) -> 2998 (-2.11472, 9.2198)
    3053 (12.4523, -3.2058) -> 1373 (12.1937, -3.28717)
    3054 (-5.25553, 23.6593) -> 1799 (-5.64429, 23.7862)
    3055 (24.0642, -7.69138) -> 420 (24.0684, -7.67085)
    3056 (-4.85878, -12.4796) -> 582 (-4.33934, -12.1706)
    3057 (12.2339, -2.15134) -> 874 (12.0685, -2.05654)
    3058 (7.12796, 16.9135) -> 1272 (7.11716, 17.0828)
    3059 (6.29062, 0.885802) -> 2588 (6.63018, 1.15155)
    3060 (-3.30203, 14.7829) -> 630 (-3.35011, 14.5874)
    3061 (-11.3007, 10.0534) -> 128 (-11.3028, 9.90285)
    3062 (-2.45961, 23.3052) -> 1039 (-2.01875, 22.7139)
    3063 (5.83558, 7.27188) -> 1193 (6.00534, 7.25451)
    3064 (17.9497, 0.358013) -> 2789 (17.8076, 0.71657)
    3065 (22.8473, 19.5085) -> 2883 (22.8284, 19.3579)
    3066 (4.40192, -10.6737) -> 2914 (4.40756, -10.4991)
    3067 (19.6807, 4.01305) -> 1293 (19.5471, 3.58744)
    3068 (4.07825, 1.69926) -> 1784 (4.37935, 1.83075)
    3069 (22.4609, 21.1177) -> 1920 (22.5739, 20.409)
    3070 (12.0303, -4.76586) -> 1971 (11.9344, -4.73347)
    3071 (19.1668, 17.2115) -> 167 (19.4486, 17.3205)
    3072 (8.73075, -10.0606) -> 2917 (8.41003, -9.7534)
    3073 (8.64222, 3.69557) -> 2681 (8.559, 3.83455)
    3074 (-10.7048, 7.0278) -> 1883 (-10.938, 6.9568)
    3075 (-9.93163, 13.3371) -> 197 (-10.4706, 13.0888)
    3076 (11.3966, -12.1293) -> 726 (11.6915, -12.1998)
    3077 (2.94875, -1.9446) -> 458 (2.46682, -2.20771)
    3078 (13.7451, -8.61643) -> 2415 (13.7025, -8.67603)
    3079 (-11.0547, 22.7248) -> 1478 (-11.409, 22.6119)
    3080 (-7.77132, 1.07528) -> 2787 (-7.38623, 1.21558)
    3081 (14.8081, -0.350038) -> 2144 (14.9265, -0.640978)
    3082 (-0.659435, 10.2274) -> 456 (-0.434127, 10.1125)
    3083 (17.4891, 1.72092) -> 2539 (17.3789, 1.5976)
    3084 (-9.22654, 1.52894) -> 1631 (-9.91636, 1.67115)
    3085 (0.935486, -9.77078) -> 1381 (0.979867, -10.0185)
    3086 (17.9263, 0.791195) -> 2789 (17.8076, 0.71657)
    3087 (24.0935, 23.1205) -> 632 (24.005, 22.6657)
    3088 (22.0813, -11.0356) -> 1464 (22.3163, -11.1705)
    3089 (3.8723, 8.56461) -> 2053 (4.16445, 8.34741)
    3090 (24.789, 8.7614) -> 870 (24.708, 8.24903)
    3091 (11.7778, -11.8824) -> 1603 (11.9518, -11.6551)
    3092 (-4.69977, -2.58296) -> 2715 (-5.12653, -2.71146)
    3093 (14.707, 1.2877) -> 1535 (14.8114, 1.62051)
    3094 (-7.79854, 9.72114) -> 906 (-7.77265, 9.50775)
    3095 (2.84362, 1.33693) -> 2669 (2.9533, 1.20324)
    3096 (4.72434, -5.31719) -> 835 (4.80157, -5.54446)
    3097 (7.51827, -5.38236) -> 1023 (7.28122, -5.45152)
    3098 (-6.51961, 6.82375) -> 2283 (-6.42218, 6.69731)
    3099 (-2.30688, 7.89505) -> 940 (-2.21614, 8.11608)
    3100 (-7.9338, 6.83859) -> 1693 (-8.14257, 6.92603)
    3101 (1.1704, 11.6337) -> 1168 (0.850046, 11.2446)
    3102 (12.8031, -5.28105) -> 127 (13.0858, -5.76076)
    3103 (13.2163, -3.96785) -> 1832 (13.7968, -3.91721)
    3104 (-7.18956, -5.48628) -> 2664 (-7.20752, -5.60685)
    3105 (23.1716, 13.1669) -> 2489 (23.0868, 13.2818)
    3106 (-6.55712, 10.3291) -> 1548 (-6.55039, 9.92462)
    3107 (10.1726, -1.58947) -> 148 (10.3616, -1.89435)
    3108 (-0.836975, -2.04968) -> 2641 (-0.772346, -1.74281)
    3109 (23.9829, 10.7168) -> 2050 (23.7718, 10.7461)
    3110 (22.9033, 16.83) -> 1941 (23.3425, 16.9195)
    3111 (3.70322, 5.87772) -> 534 (3.44707, 5.91212)
    3112 (23.059, 17.1516) -> 3110 (22.9033, 16.83)
    3113 (-8.00522, -2.04826) -> 325 (-7.64744, -2.01857)
    3114 (17.5604, 15.6522) -> 312 (17.2396, 15.853)
    3115 (-10.6969, 0.346557) -> 2906 (-10.4773, 0.708697)
    3116 (-12.0055, 19.9135) -> 2094 (-12.1843, 19.9233)
    3117 (7.07405, 14.2642) -> 2073 (6.96401, 14.1579)
    3118 (-5.18504, -9.91824) -> 1715 (-4.88064, -10.4166)
    3119 (18.9192, -3.41051) -> 117 (19.199, -3.75954)
    3120 (3.49823, 10.4449) -> 1583 (3.43905, 10.158)
    3121 (20.3428, 12.9062) -> 1597 (20.7921, 13.0347)
    3122 (3.26361, -10.0364) -> 1418 (3.24809, -9.92183)
    3123 (4.02252, 18.6994) -> 1703 (4.08568, 18.5162)
    3124 (19.7794, 8.32306) -> 1207 (19.7687, 8.82805)
    3125 (23.0865, -12.3125) -> 1249 (23.339, -11.8073)
    3126 (13.2445, 9.71603) -> 2743 (13.4573, 9.99735)
    3127 (-1.37854, 17.5089) -> 519 (-1.31803, 17.6663)
    3128 (9.48763, -11.0717) -> 905 (9.59151, -11.3288)
    3129 (23.7259, -5.03815) -> 880 (24.1543, -5.45609)
    3130 (-11.5089, 24.5445) -> 2996 (-11.8126, 24.4591)
    3131 (23.793, 0.876405) -> 612 (23.8984, 0.645484)
    3132 (17.5182, 21.7467) -> 2381 (17.4901, 21.3565)
    3133 (15.1052, -11.7991) -> 2988 (15.1892, -11.6172)
    3134 (4.25101, 10.4632) -> 5 (4.22426, 10.5344)
    3135 (11.4106, 5.02566) -> 944 (11.3413, 4.41641)
    3136 (6.27248, 18.7557) -> 2569 (6.06391, 18.9666)
    3137 (18.8073, 15.9495) -> 999 (18.8574, 15.7255)
    3138 (-9.52195, -8.5542) -> 1363 (-9.63028, -8.67995)
    3139 (-8.67353, 5.59217) -> 1926 (-8.20986, 5.55227)
    3140 (3.42279, -4.70433) -> 2287 (3.61711, -4.58057)
    3141 (1.76829, 12.4593) -> 1915 (1.82549, 12.1097)
    3142 (11.1384, 17.9677) -> 1353 (10.9647, 18.1748)
    3143 (-11.8749, 9.53623) -> 855 (-11.7978, 9.32132)
    3144 (12.9573, -8.20354) -> 1697 (13.123, -8.63294)
    3145 (7.57789, -7.5057) -> 2092 (7.604, -7.49004)
    3146 (10.4228, 0.541939) -> 915 (10.2856, 0.498768)
    3147 (-5.14538, 8.09407) -> 2453 (-4.63654, 8.34416)
    3148 (4.6191, -11.6112) -> 1292 (5.25888, -11.9243)
    3149 (-9.62347, 11.0565) -> 1903 (-9.19592, 10.924)
    3150 (1.49072, 10.3743) -> 2350 (1.19899, 10.5249)
    3151 (-8.64801, -11.8754) -> 3020 (-9.38186, -11.9974)
    3152 (16.599, -4.19978) -> 2843 (16.7385, -4.20157)
    3153 (22.2123, 10.301) -> 703 (22.1753, 9.9177)
    3154 (-0.0255543, -9.13423) -> 447 (0.698477, -8.81029)
    3155 (13.3029, 21.5892) -> 565 (12.9271, 21.5135)
    3156 (21.069, 16.4021) -> 2192 (20.8803, 16.2015)
    3157 (-5.92515, 19.9436) -> 1215 (-5.53032, 19.5302)
    3158 (5.33351, 3.4703) -> 1952 (5.25092, 3.39576)
    3159 (21.8436, 2.3729) -> 3013 (21.7088, 2.26278)
    3160 (-0.239348, 7.11286) -> 1660 (0.0797114, 7.19824)
    3161 (20.8174, -11.3125) -> 2735 (20.4747, -11.4117)
    3162 (-7.77029, 16.9653) -> 1093 (-8.07964, 16.5992)
    3163 (-9.63371, 23.3451) -> 1909 (-9.70246, 22.845)
    3164 (-7.36176, 22.5897) -> 992 (-7.85337, 22.5819)
    3165 (17.8006, 2.71817) -> 394 (17.905, 2.75284)
    3166 (3.35167, 17.7657) -> 2253 (2.93057, 18.006)
    3167 (3.52234, 9.06949) -> 231 (3.65115, 8.86531)
    3168 (21.3258, 15.3538) -> 1510 (21.6796, 15.3518)
    3169 (5.97332, -12.2974) -> 2590 (6.28907, -12.2397)
    3170 (-7.96716, -2.7905) -> 157 (-7.66444, -2.72666)
    3171 (10.5877, 4.57386) -> 2775 (10.72, 4.18954)
    3172 (-11.8526, -1.38207) -> 939 (-11.888, -1.06242)
    3173 (12.5507, -7.17999) -> 106 (12.154, -7.53045)
    3174 (-5.03516, -0.141673) -> 409 (-4.5675, -0.136492)
    3175 (14.223, -4.54452) -> 496 (13.8002, -4.77719)
    3176 (3.14297, -3.2974) -> 539 (3.36864, -3.47136)
    3177 (-8.06531, -5.94361) -> 1537 (-7.57618, -5.76882)
    3178 (-9.86536, 16.2501) -> 2266 (-9.91081, 16.2987)
    3179 (15.4973, 3.3866) -> 567 (15.4869, 3.01599)
    3180 (-9.09122, 7.40484) -> 2475 (-8.90931, 7.12102)
    3181 (20.0086, -1.9616) -> 68 (20.2699, -2.0704)
    3182 (7.25846, -3.00988) -> 212 (7.22607, -3.37254)
    3183 (14.6594, 24.98) -> 195 (15.1689, 24.3612)
    3184 (5.20639, 5.21194) -> 885 (5.34389, 5.15053)
    3185 (0.415279, 23.562) -> 2376 (0.435686, 23.9571)
    3186 (5.18128, -7.2286) -> 62 (5.15605, -7.39764)
    3187 (-7.6397, 0.160532) -> 2620 (-7.38938, -0.0296182)
    3188 (-3.51025, -4.25096) -> 1822 (-3.33458, -3.9136)
    3189 (14.8601, 22.4724) -> 2768 (14.9194, 22.3933)
    3190 (-10.9495, 9.65026) -> 2746 (-10.8551, 9.64187)
    3191 (-9.37764, 24.0795) -> 615 (-9.11276, 24.2439)
    3192 (19.287, 4.01358) -> 3067 (19.6807, 4.01305)
    3193 (21.0534, 21.6485) -> 2737 (20.8382, 21.4634)
    3194 (1.76944, -1.49266) -> 2352 (2.01299, -1.69689)
    3195 (-5.48346, 5.79492) -> 901 (-5.46087, 5.8202)
    3196 (-9.10258, -4.39089) -> 553 (-9.32919, -4.65909)
    3197 (-10.1774, 1.3339) -> 1631 (-9.91636, 1.67115)
    3198 (22.8242, 22.1465) -> 1009 (22.6682, 22.3618)
    3199 (4.39627, 2.8363) -> 164 (4.49952, 3.10184)
    3200 (20.2704, 2.03708) -> 44 (20.0883, 1.73981)
    3201 (-1.73607, -4.48843) -> 2984 (-1.87676, -4.50482)
    3202 (-3.55736, 20.2989) -> 1489 (-3.55051, 20.2277)
    3203 (23.7397, 8.56598) -> 3001 (23.6848, 8.65588)
    3204 (9.31867, 24.7676) -> 300 (9.58818, 24.4599)
    3205 (-6.9629, 11.326) -> 709 (-7.51017, 11.9551)
    3206 (-8.36734, 5.80491) -> 1926 (-8.20986, 5.55227)
    3207 (18.4947, 13.8896) -> 916 (18.8528, 13.5665)
    3208 (11.123, -9.17041) -> 362 (10.9143, -9.10247)
    3209 (16.0785, 7.0825) -> 2210 (16.1417, 6.33212)
    3210 (-8.9481, -5.36318) -> 476 (-8.97004, -4.94636)
    3211 (23.3779, 9.99724) -> 223 (23.7988, 9.92198)
    3212 (-4.44832, -11.9348) -> 582 (-4.33934, -12.1706)
    3213 (16.0491, -10.9018) -> 2174 (15.7854, -10.4515)
    3214 (21.8683, 15.3644) -> 1510 (21.6796, 15.3518)
    3215 (-3.5826, 13.1668) -> 2393 (-3.76544, 13.5825)
    3216 (-6.94521, 14.6044) -> 1366 (-6.69306, 14.4699)
    3217 (8.19851, 21.8947) -> 2301 (8.19225, 21.5303)
    3218 (-1.49905, -6.82305) -> 1321 (-1.43063, -6.73592)
    3219 (17.4589, 3.43514) -> 2347 (17.2744, 3.41679)
    3220 (15.0352, 19.5035) -> 2339 (15.3628, 19.0311)
    3221 (2.35886, -10.7966) -> 2547 (2.82548, -10.6272)
    3222 (11.8062, 0.904636) -> 2748 (11.7307, 1.0206)
    3223 (17.2175, 2.86467) -> 3036 (17.3615, 3.07422)
    3224 (21.4387, -1.27851) -> 2154 (21.7157, -1.61229)
    3225 (5.89138, -11.4678) -> 144 (5.84093, -11.3385)
    3226 (18.4122, 0.708605) -> 2847 (18.1307, 0.704307)
    3227 (13.9668, 24.9117) -> 3183 (14.6594, 24.98)
    3228 (3.0755, 2.26468) -> 1830 (2.92638, 2.74926)
    3229 (1.77238, -5.98988) -> 729 (1.65393, -6.2331)
    3230 (-2.89924, -1.53734) -> 2308 (-2.8737, -1.57789)
    3231 (-2.50019, -0.0875347) -> 1730 (-3.1635, 0.221325)
    3232 (0.00879626, -1.10869) -> 1274 (0.135543, -1.30577)
    3233 (22.8397, -4.37515) -> 2541 (22.5606, -4.57561)
    3234 (21.4622, 24.7175) -> 2083 (21.5516, 24.6732)
    3235 (-11.7695, -7.24518) -> 1623 (-12.0265, -7.02305)
    3236 (8.24895, -3.73729) -> 3028 (8.23305, -3.80098)
    3237 (15.5324, 20.1868) -> 1371 (15.4951, 20.4129)
    3238 (-10.2828, 13.4722) -> 3075 (-9.93163, 13.3371)
    3239 (-0.440049, 4.24874) -> 1534 (-0.0557861, 4.22037)
    3240 (14.0238, 7.16257) -> 83 (13.6235, 7.49)
    3241 (5.08958, 16.1166) -> 1115 (4.7045, 16.0302)
    3242 (-8.35083, 24.8135) -> 1245 (-8.30356, 24.5502)
    3243 (7.2258, 19.5511) -> 1439 (7.40365, 19.7573)
    3244 (12.66, -5.66539) -> 3102 (12.8031, -5.28105)
    3245 (24.4056, 13.0799) -> 2877 (24.0402, 13.5019)
    3246 (23.5914, 1.56562) -> 903 (23.6268, 1.49179)
    3247 (5.172, -6.19625) -> 400 (5.13157, -5.98955)
    3248 (-6.47801, -4.36662) -> 1283 (-6.37286, -3.87983)
    3249 (-5.17666, 1.42677) -> 2894 (-5.09795, 1.18858)
    3250 (19.886, 1.50883) -> 1842 (19.7049, 1.62926)
    3251 (-1.55858, 12.6909) -> 524 (-1.54784, 12.854)
    3252 (13.7131, -3.76447) -> 1832 (13.7968, -3.91721)
    3253 (22.9827, -5.82624) -> 414 (23.1299, -5.69514)
    3254 (-11.1499, 15.3103) -> 2265 (-11.2006, 15.2295)
    3255 (5.36484, -2.73233) -> 1663 (4.99466, -2.8623)
    3256 (21.3328, 22.8562) -> 2649 (21.2168, 22.7792)
    3257 (23.9016, 9.35527) -> 2052 (23.8226, 9.58229)
    3258 (12.2171, 3.26399) -> 1558 (12.0854, 3.14576)
    3259 (13.2695, 24.4224) -> 828 (13.1137, 24.0096)
    3260 (8.84899, 4.82895) -> 345 (8.86461, 4.74244)
    3261 (2.48868, -8.09658) -> 2054 (2.7671, -8.10357)
    3262 (3.66942, -3.37583) -> 539 (3.36864, -3.47136)
    3263 (-8.41016, 6.08156) -> 3206 (-8.36734, 5.80491)
    3264 (0.507429, -8.43414) -> 447 (0.698477, -8.81029)
    3265 (20.7579, 8.49276) -> 1206 (21.0566, 8.1718)
    3266 (24.2086, 9.629) -> 2052 (23.8226, 9.58229)
    3267 (-8.88159, -8.00945) -> 811 (-8.96801, -7.95903)
    3268 (9.83578, -4.52863) -> 271 (9.80876, -4.74291)
    3269 (8.71242, 2.38539) -> 1027 (8.48874, 2.42368)
    3270 (20.7306, -1.73756) -> 1987 (20.7846, -1.50444)
    3271 (-8.59236, 17.7216) -> 2819 (-8.74615, 17.0298)
    3272 (15.5234, -6.86952) -> 1711 (15.4636, -6.26349)
    3273 (-8.60781, 16.8047) -> 2819 (-8.74615, 17.0298)
    3274 (9.20625, 0.381613) -> 372 (9.21343, 0.451417)
    3275 (-0.175521, -10.4646) -> 82 (0.116377, -10.2851)
    3276 (-7.85941, 2.97251) -> 401 (-7.95704, 2.99653)
    3277 (5.08885, -9.60397) -> 1485 (4.84066, -9.84279)
    3278 (-11.4687, 0.652614) -> 3115 (-10.6969, 0.346557)
    3279 (22.3267, 20.0722) -> 736 (22.6188, 19.8429)
    3280 (16.8607, 0.182282) -> 1408 (17.2141, 0.136378)
    3281 (3.02558, 9.12202) -> 3167 (3.52234, 9.06949)
    3282 (15.9635, -4.98751) -> 1511 (15.7304, -5.09406)
    3283 (24.3027, -3.99546) -> 2826 (24.2169, -3.42982)
    3284 (-7.45755, 15.9085) -> 2880 (-7.19938, 15.7765)
    3285 (-12.0547, 8.79915) -> 2184 (-11.8759, 8.77692)
    3286 (1.22955, 15.8273) -> 1089 (1.15816, 16.2463)
    3287 (11.5357, -8.9684) -> 2731 (11.2983, -8.78456)
    3288 (18.8372, -12.2853) -> 2952 (18.567, -12.0731)
    3289 (-4.08134, 6.63972) -> 936 (-4.58534, 6.77499)
    3290 (23.762, 21.6653) -> 891 (24.0481, 21.738)
    3291 (18.3618, -2.20968) -> 2443 (18.2712, -2.1844)
    3292 (7.83274, -2.11433) -> 3018 (7.81477, -2.13245)
    3293 (17.4244, 8.50772) -> 2812 (17.5362, 8.0129)
    3294 (14.7488, -8.97872) -> 490 (15.4787, -8.96375)
    3295 (14.4845, -11.1089) -> 802 (14.6309, -11.175)
    3296 (22.5914, 3.91572) -> 2198 (22.852, 4.25889)
    3297 (16.0079, 16.8766) -> 984 (16.0733, 17.4145)
    3298 (22.0731, -8.25133) -> 2623 (22.1613, -8.39968)
    3299 (6.29743, 13.8681) -> 663 (6.42202, 13.7086)
    3300 (24.3412, -6.76993) -> 2572 (24.8389, -6.85559)
    3301 (14.3568, 23.801) -> 440 (14.5777, 23.8579)
    3302 (0.808094, 13.5108) -> 2318 (1.09084, 13.4991)
    3303 (-4.08349, 19.8949) -> 3019 (-4.15408, 20.3306)
    3304 (24.5324, 0.649491) -> 2130 (24.4121, 0.650518)
    3305 (2.7507, 5.70489) -> 1034 (2.71709, 5.1349)
    3306 (5.59583, 12.5339) -> 1222 (5.31763, 12.5619)
    3307 (15.5897, 22.6879) -> 1973 (15.8332, 22.9136)
    3308 (6.1684, 14.137) -> 991 (6.05195, 14.1735)
    3309 (5.07478, 5.18199) -> 1594 (5.03986, 5.19197)
    3310 (2.12471, 0.345988) -> 1742 (2.15869, 0.319445)
    3311 (4.96191, -2.05495) -> 2070 (5.02812, -2.28772)
    3312 (8.84286, -12.4641) -> 2200 (8.95044, -12.2233)
    3313 (17.2433, -0.164572) -> 379 (17.0429, -0.151554)
    3314 (21.6125, 6.55864) -> 1133 (21.6052, 7.0383)
    3315 (-10.0399, 3.65706) -> 569 (-10.419, 4.05996)
    3316 (17.6314, 23.7109) -> 2009 (17.2287, 23.3337)
    3317 (22.658, 2.32872) -> 1137 (22.9359, 2.12387)
    3318 (1.58055, 3.48522) -> 2771 (1.5781, 3.55863)
    3319 (-3.81207, -0.164925) -> 2497 (-3.92144, -0.217048)
    3320 (21.8712, -4.53592) -> 1717 (21.3851, -4.37205)
    3321 (-7.5806, 7.28529) -> 2418 (-7.64074, 7.32768)
    3322 (10.8953, -12.1052) -> 3076 (11.3966, -12.1293)
    3323 (23.4216, 3.41852) -> 1561 (23.2631, 4.01653)
    3324 (16.2632, -7.86197) -> 283 (16.417, -8.14535)
    3325 (14.2184, 21.4546) -> 1581 (14.168, 21.4071)
    3326 (3.64448, -3.24722) -> 3262 (3.66942, -3.37583)
    3327 (-12.1244, 4.75093) -> 464 (-11.7946, 5.6204)
    3328 (-5.55666, 18.2878) -> 2674 (-5.77862, 18.9418)
    3329 (-5.73997, 7.8391) -> 3147 (-5.14538, 8.09407)
    3330 (6.62628, 10.4733) -> 2624 (6.32144, 10.7849)
    3331 (4.90285, 19.4486) -> 2703 (4.84883, 19.0312)
    3332 (-0.149801, 18.2139) -> 2518 (-0.163222, 18.2098)
    3333 (4.20007, -3.2171) -> 767 (4.07724, -3.57456)
    3334 (4.82719, 0.389227) -> 544 (4.84404, 0.492266)
    3335 (-1.77613, 8.69042) -> 558 (-1.30777, 8.6763)
    3336 (9.26034, -4.56971) -> 2416 (9.17169, -4.12361)
    3337 (-6.54505, 16.732) -> 3008 (-6.55106, 16.7046)
    3338 (-10.5786, 6.7972) -> 3074 (-10.7048, 7.0278)
    3339 (24.3436, 20.1173) -> 1016 (24.2401, 20.4019)
    3340 (4.03149, -2.5585) -> 2615 (4.14494, -2.67671)
    3341 (-10.9259, 10.7639) -> 780 (-11.1515, 10.4087)
    3342 (-4.33953, -3.37026) -> 1565 (-4.52331, -3.50975)
    3343 (12.2977, -8.11036) -> 2683 (12.5862, -7.87471)
    3344 (12.3557, -8.40582) -> 3343 (12.2977, -8.11036)
    3345 (-2.87729, -11.3734) -> 795 (-3.00253, -11.7081)
    3346 (11.0966, -1.63694) -> 2020 (11.1931, -1.47711)
    3347 (12.5307, -3.24686) -> 3053 (12.4523, -3.2058)
    3348 (-2.92874, 18.0697) -> 2712 (-2.88654, 18.1156)
    3349 (6.5625, 13.5504) -> 2348 (6.40646, 13.5816)
    3350 (-7.54544, 14.9071) -> 2540 (-7.8855, 15.358)
    3351 (-1.26755, 23.0562) -> 976 (-1.30511, 23.1692)
    3352 (-3.545, 10.9892) -> 1606 (-3.62041, 10.9989)
    3353 (20.434, 18.5357) -> 122 (20.6971, 18.4743)
    3354 (6.28948, 4.31725) -> 1428 (6.63522, 4.34123)
    3355 (7.56766, 11.9363) -> 2955 (7.0445, 11.8737)
    3356 (-0.76462, -2.46341) -> 3108 (-0.836975, -2.04968)
    3357 (10.1807, 20.7981) -> 2433 (10.3308, 20.5722)
    3358 (7.84847, -9.53522) -> 2917 (8.41003, -9.7534)
    3359 (3.5211, 23.546) -> 2080 (3.57538, 23.6666)
    3360 (13.1003, -0.246093) -> 1201 (13.2714, -0.318718)
    3361 (0.697602, 1.92659) -> 2912 (0.354103, 2.04813)
    3362 (7.261, 16.5979) -> 3058 (7.12796, 16.9135)
    3363 (-9.77017, 19.9072) -> 757 (-9.65979, 20.4145)
    3364 (4.29051, 9.81631) -> 2354 (3.8541, 9.84759)
    3365 (4.49696, -5.15353) -> 3096 (4.72434, -5.31719)
    3366 (-9.93359, 9.78904) -> 1484 (-9.84376, 9.02332)
    3367 (7.73567, 12.1385) -> 3355 (7.56766, 11.9363)
    3368 (10.9094, 3.68886) -> 2064 (10.8609, 3.37756)
    3369 (17.57, -4.00471) -> 2149 (17.7159, -3.99756)
    3370 (17.2453, 6.10421) -> 1041 (17.3136, 6.47772)
    3371 (19.8453, -6.14232) -> 1528 (19.9774, -6.03761)
    3372 (15.5246, 3.49587) -> 3179 (15.4973, 3.3866)
    3373 (24.2753, -6.49184) -> 3300 (24.3412, -6.76993)
    3374 (21.799, 0.152843) -> 1011 (21.9313, 0.291193)
    3375 (3.00886, 9.05272) -> 3281 (3.02558, 9.12202)
    3376 (0.711297, -11.8912) -> 2644 (0.76578, -11.7172)
    3377 (16.5763, -11.7509) -> 2607 (16.5404, -12.3998)
    3378 (3.94271, -1.60937) -> 1253 (4.15574, -1.71484)
    3379 (16.3525, 9.46193) -> 2123 (15.7796, 9.64256)
    3380 (23.3554, 24.757) -> 1654 (24.0746, 24.9631)
    3381 (10.6494, 16.9004) -> 1625 (10.331, 16.9795)
    3382 (6.42734, 4.26967) -> 3354 (6.28948, 4.31725)
    3383 (-1.21362, -10.1651) -> 129 (-1.133, -10.5481)
    3384 (13.9421, 8.2061) -> 1760 (13.7035, 7.85702)
    3385 (-0.0404066, 20.8209) -> 2751 (-0.0165024, 20.3676)
    3386 (22.8542, 16.5507) -> 3110 (22.9033, 16.83)
    3387 (-11.4093, -3.20807) -> 2452 (-11.558, -3.19762)
    3388 (13.1214, -3.20328) -> 527 (13.6284, -3.04113)
    3389 (-2.67512, 3.99076) -> 1896 (-2.76876, 4.15801)
    3390 (22.9193, -9.83777) -> 2734 (22.7486, -9.52783)
    3391 (24.0067, 19.1886) -> 1755 (24.2974, 19.308)
    3392 (14.5464, -2.67203) -> 2407 (14.1612, -2.89307)
    3393 (12.8514, -0.44127) -> 1310 (12.8601, -0.479977)
    3394 (10.1138, 23.4035) -> 1761 (10.3351, 23.5476)
    3395 (-12.3136, 4.48889) -> 3327 (-12.1244, 4.75093)
    3396 (-5.77365, 4.10432) -> 559 (-5.76581, 4.23434)
    3397 (-11.3255, -4.46421) -> 2995 (-11.1451, -4.25269)
    3398 (0.0112576, 16.3361) -> 1361 (0.323693, 16.2592)
    3399 (13.7111, -9.7334) -> 1287 (13.8312, -9.8871)
    3400 (24.3027, 4.47079) -> 1582 (24.5699, 4.49835)
    3401 (-9.7549, 13.5344) -> 3075 (-9.93163, 13.3371)
    3402 (11.2761, -11.2699) -> 1275 (11.5264, -11.6496)
    3403 (-9.28405, 6.84315) -> 1421 (-9.31239, 6.7427)
    3404 (3.00064, -10.1485) -> 3122 (3.26361, -10.0364)
    3405 (19.265, -6.94121) -> 1497 (19.4176, -6.77314)
    3406 (20.4712, -1.13867) -> 2609 (20.1936, -1.25832)
    3407 (23.4905, -2.07623) -> 556 (23.3643, -2.08058)
    3408 (-10.1466, 13.5438) -> 3238 (-10.2828, 13.4722)
    3409 (23.7962, 17.4345) -> 887 (23.7625, 17.7802)
    3410 (-10.3061, -6.50032) -> 2513 (-10.7094, -6.1481)
    3411 (18.2306, -4.15087) -> 2149 (17.7159, -3.99756)
    3412 (-0.619831, 4.10986) -> 3239 (-0.440049, 4.24874)
    3413 (-7.63214, 11.9612) -> 709 (-7.51017, 11.9551)
    3414 (-10.2968, 24.0789) -> 2175 (-10.0946, 24.0347)
    3415 (15.1336, 21.7863) -> 1922 (15.2576, 21.8319)
    3416 (7.39639, 20.9726) -> 2860 (7.65042, 20.8803)
    3417 (5.57341, 7.19351) -> 1382 (5.49967, 7.34262)
    3418 (13.4286, 4.96879) -> 986 (13.472, 4.6284)
    3419 (-8.32515, 15.2457) -> 770 (-8.14426, 14.9307)
    3420 (18.1435, 0.282884) -> 3064 (17.9497, 0.358013)
    3421 (2.45339, 9.5768) -> 601 (2.69647, 9.78098)
    3422 (-1.88552, 6.9748) -> 735 (-1.48115, 6.99868)
    3423 (16.9689, -6.33375) -> 1905 (16.769, -5.96804)
    3424 (24.838, 21.4777) -> 1788 (24.7759, 21.1291)
    3425 (-7.24236, 14.5341) -> 3216 (-6.94521, 14.6044)
    3426 (21.2782, 6.75543) -> 3314 (21.6125, 6.55864)
    3427 (5.47621, -10.2634) -> 2999 (5.71108, -9.89661)
    3428 (4.76672, -0.123933) -> 2119 (4.61214, -0.189609)
    3429 (19.1491, 22.2984) -> 431 (19.4894, 22.5631)
    3430 (-5.14427, 19.4471) -> 20 (-5.15702, 19.7384)
    3431 (14.6201, 8.47968) -> 1758 (14.7777, 8.82863)
    3432 (3.5087, 22.221) -> 2721 (3.49778, 22.5081)
    3433 (-5.68538, 2.80066) -> 163 (-5.27957, 2.94965)
    3434 (21.7064, 4.2379) -> 1479 (21.4784, 4.12869)
    3435 (19.3759, 10.8849) -> 1599 (20.0867, 10.5929)
    3436 (17.4311, -4.62913) -> 2388 (17.6088, -4.76137)
    3437 (24.5714, -4.13954) -> 3283 (24.3027, -3.99546)
    3438 (-0.140127, -11.9791) -> 560 (-0.0944103, -12.1709)
    3439 (15.962, 14.8706) -> 2371 (16.5063, 15.1564)
    3440 (24.2226, 8.03917) -> 1884 (24.4246, 7.76897)
    3441 (-8.70783, -11.1389) -> 1894 (-8.84404, -10.6949)
    3442 (19.9245, 20.1418) -> 2471 (19.9997, 19.9623)
    3443 (-2.06006, 13.821) -> 187 (-2.25566, 14.0606)
    3444 (-5.39167, 1.46788) -> 3249 (-5.17666, 1.42677)
    3445 (23.789, 11.3004) -> 1562 (24.0633, 11.5325)
    3446 (-6.16956, -12.3775) -> 302 (-6.03768, -11.6131)
    3447 (10.8859, 7.09166) -> 513 (10.7475, 7.08266)
    3448 (6.06282, 2.14622) -> 1772 (5.95134, 2.20945)
    3449 (19.7587, -12.4352) -> 694 (19.9698, -11.9149)
    3450 (-9.44866, 3.30573) -> 2491 (-9.0012, 2.88656)
    3451 (15.346, 15.1764) -> 2923 (15.4722, 15.5752)
    3452 (-7.2334, 6.57734) -> 646 (-7.24268, 6.40375)
    3453 (23.8757, -3.49259) -> 1451 (23.7416, -3.72059)
    3454 (23.3897, 13.8433) -> 2104 (23.1383, 13.6782)
    3455 (0.0552184, 2.2529) -> 2912 (0.354103, 2.04813)
    3456 (4.11118, 13.7573) -> 1531 (4.14156, 13.8927)
    3457 (-7.24658, 16.6667) -> 1327 (-7.05396, 16.7728)
    3458 (-6.76813, 24.1864) -> 2425 (-6.92127, 24.7817)
    3459 (18.4237, 12.3173) -> 1661 (18.2319, 12.4293)
    3460 (-3.75394, -11.7623) -> 1520 (-4.06247, -11.6833)
    3461 (-9.50518, -2.97259) -> 1442 (-9.68709, -3.34027)
    3462 (12.8786, -0.670127) -> 1310 (12.8601, -0.479977)
    3463 (13.8792, 23.0848) -> 2798 (13.9736, 23.3955)
    3464 (14.7695, 18.1722) -> 2285 (14.7851, 18.4102)
    3465 (24.431, 0.180769) -> 3014 (24.4406, 0.0811125)
    3466 (-3.70431, -5.51416) -> 417 (-3.82227, -5.196)
    3467 (9.40925, -0.212323) -> 1284 (9.35574, -0.366473)
    3468 (4.31087, -8.08149) -> 1414 (4.34128, -7.67329)
    3469 (-7.07005, 19.0086) -> 115 (-7.6005, 18.8245)
    3470 (15.8345, 15.7075) -> 2923 (15.4722, 15.5752)
    3471 (10.1666, 4.19198) -> 1459 (10.2006, 4.22521)
    3472 (-10.9979, 8.02839) -> 2870 (-10.7091, 7.81619)
    3473 (2.54428, -10.2155) -> 1043 (2.20903, -9.96208)
    3474 (-5.17935, 10.1166) -> 817 (-4.99454, 10.216)
    3475 (-2.29767, 19.0884) -> 540 (-2.24629, 19.0573)
    3476 (10.4436, 2.16277) -> 1665 (10.1866, 2.49495)
    3477 (6.50822, 2.80523) -> 1680 (6.37746, 2.90236)
    3478 (5.66502, 9.84234) -> 725 (5.69393, 9.46944)
    3479 (18.478, -5.0664) -> 1916 (18.4976, -4.91471)
    3480 (13.9336, 3.81468) -> 1942 (14.3599, 3.67921)
    3481 (14.1553, 1.9552) -> 2987 (14.3711, 2.03775)
    3482 (-7.27084, -6.07914) -> 1110 (-7.2759, -6.2049)
    3483 (24.9787, 2.5328) -> 2126 (24.9238, 2.6842)
    3484 (1.90178, 13.6945) -> 1135 (1.80169, 13.5699)
    3485 (7.03749, 22.3533) -> 668 (7.19556, 22.3915)
    3486 (1.41, 2.64173) -> 550 (1.28807, 2.70488)
    3487 (9.25249, -9.65604) -> 696 (9.3436, -9.71632)
    3488 (24.0237, 1.47256) -> 805 (23.8446, 1.46871)
    3489 (17.3135, 12.9891) -> 3049 (17.3366, 13.1785)
    3490 (16.9774, 18.8173) -> 2022 (17.1239, 18.126)
    3491 (-10.7173, 22.671) -> 932 (-10.5757, 22.892)
    3492 (-11.8675, 16.8341) -> 472 (-11.821, 16.5577)
    3493 (24.802, 13.4868) -> 228 (24.5773, 13.9978)
    3494 (-8.60454, -6.53827) -> 2344 (-8.7662, -6.12844)
    3495 (5.20446, 15.8223) -> 3241 (5.08958, 16.1166)
    3496 (-4.99344, -7.93917) -> 2942 (-5.08492, -7.73981)
    3497 (1.15329, 2.65449) -> 2965 (1.25102, 2.7348)
    3498 (8.54475, -11.6035) -> 714 (8.78161, -11.7589)
    3499 (4.89559, 24.2145) -> 2859 (4.91036, 24.3951)
    3500 (3.37526, -8.3096) -> 1409 (3.4284, -8.57378)
    3501 (6.46039, -7.82413) -> 2233 (6.66752, -8.00489)
    3502 (-1.20745, 18.327) -> 1974 (-1.0066, 17.8511)
    3503 (-10.955, 11.5047) -> 3341 (-10.9259, 10.7639)
    3504 (-7.27406, -5.58194) -> 2664 (-7.20752, -5.60685)
    3505 (21.9546, 3.12054) -> 2267 (21.7111, 3.05913)
    3506 (9.57009, 20.4087) -> 2419 (10.0011, 20.4334)
    3507 (-0.89492, 8.92962) -> 1820 (-1.13019, 8.73289)
    3508 (17.5398, 6.5922) -> 1280 (17.5349, 6.74687)
    3509 (21.5552, 18.6837) -> 399 (21.581, 18.6757)
    3510 (21.4815, 3.05341) -> 1694 (21.6514, 2.98492)
    3511 (14.7655, 0.0470732) -> 1572 (15.0033, 0.143557)
    3512 (2.97835, 7.81541) -> 2710 (3.17742, 7.61693)
    3513 (23.525, 23.821) -> 1980 (23.4437, 23.0474)
    3514 (-1.53538, -1.77772) -> 2755 (-1.4674, -1.66929)
    3515 (4.3356, 23.8449) -> 1080 (4.31315, 24.0346)
    3516 (6.02413, 4.31474) -> 3354 (6.28948, 4.31725)
    3517 (22.6589, -10.8014) -> 1109 (22.6421, -10.3253)
    3518 (1.22641, 13.2837) -> 208 (1.20246, 13.1596)
    3519 (22.3509, -9.41504) -> 951 (22.0934, -9.24521)
    3520 (10.8743, 0.92816) -> 404 (10.7626, 1.08803)
    3521 (-4.86125, 21.2761) -> 1675 (-4.46178, 21.5266)
    3522 (-1.07126, -5.82989) -> 369 (-0.888282, -6.00307)
    3523 (-1.97689, 13.9897) -> 3443 (-2.06006, 13.821)
    3524 (18.5899, 11.277) -> 2831 (18.623, 11.0695)
    3525 (-4.79319, 15.5512) -> 1538 (-5.24047, 15.8595)
    3526 (15.4307, 12.9539) -> 889 (16.0467, 12.7735)
    3527 (-7.27192, 18.0699) -> 236 (-7.06345, 17.9484)
    3528 (-10.523, 13.3243) -> 197 (-10.4706, 13.0888)
    3529 (-11.5232, -11.3107) -> 1929 (-11.5777, -11.5244)
    3530 (5.07062, 9.56218) -> 2206 (4.92404, 9.77574)
    3531 (-4.71177, 12.5336) -> 350 (-4.83003, 12.6901)
    3532 (3.6063, 14.8126) -> 1307 (3.72684, 14.5029)
    3533 (19.3388, -3.22448) -> 2714 (19.516, -3.25)
    3534 (21.5636, 3.92814) -> 1479 (21.4784, 4.12869)
    3535 (22.1479, 0.341769) -> 1011 (21.9313, 0.291193)
    3536 (9.69651, 8.6885) -> 3025 (9.81166, 8.35591)
    3537 (17.6577, 9.12807) -> 2228 (17.2266, 9.02329)
    3538 (11.5081, 1.67996) -> 337 (11.28, 1.13034)
    3539 (15.9524, 1.23561) -> 1695 (15.8694, 1.58271)
    3540 (23.9382, 13.1273) -> 2794 (23.758, 12.8275)
    3541 (0.24174, 14.5376) -> 295 (0.162604, 14.5354)
    3542 (-4.69419, 16.8151) -> 377 (-4.34983, 16.9953)
    3543 (-11.2431, 10.834) -> 3341 (-10.9259, 10.7639)
    3544 (3.99506, 2.29146) -> 1347 (3.80454, 2.40606)
    3545 (-2.28544, 17.4827) -> 1708 (-2.32218, 17.6715)
    3546 (10.1077, 17.5754) -> 2521 (9.97454, 17.4525)
    3547 (1.89558, 19.3464) -> 2553 (1.82793, 19.153)
    3548 (23.2883, 11.2324) -> 3445 (23.789, 11.3004)
    3549 (-0.824387, 14.9012) -> 1880 (-0.364976, 15.0614)
    3550 (9.46355, -7.37432) -> 2076 (9.36188, -7.25366)
    3551 (-10.5434, 7.29943) -> 3074 (-10.7048, 7.0278)
    3552 (0.558633, -1.07535) -> 2676 (0.250198, -1.19255)
    3553 (-10.0191, 1.59668) -> 1631 (-9.91636, 1.67115)
    3554 (20.1357, -9.47001) -> 926 (19.723, -9.55014)
    3555 (11.9898, 9.70776) -> 593 (11.2794, 9.51471)
    3556 (-7.65075, 14.6254) -> 3350 (-7.54544, 14.9071)
    3557 (1.47773, -5.08955) -> 1257 (1.30943, -4.91468)
    3558 (-11.8056, -3.18358) -> 2452 (-11.558, -3.19762)
    3559 (6.23833, -5.76353) -> 1826 (5.89672, -5.62)
    3560 (1.14987, 15.5603) -> 3286 (1.22955, 15.8273)
    3561 (-4.91192, 19.806) -> 20 (-5.15702, 19.7384)
    3562 (23.5744, -12.3591) -> 1435 (23.7152, -12.4375)
    3563 (-3.04313, 16.7039) -> 2421 (-2.94709, 16.5485)
    3564 (-4.88508, 6.56823) -> 2645 (-4.96114, 6.2275)
    3565 (15.3805, -1.58086) -> 1544 (15.2583, -1.50289)
    3566 (11.8373, 16.0767) -> 2802 (11.9434, 15.9169)
    3567 (-3.64545, -8.93109) -> 1158 (-3.96302, -9.05377)
    3568 (3.96227, -1.00629) -> 2853 (4.0843, -1.0678)
    3569 (20.2204, 11.9127) -> 2738 (20.1086, 11.9284)
    3570 (11.497, 9.63205) -> 593 (11.2794, 9.51471)
    3571 (-5.31045, 19.6563) -> 20 (-5.15702, 19.7384)
    3572 (-9.58481, -3.22408) -> 1442 (-9.68709, -3.34027)
    3573 (16.6346, 11.2546) -> 957 (16.7905, 11.498)
    3574 (16.4682, -10.9654) -> 858 (16.7168, -11.0429)
    3575 (-2.6228, 9.26806) -> 2786 (-2.87701, 9.26994)
    3576 (-7.15136, -5.30426) -> 3104 (-7.18956, -5.48628)
    3577 (10.7041, 7.29961) -> 2837 (10.5867, 7.22592)
    3578 (6.02771, 0.379443) -> 1468 (5.90494, 0.181204)
    3579 (14.0197, -8.34082) -> 3078 (13.7451, -8.61643)
    3580 (22.7912, 13.2452) -> 2489 (23.0868, 13.2818)
    3581 (-10.6273, 21.4534) -> 108 (-10.6801, 21.2585)
    3582 (8.25008, 18.6731) -> 2670 (7.79939, 18.6477)
    3583 (6.1814, -9.1023) -> 2910 (5.97342, -9.25851)
    3584 (2.96486, 21.7691) -> 1481 (2.73096, 21.5491)
    3585 (-10.7868, -4.34247) -> 2995 (-11.1451, -4.25269)
    3586 (-1.97315, 4.26594) -> 2638 (-2.14343, 4.73286)
    3587 (1.15709, 6.50086) -> 2014 (0.910677, 6.51644)
    3588 (-3.57863, 23.9051) -> 897 (-3.39498, 23.8895)
    3589 (-6.60496, -6.75964) -> 1976 (-6.27518, -6.60663)
    3590 (20.2022, 8.11048) -> 3124 (19.7794, 8.32306)
    3591 (3.73479, 5.6982) -> 3111 (3.70322, 5.87772)
    3592 (-7.73743, 21.6904) -> 2340 (-8.13585, 21.9281)
    3593 (4.98913, 6.01398) -> 2230 (4.59175, 6.58314)
    3594 (19.1758, 16.9652) -> 3071 (19.1668, 17.2115)
    3595 (15.7709, -2.97935) -> 2909 (15.4918, -2.96794)
    3596 (-11.6099, -6.90445) -> 3235 (-11.7695, -7.24518)
    3597 (-8.99287, 20.3602) -> 579 (-8.88975, 20.6221)
    3598 (-8.22062, -7.64833) -> 2454 (-8.13509, -7.77813)
    3599 (7.81754, -9.39823) -> 3358 (7.84847, -9.53522)
    3600 (-5.25344, 2.27343) -> 163 (-5.27957, 2.94965)
    3601 (8.99558, -8.82916) -> 2380 (8.77184, -8.8013)
    3602 (19.056, 11.972) -> 941 (19.7144, 11.776)
    3603 (17.8262, 6.13984) -> 2179 (17.8114, 6.32862)
    3604 (12.8581, 17.0074) -> 2466 (12.5925, 17.0477)
    3605 (16.5642, 21.3478) -> 301 (16.2711, 21.1343)
    3606 (5.42178, -9.30683) -> 95 (5.50693, -9.36662)
    3607 (16.7067, -8.22375) -> 283 (16.417, -8.14535)
    3608 (-7.98175, -3.3256) -> 3170 (-7.96716, -2.7905)
    3609 (2.09398, 7.41894) -> 2719 (2.48252, 8.15078)
    3610 (-7.30121, 16.8261) -> 3457 (-7.24658, 16.6667)
    3611 (-4.95217, 13.7152) -> 1888 (-4.96795, 13.8215)
    3612 (-10.4151, 9.99365) -> 1555 (-10.5528, 10.2831)
    3613 (-4.78525, 22.4884) -> 1781 (-4.9769, 22.1696)
    3614 (20.834, 2.03024) -> 3200 (20.2704, 2.03708)
    3615 (7.941, -6.19973) -> 876 (7.95683, -6.57694)
    3616 (0.175799, 3.3475) -> 913 (0.0295481, 3.04828)
    3617 (17.4837, 0.758655) -> 2789 (17.8076, 0.71657)
    3618 (5.42452, 23.8642) -> 2811 (5.05481, 23.7066)
    3619 (21.6871, -10.0276) -> 1678 (21.7077, -10.5824)
    3620 (7.69417, 12.3063) -> 3367 (7.73567, 12.1385)
    3621 (-4.85389, -12.3788) -> 3056 (-4.85878, -12.4796)
    3622 (8.06939, 5.13709) -> 842 (8.03718, 5.10292)
    3623 (-11.7617, -4.8851) -> 436 (-11.6985, -4.48798)
    3624 (6.97171, -2.63812) -> 1256 (6.82893, -2.77969)
    3625 (16.1504, 16.7339) -> 3297 (16.0079, 16.8766)
    3626 (-1.59061, 5.83033) -> 1449 (-1.17503, 6.30785)
    3627 (-5.48179, 10.409) -> 2044 (-5.89479, 10.4745)
    3628 (-2.62162, 16.4324) -> 1893 (-2.35323, 16.3895)
    3629 (13.0038, -2.60992) -> 1402 (13.1511, -2.52881)
    3630 (2.23192, 7.26023) -> 3609 (2.09398, 7.41894)
    3631 (-9.57727, 6.85353) -> 1421 (-9.31239, 6.7427)
    3632 (2.88047, 1.62334) -> 3095 (2.84362, 1.33693)
    3633 (3.2451, -11.6226) -> 2251 (3.25706, -11.6866)
    3634 (9.89237, 17.7432) -> 945 (9.73492, 17.5297)
    3635 (12.5912, -4.5882) -> 3070 (12.0303, -4.76586)
    3636 (3.22156, -9.99305) -> 3122 (3.26361, -10.0364)
    3637 (5.79788, -12.33) -> 3169 (5.97332, -12.2974)
    3638 (17.2183, 4.97738) -> 1219 (17.1263, 5.24714)
    3639 (3.2035, 20.9667) -> 1154 (2.94073, 20.8005)
    3640 (-11.6397, 21.0165) -> 1007 (-11.6561, 20.968)
    3641 (-6.68445, 14.7756) -> 1366 (-6.69306, 14.4699)
    3642 (22.6079, 16.2911) -> 3386 (22.8542, 16.5507)
    3643 (5.07987, -1.19992) -> 1514 (4.95963, -1.74646)
    3644 (3.90789, 3.10817) -> 1383 (3.88939, 3.13076)
    3645 (4.99181, 3.82418) -> 1688 (4.94684, 4.21021)
    3646 (-6.77901, -4.27003) -> 3248 (-6.47801, -4.36662)
    3647 (-7.35028, -4.00301) -> 595 (-7.42418, -3.68624)
    3648 (-12.1034, -8.82325) -> 732 (-12.333, -8.86646)
    3649 (-3.07571, 10.7136) -> 1818 (-3.00703, 11.0182)
    3650 (0.678316, 3.91591) -> 1017 (0.634992, 4.04572)
    3651 (16.049, -3.7785) -> 2194 (16.0865, -3.7879)
    3652 (-6.56931, -6.12016) -> 650 (-6.34495, -6.42824)
    3653 (-8.05789, 21.0934) -> 2040 (-8.32035, 21.0224)
    3654 (-7.39323, 16.1326) -> 3284 (-7.45755, 15.9085)
    3655 (11.2363, 3.45081) -> 2666 (11.189, 3.35601)
    3656 (14.5105, -5.28149) -> 2779 (14.3777, -5.1875)
    3657 (8.76083, -3.53045) -> 61 (8.98015, -3.30327)
    3658 (13.2659, -11.5345) -> 2659 (13.6574, -11.5339)
    3659 (-0.599406, 14.3193) -> 895 (-0.290082, 14.2386)
    3660 (24.6651, 6.99152) -> 1851 (24.9135, 7.52668)
    3661 (19.4054, -0.180414) -> 50 (19.5779, -0.193945)
    3662 (17.302, -0.822477) -> 1001 (17.7049, -1.04104)
    3663 (7.73001, -11.1802) -> 1195 (7.77362, -10.8755)
    3664 (15.2527, -12.2145) -> 1882 (15.6349, -12.0654)
    3665 (13.0429, 4.01814) -> 607 (13.3294, 3.78005)
    3666 (-7.10537, -5.1074) -> 3576 (-7.15136, -5.30426)
    3667 (18.231, 1.62873) -> 3022 (18.3345, 1.14812)
    3668 (-9.8956, 11.9721) -> 421 (-9.2194, 11.6953)
    3669 (23.5359, -2.42371) -> 3407 (23.4905, -2.07623)
    3670 (1.31387, -3.54081) -> 349 (1.45604, -3.78862)
    3671 (-7.62343, -0.0236575) -> 3187 (-7.6397, 0.160532)
    3672 (4.35745, -5.89197) -> 1325 (4.37559, -5.91083)
    3673 (16.9372, 19.0717) -> 3490 (16.9774, 18.8173)
    3674 (1.19517, -2.48481) -> 683 (1.6578, -2.45049)
    3675 (15.1579, 4.50106) -> 1568 (15.1549, 4.36889)
    3676 (15.3051, 21.3074) -> 2039 (14.9461, 21.6225)
    3677 (-10.8581, -9.24157) -> 342 (-10.2693, -9.21192)
    3678 (20.8718, -9.08077) -> 2704 (21.2263, -8.60082)
    3679 (5.73527, 8.26247) -> 14 (5.75984, 8.22219)
    3680 (-3.43435, 18.3101) -> 1722 (-3.44145, 18.4274)
    3681 (12.7533, 5.91704) -> 45 (12.5824, 5.78231)
    3682 (-10.215, 6.92452) -> 3338 (-10.5786, 6.7972)
    3683 (-12.311, 23.3428) -> 1879 (-12.0984, 23.142)
    3684 (-10.9311, 12.9775) -> 963 (-10.9089, 12.8186)
    3685 (24.465, -2.84565) -> 571 (24.8318, -2.96973)
    3686 (-5.55627, 2.21306) -> 3600 (-5.25344, 2.27343)
    3687 (-5.79097, 0.213022) -> 515 (-5.90869, 0.71074)
    3688 (-3.88437, 21.13) -> 2931 (-3.30791, 21.288)
    3689 (-7.70293, 11.254) -> 2499 (-7.96466, 11.8257)
    3690 (9.29508, -0.348434) -> 1284 (9.35574, -0.366473)
    3691 (12.4648, 7.42139) -> 2446 (12.4832, 8.02442)
    3692 (18.0712, 23.269) -> 863 (18.085, 23.1577)
    3693 (24.5079, 23.2347) -> 3087 (24.0935, 23.1205)
    3694 (22.2846, 19.4557) -> 2716 (22.514, 19.3084)
    3695 (-8.0027, -5.03176) -> 1271 (-7.78652, -5.12938)
    3696 (17.9337, 15.1243) -> 3114 (17.5604, 15.6522)
    3697 (20.2787, -10.0268) -> 316 (20.53, -9.96879)
    3698 (-7.94081, -9.37819) -> 2220 (-7.68214, -9.47677)
    3699 (23.3809, 1.17415) -> 903 (23.6268, 1.49179)
    3700 (-1.07738, -8.24274) -> 80 (-0.694632, -8.45694)
    3701 (-6.32601, -0.691205) -> 88 (-6.1995, -0.666486)
    3702 (-9.88588, -2.07597) -> 305 (-9.75473, -2.35475)
    3703 (17.3252, 0.547912) -> 3617 (17.4837, 0.758655)
    3704 (-2.86954, 18.5148) -> 138 (-2.89656, 18.5314)
    3705 (3.9952, 4.23901) -> 299 (3.93231, 3.99947)
    3706 (18.3756, 9.27121) -> 2935 (18.3411, 9.03896)
    3707 (16.6084, 6.52831) -> 2210 (16.1417, 6.33212)
    3708 (-6.38235, -8.84786) -> 1892 (-6.25008, -9.12969)
    3709 (-11.7407, 24.0718) -> 2996 (-11.8126, 24.4591)
    3710 (21.1761, 23.7035) -> 546 (21.1734, 23.7833)
    3711 (-3.87115, 15.1381) -> 58 (-3.62264, 15.2178)
    3712 (23.6845, 1.70728) -> 3246 (23.5914, 1.56562)
    3713 (21.3157, 14.0968) -> 902 (21.6988, 14.1583)
    3714 (-2.34112, 18.3422) -> 968 (-2.69638, 18.2808)
    3715 (-7.12892, -1.89837) -> 1429 (-6.75333, -1.78393)
    3716 (-8.90547, 2.83752) -> 2491 (-9.0012, 2.88656)
    3717 (0.389337, 4.02855) -> 1017 (0.634992, 4.04572)
    3718 (-3.12931, -2.20586) -> 1749 (-2.83748, -2.15108)
    3719 (18.2663, -6.41716) -> 734 (18.6437, -6.34374)
    3720 (9.64588, 1.14508) -> 2215 (9.35303, 1.03795)
    3721 (0.930692, 22.3141) -> 2359 (1.08062, 22.4882)
    3722 (12.9379, -10.5871) -> 1151 (12.4429, -10.5515)
    3723 (1.26447, 3.55499) -> 153 (1.27904, 3.67198)
    3724 (10.3888, -4.09865) -> 478 (10.4145, -3.86427)
    3725 (24.5619, 24.2278) -> 1654 (24.0746, 24.9631)
    3726 (9.44703, 3.93263) -> 1000 (9.35293, 3.65591)
    3727 (7.12649, -2.87082) -> 3182 (7.25846, -3.00988)
    3728 (-0.0831346, -8.74725) -> 3154 (-0.0255543, -9.13423)
    3729 (23.91, -7.94199) -> 3055 (24.0642, -7.69138)
    3730 (2.59989, 11.0819) -> 2343 (2.29434, 10.6915)
    3731 (8.18014, 15.0545) -> 2028 (8.28099, 15.2834)
    3732 (-4.42928, 13.4508) -> 1004 (-4.6296, 12.9887)
    3733 (-8.64661, -4.67766) -> 2146 (-8.36929, -4.5085)
    3734 (-7.22034, -10.7972) -> 1476 (-7.22752, -10.2692)
    3735 (-11.7865, 6.85402) -> 1338 (-12.0597, 6.63188)
    3736 (14.3191, 17.2289) -> 504 (14.4484, 17.3436)
    3737 (18.1198, -9.57348) -> 1234 (17.4386, -9.33724)
    3738 (-10.4113, -2.19258) -> 2211 (-10.1795, -2.64497)
    3739 (6.10596, 23.7838) -> 1152 (5.87709, 23.8076)
    3740 (18.0606, 22.6888) -> 818 (17.7727, 22.5472)
    3741 (-4.71469, -11.0261) -> 2901 (-5.15303, -11.2263)
    3742 (2.83063, 9.7347) -> 601 (2.69647, 9.78098)
    3743 (15.0094, 1.87521) -> 1254 (15.1518, 1.65774)
    3744 (-0.751586, 20.1616) -> 1233 (-0.833488, 20.3438)
    3745 (18.8676, 11.1046) -> 2831 (18.623, 11.0695)
    3746 (0.205681, 17.719) -> 599 (0.408961, 17.4416)
    3747 (7.60404, -9.57652) -> 3358 (7.84847, -9.53522)
    3748 (3.56478, -5.95959) -> 1121 (3.95009, -6.15339)
    3749 (-9.0066, 20.7371) -> 930 (-9.13699, 20.6687)
    3750 (-10.8127, -11.1319) -> 371 (-10.6595, -11.1735)
    3751 (5.85931, -7.38203) -> 323 (6.15496, -7.35048)
    3752 (-7.59275, 11.8575) -> 3413 (-7.63214, 11.9612)
    3753 (-1.93302, 20.8622) -> 1875 (-2.11045, 20.8662)
    3754 (12.7372, 2.32506) -> 1633 (12.6866, 2.2362)
    3755 (21.3393, -6.48575) -> 159 (21.5607, -6.93513)
    3756 (13.8449, -4.8467) -> 496 (13.8002, -4.77719)
    3757 (-3.12504, 13.7586) -> 1339 (-3.27692, 13.6367)
    3758 (-11.1034, -12.3366) -> 1185 (-10.7492, -11.9445)
    3759 (-6.10508, 17.5849) -> 970 (-6.52985, 17.6105)
    3760 (21.0095, 23.9229) -> 546 (21.1734, 23.7833)
    3761 (8.14153, -8.23272) -> 2346 (8.39533, -8.38157)
    3762 (23.2849, 7.15495) -> 2162 (23.8984, 7.47024)
    3763 (0.590644, -5.94811) -> 1925 (1.05756, -5.63205)
    3764 (1.62667, 22.6643) -> 1759 (1.8647, 22.7605)
    3765 (-4.76276, 21.5365) -> 3521 (-4.86125, 21.2761)
    3766 (20.5361, -0.163789) -> 2429 (20.4426, 0.207361)
    3767 (3.3461, 12.2542) -> 718 (3.71236, 12.0532)
    3768 (-4.05302, 22.2809) -> 747 (-4.03687, 22.1679)
    3769 (2.84818, 21.5662) -> 1481 (2.73096, 21.5491)
    3770 (16.907, -12.0295) -> 3377 (16.5763, -11.7509)
    3771 (11.7885, 6.00265) -> 791 (11.8454, 6.28445)
    3772 (20.2809, -0.300961) -> 3766 (20.5361, -0.163789)
    3773 (13.4261, -12.1091) -> 2171 (13.1948, -11.976)
    3774 (-11.9778, -7.95367) -> 1302 (-12.3841, -8.18176)
    3775 (11.352, -11.0129) -> 3402 (11.2761, -11.2699)
    3776 (-8.6157, -11.8835) -> 3151 (-8.64801, -11.8754)
    3777 (18.2941, 13.1519) -> 1794 (18.4487, 13.2394)
    3778 (-11.0901, 10.8696) -> 3543 (-11.2431, 10.834)
    3779 (22.7529, 17.7216) -> 209 (23.293, 17.847)
    3780 (17.3677, 10.0523) -> 1364 (17.0298, 10.5556)
    3781 (24.1527, 9.30787) -> 3257 (23.9016, 9.35527)
    3782 (-8.4468, 15.2676) -> 3419 (-8.32515, 15.2457)
    3783 (-6.04386, 24.5921) -> 485 (-5.38482, 24.2326)
    3784 (21.373, -4.78127) -> 921 (21.1107, -4.76398)
    3785 (15.6769, -7.26662) -> 3272 (15.5234, -6.86952)
    3786 (22.793, -7.62593) -> 949 (22.1179, -7.61651)
    3787 (11.8177, -0.869688) -> 1269 (11.7215, -0.592667)
    3788 (23.2427, 7.63763) -> 2611 (23.3372, 7.87474)
    3789 (1.9746, -11.2173) -> 2450 (2.52761, -11.3011)
    3790 (-1.30556, -1.09852) -> 2281 (-1.28255, -0.631294)
    3791 (-4.75366, 17.398) -> 756 (-4.63804, 17.2748)
    3792 (23.3968, 9.47765) -> 2052 (23.8226, 9.58229)
    3793 (-7.94603, 14.2341) -> 3556 (-7.65075, 14.6254)
    3794 (-0.431491, 0.423527) -> 101 (-0.444403, 0.581519)
    3795 (17.8524, 10.6441) -> 1739 (17.6346, 10.6923)
    3796 (21.5169, 17.7356) -> 399 (21.581, 18.6757)
    3797 (9.2155, 21.1534) -> 165 (9.05853, 21.2063)
    3798 (-9.90188, 23.427) -> 3163 (-9.63371, 23.3451)
    3799 (-5.05805, 3.69751) -> 2561 (-4.53126, 3.67258)
    3800 (6.87762, -2.74924) -> 1256 (6.82893, -2.77969)
    3801 (-7.91971, 11.7096) -> 2499 (-7.96466, 11.8257)
    3802 (16.6477, 15.9554) -> 1303 (16.6915, 15.9778)
    3803 (-1.05087, 13.3986) -> 2606 (-1.19886, 13.0923)
    3804 (11.1319, 1.25404) -> 337 (11.28, 1.13034)
    3805 (-0.693408, -3.24296) -> 784 (-1.14014, -2.98862)
    3806 (16.4819, 24.9308) -> 2517 (16.3378, 24.856)
    3807 (1.08779, 13.7934) -> 2318 (1.09084, 13.4991)
    3808 (24.0528, 0.249818) -> 1745 (23.9067, -0.0035774)
    3809 (6.78894, 22.5304) -> 451 (6.74238, 22.5818)
    3810 (11.4617, 6.71146) -> 2823 (11.8072, 6.72396)
    3811 (-2.87963, 2.32728) -> 1791 (-3.29126, 2.16153)
    3812 (24.2205, 0.246013) -> 3808 (24.0528, 0.249818)
    3813 (-5.32997, 4.49346) -> 1210 (-4.97532, 4.30871)
    3814 (-8.77169, 13.4777) -> 454 (-8.84122, 13.5203)
    3815 (-2.29431, 3.1835) -> 1921 (-1.93189, 3.25228)
    3816 (-2.05629, 4.3697) -> 3586 (-1.97315, 4.26594)
    3817 (8.5102, -4.26738) -> 38 (8.76711, -4.05964)
    3818 (-6.44036, 0.0557739) -> 2851 (-6.33531, -0.216987)
    3819 (11.9005, 22.3073) -> 357 (11.7205, 21.9717)
    3820 (-7.35582, 20.6975) -> 1530 (-7.57576, 20.6663)
    3821 (-4.72437, -6.98336) -> 1741 (-5.22879, -6.60253)
    3822 (11.2084, -2.75136) -> 2761 (11.1819, -2.84081)
    3823 (14.7217, 3.14503) -> 1942 (14.3599, 3.67921)
    3824 (13.9357, -10.271) -> 1287 (13.8312, -9.8871)
    3825 (0.521782, 20.9845) -> 3385 (-0.0404066, 20.8209)
    3826 (17.0911, 23.1536) -> 495 (17.0378, 23.0861)
    3827 (0.139962, -1.65131) -> 1326 (0.137381, -1.74952)
    3828 (22.6683, -9.53474) -> 2734 (22.7486, -9.52783)
    3829 (-11.0079, 13.671) -> 505 (-11.2183, 13.8033)
    3830 (-9.20103, 1.40345) -> 3084 (-9.22654, 1.52894)
    3831 (1.57746, 20.0335) -> 1300 (1.51915, 19.8108)
    3832 (4.25209, -2.08659) -> 1253 (4.15574, -1.71484)
    3833 (4.39881, -1.22245) -> 2822 (4.24571, -1.02084)
    3834 (19.0298, 13.936) -> 2005 (19.1041, 13.8073)
    3835 (-4.5248, 23.4694) -> 1022 (-4.33837, 23.4885)
    3836 (5.70631, 9.83109) -> 3478 (5.66502, 9.84234)
    3837 (7.55814, 18.2867) -> 1685 (7.51407, 18.2264)
    3838 (-12.0372, -7.70595) -> 3774 (-11.9778, -7.95367)
    3839 (22.3265, -0.466311) -> 2260 (21.9391, -0.257362)
    3840 (-6.13498, 8.32092) -> 1829 (-6.51206, 8.00469)
    3841 (-4.82467, -7.23711) -> 3821 (-4.72437, -6.98336)
    3842 (-4.32369, 6.21967) -> 53 (-4.2928, 6.02934)
    3843 (9.16657, 1.15961) -> 2964 (9.09305, 1.0867)
    3844 (-0.55786, 5.60649) -> 2953 (-0.328308, 5.63836)
    3845 (9.62823, 20.9171) -> 717 (9.17908, 20.8749)
    3846 (-6.94975, 18.2247) -> 236 (-7.06345, 17.9484)
    3847 (-1.00639, 6.43671) -> 1773 (-1.13745, 6.40139)
    3848 (23.998, 16.2351) -> 836 (23.7392, 15.6897)
    3849 (2.34839, 12.7622) -> 3 (2.63115, 12.6967)
    3850 (14.1479, 8.57399) -> 3384 (13.9421, 8.2061)
    3851 (17.3094, 0.87678) -> 3617 (17.4837, 0.758655)
    3852 (15.9608, -5.90034) -> 2780 (16.0607, -5.83909)
    3853 (11.7294, 20.4734) -> 2493 (11.8851, 20.6908)
    3854 (3.84232, 24.1956) -> 1877 (3.38926, 24.1441)
    3855 (6.12489, 19.3594) -> 2569 (6.06391, 18.9666)
    3856 (0.354832, 22.5999) -> 2806 (0.159355, 22.5775)
    3857 (8.71917, 24.7326) -> 501 (8.48774, 24.2041)
    3858 (2.64455, -6.41213) -> 2181 (2.45146, -6.57562)
    3859 (6.82675, -12.0812) -> 1652 (7.09128, -11.8681)
    3860 (-3.28966, 19.2825) -> 1999 (-3.40503, 19.5051)
    3861 (19.7453, 22.4692) -> 1595 (19.52, 22.5322)
    3862 (13.0219, -1.38448) -> 2027 (12.9902, -1.12951)
    3863 (2.37802, 17.4437) -> 1913 (2.56423, 16.9937)
    3864 (20.3763, 6.0483) -> 676 (20.4193, 6.0357)
    3865 (3.80859, 0.199184) -> 2437 (3.78802, 0.214375)
    3866 (5.07334, 5.55637) -> 697 (4.99503, 5.28364)
    3867 (-9.92397, 21.3786) -> 66 (-10.291, 21.5154)
    3868 (17.4195, 8.86519) -> 2228 (17.2266, 9.02329)
    3869 (22.4154, -7.66224) -> 949 (22.1179, -7.61651)
    3870 (20.1332, -0.972475) -> 2609 (20.1936, -1.25832)
    3871 (7.88098, 10.5665) -> 1085 (8.14383, 10.6529)
    3872 (12.1962, 23.9181) -> 3026 (12.1256, 23.7329)
    3873 (5.3552, 20.6054) -> 979 (5.3175, 19.9243)
    3874 (23.4298, 6.82422) -> 3762 (23.2849, 7.15495)
    3875 (-1.66008, -12.2471) -> 2950 (-1.2973, -12.1206)
    3876 (8.17917, 17.3522) -> 2766 (8.15489, 17.228)
    3877 (-7.60346, 3.13362) -> 241 (-7.58028, 3.10969)
    3878 (5.44681, 17.0523) -> 2007 (5.23347, 17.3697)
    3879 (13.2455, 20.9488) -> 3031 (12.9359, 20.4573)
    3880 (0.234086, -0.33277) -> 2298 (-0.215689, -0.217775)
    3881 (-9.15393, 12.1763) -> 294 (-8.8992, 12.4242)
    3882 (20.2908, 15.4593) -> 1351 (20.9033, 15.112)
    3883 (6.88274, -9.79239) -> 439 (6.57357, -9.89471)
    3884 (16.5136, -9.78073) -> 1774 (16.2653, -9.9193)
    3885 (15.8721, -2.70214) -> 3595 (15.7709, -2.97935)
    3886 (22.5876, 3.42148) -> 3296 (22.5914, 3.91572)
    3887 (13.2617, 1.63281) -> 1328 (12.7467, 1.46379)
    3888 (2.0813, 5.75626) -> 547 (1.93346, 5.5087)
    3889 (-1.19569, 14.2543) -> 2201 (-1.27226, 14.0066)
    3890 (-11.1548, 17.9551) -> 1770 (-11.5247, 17.887)
    3891 (9.75679, -12.4802) -> 1647 (10.0408, -12.3974)
    3892 (12.6284, -3.74883) -> 3347 (12.5307, -3.24686)
    3893 (-4.53095, 18.4693) -> 2972 (-4.38789, 18.237)
    3894 (22.4143, -2.23627) -> 777 (22.863, -2.52596)
    3895 (-11.5863, 3.92861) -> 590 (-11.6175, 3.82363)
    3896 (1.0667, 13.9207) -> 3807 (1.08779, 13.7934)
    3897 (14.7311, 14.9044) -> 1416 (14.8038, 15.1998)
    3898 (-8.71791, 12.7231) -> 1803 (-8.74604, 12.7468)
    3899 (5.49115, 8.46174) -> 3679 (5.73527, 8.26247)
    3900 (-4.43037, 18.0192) -> 2972 (-4.38789, 18.237)
    3901 (13.2187, -0.456847) -> 2708 (13.2114, -0.475072)
    3902 (18.9215, 12.428) -> 2221 (18.666, 12.7466)
    3903 (-4.56187, 12.725) -> 3531 (-4.71177, 12.5336)
    3904 (8.09274, 5.86328) -> 2274 (8.39124, 6.0426)
    3905 (20.3769, 1.69801) -> 44 (20.0883, 1.73981)
    3906 (9.61136, -9.3738) -> 474 (9.40922, -9.23766)
    3907 (3.49634, 11.6017) -> 274 (3.0643, 11.385)
    3908 (-6.22561, -9.91158) -> 1651 (-6.28835, -9.45693)
    3909 (-8.70708, 3.38127) -> 1335 (-8.353, 3.13671)
    3910 (11.1294, 19.8539) -> 63 (11.5, 19.6905)
    3911 (-2.01667, -5.81717) -> 1397 (-1.915, -5.5651)
    3912 (-7.90585, -2.3349) -> 339 (-7.87381, -2.40624)
    3913 (-0.577849, -0.212985) -> 2956 (-0.282507, -0.141782)
    3914 (-3.46073, 4.42159) -> 829 (-3.49091, 4.29026)
    3915 (2.52751, -2.49289) -> 458 (2.46682, -2.20771)
    3916 (24.8535, 23.397) -> 3693 (24.5079, 23.2347)
    3917 (-12.0747, 13.691) -> 2968 (-11.786, 13.3531)
    3918 (-1.87395, 22.533) -> 1039 (-2.01875, 22.7139)
    3919 (18.8323, -6.32244) -> 734 (18.6437, -6.34374)
    3920 (-0.318508, -3.30131) -> 424 (-0.191637, -2.95042)
    3921 (-2.69661, 21.8711) -> 234 (-2.87001, 21.8908)
    3922 (24.2441, -2.33477) -> 361 (24.0888, -2.28989)
    3923 (-12.0534, 18.3438) -> 2878 (-12.1963, 17.9064)
    3924 (-8.33047, 0.176286) -> 2249 (-8.68426, -0.145838)
    3925 (6.96497, 24.5803) -> 1180 (7.41119, 24.7819)
    3926 (-4.09248, -10.7474) -> 2557 (-3.74782, -10.7307)
    3927 (8.13325, 10.7282) -> 1085 (8.14383, 10.6529)
    3928 (16.3235, 21.698) -> 3605 (16.5642, 21.3478)
    3929 (15.2317, -9.13717) -> 490 (15.4787, -8.96375)
    3930 (15.9848, -0.379159) -> 71 (16.2139, -0.326928)
    3931 (18.6061, 9.64838) -> 1866 (18.7427, 9.94438)
    3932 (15.6232, -12.1262) -> 1882 (15.6349, -12.0654)
    3933 (19.1525, -0.118587) -> 2163 (19.0018, -0.303954)
    3934 (-12.4792, -5.958) -> 1324 (-12.487, -6.81068)
    3935 (17.9487, -1.97153) -> 2443 (18.2712, -2.1844)
    3936 (-11.4117, 20.6132) -> 1492 (-11.5213, 20.4564)
    3937 (17.1185, 18.6627) -> 3490 (16.9774, 18.8173)
    3938 (2.51031, 6.36814) -> 1666 (2.51654, 6.41701)
    3939 (24.1466, -3.8888) -> 3283 (24.3027, -3.99546)
    3940 (4.89352, 4.38322) -> 1477 (4.97254, 4.32475)
    3941 (15.0786, 3.26885) -> 3823 (14.7217, 3.14503)
    3942 (-5.20168, -8.46899) -> 257 (-5.40708, -8.77434)
    3943 (-2.42616, 13.6396) -> 611 (-2.4719, 13.6057)
    3944 (20.2985, -11.3394) -> 2735 (20.4747, -11.4117)
    3945 (7.17017, 0.876994) -> 1021 (6.9311, 0.989163)
    3946 (-4.52909, -11.4685) -> 3212 (-4.44832, -11.9348)
    3947 (6.83519, 6.38412) -> 17 (6.32387, 6.30337)
    3948 (13.8826, 16.1783) -> 2723 (13.6004, 15.9977)
    3949 (13.3701, 20.5087) -> 3031 (12.9359, 20.4573)
    3950 (23.0395, 4.10485) -> 1559 (23.045, 4.02027)
    3951 (10.5464, 9.95607) -> 1735 (11.0585, 9.74127)
    3952 (-11.1736, 22.8075) -> 3079 (-11.0547, 22.7248)
    3953 (14.8566, 15.421) -> 1416 (14.8038, 15.1998)
    3954 (-0.988724, 20.8942) -> 2535 (-1.16313, 21.0489)
    3955 (14.6678, -9.25231) -> 3294 (14.7488, -8.97872)
    3956 (22.9103, 19.1672) -> 1850 (22.8937, 19.3513)
    3957 (6.41244, 19.3771) -> 1246 (6.53126, 19.3937)
    3958 (-4.58009, 10.444) -> 817 (-4.99454, 10.216)
    3959 (-1.23116, 15.6129) -> 2595 (-1.1665, 15.8723)
    3960 (-8.16991, -7.6228) -> 3598 (-8.22062, -7.64833)
    3961 (6.20029, 20.1484) -> 1553 (5.85093, 19.9702)
    3962 (-5.97349, -4.09493) -> 1212 (-5.95289, -4.41566)
    3963 (0.604061, 13.0601) -> 2506 (0.517848, 13.1326)
    3964 (2.82871, 9.46971) -> 3742 (2.83063, 9.7347)
    3965 (-2.52513, 24.1193) -> 395 (-1.90482, 24.0616)
    3966 (10.9283, 22.8287) -> 698 (11.1251, 23.3302)
    3967 (21.2607, 7.74198) -> 1493 (21.1794, 7.6283)
    3968 (-7.53783, 12.7946) -> 280 (-7.43099, 13.172)
    3969 (23.0431, -12.125) -> 3125 (23.0865, -12.3125)
    3970 (14.6663, -3.03423) -> 3392 (14.5464, -2.67203)
    3971 (-5.81837, 23.2676) -> 1799 (-5.64429, 23.7862)
    3972 (7.54132, -7.28759) -> 2092 (7.604, -7.49004)
    3973 (18.3854, -5.15614) -> 3479 (18.478, -5.0664)
    3974 (-7.18868, -5.67696) -> 2664 (-7.20752, -5.60685)
    3975 (-1.51794, -4.74821) -> 2848 (-1.83656, -4.73891)
    3976 (-0.295193, 7.41912) -> 3160 (-0.239348, 7.11286)
    3977 (21.9973, 12.3266) -> 2289 (21.8902, 11.6368)
    3978 (23.6556, 14.9338) -> 665 (23.7968, 14.4574)
    3979 (10.9028, -3.77126) -> 478 (10.4145, -3.86427)
    3980 (-2.21305, 11.9817) -> 864 (-2.16458, 12.3394)
    3981 (23.041, 9.65667) -> 993 (22.9758, 9.66854)
    3982 (24.2954, -5.93722) -> 880 (24.1543, -5.45609)
    3983 (20.7897, -10.4041) -> 554 (20.7361, -10.2806)
    3984 (24.85, 16.493) -> 3848 (23.998, 16.2351)
    3985 (19.4763, -4.83109) -> 530 (19.8548, -5.65472)
    3986 (-8.17229, 9.06444) -> 2538 (-8.10088, 8.73407)
    3987 (-2.04505, 21.924) -> 3024 (-1.98224, 21.8341)
    3988 (-5.98996, 21.6304) -> 1966 (-6.01676, 21.5516)
    3989 (10.7024, 24.3218) -> 2537 (10.8005, 24.6192)
    3990 (5.40261, 21.3748) -> 2204 (5.63939, 21.4295)
    3991 (5.83988, 12.7167) -> 3306 (5.59583, 12.5339)
    3992 (4.64295, -4.21059) -> 1498 (4.32295, -4.44225)
    3993 (-10.8983, -11.2333) -> 3750 (-10.8127, -11.1319)
    3994 (6.66508, -5.20104) -> 2608 (6.8428, -5.55035)
    3995 (-5.18098, 2.64172) -> 163 (-5.27957, 2.94965)
    3996 (7.26987, -10.6481) -> 644 (7.06035, -10.2538)
    3997 (-10.4518, 11.115) -> 3341 (-10.9259, 10.7639)
    3998 (-6.61821, 15.3632) -> 252 (-6.26059, 15.3444)
