Parent Map for Subproblem Tree 126
======================================
Child ID (x, y) -> Parent ID (x, y)
    1 (2.9274, 15.534) -> 0 (1, 15)
    2 (4.922, 15.3872) -> 1888 (2.94905, 15.1581)
    3 (6.70982, 16.2837) -> 4574 (5.16086, 15.9146)
    4 (7.78135, 14.595) -> 9351 (7.00209, 14.6162)
    5 (6.79114, 18.2821) -> 6194 (5.46068, 17.4716)
    6 (8.74749, 18.6976) -> 9758 (7.73383, 18.2274)
    7 (10.6796, 18.181) -> 6414 (9.68836, 17.8261)
    8 (1.32787, 13.0271) -> 0 (1, 15)
    9 (1.3659, 11.0274) -> 8739 (1.30001, 11.5916)
    10 (0.635266, 14.1057) -> 0 (1, 15)
    11 (5.81793, 20.0293) -> 8634 (4.87088, 19.1965)
    12 (0.57032, 16.9533) -> 0 (1, 15)
    13 (4.31026, 21.3435) -> 4453 (3.41609, 19.5953)
    14 (3.35531, 20.4902) -> 6785 (2.69701, 18.683)
    15 (10.9986, 18.3586) -> 4783 (9.57121, 17.9014)
    16 (1.80054, 9.07522) -> 2859 (1.67223, 10.9359)
    17 (12.9666, 18.7145) -> 8443 (11.7921, 18.3719)
    18 (2.56128, 11.4941) -> 1918 (1.71006, 12.9855)
    19 (13.1526, 19.5551) -> 9369 (12.1871, 19.2103)
    20 (8.68664, 19.5319) -> 5308 (7.1425, 18.7217)
    21 (3.18738, 13.4057) -> 9112 (2.41368, 13.9728)
    22 (4.41685, 22.6404) -> 6705 (3.75139, 21.0425)
    23 (14.5077, 17.4396) -> 8947 (13.6527, 17.246)
    24 (16.0983, 16.2273) -> 1342 (14.1132, 16.4031)
    25 (14.9319, 20.4684) -> 4594 (13.3772, 19.8506)
    26 (2.84093, 12.3739) -> 4599 (2.12411, 13.0111)
    27 (0.70158, 9.12635) -> 3011 (0.746255, 10.6544)
    28 (16.2136, 22.0038) -> 3361 (14.3681, 21.2369)
    29 (13.8772, 21.2957) -> 398 (12.3147, 20.5543)
    30 (17.2163, 14.569) -> 8228 (16.8961, 14.666)
    31 (16.1186, 12.8971) -> 5971 (14.7149, 11.5507)
    32 (14.7757, 11.415) -> 5122 (13.5741, 10.3929)
    33 (16.0611, 9.88282) -> 8510 (14.9454, 9.7617)
    34 (17.1178, 8.18473) -> 8283 (16.5481, 8.34012)
    35 (18.1347, 22.5598) -> 4150 (16.3137, 21.8269)
    36 (15.5088, 6.99673) -> 7840 (14.5178, 7.46644)
    37 (20.1184, 22.8149) -> 7055 (18.4567, 22.1888)
    38 (20.3364, 20.8268) -> 6447 (19.7339, 20.6501)
    39 (2.52811, 7.21225) -> 9946 (2.23642, 8.82865)
    40 (16.9054, 7.53079) -> 6639 (15.3112, 7.99871)
    41 (16.2459, 23.2416) -> 6954 (15.1356, 22.6844)
    42 (19.1072, 13.9173) -> 5893 (18.0809, 14.2485)
    43 (14.1956, 5.4883) -> 9034 (13.0665, 6.16144)
    44 (18.627, 6.51282) -> 8482 (16.862, 7.1175)
    45 (3.56803, 15.4566) -> 3840 (3.05888, 15.3261)
    46 (20.7785, 12.8188) -> 6552 (19.6654, 12.4309)
    47 (14.2408, 17.3345) -> 3222 (12.5842, 17.074)
    48 (16.7034, 6.54973) -> 8252 (14.9477, 7.29444)
    49 (20.588, 6.11995) -> 9855 (19.1181, 6.60232)
    50 (12.1956, 5.48345) -> 8458 (10.7055, 6.51764)
    51 (18.7098, 8.73483) -> 7007 (17.069, 8.81361)
    52 (15.5741, 20.711) -> 6878 (15.1566, 20.5426)
    53 (10.5363, 4.36686) -> 6153 (10.2331, 4.69143)
    54 (3.2632, 5.35224) -> 7678 (3.19757, 5.64976)
    55 (15.7913, 4.28266) -> 8700 (14.2125, 5.39717)
    56 (13.6102, 3.5759) -> 8115 (12.593, 4.49146)
    57 (1.95371, 12.6838) -> 7146 (1.83967, 12.9235)
    58 (1.81122, 11.7752) -> 4472 (1.28242, 13.4083)
    59 (11.1968, 7.21619) -> 7746 (10.1569, 7.95532)
    60 (21.1656, 4.20516) -> 8486 (19.6109, 4.84414)
    61 (21.8256, 3.94879) -> 5440 (20.1342, 4.73001)
    62 (4.46418, 7.71389) -> 6182 (3.72219, 9.03864)
    63 (19.7761, 22.5556) -> 2000 (18.3924, 21.975)
    64 (1.41575, 14.0225) -> 0 (1, 15)
    65 (4.25262, 10.4266) -> 9869 (3.75564, 11.0466)
    66 (16.9114, 9.39763) -> 8367 (15.1446, 9.3995)
    67 (15.1735, 5.35288) -> 8320 (13.968, 6.13672)
    68 (16.1477, 9.09361) -> 9695 (15.528, 9.09323)
    69 (5.09186, 21.0709) -> 4689 (4.28121, 19.8577)
    70 (23.6393, 4.79183) -> 5950 (21.9056, 5.45391)
    71 (22.5217, 4.39271) -> 3835 (21.7897, 4.75245)
    72 (2.85974, 23.5655) -> 6190 (2.49686, 21.757)
    73 (22.7784, 12.7997) -> 9819 (20.9318, 12.2567)
    74 (2.31518, 3.5912) -> 6812 (2.1051, 5.08391)
    75 (17.2479, 8.18563) -> 1925 (15.6127, 8.49259)
    76 (12.3105, 2.05573) -> 5018 (11.0035, 3.46395)
    77 (1.36359, 9.40923) -> 2940 (1.24657, 10.9643)
    78 (6.23733, 10.6734) -> 7531 (4.89563, 11.5865)
    79 (2.63968, 24.4857) -> 8997 (2.33603, 23.0911)
    80 (12.1616, 22.3237) -> 6816 (11.0478, 21.6764)
    81 (4.18642, 2.88519) -> 6786 (3.66165, 4.74048)
    82 (10.7075, 1.58482) -> 8730 (9.59908, 3.05577)
    83 (1.7263, 13.9304) -> 0 (1, 15)
    84 (21.9282, 7.6045) -> 8993 (21.8832, 7.60706)
    85 (22.2881, 21.2636) -> 9193 (22.106, 21.224)
    86 (13.2285, 24.0153) -> 9729 (12.6942, 23.6989)
    87 (1.6161, 19.7115) -> 6655 (1.59634, 19.3946)
    88 (15.5759, 24.6139) -> 9737 (14.1574, 23.6088)
    89 (4.30998, 0.889014) -> 7831 (3.81897, 2.71898)
    90 (16.6249, 11.6718) -> 4234 (14.9766, 10.8945)
    91 (9.59389, 21.3143) -> 8602 (8.33949, 20.4102)
    92 (6.44583, 7.98417) -> 3867 (5.15621, 9.48252)
    93 (1.96421, 17.9853) -> 6374 (1.47012, 16.498)
    94 (21.6906, 3.66216) -> 9512 (20.0763, 4.48263)
    95 (1.49566, 14.0425) -> 0 (1, 15)
    96 (11.3244, 3.76887) -> 9296 (10.3226, 4.76584)
    97 (1.88601, 19.4185) -> 7664 (1.78823, 19.1071)
    98 (24.2024, 5.00129) -> 9503 (22.982, 5.3396)
    99 (17.5313, 11.7065) -> 4529 (17.1742, 11.5499)
    100 (22.886, 12.0238) -> 7149 (21.5466, 11.7868)
    101 (10.3181, 19.6938) -> 9861 (9.65134, 19.368)
    102 (20.3868, 20.0077) -> 5010 (20.1544, 19.9151)
    103 (21.1265, 10.8493) -> 5237 (20.1226, 10.713)
    104 (2.39012, 22.0638) -> 6165 (2.32609, 21.687)
    105 (14.092, 15.4939) -> 9004 (12.8896, 16.187)
    106 (21.9719, 23.3958) -> 8582 (20.4178, 22.7757)
    107 (1.8323, 18.6381) -> 6740 (1.45299, 17.1994)
    108 (3.85622, 3.10775) -> 9415 (3.62383, 4.13044)
    109 (21.9243, 18.7286) -> 5653 (20.2099, 18.4005)
    110 (10.6323, 5.40625) -> 7775 (9.25112, 6.68272)
    111 (22.3261, 6.75522) -> 7532 (20.9448, 7.03523)
    112 (9.28993, 3.59282) -> 8711 (8.29261, 4.78245)
    113 (9.75532, 16.4074) -> 9529 (9.22029, 16.2607)
    114 (19.8984, 15.7542) -> 6674 (18.6813, 15.8863)
    115 (18.9688, 15.4121) -> 9689 (17.0489, 15.7121)
    116 (8.89262, 0.744545) -> 2410 (7.9767, 2.25195)
    117 (2.11844, 11.8691) -> 6203 (1.9929, 12.163)
    118 (24.0387, 2.83212) -> 8001 (22.9278, 3.374)
    119 (12.4822, 23.3959) -> 6224 (11.56, 22.7085)
    120 (24.4917, 13.8315) -> 9931 (22.6459, 13.2257)
    121 (13.466, 23.7617) -> 4761 (12.0574, 22.7824)
    122 (14.887, 3.04042) -> 9002 (13.8113, 3.99224)
    123 (13.8097, 17.3279) -> 3222 (12.5842, 17.074)
    124 (21.9369, 19.6125) -> 9431 (20.7994, 19.3779)
    125 (16.3039, 18.0512) -> 3889 (15.085, 17.7991)
    126 (22.4095, 8.00961) -> 7417 (20.4738, 8.22313)
    127 (16.5828, 14.4098) -> 5106 (15.1577, 15.2334)
    128 (20.3299, 2.25457) -> 9605 (19.9262, 2.47994)
    129 (23.6198, 19.0784) -> 6037 (22.2612, 18.8301)
    130 (19.2766, 24.2955) -> 9622 (18.7742, 24.0661)
    131 (10.311, 19.3873) -> 3052 (8.74576, 18.6305)
    132 (20.4895, 4.27058) -> 9512 (20.0763, 4.48263)
    133 (20.8917, 17.1657) -> 1253 (19.0489, 16.9706)
    134 (15.4169, 3.32853) -> 9513 (14.1795, 4.54285)
    135 (13.713, 6.48146) -> 7902 (12.1498, 7.40288)
    136 (19.9844, 19.4758) -> 1376 (18.4902, 19.0368)
    137 (9.48412, 20.6552) -> 5596 (7.95103, 19.6707)
    138 (7.92299, 22.4134) -> 9860 (6.64364, 20.9729)
    139 (7.02637, 10.0358) -> 9309 (5.89239, 10.7248)
    140 (2.56933, 3.11757) -> 1649 (2.45232, 4.7412)
    141 (2.71889, 5.2172) -> 4774 (2.51046, 6.51129)
    142 (20.7487, 15.9371) -> 8070 (19.0723, 16.0996)
    143 (21.8065, 4.71617) -> 9223 (20.3507, 5.35959)
    144 (3.25862, 1.18384) -> 6104 (3.03085, 2.66764)
    145 (3.676, 17.1512) -> 8597 (2.17156, 15.9227)
    146 (8.42551, 18.852) -> 3120 (7.13872, 18.1859)
    147 (3.59171, 10.636) -> 9755 (2.78377, 11.7859)
    148 (23.4484, 20.4769) -> 5542 (22.1855, 20.1328)
    149 (16.6731, 7.93795) -> 3032 (15.0932, 8.28334)
    150 (1.41536, 10.7879) -> 8739 (1.30001, 11.5916)
    151 (24.2493, 18.6265) -> 8558 (22.9797, 18.4255)
    152 (2.48738, 15.0987) -> 0 (1, 15)
    153 (12.0211, 22.3566) -> 6816 (11.0478, 21.6764)
    154 (6.9268, 1.11273) -> 8958 (6.3999, 2.25889)
    155 (18.9879, 22.4774) -> 7845 (18.0357, 22.0582)
    156 (13.9506, 19.3492) -> 8477 (13.1157, 19.0547)
    157 (7.76617, 10.4215) -> 1283 (6.79213, 10.9577)
    158 (18.6589, 1.15571) -> 8738 (17.5539, 2.15932)
    159 (24.0366, 20.0732) -> 3732 (22.3234, 19.6702)
    160 (17.537, 1.75375) -> 7074 (16.0965, 2.66718)
    161 (3.00637, 9.21304) -> 8829 (2.45403, 10.671)
    162 (6.74116, 7.17726) -> 9201 (5.78288, 8.58411)
    163 (22.6071, 7.44836) -> 1996 (20.9002, 7.75045)
    164 (1.10706, 14.8015) -> 0 (1, 15)
    165 (12.1418, 3.90316) -> 7642 (11.797, 4.26472)
    166 (4.60382, 8.3086) -> 9879 (3.81607, 9.64715)
    167 (14.8712, 1.04048) -> 6455 (13.9092, 2.08447)
    168 (20.2571, 11.3937) -> 9251 (20.0175, 11.3069)
    169 (8.80464, 9.13686) -> 9155 (7.19706, 10.2458)
    170 (23.845, 14.7339) -> 9108 (22.2851, 14.9701)
    171 (18.0331, 2.02994) -> 9604 (17.0204, 2.7994)
    172 (19.2928, 6.99985) -> 2572 (17.991, 7.2954)
    173 (23.8296, 17.2526) -> 8107 (22.6007, 17.1345)
    174 (13.8261, 10.8825) -> 9997 (13.1824, 10.13)
    175 (21.4353, 17.1679) -> 5738 (21.0959, 17.103)
    176 (20.0422, 16.9569) -> 7712 (18.9252, 16.9198)
    177 (20.8879, 17.1695) -> 1253 (19.0489, 16.9706)
    178 (19.8513, 19.7144) -> 4551 (18.5976, 19.3936)
    179 (24.1054, 17.6736) -> 6307 (23.6547, 17.6488)
    180 (13.0822, 4.83511) -> 9355 (12.8517, 5.00832)
    181 (8.2764, 2.38393) -> 9942 (7.33282, 3.89982)
    182 (23.7454, 14.6593) -> 8879 (21.8337, 14.9224)
    183 (24.8938, 16.0725) -> 9660 (23.9174, 16.0048)
    184 (4.3662, 22.1199) -> 7280 (3.93357, 21.1514)
    185 (23.9702, 23.4788) -> 9698 (23.1283, 23.1589)
    186 (2.92746, 2.5121) -> 8408 (2.62922, 4.42397)
    187 (24.5009, 10.8439) -> 9285 (23.0996, 10.6229)
    188 (19.6695, 11.8514) -> 7566 (18.4162, 11.4835)
    189 (16.3108, 5.11057) -> 3831 (14.7294, 6.05339)
    190 (19.016, 23.8364) -> 6638 (17.267, 22.9205)
    191 (17.3609, 24.6115) -> 7431 (15.823, 23.7529)
    192 (6.25662, 21.9628) -> 9785 (5.30826, 20.6658)
    193 (7.83098, 10.3681) -> 1283 (6.79213, 10.9577)
    194 (0.161093, 17.4882) -> 5884 (0.758196, 15.8671)
    195 (9.96033, 8.40363) -> 8764 (8.79785, 9.33891)
    196 (2.88921, 2.77925) -> 8408 (2.62922, 4.42397)
    197 (24.3403, 17.9084) -> 8209 (23.5227, 17.6805)
    198 (21.8379, 24.5184) -> 5687 (20.2794, 23.8382)
    199 (6.65366, 23.4651) -> 5773 (6.24512, 22.9753)
    200 (0.711309, 22.1691) -> 8153 (0.800881, 20.8423)
    201 (12.4243, 21.4725) -> 4299 (10.6882, 20.5182)
    202 (24.7614, 4.67668) -> 9598 (22.8901, 5.33347)
    203 (2.11984, 8.33281) -> 7226 (2.08238, 8.54828)
    204 (13.9489, 2.8755) -> 8853 (12.5828, 4.14392)
    205 (21.536, 24.8667) -> 8098 (21.1424, 24.7054)
    206 (20.3017, 22.0089) -> 6765 (19.8636, 21.8418)
    207 (2.34568, 3.66686) -> 6812 (2.1051, 5.08391)
    208 (20.3711, 1.26462) -> 8789 (19.8812, 1.59979)
    209 (10.0299, 20.0983) -> 3181 (9.77043, 19.9324)
    210 (4.43737, 24.7343) -> 9821 (3.9789, 23.404)
    211 (8.33762, 10.5474) -> 809 (6.785, 11.1902)
    212 (21.8437, 13.3919) -> 4087 (20.4096, 12.8472)
    213 (13.5266, 7.25229) -> 5808 (12.7522, 7.66481)
    214 (4.16388, 6.47357) -> 6107 (3.49791, 8.17574)
    215 (0.88299, 13.7733) -> 0 (1, 15)
    216 (12.2071, 8.45057) -> 2552 (10.6403, 9.26982)
    217 (17.273, 3.77512) -> 5265 (16.2181, 4.46781)
    218 (24.3926, 22.7281) -> 9744 (23.766, 22.5541)
    219 (10.6357, 16.8251) -> 9846 (8.99628, 16.6158)
    220 (15.2866, 10.0164) -> 9885 (15.0303, 9.98916)
    221 (17.6105, 11.4882) -> 8905 (16.6237, 11.1916)
    222 (1.83225, 12.6421) -> 1918 (1.71006, 12.9855)
    223 (18.2895, 21.9236) -> 8308 (17.5735, 21.5256)
    224 (16.2089, 8.40224) -> 1925 (15.6127, 8.49259)
    225 (23.2019, 7.67882) -> 6956 (22.0585, 7.79122)
    226 (5.92244, 2.06766) -> 9738 (5.26751, 3.69962)
    227 (22.2574, 9.48973) -> 9385 (21.2947, 9.38034)
    228 (6.51263, 7.4525) -> 9201 (5.78288, 8.58411)
    229 (7.47448, 9.92604) -> 6365 (5.92529, 10.9282)
    230 (23.4113, 14.2921) -> 9822 (21.7545, 13.5506)
    231 (22.5619, 17.5294) -> 8040 (21.9287, 17.4998)
    232 (22.096, 17.3268) -> 8483 (21.821, 17.288)
    233 (14.9055, 17.6666) -> 3476 (13.5445, 17.4181)
    234 (11.2256, 22.2366) -> 3832 (9.90225, 21.3248)
    235 (18.7591, 9.33166) -> 9772 (17.0184, 9.17306)
    236 (4.19739, 4.0125) -> 8685 (3.62909, 5.73588)
    237 (7.70135, 6.38949) -> 4650 (6.79737, 7.48721)
    238 (1.34029, 18.2426) -> 2133 (1.07799, 16.4523)
    239 (20.2681, 9.20415) -> 9628 (19.1541, 9.32834)
    240 (23.9777, 18.0067) -> 8295 (22.2709, 17.7978)
    241 (3.5528, 24.0867) -> 9208 (3.33112, 23.3179)
    242 (21.2777, 9.73122) -> 8896 (19.4444, 9.71555)
    243 (5.40903, 11.9062) -> 9349 (5.28373, 12.2513)
    244 (9.70079, 3.55087) -> 9550 (9.26414, 4.12174)
    245 (0.88941, 2.42623) -> 8039 (0.90766, 3.15574)
    246 (24.5647, 14.1997) -> 6488 (22.7835, 13.4689)
    247 (12.5232, 3.58922) -> 7642 (11.797, 4.26472)
    248 (4.02035, 6.35219) -> 6572 (3.29291, 8.10979)
    249 (22.623, 5.05284) -> 5852 (21.903, 5.29812)
    250 (13.599, 1.96595) -> 6694 (12.5132, 3.13784)
    251 (14.2011, 15.4464) -> 9004 (12.8896, 16.187)
    252 (0.792262, 5.75396) -> 6485 (0.762521, 7.18247)
    253 (4.46785, 2.95567) -> 7598 (4.16183, 3.93866)
    254 (20.8353, 19.7028) -> 7650 (20.2798, 19.5955)
    255 (3.50708, 9.11677) -> 7478 (3.13355, 9.95324)
    256 (17.9839, 4.24843) -> 6563 (16.3263, 5.1319)
    257 (2.19452, 24.6311) -> 4952 (1.9072, 22.7984)
    258 (8.61669, 22.7525) -> 7730 (7.56491, 21.661)
    259 (7.57814, 24.0294) -> 6277 (6.61001, 22.6153)
    260 (15.135, 23.4512) -> 7557 (14.4289, 23.0124)
    261 (5.4509, 18.958) -> 6017 (4.87637, 18.4627)
    262 (2.16074, 9.66155) -> 9500 (1.828, 11.2447)
    263 (20.4089, 15.0063) -> 9928 (19.7174, 15.0887)
    264 (5.19214, 2.14923) -> 2816 (4.83865, 3.4577)
    265 (20.0495, 15.1165) -> 8261 (18.2169, 15.4211)
    266 (12.3756, 8.85994) -> 8109 (10.8646, 9.27979)
    267 (5.42761, 20.2455) -> 5346 (4.35496, 18.9839)
    268 (20.2041, 2.5461) -> 8698 (19.6556, 2.89464)
    269 (0.569637, 24.2455) -> 2931 (0.598135, 22.7443)
    270 (7.98313, 1.56983) -> 6047 (7.42237, 2.59781)
    271 (5.66927, 7.77946) -> 4268 (5.068, 8.68074)
    272 (16.063, 16.46) -> 9839 (15.7591, 16.45)
    273 (15.4942, 9.80956) -> 8510 (14.9454, 9.7617)
    274 (8.96924, 23.7076) -> 7038 (7.86475, 22.4818)
    275 (1.73332, 2.96279) -> 9718 (1.64673, 4.17546)
    276 (13.244, 19.4954) -> 7236 (12.6002, 19.2914)
    277 (19.8846, 9.58374) -> 9828 (19.7552, 9.5846)
    278 (7.86101, 20.7717) -> 7884 (6.57999, 19.7402)
    279 (10.2599, 18.3974) -> 4699 (9.8359, 18.2587)
    280 (17.6611, 2.49891) -> 9676 (16.5422, 3.20218)
    281 (16.5931, 5.64824) -> 9402 (15.3096, 6.62651)
    282 (23.9773, 19.5774) -> 4098 (22.1302, 19.191)
    283 (2.67597, 3.72764) -> 4311 (2.50905, 4.82729)
    284 (16.5192, 2.98256) -> 6560 (15.383, 3.83424)
    285 (6.48121, 6.64861) -> 6466 (5.56115, 7.99726)
    286 (16.5651, 20.6909) -> 4858 (15.3506, 20.2181)
    287 (3.43846, 7.96046) -> 9342 (2.87514, 9.37603)
    288 (24.0182, 12.7263) -> 5173 (22.12, 12.3713)
    289 (17.7758, 1.63417) -> 9091 (17.4273, 1.85389)
    290 (16.1393, 14.8395) -> 6720 (14.5126, 15.638)
    291 (20.4478, 22.6831) -> 4278 (19.2755, 22.2713)
    292 (2.40327, 18.8781) -> 3560 (1.85763, 17.4244)
    293 (10.2436, 7.5924) -> 7198 (8.89983, 8.52026)
    294 (2.46783, 3.87742) -> 1509 (2.23347, 5.71258)
    295 (7.94005, 7.90387) -> 4957 (7.07901, 8.73246)
    296 (21.9778, 11.4368) -> 9691 (20.1629, 11.2065)
    297 (11.0731, 5.74885) -> 7270 (10.9966, 5.82768)
    298 (3.25978, 24.3642) -> 2653 (2.88681, 22.7157)
    299 (20.3057, 24.2608) -> 8525 (18.8925, 23.5021)
    300 (0.476454, 16.2312) -> 0 (1, 15)
    301 (10.8948, 1.59385) -> 9655 (10.6134, 1.93213)
    302 (4.63141, 7.09775) -> 8365 (3.94843, 8.39589)
    303 (6.85358, 23.1173) -> 736 (5.97984, 21.9248)
    304 (22.9094, 13.9445) -> 7663 (21.7877, 13.5588)
    305 (17.0325, 4.88349) -> 8404 (15.4288, 5.86399)
    306 (18.2501, 22.2192) -> 2550 (17.3711, 21.8237)
    307 (0.253144, 23.0354) -> 3436 (0.325238, 22.3203)
    308 (19.0557, 0.00101139) -> 9161 (17.9653, 0.870858)
    309 (19.7074, 17.5408) -> 9166 (19.2729, 17.4739)
    310 (15.3381, 8.44225) -> 8961 (13.6805, 8.75558)
    311 (23.8966, 24.9072) -> 2267 (22.125, 24.152)
    312 (10.3192, 17.0818) -> 8293 (8.44519, 16.6992)
    313 (11.0049, 3.78441) -> 9853 (10.2294, 4.59477)
    314 (22.8904, 3.13997) -> 8457 (21.4225, 3.81842)
    315 (4.57973, 2.42383) -> 7918 (4.00651, 4.28)
    316 (21.5634, 18.7222) -> 6178 (20.3225, 18.4822)
    317 (11.3693, 1.39772) -> 9991 (10.4583, 2.59481)
    318 (0.158807, 7.87602) -> 9130 (0.234327, 8.66763)
    319 (5.33777, 18.0229) -> 7871 (4.0612, 17.0366)
    320 (1.42005, 0.897795) -> 7070 (1.37348, 2.84715)
    321 (6.53472, 19.8512) -> 8657 (6.41055, 19.7339)
    322 (15.2687, 8.03668) -> 6464 (14.426, 8.22946)
    323 (23.4572, 2.33093) -> 9670 (22.6829, 2.71582)
    324 (2.18059, 13.6208) -> 0 (1, 15)
    325 (22.4568, 14.6738) -> 5724 (20.7812, 15.0806)
    326 (7.96309, 16.6091) -> 6090 (6.27755, 16.1901)
    327 (6.57108, 24.6252) -> 7881 (5.6064, 22.9898)
    328 (3.54385, 0.600629) -> 4798 (3.26699, 2.16421)
    329 (20.5036, 6.36573) -> 5430 (19.071, 6.88123)
    330 (15.3865, 12.2049) -> 5971 (14.7149, 11.5507)
    331 (0.793161, 2.08314) -> 3811 (0.731394, 3.19013)
    332 (19.4557, 14.7382) -> 8024 (17.6658, 15.1578)
    333 (7.9654, 10.2175) -> 1283 (6.79213, 10.9577)
    334 (3.59506, 6.80545) -> 9766 (3.19311, 8.07935)
    335 (23.67, 7.31825) -> 7255 (22.2405, 7.53568)
    336 (24.4277, 8.97692) -> 9636 (24.0204, 8.8462)
    337 (23.3119, 7.71942) -> 7430 (22.1354, 7.89444)
    338 (9.71369, 1.30841) -> 6409 (8.90269, 2.55586)
    339 (23.4443, 4.19767) -> 4518 (22.8547, 4.44459)
    340 (24.0213, 2.10181) -> 9888 (22.8186, 2.78385)
    341 (11.1057, 9.00515) -> 6315 (10.2282, 9.4719)
    342 (24.8309, 16.2415) -> 1590 (22.9201, 16.2976)
    343 (23.5608, 22.615) -> 6636 (23.0165, 22.4867)
    344 (7.97233, 8.78252) -> 7679 (6.62631, 9.93549)
    345 (15.5223, 16.0238) -> 6391 (14.427, 16.2251)
    346 (18.8711, 0.423944) -> 7790 (17.5481, 1.52425)
    347 (20.9374, 22.5222) -> 6792 (19.7364, 22.0152)
    348 (5.07573, 4.21045) -> 1635 (4.3589, 6.00591)
    349 (15.1411, 10.1676) -> 9885 (15.0303, 9.98916)
    350 (14.3695, 2.6723) -> 3054 (13.1896, 3.70222)
    351 (15.6909, 7.3536) -> 2600 (14.0654, 7.96826)
    352 (12.5817, 18.3661) -> 8256 (11.5604, 18.0391)
    353 (20.584, 11.0045) -> 9721 (18.735, 10.5422)
    354 (13.0554, 19.5727) -> 6312 (11.4326, 18.9745)
    355 (18.6223, 7.49865) -> 149 (16.6731, 7.93795)
    356 (1.82745, 5.5852) -> 7492 (1.60639, 7.09014)
    357 (2.9221, 21.2442) -> 9119 (2.62791, 20.2387)
    358 (2.99187, 8.53341) -> 9972 (2.56851, 9.99173)
    359 (8.14619, 20.5356) -> 5972 (6.78815, 19.4524)
    360 (3.86137, 14.2136) -> 3528 (2.41012, 14.5107)
    361 (2.33224, 5.78708) -> 2435 (2.09704, 7.33676)
    362 (21.4333, 9.20128) -> 9554 (21.0381, 9.2867)
    363 (0.759605, 6.25596) -> 6485 (0.762521, 7.18247)
    364 (20.7568, 13.3387) -> 7572 (20.3184, 13.1341)
    365 (21.5977, 18.504) -> 9088 (20.6698, 18.4091)
    366 (3.59897, 20.0017) -> 4453 (3.41609, 19.5953)
    367 (7.48953, 0.328894) -> 8378 (6.8193, 1.91712)
    368 (23.9808, 12.2091) -> 8772 (23.0344, 12.0124)
    369 (21.4502, 21.1897) -> 9970 (20.3903, 20.8952)
    370 (10.6114, 24.1985) -> 3033 (9.55715, 23.0239)
    371 (5.97538, 3.506) -> 6906 (5.43235, 4.86748)
    372 (17.2985, 3.38595) -> 8798 (15.7883, 4.31929)
    373 (5.75352, 2.64056) -> 4765 (5.33248, 3.67475)
    374 (17.302, 16.5086) -> 8818 (15.3583, 16.5414)
    375 (8.49301, 9.85448) -> 9745 (6.89998, 10.7252)
    376 (23.5369, 5.45894) -> 6703 (22.0132, 5.892)
    377 (5.40964, 14.5308) -> 6131 (4.58973, 14.621)
    378 (21.1834, 17.2945) -> 3364 (19.6107, 17.1073)
    379 (18.8713, 20.3759) -> 4025 (18.102, 20.1487)
    380 (8.24787, 23.7496) -> 1709 (7.14396, 22.4405)
    381 (5.07737, 13.9615) -> 2129 (3.24918, 14.4422)
    382 (11.7561, 9.17854) -> 6315 (10.2282, 9.4719)
    383 (6.29638, 2.35534) -> 817 (5.89468, 3.32497)
    384 (22.1671, 0.806129) -> 9998 (21.7527, 1.08395)
    385 (16.8891, 14.8719) -> 5924 (16.1564, 15.1898)
    386 (5.52143, 19.0289) -> 6017 (4.87637, 18.4627)
    387 (1.35315, 13.187) -> 0 (1, 15)
    388 (10.5455, 24.0277) -> 5899 (10.1424, 23.6278)
    389 (10.8697, 1.8132) -> 2797 (9.86237, 3.13029)
    390 (24.3978, 24.5998) -> 7171 (22.9279, 23.9522)
    391 (5.89642, 24.8282) -> 2627 (5.23137, 23.5618)
    392 (5.46297, 18.3112) -> 7220 (4.99224, 17.969)
    393 (8.03813, 6.04051) -> 7756 (7.74474, 6.38626)
    394 (18.5627, 3.13149) -> 6722 (17.2547, 4.01566)
    395 (17.2428, 6.64562) -> 7046 (15.4729, 7.43287)
    396 (16.5048, 21.7481) -> 6253 (15.6964, 21.3142)
    397 (10.7797, 19.6998) -> 6831 (9.00289, 18.8327)
    398 (12.3147, 20.5543) -> 4781 (10.5177, 19.694)
    399 (0.969762, 14.012) -> 0 (1, 15)
    400 (13.3215, 22.9078) -> 6396 (11.6982, 21.8461)
    401 (12.2314, 9.16432) -> 7029 (11.0988, 9.37669)
    402 (16.6294, 22.9431) -> 8707 (15.2188, 22.3108)
    403 (20.0438, 0.562481) -> 7278 (18.4593, 1.65611)
    404 (23.2037, 22.4884) -> 4425 (21.5476, 21.9383)
    405 (5.8113, 22.9115) -> 3934 (4.7677, 21.2095)
    406 (11.6859, 18.2028) -> 5784 (10.1322, 17.8547)
    407 (22.4993, 24.5616) -> 8273 (21.6739, 24.1822)
    408 (1.29494, 11.9726) -> 4339 (1.16542, 13.3574)
    409 (2.57747, 21.396) -> 9275 (2.33924, 20.3252)
    410 (7.39755, 18.9589) -> 7374 (5.9796, 18.1136)
    411 (20.4231, 11.3388) -> 9251 (20.0175, 11.3069)
    412 (2.01886, 6.26147) -> 5480 (1.77003, 8.20956)
    413 (8.20649, 1.17076) -> 6047 (7.42237, 2.59781)
    414 (19.7994, 10.146) -> 6146 (17.8137, 10.0091)
    415 (3.26927, 8.88054) -> 8829 (2.45403, 10.671)
    416 (15.2679, 20.4154) -> 9314 (14.8205, 20.2208)
    417 (15.7649, 8.76933) -> 1292 (14.1302, 9.02903)
    418 (11.2834, 1.85028) -> 9451 (10.5579, 2.71164)
    419 (9.26462, 6.98229) -> 5650 (8.58474, 7.61992)
    420 (14.2905, 17.5738) -> 1530 (12.7425, 17.3137)
    421 (24.1991, 15.6301) -> 6656 (23.2226, 15.713)
    422 (18.0938, 23.3231) -> 7852 (16.7354, 22.6717)
    423 (1.81628, 6.86554) -> 6294 (1.63945, 8.65509)
    424 (0.4333, 14.3929) -> 0 (1, 15)
    425 (16.1159, 17.4485) -> 5407 (15.2109, 17.2608)
    426 (3.67833, 0.839025) -> 9510 (3.65192, 1.16244)
    427 (21.3455, 7.79103) -> 9552 (19.3917, 8.03)
    428 (11.6277, 8.36735) -> 2639 (10.4555, 9.03653)
    429 (6.30964, 0.690973) -> 5359 (6.25179, 0.915049)
    430 (22.8888, 11.6892) -> 3335 (21.6706, 11.4425)
    431 (23.2203, 17.4359) -> 6205 (22.1184, 17.3169)
    432 (20.3093, 1.10846) -> 7596 (19.667, 1.61284)
    433 (11.3477, 17.2325) -> 9035 (9.75618, 16.8906)
    434 (23.6678, 24.237) -> 4100 (22.9331, 23.9115)
    435 (21.0338, 3.14009) -> 9428 (20.3459, 3.74091)
    436 (20.2268, 7.33144) -> 5461 (19.3264, 7.55603)
    437 (15.1984, 19.9896) -> 5135 (13.8675, 19.5755)
    438 (24.8393, 3.56779) -> 339 (23.4443, 4.19767)
    439 (4.45067, 6.82185) -> 1989 (3.87028, 8.23459)
    440 (21.2919, 19.9712) -> 9663 (20.762, 19.8446)
    441 (4.5395, 14.5178) -> 1048 (2.91499, 14.7187)
    442 (3.38272, 7.96024) -> 9342 (2.87514, 9.37603)
    443 (5.34959, 13.4468) -> 8663 (3.4832, 14.1123)
    444 (23.8273, 1.66603) -> 4559 (22.7138, 2.20238)
    445 (3.89695, 4.38189) -> 6999 (3.49108, 6.15449)
    446 (6.02592, 14.3136) -> 7534 (4.96176, 14.4463)
    447 (0.215907, 10.799) -> 4579 (0.276257, 11.3825)
    448 (1.24865, 15.7103) -> 0 (1, 15)
    449 (19.5846, 17.0245) -> 9783 (18.7873, 16.9403)
    450 (2.06809, 24.1014) -> 4952 (1.9072, 22.7984)
    451 (0.525252, 0.0788501) -> 7325 (0.539648, 1.57507)
    452 (7.89479, 0.405333) -> 6474 (6.98793, 2.17392)
    453 (21.1257, 3.40838) -> 8872 (19.6034, 4.24594)
    454 (18.7157, 24.4926) -> 8651 (18.0708, 24.2288)
    455 (15.983, 0.572096) -> 7262 (14.5859, 1.9454)
    456 (6.71512, 13.7885) -> 5548 (5.58834, 14.054)
    457 (18.1638, 4.03913) -> 5477 (16.8869, 4.71896)
    458 (14.6041, 5.75816) -> 9534 (14.0944, 6.14217)
    459 (20.2467, 3.51689) -> 4199 (18.6912, 4.45914)
    460 (17.3333, 1.03619) -> 9751 (16.4161, 1.86599)
    461 (1.40117, 16.3608) -> 0 (1, 15)
    462 (12.372, 22.7476) -> 7569 (11.2724, 22.0896)
    463 (18.223, 13.3576) -> 8937 (16.5949, 12.374)
    464 (10.5964, 17.2824) -> 3895 (8.98573, 16.8535)
    465 (15.6617, 17.1671) -> 8058 (14.7252, 17.0578)
    466 (21.751, 8.21199) -> 7794 (20.0583, 8.36955)
    467 (2.1895, 24.8716) -> 7347 (1.9323, 23.0107)
    468 (16.5835, 18.4076) -> 9794 (15.5602, 18.1749)
    469 (2.49794, 1.14827) -> 9270 (2.40503, 2.06441)
    470 (10.6497, 21.7255) -> 7836 (9.71887, 20.9933)
    471 (18.2801, 17.3315) -> 7216 (17.2484, 17.2501)
    472 (19.6221, 18.6494) -> 6311 (18.2476, 18.3878)
    473 (14.0939, 23.3821) -> 9461 (13.8377, 23.2577)
    474 (20.6881, 7.68038) -> 2370 (18.8964, 7.97311)
    475 (19.0757, 12.603) -> 5208 (18.3209, 12.2501)
    476 (21.2854, 24.3169) -> 5687 (20.2794, 23.8382)
    477 (2.47038, 20.9353) -> 9275 (2.33924, 20.3252)
    478 (1.68444, 19.5265) -> 6106 (1.56704, 18.6206)
    479 (16.1589, 17.2861) -> 8058 (14.7252, 17.0578)
    480 (22.1127, 19.4796) -> 8603 (20.2024, 19.1683)
    481 (14.2999, 2.32431) -> 4674 (13.6798, 2.89673)
    482 (19.7595, 12.0608) -> 7864 (18.4509, 11.6907)
    483 (12.399, 24.4686) -> 6826 (11.22, 23.4655)
    484 (9.43275, 16.4727) -> 2856 (8.44164, 16.2415)
    485 (7.9108, 21.5145) -> 8889 (7.07909, 20.6181)
    486 (20.0929, 17.4234) -> 9284 (19.0728, 17.2512)
    487 (14.042, 2.22258) -> 8319 (12.9894, 3.19798)
    488 (19.2754, 8.70894) -> 7857 (17.6098, 8.91092)
    489 (18.6912, 5.70998) -> 9902 (18.1128, 5.91789)
    490 (13.6942, 20.9938) -> 8600 (12.5906, 20.5152)
    491 (4.04119, 9.61668) -> 3900 (2.99875, 11.1751)
    492 (23.7545, 21.9818) -> 6360 (22.6953, 21.7109)
    493 (0.786385, 6.10219) -> 9522 (0.84781, 7.78317)
    494 (14.1211, 8.16519) -> 4126 (12.6805, 8.6853)
    495 (22.7421, 11.7351) -> 9028 (21.8116, 11.5603)
    496 (20.5532, 21.2446) -> 6034 (19.2115, 20.7848)
    497 (14.2174, 0.152183) -> 5495 (13.602, 0.751657)
    498 (7.05638, 2.86928) -> 5305 (6.53093, 3.68558)
    499 (22.3062, 3.59149) -> 6478 (21.2159, 4.1084)
    500 (2.05352, 14.5562) -> 0 (1, 15)
    501 (1.16824, 2.29956) -> 6719 (1.15795, 3.42984)
    502 (23.7587, 15.7207) -> 9731 (22.2825, 15.8233)
    503 (4.77428, 0.927161) -> 7293 (4.48257, 2.44779)
    504 (15.4002, 10.945) -> 6345 (13.9518, 10.4172)
    505 (7.5955, 6.45852) -> 4650 (6.79737, 7.48721)
    506 (23.9408, 8.79318) -> 7835 (22.2429, 8.82446)
    507 (9.5988, 6.4465) -> 4791 (8.13841, 7.74381)
    508 (7.23565, 13.9814) -> 7882 (6.37744, 14.1487)
    509 (0.353162, 22.2385) -> 3531 (0.444874, 20.8848)
    510 (2.5343, 14.4181) -> 0 (1, 15)
    511 (22.439, 19.8563) -> 9508 (20.9915, 19.5593)
    512 (20.6346, 13.291) -> 7572 (20.3184, 13.1341)
    513 (7.51726, 19.7265) -> 2987 (5.95092, 18.6161)
    514 (13.5987, 22.9177) -> 9052 (12.5758, 22.3017)
    515 (3.68053, 24.0241) -> 7738 (3.32999, 22.6881)
    516 (14.8068, 5.91642) -> 3219 (13.8761, 6.51434)
    517 (21.2174, 2.98653) -> 9428 (20.3459, 3.74091)
    518 (18.1031, 21.0854) -> 6823 (17.2481, 20.7907)
    519 (13.3538, 6.59948) -> 8037 (12.7269, 7.01365)
    520 (7.31161, 8.30594) -> 7416 (5.88354, 9.70613)
    521 (19.1653, 20.4781) -> 4025 (18.102, 20.1487)
    522 (12.0176, 3.60108) -> 8409 (11.2993, 4.3594)
    523 (6.48028, 5.60039) -> 1157 (5.51834, 7.21979)
    524 (7.87852, 22.4061) -> 9286 (7.47203, 22.0134)
    525 (23.7081, 14.6386) -> 8879 (21.8337, 14.9224)
    526 (11.6067, 1.90691) -> 2525 (10.3896, 3.36283)
    527 (5.15065, 10.5602) -> 1083 (4.12424, 11.4194)
    528 (22.7088, 14.2596) -> 9940 (20.7488, 14.6103)
    529 (0.978996, 14.9229) -> 0 (1, 15)
    530 (9.94737, 17.2438) -> 4659 (8.06862, 16.8029)
    531 (4.44802, 12.6496) -> 6415 (3.34465, 13.0199)
    532 (2.01665, 15.8157) -> 0 (1, 15)
    533 (21.2086, 12.9392) -> 6552 (19.6654, 12.4309)
    534 (21.0407, 19.5908) -> 9249 (19.4419, 19.2134)
    535 (22.7563, 8.23587) -> 8397 (20.8443, 8.42564)
    536 (6.30579, 6.87118) -> 6466 (5.56115, 7.99726)
    537 (19.9015, 9.54777) -> 9828 (19.7552, 9.5846)
    538 (14.5113, 17.2503) -> 9463 (13.3539, 17.0165)
    539 (23.665, 17.5571) -> 8483 (21.821, 17.288)
    540 (10.0223, 23.0909) -> 8222 (9.00673, 22.1288)
    541 (18.076, 14.6855) -> 6571 (16.611, 15.1758)
    542 (1.03687, 3.3675) -> 6016 (0.936493, 5.23367)
    543 (12.9807, 22.07) -> 7418 (12.1959, 21.5921)
    544 (20.6639, 23.581) -> 8637 (19.3085, 23.0619)
    545 (9.70853, 3.4775) -> 9550 (9.26414, 4.12174)
    546 (14.3862, 3.26538) -> 8078 (13.184, 4.38779)
    547 (5.8549, 19.8181) -> 9799 (4.58069, 18.5724)
    548 (12.8111, 2.00682) -> 8773 (12.6783, 2.1472)
    549 (15.6427, 13.2119) -> 9170 (14.913, 14.0036)
    550 (8.87748, 24.5037) -> 6499 (8.19988, 23.678)
    551 (4.36796, 0.628924) -> 3387 (4.08792, 1.75401)
    552 (15.0594, 4.31116) -> 6864 (14.8893, 4.43418)
    553 (8.0833, 6.68908) -> 5672 (7.59044, 7.22745)
    554 (12.4392, 22.2731) -> 5147 (11.2551, 21.5596)
    555 (2.77875, 15.9046) -> 0 (1, 15)
    556 (22.1537, 13.2546) -> 5941 (20.5056, 12.6933)
    557 (10.8709, 18.6311) -> 7139 (10.4308, 18.4599)
    558 (4.69872, 11.1056) -> 6766 (4.15977, 11.528)
    559 (5.37165, 3.57204) -> 4765 (5.33248, 3.67475)
    560 (24.8125, 11.0336) -> 2622 (23.3009, 10.8458)
    561 (18.104, 7.84613) -> 4231 (16.4651, 8.24485)
    562 (15.2506, 21.5347) -> 7172 (13.6594, 20.7803)
    563 (12.1873, 23.3526) -> 5951 (11.0749, 22.5053)
    564 (4.26885, 12.4842) -> 5885 (2.56369, 13.2835)
    565 (13.6543, 17.3383) -> 5509 (13.1171, 17.3244)
    566 (12.1123, 2.26679) -> 7044 (10.8127, 3.72377)
    567 (4.83782, 23.8883) -> 8695 (3.97231, 22.0863)
    568 (14.6176, 21.5379) -> 7308 (13.3185, 20.9064)
    569 (19.9822, 21.4964) -> 9030 (18.3298, 20.9621)
    570 (1.87375, 2.24166) -> 9718 (1.64673, 4.17546)
    571 (8.66509, 1.48866) -> 3245 (8.03633, 2.54132)
    572 (4.87749, 14.6043) -> 5809 (2.89199, 14.824)
    573 (18.5249, 19.1094) -> 9528 (17.02, 18.7699)
    574 (23.3755, 15.277) -> 8851 (21.7963, 15.4842)
    575 (12.8462, 23.44) -> 5959 (12.6604, 23.3238)
    576 (15.6754, 5.24352) -> 9466 (14.6626, 5.89875)
    577 (24.9335, 11.8265) -> 5412 (23.7676, 11.6743)
    578 (22.1487, 12.5564) -> 9819 (20.9318, 12.2567)
    579 (3.34842, 15.0874) -> 4796 (1.50955, 15.0175)
    580 (21.6734, 6.79675) -> 3980 (19.8811, 7.22629)
    581 (10.9247, 23.7519) -> 6491 (9.63885, 22.8158)
    582 (19.0863, 10.2117) -> 6003 (18.6929, 10.1742)
    583 (13.001, 1.47634) -> 1898 (11.8412, 2.7334)
    584 (23.6146, 5.48053) -> 9176 (21.9111, 5.99684)
    585 (4.01998, 20.3642) -> 3283 (3.60751, 19.6754)
    586 (10.7559, 18.8482) -> 3297 (9.09912, 18.1289)
    587 (0.338966, 3.20488) -> 5299 (0.384129, 3.50653)
    588 (7.72059, 24.0092) -> 9711 (6.75249, 22.7009)
    589 (7.72159, 23.3746) -> 8003 (6.88658, 22.2791)
    590 (6.19157, 3.30474) -> 8167 (5.56904, 4.62237)
    591 (0.733265, 14.8337) -> 0 (1, 15)
    592 (10.2297, 0.194139) -> 3688 (9.36669, 1.65602)
    593 (13.3997, 6.71461) -> 3922 (11.7692, 7.78094)
    594 (4.76807, 10.9645) -> 6766 (4.15977, 11.528)
    595 (3.26293, 3.56393) -> 8006 (2.81328, 5.34781)
    596 (5.06821, 16.1056) -> 9688 (3.19892, 15.6046)
    597 (17.5618, 11.8972) -> 6483 (15.9577, 11.2488)
    598 (5.98824, 22.8521) -> 8429 (5.19344, 21.6338)
    599 (7.2952, 1.47472) -> 6474 (6.98793, 2.17392)
    600 (9.47181, 0.982782) -> 4940 (8.4704, 2.62598)
    601 (12.3748, 8.98282) -> 9390 (11.188, 9.24785)
    602 (2.95619, 10.0808) -> 5474 (2.67238, 10.7769)
    603 (15.8011, 5.49248) -> 3831 (14.7294, 6.05339)
    604 (5.96735, 1.5902) -> 2551 (5.60236, 2.73313)
    605 (1.30377, 23.5787) -> 5416 (1.19415, 21.648)
    606 (8.55964, 3.51131) -> 5134 (7.79798, 4.61525)
    607 (6.33084, 22.2713) -> 8983 (5.78875, 21.4957)
    608 (16.6122, 23.3801) -> 6868 (16.1449, 23.132)
    609 (1.62499, 21.9406) -> 6019 (1.56819, 21.0229)
    610 (7.96979, 22.728) -> 9491 (7.3077, 22.019)
    611 (0.354355, 10.6071) -> 8285 (0.405992, 11.2784)
    612 (20.7163, 24.1652) -> 9417 (20.5806, 24.1192)
    613 (8.4281, 0.808138) -> 6673 (7.98985, 1.68874)
    614 (8.79216, 18.4214) -> 6591 (7.6275, 17.9736)
    615 (18.9813, 11.9652) -> 8155 (17.4899, 11.4768)
    616 (19.1722, 12.143) -> 8155 (17.4899, 11.4768)
    617 (2.93872, 4.99288) -> 8849 (2.67878, 6.65375)
    618 (9.98796, 20.9653) -> 5037 (8.96605, 20.2512)
    619 (9.86497, 7.68445) -> 9125 (9.68467, 7.81873)
    620 (5.17095, 12.5114) -> 6415 (3.34465, 13.0199)
    621 (7.58004, 19.6759) -> 2987 (5.95092, 18.6161)
    622 (0.43234, 9.78561) -> 5386 (0.583176, 11.3218)
    623 (3.3777, 23.1227) -> 8432 (3.3547, 22.9929)
    624 (20.4211, 9.02698) -> 9373 (19.9022, 8.86266)
    625 (2.56723, 16.9401) -> 3536 (1.87757, 16.2015)
    626 (16.7701, 3.17387) -> 5891 (16.1279, 3.61484)
    627 (18.4062, 1.39612) -> 9809 (16.8745, 2.61474)
    628 (24.7157, 3.65838) -> 339 (23.4443, 4.19767)
    629 (17.4462, 7.9391) -> 9502 (16.9431, 7.97671)
    630 (0.950251, 14.8964) -> 0 (1, 15)
    631 (14.044, 15.0313) -> 9969 (13.9617, 15.1456)
    632 (20.8998, 12.2183) -> 6135 (19.8282, 11.9096)
    633 (9.66933, 0.243539) -> 6664 (9.08358, 1.26905)
    634 (8.8584, 22.2078) -> 9677 (7.572, 20.9135)
    635 (17.4412, 2.22704) -> 9809 (16.8745, 2.61474)
    636 (8.64568, 17.628) -> 4084 (8.06084, 17.3872)
    637 (16.4319, 14.8208) -> 3393 (15.2486, 15.3877)
    638 (11.3108, 21.7973) -> 6842 (10.1139, 21.0785)
    639 (11.7244, 5.97497) -> 6653 (10.7831, 6.74869)
    640 (8.89619, 3.0657) -> 5134 (7.79798, 4.61525)
    641 (21.1823, 16.3323) -> 6559 (19.5631, 16.4305)
    642 (11.5834, 5.90875) -> 8458 (10.7055, 6.51764)
    643 (5.39106, 11.6892) -> 6675 (4.12697, 12.3488)
    644 (10.145, 7.64818) -> 7198 (8.89983, 8.52026)
    645 (16.2076, 11.3086) -> 3014 (15.1533, 10.854)
    646 (7.11999, 20.5404) -> 4075 (5.97037, 19.4566)
    647 (1.61531, 19.5543) -> 6655 (1.59634, 19.3946)
    648 (6.83949, 12.0566) -> 8865 (6.72216, 12.0489)
    649 (22.2643, 3.45814) -> 8457 (21.4225, 3.81842)
    650 (10.5013, 19.476) -> 3052 (8.74576, 18.6305)
    651 (4.73053, 21.0769) -> 1409 (3.77582, 19.6375)
    652 (4.66516, 23.6645) -> 8869 (3.93509, 22.1236)
    653 (13.8499, 15.3651) -> 9004 (12.8896, 16.187)
    654 (14.3397, 3.92132) -> 9355 (12.8517, 5.00832)
    655 (23.1409, 23.7314) -> 8280 (23.0335, 23.6918)
    656 (17.0441, 8.90288) -> 9695 (15.528, 9.09323)
    657 (16.3131, 8.78693) -> 7946 (15.1194, 8.93858)
    658 (0.690345, 17.8309) -> 8360 (0.869356, 16.194)
    659 (9.60496, 20.7539) -> 5596 (7.95103, 19.6707)
    660 (5.34434, 2.41274) -> 5944 (5.14384, 2.85452)
    661 (18.3323, 21.8549) -> 8308 (17.5735, 21.5256)
    662 (21.404, 0.192707) -> 8041 (21.3117, 0.235647)
    663 (14.8314, 17.3184) -> 9463 (13.3539, 17.0165)
    664 (22.2557, 3.63687) -> 9328 (22.03, 3.74521)
    665 (22.6019, 12.9015) -> 9819 (20.9318, 12.2567)
    666 (1.48789, 6.00958) -> 9600 (1.48143, 7.03023)
    667 (21.379, 22.8388) -> 9553 (19.9064, 22.317)
    668 (24.7548, 8.26047) -> 9874 (23.6938, 8.34637)
    669 (19.2337, 19.755) -> 2979 (17.9371, 19.3801)
    670 (15.4125, 2.18273) -> 9062 (14.7631, 2.79772)
    671 (6.1191, 17.1533) -> 6161 (4.47638, 16.3949)
    672 (18.6738, 21.5761) -> 5546 (18.0028, 21.3264)
    673 (12.2166, 0.884933) -> 8561 (11.6133, 1.6283)
    674 (8.2547, 17.5187) -> 5061 (6.50834, 16.8569)
    675 (19.0859, 16.0509) -> 3570 (17.532, 16.1381)
    676 (22.8406, 1.9336) -> 9434 (21.3769, 3.04941)
    677 (20.423, 5.39393) -> 7195 (19.8153, 5.68227)
    678 (24.2818, 16.1201) -> 6317 (22.4115, 16.286)
    679 (15.1185, 5.44684) -> 9534 (14.0944, 6.14217)
    680 (19.5038, 12.8973) -> 6156 (18.5033, 12.5056)
    681 (23.3483, 20.8263) -> 7722 (21.9538, 20.3835)
    682 (16.577, 0.555171) -> 9082 (16.5132, 0.612257)
    683 (5.70761, 17.3944) -> 1084 (4.34434, 16.729)
    684 (24.6202, 17.7098) -> 6758 (23.5545, 17.5961)
    685 (0.82919, 17.0707) -> 8360 (0.869356, 16.194)
    686 (0.406927, 7.85889) -> 3911 (0.436678, 8.173)
    687 (23.8847, 18.585) -> 9643 (22.0006, 18.2906)
    688 (16.831, 5.93023) -> 7913 (16.3221, 6.24525)
    689 (5.14545, 5.00816) -> 6859 (4.8918, 5.68615)
    690 (4.47466, 4.30296) -> 9674 (4.09943, 5.69824)
    691 (15.2386, 24.9958) -> 8087 (15.1042, 24.9009)
    692 (6.30313, 1.90045) -> 6196 (5.71068, 3.48155)
    693 (21.2155, 16.7449) -> 8445 (19.5438, 16.689)
    694 (2.67878, 11.6042) -> 7146 (1.83967, 12.9235)
    695 (24.6589, 14.9402) -> 4099 (22.7223, 15.207)
    696 (4.0007, 6.51739) -> 6572 (3.29291, 8.10979)
    697 (18.8924, 24.8911) -> 6118 (17.9875, 24.3944)
    698 (16.7371, 9.47789) -> 7677 (15.9743, 9.4599)
    699 (17.6314, 0.6817) -> 4996 (16.2656, 1.90397)
    700 (24.5139, 0.25778) -> 6820 (23.1763, 1.1282)
    701 (16.4269, 15.956) -> 5371 (14.481, 16.2425)
    702 (10.919, 2.75234) -> 6199 (9.69694, 4.26044)
    703 (18.7011, 13.9885) -> 8228 (16.8961, 14.666)
    704 (0.786287, 18.7335) -> 7488 (0.795296, 17.4854)
    705 (20.3591, 20.2678) -> 5419 (18.983, 19.9464)
    706 (19.9283, 0.0858048) -> 9048 (18.5742, 1.20179)
    707 (24.9529, 4.62612) -> 4523 (24.8825, 4.63902)
    708 (6.71374, 15.417) -> 9172 (6.01185, 15.3733)
    709 (17.227, 4.22617) -> 5883 (16.0823, 5.03072)
    710 (12.771, 22.4689) -> 5147 (11.2551, 21.5596)
    711 (5.35297, 0.276817) -> 5690 (5.02042, 1.36414)
    712 (9.50237, 21.8561) -> 7976 (7.97516, 20.6558)
    713 (0.815327, 19.5131) -> 4484 (0.865292, 18.5202)
    714 (20.5457, 17.4228) -> 6052 (18.8943, 17.2214)
    715 (14.4592, 21.3433) -> 7694 (12.8304, 20.5557)
    716 (2.46237, 22.9564) -> 8716 (2.37329, 22.2738)
    717 (23.7512, 0.814154) -> 8468 (22.0272, 1.78694)
    718 (0.22636, 10.4824) -> 8285 (0.405992, 11.2784)
    719 (18.6626, 18.16) -> 2189 (17.591, 18.0255)
    720 (14.3143, 0.913785) -> 7353 (13.2944, 1.97826)
    721 (22.3558, 8.29876) -> 8397 (20.8443, 8.42564)
    722 (8.62364, 8.04862) -> 9379 (7.13577, 9.29916)
    723 (8.80665, 4.98126) -> 5060 (7.79619, 6.23322)
    724 (21.1946, 12.7027) -> 9735 (20.9431, 12.625)
    725 (8.81889, 20.3999) -> 9098 (7.61883, 19.5244)
    726 (2.2085, 13.4321) -> 0 (1, 15)
    727 (0.704779, 20.9245) -> 8264 (0.703365, 20.8816)
    728 (0.0765895, 23.7889) -> 9756 (0.174659, 22.7285)
    729 (23.838, 8.24012) -> 5864 (22.1832, 8.33272)
    730 (5.31508, 16.4274) -> 5674 (3.53045, 15.8999)
    731 (17.4421, 12.2558) -> 2418 (16.7877, 11.8973)
    732 (4.38578, 17.1145) -> 9143 (3.35595, 16.481)
    733 (18.7416, 21.2961) -> 6823 (17.2481, 20.7907)
    734 (18.3921, 19.4139) -> 9474 (16.7598, 18.9536)
    735 (16.6977, 8.47312) -> 6471 (15.2771, 8.70373)
    736 (5.97984, 21.9248) -> 7987 (5.57855, 21.3695)
    737 (7.11536, 14.1815) -> 8977 (6.22232, 14.276)
    738 (19.2618, 5.88817) -> 6670 (18.0526, 6.40068)
    739 (4.69998, 7.88161) -> 8123 (3.80808, 9.32625)
    740 (5.34084, 21.5158) -> 4689 (4.28121, 19.8577)
    741 (21.4748, 10.5727) -> 9638 (21.0159, 10.4766)
    742 (8.77892, 24.0262) -> 7788 (7.75682, 22.9043)
    743 (19.1625, 1.58544) -> 9687 (17.9912, 2.42607)
    744 (18.9397, 23.9231) -> 8131 (17.2251, 23.0531)
    745 (11.1394, 3.94217) -> 9296 (10.3226, 4.76584)
    746 (24.306, 7.74169) -> 8478 (22.3509, 8.09976)
    747 (18.844, 11.8199) -> 7065 (17.0002, 11.2645)
    748 (15.4702, 21.0387) -> 6781 (14.4431, 20.5559)
    749 (9.93194, 2.99226) -> 2822 (8.83139, 4.43433)
    750 (8.57068, 17.91) -> 8125 (6.80963, 17.232)
    751 (18.4048, 9.69509) -> 3990 (16.5471, 9.66053)
    752 (15.7764, 11.0752) -> 6345 (13.9518, 10.4172)
    753 (21.3927, 7.05647) -> 3329 (19.6393, 7.41701)
    754 (15.6083, 17.7252) -> 1887 (14.4325, 17.5479)
    755 (2.10651, 15.0771) -> 0 (1, 15)
    756 (20.4999, 21.2166) -> 7634 (18.7981, 20.6734)
    757 (23.7769, 20.7196) -> 1510 (22.2482, 20.3068)
    758 (16.4842, 17.5828) -> 4588 (15.1678, 17.4312)
    759 (11.0321, 2.36733) -> 8061 (10.4963, 3.06037)
    760 (18.4176, 14.1679) -> 8228 (16.8961, 14.666)
    761 (14.2319, 24.6714) -> 6793 (12.6945, 23.4804)
    762 (8.76869, 8.65007) -> 9450 (7.37252, 9.84391)
    763 (2.54393, 7.33433) -> 9946 (2.23642, 8.82865)
    764 (6.77569, 6.08846) -> 5387 (5.76058, 7.50067)
    765 (24.088, 19.5085) -> 8412 (22.8488, 19.3157)
    766 (10.3275, 4.07571) -> 9774 (9.36768, 5.09934)
    767 (4.41206, 5.38197) -> 3701 (3.8005, 6.87254)
    768 (18.2772, 11.8667) -> 4529 (17.1742, 11.5499)
    769 (8.75317, 6.42253) -> 8224 (7.46349, 7.86934)
    770 (23.7793, 14.5466) -> 9108 (22.2851, 14.9701)
    771 (13.1971, 4.29614) -> 6632 (11.9982, 5.29803)
    772 (18.5808, 3.05274) -> 6371 (17.3547, 3.88312)
    773 (16.1115, 18.5452) -> 9724 (14.3343, 18.1876)
    774 (6.54321, 21.8492) -> 4790 (5.68473, 20.7278)
    775 (23.5896, 8.49658) -> 8932 (21.6255, 8.60688)
    776 (19.0899, 8.90053) -> 2005 (17.7585, 8.96587)
    777 (19.4615, 9.50568) -> 9199 (17.8113, 9.49583)
    778 (23.3273, 14.1162) -> 7663 (21.7877, 13.5588)
    779 (20.6421, 16.8894) -> 7712 (18.9252, 16.9198)
    780 (20.2587, 10.4843) -> 9587 (19.3717, 10.3946)
    781 (5.40777, 2.66679) -> 9903 (5.00594, 3.67471)
    782 (12.5939, 23.1305) -> 4761 (12.0574, 22.7824)
    783 (8.66034, 16.0652) -> 965 (6.76856, 15.7492)
    784 (23.6149, 13.6048) -> 9931 (22.6459, 13.2257)
    785 (23.4556, 8.25933) -> 5864 (22.1832, 8.33272)
    786 (5.64285, 24.4321) -> 5471 (4.75513, 22.7775)
    787 (21.603, 6.86515) -> 3980 (19.8811, 7.22629)
    788 (9.18658, 21.5997) -> 7976 (7.97516, 20.6558)
    789 (13.3592, 2.816) -> 8319 (12.9894, 3.19798)
    790 (16.4501, 15.3019) -> 9753 (14.6881, 15.6923)
    791 (20.1343, 15.4359) -> 6425 (18.4395, 15.7762)
    792 (6.73531, 24.5389) -> 1735 (6.43507, 23.9416)
    793 (14.4324, 18.2245) -> 8765 (13.3401, 18.0445)
    794 (20.4223, 14.3273) -> 4687 (19.2674, 14.6049)
    795 (1.88865, 12.1886) -> 7805 (1.51117, 13.1277)
    796 (7.36098, 11.8859) -> 8865 (6.72216, 12.0489)
    797 (10.2616, 22.8653) -> 9759 (8.98, 21.7142)
    798 (14.7516, 23.472) -> 9514 (14.1952, 23.1791)
    799 (8.46824, 20.9759) -> 6959 (7.12311, 19.8917)
    800 (4.18489, 2.68021) -> 8501 (4.0688, 3.02524)
    801 (9.21237, 6.45529) -> 9571 (7.88365, 7.74666)
    802 (17.1015, 9.64367) -> 8403 (15.2794, 9.54094)
    803 (8.23683, 20.6973) -> 6959 (7.12311, 19.8917)
    804 (18.9502, 2.85182) -> 5830 (17.4698, 3.87444)
    805 (1.75345, 20.8782) -> 6655 (1.59634, 19.3946)
    806 (4.61921, 7.72704) -> 3993 (3.96385, 8.85469)
    807 (13.9405, 4.49459) -> 8140 (13.5897, 4.7783)
    808 (22.2083, 12.2995) -> 9631 (20.8571, 11.7738)
    809 (6.785, 11.1902) -> 9349 (5.28373, 12.2513)
    810 (14.8497, 18.4262) -> 8765 (13.3401, 18.0445)
    811 (17.1782, 2.49119) -> 7009 (15.8153, 3.52401)
    812 (16.3372, 17.7637) -> 4678 (14.4598, 17.3841)
    813 (6.74183, 0.539926) -> 9454 (6.19277, 1.93084)
    814 (21.7353, 17.5531) -> 7432 (20.4833, 17.5372)
    815 (14.2661, 6.54837) -> 6918 (12.8394, 7.44079)
    816 (16.1258, 3.4002) -> 9430 (14.764, 4.6157)
    817 (5.89468, 3.32497) -> 5405 (5.50183, 4.28472)
    818 (8.81425, 4.2718) -> 6143 (7.83568, 5.68112)
    819 (21.3981, 24.5048) -> 9417 (20.5806, 24.1192)
    820 (15.4681, 24.9886) -> 9147 (14.9281, 24.5791)
    821 (24.8269, 16.8833) -> 7725 (23.2703, 16.8589)
    822 (20.9835, 20.8861) -> 4972 (19.7771, 20.5058)
    823 (6.20697, 5.22186) -> 4935 (5.5053, 6.71625)
    824 (4.14405, 12.5238) -> 5201 (2.5595, 13.1749)
    825 (12.4338, 6.51659) -> 9776 (10.7579, 7.40473)
    826 (7.82983, 4.47064) -> 8823 (7.16268, 5.40152)
    827 (12.9117, 3.72271) -> 4497 (11.4949, 4.89546)
    828 (8.4128, 9.85809) -> 9745 (6.89998, 10.7252)
    829 (11.253, 18.8355) -> 9834 (9.91183, 18.3268)
    830 (8.39706, 3.90318) -> 7061 (7.66747, 4.92222)
    831 (22.1193, 22.993) -> 7222 (20.6047, 22.5886)
    832 (15.813, 13.0338) -> 7770 (14.7002, 11.7056)
    833 (2.66163, 23.7998) -> 8716 (2.37329, 22.2738)
    834 (17.0225, 15.6259) -> 9654 (15.2474, 15.8261)
    835 (20.3631, 15.8515) -> 6316 (18.7484, 16.0157)
    836 (6.42052, 4.91775) -> 2011 (5.96082, 5.90796)
    837 (23.2379, 8.39178) -> 8448 (21.6052, 8.60618)
    838 (8.90232, 8.12498) -> 9588 (8.15372, 8.7283)
    839 (19.2887, 3.39216) -> 7750 (18.4824, 3.80664)
    840 (3.1963, 8.76783) -> 7632 (2.85195, 9.77828)
    841 (4.70573, 13.2684) -> 7217 (3.52034, 13.8058)
    842 (3.89197, 23.9107) -> 1251 (3.28075, 22.0163)
    843 (20.1812, 7.34597) -> 5461 (19.3264, 7.55603)
    844 (2.67849, 20.2523) -> 5769 (2.34005, 19.1464)
    845 (8.23068, 24.2883) -> 9708 (7.43023, 23.1999)
    846 (9.68641, 19.6282) -> 4435 (8.60638, 19)
    847 (0.670431, 23.1399) -> 2569 (0.677661, 22.5735)
    848 (11.2074, 21.2518) -> 9437 (9.53017, 20.2393)
    849 (18.4077, 2.45672) -> 9556 (17.6917, 2.98101)
    850 (5.53199, 1.79432) -> 9214 (4.98521, 3.14904)
    851 (7.8887, 20.6539) -> 4332 (6.71631, 19.6449)
    852 (5.47579, 19.1687) -> 2261 (4.07501, 17.7824)
    853 (5.47743, 6.91713) -> 9746 (4.69473, 7.9953)
    854 (24.8725, 14.853) -> 9121 (23.244, 15.0617)
    855 (16.042, 18.1369) -> 8281 (14.1637, 17.7565)
    856 (13.3286, 8.34966) -> 8506 (11.9034, 8.84123)
    857 (9.99208, 1.98333) -> 5855 (8.84374, 3.38105)
    858 (12.8764, 22.9078) -> 9870 (11.5386, 22.0112)
    859 (9.55952, 8.82819) -> 8764 (8.79785, 9.33891)
    860 (13.3101, 3.78386) -> 7168 (12.4191, 4.54177)
    861 (1.71119, 2.48195) -> 5298 (1.62646, 4.20793)
    862 (18.8639, 3.44926) -> 2582 (17.9121, 4.09622)
    863 (23.6884, 6.33927) -> 6181 (23.3631, 6.39945)
    864 (10.6437, 5.83042) -> 7940 (9.23017, 7.10987)
    865 (23.004, 8.62978) -> 1991 (22.5874, 8.71023)
    866 (2.14286, 23.0381) -> 5160 (1.80764, 21.088)
    867 (8.04637, 22.5672) -> 9286 (7.47203, 22.0134)
    868 (4.19675, 15.7419) -> 1 (2.9274, 15.534)
    869 (18.5626, 7.88381) -> 5910 (17.4521, 8.05356)
    870 (3.81109, 0.310269) -> 6442 (3.54808, 1.69858)
    871 (5.11366, 17.9882) -> 6541 (4.38005, 17.4848)
    872 (23.7179, 12.5163) -> 8090 (22.3285, 12.1154)
    873 (22.3863, 23.6736) -> 3852 (21.5947, 23.3314)
    874 (11.1363, 1.45621) -> 3323 (10.3257, 2.51462)
    875 (18.9102, 20.2977) -> 8300 (17.1307, 19.7162)
    876 (16.3273, 0.488826) -> 2633 (14.8766, 1.80183)
    877 (4.80349, 24.47) -> 9022 (4.12111, 22.9074)
    878 (21.8973, 2.04024) -> 5906 (20.1988, 3.00309)
    879 (7.51741, 7.39996) -> 6761 (7.23288, 7.70646)
    880 (12.9499, 20.6348) -> 9574 (12.1012, 20.2497)
    881 (16.4255, 18.5033) -> 7861 (15.1932, 18.207)
    882 (6.726, 2.81332) -> 3414 (6.10893, 4.11683)
    883 (5.26868, 22.5228) -> 7151 (4.97652, 22.0115)
    884 (18.3097, 21.9893) -> 6504 (17.5916, 21.7388)
    885 (17.6901, 3.07808) -> 8327 (16.6506, 3.78023)
    886 (6.04225, 17.7538) -> 1084 (4.34434, 16.729)
    887 (5.88566, 4.73977) -> 4186 (5.22293, 6.05337)
    888 (16.13, 3.17423) -> 7009 (15.8153, 3.52401)
    889 (1.70342, 20.8659) -> 5328 (1.45214, 18.9068)
    890 (0.0685316, 13.5024) -> 0 (1, 15)
    891 (16.3033, 18.2118) -> 7613 (15.3547, 18.0835)
    892 (20.7537, 19.6921) -> 7650 (20.2798, 19.5955)
    893 (2.83229, 10.6734) -> 6467 (1.97674, 12.4383)
    894 (0.00572125, 13.935) -> 0 (1, 15)
    895 (7.61885, 1.24064) -> 4948 (7.47042, 1.53832)
    896 (24.648, 19.5354) -> 8412 (22.8488, 19.3157)
    897 (20.4132, 9.16412) -> 9628 (19.1541, 9.32834)
    898 (21.2032, 7.41431) -> 8595 (19.357, 7.70756)
    899 (11.6036, 23.6851) -> 7066 (10.5581, 22.8197)
    900 (7.07731, 22.225) -> 7636 (5.79561, 20.7291)
    901 (8.09769, 18.3888) -> 9690 (6.51007, 17.626)
    902 (4.89279, 15.8252) -> 5985 (3.48264, 15.4729)
    903 (5.73682, 7.93391) -> 7285 (4.93439, 9.06412)
    904 (1.27651, 0.0906048) -> 7568 (1.2142, 1.73879)
    905 (21.1921, 15.1371) -> 4014 (19.3364, 15.3704)
    906 (12.9048, 3.32727) -> 6115 (11.5626, 4.61062)
    907 (6.51429, 21.5548) -> 7636 (5.79561, 20.7291)
    908 (4.60138, 13.6627) -> 2219 (3.7084, 14.0174)
    909 (9.37277, 9.5919) -> 9401 (7.80799, 10.3662)
    910 (3.62327, 13.5247) -> 7599 (2.06763, 14.3915)
    911 (24.067, 1.06049) -> 9614 (22.7115, 1.91716)
    912 (23.9886, 21.7525) -> 9193 (22.106, 21.224)
    913 (5.89968, 12.0018) -> 9349 (5.28373, 12.2513)
    914 (12.2805, 23.712) -> 9261 (11.075, 22.7715)
    915 (24.625, 1.85075) -> 9026 (24.0517, 2.19906)
    916 (4.78086, 24.7129) -> 9022 (4.12111, 22.9074)
    917 (2.25923, 4.18327) -> 6812 (2.1051, 5.08391)
    918 (7.29275, 10.2738) -> 8244 (6.28015, 10.9833)
    919 (4.97537, 20.9306) -> 4689 (4.28121, 19.8577)
    920 (19.8656, 9.55913) -> 9828 (19.7552, 9.5846)
    921 (1.15141, 11.7193) -> 4339 (1.16542, 13.3574)
    922 (4.91667, 18.6272) -> 2261 (4.07501, 17.7824)
    923 (21.3296, 0.133705) -> 9767 (20.4253, 0.702057)
    924 (16.4707, 3.29224) -> 4155 (14.8982, 4.41544)
    925 (17.3267, 14.452) -> 8228 (16.8961, 14.666)
    926 (22.8371, 4.23087) -> 8195 (21.0351, 4.91192)
    927 (17.8072, 5.90208) -> 4476 (16.4286, 6.52908)
    928 (24.3189, 12.281) -> 8541 (22.6351, 12.0149)
    929 (0.644125, 17.6257) -> 8360 (0.869356, 16.194)
    930 (18.8155, 11.9003) -> 7065 (17.0002, 11.2645)
    931 (5.28375, 24.081) -> 7889 (4.83307, 22.9941)
    932 (19.3524, 16.0105) -> 3570 (17.532, 16.1381)
    933 (3.97073, 23.3144) -> 9606 (3.48749, 22.1254)
    934 (14.0871, 20.204) -> 6149 (12.8961, 19.7014)
    935 (4.31893, 16.1271) -> 5674 (3.53045, 15.8999)
    936 (8.24486, 6.30922) -> 9234 (7.58427, 7.08885)
    937 (9.86393, 16.9925) -> 8293 (8.44519, 16.6992)
    938 (4.38723, 4.76785) -> 9674 (4.09943, 5.69824)
    939 (13.5207, 5.37501) -> 9481 (11.9518, 6.45553)
    940 (6.28459, 17.7978) -> 8621 (4.94214, 17.0282)
    941 (0.226421, 7.10272) -> 5612 (0.29492, 7.82889)
    942 (3.48498, 13.0932) -> 3058 (2.06933, 14.1775)
    943 (15.881, 17.3709) -> 5407 (15.2109, 17.2608)
    944 (15.6366, 20.4576) -> 2194 (13.8836, 19.7653)
    945 (17.8962, 16.8871) -> 7686 (16.6435, 16.8204)
    946 (2.11046, 11.6022) -> 7805 (1.51117, 13.1277)
    947 (5.58695, 23.4709) -> 6098 (4.94323, 22.1397)
    948 (2.37878, 3.17706) -> 6812 (2.1051, 5.08391)
    949 (21.0211, 16.1567) -> 8070 (19.0723, 16.0996)
    950 (8.92399, 20.6563) -> 3625 (8.07448, 20.0881)
    951 (24.5636, 12.2203) -> 8772 (23.0344, 12.0124)
    952 (12.5595, 24.8395) -> 2683 (11.4066, 23.7988)
    953 (13.8582, 10.5844) -> 9997 (13.1824, 10.13)
    954 (15.4962, 3.96543) -> 3281 (14.0685, 5.00992)
    955 (18.5132, 6.93365) -> 6035 (16.9139, 7.55156)
    956 (7.00817, 5.26053) -> 9276 (6.51274, 5.98728)
    957 (21.3519, 17.7225) -> 8719 (21.2036, 17.7182)
    958 (9.01793, 23.2368) -> 9371 (7.63263, 21.833)
    959 (13.4525, 8.35698) -> 4513 (12.0244, 8.86071)
    960 (12.2372, 4.08549) -> 7749 (11.0087, 5.16103)
    961 (7.85708, 19.5445) -> 4249 (6.71028, 18.7744)
    962 (0.241602, 17.5245) -> 5884 (0.758196, 15.8671)
    963 (11.6965, 9.36711) -> 6315 (10.2282, 9.4719)
    964 (12.4417, 5.51386) -> 9469 (12.1194, 5.76954)
    965 (6.76856, 15.7492) -> 5795 (5.01546, 15.4903)
    966 (3.15657, 6.33112) -> 6344 (3.06806, 6.79539)
    967 (23.3897, 9.55936) -> 9476 (22.1436, 9.4897)
    968 (23.1448, 1.78591) -> 7444 (21.7042, 2.6928)
    969 (1.62892, 23.4062) -> 3107 (1.41821, 21.4554)
    970 (10.1378, 8.31312) -> 8764 (8.79785, 9.33891)
    971 (4.5135, 4.52553) -> 9674 (4.09943, 5.69824)
    972 (18.861, 10.1771) -> 2378 (17.1453, 9.96849)
    973 (6.70105, 0.427803) -> 2568 (6.20621, 1.59571)
    974 (20.2023, 24.731) -> 9622 (18.7742, 24.0661)
    975 (24.4326, 13.7352) -> 1365 (23.054, 13.2517)
    976 (9.80466, 17.9539) -> 674 (8.2547, 17.5187)
    977 (13.6353, 23.2678) -> 4488 (12.5299, 22.4898)
    978 (0.111653, 4.96255) -> 6734 (0.223683, 6.10918)
    979 (0.202713, 13.0301) -> 10 (0.635266, 14.1057)
    980 (21.4778, 15.0677) -> 3794 (20.8514, 15.1534)
    981 (9.77143, 6.63343) -> 5650 (8.58474, 7.61992)
    982 (16.5294, 4.64646) -> 7403 (15.8337, 5.15467)
    983 (2.81202, 18.1532) -> 6908 (1.93036, 16.5832)
    984 (23.962, 10.2338) -> 9563 (22.2367, 10.082)
    985 (0.969548, 5.73889) -> 9570 (1.00729, 7.54464)
    986 (0.970879, 17.1237) -> 2147 (1.00217, 15.7418)
    987 (6.57166, 21.0897) -> 8547 (5.24947, 19.6035)
    988 (15.1544, 16.2323) -> 5932 (13.3754, 16.4418)
    989 (15.1335, 12.7056) -> 8639 (14.0727, 11.287)
    990 (17.1166, 5.70057) -> 8193 (16.79, 5.86941)
    991 (7.95942, 10.386) -> 6767 (6.43833, 11.2349)
    992 (23.6993, 17.4035) -> 7747 (21.8968, 17.2538)
    993 (5.5089, 10.7737) -> 7952 (4.06914, 11.7762)
    994 (11.9001, 6.90666) -> 9776 (10.7579, 7.40473)
    995 (24.678, 7.78273) -> 6074 (23.3097, 8.00255)
    996 (15.0108, 0.798932) -> 7653 (13.5631, 2.05819)
    997 (10.1256, 7.68555) -> 7198 (8.89983, 8.52026)
    998 (3.84666, 15.0704) -> 5671 (2.20177, 15.0375)
    999 (8.2861, 15.7599) -> 4467 (7.01276, 15.5856)
    1000 (7.07078, 12.9507) -> 7936 (5.94039, 13.0222)
    1001 (21.1006, 8.09254) -> 6382 (19.2218, 8.22975)
    1002 (3.03946, 0.175138) -> 8194 (2.87235, 1.70504)
    1003 (14.916, 16.4166) -> 2387 (13.0983, 16.5468)
    1004 (22.6767, 14.896) -> 9108 (22.2851, 14.9701)
    1005 (20.2647, 8.15573) -> 9880 (18.9349, 8.28344)
    1006 (2.77052, 17.5861) -> 3536 (1.87757, 16.2015)
    1007 (2.36406, 12.9903) -> 1623 (1.37587, 14.5546)
    1008 (24.8932, 18.5923) -> 8878 (23.3522, 18.4111)
    1009 (22.7064, 0.413756) -> 9998 (21.7527, 1.08395)
    1010 (16.8476, 21.3821) -> 7656 (14.9973, 20.6549)
    1011 (6.86377, 12.6745) -> 9559 (5.54577, 12.7936)
    1012 (7.68335, 23.0395) -> 6784 (6.69555, 21.8283)
    1013 (17.1605, 12.1464) -> 9594 (15.5789, 11.3994)
    1014 (4.99535, 24.5651) -> 4981 (4.43035, 23.4474)
    1015 (17.0196, 0.879175) -> 8701 (15.8865, 1.78885)
    1016 (19.209, 21.6083) -> 2234 (18.2471, 21.229)
    1017 (23.9727, 14.6224) -> 9108 (22.2851, 14.9701)
    1018 (8.45856, 20.046) -> 9098 (7.61883, 19.5244)
    1019 (22.3456, 22.3191) -> 7602 (21.3694, 21.964)
    1020 (2.29137, 3.53188) -> 6812 (2.1051, 5.08391)
    1021 (14.8262, 2.90016) -> 8610 (13.3234, 4.04314)
    1022 (10.3721, 6.39749) -> 6297 (9.20155, 7.5294)
    1023 (2.14189, 18.6237) -> 93 (1.96421, 17.9853)
    1024 (2.40626, 8.02502) -> 9946 (2.23642, 8.82865)
    1025 (19.2897, 4.94771) -> 8934 (17.8904, 5.61018)
    1026 (13.5498, 17.1015) -> 9164 (12.8558, 17.009)
    1027 (15.9636, 20.8531) -> 6878 (15.1566, 20.5426)
    1028 (1.70882, 23.0122) -> 6019 (1.56819, 21.0229)
    1029 (14.986, 5.66006) -> 9466 (14.6626, 5.89875)
    1030 (4.69345, 7.70643) -> 8123 (3.80808, 9.32625)
    1031 (2.91153, 2.48933) -> 8408 (2.62922, 4.42397)
    1032 (20.5156, 14.7244) -> 9908 (19.8518, 14.7703)
    1033 (19.3169, 17.209) -> 9280 (18.1367, 17.0258)
    1034 (15.184, 18.7614) -> 9593 (14.4287, 18.5485)
    1035 (16.8909, 5.48432) -> 9402 (15.3096, 6.62651)
    1036 (1.77563, 15.7126) -> 0 (1, 15)
    1037 (17.2835, 13.046) -> 7527 (16.2456, 12.3445)
    1038 (23.932, 4.96327) -> 9540 (22.1331, 5.5959)
    1039 (15.6245, 13.7961) -> 7174 (14.7548, 14.5579)
    1040 (19.3024, 11.288) -> 8436 (18.5144, 11.1578)
    1041 (4.94577, 14.3853) -> 5057 (4.28076, 14.4901)
    1042 (6.54063, 17.7109) -> 7533 (4.9086, 16.8816)
    1043 (5.93508, 5.78492) -> 7978 (5.11266, 7.31232)
    1044 (20.3616, 1.1715) -> 7596 (19.667, 1.61284)
    1045 (20.8659, 16.6986) -> 8445 (19.5438, 16.689)
    1046 (4.54519, 18.7211) -> 9096 (3.68209, 17.8233)
    1047 (16.6876, 3.547) -> 9715 (15.1895, 4.62542)
    1048 (2.91499, 14.7187) -> 0 (1, 15)
    1049 (23.1639, 14.4366) -> 9151 (22.5073, 14.5677)
    1050 (17.1234, 18.0557) -> 6997 (16.3845, 17.8871)
    1051 (1.36628, 22.6517) -> 5213 (1.33337, 21.5185)
    1052 (24.711, 3.87195) -> 4290 (23.1176, 4.35798)
    1053 (21.4049, 1.84784) -> 5248 (20.007, 2.81939)
    1054 (24.7941, 15.1619) -> 6080 (23.7246, 15.2694)
    1055 (21.8536, 21.4239) -> 9970 (20.3903, 20.8952)
    1056 (13.9746, 16.1017) -> 7633 (12.8131, 16.2816)
    1057 (18.1401, 2.50963) -> 3316 (16.9663, 3.3623)
    1058 (22.3125, 10.4143) -> 4593 (20.6771, 10.3812)
    1059 (2.6524, 17.9785) -> 1765 (1.87246, 16.6273)
    1060 (9.43462, 23.1321) -> 3913 (8.6524, 22.4188)
    1061 (17.6168, 6.17431) -> 3733 (16.9158, 6.4217)
    1062 (24.5147, 2.7873) -> 8216 (22.8034, 3.60828)
    1063 (13.2195, 23.5011) -> 9133 (12.2662, 22.8261)
    1064 (7.42822, 5.36396) -> 2464 (6.63237, 6.38839)
    1065 (16.1118, 2.55799) -> 8007 (14.8257, 3.55885)
    1066 (10.5171, 4.91126) -> 8640 (9.38378, 6.1053)
    1067 (8.45419, 4.3881) -> 7049 (7.42124, 5.66722)
    1068 (24.1816, 4.39708) -> 1807 (22.9919, 4.79401)
    1069 (23.8251, 9.63405) -> 9476 (22.1436, 9.4897)
    1070 (12.238, 18.1122) -> 7910 (11.5081, 17.9205)
    1071 (15.7775, 3.19742) -> 9685 (14.6063, 4.20532)
    1072 (10.3832, 24.4261) -> 3318 (9.21439, 23.2389)
    1073 (13.2157, 1.97929) -> 9881 (11.9803, 3.3628)
    1074 (10.3795, 1.11875) -> 6272 (9.31336, 2.58138)
    1075 (24.2647, 10.8613) -> 7719 (22.3145, 10.7202)
    1076 (10.9824, 24.3205) -> 3033 (9.55715, 23.0239)
    1077 (24.3066, 7.01566) -> 5751 (22.4568, 7.359)
    1078 (22.0196, 18.1537) -> 9827 (21.5061, 18.0497)
    1079 (2.86154, 1.33611) -> 5563 (2.66585, 2.85293)
    1080 (0.828559, 13.2809) -> 0 (1, 15)
    1081 (0.870315, 11.6476) -> 6206 (0.858352, 12.5264)
    1082 (0.122124, 8.12481) -> 4336 (0.304104, 9.49662)
    1083 (4.12424, 11.4194) -> 1824 (3.0058, 12.3974)
    1084 (4.34434, 16.729) -> 555 (2.77875, 15.9046)
    1085 (4.55524, 8.6746) -> 8124 (4.47837, 8.89518)
    1086 (2.54134, 12.3677) -> 6996 (1.89003, 13.2185)
    1087 (17.1507, 11.0187) -> 8585 (16.2275, 10.7834)
    1088 (16.5835, 21.2243) -> 8952 (15.8668, 20.9084)
    1089 (23.6166, 5.10046) -> 9540 (22.1331, 5.5959)
    1090 (22.2541, 1.90162) -> 4211 (21.0666, 2.62497)
    1091 (0.314863, 12.0248) -> 1198 (0.77195, 13.6872)
    1092 (18.5072, 20.8605) -> 7312 (17.4571, 20.4829)
    1093 (18.434, 17.4464) -> 7205 (17.4138, 17.3602)
    1094 (13.2191, 24.2173) -> 6562 (12.9706, 24.0289)
    1095 (7.39888, 10.1814) -> 8244 (6.28015, 10.9833)
    1096 (14.6432, 21.0714) -> 3709 (12.8333, 20.4017)
    1097 (21.6921, 14.7871) -> 5741 (19.9583, 15.0818)
    1098 (10.4204, 3.91145) -> 9774 (9.36768, 5.09934)
    1099 (22.0081, 16.0858) -> 6885 (20.5128, 16.107)
    1100 (8.98715, 22.335) -> 485 (7.9108, 21.5145)
    1101 (19.8863, 4.71148) -> 4775 (18.2604, 5.43313)
    1102 (22.6745, 6.96204) -> 9791 (21.6994, 7.12577)
    1103 (20.3183, 3.28105) -> 7228 (19.2779, 3.85346)
    1104 (7.94628, 8.18884) -> 3844 (7.42168, 8.61279)
    1105 (17.0918, 23.471) -> 9985 (15.4596, 22.528)
    1106 (13.2944, 9.73271) -> 9630 (13.1817, 9.64995)
    1107 (11.5445, 23.4008) -> 4466 (10.4341, 22.5748)
    1108 (11.4932, 0.406421) -> 9910 (10.6951, 1.52558)
    1109 (22.1716, 0.575042) -> 6602 (21.1441, 1.18628)
    1110 (0.52431, 1.78338) -> 8238 (0.526569, 1.9179)
    1111 (9.50309, 7.6235) -> 9588 (8.15372, 8.7283)
    1112 (15.2298, 3.28813) -> 8007 (14.8257, 3.55885)
    1113 (18.8695, 6.12265) -> 3039 (17.7085, 6.57045)
    1114 (11.572, 9.49554) -> 8709 (10.8647, 9.49843)
    1115 (14.6616, 21.3138) -> 7694 (12.8304, 20.5557)
    1116 (5.33941, 22.8538) -> 8673 (4.37672, 21.1046)
    1117 (11.8357, 22.3739) -> 6700 (10.3917, 21.4181)
    1118 (11.8614, 3.01275) -> 8586 (10.6495, 4.37694)
    1119 (13.3313, 0.180634) -> 9489 (12.9124, 0.694313)
    1120 (3.60376, 12.8333) -> 5201 (2.5595, 13.1749)
    1121 (21.4879, 16.6814) -> 8445 (19.5438, 16.689)
    1122 (22.7555, 19.915) -> 9508 (20.9915, 19.5593)
    1123 (24.1986, 4.81685) -> 9598 (22.8901, 5.33347)
    1124 (2.85886, 1.48853) -> 5563 (2.66585, 2.85293)
    1125 (20.5224, 2.20083) -> 8497 (19.5517, 2.82028)
    1126 (7.87888, 0.791144) -> 3126 (7.21281, 2.24396)
    1127 (15.0278, 21.2061) -> 8034 (13.3927, 20.3604)
    1128 (18.9224, 13.5351) -> 9380 (17.2845, 14.2102)
    1129 (16.9915, 4.61513) -> 9560 (15.3217, 5.65376)
    1130 (14.5113, 4.97997) -> 9569 (13.0238, 5.9751)
    1131 (11.1159, 0.027947) -> 1074 (10.3795, 1.11875)
    1132 (9.79066, 6.53191) -> 5650 (8.58474, 7.61992)
    1133 (8.08561, 2.65542) -> 9942 (7.33282, 3.89982)
    1134 (19.6418, 22.9067) -> 4591 (18.1367, 22.1967)
    1135 (21.7108, 10.9168) -> 5237 (20.1226, 10.713)
    1136 (20.4985, 17.4771) -> 9284 (19.0728, 17.2512)
    1137 (13.2174, 17.5843) -> 433 (11.3477, 17.2325)
    1138 (3.95245, 17.6226) -> 1691 (2.86478, 16.64)
    1139 (2.32959, 21.8091) -> 7795 (1.99657, 20.0809)
    1140 (17.3945, 1.75564) -> 7074 (16.0965, 2.66718)
    1141 (0.241434, 4.36456) -> 7906 (0.285958, 4.77976)
    1142 (0.0455963, 20.3496) -> 7449 (0.376097, 18.5745)
    1143 (10.086, 6.65129) -> 6665 (8.80102, 7.91036)
    1144 (21.9834, 24.6724) -> 9417 (20.5806, 24.1192)
    1145 (4.02977, 10.3503) -> 9755 (2.78377, 11.7859)
    1146 (6.63795, 13.4424) -> 9768 (5.03116, 13.8931)
    1147 (2.84206, 11.308) -> 7146 (1.83967, 12.9235)
    1148 (3.87772, 8.49898) -> 3224 (3.63782, 9.02123)
    1149 (12.1135, 1.90349) -> 8682 (11.6408, 2.51934)
    1150 (17.8691, 12.946) -> 5467 (16.4296, 12.0607)
    1151 (16.7466, 14.7199) -> 9838 (16.2244, 14.9962)
    1152 (22.3905, 14.7881) -> 5724 (20.7812, 15.0806)
    1153 (14.8896, 9.61043) -> 9630 (13.1817, 9.64995)
    1154 (21.4118, 15.5122) -> 4046 (19.455, 15.7505)
    1155 (0.926531, 24.1414) -> 8532 (1.00225, 22.9604)
    1156 (10.198, 8.69943) -> 8138 (8.87232, 9.45964)
    1157 (5.51834, 7.21979) -> 9994 (4.64463, 8.6742)
    1158 (9.84115, 8.37014) -> 8446 (8.39626, 9.32897)
    1159 (8.34355, 6.74006) -> 8224 (7.46349, 7.86934)
    1160 (20.5572, 15.7596) -> 8955 (18.8999, 15.9065)
    1161 (20.9253, 17.6638) -> 9166 (19.2729, 17.4739)
    1162 (13.4213, 22.9454) -> 9052 (12.5758, 22.3017)
    1163 (19.2665, 19.1412) -> 8023 (17.4369, 18.7905)
    1164 (20.5024, 6.86298) -> 7890 (19.744, 7.11946)
    1165 (15.9831, 11.7233) -> 6413 (14.8249, 11.0842)
    1166 (5.61808, 3.2656) -> 7277 (5.33795, 3.90382)
    1167 (20.2444, 12.6632) -> 6892 (19.8655, 12.5274)
    1168 (0.421074, 7.54748) -> 4934 (0.522922, 8.72544)
    1169 (3.3663, 14.9857) -> 1844 (2.29421, 14.9974)
    1170 (14.6292, 7.13779) -> 4272 (13.2755, 7.83012)
    1171 (7.5826, 10.1085) -> 8244 (6.28015, 10.9833)
    1172 (10.599, 8.55905) -> 9115 (9.83497, 8.97868)
    1173 (2.5051, 22.9029) -> 8716 (2.37329, 22.2738)
    1174 (8.91907, 18.9122) -> 7250 (7.64023, 18.3302)
    1175 (8.45991, 22.0513) -> 8889 (7.07909, 20.6181)
    1176 (15.4448, 5.59857) -> 6451 (14.9513, 5.8973)
    1177 (20.9263, 16.0424) -> 8070 (19.0723, 16.0996)
    1178 (0.0732921, 9.34769) -> 8285 (0.405992, 11.2784)
    1179 (7.94928, 1.94517) -> 8100 (7.19136, 3.13104)
    1180 (1.78484, 5.9459) -> 7492 (1.60639, 7.09014)
    1181 (17.0917, 16.7053) -> 7528 (15.3527, 16.6707)
    1182 (3.66624, 7.08097) -> 6572 (3.29291, 8.10979)
    1183 (1.00607, 20.7381) -> 9726 (0.928142, 18.8124)
    1184 (12.3646, 3.50829) -> 8528 (11.6652, 4.2548)
    1185 (12.1341, 22.417) -> 9870 (11.5386, 22.0112)
    1186 (22.5319, 2.84264) -> 7643 (21.661, 3.34891)
    1187 (6.81205, 6.83247) -> 3443 (6.1305, 7.84609)
    1188 (19.2913, 11.7347) -> 7566 (18.4162, 11.4835)
    1189 (2.62531, 14.6791) -> 0 (1, 15)
    1190 (1.83758, 11.1016) -> 9500 (1.828, 11.2447)
    1191 (0.72689, 2.97661) -> 6732 (0.69325, 4.08289)
    1192 (13.6481, 24.9205) -> 3457 (13.1595, 24.5087)
    1193 (15.908, 12.1274) -> 5618 (14.9909, 11.5353)
    1194 (6.86463, 20.6496) -> 1889 (5.7689, 19.5327)
    1195 (19.3242, 9.22539) -> 4127 (17.7307, 9.21743)
    1196 (16.9061, 24.7233) -> 7429 (15.9074, 24.0973)
    1197 (19.3577, 0.309078) -> 7629 (18.3577, 1.01494)
    1198 (0.77195, 13.6872) -> 0 (1, 15)
    1199 (13.9454, 21.4939) -> 8551 (13.1165, 21.087)
    1200 (8.03362, 15.4966) -> 9271 (6.77906, 15.4251)
    1201 (16.9108, 13.4213) -> 5685 (15.8086, 14.3269)
    1202 (15.4626, 9.9144) -> 3962 (14.4069, 9.77602)
    1203 (14.5591, 5.3021) -> 9034 (13.0665, 6.16144)
    1204 (23.8625, 23.4017) -> 4592 (22.19, 22.7169)
    1205 (16.5232, 18.9391) -> 9462 (15.9274, 18.7323)
    1206 (7.29582, 1.86896) -> 9849 (6.50478, 3.59958)
    1207 (23.4478, 6.42684) -> 4322 (22.0255, 6.80176)
    1208 (12.9845, 19.34) -> 8982 (12.267, 19.0836)
    1209 (13.6656, 6.68024) -> 1347 (12.2308, 7.57276)
    1210 (21.5751, 10.8682) -> 5237 (20.1226, 10.713)
    1211 (8.57783, 9.72202) -> 9745 (6.89998, 10.7252)
    1212 (14.5215, 5.49124) -> 6213 (13.3277, 6.36951)
    1213 (8.48578, 20.5762) -> 7667 (6.90614, 19.3562)
    1214 (24.4548, 13.037) -> 2807 (23.4074, 12.7961)
    1215 (0.486798, 11.9222) -> 7796 (0.549684, 12.339)
    1216 (2.99914, 10.2535) -> 4863 (2.66106, 10.9847)
    1217 (5.69306, 15.661) -> 9123 (4.66181, 15.5201)
    1218 (4.01264, 20.4817) -> 7075 (3.33042, 19.292)
    1219 (1.08999, 19.3293) -> 7535 (1.02207, 17.6382)
    1220 (2.61355, 23.3092) -> 6165 (2.32609, 21.687)
    1221 (20.9355, 14.2327) -> 4687 (19.2674, 14.6049)
    1222 (21.7408, 23.3389) -> 9709 (21.6456, 23.3157)
    1223 (14.2609, 22.0887) -> 6023 (13.3438, 21.6869)
    1224 (23.6322, 8.2116) -> 5864 (22.1832, 8.33272)
    1225 (4.15174, 1.7368) -> 7716 (3.78527, 2.86999)
    1226 (17.9262, 10.4493) -> 5501 (16.4813, 10.1761)
    1227 (8.79121, 2.75529) -> 7844 (7.82688, 4.38913)
    1228 (18.9484, 17.3548) -> 8189 (16.9634, 17.1621)
    1229 (12.5646, 17.096) -> 7218 (10.7324, 16.7006)
    1230 (13.6267, 18.2355) -> 7834 (11.6926, 17.8008)
    1231 (0.149573, 4.99321) -> 6734 (0.223683, 6.10918)
    1232 (10.7008, 5.90312) -> 5381 (9.36817, 7.01834)
    1233 (21.5237, 19.5652) -> 6152 (19.8051, 19.1704)
    1234 (21.6482, 5.2757) -> 2873 (20.519, 5.65493)
    1235 (16.2606, 7.64358) -> 6464 (14.426, 8.22946)
    1236 (2.41019, 21.8196) -> 7795 (1.99657, 20.0809)
    1237 (18.5937, 7.09544) -> 6035 (16.9139, 7.55156)
    1238 (1.02178, 8.20118) -> 9820 (1.04787, 10.0357)
    1239 (11.9704, 22.7334) -> 8128 (11.7993, 22.6208)
    1240 (19.6749, 16.3424) -> 8612 (18.4451, 16.4486)
    1241 (6.07389, 24.3904) -> 7552 (5.34502, 22.9621)
    1242 (9.09909, 23.4821) -> 9435 (8.12476, 22.48)
    1243 (6.5355, 18.4765) -> 7374 (5.9796, 18.1136)
    1244 (24.9935, 8.04414) -> 2743 (24.1234, 8.13446)
    1245 (11.6649, 23.4262) -> 4466 (10.4341, 22.5748)
    1246 (8.14696, 7.40227) -> 2834 (7.99024, 7.5539)
    1247 (6.42978, 4.22212) -> 8814 (5.52591, 5.94953)
    1248 (0.713756, 24.8755) -> 6514 (0.711822, 23.9129)
    1249 (18.8083, 16.2349) -> 8455 (16.8212, 16.2947)
    1250 (17.4836, 14.6066) -> 9838 (16.2244, 14.9962)
    1251 (3.28075, 22.0163) -> 844 (2.67849, 20.2523)
    1252 (8.514, 22.9653) -> 9286 (7.47203, 22.0134)
    1253 (19.0489, 16.9706) -> 7942 (17.1472, 16.9207)
    1254 (3.68954, 21.6948) -> 9075 (3.20981, 20.5782)
    1255 (8.80587, 19.6443) -> 5308 (7.1425, 18.7217)
    1256 (2.7543, 13.515) -> 9322 (2.35798, 13.8675)
    1257 (18.5026, 20.455) -> 3983 (18.1948, 20.308)
    1258 (11.1407, 5.00202) -> 7950 (10.4238, 5.71179)
    1259 (4.30602, 6.70232) -> 1529 (3.71533, 7.9717)
    1260 (24.2007, 23.8633) -> 4074 (22.7718, 23.3965)
    1261 (19.0497, 9.88201) -> 6490 (18.3667, 9.82715)
    1262 (5.3506, 24.3434) -> 7889 (4.83307, 22.9941)
    1263 (24.5037, 13.499) -> 7755 (23.3156, 13.1537)
    1264 (3.1256, 19.7644) -> 7194 (2.30706, 18.0501)
    1265 (1.05067, 2.38313) -> 9110 (1.0366, 2.84373)
    1266 (1.55548, 23.6011) -> 5980 (1.40178, 22.5328)
    1267 (5.73771, 24.2491) -> 3044 (4.95934, 22.473)
    1268 (0.0415613, 19.5327) -> 2363 (0.526883, 17.6437)
    1269 (7.04658, 8.84683) -> 3672 (6.05345, 9.76468)
    1270 (20.3202, 2.39526) -> 9486 (19.5737, 2.8916)
    1271 (0.971872, 10.4967) -> 1730 (0.912915, 12.0652)
    1272 (16.4841, 8.88332) -> 9367 (15.6094, 8.94247)
    1273 (2.77757, 6.05777) -> 8849 (2.67878, 6.65375)
    1274 (20.2397, 5.76563) -> 5996 (18.8272, 6.24166)
    1275 (22.7718, 22.647) -> 9779 (21.5338, 22.144)
    1276 (5.48687, 12.6187) -> 1701 (5.20298, 12.6527)
    1277 (5.32236, 1.57832) -> 5554 (4.90072, 2.81328)
    1278 (24.7133, 11.9995) -> 5245 (23.4319, 11.7405)
    1279 (21.1275, 12.3438) -> 7990 (19.9544, 11.9549)
    1280 (23.8592, 7.24824) -> 7255 (22.2405, 7.53568)
    1281 (5.46514, 5.35687) -> 302 (4.63141, 7.09775)
    1282 (20.5789, 18.5109) -> 6847 (18.6634, 18.1975)
    1283 (6.79213, 10.9577) -> 8278 (5.38945, 11.7729)
    1284 (24.3789, 9.20439) -> 8121 (22.5059, 9.13689)
    1285 (16.5384, 19.6679) -> 9743 (15.7608, 19.4322)
    1286 (2.91022, 10.489) -> 9405 (2.72159, 10.898)
    1287 (0.55568, 8.5935) -> 5781 (0.648044, 10.3565)
    1288 (12.8658, 18.0756) -> 8614 (11.1885, 17.5627)
    1289 (9.75166, 4.29186) -> 9186 (8.87562, 5.38846)
    1290 (23.4473, 18.9632) -> 5195 (22.5082, 18.7739)
    1291 (5.66894, 15.2594) -> 8290 (3.82688, 15.2386)
    1292 (14.1302, 9.02903) -> 7556 (12.4844, 9.24239)
    1293 (7.52662, 10.683) -> 6767 (6.43833, 11.2349)
    1294 (23.5544, 8.22168) -> 5864 (22.1832, 8.33272)
    1295 (20.2067, 21.5295) -> 9662 (18.8592, 21.0431)
    1296 (21.0778, 2.84431) -> 6353 (20.6925, 3.07771)
    1297 (7.30938, 7.91743) -> 8211 (6.46093, 8.85756)
    1298 (15.3246, 22.2051) -> 9996 (14.2627, 21.6175)
    1299 (17.018, 6.47914) -> 5301 (15.5595, 7.15925)
    1300 (16.865, 3.16506) -> 8801 (15.8158, 4.08605)
    1301 (7.29504, 7.22347) -> 8246 (6.42122, 8.18968)
    1302 (8.29963, 22.3756) -> 7693 (7.08966, 21.1707)
    1303 (14.059, 23.1194) -> 9052 (12.5758, 22.3017)
    1304 (15.553, 13.8991) -> 4187 (14.1567, 15.0816)
    1305 (5.5241, 15.5503) -> 5795 (5.01546, 15.4903)
    1306 (20.289, 11.189) -> 9691 (20.1629, 11.2065)
    1307 (11.8197, 18.4139) -> 5784 (10.1322, 17.8547)
    1308 (24.2071, 14.8168) -> 7658 (23.272, 15.0099)
    1309 (22.2493, 19.2133) -> 6883 (21.8541, 19.126)
    1310 (7.10953, 23.3221) -> 4350 (6.22847, 22.0429)
    1311 (5.51312, 4.07264) -> 6859 (4.8918, 5.68615)
    1312 (22.9888, 24.1142) -> 7604 (21.2109, 23.4123)
    1313 (12.4502, 4.37931) -> 3500 (11.0466, 5.67656)
    1314 (8.71817, 9.0426) -> 9475 (7.67808, 9.64864)
    1315 (22.8052, 15.0717) -> 7298 (22.0367, 15.2488)
    1316 (0.975308, 17.7481) -> 3667 (1.01786, 16.6171)
    1317 (22.9783, 7.18925) -> 3453 (21.1066, 7.52517)
    1318 (13.3639, 1.86349) -> 9129 (12.4794, 2.90166)
    1319 (24.0411, 24.7609) -> 3280 (23.346, 24.5291)
    1320 (0.974735, 20.097) -> 9726 (0.928142, 18.8124)
    1321 (1.45192, 15.066) -> 0 (1, 15)
    1322 (0.0422563, 21.0164) -> 6027 (0.315391, 19.2419)
    1323 (20.4471, 13.5665) -> 5271 (20.0522, 13.3959)
    1324 (21.7605, 9.37349) -> 9385 (21.2947, 9.38034)
    1325 (19.1241, 21.425) -> 6823 (17.2481, 20.7907)
    1326 (9.40665, 23.9619) -> 5232 (8.46384, 23.0223)
    1327 (6.06623, 16.3306) -> 5033 (4.19594, 15.9369)
    1328 (19.0918, 23.4835) -> 5198 (17.559, 22.7949)
    1329 (6.19397, 18.5302) -> 4411 (4.56658, 17.4063)
    1330 (6.86503, 2.98739) -> 5305 (6.53093, 3.68558)
    1331 (0.690603, 13.1101) -> 0 (1, 15)
    1332 (3.38565, 14.5992) -> 1048 (2.91499, 14.7187)
    1333 (16.907, 21.6441) -> 8271 (15.9841, 21.2355)
    1334 (11.1415, 2.04065) -> 9451 (10.5579, 2.71164)
    1335 (4.92236, 7.41333) -> 3206 (3.92853, 9.06407)
    1336 (14.4538, 19.4826) -> 7641 (12.6608, 18.8641)
    1337 (21.635, 2.18713) -> 4362 (20.0403, 3.17755)
    1338 (6.49578, 22.9668) -> 9770 (5.41289, 21.442)
    1339 (23.5176, 17.7743) -> 6221 (21.5934, 17.6141)
    1340 (14.9151, 14.4486) -> 9969 (13.9617, 15.1456)
    1341 (1.30741, 19.6466) -> 6322 (1.20338, 18.1642)
    1342 (14.1132, 16.4031) -> 7697 (12.766, 16.4813)
    1343 (11.645, 24.2052) -> 8135 (10.7196, 23.3862)
    1344 (12.6351, 8.47942) -> 7063 (11.1723, 9.10685)
    1345 (12.4649, 16.5944) -> 1846 (10.873, 16.5071)
    1346 (21.5305, 18.0333) -> 4011 (19.666, 17.8849)
    1347 (12.2308, 7.57276) -> 1172 (10.599, 8.55905)
    1348 (18.5768, 18.617) -> 7201 (17.3258, 18.3906)
    1349 (3.38751, 18.0594) -> 625 (2.56723, 16.9401)
    1350 (5.15625, 10.8674) -> 7952 (4.06914, 11.7762)
    1351 (24.7904, 13.5897) -> 7755 (23.3156, 13.1537)
    1352 (19.1639, 16.3282) -> 2663 (18.9203, 16.3388)
    1353 (17.6976, 9.28587) -> 9772 (17.0184, 9.17306)
    1354 (14.512, 22.2306) -> 2193 (12.7962, 21.302)
    1355 (17.7931, 15.9538) -> 7564 (16.6311, 16.0823)
    1356 (2.9976, 1.4756) -> 5563 (2.66585, 2.85293)
    1357 (23.799, 17.739) -> 8040 (21.9287, 17.4998)
    1358 (19.5346, 8.45525) -> 8421 (17.8314, 8.6643)
    1359 (14.7145, 14.329) -> 9969 (13.9617, 15.1456)
    1360 (5.6518, 5.40302) -> 6030 (4.75681, 7.10736)
    1361 (16.564, 6.79917) -> 3452 (14.7399, 7.49695)
    1362 (8.73748, 1.25982) -> 3245 (8.03633, 2.54132)
    1363 (6.84747, 14.6684) -> 9546 (5.78799, 14.7407)
    1364 (1.43529, 9.33364) -> 8104 (1.35363, 9.96645)
    1365 (23.054, 13.2517) -> 3082 (21.1721, 12.6439)
    1366 (16.0867, 16.6961) -> 7420 (14.1255, 16.6414)
    1367 (11.553, 8.66289) -> 3708 (9.82035, 9.49488)
    1368 (10.9583, 1.2424) -> 8164 (10.2732, 2.07728)
    1369 (10.8856, 22.8097) -> 6569 (9.79885, 22.0557)
    1370 (11.7987, 4.89362) -> 8886 (10.7924, 5.66906)
    1371 (7.48044, 12.3641) -> 9559 (5.54577, 12.7936)
    1372 (5.26091, 10.8702) -> 7952 (4.06914, 11.7762)
    1373 (13.6826, 1.55119) -> 9129 (12.4794, 2.90166)
    1374 (15.7837, 21.9088) -> 3361 (14.3681, 21.2369)
    1375 (1.96901, 5.11523) -> 7196 (1.87752, 6.16081)
    1376 (18.4902, 19.0368) -> 8023 (17.4369, 18.7905)
    1377 (13.0731, 4.53821) -> 5541 (12.2937, 5.22085)
    1378 (5.61649, 20.3566) -> 5346 (4.35496, 18.9839)
    1379 (8.55698, 1.93683) -> 4639 (8.05828, 2.7195)
    1380 (2.05275, 11.1234) -> 9739 (1.59687, 12.459)
    1381 (3.37729, 23.3559) -> 2506 (3.11722, 22.1168)
    1382 (2.69201, 19.3674) -> 6040 (2.04088, 17.6995)
    1383 (12.5991, 23.4363) -> 6224 (11.56, 22.7085)
    1384 (6.97077, 18.6408) -> 4183 (5.87186, 17.9891)
    1385 (11.9527, 2.18388) -> 8682 (11.6408, 2.51934)
    1386 (17.7065, 14.724) -> 4538 (16.1091, 15.2396)
    1387 (8.94503, 9.53465) -> 5397 (8.21165, 10.0077)
    1388 (20.6627, 19.3745) -> 4154 (19.0436, 18.9864)
    1389 (4.98211, 21.2938) -> 2559 (3.91197, 19.7014)
    1390 (18.3111, 14.4327) -> 5666 (16.8545, 14.9552)
    1391 (5.58038, 10.3235) -> 9957 (4.91153, 11.1139)
    1392 (5.64704, 18.697) -> 7242 (4.36966, 17.647)
    1393 (10.9467, 18.452) -> 4646 (9.25869, 17.9279)
    1394 (5.04264, 21.5239) -> 2285 (4.72575, 21.0525)
    1395 (0.178912, 24.7617) -> 9618 (0.324687, 22.7793)
    1396 (17.0721, 10.7937) -> 5538 (15.5722, 10.4641)
    1397 (23.6656, 10.0742) -> 9487 (23.1015, 10.0204)
    1398 (9.08324, 18.7307) -> 9646 (8.14104, 18.2728)
    1399 (15.8113, 2.46873) -> 9425 (15.3528, 2.77123)
    1400 (21.1015, 21.9462) -> 8530 (20.9386, 21.8644)
    1401 (8.9102, 22.9856) -> 7730 (7.56491, 21.661)
    1402 (5.41202, 7.73231) -> 8658 (4.59136, 9.06612)
    1403 (24.4178, 5.83215) -> 6683 (23.3361, 6.13918)
    1404 (2.57792, 21.3393) -> 9275 (2.33924, 20.3252)
    1405 (17.3368, 11.9025) -> 7926 (16.6556, 11.6013)
    1406 (0.326624, 11.4453) -> 7796 (0.549684, 12.339)
    1407 (19.7985, 12.46) -> 7057 (18.5897, 12.0115)
    1408 (11.3426, 23.3598) -> 4707 (10.0797, 22.3261)
    1409 (3.77582, 19.6375) -> 9177 (2.84348, 18.0406)
    1410 (17.1904, 15.0486) -> 7375 (16.7338, 15.1935)
    1411 (4.86853, 5.60709) -> 3662 (4.26955, 7.28989)
    1412 (7.45713, 5.28972) -> 2464 (6.63237, 6.38839)
    1413 (4.81387, 12.3094) -> 6415 (3.34465, 13.0199)
    1414 (24.1769, 18.7815) -> 7124 (22.9893, 18.5757)
    1415 (15.5795, 18.3401) -> 4225 (14.4892, 18.1202)
    1416 (9.17599, 23.6601) -> 7452 (8.54916, 22.994)
    1417 (3.11386, 7.3034) -> 7982 (2.65746, 8.82523)
    1418 (11.7541, 4.97736) -> 6741 (10.4085, 6.06169)
    1419 (5.55317, 10.511) -> 7952 (4.06914, 11.7762)
    1420 (18.0688, 9.68831) -> 7109 (16.1242, 9.68112)
    1421 (2.29613, 13.5605) -> 0 (1, 15)
    1422 (8.91599, 3.02897) -> 5134 (7.79798, 4.61525)
    1423 (5.02028, 17.5387) -> 9143 (3.35595, 16.481)
    1424 (0.051106, 24.6277) -> 7247 (0.249646, 22.8268)
    1425 (4.20048, 5.29323) -> 1182 (3.66624, 7.08097)
    1426 (19.508, 3.87167) -> 9511 (17.9849, 4.9996)
    1427 (1.30615, 18.9774) -> 8996 (1.22066, 18.2602)
    1428 (0.367833, 6.02917) -> 1168 (0.421074, 7.54748)
    1429 (2.80466, 2.71434) -> 9412 (2.59734, 4.05655)
    1430 (18.858, 6.57786) -> 8950 (18.4829, 6.70677)
    1431 (20.637, 20.5857) -> 9396 (19.5188, 20.259)
    1432 (20.5797, 12.5894) -> 7708 (19.2216, 12.0712)
    1433 (20.7017, 8.39808) -> 8944 (20.115, 8.46173)
    1434 (4.9104, 14.0525) -> 2129 (3.24918, 14.4422)
    1435 (20.1164, 8.03678) -> 6382 (19.2218, 8.22975)
    1436 (3.7409, 13.4009) -> 9979 (2.61451, 14.0595)
    1437 (4.82214, 16.8365) -> 2358 (3.9409, 16.4541)
    1438 (17.1838, 15.6474) -> 5451 (15.6926, 15.908)
    1439 (12.2646, 1.91993) -> 3363 (11.1784, 3.11873)
    1440 (19.8486, 18.8424) -> 7578 (18.7462, 18.5934)
    1441 (9.92486, 16.9691) -> 8293 (8.44519, 16.6992)
    1442 (0.836066, 0.593572) -> 8867 (0.805791, 1.99301)
    1443 (10.0585, 3.33297) -> 5805 (9.53207, 3.95888)
    1444 (13.9979, 5.733) -> 5627 (12.7379, 6.52601)
    1445 (6.20331, 20.3614) -> 8634 (4.87088, 19.1965)
    1446 (4.80803, 13.0732) -> 9525 (3.7867, 13.6165)
    1447 (21.6933, 4.4501) -> 8461 (20.2082, 5.11628)
    1448 (0.0458382, 14.3821) -> 0 (1, 15)
    1449 (8.93369, 17.1274) -> 9952 (7.45955, 16.7816)
    1450 (17.0295, 18.687) -> 7861 (15.1932, 18.207)
    1451 (13.2699, 4.37409) -> 5541 (12.2937, 5.22085)
    1452 (22.1632, 17.9283) -> 7957 (21.3696, 17.803)
    1453 (4.70792, 1.33854) -> 7585 (4.18928, 3.21344)
    1454 (19.3933, 0.783892) -> 9008 (18.6223, 1.39117)
    1455 (16.6618, 3.16195) -> 9676 (16.5422, 3.20218)
    1456 (18.9262, 23.0471) -> 6387 (17.4343, 22.4179)
    1457 (18.6965, 16.64) -> 6806 (17.3532, 16.6214)
    1458 (3.74787, 22.6606) -> 9606 (3.48749, 22.1254)
    1459 (20.9004, 4.14969) -> 7727 (20.1225, 4.47775)
    1460 (11.1209, 18.5837) -> 9796 (10.2693, 18.2735)
    1461 (13.2206, 18.0466) -> 9225 (13.093, 18.0388)
    1462 (24.3206, 17.6355) -> 6758 (23.5545, 17.5961)
    1463 (2.05717, 13.4591) -> 0 (1, 15)
    1464 (11.7371, 1.06235) -> 9991 (10.4583, 2.59481)
    1465 (6.19223, 24.2846) -> 3492 (5.70567, 23.4272)
    1466 (6.09757, 5.23821) -> 7977 (5.8542, 5.68089)
    1467 (24.8389, 16.3336) -> 6329 (24.4703, 16.3325)
    1468 (5.8779, 23.8838) -> 6098 (4.94323, 22.1397)
    1469 (4.92915, 13.5583) -> 8663 (3.4832, 14.1123)
    1470 (13.6162, 19.0389) -> 7849 (12.0027, 18.5623)
    1471 (19.1433, 22.4858) -> 7055 (18.4567, 22.1888)
    1472 (23.3018, 2.21508) -> 3613 (22.2511, 2.68484)
    1473 (18.164, 10.5639) -> 7813 (16.2398, 10.066)
    1474 (5.59188, 6.26339) -> 9746 (4.69473, 7.9953)
    1475 (3.3038, 9.26397) -> 5474 (2.67238, 10.7769)
    1476 (15.4305, 18.4511) -> 9724 (14.3343, 18.1876)
    1477 (12.8348, 1.94866) -> 9464 (12.7577, 2.01449)
    1478 (15.879, 2.11643) -> 8182 (14.9752, 2.96529)
    1479 (8.12579, 6.7553) -> 6761 (7.23288, 7.70646)
    1480 (3.69926, 24.4685) -> 8432 (3.3547, 22.9929)
    1481 (11.2736, 9.43481) -> 6315 (10.2282, 9.4719)
    1482 (15.349, 1.89992) -> 3943 (13.9025, 3.15148)
    1483 (15.489, 12.3865) -> 5971 (14.7149, 11.5507)
    1484 (1.88368, 1.18929) -> 6356 (1.85415, 1.48322)
    1485 (6.223, 15.8786) -> 9499 (5.19411, 15.7638)
    1486 (3.44677, 23.781) -> 9208 (3.33112, 23.3179)
    1487 (8.78647, 22.8099) -> 7841 (7.57101, 21.5845)
    1488 (13.2531, 18.8631) -> 8443 (11.7921, 18.3719)
    1489 (17.554, 0.81792) -> 4996 (16.2656, 1.90397)
    1490 (1.81051, 8.93207) -> 5243 (1.63943, 9.66715)
    1491 (1.63825, 4.53458) -> 5646 (1.54337, 5.97906)
    1492 (5.59008, 10.5644) -> 7952 (4.06914, 11.7762)
    1493 (22.9113, 10.5635) -> 9638 (21.0159, 10.4766)
    1494 (4.66568, 4.5345) -> 4969 (4.20216, 5.72874)
    1495 (5.12439, 16.4683) -> 5674 (3.53045, 15.8999)
    1496 (4.50721, 1.04095) -> 8019 (4.09864, 2.72498)
    1497 (3.71932, 24.5464) -> 8432 (3.3547, 22.9929)
    1498 (10.2611, 22.1616) -> 2765 (9.66888, 21.6815)
    1499 (22.6558, 3.94118) -> 6931 (21.7381, 4.41756)
    1500 (8.8434, 7.26493) -> 6619 (8.02988, 7.98965)
    1501 (1.34362, 19.5865) -> 8996 (1.22066, 18.2602)
    1502 (4.48046, 3.74583) -> 3478 (4.08446, 5.02587)
    1503 (17.2505, 21.7275) -> 7117 (16.2139, 21.2629)
    1504 (2.88896, 17.0992) -> 1600 (1.70968, 15.7166)
    1505 (5.43082, 13.6526) -> 2762 (3.67958, 14.0579)
    1506 (6.89006, 17.187) -> 9567 (6.5349, 17.0198)
    1507 (12.6028, 9.17728) -> 7029 (11.0988, 9.37669)
    1508 (1.46633, 23.9784) -> 6384 (1.39609, 22.6614)
    1509 (2.23347, 5.71258) -> 4859 (2.0104, 7.31986)
    1510 (22.2482, 20.3068) -> 3707 (20.3318, 19.8218)
    1511 (10.1637, 7.86521) -> 2918 (8.8845, 8.81487)
    1512 (17.1847, 14.2129) -> 9207 (16.8817, 14.4068)
    1513 (3.54704, 24.0258) -> 8432 (3.3547, 22.9929)
    1514 (7.10978, 12.6797) -> 9559 (5.54577, 12.7936)
    1515 (14.7381, 15.8613) -> 7914 (13.1288, 16.2104)
    1516 (22.3701, 18.5689) -> 8819 (20.7915, 18.2135)
    1517 (15.0564, 4.92303) -> 8700 (14.2125, 5.39717)
    1518 (15.3448, 13.8249) -> 9969 (13.9617, 15.1456)
    1519 (6.35975, 17.2574) -> 1802 (5.29621, 16.6821)
    1520 (14.6129, 0.923557) -> 7069 (13.8528, 1.72228)
    1521 (1.46972, 17.4141) -> 4967 (1.27444, 16.3941)
    1522 (8.79848, 9.3253) -> 9844 (7.80261, 10.0675)
    1523 (11.3202, 8.17752) -> 9981 (10.2507, 8.71958)
    1524 (10.1444, 9.51736) -> 4235 (8.51032, 10.141)
    1525 (9.14822, 10.0057) -> 7384 (7.80282, 10.7001)
    1526 (19.9378, 16.195) -> 8070 (19.0723, 16.0996)
    1527 (20.2464, 19.5728) -> 9097 (18.2749, 19.2479)
    1528 (3.31653, 6.23213) -> 6344 (3.06806, 6.79539)
    1529 (3.71533, 7.9717) -> 4307 (3.30098, 8.93103)
    1530 (12.7425, 17.3137) -> 6289 (11.0438, 16.923)
    1531 (0.788867, 19.129) -> 5629 (0.818994, 18.824)
    1532 (18.7871, 9.64998) -> 6824 (16.9852, 9.53023)
    1533 (18.5947, 19.3418) -> 9577 (16.7329, 18.8819)
    1534 (13.2245, 18.3309) -> 9493 (12.2206, 18.0785)
    1535 (21.074, 11.2867) -> 9691 (20.1629, 11.2065)
    1536 (20.3345, 1.86576) -> 804 (18.9502, 2.85182)
    1537 (20.0947, 0.888451) -> 6523 (19.3964, 1.54634)
    1538 (5.73744, 14.6198) -> 7024 (5.22977, 14.6924)
    1539 (14.3089, 18.4788) -> 5091 (12.5036, 18.028)
    1540 (3.76406, 0.0386451) -> 7989 (3.47651, 1.24753)
    1541 (24.4811, 8.3678) -> 9874 (23.6938, 8.34637)
    1542 (4.34526, 15.6291) -> 3840 (3.05888, 15.3261)
    1543 (16.636, 11.9674) -> 7209 (15.0859, 11.1731)
    1544 (5.24793, 1.23858) -> 5331 (5.16053, 1.43786)
    1545 (8.4101, 0.70465) -> 7520 (7.61252, 2.11727)
    1546 (18.5363, 9.24505) -> 4912 (17.0454, 9.20244)
    1547 (15.2367, 6.94619) -> 7654 (13.7751, 7.64257)
    1548 (23.6952, 21.5451) -> 9193 (22.106, 21.224)
    1549 (15.2715, 11.2684) -> 5122 (13.5741, 10.3929)
    1550 (20.8802, 9.33641) -> 9628 (19.1541, 9.32834)
    1551 (6.09192, 20.0928) -> 9303 (5.47348, 19.4)
    1552 (12.6254, 22.4866) -> 5147 (11.2551, 21.5596)
    1553 (13.0072, 3.18396) -> 7642 (11.797, 4.26472)
    1554 (13.4589, 23.0803) -> 4488 (12.5299, 22.4898)
    1555 (2.67363, 14.821) -> 0 (1, 15)
    1556 (20.8784, 9.88661) -> 9032 (19.3693, 9.8313)
    1557 (21.6935, 11.7965) -> 7149 (21.5466, 11.7868)
    1558 (2.86358, 24.0173) -> 5210 (2.61478, 22.389)
    1559 (23.3096, 18.5257) -> 9643 (22.0006, 18.2906)
    1560 (11.1016, 3.76707) -> 9740 (10.307, 4.55598)
    1561 (23.438, 21.1591) -> 9298 (22.7559, 21.0033)
    1562 (13.2656, 6.76941) -> 7902 (12.1498, 7.40288)
    1563 (5.84522, 8.62637) -> 2852 (4.67977, 9.8973)
    1564 (1.23705, 4.98981) -> 6482 (1.22524, 6.98116)
    1565 (16.8957, 14.0804) -> 9603 (16.4764, 14.3311)
    1566 (19.4998, 20.0163) -> 9790 (17.9364, 19.5471)
    1567 (8.65421, 1.79236) -> 6795 (8.22063, 2.8376)
    1568 (14.4519, 15.9977) -> 7633 (12.8131, 16.2816)
    1569 (14.5856, 9.2866) -> 3553 (13.0658, 9.27095)
    1570 (8.04102, 23.0035) -> 9491 (7.3077, 22.019)
    1571 (11.1092, 21.1325) -> 9437 (9.53017, 20.2393)
    1572 (18.788, 21.6795) -> 3644 (17.7966, 21.3043)
    1573 (17.5189, 6.30341) -> 3390 (16.1084, 6.95364)
    1574 (20.5661, 0.305357) -> 8352 (19.7952, 0.806544)
    1575 (4.01295, 1.1267) -> 7127 (3.85938, 2.02002)
    1576 (11.5852, 0.0945472) -> 7235 (11.1581, 0.629723)
    1577 (5.79825, 0.94631) -> 5851 (5.61521, 1.38994)
    1578 (16.3946, 14.8185) -> 3393 (15.2486, 15.3877)
    1579 (17.645, 18.7391) -> 5720 (15.9045, 18.3211)
    1580 (0.297971, 14.5342) -> 0 (1, 15)
    1581 (3.74473, 13.0968) -> 9112 (2.41368, 13.9728)
    1582 (1.37387, 0.884168) -> 7070 (1.37348, 2.84715)
    1583 (22.6689, 9.03495) -> 9995 (21.3788, 9.07512)
    1584 (20.0803, 1.82813) -> 9545 (18.9489, 2.59139)
    1585 (5.42412, 12.2713) -> 9349 (5.28373, 12.2513)
    1586 (23.0846, 19.4815) -> 4454 (21.7022, 19.2467)
    1587 (19.6531, 14.2567) -> 9703 (18.1418, 14.662)
    1588 (22.4982, 18.5364) -> 8819 (20.7915, 18.2135)
    1589 (14.656, 13.7589) -> 6336 (13.6904, 15.3569)
    1590 (22.9201, 16.2976) -> 8848 (21.5013, 16.4412)
    1591 (0.35081, 24.0546) -> 1966 (0.513096, 22.8288)
    1592 (3.93634, 4.23226) -> 6999 (3.49108, 6.15449)
    1593 (24.3188, 1.10705) -> 9538 (22.7211, 2.17261)
    1594 (18.54, 0.66505) -> 7790 (17.5481, 1.52425)
    1595 (17.268, 23.9549) -> 5704 (16.0326, 23.2511)
    1596 (23.611, 4.3529) -> 9141 (21.9223, 4.99155)
    1597 (7.7135, 11.0472) -> 7427 (6.74215, 11.3755)
    1598 (18.0306, 23.9792) -> 7390 (16.3052, 23.052)
    1599 (24.4355, 1.49634) -> 9581 (24.0708, 1.75735)
    1600 (1.70968, 15.7166) -> 0 (1, 15)
    1601 (5.3907, 20.7913) -> 8008 (4.8827, 20.0687)
    1602 (22.2457, 8.58728) -> 8932 (21.6255, 8.60688)
    1603 (24.9189, 12.7293) -> 6162 (23.7643, 12.3949)
    1604 (24.7613, 24.9043) -> 8607 (23.3093, 24.3252)
    1605 (6.16444, 6.76969) -> 1805 (5.27455, 8.17188)
    1606 (24.2643, 18.9089) -> 8054 (22.5632, 18.677)
    1607 (0.924406, 9.60291) -> 1271 (0.971872, 10.4967)
    1608 (24.84, 12.8209) -> 9410 (23.6987, 12.4785)
    1609 (14.7287, 1.62639) -> 7684 (13.4032, 2.91542)
    1610 (21.7744, 22.8162) -> 9124 (20.1751, 22.292)
    1611 (3.51159, 0.869791) -> 4798 (3.26699, 2.16421)
    1612 (6.19465, 11.0641) -> 7810 (4.57608, 11.9769)
    1613 (1.19216, 3.54412) -> 6470 (1.16633, 5.2601)
    1614 (18.7325, 9.93331) -> 4367 (16.7888, 9.7919)
    1615 (1.59132, 21.5458) -> 6019 (1.56819, 21.0229)
    1616 (1.64925, 12.7635) -> 9757 (1.12539, 14.1769)
    1617 (5.20539, 13.6819) -> 2762 (3.67958, 14.0579)
    1618 (21.3152, 7.97521) -> 5310 (19.9967, 8.11177)
    1619 (10.6844, 19.4467) -> 9823 (9.2611, 18.7836)
    1620 (6.68517, 23.5835) -> 5773 (6.24512, 22.9753)
    1621 (10.9298, 22.1839) -> 3832 (9.90225, 21.3248)
    1622 (24.8248, 6.29111) -> 3048 (24.2804, 6.40375)
    1623 (1.37587, 14.5546) -> 0 (1, 15)
    1624 (12.3413, 6.59296) -> 9776 (10.7579, 7.40473)
    1625 (18.2084, 18.7811) -> 3135 (17.617, 18.6488)
    1626 (21.9912, 17.3587) -> 8066 (20.465, 17.3136)
    1627 (21.5849, 4.91662) -> 7195 (19.8153, 5.68227)
    1628 (21.5901, 20.7078) -> 4826 (20.6053, 20.3433)
    1629 (0.807266, 16.1838) -> 0 (1, 15)
    1630 (15.7713, 15.9421) -> 8447 (14.633, 16.1354)
    1631 (5.72444, 4.74267) -> 4110 (5.04346, 6.23303)
    1632 (15.2318, 12.0023) -> 5971 (14.7149, 11.5507)
    1633 (20.8288, 3.97167) -> 9020 (20.1567, 4.33824)
    1634 (11.718, 22.6807) -> 3191 (10.6563, 21.9983)
    1635 (4.3589, 6.00591) -> 8633 (3.75098, 7.51515)
    1636 (2.57484, 17.749) -> 6908 (1.93036, 16.5832)
    1637 (5.93034, 17.5423) -> 1084 (4.34434, 16.729)
    1638 (0.714919, 24.4176) -> 6514 (0.711822, 23.9129)
    1639 (13.7958, 8.88023) -> 3385 (13.5455, 8.92242)
    1640 (20.4487, 16.3214) -> 2663 (18.9203, 16.3388)
    1641 (17.1811, 11.2379) -> 6840 (17.1033, 11.215)
    1642 (21.2788, 18.736) -> 6197 (19.5199, 18.3233)
    1643 (2.84944, 3.56617) -> 3979 (2.67728, 5.06573)
    1644 (15.3092, 12.5684) -> 8426 (14.3181, 11.2919)
    1645 (23.1089, 14.2817) -> 6829 (21.9111, 13.7641)
    1646 (18.9367, 5.30868) -> 7451 (17.791, 5.90504)
    1647 (4.86762, 19.356) -> 8555 (4.0455, 18.3655)
    1648 (16.4048, 23.9436) -> 9789 (15.8235, 23.6382)
    1649 (2.45232, 4.7412) -> 4153 (2.31807, 5.72897)
    1650 (18.4627, 7.70794) -> 9502 (16.9431, 7.97671)
    1651 (13.7682, 18.5847) -> 6217 (11.9115, 18.0853)
    1652 (14.2016, 3.85941) -> 9205 (13.0251, 4.76266)
    1653 (0.614866, 0.772336) -> 5105 (0.591283, 2.30142)
    1654 (19.3191, 10.9074) -> 9721 (18.735, 10.5422)
    1655 (19.1876, 0.192667) -> 8050 (18.5012, 0.651899)
    1656 (2.83071, 11.8979) -> 4162 (2.38585, 12.4128)
    1657 (23.6842, 3.85561) -> 71 (22.5217, 4.39271)
    1658 (15.0061, 10.9484) -> 9997 (13.1824, 10.13)
    1659 (17.8171, 7.84803) -> 1786 (16.0666, 8.20269)
    1660 (10.1084, 7.92153) -> 2918 (8.8845, 8.81487)
    1661 (1.38549, 0.510801) -> 2883 (1.31948, 1.05607)
    1662 (16.8094, 5.67242) -> 9402 (15.3096, 6.62651)
    1663 (16.665, 1.21393) -> 8701 (15.8865, 1.78885)
    1664 (0.283407, 20.9837) -> 6500 (0.535076, 19.2007)
    1665 (12.9621, 16.4833) -> 7697 (12.766, 16.4813)
    1666 (19.9052, 21.9324) -> 4473 (18.0261, 21.3127)
    1667 (14.7711, 23.6429) -> 5929 (13.1064, 22.6479)
    1668 (9.09908, 5.45438) -> 8208 (7.83966, 6.86139)
    1669 (5.70388, 12.2619) -> 9349 (5.28373, 12.2513)
    1670 (5.23274, 22.3241) -> 9238 (4.67458, 21.3525)
    1671 (15.9235, 10.7105) -> 5197 (14.4741, 10.3722)
    1672 (13.1321, 22.4125) -> 5350 (11.6779, 21.5815)
    1673 (16.1832, 2.62568) -> 9925 (15.2252, 3.30462)
    1674 (1.83095, 10.0276) -> 4978 (1.60002, 11.2532)
    1675 (6.33481, 0.00173036) -> 9383 (5.9365, 0.760025)
    1676 (15.7868, 3.26597) -> 9685 (14.6063, 4.20532)
    1677 (16.2474, 20.8195) -> 9314 (14.8205, 20.2208)
    1678 (15.8562, 2.07147) -> 8182 (14.9752, 2.96529)
    1679 (2.1596, 8.58009) -> 9937 (1.81293, 10.2236)
    1680 (20.3077, 0.906971) -> 6523 (19.3964, 1.54634)
    1681 (13.4207, 7.56099) -> 9399 (12.1894, 8.32117)
    1682 (3.54231, 24.6246) -> 8186 (3.03109, 22.9073)
    1683 (1.94738, 8.95667) -> 9494 (1.81247, 9.90794)
    1684 (19.0197, 14.6266) -> 9262 (18.0448, 14.8906)
    1685 (11.1836, 2.4949) -> 5713 (10.1006, 3.77263)
    1686 (3.95273, 17.7981) -> 1691 (2.86478, 16.64)
    1687 (12.6846, 19.0452) -> 4636 (11.5283, 18.6225)
    1688 (8.11887, 19.8697) -> 9098 (7.61883, 19.5244)
    1689 (2.59894, 15.6198) -> 0 (1, 15)
    1690 (10.847, 22.5931) -> 7649 (9.45379, 21.2831)
    1691 (2.86478, 16.64) -> 6521 (1.44126, 15.4089)
    1692 (1.68444, 11.9298) -> 4472 (1.28242, 13.4083)
    1693 (9.20776, 19.7957) -> 7260 (7.66421, 18.8996)
    1694 (18.0507, 13.1254) -> 5467 (16.4296, 12.0607)
    1695 (14.9858, 0.899018) -> 7653 (13.5631, 2.05819)
    1696 (20.1009, 16.1702) -> 5755 (19.195, 16.1396)
    1697 (10.9711, 6.70019) -> 9992 (9.96491, 7.38354)
    1698 (21.6977, 17.0695) -> 176 (20.0422, 16.9569)
    1699 (8.54176, 9.01545) -> 9475 (7.67808, 9.64864)
    1700 (19.4851, 5.91382) -> 3056 (18.1757, 6.40024)
    1701 (5.20298, 12.6527) -> 6415 (3.34465, 13.0199)
    1702 (11.9234, 24.6673) -> 6212 (10.4886, 23.345)
    1703 (16.2784, 8.62279) -> 6471 (15.2771, 8.70373)
    1704 (3.48012, 2.79187) -> 2587 (3.23863, 3.72726)
    1705 (24.6043, 0.328503) -> 6820 (23.1763, 1.1282)
    1706 (12.1155, 1.18462) -> 8014 (11.1648, 2.19133)
    1707 (5.35337, 20.7625) -> 8008 (4.8827, 20.0687)
    1708 (21.7587, 9.16912) -> 9293 (21.2272, 9.17069)
    1709 (7.14396, 22.4405) -> 3918 (6.51169, 21.6781)
    1710 (5.36156, 21.9939) -> 2285 (4.72575, 21.0525)
    1711 (1.65877, 2.8681) -> 5298 (1.62646, 4.20793)
    1712 (0.859584, 2.9558) -> 5120 (0.922355, 4.9145)
    1713 (19.2364, 9.87773) -> 6490 (18.3667, 9.82715)
    1714 (20.0791, 8.92679) -> 3893 (18.9198, 9.0014)
    1715 (20.1226, 20.0704) -> 6889 (19.3987, 19.9383)
    1716 (16.7261, 5.2154) -> 3133 (15.7152, 5.8134)
    1717 (3.70871, 22.7823) -> 9606 (3.48749, 22.1254)
    1718 (24.2425, 15.9414) -> 7909 (23.7151, 15.9761)
    1719 (8.47175, 10.1202) -> 9472 (8.10019, 10.3261)
    1720 (1.35295, 5.75831) -> 8646 (1.28994, 7.30035)
    1721 (13.507, 4.4497) -> 9205 (13.0251, 4.76266)
    1722 (11.3281, 17.7648) -> 9150 (9.83229, 17.324)
    1723 (14.4893, 13.3235) -> 5376 (14.4482, 14.5338)
    1724 (3.71424, 9.06596) -> 9907 (3.27863, 9.81937)
    1725 (5.76332, 17.7627) -> 3549 (4.38089, 17.0401)
    1726 (2.08041, 14.5397) -> 0 (1, 15)
    1727 (7.18238, 9.66808) -> 7662 (6.70352, 10.0118)
    1728 (14.7123, 22.9717) -> 9255 (13.2336, 22.2144)
    1729 (18.5767, 1.45497) -> 8738 (17.5539, 2.15932)
    1730 (0.912915, 12.0652) -> 8689 (0.987979, 13.2063)
    1731 (9.72299, 18.5614) -> 4002 (8.56023, 18.012)
    1732 (1.78293, 0.275292) -> 8936 (1.7649, 0.544732)
    1733 (23.5125, 15.3125) -> 8851 (21.7963, 15.4842)
    1734 (7.19944, 3.99921) -> 4406 (6.29675, 5.49068)
    1735 (6.43507, 23.9416) -> 405 (5.8113, 22.9115)
    1736 (5.86351, 17.2398) -> 7533 (4.9086, 16.8816)
    1737 (2.60331, 3.05869) -> 294 (2.46783, 3.87742)
    1738 (10.7126, 6.29235) -> 8987 (10.0155, 6.84906)
    1739 (19.5576, 13.4245) -> 5112 (18.5585, 12.8812)
    1740 (19.7966, 12.6475) -> 6986 (18.0636, 12.0245)
    1741 (7.28639, 11.4581) -> 8463 (5.54577, 12.3807)
    1742 (20.1413, 17.6015) -> 9073 (19.5303, 17.5815)
    1743 (3.69961, 5.15869) -> 6999 (3.49108, 6.15449)
    1744 (0.357013, 15.0081) -> 0 (1, 15)
    1745 (15.1412, 22.7914) -> 6659 (14.132, 22.2008)
    1746 (15.4805, 19.172) -> 8876 (13.8748, 18.6855)
    1747 (10.9971, 20.3348) -> 9915 (10.2579, 19.9446)
    1748 (5.28827, 8.76385) -> 5655 (4.26959, 10.2547)
    1749 (12.3905, 23.018) -> 8128 (11.7993, 22.6208)
    1750 (2.43742, 14.0995) -> 0 (1, 15)
    1751 (18.4794, 22.9512) -> 8894 (17.2298, 22.4393)
    1752 (5.34131, 9.33275) -> 6527 (4.0429, 10.848)
    1753 (3.92979, 16.2052) -> 7771 (2.1759, 15.5193)
    1754 (16.6587, 21.7973) -> 6253 (15.6964, 21.3142)
    1755 (16.4825, 22.0264) -> 9025 (14.6912, 21.1787)
    1756 (20.8241, 16.3435) -> 6559 (19.5631, 16.4305)
    1757 (16.9046, 20.7987) -> 4858 (15.3506, 20.2181)
    1758 (4.75925, 8.23905) -> 9879 (3.81607, 9.64715)
    1759 (7.04818, 0.53288) -> 383 (6.29638, 2.35534)
    1760 (1.15378, 15.4336) -> 0 (1, 15)
    1761 (15.1631, 2.56579) -> 9062 (14.7631, 2.79772)
    1762 (9.4669, 17.8237) -> 5142 (8.06878, 17.289)
    1763 (17.6684, 20.1858) -> 8423 (16.1432, 19.6753)
    1764 (4.53136, 15.3602) -> 1888 (2.94905, 15.1581)
    1765 (1.87246, 16.6273) -> 0 (1, 15)
    1766 (20.1372, 7.76118) -> 2370 (18.8964, 7.97311)
    1767 (3.48968, 0.912147) -> 4798 (3.26699, 2.16421)
    1768 (19.2983, 8.27958) -> 9880 (18.9349, 8.28344)
    1769 (1.95621, 23.6668) -> 5725 (1.85171, 22.6221)
    1770 (5.12747, 13.9851) -> 2129 (3.24918, 14.4422)
    1771 (24.1679, 12.0618) -> 5635 (22.324, 11.6524)
    1772 (19.977, 18.6904) -> 6311 (18.2476, 18.3878)
    1773 (0.742172, 5.79533) -> 6485 (0.762521, 7.18247)
    1774 (13.2828, 6.56995) -> 8534 (12.8694, 6.80369)
    1775 (16.7077, 2.01568) -> 8196 (16.2721, 2.29412)
    1776 (22.4147, 19.5839) -> 4105 (20.5093, 19.2444)
    1777 (3.68764, 6.76733) -> 9766 (3.19311, 8.07935)
    1778 (10.127, 2.22937) -> 9683 (8.96317, 3.72002)
    1779 (6.95944, 8.47931) -> 8382 (5.94817, 9.51674)
    1780 (19.1718, 6.34731) -> 8784 (18.534, 6.5823)
    1781 (22.2936, 10.0281) -> 6292 (20.9161, 9.95787)
    1782 (24.3854, 19.7236) -> 8412 (22.8488, 19.3157)
    1783 (1.0857, 19.6235) -> 7535 (1.02207, 17.6382)
    1784 (16.1136, 20.111) -> 9918 (15.7813, 19.9751)
    1785 (11.2855, 3.12376) -> 7102 (10.1023, 4.4991)
    1786 (16.0666, 8.20269) -> 9993 (15.3204, 8.40649)
    1787 (24.0376, 3.06123) -> 8216 (22.8034, 3.60828)
    1788 (21.7196, 21.5454) -> 2043 (20.7445, 21.1603)
    1789 (17.9129, 15.9941) -> 7564 (16.6311, 16.0823)
    1790 (3.36876, 8.78128) -> 5814 (2.73657, 10.2422)
    1791 (18.4617, 12.4304) -> 7926 (16.6556, 11.6013)
    1792 (21.5259, 22.1647) -> 9694 (20.209, 21.7346)
    1793 (15.6662, 14.0329) -> 7648 (14.0878, 15.0663)
    1794 (7.26427, 8.15281) -> 8211 (6.46093, 8.85756)
    1795 (4.77025, 11.9239) -> 9542 (4.25477, 12.1288)
    1796 (1.81187, 14.4482) -> 0 (1, 15)
    1797 (14.1824, 21.9465) -> 4090 (12.8703, 21.2892)
    1798 (24.9179, 7.82964) -> 2694 (23.6408, 7.99976)
    1799 (5.89692, 15.8663) -> 8495 (4.01653, 15.5198)
    1800 (23.7457, 12.1731) -> 8541 (22.6351, 12.0149)
    1801 (2.28577, 23.3995) -> 9037 (2.18865, 22.7043)
    1802 (5.29621, 16.6821) -> 1753 (3.92979, 16.2052)
    1803 (23.5957, 14.7266) -> 9108 (22.2851, 14.9701)
    1804 (20.6159, 20.0904) -> 5219 (19.4725, 19.8172)
    1805 (5.27455, 8.17188) -> 2119 (4.403, 9.54176)
    1806 (16.8736, 12.3498) -> 5467 (16.4296, 12.0607)
    1807 (22.9919, 4.79401) -> 1234 (21.6482, 5.2757)
    1808 (3.99738, 17.8132) -> 1691 (2.86478, 16.64)
    1809 (12.9959, 5.28746) -> 4321 (12.1122, 5.85356)
    1810 (16.3935, 12.4934) -> 5618 (14.9909, 11.5353)
    1811 (1.14407, 12.7174) -> 6364 (1.02067, 14.3584)
    1812 (20.4323, 15.2904) -> 7638 (19.626, 15.4058)
    1813 (24.7961, 16.09) -> 8727 (24.5431, 16.0903)
    1814 (14.51, 18.0767) -> 6407 (12.6153, 17.6702)
    1815 (5.71062, 1.44204) -> 5944 (5.14384, 2.85452)
    1816 (1.63207, 8.9397) -> 5044 (1.61473, 9.14488)
    1817 (15.3257, 22.749) -> 6025 (14.1016, 22.064)
    1818 (20.3228, 5.51987) -> 8735 (19.4061, 5.86299)
    1819 (1.29967, 8.82723) -> 6976 (1.25677, 10.4654)
    1820 (1.39839, 12.1764) -> 5681 (1.31022, 12.4788)
    1821 (13.9513, 9.20444) -> 3553 (13.0658, 9.27095)
    1822 (3.12045, 23.5961) -> 2653 (2.88681, 22.7157)
    1823 (2.32721, 8.88164) -> 8676 (1.9157, 10.6719)
    1824 (3.0058, 12.3974) -> 1007 (2.36406, 12.9903)
    1825 (1.74362, 20.429) -> 7960 (1.5753, 18.945)
    1826 (24.0731, 3.41412) -> 7742 (22.5496, 4.07392)
    1827 (19.9835, 1.65278) -> 9445 (18.3542, 2.67757)
    1828 (6.99682, 20.844) -> 1889 (5.7689, 19.5327)
    1829 (7.97336, 5.65933) -> 9426 (7.31966, 6.39488)
    1830 (3.41223, 9.16115) -> 3525 (2.78727, 10.5354)
    1831 (1.30998, 19.0585) -> 8996 (1.22066, 18.2602)
    1832 (0.707992, 3.28783) -> 6732 (0.69325, 4.08289)
    1833 (6.95556, 5.35575) -> 7874 (5.96698, 6.95309)
    1834 (5.11003, 11.6333) -> 9542 (4.25477, 12.1288)
    1835 (4.80217, 18.2714) -> 1138 (3.95245, 17.6226)
    1836 (8.27282, 9.19733) -> 9475 (7.67808, 9.64864)
    1837 (5.87262, 3.05138) -> 6196 (5.71068, 3.48155)
    1838 (13.692, 7.42062) -> 9399 (12.1894, 8.32117)
    1839 (11.3245, 21.3891) -> 9305 (9.71748, 20.4085)
    1840 (1.03124, 5.71471) -> 9570 (1.00729, 7.54464)
    1841 (2.37297, 15.9213) -> 0 (1, 15)
    1842 (12.8478, 3.36776) -> 6115 (11.5626, 4.61062)
    1843 (5.24528, 15.0632) -> 6589 (3.64235, 15.0113)
    1844 (2.29421, 14.9974) -> 0 (1, 15)
    1845 (21.9897, 2.87247) -> 8887 (20.7622, 3.61259)
    1846 (10.873, 16.5071) -> 7554 (9.48561, 16.3863)
    1847 (16.1148, 1.85448) -> 8182 (14.9752, 2.96529)
    1848 (11.3765, 4.48439) -> 6788 (10.5567, 5.23449)
    1849 (13.0458, 21.8345) -> 9376 (12.6653, 21.5394)
    1850 (16.9233, 2.72315) -> 7009 (15.8153, 3.52401)
    1851 (3.10773, 6.34488) -> 5610 (2.50736, 8.16729)
    1852 (12.5261, 21.3065) -> 4843 (11.7065, 20.7844)
    1853 (16.698, 19.3597) -> 8635 (14.8861, 18.819)
    1854 (14.3396, 18.946) -> 4839 (12.8468, 18.5648)
    1855 (19.3962, 22.4541) -> 2000 (18.3924, 21.975)
    1856 (2.31468, 21.9754) -> 7795 (1.99657, 20.0809)
    1857 (15.1082, 4.68285) -> 8700 (14.2125, 5.39717)
    1858 (2.33204, 21.6537) -> 7795 (1.99657, 20.0809)
    1859 (8.58917, 22.6297) -> 7841 (7.57101, 21.5845)
    1860 (17.2163, 23.6586) -> 6868 (16.1449, 23.132)
    1861 (3.86363, 4.8542) -> 6999 (3.49108, 6.15449)
    1862 (10.7798, 5.49972) -> 8926 (10.2122, 6.02411)
    1863 (24.7097, 8.18106) -> 9253 (24.059, 8.2294)
    1864 (5.38573, 20.1422) -> 5337 (4.11583, 18.6348)
    1865 (22.7737, 6.46706) -> 4251 (22.0419, 6.58178)
    1866 (14.1862, 2.29508) -> 7684 (13.4032, 2.91542)
    1867 (19.0371, 17.1961) -> 7942 (17.1472, 16.9207)
    1868 (23.2639, 14.0811) -> 5099 (22.4323, 13.7235)
    1869 (0.321095, 20.3205) -> 5311 (0.382679, 19.7842)
    1870 (9.30662, 16.0896) -> 2712 (7.96496, 15.9364)
    1871 (7.68429, 14.4389) -> 6237 (6.02218, 14.5548)
    1872 (6.17569, 19.9891) -> 4797 (5.23197, 18.9638)
    1873 (15.6311, 23.4436) -> 8405 (14.2959, 22.6667)
    1874 (0.557602, 9.58058) -> 4228 (0.730127, 11.5021)
    1875 (6.56331, 20.7352) -> 8330 (5.75101, 19.8194)
    1876 (5.91965, 7.93294) -> 3470 (4.74256, 9.54427)
    1877 (18.7989, 14.3331) -> 3847 (18.5525, 14.3584)
    1878 (23.0335, 1.2635) -> 8468 (22.0272, 1.78694)
    1879 (21.8889, 10.9814) -> 9725 (21.5944, 10.9302)
    1880 (6.84572, 12.8383) -> 8935 (4.85755, 12.9074)
    1881 (22.75, 23.1816) -> 5988 (22.2455, 23.0038)
    1882 (20.93, 11.0056) -> 9515 (18.9904, 10.5671)
    1883 (24.548, 21.5947) -> 5823 (23.5696, 21.3384)
    1884 (24.4646, 1.78268) -> 4767 (23.5424, 2.31005)
    1885 (20.0693, 18.0679) -> 8210 (18.8938, 17.8422)
    1886 (12.353, 8.2015) -> 9399 (12.1894, 8.32117)
    1887 (14.4325, 17.5479) -> 5509 (13.1171, 17.3244)
    1888 (2.94905, 15.1581) -> 0 (1, 15)
    1889 (5.7689, 19.5327) -> 4797 (5.23197, 18.9638)
    1890 (23.2471, 8.86719) -> 7153 (22.2044, 8.90809)
    1891 (1.24552, 6.03661) -> 6482 (1.22524, 6.98116)
    1892 (13.2502, 8.30721) -> 8506 (11.9034, 8.84123)
    1893 (9.57148, 16.9391) -> 8293 (8.44519, 16.6992)
    1894 (2.68765, 22.1391) -> 3479 (2.25719, 20.5788)
    1895 (14.9062, 11.5768) -> 5122 (13.5741, 10.3929)
    1896 (21.9837, 11.2242) -> 8616 (21.7055, 11.176)
    1897 (18.3889, 16.9273) -> 7942 (17.1472, 16.9207)
    1898 (11.8412, 2.7334) -> 6652 (10.6909, 3.95154)
    1899 (1.25459, 4.45164) -> 7980 (1.23277, 5.3221)
    1900 (19.8066, 12.2863) -> 7708 (19.2216, 12.0712)
    1901 (12.3251, 2.24111) -> 5586 (11.3318, 3.37088)
    1902 (24.3677, 10.7221) -> 6760 (23.5162, 10.645)
    1903 (6.10849, 18.3398) -> 9810 (4.47304, 17.2594)
    1904 (7.99915, 3.40966) -> 9966 (7.23145, 4.62212)
    1905 (0.200074, 9.85864) -> 8285 (0.405992, 11.2784)
    1906 (5.46475, 2.10519) -> 5944 (5.14384, 2.85452)
    1907 (4.77813, 4.32308) -> 4969 (4.20216, 5.72874)
    1908 (20.9391, 10.5932) -> 9587 (19.3717, 10.3946)
    1909 (9.45793, 9.62388) -> 9472 (8.10019, 10.3261)
    1910 (20.6864, 11.9171) -> 6564 (18.8578, 11.5743)
    1911 (12.6984, 18.1733) -> 7806 (11.0233, 17.7671)
    1912 (19.6233, 9.51128) -> 9199 (17.8113, 9.49583)
    1913 (23.9934, 21.7223) -> 9193 (22.106, 21.224)
    1914 (15.8084, 14.2896) -> 1974 (14.6056, 15.1386)
    1915 (6.25737, 10.0076) -> 9957 (4.91153, 11.1139)
    1916 (14.6701, 22.2039) -> 8566 (12.9768, 21.2255)
    1917 (23.6385, 24.2097) -> 4100 (22.9331, 23.9115)
    1918 (1.71006, 12.9855) -> 164 (1.10706, 14.8015)
    1919 (15.4524, 19.4878) -> 7965 (14.7411, 19.3018)
    1920 (20.4261, 10.5401) -> 9587 (19.3717, 10.3946)
    1921 (20.0021, 13.1369) -> 6156 (18.5033, 12.5056)
    1922 (6.07632, 3.87894) -> 2763 (5.36859, 5.48145)
    1923 (19.8385, 8.51684) -> 4862 (19.7756, 8.51606)
    1924 (21.5408, 1.75517) -> 268 (20.2041, 2.5461)
    1925 (15.6127, 8.49259) -> 1639 (13.7958, 8.88023)
    1926 (22.27, 21.3932) -> 6972 (21.7864, 21.2553)
    1927 (15.7714, 6.01966) -> 9402 (15.3096, 6.62651)
    1928 (18.5791, 23.2589) -> 5198 (17.559, 22.7949)
    1929 (4.38953, 15.7201) -> 5985 (3.48264, 15.4729)
    1930 (21.6949, 15.8616) -> 5250 (20.5448, 16.0054)
    1931 (7.0471, 8.18476) -> 8211 (6.46093, 8.85756)
    1932 (17.6784, 23.1289) -> 7852 (16.7354, 22.6717)
    1933 (20.2248, 6.4636) -> 6650 (18.3123, 7.04232)
    1934 (20.886, 8.97549) -> 3893 (18.9198, 9.0014)
    1935 (9.37343, 1.48451) -> 8687 (8.51586, 2.93785)
    1936 (12.2079, 23.6445) -> 9261 (11.075, 22.7715)
    1937 (14.9126, 13.784) -> 6336 (13.6904, 15.3569)
    1938 (14.7517, 23.8014) -> 9461 (13.8377, 23.2577)
    1939 (21.0734, 2.80456) -> 8868 (20.3589, 3.21888)
    1940 (18.7882, 21.0862) -> 5565 (17.0094, 20.543)
    1941 (16.602, 6.98242) -> 7046 (15.4729, 7.43287)
    1942 (18.2591, 0.453538) -> 7837 (17.2572, 1.35485)
    1943 (6.3534, 8.67076) -> 6629 (4.98725, 10.103)
    1944 (0.201486, 13.0247) -> 10 (0.635266, 14.1057)
    1945 (5.43066, 22.7875) -> 7151 (4.97652, 22.0115)
    1946 (8.92135, 17.2193) -> 9952 (7.45955, 16.7816)
    1947 (9.73411, 24.6026) -> 9377 (8.65056, 23.4256)
    1948 (20.7092, 14.191) -> 4687 (19.2674, 14.6049)
    1949 (15.24, 8.56124) -> 3385 (13.5455, 8.92242)
    1950 (13.8206, 8.35594) -> 4513 (12.0244, 8.86071)
    1951 (2.0183, 20.3335) -> 7664 (1.78823, 19.1071)
    1952 (0.81943, 16.6792) -> 0 (1, 15)
    1953 (11.0009, 21.926) -> 6229 (9.67141, 20.9453)
    1954 (0.0164977, 13.2415) -> 3593 (0.472807, 14.0739)
    1955 (18.3169, 22.7265) -> 9419 (17.78, 22.4881)
    1956 (18.4364, 3.5177) -> 2673 (17.335, 4.18907)
    1957 (17.4886, 13.7689) -> 9603 (16.4764, 14.3311)
    1958 (12.0395, 20.5057) -> 101 (10.3181, 19.6938)
    1959 (6.99047, 4.27308) -> 6888 (6.68217, 4.65894)
    1960 (4.35307, 6.80415) -> 1989 (3.87028, 8.23459)
    1961 (5.86263, 14.5096) -> 9808 (4.8442, 14.6092)
    1962 (24.66, 22.3467) -> 7479 (23.2966, 21.9949)
    1963 (24.8988, 15.719) -> 9278 (23.2483, 15.8109)
    1964 (2.37903, 16.73) -> 3536 (1.87757, 16.2015)
    1965 (8.30926, 23.7669) -> 1709 (7.14396, 22.4405)
    1966 (0.513096, 22.8288) -> 8264 (0.703365, 20.8816)
    1967 (5.58548, 23.5811) -> 6098 (4.94323, 22.1397)
    1968 (6.9389, 22.9346) -> 4502 (6.42503, 22.2237)
    1969 (11.4249, 22.6117) -> 8323 (10.0896, 21.7143)
    1970 (6.0875, 10.8226) -> 7810 (4.57608, 11.9769)
    1971 (11.834, 9.1822) -> 6315 (10.2282, 9.4719)
    1972 (23.6215, 2.79315) -> 6796 (22.3404, 3.51925)
    1973 (2.29144, 12.5203) -> 7657 (2.28118, 12.5162)
    1974 (14.6056, 15.1386) -> 7953 (12.9815, 16.1703)
    1975 (5.25729, 23.0116) -> 9040 (4.39567, 21.4696)
    1976 (10.8468, 23.0456) -> 9173 (9.3748, 21.8803)
    1977 (4.23022, 8.88234) -> 9879 (3.81607, 9.64715)
    1978 (24.8926, 19.8784) -> 6953 (23.2289, 19.6521)
    1979 (7.91128, 15.9829) -> 9579 (6.01623, 15.7402)
    1980 (2.35751, 20.3437) -> 107 (1.8323, 18.6381)
    1981 (18.3355, 9.97326) -> 2500 (17.2623, 9.93121)
    1982 (21.6745, 14.5008) -> 9908 (19.8518, 14.7703)
    1983 (6.78849, 1.65274) -> 5626 (5.94119, 3.39331)
    1984 (21.0317, 24.5112) -> 2558 (20.0606, 23.9535)
    1985 (21.9572, 12.9467) -> 9735 (20.9431, 12.625)
    1986 (2.10472, 6.53948) -> 9922 (1.94029, 8.24479)
    1987 (9.24312, 7.09205) -> 9203 (7.93177, 8.57045)
    1988 (22.3595, 2.76292) -> 8887 (20.7622, 3.61259)
    1989 (3.87028, 8.23459) -> 7478 (3.13355, 9.95324)
    1990 (10.1485, 23.8535) -> 1060 (9.43462, 23.1321)
    1991 (22.5874, 8.71023) -> 4853 (20.7254, 8.88431)
    1992 (13.2842, 4.55496) -> 9205 (13.0251, 4.76266)
    1993 (2.93503, 13.1165) -> 9710 (2.21635, 13.8256)
    1994 (14.8264, 20.7417) -> 5607 (13.1358, 19.9502)
    1995 (15.0095, 7.32198) -> 9488 (14.3368, 7.60288)
    1996 (20.9002, 7.75045) -> 3333 (19.343, 7.99508)
    1997 (5.76047, 0.642244) -> 2838 (5.29208, 1.79226)
    1998 (10.3976, 2.842) -> 9550 (9.26414, 4.12174)
    1999 (5.48639, 20.8253) -> 8008 (4.8827, 20.0687)
    2000 (18.3924, 21.975) -> 1088 (16.5835, 21.2243)
    2001 (11.3314, 22.3112) -> 3832 (9.90225, 21.3248)
    2002 (11.4075, 8.08434) -> 9981 (10.2507, 8.71958)
    2003 (16.0488, 21.8204) -> 7291 (14.512, 21.1415)
    2004 (23.999, 22.9734) -> 5289 (22.1201, 22.2955)
    2005 (17.7585, 8.96587) -> 7491 (16.9037, 9.03447)
    2006 (16.614, 1.98001) -> 9054 (15.109, 3.1298)
    2007 (0.779704, 14.3595) -> 0 (1, 15)
    2008 (24.9857, 12.2682) -> 4191 (24.5796, 12.1895)
    2009 (8.27824, 8.05463) -> 8672 (7.00014, 9.20182)
    2010 (21.3412, 24.5834) -> 2558 (20.0606, 23.9535)
    2011 (5.96082, 5.90796) -> 7453 (5.13149, 7.37352)
    2012 (0.841642, 8.07178) -> 9072 (0.787691, 9.70435)
    2013 (16.6602, 3.1867) -> 5891 (16.1279, 3.61484)
    2014 (2.18995, 20.9692) -> 7664 (1.78823, 19.1071)
    2015 (0.964598, 24.615) -> 8532 (1.00225, 22.9604)
    2016 (7.05957, 7.78913) -> 8671 (5.97507, 8.98641)
    2017 (24.3234, 9.66621) -> 9565 (23.0294, 9.69017)
    2018 (24.4533, 3.59176) -> 926 (22.8371, 4.23087)
    2019 (19.3508, 14.5437) -> 9262 (18.0448, 14.8906)
    2020 (7.86007, 22.6656) -> 9491 (7.3077, 22.019)
    2021 (11.1365, 18.6229) -> 2235 (10.1916, 18.2664)
    2022 (0.592619, 11.2362) -> 4980 (0.801848, 13.1148)
    2023 (13.3027, 19.0546) -> 7641 (12.6608, 18.8641)
    2024 (7.37021, 16.4912) -> 5659 (7.03221, 16.3993)
    2025 (6.4905, 12.8056) -> 8935 (4.85755, 12.9074)
    2026 (19.0838, 24.1972) -> 9122 (17.4589, 23.4561)
    2027 (0.627743, 18.9293) -> 3830 (0.683033, 18.1393)
    2028 (4.84429, 12.5225) -> 1993 (2.93503, 13.1165)
    2029 (0.53133, 6.70191) -> 6175 (0.565597, 7.67068)
    2030 (0.345605, 1.60413) -> 8774 (0.42124, 2.69181)
    2031 (10.6194, 24.7623) -> 8341 (9.95998, 24.1187)
    2032 (16.4606, 1.07976) -> 4129 (15.296, 1.96829)
    2033 (17.52, 2.475) -> 9676 (16.5422, 3.20218)
    2034 (4.82942, 1.66628) -> 4369 (4.42, 3.04887)
    2035 (3.27491, 9.16413) -> 8171 (2.69816, 10.6014)
    2036 (16.6918, 23.3035) -> 6438 (15.8086, 22.8113)
    2037 (5.96252, 18.4745) -> 9162 (4.91009, 17.6765)
    2038 (16.6726, 13.777) -> 9873 (15.8458, 14.3698)
    2039 (19.4966, 13.111) -> 4140 (19.3334, 12.9865)
    2040 (11.9227, 16.9511) -> 7218 (10.7324, 16.7006)
    2041 (2.39865, 9.84043) -> 3636 (1.87627, 11.3679)
    2042 (6.33309, 10.5071) -> 4194 (5.13584, 11.2159)
    2043 (20.7445, 21.1603) -> 5978 (19.5351, 20.7809)
    2044 (1.56719, 18.5586) -> 8514 (1.41406, 17.4039)
    2045 (9.46868, 0.428979) -> 2841 (8.58506, 1.86585)
    2046 (24.8952, 24.578) -> 9965 (23.5364, 24.0087)
    2047 (9.12102, 2.71256) -> 7681 (8.94269, 2.97344)
    2048 (11.0788, 23.1873) -> 3845 (10.4693, 22.6963)
    2049 (17.9944, 20.009) -> 8300 (17.1307, 19.7162)
    2050 (24.7489, 14.8107) -> 9121 (23.244, 15.0617)
    2051 (2.22091, 20.6277) -> 7355 (2.05288, 19.7202)
    2052 (13.9795, 18.6598) -> 8724 (12.0704, 18.0743)
    2053 (9.46444, 23.7554) -> 9259 (8.64312, 22.7919)
    2054 (24.0786, 20.8782) -> 6662 (23.3003, 20.7357)
    2055 (13.4849, 3.6966) -> 8115 (12.593, 4.49146)
    2056 (23.9551, 19.9658) -> 6209 (22.4369, 19.6682)
    2057 (0.423195, 10.2854) -> 5386 (0.583176, 11.3218)
    2058 (18.8507, 12.4052) -> 5319 (17.0965, 11.7283)
    2059 (11.6259, 5.93114) -> 8458 (10.7055, 6.51764)
    2060 (14.4056, 21.2489) -> 7694 (12.8304, 20.5557)
    2061 (15.3487, 2.43928) -> 3487 (14.4748, 3.12589)
    2062 (6.84816, 23.53) -> 8699 (6.26716, 22.7042)
    2063 (19.5059, 12.808) -> 5208 (18.3209, 12.2501)
    2064 (13.987, 14.9035) -> 7962 (13.2778, 15.7884)
    2065 (16.5705, 15.863) -> 8356 (15.7024, 15.9957)
    2066 (22.1148, 10.4337) -> 9638 (21.0159, 10.4766)
    2067 (14.2957, 16.5473) -> 7697 (12.766, 16.4813)
    2068 (8.52758, 0.412821) -> 7520 (7.61252, 2.11727)
    2069 (8.97892, 9.18943) -> 9844 (7.80261, 10.0675)
    2070 (17.4642, 23.7671) -> 6868 (16.1449, 23.132)
    2071 (8.74223, 17.4404) -> 5968 (6.8864, 16.7945)
    2072 (4.69149, 22.6812) -> 9816 (4.31901, 21.8907)
    2073 (5.59363, 5.03868) -> 4110 (5.04346, 6.23303)
    2074 (8.75765, 23.5431) -> 9286 (7.47203, 22.0134)
    2075 (17.9751, 12.8853) -> 5467 (16.4296, 12.0607)
    2076 (11.4827, 18.2822) -> 5784 (10.1322, 17.8547)
    2077 (13.8717, 22.042) -> 7333 (12.3458, 21.1622)
    2078 (21.7795, 23.1983) -> 8348 (20.0477, 22.4415)
    2079 (8.21364, 22.2247) -> 7841 (7.57101, 21.5845)
    2080 (11.2076, 7.03235) -> 9776 (10.7579, 7.40473)
    2081 (9.20222, 24.03) -> 2074 (8.75765, 23.5431)
    2082 (24.5908, 14.1026) -> 6488 (22.7835, 13.4689)
    2083 (23.8976, 0.133603) -> 7963 (22.5901, 0.977041)
    2084 (22.362, 9.20922) -> 9293 (21.2272, 9.17069)
    2085 (5.66255, 11.0104) -> 9542 (4.25477, 12.1288)
    2086 (3.24545, 9.66408) -> 4863 (2.66106, 10.9847)
    2087 (8.49183, 20.3608) -> 8491 (6.89917, 19.279)
    2088 (0.438828, 2.53818) -> 9017 (0.49029, 3.86821)
    2089 (3.87347, 14.8952) -> 1844 (2.29421, 14.9974)
    2090 (3.65094, 12.2592) -> 7715 (2.51073, 13.0177)
    2091 (21.3335, 17.861) -> 9073 (19.5303, 17.5815)
    2092 (1.96636, 4.44162) -> 7196 (1.87752, 6.16081)
    2093 (15.7297, 11.5366) -> 7209 (15.0859, 11.1731)
    2094 (9.18479, 23.2259) -> 2079 (8.21364, 22.2247)
    2095 (16.7877, 0.828488) -> 4129 (15.296, 1.96829)
    2096 (14.3525, 24.3596) -> 7163 (13.3181, 23.6052)
    2097 (9.66815, 16.3985) -> 7554 (9.48561, 16.3863)
    2098 (20.7313, 24.6137) -> 9734 (18.9433, 23.7641)
    2099 (23.7708, 17.4906) -> 6205 (22.1184, 17.3169)
    2100 (23.0638, 22.3674) -> 8440 (21.236, 21.736)
    2101 (17.5683, 17.3529) -> 6686 (15.9885, 17.2028)
    2102 (21.2896, 0.107827) -> 9767 (20.4253, 0.702057)
    2103 (2.61954, 13.7738) -> 3058 (2.06933, 14.1775)
    2104 (19.0993, 10.9504) -> 9851 (17.1512, 10.588)
    2105 (6.24384, 18.3147) -> 7374 (5.9796, 18.1136)
    2106 (0.617926, 1.11932) -> 5105 (0.591283, 2.30142)
    2107 (8.73865, 2.47814) -> 6600 (7.95454, 3.74784)
    2108 (3.53733, 6.48563) -> 6079 (3.01632, 8.17788)
    2109 (21.8411, 18.2072) -> 7058 (20.9, 18.0556)
    2110 (19.5563, 19.9475) -> 4238 (17.7213, 19.4388)
    2111 (4.29733, 12.9492) -> 6415 (3.34465, 13.0199)
    2112 (21.3581, 20.4547) -> 8568 (20.9673, 20.3616)
    2113 (19.6198, 17.5721) -> 9073 (19.5303, 17.5815)
    2114 (4.24811, 17.6828) -> 8509 (3.1993, 16.7334)
    2115 (6.94008, 14.3266) -> 9105 (5.49971, 14.5545)
    2116 (19.9556, 11.2659) -> 7276 (18.1021, 10.8172)
    2117 (12.0698, 22.7842) -> 8128 (11.7993, 22.6208)
    2118 (2.69271, 11.0546) -> 2182 (2.01618, 12.3798)
    2119 (4.403, 9.54176) -> 147 (3.59171, 10.636)
    2120 (17.4905, 19.868) -> 9748 (15.9563, 19.3512)
    2121 (15.536, 21.0746) -> 6781 (14.4431, 20.5559)
    2122 (8.00462, 6.16558) -> 4671 (7.39663, 6.84859)
    2123 (2.12205, 2.86166) -> 8053 (2.12324, 3.14518)
    2124 (0.557811, 6.3306) -> 5241 (0.611683, 7.42958)
    2125 (21.4681, 9.14083) -> 9293 (21.2272, 9.17069)
    2126 (18.72, 12.8097) -> 2279 (18.2467, 12.5559)
    2127 (21.3068, 5.03925) -> 7195 (19.8153, 5.68227)
    2128 (21.4571, 6.66356) -> 7890 (19.744, 7.11946)
    2129 (3.24918, 14.4422) -> 5320 (1.31184, 14.8776)
    2130 (7.6027, 0.342439) -> 8378 (6.8193, 1.91712)
    2131 (5.5756, 3.7374) -> 6110 (5.18529, 4.73848)
    2132 (17.2132, 15.3649) -> 7106 (16.1522, 15.6361)
    2133 (1.07799, 16.4523) -> 0 (1, 15)
    2134 (22.9229, 22.2978) -> 8440 (21.236, 21.736)
    2135 (6.17361, 8.65223) -> 6629 (4.98725, 10.103)
    2136 (20.7202, 12.7943) -> 6552 (19.6654, 12.4309)
    2137 (13.4863, 8.73429) -> 6856 (12.2589, 8.89221)
    2138 (18.2443, 7.01306) -> 6035 (16.9139, 7.55156)
    2139 (8.37423, 0.466133) -> 7520 (7.61252, 2.11727)
    2140 (3.67782, 14.5195) -> 1189 (2.62531, 14.6791)
    2141 (21.0491, 21.6778) -> 8085 (19.1503, 21.0876)
    2142 (17.2468, 15.4104) -> 7106 (16.1522, 15.6361)
    2143 (22.5806, 13.3013) -> 9315 (21.3526, 12.8565)
    2144 (9.82029, 6.637) -> 5381 (9.36817, 7.01834)
    2145 (4.77631, 23.3711) -> 184 (4.3662, 22.1199)
    2146 (6.00538, 2.05879) -> 4765 (5.33248, 3.67475)
    2147 (1.00217, 15.7418) -> 0 (1, 15)
    2148 (12.0653, 21.038) -> 9357 (10.7883, 20.2433)
    2149 (20.0415, 21.3812) -> 8085 (19.1503, 21.0876)
    2150 (18.6769, 18.8077) -> 9536 (17.4351, 18.5445)
    2151 (6.32109, 23.6389) -> 5351 (5.30385, 22.0016)
    2152 (22.531, 18.8163) -> 6588 (21.1253, 18.5625)
    2153 (20.1795, 14.4166) -> 4687 (19.2674, 14.6049)
    2154 (8.35176, 0.417119) -> 8318 (7.61687, 1.64401)
    2155 (9.12151, 16.4408) -> 5822 (7.33848, 15.9947)
    2156 (8.37101, 21.2113) -> 8163 (7.69451, 20.6152)
    2157 (13.7775, 16.3654) -> 7697 (12.766, 16.4813)
    2158 (13.1282, 9.64246) -> 9390 (11.188, 9.24785)
    2159 (24.6192, 20.0043) -> 5533 (23.3672, 19.7971)
    2160 (22.6225, 22.0661) -> 7502 (21.1636, 21.574)
    2161 (4.20581, 0.113995) -> 7127 (3.85938, 2.02002)
    2162 (7.11097, 23.0824) -> 9521 (6.11332, 21.7371)
    2163 (8.35091, 18.0645) -> 9248 (7.02201, 17.4478)
    2164 (12.7916, 7.82445) -> 9933 (11.4784, 8.58718)
    2165 (17.7945, 13.9377) -> 9207 (16.8817, 14.4068)
    2166 (9.71182, 22.4994) -> 2303 (8.52356, 21.4991)
    2167 (16.4832, 16.0853) -> 988 (15.1544, 16.2323)
    2168 (15.2165, 11.173) -> 3643 (14.1141, 10.5946)
    2169 (17.5296, 1.99432) -> 8338 (16.5027, 2.82127)
    2170 (20.8245, 18.7929) -> 5939 (19.0351, 18.4403)
    2171 (20.0371, 15.8476) -> 8955 (18.8999, 15.9065)
    2172 (1.74892, 20.0187) -> 7960 (1.5753, 18.945)
    2173 (12.7259, 3.79213) -> 4497 (11.4949, 4.89546)
    2174 (21.5799, 15.744) -> 5395 (21.2093, 15.7753)
    2175 (22.0191, 7.99097) -> 7417 (20.4738, 8.22313)
    2176 (3.93824, 6.26463) -> 9766 (3.19311, 8.07935)
    2177 (8.47913, 5.48885) -> 7756 (7.74474, 6.38626)
    2178 (13.6182, 24.7962) -> 1936 (12.2079, 23.6445)
    2179 (21.4415, 9.70532) -> 8896 (19.4444, 9.71555)
    2180 (24.9077, 15.9811) -> 7329 (23.4835, 16.0089)
    2181 (17.8081, 23.8436) -> 7390 (16.3052, 23.052)
    2182 (2.01618, 12.3798) -> 1918 (1.71006, 12.9855)
    2183 (12.7011, 20.4556) -> 4553 (11.9829, 20.1487)
    2184 (13.7775, 1.26494) -> 6746 (13.2809, 1.88161)
    2185 (16.5023, 12.0162) -> 6413 (14.8249, 11.0842)
    2186 (8.39935, 5.42332) -> 5060 (7.79619, 6.23322)
    2187 (18.0739, 6.56928) -> 7974 (17.2612, 6.83452)
    2188 (3.66238, 22.9853) -> 8576 (3.05115, 21.2094)
    2189 (17.591, 18.0255) -> 6457 (16.4562, 17.7753)
    2190 (23.262, 6.81312) -> 9791 (21.6994, 7.12577)
    2191 (19.6631, 6.43759) -> 9855 (19.1181, 6.60232)
    2192 (14.82, 18.4711) -> 9225 (13.093, 18.0388)
    2193 (12.7962, 21.302) -> 6827 (11.1412, 20.4229)
    2194 (13.8836, 19.7653) -> 7236 (12.6002, 19.2914)
    2195 (1.42113, 8.75767) -> 2556 (1.30091, 10.1806)
    2196 (13.7177, 10.3776) -> 9997 (13.1824, 10.13)
    2197 (5.77449, 21.3179) -> 8008 (4.8827, 20.0687)
    2198 (9.16805, 23.2734) -> 9259 (8.64312, 22.7919)
    2199 (4.84919, 13.1231) -> 9525 (3.7867, 13.6165)
    2200 (2.26498, 12.365) -> 9507 (2.10006, 12.5341)
    2201 (23.9856, 15.3249) -> 9384 (22.3848, 15.5299)
    2202 (15.7714, 5.94518) -> 8200 (14.4558, 6.74049)
    2203 (6.84506, 13.2978) -> 7936 (5.94039, 13.0222)
    2204 (6.49234, 14.8508) -> 9246 (5.291, 14.9366)
    2205 (21.1676, 1.47313) -> 8316 (20.0297, 2.30271)
    2206 (0.465878, 1.47614) -> 3996 (0.511113, 3.47496)
    2207 (1.79094, 24.6986) -> 8749 (1.64551, 23.4187)
    2208 (2.30652, 3.18755) -> 6429 (2.12087, 4.57636)
    2209 (2.71546, 7.37098) -> 8136 (2.27755, 9.14894)
    2210 (22.2592, 11.5691) -> 9642 (20.8009, 11.3919)
    2211 (16.4287, 1.12628) -> 4129 (15.296, 1.96829)
    2212 (21.2603, 4.13914) -> 8486 (19.6109, 4.84414)
    2213 (7.27858, 23.2304) -> 9521 (6.11332, 21.7371)
    2214 (23.6742, 1.85969) -> 4310 (22.6175, 2.44479)
    2215 (18.4296, 19.404) -> 9474 (16.7598, 18.9536)
    2216 (2.35907, 23.5193) -> 9318 (2.15123, 22.1206)
    2217 (4.26562, 6.66582) -> 7045 (4.07425, 7.10573)
    2218 (17.5745, 23.5836) -> 5384 (16.0116, 22.7458)
    2219 (3.7084, 14.0174) -> 3528 (2.41012, 14.5107)
    2220 (17.5446, 15.2988) -> 7106 (16.1522, 15.6361)
    2221 (1.94505, 8.2433) -> 7785 (1.87089, 8.99401)
    2222 (9.14581, 24.7049) -> 5955 (8.04164, 23.3632)
    2223 (15.1794, 0.8925) -> 6455 (13.9092, 2.08447)
    2224 (5.02619, 19.4362) -> 8009 (3.86004, 18.0998)
    2225 (7.58981, 20.1438) -> 5972 (6.78815, 19.4524)
    2226 (18.204, 10.1326) -> 5423 (16.8717, 9.94563)
    2227 (13.6079, 2.92461) -> 5834 (12.8514, 3.70504)
    2228 (17.6893, 2.5742) -> 5891 (16.1279, 3.61484)
    2229 (16.4337, 10.0343) -> 7985 (15.2322, 9.84566)
    2230 (16.8664, 13.8294) -> 8176 (15.3252, 14.7504)
    2231 (12.8511, 18.7892) -> 8311 (11.0908, 18.2977)
    2232 (4.21823, 21.2009) -> 4453 (3.41609, 19.5953)
    2233 (20.6579, 9.93655) -> 6672 (20.2256, 9.91841)
    2234 (18.2471, 21.229) -> 8923 (16.5155, 20.6628)
    2235 (10.1916, 18.2664) -> 3442 (8.62885, 17.758)
    2236 (15.5996, 23.0763) -> 6659 (14.132, 22.2008)
    2237 (6.01713, 4.99751) -> 8814 (5.52591, 5.94953)
    2238 (1.91542, 10.7076) -> 9500 (1.828, 11.2447)
    2239 (19.457, 17.4819) -> 9166 (19.2729, 17.4739)
    2240 (15.8803, 15.1392) -> 9753 (14.6881, 15.6923)
    2241 (15.6893, 12.6608) -> 6711 (15.2815, 12.1714)
    2242 (19.5944, 8.1964) -> 6382 (19.2218, 8.22975)
    2243 (19.6155, 10.3336) -> 9587 (19.3717, 10.3946)
    2244 (18.5004, 9.7682) -> 3990 (16.5471, 9.66053)
    2245 (13.4489, 17.4764) -> 1530 (12.7425, 17.3137)
    2246 (17.5933, 3.99377) -> 8581 (16.4694, 4.60315)
    2247 (3.13932, 17.649) -> 3536 (1.87757, 16.2015)
    2248 (0.00972939, 18.0968) -> 6682 (0.558723, 16.6017)
    2249 (4.97906, 13.0656) -> 8935 (4.85755, 12.9074)
    2250 (2.87007, 16.2447) -> 1841 (2.37297, 15.9213)
    2251 (1.97446, 2.394) -> 8644 (1.83233, 3.61702)
    2252 (20.9032, 16.1804) -> 8070 (19.0723, 16.0996)
    2253 (9.43523, 23.9549) -> 7452 (8.54916, 22.994)
    2254 (9.2802, 2.58578) -> 6872 (8.40452, 3.87181)
    2255 (4.25218, 20.4272) -> 3057 (3.37514, 19.0214)
    2256 (7.32891, 6.88274) -> 3396 (6.94872, 7.32292)
    2257 (5.93267, 11.3917) -> 9542 (4.25477, 12.1288)
    2258 (8.60251, 8.18613) -> 9379 (7.13577, 9.29916)
    2259 (17.6347, 19.5641) -> 5038 (15.7551, 18.9766)
    2260 (8.15368, 3.82107) -> 8823 (7.16268, 5.40152)
    2261 (4.07501, 17.7824) -> 1691 (2.86478, 16.64)
    2262 (8.07024, 2.07093) -> 4135 (7.26008, 3.56162)
    2263 (18.5832, 15.9001) -> 7564 (16.6311, 16.0823)
    2264 (2.98009, 17.0933) -> 1600 (1.70968, 15.7166)
    2265 (21.7207, 9.71028) -> 4283 (19.844, 9.70026)
    2266 (15.2928, 19.3902) -> 4337 (14.0807, 19.024)
    2267 (22.125, 24.152) -> 5754 (20.4515, 23.3247)
    2268 (3.18526, 22.12) -> 9119 (2.62791, 20.2387)
    2269 (15.5507, 18.5729) -> 8120 (13.8315, 18.1561)
    2270 (23.4836, 4.18592) -> 4518 (22.8547, 4.44459)
    2271 (15.3784, 9.02198) -> 8101 (13.6037, 9.19213)
    2272 (19.8502, 13.073) -> 6156 (18.5033, 12.5056)
    2273 (10.0329, 21.0711) -> 6350 (8.87275, 20.3294)
    2274 (0.325632, 15.8869) -> 0 (1, 15)
    2275 (7.2727, 3.66286) -> 6888 (6.68217, 4.65894)
    2276 (8.74798, 8.63226) -> 9175 (7.12224, 9.64998)
    2277 (17.8712, 20.6698) -> 6631 (16.6653, 20.2571)
    2278 (6.35019, 15.3771) -> 1764 (4.53136, 15.3602)
    2279 (18.2467, 12.5559) -> 9516 (16.9291, 11.9105)
    2280 (1.28349, 13.2038) -> 0 (1, 15)
    2281 (15.4425, 19.8199) -> 4531 (14.8926, 19.6015)
    2282 (17.0341, 6.34545) -> 3733 (16.9158, 6.4217)
    2283 (12.5726, 2.46253) -> 7466 (11.5843, 3.42658)
    2284 (24.2629, 12.0346) -> 5759 (22.4077, 11.6048)
    2285 (4.72575, 21.0525) -> 7484 (3.82008, 19.4358)
    2286 (0.0331155, 12.3833) -> 7823 (0.324312, 12.9876)
    2287 (18.3716, 12.2365) -> 5319 (17.0965, 11.7283)
    2288 (12.362, 4.22732) -> 8539 (11.4462, 5.00339)
    2289 (1.65384, 9.83036) -> 4905 (1.57854, 11.475)
    2290 (18.9828, 24.5495) -> 9294 (18.9205, 24.5449)
    2291 (7.4869, 8.80338) -> 8672 (7.00014, 9.20182)
    2292 (15.239, 0.859478) -> 7547 (14.2505, 1.90786)
    2293 (8.88757, 8.43205) -> 2788 (7.30527, 9.6409)
    2294 (22.7127, 8.45938) -> 8448 (21.6052, 8.60618)
    2295 (20.743, 5.28222) -> 7195 (19.8153, 5.68227)
    2296 (14.1591, 19.2216) -> 9544 (12.4116, 18.7173)
    2297 (18.0165, 16.5722) -> 7622 (16.4919, 16.5715)
    2298 (0.0276532, 13.4181) -> 0 (1, 15)
    2299 (6.48406, 16.9905) -> 1495 (5.12439, 16.4683)
    2300 (14.9714, 6.87879) -> 9350 (14.1199, 7.32928)
    2301 (8.00113, 18.0732) -> 3417 (6.52156, 17.5283)
    2302 (19.2609, 17.2909) -> 6052 (18.8943, 17.2214)
    2303 (8.52356, 21.4991) -> 6688 (7.08213, 20.2566)
    2304 (0.307385, 2.28754) -> 5299 (0.384129, 3.50653)
    2305 (19.3083, 2.39326) -> 9140 (17.9587, 3.2645)
    2306 (2.27499, 24.5072) -> 5812 (2.2608, 24.3291)
    2307 (22.1705, 1.69387) -> 3239 (20.7289, 2.52342)
    2308 (23.5792, 8.20883) -> 5864 (22.1832, 8.33272)
    2309 (5.73877, 7.7072) -> 4268 (5.068, 8.68074)
    2310 (22.7243, 11.6498) -> 9642 (20.8009, 11.3919)
    2311 (7.1507, 4.99883) -> 9276 (6.51274, 5.98728)
    2312 (24.842, 7.15788) -> 4233 (24.2713, 7.23417)
    2313 (4.38876, 12.5396) -> 5885 (2.56369, 13.2835)
    2314 (4.82054, 8.50326) -> 9994 (4.64463, 8.6742)
    2315 (13.1054, 0.310887) -> 9958 (12.233, 1.28974)
    2316 (17.8432, 9.02606) -> 7491 (16.9037, 9.03447)
    2317 (7.79833, 2.0661) -> 8100 (7.19136, 3.13104)
    2318 (12.9793, 0.236164) -> 6218 (11.8231, 1.69493)
    2319 (7.71692, 5.48793) -> 3936 (6.96876, 6.52373)
    2320 (16.1438, 0.337518) -> 6274 (15.0264, 1.24332)
    2321 (24.3724, 14.9283) -> 9121 (23.244, 15.0617)
    2322 (0.0701628, 0.487835) -> 6369 (0.134805, 1.49355)
    2323 (6.7509, 12.6932) -> 9559 (5.54577, 12.7936)
    2324 (0.879144, 13.4873) -> 0 (1, 15)
    2325 (22.8052, 22.429) -> 7602 (21.3694, 21.964)
    2326 (18.7179, 21.2833) -> 6823 (17.2481, 20.7907)
    2327 (17.9591, 21.5691) -> 9363 (16.3528, 21.0041)
    2328 (21.5623, 16.9283) -> 9247 (19.7274, 16.7469)
    2329 (8.3359, 1.99794) -> 7759 (7.3716, 3.5412)
    2330 (1.91558, 22.1172) -> 7905 (1.86709, 21.8054)
    2331 (13.615, 2.71159) -> 7684 (13.4032, 2.91542)
    2332 (22.9932, 5.71453) -> 9589 (21.2463, 6.24275)
    2333 (7.79874, 17.4684) -> 2299 (6.48406, 16.9905)
    2334 (15.824, 0.0884367) -> 5040 (14.859, 0.878899)
    2335 (15.5002, 23.911) -> 7454 (14.8816, 23.484)
    2336 (18.2781, 5.72181) -> 9878 (18.0484, 5.85851)
    2337 (17.0501, 18.0246) -> 6997 (16.3845, 17.8871)
    2338 (4.59182, 24.5763) -> 7107 (4.17651, 23.412)
    2339 (12.434, 4.25536) -> 8539 (11.4462, 5.00339)
    2340 (14.9761, 18.0297) -> 8817 (13.7877, 17.7588)
    2341 (20.2945, 15.4884) -> 6425 (18.4395, 15.7762)
    2342 (7.86131, 23.2103) -> 6784 (6.69555, 21.8283)
    2343 (5.46191, 15.5654) -> 9123 (4.66181, 15.5201)
    2344 (1.03894, 21.9018) -> 6136 (1.03974, 21.5265)
    2345 (15.1367, 19.8264) -> 2557 (13.704, 19.4043)
    2346 (15.5632, 1.41867) -> 7289 (14.7466, 2.11728)
    2347 (24.5687, 5.77764) -> 6683 (23.3361, 6.13918)
    2348 (17.3437, 12.4247) -> 4389 (15.924, 11.6711)
    2349 (0.405797, 1.81109) -> 8774 (0.42124, 2.69181)
    2350 (6.53271, 1.80949) -> 5938 (5.99679, 3.09892)
    2351 (3.05851, 0.970173) -> 5563 (2.66585, 2.85293)
    2352 (1.11377, 1.38915) -> 501 (1.16824, 2.29956)
    2353 (18.0607, 8.19231) -> 9541 (16.5102, 8.43765)
    2354 (4.7942, 6.95489) -> 5981 (3.932, 8.58341)
    2355 (24.0729, 2.24841) -> 8237 (22.5008, 3.03822)
    2356 (8.88138, 5.94259) -> 4006 (8.66539, 6.18001)
    2357 (6.43265, 2.59934) -> 6532 (6.02018, 3.5725)
    2358 (3.9409, 16.4541) -> 8165 (2.70324, 15.8418)
    2359 (9.04902, 21.202) -> 5975 (7.95258, 20.2705)
    2360 (21.0964, 22.8172) -> 9722 (19.8695, 22.3066)
    2361 (9.39536, 8.8088) -> 8764 (8.79785, 9.33891)
    2362 (8.97932, 9.78342) -> 157 (7.76617, 10.4215)
    2363 (0.526883, 17.6437) -> 1629 (0.807266, 16.1838)
    2364 (19.5614, 19.3371) -> 5025 (17.7471, 18.844)
    2365 (1.89373, 20.5164) -> 7606 (1.63493, 18.7967)
    2366 (18.6778, 22.3486) -> 7845 (18.0357, 22.0582)
    2367 (8.95291, 17.8305) -> 7424 (8.18777, 17.5597)
    2368 (22.2521, 4.94603) -> 6617 (20.7948, 5.50483)
    2369 (1.96927, 9.41674) -> 4978 (1.60002, 11.2532)
    2370 (18.8964, 7.97311) -> 9699 (17.404, 8.24623)
    2371 (8.29476, 23.7097) -> 5955 (8.04164, 23.3632)
    2372 (6.9495, 3.04033) -> 6195 (6.02342, 4.60886)
    2373 (4.61902, 18.0801) -> 9302 (3.12867, 16.8557)
    2374 (1.58737, 7.74092) -> 1364 (1.43529, 9.33364)
    2375 (2.22324, 10.2265) -> 8298 (2.02133, 10.8755)
    2376 (24.4042, 2.38656) -> 314 (22.8904, 3.13997)
    2377 (4.00367, 11.1272) -> 7048 (2.62873, 12.526)
    2378 (17.1453, 9.96849) -> 5423 (16.8717, 9.94563)
    2379 (23.6441, 0.0997782) -> 3762 (22.6813, 0.716971)
    2380 (10.9465, 3.57861) -> 7102 (10.1023, 4.4991)
    2381 (24.7736, 1.28853) -> 9581 (24.0708, 1.75735)
    2382 (15.6229, 19.2619) -> 8876 (13.8748, 18.6855)
    2383 (5.91508, 16.3517) -> 5033 (4.19594, 15.9369)
    2384 (18.7463, 8.61331) -> 7007 (17.069, 8.81361)
    2385 (3.39592, 16.8073) -> 4431 (1.92574, 15.7078)
    2386 (23.2534, 21.7815) -> 7701 (21.8212, 21.3471)
    2387 (13.0983, 16.5468) -> 9920 (11.9591, 16.5529)
    2388 (16.3053, 10.718) -> 5197 (14.4741, 10.3722)
    2389 (4.54587, 2.95802) -> 7916 (4.26986, 3.95308)
    2390 (9.53574, 23.7367) -> 9259 (8.64312, 22.7919)
    2391 (10.7843, 4.88191) -> 6073 (10.0068, 5.60929)
    2392 (24.1917, 7.71468) -> 8478 (22.3509, 8.09976)
    2393 (15.5374, 12.5944) -> 7770 (14.7002, 11.7056)
    2394 (24.2064, 16.6116) -> 5886 (23.9825, 16.6018)
    2395 (8.18631, 15.6807) -> 8471 (6.51536, 15.528)
    2396 (24.3165, 19.8577) -> 1776 (22.4147, 19.5839)
    2397 (10.4865, 19.2368) -> 9616 (9.06572, 18.5797)
    2398 (5.00987, 20.5085) -> 7342 (4.18903, 19.5215)
    2399 (17.9523, 12.7921) -> 7392 (16.6977, 12.0468)
    2400 (22.0321, 9.88051) -> 4382 (20.3127, 9.83452)
    2401 (14.721, 8.31157) -> 6625 (13.3001, 8.5804)
    2402 (24.0269, 14.7299) -> 9108 (22.2851, 14.9701)
    2403 (21.7759, 20.8654) -> 3047 (19.8751, 20.2709)
    2404 (9.27541, 2.12872) -> 7349 (8.98707, 2.58098)
    2405 (6.78764, 13.2962) -> 8935 (4.85755, 12.9074)
    2406 (24.1282, 8.17801) -> 5864 (22.1832, 8.33272)
    2407 (4.62089, 17.6611) -> 9394 (3.19276, 16.6338)
    2408 (14.5349, 3.40422) -> 9002 (13.8113, 3.99224)
    2409 (1.55682, 24.4317) -> 5980 (1.40178, 22.5328)
    2410 (7.9767, 2.25195) -> 9837 (7.17886, 3.75598)
    2411 (13.4141, 3.8465) -> 5036 (12.4692, 4.60152)
    2412 (5.64618, 12.788) -> 9559 (5.54577, 12.7936)
    2413 (14.219, 11.3927) -> 9997 (13.1824, 10.13)
    2414 (4.66166, 12.1969) -> 9659 (3.38393, 12.8208)
    2415 (13.7023, 6.89159) -> 6918 (12.8394, 7.44079)
    2416 (24.6146, 15.7846) -> 9679 (23.9507, 15.8329)
    2417 (7.66536, 10.0031) -> 8244 (6.28015, 10.9833)
    2418 (16.7877, 11.8973) -> 5286 (15.3704, 11.1724)
    2419 (2.396, 3.39457) -> 6812 (2.1051, 5.08391)
    2420 (18.3421, 22.6347) -> 9295 (18.1947, 22.6012)
    2421 (5.78558, 3.39765) -> 4543 (5.2794, 4.70659)
    2422 (20.067, 23.4725) -> 8857 (19.1582, 23.1234)
    2423 (18.6895, 21.8389) -> 6518 (17.0235, 21.1719)
    2424 (11.2556, 4.37169) -> 6073 (10.0068, 5.60929)
    2425 (4.01629, 18.9507) -> 1349 (3.38751, 18.0594)
    2426 (22.33, 9.85113) -> 4196 (21.2246, 9.8285)
    2427 (15.0191, 3.91339) -> 9191 (14.43, 4.35463)
    2428 (17.2575, 8.46246) -> 6471 (15.2771, 8.70373)
    2429 (17.5207, 11.0462) -> 3665 (16.205, 10.763)
    2430 (15.9727, 21.6279) -> 8767 (14.4658, 20.8536)
    2431 (2.04336, 6.79578) -> 7558 (1.70816, 8.58514)
    2432 (16.6725, 21.4593) -> 7117 (16.2139, 21.2629)
    2433 (0.961134, 9.55933) -> 1271 (0.971872, 10.4967)
    2434 (6.72783, 12.734) -> 8935 (4.85755, 12.9074)
    2435 (2.09704, 7.33676) -> 7785 (1.87089, 8.99401)
    2436 (24.6581, 6.2152) -> 1207 (23.4478, 6.42684)
    2437 (19.5723, 10.5177) -> 7381 (17.8734, 10.2691)
    2438 (20.0379, 18.2519) -> 9780 (19.343, 18.1688)
    2439 (18.9221, 20.7906) -> 7169 (17.1555, 20.3079)
    2440 (3.27481, 6.19763) -> 6344 (3.06806, 6.79539)
    2441 (7.40768, 7.05519) -> 8246 (6.42122, 8.18968)
    2442 (15.1815, 15.6056) -> 9753 (14.6881, 15.6923)
    2443 (4.87142, 6.04949) -> 7880 (4.668, 6.48232)
    2444 (17.9847, 15.0242) -> 2508 (16.4619, 15.409)
    2445 (6.94637, 0.227177) -> 9423 (6.69978, 0.910504)
    2446 (6.59269, 12.7487) -> 9559 (5.54577, 12.7936)
    2447 (19.7337, 3.98737) -> 5304 (18.1426, 4.89004)
    2448 (16.3837, 23.2359) -> 6868 (16.1449, 23.132)
    2449 (9.33881, 17.7575) -> 4084 (8.06084, 17.3872)
    2450 (15.0614, 13.748) -> 5376 (14.4482, 14.5338)
    2451 (8.59894, 5.75488) -> 7446 (7.51452, 6.97267)
    2452 (15.252, 3.85098) -> 8799 (14.1576, 4.72323)
    2453 (6.95608, 24.9842) -> 8146 (6.20235, 23.8294)
    2454 (19.754, 8.03763) -> 8705 (18.3739, 8.16582)
    2455 (3.64856, 2.33807) -> 7214 (3.52854, 3.1988)
    2456 (16.2059, 21.378) -> 6781 (14.4431, 20.5559)
    2457 (0.455725, 3.17941) -> 9017 (0.49029, 3.86821)
    2458 (20.881, 0.77627) -> 7596 (19.667, 1.61284)
    2459 (7.25959, 17.1074) -> 5061 (6.50834, 16.8569)
    2460 (21.4556, 17.9319) -> 9073 (19.5303, 17.5815)
    2461 (20.0285, 4.73851) -> 6930 (18.344, 5.65987)
    2462 (21.3837, 0.897845) -> 5684 (19.7735, 2.06996)
    2463 (18.5374, 13.6559) -> 9207 (16.8817, 14.4068)
    2464 (6.63237, 6.38839) -> 6466 (5.56115, 7.99726)
    2465 (9.61955, 9.43907) -> 9472 (8.10019, 10.3261)
    2466 (13.4686, 9.6054) -> 9630 (13.1817, 9.64995)
    2467 (20.52, 20.8618) -> 6447 (19.7339, 20.6501)
    2468 (11.5692, 19.9675) -> 7827 (10.573, 19.4817)
    2469 (5.28941, 15.9059) -> 5985 (3.48264, 15.4729)
    2470 (1.2679, 17.072) -> 9906 (1.04535, 15.5267)
    2471 (4.04766, 13.2087) -> 9979 (2.61451, 14.0595)
    2472 (3.69207, 20.5197) -> 6901 (3.09187, 19.2614)
    2473 (22.5785, 2.29524) -> 9434 (21.3769, 3.04941)
    2474 (5.70981, 9.24273) -> 9913 (4.49416, 10.5464)
    2475 (23.7729, 1.24229) -> 9614 (22.7115, 1.91716)
    2476 (22.7426, 5.54103) -> 8758 (22.3978, 5.67773)
    2477 (2.59779, 11.2583) -> 1918 (1.71006, 12.9855)
    2478 (22.0072, 1.48041) -> 1924 (21.5408, 1.75517)
    2479 (21.4821, 9.47103) -> 9828 (19.7552, 9.5846)
    2480 (15.5863, 11.027) -> 6345 (13.9518, 10.4172)
    2481 (1.66001, 16.7055) -> 0 (1, 15)
    2482 (5.30296, 11.8752) -> 8991 (3.90597, 12.4922)
    2483 (22.4361, 9.66261) -> 9385 (21.2947, 9.38034)
    2484 (3.04937, 3.47853) -> 6147 (2.69019, 5.20257)
    2485 (3.07597, 22.9061) -> 1404 (2.57792, 21.3393)
    2486 (18.3849, 11.3732) -> 1087 (17.1507, 11.0187)
    2487 (16.9099, 22.0971) -> 8930 (15.907, 21.6671)
    2488 (20.5373, 7.3173) -> 5461 (19.3264, 7.55603)
    2489 (9.6639, 16.6512) -> 8347 (8.11038, 16.4507)
    2490 (22.3619, 23.6051) -> 5928 (20.7667, 22.9523)
    2491 (2.90986, 11.8001) -> 4162 (2.38585, 12.4128)
    2492 (24.3149, 20.4724) -> 8628 (23.0956, 20.1623)
    2493 (4.24474, 22.6193) -> 5019 (3.82766, 21.4281)
    2494 (3.21704, 8.01164) -> 9766 (3.19311, 8.07935)
    2495 (14.9905, 3.4052) -> 6942 (14.2674, 3.92431)
    2496 (22.0921, 22.4728) -> 2722 (20.494, 22.0042)
    2497 (8.08198, 19.0308) -> 5 (6.79114, 18.2821)
    2498 (23.3732, 7.71171) -> 7430 (22.1354, 7.89444)
    2499 (21.2062, 22.7564) -> 9553 (19.9064, 22.317)
    2500 (17.2623, 9.93121) -> 7212 (15.4533, 9.76817)
    2501 (15.4368, 12.0935) -> 3020 (15.2899, 11.9765)
    2502 (20.1892, 0.677962) -> 7278 (18.4593, 1.65611)
    2503 (2.39016, 21.1201) -> 3479 (2.25719, 20.5788)
    2504 (0.574801, 0.328234) -> 7325 (0.539648, 1.57507)
    2505 (3.15739, 5.80964) -> 2209 (2.71546, 7.37098)
    2506 (3.11722, 22.1168) -> 9021 (2.72993, 20.6715)
    2507 (10.6619, 17.1139) -> 9035 (9.75618, 16.8906)
    2508 (16.4619, 15.409) -> 8451 (15.3383, 15.6743)
    2509 (1.59983, 22.6453) -> 9137 (1.39389, 21.242)
    2510 (1.7521, 2.57746) -> 9718 (1.64673, 4.17546)
    2511 (21.1326, 9.91875) -> 9032 (19.3693, 9.8313)
    2512 (24.5048, 16.6855) -> 5886 (23.9825, 16.6018)
    2513 (8.49855, 3.78725) -> 7061 (7.66747, 4.92222)
    2514 (23.2415, 16.5291) -> 7576 (21.4041, 16.5422)
    2515 (6.88901, 1.52086) -> 5203 (6.10156, 3.16861)
    2516 (19.2363, 15.0575) -> 4263 (18.6276, 15.2739)
    2517 (4.9383, 22.9337) -> 8863 (4.63907, 22.3752)
    2518 (19.9372, 17.581) -> 5073 (18.1061, 17.4152)
    2519 (22.8644, 4.70544) -> 9807 (21.8978, 5.07015)
    2520 (1.38425, 2.85675) -> 7877 (1.34527, 3.58021)
    2521 (14.5203, 24.5942) -> 4988 (13.7109, 23.9585)
    2522 (15.1448, 15.2062) -> 8599 (13.7745, 15.8099)
    2523 (23.2463, 24.4763) -> 7422 (21.4694, 23.6482)
    2524 (18.1633, 22.0908) -> 9045 (18.0175, 22.0371)
    2525 (10.3896, 3.36283) -> 7945 (9.32638, 4.68062)
    2526 (2.17542, 9.46982) -> 9500 (1.828, 11.2447)
    2527 (3.34835, 5.39454) -> 8178 (3.08967, 6.34331)
    2528 (22.8609, 24.9993) -> 7471 (21.7595, 24.4834)
    2529 (9.05704, 5.39501) -> 4423 (7.87968, 6.70769)
    2530 (15.186, 5.65895) -> 3219 (13.8761, 6.51434)
    2531 (14.8075, 15.3832) -> 9504 (13.8294, 15.766)
    2532 (22.5478, 1.57077) -> 6347 (20.9234, 2.44821)
    2533 (8.15648, 1.0292) -> 7520 (7.61252, 2.11727)
    2534 (0.230772, 23.1731) -> 3436 (0.325238, 22.3203)
    2535 (16.0167, 12.5827) -> 9038 (14.9365, 11.5273)
    2536 (8.08475, 19.8103) -> 9098 (7.61883, 19.5244)
    2537 (22.5276, 7.37774) -> 474 (20.6881, 7.68038)
    2538 (16.5215, 8.39261) -> 6951 (15.5179, 8.5811)
    2539 (7.80606, 0.599351) -> 9615 (7.18162, 1.89571)
    2540 (6.19078, 3.81388) -> 1281 (5.46514, 5.35687)
    2541 (22.4917, 15.2819) -> 6108 (20.6978, 15.5742)
    2542 (21.9118, 22.4707) -> 2722 (20.494, 22.0042)
    2543 (17.9208, 15.0455) -> 2508 (16.4619, 15.409)
    2544 (5.25339, 2.01231) -> 2816 (4.83865, 3.4577)
    2545 (19.5067, 9.03099) -> 2316 (17.8432, 9.02606)
    2546 (18.8389, 2.2554) -> 9424 (18.3398, 2.61027)
    2547 (10.9637, 0.259993) -> 1074 (10.3795, 1.11875)
    2548 (13.9794, 17.608) -> 9841 (12.5866, 17.4042)
    2549 (11.6793, 1.38665) -> 6256 (10.7148, 2.60992)
    2550 (17.3711, 21.8237) -> 8271 (15.9841, 21.2355)
    2551 (5.60236, 2.73313) -> 9738 (5.26751, 3.69962)
    2552 (10.6403, 9.26982) -> 1525 (9.14822, 10.0057)
    2553 (11.5944, 24.1101) -> 8135 (10.7196, 23.3862)
    2554 (1.96612, 5.71511) -> 9109 (1.77124, 7.68391)
    2555 (9.34733, 22.0284) -> 9759 (8.98, 21.7142)
    2556 (1.30091, 10.1806) -> 9623 (1.22722, 11.7727)
    2557 (13.704, 19.4043) -> 7994 (13.0947, 19.2335)
    2558 (20.0606, 23.9535) -> 9192 (18.41, 23.1766)
    2559 (3.91197, 19.7014) -> 9177 (2.84348, 18.0406)
    2560 (18.5453, 4.47975) -> 9511 (17.9849, 4.9996)
    2561 (10.3097, 4.5249) -> 9853 (10.2294, 4.59477)
    2562 (22.5456, 4.36844) -> 8195 (21.0351, 4.91192)
    2563 (24.5999, 22.2151) -> 4630 (23.0063, 21.6159)
    2564 (8.92718, 1.68474) -> 8827 (8.18788, 3.0094)
    2565 (9.96062, 4.16995) -> 9186 (8.87562, 5.38846)
    2566 (20.5912, 12.8007) -> 6892 (19.8655, 12.5274)
    2567 (0.890865, 21.2729) -> 3263 (0.917362, 19.6697)
    2568 (6.20621, 1.59571) -> 9344 (5.58371, 2.91653)
    2569 (0.677661, 22.5735) -> 8153 (0.800881, 20.8423)
    2570 (20.9385, 4.55405) -> 6293 (19.4638, 5.15404)
    2571 (4.81218, 5.29013) -> 7045 (4.07425, 7.10573)
    2572 (17.991, 7.2954) -> 6035 (16.9139, 7.55156)
    2573 (9.04508, 5.54683) -> 8208 (7.83966, 6.86139)
    2574 (3.88696, 14.9696) -> 1844 (2.29421, 14.9974)
    2575 (4.79325, 23.7307) -> 2493 (4.24474, 22.6193)
    2576 (14.733, 1.49834) -> 7547 (14.2505, 1.90786)
    2577 (11.3947, 5.50201) -> 7270 (10.9966, 5.82768)
    2578 (21.8311, 13.9206) -> 7372 (20.4297, 13.2893)
    2579 (13.3712, 0.80882) -> 566 (12.1123, 2.26679)
    2580 (19.25, 11.7891) -> 7566 (18.4162, 11.4835)
    2581 (5.79166, 12.2054) -> 9349 (5.28373, 12.2513)
    2582 (17.9121, 4.09622) -> 5477 (16.8869, 4.71896)
    2583 (8.72174, 2.80245) -> 2628 (8.11571, 3.76346)
    2584 (15.9233, 20.3507) -> 5062 (15.0135, 20.0206)
    2585 (15.6191, 4.18532) -> 8700 (14.2125, 5.39717)
    2586 (5.77779, 20.8925) -> 9728 (4.74942, 19.5719)
    2587 (3.23863, 3.72726) -> 617 (2.93872, 4.99288)
    2588 (20.8213, 15.5054) -> 9634 (19.8917, 15.594)
    2589 (22.0251, 7.7837) -> 3486 (20.7252, 7.94556)
    2590 (9.87427, 21.8399) -> 2765 (9.66888, 21.6815)
    2591 (5.61988, 1.77264) -> 8796 (5.22384, 2.97028)
    2592 (23.6565, 10.7757) -> 4331 (22.2044, 10.7079)
    2593 (12.3598, 19.2703) -> 3027 (10.7536, 18.7257)
    2594 (0.322376, 14.838) -> 0 (1, 15)
    2595 (1.42295, 24.7998) -> 7343 (1.43214, 24.1662)
    2596 (22.593, 9.84486) -> 8594 (20.829, 9.78223)
    2597 (2.91451, 16.0002) -> 555 (2.77875, 15.9046)
    2598 (4.14563, 2.70827) -> 8501 (4.0688, 3.02524)
    2599 (9.56874, 8.8213) -> 8764 (8.79785, 9.33891)
    2600 (14.0654, 7.96826) -> 5188 (12.2888, 8.66361)
    2601 (21.2763, 3.68427) -> 9020 (20.1567, 4.33824)
    2602 (21.6413, 13.2969) -> 4087 (20.4096, 12.8472)
    2603 (5.17389, 17.229) -> 4469 (4.30492, 16.7167)
    2604 (8.49027, 6.28831) -> 6761 (7.23288, 7.70646)
    2605 (23.9691, 13.9182) -> 6488 (22.7835, 13.4689)
    2606 (18.3319, 6.84171) -> 6325 (16.93, 7.20537)
    2607 (16.0206, 12.8062) -> 5971 (14.7149, 11.5507)
    2608 (5.89749, 8.54678) -> 2852 (4.67977, 9.8973)
    2609 (19.732, 20.0791) -> 9790 (17.9364, 19.5471)
    2610 (1.92031, 8.13151) -> 3658 (1.84092, 9.05374)
    2611 (14.9248, 24.3805) -> 9749 (14.5393, 24.1639)
    2612 (11.7807, 17.9706) -> 9930 (10.199, 17.5702)
    2613 (17.5364, 17.918) -> 6457 (16.4562, 17.7753)
    2614 (9.95254, 24.976) -> 8816 (8.70615, 23.8284)
    2615 (14.3757, 19.4197) -> 5958 (13.0093, 18.9725)
    2616 (24.2788, 0.342463) -> 6828 (22.6347, 1.28986)
    2617 (11.7742, 16.96) -> 9306 (10.0658, 16.6538)
    2618 (24.5414, 13.0477) -> 2807 (23.4074, 12.7961)
    2619 (11.7542, 1.45304) -> 8561 (11.6133, 1.6283)
    2620 (16.5962, 11.9931) -> 7209 (15.0859, 11.1731)
    2621 (23.0964, 20.9061) -> 5592 (21.3652, 20.4209)
    2622 (23.3009, 10.8458) -> 9798 (21.8002, 10.7322)
    2623 (12.7486, 23.0584) -> 7569 (11.2724, 22.0896)
    2624 (15.6593, 13.4729) -> 8712 (15.2086, 13.9415)
    2625 (22.0106, 11.9652) -> 8011 (21.1288, 11.7648)
    2626 (19.8865, 5.67189) -> 6670 (18.0526, 6.40068)
    2627 (5.23137, 23.5618) -> 8863 (4.63907, 22.3752)
    2628 (8.11571, 3.76346) -> 9332 (7.15444, 5.16223)
    2629 (13.4758, 17.3974) -> 5509 (13.1171, 17.3244)
    2630 (17.7193, 11.4646) -> 7065 (17.0002, 11.2645)
    2631 (22.7829, 14.6536) -> 5021 (20.8625, 15.0747)
    2632 (23.1719, 17.5009) -> 1626 (21.9912, 17.3587)
    2633 (14.8766, 1.80183) -> 4674 (13.6798, 2.89673)
    2634 (4.13019, 14.9567) -> 1844 (2.29421, 14.9974)
    2635 (11.0324, 21.6791) -> 4949 (9.57561, 20.6812)
    2636 (15.4714, 11.0719) -> 6345 (13.9518, 10.4172)
    2637 (24.131, 7.77722) -> 8478 (22.3509, 8.09976)
    2638 (15.4701, 6.46425) -> 9350 (14.1199, 7.32928)
    2639 (10.4555, 9.03653) -> 2362 (8.97932, 9.78342)
    2640 (15.5486, 12.53) -> 7770 (14.7002, 11.7056)
    2641 (1.94936, 24.9088) -> 5103 (1.78268, 23.3484)
    2642 (13.2858, 3.39827) -> 8853 (12.5828, 4.14392)
    2643 (22.5685, 18.1172) -> 9827 (21.5061, 18.0497)
    2644 (21.7493, 1.79387) -> 9059 (20.4526, 2.55446)
    2645 (0.618346, 11.7343) -> 2324 (0.879144, 13.4873)
    2646 (6.12307, 10.7954) -> 7810 (4.57608, 11.9769)
    2647 (16.0786, 4.80468) -> 4040 (14.5266, 5.86103)
    2648 (9.92622, 2.29142) -> 3211 (9.49693, 2.82199)
    2649 (14.8765, 10.9396) -> 9997 (13.1824, 10.13)
    2650 (16.1229, 7.37009) -> 7981 (14.6682, 7.86257)
    2651 (20.297, 0.100019) -> 1454 (19.3933, 0.783892)
    2652 (13.7616, 15.4063) -> 7680 (12.8581, 16.1057)
    2653 (2.88681, 22.7157) -> 1404 (2.57792, 21.3393)
    2654 (4.23981, 21.1572) -> 4453 (3.41609, 19.5953)
    2655 (19.0276, 24.9029) -> 1595 (17.268, 23.9549)
    2656 (10.4226, 1.93347) -> 8730 (9.59908, 3.05577)
    2657 (24.8497, 16.8948) -> 7725 (23.2703, 16.8589)
    2658 (1.11093, 5.33468) -> 5688 (1.10927, 6.79924)
    2659 (23.5843, 4.92391) -> 7426 (22.2751, 5.41854)
    2660 (0.373183, 8.81972) -> 6395 (0.409381, 9.45573)
    2661 (8.95407, 0.464729) -> 2262 (8.07024, 2.07093)
    2662 (5.23524, 5.31363) -> 8966 (4.68122, 6.4801)
    2663 (18.9203, 16.3388) -> 374 (17.302, 16.5086)
    2664 (0.484983, 18.1605) -> 4176 (0.744693, 16.5567)
    2665 (5.40405, 9.24636) -> 9983 (4.31222, 10.6735)
    2666 (1.62462, 18.8677) -> 8514 (1.41406, 17.4039)
    2667 (11.7698, 0.20629) -> 8833 (11.1142, 1.01901)
    2668 (21.1275, 23.7354) -> 8637 (19.3085, 23.0619)
    2669 (3.47645, 12.4131) -> 7715 (2.51073, 13.0177)
    2670 (10.4974, 7.46804) -> 7421 (10.3904, 7.526)
    2671 (24.881, 12.2024) -> 2284 (24.2629, 12.0346)
    2672 (0.270542, 3.14229) -> 9288 (0.305076, 3.97222)
    2673 (17.335, 4.18907) -> 5883 (16.0823, 5.03072)
    2674 (8.84645, 18.3883) -> 7463 (8.52492, 18.2719)
    2675 (3.93493, 19.0921) -> 2977 (3.47871, 18.24)
    2676 (9.87181, 4.20274) -> 9186 (8.87562, 5.38846)
    2677 (18.7389, 23.0347) -> 6387 (17.4343, 22.4179)
    2678 (16.7981, 8.47826) -> 6471 (15.2771, 8.70373)
    2679 (7.11292, 17.9052) -> 9690 (6.51007, 17.626)
    2680 (20.9256, 13.4986) -> 5942 (19.0819, 12.7508)
    2681 (9.72987, 3.59429) -> 9550 (9.26414, 4.12174)
    2682 (6.93101, 8.76201) -> 7416 (5.88354, 9.70613)
    2683 (11.4066, 23.7988) -> 5257 (10.572, 23.1164)
    2684 (23.74, 3.45848) -> 3301 (23.3828, 3.605)
    2685 (13.0738, 7.58799) -> 9933 (11.4784, 8.58718)
    2686 (6.40294, 13.3458) -> 7362 (4.83089, 13.7729)
    2687 (7.75098, 6.03645) -> 2901 (6.73447, 7.34317)
    2688 (1.27905, 18.0842) -> 2133 (1.07799, 16.4523)
    2689 (8.67552, 3.97611) -> 7425 (8.07873, 4.77114)
    2690 (9.41207, 8.27239) -> 8575 (8.43822, 9.04785)
    2691 (10.2383, 21.7699) -> 5222 (9.75789, 21.46)
    2692 (22.1374, 8.219) -> 1433 (20.7017, 8.39808)
    2693 (15.4906, 4.92121) -> 7929 (14.5333, 5.50509)
    2694 (23.6408, 7.99976) -> 9713 (21.726, 8.19448)
    2695 (12.0382, 3.71019) -> 9716 (10.6362, 5.07186)
    2696 (21.4747, 24.5711) -> 2558 (20.0606, 23.9535)
    2697 (3.06044, 15.9941) -> 8165 (2.70324, 15.8418)
    2698 (20.0975, 3.12803) -> 9936 (18.5438, 3.9393)
    2699 (23.7493, 16.9849) -> 9181 (21.9869, 16.8577)
    2700 (0.154499, 0.221856) -> 8802 (0.1786, 0.636452)
    2701 (20.9899, 10.1242) -> 7457 (19.989, 10.073)
    2702 (22.6594, 16.9539) -> 9181 (21.9869, 16.8577)
    2703 (14.6884, 14.6743) -> 7962 (13.2778, 15.7884)
    2704 (20.5597, 23.1115) -> 6498 (18.9341, 22.3368)
    2705 (16.9085, 12.9757) -> 7244 (16.0895, 12.3704)
    2706 (5.88051, 24.2614) -> 3850 (5.15926, 22.8483)
    2707 (7.70135, 15.4136) -> 5919 (6.4385, 15.2654)
    2708 (5.81862, 8.7398) -> 3867 (5.15621, 9.48252)
    2709 (22.7385, 4.58893) -> 7377 (21.6134, 5.08155)
    2710 (11.9402, 4.59577) -> 8886 (10.7924, 5.66906)
    2711 (0.226441, 9.80832) -> 8285 (0.405992, 11.2784)
    2712 (7.96496, 15.9364) -> 3029 (6.64674, 15.7321)
    2713 (5.13673, 22.4997) -> 8673 (4.37672, 21.1046)
    2714 (0.317057, 19.5995) -> 9730 (0.599023, 17.8974)
    2715 (9.65248, 20.4006) -> 9233 (8.49438, 19.6826)
    2716 (8.20581, 15.4748) -> 9271 (6.77906, 15.4251)
    2717 (16.2722, 10.3298) -> 9885 (15.0303, 9.98916)
    2718 (14.397, 22.085) -> 4090 (12.8703, 21.2892)
    2719 (17.9706, 1.31594) -> 3497 (17.4192, 1.70576)
    2720 (11.0519, 21.5182) -> 8638 (9.43139, 20.3611)
    2721 (20.3536, 11.049) -> 9721 (18.735, 10.5422)
    2722 (20.494, 22.0042) -> 7173 (18.8422, 21.4014)
    2723 (1.36749, 22.9146) -> 5213 (1.33337, 21.5185)
    2724 (14.3767, 20.519) -> 5607 (13.1358, 19.9502)
    2725 (3.26779, 3.99511) -> 9398 (3.02097, 5.47099)
    2726 (8.9271, 19.1946) -> 4612 (7.2201, 18.2368)
    2727 (12.8101, 6.07939) -> 7624 (11.5146, 7.04596)
    2728 (14.5322, 9.49494) -> 9630 (13.1817, 9.64995)
    2729 (14.1618, 5.23831) -> 9569 (13.0238, 5.9751)
    2730 (22.5928, 5.21128) -> 5950 (21.9056, 5.45391)
    2731 (10.3315, 7.80831) -> 2918 (8.8845, 8.81487)
    2732 (17.9732, 14.3968) -> 9838 (16.2244, 14.9962)
    2733 (22.8558, 4.21392) -> 8195 (21.0351, 4.91192)
    2734 (9.45203, 8.08069) -> 9114 (8.35679, 9.01483)
    2735 (3.28616, 24.2329) -> 2653 (2.88681, 22.7157)
    2736 (9.77569, 6.76787) -> 7032 (8.94744, 7.5608)
    2737 (3.28059, 3.20044) -> 617 (2.93872, 4.99288)
    2738 (19.2507, 18.4591) -> 4021 (18.0886, 18.1787)
    2739 (0.353138, 14.5915) -> 0 (1, 15)
    2740 (5.84466, 5.26705) -> 8760 (4.97769, 6.96995)
    2741 (15.0042, 18.0961) -> 5679 (13.7129, 17.7639)
    2742 (7.28054, 17.3334) -> 9567 (6.5349, 17.0198)
    2743 (24.1234, 8.13446) -> 5864 (22.1832, 8.33272)
    2744 (5.85333, 5.27948) -> 8814 (5.52591, 5.94953)
    2745 (5.87678, 9.63415) -> 9149 (4.64678, 10.7309)
    2746 (20.4456, 13.8845) -> 8142 (19.3746, 14.2747)
    2747 (1.29321, 12.6758) -> 9757 (1.12539, 14.1769)
    2748 (21.4299, 2.6521) -> 8868 (20.3589, 3.21888)
    2749 (13.0968, 24.3727) -> 8250 (11.7848, 23.3475)
    2750 (14.5014, 10.7504) -> 9997 (13.1824, 10.13)
    2751 (22.8609, 24.2051) -> 7422 (21.4694, 23.6482)
    2752 (23.8627, 5.14042) -> 9361 (22.0296, 5.71001)
    2753 (14.9974, 1.47406) -> 4674 (13.6798, 2.89673)
    2754 (8.54144, 16.0521) -> 3029 (6.64674, 15.7321)
    2755 (22.198, 22.3106) -> 8530 (20.9386, 21.8644)
    2756 (16.111, 13.7532) -> 7590 (14.641, 14.9399)
    2757 (0.139757, 13.1732) -> 630 (0.950251, 14.8964)
    2758 (19.7248, 15.4297) -> 8036 (18.0634, 15.6981)
    2759 (13.618, 0.941933) -> 6334 (13.0593, 1.57369)
    2760 (5.20355, 5.40039) -> 8966 (4.68122, 6.4801)
    2761 (24.8959, 8.84484) -> 9636 (24.0204, 8.8462)
    2762 (3.67958, 14.0579) -> 3528 (2.41012, 14.5107)
    2763 (5.36859, 5.48145) -> 302 (4.63141, 7.09775)
    2764 (21.7686, 10.7893) -> 7621 (21.5215, 10.7678)
    2765 (9.66888, 21.6815) -> 5641 (8.0572, 20.5609)
    2766 (17.4979, 13.2729) -> 7527 (16.2456, 12.3445)
    2767 (12.7121, 5.50838) -> 6944 (11.6963, 6.34996)
    2768 (18.7504, 20.4387) -> 9406 (17.7091, 20.1008)
    2769 (3.11906, 21.8605) -> 9119 (2.62791, 20.2387)
    2770 (1.91572, 5.67684) -> 423 (1.81628, 6.86554)
    2771 (24.2717, 11.0993) -> 8212 (23.0447, 10.9207)
    2772 (15.347, 17.2513) -> 8321 (13.3897, 16.9712)
    2773 (8.64053, 5.04611) -> 5060 (7.79619, 6.23322)
    2774 (13.4077, 17.3765) -> 5509 (13.1171, 17.3244)
    2775 (19.2699, 5.87241) -> 6670 (18.0526, 6.40068)
    2776 (8.59773, 15.6453) -> 7456 (7.20601, 15.5404)
    2777 (22.9902, 8.99334) -> 9995 (21.3788, 9.07512)
    2778 (17.2093, 2.42907) -> 7009 (15.8153, 3.52401)
    2779 (3.23979, 16.6022) -> 4681 (1.63842, 15.4714)
    2780 (6.75451, 1.03196) -> 7092 (6.31538, 2.00689)
    2781 (3.46265, 18.5672) -> 7860 (2.51635, 17.1106)
    2782 (8.96497, 4.05932) -> 6143 (7.83568, 5.68112)
    2783 (11.4542, 7.81009) -> 7639 (11.2756, 7.92766)
    2784 (9.17555, 20.4209) -> 5037 (8.96605, 20.2512)
    2785 (13.9112, 8.1717) -> 5188 (12.2888, 8.66361)
    2786 (17.9635, 15.0167) -> 2508 (16.4619, 15.409)
    2787 (18.9971, 0.518589) -> 3497 (17.4192, 1.70576)
    2788 (7.30527, 9.6409) -> 9309 (5.89239, 10.7248)
    2789 (18.8909, 11.8793) -> 7065 (17.0002, 11.2645)
    2790 (21.5112, 20.0703) -> 3707 (20.3318, 19.8218)
    2791 (22.0321, 14.5259) -> 9397 (21.5862, 14.6277)
    2792 (22.5923, 13.5666) -> 7041 (21.5623, 13.2435)
    2793 (20.3515, 24.5903) -> 9044 (19.1445, 24.0065)
    2794 (2.38623, 2.73806) -> 6429 (2.12087, 4.57636)
    2795 (17.3268, 3.48415) -> 8873 (16.8377, 3.81738)
    2796 (1.00555, 2.13624) -> 9110 (1.0366, 2.84373)
    2797 (9.86237, 3.13029) -> 7645 (9.1806, 4.0103)
    2798 (17.8559, 20.9141) -> 6704 (16.7091, 20.4588)
    2799 (0.947095, 13.8069) -> 0 (1, 15)
    2800 (23.0368, 19.7486) -> 6240 (21.7042, 19.4681)
    2801 (17.1428, 10.422) -> 3571 (15.473, 10.2053)
    2802 (6.29851, 3.93818) -> 4269 (6.12377, 4.27452)
    2803 (2.46104, 8.97903) -> 6545 (2.12814, 10.0877)
    2804 (23.0412, 12.3851) -> 8060 (22.5466, 12.2221)
    2805 (17.7843, 15.2122) -> 7106 (16.1522, 15.6361)
    2806 (12.1819, 17.8824) -> 8614 (11.1885, 17.5627)
    2807 (23.4074, 12.7961) -> 6928 (21.5196, 12.3032)
    2808 (14.9716, 15.8211) -> 7914 (13.1288, 16.2104)
    2809 (10.8067, 6.9024) -> 9125 (9.68467, 7.81873)
    2810 (5.94968, 24.6971) -> 1267 (5.73771, 24.2491)
    2811 (2.36487, 20.85) -> 9886 (2.04827, 19.6871)
    2812 (23.1036, 7.37483) -> 7255 (22.2405, 7.53568)
    2813 (15.6258, 7.61901) -> 4603 (13.9495, 8.11327)
    2814 (18.3953, 0.118084) -> 9573 (18.1302, 0.351015)
    2815 (20.3652, 12.6591) -> 7057 (18.5897, 12.0115)
    2816 (4.83865, 3.4577) -> 4851 (4.25142, 5.23116)
    2817 (5.03886, 3.41175) -> 8643 (4.27509, 5.19952)
    2818 (16.658, 3.85318) -> 8798 (15.7883, 4.31929)
    2819 (14.3234, 3.46856) -> 8078 (13.184, 4.38779)
    2820 (6.319, 5.71812) -> 7971 (5.25968, 7.24395)
    2821 (24.8354, 21.431) -> 2621 (23.0964, 20.9061)
    2822 (8.83139, 4.43433) -> 7964 (8.1372, 5.3092)
    2823 (5.01569, 24.4255) -> 7968 (4.85286, 23.8596)
    2824 (17.0545, 16.7502) -> 7528 (15.3527, 16.6707)
    2825 (9.50488, 22.6011) -> 7496 (8.4617, 21.6751)
    2826 (8.75929, 24.8863) -> 8655 (8.53165, 24.613)
    2827 (18.4097, 12.0119) -> 4529 (17.1742, 11.5499)
    2828 (1.37823, 17.5158) -> 7751 (1.24194, 16.2216)
    2829 (0.0283968, 18.354) -> 6682 (0.558723, 16.6017)
    2830 (8.68725, 5.49855) -> 7286 (7.79472, 6.48329)
    2831 (16.1649, 20.5241) -> 4858 (15.3506, 20.2181)
    2832 (19.7304, 11.0324) -> 9721 (18.735, 10.5422)
    2833 (12.6559, 9.49941) -> 9390 (11.188, 9.24785)
    2834 (7.99024, 7.5539) -> 4606 (6.62736, 8.89285)
    2835 (7.47045, 7.50701) -> 3885 (6.2559, 8.80439)
    2836 (18.3509, 6.7277) -> 6325 (16.93, 7.20537)
    2837 (5.78032, 12.827) -> 9559 (5.54577, 12.7936)
    2838 (5.29208, 1.79226) -> 5554 (4.90072, 2.81328)
    2839 (2.69133, 8.60414) -> 2375 (2.22324, 10.2265)
    2840 (4.4513, 14.8068) -> 5809 (2.89199, 14.824)
    2841 (8.58506, 1.86585) -> 4639 (8.05828, 2.7195)
    2842 (6.11668, 6.04461) -> 3432 (5.64582, 6.81038)
    2843 (3.63422, 4.40461) -> 9882 (3.52103, 4.84442)
    2844 (21.5806, 21.4568) -> 2043 (20.7445, 21.1603)
    2845 (0.927164, 0.550258) -> 7310 (0.988763, 2.01498)
    2846 (12.7865, 0.277042) -> 8561 (11.6133, 1.6283)
    2847 (1.76805, 14.5681) -> 0 (1, 15)
    2848 (12.8933, 16.588) -> 9920 (11.9591, 16.5529)
    2849 (14.9412, 15.756) -> 7914 (13.1288, 16.2104)
    2850 (17.558, 18.9678) -> 773 (16.1115, 18.5452)
    2851 (7.96932, 16.6378) -> 5659 (7.03221, 16.3993)
    2852 (4.67977, 9.8973) -> 3061 (3.52693, 11.292)
    2853 (9.50943, 7.7121) -> 9211 (8.82336, 8.25613)
    2854 (24.4175, 18.0154) -> 6180 (22.7534, 17.945)
    2855 (20.5097, 6.37818) -> 5430 (19.071, 6.88123)
    2856 (8.44164, 16.2415) -> 8340 (6.50538, 15.925)
    2857 (14.0132, 9.39363) -> 6242 (12.3194, 9.43603)
    2858 (16.287, 18.7927) -> 2192 (14.82, 18.4711)
    2859 (1.67223, 10.9359) -> 4978 (1.60002, 11.2532)
    2860 (12.9971, 6.33131) -> 7820 (11.429, 7.42313)
    2861 (12.3005, 4.30308) -> 8539 (11.4462, 5.00339)
    2862 (14.5987, 9.31737) -> 9917 (13.67, 9.19434)
    2863 (22.715, 14.0045) -> 9822 (21.7545, 13.5506)
    2864 (13.6586, 5.30332) -> 7386 (12.6654, 5.88517)
    2865 (20.2495, 1.32705) -> 8789 (19.8812, 1.59979)
    2866 (0.108779, 9.96962) -> 8285 (0.405992, 11.2784)
    2867 (10.9135, 18.7829) -> 7800 (10.1576, 18.5067)
    2868 (24.5213, 16.5644) -> 8215 (23.4692, 16.4735)
    2869 (6.71528, 20.056) -> 386 (5.52143, 19.0289)
    2870 (6.51298, 5.46173) -> 9126 (6.12204, 6.15997)
    2871 (2.43818, 19.3813) -> 93 (1.96421, 17.9853)
    2872 (11.0199, 24.684) -> 1990 (10.1485, 23.8535)
    2873 (20.519, 5.65493) -> 5996 (18.8272, 6.24166)
    2874 (7.55412, 5.187) -> 5189 (7.02916, 5.89813)
    2875 (5.64533, 15.6593) -> 9123 (4.66181, 15.5201)
    2876 (24.016, 16.6481) -> 7764 (22.1312, 16.6917)
    2877 (18.7763, 19.962) -> 6116 (17.3454, 19.5373)
    2878 (17.5103, 14.2797) -> 8228 (16.8961, 14.666)
    2879 (1.51144, 4.27096) -> 9290 (1.40397, 6.05653)
    2880 (5.31518, 5.91195) -> 7635 (4.63512, 7.18739)
    2881 (11.0746, 19.0862) -> 3999 (10.0019, 18.6684)
    2882 (0.203883, 18.1116) -> 6682 (0.558723, 16.6017)
    2883 (1.31948, 1.05607) -> 7070 (1.37348, 2.84715)
    2884 (21.7633, 16.0307) -> 9572 (21.6253, 16.0401)
    2885 (24.2075, 3.872) -> 4518 (22.8547, 4.44459)
    2886 (21.1318, 21.1937) -> 8914 (19.25, 20.5457)
    2887 (18.4136, 20.474) -> 6405 (16.5528, 19.8928)
    2888 (4.77728, 15.105) -> 998 (3.84666, 15.0704)
    2889 (17.1916, 22.4624) -> 7767 (16.6778, 22.2254)
    2890 (12.9602, 2.32037) -> 8105 (11.7583, 3.56753)
    2891 (7.4605, 17.0537) -> 9340 (6.27995, 16.6375)
    2892 (3.8327, 7.46369) -> 8059 (3.27645, 8.67855)
    2893 (23.0531, 8.44512) -> 8448 (21.6052, 8.60618)
    2894 (2.47883, 10.9871) -> 6832 (2.08606, 11.8345)
    2895 (12.839, 17.6102) -> 6803 (11.7382, 17.3701)
    2896 (9.43033, 2.06496) -> 5619 (8.63863, 3.21595)
    2897 (12.0206, 23.5959) -> 5516 (11.1919, 22.8859)
    2898 (13.6132, 24.0611) -> 5959 (12.6604, 23.3238)
    2899 (6.2715, 19.7461) -> 6017 (4.87637, 18.4627)
    2900 (12.7044, 1.06336) -> 6695 (12.1146, 1.84822)
    2901 (6.73447, 7.34317) -> 9201 (5.78288, 8.58411)
    2902 (19.1737, 5.05835) -> 8934 (17.8904, 5.61018)
    2903 (6.1607, 3.64447) -> 9624 (5.58812, 4.82788)
    2904 (9.18865, 22.7174) -> 3909 (7.91073, 21.6001)
    2905 (19.1114, 22.2431) -> 2000 (18.3924, 21.975)
    2906 (1.81767, 15.0026) -> 0 (1, 15)
    2907 (5.3605, 22.5628) -> 9238 (4.67458, 21.3525)
    2908 (6.86917, 17.3071) -> 6388 (5.68288, 16.8572)
    2909 (13.139, 6.85399) -> 8175 (11.5518, 7.93472)
    2910 (13.6183, 24.627) -> 6747 (12.8749, 24.0119)
    2911 (11.3891, 1.99734) -> 8061 (10.4963, 3.06037)
    2912 (19.6356, 0.269701) -> 9566 (19.1292, 0.658533)
    2913 (19.6835, 12.7401) -> 5208 (18.3209, 12.2501)
    2914 (21.8696, 22.141) -> 7602 (21.3694, 21.964)
    2915 (15.8978, 18.923) -> 9593 (14.4287, 18.5485)
    2916 (10.4183, 6.75086) -> 6568 (9.70531, 7.28334)
    2917 (17.9675, 7.25481) -> 6035 (16.9139, 7.55156)
    2918 (8.8845, 8.81487) -> 9475 (7.67808, 9.64864)
    2919 (5.63692, 1.32347) -> 9214 (4.98521, 3.14904)
    2920 (14.5771, 1.42245) -> 8855 (13.1029, 2.72621)
    2921 (11.1351, 1.28237) -> 4922 (10.214, 2.64661)
    2922 (3.12288, 21.9399) -> 9119 (2.62791, 20.2387)
    2923 (19.1001, 2.4231) -> 9140 (17.9587, 3.2645)
    2924 (2.94606, 9.81693) -> 3113 (2.32052, 11.1722)
    2925 (4.15072, 16.8826) -> 9143 (3.35595, 16.481)
    2926 (6.29467, 22.2761) -> 7987 (5.57855, 21.3695)
    2927 (23.4012, 8.50732) -> 8932 (21.6255, 8.60688)
    2928 (24.9051, 7.74442) -> 6074 (23.3097, 8.00255)
    2929 (12.1247, 3.94367) -> 7642 (11.797, 4.26472)
    2930 (17.622, 9.90413) -> 9986 (16.0788, 9.77631)
    2931 (0.598135, 22.7443) -> 8264 (0.703365, 20.8816)
    2932 (16.5119, 24.031) -> 9468 (16.1924, 23.8488)
    2933 (21.824, 15.0568) -> 6022 (21.7833, 15.0647)
    2934 (10.9028, 24.9141) -> 5083 (10.0842, 24.0943)
    2935 (11.6335, 1.56177) -> 6256 (10.7148, 2.60992)
    2936 (6.83032, 15.5304) -> 2 (4.922, 15.3872)
    2937 (13.7294, 0.854263) -> 6334 (13.0593, 1.57369)
    2938 (20.9985, 6.48113) -> 4505 (19.3381, 6.89374)
    2939 (20.6716, 16.313) -> 5043 (19.7611, 16.3152)
    2940 (1.24657, 10.9643) -> 9623 (1.22722, 11.7727)
    2941 (15.3462, 22.8296) -> 2077 (13.8717, 22.042)
    2942 (7.95305, 23.4322) -> 1709 (7.14396, 22.4405)
    2943 (13.6706, 15.7606) -> 9004 (12.8896, 16.187)
    2944 (5.49208, 15.4871) -> 1764 (4.53136, 15.3602)
    2945 (13.6143, 3.67793) -> 5036 (12.4692, 4.60152)
    2946 (21.9871, 8.57665) -> 8932 (21.6255, 8.60688)
    2947 (19.6005, 12.6849) -> 6986 (18.0636, 12.0245)
    2948 (24.8946, 5.09014) -> 7833 (23.339, 5.54329)
    2949 (8.13186, 24.7902) -> 4762 (7.12435, 23.3144)
    2950 (5.30345, 10.1801) -> 6981 (4.01981, 11.3252)
    2951 (3.94891, 17.2585) -> 6548 (3.08638, 16.6182)
    2952 (12.7461, 17.8829) -> 8614 (11.1885, 17.5627)
    2953 (12.0469, 23.9442) -> 7211 (11.5186, 23.541)
    2954 (12.1007, 4.43225) -> 8886 (10.7924, 5.66906)
    2955 (5.12615, 6.89107) -> 6275 (4.99867, 7.12956)
    2956 (1.45929, 22.8119) -> 9137 (1.39389, 21.242)
    2957 (15.9924, 10.2709) -> 9885 (15.0303, 9.98916)
    2958 (8.06642, 2.57487) -> 9942 (7.33282, 3.89982)
    2959 (20.2194, 22.6645) -> 2000 (18.3924, 21.975)
    2960 (4.23519, 24.4992) -> 2188 (3.66238, 22.9853)
    2961 (15.3558, 20.3902) -> 2194 (13.8836, 19.7653)
    2962 (8.3428, 16.1348) -> 8025 (7.33212, 15.9333)
    2963 (3.5125, 12.3923) -> 7715 (2.51073, 13.0177)
    2964 (19.7287, 22.9672) -> 4591 (18.1367, 22.1967)
    2965 (19.9616, 0.803629) -> 3207 (18.4869, 1.8693)
    2966 (4.24238, 11.3581) -> 4540 (3.03972, 12.43)
    2967 (19.0064, 18.6922) -> 7201 (17.3258, 18.3906)
    2968 (13.8418, 0.974187) -> 8773 (12.6783, 2.1472)
    2969 (18.4654, 17.489) -> 7205 (17.4138, 17.3602)
    2970 (10.2163, 18.5802) -> 750 (8.57068, 17.91)
    2971 (0.673531, 7.33147) -> 9131 (0.735722, 8.62625)
    2972 (20.8854, 6.32895) -> 4785 (19.425, 6.77991)
    2973 (11.3675, 22.2543) -> 6841 (9.94522, 21.3283)
    2974 (13.2161, 16.7107) -> 6142 (12.644, 16.6255)
    2975 (17.3567, 24.6787) -> 7431 (15.823, 23.7529)
    2976 (0.230522, 20.6855) -> 7644 (0.312953, 19.9609)
    2977 (3.47871, 18.24) -> 7860 (2.51635, 17.1106)
    2978 (9.04045, 20.0936) -> 7243 (8.57536, 19.8138)
    2979 (17.9371, 19.3801) -> 5662 (16.8295, 19.1084)
    2980 (16.3052, 4.39926) -> 6200 (15.0548, 5.29522)
    2981 (16.6541, 11.6188) -> 4234 (14.9766, 10.8945)
    2982 (1.73914, 3.88766) -> 6502 (1.54535, 5.30606)
    2983 (20.8315, 3.02951) -> 1426 (19.508, 3.87167)
    2984 (19.5892, 15.2355) -> 9281 (18.9177, 15.3878)
    2985 (13.3359, 0.97996) -> 7786 (12.2206, 2.20468)
    2986 (6.45933, 4.95532) -> 2011 (5.96082, 5.90796)
    2987 (5.95092, 18.6161) -> 2407 (4.62089, 17.6611)
    2988 (2.02439, 23.9627) -> 4952 (1.9072, 22.7984)
    2989 (8.83088, 23.1347) -> 9371 (7.63263, 21.833)
    2990 (13.64, 7.88548) -> 6622 (12.3505, 8.50881)
    2991 (9.01393, 22.4822) -> 485 (7.9108, 21.5145)
    2992 (0.350298, 3.71258) -> 4583 (0.50495, 5.45663)
    2993 (13.9928, 22.079) -> 7333 (12.3458, 21.1622)
    2994 (14.6424, 24.145) -> 4012 (13.8103, 23.6532)
    2995 (16.3951, 13.1933) -> 5172 (15.9238, 12.7248)
    2996 (12.1432, 4.47629) -> 8886 (10.7924, 5.66906)
    2997 (6.07735, 16.0277) -> 7830 (4.76265, 15.7277)
    2998 (5.42396, 14.5809) -> 9808 (4.8442, 14.6092)
    2999 (13.7958, 17.6658) -> 9841 (12.5866, 17.4042)
    3000 (23.9239, 20.5523) -> 5542 (22.1855, 20.1328)
    3001 (13.3997, 16.3293) -> 7697 (12.766, 16.4813)
    3002 (9.61896, 19.505) -> 5049 (8.57789, 18.9415)
    3003 (5.19774, 7.71365) -> 9994 (4.64463, 8.6742)
    3004 (16.7672, 2.58097) -> 8338 (16.5027, 2.82127)
    3005 (15.3629, 14.9535) -> 9504 (13.8294, 15.766)
    3006 (15.3728, 10.7804) -> 3075 (14.2391, 10.4273)
    3007 (21.7018, 19.5701) -> 9431 (20.7994, 19.3779)
    3008 (15.0656, 22.3289) -> 9595 (14.4549, 21.9672)
    3009 (7.26815, 2.35656) -> 5305 (6.53093, 3.68558)
    3010 (0.184897, 14.8845) -> 0 (1, 15)
    3011 (0.746255, 10.6544) -> 6206 (0.858352, 12.5264)
    3012 (18.007, 17.5106) -> 9584 (16.9225, 17.3677)
    3013 (21.3567, 6.88043) -> 3980 (19.8811, 7.22629)
    3014 (15.1533, 10.854) -> 6345 (13.9518, 10.4172)
    3015 (5.98534, 14.6685) -> 7024 (5.22977, 14.6924)
    3016 (18.5805, 22.9594) -> 6387 (17.4343, 22.4179)
    3017 (8.41247, 2.87393) -> 9334 (8.23194, 3.19969)
    3018 (17.4795, 2.06266) -> 8338 (16.5027, 2.82127)
    3019 (8.00369, 0.716534) -> 3126 (7.21281, 2.24396)
    3020 (15.2899, 11.9765) -> 4297 (13.9807, 10.6979)
    3021 (24.7756, 15.3699) -> 5676 (23.321, 15.4675)
    3022 (16.0531, 22.1625) -> 5254 (14.3705, 21.3094)
    3023 (1.04537, 0.593496) -> 5892 (1.05154, 1.43548)
    3024 (10.7169, 5.00786) -> 3575 (9.26077, 6.33273)
    3025 (23.4729, 18.1261) -> 4960 (22.276, 17.8786)
    3026 (1.3379, 23.1649) -> 5213 (1.33337, 21.5185)
    3027 (10.7536, 18.7257) -> 7800 (10.1576, 18.5067)
    3028 (14.4662, 4.26392) -> 9513 (14.1795, 4.54285)
    3029 (6.64674, 15.7321) -> 9123 (4.66181, 15.5201)
    3030 (8.08575, 18.7036) -> 4612 (7.2201, 18.2368)
    3031 (11.7436, 8.59036) -> 6315 (10.2282, 9.4719)
    3032 (15.0932, 8.28334) -> 5082 (13.6166, 8.621)
    3033 (9.55715, 23.0239) -> 3117 (8.77332, 22.2798)
    3034 (11.8151, 3.7676) -> 8409 (11.2993, 4.3594)
    3035 (0.681641, 15.1051) -> 0 (1, 15)
    3036 (8.71315, 17.315) -> 5968 (6.8864, 16.7945)
    3037 (6.54161, 22.4001) -> 4502 (6.42503, 22.2237)
    3038 (18.4797, 23.0401) -> 7767 (16.6778, 22.2254)
    3039 (17.7085, 6.57045) -> 1941 (16.602, 6.98242)
    3040 (18.3943, 9.59675) -> 6824 (16.9852, 9.53023)
    3041 (5.53895, 21.9054) -> 9006 (4.61664, 20.5255)
    3042 (1.25094, 14.0888) -> 0 (1, 15)
    3043 (19.8043, 20.8772) -> 7281 (18.1373, 20.4239)
    3044 (4.95934, 22.473) -> 9040 (4.39567, 21.4696)
    3045 (1.65272, 9.47699) -> 3495 (1.41835, 11.2948)
    3046 (23.2389, 23.0067) -> 7004 (21.9062, 22.528)
    3047 (19.8751, 20.2709) -> 7597 (18.369, 19.8576)
    3048 (24.2804, 6.40375) -> 111 (22.3261, 6.75522)
    3049 (20.4788, 4.69293) -> 6293 (19.4638, 5.15404)
    3050 (17.5069, 11.0356) -> 3665 (16.205, 10.763)
    3051 (17.2051, 19.0904) -> 9462 (15.9274, 18.7323)
    3052 (8.74576, 18.6305) -> 4381 (7.80272, 18.221)
    3053 (17.3316, 5.36897) -> 7818 (15.6795, 6.33867)
    3054 (13.1896, 3.70222) -> 9926 (12.8472, 4.14671)
    3055 (10.2568, 17.9173) -> 5784 (10.1322, 17.8547)
    3056 (18.1757, 6.40024) -> 8692 (16.3726, 7.10858)
    3057 (3.37514, 19.0214) -> 1636 (2.57484, 17.749)
    3058 (2.06933, 14.1775) -> 0 (1, 15)
    3059 (8.76299, 8.20521) -> 9135 (7.74046, 9.06501)
    3060 (20.0667, 24.9156) -> 7042 (18.3605, 23.9735)
    3061 (3.52693, 11.292) -> 5914 (2.24572, 12.8209)
    3062 (12.1176, 22.3786) -> 6816 (11.0478, 21.6764)
    3063 (7.34088, 3.76922) -> 8055 (7.21126, 4.02481)
    3064 (14.8046, 22.0472) -> 3810 (13.4274, 21.378)
    3065 (8.95042, 24.3741) -> 5955 (8.04164, 23.3632)
    3066 (6.59847, 20.8506) -> 9706 (6.08814, 20.3369)
    3067 (7.68171, 3.26306) -> 9942 (7.33282, 3.89982)
    3068 (24.8491, 4.6859) -> 9503 (22.982, 5.3396)
    3069 (5.85084, 17.2126) -> 1437 (4.82214, 16.8365)
    3070 (21.9054, 18.1484) -> 7058 (20.9, 18.0556)
    3071 (0.761351, 13.1082) -> 0 (1, 15)
    3072 (5.86015, 19.9948) -> 9799 (4.58069, 18.5724)
    3073 (7.88196, 15.2957) -> 4152 (6.25478, 15.2326)
    3074 (4.51927, 14.3332) -> 1189 (2.62531, 14.6791)
    3075 (14.2391, 10.4273) -> 9997 (13.1824, 10.13)
    3076 (17.5392, 24.2121) -> 5288 (16.2043, 23.4138)
    3077 (1.60295, 2.25222) -> 4587 (1.58709, 3.59019)
    3078 (1.01843, 23.3977) -> 6136 (1.03974, 21.5265)
    3079 (23.0553, 21.3378) -> 9847 (21.7566, 20.9572)
    3080 (7.84926, 15.4737) -> 9271 (6.77906, 15.4251)
    3081 (6.88557, 0.883157) -> 383 (6.29638, 2.35534)
    3082 (21.1721, 12.6439) -> 8279 (20.2974, 12.3538)
    3083 (9.27309, 0.394217) -> 8350 (8.48585, 1.62486)
    3084 (2.29188, 20.8674) -> 9886 (2.04827, 19.6871)
    3085 (19.9886, 14.0364) -> 8142 (19.3746, 14.2747)
    3086 (9.54823, 8.20623) -> 8575 (8.43822, 9.04785)
    3087 (23.085, 14.4774) -> 4904 (21.9827, 14.6821)
    3088 (24.2613, 11.0923) -> 8212 (23.0447, 10.9207)
    3089 (11.7801, 1.51196) -> 5721 (11.4111, 1.92171)
    3090 (6.85406, 6.44843) -> 7358 (6.29714, 7.23888)
    3091 (18.9321, 7.40715) -> 355 (18.6223, 7.49865)
    3092 (18.1509, 1.47367) -> 9809 (16.8745, 2.61474)
    3093 (11.0176, 6.24267) -> 6568 (9.70531, 7.28334)
    3094 (6.73122, 23.4939) -> 4624 (6.27003, 22.7122)
    3095 (4.71795, 13.7555) -> 2762 (3.67958, 14.0579)
    3096 (23.2716, 15.8942) -> 9572 (21.6253, 16.0401)
    3097 (21.3107, 10.5166) -> 9638 (21.0159, 10.4766)
    3098 (10.8119, 17.6914) -> 9930 (10.199, 17.5702)
    3099 (23.8944, 5.22582) -> 8758 (22.3978, 5.67773)
    3100 (21.8955, 0.966343) -> 7876 (21.0317, 1.55849)
    3101 (11.1748, 8.03491) -> 1156 (10.198, 8.69943)
    3102 (0.0627937, 12.965) -> 5017 (0.45985, 13.983)
    3103 (5.85515, 18.41) -> 9162 (4.91009, 17.6765)
    3104 (23.7993, 22.8072) -> 1019 (22.3456, 22.3191)
    3105 (19.2327, 3.16843) -> 5874 (18.0098, 3.90328)
    3106 (17.812, 13.8386) -> 9524 (17.1015, 14.1758)
    3107 (1.41821, 21.4554) -> 9137 (1.39389, 21.242)
    3108 (4.5784, 21.4933) -> 8673 (4.37672, 21.1046)
    3109 (7.09763, 10.0958) -> 8244 (6.28015, 10.9833)
    3110 (18.7462, 17.604) -> 9584 (16.9225, 17.3677)
    3111 (6.25498, 15.1135) -> 6330 (5.00926, 15.0978)
    3112 (13.2886, 16.8904) -> 5678 (13.0165, 16.8539)
    3113 (2.32052, 11.1722) -> 9324 (2.06046, 11.6223)
    3114 (19.1569, 9.82221) -> 6490 (18.3667, 9.82715)
    3115 (22.0689, 0.0563576) -> 8660 (20.6108, 1.11482)
    3116 (23.9679, 5.61182) -> 5537 (22.1457, 6.09857)
    3117 (8.77332, 22.2798) -> 485 (7.9108, 21.5145)
    3118 (24.5978, 4.55732) -> 8924 (22.8443, 5.09083)
    3119 (8.80898, 19.1896) -> 9682 (7.53708, 18.4841)
    3120 (7.13872, 18.1859) -> 1637 (5.93034, 17.5423)
    3121 (1.47971, 12.438) -> 9757 (1.12539, 14.1769)
    3122 (2.88964, 17.8837) -> 4120 (1.8886, 16.3793)
    3123 (10.4325, 23.0126) -> 9759 (8.98, 21.7142)
    3124 (14.4905, 6.73419) -> 5808 (12.7522, 7.66481)
    3125 (6.85704, 1.68403) -> 5203 (6.10156, 3.16861)
    3126 (7.21281, 2.24396) -> 9849 (6.50478, 3.59958)
    3127 (1.67215, 4.95615) -> 8017 (1.49827, 6.68113)
    3128 (14.7055, 19.5107) -> 5958 (13.0093, 18.9725)
    3129 (5.41944, 10.3734) -> 2966 (4.24238, 11.3581)
    3130 (2.7612, 24.7402) -> 7027 (2.467, 22.8737)
    3131 (23.026, 5.76135) -> 9589 (21.2463, 6.24275)
    3132 (20.5781, 13.1557) -> 8565 (19.3967, 12.6786)
    3133 (15.7152, 5.8134) -> 4572 (14.4239, 6.59918)
    3134 (18.2051, 10.72) -> 9851 (17.1512, 10.588)
    3135 (17.617, 18.6488) -> 468 (16.5835, 18.4076)
    3136 (16.7679, 16.4263) -> 9839 (15.7591, 16.45)
    3137 (7.38878, 23.5159) -> 4502 (6.42503, 22.2237)
    3138 (3.75464, 13.1341) -> 8422 (2.63869, 13.9248)
    3139 (1.27759, 17.9857) -> 2133 (1.07799, 16.4523)
    3140 (10.1303, 5.27732) -> 8640 (9.38378, 6.1053)
    3141 (18.2702, 17.4033) -> 7205 (17.4138, 17.3602)
    3142 (21.8038, 3.11096) -> 8887 (20.7622, 3.61259)
    3143 (13.0533, 24.9601) -> 7076 (12.5846, 24.6208)
    3144 (14.9008, 0.956372) -> 7653 (13.5631, 2.05819)
    3145 (23.0194, 0.552678) -> 5165 (21.6247, 1.59243)
    3146 (13.4546, 17.544) -> 9841 (12.5866, 17.4042)
    3147 (21.5102, 1.34287) -> 8316 (20.0297, 2.30271)
    3148 (21.6219, 20.7214) -> 7113 (20.9719, 20.5899)
    3149 (1.03814, 17.2604) -> 3667 (1.01786, 16.6171)
    3150 (10.7155, 21.6683) -> 6700 (10.3917, 21.4181)
    3151 (2.14245, 21.4494) -> 7605 (1.98764, 20.5361)
    3152 (1.3362, 4.39737) -> 7728 (1.24385, 6.35522)
    3153 (1.48183, 9.37024) -> 9 (1.3659, 11.0274)
    3154 (7.73761, 11.4525) -> 6626 (6.80661, 11.898)
    3155 (24.8767, 7.49802) -> 225 (23.2019, 7.67882)
    3156 (23.1149, 5.22427) -> 3595 (21.4287, 5.76896)
    3157 (5.9172, 0.380019) -> 2919 (5.63692, 1.32347)
    3158 (6.30941, 15.4577) -> 2 (4.922, 15.3872)
    3159 (6.5394, 18.2967) -> 7311 (5.25523, 17.5611)
    3160 (6.28042, 16.2911) -> 9195 (6.1518, 16.2611)
    3161 (24.2455, 13.4353) -> 7755 (23.3156, 13.1537)
    3162 (8.21242, 9.71521) -> 9844 (7.80261, 10.0675)
    3163 (15.3702, 11.1925) -> 4733 (13.9314, 10.4629)
    3164 (14.6574, 24.8358) -> 2898 (13.6132, 24.0611)
    3165 (23.2914, 2.4802) -> 7854 (22.6346, 2.84886)
    3166 (5.75259, 2.92324) -> 7277 (5.33795, 3.90382)
    3167 (4.16844, 23.0768) -> 7565 (3.45439, 21.3411)
    3168 (17.5949, 6.4313) -> 9693 (16.6264, 6.78428)
    3169 (12.8187, 5.39281) -> 4321 (12.1122, 5.85356)
    3170 (3.51634, 10.6395) -> 9755 (2.78377, 11.7859)
    3171 (21.0204, 18.3039) -> 7878 (19.0936, 17.9748)
    3172 (17.0745, 23.4737) -> 6438 (15.8086, 22.8113)
    3173 (7.8147, 2.26047) -> 8825 (7.39116, 2.92699)
    3174 (13.7506, 7.56486) -> 9399 (12.1894, 8.32117)
    3175 (24.7785, 9.16886) -> 9990 (24.2224, 9.10502)
    3176 (6.16767, 9.99942) -> 6443 (5.00668, 10.9785)
    3177 (22.5848, 13.835) -> 7941 (20.9826, 13.2053)
    3178 (4.38841, 1.11486) -> 8019 (4.09864, 2.72498)
    3179 (19.5445, 3.21111) -> 7750 (18.4824, 3.80664)
    3180 (18.872, 22.8095) -> 9295 (18.1947, 22.6012)
    3181 (9.77043, 19.9324) -> 5426 (8.18021, 19.0514)
    3182 (20.4339, 7.05283) -> 355 (18.6223, 7.49865)
    3183 (13.4064, 15.9825) -> 9004 (12.8896, 16.187)
    3184 (17.5991, 14.4258) -> 8228 (16.8961, 14.666)
    3185 (7.75703, 8.70647) -> 9387 (7.09133, 9.22487)
    3186 (19.4772, 1.7871) -> 9424 (18.3398, 2.61027)
    3187 (22.1695, 11.21) -> 8616 (21.7055, 11.176)
    3188 (12.6048, 5.54046) -> 6944 (11.6963, 6.34996)
    3189 (9.25413, 1.73037) -> 4130 (8.60107, 2.78085)
    3190 (2.56725, 6.31639) -> 8756 (2.51037, 6.54771)
    3191 (10.6563, 21.9983) -> 4145 (9.30237, 20.9442)
    3192 (8.94806, 2.44516) -> 2628 (8.11571, 3.76346)
    3193 (17.2666, 1.2565) -> 9751 (16.4161, 1.86599)
    3194 (21.5575, 21.3555) -> 9970 (20.3903, 20.8952)
    3195 (15.6086, 8.85667) -> 1292 (14.1302, 9.02903)
    3196 (24.1247, 1.7644) -> 9670 (22.6829, 2.71582)
    3197 (20.6653, 19.4346) -> 9132 (20.2778, 19.3497)
    3198 (23.9961, 13.8936) -> 8097 (22.5961, 13.3978)
    3199 (0.923008, 5.80223) -> 9956 (0.957696, 6.64653)
    3200 (22.9291, 9.99242) -> 2511 (21.1326, 9.91875)
    3201 (5.44541, 18.0016) -> 7871 (4.0612, 17.0366)
    3202 (15.2847, 1.13341) -> 1866 (14.1862, 2.29508)
    3203 (23.8373, 1.40376) -> 9538 (22.7211, 2.17261)
    3204 (3.00009, 0.530365) -> 8194 (2.87235, 1.70504)
    3205 (20.2977, 23.9316) -> 9144 (18.5449, 23.1749)
    3206 (3.92853, 9.06407) -> 8703 (3.15325, 10.4183)
    3207 (18.4869, 1.8693) -> 9604 (17.0204, 2.7994)
    3208 (15.5134, 13.1712) -> 9170 (14.913, 14.0036)
    3209 (24.5968, 15.4869) -> 9891 (22.9991, 15.6511)
    3210 (22.092, 6.5559) -> 8349 (20.1924, 7.02425)
    3211 (9.49693, 2.82199) -> 2689 (8.67552, 3.97611)
    3212 (5.1499, 13.7007) -> 2762 (3.67958, 14.0579)
    3213 (12.4828, 17.487) -> 8608 (10.6367, 17.0092)
    3214 (0.512308, 7.12188) -> 7137 (0.623537, 9.08592)
    3215 (12.95, 18.6292) -> 8443 (11.7921, 18.3719)
    3216 (18.8334, 0.172963) -> 9161 (17.9653, 0.870858)
    3217 (12.2857, 22.7501) -> 9217 (10.69, 21.6186)
    3218 (20.5017, 6.05572) -> 8587 (18.8228, 6.64767)
    3219 (13.8761, 6.51434) -> 1347 (12.2308, 7.57276)
    3220 (17.4829, 4.07426) -> 4210 (16.6458, 4.64333)
    3221 (0.452479, 24.4926) -> 2931 (0.598135, 22.7443)
    3222 (12.5842, 17.074) -> 7218 (10.7324, 16.7006)
    3223 (5.16632, 19.2058) -> 9799 (4.58069, 18.5724)
    3224 (3.63782, 9.02123) -> 893 (2.83229, 10.6734)
    3225 (7.1857, 22.9334) -> 8450 (6.30455, 21.7722)
    3226 (5.75736, 12.9506) -> 8935 (4.85755, 12.9074)
    3227 (24.1743, 15.9461) -> 7909 (23.7151, 15.9761)
    3228 (7.07407, 1.27965) -> 8378 (6.8193, 1.91712)
    3229 (15.7758, 15.512) -> 9753 (14.6881, 15.6923)
    3230 (7.40923, 22.9062) -> 9717 (6.36565, 21.5854)
    3231 (13.5328, 20.395) -> 3817 (11.8149, 19.6205)
    3232 (7.64434, 7.63778) -> 8211 (6.46093, 8.85756)
    3233 (1.67357, 7.89391) -> 6009 (1.545, 8.75969)
    3234 (4.78371, 15.4143) -> 1888 (2.94905, 15.1581)
    3235 (20.4404, 7.49604) -> 8595 (19.357, 7.70756)
    3236 (9.05596, 18.673) -> 9646 (8.14104, 18.2728)
    3237 (23.4306, 22.5257) -> 4425 (21.5476, 21.9383)
    3238 (21.8604, 7.35545) -> 4047 (20.7799, 7.5592)
    3239 (20.7289, 2.52342) -> 3179 (19.5445, 3.21111)
    3240 (1.20534, 19.1982) -> 3932 (1.12729, 17.327)
    3241 (14.6063, 19.219) -> 8904 (13.0166, 18.7509)
    3242 (11.4714, 8.70217) -> 3708 (9.82035, 9.49488)
    3243 (13.7997, 24.8355) -> 1936 (12.2079, 23.6445)
    3244 (21.4964, 9.65888) -> 9828 (19.7552, 9.5846)
    3245 (8.03633, 2.54132) -> 9837 (7.17886, 3.75598)
    3246 (21.0449, 11.0214) -> 8401 (19.7517, 10.8064)
    3247 (5.22282, 16.3879) -> 5674 (3.53045, 15.8999)
    3248 (15.1388, 14.9399) -> 9504 (13.8294, 15.766)
    3249 (11.2506, 22.4377) -> 4415 (11.0499, 22.2767)
    3250 (2.77031, 19.5911) -> 6101 (2.61442, 19.2168)
    3251 (0.652117, 12.9377) -> 6473 (0.904092, 14.1454)
    3252 (18.3628, 19.7608) -> 4116 (16.6179, 19.2931)
    3253 (9.17178, 1.31115) -> 8827 (8.18788, 3.0094)
    3254 (16.3553, 5.48669) -> 9212 (15.5461, 5.96859)
    3255 (18.9317, 12.2876) -> 3645 (17.5475, 11.7647)
    3256 (9.21325, 2.29722) -> 5619 (8.63863, 3.21595)
    3257 (12.6714, 21.5954) -> 201 (12.4243, 21.4725)
    3258 (22.4718, 21.2175) -> 6055 (21.3419, 20.9081)
    3259 (20.4721, 2.89611) -> 9637 (18.8122, 3.97945)
    3260 (20.3425, 11.5072) -> 8436 (18.5144, 11.1578)
    3261 (19.0402, 8.94116) -> 6048 (17.9564, 9.01649)
    3262 (20.3139, 14.047) -> 8142 (19.3746, 14.2747)
    3263 (0.917362, 19.6697) -> 9726 (0.928142, 18.8124)
    3264 (6.62563, 15.8315) -> 9123 (4.66181, 15.5201)
    3265 (23.2336, 20.6067) -> 3777 (21.9389, 20.2576)
    3266 (4.71018, 21.8975) -> 9612 (3.88193, 20.4858)
    3267 (5.66203, 4.89245) -> 4110 (5.04346, 6.23303)
    3268 (1.82673, 8.13077) -> 5243 (1.63943, 9.66715)
    3269 (5.51192, 6.3434) -> 3906 (4.68619, 7.72681)
    3270 (3.48782, 18.0007) -> 625 (2.56723, 16.9401)
    3271 (3.03343, 24.8348) -> 5787 (2.84778, 23.2962)
    3272 (23.3938, 0.616388) -> 2478 (22.0072, 1.48041)
    3273 (0.678325, 18.1013) -> 1952 (0.81943, 16.6792)
    3274 (0.727336, 12.2101) -> 2324 (0.879144, 13.4873)
    3275 (19.5665, 22.4117) -> 2000 (18.3924, 21.975)
    3276 (15.8193, 21.136) -> 6781 (14.4431, 20.5559)
    3277 (0.907164, 19.2504) -> 9726 (0.928142, 18.8124)
    3278 (2.96297, 10.2017) -> 4863 (2.66106, 10.9847)
    3279 (5.34172, 15.4237) -> 4829 (3.87705, 15.2538)
    3280 (23.346, 24.5291) -> 4892 (21.5764, 23.693)
    3281 (14.0685, 5.00992) -> 7386 (12.6654, 5.88517)
    3282 (17.86, 20.7411) -> 7705 (16.8791, 20.3609)
    3283 (3.60751, 19.6754) -> 1059 (2.6524, 17.9785)
    3284 (15.1922, 9.07135) -> 9917 (13.67, 9.19434)
    3285 (6.37542, 5.77813) -> 9126 (6.12204, 6.15997)
    3286 (8.41424, 6.16719) -> 8208 (7.83966, 6.86139)
    3287 (3.04019, 11.5136) -> 9755 (2.78377, 11.7859)
    3288 (8.01913, 17.9725) -> 9248 (7.02201, 17.4478)
    3289 (2.32869, 3.92708) -> 6812 (2.1051, 5.08391)
    3290 (10.4492, 2.39932) -> 9657 (9.85228, 3.16437)
    3291 (17.9891, 6.8427) -> 6325 (16.93, 7.20537)
    3292 (10.9595, 19.367) -> 7777 (10.2552, 19.0444)
    3293 (5.18708, 14.0488) -> 6366 (3.7184, 14.4315)
    3294 (24.1014, 4.54247) -> 4330 (23.4227, 4.73036)
    3295 (11.1218, 23.4236) -> 9136 (9.64172, 22.1615)
    3296 (15.1875, 21.4062) -> 7172 (13.6594, 20.7803)
    3297 (9.09912, 18.1289) -> 8742 (7.6336, 17.5649)
    3298 (16.0245, 5.92317) -> 9402 (15.3096, 6.62651)
    3299 (2.6679, 24.4112) -> 9895 (2.45575, 22.9728)
    3300 (22.7715, 22.8012) -> 2542 (21.9118, 22.4707)
    3301 (23.3828, 3.605) -> 6931 (21.7381, 4.41756)
    3302 (2.25898, 21.1601) -> 7795 (1.99657, 20.0809)
    3303 (18.2233, 4.93974) -> 7856 (18.0158, 5.09262)
    3304 (8.26432, 4.9246) -> 9341 (7.39689, 6.0711)
    3305 (9.76099, 19.3555) -> 4507 (8.19027, 18.6555)
    3306 (16.2594, 20.4275) -> 9078 (15.0282, 19.9826)
    3307 (24.6966, 14.5031) -> 9557 (24.2025, 14.2855)
    3308 (5.14955, 24.8099) -> 4981 (4.43035, 23.4474)
    3309 (7.91685, 7.3529) -> 8224 (7.46349, 7.86934)
    3310 (18.8021, 7.29002) -> 7660 (17.3162, 7.61701)
    3311 (1.64464, 17.5158) -> 8268 (1.3003, 16.0706)
    3312 (14.2629, 24.8009) -> 7477 (13.9306, 24.5298)
    3313 (0.534166, 21.2952) -> 5790 (0.756246, 19.758)
    3314 (10.316, 8.46091) -> 8764 (8.79785, 9.33891)
    3315 (7.52225, 6.70317) -> 4671 (7.39663, 6.84859)
    3316 (16.9663, 3.3623) -> 7128 (16.4137, 3.74318)
    3317 (11.088, 4.86401) -> 4887 (9.96108, 5.98609)
    3318 (9.21439, 23.2389) -> 2079 (8.21364, 22.2247)
    3319 (15.1463, 9.39264) -> 9917 (13.67, 9.19434)
    3320 (2.684, 14.1719) -> 0 (1, 15)
    3321 (8.07902, 6.99774) -> 6761 (7.23288, 7.70646)
    3322 (19.8591, 14.0059) -> 9703 (18.1418, 14.662)
    3323 (10.3257, 2.51462) -> 7645 (9.1806, 4.0103)
    3324 (19.1342, 8.05595) -> 8705 (18.3739, 8.16582)
    3325 (19.3788, 5.27711) -> 9878 (18.0484, 5.85851)
    3326 (5.85351, 22.1403) -> 9770 (5.41289, 21.442)
    3327 (9.87874, 24.8371) -> 9377 (8.65056, 23.4256)
    3328 (7.58972, 22.4686) -> 9491 (7.3077, 22.019)
    3329 (19.6393, 7.41701) -> 7072 (17.9102, 7.69116)
    3330 (12.1605, 20.7935) -> 8413 (11.3279, 20.3734)
    3331 (0.639499, 23.2475) -> 2569 (0.677661, 22.5735)
    3332 (11.3718, 21.5222) -> 4184 (10.2166, 20.8625)
    3333 (19.343, 7.99508) -> 8705 (18.3739, 8.16582)
    3334 (6.30703, 24.0231) -> 6202 (5.61254, 22.8472)
    3335 (21.6706, 11.4425) -> 9691 (20.1629, 11.2065)
    3336 (24.3493, 2.12629) -> 7182 (23.5617, 2.57518)
    3337 (8.3342, 19.984) -> 9098 (7.61883, 19.5244)
    3338 (7.26493, 15.0976) -> 4385 (5.77877, 15.0723)
    3339 (0.392713, 21.2123) -> 5550 (0.419495, 20.7796)
    3340 (20.2892, 10.3994) -> 9587 (19.3717, 10.3946)
    3341 (11.3854, 1.91023) -> 8014 (11.1648, 2.19133)
    3342 (23.2754, 7.81659) -> 1618 (21.3152, 7.97521)
    3343 (3.03731, 12.678) -> 7715 (2.51073, 13.0177)
    3344 (15.9497, 22.0237) -> 4772 (15.3925, 21.7533)
    3345 (18.1363, 8.54625) -> 7748 (16.8036, 8.68647)
    3346 (21.0935, 2.07371) -> 8698 (19.6556, 2.89464)
    3347 (10.3945, 8.58505) -> 8138 (8.87232, 9.45964)
    3348 (14.1314, 6.72746) -> 6484 (13.8377, 6.91419)
    3349 (24.5921, 1.44023) -> 9581 (24.0708, 1.75735)
    3350 (24.3505, 15.5126) -> 9891 (22.9991, 15.6511)
    3351 (23.2046, 5.22475) -> 9540 (22.1331, 5.5959)
    3352 (6.80711, 17.7829) -> 9690 (6.51007, 17.626)
    3353 (15.0715, 12.8816) -> 8639 (14.0727, 11.287)
    3354 (10.9578, 21.0019) -> 7016 (9.60896, 20.2042)
    3355 (19.9025, 23.0909) -> 4591 (18.1367, 22.1967)
    3356 (0.160125, 3.84924) -> 7906 (0.285958, 4.77976)
    3357 (24.4316, 8.61702) -> 9467 (22.5998, 8.73429)
    3358 (22.1739, 9.22869) -> 9554 (21.0381, 9.2867)
    3359 (10.3564, 5.65454) -> 7775 (9.25112, 6.68272)
    3360 (15.6358, 24.1544) -> 5651 (14.4049, 23.3789)
    3361 (14.3681, 21.2369) -> 7694 (12.8304, 20.5557)
    3362 (23.7665, 3.31927) -> 1499 (22.6558, 3.94118)
    3363 (11.1784, 3.11873) -> 766 (10.3275, 4.07571)
    3364 (19.6107, 17.1073) -> 9280 (18.1367, 17.0258)
    3365 (23.1992, 12.6957) -> 6928 (21.5196, 12.3032)
    3366 (1.68335, 24.2547) -> 8313 (1.56913, 23.0513)
    3367 (0.92146, 24.8455) -> 8532 (1.00225, 22.9604)
    3368 (8.43983, 18.4241) -> 9646 (8.14104, 18.2728)
    3369 (6.53038, 12.1629) -> 6111 (4.66153, 12.6496)
    3370 (21.9601, 24.6258) -> 5687 (20.2794, 23.8382)
    3371 (15.3769, 19.4995) -> 7965 (14.7411, 19.3018)
    3372 (17.5708, 6.98184) -> 8531 (15.85, 7.60354)
    3373 (10.9588, 22.293) -> 5222 (9.75789, 21.46)
    3374 (19.0902, 16.5936) -> 2297 (18.0165, 16.5722)
    3375 (11.9829, 24.2639) -> 5257 (10.572, 23.1164)
    3376 (22.079, 3.61104) -> 6478 (21.2159, 4.1084)
    3377 (2.5574, 18.3144) -> 1765 (1.87246, 16.6273)
    3378 (15.6445, 21.9279) -> 5254 (14.3705, 21.3094)
    3379 (1.85742, 10.8737) -> 9500 (1.828, 11.2447)
    3380 (13.6064, 3.21574) -> 8853 (12.5828, 4.14392)
    3381 (21.2873, 19.8022) -> 8728 (20.0693, 19.4358)
    3382 (7.31227, 6.55305) -> 7005 (6.73735, 7.29414)
    3383 (16.5793, 13.5012) -> 1914 (15.8084, 14.2896)
    3384 (10.5607, 0.80806) -> 3888 (9.51249, 2.42589)
    3385 (13.5455, 8.92242) -> 382 (11.7561, 9.17854)
    3386 (24.5543, 21.2999) -> 2621 (23.0964, 20.9061)
    3387 (4.08792, 1.75401) -> 7716 (3.78527, 2.86999)
    3388 (0.937452, 9.99314) -> 1271 (0.971872, 10.4967)
    3389 (4.32585, 24.5526) -> 9065 (4.04936, 23.8222)
    3390 (16.1084, 6.95364) -> 8369 (14.5018, 7.63715)
    3391 (17.6904, 2.51951) -> 9676 (16.5422, 3.20218)
    3392 (9.21224, 0.21547) -> 116 (8.89262, 0.744545)
    3393 (15.2486, 15.3877) -> 8599 (13.7745, 15.8099)
    3394 (14.2235, 3.84307) -> 9205 (13.0251, 4.76266)
    3395 (19.9486, 3.36993) -> 9637 (18.8122, 3.97945)
    3396 (6.94872, 7.32292) -> 6763 (5.92151, 8.58661)
    3397 (6.95396, 17.2559) -> 1802 (5.29621, 16.6821)
    3398 (2.50283, 7.95623) -> 8136 (2.27755, 9.14894)
    3399 (24.7437, 10.3899) -> 5464 (23.938, 10.2495)
    3400 (4.56864, 19.2593) -> 7118 (4.00212, 18.6253)
    3401 (6.01463, 6.84223) -> 7145 (5.02998, 8.50356)
    3402 (7.2924, 22.8334) -> 8003 (6.88658, 22.2791)
    3403 (17.721, 3.82034) -> 8581 (16.4694, 4.60315)
    3404 (10.9167, 4.95113) -> 8275 (10.0917, 5.71871)
    3405 (13.5739, 5.61667) -> 9569 (13.0238, 5.9751)
    3406 (23.3991, 23.6555) -> 8968 (21.7488, 23.0093)
    3407 (17.4331, 22.3542) -> 8930 (15.907, 21.6671)
    3408 (18.3995, 1.01213) -> 3497 (17.4192, 1.70576)
    3409 (0.220715, 23.9616) -> 3436 (0.325238, 22.3203)
    3410 (15.3767, 2.91835) -> 8729 (14.4476, 3.70013)
    3411 (15.8002, 0.586136) -> 6274 (15.0264, 1.24332)
    3412 (1.54483, 16.4856) -> 0 (1, 15)
    3413 (21.3627, 15.1422) -> 7638 (19.626, 15.4058)
    3414 (6.10893, 4.11683) -> 1281 (5.46514, 5.35687)
    3415 (6.44324, 2.93196) -> 8167 (5.56904, 4.62237)
    3416 (5.12216, 19.1002) -> 9799 (4.58069, 18.5724)
    3417 (6.52156, 17.5283) -> 1437 (4.82214, 16.8365)
    3418 (6.72171, 14.1204) -> 3620 (5.70603, 14.2966)
    3419 (8.77967, 0.366382) -> 8394 (8.09802, 1.60057)
    3420 (23.0744, 21.9335) -> 9866 (22.0094, 21.5902)
    3421 (11.778, 1.4706) -> 8114 (11.4182, 1.89682)
    3422 (21.132, 4.33845) -> 6293 (19.4638, 5.15404)
    3423 (15.7398, 8.65334) -> 7125 (14.0677, 8.88974)
    3424 (2.30604, 21.0099) -> 7355 (2.05288, 19.7202)
    3425 (8.69673, 18.0691) -> 2908 (6.86917, 17.3071)
    3426 (5.98323, 15.9081) -> 9499 (5.19411, 15.7638)
    3427 (13.8537, 5.71075) -> 9034 (13.0665, 6.16144)
    3428 (5.02663, 9.25833) -> 8973 (3.95086, 10.7111)
    3429 (17.2713, 10.7567) -> 9851 (17.1512, 10.588)
    3430 (24.5316, 5.09479) -> 5987 (23.0729, 5.53109)
    3431 (23.6685, 5.28009) -> 8758 (22.3978, 5.67773)
    3432 (5.64582, 6.81038) -> 8241 (4.89742, 8.25747)
    3433 (17.2682, 24.2095) -> 9148 (16.5474, 23.7384)
    3434 (12.078, 9.21826) -> 6315 (10.2282, 9.4719)
    3435 (9.86842, 23.6826) -> 3913 (8.6524, 22.4188)
    3436 (0.325238, 22.3203) -> 3531 (0.444874, 20.8848)
    3437 (1.67807, 3.6749) -> 9718 (1.64673, 4.17546)
    3438 (0.88513, 21.3822) -> 3263 (0.917362, 19.6697)
    3439 (5.15281, 13.4472) -> 8663 (3.4832, 14.1123)
    3440 (10.4248, 19.0192) -> 9343 (9.23669, 18.4462)
    3441 (15.9309, 8.22948) -> 9993 (15.3204, 8.40649)
    3442 (8.62885, 17.758) -> 2333 (7.79874, 17.4684)
    3443 (6.1305, 7.84609) -> 3428 (5.02663, 9.25833)
    3444 (16.8962, 15.1385) -> 9272 (14.9893, 15.5919)
    3445 (4.85132, 5.93115) -> 3662 (4.26955, 7.28989)
    3446 (3.95166, 5.10456) -> 2108 (3.53733, 6.48563)
    3447 (23.1061, 2.87985) -> 94 (21.6906, 3.66216)
    3448 (10.2167, 7.45982) -> 9733 (9.67323, 7.88336)
    3449 (24.9661, 16.6706) -> 5886 (23.9825, 16.6018)
    3450 (7.97311, 22.0923) -> 4271 (6.75309, 20.7958)
    3451 (10.6089, 24.6319) -> 3318 (9.21439, 23.2389)
    3452 (14.7399, 7.49695) -> 8179 (14.5511, 7.55644)
    3453 (21.1066, 7.52517) -> 9374 (19.4251, 7.88789)
    3454 (20.1545, 15.7451) -> 6674 (18.6813, 15.8863)
    3455 (0.987555, 0.441609) -> 6739 (1.0205, 1.647)
    3456 (13.4063, 6.84458) -> 1347 (12.2308, 7.57276)
    3457 (13.1595, 24.5087) -> 9647 (11.5939, 23.3161)
    3458 (17.6165, 17.7769) -> 6417 (16.0061, 17.5752)
    3459 (13.0683, 19.21) -> 5124 (11.967, 18.9113)
    3460 (24.651, 19.6108) -> 8412 (22.8488, 19.3157)
    3461 (10.1718, 7.74389) -> 7198 (8.89983, 8.52026)
    3462 (17.4085, 23.51) -> 5384 (16.0116, 22.7458)
    3463 (6.95819, 24.6656) -> 2151 (6.32109, 23.6389)
    3464 (18.4407, 4.60303) -> 9511 (17.9849, 4.9996)
    3465 (17.6525, 20.6734) -> 9918 (15.7813, 19.9751)
    3466 (13.8557, 21.022) -> 7694 (12.8304, 20.5557)
    3467 (24.7197, 3.1224) -> 3301 (23.3828, 3.605)
    3468 (8.28545, 24.5629) -> 9877 (7.3583, 23.3554)
    3469 (5.6793, 10.7514) -> 4194 (5.13584, 11.2159)
    3470 (4.74256, 9.54427) -> 8973 (3.95086, 10.7111)
    3471 (11.4955, 23.4405) -> 4707 (10.0797, 22.3261)
    3472 (22.4307, 5.51359) -> 9540 (22.1331, 5.5959)
    3473 (18.6211, 20.2232) -> 8300 (17.1307, 19.7162)
    3474 (5.94049, 14.9956) -> 2634 (4.13019, 14.9567)
    3475 (21.5718, 17.1916) -> 449 (19.5846, 17.0245)
    3476 (13.5445, 17.4181) -> 1530 (12.7425, 17.3137)
    3477 (13.1901, 24.6013) -> 2897 (12.0206, 23.5959)
    3478 (4.08446, 5.02587) -> 6744 (3.49792, 6.89417)
    3479 (2.25719, 20.5788) -> 107 (1.8323, 18.6381)
    3480 (18.6315, 23.3894) -> 8645 (16.9357, 22.6721)
    3481 (15.4721, 6.98748) -> 7840 (14.5178, 7.46644)
    3482 (2.37534, 22.2979) -> 8716 (2.37329, 22.2738)
    3483 (18.148, 18.0226) -> 6457 (16.4562, 17.7753)
    3484 (20.1427, 3.13673) -> 9936 (18.5438, 3.9393)
    3485 (6.86762, 16.5293) -> 7933 (6.31532, 16.4142)
    3486 (20.7252, 7.94556) -> 6382 (19.2218, 8.22975)
    3487 (14.4748, 3.12589) -> 8610 (13.3234, 4.04314)
    3488 (4.13467, 16.9634) -> 9143 (3.35595, 16.481)
    3489 (4.5477, 11.9639) -> 9542 (4.25477, 12.1288)
    3490 (10.4494, 1.63336) -> 3211 (9.49693, 2.82199)
    3491 (17.1773, 12.7713) -> 8901 (15.969, 11.8778)
    3492 (5.70567, 23.4272) -> 6098 (4.94323, 22.1397)
    3493 (19.2924, 2.27767) -> 9140 (17.9587, 3.2645)
    3494 (24.4507, 18.5011) -> 3659 (23.3679, 18.4085)
    3495 (1.41835, 11.2948) -> 9067 (1.2042, 12.9399)
    3496 (23.2701, 11.2793) -> 7108 (21.4874, 10.9498)
    3497 (17.4192, 1.70576) -> 7074 (16.0965, 2.66718)
    3498 (3.72166, 20.0722) -> 7075 (3.33042, 19.292)
    3499 (12.1054, 6.847) -> 7820 (11.429, 7.42313)
    3500 (11.0466, 5.67656) -> 6010 (9.73932, 6.77636)
    3501 (9.6149, 8.80453) -> 8764 (8.79785, 9.33891)
    3502 (9.02742, 21.1731) -> 5975 (7.95258, 20.2705)
    3503 (19.1103, 6.47033) -> 3291 (17.9891, 6.8427)
    3504 (12.6017, 9.56664) -> 9390 (11.188, 9.24785)
    3505 (17.0235, 1.85596) -> 7074 (16.0965, 2.66718)
    3506 (19.1383, 7.35709) -> 355 (18.6223, 7.49865)
    3507 (11.8848, 20.5556) -> 101 (10.3181, 19.6938)
    3508 (6.99347, 14.6625) -> 9546 (5.78799, 14.7407)
    3509 (3.77492, 11.6557) -> 1007 (2.36406, 12.9903)
    3510 (15.5251, 10.4812) -> 7269 (14.6561, 10.1936)
    3511 (22.147, 2.05973) -> 6612 (20.8483, 2.87918)
    3512 (19.531, 4.09635) -> 9511 (17.9849, 4.9996)
    3513 (22.3344, 9.89645) -> 6349 (21.586, 9.87062)
    3514 (20.8089, 19.7599) -> 4274 (19.2457, 19.406)
    3515 (14.7038, 22.7044) -> 8837 (14.0916, 22.3694)
    3516 (15.1324, 7.07241) -> 2990 (13.64, 7.88548)
    3517 (1.54928, 18.4532) -> 8514 (1.41406, 17.4039)
    3518 (14.6323, 20.6008) -> 5607 (13.1358, 19.9502)
    3519 (1.64248, 8.9417) -> 5044 (1.61473, 9.14488)
    3520 (22.4089, 24.7863) -> 7471 (21.7595, 24.4834)
    3521 (15.1309, 9.21487) -> 1821 (13.9513, 9.20444)
    3522 (18.5727, 0.963045) -> 6186 (18.185, 1.19749)
    3523 (7.36887, 4.35204) -> 9310 (6.44459, 5.73634)
    3524 (11.6882, 7.85342) -> 8312 (10.2812, 8.6562)
    3525 (2.78727, 10.5354) -> 2182 (2.01618, 12.3798)
    3526 (7.33847, 15.0393) -> 3474 (5.94049, 14.9956)
    3527 (21.1397, 2.22725) -> 3179 (19.5445, 3.21111)
    3528 (2.41012, 14.5107) -> 0 (1, 15)
    3529 (19.8515, 12.3228) -> 7708 (19.2216, 12.0712)
    3530 (20.3743, 5.05025) -> 8461 (20.2082, 5.11628)
    3531 (0.444874, 20.8848) -> 7131 (0.60444, 19.1575)
    3532 (17.5925, 18.5642) -> 9536 (17.4351, 18.5445)
    3533 (18.1521, 17.8372) -> 5239 (16.6984, 17.551)
    3534 (16.6142, 20.3941) -> 7682 (15.6503, 20.0815)
    3535 (4.35007, 4.77848) -> 9674 (4.09943, 5.69824)
    3536 (1.87757, 16.2015) -> 0 (1, 15)
    3537 (18.0165, 10.5592) -> 9851 (17.1512, 10.588)
    3538 (13.5922, 22.2012) -> 6099 (11.9524, 21.4173)
    3539 (16.2839, 22.3079) -> 7912 (15.5688, 21.9868)
    3540 (16.0253, 18.8613) -> 9826 (15.2055, 18.6693)
    3541 (4.05718, 0.36963) -> 8710 (3.90837, 0.898785)
    3542 (19.2808, 21.0558) -> 7312 (17.4571, 20.4829)
    3543 (0.693661, 14.9518) -> 0 (1, 15)
    3544 (12.4853, 22.9969) -> 9133 (12.2662, 22.8261)
    3545 (16.4166, 6.30952) -> 7345 (14.6408, 7.20098)
    3546 (3.13823, 7.48206) -> 7982 (2.65746, 8.82523)
    3547 (7.22918, 22.9937) -> 8450 (6.30455, 21.7722)
    3548 (5.65981, 18.9916) -> 5527 (4.20759, 17.6922)
    3549 (4.38089, 17.0401) -> 9143 (3.35595, 16.481)
    3550 (24.2121, 20.4758) -> 8893 (23.1267, 20.2773)
    3551 (16.9427, 18.8555) -> 5744 (15.3066, 18.5222)
    3552 (17.1881, 7.07267) -> 8531 (15.85, 7.60354)
    3553 (13.0658, 9.27095) -> 963 (11.6965, 9.36711)
    3554 (17.3755, 15.2204) -> 2508 (16.4619, 15.409)
    3555 (2.68296, 10.3769) -> 9324 (2.06046, 11.6223)
    3556 (13.0032, 8.88094) -> 9390 (11.188, 9.24785)
    3557 (19.6903, 11.3268) -> 8748 (17.9184, 10.9342)
    3558 (20.91, 5.791) -> 7523 (19.2299, 6.40529)
    3559 (23.1049, 12.3568) -> 8090 (22.3285, 12.1154)
    3560 (1.85763, 17.4244) -> 448 (1.24865, 15.7103)
    3561 (21.6063, 12.8239) -> 8279 (20.2974, 12.3538)
    3562 (12.379, 22.7388) -> 7569 (11.2724, 22.0896)
    3563 (21.4083, 22.8355) -> 9553 (19.9064, 22.317)
    3564 (14.582, 15.4608) -> 9004 (12.8896, 16.187)
    3565 (17.1632, 18.5816) -> 9794 (15.5602, 18.1749)
    3566 (0.491924, 0.90904) -> 7325 (0.539648, 1.57507)
    3567 (22.2968, 3.19012) -> 1633 (20.8288, 3.97167)
    3568 (22.7443, 4.68939) -> 9141 (21.9223, 4.99155)
    3569 (17.4457, 15.6427) -> 9689 (17.0489, 15.7121)
    3570 (17.532, 16.1381) -> 8757 (15.934, 16.2793)
    3571 (15.473, 10.2053) -> 9885 (15.0303, 9.98916)
    3572 (12.3859, 4.28768) -> 8539 (11.4462, 5.00339)
    3573 (8.54421, 20.0758) -> 7324 (7.37238, 19.2628)
    3574 (10.6416, 2.91256) -> 9535 (9.59568, 4.13834)
    3575 (9.26077, 6.33273) -> 2834 (7.99024, 7.5539)
    3576 (19.5184, 17.383) -> 4846 (18.3225, 17.3093)
    3577 (18.9909, 3.08531) -> 8596 (17.5855, 3.86598)
    3578 (3.19967, 8.59722) -> 9342 (2.87514, 9.37603)
    3579 (4.06412, 17.9192) -> 1691 (2.86478, 16.64)
    3580 (6.03136, 5.20619) -> 5361 (5.22534, 6.60519)
    3581 (24.1983, 18.0835) -> 8295 (22.2709, 17.7978)
    3582 (12.934, 2.15654) -> 7466 (11.5843, 3.42658)
    3583 (24.5015, 17.2706) -> 8107 (22.6007, 17.1345)
    3584 (9.89211, 7.08686) -> 6171 (8.75583, 7.95516)
    3585 (7.24897, 12.1078) -> 9527 (6.89834, 12.1525)
    3586 (1.18742, 17.2656) -> 9906 (1.04535, 15.5267)
    3587 (15.6699, 8.93539) -> 9367 (15.6094, 8.94247)
    3588 (17.4165, 9.97792) -> 5423 (16.8717, 9.94563)
    3589 (20.8999, 16.0602) -> 8070 (19.0723, 16.0996)
    3590 (14.5568, 12.2407) -> 8639 (14.0727, 11.287)
    3591 (0.200565, 17.7882) -> 6682 (0.558723, 16.6017)
    3592 (13.3159, 10.0052) -> 1114 (11.572, 9.49554)
    3593 (0.472807, 14.0739) -> 0 (1, 15)
    3594 (10.9749, 1.98193) -> 7295 (9.81386, 3.44389)
    3595 (21.4287, 5.76896) -> 3218 (20.5017, 6.05572)
    3596 (2.27777, 10.0814) -> 8298 (2.02133, 10.8755)
    3597 (13.5749, 22.5189) -> 8513 (12.0856, 21.6428)
    3598 (13.137, 16.787) -> 4068 (11.1742, 16.5811)
    3599 (18.8475, 5.58514) -> 9902 (18.1128, 5.91789)
    3600 (13.6157, 17.2713) -> 2617 (11.7742, 16.96)
    3601 (1.90826, 5.70407) -> 423 (1.81628, 6.86554)
    3602 (24.7341, 12.3481) -> 8772 (23.0344, 12.0124)
    3603 (2.49965, 6.93966) -> 1679 (2.1596, 8.58009)
    3604 (1.12124, 21.8253) -> 6085 (1.10343, 20.7099)
    3605 (19.8088, 12.8226) -> 5208 (18.3209, 12.2501)
    3606 (9.39103, 22.7591) -> 485 (7.9108, 21.5145)
    3607 (11.2172, 8.70999) -> 6286 (9.55693, 9.59929)
    3608 (23.843, 1.68336) -> 4559 (22.7138, 2.20238)
    3609 (0.32263, 8.00115) -> 6819 (0.460308, 9.43572)
    3610 (17.535, 9.79586) -> 9986 (16.0788, 9.77631)
    3611 (18.5761, 5.76164) -> 9902 (18.1128, 5.91789)
    3612 (16.899, 12.2126) -> 4389 (15.924, 11.6711)
    3613 (22.2511, 2.68484) -> 5815 (21.1309, 3.24766)
    3614 (3.4543, 24.0803) -> 7512 (2.98279, 22.2863)
    3615 (20.4579, 13.7871) -> 9145 (19.0008, 14.0112)
    3616 (15.5988, 14.7087) -> 8099 (14.9773, 14.916)
    3617 (6.42948, 10.9792) -> 643 (5.39106, 11.6892)
    3618 (8.67711, 21.8389) -> 8885 (7.60848, 20.8648)
    3619 (12.9004, 4.9113) -> 6244 (11.3178, 6.07241)
    3620 (5.70603, 14.2966) -> 5057 (4.28076, 14.4901)
    3621 (0.356648, 4.98852) -> 5925 (0.376151, 5.72795)
    3622 (20.0933, 9.83421) -> 9032 (19.3693, 9.8313)
    3623 (1.20907, 24.9625) -> 8415 (1.15847, 23.844)
    3624 (3.50043, 9.70285) -> 9547 (2.73395, 11.0447)
    3625 (8.07448, 20.0881) -> 8491 (6.89917, 19.279)
    3626 (8.15412, 17.7105) -> 8125 (6.80963, 17.232)
    3627 (20.2181, 0.112151) -> 158 (18.6589, 1.15571)
    3628 (24.8777, 2.54247) -> 6742 (23.6081, 3.12883)
    3629 (12.5776, 3.27146) -> 8409 (11.2993, 4.3594)
    3630 (21.9287, 23.7048) -> 7604 (21.2109, 23.4123)
    3631 (13.4253, 6.93364) -> 8909 (12.9715, 7.1848)
    3632 (1.82623, 19.4666) -> 7664 (1.78823, 19.1071)
    3633 (0.670794, 17.433) -> 6584 (0.914299, 15.6286)
    3634 (23.6793, 12.6425) -> 5173 (22.12, 12.3713)
    3635 (0.290321, 17.3216) -> 5884 (0.758196, 15.8671)
    3636 (1.87627, 11.3679) -> 8103 (1.36947, 13.1456)
    3637 (0.863265, 2.84797) -> 9613 (0.848549, 2.94403)
    3638 (0.803542, 2.26208) -> 6732 (0.69325, 4.08289)
    3639 (22.6818, 13.3562) -> 9315 (21.3526, 12.8565)
    3640 (2.13226, 22.7368) -> 5991 (2.04767, 22.0638)
    3641 (12.4397, 2.48276) -> 7466 (11.5843, 3.42658)
    3642 (7.41194, 11.7389) -> 8865 (6.72216, 12.0489)
    3643 (14.1141, 10.5946) -> 9997 (13.1824, 10.13)
    3644 (17.7966, 21.3043) -> 9632 (16.1399, 20.7111)
    3645 (17.5475, 11.7647) -> 752 (15.7764, 11.0752)
    3646 (15.5377, 2.86459) -> 8729 (14.4476, 3.70013)
    3647 (3.25284, 0.349648) -> 5782 (3.14137, 1.72931)
    3648 (9.08259, 6.10087) -> 3309 (7.91685, 7.3529)
    3649 (16.3747, 3.52667) -> 9430 (14.764, 4.6157)
    3650 (16.0627, 3.14883) -> 9685 (14.6063, 4.20532)
    3651 (6.7793, 3.78967) -> 8414 (5.86088, 5.47057)
    3652 (19.511, 22.549) -> 7055 (18.4567, 22.1888)
    3653 (9.64868, 6.09297) -> 9939 (8.62603, 7.06241)
    3654 (9.94615, 19.7172) -> 5867 (8.76895, 19.0696)
    3655 (18.2708, 6.07086) -> 5212 (16.948, 6.59842)
    3656 (18.3033, 6.68852) -> 9444 (16.9727, 7.13987)
    3657 (0.168935, 5.242) -> 6734 (0.223683, 6.10918)
    3658 (1.84092, 9.05374) -> 2859 (1.67223, 10.9359)
    3659 (23.3679, 18.4085) -> 9827 (21.5061, 18.0497)
    3660 (23.5585, 2.06989) -> 9670 (22.6829, 2.71582)
    3661 (4.7244, 5.12906) -> 6627 (3.99346, 6.95286)
    3662 (4.26955, 7.28989) -> 4034 (3.54559, 8.8602)
    3663 (6.47743, 8.14237) -> 6716 (5.25612, 9.55608)
    3664 (5.5164, 9.78062) -> 6007 (4.27187, 11.0417)
    3665 (16.205, 10.763) -> 5197 (14.4741, 10.3722)
    3666 (1.066, 22.2676) -> 6085 (1.10343, 20.7099)
    3667 (1.01786, 16.6171) -> 0 (1, 15)
    3668 (14.3972, 15.7993) -> 9004 (12.8896, 16.187)
    3669 (4.85205, 12.8192) -> 6415 (3.34465, 13.0199)
    3670 (21.0081, 9.47237) -> 9628 (19.1541, 9.32834)
    3671 (23.7443, 4.42415) -> 8951 (22.1786, 4.99829)
    3672 (6.05345, 9.76468) -> 8343 (5.52379, 10.2143)
    3673 (15.7303, 6.65092) -> 7345 (14.6408, 7.20098)
    3674 (7.04541, 1.71002) -> 8355 (6.4976, 2.91328)
    3675 (18.8304, 13.0602) -> 5112 (18.5585, 12.8812)
    3676 (4.44239, 0.231682) -> 3387 (4.08792, 1.75401)
    3677 (24.6079, 15.0273) -> 7801 (23.5014, 15.1487)
    3678 (2.83357, 11.4444) -> 9507 (2.10006, 12.5341)
    3679 (13.4778, 1.85641) -> 9129 (12.4794, 2.90166)
    3680 (22.5867, 4.36913) -> 3835 (21.7897, 4.75245)
    3681 (12.9654, 2.70195) -> 6694 (12.5132, 3.13784)
    3682 (22.7583, 19.5739) -> 480 (22.1127, 19.4796)
    3683 (6.92755, 14.7525) -> 9978 (5.52251, 14.8091)
    3684 (20.187, 3.52397) -> 2560 (18.5453, 4.47975)
    3685 (18.1595, 4.09386) -> 5477 (16.8869, 4.71896)
    3686 (12.1022, 21.6588) -> 9626 (11.3901, 21.2482)
    3687 (2.84458, 24.888) -> 833 (2.66163, 23.7998)
    3688 (9.36669, 1.65602) -> 8687 (8.51586, 2.93785)
    3689 (0.570677, 18.104) -> 9730 (0.599023, 17.8974)
    3690 (2.4199, 23.4949) -> 8678 (2.20932, 22.4351)
    3691 (22.3201, 18.3047) -> 7361 (20.7077, 18.0663)
    3692 (22.4437, 13.2805) -> 9315 (21.3526, 12.8565)
    3693 (0.825262, 8.87854) -> 7142 (0.826104, 10.121)
    3694 (20.3283, 5.59966) -> 7867 (19.1548, 6.02768)
    3695 (0.372455, 2.61341) -> 5299 (0.384129, 3.50653)
    3696 (24.7421, 17.7768) -> 6307 (23.6547, 17.6488)
    3697 (0.45363, 23.6935) -> 1966 (0.513096, 22.8288)
    3698 (16.546, 8.91023) -> 3284 (15.1922, 9.07135)
    3699 (11.0096, 24.77) -> 5184 (10.0467, 23.8301)
    3700 (6.58579, 7.04861) -> 1876 (5.91965, 7.93294)
    3701 (3.8005, 6.87254) -> 6572 (3.29291, 8.10979)
    3702 (4.9444, 0.819181) -> 7293 (4.48257, 2.44779)
    3703 (0.0071694, 6.94751) -> 9130 (0.234327, 8.66763)
    3704 (21.5982, 20.6958) -> 4826 (20.6053, 20.3433)
    3705 (9.06138, 23.5343) -> 7452 (8.54916, 22.994)
    3706 (13.196, 9.79314) -> 5820 (11.9329, 9.44665)
    3707 (20.3318, 19.8218) -> 4551 (18.5976, 19.3936)
    3708 (9.82035, 9.49488) -> 9472 (8.10019, 10.3261)
    3709 (12.8333, 20.4017) -> 9039 (11.1081, 19.6857)
    3710 (7.19174, 6.55863) -> 7090 (6.31425, 7.70672)
    3711 (23.8639, 3.2018) -> 8216 (22.8034, 3.60828)
    3712 (12.3597, 20.2544) -> 7827 (10.573, 19.4817)
    3713 (13.3653, 5.82987) -> 9569 (13.0238, 5.9751)
    3714 (21.2533, 24.6504) -> 4747 (20.3213, 24.3029)
    3715 (10.6781, 18.054) -> 5784 (10.1322, 17.8547)
    3716 (12.0326, 3.46599) -> 8572 (11.3893, 4.09682)
    3717 (17.5206, 6.697) -> 351 (15.6909, 7.3536)
    3718 (16.821, 12.0466) -> 7209 (15.0859, 11.1731)
    3719 (22.0558, 19.4049) -> 8225 (20.5405, 19.114)
    3720 (7.65029, 20.4442) -> 4332 (6.71631, 19.6449)
    3721 (5.02327, 5.92298) -> 9700 (4.57525, 6.95912)
    3722 (13.4776, 2.81586) -> 8319 (12.9894, 3.19798)
    3723 (9.26048, 4.88276) -> 9186 (8.87562, 5.38846)
    3724 (24.2101, 24.8801) -> 2751 (22.8609, 24.2051)
    3725 (19.381, 13.7306) -> 5893 (18.0809, 14.2485)
    3726 (17.5006, 2.23516) -> 1850 (16.9233, 2.72315)
    3727 (5.16472, 7.94744) -> 9994 (4.64463, 8.6742)
    3728 (16.9146, 6.0644) -> 9239 (15.5886, 6.72574)
    3729 (6.04738, 13.5625) -> 9768 (5.03116, 13.8931)
    3730 (2.97989, 19.6984) -> 7194 (2.30706, 18.0501)
    3731 (15.5461, 20.479) -> 9314 (14.8205, 20.2208)
    3732 (22.3234, 19.6702) -> 4105 (20.5093, 19.2444)
    3733 (16.9158, 6.4217) -> 48 (16.7034, 6.54973)
    3734 (19.1946, 11.8259) -> 6752 (18.6619, 11.6822)
    3735 (9.20763, 22.121) -> 2303 (8.52356, 21.4991)
    3736 (18.2249, 9.92089) -> 4367 (16.7888, 9.7919)
    3737 (24.3321, 11.2093) -> 6540 (22.9327, 10.9624)
    3738 (10.9548, 17.0906) -> 9000 (9.45866, 16.796)
    3739 (21.8404, 8.12605) -> 7794 (20.0583, 8.36955)
    3740 (20.6351, 6.17135) -> 9855 (19.1181, 6.60232)
    3741 (23.553, 12.0576) -> 6176 (22.0426, 11.785)
    3742 (11.8169, 7.33232) -> 9001 (10.8539, 7.98093)
    3743 (15.2643, 24.789) -> 9147 (14.9281, 24.5791)
    3744 (10.3061, 20.0071) -> 2726 (8.9271, 19.1946)
    3745 (21.2863, 14.6562) -> 9928 (19.7174, 15.0887)
    3746 (7.5981, 10.8068) -> 809 (6.785, 11.1902)
    3747 (21.0323, 0.847509) -> 9003 (19.6217, 1.82665)
    3748 (2.52461, 18.1191) -> 1765 (1.87246, 16.6273)
    3749 (4.52862, 3.19731) -> 3446 (3.95166, 5.10456)
    3750 (9.76988, 4.54664) -> 6950 (8.65448, 5.88017)
    3751 (12.8191, 4.25516) -> 8115 (12.593, 4.49146)
    3752 (15.422, 13.9891) -> 7174 (14.7548, 14.5579)
    3753 (14.6162, 16.1316) -> 7697 (12.766, 16.4813)
    3754 (1.37497, 15.7206) -> 0 (1, 15)
    3755 (23.776, 15.4376) -> 3759 (21.8236, 15.5841)
    3756 (5.2579, 23.7338) -> 8863 (4.63907, 22.3752)
    3757 (13.4714, 6.96217) -> 6949 (13.0699, 7.21057)
    3758 (18.5775, 3.53707) -> 4743 (17.0837, 4.51211)
    3759 (21.8236, 15.5841) -> 7996 (20.6439, 15.6805)
    3760 (18.1331, 10.2516) -> 7813 (16.2398, 10.066)
    3761 (7.37844, 2.29737) -> 9945 (7.13217, 2.73105)
    3762 (22.6813, 0.716971) -> 8479 (21.0773, 1.65724)
    3763 (1.09513, 1.21495) -> 501 (1.16824, 2.29956)
    3764 (4.86692, 13.3511) -> 8688 (4.45845, 13.5838)
    3765 (24.4491, 2.99949) -> 8216 (22.8034, 3.60828)
    3766 (24.6056, 24.9888) -> 2751 (22.8609, 24.2051)
    3767 (5.67203, 6.74882) -> 8241 (4.89742, 8.25747)
    3768 (12.9247, 5.32108) -> 4321 (12.1122, 5.85356)
    3769 (22.484, 22.1452) -> 2141 (21.0491, 21.6778)
    3770 (11.3606, 16.651) -> 7554 (9.48561, 16.3863)
    3771 (4.36368, 18.8644) -> 7319 (3.22439, 17.4747)
    3772 (23.2113, 23.9718) -> 9709 (21.6456, 23.3157)
    3773 (0.821904, 2.79419) -> 9613 (0.848549, 2.94403)
    3774 (5.45276, 22.1609) -> 651 (4.73053, 21.0769)
    3775 (6.01763, 23.6925) -> 7881 (5.6064, 22.9898)
    3776 (13.9986, 2.84936) -> 8853 (12.5828, 4.14392)
    3777 (21.9389, 20.2576) -> 3707 (20.3318, 19.8218)
    3778 (13.3917, 4.37397) -> 7992 (12.9549, 4.78999)
    3779 (0.54759, 5.66286) -> 5241 (0.611683, 7.42958)
    3780 (17.2614, 0.255066) -> 8249 (15.7233, 1.52842)
    3781 (20.2477, 23.4685) -> 8637 (19.3085, 23.0619)
    3782 (17.1423, 21.5395) -> 8952 (15.8668, 20.9084)
    3783 (0.24007, 21.0932) -> 5311 (0.382679, 19.7842)
    3784 (19.4027, 1.01392) -> 8755 (18.4578, 1.57281)
    3785 (15.8531, 4.68923) -> 7929 (14.5333, 5.50509)
    3786 (22.23, 20.1318) -> 9899 (21.4154, 19.9555)
    3787 (21.8156, 24.3905) -> 5687 (20.2794, 23.8382)
    3788 (21.0112, 10.4086) -> 9587 (19.3717, 10.3946)
    3789 (18.3538, 4.06332) -> 305 (17.0325, 4.88349)
    3790 (9.70839, 2.237) -> 2513 (8.49855, 3.78725)
    3791 (15.0233, 23.8576) -> 9015 (13.9271, 23.2115)
    3792 (11.8948, 18.6984) -> 7886 (10.2241, 18.2334)
    3793 (16.5552, 18.2595) -> 7613 (15.3547, 18.0835)
    3794 (20.8514, 15.1534) -> 4014 (19.3364, 15.3704)
    3795 (7.93644, 4.26292) -> 8823 (7.16268, 5.40152)
    3796 (2.28908, 15.4558) -> 0 (1, 15)
    3797 (1.28132, 4.55365) -> 7728 (1.24385, 6.35522)
    3798 (23.1625, 9.85135) -> 9385 (21.2947, 9.38034)
    3799 (21.1013, 22.3788) -> 1666 (19.9052, 21.9324)
    3800 (18.7118, 21.4065) -> 2234 (18.2471, 21.229)
    3801 (16.2103, 20.34) -> 9078 (15.0282, 19.9826)
    3802 (5.63062, 12.6422) -> 8780 (5.1963, 12.7213)
    3803 (9.80234, 4.48154) -> 6950 (8.65448, 5.88017)
    3804 (7.94188, 9.74463) -> 7367 (7.03316, 10.4754)
    3805 (1.82848, 20.1307) -> 7606 (1.63493, 18.7967)
    3806 (7.46463, 11.8197) -> 8865 (6.72216, 12.0489)
    3807 (14.3053, 6.0135) -> 8037 (12.7269, 7.01365)
    3808 (22.8532, 8.7151) -> 9467 (22.5998, 8.73429)
    3809 (21.1543, 11.0026) -> 8401 (19.7517, 10.8064)
    3810 (13.4274, 21.378) -> 3507 (11.8848, 20.5556)
    3811 (0.731394, 3.19013) -> 6732 (0.69325, 4.08289)
    3812 (5.95444, 21.1306) -> 9728 (4.74942, 19.5719)
    3813 (16.2565, 6.54683) -> 7840 (14.5178, 7.46644)
    3814 (24.1517, 2.02743) -> 9888 (22.8186, 2.78385)
    3815 (2.70186, 12.9306) -> 7715 (2.51073, 13.0177)
    3816 (5.33047, 2.75802) -> 9903 (5.00594, 3.67471)
    3817 (11.8149, 19.6205) -> 9843 (10.3385, 18.9324)
    3818 (24.9373, 15.0605) -> 9317 (23.6761, 15.1565)
    3819 (23.0051, 20.0731) -> 6226 (21.4816, 19.7365)
    3820 (2.3836, 17.7535) -> 1765 (1.87246, 16.6273)
    3821 (9.99241, 16.6773) -> 8347 (8.11038, 16.4507)
    3822 (19.8832, 8.73313) -> 9787 (19.3838, 8.77442)
    3823 (24.5179, 15.7495) -> 9278 (23.2483, 15.8109)
    3824 (13.9891, 18.6151) -> 8724 (12.0704, 18.0743)
    3825 (17.77, 6.6686) -> 7974 (17.2612, 6.83452)
    3826 (5.61752, 23.2603) -> 6098 (4.94323, 22.1397)
    3827 (22.005, 14.1217) -> 9168 (20.8506, 14.2654)
    3828 (6.6441, 16.2887) -> 4574 (5.16086, 15.9146)
    3829 (3.86872, 22.1661) -> 9075 (3.20981, 20.5782)
    3830 (0.683033, 18.1393) -> 8360 (0.869356, 16.194)
    3831 (14.7294, 6.05339) -> 3456 (13.4063, 6.84458)
    3832 (9.90225, 21.3248) -> 950 (8.92399, 20.6563)
    3833 (5.85678, 15.3158) -> 4829 (3.87705, 15.2538)
    3834 (2.06931, 6.94174) -> 2221 (1.94505, 8.2433)
    3835 (21.7897, 4.75245) -> 3989 (20.6693, 5.26582)
    3836 (21.2727, 11.3687) -> 9691 (20.1629, 11.2065)
    3837 (5.25177, 0.212708) -> 8815 (4.85597, 1.54153)
    3838 (19.4546, 0.0575441) -> 9273 (18.3438, 0.96659)
    3839 (21.3389, 20.2788) -> 6103 (20.5697, 20.0538)
    3840 (3.05888, 15.3261) -> 1321 (1.45192, 15.066)
    3841 (24.1008, 22.8971) -> 1019 (22.3456, 22.3191)
    3842 (15.9803, 20.6157) -> 9314 (14.8205, 20.2208)
    3843 (1.42784, 4.3917) -> 9290 (1.40397, 6.05653)
    3844 (7.42168, 8.61279) -> 3672 (6.05345, 9.76468)
    3845 (10.4693, 22.6963) -> 788 (9.18658, 21.5997)
    3846 (19.0129, 9.42376) -> 4522 (17.4081, 9.39894)
    3847 (18.5525, 14.3584) -> 5666 (16.8545, 14.9552)
    3848 (12.2255, 8.56705) -> 2552 (10.6403, 9.26982)
    3849 (12.1065, 4.40075) -> 8886 (10.7924, 5.66906)
    3850 (5.15926, 22.8483) -> 9040 (4.39567, 21.4696)
    3851 (23.9104, 5.85179) -> 6087 (22.5142, 6.17511)
    3852 (21.5947, 23.3314) -> 63 (19.7761, 22.5556)
    3853 (16.3058, 12.9923) -> 6939 (15.5777, 12.4222)
    3854 (24.6958, 3.32658) -> 9893 (24.2486, 3.51587)
    3855 (8.37903, 0.821012) -> 7520 (7.61252, 2.11727)
    3856 (21.3608, 9.56025) -> 9828 (19.7552, 9.5846)
    3857 (10.4288, 0.621964) -> 9817 (9.9215, 1.40589)
    3858 (19.269, 8.38422) -> 3345 (18.1363, 8.54625)
    3859 (24.9705, 17.6981) -> 6758 (23.5545, 17.5961)
    3860 (22.6074, 18.6786) -> 9088 (20.6698, 18.4091)
    3861 (10.1062, 22.7406) -> 9759 (8.98, 21.7142)
    3862 (18.5065, 6.75057) -> 6325 (16.93, 7.20537)
    3863 (7.39964, 12.3991) -> 9559 (5.54577, 12.7936)
    3864 (19.6209, 13.8399) -> 9145 (19.0008, 14.0112)
    3865 (23.8949, 8.19964) -> 5864 (22.1832, 8.33272)
    3866 (0.266151, 4.4737) -> 1428 (0.367833, 6.02917)
    3867 (5.15621, 9.48252) -> 6527 (4.0429, 10.848)
    3868 (6.28823, 21.8059) -> 9785 (5.30826, 20.6658)
    3869 (9.62111, 8.03913) -> 8575 (8.43822, 9.04785)
    3870 (16.9652, 0.901442) -> 8877 (16.7785, 1.05376)
    3871 (1.62424, 16.8004) -> 0 (1, 15)
    3872 (7.8886, 5.80534) -> 7005 (6.73735, 7.29414)
    3873 (6.87691, 23.156) -> 736 (5.97984, 21.9248)
    3874 (10.274, 6.42847) -> 7032 (8.94744, 7.5608)
    3875 (9.48931, 22.1333) -> 9759 (8.98, 21.7142)
    3876 (4.70244, 5.12528) -> 8467 (4.129, 6.56318)
    3877 (20.0734, 9.37288) -> 9628 (19.1541, 9.32834)
    3878 (8.32584, 6.70364) -> 6761 (7.23288, 7.70646)
    3879 (22.182, 15.1945) -> 2341 (20.2945, 15.4884)
    3880 (23.6942, 16.4813) -> 6247 (21.7281, 16.4944)
    3881 (23.4459, 4.24281) -> 4290 (23.1176, 4.35798)
    3882 (0.838647, 14.7991) -> 0 (1, 15)
    3883 (16.7248, 0.809848) -> 4129 (15.296, 1.96829)
    3884 (21.8476, 11.4747) -> 9691 (20.1629, 11.2065)
    3885 (6.2559, 8.80439) -> 6629 (4.98725, 10.103)
    3886 (24.9273, 0.0547959) -> 8768 (24.7749, 0.1167)
    3887 (22.0587, 2.73298) -> 9428 (20.3459, 3.74091)
    3888 (9.51249, 2.42589) -> 2513 (8.49855, 3.78725)
    3889 (15.085, 17.7991) -> 8962 (13.4179, 17.5152)
    3890 (12.6964, 7.44388) -> 1523 (11.3202, 8.17752)
    3891 (4.4304, 19.9488) -> 2781 (3.46265, 18.5672)
    3892 (23.5428, 24.2795) -> 9179 (22.0833, 23.7228)
    3893 (18.9198, 9.0014) -> 2316 (17.8432, 9.02606)
    3894 (7.2073, 23.5) -> 4350 (6.22847, 22.0429)
    3895 (8.98573, 16.8535) -> 326 (7.96309, 16.6091)
    3896 (22.3943, 11.6735) -> 9028 (21.8116, 11.5603)
    3897 (7.13265, 4.44082) -> 9126 (6.12204, 6.15997)
    3898 (0.589777, 4.76018) -> 363 (0.759605, 6.25596)
    3899 (11.9999, 24.9113) -> 5664 (10.7688, 23.878)
    3900 (2.99875, 11.1751) -> 9507 (2.10006, 12.5341)
    3901 (20.5613, 6.50076) -> 4505 (19.3381, 6.89374)
    3902 (16.0349, 2.43023) -> 3410 (15.3767, 2.91835)
    3903 (6.15391, 9.74686) -> 3129 (5.41944, 10.3734)
    3904 (21.868, 7.50259) -> 474 (20.6881, 7.68038)
    3905 (16.6484, 22.8708) -> 1298 (15.3246, 22.2051)
    3906 (4.68619, 7.72681) -> 8123 (3.80808, 9.32625)
    3907 (24.8546, 12.4638) -> 8772 (23.0344, 12.0124)
    3908 (12.6988, 3.86265) -> 4497 (11.4949, 4.89546)
    3909 (7.91073, 21.6001) -> 6399 (6.73991, 20.4751)
    3910 (16.9369, 1.7394) -> 3410 (15.3767, 2.91835)
    3911 (0.436678, 8.173) -> 1874 (0.557602, 9.58058)
    3912 (12.1754, 6.77008) -> 7820 (11.429, 7.42313)
    3913 (8.6524, 22.4188) -> 3909 (7.91073, 21.6001)
    3914 (8.29267, 4.66881) -> 2319 (7.71692, 5.48793)
    3915 (17.922, 20.2653) -> 8423 (16.1432, 19.6753)
    3916 (2.60944, 18.4854) -> 1765 (1.87246, 16.6273)
    3917 (19.0204, 4.2273) -> 9511 (17.9849, 4.9996)
    3918 (6.51169, 21.6781) -> 4541 (5.81248, 20.7521)
    3919 (10.6272, 2.77053) -> 9535 (9.59568, 4.13834)
    3920 (4.78548, 7.04596) -> 4490 (4.164, 8.24365)
    3921 (4.86475, 15.1388) -> 579 (3.34842, 15.0874)
    3922 (11.7692, 7.78094) -> 8312 (10.2812, 8.6562)
    3923 (20.1538, 6.59351) -> 1237 (18.5937, 7.09544)
    3924 (22.3997, 0.203212) -> 2462 (21.3837, 0.897845)
    3925 (8.46432, 5.85352) -> 6063 (7.22773, 7.37126)
    3926 (10.0507, 6.15143) -> 1500 (8.8434, 7.26493)
    3927 (11.4547, 18.1087) -> 5784 (10.1322, 17.8547)
    3928 (3.97715, 4.71214) -> 6999 (3.49108, 6.15449)
    3929 (18.135, 4.97489) -> 9511 (17.9849, 4.9996)
    3930 (21.7252, 2.77965) -> 9428 (20.3459, 3.74091)
    3931 (24.8102, 9.7207) -> 8489 (23.2916, 9.67687)
    3932 (1.12729, 17.327) -> 2133 (1.07799, 16.4523)
    3933 (9.39018, 19.1174) -> 9758 (7.73383, 18.2274)
    3934 (4.7677, 21.2095) -> 1409 (3.77582, 19.6375)
    3935 (5.27936, 21.1963) -> 3891 (4.4304, 19.9488)
    3936 (6.96876, 6.52373) -> 1876 (5.91965, 7.93294)
    3937 (23.6466, 18.4746) -> 4811 (21.709, 18.2161)
    3938 (21.1935, 10.3322) -> 6189 (19.3193, 10.195)
    3939 (8.73256, 5.30498) -> 3315 (7.52225, 6.70317)
    3940 (21.7099, 16.5785) -> 7438 (20.0918, 16.5839)
    3941 (0.329945, 2.11768) -> 5299 (0.384129, 3.50653)
    3942 (18.3215, 15.6893) -> 9016 (16.8037, 15.8993)
    3943 (13.9025, 3.15148) -> 9926 (12.8472, 4.14671)
    3944 (3.87719, 22.1699) -> 9075 (3.20981, 20.5782)
    3945 (10.4126, 7.70925) -> 2918 (8.8845, 8.81487)
    3946 (4.67965, 14.3255) -> 4666 (3.51345, 14.53)
    3947 (14.0268, 19.7029) -> 8982 (12.267, 19.0836)
    3948 (13.4395, 5.29162) -> 7094 (11.9217, 6.43498)
    3949 (6.79618, 14.5113) -> 9808 (4.8442, 14.6092)
    3950 (5.98279, 17.2324) -> 1437 (4.82214, 16.8365)
    3951 (16.6775, 24.7184) -> 8077 (15.6801, 24.0621)
    3952 (2.63547, 4.66552) -> 6871 (2.42107, 6.58758)
    3953 (3.82209, 19.9804) -> 3283 (3.60751, 19.6754)
    3954 (20.383, 9.28095) -> 9628 (19.1541, 9.32834)
    3955 (3.96974, 6.98537) -> 8633 (3.75098, 7.51515)
    3956 (20.6255, 6.37673) -> 4785 (19.425, 6.77991)
    3957 (19.4406, 13.8764) -> 9145 (19.0008, 14.0112)
    3958 (8.36496, 21.2591) -> 4764 (6.85703, 20.047)
    3959 (7.19186, 7.78082) -> 8671 (5.97507, 8.98641)
    3960 (18.2864, 14.1447) -> 8228 (16.8961, 14.666)
    3961 (14.8822, 19.4164) -> 6587 (13.8864, 19.0592)
    3962 (14.4069, 9.77602) -> 9630 (13.1817, 9.64995)
    3963 (24.5819, 3.07764) -> 3301 (23.3828, 3.605)
    3964 (4.69579, 8.30975) -> 9879 (3.81607, 9.64715)
    3965 (13.4487, 0.426994) -> 7475 (12.2725, 1.80906)
    3966 (24.0476, 0.67428) -> 8496 (23.1833, 1.1649)
    3967 (8.82202, 0.831731) -> 7812 (7.81984, 2.56085)
    3968 (4.89723, 12.2104) -> 9659 (3.38393, 12.8208)
    3969 (21.8563, 14.127) -> 9168 (20.8506, 14.2654)
    3970 (16.3401, 12.2687) -> 6413 (14.8249, 11.0842)
    3971 (22.0197, 24.8799) -> 9243 (20.7408, 24.2732)
    3972 (20.818, 15.3919) -> 2341 (20.2945, 15.4884)
    3973 (22.8201, 0.799877) -> 5165 (21.6247, 1.59243)
    3974 (23.501, 17.0111) -> 9181 (21.9869, 16.8577)
    3975 (0.23338, 14.3051) -> 0 (1, 15)
    3976 (5.57171, 5.18302) -> 4110 (5.04346, 6.23303)
    3977 (6.90338, 5.9672) -> 7152 (6.83177, 6.09271)
    3978 (22.0117, 15.2663) -> 2341 (20.2945, 15.4884)
    3979 (2.67728, 5.06573) -> 6871 (2.42107, 6.58758)
    3980 (19.8811, 7.22629) -> 355 (18.6223, 7.49865)
    3981 (21.9212, 19.7814) -> 6968 (21.041, 19.5816)
    3982 (0.166635, 2.10055) -> 5456 (0.189583, 3.04615)
    3983 (18.1948, 20.308) -> 7189 (16.3762, 19.6615)
    3984 (21.926, 0.97145) -> 9998 (21.7527, 1.08395)
    3985 (11.7635, 17.7597) -> 9150 (9.83229, 17.324)
    3986 (16.8864, 21.9046) -> 6253 (15.6964, 21.3142)
    3987 (7.66005, 10.1686) -> 8244 (6.28015, 10.9833)
    3988 (23.9379, 14.4547) -> 7711 (23.0933, 14.0758)
    3989 (20.6693, 5.26582) -> 738 (19.2618, 5.88817)
    3990 (16.5471, 9.66053) -> 1153 (14.8896, 9.61043)
    3991 (2.23591, 0.830454) -> 6818 (2.20974, 2.26482)
    3992 (23.167, 0.698458) -> 1924 (21.5408, 1.75517)
    3993 (3.96385, 8.85469) -> 8703 (3.15325, 10.4183)
    3994 (20.7209, 1.71437) -> 5352 (19.3894, 2.70995)
    3995 (18.3305, 4.06612) -> 305 (17.0325, 4.88349)
    3996 (0.511113, 3.47496) -> 8769 (0.520195, 4.52823)
    3997 (3.3502, 20.5819) -> 9183 (2.87688, 19.6587)
    3998 (23.7389, 23.3642) -> 4592 (22.19, 22.7169)
    3999 (10.0019, 18.6684) -> 4002 (8.56023, 18.012)
    4000 (1.35852, 24.7315) -> 4276 (1.23501, 22.93)
    4001 (9.93981, 5.43567) -> 9625 (8.52544, 6.84114)
    4002 (8.56023, 18.012) -> 2908 (6.86917, 17.3071)
    4003 (5.07867, 10.2975) -> 9149 (4.64678, 10.7309)
    4004 (17.9549, 7.94687) -> 4231 (16.4651, 8.24485)
    4005 (15.9317, 0.447333) -> 6274 (15.0264, 1.24332)
    4006 (8.66539, 6.18001) -> 1479 (8.12579, 6.7553)
    4007 (6.27773, 8.49521) -> 6579 (5.96615, 8.92712)
    4008 (12.5282, 22.3997) -> 6396 (11.6982, 21.8461)
    4009 (17.1321, 4.28928) -> 5883 (16.0823, 5.03072)
    4010 (1.30642, 1.46229) -> 9375 (1.36044, 3.18557)
    4011 (19.666, 17.8849) -> 6288 (17.9906, 17.5788)
    4012 (13.8103, 23.6532) -> 5318 (12.2487, 22.6585)
    4013 (4.44852, 23.5975) -> 7395 (3.84681, 22.0629)
    4014 (19.3364, 15.3704) -> 3569 (17.4457, 15.6427)
    4015 (14.6719, 18.6775) -> 6231 (13.9447, 18.454)
    4016 (0.613541, 6.67618) -> 9960 (0.658471, 8.38466)
    4017 (15.5531, 16.5112) -> 2067 (14.2957, 16.5473)
    4018 (20.4524, 22.8544) -> 63 (19.7761, 22.5556)
    4019 (14.4406, 4.81551) -> 9356 (12.8783, 6.03153)
    4020 (0.101467, 8.79119) -> 6375 (0.208085, 9.25394)
    4021 (18.0886, 18.1787) -> 8891 (16.1693, 17.8406)
    4022 (18.0035, 12.6543) -> 7136 (16.9631, 12.1002)
    4023 (14.5671, 22.9298) -> 9255 (13.2336, 22.2144)
    4024 (21.9045, 24.6144) -> 5687 (20.2794, 23.8382)
    4025 (18.102, 20.1487) -> 7189 (16.3762, 19.6615)
    4026 (2.31444, 15.4288) -> 0 (1, 15)
    4027 (14.7482, 14.293) -> 9969 (13.9617, 15.1456)
    4028 (19.147, 10.7326) -> 8517 (17.5101, 10.3474)
    4029 (13.6423, 20.9461) -> 9574 (12.1012, 20.2497)
    4030 (3.4822, 3.51209) -> 4608 (3.29731, 4.31501)
    4031 (21.4336, 24.8479) -> 8098 (21.1424, 24.7054)
    4032 (3.02625, 0.292858) -> 8194 (2.87235, 1.70504)
    4033 (23.0434, 14.9368) -> 6022 (21.7833, 15.0647)
    4034 (3.54559, 8.8602) -> 3525 (2.78727, 10.5354)
    4035 (16.9805, 12.2856) -> 4389 (15.924, 11.6711)
    4036 (20.8863, 18.6687) -> 6197 (19.5199, 18.3233)
    4037 (22.3208, 3.36595) -> 8457 (21.4225, 3.81842)
    4038 (7.29752, 4.92003) -> 8291 (6.59104, 6.06605)
    4039 (6.52947, 20.0954) -> 8770 (5.16678, 18.8013)
    4040 (14.5266, 5.86103) -> 9534 (14.0944, 6.14217)
    4041 (4.81785, 13.8014) -> 2762 (3.67958, 14.0579)
    4042 (22.6304, 7.81162) -> 7430 (22.1354, 7.89444)
    4043 (10.9975, 6.93058) -> 6714 (10.294, 7.42396)
    4044 (2.585, 19.4044) -> 8515 (2.13847, 18.208)
    4045 (7.5758, 24.2585) -> 7753 (7.28035, 23.8409)
    4046 (19.455, 15.7505) -> 1355 (17.7931, 15.9538)
    4047 (20.7799, 7.5592) -> 7543 (19.1229, 7.84264)
    4048 (7.06992, 10.1989) -> 6365 (5.92529, 10.9282)
    4049 (19.8926, 3.78045) -> 3464 (18.4407, 4.60303)
    4050 (15.6126, 10.9512) -> 3075 (14.2391, 10.4273)
    4051 (1.21922, 11.4543) -> 9623 (1.22722, 11.7727)
    4052 (15.4482, 13.1378) -> 9170 (14.913, 14.0036)
    4053 (12.02, 18.7089) -> 15 (10.9986, 18.3586)
    4054 (6.41323, 4.32076) -> 4641 (5.69557, 5.72526)
    4055 (10.2794, 22.7995) -> 9759 (8.98, 21.7142)
    4056 (10.3194, 17.8647) -> 9167 (9.50125, 17.6046)
    4057 (7.90347, 18.5654) -> 3120 (7.13872, 18.1859)
    4058 (19.2651, 2.03041) -> 9424 (18.3398, 2.61027)
    4059 (14.785, 18.251) -> 9465 (12.8456, 17.7676)
    4060 (16.1294, 18.792) -> 7279 (15.7765, 18.6971)
    4061 (22.364, 18.4598) -> 6882 (20.4094, 18.1296)
    4062 (17.0068, 16.6836) -> 7528 (15.3527, 16.6707)
    4063 (21.6933, 13.8393) -> 7372 (20.4297, 13.2893)
    4064 (22.1375, 3.17689) -> 6112 (20.6717, 3.96417)
    4065 (20.3701, 5.93175) -> 8784 (18.534, 6.5823)
    4066 (2.14065, 14.1614) -> 0 (1, 15)
    4067 (3.08056, 21.3112) -> 6169 (2.95714, 20.9254)
    4068 (11.1742, 16.5811) -> 9529 (9.22029, 16.2607)
    4069 (20.5728, 8.9181) -> 3893 (18.9198, 9.0014)
    4070 (20.5548, 23.5254) -> 8637 (19.3085, 23.0619)
    4071 (13.4382, 0.844223) -> 7786 (12.2206, 2.20468)
    4072 (1.3337, 23.7168) -> 4847 (1.18595, 21.8119)
    4073 (4.60785, 2.91299) -> 3749 (4.52862, 3.19731)
    4074 (22.7718, 23.3965) -> 8968 (21.7488, 23.0093)
    4075 (5.97037, 19.4566) -> 6017 (4.87637, 18.4627)
    4076 (21.5869, 10.875) -> 5237 (20.1226, 10.713)
    4077 (14.2625, 23.0519) -> 7437 (13.6217, 22.6811)
    4078 (5.20764, 17.8379) -> 7871 (4.0612, 17.0366)
    4079 (24.199, 13.3896) -> 7755 (23.3156, 13.1537)
    4080 (8.59341, 3.59096) -> 7061 (7.66747, 4.92222)
    4081 (9.68968, 23.1546) -> 3117 (8.77332, 22.2798)
    4082 (4.74287, 15.3965) -> 1888 (2.94905, 15.1581)
    4083 (9.56633, 4.0462) -> 2177 (8.47913, 5.48885)
    4084 (8.06084, 17.3872) -> 5061 (6.50834, 16.8569)
    4085 (22.6352, 4.80711) -> 6617 (20.7948, 5.50483)
    4086 (22.7703, 20.6108) -> 7722 (21.9538, 20.3835)
    4087 (20.4096, 12.8472) -> 3255 (18.9317, 12.2876)
    4088 (4.16181, 1.01419) -> 7831 (3.81897, 2.71898)
    4089 (5.03849, 13.7753) -> 2762 (3.67958, 14.0579)
    4090 (12.8703, 21.2892) -> 6827 (11.1412, 20.4229)
    4091 (19.6359, 24.6112) -> 8734 (19.0384, 24.312)
    4092 (2.93019, 20.4114) -> 6276 (2.24664, 18.5713)
    4093 (21.387, 18.8228) -> 6197 (19.5199, 18.3233)
    4094 (15.989, 10.573) -> 7269 (14.6561, 10.1936)
    4095 (9.44351, 3.73861) -> 9074 (8.34408, 5.27413)
    4096 (0.672147, 11.5733) -> 2324 (0.879144, 13.4873)
    4097 (0.629062, 18.4814) -> 1952 (0.81943, 16.6792)
    4098 (22.1302, 19.191) -> 6883 (21.8541, 19.126)
    4099 (22.7223, 15.207) -> 9189 (22.2978, 15.2326)
    4100 (22.9331, 23.9115) -> 3852 (21.5947, 23.3314)
    4101 (0.808538, 11.1727) -> 5694 (0.84041, 11.7208)
    4102 (13.6606, 16.4478) -> 7697 (12.766, 16.4813)
    4103 (23.89, 15.4074) -> 9384 (22.3848, 15.5299)
    4104 (22.8557, 16.0556) -> 9572 (21.6253, 16.0401)
    4105 (20.5093, 19.2444) -> 4125 (18.6364, 18.8712)
    4106 (10.4156, 16.8664) -> 9846 (8.99628, 16.6158)
    4107 (1.24724, 19.7421) -> 3240 (1.20534, 19.1982)
    4108 (18.1354, 4.98447) -> 9511 (17.9849, 4.9996)
    4109 (20.7564, 18.4753) -> 7787 (19.5415, 18.2163)
    4110 (5.04346, 6.23303) -> 302 (4.63141, 7.09775)
    4111 (22.5502, 23.5102) -> 4349 (21.1902, 23.0304)
    4112 (10.3153, 20.9227) -> 8638 (9.43139, 20.3611)
    4113 (24.0964, 11.4775) -> 9741 (22.6297, 11.2988)
    4114 (10.2624, 0.730446) -> 2404 (9.27541, 2.12872)
    4115 (21.0097, 13.5987) -> 7372 (20.4297, 13.2893)
    4116 (16.6179, 19.2931) -> 8635 (14.8861, 18.819)
    4117 (6.90422, 6.51276) -> 7358 (6.29714, 7.23888)
    4118 (1.02665, 20.903) -> 1783 (1.0857, 19.6235)
    4119 (23.6407, 23.2874) -> 4592 (22.19, 22.7169)
    4120 (1.8886, 16.3793) -> 0 (1, 15)
    4121 (5.71989, 1.88038) -> 9903 (5.00594, 3.67471)
    4122 (3.02913, 23.9762) -> 5210 (2.61478, 22.389)
    4123 (5.71197, 7.60151) -> 1805 (5.27455, 8.17188)
    4124 (24.2559, 18.3186) -> 8395 (22.4456, 18.1639)
    4125 (18.6364, 18.8712) -> 3135 (17.617, 18.6488)
    4126 (12.6805, 8.6853) -> 8109 (10.8646, 9.27979)
    4127 (17.7307, 9.21743) -> 4912 (17.0454, 9.20244)
    4128 (20.7603, 13.0066) -> 3255 (18.9317, 12.2876)
    4129 (15.296, 1.96829) -> 3943 (13.9025, 3.15148)
    4130 (8.60107, 2.78085) -> 6600 (7.95454, 3.74784)
    4131 (24.1743, 24.5504) -> 7171 (22.9279, 23.9522)
    4132 (4.97075, 2.57795) -> 7676 (4.50289, 4.02968)
    4133 (10.9779, 5.26669) -> 9752 (9.99811, 6.17713)
    4134 (13.0571, 3.88177) -> 9926 (12.8472, 4.14671)
    4135 (7.26008, 3.56162) -> 2986 (6.45933, 4.95532)
    4136 (19.2111, 16.2031) -> 3570 (17.532, 16.1381)
    4137 (23.6514, 1.38228) -> 9614 (22.7115, 1.91716)
    4138 (15.1573, 4.39893) -> 6492 (14.0344, 5.13611)
    4139 (7.58721, 17.0978) -> 9916 (6.77515, 16.8588)
    4140 (19.3334, 12.9865) -> 2279 (18.2467, 12.5559)
    4141 (1.05821, 23.4338) -> 6136 (1.03974, 21.5265)
    4142 (11.4715, 21.1677) -> 7219 (10.4619, 20.5615)
    4143 (23.8307, 13.8548) -> 6488 (22.7835, 13.4689)
    4144 (12.2659, 4.51821) -> 3500 (11.0466, 5.67656)
    4145 (9.30237, 20.9442) -> 5269 (8.86179, 20.6456)
    4146 (21.1645, 20.3799) -> 2110 (19.5563, 19.9475)
    4147 (15.9269, 8.56249) -> 7125 (14.0677, 8.88974)
    4148 (10.833, 22.7578) -> 6569 (9.79885, 22.0557)
    4149 (11.7499, 5.82414) -> 8458 (10.7055, 6.51764)
    4150 (16.3137, 21.8269) -> 9025 (14.6912, 21.1787)
    4151 (24.4176, 1.85512) -> 9888 (22.8186, 2.78385)
    4152 (6.25478, 15.2326) -> 8578 (4.7485, 15.1378)
    4153 (2.31807, 5.72897) -> 2435 (2.09704, 7.33676)
    4154 (19.0436, 18.9864) -> 3135 (17.617, 18.6488)
    4155 (14.8982, 4.41544) -> 9430 (14.764, 4.6157)
    4156 (19.5422, 10.0968) -> 7334 (19.1588, 10.0659)
    4157 (17.511, 12.6774) -> 5467 (16.4296, 12.0607)
    4158 (18.2451, 12.8541) -> 7392 (16.6977, 12.0468)
    4159 (1.19664, 21.4385) -> 5889 (1.18558, 20.8475)
    4160 (4.91124, 1.21402) -> 4369 (4.42, 3.04887)
    4161 (6.75519, 16.6839) -> 7314 (5.1336, 16.2342)
    4162 (2.38585, 12.4128) -> 64 (1.41575, 14.0225)
    4163 (2.62681, 9.81556) -> 9324 (2.06046, 11.6223)
    4164 (5.01555, 23.5726) -> 8307 (4.37207, 22.0487)
    4165 (10.049, 17.1321) -> 8424 (8.18329, 16.6818)
    4166 (16.0205, 21.0682) -> 7656 (14.9973, 20.6549)
    4167 (4.37643, 10.319) -> 3061 (3.52693, 11.292)
    4168 (23.0193, 23.8411) -> 9709 (21.6456, 23.3157)
    4169 (7.64482, 17.6121) -> 2908 (6.86917, 17.3071)
    4170 (17.2144, 10.28) -> 5501 (16.4813, 10.1761)
    4171 (22.7495, 5.90847) -> 5333 (20.9832, 6.47363)
    4172 (10.0141, 19.5776) -> 6157 (8.31506, 18.7527)
    4173 (3.3055, 8.03907) -> 9342 (2.87514, 9.37603)
    4174 (17.2372, 24.4114) -> 9789 (15.8235, 23.6382)
    4175 (16.5891, 17.2275) -> 8058 (14.7252, 17.0578)
    4176 (0.744693, 16.5567) -> 0 (1, 15)
    4177 (11.6077, 0.393847) -> 8833 (11.1142, 1.01901)
    4178 (10.7818, 9.27953) -> 6315 (10.2282, 9.4719)
    4179 (21.8987, 15.6456) -> 1160 (20.5572, 15.7596)
    4180 (6.62189, 14.9977) -> 3474 (5.94049, 14.9956)
    4181 (12.1415, 17.7096) -> 8614 (11.1885, 17.5627)
    4182 (0.644577, 10.8428) -> 4096 (0.672147, 11.5733)
    4183 (5.87186, 17.9891) -> 732 (4.38578, 17.1145)
    4184 (10.2166, 20.8625) -> 7243 (8.57536, 19.8138)
    4185 (19.1441, 6.51084) -> 8950 (18.4829, 6.70677)
    4186 (5.22293, 6.05337) -> 7635 (4.63512, 7.18739)
    4187 (14.1567, 15.0816) -> 7680 (12.8581, 16.1057)
    4188 (13.1747, 10.2106) -> 5820 (11.9329, 9.44665)
    4189 (23.5262, 7.11322) -> 1317 (22.9783, 7.18925)
    4190 (9.08756, 16.1807) -> 8025 (7.33212, 15.9333)
    4191 (24.5796, 12.1895) -> 495 (22.7421, 11.7351)
    4192 (21.8237, 21.619) -> 9051 (20.2831, 21.2432)
    4193 (13.6365, 5.60637) -> 9569 (13.0238, 5.9751)
    4194 (5.13584, 11.2159) -> 2090 (3.65094, 12.2592)
    4195 (19.2297, 21.6711) -> 7930 (18.8057, 21.4937)
    4196 (21.2246, 9.8285) -> 8896 (19.4444, 9.71555)
    4197 (20.6774, 5.6669) -> 5996 (18.8272, 6.24166)
    4198 (19.4076, 4.81076) -> 4288 (18.5911, 5.19643)
    4199 (18.6912, 4.45914) -> 9511 (17.9849, 4.9996)
    4200 (2.72398, 10.6424) -> 6467 (1.97674, 12.4383)
    4201 (9.59654, 17.6054) -> 9167 (9.50125, 17.6046)
    4202 (16.6825, 18.6065) -> 7150 (14.7596, 18.1613)
    4203 (4.79591, 21.3446) -> 6403 (3.74893, 19.6756)
    4204 (6.56614, 20.4658) -> 9303 (5.47348, 19.4)
    4205 (3.84776, 20.3296) -> 4453 (3.41609, 19.5953)
    4206 (8.10824, 3.14476) -> 9966 (7.23145, 4.62212)
    4207 (15.5634, 17.3186) -> 5407 (15.2109, 17.2608)
    4208 (24.6586, 11.5097) -> 5909 (22.978, 11.1893)
    4209 (16.5058, 16.1356) -> 988 (15.1544, 16.2323)
    4210 (16.6458, 4.64333) -> 2530 (15.186, 5.65895)
    4211 (21.0666, 2.62497) -> 4362 (20.0403, 3.17755)
    4212 (19.1991, 9.62056) -> 8622 (18.0185, 9.57597)
    4213 (8.95791, 0.904695) -> 3245 (8.03633, 2.54132)
    4214 (2.87133, 6.36445) -> 7257 (2.56097, 7.80751)
    4215 (12.7619, 6.83637) -> 8834 (11.3241, 7.60392)
    4216 (3.6842, 22.0443) -> 7565 (3.45439, 21.3411)
    4217 (22.7759, 17.3448) -> 133 (20.8917, 17.1657)
    4218 (9.5658, 22.256) -> 9759 (8.98, 21.7142)
    4219 (12.1652, 23.7297) -> 9647 (11.5939, 23.3161)
    4220 (0.0588486, 15.3449) -> 0 (1, 15)
    4221 (15.8485, 1.7951) -> 9062 (14.7631, 2.79772)
    4222 (20.933, 18.1887) -> 7878 (19.0936, 17.9748)
    4223 (7.94886, 4.89179) -> 5898 (6.77189, 6.47932)
    4224 (6.27582, 22.5395) -> 3935 (5.27936, 21.1963)
    4225 (14.4892, 18.1202) -> 6407 (12.6153, 17.6702)
    4226 (19.5435, 3.91242) -> 9511 (17.9849, 4.9996)
    4227 (2.23002, 21.7213) -> 7605 (1.98764, 20.5361)
    4228 (0.730127, 11.5021) -> 1080 (0.828559, 13.2809)
    4229 (23.2816, 16.4017) -> 8848 (21.5013, 16.4412)
    4230 (11.7668, 19.8067) -> 8073 (9.97066, 19.0716)
    4231 (16.4651, 8.24485) -> 9993 (15.3204, 8.40649)
    4232 (14.2968, 21.8577) -> 8566 (12.9768, 21.2255)
    4233 (24.2713, 7.23417) -> 163 (22.6071, 7.44836)
    4234 (14.9766, 10.8945) -> 9997 (13.1824, 10.13)
    4235 (8.51032, 10.141) -> 9472 (8.10019, 10.3261)
    4236 (8.89819, 17.9048) -> 7817 (7.65235, 17.3673)
    4237 (21.8361, 16.5348) -> 5956 (20.0189, 16.5091)
    4238 (17.7213, 19.4388) -> 5905 (16.6699, 19.1744)
    4239 (5.42976, 11.7177) -> 8991 (3.90597, 12.4922)
    4240 (14.2974, 15.4342) -> 9004 (12.8896, 16.187)
    4241 (21.7754, 21.1456) -> 8018 (21.0945, 20.9329)
    4242 (23.2548, 21.4657) -> 6055 (21.3419, 20.9081)
    4243 (16.0477, 12.7966) -> 5971 (14.7149, 11.5507)
    4244 (3.12248, 8.61783) -> 9342 (2.87514, 9.37603)
    4245 (22.4046, 1.68141) -> 6347 (20.9234, 2.44821)
    4246 (17.8382, 10.6072) -> 9851 (17.1512, 10.588)
    4247 (19.8032, 10.3586) -> 9587 (19.3717, 10.3946)
    4248 (20.0266, 2.32073) -> 3577 (18.9909, 3.08531)
    4249 (6.71028, 18.7744) -> 3201 (5.44541, 18.0016)
    4250 (21.0118, 7.17379) -> 5461 (19.3264, 7.55603)
    4251 (22.0419, 6.58178) -> 5686 (20.2148, 7.03603)
    4252 (24.2061, 19.7967) -> 6953 (23.2289, 19.6521)
    4253 (9.50473, 24.8737) -> 6507 (8.2048, 23.4831)
    4254 (15.4907, 1.44866) -> 6306 (14.3526, 2.39621)
    4255 (5.22425, 10.3511) -> 3509 (3.77492, 11.6557)
    4256 (24.646, 12.94) -> 8844 (23.3179, 12.7021)
    4257 (15.6684, 15.2421) -> 8599 (13.7745, 15.8099)
    4258 (14.7633, 20.7552) -> 8948 (13.6241, 20.3155)
    4259 (13.4326, 16.8046) -> 3598 (13.137, 16.787)
    4260 (24.8287, 9.85266) -> 9565 (23.0294, 9.69017)
    4261 (9.31955, 8.00898) -> 9639 (7.74841, 9.15475)
    4262 (24.9508, 18.533) -> 9269 (23.0474, 18.2239)
    4263 (18.6276, 15.2739) -> 834 (17.0225, 15.6259)
    4264 (10.6815, 22.372) -> 7649 (9.45379, 21.2831)
    4265 (10.5491, 19.0498) -> 9343 (9.23669, 18.4462)
    4266 (19.7089, 13.8308) -> 9145 (19.0008, 14.0112)
    4267 (15.8219, 13.1772) -> 9482 (15.6956, 13.3169)
    4268 (5.068, 8.68074) -> 2119 (4.403, 9.54176)
    4269 (6.12377, 4.27452) -> 4186 (5.22293, 6.05337)
    4270 (19.282, 8.70343) -> 7857 (17.6098, 8.91092)
    4271 (6.75309, 20.7958) -> 8330 (5.75101, 19.8194)
    4272 (13.2755, 7.83012) -> 216 (12.2071, 8.45057)
    4273 (12.5433, 24.9564) -> 7571 (12.4156, 24.8687)
    4274 (19.2457, 19.406) -> 7956 (17.496, 19.0237)
    4275 (19.3022, 0.613043) -> 9048 (18.5742, 1.20179)
    4276 (1.23501, 22.93) -> 4159 (1.19664, 21.4385)
    4277 (6.8128, 3.40247) -> 3580 (6.03136, 5.20619)
    4278 (19.2755, 22.2713) -> 8308 (17.5735, 21.5256)
    4279 (4.02914, 23.3472) -> 7609 (3.4127, 21.5011)
    4280 (1.57342, 23.9276) -> 2956 (1.45929, 22.8119)
    4281 (23.4607, 11.8117) -> 3335 (21.6706, 11.4425)
    4282 (16.7251, 20.4097) -> 7682 (15.6503, 20.0815)
    4283 (19.844, 9.70026) -> 8896 (19.4444, 9.71555)
    4284 (8.9949, 7.69847) -> 6424 (7.62853, 8.8687)
    4285 (9.96983, 4.72868) -> 4006 (8.66539, 6.18001)
    4286 (9.34784, 1.28355) -> 4940 (8.4704, 2.62598)
    4287 (5.29088, 3.18213) -> 9903 (5.00594, 3.67471)
    4288 (18.5911, 5.19643) -> 3728 (16.9146, 6.0644)
    4289 (13.3855, 24.229) -> 563 (12.1873, 23.3526)
    4290 (23.1176, 4.35798) -> 4359 (21.2775, 5.07611)
    4291 (21.645, 15.2136) -> 791 (20.1343, 15.4359)
    4292 (0.036453, 10.5136) -> 4579 (0.276257, 11.3825)
    4293 (22.894, 19.3971) -> 6883 (21.8541, 19.126)
    4294 (9.52208, 5.03026) -> 7803 (8.83172, 5.84657)
    4295 (0.342835, 10.9066) -> 8285 (0.405992, 11.2784)
    4296 (8.9364, 20.6462) -> 513 (7.51726, 19.7265)
    4297 (13.9807, 10.6979) -> 9997 (13.1824, 10.13)
    4298 (17.2533, 3.80244) -> 5265 (16.2181, 4.46781)
    4299 (10.6882, 20.5182) -> 5796 (9.45064, 19.8019)
    4300 (8.66046, 16.3206) -> 5822 (7.33848, 15.9947)
    4301 (24.653, 10.0563) -> 9487 (23.1015, 10.0204)
    4302 (24.3608, 11.8995) -> 9741 (22.6297, 11.2988)
    4303 (15.4608, 0.289622) -> 5040 (14.859, 0.878899)
    4304 (3.89994, 24.4545) -> 7738 (3.32999, 22.6881)
    4305 (19.8275, 3.16559) -> 9936 (18.5438, 3.9393)
    4306 (1.56769, 7.26926) -> 2195 (1.42113, 8.75767)
    4307 (3.30098, 8.93103) -> 5814 (2.73657, 10.2422)
    4308 (14.4758, 5.33783) -> 9034 (13.0665, 6.16144)
    4309 (24.6615, 8.50778) -> 7783 (24.511, 8.5202)
    4310 (22.6175, 2.44479) -> 6416 (20.9673, 3.29903)
    4311 (2.50905, 4.82729) -> 8854 (2.23314, 6.43854)
    4312 (14.8032, 1.83531) -> 4674 (13.6798, 2.89673)
    4313 (1.32157, 6.2148) -> 8646 (1.28994, 7.30035)
    4314 (20.2371, 8.49942) -> 2384 (18.7463, 8.61331)
    4315 (24.4681, 19.2202) -> 5437 (23.5302, 19.0551)
    4316 (22.3304, 14.3865) -> 9940 (20.7488, 14.6103)
    4317 (14.5551, 11.9616) -> 8639 (14.0727, 11.287)
    4318 (6.71134, 20.8969) -> 8330 (5.75101, 19.8194)
    4319 (7.31118, 21.4351) -> 9706 (6.08814, 20.3369)
    4320 (4.31046, 24.4272) -> 1717 (3.70871, 22.7823)
    4321 (12.1122, 5.85356) -> 6653 (10.7831, 6.74869)
    4322 (22.0255, 6.80176) -> 7532 (20.9448, 7.03523)
    4323 (24.8485, 16.312) -> 6329 (24.4703, 16.3325)
    4324 (0.502834, 12.0488) -> 7796 (0.549684, 12.339)
    4325 (4.14594, 19.1927) -> 2977 (3.47871, 18.24)
    4326 (20.1067, 3.73983) -> 3464 (18.4407, 4.60303)
    4327 (0.739755, 22.41) -> 8153 (0.800881, 20.8423)
    4328 (19.3292, 11.9936) -> 7846 (17.8386, 11.5006)
    4329 (15.5592, 8.95449) -> 8101 (13.6037, 9.19213)
    4330 (23.4227, 4.73036) -> 1234 (21.6482, 5.2757)
    4331 (22.2044, 10.7079) -> 9638 (21.0159, 10.4766)
    4332 (6.71631, 19.6449) -> 8046 (5.892, 18.9061)
    4333 (13.4254, 4.55834) -> 5581 (12.6202, 5.16067)
    4334 (14.7273, 9.53552) -> 9630 (13.1817, 9.64995)
    4335 (14.222, 8.55856) -> 8961 (13.6805, 8.75558)
    4336 (0.304104, 9.49662) -> 5386 (0.583176, 11.3218)
    4337 (14.0807, 19.024) -> 5680 (13.0088, 18.6902)
    4338 (16.5151, 1.18392) -> 8701 (15.8865, 1.78885)
    4339 (1.16542, 13.3574) -> 0 (1, 15)
    4340 (20.5355, 1.14148) -> 8789 (19.8812, 1.59979)
    4341 (5.00542, 6.45831) -> 7635 (4.63512, 7.18739)
    4342 (4.27393, 5.20242) -> 9674 (4.09943, 5.69824)
    4343 (23.533, 19.1717) -> 7288 (22.0556, 18.8629)
    4344 (7.49799, 19.0531) -> 7374 (5.9796, 18.1136)
    4345 (5.74911, 12.0921) -> 9349 (5.28373, 12.2513)
    4346 (11.8818, 3.40177) -> 6900 (11.1953, 4.16904)
    4347 (24.0638, 18.1563) -> 6180 (22.7534, 17.945)
    4348 (5.46486, 22.053) -> 8429 (5.19344, 21.6338)
    4349 (21.1902, 23.0304) -> 2959 (20.2194, 22.6645)
    4350 (6.22847, 22.0429) -> 6657 (5.09072, 20.5206)
    4351 (22.2536, 23.0321) -> 7222 (20.6047, 22.5886)
    4352 (24.1291, 20.4145) -> 8628 (23.0956, 20.1623)
    4353 (5.95802, 11.4413) -> 2414 (4.66166, 12.1969)
    4354 (20.4549, 22.4656) -> 9553 (19.9064, 22.317)
    4355 (13.9758, 19.3404) -> 7641 (12.6608, 18.8641)
    4356 (24.8466, 19.6076) -> 4937 (23.1864, 19.376)
    4357 (9.53091, 22.7943) -> 7496 (8.4617, 21.6751)
    4358 (15.3036, 20.9102) -> 6781 (14.4431, 20.5559)
    4359 (21.2775, 5.07611) -> 7195 (19.8153, 5.68227)
    4360 (22.2809, 20.9921) -> 7113 (20.9719, 20.5899)
    4361 (13.8391, 3.78395) -> 8078 (13.184, 4.38779)
    4362 (20.0403, 3.17755) -> 9936 (18.5438, 3.9393)
    4363 (9.22887, 17.7605) -> 674 (8.2547, 17.5187)
    4364 (5.20087, 0.98108) -> 5690 (5.02042, 1.36414)
    4365 (24.2942, 5.08035) -> 8758 (22.3978, 5.67773)
    4366 (6.063, 13.4155) -> 4665 (4.94478, 13.7069)
    4367 (16.7888, 9.7919) -> 9986 (16.0788, 9.77631)
    4368 (14.6777, 23.2817) -> 7437 (13.6217, 22.6811)
    4369 (4.42, 3.04887) -> 7598 (4.16183, 3.93866)
    4370 (22.9443, 13.0758) -> 7434 (21.7768, 12.7173)
    4371 (0.0237089, 1.53998) -> 5456 (0.189583, 3.04615)
    4372 (23.0241, 21.9842) -> 5691 (22.1651, 21.7369)
    4373 (12.1334, 17.9662) -> 6440 (10.4445, 17.5076)
    4374 (9.03805, 19.334) -> 9682 (7.53708, 18.4841)
    4375 (20.9357, 22.5126) -> 6792 (19.7364, 22.0152)
    4376 (7.35736, 10.973) -> 9009 (5.75771, 11.9504)
    4377 (14.6561, 24.2729) -> 5524 (13.1276, 23.2997)
    4378 (8.63065, 18.8826) -> 8717 (7.11234, 18.1094)
    4379 (7.66181, 8.17904) -> 6097 (6.38316, 9.35096)
    4380 (20.5353, 10.7879) -> 9515 (18.9904, 10.5671)
    4381 (7.80272, 18.221) -> 9690 (6.51007, 17.626)
    4382 (20.3127, 9.83452) -> 9032 (19.3693, 9.8313)
    4383 (5.73024, 21.3082) -> 8008 (4.8827, 20.0687)
    4384 (11.3207, 21.3807) -> 9305 (9.71748, 20.4085)
    4385 (5.77877, 15.0723) -> 998 (3.84666, 15.0704)
    4386 (17.4344, 14.2647) -> 9207 (16.8817, 14.4068)
    4387 (24.3233, 18.6509) -> 8558 (22.9797, 18.4255)
    4388 (15.9752, 20.3787) -> 5062 (15.0135, 20.0206)
    4389 (15.924, 11.6711) -> 6413 (14.8249, 11.0842)
    4390 (6.83462, 5.25164) -> 9310 (6.44459, 5.73634)
    4391 (5.521, 18.5438) -> 7282 (4.22174, 17.5156)
    4392 (20.5423, 23.11) -> 6498 (18.9341, 22.3368)
    4393 (20.0361, 11.5114) -> 8436 (18.5144, 11.1578)
    4394 (6.60887, 10.4174) -> 6220 (6.20941, 10.6477)
    4395 (6.48207, 24.5791) -> 7881 (5.6064, 22.9898)
    4396 (13.3024, 7.27947) -> 5808 (12.7522, 7.66481)
    4397 (7.39583, 21.9386) -> 9860 (6.64364, 20.9729)
    4398 (22.4393, 22.615) -> 2542 (21.9118, 22.4707)
    4399 (11.6812, 3.03996) -> 5586 (11.3318, 3.37088)
    4400 (7.50086, 16.9034) -> 8234 (6.33899, 16.4881)
    4401 (18.402, 5.08927) -> 688 (16.831, 5.93023)
    4402 (1.77403, 13.8973) -> 0 (1, 15)
    4403 (5.3495, 24.9198) -> 7968 (4.85286, 23.8596)
    4404 (2.56369, 24.3018) -> 8678 (2.20932, 22.4351)
    4405 (10.0514, 0.419965) -> 9453 (9.21505, 1.97439)
    4406 (6.29675, 5.49068) -> 853 (5.47743, 6.91713)
    4407 (12.3747, 9.76455) -> 1114 (11.572, 9.49554)
    4408 (17.8355, 3.74207) -> 8581 (16.4694, 4.60315)
    4409 (2.0809, 24.8633) -> 1769 (1.95621, 23.6668)
    4410 (18.6807, 24.185) -> 7042 (18.3605, 23.9735)
    4411 (4.56658, 17.4063) -> 7871 (4.0612, 17.0366)
    4412 (14.1245, 24.8111) -> 4289 (13.3855, 24.229)
    4413 (21.3888, 9.41169) -> 9385 (21.2947, 9.38034)
    4414 (21.9334, 11.5642) -> 9691 (20.1629, 11.2065)
    4415 (11.0499, 22.2767) -> 3191 (10.6563, 21.9983)
    4416 (17.3883, 8.5186) -> 8449 (16.3774, 8.6965)
    4417 (13.604, 16.2233) -> 7633 (12.8131, 16.2816)
    4418 (3.3906, 4.31879) -> 4968 (3.05342, 5.60652)
    4419 (1.61286, 24.6019) -> 2956 (1.45929, 22.8119)
    4420 (14.9373, 1.22379) -> 7547 (14.2505, 1.90786)
    4421 (19.1873, 17.4588) -> 7216 (17.2484, 17.2501)
    4422 (10.1459, 24.7361) -> 9786 (9.93473, 24.5284)
    4423 (7.87968, 6.70769) -> 7332 (7.1983, 7.44841)
    4424 (24.0478, 5.82851) -> 6087 (22.5142, 6.17511)
    4425 (21.5476, 21.9383) -> 7710 (19.9309, 21.3607)
    4426 (19.5441, 24.0213) -> 7047 (18.2949, 23.436)
    4427 (24.2454, 16.0585) -> 9660 (23.9174, 16.0048)
    4428 (5.62443, 13.8565) -> 1770 (5.12747, 13.9851)
    4429 (15.5388, 4.28139) -> 8700 (14.2125, 5.39717)
    4430 (19.2584, 16.5859) -> 7258 (17.7292, 16.5307)
    4431 (1.92574, 15.7078) -> 0 (1, 15)
    4432 (5.93264, 11.414) -> 2414 (4.66166, 12.1969)
    4433 (9.68883, 22.8649) -> 7496 (8.4617, 21.6751)
    4434 (11.3496, 8.40623) -> 5441 (10.6653, 8.80249)
    4435 (8.60638, 19) -> 4612 (7.2201, 18.2368)
    4436 (22.5412, 15.0293) -> 5802 (22.1191, 15.0477)
    4437 (1.84844, 4.88073) -> 9763 (1.71821, 5.91332)
    4438 (2.64125, 20.6113) -> 7851 (2.25438, 18.9798)
    4439 (4.00217, 18.9459) -> 2977 (3.47871, 18.24)
    4440 (8.05367, 16.4996) -> 4989 (6.19995, 16.0928)
    4441 (18.9663, 22.1621) -> 8308 (17.5735, 21.5256)
    4442 (5.22919, 16.255) -> 5033 (4.19594, 15.9369)
    4443 (10.6692, 7.6257) -> 7746 (10.1569, 7.95532)
    4444 (23.1508, 18.9916) -> 6037 (22.2612, 18.8301)
    4445 (22.2187, 7.00672) -> 9791 (21.6994, 7.12577)
    4446 (16.6437, 1.3055) -> 5577 (15.1402, 2.51689)
    4447 (20.9713, 15.7733) -> 9867 (20.816, 15.7878)
    4448 (9.52352, 5.1161) -> 2604 (8.49027, 6.28831)
    4449 (9.22052, 17.431) -> 4400 (7.50086, 16.9034)
    4450 (7.68509, 7.65082) -> 8211 (6.46093, 8.85756)
    4451 (16.3157, 7.13156) -> 351 (15.6909, 7.3536)
    4452 (2.10062, 4.71247) -> 7196 (1.87752, 6.16081)
    4453 (3.41609, 19.5953) -> 6748 (2.5647, 17.9601)
    4454 (21.7022, 19.2467) -> 8674 (20.2479, 18.9629)
    4455 (13.3229, 2.84386) -> 165 (12.1418, 3.90316)
    4456 (7.53195, 6.26554) -> 7005 (6.73735, 7.29414)
    4457 (24.9449, 18.2125) -> 4347 (24.0638, 18.1563)
    4458 (1.60676, 9.1016) -> 5044 (1.61473, 9.14488)
    4459 (7.95571, 7.15007) -> 1931 (7.0471, 8.18476)
    4460 (21.9447, 0.658061) -> 5532 (21.0472, 1.30171)
    4461 (3.83989, 0.469757) -> 9510 (3.65192, 1.16244)
    4462 (13.2441, 16.2232) -> 7633 (12.8131, 16.2816)
    4463 (0.103973, 7.85748) -> 7612 (0.218465, 8.74695)
    4464 (15.5225, 6.26739) -> 9350 (14.1199, 7.32928)
    4465 (23.3386, 14.0443) -> 7014 (22.5023, 13.6769)
    4466 (10.4341, 22.5748) -> 788 (9.18658, 21.5997)
    4467 (7.01276, 15.5856) -> 3279 (5.34172, 15.4237)
    4468 (20.4011, 16.3779) -> 8612 (18.4451, 16.4486)
    4469 (4.30492, 16.7167) -> 555 (2.77875, 15.9046)
    4470 (7.12128, 16.4225) -> 5659 (7.03221, 16.3993)
    4471 (7.84186, 3.37945) -> 9788 (7.00254, 4.81204)
    4472 (1.28242, 13.4083) -> 0 (1, 15)
    4473 (18.0261, 21.3127) -> 286 (16.5651, 20.6909)
    4474 (21.7365, 16.0379) -> 9572 (21.6253, 16.0401)
    4475 (17.3961, 13.3308) -> 9873 (15.8458, 14.3698)
    4476 (16.4286, 6.52908) -> 8252 (14.9477, 7.29444)
    4477 (16.007, 16.2749) -> 1342 (14.1132, 16.4031)
    4478 (19.8101, 13.9828) -> 7306 (19.1626, 14.1451)
    4479 (20.9264, 24.6739) -> 4426 (19.5441, 24.0213)
    4480 (1.83184, 5.72363) -> 9109 (1.77124, 7.68391)
    4481 (8.99195, 5.56736) -> 8208 (7.83966, 6.86139)
    4482 (24.4116, 7.7397) -> 6074 (23.3097, 8.00255)
    4483 (9.55454, 20.033) -> 20 (8.68664, 19.5319)
    4484 (0.865292, 18.5202) -> 986 (0.970879, 17.1237)
    4485 (0.648963, 21.9024) -> 8264 (0.703365, 20.8816)
    4486 (11.0465, 1.53336) -> 749 (9.93194, 2.99226)
    4487 (17.4963, 11.3243) -> 6840 (17.1033, 11.215)
    4488 (12.5299, 22.4898) -> 9890 (11.5033, 21.8239)
    4489 (1.0473, 3.50891) -> 6016 (0.936493, 5.23367)
    4490 (4.164, 8.24365) -> 6182 (3.72219, 9.03864)
    4491 (10.7497, 16.7611) -> 484 (9.43275, 16.4727)
    4492 (0.806299, 0.0299125) -> 8867 (0.805791, 1.99301)
    4493 (15.1103, 14.4776) -> 653 (13.8499, 15.3651)
    4494 (18.5943, 22.0094) -> 8308 (17.5735, 21.5256)
    4495 (5.19779, 23.9196) -> 184 (4.3662, 22.1199)
    4496 (19.1015, 16.5847) -> 7258 (17.7292, 16.5307)
    4497 (11.4949, 4.89546) -> 8926 (10.2122, 6.02411)
    4498 (2.66805, 18.8516) -> 7194 (2.30706, 18.0501)
    4499 (0.62151, 14.4127) -> 0 (1, 15)
    4500 (24.421, 2.84794) -> 8216 (22.8034, 3.60828)
    4501 (10.1724, 4.44044) -> 8191 (8.87166, 5.8438)
    4502 (6.42503, 22.2237) -> 9785 (5.30826, 20.6658)
    4503 (7.84652, 5.74106) -> 9426 (7.31966, 6.39488)
    4504 (10.2564, 24.4391) -> 8341 (9.95998, 24.1187)
    4505 (19.3381, 6.89374) -> 2917 (17.9675, 7.25481)
    4506 (14.8032, 22.5438) -> 6023 (13.3438, 21.6869)
    4507 (8.19027, 18.6555) -> 8717 (7.11234, 18.1094)
    4508 (22.1154, 18.586) -> 9448 (21.8393, 18.5469)
    4509 (10.2143, 4.80136) -> 9094 (9.36744, 5.84595)
    4510 (22.8053, 7.40025) -> 1996 (20.9002, 7.75045)
    4511 (8.37586, 9.81918) -> 9745 (6.89998, 10.7252)
    4512 (3.45194, 20.2542) -> 6531 (3.29905, 19.9534)
    4513 (12.0244, 8.86071) -> 6315 (10.2282, 9.4719)
    4514 (15.8394, 9.33803) -> 7904 (14.2808, 9.37748)
    4515 (4.63154, 24.393) -> 5934 (4.03391, 22.915)
    4516 (20.254, 7.50706) -> 8595 (19.357, 7.70756)
    4517 (19.6557, 13.5054) -> 4022 (18.0035, 12.6543)
    4518 (22.8547, 4.44459) -> 4359 (21.2775, 5.07611)
    4519 (18.1145, 11.1574) -> 9943 (17.2897, 10.6718)
    4520 (12.7665, 23.8867) -> 8846 (11.5274, 22.9372)
    4521 (22.6539, 7.53233) -> 1996 (20.9002, 7.75045)
    4522 (17.4081, 9.39894) -> 7677 (15.9743, 9.4599)
    4523 (24.8825, 4.63902) -> 3156 (23.1149, 5.22427)
    4524 (20.3067, 11.3633) -> 9251 (20.0175, 11.3069)
    4525 (4.06968, 24.8284) -> 4634 (3.50847, 23.2058)
    4526 (7.83927, 15.4318) -> 5919 (6.4385, 15.2654)
    4527 (22.2193, 11.0428) -> 9725 (21.5944, 10.9302)
    4528 (17.5625, 24.824) -> 6687 (17.2155, 24.5781)
    4529 (17.1742, 11.5499) -> 4050 (15.6126, 10.9512)
    4530 (4.25053, 12.0242) -> 3815 (2.70186, 12.9306)
    4531 (14.8926, 19.6015) -> 5958 (13.0093, 18.9725)
    4532 (5.67458, 22.7781) -> 4203 (4.79591, 21.3446)
    4533 (13.3266, 24.6793) -> 2897 (12.0206, 23.5959)
    4534 (14.0124, 5.53118) -> 9034 (13.0665, 6.16144)
    4535 (0.0495255, 23.0651) -> 9220 (0.147969, 22.1904)
    4536 (22.6537, 5.55288) -> 9361 (22.0296, 5.71001)
    4537 (24.4329, 16.2451) -> 6608 (22.6273, 16.2812)
    4538 (16.1091, 15.2396) -> 9753 (14.6881, 15.6923)
    4539 (6.51217, 18.4964) -> 1423 (5.02028, 17.5387)
    4540 (3.03972, 12.43) -> 1007 (2.36406, 12.9903)
    4541 (5.81248, 20.7521) -> 3400 (4.56864, 19.2593)
    4542 (22.1579, 2.16172) -> 6612 (20.8483, 2.87918)
    4543 (5.2794, 4.70659) -> 4697 (4.91968, 5.62374)
    4544 (19.329, 12.7878) -> 6156 (18.5033, 12.5056)
    4545 (24.6096, 16.6173) -> 2514 (23.2415, 16.5291)
    4546 (5.71891, 20.7736) -> 9728 (4.74942, 19.5719)
    4547 (18.7504, 7.69631) -> 8169 (16.9704, 8.12089)
    4548 (11.1534, 3.93781) -> 9296 (10.3226, 4.76584)
    4549 (17.4228, 22.8702) -> 8645 (16.9357, 22.6721)
    4550 (23.3511, 10.9305) -> 9798 (21.8002, 10.7322)
    4551 (18.5976, 19.3936) -> 9474 (16.7598, 18.9536)
    4552 (19.4143, 16.8741) -> 6260 (17.8079, 16.8756)
    4553 (11.9829, 20.1487) -> 7827 (10.573, 19.4817)
    4554 (21.381, 16.2541) -> 5043 (19.7611, 16.3152)
    4555 (8.78208, 5.99854) -> 7028 (8.47728, 6.33543)
    4556 (14.2784, 21.5859) -> 8126 (14.0206, 21.4453)
    4557 (11.3795, 21.8755) -> 6816 (11.0478, 21.6764)
    4558 (16.0337, 20.8328) -> 6878 (15.1566, 20.5426)
    4559 (22.7138, 2.20238) -> 9434 (21.3769, 3.04941)
    4560 (18.3205, 10.3487) -> 5501 (16.4813, 10.1761)
    4561 (11.4556, 17.7425) -> 9150 (9.83229, 17.324)
    4562 (4.22753, 17.6626) -> 8509 (3.1993, 16.7334)
    4563 (14.7036, 5.59623) -> 8786 (14.386, 5.75713)
    4564 (18.1504, 7.02903) -> 1235 (16.2606, 7.64358)
    4565 (15.5879, 16.4371) -> 2067 (14.2957, 16.5473)
    4566 (3.40724, 19.6129) -> 6748 (2.5647, 17.9601)
    4567 (17.3012, 12.8577) -> 8901 (15.969, 11.8778)
    4568 (18.4246, 5.92923) -> 5212 (16.948, 6.59842)
    4569 (5.75854, 11.5739) -> 2414 (4.66166, 12.1969)
    4570 (22.353, 5.68315) -> 8260 (20.5132, 6.25465)
    4571 (12.8796, 7.72639) -> 9933 (11.4784, 8.58718)
    4572 (14.4239, 6.59918) -> 6484 (13.8377, 6.91419)
    4573 (1.0453, 24.144) -> 8067 (1.05627, 23.4033)
    4574 (5.16086, 15.9146) -> 6989 (3.46072, 15.6297)
    4575 (23.2894, 22.7765) -> 9779 (21.5338, 22.144)
    4576 (0.504708, 14.4849) -> 0 (1, 15)
    4577 (24.5638, 19.6674) -> 8412 (22.8488, 19.3157)
    4578 (21.1912, 3.5248) -> 9297 (19.9539, 4.32407)
    4579 (0.276257, 11.3825) -> 1331 (0.690603, 13.1101)
    4580 (24.398, 2.7575) -> 6742 (23.6081, 3.12883)
    4581 (20.2225, 24.4319) -> 9734 (18.9433, 23.7641)
    4582 (16.7256, 14.168) -> 9603 (16.4764, 14.3311)
    4583 (0.50495, 5.45663) -> 5241 (0.611683, 7.42958)
    4584 (2.75647, 6.14391) -> 8849 (2.67878, 6.65375)
    4585 (2.56515, 11.6104) -> 7146 (1.83967, 12.9235)
    4586 (6.93405, 4.09733) -> 2986 (6.45933, 4.95532)
    4587 (1.58709, 3.59019) -> 6907 (1.47408, 4.97924)
    4588 (15.1678, 17.4312) -> 7758 (14.0046, 17.2077)
    4589 (14.5242, 9.54027) -> 9630 (13.1817, 9.64995)
    4590 (6.65849, 21.1795) -> 6201 (5.93012, 20.5531)
    4591 (18.1367, 22.1967) -> 9656 (16.6857, 21.6115)
    4592 (22.19, 22.7169) -> 6633 (21.3783, 22.4134)
    4593 (20.6771, 10.3812) -> 9587 (19.3717, 10.3946)
    4594 (13.3772, 19.8506) -> 5783 (11.9003, 19.2871)
    4595 (7.73534, 8.50225) -> 8672 (7.00014, 9.20182)
    4596 (10.3686, 1.34667) -> 3790 (9.70839, 2.237)
    4597 (3.21939, 23.6199) -> 8186 (3.03109, 22.9073)
    4598 (22.7879, 21.0464) -> 7113 (20.9719, 20.5899)
    4599 (2.12411, 13.0111) -> 5639 (1.39547, 14.2952)
    4600 (22.3939, 15.8761) -> 5250 (20.5448, 16.0054)
    4601 (0.312771, 17.3152) -> 5884 (0.758196, 15.8671)
    4602 (21.1886, 9.44635) -> 6028 (19.9741, 9.31533)
    4603 (13.9495, 8.11327) -> 5188 (12.2888, 8.66361)
    4604 (17.4544, 1.25351) -> 8069 (17.141, 1.498)
    4605 (21.4868, 10.4212) -> 8912 (19.6966, 10.246)
    4606 (6.62736, 8.89285) -> 8382 (5.94817, 9.51674)
    4607 (0.0802804, 22.4993) -> 5391 (0.152438, 21.4822)
    4608 (3.29731, 4.31501) -> 9398 (3.02097, 5.47099)
    4609 (19.0657, 19.9276) -> 9790 (17.9364, 19.5471)
    4610 (16.0222, 7.72417) -> 6464 (14.426, 8.22946)
    4611 (21.0539, 14.4389) -> 332 (19.4557, 14.7382)
    4612 (7.2201, 18.2368) -> 1637 (5.93034, 17.5423)
    4613 (4.80862, 14.1073) -> 6366 (3.7184, 14.4315)
    4614 (15.6478, 0.856542) -> 7262 (14.5859, 1.9454)
    4615 (4.57156, 13.925) -> 360 (3.86137, 14.2136)
    4616 (9.26766, 17.1994) -> 9952 (7.45955, 16.7816)
    4617 (1.52388, 2.76184) -> 9329 (1.48571, 3.72869)
    4618 (19.1346, 24.9994) -> 9346 (18.8694, 24.8662)
    4619 (7.31123, 16.3903) -> 7406 (6.46803, 16.1905)
    4620 (4.51675, 13.4692) -> 3320 (2.684, 14.1719)
    4621 (20.2909, 21.5383) -> 7588 (19.7197, 21.3412)
    4622 (21.1133, 23.5513) -> 1134 (19.6418, 22.9067)
    4623 (22.5738, 12.9379) -> 7434 (21.7768, 12.7173)
    4624 (6.27003, 22.7122) -> 9770 (5.41289, 21.442)
    4625 (12.9189, 9.5771) -> 9390 (11.188, 9.24785)
    4626 (2.67166, 10.7674) -> 6467 (1.97674, 12.4383)
    4627 (13.8342, 3.79974) -> 8078 (13.184, 4.38779)
    4628 (22.759, 7.30288) -> 5751 (22.4568, 7.359)
    4629 (3.0369, 19.5468) -> 7194 (2.30706, 18.0501)
    4630 (23.0063, 21.6159) -> 6972 (21.7864, 21.2553)
    4631 (19.5891, 10.2715) -> 6003 (18.6929, 10.1742)
    4632 (5.35863, 20.3235) -> 9728 (4.74942, 19.5719)
    4633 (4.48767, 22.0393) -> 9442 (4.34099, 21.577)
    4634 (3.50847, 23.2058) -> 7738 (3.32999, 22.6881)
    4635 (10.5679, 5.15129) -> 3575 (9.26077, 6.33273)
    4636 (11.5283, 18.6225) -> 7886 (10.2241, 18.2334)
    4637 (0.784867, 21.767) -> 8153 (0.800881, 20.8423)
    4638 (15.5017, 20.9414) -> 9669 (14.752, 20.6053)
    4639 (8.05828, 2.7195) -> 9942 (7.33282, 3.89982)
    4640 (19.411, 22.364) -> 2000 (18.3924, 21.975)
    4641 (5.69557, 5.72526) -> 5361 (5.22534, 6.60519)
    4642 (16.8702, 3.06244) -> 5891 (16.1279, 3.61484)
    4643 (0.439457, 15.0103) -> 0 (1, 15)
    4644 (13.99, 18.3185) -> 9225 (13.093, 18.0388)
    4645 (7.15813, 1.55922) -> 8355 (6.4976, 2.91328)
    4646 (9.25869, 17.9279) -> 7424 (8.18777, 17.5597)
    4647 (7.08165, 23.8817) -> 8699 (6.26716, 22.7042)
    4648 (5.36434, 16.2407) -> 6420 (3.56224, 15.7002)
    4649 (0.225651, 16.1653) -> 0 (1, 15)
    4650 (6.79737, 7.48721) -> 6763 (5.92151, 8.58661)
    4651 (4.63578, 17.2017) -> 9143 (3.35595, 16.481)
    4652 (6.09801, 18.4466) -> 9327 (4.79531, 17.5324)
    4653 (19.9846, 16.7122) -> 8445 (19.5438, 16.689)
    4654 (3.95407, 13.487) -> 8074 (2.47433, 14.2193)
    4655 (6.92706, 14.7184) -> 9978 (5.52251, 14.8091)
    4656 (16.1455, 5.10563) -> 516 (14.8068, 5.91642)
    4657 (7.34241, 19.7304) -> 5656 (5.79431, 18.5286)
    4658 (17.7325, 18.0949) -> 6668 (15.8747, 17.773)
    4659 (8.06862, 16.8029) -> 7933 (6.31532, 16.4142)
    4660 (24.8172, 7.8265) -> 9106 (22.8492, 8.12811)
    4661 (22.1804, 13.3513) -> 5941 (20.5056, 12.6933)
    4662 (9.70128, 4.77196) -> 2573 (9.04508, 5.54683)
    4663 (0.732079, 7.43365) -> 6789 (0.749161, 8.30544)
    4664 (21.1341, 4.14718) -> 8486 (19.6109, 4.84414)
    4665 (4.94478, 13.7069) -> 2762 (3.67958, 14.0579)
    4666 (3.51345, 14.53) -> 1189 (2.62531, 14.6791)
    4667 (2.21051, 13.8668) -> 0 (1, 15)
    4668 (12.067, 3.02772) -> 8586 (10.6495, 4.37694)
    4669 (22.9241, 14.2572) -> 4673 (21.2123, 13.5892)
    4670 (14.0795, 15.4993) -> 9004 (12.8896, 16.187)
    4671 (7.39663, 6.84859) -> 92 (6.44583, 7.98417)
    4672 (18.0531, 13.8722) -> 9207 (16.8817, 14.4068)
    4673 (21.2123, 13.5892) -> 2063 (19.5059, 12.808)
    4674 (13.6798, 2.89673) -> 2173 (12.7259, 3.79213)
    4675 (14.8353, 13.7573) -> 6336 (13.6904, 15.3569)
    4676 (6.63582, 12.8525) -> 8935 (4.85755, 12.9074)
    4677 (11.4276, 6.85813) -> 9776 (10.7579, 7.40473)
    4678 (14.4598, 17.3841) -> 3222 (12.5842, 17.074)
    4679 (20.7733, 17.8478) -> 8452 (19.1647, 17.6185)
    4680 (15.6783, 16.8644) -> 6357 (14.462, 16.7668)
    4681 (1.63842, 15.4714) -> 0 (1, 15)
    4682 (24.6681, 20.0914) -> 5533 (23.3672, 19.7971)
    4683 (14.1938, 24.1983) -> 782 (12.5939, 23.1305)
    4684 (5.81727, 23.7569) -> 6098 (4.94323, 22.1397)
    4685 (20.4133, 8.95108) -> 3893 (18.9198, 9.0014)
    4686 (24.1259, 9.99405) -> 8198 (23.9248, 9.97423)
    4687 (19.2674, 14.6049) -> 6408 (17.8361, 15.0318)
    4688 (7.496, 5.39421) -> 5898 (6.77189, 6.47932)
    4689 (4.28121, 19.8577) -> 9592 (3.57435, 18.7714)
    4690 (22.5508, 23.7325) -> 3852 (21.5947, 23.3314)
    4691 (21.7033, 7.76135) -> 9793 (19.8873, 8.09283)
    4692 (14.3675, 7.44585) -> 9241 (12.6873, 8.23749)
    4693 (16.318, 23.9638) -> 9789 (15.8235, 23.6382)
    4694 (19.8527, 15.0345) -> 5161 (18.7322, 15.2554)
    4695 (12.1095, 17.7949) -> 8614 (11.1885, 17.5627)
    4696 (1.58777, 11.9834) -> 4472 (1.28242, 13.4083)
    4697 (4.91968, 5.62374) -> 3662 (4.26955, 7.28989)
    4698 (10.6532, 6.59454) -> 6568 (9.70531, 7.28334)
    4699 (9.8359, 18.2587) -> 7424 (8.18777, 17.5597)
    4700 (23.838, 16.7437) -> 7764 (22.1312, 16.6917)
    4701 (20.0921, 6.85152) -> 8536 (18.4948, 7.32883)
    4702 (13.1484, 4.16209) -> 6632 (11.9982, 5.29803)
    4703 (7.51923, 5.44692) -> 5898 (6.77189, 6.47932)
    4704 (1.58743, 15.0501) -> 0 (1, 15)
    4705 (8.86061, 5.49466) -> 4423 (7.87968, 6.70769)
    4706 (15.2712, 1.29632) -> 7262 (14.5859, 1.9454)
    4707 (10.0797, 22.3261) -> 788 (9.18658, 21.5997)
    4708 (14.2385, 23.949) -> 7999 (13.9047, 23.7517)
    4709 (12.5453, 6.16414) -> 9481 (11.9518, 6.45553)
    4710 (18.3647, 18.0697) -> 6457 (16.4562, 17.7753)
    4711 (17.4643, 23.2449) -> 8492 (16.2673, 22.567)
    4712 (18.304, 23.5492) -> 7852 (16.7354, 22.6717)
    4713 (17.2449, 13.6122) -> 9873 (15.8458, 14.3698)
    4714 (16.7468, 20.4528) -> 437 (15.1984, 19.9896)
    4715 (23.5934, 0.294125) -> 3973 (22.8201, 0.799877)
    4716 (4.89895, 24.9674) -> 5051 (4.30467, 23.54)
    4717 (22.0553, 15.7751) -> 835 (20.3631, 15.8515)
    4718 (12.8734, 21.586) -> 4804 (11.3239, 20.6703)
    4719 (14.1838, 5.8726) -> 9904 (12.7544, 6.72165)
    4720 (23.361, 15.1137) -> 9189 (22.2978, 15.2326)
    4721 (22.9076, 9.90945) -> 6349 (21.586, 9.87062)
    4722 (18.6689, 21.9959) -> 8308 (17.5735, 21.5256)
    4723 (17.0783, 10.8468) -> 5538 (15.5722, 10.4641)
    4724 (6.74491, 10.619) -> 8244 (6.28015, 10.9833)
    4725 (10.9292, 19.7764) -> 8793 (9.4844, 19.1819)
    4726 (20.466, 12.989) -> 6910 (19.0037, 12.395)
    4727 (23.5333, 1.17042) -> 1090 (22.2541, 1.90162)
    4728 (16.8584, 17.9268) -> 6668 (15.8747, 17.773)
    4729 (16.0192, 19.0956) -> 8635 (14.8861, 18.819)
    4730 (12.0524, 19.3585) -> 2970 (10.2163, 18.5802)
    4731 (4.08777, 5.46146) -> 1777 (3.68764, 6.76733)
    4732 (13.3138, 17.0213) -> 3770 (11.3606, 16.651)
    4733 (13.9314, 10.4629) -> 9997 (13.1824, 10.13)
    4734 (18.7593, 13.6834) -> 9380 (17.2845, 14.2102)
    4735 (11.9345, 22.3262) -> 6816 (11.0478, 21.6764)
    4736 (21.4796, 21.5844) -> 9051 (20.2831, 21.2432)
    4737 (3.63785, 19.7727) -> 7075 (3.33042, 19.292)
    4738 (4.63911, 17.2492) -> 9143 (3.35595, 16.481)
    4739 (11.2165, 8.09409) -> 3347 (10.3945, 8.58505)
    4740 (13.6863, 9.68038) -> 9630 (13.1817, 9.64995)
    4741 (2.20837, 0.29291) -> 6038 (2.10265, 1.94316)
    4742 (5.59142, 5.75618) -> 8760 (4.97769, 6.96995)
    4743 (17.0837, 4.51211) -> 4656 (16.1455, 5.10563)
    4744 (2.89937, 13.5519) -> 3058 (2.06933, 14.1775)
    4745 (12.7175, 8.33219) -> 6622 (12.3505, 8.50881)
    4746 (5.95102, 14.6861) -> 6335 (3.98776, 14.8156)
    4747 (20.3213, 24.3029) -> 3480 (18.6315, 23.3894)
    4748 (19.4607, 13.8975) -> 9145 (19.0008, 14.0112)
    4749 (11.9943, 17.4555) -> 312 (10.3192, 17.0818)
    4750 (9.91065, 3.18318) -> 9550 (9.26414, 4.12174)
    4751 (4.85348, 3.88458) -> 9674 (4.09943, 5.69824)
    4752 (2.91592, 9.16026) -> 9972 (2.56851, 9.99173)
    4753 (6.58345, 23.0898) -> 8699 (6.26716, 22.7042)
    4754 (18.2108, 23.2053) -> 8645 (16.9357, 22.6721)
    4755 (22.0962, 7.66723) -> 427 (21.3455, 7.79103)
    4756 (2.10409, 21.9618) -> 3805 (1.82848, 20.1307)
    4757 (22.2161, 9.72758) -> 9385 (21.2947, 9.38034)
    4758 (19.2202, 11.9432) -> 7864 (18.4509, 11.6907)
    4759 (4.98428, 2.3058) -> 1502 (4.48046, 3.74583)
    4760 (6.14012, 0.362379) -> 9383 (5.9365, 0.760025)
    4761 (12.0574, 22.7824) -> 234 (11.2256, 22.2366)
    4762 (7.12435, 23.3144) -> 5261 (6.72669, 22.7573)
    4763 (24.1727, 14.4277) -> 5099 (22.4323, 13.7235)
    4764 (6.85703, 20.047) -> 3548 (5.65981, 18.9916)
    4765 (5.33248, 3.67475) -> 3661 (4.7244, 5.12906)
    4766 (14.9565, 21.9249) -> 8126 (14.0206, 21.4453)
    4767 (23.5424, 2.31005) -> 7854 (22.6346, 2.84886)
    4768 (11.2585, 8.96311) -> 6315 (10.2282, 9.4719)
    4769 (20.6181, 1.06971) -> 8789 (19.8812, 1.59979)
    4770 (21.5364, 13.8694) -> 7631 (20.064, 13.2929)
    4771 (2.11477, 11.3266) -> 9324 (2.06046, 11.6223)
    4772 (15.3925, 21.7533) -> 4029 (13.6423, 20.9461)
    4773 (6.10786, 1.51436) -> 9344 (5.58371, 2.91653)
    4774 (2.51046, 6.51129) -> 6525 (2.10735, 8.45847)
    4775 (18.2604, 5.43313) -> 9771 (17.2623, 5.90655)
    4776 (4.74684, 22.9433) -> 8307 (4.37207, 22.0487)
    4777 (21.084, 4.41117) -> 6293 (19.4638, 5.15404)
    4778 (7.40055, 23.6565) -> 4350 (6.22847, 22.0429)
    4779 (24.492, 14.3199) -> 6173 (23.4723, 13.9545)
    4780 (19.1272, 16.5263) -> 7258 (17.7292, 16.5307)
    4781 (10.5177, 19.694) -> 9836 (8.99679, 18.9492)
    4782 (10.455, 6.02169) -> 6741 (10.4085, 6.06169)
    4783 (9.57121, 17.9014) -> 674 (8.2547, 17.5187)
    4784 (16.9682, 0.481186) -> 8249 (15.7233, 1.52842)
    4785 (19.425, 6.77991) -> 2917 (17.9675, 7.25481)
    4786 (12.5028, 21.7571) -> 6099 (11.9524, 21.4173)
    4787 (15.2802, 18.6069) -> 4644 (13.99, 18.3185)
    4788 (7.31739, 14.6054) -> 9351 (7.00209, 14.6162)
    4789 (9.42218, 5.1558) -> 7803 (8.83172, 5.84657)
    4790 (5.68473, 20.7278) -> 9728 (4.74942, 19.5719)
    4791 (8.13841, 7.74381) -> 4957 (7.07901, 8.73246)
    4792 (3.75999, 24.4083) -> 7738 (3.32999, 22.6881)
    4793 (13.1656, 18.8306) -> 8443 (11.7921, 18.3719)
    4794 (0.106929, 15.6414) -> 0 (1, 15)
    4795 (1.73641, 8.50834) -> 5044 (1.61473, 9.14488)
    4796 (1.50955, 15.0175) -> 0 (1, 15)
    4797 (5.23197, 18.9638) -> 7303 (4.13992, 17.9273)
    4798 (3.26699, 2.16421) -> 2484 (3.04937, 3.47853)
    4799 (7.269, 10.0383) -> 6365 (5.92529, 10.9282)
    4800 (2.66375, 19.6206) -> 8515 (2.13847, 18.208)
    4801 (1.75558, 10.7366) -> 4905 (1.57854, 11.475)
    4802 (0.906677, 24.6912) -> 8532 (1.00225, 22.9604)
    4803 (17.3865, 6.44477) -> 3390 (16.1084, 6.95364)
    4804 (11.3239, 20.6703) -> 8984 (9.58127, 19.7278)
    4805 (6.44309, 24.9306) -> 4684 (5.81727, 23.7569)
    4806 (17.3032, 0.0677104) -> 5283 (16.941, 0.316393)
    4807 (12.1646, 23.4862) -> 8310 (11.4442, 22.9806)
    4808 (18.603, 22.2469) -> 7055 (18.4567, 22.1888)
    4809 (9.06389, 17.7837) -> 7817 (7.65235, 17.3673)
    4810 (20.3299, 22.4773) -> 2423 (18.6895, 21.8389)
    4811 (21.709, 18.2161) -> 7361 (20.7077, 18.0663)
    4812 (21.83, 9.34994) -> 9554 (21.0381, 9.2867)
    4813 (1.80511, 23.5451) -> 5103 (1.78268, 23.3484)
    4814 (18.4324, 13.2846) -> 4157 (17.511, 12.6774)
    4815 (5.99814, 13.8214) -> 3293 (5.18708, 14.0488)
    4816 (0.95924, 19.7932) -> 9726 (0.928142, 18.8124)
    4817 (7.71234, 23.6705) -> 9267 (7.58708, 23.5225)
    4818 (17.2616, 24.6892) -> 4895 (15.8154, 23.822)
    4819 (23.7418, 18.6394) -> 7223 (22.0024, 18.3803)
    4820 (7.95002, 2.22703) -> 4135 (7.26008, 3.56162)
    4821 (12.3214, 2.9174) -> 6900 (11.1953, 4.16904)
    4822 (17.922, 15.1948) -> 7106 (16.1522, 15.6361)
    4823 (19.4383, 24.5394) -> 7042 (18.3605, 23.9735)
    4824 (8.03639, 17.2762) -> 6940 (6.52604, 16.8003)
    4825 (9.51105, 6.42244) -> 9989 (8.38392, 7.44398)
    4826 (20.6053, 20.3433) -> 5419 (18.983, 19.9464)
    4827 (6.89619, 13.4995) -> 381 (5.07737, 13.9615)
    4828 (23.153, 8.10478) -> 9106 (22.8492, 8.12811)
    4829 (3.87705, 15.2538) -> 1888 (2.94905, 15.1581)
    4830 (2.28984, 11.4427) -> 7805 (1.51117, 13.1277)
    4831 (13.1836, 0.542399) -> 1149 (12.1135, 1.90349)
    4832 (24.5949, 21.8565) -> 1913 (23.9934, 21.7223)
    4833 (11.9898, 19.6353) -> 9843 (10.3385, 18.9324)
    4834 (24.5378, 16.7025) -> 2514 (23.2415, 16.5291)
    4835 (2.06028, 8.63101) -> 9494 (1.81247, 9.90794)
    4836 (14.1688, 24.9214) -> 9080 (13.6534, 24.5549)
    4837 (0.20611, 20.2707) -> 2714 (0.317057, 19.5995)
    4838 (5.92809, 18.8689) -> 7242 (4.36966, 17.647)
    4839 (12.8468, 18.5648) -> 8256 (11.5604, 18.0391)
    4840 (17.7491, 2.60538) -> 6363 (16.2421, 3.7879)
    4841 (9.24227, 2.43637) -> 8154 (8.22883, 3.95552)
    4842 (2.14923, 9.34147) -> 9500 (1.828, 11.2447)
    4843 (11.7065, 20.7844) -> 6769 (10.088, 19.8623)
    4844 (23.6893, 11.8059) -> 8990 (22.4837, 11.558)
    4845 (13.4521, 16.1782) -> 7633 (12.8131, 16.2816)
    4846 (18.3225, 17.3093) -> 8189 (16.9634, 17.1621)
    4847 (1.18595, 21.8119) -> 8604 (1.15192, 20.8797)
    4848 (15.5404, 11.8605) -> 9537 (14.2943, 10.8857)
    4849 (10.5719, 4.67022) -> 9094 (9.36744, 5.84595)
    4850 (2.20078, 2.73871) -> 8053 (2.12324, 3.14518)
    4851 (4.25142, 5.23116) -> 9674 (4.09943, 5.69824)
    4852 (3.46628, 11.8088) -> 1007 (2.36406, 12.9903)
    4853 (20.7254, 8.88431) -> 9027 (20.342, 8.89567)
    4854 (3.17127, 23.3822) -> 8186 (3.03109, 22.9073)
    4855 (3.67051, 20.2125) -> 4566 (3.40724, 19.6129)
    4856 (5.79009, 20.0612) -> 8634 (4.87088, 19.1965)
    4857 (6.87742, 6.47498) -> 7358 (6.29714, 7.23888)
    4858 (15.3506, 20.2181) -> 3947 (14.0268, 19.7029)
    4859 (2.0104, 7.31986) -> 3658 (1.84092, 9.05374)
    4860 (16.5269, 14.4189) -> 2531 (14.8075, 15.3832)
    4861 (19.2882, 24.0016) -> 1932 (17.6784, 23.1289)
    4862 (19.7756, 8.51606) -> 8421 (17.8314, 8.6643)
    4863 (2.66106, 10.9847) -> 6467 (1.97674, 12.4383)
    4864 (15.963, 4.01996) -> 9715 (15.1895, 4.62542)
    4865 (20.2328, 11.6264) -> 7928 (18.5003, 11.2039)
    4866 (0.295384, 10.6436) -> 8285 (0.405992, 11.2784)
    4867 (1.07124, 14.3945) -> 0 (1, 15)
    4868 (18.8455, 10.7484) -> 9851 (17.1512, 10.588)
    4869 (21.5258, 24.7986) -> 299 (20.3057, 24.2608)
    4870 (6.64647, 10.8447) -> 643 (5.39106, 11.6892)
    4871 (7.73525, 23.5459) -> 9708 (7.43023, 23.1999)
    4872 (24.4025, 13.9727) -> 8097 (22.5961, 13.3978)
    4873 (8.88868, 2.09064) -> 9334 (8.23194, 3.19969)
    4874 (9.11297, 7.09685) -> 7866 (8.55002, 7.56554)
    4875 (9.94538, 2.30887) -> 9683 (8.96317, 3.72002)
    4876 (2.23403, 8.68322) -> 8900 (1.97124, 9.80797)
    4877 (16.8199, 8.60735) -> 8449 (16.3774, 8.6965)
    4878 (5.81834, 7.27701) -> 1805 (5.27455, 8.17188)
    4879 (18.13, 0.237921) -> 4446 (16.6437, 1.3055)
    4880 (6.05017, 24.2152) -> 5736 (5.36815, 22.9498)
    4881 (7.14912, 18.9381) -> 9896 (6.33673, 18.4071)
    4882 (18.3017, 11.275) -> 1087 (17.1507, 11.0187)
    4883 (21.9434, 24.9588) -> 9243 (20.7408, 24.2732)
    4884 (17.3606, 18.448) -> 8994 (16.3027, 18.2275)
    4885 (8.85872, 24.6602) -> 9245 (7.70614, 23.2083)
    4886 (5.49681, 19.2098) -> 922 (4.91667, 18.6272)
    4887 (9.96108, 5.98609) -> 6925 (9.04742, 6.83678)
    4888 (17.9243, 11.9126) -> 3645 (17.5475, 11.7647)
    4889 (9.62475, 18.9444) -> 9646 (8.14104, 18.2728)
    4890 (5.12722, 12.9951) -> 8935 (4.85755, 12.9074)
    4891 (19.2662, 2.88124) -> 8596 (17.5855, 3.86598)
    4892 (21.5764, 23.693) -> 8253 (19.8022, 22.9097)
    4893 (13.4319, 17.3787) -> 2617 (11.7742, 16.96)
    4894 (22.8121, 5.61064) -> 6703 (22.0132, 5.892)
    4895 (15.8154, 23.822) -> 7557 (14.4289, 23.0124)
    4896 (22.1625, 22.3855) -> 9779 (21.5338, 22.144)
    4897 (18.7647, 8.89319) -> 7491 (16.9037, 9.03447)
    4898 (5.71748, 18.5943) -> 7282 (4.22174, 17.5156)
    4899 (22.9639, 1.91858) -> 9434 (21.3769, 3.04941)
    4900 (6.52113, 14.4822) -> 9808 (4.8442, 14.6092)
    4901 (7.3985, 8.35387) -> 6097 (6.38316, 9.35096)
    4902 (8.80196, 18.2278) -> 9248 (7.02201, 17.4478)
    4903 (14.2871, 11.3676) -> 9997 (13.1824, 10.13)
    4904 (21.9827, 14.6821) -> 5002 (20.2238, 14.9636)
    4905 (1.57854, 11.475) -> 2280 (1.28349, 13.2038)
    4906 (13.8932, 18.5195) -> 8724 (12.0704, 18.0743)
    4907 (19.0852, 13.4308) -> 4158 (18.2451, 12.8541)
    4908 (2.61778, 7.48521) -> 7257 (2.56097, 7.80751)
    4909 (19.4066, 7.85375) -> 6921 (17.448, 8.17592)
    4910 (20.251, 0.466686) -> 8352 (19.7952, 0.806544)
    4911 (22.5096, 19.7626) -> 9431 (20.7994, 19.3779)
    4912 (17.0454, 9.20244) -> 3521 (15.1309, 9.21487)
    4913 (15.0839, 19.0089) -> 8876 (13.8748, 18.6855)
    4914 (22.513, 13.9507) -> 6829 (21.9111, 13.7641)
    4915 (5.50089, 24.2094) -> 5471 (4.75513, 22.7775)
    4916 (14.0861, 20.0351) -> 6988 (12.5045, 19.4121)
    4917 (4.77728, 18.415) -> 2261 (4.07501, 17.7824)
    4918 (17.1695, 14.4018) -> 5332 (15.9511, 14.8918)
    4919 (5.35597, 22.9002) -> 8282 (4.47494, 21.2478)
    4920 (17.6435, 4.05917) -> 5519 (16.0784, 5.10013)
    4921 (3.11366, 2.75687) -> 7354 (2.8487, 4.02997)
    4922 (10.214, 2.64661) -> 7645 (9.1806, 4.0103)
    4923 (5.17451, 21.9899) -> 2255 (4.25218, 20.4272)
    4924 (21.0665, 20.7828) -> 9396 (19.5188, 20.259)
    4925 (17.4958, 6.14111) -> 48 (16.7034, 6.54973)
    4926 (12.0968, 0.314673) -> 9244 (11.9132, 0.54939)
    4927 (16.8403, 18.2404) -> 8788 (15.7235, 18.034)
    4928 (7.72411, 20.6401) -> 7884 (6.57999, 19.7402)
    4929 (6.8819, 15.1211) -> 6330 (5.00926, 15.0978)
    4930 (4.83746, 8.31804) -> 9994 (4.64463, 8.6742)
    4931 (22.6533, 14.084) -> 6829 (21.9111, 13.7641)
    4932 (0.0746993, 13.481) -> 0 (1, 15)
    4933 (4.30196, 8.64789) -> 6698 (3.60165, 10.036)
    4934 (0.522922, 8.72544) -> 5781 (0.648044, 10.3565)
    4935 (5.5053, 6.71625) -> 7453 (5.13149, 7.37352)
    4936 (24.3735, 20.3636) -> 7031 (23.4709, 20.1357)
    4937 (23.1864, 19.376) -> 6883 (21.8541, 19.126)
    4938 (23.8249, 13.8681) -> 6488 (22.7835, 13.4689)
    4939 (15.1399, 2.817) -> 8182 (14.9752, 2.96529)
    4940 (8.4704, 2.62598) -> 6733 (7.71417, 3.83529)
    4941 (6.1843, 12.344) -> 6111 (4.66153, 12.6496)
    4942 (20.6039, 22.663) -> 8348 (20.0477, 22.4415)
    4943 (10.6521, 6.61588) -> 6568 (9.70531, 7.28334)
    4944 (0.630509, 19.1187) -> 8636 (0.751485, 17.8523)
    4945 (6.25033, 23.0521) -> 740 (5.34084, 21.5158)
    4946 (22.4288, 4.25421) -> 9210 (21.524, 4.62515)
    4947 (20.6837, 19.6829) -> 7650 (20.2798, 19.5955)
    4948 (7.47042, 1.53832) -> 7495 (6.7451, 3.18299)
    4949 (9.57561, 20.6812) -> 5037 (8.96605, 20.2512)
    4950 (0.299091, 15.0623) -> 0 (1, 15)
    4951 (0.714251, 21.897) -> 8153 (0.800881, 20.8423)
    4952 (1.9072, 22.7984) -> 9549 (1.68573, 20.8877)
    4953 (18.9197, 23.9665) -> 9031 (17.8732, 23.4167)
    4954 (22.2595, 9.33233) -> 9554 (21.0381, 9.2867)
    4955 (24.7481, 23.7166) -> 4119 (23.6407, 23.2874)
    4956 (10.7738, 5.99181) -> 6554 (9.97728, 6.65999)
    4957 (7.07901, 8.73246) -> 7331 (6.27373, 9.48039)
    4958 (1.20627, 5.46156) -> 6482 (1.22524, 6.98116)
    4959 (3.32575, 8.91744) -> 5814 (2.73657, 10.2422)
    4960 (22.276, 17.8786) -> 8719 (21.2036, 17.7182)
    4961 (11.2807, 0.602482) -> 8850 (10.8257, 1.25575)
    4962 (14.6948, 4.79501) -> 7302 (13.3438, 5.99176)
    4963 (15.5647, 13.9553) -> 2703 (14.6884, 14.6743)
    4964 (20.2506, 8.52745) -> 2384 (18.7463, 8.61331)
    4965 (1.57636, 7.89388) -> 1364 (1.43529, 9.33364)
    4966 (21.8989, 23.3044) -> 2959 (20.2194, 22.6645)
    4967 (1.27444, 16.3941) -> 0 (1, 15)
    4968 (3.05342, 5.60652) -> 4908 (2.61778, 7.48521)
    4969 (4.20216, 5.72874) -> 5016 (3.48527, 7.49138)
    4970 (6.42499, 11.41) -> 9349 (5.28373, 12.2513)
    4971 (13.7162, 5.52586) -> 9569 (13.0238, 5.9751)
    4972 (19.7771, 20.5058) -> 5035 (18.4274, 20.1495)
    4973 (8.27634, 2.75854) -> 6795 (8.22063, 2.8376)
    4974 (13.068, 19.5535) -> 6312 (11.4326, 18.9745)
    4975 (11.6913, 18.298) -> 5784 (10.1322, 17.8547)
    4976 (10.4245, 2.01869) -> 8730 (9.59908, 3.05577)
    4977 (10.1815, 18.4942) -> 750 (8.57068, 17.91)
    4978 (1.60002, 11.2532) -> 387 (1.35315, 13.187)
    4979 (20.8915, 11.2419) -> 9691 (20.1629, 11.2065)
    4980 (0.801848, 13.1148) -> 0 (1, 15)
    4981 (4.43035, 23.4474) -> 7395 (3.84681, 22.0629)
    4982 (10.0799, 3.18255) -> 9550 (9.26414, 4.12174)
    4983 (12.9557, 5.47933) -> 6944 (11.6963, 6.34996)
    4984 (19.3673, 3.96925) -> 9511 (17.9849, 4.9996)
    4985 (3.71548, 10.6565) -> 9755 (2.78377, 11.7859)
    4986 (6.18784, 21.2805) -> 4541 (5.81248, 20.7521)
    4987 (9.51252, 24.0308) -> 7452 (8.54916, 22.994)
    4988 (13.7109, 23.9585) -> 1749 (12.3905, 23.018)
    4989 (6.19995, 16.0928) -> 1542 (4.34526, 15.6291)
    4990 (11.0398, 2.71549) -> 5713 (10.1006, 3.77263)
    4991 (10.3856, 23.14) -> 6713 (9.3795, 22.2853)
    4992 (13.9975, 3.22391) -> 8115 (12.593, 4.49146)
    4993 (2.47378, 3.24097) -> 6812 (2.1051, 5.08391)
    4994 (23.7347, 23.2025) -> 7004 (21.9062, 22.528)
    4995 (20.4199, 10.8621) -> 9721 (18.735, 10.5422)
    4996 (16.2656, 1.90397) -> 8182 (14.9752, 2.96529)
    4997 (23.9725, 17.4895) -> 4217 (22.7759, 17.3448)
    4998 (7.00154, 20.6026) -> 6530 (5.78004, 19.3477)
    4999 (10.4697, 3.90125) -> 9774 (9.36768, 5.09934)
    5000 (7.08204, 4.82308) -> 9310 (6.44459, 5.73634)
    5001 (19.4451, 13.696) -> 3960 (18.2864, 14.1447)
    5002 (20.2238, 14.9636) -> 9928 (19.7174, 15.0887)
    5003 (18.3605, 22.1182) -> 9045 (18.0175, 22.0371)
    5004 (1.851, 1.16812) -> 6537 (1.77819, 1.90716)
    5005 (10.0261, 22.6001) -> 9759 (8.98, 21.7142)
    5006 (12.3576, 5.34151) -> 6244 (11.3178, 6.07241)
    5007 (12.6525, 23.1526) -> 9864 (12.3212, 22.8945)
    5008 (23.8325, 16.0421) -> 4104 (22.8557, 16.0556)
    5009 (6.64115, 0.0635603) -> 4773 (6.10786, 1.51436)
    5010 (20.1544, 19.9151) -> 734 (18.3921, 19.4139)
    5011 (20.9642, 2.93654) -> 7228 (19.2779, 3.85346)
    5012 (5.5526, 12.3942) -> 8463 (5.54577, 12.3807)
    5013 (8.75654, 7.19856) -> 5285 (7.86596, 8.05705)
    5014 (18.4963, 1.41851) -> 8738 (17.5539, 2.15932)
    5015 (5.31784, 0.0479155) -> 2034 (4.82942, 1.66628)
    5016 (3.48527, 7.49138) -> 9342 (2.87514, 9.37603)
    5017 (0.45985, 13.983) -> 0 (1, 15)
    5018 (11.0035, 3.46395) -> 7102 (10.1023, 4.4991)
    5019 (3.82766, 21.4281) -> 1264 (3.1256, 19.7644)
    5020 (16.4908, 6.41918) -> 3516 (15.1324, 7.07241)
    5021 (20.8625, 15.0747) -> 9281 (18.9177, 15.3878)
    5022 (6.70412, 24.1201) -> 8460 (5.89895, 22.8198)
    5023 (12.7197, 23.0812) -> 7569 (11.2724, 22.0896)
    5024 (3.95816, 21.1004) -> 7696 (3.5561, 20.2487)
    5025 (17.7471, 18.844) -> 8023 (17.4369, 18.7905)
    5026 (12.2738, 19.6368) -> 5649 (11.4235, 19.2753)
    5027 (15.5092, 16.5889) -> 5916 (14.782, 16.5561)
    5028 (0.979739, 24.4512) -> 8532 (1.00225, 22.9604)
    5029 (0.15793, 22.4093) -> 5550 (0.419495, 20.7796)
    5030 (12.7187, 22.0521) -> 6854 (11.3065, 21.2132)
    5031 (5.34551, 9.72089) -> 6629 (4.98725, 10.103)
    5032 (9.71703, 23.9448) -> 9259 (8.64312, 22.7919)
    5033 (4.19594, 15.9369) -> 1 (2.9274, 15.534)
    5034 (13.5406, 7.27461) -> 6666 (11.8241, 8.25703)
    5035 (18.4274, 20.1495) -> 8300 (17.1307, 19.7162)
    5036 (12.4692, 4.60152) -> 7270 (10.9966, 5.82768)
    5037 (8.96605, 20.2512) -> 7324 (7.37238, 19.2628)
    5038 (15.7551, 18.9766) -> 8187 (14.6471, 18.6797)
    5039 (3.44779, 7.45141) -> 9766 (3.19311, 8.07935)
    5040 (14.859, 0.878899) -> 7653 (13.5631, 2.05819)
    5041 (21.1449, 3.79714) -> 9020 (20.1567, 4.33824)
    5042 (10.9434, 8.95143) -> 3708 (9.82035, 9.49488)
    5043 (19.7611, 16.3152) -> 8612 (18.4451, 16.4486)
    5044 (1.61473, 9.14488) -> 9 (1.3659, 11.0274)
    5045 (14.8327, 19.0223) -> 8876 (13.8748, 18.6855)
    5046 (20.6335, 7.04212) -> 3980 (19.8811, 7.22629)
    5047 (11.8888, 1.74574) -> 4990 (11.0398, 2.71549)
    5048 (10.3677, 20.8169) -> 9305 (9.71748, 20.4085)
    5049 (8.57789, 18.9415) -> 3120 (7.13872, 18.1859)
    5050 (15.1948, 23.5571) -> 7437 (13.6217, 22.6811)
    5051 (4.30467, 23.54) -> 7819 (4.06855, 22.7922)
    5052 (7.49395, 10.1748) -> 8244 (6.28015, 10.9833)
    5053 (17.2878, 0.329678) -> 3883 (16.7248, 0.809848)
    5054 (16.9756, 0.16826) -> 9082 (16.5132, 0.612257)
    5055 (7.36046, 10.2475) -> 8244 (6.28015, 10.9833)
    5056 (24.3166, 1.67098) -> 9670 (22.6829, 2.71582)
    5057 (4.28076, 14.4901) -> 1048 (2.91499, 14.7187)
    5058 (4.27659, 4.98465) -> 9674 (4.09943, 5.69824)
    5059 (6.22857, 3.64404) -> 1631 (5.72444, 4.74267)
    5060 (7.79619, 6.23322) -> 4650 (6.79737, 7.48721)
    5061 (6.50834, 16.8569) -> 730 (5.31508, 16.4274)
    5062 (15.0135, 20.0206) -> 3947 (14.0268, 19.7029)
    5063 (4.07832, 1.03979) -> 7127 (3.85938, 2.02002)
    5064 (2.39007, 21.3206) -> 9886 (2.04827, 19.6871)
    5065 (1.00427, 24.1826) -> 3078 (1.01843, 23.3977)
    5066 (22.3648, 14.7691) -> 5724 (20.7812, 15.0806)
    5067 (5.78992, 16.758) -> 935 (4.31893, 16.1271)
    5068 (19.4509, 16.4979) -> 7258 (17.7292, 16.5307)
    5069 (13.3202, 5.80677) -> 9569 (13.0238, 5.9751)
    5070 (12.1734, 4.69521) -> 8886 (10.7924, 5.66906)
    5071 (7.82262, 19.373) -> 9896 (6.33673, 18.4071)
    5072 (3.13626, 8.05907) -> 9576 (2.92226, 8.59569)
    5073 (18.1061, 17.4152) -> 7205 (17.4138, 17.3602)
    5074 (14.2565, 16.853) -> 3598 (13.137, 16.787)
    5075 (24.7098, 17.3347) -> 6621 (23.0955, 17.1538)
    5076 (20.3501, 21.5945) -> 9662 (18.8592, 21.0431)
    5077 (11.137, 19.9785) -> 8793 (9.4844, 19.1819)
    5078 (21.4881, 18.4781) -> 7787 (19.5415, 18.2163)
    5079 (2.26273, 8.83953) -> 7445 (2.17871, 9.2333)
    5080 (8.63871, 9.44938) -> 9844 (7.80261, 10.0675)
    5081 (24.0227, 1.58779) -> 4559 (22.7138, 2.20238)
    5082 (13.6166, 8.621) -> 6856 (12.2589, 8.89221)
    5083 (10.0842, 24.0943) -> 1487 (8.78647, 22.8099)
    5084 (2.44546, 23.8132) -> 8678 (2.20932, 22.4351)
    5085 (10.4961, 7.80833) -> 7191 (10.1479, 8.04109)
    5086 (9.31679, 0.671507) -> 2841 (8.58506, 1.86585)
    5087 (7.39059, 14.1204) -> 8977 (6.22232, 14.276)
    5088 (21.4305, 22.1374) -> 9694 (20.209, 21.7346)
    5089 (22.8682, 6.11683) -> 2938 (20.9985, 6.48113)
    5090 (20.8545, 24.9209) -> 9044 (19.1445, 24.0065)
    5091 (12.5036, 18.028) -> 8836 (11.3332, 17.7452)
    5092 (16.7044, 24.5772) -> 7429 (15.9074, 24.0973)
    5093 (19.6609, 3.5656) -> 9637 (18.8122, 3.97945)
    5094 (15.6787, 3.01279) -> 9925 (15.2252, 3.30462)
    5095 (22.891, 22.1358) -> 7502 (21.1636, 21.574)
    5096 (15.2311, 18.6888) -> 5964 (13.868, 18.3548)
    5097 (0.979493, 14.1616) -> 0 (1, 15)
    5098 (20.8163, 17.4598) -> 6052 (18.8943, 17.2214)
    5099 (22.4323, 13.7235) -> 4128 (20.7603, 13.0066)
    5100 (18.9737, 10.7419) -> 8266 (18.7901, 10.7054)
    5101 (7.03844, 2.96405) -> 1247 (6.42978, 4.22212)
    5102 (2.34321, 10.8036) -> 9324 (2.06046, 11.6223)
    5103 (1.78268, 23.3484) -> 1615 (1.59132, 21.5458)
    5104 (3.13848, 14.6339) -> 1189 (2.62531, 14.6791)
    5105 (0.591283, 2.30142) -> 6732 (0.69325, 4.08289)
    5106 (15.1577, 15.2334) -> 8599 (13.7745, 15.8099)
    5107 (3.04951, 20.2328) -> 6101 (2.61442, 19.2168)
    5108 (5.12805, 13.4893) -> 8663 (3.4832, 14.1123)
    5109 (2.32085, 19.8244) -> 93 (1.96421, 17.9853)
    5110 (0.17731, 19.3064) -> 2363 (0.526883, 17.6437)
    5111 (6.65292, 22.3618) -> 9521 (6.11332, 21.7371)
    5112 (18.5585, 12.8812) -> 7136 (16.9631, 12.1002)
    5113 (23.5161, 15.4221) -> 9384 (22.3848, 15.5299)
    5114 (0.85191, 24.0514) -> 6091 (0.935034, 22.4872)
    5115 (5.24418, 11.5207) -> 9542 (4.25477, 12.1288)
    5116 (12.0433, 7.32134) -> 9001 (10.8539, 7.98093)
    5117 (16.8915, 3.98111) -> 2693 (15.4906, 4.92121)
    5118 (11.7065, 2.92416) -> 6652 (10.6909, 3.95154)
    5119 (19.4627, 16.4167) -> 8612 (18.4451, 16.4486)
    5120 (0.922355, 4.9145) -> 9498 (0.951482, 6.27534)
    5121 (11.0099, 22.8213) -> 6569 (9.79885, 22.0557)
    5122 (13.5741, 10.3929) -> 9997 (13.1824, 10.13)
    5123 (6.63761, 23.9532) -> 6611 (6.22742, 23.2667)
    5124 (11.967, 18.9113) -> 2235 (10.1916, 18.2664)
    5125 (18.2372, 19.1994) -> 9577 (16.7329, 18.8819)
    5126 (5.21448, 13.363) -> 8247 (3.86426, 13.8862)
    5127 (14.4683, 5.44831) -> 6378 (14.0159, 5.73269)
    5128 (7.50126, 24.9989) -> 5900 (6.43505, 23.4744)
    5129 (14.7233, 13.6752) -> 6336 (13.6904, 15.3569)
    5130 (22.934, 8.3526) -> 6764 (21.3606, 8.53649)
    5131 (6.3701, 11.4627) -> 9349 (5.28373, 12.2513)
    5132 (7.96049, 5.15785) -> 3936 (6.96876, 6.52373)
    5133 (13.1981, 5.47509) -> 7094 (11.9217, 6.43498)
    5134 (7.79798, 4.61525) -> 764 (6.77569, 6.08846)
    5135 (13.8675, 19.5755) -> 5465 (12.9408, 19.2529)
    5136 (6.74491, 15.4639) -> 2 (4.922, 15.3872)
    5137 (17.7589, 5.35043) -> 8193 (16.79, 5.86941)
    5138 (13.3325, 5.31206) -> 9481 (11.9518, 6.45553)
    5139 (24.2216, 11.4741) -> 9741 (22.6297, 11.2988)
    5140 (20.3613, 5.30909) -> 6837 (18.7797, 6.05184)
    5141 (2.29635, 3.3859) -> 6429 (2.12087, 4.57636)
    5142 (8.06878, 17.289) -> 6940 (6.52604, 16.8003)
    5143 (2.38425, 15.0146) -> 0 (1, 15)
    5144 (6.45761, 18.3671) -> 7180 (5.18768, 17.6001)
    5145 (10.0543, 3.79593) -> 7945 (9.32638, 4.68062)
    5146 (5.73641, 3.40118) -> 689 (5.14545, 5.00816)
    5147 (11.2551, 21.5596) -> 4184 (10.2166, 20.8625)
    5148 (11.1562, 16.8893) -> 9306 (10.0658, 16.6538)
    5149 (7.02324, 12.1908) -> 9559 (5.54577, 12.7936)
    5150 (24.0907, 11.1741) -> 6540 (22.9327, 10.9624)
    5151 (0.572963, 7.29092) -> 7137 (0.623537, 9.08592)
    5152 (8.67039, 6.63028) -> 8224 (7.46349, 7.86934)
    5153 (0.844737, 23.827) -> 6091 (0.935034, 22.4872)
    5154 (12.9238, 0.926453) -> 8202 (11.7853, 2.27736)
    5155 (1.66772, 11.3644) -> 6193 (1.63149, 11.7981)
    5156 (14.813, 3.68995) -> 8470 (13.1799, 4.77845)
    5157 (23.5598, 17.1625) -> 1698 (21.6977, 17.0695)
    5158 (15.2843, 20.097) -> 9078 (15.0282, 19.9826)
    5159 (13.9758, 18.5645) -> 8724 (12.0704, 18.0743)
    5160 (1.80764, 21.088) -> 6655 (1.59634, 19.3946)
    5161 (18.7322, 15.2554) -> 834 (17.0225, 15.6259)
    5162 (22.8463, 0.906035) -> 1924 (21.5408, 1.75517)
    5163 (5.58519, 7.2639) -> 9994 (4.64463, 8.6742)
    5164 (16.2569, 15.7386) -> 9407 (14.5974, 15.9739)
    5165 (21.6247, 1.59243) -> 268 (20.2041, 2.5461)
    5166 (10.5235, 5.67688) -> 9752 (9.99811, 6.17713)
    5167 (11.1939, 6.86445) -> 9776 (10.7579, 7.40473)
    5168 (22.0342, 9.02809) -> 9995 (21.3788, 9.07512)
    5169 (19.4366, 8.71075) -> 7857 (17.6098, 8.91092)
    5170 (18.9021, 22.6603) -> 7338 (18.0721, 22.247)
    5171 (19.6876, 18.3144) -> 3483 (18.148, 18.0226)
    5172 (15.9238, 12.7248) -> 5971 (14.7149, 11.5507)
    5173 (22.12, 12.3713) -> 9631 (20.8571, 11.7738)
    5174 (2.66582, 19.4313) -> 6040 (2.04088, 17.6995)
    5175 (6.61247, 7.99009) -> 8246 (6.42122, 8.18968)
    5176 (4.8229, 6.01861) -> 3662 (4.26955, 7.28989)
    5177 (16.3532, 22.2946) -> 4772 (15.3925, 21.7533)
    5178 (11.361, 6.1561) -> 4943 (10.6521, 6.61588)
    5179 (20.5408, 10.0266) -> 1614 (18.7325, 9.93331)
    5180 (13.6826, 22.1938) -> 201 (12.4243, 21.4725)
    5181 (1.21299, 12.1225) -> 1811 (1.14407, 12.7174)
    5182 (14.2141, 6.68488) -> 6484 (13.8377, 6.91419)
    5183 (8.40873, 18.7696) -> 8717 (7.11234, 18.1094)
    5184 (10.0467, 23.8301) -> 3913 (8.6524, 22.4188)
    5185 (6.81103, 15.8123) -> 9579 (6.01623, 15.7402)
    5186 (8.74164, 1.93732) -> 6795 (8.22063, 2.8376)
    5187 (18.5051, 16.0672) -> 3570 (17.532, 16.1381)
    5188 (12.2888, 8.66361) -> 7063 (11.1723, 9.10685)
    5189 (7.02916, 5.89813) -> 2464 (6.63237, 6.38839)
    5190 (19.8652, 8.92238) -> 6048 (17.9564, 9.01649)
    5191 (2.04238, 6.46783) -> 5480 (1.77003, 8.20956)
    5192 (7.89978, 10.0679) -> 9745 (6.89998, 10.7252)
    5193 (10.1673, 2.12533) -> 9683 (8.96317, 3.72002)
    5194 (19.6571, 12.4835) -> 2827 (18.4097, 12.0119)
    5195 (22.5082, 18.7739) -> 9165 (21.3555, 18.5389)
    5196 (10.9567, 24.4184) -> 5899 (10.1424, 23.6278)
    5197 (14.4741, 10.3722) -> 9630 (13.1817, 9.64995)
    5198 (17.559, 22.7949) -> 7167 (15.9744, 22.0516)
    5199 (7.54495, 23.5014) -> 5111 (6.65292, 22.3618)
    5200 (1.65359, 24.4388) -> 8313 (1.56913, 23.0513)
    5201 (2.5595, 13.1749) -> 324 (2.18059, 13.6208)
    5202 (9.02169, 24.4458) -> 6507 (8.2048, 23.4831)
    5203 (6.10156, 3.16861) -> 6906 (5.43235, 4.86748)
    5204 (9.35892, 5.43475) -> 1479 (8.12579, 6.7553)
    5205 (15.6177, 23.9421) -> 7454 (14.8816, 23.484)
    5206 (1.84464, 13.9384) -> 0 (1, 15)
    5207 (18.4093, 20.5873) -> 7685 (17.9117, 20.4378)
    5208 (18.3209, 12.2501) -> 5319 (17.0965, 11.7283)
    5209 (15.7408, 21.7186) -> 7291 (14.512, 21.1415)
    5210 (2.61478, 22.389) -> 3479 (2.25719, 20.5788)
    5211 (2.44874, 20.6817) -> 9275 (2.33924, 20.3252)
    5212 (16.948, 6.59842) -> 5301 (15.5595, 7.15925)
    5213 (1.33337, 21.5185) -> 4107 (1.24724, 19.7421)
    5214 (22.1433, 11.0089) -> 5469 (20.2446, 10.7369)
    5215 (10.5239, 17.7078) -> 8081 (8.64472, 17.1883)
    5216 (4.71106, 10.844) -> 3509 (3.77492, 11.6557)
    5217 (22.0175, 0.452571) -> 7949 (20.4827, 1.34149)
    5218 (3.99668, 9.66397) -> 3900 (2.99875, 11.1751)
    5219 (19.4725, 19.8172) -> 4238 (17.7213, 19.4388)
    5220 (3.63752, 10.3738) -> 9755 (2.78377, 11.7859)
    5221 (1.35652, 3.03547) -> 7877 (1.34527, 3.58021)
    5222 (9.75789, 21.46) -> 8602 (8.33949, 20.4102)
    5223 (17.9401, 15.1923) -> 7106 (16.1522, 15.6361)
    5224 (15.3378, 8.66513) -> 6754 (13.4177, 9.01325)
    5225 (19.1215, 15.798) -> 1355 (17.7931, 15.9538)
    5226 (3.98346, 24.3354) -> 842 (3.89197, 23.9107)
    5227 (0.170987, 19.4308) -> 2363 (0.526883, 17.6437)
    5228 (19.85, 2.97594) -> 8883 (18.3706, 3.8419)
    5229 (3.06185, 0.413161) -> 8194 (2.87235, 1.70504)
    5230 (6.43415, 20.5915) -> 8330 (5.75101, 19.8194)
    5231 (19.8624, 10.9497) -> 9721 (18.735, 10.5422)
    5232 (8.46384, 23.0223) -> 9286 (7.47203, 22.0134)
    5233 (18.6066, 11.605) -> 6840 (17.1033, 11.215)
    5234 (22.1037, 21.3176) -> 5369 (20.9505, 20.9814)
    5235 (20.6907, 3.88212) -> 9297 (19.9539, 4.32407)
    5236 (7.59974, 4.99659) -> 7152 (6.83177, 6.09271)
    5237 (20.1226, 10.713) -> 9515 (18.9904, 10.5671)
    5238 (12.0527, 20.4979) -> 101 (10.3181, 19.6938)
    5239 (16.6984, 17.551) -> 5407 (15.2109, 17.2608)
    5240 (20.3926, 4.77324) -> 6293 (19.4638, 5.15404)
    5241 (0.611683, 7.42958) -> 27 (0.70158, 9.12635)
    5242 (13.0602, 21.6091) -> 4843 (11.7065, 20.7844)
    5243 (1.63943, 9.66715) -> 8739 (1.30001, 11.5916)
    5244 (2.38943, 22.0009) -> 7795 (1.99657, 20.0809)
    5245 (23.4319, 11.7405) -> 8990 (22.4837, 11.558)
    5246 (6.84386, 22.1083) -> 4541 (5.81248, 20.7521)
    5247 (2.37837, 20.8905) -> 9886 (2.04827, 19.6871)
    5248 (20.007, 2.81939) -> 8883 (18.3706, 3.8419)
    5249 (4.32468, 1.69328) -> 8019 (4.09864, 2.72498)
    5250 (20.5448, 16.0054) -> 675 (19.0859, 16.0509)
    5251 (16.3781, 17.1282) -> 8058 (14.7252, 17.0578)
    5252 (12.1352, 16.7417) -> 3770 (11.3606, 16.651)
    5253 (15.2452, 3.31599) -> 6942 (14.2674, 3.92431)
    5254 (14.3705, 21.3094) -> 8600 (12.5906, 20.5152)
    5255 (13.8239, 4.52847) -> 7162 (12.6848, 5.42815)
    5256 (23.9798, 9.71748) -> 9476 (22.1436, 9.4897)
    5257 (10.572, 23.1164) -> 4218 (9.5658, 22.256)
    5258 (20.8101, 18.8993) -> 9692 (19.1092, 18.6323)
    5259 (21.5098, 24.4342) -> 5687 (20.2794, 23.8382)
    5260 (1.81587, 21.1796) -> 6655 (1.59634, 19.3946)
    5261 (6.72669, 22.7573) -> 8983 (5.78875, 21.4957)
    5262 (1.27015, 1.69413) -> 6719 (1.15795, 3.42984)
    5263 (20.8738, 5.90054) -> 3503 (19.1103, 6.47033)
    5264 (8.26892, 0.985255) -> 6047 (7.42237, 2.59781)
    5265 (16.2181, 4.46781) -> 7929 (14.5333, 5.50509)
    5266 (3.48179, 2.35723) -> 9291 (3.20835, 3.38817)
    5267 (22.4961, 3.45247) -> 9830 (20.9554, 4.25358)
    5268 (6.5988, 13.9258) -> 3946 (4.67965, 14.3255)
    5269 (8.86179, 20.6456) -> 513 (7.51726, 19.7265)
    5270 (10.7279, 24.494) -> 5184 (10.0467, 23.8301)
    5271 (20.0522, 13.3959) -> 2279 (18.2467, 12.5559)
    5272 (13.0662, 4.696) -> 7992 (12.9549, 4.78999)
    5273 (16.4573, 24.3585) -> 5050 (15.1948, 23.5571)
    5274 (19.445, 14.3962) -> 6045 (18.0404, 14.8385)
    5275 (23.8212, 23.7242) -> 7855 (21.9446, 23.1537)
    5276 (24.5232, 16.0857) -> 9660 (23.9174, 16.0048)
    5277 (12.5868, 6.26584) -> 7624 (11.5146, 7.04596)
    5278 (9.94753, 24.4812) -> 2989 (8.83088, 23.1347)
    5279 (15.1975, 9.68831) -> 8609 (14.4533, 9.6879)
    5280 (0.0376268, 24.0522) -> 9756 (0.174659, 22.7285)
    5281 (14.57, 12.4707) -> 2413 (14.219, 11.3927)
    5282 (11.8011, 17.9475) -> 9930 (10.199, 17.5702)
    5283 (16.941, 0.316393) -> 8249 (15.7233, 1.52842)
    5284 (15.711, 19.8621) -> 4531 (14.8926, 19.6015)
    5285 (7.86596, 8.05705) -> 6097 (6.38316, 9.35096)
    5286 (15.3704, 11.1724) -> 3643 (14.1141, 10.5946)
    5287 (5.04435, 24.7817) -> 6932 (4.65695, 24.0633)
    5288 (16.2043, 23.4138) -> 1745 (15.1412, 22.7914)
    5289 (22.1201, 22.2955) -> 8530 (20.9386, 21.8644)
    5290 (5.1644, 12.2879) -> 6415 (3.34465, 13.0199)
    5291 (23.9767, 16.799) -> 7764 (22.1312, 16.6917)
    5292 (15.951, 20.0018) -> 4531 (14.8926, 19.6015)
    5293 (7.95621, 19.4996) -> 9896 (6.33673, 18.4071)
    5294 (18.4165, 6.44977) -> 7974 (17.2612, 6.83452)
    5295 (13.68, 21.6174) -> 9338 (12.4056, 20.9374)
    5296 (1.72966, 12.1472) -> 9739 (1.59687, 12.459)
    5297 (18.9881, 11.1546) -> 9943 (17.2897, 10.6718)
    5298 (1.62646, 4.20793) -> 5646 (1.54337, 5.97906)
    5299 (0.384129, 3.50653) -> 4583 (0.50495, 5.45663)
    5300 (6.39205, 24.6813) -> 3492 (5.70567, 23.4272)
    5301 (15.5595, 7.15925) -> 9971 (14.1352, 7.80447)
    5302 (10.2187, 17.9485) -> 2071 (8.74223, 17.4404)
    5303 (4.92727, 11.8407) -> 9542 (4.25477, 12.1288)
    5304 (18.1426, 4.89004) -> 9511 (17.9849, 4.9996)
    5305 (6.53093, 3.68558) -> 1360 (5.6518, 5.40302)
    5306 (9.34184, 4.06293) -> 9074 (8.34408, 5.27413)
    5307 (16.6667, 24.1257) -> 9789 (15.8235, 23.6382)
    5308 (7.1425, 18.7217) -> 4183 (5.87186, 17.9891)
    5309 (19.1983, 3.85683) -> 5379 (17.4506, 4.74176)
    5310 (19.9967, 8.11177) -> 6382 (19.2218, 8.22975)
    5311 (0.382679, 19.7842) -> 6969 (0.59682, 18.1105)
    5312 (14.233, 20.5354) -> 8948 (13.6241, 20.3155)
    5313 (22.7064, 0.207898) -> 6602 (21.1441, 1.18628)
    5314 (7.02682, 19.4037) -> 2987 (5.95092, 18.6161)
    5315 (19.1294, 13.7975) -> 3960 (18.2864, 14.1447)
    5316 (7.48858, 6.38947) -> 2901 (6.73447, 7.34317)
    5317 (18.923, 13.9375) -> 30 (17.2163, 14.569)
    5318 (12.2487, 22.6585) -> 9217 (10.69, 21.6186)
    5319 (17.0965, 11.7283) -> 2636 (15.4714, 11.0719)
    5320 (1.31184, 14.8776) -> 0 (1, 15)
    5321 (7.07658, 8.2778) -> 8211 (6.46093, 8.85756)
    5322 (24.8355, 1.86642) -> 7182 (23.5617, 2.57518)
    5323 (24.9039, 5.26862) -> 7988 (23.8888, 5.60131)
    5324 (11.5496, 6.74017) -> 9776 (10.7579, 7.40473)
    5325 (22.7166, 19.7262) -> 6209 (22.4369, 19.6682)
    5326 (3.80047, 13.2478) -> 1750 (2.43742, 14.0995)
    5327 (21.4115, 4.21234) -> 5240 (20.3926, 4.77324)
    5328 (1.45214, 18.9068) -> 7225 (1.29604, 17.8695)
    5329 (2.8705, 0.823056) -> 6264 (2.71342, 2.55346)
    5330 (16.5834, 24.843) -> 5947 (15.9428, 24.452)
    5331 (5.16053, 1.43786) -> 3749 (4.52862, 3.19731)
    5332 (15.9511, 14.8918) -> 6720 (14.5126, 15.638)
    5333 (20.9832, 6.47363) -> 4505 (19.3381, 6.89374)
    5334 (24.8991, 11.4297) -> 9283 (24.0546, 11.3014)
    5335 (24.0265, 19.1198) -> 9308 (22.4053, 18.7614)
    5336 (18.7538, 13.8292) -> 9154 (17.8632, 14.2344)
    5337 (4.11583, 18.6348) -> 1504 (2.88896, 17.0992)
    5338 (11.1962, 17.9808) -> 6445 (9.79546, 17.4846)
    5339 (15.893, 11.3059) -> 9818 (14.1778, 10.5544)
    5340 (8.69797, 1.77052) -> 6795 (8.22063, 2.8376)
    5341 (13.7601, 22.3284) -> 201 (12.4243, 21.4725)
    5342 (18.5557, 16.6407) -> 6806 (17.3532, 16.6214)
    5343 (0.831489, 14.4966) -> 0 (1, 15)
    5344 (7.48892, 12.2837) -> 8593 (6.81838, 12.4273)
    5345 (7.59091, 9.90355) -> 6365 (5.92529, 10.9282)
    5346 (4.35496, 18.9839) -> 2247 (3.13932, 17.649)
    5347 (20.4255, 14.7765) -> 4263 (18.6276, 15.2739)
    5348 (8.36949, 3.14644) -> 6600 (7.95454, 3.74784)
    5349 (3.96963, 11.2983) -> 4852 (3.46628, 11.8088)
    5350 (11.6779, 21.5815) -> 8976 (11.3688, 21.3463)
    5351 (5.30385, 22.0016) -> 651 (4.73053, 21.0769)
    5352 (19.3894, 2.70995) -> 6598 (18.2627, 3.5007)
    5353 (4.18799, 23.114) -> 7565 (3.45439, 21.3411)
    5354 (19.7282, 5.93381) -> 5996 (18.8272, 6.24166)
    5355 (6.6569, 23.504) -> 5773 (6.24512, 22.9753)
    5356 (12.3677, 16.8668) -> 7699 (10.3996, 16.5323)
    5357 (15.089, 14.8842) -> 4240 (14.2974, 15.4342)
    5358 (12.5645, 7.67606) -> 4434 (11.3496, 8.40623)
    5359 (6.25179, 0.915049) -> 2551 (5.60236, 2.73313)
    5360 (14.383, 9.34665) -> 9917 (13.67, 9.19434)
    5361 (5.22534, 6.60519) -> 806 (4.61921, 7.72704)
    5362 (7.09557, 24.7004) -> 6611 (6.22742, 23.2667)
    5363 (8.17029, 20.6262) -> 5972 (6.78815, 19.4524)
    5364 (19.3856, 13.4658) -> 4158 (18.2451, 12.8541)
    5365 (4.9592, 16.5056) -> 5674 (3.53045, 15.8999)
    5366 (19.9704, 2.86985) -> 8883 (18.3706, 3.8419)
    5367 (19.6194, 24.8031) -> 1598 (18.0306, 23.9792)
    5368 (1.05577, 7.35445) -> 1238 (1.02178, 8.20118)
    5369 (20.9505, 20.9814) -> 521 (19.1653, 20.4781)
    5370 (5.96804, 24.5268) -> 3850 (5.15926, 22.8483)
    5371 (14.481, 16.2425) -> 7697 (12.766, 16.4813)
    5372 (19.3544, 5.51899) -> 4568 (18.4246, 5.92923)
    5373 (5.38105, 4.00637) -> 2571 (4.81218, 5.29013)
    5374 (10.8213, 21.809) -> 7836 (9.71887, 20.9933)
    5375 (22.026, 6.20385) -> 5333 (20.9832, 6.47363)
    5376 (14.4482, 14.5338) -> 6336 (13.6904, 15.3569)
    5377 (1.42938, 4.00153) -> 6907 (1.47408, 4.97924)
    5378 (16.5025, 10.9475) -> 6232 (16.0568, 10.7792)
    5379 (17.4506, 4.74176) -> 9519 (16.2953, 5.34873)
    5380 (6.96126, 18.7946) -> 4539 (6.51217, 18.4964)
    5381 (9.36817, 7.01834) -> 1104 (7.94628, 8.18884)
    5382 (23.9136, 1.00924) -> 1090 (22.2541, 1.90162)
    5383 (17.3167, 20.6249) -> 5565 (17.0094, 20.543)
    5384 (16.0116, 22.7458) -> 9595 (14.4549, 21.9672)
    5385 (0.607701, 11.6294) -> 2645 (0.618346, 11.7343)
    5386 (0.583176, 11.3218) -> 4980 (0.801848, 13.1148)
    5387 (5.76058, 7.50067) -> 1805 (5.27455, 8.17188)
    5388 (13.5117, 4.29254) -> 7992 (12.9549, 4.78999)
    5389 (22.2894, 4.37434) -> 8195 (21.0351, 4.91192)
    5390 (4.34332, 14.4204) -> 1189 (2.62531, 14.6791)
    5391 (0.152438, 21.4822) -> 5311 (0.382679, 19.7842)
    5392 (21.3801, 13.9727) -> 9268 (20.0472, 14.3858)
    5393 (23.7103, 12.5834) -> 8060 (22.5466, 12.2221)
    5394 (14.7815, 14.2698) -> 9969 (13.9617, 15.1456)
    5395 (21.2093, 15.7753) -> 835 (20.3631, 15.8515)
    5396 (24.0328, 1.42679) -> 4559 (22.7138, 2.20238)
    5397 (8.21165, 10.0077) -> 9745 (6.89998, 10.7252)
    5398 (17.6832, 22.4896) -> 8930 (15.907, 21.6671)
    5399 (22.0379, 22.985) -> 9124 (20.1751, 22.292)
    5400 (5.35879, 6.77527) -> 5663 (4.88025, 7.68402)
    5401 (12.1183, 24.439) -> 2683 (11.4066, 23.7988)
    5402 (23.8532, 0.786643) -> 8496 (23.1833, 1.1649)
    5403 (22.4171, 8.2607) -> 8397 (20.8443, 8.42564)
    5404 (5.51173, 10.036) -> 4255 (5.22425, 10.3511)
    5405 (5.50183, 4.28472) -> 3445 (4.85132, 5.93115)
    5406 (18.6752, 19.3997) -> 9474 (16.7598, 18.9536)
    5407 (15.2109, 17.2608) -> 9463 (13.3539, 17.0165)
    5408 (5.22882, 17.9676) -> 7871 (4.0612, 17.0366)
    5409 (22.0382, 0.471758) -> 2462 (21.3837, 0.897845)
    5410 (23.7763, 11.8387) -> 8990 (22.4837, 11.558)
    5411 (4.42648, 8.8081) -> 6698 (3.60165, 10.036)
    5412 (23.7676, 11.6743) -> 9741 (22.6297, 11.2988)
    5413 (22.1604, 0.0643252) -> 9101 (21.2657, 0.660179)
    5414 (5.78384, 6.05839) -> 7978 (5.11266, 7.31232)
    5415 (3.93704, 11.3568) -> 8494 (3.71508, 11.6078)
    5416 (1.19415, 21.648) -> 7023 (1.18576, 20.9515)
    5417 (24.8628, 2.13946) -> 1972 (23.6215, 2.79315)
    5418 (6.45575, 15.2662) -> 8578 (4.7485, 15.1378)
    5419 (18.983, 19.9464) -> 2259 (17.6347, 19.5641)
    5420 (17.9078, 10.3864) -> 7813 (16.2398, 10.066)
    5421 (23.5214, 8.87539) -> 7153 (22.2044, 8.90809)
    5422 (0.551392, 7.791) -> 7137 (0.623537, 9.08592)
    5423 (16.8717, 9.94563) -> 8510 (14.9454, 9.7617)
    5424 (1.9621, 4.47172) -> 7196 (1.87752, 6.16081)
    5425 (4.7975, 0.245963) -> 9354 (4.33013, 2.06559)
    5426 (8.18021, 19.0514) -> 5 (6.79114, 18.2821)
    5427 (24.0866, 22.4463) -> 6542 (23.0742, 22.1404)
    5428 (0.636123, 8.30792) -> 27 (0.70158, 9.12635)
    5429 (18.3552, 9.39007) -> 9772 (17.0184, 9.17306)
    5430 (19.071, 6.88123) -> 2917 (17.9675, 7.25481)
    5431 (20.5604, 12.3953) -> 4758 (19.2202, 11.9432)
    5432 (3.2121, 9.50085) -> 3525 (2.78727, 10.5354)
    5433 (11.0993, 4.51925) -> 6073 (10.0068, 5.60929)
    5434 (11.6229, 4.04994) -> 8409 (11.2993, 4.3594)
    5435 (23.2823, 1.75997) -> 9538 (22.7211, 2.17261)
    5436 (15.2417, 13.0026) -> 4317 (14.5551, 11.9616)
    5437 (23.5302, 19.0551) -> 6037 (22.2612, 18.8301)
    5438 (19.1893, 13.3127) -> 4022 (18.0035, 12.6543)
    5439 (18.4328, 7.46822) -> 149 (16.6731, 7.93795)
    5440 (20.1342, 4.73001) -> 1646 (18.9367, 5.30868)
    5441 (10.6653, 8.80249) -> 2362 (8.97932, 9.78342)
    5442 (19.6329, 15.297) -> 115 (18.9688, 15.4121)
    5443 (10.429, 24.7148) -> 5032 (9.71703, 23.9448)
    5444 (14.4479, 9.49511) -> 9630 (13.1817, 9.64995)
    5445 (7.8502, 10.6999) -> 809 (6.785, 11.1902)
    5446 (0.644374, 17.3895) -> 6584 (0.914299, 15.6286)
    5447 (19.6732, 17.6192) -> 9073 (19.5303, 17.5815)
    5448 (0.0140849, 3.14366) -> 1231 (0.149573, 4.99321)
    5449 (17.7084, 7.0397) -> 7713 (15.8514, 7.62435)
    5450 (1.01608, 20.2987) -> 9726 (0.928142, 18.8124)
    5451 (15.6926, 15.908) -> 3753 (14.6162, 16.1316)
    5452 (21.4176, 12.5793) -> 7050 (20.1364, 12.2215)
    5453 (0.936034, 24.5718) -> 8532 (1.00225, 22.9604)
    5454 (24.1005, 3.23301) -> 7371 (23.4173, 3.56845)
    5455 (24.0976, 20.4001) -> 8628 (23.0956, 20.1623)
    5456 (0.189583, 3.04615) -> 7906 (0.285958, 4.77976)
    5457 (9.91254, 0.684187) -> 3688 (9.36669, 1.65602)
    5458 (21.4618, 6.45162) -> 8420 (20.5957, 6.68889)
    5459 (21.5161, 11.7899) -> 8102 (21.1335, 11.7303)
    5460 (3.24488, 8.59234) -> 9342 (2.87514, 9.37603)
    5461 (19.3264, 7.55603) -> 7925 (17.4363, 7.93066)
    5462 (10.7497, 7.14465) -> 9733 (9.67323, 7.88336)
    5463 (18.1482, 24.6598) -> 9148 (16.5474, 23.7384)
    5464 (23.938, 10.2495) -> 9563 (22.2367, 10.082)
    5465 (12.9408, 19.2529) -> 5124 (11.967, 18.9113)
    5466 (2.60304, 21.6447) -> 9275 (2.33924, 20.3252)
    5467 (16.4296, 12.0607) -> 6413 (14.8249, 11.0842)
    5468 (21.3014, 4.45859) -> 9391 (20.9318, 4.62716)
    5469 (20.2446, 10.7369) -> 9515 (18.9904, 10.5671)
    5470 (24.8102, 14.0242) -> 9050 (23.4482, 13.5363)
    5471 (4.75513, 22.7775) -> 9816 (4.31901, 21.8907)
    5472 (5.05612, 13.0076) -> 8935 (4.85755, 12.9074)
    5473 (10.8747, 19.4831) -> 6790 (9.80781, 19.0008)
    5474 (2.67238, 10.7769) -> 6467 (1.97674, 12.4383)
    5475 (4.81071, 24.7113) -> 9022 (4.12111, 22.9074)
    5476 (23.0781, 21.9438) -> 9866 (22.0094, 21.5902)
    5477 (16.8869, 4.71896) -> 1176 (15.4448, 5.59857)
    5478 (24.3513, 23.5223) -> 4119 (23.6407, 23.2874)
    5479 (24.679, 15.2886) -> 5113 (23.5161, 15.4221)
    5480 (1.77003, 8.20956) -> 5044 (1.61473, 9.14488)
    5481 (6.04004, 12.1415) -> 9349 (5.28373, 12.2513)
    5482 (5.94242, 2.28757) -> 9738 (5.26751, 3.69962)
    5483 (8.76264, 5.35595) -> 3315 (7.52225, 6.70317)
    5484 (22.6308, 21.6801) -> 7589 (21.473, 21.2487)
    5485 (21.7557, 8.88168) -> 4685 (20.4133, 8.95108)
    5486 (12.3186, 2.75304) -> 745 (11.1394, 3.94217)
    5487 (24.798, 12.2875) -> 8772 (23.0344, 12.0124)
    5488 (1.31988, 4.955) -> 7728 (1.24385, 6.35522)
    5489 (10.4589, 1.62496) -> 3211 (9.49693, 2.82199)
    5490 (7.05434, 10.3548) -> 8244 (6.28015, 10.9833)
    5491 (4.06096, 5.36255) -> 334 (3.59506, 6.80545)
    5492 (9.51896, 0.208777) -> 8498 (9.49546, 0.221505)
    5493 (7.04024, 1.55807) -> 8378 (6.8193, 1.91712)
    5494 (10.0421, 23.1388) -> 8222 (9.00673, 22.1288)
    5495 (13.602, 0.751657) -> 76 (12.3105, 2.05573)
    5496 (4.90983, 7.52303) -> 9982 (4.2693, 8.5943)
    5497 (11.5693, 0.375547) -> 9910 (10.6951, 1.52558)
    5498 (15.072, 22.8763) -> 8837 (14.0916, 22.3694)
    5499 (11.3636, 24.4757) -> 8213 (10.3103, 23.5116)
    5500 (20.5351, 7.23395) -> 7563 (19.3656, 7.45264)
    5501 (16.4813, 10.1761) -> 9885 (15.0303, 9.98916)
    5502 (1.11226, 22.5159) -> 6085 (1.10343, 20.7099)
    5503 (7.20889, 0.714675) -> 1983 (6.78849, 1.65274)
    5504 (21.5362, 23.6351) -> 8253 (19.8022, 22.9097)
    5505 (23.9351, 22.3964) -> 6542 (23.0742, 22.1404)
    5506 (20.2893, 20.8292) -> 521 (19.1653, 20.4781)
    5507 (14.0418, 7.37665) -> 9241 (12.6873, 8.23749)
    5508 (14.056, 4.80701) -> 6935 (12.6121, 5.87549)
    5509 (13.1171, 17.3244) -> 2617 (11.7742, 16.96)
    5510 (17.9584, 0.752396) -> 9751 (16.4161, 1.86599)
    5511 (17.7683, 0.370949) -> 4446 (16.6437, 1.3055)
    5512 (2.64997, 9.42769) -> 1380 (2.05275, 11.1234)
    5513 (14.2476, 10.5598) -> 9997 (13.1824, 10.13)
    5514 (18.5733, 20.7393) -> 7169 (17.1555, 20.3079)
    5515 (19.2751, 14.9987) -> 2220 (17.5446, 15.2988)
    5516 (11.1919, 22.8859) -> 2765 (9.66888, 21.6815)
    5517 (1.54094, 21.1808) -> 1501 (1.34362, 19.5865)
    5518 (0.837868, 24.609) -> 6544 (0.878765, 23.9145)
    5519 (16.0784, 5.10013) -> 9466 (14.6626, 5.89875)
    5520 (1.8446, 10.941) -> 9500 (1.828, 11.2447)
    5521 (21.5113, 5.36141) -> 1274 (20.2397, 5.76563)
    5522 (18.2116, 5.08516) -> 8193 (16.79, 5.86941)
    5523 (3.96155, 4.49894) -> 6999 (3.49108, 6.15449)
    5524 (13.1276, 23.2997) -> 6039 (12.8918, 23.1544)
    5525 (2.46529, 21.1148) -> 9886 (2.04827, 19.6871)
    5526 (18.4961, 15.837) -> 5897 (17.2391, 15.9836)
    5527 (4.20759, 17.6922) -> 1691 (2.86478, 16.64)
    5528 (14.1215, 15.6266) -> 9004 (12.8896, 16.187)
    5529 (5.78342, 24.1306) -> 3850 (5.15926, 22.8483)
    5530 (3.19662, 24.9798) -> 72 (2.85974, 23.5655)
    5531 (17.8549, 17.9176) -> 6417 (16.0061, 17.5752)
    5532 (21.0472, 1.30171) -> 1536 (20.3345, 1.86576)
    5533 (23.3672, 19.7971) -> 6240 (21.7042, 19.4681)
    5534 (12.4368, 8.24191) -> 341 (11.1057, 9.00515)
    5535 (5.38184, 18.5676) -> 9929 (4.62716, 17.9114)
    5536 (19.4813, 2.75868) -> 8485 (18.1007, 3.69764)
    5537 (22.1457, 6.09857) -> 5333 (20.9832, 6.47363)
    5538 (15.5722, 10.4641) -> 7269 (14.6561, 10.1936)
    5539 (19.012, 17.4519) -> 7216 (17.2484, 17.2501)
    5540 (8.58306, 17.2782) -> 6513 (6.74454, 16.7468)
    5541 (12.2937, 5.22085) -> 3093 (11.0176, 6.24267)
    5542 (22.1855, 20.1328) -> 3514 (20.8089, 19.7599)
    5543 (20.3344, 18.9526) -> 2967 (19.0064, 18.6922)
    5544 (13.4838, 23.6249) -> 9133 (12.2662, 22.8261)
    5545 (19.9918, 21.2083) -> 6678 (18.3163, 20.6787)
    5546 (18.0028, 21.3264) -> 9632 (16.1399, 20.7111)
    5547 (10.4707, 16.8894) -> 9846 (8.99628, 16.6158)
    5548 (5.58834, 14.054) -> 6366 (3.7184, 14.4315)
    5549 (22.8831, 20.5091) -> 3777 (21.9389, 20.2576)
    5550 (0.419495, 20.7796) -> 7131 (0.60444, 19.1575)
    5551 (21.796, 3.95679) -> 5440 (20.1342, 4.73001)
    5552 (0.505458, 0.384286) -> 7325 (0.539648, 1.57507)
    5553 (7.57165, 0.39238) -> 8378 (6.8193, 1.91712)
    5554 (4.90072, 2.81328) -> 7676 (4.50289, 4.02968)
    5555 (6.51341, 8.59196) -> 5031 (5.34551, 9.72089)
    5556 (18.1944, 16.889) -> 8808 (17.0227, 16.7734)
    5557 (24.4596, 13.4647) -> 4623 (22.5738, 12.9379)
    5558 (0.626012, 14.8792) -> 0 (1, 15)
    5559 (9.0319, 9.32813) -> 9844 (7.80261, 10.0675)
    5560 (18.1164, 19.2337) -> 2858 (16.287, 18.7927)
    5561 (18.7727, 15.8565) -> 1355 (17.7931, 15.9538)
    5562 (4.15401, 3.56161) -> 7918 (4.00651, 4.28)
    5563 (2.66585, 2.85293) -> 9973 (2.57213, 3.71475)
    5564 (18.767, 14.979) -> 6706 (17.6307, 15.1938)
    5565 (17.0094, 20.543) -> 437 (15.1984, 19.9896)
    5566 (11.3602, 17.3597) -> 1893 (9.57148, 16.9391)
    5567 (22.0126, 20.0308) -> 7650 (20.2798, 19.5955)
    5568 (13.6078, 22.6373) -> 8513 (12.0856, 21.6428)
    5569 (23.9847, 4.21608) -> 2368 (22.2521, 4.94603)
    5570 (0.0188904, 11.2681) -> 1091 (0.314863, 12.0248)
    5571 (17.9039, 15.1738) -> 7106 (16.1522, 15.6361)
    5572 (0.23105, 0.741664) -> 2304 (0.307385, 2.28754)
    5573 (11.2784, 4.17454) -> 6073 (10.0068, 5.60929)
    5574 (15.5306, 5.03326) -> 8786 (14.386, 5.75713)
    5575 (20.216, 15.6288) -> 4046 (19.455, 15.7505)
    5576 (6.12887, 11.7795) -> 9349 (5.28373, 12.2513)
    5577 (15.1402, 2.51689) -> 9062 (14.7631, 2.79772)
    5578 (1.74121, 12.8134) -> 8618 (1.15882, 14.6717)
    5579 (0.09084, 17.5456) -> 5884 (0.758196, 15.8671)
    5580 (7.84435, 17.5614) -> 9567 (6.5349, 17.0198)
    5581 (12.6202, 5.16067) -> 6244 (11.3178, 6.07241)
    5582 (23.9355, 6.49696) -> 5873 (22.5987, 6.75742)
    5583 (7.49135, 2.29714) -> 9289 (6.9719, 3.31167)
    5584 (4.80974, 13.1743) -> 9868 (3.67746, 13.7144)
    5585 (16.0784, 1.48814) -> 6917 (14.6215, 2.67463)
    5586 (11.3318, 3.37088) -> 9853 (10.2294, 4.59477)
    5587 (17.8791, 21.9389) -> 7117 (16.2139, 21.2629)
    5588 (15.8481, 12.0616) -> 9537 (14.2943, 10.8857)
    5589 (23.0686, 21.9247) -> 9866 (22.0094, 21.5902)
    5590 (11.1019, 18.05) -> 9167 (9.50125, 17.6046)
    5591 (16.7536, 8.60671) -> 8449 (16.3774, 8.6965)
    5592 (21.3652, 20.4209) -> 2110 (19.5563, 19.9475)
    5593 (2.5672, 4.5728) -> 6938 (2.33206, 6.37249)
    5594 (10.3948, 2.80183) -> 9550 (9.26414, 4.12174)
    5595 (13.6077, 1.2917) -> 8773 (12.6783, 2.1472)
    5596 (7.95103, 19.6707) -> 7324 (7.37238, 19.2628)
    5597 (14.5895, 21.1369) -> 7172 (13.6594, 20.7803)
    5598 (2.95218, 20.5498) -> 292 (2.40327, 18.8781)
    5599 (19.8188, 8.4331) -> 9093 (18.4981, 8.54514)
    5600 (24.9683, 24.8251) -> 434 (23.6678, 24.237)
    5601 (6.45107, 11.869) -> 9349 (5.28373, 12.2513)
    5602 (20.5077, 2.06535) -> 9605 (19.9262, 2.47994)
    5603 (20.0073, 22.3557) -> 9553 (19.9064, 22.317)
    5604 (23.7881, 23.9503) -> 4111 (22.5502, 23.5102)
    5605 (21.7378, 22.2646) -> 9694 (20.209, 21.7346)
    5606 (6.20703, 20.4812) -> 8634 (4.87088, 19.1965)
    5607 (13.1358, 19.9502) -> 5649 (11.4235, 19.2753)
    5608 (23.2712, 24.0309) -> 3852 (21.5947, 23.3314)
    5609 (0.181124, 5.67108) -> 6734 (0.223683, 6.10918)
    5610 (2.50736, 8.16729) -> 8136 (2.27755, 9.14894)
    5611 (5.38989, 6.73015) -> 5663 (4.88025, 7.68402)
    5612 (0.29492, 7.82889) -> 6395 (0.409381, 9.45573)
    5613 (6.39446, 0.0800145) -> 8407 (5.99444, 1.33597)
    5614 (18.0367, 0.728154) -> 7837 (17.2572, 1.35485)
    5615 (20.7178, 6.10827) -> 9855 (19.1181, 6.60232)
    5616 (23.2851, 0.889027) -> 9099 (22.5475, 1.28949)
    5617 (20.0603, 22.0326) -> 672 (18.6738, 21.5761)
    5618 (14.9909, 11.5353) -> 5122 (13.5741, 10.3929)
    5619 (8.63863, 3.21595) -> 9815 (7.64613, 4.69391)
    5620 (23.2858, 16.96) -> 9181 (21.9869, 16.8577)
    5621 (9.10854, 3.69197) -> 5132 (7.96049, 5.15785)
    5622 (21.2215, 10.4875) -> 9638 (21.0159, 10.4766)
    5623 (11.6425, 8.52112) -> 9933 (11.4784, 8.58718)
    5624 (1.6316, 3.2634) -> 5298 (1.62646, 4.20793)
    5625 (20.3464, 0.500921) -> 2965 (19.9616, 0.803629)
    5626 (5.94119, 3.39331) -> 7018 (5.33344, 4.70202)
    5627 (12.7379, 6.52601) -> 7820 (11.429, 7.42313)
    5628 (8.64724, 23.7597) -> 7788 (7.75682, 22.9043)
    5629 (0.818994, 18.824) -> 986 (0.970879, 17.1237)
    5630 (22.1993, 5.99088) -> 9589 (21.2463, 6.24275)
    5631 (12.4046, 24.5141) -> 3295 (11.1218, 23.4236)
    5632 (0.206054, 2.15184) -> 9288 (0.305076, 3.97222)
    5633 (1.2809, 4.48087) -> 7728 (1.24385, 6.35522)
    5634 (23.0383, 13.3239) -> 8385 (22.2237, 13.0417)
    5635 (22.324, 11.6524) -> 9028 (21.8116, 11.5603)
    5636 (3.09307, 15.78) -> 7829 (1.61732, 15.2167)
    5637 (18.6069, 21.1427) -> 5565 (17.0094, 20.543)
    5638 (13.4537, 17.1917) -> 6100 (11.5574, 16.796)
    5639 (1.39547, 14.2952) -> 0 (1, 15)
    5640 (12.0201, 0.254654) -> 4486 (11.0465, 1.53336)
    5641 (8.0572, 20.5609) -> 6959 (7.12311, 19.8917)
    5642 (1.26206, 5.04527) -> 6482 (1.22524, 6.98116)
    5643 (5.39621, 11.8885) -> 8991 (3.90597, 12.4922)
    5644 (11.7662, 24.0568) -> 4055 (10.2794, 22.7995)
    5645 (18.0875, 3.61444) -> 8581 (16.4694, 4.60315)
    5646 (1.54337, 5.97906) -> 6701 (1.49545, 7.42655)
    5647 (5.14353, 11.4341) -> 9542 (4.25477, 12.1288)
    5648 (16.4751, 9.96664) -> 7985 (15.2322, 9.84566)
    5649 (11.4235, 19.2753) -> 3999 (10.0019, 18.6684)
    5650 (8.58474, 7.61992) -> 9964 (7.12036, 8.86199)
    5651 (14.4049, 23.3789) -> 5929 (13.1064, 22.6479)
    5652 (16.5801, 3.70882) -> 55 (15.7913, 4.28266)
    5653 (20.2099, 18.4005) -> 5171 (19.6876, 18.3144)
    5654 (18.5434, 0.924625) -> 3497 (17.4192, 1.70576)
    5655 (4.26959, 10.2547) -> 8150 (3.30677, 11.4065)
    5656 (5.79431, 18.5286) -> 7220 (4.99224, 17.969)
    5657 (6.41886, 5.76972) -> 9126 (6.12204, 6.15997)
    5658 (0.798873, 17.3132) -> 8360 (0.869356, 16.194)
    5659 (7.03221, 16.3993) -> 4574 (5.16086, 15.9146)
    5660 (19.9918, 7.21942) -> 355 (18.6223, 7.49865)
    5661 (15.6035, 12.7598) -> 7770 (14.7002, 11.7056)
    5662 (16.8295, 19.1084) -> 6428 (15.9875, 18.8995)
    5663 (4.88025, 7.68402) -> 1977 (4.23022, 8.88234)
    5664 (10.7688, 23.878) -> 6491 (9.63885, 22.8158)
    5665 (3.44509, 14.8171) -> 9113 (1.78882, 14.9309)
    5666 (16.8545, 14.9552) -> 9272 (14.9893, 15.5919)
    5667 (18.4939, 13.7097) -> 9207 (16.8817, 14.4068)
    5668 (13.2888, 8.01754) -> 3848 (12.2255, 8.56705)
    5669 (10.9307, 1.84107) -> 9657 (9.85228, 3.16437)
    5670 (24.99, 23.7686) -> 4119 (23.6407, 23.2874)
    5671 (2.20177, 15.0375) -> 0 (1, 15)
    5672 (7.59044, 7.22745) -> 1943 (6.3534, 8.67076)
    5673 (15.1756, 14.4328) -> 8895 (13.9678, 15.3699)
    5674 (3.53045, 15.8999) -> 3796 (2.28908, 15.4558)
    5675 (5.18515, 11.698) -> 9542 (4.25477, 12.1288)
    5676 (23.321, 15.4675) -> 3759 (21.8236, 15.5841)
    5677 (11.0493, 19.1741) -> 9343 (9.23669, 18.4462)
    5678 (13.0165, 16.8539) -> 4068 (11.1742, 16.5811)
    5679 (13.7129, 17.7639) -> 7546 (12.8773, 17.5796)
    5680 (13.0088, 18.6902) -> 2076 (11.4827, 18.2822)
    5681 (1.31022, 12.4788) -> 4867 (1.07124, 14.3945)
    5682 (21.9861, 0.199984) -> 9101 (21.2657, 0.660179)
    5683 (22.6133, 22.2176) -> 8440 (21.236, 21.736)
    5684 (19.7735, 2.06996) -> 9545 (18.9489, 2.59139)
    5685 (15.8086, 14.3269) -> 8099 (14.9773, 14.916)
    5686 (20.2148, 7.03603) -> 5439 (18.4328, 7.46822)
    5687 (20.2794, 23.8382) -> 3038 (18.4797, 23.0401)
    5688 (1.10927, 6.79924) -> 1238 (1.02178, 8.20118)
    5689 (21.2288, 2.7087) -> 8868 (20.3589, 3.21888)
    5690 (5.02042, 1.36414) -> 7037 (4.48299, 3.0075)
    5691 (22.1651, 21.7369) -> 9051 (20.2831, 21.2432)
    5692 (8.72104, 21.97) -> 9677 (7.572, 20.9135)
    5693 (23.0568, 14.934) -> 905 (21.1921, 15.1371)
    5694 (0.84041, 11.7208) -> 2324 (0.879144, 13.4873)
    5695 (2.59104, 8.91568) -> 2375 (2.22324, 10.2265)
    5696 (7.48836, 5.44818) -> 5898 (6.77189, 6.47932)
    5697 (5.1064, 24.4575) -> 7968 (4.85286, 23.8596)
    5698 (20.6546, 16.8731) -> 4552 (19.4143, 16.8741)
    5699 (3.59899, 1.81815) -> 9291 (3.20835, 3.38817)
    5700 (10.6688, 23.2661) -> 4218 (9.5658, 22.256)
    5701 (21.8001, 3.30076) -> 6112 (20.6717, 3.96417)
    5702 (8.06866, 23.8892) -> 8675 (7.3324, 22.9613)
    5703 (22.794, 20.1952) -> 5567 (22.0126, 20.0308)
    5704 (16.0326, 23.2511) -> 4506 (14.8032, 22.5438)
    5705 (18.1289, 21.7435) -> 9363 (16.3528, 21.0041)
    5706 (11.5686, 7.33241) -> 7820 (11.429, 7.42313)
    5707 (23.7648, 4.55555) -> 1807 (22.9919, 4.79401)
    5708 (11.5005, 21.2998) -> 3354 (10.9578, 21.0019)
    5709 (11.0032, 19.0852) -> 3999 (10.0019, 18.6684)
    5710 (17.0812, 1.58807) -> 8196 (16.2721, 2.29412)
    5711 (5.4837, 17.6635) -> 3549 (4.38089, 17.0401)
    5712 (5.57945, 24.61) -> 7889 (4.83307, 22.9941)
    5713 (10.1006, 3.77263) -> 7945 (9.32638, 4.68062)
    5714 (15.1656, 16.57) -> 5916 (14.782, 16.5561)
    5715 (24.3054, 13.9306) -> 8097 (22.5961, 13.3978)
    5716 (4.23485, 11.9833) -> 3815 (2.70186, 12.9306)
    5717 (11.6567, 6.13659) -> 6653 (10.7831, 6.74869)
    5718 (16.0183, 16.5443) -> 8818 (15.3583, 16.5414)
    5719 (7.13522, 14.5539) -> 7024 (5.22977, 14.6924)
    5720 (15.9045, 18.3211) -> 7861 (15.1932, 18.207)
    5721 (11.4111, 1.92171) -> 3919 (10.6272, 2.77053)
    5722 (21.0004, 23.1052) -> 63 (19.7761, 22.5556)
    5723 (12.5924, 9.56542) -> 9390 (11.188, 9.24785)
    5724 (20.7812, 15.0806) -> 9281 (18.9177, 15.3878)
    5725 (1.85171, 22.6221) -> 9549 (1.68573, 20.8877)
    5726 (12.8192, 18.0163) -> 8614 (11.1885, 17.5627)
    5727 (13.2307, 18.1021) -> 6737 (12.033, 17.8288)
    5728 (18.9959, 22.6402) -> 4591 (18.1367, 22.1967)
    5729 (16.2659, 19.4501) -> 9748 (15.9563, 19.3512)
    5730 (14.5158, 1.30785) -> 7623 (12.9923, 2.60148)
    5731 (24.7847, 14.8422) -> 9121 (23.244, 15.0617)
    5732 (16.155, 0.457246) -> 4312 (14.8032, 1.83531)
    5733 (21.6515, 23.6305) -> 8253 (19.8022, 22.9097)
    5734 (6.86727, 7.59887) -> 2708 (5.81862, 8.7398)
    5735 (15.6015, 15.1243) -> 8599 (13.7745, 15.8099)
    5736 (5.36815, 22.9498) -> 8282 (4.47494, 21.2478)
    5737 (4.866, 21.0928) -> 7484 (3.82008, 19.4358)
    5738 (21.0959, 17.103) -> 449 (19.5846, 17.0245)
    5739 (11.8159, 7.8433) -> 9981 (10.2507, 8.71958)
    5740 (23.4154, 8.99578) -> 8957 (21.665, 9.1004)
    5741 (19.9583, 15.0818) -> 8261 (18.2169, 15.4211)
    5742 (18.7931, 7.84549) -> 9086 (17.9414, 7.96698)
    5743 (7.42529, 11.4149) -> 9364 (6.71688, 11.9338)
    5744 (15.3066, 18.5222) -> 8120 (13.8315, 18.1561)
    5745 (15.4927, 1.33162) -> 6306 (14.3526, 2.39621)
    5746 (13.1425, 2.33935) -> 3716 (12.0326, 3.46599)
    5747 (6.2751, 6.22621) -> 3401 (6.01463, 6.84223)
    5748 (12.1695, 17.8072) -> 8614 (11.1885, 17.5627)
    5749 (24.4107, 16.2192) -> 6608 (22.6273, 16.2812)
    5750 (7.42902, 16.6366) -> 7933 (6.31532, 16.4142)
    5751 (22.4568, 7.359) -> 474 (20.6881, 7.68038)
    5752 (20.1917, 11.1477) -> 9721 (18.735, 10.5422)
    5753 (3.61577, 3.90093) -> 7678 (3.19757, 5.64976)
    5754 (20.4515, 23.3247) -> 2964 (19.7287, 22.9672)
    5755 (19.195, 16.1396) -> 3570 (17.532, 16.1381)
    5756 (2.46349, 17.5001) -> 6908 (1.93036, 16.5832)
    5757 (22.9825, 6.6596) -> 6538 (21.3186, 7.16198)
    5758 (3.47204, 14.343) -> 8508 (1.70706, 14.7509)
    5759 (22.4077, 11.6048) -> 9642 (20.8009, 11.3919)
    5760 (9.30872, 0.0348099) -> 3967 (8.82202, 0.831731)
    5761 (7.43008, 3.77758) -> 9942 (7.33282, 3.89982)
    5762 (4.02041, 9.19186) -> 6698 (3.60165, 10.036)
    5763 (14.0256, 10.2748) -> 4407 (12.3747, 9.76455)
    5764 (19.8385, 1.74962) -> 9445 (18.3542, 2.67757)
    5765 (10.4838, 17.7236) -> 8081 (8.64472, 17.1883)
    5766 (4.35807, 0.954704) -> 7716 (3.78527, 2.86999)
    5767 (8.75758, 23.7509) -> 8334 (7.36913, 22.3337)
    5768 (18.2626, 6.48725) -> 7974 (17.2612, 6.83452)
    5769 (2.34005, 19.1464) -> 93 (1.96421, 17.9853)
    5770 (4.84664, 17.9876) -> 7282 (4.22174, 17.5156)
    5771 (22.5302, 0.569429) -> 9998 (21.7527, 1.08395)
    5772 (6.06765, 7.03787) -> 1805 (5.27455, 8.17188)
    5773 (6.24512, 22.9753) -> 740 (5.34084, 21.5158)
    5774 (4.82484, 6.62022) -> 8365 (3.94843, 8.39589)
    5775 (14.6977, 4.84069) -> 7302 (13.3438, 5.99176)
    5776 (15.5113, 22.085) -> 29 (13.8772, 21.2957)
    5777 (5.67428, 24.4248) -> 7889 (4.83307, 22.9941)
    5778 (13.3068, 17.5424) -> 9841 (12.5866, 17.4042)
    5779 (11.642, 2.94167) -> 6652 (10.6909, 3.95154)
    5780 (16.0183, 0.639635) -> 4312 (14.8032, 1.83531)
    5781 (0.648044, 10.3565) -> 4228 (0.730127, 11.5021)
    5782 (3.14137, 1.72931) -> 1643 (2.84944, 3.56617)
    5783 (11.9003, 19.2871) -> 2970 (10.2163, 18.5802)
    5784 (10.1322, 17.8547) -> 2071 (8.74223, 17.4404)
    5785 (23.5631, 0.322836) -> 3973 (22.8201, 0.799877)
    5786 (23.2299, 20.3225) -> 9899 (21.4154, 19.9555)
    5787 (2.84778, 23.2962) -> 6190 (2.49686, 21.757)
    5788 (19.3856, 10.355) -> 9824 (17.6035, 10.1193)
    5789 (5.75816, 9.97298) -> 6386 (5.24952, 10.4285)
    5790 (0.756246, 19.758) -> 4484 (0.865292, 18.5202)
    5791 (13.9868, 6.43037) -> 3219 (13.8761, 6.51434)
    5792 (24.9702, 8.33677) -> 9874 (23.6938, 8.34637)
    5793 (15.4956, 14.5869) -> 8099 (14.9773, 14.916)
    5794 (0.123232, 8.9628) -> 9146 (0.414756, 10.7891)
    5795 (5.01546, 15.4903) -> 3840 (3.05888, 15.3261)
    5796 (9.45064, 19.8019) -> 2497 (8.08198, 19.0308)
    5797 (20.6517, 23.4331) -> 7409 (19.3196, 22.7874)
    5798 (20.3535, 5.15633) -> 5920 (19.3721, 5.60401)
    5799 (6.03078, 23.8704) -> 8683 (5.10327, 22.1401)
    5800 (12.2494, 4.90168) -> 7274 (11.3397, 5.612)
    5801 (9.77847, 7.59304) -> 9211 (8.82336, 8.25613)
    5802 (22.1191, 15.0477) -> 905 (21.1921, 15.1371)
    5803 (21.1726, 24.2939) -> 5687 (20.2794, 23.8382)
    5804 (5.59689, 24.1543) -> 2517 (4.9383, 22.9337)
    5805 (9.53207, 3.95888) -> 2186 (8.39935, 5.42332)
    5806 (19.0726, 3.04932) -> 8485 (18.1007, 3.69764)
    5807 (19.0028, 6.64855) -> 7891 (18.6715, 6.71782)
    5808 (12.7522, 7.66481) -> 4434 (11.3496, 8.40623)
    5809 (2.89199, 14.824) -> 0 (1, 15)
    5810 (21.4343, 18.9559) -> 5258 (20.8101, 18.8993)
    5811 (17.2163, 11.9266) -> 5339 (15.893, 11.3059)
    5812 (2.2608, 24.3291) -> 866 (2.14286, 23.0381)
    5813 (15.3486, 12.6009) -> 8426 (14.3181, 11.2919)
    5814 (2.73657, 10.2422) -> 9324 (2.06046, 11.6223)
    5815 (21.1309, 3.24766) -> 9428 (20.3459, 3.74091)
    5816 (14.9158, 3.76305) -> 7892 (13.401, 4.93318)
    5817 (22.5474, 21.3478) -> 9193 (22.106, 21.224)
    5818 (8.5957, 0.375531) -> 1545 (8.4101, 0.70465)
    5819 (2.38364, 19.374) -> 93 (1.96421, 17.9853)
    5820 (11.9329, 9.44665) -> 9390 (11.188, 9.24785)
    5821 (21.9454, 5.48689) -> 9427 (20.2205, 6.09004)
    5822 (7.33848, 15.9947) -> 8012 (5.80112, 15.7894)
    5823 (23.5696, 21.3384) -> 2403 (21.7759, 20.8654)
    5824 (0.611262, 24.3336) -> 2569 (0.677661, 22.5735)
    5825 (20.2609, 2.29932) -> 9605 (19.9262, 2.47994)
    5826 (16.9004, 3.5098) -> 55 (15.7913, 4.28266)
    5827 (7.50509, 15.0781) -> 4385 (5.77877, 15.0723)
    5828 (9.7158, 20.3733) -> 8236 (8.11235, 19.3776)
    5829 (21.1785, 22.3148) -> 6765 (19.8636, 21.8418)
    5830 (17.4698, 3.87444) -> 2647 (16.0786, 4.80468)
    5831 (9.22116, 4.91985) -> 9186 (8.87562, 5.38846)
    5832 (9.38293, 18.4428) -> 4169 (7.64482, 17.6121)
    5833 (16.7893, 6.79785) -> 7046 (15.4729, 7.43287)
    5834 (12.8514, 3.70504) -> 4497 (11.4949, 4.89546)
    5835 (16.0346, 12.0328) -> 6413 (14.8249, 11.0842)
    5836 (3.05375, 20.0775) -> 9159 (2.40724, 18.2878)
    5837 (21.2639, 10.2094) -> 7457 (19.989, 10.073)
    5838 (4.91124, 21.6108) -> 7537 (4.11076, 20.3381)
    5839 (13.2777, 3.39086) -> 3908 (12.6988, 3.86265)
    5840 (22.9656, 5.86139) -> 5537 (22.1457, 6.09857)
    5841 (5.32769, 19.6492) -> 8634 (4.87088, 19.1965)
    5842 (12.0729, 23.421) -> 8310 (11.4442, 22.9806)
    5843 (15.3555, 16.4993) -> 2067 (14.2957, 16.5473)
    5844 (15.9402, 5.6037) -> 7348 (15.1401, 6.06736)
    5845 (3.3203, 2.85669) -> 9291 (3.20835, 3.38817)
    5846 (7.15329, 20.574) -> 9883 (5.76897, 19.2705)
    5847 (21.2208, 12.9103) -> 6898 (20.0811, 12.5491)
    5848 (19.2136, 4.35967) -> 9511 (17.9849, 4.9996)
    5849 (4.04996, 6.96734) -> 8059 (3.27645, 8.67855)
    5850 (15.9403, 13.466) -> 7174 (14.7548, 14.5579)
    5851 (5.61521, 1.38994) -> 9214 (4.98521, 3.14904)
    5852 (21.903, 5.29812) -> 6753 (20.1605, 5.95914)
    5853 (1.91174, 13.3032) -> 0 (1, 15)
    5854 (16.1103, 13.7438) -> 7590 (14.641, 14.9399)
    5855 (8.84374, 3.38105) -> 9103 (8.10154, 4.42386)
    5856 (4.95009, 5.5413) -> 3662 (4.26955, 7.28989)
    5857 (24.3321, 1.21603) -> 4559 (22.7138, 2.20238)
    5858 (5.30543, 19.5947) -> 8634 (4.87088, 19.1965)
    5859 (20.3794, 10.0137) -> 1614 (18.7325, 9.93331)
    5860 (5.45552, 8.87531) -> 65 (4.25262, 10.4266)
    5861 (7.10139, 13.5875) -> 3293 (5.18708, 14.0488)
    5862 (5.06088, 23.4453) -> 9816 (4.31901, 21.8907)
    5863 (6.68599, 3.27406) -> 9128 (6.12224, 4.35127)
    5864 (22.1832, 8.33272) -> 4314 (20.2371, 8.49942)
    5865 (3.20319, 8.70698) -> 7632 (2.85195, 9.77828)
    5866 (2.74449, 11.2748) -> 7146 (1.83967, 12.9235)
    5867 (8.76895, 19.0696) -> 4612 (7.2201, 18.2368)
    5868 (6.2432, 18.8415) -> 7220 (4.99224, 17.969)
    5869 (17.9016, 7.96123) -> 8965 (17.8326, 7.97127)
    5870 (12.97, 8.35766) -> 7063 (11.1723, 9.10685)
    5871 (18.0422, 19.8418) -> 6148 (17.0444, 19.5382)
    5872 (23.9128, 13.3799) -> 4370 (22.9443, 13.0758)
    5873 (22.5987, 6.75742) -> 7532 (20.9448, 7.03523)
    5874 (18.0098, 3.90328) -> 7352 (16.6449, 4.74292)
    5875 (16.8662, 11.8536) -> 5286 (15.3704, 11.1724)
    5876 (18.3999, 19.161) -> 9577 (16.7329, 18.8819)
    5877 (13.6366, 8.5514) -> 6856 (12.2589, 8.89221)
    5878 (2.38023, 22.3006) -> 8716 (2.37329, 22.2738)
    5879 (20.968, 8.87447) -> 9027 (20.342, 8.89567)
    5880 (17.4986, 0.933514) -> 9751 (16.4161, 1.86599)
    5881 (24.0224, 24.6264) -> 8607 (23.3093, 24.3252)
    5882 (5.16298, 24.1796) -> 22 (4.41685, 22.6404)
    5883 (16.0823, 5.03072) -> 9466 (14.6626, 5.89875)
    5884 (0.758196, 15.8671) -> 0 (1, 15)
    5885 (2.56369, 13.2835) -> 1421 (2.29613, 13.5605)
    5886 (23.9825, 16.6018) -> 2514 (23.2415, 16.5291)
    5887 (14.6812, 13.9912) -> 6336 (13.6904, 15.3569)
    5888 (7.71133, 15.7068) -> 8471 (6.51536, 15.528)
    5889 (1.18558, 20.8475) -> 7948 (1.12901, 19.233)
    5890 (5.89064, 20.6288) -> 1864 (5.38573, 20.1422)
    5891 (16.1279, 3.61484) -> 9430 (14.764, 4.6157)
    5892 (1.05154, 1.43548) -> 9110 (1.0366, 2.84373)
    5893 (18.0809, 14.2485) -> 8228 (16.8961, 14.666)
    5894 (24.9075, 18.6346) -> 3937 (23.6466, 18.4746)
    5895 (17.0161, 17.1489) -> 8813 (15.1833, 16.846)
    5896 (12.9235, 24.1024) -> 8310 (11.4442, 22.9806)
    5897 (17.2391, 15.9836) -> 2167 (16.4832, 16.0853)
    5898 (6.77189, 6.47932) -> 6466 (5.56115, 7.99726)
    5899 (10.1424, 23.6278) -> 3117 (8.77332, 22.2798)
    5900 (6.43505, 23.4744) -> 4348 (5.46486, 22.053)
    5901 (7.51353, 12.5304) -> 9559 (5.54577, 12.7936)
    5902 (15.89, 5.22905) -> 516 (14.8068, 5.91642)
    5903 (3.28051, 10.1476) -> 4585 (2.56515, 11.6104)
    5904 (8.96148, 7.7132) -> 6424 (7.62853, 8.8687)
    5905 (16.6699, 19.1744) -> 7322 (15.7452, 18.9156)
    5906 (20.1988, 3.00309) -> 9936 (18.5438, 3.9393)
    5907 (19.3755, 9.94292) -> 1614 (18.7325, 9.93331)
    5908 (3.35926, 9.49412) -> 4863 (2.66106, 10.9847)
    5909 (22.978, 11.1893) -> 7108 (21.4874, 10.9498)
    5910 (17.4521, 8.05356) -> 4231 (16.4651, 8.24485)
    5911 (19.655, 1.82228) -> 9445 (18.3542, 2.67757)
    5912 (7.44228, 0.892491) -> 3674 (7.04541, 1.71002)
    5913 (18.599, 8.49924) -> 7748 (16.8036, 8.68647)
    5914 (2.24572, 12.8209) -> 1623 (1.37587, 14.5546)
    5915 (5.79525, 11.9294) -> 9009 (5.75771, 11.9504)
    5916 (14.782, 16.5561) -> 2848 (12.8933, 16.588)
    5917 (0.144898, 6.99156) -> 2660 (0.373183, 8.81972)
    5918 (21.6064, 10.6542) -> 4247 (19.8032, 10.3586)
    5919 (6.4385, 15.2654) -> 8578 (4.7485, 15.1378)
    5920 (19.3721, 5.60401) -> 3655 (18.2708, 6.07086)
    5921 (4.54803, 11.9044) -> 9542 (4.25477, 12.1288)
    5922 (12.3116, 6.92948) -> 8834 (11.3241, 7.60392)
    5923 (13.3963, 9.1111) -> 9182 (12.0394, 9.29527)
    5924 (16.1564, 15.1898) -> 9753 (14.6881, 15.6923)
    5925 (0.376151, 5.72795) -> 1168 (0.421074, 7.54748)
    5926 (22.614, 7.06118) -> 9316 (21.6663, 7.35488)
    5927 (0.658288, 24.707) -> 847 (0.670431, 23.1399)
    5928 (20.7667, 22.9523) -> 63 (19.7761, 22.5556)
    5929 (13.1064, 22.6479) -> 9052 (12.5758, 22.3017)
    5930 (19.6692, 15.5871) -> 6425 (18.4395, 15.7762)
    5931 (6.93575, 7.62707) -> 8246 (6.42122, 8.18968)
    5932 (13.3754, 16.4418) -> 7697 (12.766, 16.4813)
    5933 (24.6376, 16.2255) -> 9118 (24.0679, 16.2474)
    5934 (4.03391, 22.915) -> 7565 (3.45439, 21.3411)
    5935 (10.7169, 7.1559) -> 9733 (9.67323, 7.88336)
    5936 (10.9844, 2.10919) -> 1998 (10.3976, 2.842)
    5937 (18.0709, 14.6972) -> 6571 (16.611, 15.1758)
    5938 (5.99679, 3.09892) -> 7018 (5.33344, 4.70202)
    5939 (19.0351, 18.4403) -> 1050 (17.1234, 18.0557)
    5940 (3.09766, 7.73428) -> 9576 (2.92226, 8.59569)
    5941 (20.5056, 12.6933) -> 6779 (18.7742, 12.0655)
    5942 (19.0819, 12.7508) -> 6156 (18.5033, 12.5056)
    5943 (16.6034, 23.1126) -> 9985 (15.4596, 22.528)
    5944 (5.14384, 2.85452) -> 971 (4.5135, 4.52553)
    5945 (7.40718, 9.22583) -> 7679 (6.62631, 9.93549)
    5946 (20.3224, 5.24098) -> 8759 (19.5173, 5.56659)
    5947 (15.9428, 24.452) -> 1667 (14.7711, 23.6429)
    5948 (19.9986, 4.60413) -> 4775 (18.2604, 5.43313)
    5949 (18.3882, 22.7044) -> 2487 (16.9099, 22.0971)
    5950 (21.9056, 5.45391) -> 9427 (20.2205, 6.09004)
    5951 (11.0749, 22.5053) -> 8323 (10.0896, 21.7143)
    5952 (7.28347, 13.2251) -> 3226 (5.75736, 12.9506)
    5953 (14.9904, 3.97725) -> 9513 (14.1795, 4.54285)
    5954 (0.511581, 1.38082) -> 7325 (0.539648, 1.57507)
    5955 (8.04164, 23.3632) -> 900 (7.07731, 22.225)
    5956 (20.0189, 16.5091) -> 4780 (19.1272, 16.5263)
    5957 (0.29478, 2.83997) -> 2992 (0.350298, 3.71258)
    5958 (13.0093, 18.9725) -> 7245 (11.3327, 18.413)
    5959 (12.6604, 23.3238) -> 234 (11.2256, 22.2366)
    5960 (5.67244, 15.8277) -> 8495 (4.01653, 15.5198)
    5961 (3.48738, 19.1069) -> 9177 (2.84348, 18.0406)
    5962 (24.3274, 17.8714) -> 8209 (23.5227, 17.6805)
    5963 (19.1241, 2.12096) -> 9424 (18.3398, 2.61027)
    5964 (13.868, 18.3548) -> 5091 (12.5036, 18.028)
    5965 (8.2071, 23.7857) -> 8787 (7.71081, 23.1661)
    5966 (24.3062, 11.737) -> 9741 (22.6297, 11.2988)
    5967 (19.745, 8.76311) -> 2005 (17.7585, 8.96587)
    5968 (6.8864, 16.7945) -> 9649 (5.18304, 16.2529)
    5969 (22.9465, 8.32252) -> 5864 (22.1832, 8.33272)
    5970 (23.2473, 9.91356) -> 2400 (22.0321, 9.88051)
    5971 (14.7149, 11.5507) -> 5122 (13.5741, 10.3929)
    5972 (6.78815, 19.4524) -> 8624 (5.88701, 18.8039)
    5973 (23.1119, 22.1047) -> 4736 (21.4796, 21.5844)
    5974 (0.301944, 16.4455) -> 0 (1, 15)
    5975 (7.95258, 20.2705) -> 5972 (6.78815, 19.4524)
    5976 (11.8103, 1.17266) -> 9451 (10.5579, 2.71164)
    5977 (21.7695, 14.433) -> 9908 (19.8518, 14.7703)
    5978 (19.5351, 20.7809) -> 7281 (18.1373, 20.4239)
    5979 (20.074, 17.3129) -> 6052 (18.8943, 17.2214)
    5980 (1.40178, 22.5328) -> 7249 (1.35037, 21.4866)
    5981 (3.932, 8.58341) -> 9907 (3.27863, 9.81937)
    5982 (21.2065, 20.2366) -> 6103 (20.5697, 20.0538)
    5983 (22.606, 8.30429) -> 5864 (22.1832, 8.33272)
    5984 (21.1619, 15.0487) -> 5442 (19.6329, 15.297)
    5985 (3.48264, 15.4729) -> 4704 (1.58743, 15.0501)
    5986 (8.99467, 6.98025) -> 4791 (8.13841, 7.74381)
    5987 (23.0729, 5.53109) -> 6703 (22.0132, 5.892)
    5988 (22.2455, 23.0038) -> 1610 (21.7744, 22.8162)
    5989 (22.2259, 1.35145) -> 1924 (21.5408, 1.75517)
    5990 (7.83979, 8.15989) -> 8550 (6.92747, 9.00243)
    5991 (2.04767, 22.0638) -> 1825 (1.74362, 20.429)
    5992 (23.7457, 1.28179) -> 9614 (22.7115, 1.91716)
    5993 (5.03204, 19.1194) -> 9096 (3.68209, 17.8233)
    5994 (10.1079, 21.878) -> 7649 (9.45379, 21.2831)
    5995 (1.1501, 11.5571) -> 1811 (1.14407, 12.7174)
    5996 (18.8272, 6.24166) -> 7974 (17.2612, 6.83452)
    5997 (16.7807, 24.595) -> 6044 (15.7603, 23.9792)
    5998 (3.08747, 7.74973) -> 6775 (2.63358, 9.16501)
    5999 (1.85521, 13.6051) -> 0 (1, 15)
    6000 (24.41, 19.4669) -> 8412 (22.8488, 19.3157)
    6001 (10.6278, 23.6141) -> 6491 (9.63885, 22.8158)
    6002 (23.6097, 23.936) -> 4966 (21.8989, 23.3044)
    6003 (18.6929, 10.1742) -> 5423 (16.8717, 9.94563)
    6004 (12.1011, 22.4669) -> 2635 (11.0324, 21.6791)
    6005 (16.2113, 0.325308) -> 1609 (14.7287, 1.62639)
    6006 (17.3735, 4.88086) -> 3133 (15.7152, 5.8134)
    6007 (4.27187, 11.0417) -> 8494 (3.71508, 11.6078)
    6008 (11.5473, 24.9471) -> 6228 (10.4156, 23.8524)
    6009 (1.545, 8.75969) -> 3153 (1.48183, 9.37024)
    6010 (9.73932, 6.77636) -> 7032 (8.94744, 7.5608)
    6011 (19.8538, 3.85338) -> 3464 (18.4407, 4.60303)
    6012 (23.649, 20.4428) -> 8893 (23.1267, 20.2773)
    6013 (14.8275, 23.6297) -> 5929 (13.1064, 22.6479)
    6014 (0.907276, 8.75378) -> 7142 (0.826104, 10.121)
    6015 (17.6765, 2.44582) -> 9676 (16.5422, 3.20218)
    6016 (0.936493, 5.23367) -> 9498 (0.951482, 6.27534)
    6017 (4.87637, 18.4627) -> 1138 (3.95245, 17.6226)
    6018 (14.9998, 0.063629) -> 9439 (14.0031, 1.09025)
    6019 (1.56819, 21.0229) -> 1831 (1.30998, 19.0585)
    6020 (23.417, 13.3461) -> 8393 (21.8976, 12.8923)
    6021 (23.7637, 16.3075) -> 8667 (22.173, 16.4458)
    6022 (21.7833, 15.0647) -> 905 (21.1921, 15.1371)
    6023 (13.3438, 21.6869) -> 4843 (11.7065, 20.7844)
    6024 (20.751, 12.6534) -> 7708 (19.2216, 12.0712)
    6025 (14.1016, 22.064) -> 6023 (13.3438, 21.6869)
    6026 (16.9075, 1.72061) -> 8196 (16.2721, 2.29412)
    6027 (0.315391, 19.2419) -> 2664 (0.484983, 18.1605)
    6028 (19.9741, 9.31533) -> 9628 (19.1541, 9.32834)
    6029 (7.13926, 22.5337) -> 9717 (6.36565, 21.5854)
    6030 (4.75681, 7.10736) -> 4490 (4.164, 8.24365)
    6031 (17.8592, 10.2482) -> 7813 (16.2398, 10.066)
    6032 (14.2783, 21.369) -> 8600 (12.5906, 20.5152)
    6033 (2.45966, 0.238346) -> 8299 (2.40492, 0.900236)
    6034 (19.2115, 20.7848) -> 7281 (18.1373, 20.4239)
    6035 (16.9139, 7.55156) -> 6639 (15.3112, 7.99871)
    6036 (10.8967, 1.12637) -> 1778 (10.127, 2.22937)
    6037 (22.2612, 18.8301) -> 1282 (20.5789, 18.5109)
    6038 (2.10265, 1.94316) -> 8053 (2.12324, 3.14518)
    6039 (12.8918, 23.1544) -> 7569 (11.2724, 22.0896)
    6040 (2.04088, 17.6995) -> 2481 (1.66001, 16.7055)
    6041 (0.301466, 1.14651) -> 3941 (0.329945, 2.11768)
    6042 (20.3907, 9.20878) -> 9628 (19.1541, 9.32834)
    6043 (16.9877, 24.6871) -> 6044 (15.7603, 23.9792)
    6044 (15.7603, 23.9792) -> 4077 (14.2625, 23.0519)
    6045 (18.0404, 14.8385) -> 7375 (16.7338, 15.1935)
    6046 (21.776, 13.9251) -> 1921 (20.0021, 13.1369)
    6047 (7.42237, 2.59781) -> 7060 (6.55119, 4.14035)
    6048 (17.9564, 9.01649) -> 7491 (16.9037, 9.03447)
    6049 (10.8772, 1.52854) -> 8730 (9.59908, 3.05577)
    6050 (24.0171, 22.338) -> 7671 (22.8202, 21.9809)
    6051 (20.4955, 12.1703) -> 6752 (18.6619, 11.6822)
    6052 (18.8943, 17.2214) -> 8502 (16.9332, 17.0782)
    6053 (23.3308, 9.77847) -> 2179 (21.4415, 9.70532)
    6054 (1.37592, 15.6753) -> 0 (1, 15)
    6055 (21.3419, 20.9081) -> 4972 (19.7771, 20.5058)
    6056 (7.92512, 8.80847) -> 7679 (6.62631, 9.93549)
    6057 (7.01038, 14.9134) -> 9246 (5.291, 14.9366)
    6058 (14.7047, 23.2358) -> 7346 (13.0277, 22.223)
    6059 (24.3082, 12.8893) -> 8844 (23.3179, 12.7021)
    6060 (2.13132, 16.6549) -> 3536 (1.87757, 16.2015)
    6061 (3.77576, 21.8449) -> 8044 (3.40378, 20.9904)
    6062 (6.69324, 23.9386) -> 8797 (6.40685, 23.5172)
    6063 (7.22773, 7.37126) -> 2135 (6.17361, 8.65223)
    6064 (11.7105, 7.33817) -> 6567 (10.3723, 8.25644)
    6065 (10.3052, 23.2888) -> 8222 (9.00673, 22.1288)
    6066 (2.56383, 12.5226) -> 5914 (2.24572, 12.8209)
    6067 (13.1203, 1.58607) -> 9938 (12.485, 2.23929)
    6068 (10.9347, 19.9325) -> 8220 (9.47251, 19.2513)
    6069 (16.5302, 14.8955) -> 9838 (16.2244, 14.9962)
    6070 (17.9898, 2.33734) -> 9676 (16.5422, 3.20218)
    6071 (20.403, 2.66951) -> 3179 (19.5445, 3.21111)
    6072 (4.21338, 24.6676) -> 2188 (3.66238, 22.9853)
    6073 (10.0068, 5.60929) -> 3575 (9.26077, 6.33273)
    6074 (23.3097, 8.00255) -> 9713 (21.726, 8.19448)
    6075 (5.71023, 1.3278) -> 9214 (4.98521, 3.14904)
    6076 (4.71782, 16.1781) -> 1 (2.9274, 15.534)
    6077 (1.85078, 23.2569) -> 8835 (1.75142, 22.2042)
    6078 (0.701188, 1.8197) -> 9187 (0.731026, 3.59446)
    6079 (3.01632, 8.17788) -> 9972 (2.56851, 9.99173)
    6080 (23.7246, 15.2694) -> 8851 (21.7963, 15.4842)
    6081 (23.2768, 13.2296) -> 7434 (21.7768, 12.7173)
    6082 (19.6951, 21.1802) -> 8092 (18.1381, 20.7423)
    6083 (6.2036, 1.87741) -> 9454 (6.19277, 1.93084)
    6084 (4.79763, 5.76129) -> 3662 (4.26955, 7.28989)
    6085 (1.10343, 20.7099) -> 1783 (1.0857, 19.6235)
    6086 (9.4165, 3.40106) -> 8711 (8.29261, 4.78245)
    6087 (22.5142, 6.17511) -> 8420 (20.5957, 6.68889)
    6088 (14.1391, 5.15322) -> 9569 (13.0238, 5.9751)
    6089 (6.26927, 12.7176) -> 9559 (5.54577, 12.7936)
    6090 (6.27755, 16.1901) -> 4574 (5.16086, 15.9146)
    6091 (0.935034, 22.4872) -> 2567 (0.890865, 21.2729)
    6092 (8.74974, 19.2855) -> 7714 (7.55167, 18.6061)
    6093 (8.23486, 19.151) -> 5 (6.79114, 18.2821)
    6094 (9.83286, 6.41739) -> 1500 (8.8434, 7.26493)
    6095 (1.60304, 21.8365) -> 6019 (1.56819, 21.0229)
    6096 (23.7778, 19.1634) -> 9784 (22.9654, 18.9854)
    6097 (6.38316, 9.35096) -> 6328 (5.07891, 10.5006)
    6098 (4.94323, 22.1397) -> 8673 (4.37672, 21.1046)
    6099 (11.9524, 21.4173) -> 7219 (10.4619, 20.5615)
    6100 (11.5574, 16.796) -> 8380 (10.9972, 16.7403)
    6101 (2.61442, 19.2168) -> 6040 (2.04088, 17.6995)
    6102 (6.27749, 14.6054) -> 7024 (5.22977, 14.6924)
    6103 (20.5697, 20.0538) -> 669 (19.2337, 19.755)
    6104 (3.03085, 2.66764) -> 7354 (2.8487, 4.02997)
    6105 (12.6163, 23.781) -> 8846 (11.5274, 22.9372)
    6106 (1.56704, 18.6206) -> 8514 (1.41406, 17.4039)
    6107 (3.49791, 8.17574) -> 7632 (2.85195, 9.77828)
    6108 (20.6978, 15.5742) -> 4046 (19.455, 15.7505)
    6109 (19.2604, 7.91222) -> 9699 (17.404, 8.24623)
    6110 (5.18529, 4.73848) -> 7111 (4.41536, 6.40629)
    6111 (4.66153, 12.6496) -> 6415 (3.34465, 13.0199)
    6112 (20.6717, 3.96417) -> 6166 (19.5593, 4.58876)
    6113 (20.2071, 3.89881) -> 8872 (19.6034, 4.24594)
    6114 (9.08451, 9.13238) -> 9844 (7.80261, 10.0675)
    6115 (11.5626, 4.61062) -> 7749 (11.0087, 5.16103)
    6116 (17.3454, 19.5373) -> 4729 (16.0192, 19.0956)
    6117 (12.9639, 0.0550929) -> 3421 (11.778, 1.4706)
    6118 (17.9875, 24.3944) -> 7423 (17.094, 23.8897)
    6119 (15.5407, 0.0199503) -> 6647 (15.0076, 0.556771)
    6120 (20.6485, 3.45441) -> 9428 (20.3459, 3.74091)
    6121 (3.12318, 8.7915) -> 8829 (2.45403, 10.671)
    6122 (20.9073, 13.042) -> 4087 (20.4096, 12.8472)
    6123 (17.3214, 9.44082) -> 7677 (15.9743, 9.4599)
    6124 (2.97698, 13.7858) -> 1750 (2.43742, 14.0995)
    6125 (3.59416, 16.1256) -> 7771 (2.1759, 15.5193)
    6126 (6.83824, 18.5937) -> 7180 (5.18768, 17.6001)
    6127 (18.2872, 16.69) -> 6806 (17.3532, 16.6214)
    6128 (7.05113, 11.341) -> 9349 (5.28373, 12.2513)
    6129 (2.66881, 5.1307) -> 6871 (2.42107, 6.58758)
    6130 (6.80072, 12.4693) -> 9559 (5.54577, 12.7936)
    6131 (4.58973, 14.621) -> 1555 (2.67363, 14.821)
    6132 (23.9603, 10.7052) -> 9602 (22.0861, 10.4478)
    6133 (3.9231, 13.0094) -> 8422 (2.63869, 13.9248)
    6134 (5.77491, 1.90657) -> 9903 (5.00594, 3.67471)
    6135 (19.8282, 11.9096) -> 7566 (18.4162, 11.4835)
    6136 (1.03974, 21.5265) -> 1783 (1.0857, 19.6235)
    6137 (19.6737, 10.8524) -> 9721 (18.735, 10.5422)
    6138 (10.9115, 18.6312) -> 7139 (10.4308, 18.4599)
    6139 (22.6295, 14.058) -> 6829 (21.9111, 13.7641)
    6140 (14.446, 24.9183) -> 7477 (13.9306, 24.5298)
    6141 (0.156994, 5.24364) -> 6734 (0.223683, 6.10918)
    6142 (12.644, 16.6255) -> 1846 (10.873, 16.5071)
    6143 (7.83568, 5.68112) -> 9426 (7.31966, 6.39488)
    6144 (6.8098, 6.86426) -> 3443 (6.1305, 7.84609)
    6145 (24.2815, 15.5526) -> 9891 (22.9991, 15.6511)
    6146 (17.8137, 10.0091) -> 5423 (16.8717, 9.94563)
    6147 (2.69019, 5.20257) -> 6871 (2.42107, 6.58758)
    6148 (17.0444, 19.5382) -> 1746 (15.4805, 19.172)
    6149 (12.8961, 19.7014) -> 5783 (11.9003, 19.2871)
    6150 (11.089, 6.64032) -> 9992 (9.96491, 7.38354)
    6151 (20.6112, 18.2988) -> 7878 (19.0936, 17.9748)
    6152 (19.8051, 19.1704) -> 6663 (18.3732, 18.8318)
    6153 (10.2331, 4.69143) -> 7459 (8.98368, 6.01018)
    6154 (17.3156, 16.7047) -> 7528 (15.3527, 16.6707)
    6155 (3.03355, 20.1168) -> 1382 (2.69201, 19.3674)
    6156 (18.5033, 12.5056) -> 5811 (17.2163, 11.9266)
    6157 (8.31506, 18.7527) -> 8717 (7.11234, 18.1094)
    6158 (16.1268, 0.553125) -> 4312 (14.8032, 1.83531)
    6159 (12.5454, 4.25293) -> 1370 (11.7987, 4.89362)
    6160 (13.9048, 0.33508) -> 4071 (13.4382, 0.844223)
    6161 (4.47638, 16.3949) -> 1753 (3.92979, 16.2052)
    6162 (23.7643, 12.3949) -> 2625 (22.0106, 11.9652)
    6163 (19.2997, 9.1391) -> 6645 (17.5614, 9.21832)
    6164 (10.6066, 20.5585) -> 4483 (9.55454, 20.033)
    6165 (2.32609, 21.687) -> 7795 (1.99657, 20.0809)
    6166 (19.5593, 4.58876) -> 8861 (17.9555, 5.38712)
    6167 (15.8878, 14.6055) -> 8099 (14.9773, 14.916)
    6168 (20.9081, 3.68243) -> 9297 (19.9539, 4.32407)
    6169 (2.95714, 20.9254) -> 2871 (2.43818, 19.3813)
    6170 (17.0334, 5.75094) -> 9402 (15.3096, 6.62651)
    6171 (8.75583, 7.95516) -> 6424 (7.62853, 8.8687)
    6172 (1.62394, 24.5539) -> 2956 (1.45929, 22.8119)
    6173 (23.4723, 13.9545) -> 2602 (21.6413, 13.2969)
    6174 (14.2748, 7.09041) -> 9350 (14.1199, 7.32928)
    6175 (0.565597, 7.67068) -> 7137 (0.623537, 9.08592)
    6176 (22.0426, 11.785) -> 168 (20.2571, 11.3937)
    6177 (11.0827, 24.5257) -> 4081 (9.68968, 23.1546)
    6178 (20.3225, 18.4822) -> 6847 (18.6634, 18.1975)
    6179 (21.0732, 23.461) -> 8253 (19.8022, 22.9097)
    6180 (22.7534, 17.945) -> 8719 (21.2036, 17.7182)
    6181 (23.3631, 6.39945) -> 580 (21.6734, 6.79675)
    6182 (3.72219, 9.03864) -> 893 (2.83229, 10.6734)
    6183 (11.7808, 4.44593) -> 7749 (11.0087, 5.16103)
    6184 (21.9625, 5.01881) -> 3694 (20.3283, 5.59966)
    6185 (1.71121, 17.6735) -> 8268 (1.3003, 16.0706)
    6186 (18.185, 1.19749) -> 3497 (17.4192, 1.70576)
    6187 (20.8213, 24.8246) -> 8736 (20.2987, 24.5859)
    6188 (10.8466, 1.16625) -> 8428 (10.1954, 1.97585)
    6189 (19.3193, 10.195) -> 3588 (17.4165, 9.97792)
    6190 (2.49686, 21.757) -> 3479 (2.25719, 20.5788)
    6191 (20.3697, 19.489) -> 1376 (18.4902, 19.0368)
    6192 (24.9172, 24.6795) -> 3772 (23.2113, 23.9718)
    6193 (1.63149, 11.7981) -> 4472 (1.28242, 13.4083)
    6194 (5.46068, 17.4716) -> 4469 (4.30492, 16.7167)
    6195 (6.02342, 4.60886) -> 7652 (5.45808, 5.67635)
    6196 (5.71068, 3.48155) -> 689 (5.14545, 5.00816)
    6197 (19.5199, 18.3233) -> 2189 (17.591, 18.0255)
    6198 (4.09274, 0.452072) -> 7127 (3.85938, 2.02002)
    6199 (9.69694, 4.26044) -> 7945 (9.32638, 4.68062)
    6200 (15.0548, 5.29522) -> 8786 (14.386, 5.75713)
    6201 (5.93012, 20.5531) -> 1647 (4.86762, 19.356)
    6202 (5.61254, 22.8472) -> 9238 (4.67458, 21.3525)
    6203 (1.9929, 12.163) -> 1616 (1.64925, 12.7635)
    6204 (10.4772, 24.277) -> 5184 (10.0467, 23.8301)
    6205 (22.1184, 17.3169) -> 177 (20.8879, 17.1695)
    6206 (0.858352, 12.5264) -> 6473 (0.904092, 14.1454)
    6207 (1.35026, 18.6564) -> 2688 (1.27905, 18.0842)
    6208 (6.67784, 8.19306) -> 8671 (5.97507, 8.98641)
    6209 (22.4369, 19.6682) -> 4105 (20.5093, 19.2444)
    6210 (13.9856, 3.25926) -> 8115 (12.593, 4.49146)
    6211 (13.9307, 0.127144) -> 2579 (13.3712, 0.80882)
    6212 (10.4886, 23.345) -> 8222 (9.00673, 22.1288)
    6213 (13.3277, 6.36951) -> 9904 (12.7544, 6.72165)
    6214 (15.3095, 19.1899) -> 8876 (13.8748, 18.6855)
    6215 (18.795, 13.0827) -> 4022 (18.0035, 12.6543)
    6216 (17.997, 6.94666) -> 7524 (16.1267, 7.50335)
    6217 (11.9115, 18.0853) -> 5765 (10.4838, 17.7236)
    6218 (11.8231, 1.69493) -> 1685 (11.1836, 2.4949)
    6219 (2.72925, 21.1609) -> 8376 (2.6161, 20.6794)
    6220 (6.20941, 10.6477) -> 2085 (5.66255, 11.0104)
    6221 (21.5934, 17.6141) -> 7432 (20.4833, 17.5372)
    6222 (23.0603, 24.0408) -> 3852 (21.5947, 23.3314)
    6223 (21.7576, 19.772) -> 9804 (20.8867, 19.5601)
    6224 (11.56, 22.7085) -> 3373 (10.9588, 22.293)
    6225 (2.00494, 0.874523) -> 570 (1.87375, 2.24166)
    6226 (21.4816, 19.7365) -> 6191 (20.3697, 19.489)
    6227 (2.72222, 4.27547) -> 6129 (2.66881, 5.1307)
    6228 (10.4156, 23.8524) -> 4081 (9.68968, 23.1546)
    6229 (9.67141, 20.9453) -> 9564 (8.87138, 20.3994)
    6230 (22.364, 12.7611) -> 1279 (21.1275, 12.3438)
    6231 (13.9447, 18.454) -> 7265 (12.3633, 18.0404)
    6232 (16.0568, 10.7792) -> 5197 (14.4741, 10.3722)
    6233 (18.7591, 5.15151) -> 9771 (17.2623, 5.90655)
    6234 (8.23654, 9.93499) -> 9745 (6.89998, 10.7252)
    6235 (16.7515, 5.39959) -> 9402 (15.3096, 6.62651)
    6236 (15.1266, 2.78982) -> 9002 (13.8113, 3.99224)
    6237 (6.02218, 14.5548) -> 9808 (4.8442, 14.6092)
    6238 (18.3647, 18.3453) -> 8745 (16.8872, 18.0479)
    6239 (9.26426, 24.1336) -> 2074 (8.75765, 23.5431)
    6240 (21.7042, 19.4681) -> 8603 (20.2024, 19.1683)
    6241 (19.7713, 4.78342) -> 4775 (18.2604, 5.43313)
    6242 (12.3194, 9.43603) -> 9390 (11.188, 9.24785)
    6243 (16.2015, 6.93015) -> 8369 (14.5018, 7.63715)
    6244 (11.3178, 6.07241) -> 8458 (10.7055, 6.51764)
    6245 (24.8908, 3.05873) -> 3301 (23.3828, 3.605)
    6246 (24.7121, 11.108) -> 8212 (23.0447, 10.9207)
    6247 (21.7281, 16.4944) -> 5956 (20.0189, 16.5091)
    6248 (5.73375, 8.49453) -> 5860 (5.45552, 8.87531)
    6249 (4.17146, 11.727) -> 7952 (4.06914, 11.7762)
    6250 (20.8818, 18.0516) -> 7958 (19.5205, 17.8288)
    6251 (20.4334, 13.0588) -> 2058 (18.8507, 12.4052)
    6252 (7.69503, 10.4015) -> 1283 (6.79213, 10.9577)
    6253 (15.6964, 21.3142) -> 8767 (14.4658, 20.8536)
    6254 (17.2711, 14.1719) -> 9207 (16.8817, 14.4068)
    6255 (1.9596, 1.24836) -> 570 (1.87375, 2.24166)
    6256 (10.7148, 2.60992) -> 4083 (9.56633, 4.0462)
    6257 (6.73528, 13.7877) -> 5548 (5.58834, 14.054)
    6258 (15.8718, 24.9638) -> 9749 (14.5393, 24.1639)
    6259 (3.3161, 7.93116) -> 9342 (2.87514, 9.37603)
    6260 (17.8079, 16.8756) -> 1366 (16.0867, 16.6961)
    6261 (23.6313, 19.7658) -> 1776 (22.4147, 19.5839)
    6262 (8.6884, 19.9916) -> 6574 (7.80865, 19.3913)
    6263 (22.2607, 5.43854) -> 5263 (20.8738, 5.90054)
    6264 (2.71342, 2.55346) -> 9973 (2.57213, 3.71475)
    6265 (24.8798, 13.6725) -> 5872 (23.9128, 13.3799)
    6266 (20.8539, 21.5169) -> 6082 (19.6951, 21.1802)
    6267 (14.7759, 13.1602) -> 7647 (14.398, 13.8531)
    6268 (16.3442, 17.3686) -> 8058 (14.7252, 17.0578)
    6269 (14.544, 2.20526) -> 6306 (14.3526, 2.39621)
    6270 (6.44093, 7.95384) -> 3867 (5.15621, 9.48252)
    6271 (23.4748, 18.5429) -> 9643 (22.0006, 18.2906)
    6272 (9.31336, 2.58138) -> 6872 (8.40452, 3.87181)
    6273 (13.2849, 1.06265) -> 7786 (12.2206, 2.20468)
    6274 (15.0264, 1.24332) -> 7547 (14.2505, 1.90786)
    6275 (4.99867, 7.12956) -> 806 (4.61921, 7.72704)
    6276 (2.24664, 18.5713) -> 3871 (1.62424, 16.8004)
    6277 (6.61001, 22.6153) -> 8983 (5.78875, 21.4957)
    6278 (5.00832, 0.654182) -> 7293 (4.48257, 2.44779)
    6279 (22.3572, 17.0072) -> 7213 (21.7472, 17.0333)
    6280 (0.78997, 9.59639) -> 4101 (0.808538, 11.1727)
    6281 (11.0767, 19.7786) -> 131 (10.311, 19.3873)
    6282 (1.22526, 17.3284) -> 9906 (1.04535, 15.5267)
    6283 (14.2891, 10.5761) -> 9997 (13.1824, 10.13)
    6284 (7.0141, 16.9274) -> 730 (5.31508, 16.4274)
    6285 (22.7677, 8.61476) -> 8932 (21.6255, 8.60688)
    6286 (9.55693, 9.59929) -> 9472 (8.10019, 10.3261)
    6287 (8.46467, 18.4842) -> 9758 (7.73383, 18.2274)
    6288 (17.9906, 17.5788) -> 9584 (16.9225, 17.3677)
    6289 (11.0438, 16.923) -> 2489 (9.6639, 16.6512)
    6290 (18.573, 22.6209) -> 3986 (16.8864, 21.9046)
    6291 (4.89911, 8.44181) -> 8658 (4.59136, 9.06612)
    6292 (20.9161, 9.95787) -> 6672 (20.2256, 9.91841)
    6293 (19.4638, 5.15404) -> 9878 (18.0484, 5.85851)
    6294 (1.63945, 8.65509) -> 5044 (1.61473, 9.14488)
    6295 (10.5427, 16.6603) -> 484 (9.43275, 16.4727)
    6296 (13.2319, 16.8492) -> 9224 (12.8969, 16.8188)
    6297 (9.20155, 7.5294) -> 6503 (8.15236, 8.44806)
    6298 (22.5673, 8.17742) -> 1433 (20.7017, 8.39808)
    6299 (10.0961, 1.79054) -> 3790 (9.70839, 2.237)
    6300 (23.9293, 12.0798) -> 8989 (22.3211, 11.8518)
    6301 (21.5196, 13.6507) -> 7572 (20.3184, 13.1341)
    6302 (10.0401, 0.332313) -> 3688 (9.36669, 1.65602)
    6303 (18.0253, 18.8132) -> 6802 (17.3554, 18.6457)
    6304 (23.5437, 11.4246) -> 9741 (22.6297, 11.2988)
    6305 (3.39996, 13.8742) -> 3320 (2.684, 14.1719)
    6306 (14.3526, 2.39621) -> 5834 (12.8514, 3.70504)
    6307 (23.6547, 17.6488) -> 8040 (21.9287, 17.4998)
    6308 (19.4467, 10.8669) -> 9721 (18.735, 10.5422)
    6309 (21.0595, 23.0145) -> 8582 (20.4178, 22.7757)
    6310 (10.7793, 23.6146) -> 6713 (9.3795, 22.2853)
    6311 (18.2476, 18.3878) -> 9954 (16.3454, 18.0077)
    6312 (11.4326, 18.9745) -> 7800 (10.1576, 18.5067)
    6313 (21.6125, 11.2915) -> 9691 (20.1629, 11.2065)
    6314 (15.1516, 23.1159) -> 5180 (13.6826, 22.1938)
    6315 (10.2282, 9.4719) -> 1525 (9.14822, 10.0057)
    6316 (18.7484, 16.0157) -> 3570 (17.532, 16.1381)
    6317 (22.4115, 16.286) -> 1640 (20.4487, 16.3214)
    6318 (16.4947, 1.07048) -> 4129 (15.296, 1.96829)
    6319 (5.82151, 9.20726) -> 6629 (4.98725, 10.103)
    6320 (6.56282, 16.6907) -> 7314 (5.1336, 16.2342)
    6321 (5.29813, 12.0387) -> 9349 (5.28373, 12.2513)
    6322 (1.20338, 18.1642) -> 2133 (1.07799, 16.4523)
    6323 (24.5624, 16.1961) -> 6608 (22.6273, 16.2812)
    6324 (1.96246, 4.43949) -> 7196 (1.87752, 6.16081)
    6325 (16.93, 7.20537) -> 8531 (15.85, 7.60354)
    6326 (4.29394, 11.8972) -> 3815 (2.70186, 12.9306)
    6327 (0.762627, 6.82474) -> 7330 (0.760747, 8.2623)
    6328 (5.07891, 10.5006) -> 3509 (3.77492, 11.6557)
    6329 (24.4703, 16.3325) -> 4229 (23.2816, 16.4017)
    6330 (5.00926, 15.0978) -> 998 (3.84666, 15.0704)
    6331 (2.30573, 8.35891) -> 9946 (2.23642, 8.82865)
    6332 (17.2905, 13.8605) -> 9603 (16.4764, 14.3311)
    6333 (24.1614, 8.9443) -> 9467 (22.5998, 8.73429)
    6334 (13.0593, 1.57369) -> 5118 (11.7065, 2.92416)
    6335 (3.98776, 14.8156) -> 5809 (2.89199, 14.824)
    6336 (13.6904, 15.3569) -> 7680 (12.8581, 16.1057)
    6337 (19.4907, 22.5559) -> 7055 (18.4567, 22.1888)
    6338 (4.9249, 23.9795) -> 22 (4.41685, 22.6404)
    6339 (15.8353, 23.4995) -> 6314 (15.1516, 23.1159)
    6340 (24.339, 1.74214) -> 9670 (22.6829, 2.71582)
    6341 (3.53365, 7.35376) -> 9766 (3.19311, 8.07935)
    6342 (1.79735, 21.4576) -> 9974 (1.70545, 20.6636)
    6343 (2.95603, 2.58528) -> 8408 (2.62922, 4.42397)
    6344 (3.06806, 6.79539) -> 2839 (2.69133, 8.60414)
    6345 (13.9518, 10.4172) -> 9997 (13.1824, 10.13)
    6346 (24.6213, 15.448) -> 6834 (23.4762, 15.5387)
    6347 (20.9234, 2.44821) -> 3179 (19.5445, 3.21111)
    6348 (15.7032, 16.5548) -> 8818 (15.3583, 16.5414)
    6349 (21.586, 9.87062) -> 8669 (19.9099, 9.83575)
    6350 (8.87275, 20.3294) -> 9098 (7.61883, 19.5244)
    6351 (5.93151, 10.0989) -> 6443 (5.00668, 10.9785)
    6352 (6.31997, 22.2742) -> 8983 (5.78875, 21.4957)
    6353 (20.6925, 3.07771) -> 7228 (19.2779, 3.85346)
    6354 (22.6043, 21.3225) -> 9193 (22.106, 21.224)
    6355 (22.9463, 8.72164) -> 5879 (20.968, 8.87447)
    6356 (1.85415, 1.48322) -> 275 (1.73332, 2.96279)
    6357 (14.462, 16.7668) -> 6142 (12.644, 16.6255)
    6358 (11.9614, 17.1771) -> 8577 (10.3805, 16.9321)
    6359 (14.9533, 8.5765) -> 8961 (13.6805, 8.75558)
    6360 (22.6953, 21.7109) -> 7589 (21.473, 21.2487)
    6361 (15.2231, 14.2832) -> 653 (13.8499, 15.3651)
    6362 (18.2087, 5.28216) -> 8861 (17.9555, 5.38712)
    6363 (16.2421, 3.7879) -> 9715 (15.1895, 4.62542)
    6364 (1.02067, 14.3584) -> 0 (1, 15)
    6365 (5.92529, 10.9282) -> 9934 (4.31591, 12.045)
    6366 (3.7184, 14.4315) -> 1189 (2.62531, 14.6791)
    6367 (14.375, 0.398397) -> 9311 (13.6835, 1.22774)
    6368 (1.97566, 1.5374) -> 570 (1.87375, 2.24166)
    6369 (0.134805, 1.49355) -> 5456 (0.189583, 3.04615)
    6370 (4.77926, 1.64022) -> 6377 (4.28887, 3.50539)
    6371 (17.3547, 3.88312) -> 9585 (16.0985, 4.6501)
    6372 (19.568, 1.53312) -> 1057 (18.1401, 2.50963)
    6373 (13.5962, 5.34848) -> 9481 (11.9518, 6.45553)
    6374 (1.47012, 16.498) -> 0 (1, 15)
    6375 (0.208085, 9.25394) -> 2057 (0.423195, 10.2854)
    6376 (23.3171, 20.4918) -> 2790 (21.5112, 20.0703)
    6377 (4.28887, 3.50539) -> 9762 (3.77375, 5.2169)
    6378 (14.0159, 5.73269) -> 5627 (12.7379, 6.52601)
    6379 (18.3846, 1.8569) -> 9604 (17.0204, 2.7994)
    6380 (2.46158, 2.97839) -> 917 (2.25923, 4.18327)
    6381 (24.4313, 4.53141) -> 2730 (22.5928, 5.21128)
    6382 (19.2218, 8.22975) -> 2428 (17.2575, 8.46246)
    6383 (17.5119, 15.257) -> 7106 (16.1522, 15.6361)
    6384 (1.39609, 22.6614) -> 5213 (1.33337, 21.5185)
    6385 (16.0086, 9.66459) -> 8609 (14.4533, 9.6879)
    6386 (5.24952, 10.4285) -> 1083 (4.12424, 11.4194)
    6387 (17.4343, 22.4179) -> 2003 (16.0488, 21.8204)
    6388 (5.68288, 16.8572) -> 1753 (3.92979, 16.2052)
    6389 (12.8086, 8.02879) -> 9399 (12.1894, 8.32117)
    6390 (21.8589, 2.82274) -> 9428 (20.3459, 3.74091)
    6391 (14.427, 16.2251) -> 7697 (12.766, 16.4813)
    6392 (16.056, 2.30458) -> 9425 (15.3528, 2.77123)
    6393 (16.0774, 24.8269) -> 1938 (14.7517, 23.8014)
    6394 (2.7442, 1.22951) -> 7780 (2.5669, 2.77961)
    6395 (0.409381, 9.45573) -> 5386 (0.583176, 11.3218)
    6396 (11.6982, 21.8461) -> 4184 (10.2166, 20.8625)
    6397 (8.46463, 18.7673) -> 8717 (7.11234, 18.1094)
    6398 (16.7914, 12.5424) -> 7549 (16.3865, 12.2678)
    6399 (6.73991, 20.4751) -> 4886 (5.49681, 19.2098)
    6400 (23.6067, 21.1042) -> 6477 (22.4407, 20.7486)
    6401 (12.0034, 22.3571) -> 2635 (11.0324, 21.6791)
    6402 (0.151982, 1.29897) -> 2672 (0.270542, 3.14229)
    6403 (3.74893, 19.6756) -> 983 (2.81202, 18.1532)
    6404 (0.726391, 16.2654) -> 0 (1, 15)
    6405 (16.5528, 19.8928) -> 7965 (14.7411, 19.3018)
    6406 (24.5053, 22.7246) -> 9744 (23.766, 22.5541)
    6407 (12.6153, 17.6702) -> 5566 (11.3602, 17.3597)
    6408 (17.8361, 15.0318) -> 2508 (16.4619, 15.409)
    6409 (8.90269, 2.55586) -> 2628 (8.11571, 3.76346)
    6410 (19.9204, 23.6555) -> 3038 (18.4797, 23.0401)
    6411 (4.98288, 21.9083) -> 9238 (4.67458, 21.3525)
    6412 (9.00484, 24.6421) -> 380 (8.24787, 23.7496)
    6413 (14.8249, 11.0842) -> 9997 (13.1824, 10.13)
    6414 (9.68836, 17.8261) -> 4824 (8.03639, 17.2762)
    6415 (3.34465, 13.0199) -> 9322 (2.35798, 13.8675)
    6416 (20.9673, 3.29903) -> 9428 (20.3459, 3.74091)
    6417 (16.0061, 17.5752) -> 663 (14.8314, 17.3184)
    6418 (0.257627, 10.5714) -> 8285 (0.405992, 11.2784)
    6419 (13.9996, 24.8758) -> 9080 (13.6534, 24.5549)
    6420 (3.56224, 15.7002) -> 1 (2.9274, 15.534)
    6421 (3.73421, 19.7446) -> 983 (2.81202, 18.1532)
    6422 (13.2153, 24.8648) -> 2953 (12.0469, 23.9442)
    6423 (6.90359, 1.54817) -> 5203 (6.10156, 3.16861)
    6424 (7.62853, 8.8687) -> 9379 (7.13577, 9.29916)
    6425 (18.4395, 15.7762) -> 2167 (16.4832, 16.0853)
    6426 (18.2609, 23.3167) -> 8645 (16.9357, 22.6721)
    6427 (24.5513, 8.26692) -> 9874 (23.6938, 8.34637)
    6428 (15.9875, 18.8995) -> 1539 (14.3089, 18.4788)
    6429 (2.12087, 4.57636) -> 2554 (1.96612, 5.71511)
    6430 (14.6017, 22.5325) -> 5242 (13.0602, 21.6091)
    6431 (3.41191, 4.43745) -> 4968 (3.05342, 5.60652)
    6432 (8.22479, 5.89117) -> 4671 (7.39663, 6.84859)
    6433 (20.7776, 20.6186) -> 9396 (19.5188, 20.259)
    6434 (15.4998, 6.93131) -> 7840 (14.5178, 7.46644)
    6435 (10.3214, 2.54281) -> 7645 (9.1806, 4.0103)
    6436 (12.3508, 1.49042) -> 7899 (11.301, 2.79721)
    6437 (17.3221, 24.5347) -> 9789 (15.8235, 23.6382)
    6438 (15.8086, 22.8113) -> 2718 (14.397, 22.085)
    6439 (21.546, 11.1781) -> 8401 (19.7517, 10.8064)
    6440 (10.4445, 17.5076) -> 9150 (9.83229, 17.324)
    6441 (13.8968, 20.6394) -> 8034 (13.3927, 20.3604)
    6442 (3.54808, 1.69858) -> 9291 (3.20835, 3.38817)
    6443 (5.00668, 10.9785) -> 7952 (4.06914, 11.7762)
    6444 (8.39721, 16.4977) -> 8347 (8.11038, 16.4507)
    6445 (9.79546, 17.4846) -> 8081 (8.64472, 17.1883)
    6446 (17.8568, 5.24512) -> 8193 (16.79, 5.86941)
    6447 (19.7339, 20.6501) -> 4025 (18.102, 20.1487)
    6448 (10.5907, 23.1377) -> 4218 (9.5658, 22.256)
    6449 (6.15794, 17.9715) -> 1725 (5.76332, 17.7627)
    6450 (21.6722, 16.7036) -> 8438 (20.9025, 16.7146)
    6451 (14.9513, 5.8973) -> 3456 (13.4063, 6.84458)
    6452 (13.5531, 9.98869) -> 8304 (13.2525, 9.95261)
    6453 (12.4587, 6.42897) -> 9776 (10.7579, 7.40473)
    6454 (15.9403, 2.05963) -> 8182 (14.9752, 2.96529)
    6455 (13.9092, 2.08447) -> 3629 (12.5776, 3.27146)
    6456 (15.2308, 3.82163) -> 9513 (14.1795, 4.54285)
    6457 (16.4562, 17.7753) -> 23 (14.5077, 17.4396)
    6458 (14.1985, 15.6717) -> 9004 (12.8896, 16.187)
    6459 (16.9855, 17.3717) -> 9584 (16.9225, 17.3677)
    6460 (9.84249, 5.93055) -> 9939 (8.62603, 7.06241)
    6461 (6.37032, 6.27976) -> 7874 (5.96698, 6.95309)
    6462 (10.4949, 1.65173) -> 5193 (10.1673, 2.12533)
    6463 (2.28265, 17.6828) -> 8301 (1.43825, 16.032)
    6464 (14.426, 8.22946) -> 4126 (12.6805, 8.6853)
    6465 (20.538, 8.96633) -> 3893 (18.9198, 9.0014)
    6466 (5.56115, 7.99726) -> 2119 (4.403, 9.54176)
    6467 (1.97674, 12.4383) -> 1918 (1.71006, 12.9855)
    6468 (10.3047, 23.6052) -> 2991 (9.01393, 22.4822)
    6469 (3.46887, 16.6097) -> 1841 (2.37297, 15.9213)
    6470 (1.16633, 5.2601) -> 8715 (1.18272, 5.9305)
    6471 (15.2771, 8.70373) -> 6754 (13.4177, 9.01325)
    6472 (22.5344, 9.55288) -> 9385 (21.2947, 9.38034)
    6473 (0.904092, 14.1454) -> 0 (1, 15)
    6474 (6.98793, 2.17392) -> 2540 (6.19078, 3.81388)
    6475 (14.0355, 18.5652) -> 9493 (12.2206, 18.0785)
    6476 (19.039, 4.40339) -> 9511 (17.9849, 4.9996)
    6477 (22.4407, 20.7486) -> 4146 (21.1645, 20.3799)
    6478 (21.2159, 4.1084) -> 8486 (19.6109, 4.84414)
    6479 (11.8681, 2.40037) -> 5018 (11.0035, 3.46395)
    6480 (20.3374, 16.097) -> 8070 (19.0723, 16.0996)
    6481 (5.65858, 24.4213) -> 7889 (4.83307, 22.9941)
    6482 (1.22524, 6.98116) -> 8049 (1.25118, 8.81352)
    6483 (15.9577, 11.2488) -> 6283 (14.2891, 10.5761)
    6484 (13.8377, 6.91419) -> 5358 (12.5645, 7.67606)
    6485 (0.762521, 7.18247) -> 7330 (0.760747, 8.2623)
    6486 (19.7757, 8.24072) -> 7615 (19.0195, 8.38428)
    6487 (21.8898, 9.71018) -> 2265 (21.7207, 9.71028)
    6488 (22.7835, 13.4689) -> 533 (21.2086, 12.9392)
    6489 (3.90563, 10.7677) -> 8150 (3.30677, 11.4065)
    6490 (18.3667, 9.82715) -> 4367 (16.7888, 9.7919)
    6491 (9.63885, 22.8158) -> 7496 (8.4617, 21.6751)
    6492 (14.0344, 5.13611) -> 9356 (12.8783, 6.03153)
    6493 (18.8372, 0.631623) -> 3497 (17.4192, 1.70576)
    6494 (2.15328, 21.8274) -> 8779 (1.91619, 20.5196)
    6495 (23.5174, 9.65742) -> 9476 (22.1436, 9.4897)
    6496 (0.193598, 5.3913) -> 9892 (0.288455, 6.10205)
    6497 (0.952813, 1.69399) -> 8039 (0.90766, 3.15574)
    6498 (18.9341, 22.3368) -> 1503 (17.2505, 21.7275)
    6499 (8.19988, 23.678) -> 1709 (7.14396, 22.4405)
    6500 (0.535076, 19.2007) -> 658 (0.690345, 17.8309)
    6501 (3.24542, 8.48702) -> 9342 (2.87514, 9.37603)
    6502 (1.54535, 5.30606) -> 9600 (1.48143, 7.03023)
    6503 (8.15236, 8.44806) -> 9379 (7.13577, 9.29916)
    6504 (17.5916, 21.7388) -> 7117 (16.2139, 21.2629)
    6505 (5.82853, 23.8555) -> 6098 (4.94323, 22.1397)
    6506 (18.6548, 9.25899) -> 9772 (17.0184, 9.17306)
    6507 (8.2048, 23.4831) -> 8871 (7.5968, 22.7893)
    6508 (17.4138, 13.9492) -> 8971 (17.1286, 14.0436)
    6509 (17.422, 7.53907) -> 8654 (15.7841, 7.89429)
    6510 (23.4725, 0.5006) -> 3992 (23.167, 0.698458)
    6511 (2.06248, 4.53883) -> 7196 (1.87752, 6.16081)
    6512 (8.48693, 9.30549) -> 9155 (7.19706, 10.2458)
    6513 (6.74454, 16.7468) -> 7314 (5.1336, 16.2342)
    6514 (0.711822, 23.9129) -> 200 (0.711309, 22.1691)
    6515 (24.7229, 6.96559) -> 4628 (22.759, 7.30288)
    6516 (6.55299, 15.1379) -> 6330 (5.00926, 15.0978)
    6517 (20.0757, 7.4841) -> 9287 (19.6339, 7.5887)
    6518 (17.0235, 21.1719) -> 9319 (15.3297, 20.4316)
    6519 (12.5162, 17.9093) -> 8614 (11.1885, 17.5627)
    6520 (18.7622, 6.40782) -> 7974 (17.2612, 6.83452)
    6521 (1.44126, 15.4089) -> 0 (1, 15)
    6522 (10.6903, 20.4325) -> 8984 (9.58127, 19.7278)
    6523 (19.3964, 1.54634) -> 9687 (17.9912, 2.42607)
    6524 (8.47668, 24.1008) -> 8787 (7.71081, 23.1661)
    6525 (2.10735, 8.45847) -> 1674 (1.83095, 10.0276)
    6526 (3.70493, 7.53685) -> 8059 (3.27645, 8.67855)
    6527 (4.0429, 10.848) -> 8254 (2.90747, 12.3014)
    6528 (15.7927, 13.6225) -> 7174 (14.7548, 14.5579)
    6529 (2.10893, 13.9671) -> 0 (1, 15)
    6530 (5.78004, 19.3477) -> 4917 (4.77728, 18.415)
    6531 (3.29905, 19.9534) -> 3748 (2.52461, 18.1191)
    6532 (6.02018, 3.5725) -> 6906 (5.43235, 4.86748)
    6533 (2.24634, 11.2294) -> 9324 (2.06046, 11.6223)
    6534 (3.18728, 23.2916) -> 2485 (3.07597, 22.9061)
    6535 (2.34438, 17.5937) -> 1765 (1.87246, 16.6273)
    6536 (15.497, 3.20315) -> 8122 (15.4465, 3.25516)
    6537 (1.77819, 1.90716) -> 3437 (1.67807, 3.6749)
    6538 (21.3186, 7.16198) -> 9287 (19.6339, 7.5887)
    6539 (1.48565, 9.03663) -> 8104 (1.35363, 9.96645)
    6540 (22.9327, 10.9624) -> 7621 (21.5215, 10.7678)
    6541 (4.38005, 17.4848) -> 9394 (3.19276, 16.6338)
    6542 (23.0742, 22.1404) -> 7502 (21.1636, 21.574)
    6543 (22.6718, 14.3288) -> 9940 (20.7488, 14.6103)
    6544 (0.878765, 23.9145) -> 6091 (0.935034, 22.4872)
    6545 (2.12814, 10.0877) -> 9500 (1.828, 11.2447)
    6546 (19.305, 2.42765) -> 9140 (17.9587, 3.2645)
    6547 (6.81, 6.81725) -> 1876 (5.91965, 7.93294)
    6548 (3.08638, 16.6182) -> 4431 (1.92574, 15.7078)
    6549 (22.4193, 19.0808) -> 2170 (20.8245, 18.7929)
    6550 (23.7438, 1.8733) -> 3887 (22.0587, 2.73298)
    6551 (17.3466, 0.306934) -> 3883 (16.7248, 0.809848)
    6552 (19.6654, 12.4309) -> 2827 (18.4097, 12.0119)
    6553 (22.0019, 7.7119) -> 3486 (20.7252, 7.94556)
    6554 (9.97728, 6.65999) -> 7032 (8.94744, 7.5608)
    6555 (24.6726, 12.8444) -> 9410 (23.6987, 12.4785)
    6556 (18.0577, 23.3342) -> 7852 (16.7354, 22.6717)
    6557 (21.0143, 11.7321) -> 8418 (19.257, 11.3752)
    6558 (12.445, 0.363831) -> 5976 (11.8103, 1.17266)
    6559 (19.5631, 16.4305) -> 8612 (18.4451, 16.4486)
    6560 (15.383, 3.83424) -> 5508 (14.056, 4.80701)
    6561 (0.148907, 7.95588) -> 9130 (0.234327, 8.66763)
    6562 (12.9706, 24.0289) -> 563 (12.1873, 23.3526)
    6563 (16.3263, 5.1319) -> 3831 (14.7294, 6.05339)
    6564 (18.8578, 11.5743) -> 6689 (18.0459, 11.3423)
    6565 (0.338657, 11.6663) -> 7796 (0.549684, 12.339)
    6566 (16.8762, 24.8729) -> 3360 (15.6358, 24.1544)
    6567 (10.3723, 8.25644) -> 8764 (8.79785, 9.33891)
    6568 (9.70531, 7.28334) -> 6503 (8.15236, 8.44806)
    6569 (9.79885, 22.0557) -> 9256 (8.44837, 20.8947)
    6570 (2.97489, 12.3264) -> 5853 (1.91174, 13.3032)
    6571 (16.611, 15.1758) -> 9753 (14.6881, 15.6923)
    6572 (3.29291, 8.10979) -> 9342 (2.87514, 9.37603)
    6573 (0.154417, 10.6295) -> 4579 (0.276257, 11.3825)
    6574 (7.80865, 19.3913) -> 9896 (6.33673, 18.4071)
    6575 (23.7601, 8.11875) -> 5403 (22.4171, 8.2607)
    6576 (3.05382, 7.89869) -> 9576 (2.92226, 8.59569)
    6577 (19.2302, 2.37251) -> 9140 (17.9587, 3.2645)
    6578 (2.35801, 17.9273) -> 7704 (1.49128, 16.2511)
    6579 (5.96615, 8.92712) -> 6629 (4.98725, 10.103)
    6580 (1.77436, 24.8048) -> 969 (1.62892, 23.4062)
    6581 (17.9046, 19.061) -> 9577 (16.7329, 18.8819)
    6582 (18.8986, 15.3164) -> 1438 (17.1838, 15.6474)
    6583 (24.8062, 12.5109) -> 100 (22.886, 12.0238)
    6584 (0.914299, 15.6286) -> 0 (1, 15)
    6585 (16.0406, 14.2568) -> 9873 (15.8458, 14.3698)
    6586 (19.9358, 13.3124) -> 2279 (18.2467, 12.5559)
    6587 (13.8864, 19.0592) -> 4793 (13.1656, 18.8306)
    6588 (21.1253, 18.5625) -> 7787 (19.5415, 18.2163)
    6589 (3.64235, 15.0113) -> 2906 (1.81767, 15.0026)
    6590 (6.68961, 3.92902) -> 8414 (5.86088, 5.47057)
    6591 (7.6275, 17.9736) -> 3417 (6.52156, 17.5283)
    6592 (15.228, 4.35445) -> 6492 (14.0344, 5.13611)
    6593 (0.256515, 12.0634) -> 1198 (0.77195, 13.6872)
    6594 (22.4441, 0.731666) -> 8479 (21.0773, 1.65724)
    6595 (21.885, 2.07819) -> 3259 (20.4721, 2.89611)
    6596 (8.5268, 15.5928) -> 7456 (7.20601, 15.5404)
    6597 (12.8666, 5.48625) -> 6944 (11.6963, 6.34996)
    6598 (18.2627, 3.5007) -> 8596 (17.5855, 3.86598)
    6599 (15.485, 1.25854) -> 2633 (14.8766, 1.80183)
    6600 (7.95454, 3.74784) -> 7071 (7.04628, 5.22645)
    6601 (15.1181, 17.704) -> 420 (14.2905, 17.5738)
    6602 (21.1441, 1.18628) -> 1536 (20.3345, 1.86576)
    6603 (5.26373, 0.767122) -> 5690 (5.02042, 1.36414)
    6604 (17.6812, 11.4979) -> 7065 (17.0002, 11.2645)
    6605 (20.9108, 1.95897) -> 8497 (19.5517, 2.82028)
    6606 (12.2776, 17.8744) -> 8614 (11.1885, 17.5627)
    6607 (0.665347, 10.1313) -> 4228 (0.730127, 11.5021)
    6608 (22.6273, 16.2812) -> 6317 (22.4115, 16.286)
    6609 (24.8796, 22.7339) -> 6542 (23.0742, 22.1404)
    6610 (4.20973, 3.82569) -> 9762 (3.77375, 5.2169)
    6611 (6.22742, 23.2667) -> 8429 (5.19344, 21.6338)
    6612 (20.8483, 2.87918) -> 5309 (19.1983, 3.85683)
    6613 (20.3415, 5.95513) -> 8784 (18.534, 6.5823)
    6614 (16.751, 11.9701) -> 8588 (15.0113, 11.1038)
    6615 (12.8592, 24.9361) -> 5644 (11.7662, 24.0568)
    6616 (2.72255, 15.7991) -> 0 (1, 15)
    6617 (20.7948, 5.50483) -> 9156 (19.7079, 5.91445)
    6618 (11.1987, 24.4363) -> 6468 (10.3047, 23.6052)
    6619 (8.02988, 7.98965) -> 8550 (6.92747, 9.00243)
    6620 (8.20521, 5.27809) -> 9426 (7.31966, 6.39488)
    6621 (23.0955, 17.1538) -> 1698 (21.6977, 17.0695)
    6622 (12.3505, 8.50881) -> 2552 (10.6403, 9.26982)
    6623 (8.46686, 6.91401) -> 8224 (7.46349, 7.86934)
    6624 (6.66963, 20.2098) -> 6530 (5.78004, 19.3477)
    6625 (13.3001, 8.5804) -> 6658 (12.3036, 8.86436)
    6626 (6.80661, 11.898) -> 5290 (5.1644, 12.2879)
    6627 (3.99346, 6.95286) -> 6107 (3.49791, 8.17574)
    6628 (17.5827, 0.130874) -> 8874 (17.3877, 0.3758)
    6629 (4.98725, 10.103) -> 5349 (3.96963, 11.2983)
    6630 (4.76707, 23.6321) -> 22 (4.41685, 22.6404)
    6631 (16.6653, 20.2571) -> 9918 (15.7813, 19.9751)
    6632 (11.9982, 5.29803) -> 1738 (10.7126, 6.29235)
    6633 (21.3783, 22.4134) -> 6765 (19.8636, 21.8418)
    6634 (15.9834, 8.18283) -> 9993 (15.3204, 8.40649)
    6635 (4.06429, 10.3492) -> 9869 (3.75564, 11.0466)
    6636 (23.0165, 22.4867) -> 7602 (21.3694, 21.964)
    6637 (21.2107, 0.823121) -> 9003 (19.6217, 1.82665)
    6638 (17.267, 22.9205) -> 5776 (15.5113, 22.085)
    6639 (15.3112, 7.99871) -> 6464 (14.426, 8.22946)
    6640 (5.00682, 11.705) -> 9542 (4.25477, 12.1288)
    6641 (10.2293, 2.68629) -> 7509 (9.08733, 4.15636)
    6642 (18.2273, 11.6974) -> 8905 (16.6237, 11.1916)
    6643 (13.8973, 1.27749) -> 7353 (13.2944, 1.97826)
    6644 (24.7221, 16.4305) -> 8215 (23.4692, 16.4735)
    6645 (17.5614, 9.21832) -> 4912 (17.0454, 9.20244)
    6646 (0.463056, 10.2657) -> 5386 (0.583176, 11.3218)
    6647 (15.0076, 0.556771) -> 7069 (13.8528, 1.72228)
    6648 (11.5741, 0.0701201) -> 3490 (10.4494, 1.63336)
    6649 (16.7622, 24.802) -> 3360 (15.6358, 24.1544)
    6650 (18.3123, 7.04232) -> 40 (16.9054, 7.53079)
    6651 (11.2105, 6.00217) -> 3584 (9.89211, 7.08686)
    6652 (10.6909, 3.95154) -> 4285 (9.96983, 4.72868)
    6653 (10.7831, 6.74869) -> 9992 (9.96491, 7.38354)
    6654 (7.67928, 1.15814) -> 882 (6.726, 2.81332)
    6655 (1.59634, 19.3946) -> 2828 (1.37823, 17.5158)
    6656 (23.2226, 15.713) -> 4717 (22.0553, 15.7751)
    6657 (5.09072, 20.5206) -> 4325 (4.14594, 19.1927)
    6658 (12.3036, 8.86436) -> 8109 (10.8646, 9.27979)
    6659 (14.132, 22.2008) -> 5242 (13.0602, 21.6091)
    6660 (24.6563, 20.7672) -> 6376 (23.3171, 20.4918)
    6661 (17.1806, 17.5934) -> 5407 (15.2109, 17.2608)
    6662 (23.3003, 20.7357) -> 7722 (21.9538, 20.3835)
    6663 (18.3732, 18.8318) -> 468 (16.5835, 18.4076)
    6664 (9.08358, 1.26905) -> 6795 (8.22063, 2.8376)
    6665 (8.80102, 7.91036) -> 6424 (7.62853, 8.8687)
    6666 (11.8241, 8.25703) -> 2639 (10.4555, 9.03653)
    6667 (5.761, 23.2094) -> 6411 (4.98288, 21.9083)
    6668 (15.8747, 17.773) -> 23 (14.5077, 17.4396)
    6669 (21.3305, 21.1304) -> 6447 (19.7339, 20.6501)
    6670 (18.0526, 6.40068) -> 1941 (16.602, 6.98242)
    6671 (15.3124, 24.5994) -> 9749 (14.5393, 24.1639)
    6672 (20.2256, 9.91841) -> 6490 (18.3667, 9.82715)
    6673 (7.98985, 1.68874) -> 8100 (7.19136, 3.13104)
    6674 (18.6813, 15.8863) -> 1355 (17.7931, 15.9538)
    6675 (4.12697, 12.3488) -> 8991 (3.90597, 12.4922)
    6676 (8.7764, 24.7723) -> 589 (7.72159, 23.3746)
    6677 (11.9269, 5.83848) -> 6653 (10.7831, 6.74869)
    6678 (18.3163, 20.6787) -> 7169 (17.1555, 20.3079)
    6679 (24.8006, 10.3444) -> 984 (23.962, 10.2338)
    6680 (2.59433, 3.98024) -> 361 (2.33224, 5.78708)
    6681 (7.17177, 20.3443) -> 8657 (6.41055, 19.7339)
    6682 (0.558723, 16.6017) -> 0 (1, 15)
    6683 (23.3361, 6.13918) -> 2128 (21.4571, 6.66356)
    6684 (23.3682, 2.10365) -> 3613 (22.2511, 2.68484)
    6685 (20.6775, 18.9835) -> 2967 (19.0064, 18.6922)
    6686 (15.9885, 17.2028) -> 8058 (14.7252, 17.0578)
    6687 (17.2155, 24.5781) -> 7431 (15.823, 23.7529)
    6688 (7.08213, 20.2566) -> 8657 (6.41055, 19.7339)
    6689 (18.0459, 11.3423) -> 8585 (16.2275, 10.7834)
    6690 (12.0179, 0.625546) -> 8441 (11.7913, 0.953106)
    6691 (23.197, 14.4437) -> 9151 (22.5073, 14.5677)
    6692 (7.60442, 14.0779) -> 8977 (6.22232, 14.276)
    6693 (0.773345, 10.0611) -> 5694 (0.84041, 11.7208)
    6694 (12.5132, 3.13784) -> 2424 (11.2556, 4.37169)
    6695 (12.1146, 1.84822) -> 7899 (11.301, 2.79721)
    6696 (21.1124, 1.79523) -> 8497 (19.5517, 2.82028)
    6697 (11.2513, 22.1601) -> 6841 (9.94522, 21.3283)
    6698 (3.60165, 10.036) -> 1147 (2.84206, 11.308)
    6699 (16.5695, 14.7292) -> 3393 (15.2486, 15.3877)
    6700 (10.3917, 21.4181) -> 9564 (8.87138, 20.3994)
    6701 (1.49545, 7.42655) -> 2195 (1.42113, 8.75767)
    6702 (17.1911, 1.25698) -> 9751 (16.4161, 1.86599)
    6703 (22.0132, 5.892) -> 1933 (20.2248, 6.4636)
    6704 (16.7091, 20.4588) -> 437 (15.1984, 19.9896)
    6705 (3.75139, 21.0425) -> 9395 (3.49102, 20.5108)
    6706 (17.6307, 15.1938) -> 2508 (16.4619, 15.409)
    6707 (1.9536, 4.6053) -> 7196 (1.87752, 6.16081)
    6708 (4.74504, 11.3665) -> 2090 (3.65094, 12.2592)
    6709 (17.0274, 13.9644) -> 9603 (16.4764, 14.3311)
    6710 (2.14777, 4.0442) -> 2554 (1.96612, 5.71511)
    6711 (15.2815, 12.1714) -> 5971 (14.7149, 11.5507)
    6712 (1.78187, 19.382) -> 1521 (1.46972, 17.4141)
    6713 (9.3795, 22.2853) -> 2303 (8.52356, 21.4991)
    6714 (10.294, 7.42396) -> 2293 (8.88757, 8.43205)
    6715 (9.79745, 19.5126) -> 6157 (8.31506, 18.7527)
    6716 (5.25612, 9.55608) -> 9913 (4.49416, 10.5464)
    6717 (21.0254, 12.407) -> 2580 (19.25, 11.7891)
    6718 (6.43669, 13.3899) -> 9768 (5.03116, 13.8931)
    6719 (1.15795, 3.42984) -> 2658 (1.11093, 5.33468)
    6720 (14.5126, 15.638) -> 9004 (12.8896, 16.187)
    6721 (10.5979, 18.9548) -> 1731 (9.72299, 18.5614)
    6722 (17.2547, 4.01566) -> 2647 (16.0786, 4.80468)
    6723 (15.5245, 18.1538) -> 8817 (13.7877, 17.7588)
    6724 (15.6866, 12.1759) -> 32 (14.7757, 11.415)
    6725 (0.143148, 20.6302) -> 6027 (0.315391, 19.2419)
    6726 (15.4055, 10.8081) -> 3075 (14.2391, 10.4273)
    6727 (11.3871, 21.245) -> 3354 (10.9578, 21.0019)
    6728 (22.3032, 9.37853) -> 9554 (21.0381, 9.2867)
    6729 (19.5591, 10.0034) -> 1614 (18.7325, 9.93331)
    6730 (23.986, 5.40795) -> 9029 (22.3618, 5.85097)
    6731 (0.48665, 13.2045) -> 0 (1, 15)
    6732 (0.69325, 4.08289) -> 1773 (0.742172, 5.79533)
    6733 (7.71417, 3.83529) -> 9966 (7.23145, 4.62212)
    6734 (0.223683, 6.10918) -> 686 (0.406927, 7.85889)
    6735 (23.26, 17.5341) -> 8040 (21.9287, 17.4998)
    6736 (16.5021, 24.8904) -> 5947 (15.9428, 24.452)
    6737 (12.033, 17.8288) -> 8614 (11.1885, 17.5627)
    6738 (14.7477, 21.3364) -> 7172 (13.6594, 20.7803)
    6739 (1.0205, 1.647) -> 542 (1.03687, 3.3675)
    6740 (1.45299, 17.1994) -> 7751 (1.24194, 16.2216)
    6741 (10.4085, 6.06169) -> 981 (9.77143, 6.63343)
    6742 (23.6081, 3.12883) -> 61 (21.8256, 3.94879)
    6743 (17.3327, 6.83464) -> 8911 (16.2665, 7.28305)
    6744 (3.49792, 6.89417) -> 9766 (3.19311, 8.07935)
    6745 (11.4706, 1.48332) -> 1998 (10.3976, 2.842)
    6746 (13.2809, 1.88161) -> 9881 (11.9803, 3.3628)
    6747 (12.8749, 24.0119) -> 8846 (11.5274, 22.9372)
    6748 (2.5647, 17.9601) -> 1765 (1.87246, 16.6273)
    6749 (3.34769, 24.2066) -> 8186 (3.03109, 22.9073)
    6750 (23.0541, 13.4195) -> 9315 (21.3526, 12.8565)
    6751 (24.9925, 21.5086) -> 6400 (23.6067, 21.1042)
    6752 (18.6619, 11.6822) -> 6840 (17.1033, 11.215)
    6753 (20.1605, 5.95914) -> 44 (18.627, 6.51282)
    6754 (13.4177, 9.01325) -> 3434 (12.078, 9.21826)
    6755 (1.70811, 15.5728) -> 0 (1, 15)
    6756 (24.1122, 18.3421) -> 8395 (22.4456, 18.1639)
    6757 (17.4095, 1.24152) -> 6392 (16.056, 2.30458)
    6758 (23.5545, 17.5961) -> 8040 (21.9287, 17.4998)
    6759 (0.119865, 13.3903) -> 0 (1, 15)
    6760 (23.5162, 10.645) -> 9602 (22.0861, 10.4478)
    6761 (7.23288, 7.70646) -> 1943 (6.3534, 8.67076)
    6762 (0.982847, 24.2845) -> 8532 (1.00225, 22.9604)
    6763 (5.92151, 8.58661) -> 3867 (5.15621, 9.48252)
    6764 (21.3606, 8.53649) -> 9787 (19.3838, 8.77442)
    6765 (19.8636, 21.8418) -> 2234 (18.2471, 21.229)
    6766 (4.15977, 11.528) -> 4540 (3.03972, 12.43)
    6767 (6.43833, 11.2349) -> 2482 (5.30296, 11.8752)
    6768 (6.95416, 5.12647) -> 9276 (6.51274, 5.98728)
    6769 (10.088, 19.8623) -> 2726 (8.9271, 19.1946)
    6770 (6.6565, 4.42304) -> 7977 (5.8542, 5.68089)
    6771 (23.9958, 15.9395) -> 7909 (23.7151, 15.9761)
    6772 (1.10751, 22.3934) -> 6085 (1.10343, 20.7099)
    6773 (5.09975, 13.1214) -> 8935 (4.85755, 12.9074)
    6774 (21.0088, 9.00268) -> 9373 (19.9022, 8.86266)
    6775 (2.63358, 9.16501) -> 2041 (2.39865, 9.84043)
    6776 (5.84147, 1.64596) -> 8796 (5.22384, 2.97028)
    6777 (22.1651, 10.4635) -> 9638 (21.0159, 10.4766)
    6778 (16.5624, 14.2276) -> 8176 (15.3252, 14.7504)
    6779 (18.7742, 12.0655) -> 4529 (17.1742, 11.5499)
    6780 (24.9162, 16.0257) -> 9660 (23.9174, 16.0048)
    6781 (14.4431, 20.5559) -> 5607 (13.1358, 19.9502)
    6782 (16.3338, 6.23851) -> 7913 (16.3221, 6.24525)
    6783 (8.44848, 16.714) -> 3 (6.70982, 16.2837)
    6784 (6.69555, 21.8283) -> 4541 (5.81248, 20.7521)
    6785 (2.69701, 18.683) -> 3377 (2.5574, 18.3144)
    6786 (3.66165, 4.74048) -> 6945 (3.34766, 5.83203)
    6787 (6.41999, 7.53544) -> 5860 (5.45552, 8.87531)
    6788 (10.5567, 5.23449) -> 801 (9.21237, 6.45529)
    6789 (0.749161, 8.30544) -> 6693 (0.773345, 10.0611)
    6790 (9.80781, 19.0008) -> 9646 (8.14104, 18.2728)
    6791 (0.0706783, 19.7997) -> 5110 (0.17731, 19.3064)
    6792 (19.7364, 22.0152) -> 4473 (18.0261, 21.3127)
    6793 (12.6945, 23.4804) -> 3249 (11.2506, 22.4377)
    6794 (3.59058, 14.3291) -> 8508 (1.70706, 14.7509)
    6795 (8.22063, 2.8376) -> 3523 (7.36887, 4.35204)
    6796 (22.3404, 3.51925) -> 9830 (20.9554, 4.25358)
    6797 (0.025159, 4.99421) -> 8504 (0.226425, 6.3518)
    6798 (3.16199, 21.2854) -> 4044 (2.585, 19.4044)
    6799 (8.28327, 23.6452) -> 900 (7.07731, 22.225)
    6800 (9.36087, 24.0683) -> 5232 (8.46384, 23.0223)
    6801 (0.53808, 12.6836) -> 5343 (0.831489, 14.4966)
    6802 (17.3554, 18.6457) -> 5720 (15.9045, 18.3211)
    6803 (11.7382, 17.3701) -> 937 (9.86393, 16.9925)
    6804 (15.3464, 18.7405) -> 1539 (14.3089, 18.4788)
    6805 (24.3743, 18.9359) -> 8054 (22.5632, 18.677)
    6806 (17.3532, 16.6214) -> 8818 (15.3583, 16.5414)
    6807 (0.745447, 22.3896) -> 8153 (0.800881, 20.8423)
    6808 (8.51244, 16.3346) -> 5822 (7.33848, 15.9947)
    6809 (20.5993, 16.804) -> 9247 (19.7274, 16.7469)
    6810 (24.1027, 15.0611) -> 2541 (22.4917, 15.2819)
    6811 (20.915, 0.935335) -> 9003 (19.6217, 1.82665)
    6812 (2.1051, 5.08391) -> 8762 (1.90727, 6.75312)
    6813 (1.28748, 5.03578) -> 6482 (1.22524, 6.98116)
    6814 (14.4009, 2.73623) -> 8610 (13.3234, 4.04314)
    6815 (8.2418, 19.9924) -> 9098 (7.61883, 19.5244)
    6816 (11.0478, 21.6764) -> 4949 (9.57561, 20.6812)
    6817 (18.2759, 2.57493) -> 9556 (17.6917, 2.98101)
    6818 (2.20974, 2.26482) -> 8053 (2.12324, 3.14518)
    6819 (0.460308, 9.43572) -> 5386 (0.583176, 11.3218)
    6820 (23.1763, 1.1282) -> 8468 (22.0272, 1.78694)
    6821 (14.1584, 1.04254) -> 7353 (13.2944, 1.97826)
    6822 (0.843269, 12.617) -> 215 (0.88299, 13.7733)
    6823 (17.2481, 20.7907) -> 2584 (15.9233, 20.3507)
    6824 (16.9852, 9.53023) -> 8890 (16.083, 9.54988)
    6825 (8.97145, 16.6401) -> 8347 (8.11038, 16.4507)
    6826 (11.22, 23.4655) -> 5005 (10.0261, 22.6001)
    6827 (11.1412, 20.4229) -> 9915 (10.2579, 19.9446)
    6828 (22.6347, 1.28986) -> 3527 (21.1397, 2.22725)
    6829 (21.9111, 13.7641) -> 7740 (20.2732, 13.0996)
    6830 (24.2569, 3.72858) -> 3680 (22.5867, 4.36913)
    6831 (9.00289, 18.8327) -> 901 (8.09769, 18.3888)
    6832 (2.08606, 11.8345) -> 1616 (1.64925, 12.7635)
    6833 (24.0897, 11.7793) -> 9741 (22.6297, 11.2988)
    6834 (23.4762, 15.5387) -> 2174 (21.5799, 15.744)
    6835 (19.2662, 24.7933) -> 8651 (18.0708, 24.2288)
    6836 (24.9832, 7.38713) -> 7273 (23.857, 7.56607)
    6837 (18.7797, 6.05184) -> 6670 (18.0526, 6.40068)
    6838 (19.969, 12.4188) -> 6779 (18.7742, 12.0655)
    6839 (17.3558, 3.6856) -> 5265 (16.2181, 4.46781)
    6840 (17.1033, 11.215) -> 6920 (15.1869, 10.7022)
    6841 (9.94522, 21.3283) -> 2087 (8.49183, 20.3608)
    6842 (10.1139, 21.0785) -> 5037 (8.96605, 20.2512)
    6843 (3.43816, 11.824) -> 1007 (2.36406, 12.9903)
    6844 (19.1856, 7.4437) -> 7072 (17.9102, 7.69116)
    6845 (14.4882, 0.932196) -> 5746 (13.1425, 2.33935)
    6846 (18.8312, 2.48416) -> 9174 (17.576, 3.25507)
    6847 (18.6634, 18.1975) -> 2189 (17.591, 18.0255)
    6848 (6.16738, 13.1945) -> 8935 (4.85755, 12.9074)
    6849 (17.0769, 6.33826) -> 48 (16.7034, 6.54973)
    6850 (6.34991, 18.1417) -> 5711 (5.4837, 17.6635)
    6851 (7.24895, 14.3978) -> 9105 (5.49971, 14.5545)
    6852 (23.6673, 4.41877) -> 9807 (21.8978, 5.07015)
    6853 (15.4976, 9.57508) -> 8776 (13.9187, 9.58719)
    6854 (11.3065, 21.2132) -> 7016 (9.60896, 20.2042)
    6855 (3.54834, 6.17708) -> 3546 (3.13823, 7.48206)
    6856 (12.2589, 8.89221) -> 8109 (10.8646, 9.27979)
    6857 (13.7797, 4.64283) -> 7892 (13.401, 4.93318)
    6858 (7.39907, 24.9382) -> 5900 (6.43505, 23.4744)
    6859 (4.8918, 5.68615) -> 3662 (4.26955, 7.28989)
    6860 (17.6386, 11.4372) -> 7065 (17.0002, 11.2645)
    6861 (19.7382, 22.6991) -> 7055 (18.4567, 22.1888)
    6862 (21.5342, 10.4442) -> 8912 (19.6966, 10.246)
    6863 (20.7142, 11.2595) -> 9691 (20.1629, 11.2065)
    6864 (14.8893, 4.43418) -> 3281 (14.0685, 5.00992)
    6865 (1.57259, 24.2195) -> 2956 (1.45929, 22.8119)
    6866 (16.3608, 0.356214) -> 7511 (16.0865, 0.612674)
    6867 (7.18744, 24.7843) -> 6611 (6.22742, 23.2667)
    6868 (16.1449, 23.132) -> 1354 (14.512, 22.2306)
    6869 (12.8818, 3.97945) -> 8853 (12.5828, 4.14392)
    6870 (6.27168, 15.138) -> 6330 (5.00926, 15.0978)
    6871 (2.42107, 6.58758) -> 7226 (2.08238, 8.54828)
    6872 (8.40452, 3.87181) -> 7061 (7.66747, 4.92222)
    6873 (18.208, 9.77176) -> 3990 (16.5471, 9.66053)
    6874 (14.5345, 7.83748) -> 1892 (13.2502, 8.30721)
    6875 (2.98516, 18.4258) -> 983 (2.81202, 18.1532)
    6876 (6.21437, 12.5081) -> 9559 (5.54577, 12.7936)
    6877 (6.37688, 3.14538) -> 9624 (5.58812, 4.82788)
    6878 (15.1566, 20.5426) -> 4594 (13.3772, 19.8506)
    6879 (24.18, 7.98012) -> 9106 (22.8492, 8.12811)
    6880 (4.9165, 13.8499) -> 360 (3.86137, 14.2136)
    6881 (16.296, 7.96941) -> 8240 (15.5874, 8.15041)
    6882 (20.4094, 18.1296) -> 8210 (18.8938, 17.8422)
    6883 (21.8541, 19.126) -> 1772 (19.977, 18.6904)
    6884 (17.3076, 15.7744) -> 8356 (15.7024, 15.9957)
    6885 (20.5128, 16.107) -> 5755 (19.195, 16.1396)
    6886 (17.9225, 4.72535) -> 6235 (16.7515, 5.39959)
    6887 (24.4083, 14.1311) -> 6488 (22.7835, 13.4689)
    6888 (6.68217, 4.65894) -> 2011 (5.96082, 5.90796)
    6889 (19.3987, 19.9383) -> 9790 (17.9364, 19.5471)
    6890 (23.886, 22.1573) -> 9866 (22.0094, 21.5902)
    6891 (20.3634, 18.1812) -> 7878 (19.0936, 17.9748)
    6892 (19.8655, 12.5274) -> 2827 (18.4097, 12.0119)
    6893 (11.9562, 1.04315) -> 6256 (10.7148, 2.60992)
    6894 (2.70114, 4.98599) -> 6871 (2.42107, 6.58758)
    6895 (17.8533, 17.4876) -> 9584 (16.9225, 17.3677)
    6896 (17.7239, 2.42701) -> 9676 (16.5422, 3.20218)
    6897 (17.5533, 23.984) -> 6868 (16.1449, 23.132)
    6898 (20.0811, 12.5491) -> 7057 (18.5897, 12.0115)
    6899 (0.145227, 4.23635) -> 9892 (0.288455, 6.10205)
    6900 (11.1953, 4.16904) -> 4001 (9.93981, 5.43567)
    6901 (3.09187, 19.2614) -> 3820 (2.3836, 17.7535)
    6902 (2.61539, 10.4309) -> 9324 (2.06046, 11.6223)
    6903 (14.0936, 0.791341) -> 9311 (13.6835, 1.22774)
    6904 (13.5801, 3.67082) -> 5036 (12.4692, 4.60152)
    6905 (1.15448, 10.3509) -> 9443 (1.12494, 11.1359)
    6906 (5.43235, 4.86748) -> 8966 (4.68122, 6.4801)
    6907 (1.47408, 4.97924) -> 9290 (1.40397, 6.05653)
    6908 (1.93036, 16.5832) -> 0 (1, 15)
    6909 (24.0111, 21.7775) -> 9193 (22.106, 21.224)
    6910 (19.0037, 12.395) -> 6986 (18.0636, 12.0245)
    6911 (22.1144, 1.53215) -> 9059 (20.4526, 2.55446)
    6912 (6.22552, 1.9941) -> 9501 (6.03917, 2.55186)
    6913 (12.8847, 9.4583) -> 9390 (11.188, 9.24785)
    6914 (5.51089, 24.7437) -> 7889 (4.83307, 22.9941)
    6915 (19.9351, 9.00134) -> 3893 (18.9198, 9.0014)
    6916 (17.2613, 3.18547) -> 8798 (15.7883, 4.31929)
    6917 (14.6215, 2.67463) -> 860 (13.3101, 3.78386)
    6918 (12.8394, 7.44079) -> 4434 (11.3496, 8.40623)
    6919 (1.89465, 2.17519) -> 8644 (1.83233, 3.61702)
    6920 (15.1869, 10.7022) -> 5763 (14.0256, 10.2748)
    6921 (17.448, 8.17592) -> 6951 (15.5179, 8.5811)
    6922 (22.4197, 8.27713) -> 8397 (20.8443, 8.42564)
    6923 (17.824, 23.6201) -> 9122 (17.4589, 23.4561)
    6924 (0.0391171, 3.32471) -> 1231 (0.149573, 4.99321)
    6925 (9.04742, 6.83678) -> 9989 (8.38392, 7.44398)
    6926 (1.90867, 5.78675) -> 423 (1.81628, 6.86554)
    6927 (14.1293, 22.8003) -> 8082 (13.3767, 22.3164)
    6928 (21.5196, 12.3032) -> 188 (19.6695, 11.8514)
    6929 (20.5619, 23.0733) -> 6498 (18.9341, 22.3368)
    6930 (18.344, 5.65987) -> 927 (17.8072, 5.90208)
    6931 (21.7381, 4.41756) -> 8461 (20.2082, 5.11628)
    6932 (4.65695, 24.0633) -> 4981 (4.43035, 23.4474)
    6933 (23.0327, 23.8192) -> 9709 (21.6456, 23.3157)
    6934 (17.5152, 5.89128) -> 5020 (16.4908, 6.41918)
    6935 (12.6121, 5.87549) -> 9481 (11.9518, 6.45553)
    6936 (3.65725, 8.86012) -> 5908 (3.35926, 9.49412)
    6937 (21.128, 16.5692) -> 7438 (20.0918, 16.5839)
    6938 (2.33206, 6.37249) -> 203 (2.11984, 8.33281)
    6939 (15.5777, 12.4222) -> 5971 (14.7149, 11.5507)
    6940 (6.52604, 16.8003) -> 730 (5.31508, 16.4274)
    6941 (24.8954, 22.4451) -> 7479 (23.2966, 21.9949)
    6942 (14.2674, 3.92431) -> 3619 (12.9004, 4.9113)
    6943 (21.3259, 10.9498) -> 8401 (19.7517, 10.8064)
    6944 (11.6963, 6.34996) -> 6714 (10.294, 7.42396)
    6945 (3.34766, 5.83203) -> 6344 (3.06806, 6.79539)
    6946 (6.50498, 2.04963) -> 8958 (6.3999, 2.25889)
    6947 (18.463, 21.779) -> 6518 (17.0235, 21.1719)
    6948 (14.5143, 14.9968) -> 7680 (12.8581, 16.1057)
    6949 (13.0699, 7.21057) -> 1523 (11.3202, 8.17752)
    6950 (8.65448, 5.88017) -> 9234 (7.58427, 7.08885)
    6951 (15.5179, 8.5811) -> 1639 (13.7958, 8.88023)
    6952 (9.01194, 23.3156) -> 3450 (7.97311, 22.0923)
    6953 (23.2289, 19.6521) -> 480 (22.1127, 19.4796)
    6954 (15.1356, 22.6844) -> 2993 (13.9928, 22.079)
    6955 (24.2223, 22.9717) -> 1019 (22.3456, 22.3191)
    6956 (22.0585, 7.79122) -> 3486 (20.7252, 7.94556)
    6957 (8.24048, 20.927) -> 4332 (6.71631, 19.6449)
    6958 (6.63508, 3.47604) -> 5305 (6.53093, 3.68558)
    6959 (7.12311, 19.8917) -> 8046 (5.892, 18.9061)
    6960 (16.4157, 7.14905) -> 7943 (14.9996, 7.69845)
    6961 (5.37495, 14.5916) -> 9808 (4.8442, 14.6092)
    6962 (2.03118, 15.6348) -> 0 (1, 15)
    6963 (17.9402, 15.1247) -> 2508 (16.4619, 15.409)
    6964 (2.10936, 22.0458) -> 2365 (1.89373, 20.5164)
    6965 (7.33825, 9.88447) -> 8244 (6.28015, 10.9833)
    6966 (0.740627, 0.204351) -> 331 (0.793161, 2.08314)
    6967 (1.10272, 0.259121) -> 7935 (1.15784, 1.25241)
    6968 (21.041, 19.5816) -> 9249 (19.4419, 19.2134)
    6969 (0.59682, 18.1105) -> 3633 (0.670794, 17.433)
    6970 (3.16856, 8.5747) -> 9342 (2.87514, 9.37603)
    6971 (3.98721, 4.02087) -> 8685 (3.62909, 5.73588)
    6972 (21.7864, 21.2553) -> 38 (20.3364, 20.8268)
    6973 (16.1152, 18.7521) -> 2192 (14.82, 18.4711)
    6974 (7.43154, 21.2836) -> 1828 (6.99682, 20.844)
    6975 (18.7024, 22.6186) -> 7458 (17.0516, 21.7405)
    6976 (1.25677, 10.4654) -> 9623 (1.22722, 11.7727)
    6977 (7.66647, 3.27463) -> 9942 (7.33282, 3.89982)
    6978 (18.406, 18.7288) -> 9536 (17.4351, 18.5445)
    6979 (5.28405, 12.7462) -> 6415 (3.34465, 13.0199)
    6980 (11.592, 3.59407) -> 4849 (10.5719, 4.67022)
    6981 (4.01981, 11.3252) -> 7104 (3.42049, 11.9358)
    6982 (24.2166, 1.05988) -> 9614 (22.7115, 1.91716)
    6983 (13.9211, 9.89045) -> 9630 (13.1817, 9.64995)
    6984 (13.593, 23.2711) -> 3062 (12.1176, 22.3786)
    6985 (20.7699, 23.4249) -> 1134 (19.6418, 22.9067)
    6986 (18.0636, 12.0245) -> 645 (16.2076, 11.3086)
    6987 (24.9069, 16.9514) -> 7725 (23.2703, 16.8589)
    6988 (12.5045, 19.4121) -> 3027 (10.7536, 18.7257)
    6989 (3.46072, 15.6297) -> 1 (2.9274, 15.534)
    6990 (1.10326, 11.4247) -> 8689 (0.987979, 13.2063)
    6991 (19.4246, 24.6134) -> 7042 (18.3605, 23.9735)
    6992 (3.12435, 22.9165) -> 7512 (2.98279, 22.2863)
    6993 (23.3118, 3.51475) -> 6931 (21.7381, 4.41756)
    6994 (12.5822, 0.154777) -> 6745 (11.4706, 1.48332)
    6995 (17.7663, 14.7927) -> 6571 (16.611, 15.1758)
    6996 (1.89003, 13.2185) -> 0 (1, 15)
    6997 (16.3845, 17.8871) -> 23 (14.5077, 17.4396)
    6998 (19.3728, 2.47523) -> 8086 (18.7407, 2.89509)
    6999 (3.49108, 6.15449) -> 1417 (3.11386, 7.3034)
    7000 (4.17945, 11.6161) -> 7952 (4.06914, 11.7762)
    7001 (18.9647, 0.780942) -> 9048 (18.5742, 1.20179)
    7002 (0.30868, 22.5071) -> 3531 (0.444874, 20.8848)
    7003 (24.473, 5.03292) -> 8791 (24.1173, 5.14793)
    7004 (21.9062, 22.528) -> 2722 (20.494, 22.0042)
    7005 (6.73735, 7.29414) -> 9201 (5.78288, 8.58411)
    7006 (3.30835, 5.61802) -> 8178 (3.08967, 6.34331)
    7007 (17.069, 8.81361) -> 9367 (15.6094, 8.94247)
    7008 (24.2618, 6.77463) -> 1317 (22.9783, 7.18925)
    7009 (15.8153, 3.52401) -> 6560 (15.383, 3.83424)
    7010 (15.927, 14.573) -> 8099 (14.9773, 14.916)
    7011 (3.81101, 24.9885) -> 623 (3.3777, 23.1227)
    7012 (14.2029, 9.35193) -> 9917 (13.67, 9.19434)
    7013 (7.11189, 4.47508) -> 9126 (6.12204, 6.15997)
    7014 (22.5023, 13.6769) -> 4128 (20.7603, 13.0066)
    7015 (2.06451, 20.1513) -> 7664 (1.78823, 19.1071)
    7016 (9.60896, 20.2042) -> 8236 (8.11235, 19.3776)
    7017 (3.51723, 0.828889) -> 4798 (3.26699, 2.16421)
    7018 (5.33344, 4.70202) -> 3445 (4.85132, 5.93115)
    7019 (9.12338, 8.29181) -> 2293 (8.88757, 8.43205)
    7020 (17.4881, 2.57064) -> 9676 (16.5422, 3.20218)
    7021 (6.38769, 3.14532) -> 9624 (5.58812, 4.82788)
    7022 (16.0156, 14.5026) -> 8176 (15.3252, 14.7504)
    7023 (1.18576, 20.9515) -> 7948 (1.12901, 19.233)
    7024 (5.22977, 14.6924) -> 5665 (3.44509, 14.8171)
    7025 (23.5981, 10.7347) -> 9798 (21.8002, 10.7322)
    7026 (13.3227, 9.63806) -> 9630 (13.1817, 9.64995)
    7027 (2.467, 22.8737) -> 8716 (2.37329, 22.2738)
    7028 (8.47728, 6.33543) -> 6761 (7.23288, 7.70646)
    7029 (11.0988, 9.37669) -> 6315 (10.2282, 9.4719)
    7030 (19.7067, 0.924828) -> 7278 (18.4593, 1.65611)
    7031 (23.4709, 20.1357) -> 3981 (21.9212, 19.7814)
    7032 (8.94744, 7.5608) -> 6424 (7.62853, 8.8687)
    7033 (5.05018, 7.48747) -> 166 (4.60382, 8.3086)
    7034 (2.44787, 17.8321) -> 1765 (1.87246, 16.6273)
    7035 (19.574, 7.21562) -> 8031 (18.0846, 7.57107)
    7036 (24.62, 18.6936) -> 8558 (22.9797, 18.4255)
    7037 (4.48299, 3.0075) -> 3928 (3.97715, 4.71214)
    7038 (7.86475, 22.4818) -> 9286 (7.47203, 22.0134)
    7039 (24.9324, 0.0644778) -> 717 (23.7512, 0.814154)
    7040 (24.7727, 11.3559) -> 9932 (24.1979, 11.2823)
    7041 (21.5623, 13.2435) -> 4087 (20.4096, 12.8472)
    7042 (18.3605, 23.9735) -> 2218 (17.5745, 23.5836)
    7043 (20.111, 22.5519) -> 2000 (18.3924, 21.975)
    7044 (10.8127, 3.72377) -> 7102 (10.1023, 4.4991)
    7045 (4.07425, 7.10573) -> 4307 (3.30098, 8.93103)
    7046 (15.4729, 7.43287) -> 2600 (14.0654, 7.96826)
    7047 (18.2949, 23.436) -> 7852 (16.7354, 22.6717)
    7048 (2.62873, 12.526) -> 4599 (2.12411, 13.0111)
    7049 (7.42124, 5.66722) -> 7358 (6.29714, 7.23888)
    7050 (20.1364, 12.2215) -> 747 (18.844, 11.8199)
    7051 (17.3447, 8.24252) -> 6951 (15.5179, 8.5811)
    7052 (17.8003, 0.416433) -> 4446 (16.6437, 1.3055)
    7053 (12.6109, 3.10464) -> 8409 (11.2993, 4.3594)
    7054 (0.788631, 3.49951) -> 6732 (0.69325, 4.08289)
    7055 (18.4567, 22.1888) -> 2432 (16.6725, 21.4593)
    7056 (3.9417, 20.1273) -> 6421 (3.73421, 19.7446)
    7057 (18.5897, 12.0115) -> 4529 (17.1742, 11.5499)
    7058 (20.9, 18.0556) -> 7958 (19.5205, 17.8288)
    7059 (24.4094, 18.7227) -> 6271 (23.4748, 18.5429)
    7060 (6.55119, 4.14035) -> 4641 (5.69557, 5.72526)
    7061 (7.66747, 4.92222) -> 7152 (6.83177, 6.09271)
    7062 (11.8438, 23.3832) -> 9261 (11.075, 22.7715)
    7063 (11.1723, 9.10685) -> 6315 (10.2282, 9.4719)
    7064 (4.83862, 24.9066) -> 5353 (4.18799, 23.114)
    7065 (17.0002, 11.2645) -> 6920 (15.1869, 10.7022)
    7066 (10.5581, 22.8197) -> 9173 (9.3748, 21.8803)
    7067 (16.7482, 10.5242) -> 9885 (15.0303, 9.98916)
    7068 (16.6385, 10.389) -> 9885 (15.0303, 9.98916)
    7069 (13.8528, 1.72228) -> 6694 (12.5132, 3.13784)
    7070 (1.37348, 2.84715) -> 9375 (1.36044, 3.18557)
    7071 (7.04628, 5.22645) -> 9276 (6.51274, 5.98728)
    7072 (17.9102, 7.69116) -> 149 (16.6731, 7.93795)
    7073 (8.71857, 2.87139) -> 7844 (7.82688, 4.38913)
    7074 (16.0965, 2.66718) -> 9925 (15.2252, 3.30462)
    7075 (3.33042, 19.292) -> 6748 (2.5647, 17.9601)
    7076 (12.5846, 24.6208) -> 3295 (11.1218, 23.4236)
    7077 (11.956, 16.8104) -> 7699 (10.3996, 16.5323)
    7078 (6.75106, 10.334) -> 2085 (5.66255, 11.0104)
    7079 (23.8914, 21.2047) -> 6477 (22.4407, 20.7486)
    7080 (0.232628, 1.54601) -> 5299 (0.384129, 3.50653)
    7081 (20.2469, 4.52073) -> 8486 (19.6109, 4.84414)
    7082 (24.8375, 2.92669) -> 3301 (23.3828, 3.605)
    7083 (17.958, 13.6987) -> 8971 (17.1286, 14.0436)
    7084 (18.7315, 9.51485) -> 9199 (17.8113, 9.49583)
    7085 (5.68481, 8.08538) -> 8666 (5.0795, 8.90831)
    7086 (20.9025, 14.582) -> 9908 (19.8518, 14.7703)
    7087 (7.1234, 20.8779) -> 6399 (6.73991, 20.4751)
    7088 (18.8369, 2.19323) -> 9556 (17.6917, 2.98101)
    7089 (19.7319, 18.7901) -> 1348 (18.5768, 18.617)
    7090 (6.31425, 7.70672) -> 5860 (5.45552, 8.87531)
    7091 (21.0988, 14.2838) -> 9862 (19.7437, 14.6576)
    7092 (6.31538, 2.00689) -> 2421 (5.78558, 3.39765)
    7093 (7.7009, 8.32116) -> 8550 (6.92747, 9.00243)
    7094 (11.9217, 6.43498) -> 9776 (10.7579, 7.40473)
    7095 (18.5818, 18.1736) -> 2189 (17.591, 18.0255)
    7096 (15.6709, 20.0174) -> 2345 (15.1367, 19.8264)
    7097 (14.8349, 15.2172) -> 9504 (13.8294, 15.766)
    7098 (24.5594, 6.76535) -> 1317 (22.9783, 7.18925)
    7099 (0.0753156, 9.15018) -> 9980 (0.133096, 9.58191)
    7100 (20.5986, 0.294706) -> 8352 (19.7952, 0.806544)
    7101 (14.5287, 24.3377) -> 1063 (13.2195, 23.5011)
    7102 (10.1023, 4.4991) -> 4555 (8.78208, 5.99854)
    7103 (9.22859, 18.981) -> 9758 (7.73383, 18.2274)
    7104 (3.42049, 11.9358) -> 1007 (2.36406, 12.9903)
    7105 (6.62583, 5.11903) -> 3432 (5.64582, 6.81038)
    7106 (16.1522, 15.6361) -> 7865 (14.5138, 15.9702)
    7107 (4.17651, 23.412) -> 4216 (3.6842, 22.0443)
    7108 (21.4874, 10.9498) -> 5237 (20.1226, 10.713)
    7109 (16.1242, 9.68112) -> 8609 (14.4533, 9.6879)
    7110 (3.6378, 4.94237) -> 6344 (3.06806, 6.79539)
    7111 (4.41536, 6.40629) -> 1529 (3.71533, 7.9717)
    7112 (20.3093, 9.11044) -> 9628 (19.1541, 9.32834)
    7113 (20.9719, 20.5899) -> 3047 (19.8751, 20.2709)
    7114 (23.2414, 17.0377) -> 7213 (21.7472, 17.0333)
    7115 (24.1801, 7.88608) -> 6074 (23.3097, 8.00255)
    7116 (18.7372, 3.43287) -> 4743 (17.0837, 4.51211)
    7117 (16.2139, 21.2629) -> 3518 (14.6323, 20.6008)
    7118 (4.00212, 18.6253) -> 2247 (3.13932, 17.649)
    7119 (16.7906, 5.02601) -> 8404 (15.4288, 5.86399)
    7120 (13.2296, 5.42619) -> 9481 (11.9518, 6.45553)
    7121 (17.7967, 0.707825) -> 9751 (16.4161, 1.86599)
    7122 (14.9819, 12.3628) -> 8426 (14.3181, 11.2919)
    7123 (22.9981, 22.9034) -> 7004 (21.9062, 22.528)
    7124 (22.9893, 18.5757) -> 4061 (22.364, 18.4598)
    7125 (14.0677, 8.88974) -> 6754 (13.4177, 9.01325)
    7126 (9.30548, 6.11287) -> 9625 (8.52544, 6.84114)
    7127 (3.85938, 2.02002) -> 4030 (3.4822, 3.51209)
    7128 (16.4137, 3.74318) -> 9715 (15.1895, 4.62542)
    7129 (2.02582, 24.7265) -> 7284 (1.97836, 24.2651)
    7130 (4.97494, 12.4151) -> 2028 (4.84429, 12.5225)
    7131 (0.60444, 19.1575) -> 3830 (0.683033, 18.1393)
    7132 (14.5363, 18.6737) -> 1534 (13.2245, 18.3309)
    7133 (5.43153, 14.1123) -> 6366 (3.7184, 14.4315)
    7134 (5.70351, 4.71223) -> 2763 (5.36859, 5.48145)
    7135 (6.96838, 14.6059) -> 7024 (5.22977, 14.6924)
    7136 (16.9631, 12.1002) -> 9594 (15.5789, 11.3994)
    7137 (0.623537, 9.08592) -> 6607 (0.665347, 10.1313)
    7138 (16.2879, 7.91521) -> 2401 (14.721, 8.31157)
    7139 (10.4308, 18.4599) -> 3442 (8.62885, 17.758)
    7140 (0.567919, 8.97708) -> 5781 (0.648044, 10.3565)
    7141 (7.9666, 8.72391) -> 9379 (7.13577, 9.29916)
    7142 (0.826104, 10.121) -> 5694 (0.84041, 11.7208)
    7143 (21.2777, 12.1598) -> 188 (19.6695, 11.8514)
    7144 (16.9728, 3.19972) -> 6363 (16.2421, 3.7879)
    7145 (5.02998, 8.50356) -> 8658 (4.59136, 9.06612)
    7146 (1.83967, 12.9235) -> 8618 (1.15882, 14.6717)
    7147 (11.1372, 22.3173) -> 3191 (10.6563, 21.9983)
    7148 (19.3222, 1.71164) -> 1057 (18.1401, 2.50963)
    7149 (21.5466, 11.7868) -> 4393 (20.0361, 11.5114)
    7150 (14.7596, 18.1613) -> 9465 (12.8456, 17.7676)
    7151 (4.97652, 22.0115) -> 585 (4.01998, 20.3642)
    7152 (6.83177, 6.09271) -> 2309 (5.73877, 7.7072)
    7153 (22.2044, 8.90809) -> 4685 (20.4133, 8.95108)
    7154 (15.1705, 19.663) -> 3128 (14.7055, 19.5107)
    7155 (19.8724, 9.66678) -> 3040 (18.3943, 9.59675)
    7156 (14.0744, 7.90804) -> 5870 (12.97, 8.35766)
    7157 (9.6372, 18.3181) -> 750 (8.57068, 17.91)
    7158 (18.6984, 2.4353) -> 7721 (17.1472, 3.44434)
    7159 (3.63948, 17.4704) -> 1691 (2.86478, 16.64)
    7160 (11.4169, 24.4481) -> 5664 (10.7688, 23.878)
    7161 (14.4062, 8.62633) -> 8961 (13.6805, 8.75558)
    7162 (12.6848, 5.42815) -> 5717 (11.6567, 6.13659)
    7163 (13.3181, 23.6052) -> 9864 (12.3212, 22.8945)
    7164 (11.5696, 6.65131) -> 8696 (10.8666, 7.13173)
    7165 (21.5239, 1.37279) -> 9605 (19.9262, 2.47994)
    7166 (16.3613, 6.61326) -> 8252 (14.9477, 7.29444)
    7167 (15.9744, 22.0516) -> 5254 (14.3705, 21.3094)
    7168 (12.4191, 4.54177) -> 7270 (10.9966, 5.82768)
    7169 (17.1555, 20.3079) -> 5284 (15.711, 19.8621)
    7170 (3.50525, 6.34228) -> 6576 (3.05382, 7.89869)
    7171 (22.9279, 23.9522) -> 9171 (22.2954, 23.6547)
    7172 (13.6594, 20.7803) -> 3712 (12.3597, 20.2544)
    7173 (18.8422, 21.4014) -> 6823 (17.2481, 20.7907)
    7174 (14.7548, 14.5579) -> 7962 (13.2778, 15.7884)
    7175 (7.19975, 12.5953) -> 9559 (5.54577, 12.7936)
    7176 (15.0463, 8.95108) -> 5923 (13.3963, 9.1111)
    7177 (4.80686, 17.0944) -> 7932 (3.23723, 16.1746)
    7178 (9.05537, 9.51491) -> 333 (7.9654, 10.2175)
    7179 (9.1541, 2.86309) -> 830 (8.39706, 3.90318)
    7180 (5.18768, 17.6001) -> 6469 (3.46887, 16.6097)
    7181 (2.42027, 24.1178) -> 7808 (2.30458, 23.2706)
    7182 (23.5617, 2.57518) -> 3567 (22.2968, 3.19012)
    7183 (2.337, 5.43466) -> 2435 (2.09704, 7.33676)
    7184 (16.233, 17.6773) -> 23 (14.5077, 17.4396)
    7185 (17.7923, 3.00458) -> 8327 (16.6506, 3.78023)
    7186 (0.948017, 20.4747) -> 9726 (0.928142, 18.8124)
    7187 (23.5505, 10.7201) -> 9798 (21.8002, 10.7322)
    7188 (20.0075, 16.1947) -> 8070 (19.0723, 16.0996)
    7189 (16.3762, 19.6615) -> 2266 (15.2928, 19.3902)
    7190 (11.5841, 3.84814) -> 1066 (10.5171, 4.91126)
    7191 (10.1479, 8.04109) -> 8575 (8.43822, 9.04785)
    7192 (22.3247, 6.92218) -> 2488 (20.5373, 7.3173)
    7193 (11.9301, 6.95483) -> 7820 (11.429, 7.42313)
    7194 (2.30706, 18.0501) -> 7704 (1.49128, 16.2511)
    7195 (19.8153, 5.68227) -> 6670 (18.0526, 6.40068)
    7196 (1.87752, 6.16081) -> 423 (1.81628, 6.86554)
    7197 (22.8845, 24.4852) -> 2267 (22.125, 24.152)
    7198 (8.89983, 8.52026) -> 9114 (8.35679, 9.01483)
    7199 (5.124, 24.0097) -> 22 (4.41685, 22.6404)
    7200 (5.82337, 23.2685) -> 5838 (4.91124, 21.6108)
    7201 (17.3258, 18.3906) -> 8788 (15.7235, 18.034)
    7202 (0.573393, 9.20455) -> 5781 (0.648044, 10.3565)
    7203 (21.4181, 5.00187) -> 7195 (19.8153, 5.68227)
    7204 (3.54378, 15.4749) -> 3840 (3.05888, 15.3261)
    7205 (17.4138, 17.3602) -> 6686 (15.9885, 17.2028)
    7206 (17.283, 2.33768) -> 9809 (16.8745, 2.61474)
    7207 (5.1739, 12.6077) -> 6111 (4.66153, 12.6496)
    7208 (20.0949, 20.0215) -> 669 (19.2337, 19.755)
    7209 (15.0859, 11.1731) -> 5122 (13.5741, 10.3929)
    7210 (9.51325, 3.69315) -> 9074 (8.34408, 5.27413)
    7211 (11.5186, 23.541) -> 4707 (10.0797, 22.3261)
    7212 (15.4533, 9.76817) -> 8609 (14.4533, 9.6879)
    7213 (21.7472, 17.0333) -> 176 (20.0422, 16.9569)
    7214 (3.52854, 3.1988) -> 4608 (3.29731, 4.31501)
    7215 (0.815689, 21.6031) -> 7483 (0.812901, 20.7986)
    7216 (17.2484, 17.2501) -> 5251 (16.3781, 17.1282)
    7217 (3.52034, 13.8058) -> 3320 (2.684, 14.1719)
    7218 (10.7324, 16.7006) -> 484 (9.43275, 16.4727)
    7219 (10.4619, 20.5615) -> 1255 (8.80587, 19.6443)
    7220 (4.99224, 17.969) -> 2385 (3.39592, 16.8073)
    7221 (13.552, 16.7584) -> 6142 (12.644, 16.6255)
    7222 (20.6047, 22.5886) -> 9553 (19.9064, 22.317)
    7223 (22.0024, 18.3803) -> 1885 (20.0693, 18.0679)
    7224 (6.76719, 1.35201) -> 5938 (5.99679, 3.09892)
    7225 (1.29604, 17.8695) -> 2133 (1.07799, 16.4523)
    7226 (2.08238, 8.54828) -> 1674 (1.83095, 10.0276)
    7227 (9.04515, 2.73025) -> 9558 (8.05158, 4.15885)
    7228 (19.2779, 3.85346) -> 6886 (17.9225, 4.72535)
    7229 (17.2513, 3.50747) -> 8798 (15.7883, 4.31929)
    7230 (17.891, 16.1079) -> 8757 (15.934, 16.2793)
    7231 (0.46363, 14.1633) -> 0 (1, 15)
    7232 (22.2689, 13.0828) -> 9735 (20.9431, 12.625)
    7233 (15.7206, 14.7486) -> 6458 (14.1985, 15.6717)
    7234 (21.6724, 24.0827) -> 2422 (20.067, 23.4725)
    7235 (11.1581, 0.629723) -> 3490 (10.4494, 1.63336)
    7236 (12.6002, 19.2914) -> 557 (10.8709, 18.6311)
    7237 (11.8888, 0.292196) -> 4486 (11.0465, 1.53336)
    7238 (1.77053, 13.8606) -> 0 (1, 15)
    7239 (12.9693, 9.90702) -> 1114 (11.572, 9.49554)
    7240 (9.28693, 0.332266) -> 8350 (8.48585, 1.62486)
    7241 (0.798005, 23.7838) -> 6807 (0.745447, 22.3896)
    7242 (4.36966, 17.647) -> 8509 (3.1993, 16.7334)
    7243 (8.57536, 19.8138) -> 7895 (7.15808, 18.9198)
    7244 (16.0895, 12.3704) -> 5618 (14.9909, 11.5353)
    7245 (11.3327, 18.413) -> 6414 (9.68836, 17.8261)
    7246 (24.2337, 17.0888) -> 7114 (23.2414, 17.0377)
    7247 (0.249646, 22.8268) -> 3531 (0.444874, 20.8848)
    7248 (16.5871, 17.0833) -> 8813 (15.1833, 16.846)
    7249 (1.35037, 21.4866) -> 4107 (1.24724, 19.7421)
    7250 (7.64023, 18.3302) -> 1637 (5.93034, 17.5423)
    7251 (22.33, 12.9732) -> 5431 (20.5604, 12.3953)
    7252 (14.5595, 15.5161) -> 9004 (12.8896, 16.187)
    7253 (17.2664, 0.755498) -> 4446 (16.6437, 1.3055)
    7254 (14.7377, 16.0011) -> 7633 (12.8131, 16.2816)
    7255 (22.2405, 7.53568) -> 1996 (20.9002, 7.75045)
    7256 (24.003, 11.0921) -> 8212 (23.0447, 10.9207)
    7257 (2.56097, 7.80751) -> 2526 (2.17542, 9.46982)
    7258 (17.7292, 16.5307) -> 5718 (16.0183, 16.5443)
    7259 (18.1467, 21.7549) -> 8308 (17.5735, 21.5256)
    7260 (7.66421, 18.8996) -> 6850 (6.34991, 18.1417)
    7261 (18.3054, 9.45992) -> 9199 (17.8113, 9.49583)
    7262 (14.5859, 1.9454) -> 7684 (13.4032, 2.91542)
    7263 (0.978948, 2.45235) -> 8039 (0.90766, 3.15574)
    7264 (7.0176, 20.0231) -> 9353 (5.56879, 18.773)
    7265 (12.3633, 18.0404) -> 6440 (10.4445, 17.5076)
    7266 (24.7454, 13.2435) -> 2807 (23.4074, 12.7961)
    7267 (17.019, 5.46231) -> 8292 (15.4437, 6.33368)
    7268 (24.2702, 23.1184) -> 9720 (23.5014, 22.8196)
    7269 (14.6561, 10.1936) -> 9630 (13.1817, 9.64995)
    7270 (10.9966, 5.82768) -> 1022 (10.3721, 6.39749)
    7271 (15.3977, 8.69002) -> 6471 (15.2771, 8.70373)
    7272 (17.3391, 7.91125) -> 9502 (16.9431, 7.97671)
    7273 (23.857, 7.56607) -> 2589 (22.0251, 7.7837)
    7274 (11.3397, 5.612) -> 8987 (10.0155, 6.84906)
    7275 (14.1898, 9.44629) -> 9630 (13.1817, 9.64995)
    7276 (18.1021, 10.8172) -> 9943 (17.2897, 10.6718)
    7277 (5.33795, 3.90382) -> 2571 (4.81218, 5.29013)
    7278 (18.4593, 1.65611) -> 1850 (16.9233, 2.72315)
    7279 (15.7765, 18.6971) -> 2192 (14.82, 18.4711)
    7280 (3.93357, 21.1514) -> 8390 (3.321, 19.7595)
    7281 (18.1373, 20.4239) -> 6405 (16.5528, 19.8928)
    7282 (4.22174, 17.5156) -> 6548 (3.08638, 16.6182)
    7283 (23.6626, 23.7567) -> 9495 (23.5771, 23.7334)
    7284 (1.97836, 24.2651) -> 5725 (1.85171, 22.6221)
    7285 (4.93439, 9.06412) -> 1145 (4.02977, 10.3503)
    7286 (7.79472, 6.48329) -> 5734 (6.86727, 7.59887)
    7287 (17.0881, 13.0354) -> 7376 (15.6232, 11.996)
    7288 (22.0556, 18.8629) -> 6178 (20.3225, 18.4822)
    7289 (14.7466, 2.11728) -> 7707 (13.3848, 3.28062)
    7290 (3.65429, 4.25287) -> 9882 (3.52103, 4.84442)
    7291 (14.512, 21.1415) -> 7172 (13.6594, 20.7803)
    7292 (14.5477, 24.587) -> 4988 (13.7109, 23.9585)
    7293 (4.48257, 2.44779) -> 7918 (4.00651, 4.28)
    7294 (3.20747, 5.67904) -> 2209 (2.71546, 7.37098)
    7295 (9.81386, 3.44389) -> 9550 (9.26414, 4.12174)
    7296 (3.15311, 6.18533) -> 1851 (3.10773, 6.34488)
    7297 (24.6722, 13.7583) -> 9835 (24.1508, 13.6178)
    7298 (22.0367, 15.2488) -> 7729 (20.6964, 15.4317)
    7299 (19.656, 12.5491) -> 8598 (18.7, 12.1475)
    7300 (8.16085, 24.714) -> 4778 (7.40055, 23.6565)
    7301 (11.1062, 2.07557) -> 1443 (10.0585, 3.33297)
    7302 (13.3438, 5.99176) -> 9034 (13.0665, 6.16144)
    7303 (4.13992, 17.9273) -> 1691 (2.86478, 16.64)
    7304 (14.8041, 12.084) -> 8426 (14.3181, 11.2919)
    7305 (1.65994, 8.3148) -> 5044 (1.61473, 9.14488)
    7306 (19.1626, 14.1451) -> 3847 (18.5525, 14.3584)
    7307 (18.8559, 17.4354) -> 7216 (17.2484, 17.2501)
    7308 (13.3185, 20.9064) -> 8600 (12.5906, 20.5152)
    7309 (2.38978, 21.8777) -> 7795 (1.99657, 20.0809)
    7310 (0.988763, 2.01498) -> 8039 (0.90766, 3.15574)
    7311 (5.25523, 17.5611) -> 3488 (4.13467, 16.9634)
    7312 (17.4571, 20.4829) -> 5284 (15.711, 19.8621)
    7313 (1.97593, 21.2103) -> 8852 (1.72563, 19.5533)
    7314 (5.1336, 16.2342) -> 5033 (4.19594, 15.9369)
    7315 (8.71987, 2.75771) -> 2628 (8.11571, 3.76346)
    7316 (24.5656, 7.14379) -> 163 (22.6071, 7.44836)
    7317 (8.68234, 7.69487) -> 6424 (7.62853, 8.8687)
    7318 (0.0622395, 18.4887) -> 6682 (0.558723, 16.6017)
    7319 (3.22439, 17.4747) -> 1504 (2.88896, 17.0992)
    7320 (21.5907, 0.385397) -> 8660 (20.6108, 1.11482)
    7321 (21.8646, 9.98988) -> 6672 (20.2256, 9.91841)
    7322 (15.7452, 18.9156) -> 6231 (13.9447, 18.454)
    7323 (6.07723, 23.72) -> 1670 (5.23274, 22.3241)
    7324 (7.37238, 19.2628) -> 4652 (6.09801, 18.4466)
    7325 (0.539648, 1.57507) -> 5105 (0.591283, 2.30142)
    7326 (20.0007, 11.3719) -> 8436 (18.5144, 11.1578)
    7327 (24.4769, 23.7727) -> 1881 (22.75, 23.1816)
    7328 (20.2639, 0.257742) -> 9008 (18.6223, 1.39117)
    7329 (23.4835, 16.0089) -> 9572 (21.6253, 16.0401)
    7330 (0.760747, 8.2623) -> 7142 (0.826104, 10.121)
    7331 (6.27373, 9.48039) -> 6386 (5.24952, 10.4285)
    7332 (7.1983, 7.44841) -> 6579 (5.96615, 8.92712)
    7333 (12.3458, 21.1622) -> 4843 (11.7065, 20.7844)
    7334 (19.1588, 10.0659) -> 2500 (17.2623, 9.93121)
    7335 (15.1775, 23.7361) -> 9514 (14.1952, 23.1791)
    7336 (0.807065, 14.363) -> 0 (1, 15)
    7337 (14.9272, 17.6636) -> 4893 (13.4319, 17.3787)
    7338 (18.0721, 22.247) -> 9656 (16.6857, 21.6115)
    7339 (20.572, 18.433) -> 7787 (19.5415, 18.2163)
    7340 (1.04471, 20.1534) -> 1783 (1.0857, 19.6235)
    7341 (23.1888, 14.3748) -> 9397 (21.5862, 14.6277)
    7342 (4.18903, 19.5215) -> 2781 (3.46265, 18.5672)
    7343 (1.43214, 24.1662) -> 1051 (1.36628, 22.6517)
    7344 (21.9336, 16.7798) -> 4653 (19.9846, 16.7122)
    7345 (14.6408, 7.20098) -> 7654 (13.7751, 7.64257)
    7346 (13.0277, 22.223) -> 6854 (11.3065, 21.2132)
    7347 (1.9323, 23.0107) -> 4952 (1.9072, 22.7984)
    7348 (15.1401, 6.06736) -> 6484 (13.8377, 6.91419)
    7349 (8.98707, 2.58098) -> 3795 (7.93644, 4.26292)
    7350 (16.578, 1.0534) -> 5585 (16.0784, 1.48814)
    7351 (23.4399, 22.4748) -> 9923 (22.4313, 22.1029)
    7352 (16.6449, 4.74292) -> 5902 (15.89, 5.22905)
    7353 (13.2944, 1.97826) -> 9881 (11.9803, 3.3628)
    7354 (2.8487, 4.02997) -> 3979 (2.67728, 5.06573)
    7355 (2.05288, 19.7202) -> 107 (1.8323, 18.6381)
    7356 (15.6506, 20.7603) -> 25 (14.9319, 20.4684)
    7357 (4.64966, 13.0587) -> 7482 (3.10561, 13.8809)
    7358 (6.29714, 7.23888) -> 7085 (5.68481, 8.08538)
    7359 (5.43445, 0.127149) -> 5690 (5.02042, 1.36414)
    7360 (20.7398, 17.6967) -> 9073 (19.5303, 17.5815)
    7361 (20.7077, 18.0663) -> 8210 (18.8938, 17.8422)
    7362 (4.83089, 13.7729) -> 2762 (3.67958, 14.0579)
    7363 (16.3299, 21.5035) -> 9323 (15.302, 21.0437)
    7364 (2.43877, 12.7661) -> 4599 (2.12411, 13.0111)
    7365 (0.419816, 17.446) -> 7396 (0.755701, 15.9425)
    7366 (6.14159, 3.51111) -> 9944 (5.3073, 5.20215)
    7367 (7.03316, 10.4754) -> 8244 (6.28015, 10.9833)
    7368 (20.6791, 21.3817) -> 9051 (20.2831, 21.2432)
    7369 (16.1652, 17.2648) -> 8058 (14.7252, 17.0578)
    7370 (9.49299, 5.88589) -> 9625 (8.52544, 6.84114)
    7371 (23.4173, 3.56845) -> 6931 (21.7381, 4.41756)
    7372 (20.4297, 13.2893) -> 5942 (19.0819, 12.7508)
    7373 (20.9749, 15.1163) -> 4014 (19.3364, 15.3704)
    7374 (5.9796, 18.1136) -> 1423 (5.02028, 17.5387)
    7375 (16.7338, 15.1935) -> 9272 (14.9893, 15.5919)
    7376 (15.6232, 11.996) -> 5618 (14.9909, 11.5353)
    7377 (21.6134, 5.08155) -> 3694 (20.3283, 5.59966)
    7378 (17.6941, 1.6937) -> 9091 (17.4273, 1.85389)
    7379 (19.8346, 24.6077) -> 9622 (18.7742, 24.0661)
    7380 (21.8345, 10.1781) -> 7457 (19.989, 10.073)
    7381 (17.8734, 10.2691) -> 7813 (16.2398, 10.066)
    7382 (22.9485, 13.7156) -> 7041 (21.5623, 13.2435)
    7383 (15.7305, 24.8854) -> 9749 (14.5393, 24.1639)
    7384 (7.80282, 10.7001) -> 809 (6.785, 11.1902)
    7385 (16.2589, 10.3289) -> 9885 (15.0303, 9.98916)
    7386 (12.6654, 5.88517) -> 7094 (11.9217, 6.43498)
    7387 (10.7987, 6.94772) -> 9125 (9.68467, 7.81873)
    7388 (11.8658, 23.1958) -> 8916 (10.4236, 22.108)
    7389 (6.83733, 0.828811) -> 7092 (6.31538, 2.00689)
    7390 (16.3052, 23.052) -> 6438 (15.8086, 22.8113)
    7391 (3.97424, 13.186) -> 1750 (2.43742, 14.0995)
    7392 (16.6977, 12.0468) -> 7209 (15.0859, 11.1731)
    7393 (11.8522, 21.4798) -> 8978 (11.0601, 20.999)
    7394 (8.75329, 16.9069) -> 5750 (7.42902, 16.6366)
    7395 (3.84681, 22.0629) -> 9075 (3.20981, 20.5782)
    7396 (0.755701, 15.9425) -> 0 (1, 15)
    7397 (3.53421, 24.4366) -> 2485 (3.07597, 22.9061)
    7398 (13.884, 23.4188) -> 4488 (12.5299, 22.4898)
    7399 (24.0493, 9.5116) -> 9476 (22.1436, 9.4897)
    7400 (23.5332, 17.3777) -> 3475 (21.5718, 17.1916)
    7401 (21.3848, 4.10017) -> 5440 (20.1342, 4.73001)
    7402 (11.9475, 8.44843) -> 9933 (11.4784, 8.58718)
    7403 (15.8337, 5.15467) -> 9466 (14.6626, 5.89875)
    7404 (18.4601, 14.3179) -> 5666 (16.8545, 14.9552)
    7405 (18.7694, 17.6664) -> 9584 (16.9225, 17.3677)
    7406 (6.46803, 16.1905) -> 4574 (5.16086, 15.9146)
    7407 (13.1693, 16.5252) -> 9920 (11.9591, 16.5529)
    7408 (24.1881, 13.5065) -> 4370 (22.9443, 13.0758)
    7409 (19.3196, 22.7874) -> 4591 (18.1367, 22.1967)
    7410 (8.9743, 4.95618) -> 9460 (8.18418, 5.92155)
    7411 (21.6465, 20.9084) -> 4972 (19.7771, 20.5058)
    7412 (21.9029, 9.21487) -> 9293 (21.2272, 9.17069)
    7413 (5.68808, 5.10958) -> 4341 (5.00542, 6.45831)
    7414 (23.1248, 10.8965) -> 9798 (21.8002, 10.7322)
    7415 (1.26427, 15.4912) -> 0 (1, 15)
    7416 (5.88354, 9.70613) -> 4255 (5.22425, 10.3511)
    7417 (20.4738, 8.22313) -> 3858 (19.269, 8.38422)
    7418 (12.1959, 21.5921) -> 4142 (11.4715, 21.1677)
    7419 (3.32367, 5.38985) -> 8178 (3.08967, 6.34331)
    7420 (14.1255, 16.6414) -> 1345 (12.4649, 16.5944)
    7421 (10.3904, 7.526) -> 3869 (9.62111, 8.03913)
    7422 (21.4694, 23.6482) -> 8253 (19.8022, 22.9097)
    7423 (17.094, 23.8897) -> 5704 (16.0326, 23.2511)
    7424 (8.18777, 17.5597) -> 2299 (6.48406, 16.9905)
    7425 (8.07873, 4.77114) -> 7049 (7.42124, 5.66722)
    7426 (22.2751, 5.41854) -> 5263 (20.8738, 5.90054)
    7427 (6.74215, 11.3755) -> 9009 (5.75771, 11.9504)
    7428 (7.37255, 1.53201) -> 882 (6.726, 2.81332)
    7429 (15.9074, 24.0973) -> 7454 (14.8816, 23.484)
    7430 (22.1354, 7.89444) -> 1618 (21.3152, 7.97521)
    7431 (15.823, 23.7529) -> 6927 (14.1293, 22.8003)
    7432 (20.4833, 17.5372) -> 9166 (19.2729, 17.4739)
    7433 (4.79103, 19.9606) -> 2425 (4.01629, 18.9507)
    7434 (21.7768, 12.7173) -> 7050 (20.1364, 12.2215)
    7435 (13.2512, 17.0357) -> 9164 (12.8558, 17.009)
    7436 (19.3517, 11.3446) -> 8436 (18.5144, 11.1578)
    7437 (13.6217, 22.6811) -> 1672 (13.1321, 22.4125)
    7438 (20.0918, 16.5839) -> 3374 (19.0902, 16.5936)
    7439 (7.91237, 24.5172) -> 259 (7.57814, 24.0294)
    7440 (12.9645, 17.5023) -> 9841 (12.5866, 17.4042)
    7441 (8.75157, 16.4934) -> 8347 (8.11038, 16.4507)
    7442 (15.5216, 13.5953) -> 5394 (14.7815, 14.2698)
    7443 (20.1473, 3.83659) -> 6476 (19.039, 4.40339)
    7444 (21.7042, 2.6928) -> 9428 (20.3459, 3.74091)
    7445 (2.17871, 9.2333) -> 3379 (1.85742, 10.8737)
    7446 (7.51452, 6.97267) -> 6063 (7.22773, 7.37126)
    7447 (18.4862, 13.4683) -> 9524 (17.1015, 14.1758)
    7448 (14.7179, 24.5169) -> 7163 (13.3181, 23.6052)
    7449 (0.376097, 18.5745) -> 9440 (0.609095, 17.2906)
    7450 (7.3769, 19.4416) -> 1329 (6.19397, 18.5302)
    7451 (17.791, 5.90504) -> 4476 (16.4286, 6.52908)
    7452 (8.54916, 22.994) -> 9286 (7.47203, 22.0134)
    7453 (5.13149, 7.37352) -> 166 (4.60382, 8.3086)
    7454 (14.8816, 23.484) -> 7437 (13.6217, 22.6811)
    7455 (7.46871, 13.4643) -> 4815 (5.99814, 13.8214)
    7456 (7.20601, 15.5404) -> 3279 (5.34172, 15.4237)
    7457 (19.989, 10.073) -> 1981 (18.3355, 9.97326)
    7458 (17.0516, 21.7405) -> 7577 (15.8256, 21.1829)
    7459 (8.98368, 6.01018) -> 3878 (8.32584, 6.70364)
    7460 (5.91678, 17.4282) -> 7533 (4.9086, 16.8816)
    7461 (7.21763, 24.1727) -> 4624 (6.27003, 22.7122)
    7462 (0.237316, 10.9411) -> 4579 (0.276257, 11.3825)
    7463 (8.52492, 18.2719) -> 2301 (8.00113, 18.0732)
    7464 (24.3804, 7.35933) -> 4521 (22.6539, 7.53233)
    7465 (12.7339, 6.1665) -> 7820 (11.429, 7.42313)
    7466 (11.5843, 3.42658) -> 9296 (10.3226, 4.76584)
    7467 (24.8, 8.73391) -> 506 (23.9408, 8.79318)
    7468 (11.5635, 19.6985) -> 2397 (10.4865, 19.2368)
    7469 (20.5293, 0.706826) -> 6523 (19.3964, 1.54634)
    7470 (6.7585, 17.6037) -> 7533 (4.9086, 16.8816)
    7471 (21.7595, 24.4834) -> 5687 (20.2794, 23.8382)
    7472 (15.8148, 5.48118) -> 3831 (14.7294, 6.05339)
    7473 (8.53704, 16.7271) -> 3 (6.70982, 16.2837)
    7474 (17.3218, 6.5734) -> 5833 (16.7893, 6.79785)
    7475 (12.2725, 1.80906) -> 8682 (11.6408, 2.51934)
    7476 (22.1245, 10.2153) -> 2701 (20.9899, 10.1242)
    7477 (13.9306, 24.5298) -> 119 (12.4822, 23.3959)
    7478 (3.13355, 9.95324) -> 4863 (2.66106, 10.9847)
    7479 (23.2966, 21.9949) -> 9866 (22.0094, 21.5902)
    7480 (16.1631, 19.842) -> 9321 (14.5304, 19.327)
    7481 (3.21954, 8.74135) -> 7632 (2.85195, 9.77828)
    7482 (3.10561, 13.8809) -> 8074 (2.47433, 14.2193)
    7483 (0.812901, 20.7986) -> 9726 (0.928142, 18.8124)
    7484 (3.82008, 19.4358) -> 3122 (2.88964, 17.8837)
    7485 (10.9151, 18.9652) -> 3297 (9.09912, 18.1289)
    7486 (21.3055, 4.39756) -> 6293 (19.4638, 5.15404)
    7487 (10.9468, 23.6323) -> 4991 (10.3856, 23.14)
    7488 (0.795296, 17.4854) -> 8360 (0.869356, 16.194)
    7489 (19.5631, 19.1288) -> 6663 (18.3732, 18.8318)
    7490 (22.9332, 1.71303) -> 9614 (22.7115, 1.91716)
    7491 (16.9037, 9.03447) -> 9695 (15.528, 9.09323)
    7492 (1.60639, 7.09014) -> 2195 (1.42113, 8.75767)
    7493 (23.0051, 0.0419174) -> 4460 (21.9447, 0.658061)
    7494 (0.0419212, 1.459) -> 5456 (0.189583, 3.04615)
    7495 (6.7451, 3.18299) -> 6195 (6.02342, 4.60886)
    7496 (8.4617, 21.6751) -> 9677 (7.572, 20.9135)
    7497 (12.4941, 24.333) -> 1408 (11.3426, 23.3598)
    7498 (3.96314, 23.1557) -> 7609 (3.4127, 21.5011)
    7499 (19.5219, 13.3673) -> 5112 (18.5585, 12.8812)
    7500 (6.20965, 1.28996) -> 9344 (5.58371, 2.91653)
    7501 (9.36542, 5.8168) -> 9333 (8.24288, 7.05019)
    7502 (21.1636, 21.574) -> 5545 (19.9918, 21.2083)
    7503 (14.8163, 19.024) -> 8876 (13.8748, 18.6855)
    7504 (16.0346, 5.56481) -> 7348 (15.1401, 6.06736)
    7505 (23.0177, 14.5786) -> 1097 (21.6921, 14.7871)
    7506 (17.8792, 0.0400345) -> 7350 (16.578, 1.0534)
    7507 (12.8383, 0.0876829) -> 8561 (11.6133, 1.6283)
    7508 (13.6305, 7.32335) -> 9399 (12.1894, 8.32117)
    7509 (9.08733, 4.15636) -> 6620 (8.20521, 5.27809)
    7510 (8.72102, 2.83927) -> 2628 (8.11571, 3.76346)
    7511 (16.0865, 0.612674) -> 4312 (14.8032, 1.83531)
    7512 (2.98279, 22.2863) -> 8376 (2.6161, 20.6794)
    7513 (13.9086, 16.1521) -> 7633 (12.8131, 16.2816)
    7514 (4.39281, 10.3265) -> 3061 (3.52693, 11.292)
    7515 (12.6354, 17.8894) -> 8614 (11.1885, 17.5627)
    7516 (20.8928, 14.1227) -> 4687 (19.2674, 14.6049)
    7517 (17.2927, 18.89) -> 773 (16.1115, 18.5452)
    7518 (16.1816, 12.1671) -> 6413 (14.8249, 11.0842)
    7519 (24.5698, 2.07585) -> 3447 (23.1061, 2.87985)
    7520 (7.61252, 2.11727) -> 8998 (6.90774, 3.46593)
    7521 (7.63022, 3.40079) -> 9942 (7.33282, 3.89982)
    7522 (0.479615, 14.7056) -> 0 (1, 15)
    7523 (19.2299, 6.40529) -> 3372 (17.5708, 6.98184)
    7524 (16.1267, 7.50335) -> 8531 (15.85, 7.60354)
    7525 (19.4151, 17.4291) -> 471 (18.2801, 17.3315)
    7526 (15.7567, 16.135) -> 988 (15.1544, 16.2323)
    7527 (16.2456, 12.3445) -> 5618 (14.9909, 11.5353)
    7528 (15.3527, 16.6707) -> 7420 (14.1255, 16.6414)
    7529 (2.50478, 23.863) -> 8678 (2.20932, 22.4351)
    7530 (0.226633, 22.7854) -> 3531 (0.444874, 20.8848)
    7531 (4.89563, 11.5865) -> 9542 (4.25477, 12.1288)
    7532 (20.9448, 7.03523) -> 8811 (19.4049, 7.3641)
    7533 (4.9086, 16.8816) -> 2358 (3.9409, 16.4541)
    7534 (4.96176, 14.4463) -> 441 (4.5395, 14.5178)
    7535 (1.02207, 17.6382) -> 3667 (1.01786, 16.6171)
    7536 (6.97269, 0.661344) -> 383 (6.29638, 2.35534)
    7537 (4.11076, 20.3381) -> 6421 (3.73421, 19.7446)
    7538 (2.40745, 12.2777) -> 4162 (2.38585, 12.4128)
    7539 (12.616, 17.9887) -> 8614 (11.1885, 17.5627)
    7540 (0.671421, 11.0203) -> 4228 (0.730127, 11.5021)
    7541 (0.925531, 6.92404) -> 6014 (0.907276, 8.75378)
    7542 (24.652, 0.0717841) -> 5616 (23.2851, 0.889027)
    7543 (19.1229, 7.84264) -> 75 (17.2479, 8.18563)
    7544 (22.3654, 9.72873) -> 9385 (21.2947, 9.38034)
    7545 (8.53728, 4.70555) -> 9341 (7.39689, 6.0711)
    7546 (12.8773, 17.5796) -> 6803 (11.7382, 17.3701)
    7547 (14.2505, 1.90786) -> 8319 (12.9894, 3.19798)
    7548 (10.0066, 24.8475) -> 274 (8.96924, 23.7076)
    7549 (16.3865, 12.2678) -> 6413 (14.8249, 11.0842)
    7550 (0.106354, 1.70632) -> 5456 (0.189583, 3.04615)
    7551 (19.0617, 11.2881) -> 8436 (18.5144, 11.1578)
    7552 (5.34502, 22.9621) -> 8282 (4.47494, 21.2478)
    7553 (4.1536, 23.4572) -> 4216 (3.6842, 22.0443)
    7554 (9.48561, 16.3863) -> 2962 (8.3428, 16.1348)
    7555 (9.3696, 8.95225) -> 9844 (7.80261, 10.0675)
    7556 (12.4844, 9.24239) -> 7029 (11.0988, 9.37669)
    7557 (14.4289, 23.0124) -> 543 (12.9807, 22.07)
    7558 (1.70816, 8.58514) -> 5044 (1.61473, 9.14488)
    7559 (5.39754, 17.229) -> 1084 (4.34434, 16.729)
    7560 (9.73151, 23.6339) -> 8902 (8.55213, 22.4671)
    7561 (23.8065, 9.06626) -> 8632 (22.2866, 9.13072)
    7562 (18.8694, 4.97904) -> 9771 (17.2623, 5.90655)
    7563 (19.3656, 7.45264) -> 7072 (17.9102, 7.69116)
    7564 (16.6311, 16.0823) -> 988 (15.1544, 16.2323)
    7565 (3.45439, 21.3411) -> 3250 (2.77031, 19.5911)
    7566 (18.4162, 11.4835) -> 5378 (16.5025, 10.9475)
    7567 (11.9233, 0.100869) -> 9441 (11.6623, 0.485149)
    7568 (1.2142, 1.73879) -> 1613 (1.19216, 3.54412)
    7569 (11.2724, 22.0896) -> 6229 (9.67141, 20.9453)
    7570 (8.15439, 24.1386) -> 9708 (7.43023, 23.1999)
    7571 (12.4156, 24.8687) -> 7487 (10.9468, 23.6323)
    7572 (20.3184, 13.1341) -> 475 (19.0757, 12.603)
    7573 (21.5289, 1.18448) -> 8316 (20.0297, 2.30271)
    7574 (0.81792, 24.4248) -> 7241 (0.798005, 23.7838)
    7575 (24.9871, 21.6541) -> 1561 (23.438, 21.1591)
    7576 (21.4041, 16.5422) -> 5956 (20.0189, 16.5091)
    7577 (15.8256, 21.1829) -> 2724 (14.3767, 20.519)
    7578 (18.7462, 18.5934) -> 9586 (17.2061, 18.2692)
    7579 (15.4554, 13.4406) -> 5376 (14.4482, 14.5338)
    7580 (4.00017, 23.8828) -> 2188 (3.66238, 22.9853)
    7581 (3.68845, 5.9386) -> 2108 (3.53733, 6.48563)
    7582 (3.09079, 8.98765) -> 8829 (2.45403, 10.671)
    7583 (23.7558, 13.1734) -> 9795 (22.1242, 12.6457)
    7584 (6.98763, 23.7325) -> 8699 (6.26716, 22.7042)
    7585 (4.18928, 3.21344) -> 1592 (3.93634, 4.23226)
    7586 (0.113162, 24.1558) -> 7247 (0.249646, 22.8268)
    7587 (15.2396, 16.372) -> 4102 (13.6606, 16.4478)
    7588 (19.7197, 21.3412) -> 9326 (18.2272, 20.8251)
    7589 (21.473, 21.2487) -> 9970 (20.3903, 20.8952)
    7590 (14.641, 14.9399) -> 8895 (13.9678, 15.3699)
    7591 (0.938001, 19.9776) -> 9726 (0.928142, 18.8124)
    7592 (7.46855, 22.2626) -> 987 (6.57166, 21.0897)
    7593 (2.48679, 12.7823) -> 4599 (2.12411, 13.0111)
    7594 (8.63907, 5.37506) -> 4671 (7.39663, 6.84859)
    7595 (2.17864, 15.0642) -> 0 (1, 15)
    7596 (19.667, 1.61284) -> 9424 (18.3398, 2.61027)
    7597 (18.369, 19.8576) -> 4116 (16.6179, 19.2931)
    7598 (4.16183, 3.93866) -> 9762 (3.77375, 5.2169)
    7599 (2.06763, 14.3915) -> 0 (1, 15)
    7600 (24.2766, 7.10066) -> 2537 (22.5276, 7.37774)
    7601 (18.046, 21.3727) -> 286 (16.5651, 20.6909)
    7602 (21.3694, 21.964) -> 7588 (19.7197, 21.3412)
    7603 (22.2047, 8.23478) -> 1433 (20.7017, 8.39808)
    7604 (21.2109, 23.4123) -> 6861 (19.7382, 22.6991)
    7605 (1.98764, 20.5361) -> 6712 (1.78187, 19.382)
    7606 (1.63493, 18.7967) -> 8514 (1.41406, 17.4039)
    7607 (9.27808, 23.0945) -> 3913 (8.6524, 22.4188)
    7608 (23.8298, 2.13526) -> 7854 (22.6346, 2.84886)
    7609 (3.4127, 21.5011) -> 4092 (2.93019, 20.4114)
    7610 (2.55777, 2.86186) -> 294 (2.46783, 3.87742)
    7611 (21.7246, 3.9103) -> 5440 (20.1342, 4.73001)
    7612 (0.218465, 8.74695) -> 2057 (0.423195, 10.2854)
    7613 (15.3547, 18.0835) -> 8817 (13.7877, 17.7588)
    7614 (18.3756, 13.4528) -> 9524 (17.1015, 14.1758)
    7615 (19.0195, 8.38428) -> 3345 (18.1363, 8.54625)
    7616 (20.9282, 23.722) -> 8637 (19.3085, 23.0619)
    7617 (24.4292, 3.65441) -> 3680 (22.5867, 4.36913)
    7618 (4.12496, 12.2348) -> 8991 (3.90597, 12.4922)
    7619 (14.6895, 6.76605) -> 9350 (14.1199, 7.32928)
    7620 (7.01745, 14.3644) -> 377 (5.40964, 14.5308)
    7621 (21.5215, 10.7678) -> 2437 (19.5723, 10.5177)
    7622 (16.4919, 16.5715) -> 8818 (15.3583, 16.5414)
    7623 (12.9923, 2.60148) -> 6694 (12.5132, 3.13784)
    7624 (11.5146, 7.04596) -> 8533 (10.2377, 8.13742)
    7625 (24.518, 1.643) -> 9180 (23.4616, 2.30262)
    7626 (3.8912, 16.2583) -> 7771 (2.1759, 15.5193)
    7627 (18.2005, 2.33316) -> 9687 (17.9912, 2.42607)
    7628 (21.1145, 18.0195) -> 7958 (19.5205, 17.8288)
    7629 (18.3577, 1.01494) -> 3497 (17.4192, 1.70576)
    7630 (17.1628, 20.3772) -> 5284 (15.711, 19.8621)
    7631 (20.064, 13.2929) -> 6156 (18.5033, 12.5056)
    7632 (2.85195, 9.77828) -> 8829 (2.45403, 10.671)
    7633 (12.8131, 16.2816) -> 4068 (11.1742, 16.5811)
    7634 (18.7981, 20.6734) -> 7685 (17.9117, 20.4378)
    7635 (4.63512, 7.18739) -> 5981 (3.932, 8.58341)
    7636 (5.79561, 20.7291) -> 3400 (4.56864, 19.2593)
    7637 (21.0018, 20.0445) -> 178 (19.8513, 19.7144)
    7638 (19.626, 15.4058) -> 8036 (18.0634, 15.6981)
    7639 (11.2756, 7.92766) -> 3314 (10.316, 8.46091)
    7640 (6.19418, 17.0164) -> 5365 (4.9592, 16.5056)
    7641 (12.6608, 18.8641) -> 7245 (11.3327, 18.413)
    7642 (11.797, 4.26472) -> 9697 (10.4435, 5.52188)
    7643 (21.661, 3.34891) -> 9297 (19.9539, 4.32407)
    7644 (0.312953, 19.9609) -> 6969 (0.59682, 18.1105)
    7645 (9.1806, 4.0103) -> 6620 (8.20521, 5.27809)
    7646 (22.6023, 14.0462) -> 6829 (21.9111, 13.7641)
    7647 (14.398, 13.8531) -> 7648 (14.0878, 15.0663)
    7648 (14.0878, 15.0663) -> 9969 (13.9617, 15.1456)
    7649 (9.45379, 21.2831) -> 1213 (8.48578, 20.5762)
    7650 (20.2798, 19.5955) -> 5876 (18.3999, 19.161)
    7651 (11.4313, 7.84362) -> 3314 (10.316, 8.46091)
    7652 (5.45808, 5.67635) -> 2354 (4.7942, 6.95489)
    7653 (13.5631, 2.05819) -> 6694 (12.5132, 3.13784)
    7654 (13.7751, 7.64257) -> 216 (12.2071, 8.45057)
    7655 (16.9894, 13.9539) -> 8176 (15.3252, 14.7504)
    7656 (14.9973, 20.6549) -> 5607 (13.1358, 19.9502)
    7657 (2.28118, 12.5162) -> 5639 (1.39547, 14.2952)
    7658 (23.272, 15.0099) -> 3879 (22.182, 15.1945)
    7659 (1.51786, 23.9933) -> 5980 (1.40178, 22.5328)
    7660 (17.3162, 7.61701) -> 7138 (16.2879, 7.91521)
    7661 (24.985, 20.5349) -> 8180 (24.6103, 20.4544)
    7662 (6.70352, 10.0118) -> 4194 (5.13584, 11.2159)
    7663 (21.7877, 13.5588) -> 6251 (20.4334, 13.0588)
    7664 (1.78823, 19.1071) -> 1521 (1.46972, 17.4141)
    7665 (8.87778, 2.03376) -> 9334 (8.23194, 3.19969)
    7666 (23.1895, 18.847) -> 9165 (21.3555, 18.5389)
    7667 (6.90614, 19.3562) -> 392 (5.46297, 18.3112)
    7668 (12.1271, 2.40319) -> 5779 (11.642, 2.94167)
    7669 (21.6575, 16.0602) -> 6480 (20.3374, 16.097)
    7670 (21.0478, 19.4947) -> 7489 (19.5631, 19.1288)
    7671 (22.8202, 21.9809) -> 4736 (21.4796, 21.5844)
    7672 (0.0137383, 4.63978) -> 8504 (0.226425, 6.3518)
    7673 (24.8429, 2.58267) -> 6742 (23.6081, 3.12883)
    7674 (17.6279, 3.07404) -> 8327 (16.6506, 3.78023)
    7675 (19.0121, 16.6223) -> 6806 (17.3532, 16.6214)
    7676 (4.50289, 4.02968) -> 5491 (4.06096, 5.36255)
    7677 (15.9743, 9.4599) -> 7275 (14.1898, 9.44629)
    7678 (3.19757, 5.64976) -> 2209 (2.71546, 7.37098)
    7679 (6.62631, 9.93549) -> 993 (5.5089, 10.7737)
    7680 (12.8581, 16.1057) -> 9920 (11.9591, 16.5529)
    7681 (8.94269, 2.97344) -> 606 (8.55964, 3.51131)
    7682 (15.6503, 20.0815) -> 5135 (13.8675, 19.5755)
    7683 (6.74766, 13.7107) -> 3293 (5.18708, 14.0488)
    7684 (13.4032, 2.91542) -> 906 (12.9048, 3.32727)
    7685 (17.9117, 20.4378) -> 7480 (16.1631, 19.842)
    7686 (16.6435, 16.8204) -> 8362 (14.9924, 16.652)
    7687 (3.6801, 19.9683) -> 7075 (3.33042, 19.292)
    7688 (6.33562, 0.859713) -> 4773 (6.10786, 1.51436)
    7689 (23.6723, 9.65572) -> 9476 (22.1436, 9.4897)
    7690 (20.2513, 24.5152) -> 9044 (19.1445, 24.0065)
    7691 (16.0368, 24.2605) -> 7454 (14.8816, 23.484)
    7692 (11.8625, 2.62551) -> 6652 (10.6909, 3.95154)
    7693 (7.08966, 21.1707) -> 8330 (5.75101, 19.8194)
    7694 (12.8304, 20.5557) -> 2468 (11.5692, 19.9675)
    7695 (20.9811, 19.9077) -> 4274 (19.2457, 19.406)
    7696 (3.5561, 20.2487) -> 6901 (3.09187, 19.2614)
    7697 (12.766, 16.4813) -> 1846 (10.873, 16.5071)
    7698 (0.473848, 22.1159) -> 3531 (0.444874, 20.8848)
    7699 (10.3996, 16.5323) -> 7554 (9.48561, 16.3863)
    7700 (7.72035, 23.2182) -> 3918 (6.51169, 21.6781)
    7701 (21.8212, 21.3471) -> 9970 (20.3903, 20.8952)
    7702 (2.107, 16.1155) -> 0 (1, 15)
    7703 (5.86537, 4.36444) -> 2763 (5.36859, 5.48145)
    7704 (1.49128, 16.2511) -> 0 (1, 15)
    7705 (16.8791, 20.3609) -> 9918 (15.7813, 19.9751)
    7706 (21.3876, 0.152256) -> 1680 (20.3077, 0.906971)
    7707 (13.3848, 3.28062) -> 3908 (12.6988, 3.86265)
    7708 (19.2216, 12.0712) -> 221 (17.6105, 11.4882)
    7709 (24.3232, 6.17695) -> 6181 (23.3631, 6.39945)
    7710 (19.9309, 21.3607) -> 8085 (19.1503, 21.0876)
    7711 (23.0933, 14.0758) -> 9822 (21.7545, 13.5506)
    7712 (18.9252, 16.9198) -> 8808 (17.0227, 16.7734)
    7713 (15.8514, 7.62435) -> 494 (14.1211, 8.16519)
    7714 (7.55167, 18.6061) -> 9976 (6.11698, 17.7676)
    7715 (2.51073, 13.0177) -> 726 (2.2085, 13.4321)
    7716 (3.78527, 2.86999) -> 4418 (3.3906, 4.31879)
    7717 (16.2074, 21.3691) -> 6781 (14.4431, 20.5559)
    7718 (3.85962, 2.19746) -> 4030 (3.4822, 3.51209)
    7719 (22.3145, 10.7202) -> 9638 (21.0159, 10.4766)
    7720 (15.7011, 24.4543) -> 473 (14.0939, 23.3821)
    7721 (17.1472, 3.44434) -> 8798 (15.7883, 4.31929)
    7722 (21.9538, 20.3835) -> 6103 (20.5697, 20.0538)
    7723 (10.2044, 8.85877) -> 7178 (9.05537, 9.51491)
    7724 (24.9872, 4.49898) -> 2659 (23.5843, 4.92391)
    7725 (23.2703, 16.8589) -> 7344 (21.9336, 16.7798)
    7726 (16.6955, 23.704) -> 1745 (15.1412, 22.7914)
    7727 (20.1225, 4.47775) -> 4288 (18.5911, 5.19643)
    7728 (1.24385, 6.35522) -> 6482 (1.22524, 6.98116)
    7729 (20.6964, 15.4317) -> 5930 (19.6692, 15.5871)
    7730 (7.56491, 21.661) -> 4271 (6.75309, 20.7958)
    7731 (18.412, 2.1782) -> 9687 (17.9912, 2.42607)
    7732 (11.0231, 7.81842) -> 8523 (9.92339, 8.54611)
    7733 (9.46439, 0.332223) -> 8350 (8.48585, 1.62486)
    7734 (7.21026, 11.7184) -> 9349 (5.28373, 12.2513)
    7735 (16.7585, 18.9005) -> 2192 (14.82, 18.4711)
    7736 (23.994, 24.6579) -> 2751 (22.8609, 24.2051)
    7737 (6.92066, 12.8086) -> 9559 (5.54577, 12.7936)
    7738 (3.32999, 22.6881) -> 357 (2.9221, 21.2442)
    7739 (5.50363, 7.45681) -> 8658 (4.59136, 9.06612)
    7740 (20.2732, 13.0996) -> 475 (19.0757, 12.603)
    7741 (5.46831, 18.6432) -> 9929 (4.62716, 17.9114)
    7742 (22.5496, 4.07392) -> 1447 (21.6933, 4.4501)
    7743 (13.8238, 1.13043) -> 2283 (12.5726, 2.46253)
    7744 (13.7412, 8.60953) -> 6856 (12.2589, 8.89221)
    7745 (5.23018, 15.6286) -> 9123 (4.66181, 15.5201)
    7746 (10.1569, 7.95532) -> 2918 (8.8845, 8.81487)
    7747 (21.8968, 17.2538) -> 133 (20.8917, 17.1657)
    7748 (16.8036, 8.68647) -> 3195 (15.6086, 8.85667)
    7749 (11.0087, 5.16103) -> 507 (9.5988, 6.4465)
    7750 (18.4824, 3.80664) -> 5477 (16.8869, 4.71896)
    7751 (1.24194, 16.2216) -> 0 (1, 15)
    7752 (19.6124, 6.865) -> 2572 (17.991, 7.2954)
    7753 (7.28035, 23.8409) -> 4224 (6.27582, 22.5395)
    7754 (21.8735, 18.4969) -> 2438 (20.0379, 18.2519)
    7755 (23.3156, 13.1537) -> 7434 (21.7768, 12.7173)
    7756 (7.74474, 6.38626) -> 3396 (6.94872, 7.32292)
    7757 (7.32994, 14.9887) -> 3474 (5.94049, 14.9956)
    7758 (14.0046, 17.2077) -> 5356 (12.3677, 16.8668)
    7759 (7.3716, 3.5412) -> 6888 (6.68217, 4.65894)
    7760 (3.6662, 0.202077) -> 1611 (3.51159, 0.869791)
    7761 (14.8841, 0.781122) -> 7653 (13.5631, 2.05819)
    7762 (2.68524, 9.18675) -> 9972 (2.56851, 9.99173)
    7763 (23.1166, 21.6003) -> 9479 (22.3225, 21.3674)
    7764 (22.1312, 16.6917) -> 1045 (20.8659, 16.6986)
    7765 (7.89802, 11.2426) -> 9364 (6.71688, 11.9338)
    7766 (18.3933, 23.7521) -> 9335 (17.2496, 23.1713)
    7767 (16.6778, 22.2254) -> 8116 (15.0579, 21.5533)
    7768 (18.1661, 20.8865) -> 4714 (16.7468, 20.4528)
    7769 (19.7806, 3.82824) -> 3464 (18.4407, 4.60303)
    7770 (14.7002, 11.7056) -> 5122 (13.5741, 10.3929)
    7771 (2.1759, 15.5193) -> 0 (1, 15)
    7772 (17.537, 10.2805) -> 7813 (16.2398, 10.066)
    7773 (11.09, 17.8088) -> 6445 (9.79546, 17.4846)
    7774 (22.4525, 14.1902) -> 9940 (20.7488, 14.6103)
    7775 (9.25112, 6.68272) -> 4791 (8.13841, 7.74381)
    7776 (19.4458, 20.3159) -> 8277 (17.7808, 19.7132)
    7777 (10.2552, 19.0444) -> 9616 (9.06572, 18.5797)
    7778 (12.341, 7.06074) -> 9001 (10.8539, 7.98093)
    7779 (15.9054, 22.1708) -> 9548 (15.3491, 21.9311)
    7780 (2.5669, 2.77961) -> 294 (2.46783, 3.87742)
    7781 (7.87465, 14.8382) -> 3474 (5.94049, 14.9956)
    7782 (23.7139, 17.1789) -> 6621 (23.0955, 17.1538)
    7783 (24.511, 8.5202) -> 1991 (22.5874, 8.71023)
    7784 (0.36758, 5.87505) -> 1168 (0.421074, 7.54748)
    7785 (1.87089, 8.99401) -> 2859 (1.67223, 10.9359)
    7786 (12.2206, 2.20468) -> 2380 (10.9465, 3.57861)
    7787 (19.5415, 18.2163) -> 5531 (17.8549, 17.9176)
    7788 (7.75682, 22.9043) -> 907 (6.51429, 21.5548)
    7789 (21.3389, 23.928) -> 2422 (20.067, 23.4725)
    7790 (17.5481, 1.52425) -> 7074 (16.0965, 2.66718)
    7791 (16.4864, 12.2136) -> 8901 (15.969, 11.8778)
    7792 (8.40701, 2.58985) -> 6733 (7.71417, 3.83529)
    7793 (24.512, 7.40358) -> 7273 (23.857, 7.56607)
    7794 (20.0583, 8.36955) -> 9093 (18.4981, 8.54514)
    7795 (1.99657, 20.0809) -> 7664 (1.78823, 19.1071)
    7796 (0.549684, 12.339) -> 6473 (0.904092, 14.1454)
    7797 (13.8315, 24.7934) -> 6747 (12.8749, 24.0119)
    7798 (23.5873, 12.8547) -> 2807 (23.4074, 12.7961)
    7799 (4.51776, 11.7777) -> 2963 (3.5125, 12.3923)
    7800 (10.1576, 18.5067) -> 750 (8.57068, 17.91)
    7801 (23.5014, 15.1487) -> 2541 (22.4917, 15.2819)
    7802 (22.5798, 20.3703) -> 1510 (22.2482, 20.3068)
    7803 (8.83172, 5.84657) -> 5672 (7.59044, 7.22745)
    7804 (17.247, 5.24846) -> 3298 (16.0245, 5.92317)
    7805 (1.51117, 13.1277) -> 0 (1, 15)
    7806 (11.0233, 17.7671) -> 9930 (10.199, 17.5702)
    7807 (12.2987, 0.195265) -> 317 (11.3693, 1.39772)
    7808 (2.30458, 23.2706) -> 4756 (2.10409, 21.9618)
    7809 (20.9085, 6.2601) -> 1933 (20.2248, 6.4636)
    7810 (4.57608, 11.9769) -> 9542 (4.25477, 12.1288)
    7811 (12.7503, 7.95436) -> 9399 (12.1894, 8.32117)
    7812 (7.81984, 2.56085) -> 9837 (7.17886, 3.75598)
    7813 (16.2398, 10.066) -> 3962 (14.4069, 9.77602)
    7814 (24.5185, 0.796311) -> 9543 (24.1498, 1.04608)
    7815 (0.16044, 4.01376) -> 7784 (0.36758, 5.87505)
    7816 (3.37365, 13.325) -> 1796 (1.81187, 14.4482)
    7817 (7.65235, 17.3673) -> 2299 (6.48406, 16.9905)
    7818 (15.6795, 6.33867) -> 9350 (14.1199, 7.32928)
    7819 (4.06855, 22.7922) -> 7565 (3.45439, 21.3411)
    7820 (11.429, 7.42313) -> 8523 (9.92339, 8.54611)
    7821 (8.87985, 1.08676) -> 8350 (8.48585, 1.62486)
    7822 (17.2694, 14.7281) -> 9838 (16.2244, 14.9962)
    7823 (0.324312, 12.9876) -> 5343 (0.831489, 14.4966)
    7824 (9.23313, 8.03253) -> 9639 (7.74841, 9.15475)
    7825 (17.594, 13.0372) -> 8901 (15.969, 11.8778)
    7826 (21.7185, 21.2474) -> 6669 (21.3305, 21.1304)
    7827 (10.573, 19.4817) -> 6831 (9.00289, 18.8327)
    7828 (2.63638, 20.6087) -> 7851 (2.25438, 18.9798)
    7829 (1.61732, 15.2167) -> 0 (1, 15)
    7830 (4.76265, 15.7277) -> 3840 (3.05888, 15.3261)
    7831 (3.81897, 2.71898) -> 4418 (3.3906, 4.31879)
    7832 (5.05125, 6.66833) -> 62 (4.46418, 7.71389)
    7833 (23.339, 5.54329) -> 9176 (21.9111, 5.99684)
    7834 (11.6926, 17.8008) -> 9150 (9.83229, 17.324)
    7835 (22.2429, 8.82446) -> 9027 (20.342, 8.89567)
    7836 (9.71887, 20.9933) -> 9564 (8.87138, 20.3994)
    7837 (17.2572, 1.35485) -> 6392 (16.056, 2.30458)
    7838 (6.65827, 21.9488) -> 4790 (5.68473, 20.7278)
    7839 (21.3177, 7.61755) -> 9374 (19.4251, 7.88789)
    7840 (14.5178, 7.46644) -> 4745 (12.7175, 8.33219)
    7841 (7.57101, 21.5845) -> 4271 (6.75309, 20.7958)
    7842 (4.07881, 6.6113) -> 6107 (3.49791, 8.17574)
    7843 (2.81457, 11.7866) -> 9755 (2.78377, 11.7859)
    7844 (7.82688, 4.38913) -> 8823 (7.16268, 5.40152)
    7845 (18.0357, 22.0582) -> 7117 (16.2139, 21.2629)
    7846 (17.8386, 11.5006) -> 7065 (17.0002, 11.2645)
    7847 (24.3957, 11.3184) -> 9932 (24.1979, 11.2823)
    7848 (19.7613, 14.3133) -> 6045 (18.0404, 14.8385)
    7849 (12.0027, 18.5623) -> 8311 (11.0908, 18.2977)
    7850 (7.52455, 23.4547) -> 192 (6.25662, 21.9628)
    7851 (2.25438, 18.9798) -> 93 (1.96421, 17.9853)
    7852 (16.7354, 22.6717) -> 5776 (15.5113, 22.085)
    7853 (19.4368, 9.11126) -> 1353 (17.6976, 9.28587)
    7854 (22.6346, 2.84886) -> 5701 (21.8001, 3.30076)
    7855 (21.9446, 23.1537) -> 4810 (20.3299, 22.4773)
    7856 (18.0158, 5.09262) -> 1662 (16.8094, 5.67242)
    7857 (17.6098, 8.91092) -> 3698 (16.546, 8.91023)
    7858 (9.14095, 4.94904) -> 5483 (8.76264, 5.35595)
    7859 (21.2159, 23.417) -> 6861 (19.7382, 22.6991)
    7860 (2.51635, 17.1106) -> 3536 (1.87757, 16.2015)
    7861 (15.1932, 18.207) -> 1814 (14.51, 18.0767)
    7862 (19.1423, 18.9323) -> 9536 (17.4351, 18.5445)
    7863 (12.8818, 21.2108) -> 8413 (11.3279, 20.3734)
    7864 (18.4509, 11.6907) -> 7065 (17.0002, 11.2645)
    7865 (14.5138, 15.9702) -> 7633 (12.8131, 16.2816)
    7866 (8.55002, 7.56554) -> 9964 (7.12036, 8.86199)
    7867 (19.1548, 6.02768) -> 3039 (17.7085, 6.57045)
    7868 (6.52827, 12.0872) -> 6111 (4.66153, 12.6496)
    7869 (24.714, 10.1575) -> 9487 (23.1015, 10.0204)
    7870 (11.4617, 7.47926) -> 8523 (9.92339, 8.54611)
    7871 (4.0612, 17.0366) -> 2250 (2.87007, 16.2447)
    7872 (7.96847, 4.01839) -> 9235 (7.01768, 5.50012)
    7873 (0.645713, 12.6456) -> 6473 (0.904092, 14.1454)
    7874 (5.96698, 6.95309) -> 7145 (5.02998, 8.50356)
    7875 (5.5022, 11.9453) -> 9349 (5.28373, 12.2513)
    7876 (21.0317, 1.55849) -> 8316 (20.0297, 2.30271)
    7877 (1.34527, 3.58021) -> 6813 (1.28748, 5.03578)
    7878 (19.0936, 17.9748) -> 6661 (17.1806, 17.5934)
    7879 (24.3184, 24.924) -> 2523 (23.2463, 24.4763)
    7880 (4.668, 6.48232) -> 1989 (3.87028, 8.23459)
    7881 (5.6064, 22.9898) -> 9238 (4.67458, 21.3525)
    7882 (6.37744, 14.1487) -> 1041 (4.94577, 14.3853)
    7883 (16.9837, 19.2104) -> 1034 (15.184, 18.7614)
    7884 (6.57999, 19.7402) -> 9206 (5.34221, 18.6932)
    7885 (19.4384, 24.9976) -> 8651 (18.0708, 24.2288)
    7886 (10.2241, 18.2334) -> 4646 (9.25869, 17.9279)
    7887 (10.3876, 17.4769) -> 9274 (9.2231, 17.1423)
    7888 (8.43993, 18.7892) -> 8717 (7.11234, 18.1094)
    7889 (4.83307, 22.9941) -> 9816 (4.31901, 21.8907)
    7890 (19.744, 7.11946) -> 8031 (18.0846, 7.57107)
    7891 (18.6715, 6.71782) -> 5449 (17.7084, 7.0397)
    7892 (13.401, 4.93318) -> 2767 (12.7121, 5.50838)
    7893 (21.4073, 14.2815) -> 9862 (19.7437, 14.6576)
    7894 (13.6041, 16.6854) -> 6142 (12.644, 16.6255)
    7895 (7.15808, 18.9198) -> 4539 (6.51217, 18.4964)
    7896 (6.61088, 12.0718) -> 8463 (5.54577, 12.3807)
    7897 (1.07215, 12.0719) -> 8689 (0.987979, 13.2063)
    7898 (24.8787, 19.4423) -> 4343 (23.533, 19.1717)
    7899 (11.301, 2.79721) -> 8373 (10.2812, 3.9702)
    7900 (10.1764, 24.712) -> 9786 (9.93473, 24.5284)
    7901 (4.03925, 0.257853) -> 8710 (3.90837, 0.898785)
    7902 (12.1498, 7.40288) -> 7639 (11.2756, 7.92766)
    7903 (0.502298, 13.6241) -> 0 (1, 15)
    7904 (14.2808, 9.37748) -> 9917 (13.67, 9.19434)
    7905 (1.86709, 21.8054) -> 805 (1.75345, 20.8782)
    7906 (0.285958, 4.77976) -> 1428 (0.367833, 6.02917)
    7907 (2.47343, 2.04749) -> 2208 (2.30652, 3.18755)
    7908 (23.3859, 2.06959) -> 3887 (22.0587, 2.73298)
    7909 (23.7151, 15.9761) -> 4474 (21.7365, 16.0379)
    7910 (11.5081, 17.9205) -> 6445 (9.79546, 17.4846)
    7911 (8.14483, 6.52789) -> 8208 (7.83966, 6.86139)
    7912 (15.5688, 21.9868) -> 6032 (14.2783, 21.369)
    7913 (16.3221, 6.24525) -> 7345 (14.6408, 7.20098)
    7914 (13.1288, 16.2104) -> 4068 (11.1742, 16.5811)
    7915 (11.8504, 0.588486) -> 389 (10.8697, 1.8132)
    7916 (4.26986, 3.95308) -> 8685 (3.62909, 5.73588)
    7917 (1.29819, 6.76648) -> 8646 (1.28994, 7.30035)
    7918 (4.00651, 4.28) -> 6999 (3.49108, 6.15449)
    7919 (2.94935, 4.301) -> 141 (2.71889, 5.2172)
    7920 (9.83062, 23.1464) -> 3606 (9.39103, 22.7591)
    7921 (19.2046, 0.693145) -> 9048 (18.5742, 1.20179)
    7922 (3.04827, 24.4017) -> 72 (2.85974, 23.5655)
    7923 (20.2298, 3.43972) -> 1426 (19.508, 3.87167)
    7924 (17.0921, 24.2961) -> 9789 (15.8235, 23.6382)
    7925 (17.4363, 7.93066) -> 1786 (16.0666, 8.20269)
    7926 (16.6556, 11.6013) -> 2636 (15.4714, 11.0719)
    7927 (5.91585, 1.28499) -> 8796 (5.22384, 2.97028)
    7928 (18.5003, 11.2039) -> 4723 (17.0783, 10.8468)
    7929 (14.5333, 5.50509) -> 6213 (13.3277, 6.36951)
    7930 (18.8057, 21.4937) -> 2234 (18.2471, 21.229)
    7931 (11.5895, 4.8353) -> 8926 (10.2122, 6.02411)
    7932 (3.23723, 16.1746) -> 555 (2.77875, 15.9046)
    7933 (6.31532, 16.4142) -> 596 (5.06821, 16.1056)
    7934 (16.7194, 4.37662) -> 2647 (16.0786, 4.80468)
    7935 (1.15784, 1.25241) -> 501 (1.16824, 2.29956)
    7936 (5.94039, 13.0222) -> 8935 (4.85755, 12.9074)
    7937 (22.131, 10.3508) -> 3938 (21.1935, 10.3322)
    7938 (18.5109, 22.6027) -> 3986 (16.8864, 21.9046)
    7939 (18.7664, 21.1339) -> 5565 (17.0094, 20.543)
    7940 (9.23017, 7.10987) -> 9203 (7.93177, 8.57045)
    7941 (20.9826, 13.2053) -> 4726 (20.466, 12.989)
    7942 (17.1472, 16.9207) -> 4680 (15.6783, 16.8644)
    7943 (14.9996, 7.69845) -> 1892 (13.2502, 8.30721)
    7944 (9.40308, 3.67006) -> 2822 (8.83139, 4.43433)
    7945 (9.32638, 4.68062) -> 2122 (8.00462, 6.16558)
    7946 (15.1194, 8.93858) -> 1292 (14.1302, 9.02903)
    7947 (21.1199, 13.8474) -> 6586 (19.9358, 13.3124)
    7948 (1.12901, 19.233) -> 3149 (1.03814, 17.2604)
    7949 (20.4827, 1.34149) -> 9003 (19.6217, 1.82665)
    7950 (10.4238, 5.71179) -> 507 (9.5988, 6.4465)
    7951 (1.01784, 11.5192) -> 8689 (0.987979, 13.2063)
    7952 (4.06914, 11.7762) -> 7715 (2.51073, 13.0177)
    7953 (12.9815, 16.1703) -> 4068 (11.1742, 16.5811)
    7954 (10.3734, 20.5069) -> 1255 (8.80587, 19.6443)
    7955 (24.8431, 0.473349) -> 5382 (23.9136, 1.00924)
    7956 (17.496, 19.0237) -> 2269 (15.5507, 18.5729)
    7957 (21.3696, 17.803) -> 9073 (19.5303, 17.5815)
    7958 (19.5205, 17.8288) -> 6288 (17.9906, 17.5788)
    7959 (19.2886, 24.9164) -> 8651 (18.0708, 24.2288)
    7960 (1.5753, 18.945) -> 2828 (1.37823, 17.5158)
    7961 (24.7696, 23.4276) -> 7123 (22.9981, 22.9034)
    7962 (13.2778, 15.7884) -> 9920 (11.9591, 16.5529)
    7963 (22.5901, 0.977041) -> 5165 (21.6247, 1.59243)
    7964 (8.1372, 5.3092) -> 9426 (7.31966, 6.39488)
    7965 (14.7411, 19.3018) -> 8904 (13.0166, 18.7509)
    7966 (19.4137, 18.8525) -> 9533 (17.4621, 18.4723)
    7967 (21.7932, 9.28677) -> 9554 (21.0381, 9.2867)
    7968 (4.85286, 23.8596) -> 2493 (4.24474, 22.6193)
    7969 (13.8938, 19.9862) -> 6988 (12.5045, 19.4121)
    7970 (7.04821, 14.8312) -> 9246 (5.291, 14.9366)
    7971 (5.25968, 7.24395) -> 166 (4.60382, 8.3086)
    7972 (16.8442, 13.6237) -> 9873 (15.8458, 14.3698)
    7973 (14.4597, 6.0929) -> 3219 (13.8761, 6.51434)
    7974 (17.2612, 6.83452) -> 6960 (16.4157, 7.14905)
    7975 (22.3703, 14.2826) -> 9940 (20.7488, 14.6103)
    7976 (7.97516, 20.6558) -> 8569 (7.05938, 19.8616)
    7977 (5.8542, 5.68089) -> 1335 (4.92236, 7.41333)
    7978 (5.11266, 7.31232) -> 1977 (4.23022, 8.88234)
    7979 (15.7902, 20.4713) -> 3947 (14.0268, 19.7029)
    7980 (1.23277, 5.3221) -> 6482 (1.22524, 6.98116)
    7981 (14.6682, 7.86257) -> 959 (13.4525, 8.35698)
    7982 (2.65746, 8.82523) -> 2375 (2.22324, 10.2265)
    7983 (8.87766, 2.91944) -> 9389 (7.90765, 4.36509)
    7984 (3.6926, 4.73109) -> 6945 (3.34766, 5.83203)
    7985 (15.2322, 9.84566) -> 7026 (13.3227, 9.63806)
    7986 (23.6139, 2.62976) -> 3447 (23.1061, 2.87985)
    7987 (5.57855, 21.3695) -> 8400 (4.70211, 20.1527)
    7988 (23.8888, 5.60131) -> 5537 (22.1457, 6.09857)
    7989 (3.47651, 1.24753) -> 4798 (3.26699, 2.16421)
    7990 (19.9544, 11.9549) -> 7566 (18.4162, 11.4835)
    7991 (8.12789, 24.2942) -> 9877 (7.3583, 23.3554)
    7992 (12.9549, 4.78999) -> 5541 (12.2937, 5.22085)
    7993 (14.9345, 10.5807) -> 9630 (13.1817, 9.64995)
    7994 (13.0947, 19.2335) -> 5124 (11.967, 18.9113)
    7995 (20.4417, 23.904) -> 5687 (20.2794, 23.8382)
    7996 (20.6439, 15.6805) -> 5561 (18.7727, 15.8565)
    7997 (14.5783, 9.27052) -> 3553 (13.0658, 9.27095)
    7998 (23.8321, 14.6111) -> 9108 (22.2851, 14.9701)
    7999 (13.9047, 23.7517) -> 3217 (12.2857, 22.7501)
    8000 (24.3804, 8.49849) -> 9520 (23.8073, 8.5525)
    8001 (22.9278, 3.374) -> 7401 (21.3848, 4.10017)
    8002 (3.97636, 1.48315) -> 7127 (3.85938, 2.02002)
    8003 (6.88658, 22.2791) -> 4790 (5.68473, 20.7278)
    8004 (7.14853, 16.9519) -> 9340 (6.27995, 16.6375)
    8005 (24.4775, 15.3708) -> 5676 (23.321, 15.4675)
    8006 (2.81328, 5.34781) -> 3603 (2.49965, 6.93966)
    8007 (14.8257, 3.55885) -> 4333 (13.4254, 4.55834)
    8008 (4.8827, 20.0687) -> 4439 (4.00217, 18.9459)
    8009 (3.86004, 18.0998) -> 2264 (2.98009, 17.0933)
    8010 (8.22778, 20.7153) -> 6959 (7.12311, 19.8917)
    8011 (21.1288, 11.7648) -> 8418 (19.257, 11.3752)
    8012 (5.80112, 15.7894) -> 8495 (4.01653, 15.5198)
    8013 (22.1979, 2.4678) -> 9434 (21.3769, 3.04941)
    8014 (11.1648, 2.19133) -> 3919 (10.6272, 2.77053)
    8015 (16.9716, 17.6385) -> 4588 (15.1678, 17.4312)
    8016 (8.54879, 23.9804) -> 5955 (8.04164, 23.3632)
    8017 (1.49827, 6.68113) -> 9600 (1.48143, 7.03023)
    8018 (21.0945, 20.9329) -> 521 (19.1653, 20.4781)
    8019 (4.09864, 2.72498) -> 7290 (3.65429, 4.25287)
    8020 (22.5948, 5.4883) -> 9540 (22.1331, 5.5959)
    8021 (4.50441, 24.5575) -> 7553 (4.1536, 23.4572)
    8022 (23.0553, 1.74163) -> 9614 (22.7115, 1.91716)
    8023 (17.4369, 18.7905) -> 1415 (15.5795, 18.3401)
    8024 (17.6658, 15.1578) -> 2508 (16.4619, 15.409)
    8025 (7.33212, 15.9333) -> 3264 (6.62563, 15.8315)
    8026 (10.7031, 3.28274) -> 2565 (9.96062, 4.16995)
    8027 (13.2146, 7.43917) -> 5808 (12.7522, 7.66481)
    8028 (12.8895, 6.93998) -> 7639 (11.2756, 7.92766)
    8029 (21.4875, 11.3832) -> 9691 (20.1629, 11.2065)
    8030 (16.4009, 11.6195) -> 1658 (15.0061, 10.9484)
    8031 (18.0846, 7.57107) -> 6881 (16.296, 7.96941)
    8032 (14.0988, 10.5381) -> 9997 (13.1824, 10.13)
    8033 (9.9252, 0.0897618) -> 3253 (9.17178, 1.31115)
    8034 (13.3927, 20.3604) -> 9117 (11.6471, 19.6228)
    8035 (22.8607, 2.74315) -> 4064 (22.1375, 3.17689)
    8036 (18.0634, 15.6981) -> 701 (16.4269, 15.956)
    8037 (12.7269, 7.01365) -> 7639 (11.2756, 7.92766)
    8038 (15.863, 1.01737) -> 6269 (14.544, 2.20526)
    8039 (0.90766, 3.15574) -> 5120 (0.922355, 4.9145)
    8040 (21.9287, 17.4998) -> 9530 (20.5644, 17.3476)
    8041 (21.3117, 0.235647) -> 1680 (20.3077, 0.906971)
    8042 (10.4538, 20.441) -> 5796 (9.45064, 19.8019)
    8043 (6.4744, 11.6343) -> 9349 (5.28373, 12.2513)
    8044 (3.40378, 20.9904) -> 1382 (2.69201, 19.3674)
    8045 (21.5431, 7.60754) -> 8684 (20.5898, 7.77382)
    8046 (5.892, 18.9061) -> 9929 (4.62716, 17.9114)
    8047 (21.3633, 15.5829) -> 7996 (20.6439, 15.6805)
    8048 (20.1973, 0.224694) -> 9008 (18.6223, 1.39117)
    8049 (1.25118, 8.81352) -> 8346 (1.23521, 10.4269)
    8050 (18.5012, 0.651899) -> 3910 (16.9369, 1.7394)
    8051 (4.50389, 18.4889) -> 9429 (3.63535, 17.639)
    8052 (14.5258, 18.7811) -> 1651 (13.7682, 18.5847)
    8053 (2.12324, 3.14518) -> 1375 (1.96901, 5.11523)
    8054 (22.5632, 18.677) -> 9088 (20.6698, 18.4091)
    8055 (7.21126, 4.02481) -> 7105 (6.62583, 5.11903)
    8056 (14.4439, 18.6906) -> 4906 (13.8932, 18.5195)
    8057 (7.31494, 3.5368) -> 6888 (6.68217, 4.65894)
    8058 (14.7252, 17.0578) -> 9224 (12.8969, 16.8188)
    8059 (3.27645, 8.67855) -> 7632 (2.85195, 9.77828)
    8060 (22.5466, 12.2221) -> 9631 (20.8571, 11.7738)
    8061 (10.4963, 3.06037) -> 9535 (9.59568, 4.13834)
    8062 (24.2845, 24.0896) -> 8474 (23.3197, 23.6725)
    8063 (3.34925, 17.1249) -> 8162 (1.92129, 15.8611)
    8064 (19.1996, 5.54667) -> 8199 (19.0368, 5.62571)
    8065 (1.9451, 9.93916) -> 4905 (1.57854, 11.475)
    8066 (20.465, 17.3136) -> 9284 (19.0728, 17.2512)
    8067 (1.05627, 23.4033) -> 6136 (1.03974, 21.5265)
    8068 (19.1257, 7.9931) -> 8981 (17.2973, 8.28746)
    8069 (17.141, 1.498) -> 3902 (16.0349, 2.43023)
    8070 (19.0723, 16.0996) -> 3570 (17.532, 16.1381)
    8071 (7.38368, 24.5096) -> 9977 (7.06365, 24)
    8072 (5.82849, 4.79681) -> 4341 (5.00542, 6.45831)
    8073 (9.97066, 19.0716) -> 9646 (8.14104, 18.2728)
    8074 (2.47433, 14.2193) -> 0 (1, 15)
    8075 (7.76847, 4.91209) -> 2464 (6.63237, 6.38839)
    8076 (17.9245, 5.5883) -> 9771 (17.2623, 5.90655)
    8077 (15.6801, 24.0621) -> 9514 (14.1952, 23.1791)
    8078 (13.184, 4.38779) -> 6632 (11.9982, 5.29803)
    8079 (18.7071, 18.2301) -> 2189 (17.591, 18.0255)
    8080 (1.75698, 0.654239) -> 861 (1.71119, 2.48195)
    8081 (8.64472, 17.1883) -> 4161 (6.75519, 16.6839)
    8082 (13.3767, 22.3164) -> 7418 (12.1959, 21.5921)
    8083 (5.88416, 13.1357) -> 8935 (4.85755, 12.9074)
    8084 (2.7065, 14.321) -> 0 (1, 15)
    8085 (19.1503, 21.0876) -> 7312 (17.4571, 20.4829)
    8086 (18.7407, 2.89509) -> 4298 (17.2533, 3.80244)
    8087 (15.1042, 24.9009) -> 121 (13.466, 23.7617)
    8088 (23.4606, 6.77983) -> 9791 (21.6994, 7.12577)
    8089 (7.44575, 10.7266) -> 6767 (6.43833, 11.2349)
    8090 (22.3285, 12.1154) -> 9631 (20.8571, 11.7738)
    8091 (5.55888, 13.1737) -> 8935 (4.85755, 12.9074)
    8092 (18.1381, 20.7423) -> 6631 (16.6653, 20.2571)
    8093 (10.7414, 20.1589) -> 3654 (9.94615, 19.7172)
    8094 (19.0384, 6.04876) -> 3039 (17.7085, 6.57045)
    8095 (13.7993, 16.7669) -> 6142 (12.644, 16.6255)
    8096 (1.4819, 23.8084) -> 5980 (1.40178, 22.5328)
    8097 (22.5961, 13.3978) -> 556 (22.1537, 13.2546)
    8098 (21.1424, 24.7054) -> 4426 (19.5441, 24.0213)
    8099 (14.9773, 14.916) -> 1974 (14.6056, 15.1386)
    8100 (7.19136, 3.13104) -> 3651 (6.7793, 3.78967)
    8101 (13.6037, 9.19213) -> 963 (11.6965, 9.36711)
    8102 (21.1335, 11.7303) -> 4393 (20.0361, 11.5114)
    8103 (1.36947, 13.1456) -> 0 (1, 15)
    8104 (1.35363, 9.96645) -> 9623 (1.22722, 11.7727)
    8105 (11.7583, 3.56753) -> 6900 (11.1953, 4.16904)
    8106 (6.56111, 22.0274) -> 1999 (5.48639, 20.8253)
    8107 (22.6007, 17.1345) -> 1698 (21.6977, 17.0695)
    8108 (7.0103, 24.0567) -> 5773 (6.24512, 22.9753)
    8109 (10.8646, 9.27979) -> 6315 (10.2282, 9.4719)
    8110 (14.6099, 13.0324) -> 2413 (14.219, 11.3927)
    8111 (24.8653, 11.1981) -> 6540 (22.9327, 10.9624)
    8112 (3.84571, 24.2637) -> 7738 (3.32999, 22.6881)
    8113 (5.26137, 0.573411) -> 5690 (5.02042, 1.36414)
    8114 (11.4182, 1.89682) -> 3919 (10.6272, 2.77053)
    8115 (12.593, 4.49146) -> 2577 (11.3947, 5.50201)
    8116 (15.0579, 21.5533) -> 3466 (13.8557, 21.022)
    8117 (15.0206, 1.66812) -> 4674 (13.6798, 2.89673)
    8118 (6.62224, 6.28106) -> 5387 (5.76058, 7.50067)
    8119 (0.309965, 16.0877) -> 0 (1, 15)
    8120 (13.8315, 18.1561) -> 8765 (13.3401, 18.0445)
    8121 (22.5059, 9.13689) -> 9293 (21.2272, 9.17069)
    8122 (15.4465, 3.25516) -> 807 (13.9405, 4.49459)
    8123 (3.80808, 9.32625) -> 8703 (3.15325, 10.4183)
    8124 (4.47837, 8.89518) -> 5220 (3.63752, 10.3738)
    8125 (6.80963, 17.232) -> 5365 (4.9592, 16.5056)
    8126 (14.0206, 21.4453) -> 398 (12.3147, 20.5543)
    8127 (10.4739, 19.086) -> 614 (8.79216, 18.4214)
    8128 (11.7993, 22.6208) -> 234 (11.2256, 22.2366)
    8129 (3.50796, 21.6354) -> 5107 (3.04951, 20.2328)
    8130 (8.04134, 7.67908) -> 8257 (7.11929, 8.50944)
    8131 (17.2251, 23.0531) -> 8492 (16.2673, 22.567)
    8132 (6.3696, 24.6037) -> 3492 (5.70567, 23.4272)
    8133 (20.2068, 11.6036) -> 7928 (18.5003, 11.2039)
    8134 (22.1986, 13.251) -> 5847 (21.2208, 12.9103)
    8135 (10.7196, 23.3862) -> 2166 (9.71182, 22.4994)
    8136 (2.27755, 9.14894) -> 3379 (1.85742, 10.8737)
    8137 (23.5363, 23.9368) -> 4966 (21.8989, 23.3044)
    8138 (8.87232, 9.45964) -> 9844 (7.80261, 10.0675)
    8139 (23.5107, 13.9574) -> 2602 (21.6413, 13.2969)
    8140 (13.5897, 4.7783) -> 2767 (12.7121, 5.50838)
    8141 (11.2456, 19.2676) -> 9843 (10.3385, 18.9324)
    8142 (19.3746, 14.2747) -> 1386 (17.7065, 14.724)
    8143 (24.3025, 10.0971) -> 9487 (23.1015, 10.0204)
    8144 (19.607, 23.4775) -> 8456 (18.6169, 23.0676)
    8145 (17.2271, 7.63656) -> 7138 (16.2879, 7.91521)
    8146 (6.20235, 23.8294) -> 6202 (5.61254, 22.8472)
    8147 (3.22095, 15.9885) -> 7771 (2.1759, 15.5193)
    8148 (20.3186, 8.80336) -> 4897 (18.7647, 8.89319)
    8149 (24.8544, 4.26003) -> 4330 (23.4227, 4.73036)
    8150 (3.30677, 11.4065) -> 1086 (2.54134, 12.3677)
    8151 (8.79399, 16.1409) -> 8025 (7.33212, 15.9333)
    8152 (10.3254, 17.1825) -> 3895 (8.98573, 16.8535)
    8153 (0.800881, 20.8423) -> 9671 (0.865266, 19.184)
    8154 (8.22883, 3.95552) -> 5134 (7.79798, 4.61525)
    8155 (17.4899, 11.4768) -> 8905 (16.6237, 11.1916)
    8156 (7.92245, 14.6922) -> 8995 (6.06261, 14.6912)
    8157 (12.9516, 0.484151) -> 9958 (12.233, 1.28974)
    8158 (2.44653, 7.9113) -> 9946 (2.23642, 8.82865)
    8159 (2.70206, 1.33347) -> 6380 (2.46158, 2.97839)
    8160 (6.55161, 5.91035) -> 9276 (6.51274, 5.98728)
    8161 (16.1766, 4.32029) -> 2693 (15.4906, 4.92121)
    8162 (1.92129, 15.8611) -> 0 (1, 15)
    8163 (7.69451, 20.6152) -> 7884 (6.57999, 19.7402)
    8164 (10.2732, 2.07728) -> 5621 (9.10854, 3.69197)
    8165 (2.70324, 15.8418) -> 0 (1, 15)
    8166 (4.07579, 7.12766) -> 4307 (3.30098, 8.93103)
    8167 (5.56904, 4.62237) -> 2662 (5.23524, 5.31363)
    8168 (14.0041, 6.35722) -> 593 (13.3997, 6.71461)
    8169 (16.9704, 8.12089) -> 9993 (15.3204, 8.40649)
    8170 (2.71667, 3.52582) -> 5593 (2.5672, 4.5728)
    8171 (2.69816, 10.6014) -> 6467 (1.97674, 12.4383)
    8172 (13.8188, 6.74127) -> 6949 (13.0699, 7.21057)
    8173 (21.7175, 21.0232) -> 6055 (21.3419, 20.9081)
    8174 (11.4124, 2.79806) -> 766 (10.3275, 4.07571)
    8175 (11.5518, 7.93472) -> 8312 (10.2812, 8.6562)
    8176 (15.3252, 14.7504) -> 105 (14.092, 15.4939)
    8177 (24.6992, 0.73508) -> 9591 (24.4196, 0.887091)
    8178 (3.08967, 6.34331) -> 5610 (2.50736, 8.16729)
    8179 (14.5511, 7.55644) -> 4745 (12.7175, 8.33219)
    8180 (24.6103, 20.4544) -> 3819 (23.0051, 20.0731)
    8181 (6.1217, 8.17533) -> 9201 (5.78288, 8.58411)
    8182 (14.9752, 2.96529) -> 2819 (14.3234, 3.46856)
    8183 (19.9113, 3.74048) -> 4199 (18.6912, 4.45914)
    8184 (2.52401, 1.46386) -> 8499 (2.31587, 3.09833)
    8185 (23.2684, 19.0809) -> 316 (21.5634, 18.7222)
    8186 (3.03109, 22.9073) -> 1404 (2.57792, 21.3393)
    8187 (14.6471, 18.6797) -> 1534 (13.2245, 18.3309)
    8188 (11.9134, 4.42106) -> 7950 (10.4238, 5.71179)
    8189 (16.9634, 17.1621) -> 5251 (16.3781, 17.1282)
    8190 (14.804, 24.4064) -> 7999 (13.9047, 23.7517)
    8191 (8.87166, 5.8438) -> 2604 (8.49027, 6.28831)
    8192 (22.4699, 8.20924) -> 1433 (20.7017, 8.39808)
    8193 (16.79, 5.86941) -> 9402 (15.3096, 6.62651)
    8194 (2.87235, 1.70504) -> 5563 (2.66585, 2.85293)
    8195 (21.0351, 4.91192) -> 5920 (19.3721, 5.60401)
    8196 (16.2721, 2.29412) -> 3646 (15.5377, 2.86459)
    8197 (0.0213577, 11.2652) -> 1091 (0.314863, 12.0248)
    8198 (23.9248, 9.97423) -> 3513 (22.3344, 9.89645)
    8199 (19.0368, 5.62571) -> 1573 (17.5189, 6.30341)
    8200 (14.4558, 6.74049) -> 5808 (12.7522, 7.66481)
    8201 (15.8476, 5.97349) -> 9402 (15.3096, 6.62651)
    8202 (11.7853, 2.27736) -> 7899 (11.301, 2.79721)
    8203 (19.2871, 0.471646) -> 6186 (18.185, 1.19749)
    8204 (14.7328, 0.469408) -> 720 (14.3143, 0.913785)
    8205 (5.4106, 2.37706) -> 8796 (5.22384, 2.97028)
    8206 (8.4451, 16.0009) -> 3029 (6.64674, 15.7321)
    8207 (3.46606, 4.36846) -> 9583 (3.2849, 5.07351)
    8208 (7.83966, 6.86139) -> 6208 (6.67784, 8.19306)
    8209 (23.5227, 17.6805) -> 8040 (21.9287, 17.4998)
    8210 (18.8938, 17.8422) -> 6661 (17.1806, 17.5934)
    8211 (6.46093, 8.85756) -> 3664 (5.5164, 9.78062)
    8212 (23.0447, 10.9207) -> 7621 (21.5215, 10.7678)
    8213 (10.3103, 23.5116) -> 6491 (9.63885, 22.8158)
    8214 (22.3684, 18.1136) -> 9827 (21.5061, 18.0497)
    8215 (23.4692, 16.4735) -> 6247 (21.7281, 16.4944)
    8216 (22.8034, 3.60828) -> 4777 (21.084, 4.41117)
    8217 (4.51855, 4.30651) -> 9674 (4.09943, 5.69824)
    8218 (23.296, 23.2671) -> 9698 (23.1283, 23.1589)
    8219 (3.60395, 0.37359) -> 4798 (3.26699, 2.16421)
    8220 (9.47251, 19.2513) -> 6397 (8.46463, 18.7673)
    8221 (15.8868, 23.7544) -> 4023 (14.5671, 22.9298)
    8222 (9.00673, 22.1288) -> 8885 (7.60848, 20.8648)
    8223 (5.38278, 5.06508) -> 8966 (4.68122, 6.4801)
    8224 (7.46349, 7.86934) -> 8211 (6.46093, 8.85756)
    8225 (20.5405, 19.114) -> 8527 (18.8984, 18.7259)
    8226 (6.74225, 24.4437) -> 4532 (5.67458, 22.7781)
    8227 (8.04808, 10.9489) -> 6128 (7.05113, 11.341)
    8228 (16.8961, 14.666) -> 5735 (15.6015, 15.1243)
    8229 (23.8813, 17.5108) -> 6205 (22.1184, 17.3169)
    8230 (24.6689, 6.08164) -> 6181 (23.3631, 6.39945)
    8231 (9.54467, 22.0883) -> 8377 (8.04939, 20.8089)
    8232 (2.50433, 15.6914) -> 0 (1, 15)
    8233 (14.3569, 21.5034) -> 29 (13.8772, 21.2957)
    8234 (6.33899, 16.4881) -> 596 (5.06821, 16.1056)
    8235 (22.1478, 11.5569) -> 9642 (20.8009, 11.3919)
    8236 (8.11235, 19.3776) -> 9258 (6.84651, 18.5838)
    8237 (22.5008, 3.03822) -> 2601 (21.2763, 3.68427)
    8238 (0.526569, 1.9179) -> 9017 (0.49029, 3.86821)
    8239 (0.720996, 14.0157) -> 0 (1, 15)
    8240 (15.5874, 8.15041) -> 5877 (13.6366, 8.5514)
    8241 (4.89742, 8.25747) -> 9994 (4.64463, 8.6742)
    8242 (16.098, 20.4969) -> 4858 (15.3506, 20.2181)
    8243 (4.68604, 18.5581) -> 8063 (3.34925, 17.1249)
    8244 (6.28015, 10.9833) -> 5303 (4.92727, 11.8407)
    8245 (15.1289, 21.8232) -> 29 (13.8772, 21.2957)
    8246 (6.42122, 8.18968) -> 6716 (5.25612, 9.55608)
    8247 (3.86426, 13.8862) -> 510 (2.5343, 14.4181)
    8248 (5.85607, 13.03) -> 8935 (4.85755, 12.9074)
    8249 (15.7233, 1.52842) -> 6917 (14.6215, 2.67463)
    8250 (11.7848, 23.3475) -> 5516 (11.1919, 22.8859)
    8251 (24.8062, 0.61186) -> 9591 (24.4196, 0.887091)
    8252 (14.9477, 7.29444) -> 2990 (13.64, 7.88548)
    8253 (19.8022, 22.9097) -> 306 (18.2501, 22.2192)
    8254 (2.90747, 12.3014) -> 4599 (2.12411, 13.0111)
    8255 (21.0318, 2.73613) -> 8868 (20.3589, 3.21888)
    8256 (11.5604, 18.0391) -> 5765 (10.4838, 17.7236)
    8257 (7.11929, 8.50944) -> 7416 (5.88354, 9.70613)
    8258 (6.07198, 12.6643) -> 9559 (5.54577, 12.7936)
    8259 (14.5435, 12.1746) -> 8639 (14.0727, 11.287)
    8260 (20.5132, 6.25465) -> 9855 (19.1181, 6.60232)
    8261 (18.2169, 15.4211) -> 5164 (16.2569, 15.7386)
    8262 (1.36361, 15.0808) -> 0 (1, 15)
    8263 (18.4925, 21.2737) -> 6823 (17.2481, 20.7907)
    8264 (0.703365, 20.8816) -> 713 (0.815327, 19.5131)
    8265 (23.3183, 0.017399) -> 9998 (21.7527, 1.08395)
    8266 (18.7901, 10.7054) -> 1226 (17.9262, 10.4493)
    8267 (24.905, 15.4406) -> 6834 (23.4762, 15.5387)
    8268 (1.3003, 16.0706) -> 0 (1, 15)
    8269 (7.31762, 18.8921) -> 9258 (6.84651, 18.5838)
    8270 (24.9126, 7.72664) -> 6074 (23.3097, 8.00255)
    8271 (15.9841, 21.2355) -> 2724 (14.3767, 20.519)
    8272 (5.55967, 14.6401) -> 7024 (5.22977, 14.6924)
    8273 (21.6739, 24.1822) -> 2422 (20.067, 23.4725)
    8274 (6.38236, 9.6078) -> 1391 (5.58038, 10.3235)
    8275 (10.0917, 5.71871) -> 9939 (8.62603, 7.06241)
    8276 (12.0345, 6.8468) -> 7820 (11.429, 7.42313)
    8277 (17.7808, 19.7132) -> 4729 (16.0192, 19.0956)
    8278 (5.38945, 11.7729) -> 8991 (3.90597, 12.4922)
    8279 (20.2974, 12.3538) -> 2789 (18.8909, 11.8793)
    8280 (23.0335, 23.6918) -> 4349 (21.1902, 23.0304)
    8281 (14.1637, 17.7565) -> 9841 (12.5866, 17.4042)
    8282 (4.47494, 21.2478) -> 3283 (3.60751, 19.6754)
    8283 (16.5481, 8.34012) -> 1949 (15.24, 8.56124)
    8284 (7.72687, 24.3975) -> 7753 (7.28035, 23.8409)
    8285 (0.405992, 11.2784) -> 3071 (0.761351, 13.1082)
    8286 (15.3498, 6.43396) -> 9350 (14.1199, 7.32928)
    8287 (5.55097, 2.65093) -> 348 (5.07573, 4.21045)
    8288 (12.6905, 9.57766) -> 9390 (11.188, 9.24785)
    8289 (9.20234, 18.5671) -> 6591 (7.6275, 17.9736)
    8290 (3.82688, 15.2386) -> 1888 (2.94905, 15.1581)
    8291 (6.59104, 6.06605) -> 1605 (6.16444, 6.76969)
    8292 (15.4437, 6.33368) -> 9350 (14.1199, 7.32928)
    8293 (8.44519, 16.6992) -> 3 (6.70982, 16.2837)
    8294 (22.7254, 13.9886) -> 9822 (21.7545, 13.5506)
    8295 (22.2709, 17.7978) -> 8719 (21.2036, 17.7182)
    8296 (23.3707, 7.21527) -> 5751 (22.4568, 7.359)
    8297 (17.305, 18.2643) -> 9578 (16.1889, 18.0142)
    8298 (2.02133, 10.8755) -> 3636 (1.87627, 11.3679)
    8299 (2.40492, 0.900236) -> 8520 (2.27515, 2.34283)
    8300 (17.1307, 19.7162) -> 1746 (15.4805, 19.172)
    8301 (1.43825, 16.032) -> 0 (1, 15)
    8302 (3.47165, 14.8233) -> 9113 (1.78882, 14.9309)
    8303 (22.3591, 10.1991) -> 2701 (20.9899, 10.1242)
    8304 (13.2525, 9.95261) -> 1114 (11.572, 9.49554)
    8305 (19.0312, 13.6954) -> 9154 (17.8632, 14.2344)
    8306 (19.5352, 13.9599) -> 1390 (18.3111, 14.4327)
    8307 (4.37207, 22.0487) -> 7696 (3.5561, 20.2487)
    8308 (17.5735, 21.5256) -> 1027 (15.9636, 20.8531)
    8309 (3.99832, 8.2156) -> 5908 (3.35926, 9.49412)
    8310 (11.4442, 22.9806) -> 2590 (9.87427, 21.8399)
    8311 (11.0908, 18.2977) -> 6414 (9.68836, 17.8261)
    8312 (10.2812, 8.6562) -> 8138 (8.87232, 9.45964)
    8313 (1.56913, 23.0513) -> 9137 (1.39389, 21.242)
    8314 (8.33851, 16.7374) -> 5659 (7.03221, 16.3993)
    8315 (0.63135, 24.2637) -> 4327 (0.739755, 22.41)
    8316 (20.0297, 2.30271) -> 394 (18.5627, 3.13149)
    8317 (3.95102, 9.23431) -> 8703 (3.15325, 10.4183)
    8318 (7.61687, 1.64401) -> 8481 (7.11653, 2.5665)
    8319 (12.9894, 3.19798) -> 7642 (11.797, 4.26472)
    8320 (13.968, 6.13672) -> 8037 (12.7269, 7.01365)
    8321 (13.3897, 16.9712) -> 5252 (12.1352, 16.7417)
    8322 (12.4347, 8.19066) -> 9399 (12.1894, 8.32117)
    8323 (10.0896, 21.7143) -> 1213 (8.48578, 20.5762)
    8324 (22.9219, 3.55704) -> 8216 (22.8034, 3.60828)
    8325 (17.6228, 11.845) -> 645 (16.2076, 11.3086)
    8326 (21.5474, 21.734) -> 5545 (19.9918, 21.2083)
    8327 (16.6506, 3.78023) -> 8798 (15.7883, 4.31929)
    8328 (3.99183, 1.60895) -> 4030 (3.4822, 3.51209)
    8329 (14.701, 22.9232) -> 9255 (13.2336, 22.2144)
    8330 (5.75101, 19.8194) -> 1046 (4.54519, 18.7211)
    8331 (0.831289, 24.0699) -> 6091 (0.935034, 22.4872)
    8332 (19.6811, 4.61037) -> 4288 (18.5911, 5.19643)
    8333 (12.8973, 19.3167) -> 8982 (12.267, 19.0836)
    8334 (7.36913, 22.3337) -> 8864 (6.99989, 22.0167)
    8335 (24.2829, 24.9843) -> 2523 (23.2463, 24.4763)
    8336 (9.01684, 0.281869) -> 9056 (8.72801, 0.884901)
    8337 (3.17198, 13.3967) -> 4066 (2.14065, 14.1614)
    8338 (16.5027, 2.82127) -> 2427 (15.0191, 3.91339)
    8339 (22.0738, 2.38919) -> 2983 (20.8315, 3.02951)
    8340 (6.50538, 15.925) -> 9499 (5.19411, 15.7638)
    8341 (9.95998, 24.1187) -> 258 (8.61669, 22.7525)
    8342 (12.1555, 6.66459) -> 9776 (10.7579, 7.40473)
    8343 (5.52379, 10.2143) -> 1083 (4.12424, 11.4194)
    8344 (20.4976, 10.5462) -> 9587 (19.3717, 10.3946)
    8345 (16.91, 17.5432) -> 5407 (15.2109, 17.2608)
    8346 (1.23521, 10.4269) -> 9623 (1.22722, 11.7727)
    8347 (8.11038, 16.4507) -> 4989 (6.19995, 16.0928)
    8348 (20.0477, 22.4415) -> 661 (18.3323, 21.8549)
    8349 (20.1924, 7.02425) -> 5439 (18.4328, 7.46822)
    8350 (8.48585, 1.62486) -> 3245 (8.03633, 2.54132)
    8351 (15.3814, 6.19913) -> 9350 (14.1199, 7.32928)
    8352 (19.7952, 0.806544) -> 7278 (18.4593, 1.65611)
    8353 (19.9481, 18.9331) -> 8527 (18.8984, 18.7259)
    8354 (5.35286, 24.853) -> 2575 (4.79325, 23.7307)
    8355 (6.4976, 2.91328) -> 1922 (6.07632, 3.87894)
    8356 (15.7024, 15.9957) -> 6391 (14.427, 16.2251)
    8357 (22.9263, 22.6598) -> 9779 (21.5338, 22.144)
    8358 (22.4857, 0.0669596) -> 9036 (20.9908, 1.01127)
    8359 (22.0658, 3.01448) -> 8887 (20.7622, 3.61259)
    8360 (0.869356, 16.194) -> 0 (1, 15)
    8361 (15.2061, 12.3272) -> 8426 (14.3181, 11.2919)
    8362 (14.9924, 16.652) -> 7420 (14.1255, 16.6414)
    8363 (24.432, 22.4365) -> 7671 (22.8202, 21.9809)
    8364 (7.13233, 1.19048) -> 8378 (6.8193, 1.91712)
    8365 (3.94843, 8.39589) -> 3224 (3.63782, 9.02123)
    8366 (13.1482, 0.121499) -> 9958 (12.233, 1.28974)
    8367 (15.1446, 9.3995) -> 9917 (13.67, 9.19434)
    8368 (1.76133, 24.708) -> 969 (1.62892, 23.4062)
    8369 (14.5018, 7.63715) -> 9971 (14.1352, 7.80447)
    8370 (0.0121552, 14.9336) -> 0 (1, 15)
    8371 (7.58919, 0.863002) -> 6474 (6.98793, 2.17392)
    8372 (8.34412, 4.0274) -> 7061 (7.66747, 4.92222)
    8373 (10.2812, 3.9702) -> 9774 (9.36768, 5.09934)
    8374 (1.28154, 19.9849) -> 6322 (1.20338, 18.1642)
    8375 (21.0468, 14.4509) -> 332 (19.4557, 14.7382)
    8376 (2.6161, 20.6794) -> 7851 (2.25438, 18.9798)
    8377 (8.04939, 20.8089) -> 4332 (6.71631, 19.6449)
    8378 (6.8193, 1.91712) -> 6532 (6.02018, 3.5725)
    8379 (10.0933, 0.766178) -> 338 (9.71369, 1.30841)
    8380 (10.9972, 16.7403) -> 484 (9.43275, 16.4727)
    8381 (17.0035, 12.8511) -> 1193 (15.908, 12.1274)
    8382 (5.94817, 9.51674) -> 9149 (4.64678, 10.7309)
    8383 (24.6641, 24.2207) -> 8474 (23.3197, 23.6725)
    8384 (15.2483, 14.7871) -> 4670 (14.0795, 15.4993)
    8385 (22.2237, 13.0417) -> 9735 (20.9431, 12.625)
    8386 (24.5078, 18.6994) -> 8558 (22.9797, 18.4255)
    8387 (3.25148, 5.44241) -> 7678 (3.19757, 5.64976)
    8388 (23.7994, 9.87082) -> 2426 (22.33, 9.85113)
    8389 (21.389, 7.60808) -> 9374 (19.4251, 7.88789)
    8390 (3.321, 19.7595) -> 6901 (3.09187, 19.2614)
    8391 (0.920224, 19.7633) -> 9726 (0.928142, 18.8124)
    8392 (16.3491, 13.9789) -> 9873 (15.8458, 14.3698)
    8393 (21.8976, 12.8923) -> 8279 (20.2974, 12.3538)
    8394 (8.09802, 1.60057) -> 8100 (7.19136, 3.13104)
    8395 (22.4456, 18.1639) -> 9827 (21.5061, 18.0497)
    8396 (17.2918, 23.0688) -> 8492 (16.2673, 22.567)
    8397 (20.8443, 8.42564) -> 4862 (19.7756, 8.51606)
    8398 (7.12451, 1.93815) -> 6474 (6.98793, 2.17392)
    8399 (0.321412, 12.0496) -> 9675 (0.644633, 13.8867)
    8400 (4.70211, 20.1527) -> 7342 (4.18903, 19.5215)
    8401 (19.7517, 10.8064) -> 9721 (18.735, 10.5422)
    8402 (0.398872, 8.42746) -> 9127 (0.470318, 9.30001)
    8403 (15.2794, 9.54094) -> 4334 (14.7273, 9.53552)
    8404 (15.4288, 5.86399) -> 8172 (13.8188, 6.74127)
    8405 (14.2959, 22.6667) -> 5341 (13.7601, 22.3284)
    8406 (6.28917, 17.3137) -> 1437 (4.82214, 16.8365)
    8407 (5.99444, 1.33597) -> 9777 (5.41149, 3.11126)
    8408 (2.62922, 4.42397) -> 6938 (2.33206, 6.37249)
    8409 (11.2993, 4.3594) -> 6073 (10.0068, 5.60929)
    8410 (18.0665, 0.864512) -> 3910 (16.9369, 1.7394)
    8411 (24.9592, 20.5498) -> 8180 (24.6103, 20.4544)
    8412 (22.8488, 19.3157) -> 6883 (21.8541, 19.126)
    8413 (11.3279, 20.3734) -> 9368 (9.83986, 19.5783)
    8414 (5.86088, 5.47057) -> 5361 (5.22534, 6.60519)
    8415 (1.15847, 23.844) -> 5502 (1.11226, 22.5159)
    8416 (5.0072, 18.4966) -> 1138 (3.95245, 17.6226)
    8417 (6.89364, 20.8036) -> 9303 (5.47348, 19.4)
    8418 (19.257, 11.3752) -> 7928 (18.5003, 11.2039)
    8419 (13.0314, 9.9127) -> 1114 (11.572, 9.49554)
    8420 (20.5957, 6.68889) -> 172 (19.2928, 6.99985)
    8421 (17.8314, 8.6643) -> 8464 (16.6953, 8.76576)
    8422 (2.63869, 13.9248) -> 0 (1, 15)
    8423 (16.1432, 19.6753) -> 2266 (15.2928, 19.3902)
    8424 (8.18329, 16.6818) -> 3828 (6.6441, 16.2887)
    8425 (15.6769, 6.11338) -> 9350 (14.1199, 7.32928)
    8426 (14.3181, 11.2919) -> 9997 (13.1824, 10.13)
    8427 (4.41151, 14.0682) -> 2129 (3.24918, 14.4422)
    8428 (10.1954, 1.97585) -> 3211 (9.49693, 2.82199)
    8429 (5.19344, 21.6338) -> 5737 (4.866, 21.0928)
    8430 (24.3547, 16.8778) -> 7725 (23.2703, 16.8589)
    8431 (7.6153, 8.06585) -> 8257 (7.11929, 8.50944)
    8432 (3.3547, 22.9929) -> 357 (2.9221, 21.2442)
    8433 (1.4913, 0.613691) -> 320 (1.42005, 0.897795)
    8434 (9.84443, 9.19868) -> 8800 (8.26933, 10.2007)
    8435 (0.63676, 18.896) -> 3830 (0.683033, 18.1393)
    8436 (18.5144, 11.1578) -> 1396 (17.0721, 10.7937)
    8437 (0.341678, 13.6411) -> 0 (1, 15)
    8438 (20.9025, 16.7146) -> 8445 (19.5438, 16.689)
    8439 (18.7745, 15.7189) -> 9016 (16.8037, 15.8993)
    8440 (21.236, 21.736) -> 9633 (20.5522, 21.4835)
    8441 (11.7913, 0.953106) -> 5936 (10.9844, 2.10919)
    8442 (20.5623, 10.8779) -> 9721 (18.735, 10.5422)
    8443 (11.7921, 18.3719) -> 5784 (10.1322, 17.8547)
    8444 (24.7225, 21.345) -> 2621 (23.0964, 20.9061)
    8445 (19.5438, 16.689) -> 5342 (18.5557, 16.6407)
    8446 (8.39626, 9.32897) -> 229 (7.47448, 9.92604)
    8447 (14.633, 16.1354) -> 7697 (12.766, 16.4813)
    8448 (21.6052, 8.60618) -> 5967 (19.745, 8.76311)
    8449 (16.3774, 8.6965) -> 417 (15.7649, 8.76933)
    8450 (6.30455, 21.7722) -> 1999 (5.48639, 20.8253)
    8451 (15.3383, 15.6743) -> 2849 (14.9412, 15.756)
    8452 (19.1647, 17.6185) -> 7205 (17.4138, 17.3602)
    8453 (7.47171, 0.794466) -> 3674 (7.04541, 1.71002)
    8454 (6.95585, 13.0691) -> 3226 (5.75736, 12.9506)
    8455 (16.8212, 16.2947) -> 7587 (15.2396, 16.372)
    8456 (18.6169, 23.0676) -> 8894 (17.2298, 22.4393)
    8457 (21.4225, 3.81842) -> 9512 (20.0763, 4.48263)
    8458 (10.7055, 6.51764) -> 6568 (9.70531, 7.28334)
    8459 (15.2498, 7.9665) -> 6464 (14.426, 8.22946)
    8460 (5.89895, 22.8198) -> 8429 (5.19344, 21.6338)
    8461 (20.2082, 5.11628) -> 8199 (19.0368, 5.62571)
    8462 (10.9377, 0.119182) -> 9381 (10.4662, 0.71131)
    8463 (5.54577, 12.3807) -> 531 (4.44802, 12.6496)
    8464 (16.6953, 8.76576) -> 7946 (15.1194, 8.93858)
    8465 (3.6129, 0.231429) -> 4798 (3.26699, 2.16421)
    8466 (22.6639, 24.808) -> 8652 (22.057, 24.5825)
    8467 (4.129, 6.56318) -> 6107 (3.49791, 8.17574)
    8468 (22.0272, 1.78694) -> 3239 (20.7289, 2.52342)
    8469 (23.0793, 19.9029) -> 1233 (21.5237, 19.5652)
    8470 (13.1799, 4.77845) -> 642 (11.5834, 5.90875)
    8471 (6.51536, 15.528) -> 3279 (5.34172, 15.4237)
    8472 (12.3072, 24.799) -> 1343 (11.645, 24.2052)
    8473 (24.1236, 23.9059) -> 3406 (23.3991, 23.6555)
    8474 (23.3197, 23.6725) -> 7855 (21.9446, 23.1537)
    8475 (20.1265, 9.10308) -> 9628 (19.1541, 9.32834)
    8476 (7.62276, 14.2504) -> 1961 (5.86263, 14.5096)
    8477 (13.1157, 19.0547) -> 7245 (11.3327, 18.413)
    8478 (22.3509, 8.09976) -> 9713 (21.726, 8.19448)
    8479 (21.0773, 1.65724) -> 9605 (19.9262, 2.47994)
    8480 (17.8898, 2.22349) -> 9676 (16.5422, 3.20218)
    8481 (7.11653, 2.5665) -> 5305 (6.53093, 3.68558)
    8482 (16.862, 7.1175) -> 2650 (16.1229, 7.37009)
    8483 (21.821, 17.288) -> 177 (20.8879, 17.1695)
    8484 (21.8427, 20.7487) -> 4826 (20.6053, 20.3433)
    8485 (18.1007, 3.69764) -> 8581 (16.4694, 4.60315)
    8486 (19.6109, 4.84414) -> 8934 (17.8904, 5.61018)
    8487 (23.7034, 3.91694) -> 3680 (22.5867, 4.36913)
    8488 (1.1921, 1.89078) -> 6719 (1.15795, 3.42984)
    8489 (23.2916, 9.67687) -> 9476 (22.1436, 9.4897)
    8490 (9.54182, 6.73148) -> 7866 (8.55002, 7.56554)
    8491 (6.89917, 19.279) -> 2987 (5.95092, 18.6161)
    8492 (16.2673, 22.567) -> 4766 (14.9565, 21.9249)
    8493 (7.23796, 10.5869) -> 9745 (6.89998, 10.7252)
    8494 (3.71508, 11.6078) -> 1007 (2.36406, 12.9903)
    8495 (4.01653, 15.5198) -> 3840 (3.05888, 15.3261)
    8496 (23.1833, 1.1649) -> 8468 (22.0272, 1.78694)
    8497 (19.5517, 2.82028) -> 1956 (18.4364, 3.5177)
    8498 (9.49546, 0.221505) -> 571 (8.66509, 1.48866)
    8499 (2.31587, 3.09833) -> 6429 (2.12087, 4.57636)
    8500 (3.33852, 24.3757) -> 2653 (2.88681, 22.7157)
    8501 (4.0688, 3.02524) -> 6786 (3.66165, 4.74048)
    8502 (16.9332, 17.0782) -> 8813 (15.1833, 16.846)
    8503 (2.42865, 13.8882) -> 0 (1, 15)
    8504 (0.226425, 6.3518) -> 3911 (0.436678, 8.173)
    8505 (3.89424, 13.1498) -> 1750 (2.43742, 14.0995)
    8506 (11.9034, 8.84123) -> 6315 (10.2282, 9.4719)
    8507 (14.8212, 14.5248) -> 9969 (13.9617, 15.1456)
    8508 (1.70706, 14.7509) -> 0 (1, 15)
    8509 (3.1993, 16.7334) -> 8597 (2.17156, 15.9227)
    8510 (14.9454, 9.7617) -> 9630 (13.1817, 9.64995)
    8511 (13.7173, 17.7564) -> 7546 (12.8773, 17.5796)
    8512 (18.0748, 11.5402) -> 7065 (17.0002, 11.2645)
    8513 (12.0856, 21.6428) -> 3354 (10.9578, 21.0019)
    8514 (1.41406, 17.4039) -> 7751 (1.24194, 16.2216)
    8515 (2.13847, 18.208) -> 3560 (1.85763, 17.4244)
    8516 (8.84027, 8.18269) -> 9588 (8.15372, 8.7283)
    8517 (17.5101, 10.3474) -> 5501 (16.4813, 10.1761)
    8518 (9.66993, 3.65689) -> 9550 (9.26414, 4.12174)
    8519 (7.52796, 24.9548) -> 9116 (6.78389, 23.8491)
    8520 (2.27515, 2.34283) -> 6710 (2.14777, 4.0442)
    8521 (2.35585, 13.5621) -> 0 (1, 15)
    8522 (12.2165, 21.5661) -> 8970 (10.6397, 20.6614)
    8523 (9.92339, 8.54611) -> 8764 (8.79785, 9.33891)
    8524 (6.24703, 11.663) -> 9009 (5.75771, 11.9504)
    8525 (18.8925, 23.5021) -> 5198 (17.559, 22.7949)
    8526 (10.4462, 0.155162) -> 338 (9.71369, 1.30841)
    8527 (18.8984, 18.7259) -> 7201 (17.3258, 18.3906)
    8528 (11.6652, 4.2548) -> 3317 (11.088, 4.86401)
    8529 (4.59492, 20.4369) -> 9592 (3.57435, 18.7714)
    8530 (20.9386, 21.8644) -> 9947 (19.1228, 21.2879)
    8531 (15.85, 7.60354) -> 494 (14.1211, 8.16519)
    8532 (1.00225, 22.9604) -> 6136 (1.03974, 21.5265)
    8533 (10.2377, 8.13742) -> 1158 (9.84115, 8.37014)
    8534 (12.8694, 6.80369) -> 7639 (11.2756, 7.92766)
    8535 (15.4135, 6.37704) -> 9350 (14.1199, 7.32928)
    8536 (18.4948, 7.32883) -> 7660 (17.3162, 7.61701)
    8537 (5.83487, 7.31616) -> 1805 (5.27455, 8.17188)
    8538 (19.4642, 5.61092) -> 3655 (18.2708, 6.07086)
    8539 (11.4462, 5.00339) -> 8544 (10.6705, 5.70774)
    8540 (11.3897, 21.139) -> 7219 (10.4619, 20.5615)
    8541 (22.6351, 12.0149) -> 8102 (21.1335, 11.7303)
    8542 (5.80657, 13.648) -> 9768 (5.03116, 13.8931)
    8543 (16.3053, 23.2422) -> 6868 (16.1449, 23.132)
    8544 (10.6705, 5.70774) -> 6094 (9.83286, 6.41739)
    8545 (20.3247, 23.9144) -> 9144 (18.5449, 23.1749)
    8546 (23.7546, 5.93968) -> 6087 (22.5142, 6.17511)
    8547 (5.24947, 19.6035) -> 8634 (4.87088, 19.1965)
    8548 (1.36035, 17.3743) -> 9906 (1.04535, 15.5267)
    8549 (23.5193, 6.63916) -> 7192 (22.3247, 6.92218)
    8550 (6.92747, 9.00243) -> 8343 (5.52379, 10.2143)
    8551 (13.1165, 21.087) -> 1958 (12.0395, 20.5057)
    8552 (7.61194, 1.16227) -> 882 (6.726, 2.81332)
    8553 (24.075, 11.0214) -> 8212 (23.0447, 10.9207)
    8554 (0.326364, 13.7189) -> 0 (1, 15)
    8555 (4.0455, 18.3655) -> 1504 (2.88896, 17.0992)
    8556 (14.0868, 1.97829) -> 3629 (12.5776, 3.27146)
    8557 (24.1739, 21.5753) -> 4360 (22.2809, 20.9921)
    8558 (22.9797, 18.4255) -> 9643 (22.0006, 18.2906)
    8559 (18.0214, 23.6493) -> 9122 (17.4589, 23.4561)
    8560 (20.7622, 20.2647) -> 2110 (19.5563, 19.9475)
    8561 (11.6133, 1.6283) -> 3919 (10.6272, 2.77053)
    8562 (5.27087, 0.260489) -> 2034 (4.82942, 1.66628)
    8563 (21.9976, 9.71652) -> 2265 (21.7207, 9.71028)
    8564 (4.60512, 5.06135) -> 7842 (4.07881, 6.6113)
    8565 (19.3967, 12.6786) -> 5208 (18.3209, 12.2501)
    8566 (12.9768, 21.2255) -> 8413 (11.3279, 20.3734)
    8567 (8.83978, 21.7689) -> 2303 (8.52356, 21.4991)
    8568 (20.9673, 20.3616) -> 2110 (19.5563, 19.9475)
    8569 (7.05938, 19.8616) -> 1392 (5.64704, 18.697)
    8570 (0.387162, 24.3358) -> 1966 (0.513096, 22.8288)
    8571 (7.89421, 24.2807) -> 4778 (7.40055, 23.6565)
    8572 (11.3893, 4.09682) -> 1066 (10.5171, 4.91126)
    8573 (14.5679, 12.9591) -> 9292 (14.5335, 12.4527)
    8574 (22.4611, 1.29696) -> 2644 (21.7493, 1.79387)
    8575 (8.43822, 9.04785) -> 9450 (7.37252, 9.84391)
    8576 (3.05115, 21.2094) -> 2871 (2.43818, 19.3813)
    8577 (10.3805, 16.9321) -> 6825 (8.97145, 16.6401)
    8578 (4.7485, 15.1378) -> 579 (3.34842, 15.0874)
    8579 (5.15787, 0.986687) -> 5690 (5.02042, 1.36414)
    8580 (0.277089, 18.7755) -> 2363 (0.526883, 17.6437)
    8581 (16.4694, 4.60315) -> 679 (15.1185, 5.44684)
    8582 (20.4178, 22.7757) -> 4278 (19.2755, 22.2713)
    8583 (15.1623, 0.081244) -> 720 (14.3143, 0.913785)
    8584 (0.341443, 4.42038) -> 5925 (0.376151, 5.72795)
    8585 (16.2275, 10.7834) -> 5197 (14.4741, 10.3722)
    8586 (10.6495, 4.37694) -> 9296 (10.3226, 4.76584)
    8587 (18.8228, 6.64767) -> 5449 (17.7084, 7.0397)
    8588 (15.0113, 11.1038) -> 5122 (13.5741, 10.3929)
    8589 (22.207, 14.5023) -> 9397 (21.5862, 14.6277)
    8590 (21.5296, 0.341112) -> 2458 (20.881, 0.77627)
    8591 (24.4501, 6.65636) -> 1102 (22.6745, 6.96204)
    8592 (2.39592, 8.64582) -> 8136 (2.27755, 9.14894)
    8593 (6.81838, 12.4273) -> 9559 (5.54577, 12.7936)
    8594 (20.829, 9.78223) -> 8896 (19.4444, 9.71555)
    8595 (19.357, 7.70756) -> 9086 (17.9414, 7.96698)
    8596 (17.5855, 3.86598) -> 8581 (16.4694, 4.60315)
    8597 (2.17156, 15.9227) -> 0 (1, 15)
    8598 (18.7, 12.1475) -> 4529 (17.1742, 11.5499)
    8599 (13.7745, 15.8099) -> 9004 (12.8896, 16.187)
    8600 (12.5906, 20.5152) -> 397 (10.7797, 19.6998)
    8601 (6.2709, 3.83226) -> 3976 (5.57171, 5.18302)
    8602 (8.33949, 20.4102) -> 7667 (6.90614, 19.3562)
    8603 (20.2024, 19.1683) -> 4125 (18.6364, 18.8712)
    8604 (1.15192, 20.8797) -> 7948 (1.12901, 19.233)
    8605 (5.08673, 13.6278) -> 2762 (3.67958, 14.0579)
    8606 (24.8919, 4.79044) -> 9503 (22.982, 5.3396)
    8607 (23.3093, 24.3252) -> 5504 (21.5362, 23.6351)
    8608 (10.6367, 17.0092) -> 9000 (9.45866, 16.796)
    8609 (14.4533, 9.6879) -> 9630 (13.1817, 9.64995)
    8610 (13.3234, 4.04314) -> 6632 (11.9982, 5.29803)
    8611 (23.5768, 14.2734) -> 9822 (21.7545, 13.5506)
    8612 (18.4451, 16.4486) -> 9610 (16.8516, 16.4784)
    8613 (12.758, 20.6163) -> 8600 (12.5906, 20.5152)
    8614 (11.1885, 17.5627) -> 530 (9.94737, 17.2438)
    8615 (7.64947, 0.551583) -> 4645 (7.15813, 1.55922)
    8616 (21.7055, 11.176) -> 8401 (19.7517, 10.8064)
    8617 (20.9841, 7.57842) -> 6109 (19.2604, 7.91222)
    8618 (1.15882, 14.6717) -> 0 (1, 15)
    8619 (19.4277, 16.6985) -> 5342 (18.5557, 16.6407)
    8620 (22.2269, 9.71086) -> 9385 (21.2947, 9.38034)
    8621 (4.94214, 17.0282) -> 1084 (4.34434, 16.729)
    8622 (18.0185, 9.57597) -> 8890 (16.083, 9.54988)
    8623 (23.1989, 23.284) -> 1610 (21.7744, 22.8162)
    8624 (5.88701, 18.8039) -> 7242 (4.36966, 17.647)
    8625 (7.65298, 11.4683) -> 6626 (6.80661, 11.898)
    8626 (13.1916, 24.7817) -> 2953 (12.0469, 23.9442)
    8627 (10.9302, 0.393525) -> 1074 (10.3795, 1.11875)
    8628 (23.0956, 20.1623) -> 6226 (21.4816, 19.7365)
    8629 (1.83648, 5.11995) -> 9763 (1.71821, 5.91332)
    8630 (4.70945, 1.85986) -> 315 (4.57973, 2.42383)
    8631 (7.58414, 14.8792) -> 3474 (5.94049, 14.9956)
    8632 (22.2866, 9.13072) -> 9293 (21.2272, 9.17069)
    8633 (3.75098, 7.51515) -> 6107 (3.49791, 8.17574)
    8634 (4.87088, 19.1965) -> 8009 (3.86004, 18.0998)
    8635 (14.8861, 18.819) -> 9678 (13.6635, 18.524)
    8636 (0.751485, 17.8523) -> 8360 (0.869356, 16.194)
    8637 (19.3085, 23.0619) -> 35 (18.1347, 22.5598)
    8638 (9.43139, 20.3611) -> 7243 (8.57536, 19.8138)
    8639 (14.0727, 11.287) -> 5122 (13.5741, 10.3929)
    8640 (9.38378, 6.1053) -> 9231 (8.34362, 7.09815)
    8641 (7.95993, 8.29281) -> 8672 (7.00014, 9.20182)
    8642 (23.642, 11.7505) -> 296 (21.9778, 11.4368)
    8643 (4.27509, 5.19952) -> 9674 (4.09943, 5.69824)
    8644 (1.83233, 3.61702) -> 3127 (1.67215, 4.95615)
    8645 (16.9357, 22.6721) -> 7912 (15.5688, 21.9868)
    8646 (1.28994, 7.30035) -> 8049 (1.25118, 8.81352)
    8647 (18.0526, 22.587) -> 4150 (16.3137, 21.8269)
    8648 (10.6159, 16.8888) -> 9846 (8.99628, 16.6158)
    8649 (11.4134, 21.5626) -> 4184 (10.2166, 20.8625)
    8650 (8.17258, 1.58204) -> 8100 (7.19136, 3.13104)
    8651 (18.0708, 24.2288) -> 608 (16.6122, 23.3801)
    8652 (22.057, 24.5825) -> 5687 (20.2794, 23.8382)
    8653 (13.384, 16.8064) -> 3598 (13.137, 16.787)
    8654 (15.7841, 7.89429) -> 6464 (14.426, 8.22946)
    8655 (8.53165, 24.613) -> 9708 (7.43023, 23.1999)
    8656 (5.95345, 11.8758) -> 9349 (5.28373, 12.2513)
    8657 (6.41055, 19.7339) -> 8416 (5.0072, 18.4966)
    8658 (4.59136, 9.06612) -> 9621 (3.61537, 10.5385)
    8659 (6.41666, 16.5041) -> 596 (5.06821, 16.1056)
    8660 (20.6108, 1.11482) -> 8789 (19.8812, 1.59979)
    8661 (1.29876, 24.1159) -> 4276 (1.23501, 22.93)
    8662 (1.64641, 0.0322746) -> 9684 (1.57292, 0.71183)
    8663 (3.4832, 14.1123) -> 8508 (1.70706, 14.7509)
    8664 (24.7704, 15.4481) -> 6834 (23.4762, 15.5387)
    8665 (2.49337, 1.36653) -> 9270 (2.40503, 2.06441)
    8666 (5.0795, 8.90831) -> 1145 (4.02977, 10.3503)
    8667 (22.173, 16.4458) -> 8848 (21.5013, 16.4412)
    8668 (22.1081, 14.4924) -> 9397 (21.5862, 14.6277)
    8669 (19.9099, 9.83575) -> 9032 (19.3693, 9.8313)
    8670 (14.5488, 0.0711662) -> 9609 (14.1843, 0.467957)
    8671 (5.97507, 8.98641) -> 6629 (4.98725, 10.103)
    8672 (7.00014, 9.20182) -> 1419 (5.55317, 10.511)
    8673 (4.37672, 21.1046) -> 3283 (3.60751, 19.6754)
    8674 (20.2479, 18.9629) -> 1348 (18.5768, 18.617)
    8675 (7.3324, 22.9613) -> 8450 (6.30455, 21.7722)
    8676 (1.9157, 10.6719) -> 9500 (1.828, 11.2447)
    8677 (24.4174, 8.52773) -> 1991 (22.5874, 8.71023)
    8678 (2.20932, 22.4351) -> 8779 (1.91619, 20.5196)
    8679 (18.9668, 13.5784) -> 9380 (17.2845, 14.2102)
    8680 (12.2149, 8.62361) -> 2552 (10.6403, 9.26982)
    8681 (4.04848, 11.634) -> 4540 (3.03972, 12.43)
    8682 (11.6408, 2.51934) -> 1098 (10.4204, 3.91145)
    8683 (5.10327, 22.1401) -> 9238 (4.67458, 21.3525)
    8684 (20.5898, 7.77382) -> 8068 (19.1257, 7.9931)
    8685 (3.62909, 5.73588) -> 1417 (3.11386, 7.3034)
    8686 (0.221414, 9.08289) -> 2057 (0.423195, 10.2854)
    8687 (8.51586, 2.93785) -> 6600 (7.95454, 3.74784)
    8688 (4.45845, 13.5838) -> 8084 (2.7065, 14.321)
    8689 (0.987979, 13.2063) -> 0 (1, 15)
    8690 (14.2919, 5.3375) -> 2860 (12.9971, 6.33131)
    8691 (18.0794, 21.0775) -> 6823 (17.2481, 20.7907)
    8692 (16.3726, 7.10858) -> 351 (15.6909, 7.3536)
    8693 (16.3756, 2.21671) -> 3646 (15.5377, 2.86459)
    8694 (22.5657, 20.9368) -> 9845 (21.893, 20.7859)
    8695 (3.97231, 22.0863) -> 9075 (3.20981, 20.5782)
    8696 (10.8666, 7.13173) -> 2690 (9.41207, 8.27239)
    8697 (9.59498, 19.3689) -> 6157 (8.31506, 18.7527)
    8698 (19.6556, 2.89464) -> 5874 (18.0098, 3.90328)
    8699 (6.26716, 22.7042) -> 9770 (5.41289, 21.442)
    8700 (14.2125, 5.39717) -> 2860 (12.9971, 6.33131)
    8701 (15.8865, 1.78885) -> 9062 (14.7631, 2.79772)
    8702 (21.6589, 18.801) -> 6178 (20.3225, 18.4822)
    8703 (3.15325, 10.4183) -> 4585 (2.56515, 11.6104)
    8704 (11.7692, 1.94376) -> 8026 (10.7031, 3.28274)
    8705 (18.3739, 8.16582) -> 735 (16.6977, 8.47312)
    8706 (24.4277, 5.29517) -> 9470 (23.6181, 5.57284)
    8707 (15.2188, 22.3108) -> 4232 (14.2968, 21.8577)
    8708 (20.1987, 19.9096) -> 734 (18.3921, 19.4139)
    8709 (10.8647, 9.49843) -> 1524 (10.1444, 9.51736)
    8710 (3.90837, 0.898785) -> 1704 (3.48012, 2.79187)
    8711 (8.29261, 4.78245) -> 9341 (7.39689, 6.0711)
    8712 (15.2086, 13.9415) -> 9969 (13.9617, 15.1456)
    8713 (21.6869, 12.5083) -> 7990 (19.9544, 11.9549)
    8714 (5.44313, 15.8411) -> 8495 (4.01653, 15.5198)
    8715 (1.18272, 5.9305) -> 6482 (1.22524, 6.98116)
    8716 (2.37329, 22.2738) -> 1951 (2.0183, 20.3335)
    8717 (7.11234, 18.1094) -> 683 (5.70761, 17.3944)
    8718 (9.50802, 2.05754) -> 7227 (9.04515, 2.73025)
    8719 (21.2036, 17.7182) -> 2518 (19.9372, 17.581)
    8720 (3.24592, 17.4876) -> 1504 (2.88896, 17.0992)
    8721 (0.140196, 1.46897) -> 5456 (0.189583, 3.04615)
    8722 (5.58592, 14.0674) -> 6366 (3.7184, 14.4315)
    8723 (19.1439, 17.356) -> 4846 (18.3225, 17.3093)
    8724 (12.0704, 18.0743) -> 7910 (11.5081, 17.9205)
    8725 (22.0174, 11.6161) -> 9642 (20.8009, 11.3919)
    8726 (14.628, 8.63255) -> 8961 (13.6805, 8.75558)
    8727 (24.5431, 16.0903) -> 7329 (23.4835, 16.0089)
    8728 (20.0693, 19.4358) -> 1376 (18.4902, 19.0368)
    8729 (14.4476, 3.70013) -> 3619 (12.9004, 4.9113)
    8730 (9.59908, 3.05577) -> 5621 (9.10854, 3.69197)
    8731 (11.7971, 1.92046) -> 8026 (10.7031, 3.28274)
    8732 (19.0444, 17.7142) -> 6288 (17.9906, 17.5788)
    8733 (22.1325, 0.970164) -> 8479 (21.0773, 1.65724)
    8734 (19.0384, 24.312) -> 2218 (17.5745, 23.5836)
    8735 (19.4061, 5.86299) -> 6670 (18.0526, 6.40068)
    8736 (20.2987, 24.5859) -> 744 (18.9397, 23.9231)
    8737 (11.995, 19.8621) -> 7777 (10.2552, 19.0444)
    8738 (17.5539, 2.15932) -> 284 (16.5192, 2.98256)
    8739 (1.30001, 11.5916) -> 408 (1.29494, 11.9726)
    8740 (12.9711, 24.846) -> 7211 (11.5186, 23.541)
    8741 (8.96537, 8.01199) -> 9959 (8.34692, 8.45604)
    8742 (7.6336, 17.5649) -> 8125 (6.80963, 17.232)
    8743 (15.2659, 23.7762) -> 7437 (13.6217, 22.6811)
    8744 (21.2608, 19.6326) -> 9249 (19.4419, 19.2134)
    8745 (16.8872, 18.0479) -> 6601 (15.1181, 17.704)
    8746 (4.83564, 9.36272) -> 1145 (4.02977, 10.3503)
    8747 (7.10975, 20.874) -> 1889 (5.7689, 19.5327)
    8748 (17.9184, 10.9342) -> 4094 (15.989, 10.573)
    8749 (1.64551, 23.4187) -> 3107 (1.41821, 21.4554)
    8750 (24.7055, 2.29831) -> 2376 (24.4042, 2.38656)
    8751 (16.6121, 13.5225) -> 4493 (15.1103, 14.4776)
    8752 (21.5424, 0.618892) -> 9036 (20.9908, 1.01127)
    8753 (24.0976, 8.5964) -> 9467 (22.5998, 8.73429)
    8754 (23.7427, 18.9256) -> 8054 (22.5632, 18.677)
    8755 (18.4578, 1.57281) -> 1850 (16.9233, 2.72315)
    8756 (2.51037, 6.54771) -> 6525 (2.10735, 8.45847)
    8757 (15.934, 16.2793) -> 1342 (14.1132, 16.4031)
    8758 (22.3978, 5.67773) -> 3740 (20.6351, 6.17135)
    8759 (19.5173, 5.56659) -> 3655 (18.2708, 6.07086)
    8760 (4.97769, 6.96995) -> 806 (4.61921, 7.72704)
    8761 (19.8957, 8.46486) -> 9093 (18.4981, 8.54514)
    8762 (1.90727, 6.75312) -> 8824 (1.85015, 7.13442)
    8763 (21.3726, 18.8043) -> 6197 (19.5199, 18.3233)
    8764 (8.79785, 9.33891) -> 9844 (7.80261, 10.0675)
    8765 (13.3401, 18.0445) -> 7515 (12.6354, 17.8894)
    8766 (8.2475, 9.9174) -> 9745 (6.89998, 10.7252)
    8767 (14.4658, 20.8536) -> 8034 (13.3927, 20.3604)
    8768 (24.7749, 0.1167) -> 6820 (23.1763, 1.1282)
    8769 (0.520195, 4.52823) -> 3779 (0.54759, 5.66286)
    8770 (5.16678, 18.8013) -> 2261 (4.07501, 17.7824)
    8771 (13.9559, 16.147) -> 7633 (12.8131, 16.2816)
    8772 (23.0344, 12.0124) -> 7149 (21.5466, 11.7868)
    8773 (12.6783, 2.1472) -> 1118 (11.8614, 3.01275)
    8774 (0.42124, 2.69181) -> 9017 (0.49029, 3.86821)
    8775 (2.2281, 9.80136) -> 9500 (1.828, 11.2447)
    8776 (13.9187, 9.58719) -> 9630 (13.1817, 9.64995)
    8777 (18.8135, 9.57341) -> 6824 (16.9852, 9.53023)
    8778 (6.09757, 4.21064) -> 3976 (5.57171, 5.18302)
    8779 (1.91619, 20.5196) -> 7606 (1.63493, 18.7967)
    8780 (5.1963, 12.7213) -> 6415 (3.34465, 13.0199)
    8781 (24.8406, 4.88481) -> 3431 (23.6685, 5.28009)
    8782 (12.302, 18.3042) -> 5765 (10.4838, 17.7236)
    8783 (9.14599, 2.67188) -> 606 (8.55964, 3.51131)
    8784 (18.534, 6.5823) -> 8482 (16.862, 7.1175)
    8785 (4.08597, 22.5605) -> 8044 (3.40378, 20.9904)
    8786 (14.386, 5.75713) -> 9904 (12.7544, 6.72165)
    8787 (7.71081, 23.1661) -> 3918 (6.51169, 21.6781)
    8788 (15.7235, 18.034) -> 8281 (14.1637, 17.7565)
    8789 (19.8812, 1.59979) -> 9424 (18.3398, 2.61027)
    8790 (4.40716, 21.1164) -> 3283 (3.60751, 19.6754)
    8791 (24.1173, 5.14793) -> 8758 (22.3978, 5.67773)
    8792 (18.3344, 11.2943) -> 1087 (17.1507, 11.0187)
    8793 (9.4844, 19.1819) -> 9836 (8.99679, 18.9492)
    8794 (5.7425, 23.4302) -> 7151 (4.97652, 22.0115)
    8795 (6.00075, 23.6216) -> 6411 (4.98288, 21.9083)
    8796 (5.22384, 2.97028) -> 1494 (4.66568, 4.5345)
    8797 (6.40685, 23.5172) -> 4348 (5.46486, 22.053)
    8798 (15.7883, 4.31929) -> 8700 (14.2125, 5.39717)
    8799 (14.1576, 4.72323) -> 6935 (12.6121, 5.87549)
    8800 (8.26933, 10.2007) -> 991 (7.95942, 10.386)
    8801 (15.8158, 4.08605) -> 9715 (15.1895, 4.62542)
    8802 (0.1786, 0.636452) -> 2304 (0.307385, 2.28754)
    8803 (15.917, 20.5342) -> 944 (15.6366, 20.4576)
    8804 (18.2763, 20.9135) -> 4714 (16.7468, 20.4528)
    8805 (18.7979, 21.1434) -> 5565 (17.0094, 20.543)
    8806 (3.89526, 21.9563) -> 8044 (3.40378, 20.9904)
    8807 (12.9457, 2.85262) -> 5434 (11.6229, 4.04994)
    8808 (17.0227, 16.7734) -> 7528 (15.3527, 16.6707)
    8809 (5.74088, 2.87491) -> 7277 (5.33795, 3.90382)
    8810 (5.01116, 0.374051) -> 1453 (4.70792, 1.33854)
    8811 (19.4049, 7.3641) -> 7072 (17.9102, 7.69116)
    8812 (10.4571, 4.41967) -> 9740 (10.307, 4.55598)
    8813 (15.1833, 16.846) -> 6357 (14.462, 16.7668)
    8814 (5.52591, 5.94953) -> 806 (4.61921, 7.72704)
    8815 (4.85597, 1.54153) -> 4369 (4.42, 3.04887)
    8816 (8.70615, 23.8284) -> 7592 (7.46855, 22.2626)
    8817 (13.7877, 17.7588) -> 3213 (12.4828, 17.487)
    8818 (15.3583, 16.5414) -> 2067 (14.2957, 16.5473)
    8819 (20.7915, 18.2135) -> 8210 (18.8938, 17.8422)
    8820 (16.6277, 6.23387) -> 9239 (15.5886, 6.72574)
    8821 (5.85895, 19.8018) -> 9799 (4.58069, 18.5724)
    8822 (22.1265, 24.6244) -> 7995 (20.4417, 23.904)
    8823 (7.16268, 5.40152) -> 5772 (6.06765, 7.03787)
    8824 (1.85015, 7.13442) -> 3519 (1.64248, 8.9417)
    8825 (7.39116, 2.92699) -> 6770 (6.6565, 4.42304)
    8826 (24.4526, 11.2118) -> 6540 (22.9327, 10.9624)
    8827 (8.18788, 3.0094) -> 9966 (7.23145, 4.62212)
    8828 (23.1603, 23.8595) -> 9709 (21.6456, 23.3157)
    8829 (2.45403, 10.671) -> 9324 (2.06046, 11.6223)
    8830 (18.8807, 12.0043) -> 221 (17.6105, 11.4882)
    8831 (19.934, 19.0848) -> 7862 (19.1423, 18.9323)
    8832 (15.2734, 6.4626) -> 9350 (14.1199, 7.32928)
    8833 (11.1142, 1.01901) -> 2656 (10.4226, 1.93347)
    8834 (11.3241, 7.60392) -> 6567 (10.3723, 8.25644)
    8835 (1.75142, 22.2042) -> 6019 (1.56819, 21.0229)
    8836 (11.3332, 17.7452) -> 9150 (9.83229, 17.324)
    8837 (14.0916, 22.3694) -> 201 (12.4243, 21.4725)
    8838 (13.1746, 17.6186) -> 3213 (12.4828, 17.487)
    8839 (19.1842, 17.2908) -> 6052 (18.8943, 17.2214)
    8840 (20.2897, 12.55) -> 6779 (18.7742, 12.0655)
    8841 (9.09396, 22.3696) -> 7496 (8.4617, 21.6751)
    8842 (24.4214, 4.57713) -> 2730 (22.5928, 5.21128)
    8843 (22.3274, 5.71612) -> 3740 (20.6351, 6.17135)
    8844 (23.3179, 12.7021) -> 6928 (21.5196, 12.3032)
    8845 (24.8706, 24.7131) -> 5608 (23.2712, 24.0309)
    8846 (11.5274, 22.9372) -> 8916 (10.4236, 22.108)
    8847 (7.67576, 24.9412) -> 9977 (7.06365, 24)
    8848 (21.5013, 16.4412) -> 5956 (20.0189, 16.5091)
    8849 (2.67878, 6.65375) -> 6331 (2.30573, 8.35891)
    8850 (10.8257, 1.25575) -> 1778 (10.127, 2.22937)
    8851 (21.7963, 15.4842) -> 1154 (21.4118, 15.5122)
    8852 (1.72563, 19.5533) -> 2666 (1.62462, 18.8677)
    8853 (12.5828, 4.14392) -> 4144 (12.2659, 4.51821)
    8854 (2.23314, 6.43854) -> 2435 (2.09704, 7.33676)
    8855 (13.1029, 2.72621) -> 2695 (12.0382, 3.71019)
    8856 (24.9793, 17.7717) -> 6307 (23.6547, 17.6488)
    8857 (19.1582, 23.1234) -> 6387 (17.4343, 22.4179)
    8858 (15.4151, 7.7626) -> 494 (14.1211, 8.16519)
    8859 (23.5084, 8.59401) -> 1991 (22.5874, 8.71023)
    8860 (10.6251, 23.9413) -> 3033 (9.55715, 23.0239)
    8861 (17.9555, 5.38712) -> 7913 (16.3221, 6.24525)
    8862 (8.65807, 21.9711) -> 9677 (7.572, 20.9135)
    8863 (4.63907, 22.3752) -> 5024 (3.95816, 21.1004)
    8864 (6.99989, 22.0167) -> 7636 (5.79561, 20.7291)
    8865 (6.72216, 12.0489) -> 620 (5.17095, 12.5114)
    8866 (10.1831, 0.786829) -> 3256 (9.21325, 2.29722)
    8867 (0.805791, 1.99301) -> 9613 (0.848549, 2.94403)
    8868 (20.3589, 3.21888) -> 7228 (19.2779, 3.85346)
    8869 (3.93509, 22.1236) -> 8044 (3.40378, 20.9904)
    8870 (6.41115, 1.27981) -> 9961 (6.08851, 2.0701)
    8871 (7.5968, 22.7893) -> 907 (6.51429, 21.5548)
    8872 (19.6034, 4.24594) -> 7856 (18.0158, 5.09262)
    8873 (16.8377, 3.81738) -> 2693 (15.4906, 4.92121)
    8874 (17.3877, 0.3758) -> 5585 (16.0784, 1.48814)
    8875 (7.8425, 16.4965) -> 4989 (6.19995, 16.0928)
    8876 (13.8748, 18.6855) -> 352 (12.5817, 18.3661)
    8877 (16.7785, 1.05376) -> 670 (15.4125, 2.18273)
    8878 (23.3522, 18.4111) -> 9827 (21.5061, 18.0497)
    8879 (21.8337, 14.9224) -> 5021 (20.8625, 15.0747)
    8880 (17.4085, 17.6963) -> 5239 (16.6984, 17.551)
    8881 (15.4726, 5.13429) -> 8786 (14.386, 5.75713)
    8882 (22.1933, 9.63958) -> 9385 (21.2947, 9.38034)
    8883 (18.3706, 3.8419) -> 5477 (16.8869, 4.71896)
    8884 (2.49619, 0.393009) -> 8520 (2.27515, 2.34283)
    8885 (7.60848, 20.8648) -> 9590 (6.67299, 20.0257)
    8886 (10.7924, 5.66906) -> 6010 (9.73932, 6.77636)
    8887 (20.7622, 3.61259) -> 8872 (19.6034, 4.24594)
    8888 (13.3395, 10.3323) -> 9997 (13.1824, 10.13)
    8889 (7.07909, 20.6181) -> 4039 (6.52947, 20.0954)
    8890 (16.083, 9.54988) -> 5444 (14.4479, 9.49511)
    8891 (16.1693, 17.8406) -> 23 (14.5077, 17.4396)
    8892 (5.44855, 10.9015) -> 6708 (4.74504, 11.3665)
    8893 (23.1267, 20.2773) -> 5542 (22.1855, 20.1328)
    8894 (17.2298, 22.4393) -> 28 (16.2136, 22.0038)
    8895 (13.9678, 15.3699) -> 9004 (12.8896, 16.187)
    8896 (19.4444, 9.71555) -> 751 (18.4048, 9.69509)
    8897 (1.56247, 11.3826) -> 5681 (1.31022, 12.4788)
    8898 (20.5922, 8.53746) -> 51 (18.7098, 8.73483)
    8899 (23.7647, 3.43363) -> 3301 (23.3828, 3.605)
    8900 (1.97124, 9.80797) -> 4905 (1.57854, 11.475)
    8901 (15.969, 11.8778) -> 9537 (14.2943, 10.8857)
    8902 (8.55213, 22.4671) -> 6974 (7.43154, 21.2836)
    8903 (4.8628, 12.0697) -> 8991 (3.90597, 12.4922)
    8904 (13.0166, 18.7509) -> 8443 (11.7921, 18.3719)
    8905 (16.6237, 11.1916) -> 6726 (15.4055, 10.8081)
    8906 (15.1394, 21.3457) -> 7172 (13.6594, 20.7803)
    8907 (1.24448, 4.34659) -> 1564 (1.23705, 4.98981)
    8908 (11.9113, 0.0555983) -> 82 (10.7075, 1.58482)
    8909 (12.9715, 7.1848) -> 1523 (11.3202, 8.17752)
    8910 (6.9416, 17.9444) -> 7559 (5.39754, 17.229)
    8911 (16.2665, 7.28305) -> 7981 (14.6682, 7.86257)
    8912 (19.6966, 10.246) -> 972 (18.861, 10.1771)
    8913 (12.7743, 20.0007) -> 8141 (11.2456, 19.2676)
    8914 (19.25, 20.5457) -> 9406 (17.7091, 20.1008)
    8915 (12.6724, 5.67617) -> 6944 (11.6963, 6.34996)
    8916 (10.4236, 22.108) -> 7649 (9.45379, 21.2831)
    8917 (7.43153, 23.6645) -> 9711 (6.75249, 22.7009)
    8918 (14.7292, 12.2999) -> 8639 (14.0727, 11.287)
    8919 (17.8331, 2.45828) -> 9676 (16.5422, 3.20218)
    8920 (24.0798, 11.225) -> 6540 (22.9327, 10.9624)
    8921 (21.8306, 20.7912) -> 7113 (20.9719, 20.5899)
    8922 (24.9663, 5.80646) -> 6683 (23.3361, 6.13918)
    8923 (16.5155, 20.6628) -> 4858 (15.3506, 20.2181)
    8924 (22.8443, 5.09083) -> 5950 (21.9056, 5.45391)
    8925 (10.1432, 17.3527) -> 9274 (9.2231, 17.1423)
    8926 (10.2122, 6.02411) -> 1500 (8.8434, 7.26493)
    8927 (10.2505, 16.9196) -> 6825 (8.97145, 16.6401)
    8928 (16.597, 13.7822) -> 9873 (15.8458, 14.3698)
    8929 (0.0253937, 23.9159) -> 9756 (0.174659, 22.7285)
    8930 (15.907, 21.6671) -> 9025 (14.6912, 21.1787)
    8931 (20.0454, 14.1361) -> 9703 (18.1418, 14.662)
    8932 (21.6255, 8.60688) -> 5967 (19.745, 8.76311)
    8933 (6.81627, 24.1268) -> 598 (5.98824, 22.8521)
    8934 (17.8904, 5.61018) -> 9771 (17.2623, 5.90655)
    8935 (4.85755, 12.9074) -> 6133 (3.9231, 13.0094)
    8936 (1.7649, 0.544732) -> 861 (1.71119, 2.48195)
    8937 (16.5949, 12.374) -> 8901 (15.969, 11.8778)
    8938 (24.9869, 15.6721) -> 9278 (23.2483, 15.8109)
    8939 (21.5114, 16.1457) -> 1696 (20.1009, 16.1702)
    8940 (5.7056, 13.3463) -> 443 (5.34959, 13.4468)
    8941 (21.2566, 15.9803) -> 5250 (20.5448, 16.0054)
    8942 (23.3707, 2.04278) -> 6390 (21.8589, 2.82274)
    8943 (3.58139, 1.38129) -> 2737 (3.28059, 3.20044)
    8944 (20.115, 8.46173) -> 4862 (19.7756, 8.51606)
    8945 (14.1428, 16.0978) -> 7633 (12.8131, 16.2816)
    8946 (20.7791, 22.1905) -> 6765 (19.8636, 21.8418)
    8947 (13.6527, 17.246) -> 2040 (11.9227, 16.9511)
    8948 (13.6241, 20.3155) -> 4833 (11.9898, 19.6353)
    8949 (24.081, 23.1397) -> 4398 (22.4393, 22.615)
    8950 (18.4829, 6.70677) -> 6325 (16.93, 7.20537)
    8951 (22.1786, 4.99829) -> 6617 (20.7948, 5.50483)
    8952 (15.8668, 20.9084) -> 934 (14.0871, 20.204)
    8953 (23.6805, 17.6938) -> 8040 (21.9287, 17.4998)
    8954 (22.4195, 11.4505) -> 9642 (20.8009, 11.3919)
    8955 (18.8999, 15.9065) -> 1789 (17.9129, 15.9941)
    8956 (20.069, 21.405) -> 1092 (18.5072, 20.8605)
    8957 (21.665, 9.1004) -> 9995 (21.3788, 9.07512)
    8958 (6.3999, 2.25889) -> 5626 (5.94119, 3.39331)
    8959 (24.7379, 18.3565) -> 4124 (24.2559, 18.3186)
    8960 (13.3807, 19.8138) -> 5783 (11.9003, 19.2871)
    8961 (13.6805, 8.75558) -> 382 (11.7561, 9.17854)
    8962 (13.4179, 17.5152) -> 9841 (12.5866, 17.4042)
    8963 (5.60384, 0.675096) -> 1277 (5.32236, 1.57832)
    8964 (9.81895, 3.39405) -> 9550 (9.26414, 4.12174)
    8965 (17.8326, 7.97127) -> 4231 (16.4651, 8.24485)
    8966 (4.68122, 6.4801) -> 1989 (3.87028, 8.23459)
    8967 (1.02731, 13.0207) -> 0 (1, 15)
    8968 (21.7488, 23.0093) -> 4810 (20.3299, 22.4773)
    8969 (5.83709, 19.0824) -> 9206 (5.34221, 18.6932)
    8970 (10.6397, 20.6614) -> 7219 (10.4619, 20.5615)
    8971 (17.1286, 14.0436) -> 3005 (15.3629, 14.9535)
    8972 (22.8935, 4.74911) -> 8951 (22.1786, 4.99829)
    8973 (3.95086, 10.7111) -> 8150 (3.30677, 11.4065)
    8974 (24.0988, 16.4001) -> 4229 (23.2816, 16.4017)
    8975 (0.431937, 0.522065) -> 2206 (0.465878, 1.47614)
    8976 (11.3688, 21.3463) -> 5828 (9.7158, 20.3733)
    8977 (6.22232, 14.276) -> 441 (4.5395, 14.5178)
    8978 (11.0601, 20.999) -> 7016 (9.60896, 20.2042)
    8979 (5.14097, 14.5961) -> 9808 (4.8442, 14.6092)
    8980 (15.7172, 5.01502) -> 9534 (14.0944, 6.14217)
    8981 (17.2973, 8.28746) -> 6951 (15.5179, 8.5811)
    8982 (12.267, 19.0836) -> 7139 (10.4308, 18.4599)
    8983 (5.78875, 21.4957) -> 6657 (5.09072, 20.5206)
    8984 (9.58127, 19.7278) -> 6092 (8.74974, 19.2855)
    8985 (16.9177, 0.0683078) -> 5745 (15.4927, 1.33162)
    8986 (24.9431, 16.9537) -> 7725 (23.2703, 16.8589)
    8987 (10.0155, 6.84906) -> 4284 (8.9949, 7.69847)
    8988 (24.7837, 7.66289) -> 3342 (23.2754, 7.81659)
    8989 (22.3211, 11.8518) -> 6176 (22.0426, 11.785)
    8990 (22.4837, 11.558) -> 9642 (20.8009, 11.3919)
    8991 (3.90597, 12.4922) -> 5201 (2.5595, 13.1749)
    8992 (24.3533, 18.2686) -> 3025 (23.4729, 18.1261)
    8993 (21.8832, 7.60706) -> 1996 (20.9002, 7.75045)
    8994 (16.3027, 18.2275) -> 7613 (15.3547, 18.0835)
    8995 (6.06261, 14.6912) -> 9856 (4.68827, 14.8091)
    8996 (1.22066, 18.2602) -> 2133 (1.07799, 16.4523)
    8997 (2.33603, 23.0911) -> 8678 (2.20932, 22.4351)
    8998 (6.90774, 3.46593) -> 7060 (6.55119, 4.14035)
    8999 (1.66084, 2.68355) -> 5298 (1.62646, 4.20793)
    9000 (9.45866, 16.796) -> 4440 (8.05367, 16.4996)
    9001 (10.8539, 7.98093) -> 3501 (9.6149, 8.80453)
    9002 (13.8113, 3.99224) -> 5541 (12.2937, 5.22085)
    9003 (19.6217, 1.82665) -> 7158 (18.6984, 2.4353)
    9004 (12.8896, 16.187) -> 4068 (11.1742, 16.5811)
    9005 (0.94754, 16.4803) -> 0 (1, 15)
    9006 (4.61664, 20.5255) -> 7484 (3.82008, 19.4358)
    9007 (1.25501, 6.74341) -> 8646 (1.28994, 7.30035)
    9008 (18.6223, 1.39117) -> 811 (17.1782, 2.49119)
    9009 (5.75771, 11.9504) -> 2313 (4.38876, 12.5396)
    9010 (14.5128, 8.68862) -> 3385 (13.5455, 8.92242)
    9011 (19.0137, 0.481439) -> 6493 (18.8372, 0.631623)
    9012 (14.4467, 0.412664) -> 9311 (13.6835, 1.22774)
    9013 (10.5348, 2.48756) -> 9991 (10.4583, 2.59481)
    9014 (7.5716, 11.9093) -> 3369 (6.53038, 12.1629)
    9015 (13.9271, 23.2115) -> 554 (12.4392, 22.2731)
    9016 (16.8037, 15.8993) -> 701 (16.4269, 15.956)
    9017 (0.49029, 3.86821) -> 3779 (0.54759, 5.66286)
    9018 (9.58356, 7.78579) -> 9588 (8.15372, 8.7283)
    9019 (7.74784, 19.9856) -> 7667 (6.90614, 19.3562)
    9020 (20.1567, 4.33824) -> 4288 (18.5911, 5.19643)
    9021 (2.72993, 20.6715) -> 7851 (2.25438, 18.9798)
    9022 (4.12111, 22.9074) -> 7565 (3.45439, 21.3411)
    9023 (13.4664, 7.47099) -> 9399 (12.1894, 8.32117)
    9024 (23.6103, 5.212) -> 9361 (22.0296, 5.71001)
    9025 (14.6912, 21.1787) -> 7172 (13.6594, 20.7803)
    9026 (24.0517, 2.19906) -> 8237 (22.5008, 3.03822)
    9027 (20.342, 8.89567) -> 5190 (19.8652, 8.92238)
    9028 (21.8116, 11.5603) -> 9251 (20.0175, 11.3069)
    9029 (22.3618, 5.85097) -> 2972 (20.8854, 6.32895)
    9030 (18.3298, 20.9621) -> 6704 (16.7091, 20.4588)
    9031 (17.8732, 23.4167) -> 8492 (16.2673, 22.567)
    9032 (19.3693, 9.8313) -> 6873 (18.208, 9.77176)
    9033 (10.5413, 20.365) -> 3181 (9.77043, 19.9324)
    9034 (13.0665, 6.16144) -> 5706 (11.5686, 7.33241)
    9035 (9.75618, 16.8906) -> 4440 (8.05367, 16.4996)
    9036 (20.9908, 1.01127) -> 9003 (19.6217, 1.82665)
    9037 (2.18865, 22.7043) -> 7313 (1.97593, 21.2103)
    9038 (14.9365, 11.5273) -> 5122 (13.5741, 10.3929)
    9039 (11.1081, 19.6857) -> 7827 (10.573, 19.4817)
    9040 (4.39567, 21.4696) -> 9612 (3.88193, 20.4858)
    9041 (3.05297, 8.51446) -> 9972 (2.56851, 9.99173)
    9042 (16.26, 16.2561) -> 8757 (15.934, 16.2793)
    9043 (2.78263, 9.26903) -> 9972 (2.56851, 9.99173)
    9044 (19.1445, 24.0065) -> 744 (18.9397, 23.9231)
    9045 (18.0175, 22.0371) -> 7117 (16.2139, 21.2629)
    9046 (19.1602, 10.7324) -> 1226 (17.9262, 10.4493)
    9047 (20.2821, 4.85953) -> 3599 (18.8475, 5.58514)
    9048 (18.5742, 1.20179) -> 3018 (17.4795, 2.06266)
    9049 (1.90511, 10.1593) -> 4905 (1.57854, 11.475)
    9050 (23.4482, 13.5363) -> 9931 (22.6459, 13.2257)
    9051 (20.2831, 21.2432) -> 5514 (18.5733, 20.7393)
    9052 (12.5758, 22.3017) -> 8649 (11.4134, 21.5626)
    9053 (5.30696, 13.235) -> 8688 (4.45845, 13.5838)
    9054 (15.109, 3.1298) -> 9719 (13.6471, 4.17934)
    9055 (23.9176, 20.9541) -> 4086 (22.7703, 20.6108)
    9056 (8.72801, 0.884901) -> 2410 (7.9767, 2.25195)
    9057 (1.43735, 24.302) -> 1051 (1.36628, 22.6517)
    9058 (19.4505, 24.4149) -> 9622 (18.7742, 24.0661)
    9059 (20.4526, 2.55446) -> 5248 (20.007, 2.81939)
    9060 (15.7355, 4.20031) -> 9715 (15.1895, 4.62542)
    9061 (22.5851, 23.5201) -> 4349 (21.1902, 23.0304)
    9062 (14.7631, 2.79772) -> 8610 (13.3234, 4.04314)
    9063 (12.6947, 23.1345) -> 9133 (12.2662, 22.8261)
    9064 (14.2142, 1.27124) -> 5746 (13.1425, 2.33935)
    9065 (4.04936, 23.8222) -> 9606 (3.48749, 22.1254)
    9066 (4.48631, 1.18683) -> 8019 (4.09864, 2.72498)
    9067 (1.2042, 12.9399) -> 4867 (1.07124, 14.3945)
    9068 (7.53367, 14.3262) -> 1961 (5.86263, 14.5096)
    9069 (1.33395, 0.374431) -> 2883 (1.31948, 1.05607)
    9070 (8.56529, 8.32852) -> 9379 (7.13577, 9.29916)
    9071 (21.2815, 12.4514) -> 482 (19.7595, 12.0608)
    9072 (0.787691, 9.70435) -> 1081 (0.870315, 11.6476)
    9073 (19.5303, 17.5815) -> 2101 (17.5683, 17.3529)
    9074 (8.34408, 5.27413) -> 2687 (7.75098, 6.03645)
    9075 (3.20981, 20.5782) -> 1382 (2.69201, 19.3674)
    9076 (0.214025, 14.628) -> 0 (1, 15)
    9077 (2.67865, 6.88362) -> 9946 (2.23642, 8.82865)
    9078 (15.0282, 19.9826) -> 5135 (13.8675, 19.5755)
    9079 (24.5363, 2.82993) -> 8216 (22.8034, 3.60828)
    9080 (13.6534, 24.5549) -> 4520 (12.7665, 23.8867)
    9081 (18.1521, 0.574493) -> 7837 (17.2572, 1.35485)
    9082 (16.5132, 0.612257) -> 1482 (15.349, 1.89992)
    9083 (4.04232, 24.5659) -> 842 (3.89197, 23.9107)
    9084 (13.1017, 1.64078) -> 1118 (11.8614, 3.01275)
    9085 (0.257867, 16.331) -> 0 (1, 15)
    9086 (17.9414, 7.96698) -> 4231 (16.4651, 8.24485)
    9087 (23.0952, 14.0044) -> 5099 (22.4323, 13.7235)
    9088 (20.6698, 18.4091) -> 7787 (19.5415, 18.2163)
    9089 (8.10937, 0.0243343) -> 7428 (7.37255, 1.53201)
    9090 (0.0416515, 11.4537) -> 6731 (0.48665, 13.2045)
    9091 (17.4273, 1.85389) -> 1673 (16.1832, 2.62568)
    9092 (9.54071, 17.2651) -> 4659 (8.06862, 16.8029)
    9093 (18.4981, 8.54514) -> 8464 (16.6953, 8.76576)
    9094 (9.36744, 5.84595) -> 9333 (8.24288, 7.05019)
    9095 (6.02979, 23.1273) -> 8429 (5.19344, 21.6338)
    9096 (3.68209, 17.8233) -> 2264 (2.98009, 17.0933)
    9097 (18.2749, 19.2479) -> 9577 (16.7329, 18.8819)
    9098 (7.61883, 19.5244) -> 1329 (6.19397, 18.5302)
    9099 (22.5475, 1.28949) -> 2644 (21.7493, 1.79387)
    9100 (8.77675, 4.16289) -> 2319 (7.71692, 5.48793)
    9101 (21.2657, 0.660179) -> 8789 (19.8812, 1.59979)
    9102 (23.907, 24.4209) -> 9171 (22.2954, 23.6547)
    9103 (8.10154, 4.42386) -> 1412 (7.45713, 5.28972)
    9104 (14.8719, 24.5157) -> 5544 (13.4838, 23.6249)
    9105 (5.49971, 14.5545) -> 9808 (4.8442, 14.6092)
    9106 (22.8492, 8.12811) -> 466 (21.751, 8.21199)
    9107 (4.85246, 19.9083) -> 4439 (4.00217, 18.9459)
    9108 (22.2851, 14.9701) -> 1812 (20.4323, 15.2904)
    9109 (1.77124, 7.68391) -> 5044 (1.61473, 9.14488)
    9110 (1.0366, 2.84373) -> 542 (1.03687, 3.3675)
    9111 (10.8378, 0.227384) -> 9381 (10.4662, 0.71131)
    9112 (2.41368, 13.9728) -> 0 (1, 15)
    9113 (1.78882, 14.9309) -> 0 (1, 15)
    9114 (8.35679, 9.01483) -> 9450 (7.37252, 9.84391)
    9115 (9.83497, 8.97868) -> 4511 (8.37586, 9.81918)
    9116 (6.78389, 23.8491) -> 5773 (6.24512, 22.9753)
    9117 (11.6471, 19.6228) -> 7777 (10.2552, 19.0444)
    9118 (24.0679, 16.2474) -> 6317 (22.4115, 16.286)
    9119 (2.62791, 20.2387) -> 7851 (2.25438, 18.9798)
    9120 (3.6901, 19.2665) -> 3122 (2.88964, 17.8837)
    9121 (23.244, 15.0617) -> 7298 (22.0367, 15.2488)
    9122 (17.4589, 23.4561) -> 5384 (16.0116, 22.7458)
    9123 (4.66181, 15.5201) -> 3840 (3.05888, 15.3261)
    9124 (20.1751, 22.292) -> 1572 (18.788, 21.6795)
    9125 (9.68467, 7.81873) -> 2293 (8.88757, 8.43205)
    9126 (6.12204, 6.15997) -> 3003 (5.19774, 7.71365)
    9127 (0.470318, 9.30001) -> 4182 (0.644577, 10.8428)
    9128 (6.12224, 4.35127) -> 4186 (5.22293, 6.05337)
    9129 (12.4794, 2.90166) -> 9881 (11.9803, 3.3628)
    9130 (0.234327, 8.66763) -> 6646 (0.463056, 10.2657)
    9131 (0.735722, 8.62625) -> 9072 (0.787691, 9.70435)
    9132 (20.2778, 19.3497) -> 1163 (19.2665, 19.1412)
    9133 (12.2662, 22.8261) -> 5374 (10.8213, 21.809)
    9134 (7.9831, 19.8224) -> 9098 (7.61883, 19.5244)
    9135 (7.74046, 9.06501) -> 7679 (6.62631, 9.93549)
    9136 (9.64172, 22.1615) -> 6957 (8.24048, 20.927)
    9137 (1.39389, 21.242) -> 1341 (1.30741, 19.6466)
    9138 (13.8976, 6.93376) -> 5358 (12.5645, 7.67606)
    9139 (5.34622, 24.9878) -> 7968 (4.85286, 23.8596)
    9140 (17.9587, 3.2645) -> 5117 (16.8915, 3.98111)
    9141 (21.9223, 4.99155) -> 3694 (20.3283, 5.59966)
    9142 (17.1108, 18.7382) -> 1415 (15.5795, 18.3401)
    9143 (3.35595, 16.481) -> 6962 (2.03118, 15.6348)
    9144 (18.5449, 23.1749) -> 5198 (17.559, 22.7949)
    9145 (19.0008, 14.0112) -> 30 (17.2163, 14.569)
    9146 (0.414756, 10.7891) -> 2645 (0.618346, 11.7343)
    9147 (14.9281, 24.5791) -> 5544 (13.4838, 23.6249)
    9148 (16.5474, 23.7384) -> 5498 (15.072, 22.8763)
    9149 (4.64678, 10.7309) -> 7104 (3.42049, 11.9358)
    9150 (9.83229, 17.324) -> 4659 (8.06862, 16.8029)
    9151 (22.5073, 14.5677) -> 4904 (21.9827, 14.6821)
    9152 (20.3005, 24.9049) -> 8734 (19.0384, 24.312)
    9153 (12.6916, 20.2428) -> 5473 (10.8747, 19.4831)
    9154 (17.8632, 14.2344) -> 8228 (16.8961, 14.666)
    9155 (7.19706, 10.2458) -> 8244 (6.28015, 10.9833)
    9156 (19.7079, 5.91445) -> 5996 (18.8272, 6.24166)
    9157 (18.7138, 21.1439) -> 5565 (17.0094, 20.543)
    9158 (23.698, 9.93622) -> 4721 (22.9076, 9.90945)
    9159 (2.40724, 18.2878) -> 7194 (2.30706, 18.0501)
    9160 (5.58641, 18.447) -> 7220 (4.99224, 17.969)
    9161 (17.9653, 0.870858) -> 2006 (16.614, 1.98001)
    9162 (4.91009, 17.6765) -> 7871 (4.0612, 17.0366)
    9163 (10.0062, 18.4899) -> 3297 (9.09912, 18.1289)
    9164 (12.8558, 17.009) -> 7077 (11.956, 16.8104)
    9165 (21.3555, 18.5389) -> 7787 (19.5415, 18.2163)
    9166 (19.2729, 17.4739) -> 2101 (17.5683, 17.3529)
    9167 (9.50125, 17.6046) -> 5540 (8.58306, 17.2782)
    9168 (20.8506, 14.2654) -> 4687 (19.2674, 14.6049)
    9169 (1.87391, 6.71498) -> 9109 (1.77124, 7.68391)
    9170 (14.913, 14.0036) -> 6336 (13.6904, 15.3569)
    9171 (22.2954, 23.6547) -> 5722 (21.0004, 23.1052)
    9172 (6.01185, 15.3733) -> 1764 (4.53136, 15.3602)
    9173 (9.3748, 21.8803) -> 6957 (8.24048, 20.927)
    9174 (17.576, 3.25507) -> 8327 (16.6506, 3.78023)
    9175 (7.12224, 9.64998) -> 993 (5.5089, 10.7737)
    9176 (21.9111, 5.99684) -> 2972 (20.8854, 6.32895)
    9177 (2.84348, 18.0406) -> 6908 (1.93036, 16.5832)
    9178 (11.7701, 4.46689) -> 7749 (11.0087, 5.16103)
    9179 (22.0833, 23.7228) -> 6929 (20.5619, 23.0733)
    9180 (23.4616, 2.30262) -> 5701 (21.8001, 3.30076)
    9181 (21.9869, 16.8577) -> 6809 (20.5993, 16.804)
    9182 (12.0394, 9.29527) -> 6315 (10.2282, 9.4719)
    9183 (2.87688, 19.6587) -> 7194 (2.30706, 18.0501)
    9184 (24.4043, 8.18967) -> 5983 (22.606, 8.30429)
    9185 (14.8464, 21.2381) -> 7172 (13.6594, 20.7803)
    9186 (8.87562, 5.38846) -> 3925 (8.46432, 5.85352)
    9187 (0.731026, 3.59446) -> 6732 (0.69325, 4.08289)
    9188 (0.281714, 9.05686) -> 6646 (0.463056, 10.2657)
    9189 (22.2978, 15.2326) -> 7729 (20.6964, 15.4317)
    9190 (18.127, 2.97183) -> 5117 (16.8915, 3.98111)
    9191 (14.43, 4.35463) -> 6597 (12.8666, 5.48625)
    9192 (18.41, 23.1766) -> 5198 (17.559, 22.7949)
    9193 (22.106, 21.224) -> 822 (20.9835, 20.8861)
    9194 (0.514561, 23.1276) -> 4485 (0.648963, 21.9024)
    9195 (6.1518, 16.2611) -> 596 (5.06821, 16.1056)
    9196 (3.55448, 8.27381) -> 4307 (3.30098, 8.93103)
    9197 (14.2227, 18.6961) -> 1651 (13.7682, 18.5847)
    9198 (15.8642, 24.8868) -> 2994 (14.6424, 24.145)
    9199 (17.8113, 9.49583) -> 7677 (15.9743, 9.4599)
    9200 (9.26804, 18.8298) -> 9646 (8.14104, 18.2728)
    9201 (5.78288, 8.58411) -> 2852 (4.67977, 9.8973)
    9202 (11.2104, 0.0922253) -> 1074 (10.3795, 1.11875)
    9203 (7.93177, 8.57045) -> 9387 (7.09133, 9.22487)
    9204 (23.6928, 17.4176) -> 7747 (21.8968, 17.2538)
    9205 (13.0251, 4.76266) -> 642 (11.5834, 5.90875)
    9206 (5.34221, 18.6932) -> 5527 (4.20759, 17.6922)
    9207 (16.8817, 14.4068) -> 2522 (15.1448, 15.2062)
    9208 (3.33112, 23.3179) -> 2506 (3.11722, 22.1168)
    9209 (5.23976, 1.55193) -> 5554 (4.90072, 2.81328)
    9210 (21.524, 4.62515) -> 5798 (20.3535, 5.15633)
    9211 (8.82336, 8.25613) -> 9135 (7.74046, 9.06501)
    9212 (15.5461, 5.96859) -> 9138 (13.8976, 6.93376)
    9213 (8.03836, 0.470992) -> 3126 (7.21281, 2.24396)
    9214 (4.98521, 3.14904) -> 938 (4.38723, 4.76785)
    9215 (15.8738, 11.4044) -> 3643 (14.1141, 10.5946)
    9216 (22.2926, 7.26781) -> 4047 (20.7799, 7.5592)
    9217 (10.69, 21.6186) -> 6700 (10.3917, 21.4181)
    9218 (23.5638, 15.6396) -> 2174 (21.5799, 15.744)
    9219 (19.6812, 15.2173) -> 9281 (18.9177, 15.3878)
    9220 (0.147969, 22.1904) -> 1664 (0.283407, 20.9837)
    9221 (22.9396, 23.6458) -> 4349 (21.1902, 23.0304)
    9222 (14.5878, 18.146) -> 4225 (14.4892, 18.1202)
    9223 (20.3507, 5.35959) -> 6837 (18.7797, 6.05184)
    9224 (12.8969, 16.8188) -> 4068 (11.1742, 16.5811)
    9225 (13.093, 18.0388) -> 8614 (11.1885, 17.5627)
    9226 (6.19419, 5.05911) -> 7977 (5.8542, 5.68089)
    9227 (1.12034, 11.6166) -> 1811 (1.14407, 12.7174)
    9228 (24.4428, 1.06294) -> 5435 (23.2823, 1.75997)
    9229 (11.7058, 24.3001) -> 4991 (10.3856, 23.14)
    9230 (9.58666, 6.69299) -> 7866 (8.55002, 7.56554)
    9231 (8.34362, 7.09815) -> 1779 (6.95944, 8.47931)
    9232 (23.4998, 9.79936) -> 9565 (23.0294, 9.69017)
    9233 (8.49438, 19.6826) -> 4344 (7.49799, 19.0531)
    9234 (7.58427, 7.08885) -> 6208 (6.67784, 8.19306)
    9235 (7.01768, 5.50012) -> 1605 (6.16444, 6.76969)
    9236 (6.71816, 0.179214) -> 7500 (6.20965, 1.28996)
    9237 (12.7972, 1.49039) -> 566 (12.1123, 2.26679)
    9238 (4.67458, 21.3525) -> 6421 (3.73421, 19.7446)
    9239 (15.5886, 6.72574) -> 7345 (14.6408, 7.20098)
    9240 (1.05291, 0.473779) -> 5892 (1.05154, 1.43548)
    9241 (12.6873, 8.23749) -> 4768 (11.2585, 8.96311)
    9242 (0.0885999, 18.0777) -> 4601 (0.312771, 17.3152)
    9243 (20.7408, 24.2732) -> 2558 (20.0606, 23.9535)
    9244 (11.9132, 0.54939) -> 5669 (10.9307, 1.84107)
    9245 (7.70614, 23.2083) -> 7838 (6.65827, 21.9488)
    9246 (5.291, 14.9366) -> 2634 (4.13019, 14.9567)
    9247 (19.7274, 16.7469) -> 6127 (18.2872, 16.69)
    9248 (7.02201, 17.4478) -> 6388 (5.68288, 16.8572)
    9249 (19.4419, 19.2134) -> 5025 (17.7471, 18.844)
    9250 (7.094, 24.5579) -> 8933 (6.81627, 24.1268)
    9251 (20.0175, 11.3069) -> 5297 (18.9881, 11.1546)
    9252 (16.2099, 5.33886) -> 8404 (15.4288, 5.86399)
    9253 (24.059, 8.2294) -> 721 (22.3558, 8.29876)
    9254 (20.3221, 12.8321) -> 3255 (18.9317, 12.2876)
    9255 (13.2336, 22.2144) -> 7418 (12.1959, 21.5921)
    9256 (8.44837, 20.8947) -> 6959 (7.12311, 19.8917)
    9257 (15.9705, 12.8928) -> 5971 (14.7149, 11.5507)
    9258 (6.84651, 18.5838) -> 4183 (5.87186, 17.9891)
    9259 (8.64312, 22.7919) -> 7730 (7.56491, 21.661)
    9260 (10.5142, 0.0766373) -> 338 (9.71369, 1.30841)
    9261 (11.075, 22.7715) -> 2765 (9.66888, 21.6815)
    9262 (18.0448, 14.8906) -> 7375 (16.7338, 15.1935)
    9263 (7.98924, 9.34659) -> 9450 (7.37252, 9.84391)
    9264 (1.11184, 20.4195) -> 1783 (1.0857, 19.6235)
    9265 (7.33616, 12.5439) -> 9559 (5.54577, 12.7936)
    9266 (3.5019, 6.98333) -> 9766 (3.19311, 8.07935)
    9267 (7.58708, 23.5225) -> 3225 (7.1857, 22.9334)
    9268 (20.0472, 14.3858) -> 4687 (19.2674, 14.6049)
    9269 (23.0474, 18.2239) -> 9827 (21.5061, 18.0497)
    9270 (2.40503, 2.06441) -> 6710 (2.14777, 4.0442)
    9271 (6.77906, 15.4251) -> 3833 (5.85678, 15.3158)
    9272 (14.9893, 15.5919) -> 9753 (14.6881, 15.6923)
    9273 (18.3438, 0.96659) -> 3497 (17.4192, 1.70576)
    9274 (9.2231, 17.1423) -> 4659 (8.06862, 16.8029)
    9275 (2.33924, 20.3252) -> 107 (1.8323, 18.6381)
    9276 (6.51274, 5.98728) -> 7739 (5.50363, 7.45681)
    9277 (15.0689, 18.0691) -> 1137 (13.2174, 17.5843)
    9278 (23.2483, 15.8109) -> 4600 (22.3939, 15.8761)
    9279 (23.3522, 16.9217) -> 9181 (21.9869, 16.8577)
    9280 (18.1367, 17.0258) -> 7942 (17.1472, 16.9207)
    9281 (18.9177, 15.3878) -> 9689 (17.0489, 15.7121)
    9282 (0.061815, 10.7393) -> 4579 (0.276257, 11.3825)
    9283 (24.0546, 11.3014) -> 5214 (22.1433, 11.0089)
    9284 (19.0728, 17.2512) -> 6052 (18.8943, 17.2214)
    9285 (23.0996, 10.6229) -> 9602 (22.0861, 10.4478)
    9286 (7.47203, 22.0134) -> 987 (6.57166, 21.0897)
    9287 (19.6339, 7.5887) -> 8965 (17.8326, 7.97127)
    9288 (0.305076, 3.97222) -> 7784 (0.36758, 5.87505)
    9289 (6.9719, 3.31167) -> 7060 (6.55119, 4.14035)
    9290 (1.40397, 6.05653) -> 8646 (1.28994, 7.30035)
    9291 (3.20835, 3.38817) -> 8006 (2.81328, 5.34781)
    9292 (14.5335, 12.4527) -> 2413 (14.219, 11.3927)
    9293 (21.2272, 9.17069) -> 1195 (19.3242, 9.22539)
    9294 (18.9205, 24.5449) -> 1860 (17.2163, 23.6586)
    9295 (18.1947, 22.6012) -> 2487 (16.9099, 22.0971)
    9296 (10.3226, 4.76584) -> 3648 (9.08259, 6.10087)
    9297 (19.9539, 4.32407) -> 6362 (18.2087, 5.28216)
    9298 (22.7559, 21.0033) -> 7113 (20.9719, 20.5899)
    9299 (14.0424, 7.40032) -> 5534 (12.4368, 8.24191)
    9300 (22.5846, 10.7852) -> 9798 (21.8002, 10.7322)
    9301 (1.83359, 6.71905) -> 6294 (1.63945, 8.65509)
    9302 (3.12867, 16.8557) -> 1691 (2.86478, 16.64)
    9303 (5.47348, 19.4) -> 9799 (4.58069, 18.5724)
    9304 (9.74011, 18.244) -> 3442 (8.62885, 17.758)
    9305 (9.71748, 20.4085) -> 9233 (8.49438, 19.6826)
    9306 (10.0658, 16.6538) -> 4300 (8.66046, 16.3206)
    9307 (11.4266, 17.4372) -> 8152 (10.3254, 17.1825)
    9308 (22.4053, 18.7614) -> 7339 (20.572, 18.433)
    9309 (5.89239, 10.7248) -> 4194 (5.13584, 11.2159)
    9310 (6.44459, 5.73634) -> 1157 (5.51834, 7.21979)
    9311 (13.6835, 1.22774) -> 3641 (12.4397, 2.48276)
    9312 (24.4788, 20.8726) -> 757 (23.7769, 20.7196)
    9313 (2.2632, 5.87479) -> 2435 (2.09704, 7.33676)
    9314 (14.8205, 20.2208) -> 354 (13.0554, 19.5727)
    9315 (21.3526, 12.8565) -> 1900 (19.8066, 12.2863)
    9316 (21.6663, 7.35488) -> 4047 (20.7799, 7.5592)
    9317 (23.6761, 15.1565) -> 2541 (22.4917, 15.2819)
    9318 (2.15123, 22.1206) -> 2365 (1.89373, 20.5164)
    9319 (15.3297, 20.4316) -> 9314 (14.8205, 20.2208)
    9320 (20.2134, 0.0342569) -> 7921 (19.2046, 0.693145)
    9321 (14.5304, 19.327) -> 1470 (13.6162, 19.0389)
    9322 (2.35798, 13.8675) -> 0 (1, 15)
    9323 (15.302, 21.0437) -> 8948 (13.6241, 20.3155)
    9324 (2.06046, 11.6223) -> 7805 (1.51117, 13.1277)
    9325 (18.4255, 10.8592) -> 9851 (17.1512, 10.588)
    9326 (18.2272, 20.8251) -> 6631 (16.6653, 20.2571)
    9327 (4.79531, 17.5324) -> 7871 (4.0612, 17.0366)
    9328 (22.03, 3.74521) -> 4664 (21.1341, 4.14718)
    9329 (1.48571, 3.72869) -> 6907 (1.47408, 4.97924)
    9330 (9.11535, 0.283868) -> 3967 (8.82202, 0.831731)
    9331 (23.7187, 10.4722) -> 9602 (22.0861, 10.4478)
    9332 (7.15444, 5.16223) -> 1605 (6.16444, 6.76969)
    9333 (8.24288, 7.05019) -> 3232 (7.64434, 7.63778)
    9334 (8.23194, 3.19969) -> 9966 (7.23145, 4.62212)
    9335 (17.2496, 23.1713) -> 3905 (16.6484, 22.8708)
    9336 (24.4072, 23.5162) -> 4119 (23.6407, 23.2874)
    9337 (13.918, 9.17857) -> 9917 (13.67, 9.19434)
    9338 (12.4056, 20.9374) -> 8413 (11.3279, 20.3734)
    9339 (12.0901, 21.9237) -> 1839 (11.3245, 21.3891)
    9340 (6.27995, 16.6375) -> 9649 (5.18304, 16.2529)
    9341 (7.39689, 6.0711) -> 6144 (6.8098, 6.86426)
    9342 (2.87514, 9.37603) -> 5102 (2.34321, 10.8036)
    9343 (9.23669, 18.4462) -> 2163 (8.35091, 18.0645)
    9344 (5.58371, 2.91653) -> 9738 (5.26751, 3.69962)
    9345 (24.5691, 23.5237) -> 4994 (23.7347, 23.2025)
    9346 (18.8694, 24.8662) -> 1595 (17.268, 23.9549)
    9347 (21.6811, 7.78793) -> 3486 (20.7252, 7.94556)
    9348 (19.0466, 23.0463) -> 6387 (17.4343, 22.4179)
    9349 (5.28373, 12.2513) -> 5290 (5.1644, 12.2879)
    9350 (14.1199, 7.32928) -> 5534 (12.4368, 8.24191)
    9351 (7.00209, 14.6162) -> 7024 (5.22977, 14.6924)
    9352 (9.07846, 18.2901) -> 4169 (7.64482, 17.6121)
    9353 (5.56879, 18.773) -> 4562 (4.22753, 17.6626)
    9354 (4.33013, 2.06559) -> 8501 (4.0688, 3.02524)
    9355 (12.8517, 5.00832) -> 642 (11.5834, 5.90875)
    9356 (12.8783, 6.03153) -> 7624 (11.5146, 7.04596)
    9357 (10.7883, 20.2433) -> 9915 (10.2579, 19.9446)
    9358 (20.2232, 6.85843) -> 8536 (18.4948, 7.32883)
    9359 (4.57191, 24.5854) -> 7107 (4.17651, 23.412)
    9360 (5.03245, 16.5602) -> 5674 (3.53045, 15.8999)
    9361 (22.0296, 5.71001) -> 49 (20.588, 6.11995)
    9362 (0.126015, 18.6264) -> 7365 (0.419816, 17.446)
    9363 (16.3528, 21.0041) -> 6878 (15.1566, 20.5426)
    9364 (6.71688, 11.9338) -> 5290 (5.1644, 12.2879)
    9365 (3.37492, 13.1764) -> 3058 (2.06933, 14.1775)
    9366 (5.21905, 0.31634) -> 8815 (4.85597, 1.54153)
    9367 (15.6094, 8.94247) -> 4329 (15.5592, 8.95449)
    9368 (9.83986, 19.5783) -> 9704 (8.8207, 19.0536)
    9369 (12.1871, 19.2103) -> 3027 (10.7536, 18.7257)
    9370 (1.51772, 6.04464) -> 9600 (1.48143, 7.03023)
    9371 (7.63263, 21.833) -> 5230 (6.43415, 20.5915)
    9372 (0.574139, 0.211264) -> 2106 (0.617926, 1.11932)
    9373 (19.9022, 8.86266) -> 776 (19.0899, 8.90053)
    9374 (19.4251, 7.88789) -> 2370 (18.8964, 7.97311)
    9375 (1.36044, 3.18557) -> 6813 (1.28748, 5.03578)
    9376 (12.6653, 21.5394) -> 4804 (11.3239, 20.6703)
    9377 (8.65056, 23.4256) -> 9286 (7.47203, 22.0134)
    9378 (2.84339, 0.846882) -> 7780 (2.5669, 2.77961)
    9379 (7.13577, 9.29916) -> 1492 (5.59008, 10.5644)
    9380 (17.2845, 14.2102) -> 9207 (16.8817, 14.4068)
    9381 (10.4662, 0.71131) -> 8718 (9.50802, 2.05754)
    9382 (10.697, 20.4149) -> 8984 (9.58127, 19.7278)
    9383 (5.9365, 0.760025) -> 8205 (5.4106, 2.37706)
    9384 (22.3848, 15.5299) -> 7996 (20.6439, 15.6805)
    9385 (21.2947, 9.38034) -> 1195 (19.3242, 9.22539)
    9386 (4.0915, 9.41556) -> 6698 (3.60165, 10.036)
    9387 (7.09133, 9.22487) -> 3176 (6.16767, 9.99942)
    9388 (19.345, 10.2103) -> 972 (18.861, 10.1771)
    9389 (7.90765, 4.36509) -> 8823 (7.16268, 5.40152)
    9390 (11.188, 9.24785) -> 6315 (10.2282, 9.4719)
    9391 (20.9318, 4.62716) -> 3325 (19.3788, 5.27711)
    9392 (20.6798, 8.62514) -> 9787 (19.3838, 8.77442)
    9393 (10.5851, 7.3239) -> 7019 (9.12338, 8.29181)
    9394 (3.19276, 16.6338) -> 4681 (1.63842, 15.4714)
    9395 (3.49102, 20.5108) -> 1264 (3.1256, 19.7644)
    9396 (19.5188, 20.259) -> 5871 (18.0422, 19.8418)
    9397 (21.5862, 14.6277) -> 9928 (19.7174, 15.0887)
    9398 (3.02097, 5.47099) -> 9077 (2.67865, 6.88362)
    9399 (12.1894, 8.32117) -> 3031 (11.7436, 8.59036)
    9400 (2.2953, 0.720842) -> 6818 (2.20974, 2.26482)
    9401 (7.80799, 10.3662) -> 1283 (6.79213, 10.9577)
    9402 (15.3096, 6.62651) -> 9350 (14.1199, 7.32928)
    9403 (12.2341, 1.99612) -> 1785 (11.2855, 3.12376)
    9404 (0.0969366, 23.3158) -> 9756 (0.174659, 22.7285)
    9405 (2.72159, 10.898) -> 6467 (1.97674, 12.4383)
    9406 (17.7091, 20.1008) -> 8423 (16.1432, 19.6753)
    9407 (14.5974, 15.9739) -> 7633 (12.8131, 16.2816)
    9408 (20.3834, 16.0489) -> 8070 (19.0723, 16.0996)
    9409 (3.36206, 24.5201) -> 2653 (2.88681, 22.7157)
    9410 (23.6987, 12.4785) -> 8090 (22.3285, 12.1154)
    9411 (23.7873, 22) -> 2386 (23.2534, 21.7815)
    9412 (2.59734, 4.05655) -> 361 (2.33224, 5.78708)
    9413 (23.6633, 22.9361) -> 2496 (22.0921, 22.4728)
    9414 (24.8402, 19.6941) -> 1586 (23.0846, 19.4815)
    9415 (3.62383, 4.13044) -> 7678 (3.19757, 5.64976)
    9416 (24.864, 0.403942) -> 4727 (23.5333, 1.17042)
    9417 (20.5806, 24.1192) -> 1328 (19.0918, 23.4835)
    9418 (23.965, 13.1311) -> 73 (22.7784, 12.7997)
    9419 (17.78, 22.4881) -> 2487 (16.9099, 22.0971)
    9420 (24.2441, 1.18412) -> 9538 (22.7211, 2.17261)
    9421 (5.16119, 21.2588) -> 4689 (4.28121, 19.8577)
    9422 (0.510206, 19.0475) -> 3633 (0.670794, 17.433)
    9423 (6.69978, 0.910504) -> 692 (6.30313, 1.90045)
    9424 (18.3398, 2.61027) -> 7721 (17.1472, 3.44434)
    9425 (15.3528, 2.77123) -> 9002 (13.8113, 3.99224)
    9426 (7.31966, 6.39488) -> 3443 (6.1305, 7.84609)
    9427 (20.2205, 6.09004) -> 2836 (18.3509, 6.7277)
    9428 (20.3459, 3.74091) -> 8872 (19.6034, 4.24594)
    9429 (3.63535, 17.639) -> 2264 (2.98009, 17.0933)
    9430 (14.764, 4.6157) -> 6492 (14.0344, 5.13611)
    9431 (20.7994, 19.3779) -> 4154 (19.0436, 18.9864)
    9432 (18.5741, 0.325326) -> 6757 (17.4095, 1.24152)
    9433 (15.7764, 24.6215) -> 9737 (14.1574, 23.6088)
    9434 (21.3769, 3.04941) -> 9428 (20.3459, 3.74091)
    9435 (8.12476, 22.48) -> 9371 (7.63263, 21.833)
    9436 (14.2159, 21.4871) -> 29 (13.8772, 21.2957)
    9437 (9.53017, 20.2393) -> 8236 (8.11235, 19.3776)
    9438 (4.75397, 19.68) -> 7118 (4.00212, 18.6253)
    9439 (14.0031, 1.09025) -> 2283 (12.5726, 2.46253)
    9440 (0.609095, 17.2906) -> 1629 (0.807266, 16.1838)
    9441 (11.6623, 0.485149) -> 4976 (10.4245, 2.01869)
    9442 (4.34099, 21.577) -> 4855 (3.67051, 20.2125)
    9443 (1.12494, 11.1359) -> 6990 (1.10326, 11.4247)
    9444 (16.9727, 7.13987) -> 8531 (15.85, 7.60354)
    9445 (18.3542, 2.67757) -> 7721 (17.1472, 3.44434)
    9446 (24.9764, 12.477) -> 1800 (23.7457, 12.1731)
    9447 (6.03321, 2.19992) -> 4765 (5.33248, 3.67475)
    9448 (21.8393, 18.5469) -> 5078 (21.4881, 18.4781)
    9449 (22.6437, 23.5992) -> 4966 (21.8989, 23.3044)
    9450 (7.37252, 9.84391) -> 1970 (6.0875, 10.8226)
    9451 (10.5579, 2.71164) -> 5805 (9.53207, 3.95888)
    9452 (18.4188, 3.15419) -> 6371 (17.3547, 3.88312)
    9453 (9.21505, 1.97439) -> 7315 (8.71987, 2.75771)
    9454 (6.19277, 1.93084) -> 5146 (5.73641, 3.40118)
    9455 (15.1076, 19.0284) -> 8876 (13.8748, 18.6855)
    9456 (12.4062, 3.54025) -> 3317 (11.088, 4.86401)
    9457 (8.08741, 4.54553) -> 4688 (7.496, 5.39421)
    9458 (13.5193, 0.627445) -> 2579 (13.3712, 0.80882)
    9459 (0.207905, 14.2192) -> 0 (1, 15)
    9460 (8.18418, 5.92155) -> 4671 (7.39663, 6.84859)
    9461 (13.8377, 23.2577) -> 4008 (12.5282, 22.3997)
    9462 (15.9274, 18.7323) -> 2192 (14.82, 18.4711)
    9463 (13.3539, 17.0165) -> 5356 (12.3677, 16.8668)
    9464 (12.7577, 2.01449) -> 1118 (11.8614, 3.01275)
    9465 (12.8456, 17.7676) -> 9307 (11.4266, 17.4372)
    9466 (14.6626, 5.89875) -> 135 (13.713, 6.48146)
    9467 (22.5998, 8.73429) -> 4853 (20.7254, 8.88431)
    9468 (16.1924, 23.8488) -> 4023 (14.5671, 22.9298)
    9469 (12.1194, 5.76954) -> 6653 (10.7831, 6.74869)
    9470 (23.6181, 5.57284) -> 5630 (22.1993, 5.99088)
    9471 (6.01066, 24.5659) -> 3850 (5.15926, 22.8483)
    9472 (8.10019, 10.3261) -> 1283 (6.79213, 10.9577)
    9473 (11.0933, 0.291258) -> 4596 (10.3686, 1.34667)
    9474 (16.7598, 18.9536) -> 2192 (14.82, 18.4711)
    9475 (7.67808, 9.64864) -> 1970 (6.0875, 10.8226)
    9476 (22.1436, 9.4897) -> 9385 (21.2947, 9.38034)
    9477 (8.70852, 16.4773) -> 8347 (8.11038, 16.4507)
    9478 (3.8615, 24.4207) -> 7738 (3.32999, 22.6881)
    9479 (22.3225, 21.3674) -> 5369 (20.9505, 20.9814)
    9480 (14.9858, 19.1921) -> 4337 (14.0807, 19.024)
    9481 (11.9518, 6.45553) -> 9776 (10.7579, 7.40473)
    9482 (15.6956, 13.3169) -> 4027 (14.7482, 14.293)
    9483 (1.96669, 7.44886) -> 3268 (1.82673, 8.13077)
    9484 (10.9742, 24.9392) -> 5083 (10.0842, 24.0943)
    9485 (4.61052, 22.1517) -> 9442 (4.34099, 21.577)
    9486 (19.5737, 2.8916) -> 5874 (18.0098, 3.90328)
    9487 (23.1015, 10.0204) -> 2511 (21.1326, 9.91875)
    9488 (14.3368, 7.60288) -> 4745 (12.7175, 8.33219)
    9489 (12.9124, 0.694313) -> 8731 (11.7971, 1.92046)
    9490 (5.77494, 16.6497) -> 935 (4.31893, 16.1271)
    9491 (7.3077, 22.019) -> 987 (6.57166, 21.0897)
    9492 (2.35975, 17.1465) -> 4120 (1.8886, 16.3793)
    9493 (12.2206, 18.0785) -> 7773 (11.09, 17.8088)
    9494 (1.81247, 9.90794) -> 4978 (1.60002, 11.2532)
    9495 (23.5771, 23.7334) -> 8968 (21.7488, 23.0093)
    9496 (21.8767, 1.61296) -> 9059 (20.4526, 2.55446)
    9497 (15.4804, 22.8811) -> 2993 (13.9928, 22.079)
    9498 (0.951482, 6.27534) -> 1238 (1.02178, 8.20118)
    9499 (5.19411, 15.7638) -> 8495 (4.01653, 15.5198)
    9500 (1.828, 11.2447) -> 387 (1.35315, 13.187)
    9501 (6.03917, 2.55186) -> 5146 (5.73641, 3.40118)
    9502 (16.9431, 7.97671) -> 9993 (15.3204, 8.40649)
    9503 (22.982, 5.3396) -> 9540 (22.1331, 5.5959)
    9504 (13.8294, 15.766) -> 9004 (12.8896, 16.187)
    9505 (23.7961, 21.8061) -> 5234 (22.1037, 21.3176)
    9506 (2.02363, 11.5425) -> 7805 (1.51117, 13.1277)
    9507 (2.10006, 12.5341) -> 7146 (1.83967, 12.9235)
    9508 (20.9915, 19.5593) -> 9249 (19.4419, 19.2134)
    9509 (2.55, 0.0401293) -> 8884 (2.49619, 0.393009)
    9510 (3.65192, 1.16244) -> 6442 (3.54808, 1.69858)
    9511 (17.9849, 4.9996) -> 1662 (16.8094, 5.67242)
    9512 (20.0763, 4.48263) -> 4288 (18.5911, 5.19643)
    9513 (14.1795, 4.54285) -> 6597 (12.8666, 5.48625)
    9514 (14.1952, 23.1791) -> 9052 (12.5758, 22.3017)
    9515 (18.9904, 10.5671) -> 5420 (17.9078, 10.3864)
    9516 (16.9291, 11.9105) -> 5286 (15.3704, 11.1724)
    9517 (23.5002, 14.3207) -> 9822 (21.7545, 13.5506)
    9518 (10.6273, 20.3452) -> 8984 (9.58127, 19.7278)
    9519 (16.2953, 5.34873) -> 8404 (15.4288, 5.86399)
    9520 (23.8073, 8.5525) -> 1602 (22.2457, 8.58728)
    9521 (6.11332, 21.7371) -> 9785 (5.30826, 20.6658)
    9522 (0.84781, 7.78317) -> 3693 (0.825262, 8.87854)
    9523 (0.02908, 19.007) -> 7365 (0.419816, 17.446)
    9524 (17.1015, 14.1758) -> 3005 (15.3629, 14.9535)
    9525 (3.7867, 13.6165) -> 3320 (2.684, 14.1719)
    9526 (6.97719, 6.60597) -> 3443 (6.1305, 7.84609)
    9527 (6.89834, 12.1525) -> 620 (5.17095, 12.5114)
    9528 (17.02, 18.7699) -> 1476 (15.4305, 18.4511)
    9529 (9.22029, 16.2607) -> 8025 (7.33212, 15.9333)
    9530 (20.5644, 17.3476) -> 6052 (18.8943, 17.2214)
    9531 (13.6262, 7.18236) -> 5808 (12.7522, 7.66481)
    9532 (2.84508, 13.589) -> 3058 (2.06933, 14.1775)
    9533 (17.4621, 18.4723) -> 855 (16.042, 18.1369)
    9534 (14.0944, 6.14217) -> 8037 (12.7269, 7.01365)
    9535 (9.59568, 4.13834) -> 2177 (8.47913, 5.48885)
    9536 (17.4351, 18.5445) -> 6723 (15.5245, 18.1538)
    9537 (14.2943, 10.8857) -> 9997 (13.1824, 10.13)
    9538 (22.7211, 2.17261) -> 9434 (21.3769, 3.04941)
    9539 (1.63978, 14.5013) -> 0 (1, 15)
    9540 (22.1331, 5.5959) -> 49 (20.588, 6.11995)
    9541 (16.5102, 8.43765) -> 6951 (15.5179, 8.5811)
    9542 (4.25477, 12.1288) -> 5201 (2.5595, 13.1749)
    9543 (24.1498, 1.04608) -> 9614 (22.7115, 1.91716)
    9544 (12.4116, 18.7173) -> 8311 (11.0908, 18.2977)
    9545 (18.9489, 2.59139) -> 9140 (17.9587, 3.2645)
    9546 (5.78799, 14.7407) -> 9856 (4.68827, 14.8091)
    9547 (2.73395, 11.0447) -> 2182 (2.01618, 12.3798)
    9548 (15.3491, 21.9311) -> 6032 (14.2783, 21.369)
    9549 (1.68573, 20.8877) -> 5328 (1.45214, 18.9068)
    9550 (9.26414, 4.12174) -> 9074 (8.34408, 5.27413)
    9551 (18.7888, 16.6214) -> 6806 (17.3532, 16.6214)
    9552 (19.3917, 8.03) -> 8705 (18.3739, 8.16582)
    9553 (19.9064, 22.317) -> 2423 (18.6895, 21.8389)
    9554 (21.0381, 9.2867) -> 1195 (19.3242, 9.22539)
    9555 (24.0771, 8.30482) -> 2294 (22.7127, 8.45938)
    9556 (17.6917, 2.98101) -> 5826 (16.9004, 3.5098)
    9557 (24.2025, 14.2855) -> 7014 (22.5023, 13.6769)
    9558 (8.05158, 4.15885) -> 8823 (7.16268, 5.40152)
    9559 (5.54577, 12.7936) -> 6133 (3.9231, 13.0094)
    9560 (15.3217, 5.65376) -> 1209 (13.6656, 6.68024)
    9561 (8.39147, 0.341862) -> 8318 (7.61687, 1.64401)
    9562 (8.55076, 15.5963) -> 7456 (7.20601, 15.5404)
    9563 (22.2367, 10.082) -> 2511 (21.1326, 9.91875)
    9564 (8.87138, 20.3994) -> 9098 (7.61883, 19.5244)
    9565 (23.0294, 9.69017) -> 9385 (21.2947, 9.38034)
    9566 (19.1292, 0.658533) -> 627 (18.4062, 1.39612)
    9567 (6.5349, 17.0198) -> 1495 (5.12439, 16.4683)
    9568 (24.4744, 2.24309) -> 3447 (23.1061, 2.87985)
    9569 (13.0238, 5.9751) -> 7624 (11.5146, 7.04596)
    9570 (1.00729, 7.54464) -> 1238 (1.02178, 8.20118)
    9571 (7.88365, 7.74666) -> 520 (7.31161, 8.30594)
    9572 (21.6253, 16.0401) -> 3589 (20.8999, 16.0602)
    9573 (18.1302, 0.351015) -> 1489 (17.554, 0.81792)
    9574 (12.1012, 20.2497) -> 397 (10.7797, 19.6998)
    9575 (22.9295, 0.104445) -> 4460 (21.9447, 0.658061)
    9576 (2.92226, 8.59569) -> 9972 (2.56851, 9.99173)
    9577 (16.7329, 18.8819) -> 810 (14.8497, 18.4262)
    9578 (16.1889, 18.0142) -> 3889 (15.085, 17.7991)
    9579 (6.01623, 15.7402) -> 9123 (4.66181, 15.5201)
    9580 (8.57237, 24.2209) -> 8787 (7.71081, 23.1661)
    9581 (24.0708, 1.75735) -> 1988 (22.3595, 2.76292)
    9582 (8.18782, 4.77623) -> 2319 (7.71692, 5.48793)
    9583 (3.2849, 5.07351) -> 4214 (2.87133, 6.36445)
    9584 (16.9225, 17.3677) -> 7369 (16.1652, 17.2648)
    9585 (16.0985, 4.6501) -> 5574 (15.5306, 5.03326)
    9586 (17.2061, 18.2692) -> 8788 (15.7235, 18.034)
    9587 (19.3717, 10.3946) -> 6031 (17.8592, 10.2482)
    9588 (8.15372, 8.7283) -> 7679 (6.62631, 9.93549)
    9589 (21.2463, 6.24275) -> 4785 (19.425, 6.77991)
    9590 (6.67299, 20.0257) -> 261 (5.4509, 18.958)
    9591 (24.4196, 0.887091) -> 9614 (22.7115, 1.91716)
    9592 (3.57435, 18.7714) -> 1006 (2.77052, 17.5861)
    9593 (14.4287, 18.5485) -> 5091 (12.5036, 18.028)
    9594 (15.5789, 11.3994) -> 8588 (15.0113, 11.1038)
    9595 (14.4549, 21.9672) -> 8566 (12.9768, 21.2255)
    9596 (24.1853, 3.74136) -> 3680 (22.5867, 4.36913)
    9597 (22.9716, 8.12477) -> 466 (21.751, 8.21199)
    9598 (22.8901, 5.33347) -> 9540 (22.1331, 5.5959)
    9599 (5.58136, 24.4788) -> 5862 (5.06088, 23.4453)
    9600 (1.48143, 7.03023) -> 2195 (1.42113, 8.75767)
    9601 (13.5335, 23.0874) -> 1552 (12.6254, 22.4866)
    9602 (22.0861, 10.4478) -> 9638 (21.0159, 10.4766)
    9603 (16.4764, 14.3311) -> 7097 (14.8349, 15.2172)
    9604 (17.0204, 2.7994) -> 954 (15.4962, 3.96543)
    9605 (19.9262, 2.47994) -> 4891 (19.2662, 2.88124)
    9606 (3.48749, 22.1254) -> 5598 (2.95218, 20.5498)
    9607 (5.51815, 19.0001) -> 6017 (4.87637, 18.4627)
    9608 (24.8931, 14.7046) -> 4763 (24.1727, 14.4277)
    9609 (14.1843, 0.467957) -> 6334 (13.0593, 1.57369)
    9610 (16.8516, 16.4784) -> 4017 (15.5531, 16.5112)
    9611 (22.3948, 12.1545) -> 9631 (20.8571, 11.7738)
    9612 (3.88193, 20.4858) -> 4453 (3.41609, 19.5953)
    9613 (0.848549, 2.94403) -> 5120 (0.922355, 4.9145)
    9614 (22.7115, 1.91716) -> 8339 (22.0738, 2.38919)
    9615 (7.18162, 1.89571) -> 882 (6.726, 2.81332)
    9616 (9.06572, 18.5797) -> 6591 (7.6275, 17.9736)
    9617 (21.03, 24.3126) -> 9417 (20.5806, 24.1192)
    9618 (0.324687, 22.7793) -> 3531 (0.444874, 20.8848)
    9619 (24.5624, 3.35146) -> 9893 (24.2486, 3.51587)
    9620 (5.00759, 10.8363) -> 6766 (4.15977, 11.528)
    9621 (3.61537, 10.5385) -> 9755 (2.78377, 11.7859)
    9622 (18.7742, 24.0661) -> 9122 (17.4589, 23.4561)
    9623 (1.22722, 11.7727) -> 4339 (1.16542, 13.3574)
    9624 (5.58812, 4.82788) -> 5774 (4.82484, 6.62022)
    9625 (8.52544, 6.84114) -> 8224 (7.46349, 7.86934)
    9626 (11.3901, 21.2482) -> 3354 (10.9578, 21.0019)
    9627 (2.95675, 2.76376) -> 1643 (2.84944, 3.56617)
    9628 (19.1541, 9.32834) -> 6645 (17.5614, 9.21832)
    9629 (22.4396, 11.8821) -> 6176 (22.0426, 11.785)
    9630 (13.1817, 9.64995) -> 1481 (11.2736, 9.43481)
    9631 (20.8571, 11.7738) -> 4865 (20.2328, 11.6264)
    9632 (16.1399, 20.7111) -> 9314 (14.8205, 20.2208)
    9633 (20.5522, 21.4835) -> 3542 (19.2808, 21.0558)
    9634 (19.8917, 15.594) -> 8439 (18.7745, 15.7189)
    9635 (14.2586, 16.8531) -> 3598 (13.137, 16.787)
    9636 (24.0204, 8.8462) -> 7153 (22.2044, 8.90809)
    9637 (18.8122, 3.97945) -> 6006 (17.3735, 4.88086)
    9638 (21.0159, 10.4766) -> 582 (19.0863, 10.2117)
    9639 (7.74841, 9.15475) -> 7679 (6.62631, 9.93549)
    9640 (8.25455, 15.8942) -> 3029 (6.64674, 15.7321)
    9641 (3.77661, 23.4307) -> 1251 (3.28075, 22.0163)
    9642 (20.8009, 11.3919) -> 5297 (18.9881, 11.1546)
    9643 (22.0006, 18.2906) -> 7058 (20.9, 18.0556)
    9644 (1.2784, 19.9415) -> 6322 (1.20338, 18.1642)
    9645 (12.9793, 21.7459) -> 201 (12.4243, 21.4725)
    9646 (8.14104, 18.2728) -> 3417 (6.52156, 17.5283)
    9647 (11.5939, 23.3161) -> 1369 (10.8856, 22.8097)
    9648 (16.0942, 11.4765) -> 1658 (15.0061, 10.9484)
    9649 (5.18304, 16.2529) -> 5033 (4.19594, 15.9369)
    9650 (24.171, 24.6706) -> 8607 (23.3093, 24.3252)
    9651 (9.50646, 0.359013) -> 2841 (8.58506, 1.86585)
    9652 (24.4868, 1.09329) -> 5857 (24.3321, 1.21603)
    9653 (9.27728, 2.56788) -> 4080 (8.59341, 3.59096)
    9654 (15.2474, 15.8261) -> 7865 (14.5138, 15.9702)
    9655 (10.6134, 1.93213) -> 6086 (9.4165, 3.40106)
    9656 (16.6857, 21.6115) -> 9323 (15.302, 21.0437)
    9657 (9.85228, 3.16437) -> 7509 (9.08733, 4.15636)
    9658 (17.4157, 13.5545) -> 2230 (16.8664, 13.8294)
    9659 (3.38393, 12.8208) -> 5201 (2.5595, 13.1749)
    9660 (23.9174, 16.0048) -> 7329 (23.4835, 16.0089)
    9661 (23.9655, 21.5867) -> 3079 (23.0553, 21.3378)
    9662 (18.8592, 21.0431) -> 9326 (18.2272, 20.8251)
    9663 (20.762, 19.8446) -> 4274 (19.2457, 19.406)
    9664 (24.2137, 24.1285) -> 8280 (23.0335, 23.6918)
    9665 (7.03171, 9.84559) -> 9309 (5.89239, 10.7248)
    9666 (11.1873, 19.7956) -> 7827 (10.573, 19.4817)
    9667 (3.50124, 0.44363) -> 4798 (3.26699, 2.16421)
    9668 (21.3374, 19.8072) -> 7650 (20.2798, 19.5955)
    9669 (14.752, 20.6053) -> 5607 (13.1358, 19.9502)
    9670 (22.6829, 2.71582) -> 7643 (21.661, 3.34891)
    9671 (0.865266, 19.184) -> 4484 (0.865292, 18.5202)
    9672 (23.9757, 7.06841) -> 5751 (22.4568, 7.359)
    9673 (4.29176, 13.6743) -> 8084 (2.7065, 14.321)
    9674 (4.09943, 5.69824) -> 5016 (3.48527, 7.49138)
    9675 (0.644633, 13.8867) -> 0 (1, 15)
    9676 (16.5422, 3.20218) -> 954 (15.4962, 3.96543)
    9677 (7.572, 20.9135) -> 2899 (6.2715, 19.7461)
    9678 (13.6635, 18.524) -> 8724 (12.0704, 18.0743)
    9679 (23.9507, 15.8329) -> 4600 (22.3939, 15.8761)
    9680 (13.8023, 23.3294) -> 1552 (12.6254, 22.4866)
    9681 (11.5499, 7.46733) -> 6567 (10.3723, 8.25644)
    9682 (7.53708, 18.4841) -> 940 (6.28459, 17.7978)
    9683 (8.96317, 3.72002) -> 3914 (8.29267, 4.66881)
    9684 (1.57292, 0.71183) -> 3077 (1.60295, 2.25222)
    9685 (14.6063, 4.20532) -> 9513 (14.1795, 4.54285)
    9686 (12.4699, 20.8596) -> 3507 (11.8848, 20.5556)
    9687 (17.9912, 2.42607) -> 3649 (16.3747, 3.52667)
    9688 (3.19892, 15.6046) -> 1 (2.9274, 15.534)
    9689 (17.0489, 15.7121) -> 1630 (15.7713, 15.9421)
    9690 (6.51007, 17.626) -> 7533 (4.9086, 16.8816)
    9691 (20.1629, 11.2065) -> 8266 (18.7901, 10.7054)
    9692 (19.1092, 18.6323) -> 9586 (17.2061, 18.2692)
    9693 (16.6264, 6.78428) -> 6243 (16.2015, 6.93015)
    9694 (20.209, 21.7346) -> 2326 (18.7179, 21.2833)
    9695 (15.528, 9.09323) -> 1821 (13.9513, 9.20444)
    9696 (22.1579, 6.53158) -> 3210 (22.092, 6.5559)
    9697 (10.4435, 5.52188) -> 6925 (9.04742, 6.83678)
    9698 (23.1283, 23.1589) -> 6633 (21.3783, 22.4134)
    9699 (17.404, 8.24623) -> 6951 (15.5179, 8.5811)
    9700 (4.57525, 6.95912) -> 8309 (3.99832, 8.2156)
    9701 (19.1872, 11.9011) -> 7864 (18.4509, 11.6907)
    9702 (20.592, 14.068) -> 7848 (19.7613, 14.3133)
    9703 (18.1418, 14.662) -> 6571 (16.611, 15.1758)
    9704 (8.8207, 19.0536) -> 3120 (7.13872, 18.1859)
    9705 (19.637, 5.92486) -> 5996 (18.8272, 6.24166)
    9706 (6.08814, 20.3369) -> 5993 (5.03204, 19.1194)
    9707 (22.5216, 0.160933) -> 2462 (21.3837, 0.897845)
    9708 (7.43023, 23.1999) -> 8450 (6.30455, 21.7722)
    9709 (21.6456, 23.3157) -> 5928 (20.7667, 22.9523)
    9710 (2.21635, 13.8256) -> 0 (1, 15)
    9711 (6.75249, 22.7009) -> 2197 (5.77449, 21.3179)
    9712 (21.284, 3.8171) -> 8332 (19.6811, 4.61037)
    9713 (21.726, 8.19448) -> 7794 (20.0583, 8.36955)
    9714 (4.14403, 12.4241) -> 8991 (3.90597, 12.4922)
    9715 (15.1895, 4.62542) -> 4193 (13.6365, 5.60637)
    9716 (10.6362, 5.07186) -> 801 (9.21237, 6.45529)
    9717 (6.36565, 21.5854) -> 4790 (5.68473, 20.7278)
    9718 (1.64673, 4.17546) -> 5646 (1.54337, 5.97906)
    9719 (13.6471, 4.17934) -> 5541 (12.2937, 5.22085)
    9720 (23.5014, 22.8196) -> 5605 (21.7378, 22.2646)
    9721 (18.735, 10.5422) -> 5420 (17.9078, 10.3864)
    9722 (19.8695, 22.3066) -> 2423 (18.6895, 21.8389)
    9723 (2.47848, 20.7999) -> 9275 (2.33924, 20.3252)
    9724 (14.3343, 18.1876) -> 2952 (12.7461, 17.8829)
    9725 (21.5944, 10.9302) -> 5469 (20.2446, 10.7369)
    9726 (0.928142, 18.8124) -> 986 (0.970879, 17.1237)
    9727 (24.1341, 14.4953) -> 8611 (23.5768, 14.2734)
    9728 (4.74942, 19.5719) -> 7118 (4.00212, 18.6253)
    9729 (12.6942, 23.6989) -> 563 (12.1873, 23.3526)
    9730 (0.599023, 17.8974) -> 3633 (0.670794, 17.433)
    9731 (22.2825, 15.8233) -> 142 (20.7487, 15.9371)
    9732 (13.5504, 10.4058) -> 9997 (13.1824, 10.13)
    9733 (9.67323, 7.88336) -> 2293 (8.88757, 8.43205)
    9734 (18.9433, 23.7641) -> 7047 (18.2949, 23.436)
    9735 (20.9431, 12.625) -> 7708 (19.2216, 12.0712)
    9736 (1.84124, 1.77665) -> 3437 (1.67807, 3.6749)
    9737 (14.1574, 23.6088) -> 4488 (12.5299, 22.4898)
    9738 (5.26751, 3.69962) -> 3876 (4.70244, 5.12528)
    9739 (1.59687, 12.459) -> 3042 (1.25094, 14.0888)
    9740 (10.307, 4.55598) -> 2356 (8.88138, 5.94259)
    9741 (22.6297, 11.2988) -> 1882 (20.93, 11.0056)
    9742 (2.73742, 20.675) -> 7851 (2.25438, 18.9798)
    9743 (15.7608, 19.4322) -> 4337 (14.0807, 19.024)
    9744 (23.766, 22.5541) -> 9923 (22.4313, 22.1029)
    9745 (6.89998, 10.7252) -> 1612 (6.19465, 11.0641)
    9746 (4.69473, 7.9953) -> 9879 (3.81607, 9.64715)
    9747 (12.4155, 8.57806) -> 7063 (11.1723, 9.10685)
    9748 (15.9563, 19.3512) -> 2382 (15.6229, 19.2619)
    9749 (14.5393, 24.1639) -> 4012 (13.8103, 23.6532)
    9750 (3.56119, 20.6111) -> 4629 (3.0369, 19.5468)
    9751 (16.4161, 1.86599) -> 9425 (15.3528, 2.77123)
    9752 (9.99811, 6.17713) -> 9781 (8.60815, 7.41506)
    9753 (14.6881, 15.6923) -> 9004 (12.8896, 16.187)
    9754 (0.248385, 15.0833) -> 0 (1, 15)
    9755 (2.78377, 11.7859) -> 6996 (1.89003, 13.2185)
    9756 (0.174659, 22.7285) -> 5550 (0.419495, 20.7796)
    9757 (1.12539, 14.1769) -> 0 (1, 15)
    9758 (7.73383, 18.2274) -> 9690 (6.51007, 17.626)
    9759 (8.98, 21.7142) -> 278 (7.86101, 20.7717)
    9760 (15.9474, 5.51529) -> 8404 (15.4288, 5.86399)
    9761 (11.7946, 20.5503) -> 101 (10.3181, 19.6938)
    9762 (3.77375, 5.2169) -> 6999 (3.49108, 6.15449)
    9763 (1.71821, 5.91332) -> 2374 (1.58737, 7.74092)
    9764 (19.9874, 6.63248) -> 4785 (19.425, 6.77991)
    9765 (16.1592, 4.12055) -> 8798 (15.7883, 4.31929)
    9766 (3.19311, 8.07935) -> 4163 (2.62681, 9.81556)
    9767 (20.4253, 0.702057) -> 743 (19.1625, 1.58544)
    9768 (5.03116, 13.8931) -> 5758 (3.47204, 14.343)
    9769 (7.41286, 15.6478) -> 8471 (6.51536, 15.528)
    9770 (5.41289, 21.442) -> 3891 (4.4304, 19.9488)
    9771 (17.2623, 5.90655) -> 9239 (15.5886, 6.72574)
    9772 (17.0184, 9.17306) -> 3521 (15.1309, 9.21487)
    9773 (0.27095, 18.8015) -> 2363 (0.526883, 17.6437)
    9774 (9.36768, 5.09934) -> 7911 (8.14483, 6.52789)
    9775 (15.8991, 0.977976) -> 5745 (15.4927, 1.33162)
    9776 (10.7579, 7.40473) -> 1511 (10.1637, 7.86521)
    9777 (5.41149, 3.11126) -> 348 (5.07573, 4.21045)
    9778 (16.7333, 15.8145) -> 8356 (15.7024, 15.9957)
    9779 (21.5338, 22.144) -> 9694 (20.209, 21.7346)
    9780 (19.343, 18.1688) -> 5531 (17.8549, 17.9176)
    9781 (8.60815, 7.41506) -> 5285 (7.86596, 8.05705)
    9782 (15.4635, 16.6159) -> 7420 (14.1255, 16.6414)
    9783 (18.7873, 16.9403) -> 8808 (17.0227, 16.7734)
    9784 (22.9654, 18.9854) -> 316 (21.5634, 18.7222)
    9785 (5.30826, 20.6658) -> 8008 (4.8827, 20.0687)
    9786 (9.93473, 24.5284) -> 1326 (9.40665, 23.9619)
    9787 (19.3838, 8.77442) -> 2005 (17.7585, 8.96587)
    9788 (7.00254, 4.81204) -> 9310 (6.44459, 5.73634)
    9789 (15.8235, 23.6382) -> 4023 (14.5671, 22.9298)
    9790 (17.9364, 19.5471) -> 5905 (16.6699, 19.1744)
    9791 (21.6994, 7.12577) -> 6517 (20.0757, 7.4841)
    9792 (24.8229, 16.375) -> 4229 (23.2816, 16.4017)
    9793 (19.8873, 8.09283) -> 6382 (19.2218, 8.22975)
    9794 (15.5602, 18.1749) -> 8817 (13.7877, 17.7588)
    9795 (22.1242, 12.6457) -> 8713 (21.6869, 12.5083)
    9796 (10.2693, 18.2735) -> 4646 (9.25869, 17.9279)
    9797 (24.4192, 18.2127) -> 6180 (22.7534, 17.945)
    9798 (21.8002, 10.7322) -> 1920 (20.4261, 10.5401)
    9799 (4.58069, 18.5724) -> 9429 (3.63535, 17.639)
    9800 (2.30572, 0.00969673) -> 9400 (2.2953, 0.720842)
    9801 (11.1997, 2.5664) -> 5713 (10.1006, 3.77263)
    9802 (2.40136, 2.10988) -> 6710 (2.14777, 4.0442)
    9803 (0.551369, 12.1982) -> 7796 (0.549684, 12.339)
    9804 (20.8867, 19.5601) -> 9249 (19.4419, 19.2134)
    9805 (0.758236, 5.81783) -> 6485 (0.762521, 7.18247)
    9806 (23.0402, 3.26366) -> 7401 (21.3848, 4.10017)
    9807 (21.8978, 5.07015) -> 6617 (20.7948, 5.50483)
    9808 (4.8442, 14.6092) -> 5809 (2.89199, 14.824)
    9809 (16.8745, 2.61474) -> 6560 (15.383, 3.83424)
    9810 (4.47304, 17.2594) -> 2250 (2.87007, 16.2447)
    9811 (5.45261, 12.6707) -> 8780 (5.1963, 12.7213)
    9812 (10.8057, 8.51278) -> 9115 (9.83497, 8.97868)
    9813 (7.24707, 12.574) -> 9559 (5.54577, 12.7936)
    9814 (6.84081, 20.8327) -> 8330 (5.75101, 19.8194)
    9815 (7.64613, 4.69391) -> 8823 (7.16268, 5.40152)
    9816 (4.31901, 21.8907) -> 7696 (3.5561, 20.2487)
    9817 (9.9215, 1.40589) -> 7983 (8.87766, 2.91944)
    9818 (14.1778, 10.5544) -> 9997 (13.1824, 10.13)
    9819 (20.9318, 12.2567) -> 7990 (19.9544, 11.9549)
    9820 (1.04787, 10.0357) -> 7951 (1.01784, 11.5192)
    9821 (3.9789, 23.404) -> 9606 (3.48749, 22.1254)
    9822 (21.7545, 13.5506) -> 6251 (20.4334, 13.0588)
    9823 (9.2611, 18.7836) -> 9646 (8.14104, 18.2728)
    9824 (17.6035, 10.1193) -> 5648 (16.4751, 9.96664)
    9825 (11.1813, 6.32433) -> 9992 (9.96491, 7.38354)
    9826 (15.2055, 18.6693) -> 5964 (13.868, 18.3548)
    9827 (21.5061, 18.0497) -> 7958 (19.5205, 17.8288)
    9828 (19.7552, 9.5846) -> 1420 (18.0688, 9.68831)
    9829 (7.37293, 1.99791) -> 5305 (6.53093, 3.68558)
    9830 (20.9554, 4.25358) -> 8486 (19.6109, 4.84414)
    9831 (9.19091, 24.9671) -> 6524 (8.47668, 24.1008)
    9832 (7.19368, 12.5762) -> 9559 (5.54577, 12.7936)
    9833 (13.1979, 19.8414) -> 4730 (12.0524, 19.3585)
    9834 (9.91183, 18.3268) -> 3626 (8.15412, 17.7105)
    9835 (24.1508, 13.6178) -> 1365 (23.054, 13.2517)
    9836 (8.99679, 18.9492) -> 7250 (7.64023, 18.3302)
    9837 (7.17886, 3.75598) -> 6888 (6.68217, 4.65894)
    9838 (16.2244, 14.9962) -> 6720 (14.5126, 15.638)
    9839 (15.7591, 16.45) -> 1342 (14.1132, 16.4031)
    9840 (1.29853, 18.1085) -> 2133 (1.07799, 16.4523)
    9841 (12.5866, 17.4042) -> 3738 (10.9548, 17.0906)
    9842 (18.1312, 21.604) -> 6518 (17.0235, 21.1719)
    9843 (10.3385, 18.9324) -> 4902 (8.80196, 18.2278)
    9844 (7.80261, 10.0675) -> 1612 (6.19465, 11.0641)
    9845 (21.893, 20.7859) -> 7113 (20.9719, 20.5899)
    9846 (8.99628, 16.6158) -> 8347 (8.11038, 16.4507)
    9847 (21.7566, 20.9572) -> 1431 (20.637, 20.5857)
    9848 (23.7033, 0.0227476) -> 8733 (22.1325, 0.970164)
    9849 (6.50478, 3.59958) -> 9128 (6.12224, 4.35127)
    9850 (24.4333, 17.3405) -> 8107 (22.6007, 17.1345)
    9851 (17.1512, 10.588) -> 220 (15.2866, 10.0164)
    9852 (24.3063, 16.9974) -> 9279 (23.3522, 16.9217)
    9853 (10.2294, 4.59477) -> 2356 (8.88138, 5.94259)
    9854 (21.415, 16.5655) -> 7438 (20.0918, 16.5839)
    9855 (19.1181, 6.60232) -> 5449 (17.7084, 7.0397)
    9856 (4.68827, 14.8091) -> 8302 (3.47165, 14.8233)
    9857 (17.0993, 23.9108) -> 5288 (16.2043, 23.4138)
    9858 (8.00937, 0.757251) -> 9829 (7.37293, 1.99791)
    9859 (15.8067, 8.50285) -> 6951 (15.5179, 8.5811)
    9860 (6.64364, 20.9729) -> 5841 (5.32769, 19.6492)
    9861 (9.65134, 19.368) -> 4507 (8.19027, 18.6555)
    9862 (19.7437, 14.6576) -> 2543 (17.9208, 15.0455)
    9863 (1.12035, 18.3807) -> 2133 (1.07799, 16.4523)
    9864 (12.3212, 22.8945) -> 5374 (10.8213, 21.809)
    9865 (22.7735, 24.7519) -> 8273 (21.6739, 24.1822)
    9866 (22.0094, 21.5902) -> 2043 (20.7445, 21.1603)
    9867 (20.816, 15.7878) -> 835 (20.3631, 15.8515)
    9868 (3.67746, 13.7144) -> 3320 (2.684, 14.1719)
    9869 (3.75564, 11.0466) -> 3061 (3.52693, 11.292)
    9870 (11.5386, 22.0112) -> 618 (9.98796, 20.9653)
    9871 (21.1584, 0.0880364) -> 2965 (19.9616, 0.803629)
    9872 (1.06947, 9.78619) -> 7951 (1.01784, 11.5192)
    9873 (15.8458, 14.3698) -> 8384 (15.2483, 14.7871)
    9874 (23.6938, 8.34637) -> 2294 (22.7127, 8.45938)
    9875 (15.9941, 13.6738) -> 6361 (15.2231, 14.2832)
    9876 (12.2989, 17.6879) -> 464 (10.5964, 17.2824)
    9877 (7.3583, 23.3554) -> 192 (6.25662, 21.9628)
    9878 (18.0484, 5.85851) -> 7166 (16.3613, 6.61326)
    9879 (3.81607, 9.64715) -> 1147 (2.84206, 11.308)
    9880 (18.9349, 8.28344) -> 2428 (17.2575, 8.46246)
    9881 (11.9803, 3.3628) -> 6900 (11.1953, 4.16904)
    9882 (3.52103, 4.84442) -> 966 (3.15657, 6.33112)
    9883 (5.76897, 19.2705) -> 6017 (4.87637, 18.4627)
    9884 (16.9621, 11.6462) -> 6483 (15.9577, 11.2488)
    9885 (15.0303, 9.98916) -> 9630 (13.1817, 9.64995)
    9886 (2.04827, 19.6871) -> 107 (1.8323, 18.6381)
    9887 (1.1346, 15.034) -> 0 (1, 15)
    9888 (22.8186, 2.78385) -> 4064 (22.1375, 3.17689)
    9889 (16.8902, 22.9799) -> 1298 (15.3246, 22.2051)
    9890 (11.5033, 21.8239) -> 2720 (11.0519, 21.5182)
    9891 (22.9991, 15.6511) -> 5395 (21.2093, 15.7753)
    9892 (0.288455, 6.10205) -> 1168 (0.421074, 7.54748)
    9893 (24.2486, 3.51587) -> 4946 (22.4288, 4.25421)
    9894 (24.0204, 0.528365) -> 6828 (22.6347, 1.28986)
    9895 (2.45575, 22.9728) -> 4227 (2.23002, 21.7213)
    9896 (6.33673, 18.4071) -> 1423 (5.02028, 17.5387)
    9897 (24.8312, 5.57341) -> 3851 (23.9104, 5.85179)
    9898 (24.3269, 22.356) -> 5476 (23.0781, 21.9438)
    9899 (21.4154, 19.9555) -> 3514 (20.8089, 19.7599)
    9900 (3.43093, 24.3698) -> 8186 (3.03109, 22.9073)
    9901 (6.27945, 3.50948) -> 1631 (5.72444, 4.74267)
    9902 (18.1128, 5.91789) -> 48 (16.7034, 6.54973)
    9903 (5.00594, 3.67471) -> 767 (4.41206, 5.38197)
    9904 (12.7544, 6.72165) -> 3742 (11.8169, 7.33232)
    9905 (17.7313, 0.186122) -> 8877 (16.7785, 1.05376)
    9906 (1.04535, 15.5267) -> 0 (1, 15)
    9907 (3.27863, 9.81937) -> 9405 (2.72159, 10.898)
    9908 (19.8518, 14.7703) -> 5223 (17.9401, 15.1923)
    9909 (21.4617, 20.1641) -> 178 (19.8513, 19.7144)
    9910 (10.6951, 1.52558) -> 8164 (10.2732, 2.07728)
    9911 (2.79057, 13.7132) -> 9112 (2.41368, 13.9728)
    9912 (24.8913, 2.36282) -> 118 (24.0387, 2.83212)
    9913 (4.49416, 10.5464) -> 2377 (4.00367, 11.1272)
    9914 (6.04277, 21.2984) -> 4632 (5.35863, 20.3235)
    9915 (10.2579, 19.9446) -> 2726 (8.9271, 19.1946)
    9916 (6.77515, 16.8588) -> 730 (5.31508, 16.4274)
    9917 (13.67, 9.19434) -> 963 (11.6965, 9.36711)
    9918 (15.7813, 19.9751) -> 156 (13.9506, 19.3492)
    9919 (23.5313, 20.0281) -> 4911 (22.5096, 19.7626)
    9920 (11.9591, 16.5529) -> 1846 (10.873, 16.5071)
    9921 (10.427, 18.4614) -> 3442 (8.62885, 17.758)
    9922 (1.94029, 8.24479) -> 7785 (1.87089, 8.99401)
    9923 (22.4313, 22.1029) -> 9633 (20.5522, 21.4835)
    9924 (2.25707, 2.02085) -> 8053 (2.12324, 3.14518)
    9925 (15.2252, 3.30462) -> 654 (14.3397, 3.92132)
    9926 (12.8472, 4.14671) -> 7168 (12.4191, 4.54177)
    9927 (0.0819469, 0.238634) -> 6369 (0.134805, 1.49355)
    9928 (19.7174, 15.0887) -> 8261 (18.2169, 15.4211)
    9929 (4.62716, 17.9114) -> 145 (3.676, 17.1512)
    9930 (10.199, 17.5702) -> 8081 (8.64472, 17.1883)
    9931 (22.6459, 13.2257) -> 9735 (20.9431, 12.625)
    9932 (24.1979, 11.2823) -> 4527 (22.2193, 11.0428)
    9933 (11.4784, 8.58718) -> 6315 (10.2282, 9.4719)
    9934 (4.31591, 12.045) -> 9542 (4.25477, 12.1288)
    9935 (13.683, 0.854171) -> 1901 (12.3251, 2.24111)
    9936 (18.5438, 3.9393) -> 256 (17.9839, 4.24843)
    9937 (1.81293, 10.2236) -> 4978 (1.60002, 11.2532)
    9938 (12.485, 2.23929) -> 5586 (11.3318, 3.37088)
    9939 (8.62603, 7.06241) -> 520 (7.31161, 8.30594)
    9940 (20.7488, 14.6103) -> 9908 (19.8518, 14.7703)
    9941 (4.89739, 13.9633) -> 5758 (3.47204, 14.343)
    9942 (7.33282, 3.89982) -> 2870 (6.51298, 5.46173)
    9943 (17.2897, 10.6718) -> 2957 (15.9924, 10.2709)
    9944 (5.3073, 5.20215) -> 8966 (4.68122, 6.4801)
    9945 (7.13217, 2.73105) -> 1247 (6.42978, 4.22212)
    9946 (2.23642, 8.82865) -> 4842 (2.14923, 9.34147)
    9947 (19.1228, 21.2879) -> 9157 (18.7138, 21.1439)
    9948 (2.0678, 6.11025) -> 5191 (2.04238, 6.46783)
    9949 (7.67307, 16.6737) -> 7933 (6.31532, 16.4142)
    9950 (1.32093, 20.5884) -> 8374 (1.28154, 19.9849)
    9951 (18.9299, 0.120513) -> 9161 (17.9653, 0.870858)
    9952 (7.45955, 16.7816) -> 8659 (6.41666, 16.5041)
    9953 (23.4192, 13.4895) -> 7232 (22.2689, 13.0828)
    9954 (16.3454, 18.0077) -> 3889 (15.085, 17.7991)
    9955 (10.4413, 6.56092) -> 4284 (8.9949, 7.69847)
    9956 (0.957696, 6.64653) -> 1238 (1.02178, 8.20118)
    9957 (4.91153, 11.1139) -> 7952 (4.06914, 11.7762)
    9958 (12.233, 1.28974) -> 1685 (11.1836, 2.4949)
    9959 (8.34692, 8.45604) -> 9379 (7.13577, 9.29916)
    9960 (0.658471, 8.38466) -> 27 (0.70158, 9.12635)
    9961 (6.08851, 2.0701) -> 4765 (5.33248, 3.67475)
    9962 (24.5178, 20.7305) -> 6376 (23.3171, 20.4918)
    9963 (2.22163, 13.898) -> 0 (1, 15)
    9964 (7.12036, 8.86199) -> 3672 (6.05345, 9.76468)
    9965 (23.5364, 24.0087) -> 6933 (23.0327, 23.8192)
    9966 (7.23145, 4.62212) -> 9310 (6.44459, 5.73634)
    9967 (24.5686, 7.91056) -> 2694 (23.6408, 7.99976)
    9968 (23.702, 23.1727) -> 7004 (21.9062, 22.528)
    9969 (13.9617, 15.1456) -> 7962 (13.2778, 15.7884)
    9970 (20.3903, 20.8952) -> 8914 (19.25, 20.5457)
    9971 (14.1352, 7.80447) -> 1344 (12.6351, 8.47942)
    9972 (2.56851, 9.99173) -> 9324 (2.06046, 11.6223)
    9973 (2.57213, 3.71475) -> 7183 (2.337, 5.43466)
    9974 (1.70545, 20.6636) -> 6655 (1.59634, 19.3946)
    9975 (22.0558, 5.08885) -> 2873 (20.519, 5.65493)
    9976 (6.11698, 17.7676) -> 2603 (5.17389, 17.229)
    9977 (7.06365, 24) -> 4624 (6.27003, 22.7122)
    9978 (5.52251, 14.8091) -> 2089 (3.87347, 14.8952)
    9979 (2.61451, 14.0595) -> 0 (1, 15)
    9980 (0.133096, 9.58191) -> 8285 (0.405992, 11.2784)
    9981 (10.2507, 8.71958) -> 8138 (8.87232, 9.45964)
    9982 (4.2693, 8.5943) -> 8123 (3.80808, 9.32625)
    9983 (4.31222, 10.6735) -> 2377 (4.00367, 11.1272)
    9984 (4.62475, 13.7795) -> 2762 (3.67958, 14.0579)
    9985 (15.4596, 22.528) -> 5295 (13.68, 21.6174)
    9986 (16.0788, 9.77631) -> 8609 (14.4533, 9.6879)
    9987 (2.25482, 13.7151) -> 0 (1, 15)
    9988 (12.3508, 24.4799) -> 3295 (11.1218, 23.4236)
    9989 (8.38392, 7.44398) -> 2682 (6.93101, 8.76201)
    9990 (24.2224, 9.10502) -> 8121 (22.5059, 9.13689)
    9991 (10.4583, 2.59481) -> 9550 (9.26414, 4.12174)
    9992 (9.96491, 7.38354) -> 9211 (8.82336, 8.25613)
    9993 (15.3204, 8.40649) -> 8961 (13.6805, 8.75558)
    9994 (4.64463, 8.6742) -> 5220 (3.63752, 10.3738)
    9995 (21.3788, 9.07512) -> 2545 (19.5067, 9.03099)
    9996 (14.2627, 21.6175) -> 8551 (13.1165, 21.087)
    9997 (13.1824, 10.13) -> 963 (11.6965, 9.36711)
    9998 (21.7527, 1.08395) -> 2205 (21.1676, 1.47313)
