Children Map for Subproblem Tree 58
======================================
Parent ID (x, y) -> [List of Children IDs (x, y)]
    0 (1, 15) -> [ 1 (2.9274, 15.534); 8 (1.32787, 13.0271); 10 (0.635266, 14.1057); 12 (0.57032, 16.9533); 64 (1.41575, 14.0225); 83 (1.7263, 13.9304); 95 (1.49566, 14.0425); 152 (2.48738, 15.0987); 164 (1.10706, 14.8015); 215 (0.88299, 13.7733); 300 (0.476454, 16.2312); 324 (2.18059, 13.6208); 387 (1.35315, 13.187); 399 (0.969762, 14.012); 424 (0.4333, 14.3929); 448 (1.24865, 15.7103); 461 (1.40117, 16.3608); 500 (2.05352, 14.5562); 510 (2.5343, 14.4181); 529 (0.978996, 14.9229); 532 (2.01665, 15.8157); 555 (2.77875, 15.9046); 591 (0.733265, 14.8337); 630 (0.950251, 14.8964); 726 (2.2085, 13.4321); 755 (2.10651, 15.0771); 890 (0.0685316, 13.5024); 894 (0.00572125, 13.935); 1036 (1.77563, 15.7126); 1048 (2.91499, 14.7187); 1080 (0.828559, 13.2809); 1189 (2.62531, 14.6791); 1198 (0.77195, 13.6872); 1321 (1.45192, 15.066); 1331 (0.690603, 13.1101); 1421 (2.29613, 13.5605); 1448 (0.0458382, 14.3821); 1463 (2.05717, 13.4591); 1555 (2.67363, 14.821); 1580 (0.297971, 14.5342); 1600 (1.70968, 15.7166); 1623 (1.37587, 14.5546); 1629 (0.807266, 16.1838); 1689 (2.59894, 15.6198); 1726 (2.08041, 14.5397); 1744 (0.357013, 15.0081); 1750 (2.43742, 14.0995); 1760 (1.15378, 15.4336); 1765 (1.87246, 16.6273); 1796 (1.81187, 14.4482); 1841 (2.37297, 15.9213); 1844 (2.29421, 14.9974); 1888 (2.94905, 15.1581); 1952 (0.81943, 16.6792); 2007 (0.779704, 14.3595); 2133 (1.07799, 16.4523); 2147 (1.00217, 15.7418); 2274 (0.325632, 15.8869); 2280 (1.28349, 13.2038); 2298 (0.0276532, 13.4181); 2324 (0.879144, 13.4873); 2481 (1.66001, 16.7055); 2594 (0.322376, 14.838); 2739 (0.353138, 14.5915); 2799 (0.947095, 13.8069); 2847 (1.76805, 14.5681); 2906 (1.81767, 15.0026); 3010 (0.184897, 14.8845); 3035 (0.681641, 15.1051); 3042 (1.25094, 14.0888); 3058 (2.06933, 14.1775); 3071 (0.761351, 13.1082); 3320 (2.684, 14.1719); 3412 (1.54483, 16.4856); 3528 (2.41012, 14.5107); 3536 (1.87757, 16.2015); 3543 (0.693661, 14.9518); 3593 (0.472807, 14.0739); 3667 (1.01786, 16.6171); 3754 (1.37497, 15.7206); 3796 (2.28908, 15.4558); 3871 (1.62424, 16.8004); 3882 (0.838647, 14.7991); 3975 (0.23338, 14.3051); 4026 (2.31444, 15.4288); 4066 (2.14065, 14.1614); 4120 (1.8886, 16.3793); 4176 (0.744693, 16.5567); 4220 (0.0588486, 15.3449); 4339 (1.16542, 13.3574); 4402 (1.77403, 13.8973); 4431 (1.92574, 15.7078); 4472 (1.28242, 13.4083); 4499 (0.62151, 14.4127); 4576 (0.504708, 14.4849); 4643 (0.439457, 15.0103); 4649 (0.225651, 16.1653); 4667 (2.21051, 13.8668); 4681 (1.63842, 15.4714); 4704 (1.58743, 15.0501); 4794 (0.106929, 15.6414); 4796 (1.50955, 15.0175); 4867 (1.07124, 14.3945); 4932 (0.0746993, 13.481); 4950 (0.299091, 15.0623); 4967 (1.27444, 16.3941); 4980 (0.801848, 13.1148); 5017 (0.45985, 13.983); 5097 (0.979493, 14.1616); 5143 (2.38425, 15.0146); 5206 (1.84464, 13.9384); 5320 (1.31184, 14.8776); 5343 (0.831489, 14.4966); 5558 (0.626012, 14.8792); 5639 (1.39547, 14.2952); 5671 (2.20177, 15.0375); 5809 (2.89199, 14.824); 5853 (1.91174, 13.3032); 5884 (0.758196, 15.8671); 5974 (0.301944, 16.4455); 5999 (1.85521, 13.6051); 6054 (1.37592, 15.6753); 6364 (1.02067, 14.3584); 6374 (1.47012, 16.498); 6404 (0.726391, 16.2654); 6473 (0.904092, 14.1454); 6521 (1.44126, 15.4089); 6529 (2.10893, 13.9671); 6584 (0.914299, 15.6286); 6616 (2.72255, 15.7991); 6682 (0.558723, 16.6017); 6731 (0.48665, 13.2045); 6755 (1.70811, 15.5728); 6759 (0.119865, 13.3903); 6908 (1.93036, 16.5832); 6962 (2.03118, 15.6348); 6996 (1.89003, 13.2185); 7231 (0.46363, 14.1633); 7238 (1.77053, 13.8606); 7336 (0.807065, 14.363); 7396 (0.755701, 15.9425); 7415 (1.26427, 15.4912); 7522 (0.479615, 14.7056); 7595 (2.17864, 15.0642); 7599 (2.06763, 14.3915); 7702 (2.107, 16.1155); 7704 (1.49128, 16.2511); 7751 (1.24194, 16.2216); 7771 (2.1759, 15.5193); 7805 (1.51117, 13.1277); 7829 (1.61732, 15.2167); 7903 (0.502298, 13.6241); 8074 (2.47433, 14.2193); 8084 (2.7065, 14.321); 8103 (1.36947, 13.1456); 8119 (0.309965, 16.0877); 8162 (1.92129, 15.8611); 8165 (2.70324, 15.8418); 8232 (2.50433, 15.6914); 8239 (0.720996, 14.0157); 8262 (1.36361, 15.0808); 8268 (1.3003, 16.0706); 8301 (1.43825, 16.032); 8360 (0.869356, 16.194); 8370 (0.0121552, 14.9336); 8422 (2.63869, 13.9248); 8437 (0.341678, 13.6411); 8503 (2.42865, 13.8882); 8508 (1.70706, 14.7509); 8521 (2.35585, 13.5621); 8554 (0.326364, 13.7189); 8597 (2.17156, 15.9227); 8618 (1.15882, 14.6717); 8689 (0.987979, 13.2063); 8967 (1.02731, 13.0207); 9005 (0.94754, 16.4803); 9076 (0.214025, 14.628); 9085 (0.257867, 16.331); 9112 (2.41368, 13.9728); 9113 (1.78882, 14.9309); 9322 (2.35798, 13.8675); 9459 (0.207905, 14.2192); 9539 (1.63978, 14.5013); 9675 (0.644633, 13.8867); 9710 (2.21635, 13.8256); 9754 (0.248385, 15.0833); 9757 (1.12539, 14.1769); 9887 (1.1346, 15.034); 9906 (1.04535, 15.5267); 9963 (2.22163, 13.898); 9979 (2.61451, 14.0595); 9987 (2.25482, 13.7151); ]
    1 (2.9274, 15.534) -> [ 868 (4.19675, 15.7419); 5033 (4.19594, 15.9369); 6076 (4.71782, 16.1781); 6420 (3.56224, 15.7002); 6989 (3.46072, 15.6297); 9688 (3.19892, 15.6046); ]
    2 (4.922, 15.3872) -> [ 2936 (6.83032, 15.5304); 3158 (6.30941, 15.4577); 5136 (6.74491, 15.4639); ]
    3 (6.70982, 16.2837) -> [ 6783 (8.44848, 16.714); 7473 (8.53704, 16.7271); 8293 (8.44519, 16.6992); ]
    4 (7.78135, 14.595) -> [ ]
    5 (6.79114, 18.2821) -> [ 2497 (8.08198, 19.0308); 5426 (8.18021, 19.0514); 6093 (8.23486, 19.151); ]
    6 (8.74749, 18.6976) -> [ ]
    7 (10.6796, 18.181) -> [ ]
    8 (1.32787, 13.0271) -> [ 5296 (1.72966, 12.1472); 6203 (1.9929, 12.163); 6832 (2.08606, 11.8345); ]
    9 (1.3659, 11.0274) -> [ 5044 (1.61473, 9.14488); ]
    10 (0.635266, 14.1057) -> [ 979 (0.202713, 13.0301); 1944 (0.201486, 13.0247); ]
    11 (5.81793, 20.0293) -> [ ]
    12 (0.57032, 16.9533) -> [ ]
    13 (4.31026, 21.3435) -> [ ]
    14 (3.35531, 20.4902) -> [ ]
    15 (10.9986, 18.3586) -> [ ]
    16 (1.80054, 9.07522) -> [ ]
    17 (12.9666, 18.7145) -> [ ]
    18 (2.56128, 11.4941) -> [ ]
    19 (13.1526, 19.5551) -> [ 5312 (14.233, 20.5354); ]
    20 (8.68664, 19.5319) -> [ 4483 (9.55454, 20.033); ]
    22 (4.41685, 22.6404) -> [ 5882 (5.16298, 24.1796); 6338 (4.9249, 23.9795); 6630 (4.76707, 23.6321); 7199 (5.124, 24.0097); ]
    23 (14.5077, 17.4396) -> [ ]
    24 (16.0983, 16.2273) -> [ 4728 (16.8584, 17.9268); 5239 (16.6984, 17.551); 8745 (16.8872, 18.0479); ]
    25 (14.9319, 20.4684) -> [ 7577 (15.8256, 21.1829); ]
    26 (2.84093, 12.3739) -> [ ]
    27 (0.70158, 9.12635) -> [ 4663 (0.732079, 7.43365); ]
    28 (16.2136, 22.0038) -> [ ]
    29 (13.8772, 21.2957) -> [ 8233 (14.3569, 21.5034); 9436 (14.2159, 21.4871); ]
    30 (17.2163, 14.569) -> [ ]
    31 (16.1186, 12.8971) -> [ ]
    32 (14.7757, 11.415) -> [ 6724 (15.6866, 12.1759); ]
    33 (16.0611, 9.88282) -> [ ]
    34 (17.1178, 8.18473) -> [ 5742 (18.7931, 7.84549); ]
    35 (18.1347, 22.5598) -> [ ]
    36 (15.5088, 6.99673) -> [ ]
    37 (20.1184, 22.8149) -> [ 9243 (20.7408, 24.2732); ]
    38 (20.3364, 20.8268) -> [ ]
    39 (2.52811, 7.21225) -> [ ]
    40 (16.9054, 7.53079) -> [ 955 (18.5132, 6.93365); 2138 (18.2443, 7.01306); 6650 (18.3123, 7.04232); ]
    41 (16.2459, 23.2416) -> [ ]
    42 (19.1072, 13.9173) -> [ ]
    43 (14.1956, 5.4883) -> [ ]
    44 (18.627, 6.51282) -> [ 6753 (20.1605, 5.95914); ]
    45 (3.56803, 15.4566) -> [ ]
    46 (20.7785, 12.8188) -> [ ]
    47 (14.2408, 17.3345) -> [ ]
    48 (16.7034, 6.54973) -> [ 3733 (16.9158, 6.4217); 4925 (17.4958, 6.14111); 6849 (17.0769, 6.33826); 9902 (18.1128, 5.91789); ]
    49 (20.588, 6.11995) -> [ 9361 (22.0296, 5.71001); 9540 (22.1331, 5.5959); ]
    50 (12.1956, 5.48345) -> [ ]
    51 (18.7098, 8.73483) -> [ 8898 (20.5922, 8.53746); ]
    52 (15.5741, 20.711) -> [ 7458 (17.0516, 21.7405); ]
    53 (10.5363, 4.36686) -> [ ]
    54 (3.2632, 5.35224) -> [ ]
    55 (15.7913, 4.28266) -> [ 7721 (17.1472, 3.44434); ]
    56 (13.6102, 3.5759) -> [ ]
    57 (1.95371, 12.6838) -> [ ]
    58 (1.81122, 11.7752) -> [ ]
    59 (11.1968, 7.21619) -> [ 6453 (12.4587, 6.42897); ]
    60 (21.1656, 4.20516) -> [ ]
    61 (21.8256, 3.94879) -> [ ]
    62 (4.46418, 7.71389) -> [ 7832 (5.05125, 6.66833); ]
    63 (19.7761, 22.5556) -> [ 3781 (20.2477, 23.4685); 7995 (20.4417, 23.904); 9417 (20.5806, 24.1192); ]
    64 (1.41575, 14.0225) -> [ ]
    65 (4.25262, 10.4266) -> [ 2665 (5.40405, 9.24636); ]
    66 (16.9114, 9.39763) -> [ ]
    67 (15.1735, 5.35288) -> [ ]
    68 (16.1477, 9.09361) -> [ ]
    69 (5.09186, 21.0709) -> [ ]
    70 (23.6393, 4.79183) -> [ ]
    71 (22.5217, 4.39271) -> [ 1657 (23.6842, 3.85561); ]
    72 (2.85974, 23.5655) -> [ 5530 (3.19662, 24.9798); 7922 (3.04827, 24.4017); ]
    73 (22.7784, 12.7997) -> [ 9418 (23.965, 13.1311); ]
    74 (2.31518, 3.5912) -> [ ]
    75 (17.2479, 8.18563) -> [ 7543 (19.1229, 7.84264); ]
    76 (12.3105, 2.05573) -> [ 2985 (13.3359, 0.97996); 4071 (13.4382, 0.844223); 5495 (13.602, 0.751657); ]
    77 (1.36359, 9.40923) -> [ 6701 (1.49545, 7.42655); ]
    78 (6.23733, 10.6734) -> [ ]
    80 (12.1616, 22.3237) -> [ ]
    81 (4.18642, 2.88519) -> [ 1453 (4.70792, 1.33854); ]
    82 (10.7075, 1.58482) -> [ 7567 (11.9233, 0.100869); 8908 (11.9113, 0.0555983); ]
    83 (1.7263, 13.9304) -> [ ]
    84 (21.9282, 7.6045) -> [ ]
    85 (22.2881, 21.2636) -> [ ]
    86 (13.2285, 24.0153) -> [ ]
    87 (1.6161, 19.7115) -> [ ]
    88 (15.5759, 24.6139) -> [ ]
    89 (4.30998, 0.889014) -> [ ]
    90 (16.6249, 11.6718) -> [ ]
    91 (9.59389, 21.3143) -> [ ]
    92 (6.44583, 7.98417) -> [ ]
    93 (1.96421, 17.9853) -> [ 1023 (2.14189, 18.6237); 2871 (2.43818, 19.3813); 5109 (2.32085, 19.8244); 5769 (2.34005, 19.1464); 5819 (2.38364, 19.374); 7851 (2.25438, 18.9798); ]
    94 (21.6906, 3.66216) -> [ ]
    96 (11.3244, 3.76887) -> [ ]
    97 (1.88601, 19.4185) -> [ ]
    98 (24.2024, 5.00129) -> [ 8606 (24.8919, 4.79044); ]
    99 (17.5313, 11.7065) -> [ ]
    100 (22.886, 12.0238) -> [ 6583 (24.8062, 12.5109); ]
    101 (10.3181, 19.6938) -> [ 1958 (12.0395, 20.5057); 3507 (11.8848, 20.5556); 5238 (12.0527, 20.4979); 9761 (11.7946, 20.5503); ]
    102 (20.3868, 20.0077) -> [ ]
    103 (21.1265, 10.8493) -> [ ]
    104 (2.39012, 22.0638) -> [ ]
    105 (14.092, 15.4939) -> [ ]
    106 (21.9719, 23.3958) -> [ ]
    107 (1.8323, 18.6381) -> [ 1980 (2.35751, 20.3437); 3479 (2.25719, 20.5788); 7355 (2.05288, 19.7202); 9275 (2.33924, 20.3252); 9886 (2.04827, 19.6871); ]
    108 (3.85622, 3.10775) -> [ ]
    109 (21.9243, 18.7286) -> [ ]
    110 (10.6323, 5.40625) -> [ ]
    111 (22.3261, 6.75522) -> [ ]
    112 (9.28993, 3.59282) -> [ ]
    113 (9.75532, 16.4074) -> [ 4068 (11.1742, 16.5811); 7699 (10.3996, 16.5323); 8608 (10.6367, 17.0092); 9307 (11.4266, 17.4372); ]
    114 (19.8984, 15.7542) -> [ ]
    115 (18.9688, 15.4121) -> [ ]
    116 (8.89262, 0.744545) -> [ 3392 (9.21224, 0.21547); ]
    117 (2.11844, 11.8691) -> [ ]
    118 (24.0387, 2.83212) -> [ 9912 (24.8913, 2.36282); ]
    119 (12.4822, 23.3959) -> [ 7477 (13.9306, 24.5298); ]
    120 (24.4917, 13.8315) -> [ ]
    121 (13.466, 23.7617) -> [ 8087 (15.1042, 24.9009); ]
    122 (14.887, 3.04042) -> [ ]
    123 (13.8097, 17.3279) -> [ ]
    124 (21.9369, 19.6125) -> [ ]
    126 (22.4095, 8.00961) -> [ ]
    127 (16.5828, 14.4098) -> [ ]
    128 (20.3299, 2.25457) -> [ ]
    129 (23.6198, 19.0784) -> [ ]
    131 (10.311, 19.3873) -> [ 6281 (11.0767, 19.7786); ]
    132 (20.4895, 4.27058) -> [ ]
    133 (20.8917, 17.1657) -> [ 4061 (22.364, 18.4598); ]
    134 (15.4169, 3.32853) -> [ ]
    135 (13.713, 6.48146) -> [ ]
    136 (19.9844, 19.4758) -> [ ]
    138 (7.92299, 22.4134) -> [ ]
    139 (7.02637, 10.0358) -> [ 9450 (7.37252, 9.84391); 9475 (7.67808, 9.64864); ]
    140 (2.56933, 3.11757) -> [ ]
    141 (2.71889, 5.2172) -> [ 7919 (2.94935, 4.301); ]
    142 (20.7487, 15.9371) -> [ ]
    143 (21.8065, 4.71617) -> [ ]
    144 (3.25862, 1.18384) -> [ ]
    145 (3.676, 17.1512) -> [ 9929 (4.62716, 17.9114); ]
    146 (8.42551, 18.852) -> [ ]
    147 (3.59171, 10.636) -> [ ]
    148 (23.4484, 20.4769) -> [ ]
    149 (16.6731, 7.93795) -> [ 5439 (18.4328, 7.46822); ]
    150 (1.41536, 10.7879) -> [ ]
    151 (24.2493, 18.6265) -> [ ]
    152 (2.48738, 15.0987) -> [ ]
    153 (12.0211, 22.3566) -> [ ]
    154 (6.9268, 1.11273) -> [ ]
    155 (18.9879, 22.4774) -> [ ]
    156 (13.9506, 19.3492) -> [ 9319 (15.3297, 20.4316); ]
    157 (7.76617, 10.4215) -> [ ]
    158 (18.6589, 1.15571) -> [ ]
    160 (17.537, 1.75375) -> [ 9566 (19.1292, 0.658533); ]
    161 (3.00637, 9.21304) -> [ ]
    162 (6.74116, 7.17726) -> [ ]
    163 (22.6071, 7.44836) -> [ 4233 (24.2713, 7.23417); 7316 (24.5656, 7.14379); ]
    164 (1.10706, 14.8015) -> [ 1918 (1.71006, 12.9855); ]
    165 (12.1418, 3.90316) -> [ 4455 (13.3229, 2.84386); 8319 (12.9894, 3.19798); ]
    166 (4.60382, 8.3086) -> [ ]
    167 (14.8712, 1.04048) -> [ ]
    168 (20.2571, 11.3937) -> [ 6176 (22.0426, 11.785); ]
    169 (8.80464, 9.13686) -> [ ]
    170 (23.845, 14.7339) -> [ ]
    171 (18.0331, 2.02994) -> [ ]
    172 (19.2928, 6.99985) -> [ 8420 (20.5957, 6.68889); ]
    173 (23.8296, 17.2526) -> [ ]
    174 (13.8261, 10.8825) -> [ 4317 (14.5551, 11.9616); 7122 (14.9819, 12.3628); 7304 (14.8041, 12.084); 8639 (14.0727, 11.287); 8918 (14.7292, 12.2999); ]
    175 (21.4353, 17.1679) -> [ 8558 (22.9797, 18.4255); ]
    176 (20.0422, 16.9569) -> [ 7628 (21.1145, 18.0195); ]
    177 (20.8879, 17.1695) -> [ ]
    178 (19.8513, 19.7144) -> [ ]
    180 (13.0822, 4.83511) -> [ ]
    181 (8.2764, 2.38393) -> [ ]
    182 (23.7454, 14.6593) -> [ ]
    184 (4.3662, 22.1199) -> [ 2145 (4.77631, 23.3711); 4495 (5.19779, 23.9196); ]
    185 (23.9702, 23.4788) -> [ ]
    186 (2.92746, 2.5121) -> [ ]
    187 (24.5009, 10.8439) -> [ ]
    188 (19.6695, 11.8514) -> [ 6928 (21.5196, 12.3032); 7143 (21.2777, 12.1598); ]
    189 (16.3108, 5.11057) -> [ ]
    190 (19.016, 23.8364) -> [ ]
    191 (17.3609, 24.6115) -> [ ]
    192 (6.25662, 21.9628) -> [ 7850 (7.52455, 23.4547); 9877 (7.3583, 23.3554); ]
    193 (7.83098, 10.3681) -> [ ]
    195 (9.96033, 8.40363) -> [ 8834 (11.3241, 7.60392); 9681 (11.5499, 7.46733); ]
    196 (2.88921, 2.77925) -> [ ]
    198 (21.8379, 24.5184) -> [ ]
    199 (6.65366, 23.4651) -> [ ]
    200 (0.711309, 22.1691) -> [ 6514 (0.711822, 23.9129); ]
    201 (12.4243, 21.4725) -> [ 3257 (12.6714, 21.5954); 5180 (13.6826, 22.1938); 5341 (13.7601, 22.3284); 8837 (14.0916, 22.3694); 9645 (12.9793, 21.7459); ]
    203 (2.11984, 8.33281) -> [ ]
    206 (20.3017, 22.0089) -> [ ]
    207 (2.34568, 3.66686) -> [ ]
    208 (20.3711, 1.26462) -> [ 8660 (20.6108, 1.11482); ]
    209 (10.0299, 20.0983) -> [ ]
    210 (4.43737, 24.7343) -> [ ]
    211 (8.33762, 10.5474) -> [ ]
    212 (21.8437, 13.3919) -> [ ]
    213 (13.5266, 7.25229) -> [ ]
    214 (4.16388, 6.47357) -> [ ]
    215 (0.88299, 13.7733) -> [ 1215 (0.486798, 11.9222); 4324 (0.502834, 12.0488); 6822 (0.843269, 12.617); ]
    216 (12.2071, 8.45057) -> [ 5668 (13.2888, 8.01754); ]
    217 (17.273, 3.77512) -> [ ]
    219 (10.6357, 16.8251) -> [ ]
    220 (15.2866, 10.0164) -> [ ]
    221 (17.6105, 11.4882) -> [ 7708 (19.2216, 12.0712); 8830 (18.8807, 12.0043); ]
    222 (1.83225, 12.6421) -> [ ]
    223 (18.2895, 21.9236) -> [ ]
    224 (16.2089, 8.40224) -> [ ]
    225 (23.2019, 7.67882) -> [ 3155 (24.8767, 7.49802); ]
    226 (5.92244, 2.06766) -> [ ]
    227 (22.2574, 9.48973) -> [ ]
    228 (6.51263, 7.4525) -> [ ]
    229 (7.47448, 9.92604) -> [ ]
    230 (23.4113, 14.2921) -> [ ]
    231 (22.5619, 17.5294) -> [ ]
    232 (22.096, 17.3268) -> [ ]
    233 (14.9055, 17.6666) -> [ ]
    234 (11.2256, 22.2366) -> [ 4761 (12.0574, 22.7824); 5959 (12.6604, 23.3238); 8128 (11.7993, 22.6208); ]
    235 (18.7591, 9.33166) -> [ ]
    236 (4.19739, 4.0125) -> [ ]
    237 (7.70135, 6.38949) -> [ ]
    238 (1.34029, 18.2426) -> [ ]
    239 (20.2681, 9.20415) -> [ 9293 (21.2272, 9.17069); ]
    240 (23.9777, 18.0067) -> [ ]
    241 (3.5528, 24.0867) -> [ ]
    242 (21.2777, 9.73122) -> [ ]
    243 (5.40903, 11.9062) -> [ ]
    244 (9.70079, 3.55087) -> [ ]
    245 (0.88941, 2.42623) -> [ ]
    247 (12.5232, 3.58922) -> [ ]
    248 (4.02035, 6.35219) -> [ ]
    249 (22.623, 5.05284) -> [ ]
    250 (13.599, 1.96595) -> [ ]
    251 (14.2011, 15.4464) -> [ ]
    253 (4.46785, 2.95567) -> [ ]
    254 (20.8353, 19.7028) -> [ ]
    255 (3.50708, 9.11677) -> [ ]
    256 (17.9839, 4.24843) -> [ 9936 (18.5438, 3.9393); ]
    257 (2.19452, 24.6311) -> [ ]
    258 (8.61669, 22.7525) -> [ 8341 (9.95998, 24.1187); ]
    259 (7.57814, 24.0294) -> [ 7439 (7.91237, 24.5172); ]
    260 (15.135, 23.4512) -> [ ]
    261 (5.4509, 18.958) -> [ 9590 (6.67299, 20.0257); ]
    262 (2.16074, 9.66155) -> [ 8136 (2.27755, 9.14894); ]
    263 (20.4089, 15.0063) -> [ 8047 (21.3633, 15.5829); ]
    264 (5.19214, 2.14923) -> [ ]
    265 (20.0495, 15.1165) -> [ ]
    267 (5.42761, 20.2455) -> [ ]
    268 (20.2041, 2.5461) -> [ 1924 (21.5408, 1.75517); ]
    270 (7.98313, 1.56983) -> [ ]
    271 (5.66927, 7.77946) -> [ ]
    272 (16.063, 16.46) -> [ 6268 (16.3442, 17.3686); ]
    273 (15.4942, 9.80956) -> [ ]
    274 (8.96924, 23.7076) -> [ 7548 (10.0066, 24.8475); ]
    275 (1.73332, 2.96279) -> [ 6356 (1.85415, 1.48322); ]
    276 (13.244, 19.4954) -> [ ]
    277 (19.8846, 9.58374) -> [ ]
    278 (7.86101, 20.7717) -> [ 9759 (8.98, 21.7142); ]
    279 (10.2599, 18.3974) -> [ ]
    280 (17.6611, 2.49891) -> [ ]
    281 (16.5931, 5.64824) -> [ 9511 (17.9849, 4.9996); ]
    283 (2.67597, 3.72764) -> [ ]
    284 (16.5192, 2.98256) -> [ ]
    285 (6.48121, 6.64861) -> [ ]
    286 (16.5651, 20.6909) -> [ ]
    287 (3.43846, 7.96046) -> [ ]
    288 (24.0182, 12.7263) -> [ ]
    289 (17.7758, 1.63417) -> [ ]
    290 (16.1393, 14.8395) -> [ ]
    292 (2.40327, 18.8781) -> [ 5598 (2.95218, 20.5498); ]
    294 (2.46783, 3.87742) -> [ ]
    295 (7.94005, 7.90387) -> [ 5986 (8.99467, 6.98025); ]
    296 (21.9778, 11.4368) -> [ 8642 (23.642, 11.7505); ]
    297 (11.0731, 5.74885) -> [ 5036 (12.4692, 4.60152); 8115 (12.593, 4.49146); ]
    299 (20.3057, 24.2608) -> [ ]
    300 (0.476454, 16.2312) -> [ ]
    301 (10.8948, 1.59385) -> [ ]
    302 (4.63141, 7.09775) -> [ 2880 (5.31518, 5.91195); 4186 (5.22293, 6.05337); 4341 (5.00542, 6.45831); ]
    303 (6.85358, 23.1173) -> [ ]
    305 (17.0325, 4.88349) -> [ 9637 (18.8122, 3.97945); ]
    306 (18.2501, 22.2192) -> [ ]
    307 (0.253144, 23.0354) -> [ ]
    309 (19.7074, 17.5408) -> [ 5258 (20.8101, 18.8993); ]
    310 (15.3381, 8.44225) -> [ 8169 (16.9704, 8.12089); ]
    312 (10.3192, 17.0818) -> [ 4975 (11.6913, 18.298); 7773 (11.09, 17.8088); 8443 (11.7921, 18.3719); ]
    313 (11.0049, 3.78441) -> [ ]
    314 (22.8904, 3.13997) -> [ 2376 (24.4042, 2.38656); ]
    315 (4.57973, 2.42383) -> [ ]
    316 (21.5634, 18.7222) -> [ ]
    317 (11.3693, 1.39772) -> [ 6690 (12.0179, 0.625546); 7807 (12.2987, 0.195265); ]
    318 (0.158807, 7.87602) -> [ ]
    319 (5.33777, 18.0229) -> [ ]
    320 (1.42005, 0.897795) -> [ 8433 (1.4913, 0.613691); ]
    321 (6.53472, 19.8512) -> [ ]
    322 (15.2687, 8.03668) -> [ ]
    324 (2.18059, 13.6208) -> [ 5201 (2.5595, 13.1749); ]
    326 (7.96309, 16.6091) -> [ 3895 (8.98573, 16.8535); ]
    328 (3.54385, 0.600629) -> [ ]
    329 (20.5036, 6.36573) -> [ ]
    330 (15.3865, 12.2049) -> [ ]
    332 (19.4557, 14.7382) -> [ ]
    333 (7.9654, 10.2175) -> [ ]
    334 (3.59506, 6.80545) -> [ ]
    335 (23.67, 7.31825) -> [ ]
    336 (24.4277, 8.97692) -> [ ]
    337 (23.3119, 7.71942) -> [ ]
    338 (9.71369, 1.30841) -> [ 8379 (10.0933, 0.766178); 8526 (10.4462, 0.155162); 9260 (10.5142, 0.0766373); ]
    339 (23.4443, 4.19767) -> [ 438 (24.8393, 3.56779); 628 (24.7157, 3.65838); ]
    340 (24.0213, 2.10181) -> [ ]
    341 (11.1057, 9.00515) -> [ 4745 (12.7175, 8.33219); 6622 (12.3505, 8.50881); ]
    343 (23.5608, 22.615) -> [ ]
    344 (7.97233, 8.78252) -> [ ]
    345 (15.5223, 16.0238) -> [ 6417 (16.0061, 17.5752); ]
    346 (18.8711, 0.423944) -> [ ]
    347 (20.9374, 22.5222) -> [ ]
    348 (5.07573, 4.21045) -> [ ]
    349 (15.1411, 10.1676) -> [ 7067 (16.7482, 10.5242); ]
    350 (14.3695, 2.6723) -> [ 8249 (15.7233, 1.52842); ]
    351 (15.6909, 7.3536) -> [ ]
    352 (12.5817, 18.3661) -> [ ]
    353 (20.584, 11.0045) -> [ ]
    354 (13.0554, 19.5727) -> [ ]
    355 (18.6223, 7.49865) -> [ 3182 (20.4339, 7.05283); 3980 (19.8811, 7.22629); ]
    356 (1.82745, 5.5852) -> [ ]
    357 (2.9221, 21.2442) -> [ 7738 (3.32999, 22.6881); 8432 (3.3547, 22.9929); ]
    358 (2.99187, 8.53341) -> [ ]
    359 (8.14619, 20.5356) -> [ ]
    360 (3.86137, 14.2136) -> [ 4615 (4.57156, 13.925); ]
    361 (2.33224, 5.78708) -> [ 6680 (2.59433, 3.98024); 9412 (2.59734, 4.05655); ]
    362 (21.4333, 9.20128) -> [ ]
    363 (0.759605, 6.25596) -> [ ]
    364 (20.7568, 13.3387) -> [ ]
    366 (3.59897, 20.0017) -> [ ]
    368 (23.9808, 12.2091) -> [ ]
    369 (21.4502, 21.1897) -> [ ]
    371 (5.97538, 3.506) -> [ 8378 (6.8193, 1.91712); ]
    372 (17.2985, 3.38595) -> [ ]
    374 (17.302, 16.5086) -> [ 3012 (18.007, 17.5106); 4710 (18.3647, 18.0697); ]
    376 (23.5369, 5.45894) -> [ ]
    377 (5.40964, 14.5308) -> [ ]
    378 (21.1834, 17.2945) -> [ ]
    379 (18.8713, 20.3759) -> [ ]
    380 (8.24787, 23.7496) -> [ 6412 (9.00484, 24.6421); ]
    381 (5.07737, 13.9615) -> [ ]
    382 (11.7561, 9.17854) -> [ 2137 (13.4863, 8.73429); 3556 (13.0032, 8.88094); 5082 (13.6166, 8.621); 8961 (13.6805, 8.75558); ]
    383 (6.29638, 2.35534) -> [ ]
    384 (22.1671, 0.806129) -> [ ]
    385 (16.8891, 14.8719) -> [ ]
    386 (5.52143, 19.0289) -> [ 2869 (6.71528, 20.056); ]
    387 (1.35315, 13.187) -> [ 795 (1.88865, 12.1886); 9500 (1.828, 11.2447); ]
    389 (10.8697, 1.8132) -> [ 7915 (11.8504, 0.588486); ]
    392 (5.46297, 18.3112) -> [ 7667 (6.90614, 19.3562); ]
    393 (8.03813, 6.04051) -> [ ]
    394 (18.5627, 3.13149) -> [ 5352 (19.3894, 2.70995); 8316 (20.0297, 2.30271); ]
    395 (17.2428, 6.64562) -> [ ]
    396 (16.5048, 21.7481) -> [ ]
    397 (10.7797, 19.6998) -> [ 8600 (12.5906, 20.5152); 9574 (12.1012, 20.2497); ]
    398 (12.3147, 20.5543) -> [ 29 (13.8772, 21.2957); 8126 (14.0206, 21.4453); ]
    399 (0.969762, 14.012) -> [ 7873 (0.645713, 12.6456); ]
    400 (13.3215, 22.9078) -> [ ]
    402 (16.6294, 22.9431) -> [ ]
    403 (20.0438, 0.562481) -> [ ]
    405 (5.8113, 22.9115) -> [ 1735 (6.43507, 23.9416); ]
    406 (11.6859, 18.2028) -> [ ]
    407 (22.4993, 24.5616) -> [ ]
    408 (1.29494, 11.9726) -> [ 3495 (1.41835, 11.2948); ]
    409 (2.57747, 21.396) -> [ ]
    410 (7.39755, 18.9589) -> [ ]
    411 (20.4231, 11.3388) -> [ ]
    412 (2.01886, 6.26147) -> [ ]
    414 (19.7994, 10.146) -> [ ]
    415 (3.26927, 8.88054) -> [ 7045 (4.07425, 7.10573); 8166 (4.07579, 7.12766); ]
    416 (15.2679, 20.4154) -> [ ]
    417 (15.7649, 8.76933) -> [ 4416 (17.3883, 8.5186); 4877 (16.8199, 8.60735); 5591 (16.7536, 8.60671); 8449 (16.3774, 8.6965); ]
    418 (11.2834, 1.85028) -> [ ]
    419 (9.26462, 6.98229) -> [ 6741 (10.4085, 6.06169); ]
    420 (14.2905, 17.5738) -> [ ]
    421 (24.1991, 15.6301) -> [ ]
    422 (18.0938, 23.3231) -> [ ]
    423 (1.81628, 6.86554) -> [ ]
    425 (16.1159, 17.4485) -> [ ]
    426 (3.67833, 0.839025) -> [ ]
    427 (21.3455, 7.79103) -> [ 4755 (22.0962, 7.66723); ]
    428 (11.6277, 8.36735) -> [ 2685 (13.0738, 7.58799); 4571 (12.8796, 7.72639); ]
    430 (22.8888, 11.6892) -> [ ]
    431 (23.2203, 17.4359) -> [ ]
    432 (20.3093, 1.10846) -> [ ]
    433 (11.3477, 17.2325) -> [ ]
    434 (23.6678, 24.237) -> [ ]
    435 (21.0338, 3.14009) -> [ ]
    436 (20.2268, 7.33144) -> [ ]
    437 (15.1984, 19.9896) -> [ ]
    439 (4.45067, 6.82185) -> [ ]
    440 (21.2919, 19.9712) -> [ ]
    441 (4.5395, 14.5178) -> [ 7534 (4.96176, 14.4463); ]
    442 (3.38272, 7.96024) -> [ ]
    443 (5.34959, 13.4468) -> [ 3949 (6.79618, 14.5113); ]
    445 (3.89695, 4.38189) -> [ ]
    446 (6.02592, 14.3136) -> [ ]
    447 (0.215907, 10.799) -> [ ]
    448 (1.24865, 15.7103) -> [ 3560 (1.85763, 17.4244); ]
    449 (19.5846, 17.0245) -> [ ]
    453 (21.1257, 3.40838) -> [ ]
    455 (15.983, 0.572096) -> [ ]
    456 (6.71512, 13.7885) -> [ ]
    457 (18.1638, 4.03913) -> [ ]
    458 (14.6041, 5.75816) -> [ ]
    459 (20.2467, 3.51689) -> [ ]
    460 (17.3333, 1.03619) -> [ 9573 (18.1302, 0.351015); ]
    461 (1.40117, 16.3608) -> [ ]
    462 (12.372, 22.7476) -> [ ]
    463 (18.223, 13.3576) -> [ ]
    464 (10.5964, 17.2824) -> [ 8256 (11.5604, 18.0391); ]
    465 (15.6617, 17.1671) -> [ 6428 (15.9875, 18.8995); ]
    466 (21.751, 8.21199) -> [ 9106 (22.8492, 8.12811); 9597 (22.9716, 8.12477); ]
    468 (16.5835, 18.4076) -> [ ]
    469 (2.49794, 1.14827) -> [ ]
    470 (10.6497, 21.7255) -> [ ]
    471 (18.2801, 17.3315) -> [ ]
    472 (19.6221, 18.6494) -> [ ]
    473 (14.0939, 23.3821) -> [ 7720 (15.7011, 24.4543); ]
    474 (20.6881, 7.68038) -> [ 2537 (22.5276, 7.37774); 3904 (21.868, 7.50259); 5751 (22.4568, 7.359); ]
    475 (19.0757, 12.603) -> [ 7572 (20.3184, 13.1341); 7740 (20.2732, 13.0996); ]
    477 (2.47038, 20.9353) -> [ ]
    479 (16.1589, 17.2861) -> [ ]
    480 (22.1127, 19.4796) -> [ ]
    481 (14.2999, 2.32431) -> [ ]
    482 (19.7595, 12.0608) -> [ 9071 (21.2815, 12.4514); ]
    483 (12.399, 24.4686) -> [ ]
    484 (9.43275, 16.4727) -> [ ]
    485 (7.9108, 21.5145) -> [ 1100 (8.98715, 22.335); 2991 (9.01393, 22.4822); 3117 (8.77332, 22.2798); 3606 (9.39103, 22.7591); ]
    486 (20.0929, 17.4234) -> [ 4093 (21.387, 18.8228); 6588 (21.1253, 18.5625); 8819 (20.7915, 18.2135); ]
    487 (14.042, 2.22258) -> [ 3202 (15.2847, 1.13341); ]
    488 (19.2754, 8.70894) -> [ ]
    489 (18.6912, 5.70998) -> [ ]
    490 (13.6942, 20.9938) -> [ ]
    491 (4.04119, 9.61668) -> [ ]
    492 (23.7545, 21.9818) -> [ ]
    493 (0.786385, 6.10219) -> [ ]
    494 (14.1211, 8.16519) -> [ ]
    495 (22.7421, 11.7351) -> [ ]
    496 (20.5532, 21.2446) -> [ 6633 (21.3783, 22.4134); ]
    497 (14.2174, 0.152183) -> [ ]
    498 (7.05638, 2.86928) -> [ ]
    500 (2.05352, 14.5562) -> [ ]
    501 (1.16824, 2.29956) -> [ 2352 (1.11377, 1.38915); 7935 (1.15784, 1.25241); 9240 (1.05291, 0.473779); ]
    502 (23.7587, 15.7207) -> [ ]
    503 (4.77428, 0.927161) -> [ ]
    504 (15.4002, 10.945) -> [ ]
    505 (7.5955, 6.45852) -> [ ]
    506 (23.9408, 8.79318) -> [ 7467 (24.8, 8.73391); ]
    507 (9.5988, 6.4465) -> [ 5166 (10.5235, 5.67688); 7749 (11.0087, 5.16103); 7950 (10.4238, 5.71179); ]
    508 (7.23565, 13.9814) -> [ ]
    509 (0.353162, 22.2385) -> [ ]
    510 (2.5343, 14.4181) -> [ 8247 (3.86426, 13.8862); ]
    511 (22.439, 19.8563) -> [ 6400 (23.6067, 21.1042); 6662 (23.3003, 20.7357); ]
    512 (20.6346, 13.291) -> [ ]
    513 (7.51726, 19.7265) -> [ 4296 (8.9364, 20.6462); 5269 (8.86179, 20.6456); ]
    514 (13.5987, 22.9177) -> [ ]
    515 (3.68053, 24.0241) -> [ ]
    516 (14.8068, 5.91642) -> [ ]
    517 (21.2174, 2.98653) -> [ ]
    518 (18.1031, 21.0854) -> [ ]
    519 (13.3538, 6.59948) -> [ ]
    520 (7.31161, 8.30594) -> [ ]
    521 (19.1653, 20.4781) -> [ 1666 (19.9052, 21.9324); 5617 (20.0603, 22.0326); 6765 (19.8636, 21.8418); ]
    522 (12.0176, 3.60108) -> [ ]
    523 (6.48028, 5.60039) -> [ ]
    524 (7.87852, 22.4061) -> [ ]
    525 (23.7081, 14.6386) -> [ ]
    526 (11.6067, 1.90691) -> [ ]
    527 (5.15065, 10.5602) -> [ ]
    528 (22.7088, 14.2596) -> [ ]
    530 (9.94737, 17.2438) -> [ ]
    531 (4.44802, 12.6496) -> [ 4941 (6.1843, 12.344); ]
    532 (2.01665, 15.8157) -> [ ]
    533 (21.2086, 12.9392) -> [ 6488 (22.7835, 13.4689); ]
    534 (21.0407, 19.5908) -> [ ]
    535 (22.7563, 8.23587) -> [ ]
    536 (6.30579, 6.87118) -> [ ]
    537 (19.9015, 9.54777) -> [ 3670 (21.0081, 9.47237); ]
    538 (14.5113, 17.2503) -> [ ]
    539 (23.665, 17.5571) -> [ ]
    540 (10.0223, 23.0909) -> [ ]
    541 (18.076, 14.6855) -> [ ]
    542 (1.03687, 3.3675) -> [ ]
    543 (12.9807, 22.07) -> [ 7557 (14.4289, 23.0124); ]
    544 (20.6639, 23.581) -> [ ]
    545 (9.70853, 3.4775) -> [ ]
    546 (14.3862, 3.26538) -> [ ]
    547 (5.8549, 19.8181) -> [ ]
    548 (12.8111, 2.00682) -> [ ]
    549 (15.6427, 13.2119) -> [ ]
    552 (15.0594, 4.31116) -> [ ]
    553 (8.0833, 6.68908) -> [ ]
    554 (12.4392, 22.2731) -> [ 9015 (13.9271, 23.2115); ]
    555 (2.77875, 15.9046) -> [ 1084 (4.34434, 16.729); 2597 (2.91451, 16.0002); 4469 (4.30492, 16.7167); 7932 (3.23723, 16.1746); ]
    556 (22.1537, 13.2546) -> [ 8097 (22.5961, 13.3978); ]
    557 (10.8709, 18.6311) -> [ ]
    558 (4.69872, 11.1056) -> [ ]
    559 (5.37165, 3.57204) -> [ ]
    561 (18.104, 7.84613) -> [ ]
    562 (15.2506, 21.5347) -> [ ]
    563 (12.1873, 23.3526) -> [ 4289 (13.3855, 24.229); 6562 (12.9706, 24.0289); 9729 (12.6942, 23.6989); ]
    564 (4.26885, 12.4842) -> [ 5481 (6.04004, 12.1415); ]
    565 (13.6543, 17.3383) -> [ ]
    566 (12.1123, 2.26679) -> [ 9237 (12.7972, 1.49039); ]
    567 (4.83782, 23.8883) -> [ ]
    569 (19.9822, 21.4964) -> [ ]
    570 (1.87375, 2.24166) -> [ 6225 (2.00494, 0.874523); 6255 (1.9596, 1.24836); 6368 (1.97566, 1.5374); ]
    571 (8.66509, 1.48866) -> [ ]
    572 (4.87749, 14.6043) -> [ ]
    573 (18.5249, 19.1094) -> [ 5978 (19.5351, 20.7809); ]
    574 (23.3755, 15.277) -> [ ]
    575 (12.8462, 23.44) -> [ ]
    576 (15.6754, 5.24352) -> [ 4210 (16.6458, 4.64333); 5883 (16.0823, 5.03072); ]
    578 (22.1487, 12.5564) -> [ ]
    579 (3.34842, 15.0874) -> [ 3921 (4.86475, 15.1388); 8578 (4.7485, 15.1378); ]
    580 (21.6734, 6.79675) -> [ 6181 (23.3631, 6.39945); ]
    581 (10.9247, 23.7519) -> [ ]
    582 (19.0863, 10.2117) -> [ 9638 (21.0159, 10.4766); ]
    583 (13.001, 1.47634) -> [ ]
    584 (23.6146, 5.48053) -> [ ]
    585 (4.01998, 20.3642) -> [ 7151 (4.97652, 22.0115); ]
    587 (0.338966, 3.20488) -> [ ]
    588 (7.72059, 24.0092) -> [ ]
    589 (7.72159, 23.3746) -> [ 6676 (8.7764, 24.7723); ]
    590 (6.19157, 3.30474) -> [ ]
    593 (13.3997, 6.71461) -> [ 6451 (14.9513, 5.8973); ]
    594 (4.76807, 10.9645) -> [ 1915 (6.25737, 10.0076); 3176 (6.16767, 9.99942); ]
    595 (3.26293, 3.56393) -> [ ]
    596 (5.06821, 16.1056) -> [ 7933 (6.31532, 16.4142); 8234 (6.33899, 16.4881); 8659 (6.41666, 16.5041); 9195 (6.1518, 16.2611); ]
    597 (17.5618, 11.8972) -> [ ]
    598 (5.98824, 22.8521) -> [ 8933 (6.81627, 24.1268); ]
    599 (7.2952, 1.47472) -> [ 8371 (7.58919, 0.863002); ]
    601 (12.3748, 8.98282) -> [ ]
    602 (2.95619, 10.0808) -> [ ]
    603 (15.8011, 5.49248) -> [ ]
    604 (5.96735, 1.5902) -> [ ]
    605 (1.30377, 23.5787) -> [ ]
    606 (8.55964, 3.51131) -> [ ]
    607 (6.33084, 22.2713) -> [ ]
    608 (16.6122, 23.3801) -> [ 8651 (18.0708, 24.2288); ]
    609 (1.62499, 21.9406) -> [ ]
    610 (7.96979, 22.728) -> [ ]
    611 (0.354355, 10.6071) -> [ ]
    612 (20.7163, 24.1652) -> [ ]
    613 (8.4281, 0.808138) -> [ ]
    614 (8.79216, 18.4214) -> [ 8127 (10.4739, 19.086); ]
    615 (18.9813, 11.9652) -> [ ]
    616 (19.1722, 12.143) -> [ ]
    617 (2.93872, 4.99288) -> [ 2737 (3.28059, 3.20044); ]
    618 (9.98796, 20.9653) -> [ 9870 (11.5386, 22.0112); ]
    619 (9.86497, 7.68445) -> [ ]
    620 (5.17095, 12.5114) -> [ ]
    621 (7.58004, 19.6759) -> [ ]
    622 (0.43234, 9.78561) -> [ 2660 (0.373183, 8.81972); 6395 (0.409381, 9.45573); 6561 (0.148907, 7.95588); ]
    623 (3.3777, 23.1227) -> [ 7011 (3.81101, 24.9885); ]
    624 (20.4211, 9.02698) -> [ ]
    625 (2.56723, 16.9401) -> [ 1349 (3.38751, 18.0594); 3270 (3.48782, 18.0007); ]
    626 (16.7701, 3.17387) -> [ 6070 (17.9898, 2.33734); 8919 (17.8331, 2.45828); ]
    627 (18.4062, 1.39612) -> [ ]
    629 (17.4462, 7.9391) -> [ ]
    630 (0.950251, 14.8964) -> [ 2757 (0.139757, 13.1732); ]
    631 (14.044, 15.0313) -> [ ]
    632 (20.8998, 12.2183) -> [ ]
    634 (8.8584, 22.2078) -> [ ]
    635 (17.4412, 2.22704) -> [ ]
    636 (8.64568, 17.628) -> [ ]
    637 (16.4319, 14.8208) -> [ ]
    638 (11.3108, 21.7973) -> [ ]
    639 (11.7244, 5.97497) -> [ ]
    640 (8.89619, 3.0657) -> [ ]
    641 (21.1823, 16.3323) -> [ ]
    642 (11.5834, 5.90875) -> [ 8470 (13.1799, 4.77845); 9205 (13.0251, 4.76266); 9355 (12.8517, 5.00832); ]
    643 (5.39106, 11.6892) -> [ ]
    644 (10.145, 7.64818) -> [ ]
    645 (16.2076, 11.3086) -> [ 6986 (18.0636, 12.0245); 8325 (17.6228, 11.845); ]
    646 (7.11999, 20.5404) -> [ ]
    648 (6.83949, 12.0566) -> [ ]
    649 (22.2643, 3.45814) -> [ ]
    650 (10.5013, 19.476) -> [ ]
    651 (4.73053, 21.0769) -> [ 3774 (5.45276, 22.1609); 5351 (5.30385, 22.0016); ]
    652 (4.66516, 23.6645) -> [ ]
    653 (13.8499, 15.3651) -> [ ]
    654 (14.3397, 3.92132) -> [ 5094 (15.6787, 3.01279); 5253 (15.2452, 3.31599); 9925 (15.2252, 3.30462); ]
    655 (23.1409, 23.7314) -> [ 3892 (23.5428, 24.2795); ]
    656 (17.0441, 8.90288) -> [ ]
    657 (16.3131, 8.78693) -> [ 3345 (18.1363, 8.54625); ]
    658 (0.690345, 17.8309) -> [ 6500 (0.535076, 19.2007); ]
    659 (9.60496, 20.7539) -> [ ]
    660 (5.34434, 2.41274) -> [ ]
    661 (18.3323, 21.8549) -> [ ]
    664 (22.2557, 3.63687) -> [ 9806 (23.0402, 3.26366); ]
    665 (22.6019, 12.9015) -> [ ]
    666 (1.48789, 6.00958) -> [ ]
    669 (19.2337, 19.755) -> [ ]
    670 (15.4125, 2.18273) -> [ 4221 (15.8485, 1.7951); 8701 (15.8865, 1.78885); 8877 (16.7785, 1.05376); ]
    672 (18.6738, 21.5761) -> [ ]
    673 (12.2166, 0.884933) -> [ ]
    674 (8.2547, 17.5187) -> [ 976 (9.80466, 17.9539); 4363 (9.22887, 17.7605); 4783 (9.57121, 17.9014); ]
    675 (19.0859, 16.0509) -> [ ]
    676 (22.8406, 1.9336) -> [ ]
    677 (20.423, 5.39393) -> [ ]
    678 (24.2818, 16.1201) -> [ ]
    679 (15.1185, 5.44684) -> [ 8581 (16.4694, 4.60315); ]
    680 (19.5038, 12.8973) -> [ ]
    681 (23.3483, 20.8263) -> [ 9661 (23.9655, 21.5867); ]
    682 (16.577, 0.555171) -> [ ]
    683 (5.70761, 17.3944) -> [ 8717 (7.11234, 18.1094); ]
    684 (24.6202, 17.7098) -> [ ]
    686 (0.406927, 7.85889) -> [ 6734 (0.223683, 6.10918); 9892 (0.288455, 6.10205); ]
    687 (23.8847, 18.585) -> [ ]
    688 (16.831, 5.93023) -> [ ]
    689 (5.14545, 5.00816) -> [ ]
    690 (4.47466, 4.30296) -> [ ]
    692 (6.30313, 1.90045) -> [ ]
    693 (21.2155, 16.7449) -> [ ]
    694 (2.67878, 11.6042) -> [ ]
    695 (24.6589, 14.9402) -> [ ]
    696 (4.0007, 6.51739) -> [ 8564 (4.60512, 5.06135); ]
    698 (16.7371, 9.47789) -> [ ]
    699 (17.6314, 0.6817) -> [ 2814 (18.3953, 0.118084); 4879 (18.13, 0.237921); ]
    700 (24.5139, 0.25778) -> [ ]
    701 (16.4269, 15.956) -> [ ]
    702 (10.919, 2.75234) -> [ 9958 (12.233, 1.28974); ]
    703 (18.7011, 13.9885) -> [ ]
    704 (0.786287, 18.7335) -> [ ]
    705 (20.3591, 20.2678) -> [ 7502 (21.1636, 21.574); 7602 (21.3694, 21.964); 8440 (21.236, 21.736); ]
    709 (17.227, 4.22617) -> [ ]
    710 (12.771, 22.4689) -> [ ]
    712 (9.50237, 21.8561) -> [ ]
    713 (0.815327, 19.5131) -> [ 8264 (0.703365, 20.8816); ]
    714 (20.5457, 17.4228) -> [ ]
    715 (14.4592, 21.3433) -> [ ]
    716 (2.46237, 22.9564) -> [ ]
    717 (23.7512, 0.814154) -> [ 7039 (24.9324, 0.0644778); ]
    719 (18.6626, 18.16) -> [ 9249 (19.4419, 19.2134); ]
    722 (8.62364, 8.04862) -> [ ]
    723 (8.80665, 4.98126) -> [ ]
    724 (21.1946, 12.7027) -> [ ]
    727 (0.704779, 20.9245) -> [ ]
    728 (0.0765895, 23.7889) -> [ ]
    729 (23.838, 8.24012) -> [ ]
    730 (5.31508, 16.4274) -> [ 5061 (6.50834, 16.8569); 6284 (7.0141, 16.9274); 6940 (6.52604, 16.8003); 9916 (6.77515, 16.8588); ]
    731 (17.4421, 12.2558) -> [ ]
    732 (4.38578, 17.1145) -> [ 4183 (5.87186, 17.9891); ]
    733 (18.7416, 21.2961) -> [ ]
    734 (18.3921, 19.4139) -> [ 8085 (19.1503, 21.0876); ]
    735 (16.6977, 8.47312) -> [ 8705 (18.3739, 8.16582); ]
    736 (5.97984, 21.9248) -> [ 303 (6.85358, 23.1173); 3873 (6.87691, 23.156); ]
    737 (7.11536, 14.1815) -> [ ]
    738 (19.2618, 5.88817) -> [ 3989 (20.6693, 5.26582); ]
    739 (4.69998, 7.88161) -> [ ]
    740 (5.34084, 21.5158) -> [ 4945 (6.25033, 23.0521); 5773 (6.24512, 22.9753); ]
    741 (21.4748, 10.5727) -> [ 7719 (22.3145, 10.7202); ]
    742 (8.77892, 24.0262) -> [ ]
    743 (19.1625, 1.58544) -> [ 1537 (20.0947, 0.888451); 7469 (20.5293, 0.706826); 9767 (20.4253, 0.702057); ]
    744 (18.9397, 23.9231) -> [ ]
    745 (11.1394, 3.94217) -> [ ]
    746 (24.306, 7.74169) -> [ ]
    747 (18.844, 11.8199) -> [ 7050 (20.1364, 12.2215); ]
    749 (9.93194, 2.99226) -> [ ]
    750 (8.57068, 17.91) -> [ 2970 (10.2163, 18.5802); 4977 (10.1815, 18.4942); 7157 (9.6372, 18.3181); 7800 (10.1576, 18.5067); ]
    751 (18.4048, 9.69509) -> [ ]
    752 (15.7764, 11.0752) -> [ 3645 (17.5475, 11.7647); ]
    753 (21.3927, 7.05647) -> [ ]
    754 (15.6083, 17.7252) -> [ 7279 (15.7765, 18.6971); ]
    755 (2.10651, 15.0771) -> [ ]
    756 (20.4999, 21.2166) -> [ 5829 (21.1785, 22.3148); ]
    758 (16.4842, 17.5828) -> [ ]
    759 (11.0321, 2.36733) -> [ ]
    760 (18.4176, 14.1679) -> [ 5741 (19.9583, 15.0818); 9219 (19.6812, 15.2173); 9928 (19.7174, 15.0887); ]
    761 (14.2319, 24.6714) -> [ ]
    762 (8.76869, 8.65007) -> [ ]
    763 (2.54393, 7.33433) -> [ ]
    764 (6.77569, 6.08846) -> [ ]
    765 (24.088, 19.5085) -> [ ]
    766 (10.3275, 4.07571) -> [ 1785 (11.2855, 3.12376); ]
    767 (4.41206, 5.38197) -> [ ]
    768 (18.2772, 11.8667) -> [ ]
    769 (8.75317, 6.42253) -> [ ]
    770 (23.7793, 14.5466) -> [ ]
    771 (13.1971, 4.29614) -> [ ]
    772 (18.5808, 3.05274) -> [ ]
    773 (16.1115, 18.5452) -> [ 7189 (16.3762, 19.6615); ]
    774 (6.54321, 21.8492) -> [ ]
    776 (19.0899, 8.90053) -> [ 9373 (19.9022, 8.86266); ]
    777 (19.4615, 9.50568) -> [ ]
    778 (23.3273, 14.1162) -> [ ]
    779 (20.6421, 16.8894) -> [ 3070 (21.9054, 18.1484); ]
    780 (20.2587, 10.4843) -> [ ]
    781 (5.40777, 2.66679) -> [ 8407 (5.99444, 1.33597); ]
    782 (12.5939, 23.1305) -> [ 4683 (14.1938, 24.1983); ]
    783 (8.66034, 16.0652) -> [ ]
    784 (23.6149, 13.6048) -> [ ]
    787 (21.603, 6.86515) -> [ ]
    788 (9.18658, 21.5997) -> [ 3845 (10.4693, 22.6963); 4466 (10.4341, 22.5748); 4707 (10.0797, 22.3261); ]
    789 (13.3592, 2.816) -> [ ]
    790 (16.4501, 15.3019) -> [ ]
    791 (20.1343, 15.4359) -> [ ]
    793 (14.4324, 18.2245) -> [ 5744 (15.3066, 18.5222); ]
    794 (20.4223, 14.3273) -> [ ]
    795 (1.88865, 12.1886) -> [ 2118 (2.69271, 11.0546); 2477 (2.59779, 11.2583); 9547 (2.73395, 11.0447); ]
    797 (10.2616, 22.8653) -> [ ]
    799 (8.46824, 20.9759) -> [ ]
    800 (4.18489, 2.68021) -> [ ]
    801 (9.21237, 6.45529) -> [ 9716 (10.6362, 5.07186); ]
    802 (17.1015, 9.64367) -> [ ]
    803 (8.23683, 20.6973) -> [ ]
    804 (18.9502, 2.85182) -> [ ]
    805 (1.75345, 20.8782) -> [ 7905 (1.86709, 21.8054); ]
    806 (4.61921, 7.72704) -> [ 5361 (5.22534, 6.60519); 6275 (4.99867, 7.12956); 8760 (4.97769, 6.96995); 8814 (5.52591, 5.94953); ]
    807 (13.9405, 4.49459) -> [ ]
    808 (22.2083, 12.2995) -> [ ]
    809 (6.785, 11.1902) -> [ ]
    811 (17.1782, 2.49119) -> [ ]
    812 (16.3372, 17.7637) -> [ ]
    814 (21.7353, 17.5531) -> [ 7124 (22.9893, 18.5757); 7666 (23.1895, 18.847); 8214 (22.3684, 18.1136); 8395 (22.4456, 18.1639); ]
    815 (14.2661, 6.54837) -> [ 3133 (15.7152, 5.8134); ]
    816 (16.1258, 3.4002) -> [ ]
    817 (5.89468, 3.32497) -> [ ]
    818 (8.81425, 4.2718) -> [ ]
    819 (21.3981, 24.5048) -> [ ]
    822 (20.9835, 20.8861) -> [ ]
    823 (6.20697, 5.22186) -> [ ]
    824 (4.14405, 12.5238) -> [ 1585 (5.42412, 12.2713); 1669 (5.70388, 12.2619); 2581 (5.79166, 12.2054); ]
    825 (12.4338, 6.51659) -> [ ]
    826 (7.82983, 4.47064) -> [ ]
    827 (12.9117, 3.72271) -> [ ]
    828 (8.4128, 9.85809) -> [ ]
    829 (11.253, 18.8355) -> [ ]
    830 (8.39706, 3.90318) -> [ 7179 (9.1541, 2.86309); ]
    831 (22.1193, 22.993) -> [ ]
    832 (15.813, 13.0338) -> [ 9207 (16.8817, 14.4068); ]
    833 (2.66163, 23.7998) -> [ 3687 (2.84458, 24.888); ]
    834 (17.0225, 15.6259) -> [ ]
    835 (20.3631, 15.8515) -> [ ]
    836 (6.42052, 4.91775) -> [ ]
    837 (23.2379, 8.39178) -> [ ]
    838 (8.90232, 8.12498) -> [ ]
    839 (19.2887, 3.39216) -> [ ]
    840 (3.1963, 8.76783) -> [ ]
    842 (3.89197, 23.9107) -> [ 5226 (3.98346, 24.3354); 9083 (4.04232, 24.5659); ]
    843 (20.1812, 7.34597) -> [ ]
    844 (2.67849, 20.2523) -> [ 1251 (3.28075, 22.0163); ]
    845 (8.23068, 24.2883) -> [ ]
    846 (9.68641, 19.6282) -> [ ]
    847 (0.670431, 23.1399) -> [ 5927 (0.658288, 24.707); ]
    848 (11.2074, 21.2518) -> [ ]
    849 (18.4077, 2.45672) -> [ 7596 (19.667, 1.61284); ]
    850 (5.53199, 1.79432) -> [ ]
    851 (7.8887, 20.6539) -> [ ]
    852 (5.47579, 19.1687) -> [ ]
    853 (5.47743, 6.91713) -> [ ]
    855 (16.042, 18.1369) -> [ 6405 (16.5528, 19.8928); ]
    856 (13.3286, 8.34966) -> [ 4603 (13.9495, 8.11327); 6874 (14.5345, 7.83748); 7943 (14.9996, 7.69845); 7981 (14.6682, 7.86257); ]
    857 (9.99208, 1.98333) -> [ ]
    859 (9.55952, 8.82819) -> [ ]
    860 (13.3101, 3.78386) -> [ 6210 (13.9856, 3.25926); 6917 (14.6215, 2.67463); ]
    861 (1.71119, 2.48195) -> [ 8080 (1.75698, 0.654239); 8936 (1.7649, 0.544732); ]
    862 (18.8639, 3.44926) -> [ 5248 (20.007, 2.81939); 5366 (19.9704, 2.86985); 6071 (20.403, 2.66951); 9059 (20.4526, 2.55446); ]
    864 (10.6437, 5.83042) -> [ ]
    865 (23.004, 8.62978) -> [ ]
    866 (2.14286, 23.0381) -> [ 5812 (2.2608, 24.3291); ]
    867 (8.04637, 22.5672) -> [ ]
    868 (4.19675, 15.7419) -> [ ]
    869 (18.5626, 7.88381) -> [ ]
    871 (5.11366, 17.9882) -> [ ]
    873 (22.3863, 23.6736) -> [ ]
    874 (11.1363, 1.45621) -> [ 5640 (12.0201, 0.254654); ]
    875 (18.9102, 20.2977) -> [ ]
    876 (16.3273, 0.488826) -> [ ]
    878 (21.8973, 2.04024) -> [ ]
    879 (7.51741, 7.39996) -> [ ]
    880 (12.9499, 20.6348) -> [ ]
    881 (16.4255, 18.5033) -> [ 7705 (16.8791, 20.3609); ]
    882 (6.726, 2.81332) -> [ 8552 (7.61194, 1.16227); ]
    883 (5.26868, 22.5228) -> [ ]
    884 (18.3097, 21.9893) -> [ ]
    885 (17.6901, 3.07808) -> [ ]
    886 (6.04225, 17.7538) -> [ ]
    887 (5.88566, 4.73977) -> [ ]
    888 (16.13, 3.17423) -> [ 7206 (17.283, 2.33768); 8738 (17.5539, 2.15932); 9809 (16.8745, 2.61474); ]
    889 (1.70342, 20.8659) -> [ ]
    892 (20.7537, 19.6921) -> [ ]
    893 (2.83229, 10.6734) -> [ ]
    895 (7.61885, 1.24064) -> [ ]
    897 (20.4132, 9.16412) -> [ 5168 (22.0342, 9.02809); 8957 (21.665, 9.1004); 9995 (21.3788, 9.07512); ]
    898 (21.2032, 7.41431) -> [ 5926 (22.614, 7.06118); ]
    899 (11.6036, 23.6851) -> [ ]
    900 (7.07731, 22.225) -> [ 5955 (8.04164, 23.3632); 6799 (8.28327, 23.6452); ]
    901 (8.09769, 18.3888) -> [ 6831 (9.00289, 18.8327); ]
    902 (4.89279, 15.8252) -> [ ]
    903 (5.73682, 7.93391) -> [ ]
    905 (21.1921, 15.1371) -> [ 9731 (22.2825, 15.8233); ]
    906 (12.9048, 3.32727) -> [ 7684 (13.4032, 2.91542); ]
    907 (6.51429, 21.5548) -> [ 7788 (7.75682, 22.9043); 8871 (7.5968, 22.7893); ]
    908 (4.60138, 13.6627) -> [ ]
    909 (9.37277, 9.5919) -> [ ]
    910 (3.62327, 13.5247) -> [ ]
    911 (24.067, 1.06049) -> [ 8251 (24.8062, 0.61186); ]
    912 (23.9886, 21.7525) -> [ 6609 (24.8796, 22.7339); ]
    913 (5.89968, 12.0018) -> [ 7734 (7.21026, 11.7184); ]
    916 (4.78086, 24.7129) -> [ ]
    917 (2.25923, 4.18327) -> [ ]
    918 (7.29275, 10.2738) -> [ ]
    919 (4.97537, 20.9306) -> [ ]
    920 (19.8656, 9.55913) -> [ ]
    921 (1.15141, 11.7193) -> [ ]
    922 (4.91667, 18.6272) -> [ 4886 (5.49681, 19.2098); ]
    923 (21.3296, 0.133705) -> [ ]
    924 (16.4707, 3.29224) -> [ 6015 (17.6765, 2.44582); 6896 (17.7239, 2.42701); 7020 (17.4881, 2.57064); ]
    925 (17.3267, 14.452) -> [ ]
    926 (22.8371, 4.23087) -> [ 2018 (24.4533, 3.59176); 8487 (23.7034, 3.91694); 9596 (24.1853, 3.74136); ]
    927 (17.8072, 5.90208) -> [ ]
    929 (0.644125, 17.6257) -> [ ]
    930 (18.8155, 11.9003) -> [ ]
    931 (5.28375, 24.081) -> [ ]
    932 (19.3524, 16.0105) -> [ ]
    933 (3.97073, 23.3144) -> [ ]
    934 (14.0871, 20.204) -> [ ]
    935 (4.31893, 16.1271) -> [ 5067 (5.78992, 16.758); 9490 (5.77494, 16.6497); ]
    936 (8.24486, 6.30922) -> [ 6950 (8.65448, 5.88017); 9774 (9.36768, 5.09934); ]
    937 (9.86393, 16.9925) -> [ ]
    938 (4.38723, 4.76785) -> [ ]
    939 (13.5207, 5.37501) -> [ ]
    940 (6.28459, 17.7978) -> [ 9682 (7.53708, 18.4841); ]
    941 (0.226421, 7.10272) -> [ ]
    942 (3.48498, 13.0932) -> [ 5326 (3.80047, 13.2478); ]
    944 (15.6366, 20.4576) -> [ ]
    945 (17.8962, 16.8871) -> [ ]
    946 (2.11046, 11.6022) -> [ ]
    947 (5.58695, 23.4709) -> [ ]
    948 (2.37878, 3.17706) -> [ 8159 (2.70206, 1.33347); ]
    950 (8.92399, 20.6563) -> [ 3832 (9.90225, 21.3248); ]
    953 (13.8582, 10.5844) -> [ ]
    954 (15.4962, 3.96543) -> [ 4642 (16.8702, 3.06244); 9676 (16.5422, 3.20218); ]
    955 (18.5132, 6.93365) -> [ ]
    956 (7.00817, 5.26053) -> [ ]
    957 (21.3519, 17.7225) -> [ 9643 (22.0006, 18.2906); ]
    958 (9.01793, 23.2368) -> [ ]
    959 (13.4525, 8.35698) -> [ ]
    960 (12.2372, 4.08549) -> [ ]
    961 (7.85708, 19.5445) -> [ ]
    963 (11.6965, 9.36711) -> [ 3553 (13.0658, 9.27095); 8101 (13.6037, 9.19213); 9917 (13.67, 9.19434); ]
    964 (12.4417, 5.51386) -> [ 5255 (13.8239, 4.52847); ]
    965 (6.76856, 15.7492) -> [ ]
    966 (3.15657, 6.33112) -> [ 6945 (3.34766, 5.83203); 7110 (3.6378, 4.94237); 7984 (3.6926, 4.73109); ]
    967 (23.3897, 9.55936) -> [ ]
    968 (23.1448, 1.78591) -> [ 9228 (24.4428, 1.06294); 9420 (24.2441, 1.18412); ]
    969 (1.62892, 23.4062) -> [ 6580 (1.77436, 24.8048); 8368 (1.76133, 24.708); ]
    970 (10.1378, 8.31312) -> [ 7732 (11.0231, 7.81842); ]
    971 (4.5135, 4.52553) -> [ 5944 (5.14384, 2.85452); ]
    972 (18.861, 10.1771) -> [ 4593 (20.6771, 10.3812); ]
    976 (9.80466, 17.9539) -> [ ]
    977 (13.6353, 23.2678) -> [ ]
    978 (0.111653, 4.96255) -> [ ]
    980 (21.4778, 15.0677) -> [ ]
    981 (9.77143, 6.63343) -> [ ]
    982 (16.5294, 4.64646) -> [ ]
    983 (2.81202, 18.1532) -> [ 6403 (3.74893, 19.6756); 6421 (3.73421, 19.7446); 6875 (2.98516, 18.4258); ]
    984 (23.962, 10.2338) -> [ 6679 (24.8006, 10.3444); ]
    985 (0.969548, 5.73889) -> [ ]
    986 (0.970879, 17.1237) -> [ 4484 (0.865292, 18.5202); 5629 (0.818994, 18.824); 9726 (0.928142, 18.8124); ]
    987 (6.57166, 21.0897) -> [ 7592 (7.46855, 22.2626); 9286 (7.47203, 22.0134); 9491 (7.3077, 22.019); ]
    988 (15.1544, 16.2323) -> [ ]
    989 (15.1335, 12.7056) -> [ 3208 (15.5134, 13.1712); 4052 (15.4482, 13.1378); 6528 (15.7927, 13.6225); ]
    991 (7.95942, 10.386) -> [ ]
    992 (23.6993, 17.4035) -> [ ]
    993 (5.5089, 10.7737) -> [ 9665 (7.03171, 9.84559); ]
    994 (11.9001, 6.90666) -> [ ]
    996 (15.0108, 0.798932) -> [ ]
    997 (10.1256, 7.68555) -> [ ]
    998 (3.84666, 15.0704) -> [ 2888 (4.77728, 15.105); 4385 (5.77877, 15.0723); 6330 (5.00926, 15.0978); ]
    999 (8.2861, 15.7599) -> [ ]
    1000 (7.07078, 12.9507) -> [ ]
    1001 (21.1006, 8.09254) -> [ ]
    1003 (14.916, 16.4166) -> [ 9277 (15.0689, 18.0691); ]
    1004 (22.6767, 14.896) -> [ ]
    1005 (20.2647, 8.15573) -> [ 7430 (22.1354, 7.89444); ]
    1006 (2.77052, 17.5861) -> [ 9592 (3.57435, 18.7714); ]
    1007 (2.36406, 12.9903) -> [ 2111 (4.29733, 12.9492); 7715 (2.51073, 13.0177); ]
    1009 (22.7064, 0.413756) -> [ 8265 (23.3183, 0.017399); ]
    1010 (16.8476, 21.3821) -> [ ]
    1011 (6.86377, 12.6745) -> [ ]
    1012 (7.68335, 23.0395) -> [ ]
    1013 (17.1605, 12.1464) -> [ ]
    1016 (19.209, 21.6083) -> [ 8253 (19.8022, 22.9097); ]
    1017 (23.9727, 14.6224) -> [ ]
    1018 (8.45856, 20.046) -> [ ]
    1019 (22.3456, 22.3191) -> [ 3406 (23.3991, 23.6555); ]
    1020 (2.29137, 3.53188) -> [ ]
    1021 (14.8262, 2.90016) -> [ ]
    1022 (10.3721, 6.39749) -> [ ]
    1023 (2.14189, 18.6237) -> [ ]
    1024 (2.40626, 8.02502) -> [ 9077 (2.67865, 6.88362); ]
    1025 (19.2897, 4.94771) -> [ 7081 (20.2469, 4.52073); ]
    1026 (13.5498, 17.1015) -> [ ]
    1028 (1.70882, 23.0122) -> [ ]
    1029 (14.986, 5.66006) -> [ 7352 (16.6449, 4.74292); ]
    1030 (4.69345, 7.70643) -> [ ]
    1031 (2.91153, 2.48933) -> [ ]
    1032 (20.5156, 14.7244) -> [ 3759 (21.8236, 15.5841); ]
    1033 (19.3169, 17.209) -> [ ]
    1035 (16.8909, 5.48432) -> [ 5304 (18.1426, 4.89004); ]
    1036 (1.77563, 15.7126) -> [ ]
    1037 (17.2835, 13.046) -> [ ]
    1038 (23.932, 4.96327) -> [ ]
    1039 (15.6245, 13.7961) -> [ ]
    1040 (19.3024, 11.288) -> [ ]
    1042 (6.54063, 17.7109) -> [ ]
    1043 (5.93508, 5.78492) -> [ 1959 (6.99047, 4.27308); ]
    1044 (20.3616, 1.1715) -> [ 7320 (21.5907, 0.385397); ]
    1045 (20.8659, 16.6986) -> [ ]
    1046 (4.54519, 18.7211) -> [ 8330 (5.75101, 19.8194); ]
    1047 (16.6876, 3.547) -> [ ]
    1048 (2.91499, 14.7187) -> [ 441 (4.5395, 14.5178); 1332 (3.38565, 14.5992); 5057 (4.28076, 14.4901); ]
    1049 (23.1639, 14.4366) -> [ ]
    1050 (17.1234, 18.0557) -> [ 8023 (17.4369, 18.7905); ]
    1051 (1.36628, 22.6517) -> [ 7343 (1.43214, 24.1662); 9057 (1.43735, 24.302); ]
    1053 (21.4049, 1.84784) -> [ ]
    1055 (21.8536, 21.4239) -> [ ]
    1057 (18.1401, 2.50963) -> [ 7148 (19.3222, 1.71164); ]
    1058 (22.3125, 10.4143) -> [ ]
    1059 (2.6524, 17.9785) -> [ 3283 (3.60751, 19.6754); ]
    1060 (9.43462, 23.1321) -> [ 1990 (10.1485, 23.8535); ]
    1061 (17.6168, 6.17431) -> [ ]
    1063 (13.2195, 23.5011) -> [ 7101 (14.5287, 24.3377); ]
    1064 (7.42822, 5.36396) -> [ ]
    1065 (16.1118, 2.55799) -> [ ]
    1066 (10.5171, 4.91126) -> [ ]
    1067 (8.45419, 4.3881) -> [ ]
    1069 (23.8251, 9.63405) -> [ ]
    1070 (12.238, 18.1122) -> [ ]
    1071 (15.7775, 3.19742) -> [ ]
    1072 (10.3832, 24.4261) -> [ ]
    1073 (13.2157, 1.97929) -> [ ]
    1074 (10.3795, 1.11875) -> [ 1131 (11.1159, 0.027947); 2547 (10.9637, 0.259993); 8627 (10.9302, 0.393525); 9202 (11.2104, 0.0922253); ]
    1078 (22.0196, 18.1537) -> [ 8054 (22.5632, 18.677); 9784 (22.9654, 18.9854); ]
    1079 (2.86154, 1.33611) -> [ ]
    1080 (0.828559, 13.2809) -> [ 4228 (0.730127, 11.5021); 9090 (0.0416515, 11.4537); ]
    1081 (0.870315, 11.6476) -> [ ]
    1082 (0.122124, 8.12481) -> [ ]
    1083 (4.12424, 11.4194) -> [ ]
    1084 (4.34434, 16.729) -> [ 683 (5.70761, 17.3944); 886 (6.04225, 17.7538); 1637 (5.93034, 17.5423); 7559 (5.39754, 17.229); 8621 (4.94214, 17.0282); ]
    1085 (4.55524, 8.6746) -> [ ]
    1086 (2.54134, 12.3677) -> [ 2377 (4.00367, 11.1272); 3509 (3.77492, 11.6557); 5349 (3.96963, 11.2983); 5415 (3.93704, 11.3568); 6981 (4.01981, 11.3252); 8494 (3.71508, 11.6078); 9869 (3.75564, 11.0466); ]
    1087 (17.1507, 11.0187) -> [ 2486 (18.3849, 11.3732); 4882 (18.3017, 11.275); 8792 (18.3344, 11.2943); ]
    1088 (16.5835, 21.2243) -> [ ]
    1090 (22.2541, 1.90162) -> [ ]
    1091 (0.314863, 12.0248) -> [ ]
    1092 (18.5072, 20.8605) -> [ ]
    1093 (18.434, 17.4464) -> [ ]
    1095 (7.39888, 10.1814) -> [ ]
    1096 (14.6432, 21.0714) -> [ ]
    1098 (10.4204, 3.91145) -> [ ]
    1099 (22.0081, 16.0858) -> [ 7400 (23.5332, 17.3777); ]
    1100 (8.98715, 22.335) -> [ ]
    1101 (19.8863, 4.71148) -> [ 4664 (21.1341, 4.14718); 6478 (21.2159, 4.1084); ]
    1102 (22.6745, 6.96204) -> [ 8591 (24.4501, 6.65636); ]
    1103 (20.3183, 3.28105) -> [ ]
    1104 (7.94628, 8.18884) -> [ ]
    1105 (17.0918, 23.471) -> [ ]
    1106 (13.2944, 9.73271) -> [ ]
    1109 (22.1716, 0.575042) -> [ 7493 (23.0051, 0.0419174); 9575 (22.9295, 0.104445); ]
    1110 (0.52431, 1.78338) -> [ 5552 (0.505458, 0.384286); 5954 (0.511581, 1.38082); ]
    1111 (9.50309, 7.6235) -> [ 6653 (10.7831, 6.74869); ]
    1112 (15.2298, 3.28813) -> [ ]
    1113 (18.8695, 6.12265) -> [ ]
    1114 (11.572, 9.49554) -> [ 3592 (13.3159, 10.0052); 4407 (12.3747, 9.76455); 7239 (12.9693, 9.90702); 8304 (13.2525, 9.95261); 8419 (13.0314, 9.9127); 9630 (13.1817, 9.64995); ]
    1115 (14.6616, 21.3138) -> [ ]
    1116 (5.33941, 22.8538) -> [ ]
    1117 (11.8357, 22.3739) -> [ ]
    1118 (11.8614, 3.01275) -> [ ]
    1120 (3.60376, 12.8333) -> [ 1276 (5.48687, 12.6187); 3439 (5.15281, 13.4472); 3669 (4.85205, 12.8192); 5108 (5.12805, 13.4893); 6979 (5.28405, 12.7462); 8780 (5.1963, 12.7213); 9559 (5.54577, 12.7936); 9811 (5.45261, 12.6707); ]
    1121 (21.4879, 16.6814) -> [ ]
    1122 (22.7555, 19.915) -> [ 8893 (23.1267, 20.2773); ]
    1123 (24.1986, 4.81685) -> [ ]
    1124 (2.85886, 1.48853) -> [ ]
    1125 (20.5224, 2.20083) -> [ ]
    1127 (15.0278, 21.2061) -> [ ]
    1128 (18.9224, 13.5351) -> [ 8931 (20.0454, 14.1361); ]
    1129 (16.9915, 4.61513) -> [ ]
    1130 (14.5113, 4.97997) -> [ ]
    1132 (9.79066, 6.53191) -> [ ]
    1133 (8.08561, 2.65542) -> [ ]
    1134 (19.6418, 22.9067) -> [ 8736 (20.2987, 24.5859); ]
    1135 (21.7108, 10.9168) -> [ ]
    1136 (20.4985, 17.4771) -> [ ]
    1137 (13.2174, 17.5843) -> [ ]
    1138 (3.95245, 17.6226) -> [ 1835 (4.80217, 18.2714); 6017 (4.87637, 18.4627); 8416 (5.0072, 18.4966); ]
    1140 (17.3945, 1.75564) -> [ ]
    1141 (0.241434, 4.36456) -> [ ]
    1143 (10.086, 6.65129) -> [ ]
    1144 (21.9834, 24.6724) -> [ ]
    1145 (4.02977, 10.3503) -> [ 8666 (5.0795, 8.90831); 8746 (4.83564, 9.36272); ]
    1146 (6.63795, 13.4424) -> [ ]
    1148 (3.87772, 8.49898) -> [ ]
    1149 (12.1135, 1.90349) -> [ ]
    1150 (17.8691, 12.946) -> [ 8305 (19.0312, 13.6954); 8306 (19.5352, 13.9599); 8679 (18.9668, 13.5784); ]
    1151 (16.7466, 14.7199) -> [ 3569 (17.4457, 15.6427); ]
    1152 (22.3905, 14.7881) -> [ ]
    1153 (14.8896, 9.61043) -> [ 6385 (16.0086, 9.66459); ]
    1154 (21.4118, 15.5122) -> [ 6608 (22.6273, 16.2812); ]
    1155 (0.926531, 24.1414) -> [ ]
    1156 (10.198, 8.69943) -> [ 8175 (11.5518, 7.93472); ]
    1157 (5.51834, 7.21979) -> [ 9310 (6.44459, 5.73634); ]
    1158 (9.84115, 8.37014) -> [ ]
    1159 (8.34355, 6.74006) -> [ 3648 (9.08259, 6.10087); 7501 (9.36542, 5.8168); ]
    1160 (20.5572, 15.7596) -> [ ]
    1161 (20.9253, 17.6638) -> [ 7288 (22.0556, 18.8629); 9448 (21.8393, 18.5469); ]
    1162 (13.4213, 22.9454) -> [ ]
    1163 (19.2665, 19.1412) -> [ ]
    1164 (20.5024, 6.86298) -> [ ]
    1165 (15.9831, 11.7233) -> [ ]
    1166 (5.61808, 3.2656) -> [ 9454 (6.19277, 1.93084); ]
    1167 (20.2444, 12.6632) -> [ ]
    1168 (0.421074, 7.54748) -> [ 5925 (0.376151, 5.72795); 7784 (0.36758, 5.87505); ]
    1169 (3.3663, 14.9857) -> [ ]
    1170 (14.6292, 7.13779) -> [ 3545 (16.4166, 6.30952); ]
    1171 (7.5826, 10.1085) -> [ ]
    1172 (10.599, 8.55905) -> [ ]
    1174 (8.91907, 18.9122) -> [ ]
    1175 (8.45991, 22.0513) -> [ ]
    1176 (15.4448, 5.59857) -> [ ]
    1177 (20.9263, 16.0424) -> [ ]
    1178 (0.0732921, 9.34769) -> [ ]
    1179 (7.94928, 1.94517) -> [ ]
    1180 (1.78484, 5.9459) -> [ 5424 (1.9621, 4.47172); 6324 (1.96246, 4.43949); 6707 (1.9536, 4.6053); ]
    1181 (17.0917, 16.7053) -> [ 5531 (17.8549, 17.9176); ]
    1182 (3.66624, 7.08097) -> [ 767 (4.41206, 5.38197); 4969 (4.20216, 5.72874); ]
    1183 (1.00607, 20.7381) -> [ ]
    1184 (12.3646, 3.50829) -> [ ]
    1185 (12.1341, 22.417) -> [ ]
    1186 (22.5319, 2.84264) -> [ ]
    1187 (6.81205, 6.83247) -> [ ]
    1188 (19.2913, 11.7347) -> [ ]
    1189 (2.62531, 14.6791) -> [ 2140 (3.67782, 14.5195); 3074 (4.51927, 14.3332); 4666 (3.51345, 14.53); 5104 (3.13848, 14.6339); 5390 (4.34332, 14.4204); 6366 (3.7184, 14.4315); ]
    1190 (1.83758, 11.1016) -> [ ]
    1191 (0.72689, 2.97661) -> [ ]
    1193 (15.908, 12.1274) -> [ 8381 (17.0035, 12.8511); ]
    1194 (6.86463, 20.6496) -> [ ]
    1195 (19.3242, 9.22539) -> [ ]
    1196 (16.9061, 24.7233) -> [ ]
    1198 (0.77195, 13.6872) -> [ 2645 (0.618346, 11.7343); 5694 (0.84041, 11.7208); ]
    1199 (13.9454, 21.4939) -> [ ]
    1200 (8.03362, 15.4966) -> [ ]
    1201 (16.9108, 13.4213) -> [ 2732 (17.9732, 14.3968); 9154 (17.8632, 14.2344); ]
    1202 (15.4626, 9.9144) -> [ ]
    1203 (14.5591, 5.3021) -> [ ]
    1204 (23.8625, 23.4017) -> [ ]
    1205 (16.5232, 18.9391) -> [ ]
    1206 (7.29582, 1.86896) -> [ ]
    1207 (23.4478, 6.42684) -> [ 2436 (24.6581, 6.2152); ]
    1208 (12.9845, 19.34) -> [ 6781 (14.4431, 20.5559); ]
    1209 (13.6656, 6.68024) -> [ ]
    1210 (21.5751, 10.8682) -> [ ]
    1211 (8.57783, 9.72202) -> [ ]
    1212 (14.5215, 5.49124) -> [ 3785 (15.8531, 4.68923); 5265 (16.2181, 4.46781); ]
    1213 (8.48578, 20.5762) -> [ 7649 (9.45379, 21.2831); 8323 (10.0896, 21.7143); ]
    1214 (24.4548, 13.037) -> [ ]
    1215 (0.486798, 11.9222) -> [ 1406 (0.326624, 11.4453); 6565 (0.338657, 11.6663); ]
    1216 (2.99914, 10.2535) -> [ 5981 (3.932, 8.58341); 6182 (3.72219, 9.03864); 9907 (3.27863, 9.81937); ]
    1218 (4.01264, 20.4817) -> [ ]
    1219 (1.08999, 19.3293) -> [ ]
    1220 (2.61355, 23.3092) -> [ ]
    1221 (20.9355, 14.2327) -> [ ]
    1222 (21.7408, 23.3389) -> [ 8466 (22.6639, 24.808); ]
    1224 (23.6322, 8.2116) -> [ ]
    1226 (17.9262, 10.4493) -> [ 8401 (19.7517, 10.8064); 9046 (19.1602, 10.7324); ]
    1227 (8.79121, 2.75529) -> [ ]
    1228 (18.9484, 17.3548) -> [ ]
    1229 (12.5646, 17.096) -> [ ]
    1230 (13.6267, 18.2355) -> [ ]
    1231 (0.149573, 4.99321) -> [ 5448 (0.0140849, 3.14366); 6924 (0.0391171, 3.32471); ]
    1232 (10.7008, 5.90312) -> [ 5070 (12.1734, 4.69521); ]
    1233 (21.5237, 19.5652) -> [ ]
    1234 (21.6482, 5.2757) -> [ 1807 (22.9919, 4.79401); ]
    1235 (16.2606, 7.64358) -> [ 4564 (18.1504, 7.02903); ]
    1237 (18.5937, 7.09544) -> [ 3923 (20.1538, 6.59351); ]
    1238 (1.02178, 8.20118) -> [ 5688 (1.10927, 6.79924); 9956 (0.957696, 6.64653); ]
    1239 (11.9704, 22.7334) -> [ ]
    1240 (19.6749, 16.3424) -> [ 5098 (20.8163, 17.4598); ]
    1242 (9.09909, 23.4821) -> [ ]
    1243 (6.5355, 18.4765) -> [ ]
    1247 (6.42978, 4.22212) -> [ 9945 (7.13217, 2.73105); ]
    1249 (18.8083, 16.2349) -> [ ]
    1250 (17.4836, 14.6066) -> [ ]
    1251 (3.28075, 22.0163) -> [ 842 (3.89197, 23.9107); 9641 (3.77661, 23.4307); ]
    1252 (8.514, 22.9653) -> [ ]
    1253 (19.0489, 16.9706) -> [ 9073 (19.5303, 17.5815); ]
    1254 (3.68954, 21.6948) -> [ ]
    1255 (8.80587, 19.6443) -> [ 7219 (10.4619, 20.5615); 7954 (10.3734, 20.5069); ]
    1257 (18.5026, 20.455) -> [ ]
    1258 (11.1407, 5.00202) -> [ ]
    1259 (4.30602, 6.70232) -> [ ]
    1260 (24.2007, 23.8633) -> [ 5600 (24.9683, 24.8251); ]
    1261 (19.0497, 9.88201) -> [ ]
    1263 (24.5037, 13.499) -> [ ]
    1264 (3.1256, 19.7644) -> [ 5019 (3.82766, 21.4281); 9395 (3.49102, 20.5108); ]
    1266 (1.55548, 23.6011) -> [ ]
    1267 (5.73771, 24.2491) -> [ 2810 (5.94968, 24.6971); ]
    1268 (0.0415613, 19.5327) -> [ ]
    1269 (7.04658, 8.84683) -> [ ]
    1270 (20.3202, 2.39526) -> [ ]
    1271 (0.971872, 10.4967) -> [ ]
    1273 (2.77757, 6.05777) -> [ ]
    1274 (20.2397, 5.76563) -> [ 5521 (21.5113, 5.36141); ]
    1275 (22.7718, 22.647) -> [ ]
    1276 (5.48687, 12.6187) -> [ 3863 (7.39964, 12.3991); 6130 (6.80072, 12.4693); ]
    1277 (5.32236, 1.57832) -> [ 8963 (5.60384, 0.675096); ]
    1278 (24.7133, 11.9995) -> [ ]
    1279 (21.1275, 12.3438) -> [ 6230 (22.364, 12.7611); ]
    1281 (5.46514, 5.35687) -> [ ]
    1282 (20.5789, 18.5109) -> [ ]
    1283 (6.79213, 10.9577) -> [ 8089 (7.44575, 10.7266); ]
    1284 (24.3789, 9.20439) -> [ ]
    1287 (0.55568, 8.5935) -> [ ]
    1288 (12.8658, 18.0756) -> [ ]
    1289 (9.75166, 4.29186) -> [ 8026 (10.7031, 3.28274); ]
    1290 (23.4473, 18.9632) -> [ 2159 (24.6192, 20.0043); ]
    1291 (5.66894, 15.2594) -> [ ]
    1292 (14.1302, 9.02903) -> [ 417 (15.7649, 8.76933); 3195 (15.6086, 8.85667); 7946 (15.1194, 8.93858); ]
    1294 (23.5544, 8.22168) -> [ ]
    1295 (20.2067, 21.5295) -> [ ]
    1296 (21.0778, 2.84431) -> [ ]
    1297 (7.30938, 7.91743) -> [ ]
    1298 (15.3246, 22.2051) -> [ ]
    1299 (17.018, 6.47914) -> [ ]
    1300 (16.865, 3.16506) -> [ 7627 (18.2005, 2.33316); ]
    1301 (7.29504, 7.22347) -> [ ]
    1303 (14.059, 23.1194) -> [ ]
    1304 (15.553, 13.8991) -> [ 5924 (16.1564, 15.1898); ]
    1305 (5.5241, 15.5503) -> [ ]
    1306 (20.289, 11.189) -> [ ]
    1309 (22.2493, 19.2133) -> [ ]
    1310 (7.10953, 23.3221) -> [ ]
    1311 (5.51312, 4.07264) -> [ ]
    1312 (22.9888, 24.1142) -> [ ]
    1313 (12.4502, 4.37931) -> [ ]
    1314 (8.71817, 9.0426) -> [ 8533 (10.2377, 8.13742); ]
    1315 (22.8052, 15.0717) -> [ 9660 (23.9174, 16.0048); ]
    1316 (0.975308, 17.7481) -> [ ]
    1317 (22.9783, 7.18925) -> [ 4189 (23.5262, 7.11322); 7098 (24.5594, 6.76535); ]
    1318 (13.3639, 1.86349) -> [ ]
    1319 (24.0411, 24.7609) -> [ ]
    1320 (0.974735, 20.097) -> [ ]
    1321 (1.45192, 15.066) -> [ 3840 (3.05888, 15.3261); ]
    1323 (20.4471, 13.5665) -> [ 8589 (22.207, 14.5023); 8668 (22.1081, 14.4924); ]
    1324 (21.7605, 9.37349) -> [ ]
    1325 (19.1241, 21.425) -> [ 3355 (19.9025, 23.0909); ]
    1326 (9.40665, 23.9619) -> [ 9786 (9.93473, 24.5284); ]
    1327 (6.06623, 16.3306) -> [ ]
    1328 (19.0918, 23.4835) -> [ ]
    1329 (6.19397, 18.5302) -> [ 7450 (7.3769, 19.4416); 9098 (7.61883, 19.5244); ]
    1330 (6.86503, 2.98739) -> [ ]
    1331 (0.690603, 13.1101) -> [ 2286 (0.0331155, 12.3833); ]
    1332 (3.38565, 14.5992) -> [ ]
    1333 (16.907, 21.6441) -> [ 9295 (18.1947, 22.6012); ]
    1334 (11.1415, 2.04065) -> [ ]
    1335 (4.92236, 7.41333) -> [ ]
    1336 (14.4538, 19.4826) -> [ ]
    1338 (6.49578, 22.9668) -> [ ]
    1339 (23.5176, 17.7743) -> [ ]
    1340 (14.9151, 14.4486) -> [ 7587 (15.2396, 16.372); 9654 (15.2474, 15.8261); ]
    1341 (1.30741, 19.6466) -> [ 9137 (1.39389, 21.242); ]
    1342 (14.1132, 16.4031) -> [ ]
    1343 (11.645, 24.2052) -> [ 8472 (12.3072, 24.799); ]
    1344 (12.6351, 8.47942) -> [ ]
    1345 (12.4649, 16.5944) -> [ ]
    1346 (21.5305, 18.0333) -> [ ]
    1347 (12.2308, 7.57276) -> [ ]
    1348 (18.5768, 18.617) -> [ ]
    1349 (3.38751, 18.0594) -> [ 2425 (4.01629, 18.9507); ]
    1350 (5.15625, 10.8674) -> [ ]
    1352 (19.1639, 16.3282) -> [ ]
    1353 (17.6976, 9.28587) -> [ 6506 (18.6548, 9.25899); 7853 (19.4368, 9.11126); 9628 (19.1541, 9.32834); ]
    1354 (14.512, 22.2306) -> [ 6868 (16.1449, 23.132); ]
    1355 (17.7931, 15.9538) -> [ 5539 (19.012, 17.4519); 6052 (18.8943, 17.2214); ]
    1356 (2.9976, 1.4756) -> [ ]
    1357 (23.799, 17.739) -> [ ]
    1359 (14.7145, 14.329) -> [ ]
    1360 (5.6518, 5.40302) -> [ ]
    1361 (16.564, 6.79917) -> [ ]
    1362 (8.73748, 1.25982) -> [ ]
    1363 (6.84747, 14.6684) -> [ ]
    1364 (1.43529, 9.33364) -> [ 4965 (1.57636, 7.89388); ]
    1365 (23.054, 13.2517) -> [ 975 (24.4326, 13.7352); 5470 (24.8102, 14.0242); 9835 (24.1508, 13.6178); ]
    1366 (16.0867, 16.6961) -> [ ]
    1367 (11.553, 8.66289) -> [ ]
    1368 (10.9583, 1.2424) -> [ ]
    1369 (10.8856, 22.8097) -> [ 9647 (11.5939, 23.3161); ]
    1370 (11.7987, 4.89362) -> [ 6159 (12.5454, 4.25293); 6869 (12.8818, 3.97945); ]
    1372 (5.26091, 10.8702) -> [ 7662 (6.70352, 10.0118); ]
    1373 (13.6826, 1.55119) -> [ ]
    1374 (15.7837, 21.9088) -> [ 9335 (17.2496, 23.1713); ]
    1375 (1.96901, 5.11523) -> [ ]
    1376 (18.4902, 19.0368) -> [ ]
    1377 (13.0731, 4.53821) -> [ ]
    1378 (5.61649, 20.3566) -> [ ]
    1379 (8.55698, 1.93683) -> [ ]
    1380 (2.05275, 11.1234) -> [ ]
    1381 (3.37729, 23.3559) -> [ ]
    1382 (2.69201, 19.3674) -> [ 6155 (3.03355, 20.1168); 8044 (3.40378, 20.9904); 9075 (3.20981, 20.5782); ]
    1383 (12.5991, 23.4363) -> [ ]
    1384 (6.97077, 18.6408) -> [ ]
    1385 (11.9527, 2.18388) -> [ ]
    1386 (17.7065, 14.724) -> [ 8070 (19.0723, 16.0996); 8955 (18.8999, 15.9065); ]
    1387 (8.94503, 9.53465) -> [ ]
    1388 (20.6627, 19.3745) -> [ ]
    1389 (4.98211, 21.2938) -> [ ]
    1390 (18.3111, 14.4327) -> [ 5930 (19.6692, 15.5871); ]
    1391 (5.58038, 10.3235) -> [ 6351 (5.93151, 10.0989); 9379 (7.13577, 9.29916); 9387 (7.09133, 9.22487); ]
    1392 (5.64704, 18.697) -> [ 8569 (7.05938, 19.8616); ]
    1394 (5.04264, 21.5239) -> [ ]
    1396 (17.0721, 10.7937) -> [ 8436 (18.5144, 11.1578); ]
    1397 (23.6656, 10.0742) -> [ 7869 (24.714, 10.1575); 8143 (24.3025, 10.0971); ]
    1398 (9.08324, 18.7307) -> [ ]
    1399 (15.8113, 2.46873) -> [ ]
    1400 (21.1015, 21.9462) -> [ 7855 (21.9446, 23.1537); ]
    1401 (8.9102, 22.9856) -> [ ]
    1402 (5.41202, 7.73231) -> [ ]
    1404 (2.57792, 21.3393) -> [ 2485 (3.07597, 22.9061); 2653 (2.88681, 22.7157); 8186 (3.03109, 22.9073); ]
    1405 (17.3368, 11.9025) -> [ ]
    1406 (0.326624, 11.4453) -> [ ]
    1407 (19.7985, 12.46) -> [ ]
    1408 (11.3426, 23.3598) -> [ 7497 (12.4941, 24.333); ]
    1409 (3.77582, 19.6375) -> [ 651 (4.73053, 21.0769); 3934 (4.7677, 21.2095); ]
    1410 (17.1904, 15.0486) -> [ ]
    1411 (4.86853, 5.60709) -> [ ]
    1412 (7.45713, 5.28972) -> [ ]
    1413 (4.81387, 12.3094) -> [ 9364 (6.71688, 11.9338); ]
    1417 (3.11386, 7.3034) -> [ 6855 (3.54834, 6.17708); 6999 (3.49108, 6.15449); 7170 (3.50525, 6.34228); ]
    1418 (11.7541, 4.97736) -> [ ]
    1420 (18.0688, 9.68831) -> [ 8896 (19.4444, 9.71555); ]
    1421 (2.29613, 13.5605) -> [ 5885 (2.56369, 13.2835); ]
    1422 (8.91599, 3.02897) -> [ ]
    1423 (5.02028, 17.5387) -> [ 4539 (6.51217, 18.4964); 7374 (5.9796, 18.1136); 9896 (6.33673, 18.4071); ]
    1425 (4.20048, 5.29323) -> [ ]
    1426 (19.508, 3.87167) -> [ 7923 (20.2298, 3.43972); ]
    1428 (0.367833, 6.02917) -> [ ]
    1429 (2.80466, 2.71434) -> [ ]
    1430 (18.858, 6.57786) -> [ ]
    1431 (20.637, 20.5857) -> [ ]
    1432 (20.5797, 12.5894) -> [ ]
    1433 (20.7017, 8.39808) -> [ ]
    1435 (20.1164, 8.03678) -> [ ]
    1437 (4.82214, 16.8365) -> [ 3069 (5.85084, 17.2126); 3417 (6.52156, 17.5283); 3950 (5.98279, 17.2324); 8406 (6.28917, 17.3137); ]
    1438 (17.1838, 15.6474) -> [ 7258 (17.7292, 16.5307); ]
    1439 (12.2646, 1.91993) -> [ ]
    1440 (19.8486, 18.8424) -> [ ]
    1441 (9.92486, 16.9691) -> [ ]
    1442 (0.836066, 0.593572) -> [ ]
    1443 (10.0585, 3.33297) -> [ ]
    1444 (13.9979, 5.733) -> [ ]
    1445 (6.20331, 20.3614) -> [ ]
    1446 (4.80803, 13.0732) -> [ ]
    1447 (21.6933, 4.4501) -> [ 7742 (22.5496, 4.07392); ]
    1449 (8.93369, 17.1274) -> [ ]
    1450 (17.0295, 18.687) -> [ ]
    1451 (13.2699, 4.37409) -> [ 9002 (13.8113, 3.99224); ]
    1452 (22.1632, 17.9283) -> [ ]
    1453 (4.70792, 1.33854) -> [ 8810 (5.01116, 0.374051); ]
    1454 (19.3933, 0.783892) -> [ ]
    1455 (16.6618, 3.16195) -> [ ]
    1457 (18.6965, 16.64) -> [ 2239 (19.457, 17.4819); 7525 (19.4151, 17.4291); 7712 (18.9252, 16.9198); ]
    1458 (3.74787, 22.6606) -> [ ]
    1459 (20.9004, 4.14969) -> [ 6796 (22.3404, 3.51925); ]
    1461 (13.2206, 18.0466) -> [ ]
    1462 (24.3206, 17.6355) -> [ ]
    1465 (6.19223, 24.2846) -> [ ]
    1469 (4.92915, 13.5583) -> [ ]
    1470 (13.6162, 19.0389) -> [ 5062 (15.0135, 20.0206); 5158 (15.2843, 20.097); 9078 (15.0282, 19.9826); ]
    1472 (23.3018, 2.21508) -> [ 6340 (24.339, 1.74214); 7625 (24.518, 1.643); ]
    1473 (18.164, 10.5639) -> [ ]
    1474 (5.59188, 6.26339) -> [ ]
    1475 (3.3038, 9.26397) -> [ ]
    1477 (12.8348, 1.94866) -> [ 6903 (14.0936, 0.791341); ]
    1478 (15.879, 2.11643) -> [ ]
    1479 (8.12579, 6.7553) -> [ ]
    1481 (11.2736, 9.43481) -> [ ]
    1482 (15.349, 1.89992) -> [ 6318 (16.4947, 1.07048); ]
    1483 (15.489, 12.3865) -> [ ]
    1484 (1.88368, 1.18929) -> [ ]
    1485 (6.223, 15.8786) -> [ ]
    1486 (3.44677, 23.781) -> [ ]
    1487 (8.78647, 22.8099) -> [ 5083 (10.0842, 24.0943); ]
    1488 (13.2531, 18.8631) -> [ ]
    1489 (17.554, 0.81792) -> [ ]
    1490 (1.81051, 8.93207) -> [ ]
    1491 (1.63825, 4.53458) -> [ ]
    1492 (5.59008, 10.5644) -> [ ]
    1493 (22.9113, 10.5635) -> [ ]
    1494 (4.66568, 4.5345) -> [ 9903 (5.00594, 3.67471); ]
    1495 (5.12439, 16.4683) -> [ 2299 (6.48406, 16.9905); 9567 (6.5349, 17.0198); ]
    1498 (10.2611, 22.1616) -> [ ]
    1499 (22.6558, 3.94118) -> [ ]
    1500 (8.8434, 7.26493) -> [ 8490 (9.54182, 6.73148); 9230 (9.58666, 6.69299); ]
    1501 (1.34362, 19.5865) -> [ 5517 (1.54094, 21.1808); ]
    1502 (4.48046, 3.74583) -> [ 4759 (4.98428, 2.3058); ]
    1504 (2.88896, 17.0992) -> [ 5337 (4.11583, 18.6348); 7319 (3.22439, 17.4747); 8555 (4.0455, 18.3655); 8720 (3.24592, 17.4876); ]
    1505 (5.43082, 13.6526) -> [ ]
    1506 (6.89006, 17.187) -> [ ]
    1507 (12.6028, 9.17728) -> [ ]
    1510 (22.2482, 20.3068) -> [ ]
    1511 (10.1637, 7.86521) -> [ 994 (11.9001, 6.90666); ]
    1512 (17.1847, 14.2129) -> [ ]
    1515 (14.7381, 15.8613) -> [ 5916 (14.782, 16.5561); 7254 (14.7377, 16.0011); 7337 (14.9272, 17.6636); ]
    1516 (22.3701, 18.5689) -> [ ]
    1517 (15.0564, 4.92303) -> [ 8161 (16.1766, 4.32029); ]
    1518 (15.3448, 13.8249) -> [ 7233 (15.7206, 14.7486); ]
    1519 (6.35975, 17.2574) -> [ ]
    1520 (14.6129, 0.923557) -> [ ]
    1521 (1.46972, 17.4141) -> [ 6712 (1.78187, 19.382); 7664 (1.78823, 19.1071); ]
    1522 (8.79848, 9.3253) -> [ ]
    1523 (11.3202, 8.17752) -> [ ]
    1524 (10.1444, 9.51736) -> [ 382 (11.7561, 9.17854); 963 (11.6965, 9.36711); 1971 (11.834, 9.1822); 3434 (12.078, 9.21826); 5820 (11.9329, 9.44665); 7029 (11.0988, 9.37669); 8709 (10.8647, 9.49843); 9182 (12.0394, 9.29527); 9390 (11.188, 9.24785); ]
    1525 (9.14822, 10.0057) -> [ ]
    1526 (19.9378, 16.195) -> [ 779 (20.6421, 16.8894); 5698 (20.6546, 16.8731); 6809 (20.5993, 16.804); ]
    1527 (20.2464, 19.5728) -> [ ]
    1528 (3.31653, 6.23213) -> [ ]
    1529 (3.71533, 7.9717) -> [ ]
    1530 (12.7425, 17.3137) -> [ ]
    1531 (0.788867, 19.129) -> [ ]
    1533 (18.5947, 19.3418) -> [ ]
    1534 (13.2245, 18.3309) -> [ 3961 (14.8822, 19.4164); 7965 (14.7411, 19.3018); ]
    1535 (21.074, 11.2867) -> [ ]
    1536 (20.3345, 1.86576) -> [ 3100 (21.8955, 0.966343); 7573 (21.5289, 1.18448); ]
    1537 (20.0947, 0.888451) -> [ ]
    1539 (14.3089, 18.4788) -> [ ]
    1541 (24.4811, 8.3678) -> [ ]
    1542 (4.34526, 15.6291) -> [ 4989 (6.19995, 16.0928); ]
    1543 (16.636, 11.9674) -> [ ]
    1545 (8.4101, 0.70465) -> [ 5818 (8.5957, 0.375531); ]
    1546 (18.5363, 9.24505) -> [ ]
    1547 (15.2367, 6.94619) -> [ 5020 (16.4908, 6.41918); ]
    1548 (23.6952, 21.5451) -> [ ]
    1549 (15.2715, 11.2684) -> [ ]
    1550 (20.8802, 9.33641) -> [ ]
    1551 (6.09192, 20.0928) -> [ ]
    1552 (12.6254, 22.4866) -> [ 9601 (13.5335, 23.0874); 9680 (13.8023, 23.3294); ]
    1553 (13.0072, 3.18396) -> [ ]
    1554 (13.4589, 23.0803) -> [ ]
    1555 (2.67363, 14.821) -> [ 6131 (4.58973, 14.621); ]
    1556 (20.8784, 9.88661) -> [ ]
    1557 (21.6935, 11.7965) -> [ ]
    1559 (23.3096, 18.5257) -> [ 8754 (23.7427, 18.9256); ]
    1560 (11.1016, 3.76707) -> [ 3641 (12.4397, 2.48276); ]
    1561 (23.438, 21.1591) -> [ ]
    1562 (13.2656, 6.76941) -> [ ]
    1563 (5.84522, 8.62637) -> [ ]
    1564 (1.23705, 4.98981) -> [ 8907 (1.24448, 4.34659); ]
    1565 (16.8957, 14.0804) -> [ ]
    1566 (19.4998, 20.0163) -> [ 9051 (20.2831, 21.2432); ]
    1567 (8.65421, 1.79236) -> [ ]
    1568 (14.4519, 15.9977) -> [ 6357 (14.462, 16.7668); ]
    1569 (14.5856, 9.2866) -> [ ]
    1570 (8.04102, 23.0035) -> [ ]
    1571 (11.1092, 21.1325) -> [ ]
    1572 (18.788, 21.6795) -> [ ]
    1573 (17.5189, 6.30341) -> [ 8064 (19.1996, 5.54667); 8199 (19.0368, 5.62571); ]
    1575 (4.01295, 1.1267) -> [ ]
    1578 (16.3946, 14.8185) -> [ ]
    1579 (17.645, 18.7391) -> [ ]
    1582 (1.37387, 0.884168) -> [ ]
    1583 (22.6689, 9.03495) -> [ ]
    1584 (20.0803, 1.82813) -> [ 5532 (21.0472, 1.30171); 6602 (21.1441, 1.18628); ]
    1585 (5.42412, 12.2713) -> [ 7868 (6.52827, 12.0872); ]
    1586 (23.0846, 19.4815) -> [ 3550 (24.2121, 20.4758); ]
    1587 (19.6531, 14.2567) -> [ 3794 (20.8514, 15.1534); 5724 (20.7812, 15.0806); ]
    1588 (22.4982, 18.5364) -> [ ]
    1589 (14.656, 13.7589) -> [ 6336 (13.6904, 15.3569); 7252 (14.5595, 15.5161); 9753 (14.6881, 15.6923); 9969 (13.9617, 15.1456); ]
    1590 (22.9201, 16.2976) -> [ 1462 (24.3206, 17.6355); ]
    1591 (0.35081, 24.0546) -> [ ]
    1592 (3.93634, 4.23226) -> [ ]
    1593 (24.3188, 1.10705) -> [ ]
    1594 (18.54, 0.66505) -> [ ]
    1595 (17.268, 23.9549) -> [ 2655 (19.0276, 24.9029); 9346 (18.8694, 24.8662); ]
    1596 (23.611, 4.3529) -> [ ]
    1598 (18.0306, 23.9792) -> [ ]
    1600 (1.70968, 15.7166) -> [ 1504 (2.88896, 17.0992); 2264 (2.98009, 17.0933); ]
    1601 (5.3907, 20.7913) -> [ ]
    1602 (22.2457, 8.58728) -> [ 9520 (23.8073, 8.5525); ]
    1605 (6.16444, 6.76969) -> [ 9332 (7.15444, 5.16223); ]
    1607 (0.924406, 9.60291) -> [ 9522 (0.84781, 7.78317); ]
    1609 (14.7287, 1.62639) -> [ 455 (15.983, 0.572096); 4614 (15.6478, 0.856542); ]
    1610 (21.7744, 22.8162) -> [ ]
    1611 (3.51159, 0.869791) -> [ 7760 (3.6662, 0.202077); ]
    1612 (6.19465, 11.0641) -> [ 8493 (7.23796, 10.5869); 9401 (7.80799, 10.3662); ]
    1613 (1.19216, 3.54412) -> [ 7568 (1.2142, 1.73879); 8488 (1.1921, 1.89078); ]
    1614 (18.7325, 9.93331) -> [ 5179 (20.5408, 10.0266); 5859 (20.3794, 10.0137); 5907 (19.3755, 9.94292); 6729 (19.5591, 10.0034); ]
    1615 (1.59132, 21.5458) -> [ 5103 (1.78268, 23.3484); ]
    1616 (1.64925, 12.7635) -> [ 222 (1.83225, 12.6421); 6467 (1.97674, 12.4383); ]
    1618 (21.3152, 7.97521) -> [ ]
    1619 (10.6844, 19.4467) -> [ ]
    1620 (6.68517, 23.5835) -> [ ]
    1621 (10.9298, 22.1839) -> [ ]
    1623 (1.37587, 14.5546) -> [ ]
    1624 (12.3413, 6.59296) -> [ ]
    1625 (18.2084, 18.7811) -> [ ]
    1626 (21.9912, 17.3587) -> [ ]
    1627 (21.5849, 4.91662) -> [ ]
    1628 (21.5901, 20.7078) -> [ ]
    1629 (0.807266, 16.1838) -> [ 2363 (0.526883, 17.6437); 9440 (0.609095, 17.2906); ]
    1630 (15.7713, 15.9421) -> [ ]
    1631 (5.72444, 4.74267) -> [ ]
    1632 (15.2318, 12.0023) -> [ ]
    1633 (20.8288, 3.97167) -> [ 3567 (22.2968, 3.19012); ]
    1634 (11.718, 22.6807) -> [ ]
    1635 (4.3589, 6.00591) -> [ 348 (5.07573, 4.21045); ]
    1636 (2.57484, 17.749) -> [ 3057 (3.37514, 19.0214); ]
    1637 (5.93034, 17.5423) -> [ 3120 (7.13872, 18.1859); 4612 (7.2201, 18.2368); 7250 (7.64023, 18.3302); ]
    1639 (13.7958, 8.88023) -> [ 1925 (15.6127, 8.49259); 6951 (15.5179, 8.5811); ]
    1640 (20.4487, 16.3214) -> [ 8040 (21.9287, 17.4998); 8438 (20.9025, 16.7146); ]
    1641 (17.1811, 11.2379) -> [ ]
    1642 (21.2788, 18.736) -> [ ]
    1643 (2.84944, 3.56617) -> [ ]
    1644 (15.3092, 12.5684) -> [ 9875 (15.9941, 13.6738); ]
    1645 (23.1089, 14.2817) -> [ ]
    1646 (18.9367, 5.30868) -> [ ]
    1647 (4.86762, 19.356) -> [ 6201 (5.93012, 20.5531); ]
    1648 (16.4048, 23.9436) -> [ ]
    1649 (2.45232, 4.7412) -> [ 140 (2.56933, 3.11757); 1737 (2.60331, 3.05869); 7610 (2.55777, 2.86186); 7780 (2.5669, 2.77961); ]
    1650 (18.4627, 7.70794) -> [ ]
    1651 (13.7682, 18.5847) -> [ ]
    1652 (14.2016, 3.85941) -> [ ]
    1654 (19.3191, 10.9074) -> [ 4979 (20.8915, 11.2419); ]
    1656 (2.83071, 11.8979) -> [ ]
    1657 (23.6842, 3.85561) -> [ ]
    1658 (15.0061, 10.9484) -> [ 8030 (16.4009, 11.6195); 9648 (16.0942, 11.4765); ]
    1659 (17.8171, 7.84803) -> [ 3329 (19.6393, 7.41701); ]
    1660 (10.1084, 7.92153) -> [ ]
    1661 (1.38549, 0.510801) -> [ ]
    1662 (16.8094, 5.67242) -> [ ]
    1663 (16.665, 1.21393) -> [ ]
    1664 (0.283407, 20.9837) -> [ 9220 (0.147969, 22.1904); ]
    1666 (19.9052, 21.9324) -> [ ]
    1667 (14.7711, 23.6429) -> [ 5947 (15.9428, 24.452); ]
    1668 (9.09908, 5.45438) -> [ ]
    1669 (5.70388, 12.2619) -> [ 648 (6.83949, 12.0566); ]
    1670 (5.23274, 22.3241) -> [ 7323 (6.07723, 23.72); ]
    1671 (15.9235, 10.7105) -> [ ]
    1672 (13.1321, 22.4125) -> [ 7437 (13.6217, 22.6811); ]
    1673 (16.1832, 2.62568) -> [ 7378 (17.6941, 1.6937); 9091 (17.4273, 1.85389); ]
    1674 (1.83095, 10.0276) -> [ 6525 (2.10735, 8.45847); 7226 (2.08238, 8.54828); ]
    1676 (15.7868, 3.26597) -> [ ]
    1677 (16.2474, 20.8195) -> [ 6504 (17.5916, 21.7388); ]
    1678 (15.8562, 2.07147) -> [ ]
    1679 (2.1596, 8.58009) -> [ ]
    1680 (20.3077, 0.906971) -> [ 8041 (21.3117, 0.235647); ]
    1681 (13.4207, 7.56099) -> [ ]
    1683 (1.94738, 8.95667) -> [ ]
    1684 (19.0197, 14.6266) -> [ ]
    1686 (3.95273, 17.7981) -> [ ]
    1687 (12.6846, 19.0452) -> [ ]
    1688 (8.11887, 19.8697) -> [ ]
    1689 (2.59894, 15.6198) -> [ ]
    1690 (10.847, 22.5931) -> [ ]
    1691 (2.86478, 16.64) -> [ 1138 (3.95245, 17.6226); 1686 (3.95273, 17.7981); 1808 (3.99738, 17.8132); 2261 (4.07501, 17.7824); 3579 (4.06412, 17.9192); 5527 (4.20759, 17.6922); 7159 (3.63948, 17.4704); 7303 (4.13992, 17.9273); 9302 (3.12867, 16.8557); ]
    1692 (1.68444, 11.9298) -> [ ]
    1693 (9.20776, 19.7957) -> [ ]
    1694 (18.0507, 13.1254) -> [ ]
    1696 (20.1009, 16.1702) -> [ 5738 (21.0959, 17.103); ]
    1697 (10.9711, 6.70019) -> [ ]
    1698 (21.6977, 17.0695) -> [ ]
    1699 (8.54176, 9.01545) -> [ 7746 (10.1569, 7.95532); ]
    1700 (19.4851, 5.91382) -> [ ]
    1701 (5.20298, 12.6527) -> [ 6876 (6.21437, 12.5081); 8593 (6.81838, 12.4273); ]
    1703 (16.2784, 8.62279) -> [ ]
    1704 (3.48012, 2.79187) -> [ 8710 (3.90837, 0.898785); ]
    1705 (24.6043, 0.328503) -> [ ]
    1706 (12.1155, 1.18462) -> [ ]
    1707 (5.35337, 20.7625) -> [ ]
    1708 (21.7587, 9.16912) -> [ ]
    1709 (7.14396, 22.4405) -> [ 380 (8.24787, 23.7496); 1965 (8.30926, 23.7669); 2942 (7.95305, 23.4322); 6499 (8.19988, 23.678); ]
    1710 (5.36156, 21.9939) -> [ ]
    1711 (1.65877, 2.8681) -> [ ]
    1712 (0.859584, 2.9558) -> [ ]
    1713 (19.2364, 9.87773) -> [ ]
    1714 (20.0791, 8.92679) -> [ ]
    1715 (20.1226, 20.0704) -> [ ]
    1716 (16.7261, 5.2154) -> [ ]
    1717 (3.70871, 22.7823) -> [ 4320 (4.31046, 24.4272); ]
    1718 (24.2425, 15.9414) -> [ ]
    1719 (8.47175, 10.1202) -> [ 6315 (10.2282, 9.4719); ]
    1720 (1.35295, 5.75831) -> [ ]
    1721 (13.507, 4.4497) -> [ ]
    1722 (11.3281, 17.7648) -> [ ]
    1723 (14.4893, 13.3235) -> [ ]
    1724 (3.71424, 9.06596) -> [ ]
    1725 (5.76332, 17.7627) -> [ 6449 (6.15794, 17.9715); ]
    1726 (2.08041, 14.5397) -> [ ]
    1727 (7.18238, 9.66808) -> [ ]
    1728 (14.7123, 22.9717) -> [ ]
    1729 (18.5767, 1.45497) -> [ ]
    1730 (0.912915, 12.0652) -> [ ]
    1731 (9.72299, 18.5614) -> [ 6721 (10.5979, 18.9548); ]
    1733 (23.5125, 15.3125) -> [ ]
    1734 (7.19944, 3.99921) -> [ ]
    1735 (6.43507, 23.9416) -> [ 792 (6.73531, 24.5389); ]
    1738 (10.7126, 6.29235) -> [ 6632 (11.9982, 5.29803); ]
    1739 (19.5576, 13.4245) -> [ ]
    1740 (19.7966, 12.6475) -> [ ]
    1742 (20.1413, 17.6015) -> [ ]
    1743 (3.69961, 5.15869) -> [ ]
    1745 (15.1412, 22.7914) -> [ 5288 (16.2043, 23.4138); 7726 (16.6955, 23.704); ]
    1747 (10.9971, 20.3348) -> [ ]
    1748 (5.28827, 8.76385) -> [ ]
    1749 (12.3905, 23.018) -> [ 4988 (13.7109, 23.9585); ]
    1750 (2.43742, 14.0995) -> [ 6124 (2.97698, 13.7858); ]
    1752 (5.34131, 9.33275) -> [ ]
    1753 (3.92979, 16.2052) -> [ 1802 (5.29621, 16.6821); 6161 (4.47638, 16.3949); 6388 (5.68288, 16.8572); ]
    1754 (16.6587, 21.7973) -> [ ]
    1755 (16.4825, 22.0264) -> [ ]
    1756 (20.8241, 16.3435) -> [ ]
    1757 (16.9046, 20.7987) -> [ ]
    1758 (4.75925, 8.23905) -> [ ]
    1763 (17.6684, 20.1858) -> [ ]
    1764 (4.53136, 15.3602) -> [ 2278 (6.35019, 15.3771); 2944 (5.49208, 15.4871); 9172 (6.01185, 15.3733); ]
    1765 (1.87246, 16.6273) -> [ 1059 (2.6524, 17.9785); 3377 (2.5574, 18.3144); 3748 (2.52461, 18.1191); 3820 (2.3836, 17.7535); 3916 (2.60944, 18.4854); 6535 (2.34438, 17.5937); 6748 (2.5647, 17.9601); 7034 (2.44787, 17.8321); ]
    1766 (20.1372, 7.76118) -> [ ]
    1767 (3.48968, 0.912147) -> [ ]
    1768 (19.2983, 8.27958) -> [ 6486 (19.7757, 8.24072); ]
    1769 (1.95621, 23.6668) -> [ 4409 (2.0809, 24.8633); ]
    1771 (24.1679, 12.0618) -> [ ]
    1772 (19.977, 18.6904) -> [ 5982 (21.2065, 20.2366); 7637 (21.0018, 20.0445); ]
    1773 (0.742172, 5.79533) -> [ 6732 (0.69325, 4.08289); ]
    1774 (13.2828, 6.56995) -> [ 9466 (14.6626, 5.89875); ]
    1775 (16.7077, 2.01568) -> [ ]
    1776 (22.4147, 19.5839) -> [ ]
    1777 (3.68764, 6.76733) -> [ 4342 (4.27393, 5.20242); 5058 (4.27659, 4.98465); 8643 (4.27509, 5.19952); 9674 (4.09943, 5.69824); ]
    1778 (10.127, 2.22937) -> [ 6036 (10.8967, 1.12637); 6188 (10.8466, 1.16625); 8850 (10.8257, 1.25575); ]
    1779 (6.95944, 8.47931) -> [ ]
    1780 (19.1718, 6.34731) -> [ ]
    1781 (22.2936, 10.0281) -> [ ]
    1783 (1.0857, 19.6235) -> [ 4118 (1.02665, 20.903); 6085 (1.10343, 20.7099); 6136 (1.03974, 21.5265); 7340 (1.04471, 20.1534); 9264 (1.11184, 20.4195); ]
    1784 (16.1136, 20.111) -> [ ]
    1785 (11.2855, 3.12376) -> [ ]
    1786 (16.0666, 8.20269) -> [ 7925 (17.4363, 7.93066); ]
    1787 (24.0376, 3.06123) -> [ ]
    1788 (21.7196, 21.5454) -> [ ]
    1789 (17.9129, 15.9941) -> [ ]
    1790 (3.36876, 8.78128) -> [ ]
    1791 (18.4617, 12.4304) -> [ ]
    1792 (21.5259, 22.1647) -> [ ]
    1793 (15.6662, 14.0329) -> [ 9838 (16.2244, 14.9962); 9873 (15.8458, 14.3698); ]
    1794 (7.26427, 8.15281) -> [ ]
    1795 (4.77025, 11.9239) -> [ ]
    1796 (1.81187, 14.4482) -> [ 7816 (3.37365, 13.325); ]
    1797 (14.1824, 21.9465) -> [ ]
    1800 (23.7457, 12.1731) -> [ 9446 (24.9764, 12.477); ]
    1801 (2.28577, 23.3995) -> [ ]
    1802 (5.29621, 16.6821) -> [ 1519 (6.35975, 17.2574); 3397 (6.95396, 17.2559); ]
    1803 (23.5957, 14.7266) -> [ ]
    1804 (20.6159, 20.0904) -> [ ]
    1805 (5.27455, 8.17188) -> [ ]
    1806 (16.8736, 12.3498) -> [ 7447 (18.4862, 13.4683); 7614 (18.3756, 13.4528); ]
    1807 (22.9919, 4.79401) -> [ 1068 (24.1816, 4.39708); 5707 (23.7648, 4.55555); ]
    1808 (3.99738, 17.8132) -> [ ]
    1809 (12.9959, 5.28746) -> [ ]
    1810 (16.3935, 12.4934) -> [ 7083 (17.958, 13.6987); ]
    1811 (1.14407, 12.7174) -> [ 5181 (1.21299, 12.1225); 7897 (1.07215, 12.0719); 9227 (1.12034, 11.6166); ]
    1812 (20.4323, 15.2904) -> [ ]
    1814 (14.51, 18.0767) -> [ ]
    1815 (5.71062, 1.44204) -> [ ]
    1817 (15.3257, 22.749) -> [ ]
    1819 (1.29967, 8.82723) -> [ ]
    1821 (13.9513, 9.20444) -> [ 3521 (15.1309, 9.21487); 9695 (15.528, 9.09323); ]
    1823 (2.32721, 8.88164) -> [ 8592 (2.39592, 8.64582); ]
    1824 (3.0058, 12.3974) -> [ ]
    1825 (1.74362, 20.429) -> [ 5991 (2.04767, 22.0638); ]
    1827 (19.9835, 1.65278) -> [ 7949 (20.4827, 1.34149); 9036 (20.9908, 1.01127); ]
    1828 (6.99682, 20.844) -> [ 6974 (7.43154, 21.2836); ]
    1829 (7.97336, 5.65933) -> [ ]
    1830 (3.41223, 9.16115) -> [ ]
    1831 (1.30998, 19.0585) -> [ 6019 (1.56819, 21.0229); ]
    1832 (0.707992, 3.28783) -> [ 6078 (0.701188, 1.8197); ]
    1833 (6.95556, 5.35575) -> [ ]
    1834 (5.11003, 11.6333) -> [ ]
    1835 (4.80217, 18.2714) -> [ ]
    1836 (8.27282, 9.19733) -> [ ]
    1837 (5.87262, 3.05138) -> [ ]
    1838 (13.692, 7.42062) -> [ ]
    1839 (11.3245, 21.3891) -> [ 9339 (12.0901, 21.9237); ]
    1840 (1.03124, 5.71471) -> [ ]
    1841 (2.37297, 15.9213) -> [ 2250 (2.87007, 16.2447); 6469 (3.46887, 16.6097); ]
    1842 (12.8478, 3.36776) -> [ ]
    1843 (5.24528, 15.0632) -> [ ]
    1844 (2.29421, 14.9974) -> [ 1169 (3.3663, 14.9857); 2089 (3.87347, 14.8952); 2574 (3.88696, 14.9696); 2634 (4.13019, 14.9567); ]
    1845 (21.9897, 2.87247) -> [ ]
    1846 (10.873, 16.5071) -> [ ]
    1847 (16.1148, 1.85448) -> [ 699 (17.6314, 0.6817); 1489 (17.554, 0.81792); ]
    1848 (11.3765, 4.48439) -> [ 9456 (12.4062, 3.54025); ]
    1849 (13.0458, 21.8345) -> [ ]
    1850 (16.9233, 2.72315) -> [ ]
    1851 (3.10773, 6.34488) -> [ 6786 (3.66165, 4.74048); 7296 (3.15311, 6.18533); ]
    1852 (12.5261, 21.3065) -> [ ]
    1853 (16.698, 19.3597) -> [ ]
    1854 (14.3396, 18.946) -> [ ]
    1855 (19.3962, 22.4541) -> [ ]
    1856 (2.31468, 21.9754) -> [ ]
    1857 (15.1082, 4.68285) -> [ 8327 (16.6506, 3.78023); 8873 (16.8377, 3.81738); ]
    1859 (8.58917, 22.6297) -> [ ]
    1860 (17.2163, 23.6586) -> [ 9294 (18.9205, 24.5449); ]
    1861 (3.86363, 4.8542) -> [ ]
    1862 (10.7798, 5.49972) -> [ ]
    1864 (5.38573, 20.1422) -> [ 5890 (5.89064, 20.6288); ]
    1865 (22.7737, 6.46706) -> [ ]
    1866 (14.1862, 2.29508) -> [ ]
    1867 (19.0371, 17.1961) -> [ ]
    1868 (23.2639, 14.0811) -> [ ]
    1869 (0.321095, 20.3205) -> [ ]
    1870 (9.30662, 16.0896) -> [ 4491 (10.7497, 16.7611); 5547 (10.4707, 16.8894); 6289 (11.0438, 16.923); 6295 (10.5427, 16.6603); 7218 (10.7324, 16.7006); 8648 (10.6159, 16.8888); ]
    1872 (6.17569, 19.9891) -> [ ]
    1873 (15.6311, 23.4436) -> [ ]
    1874 (0.557602, 9.58058) -> [ 686 (0.406927, 7.85889); 3911 (0.436678, 8.173); 4934 (0.522922, 8.72544); ]
    1875 (6.56331, 20.7352) -> [ ]
    1876 (5.91965, 7.93294) -> [ 3700 (6.58579, 7.04861); 3936 (6.96876, 6.52373); 6144 (6.8098, 6.86426); 6547 (6.81, 6.81725); 9526 (6.97719, 6.60597); ]
    1877 (18.7989, 14.3331) -> [ 2341 (20.2945, 15.4884); 4694 (19.8527, 15.0345); ]
    1878 (23.0335, 1.2635) -> [ ]
    1881 (22.75, 23.1816) -> [ ]
    1882 (20.93, 11.0056) -> [ 9741 (22.6297, 11.2988); ]
    1885 (20.0693, 18.0679) -> [ ]
    1886 (12.353, 8.2015) -> [ 3174 (13.7506, 7.56486); 5507 (14.0418, 7.37665); 9299 (14.0424, 7.40032); ]
    1887 (14.4325, 17.5479) -> [ ]
    1888 (2.94905, 15.1581) -> [ 2 (4.922, 15.3872); 1764 (4.53136, 15.3602); 3234 (4.78371, 15.4143); 4082 (4.74287, 15.3965); 4829 (3.87705, 15.2538); 8290 (3.82688, 15.2386); ]
    1889 (5.7689, 19.5327) -> [ 1194 (6.86463, 20.6496); 1828 (6.99682, 20.844); 8747 (7.10975, 20.874); ]
    1890 (23.2471, 8.86719) -> [ ]
    1891 (1.24552, 6.03661) -> [ ]
    1893 (9.57148, 16.9391) -> [ ]
    1894 (2.68765, 22.1391) -> [ ]
    1895 (14.9062, 11.5768) -> [ ]
    1897 (18.3889, 16.9273) -> [ ]
    1898 (11.8412, 2.7334) -> [ 6334 (13.0593, 1.57369); ]
    1899 (1.25459, 4.45164) -> [ ]
    1900 (19.8066, 12.2863) -> [ 9315 (21.3526, 12.8565); ]
    1901 (12.3251, 2.24111) -> [ 2759 (13.618, 0.941933); 2937 (13.7294, 0.854263); 9935 (13.683, 0.854171); ]
    1903 (6.10849, 18.3398) -> [ ]
    1904 (7.99915, 3.40966) -> [ 4873 (8.88868, 2.09064); ]
    1905 (0.200074, 9.85864) -> [ ]
    1906 (5.46475, 2.10519) -> [ ]
    1907 (4.77813, 4.32308) -> [ 8287 (5.55097, 2.65093); 9777 (5.41149, 3.11126); ]
    1908 (20.9391, 10.5932) -> [ ]
    1909 (9.45793, 9.62388) -> [ ]
    1910 (20.6864, 11.9171) -> [ ]
    1911 (12.6984, 18.1733) -> [ ]
    1914 (15.8084, 14.2896) -> [ ]
    1915 (6.25737, 10.0076) -> [ 5945 (7.40718, 9.22583); 9135 (7.74046, 9.06501); ]
    1916 (14.6701, 22.2039) -> [ ]
    1917 (23.6385, 24.2097) -> [ 1319 (24.0411, 24.7609); 7736 (23.994, 24.6579); ]
    1918 (1.71006, 12.9855) -> [ 26 (2.84093, 12.3739); 57 (1.95371, 12.6838); 1007 (2.36406, 12.9903); 1086 (2.54134, 12.3677); 1120 (3.60376, 12.8333); 1824 (3.0058, 12.3974); 1973 (2.29144, 12.5203); 2669 (3.47645, 12.4131); 2963 (3.5125, 12.3923); 3343 (3.03731, 12.678); 3815 (2.70186, 12.9306); 4540 (3.03972, 12.43); 5914 (2.24572, 12.8209); 6066 (2.56383, 12.5226); 6570 (2.97489, 12.3264); 7048 (2.62873, 12.526); 7146 (1.83967, 12.9235); 7364 (2.43877, 12.7661); 7593 (2.48679, 12.7823); 7657 (2.28118, 12.5162); 8254 (2.90747, 12.3014); 9659 (3.38393, 12.8208); ]
    1919 (15.4524, 19.4878) -> [ ]
    1920 (20.4261, 10.5401) -> [ 9798 (21.8002, 10.7322); ]
    1921 (20.0021, 13.1369) -> [ 6046 (21.776, 13.9251); ]
    1922 (6.07632, 3.87894) -> [ ]
    1923 (19.8385, 8.51684) -> [ ]
    1924 (21.5408, 1.75517) -> [ ]
    1925 (15.6127, 8.49259) -> [ 34 (17.1178, 8.18473); 75 (17.2479, 8.18563); 224 (16.2089, 8.40224); ]
    1926 (22.27, 21.3932) -> [ ]
    1927 (15.7714, 6.01966) -> [ ]
    1928 (18.5791, 23.2589) -> [ ]
    1929 (4.38953, 15.7201) -> [ ]
    1930 (21.6949, 15.8616) -> [ ]
    1932 (17.6784, 23.1289) -> [ ]
    1933 (20.2248, 6.4636) -> [ 6703 (22.0132, 5.892); 7809 (20.9085, 6.2601); ]
    1934 (20.886, 8.97549) -> [ ]
    1935 (9.37343, 1.48451) -> [ ]
    1936 (12.2079, 23.6445) -> [ 2178 (13.6182, 24.7962); 3243 (13.7997, 24.8355); ]
    1937 (14.9126, 13.784) -> [ ]
    1938 (14.7517, 23.8014) -> [ 6393 (16.0774, 24.8269); ]
    1939 (21.0734, 2.80456) -> [ 9614 (22.7115, 1.91716); ]
    1940 (18.7882, 21.0862) -> [ ]
    1941 (16.602, 6.98242) -> [ 3039 (17.7085, 6.57045); 6670 (18.0526, 6.40068); ]
    1942 (18.2591, 0.453538) -> [ ]
    1943 (6.3534, 8.67076) -> [ ]
    1944 (0.201486, 13.0247) -> [ ]
    1945 (5.43066, 22.7875) -> [ ]
    1946 (8.92135, 17.2193) -> [ ]
    1948 (20.7092, 14.191) -> [ 9397 (21.5862, 14.6277); ]
    1949 (15.24, 8.56124) -> [ 8283 (16.5481, 8.34012); ]
    1950 (13.8206, 8.35594) -> [ 8858 (15.4151, 7.7626); ]
    1951 (2.0183, 20.3335) -> [ 8716 (2.37329, 22.2738); ]
    1952 (0.81943, 16.6792) -> [ 3273 (0.678325, 18.1013); 4097 (0.629062, 18.4814); ]
    1953 (11.0009, 21.926) -> [ ]
    1955 (18.3169, 22.7265) -> [ ]
    1957 (17.4886, 13.7689) -> [ 1390 (18.3111, 14.4327); 5893 (18.0809, 14.2485); ]
    1958 (12.0395, 20.5057) -> [ 8551 (13.1165, 21.087); ]
    1959 (6.99047, 4.27308) -> [ ]
    1960 (4.35307, 6.80415) -> [ ]
    1965 (8.30926, 23.7669) -> [ ]
    1966 (0.513096, 22.8288) -> [ 1591 (0.35081, 24.0546); 3697 (0.45363, 23.6935); 8570 (0.387162, 24.3358); ]
    1967 (5.58548, 23.5811) -> [ ]
    1968 (6.9389, 22.9346) -> [ ]
    1970 (6.0875, 10.8226) -> [ ]
    1971 (11.834, 9.1822) -> [ 7744 (13.7412, 8.60953); ]
    1972 (23.6215, 2.79315) -> [ 5417 (24.8628, 2.13946); 8750 (24.7055, 2.29831); ]
    1973 (2.29144, 12.5203) -> [ ]
    1974 (14.6056, 15.1386) -> [ ]
    1976 (10.8468, 23.0456) -> [ ]
    1977 (4.23022, 8.88234) -> [ ]
    1979 (7.91128, 15.9829) -> [ ]
    1980 (2.35751, 20.3437) -> [ ]
    1981 (18.3355, 9.97326) -> [ ]
    1982 (21.6745, 14.5008) -> [ ]
    1983 (6.78849, 1.65274) -> [ 367 (7.48953, 0.328894); ]
    1984 (21.0317, 24.5112) -> [ ]
    1985 (21.9572, 12.9467) -> [ ]
    1986 (2.10472, 6.53948) -> [ ]
    1987 (9.24312, 7.09205) -> [ ]
    1988 (22.3595, 2.76292) -> [ ]
    1989 (3.87028, 8.23459) -> [ 439 (4.45067, 6.82185); 9700 (4.57525, 6.95912); ]
    1990 (10.1485, 23.8535) -> [ 2872 (11.0199, 24.684); ]
    1991 (22.5874, 8.71023) -> [ 865 (23.004, 8.62978); 7783 (24.511, 8.5202); 8677 (24.4174, 8.52773); 8859 (23.5084, 8.59401); ]
    1992 (13.2842, 4.55496) -> [ ]
    1994 (14.8264, 20.7417) -> [ ]
    1995 (15.0095, 7.32198) -> [ ]
    1996 (20.9002, 7.75045) -> [ 163 (22.6071, 7.44836); 4510 (22.8053, 7.40025); 4521 (22.6539, 7.53233); 7255 (22.2405, 7.53568); 8993 (21.8832, 7.60706); ]
    1998 (10.3976, 2.842) -> [ ]
    1999 (5.48639, 20.8253) -> [ 8106 (6.56111, 22.0274); 8450 (6.30455, 21.7722); ]
    2000 (18.3924, 21.975) -> [ ]
    2001 (11.3314, 22.3112) -> [ ]
    2002 (11.4075, 8.08434) -> [ ]
    2003 (16.0488, 21.8204) -> [ ]
    2004 (23.999, 22.9734) -> [ ]
    2005 (17.7585, 8.96587) -> [ 776 (19.0899, 8.90053); 5967 (19.745, 8.76311); 9787 (19.3838, 8.77442); ]
    2006 (16.614, 1.98001) -> [ 8410 (18.0665, 0.864512); ]
    2007 (0.779704, 14.3595) -> [ ]
    2009 (8.27824, 8.05463) -> [ ]
    2010 (21.3412, 24.5834) -> [ ]
    2011 (5.96082, 5.90796) -> [ ]
    2012 (0.841642, 8.07178) -> [ ]
    2013 (16.6602, 3.1867) -> [ ]
    2016 (7.05957, 7.78913) -> [ 1479 (8.12579, 6.7553); ]
    2017 (24.3234, 9.66621) -> [ ]
    2019 (19.3508, 14.5437) -> [ ]
    2020 (7.86007, 22.6656) -> [ ]
    2022 (0.592619, 11.2362) -> [ ]
    2023 (13.3027, 19.0546) -> [ 9314 (14.8205, 20.2208); ]
    2024 (7.37021, 16.4912) -> [ ]
    2026 (19.0838, 24.1972) -> [ ]
    2027 (0.627743, 18.9293) -> [ ]
    2029 (0.53133, 6.70191) -> [ ]
    2030 (0.345605, 1.60413) -> [ ]
    2033 (17.52, 2.475) -> [ ]
    2034 (4.82942, 1.66628) -> [ 8562 (5.27087, 0.260489); ]
    2035 (3.27491, 9.16413) -> [ ]
    2036 (16.6918, 23.3035) -> [ ]
    2037 (5.96252, 18.4745) -> [ ]
    2038 (16.6726, 13.777) -> [ ]
    2039 (19.4966, 13.111) -> [ ]
    2040 (11.9227, 16.9511) -> [ 5638 (13.4537, 17.1917); 8947 (13.6527, 17.246); ]
    2041 (2.39865, 9.84043) -> [ 5072 (3.13626, 8.05907); 6079 (3.01632, 8.17788); 9576 (2.92226, 8.59569); 9766 (3.19311, 8.07935); ]
    2042 (6.33309, 10.5071) -> [ ]
    2043 (20.7445, 21.1603) -> [ ]
    2044 (1.56719, 18.5586) -> [ ]
    2045 (9.46868, 0.428979) -> [ ]
    2048 (11.0788, 23.1873) -> [ ]
    2049 (17.9944, 20.009) -> [ ]
    2052 (13.9795, 18.6598) -> [ ]
    2053 (9.46444, 23.7554) -> [ ]
    2054 (24.0786, 20.8782) -> [ ]
    2055 (13.4849, 3.6966) -> [ ]
    2056 (23.9551, 19.9658) -> [ 8180 (24.6103, 20.4544); ]
    2057 (0.423195, 10.2854) -> [ 5794 (0.123232, 8.9628); ]
    2058 (18.8507, 12.4052) -> [ 6251 (20.4334, 13.0588); ]
    2059 (11.6259, 5.93114) -> [ ]
    2060 (14.4056, 21.2489) -> [ ]
    2061 (15.3487, 2.43928) -> [ ]
    2063 (19.5059, 12.808) -> [ 4673 (21.2123, 13.5892); ]
    2065 (16.5705, 15.863) -> [ 7216 (17.2484, 17.2501); 8808 (17.0227, 16.7734); ]
    2066 (22.1148, 10.4337) -> [ ]
    2069 (8.97892, 9.18943) -> [ ]
    2070 (17.4642, 23.7671) -> [ ]
    2071 (8.74223, 17.4404) -> [ 5302 (10.2187, 17.9485); 5784 (10.1322, 17.8547); ]
    2072 (4.69149, 22.6812) -> [ ]
    2073 (5.59363, 5.03868) -> [ ]
    2074 (8.75765, 23.5431) -> [ 2081 (9.20222, 24.03); 6239 (9.26426, 24.1336); ]
    2075 (17.9751, 12.8853) -> [ 3725 (19.381, 13.7306); 3864 (19.6209, 13.8399); 5001 (19.4451, 13.696); ]
    2076 (11.4827, 18.2822) -> [ 8982 (12.267, 19.0836); ]
    2077 (13.8717, 22.042) -> [ 2941 (15.3462, 22.8296); ]
    2078 (21.7795, 23.1983) -> [ 9865 (22.7735, 24.7519); ]
    2079 (8.21364, 22.2247) -> [ 2094 (9.18479, 23.2259); 3318 (9.21439, 23.2389); ]
    2080 (11.2076, 7.03235) -> [ 2727 (12.8101, 6.07939); 4709 (12.5453, 6.16414); 5277 (12.5868, 6.26584); 7465 (12.7339, 6.1665); 9356 (12.8783, 6.03153); ]
    2085 (5.66255, 11.0104) -> [ 9155 (7.19706, 10.2458); ]
    2086 (3.24545, 9.66408) -> [ ]
    2087 (8.49183, 20.3608) -> [ 6841 (9.94522, 21.3283); ]
    2088 (0.438828, 2.53818) -> [ ]
    2089 (3.87347, 14.8952) -> [ 9978 (5.52251, 14.8091); ]
    2090 (3.65094, 12.2592) -> [ 9934 (4.31591, 12.045); ]
    2091 (21.3335, 17.861) -> [ ]
    2092 (1.96636, 4.44162) -> [ ]
    2093 (15.7297, 11.5366) -> [ ]
    2094 (9.18479, 23.2259) -> [ ]
    2096 (14.3525, 24.3596) -> [ ]
    2097 (9.66815, 16.3985) -> [ 219 (10.6357, 16.8251); 8577 (10.3805, 16.9321); ]
    2098 (20.7313, 24.6137) -> [ ]
    2099 (23.7708, 17.4906) -> [ 8959 (24.7379, 18.3565); ]
    2100 (23.0638, 22.3674) -> [ ]
    2101 (17.5683, 17.3529) -> [ ]
    2104 (19.0993, 10.9504) -> [ ]
    2107 (8.73865, 2.47814) -> [ ]
    2108 (3.53733, 6.48563) -> [ 8685 (3.62909, 5.73588); ]
    2109 (21.8411, 18.2072) -> [ ]
    2110 (19.5563, 19.9475) -> [ ]
    2111 (4.29733, 12.9492) -> [ 443 (5.34959, 13.4468); 1446 (4.80803, 13.0732); 2199 (4.84919, 13.1231); 2249 (4.97906, 13.0656); 2837 (5.78032, 12.827); 3226 (5.75736, 12.9506); 4815 (5.99814, 13.8214); 4890 (5.12722, 12.9951); 5126 (5.21448, 13.363); 5472 (5.05612, 13.0076); 5584 (4.80974, 13.1743); 6773 (5.09975, 13.1214); 7357 (4.64966, 13.0587); 7936 (5.94039, 13.0222); 8248 (5.85607, 13.03); 8542 (5.80657, 13.648); 8935 (4.85755, 12.9074); 9053 (5.30696, 13.235); ]
    2112 (21.3581, 20.4547) -> [ ]
    2113 (19.6198, 17.5721) -> [ ]
    2114 (4.24811, 17.6828) -> [ ]
    2115 (6.94008, 14.3266) -> [ ]
    2116 (19.9556, 11.2659) -> [ ]
    2117 (12.0698, 22.7842) -> [ ]
    2118 (2.69271, 11.0546) -> [ 5903 (3.28051, 10.1476); 8703 (3.15325, 10.4183); ]
    2119 (4.403, 9.54176) -> [ ]
    2120 (17.4905, 19.868) -> [ 5705 (18.1289, 21.7435); ]
    2121 (15.536, 21.0746) -> [ ]
    2122 (8.00462, 6.16558) -> [ 7858 (9.14095, 4.94904); ]
    2123 (2.12205, 2.86166) -> [ ]
    2124 (0.557811, 6.3306) -> [ ]
    2125 (21.4681, 9.14083) -> [ ]
    2126 (18.72, 12.8097) -> [ ]
    2127 (21.3068, 5.03925) -> [ ]
    2128 (21.4571, 6.66356) -> [ 6683 (23.3361, 6.13918); ]
    2129 (3.24918, 14.4422) -> [ 1434 (4.9104, 14.0525); 8427 (4.41151, 14.0682); ]
    2131 (5.5756, 3.7374) -> [ 1837 (5.87262, 3.05138); 5146 (5.73641, 3.40118); 6196 (5.71068, 3.48155); ]
    2132 (17.2132, 15.3649) -> [ ]
    2133 (1.07799, 16.4523) -> [ 238 (1.34029, 18.2426); 2688 (1.27905, 18.0842); 3139 (1.27759, 17.9857); 3932 (1.12729, 17.327); 6322 (1.20338, 18.1642); 7225 (1.29604, 17.8695); 8996 (1.22066, 18.2602); 9840 (1.29853, 18.1085); 9863 (1.12035, 18.3807); ]
    2134 (22.9229, 22.2978) -> [ ]
    2135 (6.17361, 8.65223) -> [ ]
    2136 (20.7202, 12.7943) -> [ ]
    2137 (13.4863, 8.73429) -> [ 3032 (15.0932, 8.28334); 4335 (14.222, 8.55856); ]
    2138 (18.2443, 7.01306) -> [ ]
    2140 (3.67782, 14.5195) -> [ ]
    2141 (21.0491, 21.6778) -> [ ]
    2142 (17.2468, 15.4104) -> [ ]
    2144 (9.82029, 6.637) -> [ ]
    2146 (6.00538, 2.05879) -> [ ]
    2147 (1.00217, 15.7418) -> [ 986 (0.970879, 17.1237); ]
    2148 (12.0653, 21.038) -> [ ]
    2149 (20.0415, 21.3812) -> [ 5722 (21.0004, 23.1052); ]
    2150 (18.6769, 18.8077) -> [ 1566 (19.4998, 20.0163); ]
    2151 (6.32109, 23.6389) -> [ 3463 (6.95819, 24.6656); ]
    2152 (22.531, 18.8163) -> [ ]
    2153 (20.1795, 14.4166) -> [ 5984 (21.1619, 15.0487); 8851 (21.7963, 15.4842); ]
    2155 (9.12151, 16.4408) -> [ ]
    2156 (8.37101, 21.2113) -> [ ]
    2157 (13.7775, 16.3654) -> [ ]
    2158 (13.1282, 9.64246) -> [ ]
    2160 (22.6225, 22.0661) -> [ ]
    2162 (7.11097, 23.0824) -> [ ]
    2163 (8.35091, 18.0645) -> [ 9343 (9.23669, 18.4462); ]
    2164 (12.7916, 7.82445) -> [ ]
    2165 (17.7945, 13.9377) -> [ ]
    2166 (9.71182, 22.4994) -> [ 8135 (10.7196, 23.3862); ]
    2168 (15.2165, 11.173) -> [ ]
    2169 (17.5296, 1.99432) -> [ ]
    2170 (20.8245, 18.7929) -> [ ]
    2171 (20.0371, 15.8476) -> [ ]
    2172 (1.74892, 20.0187) -> [ ]
    2173 (12.7259, 3.79213) -> [ 4674 (13.6798, 2.89673); ]
    2175 (22.0191, 7.99097) -> [ ]
    2176 (3.93824, 6.26463) -> [ ]
    2177 (8.47913, 5.48885) -> [ ]
    2179 (21.4415, 9.70532) -> [ 4757 (22.2161, 9.72758); 6053 (23.3308, 9.77847); 7544 (22.3654, 9.72873); 8620 (22.2269, 9.71086); ]
    2181 (17.8081, 23.8436) -> [ ]
    2182 (2.01618, 12.3798) -> [ 3900 (2.99875, 11.1751); ]
    2183 (12.7011, 20.4556) -> [ ]
    2184 (13.7775, 1.26494) -> [ 8204 (14.7328, 0.469408); 8583 (15.1623, 0.081244); 9439 (14.0031, 1.09025); ]
    2185 (16.5023, 12.0162) -> [ ]
    2187 (18.0739, 6.56928) -> [ ]
    2188 (3.66238, 22.9853) -> [ 2960 (4.23519, 24.4992); 6072 (4.21338, 24.6676); 7580 (4.00017, 23.8828); ]
    2189 (17.591, 18.0255) -> [ 3252 (18.3628, 19.7608); 7597 (18.369, 19.8576); ]
    2190 (23.262, 6.81312) -> [ ]
    2191 (19.6631, 6.43759) -> [ ]
    2192 (14.82, 18.4711) -> [ ]
    2193 (12.7962, 21.302) -> [ 1354 (14.512, 22.2306); ]
    2194 (13.8836, 19.7653) -> [ ]
    2195 (1.42113, 8.75767) -> [ 7492 (1.60639, 7.09014); ]
    2196 (13.7177, 10.3776) -> [ ]
    2197 (5.77449, 21.3179) -> [ 9711 (6.75249, 22.7009); ]
    2200 (2.26498, 12.365) -> [ ]
    2201 (23.9856, 15.3249) -> [ ]
    2202 (15.7714, 5.94518) -> [ 7804 (17.247, 5.24846); ]
    2205 (21.1676, 1.47313) -> [ ]
    2206 (0.465878, 1.47614) -> [ 8975 (0.431937, 0.522065); ]
    2208 (2.30652, 3.18755) -> [ ]
    2209 (2.71546, 7.37098) -> [ 7294 (3.20747, 5.67904); 7678 (3.19757, 5.64976); ]
    2210 (22.2592, 11.5691) -> [ ]
    2211 (16.4287, 1.12628) -> [ ]
    2212 (21.2603, 4.13914) -> [ ]
    2213 (7.27858, 23.2304) -> [ ]
    2214 (23.6742, 1.85969) -> [ ]
    2215 (18.4296, 19.404) -> [ 3542 (19.2808, 21.0558); ]
    2216 (2.35907, 23.5193) -> [ ]
    2217 (4.26562, 6.66582) -> [ ]
    2218 (17.5745, 23.5836) -> [ ]
    2219 (3.7084, 14.0174) -> [ ]
    2220 (17.5446, 15.2988) -> [ 5342 (18.5557, 16.6407); ]
    2221 (1.94505, 8.2433) -> [ ]
    2223 (15.1794, 0.8925) -> [ ]
    2224 (5.02619, 19.4362) -> [ ]
    2226 (18.204, 10.1326) -> [ 2243 (19.6155, 10.3336); 4247 (19.8032, 10.3586); ]
    2227 (13.6079, 2.92461) -> [ ]
    2228 (17.6893, 2.5742) -> [ ]
    2229 (16.4337, 10.0343) -> [ ]
    2230 (16.8664, 13.8294) -> [ ]
    2231 (12.8511, 18.7892) -> [ ]
    2232 (4.21823, 21.2009) -> [ ]
    2233 (20.6579, 9.93655) -> [ ]
    2234 (18.2471, 21.229) -> [ ]
    2235 (10.1916, 18.2664) -> [ 2021 (11.1365, 18.6229); ]
    2236 (15.5996, 23.0763) -> [ ]
    2237 (6.01713, 4.99751) -> [ ]
    2238 (1.91542, 10.7076) -> [ 5695 (2.59104, 8.91568); ]
    2239 (19.457, 17.4819) -> [ ]
    2240 (15.8803, 15.1392) -> [ ]
    2241 (15.6893, 12.6608) -> [ ]
    2242 (19.5944, 8.1964) -> [ ]
    2243 (19.6155, 10.3336) -> [ ]
    2244 (18.5004, 9.7682) -> [ ]
    2245 (13.4489, 17.4764) -> [ ]
    2246 (17.5933, 3.99377) -> [ ]
    2247 (3.13932, 17.649) -> [ 5346 (4.35496, 18.9839); 7118 (4.00212, 18.6253); ]
    2249 (4.97906, 13.0656) -> [ ]
    2250 (2.87007, 16.2447) -> [ 7871 (4.0612, 17.0366); 9810 (4.47304, 17.2594); ]
    2251 (1.97446, 2.394) -> [ ]
    2252 (20.9032, 16.1804) -> [ 6450 (21.6722, 16.7036); 7576 (21.4041, 16.5422); ]
    2254 (9.2802, 2.58578) -> [ ]
    2255 (4.25218, 20.4272) -> [ 4923 (5.17451, 21.9899); ]
    2256 (7.32891, 6.88274) -> [ ]
    2257 (5.93267, 11.3917) -> [ 7384 (7.80282, 10.7001); ]
    2258 (8.60251, 8.18613) -> [ ]
    2259 (17.6347, 19.5641) -> [ ]
    2260 (8.15368, 3.82107) -> [ ]
    2261 (4.07501, 17.7824) -> [ 852 (5.47579, 19.1687); 922 (4.91667, 18.6272); 4917 (4.77728, 18.415); 8770 (5.16678, 18.8013); ]
    2262 (8.07024, 2.07093) -> [ ]
    2263 (18.5832, 15.9001) -> [ ]
    2264 (2.98009, 17.0933) -> [ 8009 (3.86004, 18.0998); 9096 (3.68209, 17.8233); 9429 (3.63535, 17.639); ]
    2265 (21.7207, 9.71028) -> [ 6487 (21.8898, 9.71018); 8563 (21.9976, 9.71652); 9232 (23.4998, 9.79936); ]
    2266 (15.2928, 19.3902) -> [ ]
    2268 (3.18526, 22.12) -> [ ]
    2269 (15.5507, 18.5729) -> [ ]
    2271 (15.3784, 9.02198) -> [ ]
    2273 (10.0329, 21.0711) -> [ ]
    2275 (7.2727, 3.66286) -> [ ]
    2276 (8.74798, 8.63226) -> [ 293 (10.2436, 7.5924); 644 (10.145, 7.64818); 997 (10.1256, 7.68555); 1511 (10.1637, 7.86521); 1660 (10.1084, 7.92153); 2731 (10.3315, 7.80831); 3461 (10.1718, 7.74389); 3869 (9.62111, 8.03913); 3945 (10.4126, 7.70925); 7198 (8.89983, 8.52026); 7421 (10.3904, 7.526); ]
    2277 (17.8712, 20.6698) -> [ ]
    2278 (6.35019, 15.3771) -> [ ]
    2279 (18.2467, 12.5559) -> [ 2126 (18.72, 12.8097); 4140 (19.3334, 12.9865); 5271 (20.0522, 13.3959); 6586 (19.9358, 13.3124); ]
    2280 (1.28349, 13.2038) -> [ 9324 (2.06046, 11.6223); 9506 (2.02363, 11.5425); ]
    2281 (15.4425, 19.8199) -> [ ]
    2282 (17.0341, 6.34545) -> [ ]
    2283 (12.5726, 2.46253) -> [ ]
    2284 (24.2629, 12.0346) -> [ ]
    2285 (4.72575, 21.0525) -> [ 1394 (5.04264, 21.5239); 1710 (5.36156, 21.9939); ]
    2287 (18.3716, 12.2365) -> [ ]
    2288 (12.362, 4.22732) -> [ ]
    2289 (1.65384, 9.83036) -> [ 7558 (1.70816, 8.58514); 9922 (1.94029, 8.24479); ]
    2291 (7.4869, 8.80338) -> [ 4284 (8.9949, 7.69847); 5904 (8.96148, 7.7132); 6171 (8.75583, 7.95516); 6665 (8.80102, 7.91036); ]
    2293 (8.88757, 8.43205) -> [ 9733 (9.67323, 7.88336); ]
    2294 (22.7127, 8.45938) -> [ 9555 (24.0771, 8.30482); 9874 (23.6938, 8.34637); ]
    2296 (14.1591, 19.2216) -> [ 7682 (15.6503, 20.0815); ]
    2297 (18.0165, 16.5722) -> [ 3110 (18.7462, 17.604); 7878 (19.0936, 17.9748); ]
    2299 (6.48406, 16.9905) -> [ 2333 (7.79874, 17.4684); 7424 (8.18777, 17.5597); 7817 (7.65235, 17.3673); ]
    2300 (14.9714, 6.87879) -> [ 6782 (16.3338, 6.23851); 7913 (16.3221, 6.24525); ]
    2301 (8.00113, 18.0732) -> [ 7463 (8.52492, 18.2719); ]
    2302 (19.2609, 17.2909) -> [ ]
    2303 (8.52356, 21.4991) -> [ 2166 (9.71182, 22.4994); 3735 (9.20763, 22.121); 6713 (9.3795, 22.2853); 8567 (8.83978, 21.7689); ]
    2304 (0.307385, 2.28754) -> [ ]
    2305 (19.3083, 2.39326) -> [ ]
    2307 (22.1705, 1.69387) -> [ ]
    2308 (23.5792, 8.20883) -> [ ]
    2310 (22.7243, 11.6498) -> [ ]
    2311 (7.1507, 4.99883) -> [ ]
    2313 (4.38876, 12.5396) -> [ 5012 (5.5526, 12.3942); 8463 (5.54577, 12.3807); ]
    2314 (4.82054, 8.50326) -> [ ]
    2316 (17.8432, 9.02606) -> [ 2545 (19.5067, 9.03099); 3893 (18.9198, 9.0014); ]
    2317 (7.79833, 2.0661) -> [ ]
    2319 (7.71692, 5.48793) -> [ 2782 (8.96497, 4.05932); 8711 (8.29261, 4.78245); 9100 (8.77675, 4.16289); 9582 (8.18782, 4.77623); ]
    2321 (24.3724, 14.9283) -> [ 8267 (24.905, 15.4406); ]
    2324 (0.879144, 13.4873) -> [ 1730 (0.912915, 12.0652); 3274 (0.727336, 12.2101); 4096 (0.672147, 11.5733); ]
    2325 (22.8052, 22.429) -> [ 5275 (23.8212, 23.7242); ]
    2326 (18.7179, 21.2833) -> [ ]
    2327 (17.9591, 21.5691) -> [ ]
    2328 (21.5623, 16.9283) -> [ ]
    2329 (8.3359, 1.99794) -> [ 571 (8.66509, 1.48866); 1362 (8.73748, 1.25982); ]
    2330 (1.91558, 22.1172) -> [ ]
    2331 (13.615, 2.71159) -> [ 2753 (14.9974, 1.47406); ]
    2332 (22.9932, 5.71453) -> [ ]
    2333 (7.79874, 17.4684) -> [ 3442 (8.62885, 17.758); ]
    2335 (15.5002, 23.911) -> [ ]
    2336 (18.2781, 5.72181) -> [ ]
    2337 (17.0501, 18.0246) -> [ ]
    2338 (4.59182, 24.5763) -> [ ]
    2340 (14.9761, 18.0297) -> [ ]
    2341 (20.2945, 15.4884) -> [ 8848 (21.5013, 16.4412); ]
    2342 (7.86131, 23.2103) -> [ ]
    2343 (5.46191, 15.5654) -> [ ]
    2344 (1.03894, 21.9018) -> [ ]
    2345 (15.1367, 19.8264) -> [ 8242 (16.098, 20.4969); 8923 (16.5155, 20.6628); ]
    2346 (15.5632, 1.41867) -> [ 9082 (16.5132, 0.612257); ]
    2348 (17.3437, 12.4247) -> [ ]
    2349 (0.405797, 1.81109) -> [ ]
    2350 (6.53271, 1.80949) -> [ ]
    2351 (3.05851, 0.970173) -> [ ]
    2352 (1.11377, 1.38915) -> [ ]
    2353 (18.0607, 8.19231) -> [ ]
    2354 (4.7942, 6.95489) -> [ ]
    2355 (24.0729, 2.24841) -> [ ]
    2356 (8.88138, 5.94259) -> [ 6153 (10.2331, 4.69143); 9740 (10.307, 4.55598); ]
    2357 (6.43265, 2.59934) -> [ ]
    2358 (3.9409, 16.4541) -> [ 1437 (4.82214, 16.8365); 7533 (4.9086, 16.8816); ]
    2360 (21.0964, 22.8172) -> [ ]
    2361 (9.39536, 8.8088) -> [ 6567 (10.3723, 8.25644); 9001 (10.8539, 7.98093); ]
    2362 (8.97932, 9.78342) -> [ 2465 (9.61955, 9.43907); 2639 (10.4555, 9.03653); ]
    2363 (0.526883, 17.6437) -> [ 1268 (0.0415613, 19.5327); 5110 (0.17731, 19.3064); 5227 (0.170987, 19.4308); 8580 (0.277089, 18.7755); 9773 (0.27095, 18.8015); ]
    2364 (19.5614, 19.3371) -> [ ]
    2365 (1.89373, 20.5164) -> [ 6964 (2.10936, 22.0458); 9318 (2.15123, 22.1206); ]
    2366 (18.6778, 22.3486) -> [ ]
    2367 (8.95291, 17.8305) -> [ ]
    2368 (22.2521, 4.94603) -> [ 5569 (23.9847, 4.21608); ]
    2369 (1.96927, 9.41674) -> [ ]
    2370 (18.8964, 7.97311) -> [ 474 (20.6881, 7.68038); 1766 (20.1372, 7.76118); 9374 (19.4251, 7.88789); ]
    2371 (8.29476, 23.7097) -> [ ]
    2372 (6.9495, 3.04033) -> [ ]
    2373 (4.61902, 18.0801) -> [ ]
    2374 (1.58737, 7.74092) -> [ ]
    2375 (2.22324, 10.2265) -> [ ]
    2377 (4.00367, 11.1272) -> [ 4003 (5.07867, 10.2975); 9913 (4.49416, 10.5464); ]
    2378 (17.1453, 9.96849) -> [ ]
    2380 (10.9465, 3.57861) -> [ ]
    2383 (5.91508, 16.3517) -> [ ]
    2384 (18.7463, 8.61331) -> [ 4314 (20.2371, 8.49942); 4862 (19.7756, 8.51606); 4964 (20.2506, 8.52745); 8761 (19.8957, 8.46486); 8944 (20.115, 8.46173); ]
    2385 (3.39592, 16.8073) -> [ 7220 (4.99224, 17.969); ]
    2386 (23.2534, 21.7815) -> [ ]
    2387 (13.0983, 16.5468) -> [ ]
    2388 (16.3053, 10.718) -> [ ]
    2389 (4.54587, 2.95802) -> [ ]
    2390 (9.53574, 23.7367) -> [ ]
    2391 (10.7843, 4.88191) -> [ ]
    2392 (24.1917, 7.71468) -> [ ]
    2393 (15.5374, 12.5944) -> [ 8928 (16.597, 13.7822); ]
    2394 (24.2064, 16.6116) -> [ ]
    2395 (8.18631, 15.6807) -> [ ]
    2396 (24.3165, 19.8577) -> [ 7661 (24.985, 20.5349); ]
    2397 (10.4865, 19.2368) -> [ 7468 (11.5635, 19.6985); ]
    2398 (5.00987, 20.5085) -> [ ]
    2399 (17.9523, 12.7921) -> [ ]
    2400 (22.0321, 9.88051) -> [ 5970 (23.2473, 9.91356); ]
    2401 (14.721, 8.31157) -> [ 7138 (16.2879, 7.91521); ]
    2402 (24.0269, 14.7299) -> [ ]
    2403 (21.7759, 20.8654) -> [ ]
    2404 (9.27541, 2.12872) -> [ 8866 (10.1831, 0.786829); ]
    2407 (4.62089, 17.6611) -> [ 2987 (5.95092, 18.6161); ]
    2408 (14.5349, 3.40422) -> [ 9425 (15.3528, 2.77123); ]
    2410 (7.9767, 2.25195) -> [ 116 (8.89262, 0.744545); ]
    2411 (13.4141, 3.8465) -> [ 9062 (14.7631, 2.79772); ]
    2412 (5.64618, 12.788) -> [ ]
    2413 (14.219, 11.3927) -> [ 989 (15.1335, 12.7056); 5281 (14.57, 12.4707); 6267 (14.7759, 13.1602); 8110 (14.6099, 13.0324); 9292 (14.5335, 12.4527); ]
    2414 (4.66166, 12.1969) -> [ 5576 (6.12887, 11.7795); 8043 (6.4744, 11.6343); ]
    2415 (13.7023, 6.89159) -> [ ]
    2417 (7.66536, 10.0031) -> [ ]
    2418 (16.7877, 11.8973) -> [ 731 (17.4421, 12.2558); ]
    2419 (2.396, 3.39457) -> [ ]
    2421 (5.78558, 3.39765) -> [ 8958 (6.3999, 2.25889); ]
    2422 (20.067, 23.4725) -> [ ]
    2423 (18.6895, 21.8389) -> [ ]
    2424 (11.2556, 4.37169) -> [ ]
    2425 (4.01629, 18.9507) -> [ 7433 (4.79103, 19.9606); ]
    2427 (15.0191, 3.91339) -> [ 284 (16.5192, 2.98256); 8338 (16.5027, 2.82127); ]
    2429 (17.5207, 11.0462) -> [ ]
    2430 (15.9727, 21.6279) -> [ ]
    2431 (2.04336, 6.79578) -> [ ]
    2433 (0.961134, 9.55933) -> [ ]
    2435 (2.09704, 7.33676) -> [ 4153 (2.31807, 5.72897); 7183 (2.337, 5.43466); 9313 (2.2632, 5.87479); ]
    2437 (19.5723, 10.5177) -> [ 7621 (21.5215, 10.7678); ]
    2438 (20.0379, 18.2519) -> [ 534 (21.0407, 19.5908); 3381 (21.2873, 19.8022); 6968 (21.041, 19.5816); 7670 (21.0478, 19.4947); 9508 (20.9915, 19.5593); ]
    2439 (18.9221, 20.7906) -> [ ]
    2440 (3.27481, 6.19763) -> [ ]
    2441 (7.40768, 7.05519) -> [ 2451 (8.59894, 5.75488); 3925 (8.46432, 5.85352); ]
    2442 (15.1815, 15.6056) -> [ ]
    2443 (4.87142, 6.04949) -> [ 6906 (5.43235, 4.86748); 8167 (5.56904, 4.62237); ]
    2444 (17.9847, 15.0242) -> [ ]
    2448 (16.3837, 23.2359) -> [ ]
    2449 (9.33881, 17.7575) -> [ ]
    2450 (15.0614, 13.748) -> [ ]
    2451 (8.59894, 5.75488) -> [ 3750 (9.76988, 4.54664); 3803 (9.80234, 4.48154); 4705 (8.86061, 5.49466); ]
    2452 (15.252, 3.85098) -> [ ]
    2454 (19.754, 8.03763) -> [ ]
    2455 (3.64856, 2.33807) -> [ ]
    2457 (0.455725, 3.17941) -> [ ]
    2458 (20.881, 0.77627) -> [ 8590 (21.5296, 0.341112); ]
    2459 (7.25959, 17.1074) -> [ ]
    2460 (21.4556, 17.9319) -> [ 8412 (22.8488, 19.3157); ]
    2461 (20.0285, 4.73851) -> [ 5551 (21.796, 3.95679); ]
    2463 (18.5374, 13.6559) -> [ ]
    2464 (6.63237, 6.38839) -> [ ]
    2465 (9.61955, 9.43907) -> [ 3607 (11.2172, 8.70999); ]
    2466 (13.4686, 9.6054) -> [ ]
    2467 (20.52, 20.8618) -> [ ]
    2468 (11.5692, 19.9675) -> [ 7694 (12.8304, 20.5557); ]
    2470 (1.2679, 17.072) -> [ ]
    2471 (4.04766, 13.2087) -> [ ]
    2472 (3.69207, 20.5197) -> [ ]
    2473 (22.5785, 2.29524) -> [ ]
    2474 (5.70981, 9.24273) -> [ 1931 (7.0471, 8.18476); 5555 (6.51341, 8.59196); 8671 (5.97507, 8.98641); ]
    2475 (23.7729, 1.24229) -> [ ]
    2476 (22.7426, 5.54103) -> [ ]
    2478 (22.0072, 1.48041) -> [ ]
    2479 (21.4821, 9.47103) -> [ ]
    2480 (15.5863, 11.027) -> [ ]
    2481 (1.66001, 16.7055) -> [ 6040 (2.04088, 17.6995); ]
    2482 (5.30296, 11.8752) -> [ 6128 (7.05113, 11.341); ]
    2483 (22.4361, 9.66261) -> [ 2017 (24.3234, 9.66621); 6495 (23.5174, 9.65742); 7689 (23.6723, 9.65572); ]
    2484 (3.04937, 3.47853) -> [ ]
    2485 (3.07597, 22.9061) -> [ 6534 (3.18728, 23.2916); 7397 (3.53421, 24.4366); ]
    2486 (18.3849, 11.3732) -> [ ]
    2487 (16.9099, 22.0971) -> [ 4754 (18.2108, 23.2053); ]
    2488 (20.5373, 7.3173) -> [ 6538 (21.3186, 7.16198); 7192 (22.3247, 6.92218); ]
    2489 (9.6639, 16.6512) -> [ ]
    2490 (22.3619, 23.6051) -> [ ]
    2491 (2.90986, 11.8001) -> [ ]
    2493 (4.24474, 22.6193) -> [ 2575 (4.79325, 23.7307); 7968 (4.85286, 23.8596); ]
    2494 (3.21704, 8.01164) -> [ ]
    2495 (14.9905, 3.4052) -> [ ]
    2496 (22.0921, 22.4728) -> [ 3772 (23.2113, 23.9718); 4074 (22.7718, 23.3965); 6933 (23.0327, 23.8192); ]
    2497 (8.08198, 19.0308) -> [ 5796 (9.45064, 19.8019); ]
    2498 (23.3732, 7.71171) -> [ ]
    2500 (17.2623, 9.93121) -> [ 1981 (18.3355, 9.97326); 7334 (19.1588, 10.0659); ]
    2501 (15.4368, 12.0935) -> [ ]
    2502 (20.1892, 0.677962) -> [ ]
    2505 (3.15739, 5.80964) -> [ ]
    2506 (3.11722, 22.1168) -> [ 1381 (3.37729, 23.3559); 9208 (3.33112, 23.3179); ]
    2507 (10.6619, 17.1139) -> [ 8724 (12.0704, 18.0743); ]
    2508 (16.4619, 15.409) -> [ ]
    2509 (1.59983, 22.6453) -> [ ]
    2510 (1.7521, 2.57746) -> [ ]
    2511 (21.1326, 9.91875) -> [ 3200 (22.9291, 9.99242); ]
    2512 (24.5048, 16.6855) -> [ ]
    2513 (8.49855, 3.78725) -> [ 3790 (9.70839, 2.237); 3888 (9.51249, 2.42589); ]
    2514 (23.2415, 16.5291) -> [ ]
    2516 (19.2363, 15.0575) -> [ 3454 (20.1545, 15.7451); ]
    2517 (4.9383, 22.9337) -> [ 5804 (5.59689, 24.1543); ]
    2518 (19.9372, 17.581) -> [ ]
    2519 (22.8644, 4.70544) -> [ ]
    2520 (1.38425, 2.85675) -> [ ]
    2522 (15.1448, 15.2062) -> [ ]
    2525 (10.3896, 3.36283) -> [ ]
    2526 (2.17542, 9.46982) -> [ ]
    2527 (3.34835, 5.39454) -> [ ]
    2529 (9.05704, 5.39501) -> [ ]
    2530 (15.186, 5.65895) -> [ ]
    2531 (14.8075, 15.3832) -> [ ]
    2532 (22.5478, 1.57077) -> [ ]
    2533 (8.15648, 1.0292) -> [ ]
    2534 (0.230772, 23.1731) -> [ ]
    2535 (16.0167, 12.5827) -> [ 1201 (16.9108, 13.4213); 1957 (17.4886, 13.7689); 4713 (17.2449, 13.6122); ]
    2536 (8.08475, 19.8103) -> [ ]
    2537 (22.5276, 7.37774) -> [ 7600 (24.2766, 7.10066); ]
    2538 (16.5215, 8.39261) -> [ ]
    2539 (7.80606, 0.599351) -> [ 9089 (8.10937, 0.0243343); ]
    2540 (6.19078, 3.81388) -> [ ]
    2541 (22.4917, 15.2819) -> [ ]
    2542 (21.9118, 22.4707) -> [ 1312 (22.9888, 24.1142); 7171 (22.9279, 23.9522); 9061 (22.5851, 23.5201); 9449 (22.6437, 23.5992); ]
    2543 (17.9208, 15.0455) -> [ ]
    2544 (5.25339, 2.01231) -> [ 3157 (5.9172, 0.380019); ]
    2545 (19.5067, 9.03099) -> [ ]
    2546 (18.8389, 2.2554) -> [ ]
    2549 (11.6793, 1.38665) -> [ ]
    2550 (17.3711, 21.8237) -> [ ]
    2551 (5.60236, 2.73313) -> [ ]
    2552 (10.6403, 9.26982) -> [ 8680 (12.2149, 8.62361); ]
    2553 (11.5944, 24.1101) -> [ ]
    2554 (1.96612, 5.71511) -> [ ]
    2555 (9.34733, 22.0284) -> [ ]
    2556 (1.30091, 10.1806) -> [ ]
    2557 (13.704, 19.4043) -> [ ]
    2558 (20.0606, 23.9535) -> [ ]
    2559 (3.91197, 19.7014) -> [ 1389 (4.98211, 21.2938); ]
    2560 (18.5453, 4.47975) -> [ 3684 (20.187, 3.52397); ]
    2561 (10.3097, 4.5249) -> [ ]
    2562 (22.5456, 4.36844) -> [ ]
    2564 (8.92718, 1.68474) -> [ 8033 (9.9252, 0.0897618); ]
    2565 (9.96062, 4.16995) -> [ 7899 (11.301, 2.79721); ]
    2566 (20.5912, 12.8007) -> [ ]
    2567 (0.890865, 21.2729) -> [ 6091 (0.935034, 22.4872); ]
    2568 (6.20621, 1.59571) -> [ ]
    2569 (0.677661, 22.5735) -> [ 847 (0.670431, 23.1399); 3331 (0.639499, 23.2475); 5824 (0.611262, 24.3336); ]
    2570 (20.9385, 4.55405) -> [ ]
    2571 (4.81218, 5.29013) -> [ 2131 (5.5756, 3.7374); 5373 (5.38105, 4.00637); 7277 (5.33795, 3.90382); ]
    2572 (17.991, 7.2954) -> [ 172 (19.2928, 6.99985); 7752 (19.6124, 6.865); ]
    2573 (9.04508, 5.54683) -> [ 4501 (10.1724, 4.44044); 7102 (10.1023, 4.4991); ]
    2575 (4.79325, 23.7307) -> [ 8354 (5.35286, 24.853); ]
    2576 (14.733, 1.49834) -> [ 3411 (15.8002, 0.586136); 6274 (15.0264, 1.24332); ]
    2577 (11.3947, 5.50201) -> [ ]
    2578 (21.8311, 13.9206) -> [ ]
    2579 (13.3712, 0.80882) -> [ ]
    2580 (19.25, 11.7891) -> [ ]
    2581 (5.79166, 12.2054) -> [ 7896 (6.61088, 12.0718); 8865 (6.72216, 12.0489); ]
    2582 (17.9121, 4.09622) -> [ 839 (19.2887, 3.39216); 7750 (18.4824, 3.80664); ]
    2583 (8.72174, 2.80245) -> [ ]
    2584 (15.9233, 20.3507) -> [ ]
    2585 (15.6191, 4.18532) -> [ 7144 (16.9728, 3.19972); ]
    2586 (5.77779, 20.8925) -> [ ]
    2587 (3.23863, 3.72726) -> [ 1704 (3.48012, 2.79187); ]
    2589 (22.0251, 7.7837) -> [ 7273 (23.857, 7.56607); ]
    2590 (9.87427, 21.8399) -> [ 8310 (11.4442, 22.9806); ]
    2591 (5.61988, 1.77264) -> [ 1675 (6.33481, 0.00173036); 4760 (6.14012, 0.362379); ]
    2592 (23.6565, 10.7757) -> [ ]
    2593 (12.3598, 19.2703) -> [ ]
    2598 (4.14563, 2.70827) -> [ 9354 (4.33013, 2.06559); ]
    2600 (14.0654, 7.96826) -> [ 7046 (15.4729, 7.43287); ]
    2601 (21.2763, 3.68427) -> [ 8237 (22.5008, 3.03822); ]
    2602 (21.6413, 13.2969) -> [ ]
    2603 (5.17389, 17.229) -> [ 9976 (6.11698, 17.7676); ]
    2605 (23.9691, 13.9182) -> [ ]
    2606 (18.3319, 6.84171) -> [ ]
    2607 (16.0206, 12.8062) -> [ ]
    2608 (5.89749, 8.54678) -> [ 6270 (6.44093, 7.95384); ]
    2609 (19.732, 20.0791) -> [ 9633 (20.5522, 21.4835); ]
    2610 (1.92031, 8.13151) -> [ ]
    2612 (11.7807, 17.9706) -> [ ]
    2613 (17.5364, 17.918) -> [ ]
    2615 (14.3757, 19.4197) -> [ ]
    2617 (11.7742, 16.96) -> [ 2245 (13.4489, 17.4764); 3146 (13.4546, 17.544); 4893 (13.4319, 17.3787); 5509 (13.1171, 17.3244); 8962 (13.4179, 17.5152); ]
    2618 (24.5414, 13.0477) -> [ ]
    2619 (11.7542, 1.45304) -> [ ]
    2620 (16.5962, 11.9931) -> [ ]
    2621 (23.0964, 20.9061) -> [ 9898 (24.3269, 22.356); ]
    2622 (23.3009, 10.8458) -> [ 560 (24.8125, 11.0336); ]
    2623 (12.7486, 23.0584) -> [ ]
    2624 (15.6593, 13.4729) -> [ ]
    2625 (22.0106, 11.9652) -> [ 6162 (23.7643, 12.3949); ]
    2626 (19.8865, 5.67189) -> [ ]
    2627 (5.23137, 23.5618) -> [ 391 (5.89642, 24.8282); ]
    2628 (8.11571, 3.76346) -> [ 2583 (8.72174, 2.80245); 3192 (8.94806, 2.44516); 3256 (9.21325, 2.29722); 7315 (8.71987, 2.75771); ]
    2629 (13.4758, 17.3974) -> [ ]
    2630 (17.7193, 11.4646) -> [ ]
    2631 (22.7829, 14.6536) -> [ ]
    2632 (23.1719, 17.5009) -> [ ]
    2633 (14.8766, 1.80183) -> [ 6599 (15.485, 1.25854); ]
    2634 (4.13019, 14.9567) -> [ 3474 (5.94049, 14.9956); 9246 (5.291, 14.9366); ]
    2635 (11.0324, 21.6791) -> [ 6004 (12.1011, 22.4669); 6401 (12.0034, 22.3571); ]
    2636 (15.4714, 11.0719) -> [ 5319 (17.0965, 11.7283); 7926 (16.6556, 11.6013); ]
    2637 (24.131, 7.77722) -> [ ]
    2638 (15.4701, 6.46425) -> [ ]
    2639 (10.4555, 9.03653) -> [ 5623 (11.6425, 8.52112); 6666 (11.8241, 8.25703); 9933 (11.4784, 8.58718); ]
    2642 (13.2858, 3.39827) -> [ ]
    2643 (22.5685, 18.1172) -> [ ]
    2644 (21.7493, 1.79387) -> [ ]
    2645 (0.618346, 11.7343) -> [ 5385 (0.607701, 11.6294); ]
    2646 (6.12307, 10.7954) -> [ ]
    2647 (16.0786, 4.80468) -> [ ]
    2649 (14.8765, 10.9396) -> [ ]
    2650 (16.1229, 7.37009) -> [ 8482 (16.862, 7.1175); ]
    2653 (2.88681, 22.7157) -> [ 298 (3.25978, 24.3642); 1822 (3.12045, 23.5961); 2735 (3.28616, 24.2329); 8500 (3.33852, 24.3757); 9409 (3.36206, 24.5201); ]
    2654 (4.23981, 21.1572) -> [ ]
    2655 (19.0276, 24.9029) -> [ ]
    2656 (10.4226, 1.93347) -> [ 8833 (11.1142, 1.01901); ]
    2658 (1.11093, 5.33468) -> [ ]
    2659 (23.5843, 4.92391) -> [ 7724 (24.9872, 4.49898); ]
    2660 (0.373183, 8.81972) -> [ 5917 (0.144898, 6.99156); ]
    2661 (8.95407, 0.464729) -> [ ]
    2662 (5.23524, 5.31363) -> [ ]
    2663 (18.9203, 16.3388) -> [ ]
    2664 (0.484983, 18.1605) -> [ 6027 (0.315391, 19.2419); ]
    2665 (5.40405, 9.24636) -> [ 3663 (6.47743, 8.14237); 5175 (6.61247, 7.99009); 8246 (6.42122, 8.18968); ]
    2666 (1.62462, 18.8677) -> [ 8852 (1.72563, 19.5533); ]
    2668 (21.1275, 23.7354) -> [ ]
    2669 (3.47645, 12.4131) -> [ ]
    2670 (10.4974, 7.46804) -> [ 4677 (11.4276, 6.85813); ]
    2672 (0.270542, 3.14229) -> [ 6402 (0.151982, 1.29897); 7080 (0.232628, 1.54601); ]
    2673 (17.335, 4.18907) -> [ ]
    2676 (9.87181, 4.20274) -> [ 4990 (11.0398, 2.71549); ]
    2678 (16.7981, 8.47826) -> [ ]
    2679 (7.11292, 17.9052) -> [ ]
    2680 (20.9256, 13.4986) -> [ ]
    2681 (9.72987, 3.59429) -> [ ]
    2682 (6.93101, 8.76201) -> [ 4379 (7.66181, 8.17904); 5285 (7.86596, 8.05705); ]
    2683 (11.4066, 23.7988) -> [ 952 (12.5595, 24.8395); 5401 (12.1183, 24.439); ]
    2685 (13.0738, 7.58799) -> [ ]
    2686 (6.40294, 13.3458) -> [ 9068 (7.53367, 14.3262); ]
    2687 (7.75098, 6.03645) -> [ ]
    2688 (1.27905, 18.0842) -> [ 6207 (1.35026, 18.6564); ]
    2689 (8.67552, 3.97611) -> [ 3211 (9.49693, 2.82199); ]
    2691 (10.2383, 21.7699) -> [ ]
    2692 (22.1374, 8.219) -> [ ]
    2693 (15.4906, 4.92121) -> [ ]
    2694 (23.6408, 7.99976) -> [ 9967 (24.5686, 7.91056); ]
    2695 (12.0382, 3.71019) -> [ 8855 (13.1029, 2.72621); ]
    2698 (20.0975, 3.12803) -> [ ]
    2699 (23.7493, 16.9849) -> [ ]
    2701 (20.9899, 10.1242) -> [ 7380 (21.8345, 10.1781); 7476 (22.1245, 10.2153); 8303 (22.3591, 10.1991); ]
    2702 (22.6594, 16.9539) -> [ 6758 (23.5545, 17.5961); ]
    2703 (14.6884, 14.6743) -> [ ]
    2704 (20.5597, 23.1115) -> [ 5803 (21.1726, 24.2939); ]
    2705 (16.9085, 12.9757) -> [ ]
    2707 (7.70135, 15.4136) -> [ ]
    2708 (5.81862, 8.7398) -> [ ]
    2709 (22.7385, 4.58893) -> [ ]
    2710 (11.9402, 4.59577) -> [ ]
    2711 (0.226441, 9.80832) -> [ 7099 (0.0753156, 9.15018); ]
    2713 (5.13673, 22.4997) -> [ ]
    2714 (0.317057, 19.5995) -> [ 4837 (0.20611, 20.2707); ]
    2715 (9.65248, 20.4006) -> [ ]
    2716 (8.20581, 15.4748) -> [ 9529 (9.22029, 16.2607); ]
    2717 (16.2722, 10.3298) -> [ ]
    2718 (14.397, 22.085) -> [ 6438 (15.8086, 22.8113); ]
    2719 (17.9706, 1.31594) -> [ ]
    2720 (11.0519, 21.5182) -> [ 9890 (11.5033, 21.8239); ]
    2721 (20.3536, 11.049) -> [ ]
    2722 (20.494, 22.0042) -> [ 7422 (21.4694, 23.6482); ]
    2723 (1.36749, 22.9146) -> [ ]
    2724 (14.3767, 20.519) -> [ ]
    2725 (3.26779, 3.99511) -> [ ]
    2726 (8.9271, 19.1946) -> [ 3744 (10.3061, 20.0071); 6769 (10.088, 19.8623); 9915 (10.2579, 19.9446); ]
    2727 (12.8101, 6.07939) -> [ 4193 (13.6365, 5.60637); ]
    2729 (14.1618, 5.23831) -> [ 55 (15.7913, 4.28266); 8798 (15.7883, 4.31929); ]
    2730 (22.5928, 5.21128) -> [ 6381 (24.4313, 4.53141); 8842 (24.4214, 4.57713); ]
    2732 (17.9732, 14.3968) -> [ ]
    2733 (22.8558, 4.21392) -> [ ]
    2734 (9.45203, 8.08069) -> [ ]
    2736 (9.77569, 6.76787) -> [ ]
    2737 (3.28059, 3.20044) -> [ 8943 (3.58139, 1.38129); ]
    2738 (19.2507, 18.4591) -> [ ]
    2740 (5.84466, 5.26705) -> [ ]
    2741 (15.0042, 18.0961) -> [ ]
    2742 (7.28054, 17.3334) -> [ ]
    2743 (24.1234, 8.13446) -> [ 1244 (24.9935, 8.04414); ]
    2745 (5.87678, 9.63415) -> [ 2682 (6.93101, 8.76201); 4901 (7.3985, 8.35387); ]
    2746 (20.4456, 13.8845) -> [ ]
    2748 (21.4299, 2.6521) -> [ 8022 (23.0553, 1.74163); ]
    2750 (14.5014, 10.7504) -> [ ]
    2753 (14.9974, 1.47406) -> [ ]
    2754 (8.54144, 16.0521) -> [ ]
    2755 (22.198, 22.3106) -> [ ]
    2756 (16.111, 13.7532) -> [ ]
    2758 (19.7248, 15.4297) -> [ ]
    2760 (5.20355, 5.40039) -> [ ]
    2762 (3.67958, 14.0579) -> [ 9984 (4.62475, 13.7795); ]
    2763 (5.36859, 5.48145) -> [ ]
    2764 (21.7686, 10.7893) -> [ ]
    2765 (9.66888, 21.6815) -> [ 1498 (10.2611, 22.1616); 2590 (9.87427, 21.8399); 5516 (11.1919, 22.8859); 9261 (11.075, 22.7715); ]
    2766 (17.4979, 13.2729) -> [ ]
    2767 (12.7121, 5.50838) -> [ 9513 (14.1795, 4.54285); ]
    2768 (18.7504, 20.4387) -> [ ]
    2769 (3.11906, 21.8605) -> [ ]
    2770 (1.91572, 5.67684) -> [ ]
    2772 (15.347, 17.2513) -> [ 2269 (15.5507, 18.5729); ]
    2773 (8.64053, 5.04611) -> [ ]
    2774 (13.4077, 17.3765) -> [ ]
    2775 (19.2699, 5.87241) -> [ ]
    2776 (8.59773, 15.6453) -> [ ]
    2777 (22.9902, 8.99334) -> [ 2761 (24.8959, 8.84484); ]
    2778 (17.2093, 2.42907) -> [ ]
    2779 (3.23979, 16.6022) -> [ ]
    2781 (3.46265, 18.5672) -> [ 3891 (4.4304, 19.9488); 7342 (4.18903, 19.5215); ]
    2782 (8.96497, 4.05932) -> [ ]
    2783 (11.4542, 7.81009) -> [ 2909 (13.139, 6.85399); 7902 (12.1498, 7.40288); 8028 (12.8895, 6.93998); ]
    2784 (9.17555, 20.4209) -> [ ]
    2785 (13.9112, 8.1717) -> [ ]
    2786 (17.9635, 15.0167) -> [ ]
    2788 (7.30527, 9.6409) -> [ ]
    2789 (18.8909, 11.8793) -> [ 8279 (20.2974, 12.3538); ]
    2790 (21.5112, 20.0703) -> [ ]
    2791 (22.0321, 14.5259) -> [ ]
    2792 (22.5923, 13.5666) -> [ ]
    2794 (2.38623, 2.73806) -> [ 7907 (2.47343, 2.04749); ]
    2795 (17.3268, 3.48415) -> [ 9545 (18.9489, 2.59139); ]
    2796 (1.00555, 2.13624) -> [ ]
    2797 (9.86237, 3.13029) -> [ ]
    2798 (17.8559, 20.9141) -> [ 7259 (18.1467, 21.7549); ]
    2799 (0.947095, 13.8069) -> [ ]
    2800 (23.0368, 19.7486) -> [ ]
    2801 (17.1428, 10.422) -> [ 1473 (18.164, 10.5639); 5100 (18.9737, 10.7419); 8266 (18.7901, 10.7054); ]
    2802 (6.29851, 3.93818) -> [ ]
    2803 (2.46104, 8.97903) -> [ ]
    2804 (23.0412, 12.3851) -> [ ]
    2805 (17.7843, 15.2122) -> [ ]
    2806 (12.1819, 17.8824) -> [ ]
    2807 (23.4074, 12.7961) -> [ 1214 (24.4548, 13.037); 2618 (24.5414, 13.0477); 7266 (24.7454, 13.2435); 7798 (23.5873, 12.8547); ]
    2808 (14.9716, 15.8211) -> [ ]
    2809 (10.8067, 6.9024) -> [ ]
    2812 (23.1036, 7.37483) -> [ ]
    2813 (15.6258, 7.61901) -> [ 3552 (17.1881, 7.07267); 6325 (16.93, 7.20537); 9444 (16.9727, 7.13987); ]
    2815 (20.3652, 12.6591) -> [ ]
    2816 (4.83865, 3.4577) -> [ ]
    2817 (5.03886, 3.41175) -> [ 6776 (5.84147, 1.64596); 8205 (5.4106, 2.37706); 8796 (5.22384, 2.97028); ]
    2818 (16.658, 3.85318) -> [ ]
    2819 (14.3234, 3.46856) -> [ ]
    2820 (6.319, 5.71812) -> [ ]
    2822 (8.83139, 4.43433) -> [ 7944 (9.40308, 3.67006); ]
    2824 (17.0545, 16.7502) -> [ ]
    2827 (18.4097, 12.0119) -> [ 5194 (19.6571, 12.4835); 6552 (19.6654, 12.4309); 6892 (19.8655, 12.5274); ]
    2828 (1.37823, 17.5158) -> [ 6655 (1.59634, 19.3946); 7960 (1.5753, 18.945); ]
    2830 (8.68725, 5.49855) -> [ 2565 (9.96062, 4.16995); 3723 (9.26048, 4.88276); 5831 (9.22116, 4.91985); ]
    2832 (19.7304, 11.0324) -> [ 3335 (21.6706, 11.4425); 3836 (21.2727, 11.3687); 6863 (20.7142, 11.2595); ]
    2833 (12.6559, 9.49941) -> [ 8776 (13.9187, 9.58719); ]
    2834 (7.99024, 7.5539) -> [ 1246 (8.14696, 7.40227); 9625 (8.52544, 6.84114); ]
    2835 (7.47045, 7.50701) -> [ 769 (8.75317, 6.42253); ]
    2836 (18.3509, 6.7277) -> [ 9427 (20.2205, 6.09004); ]
    2837 (5.78032, 12.827) -> [ 5952 (7.28347, 13.2251); 7455 (7.46871, 13.4643); 7737 (6.92066, 12.8086); ]
    2838 (5.29208, 1.79226) -> [ 1997 (5.76047, 0.642244); ]
    2839 (2.69133, 8.60414) -> [ ]
    2840 (4.4513, 14.8068) -> [ ]
    2841 (8.58506, 1.86585) -> [ 2045 (9.46868, 0.428979); 5086 (9.31679, 0.671507); 7733 (9.46439, 0.332223); 8498 (9.49546, 0.221505); 9651 (9.50646, 0.359013); ]
    2842 (6.11668, 6.04461) -> [ 9788 (7.00254, 4.81204); ]
    2843 (3.63422, 4.40461) -> [ 800 (4.18489, 2.68021); 2598 (4.14563, 2.70827); ]
    2844 (21.5806, 21.4568) -> [ ]
    2847 (1.76805, 14.5681) -> [ ]
    2849 (14.9412, 15.756) -> [ 4588 (15.1678, 17.4312); ]
    2850 (17.558, 18.9678) -> [ ]
    2852 (4.67977, 9.8973) -> [ 1563 (5.84522, 8.62637); 2608 (5.89749, 8.54678); 6763 (5.92151, 8.58661); 9201 (5.78288, 8.58411); ]
    2853 (9.50943, 7.7121) -> [ ]
    2854 (24.4175, 18.0154) -> [ ]
    2856 (8.44164, 16.2415) -> [ 6808 (8.51244, 16.3346); ]
    2857 (14.0132, 9.39363) -> [ 8367 (15.1446, 9.3995); ]
    2858 (16.287, 18.7927) -> [ 6631 (16.6653, 20.2571); ]
    2859 (1.67223, 10.9359) -> [ 7785 (1.87089, 8.99401); ]
    2860 (12.9971, 6.33131) -> [ 1212 (14.5215, 5.49124); 1444 (13.9979, 5.733); 5127 (14.4683, 5.44831); 7929 (14.5333, 5.50509); ]
    2861 (12.3005, 4.30308) -> [ ]
    2862 (14.5987, 9.31737) -> [ ]
    2863 (22.715, 14.0045) -> [ ]
    2864 (13.6586, 5.30332) -> [ ]
    2865 (20.2495, 1.32705) -> [ ]
    2866 (0.108779, 9.96962) -> [ ]
    2867 (10.9135, 18.7829) -> [ ]
    2868 (24.5213, 16.5644) -> [ ]
    2869 (6.71528, 20.056) -> [ ]
    2871 (2.43818, 19.3813) -> [ 6169 (2.95714, 20.9254); 8576 (3.05115, 21.2094); ]
    2873 (20.519, 5.65493) -> [ 1234 (21.6482, 5.2757); 9975 (22.0558, 5.08885); ]
    2874 (7.55412, 5.187) -> [ ]
    2875 (5.64533, 15.6593) -> [ ]
    2876 (24.016, 16.6481) -> [ ]
    2877 (18.7763, 19.962) -> [ ]
    2878 (17.5103, 14.2797) -> [ 4263 (18.6276, 15.2739); ]
    2879 (1.51144, 4.27096) -> [ ]
    2880 (5.31518, 5.91195) -> [ ]
    2883 (1.31948, 1.05607) -> [ 9069 (1.33395, 0.374431); ]
    2884 (21.7633, 16.0307) -> [ ]
    2886 (21.1318, 21.1937) -> [ ]
    2887 (18.4136, 20.474) -> [ ]
    2888 (4.77728, 15.105) -> [ ]
    2889 (17.1916, 22.4624) -> [ 7047 (18.2949, 23.436); ]
    2890 (12.9602, 2.32037) -> [ ]
    2891 (7.4605, 17.0537) -> [ ]
    2892 (3.8327, 7.46369) -> [ ]
    2894 (2.47883, 10.9871) -> [ ]
    2895 (12.839, 17.6102) -> [ ]
    2897 (12.0206, 23.5959) -> [ 3477 (13.1901, 24.6013); 4533 (13.3266, 24.6793); ]
    2898 (13.6132, 24.0611) -> [ 3164 (14.6574, 24.8358); ]
    2899 (6.2715, 19.7461) -> [ 9677 (7.572, 20.9135); ]
    2900 (12.7044, 1.06336) -> [ ]
    2901 (6.73447, 7.34317) -> [ ]
    2902 (19.1737, 5.05835) -> [ 5440 (20.1342, 4.73001); ]
    2903 (6.1607, 3.64447) -> [ ]
    2904 (9.18865, 22.7174) -> [ ]
    2905 (19.1114, 22.2431) -> [ 8144 (19.607, 23.4775); ]
    2906 (1.81767, 15.0026) -> [ 6589 (3.64235, 15.0113); ]
    2907 (5.3605, 22.5628) -> [ ]
    2908 (6.86917, 17.3071) -> [ 3425 (8.69673, 18.0691); 4002 (8.56023, 18.012); 4169 (7.64482, 17.6121); ]
    2909 (13.139, 6.85399) -> [ 516 (14.8068, 5.91642); 593 (13.3997, 6.71461); 3831 (14.7294, 6.05339); 5791 (13.9868, 6.43037); 7973 (14.4597, 6.0929); 8168 (14.0041, 6.35722); ]
    2911 (11.3891, 1.99734) -> [ ]
    2912 (19.6356, 0.269701) -> [ ]
    2913 (19.6835, 12.7401) -> [ ]
    2914 (21.8696, 22.141) -> [ 8280 (23.0335, 23.6918); 9221 (22.9396, 23.6458); ]
    2916 (10.4183, 6.75086) -> [ 642 (11.5834, 5.90875); 2059 (11.6259, 5.93114); 4149 (11.7499, 5.82414); ]
    2917 (17.9675, 7.25481) -> [ 4505 (19.3381, 6.89374); 4785 (19.425, 6.77991); 5430 (19.071, 6.88123); ]
    2918 (8.8845, 8.81487) -> [ 5085 (10.4961, 7.80833); ]
    2919 (5.63692, 1.32347) -> [ 1577 (5.79825, 0.94631); ]
    2920 (14.5771, 1.42245) -> [ ]
    2923 (19.1001, 2.4231) -> [ ]
    2924 (2.94606, 9.81693) -> [ ]
    2925 (4.15072, 16.8826) -> [ ]
    2926 (6.29467, 22.2761) -> [ ]
    2929 (12.1247, 3.94367) -> [ ]
    2930 (17.622, 9.90413) -> [ ]
    2931 (0.598135, 22.7443) -> [ 269 (0.569637, 24.2455); 3221 (0.452479, 24.4926); ]
    2935 (11.6335, 1.56177) -> [ ]
    2937 (13.7294, 0.854263) -> [ 8670 (14.5488, 0.0711662); ]
    2938 (20.9985, 6.48113) -> [ ]
    2939 (20.6716, 16.313) -> [ 1626 (21.9912, 17.3587); ]
    2940 (1.24657, 10.9643) -> [ ]
    2941 (15.3462, 22.8296) -> [ ]
    2942 (7.95305, 23.4322) -> [ ]
    2944 (5.49208, 15.4871) -> [ ]
    2945 (13.6143, 3.67793) -> [ ]
    2946 (21.9871, 8.57665) -> [ ]
    2947 (19.6005, 12.6849) -> [ ]
    2950 (5.30345, 10.1801) -> [ ]
    2952 (12.7461, 17.8829) -> [ 3824 (13.9891, 18.6151); 4906 (13.8932, 18.5195); 5159 (13.9758, 18.5645); 9197 (14.2227, 18.6961); ]
    2953 (12.0469, 23.9442) -> [ 6422 (13.2153, 24.8648); 8626 (13.1916, 24.7817); ]
    2955 (5.12615, 6.89107) -> [ ]
    2956 (1.45929, 22.8119) -> [ 4280 (1.57342, 23.9276); 4419 (1.61286, 24.6019); 6172 (1.62394, 24.5539); 6865 (1.57259, 24.2195); ]
    2957 (15.9924, 10.2709) -> [ ]
    2958 (8.06642, 2.57487) -> [ 7821 (8.87985, 1.08676); ]
    2959 (20.2194, 22.6645) -> [ 5797 (20.6517, 23.4331); ]
    2961 (15.3558, 20.3902) -> [ ]
    2962 (8.3428, 16.1348) -> [ ]
    2963 (3.5125, 12.3923) -> [ 1795 (4.77025, 11.9239); 5303 (4.92727, 11.8407); 7810 (4.57608, 11.9769); 8278 (5.38945, 11.7729); 9542 (4.25477, 12.1288); ]
    2964 (19.7287, 22.9672) -> [ ]
    2965 (19.9616, 0.803629) -> [ 2502 (20.1892, 0.677962); 5625 (20.3464, 0.500921); 9871 (21.1584, 0.0880364); ]
    2966 (4.24238, 11.3581) -> [ ]
    2967 (19.0064, 18.6922) -> [ ]
    2969 (18.4654, 17.489) -> [ 7489 (19.5631, 19.1288); 7966 (19.4137, 18.8525); ]
    2970 (10.2163, 18.5802) -> [ ]
    2971 (0.673531, 7.33147) -> [ ]
    2972 (20.8854, 6.32895) -> [ 9029 (22.3618, 5.85097); 9176 (21.9111, 5.99684); ]
    2973 (11.3675, 22.2543) -> [ ]
    2976 (0.230522, 20.6855) -> [ ]
    2977 (3.47871, 18.24) -> [ 2675 (3.93493, 19.0921); 4325 (4.14594, 19.1927); 4439 (4.00217, 18.9459); ]
    2978 (9.04045, 20.0936) -> [ ]
    2979 (17.9371, 19.3801) -> [ 7939 (18.7664, 21.1339); 8805 (18.7979, 21.1434); ]
    2980 (16.3052, 4.39926) -> [ ]
    2981 (16.6541, 11.6188) -> [ ]
    2982 (1.73914, 3.88766) -> [ ]
    2983 (20.8315, 3.02951) -> [ ]
    2984 (19.5892, 15.2355) -> [ ]
    2985 (13.3359, 0.97996) -> [ ]
    2986 (6.45933, 4.95532) -> [ 2275 (7.2727, 3.66286); 8057 (7.31494, 3.5368); 9837 (7.17886, 3.75598); ]
    2987 (5.95092, 18.6161) -> [ 513 (7.51726, 19.7265); 621 (7.58004, 19.6759); 5314 (7.02682, 19.4037); 8491 (6.89917, 19.279); ]
    2988 (2.02439, 23.9627) -> [ ]
    2989 (8.83088, 23.1347) -> [ 5278 (9.94753, 24.4812); ]
    2990 (13.64, 7.88548) -> [ ]
    2991 (9.01393, 22.4822) -> [ 6468 (10.3047, 23.6052); ]
    2992 (0.350298, 3.71258) -> [ ]
    2993 (13.9928, 22.079) -> [ 6954 (15.1356, 22.6844); 9497 (15.4804, 22.8811); ]
    2994 (14.6424, 24.145) -> [ 9198 (15.8642, 24.8868); ]
    2995 (16.3951, 13.1933) -> [ 3184 (17.5991, 14.4258); 4386 (17.4344, 14.2647); ]
    3000 (23.9239, 20.5523) -> [ 6751 (24.9925, 21.5086); 7575 (24.9871, 21.6541); ]
    3002 (9.61896, 19.505) -> [ ]
    3003 (5.19774, 7.71365) -> [ ]
    3004 (16.7672, 2.58097) -> [ ]
    3005 (15.3629, 14.9535) -> [ 7526 (15.7567, 16.135); 8356 (15.7024, 15.9957); ]
    3006 (15.3728, 10.7804) -> [ ]
    3007 (21.7018, 19.5701) -> [ ]
    3008 (15.0656, 22.3289) -> [ ]
    3009 (7.26815, 2.35656) -> [ ]
    3011 (0.746255, 10.6544) -> [ ]
    3012 (18.007, 17.5106) -> [ ]
    3014 (15.1533, 10.854) -> [ 645 (16.2076, 11.3086); ]
    3017 (8.41247, 2.87393) -> [ ]
    3018 (17.4795, 2.06266) -> [ 627 (18.4062, 1.39612); ]
    3020 (15.2899, 11.9765) -> [ 2501 (15.4368, 12.0935); ]
    3021 (24.7756, 15.3699) -> [ ]
    3022 (16.0531, 22.1625) -> [ ]
    3024 (10.7169, 5.00786) -> [ ]
    3025 (23.4729, 18.1261) -> [ 6805 (24.3743, 18.9359); ]
    3027 (10.7536, 18.7257) -> [ ]
    3028 (14.4662, 4.26392) -> [ 888 (16.13, 3.17423); ]
    3029 (6.64674, 15.7321) -> [ ]
    3030 (8.08575, 18.7036) -> [ ]
    3031 (11.7436, 8.59036) -> [ ]
    3032 (15.0932, 8.28334) -> [ 149 (16.6731, 7.93795); 6881 (16.296, 7.96941); 8240 (15.5874, 8.15041); ]
    3033 (9.55715, 23.0239) -> [ 370 (10.6114, 24.1985); 1076 (10.9824, 24.3205); 8860 (10.6251, 23.9413); ]
    3034 (11.8151, 3.7676) -> [ 522 (12.0176, 3.60108); ]
    3037 (6.54161, 22.4001) -> [ ]
    3039 (17.7085, 6.57045) -> [ 1113 (18.8695, 6.12265); 7867 (19.1548, 6.02768); 8094 (19.0384, 6.04876); ]
    3040 (18.3943, 9.59675) -> [ 7155 (19.8724, 9.66678); ]
    3041 (5.53895, 21.9054) -> [ ]
    3042 (1.25094, 14.0888) -> [ ]
    3043 (19.8043, 20.8772) -> [ ]
    3044 (4.95934, 22.473) -> [ 1267 (5.73771, 24.2491); ]
    3045 (1.65272, 9.47699) -> [ ]
    3046 (23.2389, 23.0067) -> [ ]
    3047 (19.8751, 20.2709) -> [ 496 (20.5532, 21.2446); 756 (20.4999, 21.2166); 7368 (20.6791, 21.3817); 8530 (20.9386, 21.8644); ]
    3048 (24.2804, 6.40375) -> [ ]
    3049 (20.4788, 4.69293) -> [ 5327 (21.4115, 4.21234); ]
    3050 (17.5069, 11.0356) -> [ ]
    3051 (17.2051, 19.0904) -> [ ]
    3052 (8.74576, 18.6305) -> [ 131 (10.311, 19.3873); 650 (10.5013, 19.476); ]
    3053 (17.3316, 5.36897) -> [ 7856 (18.0158, 5.09262); ]
    3054 (13.1896, 3.70222) -> [ ]
    3055 (10.2568, 17.9173) -> [ ]
    3056 (18.1757, 6.40024) -> [ ]
    3057 (3.37514, 19.0214) -> [ 2255 (4.25218, 20.4272); ]
    3058 (2.06933, 14.1775) -> [ 2103 (2.61954, 13.7738); 4744 (2.89937, 13.5519); 9532 (2.84508, 13.589); ]
    3061 (3.52693, 11.292) -> [ ]
    3062 (12.1176, 22.3786) -> [ 6984 (13.593, 23.2711); ]
    3063 (7.34088, 3.76922) -> [ ]
    3067 (7.68171, 3.26306) -> [ ]
    3069 (5.85084, 17.2126) -> [ ]
    3070 (21.9054, 18.1484) -> [ ]
    3071 (0.761351, 13.1082) -> [ 4579 (0.276257, 11.3825); 5570 (0.0188904, 11.2681); 8197 (0.0213577, 11.2652); ]
    3072 (5.86015, 19.9948) -> [ ]
    3073 (7.88196, 15.2957) -> [ 8151 (8.79399, 16.1409); ]
    3075 (14.2391, 10.4273) -> [ 3006 (15.3728, 10.7804); 4050 (15.6126, 10.9512); 6726 (15.4055, 10.8081); ]
    3076 (17.5392, 24.2121) -> [ ]
    3077 (1.60295, 2.25222) -> [ 9684 (1.57292, 0.71183); ]
    3078 (1.01843, 23.3977) -> [ 5065 (1.00427, 24.1826); ]
    3079 (23.0553, 21.3378) -> [ ]
    3080 (7.84926, 15.4737) -> [ ]
    3081 (6.88557, 0.883157) -> [ ]
    3082 (21.1721, 12.6439) -> [ 1365 (23.054, 13.2517); ]
    3085 (19.9886, 14.0364) -> [ ]
    3086 (9.54823, 8.20623) -> [ 59 (11.1968, 7.21619); ]
    3089 (11.7801, 1.51196) -> [ ]
    3090 (6.85406, 6.44843) -> [ ]
    3091 (18.9321, 7.40715) -> [ ]
    3092 (18.1509, 1.47367) -> [ ]
    3093 (11.0176, 6.24267) -> [ 5541 (12.2937, 5.22085); ]
    3094 (6.73122, 23.4939) -> [ ]
    3096 (23.2716, 15.8942) -> [ ]
    3097 (21.3107, 10.5166) -> [ ]
    3098 (10.8119, 17.6914) -> [ ]
    3099 (23.8944, 5.22582) -> [ 8781 (24.8406, 4.88481); ]
    3100 (21.8955, 0.966343) -> [ ]
    3101 (11.1748, 8.03491) -> [ 8909 (12.9715, 7.1848); ]
    3104 (23.7993, 22.8072) -> [ 5478 (24.3513, 23.5223); 9336 (24.4072, 23.5162); ]
    3105 (19.2327, 3.16843) -> [ ]
    3106 (17.812, 13.8386) -> [ ]
    3107 (1.41821, 21.4554) -> [ 969 (1.62892, 23.4062); 8749 (1.64551, 23.4187); ]
    3108 (4.5784, 21.4933) -> [ ]
    3109 (7.09763, 10.0958) -> [ ]
    3110 (18.7462, 17.604) -> [ ]
    3113 (2.32052, 11.1722) -> [ ]
    3114 (19.1569, 9.82221) -> [ ]
    3116 (23.9679, 5.61182) -> [ ]
    3117 (8.77332, 22.2798) -> [ 3033 (9.55715, 23.0239); 4081 (9.68968, 23.1546); 5899 (10.1424, 23.6278); ]
    3119 (8.80898, 19.1896) -> [ ]
    3120 (7.13872, 18.1859) -> [ 146 (8.42551, 18.852); 4057 (7.90347, 18.5654); 5049 (8.57789, 18.9415); 9704 (8.8207, 19.0536); ]
    3121 (1.47971, 12.438) -> [ ]
    3122 (2.88964, 17.8837) -> [ 7484 (3.82008, 19.4358); 9120 (3.6901, 19.2665); ]
    3123 (10.4325, 23.0126) -> [ ]
    3124 (14.4905, 6.73419) -> [ ]
    3125 (6.85704, 1.68403) -> [ 8364 (7.13233, 1.19048); ]
    3126 (7.21281, 2.24396) -> [ 3019 (8.00369, 0.716534); 9858 (8.00937, 0.757251); ]
    3127 (1.67215, 4.95615) -> [ 8644 (1.83233, 3.61702); ]
    3128 (14.7055, 19.5107) -> [ ]
    3131 (23.026, 5.76135) -> [ ]
    3132 (20.5781, 13.1557) -> [ ]
    3133 (15.7152, 5.8134) -> [ 3254 (16.3553, 5.48669); ]
    3134 (18.2051, 10.72) -> [ ]
    3135 (17.617, 18.6488) -> [ ]
    3136 (16.7679, 16.4263) -> [ ]
    3137 (7.38878, 23.5159) -> [ ]
    3139 (1.27759, 17.9857) -> [ ]
    3140 (10.1303, 5.27732) -> [ ]
    3141 (18.2702, 17.4033) -> [ 9692 (19.1092, 18.6323); ]
    3142 (21.8038, 3.11096) -> [ 9180 (23.4616, 2.30262); ]
    3144 (14.9008, 0.956372) -> [ ]
    3145 (23.0194, 0.552678) -> [ ]
    3146 (13.4546, 17.544) -> [ ]
    3147 (21.5102, 1.34287) -> [ ]
    3148 (21.6219, 20.7214) -> [ ]
    3149 (1.03814, 17.2604) -> [ 7948 (1.12901, 19.233); ]
    3150 (10.7155, 21.6683) -> [ ]
    3151 (2.14245, 21.4494) -> [ ]
    3152 (1.3362, 4.39737) -> [ ]
    3153 (1.48183, 9.37024) -> [ ]
    3156 (23.1149, 5.22427) -> [ 4523 (24.8825, 4.63902); ]
    3159 (6.5394, 18.2967) -> [ ]
    3161 (24.2455, 13.4353) -> [ ]
    3163 (15.3702, 11.1925) -> [ ]
    3165 (23.2914, 2.4802) -> [ ]
    3166 (5.75259, 2.92324) -> [ ]
    3167 (4.16844, 23.0768) -> [ ]
    3169 (12.8187, 5.39281) -> [ ]
    3170 (3.51634, 10.6395) -> [ ]
    3171 (21.0204, 18.3039) -> [ 480 (22.1127, 19.4796); 3719 (22.0558, 19.4049); 3732 (22.3234, 19.6702); ]
    3172 (17.0745, 23.4737) -> [ ]
    3174 (13.7506, 7.56486) -> [ ]
    3176 (6.16767, 9.99942) -> [ ]
    3177 (22.5848, 13.835) -> [ ]
    3179 (19.5445, 3.21111) -> [ 3239 (20.7289, 2.52342); 6347 (20.9234, 2.44821); ]
    3180 (18.872, 22.8095) -> [ ]
    3181 (9.77043, 19.9324) -> [ 209 (10.0299, 20.0983); 9033 (10.5413, 20.365); ]
    3182 (20.4339, 7.05283) -> [ ]
    3185 (7.75703, 8.70647) -> [ ]
    3186 (19.4772, 1.7871) -> [ ]
    3187 (22.1695, 11.21) -> [ ]
    3189 (9.25413, 1.73037) -> [ ]
    3190 (2.56725, 6.31639) -> [ ]
    3191 (10.6563, 21.9983) -> [ 1634 (11.718, 22.6807); 4415 (11.0499, 22.2767); 7147 (11.1372, 22.3173); ]
    3193 (17.2666, 1.2565) -> [ ]
    3194 (21.5575, 21.3555) -> [ ]
    3195 (15.6086, 8.85667) -> [ 657 (16.3131, 8.78693); 7748 (16.8036, 8.68647); ]
    3196 (24.1247, 1.7644) -> [ ]
    3197 (20.6653, 19.4346) -> [ ]
    3198 (23.9961, 13.8936) -> [ 9608 (24.8931, 14.7046); ]
    3201 (5.44541, 18.0016) -> [ 4249 (6.71028, 18.7744); ]
    3202 (15.2847, 1.13341) -> [ 6005 (16.2113, 0.325308); ]
    3204 (3.00009, 0.530365) -> [ ]
    3205 (20.2977, 23.9316) -> [ ]
    3206 (3.92853, 9.06407) -> [ ]
    3207 (18.4869, 1.8693) -> [ 2965 (19.9616, 0.803629); ]
    3208 (15.5134, 13.1712) -> [ ]
    3209 (24.5968, 15.4869) -> [ ]
    3210 (22.092, 6.5559) -> [ 9696 (22.1579, 6.53158); ]
    3211 (9.49693, 2.82199) -> [ ]
    3212 (5.1499, 13.7007) -> [ ]
    3213 (12.4828, 17.487) -> [ 2895 (12.839, 17.6102); 8120 (13.8315, 18.1561); ]
    3214 (0.512308, 7.12188) -> [ 4583 (0.50495, 5.45663); ]
    3215 (12.95, 18.6292) -> [ ]
    3216 (18.8334, 0.172963) -> [ ]
    3217 (12.2857, 22.7501) -> [ 7999 (13.9047, 23.7517); ]
    3218 (20.5017, 6.05572) -> [ 3595 (21.4287, 5.76896); ]
    3219 (13.8761, 6.51434) -> [ ]
    3220 (17.4829, 4.07426) -> [ ]
    3222 (12.5842, 17.074) -> [ 123 (13.8097, 17.3279); 565 (13.6543, 17.3383); 3600 (13.6157, 17.2713); ]
    3223 (5.16632, 19.2058) -> [ ]
    3224 (3.63782, 9.02123) -> [ ]
    3225 (7.1857, 22.9334) -> [ 9267 (7.58708, 23.5225); ]
    3226 (5.75736, 12.9506) -> [ 1000 (7.07078, 12.9507); 2203 (6.84506, 13.2978); 2405 (6.78764, 13.2962); 4827 (6.89619, 13.4995); 5861 (7.10139, 13.5875); 8454 (6.95585, 13.0691); ]
    3227 (24.1743, 15.9461) -> [ 6644 (24.7221, 16.4305); ]
    3229 (15.7758, 15.512) -> [ 5251 (16.3781, 17.1282); ]
    3230 (7.40923, 22.9062) -> [ ]
    3231 (13.5328, 20.395) -> [ ]
    3232 (7.64434, 7.63778) -> [ ]
    3233 (1.67357, 7.89391) -> [ 7196 (1.87752, 6.16081); 9169 (1.87391, 6.71498); 9301 (1.83359, 6.71905); ]
    3234 (4.78371, 15.4143) -> [ ]
    3235 (20.4404, 7.49604) -> [ ]
    3236 (9.05596, 18.673) -> [ ]
    3237 (23.4306, 22.5257) -> [ ]
    3238 (21.8604, 7.35545) -> [ ]
    3239 (20.7289, 2.52342) -> [ 2307 (22.1705, 1.69387); 8468 (22.0272, 1.78694); ]
    3240 (1.20534, 19.1982) -> [ 4107 (1.24724, 19.7421); ]
    3241 (14.6063, 19.219) -> [ ]
    3242 (11.4714, 8.70217) -> [ 5534 (12.4368, 8.24191); ]
    3244 (21.4964, 9.65888) -> [ 2483 (22.4361, 9.66261); 8489 (23.2916, 9.67687); 8882 (22.1933, 9.63958); 9565 (23.0294, 9.69017); ]
    3245 (8.03633, 2.54132) -> [ 8350 (8.48585, 1.62486); ]
    3246 (21.0449, 11.0214) -> [ ]
    3247 (5.22282, 16.3879) -> [ ]
    3248 (15.1388, 14.9399) -> [ ]
    3249 (11.2506, 22.4377) -> [ 6793 (12.6945, 23.4804); ]
    3250 (2.77031, 19.5911) -> [ 7565 (3.45439, 21.3411); ]
    3251 (0.652117, 12.9377) -> [ 6801 (0.53808, 12.6836); ]
    3252 (18.3628, 19.7608) -> [ 7634 (18.7981, 20.6734); ]
    3254 (16.3553, 5.48669) -> [ 6886 (17.9225, 4.72535); ]
    3255 (18.9317, 12.2876) -> [ 4087 (20.4096, 12.8472); 4128 (20.7603, 13.0066); 9254 (20.3221, 12.8321); ]
    3258 (22.4718, 21.2175) -> [ 3420 (23.0744, 21.9335); 5476 (23.0781, 21.9438); 5589 (23.0686, 21.9247); ]
    3259 (20.4721, 2.89611) -> [ ]
    3260 (20.3425, 11.5072) -> [ ]
    3261 (19.0402, 8.94116) -> [ ]
    3262 (20.3139, 14.047) -> [ ]
    3263 (0.917362, 19.6697) -> [ 2567 (0.890865, 21.2729); 3438 (0.88513, 21.3822); ]
    3264 (6.62563, 15.8315) -> [ 8025 (7.33212, 15.9333); ]
    3265 (23.2336, 20.6067) -> [ 8557 (24.1739, 21.5753); ]
    3266 (4.71018, 21.8975) -> [ ]
    3268 (1.82673, 8.13077) -> [ ]
    3269 (5.51192, 6.3434) -> [ 823 (6.20697, 5.22186); 836 (6.42052, 4.91775); ]
    3270 (3.48782, 18.0007) -> [ ]
    3272 (23.3938, 0.616388) -> [ ]
    3273 (0.678325, 18.1013) -> [ ]
    3274 (0.727336, 12.2101) -> [ ]
    3275 (19.5665, 22.4117) -> [ 299 (20.3057, 24.2608); ]
    3276 (15.8193, 21.136) -> [ ]
    3277 (0.907164, 19.2504) -> [ ]
    3278 (2.96297, 10.2017) -> [ 6936 (3.65725, 8.86012); ]
    3279 (5.34172, 15.4237) -> [ 4467 (7.01276, 15.5856); 7456 (7.20601, 15.5404); 8471 (6.51536, 15.528); ]
    3281 (14.0685, 5.00992) -> [ 552 (15.0594, 4.31116); ]
    3282 (17.86, 20.7411) -> [ 7055 (18.4567, 22.1888); ]
    3283 (3.60751, 19.6754) -> [ 585 (4.01998, 20.3642); 3953 (3.82209, 19.9804); 8282 (4.47494, 21.2478); 8673 (4.37672, 21.1046); 8790 (4.40716, 21.1164); ]
    3284 (15.1922, 9.07135) -> [ 3698 (16.546, 8.91023); ]
    3285 (6.37542, 5.77813) -> [ ]
    3286 (8.41424, 6.16719) -> [ 1668 (9.09908, 5.45438); 2573 (9.04508, 5.54683); 4294 (9.52208, 5.03026); 4481 (8.99195, 5.56736); 4789 (9.42218, 5.1558); ]
    3287 (3.04019, 11.5136) -> [ ]
    3288 (8.01913, 17.9725) -> [ ]
    3289 (2.32869, 3.92708) -> [ ]
    3290 (10.4492, 2.39932) -> [ ]
    3291 (17.9891, 6.8427) -> [ 3503 (19.1103, 6.47033); ]
    3295 (11.1218, 23.4236) -> [ 5631 (12.4046, 24.5141); 7076 (12.5846, 24.6208); 9988 (12.3508, 24.4799); ]
    3296 (15.1875, 21.4062) -> [ ]
    3297 (9.09912, 18.1289) -> [ 586 (10.7559, 18.8482); 7485 (10.9151, 18.9652); 9163 (10.0062, 18.4899); ]
    3298 (16.0245, 5.92317) -> [ 3053 (17.3316, 5.36897); ]
    3299 (2.6679, 24.4112) -> [ ]
    3301 (23.3828, 3.605) -> [ 2684 (23.74, 3.45848); 3467 (24.7197, 3.1224); 3963 (24.5819, 3.07764); 6245 (24.8908, 3.05873); 7082 (24.8375, 2.92669); 8899 (23.7647, 3.43363); ]
    3302 (2.25898, 21.1601) -> [ ]
    3305 (9.76099, 19.3555) -> [ ]
    3306 (16.2594, 20.4275) -> [ ]
    3309 (7.91685, 7.3529) -> [ 9333 (8.24288, 7.05019); ]
    3311 (1.64464, 17.5158) -> [ ]
    3313 (0.534166, 21.2952) -> [ ]
    3314 (10.316, 8.46091) -> [ 2783 (11.4542, 7.81009); 3101 (11.1748, 8.03491); 3524 (11.6882, 7.85342); 3922 (11.7692, 7.78094); 4739 (11.2165, 8.09409); 7639 (11.2756, 7.92766); 7651 (11.4313, 7.84362); ]
    3315 (7.52225, 6.70317) -> [ ]
    3316 (16.9663, 3.3623) -> [ 1057 (18.1401, 2.50963); ]
    3318 (9.21439, 23.2389) -> [ 1072 (10.3832, 24.4261); 3451 (10.6089, 24.6319); ]
    3319 (15.1463, 9.39264) -> [ ]
    3320 (2.684, 14.1719) -> [ 6305 (3.39996, 13.8742); 7217 (3.52034, 13.8058); 9525 (3.7867, 13.6165); 9868 (3.67746, 13.7144); ]
    3322 (19.8591, 14.0059) -> [ ]
    3323 (10.3257, 2.51462) -> [ ]
    3324 (19.1342, 8.05595) -> [ ]
    3325 (19.3788, 5.27711) -> [ 9047 (20.2821, 4.85953); 9391 (20.9318, 4.62716); ]
    3326 (5.85351, 22.1403) -> [ ]
    3328 (7.58972, 22.4686) -> [ ]
    3329 (19.6393, 7.41701) -> [ ]
    3330 (12.1605, 20.7935) -> [ ]
    3332 (11.3718, 21.5222) -> [ ]
    3333 (19.343, 7.99508) -> [ 1996 (20.9002, 7.75045); ]
    3334 (6.30703, 24.0231) -> [ ]
    3335 (21.6706, 11.4425) -> [ 430 (22.8888, 11.6892); 2210 (22.2592, 11.5691); 3884 (21.8476, 11.4747); 4281 (23.4607, 11.8117); 5759 (22.4077, 11.6048); ]
    3336 (24.3493, 2.12629) -> [ ]
    3337 (8.3342, 19.984) -> [ ]
    3338 (7.26493, 15.0976) -> [ 9477 (8.70852, 16.4773); ]
    3339 (0.392713, 21.2123) -> [ ]
    3340 (20.2892, 10.3994) -> [ 4331 (22.2044, 10.7079); ]
    3342 (23.2754, 7.81659) -> [ 8988 (24.7837, 7.66289); ]
    3343 (3.03731, 12.678) -> [ 564 (4.26885, 12.4842); 824 (4.14405, 12.5238); 1413 (4.81387, 12.3094); 3968 (4.89723, 12.2104); 7130 (4.97494, 12.4151); 8991 (3.90597, 12.4922); 9714 (4.14403, 12.4241); ]
    3344 (15.9497, 22.0237) -> [ ]
    3345 (18.1363, 8.54625) -> [ 3858 (19.269, 8.38422); 5913 (18.599, 8.49924); 7615 (19.0195, 8.38428); ]
    3346 (21.0935, 2.07371) -> [ 9099 (22.5475, 1.28949); 9496 (21.8767, 1.61296); ]
    3347 (10.3945, 8.58505) -> [ ]
    3348 (14.1314, 6.72746) -> [ 9212 (15.5461, 5.96859); ]
    3349 (24.5921, 1.44023) -> [ ]
    3350 (24.3505, 15.5126) -> [ ]
    3353 (15.0715, 12.8816) -> [ 1039 (15.6245, 13.7961); 1914 (15.8084, 14.2896); 5685 (15.8086, 14.3269); 6167 (15.8878, 14.6055); 7010 (15.927, 14.573); 7022 (16.0156, 14.5026); ]
    3354 (10.9578, 21.0019) -> [ 5708 (11.5005, 21.2998); 6727 (11.3871, 21.245); 8513 (12.0856, 21.6428); 9626 (11.3901, 21.2482); ]
    3355 (19.9025, 23.0909) -> [ 3205 (20.2977, 23.9316); ]
    3356 (0.160125, 3.84924) -> [ ]
    3358 (22.1739, 9.22869) -> [ ]
    3359 (10.3564, 5.65454) -> [ ]
    3360 (15.6358, 24.1544) -> [ 6566 (16.8762, 24.8729); 6649 (16.7622, 24.802); ]
    3361 (14.3681, 21.2369) -> [ ]
    3362 (23.7665, 3.31927) -> [ ]
    3363 (11.1784, 3.11873) -> [ 6479 (11.8681, 2.40037); ]
    3364 (19.6107, 17.1073) -> [ 9088 (20.6698, 18.4091); ]
    3368 (8.43983, 18.4241) -> [ ]
    3370 (21.9601, 24.6258) -> [ ]
    3371 (15.3769, 19.4995) -> [ ]
    3372 (17.5708, 6.98184) -> [ 7523 (19.2299, 6.40529); ]
    3373 (10.9588, 22.293) -> [ 6224 (11.56, 22.7085); ]
    3374 (19.0902, 16.5936) -> [ ]
    3376 (22.079, 3.61104) -> [ ]
    3377 (2.5574, 18.3144) -> [ 6785 (2.69701, 18.683); ]
    3378 (15.6445, 21.9279) -> [ 9889 (16.8902, 22.9799); ]
    3379 (1.85742, 10.8737) -> [ ]
    3380 (13.6064, 3.21574) -> [ ]
    3381 (21.2873, 19.8022) -> [ ]
    3382 (7.31227, 6.55305) -> [ ]
    3383 (16.5793, 13.5012) -> [ 6995 (17.7663, 14.7927); ]
    3385 (13.5455, 8.92242) -> [ 1949 (15.24, 8.56124); 9010 (14.5128, 8.68862); ]
    3387 (4.08792, 1.75401) -> [ 551 (4.36796, 0.628924); ]
    3388 (0.937452, 9.99314) -> [ ]
    3390 (16.1084, 6.95364) -> [ 1573 (17.5189, 6.30341); 4803 (17.3865, 6.44477); ]
    3391 (17.6904, 2.51951) -> [ ]
    3393 (15.2486, 15.3877) -> [ ]
    3394 (14.2235, 3.84307) -> [ ]
    3395 (19.9486, 3.36993) -> [ ]
    3396 (6.94872, 7.32292) -> [ 2122 (8.00462, 6.16558); 3315 (7.52225, 6.70317); 9460 (8.18418, 5.92155); ]
    3397 (6.95396, 17.2559) -> [ ]
    3398 (2.50283, 7.95623) -> [ 4214 (2.87133, 6.36445); ]
    3400 (4.56864, 19.2593) -> [ 4541 (5.81248, 20.7521); 7636 (5.79561, 20.7291); ]
    3401 (6.01463, 6.84223) -> [ 6461 (6.37032, 6.27976); ]
    3402 (7.2924, 22.8334) -> [ ]
    3403 (17.721, 3.82034) -> [ ]
    3404 (10.9167, 4.95113) -> [ ]
    3405 (13.5739, 5.61667) -> [ 1857 (15.1082, 4.68285); ]
    3406 (23.3991, 23.6555) -> [ 9102 (23.907, 24.4209); ]
    3407 (17.4331, 22.3542) -> [ ]
    3408 (18.3995, 1.01213) -> [ ]
    3410 (15.3767, 2.91835) -> [ 3910 (16.9369, 1.7394); 6026 (16.9075, 1.72061); ]
    3411 (15.8002, 0.586136) -> [ ]
    3413 (21.3627, 15.1422) -> [ ]
    3414 (6.10893, 4.11683) -> [ ]
    3415 (6.44324, 2.93196) -> [ ]
    3416 (5.12216, 19.1002) -> [ ]
    3417 (6.52156, 17.5283) -> [ 2301 (8.00113, 18.0732); 6591 (7.6275, 17.9736); 9646 (8.14104, 18.2728); ]
    3418 (6.72171, 14.1204) -> [ ]
    3420 (23.0744, 21.9335) -> [ ]
    3422 (21.132, 4.33845) -> [ ]
    3423 (15.7398, 8.65334) -> [ ]
    3425 (8.69673, 18.0691) -> [ ]
    3427 (13.8537, 5.71075) -> [ ]
    3428 (5.02663, 9.25833) -> [ 6248 (5.73375, 8.49453); ]
    3429 (17.2713, 10.7567) -> [ ]
    3431 (23.6685, 5.28009) -> [ ]
    3432 (5.64582, 6.81038) -> [ ]
    3434 (12.078, 9.21826) -> [ 1639 (13.7958, 8.88023); 3385 (13.5455, 8.92242); 6754 (13.4177, 9.01325); ]
    3436 (0.325238, 22.3203) -> [ 307 (0.253144, 23.0354); 2534 (0.230772, 23.1731); 3409 (0.220715, 23.9616); ]
    3437 (1.67807, 3.6749) -> [ 6537 (1.77819, 1.90716); 9736 (1.84124, 1.77665); ]
    3439 (5.15281, 13.4472) -> [ ]
    3440 (10.4248, 19.0192) -> [ ]
    3442 (8.62885, 17.758) -> [ 2235 (10.1916, 18.2664); 7139 (10.4308, 18.4599); 9304 (9.74011, 18.244); 9921 (10.427, 18.4614); ]
    3443 (6.1305, 7.84609) -> [ 3710 (7.19174, 6.55863); 6787 (6.41999, 7.53544); 9426 (7.31966, 6.39488); ]
    3444 (16.8962, 15.1385) -> [ ]
    3445 (4.85132, 5.93115) -> [ ]
    3446 (3.95166, 5.10456) -> [ ]
    3447 (23.1061, 2.87985) -> [ 9568 (24.4744, 2.24309); ]
    3450 (7.97311, 22.0923) -> [ 6952 (9.01194, 23.3156); ]
    3451 (10.6089, 24.6319) -> [ ]
    3452 (14.7399, 7.49695) -> [ 1361 (16.564, 6.79917); ]
    3453 (21.1066, 7.52517) -> [ 1317 (22.9783, 7.18925); ]
    3454 (20.1545, 15.7451) -> [ ]
    3457 (13.1595, 24.5087) -> [ 1192 (13.6481, 24.9205); ]
    3458 (17.6165, 17.7769) -> [ 734 (18.3921, 19.4139); 2215 (18.4296, 19.404); 4551 (18.5976, 19.3936); 5876 (18.3999, 19.161); ]
    3459 (13.0683, 19.21) -> [ ]
    3461 (10.1718, 7.74389) -> [ 9776 (10.7579, 7.40473); ]
    3462 (17.4085, 23.51) -> [ ]
    3464 (18.4407, 4.60303) -> [ 4326 (20.1067, 3.73983); 6011 (19.8538, 3.85338); 7443 (20.1473, 3.83659); ]
    3465 (17.6525, 20.6734) -> [ ]
    3466 (13.8557, 21.022) -> [ ]
    3469 (5.6793, 10.7514) -> [ 6965 (7.33825, 9.88447); ]
    3470 (4.74256, 9.54427) -> [ ]
    3472 (22.4307, 5.51359) -> [ ]
    3473 (18.6211, 20.2232) -> [ ]
    3474 (5.94049, 14.9956) -> [ 4180 (6.62189, 14.9977); ]
    3475 (21.5718, 17.1916) -> [ ]
    3478 (4.08446, 5.02587) -> [ 1502 (4.48046, 3.74583); ]
    3479 (2.25719, 20.5788) -> [ 1894 (2.68765, 22.1391); 2503 (2.39016, 21.1201); 5210 (2.61478, 22.389); 6190 (2.49686, 21.757); ]
    3480 (18.6315, 23.3894) -> [ ]
    3481 (15.4721, 6.98748) -> [ ]
    3482 (2.37534, 22.2979) -> [ ]
    3483 (18.148, 18.0226) -> [ 4125 (18.6364, 18.8712); ]
    3485 (6.86762, 16.5293) -> [ ]
    3486 (20.7252, 7.94556) -> [ 2589 (22.0251, 7.7837); 6553 (22.0019, 7.7119); 6956 (22.0585, 7.79122); 9347 (21.6811, 7.78793); ]
    3487 (14.4748, 3.12589) -> [ 1478 (15.879, 2.11643); 1678 (15.8562, 2.07147); 1761 (15.1631, 2.56579); 2061 (15.3487, 2.43928); 6454 (15.9403, 2.05963); ]
    3488 (4.13467, 16.9634) -> [ 7311 (5.25523, 17.5611); ]
    3489 (4.5477, 11.9639) -> [ ]
    3490 (10.4494, 1.63336) -> [ ]
    3491 (17.1773, 12.7713) -> [ ]
    3492 (5.70567, 23.4272) -> [ 1465 (6.19223, 24.2846); 5300 (6.39205, 24.6813); 8132 (6.3696, 24.6037); ]
    3493 (19.2924, 2.27767) -> [ ]
    3495 (1.41835, 11.2948) -> [ ]
    3496 (23.2701, 11.2793) -> [ ]
    3497 (17.4192, 1.70576) -> [ 2787 (18.9971, 0.518589); 5654 (18.5434, 0.924625); 6186 (18.185, 1.19749); 6493 (18.8372, 0.631623); 7629 (18.3577, 1.01494); 9273 (18.3438, 0.96659); ]
    3499 (12.1054, 6.847) -> [ ]
    3500 (11.0466, 5.67656) -> [ 7168 (12.4191, 4.54177); ]
    3502 (9.02742, 21.1731) -> [ ]
    3503 (19.1103, 6.47033) -> [ 3218 (20.5017, 6.05572); 5263 (20.8738, 5.90054); ]
    3504 (12.6017, 9.56664) -> [ ]
    3505 (17.0235, 1.85596) -> [ 1594 (18.54, 0.66505); ]
    3507 (11.8848, 20.5556) -> [ 3810 (13.4274, 21.378); 9686 (12.4699, 20.8596); ]
    3508 (6.99347, 14.6625) -> [ ]
    3509 (3.77492, 11.6557) -> [ ]
    3511 (22.147, 2.05973) -> [ ]
    3512 (19.531, 4.09635) -> [ ]
    3513 (22.3344, 9.89645) -> [ 8198 (23.9248, 9.97423); ]
    3514 (20.8089, 19.7599) -> [ 9847 (21.7566, 20.9572); ]
    3515 (14.7038, 22.7044) -> [ ]
    3516 (15.1324, 7.07241) -> [ ]
    3517 (1.54928, 18.4532) -> [ ]
    3518 (14.6323, 20.6008) -> [ 8930 (15.907, 21.6671); ]
    3521 (15.1309, 9.21487) -> [ 9772 (17.0184, 9.17306); ]
    3522 (18.5727, 0.963045) -> [ ]
    3523 (7.36887, 4.35204) -> [ ]
    3524 (11.6882, 7.85342) -> [ ]
    3525 (2.78727, 10.5354) -> [ ]
    3526 (7.33847, 15.0393) -> [ ]
    3527 (21.1397, 2.22725) -> [ 6828 (22.6347, 1.28986); ]
    3528 (2.41012, 14.5107) -> [ 360 (3.86137, 14.2136); 2219 (3.7084, 14.0174); 2762 (3.67958, 14.0579); ]
    3529 (19.8515, 12.3228) -> [ ]
    3530 (20.3743, 5.05025) -> [ ]
    3531 (0.444874, 20.8848) -> [ 509 (0.353162, 22.2385); 3436 (0.325238, 22.3203); 7002 (0.30868, 22.5071); 7247 (0.249646, 22.8268); 7530 (0.226633, 22.7854); 7698 (0.473848, 22.1159); 9618 (0.324687, 22.7793); ]
    3532 (17.5925, 18.5642) -> [ 2979 (17.9371, 19.3801); ]
    3533 (18.1521, 17.8372) -> [ ]
    3534 (16.6142, 20.3941) -> [ ]
    3535 (4.35007, 4.77848) -> [ ]
    3536 (1.87757, 16.2015) -> [ 625 (2.56723, 16.9401); 1006 (2.77052, 17.5861); 1964 (2.37903, 16.73); 2247 (3.13932, 17.649); 6060 (2.13132, 16.6549); 7860 (2.51635, 17.1106); ]
    3537 (18.0165, 10.5592) -> [ ]
    3538 (13.5922, 22.2012) -> [ ]
    3539 (16.2839, 22.3079) -> [ ]
    3540 (16.0253, 18.8613) -> [ ]
    3542 (19.2808, 21.0558) -> [ 37 (20.1184, 22.8149); 2959 (20.2194, 22.6645); 5603 (20.0073, 22.3557); 6792 (19.7364, 22.0152); 7043 (20.111, 22.5519); 8348 (20.0477, 22.4415); 9553 (19.9064, 22.317); 9722 (19.8695, 22.3066); ]
    3545 (16.4166, 6.30952) -> [ 3728 (16.9146, 6.0644); 8076 (17.9245, 5.5883); 8934 (17.8904, 5.61018); 9771 (17.2623, 5.90655); ]
    3546 (3.13823, 7.48206) -> [ ]
    3547 (7.22918, 22.9937) -> [ ]
    3548 (5.65981, 18.9916) -> [ 4764 (6.85703, 20.047); ]
    3549 (4.38089, 17.0401) -> [ 1725 (5.76332, 17.7627); 5711 (5.4837, 17.6635); ]
    3551 (16.9427, 18.8555) -> [ 3465 (17.6525, 20.6734); ]
    3552 (17.1881, 7.07267) -> [ ]
    3553 (13.0658, 9.27095) -> [ 1821 (13.9513, 9.20444); 7997 (14.5783, 9.27052); ]
    3554 (17.3755, 15.2204) -> [ 8612 (18.4451, 16.4486); ]
    3555 (2.68296, 10.3769) -> [ ]
    3556 (13.0032, 8.88094) -> [ ]
    3557 (19.6903, 11.3268) -> [ ]
    3558 (20.91, 5.791) -> [ ]
    3559 (23.1049, 12.3568) -> [ ]
    3560 (1.85763, 17.4244) -> [ 292 (2.40327, 18.8781); 8515 (2.13847, 18.208); ]
    3561 (21.6063, 12.8239) -> [ ]
    3563 (21.4083, 22.8355) -> [ 3630 (21.9287, 23.7048); ]
    3564 (14.582, 15.4608) -> [ ]
    3565 (17.1632, 18.5816) -> [ ]
    3567 (22.2968, 3.19012) -> [ 7182 (23.5617, 2.57518); ]
    3569 (17.4457, 15.6427) -> [ 1897 (18.3889, 16.9273); 6127 (18.2872, 16.69); ]
    3570 (17.532, 16.1381) -> [ 1093 (18.434, 17.4464); 2969 (18.4654, 17.489); 4846 (18.3225, 17.3093); 9280 (18.1367, 17.0258); ]
    3571 (15.473, 10.2053) -> [ 2801 (17.1428, 10.422); 3429 (17.2713, 10.7567); 9851 (17.1512, 10.588); ]
    3573 (8.54421, 20.0758) -> [ ]
    3574 (10.6416, 2.91256) -> [ ]
    3575 (9.26077, 6.33273) -> [ 6788 (10.5567, 5.23449); ]
    3576 (19.5184, 17.383) -> [ ]
    3577 (18.9909, 3.08531) -> [ 1125 (20.5224, 2.20083); ]
    3578 (3.19967, 8.59722) -> [ ]
    3580 (6.03136, 5.20619) -> [ ]
    3581 (24.1983, 18.0835) -> [ ]
    3582 (12.934, 2.15654) -> [ ]
    3584 (9.89211, 7.08686) -> [ 3093 (11.0176, 6.24267); 6244 (11.3178, 6.07241); 8458 (10.7055, 6.51764); ]
    3586 (1.18742, 17.2656) -> [ ]
    3587 (15.6699, 8.93539) -> [ ]
    3588 (17.4165, 9.97792) -> [ ]
    3590 (14.5568, 12.2407) -> [ 3752 (15.422, 13.9891); 8712 (15.2086, 13.9415); 9170 (14.913, 14.0036); ]
    3592 (13.3159, 10.0052) -> [ ]
    3593 (0.472807, 14.0739) -> [ 1954 (0.0164977, 13.2415); ]
    3594 (10.9749, 1.98193) -> [ ]
    3595 (21.4287, 5.76896) -> [ 3156 (23.1149, 5.22427); ]
    3597 (13.5749, 22.5189) -> [ ]
    3598 (13.137, 16.787) -> [ ]
    3600 (13.6157, 17.2713) -> [ ]
    3601 (1.90826, 5.70407) -> [ ]
    3603 (2.49965, 6.93966) -> [ ]
    3604 (1.12124, 21.8253) -> [ ]
    3605 (19.8088, 12.8226) -> [ ]
    3606 (9.39103, 22.7591) -> [ 7920 (9.83062, 23.1464); ]
    3607 (11.2172, 8.70999) -> [ 8322 (12.4347, 8.19066); ]
    3608 (23.843, 1.68336) -> [ ]
    3609 (0.32263, 8.00115) -> [ ]
    3612 (16.899, 12.2126) -> [ ]
    3613 (22.2511, 2.68484) -> [ 1472 (23.3018, 2.21508); 6684 (23.3682, 2.10365); ]
    3615 (20.4579, 13.7871) -> [ 7893 (21.4073, 14.2815); ]
    3616 (15.5988, 14.7087) -> [ ]
    3617 (6.42948, 10.9792) -> [ 157 (7.76617, 10.4215); 193 (7.83098, 10.3681); 991 (7.95942, 10.386); 8800 (8.26933, 10.2007); 9472 (8.10019, 10.3261); ]
    3618 (8.67711, 21.8389) -> [ ]
    3619 (12.9004, 4.9113) -> [ 1652 (14.2016, 3.85941); 1721 (13.507, 4.4497); 3394 (14.2235, 3.84307); 6942 (14.2674, 3.92431); 8729 (14.4476, 3.70013); ]
    3620 (5.70603, 14.2966) -> [ ]
    3621 (0.356648, 4.98852) -> [ ]
    3622 (20.0933, 9.83421) -> [ ]
    3624 (3.50043, 9.70285) -> [ ]
    3625 (8.07448, 20.0881) -> [ 950 (8.92399, 20.6563); ]
    3626 (8.15412, 17.7105) -> [ 9834 (9.91183, 18.3268); ]
    3627 (20.2181, 0.112151) -> [ ]
    3629 (12.5776, 3.27146) -> [ 6455 (13.9092, 2.08447); 8556 (14.0868, 1.97829); ]
    3630 (21.9287, 23.7048) -> [ ]
    3631 (13.4253, 6.93364) -> [ ]
    3633 (0.670794, 17.433) -> [ 6969 (0.59682, 18.1105); 9422 (0.510206, 19.0475); 9730 (0.599023, 17.8974); ]
    3636 (1.87627, 11.3679) -> [ ]
    3637 (0.863265, 2.84797) -> [ ]
    3638 (0.803542, 2.26208) -> [ ]
    3639 (22.6818, 13.3562) -> [ ]
    3640 (2.13226, 22.7368) -> [ ]
    3641 (12.4397, 2.48276) -> [ 2184 (13.7775, 1.26494); 7743 (13.8238, 1.13043); 9311 (13.6835, 1.22774); ]
    3643 (14.1141, 10.5946) -> [ 2168 (15.2165, 11.173); 5286 (15.3704, 11.1724); 9215 (15.8738, 11.4044); ]
    3644 (17.7966, 21.3043) -> [ ]
    3645 (17.5475, 11.7647) -> [ 3255 (18.9317, 12.2876); 4888 (17.9243, 11.9126); ]
    3646 (15.5377, 2.86459) -> [ 1775 (16.7077, 2.01568); 3505 (17.0235, 1.85596); 8196 (16.2721, 2.29412); 8693 (16.3756, 2.21671); ]
    3648 (9.08259, 6.10087) -> [ 1066 (10.5171, 4.91126); ]
    3649 (16.3747, 3.52667) -> [ 9687 (17.9912, 2.42607); ]
    3650 (16.0627, 3.14883) -> [ ]
    3651 (6.7793, 3.78967) -> [ 8825 (7.39116, 2.92699); ]
    3652 (19.511, 22.549) -> [ ]
    3653 (9.64868, 6.09297) -> [ ]
    3654 (9.94615, 19.7172) -> [ 8093 (10.7414, 20.1589); ]
    3655 (18.2708, 6.07086) -> [ 5920 (19.3721, 5.60401); 8538 (19.4642, 5.61092); 8759 (19.5173, 5.56659); ]
    3656 (18.3033, 6.68852) -> [ ]
    3657 (0.168935, 5.242) -> [ ]
    3658 (1.84092, 9.05374) -> [ ]
    3659 (23.3679, 18.4085) -> [ ]
    3660 (23.5585, 2.06989) -> [ ]
    3662 (4.26955, 7.28989) -> [ 2443 (4.87142, 6.04949); 3445 (4.85132, 5.93115); 3721 (5.02327, 5.92298); 5176 (4.8229, 6.01861); 7880 (4.668, 6.48232); 8966 (4.68122, 6.4801); ]
    3663 (6.47743, 8.14237) -> [ 6063 (7.22773, 7.37126); 7332 (7.1983, 7.44841); 8208 (7.83966, 6.86139); 9234 (7.58427, 7.08885); ]
    3665 (16.205, 10.763) -> [ 2429 (17.5207, 11.0462); 3050 (17.5069, 11.0356); 4519 (18.1145, 11.1574); ]
    3666 (1.066, 22.2676) -> [ ]
    3667 (1.01786, 16.6171) -> [ 1316 (0.975308, 17.7481); 3149 (1.03814, 17.2604); 7535 (1.02207, 17.6382); ]
    3668 (14.3972, 15.7993) -> [ 9635 (14.2586, 16.8531); ]
    3669 (4.85205, 12.8192) -> [ 2686 (6.40294, 13.3458); 6718 (6.43669, 13.3899); ]
    3670 (21.0081, 9.47237) -> [ 9476 (22.1436, 9.4897); ]
    3672 (6.05345, 9.76468) -> [ ]
    3673 (15.7303, 6.65092) -> [ 6934 (17.5152, 5.89128); 8820 (16.6277, 6.23387); ]
    3674 (7.04541, 1.71002) -> [ 5912 (7.44228, 0.892491); ]
    3675 (18.8304, 13.0602) -> [ ]
    3677 (24.6079, 15.0273) -> [ ]
    3678 (2.83357, 11.4444) -> [ ]
    3679 (13.4778, 1.85641) -> [ ]
    3680 (22.5867, 4.36913) -> [ ]
    3681 (12.9654, 2.70195) -> [ ]
    3683 (6.92755, 14.7525) -> [ ]
    3684 (20.187, 3.52397) -> [ ]
    3685 (18.1595, 4.09386) -> [ ]
    3686 (12.1022, 21.6588) -> [ ]
    3688 (9.36669, 1.65602) -> [ ]
    3689 (0.570677, 18.104) -> [ ]
    3690 (2.4199, 23.4949) -> [ ]
    3691 (22.3201, 18.3047) -> [ 4444 (23.1508, 18.9916); 8185 (23.2684, 19.0809); ]
    3692 (22.4437, 13.2805) -> [ ]
    3693 (0.825262, 8.87854) -> [ ]
    3694 (20.3283, 5.59966) -> [ 6184 (21.9625, 5.01881); 7377 (21.6134, 5.08155); 9141 (21.9223, 4.99155); ]
    3695 (0.372455, 2.61341) -> [ ]
    3698 (16.546, 8.91023) -> [ 7857 (17.6098, 8.91092); ]
    3700 (6.58579, 7.04861) -> [ 1187 (6.81205, 6.83247); ]
    3701 (3.8005, 6.87254) -> [ ]
    3704 (21.5982, 20.6958) -> [ ]
    3705 (9.06138, 23.5343) -> [ ]
    3706 (13.196, 9.79314) -> [ ]
    3707 (20.3318, 19.8218) -> [ ]
    3708 (9.82035, 9.49488) -> [ 1367 (11.553, 8.66289); 3242 (11.4714, 8.70217); ]
    3709 (12.8333, 20.4017) -> [ ]
    3710 (7.19174, 6.55863) -> [ 1829 (7.97336, 5.65933); 6143 (7.83568, 5.68112); ]
    3711 (23.8639, 3.2018) -> [ ]
    3712 (12.3597, 20.2544) -> [ ]
    3713 (13.3653, 5.82987) -> [ ]
    3716 (12.0326, 3.46599) -> [ 7623 (12.9923, 2.60148); ]
    3717 (17.5206, 6.697) -> [ ]
    3718 (16.821, 12.0466) -> [ ]
    3719 (22.0558, 19.4049) -> [ 681 (23.3483, 20.8263); ]
    3720 (7.65029, 20.4442) -> [ ]
    3721 (5.02327, 5.92298) -> [ 7134 (5.70351, 4.71223); 7703 (5.86537, 4.36444); 9624 (5.58812, 4.82788); ]
    3722 (13.4776, 2.81586) -> [ ]
    3723 (9.26048, 4.88276) -> [ ]
    3725 (19.381, 13.7306) -> [ ]
    3726 (17.5006, 2.23516) -> [ ]
    3728 (16.9146, 6.0644) -> [ 4288 (18.5911, 5.19643); ]
    3729 (6.04738, 13.5625) -> [ ]
    3730 (2.97989, 19.6984) -> [ ]
    3731 (15.5461, 20.479) -> [ ]
    3732 (22.3234, 19.6702) -> [ 3265 (23.2336, 20.6067); ]
    3733 (16.9158, 6.4217) -> [ 1061 (17.6168, 6.17431); ]
    3734 (19.1946, 11.8259) -> [ ]
    3735 (9.20763, 22.121) -> [ ]
    3736 (18.2249, 9.92089) -> [ 7457 (19.989, 10.073); ]
    3738 (10.9548, 17.0906) -> [ ]
    3739 (21.8404, 8.12605) -> [ ]
    3740 (20.6351, 6.17135) -> [ 8758 (22.3978, 5.67773); ]
    3741 (23.553, 12.0576) -> [ ]
    3742 (11.8169, 7.33232) -> [ ]
    3744 (10.3061, 20.0071) -> [ ]
    3745 (21.2863, 14.6562) -> [ ]
    3746 (7.5981, 10.8068) -> [ 211 (8.33762, 10.5474); ]
    3747 (21.0323, 0.847509) -> [ ]
    3748 (2.52461, 18.1191) -> [ 6531 (3.29905, 19.9534); ]
    3749 (4.52862, 3.19731) -> [ 5331 (5.16053, 1.43786); ]
    3750 (9.76988, 4.54664) -> [ ]
    3751 (12.8191, 4.25516) -> [ ]
    3752 (15.422, 13.9891) -> [ 5164 (16.2569, 15.7386); 7106 (16.1522, 15.6361); ]
    3753 (14.6162, 16.1316) -> [ ]
    3755 (23.776, 15.4376) -> [ ]
    3756 (5.2579, 23.7338) -> [ ]
    3757 (13.4714, 6.96217) -> [ 7348 (15.1401, 6.06736); ]
    3760 (18.1331, 10.2516) -> [ ]
    3761 (7.37844, 2.29737) -> [ ]
    3762 (22.6813, 0.716971) -> [ ]
    3763 (1.09513, 1.21495) -> [ ]
    3764 (4.86692, 13.3511) -> [ ]
    3767 (5.67203, 6.74882) -> [ ]
    3768 (12.9247, 5.32108) -> [ ]
    3769 (22.484, 22.1452) -> [ 7283 (23.6626, 23.7567); ]
    3770 (11.3606, 16.651) -> [ 7680 (12.8581, 16.1057); ]
    3771 (4.36368, 18.8644) -> [ ]
    3772 (23.2113, 23.9718) -> [ ]
    3773 (0.821904, 2.79419) -> [ ]
    3774 (5.45276, 22.1609) -> [ ]
    3775 (6.01763, 23.6925) -> [ ]
    3776 (13.9986, 2.84936) -> [ ]
    3777 (21.9389, 20.2576) -> [ 7763 (23.1166, 21.6003); 8694 (22.5657, 20.9368); ]
    3778 (13.3917, 4.37397) -> [ ]
    3779 (0.54759, 5.66286) -> [ 8769 (0.520195, 4.52823); 9017 (0.49029, 3.86821); ]
    3781 (20.2477, 23.4685) -> [ ]
    3782 (17.1423, 21.5395) -> [ ]
    3784 (19.4027, 1.01392) -> [ ]
    3785 (15.8531, 4.68923) -> [ 217 (17.273, 3.77512); 2980 (16.3052, 4.39926); 4298 (17.2533, 3.80244); 5117 (16.8915, 3.98111); 6371 (17.3547, 3.88312); 6839 (17.3558, 3.6856); ]
    3786 (22.23, 20.1318) -> [ ]
    3787 (21.8156, 24.3905) -> [ ]
    3788 (21.0112, 10.4086) -> [ ]
    3789 (18.3538, 4.06332) -> [ ]
    3790 (9.70839, 2.237) -> [ 4596 (10.3686, 1.34667); 6299 (10.0961, 1.79054); ]
    3791 (15.0233, 23.8576) -> [ ]
    3792 (11.8948, 18.6984) -> [ ]
    3793 (16.5552, 18.2595) -> [ ]
    3794 (20.8514, 15.1534) -> [ 6317 (22.4115, 16.286); ]
    3796 (2.28908, 15.4558) -> [ 5674 (3.53045, 15.8999); ]
    3797 (1.28132, 4.55365) -> [ ]
    3798 (23.1625, 9.85135) -> [ ]
    3799 (21.1013, 22.3788) -> [ 9709 (21.6456, 23.3157); ]
    3800 (18.7118, 21.4065) -> [ ]
    3801 (16.2103, 20.34) -> [ ]
    3802 (5.63062, 12.6422) -> [ ]
    3803 (9.80234, 4.48154) -> [ 3363 (11.1784, 3.11873); 8373 (10.2812, 3.9702); ]
    3804 (7.94188, 9.74463) -> [ 7555 (9.3696, 8.95225); 8764 (8.79785, 9.33891); ]
    3805 (1.82848, 20.1307) -> [ 4756 (2.10409, 21.9618); ]
    3807 (14.3053, 6.0135) -> [ 576 (15.6754, 5.24352); 7403 (15.8337, 5.15467); ]
    3808 (22.8532, 8.7151) -> [ ]
    3809 (21.1543, 11.0026) -> [ ]
    3810 (13.4274, 21.378) -> [ 3064 (14.8046, 22.0472); ]
    3811 (0.731394, 3.19013) -> [ 331 (0.793161, 2.08314); ]
    3812 (5.95444, 21.1306) -> [ ]
    3813 (16.2565, 6.54683) -> [ 927 (17.8072, 5.90208); 7451 (17.791, 5.90504); ]
    3814 (24.1517, 2.02743) -> [ ]
    3815 (2.70186, 12.9306) -> [ 942 (3.48498, 13.0932); 1581 (3.74473, 13.0968); 6133 (3.9231, 13.0094); 6415 (3.34465, 13.0199); 9365 (3.37492, 13.1764); ]
    3816 (5.33047, 2.75802) -> [ 4121 (5.71989, 1.88038); ]
    3817 (11.8149, 19.6205) -> [ ]
    3819 (23.0051, 20.0731) -> [ ]
    3820 (2.3836, 17.7535) -> [ 6901 (3.09187, 19.2614); ]
    3821 (9.99241, 16.6773) -> [ 7910 (11.5081, 17.9205); 8614 (11.1885, 17.5627); 8836 (11.3332, 17.7452); ]
    3823 (24.5179, 15.7495) -> [ ]
    3824 (13.9891, 18.6151) -> [ ]
    3825 (17.77, 6.6686) -> [ ]
    3826 (5.61752, 23.2603) -> [ ]
    3827 (22.005, 14.1217) -> [ 7658 (23.272, 15.0099); 7801 (23.5014, 15.1487); ]
    3828 (6.6441, 16.2887) -> [ 8424 (8.18329, 16.6818); ]
    3829 (3.86872, 22.1661) -> [ ]
    3830 (0.683033, 18.1393) -> [ 2027 (0.627743, 18.9293); 7131 (0.60444, 19.1575); 8435 (0.63676, 18.896); ]
    3831 (14.7294, 6.05339) -> [ 603 (15.8011, 5.49248); 7472 (15.8148, 5.48118); 9252 (16.2099, 5.33886); 9760 (15.9474, 5.51529); ]
    3832 (9.90225, 21.3248) -> [ 234 (11.2256, 22.2366); 1621 (10.9298, 22.1839); 2001 (11.3314, 22.3112); ]
    3833 (5.85678, 15.3158) -> [ 9271 (6.77906, 15.4251); ]
    3834 (2.06931, 6.94174) -> [ ]
    3835 (21.7897, 4.75245) -> [ ]
    3836 (21.2727, 11.3687) -> [ 8235 (22.1478, 11.5569); ]
    3839 (21.3389, 20.2788) -> [ 9193 (22.106, 21.224); ]
    3840 (3.05888, 15.3261) -> [ 45 (3.56803, 15.4566); 1542 (4.34526, 15.6291); 5795 (5.01546, 15.4903); 7204 (3.54378, 15.4749); 7830 (4.76265, 15.7277); 8495 (4.01653, 15.5198); 9123 (4.66181, 15.5201); ]
    3841 (24.1008, 22.8971) -> [ ]
    3842 (15.9803, 20.6157) -> [ ]
    3843 (1.42784, 4.3917) -> [ ]
    3844 (7.42168, 8.61279) -> [ ]
    3845 (10.4693, 22.6963) -> [ 2048 (11.0788, 23.1873); ]
    3847 (18.5525, 14.3584) -> [ 9634 (19.8917, 15.594); ]
    3848 (12.2255, 8.56705) -> [ ]
    3849 (12.1065, 4.40075) -> [ ]
    3850 (5.15926, 22.8483) -> [ 2706 (5.88051, 24.2614); 5370 (5.96804, 24.5268); 5529 (5.78342, 24.1306); 9471 (6.01066, 24.5659); ]
    3851 (23.9104, 5.85179) -> [ 9897 (24.8312, 5.57341); ]
    3852 (21.5947, 23.3314) -> [ ]
    3853 (16.3058, 12.9923) -> [ ]
    3856 (21.3608, 9.56025) -> [ ]
    3857 (10.4288, 0.621964) -> [ ]
    3858 (19.269, 8.38422) -> [ 1001 (21.1006, 8.09254); 7417 (20.4738, 8.22313); ]
    3860 (22.6074, 18.6786) -> [ ]
    3862 (18.5065, 6.75057) -> [ ]
    3864 (19.6209, 13.8399) -> [ 7086 (20.9025, 14.582); ]
    3865 (23.8949, 8.19964) -> [ ]
    3866 (0.266151, 4.4737) -> [ ]
    3867 (5.15621, 9.48252) -> [ 2708 (5.81862, 8.7398); ]
    3868 (6.28823, 21.8059) -> [ ]
    3869 (9.62111, 8.03913) -> [ 2080 (11.2076, 7.03235); 2670 (10.4974, 7.46804); ]
    3870 (16.9652, 0.901442) -> [ ]
    3871 (1.62424, 16.8004) -> [ 6276 (2.24664, 18.5713); ]
    3872 (7.8886, 5.80534) -> [ ]
    3873 (6.87691, 23.156) -> [ ]
    3874 (10.274, 6.42847) -> [ ]
    3876 (4.70244, 5.12528) -> [ 4765 (5.33248, 3.67475); ]
    3877 (20.0734, 9.37288) -> [ 9385 (21.2947, 9.38034); ]
    3878 (8.32584, 6.70364) -> [ 7459 (8.98368, 6.01018); ]
    3879 (22.182, 15.1945) -> [ 8215 (23.4692, 16.4735); ]
    3880 (23.6942, 16.4813) -> [ ]
    3881 (23.4459, 4.24281) -> [ ]
    3882 (0.838647, 14.7991) -> [ ]
    3883 (16.7248, 0.809848) -> [ ]
    3884 (21.8476, 11.4747) -> [ ]
    3885 (6.2559, 8.80439) -> [ 1297 (7.30938, 7.91743); ]
    3887 (22.0587, 2.73298) -> [ 6550 (23.7438, 1.8733); 7908 (23.3859, 2.06959); ]
    3888 (9.51249, 2.42589) -> [ 3384 (10.5607, 0.80806); ]
    3889 (15.085, 17.7991) -> [ ]
    3890 (12.6964, 7.44388) -> [ 3348 (14.1314, 6.72746); 4572 (14.4239, 6.59918); 5182 (14.2141, 6.68488); 6484 (13.8377, 6.91419); 9138 (13.8976, 6.93376); ]
    3891 (4.4304, 19.9488) -> [ 3935 (5.27936, 21.1963); 9770 (5.41289, 21.442); ]
    3893 (18.9198, 9.0014) -> [ 1714 (20.0791, 8.92679); 4069 (20.5728, 8.9181); 4685 (20.4133, 8.95108); 6465 (20.538, 8.96633); 6915 (19.9351, 9.00134); ]
    3894 (7.2073, 23.5) -> [ ]
    3895 (8.98573, 16.8535) -> [ ]
    3896 (22.3943, 11.6735) -> [ ]
    3897 (7.13265, 4.44082) -> [ 8827 (8.18788, 3.0094); ]
    3898 (0.589777, 4.76018) -> [ ]
    3900 (2.99875, 11.1751) -> [ 491 (4.04119, 9.61668); 5218 (3.99668, 9.66397); ]
    3901 (20.5613, 6.50076) -> [ ]
    3902 (16.0349, 2.43023) -> [ 8069 (17.141, 1.498); ]
    3903 (6.15391, 9.74686) -> [ ]
    3904 (21.868, 7.50259) -> [ ]
    3905 (16.6484, 22.8708) -> [ ]
    3906 (4.68619, 7.72681) -> [ ]
    3908 (12.6988, 3.86265) -> [ 204 (13.9489, 2.8755); 2642 (13.2858, 3.39827); 3776 (13.9986, 2.84936); 5839 (13.2777, 3.39086); 7707 (13.3848, 3.28062); ]
    3909 (7.91073, 21.6001) -> [ 2904 (9.18865, 22.7174); 3913 (8.6524, 22.4188); ]
    3910 (16.9369, 1.7394) -> [ 8050 (18.5012, 0.651899); ]
    3911 (0.436678, 8.173) -> [ 8504 (0.226425, 6.3518); ]
    3912 (12.1754, 6.77008) -> [ 3427 (13.8537, 5.71075); ]
    3913 (8.6524, 22.4188) -> [ 1060 (9.43462, 23.1321); 3435 (9.86842, 23.6826); 5184 (10.0467, 23.8301); 7607 (9.27808, 23.0945); ]
    3914 (8.29267, 4.66881) -> [ ]
    3915 (17.922, 20.2653) -> [ 7768 (18.1661, 20.8865); ]
    3916 (2.60944, 18.4854) -> [ ]
    3917 (19.0204, 4.2273) -> [ 7769 (19.7806, 3.82824); ]
    3918 (6.51169, 21.6781) -> [ 1709 (7.14396, 22.4405); 7700 (7.72035, 23.2182); 8787 (7.71081, 23.1661); ]
    3919 (10.6272, 2.77053) -> [ ]
    3920 (4.78548, 7.04596) -> [ ]
    3921 (4.86475, 15.1388) -> [ ]
    3922 (11.7692, 7.78094) -> [ 3456 (13.4063, 6.84458); ]
    3923 (20.1538, 6.59351) -> [ ]
    3926 (10.0507, 6.15143) -> [ ]
    3927 (11.4547, 18.1087) -> [ ]
    3928 (3.97715, 4.71214) -> [ 2389 (4.54587, 2.95802); 7037 (4.48299, 3.0075); ]
    3930 (21.7252, 2.77965) -> [ ]
    3932 (1.12729, 17.327) -> [ 3240 (1.20534, 19.1982); ]
    3933 (9.39018, 19.1174) -> [ ]
    3934 (4.7677, 21.2095) -> [ 405 (5.8113, 22.9115); ]
    3935 (5.27936, 21.1963) -> [ 4224 (6.27582, 22.5395); ]
    3936 (6.96876, 6.52373) -> [ 2319 (7.71692, 5.48793); 5132 (7.96049, 5.15785); ]
    3937 (23.6466, 18.4746) -> [ 7898 (24.8787, 19.4423); ]
    3938 (21.1935, 10.3322) -> [ 7937 (22.131, 10.3508); 9602 (22.0861, 10.4478); ]
    3939 (8.73256, 5.30498) -> [ ]
    3940 (21.7099, 16.5785) -> [ ]
    3941 (0.329945, 2.11768) -> [ ]
    3942 (18.3215, 15.6893) -> [ ]
    3943 (13.9025, 3.15148) -> [ 1482 (15.349, 1.89992); ]
    3944 (3.87719, 22.1699) -> [ ]
    3945 (10.4126, 7.70925) -> [ 7624 (11.5146, 7.04596); ]
    3947 (14.0268, 19.7029) -> [ 4638 (15.5017, 20.9414); 6878 (15.1566, 20.5426); ]
    3949 (6.79618, 14.5113) -> [ ]
    3952 (2.63547, 4.66552) -> [ 9627 (2.95675, 2.76376); ]
    3954 (20.383, 9.28095) -> [ 7967 (21.7932, 9.28677); 9554 (21.0381, 9.2867); ]
    3955 (3.96974, 6.98537) -> [ ]
    3957 (19.4406, 13.8764) -> [ 9940 (20.7488, 14.6103); ]
    3958 (8.36496, 21.2591) -> [ ]
    3959 (7.19186, 7.78082) -> [ ]
    3960 (18.2864, 14.1447) -> [ ]
    3961 (14.8822, 19.4164) -> [ ]
    3962 (14.4069, 9.77602) -> [ 1202 (15.4626, 9.9144); 7813 (16.2398, 10.066); ]
    3964 (4.69579, 8.30975) -> [ ]
    3966 (24.0476, 0.67428) -> [ ]
    3967 (8.82202, 0.831731) -> [ 5760 (9.30872, 0.0348099); 9330 (9.11535, 0.283868); ]
    3968 (4.89723, 12.2104) -> [ 5601 (6.45107, 11.869); ]
    3969 (21.8563, 14.127) -> [ 9121 (23.244, 15.0617); ]
    3970 (16.3401, 12.2687) -> [ ]
    3972 (20.818, 15.3919) -> [ 9572 (21.6253, 16.0401); ]
    3973 (22.8201, 0.799877) -> [ 4715 (23.5934, 0.294125); 5785 (23.5631, 0.322836); ]
    3974 (23.501, 17.0111) -> [ ]
    3976 (5.57171, 5.18302) -> [ 8601 (6.2709, 3.83226); 8778 (6.09757, 4.21064); ]
    3977 (6.90338, 5.9672) -> [ ]
    3979 (2.67728, 5.06573) -> [ 7354 (2.8487, 4.02997); ]
    3980 (19.8811, 7.22629) -> [ 580 (21.6734, 6.79675); 3013 (21.3567, 6.88043); ]
    3981 (21.9212, 19.7814) -> [ ]
    3982 (0.166635, 2.10055) -> [ ]
    3983 (18.1948, 20.308) -> [ ]
    3984 (21.926, 0.97145) -> [ ]
    3985 (11.7635, 17.7597) -> [ ]
    3986 (16.8864, 21.9046) -> [ ]
    3987 (7.66005, 10.1686) -> [ 7178 (9.05537, 9.51491); 8766 (8.2475, 9.9174); ]
    3988 (23.9379, 14.4547) -> [ ]
    3989 (20.6693, 5.26582) -> [ 3835 (21.7897, 4.75245); ]
    3990 (16.5471, 9.66053) -> [ 751 (18.4048, 9.69509); 2244 (18.5004, 9.7682); 6873 (18.208, 9.77176); ]
    3992 (23.167, 0.698458) -> [ ]
    3993 (3.96385, 8.85469) -> [ ]
    3994 (20.7209, 1.71437) -> [ 9998 (21.7527, 1.08395); ]
    3996 (0.511113, 3.47496) -> [ 1110 (0.52431, 1.78338); 2206 (0.465878, 1.47614); 7325 (0.539648, 1.57507); 8238 (0.526569, 1.9179); ]
    3997 (3.3502, 20.5819) -> [ ]
    3998 (23.7389, 23.3642) -> [ ]
    3999 (10.0019, 18.6684) -> [ 2881 (11.0746, 19.0862); 5649 (11.4235, 19.2753); 5709 (11.0032, 19.0852); ]
    4001 (9.93981, 5.43567) -> [ 5573 (11.2784, 4.17454); 6900 (11.1953, 4.16904); ]
    4002 (8.56023, 18.012) -> [ 1731 (9.72299, 18.5614); 3999 (10.0019, 18.6684); ]
    4003 (5.07867, 10.2975) -> [ 2745 (5.87678, 9.63415); 8382 (5.94817, 9.51674); ]
    4004 (17.9549, 7.94687) -> [ 9287 (19.6339, 7.5887); ]
    4007 (6.27773, 8.49521) -> [ 2016 (7.05957, 7.78913); 5672 (7.59044, 7.22745); ]
    4008 (12.5282, 22.3997) -> [ 9461 (13.8377, 23.2577); ]
    4009 (17.1321, 4.28928) -> [ ]
    4011 (19.666, 17.8849) -> [ ]
    4012 (13.8103, 23.6532) -> [ 2994 (14.6424, 24.145); 9749 (14.5393, 24.1639); ]
    4013 (4.44852, 23.5975) -> [ ]
    4014 (19.3364, 15.3704) -> [ 1640 (20.4487, 16.3214); 4468 (20.4011, 16.3779); ]
    4015 (14.6719, 18.6775) -> [ ]
    4016 (0.613541, 6.67618) -> [ 3898 (0.589777, 4.76018); ]
    4017 (15.5531, 16.5112) -> [ 6668 (15.8747, 17.773); ]
    4018 (20.4524, 22.8544) -> [ 2696 (21.4747, 24.5711); ]
    4021 (18.0886, 18.1787) -> [ 6978 (18.406, 18.7288); ]
    4022 (18.0035, 12.6543) -> [ 4517 (19.6557, 13.5054); 5438 (19.1893, 13.3127); 6215 (18.795, 13.0827); ]
    4023 (14.5671, 22.9298) -> [ 8221 (15.8868, 23.7544); 9468 (16.1924, 23.8488); 9789 (15.8235, 23.6382); ]
    4024 (21.9045, 24.6144) -> [ ]
    4027 (14.7482, 14.293) -> [ 7097 (14.8349, 15.2172); ]
    4028 (19.147, 10.7326) -> [ ]
    4029 (13.6423, 20.9461) -> [ ]
    4030 (3.4822, 3.51209) -> [ 7127 (3.85938, 2.02002); 7718 (3.85962, 2.19746); 8328 (3.99183, 1.60895); ]
    4032 (3.02625, 0.292858) -> [ ]
    4033 (23.0434, 14.9368) -> [ ]
    4034 (3.54559, 8.8602) -> [ 3662 (4.26955, 7.28989); ]
    4035 (16.9805, 12.2856) -> [ ]
    4036 (20.8863, 18.6687) -> [ 3786 (22.23, 20.1318); 5542 (22.1855, 20.1328); 5567 (22.0126, 20.0308); ]
    4037 (22.3208, 3.36595) -> [ 7986 (23.6139, 2.62976); ]
    4038 (7.29752, 4.92003) -> [ ]
    4039 (6.52947, 20.0954) -> [ 8889 (7.07909, 20.6181); ]
    4040 (14.5266, 5.86103) -> [ ]
    4042 (22.6304, 7.81162) -> [ 2392 (24.1917, 7.71468); ]
    4043 (10.9975, 6.93058) -> [ 6935 (12.6121, 5.87549); ]
    4044 (2.585, 19.4044) -> [ 6798 (3.16199, 21.2854); ]
    4046 (19.455, 15.7505) -> [ ]
    4047 (20.7799, 7.5592) -> [ 3238 (21.8604, 7.35545); 9216 (22.2926, 7.26781); 9316 (21.6663, 7.35488); ]
    4048 (7.06992, 10.1989) -> [ ]
    4049 (19.8926, 3.78045) -> [ ]
    4050 (15.6126, 10.9512) -> [ 4529 (17.1742, 11.5499); ]
    4051 (1.21922, 11.4543) -> [ ]
    4052 (15.4482, 13.1378) -> [ ]
    4053 (12.02, 18.7089) -> [ 9833 (13.1979, 19.8414); ]
    4054 (6.41323, 4.32076) -> [ 9289 (6.9719, 3.31167); ]
    4055 (10.2794, 22.7995) -> [ 5644 (11.7662, 24.0568); ]
    4058 (19.2651, 2.03041) -> [ ]
    4060 (16.1294, 18.792) -> [ ]
    4061 (22.364, 18.4598) -> [ ]
    4062 (17.0068, 16.6836) -> [ ]
    4063 (21.6933, 13.8393) -> [ ]
    4064 (22.1375, 3.17689) -> [ ]
    4065 (20.3701, 5.93175) -> [ ]
    4066 (2.14065, 14.1614) -> [ 8337 (3.17198, 13.3967); ]
    4067 (3.08056, 21.3112) -> [ ]
    4068 (11.1742, 16.5811) -> [ 5678 (13.0165, 16.8539); 6142 (12.644, 16.6255); 7407 (13.1693, 16.5252); 7633 (12.8131, 16.2816); 7697 (12.766, 16.4813); 7914 (13.1288, 16.2104); 7953 (12.9815, 16.1703); 9004 (12.8896, 16.187); 9224 (12.8969, 16.8188); 9920 (11.9591, 16.5529); ]
    4070 (20.5548, 23.5254) -> [ 1984 (21.0317, 24.5112); 8098 (21.1424, 24.7054); ]
    4071 (13.4382, 0.844223) -> [ 6160 (13.9048, 0.33508); ]
    4073 (4.60785, 2.91299) -> [ ]
    4074 (22.7718, 23.3965) -> [ ]
    4075 (5.97037, 19.4566) -> [ 646 (7.11999, 20.5404); ]
    4076 (21.5869, 10.875) -> [ ]
    4077 (14.2625, 23.0519) -> [ 6044 (15.7603, 23.9792); ]
    4078 (5.20764, 17.8379) -> [ ]
    4079 (24.199, 13.3896) -> [ ]
    4080 (8.59341, 3.59096) -> [ 6272 (9.31336, 2.58138); ]
    4081 (9.68968, 23.1546) -> [ 6177 (11.0827, 24.5257); 6228 (10.4156, 23.8524); ]
    4083 (9.56633, 4.0462) -> [ ]
    4084 (8.06084, 17.3872) -> [ 636 (8.64568, 17.628); 2449 (9.33881, 17.7575); ]
    4085 (22.6352, 4.80711) -> [ ]
    4086 (22.7703, 20.6108) -> [ ]
    4087 (20.4096, 12.8472) -> [ 212 (21.8437, 13.3919); 2602 (21.6413, 13.2969); 6122 (20.9073, 13.042); 7041 (21.5623, 13.2435); ]
    4089 (5.03849, 13.7753) -> [ 6102 (6.27749, 14.6054); ]
    4090 (12.8703, 21.2892) -> [ 1797 (14.1824, 21.9465); 2718 (14.397, 22.085); ]
    4092 (2.93019, 20.4114) -> [ 7609 (3.4127, 21.5011); ]
    4093 (21.387, 18.8228) -> [ ]
    4094 (15.989, 10.573) -> [ 8748 (17.9184, 10.9342); ]
    4095 (9.44351, 3.73861) -> [ 9013 (10.5348, 2.48756); 9991 (10.4583, 2.59481); ]
    4096 (0.672147, 11.5733) -> [ 622 (0.43234, 9.78561); 6607 (0.665347, 10.1313); 6646 (0.463056, 10.2657); ]
    4097 (0.629062, 18.4814) -> [ ]
    4099 (22.7223, 15.207) -> [ 7329 (23.4835, 16.0089); ]
    4100 (22.9331, 23.9115) -> [ ]
    4101 (0.808538, 11.1727) -> [ ]
    4102 (13.6606, 16.4478) -> [ ]
    4103 (23.89, 15.4074) -> [ 8727 (24.5431, 16.0903); 9792 (24.8229, 16.375); ]
    4104 (22.8557, 16.0556) -> [ ]
    4105 (20.5093, 19.2444) -> [ ]
    4106 (10.4156, 16.8664) -> [ ]
    4107 (1.24724, 19.7421) -> [ 5213 (1.33337, 21.5185); 7249 (1.35037, 21.4866); ]
    4109 (20.7564, 18.4753) -> [ ]
    4110 (5.04346, 6.23303) -> [ 1631 (5.72444, 4.74267); ]
    4111 (22.5502, 23.5102) -> [ ]
    4112 (10.3153, 20.9227) -> [ ]
    4113 (24.0964, 11.4775) -> [ ]
    4115 (21.0097, 13.5987) -> [ ]
    4116 (16.6179, 19.2931) -> [ ]
    4117 (6.90422, 6.51276) -> [ ]
    4118 (1.02665, 20.903) -> [ ]
    4119 (23.6407, 23.2874) -> [ 8062 (24.2845, 24.0896); 9664 (24.2137, 24.1285); ]
    4120 (1.8886, 16.3793) -> [ 3122 (2.88964, 17.8837); 9492 (2.35975, 17.1465); ]
    4121 (5.71989, 1.88038) -> [ ]
    4123 (5.71197, 7.60151) -> [ ]
    4124 (24.2559, 18.3186) -> [ ]
    4125 (18.6364, 18.8712) -> [ 7776 (19.4458, 20.3159); 9396 (19.5188, 20.259); ]
    4126 (12.6805, 8.6853) -> [ 6464 (14.426, 8.22946); ]
    4127 (17.7307, 9.21743) -> [ 1195 (19.3242, 9.22539); ]
    4128 (20.7603, 13.0066) -> [ 5099 (22.4323, 13.7235); 7014 (22.5023, 13.6769); ]
    4129 (15.296, 1.96829) -> [ 2032 (16.4606, 1.07976); 2211 (16.4287, 1.12628); ]
    4130 (8.60107, 2.78085) -> [ ]
    4132 (4.97075, 2.57795) -> [ ]
    4133 (10.9779, 5.26669) -> [ ]
    4134 (13.0571, 3.88177) -> [ ]
    4135 (7.26008, 3.56162) -> [ ]
    4136 (19.2111, 16.2031) -> [ ]
    4137 (23.6514, 1.38228) -> [ ]
    4138 (15.1573, 4.39893) -> [ ]
    4140 (19.3334, 12.9865) -> [ 2039 (19.4966, 13.111); ]
    4141 (1.05821, 23.4338) -> [ ]
    4142 (11.4715, 21.1677) -> [ 7418 (12.1959, 21.5921); ]
    4143 (23.8307, 13.8548) -> [ ]
    4144 (12.2659, 4.51821) -> [ ]
    4145 (9.30237, 20.9442) -> [ 3191 (10.6563, 21.9983); ]
    4146 (21.1645, 20.3799) -> [ 5691 (22.1651, 21.7369); 9866 (22.0094, 21.5902); ]
    4149 (11.7499, 5.82414) -> [ ]
    4150 (16.3137, 21.8269) -> [ ]
    4153 (2.31807, 5.72897) -> [ ]
    4154 (19.0436, 18.9864) -> [ ]
    4155 (14.8982, 4.41544) -> [ 924 (16.4707, 3.29224); ]
    4156 (19.5422, 10.0968) -> [ ]
    4157 (17.511, 12.6774) -> [ 1128 (18.9224, 13.5351); 4814 (18.4324, 13.2846); 5315 (19.1294, 13.7975); ]
    4158 (18.2451, 12.8541) -> [ 4907 (19.0852, 13.4308); 5364 (19.3856, 13.4658); ]
    4159 (1.19664, 21.4385) -> [ 4276 (1.23501, 22.93); ]
    4160 (4.91124, 1.21402) -> [ ]
    4161 (6.75519, 16.6839) -> [ 8081 (8.64472, 17.1883); ]
    4163 (2.62681, 9.81556) -> [ ]
    4164 (5.01555, 23.5726) -> [ ]
    4165 (10.049, 17.1321) -> [ ]
    4166 (16.0205, 21.0682) -> [ ]
    4167 (4.37643, 10.319) -> [ 1752 (5.34131, 9.33275); ]
    4169 (7.64482, 17.6121) -> [ 5832 (9.38293, 18.4428); 9352 (9.07846, 18.2901); ]
    4170 (17.2144, 10.28) -> [ ]
    4171 (22.7495, 5.90847) -> [ ]
    4172 (10.0141, 19.5776) -> [ ]
    4173 (3.3055, 8.03907) -> [ ]
    4175 (16.5891, 17.2275) -> [ ]
    4176 (0.744693, 16.5567) -> [ 2664 (0.484983, 18.1605); ]
    4178 (10.7818, 9.27953) -> [ ]
    4181 (12.1415, 17.7096) -> [ 6519 (12.5162, 17.9093); 8876 (13.8748, 18.6855); 9678 (13.6635, 18.524); ]
    4182 (0.644577, 10.8428) -> [ 7140 (0.567919, 8.97708); ]
    4183 (5.87186, 17.9891) -> [ 1384 (6.97077, 18.6408); 5308 (7.1425, 18.7217); 9258 (6.84651, 18.5838); ]
    4184 (10.2166, 20.8625) -> [ 3332 (11.3718, 21.5222); 5147 (11.2551, 21.5596); 6396 (11.6982, 21.8461); 8649 (11.4134, 21.5626); ]
    4185 (19.1441, 6.51084) -> [ ]
    4186 (5.22293, 6.05337) -> [ 887 (5.88566, 4.73977); 6195 (6.02342, 4.60886); 9128 (6.12224, 4.35127); ]
    4187 (14.1567, 15.0816) -> [ ]
    4188 (13.1747, 10.2106) -> [ ]
    4190 (9.08756, 16.1807) -> [ ]
    4191 (24.5796, 12.1895) -> [ ]
    4192 (21.8237, 21.619) -> [ ]
    4194 (5.13584, 11.2159) -> [ 7078 (6.75106, 10.334); ]
    4195 (19.2297, 21.6711) -> [ ]
    4196 (21.2246, 9.8285) -> [ 2426 (22.33, 9.85113); 2596 (22.593, 9.84486); ]
    4198 (19.4076, 4.81076) -> [ ]
    4199 (18.6912, 4.45914) -> [ ]
    4201 (9.59654, 17.6054) -> [ ]
    4203 (4.79591, 21.3446) -> [ 4532 (5.67458, 22.7781); ]
    4206 (8.10824, 3.14476) -> [ ]
    4207 (15.5634, 17.3186) -> [ 9462 (15.9274, 18.7323); ]
    4209 (16.5058, 16.1356) -> [ ]
    4210 (16.6458, 4.64333) -> [ 4920 (17.6435, 4.05917); 5874 (18.0098, 3.90328); ]
    4211 (21.0666, 2.62497) -> [ ]
    4214 (2.87133, 6.36445) -> [ 9583 (3.2849, 5.07351); ]
    4215 (12.7619, 6.83637) -> [ ]
    4216 (3.6842, 22.0443) -> [ 7107 (4.17651, 23.412); 7553 (4.1536, 23.4572); ]
    4217 (22.7759, 17.3448) -> [ ]
    4218 (9.5658, 22.256) -> [ 5257 (10.572, 23.1164); 5700 (10.6688, 23.2661); 6448 (10.5907, 23.1377); ]
    4221 (15.8485, 1.7951) -> [ ]
    4222 (20.933, 18.1887) -> [ ]
    4223 (7.94886, 4.89179) -> [ ]
    4224 (6.27582, 22.5395) -> [ 7753 (7.28035, 23.8409); ]
    4225 (14.4892, 18.1202) -> [ ]
    4226 (19.5435, 3.91242) -> [ 8183 (19.9113, 3.74048); ]
    4227 (2.23002, 21.7213) -> [ 9895 (2.45575, 22.9728); ]
    4228 (0.730127, 11.5021) -> [ 3011 (0.746255, 10.6544); 6693 (0.773345, 10.0611); 7142 (0.826104, 10.121); ]
    4229 (23.2816, 16.4017) -> [ ]
    4230 (11.7668, 19.8067) -> [ ]
    4231 (16.4651, 8.24485) -> [ ]
    4232 (14.2968, 21.8577) -> [ 8707 (15.2188, 22.3108); ]
    4233 (24.2713, 7.23417) -> [ 2312 (24.842, 7.15788); ]
    4234 (14.9766, 10.8945) -> [ 90 (16.6249, 11.6718); 2981 (16.6541, 11.6188); ]
    4235 (8.51032, 10.141) -> [ ]
    4236 (8.89819, 17.9048) -> [ ]
    4238 (17.7213, 19.4388) -> [ 9030 (18.3298, 20.9621); ]
    4239 (5.42976, 11.7177) -> [ ]
    4240 (14.2974, 15.4342) -> [ 2067 (14.2957, 16.5473); 7420 (14.1255, 16.6414); ]
    4241 (21.7754, 21.1456) -> [ 3769 (22.484, 22.1452); 8357 (22.9263, 22.6598); ]
    4242 (23.2548, 21.4657) -> [ 218 (24.3926, 22.7281); 492 (23.7545, 21.9818); 5427 (24.0866, 22.4463); 6050 (24.0171, 22.338); 6406 (24.5053, 22.7246); 6890 (23.886, 22.1573); 9411 (23.7873, 22); ]
    4243 (16.0477, 12.7966) -> [ 6332 (17.2905, 13.8605); 6508 (17.4138, 13.9492); ]
    4244 (3.12248, 8.61783) -> [ ]
    4245 (22.4046, 1.68141) -> [ 4727 (23.5333, 1.17042); 5382 (23.9136, 1.00924); ]
    4246 (17.8382, 10.6072) -> [ 1654 (19.3191, 10.9074); 2832 (19.7304, 11.0324); 4868 (18.8455, 10.7484); 6308 (19.4467, 10.8669); ]
    4247 (19.8032, 10.3586) -> [ 741 (21.4748, 10.5727); 5918 (21.6064, 10.6542); ]
    4248 (20.0266, 2.32073) -> [ ]
    4249 (6.71028, 18.7744) -> [ 961 (7.85708, 19.5445); ]
    4250 (21.0118, 7.17379) -> [ ]
    4251 (22.0419, 6.58178) -> [ 1865 (22.7737, 6.46706); ]
    4254 (15.4907, 1.44866) -> [ 5283 (16.941, 0.316393); ]
    4255 (5.22425, 10.3511) -> [ 5789 (5.75816, 9.97298); 7331 (6.27373, 9.48039); ]
    4257 (15.6684, 15.2421) -> [ 24 (16.0983, 16.2273); ]
    4258 (14.7633, 20.7552) -> [ ]
    4261 (9.31955, 8.00898) -> [ ]
    4263 (18.6276, 15.2739) -> [ 7438 (20.0918, 16.5839); ]
    4264 (10.6815, 22.372) -> [ ]
    4266 (19.7089, 13.8308) -> [ ]
    4267 (15.8219, 13.1772) -> [ 4582 (16.7256, 14.168); 8228 (16.8961, 14.666); ]
    4268 (5.068, 8.68074) -> [ 7358 (6.29714, 7.23888); ]
    4269 (6.12377, 4.27452) -> [ ]
    4271 (6.75309, 20.7958) -> [ 3450 (7.97311, 22.0923); 7730 (7.56491, 21.661); 7841 (7.57101, 21.5845); ]
    4272 (13.2755, 7.83012) -> [ 7345 (14.6408, 7.20098); ]
    4274 (19.2457, 19.406) -> [ 5506 (20.2893, 20.8292); ]
    4275 (19.3022, 0.613043) -> [ ]
    4276 (1.23501, 22.93) -> [ 4000 (1.35852, 24.7315); 8661 (1.29876, 24.1159); ]
    4277 (6.8128, 3.40247) -> [ ]
    4278 (19.2755, 22.2713) -> [ ]
    4279 (4.02914, 23.3472) -> [ ]
    4280 (1.57342, 23.9276) -> [ ]
    4281 (23.4607, 11.8117) -> [ ]
    4283 (19.844, 9.70026) -> [ ]
    4284 (8.9949, 7.69847) -> [ 3584 (9.89211, 7.08686); ]
    4285 (9.96983, 4.72868) -> [ ]
    4286 (9.34784, 1.28355) -> [ 6302 (10.0401, 0.332313); ]
    4287 (5.29088, 3.18213) -> [ ]
    4288 (18.5911, 5.19643) -> [ 4198 (19.4076, 4.81076); 7727 (20.1225, 4.47775); 9512 (20.0763, 4.48263); ]
    4289 (13.3855, 24.229) -> [ 4412 (14.1245, 24.8111); ]
    4290 (23.1176, 4.35798) -> [ 1052 (24.711, 3.87195); 3881 (23.4459, 4.24281); ]
    4293 (22.894, 19.3971) -> [ ]
    4294 (9.52208, 5.03026) -> [ 7044 (10.8127, 3.72377); ]
    4295 (0.342835, 10.9066) -> [ ]
    4297 (13.9807, 10.6979) -> [ 3020 (15.2899, 11.9765); ]
    4298 (17.2533, 3.80244) -> [ 772 (18.5808, 3.05274); 804 (18.9502, 2.85182); 8086 (18.7407, 2.89509); 9452 (18.4188, 3.15419); ]
    4299 (10.6882, 20.5182) -> [ 201 (12.4243, 21.4725); ]
    4300 (8.66046, 16.3206) -> [ ]
    4306 (1.56769, 7.26926) -> [ ]
    4307 (3.30098, 8.93103) -> [ ]
    4308 (14.4758, 5.33783) -> [ ]
    4310 (22.6175, 2.44479) -> [ 2214 (23.6742, 1.85969); 9581 (24.0708, 1.75735); ]
    4311 (2.50905, 4.82729) -> [ 283 (2.67597, 3.72764); ]
    4312 (14.8032, 1.83531) -> [ 5732 (16.155, 0.457246); 5780 (16.0183, 0.639635); 6158 (16.1268, 0.553125); 7511 (16.0865, 0.612674); ]
    4313 (1.32157, 6.2148) -> [ ]
    4314 (20.2371, 8.49942) -> [ 5864 (22.1832, 8.33272); ]
    4315 (24.4681, 19.2202) -> [ ]
    4316 (22.3304, 14.3865) -> [ ]
    4317 (14.5551, 11.9616) -> [ 2624 (15.6593, 13.4729); 5436 (15.2417, 13.0026); ]
    4318 (6.71134, 20.8969) -> [ ]
    4319 (7.31118, 21.4351) -> [ ]
    4320 (4.31046, 24.4272) -> [ ]
    4321 (12.1122, 5.85356) -> [ ]
    4322 (22.0255, 6.80176) -> [ 1207 (23.4478, 6.42684); ]
    4325 (4.14594, 19.1927) -> [ 6657 (5.09072, 20.5206); ]
    4326 (20.1067, 3.73983) -> [ 5815 (21.1309, 3.24766); 6120 (20.6485, 3.45441); 6416 (20.9673, 3.29903); ]
    4327 (0.739755, 22.41) -> [ 8315 (0.63135, 24.2637); ]
    4328 (19.3292, 11.9936) -> [ ]
    4329 (15.5592, 8.95449) -> [ 1272 (16.4841, 8.88332); 9367 (15.6094, 8.94247); ]
    4330 (23.4227, 4.73036) -> [ 3294 (24.1014, 4.54247); 8149 (24.8544, 4.26003); ]
    4331 (22.2044, 10.7079) -> [ ]
    4332 (6.71631, 19.6449) -> [ 851 (7.8887, 20.6539); 3720 (7.65029, 20.4442); 6957 (8.24048, 20.927); 8377 (8.04939, 20.8089); ]
    4333 (13.4254, 4.55834) -> [ 8007 (14.8257, 3.55885); ]
    4334 (14.7273, 9.53552) -> [ 8403 (15.2794, 9.54094); ]
    4335 (14.222, 8.55856) -> [ 6634 (15.9834, 8.18283); ]
    4336 (0.304104, 9.49662) -> [ ]
    4337 (14.0807, 19.024) -> [ 3128 (14.7055, 19.5107); 4531 (14.8926, 19.6015); 7096 (15.6709, 20.0174); 7154 (15.1705, 19.663); 9321 (14.5304, 19.327); 9918 (15.7813, 19.9751); ]
    4339 (1.16542, 13.3574) -> [ 408 (1.29494, 11.9726); 4905 (1.57854, 11.475); 6990 (1.10326, 11.4247); 9623 (1.22722, 11.7727); ]
    4340 (20.5355, 1.14148) -> [ 5413 (22.1604, 0.0643252); 9101 (21.2657, 0.660179); ]
    4341 (5.00542, 6.45831) -> [ 8072 (5.82849, 4.79681); ]
    4342 (4.27393, 5.20242) -> [ 2817 (5.03886, 3.41175); ]
    4343 (23.533, 19.1717) -> [ 8411 (24.9592, 20.5498); ]
    4344 (7.49799, 19.0531) -> [ 9233 (8.49438, 19.6826); ]
    4345 (5.74911, 12.0921) -> [ 3642 (7.41194, 11.7389); 6626 (6.80661, 11.898); ]
    4346 (11.8818, 3.40177) -> [ ]
    4347 (24.0638, 18.1563) -> [ ]
    4348 (5.46486, 22.053) -> [ 5900 (6.43505, 23.4744); 8797 (6.40685, 23.5172); ]
    4349 (21.1902, 23.0304) -> [ ]
    4350 (6.22847, 22.0429) -> [ 1310 (7.10953, 23.3221); 3894 (7.2073, 23.5); 4778 (7.40055, 23.6565); ]
    4351 (22.2536, 23.0321) -> [ ]
    4353 (5.95802, 11.4413) -> [ ]
    4354 (20.4549, 22.4656) -> [ ]
    4355 (13.9758, 19.3404) -> [ 416 (15.2679, 20.4154); 2961 (15.3558, 20.3902); ]
    4358 (15.3036, 20.9102) -> [ ]
    4359 (21.2775, 5.07611) -> [ 2709 (22.7385, 4.58893); 4290 (23.1176, 4.35798); 4518 (22.8547, 4.44459); ]
    4360 (22.2809, 20.9921) -> [ ]
    4361 (13.8391, 3.78395) -> [ 6236 (15.1266, 2.78982); 8182 (14.9752, 2.96529); ]
    4362 (20.0403, 3.17755) -> [ 3259 (20.4721, 2.89611); 4211 (21.0666, 2.62497); ]
    4363 (9.22887, 17.7605) -> [ ]
    4366 (6.063, 13.4155) -> [ ]
    4367 (16.7888, 9.7919) -> [ 1614 (18.7325, 9.93331); 3736 (18.2249, 9.92089); 6490 (18.3667, 9.82715); ]
    4368 (14.6777, 23.2817) -> [ ]
    4369 (4.42, 3.04887) -> [ 2034 (4.82942, 1.66628); 8815 (4.85597, 1.54153); ]
    4370 (22.9443, 13.0758) -> [ 5872 (23.9128, 13.3799); 7408 (24.1881, 13.5065); ]
    4372 (23.0241, 21.9842) -> [ ]
    4373 (12.1334, 17.9662) -> [ ]
    4375 (20.9357, 22.5126) -> [ ]
    4378 (8.63065, 18.8826) -> [ ]
    4379 (7.66181, 8.17904) -> [ 1500 (8.8434, 7.26493); 9781 (8.60815, 7.41506); ]
    4380 (20.5353, 10.7879) -> [ ]
    4381 (7.80272, 18.221) -> [ 3052 (8.74576, 18.6305); ]
    4382 (20.3127, 9.83452) -> [ 2400 (22.0321, 9.88051); 6349 (21.586, 9.87062); ]
    4383 (5.73024, 21.3082) -> [ ]
    4384 (11.3207, 21.3807) -> [ ]
    4386 (17.4344, 14.2647) -> [ 8439 (18.7745, 15.7189); 9262 (18.0448, 14.8906); ]
    4387 (24.3233, 18.6509) -> [ ]
    4388 (15.9752, 20.3787) -> [ ]
    4389 (15.924, 11.6711) -> [ 2348 (17.3437, 12.4247); 3612 (16.899, 12.2126); 4035 (16.9805, 12.2856); ]
    4390 (6.83462, 5.25164) -> [ ]
    4391 (5.521, 18.5438) -> [ ]
    4392 (20.5423, 23.11) -> [ ]
    4393 (20.0361, 11.5114) -> [ 7149 (21.5466, 11.7868); 8102 (21.1335, 11.7303); ]
    4394 (6.60887, 10.4174) -> [ ]
    4397 (7.39583, 21.9386) -> [ ]
    4398 (22.4393, 22.615) -> [ 1917 (23.6385, 24.2097); 8137 (23.5363, 23.9368); 8474 (23.3197, 23.6725); 9965 (23.5364, 24.0087); ]
    4399 (11.6812, 3.03996) -> [ 548 (12.8111, 2.00682); 1477 (12.8348, 1.94866); ]
    4400 (7.50086, 16.9034) -> [ 4449 (9.22052, 17.431); ]
    4401 (18.402, 5.08927) -> [ 9297 (19.9539, 4.32407); ]
    4405 (10.0514, 0.419965) -> [ ]
    4406 (6.29675, 5.49068) -> [ 1734 (7.19944, 3.99921); 8055 (7.21126, 4.02481); 9942 (7.33282, 3.89982); ]
    4407 (12.3747, 9.76455) -> [ 2196 (13.7177, 10.3776); 3075 (14.2391, 10.4273); 3643 (14.1141, 10.5946); 4733 (13.9314, 10.4629); 5122 (13.5741, 10.3929); 5763 (14.0256, 10.2748); 6345 (13.9518, 10.4172); 8032 (14.0988, 10.5381); 9818 (14.1778, 10.5544); 9997 (13.1824, 10.13); ]
    4408 (17.8355, 3.74207) -> [ ]
    4410 (18.6807, 24.185) -> [ ]
    4411 (4.56658, 17.4063) -> [ 1329 (6.19397, 18.5302); ]
    4413 (21.3888, 9.41169) -> [ ]
    4414 (21.9334, 11.5642) -> [ ]
    4415 (11.0499, 22.2767) -> [ 3249 (11.2506, 22.4377); ]
    4416 (17.3883, 8.5186) -> [ 1768 (19.2983, 8.27958); 6382 (19.2218, 8.22975); 9880 (18.9349, 8.28344); ]
    4418 (3.3906, 4.31879) -> [ 7716 (3.78527, 2.86999); 7831 (3.81897, 2.71898); ]
    4420 (14.9373, 1.22379) -> [ ]
    4421 (19.1873, 17.4588) -> [ ]
    4423 (7.87968, 6.70769) -> [ 2529 (9.05704, 5.39501); ]
    4425 (21.5476, 21.9383) -> [ ]
    4426 (19.5441, 24.0213) -> [ ]
    4427 (24.2454, 16.0585) -> [ ]
    4428 (5.62443, 13.8565) -> [ 7135 (6.96838, 14.6059); 9351 (7.00209, 14.6162); ]
    4429 (15.5388, 4.28139) -> [ 7128 (16.4137, 3.74318); ]
    4430 (19.2584, 16.5859) -> [ ]
    4431 (1.92574, 15.7078) -> [ 2385 (3.39592, 16.8073); 6548 (3.08638, 16.6182); ]
    4432 (5.93264, 11.414) -> [ 6767 (6.43833, 11.2349); ]
    4433 (9.68883, 22.8649) -> [ ]
    4434 (11.3496, 8.40623) -> [ 5808 (12.7522, 7.66481); ]
    4435 (8.60638, 19) -> [ 846 (9.68641, 19.6282); ]
    4436 (22.5412, 15.0293) -> [ 6656 (23.2226, 15.713); ]
    4437 (1.84844, 4.88073) -> [ ]
    4439 (4.00217, 18.9459) -> [ 8008 (4.8827, 20.0687); 9107 (4.85246, 19.9083); ]
    4441 (18.9663, 22.1621) -> [ ]
    4442 (5.22919, 16.255) -> [ ]
    4443 (10.6692, 7.6257) -> [ ]
    4444 (23.1508, 18.9916) -> [ ]
    4445 (22.2187, 7.00672) -> [ ]
    4446 (16.6437, 1.3055) -> [ 5511 (17.7683, 0.370949); 7052 (17.8003, 0.416433); ]
    4447 (20.9713, 15.7733) -> [ ]
    4448 (9.52352, 5.1161) -> [ ]
    4449 (9.22052, 17.431) -> [ ]
    4450 (7.68509, 7.65082) -> [ ]
    4451 (16.3157, 7.13156) -> [ ]
    4452 (2.10062, 4.71247) -> [ 8499 (2.31587, 3.09833); ]
    4453 (3.41609, 19.5953) -> [ 13 (4.31026, 21.3435); 366 (3.59897, 20.0017); 2232 (4.21823, 21.2009); 2654 (4.23981, 21.1572); 4205 (3.84776, 20.3296); 9612 (3.88193, 20.4858); ]
    4454 (21.7022, 19.2467) -> [ 5549 (22.8831, 20.5091); ]
    4455 (13.3229, 2.84386) -> [ 487 (14.042, 2.22258); 789 (13.3592, 2.816); 2576 (14.733, 1.49834); 7547 (14.2505, 1.90786); ]
    4456 (7.53195, 6.26554) -> [ ]
    4458 (1.60676, 9.1016) -> [ ]
    4460 (21.9447, 0.658061) -> [ ]
    4462 (13.2441, 16.2232) -> [ ]
    4463 (0.103973, 7.85748) -> [ ]
    4464 (15.5225, 6.26739) -> [ ]
    4465 (23.3386, 14.0443) -> [ ]
    4466 (10.4341, 22.5748) -> [ 1107 (11.5445, 23.4008); 1245 (11.6649, 23.4262); ]
    4468 (20.4011, 16.3779) -> [ 814 (21.7353, 17.5531); ]
    4469 (4.30492, 16.7167) -> [ 2603 (5.17389, 17.229); 6194 (5.46068, 17.4716); ]
    4470 (7.12128, 16.4225) -> [ ]
    4471 (7.84186, 3.37945) -> [ 7792 (8.40701, 2.58985); ]
    4472 (1.28242, 13.4083) -> [ ]
    4473 (18.0261, 21.3127) -> [ 6290 (18.573, 22.6209); ]
    4474 (21.7365, 16.0379) -> [ ]
    4475 (17.3961, 13.3308) -> [ 760 (18.4176, 14.1679); 3847 (18.5525, 14.3584); 3960 (18.2864, 14.1447); 4672 (18.0531, 13.8722); ]
    4476 (16.4286, 6.52908) -> [ 9878 (18.0484, 5.85851); ]
    4477 (16.007, 16.2749) -> [ 758 (16.4842, 17.5828); ]
    4478 (19.8101, 13.9828) -> [ ]
    4480 (1.83184, 5.72363) -> [ ]
    4482 (24.4116, 7.7397) -> [ ]
    4483 (9.55454, 20.033) -> [ 6164 (10.6066, 20.5585); ]
    4484 (0.865292, 18.5202) -> [ 713 (0.815327, 19.5131); 5790 (0.756246, 19.758); 9671 (0.865266, 19.184); ]
    4485 (0.648963, 21.9024) -> [ 9194 (0.514561, 23.1276); ]
    4486 (11.0465, 1.53336) -> [ 7237 (11.8888, 0.292196); ]
    4487 (17.4963, 11.3243) -> [ ]
    4488 (12.5299, 22.4898) -> [ 977 (13.6353, 23.2678); 1554 (13.4589, 23.0803); 7398 (13.884, 23.4188); 9737 (14.1574, 23.6088); ]
    4489 (1.0473, 3.50891) -> [ 9110 (1.0366, 2.84373); ]
    4491 (10.7497, 16.7611) -> [ ]
    4493 (15.1103, 14.4776) -> [ 345 (15.5223, 16.0238); ]
    4494 (18.5943, 22.0094) -> [ 9348 (19.0466, 23.0463); ]
    4495 (5.19779, 23.9196) -> [ ]
    4496 (19.1015, 16.5847) -> [ ]
    4497 (11.4949, 4.89546) -> [ 827 (12.9117, 3.72271); 2173 (12.7259, 3.79213); 3849 (12.1065, 4.40075); 3908 (12.6988, 3.86265); 5834 (12.8514, 3.70504); ]
    4498 (2.66805, 18.8516) -> [ ]
    4501 (10.1724, 4.44044) -> [ 5586 (11.3318, 3.37088); 6652 (10.6909, 3.95154); ]
    4502 (6.42503, 22.2237) -> [ 1968 (6.9389, 22.9346); 3037 (6.54161, 22.4001); 3137 (7.38878, 23.5159); ]
    4503 (7.84652, 5.74106) -> [ ]
    4504 (10.2564, 24.4391) -> [ ]
    4505 (19.3381, 6.89374) -> [ 2938 (20.9985, 6.48113); 3901 (20.5613, 6.50076); 5333 (20.9832, 6.47363); ]
    4506 (14.8032, 22.5438) -> [ 5704 (16.0326, 23.2511); ]
    4507 (8.19027, 18.6555) -> [ 3305 (9.76099, 19.3555); 9861 (9.65134, 19.368); ]
    4508 (22.1154, 18.586) -> [ ]
    4509 (10.2143, 4.80136) -> [ 96 (11.3244, 3.76887); 745 (11.1394, 3.94217); 4548 (11.1534, 3.93781); 8586 (10.6495, 4.37694); ]
    4510 (22.8053, 7.40025) -> [ ]
    4512 (3.45194, 20.2542) -> [ ]
    4513 (12.0244, 8.86071) -> [ 959 (13.4525, 8.35698); 1950 (13.8206, 8.35594); ]
    4514 (15.8394, 9.33803) -> [ 1353 (17.6976, 9.28587); ]
    4516 (20.254, 7.50706) -> [ ]
    4517 (19.6557, 13.5054) -> [ 2746 (20.4456, 13.8845); 7091 (21.0988, 14.2838); 7516 (20.8928, 14.1227); ]
    4518 (22.8547, 4.44459) -> [ 339 (23.4443, 4.19767); 2270 (23.4836, 4.18592); 2885 (24.2075, 3.872); ]
    4519 (18.1145, 11.1574) -> [ ]
    4520 (12.7665, 23.8867) -> [ 9080 (13.6534, 24.5549); ]
    4521 (22.6539, 7.53233) -> [ 7464 (24.3804, 7.35933); ]
    4522 (17.4081, 9.39894) -> [ 235 (18.7591, 9.33166); 3846 (19.0129, 9.42376); 5429 (18.3552, 9.39007); ]
    4523 (24.8825, 4.63902) -> [ 707 (24.9529, 4.62612); ]
    4524 (20.3067, 11.3633) -> [ ]
    4526 (7.83927, 15.4318) -> [ ]
    4527 (22.2193, 11.0428) -> [ 9932 (24.1979, 11.2823); ]
    4529 (17.1742, 11.5499) -> [ 99 (17.5313, 11.7065); 768 (18.2772, 11.8667); 2827 (18.4097, 12.0119); 6779 (18.7742, 12.0655); 7057 (18.5897, 12.0115); 8598 (18.7, 12.1475); ]
    4530 (4.25053, 12.0242) -> [ ]
    4531 (14.8926, 19.6015) -> [ 2584 (15.9233, 20.3507); 4388 (15.9752, 20.3787); ]
    4532 (5.67458, 22.7781) -> [ 8226 (6.74225, 24.4437); ]
    4534 (14.0124, 5.53118) -> [ 1517 (15.0564, 4.92303); ]
    4536 (22.6537, 5.55288) -> [ ]
    4538 (16.1091, 15.2396) -> [ 701 (16.4269, 15.956); 2167 (16.4832, 16.0853); 4209 (16.5058, 16.1356); ]
    4539 (6.51217, 18.4964) -> [ 5380 (6.96126, 18.7946); 7895 (7.15808, 18.9198); ]
    4540 (3.03972, 12.43) -> [ 4530 (4.25053, 12.0242); 5716 (4.23485, 11.9833); 5921 (4.54803, 11.9044); 6326 (4.29394, 11.8972); 7799 (4.51776, 11.7777); ]
    4541 (5.81248, 20.7521) -> [ 3918 (6.51169, 21.6781); 4986 (6.18784, 21.2805); 5246 (6.84386, 22.1083); 6784 (6.69555, 21.8283); ]
    4542 (22.1579, 2.16172) -> [ 7490 (22.9332, 1.71303); ]
    4543 (5.2794, 4.70659) -> [ ]
    4544 (19.329, 12.7878) -> [ ]
    4545 (24.6096, 16.6173) -> [ ]
    4546 (5.71891, 20.7736) -> [ ]
    4547 (18.7504, 7.69631) -> [ 2488 (20.5373, 7.3173); ]
    4548 (11.1534, 3.93781) -> [ ]
    4549 (17.4228, 22.8702) -> [ 9622 (18.7742, 24.0661); ]
    4550 (23.3511, 10.9305) -> [ ]
    4551 (18.5976, 19.3936) -> [ 8914 (19.25, 20.5457); ]
    4552 (19.4143, 16.8741) -> [ 6882 (20.4094, 18.1296); 6891 (20.3634, 18.1812); 7339 (20.572, 18.433); ]
    4553 (11.9829, 20.1487) -> [ 2183 (12.7011, 20.4556); ]
    4554 (21.381, 16.2541) -> [ 6279 (22.3572, 17.0072); ]
    4556 (14.2784, 21.5859) -> [ ]
    4557 (11.3795, 21.8755) -> [ ]
    4558 (16.0337, 20.8328) -> [ 1503 (17.2505, 21.7275); 2550 (17.3711, 21.8237); ]
    4559 (22.7138, 2.20238) -> [ 5081 (24.0227, 1.58779); ]
    4560 (18.3205, 10.3487) -> [ ]
    4561 (11.4556, 17.7425) -> [ ]
    4562 (4.22753, 17.6626) -> [ 9353 (5.56879, 18.773); ]
    4563 (14.7036, 5.59623) -> [ 8980 (15.7172, 5.01502); ]
    4564 (18.1504, 7.02903) -> [ ]
    4565 (15.5879, 16.4371) -> [ 855 (16.042, 18.1369); ]
    4566 (3.40724, 19.6129) -> [ 4855 (3.67051, 20.2125); ]
    4567 (17.3012, 12.8577) -> [ 2463 (18.5374, 13.6559); 5317 (18.923, 13.9375); 5336 (18.7538, 13.8292); ]
    4568 (18.4246, 5.92923) -> [ 5372 (19.3544, 5.51899); 8461 (20.2082, 5.11628); ]
    4569 (5.75854, 11.5739) -> [ 809 (6.785, 11.1902); 4376 (7.35736, 10.973); ]
    4570 (22.353, 5.68315) -> [ ]
    4571 (12.8796, 7.72639) -> [ 6174 (14.2748, 7.09041); 9023 (13.4664, 7.47099); ]
    4572 (14.4239, 6.59918) -> [ 2202 (15.7714, 5.94518); ]
    4574 (5.16086, 15.9146) -> [ 3 (6.70982, 16.2837); 3828 (6.6441, 16.2887); 5659 (7.03221, 16.3993); 6090 (6.27755, 16.1901); 7406 (6.46803, 16.1905); ]
    4575 (23.2894, 22.7765) -> [ ]
    4577 (24.5638, 19.6674) -> [ ]
    4578 (21.1912, 3.5248) -> [ 7854 (22.6346, 2.84886); 8035 (22.8607, 2.74315); 9888 (22.8186, 2.78385); ]
    4579 (0.276257, 11.3825) -> [ 4292 (0.036453, 10.5136); 9282 (0.061815, 10.7393); ]
    4582 (16.7256, 14.168) -> [ 7822 (17.2694, 14.7281); ]
    4583 (0.50495, 5.45663) -> [ 5299 (0.384129, 3.50653); ]
    4585 (2.56515, 11.6104) -> [ 18 (2.56128, 11.4941); 5866 (2.74449, 11.2748); 6698 (3.60165, 10.036); ]
    4587 (1.58709, 3.59019) -> [ 3077 (1.60295, 2.25222); ]
    4588 (15.1678, 17.4312) -> [ ]
    4589 (14.5242, 9.54027) -> [ 7109 (16.1242, 9.68112); ]
    4590 (6.65849, 21.1795) -> [ ]
    4591 (18.1367, 22.1967) -> [ ]
    4592 (22.19, 22.7169) -> [ 4100 (22.9331, 23.9115); 4168 (23.0193, 23.8411); 6222 (23.0603, 24.0408); 8607 (23.3093, 24.3252); ]
    4593 (20.6771, 10.3812) -> [ 1058 (22.3125, 10.4143); 2066 (22.1148, 10.4337); ]
    4594 (13.3772, 19.8506) -> [ 9025 (14.6912, 21.1787); ]
    4596 (10.3686, 1.34667) -> [ 9473 (11.0933, 0.291258); ]
    4598 (22.7879, 21.0464) -> [ ]
    4600 (22.3939, 15.8761) -> [ ]
    4601 (0.312771, 17.3152) -> [ 9242 (0.0885999, 18.0777); ]
    4602 (21.1886, 9.44635) -> [ ]
    4603 (13.9495, 8.11327) -> [ 2813 (15.6258, 7.61901); ]
    4604 (17.4544, 1.25351) -> [ ]
    4605 (21.4868, 10.4212) -> [ 6777 (22.1651, 10.4635); ]
    4606 (6.62736, 8.89285) -> [ 2834 (7.99024, 7.5539); 9571 (7.88365, 7.74666); ]
    4607 (0.0802804, 22.4993) -> [ ]
    4608 (3.29731, 4.31501) -> [ 4030 (3.4822, 3.51209); 7214 (3.52854, 3.1988); ]
    4609 (19.0657, 19.9276) -> [ 7710 (19.9309, 21.3607); ]
    4610 (16.0222, 7.72417) -> [ ]
    4611 (21.0539, 14.4389) -> [ 1097 (21.6921, 14.7871); 2541 (22.4917, 15.2819); 5802 (22.1191, 15.0477); ]
    4612 (7.2201, 18.2368) -> [ 2726 (8.9271, 19.1946); 3030 (8.08575, 18.7036); 4435 (8.60638, 19); 5867 (8.76895, 19.0696); ]
    4614 (15.6478, 0.856542) -> [ ]
    4620 (4.51675, 13.4692) -> [ ]
    4621 (20.2909, 21.5383) -> [ ]
    4622 (21.1133, 23.5513) -> [ ]
    4623 (22.5738, 12.9379) -> [ 5557 (24.4596, 13.4647); ]
    4624 (6.27003, 22.7122) -> [ 3094 (6.73122, 23.4939); 7461 (7.21763, 24.1727); 9977 (7.06365, 24); ]
    4625 (12.9189, 9.5771) -> [ ]
    4628 (22.759, 7.30288) -> [ 6515 (24.7229, 6.96559); ]
    4629 (3.0369, 19.5468) -> [ 9750 (3.56119, 20.6111); ]
    4630 (23.0063, 21.6159) -> [ 9744 (23.766, 22.5541); ]
    4631 (19.5891, 10.2715) -> [ ]
    4632 (5.35863, 20.3235) -> [ 9914 (6.04277, 21.2984); ]
    4633 (4.48767, 22.0393) -> [ ]
    4634 (3.50847, 23.2058) -> [ 4525 (4.06968, 24.8284); ]
    4635 (10.5679, 5.15129) -> [ ]
    4636 (11.5283, 18.6225) -> [ 8913 (12.7743, 20.0007); 9369 (12.1871, 19.2103); ]
    4638 (15.5017, 20.9414) -> [ 396 (16.5048, 21.7481); 2487 (16.9099, 22.0971); ]
    4639 (8.05828, 2.7195) -> [ 6664 (9.08358, 1.26905); ]
    4640 (19.411, 22.364) -> [ ]
    4641 (5.69557, 5.72526) -> [ ]
    4642 (16.8702, 3.06244) -> [ ]
    4644 (13.99, 18.3185) -> [ ]
    4645 (7.15813, 1.55922) -> [ 8615 (7.64947, 0.551583); ]
    4646 (9.25869, 17.9279) -> [ 1393 (10.9467, 18.452); 7886 (10.2241, 18.2334); 9796 (10.2693, 18.2735); ]
    4650 (6.79737, 7.48721) -> [ 237 (7.70135, 6.38949); 393 (8.03813, 6.04051); 7756 (7.74474, 6.38626); ]
    4651 (4.63578, 17.2017) -> [ ]
    4652 (6.09801, 18.4466) -> [ 7324 (7.37238, 19.2628); ]
    4653 (19.9846, 16.7122) -> [ 1161 (20.9253, 17.6638); 9530 (20.5644, 17.3476); ]
    4656 (16.1455, 5.10563) -> [ ]
    4657 (7.34241, 19.7304) -> [ ]
    4658 (17.7325, 18.0949) -> [ 5125 (18.2372, 19.1994); 9097 (18.2749, 19.2479); ]
    4659 (8.06862, 16.8029) -> [ 9092 (9.54071, 17.2651); 9274 (9.2231, 17.1423); ]
    4661 (22.1804, 13.3513) -> [ 6173 (23.4723, 13.9545); 8139 (23.5107, 13.9574); ]
    4662 (9.70128, 4.77196) -> [ 5018 (11.0035, 3.46395); ]
    4663 (0.732079, 7.43365) -> [ 9805 (0.758236, 5.81783); ]
    4664 (21.1341, 4.14718) -> [ 3376 (22.079, 3.61104); 8001 (22.9278, 3.374); 9328 (22.03, 3.74521); ]
    4665 (4.94478, 13.7069) -> [ ]
    4666 (3.51345, 14.53) -> [ 3946 (4.67965, 14.3255); ]
    4668 (12.067, 3.02772) -> [ 1073 (13.2157, 1.97929); 1318 (13.3639, 1.86349); 6746 (13.2809, 1.88161); ]
    4669 (22.9241, 14.2572) -> [ ]
    4670 (14.0795, 15.4993) -> [ ]
    4671 (7.39663, 6.84859) -> [ ]
    4672 (18.0531, 13.8722) -> [ 1684 (19.0197, 14.6266); ]
    4673 (21.2123, 13.5892) -> [ 528 (22.7088, 14.2596); ]
    4674 (13.6798, 2.89673) -> [ 481 (14.2999, 2.32431); 2633 (14.8766, 1.80183); 4312 (14.8032, 1.83531); 8117 (15.0206, 1.66812); ]
    4675 (14.8353, 13.7573) -> [ ]
    4678 (14.4598, 17.3841) -> [ ]
    4679 (20.7733, 17.8478) -> [ ]
    4680 (15.6783, 16.8644) -> [ 773 (16.1115, 18.5452); ]
    4681 (1.63842, 15.4714) -> [ 2779 (3.23979, 16.6022); 9394 (3.19276, 16.6338); ]
    4683 (14.1938, 24.1983) -> [ ]
    4684 (5.81727, 23.7569) -> [ 4805 (6.44309, 24.9306); ]
    4685 (20.4133, 8.95108) -> [ 5485 (21.7557, 8.88168); ]
    4686 (24.1259, 9.99405) -> [ ]
    4687 (19.2674, 14.6049) -> [ 7996 (20.6439, 15.6805); 9867 (20.816, 15.7878); ]
    4688 (7.496, 5.39421) -> [ 9103 (8.10154, 4.42386); 9457 (8.08741, 4.54553); ]
    4689 (4.28121, 19.8577) -> [ 69 (5.09186, 21.0709); 740 (5.34084, 21.5158); 919 (4.97537, 20.9306); 9421 (5.16119, 21.2588); ]
    4690 (22.5508, 23.7325) -> [ ]
    4692 (14.3675, 7.44585) -> [ ]
    4693 (16.318, 23.9638) -> [ ]
    4694 (19.8527, 15.0345) -> [ 8939 (21.5114, 16.1457); 8941 (21.2566, 15.9803); ]
    4695 (12.1095, 17.7949) -> [ ]
    4697 (4.91968, 5.62374) -> [ ]
    4698 (10.6532, 6.59454) -> [ ]
    4699 (9.8359, 18.2587) -> [ 279 (10.2599, 18.3974); ]
    4700 (23.838, 16.7437) -> [ ]
    4701 (20.0921, 6.85152) -> [ ]
    4702 (13.1484, 4.16209) -> [ ]
    4704 (1.58743, 15.0501) -> [ 5985 (3.48264, 15.4729); ]
    4706 (15.2712, 1.29632) -> [ ]
    4707 (10.0797, 22.3261) -> [ 1408 (11.3426, 23.3598); 3471 (11.4955, 23.4405); 7211 (11.5186, 23.541); ]
    4708 (14.2385, 23.949) -> [ ]
    4709 (12.5453, 6.16414) -> [ 6088 (14.1391, 5.15322); 6492 (14.0344, 5.13611); ]
    4710 (18.3647, 18.0697) -> [ ]
    4711 (17.4643, 23.2449) -> [ ]
    4712 (18.304, 23.5492) -> [ ]
    4713 (17.2449, 13.6122) -> [ ]
    4714 (16.7468, 20.4528) -> [ ]
    4717 (22.0553, 15.7751) -> [ ]
    4720 (23.361, 15.1137) -> [ ]
    4721 (22.9076, 9.90945) -> [ 9158 (23.698, 9.93622); ]
    4722 (18.6689, 21.9959) -> [ ]
    4723 (17.0783, 10.8468) -> [ 7928 (18.5003, 11.2039); ]
    4724 (6.74491, 10.619) -> [ ]
    4725 (10.9292, 19.7764) -> [ ]
    4726 (20.466, 12.989) -> [ 7941 (20.9826, 13.2053); ]
    4727 (23.5333, 1.17042) -> [ 7955 (24.8431, 0.473349); 9416 (24.864, 0.403942); ]
    4728 (16.8584, 17.9268) -> [ 2259 (17.6347, 19.5641); 7517 (17.2927, 18.89); ]
    4731 (4.08777, 5.46146) -> [ 690 (4.47466, 4.30296); 8217 (4.51855, 4.30651); ]
    4732 (13.3138, 17.0213) -> [ ]
    4733 (13.9314, 10.4629) -> [ 1658 (15.0061, 10.9484); 3163 (15.3702, 11.1925); ]
    4736 (21.4796, 21.5844) -> [ 2496 (22.0921, 22.4728); 2914 (21.8696, 22.141); ]
    4738 (4.63911, 17.2492) -> [ ]
    4740 (13.6863, 9.68038) -> [ 7985 (15.2322, 9.84566); ]
    4742 (5.59142, 5.75618) -> [ ]
    4743 (17.0837, 4.51211) -> [ ]
    4745 (12.7175, 8.33219) -> [ 8179 (14.5511, 7.55644); 8369 (14.5018, 7.63715); 9488 (14.3368, 7.60288); ]
    4748 (19.4607, 13.8975) -> [ ]
    4749 (11.9943, 17.4555) -> [ 1230 (13.6267, 18.2355); 1461 (13.2206, 18.0466); 5727 (13.2307, 18.1021); 9225 (13.093, 18.0388); ]
    4750 (9.91065, 3.18318) -> [ ]
    4751 (4.85348, 3.88458) -> [ 781 (5.40777, 2.66679); 3816 (5.33047, 2.75802); ]
    4752 (2.91592, 9.16026) -> [ ]
    4754 (18.2108, 23.2053) -> [ 190 (19.016, 23.8364); 9044 (19.1445, 24.0065); ]
    4756 (2.10409, 21.9618) -> [ 7808 (2.30458, 23.2706); ]
    4757 (22.2161, 9.72758) -> [ ]
    4758 (19.2202, 11.9432) -> [ 5431 (20.5604, 12.3953); ]
    4759 (4.98428, 2.3058) -> [ 9209 (5.23976, 1.55193); ]
    4761 (12.0574, 22.7824) -> [ 121 (13.466, 23.7617); 782 (12.5939, 23.1305); ]
    4762 (7.12435, 23.3144) -> [ 2949 (8.13186, 24.7902); ]
    4763 (24.1727, 14.4277) -> [ ]
    4764 (6.85703, 20.047) -> [ 3958 (8.36496, 21.2591); ]
    4765 (5.33248, 3.67475) -> [ 559 (5.37165, 3.57204); 8809 (5.74088, 2.87491); ]
    4766 (14.9565, 21.9249) -> [ ]
    4767 (23.5424, 2.31005) -> [ 915 (24.625, 1.85075); ]
    4768 (11.2585, 8.96311) -> [ 3848 (12.2255, 8.56705); ]
    4770 (21.5364, 13.8694) -> [ 7975 (22.3703, 14.2826); ]
    4771 (2.11477, 11.3266) -> [ 7632 (2.85195, 9.77828); ]
    4772 (15.3925, 21.7533) -> [ ]
    4773 (6.10786, 1.51436) -> [ ]
    4774 (2.51046, 6.51129) -> [ 141 (2.71889, 5.2172); ]
    4775 (18.2604, 5.43313) -> [ 1101 (19.8863, 4.71148); 2461 (20.0285, 4.73851); 5948 (19.9986, 4.60413); 6241 (19.7713, 4.78342); ]
    4776 (4.74684, 22.9433) -> [ ]
    4777 (21.084, 4.41117) -> [ 8216 (22.8034, 3.60828); ]
    4778 (7.40055, 23.6565) -> [ 7300 (8.16085, 24.714); 8571 (7.89421, 24.2807); ]
    4779 (24.492, 14.3199) -> [ 3307 (24.6966, 14.5031); ]
    4780 (19.1272, 16.5263) -> [ ]
    4781 (10.5177, 19.694) -> [ 398 (12.3147, 20.5543); ]
    4782 (10.455, 6.02169) -> [ ]
    4783 (9.57121, 17.9014) -> [ 15 (10.9986, 18.3586); ]
    4784 (16.9682, 0.481186) -> [ ]
    4785 (19.425, 6.77991) -> [ 2972 (20.8854, 6.32895); 3956 (20.6255, 6.37673); 9589 (21.2463, 6.24275); 9764 (19.9874, 6.63248); ]
    4786 (12.5028, 21.7571) -> [ ]
    4788 (7.31739, 14.6054) -> [ ]
    4790 (5.68473, 20.7278) -> [ 774 (6.54321, 21.8492); 7838 (6.65827, 21.9488); 8003 (6.88658, 22.2791); 9717 (6.36565, 21.5854); ]
    4791 (8.13841, 7.74381) -> [ ]
    4793 (13.1656, 18.8306) -> [ ]
    4795 (1.73641, 8.50834) -> [ ]
    4796 (1.50955, 15.0175) -> [ 579 (3.34842, 15.0874); ]
    4797 (5.23197, 18.9638) -> [ 1872 (6.17569, 19.9891); 1889 (5.7689, 19.5327); ]
    4798 (3.26699, 2.16421) -> [ 7989 (3.47651, 1.24753); 9667 (3.50124, 0.44363); ]
    4799 (7.269, 10.0383) -> [ ]
    4801 (1.75558, 10.7366) -> [ 1823 (2.32721, 8.88164); 2526 (2.17542, 9.46982); 4842 (2.14923, 9.34147); 7445 (2.17871, 9.2333); ]
    4803 (17.3865, 6.44477) -> [ ]
    4804 (11.3239, 20.6703) -> [ 4718 (12.8734, 21.586); 9376 (12.6653, 21.5394); ]
    4807 (12.1646, 23.4862) -> [ ]
    4808 (18.603, 22.2469) -> [ ]
    4810 (20.3299, 22.4773) -> [ ]
    4811 (21.709, 18.2161) -> [ 1586 (23.0846, 19.4815); ]
    4813 (1.80511, 23.5451) -> [ ]
    4814 (18.4324, 13.2846) -> [ ]
    4815 (5.99814, 13.8214) -> [ ]
    4816 (0.95924, 19.7932) -> [ ]
    4817 (7.71234, 23.6705) -> [ ]
    4821 (12.3214, 2.9174) -> [ ]
    4822 (17.922, 15.1948) -> [ ]
    4824 (8.03639, 17.2762) -> [ 6414 (9.68836, 17.8261); ]
    4825 (9.51105, 6.42244) -> [ ]
    4826 (20.6053, 20.3433) -> [ 822 (20.9835, 20.8861); 4736 (21.4796, 21.5844); 8326 (21.5474, 21.734); ]
    4827 (6.89619, 13.4995) -> [ 8476 (7.62276, 14.2504); ]
    4828 (23.153, 8.10478) -> [ ]
    4829 (3.87705, 15.2538) -> [ 3279 (5.34172, 15.4237); 3833 (5.85678, 15.3158); ]
    4834 (24.5378, 16.7025) -> [ ]
    4835 (2.06028, 8.63101) -> [ ]
    4838 (5.92809, 18.8689) -> [ ]
    4839 (12.8468, 18.5648) -> [ ]
    4840 (17.7491, 2.60538) -> [ 7731 (18.412, 2.1782); ]
    4841 (9.24227, 2.43637) -> [ ]
    4842 (2.14923, 9.34147) -> [ 5610 (2.50736, 8.16729); ]
    4843 (11.7065, 20.7844) -> [ 1852 (12.5261, 21.3065); 5242 (13.0602, 21.6091); 6023 (13.3438, 21.6869); 7333 (12.3458, 21.1622); ]
    4844 (23.6893, 11.8059) -> [ ]
    4845 (13.4521, 16.1782) -> [ ]
    4846 (18.3225, 17.3093) -> [ ]
    4847 (1.18595, 21.8119) -> [ 4072 (1.3337, 23.7168); ]
    4848 (15.5404, 11.8605) -> [ ]
    4849 (10.5719, 4.67022) -> [ 9881 (11.9803, 3.3628); ]
    4850 (2.20078, 2.73871) -> [ ]
    4851 (4.25142, 5.23116) -> [ 938 (4.38723, 4.76785); 971 (4.5135, 4.52553); ]
    4852 (3.46628, 11.8088) -> [ 1083 (4.12424, 11.4194); 9620 (5.00759, 10.8363); ]
    4853 (20.7254, 8.88431) -> [ 1991 (22.5874, 8.71023); 9467 (22.5998, 8.73429); ]
    4855 (3.67051, 20.2125) -> [ 9442 (4.34099, 21.577); ]
    4856 (5.79009, 20.0612) -> [ ]
    4857 (6.87742, 6.47498) -> [ ]
    4858 (15.3506, 20.2181) -> [ ]
    4859 (2.0104, 7.31986) -> [ 1509 (2.23347, 5.71258); ]
    4860 (16.5269, 14.4189) -> [ 2132 (17.2132, 15.3649); 2142 (17.2468, 15.4104); ]
    4861 (19.2882, 24.0016) -> [ 9058 (19.4505, 24.4149); ]
    4862 (19.7756, 8.51606) -> [ 1923 (19.8385, 8.51684); 8397 (20.8443, 8.42564); ]
    4863 (2.66106, 10.9847) -> [ ]
    4864 (15.963, 4.01996) -> [ ]
    4865 (20.2328, 11.6264) -> [ 9631 (20.8571, 11.7738); ]
    4866 (0.295384, 10.6436) -> [ ]
    4867 (1.07124, 14.3945) -> [ 9067 (1.2042, 12.9399); ]
    4868 (18.8455, 10.7484) -> [ ]
    4869 (21.5258, 24.7986) -> [ ]
    4870 (6.64647, 10.8447) -> [ ]
    4871 (7.73525, 23.5459) -> [ ]
    4872 (24.4025, 13.9727) -> [ ]
    4873 (8.88868, 2.09064) -> [ ]
    4874 (9.11297, 7.09685) -> [ ]
    4875 (9.94538, 2.30887) -> [ ]
    4876 (2.23403, 8.68322) -> [ ]
    4878 (5.81834, 7.27701) -> [ 764 (6.77569, 6.08846); 1605 (6.16444, 6.76969); 8118 (6.62224, 6.28106); ]
    4881 (7.14912, 18.9381) -> [ ]
    4882 (18.3017, 11.275) -> [ ]
    4886 (5.49681, 19.2098) -> [ 6399 (6.73991, 20.4751); ]
    4887 (9.96108, 5.98609) -> [ ]
    4888 (17.9243, 11.9126) -> [ ]
    4890 (5.12722, 12.9951) -> [ 456 (6.71512, 13.7885); 6257 (6.73528, 13.7877); 8083 (5.88416, 13.1357); ]
    4891 (19.2662, 2.88124) -> [ 9605 (19.9262, 2.47994); ]
    4892 (21.5764, 23.693) -> [ ]
    4893 (13.4319, 17.3787) -> [ 420 (14.2905, 17.5738); 1887 (14.4325, 17.5479); 2629 (13.4758, 17.3974); ]
    4894 (22.8121, 5.61064) -> [ 7003 (24.473, 5.03292); 8791 (24.1173, 5.14793); ]
    4895 (15.8154, 23.822) -> [ 4818 (17.2616, 24.6892); ]
    4896 (22.1625, 22.3855) -> [ 655 (23.1409, 23.7314); 1881 (22.75, 23.1816); ]
    4897 (18.7647, 8.89319) -> [ 8148 (20.3186, 8.80336); ]
    4899 (22.9639, 1.91858) -> [ 9652 (24.4868, 1.09329); ]
    4900 (6.52113, 14.4822) -> [ 5888 (7.71133, 15.7068); ]
    4901 (7.3985, 8.35387) -> [ 295 (7.94005, 7.90387); 4791 (8.13841, 7.74381); 5013 (8.75654, 7.19856); ]
    4902 (8.80196, 18.2278) -> [ 9843 (10.3385, 18.9324); ]
    4903 (14.2871, 11.3676) -> [ ]
    4904 (21.9827, 14.6821) -> [ 9278 (23.2483, 15.8109); ]
    4905 (1.57854, 11.475) -> [ 262 (2.16074, 9.66155); 1674 (1.83095, 10.0276); 2859 (1.67223, 10.9359); 4801 (1.75558, 10.7366); 4978 (1.60002, 11.2532); 5155 (1.66772, 11.3644); 6545 (2.12814, 10.0877); 8065 (1.9451, 9.93916); 8676 (1.9157, 10.6719); 8775 (2.2281, 9.80136); 8897 (1.56247, 11.3826); 8900 (1.97124, 9.80797); 9049 (1.90511, 10.1593); 9494 (1.81247, 9.90794); 9937 (1.81293, 10.2236); ]
    4906 (13.8932, 18.5195) -> [ ]
    4907 (19.0852, 13.4308) -> [ 4266 (19.7089, 13.8308); ]
    4908 (2.61778, 7.48521) -> [ 2505 (3.15739, 5.80964); 4968 (3.05342, 5.60652); ]
    4909 (19.4066, 7.85375) -> [ ]
    4911 (22.5096, 19.7626) -> [ 7079 (23.8914, 21.2047); ]
    4912 (17.0454, 9.20244) -> [ 1546 (18.5363, 9.24505); 4127 (17.7307, 9.21743); 6645 (17.5614, 9.21832); ]
    4913 (15.0839, 19.0089) -> [ ]
    4914 (22.513, 13.9507) -> [ ]
    4915 (5.50089, 24.2094) -> [ ]
    4916 (14.0861, 20.0351) -> [ 748 (15.4702, 21.0387); 7656 (14.9973, 20.6549); 9323 (15.302, 21.0437); 9669 (14.752, 20.6053); ]
    4917 (4.77728, 18.415) -> [ 6530 (5.78004, 19.3477); ]
    4918 (17.1695, 14.4018) -> [ ]
    4919 (5.35597, 22.9002) -> [ ]
    4920 (17.6435, 4.05917) -> [ 3105 (19.2327, 3.16843); 3758 (18.5775, 3.53707); 7116 (18.7372, 3.43287); ]
    4921 (3.11366, 2.75687) -> [ 1611 (3.51159, 0.869791); 7017 (3.51723, 0.828889); ]
    4922 (10.214, 2.64661) -> [ ]
    4923 (5.17451, 21.9899) -> [ ]
    4924 (21.0665, 20.7828) -> [ ]
    4925 (17.4958, 6.14111) -> [ ]
    4927 (16.8403, 18.2404) -> [ 2120 (17.4905, 19.868); 3051 (17.2051, 19.0904); 6116 (17.3454, 19.5373); ]
    4928 (7.72411, 20.6401) -> [ ]
    4930 (4.83746, 8.31804) -> [ ]
    4933 (4.30196, 8.64789) -> [ 7033 (5.05018, 7.48747); 7453 (5.13149, 7.37352); 7971 (5.25968, 7.24395); ]
    4934 (0.522922, 8.72544) -> [ 1168 (0.421074, 7.54748); ]
    4935 (5.5053, 6.71625) -> [ 4406 (6.29675, 5.49068); 7105 (6.62583, 5.11903); ]
    4937 (23.1864, 19.376) -> [ 159 (24.0366, 20.0732); 2492 (24.3149, 20.4724); 9962 (24.5178, 20.7305); ]
    4940 (8.4704, 2.62598) -> [ ]
    4941 (6.1843, 12.344) -> [ 5149 (7.02324, 12.1908); ]
    4942 (20.6039, 22.663) -> [ 2668 (21.1275, 23.7354); ]
    4943 (10.6521, 6.61588) -> [ 5178 (11.361, 6.1561); ]
    4944 (0.630509, 19.1187) -> [ ]
    4945 (6.25033, 23.0521) -> [ ]
    4946 (22.4288, 4.25421) -> [ 9893 (24.2486, 3.51587); ]
    4947 (20.6837, 19.6829) -> [ ]
    4948 (7.47042, 1.53832) -> [ ]
    4949 (9.57561, 20.6812) -> [ 2635 (11.0324, 21.6791); 6816 (11.0478, 21.6764); ]
    4952 (1.9072, 22.7984) -> [ 257 (2.19452, 24.6311); 450 (2.06809, 24.1014); 2988 (2.02439, 23.9627); 7347 (1.9323, 23.0107); ]
    4953 (18.9197, 23.9665) -> [ ]
    4956 (10.7738, 5.99181) -> [ 2577 (11.3947, 5.50201); ]
    4957 (7.07901, 8.73246) -> [ ]
    4958 (1.20627, 5.46156) -> [ ]
    4959 (3.32575, 8.91744) -> [ ]
    4960 (22.276, 17.8786) -> [ 6096 (23.7778, 19.1634); ]
    4962 (14.6948, 4.79501) -> [ 6363 (16.2421, 3.7879); ]
    4963 (15.5647, 13.9553) -> [ 4538 (16.1091, 15.2396); 5332 (15.9511, 14.8918); ]
    4965 (1.57636, 7.89388) -> [ 2374 (1.58737, 7.74092); 9763 (1.71821, 5.91332); ]
    4966 (21.8989, 23.3044) -> [ ]
    4967 (1.27444, 16.3941) -> [ 1521 (1.46972, 17.4141); ]
    4968 (3.05342, 5.60652) -> [ 4418 (3.3906, 4.31879); 6431 (3.41191, 4.43745); ]
    4969 (4.20216, 5.72874) -> [ 1494 (4.66568, 4.5345); 1907 (4.77813, 4.32308); ]
    4970 (6.42499, 11.41) -> [ ]
    4971 (13.7162, 5.52586) -> [ 9715 (15.1895, 4.62542); ]
    4972 (19.7771, 20.5058) -> [ 8946 (20.7791, 22.1905); ]
    4973 (8.27634, 2.75854) -> [ ]
    4974 (13.068, 19.5535) -> [ 8767 (14.4658, 20.8536); ]
    4975 (11.6913, 18.298) -> [ 354 (13.0554, 19.5727); 1307 (11.8197, 18.4139); 4974 (13.068, 19.5535); 7236 (12.6002, 19.2914); ]
    4976 (10.4245, 2.01869) -> [ 9441 (11.6623, 0.485149); ]
    4977 (10.1815, 18.4942) -> [ ]
    4978 (1.60002, 11.2532) -> [ ]
    4979 (20.8915, 11.2419) -> [ 296 (21.9778, 11.4368); 1535 (21.074, 11.2867); 2310 (22.7243, 11.6498); 8029 (21.4875, 11.3832); 8990 (22.4837, 11.558); ]
    4980 (0.801848, 13.1148) -> [ 4101 (0.808538, 11.1727); 5386 (0.583176, 11.3218); 8285 (0.405992, 11.2784); ]
    4981 (4.43035, 23.4474) -> [ 1014 (4.99535, 24.5651); 3308 (5.14955, 24.8099); 6932 (4.65695, 24.0633); ]
    4982 (10.0799, 3.18255) -> [ ]
    4983 (12.9557, 5.47933) -> [ ]
    4986 (6.18784, 21.2805) -> [ ]
    4988 (13.7109, 23.9585) -> [ 2521 (14.5203, 24.5942); 7292 (14.5477, 24.587); ]
    4989 (6.19995, 16.0928) -> [ 4440 (8.05367, 16.4996); 8347 (8.11038, 16.4507); 8875 (7.8425, 16.4965); ]
    4990 (11.0398, 2.71549) -> [ ]
    4991 (10.3856, 23.14) -> [ 7487 (10.9468, 23.6323); 9229 (11.7058, 24.3001); ]
    4992 (13.9975, 3.22391) -> [ ]
    4993 (2.47378, 3.24097) -> [ ]
    4994 (23.7347, 23.2025) -> [ 2046 (24.8952, 24.578); ]
    4995 (20.4199, 10.8621) -> [ ]
    4996 (16.2656, 1.90397) -> [ 7121 (17.7967, 0.707825); ]
    4997 (23.9725, 17.4895) -> [ ]
    5000 (7.08204, 4.82308) -> [ ]
    5001 (19.4451, 13.696) -> [ 3085 (19.9886, 14.0364); ]
    5002 (20.2238, 14.9636) -> [ 2884 (21.7633, 16.0307); ]
    5003 (18.3605, 22.1182) -> [ 8525 (18.8925, 23.5021); ]
    5005 (10.0261, 22.6001) -> [ 6826 (11.22, 23.4655); ]
    5006 (12.3576, 5.34151) -> [ 4333 (13.4254, 4.55834); ]
    5007 (12.6525, 23.1526) -> [ ]
    5008 (23.8325, 16.0421) -> [ 2868 (24.5213, 16.5644); 9118 (24.0679, 16.2474); ]
    5010 (20.1544, 19.9151) -> [ ]
    5011 (20.9642, 2.93654) -> [ ]
    5012 (5.5526, 12.3942) -> [ ]
    5013 (8.75654, 7.19856) -> [ 507 (9.5988, 6.4465); 3926 (10.0507, 6.15143); 8926 (10.2122, 6.02411); 9752 (9.99811, 6.17713); ]
    5014 (18.4963, 1.41851) -> [ 1454 (19.3933, 0.783892); ]
    5017 (0.45985, 13.983) -> [ ]
    5018 (11.0035, 3.46395) -> [ 76 (12.3105, 2.05573); 566 (12.1123, 2.26679); 7786 (12.2206, 2.20468); ]
    5019 (3.82766, 21.4281) -> [ 2493 (4.24474, 22.6193); ]
    5020 (16.4908, 6.41918) -> [ ]
    5021 (20.8625, 15.0747) -> [ ]
    5023 (12.7197, 23.0812) -> [ ]
    5024 (3.95816, 21.1004) -> [ 8863 (4.63907, 22.3752); ]
    5025 (17.7471, 18.844) -> [ ]
    5027 (15.5092, 16.5889) -> [ 465 (15.6617, 17.1671); 5720 (15.9045, 18.3211); ]
    5029 (0.15793, 22.4093) -> [ ]
    5030 (12.7187, 22.0521) -> [ ]
    5032 (9.71703, 23.9448) -> [ 5443 (10.429, 24.7148); ]
    5033 (4.19594, 15.9369) -> [ 1327 (6.06623, 16.3306); 2383 (5.91508, 16.3517); 4442 (5.22919, 16.255); 7314 (5.1336, 16.2342); 9649 (5.18304, 16.2529); ]
    5034 (13.5406, 7.27461) -> [ 8286 (15.3498, 6.43396); 8832 (15.2734, 6.4626); ]
    5035 (18.4274, 20.1495) -> [ 9662 (18.8592, 21.0431); 9947 (19.1228, 21.2879); ]
    5036 (12.4692, 4.60152) -> [ ]
    5037 (8.96605, 20.2512) -> [ 618 (9.98796, 20.9653); 2784 (9.17555, 20.4209); 4949 (9.57561, 20.6812); 6842 (10.1139, 21.0785); ]
    5040 (14.859, 0.878899) -> [ 2334 (15.824, 0.0884367); ]
    5041 (21.1449, 3.79714) -> [ ]
    5042 (10.9434, 8.95143) -> [ 216 (12.2071, 8.45057); 3031 (11.7436, 8.59036); 7402 (11.9475, 8.44843); 9241 (12.6873, 8.23749); 9399 (12.1894, 8.32117); ]
    5043 (19.7611, 16.3152) -> [ ]
    5044 (1.61473, 9.14488) -> [ ]
    5047 (11.8888, 1.74574) -> [ ]
    5048 (10.3677, 20.8169) -> [ ]
    5049 (8.57789, 18.9415) -> [ 3002 (9.61896, 19.505); ]
    5050 (15.1948, 23.5571) -> [ 5273 (16.4573, 24.3585); ]
    5051 (4.30467, 23.54) -> [ 4716 (4.89895, 24.9674); ]
    5052 (7.49395, 10.1748) -> [ 5559 (9.0319, 9.32813); ]
    5055 (7.36046, 10.2475) -> [ 9844 (7.80261, 10.0675); ]
    5057 (4.28076, 14.4901) -> [ 1041 (4.94577, 14.3853); ]
    5058 (4.27659, 4.98465) -> [ 3535 (4.35007, 4.77848); ]
    5059 (6.22857, 3.64404) -> [ 9615 (7.18162, 1.89571); ]
    5060 (7.79619, 6.23322) -> [ ]
    5061 (6.50834, 16.8569) -> [ 674 (8.2547, 17.5187); 2459 (7.25959, 17.1074); 4084 (8.06084, 17.3872); ]
    5062 (15.0135, 20.0206) -> [ 944 (15.6366, 20.4576); 3731 (15.5461, 20.479); 4558 (16.0337, 20.8328); 9363 (16.3528, 21.0041); ]
    5066 (22.3648, 14.7691) -> [ 5008 (23.8325, 16.0421); 7909 (23.7151, 15.9761); ]
    5068 (19.4509, 16.4979) -> [ 7432 (20.4833, 17.5372); ]
    5070 (12.1734, 4.69521) -> [ 56 (13.6102, 3.5759); 860 (13.3101, 3.78386); 1313 (12.4502, 4.37931); 2055 (13.4849, 3.6966); 9926 (12.8472, 4.14671); ]
    5071 (7.82262, 19.373) -> [ ]
    5072 (3.13626, 8.05907) -> [ 2176 (3.93824, 6.26463); ]
    5073 (18.1061, 17.4152) -> [ 7095 (18.5818, 18.1736); 7578 (18.7462, 18.5934); 8527 (18.8984, 18.7259); ]
    5075 (24.7098, 17.3347) -> [ ]
    5076 (20.3501, 21.5945) -> [ 347 (20.9374, 22.5222); 2360 (21.0964, 22.8172); 4349 (21.1902, 23.0304); 4375 (20.9357, 22.5126); ]
    5078 (21.4881, 18.4781) -> [ ]
    5079 (2.26273, 8.83953) -> [ 3398 (2.50283, 7.95623); 4908 (2.61778, 7.48521); ]
    5080 (8.63871, 9.44938) -> [ ]
    5082 (13.6166, 8.621) -> [ 2401 (14.721, 8.31157); ]
    5083 (10.0842, 24.0943) -> [ 2934 (10.9028, 24.9141); 9484 (10.9742, 24.9392); ]
    5085 (10.4961, 7.80833) -> [ 3499 (12.1054, 6.847); 3912 (12.1754, 6.77008); 7193 (11.9301, 6.95483); 8276 (12.0345, 6.8468); ]
    5087 (7.39059, 14.1204) -> [ ]
    5088 (21.4305, 22.1374) -> [ ]
    5089 (22.8682, 6.11683) -> [ 8546 (23.7546, 5.93968); ]
    5091 (12.5036, 18.028) -> [ ]
    5092 (16.7044, 24.5772) -> [ ]
    5093 (19.6609, 3.5656) -> [ ]
    5094 (15.6787, 3.01279) -> [ ]
    5095 (22.891, 22.1358) -> [ 185 (23.9702, 23.4788); 4994 (23.7347, 23.2025); 9968 (23.702, 23.1727); ]
    5097 (0.979493, 14.1616) -> [ ]
    5098 (20.8163, 17.4598) -> [ 6037 (22.2612, 18.8301); 7754 (21.8735, 18.4969); 9827 (21.5061, 18.0497); ]
    5099 (22.4323, 13.7235) -> [ 230 (23.4113, 14.2921); 304 (22.9094, 13.9445); 778 (23.3273, 14.1162); 1868 (23.2639, 14.0811); 7711 (23.0933, 14.0758); 7998 (23.8321, 14.6111); 8611 (23.5768, 14.2734); 9087 (23.0952, 14.0044); 9517 (23.5002, 14.3207); ]
    5101 (7.03844, 2.96405) -> [ ]
    5102 (2.34321, 10.8036) -> [ 9342 (2.87514, 9.37603); ]
    5103 (1.78268, 23.3484) -> [ 2641 (1.94936, 24.9088); 4813 (1.80511, 23.5451); ]
    5105 (0.591283, 2.30142) -> [ 1653 (0.614866, 0.772336); 2106 (0.617926, 1.11932); ]
    5106 (15.1577, 15.2334) -> [ ]
    5107 (3.04951, 20.2328) -> [ 8129 (3.50796, 21.6354); ]
    5108 (5.12805, 13.4893) -> [ 1505 (5.43082, 13.6526); ]
    5110 (0.17731, 19.3064) -> [ 6791 (0.0706783, 19.7997); ]
    5111 (6.65292, 22.3618) -> [ 5199 (7.54495, 23.5014); ]
    5112 (18.5585, 12.8812) -> [ 1739 (19.5576, 13.4245); 3675 (18.8304, 13.0602); 7499 (19.5219, 13.3673); ]
    5113 (23.5161, 15.4221) -> [ ]
    5115 (5.24418, 11.5207) -> [ 3617 (6.42948, 10.9792); ]
    5116 (12.0433, 7.32134) -> [ 8037 (12.7269, 7.01365); 8534 (12.8694, 6.80369); ]
    5117 (16.8915, 3.98111) -> [ 9140 (17.9587, 3.2645); ]
    5118 (11.7065, 2.92416) -> [ 6067 (13.1203, 1.58607); ]
    5119 (19.4627, 16.4167) -> [ 7360 (20.7398, 17.6967); ]
    5120 (0.922355, 4.9145) -> [ 1712 (0.859584, 2.9558); 8039 (0.90766, 3.15574); 9613 (0.848549, 2.94403); ]
    5122 (13.5741, 10.3929) -> [ 32 (14.7757, 11.415); 953 (13.8582, 10.5844); 1549 (15.2715, 11.2684); 1895 (14.9062, 11.5768); 4297 (13.9807, 10.6979); 5618 (14.9909, 11.5353); 5971 (14.7149, 11.5507); 6413 (14.8249, 11.0842); 7209 (15.0859, 11.1731); 7770 (14.7002, 11.7056); 8588 (15.0113, 11.1038); 9038 (14.9365, 11.5273); 9537 (14.2943, 10.8857); ]
    5125 (18.2372, 19.1994) -> [ 2439 (18.9221, 20.7906); ]
    5126 (5.21448, 13.363) -> [ ]
    5127 (14.4683, 5.44831) -> [ ]
    5129 (14.7233, 13.6752) -> [ ]
    5131 (6.3701, 11.4627) -> [ ]
    5132 (7.96049, 5.15785) -> [ 5621 (9.10854, 3.69197); 9683 (8.96317, 3.72002); ]
    5134 (7.79798, 4.61525) -> [ ]
    5135 (13.8675, 19.5755) -> [ 25 (14.9319, 20.4684); ]
    5141 (2.29635, 3.3859) -> [ ]
    5142 (8.06878, 17.289) -> [ 1762 (9.4669, 17.8237); ]
    5143 (2.38425, 15.0146) -> [ ]
    5145 (10.0543, 3.79593) -> [ 1685 (11.1836, 2.4949); ]
    5146 (5.73641, 3.40118) -> [ 2350 (6.53271, 1.80949); ]
    5147 (11.2551, 21.5596) -> [ 554 (12.4392, 22.2731); 710 (12.771, 22.4689); 1552 (12.6254, 22.4866); ]
    5148 (11.1562, 16.8893) -> [ 7546 (12.8773, 17.5796); ]
    5150 (24.0907, 11.1741) -> [ ]
    5151 (0.572963, 7.29092) -> [ ]
    5152 (8.67039, 6.63028) -> [ 3140 (10.1303, 5.27732); ]
    5153 (0.844737, 23.827) -> [ ]
    5156 (14.813, 3.68995) -> [ 134 (15.4169, 3.32853); 6536 (15.497, 3.20315); 8122 (15.4465, 3.25516); ]
    5157 (23.5598, 17.1625) -> [ ]
    5158 (15.2843, 20.097) -> [ ]
    5159 (13.9758, 18.5645) -> [ ]
    5160 (1.80764, 21.088) -> [ 866 (2.14286, 23.0381); ]
    5161 (18.7322, 15.2554) -> [ 5043 (19.7611, 16.3152); ]
    5162 (22.8463, 0.906035) -> [ ]
    5163 (5.58519, 7.2639) -> [ ]
    5164 (16.2569, 15.7386) -> [ 5895 (17.0161, 17.1489); 6459 (16.9855, 17.3717); 8189 (16.9634, 17.1621); 8502 (16.9332, 17.0782); ]
    5165 (21.6247, 1.59243) -> [ 3992 (23.167, 0.698458); 5162 (22.8463, 0.906035); ]
    5166 (10.5235, 5.67688) -> [ 4133 (10.9779, 5.26669); ]
    5167 (11.1939, 6.86445) -> [ 7386 (12.6654, 5.88517); ]
    5168 (22.0342, 9.02809) -> [ 9636 (24.0204, 8.8462); ]
    5170 (18.9021, 22.6603) -> [ ]
    5171 (19.6876, 18.3144) -> [ 892 (20.7537, 19.6921); 3514 (20.8089, 19.7599); ]
    5172 (15.9238, 12.7248) -> [ 2995 (16.3951, 13.1933); 7972 (16.8442, 13.6237); ]
    5173 (22.12, 12.3713) -> [ 288 (24.0182, 12.7263); 3634 (23.6793, 12.6425); ]
    5174 (2.66582, 19.4313) -> [ ]
    5175 (6.61247, 7.99009) -> [ ]
    5176 (4.8229, 6.01861) -> [ ]
    5177 (16.3532, 22.2946) -> [ 8396 (17.2918, 23.0688); ]
    5178 (11.361, 6.1561) -> [ ]
    5180 (13.6826, 22.1938) -> [ 6314 (15.1516, 23.1159); ]
    5181 (1.21299, 12.1225) -> [ ]
    5184 (10.0467, 23.8301) -> [ 3699 (11.0096, 24.77); 5270 (10.7279, 24.494); 6204 (10.4772, 24.277); ]
    5186 (8.74164, 1.93732) -> [ ]
    5187 (18.5051, 16.0672) -> [ 309 (19.7074, 17.5408); ]
    5188 (12.2888, 8.66361) -> [ 2785 (13.9112, 8.1717); ]
    5189 (7.02916, 5.89813) -> [ ]
    5190 (19.8652, 8.92238) -> [ 9027 (20.342, 8.89567); ]
    5191 (2.04238, 6.46783) -> [ ]
    5192 (7.89978, 10.0679) -> [ ]
    5193 (10.1673, 2.12533) -> [ 6462 (10.4949, 1.65173); ]
    5194 (19.6571, 12.4835) -> [ ]
    5195 (22.5082, 18.7739) -> [ ]
    5197 (14.4741, 10.3722) -> [ 1671 (15.9235, 10.7105); 2388 (16.3053, 10.718); 3665 (16.205, 10.763); 6232 (16.0568, 10.7792); 8585 (16.2275, 10.7834); ]
    5198 (17.559, 22.7949) -> [ ]
    5203 (6.10156, 3.16861) -> [ 2515 (6.88901, 1.52086); 3125 (6.85704, 1.68403); 6423 (6.90359, 1.54817); ]
    5204 (9.35892, 5.43475) -> [ ]
    5205 (15.6177, 23.9421) -> [ ]
    5207 (18.4093, 20.5873) -> [ ]
    5208 (18.3209, 12.2501) -> [ 475 (19.0757, 12.603); 2063 (19.5059, 12.808); 2913 (19.6835, 12.7401); 3605 (19.8088, 12.8226); 8565 (19.3967, 12.6786); ]
    5209 (15.7408, 21.7186) -> [ 5177 (16.3532, 22.2946); 6638 (17.267, 22.9205); 8645 (16.9357, 22.6721); ]
    5210 (2.61478, 22.389) -> [ 1558 (2.86358, 24.0173); 4122 (3.02913, 23.9762); ]
    5211 (2.44874, 20.6817) -> [ ]
    5212 (16.948, 6.59842) -> [ 3655 (18.2708, 6.07086); 4568 (18.4246, 5.92923); ]
    5213 (1.33337, 21.5185) -> [ 1051 (1.36628, 22.6517); 2723 (1.36749, 22.9146); 3026 (1.3379, 23.1649); 6384 (1.39609, 22.6614); ]
    5214 (22.1433, 11.0089) -> [ 9283 (24.0546, 11.3014); ]
    5216 (4.71106, 10.844) -> [ ]
    5217 (22.0175, 0.452571) -> [ 9707 (22.5216, 0.160933); ]
    5218 (3.99668, 9.66397) -> [ ]
    5220 (3.63752, 10.3738) -> [ ]
    5221 (1.35652, 3.03547) -> [ ]
    5222 (9.75789, 21.46) -> [ 2691 (10.2383, 21.7699); 3373 (10.9588, 22.293); ]
    5223 (17.9401, 15.1923) -> [ ]
    5224 (15.3378, 8.66513) -> [ 4147 (15.9269, 8.56249); 9541 (16.5102, 8.43765); ]
    5225 (19.1215, 15.798) -> [ 1240 (19.6749, 16.3424); 4653 (19.9846, 16.7122); ]
    5227 (0.170987, 19.4308) -> [ ]
    5228 (19.85, 2.97594) -> [ ]
    5230 (6.43415, 20.5915) -> [ 9371 (7.63263, 21.833); ]
    5231 (19.8624, 10.9497) -> [ 6313 (21.6125, 11.2915); ]
    5232 (8.46384, 23.0223) -> [ 1326 (9.40665, 23.9619); 6800 (9.36087, 24.0683); ]
    5233 (18.6066, 11.605) -> [ ]
    5234 (22.1037, 21.3176) -> [ 2134 (22.9229, 22.2978); 4575 (23.2894, 22.7765); 6636 (23.0165, 22.4867); ]
    5235 (20.6907, 3.88212) -> [ ]
    5236 (7.59974, 4.99659) -> [ 830 (8.39706, 3.90318); 2513 (8.49855, 3.78725); 4080 (8.59341, 3.59096); 6872 (8.40452, 3.87181); 8372 (8.34412, 4.0274); ]
    5237 (20.1226, 10.713) -> [ 103 (21.1265, 10.8493); 1135 (21.7108, 10.9168); 1210 (21.5751, 10.8682); 4076 (21.5869, 10.875); 7108 (21.4874, 10.9498); ]
    5239 (16.6984, 17.551) -> [ 3565 (17.1632, 18.5816); ]
    5240 (20.3926, 4.77324) -> [ ]
    5241 (0.611683, 7.42958) -> [ 3779 (0.54759, 5.66286); ]
    5242 (13.0602, 21.6091) -> [ 6430 (14.6017, 22.5325); 6659 (14.132, 22.2008); ]
    5243 (1.63943, 9.66715) -> [ 3268 (1.82673, 8.13077); ]
    5244 (2.38943, 22.0009) -> [ ]
    5245 (23.4319, 11.7405) -> [ 1278 (24.7133, 11.9995); ]
    5248 (20.007, 2.81939) -> [ ]
    5249 (4.32468, 1.69328) -> [ ]
    5250 (20.5448, 16.0054) -> [ 1121 (21.4879, 16.6814); ]
    5251 (16.3781, 17.1282) -> [ 1450 (17.0295, 18.687); 3551 (16.9427, 18.8555); 4927 (16.8403, 18.2404); 9142 (17.1108, 18.7382); 9528 (17.02, 18.7699); ]
    5252 (12.1352, 16.7417) -> [ 3598 (13.137, 16.787); 4259 (13.4326, 16.8046); 8653 (13.384, 16.8064); ]
    5253 (15.2452, 3.31599) -> [ ]
    5254 (14.3705, 21.3094) -> [ ]
    5255 (13.8239, 4.52847) -> [ 5816 (14.9158, 3.76305); ]
    5256 (23.9798, 9.71748) -> [ ]
    5257 (10.572, 23.1164) -> [ 2683 (11.4066, 23.7988); 3375 (11.9829, 24.2639); ]
    5258 (20.8101, 18.8993) -> [ 3777 (21.9389, 20.2576); 6226 (21.4816, 19.7365); ]
    5260 (1.81587, 21.1796) -> [ ]
    5261 (6.72669, 22.7573) -> [ 4762 (7.12435, 23.3144); ]
    5262 (1.27015, 1.69413) -> [ 1661 (1.38549, 0.510801); ]
    5263 (20.8738, 5.90054) -> [ 6263 (22.2607, 5.43854); 7426 (22.2751, 5.41854); ]
    5265 (16.2181, 4.46781) -> [ ]
    5266 (3.48179, 2.35723) -> [ ]
    5267 (22.4961, 3.45247) -> [ ]
    5268 (6.5988, 13.9258) -> [ ]
    5269 (8.86179, 20.6456) -> [ 4145 (9.30237, 20.9442); ]
    5271 (20.0522, 13.3959) -> [ 1323 (20.4471, 13.5665); ]
    5272 (13.0662, 4.696) -> [ ]
    5273 (16.4573, 24.3585) -> [ ]
    5274 (19.445, 14.3962) -> [ 3972 (20.818, 15.3919); ]
    5275 (23.8212, 23.7242) -> [ 1604 (24.7613, 24.9043); ]
    5276 (24.5232, 16.0857) -> [ ]
    5277 (12.5868, 6.26584) -> [ ]
    5279 (15.1975, 9.68831) -> [ 4367 (16.7888, 9.7919); ]
    5281 (14.57, 12.4707) -> [ 2450 (15.0614, 13.748); 6361 (15.2231, 14.2832); ]
    5282 (11.8011, 17.9475) -> [ 2023 (13.3027, 19.0546); 2231 (12.8511, 18.7892); 8782 (12.302, 18.3042); ]
    5283 (16.941, 0.316393) -> [ 4806 (17.3032, 0.0677104); ]
    5284 (15.711, 19.8621) -> [ ]
    5285 (7.86596, 8.05705) -> [ ]
    5286 (15.3704, 11.1724) -> [ 2418 (16.7877, 11.8973); 5875 (16.8662, 11.8536); 9516 (16.9291, 11.9105); ]
    5288 (16.2043, 23.4138) -> [ 3076 (17.5392, 24.2121); 9857 (17.0993, 23.9108); ]
    5291 (23.9767, 16.799) -> [ ]
    5292 (15.951, 20.0018) -> [ 4282 (16.7251, 20.4097); 4714 (16.7468, 20.4528); ]
    5294 (18.4165, 6.44977) -> [ ]
    5295 (13.68, 21.6174) -> [ 9985 (15.4596, 22.528); ]
    5296 (1.72966, 12.1472) -> [ ]
    5297 (18.9881, 11.1546) -> [ 9251 (20.0175, 11.3069); 9642 (20.8009, 11.3919); ]
    5298 (1.62646, 4.20793) -> [ 861 (1.71119, 2.48195); 1711 (1.65877, 2.8681); 5624 (1.6316, 3.2634); 8999 (1.66084, 2.68355); ]
    5299 (0.384129, 3.50653) -> [ 2304 (0.307385, 2.28754); 3941 (0.329945, 2.11768); ]
    5301 (15.5595, 7.15925) -> [ 1299 (17.018, 6.47914); 5212 (16.948, 6.59842); ]
    5302 (10.2187, 17.9485) -> [ ]
    5303 (4.92727, 11.8407) -> [ ]
    5304 (18.1426, 4.89004) -> [ 3512 (19.531, 4.09635); 5848 (19.2136, 4.35967); ]
    5305 (6.53093, 3.68558) -> [ ]
    5306 (9.34184, 4.06293) -> [ ]
    5308 (7.1425, 18.7217) -> [ 20 (8.68664, 19.5319); 1255 (8.80587, 19.6443); ]
    5309 (19.1983, 3.85683) -> [ 6353 (20.6925, 3.07771); 6612 (20.8483, 2.87918); ]
    5310 (19.9967, 8.11177) -> [ 1618 (21.3152, 7.97521); ]
    5311 (0.382679, 19.7842) -> [ 1869 (0.321095, 20.3205); 3783 (0.24007, 21.0932); 5391 (0.152438, 21.4822); ]
    5312 (14.233, 20.5354) -> [ 1127 (15.0278, 21.2061); 3296 (15.1875, 21.4062); 8906 (15.1394, 21.3457); ]
    5315 (19.1294, 13.7975) -> [ ]
    5316 (7.48858, 6.38947) -> [ 723 (8.80665, 4.98126); 2186 (8.39935, 5.42332); ]
    5317 (18.923, 13.9375) -> [ ]
    5318 (12.2487, 22.6585) -> [ 4012 (13.8103, 23.6532); ]
    5319 (17.0965, 11.7283) -> [ 2058 (18.8507, 12.4052); 2287 (18.3716, 12.2365); 5208 (18.3209, 12.2501); ]
    5320 (1.31184, 14.8776) -> [ 2129 (3.24918, 14.4422); ]
    5321 (7.07658, 8.2778) -> [ ]
    5324 (11.5496, 6.74017) -> [ ]
    5325 (22.7166, 19.7262) -> [ ]
    5326 (3.80047, 13.2478) -> [ ]
    5328 (1.45214, 18.9068) -> [ 889 (1.70342, 20.8659); 9549 (1.68573, 20.8877); ]
    5331 (5.16053, 1.43786) -> [ ]
    5332 (15.9511, 14.8918) -> [ ]
    5333 (20.9832, 6.47363) -> [ 4171 (22.7495, 5.90847); 5375 (22.026, 6.20385); 5537 (22.1457, 6.09857); ]
    5335 (24.0265, 19.1198) -> [ ]
    5336 (18.7538, 13.8292) -> [ ]
    5337 (4.11583, 18.6348) -> [ 1864 (5.38573, 20.1422); ]
    5338 (11.1962, 17.9808) -> [ 6988 (12.5045, 19.4121); ]
    5339 (15.893, 11.3059) -> [ 5811 (17.2163, 11.9266); ]
    5340 (8.69797, 1.77052) -> [ 633 (9.66933, 0.243539); ]
    5341 (13.7601, 22.3284) -> [ 8405 (14.2959, 22.6667); ]
    5342 (18.5557, 16.6407) -> [ 4421 (19.1873, 17.4588); 9284 (19.0728, 17.2512); 9783 (18.7873, 16.9403); ]
    5343 (0.831489, 14.4966) -> [ 3251 (0.652117, 12.9377); 7823 (0.324312, 12.9876); ]
    5346 (4.35496, 18.9839) -> [ 267 (5.42761, 20.2455); 1378 (5.61649, 20.3566); ]
    5347 (20.4255, 14.7765) -> [ ]
    5349 (3.96963, 11.2983) -> [ 2950 (5.30345, 10.1801); 4255 (5.22425, 10.3511); 5404 (5.51173, 10.036); 6007 (4.27187, 11.0417); 9149 (4.64678, 10.7309); ]
    5350 (11.6779, 21.5815) -> [ 1672 (13.1321, 22.4125); ]
    5351 (5.30385, 22.0016) -> [ 2151 (6.32109, 23.6389); ]
    5352 (19.3894, 2.70995) -> [ 4248 (20.0266, 2.32073); ]
    5353 (4.18799, 23.114) -> [ 7064 (4.83862, 24.9066); ]
    5354 (19.7282, 5.93381) -> [ ]
    5355 (6.6569, 23.504) -> [ ]
    5356 (12.3677, 16.8668) -> [ 8321 (13.3897, 16.9712); ]
    5357 (15.089, 14.8842) -> [ 5027 (15.5092, 16.5889); 9782 (15.4635, 16.6159); ]
    5358 (12.5645, 7.67606) -> [ 9531 (13.6262, 7.18236); ]
    5359 (6.25179, 0.915049) -> [ 5009 (6.64115, 0.0635603); ]
    5360 (14.383, 9.34665) -> [ ]
    5361 (5.22534, 6.60519) -> [ 8414 (5.86088, 5.47057); 9226 (6.19419, 5.05911); ]
    5363 (8.17029, 20.6262) -> [ ]
    5364 (19.3856, 13.4658) -> [ 1948 (20.7092, 14.191); 3262 (20.3139, 14.047); 4611 (21.0539, 14.4389); 8375 (21.0468, 14.4509); 9168 (20.8506, 14.2654); 9702 (20.592, 14.068); ]
    5365 (4.9592, 16.5056) -> [ 7640 (6.19418, 17.0164); 8125 (6.80963, 17.232); ]
    5366 (19.9704, 2.86985) -> [ 3527 (21.1397, 2.22725); ]
    5368 (1.05577, 7.35445) -> [ ]
    5369 (20.9505, 20.9814) -> [ 2542 (21.9118, 22.4707); 4425 (21.5476, 21.9383); ]
    5372 (19.3544, 5.51899) -> [ 3530 (20.3743, 5.05025); ]
    5373 (5.38105, 4.00637) -> [ 9501 (6.03917, 2.55186); ]
    5374 (10.8213, 21.809) -> [ 9133 (12.2662, 22.8261); 9864 (12.3212, 22.8945); ]
    5375 (22.026, 6.20385) -> [ ]
    5376 (14.4482, 14.5338) -> [ 105 (14.092, 15.4939); 251 (14.2011, 15.4464); 631 (14.044, 15.0313); 1056 (13.9746, 16.1017); 1342 (14.1132, 16.4031); 1568 (14.4519, 15.9977); 3668 (14.3972, 15.7993); 4187 (14.1567, 15.0816); 4240 (14.2974, 15.4342); 4670 (14.0795, 15.4993); 5528 (14.1215, 15.6266); 6391 (14.427, 16.2251); 6458 (14.1985, 15.6717); 7648 (14.0878, 15.0663); 8771 (13.9559, 16.147); 8945 (14.1428, 16.0978); ]
    5378 (16.5025, 10.9475) -> [ 7566 (18.4162, 11.4835); ]
    5379 (17.4506, 4.74176) -> [ 5309 (19.1983, 3.85683); ]
    5380 (6.96126, 18.7946) -> [ ]
    5381 (9.36817, 7.01834) -> [ ]
    5383 (17.3167, 20.6249) -> [ ]
    5384 (16.0116, 22.7458) -> [ 9122 (17.4589, 23.4561); ]
    5385 (0.607701, 11.6294) -> [ ]
    5386 (0.583176, 11.3218) -> [ 611 (0.354355, 10.6071); 1905 (0.200074, 9.85864); 2022 (0.592619, 11.2362); 2057 (0.423195, 10.2854); 2711 (0.226441, 9.80832); 9146 (0.414756, 10.7891); ]
    5388 (13.5117, 4.29254) -> [ 9054 (15.109, 3.1298); ]
    5391 (0.152438, 21.4822) -> [ 4607 (0.0802804, 22.4993); ]
    5392 (21.3801, 13.9727) -> [ ]
    5393 (23.7103, 12.5834) -> [ ]
    5394 (14.7815, 14.2698) -> [ 2808 (14.9716, 15.8211); 2849 (14.9412, 15.756); ]
    5395 (21.2093, 15.7753) -> [ ]
    5397 (8.21165, 10.0077) -> [ ]
    5398 (17.6832, 22.4896) -> [ 9144 (18.5449, 23.1749); ]
    5400 (5.35879, 6.77527) -> [ ]
    5402 (23.8532, 0.786643) -> [ ]
    5403 (22.4171, 8.2607) -> [ ]
    5404 (5.51173, 10.036) -> [ 1269 (7.04658, 8.84683); 6097 (6.38316, 9.35096); ]
    5405 (5.50183, 4.28472) -> [ 817 (5.89468, 3.32497); 2357 (6.43265, 2.59934); 5626 (5.94119, 3.39331); 5938 (5.99679, 3.09892); ]
    5407 (15.2109, 17.2608) -> [ 1476 (15.4305, 18.4511); 7613 (15.3547, 18.0835); ]
    5409 (22.0382, 0.471758) -> [ ]
    5412 (23.7676, 11.6743) -> [ 577 (24.9335, 11.8265); ]
    5414 (5.78384, 6.05839) -> [ 2986 (6.45933, 4.95532); 6888 (6.68217, 4.65894); ]
    5415 (3.93704, 11.3568) -> [ 6328 (5.07891, 10.5006); 6386 (5.24952, 10.4285); 8343 (5.52379, 10.2143); ]
    5416 (1.19415, 21.648) -> [ 605 (1.30377, 23.5787); ]
    5419 (18.983, 19.9464) -> [ 6082 (19.6951, 21.1802); ]
    5420 (17.9078, 10.3864) -> [ 9515 (18.9904, 10.5671); 9721 (18.735, 10.5422); ]
    5422 (0.551392, 7.791) -> [ 1428 (0.367833, 6.02917); ]
    5423 (16.8717, 9.94563) -> [ 2226 (18.204, 10.1326); 6003 (18.6929, 10.1742); 6146 (17.8137, 10.0091); ]
    5424 (1.9621, 4.47172) -> [ 2092 (1.96636, 4.44162); ]
    5426 (8.18021, 19.0514) -> [ 3181 (9.77043, 19.9324); ]
    5428 (0.636123, 8.30792) -> [ ]
    5429 (18.3552, 9.39007) -> [ 3877 (20.0734, 9.37288); ]
    5430 (19.071, 6.88123) -> [ 329 (20.5036, 6.36573); 2855 (20.5097, 6.37818); ]
    5431 (20.5604, 12.3953) -> [ 7251 (22.33, 12.9732); ]
    5432 (3.2121, 9.50085) -> [ 1830 (3.41223, 9.16115); 1989 (3.87028, 8.23459); 4034 (3.54559, 8.8602); ]
    5433 (11.0993, 4.51925) -> [ ]
    5434 (11.6229, 4.04994) -> [ 8807 (12.9457, 2.85262); ]
    5436 (15.2417, 13.0026) -> [ 6585 (16.0406, 14.2568); ]
    5437 (23.5302, 19.0551) -> [ ]
    5438 (19.1893, 13.3127) -> [ ]
    5439 (18.4328, 7.46822) -> [ 5686 (20.2148, 7.03603); 8349 (20.1924, 7.02425); ]
    5440 (20.1342, 4.73001) -> [ ]
    5441 (10.6653, 8.80249) -> [ ]
    5442 (19.6329, 15.297) -> [ ]
    5444 (14.4479, 9.49511) -> [ 8890 (16.083, 9.54988); ]
    5448 (0.0140849, 3.14366) -> [ ]
    5449 (17.7084, 7.0397) -> [ 7891 (18.6715, 6.71782); 8587 (18.8228, 6.64767); 9855 (19.1181, 6.60232); ]
    5450 (1.01608, 20.2987) -> [ ]
    5451 (15.6926, 15.908) -> [ ]
    5452 (21.4176, 12.5793) -> [ ]
    5456 (0.189583, 3.04615) -> [ 3982 (0.166635, 2.10055); 4371 (0.0237089, 1.53998); 6369 (0.134805, 1.49355); 7494 (0.0419212, 1.459); 7550 (0.106354, 1.70632); 8721 (0.140196, 1.46897); ]
    5457 (9.91254, 0.684187) -> [ 592 (10.2297, 0.194139); ]
    5458 (21.4618, 6.45162) -> [ 5089 (22.8682, 6.11683); ]
    5459 (21.5161, 11.7899) -> [ ]
    5460 (3.24488, 8.59234) -> [ ]
    5461 (19.3264, 7.55603) -> [ 436 (20.2268, 7.33144); 843 (20.1812, 7.34597); 4250 (21.0118, 7.17379); ]
    5464 (23.938, 10.2495) -> [ 3399 (24.7437, 10.3899); ]
    5465 (12.9408, 19.2529) -> [ 934 (14.0871, 20.204); ]
    5467 (16.4296, 12.0607) -> [ 1150 (17.8691, 12.946); 1694 (18.0507, 13.1254); 1806 (16.8736, 12.3498); 2075 (17.9751, 12.8853); 4157 (17.511, 12.6774); ]
    5469 (20.2446, 10.7369) -> [ 4527 (22.2193, 11.0428); 5214 (22.1433, 11.0089); 9725 (21.5944, 10.9302); ]
    5470 (24.8102, 14.0242) -> [ ]
    5471 (4.75513, 22.7775) -> [ 786 (5.64285, 24.4321); 4915 (5.50089, 24.2094); ]
    5472 (5.05612, 13.0076) -> [ 3729 (6.04738, 13.5625); 4366 (6.063, 13.4155); 5268 (6.5988, 13.9258); 8091 (5.55888, 13.1737); 8940 (5.7056, 13.3463); ]
    5473 (10.8747, 19.4831) -> [ 9153 (12.6916, 20.2428); ]
    5474 (2.67238, 10.7769) -> [ 5908 (3.35926, 9.49412); ]
    5476 (23.0781, 21.9438) -> [ 3104 (23.7993, 22.8072); 8949 (24.081, 23.1397); ]
    5477 (16.8869, 4.71896) -> [ ]
    5479 (24.679, 15.2886) -> [ ]
    5480 (1.77003, 8.20956) -> [ ]
    5481 (6.04004, 12.1415) -> [ 796 (7.36098, 11.8859); 9014 (7.5716, 11.9093); ]
    5482 (5.94242, 2.28757) -> [ ]
    5483 (8.76264, 5.35595) -> [ ]
    5484 (22.6308, 21.6801) -> [ 9413 (23.6633, 22.9361); ]
    5485 (21.7557, 8.88168) -> [ ]
    5486 (12.3186, 2.75304) -> [ ]
    5488 (1.31988, 4.955) -> [ ]
    5489 (10.4589, 1.62496) -> [ ]
    5490 (7.05434, 10.3548) -> [ ]
    5491 (4.06096, 5.36255) -> [ 7676 (4.50289, 4.02968); ]
    5493 (7.04024, 1.55807) -> [ ]
    5494 (10.0421, 23.1388) -> [ ]
    5495 (13.602, 0.751657) -> [ 497 (14.2174, 0.152183); ]
    5496 (4.90983, 7.52303) -> [ ]
    5497 (11.5693, 0.375547) -> [ ]
    5498 (15.072, 22.8763) -> [ 9148 (16.5474, 23.7384); ]
    5500 (20.5351, 7.23395) -> [ 753 (21.3927, 7.05647); ]
    5501 (16.4813, 10.1761) -> [ 1226 (17.9262, 10.4493); 4170 (17.2144, 10.28); 4560 (18.3205, 10.3487); 8517 (17.5101, 10.3474); ]
    5502 (1.11226, 22.5159) -> [ 8415 (1.15847, 23.844); ]
    5504 (21.5362, 23.6351) -> [ ]
    5505 (23.9351, 22.3964) -> [ 5670 (24.99, 23.7686); 7961 (24.7696, 23.4276); ]
    5506 (20.2893, 20.8292) -> [ ]
    5507 (14.0418, 7.37665) -> [ ]
    5508 (14.056, 4.80701) -> [ ]
    5509 (13.1171, 17.3244) -> [ 2548 (13.9794, 17.608); 2774 (13.4077, 17.3765); 3476 (13.5445, 17.4181); ]
    5512 (2.64997, 9.42769) -> [ 9041 (3.05297, 8.51446); ]
    5514 (18.5733, 20.7393) -> [ ]
    5515 (19.2751, 14.9987) -> [ ]
    5516 (11.1919, 22.8859) -> [ 2897 (12.0206, 23.5959); 8250 (11.7848, 23.3475); ]
    5517 (1.54094, 21.1808) -> [ ]
    5519 (16.0784, 5.10013) -> [ ]
    5520 (1.8446, 10.941) -> [ ]
    5521 (21.5113, 5.36141) -> [ ]
    5524 (13.1276, 23.2997) -> [ 4377 (14.6561, 24.2729); ]
    5526 (18.4961, 15.837) -> [ ]
    5527 (4.20759, 17.6922) -> [ 3548 (5.65981, 18.9916); 9206 (5.34221, 18.6932); ]
    5531 (17.8549, 17.9176) -> [ 573 (18.5249, 19.1094); 1376 (18.4902, 19.0368); 1533 (18.5947, 19.3418); 5406 (18.6752, 19.3997); 6663 (18.3732, 18.8318); ]
    5532 (21.0472, 1.30171) -> [ ]
    5533 (23.3672, 19.7971) -> [ ]
    5534 (12.4368, 8.24191) -> [ 7654 (13.7751, 7.64257); ]
    5535 (5.38184, 18.5676) -> [ ]
    5537 (22.1457, 6.09857) -> [ 3116 (23.9679, 5.61182); 5840 (22.9656, 5.86139); 7988 (23.8888, 5.60131); ]
    5538 (15.5722, 10.4641) -> [ 1396 (17.0721, 10.7937); 4723 (17.0783, 10.8468); 9943 (17.2897, 10.6718); ]
    5539 (19.012, 17.4519) -> [ 1772 (19.977, 18.6904); 5171 (19.6876, 18.3144); 8452 (19.1647, 17.6185); 8674 (20.2479, 18.9629); ]
    5540 (8.58306, 17.2782) -> [ 9167 (9.50125, 17.6046); ]
    5541 (12.2937, 5.22085) -> [ 3778 (13.3917, 4.37397); 5272 (13.0662, 4.696); 5388 (13.5117, 4.29254); 7992 (12.9549, 4.78999); 9719 (13.6471, 4.17934); ]
    5542 (22.1855, 20.1328) -> [ ]
    5543 (20.3344, 18.9526) -> [ ]
    5544 (13.4838, 23.6249) -> [ 9104 (14.8719, 24.5157); 9147 (14.9281, 24.5791); ]
    5545 (19.9918, 21.2083) -> [ ]
    5546 (18.0028, 21.3264) -> [ 2420 (18.3421, 22.6347); 3016 (18.5805, 22.9594); 8456 (18.6169, 23.0676); ]
    5547 (10.4707, 16.8894) -> [ ]
    5549 (22.8831, 20.5091) -> [ 912 (23.9886, 21.7525); 1548 (23.6952, 21.5451); 1561 (23.438, 21.1591); 1913 (23.9934, 21.7223); 5823 (23.5696, 21.3384); 6909 (24.0111, 21.7775); ]
    5550 (0.419495, 20.7796) -> [ 3339 (0.392713, 21.2123); 5029 (0.15793, 22.4093); 9756 (0.174659, 22.7285); ]
    5551 (21.796, 3.95679) -> [ ]
    5552 (0.505458, 0.384286) -> [ ]
    5554 (4.90072, 2.81328) -> [ 264 (5.19214, 2.14923); 1277 (5.32236, 1.57832); 2544 (5.25339, 2.01231); 2838 (5.29208, 1.79226); ]
    5555 (6.51341, 8.59196) -> [ 3232 (7.64434, 7.63778); 3309 (7.91685, 7.3529); ]
    5556 (18.1944, 16.889) -> [ 7405 (18.7694, 17.6664); 8210 (18.8938, 17.8422); ]
    5559 (9.0319, 9.32813) -> [ ]
    5560 (18.1164, 19.2337) -> [ 3473 (18.6211, 20.2232); ]
    5561 (18.7727, 15.8565) -> [ 1352 (19.1639, 16.3282); 8445 (19.5438, 16.689); ]
    5562 (4.15401, 3.56161) -> [ 8630 (4.70945, 1.85986); ]
    5563 (2.66585, 2.85293) -> [ 1079 (2.86154, 1.33611); 1124 (2.85886, 1.48853); 1356 (2.9976, 1.4756); ]
    5564 (18.767, 14.979) -> [ 1696 (20.1009, 16.1702); ]
    5566 (11.3602, 17.3597) -> [ 5091 (12.5036, 18.028); 7539 (12.616, 17.9887); ]
    5567 (22.0126, 20.0308) -> [ 1510 (22.2482, 20.3068); 3079 (23.0553, 21.3378); 4242 (23.2548, 21.4657); ]
    5568 (13.6078, 22.6373) -> [ ]
    5572 (0.23105, 0.741664) -> [ ]
    5573 (11.2784, 4.17454) -> [ 3716 (12.0326, 3.46599); ]
    5574 (15.5306, 5.03326) -> [ ]
    5575 (20.216, 15.6288) -> [ 9854 (21.415, 16.5655); ]
    5576 (6.12887, 11.7795) -> [ 1741 (7.28639, 11.4581); 5743 (7.42529, 11.4149); 7765 (7.89802, 11.2426); ]
    5577 (15.1402, 2.51689) -> [ 4446 (16.6437, 1.3055); ]
    5578 (1.74121, 12.8134) -> [ 9507 (2.10006, 12.5341); ]
    5580 (7.84435, 17.5614) -> [ ]
    5581 (12.6202, 5.16067) -> [ 180 (13.0822, 4.83511); ]
    5583 (7.49135, 2.29714) -> [ ]
    5584 (4.80974, 13.1743) -> [ 7882 (6.37744, 14.1487); 8977 (6.22232, 14.276); ]
    5585 (16.0784, 1.48814) -> [ 7350 (16.578, 1.0534); 8874 (17.3877, 0.3758); ]
    5586 (11.3318, 3.37088) -> [ 4399 (11.6812, 3.03996); 8773 (12.6783, 2.1472); 9464 (12.7577, 2.01449); 9938 (12.485, 2.23929); ]
    5588 (15.8481, 12.0616) -> [ ]
    5589 (23.0686, 21.9247) -> [ 2004 (23.999, 22.9734); ]
    5592 (21.3652, 20.4209) -> [ ]
    5593 (2.5672, 4.5728) -> [ 8170 (2.71667, 3.52582); ]
    5595 (13.6077, 1.2917) -> [ ]
    5596 (7.95103, 19.6707) -> [ 137 (9.48412, 20.6552); 659 (9.60496, 20.7539); ]
    5597 (14.5895, 21.1369) -> [ ]
    5598 (2.95218, 20.5498) -> [ 9606 (3.48749, 22.1254); ]
    5599 (19.8188, 8.4331) -> [ ]
    5602 (20.5077, 2.06535) -> [ ]
    5603 (20.0073, 22.3557) -> [ 612 (20.7163, 24.1652); ]
    5604 (23.7881, 23.9503) -> [ ]
    5605 (21.7378, 22.2646) -> [ ]
    5606 (6.20703, 20.4812) -> [ ]
    5607 (13.1358, 19.9502) -> [ ]
    5609 (0.181124, 5.67108) -> [ ]
    5610 (2.50736, 8.16729) -> [ 966 (3.15657, 6.33112); 1851 (3.10773, 6.34488); 8178 (3.08967, 6.34331); ]
    5612 (0.29492, 7.82889) -> [ 941 (0.226421, 7.10272); ]
    5615 (20.7178, 6.10827) -> [ 8020 (22.5948, 5.4883); ]
    5616 (23.2851, 0.889027) -> [ 7542 (24.652, 0.0717841); ]
    5617 (20.0603, 22.0326) -> [ 291 (20.4478, 22.6831); 4810 (20.3299, 22.4773); 9124 (20.1751, 22.292); ]
    5618 (14.9909, 11.5353) -> [ 1193 (15.908, 12.1274); 1810 (16.3935, 12.4934); 7244 (16.0895, 12.3704); 7376 (15.6232, 11.996); 7527 (16.2456, 12.3445); ]
    5619 (8.63863, 3.21595) -> [ ]
    5620 (23.2858, 16.96) -> [ ]
    5621 (9.10854, 3.69197) -> [ 8164 (10.2732, 2.07728); 8730 (9.59908, 3.05577); ]
    5623 (11.6425, 8.52112) -> [ ]
    5626 (5.94119, 3.39331) -> [ 1983 (6.78849, 1.65274); ]
    5627 (12.7379, 6.52601) -> [ 6378 (14.0159, 5.73269); ]
    5629 (0.818994, 18.824) -> [ 1531 (0.788867, 19.129); ]
    5630 (22.1993, 5.99088) -> [ 9470 (23.6181, 5.57284); ]
    5631 (12.4046, 24.5141) -> [ ]
    5632 (0.206054, 2.15184) -> [ 9927 (0.0819469, 0.238634); ]
    5633 (1.2809, 4.48087) -> [ ]
    5634 (23.0383, 13.3239) -> [ 4779 (24.492, 14.3199); ]
    5635 (22.324, 11.6524) -> [ 1771 (24.1679, 12.0618); ]
    5637 (18.6069, 21.1427) -> [ ]
    5638 (13.4537, 17.1917) -> [ ]
    5641 (8.0572, 20.5609) -> [ 2765 (9.66888, 21.6815); ]
    5642 (1.26206, 5.04527) -> [ ]
    5643 (5.39621, 11.8885) -> [ 8524 (6.24703, 11.663); ]
    5644 (11.7662, 24.0568) -> [ 6615 (12.8592, 24.9361); ]
    5645 (18.0875, 3.61444) -> [ 8497 (19.5517, 2.82028); ]
    5646 (1.54337, 5.97906) -> [ 1491 (1.63825, 4.53458); 5298 (1.62646, 4.20793); 9718 (1.64673, 4.17546); ]
    5647 (5.14353, 11.4341) -> [ ]
    5648 (16.4751, 9.96664) -> [ 9824 (17.6035, 10.1193); ]
    5649 (11.4235, 19.2753) -> [ ]
    5650 (8.58474, 7.61992) -> [ 981 (9.77143, 6.63343); 2144 (9.82029, 6.637); 2736 (9.77569, 6.76787); 5381 (9.36817, 7.01834); 6010 (9.73932, 6.77636); ]
    5651 (14.4049, 23.3789) -> [ 3360 (15.6358, 24.1544); ]
    5652 (16.5801, 3.70882) -> [ 7674 (17.6279, 3.07404); ]
    5653 (20.2099, 18.4005) -> [ 8744 (21.2608, 19.6326); ]
    5654 (18.5434, 0.924625) -> [ ]
    5655 (4.26959, 10.2547) -> [ 5860 (5.45552, 8.87531); ]
    5656 (5.79431, 18.5286) -> [ 4657 (7.34241, 19.7304); ]
    5657 (6.41886, 5.76972) -> [ ]
    5658 (0.798873, 17.3132) -> [ ]
    5659 (7.03221, 16.3993) -> [ 2024 (7.37021, 16.4912); 2851 (7.96932, 16.6378); 4470 (7.12128, 16.4225); 8314 (8.33851, 16.7374); ]
    5661 (15.6035, 12.7598) -> [ ]
    5662 (16.8295, 19.1084) -> [ ]
    5663 (4.88025, 7.68402) -> [ ]
    5664 (10.7688, 23.878) -> [ 3899 (11.9999, 24.9113); 7160 (11.4169, 24.4481); ]
    5665 (3.44509, 14.8171) -> [ 7024 (5.22977, 14.6924); ]
    5666 (16.8545, 14.9552) -> [ 2297 (18.0165, 16.5722); ]
    5667 (18.4939, 13.7097) -> [ 5274 (19.445, 14.3962); 9862 (19.7437, 14.6576); 9908 (19.8518, 14.7703); ]
    5668 (13.2888, 8.01754) -> [ 8252 (14.9477, 7.29444); ]
    5669 (10.9307, 1.84107) -> [ 4926 (12.0968, 0.314673); 9244 (11.9132, 0.54939); ]
    5671 (2.20177, 15.0375) -> [ 998 (3.84666, 15.0704); ]
    5672 (7.59044, 7.22745) -> [ 2356 (8.88138, 5.94259); 4006 (8.66539, 6.18001); 7028 (8.47728, 6.33543); ]
    5673 (15.1756, 14.4328) -> [ ]
    5674 (3.53045, 15.8999) -> [ 730 (5.31508, 16.4274); 935 (4.31893, 16.1271); 1495 (5.12439, 16.4683); 3247 (5.22282, 16.3879); 5365 (4.9592, 16.5056); 9360 (5.03245, 16.5602); ]
    5675 (5.18515, 11.698) -> [ ]
    5676 (23.321, 15.4675) -> [ ]
    5677 (11.0493, 19.1741) -> [ ]
    5678 (13.0165, 16.8539) -> [ 3112 (13.2886, 16.8904); ]
    5679 (13.7129, 17.7639) -> [ ]
    5680 (13.0088, 18.6902) -> [ 156 (13.9506, 19.3492); 1336 (14.4538, 19.4826); 4355 (13.9758, 19.3404); ]
    5681 (1.31022, 12.4788) -> [ ]
    5683 (22.6133, 22.2176) -> [ 3046 (23.2389, 23.0067); ]
    5684 (19.7735, 2.06996) -> [ ]
    5685 (15.8086, 14.3269) -> [ ]
    5686 (20.2148, 7.03603) -> [ 4251 (22.0419, 6.58178); ]
    5688 (1.10927, 6.79924) -> [ ]
    5689 (21.2288, 2.7087) -> [ ]
    5690 (5.02042, 1.36414) -> [ 711 (5.35297, 0.276817); 4364 (5.20087, 0.98108); 6603 (5.26373, 0.767122); 7359 (5.43445, 0.127149); 8113 (5.26137, 0.573411); 8579 (5.15787, 0.986687); ]
    5691 (22.1651, 21.7369) -> [ 7123 (22.9981, 22.9034); 8623 (23.1989, 23.284); 9923 (22.4313, 22.1029); ]
    5693 (23.0568, 14.934) -> [ 1718 (24.2425, 15.9414); 3227 (24.1743, 15.9461); 4537 (24.4329, 16.2451); 5749 (24.4107, 16.2192); ]
    5694 (0.84041, 11.7208) -> [ 1081 (0.870315, 11.6476); ]
    5695 (2.59104, 8.91568) -> [ 1417 (3.11386, 7.3034); 2839 (2.69133, 8.60414); ]
    5697 (5.1064, 24.4575) -> [ ]
    5698 (20.6546, 16.8731) -> [ 1078 (22.0196, 18.1537); ]
    5699 (3.59899, 1.81815) -> [ ]
    5700 (10.6688, 23.2661) -> [ ]
    5701 (21.8001, 3.30076) -> [ ]
    5704 (16.0326, 23.2511) -> [ 1595 (17.268, 23.9549); 7423 (17.094, 23.8897); ]
    5705 (18.1289, 21.7435) -> [ 306 (18.2501, 22.2192); 1751 (18.4794, 22.9512); 5949 (18.3882, 22.7044); ]
    5706 (11.5686, 7.33241) -> [ ]
    5708 (11.5005, 21.2998) -> [ ]
    5709 (11.0032, 19.0852) -> [ ]
    5711 (5.4837, 17.6635) -> [ 6850 (6.34991, 18.1417); ]
    5713 (10.1006, 3.77263) -> [ 9801 (11.1997, 2.5664); ]
    5716 (4.23485, 11.9833) -> [ 1834 (5.11003, 11.6333); 6640 (5.00682, 11.705); ]
    5717 (11.6567, 6.13659) -> [ 7162 (12.6848, 5.42815); ]
    5718 (16.0183, 16.5443) -> [ ]
    5719 (7.13522, 14.5539) -> [ 999 (8.2861, 15.7599); 1200 (8.03362, 15.4966); 2395 (8.18631, 15.6807); 2716 (8.20581, 15.4748); 3073 (7.88196, 15.2957); 3080 (7.84926, 15.4737); 4526 (7.83927, 15.4318); 5827 (7.50509, 15.0781); 8206 (8.4451, 16.0009); ]
    5720 (15.9045, 18.3211) -> [ 3540 (16.0253, 18.8613); ]
    5721 (11.4111, 1.92171) -> [ ]
    5722 (21.0004, 23.1052) -> [ 7471 (21.7595, 24.4834); 8273 (21.6739, 24.1822); ]
    5723 (12.5924, 9.56542) -> [ ]
    5724 (20.7812, 15.0806) -> [ 1154 (21.4118, 15.5122); ]
    5725 (1.85171, 22.6221) -> [ 1769 (1.95621, 23.6668); 7284 (1.97836, 24.2651); ]
    5726 (12.8192, 18.0163) -> [ ]
    5727 (13.2307, 18.1021) -> [ 6231 (13.9447, 18.454); 8052 (14.5258, 18.7811); 8056 (14.4439, 18.6906); ]
    5728 (18.9959, 22.6402) -> [ 8857 (19.1582, 23.1234); ]
    5730 (14.5158, 1.30785) -> [ 1695 (14.9858, 0.899018); 3144 (14.9008, 0.956372); ]
    5733 (21.6515, 23.6305) -> [ 3520 (22.4089, 24.7863); ]
    5734 (6.86727, 7.59887) -> [ 2441 (7.40768, 7.05519); ]
    5735 (15.6015, 15.1243) -> [ 272 (16.063, 16.46); 1366 (16.0867, 16.6961); 4477 (16.007, 16.2749); 8757 (15.934, 16.2793); ]
    5736 (5.36815, 22.9498) -> [ 4880 (6.05017, 24.2152); ]
    5737 (4.866, 21.0928) -> [ 8429 (5.19344, 21.6338); ]
    5738 (21.0959, 17.103) -> [ 3691 (22.3201, 18.3047); ]
    5739 (11.8159, 7.8433) -> [ 3757 (13.4714, 6.96217); 3890 (12.6964, 7.44388); 4396 (13.3024, 7.27947); 6918 (12.8394, 7.44079); 6949 (13.0699, 7.21057); ]
    5740 (23.4154, 8.99578) -> [ 336 (24.4277, 8.97692); 6333 (24.1614, 8.9443); ]
    5741 (19.9583, 15.0818) -> [ 265 (20.0495, 15.1165); 4447 (20.9713, 15.7733); 6108 (20.6978, 15.5742); ]
    5742 (18.7931, 7.84549) -> [ ]
    5745 (15.4927, 1.33162) -> [ 8985 (16.9177, 0.0683078); 9775 (15.8991, 0.977976); ]
    5746 (13.1425, 2.33935) -> [ 9064 (14.2142, 1.27124); ]
    5747 (6.2751, 6.22621) -> [ 4390 (6.83462, 5.25164); 6768 (6.95416, 5.12647); ]
    5748 (12.1695, 17.8072) -> [ 1534 (13.2245, 18.3309); ]
    5749 (24.4107, 16.2192) -> [ ]
    5750 (7.42902, 16.6366) -> [ 7394 (8.75329, 16.9069); ]
    5751 (22.4568, 7.359) -> [ 1077 (24.3066, 7.01566); 4628 (22.759, 7.30288); 8296 (23.3707, 7.21527); 9672 (23.9757, 7.06841); ]
    5752 (20.1917, 11.1477) -> [ ]
    5753 (3.61577, 3.90093) -> [ ]
    5754 (20.4515, 23.3247) -> [ ]
    5755 (19.195, 16.1396) -> [ 714 (20.5457, 17.4228); 8066 (20.465, 17.3136); ]
    5756 (2.46349, 17.5001) -> [ ]
    5758 (3.47204, 14.343) -> [ 9941 (4.89739, 13.9633); ]
    5759 (22.4077, 11.6048) -> [ 2284 (24.2629, 12.0346); ]
    5762 (4.02041, 9.19186) -> [ ]
    5763 (14.0256, 10.2748) -> [ 6920 (15.1869, 10.7022); 7993 (14.9345, 10.5807); ]
    5764 (19.8385, 1.74962) -> [ ]
    5767 (8.75758, 23.7509) -> [ ]
    5768 (18.2626, 6.48725) -> [ ]
    5769 (2.34005, 19.1464) -> [ 844 (2.67849, 20.2523); ]
    5770 (4.84664, 17.9876) -> [ ]
    5771 (22.5302, 0.569429) -> [ ]
    5772 (6.06765, 7.03787) -> [ ]
    5773 (6.24512, 22.9753) -> [ 199 (6.65366, 23.4651); 1620 (6.68517, 23.5835); 5355 (6.6569, 23.504); 8108 (7.0103, 24.0567); 9116 (6.78389, 23.8491); ]
    5774 (4.82484, 6.62022) -> [ 2073 (5.59363, 5.03868); 3267 (5.66203, 4.89245); 3976 (5.57171, 5.18302); 7413 (5.68808, 5.10958); ]
    5775 (14.6977, 4.84069) -> [ ]
    5776 (15.5113, 22.085) -> [ ]
    5778 (13.3068, 17.5424) -> [ ]
    5779 (11.642, 2.94167) -> [ 1901 (12.3251, 2.24111); ]
    5781 (0.648044, 10.3565) -> [ ]
    5782 (3.14137, 1.72931) -> [ 3647 (3.25284, 0.349648); ]
    5783 (11.9003, 19.2871) -> [ ]
    5784 (10.1322, 17.8547) -> [ 3055 (10.2568, 17.9173); 3715 (10.6781, 18.054); ]
    5785 (23.5631, 0.322836) -> [ 2083 (23.8976, 0.133603); ]
    5787 (2.84778, 23.2962) -> [ 3271 (3.03343, 24.8348); ]
    5788 (19.3856, 10.355) -> [ ]
    5789 (5.75816, 9.97298) -> [ 9964 (7.12036, 8.86199); ]
    5790 (0.756246, 19.758) -> [ 3313 (0.534166, 21.2952); ]
    5791 (13.9868, 6.43037) -> [ ]
    5793 (15.4956, 14.5869) -> [ 9042 (16.26, 16.2561); ]
    5794 (0.123232, 8.9628) -> [ ]
    5795 (5.01546, 15.4903) -> [ 965 (6.76856, 15.7492); 1305 (5.5241, 15.5503); ]
    5796 (9.45064, 19.8019) -> [ 4299 (10.6882, 20.5182); 8042 (10.4538, 20.441); ]
    5797 (20.6517, 23.4331) -> [ 4031 (21.4336, 24.8479); ]
    5798 (20.3535, 5.15633) -> [ 9210 (21.524, 4.62515); ]
    5799 (6.03078, 23.8704) -> [ ]
    5800 (12.2494, 4.90168) -> [ 4361 (13.8391, 3.78395); 4627 (13.8342, 3.79974); 4702 (13.1484, 4.16209); 8610 (13.3234, 4.04314); ]
    5801 (9.77847, 7.59304) -> [ 2809 (10.8067, 6.9024); 7387 (10.7987, 6.94772); ]
    5802 (22.1191, 15.0477) -> [ ]
    5803 (21.1726, 24.2939) -> [ 2010 (21.3412, 24.5834); ]
    5805 (9.53207, 3.95888) -> [ ]
    5806 (19.0726, 3.04932) -> [ ]
    5807 (19.0028, 6.64855) -> [ ]
    5808 (12.7522, 7.66481) -> [ 7508 (13.6305, 7.32335); 8027 (13.2146, 7.43917); ]
    5809 (2.89199, 14.824) -> [ 572 (4.87749, 14.6043); 2840 (4.4513, 14.8068); 6335 (3.98776, 14.8156); 9808 (4.8442, 14.6092); ]
    5810 (21.4343, 18.9559) -> [ 7802 (22.5798, 20.3703); ]
    5811 (17.2163, 11.9266) -> [ 6156 (18.5033, 12.5056); ]
    5812 (2.2608, 24.3291) -> [ 2306 (2.27499, 24.5072); ]
    5813 (15.3486, 12.6009) -> [ 8392 (16.3491, 13.9789); ]
    5814 (2.73657, 10.2422) -> [ ]
    5815 (21.1309, 3.24766) -> [ 3613 (22.2511, 2.68484); ]
    5816 (14.9158, 3.76305) -> [ 1071 (15.7775, 3.19742); 1676 (15.7868, 3.26597); ]
    5817 (22.5474, 21.3478) -> [ 343 (23.5608, 22.615); 3237 (23.4306, 22.5257); 4372 (23.0241, 21.9842); 5973 (23.1119, 22.1047); 7351 (23.4399, 22.4748); ]
    5819 (2.38364, 19.374) -> [ ]
    5820 (11.9329, 9.44665) -> [ 1106 (13.2944, 9.73271); 2158 (13.1282, 9.64246); 2466 (13.4686, 9.6054); 3504 (12.6017, 9.56664); 3706 (13.196, 9.79314); 4625 (12.9189, 9.5771); 5723 (12.5924, 9.56542); 6242 (12.3194, 9.43603); 6913 (12.8847, 9.4583); 8288 (12.6905, 9.57766); ]
    5821 (21.9454, 5.48689) -> [ ]
    5823 (23.5696, 21.3384) -> [ 8363 (24.432, 22.4365); ]
    5825 (20.2609, 2.29932) -> [ ]
    5826 (16.9004, 3.5098) -> [ 9424 (18.3398, 2.61027); ]
    5827 (7.50509, 15.0781) -> [ ]
    5828 (9.7158, 20.3733) -> [ 8976 (11.3688, 21.3463); ]
    5829 (21.1785, 22.3148) -> [ 1222 (21.7408, 23.3389); 9179 (22.0833, 23.7228); ]
    5830 (17.4698, 3.87444) -> [ ]
    5831 (9.22116, 4.91985) -> [ ]
    5832 (9.38293, 18.4428) -> [ ]
    5833 (16.7893, 6.79785) -> [ ]
    5834 (12.8514, 3.70504) -> [ 2227 (13.6079, 2.92461); 6306 (14.3526, 2.39621); ]
    5838 (4.91124, 21.6108) -> [ 7200 (5.82337, 23.2685); ]
    5839 (13.2777, 3.39086) -> [ ]
    5841 (5.32769, 19.6492) -> [ 9860 (6.64364, 20.9729); ]
    5842 (12.0729, 23.421) -> [ ]
    5843 (15.3555, 16.4993) -> [ ]
    5844 (15.9402, 5.6037) -> [ ]
    5846 (7.15329, 20.574) -> [ ]
    5847 (21.2208, 12.9103) -> [ 8134 (22.1986, 13.251); ]
    5848 (19.2136, 4.35967) -> [ 6113 (20.2071, 3.89881); 8887 (20.7622, 3.61259); ]
    5849 (4.04996, 6.96734) -> [ ]
    5850 (15.9403, 13.466) -> [ ]
    5852 (21.903, 5.29812) -> [ 249 (22.623, 5.05284); 4330 (23.4227, 4.73036); ]
    5854 (16.1103, 13.7438) -> [ ]
    5855 (8.84374, 3.38105) -> [ 857 (9.99208, 1.98333); ]
    5856 (4.95009, 5.5413) -> [ ]
    5859 (20.3794, 10.0137) -> [ 9563 (22.2367, 10.082); ]
    5860 (5.45552, 8.87531) -> [ ]
    5861 (7.10139, 13.5875) -> [ ]
    5862 (5.06088, 23.4453) -> [ 9599 (5.58136, 24.4788); ]
    5863 (6.68599, 3.27406) -> [ ]
    5864 (22.1832, 8.33272) -> [ 729 (23.838, 8.24012); 785 (23.4556, 8.25933); 1294 (23.5544, 8.22168); 3865 (23.8949, 8.19964); 5969 (22.9465, 8.32252); 5983 (22.606, 8.30429); 9253 (24.059, 8.2294); ]
    5865 (3.20319, 8.70698) -> [ ]
    5867 (8.76895, 19.0696) -> [ 3654 (9.94615, 19.7172); ]
    5868 (6.2432, 18.8415) -> [ ]
    5869 (17.9016, 7.96123) -> [ ]
    5870 (12.97, 8.35766) -> [ 7156 (14.0744, 7.90804); ]
    5871 (18.0422, 19.8418) -> [ 7930 (18.8057, 21.4937); ]
    5872 (23.9128, 13.3799) -> [ 6265 (24.8798, 13.6725); ]
    5873 (22.5987, 6.75742) -> [ 3048 (24.2804, 6.40375); 5757 (22.9825, 6.6596); ]
    5874 (18.0098, 3.90328) -> [ 862 (18.8639, 3.44926); ]
    5875 (16.8662, 11.8536) -> [ ]
    5876 (18.3999, 19.161) -> [ 521 (19.1653, 20.4781); 875 (18.9102, 20.2977); 2877 (18.7763, 19.962); 6034 (19.2115, 20.7848); ]
    5877 (13.6366, 8.5514) -> [ ]
    5879 (20.968, 8.87447) -> [ 6355 (22.9463, 8.72164); ]
    5880 (17.4986, 0.933514) -> [ ]
    5881 (24.0224, 24.6264) -> [ ]
    5882 (5.16298, 24.1796) -> [ ]
    5884 (0.758196, 15.8671) -> [ 194 (0.161093, 17.4882); 962 (0.241602, 17.5245); 3635 (0.290321, 17.3216); 4601 (0.312771, 17.3152); 5579 (0.09084, 17.5456); ]
    5886 (23.9825, 16.6018) -> [ 3859 (24.9705, 17.6981); ]
    5887 (14.6812, 13.9912) -> [ 1515 (14.7381, 15.8613); 2531 (14.8075, 15.3832); ]
    5888 (7.71133, 15.7068) -> [ 2712 (7.96496, 15.9364); ]
    5889 (1.18558, 20.8475) -> [ 4159 (1.19664, 21.4385); ]
    5891 (16.1279, 3.61484) -> [ 280 (17.6611, 2.49891); 626 (16.7701, 3.17387); 1300 (16.865, 3.16506); 1455 (16.6618, 3.16195); 2013 (16.6602, 3.1867); 2228 (17.6893, 2.5742); 3391 (17.6904, 2.51951); 4840 (17.7491, 2.60538); ]
    5892 (1.05154, 1.43548) -> [ ]
    5893 (18.0809, 14.2485) -> [ 4014 (19.3364, 15.3704); ]
    5895 (17.0161, 17.1489) -> [ ]
    5897 (17.2391, 15.9836) -> [ 3141 (18.2702, 17.4033); 5073 (18.1061, 17.4152); ]
    5898 (6.77189, 6.47932) -> [ 4688 (7.496, 5.39421); 5696 (7.48836, 5.44818); 7049 (7.42124, 5.66722); ]
    5899 (10.1424, 23.6278) -> [ 388 (10.5455, 24.0277); 5196 (10.9567, 24.4184); ]
    5900 (6.43505, 23.4744) -> [ 5128 (7.50126, 24.9989); 6858 (7.39907, 24.9382); ]
    5903 (3.28051, 10.1476) -> [ 4933 (4.30196, 8.64789); 8123 (3.80808, 9.32625); 9982 (4.2693, 8.5943); ]
    5904 (8.96148, 7.7132) -> [ 6297 (9.20155, 7.5294); 8987 (10.0155, 6.84906); 9955 (10.4413, 6.56092); ]
    5905 (16.6699, 19.1744) -> [ 5565 (17.0094, 20.543); ]
    5906 (20.1988, 3.00309) -> [ 878 (21.8973, 2.04024); 1337 (21.635, 2.18713); 6595 (21.885, 2.07819); ]
    5907 (19.3755, 9.94292) -> [ ]
    5908 (3.35926, 9.49412) -> [ 1148 (3.87772, 8.49898); 8365 (3.94843, 8.39589); ]
    5909 (22.978, 11.1893) -> [ 4208 (24.6586, 11.5097); ]
    5910 (17.4521, 8.05356) -> [ ]
    5911 (19.655, 1.82228) -> [ 2462 (21.3837, 0.897845); ]
    5914 (2.24572, 12.8209) -> [ 7618 (4.12496, 12.2348); ]
    5915 (5.79525, 11.9294) -> [ 8625 (7.65298, 11.4683); ]
    5916 (14.782, 16.5561) -> [ 233 (14.9055, 17.6666); 663 (14.8314, 17.3184); ]
    5918 (21.6064, 10.6542) -> [ ]
    5920 (19.3721, 5.60401) -> [ 5798 (20.3535, 5.15633); 8195 (21.0351, 4.91192); ]
    5921 (4.54803, 11.9044) -> [ 2257 (5.93267, 11.3917); ]
    5922 (12.3116, 6.92948) -> [ ]
    5923 (13.3963, 9.1111) -> [ 7176 (15.0463, 8.95108); ]
    5924 (16.1564, 15.1898) -> [ 3136 (16.7679, 16.4263); 9610 (16.8516, 16.4784); ]
    5925 (0.376151, 5.72795) -> [ 3621 (0.356648, 4.98852); 8584 (0.341443, 4.42038); ]
    5926 (22.614, 7.06118) -> [ 7008 (24.2618, 6.77463); ]
    5928 (20.7667, 22.9523) -> [ 4622 (21.1133, 23.5513); 5259 (21.5098, 24.4342); ]
    5929 (13.1064, 22.6479) -> [ 1667 (14.7711, 23.6429); 5651 (14.4049, 23.3789); 6013 (14.8275, 23.6297); ]
    5930 (19.6692, 15.5871) -> [ 114 (19.8984, 15.7542); 693 (21.2155, 16.7449); 1045 (20.8659, 16.6986); 2171 (20.0371, 15.8476); 6480 (20.3374, 16.097); ]
    5933 (24.6376, 16.2255) -> [ ]
    5934 (4.03391, 22.915) -> [ 4515 (4.63154, 24.393); ]
    5936 (10.9844, 2.10919) -> [ ]
    5938 (5.99679, 3.09892) -> [ ]
    5939 (19.0351, 18.4403) -> [ ]
    5940 (3.09766, 7.73428) -> [ ]
    5941 (20.5056, 12.6933) -> [ 556 (22.1537, 13.2546); 4661 (22.1804, 13.3513); ]
    5942 (19.0819, 12.7508) -> [ 2680 (20.9256, 13.4986); 7372 (20.4297, 13.2893); ]
    5943 (16.6034, 23.1126) -> [ 2218 (17.5745, 23.5836); 3462 (17.4085, 23.51); ]
    5944 (5.14384, 2.85452) -> [ 660 (5.34434, 2.41274); 1906 (5.46475, 2.10519); 2591 (5.61988, 1.77264); ]
    5945 (7.40718, 9.22583) -> [ 8516 (8.84027, 8.18269); 9211 (8.82336, 8.25613); 9588 (8.15372, 8.7283); ]
    5947 (15.9428, 24.452) -> [ 5330 (16.5834, 24.843); 6736 (16.5021, 24.8904); ]
    5948 (19.9986, 4.60413) -> [ 1459 (20.9004, 4.14969); ]
    5950 (21.9056, 5.45391) -> [ 70 (23.6393, 4.79183); 2730 (22.5928, 5.21128); 8924 (22.8443, 5.09083); ]
    5951 (11.0749, 22.5053) -> [ 563 (12.1873, 23.3526); ]
    5953 (14.9904, 3.97725) -> [ ]
    5954 (0.511581, 1.38082) -> [ 3566 (0.491924, 0.90904); ]
    5955 (8.04164, 23.3632) -> [ 2222 (9.14581, 24.7049); 2371 (8.29476, 23.7097); 3065 (8.95042, 24.3741); 8016 (8.54879, 23.9804); ]
    5956 (20.0189, 16.5091) -> [ ]
    5958 (13.0093, 18.9725) -> [ 5135 (13.8675, 19.5755); ]
    5959 (12.6604, 23.3238) -> [ 575 (12.8462, 23.44); 2898 (13.6132, 24.0611); ]
    5961 (3.48738, 19.1069) -> [ ]
    5962 (24.3274, 17.8714) -> [ ]
    5963 (19.1241, 2.12096) -> [ ]
    5964 (13.868, 18.3548) -> [ 1746 (15.4805, 19.172); 2382 (15.6229, 19.2619); ]
    5965 (8.2071, 23.7857) -> [ ]
    5967 (19.745, 8.76311) -> [ 8448 (21.6052, 8.60618); 8932 (21.6255, 8.60688); ]
    5968 (6.8864, 16.7945) -> [ 2071 (8.74223, 17.4404); 3036 (8.71315, 17.315); ]
    5969 (22.9465, 8.32252) -> [ ]
    5971 (14.7149, 11.5507) -> [ 31 (16.1186, 12.8971); 330 (15.3865, 12.2049); 1483 (15.489, 12.3865); 1632 (15.2318, 12.0023); 2607 (16.0206, 12.8062); 4243 (16.0477, 12.7966); 5172 (15.9238, 12.7248); 6711 (15.2815, 12.1714); 6939 (15.5777, 12.4222); 9257 (15.9705, 12.8928); ]
    5972 (6.78815, 19.4524) -> [ 359 (8.14619, 20.5356); 2225 (7.58981, 20.1438); 5363 (8.17029, 20.6262); 5975 (7.95258, 20.2705); ]
    5975 (7.95258, 20.2705) -> [ 2359 (9.04902, 21.202); 3502 (9.02742, 21.1731); ]
    5976 (11.8103, 1.17266) -> [ ]
    5978 (19.5351, 20.7809) -> [ 569 (19.9822, 21.4964); 4354 (20.4549, 22.4656); ]
    5979 (20.074, 17.3129) -> [ 3171 (21.0204, 18.3039); 4222 (20.933, 18.1887); 8763 (21.3726, 18.8043); ]
    5980 (1.40178, 22.5328) -> [ 1266 (1.55548, 23.6011); 2409 (1.55682, 24.4317); 7659 (1.51786, 23.9933); 8096 (1.4819, 23.8084); ]
    5981 (3.932, 8.58341) -> [ 2354 (4.7942, 6.95489); 3920 (4.78548, 7.04596); 6030 (4.75681, 7.10736); ]
    5982 (21.2065, 20.2366) -> [ 1628 (21.5901, 20.7078); 2112 (21.3581, 20.4547); 5592 (21.3652, 20.4209); ]
    5983 (22.606, 8.30429) -> [ 9184 (24.4043, 8.18967); ]
    5984 (21.1619, 15.0487) -> [ 3413 (21.3627, 15.1422); 4104 (22.8557, 16.0556); ]
    5985 (3.48264, 15.4729) -> [ 902 (4.89279, 15.8252); 1929 (4.38953, 15.7201); 2469 (5.28941, 15.9059); ]
    5987 (23.0729, 5.53109) -> [ 3430 (24.5316, 5.09479); ]
    5988 (22.2455, 23.0038) -> [ ]
    5989 (22.2259, 1.35145) -> [ ]
    5990 (7.83979, 8.15989) -> [ 6619 (8.02988, 7.98965); 7866 (8.55002, 7.56554); ]
    5991 (2.04767, 22.0638) -> [ 3640 (2.13226, 22.7368); ]
    5992 (23.7457, 1.28179) -> [ ]
    5993 (5.03204, 19.1194) -> [ 9706 (6.08814, 20.3369); ]
    5994 (10.1079, 21.878) -> [ ]
    5995 (1.1501, 11.5571) -> [ 9443 (1.12494, 11.1359); 9820 (1.04787, 10.0357); 9872 (1.06947, 9.78619); ]
    5996 (18.8272, 6.24166) -> [ 1274 (20.2397, 5.76563); 2873 (20.519, 5.65493); 4197 (20.6774, 5.6669); 5354 (19.7282, 5.93381); 9156 (19.7079, 5.91445); 9705 (19.637, 5.92486); ]
    5998 (3.08747, 7.74973) -> [ ]
    6000 (24.41, 19.4669) -> [ ]
    6003 (18.6929, 10.1742) -> [ 582 (19.0863, 10.2117); 3340 (20.2892, 10.3994); 4631 (19.5891, 10.2715); ]
    6004 (12.1011, 22.4669) -> [ ]
    6006 (17.3735, 4.88086) -> [ ]
    6007 (4.27187, 11.0417) -> [ ]
    6009 (1.545, 8.75969) -> [ 3233 (1.67357, 7.89391); ]
    6010 (9.73932, 6.77636) -> [ 297 (11.0731, 5.74885); 3500 (11.0466, 5.67656); 4956 (10.7738, 5.99181); 7270 (10.9966, 5.82768); 7274 (11.3397, 5.612); ]
    6014 (0.907276, 8.75378) -> [ 9570 (1.00729, 7.54464); ]
    6015 (17.6765, 2.44582) -> [ ]
    6017 (4.87637, 18.4627) -> [ 261 (5.4509, 18.958); 386 (5.52143, 19.0289); 2899 (6.2715, 19.7461); 4075 (5.97037, 19.4566); 9607 (5.51815, 19.0001); 9883 (5.76897, 19.2705); ]
    6019 (1.56819, 21.0229) -> [ 609 (1.62499, 21.9406); 1028 (1.70882, 23.0122); 1615 (1.59132, 21.5458); 6095 (1.60304, 21.8365); 8835 (1.75142, 22.2042); ]
    6021 (23.7637, 16.3075) -> [ 5075 (24.7098, 17.3347); ]
    6022 (21.7833, 15.0647) -> [ ]
    6023 (13.3438, 21.6869) -> [ 1223 (14.2609, 22.0887); 4506 (14.8032, 22.5438); 6025 (14.1016, 22.064); ]
    6025 (14.1016, 22.064) -> [ 1817 (15.3257, 22.749); ]
    6026 (16.9075, 1.72061) -> [ 4604 (17.4544, 1.25351); 5710 (17.0812, 1.58807); 9161 (17.9653, 0.870858); ]
    6027 (0.315391, 19.2419) -> [ 1322 (0.0422563, 21.0164); 6725 (0.143148, 20.6302); ]
    6028 (19.9741, 9.31533) -> [ ]
    6029 (7.13926, 22.5337) -> [ ]
    6030 (4.75681, 7.10736) -> [ 1360 (5.6518, 5.40302); ]
    6031 (17.8592, 10.2482) -> [ 9587 (19.3717, 10.3946); ]
    6032 (14.2783, 21.369) -> [ ]
    6035 (16.9139, 7.55156) -> [ 1237 (18.5937, 7.09544); 2572 (17.991, 7.2954); 2917 (17.9675, 7.25481); ]
    6036 (10.8967, 1.12637) -> [ ]
    6037 (22.2612, 18.8301) -> [ 4293 (22.894, 19.3971); 7031 (23.4709, 20.1357); 9919 (23.5313, 20.0281); ]
    6038 (2.10265, 1.94316) -> [ ]
    6039 (12.8918, 23.1544) -> [ 5524 (13.1276, 23.2997); ]
    6040 (2.04088, 17.6995) -> [ 1382 (2.69201, 19.3674); 5174 (2.66582, 19.4313); 6101 (2.61442, 19.2168); ]
    6042 (20.3907, 9.20878) -> [ 362 (21.4333, 9.20128); 1708 (21.7587, 9.16912); 2084 (22.362, 9.20922); 2125 (21.4681, 9.14083); 3358 (22.1739, 9.22869); 7412 (21.9029, 9.21487); ]
    6044 (15.7603, 23.9792) -> [ 5997 (16.7807, 24.595); 6043 (16.9877, 24.6871); ]
    6045 (18.0404, 14.8385) -> [ 932 (19.3524, 16.0105); 5225 (19.1215, 15.798); ]
    6046 (21.776, 13.9251) -> [ 2631 (22.7829, 14.6536); 4033 (23.0434, 14.9368); 5693 (23.0568, 14.934); 6543 (22.6718, 14.3288); 7774 (22.4525, 14.1902); ]
    6047 (7.42237, 2.59781) -> [ 270 (7.98313, 1.56983); 413 (8.20649, 1.17076); 5264 (8.26892, 0.985255); 6673 (7.98985, 1.68874); ]
    6048 (17.9564, 9.01649) -> [ 3261 (19.0402, 8.94116); 5190 (19.8652, 8.92238); ]
    6051 (20.4955, 12.1703) -> [ ]
    6053 (23.3308, 9.77847) -> [ 4260 (24.8287, 9.85266); ]
    6056 (7.92512, 8.80847) -> [ ]
    6057 (7.01038, 14.9134) -> [ ]
    6061 (3.77576, 21.8449) -> [ ]
    6063 (7.22773, 7.37126) -> [ 936 (8.24486, 6.30922); 3286 (8.41424, 6.16719); 4423 (7.87968, 6.70769); ]
    6064 (11.7105, 7.33817) -> [ 9904 (12.7544, 6.72165); ]
    6066 (2.56383, 12.5226) -> [ 7000 (4.17945, 11.6161); ]
    6067 (13.1203, 1.58607) -> [ ]
    6069 (16.5302, 14.8955) -> [ ]
    6070 (17.9898, 2.33734) -> [ ]
    6073 (10.0068, 5.60929) -> [ ]
    6074 (23.3097, 8.00255) -> [ 995 (24.678, 7.78273); 1798 (24.9179, 7.82964); 2928 (24.9051, 7.74442); 4482 (24.4116, 7.7397); 4660 (24.8172, 7.8265); 7115 (24.1801, 7.88608); 8270 (24.9126, 7.72664); ]
    6075 (5.71023, 1.3278) -> [ 9383 (5.9365, 0.760025); ]
    6078 (0.701188, 1.8197) -> [ 6966 (0.740627, 0.204351); ]
    6079 (3.01632, 8.17788) -> [ 2108 (3.53733, 6.48563); 6744 (3.49792, 6.89417); 9266 (3.5019, 6.98333); ]
    6080 (23.7246, 15.2694) -> [ ]
    6081 (23.2768, 13.2296) -> [ 7297 (24.6722, 13.7583); ]
    6083 (6.2036, 1.87741) -> [ ]
    6084 (4.79763, 5.76129) -> [ 1311 (5.51312, 4.07264); 5405 (5.50183, 4.28472); 7018 (5.33344, 4.70202); ]
    6085 (1.10343, 20.7099) -> [ 3604 (1.12124, 21.8253); 3666 (1.066, 22.2676); 5502 (1.11226, 22.5159); 6772 (1.10751, 22.3934); ]
    6086 (9.4165, 3.40106) -> [ 9655 (10.6134, 1.93213); ]
    6087 (22.5142, 6.17511) -> [ 3851 (23.9104, 5.85179); 4424 (24.0478, 5.82851); ]
    6088 (14.1391, 5.15322) -> [ 2585 (15.6191, 4.18532); 4429 (15.5388, 4.28139); 4962 (14.6948, 4.79501); 5775 (14.6977, 4.84069); 8801 (15.8158, 4.08605); 9060 (15.7355, 4.20031); ]
    6089 (6.26927, 12.7176) -> [ ]
    6090 (6.27755, 16.1901) -> [ 326 (7.96309, 16.6091); ]
    6091 (0.935034, 22.4872) -> [ 5114 (0.85191, 24.0514); 5153 (0.844737, 23.827); 6544 (0.878765, 23.9145); 8331 (0.831289, 24.0699); ]
    6092 (8.74974, 19.2855) -> [ 8984 (9.58127, 19.7278); ]
    6093 (8.23486, 19.151) -> [ ]
    6094 (9.83286, 6.41739) -> [ 8544 (10.6705, 5.70774); 8886 (10.7924, 5.66906); ]
    6096 (23.7778, 19.1634) -> [ ]
    6097 (6.38316, 9.35096) -> [ 1104 (7.94628, 8.18884); 5990 (7.83979, 8.15989); 7093 (7.7009, 8.32116); ]
    6098 (4.94323, 22.1397) -> [ 947 (5.58695, 23.4709); 1468 (5.8779, 23.8838); 1967 (5.58548, 23.5811); 3492 (5.70567, 23.4272); 3826 (5.61752, 23.2603); 4684 (5.81727, 23.7569); 6505 (5.82853, 23.8555); ]
    6099 (11.9524, 21.4173) -> [ 3538 (13.5922, 22.2012); 4786 (12.5028, 21.7571); ]
    6100 (11.5574, 16.796) -> [ 4732 (13.3138, 17.0213); 7435 (13.2512, 17.0357); 9463 (13.3539, 17.0165); ]
    6101 (2.61442, 19.2168) -> [ 3250 (2.77031, 19.5911); 5107 (3.04951, 20.2328); ]
    6103 (20.5697, 20.0538) -> [ ]
    6104 (3.03085, 2.66764) -> [ ]
    6106 (1.56704, 18.6206) -> [ 478 (1.68444, 19.5265); ]
    6107 (3.49791, 8.17574) -> [ ]
    6108 (20.6978, 15.5742) -> [ ]
    6109 (19.2604, 7.91222) -> [ 3453 (21.1066, 7.52517); 8617 (20.9841, 7.57842); ]
    6110 (5.18529, 4.73848) -> [ 2421 (5.78558, 3.39765); ]
    6112 (20.6717, 3.96417) -> [ ]
    6113 (20.2071, 3.89881) -> [ ]
    6114 (9.08451, 9.13238) -> [ ]
    6115 (11.5626, 4.61062) -> [ 906 (12.9048, 3.32727); 1842 (12.8478, 3.36776); ]
    6116 (17.3454, 19.5373) -> [ 2277 (17.8712, 20.6698); 2798 (17.8559, 20.9141); 3282 (17.86, 20.7411); 4473 (18.0261, 21.3127); 5546 (18.0028, 21.3264); 7601 (18.046, 21.3727); ]
    6118 (17.9875, 24.3944) -> [ 697 (18.8924, 24.8911); ]
    6120 (20.6485, 3.45441) -> [ ]
    6121 (3.12318, 8.7915) -> [ ]
    6122 (20.9073, 13.042) -> [ ]
    6123 (17.3214, 9.44082) -> [ ]
    6127 (18.2872, 16.69) -> [ 7307 (18.8559, 17.4354); ]
    6129 (2.66881, 5.1307) -> [ ]
    6130 (6.80072, 12.4693) -> [ ]
    6131 (4.58973, 14.621) -> [ 377 (5.40964, 14.5308); ]
    6132 (23.9603, 10.7052) -> [ ]
    6133 (3.9231, 13.0094) -> [ 841 (4.70573, 13.2684); 1469 (4.92915, 13.5583); 1617 (5.20539, 13.6819); 1770 (5.12747, 13.9851); 3212 (5.1499, 13.7007); 4089 (5.03849, 13.7753); 4620 (4.51675, 13.4692); 4665 (4.94478, 13.7069); 5548 (5.58834, 14.054); 7133 (5.43153, 14.1123); 7362 (4.83089, 13.7729); 8605 (5.08673, 13.6278); 8722 (5.58592, 14.0674); 9768 (5.03116, 13.8931); ]
    6134 (5.77491, 1.90657) -> [ ]
    6135 (19.8282, 11.9096) -> [ 632 (20.8998, 12.2183); ]
    6136 (1.03974, 21.5265) -> [ 2344 (1.03894, 21.9018); 3078 (1.01843, 23.3977); 4141 (1.05821, 23.4338); 8067 (1.05627, 23.4033); 8532 (1.00225, 22.9604); ]
    6137 (19.6737, 10.8524) -> [ ]
    6139 (22.6295, 14.058) -> [ ]
    6142 (12.644, 16.6255) -> [ 2974 (13.2161, 16.7107); 7221 (13.552, 16.7584); 7894 (13.6041, 16.6854); 8095 (13.7993, 16.7669); ]
    6143 (7.83568, 5.68112) -> [ 818 (8.81425, 4.2718); ]
    6145 (24.2815, 15.5526) -> [ ]
    6146 (17.8137, 10.0091) -> [ ]
    6147 (2.69019, 5.20257) -> [ 2484 (3.04937, 3.47853); ]
    6148 (17.0444, 19.5382) -> [ ]
    6149 (12.8961, 19.7014) -> [ ]
    6150 (11.089, 6.64032) -> [ 2767 (12.7121, 5.50838); 3188 (12.6048, 5.54046); ]
    6151 (20.6112, 18.2988) -> [ ]
    6152 (19.8051, 19.1704) -> [ 102 (20.3868, 20.0077); 4826 (20.6053, 20.3433); ]
    6153 (10.2331, 4.69143) -> [ 7466 (11.5843, 3.42658); ]
    6154 (17.3156, 16.7047) -> [ 3483 (18.148, 18.0226); 4021 (18.0886, 18.1787); 6311 (18.2476, 18.3878); ]
    6155 (3.03355, 20.1168) -> [ ]
    6156 (18.5033, 12.5056) -> [ 680 (19.5038, 12.8973); 1921 (20.0021, 13.1369); 2272 (19.8502, 13.073); 4544 (19.329, 12.7878); 5942 (19.0819, 12.7508); 7631 (20.064, 13.2929); ]
    6157 (8.31506, 18.7527) -> [ 4172 (10.0141, 19.5776); 6715 (9.79745, 19.5126); 8697 (9.59498, 19.3689); ]
    6158 (16.1268, 0.553125) -> [ ]
    6159 (12.5454, 4.25293) -> [ 3054 (13.1896, 3.70222); 4134 (13.0571, 3.88177); ]
    6161 (4.47638, 16.3949) -> [ 671 (6.1191, 17.1533); ]
    6162 (23.7643, 12.3949) -> [ 1603 (24.9189, 12.7293); ]
    6163 (19.2997, 9.1391) -> [ ]
    6164 (10.6066, 20.5585) -> [ ]
    6165 (2.32609, 21.687) -> [ 104 (2.39012, 22.0638); 1220 (2.61355, 23.3092); ]
    6166 (19.5593, 4.58876) -> [ 1633 (20.8288, 3.97167); ]
    6167 (15.8878, 14.6055) -> [ 7564 (16.6311, 16.0823); ]
    6168 (20.9081, 3.68243) -> [ 5701 (21.8001, 3.30076); 7643 (21.661, 3.34891); ]
    6169 (2.95714, 20.9254) -> [ 4067 (3.08056, 21.3112); ]
    6170 (17.0334, 5.75094) -> [ ]
    6171 (8.75583, 7.95516) -> [ ]
    6173 (23.4723, 13.9545) -> [ 695 (24.6589, 14.9402); 1054 (24.7941, 15.1619); 2050 (24.7489, 14.8107); 3677 (24.6079, 15.0273); 3818 (24.9373, 15.0605); 4763 (24.1727, 14.4277); 9727 (24.1341, 14.4953); ]
    6174 (14.2748, 7.09041) -> [ 2638 (15.4701, 6.46425); 9402 (15.3096, 6.62651); ]
    6175 (0.565597, 7.67068) -> [ 2124 (0.557811, 6.3306); ]
    6176 (22.0426, 11.785) -> [ 3741 (23.553, 12.0576); 8989 (22.3211, 11.8518); 9629 (22.4396, 11.8821); ]
    6179 (21.0732, 23.461) -> [ ]
    6180 (22.7534, 17.945) -> [ 4819 (23.7418, 18.6394); ]
    6181 (23.3631, 6.39945) -> [ 863 (23.6884, 6.33927); 7709 (24.3232, 6.17695); 8230 (24.6689, 6.08164); ]
    6182 (3.72219, 9.03864) -> [ 62 (4.46418, 7.71389); 4490 (4.164, 8.24365); ]
    6183 (11.7808, 4.44593) -> [ ]
    6184 (21.9625, 5.01881) -> [ ]
    6186 (18.185, 1.19749) -> [ 2912 (19.6356, 0.269701); 3522 (18.5727, 0.963045); 8203 (19.2871, 0.471646); ]
    6188 (10.8466, 1.16625) -> [ ]
    6189 (19.3193, 10.195) -> [ 3938 (21.1935, 10.3322); ]
    6190 (2.49686, 21.757) -> [ 72 (2.85974, 23.5655); 5787 (2.84778, 23.2962); ]
    6191 (20.3697, 19.489) -> [ ]
    6194 (5.46068, 17.4716) -> [ 5 (6.79114, 18.2821); ]
    6195 (6.02342, 4.60886) -> [ 5305 (6.53093, 3.68558); 6958 (6.63508, 3.47604); ]
    6196 (5.71068, 3.48155) -> [ 383 (6.29638, 2.35534); ]
    6197 (19.5199, 18.3233) -> [ 6191 (20.3697, 19.489); 9132 (20.2778, 19.3497); ]
    6198 (4.09274, 0.452072) -> [ ]
    6199 (9.69694, 4.26044) -> [ 702 (10.919, 2.75234); ]
    6200 (15.0548, 5.29522) -> [ ]
    6201 (5.93012, 20.5531) -> [ 4590 (6.65849, 21.1795); ]
    6202 (5.61254, 22.8472) -> [ 3334 (6.30703, 24.0231); 8146 (6.20235, 23.8294); ]
    6203 (1.9929, 12.163) -> [ 117 (2.11844, 11.8691); ]
    6205 (22.1184, 17.3169) -> [ 3937 (23.6466, 18.4746); ]
    6206 (0.858352, 12.5264) -> [ 7540 (0.671421, 11.0203); ]
    6208 (6.67784, 8.19306) -> [ 879 (7.51741, 7.39996); 2835 (7.47045, 7.50701); 3321 (8.07902, 6.99774); 3959 (7.19186, 7.78082); 4459 (7.95571, 7.15007); 6761 (7.23288, 7.70646); ]
    6209 (22.4369, 19.6682) -> [ ]
    6210 (13.9856, 3.25926) -> [ 670 (15.4125, 2.18273); ]
    6212 (10.4886, 23.345) -> [ 1702 (11.9234, 24.6673); ]
    6213 (13.3277, 6.36951) -> [ 4563 (14.7036, 5.59623); ]
    6215 (18.795, 13.0827) -> [ ]
    6218 (11.8231, 1.69493) -> [ ]
    6221 (21.5934, 17.6141) -> [ 1588 (22.4982, 18.5364); 3860 (22.6074, 18.6786); ]
    6222 (23.0603, 24.0408) -> [ ]
    6223 (21.7576, 19.772) -> [ 4598 (22.7879, 21.0464); 9298 (22.7559, 21.0033); ]
    6224 (11.56, 22.7085) -> [ 119 (12.4822, 23.3959); 1383 (12.5991, 23.4363); ]
    6226 (21.4816, 19.7365) -> [ 6477 (22.4407, 20.7486); ]
    6227 (2.72222, 4.27547) -> [ ]
    6228 (10.4156, 23.8524) -> [ 6008 (11.5473, 24.9471); ]
    6229 (9.67141, 20.9453) -> [ 1953 (11.0009, 21.926); 7569 (11.2724, 22.0896); ]
    6230 (22.364, 12.7611) -> [ ]
    6231 (13.9447, 18.454) -> [ 4913 (15.0839, 19.0089); 9455 (15.1076, 19.0284); ]
    6232 (16.0568, 10.7792) -> [ 5378 (16.5025, 10.9475); ]
    6233 (18.7591, 5.15151) -> [ ]
    6234 (8.23654, 9.93499) -> [ ]
    6235 (16.7515, 5.39959) -> [ ]
    6236 (15.1266, 2.78982) -> [ 4996 (16.2656, 1.90397); ]
    6238 (18.3647, 18.3453) -> [ 669 (19.2337, 19.755); 6889 (19.3987, 19.9383); ]
    6239 (9.26426, 24.1336) -> [ ]
    6240 (21.7042, 19.4681) -> [ ]
    6241 (19.7713, 4.78342) -> [ 60 (21.1656, 4.20516); 7401 (21.3848, 4.10017); ]
    6242 (12.3194, 9.43603) -> [ 2857 (14.0132, 9.39363); 7012 (14.2029, 9.35193); 7904 (14.2808, 9.37748); ]
    6243 (16.2015, 6.93015) -> [ 9693 (16.6264, 6.78428); ]
    6244 (11.3178, 6.07241) -> [ 3619 (12.9004, 4.9113); 5006 (12.3576, 5.34151); 5581 (12.6202, 5.16067); ]
    6247 (21.7281, 16.4944) -> [ 8107 (22.6007, 17.1345); ]
    6248 (5.73375, 8.49453) -> [ ]
    6249 (4.17146, 11.727) -> [ 2085 (5.66255, 11.0104); 6365 (5.92529, 10.9282); ]
    6250 (20.8818, 18.0516) -> [ 9165 (21.3555, 18.5389); ]
    6251 (20.4334, 13.0588) -> [ 7663 (21.7877, 13.5588); 9822 (21.7545, 13.5506); ]
    6252 (7.69503, 10.4015) -> [ 909 (9.37277, 9.5919); ]
    6253 (15.6964, 21.3142) -> [ 2889 (17.1916, 22.4624); 8894 (17.2298, 22.4393); ]
    6254 (17.2711, 14.1719) -> [ ]
    6256 (10.7148, 2.60992) -> [ ]
    6257 (6.73528, 13.7877) -> [ 737 (7.11536, 14.1815); ]
    6260 (17.8079, 16.8756) -> [ 719 (18.6626, 18.16); 6847 (18.6634, 18.1975); 8079 (18.7071, 18.2301); ]
    6261 (23.6313, 19.7658) -> [ 6660 (24.6563, 20.7672); ]
    6263 (22.2607, 5.43854) -> [ ]
    6264 (2.71342, 2.55346) -> [ 5329 (2.8705, 0.823056); ]
    6266 (20.8539, 21.5169) -> [ ]
    6267 (14.7759, 13.1602) -> [ 2064 (13.987, 14.9035); 3005 (15.3629, 14.9535); 5673 (15.1756, 14.4328); 8176 (15.3252, 14.7504); 8384 (15.2483, 14.7871); ]
    6268 (16.3442, 17.3686) -> [ ]
    6269 (14.544, 2.20526) -> [ 8038 (15.863, 1.01737); ]
    6270 (6.44093, 7.95384) -> [ 7286 (7.79472, 6.48329); ]
    6271 (23.4748, 18.5429) -> [ 3460 (24.651, 19.6108); ]
    6272 (9.31336, 2.58138) -> [ ]
    6274 (15.0264, 1.24332) -> [ 2320 (16.1438, 0.337518); 4005 (15.9317, 0.447333); ]
    6275 (4.99867, 7.12956) -> [ 2955 (5.12615, 6.89107); ]
    6276 (2.24664, 18.5713) -> [ 4092 (2.93019, 20.4114); ]
    6277 (6.61001, 22.6153) -> [ 259 (7.57814, 24.0294); ]
    6279 (22.3572, 17.0072) -> [ ]
    6280 (0.78997, 9.59639) -> [ ]
    6283 (14.2891, 10.5761) -> [ 6483 (15.9577, 11.2488); ]
    6284 (7.0141, 16.9274) -> [ ]
    6285 (22.7677, 8.61476) -> [ ]
    6286 (9.55693, 9.59929) -> [ 341 (11.1057, 9.00515); 3708 (9.82035, 9.49488); 4768 (11.2585, 8.96311); 5042 (10.9434, 8.95143); ]
    6289 (11.0438, 16.923) -> [ 2952 (12.7461, 17.8829); 4749 (11.9943, 17.4555); 6407 (12.6153, 17.6702); 9465 (12.8456, 17.7676); ]
    6290 (18.573, 22.6209) -> [ 2677 (18.7389, 23.0347); ]
    6291 (4.89911, 8.44181) -> [ 4878 (5.81834, 7.27701); 5772 (6.06765, 7.03787); 7874 (5.96698, 6.95309); 8537 (5.83487, 7.31616); ]
    6292 (20.9161, 9.95787) -> [ 1781 (22.2936, 10.0281); ]
    6293 (19.4638, 5.15404) -> [ 2570 (20.9385, 4.55405); 3049 (20.4788, 4.69293); 3422 (21.132, 4.33845); 4777 (21.084, 4.41117); 5240 (20.3926, 4.77324); 7486 (21.3055, 4.39756); ]
    6294 (1.63945, 8.65509) -> [ ]
    6295 (10.5427, 16.6603) -> [ 6803 (11.7382, 17.3701); ]
    6297 (9.20155, 7.5294) -> [ ]
    6298 (22.5673, 8.17742) -> [ ]
    6300 (23.9293, 12.0798) -> [ ]
    6301 (21.5196, 13.6507) -> [ 7505 (23.0177, 14.5786); ]
    6303 (18.0253, 18.8132) -> [ 2768 (18.7504, 20.4387); ]
    6304 (23.5437, 11.4246) -> [ ]
    6306 (14.3526, 2.39621) -> [ 4254 (15.4907, 1.44866); 5745 (15.4927, 1.33162); 6269 (14.544, 2.20526); ]
    6307 (23.6547, 17.6488) -> [ ]
    6308 (19.4467, 10.8669) -> [ 2721 (20.3536, 11.049); 5231 (19.8624, 10.9497); ]
    6309 (21.0595, 23.0145) -> [ 1144 (21.9834, 24.6724); 3370 (21.9601, 24.6258); 3787 (21.8156, 24.3905); 5504 (21.5362, 23.6351); 7234 (21.6724, 24.0827); ]
    6311 (18.2476, 18.3878) -> [ 4609 (19.0657, 19.9276); ]
    6313 (21.6125, 11.2915) -> [ 8954 (22.4195, 11.4505); ]
    6314 (15.1516, 23.1159) -> [ 6339 (15.8353, 23.4995); ]
    6315 (10.2282, 9.4719) -> [ 2552 (10.6403, 9.26982); 4178 (10.7818, 9.27953); 4513 (12.0244, 8.86071); 7063 (11.1723, 9.10685); 8109 (10.8646, 9.27979); 8506 (11.9034, 8.84123); ]
    6316 (18.7484, 16.0157) -> [ 449 (19.5846, 17.0245); 2518 (19.9372, 17.581); ]
    6317 (22.4115, 16.286) -> [ 173 (23.8296, 17.2526); 992 (23.6993, 17.4035); 2099 (23.7708, 17.4906); 3974 (23.501, 17.0111); 4997 (23.9725, 17.4895); 5157 (23.5598, 17.1625); 5620 (23.2858, 16.96); 7725 (23.2703, 16.8589); 7782 (23.7139, 17.1789); 8229 (23.8813, 17.5108); 8953 (23.6805, 17.6938); 9204 (23.6928, 17.4176); 9279 (23.3522, 16.9217); ]
    6318 (16.4947, 1.07048) -> [ 2095 (16.7877, 0.828488); 6551 (17.3466, 0.306934); 6628 (17.5827, 0.130874); ]
    6319 (5.82151, 9.20726) -> [ ]
    6320 (6.56282, 16.6907) -> [ ]
    6322 (1.20338, 18.1642) -> [ 1341 (1.30741, 19.6466); 8374 (1.28154, 19.9849); 9644 (1.2784, 19.9415); ]
    6324 (1.96246, 4.43949) -> [ 2123 (2.12205, 2.86166); ]
    6325 (16.93, 7.20537) -> [ 2606 (18.3319, 6.84171); 2836 (18.3509, 6.7277); 3291 (17.9891, 6.8427); 3372 (17.5708, 6.98184); 3862 (18.5065, 6.75057); 8950 (18.4829, 6.70677); ]
    6326 (4.29394, 11.8972) -> [ 5115 (5.24418, 11.5207); ]
    6327 (0.762627, 6.82474) -> [ ]
    6328 (5.07891, 10.5006) -> [ 3672 (6.05345, 9.76468); ]
    6329 (24.4703, 16.3325) -> [ ]
    6330 (5.00926, 15.0978) -> [ 3111 (6.25498, 15.1135); 6516 (6.55299, 15.1379); 6870 (6.27168, 15.138); ]
    6331 (2.30573, 8.35891) -> [ 8849 (2.67878, 6.65375); ]
    6332 (17.2905, 13.8605) -> [ 9703 (18.1418, 14.662); ]
    6334 (13.0593, 1.57369) -> [ 9609 (14.1843, 0.467957); ]
    6335 (3.98776, 14.8156) -> [ 4746 (5.95102, 14.6861); ]
    6336 (13.6904, 15.3569) -> [ 7962 (13.2778, 15.7884); ]
    6337 (19.4907, 22.5559) -> [ 2558 (20.0606, 23.9535); 4747 (20.3213, 24.3029); 6410 (19.9204, 23.6555); ]
    6338 (4.9249, 23.9795) -> [ ]
    6339 (15.8353, 23.4995) -> [ ]
    6342 (1.79735, 21.4576) -> [ ]
    6344 (3.06806, 6.79539) -> [ 1528 (3.31653, 6.23213); 2440 (3.27481, 6.19763); ]
    6345 (13.9518, 10.4172) -> [ 504 (15.4002, 10.945); 752 (15.7764, 11.0752); 2480 (15.5863, 11.027); 2636 (15.4714, 11.0719); 3014 (15.1533, 10.854); 6283 (14.2891, 10.5761); ]
    6346 (24.6213, 15.448) -> [ ]
    6347 (20.9234, 2.44821) -> [ 2532 (22.5478, 1.57077); 4245 (22.4046, 1.68141); ]
    6348 (15.7032, 16.5548) -> [ ]
    6349 (21.586, 9.87062) -> [ 3513 (22.3344, 9.89645); 3798 (23.1625, 9.85135); 4721 (22.9076, 9.90945); ]
    6350 (8.87275, 20.3294) -> [ 2273 (10.0329, 21.0711); ]
    6353 (20.6925, 3.07771) -> [ 2983 (20.8315, 3.02951); 5011 (20.9642, 2.93654); 8339 (22.0738, 2.38919); ]
    6354 (22.6043, 21.3225) -> [ 7479 (23.2966, 21.9949); ]
    6355 (22.9463, 8.72164) -> [ ]
    6356 (1.85415, 1.48322) -> [ 1484 (1.88368, 1.18929); ]
    6357 (14.462, 16.7668) -> [ ]
    6358 (11.9614, 17.1771) -> [ 1137 (13.2174, 17.5843); 5679 (13.7129, 17.7639); 5778 (13.3068, 17.5424); 7440 (12.9645, 17.5023); 8511 (13.7173, 17.7564); 8817 (13.7877, 17.7588); ]
    6359 (14.9533, 8.5765) -> [ ]
    6361 (15.2231, 14.2832) -> [ 1630 (15.7713, 15.9421); ]
    6362 (18.2087, 5.28216) -> [ ]
    6363 (16.2421, 3.7879) -> [ ]
    6364 (1.02067, 14.3584) -> [ 6206 (0.858352, 12.5264); ]
    6365 (5.92529, 10.9282) -> [ 918 (7.29275, 10.2738); 1095 (7.39888, 10.1814); 1171 (7.5826, 10.1085); 1970 (6.0875, 10.8226); 2646 (6.12307, 10.7954); 3987 (7.66005, 10.1686); 4724 (6.74491, 10.619); 5052 (7.49395, 10.1748); 5055 (7.36046, 10.2475); 5490 (7.05434, 10.3548); 7367 (7.03316, 10.4754); ]
    6366 (3.7184, 14.4315) -> [ 3293 (5.18708, 14.0488); 4613 (4.80862, 14.1073); ]
    6369 (0.134805, 1.49355) -> [ 2322 (0.0701628, 0.487835); ]
    6370 (4.77926, 1.64022) -> [ ]
    6371 (17.3547, 3.88312) -> [ 394 (18.5627, 3.13149); ]
    6372 (19.568, 1.53312) -> [ ]
    6373 (13.5962, 5.34848) -> [ 9430 (14.764, 4.6157); ]
    6374 (1.47012, 16.498) -> [ 93 (1.96421, 17.9853); ]
    6375 (0.208085, 9.25394) -> [ 4020 (0.101467, 8.79119); ]
    6376 (23.3171, 20.4918) -> [ ]
    6377 (4.28887, 3.50539) -> [ ]
    6378 (14.0159, 5.73269) -> [ ]
    6379 (18.3846, 1.8569) -> [ ]
    6380 (2.46158, 2.97839) -> [ 6394 (2.7442, 1.22951); ]
    6381 (24.4313, 4.53141) -> [ ]
    6382 (19.2218, 8.22975) -> [ 1435 (20.1164, 8.03678); 3486 (20.7252, 7.94556); 5310 (19.9967, 8.11177); 9793 (19.8873, 8.09283); ]
    6383 (17.5119, 15.257) -> [ 1457 (18.6965, 16.64); ]
    6384 (1.39609, 22.6614) -> [ 1508 (1.46633, 23.9784); ]
    6386 (5.24952, 10.4285) -> [ ]
    6387 (17.4343, 22.4179) -> [ 1928 (18.5791, 23.2589); 3480 (18.6315, 23.3894); 9192 (18.41, 23.1766); ]
    6388 (5.68288, 16.8572) -> [ 2908 (6.86917, 17.3071); 9248 (7.02201, 17.4478); ]
    6389 (12.8086, 8.02879) -> [ ]
    6390 (21.8589, 2.82274) -> [ 3660 (23.5585, 2.06989); 8942 (23.3707, 2.04278); ]
    6392 (16.056, 2.30458) -> [ 6757 (17.4095, 1.24152); 7837 (17.2572, 1.35485); ]
    6395 (0.409381, 9.45573) -> [ ]
    6396 (11.6982, 21.8461) -> [ 400 (13.3215, 22.9078); 4008 (12.5282, 22.3997); ]
    6397 (8.46463, 18.7673) -> [ 8220 (9.47251, 19.2513); ]
    6398 (16.7914, 12.5424) -> [ ]
    6399 (6.73991, 20.4751) -> [ 3909 (7.91073, 21.6001); 7087 (7.1234, 20.8779); ]
    6400 (23.6067, 21.1042) -> [ 2563 (24.5999, 22.2151); ]
    6401 (12.0034, 22.3571) -> [ ]
    6402 (0.151982, 1.29897) -> [ ]
    6403 (3.74893, 19.6756) -> [ 4203 (4.79591, 21.3446); ]
    6404 (0.726391, 16.2654) -> [ ]
    6407 (12.6153, 17.6702) -> [ 1539 (14.3089, 18.4788); 4644 (13.99, 18.3185); 5964 (13.868, 18.3548); 8765 (13.3401, 18.0445); ]
    6408 (17.8361, 15.0318) -> [ 1249 (18.8083, 16.2349); 2663 (18.9203, 16.3388); 5526 (18.4961, 15.837); 6425 (18.4395, 15.7762); ]
    6409 (8.90269, 2.55586) -> [ 338 (9.71369, 1.30841); ]
    6410 (19.9204, 23.6555) -> [ 2793 (20.3515, 24.5903); ]
    6411 (4.98288, 21.9083) -> [ 6667 (5.761, 23.2094); 8795 (6.00075, 23.6216); ]
    6413 (14.8249, 11.0842) -> [ 1165 (15.9831, 11.7233); 2185 (16.5023, 12.0162); 3970 (16.3401, 12.2687); 4389 (15.924, 11.6711); 5467 (16.4296, 12.0607); 5835 (16.0346, 12.0328); 7518 (16.1816, 12.1671); 7549 (16.3865, 12.2678); ]
    6414 (9.68836, 17.8261) -> [ 7 (10.6796, 18.181); 7245 (11.3327, 18.413); 8311 (11.0908, 18.2977); ]
    6415 (3.34465, 13.0199) -> [ 908 (4.60138, 13.6627); 2471 (4.04766, 13.2087); 3095 (4.71795, 13.7555); 3138 (3.75464, 13.1341); 4041 (4.81785, 13.8014); 6880 (4.9165, 13.8499); 7391 (3.97424, 13.186); 8505 (3.89424, 13.1498); 8688 (4.45845, 13.5838); ]
    6416 (20.9673, 3.29903) -> [ ]
    6417 (16.0061, 17.5752) -> [ 2858 (16.287, 18.7927); ]
    6418 (0.257627, 10.5714) -> [ ]
    6420 (3.56224, 15.7002) -> [ 4648 (5.36434, 16.2407); ]
    6421 (3.73421, 19.7446) -> [ 7056 (3.9417, 20.1273); 7537 (4.11076, 20.3381); 9238 (4.67458, 21.3525); ]
    6423 (6.90359, 1.54817) -> [ 3228 (7.07407, 1.27965); ]
    6424 (7.62853, 8.8687) -> [ ]
    6425 (18.4395, 15.7762) -> [ 3364 (19.6107, 17.1073); 3374 (19.0902, 16.5936); 4496 (19.1015, 16.5847); ]
    6426 (18.2609, 23.3167) -> [ 744 (18.9397, 23.9231); 9734 (18.9433, 23.7641); ]
    6428 (15.9875, 18.8995) -> [ 4729 (16.0192, 19.0956); ]
    6429 (2.12087, 4.57636) -> [ 2794 (2.38623, 2.73806); 6380 (2.46158, 2.97839); ]
    6430 (14.6017, 22.5325) -> [ ]
    6432 (8.22479, 5.89117) -> [ ]
    6433 (20.7776, 20.6186) -> [ ]
    6434 (15.4998, 6.93131) -> [ 4476 (16.4286, 6.52908); ]
    6435 (10.3214, 2.54281) -> [ 4486 (11.0465, 1.53336); ]
    6436 (12.3508, 1.49042) -> [ 2900 (12.7044, 1.06336); ]
    6438 (15.8086, 22.8113) -> [ 2036 (16.6918, 23.3035); 3172 (17.0745, 23.4737); 7390 (16.3052, 23.052); ]
    6439 (21.546, 11.1781) -> [ ]
    6440 (10.4445, 17.5076) -> [ ]
    6441 (13.8968, 20.6394) -> [ 8245 (15.1289, 21.8232); ]
    6442 (3.54808, 1.69858) -> [ 9510 (3.65192, 1.16244); ]
    6443 (5.00668, 10.9785) -> [ 7679 (6.62631, 9.93549); ]
    6445 (9.79546, 17.4846) -> [ ]
    6446 (17.8568, 5.24512) -> [ ]
    6447 (19.7339, 20.6501) -> [ ]
    6451 (14.9513, 5.8973) -> [ 6563 (16.3263, 5.1319); ]
    6453 (12.4587, 6.42897) -> [ 3713 (13.3653, 5.82987); ]
    6454 (15.9403, 2.05963) -> [ 460 (17.3333, 1.03619); 5880 (17.4986, 0.933514); ]
    6455 (13.9092, 2.08447) -> [ 2223 (15.1794, 0.8925); 2292 (15.239, 0.859478); ]
    6456 (15.2308, 3.82163) -> [ ]
    6457 (16.4562, 17.7753) -> [ 6148 (17.0444, 19.5382); 7883 (16.9837, 19.2104); ]
    6459 (16.9855, 17.3717) -> [ 1579 (17.645, 18.7391); 3135 (17.617, 18.6488); 9533 (17.4621, 18.4723); ]
    6461 (6.37032, 6.27976) -> [ ]
    6462 (10.4949, 1.65173) -> [ ]
    6464 (14.426, 8.22946) -> [ 322 (15.2687, 8.03668); 1235 (16.2606, 7.64358); 4610 (16.0222, 7.72417); 6639 (15.3112, 7.99871); 8459 (15.2498, 7.9665); 8654 (15.7841, 7.89429); ]
    6466 (5.56115, 7.99726) -> [ 285 (6.48121, 6.64861); 536 (6.30579, 6.87118); 5898 (6.77189, 6.47932); ]
    6467 (1.97674, 12.4383) -> [ 694 (2.67878, 11.6042); 1147 (2.84206, 11.308); ]
    6468 (10.3047, 23.6052) -> [ 6618 (11.1987, 24.4363); ]
    6469 (3.46887, 16.6097) -> [ 7180 (5.18768, 17.6001); ]
    6470 (1.16633, 5.2601) -> [ 6719 (1.15795, 3.42984); ]
    6471 (15.2771, 8.70373) -> [ 1703 (16.2784, 8.62279); 2428 (17.2575, 8.46246); 7271 (15.3977, 8.69002); ]
    6474 (6.98793, 2.17392) -> [ ]
    6476 (19.039, 4.40339) -> [ 9428 (20.3459, 3.74091); ]
    6477 (22.4407, 20.7486) -> [ ]
    6478 (21.2159, 4.1084) -> [ 499 (22.3062, 3.59149); 664 (22.2557, 3.63687); ]
    6480 (20.3374, 16.097) -> [ 3475 (21.5718, 17.1916); 8483 (21.821, 17.288); ]
    6482 (1.22524, 6.98116) -> [ 1564 (1.23705, 4.98981); 1891 (1.24552, 6.03661); 4958 (1.20627, 5.46156); 5642 (1.26206, 5.04527); 6470 (1.16633, 5.2601); 6813 (1.28748, 5.03578); 7728 (1.24385, 6.35522); 7980 (1.23277, 5.3221); 8715 (1.18272, 5.9305); ]
    6483 (15.9577, 11.2488) -> [ 597 (17.5618, 11.8972); 9884 (16.9621, 11.6462); ]
    6484 (13.8377, 6.91419) -> [ 8351 (15.3814, 6.19913); ]
    6485 (0.762521, 7.18247) -> [ 252 (0.792262, 5.75396); ]
    6486 (19.7757, 8.24072) -> [ 1005 (20.2647, 8.15573); ]
    6487 (21.8898, 9.71018) -> [ ]
    6488 (22.7835, 13.4689) -> [ ]
    6489 (3.90563, 10.7677) -> [ 3867 (5.15621, 9.48252); 6716 (5.25612, 9.55608); ]
    6490 (18.3667, 9.82715) -> [ 1261 (19.0497, 9.88201); 1713 (19.2364, 9.87773); 3114 (19.1569, 9.82221); 6672 (20.2256, 9.91841); 9032 (19.3693, 9.8313); ]
    6491 (9.63885, 22.8158) -> [ 581 (10.9247, 23.7519); 5664 (10.7688, 23.878); 6001 (10.6278, 23.6141); 8213 (10.3103, 23.5116); ]
    6492 (14.0344, 5.13611) -> [ 4019 (14.4406, 4.81551); 4138 (15.1573, 4.39893); 6592 (15.228, 4.35445); ]
    6493 (18.8372, 0.631623) -> [ 9011 (19.0137, 0.481439); ]
    6494 (2.15328, 21.8274) -> [ ]
    6496 (0.193598, 5.3913) -> [ 7815 (0.16044, 4.01376); ]
    6497 (0.952813, 1.69399) -> [ 2845 (0.927164, 0.550258); ]
    6498 (18.9341, 22.3368) -> [ ]
    6499 (8.19988, 23.678) -> [ 550 (8.87748, 24.5037); ]
    6500 (0.535076, 19.2007) -> [ 1664 (0.283407, 20.9837); ]
    6502 (1.54535, 5.30606) -> [ 2982 (1.73914, 3.88766); ]
    6506 (18.6548, 9.25899) -> [ 239 (20.2681, 9.20415); 897 (20.4132, 9.16412); 3954 (20.383, 9.28095); 6042 (20.3907, 9.20878); 7112 (20.3093, 9.11044); 8475 (20.1265, 9.10308); ]
    6507 (8.2048, 23.4831) -> [ 4253 (9.50473, 24.8737); 5202 (9.02169, 24.4458); ]
    6508 (17.4138, 13.9492) -> [ ]
    6512 (8.48693, 9.30549) -> [ 970 (10.1378, 8.31312); ]
    6513 (6.74454, 16.7468) -> [ 5540 (8.58306, 17.2782); ]
    6514 (0.711822, 23.9129) -> [ 1248 (0.713756, 24.8755); 1638 (0.714919, 24.4176); ]
    6517 (20.0757, 7.4841) -> [ 9791 (21.6994, 7.12577); ]
    6519 (12.5162, 17.9093) -> [ ]
    6521 (1.44126, 15.4089) -> [ 1691 (2.86478, 16.64); ]
    6523 (19.3964, 1.54634) -> [ 1680 (20.3077, 0.906971); ]
    6524 (8.47668, 24.1008) -> [ 9831 (9.19091, 24.9671); ]
    6525 (2.10735, 8.45847) -> [ 3603 (2.49965, 6.93966); 4774 (2.51046, 6.51129); 8756 (2.51037, 6.54771); ]
    6526 (3.70493, 7.53685) -> [ ]
    6527 (4.0429, 10.848) -> [ ]
    6528 (15.7927, 13.6225) -> [ 3444 (16.8962, 15.1385); 6699 (16.5695, 14.7292); ]
    6530 (5.78004, 19.3477) -> [ 4998 (7.00154, 20.6026); 6624 (6.66963, 20.2098); ]
    6531 (3.29905, 19.9534) -> [ 4512 (3.45194, 20.2542); ]
    6532 (6.02018, 3.5725) -> [ ]
    6533 (2.24634, 11.2294) -> [ 5432 (3.2121, 9.50085); ]
    6536 (15.497, 3.20315) -> [ ]
    6537 (1.77819, 1.90716) -> [ 5004 (1.851, 1.16812); ]
    6538 (21.3186, 7.16198) -> [ ]
    6539 (1.48565, 9.03663) -> [ 4306 (1.56769, 7.26926); ]
    6540 (22.9327, 10.9624) -> [ 3737 (24.3321, 11.2093); 5150 (24.0907, 11.1741); 8111 (24.8653, 11.1981); 8826 (24.4526, 11.2118); 8920 (24.0798, 11.225); ]
    6541 (4.38005, 17.4848) -> [ 871 (5.11366, 17.9882); ]
    6544 (0.878765, 23.9145) -> [ 5518 (0.837868, 24.609); ]
    6545 (2.12814, 10.0877) -> [ ]
    6546 (19.305, 2.42765) -> [ ]
    6547 (6.81, 6.81725) -> [ ]
    6548 (3.08638, 16.6182) -> [ 2951 (3.94891, 17.2585); 7282 (4.22174, 17.5156); ]
    6549 (22.4193, 19.0808) -> [ ]
    6550 (23.7438, 1.8733) -> [ 3349 (24.5921, 1.44023); ]
    6552 (19.6654, 12.4309) -> [ 46 (20.7785, 12.8188); 533 (21.2086, 12.9392); 2136 (20.7202, 12.7943); ]
    6554 (9.97728, 6.65999) -> [ 1022 (10.3721, 6.39749); 3874 (10.274, 6.42847); ]
    6556 (18.0577, 23.3342) -> [ 4712 (18.304, 23.5492); ]
    6557 (21.0143, 11.7321) -> [ ]
    6559 (19.5631, 16.4305) -> [ ]
    6560 (15.383, 3.83424) -> [ 816 (16.1258, 3.4002); 1850 (16.9233, 2.72315); 7009 (15.8153, 3.52401); 9604 (17.0204, 2.7994); ]
    6561 (0.148907, 7.95588) -> [ 3703 (0.0071694, 6.94751); ]
    6562 (12.9706, 24.0289) -> [ 1094 (13.2191, 24.2173); ]
    6563 (16.3263, 5.1319) -> [ 256 (17.9839, 4.24843); ]
    6564 (18.8578, 11.5743) -> [ 1910 (20.6864, 11.9171); ]
    6567 (10.3723, 8.25644) -> [ 5116 (12.0433, 7.32134); ]
    6568 (9.70531, 7.28334) -> [ 4698 (10.6532, 6.59454); 4943 (10.6521, 6.61588); 9825 (11.1813, 6.32433); ]
    6569 (9.79885, 22.0557) -> [ 1369 (10.8856, 22.8097); 4148 (10.833, 22.7578); 5121 (11.0099, 22.8213); ]
    6570 (2.97489, 12.3264) -> [ 7952 (4.06914, 11.7762); ]
    6571 (16.611, 15.1758) -> [ 374 (17.302, 16.5086); ]
    6572 (3.29291, 8.10979) -> [ 696 (4.0007, 6.51739); ]
    6574 (7.80865, 19.3913) -> [ 6262 (8.6884, 19.9916); ]
    6578 (2.35801, 17.9273) -> [ ]
    6581 (17.9046, 19.061) -> [ 1257 (18.5026, 20.455); 5035 (18.4274, 20.1495); ]
    6582 (18.8986, 15.3164) -> [ 1526 (19.9378, 16.195); 7188 (20.0075, 16.1947); ]
    6584 (0.914299, 15.6286) -> [ 3633 (0.670794, 17.433); 5446 (0.644374, 17.3895); ]
    6585 (16.0406, 14.2568) -> [ 637 (16.4319, 14.8208); 834 (17.0225, 15.6259); 1578 (16.3946, 14.8185); 6069 (16.5302, 14.8955); 6571 (16.611, 15.1758); 7375 (16.7338, 15.1935); 9689 (17.0489, 15.7121); ]
    6586 (19.9358, 13.3124) -> [ 5392 (21.3801, 13.9727); 7947 (21.1199, 13.8474); ]
    6587 (13.8864, 19.0592) -> [ 437 (15.1984, 19.9896); 2296 (14.1591, 19.2216); 2345 (15.1367, 19.8264); 2615 (14.3757, 19.4197); ]
    6588 (21.1253, 18.5625) -> [ 1642 (21.2788, 18.736); ]
    6589 (3.64235, 15.0113) -> [ 1843 (5.24528, 15.0632); ]
    6590 (6.68961, 3.92902) -> [ ]
    6591 (7.6275, 17.9736) -> [ 614 (8.79216, 18.4214); 8289 (9.20234, 18.5671); 9616 (9.06572, 18.5797); ]
    6594 (22.4441, 0.731666) -> [ 9848 (23.7033, 0.0227476); ]
    6595 (21.885, 2.07819) -> [ ]
    6596 (8.5268, 15.5928) -> [ 7554 (9.48561, 16.3863); ]
    6597 (12.8666, 5.48625) -> [ ]
    6598 (18.2627, 3.5007) -> [ 5536 (19.4813, 2.75868); ]
    6599 (15.485, 1.25854) -> [ ]
    6600 (7.95454, 3.74784) -> [ 4130 (8.60107, 2.78085); 5348 (8.36949, 3.14644); 8687 (8.51586, 2.93785); ]
    6601 (15.1181, 17.704) -> [ ]
    6602 (21.1441, 1.18628) -> [ 1109 (22.1716, 0.575042); 4460 (21.9447, 0.658061); 5313 (22.7064, 0.207898); ]
    6604 (17.6812, 11.4979) -> [ ]
    6605 (20.9108, 1.95897) -> [ 7963 (22.5901, 0.977041); ]
    6607 (0.665347, 10.1313) -> [ 27 (0.70158, 9.12635); 5428 (0.636123, 8.30792); 6789 (0.749161, 8.30544); 9131 (0.735722, 8.62625); 9960 (0.658471, 8.38466); ]
    6610 (4.20973, 3.82569) -> [ ]
    6611 (6.22742, 23.2667) -> [ 5123 (6.63761, 23.9532); 5362 (7.09557, 24.7004); 6867 (7.18744, 24.7843); ]
    6612 (20.8483, 2.87918) -> [ 1090 (22.2541, 1.90162); 3511 (22.147, 2.05973); 4542 (22.1579, 2.16172); 8255 (21.0318, 2.73613); ]
    6613 (20.3415, 5.95513) -> [ 5950 (21.9056, 5.45391); ]
    6614 (16.751, 11.9701) -> [ ]
    6616 (2.72255, 15.7991) -> [ ]
    6617 (20.7948, 5.50483) -> [ 2368 (22.2521, 4.94603); 4085 (22.6352, 4.80711); 8951 (22.1786, 4.99829); 9807 (21.8978, 5.07015); ]
    6619 (8.02988, 7.98965) -> [ ]
    6620 (8.20521, 5.27809) -> [ 4095 (9.44351, 3.73861); 7509 (9.08733, 4.15636); 7645 (9.1806, 4.0103); 9550 (9.26414, 4.12174); ]
    6621 (23.0955, 17.1538) -> [ 9797 (24.4192, 18.2127); ]
    6622 (12.3505, 8.50881) -> [ 9971 (14.1352, 7.80447); ]
    6623 (8.46686, 6.91401) -> [ ]
    6627 (3.99346, 6.95286) -> [ ]
    6629 (4.98725, 10.103) -> [ 3885 (6.2559, 8.80439); 8211 (6.46093, 8.85756); ]
    6630 (4.76707, 23.6321) -> [ ]
    6632 (11.9982, 5.29803) -> [ 771 (13.1971, 4.29614); 1377 (13.0731, 4.53821); 1451 (13.2699, 4.37409); 8078 (13.184, 4.38779); ]
    6633 (21.3783, 22.4134) -> [ 9171 (22.2954, 23.6547); ]
    6634 (15.9834, 8.18283) -> [ 629 (17.4462, 7.9391); 7072 (17.9102, 7.69116); 7272 (17.3391, 7.91125); 9502 (16.9431, 7.97671); ]
    6635 (4.06429, 10.3492) -> [ 3428 (5.02663, 9.25833); ]
    6636 (23.0165, 22.4867) -> [ 3998 (23.7389, 23.3642); 4119 (23.6407, 23.2874); 8473 (24.1236, 23.9059); ]
    6637 (21.2107, 0.823121) -> [ ]
    6638 (17.267, 22.9205) -> [ 7766 (18.3933, 23.7521); ]
    6639 (15.3112, 7.99871) -> [ 40 (16.9054, 7.53079); 6035 (16.9139, 7.55156); ]
    6640 (5.00682, 11.705) -> [ 1283 (6.79213, 10.9577); ]
    6641 (10.2293, 2.68629) -> [ 874 (11.1363, 1.45621); ]
    6642 (18.2273, 11.6974) -> [ ]
    6644 (24.7221, 16.4305) -> [ 3449 (24.9661, 16.6706); ]
    6645 (17.5614, 9.21832) -> [ 6163 (19.2997, 9.1391); ]
    6646 (0.463056, 10.2657) -> [ 4336 (0.304104, 9.49662); 7612 (0.218465, 8.74695); 8686 (0.221414, 9.08289); 9130 (0.234327, 8.66763); 9188 (0.281714, 9.05686); ]
    6650 (18.3123, 7.04232) -> [ 1933 (20.2248, 6.4636); ]
    6652 (10.6909, 3.95154) -> [ 5118 (11.7065, 2.92416); ]
    6653 (10.7831, 6.74869) -> [ 4321 (12.1122, 5.85356); 5717 (11.6567, 6.13659); 9469 (12.1194, 5.76954); ]
    6654 (7.67928, 1.15814) -> [ ]
    6655 (1.59634, 19.3946) -> [ 87 (1.6161, 19.7115); 647 (1.61531, 19.5543); 805 (1.75345, 20.8782); 5160 (1.80764, 21.088); 5260 (1.81587, 21.1796); 9974 (1.70545, 20.6636); ]
    6656 (23.2226, 15.713) -> [ ]
    6657 (5.09072, 20.5206) -> [ 4350 (6.22847, 22.0429); 8983 (5.78875, 21.4957); ]
    6658 (12.3036, 8.86436) -> [ 494 (14.1211, 8.16519); 6625 (13.3001, 8.5804); ]
    6659 (14.132, 22.2008) -> [ 1745 (15.1412, 22.7914); 2236 (15.5996, 23.0763); ]
    6661 (17.1806, 17.5934) -> [ 6581 (17.9046, 19.061); ]
    6663 (18.3732, 18.8318) -> [ 5419 (18.983, 19.9464); ]
    6665 (8.80102, 7.91036) -> [ 2916 (10.4183, 6.75086); 6568 (9.70531, 7.28334); ]
    6666 (11.8241, 8.25703) -> [ 2164 (12.7916, 7.82445); ]
    6667 (5.761, 23.2094) -> [ ]
    6668 (15.8747, 17.773) -> [ 4060 (16.1294, 18.792); 5729 (16.2659, 19.4501); 6973 (16.1152, 18.7521); ]
    6669 (21.3305, 21.1304) -> [ 2755 (22.198, 22.3106); 4398 (22.4393, 22.615); ]
    6670 (18.0526, 6.40068) -> [ 738 (19.2618, 5.88817); 2626 (19.8865, 5.67189); 2775 (19.2699, 5.87241); 6837 (18.7797, 6.05184); 7195 (19.8153, 5.68227); 8735 (19.4061, 5.86299); ]
    6671 (15.3124, 24.5994) -> [ ]
    6672 (20.2256, 9.91841) -> [ 2233 (20.6579, 9.93655); 6292 (20.9161, 9.95787); 7321 (21.8646, 9.98988); ]
    6673 (7.98985, 1.68874) -> [ 613 (8.4281, 0.808138); 3419 (8.77967, 0.366382); ]
    6674 (18.6813, 15.8863) -> [ 8619 (19.4277, 16.6985); ]
    6675 (4.12697, 12.3488) -> [ 2414 (4.66166, 12.1969); 5915 (5.79525, 11.9294); 6321 (5.29813, 12.0387); 7875 (5.5022, 11.9453); 8656 (5.95345, 11.8758); 9009 (5.75771, 11.9504); ]
    6677 (11.9269, 5.83848) -> [ ]
    6678 (18.3163, 20.6787) -> [ 1471 (19.1433, 22.4858); 1572 (18.788, 21.6795); 3800 (18.7118, 21.4065); 4441 (18.9663, 22.1621); ]
    6680 (2.59433, 3.98024) -> [ ]
    6681 (7.17177, 20.3443) -> [ ]
    6682 (0.558723, 16.6017) -> [ 2248 (0.00972939, 18.0968); 2829 (0.0283968, 18.354); 2882 (0.203883, 18.1116); 3591 (0.200565, 17.7882); 7318 (0.0622395, 18.4887); ]
    6683 (23.3361, 6.13918) -> [ 1403 (24.4178, 5.83215); 2347 (24.5687, 5.77764); 8922 (24.9663, 5.80646); ]
    6684 (23.3682, 2.10365) -> [ 3196 (24.1247, 1.7644); 5056 (24.3166, 1.67098); ]
    6685 (20.6775, 18.9835) -> [ 9668 (21.3374, 19.8072); ]
    6686 (15.9885, 17.2028) -> [ ]
    6687 (17.2155, 24.5781) -> [ 4528 (17.5625, 24.824); ]
    6688 (7.08213, 20.2566) -> [ 2303 (8.52356, 21.4991); ]
    6689 (18.0459, 11.3423) -> [ 6564 (18.8578, 11.5743); ]
    6691 (23.197, 14.4437) -> [ 2416 (24.6146, 15.7846); ]
    6693 (0.773345, 10.0611) -> [ ]
    6694 (12.5132, 3.13784) -> [ 3681 (12.9654, 2.70195); ]
    6696 (21.1124, 1.79523) -> [ 3973 (22.8201, 0.799877); ]
    6697 (11.2513, 22.1601) -> [ ]
    6698 (3.60165, 10.036) -> [ 1085 (4.55524, 8.6746); 2314 (4.82054, 8.50326); 5411 (4.42648, 8.8081); 8124 (4.47837, 8.89518); 9386 (4.0915, 9.41556); 9879 (3.81607, 9.64715); 9994 (4.64463, 8.6742); ]
    6699 (16.5695, 14.7292) -> [ 1438 (17.1838, 15.6474); 3570 (17.532, 16.1381); 6884 (17.3076, 15.7744); ]
    6700 (10.3917, 21.4181) -> [ 1117 (11.8357, 22.3739); 3150 (10.7155, 21.6683); 9217 (10.69, 21.6186); ]
    6701 (1.49545, 7.42655) -> [ 666 (1.48789, 6.00958); 5646 (1.54337, 5.97906); 8017 (1.49827, 6.68113); 9370 (1.51772, 6.04464); 9600 (1.48143, 7.03023); ]
    6702 (17.1911, 1.25698) -> [ 1942 (18.2591, 0.453538); 9081 (18.1521, 0.574493); ]
    6703 (22.0132, 5.892) -> [ 376 (23.5369, 5.45894); 3099 (23.8944, 5.22582); 3431 (23.6685, 5.28009); 4894 (22.8121, 5.61064); 5987 (23.0729, 5.53109); ]
    6705 (3.75139, 21.0425) -> [ 22 (4.41685, 22.6404); ]
    6706 (17.6307, 15.1938) -> [ ]
    6707 (1.9536, 4.6053) -> [ 4850 (2.20078, 2.73871); ]
    6708 (4.74504, 11.3665) -> [ 78 (6.23733, 10.6734); 6220 (6.20941, 10.6477); ]
    6709 (17.0274, 13.9644) -> [ ]
    6710 (2.14777, 4.0442) -> [ 8520 (2.27515, 2.34283); 9270 (2.40503, 2.06441); 9802 (2.40136, 2.10988); ]
    6711 (15.2815, 12.1714) -> [ 2241 (15.6893, 12.6608); 3383 (16.5793, 13.5012); ]
    6712 (1.78187, 19.382) -> [ 7605 (1.98764, 20.5361); ]
    6713 (9.3795, 22.2853) -> [ 4991 (10.3856, 23.14); 6310 (10.7793, 23.6146); ]
    6714 (10.294, 7.42396) -> [ ]
    6716 (5.25612, 9.55608) -> [ 2135 (6.17361, 8.65223); 4007 (6.27773, 8.49521); 6208 (6.67784, 8.19306); 6579 (5.96615, 8.92712); ]
    6717 (21.0254, 12.407) -> [ ]
    6718 (6.43669, 13.3899) -> [ 4 (7.78135, 14.595); 8156 (7.92245, 14.6922); ]
    6719 (1.15795, 3.42984) -> [ 501 (1.16824, 2.29956); 1265 (1.05067, 2.38313); ]
    6720 (14.5126, 15.638) -> [ ]
    6721 (10.5979, 18.9548) -> [ 5026 (12.2738, 19.6368); ]
    6722 (17.2547, 4.01566) -> [ 3577 (18.9909, 3.08531); ]
    6723 (15.5245, 18.1538) -> [ ]
    6724 (15.6866, 12.1759) -> [ ]
    6726 (15.4055, 10.8081) -> [ 8905 (16.6237, 11.1916); ]
    6727 (11.3871, 21.245) -> [ ]
    6728 (22.3032, 9.37853) -> [ ]
    6729 (19.5591, 10.0034) -> [ 2701 (20.9899, 10.1242); ]
    6730 (23.986, 5.40795) -> [ ]
    6732 (0.69325, 4.08289) -> [ 1191 (0.72689, 2.97661); 1832 (0.707992, 3.28783); 3811 (0.731394, 3.19013); 5105 (0.591283, 2.30142); 7054 (0.788631, 3.49951); 9187 (0.731026, 3.59446); ]
    6733 (7.71417, 3.83529) -> [ 4206 (8.10824, 3.14476); ]
    6734 (0.223683, 6.10918) -> [ 978 (0.111653, 4.96255); 1231 (0.149573, 4.99321); 3657 (0.168935, 5.242); 5609 (0.181124, 5.67108); 6141 (0.156994, 5.24364); 6496 (0.193598, 5.3913); ]
    6735 (23.26, 17.5341) -> [ ]
    6737 (12.033, 17.8288) -> [ ]
    6739 (1.0205, 1.647) -> [ ]
    6740 (1.45299, 17.1994) -> [ 107 (1.8323, 18.6381); ]
    6741 (10.4085, 6.06169) -> [ 1370 (11.7987, 4.89362); 1418 (11.7541, 4.97736); 4782 (10.455, 6.02169); ]
    6742 (23.6081, 3.12883) -> [ 3628 (24.8777, 2.54247); 7673 (24.8429, 2.58267); ]
    6744 (3.49792, 6.89417) -> [ 3478 (4.08446, 5.02587); 5491 (4.06096, 5.36255); ]
    6745 (11.4706, 1.48332) -> [ 6558 (12.445, 0.363831); 6994 (12.5822, 0.154777); ]
    6746 (13.2809, 1.88161) -> [ 720 (14.3143, 0.913785); 1373 (13.6826, 1.55119); 6643 (13.8973, 1.27749); 6821 (14.1584, 1.04254); ]
    6747 (12.8749, 24.0119) -> [ 2910 (13.6183, 24.627); 7797 (13.8315, 24.7934); ]
    6748 (2.5647, 17.9601) -> [ 4453 (3.41609, 19.5953); 4566 (3.40724, 19.6129); 7075 (3.33042, 19.292); ]
    6750 (23.0541, 13.4195) -> [ ]
    6752 (18.6619, 11.6822) -> [ 3734 (19.1946, 11.8259); 6051 (20.4955, 12.1703); ]
    6753 (20.1605, 5.95914) -> [ 5852 (21.903, 5.29812); ]
    6754 (13.4177, 9.01325) -> [ 5224 (15.3378, 8.66513); 6471 (15.2771, 8.70373); 7125 (14.0677, 8.88974); ]
    6756 (24.1122, 18.3421) -> [ 7059 (24.4094, 18.7227); ]
    6757 (17.4095, 1.24152) -> [ 9432 (18.5741, 0.325326); ]
    6758 (23.5545, 17.5961) -> [ ]
    6760 (23.5162, 10.645) -> [ 1902 (24.3677, 10.7221); ]
    6761 (7.23288, 7.70646) -> [ 1159 (8.34355, 6.74006); 3878 (8.32584, 6.70364); ]
    6762 (0.982847, 24.2845) -> [ ]
    6763 (5.92151, 8.58661) -> [ 92 (6.44583, 7.98417); 5734 (6.86727, 7.59887); ]
    6764 (21.3606, 8.53649) -> [ 5130 (22.934, 8.3526); ]
    6765 (19.8636, 21.8418) -> [ 2704 (20.5597, 23.1115); 4018 (20.4524, 22.8544); 4392 (20.5423, 23.11); 6929 (20.5619, 23.0733); 6985 (20.7699, 23.4249); 8582 (20.4178, 22.7757); ]
    6766 (4.15977, 11.528) -> [ 1350 (5.15625, 10.8674); 1372 (5.26091, 10.8702); 1492 (5.59008, 10.5644); 6443 (5.00668, 10.9785); ]
    6767 (6.43833, 11.2349) -> [ 3746 (7.5981, 10.8068); 5445 (7.8502, 10.6999); ]
    6768 (6.95416, 5.12647) -> [ ]
    6769 (10.088, 19.8623) -> [ 4843 (11.7065, 20.7844); ]
    6771 (23.9958, 15.9395) -> [ 4545 (24.6096, 16.6173); 6987 (24.9069, 16.9514); ]
    6773 (5.09975, 13.1214) -> [ ]
    6774 (21.0088, 9.00268) -> [ ]
    6776 (5.84147, 1.64596) -> [ ]
    6777 (22.1651, 10.4635) -> [ ]
    6778 (16.5624, 14.2276) -> [ ]
    6779 (18.7742, 12.0655) -> [ 5941 (20.5056, 12.6933); 6838 (19.969, 12.4188); 8840 (20.2897, 12.55); ]
    6781 (14.4431, 20.5559) -> [ 5209 (15.7408, 21.7186); ]
    6782 (16.3338, 6.23851) -> [ 8861 (17.9555, 5.38712); ]
    6784 (6.69555, 21.8283) -> [ 1012 (7.68335, 23.0395); 2342 (7.86131, 23.2103); ]
    6785 (2.69701, 18.683) -> [ 14 (3.35531, 20.4902); ]
    6786 (3.66165, 4.74048) -> [ 81 (4.18642, 2.88519); 7585 (4.18928, 3.21344); ]
    6787 (6.41999, 7.53544) -> [ 4456 (7.53195, 6.26554); ]
    6788 (10.5567, 5.23449) -> [ ]
    6789 (0.749161, 8.30544) -> [ ]
    6790 (9.80781, 19.0008) -> [ 5473 (10.8747, 19.4831); ]
    6792 (19.7364, 22.0152) -> [ ]
    6793 (12.6945, 23.4804) -> [ 761 (14.2319, 24.6714); ]
    6795 (8.22063, 2.8376) -> [ 2564 (8.92718, 1.68474); 4973 (8.27634, 2.75854); ]
    6796 (22.3404, 3.51925) -> [ 1972 (23.6215, 2.79315); 5267 (22.4961, 3.45247); ]
    6798 (3.16199, 21.2854) -> [ ]
    6800 (9.36087, 24.0683) -> [ ]
    6801 (0.53808, 12.6836) -> [ ]
    6802 (17.3554, 18.6457) -> [ ]
    6803 (11.7382, 17.3701) -> [ 1288 (12.8658, 18.0756); 5726 (12.8192, 18.0163); 7515 (12.6354, 17.8894); 9876 (12.2989, 17.6879); ]
    6805 (24.3743, 18.9359) -> [ ]
    6806 (17.3532, 16.6214) -> [ 3533 (18.1521, 17.8372); 6288 (17.9906, 17.5788); ]
    6807 (0.745447, 22.3896) -> [ 7241 (0.798005, 23.7838); ]
    6809 (20.5993, 16.804) -> [ 378 (21.1834, 17.2945); 6221 (21.5934, 17.6141); ]
    6810 (24.1027, 15.0611) -> [ 2180 (24.9077, 15.9811); 6346 (24.6213, 15.448); 6780 (24.9162, 16.0257); ]
    6811 (20.915, 0.935335) -> [ ]
    6812 (2.1051, 5.08391) -> [ 74 (2.31518, 3.5912); 207 (2.34568, 3.66686); 917 (2.25923, 4.18327); 948 (2.37878, 3.17706); 1020 (2.29137, 3.53188); 2208 (2.30652, 3.18755); 2419 (2.396, 3.39457); 3289 (2.32869, 3.92708); 4993 (2.47378, 3.24097); 5141 (2.29635, 3.3859); ]
    6813 (1.28748, 5.03578) -> [ 7877 (1.34527, 3.58021); 9375 (1.36044, 3.18557); ]
    6814 (14.4009, 2.73623) -> [ 4129 (15.296, 1.96829); ]
    6815 (8.2418, 19.9924) -> [ ]
    6816 (11.0478, 21.6764) -> [ 80 (12.1616, 22.3237); 153 (12.0211, 22.3566); 3062 (12.1176, 22.3786); 4557 (11.3795, 21.8755); 4735 (11.9345, 22.3262); ]
    6817 (18.2759, 2.57493) -> [ 8789 (19.8812, 1.59979); ]
    6818 (2.20974, 2.26482) -> [ 3991 (2.23591, 0.830454); 9400 (2.2953, 0.720842); ]
    6819 (0.460308, 9.43572) -> [ ]
    6820 (23.1763, 1.1282) -> [ 1705 (24.6043, 0.328503); ]
    6824 (16.9852, 9.53023) -> [ 1532 (18.7871, 9.64998); 3040 (18.3943, 9.59675); 8777 (18.8135, 9.57341); ]
    6825 (8.97145, 16.6401) -> [ ]
    6826 (11.22, 23.4655) -> [ 483 (12.399, 24.4686); ]
    6827 (11.1412, 20.4229) -> [ 2193 (12.7962, 21.302); 4090 (12.8703, 21.2892); ]
    6828 (22.6347, 1.28986) -> [ ]
    6829 (21.9111, 13.7641) -> [ 3087 (23.085, 14.4774); 4669 (22.9241, 14.2572); 4914 (22.513, 13.9507); 4931 (22.6533, 14.084); 6139 (22.6295, 14.058); 7646 (22.6023, 14.0462); ]
    6831 (9.00289, 18.8327) -> [ 397 (10.7797, 19.6998); 7827 (10.573, 19.4817); ]
    6832 (2.08606, 11.8345) -> [ 893 (2.83229, 10.6734); 1216 (2.99914, 10.2535); 1286 (2.91022, 10.489); 4626 (2.67166, 10.7674); 4830 (2.28984, 11.4427); 4863 (2.66106, 10.9847); 5474 (2.67238, 10.7769); 9405 (2.72159, 10.898); ]
    6834 (23.4762, 15.5387) -> [ ]
    6837 (18.7797, 6.05184) -> [ 9223 (20.3507, 5.35959); ]
    6838 (19.969, 12.4188) -> [ ]
    6840 (17.1033, 11.215) -> [ 1641 (17.1811, 11.2379); 4487 (17.4963, 11.3243); 5233 (18.6066, 11.605); 6752 (18.6619, 11.6822); ]
    6841 (9.94522, 21.3283) -> [ 2973 (11.3675, 22.2543); 6697 (11.2513, 22.1601); ]
    6842 (10.1139, 21.0785) -> [ 638 (11.3108, 21.7973); ]
    6843 (3.43816, 11.824) -> [ 594 (4.76807, 10.9645); ]
    6844 (19.1856, 7.4437) -> [ ]
    6845 (14.4882, 0.932196) -> [ ]
    6846 (18.8312, 2.48416) -> [ 1584 (20.0803, 1.82813); ]
    6847 (18.6634, 18.1975) -> [ 1163 (19.2665, 19.1412); 7862 (19.1423, 18.9323); ]
    6848 (6.16738, 13.1945) -> [ 508 (7.23565, 13.9814); 5087 (7.39059, 14.1204); ]
    6850 (6.34991, 18.1417) -> [ 7260 (7.66421, 18.8996); ]
    6853 (15.4976, 9.57508) -> [ ]
    6854 (11.3065, 21.2132) -> [ 5030 (12.7187, 22.0521); 7346 (13.0277, 22.223); ]
    6855 (3.54834, 6.17708) -> [ ]
    6856 (12.2589, 8.89221) -> [ 5877 (13.6366, 8.5514); ]
    6857 (13.7797, 4.64283) -> [ ]
    6859 (4.8918, 5.68615) -> [ ]
    6860 (17.6386, 11.4372) -> [ ]
    6861 (19.7382, 22.6991) -> [ 5687 (20.2794, 23.8382); 8545 (20.3247, 23.9144); ]
    6862 (21.5342, 10.4442) -> [ 6760 (23.5162, 10.645); 9285 (23.0996, 10.6229); ]
    6863 (20.7142, 11.2595) -> [ ]
    6864 (14.8893, 4.43418) -> [ 5891 (16.1279, 3.61484); ]
    6868 (16.1449, 23.132) -> [ 608 (16.6122, 23.3801); 1860 (17.2163, 23.6586); 2070 (17.4642, 23.7671); 2448 (16.3837, 23.2359); 6897 (17.5533, 23.984); 8543 (16.3053, 23.2422); ]
    6869 (12.8818, 3.97945) -> [ 350 (14.3695, 2.6723); 3943 (13.9025, 3.15148); 6814 (14.4009, 2.73623); ]
    6871 (2.42107, 6.58758) -> [ 3952 (2.63547, 4.66552); 3979 (2.67728, 5.06573); 6129 (2.66881, 5.1307); 6147 (2.69019, 5.20257); 6894 (2.70114, 4.98599); ]
    6872 (8.40452, 3.87181) -> [ ]
    6874 (14.5345, 7.83748) -> [ 4451 (16.3157, 7.13156); ]
    6876 (6.21437, 12.5081) -> [ 1371 (7.48044, 12.3641); 5344 (7.48892, 12.2837); ]
    6877 (6.37688, 3.14538) -> [ 599 (7.2952, 1.47472); 3674 (7.04541, 1.71002); 4645 (7.15813, 1.55922); ]
    6878 (15.1566, 20.5426) -> [ 1754 (16.6587, 21.7973); 2456 (16.2059, 21.378); 3276 (15.8193, 21.136); 7363 (16.3299, 21.5035); 8271 (15.9841, 21.2355); ]
    6881 (16.296, 7.96941) -> [ 8031 (18.0846, 7.57107); ]
    6882 (20.4094, 18.1296) -> [ 6151 (20.6112, 18.2988); ]
    6883 (21.8541, 19.126) -> [ 5703 (22.794, 20.1952); ]
    6884 (17.3076, 15.7744) -> [ 5556 (18.1944, 16.889); ]
    6885 (20.5128, 16.107) -> [ 232 (22.096, 17.3268); 1698 (21.6977, 17.0695); 2328 (21.5623, 16.9283); 7213 (21.7472, 17.0333); 7747 (21.8968, 17.2538); ]
    6886 (17.9225, 4.72535) -> [ 1426 (19.508, 3.87167); 2447 (19.7337, 3.98737); 2560 (18.5453, 4.47975); 3917 (19.0204, 4.2273); 4226 (19.5435, 3.91242); 4984 (19.3673, 3.96925); 7228 (19.2779, 3.85346); ]
    6888 (6.68217, 4.65894) -> [ 7759 (7.3716, 3.5412); ]
    6889 (19.3987, 19.9383) -> [ 4972 (19.7771, 20.5058); ]
    6891 (20.3634, 18.1812) -> [ 1282 (20.5789, 18.5109); 2170 (20.8245, 18.7929); ]
    6892 (19.8655, 12.5274) -> [ 1167 (20.2444, 12.6632); 2566 (20.5912, 12.8007); ]
    6894 (2.70114, 4.98599) -> [ 1643 (2.84944, 3.56617); 6227 (2.72222, 4.27547); ]
    6895 (17.8533, 17.4876) -> [ 1348 (18.5768, 18.617); 2150 (18.6769, 18.8077); 6238 (18.3647, 18.3453); ]
    6897 (17.5533, 23.984) -> [ ]
    6898 (20.0811, 12.5491) -> [ 5847 (21.2208, 12.9103); ]
    6900 (11.1953, 4.16904) -> [ ]
    6901 (3.09187, 19.2614) -> [ 2472 (3.69207, 20.5197); 7696 (3.5561, 20.2487); 8390 (3.321, 19.7595); ]
    6902 (2.61539, 10.4309) -> [ 1475 (3.3038, 9.26397); 2035 (3.27491, 9.16413); 2924 (2.94606, 9.81693); 4959 (3.32575, 8.91744); ]
    6903 (14.0936, 0.791341) -> [ ]
    6904 (13.5801, 3.67082) -> [ ]
    6905 (1.15448, 10.3509) -> [ ]
    6906 (5.43235, 4.86748) -> [ 590 (6.19157, 3.30474); 6532 (6.02018, 3.5725); ]
    6907 (1.47408, 4.97924) -> [ 4587 (1.58709, 3.59019); 9329 (1.48571, 3.72869); ]
    6908 (1.93036, 16.5832) -> [ 983 (2.81202, 18.1532); 1636 (2.57484, 17.749); 5756 (2.46349, 17.5001); 9177 (2.84348, 18.0406); ]
    6910 (19.0037, 12.395) -> [ 4726 (20.466, 12.989); ]
    6912 (6.22552, 1.9941) -> [ ]
    6913 (12.8847, 9.4583) -> [ 2728 (14.5322, 9.49494); 4334 (14.7273, 9.53552); 4589 (14.5242, 9.54027); 5444 (14.4479, 9.49511); 7275 (14.1898, 9.44629); ]
    6916 (17.2613, 3.18547) -> [ 849 (18.4077, 2.45672); 6817 (18.2759, 2.57493); 7088 (18.8369, 2.19323); ]
    6917 (14.6215, 2.67463) -> [ 5585 (16.0784, 1.48814); ]
    6918 (12.8394, 7.44079) -> [ ]
    6920 (15.1869, 10.7022) -> [ 6840 (17.1033, 11.215); 7065 (17.0002, 11.2645); ]
    6921 (17.448, 8.17592) -> [ 4909 (19.4066, 7.85375); ]
    6922 (22.4197, 8.27713) -> [ 1224 (23.6322, 8.2116); 2308 (23.5792, 8.20883); 2406 (24.1282, 8.17801); ]
    6925 (9.04742, 6.83678) -> [ 4887 (9.96108, 5.98609); 9697 (10.4435, 5.52188); ]
    6926 (1.90867, 5.78675) -> [ 6710 (2.14777, 4.0442); ]
    6927 (14.1293, 22.8003) -> [ 7431 (15.823, 23.7529); ]
    6928 (21.5196, 12.3032) -> [ 2807 (23.4074, 12.7961); 3365 (23.1992, 12.6957); 8844 (23.3179, 12.7021); ]
    6929 (20.5619, 23.0733) -> [ 4869 (21.5258, 24.7986); 7616 (20.9282, 23.722); ]
    6930 (18.344, 5.65987) -> [ ]
    6931 (21.7381, 4.41756) -> [ 3301 (23.3828, 3.605); 6993 (23.3118, 3.51475); 7371 (23.4173, 3.56845); ]
    6932 (4.65695, 24.0633) -> [ 5287 (5.04435, 24.7817); ]
    6934 (17.5152, 5.89128) -> [ 1646 (18.9367, 5.30868); ]
    6935 (12.6121, 5.87549) -> [ ]
    6936 (3.65725, 8.86012) -> [ 8309 (3.99832, 8.2156); ]
    6937 (21.128, 16.5692) -> [ 6205 (22.1184, 17.3169); ]
    6938 (2.33206, 6.37249) -> [ 5593 (2.5672, 4.5728); 8408 (2.62922, 4.42397); ]
    6939 (15.5777, 12.4222) -> [ 3853 (16.3058, 12.9923); 8751 (16.6121, 13.5225); ]
    6940 (6.52604, 16.8003) -> [ 4824 (8.03639, 17.2762); 5142 (8.06878, 17.289); ]
    6942 (14.2674, 3.92431) -> [ 2495 (14.9905, 3.4052); ]
    6943 (21.3259, 10.9498) -> [ ]
    6944 (11.6963, 6.34996) -> [ 4983 (12.9557, 5.47933); 5133 (13.1981, 5.47509); 5138 (13.3325, 5.31206); 6597 (12.8666, 5.48625); 7120 (13.2296, 5.42619); 8915 (12.6724, 5.67617); ]
    6945 (3.34766, 5.83203) -> [ ]
    6946 (6.50498, 2.04963) -> [ ]
    6947 (18.463, 21.779) -> [ 2366 (18.6778, 22.3486); 3180 (18.872, 22.8095); ]
    6948 (14.5143, 14.9968) -> [ 5371 (14.481, 16.2425); 6720 (14.5126, 15.638); 7865 (14.5138, 15.9702); ]
    6949 (13.0699, 7.21057) -> [ 2415 (13.7023, 6.89159); ]
    6950 (8.65448, 5.88017) -> [ 4662 (9.70128, 4.77196); ]
    6951 (15.5179, 8.5811) -> [ 2538 (16.5215, 8.39261); 6921 (17.448, 8.17592); 7051 (17.3447, 8.24252); 8981 (17.2973, 8.28746); 9699 (17.404, 8.24623); 9859 (15.8067, 8.50285); ]
    6952 (9.01194, 23.3156) -> [ ]
    6954 (15.1356, 22.6844) -> [ 41 (16.2459, 23.2416); ]
    6956 (22.0585, 7.79122) -> [ ]
    6957 (8.24048, 20.927) -> [ 9136 (9.64172, 22.1615); 9173 (9.3748, 21.8803); ]
    6958 (6.63508, 3.47604) -> [ ]
    6959 (7.12311, 19.8917) -> [ 799 (8.46824, 20.9759); 803 (8.23683, 20.6973); 5641 (8.0572, 20.5609); 8010 (8.22778, 20.7153); 9256 (8.44837, 20.8947); ]
    6960 (16.4157, 7.14905) -> [ 7974 (17.2612, 6.83452); ]
    6962 (2.03118, 15.6348) -> [ 9143 (3.35595, 16.481); ]
    6963 (17.9402, 15.1247) -> [ 2263 (18.5832, 15.9001); 4780 (19.1272, 16.5263); ]
    6964 (2.10936, 22.0458) -> [ ]
    6965 (7.33825, 9.88447) -> [ 169 (8.80464, 9.13686); 6512 (8.48693, 9.30549); ]
    6968 (21.041, 19.5816) -> [ ]
    6969 (0.59682, 18.1105) -> [ 5311 (0.382679, 19.7842); 7644 (0.312953, 19.9609); ]
    6970 (3.16856, 8.5747) -> [ ]
    6971 (3.98721, 4.02087) -> [ ]
    6972 (21.7864, 21.2553) -> [ ]
    6974 (7.43154, 21.2836) -> [ 8902 (8.55213, 22.4671); ]
    6975 (18.7024, 22.6186) -> [ 1456 (18.9262, 23.0471); ]
    6976 (1.25677, 10.4654) -> [ 1819 (1.29967, 8.82723); ]
    6977 (7.66647, 3.27463) -> [ 1379 (8.55698, 1.93683); 1567 (8.65421, 1.79236); 2841 (8.58506, 1.86585); ]
    6979 (5.28405, 12.7462) -> [ 1011 (6.86377, 12.6745); 1514 (7.10978, 12.6797); 2323 (6.7509, 12.6932); 6089 (6.26927, 12.7176); 7175 (7.19975, 12.5953); ]
    6980 (11.592, 3.59407) -> [ ]
    6981 (4.01981, 11.3252) -> [ 527 (5.15065, 10.5602); 1391 (5.58038, 10.3235); 3129 (5.41944, 10.3734); 5216 (4.71106, 10.844); ]
    6983 (13.9211, 9.89045) -> [ 349 (15.1411, 10.1676); 3571 (15.473, 10.2053); ]
    6985 (20.7699, 23.4249) -> [ 476 (21.2854, 24.3169); 819 (21.3981, 24.5048); ]
    6986 (18.0636, 12.0245) -> [ 1740 (19.7966, 12.6475); 2947 (19.6005, 12.6849); 6910 (19.0037, 12.395); ]
    6988 (12.5045, 19.4121) -> [ 8034 (13.3927, 20.3604); ]
    6989 (3.46072, 15.6297) -> [ 4574 (5.16086, 15.9146); ]
    6990 (1.10326, 11.4247) -> [ ]
    6993 (23.3118, 3.51475) -> [ ]
    6995 (17.7663, 14.7927) -> [ 2444 (17.9847, 15.0242); 5561 (18.7727, 15.8565); 6674 (18.6813, 15.8863); ]
    6997 (16.3845, 17.8871) -> [ 9474 (16.7598, 18.9536); 9577 (16.7329, 18.8819); ]
    6998 (19.3728, 2.47523) -> [ 3994 (20.7209, 1.71437); 7876 (21.0317, 1.55849); ]
    6999 (3.49108, 6.15449) -> [ 1743 (3.69961, 5.15869); 9762 (3.77375, 5.2169); ]
    7000 (4.17945, 11.6161) -> [ 3469 (5.6793, 10.7514); 8892 (5.44855, 10.9015); 9309 (5.89239, 10.7248); ]
    7001 (18.9647, 0.780942) -> [ ]
    7004 (21.9062, 22.528) -> [ 2751 (22.8609, 24.2051); ]
    7005 (6.73735, 7.29414) -> [ 505 (7.5955, 6.45852); 2687 (7.75098, 6.03645); 3382 (7.31227, 6.55305); 5060 (7.79619, 6.23322); 5316 (7.48858, 6.38947); ]
    7006 (3.30835, 5.61802) -> [ ]
    7007 (17.069, 8.81361) -> [ 51 (18.7098, 8.73483); 2384 (18.7463, 8.61331); ]
    7010 (15.927, 14.573) -> [ 8455 (16.8212, 16.2947); ]
    7012 (14.2029, 9.35193) -> [ 1569 (14.5856, 9.2866); 2862 (14.5987, 9.31737); 5360 (14.383, 9.34665); ]
    7013 (7.11189, 4.47508) -> [ 4471 (7.84186, 3.37945); 6795 (8.22063, 2.8376); ]
    7014 (22.5023, 13.6769) -> [ 4465 (23.3386, 14.0443); ]
    7015 (2.06451, 20.1513) -> [ ]
    7016 (9.60896, 20.2042) -> [ 3354 (10.9578, 21.0019); 6854 (11.3065, 21.2132); 8978 (11.0601, 20.999); ]
    7017 (3.51723, 0.828889) -> [ 328 (3.54385, 0.600629); 8219 (3.60395, 0.37359); 8465 (3.6129, 0.231429); ]
    7018 (5.33344, 4.70202) -> [ 5203 (6.10156, 3.16861); ]
    7019 (9.12338, 8.29181) -> [ ]
    7020 (17.4881, 2.57064) -> [ ]
    7021 (6.38769, 3.14532) -> [ ]
    7022 (16.0156, 14.5026) -> [ 790 (16.4501, 15.3019); 9016 (16.8037, 15.8993); 9778 (16.7333, 15.8145); ]
    7023 (1.18576, 20.9515) -> [ 5416 (1.19415, 21.648); ]
    7024 (5.22977, 14.6924) -> [ 1538 (5.73744, 14.6198); 3015 (5.98534, 14.6685); 8272 (5.55967, 14.6401); ]
    7026 (13.3227, 9.63806) -> [ ]
    7027 (2.467, 22.8737) -> [ 3130 (2.7612, 24.7402); ]
    7028 (8.47728, 6.33543) -> [ ]
    7029 (11.0988, 9.37669) -> [ 401 (12.2314, 9.16432); 1507 (12.6028, 9.17728); ]
    7030 (19.7067, 0.924828) -> [ ]
    7031 (23.4709, 20.1357) -> [ 2821 (24.8354, 21.431); 3000 (23.9239, 20.5523); 3386 (24.5543, 21.2999); 8444 (24.7225, 21.345); ]
    7032 (8.94744, 7.5608) -> [ ]
    7033 (5.05018, 7.48747) -> [ ]
    7037 (4.48299, 3.0075) -> [ 5690 (5.02042, 1.36414); ]
    7038 (7.86475, 22.4818) -> [ 274 (8.96924, 23.7076); ]
    7041 (21.5623, 13.2435) -> [ 2792 (22.5923, 13.5666); 7382 (22.9485, 13.7156); ]
    7043 (20.111, 22.5519) -> [ 9617 (21.03, 24.3126); ]
    7044 (10.8127, 3.72377) -> [ 1898 (11.8412, 2.7334); 2380 (10.9465, 3.57861); 5779 (11.642, 2.94167); 7668 (12.1271, 2.40319); 7692 (11.8625, 2.62551); ]
    7045 (4.07425, 7.10573) -> [ ]
    7046 (15.4729, 7.43287) -> [ 351 (15.6909, 7.3536); 395 (17.2428, 6.64562); 1941 (16.602, 6.98242); 5833 (16.7893, 6.79785); 8692 (16.3726, 7.10858); ]
    7047 (18.2949, 23.436) -> [ 130 (19.2766, 24.2955); 4953 (18.9197, 23.9665); ]
    7048 (2.62873, 12.526) -> [ 6249 (4.17146, 11.727); ]
    7049 (7.42124, 5.66722) -> [ 4223 (7.94886, 4.89179); 4703 (7.51923, 5.44692); 7425 (8.07873, 4.77114); ]
    7050 (20.1364, 12.2215) -> [ 5452 (21.4176, 12.5793); 7434 (21.7768, 12.7173); ]
    7051 (17.3447, 8.24252) -> [ ]
    7055 (18.4567, 22.1888) -> [ 1328 (19.0918, 23.4835); 4861 (19.2882, 24.0016); ]
    7057 (18.5897, 12.0115) -> [ 1407 (19.7985, 12.46); 2815 (20.3652, 12.6591); 6898 (20.0811, 12.5491); ]
    7058 (20.9, 18.0556) -> [ ]
    7060 (6.55119, 4.14035) -> [ 6047 (7.42237, 2.59781); 8100 (7.19136, 3.13104); 8998 (6.90774, 3.46593); ]
    7061 (7.66747, 4.92222) -> [ ]
    7062 (11.8438, 23.3832) -> [ ]
    7063 (11.1723, 9.10685) -> [ 1344 (12.6351, 8.47942); 5188 (12.2888, 8.66361); 5870 (12.97, 8.35766); 9747 (12.4155, 8.57806); ]
    7065 (17.0002, 11.2645) -> [ 747 (18.844, 11.8199); 930 (18.8155, 11.9003); 2630 (17.7193, 11.4646); 2789 (18.8909, 11.8793); 6604 (17.6812, 11.4979); 6860 (17.6386, 11.4372); 7846 (17.8386, 11.5006); 7864 (18.4509, 11.6907); 8512 (18.0748, 11.5402); ]
    7066 (10.5581, 22.8197) -> [ 899 (11.6036, 23.6851); ]
    7067 (16.7482, 10.5242) -> [ ]
    7068 (16.6385, 10.389) -> [ ]
    7069 (13.8528, 1.72228) -> [ ]
    7070 (1.37348, 2.84715) -> [ 320 (1.42005, 0.897795); 1582 (1.37387, 0.884168); 2883 (1.31948, 1.05607); ]
    7071 (7.04628, 5.22645) -> [ ]
    7072 (17.9102, 7.69116) -> [ 355 (18.6223, 7.49865); 3091 (18.9321, 7.40715); 3506 (19.1383, 7.35709); 8811 (19.4049, 7.3641); ]
    7073 (8.71857, 2.87139) -> [ 2404 (9.27541, 2.12872); ]
    7074 (16.0965, 2.66718) -> [ 160 (17.537, 1.75375); 1140 (17.3945, 1.75564); 3497 (17.4192, 1.70576); 7790 (17.5481, 1.52425); ]
    7075 (3.33042, 19.292) -> [ 1218 (4.01264, 20.4817); 3498 (3.72166, 20.0722); 4737 (3.63785, 19.7727); 7687 (3.6801, 19.9683); ]
    7076 (12.5846, 24.6208) -> [ 3143 (13.0533, 24.9601); ]
    7077 (11.956, 16.8104) -> [ ]
    7078 (6.75106, 10.334) -> [ 229 (7.47448, 9.92604); 3804 (7.94188, 9.74463); 4048 (7.06992, 10.1989); 4799 (7.269, 10.0383); 5345 (7.59091, 9.90355); ]
    7079 (23.8914, 21.2047) -> [ 4832 (24.5949, 21.8565); ]
    7080 (0.232628, 1.54601) -> [ 2700 (0.154499, 0.221856); 5572 (0.23105, 0.741664); 8802 (0.1786, 0.636452); ]
    7083 (17.958, 13.6987) -> [ 332 (19.4557, 14.7382); 1877 (18.7989, 14.3331); 2019 (19.3508, 14.5437); 4687 (19.2674, 14.6049); ]
    7084 (18.7315, 9.51485) -> [ 537 (19.9015, 9.54777); ]
    7085 (5.68481, 8.08538) -> [ ]
    7086 (20.9025, 14.582) -> [ 2933 (21.824, 15.0568); 3978 (22.0117, 15.2663); 6022 (21.7833, 15.0647); 7298 (22.0367, 15.2488); 9384 (22.3848, 15.5299); ]
    7087 (7.1234, 20.8779) -> [ ]
    7088 (18.8369, 2.19323) -> [ 208 (20.3711, 1.26462); 2865 (20.2495, 1.32705); 3186 (19.4772, 1.7871); 4340 (20.5355, 1.14148); ]
    7089 (19.7319, 18.7901) -> [ ]
    7091 (21.0988, 14.2838) -> [ ]
    7092 (6.31538, 2.00689) -> [ ]
    7093 (7.7009, 8.32116) -> [ 1987 (9.24312, 7.09205); 5650 (8.58474, 7.61992); 7940 (9.23017, 7.10987); ]
    7094 (11.9217, 6.43498) -> [ 939 (13.5207, 5.37501); ]
    7095 (18.5818, 18.1736) -> [ ]
    7096 (15.6709, 20.0174) -> [ 1757 (16.9046, 20.7987); 3306 (16.2594, 20.4275); 3801 (16.2103, 20.34); ]
    7097 (14.8349, 15.2172) -> [ 1003 (14.916, 16.4166); 8362 (14.9924, 16.652); ]
    7101 (14.5287, 24.3377) -> [ ]
    7103 (9.22859, 18.981) -> [ ]
    7104 (3.42049, 11.9358) -> [ 558 (4.69872, 11.1056); ]
    7105 (6.62583, 5.11903) -> [ 3897 (7.13265, 4.44082); 7013 (7.11189, 4.47508); ]
    7106 (16.1522, 15.6361) -> [ 7686 (16.6435, 16.8204); 9584 (16.9225, 17.3677); ]
    7107 (4.17651, 23.412) -> [ 2338 (4.59182, 24.5763); 9359 (4.57191, 24.5854); ]
    7108 (21.4874, 10.9498) -> [ 3496 (23.2701, 11.2793); 5909 (22.978, 11.1893); ]
    7109 (16.1242, 9.68112) -> [ ]
    7111 (4.41536, 6.40629) -> [ 689 (5.14545, 5.00816); 4543 (5.2794, 4.70659); 6110 (5.18529, 4.73848); ]
    7112 (20.3093, 9.11044) -> [ 7153 (22.2044, 8.90809); ]
    7113 (20.9719, 20.5899) -> [ ]
    7116 (18.7372, 3.43287) -> [ 8698 (19.6556, 2.89464); ]
    7117 (16.2139, 21.2629) -> [ 9419 (17.78, 22.4881); 9656 (16.6857, 21.6115); ]
    7118 (4.00212, 18.6253) -> [ 3400 (4.56864, 19.2593); 9438 (4.75397, 19.68); 9728 (4.74942, 19.5719); ]
    7119 (16.7906, 5.02601) -> [ 3789 (18.3538, 4.06332); 3995 (18.3305, 4.06612); ]
    7120 (13.2296, 5.42619) -> [ 3948 (13.4395, 5.29162); 4155 (14.8982, 4.41544); 6864 (14.8893, 4.43418); ]
    7122 (14.9819, 12.3628) -> [ 549 (15.6427, 13.2119); 2756 (16.111, 13.7532); 5854 (16.1103, 13.7438); ]
    7123 (22.9981, 22.9034) -> [ 9495 (23.5771, 23.7334); ]
    7124 (22.9893, 18.5757) -> [ 129 (23.6198, 19.0784); 765 (24.088, 19.5085); 1290 (23.4473, 18.9632); ]
    7125 (14.0677, 8.88974) -> [ 3423 (15.7398, 8.65334); ]
    7126 (9.30548, 6.11287) -> [ ]
    7127 (3.85938, 2.02002) -> [ 1575 (4.01295, 1.1267); 2161 (4.20581, 0.113995); 5063 (4.07832, 1.03979); 6198 (4.09274, 0.452072); 8002 (3.97636, 1.48315); ]
    7128 (16.4137, 3.74318) -> [ 9556 (17.6917, 2.98101); ]
    7130 (4.97494, 12.4151) -> [ 3369 (6.53038, 12.1629); 9527 (6.89834, 12.1525); ]
    7131 (0.60444, 19.1575) -> [ 3531 (0.444874, 20.8848); 5550 (0.419495, 20.7796); ]
    7133 (5.43153, 14.1123) -> [ 2204 (6.49234, 14.8508); 3620 (5.70603, 14.2966); 6237 (6.02218, 14.5548); ]
    7134 (5.70351, 4.71223) -> [ 2540 (6.19078, 3.81388); ]
    7135 (6.96838, 14.6059) -> [ 9640 (8.25455, 15.8942); ]
    7136 (16.9631, 12.1002) -> [ 4022 (18.0035, 12.6543); 5112 (18.5585, 12.8812); ]
    7137 (0.623537, 9.08592) -> [ 6175 (0.565597, 7.67068); ]
    7138 (16.2879, 7.91521) -> [ 6509 (17.422, 7.53907); 7660 (17.3162, 7.61701); 8145 (17.2271, 7.63656); ]
    7139 (10.4308, 18.4599) -> [ 557 (10.8709, 18.6311); 6138 (10.9115, 18.6312); ]
    7140 (0.567919, 8.97708) -> [ 1287 (0.55568, 8.5935); 3214 (0.512308, 7.12188); 5422 (0.551392, 7.791); ]
    7142 (0.826104, 10.121) -> [ 6014 (0.907276, 8.75378); ]
    7143 (21.2777, 12.1598) -> [ 808 (22.2083, 12.2995); 5173 (22.12, 12.3713); ]
    7146 (1.83967, 12.9235) -> [ 2090 (3.65094, 12.2592); 4599 (2.12411, 13.0111); 4852 (3.46628, 11.8088); 6843 (3.43816, 11.824); 7104 (3.42049, 11.9358); ]
    7148 (19.3222, 1.71164) -> [ 432 (20.3093, 1.10846); ]
    7149 (21.5466, 11.7868) -> [ 100 (22.886, 12.0238); 1557 (21.6935, 11.7965); 8772 (23.0344, 12.0124); ]
    7151 (4.97652, 22.0115) -> [ 883 (5.26868, 22.5228); 1945 (5.43066, 22.7875); 8794 (5.7425, 23.4302); ]
    7152 (6.83177, 6.09271) -> [ 1064 (7.42822, 5.36396); 1412 (7.45713, 5.28972); 2874 (7.55412, 5.187); 8075 (7.76847, 4.91209); ]
    7153 (22.2044, 8.90809) -> [ 506 (23.9408, 8.79318); ]
    7154 (15.1705, 19.663) -> [ 1784 (16.1136, 20.111); 2281 (15.4425, 19.8199); ]
    7155 (19.8724, 9.66678) -> [ 242 (21.2777, 9.73122); 2179 (21.4415, 9.70532); 2265 (21.7207, 9.71028); ]
    7157 (9.6372, 18.3181) -> [ ]
    7158 (18.6984, 2.4353) -> [ ]
    7159 (3.63948, 17.4704) -> [ ]
    7161 (14.4062, 8.62633) -> [ ]
    7162 (12.6848, 5.42815) -> [ 807 (13.9405, 4.49459); 1809 (12.9959, 5.28746); 3768 (12.9247, 5.32108); 6857 (13.7797, 4.64283); 7892 (13.401, 4.93318); 8140 (13.5897, 4.7783); ]
    7163 (13.3181, 23.6052) -> [ 2096 (14.3525, 24.3596); 7448 (14.7179, 24.5169); ]
    7164 (11.5696, 6.65131) -> [ ]
    7165 (21.5239, 1.37279) -> [ 3145 (23.0194, 0.552678); ]
    7166 (16.3613, 6.61326) -> [ 2282 (17.0341, 6.34545); ]
    7167 (15.9744, 22.0516) -> [ 4711 (17.4643, 23.2449); 7852 (16.7354, 22.6717); 8131 (17.2251, 23.0531); ]
    7168 (12.4191, 4.54177) -> [ 3751 (12.8191, 4.25516); ]
    7169 (17.1555, 20.3079) -> [ 8308 (17.5735, 21.5256); ]
    7171 (22.9279, 23.9522) -> [ 3280 (23.346, 24.5291); ]
    7172 (13.6594, 20.7803) -> [ ]
    7173 (18.8422, 21.4014) -> [ 2964 (19.7287, 22.9672); ]
    7178 (9.05537, 9.51491) -> [ 5441 (10.6653, 8.80249); ]
    7180 (5.18768, 17.6001) -> [ 5144 (6.45761, 18.3671); 6126 (6.83824, 18.5937); ]
    7182 (23.5617, 2.57518) -> [ 7519 (24.5698, 2.07585); ]
    7183 (2.337, 5.43466) -> [ 294 (2.46783, 3.87742); 9973 (2.57213, 3.71475); ]
    7184 (16.233, 17.6773) -> [ 881 (16.4255, 18.5033); ]
    7185 (17.7923, 3.00458) -> [ ]
    7191 (10.1479, 8.04109) -> [ ]
    7192 (22.3247, 6.92218) -> [ 5582 (23.9355, 6.49696); 8549 (23.5193, 6.63916); ]
    7193 (11.9301, 6.95483) -> [ 2860 (12.9971, 6.33131); 5627 (12.7379, 6.52601); ]
    7194 (2.30706, 18.0501) -> [ 1264 (3.1256, 19.7644); 3730 (2.97989, 19.6984); 4498 (2.66805, 18.8516); 4629 (3.0369, 19.5468); 9159 (2.40724, 18.2878); 9183 (2.87688, 19.6587); ]
    7195 (19.8153, 5.68227) -> [ 677 (20.423, 5.39393); 1627 (21.5849, 4.91662); 2127 (21.3068, 5.03925); 2295 (20.743, 5.28222); 4359 (21.2775, 5.07611); 7203 (21.4181, 5.00187); ]
    7196 (1.87752, 6.16081) -> [ 1375 (1.96901, 5.11523); 2770 (1.91572, 5.67684); 3601 (1.90826, 5.70407); 4452 (2.10062, 4.71247); 6429 (2.12087, 4.57636); 6511 (2.06248, 4.53883); 6926 (1.90867, 5.78675); ]
    7199 (5.124, 24.0097) -> [ ]
    7201 (17.3258, 18.3906) -> [ 2049 (17.9944, 20.009); 4025 (18.102, 20.1487); ]
    7205 (17.4138, 17.3602) -> [ 1625 (18.2084, 18.7811); ]
    7206 (17.283, 2.33768) -> [ 635 (17.4412, 2.22704); 5014 (18.4963, 1.41851); ]
    7208 (20.0949, 20.0215) -> [ 2043 (20.7445, 21.1603); 2141 (21.0491, 21.6778); ]
    7209 (15.0859, 11.1731) -> [ 1543 (16.636, 11.9674); 2093 (15.7297, 11.5366); 2620 (16.5962, 11.9931); 3718 (16.821, 12.0466); 7392 (16.6977, 12.0468); ]
    7211 (11.5186, 23.541) -> [ 2953 (12.0469, 23.9442); 8740 (12.9711, 24.846); ]
    7212 (15.4533, 9.76817) -> [ 2378 (17.1453, 9.96849); 3588 (17.4165, 9.97792); ]
    7214 (3.52854, 3.1988) -> [ 2455 (3.64856, 2.33807); ]
    7215 (0.815689, 21.6031) -> [ ]
    7216 (17.2484, 17.2501) -> [ 6303 (18.0253, 18.8132); ]
    7218 (10.7324, 16.7006) -> [ 1229 (12.5646, 17.096); 2040 (11.9227, 16.9511); 2617 (11.7742, 16.96); 3213 (12.4828, 17.487); 3222 (12.5842, 17.074); 5148 (11.1562, 16.8893); 5356 (12.3677, 16.8668); 6100 (11.5574, 16.796); 6358 (11.9614, 17.1771); 7077 (11.956, 16.8104); 8380 (10.9972, 16.7403); 9841 (12.5866, 17.4042); ]
    7219 (10.4619, 20.5615) -> [ 4142 (11.4715, 21.1677); 6099 (11.9524, 21.4173); 8540 (11.3897, 21.139); 8970 (10.6397, 20.6614); ]
    7220 (4.99224, 17.969) -> [ 392 (5.46297, 18.3112); 5656 (5.79431, 18.5286); 5868 (6.2432, 18.8415); 9160 (5.58641, 18.447); ]
    7222 (20.6047, 22.5886) -> [ 6179 (21.0732, 23.461); 7789 (21.3389, 23.928); ]
    7225 (1.29604, 17.8695) -> [ 5328 (1.45214, 18.9068); ]
    7226 (2.08238, 8.54828) -> [ 203 (2.11984, 8.33281); 6871 (2.42107, 6.58758); ]
    7228 (19.2779, 3.85346) -> [ ]
    7229 (17.2513, 3.50747) -> [ ]
    7230 (17.891, 16.1079) -> [ 1228 (18.9484, 17.3548); 8732 (19.0444, 17.7142); ]
    7232 (22.2689, 13.0828) -> [ 9953 (23.4192, 13.4895); ]
    7233 (15.7206, 14.7486) -> [ 2240 (15.8803, 15.1392); 7622 (16.4919, 16.5715); ]
    7235 (11.1581, 0.629723) -> [ ]
    7236 (12.6002, 19.2914) -> [ ]
    7239 (12.9693, 9.90702) -> [ 5197 (14.4741, 10.3722); ]
    7241 (0.798005, 23.7838) -> [ 7574 (0.81792, 24.4248); ]
    7242 (4.36966, 17.647) -> [ 1392 (5.64704, 18.697); 4838 (5.92809, 18.8689); 8624 (5.88701, 18.8039); ]
    7243 (8.57536, 19.8138) -> [ 2978 (9.04045, 20.0936); 4184 (10.2166, 20.8625); 8638 (9.43139, 20.3611); ]
    7244 (16.0895, 12.3704) -> [ 2705 (16.9085, 12.9757); 4475 (17.3961, 13.3308); 9658 (17.4157, 13.5545); ]
    7246 (24.2337, 17.0888) -> [ ]
    7247 (0.249646, 22.8268) -> [ 1424 (0.051106, 24.6277); 7586 (0.113162, 24.1558); ]
    7248 (16.5871, 17.0833) -> [ ]
    7249 (1.35037, 21.4866) -> [ 5980 (1.40178, 22.5328); ]
    7250 (7.64023, 18.3302) -> [ 1174 (8.91907, 18.9122); 9836 (8.99679, 18.9492); ]
    7251 (22.33, 12.9732) -> [ ]
    7252 (14.5595, 15.5161) -> [ ]
    7255 (22.2405, 7.53568) -> [ 335 (23.67, 7.31825); 1280 (23.8592, 7.24824); 2812 (23.1036, 7.37483); ]
    7258 (17.7292, 16.5307) -> [ 471 (18.2801, 17.3315); ]
    7260 (7.66421, 18.8996) -> [ 1693 (9.20776, 19.7957); ]
    7262 (14.5859, 1.9454) -> [ 4706 (15.2712, 1.29632); ]
    7264 (7.0176, 20.0231) -> [ ]
    7265 (12.3633, 18.0404) -> [ 4337 (14.0807, 19.024); 6587 (13.8864, 19.0592); ]
    7267 (17.019, 5.46231) -> [ 3303 (18.2233, 4.93974); 3929 (18.135, 4.97489); 4108 (18.1354, 4.98447); ]
    7269 (14.6561, 10.1936) -> [ 3510 (15.5251, 10.4812); 4094 (15.989, 10.573); 5538 (15.5722, 10.4641); ]
    7270 (10.9966, 5.82768) -> [ 5800 (12.2494, 4.90168); ]
    7271 (15.3977, 8.69002) -> [ 735 (16.6977, 8.47312); 2678 (16.7981, 8.47826); ]
    7272 (17.3391, 7.91125) -> [ 6844 (19.1856, 7.4437); ]
    7273 (23.857, 7.56607) -> [ 6836 (24.9832, 7.38713); 7793 (24.512, 7.40358); ]
    7275 (14.1898, 9.44629) -> [ 7677 (15.9743, 9.4599); ]
    7276 (18.1021, 10.8172) -> [ 2116 (19.9556, 11.2659); ]
    7277 (5.33795, 3.90382) -> [ 1166 (5.61808, 3.2656); 3166 (5.75259, 2.92324); 9447 (6.03321, 2.19992); 9961 (6.08851, 2.0701); ]
    7278 (18.4593, 1.65611) -> [ 7030 (19.7067, 0.924828); ]
    7280 (3.93357, 21.1514) -> [ 184 (4.3662, 22.1199); ]
    7281 (18.1373, 20.4239) -> [ 8263 (18.4925, 21.2737); ]
    7282 (4.22174, 17.5156) -> [ 4391 (5.521, 18.5438); 4898 (5.71748, 18.5943); 5770 (4.84664, 17.9876); ]
    7283 (23.6626, 23.7567) -> [ ]
    7284 (1.97836, 24.2651) -> [ 7129 (2.02582, 24.7265); ]
    7285 (4.93439, 9.06412) -> [ ]
    7286 (7.79472, 6.48329) -> [ 2830 (8.68725, 5.49855); 5483 (8.76264, 5.35595); 9186 (8.87562, 5.38846); ]
    7287 (17.0881, 13.0354) -> [ 703 (18.7011, 13.9885); ]
    7288 (22.0556, 18.8629) -> [ 3682 (22.7583, 19.5739); 8469 (23.0793, 19.9029); ]
    7289 (14.7466, 2.11728) -> [ 2346 (15.5632, 1.41867); ]
    7290 (3.65429, 4.25287) -> [ 8019 (4.09864, 2.72498); ]
    7291 (14.512, 21.1415) -> [ 9548 (15.3491, 21.9311); ]
    7293 (4.48257, 2.44779) -> [ 3702 (4.9444, 0.819181); 4160 (4.91124, 1.21402); 6278 (5.00832, 0.654182); ]
    7294 (3.20747, 5.67904) -> [ 7290 (3.65429, 4.25287); 7419 (3.32367, 5.38985); ]
    7295 (9.81386, 3.44389) -> [ ]
    7298 (22.0367, 15.2488) -> [ ]
    7301 (11.1062, 2.07557) -> [ 6893 (11.9562, 1.04315); ]
    7302 (13.3438, 5.99176) -> [ 1203 (14.5591, 5.3021); 4308 (14.4758, 5.33783); ]
    7303 (4.13992, 17.9273) -> [ 4797 (5.23197, 18.9638); ]
    7304 (14.8041, 12.084) -> [ 5850 (15.9403, 13.466); ]
    7305 (1.65994, 8.3148) -> [ 423 (1.81628, 6.86554); 8762 (1.90727, 6.75312); 8824 (1.85015, 7.13442); 9109 (1.77124, 7.68391); ]
    7306 (19.1626, 14.1451) -> [ 5002 (20.2238, 14.9636); ]
    7307 (18.8559, 17.4354) -> [ ]
    7308 (13.3185, 20.9064) -> [ 568 (14.6176, 21.5379); ]
    7310 (0.988763, 2.01498) -> [ 3455 (0.987555, 0.441609); ]
    7311 (5.25523, 17.5611) -> [ 3159 (6.5394, 18.2967); ]
    7312 (17.4571, 20.4829) -> [ 2327 (17.9591, 21.5691); 2524 (18.1633, 22.0908); 4591 (18.1367, 22.1967); 5587 (17.8791, 21.9389); 7338 (18.0721, 22.247); 7845 (18.0357, 22.0582); 9045 (18.0175, 22.0371); ]
    7313 (1.97593, 21.2103) -> [ 9037 (2.18865, 22.7043); ]
    7314 (5.1336, 16.2342) -> [ 4161 (6.75519, 16.6839); 6320 (6.56282, 16.6907); 6513 (6.74454, 16.7468); ]
    7315 (8.71987, 2.75771) -> [ ]
    7317 (8.68234, 7.69487) -> [ 1143 (10.086, 6.65129); 6554 (9.97728, 6.65999); ]
    7319 (3.22439, 17.4747) -> [ 3771 (4.36368, 18.8644); ]
    7320 (21.5907, 0.385397) -> [ 3115 (22.0689, 0.0563576); ]
    7321 (21.8646, 9.98988) -> [ 1397 (23.6656, 10.0742); 9487 (23.1015, 10.0204); ]
    7322 (15.7452, 18.9156) -> [ ]
    7324 (7.37238, 19.2628) -> [ 3573 (8.54421, 20.0758); 5037 (8.96605, 20.2512); 5596 (7.95103, 19.6707); ]
    7325 (0.539648, 1.57507) -> [ 2504 (0.574801, 0.328234); 9372 (0.574139, 0.211264); ]
    7326 (20.0007, 11.3719) -> [ ]
    7329 (23.4835, 16.0089) -> [ 6021 (23.7637, 16.3075); 8430 (24.3547, 16.8778); ]
    7331 (6.27373, 9.48039) -> [ 3844 (7.42168, 8.61279); 8550 (6.92747, 9.00243); ]
    7332 (7.1983, 7.44841) -> [ 553 (8.0833, 6.68908); 7911 (8.14483, 6.52789); ]
    7333 (12.3458, 21.1622) -> [ 2077 (13.8717, 22.042); 2993 (13.9928, 22.079); ]
    7334 (19.1588, 10.0659) -> [ 414 (19.7994, 10.146); 4156 (19.5422, 10.0968); ]
    7335 (15.1775, 23.7361) -> [ ]
    7337 (14.9272, 17.6636) -> [ 2340 (14.9761, 18.0297); ]
    7338 (18.0721, 22.247) -> [ ]
    7340 (1.04471, 20.1534) -> [ ]
    7342 (4.18903, 19.5215) -> [ 2398 (5.00987, 20.5085); 8400 (4.70211, 20.1527); ]
    7343 (1.43214, 24.1662) -> [ 2595 (1.42295, 24.7998); ]
    7345 (14.6408, 7.20098) -> [ 1547 (15.2367, 6.94619); 3813 (16.2565, 6.54683); ]
    7346 (13.0277, 22.223) -> [ 6058 (14.7047, 23.2358); ]
    7347 (1.9323, 23.0107) -> [ 467 (2.1895, 24.8716); ]
    7348 (15.1401, 6.06736) -> [ 1716 (16.7261, 5.2154); 5844 (15.9402, 5.6037); 7504 (16.0346, 5.56481); ]
    7349 (8.98707, 2.58098) -> [ ]
    7350 (16.578, 1.0534) -> [ 7506 (17.8792, 0.0400345); 9905 (17.7313, 0.186122); ]
    7351 (23.4399, 22.4748) -> [ 7327 (24.4769, 23.7727); ]
    7352 (16.6449, 4.74292) -> [ 457 (18.1638, 4.03913); 2582 (17.9121, 4.09622); 3685 (18.1595, 4.09386); 4743 (17.0837, 4.51211); 8883 (18.3706, 3.8419); ]
    7354 (2.8487, 4.02997) -> [ 4798 (3.26699, 2.16421); 4921 (3.11366, 2.75687); 6104 (3.03085, 2.66764); ]
    7355 (2.05288, 19.7202) -> [ 2051 (2.22091, 20.6277); 3424 (2.30604, 21.0099); ]
    7356 (15.6506, 20.7603) -> [ ]
    7357 (4.64966, 13.0587) -> [ 4428 (5.62443, 13.8565); ]
    7358 (6.29714, 7.23888) -> [ ]
    7360 (20.7398, 17.6967) -> [ 5078 (21.4881, 18.4781); ]
    7362 (4.83089, 13.7729) -> [ 381 (5.07737, 13.9615); ]
    7363 (16.3299, 21.5035) -> [ 6387 (17.4343, 22.4179); ]
    7365 (0.419816, 17.446) -> [ 9362 (0.126015, 18.6264); 9523 (0.02908, 19.007); ]
    7366 (6.14159, 3.51111) -> [ ]
    7367 (7.03316, 10.4754) -> [ 375 (8.49301, 9.85448); 828 (8.4128, 9.85809); 5192 (7.89978, 10.0679); 6234 (8.23654, 9.93499); ]
    7368 (20.6791, 21.3817) -> [ 1400 (21.1015, 21.9462); 1610 (21.7744, 22.8162); ]
    7369 (16.1652, 17.2648) -> [ 468 (16.5835, 18.4076); 3793 (16.5552, 18.2595); 4202 (16.6825, 18.6065); 7735 (16.7585, 18.9005); ]
    7370 (9.49299, 5.88589) -> [ ]
    7371 (23.4173, 3.56845) -> [ 5454 (24.1005, 3.23301); ]
    7372 (20.4297, 13.2893) -> [ 2578 (21.8311, 13.9206); 3827 (22.005, 14.1217); 4063 (21.6933, 13.8393); 4115 (21.0097, 13.5987); ]
    7373 (20.9749, 15.1163) -> [ 4179 (21.8987, 15.6456); 4717 (22.0553, 15.7751); ]
    7374 (5.9796, 18.1136) -> [ 410 (7.39755, 18.9589); 1243 (6.5355, 18.4765); 2105 (6.24384, 18.3147); 4344 (7.49799, 19.0531); ]
    7375 (16.7338, 15.1935) -> [ ]
    7376 (15.6232, 11.996) -> [ 7287 (17.0881, 13.0354); ]
    7377 (21.6134, 5.08155) -> [ ]
    7378 (17.6941, 1.6937) -> [ 4275 (19.3022, 0.613043); 7921 (19.2046, 0.693145); ]
    7381 (17.8734, 10.2691) -> [ 2437 (19.5723, 10.5177); ]
    7382 (22.9485, 13.7156) -> [ 2321 (24.3724, 14.9283); 3988 (23.9379, 14.4547); ]
    7384 (7.80282, 10.7001) -> [ ]
    7385 (16.2589, 10.3289) -> [ 3134 (18.2051, 10.72); 3537 (18.0165, 10.5592); 4246 (17.8382, 10.6072); ]
    7386 (12.6654, 5.88517) -> [ 2864 (13.6586, 5.30332); 3281 (14.0685, 5.00992); ]
    7387 (10.7987, 6.94772) -> [ 6944 (11.6963, 6.34996); ]
    7388 (11.8658, 23.1958) -> [ ]
    7390 (16.3052, 23.052) -> [ 1598 (18.0306, 23.9792); 2181 (17.8081, 23.8436); ]
    7392 (16.6977, 12.0468) -> [ 2399 (17.9523, 12.7921); 4158 (18.2451, 12.8541); ]
    7393 (11.8522, 21.4798) -> [ ]
    7395 (3.84681, 22.0629) -> [ 4013 (4.44852, 23.5975); 4981 (4.43035, 23.4474); ]
    7396 (0.755701, 15.9425) -> [ 7365 (0.419816, 17.446); ]
    7400 (23.5332, 17.3777) -> [ 240 (23.9777, 18.0067); 539 (23.665, 17.5571); 1357 (23.799, 17.739); 3494 (24.4507, 18.5011); 3581 (24.1983, 18.0835); 4124 (24.2559, 18.3186); 4347 (24.0638, 18.1563); 6307 (23.6547, 17.6488); 7036 (24.62, 18.6936); 8386 (24.5078, 18.6994); 8992 (24.3533, 18.2686); ]
    7401 (21.3848, 4.10017) -> [ 61 (21.8256, 3.94879); ]
    7402 (11.9475, 8.44843) -> [ 4272 (13.2755, 7.83012); 6389 (12.8086, 8.02879); ]
    7403 (15.8337, 5.15467) -> [ 1129 (16.9915, 4.61513); ]
    7404 (18.4601, 14.3179) -> [ 2516 (19.2363, 15.0575); 2758 (19.7248, 15.4297); 2984 (19.5892, 15.2355); 5442 (19.6329, 15.297); 5515 (19.2751, 14.9987); 7638 (19.626, 15.4058); ]
    7405 (18.7694, 17.6664) -> [ ]
    7406 (6.46803, 16.1905) -> [ 4619 (7.31123, 16.3903); ]
    7407 (13.1693, 16.5252) -> [ ]
    7408 (24.1881, 13.5065) -> [ ]
    7409 (19.3196, 22.7874) -> [ 4581 (20.2225, 24.4319); 7690 (20.2513, 24.5152); ]
    7410 (8.9743, 4.95618) -> [ 5713 (10.1006, 3.77263); ]
    7411 (21.6465, 20.9084) -> [ ]
    7412 (21.9029, 9.21487) -> [ ]
    7413 (5.68808, 5.10958) -> [ 2802 (6.29851, 3.93818); 4269 (6.12377, 4.27452); 9849 (6.50478, 3.59958); ]
    7414 (23.1248, 10.8965) -> [ ]
    7416 (5.88354, 9.70613) -> [ 4957 (7.07901, 8.73246); ]
    7417 (20.4738, 8.22313) -> [ 126 (22.4095, 8.00961); 2175 (22.0191, 7.99097); ]
    7418 (12.1959, 21.5921) -> [ 543 (12.9807, 22.07); 8082 (13.3767, 22.3164); 9255 (13.2336, 22.2144); ]
    7421 (10.3904, 7.526) -> [ 5324 (11.5496, 6.74017); 9481 (11.9518, 6.45553); ]
    7422 (21.4694, 23.6482) -> [ 8652 (22.057, 24.5825); 8822 (22.1265, 24.6244); ]
    7423 (17.094, 23.8897) -> [ 6118 (17.9875, 24.3944); ]
    7424 (8.18777, 17.5597) -> [ 2367 (8.95291, 17.8305); 4646 (9.25869, 17.9279); 4699 (9.8359, 18.2587); ]
    7425 (8.07873, 4.77114) -> [ ]
    7426 (22.2751, 5.41854) -> [ 2659 (23.5843, 4.92391); ]
    7427 (6.74215, 11.3755) -> [ 1597 (7.7135, 11.0472); 8227 (8.04808, 10.9489); ]
    7428 (7.37255, 1.53201) -> [ ]
    7429 (15.9074, 24.0973) -> [ 1196 (16.9061, 24.7233); 5092 (16.7044, 24.5772); ]
    7430 (22.1354, 7.89444) -> [ 225 (23.2019, 7.67882); 337 (23.3119, 7.71942); 2498 (23.3732, 7.71171); 3342 (23.2754, 7.81659); 4042 (22.6304, 7.81162); ]
    7431 (15.823, 23.7529) -> [ 191 (17.3609, 24.6115); 2975 (17.3567, 24.6787); 6687 (17.2155, 24.5781); ]
    7432 (20.4833, 17.5372) -> [ 316 (21.5634, 18.7222); 4679 (20.7733, 17.8478); 8702 (21.6589, 18.801); ]
    7433 (4.79103, 19.9606) -> [ ]
    7434 (21.7768, 12.7173) -> [ 665 (22.6019, 12.9015); 4370 (22.9443, 13.0758); 4623 (22.5738, 12.9379); 6081 (23.2768, 13.2296); 7755 (23.3156, 13.1537); ]
    7435 (13.2512, 17.0357) -> [ ]
    7436 (19.3517, 11.3446) -> [ ]
    7437 (13.6217, 22.6811) -> [ 4077 (14.2625, 23.0519); 4368 (14.6777, 23.2817); 5050 (15.1948, 23.5571); 7454 (14.8816, 23.484); 8743 (15.2659, 23.7762); ]
    7438 (20.0918, 16.5839) -> [ 133 (20.8917, 17.1657); 177 (20.8879, 17.1695); 957 (21.3519, 17.7225); 2091 (21.3335, 17.861); 2460 (21.4556, 17.9319); 7957 (21.3696, 17.803); 8719 (21.2036, 17.7182); ]
    7440 (12.9645, 17.5023) -> [ ]
    7441 (8.75157, 16.4934) -> [ ]
    7442 (15.5216, 13.5953) -> [ ]
    7444 (21.7042, 2.6928) -> [ 8013 (22.1979, 2.4678); 9538 (22.7211, 2.17261); ]
    7445 (2.17871, 9.2333) -> [ 2209 (2.71546, 7.37098); 7257 (2.56097, 7.80751); ]
    7447 (18.4862, 13.4683) -> [ 42 (19.1072, 13.9173); 1587 (19.6531, 14.2567); 4734 (18.7593, 13.6834); 7848 (19.7613, 14.3133); ]
    7448 (14.7179, 24.5169) -> [ ]
    7449 (0.376097, 18.5745) -> [ 1142 (0.0455963, 20.3496); ]
    7450 (7.3769, 19.4416) -> [ ]
    7451 (17.791, 5.90504) -> [ 2336 (18.2781, 5.72181); 6293 (19.4638, 5.15404); 6930 (18.344, 5.65987); ]
    7452 (8.54916, 22.994) -> [ 1416 (9.17599, 23.6601); 2253 (9.43523, 23.9549); 3705 (9.06138, 23.5343); 4987 (9.51252, 24.0308); ]
    7453 (5.13149, 7.37352) -> [ ]
    7454 (14.8816, 23.484) -> [ 2335 (15.5002, 23.911); 5205 (15.6177, 23.9421); 7429 (15.9074, 24.0973); 7691 (16.0368, 24.2605); ]
    7457 (19.989, 10.073) -> [ 5837 (21.2639, 10.2094); ]
    7458 (17.0516, 21.7405) -> [ 35 (18.1347, 22.5598); ]
    7459 (8.98368, 6.01018) -> [ 4509 (10.2143, 4.80136); 9296 (10.3226, 4.76584); ]
    7460 (5.91678, 17.4282) -> [ ]
    7461 (7.21763, 24.1727) -> [ ]
    7463 (8.52492, 18.2719) -> [ 2674 (8.84645, 18.3883); ]
    7465 (12.7339, 6.1665) -> [ 5069 (13.3202, 5.80677); 9569 (13.0238, 5.9751); ]
    7466 (11.5843, 3.42658) -> [ ]
    7469 (20.5293, 0.706826) -> [ 662 (21.404, 0.192707); 7706 (21.3876, 0.152256); ]
    7470 (6.7585, 17.6037) -> [ ]
    7471 (21.7595, 24.4834) -> [ ]
    7472 (15.8148, 5.48118) -> [ 305 (17.0325, 4.88349); ]
    7475 (12.2725, 1.80906) -> [ 3965 (13.4487, 0.426994); ]
    7476 (22.1245, 10.2153) -> [ ]
    7477 (13.9306, 24.5298) -> [ 3312 (14.2629, 24.8009); 6140 (14.446, 24.9183); ]
    7478 (3.13355, 9.95324) -> [ 1724 (3.71424, 9.06596); 3224 (3.63782, 9.02123); ]
    7479 (23.2966, 21.9949) -> [ ]
    7481 (3.21954, 8.74135) -> [ ]
    7482 (3.10561, 13.8809) -> [ ]
    7483 (0.812901, 20.7986) -> [ 7215 (0.815689, 21.6031); ]
    7484 (3.82008, 19.4358) -> [ 2285 (4.72575, 21.0525); 5737 (4.866, 21.0928); 9006 (4.61664, 20.5255); ]
    7485 (10.9151, 18.9652) -> [ ]
    7486 (21.3055, 4.39756) -> [ ]
    7487 (10.9468, 23.6323) -> [ 7571 (12.4156, 24.8687); ]
    7488 (0.795296, 17.4854) -> [ 704 (0.786287, 18.7335); ]
    7489 (19.5631, 19.1288) -> [ 1431 (20.637, 20.5857); ]
    7490 (22.9332, 1.71303) -> [ 911 (24.067, 1.06049); 2475 (23.7729, 1.24229); 5992 (23.7457, 1.28179); 7814 (24.5185, 0.796311); 9543 (24.1498, 1.04608); 9591 (24.4196, 0.887091); ]
    7491 (16.9037, 9.03447) -> [ 2005 (17.7585, 8.96587); 2316 (17.8432, 9.02606); 4897 (18.7647, 8.89319); 6048 (17.9564, 9.01649); ]
    7492 (1.60639, 7.09014) -> [ 356 (1.82745, 5.5852); 1180 (1.78484, 5.9459); 4480 (1.83184, 5.72363); 8629 (1.83648, 5.11995); ]
    7495 (6.7451, 3.18299) -> [ ]
    7496 (8.4617, 21.6751) -> [ 2825 (9.50488, 22.6011); 4357 (9.53091, 22.7943); 4433 (9.68883, 22.8649); 6491 (9.63885, 22.8158); 8841 (9.09396, 22.3696); ]
    7498 (3.96314, 23.1557) -> [ ]
    7499 (19.5219, 13.3673) -> [ 3615 (20.4579, 13.7871); ]
    7501 (9.36542, 5.8168) -> [ 4849 (10.5719, 4.67022); ]
    7502 (21.1636, 21.574) -> [ 831 (22.1193, 22.993); 1792 (21.5259, 22.1647); 4351 (22.2536, 23.0321); 5399 (22.0379, 22.985); 5605 (21.7378, 22.2646); 5988 (22.2455, 23.0038); 7004 (21.9062, 22.528); 9779 (21.5338, 22.144); ]
    7503 (14.8163, 19.024) -> [ ]
    7504 (16.0346, 5.56481) -> [ 6006 (17.3735, 4.88086); ]
    7505 (23.0177, 14.5786) -> [ 421 (24.1991, 15.6301); 2201 (23.9856, 15.3249); 3823 (24.5179, 15.7495); 4103 (23.89, 15.4074); 6145 (24.2815, 15.5526); 9317 (23.6761, 15.1565); ]
    7508 (13.6305, 7.32335) -> [ ]
    7509 (9.08733, 4.15636) -> [ 545 (9.70853, 3.4775); 4750 (9.91065, 3.18318); 6641 (10.2293, 2.68629); 9657 (9.85228, 3.16437); ]
    7510 (8.72102, 2.83927) -> [ 9453 (9.21505, 1.97439); ]
    7511 (16.0865, 0.612674) -> [ 6866 (16.3608, 0.356214); ]
    7512 (2.98279, 22.2863) -> [ 3614 (3.4543, 24.0803); 6992 (3.12435, 22.9165); ]
    7514 (4.39281, 10.3265) -> [ ]
    7515 (12.6354, 17.8894) -> [ ]
    7516 (20.8928, 14.1227) -> [ 1982 (21.6745, 14.5008); 4904 (21.9827, 14.6821); ]
    7517 (17.2927, 18.89) -> [ 3915 (17.922, 20.2653); 7685 (17.9117, 20.4378); ]
    7518 (16.1816, 12.1671) -> [ ]
    7520 (7.61252, 2.11727) -> [ 1545 (8.4101, 0.70465); 2068 (8.52758, 0.412821); 2533 (8.15648, 1.0292); 3855 (8.37903, 0.821012); ]
    7521 (7.63022, 3.40079) -> [ 5186 (8.74164, 1.93732); 5340 (8.69797, 1.77052); ]
    7523 (19.2299, 6.40529) -> [ 3558 (20.91, 5.791); ]
    7524 (16.1267, 7.50335) -> [ 6216 (17.997, 6.94666); ]
    7526 (15.7567, 16.135) -> [ ]
    7527 (16.2456, 12.3445) -> [ 1037 (17.2835, 13.046); 2766 (17.4979, 13.2729); ]
    7528 (15.3527, 16.6707) -> [ ]
    7530 (0.226633, 22.7854) -> [ ]
    7531 (4.89563, 11.5865) -> [ ]
    7532 (20.9448, 7.03523) -> [ 111 (22.3261, 6.75522); 787 (21.603, 6.86515); 4322 (22.0255, 6.80176); 5873 (22.5987, 6.75742); ]
    7533 (4.9086, 16.8816) -> [ 1042 (6.54063, 17.7109); 1736 (5.86351, 17.2398); 7460 (5.91678, 17.4282); 7470 (6.7585, 17.6037); 9690 (6.51007, 17.626); ]
    7535 (1.02207, 17.6382) -> [ 1219 (1.08999, 19.3293); 1783 (1.0857, 19.6235); ]
    7536 (6.97269, 0.661344) -> [ ]
    7537 (4.11076, 20.3381) -> [ 5838 (4.91124, 21.6108); ]
    7538 (2.40745, 12.2777) -> [ ]
    7540 (0.671421, 11.0203) -> [ 1874 (0.557602, 9.58058); 4182 (0.644577, 10.8428); 5781 (0.648044, 10.3565); 6819 (0.460308, 9.43572); 7137 (0.623537, 9.08592); 7202 (0.573393, 9.20455); 9127 (0.470318, 9.30001); ]
    7541 (0.925531, 6.92404) -> [ 1840 (1.03124, 5.71471); ]
    7543 (19.1229, 7.84264) -> [ 4047 (20.7799, 7.5592); ]
    7544 (22.3654, 9.72873) -> [ ]
    7546 (12.8773, 17.5796) -> [ 793 (14.4324, 18.2245); 9724 (14.3343, 18.1876); ]
    7549 (16.3865, 12.2678) -> [ 6398 (16.7914, 12.5424); ]
    7552 (5.34502, 22.9621) -> [ 1241 (6.07389, 24.3904); ]
    7553 (4.1536, 23.4572) -> [ 8021 (4.50441, 24.5575); ]
    7554 (9.48561, 16.3863) -> [ 312 (10.3192, 17.0818); 464 (10.5964, 17.2824); 8927 (10.2505, 16.9196); ]
    7555 (9.3696, 8.95225) -> [ 859 (9.55952, 8.82819); 2599 (9.56874, 8.8213); 3314 (10.316, 8.46091); 3501 (9.6149, 8.80453); ]
    7556 (12.4844, 9.24239) -> [ 1292 (14.1302, 9.02903); ]
    7557 (14.4289, 23.0124) -> [ 260 (15.135, 23.4512); 4895 (15.8154, 23.822); ]
    7558 (1.70816, 8.58514) -> [ 4795 (1.73641, 8.50834); ]
    7559 (5.39754, 17.229) -> [ 8910 (6.9416, 17.9444); ]
    7561 (23.8065, 9.06626) -> [ ]
    7562 (18.8694, 4.97904) -> [ 9020 (20.1567, 4.33824); ]
    7563 (19.3656, 7.45264) -> [ 5500 (20.5351, 7.23395); ]
    7564 (16.6311, 16.0823) -> [ 8880 (17.4085, 17.6963); ]
    7565 (3.45439, 21.3411) -> [ 3167 (4.16844, 23.0768); 4216 (3.6842, 22.0443); 5353 (4.18799, 23.114); 5934 (4.03391, 22.915); 7819 (4.06855, 22.7922); 9022 (4.12111, 22.9074); ]
    7566 (18.4162, 11.4835) -> [ 188 (19.6695, 11.8514); 1188 (19.2913, 11.7347); 2580 (19.25, 11.7891); 6135 (19.8282, 11.9096); 7990 (19.9544, 11.9549); ]
    7568 (1.2142, 1.73879) -> [ 904 (1.27651, 0.0906048); ]
    7569 (11.2724, 22.0896) -> [ 462 (12.372, 22.7476); 2623 (12.7486, 23.0584); 3562 (12.379, 22.7388); 5023 (12.7197, 23.0812); 6039 (12.8918, 23.1544); ]
    7571 (12.4156, 24.8687) -> [ 4273 (12.5433, 24.9564); ]
    7572 (20.3184, 13.1341) -> [ 364 (20.7568, 13.3387); 512 (20.6346, 13.291); 6301 (21.5196, 13.6507); ]
    7573 (21.5289, 1.18448) -> [ 384 (22.1671, 0.806129); 1009 (22.7064, 0.413756); 5771 (22.5302, 0.569429); ]
    7576 (21.4041, 16.5422) -> [ ]
    7578 (18.7462, 18.5934) -> [ 2110 (19.5563, 19.9475); 4274 (19.2457, 19.406); 5219 (19.4725, 19.8172); ]
    7582 (3.09079, 8.98765) -> [ ]
    7585 (4.18928, 3.21344) -> [ 6370 (4.77926, 1.64022); 7293 (4.48257, 2.44779); ]
    7587 (15.2396, 16.372) -> [ 1415 (15.5795, 18.3401); 6723 (15.5245, 18.1538); 9794 (15.5602, 18.1749); ]
    7589 (21.473, 21.2487) -> [ 1019 (22.3456, 22.3191); ]
    7590 (14.641, 14.9399) -> [ 1974 (14.6056, 15.1386); 3564 (14.582, 15.4608); 3753 (14.6162, 16.1316); 8447 (14.633, 16.1354); 9407 (14.5974, 15.9739); ]
    7592 (7.46855, 22.2626) -> [ 8816 (8.70615, 23.8284); ]
    7593 (2.48679, 12.7823) -> [ 2313 (4.38876, 12.5396); 6675 (4.12697, 12.3488); ]
    7594 (8.63907, 5.37506) -> [ 9535 (9.59568, 4.13834); ]
    7596 (19.667, 1.61284) -> [ 1044 (20.3616, 1.1715); 2458 (20.881, 0.77627); 4769 (20.6181, 1.06971); ]
    7597 (18.369, 19.8576) -> [ ]
    7598 (4.16183, 3.93866) -> [ 253 (4.46785, 2.95567); 4369 (4.42, 3.04887); ]
    7599 (2.06763, 14.3915) -> [ 910 (3.62327, 13.5247); ]
    7601 (18.046, 21.3727) -> [ 223 (18.2895, 21.9236); 884 (18.3097, 21.9893); 5003 (18.3605, 22.1182); 7938 (18.5109, 22.6027); 9842 (18.1312, 21.604); ]
    7602 (21.3694, 21.964) -> [ 873 (22.3863, 23.6736); 2490 (22.3619, 23.6051); ]
    7603 (22.2047, 8.23478) -> [ 2743 (24.1234, 8.13446); 6575 (23.7601, 8.11875); ]
    7604 (21.2109, 23.4123) -> [ ]
    7605 (1.98764, 20.5361) -> [ 3151 (2.14245, 21.4494); 4227 (2.23002, 21.7213); ]
    7606 (1.63493, 18.7967) -> [ 2365 (1.89373, 20.5164); 3805 (1.82848, 20.1307); 8779 (1.91619, 20.5196); ]
    7609 (3.4127, 21.5011) -> [ 4279 (4.02914, 23.3472); 7498 (3.96314, 23.1557); ]
    7612 (0.218465, 8.74695) -> [ 1082 (0.122124, 8.12481); ]
    7616 (20.9282, 23.722) -> [ 205 (21.536, 24.8667); ]
    7618 (4.12496, 12.2348) -> [ 243 (5.40903, 11.9062); 2482 (5.30296, 11.8752); 5643 (5.39621, 11.8885); 8903 (4.8628, 12.0697); ]
    7619 (14.6895, 6.76605) -> [ 7818 (15.6795, 6.33867); 8292 (15.4437, 6.33368); ]
    7620 (7.01745, 14.3644) -> [ 4788 (7.31739, 14.6054); 6596 (8.5268, 15.5928); 8631 (7.58414, 14.8792); 9562 (8.55076, 15.5963); ]
    7621 (21.5215, 10.7678) -> [ 2764 (21.7686, 10.7893); 6540 (22.9327, 10.9624); 8212 (23.0447, 10.9207); ]
    7622 (16.4919, 16.5715) -> [ 1050 (17.1234, 18.0557); 8015 (16.9716, 17.6385); 8345 (16.91, 17.5432); 9586 (17.2061, 18.2692); ]
    7623 (12.9923, 2.60148) -> [ 250 (13.599, 1.96595); 5730 (14.5158, 1.30785); 7069 (13.8528, 1.72228); 7653 (13.5631, 2.05819); ]
    7624 (11.5146, 7.04596) -> [ 825 (12.4338, 6.51659); 1624 (12.3413, 6.59296); 8342 (12.1555, 6.66459); ]
    7627 (18.2005, 2.33316) -> [ 6372 (19.568, 1.53312); ]
    7628 (21.1145, 18.0195) -> [ 365 (21.5977, 18.504); 1309 (22.2493, 19.2133); 4098 (22.1302, 19.191); ]
    7629 (18.3577, 1.01494) -> [ 1197 (19.3577, 0.309078); ]
    7631 (20.064, 13.2929) -> [ 3969 (21.8563, 14.127); 4770 (21.5364, 13.8694); ]
    7632 (2.85195, 9.77828) -> [ 415 (3.26927, 8.88054); 1790 (3.36876, 8.78128); 4307 (3.30098, 8.93103); 9196 (3.55448, 8.27381); ]
    7633 (12.8131, 16.2816) -> [ 4462 (13.2441, 16.2232); 4845 (13.4521, 16.1782); ]
    7634 (18.7981, 20.6734) -> [ ]
    7635 (4.63512, 7.18739) -> [ 7652 (5.45808, 5.67635); ]
    7636 (5.79561, 20.7291) -> [ 900 (7.07731, 22.225); 907 (6.51429, 21.5548); 8864 (6.99989, 22.0167); ]
    7637 (21.0018, 20.0445) -> [ 7411 (21.6465, 20.9084); ]
    7638 (19.626, 15.4058) -> [ ]
    7641 (12.6608, 18.8641) -> [ ]
    7642 (11.797, 4.26472) -> [ 247 (12.5232, 3.58922); 2929 (12.1247, 3.94367); ]
    7643 (21.661, 3.34891) -> [ 4064 (22.1375, 3.17689); ]
    7644 (0.312953, 19.9609) -> [ 2976 (0.230522, 20.6855); ]
    7645 (9.1806, 4.0103) -> [ 2797 (9.86237, 3.13029); 3323 (10.3257, 2.51462); 4922 (10.214, 2.64661); 6435 (10.3214, 2.54281); ]
    7647 (14.398, 13.8531) -> [ 8895 (13.9678, 15.3699); 9504 (13.8294, 15.766); ]
    7649 (9.45379, 21.2831) -> [ 1690 (10.847, 22.5931); 4264 (10.6815, 22.372); 5994 (10.1079, 21.878); 8916 (10.4236, 22.108); ]
    7650 (20.2798, 19.5955) -> [ ]
    7652 (5.45808, 5.67635) -> [ ]
    7653 (13.5631, 2.05819) -> [ 167 (14.8712, 1.04048); 996 (15.0108, 0.798932); 5040 (14.859, 0.878899); 7761 (14.8841, 0.781122); ]
    7654 (13.7751, 7.64257) -> [ 3516 (15.1324, 7.07241); 6434 (15.4998, 6.93131); ]
    7655 (16.9894, 13.9539) -> [ 1386 (17.7065, 14.724); 2786 (17.9635, 15.0167); ]
    7656 (14.9973, 20.6549) -> [ 2121 (15.536, 21.0746); 4358 (15.3036, 20.9102); ]
    7658 (23.272, 15.0099) -> [ 3755 (23.776, 15.4376); 4720 (23.361, 15.1137); 5933 (24.6376, 16.2255); 6323 (24.5624, 16.1961); ]
    7660 (17.3162, 7.61701) -> [ 3310 (18.8021, 7.29002); 8536 (18.4948, 7.32883); ]
    7662 (6.70352, 10.0118) -> [ 1727 (7.18238, 9.66808); 2788 (7.30527, 9.6409); 9114 (8.35679, 9.01483); ]
    7663 (21.7877, 13.5588) -> [ ]
    7664 (1.78823, 19.1071) -> [ 97 (1.88601, 19.4185); 1951 (2.0183, 20.3335); 2014 (2.18995, 20.9692); 3632 (1.82623, 19.4666); 7015 (2.06451, 20.1513); 7795 (1.99657, 20.0809); ]
    7665 (8.87778, 2.03376) -> [ 4405 (10.0514, 0.419965); ]
    7666 (23.1895, 18.847) -> [ 282 (23.9773, 19.5774); 2396 (24.3165, 19.8577); 4252 (24.2061, 19.7967); 4682 (24.6681, 20.0914); ]
    7667 (6.90614, 19.3562) -> [ 1213 (8.48578, 20.5762); 8602 (8.33949, 20.4102); 9019 (7.74784, 19.9856); ]
    7668 (12.1271, 2.40319) -> [ ]
    7669 (21.6575, 16.0602) -> [ ]
    7670 (21.0478, 19.4947) -> [ 2790 (21.5112, 20.0703); 9899 (21.4154, 19.9555); ]
    7671 (22.8202, 21.9809) -> [ 9720 (23.5014, 22.8196); ]
    7674 (17.6279, 3.07404) -> [ ]
    7676 (4.50289, 4.02968) -> [ 4132 (4.97075, 2.57795); 5554 (4.90072, 2.81328); ]
    7677 (15.9743, 9.4599) -> [ 698 (16.7371, 9.47789); 4522 (17.4081, 9.39894); 6123 (17.3214, 9.44082); 9199 (17.8113, 9.49583); ]
    7678 (3.19757, 5.64976) -> [ 54 (3.2632, 5.35224); 5753 (3.61577, 3.90093); 8387 (3.25148, 5.44241); 9415 (3.62383, 4.13044); ]
    7679 (6.62631, 9.93549) -> [ 9175 (7.12224, 9.64998); 9639 (7.74841, 9.15475); ]
    7681 (8.94269, 2.97344) -> [ ]
    7682 (15.6503, 20.0815) -> [ ]
    7684 (13.4032, 2.91542) -> [ 1609 (14.7287, 1.62639); 1866 (14.1862, 2.29508); 2331 (13.615, 2.71159); 7262 (14.5859, 1.9454); ]
    7685 (17.9117, 20.4378) -> [ 2234 (18.2471, 21.229); 4494 (18.5943, 22.0094); 4808 (18.603, 22.2469); 6947 (18.463, 21.779); ]
    7686 (16.6435, 16.8204) -> [ 4884 (17.3606, 18.448); 7201 (17.3258, 18.3906); ]
    7687 (3.6801, 19.9683) -> [ ]
    7692 (11.8625, 2.62551) -> [ 583 (13.001, 1.47634); ]
    7693 (7.08966, 21.1707) -> [ 1302 (8.29963, 22.3756); ]
    7694 (12.8304, 20.5557) -> [ 3466 (13.8557, 21.022); ]
    7695 (20.9811, 19.9077) -> [ 2403 (21.7759, 20.8654); 3148 (21.6219, 20.7214); 3704 (21.5982, 20.6958); 5234 (22.1037, 21.3176); ]
    7696 (3.5561, 20.2487) -> [ 5024 (3.95816, 21.1004); 8307 (4.37207, 22.0487); 9816 (4.31901, 21.8907); ]
    7697 (12.766, 16.4813) -> [ 5932 (13.3754, 16.4418); ]
    7699 (10.3996, 16.5323) -> [ 1846 (10.873, 16.5071); 3770 (11.3606, 16.651); 5252 (12.1352, 16.7417); ]
    7700 (7.72035, 23.2182) -> [ ]
    7701 (21.8212, 21.3471) -> [ ]
    7703 (5.86537, 4.36444) -> [ 882 (6.726, 2.81332); ]
    7704 (1.49128, 16.2511) -> [ 6578 (2.35801, 17.9273); 7194 (2.30706, 18.0501); ]
    7707 (13.3848, 3.28062) -> [ 7289 (14.7466, 2.11728); ]
    7708 (19.2216, 12.0712) -> [ 1432 (20.5797, 12.5894); 1900 (19.8066, 12.2863); 3529 (19.8515, 12.3228); 6024 (20.751, 12.6534); 9735 (20.9431, 12.625); ]
    7710 (19.9309, 21.3607) -> [ 206 (20.3017, 22.0089); 4942 (20.6039, 22.663); 5928 (20.7667, 22.9523); 7222 (20.6047, 22.5886); ]
    7711 (23.0933, 14.0758) -> [ 170 (23.845, 14.7339); 182 (23.7454, 14.6593); 525 (23.7081, 14.6386); 770 (23.7793, 14.5466); 3350 (24.3505, 15.5126); 6810 (24.1027, 15.0611); 8005 (24.4775, 15.3708); ]
    7712 (18.9252, 16.9198) -> [ ]
    7713 (15.8514, 7.62435) -> [ 5449 (17.7084, 7.0397); ]
    7714 (7.55167, 18.6061) -> [ 6092 (8.74974, 19.2855); ]
    7715 (2.51073, 13.0177) -> [ 1993 (2.93503, 13.1165); ]
    7716 (3.78527, 2.86999) -> [ 1225 (4.15174, 1.7368); 3178 (4.38841, 1.11486); 3387 (4.08792, 1.75401); 5766 (4.35807, 0.954704); ]
    7717 (16.2074, 21.3691) -> [ 3407 (17.4331, 22.3542); 3986 (16.8864, 21.9046); 5398 (17.6832, 22.4896); ]
    7719 (22.3145, 10.7202) -> [ ]
    7721 (17.1472, 3.44434) -> [ 885 (17.6901, 3.07808); 7158 (18.6984, 2.4353); 7185 (17.7923, 3.00458); 9445 (18.3542, 2.67757); ]
    7722 (21.9538, 20.3835) -> [ 4630 (23.0063, 21.6159); ]
    7723 (10.2044, 8.85877) -> [ ]
    7725 (23.2703, 16.8589) -> [ ]
    7726 (16.6955, 23.704) -> [ ]
    7727 (20.1225, 4.47775) -> [ ]
    7728 (1.24385, 6.35522) -> [ 3152 (1.3362, 4.39737); 3797 (1.28132, 4.55365); 5488 (1.31988, 4.955); 5633 (1.2809, 4.48087); ]
    7729 (20.6964, 15.4317) -> [ 4474 (21.7365, 16.0379); ]
    7730 (7.56491, 21.661) -> [ 258 (8.61669, 22.7525); 1401 (8.9102, 22.9856); 9259 (8.64312, 22.7919); ]
    7732 (11.0231, 7.81842) -> [ ]
    7733 (9.46439, 0.332223) -> [ 5492 (9.51896, 0.208777); ]
    7735 (16.7585, 18.9005) -> [ ]
    7736 (23.994, 24.6579) -> [ ]
    7738 (3.32999, 22.6881) -> [ 515 (3.68053, 24.0241); 4304 (3.89994, 24.4545); 4634 (3.50847, 23.2058); 4792 (3.75999, 24.4083); 8112 (3.84571, 24.2637); 9478 (3.8615, 24.4207); ]
    7739 (5.50363, 7.45681) -> [ 5747 (6.2751, 6.22621); 8160 (6.55161, 5.91035); 8291 (6.59104, 6.06605); 9276 (6.51274, 5.98728); ]
    7740 (20.2732, 13.0996) -> [ 6829 (21.9111, 13.7641); ]
    7742 (22.5496, 4.07392) -> [ 1826 (24.0731, 3.41412); ]
    7743 (13.8238, 1.13043) -> [ 6018 (14.9998, 0.063629); ]
    7745 (5.23018, 15.6286) -> [ ]
    7746 (10.1569, 7.95532) -> [ 4443 (10.6692, 7.6257); ]
    7747 (21.8968, 17.2538) -> [ 3659 (23.3679, 18.4085); 6180 (22.7534, 17.945); 8878 (23.3522, 18.4111); ]
    7749 (11.0087, 5.16103) -> [ 960 (12.2372, 4.08549); 6183 (11.7808, 4.44593); 9178 (11.7701, 4.46689); ]
    7750 (18.4824, 3.80664) -> [ ]
    7751 (1.24194, 16.2216) -> [ 2828 (1.37823, 17.5158); 6740 (1.45299, 17.1994); 8514 (1.41406, 17.4039); ]
    7752 (19.6124, 6.865) -> [ ]
    7753 (7.28035, 23.8409) -> [ 4045 (7.5758, 24.2585); 8284 (7.72687, 24.3975); ]
    7754 (21.8735, 18.4969) -> [ 6549 (22.4193, 19.0808); ]
    7755 (23.3156, 13.1537) -> [ 1263 (24.5037, 13.499); 1351 (24.7904, 13.5897); 3161 (24.2455, 13.4353); 4079 (24.199, 13.3896); ]
    7756 (7.74474, 6.38626) -> [ 6432 (8.22479, 5.89117); 7594 (8.63907, 5.37506); ]
    7757 (7.32994, 14.9887) -> [ ]
    7759 (7.3716, 3.5412) -> [ 2329 (8.3359, 1.99794); ]
    7761 (14.8841, 0.781122) -> [ 4303 (15.4608, 0.289622); ]
    7762 (2.68524, 9.18675) -> [ 358 (2.99187, 8.53341); 6576 (3.05382, 7.89869); ]
    7763 (23.1166, 21.6003) -> [ 2386 (23.2534, 21.7815); 6955 (24.2223, 22.9717); ]
    7764 (22.1312, 16.6917) -> [ 431 (23.2203, 17.4359); 6735 (23.26, 17.5341); 8209 (23.5227, 17.6805); ]
    7766 (18.3933, 23.7521) -> [ 2026 (19.0838, 24.1972); ]
    7767 (16.6778, 22.2254) -> [ 422 (18.0938, 23.3231); 1932 (17.6784, 23.1289); 5198 (17.559, 22.7949); 6556 (18.0577, 23.3342); ]
    7768 (18.1661, 20.8865) -> [ 5170 (18.9021, 22.6603); ]
    7769 (19.7806, 3.82824) -> [ 4049 (19.8926, 3.78045); ]
    7770 (14.7002, 11.7056) -> [ 832 (15.813, 13.0338); 2393 (15.5374, 12.5944); 2640 (15.5486, 12.53); 4267 (15.8219, 13.1772); 5661 (15.6035, 12.7598); 9482 (15.6956, 13.3169); ]
    7771 (2.1759, 15.5193) -> [ 1753 (3.92979, 16.2052); 6125 (3.59416, 16.1256); 7626 (3.8912, 16.2583); 8147 (3.22095, 15.9885); ]
    7773 (11.09, 17.8088) -> [ 2593 (12.3598, 19.2703); 3927 (11.4547, 18.1087); ]
    7775 (9.25112, 6.68272) -> [ 110 (10.6323, 5.40625); 3359 (10.3564, 5.65454); ]
    7776 (19.4458, 20.3159) -> [ 1295 (20.2067, 21.5295); 2149 (20.0415, 21.3812); 2722 (20.494, 22.0042); 3043 (19.8043, 20.8772); 5545 (19.9918, 21.2083); 8956 (20.069, 21.405); 9694 (20.209, 21.7346); ]
    7777 (10.2552, 19.0444) -> [ 3292 (10.9595, 19.367); 8737 (11.995, 19.8621); 9117 (11.6471, 19.6228); ]
    7778 (12.341, 7.06074) -> [ 8320 (13.968, 6.13672); 9534 (14.0944, 6.14217); ]
    7779 (15.9054, 22.1708) -> [ 3905 (16.6484, 22.8708); ]
    7783 (24.511, 8.5202) -> [ 4309 (24.6615, 8.50778); ]
    7784 (0.36758, 5.87505) -> [ 3866 (0.266151, 4.4737); 7906 (0.285958, 4.77976); 9288 (0.305076, 3.97222); ]
    7785 (1.87089, 8.99401) -> [ ]
    7786 (12.2206, 2.20468) -> [ 6273 (13.2849, 1.06265); ]
    7787 (19.5415, 18.2163) -> [ 4947 (20.6837, 19.6829); ]
    7788 (7.75682, 22.9043) -> [ 742 (8.77892, 24.0262); 5628 (8.64724, 23.7597); ]
    7789 (21.3389, 23.928) -> [ 4883 (21.9434, 24.9588); ]
    7790 (17.5481, 1.52425) -> [ 346 (18.8711, 0.423944); 2719 (17.9706, 1.31594); 3408 (18.3995, 1.01213); ]
    7792 (8.40701, 2.58985) -> [ 600 (9.47181, 0.982782); 3253 (9.17178, 1.31115); 4286 (9.34784, 1.28355); ]
    7794 (20.0583, 8.36955) -> [ 466 (21.751, 8.21199); 3739 (21.8404, 8.12605); 9713 (21.726, 8.19448); ]
    7795 (1.99657, 20.0809) -> [ 1139 (2.32959, 21.8091); 1236 (2.41019, 21.8196); 1856 (2.31468, 21.9754); 1858 (2.33204, 21.6537); 3302 (2.25898, 21.1601); 5244 (2.38943, 22.0009); 6165 (2.32609, 21.687); 7309 (2.38978, 21.8777); ]
    7796 (0.549684, 12.339) -> [ ]
    7798 (23.5873, 12.8547) -> [ ]
    7799 (4.51776, 11.7777) -> [ 1612 (6.19465, 11.0641); 5647 (5.14353, 11.4341); 7531 (4.89563, 11.5865); 8244 (6.28015, 10.9833); ]
    7800 (10.1576, 18.5067) -> [ 2867 (10.9135, 18.7829); 3027 (10.7536, 18.7257); 6312 (11.4326, 18.9745); ]
    7801 (23.5014, 15.1487) -> [ 6080 (23.7246, 15.2694); ]
    7802 (22.5798, 20.3703) -> [ 2621 (23.0964, 20.9061); 4086 (22.7703, 20.6108); 9505 (23.7961, 21.8061); ]
    7803 (8.83172, 5.84657) -> [ 4285 (9.96983, 4.72868); ]
    7804 (17.247, 5.24846) -> [ 3464 (18.4407, 4.60303); 4199 (18.6912, 4.45914); 6476 (19.039, 4.40339); ]
    7805 (1.51117, 13.1277) -> [ 9755 (2.78377, 11.7859); ]
    7806 (11.0233, 17.7671) -> [ 3792 (11.8948, 18.6984); 4053 (12.02, 18.7089); 4730 (12.0524, 19.3585); 5124 (11.967, 18.9113); 5783 (11.9003, 19.2871); ]
    7808 (2.30458, 23.2706) -> [ 7181 (2.42027, 24.1178); ]
    7809 (20.9085, 6.2601) -> [ 8843 (22.3274, 5.71612); ]
    7810 (4.57608, 11.9769) -> [ ]
    7811 (12.7503, 7.95436) -> [ 1681 (13.4207, 7.56099); 1838 (13.692, 7.42062); 9350 (14.1199, 7.32928); ]
    7812 (7.81984, 2.56085) -> [ 3967 (8.82202, 0.831731); 9056 (8.72801, 0.884901); ]
    7813 (16.2398, 10.066) -> [ 3760 (18.1331, 10.2516); 5420 (17.9078, 10.3864); 6031 (17.8592, 10.2482); 7381 (17.8734, 10.2691); 7772 (17.537, 10.2805); ]
    7815 (0.16044, 4.01376) -> [ 3356 (0.160125, 3.84924); ]
    7817 (7.65235, 17.3673) -> [ 4236 (8.89819, 17.9048); 4809 (9.06389, 17.7837); ]
    7818 (15.6795, 6.33867) -> [ 990 (17.1166, 5.70057); ]
    7819 (4.06855, 22.7922) -> [ 5051 (4.30467, 23.54); ]
    7821 (8.87985, 1.08676) -> [ 3083 (9.27309, 0.394217); 4213 (8.95791, 0.904695); 7240 (9.28693, 0.332266); ]
    7822 (17.2694, 14.7281) -> [ ]
    7823 (0.324312, 12.9876) -> [ 3102 (0.0627937, 12.965); ]
    7824 (9.23313, 8.03253) -> [ 619 (9.86497, 7.68445); 3448 (10.2167, 7.45982); 5462 (10.7497, 7.14465); 5935 (10.7169, 7.1559); 6714 (10.294, 7.42396); ]
    7825 (17.594, 13.0372) -> [ 5667 (18.4939, 13.7097); 7306 (19.1626, 14.1451); 9145 (19.0008, 14.0112); ]
    7826 (21.7185, 21.2474) -> [ ]
    7827 (10.573, 19.4817) -> [ 2468 (11.5692, 19.9675); 3712 (12.3597, 20.2544); 4553 (11.9829, 20.1487); 9039 (11.1081, 19.6857); 9666 (11.1873, 19.7956); ]
    7829 (1.61732, 15.2167) -> [ 5636 (3.09307, 15.78); ]
    7830 (4.76265, 15.7277) -> [ 2997 (6.07735, 16.0277); ]
    7831 (3.81897, 2.71898) -> [ 89 (4.30998, 0.889014); 4088 (4.16181, 1.01419); ]
    7832 (5.05125, 6.66833) -> [ ]
    7833 (23.339, 5.54329) -> [ 2948 (24.8946, 5.09014); ]
    7834 (11.6926, 17.8008) -> [ 352 (12.5817, 18.3661); 1488 (13.2531, 18.8631); 3215 (12.95, 18.6292); 4839 (12.8468, 18.5648); 5680 (13.0088, 18.6902); ]
    7836 (9.71887, 20.9933) -> [ 470 (10.6497, 21.7255); 5374 (10.8213, 21.809); ]
    7838 (6.65827, 21.9488) -> [ 9245 (7.70614, 23.2083); ]
    7840 (14.5178, 7.46644) -> [ 36 (15.5088, 6.99673); 3481 (15.4721, 6.98748); ]
    7841 (7.57101, 21.5845) -> [ 1487 (8.78647, 22.8099); 1859 (8.58917, 22.6297); 2079 (8.21364, 22.2247); ]
    7842 (4.07881, 6.6113) -> [ 1635 (4.3589, 6.00591); 3661 (4.7244, 5.12906); 3876 (4.70244, 5.12528); ]
    7843 (2.81457, 11.7866) -> [ 1145 (4.02977, 10.3503); 6635 (4.06429, 10.3492); ]
    7844 (7.82688, 4.38913) -> [ ]
    7846 (17.8386, 11.5006) -> [ 4328 (19.3292, 11.9936); ]
    7847 (24.3957, 11.3184) -> [ ]
    7848 (19.7613, 14.3133) -> [ 5021 (20.8625, 15.0747); 5347 (20.4255, 14.7765); 7373 (20.9749, 15.1163); ]
    7849 (12.0027, 18.5623) -> [ 4594 (13.3772, 19.8506); 8960 (13.3807, 19.8138); ]
    7850 (7.52455, 23.4547) -> [ ]
    7851 (2.25438, 18.9798) -> [ 4438 (2.64125, 20.6113); 7828 (2.63638, 20.6087); 8376 (2.6161, 20.6794); 9021 (2.72993, 20.6715); 9119 (2.62791, 20.2387); 9742 (2.73742, 20.675); ]
    7852 (16.7354, 22.6717) -> [ 6923 (17.824, 23.6201); ]
    7853 (19.4368, 9.11126) -> [ 624 (20.4211, 9.02698); 1934 (20.886, 8.97549); 6774 (21.0088, 9.00268); ]
    7854 (22.6346, 2.84886) -> [ 9026 (24.0517, 2.19906); ]
    7855 (21.9446, 23.1537) -> [ ]
    7857 (17.6098, 8.91092) -> [ 488 (19.2754, 8.70894); 4270 (19.282, 8.70343); 5169 (19.4366, 8.71075); ]
    7858 (9.14095, 4.94904) -> [ 1289 (9.75166, 4.29186); ]
    7859 (21.2159, 23.417) -> [ 198 (21.8379, 24.5184); 3971 (22.0197, 24.8799); ]
    7860 (2.51635, 17.1106) -> [ 2781 (3.46265, 18.5672); 2977 (3.47871, 18.24); ]
    7863 (12.8818, 21.2108) -> [ ]
    7864 (18.4509, 11.6907) -> [ 482 (19.7595, 12.0608); 4758 (19.2202, 11.9432); 9701 (19.1872, 11.9011); ]
    7865 (14.5138, 15.9702) -> [ 23 (14.5077, 17.4396); 538 (14.5113, 17.2503); ]
    7866 (8.55002, 7.56554) -> [ 419 (9.26462, 6.98229); 1132 (9.79066, 6.53191); 4874 (9.11297, 7.09685); ]
    7867 (19.1548, 6.02768) -> [ 1700 (19.4851, 5.91382); 3694 (20.3283, 5.59966); ]
    7870 (11.4617, 7.47926) -> [ 5922 (12.3116, 6.92948); ]
    7871 (4.0612, 17.0366) -> [ 319 (5.33777, 18.0229); 3201 (5.44541, 18.0016); 4078 (5.20764, 17.8379); 4411 (4.56658, 17.4063); 5408 (5.22882, 17.9676); 9162 (4.91009, 17.6765); 9327 (4.79531, 17.5324); ]
    7872 (7.96847, 4.01839) -> [ 1227 (8.79121, 2.75529); 6409 (8.90269, 2.55586); 7073 (8.71857, 2.87139); 7349 (8.98707, 2.58098); 7510 (8.72102, 2.83927); ]
    7873 (0.645713, 12.6456) -> [ 1091 (0.314863, 12.0248); 6593 (0.256515, 12.0634); 7796 (0.549684, 12.339); 8399 (0.321412, 12.0496); 9803 (0.551369, 12.1982); ]
    7874 (5.96698, 6.95309) -> [ 8823 (7.16268, 5.40152); 9235 (7.01768, 5.50012); ]
    7876 (21.0317, 1.55849) -> [ 2205 (21.1676, 1.47313); 6594 (22.4441, 0.731666); ]
    7877 (1.34527, 3.58021) -> [ 2520 (1.38425, 2.85675); 5221 (1.35652, 3.03547); 5262 (1.27015, 1.69413); ]
    7878 (19.0936, 17.9748) -> [ ]
    7880 (4.668, 6.48232) -> [ 2662 (5.23524, 5.31363); 2760 (5.20355, 5.40039); 8223 (5.38278, 5.06508); 9944 (5.3073, 5.20215); ]
    7881 (5.6064, 22.9898) -> [ 327 (6.57108, 24.6252); 3775 (6.01763, 23.6925); 4395 (6.48207, 24.5791); ]
    7883 (16.9837, 19.2104) -> [ 7312 (17.4571, 20.4829); 8300 (17.1307, 19.7162); ]
    7884 (6.57999, 19.7402) -> [ 278 (7.86101, 20.7717); 4928 (7.72411, 20.6401); 8163 (7.69451, 20.6152); ]
    7887 (10.3876, 17.4769) -> [ ]
    7889 (4.83307, 22.9941) -> [ 931 (5.28375, 24.081); 1262 (5.3506, 24.3434); 5712 (5.57945, 24.61); 5777 (5.67428, 24.4248); 6481 (5.65858, 24.4213); 6914 (5.51089, 24.7437); ]
    7890 (19.744, 7.11946) -> [ 1164 (20.5024, 6.86298); 2128 (21.4571, 6.66356); ]
    7891 (18.6715, 6.71782) -> [ 5807 (19.0028, 6.64855); ]
    7892 (13.401, 4.93318) -> [ 2427 (15.0191, 3.91339); 3028 (14.4662, 4.26392); ]
    7893 (21.4073, 14.2815) -> [ 2791 (22.0321, 14.5259); 4099 (22.7223, 15.207); 4436 (22.5412, 15.0293); 5977 (21.7695, 14.433); ]
    7895 (7.15808, 18.9198) -> [ 7243 (8.57536, 19.8138); ]
    7897 (1.07215, 12.0719) -> [ 921 (1.15141, 11.7193); ]
    7899 (11.301, 2.79721) -> [ 1149 (12.1135, 1.90349); 6436 (12.3508, 1.49042); 6695 (12.1146, 1.84822); 8202 (11.7853, 2.27736); ]
    7902 (12.1498, 7.40288) -> [ 1209 (13.6656, 6.68024); 1562 (13.2656, 6.76941); 3219 (13.8761, 6.51434); ]
    7904 (14.2808, 9.37748) -> [ 3319 (15.1463, 9.39264); 4514 (15.8394, 9.33803); ]
    7905 (1.86709, 21.8054) -> [ 2330 (1.91558, 22.1172); ]
    7906 (0.285958, 4.77976) -> [ 5456 (0.189583, 3.04615); ]
    7909 (23.7151, 15.9761) -> [ 2394 (24.2064, 16.6116); 2512 (24.5048, 16.6855); 4834 (24.5378, 16.7025); 8974 (24.0988, 16.4001); ]
    7910 (11.5081, 17.9205) -> [ 5958 (13.0093, 18.9725); 8477 (13.1157, 19.0547); ]
    7911 (8.14483, 6.52789) -> [ 4448 (9.52352, 5.1161); 5204 (9.35892, 5.43475); 7803 (8.83172, 5.84657); ]
    7916 (4.26986, 3.95308) -> [ 3749 (4.52862, 3.19731); 4073 (4.60785, 2.91299); ]
    7918 (4.00651, 4.28) -> [ 315 (4.57973, 2.42383); ]
    7919 (2.94935, 4.301) -> [ ]
    7921 (19.2046, 0.693145) -> [ 2651 (20.297, 0.100019); 3627 (20.2181, 0.112151); 9320 (20.2134, 0.0342569); ]
    7923 (20.2298, 3.43972) -> [ 3930 (21.7252, 2.77965); 7444 (21.7042, 2.6928); ]
    7925 (17.4363, 7.93066) -> [ 1650 (18.4627, 7.70794); 1659 (17.8171, 7.84803); 5461 (19.3264, 7.55603); 7563 (19.3656, 7.45264); ]
    7926 (16.6556, 11.6013) -> [ 1405 (17.3368, 11.9025); 1791 (18.4617, 12.4304); ]
    7927 (5.91585, 1.28499) -> [ 5613 (6.39446, 0.0800145); ]
    7928 (18.5003, 11.2039) -> [ 4865 (20.2328, 11.6264); 8133 (20.2068, 11.6036); 8418 (19.257, 11.3752); ]
    7929 (14.5333, 5.50509) -> [ 2693 (15.4906, 4.92121); 9585 (16.0985, 4.6501); ]
    7930 (18.8057, 21.4937) -> [ 2905 (19.1114, 22.2431); 7409 (19.3196, 22.7874); ]
    7931 (11.5895, 4.8353) -> [ ]
    7932 (3.23723, 16.1746) -> [ 7177 (4.80686, 17.0944); ]
    7933 (6.31532, 16.4142) -> [ 3485 (6.86762, 16.5293); 4659 (8.06862, 16.8029); 5750 (7.42902, 16.6366); 9949 (7.67307, 16.6737); ]
    7934 (16.7194, 4.37662) -> [ 6598 (18.2627, 3.5007); 8596 (17.5855, 3.86598); ]
    7935 (1.15784, 1.25241) -> [ 6967 (1.10272, 0.259121); ]
    7937 (22.131, 10.3508) -> [ 9331 (23.7187, 10.4722); ]
    7939 (18.7664, 21.1339) -> [ 1855 (19.3962, 22.4541); 4278 (19.2755, 22.2713); ]
    7940 (9.23017, 7.10987) -> [ 1232 (10.7008, 5.90312); ]
    7941 (20.9826, 13.2053) -> [ 3177 (22.5848, 13.835); ]
    7942 (17.1472, 16.9207) -> [ 4658 (17.7325, 18.0949); ]
    7943 (14.9996, 7.69845) -> [ 6960 (16.4157, 7.14905); ]
    7944 (9.40308, 3.67006) -> [ 749 (9.93194, 2.99226); ]
    7945 (9.32638, 4.68062) -> [ 2525 (10.3896, 3.36283); 6199 (9.69694, 4.26044); ]
    7946 (15.1194, 8.93858) -> [ 8464 (16.6953, 8.76576); ]
    7947 (21.1199, 13.8474) -> [ 1152 (22.3905, 14.7881); 4316 (22.3304, 14.3865); 5066 (22.3648, 14.7691); 9151 (22.5073, 14.5677); ]
    7948 (1.12901, 19.233) -> [ 5889 (1.18558, 20.8475); 7023 (1.18576, 20.9515); 8604 (1.15192, 20.8797); ]
    7949 (20.4827, 1.34149) -> [ 5217 (22.0175, 0.452571); 5409 (22.0382, 0.471758); ]
    7950 (10.4238, 5.71179) -> [ 1258 (11.1407, 5.00202); 8188 (11.9134, 4.42106); ]
    7951 (1.01784, 11.5192) -> [ 1271 (0.971872, 10.4967); 1607 (0.924406, 9.60291); 3388 (0.937452, 9.99314); 9072 (0.787691, 9.70435); ]
    7952 (4.06914, 11.7762) -> [ 4194 (5.13584, 11.2159); 6708 (4.74504, 11.3665); ]
    7956 (17.496, 19.0237) -> [ 6678 (18.3163, 20.6787); 8092 (18.1381, 20.7423); 9326 (18.2272, 20.8251); ]
    7957 (21.3696, 17.803) -> [ 2109 (21.8411, 18.2072); 2152 (22.531, 18.8163); 7223 (22.0024, 18.3803); 9308 (22.4053, 18.7614); ]
    7958 (19.5205, 17.8288) -> [ 1388 (20.6627, 19.3745); 8225 (20.5405, 19.114); ]
    7959 (19.2886, 24.9164) -> [ ]
    7960 (1.5753, 18.945) -> [ 1825 (1.74362, 20.429); 2172 (1.74892, 20.0187); ]
    7963 (22.5901, 0.977041) -> [ 6510 (23.4725, 0.5006); ]
    7964 (8.1372, 5.3092) -> [ 2822 (8.83139, 4.43433); ]
    7965 (14.7411, 19.3018) -> [ 5284 (15.711, 19.8621); 5292 (15.951, 20.0018); ]
    7966 (19.4137, 18.8525) -> [ 705 (20.3591, 20.2678); 5010 (20.1544, 19.9151); 8708 (20.1987, 19.9096); ]
    7968 (4.85286, 23.8596) -> [ 2823 (5.01569, 24.4255); 4403 (5.3495, 24.9198); 5697 (5.1064, 24.4575); 9139 (5.34622, 24.9878); ]
    7969 (13.8938, 19.9862) -> [ 1994 (14.8264, 20.7417); 3518 (14.6323, 20.6008); 4258 (14.7633, 20.7552); ]
    7970 (7.04821, 14.8312) -> [ 1979 (7.91128, 15.9829); 2856 (8.44164, 16.2415); 2962 (8.3428, 16.1348); ]
    7971 (5.25968, 7.24395) -> [ 853 (5.47743, 6.91713); 2820 (6.319, 5.71812); 2842 (6.11668, 6.04461); 3285 (6.37542, 5.77813); 3432 (5.64582, 6.81038); 3767 (5.67203, 6.74882); 5657 (6.41886, 5.76972); 9126 (6.12204, 6.15997); ]
    7972 (16.8442, 13.6237) -> [ 541 (18.076, 14.6855); 2878 (17.5103, 14.2797); 5937 (18.0709, 14.6972); 6045 (18.0404, 14.8385); ]
    7973 (14.4597, 6.0929) -> [ 4656 (16.1455, 5.10563); ]
    7974 (17.2612, 6.83452) -> [ 3825 (17.77, 6.6686); 5294 (18.4165, 6.44977); 5768 (18.2626, 6.48725); 5996 (18.8272, 6.24166); 6520 (18.7622, 6.40782); ]
    7976 (7.97516, 20.6558) -> [ 712 (9.50237, 21.8561); 788 (9.18658, 21.5997); ]
    7977 (5.8542, 5.68089) -> [ 1466 (6.09757, 5.23821); ]
    7978 (5.11266, 7.31232) -> [ 1043 (5.93508, 5.78492); 2011 (5.96082, 5.90796); 5414 (5.78384, 6.05839); ]
    7979 (15.7902, 20.4713) -> [ ]
    7980 (1.23277, 5.3221) -> [ 542 (1.03687, 3.3675); 1613 (1.19216, 3.54412); 1899 (1.25459, 4.45164); 4489 (1.0473, 3.50891); 5377 (1.42938, 4.00153); ]
    7981 (14.6682, 7.86257) -> [ 2650 (16.1229, 7.37009); 8911 (16.2665, 7.28305); ]
    7982 (2.65746, 8.82523) -> [ ]
    7983 (8.87766, 2.91944) -> [ 9817 (9.9215, 1.40589); ]
    7985 (15.2322, 9.84566) -> [ 2229 (16.4337, 10.0343); ]
    7987 (5.57855, 21.3695) -> [ 736 (5.97984, 21.9248); 2926 (6.29467, 22.2761); ]
    7988 (23.8888, 5.60131) -> [ 5323 (24.9039, 5.26862); ]
    7989 (3.47651, 1.24753) -> [ 1540 (3.76406, 0.0386451); 1767 (3.48968, 0.912147); ]
    7990 (19.9544, 11.9549) -> [ 1279 (21.1275, 12.3438); 8713 (21.6869, 12.5083); 9819 (20.9318, 12.2567); ]
    7994 (13.0947, 19.2335) -> [ 4916 (14.0861, 20.0351); ]
    7995 (20.4417, 23.904) -> [ ]
    7996 (20.6439, 15.6805) -> [ 4554 (21.381, 16.2541); ]
    7998 (23.8321, 14.6111) -> [ 1308 (24.2071, 14.8168); 2402 (24.0269, 14.7299); 3021 (24.7756, 15.3699); 5479 (24.679, 15.2886); 8664 (24.7704, 15.4481); 8938 (24.9869, 15.6721); ]
    7999 (13.9047, 23.7517) -> [ 4708 (14.2385, 23.949); 8190 (14.804, 24.4064); ]
    8001 (22.9278, 3.374) -> [ 4580 (24.398, 2.7575); ]
    8003 (6.88658, 22.2791) -> [ 589 (7.72159, 23.3746); 3402 (7.2924, 22.8334); ]
    8005 (24.4775, 15.3708) -> [ 183 (24.8938, 16.0725); 1963 (24.8988, 15.719); 3209 (24.5968, 15.4869); ]
    8006 (2.81328, 5.34781) -> [ 595 (3.26293, 3.56393); 2587 (3.23863, 3.72726); 9291 (3.20835, 3.38817); ]
    8007 (14.8257, 3.55885) -> [ 1065 (16.1118, 2.55799); 1112 (15.2298, 3.28813); 7074 (16.0965, 2.66718); ]
    8008 (4.8827, 20.0687) -> [ 1601 (5.3907, 20.7913); 1707 (5.35337, 20.7625); 1999 (5.48639, 20.8253); 2197 (5.77449, 21.3179); 4383 (5.73024, 21.3082); 9785 (5.30826, 20.6658); ]
    8009 (3.86004, 18.0998) -> [ 2224 (5.02619, 19.4362); 8634 (4.87088, 19.1965); ]
    8011 (21.1288, 11.7648) -> [ 2625 (22.0106, 11.9652); ]
    8012 (5.80112, 15.7894) -> [ 5822 (7.33848, 15.9947); ]
    8013 (22.1979, 2.4678) -> [ 444 (23.8273, 1.66603); 2473 (22.5785, 2.29524); 3608 (23.843, 1.68336); 4559 (22.7138, 2.20238); ]
    8014 (11.1648, 2.19133) -> [ ]
    8015 (16.9716, 17.6385) -> [ 2850 (17.558, 18.9678); ]
    8017 (1.49827, 6.68113) -> [ 3127 (1.67215, 4.95615); ]
    8018 (21.0945, 20.9329) -> [ 4896 (22.1625, 22.3855); 5289 (22.1201, 22.2955); ]
    8019 (4.09864, 2.72498) -> [ 503 (4.77428, 0.927161); 1496 (4.50721, 1.04095); 5249 (4.32468, 1.69328); 9066 (4.48631, 1.18683); ]
    8020 (22.5948, 5.4883) -> [ 98 (24.2024, 5.00129); ]
    8022 (23.0553, 1.74163) -> [ 1593 (24.3188, 1.10705); ]
    8023 (17.4369, 18.7905) -> [ 4238 (17.7213, 19.4388); 7281 (18.1373, 20.4239); ]
    8024 (17.6658, 15.1578) -> [ 5187 (18.5051, 16.0672); 7675 (19.0121, 16.6223); ]
    8026 (10.7031, 3.28274) -> [ ]
    8027 (13.2146, 7.43917) -> [ 213 (13.5266, 7.25229); 5034 (13.5406, 7.27461); 7619 (14.6895, 6.76605); ]
    8031 (18.0846, 7.57107) -> [ 7035 (19.574, 7.21562); 7890 (19.744, 7.11946); ]
    8032 (14.0988, 10.5381) -> [ ]
    8034 (13.3927, 20.3604) -> [ 715 (14.4592, 21.3433); 2060 (14.4056, 21.2489); 3361 (14.3681, 21.2369); ]
    8036 (18.0634, 15.6981) -> [ 1033 (19.3169, 17.209); 1253 (19.0489, 16.9706); 2302 (19.2609, 17.2909); 9551 (18.7888, 16.6214); ]
    8037 (12.7269, 7.01365) -> [ 135 (13.713, 6.48146); ]
    8039 (0.90766, 3.15574) -> [ 245 (0.88941, 2.42623); ]
    8040 (21.9287, 17.4998) -> [ 2643 (22.5685, 18.1172); 8295 (22.2709, 17.7978); ]
    8044 (3.40378, 20.9904) -> [ 6061 (3.77576, 21.8449); 8785 (4.08597, 22.5605); 8806 (3.89526, 21.9563); 8869 (3.93509, 22.1236); ]
    8046 (5.892, 18.9061) -> [ 4332 (6.71631, 19.6449); 6959 (7.12311, 19.8917); ]
    8047 (21.3633, 15.5829) -> [ 1099 (22.0081, 16.0858); 1930 (21.6949, 15.8616); 2174 (21.5799, 15.744); ]
    8049 (1.25118, 8.81352) -> [ 6482 (1.22524, 6.98116); 8646 (1.28994, 7.30035); ]
    8050 (18.5012, 0.651899) -> [ 1655 (19.1876, 0.192667); ]
    8052 (14.5258, 18.7811) -> [ 6214 (15.3095, 19.1899); 8423 (16.1432, 19.6753); 9743 (15.7608, 19.4322); ]
    8053 (2.12324, 3.14518) -> [ 6818 (2.20974, 2.26482); 9924 (2.25707, 2.02085); ]
    8054 (22.5632, 18.677) -> [ 2056 (23.9551, 19.9658); ]
    8055 (7.21126, 4.02481) -> [ 181 (8.2764, 2.38393); 1133 (8.08561, 2.65542); 2958 (8.06642, 2.57487); 3063 (7.34088, 3.76922); 3067 (7.68171, 3.26306); 3245 (8.03633, 2.54132); 4639 (8.05828, 2.7195); 6977 (7.66647, 3.27463); 7521 (7.63022, 3.40079); ]
    8057 (7.31494, 3.5368) -> [ ]
    8060 (22.5466, 12.2221) -> [ 2804 (23.0412, 12.3851); 5393 (23.7103, 12.5834); ]
    8061 (10.4963, 3.06037) -> [ 526 (11.6067, 1.90691); 2911 (11.3891, 1.99734); ]
    8063 (3.34925, 17.1249) -> [ 8243 (4.68604, 18.5581); ]
    8065 (1.9451, 9.93916) -> [ 1024 (2.40626, 8.02502); ]
    8067 (1.05627, 23.4033) -> [ 4573 (1.0453, 24.144); ]
    8068 (19.1257, 7.9931) -> [ 8684 (20.5898, 7.77382); ]
    8070 (19.0723, 16.0996) -> [ 1136 (20.4985, 17.4771); 5068 (19.4509, 16.4979); 9247 (19.7274, 16.7469); ]
    8072 (5.82849, 4.79681) -> [ ]
    8073 (9.97066, 19.0716) -> [ 4230 (11.7668, 19.8067); ]
    8074 (2.47433, 14.2193) -> [ 4654 (3.95407, 13.487); 7482 (3.10561, 13.8809); ]
    8076 (17.9245, 5.5883) -> [ ]
    8077 (15.6801, 24.0621) -> [ 3951 (16.6775, 24.7184); ]
    8078 (13.184, 4.38779) -> [ 2408 (14.5349, 3.40422); 2819 (14.3234, 3.46856); ]
    8079 (18.7071, 18.2301) -> [ 2967 (19.0064, 18.6922); ]
    8080 (1.75698, 0.654239) -> [ ]
    8081 (8.64472, 17.1883) -> [ 6445 (9.79546, 17.4846); ]
    8082 (13.3767, 22.3164) -> [ 6927 (14.1293, 22.8003); ]
    8084 (2.7065, 14.321) -> [ 9673 (4.29176, 13.6743); ]
    8086 (18.7407, 2.89509) -> [ 1536 (20.3345, 1.86576); 6998 (19.3728, 2.47523); ]
    8087 (15.1042, 24.9009) -> [ 691 (15.2386, 24.9958); ]
    8089 (7.44575, 10.7266) -> [ 1293 (7.52662, 10.683); 1525 (9.14822, 10.0057); ]
    8090 (22.3285, 12.1154) -> [ 872 (23.7179, 12.5163); 3559 (23.1049, 12.3568); 9410 (23.6987, 12.4785); ]
    8092 (18.1381, 20.7423) -> [ ]
    8093 (10.7414, 20.1589) -> [ ]
    8094 (19.0384, 6.04876) -> [ ]
    8097 (22.5961, 13.3978) -> [ 9557 (24.2025, 14.2855); ]
    8099 (14.9773, 14.916) -> [ 8818 (15.3583, 16.5414); ]
    8100 (7.19136, 3.13104) -> [ 1179 (7.94928, 1.94517); 2317 (7.79833, 2.0661); 8394 (8.09802, 1.60057); 8650 (8.17258, 1.58204); ]
    8101 (13.6037, 9.19213) -> [ 2271 (15.3784, 9.02198); 4329 (15.5592, 8.95449); ]
    8102 (21.1335, 11.7303) -> [ 5459 (21.5161, 11.7899); 8541 (22.6351, 12.0149); ]
    8103 (1.36947, 13.1456) -> [ 2182 (2.01618, 12.3798); 4585 (2.56515, 11.6104); ]
    8104 (1.35363, 9.96645) -> [ 1364 (1.43529, 9.33364); 1816 (1.63207, 8.9397); 2195 (1.42113, 8.75767); 3153 (1.48183, 9.37024); 3519 (1.64248, 8.9417); 4458 (1.60676, 9.1016); 5480 (1.77003, 8.20956); 6009 (1.545, 8.75969); 6294 (1.63945, 8.65509); 6539 (1.48565, 9.03663); 7305 (1.65994, 8.3148); ]
    8105 (11.7583, 3.56753) -> [ 2283 (12.5726, 2.46253); 5486 (12.3186, 2.75304); ]
    8106 (6.56111, 22.0274) -> [ ]
    8107 (22.6007, 17.1345) -> [ 687 (23.8847, 18.585); 1339 (23.5176, 17.7743); 2632 (23.1719, 17.5009); 6756 (24.1122, 18.3421); ]
    8109 (10.8646, 9.27979) -> [ 4126 (12.6805, 8.6853); 6658 (12.3036, 8.86436); ]
    8110 (14.6099, 13.0324) -> [ 1340 (14.9151, 14.4486); 1359 (14.7145, 14.329); 1589 (14.656, 13.7589); 2703 (14.6884, 14.6743); 4027 (14.7482, 14.293); 5129 (14.7233, 13.6752); 5376 (14.4482, 14.5338); 5394 (14.7815, 14.2698); 5887 (14.6812, 13.9912); 6948 (14.5143, 14.9968); 7174 (14.7548, 14.5579); 7590 (14.641, 14.9399); 7647 (14.398, 13.8531); 8099 (14.9773, 14.916); 8507 (14.8212, 14.5248); ]
    8115 (12.593, 4.49146) -> [ 2411 (13.4141, 3.8465); 2945 (13.6143, 3.67793); 6904 (13.5801, 3.67082); ]
    8117 (15.0206, 1.66812) -> [ 876 (16.3273, 0.488826); ]
    8118 (6.62224, 6.28106) -> [ 5236 (7.59974, 4.99659); 7061 (7.66747, 4.92222); ]
    8120 (13.8315, 18.1561) -> [ 1034 (15.184, 18.7614); 5096 (15.2311, 18.6888); 6804 (15.3464, 18.7405); 9826 (15.2055, 18.6693); ]
    8121 (22.5059, 9.13689) -> [ 1284 (24.3789, 9.20439); 9990 (24.2224, 9.10502); ]
    8122 (15.4465, 3.25516) -> [ ]
    8123 (3.80808, 9.32625) -> [ 739 (4.69998, 7.88161); 806 (4.61921, 7.72704); 1030 (4.69345, 7.70643); 3206 (3.92853, 9.06407); 3906 (4.68619, 7.72681); 5663 (4.88025, 7.68402); 9746 (4.69473, 7.9953); ]
    8124 (4.47837, 8.89518) -> [ 1157 (5.51834, 7.21979); 3003 (5.19774, 7.71365); 3727 (5.16472, 7.94744); 7739 (5.50363, 7.45681); ]
    8125 (6.80963, 17.232) -> [ 750 (8.57068, 17.91); 3626 (8.15412, 17.7105); 8742 (7.6336, 17.5649); ]
    8126 (14.0206, 21.4453) -> [ 4556 (14.2784, 21.5859); 4766 (14.9565, 21.9249); ]
    8127 (10.4739, 19.086) -> [ ]
    8128 (11.7993, 22.6208) -> [ 1239 (11.9704, 22.7334); 1749 (12.3905, 23.018); 2117 (12.0698, 22.7842); ]
    8130 (8.04134, 7.67908) -> [ 4825 (9.51105, 6.42244); ]
    8131 (17.2251, 23.0531) -> [ 7042 (18.3605, 23.9735); ]
    8134 (22.1986, 13.251) -> [ 2605 (23.9691, 13.9182); 4143 (23.8307, 13.8548); 4938 (23.8249, 13.8681); ]
    8135 (10.7196, 23.3862) -> [ 1343 (11.645, 24.2052); 2553 (11.5944, 24.1101); ]
    8137 (23.5363, 23.9368) -> [ ]
    8138 (8.87232, 9.45964) -> [ 1172 (10.599, 8.55905); 7723 (10.2044, 8.85877); 9115 (9.83497, 8.97868); 9981 (10.2507, 8.71958); ]
    8140 (13.5897, 4.7783) -> [ ]
    8142 (19.3746, 14.2747) -> [ ]
    8144 (19.607, 23.4775) -> [ 974 (20.2023, 24.731); 3060 (20.0667, 24.9156); 9152 (20.3005, 24.9049); ]
    8146 (6.20235, 23.8294) -> [ 2453 (6.95608, 24.9842); ]
    8148 (20.3186, 8.80336) -> [ ]
    8150 (3.30677, 11.4065) -> [ 5655 (4.26959, 10.2547); ]
    8151 (8.79399, 16.1409) -> [ 937 (9.86393, 16.9925); 2155 (9.12151, 16.4408); 4165 (10.049, 17.1321); 9000 (9.45866, 16.796); 9035 (9.75618, 16.8906); ]
    8152 (10.3254, 17.1825) -> [ 2076 (11.4827, 18.2822); 4636 (11.5283, 18.6225); 5338 (11.1962, 17.9808); 7806 (11.0233, 17.7671); ]
    8153 (0.800881, 20.8423) -> [ 200 (0.711309, 22.1691); 2569 (0.677661, 22.5735); 4327 (0.739755, 22.41); 4637 (0.784867, 21.767); 4951 (0.714251, 21.897); 6807 (0.745447, 22.3896); ]
    8154 (8.22883, 3.95552) -> [ 9653 (9.27728, 2.56788); ]
    8155 (17.4899, 11.4768) -> [ 615 (18.9813, 11.9652); 616 (19.1722, 12.143); ]
    8157 (12.9516, 0.484151) -> [ ]
    8158 (2.44653, 7.9113) -> [ ]
    8159 (2.70206, 1.33347) -> [ 9378 (2.84339, 0.846882); ]
    8160 (6.55161, 5.91035) -> [ 2311 (7.1507, 4.99883); ]
    8162 (1.92129, 15.8611) -> [ 8063 (3.34925, 17.1249); ]
    8163 (7.69451, 20.6152) -> [ 2156 (8.37101, 21.2113); ]
    8164 (10.2732, 2.07728) -> [ 1368 (10.9583, 1.2424); 7235 (11.1581, 0.629723); 9910 (10.6951, 1.52558); ]
    8165 (2.70324, 15.8418) -> [ 2358 (3.9409, 16.4541); 2697 (3.06044, 15.9941); ]
    8166 (4.07579, 7.12766) -> [ 1411 (4.86853, 5.60709); 2571 (4.81218, 5.29013); 4697 (4.91968, 5.62374); 5856 (4.95009, 5.5413); 6084 (4.79763, 5.76129); 6859 (4.8918, 5.68615); 7111 (4.41536, 6.40629); ]
    8167 (5.56904, 4.62237) -> [ 3415 (6.44324, 2.93196); 6877 (6.37688, 3.14538); 7021 (6.38769, 3.14532); 8355 (6.4976, 2.91328); ]
    8168 (14.0041, 6.35722) -> [ 1176 (15.4448, 5.59857); 2530 (15.186, 5.65895); 9560 (15.3217, 5.65376); ]
    8169 (16.9704, 8.12089) -> [ 561 (18.104, 7.84613); 869 (18.5626, 7.88381); 4004 (17.9549, 7.94687); 4547 (18.7504, 7.69631); 5869 (17.9016, 7.96123); 5910 (17.4521, 8.05356); 8965 (17.8326, 7.97127); 9086 (17.9414, 7.96698); ]
    8170 (2.71667, 3.52582) -> [ 8194 (2.87235, 1.70504); ]
    8171 (2.69816, 10.6014) -> [ 255 (3.50708, 9.11677); 2086 (3.24545, 9.66408); ]
    8172 (13.8188, 6.74127) -> [ 8404 (15.4288, 5.86399); ]
    8173 (21.7175, 21.0232) -> [ 5683 (22.6133, 22.2176); ]
    8174 (11.4124, 2.79806) -> [ 9403 (12.2341, 1.99612); ]
    8175 (11.5518, 7.93472) -> [ 1347 (12.2308, 7.57276); ]
    8176 (15.3252, 14.7504) -> [ 5451 (15.6926, 15.908); ]
    8178 (3.08967, 6.34331) -> [ 2527 (3.34835, 5.39454); 7006 (3.30835, 5.61802); 9882 (3.52103, 4.84442); ]
    8179 (14.5511, 7.55644) -> [ 3452 (14.7399, 7.49695); 5301 (15.5595, 7.15925); ]
    8181 (6.1217, 8.17533) -> [ 2256 (7.32891, 6.88274); 3090 (6.85406, 6.44843); 4117 (6.90422, 6.51276); 4671 (7.39663, 6.84859); 4857 (6.87742, 6.47498); ]
    8182 (14.9752, 2.96529) -> [ 4939 (15.1399, 2.817); 9751 (16.4161, 1.86599); ]
    8183 (19.9113, 3.74048) -> [ 435 (21.0338, 3.14009); 459 (20.2467, 3.51689); 517 (21.2174, 2.98653); 9434 (21.3769, 3.04941); ]
    8186 (3.03109, 22.9073) -> [ 1682 (3.54231, 24.6246); 4597 (3.21939, 23.6199); 4854 (3.17127, 23.3822); 6749 (3.34769, 24.2066); 9900 (3.43093, 24.3698); ]
    8189 (16.9634, 17.1621) -> [ 3532 (17.5925, 18.5642); 5025 (17.7471, 18.844); 6661 (17.1806, 17.5934); ]
    8191 (8.87166, 5.8438) -> [ 2561 (10.3097, 4.5249); 9853 (10.2294, 4.59477); ]
    8193 (16.79, 5.86941) -> [ 4401 (18.402, 5.08927); 5137 (17.7589, 5.35043); 5522 (18.2116, 5.08516); 6446 (17.8568, 5.24512); ]
    8194 (2.87235, 1.70504) -> [ 1002 (3.03946, 0.175138); 2351 (3.05851, 0.970173); 3204 (3.00009, 0.530365); 4032 (3.02625, 0.292858); 5229 (3.06185, 0.413161); ]
    8195 (21.0351, 4.91192) -> [ 71 (22.5217, 4.39271); 926 (22.8371, 4.23087); 2562 (22.5456, 4.36844); 2733 (22.8558, 4.21392); 3680 (22.5867, 4.36913); 5389 (22.2894, 4.37434); ]
    8198 (23.9248, 9.97423) -> [ 4686 (24.1259, 9.99405); ]
    8200 (14.4558, 6.74049) -> [ 4464 (15.5225, 6.26739); ]
    8201 (15.8476, 5.97349) -> [ ]
    8202 (11.7853, 2.27736) -> [ 5154 (12.9238, 0.926453); ]
    8203 (19.2871, 0.471646) -> [ ]
    8205 (5.4106, 2.37706) -> [ ]
    8206 (8.4451, 16.0009) -> [ 2754 (8.54144, 16.0521); ]
    8208 (7.83966, 6.86139) -> [ 2604 (8.49027, 6.28831); 4555 (8.78208, 5.99854); ]
    8209 (23.5227, 17.6805) -> [ 151 (24.2493, 18.6265); 4387 (24.3233, 18.6509); ]
    8210 (18.8938, 17.8422) -> [ 136 (19.9844, 19.4758); 6152 (19.8051, 19.1704); 8728 (20.0693, 19.4358); ]
    8211 (6.46093, 8.85756) -> [ 1779 (6.95944, 8.47931); 1794 (7.26427, 8.15281); 4450 (7.68509, 7.65082); 5321 (7.07658, 8.2778); 8224 (7.46349, 7.86934); ]
    8212 (23.0447, 10.9207) -> [ 2771 (24.2717, 11.0993); 3088 (24.2613, 11.0923); 6246 (24.7121, 11.108); 7256 (24.003, 11.0921); 8553 (24.075, 11.0214); ]
    8213 (10.3103, 23.5116) -> [ 5499 (11.3636, 24.4757); ]
    8214 (22.3684, 18.1136) -> [ 4343 (23.533, 19.1717); ]
    8215 (23.4692, 16.4735) -> [ 684 (24.6202, 17.7098); 3583 (24.5015, 17.2706); 3696 (24.7421, 17.7768); 4700 (23.838, 16.7437); 5291 (23.9767, 16.799); 7246 (24.2337, 17.0888); 9850 (24.4333, 17.3405); ]
    8216 (22.8034, 3.60828) -> [ 1062 (24.5147, 2.7873); 1787 (24.0376, 3.06123); 3362 (23.7665, 3.31927); 3711 (23.8639, 3.2018); 3765 (24.4491, 2.99949); 4500 (24.421, 2.84794); 8324 (22.9219, 3.55704); 9079 (24.5363, 2.82993); ]
    8217 (4.51855, 4.30651) -> [ 2816 (4.83865, 3.4577); 9214 (4.98521, 3.14904); ]
    8218 (23.296, 23.2671) -> [ 390 (24.3978, 24.5998); ]
    8220 (9.47251, 19.2513) -> [ 6068 (10.9347, 19.9325); ]
    8221 (15.8868, 23.7544) -> [ ]
    8222 (9.00673, 22.1288) -> [ 540 (10.0223, 23.0909); 5494 (10.0421, 23.1388); 6065 (10.3052, 23.2888); 6212 (10.4886, 23.345); ]
    8223 (5.38278, 5.06508) -> [ 2903 (6.1607, 3.64447); ]
    8224 (7.46349, 7.86934) -> [ ]
    8225 (20.5405, 19.114) -> [ 440 (21.2919, 19.9712); 9431 (20.7994, 19.3779); 9804 (20.8867, 19.5601); 9909 (21.4617, 20.1641); ]
    8228 (16.8961, 14.666) -> [ 1355 (17.7931, 15.9538); 1410 (17.1904, 15.0486); 1789 (17.9129, 15.9941); 3554 (17.3755, 15.2204); 7230 (17.891, 16.1079); ]
    8229 (23.8813, 17.5108) -> [ 179 (24.1054, 17.6736); 197 (24.3403, 17.9084); 5962 (24.3274, 17.8714); ]
    8234 (6.33899, 16.4881) -> [ 4400 (7.50086, 16.9034); ]
    8236 (8.11235, 19.3776) -> [ 5828 (9.7158, 20.3733); 7016 (9.60896, 20.2042); 9437 (9.53017, 20.2393); ]
    8238 (0.526569, 1.9179) -> [ 451 (0.525252, 0.0788501); ]
    8241 (4.89742, 8.25747) -> [ 3401 (6.01463, 6.84223); 5163 (5.58519, 7.2639); ]
    8242 (16.098, 20.4969) -> [ 2831 (16.1649, 20.5241); 6518 (17.0235, 21.1719); ]
    8243 (4.68604, 18.5581) -> [ ]
    8244 (6.28015, 10.9833) -> [ 333 (7.9654, 10.2175); 4870 (6.64647, 10.8447); 9745 (6.89998, 10.7252); ]
    8246 (6.42122, 8.18968) -> [ 1301 (7.29504, 7.22347); 5931 (6.93575, 7.62707); 7446 (7.51452, 6.97267); ]
    8248 (5.85607, 13.03) -> [ 7683 (6.74766, 13.7107); ]
    8249 (15.7233, 1.52842) -> [ 3780 (17.2614, 0.255066); 3883 (16.7248, 0.809848); 4784 (16.9682, 0.481186); 5053 (17.2878, 0.329678); ]
    8250 (11.7848, 23.3475) -> [ 2749 (13.0968, 24.3727); ]
    8252 (14.9477, 7.29444) -> [ 48 (16.7034, 6.54973); 7166 (16.3613, 6.61326); ]
    8253 (19.8022, 22.9097) -> [ 2422 (20.067, 23.4725); ]
    8254 (2.90747, 12.3014) -> [ 2966 (4.24238, 11.3581); 6766 (4.15977, 11.528); 8681 (4.04848, 11.634); ]
    8256 (11.5604, 18.0391) -> [ 1687 (12.6846, 19.0452); 3459 (13.0683, 19.21); 5465 (12.9408, 19.2529); 7641 (12.6608, 18.8641); 7994 (13.0947, 19.2335); 9544 (12.4116, 18.7173); ]
    8257 (7.11929, 8.50944) -> [ 8130 (8.04134, 7.67908); 8431 (7.6153, 8.06585); 9989 (8.38392, 7.44398); ]
    8258 (6.07198, 12.6643) -> [ 5901 (7.51353, 12.5304); 9813 (7.24707, 12.574); 9832 (7.19368, 12.5762); ]
    8259 (14.5435, 12.1746) -> [ 1518 (15.3448, 13.8249); ]
    8260 (20.5132, 6.25465) -> [ 4570 (22.353, 5.68315); ]
    8261 (18.2169, 15.4211) -> [ 4430 (19.2584, 16.5859); 4552 (19.4143, 16.8741); 6316 (18.7484, 16.0157); ]
    8263 (18.4925, 21.2737) -> [ 155 (18.9879, 22.4774); 672 (18.6738, 21.5761); 6498 (18.9341, 22.3368); 8637 (19.3085, 23.0619); ]
    8264 (0.703365, 20.8816) -> [ 727 (0.704779, 20.9245); 1966 (0.513096, 22.8288); 2931 (0.598135, 22.7443); 4485 (0.648963, 21.9024); ]
    8266 (18.7901, 10.7054) -> [ 6137 (19.6737, 10.8524); ]
    8268 (1.3003, 16.0706) -> [ 3311 (1.64464, 17.5158); 6185 (1.71121, 17.6735); ]
    8273 (21.6739, 24.1822) -> [ 4024 (21.9045, 24.6144); ]
    8274 (6.38236, 9.6078) -> [ 2291 (7.4869, 8.80338); 4595 (7.73534, 8.50225); ]
    8275 (10.0917, 5.71871) -> [ 3317 (11.088, 4.86401); ]
    8276 (12.0345, 6.8468) -> [ 7302 (13.3438, 5.99176); 9034 (13.0665, 6.16144); ]
    8277 (17.7808, 19.7132) -> [ 8804 (18.2763, 20.9135); ]
    8278 (5.38945, 11.7729) -> [ 4970 (6.42499, 11.41); 5131 (6.3701, 11.4627); 7427 (6.74215, 11.3755); ]
    8279 (20.2974, 12.3538) -> [ 3082 (21.1721, 12.6439); 3561 (21.6063, 12.8239); 8393 (21.8976, 12.8923); ]
    8280 (23.0335, 23.6918) -> [ 311 (23.8966, 24.9072); 5608 (23.2712, 24.0309); 8828 (23.1603, 23.8595); ]
    8282 (4.47494, 21.2478) -> [ 4919 (5.35597, 22.9002); 5736 (5.36815, 22.9498); 7552 (5.34502, 22.9621); ]
    8285 (0.405992, 11.2784) -> [ 447 (0.215907, 10.799); 718 (0.22636, 10.4824); 1178 (0.0732921, 9.34769); 2866 (0.108779, 9.96962); 4295 (0.342835, 10.9066); 4866 (0.295384, 10.6436); 6418 (0.257627, 10.5714); 6573 (0.154417, 10.6295); 7462 (0.237316, 10.9411); 9980 (0.133096, 9.58191); ]
    8286 (15.3498, 6.43396) -> [ ]
    8287 (5.55097, 2.65093) -> [ 604 (5.96735, 1.5902); 5359 (6.25179, 0.915049); 7688 (6.33562, 0.859713); ]
    8289 (9.20234, 18.5671) -> [ ]
    8290 (3.82688, 15.2386) -> [ 1291 (5.66894, 15.2594); ]
    8291 (6.59104, 6.06605) -> [ ]
    8294 (22.7254, 13.9886) -> [ 1803 (23.5957, 14.7266); ]
    8297 (17.305, 18.2643) -> [ ]
    8298 (2.02133, 10.8755) -> [ 6775 (2.63358, 9.16501); 7762 (2.68524, 9.18675); 9043 (2.78263, 9.26903); ]
    8299 (2.40492, 0.900236) -> [ ]
    8300 (17.1307, 19.7162) -> [ 3644 (17.7966, 21.3043); ]
    8301 (1.43825, 16.032) -> [ 6463 (2.28265, 17.6828); ]
    8302 (3.47165, 14.8233) -> [ 9856 (4.68827, 14.8091); ]
    8303 (22.3591, 10.1991) -> [ 5464 (23.938, 10.2495); ]
    8304 (13.2525, 9.95261) -> [ 6452 (13.5531, 9.98869); 7269 (14.6561, 10.1936); ]
    8305 (19.0312, 13.6954) -> [ 1032 (20.5156, 14.7244); 2153 (20.1795, 14.4166); 9268 (20.0472, 14.3858); ]
    8307 (4.37207, 22.0487) -> [ 4164 (5.01555, 23.5726); 4776 (4.74684, 22.9433); ]
    8309 (3.99832, 8.2156) -> [ 5774 (4.82484, 6.62022); ]
    8310 (11.4442, 22.9806) -> [ 4807 (12.1646, 23.4862); 5842 (12.0729, 23.421); 5896 (12.9235, 24.1024); ]
    8312 (10.2812, 8.6562) -> [ 5739 (11.8159, 7.8433); ]
    8313 (1.56913, 23.0513) -> [ 3366 (1.68335, 24.2547); 5200 (1.65359, 24.4388); ]
    8316 (20.0297, 2.30271) -> [ 3147 (21.5102, 1.34287); 5602 (20.5077, 2.06535); 7165 (21.5239, 1.37279); 8479 (21.0773, 1.65724); ]
    8317 (3.95102, 9.23431) -> [ 166 (4.60382, 8.3086); ]
    8318 (7.61687, 1.64401) -> [ 2139 (8.37423, 0.466133); 2154 (8.35176, 0.417119); 9561 (8.39147, 0.341862); ]
    8319 (12.9894, 3.19798) -> [ 1553 (13.0072, 3.18396); 3722 (13.4776, 2.81586); ]
    8320 (13.968, 6.13672) -> [ 458 (14.6041, 5.75816); 679 (15.1185, 5.44684); ]
    8323 (10.0896, 21.7143) -> [ 1969 (11.4249, 22.6117); 5951 (11.0749, 22.5053); ]
    8326 (21.5474, 21.734) -> [ 4592 (22.19, 22.7169); ]
    8327 (16.6506, 3.78023) -> [ 372 (17.2985, 3.38595); 9174 (17.576, 3.25507); 9190 (18.127, 2.97183); ]
    8328 (3.99183, 1.60895) -> [ 3676 (4.44239, 0.231682); ]
    8329 (14.701, 22.9232) -> [ ]
    8330 (5.75101, 19.8194) -> [ 1875 (6.56331, 20.7352); 4271 (6.75309, 20.7958); 4318 (6.71134, 20.8969); 5230 (6.43415, 20.5915); 7693 (7.08966, 21.1707); 9814 (6.84081, 20.8327); ]
    8333 (12.8973, 19.3167) -> [ 2724 (14.3767, 20.519); ]
    8334 (7.36913, 22.3337) -> [ 5767 (8.75758, 23.7509); ]
    8338 (16.5027, 2.82127) -> [ 2169 (17.5296, 1.99432); 3004 (16.7672, 2.58097); 3018 (17.4795, 2.06266); ]
    8339 (22.0738, 2.38919) -> [ 676 (22.8406, 1.9336); 968 (23.1448, 1.78591); 4899 (22.9639, 1.91858); 5435 (23.2823, 1.75997); ]
    8341 (9.95998, 24.1187) -> [ 2031 (10.6194, 24.7623); 4504 (10.2564, 24.4391); ]
    8343 (5.52379, 10.2143) -> [ 3903 (6.15391, 9.74686); 8274 (6.38236, 9.6078); 8672 (7.00014, 9.20182); ]
    8345 (16.91, 17.5432) -> [ ]
    8346 (1.23521, 10.4269) -> [ 8049 (1.25118, 8.81352); ]
    8347 (8.11038, 16.4507) -> [ 6444 (8.39721, 16.4977); ]
    8348 (20.0477, 22.4415) -> [ 544 (20.6639, 23.581); ]
    8349 (20.1924, 7.02425) -> [ 3210 (22.092, 6.5559); ]
    8351 (15.3814, 6.19913) -> [ 281 (16.5931, 5.64824); 1035 (16.8909, 5.48432); 1927 (15.7714, 6.01966); 3298 (16.0245, 5.92317); 7267 (17.019, 5.46231); 8201 (15.8476, 5.97349); ]
    8352 (19.7952, 0.806544) -> [ 1574 (20.5661, 0.305357); 4910 (20.251, 0.466686); 7100 (20.5986, 0.294706); ]
    8356 (15.7024, 15.9957) -> [ 425 (16.1159, 17.4485); ]
    8359 (22.0658, 3.01448) -> [ 323 (23.4572, 2.33093); 3165 (23.2914, 2.4802); 9670 (22.6829, 2.71582); ]
    8360 (0.869356, 16.194) -> [ 658 (0.690345, 17.8309); 685 (0.82919, 17.0707); 929 (0.644125, 17.6257); 3830 (0.683033, 18.1393); 5658 (0.798873, 17.3132); 7488 (0.795296, 17.4854); 8636 (0.751485, 17.8523); ]
    8362 (14.9924, 16.652) -> [ 3889 (15.085, 17.7991); 6601 (15.1181, 17.704); 7861 (15.1932, 18.207); ]
    8364 (7.13233, 1.19048) -> [ ]
    8365 (3.94843, 8.39589) -> [ 302 (4.63141, 7.09775); 7635 (4.63512, 7.18739); ]
    8367 (15.1446, 9.3995) -> [ 66 (16.9114, 9.39763); 4912 (17.0454, 9.20244); ]
    8369 (14.5018, 7.63715) -> [ 3390 (16.1084, 6.95364); 6243 (16.2015, 6.93015); ]
    8373 (10.2812, 3.9702) -> [ 8174 (11.4124, 2.79806); 8682 (11.6408, 2.51934); ]
    8374 (1.28154, 19.9849) -> [ 9950 (1.32093, 20.5884); ]
    8375 (21.0468, 14.4509) -> [ 3745 (21.2863, 14.6562); 3879 (22.182, 15.1945); 8879 (21.8337, 14.9224); 9189 (22.2978, 15.2326); ]
    8376 (2.6161, 20.6794) -> [ 6219 (2.72925, 21.1609); 7512 (2.98279, 22.2863); ]
    8377 (8.04939, 20.8089) -> [ 8231 (9.54467, 22.0883); ]
    8378 (6.8193, 1.91712) -> [ 2130 (7.6027, 0.342439); 5493 (7.04024, 1.55807); 5553 (7.57165, 0.39238); 8453 (7.47171, 0.794466); ]
    8380 (10.9972, 16.7403) -> [ 1530 (12.7425, 17.3137); 9164 (12.8558, 17.009); ]
    8382 (5.94817, 9.51674) -> [ 520 (7.31161, 8.30594); 4606 (6.62736, 8.89285); 8257 (7.11929, 8.50944); ]
    8384 (15.2483, 14.7871) -> [ 6348 (15.7032, 16.5548); 9839 (15.7591, 16.45); ]
    8385 (22.2237, 13.0417) -> [ 5634 (23.0383, 13.3239); ]
    8390 (3.321, 19.7595) -> [ 7280 (3.93357, 21.1514); ]
    8392 (16.3491, 13.9789) -> [ 6778 (16.5624, 14.2276); ]
    8393 (21.8976, 12.8923) -> [ 6020 (23.417, 13.3461); ]
    8395 (22.4456, 18.1639) -> [ 5437 (23.5302, 19.0551); ]
    8396 (17.2918, 23.0688) -> [ 4410 (18.6807, 24.185); ]
    8397 (20.8443, 8.42564) -> [ 535 (22.7563, 8.23587); 721 (22.3558, 8.29876); 2692 (22.1374, 8.219); 5403 (22.4171, 8.2607); 6298 (22.5673, 8.17742); 6922 (22.4197, 8.27713); 7603 (22.2047, 8.23478); 8192 (22.4699, 8.20924); ]
    8398 (7.12451, 1.93815) -> [ 452 (7.89479, 0.405333); 2539 (7.80606, 0.599351); ]
    8400 (4.70211, 20.1527) -> [ 7987 (5.57855, 21.3695); ]
    8401 (19.7517, 10.8064) -> [ 1882 (20.93, 11.0056); 3246 (21.0449, 11.0214); 3809 (21.1543, 11.0026); 6439 (21.546, 11.1781); 6943 (21.3259, 10.9498); 8616 (21.7055, 11.176); ]
    8403 (15.2794, 9.54094) -> [ 802 (17.1015, 9.64367); 3990 (16.5471, 9.66053); ]
    8404 (15.4288, 5.86399) -> [ 9519 (16.2953, 5.34873); ]
    8405 (14.2959, 22.6667) -> [ 1873 (15.6311, 23.4436); ]
    8407 (5.99444, 1.33597) -> [ 429 (6.30964, 0.690973); ]
    8408 (2.62922, 4.42397) -> [ 186 (2.92746, 2.5121); 196 (2.88921, 2.77925); 1031 (2.91153, 2.48933); 6343 (2.95603, 2.58528); ]
    8409 (11.2993, 4.3594) -> [ 1184 (12.3646, 3.50829); 3629 (12.5776, 3.27146); 7053 (12.6109, 3.10464); ]
    8412 (22.8488, 19.3157) -> [ 4352 (24.1291, 20.4145); 5455 (24.0976, 20.4001); 5533 (23.3672, 19.7971); 6953 (23.2289, 19.6521); ]
    8413 (11.3279, 20.3734) -> [ 3330 (12.1605, 20.7935); 7863 (12.8818, 21.2108); 8566 (12.9768, 21.2255); 9338 (12.4056, 20.9374); ]
    8414 (5.86088, 5.47057) -> [ 3580 (6.03136, 5.20619); 3651 (6.7793, 3.78967); 6590 (6.68961, 3.92902); 7060 (6.55119, 4.14035); ]
    8415 (1.15847, 23.844) -> [ 3623 (1.20907, 24.9625); ]
    8416 (5.0072, 18.4966) -> [ 8657 (6.41055, 19.7339); ]
    8418 (19.257, 11.3752) -> [ 6557 (21.0143, 11.7321); 8011 (21.1288, 11.7648); ]
    8420 (20.5957, 6.68889) -> [ 6087 (22.5142, 6.17511); ]
    8421 (17.8314, 8.6643) -> [ 1358 (19.5346, 8.45525); ]
    8426 (14.3181, 11.2919) -> [ 1644 (15.3092, 12.5684); 5813 (15.3486, 12.6009); 8361 (15.2061, 12.3272); ]
    8429 (5.19344, 21.6338) -> [ 598 (5.98824, 22.8521); 4348 (5.46486, 22.053); 6611 (6.22742, 23.2667); 8460 (5.89895, 22.8198); 9095 (6.02979, 23.1273); ]
    8431 (7.6153, 8.06585) -> [ 6925 (9.04742, 6.83678); ]
    8432 (3.3547, 22.9929) -> [ 623 (3.3777, 23.1227); 1480 (3.69926, 24.4685); 1497 (3.71932, 24.5464); 1513 (3.54704, 24.0258); ]
    8434 (9.84443, 9.19868) -> [ 428 (11.6277, 8.36735); 4434 (11.3496, 8.40623); ]
    8436 (18.5144, 11.1578) -> [ 1040 (19.3024, 11.288); 3260 (20.3425, 11.5072); 4393 (20.0361, 11.5114); 7326 (20.0007, 11.3719); 7436 (19.3517, 11.3446); 7551 (19.0617, 11.2881); ]
    8438 (20.9025, 16.7146) -> [ 175 (21.4353, 17.1679); 1452 (22.1632, 17.9283); 4960 (22.276, 17.8786); ]
    8439 (18.7745, 15.7189) -> [ 176 (20.0422, 16.9569); 675 (19.0859, 16.0509); 5119 (19.4627, 16.4167); 6559 (19.5631, 16.4305); ]
    8440 (21.236, 21.736) -> [ 5088 (21.4305, 22.1374); ]
    8443 (11.7921, 18.3719) -> [ 19 (13.1526, 19.5551); 276 (13.244, 19.4954); 1208 (12.9845, 19.34); 7849 (12.0027, 18.5623); 8333 (12.8973, 19.3167); ]
    8445 (19.5438, 16.689) -> [ 5979 (20.074, 17.3129); 6250 (20.8818, 18.0516); 7058 (20.9, 18.0556); ]
    8446 (8.39626, 9.32897) -> [ 195 (9.96033, 8.40363); 2361 (9.39536, 8.8088); 8523 (9.92339, 8.54611); ]
    8448 (21.6052, 8.60618) -> [ 837 (23.2379, 8.39178); 2294 (22.7127, 8.45938); 2893 (23.0531, 8.44512); ]
    8450 (6.30455, 21.7722) -> [ 3225 (7.1857, 22.9334); 3547 (7.22918, 22.9937); 8675 (7.3324, 22.9613); 9708 (7.43023, 23.1999); ]
    8451 (15.3383, 15.6743) -> [ 943 (15.881, 17.3709); 4017 (15.5531, 16.5112); 4565 (15.5879, 16.4371); 4680 (15.6783, 16.8644); ]
    8454 (6.95585, 13.0691) -> [ 6692 (7.60442, 14.0779); ]
    8455 (16.8212, 16.2947) -> [ 2824 (17.0545, 16.7502); 3458 (17.6165, 17.7769); 4062 (17.0068, 16.6836); 7205 (17.4138, 17.3602); 7942 (17.1472, 16.9207); ]
    8456 (18.6169, 23.0676) -> [ ]
    8457 (21.4225, 3.81842) -> [ 314 (22.8904, 3.13997); 649 (22.2643, 3.45814); 3447 (23.1061, 2.87985); 4037 (22.3208, 3.36595); ]
    8458 (10.7055, 6.51764) -> [ 50 (12.1956, 5.48345); ]
    8460 (5.89895, 22.8198) -> [ 5022 (6.70412, 24.1201); ]
    8461 (20.2082, 5.11628) -> [ 1447 (21.6933, 4.4501); 6931 (21.7381, 4.41756); ]
    8463 (5.54577, 12.3807) -> [ ]
    8464 (16.6953, 8.76576) -> [ 8421 (17.8314, 8.6643); 9093 (18.4981, 8.54514); ]
    8467 (4.129, 6.56318) -> [ ]
    8468 (22.0272, 1.78694) -> [ 717 (23.7512, 0.814154); 1878 (23.0335, 1.2635); 6820 (23.1763, 1.1282); 8496 (23.1833, 1.1649); ]
    8469 (23.0793, 19.9029) -> [ 757 (23.7769, 20.7196); 2054 (24.0786, 20.8782); 6012 (23.649, 20.4428); ]
    8470 (13.1799, 4.77845) -> [ 5156 (14.813, 3.68995); ]
    8471 (6.51536, 15.528) -> [ 9769 (7.41286, 15.6478); ]
    8474 (23.3197, 23.6725) -> [ ]
    8476 (7.62276, 14.2504) -> [ ]
    8477 (13.1157, 19.0547) -> [ 3947 (14.0268, 19.7029); ]
    8478 (22.3509, 8.09976) -> [ 746 (24.306, 7.74169); 2637 (24.131, 7.77722); ]
    8479 (21.0773, 1.65724) -> [ 3762 (22.6813, 0.716971); 8733 (22.1325, 0.970164); ]
    8480 (17.8898, 2.22349) -> [ ]
    8481 (7.11653, 2.5665) -> [ 8318 (7.61687, 1.64401); ]
    8482 (16.862, 7.1175) -> [ 44 (18.627, 6.51282); 3656 (18.3033, 6.68852); 8784 (18.534, 6.5823); ]
    8483 (21.821, 17.288) -> [ 1559 (23.3096, 18.5257); 9269 (23.0474, 18.2239); ]
    8484 (21.8427, 20.7487) -> [ ]
    8485 (18.1007, 3.69764) -> [ 1956 (18.4364, 3.5177); 9486 (19.5737, 2.8916); ]
    8486 (19.6109, 4.84414) -> [ 2212 (21.2603, 4.13914); 9830 (20.9554, 4.25358); ]
    8487 (23.7034, 3.91694) -> [ 6830 (24.2569, 3.72858); 7617 (24.4292, 3.65441); ]
    8488 (1.1921, 1.89078) -> [ 3023 (1.04537, 0.593496); 3763 (1.09513, 1.21495); ]
    8489 (23.2916, 9.67687) -> [ ]
    8491 (6.89917, 19.279) -> [ 2087 (8.49183, 20.3608); 3625 (8.07448, 20.0881); ]
    8492 (16.2673, 22.567) -> [ ]
    8493 (7.23796, 10.5869) -> [ 2362 (8.97932, 9.78342); 6252 (7.69503, 10.4015); ]
    8495 (4.01653, 15.5198) -> [ 1799 (5.89692, 15.8663); 5960 (5.67244, 15.8277); 8012 (5.80112, 15.7894); 8714 (5.44313, 15.8411); 9499 (5.19411, 15.7638); ]
    8496 (23.1833, 1.1649) -> [ 3966 (24.0476, 0.67428); 5402 (23.8532, 0.786643); ]
    8497 (19.5517, 2.82028) -> [ 1270 (20.3202, 2.39526); ]
    8499 (2.31587, 3.09833) -> [ 8184 (2.52401, 1.46386); ]
    8504 (0.226425, 6.3518) -> [ 6797 (0.025159, 4.99421); 7672 (0.0137383, 4.63978); ]
    8506 (11.9034, 8.84123) -> [ 856 (13.3286, 8.34966); 1892 (13.2502, 8.30721); ]
    8507 (14.8212, 14.5248) -> [ 988 (15.1544, 16.2323); 9272 (14.9893, 15.5919); ]
    8508 (1.70706, 14.7509) -> [ 5758 (3.47204, 14.343); 6794 (3.59058, 14.3291); 8663 (3.4832, 14.1123); ]
    8509 (3.1993, 16.7334) -> [ 2114 (4.24811, 17.6828); 4562 (4.22753, 17.6626); 7242 (4.36966, 17.647); ]
    8510 (14.9454, 9.7617) -> [ 33 (16.0611, 9.88282); 5423 (16.8717, 9.94563); 5648 (16.4751, 9.96664); ]
    8513 (12.0856, 21.6428) -> [ 3597 (13.5749, 22.5189); 5568 (13.6078, 22.6373); ]
    8514 (1.41406, 17.4039) -> [ 2044 (1.56719, 18.5586); 2666 (1.62462, 18.8677); 3517 (1.54928, 18.4532); 6106 (1.56704, 18.6206); 7606 (1.63493, 18.7967); ]
    8515 (2.13847, 18.208) -> [ 4044 (2.585, 19.4044); 4800 (2.66375, 19.6206); ]
    8516 (8.84027, 8.18269) -> [ ]
    8517 (17.5101, 10.3474) -> [ 4028 (19.147, 10.7326); ]
    8518 (9.66993, 3.65689) -> [ ]
    8520 (2.27515, 2.34283) -> [ 8884 (2.49619, 0.393009); ]
    8525 (18.8925, 23.5021) -> [ ]
    8527 (18.8984, 18.7259) -> [ 2609 (19.732, 20.0791); 3047 (19.8751, 20.2709); 4154 (19.0436, 18.9864); ]
    8529 (4.59492, 20.4369) -> [ ]
    8530 (20.9386, 21.8644) -> [ 106 (21.9719, 23.3958); 2078 (21.7795, 23.1983); 4966 (21.8989, 23.3044); 8968 (21.7488, 23.0093); ]
    8531 (15.85, 7.60354) -> [ ]
    8532 (1.00225, 22.9604) -> [ 1155 (0.926531, 24.1414); 2015 (0.964598, 24.615); 3367 (0.92146, 24.8455); 4802 (0.906677, 24.6912); 5028 (0.979739, 24.4512); 5453 (0.936034, 24.5718); 6762 (0.982847, 24.2845); ]
    8533 (10.2377, 8.13742) -> [ 5706 (11.5686, 7.33241); 6064 (11.7105, 7.33817); 7820 (11.429, 7.42313); 7870 (11.4617, 7.47926); ]
    8534 (12.8694, 6.80369) -> [ 519 (13.3538, 6.59948); 1774 (13.2828, 6.56995); 3807 (14.3053, 6.0135); 4040 (14.5266, 5.86103); ]
    8536 (18.4948, 7.32883) -> [ 4701 (20.0921, 6.85152); 9358 (20.2232, 6.85843); ]
    8537 (5.83487, 7.31616) -> [ 2464 (6.63237, 6.38839); 3977 (6.90338, 5.9672); 5189 (7.02916, 5.89813); 7152 (6.83177, 6.09271); ]
    8538 (19.4642, 5.61092) -> [ 5140 (20.3613, 5.30909); ]
    8539 (11.4462, 5.00339) -> [ 2288 (12.362, 4.22732); 2339 (12.434, 4.25536); 2710 (11.9402, 4.59577); 2861 (12.3005, 4.30308); 2954 (12.1007, 4.43225); 2996 (12.1432, 4.47629); 3572 (12.3859, 4.28768); 8853 (12.5828, 4.14392); ]
    8540 (11.3897, 21.139) -> [ ]
    8541 (22.6351, 12.0149) -> [ 928 (24.3189, 12.281); 1800 (23.7457, 12.1731); ]
    8544 (10.6705, 5.70774) -> [ ]
    8545 (20.3247, 23.9144) -> [ 2098 (20.7313, 24.6137); 5090 (20.8545, 24.9209); 6187 (20.8213, 24.8246); ]
    8547 (5.24947, 19.6035) -> [ 987 (6.57166, 21.0897); ]
    8549 (23.5193, 6.63916) -> [ 1622 (24.8248, 6.29111); ]
    8550 (6.92747, 9.00243) -> [ 2009 (8.27824, 8.05463); 8641 (7.95993, 8.29281); ]
    8551 (13.1165, 21.087) -> [ 1199 (13.9454, 21.4939); 9996 (14.2627, 21.6175); ]
    8552 (7.61194, 1.16227) -> [ 9213 (8.03836, 0.470992); ]
    8555 (4.0455, 18.3655) -> [ 1647 (4.86762, 19.356); ]
    8556 (14.0868, 1.97829) -> [ 4420 (14.9373, 1.22379); ]
    8557 (24.1739, 21.5753) -> [ 6941 (24.8954, 22.4451); ]
    8558 (22.9797, 18.4255) -> [ 1782 (24.3854, 19.7236); ]
    8560 (20.7622, 20.2647) -> [ 369 (21.4502, 21.1897); 1788 (21.7196, 21.5454); 2844 (21.5806, 21.4568); 3194 (21.5575, 21.3555); 4192 (21.8237, 21.619); 6669 (21.3305, 21.1304); 7589 (21.473, 21.2487); ]
    8561 (11.6133, 1.6283) -> [ 673 (12.2166, 0.884933); 7507 (12.8383, 0.0876829); ]
    8562 (5.27087, 0.260489) -> [ ]
    8563 (21.9976, 9.71652) -> [ 8388 (23.7994, 9.87082); ]
    8564 (4.60512, 5.06135) -> [ 9738 (5.26751, 3.69962); ]
    8565 (19.3967, 12.6786) -> [ 3132 (20.5781, 13.1557); ]
    8566 (12.9768, 21.2255) -> [ 1916 (14.6701, 22.2039); 4232 (14.2968, 21.8577); 9595 (14.4549, 21.9672); ]
    8568 (20.9673, 20.3616) -> [ ]
    8569 (7.05938, 19.8616) -> [ 7976 (7.97516, 20.6558); ]
    8572 (11.3893, 4.09682) -> [ 6694 (12.5132, 3.13784); ]
    8575 (8.43822, 9.04785) -> [ 1158 (9.84115, 8.37014); 2918 (8.8845, 8.81487); 7191 (10.1479, 8.04109); ]
    8576 (3.05115, 21.2094) -> [ 2188 (3.66238, 22.9853); ]
    8577 (10.3805, 16.9321) -> [ 2507 (10.6619, 17.1139); 2612 (11.7807, 17.9706); 5282 (11.8011, 17.9475); ]
    8578 (4.7485, 15.1378) -> [ 4152 (6.25478, 15.2326); 5418 (6.45575, 15.2662); 5919 (6.4385, 15.2654); ]
    8581 (16.4694, 4.60315) -> [ 2246 (17.5933, 3.99377); 3220 (17.4829, 4.07426); 3403 (17.721, 3.82034); 5645 (18.0875, 3.61444); 8485 (18.1007, 3.69764); ]
    8584 (0.341443, 4.42038) -> [ 587 (0.338966, 3.20488); 2992 (0.350298, 3.71258); 5957 (0.29478, 2.83997); ]
    8585 (16.2275, 10.7834) -> [ 1087 (17.1507, 11.0187); 6689 (18.0459, 11.3423); ]
    8586 (10.6495, 4.37694) -> [ 4346 (11.8818, 3.40177); 4668 (12.067, 3.02772); ]
    8587 (18.8228, 6.64767) -> [ ]
    8588 (15.0113, 11.1038) -> [ 6614 (16.751, 11.9701); 9594 (15.5789, 11.3994); ]
    8589 (22.207, 14.5023) -> [ ]
    8592 (2.39592, 8.64582) -> [ 6344 (3.06806, 6.79539); ]
    8595 (19.357, 7.70756) -> [ 898 (21.2032, 7.41431); 3235 (20.4404, 7.49604); 4516 (20.254, 7.50706); ]
    8596 (17.5855, 3.86598) -> [ 4891 (19.2662, 2.88124); 5806 (19.0726, 3.04932); ]
    8597 (2.17156, 15.9227) -> [ 145 (3.676, 17.1512); 8509 (3.1993, 16.7334); ]
    8598 (18.7, 12.1475) -> [ 7299 (19.656, 12.5491); ]
    8600 (12.5906, 20.5152) -> [ 490 (13.6942, 20.9938); 5254 (14.3705, 21.3094); 6032 (14.2783, 21.369); 7308 (13.3185, 20.9064); 8613 (12.758, 20.6163); ]
    8602 (8.33949, 20.4102) -> [ 91 (9.59389, 21.3143); 5222 (9.75789, 21.46); ]
    8603 (20.2024, 19.1683) -> [ 4146 (21.1645, 20.3799); 9663 (20.762, 19.8446); ]
    8604 (1.15192, 20.8797) -> [ 4847 (1.18595, 21.8119); ]
    8608 (10.6367, 17.0092) -> [ 1070 (12.238, 18.1122); 3985 (11.7635, 17.7597); 4373 (12.1334, 17.9662); 9493 (12.2206, 18.0785); ]
    8609 (14.4533, 9.6879) -> [ 9986 (16.0788, 9.77631); ]
    8610 (13.3234, 4.04314) -> [ 546 (14.3862, 3.26538); 1021 (14.8262, 2.90016); 3487 (14.4748, 3.12589); ]
    8612 (18.4451, 16.4486) -> [ 8839 (19.1842, 17.2908); ]
    8614 (11.1885, 17.5627) -> [ 4561 (11.4556, 17.7425); 6217 (11.9115, 18.0853); ]
    8616 (21.7055, 11.176) -> [ 1896 (21.9837, 11.2242); 3187 (22.1695, 11.21); ]
    8618 (1.15882, 14.6717) -> [ 5578 (1.74121, 12.8134); ]
    8619 (19.4277, 16.6985) -> [ 486 (20.0929, 17.4234); 1742 (20.1413, 17.6015); 7361 (20.7077, 18.0663); ]
    8620 (22.2269, 9.71086) -> [ 5256 (23.9798, 9.71748); ]
    8621 (4.94214, 17.0282) -> [ 940 (6.28459, 17.7978); ]
    8622 (18.0185, 9.57597) -> [ 4212 (19.1991, 9.62056); 4283 (19.844, 9.70026); 9828 (19.7552, 9.5846); ]
    8623 (23.1989, 23.284) -> [ ]
    8624 (5.88701, 18.8039) -> [ 5972 (6.78815, 19.4524); ]
    8625 (7.65298, 11.4683) -> [ 3154 (7.73761, 11.4525); ]
    8628 (23.0956, 20.1623) -> [ 148 (23.4484, 20.4769); 5786 (23.2299, 20.3225); 9055 (23.9176, 20.9541); ]
    8629 (1.83648, 5.11995) -> [ 8053 (2.12324, 3.14518); ]
    8631 (7.58414, 14.8792) -> [ 783 (8.66034, 16.0652); 4190 (9.08756, 16.1807); ]
    8632 (22.2866, 9.13072) -> [ 7561 (23.8065, 9.06626); ]
    8633 (3.75098, 7.51515) -> [ ]
    8634 (4.87088, 19.1965) -> [ 11 (5.81793, 20.0293); 1445 (6.20331, 20.3614); 4856 (5.79009, 20.0612); 5606 (6.20703, 20.4812); 5841 (5.32769, 19.6492); 5858 (5.30543, 19.5947); 8547 (5.24947, 19.6035); ]
    8635 (14.8861, 18.819) -> [ 9748 (15.9563, 19.3512); ]
    8636 (0.751485, 17.8523) -> [ 4944 (0.630509, 19.1187); ]
    8637 (19.3085, 23.0619) -> [ ]
    8638 (9.43139, 20.3611) -> [ 2720 (11.0519, 21.5182); 4112 (10.3153, 20.9227); ]
    8639 (14.0727, 11.287) -> [ 3353 (15.0715, 12.8816); 3590 (14.5568, 12.2407); 8259 (14.5435, 12.1746); ]
    8640 (9.38378, 6.1053) -> [ 4635 (10.5679, 5.15129); ]
    8641 (7.95993, 8.29281) -> [ 7032 (8.94744, 7.5608); ]
    8642 (23.642, 11.7505) -> [ ]
    8643 (4.27509, 5.19952) -> [ ]
    8644 (1.83233, 3.61702) -> [ 2251 (1.97446, 2.394); 6038 (2.10265, 1.94316); 6919 (1.89465, 2.17519); ]
    8645 (16.9357, 22.6721) -> [ 8559 (18.0214, 23.6493); 9031 (17.8732, 23.4167); ]
    8646 (1.28994, 7.30035) -> [ 1720 (1.35295, 5.75831); 4313 (1.32157, 6.2148); 7917 (1.29819, 6.76648); 9007 (1.25501, 6.74341); 9290 (1.40397, 6.05653); ]
    8648 (10.6159, 16.8888) -> [ 433 (11.3477, 17.2325); 2806 (12.1819, 17.8824); 3738 (10.9548, 17.0906); 4181 (12.1415, 17.7096); 4695 (12.1095, 17.7949); 5566 (11.3602, 17.3597); 5748 (12.1695, 17.8072); 6606 (12.2776, 17.8744); ]
    8649 (11.4134, 21.5626) -> [ 9052 (12.5758, 22.3017); ]
    8650 (8.17258, 1.58204) -> [ 8336 (9.01684, 0.281869); ]
    8651 (18.0708, 24.2288) -> [ 454 (18.7157, 24.4926); 6835 (19.2662, 24.7933); 7885 (19.4384, 24.9976); 7959 (19.2886, 24.9164); ]
    8655 (8.53165, 24.613) -> [ 2826 (8.75929, 24.8863); ]
    8657 (6.41055, 19.7339) -> [ 321 (6.53472, 19.8512); 6681 (7.17177, 20.3443); 6688 (7.08213, 20.2566); ]
    8658 (4.59136, 9.06612) -> [ 271 (5.66927, 7.77946); 1402 (5.41202, 7.73231); 1805 (5.27455, 8.17188); 2309 (5.73877, 7.7072); 4123 (5.71197, 7.60151); 4268 (5.068, 8.68074); 5387 (5.76058, 7.50067); 6291 (4.89911, 8.44181); 6466 (5.56115, 7.99726); 7145 (5.02998, 8.50356); ]
    8659 (6.41666, 16.5041) -> [ 9952 (7.45955, 16.7816); ]
    8660 (20.6108, 1.11482) -> [ 3747 (21.0323, 0.847509); 6811 (20.915, 0.935335); ]
    8666 (5.0795, 8.90831) -> [ 903 (5.73682, 7.93391); 7085 (5.68481, 8.08538); ]
    8667 (22.173, 16.4458) -> [ ]
    8668 (22.1081, 14.4924) -> [ 325 (22.4568, 14.6738); 1004 (22.6767, 14.896); 1315 (22.8052, 15.0717); 5676 (23.321, 15.4675); 6834 (23.4762, 15.5387); 9218 (23.5638, 15.6396); ]
    8669 (19.9099, 9.83575) -> [ ]
    8671 (5.97507, 8.98641) -> [ 1943 (6.3534, 8.67076); ]
    8672 (7.00014, 9.20182) -> [ 722 (8.62364, 8.04862); 3185 (7.75703, 8.70647); 6503 (8.15236, 8.44806); 9203 (7.93177, 8.57045); ]
    8673 (4.37672, 21.1046) -> [ 1116 (5.33941, 22.8538); 2713 (5.13673, 22.4997); 3108 (4.5784, 21.4933); 6098 (4.94323, 22.1397); ]
    8674 (20.2479, 18.9629) -> [ 254 (20.8353, 19.7028); 3197 (20.6653, 19.4346); 3839 (21.3389, 20.2788); 4105 (20.5093, 19.2444); 7695 (20.9811, 19.9077); ]
    8675 (7.3324, 22.9613) -> [ 5702 (8.06866, 23.8892); ]
    8676 (1.9157, 10.6719) -> [ 2803 (2.46104, 8.97903); 7982 (2.65746, 8.82523); ]
    8678 (2.20932, 22.4351) -> [ 3690 (2.4199, 23.4949); 4404 (2.56369, 24.3018); 5084 (2.44546, 23.8132); 7529 (2.50478, 23.863); 8997 (2.33603, 23.0911); ]
    8679 (18.9668, 13.5784) -> [ 3322 (19.8591, 14.0059); 3957 (19.4406, 13.8764); 4478 (19.8101, 13.9828); 4748 (19.4607, 13.8975); ]
    8681 (4.04848, 11.634) -> [ 993 (5.5089, 10.7737); 9957 (4.91153, 11.1139); ]
    8682 (11.6408, 2.51934) -> [ 1385 (11.9527, 2.18388); 1439 (12.2646, 1.91993); 7475 (12.2725, 1.80906); ]
    8683 (5.10327, 22.1401) -> [ 5799 (6.03078, 23.8704); ]
    8684 (20.5898, 7.77382) -> [ 8045 (21.5431, 7.60754); ]
    8685 (3.62909, 5.73588) -> [ ]
    8687 (8.51586, 2.93785) -> [ 1935 (9.37343, 1.48451); ]
    8689 (0.987979, 13.2063) -> [ 5995 (1.1501, 11.5571); 7951 (1.01784, 11.5192); ]
    8691 (18.0794, 21.0775) -> [ 6975 (18.7024, 22.6186); ]
    8692 (16.3726, 7.10858) -> [ 3056 (18.1757, 6.40024); 3717 (17.5206, 6.697); ]
    8695 (3.97231, 22.0863) -> [ 567 (4.83782, 23.8883); ]
    8698 (19.6556, 2.89464) -> [ 3346 (21.0935, 2.07371); ]
    8699 (6.26716, 22.7042) -> [ 2062 (6.84816, 23.53); 4647 (7.08165, 23.8817); 4753 (6.58345, 23.0898); 7584 (6.98763, 23.7325); ]
    8701 (15.8865, 1.78885) -> [ 1015 (17.0196, 0.879175); 1663 (16.665, 1.21393); 4338 (16.5151, 1.18392); 7253 (17.2664, 0.755498); ]
    8702 (21.6589, 18.801) -> [ 1122 (22.7555, 19.915); 1776 (22.4147, 19.5839); 3819 (23.0051, 20.0731); 5325 (22.7166, 19.7262); 8628 (23.0956, 20.1623); ]
    8703 (3.15325, 10.4183) -> [ 1977 (4.23022, 8.88234); 3993 (3.96385, 8.85469); 5762 (4.02041, 9.19186); 8317 (3.95102, 9.23431); ]
    8704 (11.7692, 1.94376) -> [ ]
    8705 (18.3739, 8.16582) -> [ 2454 (19.754, 8.03763); 3324 (19.1342, 8.05595); 3333 (19.343, 7.99508); 9552 (19.3917, 8.03); ]
    8707 (15.2188, 22.3108) -> [ 402 (16.6294, 22.9431); ]
    8708 (20.1987, 19.9096) -> [ 2886 (21.1318, 21.1937); 5369 (20.9505, 20.9814); 6433 (20.7776, 20.6186); ]
    8709 (10.8647, 9.49843) -> [ 1114 (11.572, 9.49554); 1481 (11.2736, 9.43481); 2833 (12.6559, 9.49941); ]
    8710 (3.90837, 0.898785) -> [ 3541 (4.05718, 0.36963); 7901 (4.03925, 0.257853); ]
    8711 (8.29261, 4.78245) -> [ 112 (9.28993, 3.59282); 6086 (9.4165, 3.40106); ]
    8712 (15.2086, 13.9415) -> [ 3229 (15.7758, 15.512); 3616 (15.5988, 14.7087); 4257 (15.6684, 15.2421); 5735 (15.6015, 15.1243); 5793 (15.4956, 14.5869); ]
    8713 (21.6869, 12.5083) -> [ 9795 (22.1242, 12.6457); ]
    8716 (2.37329, 22.2738) -> [ 716 (2.46237, 22.9564); 833 (2.66163, 23.7998); 1173 (2.5051, 22.9029); 3482 (2.37534, 22.2979); 5878 (2.38023, 22.3006); 7027 (2.467, 22.8737); ]
    8717 (7.11234, 18.1094) -> [ 4378 (8.63065, 18.8826); 4507 (8.19027, 18.6555); 5183 (8.40873, 18.7696); 6157 (8.31506, 18.7527); 6397 (8.46463, 18.7673); 7888 (8.43993, 18.7892); ]
    8718 (9.50802, 2.05754) -> [ ]
    8719 (21.2036, 17.7182) -> [ 1346 (21.5305, 18.0333); 4508 (22.1154, 18.586); 4811 (21.709, 18.2161); ]
    8722 (5.58592, 14.0674) -> [ 446 (6.02592, 14.3136); ]
    8723 (19.1439, 17.356) -> [ 5543 (20.3344, 18.9526); ]
    8724 (12.0704, 18.0743) -> [ 17 (12.9666, 18.7145); 4793 (13.1656, 18.8306); 8904 (13.0166, 18.7509); ]
    8725 (22.0174, 11.6161) -> [ ]
    8726 (14.628, 8.63255) -> [ ]
    8727 (24.5431, 16.0903) -> [ ]
    8728 (20.0693, 19.4358) -> [ 3707 (20.3318, 19.8218); 4924 (21.0665, 20.7828); 8018 (21.0945, 20.9329); ]
    8729 (14.4476, 3.70013) -> [ 3646 (15.5377, 2.86459); ]
    8730 (9.59908, 3.05577) -> [ 82 (10.7075, 1.58482); 2656 (10.4226, 1.93347); 3490 (10.4494, 1.63336); 4976 (10.4245, 2.01869); 5489 (10.4589, 1.62496); 6049 (10.8772, 1.52854); 8428 (10.1954, 1.97585); ]
    8731 (11.7971, 1.92046) -> [ 4831 (13.1836, 0.542399); 9489 (12.9124, 0.694313); ]
    8732 (19.0444, 17.7142) -> [ 472 (19.6221, 18.6494); 1440 (19.8486, 18.8424); 6197 (19.5199, 18.3233); 7089 (19.7319, 18.7901); 7787 (19.5415, 18.2163); 8353 (19.9481, 18.9331); 8603 (20.2024, 19.1683); 8831 (19.934, 19.0848); 9780 (19.343, 18.1688); ]
    8733 (22.1325, 0.970164) -> [ 2379 (23.6441, 0.0997782); ]
    8735 (19.4061, 5.86299) -> [ 1818 (20.3228, 5.51987); ]
    8738 (17.5539, 2.15932) -> [ 1729 (18.5767, 1.45497); 8755 (18.4578, 1.57281); 9008 (18.6223, 1.39117); ]
    8739 (1.30001, 11.5916) -> [ ]
    8742 (7.6336, 17.5649) -> [ 3297 (9.09912, 18.1289); ]
    8744 (21.2608, 19.6326) -> [ 7722 (21.9538, 20.3835); ]
    8746 (4.83564, 9.36272) -> [ 1748 (5.28827, 8.76385); 1876 (5.91965, 7.93294); 3443 (6.1305, 7.84609); ]
    8748 (17.9184, 10.9342) -> [ 3557 (19.6903, 11.3268); 5297 (18.9881, 11.1546); ]
    8749 (1.64551, 23.4187) -> [ 2207 (1.79094, 24.6986); ]
    8751 (16.6121, 13.5225) -> [ 6254 (17.2711, 14.1719); 6709 (17.0274, 13.9644); 8971 (17.1286, 14.0436); 9380 (17.2845, 14.2102); ]
    8754 (23.7427, 18.9256) -> [ 4577 (24.5638, 19.6674); 5335 (24.0265, 19.1198); 6000 (24.41, 19.4669); ]
    8755 (18.4578, 1.57281) -> [ 403 (20.0438, 0.562481); 3784 (19.4027, 1.01392); 8352 (19.7952, 0.806544); ]
    8756 (2.51037, 6.54771) -> [ 3190 (2.56725, 6.31639); 8006 (2.81328, 5.34781); ]
    8757 (15.934, 16.2793) -> [ 479 (16.1589, 17.2861); 812 (16.3372, 17.7637); 5718 (16.0183, 16.5443); 6457 (16.4562, 17.7753); 6997 (16.3845, 17.8871); 7184 (16.233, 17.6773); 7369 (16.1652, 17.2648); 9954 (16.3454, 18.0077); ]
    8758 (22.3978, 5.67773) -> [ ]
    8759 (19.5173, 5.56659) -> [ 5946 (20.3224, 5.24098); ]
    8760 (4.97769, 6.96995) -> [ 2740 (5.84466, 5.26705); 4641 (5.69557, 5.72526); 4742 (5.59142, 5.75618); 7977 (5.8542, 5.68089); ]
    8761 (19.8957, 8.46486) -> [ ]
    8762 (1.90727, 6.75312) -> [ ]
    8763 (21.3726, 18.8043) -> [ 511 (22.439, 19.8563); ]
    8764 (8.79785, 9.33891) -> [ 1156 (10.198, 8.69943); 2069 (8.97892, 9.18943); 3347 (10.3945, 8.58505); 6114 (9.08451, 9.13238); 8312 (10.2812, 8.6562); ]
    8765 (13.3401, 18.0445) -> [ 4015 (14.6719, 18.6775); 7132 (14.5363, 18.6737); 8187 (14.6471, 18.6797); 8635 (14.8861, 18.819); ]
    8766 (8.2475, 9.9174) -> [ 8434 (9.84443, 9.19868); ]
    8767 (14.4658, 20.8536) -> [ 562 (15.2506, 21.5347); 3378 (15.6445, 21.9279); 4772 (15.3925, 21.7533); 7779 (15.9054, 22.1708); 9185 (14.8464, 21.2381); ]
    8768 (24.7749, 0.1167) -> [ ]
    8769 (0.520195, 4.52823) -> [ 3695 (0.372455, 2.61341); 3996 (0.511113, 3.47496); ]
    8770 (5.16678, 18.8013) -> [ 4039 (6.52947, 20.0954); ]
    8772 (23.0344, 12.0124) -> [ 368 (23.9808, 12.2091); 951 (24.5636, 12.2203); 2008 (24.9857, 12.2682); 2671 (24.881, 12.2024); 3602 (24.7341, 12.3481); 3907 (24.8546, 12.4638); 4191 (24.5796, 12.1895); 5487 (24.798, 12.2875); ]
    8773 (12.6783, 2.1472) -> [ 5595 (13.6077, 1.2917); ]
    8774 (0.42124, 2.69181) -> [ 2030 (0.345605, 1.60413); 2349 (0.405797, 1.81109); 6041 (0.301466, 1.14651); ]
    8776 (13.9187, 9.58719) -> [ 273 (15.4942, 9.80956); 1153 (14.8896, 9.61043); 5279 (15.1975, 9.68831); 6853 (15.4976, 9.57508); 7212 (15.4533, 9.76817); ]
    8777 (18.8135, 9.57341) -> [ 920 (19.8656, 9.55913); ]
    8779 (1.91619, 20.5196) -> [ 6494 (2.15328, 21.8274); 8678 (2.20932, 22.4351); ]
    8780 (5.1963, 12.7213) -> [ 1146 (6.63795, 13.4424); 8258 (6.07198, 12.6643); ]
    8782 (12.302, 18.3042) -> [ 2557 (13.704, 19.4043); ]
    8783 (9.14599, 2.67188) -> [ 2896 (9.43033, 2.06496); 4841 (9.24227, 2.43637); 8718 (9.50802, 2.05754); ]
    8784 (18.534, 6.5823) -> [ 1780 (19.1718, 6.34731); 4065 (20.3701, 5.93175); 6613 (20.3415, 5.95513); ]
    8786 (14.386, 5.75713) -> [ 67 (15.1735, 5.35288); 5574 (15.5306, 5.03326); 6200 (15.0548, 5.29522); 8881 (15.4726, 5.13429); ]
    8787 (7.71081, 23.1661) -> [ 5965 (8.2071, 23.7857); 6524 (8.47668, 24.1008); 9580 (8.57237, 24.2209); ]
    8788 (15.7235, 18.034) -> [ 2915 (15.8978, 18.923); ]
    8789 (19.8812, 1.59979) -> [ 6637 (21.2107, 0.823121); 8752 (21.5424, 0.618892); ]
    8791 (24.1173, 5.14793) -> [ 4365 (24.2942, 5.08035); ]
    8793 (9.4844, 19.1819) -> [ 4725 (10.9292, 19.7764); 5077 (11.137, 19.9785); ]
    8796 (5.22384, 2.97028) -> [ 7927 (5.91585, 1.28499); ]
    8797 (6.40685, 23.5172) -> [ 6062 (6.69324, 23.9386); ]
    8798 (15.7883, 4.31929) -> [ 2795 (17.3268, 3.48415); 2818 (16.658, 3.85318); 7229 (17.2513, 3.50747); 9765 (16.1592, 4.12055); ]
    8799 (14.1576, 4.72323) -> [ 954 (15.4962, 3.96543); 6560 (15.383, 3.83424); ]
    8800 (8.26933, 10.2007) -> [ 1524 (10.1444, 9.51736); 1719 (8.47175, 10.1202); ]
    8801 (15.8158, 4.08605) -> [ 1047 (16.6876, 3.547); 3316 (16.9663, 3.3623); 4864 (15.963, 4.01996); 6916 (17.2613, 3.18547); ]
    8804 (18.2763, 20.9135) -> [ 5728 (18.9959, 22.6402); ]
    8805 (18.7979, 21.1434) -> [ 1134 (19.6418, 22.9067); 4640 (19.411, 22.364); 6337 (19.4907, 22.5559); ]
    8806 (3.89526, 21.9563) -> [ ]
    8808 (17.0227, 16.7734) -> [ ]
    8811 (19.4049, 7.3641) -> [ 5046 (20.6335, 7.04212); 5660 (19.9918, 7.21942); 7532 (20.9448, 7.03523); ]
    8812 (10.4571, 4.41967) -> [ 1118 (11.8614, 3.01275); ]
    8814 (5.52591, 5.94953) -> [ 1247 (6.42978, 4.22212); 2237 (6.01713, 4.99751); 2744 (5.85333, 5.27948); 4054 (6.41323, 4.32076); ]
    8815 (4.85597, 1.54153) -> [ 3837 (5.25177, 0.212708); 5015 (5.31784, 0.0479155); 9366 (5.21905, 0.31634); ]
    8816 (8.70615, 23.8284) -> [ 2614 (9.95254, 24.976); ]
    8817 (13.7877, 17.7588) -> [ 2741 (15.0042, 18.0961); ]
    8818 (15.3583, 16.5414) -> [ 754 (15.6083, 17.7252); ]
    8819 (20.7915, 18.2135) -> [ 124 (21.9369, 19.6125); 4454 (21.7022, 19.2467); 5810 (21.4343, 18.9559); ]
    8821 (5.85895, 19.8018) -> [ ]
    8823 (7.16268, 5.40152) -> [ 826 (7.82983, 4.47064); 2260 (8.15368, 3.82107); 5134 (7.79798, 4.61525); 8154 (8.22883, 3.95552); 9389 (7.90765, 4.36509); ]
    8824 (1.85015, 7.13442) -> [ ]
    8825 (7.39116, 2.92699) -> [ 3173 (7.8147, 2.26047); ]
    8827 (8.18788, 3.0094) -> [ 4940 (8.4704, 2.62598); 7665 (8.87778, 2.03376); ]
    8829 (2.45403, 10.671) -> [ 161 (3.00637, 9.21304); ]
    8831 (19.934, 19.0848) -> [ 1527 (20.2464, 19.5728); 1804 (20.6159, 20.0904); 6103 (20.5697, 20.0538); 7113 (20.9719, 20.5899); 8560 (20.7622, 20.2647); ]
    8832 (15.2734, 6.4626) -> [ 1662 (16.8094, 5.67242); ]
    8833 (11.1142, 1.01901) -> [ 2667 (11.7698, 0.20629); 4177 (11.6077, 0.393847); ]
    8834 (11.3241, 7.60392) -> [ 3742 (11.8169, 7.33232); 4215 (12.7619, 6.83637); 7778 (12.341, 7.06074); ]
    8835 (1.75142, 22.2042) -> [ 6077 (1.85078, 23.2569); ]
    8837 (14.0916, 22.3694) -> [ 3515 (14.7038, 22.7044); 5498 (15.072, 22.8763); ]
    8838 (13.1746, 17.6186) -> [ 1814 (14.51, 18.0767); 4059 (14.785, 18.251); 4225 (14.4892, 18.1202); 7150 (14.7596, 18.1613); 9222 (14.5878, 18.146); ]
    8842 (24.4214, 4.57713) -> [ ]
    8844 (23.3179, 12.7021) -> [ 4256 (24.646, 12.94); 6059 (24.3082, 12.8893); ]
    8846 (11.5274, 22.9372) -> [ 4520 (12.7665, 23.8867); 6105 (12.6163, 23.781); 6747 (12.8749, 24.0119); ]
    8848 (21.5013, 16.4412) -> [ 3940 (21.7099, 16.5785); 4217 (22.7759, 17.3448); 7344 (21.9336, 16.7798); 9181 (21.9869, 16.8577); ]
    8849 (2.67878, 6.65375) -> [ 617 (2.93872, 4.99288); 1273 (2.77757, 6.05777); 4584 (2.75647, 6.14391); ]
    8850 (10.8257, 1.25575) -> [ 1576 (11.5852, 0.0945472); 4961 (11.2807, 0.602482); 6648 (11.5741, 0.0701201); ]
    8851 (21.7963, 15.4842) -> [ 1590 (22.9201, 16.2976); 2514 (23.2415, 16.5291); 4600 (22.3939, 15.8761); ]
    8852 (1.72563, 19.5533) -> [ 7313 (1.97593, 21.2103); ]
    8853 (12.5828, 4.14392) -> [ 3380 (13.6064, 3.21574); ]
    8854 (2.23314, 6.43854) -> [ 361 (2.33224, 5.78708); 1649 (2.45232, 4.7412); 4311 (2.50905, 4.82729); ]
    8855 (13.1029, 2.72621) -> [ 2920 (14.5771, 1.42245); ]
    8857 (19.1582, 23.1234) -> [ 4426 (19.5441, 24.0213); 7379 (19.8346, 24.6077); ]
    8858 (15.4151, 7.7626) -> [ 7524 (16.1267, 7.50335); 7713 (15.8514, 7.62435); 8531 (15.85, 7.60354); ]
    8861 (17.9555, 5.38712) -> [ 6166 (19.5593, 4.58876); 6362 (18.2087, 5.28216); 7562 (18.8694, 4.97904); 8332 (19.6811, 4.61037); ]
    8863 (4.63907, 22.3752) -> [ 2517 (4.9383, 22.9337); 2627 (5.23137, 23.5618); 3756 (5.2579, 23.7338); ]
    8864 (6.99989, 22.0167) -> [ 8334 (7.36913, 22.3337); ]
    8866 (10.1831, 0.786829) -> [ 4114 (10.2624, 0.730446); ]
    8867 (0.805791, 1.99301) -> [ 1442 (0.836066, 0.593572); 4492 (0.806299, 0.0299125); ]
    8868 (20.3589, 3.21888) -> [ 1296 (21.0778, 2.84431); 1939 (21.0734, 2.80456); 2748 (21.4299, 2.6521); 5689 (21.2288, 2.7087); ]
    8869 (3.93509, 22.1236) -> [ 652 (4.66516, 23.6645); ]
    8870 (6.41115, 1.27981) -> [ ]
    8871 (7.5968, 22.7893) -> [ 6507 (8.2048, 23.4831); ]
    8872 (19.6034, 4.24594) -> [ 4578 (21.1912, 3.5248); 6168 (20.9081, 3.68243); ]
    8876 (13.8748, 18.6855) -> [ 1854 (14.3396, 18.946); 1919 (15.4524, 19.4878); 3241 (14.6063, 19.219); 3371 (15.3769, 19.4995); ]
    8877 (16.7785, 1.05376) -> [ 3870 (16.9652, 0.901442); ]
    8878 (23.3522, 18.4111) -> [ 896 (24.648, 19.5354); 1414 (24.1769, 18.7815); 1606 (24.2643, 18.9089); 4315 (24.4681, 19.2202); 4356 (24.8466, 19.6076); 9414 (24.8402, 19.6941); ]
    8879 (21.8337, 14.9224) -> [ 9891 (22.9991, 15.6511); ]
    8880 (17.4085, 17.6963) -> [ 5560 (18.1164, 19.2337); ]
    8881 (15.4726, 5.13429) -> [ 7934 (16.7194, 4.37662); ]
    8882 (22.1933, 9.63958) -> [ 1069 (23.8251, 9.63405); ]
    8883 (18.3706, 3.8419) -> [ 3179 (19.5445, 3.21111); 5228 (19.85, 2.97594); ]
    8884 (2.49619, 0.393009) -> [ 9509 (2.55, 0.0401293); ]
    8885 (7.60848, 20.8648) -> [ 3618 (8.67711, 21.8389); 8222 (9.00673, 22.1288); ]
    8886 (10.7924, 5.66906) -> [ 4144 (12.2659, 4.51821); ]
    8887 (20.7622, 3.61259) -> [ 453 (21.1257, 3.40838); 1186 (22.5319, 2.84264); 1988 (22.3595, 2.76292); 3142 (21.8038, 3.11096); 8359 (22.0658, 3.01448); ]
    8888 (13.3395, 10.3323) -> [ ]
    8889 (7.07909, 20.6181) -> [ 485 (7.9108, 21.5145); 1175 (8.45991, 22.0513); ]
    8890 (16.083, 9.54988) -> [ 1420 (18.0688, 9.68831); 6824 (16.9852, 9.53023); 8622 (18.0185, 9.57597); ]
    8891 (16.1693, 17.8406) -> [ ]
    8892 (5.44855, 10.9015) -> [ 139 (7.02637, 10.0358); ]
    8893 (23.1267, 20.2773) -> [ 6376 (23.3171, 20.4918); ]
    8894 (17.2298, 22.4393) -> [ 6426 (18.2609, 23.3167); ]
    8895 (13.9678, 15.3699) -> [ 2157 (13.7775, 16.3654); 2943 (13.6706, 15.7606); 3183 (13.4064, 15.9825); 4417 (13.604, 16.2233); 7513 (13.9086, 16.1521); 8599 (13.7745, 15.8099); ]
    8896 (19.4444, 9.71555) -> [ 8594 (20.829, 9.78223); ]
    8897 (1.56247, 11.3826) -> [ 3045 (1.65272, 9.47699); 5243 (1.63943, 9.66715); ]
    8900 (1.97124, 9.80797) -> [ 4876 (2.23403, 8.68322); 6331 (2.30573, 8.35891); 8158 (2.44653, 7.9113); ]
    8901 (15.969, 11.8778) -> [ 3491 (17.1773, 12.7713); 4567 (17.3012, 12.8577); 7791 (16.4864, 12.2136); 7825 (17.594, 13.0372); 8937 (16.5949, 12.374); ]
    8902 (8.55213, 22.4671) -> [ 7560 (9.73151, 23.6339); ]
    8905 (16.6237, 11.1916) -> [ 221 (17.6105, 11.4882); 6642 (18.2273, 11.6974); 8155 (17.4899, 11.4768); ]
    8906 (15.1394, 21.3457) -> [ 1374 (15.7837, 21.9088); 3022 (16.0531, 22.1625); 3344 (15.9497, 22.0237); 3539 (16.2839, 22.3079); 7167 (15.9744, 22.0516); ]
    8909 (12.9715, 7.1848) -> [ 815 (14.2661, 6.54837); 3631 (13.4253, 6.93364); 8172 (13.8188, 6.74127); ]
    8910 (6.9416, 17.9444) -> [ ]
    8911 (16.2665, 7.28305) -> [ 2187 (18.0739, 6.56928); 6743 (17.3327, 6.83464); ]
    8912 (19.6966, 10.246) -> [ 4605 (21.4868, 10.4212); 6862 (21.5342, 10.4442); ]
    8913 (12.7743, 20.0007) -> [ 7172 (13.6594, 20.7803); ]
    8914 (19.25, 20.5457) -> [ 7588 (19.7197, 21.3412); ]
    8915 (12.6724, 5.67617) -> [ 5508 (14.056, 4.80701); 8799 (14.1576, 4.72323); ]
    8916 (10.4236, 22.108) -> [ 7388 (11.8658, 23.1958); 8846 (11.5274, 22.9372); ]
    8918 (14.7292, 12.2999) -> [ 1304 (15.553, 13.8991); 1793 (15.6662, 14.0329); 4963 (15.5647, 13.9553); 7442 (15.5216, 13.5953); 7579 (15.4554, 13.4406); ]
    8919 (17.8331, 2.45828) -> [ 743 (19.1625, 1.58544); ]
    8920 (24.0798, 11.225) -> [ ]
    8921 (21.8306, 20.7912) -> [ 1926 (22.27, 21.3932); 5095 (22.891, 22.1358); ]
    8923 (16.5155, 20.6628) -> [ 286 (16.5651, 20.6909); ]
    8924 (22.8443, 5.09083) -> [ 3118 (24.5978, 4.55732); ]
    8925 (10.1432, 17.3527) -> [ ]
    8926 (10.2122, 6.02411) -> [ 7931 (11.5895, 4.8353); ]
    8927 (10.2505, 16.9196) -> [ 406 (11.6859, 18.2028); 1722 (11.3281, 17.7648); ]
    8928 (16.597, 13.7822) -> [ 30 (17.2163, 14.569); 1565 (16.8957, 14.0804); 2805 (17.7843, 15.2122); 4822 (17.922, 15.1948); 4918 (17.1695, 14.4018); 5223 (17.9401, 15.1923); 5571 (17.9039, 15.1738); 8024 (17.6658, 15.1578); ]
    8930 (15.907, 21.6671) -> [ 28 (16.2136, 22.0038); 2003 (16.0488, 21.8204); 4549 (17.4228, 22.8702); ]
    8931 (20.0454, 14.1361) -> [ 794 (20.4223, 14.3273); ]
    8932 (21.6255, 8.60688) -> [ 775 (23.5896, 8.49658); 1602 (22.2457, 8.58728); 2927 (23.4012, 8.50732); 2946 (21.9871, 8.57665); 6285 (22.7677, 8.61476); ]
    8933 (6.81627, 24.1268) -> [ 9250 (7.094, 24.5579); ]
    8934 (17.8904, 5.61018) -> [ 1025 (19.2897, 4.94771); 2902 (19.1737, 5.05835); 8486 (19.6109, 4.84414); ]
    8935 (4.85755, 12.9074) -> [ 1880 (6.84572, 12.8383); 2025 (6.4905, 12.8056); 4676 (6.63582, 12.8525); 6848 (6.16738, 13.1945); ]
    8936 (1.7649, 0.544732) -> [ 1732 (1.78293, 0.275292); ]
    8937 (16.5949, 12.374) -> [ 463 (18.223, 13.3576); ]
    8939 (21.5114, 16.1457) -> [ ]
    8940 (5.7056, 13.3463) -> [ 2115 (6.94008, 14.3266); 3418 (6.72171, 14.1204); 5719 (7.13522, 14.5539); 6851 (7.24895, 14.3978); 7620 (7.01745, 14.3644); ]
    8941 (21.2566, 15.9803) -> [ 2702 (22.6594, 16.9539); ]
    8942 (23.3707, 2.04278) -> [ 1599 (24.4355, 1.49634); 2381 (24.7736, 1.28853); ]
    8943 (3.58139, 1.38129) -> [ 426 (3.67833, 0.839025); ]
    8944 (20.115, 8.46173) -> [ 1433 (20.7017, 8.39808); ]
    8946 (20.7791, 22.1905) -> [ 3852 (21.5947, 23.3314); 4892 (21.5764, 23.693); 5733 (21.6515, 23.6305); ]
    8947 (13.6527, 17.246) -> [ 47 (14.2408, 17.3345); ]
    8948 (13.6241, 20.3155) -> [ 1115 (14.6616, 21.3138); 6738 (14.7477, 21.3364); 7291 (14.512, 21.1415); ]
    8950 (18.4829, 6.70677) -> [ 1430 (18.858, 6.57786); 4185 (19.1441, 6.51084); ]
    8951 (22.1786, 4.99829) -> [ 3671 (23.7443, 4.42415); 6852 (23.6673, 4.41877); 8972 (22.8935, 4.74911); ]
    8952 (15.8668, 20.9084) -> [ 1333 (16.907, 21.6441); 2432 (16.6725, 21.4593); ]
    8954 (22.4195, 11.4505) -> [ 5412 (23.7676, 11.6743); 5966 (24.3062, 11.737); 6833 (24.0897, 11.7793); ]
    8955 (18.8999, 15.9065) -> [ 4136 (19.2111, 16.2031); ]
    8956 (20.069, 21.405) -> [ 6309 (21.0595, 23.0145); ]
    8957 (21.665, 9.1004) -> [ 1583 (22.6689, 9.03495); 2777 (22.9902, 8.99334); 5421 (23.5214, 8.87539); 5740 (23.4154, 8.99578); ]
    8958 (6.3999, 2.25889) -> [ 154 (6.9268, 1.11273); 1759 (7.04818, 0.53288); 5503 (7.20889, 0.714675); 6946 (6.50498, 2.04963); 7224 (6.76719, 1.35201); 7536 (6.97269, 0.661344); ]
    8959 (24.7379, 18.3565) -> [ ]
    8960 (13.3807, 19.8138) -> [ ]
    8961 (13.6805, 8.75558) -> [ 310 (15.3381, 8.44225); 6359 (14.9533, 8.5765); 7161 (14.4062, 8.62633); 8726 (14.628, 8.63255); 9993 (15.3204, 8.40649); ]
    8962 (13.4179, 17.5152) -> [ 2999 (13.7958, 17.6658); 8281 (14.1637, 17.7565); ]
    8965 (17.8326, 7.97127) -> [ 8595 (19.357, 7.70756); ]
    8966 (4.68122, 6.4801) -> [ ]
    8969 (5.83709, 19.0824) -> [ ]
    8970 (10.6397, 20.6614) -> [ 8522 (12.2165, 21.5661); ]
    8973 (3.95086, 10.7111) -> [ ]
    8976 (11.3688, 21.3463) -> [ 5350 (11.6779, 21.5815); ]
    8977 (6.22232, 14.276) -> [ 1363 (6.84747, 14.6684); 3338 (7.26493, 15.0976); 3683 (6.92755, 14.7525); 4655 (6.92706, 14.7184); 4900 (6.52113, 14.4822); 4929 (6.8819, 15.1211); 6057 (7.01038, 14.9134); 7970 (7.04821, 14.8312); ]
    8978 (11.0601, 20.999) -> [ 7393 (11.8522, 21.4798); ]
    8979 (5.14097, 14.5961) -> [ ]
    8980 (15.7172, 5.01502) -> [ 709 (17.227, 4.22617); 982 (16.5294, 4.64646); 2647 (16.0786, 4.80468); 2673 (17.335, 4.18907); 4009 (17.1321, 4.28928); ]
    8981 (17.2973, 8.28746) -> [ 8068 (19.1257, 7.9931); ]
    8982 (12.267, 19.0836) -> [ 3231 (13.5328, 20.395); 5607 (13.1358, 19.9502); 6149 (12.8961, 19.7014); 8948 (13.6241, 20.3155); ]
    8983 (5.78875, 21.4957) -> [ 607 (6.33084, 22.2713); 5261 (6.72669, 22.7573); 6277 (6.61001, 22.6153); 6352 (6.31997, 22.2742); ]
    8984 (9.58127, 19.7278) -> [ 4804 (11.3239, 20.6703); 6522 (10.6903, 20.4325); 9382 (10.697, 20.4149); 9518 (10.6273, 20.3452); ]
    8987 (10.0155, 6.84906) -> [ 1738 (10.7126, 6.29235); ]
    8989 (22.3211, 11.8518) -> [ 6300 (23.9293, 12.0798); ]
    8990 (22.4837, 11.558) -> [ 4302 (24.3608, 11.8995); 4844 (23.6893, 11.8059); 5245 (23.4319, 11.7405); 5410 (23.7763, 11.8387); ]
    8991 (3.90597, 12.4922) -> [ 4345 (5.74911, 12.0921); 5290 (5.1644, 12.2879); 9349 (5.28373, 12.2513); ]
    8993 (21.8832, 7.60706) -> [ 84 (21.9282, 7.6045); ]
    8994 (16.3027, 18.2275) -> [ 1205 (16.5232, 18.9391); 4116 (16.6179, 19.2931); ]
    8996 (1.22066, 18.2602) -> [ 1427 (1.30615, 18.9774); 1501 (1.34362, 19.5865); 1831 (1.30998, 19.0585); ]
    8997 (2.33603, 23.0911) -> [ 79 (2.63968, 24.4857); ]
    8998 (6.90774, 3.46593) -> [ 5101 (7.03844, 2.96405); 7520 (7.61252, 2.11727); ]
    9000 (9.45866, 16.796) -> [ ]
    9002 (13.8113, 3.99224) -> [ 122 (14.887, 3.04042); ]
    9006 (4.61664, 20.5255) -> [ 3041 (5.53895, 21.9054); ]
    9008 (18.6223, 1.39117) -> [ 7328 (20.2639, 0.257742); 8048 (20.1973, 0.224694); ]
    9013 (10.5348, 2.48756) -> [ 317 (11.3693, 1.39772); 1464 (11.7371, 1.06235); 3594 (10.9749, 1.98193); 8441 (11.7913, 0.953106); ]
    9015 (13.9271, 23.2115) -> [ 3791 (15.0233, 23.8576); ]
    9016 (16.8037, 15.8993) -> [ 6154 (17.3156, 16.7047); 6806 (17.3532, 16.6214); 6895 (17.8533, 17.4876); ]
    9017 (0.49029, 3.86821) -> [ 2088 (0.438828, 2.53818); 2457 (0.455725, 3.17941); 8774 (0.42124, 2.69181); ]
    9018 (9.58356, 7.78579) -> [ 4043 (10.9975, 6.93058); ]
    9020 (20.1567, 4.33824) -> [ 9712 (21.284, 3.8171); ]
    9021 (2.72993, 20.6715) -> [ 2506 (3.11722, 22.1168); ]
    9022 (4.12111, 22.9074) -> [ 877 (4.80349, 24.47); 916 (4.78086, 24.7129); 5475 (4.81071, 24.7113); ]
    9024 (23.6103, 5.212) -> [ ]
    9025 (14.6912, 21.1787) -> [ 7912 (15.5688, 21.9868); 8116 (15.0579, 21.5533); ]
    9026 (24.0517, 2.19906) -> [ 5322 (24.8355, 1.86642); ]
    9027 (20.342, 8.89567) -> [ 4853 (20.7254, 8.88431); 5879 (20.968, 8.87447); 7835 (22.2429, 8.82446); ]
    9028 (21.8116, 11.5603) -> [ ]
    9029 (22.3618, 5.85097) -> [ 6730 (23.986, 5.40795); ]
    9030 (18.3298, 20.9621) -> [ 2423 (18.6895, 21.8389); ]
    9031 (17.8732, 23.4167) -> [ ]
    9032 (19.3693, 9.8313) -> [ 1556 (20.8784, 9.88661); 2511 (21.1326, 9.91875); 3622 (20.0933, 9.83421); 4196 (21.2246, 9.8285); 4382 (20.3127, 9.83452); 8669 (19.9099, 9.83575); ]
    9034 (13.0665, 6.16144) -> [ 43 (14.1956, 5.4883); 4534 (14.0124, 5.53118); 8690 (14.2919, 5.3375); 8700 (14.2125, 5.39717); ]
    9035 (9.75618, 16.8906) -> [ 3098 (10.8119, 17.6914); ]
    9036 (20.9908, 1.01127) -> [ 3924 (22.3997, 0.203212); 8358 (22.4857, 0.0669596); ]
    9037 (2.18865, 22.7043) -> [ 1801 (2.28577, 23.3995); ]
    9038 (14.9365, 11.5273) -> [ 2535 (16.0167, 12.5827); ]
    9039 (11.1081, 19.6857) -> [ 3709 (12.8333, 20.4017); ]
    9040 (4.39567, 21.4696) -> [ 1975 (5.25729, 23.0116); 3044 (4.95934, 22.473); 3850 (5.15926, 22.8483); ]
    9041 (3.05297, 8.51446) -> [ 1182 (3.66624, 7.08097); 3701 (3.8005, 6.87254); 5016 (3.48527, 7.49138); 6259 (3.3161, 7.93116); 6341 (3.53365, 7.35376); ]
    9042 (16.26, 16.2561) -> [ 2337 (17.0501, 18.0246); 4175 (16.5891, 17.2275); 7248 (16.5871, 17.0833); ]
    9043 (2.78263, 9.26903) -> [ 4173 (3.3055, 8.03907); 6572 (3.29291, 8.10979); ]
    9046 (19.1602, 10.7324) -> [ 353 (20.584, 11.0045); ]
    9047 (20.2821, 4.85953) -> [ ]
    9049 (1.90511, 10.1593) -> [ 5079 (2.26273, 8.83953); 9946 (2.23642, 8.82865); ]
    9050 (23.4482, 13.5363) -> [ 246 (24.5647, 14.1997); 2082 (24.5908, 14.1026); ]
    9051 (20.2831, 21.2432) -> [ 2499 (21.2062, 22.7564); ]
    9052 (12.5758, 22.3017) -> [ 514 (13.5987, 22.9177); 1162 (13.4213, 22.9454); 1303 (14.059, 23.1194); 5929 (13.1064, 22.6479); 9514 (14.1952, 23.1791); ]
    9054 (15.109, 3.1298) -> [ 2006 (16.614, 1.98001); 3410 (15.3767, 2.91835); 3902 (16.0349, 2.43023); ]
    9055 (23.9176, 20.9541) -> [ 1883 (24.548, 21.5947); ]
    9056 (8.72801, 0.884901) -> [ 2661 (8.95407, 0.464729); ]
    9059 (20.4526, 2.55446) -> [ 1053 (21.4049, 1.84784); 2644 (21.7493, 1.79387); 6911 (22.1144, 1.53215); ]
    9060 (15.7355, 4.20031) -> [ 5826 (16.9004, 3.5098); ]
    9061 (22.5851, 23.5201) -> [ ]
    9062 (14.7631, 2.79772) -> [ 1847 (16.1148, 1.85448); 5577 (15.1402, 2.51689); ]
    9063 (12.6947, 23.1345) -> [ ]
    9064 (14.2142, 1.27124) -> [ 1520 (14.6129, 0.923557); 6119 (15.5407, 0.0199503); 6647 (15.0076, 0.556771); 6845 (14.4882, 0.932196); ]
    9065 (4.04936, 23.8222) -> [ 3389 (4.32585, 24.5526); ]
    9066 (4.48631, 1.18683) -> [ 5425 (4.7975, 0.245963); ]
    9067 (1.2042, 12.9399) -> [ 58 (1.81122, 11.7752); 1692 (1.68444, 11.9298); 1820 (1.39839, 12.1764); 2747 (1.29321, 12.6758); 3636 (1.87627, 11.3679); 4696 (1.58777, 11.9834); 5681 (1.31022, 12.4788); 6193 (1.63149, 11.7981); 9739 (1.59687, 12.459); ]
    9068 (7.53367, 14.3262) -> [ 1871 (7.68429, 14.4389); 7781 (7.87465, 14.8382); ]
    9070 (8.56529, 8.32852) -> [ 9992 (9.96491, 7.38354); ]
    9072 (0.787691, 9.70435) -> [ 2012 (0.841642, 8.07178); 3693 (0.825262, 8.87854); 6280 (0.78997, 9.59639); 7330 (0.760747, 8.2623); ]
    9073 (19.5303, 17.5815) -> [ 2438 (20.0379, 18.2519); 5653 (20.2099, 18.4005); 6178 (20.3225, 18.4822); 6685 (20.6775, 18.9835); ]
    9074 (8.34408, 5.27413) -> [ 2773 (8.64053, 5.04611); 4083 (9.56633, 4.0462); 5805 (9.53207, 3.95888); ]
    9075 (3.20981, 20.5782) -> [ 1254 (3.68954, 21.6948); 3829 (3.86872, 22.1661); 3944 (3.87719, 22.1699); 7395 (3.84681, 22.0629); 8695 (3.97231, 22.0863); ]
    9077 (2.67865, 6.88362) -> [ 9398 (3.02097, 5.47099); ]
    9078 (15.0282, 19.9826) -> [ 1677 (16.2474, 20.8195); 3842 (15.9803, 20.6157); 4858 (15.3506, 20.2181); 7979 (15.7902, 20.4713); 8803 (15.917, 20.5342); 9632 (16.1399, 20.7111); ]
    9080 (13.6534, 24.5549) -> [ 4836 (14.1688, 24.9214); 6419 (13.9996, 24.8758); ]
    9082 (16.5132, 0.612257) -> [ 682 (16.577, 0.555171); 5054 (16.9756, 0.16826); ]
    9084 (13.1017, 1.64078) -> [ 6367 (14.375, 0.398397); 9012 (14.4467, 0.412664); ]
    9088 (20.6698, 18.4091) -> [ 1233 (21.5237, 19.5652); 3007 (21.7018, 19.5701); 3981 (21.9212, 19.7814); 4036 (20.8863, 18.6687); 4109 (20.7564, 18.4753); 6223 (21.7576, 19.772); 6240 (21.7042, 19.4681); ]
    9091 (17.4273, 1.85389) -> [ 158 (18.6589, 1.15571); 289 (17.7758, 1.63417); 3092 (18.1509, 1.47367); 7001 (18.9647, 0.780942); 9048 (18.5742, 1.20179); ]
    9092 (9.54071, 17.2651) -> [ ]
    9093 (18.4981, 8.54514) -> [ 5599 (19.8188, 8.4331); 7794 (20.0583, 8.36955); ]
    9096 (3.68209, 17.8233) -> [ 1046 (4.54519, 18.7211); 5993 (5.03204, 19.1194); ]
    9097 (18.2749, 19.2479) -> [ 379 (18.8713, 20.3759); ]
    9098 (7.61883, 19.5244) -> [ 725 (8.81889, 20.3999); 1018 (8.45856, 20.046); 1688 (8.11887, 19.8697); 2536 (8.08475, 19.8103); 3337 (8.3342, 19.984); 6350 (8.87275, 20.3294); 6815 (8.2418, 19.9924); 9134 (7.9831, 19.8224); 9564 (8.87138, 20.3994); ]
    9099 (22.5475, 1.28949) -> [ 2616 (24.2788, 0.342463); 5616 (23.2851, 0.889027); 9894 (24.0204, 0.528365); ]
    9101 (21.2657, 0.660179) -> [ 5682 (21.9861, 0.199984); ]
    9102 (23.907, 24.4209) -> [ ]
    9104 (14.8719, 24.5157) -> [ ]
    9106 (22.8492, 8.12811) -> [ 4828 (23.153, 8.10478); 6879 (24.18, 7.98012); ]
    9109 (1.77124, 7.68391) -> [ 412 (2.01886, 6.26147); 9948 (2.0678, 6.11025); ]
    9110 (1.0366, 2.84373) -> [ ]
    9111 (10.8378, 0.227384) -> [ ]
    9112 (2.41368, 13.9728) -> [ 21 (3.18738, 13.4057); 9911 (2.79057, 13.7132); ]
    9113 (1.78882, 14.9309) -> [ 5665 (3.44509, 14.8171); 8302 (3.47165, 14.8233); ]
    9114 (8.35679, 9.01483) -> [ 2690 (9.41207, 8.27239); 3086 (9.54823, 8.20623); ]
    9115 (9.83497, 8.97868) -> [ 9812 (10.8057, 8.51278); ]
    9116 (6.78389, 23.8491) -> [ 8519 (7.52796, 24.9548); ]
    9118 (24.0679, 16.2474) -> [ 821 (24.8269, 16.8833); ]
    9119 (2.62791, 20.2387) -> [ 357 (2.9221, 21.2442); 2268 (3.18526, 22.12); 2769 (3.11906, 21.8605); 2922 (3.12288, 21.9399); ]
    9121 (23.244, 15.0617) -> [ 502 (23.7587, 15.7207); 574 (23.3755, 15.277); 678 (24.2818, 16.1201); 1733 (23.5125, 15.3125); 4427 (24.2454, 16.0585); 5113 (23.5161, 15.4221); 6329 (24.4703, 16.3325); 6771 (23.9958, 15.9395); 9679 (23.9507, 15.8329); ]
    9123 (4.66181, 15.5201) -> [ 1217 (5.69306, 15.661); 2343 (5.46191, 15.5654); 2875 (5.64533, 15.6593); 3029 (6.64674, 15.7321); 3264 (6.62563, 15.8315); 7745 (5.23018, 15.6286); 9579 (6.01623, 15.7402); ]
    9126 (6.12204, 6.15997) -> [ 523 (6.48028, 5.60039); 2870 (6.51298, 5.46173); ]
    9127 (0.470318, 9.30001) -> [ 3609 (0.32263, 8.00115); 5612 (0.29492, 7.82889); 8402 (0.398872, 8.42746); ]
    9128 (6.12224, 4.35127) -> [ 498 (7.05638, 2.86928); 2372 (6.9495, 3.04033); ]
    9129 (12.4794, 2.90166) -> [ 3679 (13.4778, 1.85641); ]
    9130 (0.234327, 8.66763) -> [ 318 (0.158807, 7.87602); ]
    9131 (0.735722, 8.62625) -> [ ]
    9132 (20.2778, 19.3497) -> [ 6055 (21.3419, 20.9081); 8568 (20.9673, 20.3616); ]
    9133 (12.2662, 22.8261) -> [ 1063 (13.2195, 23.5011); 3544 (12.4853, 22.9969); 5544 (13.4838, 23.6249); 9063 (12.6947, 23.1345); ]
    9135 (7.74046, 9.06501) -> [ 2734 (9.45203, 8.08069); 4261 (9.31955, 8.00898); ]
    9136 (9.64172, 22.1615) -> [ 3295 (11.1218, 23.4236); ]
    9137 (1.39389, 21.242) -> [ 2509 (1.59983, 22.6453); 2956 (1.45929, 22.8119); 3107 (1.41821, 21.4554); 8313 (1.56913, 23.0513); ]
    9138 (13.8976, 6.93376) -> [ 8425 (15.6769, 6.11338); ]
    9140 (17.9587, 3.2645) -> [ 2305 (19.3083, 2.39326); 6546 (19.305, 2.42765); ]
    9141 (21.9223, 4.99155) -> [ 1596 (23.611, 4.3529); 3568 (22.7443, 4.68939); ]
    9142 (17.1108, 18.7382) -> [ 9406 (17.7091, 20.1008); ]
    9143 (3.35595, 16.481) -> [ 732 (4.38578, 17.1145); 1423 (5.02028, 17.5387); 2925 (4.15072, 16.8826); 3488 (4.13467, 16.9634); 3549 (4.38089, 17.0401); 4651 (4.63578, 17.2017); 4738 (4.63911, 17.2492); ]
    9145 (19.0008, 14.0112) -> [ 263 (20.4089, 15.0063); 8142 (19.3746, 14.2747); ]
    9146 (0.414756, 10.7891) -> [ 6375 (0.208085, 9.25394); ]
    9147 (14.9281, 24.5791) -> [ 820 (15.4681, 24.9886); 3743 (15.2643, 24.789); ]
    9148 (16.5474, 23.7384) -> [ 3433 (17.2682, 24.2095); 5463 (18.1482, 24.6598); ]
    9149 (4.64678, 10.7309) -> [ 7416 (5.88354, 9.70613); ]
    9150 (9.83229, 17.324) -> [ ]
    9154 (17.8632, 14.2344) -> [ 5564 (18.767, 14.979); ]
    9155 (7.19706, 10.2458) -> [ 1522 (8.79848, 9.3253); 2417 (7.66536, 10.0031); 3162 (8.21242, 9.71521); 5080 (8.63871, 9.44938); 8138 (8.87232, 9.45964); ]
    9156 (19.7079, 5.91445) -> [ 6617 (20.7948, 5.50483); ]
    9157 (18.7138, 21.1439) -> [ 7173 (18.8422, 21.4014); ]
    9159 (2.40724, 18.2878) -> [ 5836 (3.05375, 20.0775); ]
    9161 (17.9653, 0.870858) -> [ 308 (19.0557, 0.00101139); 3216 (18.8334, 0.172963); 9951 (18.9299, 0.120513); ]
    9162 (4.91009, 17.6765) -> [ 2037 (5.96252, 18.4745); 3103 (5.85515, 18.41); ]
    9164 (12.8558, 17.009) -> [ 1026 (13.5498, 17.1015); 7758 (14.0046, 17.2077); ]
    9165 (21.3555, 18.5389) -> [ 4911 (22.5096, 19.7626); 6209 (22.4369, 19.6682); 6883 (21.8541, 19.126); ]
    9167 (9.50125, 17.6046) -> [ 4056 (10.3194, 17.8647); 4201 (9.59654, 17.6054); 5590 (11.1019, 18.05); ]
    9169 (1.87391, 6.71498) -> [ 6812 (2.1051, 5.08391); ]
    9170 (14.913, 14.0036) -> [ 2442 (15.1815, 15.6056); 2522 (15.1448, 15.2062); 3248 (15.1388, 14.9399); 3393 (15.2486, 15.3877); 4493 (15.1103, 14.4776); 5106 (15.1577, 15.2334); 5357 (15.089, 14.8842); 8451 (15.3383, 15.6743); ]
    9171 (22.2954, 23.6547) -> [ 7197 (22.8845, 24.4852); ]
    9172 (6.01185, 15.3733) -> [ 708 (6.71374, 15.417); ]
    9173 (9.3748, 21.8803) -> [ 1976 (10.8468, 23.0456); 7066 (10.5581, 22.8197); ]
    9174 (17.576, 3.25507) -> [ 3493 (19.2924, 2.27767); 6846 (18.8312, 2.48416); ]
    9175 (7.12224, 9.64998) -> [ 762 (8.76869, 8.65007); 2276 (8.74798, 8.63226); ]
    9176 (21.9111, 5.99684) -> [ 584 (23.6146, 5.48053); 7833 (23.339, 5.54329); ]
    9177 (2.84348, 18.0406) -> [ 1409 (3.77582, 19.6375); 2559 (3.91197, 19.7014); 5961 (3.48738, 19.1069); ]
    9179 (22.0833, 23.7228) -> [ 2528 (22.8609, 24.9993); ]
    9180 (23.4616, 2.30262) -> [ 1884 (24.4646, 1.78268); 4151 (24.4176, 1.85512); 7608 (23.8298, 2.13526); ]
    9181 (21.9869, 16.8577) -> [ 3025 (23.4729, 18.1261); ]
    9182 (12.0394, 9.29527) -> [ 5923 (13.3963, 9.1111); 7556 (12.4844, 9.24239); ]
    9183 (2.87688, 19.6587) -> [ 3997 (3.3502, 20.5819); ]
    9184 (24.4043, 8.18967) -> [ ]
    9185 (14.8464, 21.2381) -> [ 8492 (16.2673, 22.567); ]
    9186 (8.87562, 5.38846) -> [ 2676 (9.87181, 4.20274); 5145 (10.0543, 3.79593); ]
    9188 (0.281714, 9.05686) -> [ 4463 (0.103973, 7.85748); ]
    9189 (22.2978, 15.2326) -> [ 3880 (23.6942, 16.4813); ]
    9190 (18.127, 2.97183) -> [ 2923 (19.1001, 2.4231); 5684 (19.7735, 2.06996); 6577 (19.2302, 2.37251); ]
    9191 (14.43, 4.35463) -> [ ]
    9193 (22.106, 21.224) -> [ ]
    9195 (6.1518, 16.2611) -> [ 3160 (6.28042, 16.2911); ]
    9196 (3.55448, 8.27381) -> [ 214 (4.16388, 6.47357); 1259 (4.30602, 6.70232); 1529 (3.71533, 7.9717); 1960 (4.35307, 6.80415); 2217 (4.26562, 6.66582); 2892 (3.8327, 7.46369); 3955 (3.96974, 6.98537); 5849 (4.04996, 6.96734); 6526 (3.70493, 7.53685); 6627 (3.99346, 6.95286); 7842 (4.07881, 6.6113); 8467 (4.129, 6.56318); 8633 (3.75098, 7.51515); ]
    9197 (14.2227, 18.6961) -> [ 5045 (14.8327, 19.0223); 7503 (14.8163, 19.024); ]
    9199 (17.8113, 9.49583) -> [ 777 (19.4615, 9.50568); 1912 (19.6233, 9.51128); 7084 (18.7315, 9.51485); 7261 (18.3054, 9.45992); ]
    9200 (9.26804, 18.8298) -> [ ]
    9201 (5.78288, 8.58411) -> [ 162 (6.74116, 7.17726); 228 (6.51263, 7.4525); 2901 (6.73447, 7.34317); 3396 (6.94872, 7.32292); 4650 (6.79737, 7.48721); 7005 (6.73735, 7.29414); 7090 (6.31425, 7.70672); 8181 (6.1217, 8.17533); ]
    9204 (23.6928, 17.4176) -> [ 1008 (24.8932, 18.5923); 2854 (24.4175, 18.0154); 4262 (24.9508, 18.533); 5894 (24.9075, 18.6346); ]
    9205 (13.0251, 4.76266) -> [ 1992 (13.2842, 4.55496); ]
    9206 (5.34221, 18.6932) -> [ 7884 (6.57999, 19.7402); 8969 (5.83709, 19.0824); ]
    9207 (16.8817, 14.4068) -> [ 2220 (17.5446, 15.2988); 6383 (17.5119, 15.257); 6706 (17.6307, 15.1938); 8036 (18.0634, 15.6981); ]
    9208 (3.33112, 23.3179) -> [ 241 (3.5528, 24.0867); 1486 (3.44677, 23.781); ]
    9209 (5.23976, 1.55193) -> [ 1544 (5.24793, 1.23858); ]
    9210 (21.524, 4.62515) -> [ 4946 (22.4288, 4.25421); ]
    9211 (8.82336, 8.25613) -> [ 5801 (9.77847, 7.59304); ]
    9212 (15.5461, 5.96859) -> [ 6235 (16.7515, 5.39959); ]
    9214 (4.98521, 3.14904) -> [ 850 (5.53199, 1.79432); 1815 (5.71062, 1.44204); 2919 (5.63692, 1.32347); 5851 (5.61521, 1.38994); 6075 (5.71023, 1.3278); ]
    9217 (10.69, 21.6186) -> [ 3217 (12.2857, 22.7501); 5318 (12.2487, 22.6585); ]
    9219 (19.6812, 15.2173) -> [ 641 (21.1823, 16.3323); 835 (20.3631, 15.8515); 2252 (20.9032, 16.1804); 5250 (20.5448, 16.0054); 5575 (20.216, 15.6288); 6937 (21.128, 16.5692); ]
    9220 (0.147969, 22.1904) -> [ 4535 (0.0495255, 23.0651); ]
    9223 (20.3507, 5.35959) -> [ 143 (21.8065, 4.71617); ]
    9224 (12.8969, 16.8188) -> [ 6296 (13.2319, 16.8492); ]
    9225 (13.093, 18.0388) -> [ 6475 (14.0355, 18.5652); ]
    9226 (6.19419, 5.05911) -> [ 4277 (6.8128, 3.40247); 4586 (6.93405, 4.09733); 6770 (6.6565, 4.42304); ]
    9230 (9.58666, 6.69299) -> [ 864 (10.6437, 5.83042); ]
    9231 (8.34362, 7.09815) -> [ ]
    9233 (8.49438, 19.6826) -> [ 2715 (9.65248, 20.4006); 9305 (9.71748, 20.4085); ]
    9234 (7.58427, 7.08885) -> [ 8191 (8.87166, 5.8438); ]
    9235 (7.01768, 5.50012) -> [ 3795 (7.93644, 4.26292); 7844 (7.82688, 4.38913); 7872 (7.96847, 4.01839); 9558 (8.05158, 4.15885); 9815 (7.64613, 4.69391); ]
    9238 (4.67458, 21.3525) -> [ 1670 (5.23274, 22.3241); 2907 (5.3605, 22.5628); 6202 (5.61254, 22.8472); 6411 (4.98288, 21.9083); 7881 (5.6064, 22.9898); 8683 (5.10327, 22.1401); ]
    9241 (12.6873, 8.23749) -> [ 2990 (13.64, 7.88548); 4692 (14.3675, 7.44585); 7840 (14.5178, 7.46644); ]
    9243 (20.7408, 24.2732) -> [ 4479 (20.9264, 24.6739); ]
    9245 (7.70614, 23.2083) -> [ 4885 (8.85872, 24.6602); ]
    9248 (7.02201, 17.4478) -> [ 2163 (8.35091, 18.0645); 3288 (8.01913, 17.9725); 4902 (8.80196, 18.2278); ]
    9249 (19.4419, 19.2134) -> [ 38 (20.3364, 20.8268); 2467 (20.52, 20.8618); 9970 (20.3903, 20.8952); ]
    9251 (20.0175, 11.3069) -> [ 168 (20.2571, 11.3937); 411 (20.4231, 11.3388); 4414 (21.9334, 11.5642); 4524 (20.3067, 11.3633); 9028 (21.8116, 11.5603); ]
    9252 (16.2099, 5.33886) -> [ 7119 (16.7906, 5.02601); ]
    9253 (24.059, 8.2294) -> [ 1863 (24.7097, 8.18106); ]
    9255 (13.2336, 22.2144) -> [ 1728 (14.7123, 22.9717); 4023 (14.5671, 22.9298); 8329 (14.701, 22.9232); ]
    9256 (8.44837, 20.8947) -> [ 6569 (9.79885, 22.0557); ]
    9257 (15.9705, 12.8928) -> [ 1512 (17.1847, 14.2129); 2038 (16.6726, 13.777); 2230 (16.8664, 13.8294); 7655 (16.9894, 13.9539); 9524 (17.1015, 14.1758); ]
    9258 (6.84651, 18.5838) -> [ 8236 (8.11235, 19.3776); 8269 (7.31762, 18.8921); ]
    9259 (8.64312, 22.7919) -> [ 2053 (9.46444, 23.7554); 2198 (9.16805, 23.2734); 2390 (9.53574, 23.7367); 5032 (9.71703, 23.9448); ]
    9261 (11.075, 22.7715) -> [ 914 (12.2805, 23.712); 1936 (12.2079, 23.6445); 7062 (11.8438, 23.3832); ]
    9262 (18.0448, 14.8906) -> [ 5755 (19.195, 16.1396); ]
    9263 (7.98924, 9.34659) -> [ ]
    9266 (3.5019, 6.98333) -> [ 1425 (4.20048, 5.29323); 3446 (3.95166, 5.10456); 4731 (4.08777, 5.46146); 4851 (4.25142, 5.23116); 7581 (3.68845, 5.9386); ]
    9267 (7.58708, 23.5225) -> [ 4817 (7.71234, 23.6705); ]
    9268 (20.0472, 14.3858) -> [ 905 (21.1921, 15.1371); ]
    9269 (23.0474, 18.2239) -> [ 6271 (23.4748, 18.5429); ]
    9270 (2.40503, 2.06441) -> [ 469 (2.49794, 1.14827); 8665 (2.49337, 1.36653); ]
    9272 (14.9893, 15.5919) -> [ 2772 (15.347, 17.2513); 5407 (15.2109, 17.2608); 5714 (15.1656, 16.57); 8813 (15.1833, 16.846); ]
    9273 (18.3438, 0.96659) -> [ 3838 (19.4546, 0.0575441); ]
    9275 (2.33924, 20.3252) -> [ 409 (2.57747, 21.396); 477 (2.47038, 20.9353); 1404 (2.57792, 21.3393); 5211 (2.44874, 20.6817); 5466 (2.60304, 21.6447); 9723 (2.47848, 20.7999); ]
    9276 (6.51274, 5.98728) -> [ 956 (7.00817, 5.26053); 1833 (6.95556, 5.35575); 7071 (7.04628, 5.22645); ]
    9278 (23.2483, 15.8109) -> [ 2876 (24.016, 16.6481); 3096 (23.2716, 15.8942); 5886 (23.9825, 16.6018); 9852 (24.3063, 16.9974); ]
    9280 (18.1367, 17.0258) -> [ 2738 (19.2507, 18.4591); 5939 (19.0351, 18.4403); ]
    9281 (18.9177, 15.3878) -> [ 5956 (20.0189, 16.5091); ]
    9283 (24.0546, 11.3014) -> [ 5334 (24.8991, 11.4297); ]
    9284 (19.0728, 17.2512) -> [ 4011 (19.666, 17.8849); 9166 (19.2729, 17.4739); ]
    9285 (23.0996, 10.6229) -> [ 187 (24.5009, 10.8439); 1075 (24.2647, 10.8613); 6132 (23.9603, 10.7052); 7025 (23.5981, 10.7347); 7187 (23.5505, 10.7201); ]
    9286 (7.47203, 22.0134) -> [ 524 (7.87852, 22.4061); 867 (8.04637, 22.5672); 1252 (8.514, 22.9653); 2074 (8.75765, 23.5431); 5232 (8.46384, 23.0223); 7038 (7.86475, 22.4818); 7452 (8.54916, 22.994); 9377 (8.65056, 23.4256); ]
    9287 (19.6339, 7.5887) -> [ 6517 (20.0757, 7.4841); ]
    9288 (0.305076, 3.97222) -> [ 2672 (0.270542, 3.14229); 5632 (0.206054, 2.15184); ]
    9289 (6.9719, 3.31167) -> [ 5583 (7.49135, 2.29714); ]
    9290 (1.40397, 6.05653) -> [ 2879 (1.51144, 4.27096); 3843 (1.42784, 4.3917); 6907 (1.47408, 4.97924); ]
    9291 (3.20835, 3.38817) -> [ 5266 (3.48179, 2.35723); 5699 (3.59899, 1.81815); 5845 (3.3203, 2.85669); 6442 (3.54808, 1.69858); ]
    9292 (14.5335, 12.4527) -> [ 1723 (14.4893, 13.3235); 1937 (14.9126, 13.784); 4675 (14.8353, 13.7573); 8573 (14.5679, 12.9591); ]
    9293 (21.2272, 9.17069) -> [ 8121 (22.5059, 9.13689); 8632 (22.2866, 9.13072); ]
    9294 (18.9205, 24.5449) -> [ 2290 (18.9828, 24.5495); ]
    9296 (10.3226, 4.76584) -> [ 6980 (11.592, 3.59407); 8105 (11.7583, 3.56753); ]
    9297 (19.9539, 4.32407) -> [ 2601 (21.2763, 3.68427); 5041 (21.1449, 3.79714); 5235 (20.6907, 3.88212); 6112 (20.6717, 3.96417); ]
    9298 (22.7559, 21.0033) -> [ 5505 (23.9351, 22.3964); ]
    9299 (14.0424, 7.40032) -> [ 1170 (14.6292, 7.13779); 3673 (15.7303, 6.65092); 9239 (15.5886, 6.72574); ]
    9301 (1.83359, 6.71905) -> [ 2554 (1.96612, 5.71511); ]
    9302 (3.12867, 16.8557) -> [ 2373 (4.61902, 18.0801); ]
    9303 (5.47348, 19.4) -> [ 1551 (6.09192, 20.0928); 4204 (6.56614, 20.4658); 8417 (6.89364, 20.8036); ]
    9304 (9.74011, 18.244) -> [ ]
    9305 (9.71748, 20.4085) -> [ 1839 (11.3245, 21.3891); 4384 (11.3207, 21.3807); 5048 (10.3677, 20.8169); ]
    9306 (10.0658, 16.6538) -> [ 4106 (10.4156, 16.8664); 7834 (11.6926, 17.8008); ]
    9307 (11.4266, 17.4372) -> [ 1911 (12.6984, 18.1733); 6737 (12.033, 17.8288); 7265 (12.3633, 18.0404); ]
    9308 (22.4053, 18.7614) -> [ 6261 (23.6313, 19.7658); ]
    9309 (5.89239, 10.7248) -> [ 2042 (6.33309, 10.5071); 3109 (7.09763, 10.0958); 4394 (6.60887, 10.4174); ]
    9310 (6.44459, 5.73634) -> [ 5000 (7.08204, 4.82308); 9966 (7.23145, 4.62212); ]
    9314 (14.8205, 20.2208) -> [ 52 (15.5741, 20.711); 4166 (16.0205, 21.0682); 7117 (16.2139, 21.2629); 7356 (15.6506, 20.7603); 7717 (16.2074, 21.3691); 8952 (15.8668, 20.9084); ]
    9315 (21.3526, 12.8565) -> [ 2143 (22.5806, 13.3013); 3639 (22.6818, 13.3562); 3692 (22.4437, 13.2805); 6750 (23.0541, 13.4195); ]
    9317 (23.6761, 15.1565) -> [ 342 (24.8309, 16.2415); 1467 (24.8389, 16.3336); 1813 (24.7961, 16.09); 4323 (24.8485, 16.312); 5276 (24.5232, 16.0857); ]
    9318 (2.15123, 22.1206) -> [ 2216 (2.35907, 23.5193); ]
    9319 (15.3297, 20.4316) -> [ 1027 (15.9636, 20.8531); 1088 (16.5835, 21.2243); ]
    9322 (2.35798, 13.8675) -> [ 1256 (2.7543, 13.515); ]
    9323 (15.302, 21.0437) -> [ 1755 (16.4825, 22.0264); 4150 (16.3137, 21.8269); 7767 (16.6778, 22.2254); ]
    9324 (2.06046, 11.6223) -> [ 602 (2.95619, 10.0808); 946 (2.11046, 11.6022); 2894 (2.47883, 10.9871); 3113 (2.32052, 11.1722); 3278 (2.96297, 10.2017); 3525 (2.78727, 10.5354); 3555 (2.68296, 10.3769); 4200 (2.72398, 10.6424); 4771 (2.11477, 11.3266); 5102 (2.34321, 10.8036); 5814 (2.73657, 10.2422); 6533 (2.24634, 11.2294); 6902 (2.61539, 10.4309); 7478 (3.13355, 9.95324); 8171 (2.69816, 10.6014); 8829 (2.45403, 10.671); 9972 (2.56851, 9.99173); ]
    9325 (18.4255, 10.8592) -> [ 1306 (20.289, 11.189); 5752 (20.1917, 11.1477); 9691 (20.1629, 11.2065); ]
    9326 (18.2272, 20.8251) -> [ 4722 (18.6689, 21.9959); ]
    9327 (4.79531, 17.5324) -> [ 4652 (6.09801, 18.4466); ]
    9328 (22.03, 3.74521) -> [ 6742 (23.6081, 3.12883); ]
    9329 (1.48571, 3.72869) -> [ 4617 (1.52388, 2.76184); ]
    9332 (7.15444, 5.16223) -> [ 2628 (8.11571, 3.76346); 4038 (7.29752, 4.92003); 6600 (7.95454, 3.74784); ]
    9333 (8.24288, 7.05019) -> [ ]
    9334 (8.23194, 3.19969) -> [ 2107 (8.73865, 2.47814); 3017 (8.41247, 2.87393); 3189 (9.25413, 1.73037); ]
    9337 (13.918, 9.17857) -> [ ]
    9338 (12.4056, 20.9374) -> [ 5295 (13.68, 21.6174); ]
    9340 (6.27995, 16.6375) -> [ 2891 (7.4605, 17.0537); 8004 (7.14853, 16.9519); ]
    9341 (7.39689, 6.0711) -> [ 3304 (8.26432, 4.9246); 7545 (8.53728, 4.70555); ]
    9342 (2.87514, 9.37603) -> [ 287 (3.43846, 7.96046); 442 (3.38272, 7.96024); 840 (3.1963, 8.76783); 3578 (3.19967, 8.59722); 4244 (3.12248, 8.61783); 5460 (3.24488, 8.59234); 5865 (3.20319, 8.70698); 6107 (3.49791, 8.17574); 6121 (3.12318, 8.7915); 6501 (3.24542, 8.48702); 6970 (3.16856, 8.5747); 7481 (3.21954, 8.74135); 7582 (3.09079, 8.98765); 8059 (3.27645, 8.67855); ]
    9343 (9.23669, 18.4462) -> [ 3440 (10.4248, 19.0192); 4265 (10.5491, 19.0498); 5677 (11.0493, 19.1741); ]
    9344 (5.58371, 2.91653) -> [ ]
    9345 (24.5691, 23.5237) -> [ ]
    9346 (18.8694, 24.8662) -> [ 4618 (19.1346, 24.9994); ]
    9348 (19.0466, 23.0463) -> [ 4091 (19.6359, 24.6112); ]
    9350 (14.1199, 7.32928) -> [ 2300 (14.9714, 6.87879); ]
    9351 (7.00209, 14.6162) -> [ 2707 (7.70135, 15.4136); 3508 (6.99347, 14.6625); 3526 (7.33847, 15.0393); 7757 (7.32994, 14.9887); ]
    9353 (5.56879, 18.773) -> [ 7264 (7.0176, 20.0231); ]
    9355 (12.8517, 5.00832) -> [ 654 (14.3397, 3.92132); ]
    9356 (12.8783, 6.03153) -> [ 1130 (14.5113, 4.97997); 2729 (14.1618, 5.23831); 3405 (13.5739, 5.61667); 4971 (13.7162, 5.52586); ]
    9357 (10.7883, 20.2433) -> [ 2148 (12.0653, 21.038); ]
    9358 (20.2232, 6.85843) -> [ 5458 (21.4618, 6.45162); ]
    9360 (5.03245, 16.5602) -> [ ]
    9361 (22.0296, 5.71001) -> [ 2476 (22.7426, 5.54103); 2752 (23.8627, 5.14042); 4536 (22.6537, 5.55288); 9024 (23.6103, 5.212); ]
    9363 (16.3528, 21.0041) -> [ 1010 (16.8476, 21.3821); 3782 (17.1423, 21.5395); ]
    9364 (6.71688, 11.9338) -> [ 3806 (7.46463, 11.8197); ]
    9367 (15.6094, 8.94247) -> [ 3587 (15.6699, 8.93539); 7007 (17.069, 8.81361); ]
    9368 (9.83986, 19.5783) -> [ 8413 (11.3279, 20.3734); ]
    9370 (1.51772, 6.04464) -> [ 6502 (1.54535, 5.30606); ]
    9371 (7.63263, 21.833) -> [ 958 (9.01793, 23.2368); 2989 (8.83088, 23.1347); 9435 (8.12476, 22.48); ]
    9374 (19.4251, 7.88789) -> [ 7839 (21.3177, 7.61755); 8389 (21.389, 7.60808); ]
    9375 (1.36044, 3.18557) -> [ 4010 (1.30642, 1.46229); 7070 (1.37348, 2.84715); ]
    9376 (12.6653, 21.5394) -> [ 1849 (13.0458, 21.8345); ]
    9377 (8.65056, 23.4256) -> [ 1947 (9.73411, 24.6026); 3327 (9.87874, 24.8371); ]
    9379 (7.13577, 9.29916) -> [ 344 (7.97233, 8.78252); 3059 (8.76299, 8.20521); 6056 (7.92512, 8.80847); 7141 (7.9666, 8.72391); 9070 (8.56529, 8.32852); 9959 (8.34692, 8.45604); ]
    9381 (10.4662, 0.71131) -> [ ]
    9384 (22.3848, 15.5299) -> [ 2699 (23.7493, 16.9849); 4229 (23.2816, 16.4017); ]
    9385 (21.2947, 9.38034) -> [ 1324 (21.7605, 9.37349); 4413 (21.3888, 9.41169); 4812 (21.83, 9.34994); 4954 (22.2595, 9.33233); 6728 (22.3032, 9.37853); ]
    9386 (4.0915, 9.41556) -> [ 4930 (4.83746, 8.31804); 8241 (4.89742, 8.25747); ]
    9387 (7.09133, 9.22487) -> [ 2258 (8.60251, 8.18613); 6424 (7.62853, 8.8687); ]
    9388 (19.345, 10.2103) -> [ 3788 (21.0112, 10.4086); 8912 (19.6966, 10.246); ]
    9389 (7.90765, 4.36509) -> [ 606 (8.55964, 3.51131); 640 (8.89619, 3.0657); 1422 (8.91599, 3.02897); ]
    9390 (11.188, 9.24785) -> [ 266 (12.3756, 8.85994); 601 (12.3748, 8.98282); 6856 (12.2589, 8.89221); ]
    9391 (20.9318, 4.62716) -> [ 1499 (22.6558, 3.94118); 5468 (21.3014, 4.45859); ]
    9392 (20.6798, 8.62514) -> [ ]
    9393 (10.5851, 7.3239) -> [ 7094 (11.9217, 6.43498); 7164 (11.5696, 6.65131); ]
    9394 (3.19276, 16.6338) -> [ 2407 (4.62089, 17.6611); 6541 (4.38005, 17.4848); ]
    9395 (3.49102, 20.5108) -> [ 6705 (3.75139, 21.0425); ]
    9396 (19.5188, 20.259) -> [ 4621 (20.2909, 21.5383); 5076 (20.3501, 21.5945); 6447 (19.7339, 20.6501); ]
    9398 (3.02097, 5.47099) -> [ 2725 (3.26779, 3.99511); 4608 (3.29731, 4.31501); ]
    9400 (2.2953, 0.720842) -> [ 9800 (2.30572, 0.00969673); ]
    9401 (7.80799, 10.3662) -> [ 1909 (9.45793, 9.62388); 6286 (9.55693, 9.59929); ]
    9402 (15.3096, 6.62651) -> [ 688 (16.831, 5.93023); 6170 (17.0334, 5.75094); 8193 (16.79, 5.86941); ]
    9403 (12.2341, 1.99612) -> [ 2579 (13.3712, 0.80882); 9458 (13.5193, 0.627445); ]
    9406 (17.7091, 20.1008) -> [ 518 (18.1031, 21.0854); 661 (18.3323, 21.8549); 2000 (18.3924, 21.975); 8691 (18.0794, 21.0775); ]
    9407 (14.5974, 15.9739) -> [ 4678 (14.4598, 17.3841); ]
    9408 (20.3834, 16.0489) -> [ ]
    9410 (23.6987, 12.4785) -> [ 1608 (24.84, 12.8209); 6555 (24.6726, 12.8444); ]
    9412 (2.59734, 4.05655) -> [ 1429 (2.80466, 2.71434); ]
    9413 (23.6633, 22.9361) -> [ ]
    9414 (24.8402, 19.6941) -> [ 1978 (24.8926, 19.8784); ]
    9415 (3.62383, 4.13044) -> [ 108 (3.85622, 3.10775); ]
    9419 (17.78, 22.4881) -> [ 3038 (18.4797, 23.0401); ]
    9423 (6.69978, 0.910504) -> [ ]
    9424 (18.3398, 2.61027) -> [ 5911 (19.655, 1.82228); 9003 (19.6217, 1.82665); ]
    9425 (15.3528, 2.77123) -> [ 1399 (15.8113, 2.46873); 6392 (16.056, 2.30458); ]
    9426 (7.31966, 6.39488) -> [ 4503 (7.84652, 5.74106); 6620 (8.20521, 5.27809); 7964 (8.1372, 5.3092); ]
    9427 (20.2205, 6.09004) -> [ 5821 (21.9454, 5.48689); ]
    9428 (20.3459, 3.74091) -> [ 1845 (21.9897, 2.87247); ]
    9429 (3.63535, 17.639) -> [ 8051 (4.50389, 18.4889); 9799 (4.58069, 18.5724); ]
    9430 (14.764, 4.6157) -> [ 3649 (16.3747, 3.52667); ]
    9431 (20.7994, 19.3779) -> [ ]
    9434 (21.3769, 3.04941) -> [ 3887 (22.0587, 2.73298); 4310 (22.6175, 2.44479); 6390 (21.8589, 2.82274); ]
    9435 (8.12476, 22.48) -> [ 1242 (9.09909, 23.4821); ]
    9437 (9.53017, 20.2393) -> [ 848 (11.2074, 21.2518); 1571 (11.1092, 21.1325); ]
    9438 (4.75397, 19.68) -> [ ]
    9440 (0.609095, 17.2906) -> [ 7449 (0.376097, 18.5745); ]
    9442 (4.34099, 21.577) -> [ 4633 (4.48767, 22.0393); 9485 (4.61052, 22.1517); ]
    9443 (1.12494, 11.1359) -> [ 77 (1.36359, 9.40923); 2433 (0.961134, 9.55933); 6905 (1.15448, 10.3509); 8346 (1.23521, 10.4269); ]
    9445 (18.3542, 2.67757) -> [ 1827 (19.9835, 1.65278); 5764 (19.8385, 1.74962); ]
    9447 (6.03321, 2.19992) -> [ 973 (6.70105, 0.427803); 2568 (6.20621, 1.59571); ]
    9448 (21.8393, 18.5469) -> [ 2800 (23.0368, 19.7486); ]
    9449 (22.6437, 23.5992) -> [ 2523 (23.2463, 24.4763); ]
    9450 (7.37252, 9.84391) -> [ 8446 (8.39626, 9.32897); ]
    9451 (10.5579, 2.71164) -> [ 418 (11.2834, 1.85028); 759 (11.0321, 2.36733); 1334 (11.1415, 2.04065); 2549 (11.6793, 1.38665); 2619 (11.7542, 1.45304); 2935 (11.6335, 1.56177); 3089 (11.7801, 1.51196); 3341 (11.3854, 1.91023); 3421 (11.778, 1.4706); 5721 (11.4111, 1.92171); 5936 (10.9844, 2.10919); 5976 (11.8103, 1.17266); 7301 (11.1062, 2.07557); 8014 (11.1648, 2.19133); 8114 (11.4182, 1.89682); 8561 (11.6133, 1.6283); ]
    9453 (9.21505, 1.97439) -> [ 3688 (9.36669, 1.65602); 5457 (9.91254, 0.684187); ]
    9454 (6.19277, 1.93084) -> [ 2445 (6.94637, 0.227177); 6083 (6.2036, 1.87741); ]
    9457 (8.08741, 4.54553) -> [ 5855 (8.84374, 3.38105); ]
    9458 (13.5193, 0.627445) -> [ 6211 (13.9307, 0.127144); ]
    9460 (8.18418, 5.92155) -> [ 2177 (8.47913, 5.48885); 3939 (8.73256, 5.30498); 7410 (8.9743, 4.95618); 7945 (9.32638, 4.68062); ]
    9461 (13.8377, 23.2577) -> [ 473 (14.0939, 23.3821); 1938 (14.7517, 23.8014); ]
    9464 (12.7577, 2.01449) -> [ 2968 (13.8418, 0.974187); ]
    9465 (12.8456, 17.7676) -> [ 9593 (14.4287, 18.5485); ]
    9466 (14.6626, 5.89875) -> [ 5519 (16.0784, 5.10013); 5902 (15.89, 5.22905); ]
    9467 (22.5998, 8.73429) -> [ 3357 (24.4316, 8.61702); 3808 (22.8532, 8.7151); 8753 (24.0976, 8.5964); ]
    9468 (16.1924, 23.8488) -> [ 2932 (16.5119, 24.031); ]
    9469 (12.1194, 5.76954) -> [ 3169 (12.8187, 5.39281); ]
    9470 (23.6181, 5.57284) -> [ 8706 (24.4277, 5.29517); ]
    9472 (8.10019, 10.3261) -> [ 4235 (8.51032, 10.141); ]
    9474 (16.7598, 18.9536) -> [ ]
    9475 (7.67808, 9.64864) -> [ 1314 (8.71817, 9.0426); ]
    9476 (22.1436, 9.4897) -> [ 227 (22.2574, 9.48973); 967 (23.3897, 9.55936); 6472 (22.5344, 9.55288); 7399 (24.0493, 9.5116); ]
    9477 (8.70852, 16.4773) -> [ 7441 (8.75157, 16.4934); 9150 (9.83229, 17.324); 9930 (10.199, 17.5702); ]
    9479 (22.3225, 21.3674) -> [ 404 (23.2037, 22.4884); ]
    9480 (14.9858, 19.1921) -> [ 7480 (16.1631, 19.842); ]
    9481 (11.9518, 6.45553) -> [ 6373 (13.5962, 5.34848); ]
    9482 (15.6956, 13.3169) -> [ ]
    9483 (1.96669, 7.44886) -> [ 5191 (2.04238, 6.46783); ]
    9486 (19.5737, 2.8916) -> [ 268 (20.2041, 2.5461); ]
    9487 (23.1015, 10.0204) -> [ 4301 (24.653, 10.0563); ]
    9488 (14.3368, 7.60288) -> [ 1995 (15.0095, 7.32198); ]
    9489 (12.9124, 0.694313) -> [ 1119 (13.3313, 0.180634); ]
    9491 (7.3077, 22.019) -> [ 610 (7.96979, 22.728); 1570 (8.04102, 23.0035); 2020 (7.86007, 22.6656); 3328 (7.58972, 22.4686); ]
    9493 (12.2206, 18.0785) -> [ 1470 (13.6162, 19.0389); ]
    9494 (1.81247, 9.90794) -> [ 16 (1.80054, 9.07522); 1490 (1.81051, 8.93207); 1683 (1.94738, 8.95667); 3658 (1.84092, 9.05374); ]
    9495 (23.5771, 23.7334) -> [ 3766 (24.6056, 24.9888); 4131 (24.1743, 24.5504); ]
    9496 (21.8767, 1.61296) -> [ 2478 (22.0072, 1.48041); 3272 (23.3938, 0.616388); 5989 (22.2259, 1.35145); 8574 (22.4611, 1.29696); ]
    9498 (0.951482, 6.27534) -> [ ]
    9499 (5.19411, 15.7638) -> [ 1485 (6.223, 15.8786); 3426 (5.98323, 15.9081); 8340 (6.50538, 15.925); ]
    9500 (1.828, 11.2447) -> [ 1190 (1.83758, 11.1016); 2041 (2.39865, 9.84043); 2238 (1.91542, 10.7076); 2375 (2.22324, 10.2265); 3379 (1.85742, 10.8737); 3596 (2.27777, 10.0814); 4163 (2.62681, 9.81556); 5512 (2.64997, 9.42769); 5520 (1.8446, 10.941); 8298 (2.02133, 10.8755); ]
    9501 (6.03917, 2.55186) -> [ 692 (6.30313, 1.90045); 2780 (6.75451, 1.03196); 3081 (6.88557, 0.883157); 6912 (6.22552, 1.9941); 7092 (6.31538, 2.00689); 7389 (6.83733, 0.828811); 9423 (6.69978, 0.910504); ]
    9503 (22.982, 5.3396) -> [ 3068 (24.8491, 4.6859); ]
    9506 (2.02363, 11.5425) -> [ 1380 (2.05275, 11.1234); ]
    9507 (2.10006, 12.5341) -> [ 1656 (2.83071, 11.8979); 2200 (2.26498, 12.365); 2491 (2.90986, 11.8001); 3061 (3.52693, 11.292); 3678 (2.83357, 11.4444); 4162 (2.38585, 12.4128); 7538 (2.40745, 12.2777); 8150 (3.30677, 11.4065); ]
    9510 (3.65192, 1.16244) -> [ 870 (3.81109, 0.310269); 4461 (3.83989, 0.469757); ]
    9511 (17.9849, 4.9996) -> [ 8872 (19.6034, 4.24594); ]
    9512 (20.0763, 4.48263) -> [ 94 (21.6906, 3.66216); 132 (20.4895, 4.27058); 8457 (21.4225, 3.81842); ]
    9513 (14.1795, 4.54285) -> [ 2452 (15.252, 3.85098); 5953 (14.9904, 3.97725); 6456 (15.2308, 3.82163); 9191 (14.43, 4.35463); 9685 (14.6063, 4.20532); ]
    9514 (14.1952, 23.1791) -> [ 798 (14.7516, 23.472); 7335 (15.1775, 23.7361); 8077 (15.6801, 24.0621); ]
    9515 (18.9904, 10.5671) -> [ 4380 (20.5353, 10.7879); 5237 (20.1226, 10.713); 5469 (20.2446, 10.7369); ]
    9516 (16.9291, 11.9105) -> [ 2279 (18.2467, 12.5559); ]
    9517 (23.5002, 14.3207) -> [ 1017 (23.9727, 14.6224); ]
    9519 (16.2953, 5.34873) -> [ 5379 (17.4506, 4.74176); ]
    9520 (23.8073, 8.5525) -> [ 8000 (24.3804, 8.49849); ]
    9521 (6.11332, 21.7371) -> [ 2162 (7.11097, 23.0824); 2213 (7.27858, 23.2304); 5111 (6.65292, 22.3618); ]
    9522 (0.84781, 7.78317) -> [ 363 (0.759605, 6.25596); 493 (0.786385, 6.10219); 1773 (0.742172, 5.79533); 6327 (0.762627, 6.82474); 6485 (0.762521, 7.18247); 7541 (0.925531, 6.92404); ]
    9524 (17.1015, 14.1758) -> [ 925 (17.3267, 14.452); 1250 (17.4836, 14.6066); 2543 (17.9208, 15.0455); 3942 (18.3215, 15.6893); 6408 (17.8361, 15.0318); 6963 (17.9402, 15.1247); 8261 (18.2169, 15.4211); ]
    9526 (6.97719, 6.60597) -> [ 3872 (7.8886, 5.80534); 9074 (8.34408, 5.27413); 9341 (7.39689, 6.0711); ]
    9527 (6.89834, 12.1525) -> [ 3585 (7.24897, 12.1078); ]
    9528 (17.02, 18.7699) -> [ 1763 (17.6684, 20.1858); ]
    9529 (9.22029, 16.2607) -> [ 484 (9.43275, 16.4727); 1441 (9.92486, 16.9691); 2489 (9.6639, 16.6512); 8152 (10.3254, 17.1825); ]
    9530 (20.5644, 17.3476) -> [ 109 (21.9243, 18.7286); ]
    9531 (13.6262, 7.18236) -> [ 3124 (14.4905, 6.73419); 8200 (14.4558, 6.74049); 8535 (15.4135, 6.37704); ]
    9533 (17.4621, 18.4723) -> [ 9790 (17.9364, 19.5471); ]
    9534 (14.0944, 6.14217) -> [ 1029 (14.986, 5.66006); ]
    9535 (9.59568, 4.13834) -> [ 3574 (10.6416, 2.91256); 6256 (10.7148, 2.60992); 8061 (10.4963, 3.06037); ]
    9536 (17.4351, 18.5445) -> [ 3983 (18.1948, 20.308); 5871 (18.0422, 19.8418); ]
    9537 (14.2943, 10.8857) -> [ 4848 (15.5404, 11.8605); 5588 (15.8481, 12.0616); 8901 (15.969, 11.8778); ]
    9538 (22.7211, 2.17261) -> [ 5396 (24.0328, 1.42679); 5857 (24.3321, 1.21603); ]
    9540 (22.1331, 5.5959) -> [ 1038 (23.932, 4.96327); 1089 (23.6166, 5.10046); 3351 (23.2046, 5.22475); 3472 (22.4307, 5.51359); 9503 (22.982, 5.3396); 9598 (22.8901, 5.33347); ]
    9541 (16.5102, 8.43765) -> [ 2353 (18.0607, 8.19231); ]
    9542 (4.25477, 12.1288) -> [ 643 (5.39106, 11.6892); 4239 (5.42976, 11.7177); 4569 (5.75854, 11.5739); ]
    9544 (12.4116, 18.7173) -> [ 2194 (13.8836, 19.7653); 7969 (13.8938, 19.9862); ]
    9547 (2.73395, 11.0447) -> [ 3624 (3.50043, 9.70285); ]
    9548 (15.3491, 21.9311) -> [ 5776 (15.5113, 22.085); ]
    9549 (1.68573, 20.8877) -> [ 4952 (1.9072, 22.7984); 5725 (1.85171, 22.6221); ]
    9550 (9.26414, 4.12174) -> [ 244 (9.70079, 3.55087); 1443 (10.0585, 3.33297); 1998 (10.3976, 2.842); 2681 (9.72987, 3.59429); 3919 (10.6272, 2.77053); 4982 (10.0799, 3.18255); 5306 (9.34184, 4.06293); 5594 (10.3948, 2.80183); 7210 (9.51325, 3.69315); 7295 (9.81386, 3.44389); 8518 (9.66993, 3.65689); 8964 (9.81895, 3.39405); 9451 (10.5579, 2.71164); ]
    9551 (18.7888, 16.6214) -> [ 1885 (20.0693, 18.0679); 2113 (19.6198, 17.5721); 3576 (19.5184, 17.383); 5447 (19.6732, 17.6192); ]
    9552 (19.3917, 8.03) -> [ 427 (21.3455, 7.79103); ]
    9553 (19.9064, 22.317) -> [ 4070 (20.5548, 23.5254); 5754 (20.4515, 23.3247); ]
    9555 (24.0771, 8.30482) -> [ ]
    9556 (17.6917, 2.98101) -> [ 2546 (18.8389, 2.2554); 4058 (19.2651, 2.03041); 5963 (19.1241, 2.12096); ]
    9557 (24.2025, 14.2855) -> [ 854 (24.8725, 14.853); 5731 (24.7847, 14.8422); ]
    9558 (8.05158, 4.15885) -> [ 2047 (9.12102, 2.71256); 2254 (9.2802, 2.58578); 7227 (9.04515, 2.73025); 7681 (8.94269, 2.97344); 7983 (8.87766, 2.91944); 8783 (9.14599, 2.67188); ]
    9559 (5.54577, 12.7936) -> [ 2412 (5.64618, 12.788); 2434 (6.72783, 12.734); 2446 (6.59269, 12.7487); ]
    9560 (15.3217, 5.65376) -> [ 189 (16.3108, 5.11057); 5477 (16.8869, 4.71896); ]
    9562 (8.55076, 15.5963) -> [ 113 (9.75532, 16.4074); 1870 (9.30662, 16.0896); 2097 (9.66815, 16.3985); 2776 (8.59773, 15.6453); 3821 (9.99241, 16.6773); 9306 (10.0658, 16.6538); ]
    9563 (22.2367, 10.082) -> [ 984 (23.962, 10.2338); ]
    9564 (8.87138, 20.3994) -> [ 6229 (9.67141, 20.9453); 6700 (10.3917, 21.4181); 7836 (9.71887, 20.9933); ]
    9565 (23.0294, 9.69017) -> [ 3931 (24.8102, 9.7207); ]
    9566 (19.1292, 0.658533) -> [ 706 (19.9283, 0.0858048); ]
    9567 (6.5349, 17.0198) -> [ 1506 (6.89006, 17.187); 2742 (7.28054, 17.3334); 5580 (7.84435, 17.5614); ]
    9570 (1.00729, 7.54464) -> [ 5368 (1.05577, 7.35445); ]
    9571 (7.88365, 7.74666) -> [ 801 (9.21237, 6.45529); 3575 (9.26077, 6.33273); 6623 (8.46686, 6.91401); 9231 (8.34362, 7.09815); 9939 (8.62603, 7.06241); ]
    9572 (21.6253, 16.0401) -> [ 6621 (23.0955, 17.1538); 7114 (23.2414, 17.0377); 7669 (21.6575, 16.0602); 8667 (22.173, 16.4458); ]
    9574 (12.1012, 20.2497) -> [ 880 (12.9499, 20.6348); 4029 (13.6423, 20.9461); ]
    9576 (2.92226, 8.59569) -> [ 334 (3.59506, 6.80545); 1777 (3.68764, 6.76733); 3546 (3.13823, 7.48206); 5039 (3.44779, 7.45141); 5940 (3.09766, 7.73428); 5998 (3.08747, 7.74973); ]
    9577 (16.7329, 18.8819) -> [ 5383 (17.3167, 20.6249); 5662 (16.8295, 19.1084); 6823 (17.2481, 20.7907); 7169 (17.1555, 20.3079); 7630 (17.1628, 20.3772); ]
    9578 (16.1889, 18.0142) -> [ 1285 (16.5384, 19.6679); ]
    9579 (6.01623, 15.7402) -> [ 5185 (6.81103, 15.8123); ]
    9582 (8.18782, 4.77623) -> [ 1067 (8.45419, 4.3881); 2689 (8.67552, 3.97611); 3914 (8.29267, 4.66881); ]
    9583 (3.2849, 5.07351) -> [ 8207 (3.46606, 4.36846); ]
    9584 (16.9225, 17.3677) -> [ 8297 (17.305, 18.2643); 9536 (17.4351, 18.5445); ]
    9585 (16.0985, 4.6501) -> [ 4408 (17.8355, 3.74207); 5830 (17.4698, 3.87444); 6722 (17.2547, 4.01566); ]
    9586 (17.2061, 18.2692) -> [ 6802 (17.3554, 18.6457); 7956 (17.496, 19.0237); 8277 (17.7808, 19.7132); ]
    9587 (19.3717, 10.3946) -> [ 780 (20.2587, 10.4843); 1908 (20.9391, 10.5932); 1920 (20.4261, 10.5401); 8344 (20.4976, 10.5462); ]
    9588 (8.15372, 8.7283) -> [ 7824 (9.23313, 8.03253); 9018 (9.58356, 7.78579); 9125 (9.68467, 7.81873); ]
    9589 (21.2463, 6.24275) -> [ 2332 (22.9932, 5.71453); 3131 (23.026, 5.76135); 5630 (22.1993, 5.99088); ]
    9590 (6.67299, 20.0257) -> [ 8885 (7.60848, 20.8648); ]
    9591 (24.4196, 0.887091) -> [ 8177 (24.6992, 0.73508); ]
    9592 (3.57435, 18.7714) -> [ 4689 (4.28121, 19.8577); 8529 (4.59492, 20.4369); ]
    9594 (15.5789, 11.3994) -> [ 1013 (17.1605, 12.1464); 7136 (16.9631, 12.1002); ]
    9595 (14.4549, 21.9672) -> [ 3008 (15.0656, 22.3289); 5384 (16.0116, 22.7458); ]
    9598 (22.8901, 5.33347) -> [ 202 (24.7614, 4.67668); 1123 (24.1986, 4.81685); ]
    9604 (17.0204, 2.7994) -> [ 171 (18.0331, 2.02994); 2033 (17.52, 2.475); 3207 (18.4869, 1.8693); 6379 (18.3846, 1.8569); 8480 (17.8898, 2.22349); ]
    9605 (19.9262, 2.47994) -> [ 128 (20.3299, 2.25457); 5165 (21.6247, 1.59243); 5825 (20.2609, 2.29932); 6605 (20.9108, 1.95897); 6696 (21.1124, 1.79523); ]
    9606 (3.48749, 22.1254) -> [ 933 (3.97073, 23.3144); 1458 (3.74787, 22.6606); 1717 (3.70871, 22.7823); 9065 (4.04936, 23.8222); 9821 (3.9789, 23.404); ]
    9610 (16.8516, 16.4784) -> [ 2189 (17.591, 18.0255); 2613 (17.5364, 17.918); ]
    9612 (3.88193, 20.4858) -> [ 3266 (4.71018, 21.8975); 9040 (4.39567, 21.4696); ]
    9613 (0.848549, 2.94403) -> [ 2796 (1.00555, 2.13624); 3637 (0.863265, 2.84797); 3638 (0.803542, 2.26208); 3773 (0.821904, 2.79419); 5892 (1.05154, 1.43548); 6497 (0.952813, 1.69399); 6739 (1.0205, 1.647); 7263 (0.978948, 2.45235); 7310 (0.988763, 2.01498); 8867 (0.805791, 1.99301); ]
    9614 (22.7115, 1.91716) -> [ 3203 (23.8373, 1.40376); 4137 (23.6514, 1.38228); 6982 (24.2166, 1.05988); ]
    9615 (7.18162, 1.89571) -> [ 895 (7.61885, 1.24064); 1126 (7.87888, 0.791144); 4948 (7.47042, 1.53832); 6654 (7.67928, 1.15814); 7428 (7.37255, 1.53201); ]
    9616 (9.06572, 18.5797) -> [ 2397 (10.4865, 19.2368); 7777 (10.2552, 19.0444); ]
    9617 (21.03, 24.3126) -> [ 3714 (21.2533, 24.6504); ]
    9618 (0.324687, 22.7793) -> [ 1395 (0.178912, 24.7617); ]
    9620 (5.00759, 10.8363) -> [ 1419 (5.55317, 10.511); ]
    9621 (3.61537, 10.5385) -> [ 2119 (4.403, 9.54176); 7285 (4.93439, 9.06412); 8658 (4.59136, 9.06612); ]
    9622 (18.7742, 24.0661) -> [ 4823 (19.4383, 24.5394); 5367 (19.6194, 24.8031); 6991 (19.4246, 24.6134); 8734 (19.0384, 24.312); ]
    9623 (1.22722, 11.7727) -> [ 9 (1.3659, 11.0274); 150 (1.41536, 10.7879); 2289 (1.65384, 9.83036); 2556 (1.30091, 10.1806); 2940 (1.24657, 10.9643); 4051 (1.21922, 11.4543); 6976 (1.25677, 10.4654); 8104 (1.35363, 9.96645); 8739 (1.30001, 11.5916); ]
    9624 (5.58812, 4.82788) -> [ 1922 (6.07632, 3.87894); 3414 (6.10893, 4.11683); 5059 (6.22857, 3.64404); 9901 (6.27945, 3.50948); ]
    9625 (8.52544, 6.84114) -> [ 4001 (9.93981, 5.43567); 5152 (8.67039, 6.63028); 6073 (10.0068, 5.60929); 7126 (9.30548, 6.11287); 7370 (9.49299, 5.88589); 9094 (9.36744, 5.84595); ]
    9626 (11.3901, 21.2482) -> [ 3686 (12.1022, 21.6588); ]
    9627 (2.95675, 2.76376) -> [ 144 (3.25862, 1.18384); 5782 (3.14137, 1.72931); ]
    9628 (19.1541, 9.32834) -> [ 1550 (20.8802, 9.33641); 6028 (19.9741, 9.31533); ]
    9630 (13.1817, 9.64995) -> [ 3962 (14.4069, 9.77602); 4740 (13.6863, 9.68038); 6983 (13.9211, 9.89045); 7026 (13.3227, 9.63806); 8510 (14.9454, 9.7617); 8609 (14.4533, 9.6879); 9885 (15.0303, 9.98916); ]
    9631 (20.8571, 11.7738) -> [ 8060 (22.5466, 12.2221); 8090 (22.3285, 12.1154); 9611 (22.3948, 12.1545); ]
    9633 (20.5522, 21.4835) -> [ 667 (21.379, 22.8388); 3563 (21.4083, 22.8355); 3799 (21.1013, 22.3788); ]
    9634 (19.8917, 15.594) -> [ 1756 (20.8241, 16.3435); 2939 (20.6716, 16.313); 6885 (20.5128, 16.107); 9408 (20.3834, 16.0489); ]
    9635 (14.2586, 16.8531) -> [ 5074 (14.2565, 16.853); ]
    9637 (18.8122, 3.97945) -> [ 1103 (20.3183, 3.28105); 3395 (19.9486, 3.36993); 5093 (19.6609, 3.5656); 8868 (20.3589, 3.21888); ]
    9638 (21.0159, 10.4766) -> [ 1493 (22.9113, 10.5635); 3097 (21.3107, 10.5166); 5622 (21.2215, 10.4875); ]
    9639 (7.74841, 9.15475) -> [ 2293 (8.88757, 8.43205); 7019 (9.12338, 8.29181); ]
    9640 (8.25455, 15.8942) -> [ 1893 (9.57148, 16.9391); 4300 (8.66046, 16.3206); 6825 (8.97145, 16.6401); 9846 (8.99628, 16.6158); ]
    9642 (20.8009, 11.3919) -> [ 495 (22.7421, 11.7351); 3896 (22.3943, 11.6735); 5635 (22.324, 11.6524); 8725 (22.0174, 11.6161); ]
    9643 (22.0006, 18.2906) -> [ 1516 (22.3701, 18.5689); 4937 (23.1864, 19.376); 5195 (22.5082, 18.7739); ]
    9646 (8.14104, 18.2728) -> [ 1398 (9.08324, 18.7307); 3236 (9.05596, 18.673); 3368 (8.43983, 18.4241); 4889 (9.62475, 18.9444); 6790 (9.80781, 19.0008); 8073 (9.97066, 19.0716); 9200 (9.26804, 18.8298); 9823 (9.2611, 18.7836); ]
    9647 (11.5939, 23.3161) -> [ 3457 (13.1595, 24.5087); 4219 (12.1652, 23.7297); ]
    9649 (5.18304, 16.2529) -> [ 5968 (6.8864, 16.7945); 9340 (6.27995, 16.6375); ]
    9650 (24.171, 24.6706) -> [ 7879 (24.3184, 24.924); ]
    9653 (9.27728, 2.56788) -> [ 1074 (10.3795, 1.11875); ]
    9654 (15.2474, 15.8261) -> [ 4207 (15.5634, 17.3186); 5843 (15.3555, 16.4993); 7528 (15.3527, 16.6707); ]
    9655 (10.6134, 1.93213) -> [ 301 (10.8948, 1.59385); 2921 (11.1351, 1.28237); ]
    9656 (16.6857, 21.6115) -> [ 1955 (18.3169, 22.7265); 8647 (18.0526, 22.587); ]
    9657 (9.85228, 3.16437) -> [ 389 (10.8697, 1.8132); 3290 (10.4492, 2.39932); 5669 (10.9307, 1.84107); ]
    9658 (17.4157, 13.5545) -> [ 2165 (17.7945, 13.9377); 3106 (17.812, 13.8386); 7404 (18.4601, 14.3179); ]
    9659 (3.38393, 12.8208) -> [ 531 (4.44802, 12.6496); 620 (5.17095, 12.5114); 1701 (5.20298, 12.6527); 2028 (4.84429, 12.5225); 3764 (4.86692, 13.3511); 6111 (4.66153, 12.6496); 7207 (5.1739, 12.6077); ]
    9661 (23.9655, 21.5867) -> [ 1962 (24.66, 22.3467); ]
    9662 (18.8592, 21.0431) -> [ 1016 (19.209, 21.6083); 1325 (19.1241, 21.425); 3275 (19.5665, 22.4117); 3652 (19.511, 22.549); 4195 (19.2297, 21.6711); 6861 (19.7382, 22.6991); ]
    9663 (20.762, 19.8446) -> [ 1055 (21.8536, 21.4239); 4241 (21.7754, 21.1456); 6972 (21.7864, 21.2553); 7701 (21.8212, 21.3471); 7826 (21.7185, 21.2474); 8173 (21.7175, 21.0232); ]
    9665 (7.03171, 9.84559) -> [ 1699 (8.54176, 9.01545); 1836 (8.27282, 9.19733); 8575 (8.43822, 9.04785); 9263 (7.98924, 9.34659); ]
    9668 (21.3374, 19.8072) -> [ 3258 (22.4718, 21.2175); 4360 (22.2809, 20.9921); 5817 (22.5474, 21.3478); 6354 (22.6043, 21.3225); ]
    9669 (14.752, 20.6053) -> [ 2430 (15.9727, 21.6279); 6253 (15.6964, 21.3142); ]
    9670 (22.6829, 2.71582) -> [ 340 (24.0213, 2.10181); 3814 (24.1517, 2.02743); 4767 (23.5424, 2.31005); ]
    9671 (0.865266, 19.184) -> [ 8153 (0.800881, 20.8423); ]
    9674 (4.09943, 5.69824) -> [ 4751 (4.85348, 3.88458); ]
    9677 (7.572, 20.9135) -> [ 634 (8.8584, 22.2078); 5692 (8.72104, 21.97); 7496 (8.4617, 21.6751); 8862 (8.65807, 21.9711); ]
    9678 (13.6635, 18.524) -> [ 1651 (13.7682, 18.5847); 2052 (13.9795, 18.6598); 2266 (15.2928, 19.3902); 9480 (14.9858, 19.1921); ]
    9679 (23.9507, 15.8329) -> [ 2657 (24.8497, 16.8948); 8986 (24.9431, 16.9537); ]
    9682 (7.53708, 18.4841) -> [ 3119 (8.80898, 19.1896); 4374 (9.03805, 19.334); ]
    9683 (8.96317, 3.72002) -> [ 1778 (10.127, 2.22937); 2648 (9.92622, 2.29142); 4875 (9.94538, 2.30887); 5193 (10.1673, 2.12533); ]
    9684 (1.57292, 0.71183) -> [ 8662 (1.64641, 0.0322746); ]
    9685 (14.6063, 4.20532) -> [ 3650 (16.0627, 3.14883); ]
    9687 (17.9912, 2.42607) -> [ 6523 (19.3964, 1.54634); ]
    9688 (3.19892, 15.6046) -> [ 596 (5.06821, 16.1056); ]
    9689 (17.0489, 15.7121) -> [ 945 (17.8962, 16.8871); 5897 (17.2391, 15.9836); 6260 (17.8079, 16.8756); ]
    9690 (6.51007, 17.626) -> [ 901 (8.09769, 18.3888); 2679 (7.11292, 17.9052); 3352 (6.80711, 17.7829); 4381 (7.80272, 18.221); 9758 (7.73383, 18.2274); ]
    9692 (19.1092, 18.6323) -> [ 178 (19.8513, 19.7144); 1715 (20.1226, 20.0704); 2364 (19.5614, 19.3371); 7208 (20.0949, 20.0215); ]
    9693 (16.6264, 6.78428) -> [ 3168 (17.5949, 6.4313); 7474 (17.3218, 6.5734); ]
    9694 (20.209, 21.7346) -> [ 7604 (21.2109, 23.4123); 7859 (21.2159, 23.417); ]
    9695 (15.528, 9.09323) -> [ 68 (16.1477, 9.09361); 656 (17.0441, 8.90288); 7491 (16.9037, 9.03447); ]
    9697 (10.4435, 5.52188) -> [ 3404 (10.9167, 4.95113); 6115 (11.5626, 4.61062); 7642 (11.797, 4.26472); ]
    9698 (23.1283, 23.1589) -> [ 5604 (23.7881, 23.9503); 6002 (23.6097, 23.936); 9650 (24.171, 24.6706); ]
    9699 (17.404, 8.24623) -> [ 2370 (18.8964, 7.97311); 6109 (19.2604, 7.91222); ]
    9700 (4.57525, 6.95912) -> [ 1281 (5.46514, 5.35687); 2763 (5.36859, 5.48145); 4110 (5.04346, 6.23303); ]
    9701 (19.1872, 11.9011) -> [ 6717 (21.0254, 12.407); ]
    9702 (20.592, 14.068) -> [ 1221 (20.9355, 14.2327); 9108 (22.2851, 14.9701); ]
    9703 (18.1418, 14.662) -> [ 115 (18.9688, 15.4121); 4046 (19.455, 15.7505); 5161 (18.7322, 15.2554); 6582 (18.8986, 15.3164); 9281 (18.9177, 15.3878); ]
    9704 (8.8207, 19.0536) -> [ 9368 (9.83986, 19.5783); ]
    9706 (6.08814, 20.3369) -> [ 3066 (6.59847, 20.8506); 4319 (7.31118, 21.4351); ]
    9708 (7.43023, 23.1999) -> [ 845 (8.23068, 24.2883); 4871 (7.73525, 23.5459); 7570 (8.15439, 24.1386); 8655 (8.53165, 24.613); ]
    9709 (21.6456, 23.3157) -> [ 407 (22.4993, 24.5616); 2267 (22.125, 24.152); ]
    9711 (6.75249, 22.7009) -> [ 588 (7.72059, 24.0092); 8917 (7.43153, 23.6645); ]
    9713 (21.726, 8.19448) -> [ 2694 (23.6408, 7.99976); 6074 (23.3097, 8.00255); 8478 (22.3509, 8.09976); ]
    9714 (4.14403, 12.4241) -> [ 913 (5.89968, 12.0018); ]
    9715 (15.1895, 4.62542) -> [ 5652 (16.5801, 3.70882); ]
    9716 (10.6362, 5.07186) -> [ 165 (12.1418, 3.90316); 1848 (11.3765, 4.48439); 2391 (10.7843, 4.88191); 2424 (11.2556, 4.37169); 2695 (12.0382, 3.71019); 3024 (10.7169, 5.00786); 3034 (11.8151, 3.7676); 5433 (11.0993, 4.51925); 5434 (11.6229, 4.04994); 7190 (11.5841, 3.84814); 8409 (11.2993, 4.3594); 8528 (11.6652, 4.2548); 8572 (11.3893, 4.09682); ]
    9717 (6.36565, 21.5854) -> [ 3230 (7.40923, 22.9062); 6029 (7.13926, 22.5337); ]
    9718 (1.64673, 4.17546) -> [ 275 (1.73332, 2.96279); 570 (1.87375, 2.24166); 2510 (1.7521, 2.57746); 3437 (1.67807, 3.6749); ]
    9720 (23.5014, 22.8196) -> [ 8383 (24.6641, 24.2207); ]
    9721 (18.735, 10.5422) -> [ 4995 (20.4199, 10.8621); 8442 (20.5623, 10.8779); ]
    9724 (14.3343, 18.1876) -> [ 810 (14.8497, 18.4262); 2192 (14.82, 18.4711); 4787 (15.2802, 18.6069); ]
    9725 (21.5944, 10.9302) -> [ 1879 (21.8889, 10.9814); ]
    9726 (0.928142, 18.8124) -> [ 1183 (1.00607, 20.7381); 1320 (0.974735, 20.097); 3263 (0.917362, 19.6697); 3277 (0.907164, 19.2504); 4816 (0.95924, 19.7932); 5450 (1.01608, 20.2987); 7186 (0.948017, 20.4747); 7483 (0.812901, 20.7986); 7591 (0.938001, 19.9776); 8391 (0.920224, 19.7633); ]
    9728 (4.74942, 19.5719) -> [ 2586 (5.77779, 20.8925); 3812 (5.95444, 21.1306); 4546 (5.71891, 20.7736); 4632 (5.35863, 20.3235); 4790 (5.68473, 20.7278); ]
    9729 (12.6942, 23.6989) -> [ 86 (13.2285, 24.0153); ]
    9730 (0.599023, 17.8974) -> [ 2714 (0.317057, 19.5995); 3689 (0.570677, 18.104); ]
    9733 (9.67323, 7.88336) -> [ 5167 (11.1939, 6.86445); 8696 (10.8666, 7.13173); 9393 (10.5851, 7.3239); ]
    9735 (20.9431, 12.625) -> [ 724 (21.1946, 12.7027); 1985 (21.9572, 12.9467); 7232 (22.2689, 13.0828); 8385 (22.2237, 13.0417); 9931 (22.6459, 13.2257); ]
    9737 (14.1574, 23.6088) -> [ 88 (15.5759, 24.6139); 9433 (15.7764, 24.6215); ]
    9738 (5.26751, 3.69962) -> [ 226 (5.92244, 2.06766); 373 (5.75352, 2.64056); 2146 (6.00538, 2.05879); 5482 (5.94242, 2.28757); 9344 (5.58371, 2.91653); ]
    9740 (10.307, 4.55598) -> [ 53 (10.5363, 4.36686); 8812 (10.4571, 4.41967); ]
    9741 (22.6297, 11.2988) -> [ 4113 (24.0964, 11.4775); 5139 (24.2216, 11.4741); 6304 (23.5437, 11.4246); ]
    9744 (23.766, 22.5541) -> [ 3841 (24.1008, 22.8971); 4955 (24.7481, 23.7166); 7268 (24.2702, 23.1184); 9345 (24.5691, 23.5237); ]
    9745 (6.89998, 10.7252) -> [ 5397 (8.21165, 10.0077); ]
    9746 (4.69473, 7.9953) -> [ 1474 (5.59188, 6.26339); 3269 (5.51192, 6.3434); 4935 (5.5053, 6.71625); 5400 (5.35879, 6.77527); 5611 (5.38989, 6.73015); ]
    9747 (12.4155, 8.57806) -> [ 2600 (14.0654, 7.96826); ]
    9749 (14.5393, 24.1639) -> [ 2611 (14.9248, 24.3805); 6258 (15.8718, 24.9638); 6671 (15.3124, 24.5994); 7383 (15.7305, 24.8854); ]
    9751 (16.4161, 1.86599) -> [ 3193 (17.2666, 1.2565); 5510 (17.9584, 0.752396); 5614 (18.0367, 0.728154); 6702 (17.1911, 1.25698); ]
    9752 (9.99811, 6.17713) -> [ 1862 (10.7798, 5.49972); 4497 (11.4949, 4.89546); 8539 (11.4462, 5.00339); ]
    9753 (14.6881, 15.6923) -> [ 8058 (14.7252, 17.0578); ]
    9755 (2.78377, 11.7859) -> [ 147 (3.59171, 10.636); 3170 (3.51634, 10.6395); 3287 (3.04019, 11.5136); 4985 (3.71548, 10.6565); 5220 (3.63752, 10.3738); 7843 (2.81457, 11.7866); 9621 (3.61537, 10.5385); ]
    9756 (0.174659, 22.7285) -> [ 728 (0.0765895, 23.7889); 5280 (0.0376268, 24.0522); 8929 (0.0253937, 23.9159); 9404 (0.0969366, 23.3158); ]
    9757 (1.12539, 14.1769) -> [ 1616 (1.64925, 12.7635); 1811 (1.14407, 12.7174); 3121 (1.47971, 12.438); ]
    9758 (7.73383, 18.2274) -> [ 6 (8.74749, 18.6976); 3933 (9.39018, 19.1174); 6287 (8.46467, 18.4842); 7103 (9.22859, 18.981); ]
    9759 (8.98, 21.7142) -> [ 797 (10.2616, 22.8653); 2555 (9.34733, 22.0284); 3123 (10.4325, 23.0126); 3861 (10.1062, 22.7406); 3875 (9.48931, 22.1333); 4055 (10.2794, 22.7995); 4218 (9.5658, 22.256); 5005 (10.0261, 22.6001); ]
    9762 (3.77375, 5.2169) -> [ 236 (4.19739, 4.0125); 445 (3.89695, 4.38189); 1592 (3.93634, 4.23226); 1861 (3.86363, 4.8542); 3928 (3.97715, 4.71214); 5523 (3.96155, 4.49894); 5562 (4.15401, 3.56161); 6377 (4.28887, 3.50539); 6610 (4.20973, 3.82569); 6971 (3.98721, 4.02087); 7598 (4.16183, 3.93866); 7916 (4.26986, 3.95308); 7918 (4.00651, 4.28); ]
    9763 (1.71821, 5.91332) -> [ 4437 (1.84844, 4.88073); ]
    9766 (3.19311, 8.07935) -> [ 248 (4.02035, 6.35219); 2494 (3.21704, 8.01164); ]
    9767 (20.4253, 0.702057) -> [ 923 (21.3296, 0.133705); 2102 (21.2896, 0.107827); ]
    9770 (5.41289, 21.442) -> [ 1338 (6.49578, 22.9668); 3326 (5.85351, 22.1403); 4624 (6.27003, 22.7122); 8699 (6.26716, 22.7042); ]
    9771 (17.2623, 5.90655) -> [ 4775 (18.2604, 5.43313); 6233 (18.7591, 5.15151); ]
    9774 (9.36768, 5.09934) -> [ 766 (10.3275, 4.07571); 1098 (10.4204, 3.91145); 4999 (10.4697, 3.90125); ]
    9777 (5.41149, 3.11126) -> [ 2551 (5.60236, 2.73313); 4773 (6.10786, 1.51436); 7500 (6.20965, 1.28996); ]
    9778 (16.7333, 15.8145) -> [ 2101 (17.5683, 17.3529); ]
    9779 (21.5338, 22.144) -> [ 4111 (22.5502, 23.5102); 4690 (22.5508, 23.7325); ]
    9780 (19.343, 18.1688) -> [ 7650 (20.2798, 19.5955); ]
    9781 (8.60815, 7.41506) -> [ 6094 (9.83286, 6.41739); ]
    9782 (15.4635, 16.6159) -> [ 8788 (15.7235, 18.034); ]
    9783 (18.7873, 16.9403) -> [ 1867 (19.0371, 17.1961); 7958 (19.5205, 17.8288); 8723 (19.1439, 17.356); ]
    9784 (22.9654, 18.9854) -> [ 4936 (24.3735, 20.3636); ]
    9785 (5.30826, 20.6658) -> [ 192 (6.25662, 21.9628); 3868 (6.28823, 21.8059); 4502 (6.42503, 22.2237); 9521 (6.11332, 21.7371); ]
    9786 (9.93473, 24.5284) -> [ 4422 (10.1459, 24.7361); 7900 (10.1764, 24.712); ]
    9787 (19.3838, 8.77442) -> [ 3822 (19.8832, 8.73313); 6764 (21.3606, 8.53649); 9392 (20.6798, 8.62514); ]
    9788 (7.00254, 4.81204) -> [ 1904 (7.99915, 3.40966); 3523 (7.36887, 4.35204); 6733 (7.71417, 3.83529); ]
    9789 (15.8235, 23.6382) -> [ 1648 (16.4048, 23.9436); 4174 (17.2372, 24.4114); 4693 (16.318, 23.9638); 5307 (16.6667, 24.1257); 6437 (17.3221, 24.5347); 7924 (17.0921, 24.2961); ]
    9790 (17.9364, 19.5471) -> [ 733 (18.7416, 21.2961); 1092 (18.5072, 20.8605); 1940 (18.7882, 21.0862); 2326 (18.7179, 21.2833); 2887 (18.4136, 20.474); 5207 (18.4093, 20.5873); 5514 (18.5733, 20.7393); 5637 (18.6069, 21.1427); 9157 (18.7138, 21.1439); ]
    9791 (21.6994, 7.12577) -> [ 1102 (22.6745, 6.96204); 2190 (23.262, 6.81312); 4445 (22.2187, 7.00672); 8088 (23.4606, 6.77983); ]
    9793 (19.8873, 8.09283) -> [ 4691 (21.7033, 7.76135); ]
    9794 (15.5602, 18.1749) -> [ 5038 (15.7551, 18.9766); 7322 (15.7452, 18.9156); ]
    9795 (22.1242, 12.6457) -> [ 7583 (23.7558, 13.1734); ]
    9796 (10.2693, 18.2735) -> [ 1460 (11.1209, 18.5837); ]
    9798 (21.8002, 10.7322) -> [ 2592 (23.6565, 10.7757); 2622 (23.3009, 10.8458); 4550 (23.3511, 10.9305); 7414 (23.1248, 10.8965); 9300 (22.5846, 10.7852); ]
    9799 (4.58069, 18.5724) -> [ 547 (5.8549, 19.8181); 3072 (5.86015, 19.9948); 3223 (5.16632, 19.2058); 3416 (5.12216, 19.1002); 8821 (5.85895, 19.8018); 9303 (5.47348, 19.4); ]
    9801 (11.1997, 2.5664) -> [ 1706 (12.1155, 1.18462); 5047 (11.8888, 1.74574); 6218 (11.8231, 1.69493); 8704 (11.7692, 1.94376); 8731 (11.7971, 1.92046); ]
    9804 (20.8867, 19.5601) -> [ 8484 (21.8427, 20.7487); 8921 (21.8306, 20.7912); 9845 (21.893, 20.7859); ]
    9806 (23.0402, 3.26366) -> [ 118 (24.0387, 2.83212); ]
    9807 (21.8978, 5.07015) -> [ 2519 (22.8644, 4.70544); ]
    9808 (4.8442, 14.6092) -> [ 1961 (5.86263, 14.5096); 2998 (5.42396, 14.5809); 6961 (5.37495, 14.5916); 8979 (5.14097, 14.5961); 9105 (5.49971, 14.5545); ]
    9809 (16.8745, 2.61474) -> [ 811 (17.1782, 2.49119); 2778 (17.2093, 2.42907); 3726 (17.5006, 2.23516); 7278 (18.4593, 1.65611); ]
    9810 (4.47304, 17.2594) -> [ 1903 (6.10849, 18.3398); ]
    9811 (5.45261, 12.6707) -> [ 3802 (5.63062, 12.6422); 9265 (7.33616, 12.5439); ]
    9812 (10.8057, 8.51278) -> [ 5358 (12.5645, 7.67606); ]
    9815 (7.64613, 4.69391) -> [ 5619 (8.63863, 3.21595); ]
    9816 (4.31901, 21.8907) -> [ 2072 (4.69149, 22.6812); 5471 (4.75513, 22.7775); 5862 (5.06088, 23.4453); 7889 (4.83307, 22.9941); ]
    9817 (9.9215, 1.40589) -> [ 3857 (10.4288, 0.621964); 8462 (10.9377, 0.119182); 9111 (10.8378, 0.227384); 9381 (10.4662, 0.71131); ]
    9818 (14.1778, 10.5544) -> [ 4234 (14.9766, 10.8945); 5339 (15.893, 11.3059); ]
    9819 (20.9318, 12.2567) -> [ 73 (22.7784, 12.7997); 578 (22.1487, 12.5564); ]
    9820 (1.04787, 10.0357) -> [ ]
    9821 (3.9789, 23.404) -> [ 210 (4.43737, 24.7343); ]
    9822 (21.7545, 13.5506) -> [ 1049 (23.1639, 14.4366); 1645 (23.1089, 14.2817); 2863 (22.715, 14.0045); 6691 (23.197, 14.4437); 7341 (23.1888, 14.3748); 8294 (22.7254, 13.9886); ]
    9823 (9.2611, 18.7836) -> [ 1619 (10.6844, 19.4467); ]
    9824 (17.6035, 10.1193) -> [ 972 (18.861, 10.1771); 5788 (19.3856, 10.355); 6189 (19.3193, 10.195); 9388 (19.345, 10.2103); ]
    9825 (11.1813, 6.32433) -> [ 639 (11.7244, 5.97497); 964 (12.4417, 5.51386); 6677 (11.9269, 5.83848); ]
    9828 (19.7552, 9.5846) -> [ 277 (19.8846, 9.58374); 2479 (21.4821, 9.47103); 3244 (21.4964, 9.65888); 3856 (21.3608, 9.56025); 4602 (21.1886, 9.44635); ]
    9830 (20.9554, 4.25358) -> [ 7611 (21.7246, 3.9103); ]
    9833 (13.1979, 19.8414) -> [ 1096 (14.6432, 21.0714); 5597 (14.5895, 21.1369); 6441 (13.8968, 20.6394); ]
    9834 (9.91183, 18.3268) -> [ 829 (11.253, 18.8355); ]
    9835 (24.1508, 13.6178) -> [ 120 (24.4917, 13.8315); ]
    9836 (8.99679, 18.9492) -> [ 4781 (10.5177, 19.694); 8793 (9.4844, 19.1819); ]
    9837 (7.17886, 3.75598) -> [ 2262 (8.07024, 2.07093); 2410 (7.9767, 2.25195); 4135 (7.26008, 3.56162); 4820 (7.95002, 2.22703); 7812 (7.81984, 2.56085); ]
    9838 (16.2244, 14.9962) -> [ 1181 (17.0917, 16.7053); 2508 (16.4619, 15.409); ]
    9839 (15.7591, 16.45) -> [ 125 (16.3039, 18.0512); 891 (16.3033, 18.2118); 6686 (15.9885, 17.2028); 8891 (16.1693, 17.8406); 8994 (16.3027, 18.2275); 9578 (16.1889, 18.0142); ]
    9841 (12.5866, 17.4042) -> [ 8838 (13.1746, 17.6186); ]
    9843 (10.3385, 18.9324) -> [ 3817 (11.8149, 19.6205); 4833 (11.9898, 19.6353); 8141 (11.2456, 19.2676); ]
    9844 (7.80261, 10.0675) -> [ 1211 (8.57783, 9.72202); 1387 (8.94503, 9.53465); 4511 (8.37586, 9.81918); ]
    9845 (21.893, 20.7859) -> [ 85 (22.2881, 21.2636); 2100 (23.0638, 22.3674); 5484 (22.6308, 21.6801); 6360 (22.6953, 21.7109); 6542 (23.0742, 22.1404); 7671 (22.8202, 21.9809); 9479 (22.3225, 21.3674); ]
    9846 (8.99628, 16.6158) -> [ 530 (9.94737, 17.2438); 5215 (10.5239, 17.7078); 5765 (10.4838, 17.7236); 6440 (10.4445, 17.5076); 7887 (10.3876, 17.4769); 8925 (10.1432, 17.3527); ]
    9847 (21.7566, 20.9572) -> [ 2160 (22.6225, 22.0661); 2325 (22.8052, 22.429); ]
    9849 (6.50478, 3.59958) -> [ 1330 (6.86503, 2.98739); 3009 (7.26815, 2.35656); 3126 (7.21281, 2.24396); 5863 (6.68599, 3.27406); 7495 (6.7451, 3.18299); 8481 (7.11653, 2.5665); 9829 (7.37293, 1.99791); ]
    9850 (24.4333, 17.3405) -> [ 4457 (24.9449, 18.2125); ]
    9851 (17.1512, 10.588) -> [ 2104 (19.0993, 10.9504); ]
    9852 (24.3063, 16.9974) -> [ 8856 (24.9793, 17.7717); ]
    9853 (10.2294, 4.59477) -> [ 313 (11.0049, 3.78441); 1560 (11.1016, 3.76707); ]
    9854 (21.415, 16.5655) -> [ 231 (22.5619, 17.5294); ]
    9855 (19.1181, 6.60232) -> [ 49 (20.588, 6.11995); 2191 (19.6631, 6.43759); 3740 (20.6351, 6.17135); 5615 (20.7178, 6.10827); 8260 (20.5132, 6.25465); ]
    9856 (4.68827, 14.8091) -> [ 8995 (6.06261, 14.6912); 9546 (5.78799, 14.7407); ]
    9860 (6.64364, 20.9729) -> [ 138 (7.92299, 22.4134); 4397 (7.39583, 21.9386); ]
    9861 (9.65134, 19.368) -> [ 101 (10.3181, 19.6938); ]
    9862 (19.7437, 14.6576) -> [ 5395 (21.2093, 15.7753); ]
    9864 (12.3212, 22.8945) -> [ 5007 (12.6525, 23.1526); 7163 (13.3181, 23.6052); ]
    9866 (22.0094, 21.5902) -> [ 1275 (22.7718, 22.647); 3300 (22.7715, 22.8012); 9698 (23.1283, 23.1589); ]
    9867 (20.816, 15.7878) -> [ 4237 (21.8361, 16.5348); 6247 (21.7281, 16.4944); 7764 (22.1312, 16.6917); ]
    9869 (3.75564, 11.0466) -> [ 65 (4.25262, 10.4266); 2852 (4.67977, 9.8973); 3470 (4.74256, 9.54427); 4167 (4.37643, 10.319); 6489 (3.90563, 10.7677); 6527 (4.0429, 10.848); 7514 (4.39281, 10.3265); 8973 (3.95086, 10.7111); 9983 (4.31222, 10.6735); ]
    9870 (11.5386, 22.0112) -> [ 858 (12.8764, 22.9078); 1185 (12.1341, 22.417); ]
    9872 (1.06947, 9.78619) -> [ 1238 (1.02178, 8.20118); ]
    9873 (15.8458, 14.3698) -> [ 290 (16.1393, 14.8395); 2065 (16.5705, 15.863); ]
    9874 (23.6938, 8.34637) -> [ 668 (24.7548, 8.26047); 1541 (24.4811, 8.3678); 5792 (24.9702, 8.33677); 6427 (24.5513, 8.26692); ]
    9875 (15.9941, 13.6738) -> [ 127 (16.5828, 14.4098); 385 (16.8891, 14.8719); 1151 (16.7466, 14.7199); 4860 (16.5269, 14.4189); 5666 (16.8545, 14.9552); 9603 (16.4764, 14.3311); ]
    9877 (7.3583, 23.3554) -> [ 3468 (8.28545, 24.5629); 7991 (8.12789, 24.2942); ]
    9878 (18.0484, 5.85851) -> [ 3325 (19.3788, 5.27711); ]
    9879 (3.81607, 9.64715) -> [ 1758 (4.75925, 8.23905); 3964 (4.69579, 8.30975); ]
    9880 (18.9349, 8.28344) -> [ 2242 (19.5944, 8.1964); ]
    9881 (11.9803, 3.3628) -> [ 2890 (12.9602, 2.32037); 3582 (12.934, 2.15654); 4821 (12.3214, 2.9174); 5746 (13.1425, 2.33935); 7353 (13.2944, 1.97826); 9129 (12.4794, 2.90166); ]
    9882 (3.52103, 4.84442) -> [ 2843 (3.63422, 4.40461); 8501 (4.0688, 3.02524); ]
    9883 (5.76897, 19.2705) -> [ 5846 (7.15329, 20.574); ]
    9885 (15.0303, 9.98916) -> [ 220 (15.2866, 10.0164); 2717 (16.2722, 10.3298); 2957 (15.9924, 10.2709); 5501 (16.4813, 10.1761); 7068 (16.6385, 10.389); 7385 (16.2589, 10.3289); ]
    9886 (2.04827, 19.6871) -> [ 2811 (2.36487, 20.85); 3084 (2.29188, 20.8674); 5064 (2.39007, 21.3206); 5247 (2.37837, 20.8905); 5525 (2.46529, 21.1148); ]
    9888 (22.8186, 2.78385) -> [ 2355 (24.0729, 2.24841); 3336 (24.3493, 2.12629); ]
    9890 (11.5033, 21.8239) -> [ 4488 (12.5299, 22.4898); ]
    9892 (0.288455, 6.10205) -> [ 1141 (0.241434, 4.36456); 6899 (0.145227, 4.23635); ]
    9893 (24.2486, 3.51587) -> [ 3854 (24.6958, 3.32658); 9619 (24.5624, 3.35146); ]
    9894 (24.0204, 0.528365) -> [ 700 (24.5139, 0.25778); 3886 (24.9273, 0.0547959); 8768 (24.7749, 0.1167); ]
    9895 (2.45575, 22.9728) -> [ 3299 (2.6679, 24.4112); ]
    9896 (6.33673, 18.4071) -> [ 4881 (7.14912, 18.9381); 5071 (7.82262, 19.373); 5293 (7.95621, 19.4996); 6574 (7.80865, 19.3913); ]
    9901 (6.27945, 3.50948) -> [ 1206 (7.29582, 1.86896); 6474 (6.98793, 2.17392); 8398 (7.12451, 1.93815); ]
    9902 (18.1128, 5.91789) -> [ 489 (18.6912, 5.70998); 3599 (18.8475, 5.58514); 3611 (18.5761, 5.76164); ]
    9903 (5.00594, 3.67471) -> [ 4287 (5.29088, 3.18213); 6134 (5.77491, 1.90657); ]
    9904 (12.7544, 6.72165) -> [ 4719 (14.1838, 5.8726); 6213 (13.3277, 6.36951); 8786 (14.386, 5.75713); ]
    9906 (1.04535, 15.5267) -> [ 2470 (1.2679, 17.072); 3586 (1.18742, 17.2656); 6282 (1.22526, 17.3284); 8548 (1.36035, 17.3743); ]
    9908 (19.8518, 14.7703) -> [ 1812 (20.4323, 15.2904); 2588 (20.8213, 15.5054); 7729 (20.6964, 15.4317); ]
    9910 (10.6951, 1.52558) -> [ 1108 (11.4932, 0.406421); 5497 (11.5693, 0.375547); ]
    9913 (4.49416, 10.5464) -> [ 2474 (5.70981, 9.24273); 3664 (5.5164, 9.78062); 5031 (5.34551, 9.72089); 6319 (5.82151, 9.20726); 6629 (4.98725, 10.103); ]
    9915 (10.2579, 19.9446) -> [ 1747 (10.9971, 20.3348); 6827 (11.1412, 20.4229); 9357 (10.7883, 20.2433); ]
    9916 (6.77515, 16.8588) -> [ 4139 (7.58721, 17.0978); ]
    9917 (13.67, 9.19434) -> [ 3284 (15.1922, 9.07135); 9337 (13.918, 9.17857); ]
    9918 (15.7813, 19.9751) -> [ 3534 (16.6142, 20.3941); 6704 (16.7091, 20.4588); ]
    9919 (23.5313, 20.0281) -> [ 9312 (24.4788, 20.8726); ]
    9920 (11.9591, 16.5529) -> [ 1345 (12.4649, 16.5944); 1665 (12.9621, 16.4833); 2387 (13.0983, 16.5468); 2848 (12.8933, 16.588); 3001 (13.3997, 16.3293); 4102 (13.6606, 16.4478); ]
    9922 (1.94029, 8.24479) -> [ 1986 (2.10472, 6.53948); 2221 (1.94505, 8.2433); 2431 (2.04336, 6.79578); 2435 (2.09704, 7.33676); 2610 (1.92031, 8.13151); 3834 (2.06931, 6.94174); 4859 (2.0104, 7.31986); 6938 (2.33206, 6.37249); 8854 (2.23314, 6.43854); 9483 (1.96669, 7.44886); ]
    9923 (22.4313, 22.1029) -> [ 8218 (23.296, 23.2671); ]
    9924 (2.25707, 2.02085) -> [ 4741 (2.20837, 0.29291); 6033 (2.45966, 0.238346); 8299 (2.40492, 0.900236); ]
    9925 (15.2252, 3.30462) -> [ 1673 (16.1832, 2.62568); ]
    9926 (12.8472, 4.14671) -> [ 4992 (13.9975, 3.22391); ]
    9928 (19.7174, 15.0887) -> [ 142 (20.7487, 15.9371); 791 (20.1343, 15.4359); 949 (21.0211, 16.1567); 1160 (20.5572, 15.7596); 1177 (20.9263, 16.0424); 3589 (20.8999, 16.0602); ]
    9929 (4.62716, 17.9114) -> [ 5535 (5.38184, 18.5676); 7741 (5.46831, 18.6432); 8046 (5.892, 18.9061); ]
    9931 (22.6459, 13.2257) -> [ 784 (23.6149, 13.6048); 3198 (23.9961, 13.8936); 4872 (24.4025, 13.9727); 5715 (24.3054, 13.9306); 6887 (24.4083, 14.1311); 9050 (23.4482, 13.5363); ]
    9932 (24.1979, 11.2823) -> [ 7040 (24.7727, 11.3559); 7847 (24.3957, 11.3184); ]
    9933 (11.4784, 8.58718) -> [ 1886 (12.353, 8.2015); 7811 (12.7503, 7.95436); ]
    9934 (4.31591, 12.045) -> [ 3489 (4.5477, 11.9639); 4353 (5.95802, 11.4413); 4432 (5.93264, 11.414); 5675 (5.18515, 11.698); ]
    9936 (18.5438, 3.9393) -> [ 2698 (20.0975, 3.12803); 3484 (20.1427, 3.13673); 4305 (19.8275, 3.16559); 4362 (20.0403, 3.17755); 5906 (20.1988, 3.00309); ]
    9937 (1.81293, 10.2236) -> [ 1679 (2.1596, 8.58009); 2369 (1.96927, 9.41674); 4835 (2.06028, 8.63101); ]
    9938 (12.485, 2.23929) -> [ 9084 (13.1017, 1.64078); ]
    9939 (8.62603, 7.06241) -> [ 3653 (9.64868, 6.09297); 6460 (9.84249, 5.93055); 8275 (10.0917, 5.71871); 8640 (9.38378, 6.1053); ]
    9940 (20.7488, 14.6103) -> [ 980 (21.4778, 15.0677); 4291 (21.645, 15.2136); ]
    9942 (7.33282, 3.89982) -> [ 5761 (7.43008, 3.77758); ]
    9943 (17.2897, 10.6718) -> [ 7276 (18.1021, 10.8172); 9325 (18.4255, 10.8592); ]
    9944 (5.3073, 5.20215) -> [ 371 (5.97538, 3.506); 7366 (6.14159, 3.51111); ]
    9945 (7.13217, 2.73105) -> [ 3761 (7.37844, 2.29737); ]
    9946 (2.23642, 8.82865) -> [ 39 (2.52811, 7.21225); 763 (2.54393, 7.33433); ]
    9947 (19.1228, 21.2879) -> [ 63 (19.7761, 22.5556); ]
    9952 (7.45955, 16.7816) -> [ 1449 (8.93369, 17.1274); 1946 (8.92135, 17.2193); 4616 (9.26766, 17.1994); ]
    9954 (16.3454, 18.0077) -> [ 1853 (16.698, 19.3597); 5905 (16.6699, 19.1744); ]
    9955 (10.4413, 6.56092) -> [ 6651 (11.2105, 6.00217); ]
    9956 (0.957696, 6.64653) -> [ 985 (0.969548, 5.73889); 2658 (1.11093, 5.33468); 3199 (0.923008, 5.80223); 5120 (0.922355, 4.9145); 6016 (0.936493, 5.23367); 9498 (0.951482, 6.27534); ]
    9958 (12.233, 1.28974) -> [ 2315 (13.1054, 0.310887); 2318 (12.9793, 0.236164); 2846 (12.7865, 0.277042); 6117 (12.9639, 0.0550929); 8157 (12.9516, 0.484151); 8366 (13.1482, 0.121499); ]
    9959 (8.34692, 8.45604) -> [ 838 (8.90232, 8.12498); 1111 (9.50309, 7.6235); 2853 (9.50943, 7.7121); 8741 (8.96537, 8.01199); ]
    9960 (0.658471, 8.38466) -> [ 2029 (0.53133, 6.70191); 2971 (0.673531, 7.33147); 4016 (0.613541, 6.67618); 5151 (0.572963, 7.29092); 5241 (0.611683, 7.42958); ]
    9961 (6.08851, 2.0701) -> [ 813 (6.74183, 0.539926); 8870 (6.41115, 1.27981); 9236 (6.71816, 0.179214); ]
    9964 (7.12036, 8.86199) -> [ 7317 (8.68234, 7.69487); ]
    9965 (23.5364, 24.0087) -> [ 434 (23.6678, 24.237); 3724 (24.2101, 24.8801); 5881 (24.0224, 24.6264); 8335 (24.2829, 24.9843); ]
    9966 (7.23145, 4.62212) -> [ 9334 (8.23194, 3.19969); ]
    9968 (23.702, 23.1727) -> [ 1204 (23.8625, 23.4017); 1260 (24.2007, 23.8633); 6192 (24.9172, 24.6795); 8845 (24.8706, 24.7131); ]
    9969 (13.9617, 15.1456) -> [ 653 (13.8499, 15.3651); 2652 (13.7616, 15.4063); ]
    9970 (20.3903, 20.8952) -> [ 6266 (20.8539, 21.5169); ]
    9972 (2.56851, 9.99173) -> [ 4752 (2.91592, 9.16026); ]
    9973 (2.57213, 3.71475) -> [ 5563 (2.66585, 2.85293); 6264 (2.71342, 2.55346); ]
    9974 (1.70545, 20.6636) -> [ 6342 (1.79735, 21.4576); ]
    9976 (6.11698, 17.7676) -> [ 7714 (7.55167, 18.6061); ]
    9977 (7.06365, 24) -> [ 8071 (7.38368, 24.5096); 8847 (7.67576, 24.9412); ]
    9979 (2.61451, 14.0595) -> [ 1436 (3.7409, 13.4009); ]
    9981 (10.2507, 8.71958) -> [ 1523 (11.3202, 8.17752); 2002 (11.4075, 8.08434); ]
    9982 (4.2693, 8.5943) -> [ 1335 (4.92236, 7.41333); 5496 (4.90983, 7.52303); 7978 (5.11266, 7.31232); ]
    9985 (15.4596, 22.528) -> [ 1105 (17.0918, 23.471); 5943 (16.6034, 23.1126); ]
    9986 (16.0788, 9.77631) -> [ 2500 (17.2623, 9.93121); 2930 (17.622, 9.90413); 3610 (17.535, 9.79586); ]
    9989 (8.38392, 7.44398) -> [ 7775 (9.25112, 6.68272); ]
    9990 (24.2224, 9.10502) -> [ 3175 (24.7785, 9.16886); ]
    9991 (10.4583, 2.59481) -> [ 6745 (11.4706, 1.48332); ]
    9992 (9.96491, 7.38354) -> [ 1697 (10.9711, 6.70019); 6150 (11.089, 6.64032); ]
    9993 (15.3204, 8.40649) -> [ 1786 (16.0666, 8.20269); 3441 (15.9309, 8.22948); 4231 (16.4651, 8.24485); ]
    9995 (21.3788, 9.07512) -> [ 1890 (23.2471, 8.86719); ]
    9996 (14.2627, 21.6175) -> [ 1298 (15.3246, 22.2051); ]
    9997 (13.1824, 10.13) -> [ 174 (13.8261, 10.8825); 2413 (14.219, 11.3927); 2649 (14.8765, 10.9396); 2750 (14.5014, 10.7504); 4188 (13.1747, 10.2106); 4903 (14.2871, 11.3676); 5513 (14.2476, 10.5598); 8426 (14.3181, 11.2919); 8888 (13.3395, 10.3323); 9732 (13.5504, 10.4058); ]
    9998 (21.7527, 1.08395) -> [ 3984 (21.926, 0.97145); ]
