Length, Risk, TravelTime, Paths.x, Paths.y , Fitness, Weights 
25.5235,17.248,2.06417,"20.9651;20.8413;20.8622;19.7233;17.8964;16.3782;15.3544;13.4762;12.0867;11.4754;9.80123;8.01066;6.26419;5.03706;3.17233;1.52171;1.11926;1.14297;1","14.7954;13.1987;12.953;12.6338;12.0848;11.5695;11.2206;10.5425;10.1286;9.97214;10.0116;10.3353;10.6383;10.8673;11.2172;11.6148;11.7083;13.5871;15",2.16793
"0;0;1"
26.2939,0.22663,2.07187,"20.9651;20.8413;20.8622;19.4173;18.5728;17.3279;16.4114;14.7934;13.1066;11.6624;10.8532;9.09444;7.37617;6.55153;4.72808;2.96183;1.31485;1.11926;1.14297;1","14.7954;13.1987;12.953;12.1837;11.8309;11.3192;10.9671;10.243;9.49158;9.01599;8.85409;8.78034;9.0582;9.32518;10.068;10.82;11.6086;11.7083;13.5871;15",2.10311
"0;0.0333333;0.966667"
26.5794,0.164168,2.07473,"20.9651;20.8413;20.8622;19.7229;19.3168;17.9487;16.5922;15.9781;15.4757;13.6567;13.3341;12.9626;12.1785;10.4351;9.62566;8.20083;7.79873;5.90375;4.33776;2.62969;1.11926;1.14297;1","14.7954;13.1987;12.953;12.2989;12.0824;11.3489;10.8162;10.4956;10.131;9.40199;9.27108;9.13635;8.90342;8.49135;8.44324;8.5934;8.71403;9.23521;9.89236;10.828;11.7083;13.5871;15",2.03325
"0;0.0666667;0.933333"
26.8153,0.13593,2.07709,"20.9651;20.8413;20.8622;19.3168;17.9487;16.3161;15.4354;15.2309;13.9603;12.4091;10.6239;9.73243;7.96055;7.0453;5.54946;3.77251;2.2386;1.11926;1.14297;1","14.7954;13.1987;12.953;12.0824;11.3489;10.5092;10.0847;9.82447;9.31192;8.75175;8.24056;8.22739;8.37031;8.6197;9.19334;10.0566;10.977;11.7083;13.5871;15",1.96276
"0;0.1;0.9"
27.0505,0.113869,2.07944,"20.9651;20.8413;20.8622;19.7229;18.5018;17.3912;15.822;14.66;12.8802;11.3328;9.99823;8.11906;6.46893;6.12485;4.55438;4.01231;2.41702;1.11926;1.14297;1","14.7954;13.1987;12.953;12.2989;11.5227;10.8489;10.0903;9.46755;8.62248;8.13964;7.99469;8.03604;8.52048;8.70587;9.40113;9.76467;10.7494;11.7083;13.5871;15",1.8921
"0;0.133333;0.866667"
27.2626,0.0996,2.08156,"20.9651;20.8413;20.8622;19.7229;18.5018;17.3498;15.8497;14.4805;12.9724;12.2191;10.8674;9.26082;8.20266;6.61312;5.46068;3.75373;2.48405;1.11926;1.14297;1","14.7954;13.1987;12.953;12.2989;11.5227;10.7299;9.94126;9.15375;8.43522;8.12672;7.8345;7.77771;7.9072;8.27346;8.76575;9.73875;10.6085;11.7083;13.5871;15",1.8211
"0;0.166667;0.833333"
27.415,0.0928121,2.08308,"20.9651;20.8413;20.8622;19.3168;18.4789;17.3912;15.8497;14.7385;14.0725;12.742;11.4948;10.3645;9.23778;8.12158;7.60836;6.35541;5.15956;3.75373;2.48405;1.11926;1.14297;1","14.7954;13.1987;12.953;12.0824;11.6225;10.8489;9.94126;9.21837;8.80041;8.08734;7.78351;7.66937;7.6372;7.73609;7.92762;8.30959;8.84377;9.73875;10.6085;11.7083;13.5871;15",1.74947
"0;0.2;0.8"
27.7344,0.0785132,2.08628,"20.9651;20.8413;20.8622;19.9376;18.5994;17.3727;15.876;14.2226;12.8099;11.5878;10.3838;9.77324;8.09842;7.612;7.24724;5.44255;4.67323;3.08281;1.55284;1.11926;1.14297;1","14.7954;13.1987;12.953;11.9252;11.1267;10.3365;9.43704;8.50047;7.83816;7.50955;7.3115;7.3114;7.57233;7.70452;7.8293;8.6356;9.04766;10.0835;11.2723;11.7083;13.5871;15",1.67903
"0;0.233333;0.766667"
27.8081,0.0801043,2.08702,"20.9651;20.8413;20.8622;19.7229;18.5018;17.3498;16.0087;15.2633;14.2666;12.9839;11.5878;9.84959;8.16855;6.29593;5.59773;3.99994;2.72681;1.55284;1.11926;1.14297;1","14.7954;13.1987;12.953;12.2989;11.5227;10.7299;9.65113;9.22404;8.66522;8.03002;7.50955;7.13161;7.39077;7.94145;8.30541;9.37935;10.2545;11.2723;11.7083;13.5871;15",1.60657
"0;0.266667;0.733333"
28.0125,0.0736669,2.08906,"20.9651;20.8413;20.8622;19.7229;18.7086;17.314;16.065;15.5255;15.2701;13.8593;13.5252;11.7436;10.3832;8.49867;6.82697;5.48194;4.22679;3.37829;2.23714;1.11926;1.14297;1","14.7954;13.1987;12.953;12.2989;11.4299;10.2258;9.44745;9.09347;8.90791;8.22521;8.0424;7.46021;7.19299;7.16669;7.60379;8.13438;8.85843;9.52638;10.737;11.7083;13.5871;15",1.53497
"0;0.3;0.7"
28.3192,0.0656523,2.09213,"20.9651;20.8413;20.8622;19.9376;18.5426;17.9396;16.7171;15.4924;14.2219;12.7158;11.8411;10.1243;9.15647;8.2292;7.16598;6.03552;4.30347;3.18142;2.21434;1.11926;1.14297;1","14.7954;13.1987;12.953;11.9252;10.5778;10.2378;9.47878;8.76398;8.17184;7.39738;7.15461;6.92001;6.90368;7.05242;7.39784;7.81441;8.73034;9.59958;10.4421;11.7083;13.5871;15",1.46392
"0;0.333333;0.666667"
28.4424,0.0640406,2.09336,"20.9651;20.8413;20.8622;19.9376;19.7987;18.2727;16.7171;15.1634;14.4565;12.7158;11.8411;10.2271;8.83067;8.36131;7.49684;6.3602;5.72644;4.16185;3.23737;2.27005;1.11926;1.14297;1","14.7954;13.1987;12.953;11.9252;11.8247;10.5813;9.47878;8.49065;8.13042;7.39738;7.15461;6.97452;6.82572;6.83771;7.02425;7.42399;7.78862;8.61413;9.4232;10.3605;11.7083;13.5871;15",1.39151
"0;0.366667;0.633333"
28.6116,0.060125,2.09505,"20.9651;20.8413;20.8622;19.8339;18.5426;17.5805;16.0801;15.3112;13.976;12.9519;12.1887;11.307;9.6332;8.36131;7.49684;6.3602;4.86431;4.31224;3.40383;2.11488;1.11926;1.14297;1","14.7954;13.1987;12.953;11.8541;10.5778;9.80574;8.80488;8.38175;7.6844;7.32483;7.07676;6.89133;6.70066;6.83771;7.02425;7.42399;8.13342;8.44991;9.16137;10.371;11.7083;13.5871;15",1.31928
"0;0.4;0.6"
28.8297,0.0583378,2.09723,"20.9651;20.8413;20.8622;19.9376;18.3022;16.8601;15.3112;15.2036;13.6426;13.0664;11.4232;10.1279;8.18727;6.4868;5.67703;4.86148;3.25179;2.71218;1.48129;1.11926;1.14297;1","14.7954;13.1987;12.953;11.9252;10.791;9.50223;8.38175;8.24462;7.45996;7.15353;6.69332;6.56576;6.68874;7.17287;7.52468;7.95949;9.08352;9.6244;11.0476;11.7083;13.5871;15",1.24723
"0;0.433333;0.566667"
28.9786,0.0549742,2.09872,"20.9651;20.8413;20.8622;19.9376;18.5426;17.5805;16.0669;14.6389;13.4936;11.937;10.4383;10.407;9.34791;8.6203;8.1112;6.98975;5.67703;4.86148;3.41529;2.71218;1.48129;1.11926;1.14297;1","14.7954;13.1987;12.953;11.9252;10.5778;9.80574;8.59639;7.70931;7.11022;6.67504;6.48099;6.48017;6.45522;6.50786;6.57996;6.883;7.52468;7.95949;9.01347;9.6244;11.0476;11.7083;13.5871;15",1.17465
"0;0.466667;0.533333"
29.2604,0.0529128,2.10154,"20.9651;20.8413;20.8622;19.8339;18.5426;17.0682;15.646;15.0392;13.4936;12.3416;11.4555;9.85093;8.36375;7.1255;5.38097;4.38572;3.25676;2.84436;1.68428;1.11926;1.14297;1","14.7954;13.1987;12.953;11.8541;10.5778;9.41515;8.30384;7.83749;7.11022;6.6035;6.38206;6.27622;6.33201;6.59975;7.36254;7.9449;8.85049;9.24921;10.6079;11.7083;13.5871;15",1.10265
"0;0.5;0.5"
29.4572,0.0510483,2.10351,"20.9651;20.8413;20.8622;20.0338;18.6179;17.5748;16.3257;14.8956;13.4805;13.0104;12.3416;10.4249;8.46843;6.95653;5.57832;4.23697;2.96569;1.68428;1.11926;1.14297;1","14.7954;13.1987;12.953;11.6332;10.5988;9.606;8.48815;7.60012;6.9687;6.8016;6.6035;6.14482;6.2659;6.63601;7.10188;8.02705;9.08871;10.6079;11.7083;13.5871;15",1.03006
"0;0.533333;0.466667"
29.7553,0.0481166,2.10649,"20.9651;20.8413;20.8622;19.8339;18.8971;17.8094;16.5102;15.2195;14.3081;12.8913;11.4503;9.72323;8.60334;7.40255;5.93191;4.8139;3.73418;2.32788;1.45605;1.11926;1.14297;1","14.7954;13.1987;12.953;11.8541;10.6956;9.64584;8.44003;7.5766;7.08476;6.5528;6.09904;5.94071;6.02811;6.15862;6.77306;7.38773;8.20126;9.61451;10.8367;11.7083;13.5871;15",0.957773
"0;0.566667;0.433333"
29.9921,0.0461301,2.10886,"20.9651;20.8413;20.8622;19.9376;19.5468;18.2814;16.8715;15.713;14.6911;13.7729;12.5089;11.632;10.4999;8.51327;6.82656;5.45516;4.65535;3.91049;2.94022;2.77524;2.18728;1.42958;1.11926;1.14297;1","14.7954;13.1987;12.953;11.9252;11.206;9.73515;8.54006;7.69253;7.07064;6.67797;6.27028;6.04375;5.86818;5.92571;6.24498;6.89111;7.36681;7.97456;8.84869;9.04863;9.77405;10.8045;11.7083;13.5871;15",0.885045
"0;0.6;0.4"
30.3626,0.0437363,2.11256,"20.9651;20.8413;20.8622;20.0338;19.374;18.4105;17.955;16.471;16.106;14.4622;12.6638;12.4168;10.9551;9.90865;9.23469;8.48513;7.17962;6.44876;5.20511;3.76568;2.94139;1.99139;1.42958;1.11926;1.14297;1","14.7954;13.1987;12.953;11.6332;10.5015;9.665;9.1896;8.01459;7.74885;6.89186;6.0304;5.91504;5.6285;5.55871;5.57719;5.66992;5.99043;6.34755;6.93405;7.92824;8.6776;9.74211;10.8045;11.7083;13.5871;15",0.81265
"0;0.633333;0.366667"
31.0493,0.0414065,2.12867,"21.0194;21.0236;21.1105;20.3653;19.374;18.8101;17.8493;16.6864;15.5145;13.7737;12.122;11.2795;10.0918;8.41565;6.55508;4.98108;3.54387;2.32421;1.43267;1.18953;1.11926;1.14297;1","14.8133;14.3671;12.3697;11.2808;10.5015;9.81605;8.87804;7.95272;7.12582;6.14423;5.65461;5.54046;5.42176;5.57936;5.98247;6.76658;7.81737;9.18714;10.445;11.1933;11.7083;13.5871;15",0.740841
"0;0.666667;0.333333"
31.3942,0.0386856,2.1237,"20.9651;20.997;20.8397;20.4722;19.5815;18.6297;17.6519;16.5554;15.0541;13.4059;11.6568;9.68087;8.21112;7.38073;5.6895;4.22903;4.11237;2.97043;2.21019;1.8475;1.43267;1.18953;1.11926;1.14297;1","14.7954;13.05;12.1391;11.6225;10.2942;9.34885;8.41217;7.42935;6.45243;5.68656;5.2762;5.06113;5.21282;5.52854;6.14543;7.08064;7.15826;8.25855;9.11955;9.54976;10.445;11.1933;11.7083;13.5871;15",0.668237
"0;0.7;0.3"
32.0756,0.0368322,2.13824,"21.0194;21.054;20.9622;20.1989;18.9783;17.4537;15.9323;15.2947;13.6996;12.6401;11.8171;10.0875;8.61686;7.51457;6.21713;5.29194;4.3589;3.69351;2.80035;2.41295;1.8475;1.43267;1.18953;1.11926;1.14297;1","14.8133;13.0972;11.4534;10.3895;9.14004;7.98275;6.98671;6.52582;5.59543;5.24869;4.94097;4.81474;4.83425;5.10851;5.56081;6.01232;6.83091;7.43636;8.27427;8.71369;9.54976;10.445;11.1933;11.7083;13.5871;15",0.595226
"0;0.733333;0.266667"
32.7596,0.0345621,2.1434,"21.0194;21.054;21.135;20.6577;19.6708;18.9221;17.6139;16.8575;16.4404;14.814;13.9422;13.1197;11.4168;9.99633;8.69386;7.64425;6.13724;5.00394;3.78712;2.67829;1.93139;1.55772;1.15376;1.11926;1.14297;1","14.8133;13.0972;11.508;10.6154;9.48762;8.84349;7.64302;6.95376;6.73142;5.69885;5.32281;4.94712;4.73543;4.57796;4.61373;4.87944;5.35617;6.00897;6.91171;8.1003;9.13212;9.71298;10.6629;11.7083;13.5871;15",0.522025
"0;0.766667;0.233333"
33.3114,0.0326958,2.14114,"20.9651;21.054;21.135;20.3727;19.2325;18.7323;17.3757;15.9027;15.5728;14.7371;13.7437;11.8328;9.83879;8.35132;7.49591;7.24977;6.41113;4.96089;4.54789;3.13036;2.12273;1.58881;1.10249;1.08581;1.11926;1.14297;1","14.7954;13.0972;11.508;9.9326;8.62951;8.09629;6.94359;5.91306;5.68263;5.29788;4.82303;4.39727;4.29647;4.48766;4.69764;4.78602;5.109;5.85593;6.14665;7.25899;8.56204;9.26039;10.4354;10.5106;11.7083;13.5871;15",0.448979
"0;0.8;0.2"
34.1022,0.0308136,2.14905,"20.9651;21.054;21.135;20.3727;19.6525;18.6598;17.9753;16.7598;15.31;13.6314;12.4363;10.8551;9.71103;7.89825;6.36016;5.14747;4.45929;3.06646;1.94824;1.69111;1.34103;1.21626;1.08581;1.11926;1.14297;1","14.7954;13.0972;11.508;9.9326;8.68858;7.74544;6.85636;5.90913;4.98185;4.47908;4.15908;3.84699;3.98579;4.20722;4.66416;5.19801;5.85316;6.95374;8.35451;8.76545;9.52371;9.8062;10.5106;11.7083;13.5871;15",0.375467
"0;0.833333;0.166667"
34.9557,0.0296387,2.16358,"20.9651;21.1309;21.3166;21.2787;20.8306;19.7866;18.9131;18.0867;17.1343;16.247;15.0936;13.4363;11.5346;10.6159;9.73012;7.80506;6.45523;4.90383;4.67564;3.3079;2.23246;1.4395;1.20321;0.9148;0.876771;0.892722;1.11926;1.14297;1","14.7954;13.4922;12.176;11.9586;10.211;8.76669;7.72474;7.0195;5.91191;5.47547;4.61796;4.17042;3.55864;3.4634;3.49789;3.94945;4.32896;5.18675;5.32651;6.39489;7.46718;8.3524;8.86078;9.61432;9.9768;10.6202;11.7083;13.5871;15",0.302311
"0;0.866667;0.133333"
36.7338,0.0269255,2.19301,"21.0194;21.2188;21.2182;21.3961;21.5381;20.992;20.2332;19.0515;17.9023;16.6888;15.8545;15.5681;13.9432;12.9951;12.4174;11.5437;9.59872;8.9902;7.16857;6.82449;5.09848;3.97924;2.76718;1.44554;1.25935;0.995884;0.780402;0.716081;1.11926;1.14297;1","14.8133;13.8129;13.0199;12.699;10.9564;9.59524;8.38866;6.88916;5.7251;4.69501;4.20118;4.07734;3.41166;3.07898;2.97025;2.8545;2.82851;2.92027;3.40221;3.55412;4.4347;5.24627;6.07894;7.49157;7.82424;8.33708;9.13829;10.4062;11.7083;13.5871;15",0.228687
"0;0.9;0.1"
38.5834,0.0245346,2.21618,"20.9651;21.1687;21.4914;21.5381;21.2187;20.7005;20.1285;19.1229;17.9319;16.7858;16.1724;14.6575;13.3004;12.7493;11.0349;9.33854;7.55703;6.54003;6.15213;4.84187;4.20173;2.90128;2.44542;1.32408;0.770394;0.556451;0.570456;0.826639;0.989695;0.899764;1","14.7954;13.6639;12.3228;10.9564;9.51971;7.74251;6.96594;5.70822;4.647;3.6582;3.30139;2.81426;2.17446;1.945;1.83625;2.0714;2.30332;2.72701;2.89509;3.63688;4.0666;5.23048;5.92575;7.47289;8.44421;9.63369;10.2705;11.2505;11.6102;13.4532;15",0.154662
"0;0.933333;0.0666667"
43.1713,0.0214787,2.29384,"21.0194;21.4399;22.2176;23.0078;22.7978;22.4872;21.5584;20.9032;20.364;19.2589;18.9396;17.885;16.3615;15.2418;13.3458;12.1587;10.9724;9.14856;7.40124;5.76092;4.99754;3.68834;2.60604;2.27426;1.66556;1.06967;0.689696;0.523879;0.643064;0.939117;1.01826;1","14.8133;13.0675;11.8525;10.6929;8.91471;8.10163;6.34291;5.30474;4.62787;3.30365;3.08527;2.51939;1.45859;0.813513;0.407909;0.271052;0.105433;0.376186;0.788163;1.27314;1.85826;2.83661;4.20905;4.69773;5.79073;6.88904;8.31572;9.98138;11.7739;12.9119;14.3192;15",0.0795897
"0;0.966667;0.0333333"
50.0574,0.0130903,25.0287,"21.1038;22.5506;22.7643;23.8094;24.5351;24.9336;24.9577;24.8378;24.6229;23.999;23.8886;23.1119;22.6101;22.3775;21.5095;20.9455;20.4667;19.2691;18.5457;17.7216;16.5513;15.2818;14.1462;12.3054;10.6538;8.70166;6.86326;5.23383;3.85458;2.64716;2.03478;1.12361;1.0535;0.515746;0.238144;0.0534593;0.00615076;0.0151792;0.043281;0.0971641;0.466276;1","15.0067;16.2191;16.3837;17.7526;19.5183;21.2322;22.1224;23.4751;24.4541;25.9478;26.1567;27.2405;27.775;27.989;28.6745;29.0474;29.3112;29.7398;29.9063;29.9846;29.9979;29.9908;29.9908;30;29.9804;29.9606;29.9346;29.7155;29.2183;28.4237;27.8671;26.7388;26.6203;25.5426;24.7707;24.0505;22.2135;20.2328;18.318;17.1635;15.9034;15",0.0131675
"0;1;0"
24.2722,65.2219,2.1897,"20.9651;20.3362;19.8268;18.6489;17.086;15.8451;14.3183;13.4035;12.0867;11.0034;10.6848;8.96301;8.46027;6.72196;4.91584;3.77338;2.36968;0.939117;1.01826;1","14.7954;13.0946;12.8585;12.4788;11.9218;11.4638;10.9428;10.5963;10.1286;9.95648;9.97778;10.3867;10.5472;11.0872;11.6608;12.0493;12.4962;12.9119;14.3192;15",2.21701
"0.0333333;0;0.966667"
24.4819,1.56519,2.1838,"20.9651;20.8936;20.0256;19.6532;17.8572;16.5537;15.6331;13.8691;13.2934;11.7542;9.89137;9.07882;7.66578;5.86133;4.24833;3.44924;2.17698;0.939117;1.01826;1","14.7954;14.3865;12.883;12.7677;11.9763;11.3942;11.1383;10.4742;10.251;9.61578;9.88522;10.099;10.6065;11.1727;11.6913;11.9565;12.4449;12.9119;14.3192;15",2.13506
"0.0333333;0.0333333;0.933333"
24.649,0.933514,2.20009,"21.0194;20.8936;20.0256;19.4358;17.8188;17.034;15.3039;13.824;13.4518;12.4869;11.3866;10.6064;9.07882;7.66578;5.86133;4.24833;3.44924;2.17698;0.939117;1.01826;1","14.8133;14.3865;12.883;12.6174;11.8847;11.5526;10.7384;9.97965;9.91445;9.55151;9.44986;9.61951;10.099;10.6065;11.1727;11.6913;11.9565;12.4449;12.9119;14.3192;15",2.06455
"0.0333333;0.0666667;0.9"
24.4986,0.638411,2.21741,"20.8529;20.6847;19.8275;19.0239;17.8572;17.034;15.2712;13.842;11.896;10.7913;9.73884;8.29565;7.05736;5.86133;4.24833;3.44924;2.17698;0.939117;1.01826;1","14.8394;14.5529;12.9943;12.5711;11.9763;11.5526;10.616;9.92208;9.46089;9.40044;9.73592;10.2427;10.7072;11.1727;11.6913;11.9565;12.4449;12.9119;14.3192;15",2.01612
"0.0333333;0.1;0.866667"
24.5743,0.489599,2.21817,"20.8529;20.6847;19.8275;18.3613;17.4396;15.8065;14.5085;13.1667;11.8659;11.0906;9.61971;7.80324;5.97736;5.40261;3.8155;2.17698;0.939117;1.01826;1","14.8394;14.5529;12.9943;12.4208;11.9571;11.0979;10.3307;9.68478;9.38436;9.26162;9.58114;10.2918;10.9346;11.1454;11.7693;12.4449;12.9119;14.3192;15",1.93921
"0.0333333;0.133333;0.833333"
24.6879,0.40062,2.2193,"20.8529;20.6847;19.8275;19.0239;18.4195;16.9196;15.339;13.842;12.4598;11.6523;9.7463;9.21144;7.74972;6.56367;5.6647;3.8155;2.17698;0.939117;1.01826;1","14.8394;14.5529;12.9943;12.5711;12.2689;11.4861;10.6251;9.92208;9.2245;9.18009;9.4118;9.6678;10.1959;10.6713;11.0389;11.7693;12.4449;12.9119;14.3192;15",1.86255
"0.0333333;0.166667;0.8"
24.7654,0.36563,2.22008,"20.8529;20.6847;19.8275;19.0239;17.8188;16.9335;15.7976;14.7934;13.3877;12.4598;11.6624;10.774;9.21144;7.74972;6.56367;5.6647;3.8155;2.17698;0.939117;1.01826;1","14.8394;14.5529;12.9943;12.5711;11.8847;11.4841;10.8095;10.243;9.45749;9.2245;9.01599;9.14796;9.6678;10.1959;10.6713;11.0389;11.7693;12.4449;12.9119;14.3192;15",1.78554
"0.0333333;0.2;0.766667"
24.8087,0.356862,2.22051,"20.8529;20.6847;19.8275;18.3613;17.086;15.598;14.2375;12.4598;11.6624;10.1444;8.51148;7.74972;6.56367;5.6647;3.8155;2.17698;0.939117;1.01826;1","14.8394;14.5529;12.9943;12.4208;11.9218;11.1613;10.0978;9.2245;9.01599;9.18139;9.89226;10.1959;10.6713;11.0389;11.7693;12.4449;12.9119;14.3192;15",1.70822
"0.0333333;0.233333;0.733333"
24.7351,0.251751,2.24144,"20.8529;20.6847;19.8275;18.3613;17.0469;15.598;14.2375;13.3877;12.6675;11.4744;9.7381;9.16352;7.69751;6.17872;5.00253;3.56909;2.15508;1.39801;1.15955;1","14.8394;14.5529;12.9943;12.4208;11.9645;11.1613;10.0978;9.45749;9.10507;8.87238;8.85883;9.14379;9.78455;10.5193;11.1079;11.8936;12.5387;12.8669;14.7785;15",1.64523
"0.0333333;0.266667;0.7"
24.6925,0.237345,2.24101,"20.8529;20.6847;19.8275;19.0239;17.8572;17.034;15.7976;14.209;13.6567;12.6137;11.6922;9.7381;9.16352;7.69751;6.17872;5.00253;3.56909;2.15508;1.39801;1.15955;1","14.8394;14.5529;12.9943;12.5711;11.9763;11.5526;10.8095;9.76797;9.40199;9.10548;8.94173;8.85883;9.14379;9.78455;10.5193;11.1079;11.8936;12.5387;12.8669;14.7785;15",1.5666
"0.0333333;0.3;0.666667"
24.7137,0.228642,2.24123,"20.8529;20.6847;19.8275;19.0239;17.8572;17.034;15.7976;14.209;12.9626;11.5198;9.7381;9.16352;7.69751;6.17872;5.00253;3.56909;2.15508;1.39801;1.15955;1","14.8394;14.5529;12.9943;12.5711;11.9763;11.5526;10.8095;9.76797;9.13635;8.80643;8.85883;9.14379;9.78455;10.5193;11.1079;11.8936;12.5387;12.8669;14.7785;15",1.48841
"0.0333333;0.333333;0.633333"
24.9108,0.221042,2.2969,"20.9651;20.01;19.0239;18.0465;16.5537;15.7976;14.209;13.6567;12.8587;12.1785;10.9504;9.7381;9.16352;7.69751;6.17872;5.00253;3.56909;2.15508;1.39801;1.15955;1","14.7954;13.1068;12.5711;12.4886;11.3942;10.8095;9.76797;9.40199;9.05604;8.90342;8.67652;8.85883;9.14379;9.78455;10.5193;11.1079;11.8936;12.5387;12.8669;14.7785;15",1.44039
"0.0333333;0.366667;0.6"
24.8792,0.206137,2.29658,"20.9651;20.01;19.0239;18.4195;16.9335;15.3781;15.245;13.5548;11.9924;10.6002;8.94678;7.69751;6.17872;5.00253;3.56909;2.15508;1.39801;1.15955;1","14.7954;13.1068;12.5711;12.2689;11.4841;10.4274;10.3707;9.3299;8.71453;8.57871;9.10781;9.78455;10.5193;11.1079;11.8936;12.5387;12.8669;14.7785;15",1.36019
"0.0333333;0.4;0.566667"
25.0143,0.199507,2.29236,"21.1137;20.8936;19.8275;19.0239;17.8572;16.1826;15.7976;14.7375;13.9301;12.8795;11.9924;11.4154;10.6002;9.26678;8.94678;7.69751;6.17872;5.00253;3.56909;2.15508;1.39801;1.15955;1","14.7855;14.3865;12.9943;12.5711;11.9763;11.1422;10.8095;9.98219;9.49447;8.94623;8.71453;8.5073;8.57871;8.91167;9.10781;9.78455;10.5193;11.1079;11.8936;12.5387;12.8669;14.7785;15",1.28732
"0.0333333;0.433333;0.533333"
25.039,0.17845,2.26273,"20.9651;20.0219;19.8268;18.3754;16.8237;15.6554;14.6112;13.3309;11.9924;10.5024;9.09444;8.53412;6.94663;6.59406;5.03706;3.41006;2.74735;1.39801;1.15955;1","14.7954;13.471;12.8585;11.9972;11.1037;10.3197;9.65547;9.17186;8.71453;8.47831;8.78034;9.08374;9.90867;10.0796;10.8673;11.705;12.0947;12.8669;14.7785;15",1.18324
"0.0333333;0.466667;0.5"
25.1137,0.175061,2.31275,"21.1137;21.0236;19.8275;19.0239;17.8188;16.4114;14.9129;13.9603;12.7553;11.7242;10.5024;9.09444;8.53412;6.94663;6.59406;5.03706;3.41006;2.74735;1.39801;1.15955;1","14.7855;14.3671;12.9943;12.5711;11.8847;10.9671;9.91462;9.31192;8.85484;8.62778;8.47831;8.78034;9.08374;9.90867;10.0796;10.8673;11.705;12.0947;12.8669;14.7785;15",1.13592
"0.0333333;0.5;0.466667"
25.1428,0.184057,2.29364,"21.1137;20.8936;19.8275;18.6489;17.4396;15.8065;14.7375;13.9301;12.7553;12.4091;11.4154;9.44565;8.53412;6.94663;6.59406;5.03706;3.41006;2.74735;1.39801;1.15955;1","14.7855;14.3865;12.9943;12.4788;11.9571;11.0979;9.98219;9.49447;8.85484;8.75175;8.5073;8.62024;9.08374;9.90867;10.0796;10.8673;11.705;12.0947;12.8669;14.7785;15",1.0465
"0.0333333;0.533333;0.433333"
25.02,0.161471,2.40942,"20.8529;20.8232;20.0219;18.6489;17.1164;15.9781;14.3185;12.6389;11.3825;9.54029;8.85254;7.23304;6.15908;4.83818;3.25236;1.91776;1.39801;1.15955;1","14.8394;14.7915;13.471;12.4788;11.4454;10.4956;9.44739;8.64707;8.41264;8.48102;8.86398;9.73874;10.2637;10.9603;11.8324;12.5783;12.8669;14.7785;15",1.00732
"0.0333333;0.566667;0.4"
25.182,0.159438,2.42803,"21.1137;20.8936;19.5461;18.6489;17.1164;15.9781;14.3707;12.6389;11.3825;10.8499;9.49838;8.85254;7.23304;6.15908;4.83818;3.25236;1.91776;1.39801;1.15955;1","14.7855;14.3865;13.0562;12.4788;11.4454;10.4956;9.47282;8.64707;8.41264;8.32774;8.4336;8.86398;9.73874;10.2637;10.9603;11.8324;12.5783;12.8669;14.7785;15",0.934777
"0.0333333;0.6;0.366667"
25.0769,0.150985,2.53988,"20.9651;19.7977;18.3613;17.2229;15.9781;14.5276;12.8802;12.5078;10.7683;10.0746;8.47835;6.90088;6.16977;4.65585;3.25236;1.91776;1.39801;1.15955;1","14.7954;13.6089;12.4208;11.6122;10.4956;9.49415;8.62248;8.49693;8.23092;8.40301;8.90878;9.77452;10.1722;11.0558;11.8324;12.5783;12.8669;14.7785;15",0.881211
"0.0333333;0.633333;0.333333"
25.1727,0.141929,2.44731,"21.1137;20.247;19.0239;18.164;16.5922;15.4354;14.5276;13.0943;12.8802;10.9572;9.73243;7.95125;7.74412;7.24714;5.6264;3.96709;2.99676;1.4972;1","14.7855;13.5571;12.5711;11.9839;10.8162;10.0847;9.49415;8.68008;8.62248;8.31345;8.22739;8.89946;9.10347;9.36569;10.3645;11.298;11.9009;13.0674;15",0.770602
"0.0333333;0.666667;0.3"
25.1047,0.149707,2.50693,"20.9651;20.0219;18.3613;17.086;15.7976;15.4844;15.1063;14.9129;14.4729;14.3185;12.6389;10.7683;9.73243;8.79476;7.74412;7.24714;5.6264;3.96709;2.99676;1.4972;1","14.7954;13.471;12.4208;11.9218;10.8095;10.4343;10.1055;9.91462;9.57206;9.44739;8.64707;8.23092;8.22739;8.4379;9.10347;9.36569;10.3645;11.298;11.9009;13.0674;15",0.696184
"0.0333333;0.7;0.266667"
25.0836,0.138986,2.62187,"20.9651;19.5009;18.0465;16.5537;15.4354;14.5276;12.8802;12.5078;10.6141;9.11616;7.51402;6.11379;5.01939;3.96709;2.99676;1.4972;1","14.7954;13.493;12.4886;11.3942;10.0847;9.49415;8.62248;8.49693;8.16586;8.27804;9.02395;9.8998;10.5806;11.298;11.9009;13.0674;15",0.635979
"0.0333333;0.733333;0.233333"
24.9527,0.143882,2.70359,"20.8059;19.7885;18.8658;17.2332;15.7976;14.3543;12.8802;12.5078;10.6141;9.73243;8.20083;7.51402;6.11379;5.01939;3.96709;2.99676;1.4972;1","14.8465;14.1374;13.2507;12.1447;10.8095;9.50195;8.62248;8.49693;8.16586;8.22739;8.5934;9.02395;9.8998;10.5806;11.298;11.9009;13.0674;15",0.565468
"0.0333333;0.766667;0.2"
24.9559,0.143754,2.58163,"20.8059;19.5009;18.0465;17.7015;16.1826;15.4844;14.6112;14.459;12.8802;12.5078;10.6239;9.73243;8.20083;7.51402;6.11379;5.01939;3.96709;2.99676;1.4972;1","14.8465;13.493;12.4886;12.3127;11.1422;10.4343;9.65547;9.5519;8.62248;8.49693;8.24056;8.22739;8.5934;9.02395;9.8998;10.5806;11.298;11.9009;13.0674;15",0.450897
"0.0333333;0.8;0.166667"
25.073,0.136197,2.69408,"20.9651;19.9025;19.0306;18.0465;16.5537;15.3372;14.9547;14.5276;12.8802;12.5436;10.6141;8.86803;7.98539;6.3226;5.01939;3.9221;2.27241;1.8815;1.19744;1","14.7954;13.9349;13.2747;12.4886;11.3942;10.1247;9.76686;9.49415;8.62248;8.49707;8.16586;8.25032;8.51325;9.58447;10.5806;11.4885;12.557;12.7477;14.5808;15",0.373045
"0.0333333;0.833333;0.133333"
25.2504,0.134642,2.83385,"21.1137;20.5089;18.8658;17.2332;15.7976;14.5276;13.0943;12.5078;11.2109;9.35482;7.83376;6.3226;4.83689;3.51594;1.8815;1.19744;1","14.7855;14.3669;13.2507;12.1447;10.8095;9.49415;8.68008;8.49693;8.09143;8.15234;8.51248;9.58447;10.6833;11.6241;12.7477;14.5808;15",0.295521
"0.0333333;0.866667;0.1"
25.0911,0.136323,2.7742,"20.8529;19.6451;18.7512;17.2332;15.734;14.9129;14.6112;13.0943;11.2109;9.8117;8.98874;7.83376;6.3226;4.83689;3.51594;1.8815;1.19744;1","14.8394;13.9332;13.2678;12.1447;10.9666;9.91462;9.65547;8.68008;8.09143;8.05087;8.16288;8.51248;9.58447;10.6833;11.6241;12.7477;14.5808;15",0.192206
"0.0333333;0.9;0.0666667"
25.0576,0.130849,2.76716,"20.8059;20.3239;18.8658;17.2332;15.7976;15.4844;14.6112;14.4729;12.8199;12.663;12.2135;11.5715;11.3328;9.8117;8.98874;7.2026;5.73166;5.11891;3.61978;2.36968;1.951;1.32775;1","14.8465;14.4254;13.2507;12.1447;10.8095;10.4343;9.65547;9.57206;8.5074;8.42138;8.27573;8.13248;8.13964;8.05087;8.16288;8.65367;9.7113;10.2914;11.4045;12.4962;12.914;14.0984;15",0.122305
"0.0333333;0.933333;0.0333333"
21.8574,0.0645114,10.9287,"21.1137;20.6482;19.2055;17.5083;15.979;14.3418;13.0831;12.6628;11.9432;11.1894;10.8734;8.93717;7.5612;6.62489;4.93568;3.47481;2.06823;1","14.7855;14.9781;15.5449;16.2667;16.9312;17.6597;18.1611;18.3175;18.5256;18.6771;18.7009;18.7883;18.5912;18.2894;17.6203;16.7529;15.808;15",0.0769955
"0.0333333;0.966667;0"
23.7345,65.2229,2.24177,"20.9651;20.6687;19.8275;18.3613;17.086;15.8451;14.3183;13.4035;12.0867;11.0034;10.6848;8.96301;8.46027;6.72196;5.72708;4.64517;3.77338;2.27241;1.39801;1.15955;1","14.7954;14.2517;12.9943;12.4208;11.9218;11.4638;10.9428;10.5963;10.1286;9.95648;9.97778;10.3867;10.5472;11.0872;11.4128;11.7682;12.0493;12.557;12.8669;14.7785;15",2.18916
"0.0666667;0;0.933333"
23.9794,2.28932,2.28201,"21.1137;20.8936;19.8275;18.3613;17.086;15.8451;14.5337;13.2934;11.5706;9.89137;8.72082;6.90222;5.11177;3.77338;2.27241;1.39801;1.15955;1","14.7855;14.3865;12.9943;12.4208;11.9218;11.4638;10.8799;10.251;9.75684;9.88522;10.2989;10.9506;11.5802;12.0493;12.557;12.8669;14.7785;15",2.16303
"0.0666667;0.0333333;0.9"
24.1161,1.28811,2.30278,"21.1137;21.0236;19.8275;18.6489;17.4396;15.6331;14.198;13.0278;11.6565;10.1994;8.72082;6.90222;5.11177;3.77338;2.27241;1.39801;1.15955;1","14.7855;14.3671;12.9943;12.4788;11.9571;11.1383;10.4814;9.92992;9.61096;9.74936;10.2989;10.9506;11.5802;12.0493;12.557;12.8669;14.7785;15",2.10092
"0.0666667;0.0666667;0.866667"
24.0627,0.882248,2.3643,"20.9651;20.6687;19.5008;18.3613;17.4396;15.8065;14.4248;13.4518;11.8659;10.3769;9.07882;7.66578;5.9484;5.2943;3.55662;2.36968;1.39801;1.15955;1","14.7954;14.2517;12.9401;12.4208;11.9571;11.0979;10.4375;9.91445;9.38436;9.65694;10.099;10.6065;11.2209;11.4389;12.0366;12.4962;12.8669;14.7785;15",2.05672
"0.0666667;0.1;0.833333"
24.2921,0.746081,2.30454,"21.1137;21.0236;19.8275;18.3613;16.9044;15.4686;14.2272;12.8865;11.8659;11.3866;9.73884;8.29565;7.48498;5.86133;4.4173;3.49914;2.36968;1.39801;1.15955;1","14.7855;14.3671;12.9943;12.4208;11.9278;11.1919;10.4699;9.69358;9.38436;9.44986;9.73592;10.2427;10.5358;11.1727;11.6928;12.0494;12.4962;12.8669;14.7785;15",1.94072
"0.0666667;0.133333;0.8"
24.5166,0.654841,2.29921,"21.1137;21.0236;19.8268;18.6489;17.086;15.8882;14.4248;13.4518;11.8659;11.3828;9.73884;8.29565;7.48498;5.86133;4.4173;3.49914;2.36968;1.39801;1.15955;1","14.7855;14.3671;12.8585;12.4788;11.9218;11.7685;10.4375;9.91445;9.38436;9.29352;9.73592;10.2427;10.5358;11.1727;11.6928;12.0494;12.4962;12.8669;14.7785;15",1.85577
"0.0666667;0.166667;0.766667"
24.3464,0.542399,2.39255,"20.9651;20.6687;19.5461;18.3613;16.5758;15.8882;15.4512;13.842;12.4387;11.0906;9.21144;8.18649;6.56367;5.40261;3.56909;2.15508;1.39801;1.15955;1","14.7954;14.2517;13.0562;12.4208;11.6005;11.7685;11.4313;10.3715;9.4916;9.26162;9.6678;10.0664;10.6713;11.1454;11.8936;12.5387;12.8669;14.7785;15",1.83063
"0.0666667;0.2;0.733333"
24.2127,0.487197,2.39121,"20.9651;20.6687;19.5461;18.3613;17.086;15.598;14.4248;13.1667;12.6672;11.6523;11.0906;9.61971;7.93985;7.0676;5.35162;3.49914;2.36968;1.39801;1.15955;1","14.7954;14.2517;13.0562;12.4208;11.9218;11.1613;10.4375;9.68478;9.49409;9.18009;9.26162;9.58114;10.2914;10.6145;11.3103;12.0494;12.4962;12.8669;14.7785;15",1.74648
"0.0666667;0.233333;0.7"
24.2281,0.436783,2.39137,"20.9651;20.6687;19.5461;18.3613;17.4396;15.7596;14.4248;12.6672;11.6523;9.7463;8.41469;8.18649;6.34019;4.59189;3.44924;2.15508;1.39801;1.15955;1","14.7954;14.2517;13.0562;12.4208;11.9571;11.1899;10.4375;9.49409;9.18009;9.4118;9.98225;10.0664;10.775;11.5083;11.9565;12.5387;12.8669;14.7785;15",1.66342
"0.0666667;0.266667;0.666667"
24.2664,0.356987,2.43084,"21.0194;20.6687;19.5461;18.3613;17.4396;15.8065;14.2375;12.4598;11.6624;10.271;8.51148;7.74972;5.97736;4.59189;2.99676;1.4972;1","14.8133;14.2517;13.0562;12.4208;11.9571;11.0979;10.0978;9.2245;9.01599;9.17901;9.89226;10.1959;10.9346;11.5083;11.9009;13.0674;15",1.59897
"0.0666667;0.3;0.633333"
24.4351,0.316981,2.49018,"21.1137;20.247;18.6489;16.9293;15.7976;14.209;12.6648;11.4744;9.69576;8.18649;6.56367;5.51725;3.87364;2.99676;1.4972;1","14.7855;13.5571;12.4788;11.5396;10.8095;9.76797;9.16827;8.87238;9.35177;10.0664;10.6713;10.9789;11.6192;11.9009;13.0674;15",1.56693
"0.0666667;0.333333;0.6"
24.1581,0.34704,2.53772,"20.9651;20.6687;19.2887;18.0465;16.3782;15.598;14.2375;12.4598;10.774;8.83254;7.497;5.86205;4.21485;2.99676;1.4972;1","14.7954;14.2517;13.0748;12.4886;11.5695;11.1613;10.0978;9.2245;9.14796;9.54729;10.041;10.7125;11.3636;11.9009;13.0674;15",1.49684
"0.0666667;0.366667;0.566667"
24.3575,0.313568,2.53244,"21.1137;19.8797;18.1526;16.9044;15.3039;13.842;12.4598;11.1343;9.24323;7.497;5.86205;4.21485;2.99676;1.4972;1","14.7855;13.2584;12.4678;11.9278;10.7384;9.92208;9.2245;9.07283;9.24363;10.041;10.7125;11.3636;11.9009;13.0674;15",1.41536
"0.0666667;0.4;0.533333"
24.2978,0.276646,2.49886,"20.9651;20.0219;18.3613;17.1717;15.7976;14.7934;13.3877;12.6648;11.6624;10.919;9.24323;7.497;5.86205;4.21485;2.99676;1.4972;1","14.7954;13.471;12.4208;11.671;10.8095;10.243;9.45749;9.16827;9.01599;8.99259;9.24363;10.041;10.7125;11.3636;11.9009;13.0674;15",1.30131
"0.0666667;0.433333;0.5"
24.1488,0.28221,2.57356,"20.8059;19.5009;18.0465;16.3859;15.8065;14.3421;12.6648;12.6137;11.6922;11.4915;10.6861;8.87325;7.497;5.86205;4.21485;2.99676;1.4972;1","14.8465;13.493;12.4886;11.4474;11.0979;10.1554;9.16827;9.10548;8.94173;8.91701;8.92171;9.44288;10.041;10.7125;11.3636;11.9009;13.0674;15",1.25875
"0.0666667;0.466667;0.466667"
24.3343,0.263109,2.64372,"20.9651;20.6687;19.4601;18.0465;16.3859;15.734;14.6482;13.3877;12.6648;11.4744;10.0544;9.24323;7.48161;5.97736;4.52383;3.01966;1.4972;1","14.7954;14.2517;13.2346;12.4886;11.4474;10.9666;10.2066;9.45749;9.16827;8.87238;8.8317;9.24363;10.1271;10.9346;11.7266;12.3583;13.0674;15",1.19057
"0.0666667;0.5;0.433333"
24.522,0.25924,2.64463,"21.1137;20.247;19.2887;17.7015;17.0469;15.6331;14.2375;12.6137;11.6404;9.7381;9.11482;7.497;6.0301;4.50692;3.01966;1.4972;1","14.7855;13.5571;13.0748;12.3127;11.9645;11.1383;10.0978;9.10548;8.83995;8.85883;9.1696;10.041;10.8332;11.6281;12.3583;13.0674;15",1.1064
"0.0666667;0.533333;0.4"
24.2542,0.245763,2.65221,"20.8059;19.5009;18.3756;17.2332;16.834;15.3039;14.6901;13.3877;12.1785;11.6404;9.7381;9.11482;7.79239;7.27538;5.51725;3.8155;2.3162;1.4972;1","14.8465;13.493;12.8273;12.1447;11.9428;10.7384;10.2433;9.45749;8.90342;8.83995;8.85883;9.1696;9.82668;10.0724;10.9789;11.7693;12.5213;13.0674;15",1.01785
"0.0666667;0.566667;0.366667"
24.288,0.246305,2.77348,"20.8529;20.8232;19.9025;18.5503;16.9044;15.6331;14.6901;13.3877;12.9626;11.6404;10.3206;9.7381;9.11482;7.497;6.0301;4.50692;3.01966;1.4972;1","14.8394;14.7915;13.9349;13.0315;11.9278;11.1383;10.2433;9.45749;9.13635;8.83995;8.77679;8.85883;9.1696;10.041;10.8332;11.6281;12.3583;13.0674;15",0.960789
"0.0666667;0.6;0.333333"
24.1996,0.259893,2.9041,"20.8059;19.7885;18.1731;16.6752;15.071;13.842;12.6648;11.4744;9.58437;8.94678;7.56;6.00888;5.00253;3.56909;2.3162;1.4972;1","14.8465;14.1374;13.1137;12.1394;10.9845;9.92208;9.16827;8.87238;8.81755;9.10781;9.70179;10.5617;11.1079;11.8936;12.5213;13.0674;15",0.908356
"0.0666667;0.633333;0.3"
24.4398,0.237321,2.8819,"21.1137;20.5089;18.8658;17.6085;16.9155;15.4686;14.3421;13.3877;12.6675;10.9504;9.12803;7.56;6.00888;5.00253;3.56909;1.8815;1.19744;1","14.7855;14.3669;13.2507;12.6607;12.2442;11.1919;10.1554;9.45749;9.10507;8.67652;8.94876;9.70179;10.5617;11.1079;11.8936;12.7477;14.5808;15",0.800871
"0.0666667;0.666667;0.266667"
24.282,0.231286,2.90455,"20.8059;19.7885;18.1579;16.9155;15.3544;14.3421;12.9626;12.1785;10.9504;9.43353;9.12803;7.56;6.00888;5.00253;3.56909;1.8815;1.19744;1","14.8465;14.1374;13.0627;12.2442;11.2206;10.1554;9.13635;8.90342;8.67652;8.75842;8.94876;9.70179;10.5617;11.1079;11.8936;12.7477;14.5808;15",0.706603
"0.0666667;0.7;0.233333"
24.2794,0.232491,2.90452,"20.8059;19.7885;18.1579;16.9155;15.3544;14.5085;12.9626;12.1785;10.9504;9.43353;9.12803;7.56;6.47129;5.00253;3.8155;3.56909;1.8815;1.19744;1","14.8465;14.1374;13.0627;12.2442;11.2206;10.3307;9.13635;8.90342;8.67652;8.75842;8.94876;9.70179;10.2707;11.1079;11.7693;11.8936;12.7477;14.5808;15",0.605655
"0.0666667;0.733333;0.2"
24.3219,0.205091,2.76341,"20.8059;19.7885;18.8658;17.2332;15.8065;15.3039;13.9384;12.9626;12.1785;10.9504;9.30536;8.07832;6.59406;5.81626;4.59189;2.90539;1.951;1.32775;1","14.8465;14.1374;13.2507;12.1447;11.0979;10.7384;9.70294;9.13635;8.90342;8.67652;8.6091;9.01668;10.0796;10.7232;11.5083;12.5685;12.914;14.0984;15",0.481193
"0.0666667;0.766667;0.166667"
24.4263,0.194901,2.80839,"20.9651;19.9025;18.8658;17.2332;15.8065;15.3039;13.9384;12.8587;11.9924;10.2281;9.44565;8.07832;6.55443;5.00253;3.55662;1.951;1.32775;1","14.7954;13.9349;13.2507;12.1447;11.0979;10.7384;9.70294;9.05604;8.71453;8.55224;8.62024;9.01668;9.9068;11.1079;12.0366;12.914;14.0984;15",0.388286
"0.0666667;0.8;0.133333"
24.3579,0.194776,2.80317,"20.8059;19.7885;18.8658;17.31;15.7596;14.6901;13.3341;11.9924;10.4351;9.44565;8.07832;6.59406;5.00253;3.49914;1.951;1.32775;1","14.8465;14.1374;13.2507;12.2778;11.1899;10.2433;9.27108;8.71453;8.49135;8.62024;9.01668;10.0796;11.1079;12.0494;12.914;14.0984;15",0.292692
"0.0666667;0.833333;0.1"
24.3225,0.181099,2.89316,"20.8059;19.7885;18.8658;17.31;16.9044;15.734;15.339;13.9301;13.2197;11.9924;10.0746;9.54029;7.74412;6.15908;5.00253;4.4173;3.36886;2.22706;2.04103;1","14.8465;14.1374;13.2507;12.2778;11.9278;10.9666;10.6251;9.49447;9.11365;8.71453;8.40301;8.48102;9.10347;10.2637;11.1079;11.6928;12.3505;13.0372;13.3417;15",0.201128
"0.0666667;0.866667;0.0666667"
20.3761,0.193506,10.188,"20.8059;19.9732;18.118;16.345;14.5976;13.6342;11.8211;11.2295;9.29004;7.69536;5.93034;5.28042;3.57265;1.67664;1","14.8465;15.0558;15.5091;15.8801;16.2956;16.531;16.9978;17.1218;17.2247;16.7921;16.3818;16.2606;15.8241;15.2159;15",0.343727
"0.0666667;0.9;0.0333333"
21.413,0.0928066,10.7065,"21.1137;20.9651;18.9886;17.67;17.1686;15.6954;13.8712;13.5087;12.7507;12.6532;11.6173;11.5426;9.84575;7.90476;6.54978;5.378;3.84542;2.33914;1","14.7855;14.7954;14.955;15.5908;15.858;16.6108;17.2169;17.3311;17.5645;17.5806;17.8994;17.8967;18.1645;18.0278;17.7121;17.2702;16.5324;15.6589;15",0.18362
"0.0666667;0.933333;0"
23.502,65.1477,2.39036,"20.8529;20.8232;20.0219;19.1024;17.6447;16.1537;14.3183;13.4035;12.0867;11.0034;10.6848;8.96301;7.11943;5.44479;4.24833;2.99676;1.4972;1","14.8394;14.7915;13.471;12.7526;12.2182;11.6659;10.9428;10.5963;10.1286;9.95648;9.97778;10.3867;10.8603;11.3122;11.6913;11.9009;13.0674;15",2.24933
"0.1;0;0.9"
23.6613,2.80544,2.41739,"20.9651;20.6687;19.5461;18.1119;17.0469;15.3544;13.8691;12.929;11.0034;9.07882;7.48498;5.6647;3.87364;2.99676;1.4972;1","14.7954;14.2517;13.0562;12.4259;11.9645;11.2206;10.4742;9.96734;9.95648;10.099;10.5358;11.0389;11.6192;11.9009;13.0674;15",2.185
"0.1;0.0333333;0.866667"
23.8,1.59388,2.44227,"21.1137;20.6687;19.5461;18.3613;16.5758;15.598;13.842;12.929;11.5706;10.1994;9.07882;7.48498;5.6647;3.87364;2.99676;1.4972;1","14.7855;14.2517;13.0562;12.4208;11.6005;11.1613;10.3715;9.96734;9.75684;9.74936;10.099;10.5358;11.0389;11.6192;11.9009;13.0674;15",2.13636
"0.1;0.0666667;0.833333"
23.7379,1.10369,2.48963,"20.9651;20.6687;19.2887;18.1119;17.086;15.598;13.8691;12.929;11.7117;10.6064;9.21126;7.48498;5.6647;3.87364;2.99676;1.4972;1","14.7954;14.2517;13.0748;12.4259;11.9218;11.1613;10.4742;9.96734;9.59744;9.61951;10.0244;10.5358;11.0389;11.6192;11.9009;13.0674;15",2.07471
"0.1;0.1;0.8"
23.9696,0.97591,2.32669,"20.9651;20.6687;19.8268;17.958;16.9044;15.598;13.8691;12.929;11.7542;10.7913;9.07882;7.79532;5.98492;4.51551;3.29696;1.4972;1","14.7954;14.2517;12.8585;12.3693;11.9278;11.1613;10.4742;9.96734;9.61578;9.40044;10.099;10.6668;11.4356;12.02;12.4798;13.0674;15",1.86334
"0.1;0.133333;0.766667"
23.9751,0.652224,2.50969,"21.1137;20.247;19.8797;18.3613;17.4396;15.8065;14.5085;13.4518;11.8659;10.2631;8.37135;7.11943;5.42637;4.45718;3.29696;1.4972;1","14.7855;13.5571;13.2584;12.4208;11.9571;11.0979;10.3307;9.91445;9.38436;9.54987;10.1794;10.8603;11.5284;11.9716;12.4798;13.0674;15",1.92944
"0.1;0.166667;0.733333"
23.9861,0.626493,2.55571,"21.1137;20.247;18.6016;18.3613;16.5758;15.598;14.1105;13.0123;11.8659;10.7913;9.20585;7.72429;7.05736;5.42637;4.45718;3.29696;1.4972;1","14.7855;13.5571;12.4709;12.4208;11.6005;11.1613;10.3235;9.80615;9.38436;9.40044;9.83084;10.3997;10.7072;11.5284;11.9716;12.4798;13.0674;15",1.87395
"0.1;0.2;0.7"
23.8698,0.565867,2.50712,"20.8529;20.8232;20.1182;18.6489;18.3613;16.5758;15.598;14.1105;13.4518;12.6672;11.3828;9.58637;7.72429;7.05736;5.42637;4.45718;3.29696;1.4972;1","14.8394;14.7915;13.7809;12.4788;12.4208;11.6005;11.1613;10.3235;9.91445;9.49409;9.29352;9.68246;10.3997;10.7072;11.5284;11.9716;12.4798;13.0674;15",1.74401
"0.1;0.233333;0.666667"
23.8783,0.524866,2.58635,"20.9651;20.6687;19.2887;18.0465;16.9044;15.4686;14.2272;12.8865;11.8659;11.0906;9.21144;7.47208;5.86133;4.52383;3.01966;1.4972;1","14.7954;14.2517;13.0748;12.4886;11.9278;11.1919;10.4699;9.69358;9.38436;9.26162;9.6678;10.4581;11.1727;11.7266;12.3583;13.0674;15",1.70374
"0.1;0.266667;0.633333"
23.8967,0.491668,2.69252,"20.9651;19.6183;18.0465;16.5661;15.071;13.4518;12.9241;11.3828;11.0906;9.21144;7.47208;5.86133;4.52383;3.01966;1.4972;1","14.7954;13.5348;12.4886;11.9669;10.9845;9.91445;9.51015;9.29352;9.26162;9.6678;10.4581;11.1727;11.7266;12.3583;13.0674;15",1.67776
"0.1;0.3;0.6"
24.1227,0.455326,2.66553,"21.1137;20.247;19.2887;18.0465;17.0469;15.598;14.4248;12.6672;11.6523;9.7463;9.21144;7.67048;7.05736;5.42637;4.45718;3.29696;1.4972;1","14.7855;13.5571;13.0748;12.4886;11.9645;11.1613;10.4375;9.49409;9.18009;9.4118;9.6678;10.4139;10.7072;11.5284;11.9716;12.4798;13.0674;15",1.57924
"0.1;0.333333;0.566667"
24.0784,0.397301,2.54811,"20.9651;20.0219;18.3613;17.034;15.339;13.842;12.4598;12.373;11.0906;9.69576;8.18649;7.0676;5.86133;4.52383;3.01966;1.4972;1","14.7954;13.471;12.4208;11.5526;10.6251;9.92208;9.2245;9.21569;9.26162;9.35177;10.0664;10.6145;11.1727;11.7266;12.3583;13.0674;15",1.41433
"0.1;0.366667;0.533333"
23.8892,0.403422,2.69963,"20.8059;19.6299;19.0306;18.4396;16.9044;15.598;14.4248;13.4518;12.373;10.774;9.69576;8.18649;7.0676;5.86133;4.52383;3.01966;1.4972;1","14.8465;13.6142;13.2747;12.889;11.9278;11.1613;10.4375;9.91445;9.21569;9.14796;9.35177;10.0664;10.6145;11.1727;11.7266;12.3583;13.0674;15",1.41169
"0.1;0.4;0.5"
23.9056,0.413208,2.83132,"20.8529;20.8232;19.9025;18.8658;17.6085;16.9155;15.4686;14.198;13.1667;12.11;11.1343;9.69576;8.18649;7.0676;5.69486;5.11177;3.85805;2.47807;1.4972;1","14.8394;14.7915;13.9349;13.2507;12.6607;12.2442;11.1919;10.4814;9.68478;9.23881;9.07283;9.35177;10.0664;10.6145;11.2688;11.5802;12.1139;12.6948;13.0674;15",1.3721
"0.1;0.433333;0.466667"
23.9565,0.352111,2.77567,"20.8529;20.8232;19.9025;18.8658;17.2332;15.598;14.5085;13.842;12.11;10.919;9.08279;7.38782;5.97736;4.4173;3.77338;2.47807;1.4972;1","14.8394;14.7915;13.9349;13.2507;12.1447;11.1613;10.3307;9.92208;9.23881;8.99259;9.48876;10.3044;10.9346;11.6928;12.0493;12.6948;13.0674;15",1.24998
"0.1;0.466667;0.433333"
23.8334,0.361541,2.90006,"20.8059;19.7885;18.1579;16.9155;15.3544;14.198;13.1667;12.11;11.1343;9.24323;7.48161;6.0301;4.24833;3.49914;1.8815;1.19744;1","14.8465;14.1374;13.0627;12.2442;11.2206;10.4814;9.68478;9.23881;9.07283;9.24363;10.1271;10.8332;11.6913;12.0494;12.7477;14.5808;15",1.20952
"0.1;0.5;0.4"
23.9936,0.323491,2.7726,"20.9651;19.9025;18.8658;17.5063;16.834;15.6331;14.5085;13.842;12.4598;11.1343;9.24323;7.48161;6.0301;4.24833;3.49914;1.8815;1.19744;1","14.7954;13.9349;13.2507;12.3706;11.9428;11.1383;10.3307;9.92208;9.2245;9.07283;9.24363;10.1271;10.8332;11.6913;12.0494;12.7477;14.5808;15",1.05466
"0.1;0.533333;0.366667"
24.0244,0.310367,2.76649,"20.9651;19.9025;18.8658;17.2332;15.598;14.2375;12.4598;10.919;9.24323;7.48161;6.0301;4.24833;3.49914;1.8815;1.19744;1","14.7954;13.9349;13.2507;12.1447;11.1613;10.0978;9.2245;8.99259;9.24363;10.1271;10.8332;11.6913;12.0494;12.7477;14.5808;15",0.956747
"0.1;0.566667;0.333333"
23.9408,0.299515,2.80353,"20.9651;19.9025;18.8658;17.2332;16.9044;15.3039;13.842;13.34;11.6624;10.6861;8.87325;7.73455;6.0301;4.24833;3.49914;1.951;1.32775;1","14.7954;13.9349;13.2507;12.1447;11.9278;10.7384;9.92208;9.55506;9.01599;8.92171;9.44288;9.93615;10.8332;11.6913;12.0494;12.914;14.0984;15",0.872187
"0.1;0.6;0.3"
24.0509,0.272755,2.81196,"20.9651;19.9025;18.5503;16.9044;15.3039;13.842;13.34;12.4598;11.6624;10.1814;8.94678;7.27538;5.6647;4.28211;3.76579;1.951;1.32775;1","14.7954;13.9349;13.0315;11.9278;10.7384;9.92208;9.55506;9.2245;9.01599;8.88991;9.10781;10.0724;11.0389;11.8761;12.1934;12.914;14.0984;15",0.777524
"0.1;0.633333;0.266667"
23.9513,0.291552,2.94834,"20.8059;19.7885;18.1731;17.0172;15.8882;15.3471;13.824;13.1066;12.4598;11.8545;11.6624;10.1814;8.94678;7.27538;7.01441;5.40261;3.77338;2.37807;1.951;1.32775;1","14.8465;14.1374;13.1137;12.5012;11.7685;11.2724;9.97965;9.49158;9.2245;9.04202;9.01599;8.88991;9.10781;10.0724;10.2278;11.1454;12.0493;12.8154;12.914;14.0984;15",0.716821
"0.1;0.666667;0.233333"
23.9706,0.273296,2.93932,"20.8059;19.7885;18.1579;16.9155;15.3544;13.842;13.1207;11.4915;10.0544;8.92206;7.69751;5.97964;4.59189;3.86954;2.676;1.951;1.32775;1","14.8465;14.1374;13.0627;12.2442;11.2206;9.92208;9.44543;8.91701;8.8317;9.0918;9.78455;10.7475;11.5083;11.9117;12.5901;12.914;14.0984;15",0.612613
"0.1;0.7;0.2"
24.1328,0.250161,2.84413,"20.9651;19.6451;18.7512;17.6773;16.9044;15.598;14.3421;13.3877;12.6648;11.4744;10.0941;9.7381;8.92206;7.69751;5.97964;4.59189;3.86954;2.29106;1.951;1.32775;1","14.7954;13.9332;13.2678;12.5214;11.9278;11.1613;10.1554;9.45749;9.16827;8.87238;8.81771;8.85883;9.0918;9.78455;10.7475;11.5083;11.9117;12.8273;12.914;14.0984;15",0.491315
"0.1;0.733333;0.166667"
24.0703,0.263246,2.93879,"20.8059;19.7885;18.1731;16.6752;15.071;13.842;12.6648;11.4744;9.58437;9.12803;7.69751;5.97964;4.50692;3.77338;2.08753;1.951;1.32775;1","14.8465;14.1374;13.1137;12.1394;10.9845;9.92208;9.16827;8.87238;8.81755;8.94876;9.78455;10.7475;11.6281;12.0493;12.9518;12.914;14.0984;15",0.408338
"0.1;0.766667;0.133333"
24.0712,0.236592,2.89519,"20.9651;19.9025;18.8658;17.2332;15.598;14.2375;13.1442;11.6404;10.3206;8.85254;7.56;5.86205;4.4173;3.36886;2.22706;2.04103;1","14.7954;13.9349;13.2507;12.1447;11.1613;10.0978;9.33719;8.83995;8.77679;8.86398;9.70179;10.7125;11.6928;12.3505;13.0372;13.3417;15",0.299894
"0.1;0.8;0.1"
24.1191,0.212144,2.79978,"20.9651;19.6183;18.0465;16.5537;15.1063;14.1518;12.9626;12.1785;11.6404;11.5198;10.3206;9.7381;9.2083;7.62378;6.47129;5.81626;4.24833;3.86954;2.22706;2.04103;1","14.7954;13.5348;12.4886;11.3942;10.1055;9.53616;9.13635;8.90342;8.83995;8.80643;8.77679;8.85883;8.96533;9.65129;10.2707;10.7232;11.6913;11.9117;13.0372;13.3417;15",0.193569
"0.1;0.833333;0.0666667"
20.6903,0.194114,10.3451,"21.1137;20.4276;19.9732;18.118;16.345;14.5976;13.6342;11.8211;11.2295;9.29004;7.69536;6.10729;4.96885;3.57265;1.67664;1","14.7855;14.9464;15.0558;15.5091;15.8801;16.2956;16.531;16.9978;17.1218;17.2247;16.7921;16.378;16.1647;15.8241;15.2159;15",0.348883
"0.1;0.866667;0.0333333"
21.1214,0.110941,10.5607,"21.1137;20.9651;19.4804;18.7661;17.1686;15.4362;13.6344;13.1732;12.1393;11.2201;9.43474;8.97219;7.30935;5.522;3.71451;2.03741;1","14.7855;14.7954;15.2376;15.441;15.858;16.3882;16.9997;17.1663;17.5622;17.6828;17.8865;17.8701;17.6442;17.0496;16.3378;15.5308;15",0.304587
"0.1;0.9;0"
23.3987,62.297,2.51202,"20.9651;20.1182;18.6489;17.086;15.8451;14.3183;13.4035;12.0867;11.0034;10.6848;8.72082;7.11943;5.65028;4.64517;3.01966;1.4972;1","14.7954;13.7809;12.4788;11.9218;11.4638;10.9428;10.5963;10.1286;9.95648;9.97778;10.2989;10.8603;11.4072;11.7682;12.3583;13.0674;15",2.267
"0.133333;0;0.866667"
23.3478,3.68114,2.55027,"20.8059;20.3239;18.9511;18.0465;16.5661;15.4512;14.5337;13.2218;11.5706;9.80123;8.40328;7.79532;6.37504;4.91584;4.64517;3.01966;1.4972;1","14.8465;14.4254;12.9879;12.4886;11.9669;11.4313;10.8799;10.4171;9.75684;10.0116;10.4447;10.6668;11.1334;11.6608;11.7682;12.3583;13.0674;15",2.22835
"0.133333;0.0333333;0.833333"
23.5873,1.91399,2.55618,"20.8529;20.8232;20.0175;18.6489;16.9044;15.3471;13.8691;13.0278;11.7542;9.80123;8.40328;7.79532;5.98492;4.51551;3.29696;1.4972;1","14.8394;14.7915;13.8725;12.4788;11.9278;11.2724;10.4742;9.92992;9.61578;10.0116;10.4447;10.6668;11.4356;12.02;12.4798;13.0674;15",2.13205
"0.133333;0.0666667;0.8"
23.527,1.42927,2.69537,"20.9651;19.6183;18.0465;16.9044;15.3544;13.8691;13.2934;11.7542;10.1994;8.40328;7.79532;5.98492;4.51551;3.29696;1.4972;1","14.7954;13.5348;12.4886;11.9278;11.2206;10.4742;10.251;9.61578;9.74936;10.4447;10.6668;11.4356;12.02;12.4798;13.0674;15",2.14599
"0.133333;0.1;0.766667"
23.7709,1.00333,2.66563,"21.0194;20.6687;19.4601;18.0465;16.3782;15.598;14.1105;12.8865;11.3866;10.3769;8.72082;7.79532;5.98492;4.51551;3.29696;1.4972;1","14.8133;14.2517;13.2346;12.4886;11.5695;11.1613;10.3235;9.69358;9.44986;9.65694;10.2989;10.6668;11.4356;12.02;12.4798;13.0674;15",2.02362
"0.133333;0.133333;0.733333"
23.8899,0.879607,2.64358,"21.1137;20.247;19.4325;18.1119;16.5758;15.6331;14.2272;13.0123;11.3866;9.73884;8.40328;7.79532;5.98492;4.51551;3.29696;1.4972;1","14.7855;13.5571;13.1402;12.4259;11.6005;11.1383;10.4699;9.80615;9.44986;9.73592;10.4447;10.6668;11.4356;12.02;12.4798;13.0674;15",1.93546
"0.133333;0.166667;0.7"
23.7649,0.734879,2.75413,"21.0194;20.1182;19.2361;18.3103;16.9044;15.598;14.2272;13.0123;11.7542;11.0504;9.21144;7.47208;5.86133;4.52383;3.01966;1.4972;1","14.8133;13.7809;13.3255;12.7785;11.9278;11.1613;10.4699;9.80615;9.61578;9.54962;9.6678;10.4581;11.1727;11.7266;12.3583;13.0674;15",1.89866
"0.133333;0.2;0.666667"
23.6691,0.706307,2.80077,"20.9651;19.9025;18.8658;17.6773;16.1537;14.5296;13.0278;11.8659;10.2631;8.37135;7.48498;5.86133;4.52383;3.01966;1.4972;1","14.7954;13.9349;13.2507;12.5214;11.6659;10.7529;9.92992;9.38436;9.54987;10.1794;10.5358;11.1727;11.7266;12.3583;13.0674;15",1.83953
"0.133333;0.233333;0.633333"
23.6741,0.657241,2.78436,"20.8529;19.6451;18.8658;17.6773;15.8882;14.2823;13.0123;11.8659;11.3828;11.0906;9.20585;7.79532;6.55647;4.81897;3.38195;1.951;1.32775;1","14.8394;13.9332;13.2507;12.5214;11.7685;10.6853;9.80615;9.38436;9.29352;9.26162;9.83084;10.6668;11.2222;12.1627;12.939;12.914;14.0984;15",1.73595
"0.133333;0.266667;0.6"
23.6299,0.528848,2.77426,"20.8529;20.8232;19.9025;18.8658;17.2332;16.9044;15.4686;14.198;12.8865;11.3828;9.7463;9.21144;7.72429;6.55647;5.05018;3.31594;1.951;1.32775;1","14.8394;14.7915;13.9349;13.2507;12.1447;11.9278;11.1919;10.4814;9.69358;9.29352;9.4118;9.6678;10.3997;11.2222;11.9642;12.6567;12.914;14.0984;15",1.63378
"0.133333;0.3;0.566667"
23.7039,0.537547,2.76328,"20.9651;19.9025;18.8658;17.2332;15.598;14.1105;13.4518;11.8659;11.3828;9.61971;7.80324;7.0676;5.35162;3.55662;1.8815;1.19744;1","14.7954;13.9349;13.2507;12.1447;11.1613;10.3235;9.91445;9.38436;9.29352;9.58114;10.2918;10.6145;11.3103;12.0366;12.7477;14.5808;15",1.52909
"0.133333;0.333333;0.533333"
23.5983,0.542138,2.8749,"20.8059;19.7885;18.1579;17.6732;16.9095;15.4512;13.842;12.8865;12.4387;11.3828;11.0906;9.61971;7.80324;7.0676;5.35162;3.55662;1.8815;1.19744;1","14.8465;14.1374;13.0627;12.7869;12.3125;11.4313;10.3715;9.69358;9.4916;9.29352;9.26162;9.58114;10.2918;10.6145;11.3103;12.0366;12.7477;14.5808;15",1.49932
"0.133333;0.366667;0.5"
23.7754,0.479984,2.913,"20.9651;19.6451;19.1622;17.6085;16.5661;15.071;13.4518;12.4387;10.774;9.61971;8.41469;7.18816;5.35162;3.55662;1.8815;1.19744;1","14.7954;13.9332;13.6255;12.6607;11.9669;10.9845;9.91445;9.4916;9.14796;9.58114;9.98225;10.5203;11.3103;12.0366;12.7477;14.5808;15",1.40782
"0.133333;0.4;0.466667"
23.6881,0.463454,2.89861,"20.8059;19.7885;18.1579;16.9155;15.3544;14.2272;13.4518;11.6523;10.264;9.21144;8.168;7.18816;5.35162;3.55662;1.8815;1.19744;1","14.8465;14.1374;13.0627;12.2442;11.2206;10.4699;9.91445;9.18009;9.26497;9.6678;10.0981;10.5203;11.3103;12.0366;12.7477;14.5808;15",1.30969
"0.133333;0.433333;0.433333"
23.7171,0.449974,2.8989,"20.8059;19.7885;18.1579;16.9155;15.3471;14.2272;13.4518;13.1667;12.6672;11.6523;10.774;9.21144;8.168;7.18816;5.35162;3.98014;2.35522;1.8815;1.19744;1","14.8465;14.1374;13.0627;12.2442;11.2724;10.4699;9.91445;9.68478;9.49409;9.18009;9.14796;9.6678;10.0981;10.5203;11.3103;11.8811;12.5442;12.7477;14.5808;15",1.20906
"0.133333;0.466667;0.4"
23.9736,0.396661,2.80386,"20.9651;19.9025;18.8658;17.2332;15.598;14.2375;13.842;12.0455;11.1343;9.69576;8.51148;7.11943;6.55647;4.81897;3.38195;1.951;1.32775;1","14.7954;13.9349;13.2507;12.1447;11.1613;10.0978;9.92208;9.20687;9.07283;9.35177;9.89226;10.8603;11.2222;12.1627;12.939;12.914;14.0984;15",1.06613
"0.133333;0.5;0.366667"
23.7019,0.367531,2.88578,"20.8059;19.7885;18.9262;18.0476;16.5661;15.8451;14.4248;12.9241;12.11;12.0455;11.6523;10.774;8.87325;7.38782;5.97736;4.36086;2.90539;1.951;1.32775;1","14.8465;14.1374;13.568;12.9599;11.9669;11.4638;10.4375;9.51015;9.23881;9.20687;9.18009;9.14796;9.44288;10.3044;10.9346;11.8062;12.5685;12.914;14.0984;15",1.00318
"0.133333;0.533333;0.333333"
23.7445,0.347568,2.8862,"20.8059;19.7885;18.9262;18.0476;16.5661;15.8451;15.598;14.5085;13.842;12.7375;12.3517;11.1343;10.271;8.83254;7.60206;6.56367;5.35162;4.28211;2.90539;1.951;1.32775;1","14.8465;14.1374;13.568;12.9599;11.9669;11.4638;11.1613;10.3307;9.92208;9.37647;9.21459;9.07283;9.17901;9.54729;10.117;10.6713;11.3103;11.8761;12.5685;12.914;14.0984;15",0.902986
"0.133333;0.566667;0.3"
23.9019,0.349967,2.92812,"20.9651;19.9025;18.8658;17.0172;15.6979;14.4248;12.9241;12.11;12.0455;11.1343;9.24323;7.60206;6.56367;5.35162;4.28211;2.90539;1.951;1.32775;1","14.7954;13.9349;13.2507;12.5012;11.4685;10.4375;9.51015;9.23881;9.20687;9.07283;9.24363;10.117;10.6713;11.3103;11.8761;12.5685;12.914;14.0984;15",0.8085
"0.133333;0.6;0.266667"
23.9146,0.316071,2.80078,"20.9651;19.9025;18.8658;18.5503;17.1718;15.7596;14.5085;13.842;12.3517;10.919;9.18926;7.84979;6.54503;5.35162;4.28211;2.90539;1.951;1.32775;1","14.7954;13.9349;13.2507;13.0315;12.1069;11.1899;10.3307;9.92208;9.21459;8.99259;9.22053;9.9722;10.6688;11.3103;11.8761;12.5685;12.914;14.0984;15",0.677725
"0.133333;0.633333;0.233333"
23.8151,0.322776,2.91495,"20.8059;19.7885;18.1579;17.6732;16.5661;15.071;13.824;12.373;10.919;9.97141;8.76527;7.48161;5.97736;4.36086;2.90539;1.951;1.32775;1","14.8465;14.1374;13.0627;12.7869;11.9669;10.9845;9.97965;9.21569;8.99259;8.99378;9.47582;10.1271;10.9346;11.8062;12.5685;12.914;14.0984;15",0.607739
"0.133333;0.666667;0.2"
23.8832,0.329421,2.93691,"20.8059;19.7885;18.1731;16.6752;15.8882;14.5296;14.198;12.9241;12.373;11.6624;10.3077;8.77458;7.497;6.0301;4.4173;3.77338;2.08753;1.951;1.32775;1","14.8465;14.1374;13.1137;12.1394;11.7685;10.7529;10.4814;9.51015;9.21569;9.01599;8.89549;9.41331;10.041;10.8332;11.6928;12.0493;12.9518;12.914;14.0984;15",0.510111
"0.133333;0.7;0.166667"
23.7465,0.302929,3.02743,"20.8059;19.7885;18.1579;16.9155;15.4686;14.4248;13.824;12.4598;10.919;9.2083;7.79239;6.47519;5.2943;3.76579;2.22706;2.04103;1","14.8465;14.1374;13.0627;12.2442;11.1919;10.4375;9.97965;9.2245;8.99259;8.96533;9.82668;10.6539;11.4389;12.1934;13.0372;13.3417;15",0.420157
"0.133333;0.733333;0.133333"
23.8593,0.278628,2.93247,"20.9651;19.9025;18.8658;17.31;15.7596;14.2375;13.1066;12.4598;12.0505;10.6861;8.92206;7.27538;5.97736;4.52383;3.36886;2.22706;2.04103;1","14.7954;13.9349;13.2507;12.2778;11.1899;10.0978;9.49158;9.2245;9.11015;8.92171;9.0918;10.0724;10.9346;11.7266;12.3505;13.0372;13.3417;15",0.303623
"0.133333;0.766667;0.1"
23.8739,0.287571,3.15601,"20.9651;19.3596;17.6732;16.9095;15.4512;15.3471;13.824;13.1066;12.4598;12.0505;10.6861;9.2083;7.62378;6.0301;4.64517;3.74122;2.28011;1.15955;1","14.7954;13.8124;12.7869;12.3125;11.4313;11.2724;9.97965;9.49158;9.2245;9.11015;8.92171;8.96533;9.65129;10.8332;11.7682;12.3707;13.136;14.7785;15",0.230183
"0.133333;0.8;0.0666667"
20.6559,0.200526,10.3279,"21.1137;19.9732;18.118;16.345;14.5976;13.6342;11.8211;11.006;9.62334;8.87336;6.95971;5.08616;3.15883;1.30764;1","14.7855;15.0558;15.5091;15.8801;16.2956;16.531;16.9978;17.1675;17.1446;16.9691;16.4616;15.994;15.5518;15.0631;15",0.468187
"0.133333;0.833333;0.0333333"
21.0122,0.121258,10.5061,"21.1137;19.3279;17.9794;16.1632;14.4867;13.0818;12.8043;12.1648;11.4794;9.96616;8.9993;7.81849;6.54121;5.23755;4.07769;2.45788;1","14.7855;15.2848;15.6293;16.1955;16.6888;17.1129;17.2008;17.4127;17.5019;17.7274;17.6937;17.5701;17.2822;16.841;16.3981;15.6924;15",0.420683
"0.133333;0.866667;0"
23.2214,41.4455,2.57013,"20.8529;20.209;18.9511;17.5063;15.7788;13.9942;12.7632;11.4754;10.5595;8.6713;7.91746;6.22938;4.38621;3.29696;1.4972;1","14.8394;14.1248;12.9879;12.3706;11.6307;10.856;10.3668;9.97214;9.98487;10.5361;10.9147;11.5461;12.0858;12.4798;13.0674;15",2.23252
"0.166667;0;0.833333"
23.4322,4.27969,2.60905,"20.9651;20.1182;18.9511;17.2332;15.8451;14.5337;13.8691;13.2934;11.662;9.89137;8.40328;7.79532;5.98492;4.51551;3.29696;1.4972;1","14.7954;13.7809;12.9879;12.1447;11.4638;10.8799;10.4742;10.251;9.9431;9.88522;10.4447;10.6668;11.4356;12.02;12.4798;13.0674;15",2.17025
"0.166667;0.0333333;0.8"
23.6267,1.88177,2.67189,"21.1137;20.6687;19.4601;18.9511;17.2332;16.1537;14.5337;13.2934;11.7542;10.6064;9.17455;7.51839;5.99148;4.85337;3.38195;1.951;1.32775;1","14.7855;14.2517;13.2346;12.9879;12.1447;11.6659;10.8799;10.251;9.61578;9.61951;10.3199;11.2236;11.8352;12.3173;12.939;12.914;14.0984;15",2.14149
"0.166667;0.0666667;0.766667"
23.6326,1.44908,2.68849,"21.1137;20.6687;19.4601;18.0465;17.2332;15.4512;13.8691;12.6351;11.7542;11.0799;9.32847;7.79532;6.99623;5.3547;4.02617;2.37129;1.951;1.32775;1","14.7855;14.2517;13.2346;12.4886;12.1447;11.4313;10.4742;9.84567;9.61578;9.52734;10.1509;10.6668;11.1865;12.1221;12.5667;12.9292;12.914;14.0984;15",2.06056
"0.166667;0.1;0.733333"
23.3592,1.10315,2.67923,"20.8059;19.5009;18.3756;16.834;15.4686;14.198;13.0278;11.7542;9.76272;8.40328;7.79532;6.55647;5.05018;3.31594;1.951;1.32775;1","14.8465;13.493;12.8273;11.9428;11.1919;10.4814;9.92992;9.61578;9.71528;10.4447;10.6668;11.2222;11.9642;12.6567;12.914;14.0984;15",1.96209
"0.166667;0.133333;0.7"
23.5365,1.09927,2.89693,"20.9651;19.9025;18.2989;17.0172;15.8882;14.5337;13.8691;13.0278;11.7408;10.3769;8.72082;6.90222;6.37504;4.91584;4.64517;3.01966;1.8815;1.19744;1","14.7954;13.9349;13.0375;12.5012;11.7685;10.8799;10.4742;9.92992;9.48886;9.65694;10.2989;10.9506;11.1334;11.6608;11.7682;12.3583;12.7477;14.5808;15",2.00046
"0.166667;0.166667;0.666667"
23.6574,0.920543,2.88079,"21.1137;20.0175;18.5306;16.9155;15.4512;13.8188;12.6351;11.7408;9.76272;8.29565;7.05736;5.69486;4.97571;3.77338;1.98182;1.8815;1.19744;1","14.7855;13.8725;13.0694;12.2442;11.4313;10.5377;9.84567;9.48886;9.71528;10.2427;10.7072;11.2688;11.5665;12.0493;12.7217;12.7477;14.5808;15",1.90136
"0.166667;0.2;0.633333"
23.5585,0.858127,2.94983,"20.9651;19.3596;17.6732;15.8589;14.5337;13.0278;11.3866;9.73884;8.29565;7.05736;5.69486;4.97571;3.77338;1.98182;1.8815;1.19744;1","14.7954;13.8124;12.7869;11.9552;10.8799;9.92992;9.44986;9.73592;10.2427;10.7072;11.2688;11.5665;12.0493;12.7217;12.7477;14.5808;15",1.83215
"0.166667;0.233333;0.6"
23.4969,0.763368,2.8967,"20.8059;19.7885;18.1579;16.9155;15.3471;13.8691;13.0278;11.8659;10.2631;8.4359;7.05736;5.69486;4.97571;3.77338;1.98182;1.8815;1.19744;1","14.8465;14.1374;13.0627;12.2442;11.2724;10.4742;9.92992;9.38436;9.54987;10.2581;10.7072;11.2688;11.5665;12.0493;12.7217;12.7477;14.5808;15",1.71159
"0.166667;0.266667;0.566667"
23.5306,0.708752,2.97373,"20.8059;19.7885;18.8058;17.4795;16.0063;15.8882;14.2823;13.8691;12.4869;11.8659;10.7913;9.73884;8.29565;7.48498;5.69486;4.97571;3.77338;1.98182;1.8815;1.19744;1","14.8465;14.1374;13.6388;12.7595;11.848;11.7685;10.6853;10.4742;9.55151;9.38436;9.40044;9.73592;10.2427;10.5358;11.2688;11.5665;12.0493;12.7217;12.7477;14.5808;15",1.65199
"0.166667;0.3;0.533333"
23.7833,0.619168,2.83382,"21.1137;20.5089;18.8658;17.6773;16.1537;15.8451;14.198;12.4869;11.3828;9.58637;8.37135;7.48498;5.69486;4.97571;3.77338;1.98182;1.8815;1.19744;1","14.7855;14.3669;13.2507;12.5214;11.6659;11.4638;10.4814;9.55151;9.29352;9.68246;10.1794;10.5358;11.2688;11.5665;12.0493;12.7217;12.7477;14.5808;15",1.47759
"0.166667;0.333333;0.5"
23.622,0.589583,2.91301,"20.8059;19.7885;18.1579;17.6732;16.9095;15.4512;14.5296;13.0123;12.4869;11.8659;11.0906;9.58637;7.72429;6.55647;4.81897;3.38195;1.951;1.32775;1","14.8465;14.1374;13.0627;12.7869;12.3125;11.4313;10.7529;9.80615;9.55151;9.38436;9.26162;9.68246;10.3997;11.2222;12.1627;12.939;12.914;14.0984;15",1.41716
"0.166667;0.366667;0.466667"
23.5041,0.503989,2.93465,"20.8059;19.7885;18.1579;16.9155;15.3544;14.2272;12.8865;12.4387;11.8659;11.3828;9.7463;9.21144;7.47208;5.69486;4.91584;3.76579;1.951;1.32775;1","14.8465;14.1374;13.0627;12.2442;11.2206;10.4699;9.69358;9.4916;9.38436;9.29352;9.4118;9.6678;10.4581;11.2688;11.6608;12.1934;12.914;14.0984;15",1.32531
"0.166667;0.4;0.433333"
23.5391,0.508635,2.91219,"20.8059;19.7885;18.1579;17.6732;16.9095;15.8882;14.5337;13.0123;12.4869;10.774;10.204;9.21144;7.47208;5.69486;4.64517;2.90539;1.951;1.32775;1","14.8465;14.1374;13.0627;12.7869;12.3125;11.7685;10.8799;9.80615;9.55151;9.14796;9.2686;9.6678;10.4581;11.2688;11.7682;12.5685;12.914;14.0984;15",1.21437
"0.166667;0.433333;0.4"
23.6,0.488164,2.93561,"20.8059;19.7885;18.1579;16.9155;15.8882;14.2823;12.8865;12.4869;10.774;9.69576;8.41469;7.0676;5.2943;3.85805;2.08753;1.951;1.32775;1","14.8465;14.1374;13.0627;12.2442;11.7685;10.6853;9.69358;9.55151;9.14796;9.35177;9.98225;10.6145;11.4389;12.1139;12.9518;12.914;14.0984;15",1.12177
"0.166667;0.466667;0.366667"
23.6394,0.436299,2.936,"20.8059;19.7885;18.1579;16.9155;15.3544;14.2272;13.4518;11.6523;10.4019;9.69576;8.41469;7.0676;5.2943;3.85805;2.08753;1.951;1.32775;1","14.8465;14.1374;13.0627;12.2442;11.2206;10.4699;9.91445;9.18009;9.15525;9.35177;9.98225;10.6145;11.4389;12.1139;12.9518;12.914;14.0984;15",1.01992
"0.166667;0.5;0.333333"
23.8967,0.404698,2.85819,"21.1137;20.5089;18.8658;17.2332;15.598;14.4248;12.6672;11.1343;10.1444;8.51148;7.18816;5.86133;5.2943;3.85805;2.08753;1.951;1.32775;1","14.7855;14.3669;13.2507;12.1447;11.1613;10.4375;9.49409;9.07283;9.18139;9.89226;10.5203;11.1727;11.4389;12.1139;12.9518;12.914;14.0984;15",0.893867
"0.166667;0.533333;0.3"
23.6322,0.406056,2.93593,"20.8059;19.7885;18.1579;16.9155;15.3544;14.2272;12.6672;11.6523;10.774;8.83254;7.60206;6.56367;5.35162;4.28211;2.90539;1.951;1.32775;1","14.8465;14.1374;13.0627;12.2442;11.2206;10.4699;9.49409;9.18009;9.14796;9.54729;10.117;10.6713;11.3103;11.8761;12.5685;12.914;14.0984;15",0.815915
"0.166667;0.566667;0.266667"
23.6646,0.405584,2.93626,"20.8059;19.7885;18.1579;16.9155;15.8882;14.5296;13.4518;12.6672;12.11;10.774;8.83254;7.60206;6.56367;5.35162;4.28211;3.36886;1.951;1.32775;1","14.8465;14.1374;13.0627;12.2442;11.7685;10.7529;9.91445;9.49409;9.23881;9.14796;9.54729;10.117;10.6713;11.3103;11.8761;12.3505;12.914;14.0984;15",0.714002
"0.166667;0.6;0.233333"
23.7798,0.383323,2.9426,"20.9651;19.6451;18.0041;16.9155;15.6979;14.2272;13.1667;12.11;11.1343;10.4019;9.08279;7.38782;5.97736;4.36086;2.90539;1.951;1.32775;1","14.7954;13.9332;12.9101;12.2442;11.4685;10.4699;9.68478;9.23881;9.07283;9.15525;9.48876;10.3044;10.9346;11.8062;12.5685;12.914;14.0984;15",0.609272
"0.166667;0.633333;0.2"
23.7184,0.340879,2.89166,"20.9651;19.9025;18.8658;17.2332;15.598;14.1105;13.1667;12.11;11.1343;9.16352;7.48161;6.54503;5.2943;3.76579;2.22706;2.04103;1","14.7954;13.9349;13.2507;12.1447;11.1613;10.3235;9.68478;9.23881;9.07283;9.14379;10.1271;10.6688;11.4389;12.1934;13.0372;13.3417;15",0.499236
"0.166667;0.666667;0.166667"
23.7311,0.329336,3.03246,"20.9651;19.6451;18.0041;16.5661;15.8451;14.4248;12.7375;12.0455;11.1343;9.16352;7.48161;5.97736;4.52383;3.36886;2.22706;2.04103;1","14.7954;13.9332;12.9101;11.9669;11.4638;10.4375;9.37647;9.20687;9.07283;9.14379;10.1271;10.9346;11.7266;12.3505;13.0372;13.3417;15",0.418163
"0.166667;0.7;0.133333"
23.5984,0.323276,3.04989,"20.8059;19.7885;18.9262;18.0476;16.5661;15.8451;14.4248;12.7375;12.11;10.919;9.16352;7.497;5.86133;5.11177;3.74122;2.28011;1.15955;1","14.8465;14.1374;13.568;12.9599;11.9669;11.4638;10.4375;9.37647;9.23881;8.99259;9.14379;10.041;11.1727;11.5802;12.3707;13.136;14.7785;15",0.317364
"0.166667;0.733333;0.1"
20.1531,0.356715,10.0765,"20.8059;20.4276;18.6741;17.6992;16.0533;14.375;12.8992;10.9375;8.99355;7.13524;5.28292;3.72216;1.78349;1","14.8465;14.9464;15.2867;15.4979;15.8717;16.2319;16.4472;16.7631;16.4897;16.1156;15.7918;15.5415;15.1666;15",0.68002
"0.166667;0.766667;0.0666667"
20.662,0.190846,10.331,"21.1137;19.9732;18.118;16.9566;15.1079;14.1645;12.8292;11.006;9.62334;8.87336;6.95971;5.08616;3.15883;1.30764;1","14.7855;15.0558;15.5091;15.7918;16.2421;16.4886;16.8786;17.1675;17.1446;16.9691;16.4616;15.994;15.5518;15.0631;15",0.584218
"0.166667;0.8;0.0333333"
20.9063,0.148088,10.4532,"21.1137;20.9651;19.3284;17.6992;16.0533;14.1645;12.3653;11.2362;9.88322;8.56822;7.04765;5.90337;4.46526;2.68076;1","14.7855;14.7954;15.009;15.4979;15.8717;16.4886;17.1217;17.3602;17.5479;17.5001;17.1981;16.8346;16.3411;15.693;15",0.543494
"0.166667;0.833333;0"
23.3499,66.5553,2.63124,"21.1137;20.6687;19.4601;18.9511;17.5063;15.7788;13.9942;12.7632;12.0867;11.0034;10.6848;8.96301;8.46027;7.76843;6.55647;5.03184;3.85805;1.98182;1.8815;1.19744;1","14.7855;14.2517;13.2346;12.9879;12.3706;11.6307;10.856;10.3668;10.1286;9.95648;9.97778;10.3867;10.5472;10.7672;11.2222;11.7264;12.1139;12.7217;12.7477;14.5808;15",2.20208
"0.2;0;0.8"
23.2204,4.97281,2.86399,"20.8529;20.8232;20.209;18.7512;17.6732;16.404;15.0522;13.6688;12.1054;11.662;9.89137;8.72082;6.90222;6.37504;4.91584;4.64517;3.01966;1.8815;1.19744;1","14.8394;14.7915;14.1248;13.2678;12.7869;12.1701;11.5068;10.6018;10.0197;9.9431;9.88522;10.2989;10.9506;11.1334;11.6608;11.7682;12.3583;12.7477;14.5808;15",2.27921
"0.2;0.0333333;0.766667"
23.3335,2.38627,2.81581,"20.9651;19.9025;18.8658;18.5306;16.9155;15.4512;13.8188;13.2104;11.5706;9.89137;8.72082;6.90222;6.37504;4.91584;4.64517;3.01966;1.8815;1.19744;1","14.7954;13.9349;13.2507;13.0694;12.2442;11.4313;10.5377;10.2691;9.75684;9.88522;10.2989;10.9506;11.1334;11.6608;11.7682;12.3583;12.7477;14.5808;15",2.14102
"0.2;0.0666667;0.733333"
23.5137,1.84486,2.89009,"21.1137;20.6687;20.0175;18.5306;16.9155;15.7468;14.5337;12.7815;11.5706;10.1994;8.72082;6.90222;6.37504;4.91584;4.64517;3.01966;1.8815;1.19744;1","14.7855;14.2517;13.8725;13.0694;12.2442;11.5778;10.8799;10.0574;9.75684;9.74936;10.2989;10.9506;11.1334;11.6608;11.7682;12.3583;12.7477;14.5808;15",2.10801
"0.2;0.1;0.7"
23.4181,1.49312,2.94842,"20.9651;19.3596;17.6732;16.404;15.8882;14.6061;13.0704;11.7542;10.4738;8.72082;6.90222;6.37504;4.91584;4.64517;3.01966;1.8815;1.19744;1","14.7954;13.8124;12.7869;12.1701;11.7685;11.1322;10.1096;9.61578;9.72282;10.2989;10.9506;11.1334;11.6608;11.7682;12.3583;12.7477;14.5808;15",2.03479
"0.2;0.133333;0.666667"
23.437,1.30333,2.94861,"20.9651;19.3596;17.6732;16.9095;15.4512;13.8691;12.929;11.6565;10.6064;9.89137;8.72082;7.11943;6.37504;4.91584;4.64517;3.01966;1.8815;1.19744;1","14.7954;13.8124;12.7869;12.3125;11.4313;10.4742;9.96734;9.61096;9.61951;9.88522;10.2989;10.8603;11.1334;11.6608;11.7682;12.3583;12.7477;14.5808;15",1.93317
"0.2;0.166667;0.633333"
23.5354,0.983142,3.09174,"20.8059;19.7885;18.8058;17.6408;15.8471;14.3035;13.8691;12.929;12.6351;10.7913;9.21126;7.66578;5.9484;4.97571;3.77338;1.98182;1.8815;1.19744;1","14.8465;14.1374;13.6388;13.0401;12.1775;11.1938;10.4742;9.96734;9.84567;9.40044;10.0244;10.6065;11.2209;11.5665;12.0493;12.7217;12.7477;14.5808;15",1.92929
"0.2;0.2;0.6"
23.4148,0.921174,2.93253,"20.8059;19.7885;18.1731;17.6732;16.9095;15.8882;14.2823;12.6351;11.7542;10.2631;9.76272;8.29565;6.55647;4.81897;3.38195;1.951;1.32775;1","14.8465;14.1374;13.1137;12.7869;12.3125;11.7685;10.6853;9.84567;9.61578;9.54987;9.71528;10.2427;11.2222;12.1627;12.939;12.914;14.0984;15",1.73189
"0.2;0.233333;0.566667"
23.4901,0.703507,2.9397,"20.9651;19.6451;18.0041;16.9155;15.3471;14.5296;13.0278;11.8659;10.7913;9.76272;8.29565;7.48498;5.9484;5.11177;3.76579;1.951;1.32775;1","14.7954;13.9332;12.9101;12.2442;11.2724;10.7529;9.92992;9.38436;9.40044;9.71528;10.2427;10.5358;11.2209;11.5802;12.1934;12.914;14.0984;15",1.62318
"0.2;0.266667;0.533333"
23.3854,0.713975,2.93435,"20.8059;19.7885;18.9262;17.6732;16.9095;15.4512;14.2823;12.6351;11.3828;9.58637;8.37135;7.48498;5.9484;5.11177;3.76579;1.951;1.32775;1","14.8465;14.1374;13.568;12.7869;12.3125;11.4313;10.6853;9.84567;9.29352;9.68246;10.1794;10.5358;11.2209;11.5802;12.1934;12.914;14.0984;15",1.52905
"0.2;0.3;0.5"
23.4164,0.636558,2.91096,"20.8059;19.7885;18.1579;17.6732;16.9095;15.4512;13.8691;13.0278;11.3828;9.61971;7.93985;7.67048;5.9484;5.11177;3.76579;1.951;1.32775;1","14.8465;14.1374;13.0627;12.7869;12.3125;11.4313;10.4742;9.92992;9.29352;9.58114;10.2914;10.4139;11.2209;11.5802;12.1934;12.914;14.0984;15",1.4162
"0.2;0.333333;0.466667"
23.5376,0.617548,2.9875,"20.9651;19.3596;17.6732;16.2557;14.7113;13.8691;13.0278;11.8659;11.3828;9.61971;7.93985;7.67048;5.9484;5.11177;3.76579;1.951;1.32775;1","14.7954;13.8124;12.7869;11.8709;10.8928;10.4742;9.92992;9.38436;9.29352;9.58114;10.2914;10.4139;11.2209;11.5802;12.1934;12.914;14.0984;15",1.33954
"0.2;0.366667;0.433333"
23.4588,0.568895,2.91138,"20.8059;19.7885;18.1579;17.6732;16.9095;15.4512;13.842;12.4869;11.3828;11.0906;9.61971;7.93985;7.67048;5.9484;5.11177;3.76579;1.951;1.32775;1","14.8465;14.1374;13.0627;12.7869;12.3125;11.4313;10.3715;9.55151;9.29352;9.26162;9.58114;10.2914;10.4139;11.2209;11.5802;12.1934;12.914;14.0984;15",1.21405
"0.2;0.4;0.4"
23.481,0.57469,2.93442,"20.8059;19.7885;18.1579;16.9155;15.8882;15.056;13.8691;12.4869;11.8659;11.0906;9.21144;7.47208;5.69486;4.64517;2.90539;1.951;1.32775;1","14.8465;14.1374;13.0627;12.2442;11.7685;11.3073;10.4742;9.55151;9.38436;9.26162;9.6678;10.4581;11.2688;11.7682;12.5685;12.914;14.0984;15",1.12133
"0.2;0.433333;0.366667"
23.4976,0.51303,2.93336,"20.8059;19.7885;18.1731;17.6732;16.9155;15.3471;14.198;12.8865;11.8659;11.3828;9.7463;9.21144;7.47208;5.69486;4.64517;2.90539;1.951;1.32775;1","14.8465;14.1374;13.1137;12.7869;12.2442;11.2724;10.4814;9.69358;9.38436;9.29352;9.4118;9.6678;10.4581;11.2688;11.7682;12.5685;12.914;14.0984;15",1.01904
"0.2;0.466667;0.333333"
23.5551,0.51365,2.95586,"20.8529;20.8232;19.9011;18.9262;17.6732;16.9095;15.8882;14.2823;12.8865;12.4387;11.3828;11.0906;9.7463;9.21144;7.47208;5.69486;4.64517;2.90539;1.951;1.32775;1","14.8394;14.7915;14.2128;13.568;12.7869;12.3125;11.7685;10.6853;9.69358;9.4916;9.29352;9.26162;9.4118;9.6678;10.4581;11.2688;11.7682;12.5685;12.914;14.0984;15",0.919426
"0.2;0.5;0.3"
23.5487,0.474692,2.9351,"20.8059;19.7885;18.1579;16.9155;15.3544;14.2272;12.8865;12.4387;10.774;9.7463;9.21144;7.47208;5.69486;4.64517;3.36886;1.951;1.32775;1","14.8465;14.1374;13.0627;12.2442;11.2206;10.4699;9.69358;9.4916;9.14796;9.4118;9.6678;10.4581;11.2688;11.7682;12.3505;12.914;14.0984;15",0.815693
"0.2;0.533333;0.266667"
23.4252,0.427205,3.02421,"20.8059;19.7885;18.1579;16.9155;15.6979;14.2272;13.4518;12.4387;10.774;8.83254;7.60206;5.97736;5.35162;3.76579;2.22706;2.04103;1","14.8465;14.1374;13.0627;12.2442;11.4685;10.4699;9.91445;9.4916;9.14796;9.54729;10.117;10.9346;11.3103;12.1934;13.0372;13.3417;15",0.734525
"0.2;0.566667;0.233333"
23.4867,0.40415,3.03755,"20.8059;19.7885;18.8058;17.6085;16.9155;15.7468;14.198;12.6672;12.11;10.774;10.271;9.69576;7.84979;6.56367;5.2943;3.76579;2.22706;2.04103;1","14.8465;14.1374;13.6388;12.6607;12.2442;11.5778;10.4814;9.49409;9.23881;9.14796;9.17901;9.35177;9.9722;10.6713;11.4389;12.1934;13.0372;13.3417;15",0.63226
"0.2;0.6;0.2"
23.4811,0.398274,3.01395,"20.8059;20.3239;18.9262;18.0476;16.5661;15.8451;14.198;13.1667;11.6523;10.271;8.83254;7.38782;5.86133;4.91584;3.29696;2.22706;2.04103;1","14.8465;14.4254;13.568;12.9599;11.9669;11.4638;10.4814;9.68478;9.18009;9.17901;9.54729;10.3044;11.1727;11.6608;12.4798;13.0372;13.3417;15",0.522951
"0.2;0.633333;0.166667"
23.6109,0.402762,3.03126,"20.9651;19.6451;18.0041;16.9155;15.3544;14.2272;13.4518;12.6672;12.4387;10.774;9.24323;7.60206;5.97736;4.4173;3.36886;2.22706;2.04103;1","14.7954;13.9332;12.9101;12.2442;11.2206;10.4699;9.91445;9.49409;9.4916;9.14796;9.24363;10.117;10.9346;11.6928;12.3505;13.0372;13.3417;15",0.418003
"0.2;0.666667;0.133333"
23.5738,0.372019,3.12819,"20.9651;19.6451;18.0041;16.5661;15.071;13.4518;11.6523;11.1343;9.36664;9.18926;7.48161;5.86133;5.11177;3.59474;2.29275;1.15955;1","14.7954;13.9332;12.9101;11.9669;10.9845;9.91445;9.18009;9.07283;9.1826;9.22053;10.1271;11.1727;11.5802;12.4425;13.1794;14.7785;15",0.323195
"0.2;0.7;0.1"
22.665,0.666291,9.74912,"20.9651;19.9025;18.8658;18.0476;16.1901;15.1501;14.9207;14.3536;13.9977;13.7092;12.5028;11.774;10.9375;9.32816;7.45062;7.13524;5.28292;3.72216;1.78349;1","14.7954;13.9349;13.2507;12.9599;12.866;12.8323;13.2137;14.4817;15.1729;15.4964;16.3659;16.7496;16.7631;16.5184;16.1879;16.1156;15.7918;15.5415;15.1666;15",0.656859
"0.2;0.733333;0.0666667"
20.646,0.204071,10.323,"21.1137;19.9732;18.118;16.345;14.5976;13.6342;11.8211;11.006;9.5986;8.46347;6.95971;5.08616;3.15883;1.30764;1","14.7855;15.0558;15.5091;15.8801;16.2956;16.531;16.9978;17.1675;17.0944;16.8158;16.4616;15.994;15.5518;15.0631;15",0.704252
"0.2;0.766667;0.0333333"
20.835,0.163299,10.4175,"21.1137;21.0194;19.2688;17.67;16.345;14.4297;12.5756;11.8392;9.97325;8.84674;7.04765;5.90337;4.46526;3.62137;1.84067;1","14.7855;14.8133;15.1852;15.5908;15.8801;16.4048;16.8926;17.1004;17.4194;17.4447;17.1981;16.8346;16.3411;16.0473;15.3362;15",0.666451
"0.2;0.8;0"
23.1336,65.6996,2.96562,"20.9651;19.9025;18.1731;17.0172;15.8589;14.3035;13.7404;12.0867;11.0034;10.6848;8.96301;8.46027;7.76843;6.55647;5.03184;3.85805;1.98182;1.8815;1.19744;1","14.7954;13.9349;13.1137;12.5012;11.9552;11.1938;10.9218;10.1286;9.95648;9.97778;10.3867;10.5472;10.7672;11.2222;11.7264;12.1139;12.7217;12.7477;14.5808;15",2.35319
"0.233333;0;0.766667"
23.1534,5.07293,2.9205,"20.8529;19.3596;18.1731;17.0172;16.404;15.0522;13.8138;12.1054;10.6188;9.80123;8.00113;6.72196;5.42637;4.64517;3.01966;1.8815;1.19744;1","14.8394;13.8124;13.1137;12.5012;12.1701;11.5068;10.9474;10.0197;9.7924;10.0116;10.6163;11.0872;11.5284;11.7682;12.3583;12.7477;14.5808;15",2.22155
"0.233333;0.0333333;0.733333"
23.1978,2.8575,2.91348,"20.8059;19.7885;18.1731;17.2418;15.8793;14.3183;13.6688;13.2104;11.662;10.4738;8.72082;7.11943;6.37504;4.91584;4.64517;3.01966;1.8815;1.19744;1","14.8465;14.1374;13.1137;12.5923;11.794;10.9428;10.6018;10.2691;9.9431;9.72282;10.2989;10.8603;11.1334;11.6608;11.7682;12.3583;12.7477;14.5808;15",2.12606
"0.233333;0.0666667;0.7"
23.4915,2.14906,3.05654,"21.1137;19.6451;18.1731;17.0172;15.606;13.9942;13.2218;11.7542;9.7918;8.00113;6.55647;4.81897;3.38195;1.951;1.32775;1","14.7855;13.9332;13.1137;12.5012;11.7569;10.856;10.4171;9.61578;9.99815;10.6163;11.2222;12.1627;12.939;12.914;14.0984;15",2.1186
"0.233333;0.1;0.666667"
23.3378,1.45938,3.11858,"20.8059;20.2472;18.8058;17.6408;16.1632;14.6061;13.8691;12.6351;11.7542;10.4738;8.72082;7.79532;6.55647;4.81897;3.38195;1.951;1.32775;1","14.8465;14.5593;13.6388;13.0401;12.0972;11.1322;10.4742;9.84567;9.61578;9.72282;10.2989;10.6668;11.2222;12.1627;12.939;12.914;14.0984;15",2.05348
"0.233333;0.133333;0.633333"
23.226,1.19505,2.95165,"20.8059;19.7885;18.1731;17.2418;15.8793;15.056;13.4243;12.6351;11.7542;11.0799;10.3769;8.72082;7.79532;5.98492;4.51551;3.29696;1.951;1.32775;1","14.8465;14.1374;13.1137;12.5923;11.794;11.3073;10.2556;9.84567;9.61578;9.52734;9.65694;10.2989;10.6668;11.4356;12.02;12.4798;12.914;14.0984;15",1.84524
"0.233333;0.166667;0.6"
23.2564,1.02212,3.00887,"20.8059;19.7885;18.8058;17.4795;15.8882;14.5337;13.0278;11.6565;9.76272;8.29565;7.48498;5.9484;5.11177;3.76579;1.951;1.32775;1","14.8465;14.1374;13.6388;12.7595;11.7685;10.8799;9.92992;9.61096;9.71528;10.2427;10.5358;11.2209;11.5802;12.1934;12.914;14.0984;15",1.77515
"0.233333;0.2;0.566667"
23.3159,0.931498,2.96968,"20.8529;19.7885;18.1731;17.2418;15.8793;15.056;13.4243;11.7408;9.76272;8.29565;7.48498;5.9484;5.11177;3.76579;1.951;1.32775;1","14.8394;14.1374;13.1137;12.5923;11.794;11.3073;10.2556;9.48886;9.71528;10.2427;10.5358;11.2209;11.5802;12.1934;12.914;14.0984;15",1.6419
"0.233333;0.233333;0.533333"
23.3017,0.88386,2.92755,"20.8059;19.7885;18.1731;17.4381;15.8882;14.3183;12.929;11.7408;11.3866;9.76272;8.29565;7.48498;5.9484;5.11177;3.76579;1.951;1.32775;1","14.8465;14.1374;13.1137;12.6588;11.7685;10.9428;9.96734;9.48886;9.44986;9.71528;10.2427;10.5358;11.2209;11.5802;12.1934;12.914;14.0984;15",1.52565
"0.233333;0.266667;0.5"
23.3036,0.847167,2.90983,"20.8059;19.7885;18.1579;17.6732;16.9095;15.4512;13.8691;12.6351;11.7542;10.7913;9.76272;8.29565;7.48498;5.9484;5.11177;3.76579;1.951;1.32775;1","14.8465;14.1374;13.0627;12.7869;12.3125;11.4313;10.4742;9.84567;9.61578;9.40044;9.71528;10.2427;10.5358;11.2209;11.5802;12.1934;12.914;14.0984;15",1.41567
"0.233333;0.3;0.466667"
23.4691,0.723122,3.13275,"20.8059;20.3239;18.8058;17.6408;15.8471;15.2784;13.8691;13.4243;11.8659;11.3828;9.58637;8.37135;7.48498;5.9484;5.11177;3.76579;1.951;1.32775;1","14.8465;14.4254;13.6388;13.0401;12.1775;11.8046;10.4742;10.2556;9.38436;9.29352;9.68246;10.1794;10.5358;11.2209;11.5802;12.1934;12.914;14.0984;15",1.41115
"0.233333;0.333333;0.433333"
23.3934,0.681586,2.93752,"20.8059;20.3239;18.9262;17.6732;16.9095;15.4512;13.8691;13.0278;11.8659;10.7913;9.20585;7.48498;5.9484;5.11177;3.76579;1.951;1.32775;1","14.8465;14.4254;13.568;12.7869;12.3125;11.4313;10.4742;9.92992;9.38436;9.40044;9.83084;10.5358;11.2209;11.5802;12.1934;12.914;14.0984;15",1.22451
"0.233333;0.366667;0.4"
23.5248,0.643477,2.98737,"20.9651;19.3596;17.6732;16.9095;15.8882;14.5337;13.8691;13.0278;11.3828;9.61971;7.93985;7.67048;5.9484;5.11177;3.76579;1.951;1.32775;1","14.7954;13.8124;12.7869;12.3125;11.7685;10.8799;10.4742;9.92992;9.29352;9.58114;10.2914;10.4139;11.2209;11.5802;12.1934;12.914;14.0984;15",1.13341
"0.233333;0.4;0.366667"
23.5491,0.623173,2.98761,"20.9651;19.3596;17.6732;16.2557;15.8882;14.5337;13.8691;13.0278;11.8659;11.3828;9.61971;7.93985;7.67048;5.9484;5.11177;3.76579;1.951;1.32775;1","14.7954;13.8124;12.7869;11.8709;11.7685;10.8799;10.4742;9.92992;9.38436;9.29352;9.58114;10.2914;10.4139;11.2209;11.5802;12.1934;12.914;14.0984;15",1.03046
"0.233333;0.433333;0.333333"
23.5865,0.600159,3.05094,"20.9651;20.3239;18.9262;17.5926;16.1632;14.6061;13.8691;12.4869;11.3828;11.0906;9.61971;7.93985;7.67048;5.9484;5.11177;3.76579;1.951;1.32775;1","14.7954;14.4254;13.568;12.8396;12.0972;11.1322;10.4742;9.55151;9.29352;9.26162;9.58114;10.2914;10.4139;11.2209;11.5802;12.1934;12.914;14.0984;15",0.946409
"0.233333;0.466667;0.3"
23.4589,0.50751,3.07706,"20.9651;19.3596;17.6732;16.9095;15.8882;14.5296;13.4518;11.8659;11.3828;10.204;9.21144;7.67048;7.05736;5.42637;4.51551;3.74122;2.22706;2.04103;1","14.7954;13.8124;12.7869;12.3125;11.7685;10.7529;9.91445;9.38436;9.29352;9.2686;9.6678;10.4139;10.7072;11.5284;12.02;12.3707;13.0372;13.3417;15",0.848218
"0.233333;0.5;0.266667"
23.357,0.483891,3.00071,"20.8059;19.7885;18.1579;17.6732;16.9095;15.4512;14.5794;12.8865;11.3828;10.264;8.41179;7.0676;5.2943;3.76579;2.22706;2.04103;1","14.8465;14.1374;13.0627;12.7869;12.3125;11.4313;10.7136;9.69358;9.29352;9.26497;9.83052;10.6145;11.4389;12.1934;13.0372;13.3417;15",0.729042
"0.233333;0.533333;0.233333"
23.3887,0.495538,3.04455,"20.8529;20.8232;19.9011;18.9262;17.6732;16.9095;15.4512;14.5296;13.0123;12.4387;11.8659;11.3828;9.69576;8.51148;7.0676;5.86133;4.64517;3.76579;2.22706;2.04103;1","14.8394;14.7915;14.2128;13.568;12.7869;12.3125;11.4313;10.7529;9.80615;9.4916;9.38436;9.29352;9.35177;9.89226;10.6145;11.1727;11.7682;12.1934;13.0372;13.3417;15",0.630688
"0.233333;0.566667;0.2"
23.4137,0.45592,3.03823,"20.8059;19.7885;18.1579;17.6732;16.9095;15.4512;14.5794;12.8865;12.4387;11.0906;10.1444;9.08279;7.47208;5.69486;4.91584;3.29696;2.22706;2.04103;1","14.8465;14.1374;13.0627;12.7869;12.3125;11.4313;10.7136;9.69358;9.4916;9.26162;9.18139;9.48876;10.4581;11.2688;11.6608;12.4798;13.0372;13.3417;15",0.526996
"0.233333;0.6;0.166667"
23.4031,0.404279,3.07597,"20.8059;19.7885;18.1579;17.6732;16.5661;15.071;13.4518;11.6523;10.4019;8.83254;7.38782;5.86133;4.45718;3.74122;2.28011;1.15955;1","14.8465;14.1374;13.0627;12.7869;11.9669;10.9845;9.91445;9.18009;9.15525;9.54729;10.3044;11.1727;11.9716;12.3707;13.136;14.7785;15",0.42663
"0.233333;0.633333;0.133333"
23.4942,0.406078,3.22802,"20.9651;19.3596;17.6732;16.9095;15.4512;14.198;12.6672;10.774;9.18926;7.60206;5.9484;4.63724;2.89002;1.92619;1","14.7954;13.8124;12.7869;12.3125;11.4313;10.4814;9.49409;9.14796;9.22053;10.117;11.2209;12.0697;12.9236;14.0993;15",0.333177
"0.233333;0.666667;0.1"
20.4649,0.365595,10.2325,"21.1137;19.2688;18.0514;16.1875;14.5709;12.8992;10.9375;9.32816;7.45062;7.13524;5.28292;3.72216;1.78349;1","14.7855;15.1852;15.4078;15.7535;16.0378;16.4472;16.7631;16.5184;16.1879;16.1156;15.7918;15.5415;15.1666;15",0.863878
"0.233333;0.7;0.0666667"
20.6169,0.214033,10.3084,"21.1137;19.9732;18.118;16.345;14.5976;13.6342;11.8211;9.9622;9.4955;7.55759;6.18197;4.37194;3.15883;1.30764;1","14.7855;15.0558;15.5091;15.8801;16.2956;16.531;16.9978;17.0829;16.9973;16.5423;16.2269;15.8167;15.5518;15.0631;15",0.828429
"0.233333;0.733333;0.0333333"
20.8003,0.153017,10.4001,"21.1137;19.4804;18.636;17.1686;15.3141;14.0526;12.3653;11.7567;9.97325;8.5723;7.71324;6.37632;4.4884;3.51658;1.67664;1","14.7855;15.2376;15.4715;15.858;16.3357;16.6718;17.1217;17.1979;17.4194;17.2815;17.1252;16.869;16.2298;15.8911;15.2159;15",0.785636
"0.233333;0.766667;0"
23.0073,76.0826,3.01321,"20.8529;20.8232;19.3596;18.9262;17.5926;15.9372;15.3721;13.8678;12.6599;12.0867;11.0034;10.6848;8.96301;7.51839;6.90316;5.3547;3.77729;1.951;1.32775;1","14.8394;14.7915;13.8124;13.568;12.8396;12.0807;11.8235;11.054;10.4445;10.1286;9.95648;9.97778;10.3867;11.2236;11.4969;12.1221;12.7713;12.914;14.0984;15",2.28954
"0.266667;0;0.733333"
23.1236,4.71603,3.04635,"20.9651;19.3596;18.9262;17.5926;17.0172;15.8589;14.3035;12.7632;11.5706;10.4171;8.6713;7.35576;5.98492;4.51551;3.29696;1.951;1.32775;1","14.7954;13.8124;13.568;12.8396;12.5012;11.9552;11.1938;10.3668;9.75684;9.87218;10.5361;11.0067;11.4356;12.02;12.4798;12.914;14.0984;15",2.20507
"0.266667;0.0333333;0.7"
23.1625,2.75328,2.99284,"20.9651;19.3596;18.1731;17.0172;15.8793;14.6061;13.2218;11.5706;9.89137;8.40328;7.79532;5.98492;4.51551;3.29696;1.951;1.32775;1","14.7954;13.8124;13.1137;12.5012;11.794;11.1322;10.4171;9.75684;9.88522;10.4447;10.6668;11.4356;12.02;12.4798;12.914;14.0984;15",2.0644
"0.266667;0.0666667;0.666667"
23.1377,1.90735,2.9402,"20.8059;19.7885;18.1731;17.0172;15.606;13.9942;13.2218;11.6565;9.89137;8.40328;7.79532;5.98492;4.51551;3.29696;1.951;1.32775;1","14.8465;14.1374;13.1137;12.5012;11.7569;10.856;10.4171;9.61096;9.88522;10.4447;10.6668;11.4356;12.02;12.4798;12.914;14.0984;15",1.94051
"0.266667;0.1;0.633333"
23.1919,1.35614,2.9303,"20.8059;19.7885;18.1731;17.6732;16.9095;15.7788;14.5337;12.929;11.7542;10.1994;8.40328;7.79532;5.98492;4.51551;3.29696;1.951;1.32775;1","14.8465;14.1374;13.1137;12.7869;12.3125;11.6307;10.8799;9.96734;9.61578;9.74936;10.4447;10.6668;11.4356;12.02;12.4798;12.914;14.0984;15",1.83243
"0.266667;0.133333;0.6"
23.3262,1.38301,2.98538,"20.9651;19.3596;17.6732;16.9095;15.8882;14.7102;13.9942;13.0704;11.7542;10.3769;8.72082;7.79532;5.98492;4.51551;3.29696;1.951;1.32775;1","14.7954;13.8124;12.7869;12.3125;11.7685;11.2822;10.856;10.1096;9.61578;9.65694;10.2989;10.6668;11.4356;12.02;12.4798;12.914;14.0984;15",1.75051
"0.266667;0.166667;0.566667"
23.261,1.15837,2.9094,"20.8059;19.7885;18.1579;17.6732;16.9095;15.8882;15.056;13.4243;11.7408;11.0799;10.3769;8.72082;7.79532;5.98492;4.51551;3.29696;1.951;1.32775;1","14.8465;14.1374;13.0627;12.7869;12.3125;11.7685;11.3073;10.2556;9.48886;9.52734;9.65694;10.2989;10.6668;11.4356;12.02;12.4798;12.914;14.0984;15",1.61768
"0.266667;0.2;0.533333"
23.387,0.958592,2.98599,"20.9651;19.3596;17.6732;16.9095;15.8882;14.5337;13.2934;11.7408;9.76272;8.29565;7.48498;5.9484;5.11177;3.76579;1.951;1.32775;1","14.7954;13.8124;12.7869;12.3125;11.7685;10.8799;10.251;9.48886;9.71528;10.2427;10.5358;11.2209;11.5802;12.1934;12.914;14.0984;15",1.54487
"0.266667;0.233333;0.5"
23.3159,0.931498,2.96968,"20.8529;19.7885;18.1731;17.2418;15.8793;15.056;13.4243;11.7408;9.76272;8.29565;7.48498;5.9484;5.11177;3.76579;1.951;1.32775;1","14.8394;14.1374;13.1137;12.5923;11.794;11.3073;10.2556;9.48886;9.71528;10.2427;10.5358;11.2209;11.5802;12.1934;12.914;14.0984;15",1.43667
"0.266667;0.266667;0.466667"
23.309,0.824223,2.92762,"20.8059;19.7885;18.1731;17.4381;15.7788;14.5337;13.0278;11.7408;11.3866;9.76272;8.29565;7.48498;5.9484;5.11177;3.76579;1.951;1.32775;1","14.8465;14.1374;13.1137;12.6588;11.6307;10.8799;9.92992;9.48886;9.44986;9.71528;10.2427;10.5358;11.2209;11.5802;12.1934;12.914;14.0984;15",1.32226
"0.266667;0.3;0.433333"
23.4397,0.865572,3.04947,"20.9651;20.3239;18.9262;17.5926;16.1632;15.0522;13.8691;12.6351;11.7542;10.7913;9.76272;8.29565;7.48498;5.9484;5.11177;3.76579;1.951;1.32775;1","14.7954;14.4254;13.568;12.8396;12.0972;11.5068;10.4742;9.84567;9.61578;9.40044;9.71528;10.2427;10.5358;11.2209;11.5802;12.1934;12.914;14.0984;15",1.26129
"0.266667;0.333333;0.4"
23.3617,0.761379,2.94416,"20.8059;20.2472;18.8058;17.6085;16.9155;15.3471;13.8691;12.929;11.896;10.7913;9.76272;8.29565;7.48498;5.9484;5.11177;3.76579;1.951;1.32775;1","14.8465;14.5593;13.6388;12.6607;12.2442;11.2724;10.4742;9.96734;9.46089;9.40044;9.71528;10.2427;10.5358;11.2209;11.5802;12.1934;12.914;14.0984;15",1.1249
"0.266667;0.366667;0.366667"
23.5102,0.667807,2.98722,"20.9651;19.3596;17.6732;16.6752;15.8882;14.5337;13.0278;11.3828;9.58637;7.72429;5.9484;5.11177;3.76579;1.951;1.32775;1","14.7954;13.8124;12.7869;12.1394;11.7685;10.8799;9.92992;9.29352;9.68246;10.3997;11.2209;11.5802;12.1934;12.914;14.0984;15",1.03033
"0.266667;0.4;0.333333"
23.4373,0.574605,3.10391,"21.0194;19.3596;18.9262;18.1579;16.9155;15.3471;14.5296;13.0123;11.0906;9.21144;7.67048;7.05736;5.42637;4.51551;3.74122;2.22706;2.04103;1","14.8133;13.8124;13.568;13.0627;12.2442;11.2724;10.7529;9.80615;9.26162;9.6678;10.4139;10.7072;11.5284;12.02;12.3707;13.0372;13.3417;15",0.959329
"0.266667;0.433333;0.3"
23.2612,0.611619,3.09286,"20.8059;19.7885;18.8058;17.5926;17.0172;15.4512;13.8691;13.0278;11.3828;11.0906;9.21144;7.67048;7.05736;5.42637;3.74122;2.22706;2.04103;1","14.8465;14.1374;13.6388;12.8396;12.5012;11.4313;10.4742;9.92992;9.29352;9.26162;9.6678;10.4139;10.7072;11.5284;12.3707;13.0372;13.3417;15",0.857763
"0.266667;0.466667;0.266667"
23.2753,0.585318,2.9999,"20.8059;19.7885;18.1579;17.6732;16.9095;15.4512;13.8691;13.0278;11.3828;9.7463;9.21144;7.47208;5.69486;4.91584;3.76579;2.22706;2.04103;1","14.8465;14.1374;13.0627;12.7869;12.3125;11.4313;10.4742;9.92992;9.29352;9.4118;9.6678;10.4581;11.2688;11.6608;12.1934;13.0372;13.3417;15",0.728851
"0.266667;0.5;0.233333"
23.3174,0.532617,3.00032,"20.8059;19.7885;18.1579;17.6732;16.9095;15.8882;14.5296;13.0123;11.8659;10.264;9.21144;7.67048;7.05736;5.42637;3.74122;2.22706;2.04103;1","14.8465;14.1374;13.0627;12.7869;12.3125;11.7685;10.7529;9.80615;9.38436;9.26497;9.6678;10.4139;10.7072;11.5284;12.3707;13.0372;13.3417;15",0.624814
"0.266667;0.533333;0.2"
23.5671,0.452656,2.98392,"21.1137;20.5089;18.8658;18.4396;16.834;15.4686;14.1105;13.4518;11.8659;11.3828;10.264;8.83254;7.18816;5.69486;5.11177;3.74122;2.28011;1.15955;1","14.7855;14.3669;13.2507;12.889;11.9428;11.1919;10.3235;9.91445;9.38436;9.29352;9.26497;9.54729;10.5203;11.2688;11.5802;12.3707;13.136;14.7785;15",0.517546
"0.266667;0.566667;0.166667"
23.4555,0.545191,3.29713,"21.1137;19.6451;18.1731;17.0172;16.1632;14.6061;13.8691;13.0278;11.8659;11.3828;10.264;9.69576;9.08279;7.47208;5.88583;4.31076;2.89002;1.92619;1","14.7855;13.9332;13.1137;12.5012;12.0972;11.1322;10.4742;9.92992;9.38436;9.29352;9.26497;9.35177;9.48876;10.4581;11.3706;12.2817;12.9236;14.0993;15",0.455799
"0.266667;0.6;0.133333"
20.3901,0.594775,10.1951,"21.1137;19.2688;18.0514;16.1875;14.5709;13.1033;11.5312;9.66265;8.48386;6.51414;4.91226;3.72216;1.78349;1","14.7855;15.1852;15.4078;15.7535;16.0378;16.1941;16.4062;16.5004;16.256;15.9795;15.7317;15.5415;15.1666;15",1.03164
"0.266667;0.633333;0.1"
20.45,0.410875,10.225,"21.1137;19.2688;18.0514;16.1875;14.5709;12.899;11.728;10.4274;9.32816;7.45062;7.13524;5.28292;3.72216;1.78349;1","14.7855;15.1852;15.4078;15.7535;16.0378;16.3382;16.5345;16.7311;16.5184;16.1879;16.1156;15.7918;15.5415;15.1666;15",0.991264
"0.266667;0.666667;0.0666667"
20.6238,0.219407,10.3119,"21.1137;20.4276;19.9732;18.118;16.345;14.5976;13.219;11.8211;9.9622;9.68567;9.4955;7.55759;6.18197;4.37194;3.15883;1.30764;1","14.7855;14.9464;15.0558;15.5091;15.8801;16.2956;16.5416;16.9978;17.0829;17.0347;16.9973;16.5423;16.2269;15.8167;15.5518;15.0631;15",0.944939
"0.266667;0.7;0.0333333"
20.7472,0.176336,10.3736,"21.1137;19.9732;18.118;16.9566;15.1079;14.1645;12.2241;11.9863;11.2024;9.28506;7.71324;6.37632;4.4884;3.51658;1.67664;1","14.7855;15.0558;15.5091;15.7918;16.2421;16.4886;16.952;17.0054;17.1551;17.2853;17.1252;16.869;16.2298;15.8911;15.2159;15",0.912025
"0.266667;0.733333;0"
23.1016,76.0245,3.10702,"21.1137;19.6451;18.9262;17.5926;15.9372;15.3721;13.8678;12.6599;12.0867;11.0034;10.6848;8.96301;7.66272;5.87005;4.51551;3.29696;1.951;1.32775;1","14.7855;13.9332;13.568;12.8396;12.0807;11.8235;11.054;10.4445;10.1286;9.95648;9.97778;10.3867;10.8902;11.5473;12.02;12.4798;12.914;14.0984;15",2.25987
"0.3;0;0.7"
23.0915,5.27112,2.99213,"20.9651;19.3596;18.1731;17.0172;15.606;13.9942;13.4762;11.662;10.6188;9.17455;7.66272;5.87005;4.51551;3.29696;1.951;1.32775;1","14.7954;13.8124;13.1137;12.5012;11.7569;10.856;10.5425;9.9431;9.7924;10.3199;10.8902;11.5473;12.02;12.4798;12.914;14.0984;15",2.06392
"0.3;0.0333333;0.666667"
23.0548,2.7833,3.00044,"20.8059;19.7885;18.8058;17.5926;17.0172;15.606;13.9942;13.2218;11.5706;9.89137;8.40328;7.79532;5.98492;4.51551;3.29696;1.951;1.32775;1","14.8465;14.1374;13.6388;12.8396;12.5012;11.7569;10.856;10.4171;9.75684;9.88522;10.4447;10.6668;11.4356;12.02;12.4798;12.914;14.0984;15",1.97866
"0.3;0.0666667;0.633333"
23.2201,2.1419,2.99342,"20.9651;19.3596;18.1731;17.0172;15.8882;14.6061;13.2218;11.8209;9.89137;8.40328;7.79532;5.98492;4.51551;3.29696;1.951;1.32775;1","14.7954;13.8124;13.1137;12.5012;11.7685;11.1322;10.4171;9.69037;9.88522;10.4447;10.6668;11.4356;12.02;12.4798;12.914;14.0984;15",1.8583
"0.3;0.1;0.6"
23.1479,1.72267,2.95086,"20.8059;19.7885;18.1731;17.2418;15.8793;14.3183;13.6688;12.7815;11.6565;9.89137;8.40328;7.79532;5.98492;4.51551;3.29696;1.951;1.32775;1","14.8465;14.1374;13.1137;12.5923;11.794;10.9428;10.6018;10.0574;9.61096;9.88522;10.4447;10.6668;11.4356;12.02;12.4798;12.914;14.0984;15",1.74228
"0.3;0.133333;0.566667"
23.293,1.36186,2.98505,"20.9651;19.3596;17.6732;16.9095;15.7788;14.5337;13.2934;11.6565;10.3769;8.72082;7.79532;5.98492;4.51551;3.29696;1.951;1.32775;1","14.7954;13.8124;12.7869;12.3125;11.6307;10.8799;10.251;9.61096;9.65694;10.2989;10.6668;11.4356;12.02;12.4798;12.914;14.0984;15",1.64737
"0.3;0.166667;0.533333"
23.2323,1.2182,2.92685,"20.8059;19.7885;18.1731;17.4381;15.7788;15.4512;14.5337;13.0278;11.7542;11.7117;10.3769;8.72082;7.79532;5.98492;4.51551;3.29696;1.951;1.32775;1","14.8465;14.1374;13.1137;12.6588;11.6307;11.4313;10.8799;9.92992;9.61578;9.59744;9.65694;10.2989;10.6668;11.4356;12.02;12.4798;12.914;14.0984;15",1.5253
"0.3;0.2;0.5"
23.4102,1.10755,3.0677,"21.0194;19.3596;18.9262;17.2418;15.8882;14.5337;13.0278;11.7542;11.0799;9.21126;7.66578;6.37504;5.04333;3.29696;1.951;1.32775;1","14.8133;13.8124;13.568;12.5923;11.7685;10.8799;9.92992;9.61578;9.52734;10.0244;10.6065;11.1334;11.7075;12.4798;12.914;14.0984;15",1.47539
"0.3;0.233333;0.466667"
23.253,1.01698,2.92706,"20.8059;19.7885;18.1731;17.4381;15.7788;14.5337;13.0278;11.7542;11.6565;9.76272;8.29565;7.48498;5.9484;5.11177;3.76579;1.951;1.32775;1","14.8465;14.1374;13.1137;12.6588;11.6307;10.8799;9.92992;9.61578;9.61096;9.71528;10.2427;10.5358;11.2209;11.5802;12.1934;12.914;14.0984;15",1.32202
"0.3;0.266667;0.433333"
23.2826,0.924245,3.00272,"20.8059;19.7885;18.8058;17.5926;16.0063;14.5337;13.0278;12.6351;11.0504;9.58637;8.37135;7.48498;5.9484;5.11177;3.76579;1.951;1.32775;1","14.8465;14.1374;13.6388;12.8396;11.848;10.8799;9.92992;9.84567;9.54962;9.68246;10.1794;10.5358;11.2209;11.5802;12.1934;12.914;14.0984;15",1.25059
"0.3;0.3;0.4"
23.1146,0.851237,3.14079,"20.8059;19.7885;18.1579;17.6732;16.9095;15.4512;13.8188;12.6351;10.7913;9.61971;7.95376;7.79532;6.22938;5.28557;4.02617;2.28011;1.15955;1","14.8465;14.1374;13.0627;12.7869;12.3125;11.4313;10.5377;9.84567;9.40044;9.58114;10.5989;10.6668;11.5461;11.9667;12.5667;13.136;14.7785;15",1.197
"0.3;0.333333;0.366667"
23.1627,0.73054,3.02159,"20.8059;19.7885;18.1579;16.9155;15.3471;14.7113;13.0278;11.7408;10.7913;9.20585;8.37135;7.11943;5.88583;4.51551;3.74122;2.22706;2.04103;1","14.8465;14.1374;13.0627;12.2442;11.2724;10.8928;9.92992;9.48886;9.40044;9.83084;10.1794;10.8603;11.3706;12.02;12.3707;13.0372;13.3417;15",1.04845
"0.3;0.366667;0.333333"
23.2405,0.660783,2.99955,"20.8059;19.7885;18.1579;17.6732;16.9095;15.4512;13.8691;12.929;11.8659;11.3828;9.61971;8.37135;7.45427;5.72708;5.03184;3.74122;2.22706;2.04103;1","14.8465;14.1374;13.0627;12.7869;12.3125;11.4313;10.4742;9.96734;9.38436;9.29352;9.58114;10.1794;10.6761;11.4128;11.7264;12.3707;13.0372;13.3417;15",0.93699
"0.3;0.4;0.3"
23.245,0.631628,3.02241,"20.8059;19.7885;18.1579;16.9155;15.8882;14.5794;13.0123;11.896;10.7913;9.61971;8.37135;7.11943;5.88583;4.51551;3.74122;2.22706;2.04103;1","14.8465;14.1374;13.0627;12.2442;11.7685;10.7136;9.80615;9.46089;9.40044;9.58114;10.1794;10.8603;11.3706;12.02;12.3707;13.0372;13.3417;15",0.838976
"0.3;0.433333;0.266667"
23.2725,0.584422,2.99987,"20.8059;19.7885;18.1579;17.6732;16.9095;15.4512;13.842;12.4869;11.3828;10.7913;9.21144;7.67048;7.05736;5.42637;3.74122;2.22706;2.04103;1","14.8465;14.1374;13.0627;12.7869;12.3125;11.4313;10.3715;9.55151;9.29352;9.40044;9.6678;10.4139;10.7072;11.5284;12.3707;13.0372;13.3417;15",0.728845
"0.3;0.466667;0.233333"
23.2838,0.565508,2.99998,"20.8059;19.7885;18.1579;17.6732;16.9095;15.4512;13.842;12.4869;11.0906;9.21144;7.67048;7.05736;5.42637;3.74122;2.22706;2.04103;1","14.8465;14.1374;13.0627;12.7869;12.3125;11.4313;10.3715;9.55151;9.26162;9.6678;10.4139;10.7072;11.5284;12.3707;13.0372;13.3417;15",0.624747
"0.3;0.5;0.2"
23.2695,0.586374,3.20756,"20.8529;20.8232;19.9011;18.8058;17.2418;15.7788;15.4512;13.8691;13.0278;11.7408;10.204;9.08279;7.47208;5.9484;5.03184;3.59474;2.29275;1.15955;1","14.8394;14.7915;14.2128;13.6388;12.5923;11.6307;11.4313;10.4742;9.92992;9.48886;9.2686;9.48876;10.4581;11.2209;11.7264;12.4425;13.1794;14.7785;15",0.552741
"0.3;0.533333;0.166667"
23.2074,0.487319,3.17264,"20.8059;19.7885;18.1579;16.9155;15.3544;14.198;12.4869;11.0906;9.69576;8.41179;7.0676;5.72708;4.63724;2.89002;1.92619;1","14.8465;14.1374;13.0627;12.2442;11.2206;10.4814;9.55151;9.26162;9.35177;9.83052;10.6145;11.4128;12.0697;12.9236;14.0993;15",0.439518
"0.3;0.566667;0.133333"
20.3827,0.614102,10.1913,"21.1137;19.2688;18.0514;16.1875;14.5709;13.1033;11.5312;10.2031;8.53553;6.6913;5.03554;3.26007;1.99984;1","14.7855;15.1852;15.4078;15.7535;16.0378;16.1941;16.4062;16.5029;16.2087;15.8903;15.5842;15.3412;15.1391;15",1.13537
"0.3;0.6;0.1"
20.45,0.410875,10.225,"21.1137;19.2688;18.0514;16.1875;14.5709;12.899;11.728;10.4274;9.32816;7.45062;7.13524;5.28292;3.72216;1.78349;1","14.7855;15.1852;15.4078;15.7535;16.0378;16.3382;16.5345;16.7311;16.5184;16.1879;16.1156;15.7918;15.5415;15.1666;15",1.11517
"0.3;0.633333;0.0666667"
20.5775,0.247028,10.2888,"21.1137;20.4276;18.6741;17.6992;16.0533;14.375;13.5449;11.6876;10.9607;9.4955;7.55759;6.18197;4.37194;3.15883;1.30764;1","14.7855;14.9464;15.2867;15.4979;15.8717;16.2319;16.4216;16.8451;16.9471;16.9973;16.5423;16.2269;15.8167;15.5518;15.0631;15",1.07693
"0.3;0.666667;0.0333333"
20.7273,0.179505,10.3637,"21.1137;20.4276;19.9732;18.118;16.9566;15.1079;14.4297;12.4948;11.006;9.28506;8.40503;7.66714;5.89016;4.96676;3.57265;1.67664;1","14.7855;14.9464;15.0558;15.5091;15.7918;16.2421;16.4048;16.8939;17.1675;17.2853;17.219;17.0481;16.5332;16.2756;15.8241;15.2159;15",1.03199
"0.3;0.7;0"
22.9702,76.0236,3.17221,"20.9651;19.7885;18.0856;17.0169;15.3721;13.8678;12.6599;12.0867;11.0034;10.6848;8.96301;7.66272;5.87005;4.51551;3.29696;1.951;1.32775;1","14.7954;14.1374;13.2623;12.6655;11.8235;11.054;10.4445;10.1286;9.95648;9.97778;10.3867;10.8902;11.5473;12.02;12.4798;12.914;14.0984;15",2.18398
"0.333333;0;0.666667"
23.2027,5.90821,3.05365,"21.1137;19.6451;18.1731;17.0172;16.404;15.0522;13.4035;11.662;10.6188;9.17455;7.66272;5.87005;4.51551;3.29696;1.951;1.32775;1","14.7855;13.9332;13.1137;12.5012;12.1701;11.5068;10.5963;9.9431;9.7924;10.3199;10.8902;11.5473;12.02;12.4798;12.914;14.0984;15",2.01084
"0.333333;0.0333333;0.633333"
23.1356,3.47016,3.04643,"20.9651;20.3239;18.9262;17.5926;16.1632;15.0522;13.4762;11.662;10.4738;9.32847;7.76843;5.98492;4.51551;3.29696;1.951;1.32775;1","14.7954;14.4254;13.568;12.8396;12.0972;11.5068;10.5425;9.9431;9.72282;10.1509;10.7672;11.4356;12.02;12.4798;12.914;14.0984;15",1.89011
"0.333333;0.0666667;0.6"
23.0826,2.40819,3.10262,"20.8059;20.2472;18.8058;18.0856;16.7803;16.1632;14.7102;13.9942;12.7815;11.5706;9.89137;8.40328;7.79532;5.98492;4.51551;3.29696;1.951;1.32775;1","14.8465;14.5593;13.6388;13.2623;12.436;12.0972;11.2822;10.856;10.0574;9.75684;9.88522;10.4447;10.6668;11.4356;12.02;12.4798;12.914;14.0984;15",1.82828
"0.333333;0.1;0.566667"
23.1377,1.90735,2.9402,"20.8059;19.7885;18.1731;17.0172;15.606;13.9942;13.2218;11.6565;9.89137;8.40328;7.79532;5.98492;4.51551;3.29696;1.951;1.32775;1","14.8465;14.1374;13.1137;12.5012;11.7569;10.856;10.4171;9.61096;9.88522;10.4447;10.6668;11.4356;12.02;12.4798;12.914;14.0984;15",1.63411
"0.333333;0.133333;0.533333"
23.1928,1.3567,2.90872,"20.8059;19.7885;18.1579;17.6732;16.9095;15.4512;14.5337;12.929;11.7542;10.1994;8.40328;7.79532;5.98492;4.51551;3.29696;1.951;1.32775;1","14.8465;14.1374;13.0627;12.7869;12.3125;11.4313;10.8799;9.96734;9.61578;9.74936;10.4447;10.6668;11.4356;12.02;12.4798;12.914;14.0984;15",1.51624
"0.333333;0.166667;0.5"
23.1994,1.30654,2.90879,"20.8059;19.7885;18.1579;17.6732;16.9095;15.4512;13.8691;13.4243;11.7542;10.3769;8.72082;7.79532;5.98492;4.51551;3.29696;1.951;1.32775;1","14.8465;14.1374;13.0627;12.7869;12.3125;11.4313;10.4742;10.2556;9.61578;9.65694;10.2989;10.6668;11.4356;12.02;12.4798;12.914;14.0984;15",1.41518
"0.333333;0.2;0.466667"
23.2328,1.22947,2.94779,"20.8059;19.7885;18.1579;16.6752;15.8882;14.5337;13.8691;12.6562;11.6565;9.76272;8.40328;7.79532;5.98492;4.51551;3.29696;1.951;1.32775;1","14.8465;14.1374;13.0627;12.1394;11.7685;10.8799;10.4742;9.98708;9.61096;9.71528;10.4447;10.6668;11.4356;12.02;12.4798;12.914;14.0984;15",1.331
"0.333333;0.233333;0.433333"
23.0845,0.982579,3.17252,"20.8059;19.7885;18.1731;17.0172;15.8882;14.3183;12.929;12.6351;11.7408;10.7913;9.07882;8.40328;6.99623;5.28557;4.02617;2.28011;1.15955;1","14.8465;14.1374;13.1137;12.5012;11.7685;10.9428;9.96734;9.84567;9.48886;9.40044;10.099;10.4447;11.1865;11.9667;12.5667;13.136;14.7785;15",1.31851
"0.333333;0.266667;0.4"
23.1128,0.884008,3.01986,"20.8059;19.7885;18.1731;17.6732;16.9095;15.4512;13.8691;12.6562;11.3866;9.58637;7.72429;7.05736;5.42637;4.51551;3.74122;2.22706;2.04103;1","14.8465;14.1374;13.1137;12.7869;12.3125;11.4313;10.4742;9.98708;9.44986;9.68246;10.3997;10.7072;11.5284;12.02;12.3707;13.0372;13.3417;15",1.15266
"0.333333;0.3;0.366667"
23.3999,0.864584,2.95822,"21.1137;20.5089;18.8658;17.6773;15.8882;15.3471;13.8691;12.6562;11.7408;11.3866;9.58637;8.37135;7.45427;5.72708;5.03184;3.74122;2.22706;2.04103;1","14.7855;14.3669;13.2507;12.5214;11.7685;11.2724;10.4742;9.98708;9.48886;9.44986;9.68246;10.1794;10.6761;11.4128;11.7264;12.3707;13.0372;13.3417;15",1.02653
"0.333333;0.333333;0.333333"
23.1669,0.768958,3.02561,"20.8059;20.3239;18.9262;17.6732;16.9095;15.4512;13.8691;12.929;11.896;10.7913;9.76272;8.29565;7.11943;5.88583;4.51551;3.74122;2.22706;2.04103;1","14.8465;14.4254;13.568;12.7869;12.3125;11.4313;10.4742;9.96734;9.46089;9.40044;9.71528;10.2427;10.8603;11.3706;12.02;12.3707;13.0372;13.3417;15",0.944808
"0.333333;0.366667;0.3"
23.1608,0.733904,3.02157,"20.8059;19.7885;18.1579;16.9155;15.3471;14.7113;13.0278;11.7408;10.7913;9.20585;8.29565;7.11943;5.88583;4.51551;3.74122;2.22706;2.04103;1","14.8465;14.1374;13.0627;12.2442;11.2724;10.8928;9.92992;9.48886;9.40044;9.83084;10.2427;10.8603;11.3706;12.02;12.3707;13.0372;13.3417;15",0.838752
"0.333333;0.4;0.266667"
23.3151,0.680782,3.08566,"20.9651;19.6451;18.1731;17.0172;15.8882;14.5337;12.929;11.8659;10.7913;9.58637;7.72429;7.05736;5.42637;3.74122;2.22706;2.04103;1","14.7954;13.9332;13.1137;12.5012;11.7685;10.8799;9.96734;9.38436;9.40044;9.68246;10.3997;10.7072;11.5284;12.3707;13.0372;13.3417;15",0.744196
"0.333333;0.433333;0.233333"
23.2039,0.645235,3.28678,"20.8059;19.7885;18.0856;17.0169;15.8882;14.5296;12.929;11.0906;9.21144;7.67048;7.05736;5.42637;3.74122;2.28011;1.15955;1","14.8465;14.1374;13.2623;12.6655;11.7685;10.7529;9.96734;9.26162;9.6678;10.4139;10.7072;11.5284;12.3707;13.136;14.7785;15",0.682107
"0.333333;0.466667;0.2"
23.1079,0.620112,3.17253,"20.8059;19.7885;18.9262;17.6732;16.9155;15.7468;14.5296;12.929;11.896;10.7913;9.7463;8.41469;7.47208;5.88583;4.31076;2.89002;1.92619;1","14.8465;14.1374;13.568;12.7869;12.2442;11.5778;10.7529;9.96734;9.46089;9.40044;9.4118;9.98225;10.4581;11.3706;12.2817;12.9236;14.0993;15",0.549381
"0.333333;0.5;0.166667"
23.2882,0.531024,3.22596,"20.9651;19.3596;17.6732;16.9095;15.4512;13.842;13.0123;11.0906;9.69576;8.51148;7.47208;5.88583;4.63724;2.89002;1.92619;1","14.7954;13.8124;12.7869;12.3125;11.4313;10.3715;9.80615;9.26162;9.35177;9.89226;10.4581;11.3706;12.0697;12.9236;14.0993;15",0.443962
"0.333333;0.533333;0.133333"
20.3793,0.633921,10.1897,"21.1137;20.4276;18.6741;18.0514;16.1875;14.5709;13.1033;11.5312;9.78028;8.69958;7.1914;6.6913;5.03554;3.26007;1.99984;1","14.7855;14.9464;15.2867;15.4078;15.7535;16.0378;16.1941;16.4062;16.4599;16.2517;15.9933;15.8903;15.5842;15.3412;15.1391;15",1.26265
"0.333333;0.566667;0.1"
20.4302,0.431684,10.2151,"21.1137;19.2688;18.0514;16.1875;14.5709;12.899;11.728;10.2131;9.32816;7.45062;7.13524;5.28292;3.72216;1.78349;1","14.7855;15.1852;15.4078;15.7535;16.0378;16.3382;16.5345;16.6553;16.5184;16.1879;16.1156;15.7918;15.5415;15.1666;15",1.24568
"0.333333;0.6;0.0666667"
20.5766,0.247712,10.2883,"21.1137;20.4276;18.6741;17.6992;16.0533;14.375;12.657;10.9607;9.4955;7.55759;6.18197;4.37194;3.15883;1.30764;1","14.7855;14.9464;15.2867;15.4979;15.8717;16.2319;16.6387;16.9471;16.9973;16.5423;16.2269;15.8167;15.5518;15.0631;15",1.19689
"0.333333;0.633333;0.0333333"
20.6561,0.221373,10.3281,"21.1137;21.0194;19.8538;18.118;16.3551;14.5258;13.9788;12.1475;11.6876;9.9622;8.19468;8.05858;6.22493;4.96676;3.57265;1.67664;1","14.7855;14.8133;15.199;15.5091;15.9771;16.31;16.4044;16.7919;16.8451;17.0829;17.0308;17.013;16.6155;16.2756;15.8241;15.2159;15",1.17039
"0.333333;0.666667;0"
22.9702,76.0236,3.17221,"20.9651;19.7885;18.0856;17.0169;15.3721;13.8678;12.6599;12.0867;11.0034;10.6848;8.96301;7.66272;5.87005;4.51551;3.29696;1.951;1.32775;1","14.7954;14.1374;13.2623;12.6655;11.8235;11.054;10.4445;10.1286;9.95648;9.97778;10.3867;10.8902;11.5473;12.02;12.4798;12.914;14.0984;15",2.07478
"0.366667;0;0.633333"
23.0818,6.0846,3.17692,"20.9651;19.7885;18.8058;17.6408;15.9372;14.3035;13.8138;12.1054;10.6188;9.17455;7.66272;5.87005;4.51551;3.29696;1.951;1.32775;1","14.7954;14.1374;13.6388;13.0401;12.0807;11.1938;10.9474;10.0197;9.7924;10.3199;10.8902;11.5473;12.02;12.4798;12.914;14.0984;15",1.96841
"0.366667;0.0333333;0.6"
23.1346,3.48525,2.99256,"20.9651;19.3596;18.1731;17.0172;15.606;13.9942;13.4762;11.662;10.4738;9.32847;7.76843;5.98492;4.51551;3.29696;1.951;1.32775;1","14.7954;13.8124;13.1137;12.5012;11.7569;10.856;10.5425;9.9431;9.72282;10.1509;10.7672;11.4356;12.02;12.4798;12.914;14.0984;15",1.75458
"0.366667;0.0666667;0.566667"
23.0806,2.3964,2.92276,"20.8059;19.7885;18.9262;17.4381;15.7788;15.4512;13.8188;13.2104;11.5706;9.89137;8.40328;7.79532;5.98492;4.51551;3.29696;1.951;1.32775;1","14.8465;14.1374;13.568;12.6588;11.6307;11.4313;10.5377;10.2691;9.75684;9.88522;10.4447;10.6668;11.4356;12.02;12.4798;12.914;14.0984;15",1.62481
"0.366667;0.1;0.533333"
23.2144,2.17217,3.05129,"20.9651;20.3239;18.9262;17.4795;17.0172;15.606;13.9942;13.2218;11.8209;9.89137;8.40328;7.79532;5.98492;4.51551;3.29696;1.951;1.32775;1","14.7954;14.4254;13.568;12.7595;12.5012;11.7569;10.856;10.4171;9.69037;9.88522;10.4447;10.6668;11.4356;12.02;12.4798;12.914;14.0984;15",1.57753
"0.366667;0.133333;0.5"
23.162,1.25541,3.21659,"20.9651;19.3596;17.6732;16.9095;15.4512;13.8188;12.6351;10.7913;9.32847;7.91746;6.48945;5.44843;4.02617;2.28011;1.15955;1","14.7954;13.8124;12.7869;12.3125;11.4313;10.5377;9.84567;9.40044;10.1509;10.9147;11.5056;11.9585;12.5667;13.136;14.7785;15",1.5495
"0.366667;0.166667;0.466667"
22.9649,1.16755,3.08269,"20.8059;19.7885;18.1579;17.6732;16.9095;15.4512;14.5337;13.4243;11.7542;11.6565;9.73884;7.95376;6.23279;4.63724;3.93687;2.28011;1.15955;1","14.8465;14.1374;13.0627;12.7869;12.3125;11.4313;10.8799;10.2556;9.61578;9.61096;9.73592;10.5989;11.3742;12.0697;12.3572;13.136;14.7785;15",1.38946
"0.366667;0.2;0.433333"
23.0203,1.36941,3.21374,"20.8059;19.7885;18.8058;17.6408;15.9372;14.3035;13.2218;12.6562;11.7542;11.0799;10.3769;9.07882;7.79532;5.98492;4.38621;3.74122;2.22706;2.04103;1","14.8465;14.1374;13.6388;13.0401;12.0807;11.1938;10.4171;9.98708;9.61578;9.52734;9.65694;10.099;10.6668;11.4356;12.0858;12.3707;13.0372;13.3417;15",1.335
"0.366667;0.233333;0.4"
23.0371,1.06867,2.99752,"20.8059;19.7885;18.1579;17.6732;16.9095;15.4512;14.5337;13.0704;11.7542;11.0504;9.73884;8.01778;7.79532;5.98492;4.38621;3.74122;2.22706;2.04103;1","14.8465;14.1374;13.0627;12.7869;12.3125;11.4313;10.8799;10.1096;9.61578;9.54962;9.73592;10.5606;10.6668;11.4356;12.0858;12.3707;13.0372;13.3417;15",1.14446
"0.366667;0.266667;0.366667"
23.077,0.937354,3.01565,"20.8059;19.7885;18.1731;17.4381;15.7788;15.4512;13.8188;12.6351;11.7542;10.2631;8.37135;7.11943;5.88583;4.51551;3.74122;2.22706;2.04103;1","14.8465;14.1374;13.1137;12.6588;11.6307;11.4313;10.5377;9.84567;9.61578;9.54987;10.1794;10.8603;11.3706;12.02;12.3707;13.0372;13.3417;15",1.04647
"0.366667;0.3;0.333333"
23.2233,0.941774,3.12168,"20.9651;19.6451;18.1731;17.0172;16.404;15.056;13.8691;12.6562;10.7913;9.20585;7.72429;5.9484;4.91584;3.29696;2.22706;2.04103;1","14.7954;13.9332;13.1137;12.5012;12.1701;11.3073;10.4742;9.98708;9.40044;9.83084;10.3997;11.2209;11.6608;12.4798;13.0372;13.3417;15",0.967632
"0.366667;0.333333;0.3"
23.192,0.746285,3.03461,"20.8059;19.7885;18.8058;17.6732;16.9095;15.4512;13.8691;12.929;11.8659;10.2631;8.37135;7.05736;5.42637;3.74122;2.22706;2.04103;1","14.8465;14.1374;13.6388;12.7869;12.3125;11.4313;10.4742;9.96734;9.38436;9.54987;10.1794;10.7072;11.5284;12.3707;13.0372;13.3417;15",0.842229
"0.366667;0.366667;0.266667"
23.1432,0.71764,3.09708,"20.8059;19.7885;18.9262;17.6732;16.0063;15.8882;15.056;13.4243;11.8659;10.7913;9.20585;7.72429;7.05736;5.42637;3.74122;2.28011;1.15955;1","14.8465;14.1374;13.568;12.7869;11.848;11.7685;11.3073;10.2556;9.38436;9.40044;9.83084;10.3997;10.7072;11.5284;12.3707;13.136;14.7785;15",0.751527
"0.366667;0.4;0.233333"
23.1766,0.767293,3.17154,"20.9651;19.3596;17.6732;16.9095;15.4512;13.8691;13.0704;11.7408;10.7913;9.58637;7.72429;7.05736;5.42637;5.03184;3.59474;2.29275;1.15955;1","14.7954;13.8124;12.7869;12.3125;11.4313;10.4742;10.1096;9.48886;9.40044;9.68246;10.3997;10.7072;11.5284;11.7264;12.4425;13.1794;14.7785;15",0.655059
"0.366667;0.433333;0.2"
23.0794,0.641074,3.17136,"20.8059;19.7885;18.1579;16.9155;15.3471;14.7113;13.0278;11.7408;9.7463;9.21144;7.72429;6.37504;4.63724;2.89002;1.92619;1","14.8465;14.1374;13.0627;12.2442;11.2724;10.8928;9.92992;9.48886;9.4118;9.6678;10.3997;11.1334;12.0697;12.9236;14.0993;15",0.549185
"0.366667;0.466667;0.166667"
20.3486,0.931469,10.1743,"21.1137;20.9651;19.3284;18.232;17.1087;15.433;13.7124;12.9076;11.1893;10.0884;8.35446;6.97536;5.33622;3.56608;1.99984;1","14.7855;14.7954;15.009;15.1545;15.3119;15.5726;15.8954;16.0421;16.3379;16.4079;16.1133;15.8718;15.6221;15.3715;15.1391;15",1.40018
"0.366667;0.5;0.133333"
20.3828,0.69547,10.1914,"21.1137;20.9651;19.0374;18.649;17.0656;16.114;14.9482;13.1033;11.1893;9.78028;8.69958;7.1914;6.6913;5.03554;3.26007;1.99984;1","14.7855;14.7954;15.3155;15.3933;15.6534;15.8179;15.959;16.1941;16.3379;16.4599;16.2517;15.9933;15.8903;15.5842;15.3412;15.1391;15",1.38766
"0.366667;0.533333;0.1"
20.422,0.451885,10.211,"21.1137;19.2688;18.0514;16.1875;14.5709;12.899;11.728;10.5392;10.3786;8.48386;6.51414;4.91226;3.72216;1.78349;1","14.7855;15.1852;15.4078;15.7535;16.0378;16.3382;16.5345;16.6342;16.6028;16.256;15.9795;15.7317;15.5415;15.1666;15",1.37328
"0.366667;0.566667;0.0666667"
20.5658,0.25714,10.2829,"21.1137;20.4276;18.6741;17.6992;16.0533;14.375;13.219;11.6876;10.3443;8.68308;7.73433;6.24393;4.79396;3.72216;1.78349;1","14.7855;14.9464;15.2867;15.4979;15.8717;16.2319;16.5416;16.8451;17.0175;16.6534;16.4341;16.0693;15.7651;15.5415;15.1666;15",1.32053
"0.366667;0.6;0.0333333"
20.6425,0.232245,10.3212,"21.1137;20.4276;18.6741;17.6992;16.0533;14.375;13.6213;11.6876;9.9622;8.05858;6.22493;4.96676;3.57265;1.67664;1","14.7855;14.9464;15.2867;15.4979;15.8717;16.2319;16.3853;16.8451;17.0829;17.013;16.6155;16.2756;15.8241;15.2159;15",1.29243
"0.366667;0.633333;0"
22.9765,76.0527,3.17228,"20.9651;19.7885;18.0856;17.0169;15.3721;13.8678;12.6599;12.0867;11.0034;10.6848;8.96301;8.46027;6.99623;5.42419;3.59474;1.951;1.32775;1","14.7954;14.1374;13.2623;12.6655;11.8235;11.054;10.4445;10.1286;9.95648;9.97778;10.3867;10.5472;11.1865;11.7615;12.4425;12.914;14.0984;15",1.96562
"0.4;0;0.6"
22.9894,5.62055,3.1213,"20.8059;20.2472;18.8058;17.6408;15.9372;15.0522;13.8138;12.0867;10.1994;8.40328;7.79532;5.98492;4.51551;3.29696;1.951;1.32775;1","14.8465;14.5593;13.6388;13.0401;12.0807;11.5068;10.9474;10.1286;9.74936;10.4447;10.6668;11.4356;12.02;12.4798;12.914;14.0984;15",1.83886
"0.4;0.0333333;0.566667"
23.0278,3.79693,2.99839,"20.8059;20.2472;18.8058;17.5926;17.0172;15.606;14.6061;13.2218;11.5706;9.80123;9.32847;7.76843;5.98492;4.51551;3.29696;1.951;1.32775;1","14.8465;14.5593;13.6388;12.8396;12.5012;11.7569;11.1322;10.4171;9.75684;10.0116;10.1509;10.7672;11.4356;12.02;12.4798;12.914;14.0984;15",1.66514
"0.4;0.0666667;0.533333"
22.8535,2.06909,3.18077,"20.8059;19.7885;18.1731;17.2418;15.8793;14.3183;12.7815;11.5706;10.1994;8.46027;6.99623;5.28557;4.02617;2.28011;1.15955;1","14.8465;14.1374;13.1137;12.5923;11.794;10.9428;10.0574;9.75684;9.74936;10.5472;11.1865;11.9667;12.5667;13.136;14.7785;15",1.65226
"0.4;0.1;0.5"
23.0586,1.878,3.08309,"20.9651;19.6451;18.1731;17.0172;15.606;13.9942;13.2218;11.7542;9.89137;8.40328;7.79532;5.98492;4.51551;3.74122;2.22706;2.04103;1","14.7954;13.9332;13.1137;12.5012;11.7569;10.856;10.4171;9.61578;9.88522;10.4447;10.6668;11.4356;12.02;12.3707;13.0372;13.3417;15",1.4872
"0.4;0.133333;0.466667"
23.2084,1.75175,3.10805,"21.1137;20.5089;19.1622;17.6732;17.0172;15.9372;14.3035;13.2218;11.8209;10.6064;9.89137;8.40328;7.79532;5.98492;4.38621;3.74122;2.22706;2.04103;1","14.7855;14.3669;13.6255;12.7869;12.5012;12.0807;11.1938;10.4171;9.69037;9.61951;9.88522;10.4447;10.6668;11.4356;12.0858;12.3707;13.0372;13.3417;15",1.39941
"0.4;0.166667;0.433333"
23.0005,1.31239,2.99715,"20.8059;19.7885;18.1579;17.6732;16.9095;15.7788;14.5337;13.0704;11.7542;10.3769;8.72082;7.79532;5.98492;4.38621;3.74122;2.22706;2.04103;1","14.8465;14.1374;13.0627;12.7869;12.3125;11.6307;10.8799;10.1096;9.61578;9.65694;10.2989;10.6668;11.4356;12.0858;12.3707;13.0372;13.3417;15",1.24836
"0.4;0.2;0.4"
23.0286,1.16692,3.04002,"20.8059;19.7885;18.1731;17.2418;15.8882;14.5337;13.8691;12.6562;11.6565;9.73884;8.29565;7.11943;5.88583;4.51551;3.74122;2.22706;2.04103;1","14.8465;14.1374;13.1137;12.5923;11.7685;10.8799;10.4742;9.98708;9.61096;9.73592;10.2427;10.8603;11.3706;12.02;12.3707;13.0372;13.3417;15",1.16005
"0.4;0.233333;0.366667"
23.0562,1.05797,2.99771,"20.8059;19.7885;18.1579;17.6732;16.9095;15.4512;13.8691;12.6351;11.7542;11.0504;9.73884;8.40328;7.79532;5.98492;4.51551;3.74122;2.22706;2.04103;1","14.8465;14.1374;13.0627;12.7869;12.3125;11.4313;10.4742;9.84567;9.61578;9.54962;9.73592;10.4447;10.6668;11.4356;12.02;12.3707;13.0372;13.3417;15",1.04049
"0.4;0.266667;0.333333"
23.1689,1.10074,3.04235,"20.8529;20.8232;19.9011;18.9262;17.6732;16.2557;15.8882;15.3544;13.8691;12.6562;10.7913;9.07882;7.79532;5.98492;4.38621;3.74122;2.22706;2.04103;1","14.8394;14.7915;14.2128;13.568;12.7869;11.8709;11.7685;11.2206;10.4742;9.98708;9.40044;10.099;10.6668;11.4356;12.0858;12.3707;13.0372;13.3417;15",0.945372
"0.4;0.3;0.3"
23.1,0.920027,3.17268,"20.8059;19.7885;18.1731;17.0172;16.404;15.056;13.8188;12.6351;11.7408;10.7913;9.76272;8.40328;6.99623;5.3547;4.02617;2.28011;1.15955;1","14.8465;14.1374;13.1137;12.5012;12.1701;11.3073;10.5377;9.84567;9.48886;9.40044;9.71528;10.4447;11.1865;12.1221;12.5667;13.136;14.7785;15",0.879048
"0.4;0.333333;0.266667"
23.1743,0.934626,2.97566,"20.9651;19.9025;18.8658;17.6773;16.1537;15.598;13.8691;12.929;11.7542;11.0504;10.6064;9.20585;7.72429;5.9484;4.51551;3.74122;2.28011;1.15955;1","14.7954;13.9349;13.2507;12.5214;11.6659;11.1613;10.4742;9.96734;9.61578;9.54962;9.61951;9.83084;10.3997;11.2209;12.02;12.3707;13.136;14.7785;15",0.71853
"0.4;0.366667;0.233333"
23.0145,0.778731,3.14789,"20.8059;19.7885;18.1579;17.6732;16.9095;15.4512;14.5337;13.0704;12.6351;10.7913;9.21144;7.48498;5.98492;4.31076;2.89002;1.92619;1","14.8465;14.1374;13.0627;12.7869;12.3125;11.4313;10.8799;10.1096;9.84567;9.40044;9.6678;10.5358;11.4356;12.2817;12.9236;14.0993;15",0.654329
"0.4;0.4;0.2"
23.0304,0.697486,3.16321,"20.8059;19.7885;18.9262;17.4381;15.7788;14.5337;12.929;11.7408;10.7913;9.21144;7.72429;6.37504;4.63724;2.89002;1.92619;1","14.8465;14.1374;13.568;12.6588;11.6307;10.8799;9.96734;9.48886;9.40044;9.6678;10.3997;11.1334;12.0697;12.9236;14.0993;15",0.547827
"0.4;0.433333;0.166667"
20.3592,0.954713,10.1796,"21.1137;20.4276;18.6741;17.6992;16.0533;14.375;12.5028;10.6632;9.88043;8.5789;7.06301;5.33622;3.56608;1.99984;1","14.7855;14.9464;15.2867;15.4979;15.8717;16.2319;16.3659;16.272;16.1897;16.0417;15.8349;15.6221;15.3715;15.1391;15",1.52325
"0.4;0.466667;0.133333"
20.3671,0.671166,10.1835,"21.1137;20.1435;19.0101;17.2317;15.3013;14.3504;13.1033;11.5312;9.78603;8.53553;6.6913;5.03554;3.26007;1.99984;1","14.7855;14.937;15.1632;15.4906;15.7687;15.9486;16.1941;16.4062;16.4145;16.2087;15.8903;15.5842;15.3412;15.1391;15",1.52007
"0.4;0.5;0.1"
20.4199,0.474282,10.21,"21.1137;19.2688;18.0514;16.1875;14.5709;12.899;12.2187;10.5392;10.3786;8.48386;6.51414;4.91226;3.72216;1.78349;1","14.7855;15.1852;15.4078;15.7535;16.0378;16.3382;16.4209;16.6342;16.6028;16.256;15.9795;15.7317;15.5415;15.1666;15",1.49893
"0.4;0.533333;0.0666667"
20.5428,0.275115,10.2714,"21.1137;20.4276;18.6741;17.6992;16.0533;14.375;13.6213;11.774;10.9607;9.8838;8.27225;7.73433;6.24393;4.79396;3.72216;1.78349;1","14.7855;14.9464;15.2867;15.4979;15.8717;16.2319;16.3853;16.7496;16.9471;16.8821;16.5323;16.4341;16.0693;15.7651;15.5415;15.1666;15",1.44977
"0.4;0.566667;0.0333333"
20.6182,0.25657,10.3091,"21.1137;19.2688;18.0514;16.1875;14.9482;13.5211;11.774;10.3443;9.5986;7.69536;6.0122;4.43751;2.99988;1.30764;1","14.7855;15.1852;15.4078;15.7535;15.959;16.3485;16.7496;17.0175;17.0944;16.7921;16.4643;15.9902;15.5433;15.0631;15",1.41963
"0.4;0.6;0"
22.9765,76.0527,3.17228,"20.9651;19.7885;18.0856;17.0169;15.3721;13.8678;12.6599;12.0867;11.0034;10.6848;8.96301;8.46027;6.99623;5.42419;3.59474;1.951;1.32775;1","14.7954;14.1374;13.2623;12.6655;11.8235;11.054;10.4445;10.1286;9.95648;9.97778;10.3867;10.5472;11.1865;11.7615;12.4425;12.914;14.0984;15",1.85642
"0.433333;0;0.566667"
22.7369,5.59845,3.1796,"20.8059;19.7885;18.1731;17.2418;15.8793;15.056;13.6688;12.1054;10.6188;9.17455;8.6713;7.24422;5.44843;4.02617;2.28011;1.15955;1","14.8465;14.1374;13.1137;12.5923;11.794;11.3073;10.6018;10.0197;9.7924;10.3199;10.5361;11.1429;11.9585;12.5667;13.136;14.7785;15",1.76179
"0.433333;0.0333333;0.533333"
22.965,3.3571,3.37174,"20.9651;19.9011;18.274;16.9591;15.2784;13.8138;13.0373;11.5706;9.89137;8.40328;7.79532;5.98492;4.51551;3.74122;2.22706;2.04103;1","14.7954;14.2128;13.4838;12.8292;11.8046;10.9474;10.435;9.75684;9.88522;10.4447;10.6668;11.4356;12.02;12.3707;13.0372;13.3417;15",1.73775
"0.433333;0.0666667;0.5"
23.0188,2.17206,3.13969,"20.9651;20.3239;18.9262;17.4795;17.0172;15.606;13.9942;13.2218;11.8209;9.89137;8.40328;7.79532;5.98492;4.38621;3.74122;2.22706;2.04103;1","14.7954;14.4254;13.568;12.7595;12.5012;11.7569;10.856;10.4171;9.69037;9.88522;10.4447;10.6668;11.4356;12.0858;12.3707;13.0372;13.3417;15",1.51361
"0.433333;0.1;0.466667"
22.9063,2.14711,3.02824,"20.8059;19.7885;18.1731;17.0172;15.606;13.9942;13.2218;11.5706;10.3769;8.72082;7.79532;5.98492;4.38621;3.74122;2.22706;2.04103;1","14.8465;14.1374;13.1137;12.5012;11.7569;10.856;10.4171;9.75684;9.65694;10.2989;10.6668;11.4356;12.0858;12.3707;13.0372;13.3417;15",1.36586
"0.433333;0.133333;0.433333"
22.9548,1.82692,3.02873,"20.8059;19.7885;18.1731;17.0172;15.606;13.9942;13.2218;11.8209;10.6064;9.32847;7.79532;5.98492;4.51551;3.74122;2.22706;2.04103;1","14.8465;14.1374;13.1137;12.5012;11.7569;10.856;10.4171;9.69037;9.61951;10.1509;10.6668;11.4356;12.02;12.3707;13.0372;13.3417;15",1.26099
"0.433333;0.166667;0.4"
23.0805,1.53127,3.13623,"20.9651;20.3239;18.9262;17.5926;17.0172;15.606;13.9942;12.7815;11.7542;10.1994;8.40328;7.79532;5.98492;4.51551;3.74122;2.22706;2.04103;1","14.7954;14.4254;13.568;12.8396;12.5012;11.7569;10.856;10.0574;9.61578;9.74936;10.4447;10.6668;11.4356;12.02;12.3707;13.0372;13.3417;15",1.188
"0.433333;0.2;0.366667"
23.0537,1.28228,3.10792,"20.8529;19.7885;18.8058;17.5926;17.0172;15.8882;14.5337;13.8691;12.6562;11.7542;11.0504;10.3769;10.1994;8.40328;7.79532;5.98492;4.38621;3.74122;2.22706;2.04103;1","14.8394;14.1374;13.6388;12.8396;12.5012;11.7685;10.8799;10.4742;9.98708;9.61578;9.54962;9.65694;9.74936;10.4447;10.6668;11.4356;12.0858;12.3707;13.0372;13.3417;15",1.07227
"0.433333;0.233333;0.333333"
23.064,1.52221,3.22565,"20.9651;19.6451;18.1731;17.0172;16.1632;14.6061;13.2218;11.6565;10.6064;9.21126;7.79532;6.99623;5.3547;4.02617;2.28011;1.15955;1","14.7954;13.9332;13.1137;12.5012;12.0972;11.1322;10.4171;9.61096;9.61951;10.0244;10.6668;11.1865;12.1221;12.5667;13.136;14.7785;15",0.998821
"0.433333;0.266667;0.3"
23.0353,1.30837,3.43253,"20.8059;20.2472;18.8058;17.3054;15.8471;14.3035;13.2218;11.7542;10.3769;9.21144;7.67048;7.05736;5.42637;3.74122;2.28011;1.15955;1","14.8465;14.5593;13.6388;13.0174;12.1775;11.1938;10.4171;9.61578;9.65694;9.6678;10.4139;10.7072;11.5284;12.3707;13.136;14.7785;15",0.948342
"0.433333;0.3;0.266667"
23.001,0.975257,3.19843,"20.8059;20.2472;18.8058;17.6732;16.9095;15.4512;13.8691;12.6562;10.7913;9.20585;7.79532;6.55647;4.81897;3.38195;2.88193;1.61076;1","14.8465;14.5593;13.6388;12.7869;12.3125;11.4313;10.4742;9.98708;9.40044;9.83084;10.6668;11.2222;12.1627;12.939;12.967;14.5044;15",0.775176
"0.433333;0.333333;0.233333"
23.0049,0.877684,3.16938,"20.8059;19.7885;18.1731;17.6732;16.9095;15.8882;14.6061;13.6688;12.6351;10.7913;9.61971;8.37135;7.45427;5.98492;4.63724;2.89002;1.92619;1","14.8465;14.1374;13.1137;12.7869;12.3125;11.7685;11.1322;10.6018;9.84567;9.40044;9.58114;10.1794;10.6761;11.4356;12.0697;12.9236;14.0993;15",0.658627
"0.433333;0.366667;0.2"
23.2628,0.699807,3.25919,"21.1137;20.5089;19.1622;17.6732;16.9095;15.7788;14.5337;13.0278;11.7408;10.7913;9.61971;8.37135;7.45427;5.98492;4.63724;2.89002;1.92619;1","14.7855;14.3669;13.6255;12.7869;12.3125;11.6307;10.8799;9.92992;9.48886;9.40044;9.58114;10.1794;10.6761;11.4356;12.0697;12.9236;14.0993;15",0.563425
"0.433333;0.4;0.166667"
20.3396,0.998746,10.1698,"21.1137;20.9651;19.3284;18.232;17.1087;15.2582;13.7124;12.0065;10.396;9.74412;8.35446;6.97536;5.03554;3.56608;1.99984;1","14.7855;14.7954;15.009;15.1545;15.3119;15.5594;15.8954;16.2511;16.3522;16.2975;16.1133;15.8718;15.5842;15.3715;15.1391;15",1.65864
"0.433333;0.433333;0.133333"
20.3616,0.733047,10.1808,"21.1137;20.1435;19.0101;17.2317;15.3881;14.3504;13.1033;11.1893;9.78603;8.53553;6.6913;5.03554;3.56608;1.99984;1","14.7855;14.937;15.1632;15.4906;15.73;15.9486;16.1941;16.3379;16.4145;16.2087;15.8903;15.5842;15.3715;15.1391;15",1.64914
"0.433333;0.466667;0.1"
20.4097,0.520335,10.2048,"21.1137;19.2688;18.0514;16.1875;14.9482;13.4568;12.3002;10.3786;8.48386;6.51414;4.91226;3.72216;1.78349;1","14.7855;15.1852;15.4078;15.7535;15.959;16.1708;16.3673;16.6028;16.256;15.9795;15.7317;15.5415;15.1666;15",1.6283
"0.433333;0.5;0.0666667"
20.5357,0.272539,10.2678,"21.1137;20.4276;18.6741;17.6992;16.0533;14.375;13.5449;11.6876;9.8838;8.27225;7.73433;6.24393;4.79396;3.72216;1.78349;1","14.7855;14.9464;15.2867;15.4979;15.8717;16.2319;16.4216;16.8451;16.8821;16.5323;16.4341;16.0693;15.7651;15.5415;15.1666;15",1.57369
"0.433333;0.533333;0.0333333"
20.6046,0.250999,10.3023,"21.1137;20.4276;18.6741;17.6992;16.0533;14.375;13.6213;11.774;9.92904;7.97703;7.24597;6.0122;4.43751;2.99988;1.30764;1","14.7855;14.9464;15.2867;15.4979;15.8717;16.2319;16.3853;16.7496;17.0325;16.9017;16.7677;16.4643;15.9902;15.5433;15.0631;15",1.54385
"0.433333;0.566667;0"
22.8097,26.5321,3.26096,"20.9651;19.7885;18.0856;17.0169;15.3721;13.8678;12.6599;11.662;10.6848;8.96301;7.79532;5.98492;4.51551;3.74122;2.22706;2.04103;1","14.7954;14.1374;13.2623;12.6655;11.8235;11.054;10.4445;9.9431;9.97778;10.3867;10.6668;11.4356;12.02;12.3707;13.0372;13.3417;15",1.79451
"0.466667;0;0.533333"
23.016,6.28993,3.14214,"21.1137;19.6451;18.1731;17.0172;15.606;13.9942;13.2218;11.4754;10.6188;9.17455;8.6713;7.24422;5.42419;3.74122;2.22706;2.04103;1","14.7855;13.9332;13.1137;12.5012;11.7569;10.856;10.4171;9.97214;9.7924;10.3199;10.5361;11.1429;11.7615;12.3707;13.0372;13.3417;15",1.63175
"0.466667;0.0333333;0.5"
22.9496,3.74119,3.082,"20.9651;19.6451;18.1731;17.0172;15.606;13.9942;13.2218;12.1054;10.4738;9.80123;8.46027;6.99623;5.42419;3.74122;2.22706;2.04103;1","14.7954;13.9332;13.1137;12.5012;11.7569;10.856;10.4171;10.0197;9.72282;10.0116;10.5472;11.1865;11.7615;12.3707;13.0372;13.3417;15",1.48669
"0.466667;0.0666667;0.466667"
22.9698,2.85212,3.0822,"20.9651;19.6451;18.1731;17.0172;15.606;13.9942;13.2218;11.5706;9.89137;9.32847;7.79532;5.98492;4.51551;3.74122;2.22706;2.04103;1","14.7954;13.9332;13.1137;12.5012;11.7569;10.856;10.4171;9.75684;9.88522;10.1509;10.6668;11.4356;12.02;12.3707;13.0372;13.3417;15",1.38058
"0.466667;0.1;0.433333"
22.968,2.01292,3.23036,"20.8529;19.7885;18.8058;17.6408;15.9372;14.3035;13.4035;11.8209;10.1994;8.40328;7.79532;5.98492;4.51551;3.74122;2.22706;2.04103;1","14.8394;14.1374;13.6388;13.0401;12.0807;11.1938;10.5963;9.69037;9.74936;10.4447;10.6668;11.4356;12.02;12.3707;13.0372;13.3417;15",1.3357
"0.466667;0.133333;0.4"
23.0625,1.79672,3.12722,"20.9651;20.3239;18.9262;17.2418;15.8793;14.6061;13.2218;11.8209;10.6064;9.32847;7.79532;5.98492;4.51551;3.74122;2.22706;2.04103;1","14.7954;14.4254;13.568;12.5923;11.794;11.1322;10.4171;9.69037;9.61951;10.1509;10.6668;11.4356;12.02;12.3707;13.0372;13.3417;15",1.18469
"0.466667;0.166667;0.366667"
22.9323,1.61912,3.35358,"20.8059;20.2472;18.8058;17.6408;15.9372;15.0522;13.4762;13.2218;11.6565;10.6064;10.1994;8.40328;6.99623;5.3547;4.02617;2.28011;1.15955;1","14.8465;14.5593;13.6388;13.0401;12.0807;11.5068;10.5425;10.4171;9.61096;9.61951;9.74936;10.4447;11.1865;12.1221;12.5667;13.136;14.7785;15",1.15911
"0.466667;0.2;0.333333"
22.9972,1.52003,3.35352,"20.8529;19.7885;18.0856;16.7803;15.0522;13.6688;13.2218;11.7542;10.3769;9.07882;7.35576;6.22938;5.3547;4.02617;2.28011;1.15955;1","14.8394;14.1374;13.2623;12.436;11.5068;10.6018;10.4171;9.61578;9.65694;10.099;11.0067;11.5461;12.1221;12.5667;13.136;14.7785;15",1.03872
"0.466667;0.233333;0.3"
23.0425,1.17001,3.25045,"20.9651;19.6451;18.1731;17.0172;15.8882;14.5296;12.7815;11.7542;10.6064;9.73884;8.40328;7.79532;6.55647;4.81897;3.38195;2.88193;1.61076;1","14.7954;13.9332;13.1137;12.5012;11.7685;10.7529;10.0574;9.61578;9.61951;9.73592;10.4447;10.6668;11.2222;12.1627;12.939;12.967;14.5044;15",0.894455
"0.466667;0.266667;0.266667"
22.9218,0.965672,3.14696,"20.8059;19.7885;18.1579;17.6732;16.0063;15.8882;15.4512;13.8691;13.4243;11.7542;10.2631;8.37135;7.11943;5.98492;4.31076;2.89002;1.92619;1","14.8465;14.1374;13.0627;12.7869;11.848;11.7685;11.4313;10.4742;10.2556;9.61578;9.54987;10.1794;10.8603;11.4356;12.2817;12.9236;14.0993;15",0.763167
"0.466667;0.3;0.233333"
22.9686,0.83186,3.14743,"20.8059;19.7885;18.1579;17.6732;16.9095;15.4512;13.8691;12.6351;11.3866;9.58637;8.37135;7.11943;5.98492;4.63724;2.89002;1.92619;1","14.8465;14.1374;13.0627;12.7869;12.3125;11.4313;10.4742;9.84567;9.44986;9.68246;10.1794;10.8603;11.4356;12.0697;12.9236;14.0993;15",0.654237
"0.466667;0.333333;0.2"
20.3111,1.4687,10.1555,"21.1137;20.1435;19.0101;17.2317;15.3013;14.3504;12.3725;10.4983;9.6384;8.18253;7.24502;5.53346;4.20341;2.49433;1","14.7855;14.937;15.1632;15.4906;15.7687;15.9486;16.2166;16.2144;16.0919;15.8627;15.7646;15.5456;15.3994;15.1797;15",1.79957
"0.466667;0.366667;0.166667"
20.3656,1.17665,10.1828,"21.1137;20.9651;19.3284;18.232;17.1087;15.3881;13.5249;11.6304;9.78603;8.53553;6.6913;5.03554;3.56608;1.99984;1","14.7855;14.7954;15.009;15.1545;15.3119;15.73;15.7902;16.1202;16.4145;16.2087;15.8903;15.5842;15.3715;15.1391;15",1.77411
"0.466667;0.4;0.133333"
20.3501,0.846167,10.175,"21.1137;20.1435;19.0101;17.2317;15.3013;14.3504;12.9834;11.1893;10.0884;8.35446;6.97536;5.03554;3.56608;1.99984;1","14.7855;14.937;15.1632;15.4906;15.7687;15.9486;16.0928;16.3379;16.4079;16.1133;15.8718;15.5842;15.3715;15.1391;15",1.78136
"0.466667;0.433333;0.1"
20.4105,0.554436,10.2053,"21.1137;19.2688;18.0514;16.1875;14.5305;13.1033;11.5312;10.3786;8.48386;6.51414;4.91226;3.72216;1.78349;1","14.7855;15.1852;15.4078;15.7535;15.9418;16.1941;16.4062;16.6028;16.256;15.9795;15.7317;15.5415;15.1666;15",1.75316
"0.466667;0.466667;0.0666667"
20.5219,0.287379,10.2609,"21.1137;20.4276;18.6741;17.6992;16.0533;14.375;13.6213;11.774;9.8838;8.27225;7.73433;6.24393;4.79396;3.72216;1.78349;1","14.7855;14.9464;15.2867;15.4979;15.8717;16.2319;16.3853;16.7496;16.8821;16.5323;16.4341;16.0693;15.7651;15.5415;15.1666;15",1.70118
"0.466667;0.5;0.0333333"
20.5827,0.260035,10.2914,"21.1137;20.4276;18.6741;17.6992;16.0533;14.375;13.6213;11.774;10.5181;9.32199;7.69536;5.93034;4.43751;2.99988;1.30764;1","14.7855;14.9464;15.2867;15.4979;15.8717;16.2319;16.3853;16.7496;16.9195;16.9888;16.7921;16.3818;15.9902;15.5433;15.0631;15",1.67279
"0.466667;0.533333;0"
22.7742,76.0295,3.2606,"20.9651;19.7885;18.0856;17.0169;15.3721;13.8678;12.6599;12.0867;11.0034;10.6848;8.96301;7.66272;6.99623;5.42419;3.74122;2.22706;2.04103;1","14.7954;14.1374;13.2623;12.6655;11.8235;11.054;10.4445;10.1286;9.95648;9.97778;10.3867;10.8902;11.1865;11.7615;12.3707;13.0372;13.3417;15",1.68218
"0.5;0;0.5"
22.8904,6.90382,3.12614,"20.9651;19.3596;18.1731;17.0172;15.8793;14.6061;13.2218;11.662;10.4171;8.6713;7.24422;5.44843;3.59474;2.22706;2.04103;1","14.7954;13.8124;13.1137;12.5012;11.794;11.1322;10.4171;9.9431;9.87218;10.5361;11.1429;11.9585;12.4425;13.0372;13.3417;15",1.50729
"0.5;0.0333333;0.466667"
22.8448,3.71615,3.0733,"20.8059;19.7885;18.1731;17.0172;15.606;13.9942;13.2218;11.5706;9.7918;8.46027;6.99623;5.46939;3.59474;2.22706;2.04103;1","14.8465;14.1374;13.1137;12.5012;11.7569;10.856;10.4171;9.75684;9.99815;10.5472;11.1865;11.8962;12.4425;13.0372;13.3417;15",1.38539
"0.5;0.0666667;0.433333"
22.9967,3.07239,3.14313,"20.9651;19.7885;18.8058;17.5926;17.0172;16.1632;15.0522;13.8138;12.1054;10.6064;9.32847;7.79532;5.98492;4.51551;3.74122;2.22706;2.04103;1","14.7954;14.1374;13.6388;12.8396;12.5012;12.0972;11.5068;10.9474;10.0197;9.61951;10.1509;10.6668;11.4356;12.02;12.3707;13.0372;13.3417;15",1.29875
"0.5;0.1;0.4"
23.0206,2.22289,3.1268,"20.9651;20.3239;18.9262;17.2418;15.8793;14.3183;13.2218;11.5706;10.6064;9.32847;7.79532;5.98492;4.38621;3.74122;2.22706;2.04103;1","14.7954;14.4254;13.568;12.5923;11.794;10.9428;10.4171;9.75684;9.61951;10.1509;10.6668;11.4356;12.0858;12.3707;13.0372;13.3417;15",1.18454
"0.5;0.133333;0.366667"
23.103,1.60372,3.29748,"21.0194;19.3596;18.9262;17.2418;15.8882;14.5337;13.8691;12.6562;11.7542;10.1994;8.46027;6.87618;5.3547;4.02617;2.28011;1.15955;1","14.8133;13.8124;13.568;12.5923;11.7685;10.8799;10.4742;9.98708;9.61578;9.74936;10.5472;11.3347;12.1221;12.5667;13.136;14.7785;15",1.13044
"0.5;0.166667;0.333333"
23.0131,1.68414,3.21035,"20.9651;20.3239;18.9262;17.5926;16.1632;15.0522;13.9942;13.2218;11.7542;10.4738;9.07882;7.79532;5.98492;4.51551;3.74122;2.28011;1.15955;1","14.7954;14.4254;13.568;12.8396;12.0972;11.5068;10.856;10.4171;9.61578;9.72282;10.099;10.6668;11.4356;12.02;12.3707;13.136;14.7785;15",0.994233
"0.5;0.2;0.3"
22.973,1.55726,3.23972,"20.9651;19.3596;17.6732;17.0172;15.8589;15.0522;13.9942;13.2218;11.6565;10.6064;9.21126;7.79532;6.55647;4.81897;3.38195;2.88193;1.61076;1","14.7954;13.8124;12.7869;12.5012;11.9552;11.5068;10.856;10.4171;9.61096;9.61951;10.0244;10.6668;11.2222;12.1627;12.939;12.967;14.5044;15",0.891595
"0.5;0.233333;0.266667"
22.9097,1.04297,3.17055,"20.8059;19.7885;18.9262;17.6732;16.9095;15.4512;13.8691;12.929;11.7542;10.2631;9.07882;7.79532;6.55647;5.87005;4.31076;2.89002;1.92619;1","14.8465;14.1374;13.568;12.7869;12.3125;11.4313;10.4742;9.96734;9.61578;9.54987;10.099;10.6668;11.2222;11.5473;12.2817;12.9236;14.0993;15",0.76867
"0.5;0.266667;0.233333"
23.0225,0.994432,3.2233,"20.9651;19.3596;17.6732;16.0063;14.6061;13.0704;11.7542;10.2631;8.37135;7.11943;5.98492;4.63724;2.89002;1.92619;1","14.7954;13.8124;12.7869;11.848;11.1322;10.1096;9.61578;9.54987;10.1794;10.8603;11.4356;12.0697;12.9236;14.0993;15",0.665411
"0.5;0.3;0.2"
20.3135,1.47561,10.1568,"21.1137;20.9651;19.3284;18.232;17.1087;15.2582;13.5249;11.6304;9.74412;8.35446;6.97536;5.03554;3.56608;1.99984;1","14.7855;14.7954;15.009;15.1545;15.3119;15.5594;15.7902;16.1202;16.2975;16.1133;15.8718;15.5842;15.3715;15.1391;15",1.92688
"0.5;0.333333;0.166667"
20.3425,1.11666,10.1713,"21.1137;20.9651;19.0374;18.649;17.0656;16.114;14.9482;13.1033;12.0065;10.7546;9.88043;8.5789;7.06301;5.33622;3.56608;1.99984;1","14.7855;14.7954;15.3155;15.3933;15.6534;15.8179;15.959;16.1941;16.2511;16.3207;16.1897;16.0417;15.8349;15.6221;15.3715;15.1391;15",1.91239
"0.5;0.366667;0.133333"
20.3485,0.931196,10.1743,"21.1137;20.9651;19.3284;18.232;17.1087;15.433;13.7124;12.9076;11.1893;10.0884;8.35446;6.97536;5.03554;3.56608;1.99984;1","14.7855;14.7954;15.009;15.1545;15.3119;15.5726;15.8954;16.0421;16.3379;16.4079;16.1133;15.8718;15.5842;15.3715;15.1391;15",1.90936
"0.5;0.4;0.1"
20.3911,0.599938,10.1956,"21.1137;19.2688;18.0514;16.1875;14.5709;13.1033;11.5312;10.1447;8.69958;7.1914;6.6913;5.03554;3.56608;1.99984;1","14.7855;15.1852;15.4078;15.7535;16.0378;16.1941;16.4062;16.5323;16.2517;15.9933;15.8903;15.5842;15.3715;15.1391;15",1.88807
"0.5;0.433333;0.0666667"
20.5187,0.283927,10.2593,"21.1137;20.4276;18.6741;17.6992;16.0533;14.375;13.219;11.6876;9.81597;9.48393;7.73433;6.24393;4.79396;3.72216;1.78349;1","14.7855;14.9464;15.2867;15.4979;15.8717;16.2319;16.5416;16.8451;16.7682;16.7225;16.4341;16.0693;15.7651;15.5415;15.1666;15",1.82429
"0.5;0.466667;0.0333333"
20.5584,0.265837,10.2792,"21.1137;20.4276;18.6741;17.6992;16.0533;14.375;13.6213;11.774;10.5181;8.90401;7.47811;5.59373;3.80737;3.15883;1.30764;1","14.7855;14.9464;15.2867;15.4979;15.8717;16.2319;16.3853;16.7496;16.9195;16.8577;16.6886;16.2026;15.7166;15.5518;15.0631;15",1.80443
"0.5;0.5;0"
22.7775,76.027,3.26064,"20.9651;19.7885;18.0856;17.0169;15.3721;13.8678;12.6599;12.0867;11.0034;10.6848;8.96301;7.66272;6.55647;5.98492;4.51551;3.74122;2.22706;2.04103;1","14.7954;14.1374;13.2623;12.6655;11.8235;11.054;10.4445;10.1286;9.95648;9.97778;10.3867;10.8902;11.2222;11.4356;12.02;12.3707;13.0372;13.3417;15",1.57005
"0.533333;0;0.466667"
22.9528,5.64013,3.08109,"20.9651;19.3596;18.1731;17.0172;15.8882;14.1152;13.7404;12.1054;10.6188;9.80123;9.17455;7.79532;5.98492;4.51551;3.74122;2.22706;2.04103;1","14.7954;13.8124;13.1137;12.5012;11.7685;11.2159;10.9218;10.0197;9.7924;10.0116;10.3199;10.6668;11.4356;12.02;12.3707;13.0372;13.3417;15",1.3801
"0.533333;0.0333333;0.433333"
22.8452,4.07439,3.1492,"20.8059;20.2472;18.8058;17.5926;17.0172;15.606;13.9942;13.2218;11.662;10.4738;9.80123;9.17455;7.91746;6.48945;5.44843;4.71701;3.21012;2.22706;2.04103;1","14.8465;14.5593;13.6388;12.8396;12.5012;11.7569;10.856;10.4171;9.9431;9.72282;10.0116;10.3199;10.9147;11.5056;11.9585;12.2548;12.7765;13.0372;13.3417;15",1.30918
"0.533333;0.0666667;0.4"
22.8247,2.63779,3.16992,"20.8059;19.7885;18.1731;17.0172;15.606;13.9942;13.2218;11.5706;10.4738;9.32847;8.46027;6.87618;5.3547;4.02617;2.28011;1.15955;1","14.8465;14.1374;13.1137;12.5012;11.7569;10.856;10.4171;9.75684;9.72282;10.1509;10.5472;11.3347;12.1221;12.5667;13.136;14.7785;15",1.20768
"0.533333;0.1;0.366667"
22.826,1.8853,3.40735,"20.8059;19.7885;18.8058;17.5926;17.0172;15.606;13.9942;13.2218;11.7542;10.2631;8.75139;7.51839;6.90316;5.3547;3.77729;3.38195;2.11607;1","14.8465;14.1374;13.6388;12.8396;12.5012;11.7569;10.856;10.4171;9.61578;9.54987;10.6483;11.2236;11.4969;12.1221;12.7713;12.939;13.8581;15",1.17703
"0.533333;0.133333;0.333333"
22.906,2.0272,3.51549,"20.8529;19.7885;18.8058;17.3054;16.9591;15.2784;13.8138;13.0373;11.7542;10.6064;10.1994;9.89137;8.46027;6.99623;5.3547;3.77729;3.38195;2.88193;1.61076;1","14.8394;14.1374;13.6388;13.0174;12.8292;11.8046;10.9474;10.435;9.61578;9.61951;9.74936;9.88522;10.5472;11.1865;12.1221;12.7713;12.939;12.967;14.5044;15",1.08731
"0.533333;0.166667;0.3"
22.8649,1.38717,3.20612,"20.8529;19.7885;18.1731;17.2418;15.8793;14.3183;13.6688;12.6562;11.6565;10.6064;9.07882;7.79532;6.55647;5.87005;4.31076;2.89002;1.92619;1","14.8394;14.1374;13.1137;12.5923;11.794;10.9428;10.6018;9.98708;9.61096;9.61951;10.099;10.6668;11.2222;11.5473;12.2817;12.9236;14.0993;15",0.884003
"0.533333;0.2;0.266667"
22.8666,1.17681,3.168,"20.8059;19.7885;18.1731;17.6732;16.9095;15.4512;14.5337;13.4243;11.7542;11.0799;10.6064;9.21126;7.79532;6.55647;5.87005;4.31076;2.89002;1.92619;1","14.8465;14.1374;13.1137;12.7869;12.3125;11.4313;10.8799;10.2556;9.61578;9.52734;9.61951;10.0244;10.6668;11.2222;11.5473;12.2817;12.9236;14.0993;15",0.768075
"0.533333;0.233333;0.233333"
22.8769,1.23091,3.34328,"20.8059;19.7885;18.0856;16.7803;15.0522;13.6688;12.6562;11.6565;11.0504;9.76272;8.40328;7.79532;6.55647;5.87005;4.31076;2.89002;1.92619;1","14.8465;14.1374;13.2623;12.436;11.5068;10.6018;9.98708;9.61096;9.54962;9.71528;10.4447;10.6668;11.2222;11.5473;12.2817;12.9236;14.0993;15",0.693407
"0.533333;0.266667;0.2"
20.3135,1.47561,10.1568,"21.1137;20.9651;19.3284;18.232;17.1087;15.2582;13.5249;11.6304;9.74412;8.35446;6.97536;5.03554;3.56608;1.99984;1","14.7855;14.7954;15.009;15.1545;15.3119;15.5594;15.7902;16.1202;16.2975;16.1133;15.8718;15.5842;15.3715;15.1391;15",2.05534
"0.533333;0.3;0.166667"
20.3432,1.47211,10.1716,"21.1137;20.1435;18.9886;18.155;16.2194;15.107;13.5249;12.4318;11.1893;9.88043;8.5789;7.06301;5.33622;3.56608;1.99984;1","14.7855;14.937;14.955;15.0666;15.3826;15.5153;15.7902;16.0051;16.3379;16.1897;16.0417;15.8349;15.6221;15.3715;15.1391;15",2.03949
"0.533333;0.333333;0.133333"
20.3444,0.85434,10.1722,"21.1137;20.9651;19.2492;18.1212;16.1875;14.5305;13.1033;11.1893;10.7546;9.74412;8.35446;6.97536;5.03554;3.56608;1.99984;1","14.7855;14.7954;15.1328;15.3712;15.7535;15.9418;16.1941;16.3379;16.3207;16.2975;16.1133;15.8718;15.5842;15.3715;15.1391;15",2.03885
"0.533333;0.366667;0.1"
20.3825,0.614149,10.1913,"21.1137;19.2688;18.0514;16.1875;14.5709;13.1033;11.5312;10.2031;8.53553;6.6913;5.03554;3.56608;1.99984;1","14.7855;15.1852;15.4078;15.7535;16.0378;16.1941;16.4062;16.5029;16.2087;15.8903;15.5842;15.3715;15.1391;15",2.01854
"0.533333;0.4;0.0666667"
20.491,0.311943,10.2455,"21.1137;20.4276;18.6741;17.6992;16.0533;14.375;12.657;10.9375;9.65599;7.75825;6.22937;4.79396;3.72216;1.78349;1","14.7855;14.9464;15.2867;15.4979;15.8717;16.2319;16.6387;16.7631;16.7123;16.2926;16.0654;15.7651;15.5415;15.1666;15",1.96068
"0.533333;0.433333;0.0333333"
20.535,0.309496,10.2675,"21.1137;20.9651;19.0374;18.649;17.0067;15.6649;14.375;12.8992;10.9375;9.72182;9.37099;7.44152;5.59373;3.80737;3.15883;1.30764;1","14.7855;14.7954;15.3155;15.3933;15.6864;15.97;16.2319;16.4472;16.7631;16.8829;16.8214;16.6004;16.2026;15.7166;15.5518;15.0631;15",1.93722
"0.533333;0.466667;0"
22.7834,77.8835,3.32299,"20.9651;19.7885;18.0856;17.0169;15.3721;13.8678;12.6599;12.0867;11.0034;10.6848;9.17455;7.91746;6.48945;5.44843;4.71701;3.21012;2.22706;2.04103;1","14.7954;14.1374;13.2623;12.6655;11.8235;11.054;10.4445;10.1286;9.95648;9.97778;10.3199;10.9147;11.5056;11.9585;12.2548;12.7765;13.0372;13.3417;15",1.48492
"0.566667;0;0.433333"
22.835,6.26062,3.27627,"20.9651;20.3239;18.9262;17.5926;17.0172;15.606;13.9942;13.2218;11.4754;10.6188;9.17455;7.91746;6.88085;5.3547;4.02617;2.28011;1.15955;1","14.7954;14.4254;13.568;12.8396;12.5012;11.7569;10.856;10.4171;9.97214;9.7924;10.3199;10.9147;11.3883;12.1221;12.5667;13.136;14.7785;15",1.35201
"0.566667;0.0333333;0.4"
22.8876,5.37544,3.27684,"20.9651;19.3596;18.9262;17.5926;16.1632;15.0522;13.8138;12.1054;10.4738;8.75139;7.51839;6.90316;5.3547;4.02617;2.28011;1.15955;1","14.7954;13.8124;13.568;12.8396;12.0972;11.5068;10.9474;10.0197;9.72282;10.6483;11.2236;11.4969;12.1221;12.5667;13.136;14.7785;15",1.23955
"0.566667;0.0666667;0.366667"
22.809,3.10072,3.10206,"20.8059;19.7885;18.1731;17.0172;16.1632;15.0522;13.8138;12.1054;11.5706;10.4738;9.32847;7.79532;5.98492;4.51551;3.74122;2.28011;1.15955;1","14.8465;14.1374;13.1137;12.5012;12.0972;11.5068;10.9474;10.0197;9.75684;9.72282;10.1509;10.6668;11.4356;12.02;12.3707;13.136;14.7785;15",1.07527
"0.566667;0.1;0.333333"
22.8866,1.98519,3.28489,"20.9651;20.3239;18.9262;17.5926;15.8589;15.0522;13.4762;11.8209;10.1994;8.46027;6.99623;5.46939;4.71701;2.89002;1.92619;1","14.7954;14.4254;13.568;12.8396;11.9552;11.5068;10.5425;9.69037;9.74936;10.5472;11.1865;11.8962;12.2548;12.9236;14.0993;15",1.01659
"0.566667;0.133333;0.3"
22.8142,1.63424,3.2372,"20.8059;20.2472;18.8058;17.5926;17.0172;15.606;13.9942;13.2218;11.6565;10.3769;8.72082;7.79532;6.55647;5.87005;4.31076;2.89002;1.92619;1","14.8465;14.5593;13.6388;12.8396;12.5012;11.7569;10.856;10.4171;9.61096;9.65694;10.2989;10.6668;11.2222;11.5473;12.2817;12.9236;14.0993;15",0.896255
"0.566667;0.166667;0.266667"
22.9453,1.38536,3.28548,"20.9651;20.3239;18.9262;17.5926;15.8589;14.6061;13.6688;12.7815;11.7542;10.6064;9.07882;7.79532;6.55647;5.87005;4.31076;2.89002;1.92619;1","14.7954;14.4254;13.568;12.8396;11.9552;11.1322;10.6018;10.0574;9.61578;9.61951;10.099;10.6668;11.2222;11.5473;12.2817;12.9236;14.0993;15",0.790822
"0.566667;0.2;0.233333"
23.0809,1.29902,3.3406,"21.1137;20.3239;18.9262;17.2418;15.8793;14.3183;13.6688;12.6562;11.7542;11.0504;10.6064;9.21126;7.79532;6.55647;5.87005;4.31076;2.89002;1.92619;1","14.7855;14.4254;13.568;12.5923;11.794;10.9428;10.6018;9.98708;9.61578;9.54962;9.61951;10.0244;10.6668;11.2222;11.5473;12.2817;12.9236;14.0993;15",0.692392
"0.566667;0.233333;0.2"
20.3045,1.69375,10.1523,"21.1137;20.4276;18.6741;18.0514;16.1875;14.3504;12.3725;10.6638;8.75745;7.24502;5.53346;4.20341;2.49433;1","14.7855;14.9464;15.2867;15.4078;15.7535;15.9486;16.2166;16.113;15.911;15.7646;15.5456;15.3994;15.1797;15",2.18889
"0.566667;0.266667;0.166667"
20.3111,1.4687,10.1555,"21.1137;20.1435;19.0101;17.2317;15.3013;14.3504;12.3725;10.4983;9.6384;8.18253;7.24502;5.53346;4.20341;2.49433;1","14.7855;14.937;15.1632;15.4906;15.7687;15.9486;16.2166;16.2144;16.0919;15.8627;15.7646;15.5456;15.3994;15.1797;15",2.18519
"0.566667;0.3;0.133333"
20.3394,0.998738,10.1697,"21.1137;19.3284;18.232;17.1087;15.2582;13.7124;12.0065;10.396;9.74412;8.35446;6.97536;5.03554;3.56608;1.99984;1","14.7855;15.009;15.1545;15.3119;15.5594;15.8954;16.2511;16.3522;16.2975;16.1133;15.8718;15.5842;15.3715;15.1391;15",2.16915
"0.566667;0.333333;0.1"
20.3747,0.697586,10.1874,"21.1137;19.2688;18.0514;16.1875;14.5709;13.1033;11.1893;9.78028;8.69958;7.1914;6.6913;5.03554;3.56608;1.99984;1","14.7855;15.1852;15.4078;15.7535;16.0378;16.1941;16.3379;16.4599;16.2517;15.9933;15.8903;15.5842;15.3715;15.1391;15",2.14912
"0.566667;0.366667;0.0666667"
20.4835,0.343368,10.2417,"21.1137;20.4276;18.649;17.0656;16.114;14.1869;12.8992;10.9375;9.65599;7.75825;6.22937;4.79396;3.72216;1.78349;1","14.7855;14.9464;15.3933;15.6534;15.8179;16.1244;16.4472;16.7631;16.7123;16.2926;16.0654;15.7651;15.5415;15.1666;15",2.08748
"0.566667;0.4;0.0333333"
20.5203,0.317058,10.2602,"21.1137;20.4276;18.6741;17.6992;16.114;14.1869;12.8992;10.9375;9.37099;7.44152;5.59373;3.80737;3.15883;1.30764;1","14.7855;14.9464;15.2867;15.4979;15.8179;16.1244;16.4472;16.7631;16.8214;16.6004;16.2026;15.7166;15.5518;15.0631;15",2.0666
"0.566667;0.433333;0"
22.7227,77.8837,3.40259,"20.9651;19.7885;18.0856;17.0169;15.3721;13.8678;12.6599;12.0867;11.0034;10.6848;9.17455;7.91746;6.48945;5.3547;4.02617;2.28011;1.15955;1","14.7954;14.1374;13.2623;12.6655;11.8235;11.054;10.4445;10.1286;9.95648;9.97778;10.3199;10.9147;11.5056;12.1221;12.5667;13.136;14.7785;15",1.40254
"0.6;0;0.4"
22.5608,6.02478,3.54513,"20.8529;19.7885;18.8058;17.6408;15.9372;14.3035;13.8138;12.1054;11.662;10.6188;9.17455;7.51839;6.90316;5.3547;3.77729;3.38195;2.11607;1","14.8394;14.1374;13.6388;13.0401;12.0807;11.1938;10.9474;10.0197;9.9431;9.7924;10.3199;11.2236;11.4969;12.1221;12.7713;12.939;13.8581;15",1.33981
"0.6;0.0333333;0.366667"
22.7351,4.5455,3.37841,"20.8059;19.7885;18.8058;17.6408;15.9372;15.2784;13.7404;12.7632;11.5706;9.89137;8.75139;7.51839;6.90316;5.3547;3.77729;3.38195;2.88193;1.61076;1","14.8465;14.1374;13.6388;13.0401;12.0807;11.8046;10.9218;10.3668;9.75684;9.88522;10.6483;11.2236;11.4969;12.1221;12.7713;12.939;12.967;14.5044;15",1.16739
"0.6;0.0666667;0.333333"
22.7317,2.48129,3.18765,"20.8059;19.7885;18.1731;17.2418;15.8793;14.3183;12.7815;11.5706;9.89137;8.46027;6.99623;5.46939;4.71701;2.89002;1.92619;1","14.8465;14.1374;13.1137;12.5923;11.794;10.9428;10.0574;9.75684;9.88522;10.5472;11.1865;11.8962;12.2548;12.9236;14.0993;15",0.993421
"0.6;0.1;0.3"
22.7757,2.02107,3.23682,"20.8059;20.2472;18.8058;17.5926;17.0172;15.606;13.9942;13.2218;11.8209;10.1994;8.46027;6.99623;5.46939;4.71701;2.89002;1.92619;1","14.8465;14.5593;13.6388;12.8396;12.5012;11.7569;10.856;10.4171;9.69037;9.74936;10.5472;11.1865;11.8962;12.2548;12.9236;14.0993;15",0.896152
"0.6;0.133333;0.266667"
22.9104,1.87719,3.22218,"20.9651;19.3596;17.6732;17.0172;15.606;13.9942;13.2218;11.8209;10.3769;9.89137;8.46027;6.99623;5.46939;4.71701;2.89002;1.92619;1","14.7954;13.8124;12.7869;12.5012;11.7569;10.856;10.4171;9.69037;9.65694;9.88522;10.5472;11.1865;11.8962;12.2548;12.9236;14.0993;15",0.776052
"0.6;0.166667;0.233333"
20.2761,3.17198,10.1381,"21.1137;20.9651;19.3284;18.232;17.1087;15.2582;13.5249;12.5128;11.3491;9.6384;8.18253;7.24502;5.53346;4.20341;2.49433;1","14.7855;14.7954;15.009;15.1545;15.3119;15.5594;15.7902;15.9426;16.1256;16.0919;15.8627;15.7646;15.5456;15.3994;15.1797;15",2.33469
"0.6;0.2;0.2"
20.2949,1.93977,10.1474,"21.1137;20.9651;18.9886;18.155;16.2194;15.107;13.1663;11.3491;9.49476;8.5789;7.06301;5.33622;3.56608;1.99984;1","14.7855;14.7954;14.955;15.0666;15.3826;15.5153;15.9616;16.1256;16.1265;16.0417;15.8349;15.6221;15.3715;15.1391;15",2.32345
"0.6;0.233333;0.166667"
20.3135,1.47561,10.1568,"21.1137;20.9651;19.3284;18.232;17.1087;15.2582;13.5249;11.6304;9.74412;8.35446;6.97536;5.03554;3.56608;1.99984;1","14.7855;14.7954;15.009;15.1545;15.3119;15.5594;15.7902;16.1202;16.2975;16.1133;15.8718;15.5842;15.3715;15.1391;15",2.31226
"0.6;0.266667;0.133333"
20.3656,1.17665,10.1828,"21.1137;20.9651;19.3284;18.232;17.1087;15.3881;13.5249;11.6304;9.78603;8.53553;6.6913;5.03554;3.56608;1.99984;1","14.7855;14.7954;15.009;15.1545;15.3119;15.73;15.7902;16.1202;16.4145;16.2087;15.8903;15.5842;15.3715;15.1391;15",2.281
"0.6;0.3;0.1"
20.3669,0.671213,10.1835,"21.1137;20.1435;19.0101;17.2317;15.3013;14.3504;13.1033;11.5312;9.78603;8.53553;6.6913;5.03554;3.56608;1.99984;1","14.7855;14.937;15.1632;15.4906;15.7687;15.9486;16.1941;16.4062;16.4145;16.2087;15.8903;15.5842;15.3715;15.1391;15",2.28022
"0.6;0.333333;0.0666667"
20.4659,0.366632,10.233,"21.1137;20.4276;18.6741;17.6992;16.114;14.1869;12.8992;10.9375;9.32816;7.45062;7.13524;5.28292;3.72216;1.78349;1","14.7855;14.9464;15.2867;15.4979;15.8179;16.1244;16.4472;16.7631;16.5184;16.1879;16.1156;15.7918;15.5415;15.1666;15",2.2208
"0.6;0.366667;0.0333333"
20.4947,0.381092,10.2473,"21.1137;20.9651;19.3284;18.232;16.3866;14.5305;12.899;11.728;10.5439;9.81597;7.90546;6.04508;4.37194;3.15883;1.30764;1","14.7855;14.7954;15.009;15.1545;15.4711;15.9418;16.3382;16.5345;16.7363;16.7682;16.5857;16.1915;15.8167;15.5518;15.0631;15",2.20357
"0.6;0.4;0"
22.57,77.8702,3.572,"20.9651;19.7885;18.0856;17.0169;15.3721;13.8678;12.6599;12.0867;11.0034;10.6848;9.17455;7.51839;6.90316;5.3547;4.02617;2.46961;1.36259;1","14.7954;14.1374;13.2623;12.6655;11.8235;11.054;10.4445;10.1286;9.95648;9.97778;10.3199;11.2236;11.4969;12.1221;12.5667;13.3821;14.6034;15",1.34778
"0.633333;0;0.366667"
22.8504,5.99372,3.29292,"21.1137;20.5089;19.1622;18.1731;17.0172;16.404;15.0522;13.4035;11.662;10.6188;9.17455;7.91746;6.48945;4.71701;2.89002;1.92619;1","14.7855;14.3669;13.6255;13.1137;12.5012;12.1701;11.5068;10.5963;9.9431;9.7924;10.3199;10.9147;11.5056;12.2548;12.9236;14.0993;15",1.13809
"0.633333;0.0333333;0.333333"
22.6872,3.6781,3.36101,"20.8059;19.7885;18.8058;17.6408;15.9372;14.3035;12.7632;11.5706;9.89137;8.46027;6.99623;5.46939;4.71701;2.89002;1.92619;1","14.8465;14.1374;13.6388;13.0401;12.0807;11.1938;10.3668;9.75684;9.88522;10.5472;11.1865;11.8962;12.2548;12.9236;14.0993;15",1.04543
"0.633333;0.0666667;0.3"
23.0104,2.54127,3.3284,"21.0564;19.7885;18.1731;17.2418;15.8793;15.056;13.8188;13.2104;11.5706;9.89137;8.46027;6.99623;5.46939;4.71701;2.89002;1.92619;1","14.9787;14.1374;13.1137;12.5923;11.794;11.3073;10.5377;10.2691;9.75684;9.88522;10.5472;11.1865;11.8962;12.2548;12.9236;14.0993;15",0.895619
"0.633333;0.1;0.266667"
22.9877,2.31776,3.29466,"21.1137;20.3239;18.9262;18.1731;17.0172;15.606;13.9942;13.2218;11.5706;10.3769;9.89137;8.46027;6.99623;6.22938;4.71701;2.89002;1.92619;1","14.7855;14.4254;13.568;13.1137;12.5012;11.7569;10.856;10.4171;9.75684;9.65694;9.88522;10.5472;11.1865;11.5461;12.2548;12.9236;14.0993;15",0.797073
"0.633333;0.133333;0.233333"
20.269,3.43672,10.1345,"21.1137;20.9651;19.3284;18.232;17.1087;15.2582;13.5249;12.4318;10.6638;8.75745;7.24502;5.53346;4.20341;2.49433;1","14.7855;14.7954;15.009;15.1545;15.3119;15.5594;15.7902;16.0051;16.113;15.911;15.7646;15.5456;15.3994;15.1797;15",2.4689
"0.633333;0.166667;0.2"
20.2814,2.70868,10.1407,"21.1137;20.9651;19.3284;18.232;17.1087;15.2582;13.5249;12.5128;11.3491;9.49476;8.5789;7.06301;5.33622;3.56608;1.99984;1","14.7855;14.7954;15.009;15.1545;15.3119;15.5594;15.7902;15.9426;16.1256;16.1265;16.0417;15.8349;15.6221;15.3715;15.1391;15",2.46106
"0.633333;0.2;0.166667"
20.3045,1.69375,10.1523,"21.1137;20.4276;18.6741;18.0514;16.1875;14.3504;12.3725;10.6638;8.75745;7.24502;5.53346;4.20341;2.49433;1","14.7855;14.9464;15.2867;15.4078;15.7535;15.9486;16.2166;16.113;15.911;15.7646;15.5456;15.3994;15.1797;15",2.44641
"0.633333;0.233333;0.133333"
20.3286,1.20239,10.1643,"21.1137;20.9651;19.0101;17.2317;15.3881;13.7124;12.9076;11.1893;9.88043;8.5789;7.06301;5.33622;3.56608;1.99984;1","14.7855;14.7954;15.1632;15.4906;15.73;15.8954;16.0421;16.3379;16.1897;16.0417;15.8349;15.6221;15.3715;15.1391;15",2.43114
"0.633333;0.266667;0.1"
20.3501,0.846167,10.175,"21.1137;20.1435;19.0101;17.2317;15.3013;14.3504;12.9834;11.1893;10.0884;8.35446;6.97536;5.03554;3.56608;1.99984;1","14.7855;14.937;15.1632;15.4906;15.7687;15.9486;16.0928;16.3379;16.4079;16.1133;15.8718;15.5842;15.3715;15.1391;15",2.41756
"0.633333;0.3;0.0666667"
20.45,0.410875,10.225,"21.1137;19.2688;18.0514;16.1875;14.5709;12.899;11.728;10.4274;9.32816;7.45062;7.13524;5.28292;3.72216;1.78349;1","14.7855;15.1852;15.4078;15.7535;16.0378;16.3382;16.5345;16.7311;16.5184;16.1879;16.1156;15.7918;15.5415;15.1666;15",2.35425
"0.633333;0.333333;0.0333333"
20.486,0.382887,10.243,"21.1137;20.8059;19.0101;17.2317;15.3013;13.4568;11.728;10.5439;9.81597;7.90546;6.04508;4.37194;3.15883;1.30764;1","14.7855;14.8465;15.1632;15.4906;15.7687;16.1708;16.5345;16.7363;16.7682;16.5857;16.1915;15.8167;15.5518;15.0631;15",2.33148
"0.633333;0.366667;0"
22.6137,77.9074,3.4096,"20.9651;19.7885;18.0856;17.0169;15.3721;13.8678;12.6599;12.0867;11.0034;10.6848;9.17455;8.6713;6.87618;6.48945;4.71701;2.89002;1.92619;1","14.7954;14.1374;13.2623;12.6655;11.8235;11.054;10.4445;10.1286;9.95648;9.97778;10.3199;10.5361;11.3347;11.5056;12.2548;12.9236;14.0993;15",1.17112
"0.666667;0;0.333333"
22.6102,5.87718,3.33885,"20.8059;20.2472;18.8058;18.0856;16.7803;15.0522;13.4762;11.662;10.7451;9.80123;8.46027;6.99623;5.46939;4.71701;2.89002;1.92619;1","14.8465;14.5593;13.6388;13.2623;12.436;11.5068;10.5425;9.9431;9.8565;10.0116;10.5472;11.1865;11.8962;12.2548;12.9236;14.0993;15",1.03878
"0.666667;0.0333333;0.3"
22.7953,3.80199,3.41501,"20.9651;19.7885;18.8058;17.6408;15.9372;14.3035;12.7632;12.1054;11.5706;9.89137;8.46027;6.99623;5.46939;4.71701;2.89002;1.92619;1","14.7954;14.1374;13.6388;13.0401;12.0807;11.1938;10.3668;10.0197;9.75684;9.88522;10.5472;11.1865;11.8962;12.2548;12.9236;14.0993;15",0.938337
"0.666667;0.0666667;0.266667"
22.8542,2.92053,3.774,"21.0194;19.3596;18.8058;17.3054;15.6152;14.3035;13.6688;12.1054;10.6064;9.17455;7.51839;6.00243;4.81094;3.22079;3.15057;1.67351;1","14.8133;13.8124;13.6388;13.0174;11.9901;11.1938;10.6018;10.0197;9.61951;10.3199;11.2236;11.8731;12.3779;13.0289;13.0912;14.4;15",0.912038
"0.666667;0.1;0.233333"
20.263,4.74052,10.1315,"21.1137;20.9651;19.3284;18.232;17.1087;15.2582;13.5249;12.5586;10.6638;8.75745;7.24502;5.53346;4.20341;2.49433;1","14.7855;14.7954;15.009;15.1545;15.3119;15.5594;15.7902;15.911;16.113;15.911;15.7646;15.5456;15.3994;15.1797;15",2.60282
"0.666667;0.133333;0.2"
20.2761,3.17198,10.1381,"21.1137;20.9651;19.3284;18.232;17.1087;15.2582;13.5249;12.5128;11.3491;9.6384;8.18253;7.24502;5.53346;4.20341;2.49433;1","14.7855;14.7954;15.009;15.1545;15.3119;15.5594;15.7902;15.9426;16.1256;16.0919;15.8627;15.7646;15.5456;15.3994;15.1797;15",2.5941
"0.666667;0.166667;0.166667"
20.2968,2.38156,10.1484,"21.1137;20.9651;19.343;17.9914;16.2194;15.107;13.83;12.4318;10.6583;9.6384;8.18253;7.24502;5.53346;4.20341;2.49433;1","14.7855;14.7954;14.9848;15.1609;15.3826;15.5153;15.7399;16.0051;16.2328;16.0919;15.8627;15.7646;15.5456;15.3994;15.1797;15",2.58034
"0.666667;0.2;0.133333"
20.3111,1.4687,10.1555,"21.1137;20.1435;19.0101;17.2317;15.3013;14.3504;12.3725;10.4983;9.6384;8.18253;7.24502;5.53346;4.20341;2.49433;1","14.7855;14.937;15.1632;15.4906;15.7687;15.9486;16.2166;16.2144;16.0919;15.8627;15.7646;15.5456;15.3994;15.1797;15",2.57081
"0.666667;0.233333;0.1"
20.3485,0.931196,10.1743,"21.1137;20.9651;19.3284;18.232;17.1087;15.433;13.7124;12.9076;11.1893;10.0884;8.35446;6.97536;5.03554;3.56608;1.99984;1","14.7855;14.7954;15.009;15.1545;15.3119;15.5726;15.8954;16.0421;16.3379;16.4079;16.1133;15.8718;15.5842;15.3715;15.1391;15",2.54582
"0.666667;0.266667;0.0666667"
20.4302,0.431701,10.2151,"21.1137;20.4276;18.6741;18.0514;16.1875;14.5709;12.899;11.728;10.2131;9.32816;7.45062;7.13524;5.28292;3.72216;1.78349;1","14.7855;14.9464;15.2867;15.4078;15.7535;16.0378;16.3382;16.5345;16.6553;16.5184;16.1879;16.1156;15.7918;15.5415;15.1666;15",2.49136
"0.666667;0.3;0.0333333"
20.4805,0.377987,10.2402,"21.1137;19.2688;18.0514;16.1875;14.5709;12.899;11.728;9.81597;7.90546;6.04508;4.37194;3.15883;1.30764;1","14.7855;15.1852;15.4078;15.7535;16.0378;16.3382;16.5345;16.7682;16.5857;16.1915;15.8167;15.5518;15.0631;15",2.45787
"0.666667;0.333333;0"
22.7408,77.9075,3.47316,"21.1137;19.7885;18.0856;17.0169;15.3721;13.8678;12.6599;12.0867;11.0034;10.6848;9.17455;8.6713;6.87618;6.48945;4.71701;2.89002;1.92619;1","14.7855;14.1374;13.2623;12.6655;11.8235;11.054;10.4445;10.1286;9.95648;9.97778;10.3199;10.5361;11.3347;11.5056;12.2548;12.9236;14.0993;15",1.07836
"0.7;0;0.3"
22.8561,5.87158,3.34551,"21.1137;19.6451;18.9262;17.5926;15.8589;15.0522;13.8138;12.1054;10.6188;8.96301;7.24422;5.44843;4.71701;2.89002;1.92619;1","14.7855;13.9332;13.568;12.8396;11.9552;11.5068;10.9474;10.0197;9.7924;10.3867;11.1429;11.9585;12.2548;12.9236;14.0993;15",0.924501
"0.7;0.0333333;0.266667"
22.8913,2.64951,3.4256,"21.1137;20.5089;19.1622;17.6732;17.0172;15.606;13.9942;13.2218;11.5706;10.6064;9.17455;7.51839;6.00243;4.81094;3.22079;3.15057;1.67351;1","14.7855;14.3669;13.6255;12.7869;12.5012;11.7569;10.856;10.4171;9.75684;9.61951;10.3199;11.2236;11.8731;12.3779;13.0289;13.0912;14.4;15",0.893158
"0.7;0.0666667;0.233333"
20.2505,5.85519,10.1252,"21.1137;20.9651;19.3284;18.232;17.1087;15.7941;13.8178;12.5586;11.1105;9.31065;8.54871;7.14503;5.53346;4.20341;2.49433;1","14.7855;14.7954;15.009;15.1545;15.3119;15.4736;15.7213;15.911;16.0436;15.9146;15.8487;15.671;15.5456;15.3994;15.1797;15",2.74176
"0.7;0.1;0.2"
20.269,3.43672,10.1345,"21.1137;20.9651;19.3284;18.232;17.1087;15.2582;13.5249;12.4318;10.6638;8.75745;7.24502;5.53346;4.20341;2.49433;1","14.7855;14.7954;15.009;15.1545;15.3119;15.5594;15.7902;16.0051;16.113;15.911;15.7646;15.5456;15.3994;15.1797;15",2.72879
"0.7;0.133333;0.166667"
20.291,2.65217,10.1455,"21.1137;20.9651;19.3284;18.232;17.1087;15.2582;13.5249;12.4318;10.4983;9.6384;8.18253;7.24502;5.53346;4.20341;2.49433;1","14.7855;14.7954;15.009;15.1545;15.3119;15.5594;15.7902;16.0051;16.2144;16.0919;15.8627;15.7646;15.5456;15.3994;15.1797;15",2.71339
"0.7;0.166667;0.133333"
20.3135,1.47561,10.1568,"21.1137;20.9651;19.3284;18.232;17.1087;15.2582;13.5249;11.6304;9.74412;8.35446;6.97536;5.03554;3.56608;1.99984;1","14.7855;14.7954;15.009;15.1545;15.3119;15.5594;15.7902;16.1202;16.2975;16.1133;15.8718;15.5842;15.3715;15.1391;15",2.69764
"0.7;0.2;0.1"
20.3565,0.922769,10.1783,"21.1137;20.9651;18.9886;17.1087;15.433;13.7124;13.1245;12.0065;10.0884;8.35446;6.97536;5.03554;3.56608;1.99984;1","14.7855;14.7954;14.955;15.3119;15.5726;15.8954;16.0099;16.2511;16.4079;16.1133;15.8718;15.5842;15.3715;15.1391;15",2.66754
"0.7;0.233333;0.0666667"
20.4193,0.464289,10.2096,"21.1137;20.4276;18.6741;17.6992;16.114;14.1869;12.5028;11.728;10.3786;8.48386;6.51414;4.91226;3.72216;1.78349;1","14.7855;14.9464;15.2867;15.4979;15.8179;16.1244;16.3659;16.5345;16.6028;16.256;15.9795;15.7317;15.5415;15.1666;15",2.6236
"0.7;0.266667;0.0333333"
20.447,0.450398,10.2235,"21.1137;20.1435;19.0101;17.2317;15.3013;13.4568;12.5028;10.5392;10.2131;8.27225;7.07825;5.31431;4.43319;3.72216;1.78349;1","14.7855;14.937;15.1632;15.4906;15.7687;16.1708;16.3659;16.6342;16.6553;16.5323;16.3343;15.9633;15.7436;15.5415;15.1666;15",2.60422
"0.7;0.3;0"
22.7482,77.4968,3.79008,"21.136;20.2472;18.7171;17.7145;16.7934;15.8471;14.4051;12.6599;12.0867;11.0034;10.6848;9.17455;7.51839;5.9007;4.84123;3.22079;3.15057;1.67351;1","14.9645;14.5593;13.7482;13.2186;12.7174;12.1775;11.4063;10.4445;10.1286;9.95648;9.97778;10.3199;11.2236;11.9253;12.4292;13.0289;13.0912;14.4;15",1.11558
"0.733333;0;0.266667"
20.2501,6.8042,10.125,"21.1137;20.9651;19.3284;18.232;17.1087;15.7941;13.8178;12.6975;11.1105;9.31065;8.54871;7.14503;5.53346;4.20341;2.49433;1","14.7855;14.7954;15.009;15.1545;15.3119;15.4736;15.7213;15.8226;16.0436;15.9146;15.8487;15.671;15.5456;15.3994;15.1797;15",2.8726
"0.733333;0.0333333;0.233333"
20.2501,6.8042,10.125,"21.1137;20.9651;19.3284;18.232;17.1087;15.7941;13.8178;12.6975;11.1105;9.31065;8.54871;7.14503;5.53346;4.20341;2.49433;1","14.7855;14.7954;15.009;15.1545;15.3119;15.4736;15.7213;15.8226;16.0436;15.9146;15.8487;15.671;15.5456;15.3994;15.1797;15",2.8726
"0.733333;0.0666667;0.2"
20.263,4.74052,10.1315,"21.1137;20.9651;19.3284;18.232;17.1087;15.2582;13.5249;12.5586;10.6638;8.75745;7.24502;5.53346;4.20341;2.49433;1","14.7855;14.7954;15.009;15.1545;15.3119;15.5594;15.7902;15.911;16.113;15.911;15.7646;15.5456;15.3994;15.1797;15",2.8631
"0.733333;0.1;0.166667"
20.2761,3.17198,10.1381,"21.1137;20.9651;19.3284;18.232;17.1087;15.2582;13.5249;12.5128;11.3491;9.6384;8.18253;7.24502;5.53346;4.20341;2.49433;1","14.7855;14.7954;15.009;15.1545;15.3119;15.5594;15.7902;15.9426;16.1256;16.0919;15.8627;15.7646;15.5456;15.3994;15.1797;15",2.85351
"0.733333;0.133333;0.133333"
20.3045,1.69375,10.1523,"21.1137;20.4276;18.6741;18.0514;16.1875;14.3504;12.3725;10.6638;8.75745;7.24502;5.53346;4.20341;2.49433;1","14.7855;14.9464;15.2867;15.4078;15.7535;15.9486;16.2166;16.113;15.911;15.7646;15.5456;15.3994;15.1797;15",2.83268
"0.733333;0.166667;0.1"
20.3697,1.04222,10.1848,"21.1137;20.9651;19.3284;17.6992;16.0533;14.375;12.5028;10.6583;9.49476;8.5789;7.06301;5.33622;3.56608;1.99984;1","14.7855;14.7954;15.009;15.4979;15.8717;16.2319;16.3659;16.2328;16.1265;16.0417;15.8349;15.6221;15.3715;15.1391;15",2.78492
"0.733333;0.2;0.0666667"
20.4105,0.554436,10.2053,"21.1137;19.2688;18.0514;16.1875;14.5305;13.1033;11.5312;10.3786;8.48386;6.51414;4.91226;3.72216;1.78349;1","14.7855;15.1852;15.4078;15.7535;15.9418;16.1941;16.4062;16.6028;16.256;15.9795;15.7317;15.5415;15.1666;15",2.75497
"0.733333;0.233333;0.0333333"
20.4451,0.477004,10.2226,"21.1137;20.1435;19.0101;17.2317;15.3881;14.3504;13.1033;12.1538;10.2131;8.27225;7.07825;5.31431;4.43319;3.72216;1.78349;1","14.7855;14.937;15.1632;15.4906;15.73;15.9486;16.1941;16.3876;16.6553;16.5323;16.3343;15.9633;15.7436;15.5415;15.1666;15",2.72958
"0.733333;0.266667;0"
22.6775,68.6397,3.64265,"21.1137;19.7885;18.0856;17.0169;15.3721;13.8678;12.6599;12.0867;11.0034;9.80123;8.75139;7.57334;5.99148;4.85337;3.22079;3.15057;1.67351;1","14.7855;14.1374;13.2623;12.6655;11.8235;11.054;10.4445;10.1286;9.95648;10.0116;10.6483;11.1498;11.8352;12.3173;13.0289;13.0912;14.4;15",1.14215
"0.766667;0;0.233333"
20.2501,6.8042,10.125,"21.1137;20.9651;19.3284;18.232;17.1087;15.7941;13.8178;12.6975;11.1105;9.31065;8.54871;7.14503;5.53346;4.20341;2.49433;1","14.7855;14.7954;15.009;15.1545;15.3119;15.4736;15.7213;15.8226;16.0436;15.9146;15.8487;15.671;15.5456;15.3994;15.1797;15",3.00318
"0.766667;0.0333333;0.2"
20.2501,6.8042,10.125,"21.1137;20.9651;19.3284;18.232;17.1087;15.7941;13.8178;12.6975;11.1105;9.31065;8.54871;7.14503;5.53346;4.20341;2.49433;1","14.7855;14.7954;15.009;15.1545;15.3119;15.4736;15.7213;15.8226;16.0436;15.9146;15.8487;15.671;15.5456;15.3994;15.1797;15",3.00318
"0.766667;0.0666667;0.166667"
20.269,3.43672,10.1345,"21.1137;20.9651;19.3284;18.232;17.1087;15.2582;13.5249;12.4318;10.6638;8.75745;7.24502;5.53346;4.20341;2.49433;1","14.7855;14.7954;15.009;15.1545;15.3119;15.5594;15.7902;16.0051;16.113;15.911;15.7646;15.5456;15.3994;15.1797;15",2.98867
"0.766667;0.1;0.133333"
20.2923,2.17723,10.1461,"21.1137;20.9651;19.3284;18.232;17.1087;15.2582;13.5022;11.6304;9.88043;8.5789;7.06301;5.33622;3.56608;1.99984;1","14.7855;14.7954;15.009;15.1545;15.3119;15.5594;15.7565;16.1202;16.1897;16.0417;15.8349;15.6221;15.3715;15.1391;15",2.97083
"0.766667;0.133333;0.1"
20.3111,1.4687,10.1555,"21.1137;20.1435;19.0101;17.2317;15.3013;14.3504;12.3725;10.4983;9.6384;8.18253;7.24502;5.53346;4.20341;2.49433;1","14.7855;14.937;15.1632;15.4906;15.7687;15.9486;16.2166;16.2144;16.0919;15.8627;15.7646;15.5456;15.3994;15.1797;15",2.95643
"0.766667;0.166667;0.0666667"
20.3825,0.614149,10.1913,"21.1137;19.2688;18.0514;16.1875;14.5709;13.1033;11.5312;10.2031;8.53553;6.6913;5.03554;3.56608;1.99984;1","14.7855;15.1852;15.4078;15.7535;16.0378;16.1941;16.4062;16.5029;16.2087;15.8903;15.5842;15.3715;15.1391;15",2.90166
"0.766667;0.2;0.0333333"
20.4342,0.494675,10.2171,"21.1137;20.4276;18.6741;18.0514;16.1875;14.8406;13.1033;12.1538;10.3786;8.73741;7.07825;5.31431;4.43319;3.72216;1.78349;1","14.7855;14.9464;15.2867;15.4078;15.7535;15.9234;16.1941;16.3876;16.6028;16.5461;16.3343;15.9633;15.7436;15.5415;15.1666;15",2.86201
"0.766667;0.233333;0"
20.2483,20.5236,10.1241,"21.1137;20.9651;19.3284;18.232;17.1087;15.7941;13.8178;13.5022;11.6903;11.442;9.94759;9.47185;8.54871;7.14503;5.53346;4.20341;2.49433;1","14.7855;14.7954;15.009;15.1545;15.3119;15.4736;15.7213;15.7565;15.9634;16.01;15.992;15.9414;15.8487;15.671;15.5456;15.3994;15.1797;15",3.13521
"0.8;0;0.2"
20.2501,6.8042,10.125,"21.1137;20.9651;19.3284;18.232;17.1087;15.7941;13.8178;12.6975;11.1105;9.31065;8.54871;7.14503;5.53346;4.20341;2.49433;1","14.7855;14.7954;15.009;15.1545;15.3119;15.4736;15.7213;15.8226;16.0436;15.9146;15.8487;15.671;15.5456;15.3994;15.1797;15",3.13375
"0.8;0.0333333;0.166667"
20.2505,5.85519,10.1252,"21.1137;20.9651;19.3284;18.232;17.1087;15.7941;13.8178;12.5586;11.1105;9.31065;8.54871;7.14503;5.53346;4.20341;2.49433;1","14.7855;14.7954;15.009;15.1545;15.3119;15.4736;15.7213;15.911;16.0436;15.9146;15.8487;15.671;15.5456;15.3994;15.1797;15",3.13344
"0.8;0.0666667;0.133333"
20.2761,3.17198,10.1381,"21.1137;20.9651;19.3284;18.232;17.1087;15.2582;13.5249;12.5128;11.3491;9.6384;8.18253;7.24502;5.53346;4.20341;2.49433;1","14.7855;14.7954;15.009;15.1545;15.3119;15.5594;15.7902;15.9426;16.1256;16.0919;15.8627;15.7646;15.5456;15.3994;15.1797;15",3.11292
"0.8;0.1;0.1"
20.3135,1.47561,10.1568,"21.1137;20.9651;19.3284;18.232;17.1087;15.2582;13.5249;11.6304;9.74412;8.35446;6.97536;5.03554;3.56608;1.99984;1","14.7855;14.7954;15.009;15.1545;15.3119;15.5594;15.7902;16.1202;16.2975;16.1133;15.8718;15.5842;15.3715;15.1391;15",3.08301
"0.8;0.133333;0.0666667"
20.3669,0.671213,10.1835,"21.1137;20.1435;19.0101;17.2317;15.3013;14.3504;13.1033;11.5312;9.78603;8.53553;6.6913;5.03554;3.56608;1.99984;1","14.7855;14.937;15.1632;15.4906;15.7687;15.9486;16.1941;16.4062;16.4145;16.2087;15.8903;15.5842;15.3715;15.1391;15",3.0403
"0.8;0.166667;0.0333333"
20.4162,0.532226,10.2081,"21.1137;19.2688;18.0514;16.1875;14.9482;13.1033;11.5312;10.3786;8.84803;7.13524;5.28292;3.72216;1.78349;1","14.7855;15.1852;15.4078;15.7535;15.959;16.1941;16.4062;16.6028;16.4823;16.1156;15.7918;15.5415;15.1666;15",3.00087
"0.8;0.2;0"
20.2483,20.5236,10.1241,"21.1137;20.9651;19.3284;18.232;17.1087;15.7941;13.8178;13.5022;11.6903;11.442;9.94759;9.47185;8.54871;7.14503;5.53346;4.20341;2.49433;1","14.7855;14.7954;15.009;15.1545;15.3119;15.4736;15.7213;15.7565;15.9634;16.01;15.992;15.9414;15.8487;15.671;15.5456;15.3994;15.1797;15",3.26585
"0.833333;0;0.166667"
20.2501,6.8042,10.125,"21.1137;20.9651;19.3284;18.232;17.1087;15.7941;13.8178;12.6975;11.1105;9.31065;8.54871;7.14503;5.53346;4.20341;2.49433;1","14.7855;14.7954;15.009;15.1545;15.3119;15.4736;15.7213;15.8226;16.0436;15.9146;15.8487;15.671;15.5456;15.3994;15.1797;15",3.26432
"0.833333;0.0333333;0.133333"
20.263,4.74052,10.1315,"21.1137;20.9651;19.3284;18.232;17.1087;15.2582;13.5249;12.5586;10.6638;8.75745;7.24502;5.53346;4.20341;2.49433;1","14.7855;14.7954;15.009;15.1545;15.3119;15.5594;15.7902;15.911;16.113;15.911;15.7646;15.5456;15.3994;15.1797;15",3.25352
"0.833333;0.0666667;0.1"
20.2968,2.38156,10.1484,"21.1137;20.9651;19.343;17.9914;16.2194;15.107;13.83;12.4318;10.6583;9.6384;8.18253;7.24502;5.53346;4.20341;2.49433;1","14.7855;14.7954;14.9848;15.1609;15.3826;15.5153;15.7399;16.0051;16.2328;16.0919;15.8627;15.7646;15.5456;15.3994;15.1797;15",3.22543
"0.833333;0.1;0.0666667"
20.3485,0.931196,10.1743,"21.1137;20.9651;19.3284;18.232;17.1087;15.433;13.7124;12.9076;11.1893;10.0884;8.35446;6.97536;5.03554;3.56608;1.99984;1","14.7855;14.7954;15.009;15.1545;15.3119;15.5726;15.8954;16.0421;16.3379;16.4079;16.1133;15.8718;15.5842;15.3715;15.1391;15",3.18227
"0.833333;0.133333;0.0333333"
20.4022,0.575629,10.2011,"21.1137;20.1435;19.0101;17.2317;15.3013;14.5305;13.1033;11.5312;10.1447;9.49608;7.75825;6.22937;4.79396;3.72216;1.78349;1","14.7855;14.937;15.1632;15.4906;15.7687;15.9418;16.1941;16.4062;16.5323;16.5487;16.2926;16.0654;15.7651;15.5415;15.1666;15",3.13753
"0.833333;0.166667;0"
20.2483,20.5236,10.1241,"21.1137;20.9651;19.3284;18.232;17.1087;15.7941;13.8178;13.5022;11.6903;11.442;9.94759;9.47185;8.54871;7.14503;5.53346;4.20341;2.49433;1","14.7855;14.7954;15.009;15.1545;15.3119;15.4736;15.7213;15.7565;15.9634;16.01;15.992;15.9414;15.8487;15.671;15.5456;15.3994;15.1797;15",3.39648
"0.866667;0;0.133333"
20.2501,6.8042,10.125,"21.1137;20.9651;19.3284;18.232;17.1087;15.7941;13.8178;12.6975;11.1105;9.31065;8.54871;7.14503;5.53346;4.20341;2.49433;1","14.7855;14.7954;15.009;15.1545;15.3119;15.4736;15.7213;15.8226;16.0436;15.9146;15.8487;15.671;15.5456;15.3994;15.1797;15",3.39489
"0.866667;0.0333333;0.1"
20.2761,3.17198,10.1381,"21.1137;20.9651;19.3284;18.232;17.1087;15.2582;13.5249;12.5128;11.3491;9.6384;8.18253;7.24502;5.53346;4.20341;2.49433;1","14.7855;14.7954;15.009;15.1545;15.3119;15.5594;15.7902;15.9426;16.1256;16.0919;15.8627;15.7646;15.5456;15.3994;15.1797;15",3.37233
"0.866667;0.0666667;0.0666667"
20.352,1.23015,10.176,"21.1137;20.9651;18.9886;18.155;16.2194;15.107;13.5022;11.6304;9.78603;8.53553;6.6913;5.03554;3.56608;1.99984;1","14.7855;14.7954;14.955;15.0666;15.3826;15.5153;15.7565;16.1202;16.4145;16.2087;15.8903;15.5842;15.3715;15.1391;15",3.30658
"0.866667;0.1;0.0333333"
20.3742,0.816904,10.1871,"21.1137;20.9651;19.3284;18.232;17.1087;15.433;13.7124;13.1245;11.1893;9.78028;7.82588;6.24393;4.79396;3.72216;1.78349;1","14.7855;14.7954;15.009;15.1545;15.3119;15.5726;15.8954;16.0099;16.3379;16.4599;16.3046;16.0693;15.7651;15.5415;15.1666;15",3.28732
"0.866667;0.133333;0"
20.2483,20.5236,10.1241,"21.1137;20.9651;19.3284;18.232;17.1087;15.7941;13.8178;13.5022;11.6903;11.442;9.94759;9.47185;8.54871;7.14503;5.53346;4.20341;2.49433;1","14.7855;14.7954;15.009;15.1545;15.3119;15.4736;15.7213;15.7565;15.9634;16.01;15.992;15.9414;15.8487;15.671;15.5456;15.3994;15.1797;15",3.52712
"0.9;0;0.1"
20.2505,5.85519,10.1252,"21.1137;20.9651;19.3284;18.232;17.1087;15.7941;13.8178;12.5586;11.1105;9.31065;8.54871;7.14503;5.53346;4.20341;2.49433;1","14.7855;14.7954;15.009;15.1545;15.3119;15.4736;15.7213;15.911;16.0436;15.9146;15.8487;15.671;15.5456;15.3994;15.1797;15",3.52512
"0.9;0.0333333;0.0666667"
20.3111,1.4687,10.1555,"21.1137;20.1435;19.0101;17.2317;15.3013;14.3504;12.3725;10.4983;9.6384;8.18253;7.24502;5.53346;4.20341;2.49433;1","14.7855;14.937;15.1632;15.4906;15.7687;15.9486;16.2166;16.2144;16.0919;15.8627;15.7646;15.5456;15.3994;15.1797;15",3.47059
"0.9;0.0666667;0.0333333"
20.3558,0.902302,10.1779,"21.1137;20.9651;19.3284;18.232;17.1087;15.433;13.7124;12.9076;11.1893;9.78603;8.48386;6.51414;4.91226;3.72216;1.78349;1","14.7855;14.7954;15.009;15.1545;15.3119;15.5726;15.8954;16.0421;16.3379;16.4145;16.256;15.9795;15.7317;15.5415;15.1666;15",3.43035
"0.9;0.1;0"
20.2483,20.5236,10.1241,"21.1137;20.9651;19.3284;18.232;17.1087;15.7941;13.8178;13.5022;11.6903;11.442;9.94759;9.47185;8.54871;7.14503;5.53346;4.20341;2.49433;1","14.7855;14.7954;15.009;15.1545;15.3119;15.4736;15.7213;15.7565;15.9634;16.01;15.992;15.9414;15.8487;15.671;15.5456;15.3994;15.1797;15",3.65775
"0.933333;0;0.0666667"
20.2761,3.17198,10.1381,"21.1137;20.9651;19.3284;18.232;17.1087;15.2582;13.5249;12.5128;11.3491;9.6384;8.18253;7.24502;5.53346;4.20341;2.49433;1","14.7855;14.7954;15.009;15.1545;15.3119;15.5594;15.7902;15.9426;16.1256;16.0919;15.8627;15.7646;15.5456;15.3994;15.1797;15",3.63174
"0.933333;0.0333333;0.0333333"
20.3328,1.42977,10.1664,"21.1137;20.9651;18.9886;17.1087;15.1493;15.107;13.1663;11.3491;9.74412;8.25555;6.6913;5.03554;3.56608;1.99984;1","14.7855;14.7954;14.955;15.3119;15.4971;15.5153;15.9616;16.1256;16.2975;16.1543;15.8903;15.5842;15.3715;15.1391;15",3.5788
"0.933333;0.0666667;0"
20.2483,20.5236,10.1241,"21.1137;20.9651;19.3284;18.232;17.1087;15.7941;13.8178;13.5022;11.6903;11.442;9.94759;9.47185;8.54871;7.14503;5.53346;4.20341;2.49433;1","14.7855;14.7954;15.009;15.1545;15.3119;15.4736;15.7213;15.7565;15.9634;16.01;15.992;15.9414;15.8487;15.671;15.5456;15.3994;15.1797;15",3.78838
"0.966667;0;0.0333333"
20.3064,1.72109,10.1532,"21.1137;20.9651;19.3284;18.232;17.1087;15.2582;14.3786;13.1663;11.3491;10.6583;8.70564;6.97536;5.03554;3.56608;1.99984;1","14.7855;14.7954;15.009;15.1545;15.3119;15.5594;15.6713;15.9616;16.1256;16.2328;16.1217;15.8718;15.5842;15.3715;15.1391;15",3.73222
"0.966667;0.0333333;0"
20.2483,20.5236,10.1241,"21.1137;20.9651;19.3284;18.232;17.1087;15.7941;13.8178;13.5022;11.6903;11.442;9.94759;9.47185;8.54871;7.14503;5.53346;4.20341;2.49433;1","14.7855;14.7954;15.009;15.1545;15.3119;15.4736;15.7213;15.7565;15.9634;16.01;15.992;15.9414;15.8487;15.671;15.5456;15.3994;15.1797;15",3.91902
"1;0;0"
