Children Map for Subproblem Tree 3
======================================
Parent ID (x, y) -> [List of Children IDs (x, y)]
    0 (1, 15) -> [ 1 (2.24678, 13.4362); 5 (-0.24308, 16.5668); 117 (2.45843, 14.6254); 136 (-0.131647, 15.6525); 208 (-0.1253, 16.4909); 248 (0.64031, 14.3582); 306 (0.913551, 15.6236); 398 (2.55492, 15.1696); 420 (1.72094, 15.6894); 443 (1.82826, 16.1201); 685 (1.20499, 16.2575); 750 (2.82007, 14.7555); 811 (1.36784, 14.4152); 822 (0.0320126, 16.4259); 836 (2.00428, 15.3154); 869 (2.17789, 14.5191); 892 (2.63014, 15.4559); 962 (0.126587, 13.9154); 997 (0.468169, 16.3761); 1011 (1.18836, 14.1439); 1185 (2.28415, 15.8518); 1340 (1.95655, 15.6121); 1369 (-0.518329, 13.9862); 1392 (1.30301, 13.186); 1406 (0.437515, 14.6561); 1730 (2.13435, 15.6955); 1792 (1.30324, 13.1286); 1839 (0.986486, 13.6718); 1853 (0.0522653, 16.4207); 2575 (1.88452, 13.9805); 2637 (-0.82091, 15.0875); 2721 (1.0593, 13.9874); 2793 (1.93014, 14.5785); 2838 (-0.0679817, 16.102); 3269 (-0.292548, 14.677); 3436 (1.65703, 14.2801); 3516 (1.18042, 15.469); 3742 (1.07386, 14.3561); 3777 (1.00529, 16.7986); 3816 (-0.321512, 13.8991); ]
    1 (2.24678, 13.4362) -> [ 2078 (3.91911, 12.3577); ]
    2 (4.21863, 13.1018) -> [ ]
    3 (5.48569, 14.6492) -> [ ]
    4 (0.906567, 11.9516) -> [ ]
    5 (-0.24308, 16.5668) -> [ 8 (-2.15357, 17.1584); 105 (-1.16892, 17.8679); 2515 (-1.94258, 17.2396); ]
    6 (-0.00821099, 10.1731) -> [ ]
    7 (7.30044, 13.8086) -> [ ]
    8 (-2.15357, 17.1584) -> [ 2607 (-2.95036, 18.9813); ]
    9 (0.442017, 8.22444) -> [ 10 (0.233396, 6.23535); 393 (1.47057, 6.53833); 837 (2.24323, 7.37521); 3006 (-0.866553, 6.76426); ]
    10 (0.233396, 6.23535) -> [ 30 (1.17011, 4.78585); 260 (1.03053, 4.78785); 2510 (-0.236158, 4.52578); 2512 (1.39885, 5.35303); 3561 (1.60777, 5.97791); ]
    11 (-3.78103, 15.9959) -> [ ]
    12 (2.11412, 5.55501) -> [ 3301 (3.73381, 4.85397); ]
    13 (2.6005, 3.61505) -> [ 15 (4.37444, 2.69139); ]
    14 (1.96254, 9.8323) -> [ 2699 (3.66606, 8.80608); ]
    15 (4.37444, 2.69139) -> [ 1023 (5.89333, 1.89063); 3639 (4.29413, 0.826568); 3920 (5.50753, 1.26575); ]
    16 (-5.25916, 14.6486) -> [ ]
    17 (4.04838, 0.718147) -> [ 21 (5.79165, -0.262154); ]
    18 (2.5283, -0.581613) -> [ 3180 (4.22411, -1.58016); ]
    19 (3.96718, 6.30745) -> [ ]
    20 (-1.21415, 4.85528) -> [ 86 (-2.14471, 3.08495); 1822 (-0.952708, 3.05634); 2010 (-2.59939, 4.09591); 2936 (-1.31986, 2.90739); 3544 (-0.97578, 2.9969); ]
    21 (5.79165, -0.262154) -> [ 22 (6.92728, -1.90847); 2428 (7.67037, 0.00102084); 2731 (7.6006, -0.546777); 2966 (7.66414, -0.359054); ]
    22 (6.92728, -1.90847) -> [ 24 (8.89404, -1.54538); 1278 (8.52172, -2.62204); ]
    23 (8.7575, 15.1786) -> [ ]
    24 (8.89404, -1.54538) -> [ 26 (10.8887, -1.39889); 520 (10.6656, -1.5956); 1477 (10.7612, -1.26849); 1851 (10.7091, -2.21491); ]
    25 (-5.2692, 17.3321) -> [ 2556 (-6.15505, 17.3074); ]
    26 (10.8887, -1.39889) -> [ 31 (12.8459, -1.8104); 165 (12.3126, -0.874086); 178 (12.2092, -0.438501); 1524 (12.4586, -0.319167); ]
    27 (0.989657, -1.85933) -> [ 37 (2.15542, -3.39489); ]
    28 (-4.60594, 17.7978) -> [ 2257 (-5.7557, 17.7568); ]
    29 (4.91697, 11.2277) -> [ ]
    30 (1.17011, 4.78585) -> [ 1859 (1.48766, 3.29379); ]
    31 (12.8459, -1.8104) -> [ 39 (14.8444, -1.73403); 574 (14.6327, -1.66088); 697 (14.6249, -1.97327); 1291 (14.4365, -2.96314); 2073 (13.3754, -0.0497696); 2431 (13.0778, -0.127205); 3706 (13.9761, -0.337781); 3765 (13.8118, -3.33021); ]
    32 (-0.135567, -3.51277) -> [ 702 (1.00614, -4.36988); 1758 (0.504019, -4.90817); 3839 (1.14919, -4.64985); ]
    33 (-2.56716, 6.32816) -> [ ]
    34 (-2.12861, -3.67939) -> [ 3785 (-0.41072, -4.63342); ]
    35 (-2.66594, -2.06685) -> [ 38 (-4.51068, -2.83947); ]
    36 (12.6207, -3.79768) -> [ 48 (14.1087, -5.13399); ]
    37 (2.15542, -3.39489) -> [ ]
    38 (-4.51068, -2.83947) -> [ 1275 (-4.63151, -4.5345); 1382 (-4.42346, -4.69734); ]
    39 (14.8444, -1.73403) -> [ 64 (16.6492, -0.872224); 891 (16.5425, -0.740721); 1709 (15.6934, -0.276295); 1899 (15.3994, -3.63008); 2106 (16.7133, -2.11949); 2765 (16.8249, -1.5804); ]
    40 (5.93919, 6.64092) -> [ ]
    41 (3.80187, -4.53032) -> [ ]
    42 (-5.96881, -4.20836) -> [ 2924 (-5.01747, -5.67474); ]
    43 (-1.93066, 19.1459) -> [ ]
    46 (-0.621862, 20.6582) -> [ ]
    47 (-7.04226, -5.89587) -> [ ]
    48 (14.1087, -5.13399) -> [ 62 (16.1057, -5.02387); 1531 (15.7995, -4.42989); ]
    49 (8.41983, -3.28359) -> [ ]
    50 (-1.96515, 22.14) -> [ ]
    51 (-3.55677, 7.96132) -> [ 3475 (-2.39962, 6.40187); ]
    52 (-3.65138, 9.17014) -> [ ]
    54 (-6.59286, 15.9273) -> [ 3551 (-7.80713, 17.2956); 3684 (-7.68574, 17.153); ]
    55 (-1.92216, -4.6155) -> [ ]
    56 (8.06971, -5.2527) -> [ ]
    57 (1.05528, 21.7478) -> [ ]
    58 (1.49866, 2.55872) -> [ ]
    59 (-8.05498, 17.2919) -> [ ]
    60 (5.66834, 16.6409) -> [ 1693 (6.81997, 18.1605); 1928 (7.49233, 16.9568); 2242 (7.35167, 16.8155); ]
    61 (-4.56747, -5.23338) -> [ ]
    62 (16.1057, -5.02387) -> [ 2237 (16.8932, -6.85339); ]
    63 (-7.82942, -7.73445) -> [ ]
    64 (16.6492, -0.872224) -> [ 334 (18.5238, -1.56919); 1147 (18.2729, -0.118244); 1858 (17.1467, 0.624107); 2110 (17.3329, -2.731); 2568 (16.0065, 0.866547); ]
    65 (4.85733, 1.47846) -> [ ]
    66 (-3.54637, 15.3356) -> [ ]
    68 (10.3336, 16.4098) -> [ ]
    69 (8.76983, -7.12616) -> [ 3743 (9.37217, -8.94955); 3960 (10.2577, -8.42259); ]
    70 (2.95064, 22.3862) -> [ ]
    71 (-9.4002, 18.7719) -> [ ]
    72 (0.571249, 6.06239) -> [ 3230 (0.837988, 4.26495); ]
    73 (-1.67728, 23.8873) -> [ ]
    74 (9.08809, -3.73996) -> [ ]
    76 (12.3103, 16.1053) -> [ ]
    77 (-3.71716, -3.13027) -> [ ]
    78 (-5.52559, 7.60957) -> [ ]
    79 (-8.34405, 20.4703) -> [ ]
    80 (-5.82705, 5.63242) -> [ ]
    82 (-10.5266, 20.4245) -> [ ]
    83 (2.741, 6.95854) -> [ 3143 (4.45959, 5.97959); ]
    86 (-2.14471, 3.08495) -> [ 1083 (-1.77956, 1.29627); 1538 (-0.424412, 2.4047); 1793 (-0.553021, 2.3025); 3088 (-1.13386, 2.3399); 3227 (-3.74635, 2.08714); 3284 (-2.0437, 1.3141); 3895 (-1.1203, 2.40118); ]
    87 (4.96238, 3.81033) -> [ ]
    88 (-6.30871, -9.03346) -> [ ]
    89 (16.8497, -6.88036) -> [ ]
    90 (4.84731, 7.73941) -> [ ]
    91 (-10.4625, 17.0773) -> [ ]
    92 (-4.32028, -8.81867) -> [ ]
    93 (10.6574, 18.3834) -> [ 1357 (11.9619, 17.4984); 3452 (12.4708, 18.3493); 3460 (12.2592, 18.2515); ]
    94 (17.5441, 0.916424) -> [ 1322 (18.8811, 1.99675); 2516 (18.2285, 2.67707); 3931 (18.9057, 2.35556); ]
    95 (13.9377, 17.268) -> [ ]
    96 (6.59215, 6.19265) -> [ ]
    97 (15.8746, 17.7662) -> [ ]
    98 (5.17145, -5.07005) -> [ ]
    99 (-8.73284, -4.82725) -> [ 3911 (-7.64166, -6.20022); ]
    100 (17.4467, 19.0025) -> [ ]
    101 (6.14602, 8.54567) -> [ 3413 (7.8137, 8.98718); ]
    102 (0.389642, -0.254585) -> [ 2979 (1.2533, -1.80088); ]
    103 (16.7041, 15.9463) -> [ ]
    104 (18.3394, -5.54591) -> [ 3591 (20.0485, -4.59768); ]
    105 (-1.16892, 17.8679) -> [ 1276 (-2.36694, 19.3371); 1534 (-2.84299, 18.7653); 3355 (-1.34697, 19.1509); ]
    106 (-4.63936, -0.843614) -> [ ]
    107 (16.2922, 2.4762) -> [ ]
    108 (15.7375, 4.39774) -> [ 1678 (15.7798, 6.37571); ]
    109 (8.36705, 16.7346) -> [ ]
    110 (-3.36011, 4.73274) -> [ 2602 (-3.73072, 2.84575); 3533 (-3.47909, 2.76788); ]
    111 (18.0393, -4.6366) -> [ ]
    112 (19.3233, 1.82985) -> [ 173 (21.3198, 1.71247); 905 (20.494, 2.98231); 1311 (20.5195, 3.06196); 1770 (20.4228, 3.18345); 2899 (18.4958, 3.34551); 3175 (19.0041, 3.67928); ]
    113 (8.06446, 4.83903) -> [ ]
    114 (-0.947037, 4.97288) -> [ 1012 (-0.553881, 3.06227); 1101 (-0.719309, 3.23174); ]
    115 (-0.296523, -4.70151) -> [ 677 (0.397706, -6.56849); ]
    116 (10.0211, 5.25302) -> [ 124 (10.4283, 7.20293); 1885 (11.0254, 6.55334); 2365 (11.698, 4.45457); 2748 (12.0196, 5.22128); 3380 (11.2582, 6.73024); ]
    117 (2.45843, 14.6254) -> [ 3122 (4.03609, 13.633); ]
    118 (9.55429, -4.45122) -> [ ]
    119 (7.12004, -6.67498) -> [ ]
    120 (-11.0315, 15.16) -> [ ]
    121 (3.65097, 2.72138) -> [ 3869 (5.4337, 1.95071); ]
    122 (-9.88748, 13.5195) -> [ ]
    123 (-2.56019, -0.0696489) -> [ ]
    124 (10.4283, 7.20293) -> [ ]
    125 (-2.26549, -1.19621) -> [ ]
    127 (8.36489, -6.69776) -> [ 2956 (9.8089, -8.04648); ]
    128 (19.92, -3.95608) -> [ 1261 (21.7357, -3.31226); 2196 (20.9815, -5.6289); 2406 (21.3657, -2.66715); 2922 (21.7198, -3.4099); 3856 (21.7142, -3.74241); ]
    129 (7.90997, -8.93188) -> [ ]
    130 (8.05874, -9.88979) -> [ 2692 (9.85838, -9.20145); ]
    131 (17.3621, -3.86092) -> [ ]
    132 (19.3901, 18.5299) -> [ ]
    133 (9.18551, 19.1455) -> [ ]
    134 (-10.2397, 11.5508) -> [ ]
    135 (21.0975, 19.5714) -> [ ]
    136 (-0.131647, 15.6525) -> [ 407 (-1.1096, 14.925); 1351 (-1.72883, 15.0911); 1476 (-1.05433, 15.1181); 2210 (-1.42736, 15.2702); 3172 (-0.266972, 16.7694); 3379 (-1.02193, 15.0717); ]
    137 (15.9494, 20.3285) -> [ ]
    138 (-4.71455, 19.2882) -> [ 373 (-5.44989, 21.1481); 1372 (-6.09871, 20.7145); 2387 (-6.31503, 20.0445); 3040 (-6.04522, 19.1752); ]
    139 (16.2419, 14.0005) -> [ ]
    140 (23.0974, 19.5581) -> [ 2027 (22.239, 20.9503); ]
    141 (14.2031, 4.62229) -> [ ]
    142 (19.5444, -7.1421) -> [ ]
    143 (-10.7726, 16.0396) -> [ ]
    144 (15.4263, 12.1743) -> [ ]
    145 (13.1341, 2.93197) -> [ 2541 (14.7577, 3.95028); ]
    146 (-8.34957, -5.50461) -> [ ]
    147 (19.0027, -9.06733) -> [ 3959 (20.5937, -8.09303); ]
    148 (11.2818, -4.27526) -> [ 1998 (13.0303, -3.31636); ]
    149 (15.3132, 10.1775) -> [ 2214 (14.7303, 12.0016); ]
    150 (16.2318, -8.78254) -> [ ]
    151 (-6.36215, 13.6921) -> [ ]
    152 (-9.06454, 22.336) -> [ ]
    153 (4.10721, 13.215) -> [ ]
    154 (10.597, -7.93945) -> [ ]
    155 (-4.62757, -10.7949) -> [ ]
    156 (11.609, 20.1425) -> [ ]
    157 (4.77093, 21.5577) -> [ 2962 (5.91341, 23.182); ]
    158 (-7.63778, 4.78314) -> [ 236 (-8.55699, 3.0069); ]
    159 (4.13132, 4.62081) -> [ 2462 (6.0063, 4.03691); ]
    160 (20.6981, 17.0169) -> [ ]
    161 (11.5467, -4.13569) -> [ ]
    162 (17.0212, -10.6202) -> [ 355 (17.9308, -12.3475); 2460 (17.8232, -8.79258); 3573 (18.806, -10.8371); ]
    163 (-10.4759, 21.1083) -> [ ]
    165 (12.3126, -0.874086) -> [ ]
    166 (5.83995, 13.0569) -> [ 2329 (7.67299, 12.9819); 3218 (7.56668, 12.8944); ]
    167 (-2.6123, 20.8432) -> [ 2775 (-2.56244, 22.7268); 3773 (-3.18858, 22.5074); ]
    168 (13.1458, 6.31998) -> [ 2619 (13.0722, 8.18362); ]
    169 (15.1979, -2.73018) -> [ ]
    170 (-9.33083, 11.1073) -> [ ]
    171 (20.8166, -9.90978) -> [ ]
    172 (0.85719, 2.12182) -> [ ]
    173 (21.3198, 1.71247) -> [ 277 (22.8389, 3.01345); ]
    175 (17.027, 9.14651) -> [ ]
    176 (5.70148, -8.08484) -> [ ]
    177 (2.04671, 10.9116) -> [ 1001 (3.18205, 9.5282); ]
    178 (12.2092, -0.438501) -> [ 3498 (13.4008, 1.00909); ]
    180 (19.027, 9.13277) -> [ 1884 (17.9155, 10.6701); ]
    181 (-10.0274, -6.27657) -> [ ]
    182 (-7.76888, -8.62285) -> [ 3443 (-6.94712, -10.3718); ]
    184 (20.9432, 8.55996) -> [ ]
    185 (18.0459, -10.742) -> [ 3434 (19.7504, -10.9449); ]
    186 (5.52309, 9.61976) -> [ 1972 (7.432, 10.1579); 2233 (7.26076, 10.2053); 2663 (7.23888, 8.7612); ]
    187 (-5.72853, 8.80008) -> [ 3466 (-5.42968, 7.14646); ]
    188 (9.6058, 18.0908) -> [ ]
    189 (19.0835, 9.92169) -> [ ]
    190 (-2.6588, -10.4428) -> [ 2613 (-1.32421, -11.9138); ]
    193 (5.53494, 15.0087) -> [ ]
    195 (7.75935, 4.05013) -> [ ]
    197 (-2.31658, 1.65982) -> [ 1238 (-1.95006, -0.211011); ]
    198 (-1.22665, -9.97132) -> [ ]
    199 (-10.5408, -4.52807) -> [ ]
    200 (8.64242, 4.07643) -> [ 2523 (10.6015, 3.81099); ]
    201 (22.1968, 7.88257) -> [ 1685 (20.8717, 8.86382); 1981 (21.7367, 9.56669); 2021 (22.0219, 9.82221); ]
    202 (4.39621, -3.45599) -> [ 2278 (5.68081, -4.46901); ]
    204 (3.81291, -8.74308) -> [ ]
    205 (7.22042, 6.32182) -> [ ]
    206 (19.0332, 11.9211) -> [ 2823 (18.243, 13.7335); ]
    207 (-6.01883, 6.64814) -> [ ]
    208 (-0.1253, 16.4909) -> [ 1460 (-0.401365, 18.2351); 3207 (-1.03402, 17.8201); ]
    209 (11.6705, 22.1416) -> [ 2892 (12.5892, 22.8385); ]
    210 (-1.44415, 9.34894) -> [ 3520 (-3.26184, 8.97498); 3673 (-1.42961, 7.46382); ]
    211 (-9.59232, 9.65996) -> [ 1092 (-9.92105, 7.72703); ]
    212 (-10.7143, 11.6174) -> [ 2130 (-12.0422, 12.995); 3079 (-11.9807, 13.021); 3147 (-12.27, 12.3868); ]
    213 (6.59718, 11.1536) -> [ ]
    214 (0.521518, -10.4231) -> [ ]
    215 (17.1815, -4.47977) -> [ ]
    216 (-9.09173, -4.7437) -> [ ]
    217 (0.427322, 9.95212) -> [ 1615 (-1.07336, 8.81517); 2547 (2.11771, 9.0252); 3224 (2.25947, 9.18295); 3342 (1.91948, 8.69243); ]
    218 (6.76842, -11.1587) -> [ ]
    219 (-10.7154, 8.00506) -> [ ]
    221 (11.5423, -8.28403) -> [ ]
    222 (9.47585, -0.977977) -> [ ]
    223 (1.84353, 21.5309) -> [ ]
    224 (-1.49609, 17.2915) -> [ 43 (-1.93066, 19.1459); 706 (-1.95992, 18.4086); 1336 (-1.9519, 18.6121); 1568 (-1.81279, 18.5436); 1802 (-1.74691, 18.8038); 2190 (-1.86598, 19.0082); 2927 (-2.07417, 18.6663); ]
    225 (17.2226, 19.9341) -> [ ]
    226 (20.1592, -5.66725) -> [ 3535 (21.8587, -4.97838); 3640 (22.0481, -5.1617); 3760 (22.0606, -6.12465); ]
    229 (4.91651, 3.73363) -> [ ]
    230 (8.13906, 5.38433) -> [ ]
    231 (8.54911, -11.2235) -> [ ]
    232 (-11.5958, -7.51748) -> [ ]
    233 (1.49827, 9.91397) -> [ ]
    234 (18.9707, -8.55775) -> [ ]
    235 (-9.5383, -3.61031) -> [ ]
    236 (-8.55699, 3.0069) -> [ 2466 (-8.60321, 1.18326); ]
    237 (19.9151, 3.07174) -> [ ]
    238 (17.5873, 3.95454) -> [ ]
    239 (-2.38286, 17.9466) -> [ ]
    240 (13.3979, -9.03021) -> [ ]
    242 (-4.14657, -4.75603) -> [ 3365 (-2.90594, -6.11034); ]
    246 (22.4353, 19.3187) -> [ ]
    247 (7.33586, 6.16797) -> [ 2783 (9.01589, 6.44992); ]
    248 (0.64031, 14.3582) -> [ ]
    250 (22.043, 18.6982) -> [ 2243 (20.1028, 18.8061); ]
    251 (-10.2196, 23.9687) -> [ 3793 (-11.5195, 24.9039); ]
    252 (23.2073, 6.82041) -> [ 3545 (22.0171, 8.10049); ]
    253 (23.6179, 21.4892) -> [ 2174 (23.1221, 23.4033); 3868 (24.9957, 22.9312); 3900 (24.4243, 23.1948); ]
    255 (16.349, 12.7804) -> [ ]
    256 (1.61582, 20.1522) -> [ ]
    257 (22.0868, -6.20043) -> [ ]
    258 (4.23586, -0.470675) -> [ ]
    259 (24.5957, 23.2339) -> [ 2543 (23.9231, 24.8621); 3093 (23.6214, 24.8216); ]
    260 (1.03053, 4.78785) -> [ 3948 (2.11065, 3.50471); ]
    261 (18.7995, 20.4523) -> [ ]
    262 (-9.11303, -3.96175) -> [ ]
    263 (17.3559, 9.00071) -> [ 1022 (15.7735, 9.89935); 3246 (16.6675, 10.8459); 3499 (17.4499, 10.9829); ]
    264 (15.0507, -5.19944) -> [ ]
    266 (22.9814, 23.08) -> [ ]
    267 (-3.98609, -7.51969) -> [ 1937 (-3.7762, -9.49367); ]
    269 (14.52, 2.95801) -> [ ]
    270 (8.57149, -7.63559) -> [ 1863 (9.99641, -8.96917); 2087 (10.5629, -7.4759); 2220 (10.1548, -6.62211); 3547 (9.9298, -9.09837); ]
    271 (-5.87221, 0.731209) -> [ 2034 (-7.00845, -0.643401); 3203 (-6.53414, -1.0313); ]
    272 (22.5184, 19.3358) -> [ 1873 (20.9487, 19.7904); ]
    273 (-6.13482, -7.28303) -> [ ]
    274 (-6.03029, -8.03367) -> [ ]
    275 (0.435861, 18.9454) -> [ ]
    277 (22.8389, 3.01345) -> [ 1652 (24.6796, 3.08811); ]
    278 (21.0254, 12.0983) -> [ 2251 (19.9331, 13.6583); 2399 (19.479, 13.2321); 3028 (19.9571, 13.2193); 3421 (20.9727, 13.764); 3698 (21.3819, 13.8864); ]
    279 (6.81513, -2.3512) -> [ ]
    280 (-4.95654, 12.2694) -> [ ]
    281 (-10.7018, 22.7979) -> [ ]
    282 (-10.9845, -4.11917) -> [ ]
    283 (14.8145, 20.9092) -> [ ]
    284 (-3.89662, 5.97533) -> [ ]
    285 (0.828897, 21.8901) -> [ ]
    286 (8.05567, -8.94242) -> [ ]
    287 (11.9319, -6.04852) -> [ 1498 (13.512, -5.83541); 3635 (13.5209, -6.08205); ]
    288 (-7.42157, -9.98859) -> [ ]
    289 (3.20823, 23.0556) -> [ ]
    290 (17.6026, 21.5998) -> [ ]
    291 (-1.75891, 1.06957) -> [ ]
    292 (19.559, 4.41389) -> [ 3492 (19.393, 6.30224); ]
    293 (9.86812, 23.0084) -> [ ]
    294 (9.24218, 4.43314) -> [ 3242 (10.7367, 3.84386); ]
    295 (-4.82874, -10.2507) -> [ ]
    296 (17.1605, -5.52664) -> [ ]
    297 (10.2647, 4.32267) -> [ 3391 (12.0961, 4.81254); 3837 (10.8535, 6.23105); ]
    298 (-9.98614, 13.478) -> [ ]
    299 (14.4288, -4.50776) -> [ ]
    300 (17.7841, 3.78478) -> [ ]
    301 (9.38189, -9.75335) -> [ ]
    302 (0.707504, -4.00929) -> [ ]
    303 (22.2702, -4.20885) -> [ ]
    304 (10.3416, -12.1106) -> [ ]
    305 (1.72584, 17.2481) -> [ 447 (2.80062, 17.9746); 947 (2.69959, 18.9315); 2361 (2.98876, 17.8792); 2435 (3.28151, 17.6568); ]
    307 (-0.418447, -12.1222) -> [ ]
    308 (23.4949, -3.38236) -> [ ]
    309 (18.9492, 1.5937) -> [ 3744 (19.4934, 3.28174); ]
    310 (-9.42574, 11.7879) -> [ ]
    311 (17.1227, 15.3622) -> [ 3330 (15.3134, 14.5798); ]
    312 (24.1387, 2.43306) -> [ ]
    313 (15.1643, 19.8912) -> [ ]
    314 (-10.4809, 3.55326) -> [ ]
    315 (8.07666, 5.71005) -> [ ]
    317 (19.4516, 7.95684) -> [ 862 (19.4299, 9.81572); ]
    318 (14.4303, 22.5097) -> [ ]
    319 (17.8128, 15.1269) -> [ ]
    320 (-5.66003, 4.05913) -> [ ]
    321 (5.54657, 20.0664) -> [ ]
    322 (6.91767, -6.73441) -> [ ]
    323 (14.2025, -10.6029) -> [ ]
    324 (-6.46682, 10.0014) -> [ ]
    325 (18.5714, -4.80225) -> [ ]
    326 (14.3939, 0.214579) -> [ ]
    327 (5.32083, -6.85449) -> [ 2937 (6.62619, -8.33947); ]
    330 (-9.11253, 14.2674) -> [ 3323 (-10.5662, 15.3807); ]
    334 (18.5238, -1.56919) -> [ 339 (20.5233, -1.52452); 1393 (19.9279, -0.693221); ]
    335 (6.84997, -0.949426) -> [ ]
    336 (18.823, 19.7267) -> [ ]
    338 (10.1464, 23.0683) -> [ ]
    339 (20.5233, -1.52452) -> [ 1527 (22.0927, -0.60163); ]
    340 (-9.9461, 14.3091) -> [ ]
    341 (-2.35854, 16.3091) -> [ 2682 (-3.30915, 17.0309); 3070 (-3.74218, 16.4491); 3266 (-2.98702, 17.1167); ]
    342 (2.38543, 1.69486) -> [ 17 (4.04838, 0.718147); 539 (3.7268, 0.37654); 664 (3.47734, 0.176393); 2178 (3.38808, -0.0289465); ]
    343 (13.292, 19.7488) -> [ ]
    345 (18.4463, 3.81743) -> [ 2491 (19.6111, 5.36182); 3611 (20.1815, 4.24063); ]
    346 (5.31416, -2.15597) -> [ 3163 (7.16946, -2.6442); ]
    347 (3.53528, -10.7237) -> [ ]
    348 (23.8164, 7.22316) -> [ ]
    349 (-11.2106, 16.3789) -> [ 3835 (-12.3535, 17.7513); ]
    350 (3.40867, 20.9397) -> [ ]
    351 (7.19052, -6.163) -> [ ]
    352 (6.60237, -7.54068) -> [ ]
    353 (-3.35424, 16.6872) -> [ ]
    355 (17.9308, -12.3475) -> [ 1980 (19.7993, -12.3299); ]
    356 (21.1863, 10.7385) -> [ ]
    358 (20.1816, -10.0141) -> [ 3341 (21.8122, -9.0957); ]
    359 (2.98202, -5.80128) -> [ 3631 (3.53565, -7.59692); ]
    360 (18.4431, 23.4146) -> [ ]
    361 (-10.9221, 8.83735) -> [ ]
    362 (5.05855, 5.82397) -> [ ]
    363 (4.08417, 7.66519) -> [ ]
    364 (24.2757, 8.98886) -> [ ]
    366 (9.43557, -5.17534) -> [ ]
    367 (23.011, 20.9872) -> [ 2921 (21.5253, 22.1555); ]
    369 (21.2865, 12.9939) -> [ ]
    370 (-7.13746, -3.02085) -> [ ]
    371 (-10.2195, -1.72989) -> [ ]
    372 (-5.52133, 8.45761) -> [ 1353 (-6.28191, 6.71356); 2350 (-5.85321, 6.98662); 2920 (-7.30922, 8.86987); ]
    373 (-5.44989, 21.1481) -> [ ]
    375 (7.93066, 18.7134) -> [ 1127 (9.54973, 17.9719); 1666 (9.55518, 18.6619); ]
    376 (4.58069, 19.3007) -> [ 3807 (6.56413, 19.4267); ]
    377 (-0.740514, 7.89151) -> [ ]
    380 (-7.48616, 22.5679) -> [ ]
    381 (17.8759, 4.23733) -> [ 3328 (18.08, 5.94769); ]
    382 (3.69017, -1.59406) -> [ 2352 (5.5333, -2.10407); ]
    383 (8.2508, 17.167) -> [ 985 (9.81026, 16.9015); ]
    384 (4.16129, -11.3996) -> [ ]
    386 (-9.59215, 0.16573) -> [ 3730 (-9.23825, -1.68014); ]
    387 (7.53871, 11.1305) -> [ ]
    388 (20.9702, -8.88642) -> [ ]
    389 (17.1615, 20.5739) -> [ ]
    390 (2.16711, 12.238) -> [ ]
    391 (-12.2143, -4.10342) -> [ ]
    392 (8.92038, 20.9297) -> [ 2669 (10.4763, 21.4417); ]
    393 (1.47057, 6.53833) -> [ 2086 (-0.140027, 5.65169); 2857 (3.2938, 6.28538); 3305 (3.05458, 5.46494); 3741 (1.5808, 4.62988); ]
    394 (20.5511, -0.0219451) -> [ ]
    395 (16.9154, -3.72574) -> [ ]
    396 (8.24718, 19.963) -> [ ]
    397 (0.508596, 2.52239) -> [ ]
    398 (2.55492, 15.1696) -> [ 1845 (3.55602, 16.2501); 3235 (2.93583, 16.3286); ]
    399 (15.6191, 16.8756) -> [ 2280 (13.8887, 15.9635); ]
    401 (17.8087, 14.135) -> [ 2698 (16.4011, 15.3567); ]
    402 (16.946, 19.9371) -> [ ]
    403 (23.1012, 13.8347) -> [ 1938 (22.5012, 15.3756); ]
    405 (19.0282, -1.69566) -> [ ]
    407 (-1.1096, 14.925) -> [ ]
    408 (-6.25773, 14.267) -> [ ]
    409 (6.74013, 2.3886) -> [ 2680 (8.36005, 1.36069); ]
    410 (-4.83898, 0.905589) -> [ ]
    411 (-5.25708, -2.38509) -> [ ]
    412 (6.74118, -9.92617) -> [ ]
    413 (16.6705, 24.0089) -> [ ]
    414 (17.5342, -8.21782) -> [ ]
    415 (18.2048, 0.367252) -> [ 112 (19.3233, 1.82985); 1926 (17.6457, 2.00493); 3825 (19.9279, 0.251675); ]
    417 (-0.148199, 8.71066) -> [ 2738 (-0.393639, 6.91223); ]
    418 (-6.61589, 21.2649) -> [ 1636 (-7.49894, 22.7662); ]
    419 (14.9266, 2.95424) -> [ ]
    420 (1.72094, 15.6894) -> [ 864 (0.846508, 15.2865); 2430 (3.14182, 15.6532); ]
    421 (4.00425, -1.04895) -> [ ]
    423 (16.6658, 19.7162) -> [ ]
    425 (19.5074, 24.4562) -> [ ]
    426 (15.1461, -5.65562) -> [ ]
    427 (16.6934, 12.7259) -> [ 3572 (15.612, 14.3594); 3641 (14.7923, 12.9842); ]
    430 (-2.11388, -5.35911) -> [ ]
    431 (13.8165, 17.8582) -> [ ]
    433 (-2.99358, -4.93117) -> [ 2780 (-2.52738, -6.60209); 3282 (-1.90068, -6.53218); 3548 (-4.26171, -6.12494); 3921 (-4.16064, -6.40429); ]
    434 (-9.16159, 23.5658) -> [ 404 (-9.98096, 24.5467); ]
    435 (-5.47311, -9.83131) -> [ 2185 (-5.24441, -11.8155); ]
    436 (3.20848, -12.3987) -> [ ]
    439 (13.4518, -7.13976) -> [ ]
    440 (-8.39529, -9.59699) -> [ ]
    441 (14.5022, -7.91848) -> [ ]
    442 (19.6262, 15.4071) -> [ ]
    443 (1.82826, 16.1201) -> [ 3091 (3.47935, 16.8708); 3758 (3.02956, 15.6586); ]
    444 (-12.0963, 20.9559) -> [ ]
    445 (15.8713, 10.0186) -> [ ]
    446 (-7.96111, 23.9196) -> [ ]
    447 (2.80062, 17.9746) -> [ 1846 (3.26588, 19.4932); 3138 (3.77626, 19.2906); 3872 (3.48139, 19.0161); ]
    448 (-8.67449, 13.1317) -> [ 2046 (-9.90205, 11.6927); 3570 (-10.546, 12.5067); ]
    449 (9.07607, 17.0488) -> [ 956 (10.9224, 16.5555); ]
    450 (18.2221, 1.3473) -> [ 2798 (19.5057, 2.80194); ]
    451 (13.9545, 6.98001) -> [ ]
    452 (14.0428, 10.1187) -> [ ]
    453 (15.2009, 24.1204) -> [ 3594 (15.7456, 24.5766); ]
    454 (15.6447, 5.34408) -> [ 3982 (17.1496, 6.61081); ]
    455 (1.87777, 20.3071) -> [ ]
    456 (7.01363, -9.1756) -> [ ]
    457 (-10.9523, 6.30631) -> [ 2959 (-12.4668, 5.24201); ]
    458 (18.1319, 7.77887) -> [ 3892 (17.9198, 9.62215); ]
    459 (21.6827, 17.271) -> [ 2965 (20.2533, 18.6475); ]
    460 (24.4873, 6.92593) -> [ ]
    461 (19.0808, 3.74418) -> [ ]
    462 (24.0388, 15.0678) -> [ 1518 (24.5252, 16.8277); 3949 (24.404, 16.8493); ]
    463 (-7.34585, 17.234) -> [ ]
    466 (20.7654, -10.8514) -> [ ]
    467 (14.2985, 21.1813) -> [ 2785 (15.8266, 22.0011); ]
    468 (17.3427, -8.88376) -> [ 1902 (18.7981, -10.0564); 2601 (18.8122, -8.01647); 3942 (18.2349, -7.39787); ]
    470 (20.5875, 14.3213) -> [ 2229 (20.0152, 15.848); ]
    471 (-5.82835, 17.125) -> [ ]
    472 (-2.15998, 8.38475) -> [ ]
    473 (-10.3425, -6.0201) -> [ ]
    475 (8.74932, -0.57397) -> [ 1138 (10.2325, -1.22303); 1150 (10.021, -1.50386); ]
    476 (10.8831, 24.3268) -> [ 2545 (12.5695, 24.589); ]
    479 (-5.07439, 13.5065) -> [ ]
    480 (12.3177, 10.2053) -> [ ]
    481 (-0.866157, 19.7767) -> [ 793 (-0.662569, 21.1258); 1006 (-1.33719, 21.2611); 2386 (-1.90084, 21.039); ]
    482 (13.7142, -4.33399) -> [ ]
    483 (-11.4135, 17.6057) -> [ ]
    484 (15.2065, -3.10892) -> [ 3369 (16.9623, -2.32747); 3589 (17.1737, -3.35452); ]
    485 (-9.25252, 2.4814) -> [ ]
    486 (-4.32916, -5.23241) -> [ ]
    487 (0.490857, 3.59646) -> [ ]
    488 (17.2515, 10.8861) -> [ 2334 (15.8389, 12.2817); ]
    490 (22.9696, 5.94962) -> [ ]
    491 (10.2305, -8.47183) -> [ ]
    492 (15.8263, -10.2313) -> [ 2071 (17.18, -11.4584); ]
    494 (22.6944, -10.2958) -> [ ]
    495 (12.2082, 6.67655) -> [ ]
    496 (-8.16087, -1.68468) -> [ ]
    498 (-9.47216, 5.27106) -> [ ]
    499 (6.72531, 4.17213) -> [ 3937 (8.56037, 4.94126); ]
    500 (24.4448, 8.83525) -> [ 2749 (23.9929, 10.6558); ]
    501 (-1.30727, -7.97295) -> [ 1786 (-0.864366, -9.88966); ]
    502 (-0.445183, -5.86754) -> [ ]
    504 (12.9628, -1.74488) -> [ ]
    505 (-6.7438, -1.46639) -> [ ]
    506 (3.53318, 7.47482) -> [ 1893 (5.09972, 6.27096); 2355 (4.051, 5.71121); ]
    507 (-8.98826, 0.135705) -> [ 3688 (-8.48, -1.6763); ]
    508 (-3.96771, -10.6369) -> [ 3102 (-2.5323, -11.8635); ]
    509 (2.03452, -4.07794) -> [ ]
    510 (21.4555, 12.1301) -> [ 1638 (21.2506, 14.1046); ]
    511 (-3.55504, 14.1413) -> [ 3564 (-5.10174, 15.0961); ]
    512 (-2.69332, 20.7229) -> [ 1194 (-3.74556, 22.1172); ]
    513 (7.49999, 8.0621) -> [ 1124 (9.43763, 7.75124); ]
    515 (-8.21519, -1.25573) -> [ ]
    516 (-6.24467, -7.07838) -> [ ]
    518 (15.4202, 7.24226) -> [ 2802 (16.3113, 8.57733); ]
    519 (-7.0179, 10.5432) -> [ 2260 (-8.80641, 11.0822); 2710 (-8.46352, 11.6219); 3095 (-8.72155, 9.58439); 3483 (-8.8434, 10.3107); ]
    521 (-1.23472, -11.7545) -> [ ]
    523 (4.27759, 22.0774) -> [ 3025 (4.70645, 23.9868); 3132 (5.36915, 23.6452); ]
    524 (-3.62651, 20.2533) -> [ 2269 (-4.06982, 21.8105); ]
    525 (2.76648, 8.88452) -> [ ]
    526 (22.463, 22.3173) -> [ ]
    527 (-11.2403, 20.9703) -> [ ]
    529 (17.1251, 3.96825) -> [ 3689 (18.6814, 4.64737); ]
    530 (21.7342, 23.6201) -> [ ]
    531 (-1.35827, -10.995) -> [ 2835 (0.298855, -11.7817); 2885 (-0.749188, -12.4341); 3809 (0.0116001, -12.3877); ]
    532 (14.9259, 22.6654) -> [ ]
    533 (4.57348, 15.4094) -> [ 1515 (5.86348, 15.1667); 3367 (6.5204, 15.7241); ]
    534 (20.65, -7.77156) -> [ ]
    536 (-6.79456, 4.29556) -> [ ]
    537 (-5.89581, -7.62919) -> [ ]
    538 (-3.439, 5.77298) -> [ 3432 (-4.69399, 4.34019); 3495 (-4.54282, 4.38802); ]
    539 (3.7268, 0.37654) -> [ 1643 (5.61491, 0.8165); ]
    540 (12.1924, -6.6055) -> [ ]
    543 (16.2798, 20.3654) -> [ ]
    544 (5.5152, 18.6388) -> [ ]
    545 (10.4946, -6.30416) -> [ ]
    546 (16.3209, -4.26718) -> [ ]
    547 (10.2186, -12.1039) -> [ ]
    548 (16.4796, -6.18866) -> [ ]
    549 (11.8312, 4.93125) -> [ ]
    550 (17.0936, -11.0863) -> [ ]
    551 (23.0658, 18.9058) -> [ ]
    552 (-1.46116, -3.27194) -> [ ]
    553 (23.0987, 13.9066) -> [ 1754 (23.3576, 15.7428); ]
    555 (15.8915, -8.28628) -> [ ]
    556 (8.74744, -7.01215) -> [ ]
    557 (21.1706, 0.697794) -> [ 2576 (22.1163, 2.09759); ]
    558 (8.98793, 8.82493) -> [ 1669 (10.6256, 9.89495); ]
    559 (-9.18672, 18.926) -> [ ]
    560 (-5.59138, -1.05654) -> [ ]
    561 (15.1027, -11.9871) -> [ 3796 (16.8011, -12.2578); ]
    562 (18.8124, 9.87521) -> [ ]
    563 (23.9751, 10.4953) -> [ ]
    565 (7.34754, 13.5927) -> [ ]
    566 (-0.925433, 2.15673) -> [ ]
    567 (-4.55529, -11.4769) -> [ 3556 (-6.27212, -12.3694); ]
    568 (-7.0304, 13.515) -> [ ]
    569 (18.0227, 12.8003) -> [ 1192 (16.6815, 13.6898); 1634 (16.9581, 14.295); 1690 (17.0887, 13.5867); 1922 (17.7347, 14.4708); 2005 (16.267, 13.4785); 2776 (17.4456, 14.5402); ]
    570 (6.54942, 19.8196) -> [ ]
    572 (16.8224, 17.4688) -> [ ]
    573 (7.95732, 16.6586) -> [ 2184 (9.65195, 16.7647); ]
    574 (14.6327, -1.66088) -> [ ]
    575 (-2.46953, -5.58961) -> [ 2696 (-3.96435, -6.70875); 2854 (-1.12373, -6.7595); 3047 (-2.24074, -7.48116); 3802 (-1.87282, -7.05041); ]
    576 (22.9901, 23.4885) -> [ ]
    577 (23.7804, 7.79061) -> [ ]
    578 (1.80695, 7.24202) -> [ 2004 (1.02515, 5.48362); ]
    580 (15.2583, 9.17026) -> [ 493 (13.7268, 10.4131); 3687 (15.8238, 11.0312); 3860 (14.3602, 10.6111); 3884 (14.1582, 10.7292); ]
    581 (0.492782, 5.92803) -> [ 3137 (-0.724718, 4.43366); ]
    582 (16.8086, 4.00696) -> [ ]
    583 (0.195906, 1.97606) -> [ 2327 (1.80632, 0.902864); ]
    584 (-0.0430625, 19.0872) -> [ ]
    585 (-0.329425, -6.89126) -> [ ]
    586 (14.6554, -9.9723) -> [ ]
    587 (-10.7618, 12.9771) -> [ 1234 (-12.2091, 13.8118); 1250 (-11.6717, 13.5617); 1584 (-11.069, 14.6865); 2688 (-11.4832, 14.4446); 2742 (-11.688, 14.2586); 3249 (-11.2358, 14.8132); 3649 (-11.8985, 14.4482); 3885 (-10.8876, 14.6707); ]
    588 (-6.86891, -5.89655) -> [ ]
    589 (21.3629, -7.85135) -> [ ]
    590 (7.34243, -1.70953) -> [ 3737 (9.13461, -1.13244); ]
    592 (-7.50144, 21.8997) -> [ 1617 (-8.29145, 22.5604); 1787 (-8.23064, 22.3986); 3202 (-8.45094, 23.2929); 3256 (-8.48403, 23.4551); ]
    593 (20.2465, 14.4837) -> [ 2539 (20.4547, 16.3577); 3395 (19.3544, 16.2278); 3497 (18.8015, 15.4448); ]
    594 (18.6768, 5.48822) -> [ 2121 (18.1181, 7.40823); ]
    595 (23.9505, -8.73947) -> [ ]
    596 (-5.25371, -5.01429) -> [ ]
    597 (-0.964468, -5.844) -> [ ]
    598 (24.6421, 4.89666) -> [ ]
    600 (-10.2741, -1.51299) -> [ 2161 (-12.0486, -2.11458); 3046 (-9.41265, -3.21276); 3080 (-10.6852, -3.20932); 3220 (-10.4541, -3.37001); ]
    601 (-7.65257, 22.6107) -> [ ]
    602 (-8.67454, 10.8189) -> [ ]
    603 (18.3283, 10.4516) -> [ ]
    604 (-3.68976, 13.5846) -> [ ]
    605 (-5.2858, 11.6094) -> [ ]
    606 (-3.42193, 19.4334) -> [ 1803 (-5.08022, 19.5458); ]
    607 (24.031, 0.435962) -> [ ]
    608 (7.79934, -2.55646) -> [ 3850 (9.01756, -0.980843); 3871 (9.63641, -3.25571); ]
    609 (-6.79207, 11.539) -> [ ]
    612 (1.23945, -4.71439) -> [ ]
    613 (24.9891, 3.47126) -> [ ]
    614 (21.5566, -0.112095) -> [ ]
    615 (-7.32925, -8.3291) -> [ ]
    616 (0.894855, 9.60096) -> [ 2099 (1.75299, 8.04727); 3002 (0.323027, 7.82621); 3568 (2.75661, 9.19812); 3739 (2.78104, 9.35739); 3770 (2.67031, 8.72544); 3829 (2.04515, 8.02767); ]
    617 (5.65226, 9.94127) -> [ ]
    618 (14.983, -5.95539) -> [ 2825 (16.8932, -5.75034); ]
    619 (-10.6984, 20.0237) -> [ 3274 (-11.6579, 21.0462); ]
    620 (13.4124, 3.49262) -> [ ]
    621 (-10.3543, 10.3502) -> [ 2527 (-11.7349, 9.17061); 2714 (-11.4272, 11.9732); ]
    622 (22.2991, 12.9852) -> [ ]
    623 (7.78463, 6.25164) -> [ ]
    624 (-4.97593, 11.1564) -> [ ]
    626 (3.69041, 20.1459) -> [ 1737 (5.01877, 21.4498); 1915 (5.01477, 20.5896); 2642 (5.19004, 20.5292); ]
    627 (16.5034, 1.92492) -> [ ]
    628 (0.956173, 2.12512) -> [ ]
    629 (-10.4181, -8.52588) -> [ ]
    630 (18.0544, -4.98501) -> [ 1114 (19.7081, -5.61483); 1842 (19.3614, -3.67733); 2155 (19.8852, -5.44147); ]
    631 (4.14162, 23.8062) -> [ 2811 (5.79702, 24.583); ]
    632 (-11.1974, -0.280482) -> [ ]
    633 (2.29169, 8.33611) -> [ ]
    634 (-3.20341, 12.014) -> [ ]
    635 (0.926502, 1.95586) -> [ ]
    636 (6.65612, 2.71484) -> [ 3363 (8.15353, 1.932); ]
    637 (-0.217152, 8.12725) -> [ ]
    638 (2.80444, -0.90622) -> [ ]
    639 (0.302753, 18.8695) -> [ ]
    640 (20.5121, -4.5825) -> [ 3968 (22.2922, -4.26304); ]
    641 (-4.57656, 9.49373) -> [ ]
    642 (14.67, 8.56607) -> [ ]
    643 (23.6311, 13.2663) -> [ 3852 (24.0727, 14.8637); ]
    644 (18.3194, 7.85182) -> [ 3418 (18.617, 9.70818); ]
    645 (3.27741, 5.51733) -> [ ]
    646 (13.2567, 4.25468) -> [ 3947 (13.9467, 6.06336); ]
    647 (15.8103, -5.52222) -> [ ]
    648 (5.66354, 10.8427) -> [ ]
    651 (22.8321, -2.3865) -> [ ]
    652 (-9.12494, 21.8952) -> [ 3131 (-9.87281, 22.1212); ]
    653 (12.5318, 19.3506) -> [ ]
    654 (-1.96785, 22.9532) -> [ 1135 (-1.74899, 24.4272); ]
    655 (18.0075, 19.3281) -> [ ]
    657 (-8.64097, 15.7622) -> [ ]
    660 (23.2418, 20.2958) -> [ ]
    661 (22.7228, -4.92217) -> [ ]
    663 (12.5135, 9.38878) -> [ ]
    664 (3.47734, 0.176393) -> [ ]
    665 (18.8168, -1.47063) -> [ 2994 (20.7848, -1.14804); 3146 (20.757, -1.64176); ]
    666 (20.5424, 4.09762) -> [ ]
    669 (-11.1567, -4.72946) -> [ 3938 (-12.2061, -6.30976); ]
    670 (2.84613, -5.52726) -> [ ]
    671 (19.933, 5.09237) -> [ ]
    672 (-9.62439, -4.91752) -> [ ]
    673 (0.398757, -4.14137) -> [ 2450 (2.10323, -4.84455); ]
    675 (7.60985, 16.2629) -> [ 3427 (9.46389, 16.4378); 3608 (9.11643, 16.5559); ]
    677 (0.397706, -6.56849) -> [ 1562 (1.92004, -7.80025); 1610 (1.15077, -8.21882); ]
    678 (8.05805, -1.23823) -> [ 3303 (9.83904, -0.639661); 3455 (9.67022, -0.532443); ]
    679 (-6.59295, -4.84606) -> [ 3858 (-4.99182, -6.00944); ]
    680 (16.3002, 12.6399) -> [ ]
    681 (-7.01294, 5.53001) -> [ 2589 (-8.40633, 6.57781); ]
    682 (15.4682, 3.18766) -> [ ]
    684 (24.7433, 3.90652) -> [ ]
    686 (-10.8696, 18.1346) -> [ ]
    687 (8.38636, 5.98713) -> [ 1144 (9.60834, 7.47081); 1706 (9.41158, 7.42764); 3100 (10.0302, 6.81247); 3162 (10.2195, 6.53122); ]
    688 (3.12112, 7.51504) -> [ 1797 (4.65114, 6.51734); ]
    690 (0.400622, 11.0321) -> [ ]
    692 (9.19317, -11.6864) -> [ ]
    695 (13.9871, 9.6822) -> [ ]
    696 (16.9881, 15.3274) -> [ ]
    697 (14.6249, -1.97327) -> [ 2697 (15.823, -0.395561); ]
    698 (-0.401515, -11.9053) -> [ ]
    699 (13.6708, 20.5112) -> [ ]
    701 (11.7305, -4.64775) -> [ ]
    703 (7.85589, 2.53077) -> [ ]
    704 (16.3866, 11.1099) -> [ ]
    705 (17.4219, 5.31226) -> [ 2967 (17.7904, 7.05336); ]
    706 (-1.95992, 18.4086) -> [ ]
    707 (-5.04484, 20.045) -> [ ]
    708 (6.02624, 2.48058) -> [ 703 (7.85589, 2.53077); ]
    709 (16.8246, -2.44055) -> [ ]
    710 (21.6019, -3.83916) -> [ 1029 (23.4818, -4.36913); ]
    711 (-9.34171, 12.4174) -> [ ]
    712 (23.0341, 6.06732) -> [ 577 (23.7804, 7.79061); 3461 (23.1106, 8.06505); ]
    713 (23.1927, 16.2376) -> [ 3103 (21.9796, 17.6837); ]
    715 (-1.02839, 23.8059) -> [ ]
    716 (-9.76793, -4.2292) -> [ ]
    717 (18.3157, -3.4638) -> [ ]
    718 (14.0182, -12.4023) -> [ ]
    719 (-5.04811, 9.64041) -> [ ]
    720 (2.60329, -7.1757) -> [ ]
    722 (-2.75319, 5.61396) -> [ ]
    724 (-8.83916, 0.828947) -> [ ]
    725 (-7.92739, 19.6193) -> [ ]
    726 (11.4513, 3.91597) -> [ ]
    727 (-1.17157, -2.49047) -> [ ]
    728 (17.5202, 6.05367) -> [ ]
    729 (6.17169, 11.6179) -> [ 579 (8.03204, 12.2396); ]
    730 (13.0996, 19.3933) -> [ 3048 (14.903, 19.7389); 3112 (14.9393, 19.2173); 3595 (14.5653, 20.6946); ]
    732 (-7.68247, 13.5975) -> [ 2678 (-8.31781, 15.203); ]
    733 (22.7788, 1.23961) -> [ 312 (24.1387, 2.43306); 1970 (23.9471, 2.19615); 2939 (24.418, 1.72705); ]
    734 (23.551, 8.33419) -> [ ]
    735 (8.2408, 24.1711) -> [ ]
    736 (17.7369, 21.5723) -> [ ]
    738 (23.2791, 6.39294) -> [ ]
    739 (5.95956, 10.9853) -> [ ]
    740 (-3.49991, -0.0100575) -> [ ]
    741 (-8.41809, 10.8686) -> [ ]
    742 (-12.1945, -6.09891) -> [ ]
    743 (24.0041, 20.5731) -> [ ]
    744 (5.49376, -0.948986) -> [ ]
    745 (4.6829, -0.91068) -> [ ]
    746 (16.1838, 4.02168) -> [ 2790 (17.275, 5.43593); 3054 (16.8521, 5.7404); 3125 (17.1454, 5.51903); ]
    747 (11.6464, -8.91749) -> [ 3010 (13.2564, -9.87936); 3251 (13.275, -7.77896); 3815 (13.1052, -7.85055); ]
    748 (3.66281, 5.1312) -> [ ]
    749 (-10.1761, 9.72953) -> [ ]
    750 (2.82007, 14.7555) -> [ 2024 (4.79904, 15.0411); ]
    751 (-7.55167, 19.9576) -> [ ]
    752 (18.7077, 1.10923) -> [ ]
    753 (7.68668, 15.2702) -> [ ]
    754 (12.5053, 20.9053) -> [ ]
    758 (-10.3999, 15.8981) -> [ ]
    759 (-2.34702, 8.37614) -> [ ]
    760 (18.2761, -7.55787) -> [ ]
    762 (8.34048, 7.80073) -> [ 2695 (9.86213, 8.99613); 3745 (10.0021, 7.34375); ]
    764 (-2.97044, 8.87714) -> [ ]
    765 (21.8161, 5.85102) -> [ ]
    766 (9.91717, 21.9138) -> [ ]
    770 (-5.43564, -0.439697) -> [ ]
    771 (9.50532, -4.67235) -> [ ]
    773 (2.71868, 0.325096) -> [ ]
    775 (11.9638, 5.31271) -> [ ]
    776 (13.6639, 1.17359) -> [ ]
    777 (21.5854, -4.54026) -> [ ]
    778 (17.4056, 16.9012) -> [ ]
    779 (5.61715, -4.51515) -> [ ]
    780 (11.2945, -0.377881) -> [ ]
    782 (16.4464, 20.9023) -> [ ]
    784 (-9.4078, 5.89223) -> [ ]
    786 (5.39462, -4.91492) -> [ ]
    787 (23.7966, 5.63451) -> [ ]
    788 (12.333, 7.12197) -> [ 2951 (12.7975, 8.90167); ]
    789 (-4.00535, 10.4817) -> [ 2878 (-4.91822, 9.10586); ]
    790 (14.6168, -9.86164) -> [ ]
    791 (15.8334, 16.7823) -> [ ]
    792 (17.6911, 24.3871) -> [ ]
    793 (-0.662569, 21.1258) -> [ 2978 (-1.80693, 21.9576); ]
    794 (-5.58907, 3.22992) -> [ ]
    795 (20.6757, 6.45087) -> [ 1145 (20.3863, 7.91658); ]
    796 (13.6266, 5.95698) -> [ 2164 (13.7902, 7.81347); ]
    798 (22.6614, 19.4347) -> [ 2366 (21.1215, 20.5019); 2690 (21.4655, 20.7571); ]
    799 (-9.91292, -3.36455) -> [ ]
    800 (20.8448, 2.34015) -> [ 1783 (20.6212, 3.8708); ]
    801 (15.2788, 9.79694) -> [ ]
    802 (5.27768, 21.6497) -> [ 1314 (7.21197, 21.4248); 3386 (7.05411, 22.5193); ]
    804 (10.3385, -7.75114) -> [ ]
    805 (11.5223, -0.437211) -> [ 1677 (13.1525, 0.474903); ]
    806 (-9.07687, -2.07907) -> [ 1417 (-10.072, -3.73693); 2382 (-10.1557, -3.60939); ]
    807 (-3.9491, -0.353792) -> [ ]
    808 (3.0596, 8.56232) -> [ ]
    809 (8.30421, -9.45032) -> [ ]
    813 (-5.08476, 11.1206) -> [ 2715 (-5.07116, 9.23653); 3244 (-5.94648, 9.65183); ]
    814 (21.3192, 4.9781) -> [ ]
    815 (23.2065, 9.05536) -> [ 1775 (22.3719, 10.627); ]
    817 (-2.20426, 0.641777) -> [ ]
    819 (0.328861, 10.9525) -> [ ]
    820 (2.76231, 10.8391) -> [ ]
    821 (20.6037, 13.579) -> [ ]
    822 (0.0320126, 16.4259) -> [ 1013 (-0.793322, 17.7256); 1283 (-1.17747, 17.0513); 1386 (-1.17101, 17.0476); 1814 (-0.804363, 17.5755); 1835 (-1.18273, 16.9627); ]
    825 (5.06855, 13.7798) -> [ ]
    828 (-6.32319, 3.77354) -> [ ]
    829 (24.2254, 16.042) -> [ 3468 (23.0912, 17.1699); ]
    831 (17.0056, -9.20071) -> [ ]
    832 (18.0009, 17.9614) -> [ 3059 (16.2998, 17.4525); ]
    834 (7.52219, -3.92937) -> [ 3476 (9.2904, -4.50187); ]
    835 (23.324, 21.9996) -> [ ]
    836 (2.00428, 15.3154) -> [ 3787 (2.053, 16.7193); ]
    837 (2.24323, 7.37521) -> [ 1378 (3.52335, 5.98999); ]
    838 (2.20656, -12.1794) -> [ ]
    839 (-7.91125, 4.68015) -> [ ]
    840 (5.04003, 2.69123) -> [ 3136 (6.42054, 3.31568); ]
    842 (6.26461, -8.22242) -> [ ]
    843 (15.1333, 4.87094) -> [ ]
    844 (4.96229, -1.52941) -> [ 3090 (6.76274, -1.03547); ]
    845 (4.48386, -5.54632) -> [ ]
    846 (-4.31193, 11.1293) -> [ ]
    847 (-5.86738, -5.84146) -> [ ]
    848 (-7.45032, -5.44878) -> [ ]
    851 (14.8105, 3.1217) -> [ ]
    852 (21.2296, 18.581) -> [ ]
    853 (10.5821, -4.31736) -> [ ]
    854 (-9.06428, 12.5243) -> [ 2259 (-9.66103, 10.6861); 2563 (-10.6165, 13.7646); 2773 (-9.67189, 10.8182); 3481 (-9.3881, 10.8229); ]
    855 (5.45728, 14.1127) -> [ ]
    856 (23.2702, 14.2659) -> [ ]
    858 (11.4138, 3.63099) -> [ ]
    859 (23.4285, 4.40945) -> [ 738 (23.2791, 6.39294); 2897 (24.7972, 5.77469); ]
    860 (13.3844, -8.59108) -> [ ]
    862 (19.4299, 9.81572) -> [ ]
    863 (15.5866, -5.52858) -> [ ]
    866 (-7.20403, 16.4906) -> [ ]
    869 (2.17789, 14.5191) -> [ 2341 (4.07864, 14.0426); ]
    871 (-9.7442, 5.35927) -> [ 3532 (-11.3993, 4.6836); ]
    872 (9.39654, 0.66613) -> [ 1909 (11.2136, 1.08778); ]
    873 (13.3488, 2.587) -> [ ]
    874 (15.4787, 7.27104) -> [ ]
    875 (-3.33782, -0.585053) -> [ 2326 (-3.19984, -2.53007); ]
    876 (-0.543384, 3.85464) -> [ ]
    877 (20.3892, -4.8645) -> [ ]
    878 (1.40633, 4.17681) -> [ 3128 (1.67521, 2.24177); ]
    879 (20.6705, 13.4133) -> [ ]
    880 (19.3522, 13.6649) -> [ ]
    881 (-6.02393, 14.1818) -> [ 3795 (-6.74857, 16.038); ]
    883 (3.36316, 20.3369) -> [ ]
    884 (18.5606, -8.43437) -> [ ]
    885 (15.1583, -9.5147) -> [ 3484 (16.3085, -11.0601); ]
    886 (7.59076, -2.84957) -> [ ]
    887 (15.178, 9.92397) -> [ 1692 (13.3373, 10.6613); ]
    888 (6.96932, -0.91888) -> [ ]
    890 (15.1759, 20.3201) -> [ ]
    891 (16.5425, -0.740721) -> [ 94 (17.5441, 0.916424); 415 (18.2048, 0.367252); 1752 (17.8646, -1.90741); 1952 (16.7538, -2.72908); 3015 (18.3191, -0.244319); 3606 (17.0128, 1.18029); 3940 (17.8644, -2.10784); ]
    892 (2.63014, 15.4559) -> [ 533 (4.57348, 15.4094); ]
    894 (11.4374, 22.459) -> [ 1091 (12.9946, 23.1976); ]
    895 (13.8852, 6.0976) -> [ ]
    897 (-10.6772, 7.06448) -> [ 2147 (-10.5502, 5.30189); ]
    899 (10.1776, 3.80297) -> [ 3326 (12.0515, 4.37558); ]
    901 (-9.83654, 23.4907) -> [ ]
    902 (10.6811, -10.2468) -> [ ]
    903 (0.334239, 4.95436) -> [ ]
    904 (7.32946, 2.10855) -> [ 3373 (8.95235, 1.33964); ]
    905 (20.494, 2.98231) -> [ 2014 (21.1993, 4.60395); 2863 (20.6223, 4.52946); ]
    906 (11.7901, -8.48993) -> [ ]
    907 (10.1151, -5.26491) -> [ ]
    908 (22.5485, 12.6501) -> [ 856 (23.2702, 14.2659); ]
    909 (-4.30963, 14.8135) -> [ ]
    910 (16.0215, 14.1027) -> [ 3372 (14.7487, 15.6402); ]
    911 (9.80994, 7.88204) -> [ ]
    912 (-12.4725, 18.7409) -> [ ]
    914 (20.3639, -11.4143) -> [ 3121 (21.9951, -11.7527); ]
    915 (2.65245, 10.5855) -> [ ]
    917 (2.74372, 9.94417) -> [ ]
    918 (-4.10125, 5.67709) -> [ ]
    919 (20.2399, 19.0467) -> [ ]
    920 (-4.23189, 12.5398) -> [ ]
    921 (22.7753, 23.0029) -> [ 3917 (20.9786, 22.7576); ]
    922 (19.2766, 6.83405) -> [ ]
    924 (11.2081, 18.8562) -> [ 730 (13.0996, 19.3933); ]
    925 (17.0165, 15.6971) -> [ ]
    926 (18.107, -7.70316) -> [ ]
    927 (16.4882, 1.32987) -> [ 2528 (18.0895, 0.63732); ]
    928 (17.2913, 17.6479) -> [ ]
    929 (3.94404, 18.3805) -> [ 2986 (5.42377, 19.3251); ]
    931 (12.7509, 19.8879) -> [ ]
    932 (19.1295, 3.5215) -> [ ]
    933 (2.9134, -10.0141) -> [ ]
    934 (5.66674, 8.59832) -> [ 1826 (6.77173, 6.94614); 1925 (7.23311, 7.9074); 2497 (7.13248, 7.31357); 3624 (7.1299, 7.70676); ]
    935 (14.9677, -4.75019) -> [ ]
    936 (16.9, 20.6295) -> [ ]
    937 (2.45112, -1.12563) -> [ 1670 (4.0184, -2.169); ]
    939 (-8.36236, 18.439) -> [ ]
    940 (-5.23083, 7.26414) -> [ ]
    941 (7.64934, 21.9851) -> [ 3769 (9.25909, 21.858); ]
    943 (24.235, 12.8064) -> [ 1015 (24.4723, 14.5549); ]
    944 (12.3421, -10.2845) -> [ ]
    946 (-11.1111, -10.402) -> [ 1878 (-11.9652, -12.0801); 3953 (-11.4903, -12.1072); ]
    947 (2.69959, 18.9315) -> [ 626 (3.69041, 20.1459); 883 (3.36316, 20.3369); 1550 (3.61899, 20.288); ]
    949 (14.881, 1.23967) -> [ 419 (14.9266, 2.95424); 437 (15.3271, 2.97104); ]
    950 (-0.385243, 7.34217) -> [ 1911 (-0.752548, 5.53042); ]
    951 (2.1455, 11.3153) -> [ 1852 (3.7895, 10.5594); 1888 (3.46452, 12.4496); 2294 (0.779643, 9.93957); 2767 (2.33648, 13.2465); 2984 (2.33215, 13.2232); ]
    952 (-10.9875, 3.05524) -> [ ]
    953 (-11.8964, 15.2828) -> [ ]
    955 (-11.3529, -7.11658) -> [ 2041 (-10.5173, -8.78165); 2747 (-11.1936, -9.08303); ]
    956 (10.9224, 16.5555) -> [ ]
    957 (12.6777, 7.54729) -> [ 663 (12.5135, 9.38878); 3213 (14.284, 8.59871); ]
    959 (24.6379, 18.3607) -> [ 2310 (24.4433, 19.7815); 3504 (24.1496, 19.846); ]
    960 (3.66126, 23.5327) -> [ ]
    961 (8.51862, 18.1176) -> [ 1880 (9.58047, 18.1001); 1933 (9.91095, 17.3721); 2271 (9.97525, 19.2092); 3906 (9.87623, 18.1849); ]
    962 (0.126587, 13.9154) -> [ 1181 (-0.751762, 12.6724); 2262 (-0.677093, 12.5119); 2925 (-1.02531, 12.5542); ]
    963 (10.061, 22.4283) -> [ ]
    964 (8.40339, 0.834783) -> [ ]
    965 (4.61175, 11.6098) -> [ 166 (5.83995, 13.0569); 2746 (6.03429, 11.2678); 3905 (6.26491, 12.7085); ]
    967 (23.0106, 15.9958) -> [ ]
    968 (23.1325, -0.485418) -> [ 1543 (24.6869, 0.169095); 2522 (24.7711, 0.498048); 3577 (24.9328, 0.142309); ]
    969 (6.47414, 3.52688) -> [ 2123 (8.0481, 2.64569); 2340 (8.17737, 2.50765); ]
    974 (-11.5718, 11.648) -> [ ]
    975 (2.06208, -6.94343) -> [ ]
    976 (12.2956, -6.8069) -> [ ]
    977 (-0.675258, -0.66464) -> [ ]
    978 (20.5445, -9.78571) -> [ 2333 (21.9911, -10.9391); 2674 (22.1923, -9.35582); 2998 (22.2502, -10.0795); ]
    979 (1.93976, 20.4473) -> [ ]
    980 (-11.9704, 21.0208) -> [ ]
    983 (22.6219, 7.18153) -> [ ]
    984 (15.1032, 24.2505) -> [ ]
    985 (9.81026, 16.9015) -> [ ]
    986 (17.0696, 7.55211) -> [ ]
    987 (13.5395, 1.59107) -> [ ]
    988 (10.1445, -7.7831) -> [ ]
    989 (-1.81547, 13.3548) -> [ ]
    990 (-1.76067, -3.68265) -> [ 430 (-2.11388, -5.35911); 1572 (-1.51661, -5.03942); 3347 (-1.62441, -5.2845); ]
    991 (-11.051, 10.7041) -> [ ]
    992 (-10.1533, -6.3923) -> [ 3670 (-12.1062, -6.70835); ]
    993 (1.69366, 17.3915) -> [ 3531 (3.46731, 18.2624); ]
    994 (12.9178, -8.04304) -> [ ]
    995 (-6.32579, -3.10159) -> [ ]
    996 (16.0063, 22.4325) -> [ ]
    997 (0.468169, 16.3761) -> [ 305 (1.72584, 17.2481); 993 (1.69366, 17.3915); 2094 (0.895129, 17.6669); 2120 (0.83284, 17.3195); 2961 (-0.646439, 16.6784); ]
    998 (-2.91374, 11.8431) -> [ 3898 (-4.49756, 12.9682); 3945 (-4.6872, 12.7346); 3954 (-2.73669, 13.1835); ]
    999 (3.59204, 22.3043) -> [ 631 (4.14162, 23.8062); 2455 (4.1944, 23.9588); 3619 (3.95393, 23.4633); ]
    1000 (12.007, 8.24001) -> [ 480 (12.3177, 10.2053); 1358 (11.7925, 9.88533); ]
    1001 (3.18205, 9.5282) -> [ ]
    1002 (8.20272, 24.1205) -> [ 3470 (9.47703, 23.6993); ]
    1003 (-4.89828, 15.8886) -> [ ]
    1004 (9.41234, 2.19956) -> [ ]
    1006 (-1.33719, 21.2611) -> [ 3842 (-1.46006, 23.1584); ]
    1007 (-0.609018, 3.75362) -> [ ]
    1008 (21.4597, -6.16562) -> [ ]
    1009 (23.8683, 4.02064) -> [ ]
    1010 (-11.4243, 10.8864) -> [ ]
    1011 (1.18836, 14.1439) -> [ 53 (1.43931, 15.0806); 81 (0.682259, 15.16); ]
    1012 (-0.553881, 3.06227) -> [ 172 (0.85719, 2.12182); 628 (0.956173, 2.12512); 635 (0.926502, 1.95586); 2023 (-2.39343, 2.44034); 3783 (1.16028, 2.11909); ]
    1013 (-0.793322, 17.7256) -> [ 1812 (-0.154181, 18.6948); ]
    1014 (4.59789, 21.5289) -> [ 1659 (5.75143, 22.8606); 1917 (5.69218, 23.1392); ]
    1015 (24.4723, 14.5549) -> [ 1454 (24.0334, 16.4909); ]
    1016 (20.857, 12.155) -> [ ]
    1017 (20.0397, -6.37497) -> [ 3200 (21.0056, -4.62723); ]
    1018 (-8.81575, 15.3879) -> [ ]
    1019 (-0.27866, -6.47675) -> [ ]
    1020 (-5.60846, 16.0724) -> [ ]
    1021 (-5.40803, 1.21575) -> [ 3792 (-4.88126, -0.566055); ]
    1022 (15.7735, 9.89935) -> [ ]
    1023 (5.89333, 1.89063) -> [ ]
    1024 (21.2354, 24.3468) -> [ ]
    1025 (-7.10623, 12.1899) -> [ ]
    1026 (-3.14185, 3.10986) -> [ ]
    1027 (-2.38859, 2.35625) -> [ ]
    1028 (11.4855, -7.954) -> [ ]
    1029 (23.4818, -4.36913) -> [ 2744 (24.6802, -2.86515); ]
    1030 (20.7082, 10.6107) -> [ 3657 (20.0384, 12.4173); ]
    1031 (-3.56548, -5.61341) -> [ ]
    1032 (-6.20048, 7.81913) -> [ 1978 (-7.02926, 6.42805); 2876 (-7.01107, 6.65608); 2963 (-5.90521, 6.17191); 3211 (-7.88976, 6.76756); ]
    1035 (7.20738, -4.04521) -> [ 1807 (7.5182, -5.95282); 2012 (8.83578, -4.93654); 2109 (9.10446, -4.29034); 2238 (7.59799, -6.00477); 2370 (9.06326, -3.3022); 2653 (7.59382, -5.77682); 3679 (7.09669, -6.04125); 3754 (8.86772, -4.54646); ]
    1037 (22.4028, -6.21086) -> [ ]
    1038 (-7.1766, 8.2012) -> [ ]
    1039 (18.9242, 14.4605) -> [ ]
    1040 (-5.7049, 18.7413) -> [ ]
    1041 (-10.7194, 9.60931) -> [ 3772 (-11.186, 11.225); ]
    1042 (8.32324, 8.38899) -> [ 3206 (10.0756, 9.11458); ]
    1045 (20.2548, 19.6772) -> [ ]
    1046 (-10.1494, 3.94774) -> [ ]
    1051 (7.84333, 0.390353) -> [ 3450 (9.3573, 1.08247); ]
    1052 (18.4545, 3.01503) -> [ ]
    1053 (4.19853, -4.67364) -> [ ]
    1054 (17.0793, 20.8156) -> [ ]
    1055 (23.6699, 18.9756) -> [ ]
    1056 (2.59803, 3.08796) -> [ 3997 (4.32958, 3.193); 3998 (3.40898, 1.50814); ]
    1059 (15.8626, 6.43577) -> [ ]
    1060 (5.74847, 5.11496) -> [ ]
    1061 (7.09747, -10.0804) -> [ ]
    1062 (6.10996, -3.66841) -> [ ]
    1063 (22.5236, 17.5385) -> [ 246 (22.4353, 19.3187); 3651 (22.0954, 19.3766); ]
    1064 (-8.00553, -1.04469) -> [ ]
    1065 (19.941, 10.4149) -> [ ]
    1066 (2.83252, -0.596385) -> [ 3626 (4.7903, -0.46546); ]
    1067 (13.4424, 19.1152) -> [ ]
    1068 (2.75379, -5.40264) -> [ ]
    1069 (-4.12977, -2.00933) -> [ ]
    1070 (6.90241, 1.175) -> [ ]
    1071 (-8.61219, -6.11049) -> [ ]
    1072 (11.5696, 17.4851) -> [ 76 (12.3103, 16.1053); ]
    1073 (1.91307, 0.783483) -> [ ]
    1074 (1.3975, 11.1383) -> [ 1993 (2.76126, 10.8104); 2080 (-0.0611464, 9.88128); 2113 (2.27965, 9.91706); 2267 (2.16669, 12.8317); 2485 (2.63247, 10.5482); 2704 (-0.103859, 10.5804); 2901 (3.3783, 11.0224); 3129 (2.57418, 9.84004); 3357 (3.04705, 10.6494); ]
    1075 (4.34024, -3.87512) -> [ ]
    1076 (10.6285, 21.7647) -> [ 2324 (12.4462, 21.5767); 2373 (12.2202, 22.3455); ]
    1077 (-7.37857, -1.79935) -> [ ]
    1078 (-11.9134, -9.22423) -> [ ]
    1080 (12.8232, -11.6471) -> [ ]
    1081 (-8.77954, 13.6781) -> [ ]
    1082 (24.4108, 11.5552) -> [ ]
    1083 (-1.77956, 1.29627) -> [ 1655 (-2.14273, -0.386747); 3721 (-2.16873, -0.642812); ]
    1085 (14.2219, -2.40501) -> [ 2101 (15.7638, -1.22357); ]
    1086 (-1.95652, 10.5147) -> [ ]
    1087 (8.57902, 24.6722) -> [ ]
    1088 (16.3556, 20.1188) -> [ ]
    1091 (12.9946, 23.1976) -> [ ]
    1092 (-9.92105, 7.72703) -> [ ]
    1093 (21.3098, -2.83519) -> [ ]
    1095 (6.37086, 6.28722) -> [ ]
    1097 (4.1391, 17.6533) -> [ ]
    1099 (12.7937, -9.95178) -> [ ]
    1100 (22.4179, 10.0902) -> [ ]
    1102 (-10.8448, -10.792) -> [ ]
    1103 (13.0212, 1.34003) -> [ ]
    1104 (18.2683, -8.26864) -> [ 3774 (20.2307, -8.15793); ]
    1105 (-10.889, 18.8763) -> [ ]
    1106 (-4.44474, -7.63619) -> [ ]
    1107 (9.6201, -0.592464) -> [ ]
    1108 (18.0406, 13.7461) -> [ ]
    1109 (-6.79632, 11.289) -> [ ]
    1110 (7.77418, -10.814) -> [ ]
    1111 (17.5677, -8.01705) -> [ ]
    1113 (-7.64234, -3.2686) -> [ 2985 (-6.82321, -5.03816); ]
    1114 (19.7081, -5.61483) -> [ ]
    1115 (-9.73146, 15.3322) -> [ 91 (-10.4625, 17.0773); 2244 (-10.4937, 16.9085); 2540 (-10.1362, 17.2862); ]
    1116 (3.22305, 8.3229) -> [ 2441 (4.91274, 7.91669); 2549 (4.7795, 7.85393); 3975 (4.79897, 7.94148); ]
    1117 (-3.81882, 3.47127) -> [ ]
    1118 (-0.138772, -1.62395) -> [ ]
    1120 (-5.92072, -4.45991) -> [ ]
    1121 (-2.12502, 13.8908) -> [ ]
    1123 (-0.241089, 0.571443) -> [ 3226 (0.248193, -1.34648); ]
    1124 (9.43763, 7.75124) -> [ 1910 (11.0572, 8.87217); ]
    1126 (11.7855, 23.1779) -> [ ]
    1127 (9.54973, 17.9719) -> [ ]
    1130 (0.329927, 23.0449) -> [ ]
    1132 (1.61656, 12.4836) -> [ ]
    1133 (-4.54912, -7.08545) -> [ ]
    1134 (17.3983, 7.53257) -> [ 2992 (17.722, 9.50594); ]
    1136 (14.6502, -10.4395) -> [ ]
    1137 (19.7027, 11.9684) -> [ ]
    1138 (10.2325, -1.22303) -> [ ]
    1139 (-10.6065, -10.5971) -> [ ]
    1140 (-8.69719, 17.7893) -> [ 2762 (-8.32687, 19.3987); ]
    1141 (23.8458, 7.76215) -> [ ]
    1143 (5.82306, 24.0633) -> [ ]
    1144 (9.60834, 7.47081) -> [ 1894 (11.3701, 8.41388); 3644 (11.4809, 7.31448); ]
    1145 (20.3863, 7.91658) -> [ 1302 (21.1623, 9.52537); ]
    1147 (18.2729, -0.118244) -> [ 1813 (17.5057, 1.22127); 2050 (20.2021, -0.0392837); 3746 (18.3174, 1.87004); ]
    1148 (22.7351, -6.73163) -> [ ]
    1149 (11.9814, -1.7131) -> [ ]
    1151 (-6.64323, -11.5835) -> [ 3970 (-4.99575, -12.2223); ]
    1153 (-4.50676, -8.88327) -> [ ]
    1154 (13.774, 19.9343) -> [ 3508 (15.5426, 20.8508); ]
    1155 (-7.19776, 0.173843) -> [ ]
    1156 (-7.70416, 9.04786) -> [ ]
    1157 (16.9639, 18.7844) -> [ ]
    1158 (24.5058, 20.0507) -> [ ]
    1159 (-8.72114, 21.0215) -> [ ]
    1160 (14.4952, 20.4322) -> [ ]
    1161 (15.9581, 1.54088) -> [ 1827 (17.2417, 3.07007); ]
    1162 (9.07099, -1.63288) -> [ 942 (10.9034, -1.42162); 3309 (10.891, -2.31908); ]
    1163 (-5.57116, 9.2018) -> [ ]
    1164 (22.2756, 15.1635) -> [ ]
    1165 (14.9307, -7.59619) -> [ ]
    1166 (16.5169, 9.33402) -> [ 704 (16.3866, 11.1099); ]
    1167 (6.65426, 10.7244) -> [ ]
    1168 (24.6631, 21.0974) -> [ ]
    1169 (-10.0746, -2.36131) -> [ ]
    1170 (9.5593, 20.0449) -> [ ]
    1171 (-7.62056, 13.1543) -> [ ]
    1172 (-5.78327, 0.115389) -> [ ]
    1173 (-1.15856, -8.63408) -> [ ]
    1174 (-6.27225, 9.06014) -> [ 3967 (-8.03769, 8.81458); ]
    1175 (5.75733, 10.4475) -> [ 387 (7.53871, 11.1305); 1590 (7.69353, 10.8621); ]
    1176 (15.2324, -4.4449) -> [ 3336 (17.1573, -4.05877); ]
    1177 (-0.640211, 11.7094) -> [ ]
    1178 (-1.81006, 16.7874) -> [ ]
    1179 (16.6648, 0.784602) -> [ ]
    1180 (15.7582, -4.7084) -> [ ]
    1181 (-0.751762, 12.6724) -> [ ]
    1182 (-11.1791, 5.18295) -> [ 1936 (-11.8813, 3.38355); ]
    1183 (15.0168, -7.79929) -> [ ]
    1184 (-9.51216, 8.37641) -> [ 824 (-10.7857, 9.6618); 1523 (-10.4357, 6.72349); ]
    1185 (2.28415, 15.8518) -> [ 2058 (3.74726, 16.8395); 3517 (4.06619, 16.3067); ]
    1186 (8.59625, 17.1405) -> [ ]
    1188 (15.3092, 11.8106) -> [ ]
    1190 (-1.10427, 17.1074) -> [ 3021 (-0.962946, 18.8063); ]
    1192 (16.6815, 13.6898) -> [ ]
    1193 (-12.4711, 20.1252) -> [ 2202 (-12.0228, 21.7393); ]
    1194 (-3.74556, 22.1172) -> [ 1750 (-3.46774, 23.2679); 2592 (-4.75033, 22.4244); ]
    1195 (16.7743, 12.2544) -> [ 139 (16.2419, 14.0005); 910 (16.0215, 14.1027); 1344 (15.8071, 13.9537); ]
    1197 (-10.4896, 14.163) -> [ ]
    1198 (8.76888, -0.235268) -> [ ]
    1200 (22.9578, 7.0706) -> [ 3440 (22.6323, 8.58034); ]
    1201 (2.94319, 9.56551) -> [ ]
    1203 (-9.6068, 9.26702) -> [ ]
    1205 (19.7389, 17.2364) -> [ 832 (18.0009, 17.9614); ]
    1206 (-6.06942, 2.15572) -> [ 2640 (-4.79754, 0.913222); ]
    1208 (4.48601, 17.0829) -> [ 2519 (6.31746, 17.3728); ]
    1210 (0.355683, -1.59559) -> [ 3252 (2.09635, -2.46815); 3396 (0.507914, -3.39875); ]
    1211 (-7.41239, 1.16495) -> [ 3183 (-7.41273, -0.660644); 3338 (-6.1928, -0.338244); ]
    1212 (24.8864, 4.59495) -> [ ]
    1213 (2.46731, 5.98335) -> [ ]
    1214 (-9.80715, -8.10813) -> [ ]
    1215 (15.1976, 3.85772) -> [ ]
    1217 (18.9167, 21.6083) -> [ ]
    1218 (15.9678, -9.86038) -> [ ]
    1219 (-6.44596, -7.42826) -> [ ]
    1220 (-7.01869, -6.12693) -> [ ]
    1221 (-5.00135, 21.0754) -> [ 2836 (-6.13219, 22.6273); ]
    1222 (4.02155, 8.33435) -> [ 1305 (5.75271, 8.1357); 3574 (5.85875, 7.91527); ]
    1223 (0.203543, 11.278) -> [ ]
    1224 (9.41972, -2.75182) -> [ 3771 (11.3343, -2.32232); ]
    1225 (-2.3673, -11.1837) -> [ ]
    1226 (-0.74277, 5.84193) -> [ ]
    1228 (13.9831, -10.9023) -> [ 3996 (15.8906, -10.9729); ]
    1229 (1.07781, -11.2795) -> [ ]
    1230 (10.703, -9.13232) -> [ ]
    1231 (22.8375, -8.91612) -> [ ]
    1232 (21.8599, 8.23857) -> [ ]
    1233 (12.2686, -5.65376) -> [ ]
    1234 (-12.2091, 13.8118) -> [ ]
    1235 (5.96884, -1.76242) -> [ 886 (7.59076, -2.84957); 2090 (7.45282, -3.01841); 3658 (7.90911, -1.75969); ]
    1237 (-3.71967, 6.54009) -> [ ]
    1238 (-1.95006, -0.211011) -> [ ]
    1239 (20.7232, 12.5535) -> [ ]
    1240 (20.0243, 14.8764) -> [ 3554 (18.6424, 16.073); ]
    1241 (15.6998, 1.77454) -> [ ]
    1242 (3.05595, -8.745) -> [ ]
    1247 (-3.48087, 3.00984) -> [ ]
    1248 (24.2184, 11.5314) -> [ ]
    1249 (0.378911, -9.02809) -> [ ]
    1251 (3.60293, -6.75576) -> [ 3709 (5.285, -7.64231); ]
    1253 (-0.41721, 12.4789) -> [ 690 (0.400622, 11.0321); 1727 (-1.38833, 11.0812); 1728 (-1.86405, 11.6307); 2495 (-0.663008, 11.0955); 3154 (-1.74518, 12.9263); 3170 (-2.19827, 13.2436); 3217 (-1.65415, 11.0126); 3634 (-0.0640852, 10.8628); 3666 (-1.95785, 11.7352); 3703 (-1.83687, 11.377); 3924 (-2.11619, 11.6978); ]
    1254 (-2.97355, 9.88544) -> [ 2246 (-2.98012, 8.13123); 3472 (-2.60291, 8.26482); ]
    1255 (-0.44289, 7.42611) -> [ ]
    1256 (12.3975, -3.27733) -> [ ]
    1257 (23.0236, 17.8269) -> [ 1307 (23.8249, 19.539); 1637 (22.3033, 19.403); ]
    1261 (21.7357, -3.31226) -> [ ]
    1263 (21.1125, 8.52969) -> [ 2449 (21.498, 10.4333); ]
    1264 (-7.4573, 21.1609) -> [ ]
    1265 (21.9371, 23.3312) -> [ ]
    1266 (-5.78535, -5.66819) -> [ ]
    1267 (9.23539, 18.3146) -> [ 2913 (11.0192, 18.5735); ]
    1268 (13.5206, 4.77808) -> [ 1684 (14.7916, 6.31166); 2843 (14.0025, 6.61225); ]
    1269 (3.25681, 14.4003) -> [ ]
    1270 (-1.29428, -5.753) -> [ ]
    1271 (17.954, 18.8223) -> [ 423 (16.6658, 19.7162); 1969 (16.6507, 19.5083); ]
    1272 (-2.8648, -2.28745) -> [ ]
    1273 (-11.3473, -1.49185) -> [ ]
    1274 (13.659, -8.86875) -> [ 1772 (15.4169, -8.78114); 1950 (15.529, -8.69377); ]
    1275 (-4.63151, -4.5345) -> [ ]
    1276 (-2.36694, 19.3371) -> [ 167 (-2.6123, 20.8432); 512 (-2.69332, 20.7229); 785 (-3.54626, 20.5876); 1516 (-3.6927, 19.8847); ]
    1277 (16.2934, -7.49714) -> [ ]
    1278 (8.52172, -2.62204) -> [ 1478 (10.148, -1.64672); 1609 (9.31142, -4.08374); 2045 (9.86142, -3.87828); 3874 (9.84135, -3.77641); ]
    1279 (-10.0194, -4.23975) -> [ ]
    1280 (2.0984, 10.9356) -> [ ]
    1281 (0.138963, 2.48273) -> [ ]
    1282 (7.50249, 15.7868) -> [ ]
    1283 (-1.17747, 17.0513) -> [ ]
    1284 (23.7823, 5.17108) -> [ ]
    1286 (22.9262, -5.57007) -> [ ]
    1288 (18.0946, 3.40485) -> [ ]
    1289 (-0.350621, -2.02203) -> [ ]
    1290 (16.2144, 6.14538) -> [ ]
    1291 (14.4365, -2.96314) -> [ 2581 (15.8267, -1.92765); ]
    1292 (-4.62089, -7.24855) -> [ ]
    1293 (9.06296, 22.8026) -> [ ]
    1294 (-7.76582, 14.2722) -> [ ]
    1295 (-3.49932, 11.2028) -> [ 1946 (-5.34716, 11.7073); 2112 (-4.40469, 12.6753); 2422 (-4.44859, 12.7104); 3296 (-4.55392, 12.6839); ]
    1296 (4.70784, 9.95803) -> [ 2559 (6.52, 9.85559); ]
    1297 (18.8227, 17.0361) -> [ 1271 (17.954, 18.8223); ]
    1299 (18.6277, 16.8239) -> [ ]
    1301 (13.5184, -4.94188) -> [ ]
    1302 (21.1623, 9.52537) -> [ 1982 (19.9082, 10.9404); ]
    1303 (-4.01392, 3.51881) -> [ 3761 (-2.85401, 1.9277); ]
    1304 (19.5703, -2.4629) -> [ ]
    1305 (5.75271, 8.1357) -> [ ]
    1306 (9.42636, 21.128) -> [ ]
    1307 (23.8249, 19.539) -> [ 542 (23.9409, 20.7371); 743 (24.0041, 20.5731); 1168 (24.6631, 21.0974); 1368 (21.9826, 20.2329); 1748 (24.6511, 21.2993); 3580 (24.8593, 20.8354); 3857 (24.1575, 21.3835); ]
    1308 (5.07001, 4.14371) -> [ ]
    1309 (-10.2615, 18.3042) -> [ ]
    1311 (20.5195, 3.06196) -> [ 1414 (21.2239, 4.93013); ]
    1313 (-9.3971, -6.81993) -> [ 3318 (-10.3777, -8.32371); ]
    1314 (7.21197, 21.4248) -> [ ]
    1315 (19.4201, 6.18833) -> [ ]
    1316 (5.95339, 6.17819) -> [ ]
    1317 (-10.4238, 22.0868) -> [ ]
    1320 (0.712902, -9.23727) -> [ 1882 (1.09792, -11.0995); ]
    1322 (18.8811, 1.99675) -> [ 461 (19.0808, 3.74418); 3655 (18.685, 3.87048); ]
    1323 (-2.46897, 9.33012) -> [ ]
    1324 (-11.2672, 9.80767) -> [ ]
    1325 (-4.92325, 18.427) -> [ 3590 (-5.85874, 18.8959); ]
    1326 (16.8173, 24.9321) -> [ ]
    1327 (13.8783, 17.8127) -> [ ]
    1328 (-11.338, -9.1886) -> [ ]
    1329 (21.2672, -11.7403) -> [ ]
    1330 (17.9992, -6.56304) -> [ 3353 (19.5734, -5.36362); ]
    1332 (11.5539, 4.30104) -> [ ]
    1333 (-1.93609, -2.67783) -> [ ]
    1334 (17.5898, 9.76689) -> [ ]
    1335 (7.70439, -8.33204) -> [ ]
    1336 (-1.9519, 18.6121) -> [ ]
    1337 (6.07061, -6.09137) -> [ ]
    1338 (-9.25815, -4.81047) -> [ ]
    1340 (1.95655, 15.6121) -> [ ]
    1341 (-11.8464, 1.70208) -> [ ]
    1342 (23.8046, -9.98407) -> [ 3757 (24.6648, -8.69906); ]
    1343 (2.28923, -10.6667) -> [ ]
    1344 (15.8071, 13.9537) -> [ 2754 (14.0172, 13.1172); ]
    1346 (-0.150909, 2.08524) -> [ ]
    1347 (-7.90305, -0.0689398) -> [ ]
    1348 (1.64248, 5.05113) -> [ ]
    1349 (-0.303961, 19.431) -> [ 2513 (0.0515982, 20.5587); 3424 (0.438941, 20.8401); ]
    1350 (16.0987, -9.2245) -> [ 3981 (17.7086, -8.42479); ]
    1351 (-1.72883, 15.0911) -> [ ]
    1352 (0.482056, 12.1047) -> [ 6 (-0.00821099, 10.1731); 177 (2.04671, 10.9116); 227 (-0.762584, 10.7776); 1280 (2.0984, 10.9356); 2126 (-0.982842, 11.1594); 2195 (-1.03254, 11.4171); 2933 (2.09615, 11.2758); 3613 (1.4021, 10.7066); ]
    1353 (-6.28191, 6.71356) -> [ 681 (-7.01294, 5.53001); 2258 (-7.58147, 6.00337); 2849 (-6.96239, 4.95332); 3199 (-7.96588, 6.68432); 3324 (-7.95221, 5.73111); ]
    1354 (2.67977, 23.8408) -> [ ]
    1355 (-9.28578, 10.3312) -> [ ]
    1357 (11.9619, 17.4984) -> [ 1245 (12.78, 16.3042); 1598 (12.4285, 15.6421); 3259 (13.175, 16.0704); ]
    1359 (2.01489, 11.6434) -> [ 233 (1.49827, 9.91397); 850 (1.36642, 9.82074); 1588 (3.79461, 11.915); 3986 (3.46902, 12.982); ]
    1360 (-11.475, 16.7612) -> [ ]
    1361 (6.35949, 13.6227) -> [ ]
    1362 (3.9339, 15.735) -> [ 193 (5.53494, 15.0087); ]
    1363 (17.8464, -0.111532) -> [ 450 (18.2221, 1.3473); ]
    1364 (-7.78449, -0.563505) -> [ ]
    1365 (-3.51731, 11.4812) -> [ 813 (-5.08476, 11.1206); 3726 (-3.83155, 9.7543); 3978 (-4.59294, 10.0506); ]
    1366 (9.30202, 23.5871) -> [ ]
    1367 (-10.6806, 6.07119) -> [ 1471 (-12.3194, 4.99468); 2148 (-11.9941, 4.71116); ]
    1368 (21.9826, 20.2329) -> [ 2676 (20.2641, 21.1984); 3013 (21.0895, 21.9617); ]
    1369 (-0.518329, 13.9862) -> [ 989 (-1.81547, 13.3548); 2391 (-2.45066, 13.915); ]
    1370 (2.89927, 22.9708) -> [ 3037 (3.44246, 24.5026); 3527 (3.36544, 24.3789); 3632 (3.85765, 23.7617); 3669 (3.82078, 24.7067); ]
    1371 (-12.4901, 0.0178523) -> [ ]
    1372 (-6.09871, 20.7145) -> [ 592 (-7.50144, 21.8997); ]
    1373 (8.1575, 2.65952) -> [ ]
    1375 (14.7014, 16.1559) -> [ 3141 (13.1693, 15.4658); ]
    1376 (8.17562, -3.9795) -> [ ]
    1377 (-9.14889, 5.34146) -> [ 2751 (-8.70002, 3.70827); 2774 (-9.56306, 3.63032); 3740 (-10.5425, 4.09698); ]
    1378 (3.52335, 5.98999) -> [ 2851 (5.41563, 6.50127); 3539 (5.06158, 5.04874); ]
    1380 (-7.62116, 18.3717) -> [ ]
    1382 (-4.42346, -4.69734) -> [ 1401 (-5.17424, -6.51735); ]
    1383 (4.19607, -2.50554) -> [ ]
    1386 (-1.17101, 17.0476) -> [ ]
    1387 (2.55649, 20.1184) -> [ 3718 (3.72523, 21.2734); ]
    1388 (-12.4969, 20.6319) -> [ ]
    1390 (-4.19446, 19.5691) -> [ 2141 (-4.91446, 20.922); ]
    1391 (-10.5601, 7.14842) -> [ 3776 (-10.0592, 5.24956); ]
    1392 (1.30301, 13.186) -> [ 1352 (0.482056, 12.1047); 3196 (1.40276, 11.6991); ]
    1393 (19.9279, -0.693221) -> [ 1781 (20.0113, 1.25152); 3264 (20.9648, 0.904919); ]
    1394 (15.0399, 8.72294) -> [ ]
    1395 (16.9201, -7.71891) -> [ ]
    1396 (20.298, -2.79363) -> [ 2156 (21.6841, -1.70423); 2181 (20.996, -4.63855); 2766 (21.7104, -1.53767); 3724 (21.1797, -1.62236); ]
    1397 (-4.44498, 3.92699) -> [ 2453 (-3.46975, 2.45047); ]
    1398 (1.95695, -9.54007) -> [ 347 (3.53528, -10.7237); 1556 (3.279, -10.9817); 2544 (3.40248, -10.5551); 3045 (3.69344, -10.2822); ]
    1399 (1.43345, 9.10386) -> [ ]
    1400 (-7.4266, 1.42015) -> [ ]
    1401 (-5.17424, -6.51735) -> [ ]
    1402 (20.0845, 22.9957) -> [ ]
    1403 (-5.04928, 22.6046) -> [ 3019 (-5.97023, 23.892); ]
    1404 (7.82704, 23.6402) -> [ ]
    1405 (-12.1419, 2.91884) -> [ 2483 (-12.4583, 1.00359); ]
    1407 (4.5131, 21.0179) -> [ ]
    1408 (23.3027, 13.7337) -> [ 462 (24.0388, 15.0678); 1635 (22.7351, 15.5808); ]
    1409 (2.24063, -8.8147) -> [ ]
    1410 (5.59896, 7.01903) -> [ ]
    1411 (-4.23793, -10.5763) -> [ ]
    1412 (3.83368, 15.8505) -> [ 60 (5.66834, 16.6409); ]
    1413 (17.7412, 7.08261) -> [ ]
    1414 (21.2239, 4.93013) -> [ 3696 (22.8998, 5.60424); ]
    1416 (-6.05406, 19.2538) -> [ ]
    1417 (-10.072, -3.73693) -> [ ]
    1418 (22.9387, 11.3322) -> [ ]
    1419 (16.7754, 8.89583) -> [ 2264 (15.2341, 9.98705); 3759 (15.9299, 10.2388); ]
    1420 (16.7043, 22.2132) -> [ ]
    1421 (-11.7376, 17.6583) -> [ 912 (-12.4725, 18.7409); ]
    1422 (21.1684, -3.66373) -> [ ]
    1423 (1.72509, 21.5001) -> [ ]
    1424 (-5.40806, 14.1072) -> [ ]
    1426 (20.4659, 13.4636) -> [ 3889 (19.1069, 14.7355); ]
    1427 (-5.75317, 16.0295) -> [ ]
    1428 (3.69054, 8.50918) -> [ 934 (5.66674, 8.59832); 2826 (3.78387, 6.59537); ]
    1429 (22.0305, 0.891305) -> [ ]
    1430 (2.52956, -10.4342) -> [ ]
    1432 (15.1233, 20.0062) -> [ ]
    1434 (-9.40283, 20.4688) -> [ ]
    1435 (1.76461, 21.5239) -> [ ]
    1436 (-2.00544, 0.514417) -> [ ]
    1437 (1.82678, 9.07855) -> [ ]
    1438 (11.3317, 20.7767) -> [ ]
    1443 (15.2804, 0.316562) -> [ ]
    1445 (7.9351, -8.32702) -> [ ]
    1447 (-2.79712, -7.79181) -> [ ]
    1449 (21.502, -3.11802) -> [ ]
    1450 (12.2088, -5.00435) -> [ ]
    1451 (23.3081, 2.80386) -> [ ]
    1453 (6.06021, -0.271222) -> [ 590 (7.34243, -1.70953); 1051 (7.84333, 0.390353); ]
    1454 (24.0334, 16.4909) -> [ 959 (24.6379, 18.3607); 1257 (23.0236, 17.8269); 3581 (24.2255, 18.3852); ]
    1456 (-1.95967, -3.75987) -> [ 115 (-0.296523, -4.70151); 575 (-2.46953, -5.58961); 3166 (-0.526008, -4.95481); ]
    1460 (-0.401365, 18.2351) -> [ 275 (0.435861, 18.9454); 481 (-0.866157, 19.7767); 1695 (0.359249, 18.6983); ]
    1461 (23.64, 23.1437) -> [ 530 (21.7342, 23.6201); 1265 (21.9371, 23.3312); 1861 (22.1066, 24.2887); 2051 (21.8586, 23.817); ]
    1462 (22.0436, 10.4413) -> [ 510 (21.4555, 12.1301); 2898 (20.624, 11.5108); ]
    1463 (11.5229, -4.98018) -> [ 1301 (13.5184, -4.94188); 2940 (13.3652, -4.77963); ]
    1464 (-7.71787, 11.0072) -> [ ]
    1465 (-2.79977, 8.65674) -> [ ]
    1466 (6.03536, 11.9939) -> [ ]
    1467 (-3.03538, 12.0899) -> [ 280 (-4.95654, 12.2694); 694 (-4.7306, 12.1149); ]
    1469 (7.3657, 14.5744) -> [ ]
    1470 (14.6936, 22.1606) -> [ ]
    1471 (-12.3194, 4.99468) -> [ ]
    1472 (5.11146, 16.9694) -> [ ]
    1473 (16.5486, -6.10509) -> [ ]
    1474 (-4.81819, -12.495) -> [ ]
    1477 (10.7612, -1.26849) -> [ ]
    1478 (10.148, -1.64672) -> [ 1149 (11.9814, -1.7131); 3873 (11.9716, -1.89878); ]
    1479 (17.7314, -3.0956) -> [ 3415 (19.5593, -3.89318); 3416 (19.6084, -3.75217); ]
    1480 (-2.48764, 20.1064) -> [ 2648 (-2.38336, 21.8317); ]
    1481 (-8.80584, -2.12456) -> [ ]
    1482 (10.3639, 21.5937) -> [ 209 (11.6705, 22.1416); 894 (11.4374, 22.459); ]
    1483 (-5.55583, -4.29749) -> [ 61 (-4.56747, -5.23338); ]
    1484 (13.6504, -4.11487) -> [ ]
    1485 (5.67922, 5.59662) -> [ 2804 (7.41034, 4.77581); ]
    1487 (11.4915, -8.14274) -> [ 860 (13.3844, -8.59108); ]
    1488 (-2.9727, 5.33865) -> [ ]
    1489 (-10.1477, -6.29778) -> [ ]
    1490 (3.77089, 1.503) -> [ ]
    1491 (-6.24808, 12.4168) -> [ 3952 (-6.5882, 13.7566); ]
    1492 (17.6798, 6.55387) -> [ ]
    1493 (-10.18, 23.9538) -> [ ]
    1494 (-9.00944, -0.565058) -> [ ]
    1495 (4.26684, 21.2548) -> [ ]
    1496 (-7.42372, -9.0932) -> [ ]
    1497 (-6.70934, 18.9553) -> [ ]
    1498 (13.512, -5.83541) -> [ 2293 (15.1241, -6.94695); ]
    1499 (6.75691, -2.14607) -> [ ]
    1500 (17.6129, 5.21787) -> [ ]
    1501 (-6.5538, 4.65263) -> [ 2949 (-6.40543, 2.67302); 3148 (-6.11258, 2.8285); ]
    1505 (-10.4401, 2.04299) -> [ ]
    1506 (15.09, 22.7989) -> [ ]
    1509 (6.89358, 11.4575) -> [ ]
    1510 (-0.267993, -11.2303) -> [ ]
    1511 (23.3759, 6.98247) -> [ 3728 (24.346, 8.57103); ]
    1512 (-7.91795, -5.85009) -> [ ]
    1513 (3.76191, -3.04946) -> [ ]
    1514 (5.84014, -4.60865) -> [ ]
    1515 (5.86348, 15.1667) -> [ 1552 (7.07681, 14.8355); 3392 (7.39001, 16.0372); ]
    1516 (-3.6927, 19.8847) -> [ 1221 (-5.00135, 21.0754); ]
    1517 (15.2073, 16.0363) -> [ ]
    1519 (23.8524, 13.5179) -> [ 1475 (24.9877, 14.8079); ]
    1520 (-8.0518, 22.9964) -> [ ]
    1521 (-4.11276, 4.19525) -> [ ]
    1522 (15.7716, 5.11302) -> [ 1924 (16.0403, 7.04136); 3023 (16.036, 7.07479); ]
    1523 (-10.4357, 6.72349) -> [ 1182 (-11.1791, 5.18295); ]
    1524 (12.4586, -0.319167) -> [ 776 (13.6639, 1.17359); 1103 (13.0212, 1.34003); 3083 (12.4757, 1.53069); 3988 (13.8591, 1.01006); ]
    1525 (-11.6699, 15.706) -> [ ]
    1527 (22.0927, -0.60163) -> [ ]
    1528 (24.6425, -0.160055) -> [ ]
    1529 (0.679256, -12.1984) -> [ ]
    1530 (-10.3118, 20.8804) -> [ ]
    1531 (15.7995, -4.42989) -> [ 245 (17.2515, -5.05801); 3821 (17.3411, -4.36139); ]
    1532 (4.41457, 12.6462) -> [ 3866 (5.99848, 13.7887); ]
    1533 (5.22791, -8.79262) -> [ ]
    1534 (-2.84299, 18.7653) -> [ 524 (-3.62651, 20.2533); 882 (-3.9092, 20.2079); 1390 (-4.19446, 19.5691); 2869 (-3.9834, 18.8805); ]
    1535 (-2.637, 2.21593) -> [ ]
    1536 (13.3147, 19.3505) -> [ ]
    1537 (8.11727, 3.19341) -> [ ]
    1538 (-0.424412, 2.4047) -> [ ]
    1540 (16.0571, 4.65833) -> [ 1290 (16.2144, 6.14538); 1300 (16.0036, 6.04337); ]
    1541 (9.55299, -4.67324) -> [ ]
    1542 (21.966, 7.0844) -> [ 184 (20.9432, 8.55996); 1263 (21.1125, 8.52969); 1583 (21.0332, 8.72736); ]
    1544 (24.9141, 4.99905) -> [ 460 (24.4873, 6.92593); ]
    1545 (10.5821, -11.8306) -> [ ]
    1550 (3.61899, 20.288) -> [ 157 (4.77093, 21.5577); 523 (4.27759, 22.0774); 1014 (4.59789, 21.5289); ]
    1551 (5.81532, -12.1691) -> [ ]
    1552 (7.07681, 14.8355) -> [ ]
    1553 (5.42208, 1.76158) -> [ 2457 (6.78156, 0.298999); ]
    1555 (2.09413, -2.43803) -> [ ]
    1556 (3.279, -10.9817) -> [ 2735 (4.75766, -11.345); ]
    1557 (4.45855, 20.9851) -> [ 2286 (5.91801, 21.4761); 3983 (4.87514, 22.5135); ]
    1558 (5.64069, 1.01158) -> [ ]
    1559 (18.2324, -6.98395) -> [ ]
    1561 (24.465, -10.6384) -> [ ]
    1562 (1.92004, -7.80025) -> [ 1398 (1.95695, -9.54007); 1964 (2.98542, -9.3986); 2424 (3.53814, -8.66386); 2572 (3.6012, -7.4972); 3255 (2.58081, -9.67786); 3700 (2.45266, -9.70944); ]
    1563 (-8.49514, 7.87003) -> [ 3974 (-8.62679, 5.99608); ]
    1565 (20.2627, -4.74028) -> [ ]
    1566 (-9.46654, -6.56248) -> [ ]
    1569 (16.3436, 24.4831) -> [ ]
    1570 (3.63106, 16.1957) -> [ ]
    1571 (23.6076, 24.1255) -> [ ]
    1572 (-1.51661, -5.03942) -> [ ]
    1574 (-8.25382, 1.82991) -> [ ]
    1575 (16.4411, 6.73824) -> [ ]
    1576 (20.7661, 10.6709) -> [ 1441 (20.5413, 12.6355); 2771 (20.877, 12.3551); 3790 (20.9335, 12.3009); 3843 (20.8648, 12.2075); ]
    1577 (22.3774, 9.99629) -> [ 1433 (23.7925, 11.0235); ]
    1578 (-8.81941, -7.47293) -> [ 629 (-10.4181, -8.52588); 823 (-10.3429, -8.51684); 2706 (-8.16834, -9.23624); 2947 (-9.69591, -9.1999); ]
    1579 (15.4724, 10.779) -> [ ]
    1580 (18.7301, 19.7582) -> [ ]
    1581 (1.8413, 11.2799) -> [ 217 (0.427322, 9.95212); 616 (0.894855, 9.60096); 819 (0.328861, 10.9525); 917 (2.74372, 9.94417); 1223 (0.203543, 11.278); 1708 (0.78644, 9.9051); 3064 (-0.0112137, 11.4025); 3086 (3.4785, 11.5641); 3316 (0.463226, 10.1309); 3397 (2.04231, 13.2663); 3719 (3.71486, 11.0993); ]
    1582 (-9.19846, 10.3669) -> [ ]
    1583 (21.0332, 8.72736) -> [ 1030 (20.7082, 10.6107); 1576 (20.7661, 10.6709); ]
    1584 (-11.069, 14.6865) -> [ ]
    1585 (-6.25445, 20.9721) -> [ ]
    1586 (5.85855, -2.69171) -> [ 1035 (7.20738, -4.04521); ]
    1587 (-7.78662, 12.539) -> [ ]
    1588 (3.79461, 11.915) -> [ 1744 (5.53897, 12.7872); ]
    1589 (15.9335, 2.39721) -> [ 529 (17.1251, 3.96825); ]
    1591 (12.4918, -11.9564) -> [ ]
    1592 (14.2882, 0.641231) -> [ ]
    1593 (14.9001, -3.7503) -> [ 3991 (16.5277, -3.87765); ]
    1595 (-6.99482, 5.86798) -> [ ]
    1596 (15.5251, -12.3309) -> [ ]
    1597 (16.1004, 2.8241) -> [ 300 (17.7841, 3.78478); 1540 (16.0571, 4.65833); 3156 (16.8222, 4.04461); 3643 (17.7806, 3.79653); 3668 (17.9407, 3.42507); ]
    1600 (-5.96606, -11.155) -> [ ]
    1601 (-6.28072, -8.8588) -> [ ]
    1602 (-7.52163, -4.00231) -> [ ]
    1604 (-6.84276, 6.11569) -> [ ]
    1606 (17.0384, -4.26005) -> [ ]
    1607 (10.5682, -0.427473) -> [ 2353 (12.2567, 0.36261); ]
    1608 (-3.42873, 9.41676) -> [ ]
    1609 (9.31142, -4.08374) -> [ ]
    1610 (1.15077, -8.21882) -> [ 1242 (3.05595, -8.745); 2855 (2.92237, -8.96777); ]
    1611 (-6.95234, 24.3026) -> [ ]
    1612 (18.9959, -4.60981) -> [ 640 (20.5121, -4.5825); ]
    1613 (-1.2534, 20.4181) -> [ ]
    1614 (11.6989, -11.754) -> [ 1439 (13.2791, -12.414); ]
    1615 (-1.07336, 8.81517) -> [ ]
    1616 (19.8215, -9.68135) -> [ ]
    1617 (-8.29145, 22.5604) -> [ 434 (-9.16159, 23.5658); ]
    1618 (-4.38287, 11.926) -> [ ]
    1619 (-9.88731, -10.2998) -> [ ]
    1620 (7.26682, 19.524) -> [ 133 (9.18551, 19.1455); 1773 (8.69808, 20.4752); 3713 (8.99786, 20.0446); ]
    1621 (18.2062, 11.549) -> [ ]
    1622 (-7.25847, -10.5835) -> [ 2463 (-5.9607, -12.0686); ]
    1623 (-4.3736, 1.71372) -> [ ]
    1624 (23.9533, 9.97241) -> [ ]
    1625 (-3.05311, 4.43832) -> [ ]
    1626 (-10.7706, 9.03743) -> [ ]
    1628 (11.9991, -4.94926) -> [ ]
    1630 (-3.862, 0.731196) -> [ ]
    1631 (-0.852858, 2.71133) -> [ ]
    1632 (-0.0574985, 17.9374) -> [ 584 (-0.0430625, 19.0872); 639 (0.302753, 18.8695); 966 (0.135989, 19.7284); 1349 (-0.303961, 19.431); 1895 (0.171274, 19.8296); 2134 (0.347736, 18.9757); 3409 (0.369108, 19.8297); 3607 (0.410525, 19.4582); ]
    1633 (-3.72005, -9.58085) -> [ ]
    1634 (16.9581, 14.295) -> [ 2169 (14.9887, 14.6091); 2239 (15.3077, 14.7904); ]
    1635 (22.7351, 15.5808) -> [ 459 (21.6827, 17.271); ]
    1637 (22.3033, 19.403) -> [ ]
    1638 (21.2506, 14.1046) -> [ 2392 (20.2822, 15.735); 3257 (20.8287, 16.0231); ]
    1639 (15.1587, 20.6969) -> [ ]
    1640 (4.96248, 23.1394) -> [ ]
    1641 (12.361, 17.2992) -> [ ]
    1643 (5.61491, 0.8165) -> [ ]
    1644 (8.37412, -10.9048) -> [ ]
    1645 (11.3622, -6.91978) -> [ ]
    1646 (2.27855, 0.763394) -> [ 638 (2.80444, -0.90622); 937 (2.45112, -1.12563); 2291 (4.15409, 0.290351); 2739 (3.08298, -1.00036); ]
    1647 (22.7397, -9.22384) -> [ ]
    1648 (13.7805, 23.3547) -> [ ]
    1649 (-0.248146, -5.95341) -> [ ]
    1651 (2.24514, 21.3201) -> [ 289 (3.20823, 23.0556); 1370 (2.89927, 22.9708); ]
    1652 (24.6796, 3.08811) -> [ ]
    1655 (-2.14273, -0.386747) -> [ ]
    1656 (15.4946, 1.83117) -> [ 2022 (17.325, 2.34679); ]
    1658 (23.9496, 12.3671) -> [ 3456 (24.6428, 14.232); ]
    1660 (7.74066, 8.71102) -> [ ]
    1661 (-3.59182, -6.35142) -> [ ]
    1662 (-9.08151, -8.84344) -> [ 3692 (-7.74702, -10.0863); ]
    1663 (13.2625, 23.1912) -> [ ]
    1664 (15.1488, -10.0497) -> [ 1961 (17.0073, -9.34354); ]
    1666 (9.55518, 18.6619) -> [ 924 (11.2081, 18.8562); ]
    1667 (9.33642, 22.5036) -> [ ]
    1668 (-9.22966, 17.6015) -> [ 2226 (-9.44409, 19.3992); 3683 (-9.70921, 19.5118); ]
    1670 (4.0184, -2.169) -> [ 3087 (4.988, -3.80022); ]
    1671 (20.1398, 20.446) -> [ ]
    1672 (22.5132, 16.3725) -> [ ]
    1673 (-1.78423, 6.40922) -> [ ]
    1674 (-10.6008, 8.92365) -> [ 2066 (-11.4285, 7.34077); 2580 (-11.9197, 7.90996); 3031 (-11.545, 10.4946); 3320 (-11.8049, 7.66823); 3778 (-12.4032, 9.65171); ]
    1675 (4.53507, -6.58407) -> [ 2077 (5.75974, -8.10402); ]
    1676 (-11.9671, -3.72704) -> [ ]
    1677 (13.1525, 0.474903) -> [ 1963 (14.0661, 2.09154); 3891 (14.8233, 1.5494); ]
    1678 (15.7798, 6.37571) -> [ ]
    1679 (-9.66904, 1.79612) -> [ 2980 (-10.7897, 0.487765); ]
    1680 (5.74439, 5.5472) -> [ ]
    1681 (-6.14393, 12.7883) -> [ ]
    1682 (-4.11039, 18.8492) -> [ 3245 (-5.10907, 20.0641); 3490 (-5.21597, 19.6973); ]
    1683 (14.6926, 1.20979) -> [ ]
    1684 (14.7916, 6.31166) -> [ 2631 (14.8108, 8.02407); 3187 (15.7724, 7.70291); ]
    1685 (20.8717, 8.86382) -> [ 1065 (19.941, 10.4149); ]
    1686 (18.4168, -2.81205) -> [ ]
    1687 (-9.45596, -2.4091) -> [ ]
    1688 (7.32266, -6.91469) -> [ ]
    1689 (-7.06609, 12.5118) -> [ 2346 (-7.98943, 14.1377); 2786 (-7.54855, 10.6103); ]
    1690 (17.0887, 13.5867) -> [ ]
    1691 (11.0281, -6.99494) -> [ ]
    1693 (6.81997, 18.1605) -> [ 961 (8.51862, 18.1176); ]
    1695 (0.359249, 18.6983) -> [ ]
    1697 (-3.51868, 18.2948) -> [ 3441 (-4.44833, 19.3191); ]
    1698 (-10.3864, 10.9168) -> [ 3614 (-10.8444, 9.02259); ]
    1699 (-8.46455, 1.57128) -> [ 2493 (-7.41078, 0.296889); 3191 (-7.93555, 0.345779); 3902 (-10.1119, 0.57628); ]
    1700 (-8.70712, 9.50562) -> [ ]
    1701 (-7.30582, 0.856463) -> [ ]
    1703 (16.8642, 4.96037) -> [ ]
    1705 (6.18158, -10.3344) -> [ 1767 (7.88506, -11.0351); ]
    1706 (9.41158, 7.42764) -> [ ]
    1708 (0.78644, 9.9051) -> [ ]
    1709 (15.6934, -0.276295) -> [ ]
    1711 (-7.20567, 14.613) -> [ 2236 (-7.52547, 16.5267); 3876 (-7.77262, 16.3806); ]
    1712 (-6.31979, -6.90741) -> [ ]
    1713 (-9.17068, -10.5219) -> [ ]
    1714 (-9.75146, -4.65862) -> [ 3238 (-7.99333, -5.43606); ]
    1715 (-7.74609, 5.27363) -> [ ]
    1716 (23.3283, 7.48911) -> [ ]
    1717 (15.2331, 16.5761) -> [ ]
    1718 (8.85339, -3.64606) -> [ ]
    1719 (13.9539, 7.41649) -> [ ]
    1720 (-3.17691, 17.3786) -> [ ]
    1721 (18.1506, -2.8679) -> [ 769 (19.7295, -3.5306); 3944 (19.8282, -3.54063); ]
    1722 (-10.9652, -3.03931) -> [ ]
    1724 (14.0541, 6.95873) -> [ ]
    1725 (19.0282, 6.23498) -> [ 317 (19.4516, 7.95684); 3781 (18.595, 8.14191); ]
    1727 (-1.38833, 11.0812) -> [ 2946 (-3.04924, 10.8284); ]
    1728 (-1.86405, 11.6307) -> [ ]
    1729 (9.85288, 1.64487) -> [ 2982 (11.7295, 2.09462); 3467 (10.5412, 3.23986); ]
    1730 (2.13435, 15.6955) -> [ 1362 (3.9339, 15.735); 1412 (3.83368, 15.8505); 1570 (3.63106, 16.1957); 2235 (3.65857, 16.1877); ]
    1731 (-6.25811, -2.19015) -> [ ]
    1732 (15.1068, 2.49876) -> [ 746 (16.1838, 4.02168); ]
    1733 (-9.24533, 0.523015) -> [ ]
    1734 (22.4632, 9.33809) -> [ 356 (21.1863, 10.7385); 2227 (21.7152, 10.6488); 3018 (23.1987, 11.1632); ]
    1735 (-7.24713, -8.47968) -> [ ]
    1736 (4.69588, 10.8497) -> [ 213 (6.59718, 11.1536); 1167 (6.65426, 10.7244); ]
    1737 (5.01877, 21.4498) -> [ 2810 (6.89283, 21.6314); ]
    1738 (-6.02087, -5.97025) -> [ ]
    1741 (9.92185, 7.91251) -> [ 656 (11.4491, 9.19153); 3382 (10.8619, 9.61268); ]
    1742 (16.8911, 5.08659) -> [ 1492 (17.6798, 6.55387); ]
    1743 (4.73646, 2.82796) -> [ 969 (6.47414, 3.52688); ]
    1744 (5.53897, 12.7872) -> [ 565 (7.34754, 13.5927); 1049 (7.30681, 13.004); 1310 (7.52178, 12.5912); 3645 (7.37817, 12.7804); ]
    1745 (3.39796, 23.4846) -> [ ]
    1746 (-5.99968, 14.9501) -> [ 866 (-7.20403, 16.4906); 982 (-6.54703, 16.4011); 3302 (-6.68363, 16.6921); 3896 (-7.02814, 16.1911); ]
    1748 (24.6511, 21.2993) -> [ 259 (24.5957, 23.2339); 379 (23.7115, 22.6855); 3405 (23.2158, 22.2473); ]
    1749 (4.40047, 17.2577) -> [ ]
    1750 (-3.46774, 23.2679) -> [ 2084 (-4.08709, 24.4756); 2464 (-4.92664, 24.6164); 3017 (-4.40444, 24.7728); 3315 (-3.04441, 24.9639); ]
    1751 (-7.59077, 3.32675) -> [ 1400 (-7.4266, 1.42015); 3321 (-7.22065, 1.63471); ]
    1752 (17.8646, -1.90741) -> [ ]
    1753 (19.4252, 16.4987) -> [ ]
    1754 (23.3576, 15.7428) -> [ 1063 (22.5236, 17.5385); ]
    1755 (7.95778, -9.44397) -> [ ]
    1756 (-12.2577, 1.73966) -> [ 1371 (-12.4901, 0.0178523); ]
    1758 (0.504019, -4.90817) -> [ ]
    1760 (-12.3507, -7.14314) -> [ 3832 (-12.3742, -9.00106); ]
    1761 (-8.28369, 8.82308) -> [ 3262 (-8.33097, 6.91824); ]
    1762 (17.345, 7.85112) -> [ 3526 (16.9129, 9.7975); ]
    1763 (13.2819, 4.83092) -> [ ]
    1764 (4.3004, 17.8902) -> [ 544 (5.5152, 18.6388); 2249 (5.98554, 18.162); 2395 (5.90447, 18.1805); ]
    1765 (18.3887, -2.84777) -> [ ]
    1767 (7.88506, -11.0351) -> [ 2905 (9.69724, -11.2928); ]
    1768 (21.3127, -7.5776) -> [ 2844 (23.1768, -7.91176); ]
    1770 (20.4228, 3.18345) -> [ 2426 (22.3116, 3.57145); 3729 (20.6466, 4.91194); ]
    1772 (15.4169, -8.78114) -> [ ]
    1773 (8.69808, 20.4752) -> [ ]
    1774 (3.53589, -4.20303) -> [ 3239 (3.62312, -6.1591); ]
    1775 (22.3719, 10.627) -> [ 278 (21.0254, 12.0983); ]
    1777 (-8.00951, 1.26567) -> [ ]
    1778 (6.16995, 16.6201) -> [ ]
    1779 (13.544, -9.99678) -> [ 1847 (15.4179, -9.41759); 1860 (14.9895, -11.272); 2718 (15.2708, -9.37043); 2824 (15.3653, -9.75637); ]
    1781 (20.0113, 1.25152) -> [ 1896 (21.6384, 2.13689); ]
    1783 (20.6212, 3.8708) -> [ ]
    1784 (22.1814, -7.93147) -> [ 3794 (22.7609, -6.49269); 3962 (23.4396, -9.21945); ]
    1785 (-3.99839, 4.56438) -> [ 3826 (-4.80061, 3.06482); ]
    1786 (-0.864366, -9.88966) -> [ ]
    1787 (-8.23064, 22.3986) -> [ 152 (-9.06454, 22.336); 901 (-9.83654, 23.4907); 2981 (-9.66632, 23.4136); 3804 (-9.59508, 23.0027); ]
    1788 (14.7009, 7.91162) -> [ ]
    1790 (10.6273, -3.69743) -> [ ]
    1791 (22.0192, 4.4101) -> [ ]
    1792 (1.30324, 13.1286) -> [ 951 (2.1455, 11.3153); 1074 (1.3975, 11.1383); 1253 (-0.41721, 12.4789); 1359 (2.01489, 11.6434); 1581 (1.8413, 11.2799); 1887 (2.79458, 12.2358); 3117 (2.74745, 12.6305); ]
    1795 (12.3251, -8.58357) -> [ 439 (13.4518, -7.13976); 1779 (13.544, -9.99678); ]
    1796 (0.828745, 1.21794) -> [ 2025 (1.85109, -0.274657); ]
    1797 (4.65114, 6.51734) -> [ ]
    1798 (21.8193, -1.81346) -> [ ]
    1799 (23.1078, 13.5499) -> [ 3381 (22.1517, 15.2042); 3540 (22.8609, 15.1925); ]
    1800 (6.6516, -9.34838) -> [ ]
    1801 (15.4008, 21.4879) -> [ ]
    1804 (-9.21825, 21.2544) -> [ ]
    1806 (3.18671, -4.29332) -> [ ]
    1807 (7.5182, -5.95282) -> [ 270 (8.57149, -7.63559); 667 (8.58004, -7.46137); 2354 (8.95665, -7.25049); ]
    1808 (-2.11946, 22.8226) -> [ 73 (-1.67728, 23.8873); 610 (-1.5666, 24.4441); ]
    1809 (12.381, -10.9656) -> [ ]
    1810 (23.6832, -6.57438) -> [ 3956 (24.1375, -4.90863); ]
    1811 (0.455858, 22.9264) -> [ ]
    1812 (-0.154181, 18.6948) -> [ ]
    1814 (-0.804363, 17.5755) -> [ 3823 (-2.27671, 17.7617); ]
    1815 (14.2563, 2.27017) -> [ ]
    1816 (-2.67959, -1.01792) -> [ ]
    1817 (-9.15293, -9.67986) -> [ 3803 (-8.45979, -11.3273); ]
    1820 (-11.4987, 18.4578) -> [ 3620 (-11.893, 19.9662); ]
    1822 (-0.952708, 3.05634) -> [ ]
    1823 (1.48363, -4.03352) -> [ ]
    1825 (5.10614, 0.946859) -> [ 1070 (6.90241, 1.175); 2505 (6.75972, 1.1205); ]
    1826 (6.77173, 6.94614) -> [ ]
    1827 (17.2417, 3.07007) -> [ ]
    1830 (-9.93713, 4.40932) -> [ ]
    1831 (-4.08174, 7.31686) -> [ ]
    1832 (23.0443, 3.9474) -> [ ]
    1835 (-1.18273, 16.9627) -> [ 3680 (-1.5872, 18.1982); ]
    1837 (5.56415, -5.11292) -> [ 351 (7.19052, -6.163); 2753 (7.26838, -5.85038); 3294 (6.16272, -6.98021); 3976 (6.27366, -6.8945); ]
    1838 (-6.86179, -8.68343) -> [ 3277 (-7.23282, -10.3715); 3628 (-6.41513, -9.94304); 3708 (-5.1162, -9.40315); ]
    1839 (0.986486, 13.6718) -> [ 4 (0.906567, 11.9516); 390 (2.16711, 12.238); 812 (1.7858, 12.7723); 1132 (1.61656, 12.4836); 3808 (1.86096, 12.2258); ]
    1841 (12.5609, 18.6042) -> [ 3524 (14.3543, 18.3137); 3935 (14.2646, 18.3004); ]
    1843 (3.55301, 1.87944) -> [ 1553 (5.42208, 1.76158); 3144 (5.45434, 1.64545); ]
    1845 (3.55602, 16.2501) -> [ 3082 (5.34665, 16.4937); ]
    1847 (15.4179, -9.41759) -> [ 468 (17.3427, -8.88376); ]
    1848 (-10.617, -4.36033) -> [ ]
    1849 (11.8338, 18.0972) -> [ ]
    1850 (3.96271, -8.30866) -> [ 176 (5.70148, -8.08484); ]
    1851 (10.7091, -2.21491) -> [ 780 (11.2945, -0.377881); 1256 (12.3975, -3.27733); 2796 (11.5287, -3.93224); 2868 (12.5592, -1.52792); ]
    1852 (3.7895, 10.5594) -> [ 186 (5.52309, 9.61976); 617 (5.65226, 9.94127); 1175 (5.75733, 10.4475); 3139 (4.76266, 8.81607); 3656 (5.34241, 9.5389); ]
    1853 (0.0522653, 16.4207) -> [ 1632 (-0.0574985, 17.9374); ]
    1854 (4.35849, -3.98375) -> [ ]
    1855 (-0.242639, -9.38787) -> [ ]
    1856 (-5.13818, 10.3259) -> [ 372 (-5.52133, 8.45761); 519 (-7.0179, 10.5432); 1906 (-6.82045, 9.4266); 3433 (-6.6776, 9.59217); ]
    1857 (15.6607, -3.59418) -> [ ]
    1858 (17.1467, 0.624107) -> [ ]
    1859 (1.48766, 3.29379) -> [ 2571 (3.28934, 2.59393); ]
    1860 (14.9895, -11.272) -> [ 1259 (15.9593, -12.2247); 1596 (15.5251, -12.3309); 2614 (16.4826, -11.6586); 2794 (16.4902, -12.1994); 3145 (16.2308, -12.3059); ]
    1861 (22.1066, 24.2887) -> [ 2716 (20.2012, 24.7695); ]
    1862 (2.51952, -6.74314) -> [ 3846 (2.96185, -8.38343); ]
    1863 (9.99641, -8.96917) -> [ 2035 (11.5118, -7.86077); ]
    1865 (2.43605, 9.00319) -> [ ]
    1866 (22.4127, -2.57755) -> [ ]
    1867 (-6.38829, 13.1027) -> [ 1294 (-7.76582, 14.2722); 1711 (-7.20567, 14.613); 1746 (-5.99968, 14.9501); ]
    1868 (11.5657, -2.96661) -> [ 2472 (13.4628, -2.66388); ]
    1872 (-9.14435, 15.1449) -> [ 2860 (-10.4748, 16.3996); ]
    1873 (20.9487, 19.7904) -> [ ]
    1874 (21.0357, 7.93616) -> [ ]
    1876 (9.01806, -7.74707) -> [ ]
    1877 (-9.76904, -6.75818) -> [ ]
    1879 (6.74195, 4.82682) -> [ 2880 (8.25196, 3.80256); ]
    1881 (-6.89563, 9.20746) -> [ 2198 (-8.75621, 8.57487); ]
    1882 (1.09792, -11.0995) -> [ ]
    1883 (14.9765, -9.64308) -> [ 2818 (16.0811, -8.03028); 2822 (15.6566, -11.4817); ]
    1884 (17.9155, 10.6701) -> [ 1195 (16.7743, 12.2544); ]
    1885 (11.0254, 6.55334) -> [ 1000 (12.007, 8.24001); ]
    1886 (-9.6439, 16.9785) -> [ 1446 (-9.6757, 18.956); ]
    1887 (2.79458, 12.2358) -> [ 2 (4.21863, 13.1018); 153 (4.10721, 13.215); 965 (4.61175, 11.6098); 1532 (4.41457, 12.6462); 2098 (4.72591, 11.8751); 3368 (4.46249, 13.3077); 3477 (4.75974, 12.1677); 3609 (4.18122, 12.1723); ]
    1888 (3.46452, 12.4496) -> [ 1539 (4.88646, 13.7784); 1979 (5.12343, 13.5197); 3903 (5.27575, 13.1673); ]
    1889 (6.31743, -7.93588) -> [ ]
    1890 (9.86695, 5.88346) -> [ ]
    1892 (22.1183, 19.8208) -> [ ]
    1893 (5.09972, 6.27096) -> [ ]
    1894 (11.3701, 8.41388) -> [ ]
    1895 (0.171274, 19.8296) -> [ 2320 (0.153919, 21.82); ]
    1897 (9.05172, 17.5765) -> [ 93 (10.6574, 18.3834); 2668 (10.2808, 16.6934); 2848 (10.3297, 16.9642); 3377 (10.8488, 18.2025); ]
    1898 (23.783, 21.3541) -> [ 266 (22.9814, 23.08); 921 (22.7753, 23.0029); 1949 (21.8849, 21.9469); 2906 (22.1945, 22.0217); ]
    1899 (15.3994, -3.63008) -> [ 131 (17.3621, -3.86092); 215 (17.1815, -4.47977); 395 (16.9154, -3.72574); 709 (16.8246, -2.44055); 1606 (17.0384, -4.26005); ]
    1902 (18.7981, -10.0564) -> [ 978 (20.5445, -9.78571); ]
    1905 (8.8023, -8.20823) -> [ ]
    1906 (-6.82045, 9.4266) -> [ 1032 (-6.20048, 7.81913); 1700 (-8.70712, 9.50562); 1761 (-8.28369, 8.82308); 2228 (-8.44385, 10.0182); 2347 (-7.81925, 11.0546); 3009 (-7.8226, 10.9607); 3511 (-8.46424, 10.0791); ]
    1907 (-7.99274, -2.64107) -> [ ]
    1908 (3.7318, 18.6624) -> [ 3105 (4.37655, 20.1444); ]
    1909 (11.2136, 1.08778) -> [ 3378 (12.2348, 2.4086); 3593 (12.6332, 2.40552); ]
    1911 (-0.752548, 5.53042) -> [ ]
    1912 (15.0551, 1.11786) -> [ ]
    1914 (11.5055, 4.14334) -> [ ]
    1915 (5.01477, 20.5896) -> [ ]
    1917 (5.69218, 23.1392) -> [ ]
    1918 (-0.657931, -7.78888) -> [ 1320 (0.712902, -9.23727); 3881 (-1.59503, -9.45195); ]
    1919 (0.0102061, 1.89174) -> [ ]
    1921 (14.3346, -8.12936) -> [ ]
    1922 (17.7347, 14.4708) -> [ ]
    1923 (24.5061, 10.1774) -> [ ]
    1924 (16.0403, 7.04136) -> [ 1394 (15.0399, 8.72294); 1419 (16.7754, 8.89583); ]
    1925 (7.23311, 7.9074) -> [ 558 (8.98793, 8.82493); 1096 (8.6483, 9.2159); ]
    1926 (17.6457, 2.00493) -> [ ]
    1928 (7.49233, 16.9568) -> [ 1186 (8.59625, 17.1405); 1897 (9.05172, 17.5765); ]
    1929 (1.71837, -2.24814) -> [ ]
    1930 (-4.36134, 14.6797) -> [ ]
    1932 (-9.42178, -5.6604) -> [ ]
    1933 (9.91095, 17.3721) -> [ 3219 (11.4916, 16.5527); ]
    1934 (-8.90463, 8.67486) -> [ ]
    1935 (16.4789, 6.70981) -> [ ]
    1936 (-11.8813, 3.38355) -> [ 1756 (-12.2577, 1.73966); ]
    1937 (-3.7762, -9.49367) -> [ ]
    1938 (22.5012, 15.3756) -> [ ]
    1940 (2.47369, 5.22788) -> [ 159 (4.13132, 4.62081); ]
    1941 (12.5494, -10.4618) -> [ 3157 (14.3478, -10.5719); 3752 (14.3525, -9.61618); ]
    1942 (0.972106, 23.4592) -> [ 1385 (1.12472, 24.9705); ]
    1943 (8.19185, -4.87927) -> [ ]
    1944 (3.2089, -4.76014) -> [ ]
    1945 (16.2029, -5.49161) -> [ 630 (18.0544, -4.98501); ]
    1946 (-5.34716, 11.7073) -> [ 3350 (-4.95904, 13.3734); ]
    1947 (20.7678, 3.36418) -> [ ]
    1948 (-2.01269, 6.7458) -> [ 2991 (-3.07326, 5.31369); 3934 (-3.22153, 5.35074); ]
    1949 (21.8849, 21.9469) -> [ 662 (21.694, 23.8117); 2643 (19.9588, 22.4199); 2884 (20.298, 23.0348); ]
    1950 (15.529, -8.69377) -> [ ]
    1951 (-5.04953, 13.3121) -> [ ]
    1953 (1.07961, 18.1835) -> [ 2859 (2.31945, 19.6982); 3293 (0.968551, 19.5995); ]
    1954 (-9.44416, 14.693) -> [ ]
    1955 (0.868166, -5.57111) -> [ ]
    1956 (-4.38359, 8.29757) -> [ ]
    1957 (9.89358, 22.5452) -> [ ]
    1960 (-3.29988, -1.44997) -> [ ]
    1961 (17.0073, -9.34354) -> [ 884 (18.5606, -8.43437); 926 (18.107, -7.70316); ]
    1962 (12.41, -8.96313) -> [ 2833 (13.7075, -10.259); ]
    1963 (14.0661, 2.09154) -> [ 1589 (15.9335, 2.39721); ]
    1964 (2.98542, -9.3986) -> [ 3419 (1.3355, -10.408); ]
    1965 (-5.05813, -0.247375) -> [ ]
    1967 (8.07177, 22.1904) -> [ ]
    1968 (6.87927, -10.4984) -> [ 2083 (8.83123, -10.4716); ]
    1970 (23.9471, 2.19615) -> [ ]
    1972 (7.432, 10.1579) -> [ ]
    1973 (-3.66315, 11.4845) -> [ 605 (-5.2858, 11.6094); 1856 (-5.13818, 10.3259); 3176 (-5.21791, 12.4983); ]
    1975 (1.57962, -2.17394) -> [ 2082 (2.9036, -3.33077); ]
    1976 (-11.9931, -5.22908) -> [ 955 (-11.3529, -7.11658); 1760 (-12.3507, -7.14314); 2065 (-12.457, -6.33759); ]
    1978 (-7.02926, 6.42805) -> [ 839 (-7.91125, 4.68015); ]
    1979 (5.12343, 13.5197) -> [ ]
    1980 (19.7993, -12.3299) -> [ ]
    1981 (21.7367, 9.56669) -> [ 755 (23.4284, 10.5633); 2040 (20.3692, 10.662); 2429 (20.7212, 10.9678); ]
    1982 (19.9082, 10.9404) -> [ 2151 (19.098, 12.7082); ]
    1983 (23.284, -9.10708) -> [ ]
    1984 (-6.29469, 2.31477) -> [ 3253 (-6.15171, 0.407887); ]
    1985 (2.78389, -5.74204) -> [ ]
    1986 (11.8932, 5.93687) -> [ ]
    1987 (4.98438, -10.0235) -> [ 2827 (4.2553, -11.6268); ]
    1992 (18.0702, 15.8735) -> [ ]
    1993 (2.76126, 10.8104) -> [ 1736 (4.69588, 10.8497); ]
    1994 (-1.19025, 10.5049) -> [ ]
    1995 (2.77952, -7.066) -> [ ]
    1996 (7.3221, 20.7873) -> [ 2717 (8.76119, 22.0947); 3188 (9.05821, 21.403); 3767 (7.95465, 22.0095); ]
    1997 (11.002, 4.1714) -> [ ]
    1998 (13.0303, -3.31636) -> [ ]
    1999 (10.1028, 5.36619) -> [ ]
    2001 (10.0217, 23.4945) -> [ ]
    2002 (2.27802, -5.62693) -> [ ]
    2003 (6.67164, 8.26906) -> [ 1042 (8.32324, 8.38899); 1605 (8.28018, 9.44403); 2972 (8.25625, 8.99089); 3569 (8.46162, 8.31478); 3904 (8.00447, 7.0231); ]
    2004 (1.02515, 5.48362) -> [ ]
    2005 (16.267, 13.4785) -> [ ]
    2009 (15.2237, 18.8816) -> [ ]
    2010 (-2.59939, 4.09591) -> [ ]
    2011 (-6.59095, 8.21948) -> [ ]
    2012 (8.83578, -4.93654) -> [ 276 (10.48, -4.24919); 853 (10.5821, -4.31736); 3288 (10.2909, -3.63482); ]
    2013 (0.372251, 21.9152) -> [ ]
    2014 (21.1993, 4.60395) -> [ 795 (20.6757, 6.45087); 3841 (21.8435, 6.0921); ]
    2015 (-5.31623, -10.579) -> [ ]
    2017 (15.6817, -7.65298) -> [ 3084 (17.6174, -7.37909); ]
    2019 (22.4668, -4.10818) -> [ ]
    2020 (7.65602, -1.11568) -> [ ]
    2021 (22.0219, 9.82221) -> [ 1418 (22.9387, 11.3322); 3358 (22.7286, 11.6332); ]
    2022 (17.325, 2.34679) -> [ 345 (18.4463, 3.81743); 381 (17.8759, 4.23733); 582 (16.8086, 4.00696); 1052 (18.4545, 3.01503); 3278 (17.9881, 3.89602); 3886 (17.9749, 4.08262); ]
    2023 (-2.39343, 2.44034) -> [ ]
    2024 (4.79904, 15.0411) -> [ 2390 (6.66405, 15.1365); 2806 (5.96632, 15.2317); ]
    2025 (1.85109, -0.274657) -> [ ]
    2026 (6.66578, 7.08888) -> [ 1660 (7.74066, 8.71102); ]
    2028 (18.5764, 21.0051) -> [ ]
    2029 (11.0867, 20.4872) -> [ ]
    2030 (6.23157, 4.23625) -> [ ]
    2032 (13.8449, 24.5332) -> [ ]
    2033 (5.11202, -5.57478) -> [ ]
    2034 (-7.00845, -0.643401) -> [ ]
    2035 (11.5118, -7.86077) -> [ 1036 (13.2337, -8.00527); 3487 (13.4171, -8.43232); ]
    2036 (-6.06656, -0.441006) -> [ 3462 (-7.04859, -2.14714); ]
    2037 (-9.08289, 1.78577) -> [ ]
    2038 (3.71055, -7.02775) -> [ ]
    2040 (20.3692, 10.662) -> [ 206 (19.0332, 11.9211); ]
    2041 (-10.5173, -8.78165) -> [ 1139 (-10.6065, -10.5971); 2423 (-8.95414, -9.97747); ]
    2042 (-7.22549, 11.8121) -> [ 448 (-8.67449, 13.1317); 568 (-7.0304, 13.515); 602 (-8.67454, 10.8189); 732 (-7.68247, 13.5975); 854 (-9.06428, 12.5243); 1171 (-7.62056, 13.1543); 2266 (-9.08906, 12.2876); 3057 (-6.9145, 13.7749); 3926 (-8.21992, 13.1355); ]
    2043 (16.3271, 11.5955) -> [ 378 (15.5971, 13.1458); ]
    2044 (-6.84968, 22.7196) -> [ ]
    2045 (9.86142, -3.87828) -> [ 161 (11.5467, -4.13569); 1463 (11.5229, -4.98018); ]
    2046 (-9.90205, 11.6927) -> [ ]
    2048 (10.9434, 7.95245) -> [ ]
    2049 (-4.57527, 6.35476) -> [ ]
    2050 (20.2021, -0.0392837) -> [ 477 (20.2328, 1.6044); 2241 (21.9144, 0.851833); 2292 (20.8753, 1.64208); ]
    2051 (21.8586, 23.817) -> [ ]
    2052 (-12.1669, -4.42937) -> [ ]
    2055 (14.2092, -2.22999) -> [ ]
    2057 (18.3123, -6.00275) -> [ 226 (20.1592, -5.66725); ]
    2058 (3.74726, 16.8395) -> [ ]
    2059 (18.5345, 12.8445) -> [ ]
    2060 (-4.32468, 18.5671) -> [ 1416 (-6.05406, 19.2538); ]
    2061 (7.93755, 0.902432) -> [ 3098 (9.64745, 1.54243); ]
    2062 (0.026674, 22.6655) -> [ 196 (-0.25795, 23.9196); 2996 (0.375404, 24.3585); ]
    2063 (3.82757, -0.406193) -> [ 744 (5.49376, -0.948986); 2842 (5.11857, -1.78055); ]
    2064 (19.4708, 14.4634) -> [ 319 (17.8128, 15.1269); 3240 (17.7011, 14.9867); ]
    2066 (-11.4285, 7.34077) -> [ ]
    2067 (10.9569, 19.3213) -> [ ]
    2069 (18.2317, 16.037) -> [ ]
    2070 (21.3274, 21.2385) -> [ ]
    2073 (13.3754, -0.0497696) -> [ 1443 (15.2804, 0.316562); 1502 (13.7553, 1.82189); ]
    2074 (-10.5684, 22.3026) -> [ 3410 (-11.7519, 23.845); 3845 (-11.4762, 23.9794); ]
    2075 (-2.79172, 0.607768) -> [ 125 (-2.26549, -1.19621); ]
    2076 (18.7937, -12.4675) -> [ ]
    2077 (5.75974, -8.10402) -> [ 1688 (7.32266, -6.91469); ]
    2078 (3.91911, 12.3577) -> [ 2290 (4.53677, 13.6393); 2342 (4.57084, 13.411); ]
    2080 (-0.0611464, 9.88128) -> [ 9 (0.442017, 8.22444); 637 (-0.217152, 8.12725); 1086 (-1.95652, 10.5147); 1399 (1.43345, 9.10386); 3271 (0.357475, 8.22126); 3652 (-0.457079, 8.27252); ]
    2081 (12.4373, -6.29746) -> [ 2154 (14.2952, -5.8672); ]
    2082 (2.9036, -3.33077) -> [ ]
    2083 (8.83123, -10.4716) -> [ 3950 (9.635, -12.0386); ]
    2084 (-4.08709, 24.4756) -> [ ]
    2085 (6.19233, 3.60889) -> [ 1537 (8.11727, 3.19341); ]
    2086 (-0.140027, 5.65169) -> [ 876 (-0.543384, 3.85464); 1007 (-0.609018, 3.75362); ]
    2087 (10.5629, -7.4759) -> [ 540 (12.1924, -6.6055); 976 (12.2956, -6.8069); 1230 (10.703, -9.13232); 3638 (12.4231, -6.76199); ]
    2088 (-1.83092, -0.432489) -> [ 35 (-2.66594, -2.06685); 3068 (-2.36874, -2.17415); ]
    2090 (7.45282, -3.01841) -> [ 1050 (8.94198, -2.41426); 2612 (8.40449, -4.68238); ]
    2091 (6.43021, 4.9895) -> [ 113 (8.06446, 4.83903); 315 (8.07666, 5.71005); 2788 (8.01398, 5.74008); 3150 (8.29535, 4.41056); 3933 (8.26697, 4.76497); ]
    2092 (13.7963, 4.89737) -> [ 3383 (14.5661, 6.5188); ]
    2093 (8.28576, -9.44806) -> [ ]
    2094 (0.895129, 17.6669) -> [ 2394 (1.48079, 19.1424); ]
    2095 (-8.10852, -10.4734) -> [ ]
    2096 (8.05659, -6.16002) -> [ 2955 (8.94157, -7.90282); ]
    2097 (-6.06874, 2.44075) -> [ ]
    2098 (4.72591, 11.8751) -> [ 739 (5.95956, 10.9853); 2315 (6.62184, 11.3526); 2886 (6.42197, 11.3404); ]
    2099 (1.75299, 8.04727) -> [ 506 (3.53318, 7.47482); 2839 (2.06321, 6.35218); 3077 (3.19149, 6.90167); 3738 (2.07374, 6.5432); ]
    2100 (18.3204, 9.35084) -> [ ]
    2102 (-3.90838, 3.29299) -> [ 3575 (-2.26333, 2.27862); ]
    2103 (13.4243, 5.75743) -> [ 1719 (13.9539, 7.41649); 1724 (14.0541, 6.95873); 3343 (14.4718, 7.44916); 3401 (13.6462, 7.40288); ]
    2104 (-1.13393, -2.48579) -> [ ]
    2105 (-1.85689, 16.4921) -> [ 1720 (-3.17691, 17.3786); 2208 (-3.51824, 17.0216); ]
    2106 (16.7133, -2.11949) -> [ 1686 (18.4168, -2.81205); 1765 (18.3887, -2.84777); 2006 (17.6749, -3.39264); ]
    2107 (15.5678, 17.5756) -> [ ]
    2108 (1.0963, -11.3275) -> [ ]
    2109 (9.10446, -4.29034) -> [ ]
    2110 (17.3329, -2.731) -> [ 405 (19.0282, -1.69566); 1740 (19.1761, -2.45525); 3507 (19.1364, -2.27788); ]
    2111 (22.6167, -1.53299) -> [ 2451 (24.2064, -2.45201); ]
    2112 (-4.40469, 12.6753) -> [ ]
    2113 (2.27965, 9.91706) -> [ 808 (3.0596, 8.56232); 1116 (3.22305, 8.3229); 2473 (4.21816, 9.69902); 2725 (3.9752, 9.93802); 3168 (4.06141, 9.89831); ]
    2114 (14.1397, -10.8866) -> [ 492 (15.8263, -10.2313); 2660 (15.7724, -10.4716); 3214 (15.8508, -11.5126); ]
    2115 (13.4835, -11.5823) -> [ 2723 (15.0891, -12.4963); ]
    2116 (-7.00363, -2.95903) -> [ ]
    2117 (15.8136, 3.04658) -> [ 238 (17.5873, 3.95454); ]
    2118 (7.77191, 8.08251) -> [ ]
    2121 (18.1181, 7.40823) -> [ 2100 (18.3204, 9.35084); ]
    2122 (-1.88679, -4.36511) -> [ 3448 (-3.02148, -5.85704); ]
    2124 (13.9925, 22.6633) -> [ ]
    2126 (-0.982842, 11.1594) -> [ ]
    2127 (9.63819, -8.27548) -> [ ]
    2130 (-12.0422, 12.995) -> [ ]
    2131 (-2.61905, 4.514) -> [ ]
    2134 (0.347736, 18.9757) -> [ 256 (1.61582, 20.1522); ]
    2135 (9.47563, 3.62338) -> [ 726 (11.4513, 3.91597); 858 (11.4138, 3.63099); 2268 (11.3655, 3.71133); 2755 (11.2342, 3.50989); ]
    2136 (1.61255, 1.74794) -> [ ]
    2137 (22.8045, 4.34134) -> [ ]
    2138 (-2.95132, -2.73977) -> [ ]
    2139 (-5.87155, 1.76693) -> [ 3819 (-5.89344, 0.0178688); ]
    2140 (6.34477, 0.646462) -> [ ]
    2141 (-4.91446, 20.922) -> [ 1585 (-6.25445, 20.9721); 3661 (-6.18156, 22.1317); ]
    2143 (-7.96298, 18.3046) -> [ 514 (-8.78403, 19.6248); ]
    2144 (2.40709, -8.85653) -> [ ]
    2145 (-9.8675, 0.686391) -> [ ]
    2146 (-0.577843, -5.61684) -> [ ]
    2147 (-10.5502, 5.30189) -> [ 1287 (-11.7553, 3.87975); 2380 (-12.4048, 4.85127); 2651 (-11.705, 3.90684); ]
    2148 (-11.9941, 4.71116) -> [ ]
    2149 (23.7027, 21.4457) -> [ 3281 (21.995, 21.7849); ]
    2150 (14.7634, 1.93587) -> [ 1215 (15.1976, 3.85772); 3167 (15.7592, 3.40921); ]
    2151 (19.098, 12.7082) -> [ 401 (17.8087, 14.135); 2305 (18.3608, 14.4387); 2573 (17.7187, 13.7289); ]
    2152 (5.91801, 5.00074) -> [ 1243 (7.39014, 6.07731); 2031 (7.36573, 6.00083); 2232 (7.67787, 5.83077); 2932 (7.68558, 5.84367); ]
    2153 (18.9366, -11.4474) -> [ ]
    2154 (14.2952, -5.8672) -> [ 192 (15.5708, -7.36674); 2789 (16.015, -6.80201); ]
    2155 (19.8852, -5.44147) -> [ 777 (21.5854, -4.54026); 3973 (21.4529, -4.30931); ]
    2156 (21.6841, -1.70423) -> [ 968 (23.1325, -0.485418); 3555 (23.1885, -0.442405); ]
    2157 (-3.55946, 6.90038) -> [ 1488 (-2.9727, 5.33865); ]
    2158 (-0.713224, -6.50679) -> [ ]
    2159 (-10.958, 0.871139) -> [ ]
    2160 (21.9281, 11.0023) -> [ ]
    2161 (-12.0486, -2.11458) -> [ ]
    2163 (0.863562, 5.61492) -> [ ]
    2164 (13.7902, 7.81347) -> [ ]
    2165 (-8.04211, 1.08239) -> [ ]
    2166 (0.714372, 5.19367) -> [ 3621 (2.10531, 3.83408); ]
    2167 (-4.91673, 13.0769) -> [ ]
    2168 (-5.40307, 16.825) -> [ 471 (-5.82835, 17.125); ]
    2170 (6.99841, 4.50396) -> [ 200 (8.64242, 4.07643); ]
    2171 (7.72903, -7.68249) -> [ ]
    2172 (5.93118, -2.03334) -> [ 608 (7.79934, -2.55646); 2020 (7.65602, -1.11568); 3642 (7.73864, -2.59819); ]
    2173 (1.30079, -6.15405) -> [ ]
    2174 (23.1221, 23.4033) -> [ 464 (22.4559, 24.7617); ]
    2175 (-3.38406, -1.31606) -> [ 77 (-3.71716, -3.13027); 1333 (-1.93609, -2.67783); 3813 (-2.21961, -2.81487); ]
    2176 (-4.86999, -11.4535) -> [ 3870 (-3.17792, -11.7393); ]
    2177 (23.0189, 21.3333) -> [ 1461 (23.64, 23.1437); 2070 (21.3274, 21.2385); ]
    2178 (3.38808, -0.0289465) -> [ 745 (4.6829, -0.91068); 3124 (5.15568, -0.720461); ]
    2180 (6.49785, 6.52542) -> [ 687 (8.38636, 5.98713); ]
    2181 (20.996, -4.63855) -> [ ]
    2182 (18.7844, 23.9824) -> [ ]
    2183 (8.84585, 16.9039) -> [ 68 (10.3336, 16.4098); ]
    2187 (12.3475, 17.0415) -> [ 3723 (13.4185, 16.0648); ]
    2188 (11.313, -9.07545) -> [ 994 (12.9178, -8.04304); 1941 (12.5494, -10.4618); ]
    2189 (10.7909, 19.1745) -> [ 3160 (12.1461, 18.9928); ]
    2191 (16.1585, 14.3762) -> [ ]
    2193 (-3.62013, -8.76394) -> [ ]
    2194 (20.42, 18.8703) -> [ ]
    2196 (20.9815, -5.6289) -> [ 303 (22.2702, -4.20885); ]
    2198 (-8.75621, 8.57487) -> [ ]
    2199 (15.2692, 5.13695) -> [ ]
    2200 (-7.93954, -9.71205) -> [ ]
    2202 (-12.0228, 21.7393) -> [ 896 (-11.9704, 23.7002); 1128 (-12.3323, 23.6265); ]
    2203 (2.32856, -8.85814) -> [ ]
    2204 (-7.2268, 1.51446) -> [ ]
    2207 (7.13784, 24.3783) -> [ 1087 (8.57902, 24.6722); 3185 (8.51649, 24.6165); ]
    2208 (-3.51824, 17.0216) -> [ ]
    2209 (10.5392, 19.5915) -> [ ]
    2210 (-1.42736, 15.2702) -> [ 3751 (-2.58612, 16.3426); ]
    2211 (12.1841, 21.6794) -> [ ]
    2212 (23.428, -9.05871) -> [ ]
    2213 (5.51639, 19.9967) -> [ 1996 (7.3221, 20.7873); ]
    2215 (-0.482346, -0.241088) -> [ ]
    2216 (19.94, 22.034) -> [ ]
    2217 (-4.42767, 0.00871348) -> [ ]
    2219 (-6.07865, -7.95126) -> [ ]
    2222 (-4.24281, -9.51985) -> [ 3073 (-3.50725, -11.1384); ]
    2224 (-1.87322, 9.45869) -> [ 377 (-0.740514, 7.89151); ]
    2225 (10.7335, -8.21453) -> [ 1962 (12.41, -8.96313); ]
    2226 (-9.44409, 19.3992) -> [ 163 (-10.4759, 21.1083); 1530 (-10.3118, 20.8804); ]
    2227 (21.7152, 10.6488) -> [ ]
    2228 (-8.44385, 10.0182) -> [ ]
    2229 (20.0152, 15.848) -> [ ]
    2230 (8.86118, -6.95571) -> [ 154 (10.597, -7.93945); 804 (10.3385, -7.75114); 988 (10.1445, -7.7831); 2415 (10.7748, -7.42105); ]
    2231 (-9.74472, 1.80408) -> [ ]
    2234 (2.73923, -10.8608) -> [ 2990 (4.60042, -11.3441); ]
    2235 (3.65857, 16.1877) -> [ 1129 (4.03793, 17.9366); 1764 (4.3004, 17.8902); ]
    2236 (-7.52547, 16.5267) -> [ ]
    2237 (16.8932, -6.85339) -> [ ]
    2238 (7.59799, -6.00477) -> [ 428 (9.31534, -5.17345); ]
    2240 (19.3201, 19.8415) -> [ 3514 (18.0609, 20.29); ]
    2241 (21.9144, 0.851833) -> [ 2308 (22.5003, 2.74015); ]
    2242 (7.35167, 16.8155) -> [ 109 (8.36705, 16.7346); 449 (9.07607, 17.0488); 2183 (8.84585, 16.9039); 2381 (8.9824, 16.5925); 3951 (9.2684, 16.857); ]
    2244 (-10.4937, 16.9085) -> [ ]
    2246 (-2.98012, 8.13123) -> [ 33 (-2.56716, 6.32816); 3215 (-3.16528, 6.15632); ]
    2247 (-9.739, -8.76643) -> [ 3075 (-10.8133, -10.3638); ]
    2248 (21.3927, -9.84048) -> [ ]
    2249 (5.98554, 18.162) -> [ ]
    2250 (3.58236, -10.0113) -> [ ]
    2251 (19.9331, 13.6583) -> [ 442 (19.6262, 15.4071); ]
    2252 (-8.50151, 3.71344) -> [ 2942 (-10.2283, 4.54563); 3549 (-9.57894, 2.112); ]
    2253 (-1.93084, -9.28471) -> [ 531 (-1.35827, -10.995); ]
    2254 (-10.4231, 6.31347) -> [ 1202 (-11.9018, 5.08536); 1830 (-9.93713, 4.40932); 3005 (-11.9587, 5.04881); ]
    2255 (-0.689286, -2.68852) -> [ ]
    2256 (-10.8546, 13.8992) -> [ ]
    2258 (-7.58147, 6.00337) -> [ ]
    2259 (-9.66103, 10.6861) -> [ 1626 (-10.7706, 9.03743); ]
    2260 (-8.80641, 11.0822) -> [ 211 (-9.59232, 9.65996); 212 (-10.7143, 11.6174); 749 (-10.1761, 9.72953); 1203 (-9.6068, 9.26702); 2893 (-10.4961, 11.7304); ]
    2261 (19.9745, 22.6922) -> [ ]
    2263 (-2.06729, -4.3216) -> [ 1031 (-3.56548, -5.61341); ]
    2264 (15.2341, 9.98705) -> [ ]
    2265 (17.7355, 19.4651) -> [ ]
    2266 (-9.08906, 12.2876) -> [ 122 (-9.88748, 13.5195); 298 (-9.98614, 13.478); 330 (-9.11253, 14.2674); 344 (-9.57625, 13.9262); 587 (-10.7618, 12.9771); 1355 (-9.28578, 10.3312); 1455 (-9.83438, 13.1831); 1582 (-9.19846, 10.3669); 1698 (-10.3864, 10.9168); 2689 (-9.99112, 10.5496); 3060 (-10.9312, 11.662); ]
    2268 (11.3655, 3.71133) -> [ 646 (13.2567, 4.25468); ]
    2269 (-4.06982, 21.8105) -> [ 1403 (-5.04928, 22.6046); ]
    2271 (9.97525, 19.2092) -> [ 156 (11.609, 20.1425); 2316 (11.7171, 19.0496); 2552 (11.8285, 19.5457); 2655 (11.9335, 19.3446); 3387 (11.8353, 19.1934); ]
    2272 (-6.44706, 4.19299) -> [ ]
    2273 (6.47462, 7.39924) -> [ 762 (8.34048, 7.80073); ]
    2275 (4.04289, 21.9445) -> [ 1640 (4.96248, 23.1394); 3076 (5.39505, 22.7696); ]
    2276 (7.24174, 2.08294) -> [ ]
    2277 (-4.20249, 20.4575) -> [ 2909 (-5.02101, 22.1176); 3505 (-5.4599, 21.5239); ]
    2278 (5.68081, -4.46901) -> [ 834 (7.52219, -3.92937); ]
    2279 (14.7619, 24.6105) -> [ ]
    2281 (24.6316, 7.052) -> [ ]
    2282 (23.7649, -0.203046) -> [ 1298 (24.7984, 1.32076); 2393 (24.5905, 1.3844); 3749 (24.8762, 0.872634); ]
    2283 (-11.0697, 12.8638) -> [ ]
    2284 (0.511498, 0.483037) -> [ 1989 (1.48374, -1.12998); 3311 (1.94512, -0.158471); ]
    2285 (20.9736, 21.8249) -> [ ]
    2286 (5.91801, 21.4761) -> [ ]
    2287 (4.17661, -0.627119) -> [ ]
    2288 (-10.4823, -4.09952) -> [ 473 (-10.3425, -6.0201); 1932 (-9.42178, -5.6604); 2562 (-10.2025, -6.01241); ]
    2289 (1.63902, 22.3747) -> [ ]
    2291 (4.15409, 0.290351) -> [ 1453 (6.06021, -0.271222); ]
    2292 (20.8753, 1.64208) -> [ 972 (21.5419, 2.98703); 1947 (20.7678, 3.36418); 3287 (21.2191, 3.052); 3317 (21.6647, 3.34119); 3500 (22.5111, 2.72606); 3583 (22.0172, 3.09368); ]
    2293 (15.1241, -6.94695) -> [ 89 (16.8497, -6.88036); 1395 (16.9201, -7.71891); 2768 (16.7026, -7.49458); ]
    2294 (0.779643, 9.93957) -> [ 1865 (2.43605, 9.00319); 2303 (-1.02005, 9.08713); ]
    2296 (-1.46329, 6.46358) -> [ 2546 (-1.57049, 4.47348); ]
    2297 (19.2697, 22.1421) -> [ ]
    2298 (17.1182, 16.521) -> [ 1717 (15.2331, 16.5761); 2107 (15.5678, 17.5756); 2577 (15.3508, 17.2296); 2912 (15.4466, 17.1707); ]
    2299 (18.2594, 17.7692) -> [ ]
    2300 (-10.6687, -10.2685) -> [ 3426 (-11.1497, -12.185); ]
    2301 (-2.94368, -0.389658) -> [ 3537 (-1.7459, -1.67889); ]
    2302 (20.5322, 20.0612) -> [ ]
    2303 (-1.02005, 9.08713) -> [ 950 (-0.385243, 7.34217); 1255 (-0.44289, 7.42611); ]
    2304 (-3.48176, 15.7813) -> [ ]
    2305 (18.3608, 14.4387) -> [ 925 (17.0165, 15.6971); ]
    2308 (22.5003, 2.74015) -> [ ]
    2310 (24.4433, 19.7815) -> [ 253 (23.6179, 21.4892); 367 (23.011, 20.9872); 1898 (23.783, 21.3541); 2149 (23.7027, 21.4457); ]
    2311 (-5.57296, -3.22114) -> [ ]
    2313 (3.20565, 5.11777) -> [ 1794 (3.54809, 3.30238); 1904 (4.11173, 3.58783); 3327 (3.31776, 3.19458); ]
    2315 (6.62184, 11.3526) -> [ 1871 (8.46404, 10.7654); 2586 (7.96577, 10.0253); ]
    2316 (11.7171, 19.0496) -> [ ]
    2317 (22.6838, -12.1699) -> [ ]
    2320 (0.153919, 21.82) -> [ 1130 (0.329927, 23.0449); 1811 (0.455858, 22.9264); 1942 (0.972106, 23.4592); 2724 (0.243481, 23.3923); 2760 (0.627183, 22.9065); 3171 (0.856008, 22.8107); ]
    2321 (15.5522, -6.89547) -> [ 1425 (17.4037, -6.82422); 1901 (17.3817, -7.22735); ]
    2322 (-4.86606, 13.618) -> [ ]
    2323 (-3.05847, -0.464051) -> [ ]
    2324 (12.4462, 21.5767) -> [ ]
    2325 (-12.1842, 1.17492) -> [ ]
    2326 (-3.19984, -2.53007) -> [ ]
    2327 (1.80632, 0.902864) -> [ 1066 (2.83252, -0.596385); ]
    2328 (-4.58161, 5.47268) -> [ 1216 (-3.87959, 3.71166); 2498 (-5.17574, 3.6281); ]
    2330 (22.966, 10.4555) -> [ 2608 (22.4272, 12.1491); 2816 (23.7297, 12.0083); ]
    2331 (4.34024, -10.2916) -> [ 599 (5.22158, -11.9367); 1705 (6.18158, -10.3344); 3618 (3.53587, -12.0298); ]
    2332 (15.2666, -1.77631) -> [ ]
    2333 (21.9911, -10.9391) -> [ 1759 (23.1718, -10.0532); 3510 (23.7615, -11.4418); ]
    2334 (15.8389, 12.2817) -> [ ]
    2335 (23.0085, -0.938085) -> [ ]
    2336 (-2.59788, 4.47016) -> [ 1303 (-4.01392, 3.51881); 1397 (-4.44498, 3.92699); 1521 (-4.11276, 4.19525); 2102 (-3.90838, 3.29299); 2652 (-2.02477, 2.6943); ]
    2337 (21.3367, -11.7563) -> [ 494 (22.6944, -10.2958); 2499 (23.0042, -12.4927); 2903 (23.022, -10.7106); 3126 (23.0627, -11.2049); 3429 (23.2041, -11.987); ]
    2339 (19.6494, 16.555) -> [ 3585 (18.8254, 18.3113); ]
    2340 (8.17737, 2.50765) -> [ 1729 (9.85288, 1.64487); ]
    2341 (4.07864, 14.0426) -> [ 3 (5.48569, 14.6492); 855 (5.45728, 14.1127); ]
    2343 (13.2576, -12.2977) -> [ 561 (15.1027, -11.9871); ]
    2344 (23.705, -9.18696) -> [ ]
    2345 (19.7261, 8.80716) -> [ ]
    2346 (-7.98943, 14.1377) -> [ 657 (-8.64097, 15.7622); 1018 (-8.81575, 15.3879); 1872 (-9.14435, 15.1449); 2633 (-9.38092, 15.1144); 2743 (-8.32541, 16.0959); 3402 (-9.29851, 15.052); ]
    2347 (-7.81925, 11.0546) -> [ 1448 (-9.53002, 10.1078); 2458 (-9.52751, 12.0251); ]
    2348 (14.385, -4.90207) -> [ ]
    2350 (-5.85321, 6.98662) -> [ 900 (-6.28283, 5.29782); 1189 (-5.31712, 5.21587); 1595 (-6.99482, 5.86798); ]
    2351 (8.73191, 19.4883) -> [ 2209 (10.5392, 19.5915); ]
    2352 (5.5333, -2.10407) -> [ ]
    2353 (12.2567, 0.36261) -> [ ]
    2354 (8.95665, -7.25049) -> [ 491 (10.2305, -8.47183); 545 (10.4946, -6.30416); 3512 (8.65621, -9.05706); ]
    2355 (4.051, 5.71121) -> [ 1308 (5.07001, 4.14371); 1316 (5.95339, 6.17819); 2152 (5.91801, 5.00074); 2894 (5.99891, 5.69654); ]
    2356 (19.2335, 14.563) -> [ ]
    2357 (-5.5789, -9.37943) -> [ ]
    2358 (19.6384, 8.37695) -> [ ]
    2359 (-6.84918, -3.74772) -> [ ]
    2360 (-3.86808, 1.44621) -> [ 807 (-3.9491, -0.353792); 2217 (-4.42767, 0.00871348); 3000 (-4.03798, -0.27958); ]
    2361 (2.98876, 17.8792) -> [ 2128 (3.74306, 18.9909); 3897 (3.22926, 19.3568); 3916 (3.15867, 18.9807); ]
    2363 (8.89743, 19.2949) -> [ ]
    2364 (-10.9333, 16.194) -> [ ]
    2365 (11.698, 4.45457) -> [ ]
    2366 (21.1215, 20.5019) -> [ 756 (19.3663, 21.028); 2550 (20.3111, 22.2003); ]
    2368 (-11.9032, -2.49588) -> [ 3096 (-11.8448, -4.4267); ]
    2369 (15.4392, 4.48001) -> [ ]
    2370 (9.06326, -3.3022) -> [ 771 (9.50532, -4.67235); 1541 (9.55299, -4.67324); ]
    2372 (11.8004, 23.7582) -> [ 3716 (13.3648, 24.6038); ]
    2373 (12.2202, 22.3455) -> [ 3335 (13.9092, 22.9219); ]
    2374 (-9.262, -4.77754) -> [ 181 (-10.0274, -6.27657); 992 (-10.1533, -6.3923); 1489 (-10.1477, -6.29778); ]
    2376 (12.977, -4.30478) -> [ 3587 (14.405, -5.40436); 3800 (14.3435, -5.59669); ]
    2377 (16.3951, -5.67182) -> [ 104 (18.3394, -5.54591); 2057 (18.3123, -6.00275); ]
    2378 (-5.4829, 20.11) -> [ 418 (-6.61589, 21.2649); 2944 (-6.09463, 21.3662); 3901 (-6.24704, 21.5403); ]
    2379 (-7.74181, -7.02008) -> [ 1838 (-6.86179, -8.68343); ]
    2380 (-12.4048, 4.85127) -> [ ]
    2381 (8.9824, 16.5925) -> [ 3598 (10.9251, 16.1615); ]
    2382 (-10.1557, -3.60939) -> [ ]
    2383 (12.6213, 17.5852) -> [ 95 (13.9377, 17.268); 3406 (12.2358, 16.1704); ]
    2384 (14.4666, -6.13318) -> [ 2017 (15.6817, -7.65298); 2377 (16.3951, -5.67182); 2570 (16.1392, -6.85462); ]
    2385 (-9.51016, -4.85842) -> [ ]
    2386 (-1.90084, 21.039) -> [ 50 (-1.96515, 22.14); 654 (-1.96785, 22.9532); 1187 (-3.26563, 21.6189); 1191 (-3.05712, 21.4496); 1808 (-2.11946, 22.8226); ]
    2387 (-6.31503, 20.0445) -> [ 1044 (-7.27138, 20.1361); 1264 (-7.4573, 21.1609); 3012 (-7.84109, 20.7288); 3493 (-7.35358, 20.0973); ]
    2388 (19.9354, -10.85) -> [ ]
    2389 (-5.43886, 12.1389) -> [ 151 (-6.36215, 13.6921); 2042 (-7.22549, 11.8121); ]
    2390 (6.66405, 15.1365) -> [ ]
    2392 (20.2822, 15.735) -> [ 1297 (18.8227, 17.0361); 1299 (18.6277, 16.8239); 3710 (18.9895, 16.8397); ]
    2393 (24.5905, 1.3844) -> [ ]
    2394 (1.48079, 19.1424) -> [ 1387 (2.55649, 20.1184); 3503 (2.79746, 20.2134); ]
    2395 (5.90447, 18.1805) -> [ 2815 (7.52596, 18.726); ]
    2396 (-11.5626, -3.11746) -> [ ]
    2397 (-1.0591, -0.315801) -> [ 357 (-0.158302, -1.56223); 1118 (-0.138772, -1.62395); 1210 (0.355683, -1.59559); 1289 (-0.350621, -2.02203); 1657 (0.0227312, -1.42059); 2661 (0.213149, -1.62122); 3694 (-0.0735797, -1.66012); ]
    2399 (19.479, 13.2321) -> [ ]
    2400 (18.0643, -10.879) -> [ 2076 (18.7937, -12.4675); ]
    2401 (23.3548, 4.31013) -> [ 787 (23.7966, 5.63451); 1544 (24.9141, 4.99905); ]
    2402 (0.629924, -6.22898) -> [ 975 (2.06208, -6.94343); 1862 (2.51952, -6.74314); 3880 (0.62436, -7.9912); ]
    2403 (-10.3467, 22.521) -> [ 1119 (-11.2782, 23.6555); ]
    2404 (6.64526, -4.27709) -> [ 56 (8.06971, -5.2527); 1943 (8.19185, -4.87927); ]
    2406 (21.3657, -2.66715) -> [ 2019 (22.4668, -4.10818); 2531 (22.9992, -1.53571); 3824 (23.0202, -1.76192); ]
    2407 (8.8406, -3.29129) -> [ ]
    2408 (5.1197, -2.04492) -> [ ]
    2409 (23.488, 3.82148) -> [ 3563 (23.7495, 5.77919); ]
    2410 (0.530937, -0.315209) -> [ 2902 (2.50994, -0.48781); ]
    2411 (17.8342, 16.4828) -> [ 2711 (16.1929, 16.7475); ]
    2412 (-9.20049, 4.25371) -> [ 3627 (-10.6945, 3.06766); ]
    2413 (-4.28013, 11.778) -> [ ]
    2414 (-3.32187, 16.6839) -> [ ]
    2415 (10.7748, -7.42105) -> [ 1795 (12.3251, -8.58357); 3812 (10.7925, -9.06213); ]
    2416 (6.54081, -12.2007) -> [ ]
    2417 (23.0879, 4.70671) -> [ 2914 (24.0176, 6.46926); 3092 (23.9757, 6.38731); ]
    2419 (-0.150628, -2.58854) -> [ 302 (0.707504, -4.00929); 673 (0.398757, -4.14137); 3678 (0.150181, -4.30908); ]
    2421 (0.499171, 2.38031) -> [ 2284 (0.511498, 0.483037); ]
    2422 (-4.44859, 12.7104) -> [ ]
    2423 (-8.95414, -9.97747) -> [ ]
    2424 (3.53814, -8.66386) -> [ 930 (5.12718, -9.21335); 1415 (5.15128, -8.88991); 1533 (5.22791, -8.79262); 1987 (4.98438, -10.0235); 2957 (4.95547, -10.0649); 3042 (5.52646, -8.6525); ]
    2425 (7.45063, 24.1004) -> [ 3958 (9.23495, 24.7645); ]
    2426 (22.3116, 3.57145) -> [ 2610 (22.1716, 5.46174); 3464 (22.506, 5.42284); ]
    2428 (7.67037, 0.00102084) -> [ 872 (9.39654, 0.66613); ]
    2429 (20.7212, 10.9678) -> [ 2186 (20.4596, 12.8862); 2943 (19.8491, 12.4729); ]
    2430 (3.14182, 15.6532) -> [ ]
    2431 (13.0778, -0.127205) -> [ 1592 (14.2882, 0.641231); 3304 (14.4432, 0.892229); ]
    2432 (20.1769, -2.02947) -> [ 1422 (21.1684, -3.66373); ]
    2436 (-10.0914, -0.530971) -> [ ]
    2437 (3.99665, -1.55075) -> [ 202 (4.39621, -3.45599); 346 (5.31416, -2.15597); 1235 (5.96884, -1.76242); 2172 (5.93118, -2.03334); ]
    2438 (23.531, -8.93525) -> [ ]
    2439 (10.3596, -11.682) -> [ ]
    2440 (-5.3483, -4.83521) -> [ ]
    2441 (4.91274, 7.91669) -> [ 2026 (6.66578, 7.08888); 3221 (5.9862, 6.51168); ]
    2442 (19.9998, -9.48096) -> [ ]
    2443 (7.40183, -8.1062) -> [ 3055 (8.71181, -8.9438); ]
    2444 (13.9213, 17.7926) -> [ 2975 (15.0065, 18.2173); ]
    2445 (6.82595, -4.87221) -> [ 119 (7.12004, -6.67498); 3801 (7.29491, -6.22875); ]
    2447 (-11.7054, -6.14519) -> [ ]
    2449 (21.498, 10.4333) -> [ 1016 (20.857, 12.155); ]
    2450 (2.10323, -4.84455) -> [ 2594 (3.44873, -5.92312); ]
    2452 (5.22802, -10.4066) -> [ 218 (6.76842, -11.1587); 1551 (5.81532, -12.1691); 2639 (5.56209, -12.2862); 3914 (6.68355, -11.4992); ]
    2453 (-3.46975, 2.45047) -> [ ]
    2454 (17.8031, -7.67645) -> [ 2832 (18.9954, -6.28044); ]
    2455 (4.1944, 23.9588) -> [ 3153 (5.55871, 24.815); ]
    2456 (-3.78819, 6.71406) -> [ 78 (-5.52559, 7.60957); ]
    2457 (6.78156, 0.298999) -> [ 45 (8.7672, 0.450594); 678 (8.05805, -1.23823); 964 (8.40339, 0.834783); 2480 (8.29933, 0.495789); ]
    2458 (-9.52751, 12.0251) -> [ ]
    2459 (-8.97176, 8.65076) -> [ ]
    2460 (17.8232, -8.79258) -> [ ]
    2461 (12.3809, -11.8455) -> [ ]
    2462 (6.0063, 4.03691) -> [ 195 (7.75935, 4.05013); 409 (6.74013, 2.3886); 1122 (7.30964, 2.86239); 2600 (7.2241, 2.55743); 2627 (6.7669, 2.41823); ]
    2464 (-4.92664, 24.6164) -> [ ]
    2465 (16.2762, 3.68279) -> [ 705 (17.4219, 5.31226); 3704 (17.8829, 4.37263); ]
    2466 (-8.60321, 1.18326) -> [ ]
    2469 (-6.71349, 4.42052) -> [ ]
    2470 (3.09382, -1.39212) -> [ 3847 (4.36187, -2.93858); ]
    2472 (13.4628, -2.66388) -> [ 169 (15.1979, -2.73018); 484 (15.2065, -3.10892); 3622 (15.3167, -2.12155); ]
    2477 (-8.14814, 3.52119) -> [ 1699 (-8.46455, 1.57128); 3306 (-8.04571, 1.60574); 3329 (-7.71563, 1.69272); ]
    2478 (19.5278, -4.78408) -> [ ]
    2479 (11.2095, -4.02955) -> [ ]
    2484 (-6.30027, -6.38619) -> [ ]
    2486 (-9.01067, 13.1099) -> [ ]
    2487 (-10.5435, 19.4565) -> [ ]
    2488 (3.21831, 20.5684) -> [ ]
    2489 (5.69933, 7.28033) -> [ 513 (7.49999, 8.0621); 2569 (7.39699, 7.4695); ]
    2490 (17.7685, 18.2005) -> [ 97 (15.8746, 17.7662); 2605 (16.1988, 17.0387); 2941 (15.914, 18.7602); 3605 (16.0001, 17.9209); ]
    2491 (19.6111, 5.36182) -> [ ]
    2493 (-7.41078, 0.296889) -> [ ]
    2494 (-8.95147, 7.21137) -> [ 219 (-10.7154, 8.00506); 1131 (-10.5111, 6.53009); 2254 (-10.4231, 6.31347); ]
    2496 (-10.0841, -0.44753) -> [ ]
    2497 (7.13248, 7.31357) -> [ 3359 (8.9223, 8.0727); ]
    2498 (-5.17574, 3.6281) -> [ 1206 (-6.06942, 2.15572); 1984 (-6.29469, 2.31477); 2139 (-5.87155, 1.76693); ]
    2502 (19.8503, -10.587) -> [ ]
    2503 (14.8544, 16.617) -> [ 3417 (13.2572, 15.5014); ]
    2507 (8.07557, -7.61122) -> [ 2309 (9.99293, -8.0883); ]
    2508 (10.7595, 19.4103) -> [ ]
    2510 (-0.236158, 4.52578) -> [ 1631 (-0.852858, 2.71133); 2018 (1.5842, 3.88138); 3360 (-0.786376, 2.67611); 3865 (0.133342, 2.87777); ]
    2512 (1.39885, 5.35303) -> [ ]
    2513 (0.0515982, 20.5587) -> [ 57 (1.05528, 21.7478); 285 (0.828897, 21.8901); ]
    2514 (12.9675, -3.67268) -> [ 299 (14.4288, -4.50776); 1593 (14.9001, -3.7503); 2205 (14.5257, -2.9748); 2348 (14.385, -4.90207); 2970 (14.5685, -4.45448); ]
    2515 (-1.94258, 17.2396) -> [ 1697 (-3.51868, 18.2948); 3910 (-3.4842, 18.1316); ]
    2516 (18.2285, 2.67707) -> [ 243 (19.2206, 4.25997); 827 (19.2653, 4.13784); 3428 (19.3509, 4.03746); 3707 (19.3066, 4.26342); ]
    2517 (0.994948, 2.5424) -> [ ]
    2518 (-8.59211, -4.08514) -> [ 3788 (-8.95327, -5.94565); ]
    2519 (6.31746, 17.3728) -> [ 383 (8.2508, 17.167); ]
    2520 (2.44191, 20.7219) -> [ 70 (2.95064, 22.3862); ]
    2523 (10.6015, 3.81099) -> [ 244 (12.3362, 4.72585); 549 (11.8312, 4.93125); 2900 (12.2224, 4.80054); 2973 (12.3372, 4.5489); ]
    2525 (-11.1623, -10.2332) -> [ ]
    2526 (-2.05063, -1.51599) -> [ ]
    2527 (-11.7349, 9.17061) -> [ 406 (-11.9438, 7.34456); ]
    2529 (6.66444, -6.74462) -> [ 1335 (7.70439, -8.33204); 3528 (8.52498, -6.24779); ]
    2530 (23.4427, 10.1757) -> [ 1082 (24.4108, 11.5552); 1248 (24.2184, 11.5314); ]
    2531 (22.9992, -1.53571) -> [ ]
    2532 (19.3583, 1.15424) -> [ 237 (19.9151, 3.07174); 800 (20.8448, 2.34015); ]
    2533 (16.9606, 4.63943) -> [ ]
    2534 (-7.22866, 22.469) -> [ ]
    2535 (0.317407, -10.4322) -> [ ]
    2536 (15.426, -0.634379) -> [ 1179 (16.6648, 0.784602); ]
    2537 (20.0724, -9.7522) -> [ ]
    2538 (24.3497, 7.12057) -> [ 364 (24.2757, 8.98886); 500 (24.4448, 8.83525); ]
    2540 (-10.1362, 17.2862) -> [ 1105 (-10.889, 18.8763); 2593 (-11.247, 18.8369); ]
    2541 (14.7577, 3.95028) -> [ 2772 (15.8544, 5.32758); 3399 (15.6988, 5.62977); ]
    2542 (-11.995, -11.0408) -> [ ]
    2544 (3.40248, -10.5551) -> [ 436 (3.20848, -12.3987); ]
    2547 (2.11771, 9.0252) -> [ ]
    2548 (-3.83028, 13.2291) -> [ ]
    2549 (4.7795, 7.85393) -> [ ]
    2550 (20.3111, 22.2003) -> [ 3722 (19.0424, 23.6713); 3908 (18.3361, 22.5112); ]
    2552 (11.8285, 19.5457) -> [ 343 (13.292, 19.7488); 1154 (13.774, 19.9343); ]
    2553 (5.24934, 1.81408) -> [ ]
    2554 (21.0531, -11.8041) -> [ 3633 (22.9247, -12.1269); ]
    2555 (-8.1529, -10.147) -> [ ]
    2556 (-6.15505, 17.3074) -> [ ]
    2557 (1.49476, 0.890469) -> [ 18 (2.5283, -0.581613); 3817 (2.55554, -0.422711); ]
    2558 (20.8557, -9.12348) -> [ ]
    2560 (7.04069, -8.52162) -> [ ]
    2561 (20.0283, -6.33463) -> [ ]
    2562 (-10.2025, -6.01241) -> [ ]
    2563 (-10.6165, 13.7646) -> [ 120 (-11.0315, 15.16); 953 (-11.8964, 15.2828); 1115 (-9.73146, 15.3322); 1389 (-11.8939, 15.2687); 1707 (-9.8101, 14.3902); ]
    2564 (14.1581, 19.0307) -> [ ]
    2566 (14.3135, 7.64258) -> [ ]
    2567 (-10.1026, 20.3999) -> [ 2074 (-10.5684, 22.3026); 3789 (-10.8777, 21.6937); ]
    2570 (16.1392, -6.85462) -> [ 414 (17.5342, -8.21782); 3190 (18.1062, -6.87241); ]
    2571 (3.28934, 2.59393) -> [ 65 (4.85733, 1.47846); ]
    2572 (3.6012, -7.4972) -> [ ]
    2573 (17.7187, 13.7289) -> [ 970 (16.4521, 15.1356); ]
    2575 (1.88452, 13.9805) -> [ 1269 (3.25681, 14.4003); ]
    2576 (22.1163, 2.09759) -> [ 3275 (23.4113, 3.55592); ]
    2577 (15.3508, 17.2296) -> [ ]
    2579 (3.62083, -3.35713) -> [ ]
    2580 (-11.9197, 7.90996) -> [ 457 (-10.9523, 6.30631); ]
    2582 (20.1199, -6.85288) -> [ 1008 (21.4597, -6.16562); ]
    2583 (11.0716, 2.12234) -> [ ]
    2584 (7.04957, 19.3651) -> [ 2351 (8.73191, 19.4883); 2363 (8.89743, 19.2949); ]
    2585 (23.662, 10.4232) -> [ ]
    2588 (-3.37624, 3.30816) -> [ ]
    2589 (-8.40633, 6.57781) -> [ ]
    2591 (-6.24793, 16.629) -> [ ]
    2593 (-11.247, 18.8369) -> [ 1193 (-12.4711, 20.1252); ]
    2595 (-10.2897, 9.0577) -> [ 1391 (-10.5601, 7.14842); ]
    2597 (-8.10419, 4.30396) -> [ 3106 (-8.51307, 2.72139); ]
    2600 (7.2241, 2.55743) -> [ 2245 (9.01897, 1.76408); ]
    2601 (18.8122, -8.01647) -> [ 534 (20.65, -7.77156); ]
    2602 (-3.73072, 2.84575) -> [ ]
    2603 (14.6387, 7.53139) -> [ ]
    2605 (16.1988, 17.0387) -> [ ]
    2606 (10.8332, 7.75143) -> [ 1971 (11.7226, 9.37494); ]
    2607 (-2.95036, 18.9813) -> [ 2277 (-4.20249, 20.4575); ]
    2608 (22.4272, 12.1491) -> [ 553 (23.0987, 13.9066); 3430 (20.9429, 13.2527); 3929 (22.3117, 13.968); ]
    2609 (22.8256, -2.54266) -> [ ]
    2610 (22.1716, 5.46174) -> [ 1542 (21.966, 7.0844); ]
    2611 (-8.63679, 4.81437) -> [ 1046 (-10.1494, 3.94774); ]
    2612 (8.40449, -4.68238) -> [ 118 (9.55429, -4.45122); 907 (10.1151, -5.26491); 2971 (9.81433, -5.6228); ]
    2614 (16.4826, -11.6586) -> [ ]
    2616 (-10.3527, 16.6892) -> [ 2781 (-10.3004, 18.6722); ]
    2617 (19.9274, -1.98135) -> [ 469 (21.2177, -1.07134); 3197 (20.6512, -0.163804); ]
    2618 (21.8834, 13.5257) -> [ 1164 (22.2756, 15.1635); ]
    2619 (13.0722, 8.18362) -> [ 810 (12.3947, 10.064); 2915 (12.1986, 9.80174); ]
    2620 (14.5805, -5.75148) -> [ 548 (16.4796, -6.18866); 1473 (16.5486, -6.10509); ]
    2621 (5.0725, -4.34062) -> [ 2445 (6.82595, -4.87221); 3208 (6.74735, -4.88724); ]
    2622 (15.3724, 2.06845) -> [ 2465 (16.2762, 3.68279); 3177 (15.3599, 3.86914); 3780 (15.4604, 3.83707); ]
    2623 (-7.12909, -2.63218) -> [ 42 (-5.96881, -4.20836); 2752 (-7.11073, -4.6031); 3066 (-7.50481, -4.44102); 3135 (-8.44451, -4.13633); ]
    2624 (19.6286, -8.00021) -> [ 388 (20.9702, -8.88642); 589 (21.3629, -7.85135); 1768 (21.3127, -7.5776); 2757 (21.3642, -8.79368); ]
    2626 (8.63334, -10.9294) -> [ 547 (10.2186, -12.1039); 1319 (10.3763, -11.6053); 1503 (10.3993, -11.5379); 2439 (10.3596, -11.682); 3356 (10.444, -10.9043); ]
    2627 (6.7669, 2.41823) -> [ ]
    2629 (-9.1804, -8.90963) -> [ ]
    2630 (10.6943, 20.608) -> [ 1034 (12.3327, 21.3474); 2211 (12.1841, 21.6794); ]
    2631 (14.8108, 8.02407) -> [ 801 (15.2788, 9.79694); 887 (15.178, 9.92397); 948 (15.0743, 9.97455); 2911 (15.3634, 9.82812); ]
    2632 (21.4273, -6.55828) -> [ 3451 (23.2949, -6.07449); ]
    2633 (-9.38092, 15.1144) -> [ 1886 (-9.6439, 16.9785); 2616 (-10.3527, 16.6892); ]
    2634 (2.25011, -5.87328) -> [ 3404 (3.19274, -7.58272); ]
    2635 (19.627, 14.9217) -> [ 1992 (18.0702, 15.8735); 2069 (18.2317, 16.037); ]
    2637 (-0.82091, 15.0875) -> [ 341 (-2.35854, 16.3091); 3072 (-2.35331, 14.7236); 3169 (-2.44728, 15.0888); 3437 (-2.23124, 16.0185); ]
    2638 (18.8203, 20.4996) -> [ ]
    2640 (-4.79754, 0.913222) -> [ ]
    2641 (4.8004, -11.4045) -> [ ]
    2642 (5.19004, 20.5292) -> [ 3506 (6.76793, 21.7578); ]
    2643 (19.9588, 22.4199) -> [ 3120 (19.4066, 24.0496); ]
    2644 (9.14224, 0.912073) -> [ 1607 (10.5682, -0.427473); ]
    2645 (-11.4665, 16.5275) -> [ 1820 (-11.4987, 18.4578); ]
    2646 (5.25072, 12.321) -> [ 1361 (6.35949, 13.6227); 1381 (7.11497, 12.9348); 1900 (7.21549, 12.6898); 2787 (7.14008, 12.5948); ]
    2648 (-2.38336, 21.8317) -> [ 3799 (-3.73945, 22.7274); ]
    2649 (22.5488, 6.93902) -> [ 1232 (21.8599, 8.23857); ]
    2650 (-9.73167, 3.85508) -> [ ]
    2652 (-2.02477, 2.6943) -> [ 566 (-0.925433, 2.15673); 1346 (-0.150909, 2.08524); ]
    2653 (7.59382, -5.77682) -> [ 366 (9.43557, -5.17534); ]
    2654 (4.45578, -8.5863) -> [ 2452 (5.22802, -10.4066); ]
    2655 (11.9335, 19.3446) -> [ 1536 (13.3147, 19.3505); 3879 (13.1787, 19.5458); ]
    2656 (3.36008, 3.61426) -> [ 229 (4.91651, 3.73363); 840 (5.04003, 2.69123); 1743 (4.73646, 2.82796); ]
    2658 (13.609, 8.04403) -> [ ]
    2659 (21.8893, -7.51381) -> [ 1037 (22.4028, -6.21086); 1231 (22.8375, -8.91612); 1647 (22.7397, -9.22384); 2684 (23.491, -8.26717); 2685 (23.6803, -7.7163); 3552 (23.6525, -7.84784); ]
    2660 (15.7724, -10.4716) -> [ ]
    2661 (0.213149, -1.62122) -> [ 32 (-0.135567, -3.51277); ]
    2662 (-5.87541, -5.7424) -> [ ]
    2663 (7.23888, 8.7612) -> [ 693 (9.16099, 9.18025); 2800 (8.16929, 10.2433); 2954 (7.94531, 10.3442); ]
    2664 (-11.1916, 19.3403) -> [ 527 (-11.2403, 20.9703); ]
    2665 (-1.24606, 12.3063) -> [ 998 (-2.91374, 11.8431); ]
    2667 (6.11624, 3.67906) -> [ 3674 (7.93985, 3.14212); ]
    2671 (7.77424, 22.231) -> [ ]
    2672 (-9.6803, 16.3453) -> [ 3659 (-10.6495, 17.5137); 3766 (-10.8966, 17.6955); ]
    2673 (1.91207, 23.6568) -> [ ]
    2674 (22.1923, -9.35582) -> [ 595 (23.9505, -8.73947); 1342 (23.8046, -9.98407); ]
    2675 (17.8624, -9.9964) -> [ 2153 (18.9366, -11.4474); ]
    2676 (20.2641, 21.1984) -> [ 2072 (18.9315, 22.125); ]
    2678 (-8.31781, 15.203) -> [ 2672 (-9.6803, 16.3453); ]
    2681 (3.87487, 5.45818) -> [ 87 (4.96238, 3.81033); 1060 (5.74847, 5.11496); 1485 (5.67922, 5.59662); 1680 (5.74439, 5.5472); ]
    2682 (-3.30915, 17.0309) -> [ ]
    2683 (-3.3212, -7.91793) -> [ ]
    2684 (23.491, -8.26717) -> [ ]
    2686 (14.3068, 7.89912) -> [ 695 (13.9871, 9.6822); 2761 (14.6253, 9.81654); ]
    2687 (12.7403, 20.1982) -> [ 467 (14.2985, 21.1813); 3735 (13.9269, 20.8984); ]
    2688 (-11.4832, 14.4446) -> [ 349 (-11.2106, 16.3789); 3310 (-10.8077, 16.1982); ]
    2689 (-9.99112, 10.5496) -> [ 361 (-10.9221, 8.83735); 974 (-11.5718, 11.648); ]
    2690 (21.4655, 20.7571) -> [ 2870 (19.7112, 21.3675); ]
    2693 (-7.9284, 17.806) -> [ 3051 (-9.62528, 18.6512); ]
    2694 (0.561394, 2.56083) -> [ 2557 (1.49476, 0.890469); ]
    2696 (-3.96435, -6.70875) -> [ 3118 (-2.53855, -8.10733); ]
    2697 (15.823, -0.395561) -> [ 927 (16.4882, 1.32987); 1161 (15.9581, 1.54088); ]
    2698 (16.4011, 15.3567) -> [ 1375 (14.7014, 16.1559); 1517 (15.2073, 16.0363); 2503 (14.8544, 16.617); ]
    2700 (-10.9947, -12.025) -> [ ]
    2701 (18.6564, 5.25898) -> [ 922 (19.2766, 6.83405); 2784 (18.5323, 7.22331); 3420 (19.3911, 7.01554); ]
    2704 (-0.103859, 10.5804) -> [ 417 (-0.148199, 8.71066); 3351 (0.43021, 8.85186); ]
    2705 (-1.75296, -0.00478259) -> [ 875 (-3.33782, -0.585053); 3727 (-3.08296, -1.39667); ]
    2706 (-8.16834, -9.23624) -> [ 2578 (-7.09317, -10.744); ]
    2707 (12.1895, 19.5611) -> [ 699 (13.6708, 20.5112); ]
    2710 (-8.46352, 11.6219) -> [ 2486 (-9.01067, 13.1099); ]
    2712 (16.5884, -9.34588) -> [ 1104 (18.2683, -8.26864); ]
    2713 (-11.5347, -2.10228) -> [ ]
    2715 (-5.07116, 9.23653) -> [ 940 (-5.23083, 7.26414); 3851 (-5.61383, 7.52054); ]
    2716 (20.2012, 24.7695) -> [ ]
    2717 (8.76119, 22.0947) -> [ 293 (9.86812, 23.0084); 338 (10.1464, 23.0683); 963 (10.061, 22.4283); 1366 (9.30202, 23.5871); 3893 (10.2637, 22.7208); ]
    2718 (15.2708, -9.37043) -> [ 3559 (17.1594, -9.45432); ]
    2719 (1.83971, 6.05282) -> [ 645 (3.27741, 5.51733); 878 (1.40633, 4.17681); 1444 (3.28021, 5.66423); 2313 (3.20565, 5.11777); 3026 (3.32886, 5.26594); 3798 (2.67352, 4.91428); ]
    2720 (21.1031, -11.6962) -> [ 757 (22.6732, -10.6644); 833 (22.9269, -10.9452); 2317 (22.6838, -12.1699); ]
    2721 (1.0593, 13.9874) -> [ 1824 (2.88117, 14.1579); ]
    2722 (-2.05391, -0.0260189) -> [ 3603 (-0.979863, -1.64763); ]
    2724 (0.243481, 23.3923) -> [ 333 (-0.405468, 24.6108); 535 (-0.0765208, 24.9336); 715 (-1.02839, 23.8059); 761 (0.350122, 24.8326); 3519 (-0.560448, 24.959); ]
    2725 (3.9752, 9.93802) -> [ 3667 (5.69235, 9.01538); ]
    2726 (12.4995, 3.31432) -> [ ]
    2727 (22.2972, 4.4947) -> [ 490 (22.9696, 5.94962); 712 (23.0341, 6.06732); ]
    2729 (-7.52102, -8.61704) -> [ 288 (-7.42157, -9.98859); 1622 (-7.25847, -10.5835); 3164 (-6.08746, -9.97578); ]
    2731 (7.6006, -0.546777) -> [ 1227 (9.13909, -0.340457); ]
    2733 (4.33254, -4.02964) -> [ ]
    2734 (15.2532, 10.6251) -> [ ]
    2735 (4.75766, -11.345) -> [ ]
    2736 (15.8722, 17.0128) -> [ 2162 (14.0383, 16.5062); ]
    2737 (-5.12686, 23.5849) -> [ 1694 (-5.24074, 24.6211); 1864 (-5.09462, 24.9132); 2587 (-5.14666, 24.6974); ]
    2738 (-0.393639, 6.91223) -> [ 2163 (0.863562, 5.61492); ]
    2739 (3.08298, -1.00036) -> [ 844 (4.96229, -1.52941); 1383 (4.19607, -2.50554); 3319 (4.52482, -2.12519); 3529 (3.87871, -2.65637); ]
    2740 (18.3942, 7.58309) -> [ 1903 (18.9699, 9.4962); ]
    2742 (-11.688, 14.2586) -> [ ]
    2743 (-8.32541, 16.0959) -> [ 1140 (-8.69719, 17.7893); 1668 (-9.22966, 17.6015); 2693 (-7.9284, 17.806); 3530 (-9.53689, 17.2433); ]
    2745 (-3.86896, 6.19245) -> [ ]
    2746 (6.03429, 11.2678) -> [ 916 (7.83047, 11.5583); ]
    2747 (-11.1936, -9.08303) -> [ 1102 (-10.8448, -10.792); 1619 (-9.88731, -10.2998); 1771 (-12.4458, -9.85156); ]
    2748 (12.0196, 5.22128) -> [ 2907 (12.5606, 6.95277); ]
    2749 (23.9929, 10.6558) -> [ 1658 (23.9496, 12.3671); 3182 (23.1314, 12.001); ]
    2751 (-8.70002, 3.70827) -> [ 1574 (-8.25382, 1.82991); ]
    2752 (-7.11073, -4.6031) -> [ 164 (-6.5216, -6.2065); 847 (-5.86738, -5.84146); 1266 (-5.78535, -5.66819); 2484 (-6.30027, -6.38619); 3736 (-5.59108, -5.30853); ]
    2753 (7.26838, -5.85038) -> [ ]
    2755 (11.2342, 3.50989) -> [ 775 (11.9638, 5.31271); 1931 (12.98, 4.26269); 3538 (12.8238, 4.07653); ]
    2756 (-10.6482, -6.20221) -> [ 232 (-11.5958, -7.51748); ]
    2757 (21.3642, -8.79368) -> [ 1983 (23.284, -9.10708); ]
    2758 (19.8473, -1.6064) -> [ 394 (20.5511, -0.0219451); 1642 (21.6706, -1.22991); 1798 (21.8193, -1.81346); 3374 (21.6742, -2.32372); ]
    2759 (-2.60869, -8.565) -> [ 2865 (-1.00614, -9.46089); 3536 (-3.01713, -10.2341); 3830 (-3.07116, -10.1496); ]
    2760 (0.627183, 22.9065) -> [ ]
    2761 (14.6253, 9.81654) -> [ 1236 (12.8709, 10.5277); ]
    2762 (-8.32687, 19.3987) -> [ ]
    2764 (-6.52052, 5.7308) -> [ ]
    2765 (16.8249, -1.5804) -> [ 665 (18.8168, -1.47063); 1363 (17.8464, -0.111532); 1479 (17.7314, -3.0956); 1549 (17.7997, -2.93501); 1721 (18.1506, -2.8679); 2808 (18.3949, -2.74712); 3560 (18.486, -2.51448); ]
    2766 (21.7104, -1.53767) -> [ 2433 (22.5984, -0.203049); ]
    2768 (16.7026, -7.49458) -> [ 760 (18.2761, -7.55787); 1559 (18.2324, -6.98395); ]
    2769 (10.3476, -10.6942) -> [ 304 (10.3416, -12.1106); 3695 (12.2917, -10.2932); ]
    2770 (16.567, 12.4712) -> [ 179 (15.9263, 14.0814); 2191 (16.1585, 14.3762); 2427 (15.7737, 14.2133); ]
    2771 (20.877, 12.3551) -> [ 470 (20.5875, 14.3213); ]
    2772 (15.8544, 5.32758) -> [ ]
    2774 (-9.56306, 3.63032) -> [ 1505 (-10.4401, 2.04299); 2037 (-9.08289, 1.78577); 3685 (-10.5845, 1.94268); ]
    2775 (-2.56244, 22.7268) -> [ 67 (-2.87169, 23.9227); ]
    2776 (17.4456, 14.5402) -> [ 3636 (15.7463, 15.3357); ]
    2777 (4.47991, 8.29863) -> [ ]
    2780 (-2.52738, -6.60209) -> [ 2759 (-2.60869, -8.565); ]
    2781 (-10.3004, 18.6722) -> [ 82 (-10.5266, 20.4245); 619 (-10.6984, 20.0237); 1058 (-10.6927, 20.5264); 2567 (-10.1026, 20.3999); ]
    2782 (17.5816, 10.4791) -> [ ]
    2783 (9.01589, 6.44992) -> [ 1741 (9.92185, 7.91251); 3243 (10.9746, 6.36845); ]
    2784 (18.5323, 7.22331) -> [ 180 (19.027, 9.13277); ]
    2785 (15.8266, 22.0011) -> [ 1420 (16.7043, 22.2132); 2856 (16.7473, 22.7725); 2891 (17.2007, 23.0474); 3588 (17.3597, 23.2582); 3972 (17.3156, 23.0246); ]
    2786 (-7.54855, 10.6103) -> [ ]
    2788 (8.01398, 5.74008) -> [ ]
    2789 (16.015, -6.80201) -> [ 541 (17.8348, -6.91002); 1111 (17.5677, -8.01705); 1330 (17.9992, -6.56304); 2454 (17.8031, -7.67645); ]
    2790 (17.275, 5.43593) -> [ ]
    2791 (-8.80675, 5.59409) -> [ 1094 (-10.1987, 4.23827); 2650 (-9.73167, 3.85508); ]
    2792 (21.3142, 10.8932) -> [ 1239 (20.7232, 12.5535); ]
    2793 (1.93014, 14.5785) -> [ 3922 (1.61934, 12.8695); ]
    2794 (16.4902, -12.1994) -> [ ]
    2795 (-3.69187, -2.21761) -> [ ]
    2796 (11.5287, -3.93224) -> [ ]
    2797 (5.95294, 16.373) -> [ 675 (7.60985, 16.2629); 3747 (7.32515, 15.7982); ]
    2798 (19.5057, 2.80194) -> [ ]
    2802 (16.3113, 8.57733) -> [ ]
    2803 (-5.00223, 11.7382) -> [ 609 (-6.79207, 11.539); 1951 (-5.04953, 13.3121); 2830 (-5.07039, 9.90297); ]
    2804 (7.41034, 4.77581) -> [ ]
    2805 (19.3094, 24.4896) -> [ ]
    2806 (5.96632, 15.2317) -> [ 753 (7.68668, 15.2702); 1282 (7.50249, 15.7868); 1991 (7.78021, 14.7501); ]
    2807 (23.3073, -1.36321) -> [ 1528 (24.6425, -0.160055); ]
    2808 (18.3949, -2.74712) -> [ 128 (19.92, -3.95608); 1396 (20.298, -2.79363); 2432 (20.1769, -2.02947); 2617 (19.9274, -1.98135); 2758 (19.8473, -1.6064); ]
    2810 (6.89283, 21.6314) -> [ ]
    2812 (-2.10472, 7.17569) -> [ 538 (-3.439, 5.77298); 722 (-2.75319, 5.61396); ]
    2813 (-12.2467, 15.1557) -> [ ]
    2814 (3.9511, 23.0437) -> [ ]
    2815 (7.52596, 18.726) -> [ 1267 (9.23539, 18.3146); 3158 (9.23761, 19.235); ]
    2816 (23.7297, 12.0083) -> [ 403 (23.1012, 13.8347); 1408 (23.3027, 13.7337); 1519 (23.8524, 13.5179); 3241 (23.6318, 13.6971); ]
    2817 (11.1013, 19.8923) -> [ 653 (12.5318, 19.3506); 931 (12.7509, 19.8879); 2687 (12.7403, 20.1982); ]
    2819 (13.3714, 17.9822) -> [ ]
    2820 (-11.2601, 13.5556) -> [ 3344 (-11.9888, 15.3095); ]
    2821 (-6.40356, 4.3681) -> [ 3036 (-6.29568, 2.48095); ]
    2822 (15.6566, -11.4817) -> [ ]
    2823 (18.243, 13.7335) -> [ 311 (17.1227, 15.3622); ]
    2824 (15.3653, -9.75637) -> [ 162 (17.0212, -10.6202); 831 (17.0056, -9.20071); ]
    2825 (16.8932, -5.75034) -> [ 325 (18.5714, -4.80225); 3734 (18.6559, -6.2752); ]
    2826 (3.78387, 6.59537) -> [ 2089 (5.62147, 6.18803); ]
    2828 (-8.42009, -0.143148) -> [ 1077 (-7.37857, -1.79935); ]
    2829 (3.40777, -6.7239) -> [ ]
    2830 (-5.07039, 9.90297) -> [ 1881 (-6.89563, 9.20746); ]
    2831 (2.73193, -7.12841) -> [ 204 (3.81291, -8.74308); 1850 (3.96271, -8.30866); ]
    2832 (18.9954, -6.28044) -> [ 877 (20.3892, -4.8645); 1565 (20.2627, -4.74028); 3151 (20.6204, -5.18343); ]
    2834 (4.37549, 4.4273) -> [ 2030 (6.23157, 4.23625); 2085 (6.19233, 3.60889); 2667 (6.11624, 3.67906); ]
    2836 (-6.13219, 22.6273) -> [ 1520 (-8.0518, 22.9964); 1611 (-6.95234, 24.3026); ]
    2837 (-10.4547, -5.12452) -> [ ]
    2838 (-0.0679817, 16.102) -> [ 224 (-1.49609, 17.2915); 1178 (-1.81006, 16.7874); 1190 (-1.10427, 17.1074); 2105 (-1.85689, 16.4921); ]
    2839 (2.06321, 6.35218) -> [ 19 (3.96718, 6.30745); ]
    2840 (-9.27173, -4.28847) -> [ ]
    2842 (5.11857, -1.78055) -> [ 279 (6.81513, -2.3512); 1499 (6.75691, -2.14607); 1977 (6.94169, -2.36681); ]
    2843 (14.0025, 6.61225) -> [ ]
    2844 (23.1768, -7.91176) -> [ 1089 (24.889, -7.67113); ]
    2846 (13.9944, 19.2705) -> [ ]
    2847 (2.7637, 2.22732) -> [ 773 (2.71868, 0.325096); ]
    2849 (-6.96239, 4.95332) -> [ 1356 (-8.93298, 4.88935); 1751 (-7.59077, 3.32675); 2252 (-8.50151, 3.71344); 2477 (-8.14814, 3.52119); 2791 (-8.80675, 5.59409); ]
    2850 (-6.12778, -10.0994) -> [ 3534 (-5.50722, -11.8804); ]
    2851 (5.41563, 6.50127) -> [ 205 (7.22042, 6.32182); 247 (7.33586, 6.16797); ]
    2852 (3.95667, -6.9589) -> [ 2398 (5.86208, -6.80234); ]
    2854 (-1.12373, -6.7595) -> [ 1173 (-1.15856, -8.63408); 2952 (0.710609, -7.51342); 3030 (-0.14812, -8.47337); 3660 (-1.66267, -8.56492); ]
    2855 (2.92237, -8.96777) -> [ 1430 (2.52956, -10.4342); 2234 (2.73923, -10.8608); ]
    2856 (16.7473, 22.7725) -> [ 792 (17.6911, 24.3871); ]
    2857 (3.2938, 6.28538) -> [ 362 (5.05855, 5.82397); 3458 (5.17492, 5.67341); ]
    2859 (2.31945, 19.6982) -> [ 223 (1.84353, 21.5309); 350 (3.40867, 20.9397); 1423 (1.72509, 21.5001); 1435 (1.76461, 21.5239); 1651 (2.24514, 21.3201); 1833 (3.071, 21.042); 2488 (3.21831, 20.5684); ]
    2860 (-10.4748, 16.3996) -> [ 1309 (-10.2615, 18.3042); ]
    2862 (19.1726, 12.2586) -> [ 332 (18.22, 13.7496); 1108 (18.0406, 13.7461); 2119 (18.6451, 13.9237); ]
    2863 (20.6223, 4.52946) -> [ 765 (21.8161, 5.85102); 3313 (19.9954, 6.32622); ]
    2865 (-1.00614, -9.46089) -> [ 3454 (-0.306417, -11.2694); ]
    2866 (-2.55745, -1.96697) -> [ 368 (-1.18755, -3.11321); 552 (-1.46116, -3.27194); 990 (-1.76067, -3.68265); 1456 (-1.95967, -3.75987); ]
    2867 (19.1687, 10.5067) -> [ 2862 (19.1726, 12.2586); 3877 (20.0725, 12.2486); ]
    2868 (12.5592, -1.52792) -> [ 1085 (14.2219, -2.40501); 2055 (14.2092, -2.22999); ]
    2869 (-3.9834, 18.8805) -> [ 707 (-5.04484, 20.045); 1040 (-5.7049, 18.7413); ]
    2870 (19.7112, 21.3675) -> [ 736 (17.7369, 21.5723); ]
    2871 (-0.890146, 1.02744) -> [ 102 (0.389642, -0.254585); 977 (-0.675258, -0.66464); 2215 (-0.482346, -0.241088); 2410 (0.530937, -0.315209); 3987 (-0.577478, -0.839973); ]
    2872 (18.7662, 19.8365) -> [ 389 (17.1615, 20.5739); 1054 (17.0793, 20.8156); 3003 (17.4648, 18.9813); 3447 (17.1533, 19.9905); ]
    2873 (23.2832, 24.8322) -> [ 1818 (21.5764, 24.8988); 2732 (21.3987, 24.5104); ]
    2874 (-3.11002, 12.2093) -> [ 789 (-4.00535, 10.4817); 920 (-4.23189, 12.5398); 2307 (-4.2739, 13.742); ]
    2875 (21.3606, 12.6023) -> [ 2590 (21.8311, 14.2067); ]
    2877 (11.0699, -11.2962) -> [ ]
    2878 (-4.91822, 9.10586) -> [ ]
    2879 (18.7287, -3.01952) -> [ 2779 (20.5179, -2.82361); ]
    2880 (8.25196, 3.80256) -> [ ]
    2882 (23.3239, 1.34663) -> [ 1780 (24.8523, 2.52226); ]
    2883 (1.82875, 22.7792) -> [ 1354 (2.67977, 23.8408); 1913 (3.04538, 24.3449); 2919 (2.34503, 24.4818); ]
    2884 (20.298, 23.0348) -> [ 425 (19.5074, 24.4562); 2805 (19.3094, 24.4896); 3052 (19.342, 24.5743); ]
    2887 (18.3343, 17.9158) -> [ 572 (16.8224, 17.4688); ]
    2888 (2.87809, 22.1329) -> [ 960 (3.66126, 23.5327); 3113 (3.11508, 24.0114); ]
    2889 (-2.21378, -11.0154) -> [ ]
    2890 (-0.11507, -10.8885) -> [ ]
    2891 (17.2007, 23.0474) -> [ 1005 (18.1176, 23.7376); ]
    2892 (12.5892, 22.8385) -> [ 1648 (13.7805, 23.3547); 1663 (13.2625, 23.1912); ]
    2893 (-10.4961, 11.7304) -> [ ]
    2894 (5.99891, 5.69654) -> [ ]
    2896 (-5.28952, 5.96399) -> [ 320 (-5.66003, 4.05913); 1501 (-6.5538, 4.65263); 2821 (-6.40356, 4.3681); ]
    2897 (24.7972, 5.77469) -> [ ]
    2898 (20.624, 11.5108) -> [ 879 (20.6705, 13.4133); 1426 (20.4659, 13.4636); ]
    2900 (12.2224, 4.80054) -> [ 141 (14.2031, 4.62229); ]
    2901 (3.3783, 11.0224) -> [ 2999 (5.10247, 10.9221); 3491 (5.12454, 10.3626); 3630 (3.61802, 9.04612); 3859 (5.02095, 11.0435); ]
    2902 (2.50994, -0.48781) -> [ 258 (4.23586, -0.470675); 382 (3.69017, -1.59406); 421 (4.00425, -1.04895); 1555 (2.09413, -2.43803); 2287 (4.17661, -0.627119); 2437 (3.99665, -1.55075); 3977 (3.95376, -1.06901); ]
    2903 (23.022, -10.7106) -> [ 691 (24.2694, -9.26073); 954 (24.2307, -9.36301); 3198 (24.0589, -12.2515); 3941 (24.2667, -9.35423); ]
    2905 (9.69724, -11.2928) -> [ 3155 (11.5444, -11.414); ]
    2907 (12.5606, 6.95277) -> [ 3033 (13.9044, 8.2308); ]
    2908 (3.16696, 21.7094) -> [ 1966 (3.82213, 23.1089); 2814 (3.9511, 23.0437); ]
    2909 (-5.02101, 22.1176) -> [ 2737 (-5.12686, 23.5849); 3681 (-5.31244, 23.8264); ]
    2910 (18.3695, 8.70606) -> [ 603 (18.3283, 10.4516); 2782 (17.5816, 10.4791); 2867 (19.1687, 10.5067); 3110 (19.2159, 10.2043); 3810 (19.7811, 10.0284); ]
    2911 (15.3634, 9.82812) -> [ 1152 (14.1355, 11.2533); 1188 (15.3092, 11.8106); 3985 (13.7401, 10.5541); ]
    2913 (11.0192, 18.5735) -> [ 2858 (12.7294, 19.3008); ]
    2914 (24.0176, 6.46926) -> [ ]
    2920 (-7.30922, 8.86987) -> [ ]
    2921 (21.5253, 22.1555) -> [ 1402 (20.0845, 22.9957); 1869 (20.9045, 23.7131); 2261 (19.9745, 22.6922); ]
    2922 (21.7198, -3.4099) -> [ 308 (23.4949, -3.38236); ]
    2923 (-5.53955, -8.04514) -> [ 615 (-7.32925, -8.3291); 2222 (-4.24281, -9.51985); 3254 (-4.4326, -9.61802); 3489 (-4.2862, -8.48265); 3697 (-6.14344, -9.84381); ]
    2924 (-5.01747, -5.67474) -> [ 2509 (-4.51559, -7.38782); 3376 (-4.51583, -7.58983); 3542 (-4.20689, -7.11705); ]
    2927 (-2.07417, 18.6663) -> [ 606 (-3.42193, 19.4334); 1480 (-2.48764, 20.1064); 3250 (-3.52758, 18.8912); 3394 (-2.44741, 20.1279); ]
    2929 (0.0556767, -7.98269) -> [ ]
    2931 (15.8815, 22.603) -> [ 413 (16.6705, 24.0089); 1569 (16.3436, 24.4831); ]
    2933 (2.09615, 11.2758) -> [ ]
    2934 (23.9855, -6.99557) -> [ ]
    2935 (2.42668, -5.40306) -> [ 228 (4.13832, -5.69644); 720 (2.60329, -7.1757); 1251 (3.60293, -6.75576); 1995 (2.77952, -7.066); 2829 (3.40777, -6.7239); 2831 (2.73193, -7.12841); ]
    2936 (-1.31986, 2.90739) -> [ 291 (-1.75891, 1.06957); 583 (0.195906, 1.97606); 1919 (0.0102061, 1.89174); 2871 (-0.890146, 1.02744); 3216 (-2.77845, 1.67562); ]
    2937 (6.62619, -8.33947) -> [ 1755 (7.95778, -9.44397); 2093 (8.28576, -9.44806); 3907 (6.82443, -10.1009); ]
    2938 (4.31221, 5.30763) -> [ 3339 (6.23741, 5.70747); 3811 (5.34351, 3.85497); ]
    2939 (24.418, 1.72705) -> [ ]
    2940 (13.3652, -4.77963) -> [ 264 (15.0507, -5.19944); 385 (15.2251, -4.41185); 426 (15.1461, -5.65562); 618 (14.983, -5.95539); 935 (14.9677, -4.75019); 1176 (15.2324, -4.4449); 2384 (14.4666, -6.13318); 2620 (14.5805, -5.75148); 2625 (14.8588, -5.42868); 3011 (15.0619, -5.36662); ]
    2941 (15.914, 18.7602) -> [ 3116 (14.3903, 17.518); ]
    2942 (-10.2283, 4.54563) -> [ 3805 (-10.402, 2.60554); 3878 (-10.7602, 2.62158); ]
    2943 (19.8491, 12.4729) -> [ ]
    2944 (-6.09463, 21.3662) -> [ ]
    2945 (-12.4197, 0.380606) -> [ ]
    2946 (-3.04924, 10.8284) -> [ 316 (-3.46394, 9.00592); 624 (-4.97593, 11.1564); 764 (-2.97044, 8.87714); ]
    2947 (-9.69591, -9.1999) -> [ 440 (-8.39529, -9.59699); 2200 (-7.93954, -9.71205); 2555 (-8.1529, -10.147); ]
    2948 (19.4917, 14.8794) -> [ ]
    2949 (-6.40543, 2.67302) -> [ 1211 (-7.41239, 1.16495); ]
    2950 (-4.3113, 15.7328) -> [ ]
    2952 (0.710609, -7.51342) -> [ ]
    2953 (1.87117, -4.71455) -> [ 3400 (3.61553, -5.13925); ]
    2955 (8.94157, -7.90282) -> [ 432 (10.2169, -8.9215); 2225 (10.7335, -8.21453); 2598 (10.5041, -8.63859); 3261 (10.8221, -8.40727); ]
    2956 (9.8089, -8.04648) -> [ ]
    2957 (4.95547, -10.0649) -> [ 412 (6.74118, -9.92617); 1800 (6.6516, -9.34838); 1968 (6.87927, -10.4984); ]
    2958 (14.5272, -7.66035) -> [ 1277 (16.2934, -7.49714); ]
    2962 (5.91341, 23.182) -> [ 1404 (7.82704, 23.6402); 2207 (7.13784, 24.3783); 2425 (7.45063, 24.1004); ]
    2963 (-5.90521, 6.17191) -> [ ]
    2964 (1.05147, 2.3909) -> [ 1073 (1.91307, 0.783483); ]
    2965 (20.2533, 18.6475) -> [ 336 (18.823, 19.7267); 1580 (18.7301, 19.7582); 1671 (20.1398, 20.446); 2872 (18.7662, 19.8365); 2969 (18.8613, 17.5909); 3074 (21.4608, 19.8013); 3078 (18.6713, 19.2115); ]
    2966 (7.66414, -0.359054) -> [ 222 (9.47585, -0.977977); 1107 (9.6201, -0.592464); 1162 (9.07099, -1.63288); 2644 (9.14224, 0.912073); ]
    2967 (17.7904, 7.05336) -> [ 263 (17.3559, 9.00071); 2910 (18.3695, 8.70606); ]
    2968 (-2.82444, 0.295651) -> [ 2526 (-2.05063, -1.51599); ]
    2969 (18.8613, 17.5909) -> [ 100 (17.4467, 19.0025); 655 (18.0075, 19.3281); ]
    2971 (9.81433, -5.6228) -> [ 958 (11.3113, -5.75544); 3864 (11.1203, -7.08567); ]
    2972 (8.25625, 8.99089) -> [ 3371 (9.7941, 9.97581); 3925 (9.3661, 10.4613); ]
    2974 (-3.8727, 0.475719) -> [ 770 (-5.43564, -0.439697); 1172 (-5.78327, 0.115389); 1816 (-2.67959, -1.01792); ]
    2977 (-5.99815, -6.81455) -> [ ]
    2979 (1.2533, -1.80088) -> [ 220 (2.79508, -1.27773); 2470 (3.09382, -1.39212); 3236 (1.69381, -3.63374); 3888 (3.03048, -2.71388); ]
    2980 (-10.7897, 0.487765) -> [ 1504 (-11.3043, -1.24229); ]
    2981 (-9.66632, 23.4136) -> [ 251 (-10.2196, 23.9687); 1493 (-10.18, 23.9538); ]
    2982 (11.7295, 2.09462) -> [ 873 (13.3488, 2.587); 987 (13.5395, 1.59107); 1710 (12.6021, 3.73278); ]
    2985 (-6.82321, -5.03816) -> [ 1712 (-6.31979, -6.90741); ]
    2986 (5.42377, 19.3251) -> [ 570 (6.54942, 19.8196); 1620 (7.26682, 19.524); 2584 (7.04957, 19.3651); 3602 (6.59468, 20.3722); ]
    2987 (3.36855, -5.40751) -> [ ]
    2989 (-7.91991, -10.5627) -> [ ]
    2991 (-3.07326, 5.31369) -> [ ]
    2992 (17.722, 9.50594) -> [ ]
    2994 (20.7848, -1.14804) -> [ 557 (21.1706, 0.697794); 2111 (22.6167, -1.53299); 3513 (22.6089, -1.74875); 3875 (22.3551, -0.0229914); ]
    2995 (-7.76759, 12.2224) -> [ 170 (-9.33083, 11.1073); 711 (-9.34171, 12.4174); 1081 (-8.77954, 13.6781); ]
    2998 (22.2502, -10.0795) -> [ 2212 (23.428, -9.05871); 2344 (23.705, -9.18696); 2438 (23.531, -8.93525); 2702 (23.5689, -8.62172); ]
    2999 (5.10247, 10.9221) -> [ 1468 (6.95161, 11.6534); ]
    3000 (-4.03798, -0.27958) -> [ 191 (-4.32733, -2.21561); 329 (-4.07064, -2.05537); 1069 (-4.12977, -2.00933); 2795 (-3.69187, -2.21761); ]
    3001 (-11.0312, 0.775372) -> [ 3592 (-10.3768, -1.01064); 3918 (-10.8338, -0.903299); 3992 (-11.3734, -0.981161); ]
    3002 (0.323027, 7.82621) -> [ 72 (0.571249, 6.06239); 581 (0.492782, 5.92803); 3571 (0.467259, 6.02599); 3912 (1.27761, 6.36893); ]
    3003 (17.4648, 18.9813) -> [ 3584 (15.6751, 18.3179); ]
    3004 (-8.42679, -3.80287) -> [ ]
    3006 (-0.866553, 6.76426) -> [ 20 (-1.21415, 4.85528); 114 (-0.947037, 4.97288); 1331 (0.436124, 5.53666); ]
    3007 (-4.12056, 14.2811) -> [ ]
    3010 (13.2564, -9.87936) -> [ 885 (15.1583, -9.5147); 1136 (14.6502, -10.4395); 1664 (15.1488, -10.0497); 3388 (15.0877, -10.0026); ]
    3011 (15.0619, -5.36662) -> [ 546 (16.3209, -4.26718); ]
    3012 (-7.84109, 20.7288) -> [ 652 (-9.12494, 21.8952); 1159 (-8.72114, 21.0215); 1629 (-8.06474, 21.3187); 1804 (-9.21825, 21.2544); ]
    3013 (21.0895, 21.9617) -> [ 2297 (19.2697, 22.1421); 3662 (19.2207, 22.4901); ]
    3014 (3.21, -3.77403) -> [ 2621 (5.0725, -4.34062); 3961 (4.46233, -5.30923); ]
    3015 (18.3191, -0.244319) -> [ 309 (18.9492, 1.5937); 2532 (19.3583, 1.15424); ]
    3018 (23.1987, 11.1632) -> [ 908 (22.5485, 12.6501); 943 (24.235, 12.8064); ]
    3019 (-5.97023, 23.892) -> [ ]
    3020 (-4.89979, 16.1611) -> [ ]
    3021 (-0.962946, 18.8063) -> [ 1613 (-1.2534, 20.4181); ]
    3022 (21.5615, 9.21231) -> [ 2160 (21.9281, 11.0023); 2792 (21.3142, 10.8932); 3558 (21.9829, 10.9815); ]
    3024 (-9.8595, 0.283453) -> [ 600 (-10.2741, -1.51299); 3043 (-11.3304, -0.912098); 3663 (-9.25101, -1.27626); ]
    3025 (4.70645, 23.9868) -> [ 3546 (6.04198, 24.3943); ]
    3027 (-10.6447, -7.05872) -> [ 3053 (-11.6993, -8.49486); ]
    3028 (19.9571, 13.2193) -> [ 1039 (18.9242, 14.4605); ]
    3029 (24.0813, -7.24799) -> [ ]
    3030 (-0.14812, -8.47337) -> [ 893 (1.32161, -8.53421); ]
    3032 (-0.968911, -9.13946) -> [ 3928 (0.394508, -10.5463); ]
    3033 (13.9044, 8.2308) -> [ 424 (13.3178, 10.0432); 452 (14.0428, 10.1187); ]
    3035 (23.462, 2.79818) -> [ 613 (24.9891, 3.47126); 684 (24.7433, 3.90652); 2274 (24.9786, 3.60684); ]
    3036 (-6.29568, 2.48095) -> [ 271 (-5.87221, 0.731209); 1701 (-7.30582, 0.856463); ]
    3037 (3.44246, 24.5026) -> [ ]
    3038 (4.49857, 7.52038) -> [ 40 (5.93919, 6.64092); 2273 (6.47462, 7.39924); 3834 (5.85963, 6.14085); ]
    3039 (21.5665, -3.66559) -> [ ]
    3040 (-6.04522, 19.1752) -> [ 725 (-7.92739, 19.6193); ]
    3041 (7.39385, 0.664341) -> [ 475 (8.74932, -0.57397); 1198 (8.76888, -0.235268); ]
    3042 (5.52646, -8.6525) -> [ 456 (7.01363, -9.1756); 3398 (7.45941, -8.65321); ]
    3043 (-11.3304, -0.912098) -> [ ]
    3044 (3.52495, 13.0348) -> [ 1207 (5.24271, 13.9142); ]
    3045 (3.69344, -10.2822) -> [ 2641 (4.8004, -11.4045); ]
    3046 (-9.41265, -3.21276) -> [ 99 (-8.73284, -4.82725); 282 (-10.9845, -4.11917); 1112 (-11.1997, -4.05816); 3004 (-8.42679, -3.80287); ]
    3047 (-2.24074, -7.48116) -> [ 564 (-1.57239, -8.74761); 2193 (-3.62013, -8.76394); 2253 (-1.93084, -9.28471); 3049 (-0.704443, -8.58634); 3300 (-3.00167, -9.3152); ]
    3048 (14.903, 19.7389) -> [ 137 (15.9494, 20.3285); 543 (16.2798, 20.3654); 1088 (16.3556, 20.1188); 1573 (16.2713, 20.3345); 1920 (16.1077, 19.9936); 3623 (16.2836, 20.2641); ]
    3049 (-0.704443, -8.58634) -> [ 1769 (0.834341, -8.88862); 3550 (0.0875905, -10.314); ]
    3050 (-11.4533, -4.45685) -> [ 2756 (-10.6482, -6.20221); ]
    3051 (-9.62528, 18.6512) -> [ ]
    3053 (-11.6993, -8.49486) -> [ 946 (-11.1111, -10.402); 1875 (-10.6378, -9.77096); 3650 (-12.1077, -9.91568); ]
    3054 (16.8521, 5.7404) -> [ 986 (17.0696, 7.55211); 1134 (17.3983, 7.53257); ]
    3056 (-11.4063, -7.7851) -> [ 1214 (-9.80715, -8.10813); 1328 (-11.338, -9.1886); 2247 (-9.739, -8.76643); ]
    3057 (-6.9145, 13.7749) -> [ 3682 (-7.89448, 15.3831); ]
    3058 (14.9887, 22.3571) -> [ 996 (16.0063, 22.4325); 2931 (15.8815, 22.603); ]
    3060 (-10.9312, 11.662) -> [ 1324 (-11.2672, 9.80767); 2604 (-12.2675, 13.0191); 2820 (-11.2601, 13.5556); ]
    3061 (-11.5861, 19.0241) -> [ 444 (-12.0963, 20.9559); 1388 (-12.4969, 20.6319); ]
    3062 (2.18889, 22.3349) -> [ 1745 (3.39796, 23.4846); 2993 (3.32903, 23.1055); 3840 (3.42117, 23.1366); ]
    3063 (22.4315, 14.6085) -> [ 1672 (22.5132, 16.3725); ]
    3064 (-0.0112137, 11.4025) -> [ 84 (0.13304, 9.7292); ]
    3066 (-7.50481, -4.44102) -> [ 47 (-7.04226, -5.89587); 588 (-6.86891, -5.89655); 1220 (-7.01869, -6.12693); ]
    3067 (4.64516, 5.84172) -> [ 96 (6.59215, 6.19265); 2091 (6.43021, 4.9895); 2180 (6.49785, 6.52542); ]
    3069 (-6.09759, 13.2657) -> [ ]
    3070 (-3.74218, 16.4491) -> [ 2168 (-5.40307, 16.825); ]
    3071 (-1.03619, 10.3842) -> [ 1199 (-1.90229, 8.59895); ]
    3072 (-2.35331, 14.7236) -> [ 66 (-3.54637, 15.3356); 2304 (-3.48176, 15.7813); ]
    3073 (-3.50725, -11.1384) -> [ 1474 (-4.81819, -12.495); 3348 (-4.70686, -12.3416); ]
    3074 (21.4608, 19.8013) -> [ ]
    3075 (-10.8133, -10.3638) -> [ ]
    3076 (5.39505, 22.7696) -> [ 3501 (6.41635, 24.4882); 3909 (7.13428, 23.3117); ]
    3077 (3.19149, 6.90167) -> [ 748 (3.66281, 5.1312); 2681 (3.87487, 5.45818); 2938 (4.31221, 5.30763); 3067 (4.64516, 5.84172); 3586 (4.97251, 6.61223); ]
    3078 (18.6713, 19.2115) -> [ 225 (17.2226, 19.9341); 402 (16.946, 19.9371); 422 (17.3654, 20.0218); 1157 (16.9639, 18.7844); ]
    3080 (-10.6852, -3.20932) -> [ 1714 (-9.75146, -4.65862); 2052 (-12.1669, -4.42937); 2837 (-10.4547, -5.12452); 2840 (-9.27173, -4.28847); 3699 (-10.2102, -5.06199); ]
    3083 (12.4757, 1.53069) -> [ 1815 (14.2563, 2.27017); ]
    3084 (17.6174, -7.37909) -> [ 142 (19.5444, -7.1421); ]
    3086 (3.4785, 11.5641) -> [ ]
    3087 (4.988, -3.80022) -> [ 845 (4.48386, -5.54632); 2404 (6.64526, -4.27709); ]
    3089 (-11.6441, -1.68975) -> [ ]
    3090 (6.76274, -1.03547) -> [ 3422 (8.55553, -1.66864); ]
    3091 (3.47935, 16.8708) -> [ 929 (3.94404, 18.3805); 1472 (5.11146, 16.9694); 1908 (3.7318, 18.6624); 3565 (4.48185, 17.8573); ]
    3092 (23.9757, 6.38731) -> [ 734 (23.551, 8.33419); ]
    3094 (-11.0492, 23.4985) -> [ ]
    3095 (-8.72155, 9.58439) -> [ 621 (-10.3543, 10.3502); 1041 (-10.7194, 9.60931); 1262 (-10.1805, 8.82058); 1563 (-8.49514, 7.87003); 1674 (-10.6008, 8.92365); ]
    3096 (-11.8448, -4.4267) -> [ 2447 (-11.7054, -6.14519); ]
    3097 (-10.6084, 20.2833) -> [ 1317 (-10.4238, 22.0868); ]
    3098 (9.64745, 1.54243) -> [ 3412 (10.9416, 3.06311); ]
    3100 (10.0302, 6.81247) -> [ 3849 (10.5999, 8.57612); ]
    3101 (23.4097, -4.90719) -> [ ]
    3103 (21.9796, 17.6837) -> [ 1546 (21.6029, 19.562); 2194 (20.42, 18.8703); ]
    3104 (1.01954, 7.06259) -> [ 12 (2.11412, 5.55501); 1213 (2.46731, 5.98335); 2166 (0.714372, 5.19367); 3955 (1.31161, 5.43766); ]
    3105 (4.37655, 20.1444) -> [ 802 (5.27768, 21.6497); ]
    3106 (-8.51307, 2.72139) -> [ ]
    3108 (6.59604, -3.59524) -> [ 49 (8.41983, -3.28359); 1376 (8.17562, -3.9795); ]
    3109 (-9.18275, 20.2467) -> [ 3435 (-9.67661, 21.8518); ]
    3110 (19.2159, 10.2043) -> [ ]
    3111 (-7.99132, -5.13938) -> [ ]
    3113 (3.11508, 24.0114) -> [ ]
    3114 (-1.03906, -11.7555) -> [ ]
    3115 (12.0524, -4.65838) -> [ 482 (13.7142, -4.33399); 1484 (13.6504, -4.11487); ]
    3118 (-2.53855, -8.10733) -> [ 2730 (-1.54777, -9.36378); 2928 (-1.68402, -9.51449); 3279 (-2.1419, -10.0457); ]
    3119 (-9.92989, 21.3001) -> [ 281 (-10.7018, 22.7979); 2403 (-10.3467, 22.521); ]
    3123 (-2.25752, 9.23661) -> [ 51 (-3.55677, 7.96132); ]
    3124 (5.15568, -0.720461) -> [ 335 (6.84997, -0.949426); 888 (6.96932, -0.91888); ]
    3125 (17.1454, 5.51903) -> [ 1413 (17.7412, 7.08261); 2056 (17.0935, 7.38923); ]
    3126 (23.0627, -11.2049) -> [ ]
    3127 (-11.9302, -1.61989) -> [ 1722 (-10.9652, -3.03931); 2396 (-11.5626, -3.11746); ]
    3128 (1.67521, 2.24177) -> [ 1843 (3.55301, 1.87944); ]
    3129 (2.57418, 9.84004) -> [ 633 (2.29169, 8.33611); 1428 (3.69054, 8.50918); ]
    3130 (9.83058, 3.31206) -> [ 1332 (11.5539, 4.30104); 1914 (11.5055, 4.14334); 1997 (11.002, 4.1714); ]
    3131 (-9.87281, 22.1212) -> [ ]
    3133 (10.5903, 23.697) -> [ ]
    3134 (20.0758, 18.1537) -> [ 135 (21.0975, 19.5714); 2240 (19.3201, 19.8415); 2299 (18.2594, 17.7692); ]
    3135 (-8.44451, -4.13633) -> [ 679 (-6.59295, -4.84606); 848 (-7.45032, -5.44878); 1512 (-7.91795, -5.85009); ]
    3136 (6.42054, 3.31568) -> [ 1373 (8.1575, 2.65952); ]
    3137 (-0.724718, 4.43366) -> [ 487 (0.490857, 3.59646); ]
    3138 (3.77626, 19.2906) -> [ 321 (5.54657, 20.0664); 2213 (5.51639, 19.9967); 3184 (5.24548, 20.2324); ]
    3139 (4.76266, 8.81607) -> [ 101 (6.14602, 8.54567); 1410 (5.59896, 7.01903); 2003 (6.67164, 8.26906); 2489 (5.69933, 7.28033); ]
    3140 (23.2486, -5.07343) -> [ ]
    3142 (-7.69509, -10.744) -> [ ]
    3143 (4.45959, 5.97959) -> [ 1095 (6.37086, 6.28722); 3833 (6.19453, 6.72028); ]
    3144 (5.45434, 1.64545) -> [ ]
    3146 (20.757, -1.64176) -> [ 614 (21.5566, -0.112095); 1866 (22.4127, -2.57755); 3272 (21.5988, -0.0131598); ]
    3147 (-12.27, 12.3868) -> [ 249 (-12.3592, 13.7507); ]
    3148 (-6.11258, 2.8285) -> [ 2204 (-7.2268, 1.51446); ]
    3149 (17.523, 8.19483) -> [ 2206 (16.6177, 9.95811); ]
    3150 (8.29535, 4.41056) -> [ 116 (10.0211, 5.25302); 297 (10.2647, 4.32267); 899 (10.1776, 3.80297); 1258 (9.56025, 4.94828); ]
    3151 (20.6204, -5.18343) -> [ ]
    3152 (11.0238, 19.8203) -> [ ]
    3155 (11.5444, -11.414) -> [ 478 (13.4055, -11.3126); 2115 (13.4835, -11.5823); 2343 (13.2576, -12.2977); 3637 (13.1188, -11.018); ]
    3157 (14.3478, -10.5719) -> [ 1218 (15.9678, -9.86038); ]
    3158 (9.23761, 19.235) -> [ 188 (9.6058, 18.0908); 2067 (10.9569, 19.3213); 2189 (10.7909, 19.1745); 2508 (10.7595, 19.4103); 2817 (11.1013, 19.8923); 3152 (11.0238, 19.8203); 3750 (11.1085, 19.929); ]
    3159 (9.3895, -8.68176) -> [ ]
    3160 (12.1461, 18.9928) -> [ ]
    3162 (10.2195, 6.53122) -> [ 2048 (10.9434, 7.95245); ]
    3163 (7.16946, -2.6442) -> [ ]
    3164 (-6.08746, -9.97578) -> [ ]
    3165 (0.481995, 22.4549) -> [ 3496 (-0.187875, 23.8813); ]
    3166 (-0.526008, -4.95481) -> [ 585 (-0.329425, -6.89126); 2551 (-0.190921, -6.9035); ]
    3167 (15.7592, 3.40921) -> [ 1703 (16.8642, 4.96037); ]
    3169 (-2.44728, 15.0888) -> [ 11 (-3.78103, 15.9959); 2950 (-4.3113, 15.7328); 3828 (-3.49401, 16.1552); ]
    3170 (-2.19827, 13.2436) -> [ ]
    3171 (0.856008, 22.8107) -> [ 2142 (1.14498, 24.4696); 2500 (1.23769, 24.467); 2673 (1.91207, 23.6568); ]
    3173 (-5.43093, 18.0264) -> [ ]
    3175 (19.0041, 3.67928) -> [ 666 (20.5424, 4.09762); ]
    3176 (-5.21791, 12.4983) -> [ 1025 (-7.10623, 12.1899); 1109 (-6.79632, 11.289); 1689 (-7.06609, 12.5118); 3474 (-6.39556, 14.0379); ]
    3177 (15.3599, 3.86914) -> [ ]
    3178 (-5.34204, -8.92569) -> [ 2015 (-5.31623, -10.579); ]
    3179 (13.8293, 0.228166) -> [ 2150 (14.7634, 1.93587); 3523 (14.893, 1.66591); 3599 (14.9119, 1.78635); 3966 (15.7706, 0.124844); ]
    3180 (4.22411, -1.58016) -> [ 1586 (5.85855, -2.69171); ]
    3181 (-3.8209, 14.3582) -> [ ]
    3182 (23.1314, 12.001) -> [ 2618 (21.8834, 13.5257); ]
    3183 (-7.41273, -0.660644) -> [ 1731 (-6.25811, -2.19015); 2623 (-7.12909, -2.63218); ]
    3185 (8.51649, 24.6165) -> [ ]
    3186 (-6.14815, 11.5133) -> [ 1464 (-7.71787, 11.0072); 1587 (-7.78662, 12.539); ]
    3187 (15.7724, 7.70291) -> [ 175 (17.027, 9.14651); 1166 (16.5169, 9.33402); ]
    3188 (9.05821, 21.403) -> [ 1076 (10.6285, 21.7647); 1482 (10.3639, 21.5937); 1957 (9.89358, 22.5452); ]
    3189 (22.5007, -7.86373) -> [ 1810 (23.6832, -6.57438); 2934 (23.9855, -6.99557); 3029 (24.0813, -7.24799); ]
    3190 (18.1062, -6.87241) -> [ 1017 (20.0397, -6.37497); 2561 (20.0283, -6.33463); 2997 (19.3498, -5.40873); ]
    3191 (-7.93555, 0.345779) -> [ 515 (-8.21519, -1.25573); 1064 (-8.00553, -1.04469); ]
    3192 (10.8128, -4.49259) -> [ 36 (12.6207, -3.79768); ]
    3193 (22.3917, -7.3605) -> [ 898 (24.125, -7.82558); ]
    3194 (-7.04364, 15.8726) -> [ 59 (-8.05498, 17.2919); 463 (-7.34585, 17.234); 3174 (-8.36641, 16.6492); 3232 (-7.43215, 17.1341); 3248 (-8.03731, 17.3894); 3838 (-8.49273, 17.0173); ]
    3195 (-11.337, 13.9366) -> [ 3600 (-12.2532, 15.5004); ]
    3196 (1.40276, 11.6991) -> [ 14 (1.96254, 9.8323); 820 (2.76231, 10.8391); 915 (2.65245, 10.5855); 2670 (2.16987, 10.0551); ]
    3197 (20.6512, -0.163804) -> [ 1429 (22.0305, 0.891305); ]
    3199 (-7.96588, 6.68432) -> [ 158 (-7.63778, 4.78314); 2611 (-8.63679, 4.81437); ]
    3200 (21.0056, -4.62723) -> [ ]
    3201 (-9.29228, 14.2491) -> [ ]
    3202 (-8.45094, 23.2929) -> [ 1125 (-8.96297, 24.3285); 1547 (-8.50297, 24.2114); ]
    3203 (-6.53414, -1.0313) -> [ 411 (-5.25708, -2.38509); 1252 (-7.05651, -2.65411); 2116 (-7.00363, -2.95903); ]
    3205 (4.73756, 17.1778) -> [ 1778 (6.16995, 16.6201); ]
    3207 (-1.03402, 17.8201) -> [ 239 (-2.38286, 17.9466); ]
    3208 (6.74735, -4.88724) -> [ 2096 (8.05659, -6.16002); ]
    3209 (8.13075, 23.8704) -> [ 3755 (10.0054, 24.021); ]
    3210 (-5.18081, -1.9375) -> [ ]
    3211 (-7.88976, 6.76756) -> [ 784 (-9.4078, 5.89223); 1377 (-9.14889, 5.34146); ]
    3212 (15.4984, 3.32475) -> [ 2533 (16.9606, 4.63943); ]
    3214 (15.8508, -11.5126) -> [ 923 (17.6032, -12.0862); ]
    3215 (-3.16528, 6.15632) -> [ 1625 (-3.05311, 4.43832); 1785 (-3.99839, 4.56438); 2049 (-4.57527, 6.35476); 2328 (-4.58161, 5.47268); ]
    3216 (-2.77845, 1.67562) -> [ 123 (-2.56019, -0.0696489); 2705 (-1.75296, -0.00478259); 2722 (-2.05391, -0.0260189); ]
    3217 (-1.65415, 11.0126) -> [ 210 (-1.44415, 9.34894); 634 (-3.20341, 12.014); 1295 (-3.49932, 11.2028); 1323 (-2.46897, 9.33012); 1365 (-3.51731, 11.4812); 1467 (-3.03538, 12.0899); 2874 (-3.11002, 12.2093); 3123 (-2.25752, 9.23661); ]
    3220 (-10.4541, -3.37001) -> [ 216 (-9.09173, -4.7437); 391 (-12.2143, -4.10342); 672 (-9.62439, -4.91752); 1338 (-9.25815, -4.81047); 2374 (-9.262, -4.77754); 2385 (-9.51016, -4.85842); 2518 (-8.59211, -4.08514); 3247 (-10.5621, -5.26969); ]
    3223 (-4.33947, -1.76667) -> [ 2138 (-2.95132, -2.73977); 3352 (-3.15874, -3.12965); 3806 (-4.42954, -3.23095); ]
    3224 (2.25947, 9.18295) -> [ 1222 (4.02155, 8.33435); ]
    3225 (6.38038, 18.3325) -> [ 375 (7.93066, 18.7134); 3263 (7.62392, 19.8884); ]
    3226 (0.248193, -1.34648) -> [ 85 (1.12532, -2.45296); ]
    3227 (-3.74635, 2.08714) -> [ 410 (-4.83898, 0.905589); 2075 (-2.79172, 0.607768); 3457 (-4.34807, 0.229457); ]
    3228 (3.05704, -8.05313) -> [ ]
    3230 (0.837988, 4.26495) -> [ 13 (2.6005, 3.61505); 58 (1.49866, 2.55872); 397 (0.508596, 2.52239); 1281 (0.138963, 2.48273); 2318 (0.0228346, 2.44907); 2421 (0.499171, 2.38031); 2517 (0.994948, 2.5424); 2694 (0.561394, 2.56083); 2964 (1.05147, 2.3909); ]
    3231 (13.4467, 3.5928) -> [ 241 (14.5377, 4.95282); ]
    3232 (-7.43215, 17.1341) -> [ ]
    3234 (2.3474, -4.17563) -> [ 359 (2.98202, -5.80128); 1053 (4.19853, -4.67364); 2002 (2.27802, -5.62693); 2634 (2.25011, -5.87328); 2987 (3.36855, -5.40751); ]
    3235 (2.93583, 16.3286) -> [ 1097 (4.1391, 17.6533); 1208 (4.48601, 17.0829); 1749 (4.40047, 17.2577); 3205 (4.73756, 17.1778); ]
    3236 (1.69381, -3.63374) -> [ 1774 (3.53589, -4.20303); 1806 (3.18671, -4.29332); 1944 (3.2089, -4.76014); 2935 (2.42668, -5.40306); ]
    3237 (-9.90292, 0.926118) -> [ 1494 (-9.00944, -0.565058); 2436 (-10.0914, -0.530971); 2496 (-10.0841, -0.44753); ]
    3239 (3.62312, -6.1591) -> [ 98 (5.17145, -5.07005); 327 (5.32083, -6.85449); 328 (2.59771, -7.54568); 2371 (3.21192, -7.99981); 3228 (3.05704, -8.05313); ]
    3244 (-5.94648, 9.65183) -> [ 1038 (-7.1766, 8.2012); 1156 (-7.70416, 9.04786); 2011 (-6.59095, 8.21948); ]
    3246 (16.6675, 10.8459) -> [ 255 (16.349, 12.7804); 680 (16.3002, 12.6399); 3677 (14.992, 11.2588); ]
    3247 (-10.5621, -5.26969) -> [ 742 (-12.1945, -6.09891); 1313 (-9.3971, -6.81993); 1566 (-9.46654, -6.56248); 1877 (-9.76904, -6.75818); 3027 (-10.6447, -7.05872); ]
    3248 (-8.03731, 17.3894) -> [ 71 (-9.4002, 18.7719); 559 (-9.18672, 18.926); ]
    3249 (-11.2358, 14.8132) -> [ 758 (-10.3999, 15.8981); 1360 (-11.475, 16.7612); 2645 (-11.4665, 16.5275); 3065 (-10.1471, 15.0171); ]
    3251 (13.275, -7.77896) -> [ ]
    3252 (2.09635, -2.46815) -> [ 203 (3.07787, -3.8576); 1513 (3.76191, -3.04946); 1823 (1.48363, -4.03352); 2579 (3.62083, -3.35713); 3014 (3.21, -3.77403); ]
    3253 (-6.15171, 0.407887) -> [ 106 (-4.63936, -0.843614); 505 (-6.7438, -1.46639); 1965 (-5.05813, -0.247375); ]
    3254 (-4.4326, -9.61802) -> [ 190 (-2.6588, -10.4428); 567 (-4.55529, -11.4769); 2176 (-4.86999, -11.4535); 2850 (-6.12778, -10.0994); 3979 (-2.68396, -10.1324); ]
    3255 (2.58081, -9.67786) -> [ ]
    3256 (-8.48403, 23.4551) -> [ 625 (-8.93782, 24.7866); 2728 (-8.92452, 24.9988); ]
    3257 (20.8287, 16.0231) -> [ ]
    3261 (10.8221, -8.40727) -> [ ]
    3262 (-8.33097, 6.91824) -> [ 1715 (-7.74609, 5.27363); ]
    3263 (7.62392, 19.8884) -> [ 392 (8.92038, 20.9297); 1170 (9.5593, 20.0449); ]
    3265 (20.1725, -5.20753) -> [ ]
    3266 (-2.98702, 17.1167) -> [ 2060 (-4.32468, 18.5671); ]
    3268 (6.89434, 6.33839) -> [ ]
    3269 (-0.292548, 14.677) -> [ 1121 (-2.12502, 13.8908); 1726 (-0.557918, 13.6541); 2312 (-0.876336, 13.289); ]
    3270 (18.1185, -10.2395) -> [ 234 (18.9707, -8.55775); 1616 (19.8215, -9.68135); 2388 (19.9354, -10.85); 2502 (19.8503, -10.587); 3349 (19.8226, -11.0888); 3361 (19.8008, -10.6813); 3686 (19.1037, -11.737); ]
    3271 (0.357475, 8.22126) -> [ 578 (1.80695, 7.24202); 3601 (1.17035, 6.68261); ]
    3272 (21.5988, -0.0131598) -> [ 733 (22.7788, 1.23961); ]
    3273 (-12.2626, 19.4252) -> [ 522 (-12.4763, 21.0075); 980 (-11.9704, 21.0208); 3964 (-12.3454, 21.0109); ]
    3274 (-11.6579, 21.0462) -> [ 721 (-11.6273, 22.8501); 2079 (-12.1115, 22.9144); 3444 (-11.5259, 22.814); ]
    3275 (23.4113, 3.55592) -> [ 598 (24.6421, 4.89666); 1212 (24.8864, 4.59495); 1284 (23.7823, 5.17108); 3518 (24.1301, 5.38503); 3612 (24.3145, 4.90055); ]
    3276 (22.8428, 7.21228) -> [ ]
    3279 (-2.1419, -10.0457) -> [ ]
    3280 (8.15099, -9.68137) -> [ 231 (8.54911, -11.2235); ]
    3284 (-2.0437, 1.3141) -> [ 740 (-3.49991, -0.0100575); 1123 (-0.241089, 0.571443); 1630 (-3.862, 0.731196); 2088 (-1.83092, -0.432489); 2301 (-2.94368, -0.389658); 2397 (-1.0591, -0.315801); ]
    3285 (12.3131, -12.1262) -> [ ]
    3286 (-12.3221, -2.076) -> [ ]
    3287 (21.2191, 3.052) -> [ 814 (21.3192, 4.9781); ]
    3288 (10.2909, -3.63482) -> [ 701 (11.7305, -4.64775); 1650 (11.4742, -5.10008); ]
    3289 (13.6347, -1.45764) -> [ 326 (14.3939, 0.214579); ]
    3292 (6.88871, 8.96926) -> [ 1318 (8.67782, 9.40214); ]
    3293 (0.968551, 19.5995) -> [ 455 (1.87777, 20.3071); 979 (1.93976, 20.4473); 2520 (2.44191, 20.7219); 3675 (2.41335, 20.2549); 3939 (2.3473, 20.9175); ]
    3294 (6.16272, -6.98021) -> [ ]
    3296 (-4.55392, 12.6839) -> [ 1867 (-6.38829, 13.1027); ]
    3297 (7.86024, -8.95803) -> [ 301 (9.38189, -9.75335); 1110 (7.77418, -10.814); 2127 (9.63819, -8.27548); 3034 (8.9973, -10.0966); ]
    3298 (6.26348, 0.172419) -> [ 2061 (7.93755, 0.902432); 3423 (8.15653, -0.0887611); ]
    3299 (-4.66475, 3.75439) -> [ 818 (-5.32679, 1.87444); 2097 (-6.06874, 2.44075); ]
    3300 (-3.00167, -9.3152) -> [ 198 (-1.22665, -9.97132); 1225 (-2.3673, -11.1837); 2889 (-2.21378, -11.0154); 3312 (-1.22158, -9.85323); 3362 (-1.35469, -10.1969); ]
    3302 (-6.68363, 16.6921) -> [ 1384 (-7.86346, 18.0766); ]
    3303 (9.83904, -0.639661) -> [ ]
    3305 (3.05458, 5.46494) -> [ 2656 (3.36008, 3.61426); 2834 (4.37549, 4.4273); 3295 (4.38061, 4.56534); ]
    3306 (-8.04571, 1.60574) -> [ 507 (-8.98826, 0.135705); 1155 (-7.19776, 0.173843); 3237 (-9.90292, 0.926118); 3782 (-9.50125, 0.662506); ]
    3307 (9.59314, 21.5197) -> [ 1438 (11.3317, 20.7767); 2029 (11.0867, 20.4872); ]
    3309 (10.891, -2.31908) -> [ 3258 (12.7529, -2.60178); ]
    3310 (-10.8077, 16.1982) -> [ 483 (-11.4135, 17.6057); 1421 (-11.7376, 17.6583); ]
    3312 (-1.22158, -9.85323) -> [ 268 (-0.378393, -11.5781); 1510 (-0.267993, -11.2303); 2890 (-0.11507, -10.8885); 2918 (-0.399864, -11.1188); 3114 (-1.03906, -11.7555); ]
    3313 (19.9954, 6.32622) -> [ 1874 (21.0357, 7.93616); ]
    3314 (-4.31907, 7.6356) -> [ 207 (-6.01883, 6.64814); 2896 (-5.28952, 5.96399); ]
    3316 (0.463226, 10.1309) -> [ 1437 (1.82678, 9.07855); ]
    3317 (21.6647, 3.34119) -> [ ]
    3318 (-10.3777, -8.32371) -> [ 973 (-8.57951, -8.25312); 1078 (-11.9134, -9.22423); 1817 (-9.15293, -9.67986); 2300 (-10.6687, -10.2685); 2492 (-9.20217, -9.44776); 2629 (-9.1804, -8.90963); 3479 (-10.3724, -10.2496); 3615 (-9.34551, -9.4376); ]
    3320 (-11.8049, 7.66823) -> [ 1367 (-10.6806, 6.07119); ]
    3321 (-7.22065, 1.63471) -> [ ]
    3324 (-7.95221, 5.73111) -> [ 265 (-7.65088, 4.199); 498 (-9.47216, 5.27106); 536 (-6.79456, 4.29556); 737 (-7.87285, 4.06009); 870 (-7.70792, 3.88807); 871 (-9.7442, 5.35927); 2412 (-9.20049, 4.25371); 2469 (-6.71349, 4.42052); 2597 (-8.10419, 4.30396); 2599 (-7.36697, 3.94271); 2636 (-9.19576, 4.29755); 3322 (-6.98527, 4.59787); 3915 (-7.15753, 4.33156); ]
    3326 (12.0515, 4.37558) -> [ 145 (13.1341, 2.93197); 591 (11.9877, 5.95594); 620 (13.4124, 3.49262); 1268 (13.5206, 4.77808); 1312 (13.7531, 4.57908); 1763 (13.2819, 4.83092); 1986 (11.8932, 5.93687); 2092 (13.7963, 4.89737); 2103 (13.4243, 5.75743); 3231 (13.4467, 3.5928); 3337 (13.9198, 4.36715); ]
    3327 (3.31776, 3.19458) -> [ 1490 (3.77089, 1.503); ]
    3328 (18.08, 5.94769) -> [ 458 (18.1319, 7.77887); 2763 (17.8643, 7.77901); ]
    3329 (-7.71563, 1.69272) -> [ 1347 (-7.90305, -0.0689398); 2468 (-9.19662, 1.02949); 2828 (-8.42009, -0.143148); ]
    3331 (13.8328, -1.8092) -> [ 2536 (15.426, -0.634379); ]
    3333 (-6.75819, -7.95596) -> [ 88 (-6.30871, -9.03346); 528 (-7.49997, -9.73745); 1496 (-7.42372, -9.0932); 2357 (-5.5789, -9.37943); 3178 (-5.34204, -8.92569); ]
    3334 (-5.77245, 5.67672) -> [ 828 (-6.32319, 3.77354); ]
    3335 (13.9092, 22.9219) -> [ 532 (14.9259, 22.6654); 1506 (15.09, 22.7989); ]
    3336 (17.1573, -4.05877) -> [ 1612 (18.9959, -4.60981); 2879 (18.7287, -3.01952); ]
    3337 (13.9198, 4.36715) -> [ 108 (15.7375, 4.39774); 454 (15.6447, 5.34408); 843 (15.1333, 4.87094); 895 (13.8852, 6.0976); 1522 (15.7716, 5.11302); 2199 (15.2692, 5.13695); 2369 (15.4392, 4.48001); 3786 (15.0388, 5.24742); 3822 (15.2442, 5.37295); ]
    3338 (-6.1928, -0.338244) -> [ 3210 (-5.18081, -1.9375); 3446 (-5.82613, -2.12299); ]
    3339 (6.23741, 5.70747) -> [ 230 (8.13906, 5.38433); ]
    3340 (-8.50619, 18.6948) -> [ 1434 (-9.40283, 20.4688); 3109 (-9.18275, 20.2467); ]
    3342 (1.91948, 8.69243) -> [ 83 (2.741, 6.95854); 126 (3.04228, 7.75508); 688 (3.12112, 7.51504); 1665 (2.3055, 6.8864); ]
    3343 (14.4718, 7.44916) -> [ 580 (15.2583, 9.17026); 3791 (15.8387, 8.72303); 3836 (15.8637, 8.85068); ]
    3345 (-6.31335, -12.218) -> [ 3913 (-4.52291, -11.7106); ]
    3347 (-1.62441, -5.2845) -> [ ]
    3349 (19.8226, -11.0888) -> [ 171 (20.8166, -9.90978); ]
    3350 (-4.95904, 13.3734) -> [ 408 (-6.25773, 14.267); ]
    3352 (-3.15874, -3.12965) -> [ 55 (-1.92216, -4.6155); 242 (-4.14657, -4.75603); 433 (-2.99358, -4.93117); 2122 (-1.88679, -4.36511); 2263 (-2.06729, -4.3216); 3775 (-2.51297, -4.9783); ]
    3354 (17.4594, 16.4292) -> [ 399 (15.6191, 16.8756); 791 (15.8334, 16.7823); 1244 (16.0632, 16.596); 2736 (15.8722, 17.0128); ]
    3355 (-1.34697, 19.1509) -> [ 46 (-0.621862, 20.6582); 1048 (-0.758651, 20.3492); 1196 (-0.713112, 20.4997); ]
    3356 (10.444, -10.9043) -> [ 944 (12.3421, -10.2845); 1809 (12.381, -10.9656); ]
    3357 (3.04705, 10.6494) -> [ 29 (4.91697, 11.2277); 525 (2.76648, 8.88452); 1296 (4.70784, 9.95803); 1440 (4.90866, 11.1589); ]
    3358 (22.7286, 11.6332) -> [ 369 (21.2865, 12.9939); 622 (22.2991, 12.9852); 643 (23.6311, 13.2663); 1799 (23.1078, 13.5499); 3725 (21.4821, 13.0721); ]
    3359 (8.9223, 8.0727) -> [ 2434 (10.9195, 8.02868); 2606 (10.8332, 7.75143); ]
    3361 (19.8008, -10.6813) -> [ 474 (21.0315, -9.17563); 2558 (20.8557, -9.12348); ]
    3362 (-1.35469, -10.1969) -> [ 214 (0.521518, -10.4231); 698 (-0.401515, -11.9053); 945 (-0.956372, -12.0022); 2535 (0.317407, -10.4322); 3844 (-1.58524, -12.1595); ]
    3364 (-4.64957, -5.87435) -> [ 1106 (-4.44474, -7.63619); ]
    3365 (-2.90594, -6.11034) -> [ 2683 (-3.3212, -7.91793); ]
    3367 (6.5204, 15.7241) -> [ 183 (8.30078, 15.9031); 573 (7.95732, 16.6586); 1548 (8.31967, 15.7477); ]
    3369 (16.9623, -2.32747) -> [ 3768 (18.8951, -2.05526); ]
    3370 (-4.56355, 14.0964) -> [ ]
    3374 (21.6742, -2.32372) -> [ 2335 (23.0085, -0.938085); 2807 (23.3073, -1.36321); 3890 (23.247, -1.69973); ]
    3375 (10.1932, -10.6213) -> [ 1614 (11.6989, -11.754); 1834 (10.3611, -12.0002); 3853 (11.9521, -10.2493); ]
    3376 (-4.51583, -7.58983) -> [ ]
    3377 (10.8488, 18.2025) -> [ 1641 (12.361, 17.2992); 1841 (12.5609, 18.6042); 2187 (12.3475, 17.0415); 2383 (12.6213, 17.5852); 3827 (12.6859, 18.9457); ]
    3378 (12.2348, 2.4086) -> [ 3784 (13.8165, 3.17554); ]
    3380 (11.2582, 6.73024) -> [ 957 (12.6777, 7.54729); 3818 (12.7965, 7.80391); ]
    3381 (22.1517, 15.2042) -> [ 3887 (21.5742, 17.0372); ]
    3383 (14.5661, 6.5188) -> [ 1459 (15.4768, 7.72514); ]
    3384 (-1.18632, -6.3282) -> [ 501 (-1.30727, -7.97295); 1918 (-0.657931, -7.78888); ]
    3385 (19.6255, 6.58764) -> [ 2358 (19.6384, 8.37695); ]
    3386 (7.05411, 22.5193) -> [ 1002 (8.20272, 24.1205); 3209 (8.13075, 23.8704); 3932 (8.82746, 23.404); ]
    3387 (11.8353, 19.1934) -> [ 1067 (13.4424, 19.1152); ]
    3388 (15.0877, -10.0026) -> [ 150 (16.2318, -8.78254); 555 (15.8915, -8.28628); 2712 (16.5884, -9.34588); ]
    3391 (12.0961, 4.81254) -> [ 168 (13.1458, 6.31998); 495 (12.2082, 6.67655); 796 (13.6266, 5.95698); 3425 (12.398, 6.59287); 3733 (13.226, 6.19217); ]
    3392 (7.39001, 16.0372) -> [ 1084 (9.19822, 15.7338); 2647 (9.35475, 16.3509); 3390 (9.12982, 16.4145); ]
    3393 (8.38233, 21.1624) -> [ 766 (9.91717, 21.9138); 1293 (9.06296, 22.8026); 1667 (9.33642, 22.5036); ]
    3395 (19.3544, 16.2278) -> [ 857 (17.9968, 17.5126); 2411 (17.8342, 16.4828); 2887 (18.3343, 17.9158); 3354 (17.4594, 16.4292); ]
    3396 (0.507914, -3.39875) -> [ 612 (1.23945, -4.71439); 2953 (1.87117, -4.71455); 3234 (2.3474, -4.17563); 3665 (0.145281, -5.33901); ]
    3398 (7.45941, -8.65321) -> [ 1876 (9.01806, -7.74707); 3159 (9.3895, -8.68176); ]
    3399 (15.6988, 5.62977) -> [ 2988 (17.3296, 6.65701); 3995 (15.8647, 7.395); ]
    3400 (3.61553, -5.13925) -> [ 786 (5.39462, -4.91492); 1675 (4.53507, -6.58407); 1837 (5.56415, -5.11292); 2033 (5.11202, -5.57478); 2038 (3.71055, -7.02775); 2852 (3.95667, -6.9589); ]
    3401 (13.6462, 7.40288) -> [ 642 (14.67, 8.56607); ]
    3403 (-10.0278, -1.07985) -> [ 496 (-8.16087, -1.68468); 1273 (-11.3473, -1.49185); ]
    3404 (3.19274, -7.58272) -> [ ]
    3405 (23.2158, 22.2473) -> [ 497 (22.1597, 23.8158); ]
    3407 (-4.58615, -10.425) -> [ 3233 (-3.2124, -11.6495); ]
    3408 (15.3212, 24.6725) -> [ ]
    3411 (11.2302, -10.174) -> [ 1099 (12.7937, -9.95178); 1545 (10.5821, -11.8306); ]
    3414 (-7.32006, -6.87669) -> [ 182 (-7.76888, -8.62285); 537 (-5.89581, -7.62919); ]
    3415 (19.5593, -3.89318) -> [ 2008 (21.4078, -3.3569); ]
    3416 (19.6084, -3.75217) -> [ 710 (21.6019, -3.83916); 1093 (21.3098, -2.83519); 1449 (21.502, -3.11802); 3039 (21.5665, -3.66559); ]
    3418 (18.617, 9.70818) -> [ 488 (17.2515, 10.8861); 1621 (18.2062, 11.549); ]
    3419 (1.3355, -10.408) -> [ 838 (2.20656, -12.1794); ]
    3420 (19.3911, 7.01554) -> [ 2345 (19.7261, 8.80716); ]
    3421 (20.9727, 13.764) -> [ 2356 (19.2335, 14.563); 2448 (19.3242, 14.8324); 2635 (19.627, 14.9217); 2948 (19.4917, 14.8794); ]
    3423 (8.15653, -0.0887611) -> [ 3578 (10.0278, 0.47485); 3797 (10.006, -0.14006); ]
    3424 (0.438941, 20.8401) -> [ 2062 (0.026674, 22.6655); 3165 (0.481995, 22.4549); ]
    3425 (12.398, 6.59287) -> [ 451 (13.9545, 6.98001); ]
    3426 (-11.1497, -12.185) -> [ ]
    3428 (19.3509, 4.03746) -> [ ]
    3429 (23.2041, -11.987) -> [ 1561 (24.465, -10.6384); 1990 (24.9686, -11.5839); ]
    3430 (20.9429, 13.2527) -> [ 1240 (20.0243, 14.8764); 3453 (20.4473, 15.1075); ]
    3432 (-4.69399, 4.34019) -> [ 2272 (-6.44706, 4.19299); 2916 (-6.57338, 4.12131); ]
    3434 (19.7504, -10.9449) -> [ 1329 (21.2672, -11.7403); 2248 (21.3927, -9.84048); 2337 (21.3367, -11.7563); ]
    3437 (-2.23124, 16.0185) -> [ 353 (-3.35424, 16.6872); 2414 (-3.32187, 16.6839); 3930 (-3.60185, 16.9302); ]
    3439 (4.31794, 2.37569) -> [ 1558 (5.64069, 1.01158); ]
    3440 (22.6323, 8.58034) -> [ 1100 (22.4179, 10.0902); 1462 (22.0436, 10.4413); 1603 (22.2902, 10.2877); 2330 (22.966, 10.4555); ]
    3441 (-4.44833, 19.3191) -> [ 2378 (-5.4829, 20.11); ]
    3442 (-7.56486, 22.2849) -> [ 446 (-7.96111, 23.9196); ]
    3443 (-6.94712, -10.3718) -> [ 3345 (-6.31335, -12.218); ]
    3445 (6.43632, -8.94488) -> [ 809 (8.30421, -9.45032); 3280 (8.15099, -9.68137); ]
    3446 (-5.82613, -2.12299) -> [ ]
    3449 (-4.6638, -8.2534) -> [ ]
    3451 (23.2949, -6.07449) -> [ 1526 (24.6611, -7.51657); 1564 (24.6517, -7.36966); ]
    3452 (12.4708, 18.3493) -> [ 2474 (13.1865, 17.5221); ]
    3453 (20.4473, 15.1075) -> [ 160 (20.6981, 17.0169); 1753 (19.4252, 16.4987); 3748 (19.5291, 16.5721); ]
    3454 (-0.306417, -11.2694) -> [ ]
    3455 (9.67022, -0.532443) -> [ 805 (11.5223, -0.437211); ]
    3456 (24.6428, 14.232) -> [ 829 (24.2254, 16.042); ]
    3457 (-4.34807, 0.229457) -> [ 560 (-5.59138, -1.05654); 1960 (-3.29988, -1.44997); 2036 (-6.06656, -0.441006); 2175 (-3.38406, -1.31606); 2323 (-3.05847, -0.464051); 3223 (-4.33947, -1.76667); ]
    3458 (5.17492, 5.67341) -> [ 1879 (6.74195, 4.82682); 2221 (7.16131, 5.87761); ]
    3460 (12.2592, 18.2515) -> [ 431 (13.8165, 17.8582); 723 (13.2456, 17.0736); 1057 (12.9606, 17.1391); 1327 (13.8783, 17.8127); 1594 (13.4348, 16.7369); 1776 (13.7305, 17.8575); 2444 (13.9213, 17.7926); 3848 (12.2107, 16.3646); ]
    3461 (23.1106, 8.06505) -> [ 1734 (22.4632, 9.33809); 3022 (21.5615, 9.21231); ]
    3462 (-7.04859, -2.14714) -> [ 1602 (-7.52163, -4.00231); ]
    3463 (4.40934, -3.10513) -> [ 779 (5.61715, -4.51515); ]
    3464 (22.506, 5.42284) -> [ 252 (23.2073, 6.82041); 983 (22.6219, 7.18153); 1200 (22.9578, 7.0706); 1511 (23.3759, 6.98247); 2649 (22.5488, 6.93902); 3276 (22.8428, 7.21228); ]
    3466 (-5.42968, 7.14646) -> [ 774 (-6.68844, 5.64092); 2764 (-6.52052, 5.7308); ]
    3468 (23.0912, 17.1699) -> [ 250 (22.043, 18.6982); 551 (23.0658, 18.9058); 1055 (23.6699, 18.9756); 3579 (23.3219, 18.4185); ]
    3469 (11.9597, 0.258934) -> [ 3179 (13.8293, 0.228166); ]
    3470 (9.47703, 23.6993) -> [ 476 (10.8831, 24.3268); ]
    3471 (19.0265, 21.3127) -> [ ]
    3472 (-2.60291, 8.26482) -> [ 2157 (-3.55946, 6.90038); 2456 (-3.78819, 6.71406); 3314 (-4.31907, 7.6356); ]
    3474 (-6.39556, 14.0379) -> [ 54 (-6.59286, 15.9273); 3194 (-7.04364, 15.8726); ]
    3475 (-2.39962, 6.40187) -> [ 110 (-3.36011, 4.73274); 284 (-3.89662, 5.97533); 918 (-4.10125, 5.67709); 1988 (-0.98621, 5.41457); 2131 (-2.61905, 4.514); 2336 (-2.59788, 4.47016); 2745 (-3.86896, 6.19245); 3459 (-3.62014, 5.33119); 3616 (-1.68077, 4.65047); 3855 (-3.25718, 4.9066); ]
    3477 (4.75974, 12.1677) -> [ 729 (6.17169, 11.6179); ]
    3478 (-1.83885, 8.2333) -> [ 1673 (-1.78423, 6.40922); 2296 (-1.46329, 6.46358); ]
    3479 (-10.3724, -10.2496) -> [ 981 (-9.89572, -11.9903); 1713 (-9.17068, -10.5219); 2542 (-11.995, -11.0408); 2700 (-10.9947, -12.025); 3553 (-9.51898, -11.9417); 3705 (-10.9775, -12.1115); ]
    3480 (1.73643, 22.5274) -> [ 2841 (2.06914, 23.9505); ]
    3482 (-3.17372, -2.09539) -> [ 34 (-2.12861, -3.67939); ]
    3483 (-8.8434, 10.3107) -> [ 134 (-10.2397, 11.5508); 1870 (-9.73941, 8.71141); 1934 (-8.90463, 8.67486); 2459 (-8.97176, 8.65076); 2595 (-10.2897, 9.0577); 3522 (-10.676, 11.0668); 3779 (-10.031, 8.71766); ]
    3484 (16.3085, -11.0601) -> [ 185 (18.0459, -10.742); 768 (17.7633, -10.1623); 2400 (18.0643, -10.879); 2675 (17.8624, -9.9964); 3270 (18.1185, -10.2395); ]
    3485 (8.02793, 20.6695) -> [ 1306 (9.42636, 21.128); ]
    3487 (13.4171, -8.43232) -> [ 586 (14.6554, -9.9723); 790 (14.6168, -9.86164); 1183 (15.0168, -7.79929); 1883 (14.9765, -9.64308); ]
    3489 (-4.2862, -8.48265) -> [ ]
    3491 (5.12454, 10.3626) -> [ ]
    3493 (-7.35358, 20.0973) -> [ 79 (-8.34405, 20.4703); ]
    3494 (7.24173, -11.5876) -> [ 692 (9.19317, -11.6864); ]
    3495 (-4.54282, 4.38802) -> [ 794 (-5.58907, 3.22992); ]
    3497 (18.8015, 15.4448) -> [ 696 (16.9881, 15.3274); 2298 (17.1182, 16.521); ]
    3499 (17.4499, 10.9829) -> [ 427 (16.6934, 12.7259); 569 (18.0227, 12.8003); 2506 (15.768, 11.7415); 2770 (16.567, 12.4712); 2983 (16.2846, 12.4217); ]
    3500 (22.5111, 2.72606) -> [ 859 (23.4285, 4.40945); 1009 (23.8683, 4.02064); 1791 (22.0192, 4.4101); 1832 (23.0443, 3.9474); 2137 (22.8045, 4.34134); 2401 (23.3548, 4.31013); 2409 (23.488, 3.82148); 2727 (22.2972, 4.4947); ]
    3501 (6.41635, 24.4882) -> [ 3714 (7.89706, 24.8538); ]
    3503 (2.79746, 20.2134) -> [ 1407 (4.5131, 21.0179); 1495 (4.26684, 21.2548); 1557 (4.45855, 20.9851); ]
    3504 (24.1496, 19.846) -> [ 2177 (23.0189, 21.3333); ]
    3505 (-5.4599, 21.5239) -> [ 2044 (-6.84968, 22.7196); ]
    3506 (6.76793, 21.7578) -> [ 1967 (8.07177, 22.1904); 2671 (7.77424, 22.231); ]
    3508 (15.5426, 20.8508) -> [ 782 (16.4464, 20.9023); 1840 (17.0748, 21.2984); 3204 (16.9046, 21.9086); ]
    3509 (13.0744, -7.17338) -> [ 416 (14.9799, -7.04509); 441 (14.5022, -7.91848); 1165 (14.9307, -7.59619); 1921 (14.3346, -8.12936); ]
    3510 (23.7615, -11.4418) -> [ 2007 (24.9922, -9.95131); 3222 (24.8164, -10.3503); ]
    3511 (-8.46424, 10.0791) -> [ 310 (-9.42574, 11.7879); 1184 (-9.51216, 8.37641); ]
    3513 (22.6089, -1.74875) -> [ 649 (23.7401, -3.1441); 1321 (23.9426, -3.23346); 1747 (24.0906, -1.89558); 2282 (23.7649, -0.203046); ]
    3517 (4.06619, 16.3067) -> [ 2797 (5.95294, 16.373); ]
    3518 (24.1301, 5.38503) -> [ 2281 (24.6316, 7.052); 2538 (24.3497, 7.12057); ]
    3520 (-3.26184, 8.97498) -> [ 719 (-5.04811, 9.64041); 1831 (-4.08174, 7.31686); ]
    3521 (22.5231, 1.46852) -> [ 1451 (23.3081, 2.80386); 3035 (23.462, 2.79818); 3831 (22.6804, 3.28839); ]
    3522 (-10.676, 11.0668) -> [ 489 (-11.1174, 9.21596); 2283 (-11.0697, 12.8638); ]
    3523 (14.893, 1.66591) -> [ 889 (16.2966, 2.9064); ]
    3524 (14.3543, 18.3137) -> [ 3732 (15.7362, 18.9452); ]
    3526 (16.9129, 9.7975) -> [ 2043 (16.3271, 11.5955); ]
    3527 (3.36544, 24.3789) -> [ 337 (4.45106, 24.6225); 868 (4.46285, 24.7176); ]
    3528 (8.52498, -6.24779) -> [ 1905 (8.8023, -8.20823); ]
    3529 (3.87871, -2.65637) -> [ 1554 (4.58642, -4.52302); ]
    3530 (-9.53689, 17.2433) -> [ 686 (-10.8696, 18.1346); 3085 (-9.65808, 19.1774); ]
    3531 (3.46731, 18.2624) -> [ 376 (4.58069, 19.3007); ]
    3532 (-11.3993, 4.6836) -> [ 1405 (-12.1419, 2.91884); ]
    3533 (-3.47909, 2.76788) -> [ 197 (-2.31658, 1.65982); 1623 (-4.3736, 1.71372); 2179 (-2.18743, 1.83801); ]
    3535 (21.8587, -4.97838) -> [ 1148 (22.7351, -6.73163); ]
    3538 (12.8238, 4.07653) -> [ 2129 (14.4671, 4.57926); 3980 (14.5038, 4.4111); ]
    3539 (5.06158, 5.04874) -> [ 499 (6.72531, 4.17213); ]
    3541 (15.8325, 21.1408) -> [ 290 (17.6026, 21.5998); ]
    3542 (-4.20689, -7.11705) -> [ 92 (-4.32028, -8.81867); 1153 (-4.50676, -8.88327); ]
    3543 (-1.68565, 9.54343) -> [ 1608 (-3.42873, 9.41676); ]
    3544 (-0.97578, 2.9969) -> [ 1027 (-2.38859, 2.35625); 1535 (-2.637, 2.21593); ]
    3545 (22.0171, 8.10049) -> [ 1577 (22.3774, 9.99629); 3438 (20.3962, 9.03441); ]
    3547 (9.9298, -9.09837) -> [ 221 (11.5423, -8.28403); 747 (11.6464, -8.91749); 906 (11.7901, -8.48993); 1028 (11.4855, -7.954); 1487 (11.4915, -8.14274); 3411 (11.2302, -10.174); 3919 (11.5995, -8.23028); ]
    3548 (-4.26171, -6.12494) -> [ 3653 (-4.81537, -8.03852); ]
    3549 (-9.57894, 2.112) -> [ 386 (-9.59215, 0.16573); 724 (-8.83916, 0.828947); 783 (-8.82539, 0.573796); 816 (-9.50209, 0.406543); 952 (-10.9875, 3.05524); 1733 (-9.24533, 0.523015); 1777 (-8.00951, 1.26567); 2145 (-9.8675, 0.686391); 2159 (-10.958, 0.871139); 2165 (-8.04211, 1.08239); 3001 (-11.0312, 0.775372); 3024 (-9.8595, 0.283453); 3762 (-11.0098, 1.89848); ]
    3550 (0.0875905, -10.314) -> [ 307 (-0.418447, -12.1222); 1229 (1.07781, -11.2795); 1529 (0.679256, -12.1984); 1653 (-0.0724265, -12.2025); 2108 (1.0963, -11.3275); ]
    3551 (-7.80713, 17.2956) -> [ ]
    3553 (-9.51898, -11.9417) -> [ ]
    3554 (18.6424, 16.073) -> [ 103 (16.7041, 15.9463); ]
    3555 (23.1885, -0.442405) -> [ 1654 (24.4311, 0.412792); ]
    3558 (21.9829, 10.9815) -> [ 2132 (20.7239, 12.3871); 2875 (21.3606, 12.6023); ]
    3559 (17.1594, -9.45432) -> [ 147 (19.0027, -9.06733); ]
    3560 (18.486, -2.51448) -> [ 3702 (19.4848, -4.17307); ]
    3562 (13.8592, 24.3998) -> [ ]
    3563 (23.7495, 5.77919) -> [ 1141 (23.8458, 7.76215); ]
    3564 (-5.10174, 15.0961) -> [ 1020 (-5.60846, 16.0724); 1098 (-5.74909, 16.8266); 1427 (-5.75317, 16.0295); 2591 (-6.24793, 16.629); ]
    3565 (4.48185, 17.8573) -> [ 3225 (6.38038, 18.3325); ]
    3566 (2.74287, -10.2082) -> [ 384 (4.16129, -11.3996); ]
    3568 (2.75661, 9.19812) -> [ ]
    3569 (8.46162, 8.31478) -> [ 2192 (9.06778, 10.1539); ]
    3570 (-10.546, 12.5067) -> [ 340 (-9.9461, 14.3091); 991 (-11.051, 10.7041); 1010 (-11.4243, 10.8864); 1197 (-10.4896, 14.163); 2256 (-10.8546, 13.8992); 3195 (-11.337, 13.9366); 3567 (-10.4988, 14.0608); ]
    3573 (18.806, -10.8371) -> [ 358 (20.1816, -10.0141); 466 (20.7654, -10.8514); 914 (20.3639, -11.4143); 2442 (19.9998, -9.48096); 2537 (20.0724, -9.7522); ]
    3574 (5.85875, 7.91527) -> [ 2118 (7.77191, 8.08251); ]
    3575 (-2.26333, 2.27862) -> [ 817 (-2.20426, 0.641777); 1436 (-2.00544, 0.514417); ]
    3576 (-7.54192, 23.0379) -> [ 2565 (-7.58459, 24.3034); ]
    3578 (10.0278, 0.47485) -> [ 2583 (11.0716, 2.12234); 3610 (11.1947, 1.83918); ]
    3579 (23.3219, 18.4185) -> [ 660 (23.2418, 20.2958); 1567 (24.7448, 18.8953); 1766 (24.7711, 19.1801); 1892 (22.1183, 19.8208); 3465 (22.3163, 19.8368); ]
    3580 (24.8593, 20.8354) -> [ 835 (23.324, 21.9996); 2420 (23.3762, 21.7519); ]
    3581 (24.2255, 18.3852) -> [ 140 (23.0974, 19.5581); 272 (22.5184, 19.3358); 676 (24.571, 19.9865); 798 (22.6614, 19.4347); 1158 (24.5058, 20.0507); ]
    3583 (22.0172, 3.09368) -> [ 2417 (23.0879, 4.70671); 2709 (21.994, 4.81628); ]
    3585 (18.8254, 18.3113) -> [ 2265 (17.7355, 19.4651); ]
    3586 (4.97251, 6.61223) -> [ 3268 (6.89434, 6.33839); ]
    3588 (17.3597, 23.2582) -> [ 1828 (18.5872, 24.786); 3308 (18.4951, 24.836); ]
    3590 (-5.85874, 18.8959) -> [ 194 (-7.40454, 19.8878); 751 (-7.55167, 19.9576); ]
    3592 (-10.3768, -1.01064) -> [ 806 (-9.07687, -2.07907); 1481 (-8.80584, -2.12456); 1687 (-9.45596, -2.4091); 2713 (-11.5347, -2.10228); 3089 (-11.6441, -1.68975); 3127 (-11.9302, -1.61989); ]
    3593 (12.6332, 2.40552) -> [ 269 (14.52, 2.95801); ]
    3594 (15.7456, 24.5766) -> [ 1326 (16.8173, 24.9321); ]
    3595 (14.5653, 20.6946) -> [ 1639 (15.1587, 20.6969); 3541 (15.8325, 21.1408); 3648 (16.1944, 21.73); ]
    3596 (-8.40367, -3.47665) -> [ 1279 (-10.0194, -4.23975); 3111 (-7.99132, -5.13938); 3654 (-7.97684, -5.32012); ]
    3597 (14.5876, 19.5223) -> [ 890 (15.1759, 20.3201); ]
    3601 (1.17035, 6.68261) -> [ 903 (0.334239, 4.95436); 1348 (1.64248, 5.05113); 1940 (2.47369, 5.22788); 3672 (2.87066, 6.16974); ]
    3602 (6.59468, 20.3722) -> [ 396 (8.24718, 19.963); 941 (7.64934, 21.9851); 3393 (8.38233, 21.1624); 3720 (8.42502, 20.3096); ]
    3604 (-1.1387, 9.74682) -> [ 1465 (-2.79977, 8.65674); ]
    3606 (17.0128, 1.18029) -> [ 752 (18.7077, 1.10923); 1627 (18.7214, 0.934425); ]
    3607 (0.410525, 19.4582) -> [ 3691 (1.11849, 20.601); ]
    3609 (4.18122, 12.1723) -> [ 1466 (6.03536, 11.9939); ]
    3610 (11.1947, 1.83918) -> [ 2726 (12.4995, 3.31432); 3389 (12.2547, 2.8462); ]
    3612 (24.3145, 4.90055) -> [ 2861 (24.8619, 6.57165); ]
    3613 (1.4021, 10.7066) -> [ 1201 (2.94319, 9.56551); ]
    3615 (-9.34551, -9.4376) -> [ 2095 (-8.10852, -10.4734); 2989 (-7.91991, -10.5627); ]
    3617 (9.50998, -3.44256) -> [ 148 (11.2818, -4.27526); 2479 (11.2095, -4.02955); 3647 (10.4419, -5.13443); 3763 (11.1801, -4.09758); ]
    3618 (3.53587, -12.0298) -> [ 1599 (5.43075, -12.1976); 1927 (5.36102, -12.2621); ]
    3619 (3.95393, 23.4633) -> [ ]
    3621 (2.10531, 3.83408) -> [ 121 (3.65097, 2.72138); 2847 (2.7637, 2.22732); ]
    3622 (15.3167, -2.12155) -> [ 1958 (17.1522, -1.87192); ]
    3623 (16.2836, 20.2641) -> [ 936 (16.9, 20.6295); ]
    3625 (-5.45489, 18.329) -> [ 1497 (-6.70934, 18.9553); ]
    3626 (4.7903, -0.46546) -> [ ]
    3627 (-10.6945, 3.06766) -> [ 485 (-9.25252, 2.4814); 1341 (-11.8464, 1.70208); 1679 (-9.66904, 1.79612); 2231 (-9.74472, 1.80408); 3717 (-10.6895, 1.73026); ]
    3628 (-6.41513, -9.94304) -> [ ]
    3629 (21.4825, 18.7232) -> [ 3936 (20.1506, 20.1639); ]
    3630 (3.61802, 9.04612) -> [ 90 (4.84731, 7.73941); 2845 (5.33368, 8.84614); 2960 (5.54435, 9.51178); 3038 (4.49857, 7.52038); ]
    3633 (22.9247, -12.1269) -> [ 849 (24.1081, -10.9672); 2054 (24.5889, -12.3123); ]
    3635 (13.5209, -6.08205) -> [ 331 (15.2286, -6.97743); 2958 (14.5272, -7.66035); ]
    3637 (13.1188, -11.018) -> [ 718 (14.0182, -12.4023); 767 (14.6694, -12.0549); ]
    3640 (22.0481, -5.1617) -> [ 650 (23.6793, -4.38325); 2521 (23.6727, -4.41466); ]
    3642 (7.73864, -2.59819) -> [ 74 (9.08809, -3.73996); 1224 (9.41972, -2.75182); 1718 (8.85339, -3.64606); 3617 (9.50998, -3.44256); ]
    3643 (17.7806, 3.79653) -> [ 292 (19.559, 4.41389); 594 (18.6768, 5.48822); 2701 (18.6564, 5.25898); ]
    3646 (-8.04789, -7.14821) -> [ 1219 (-6.44596, -7.42826); 1662 (-9.08151, -8.84344); 1735 (-7.24713, -8.47968); 2729 (-7.52102, -8.61704); ]
    3647 (10.4419, -5.13443) -> [ 287 (11.9319, -6.04852); 1233 (12.2686, -5.65376); 1450 (12.2088, -5.00435); 1628 (11.9991, -4.94926); 1691 (11.0281, -6.99494); 3115 (12.0524, -4.65838); ]
    3649 (-11.8985, 14.4482) -> [ 143 (-10.7726, 16.0396); 1525 (-11.6699, 15.706); 2364 (-10.9333, 16.194); ]
    3650 (-12.1077, -9.91568) -> [ 1033 (-12.4658, -11.8733); ]
    3651 (22.0954, 19.3766) -> [ 919 (20.2399, 19.0467); 1045 (20.2548, 19.6772); 2302 (20.5322, 20.0612); ]
    3652 (-0.457079, 8.27252) -> [ 2812 (-2.10472, 7.17569); 3104 (1.01954, 7.06259); 3701 (1.28679, 7.60901); ]
    3653 (-4.81537, -8.03852) -> [ 435 (-5.47311, -9.83131); 1633 (-3.72005, -9.58085); ]
    3654 (-7.97684, -5.32012) -> [ 2379 (-7.74181, -7.02008); 3414 (-7.32006, -6.87669); 3646 (-8.04789, -7.14821); 3854 (-6.40732, -6.42807); ]
    3656 (5.34241, 9.5389) -> [ ]
    3657 (20.0384, 12.4173) -> [ 880 (19.3522, 13.6649); 2059 (18.5345, 12.8445); ]
    3658 (7.90911, -1.75969) -> [ 2125 (9.62065, -1.06629); 2407 (8.8406, -3.29129); ]
    3659 (-10.6495, 17.5137) -> [ ]
    3660 (-1.66267, -8.56492) -> [ ]
    3661 (-6.18156, 22.1317) -> [ ]
    3663 (-9.25101, -1.27626) -> [ 1907 (-7.99274, -2.64107); ]
    3664 (-0.813324, -6.35886) -> [ 2929 (0.0556767, -7.98269); ]
    3665 (0.145281, -5.33901) -> [ 503 (1.89709, -5.87525); 1090 (1.84321, -5.82605); 2173 (1.30079, -6.15405); 3332 (-0.346039, -7.12512); ]
    3666 (-1.95785, 11.7352) -> [ ]
    3668 (17.9407, 3.42507) -> [ 1500 (17.6129, 5.21787); 2864 (18.2976, 5.21899); ]
    3673 (-1.42961, 7.46382) -> [ 1226 (-0.74277, 5.84193); 2349 (-2.02657, 6.19478); 3081 (-1.35911, 5.82123); ]
    3674 (7.93985, 3.14212) -> [ 294 (9.24218, 4.43314); 1004 (9.41234, 2.19956); 2135 (9.47563, 3.62338); 3130 (9.83058, 3.31206); ]
    3675 (2.41335, 20.2549) -> [ 2908 (3.16696, 21.7094); ]
    3676 (-4.78795, 11.6957) -> [ 2167 (-4.91673, 13.0769); 3715 (-6.47212, 10.7687); ]
    3678 (0.150181, -4.30908) -> [ 502 (-0.445183, -5.86754); 509 (2.03452, -4.07794); 597 (-0.964468, -5.844); 1649 (-0.248146, -5.95341); 1955 (0.868166, -5.57111); 2146 (-0.577843, -5.61684); 2223 (-0.0580803, -5.87397); 2402 (0.629924, -6.22898); 2511 (0.232185, -5.81827); 3993 (1.29778, -5.42499); ]
    3679 (7.09669, -6.04125) -> [ 69 (8.76983, -7.12616); 127 (8.36489, -6.69776); 556 (8.74744, -7.01215); 2171 (7.72903, -7.68249); 2230 (8.86118, -6.95571); 3582 (8.78225, -5.49224); ]
    3681 (-5.31244, 23.8264) -> [ 1836 (-6.11978, 24.7422); 3557 (-5.87224, 24.5235); ]
    3683 (-9.70921, 19.5118) -> [ 3097 (-10.6084, 20.2833); 3119 (-9.92989, 21.3001); ]
    3684 (-7.68574, 17.153) -> [ ]
    3685 (-10.5845, 1.94268) -> [ 2325 (-12.1842, 1.17492); ]
    3686 (19.1037, -11.737) -> [ 2554 (21.0531, -11.8041); 2720 (21.1031, -11.6962); ]
    3687 (15.8238, 11.0312) -> [ 2501 (14.1575, 11.8972); 3927 (14.5825, 12.062); ]
    3688 (-8.48, -1.6763) -> [ 370 (-7.13746, -3.02085); 1113 (-7.64234, -3.2686); ]
    3691 (1.11849, 20.601) -> [ 763 (1.30278, 21.658); 2013 (0.372251, 21.9152); 2289 (1.63902, 22.3747); ]
    3692 (-7.74702, -10.0863) -> [ 1151 (-6.64323, -11.5835); 1601 (-6.28072, -8.8588); 1757 (-7.76163, -11.7824); 1891 (-7.48699, -11.4841); 2201 (-9.3677, -10.795); 2218 (-7.91629, -12.0435); 2475 (-7.85131, -11.8966); 3161 (-8.77301, -11.7708); 3690 (-7.58241, -11.8613); ]
    3693 (6.49559, 23.43) -> [ ]
    3694 (-0.0735797, -1.66012) -> [ 1929 (1.71837, -2.24814); 1975 (1.57962, -2.17394); ]
    3695 (12.2917, -10.2932) -> [ 323 (14.2025, -10.6029); 1080 (12.8232, -11.6471); 1204 (13.1214, -11.9245); 1228 (13.9831, -10.9023); 1274 (13.659, -8.86875); 1591 (12.4918, -11.9564); 2114 (14.1397, -10.8866); 2461 (12.3809, -11.8455); 3285 (12.3131, -12.1262); ]
    3696 (22.8998, 5.60424) -> [ 348 (23.8164, 7.22316); 1716 (23.3283, 7.48911); 3963 (23.028, 7.36364); ]
    3697 (-6.14344, -9.84381) -> [ 155 (-4.62757, -10.7949); 295 (-4.82874, -10.2507); 1959 (-7.18631, -11.1492); 3142 (-7.69509, -10.744); 3260 (-6.09474, -11.4714); 3267 (-5.55146, -11.6083); 3407 (-4.58615, -10.425); ]
    3698 (21.3819, 13.8864) -> [ 2064 (19.4708, 14.4634); ]
    3699 (-10.2102, -5.06199) -> [ 146 (-8.34957, -5.50461); 1071 (-8.61219, -6.11049); 1696 (-11.7931, -5.19696); 1976 (-11.9931, -5.22908); ]
    3700 (2.45266, -9.70944) -> [ 2331 (4.34024, -10.2916); ]
    3703 (-1.83687, 11.377) -> [ 700 (-3.29083, 11.1747); 1254 (-2.97355, 9.88544); 1973 (-3.66315, 11.4845); 2224 (-1.87322, 9.45869); 3543 (-1.68565, 9.54343); 3604 (-1.1387, 9.74682); ]
    3704 (17.8829, 4.37263) -> [ 728 (17.5202, 6.05367); ]
    3705 (-10.9775, -12.1115) -> [ 2000 (-12.4046, -11.9576); 3431 (-12.3761, -12.4763); 3502 (-9.13054, -12.0967); ]
    3706 (13.9761, -0.337781) -> [ 949 (14.881, 1.23967); 1508 (14.5571, 1.25014); 1683 (14.6926, 1.20979); 1912 (15.0551, 1.11786); 2332 (15.2666, -1.77631); ]
    3707 (19.3066, 4.26342) -> [ 1315 (19.4201, 6.18833); 1442 (20.0999, 5.47308); 1725 (19.0282, 6.23498); ]
    3708 (-5.1162, -9.40315) -> [ 508 (-3.96771, -10.6369); 797 (-4.45425, -11.0923); 1411 (-4.23793, -10.5763); 1600 (-5.96606, -11.155); 1805 (-3.88521, -10.2977); 1916 (-5.25849, -11.0173); 2047 (-5.22965, -11.1224); 2574 (-3.39248, -10.1139); 2750 (-3.60126, -10.6339); 2926 (-4.53965, -11.2261); 3525 (-3.8135, -10.7041); ]
    3709 (5.285, -7.64231) -> [ 322 (6.91767, -6.73441); 352 (6.60237, -7.54068); 842 (6.26461, -8.22242); 1889 (6.31743, -7.93588); 2529 (6.66444, -6.74462); 2560 (7.04069, -8.52162); 2778 (6.6115, -7.37496); 3016 (6.40237, -7.58155); 3445 (6.43632, -8.94488); 3943 (6.52518, -8.92174); ]
    3710 (18.9895, 16.8397) -> [ 778 (17.4056, 16.9012); 928 (17.2913, 17.6479); 2490 (17.7685, 18.2005); ]
    3712 (17.617, -2.85382) -> [ ]
    3713 (8.99786, 20.0446) -> [ 2630 (10.6943, 20.608); ]
    3715 (-6.47212, 10.7687) -> [ 741 (-8.41809, 10.8686); 2677 (-6.69223, 8.96622); 2995 (-7.76759, 12.2224); ]
    3716 (13.3648, 24.6038) -> [ 453 (15.2009, 24.1204); 465 (15.1769, 24.5659); 683 (15.1199, 24.5423); 772 (15.005, 24.5239); 984 (15.1032, 24.2505); 2032 (13.8449, 24.5332); 2279 (14.7619, 24.6105); 3408 (15.3212, 24.6725); 3562 (13.8592, 24.3998); ]
    3719 (3.71486, 11.0993) -> [ 648 (5.66354, 10.8427); 2646 (5.25072, 12.321); 3989 (5.44784, 10.1842); ]
    3720 (8.42502, 20.3096) -> [ 3307 (9.59314, 21.5197); ]
    3721 (-2.16873, -0.642812) -> [ 658 (-3.67749, -1.88362); 731 (-2.48941, -2.51593); 1272 (-2.8648, -2.28745); 2866 (-2.55745, -1.96697); 3482 (-3.17372, -2.09539); ]
    3725 (21.4821, 13.0721) -> [ 593 (20.2465, 14.4837); 2666 (22.3583, 14.28); 3063 (22.4315, 14.6085); ]
    3726 (-3.83155, 9.7543) -> [ 1163 (-5.57116, 9.2018); ]
    3728 (24.346, 8.57103) -> [ 438 (23.2655, 10.2225); 563 (23.9751, 10.4953); 1624 (23.9533, 9.97241); 1923 (24.5061, 10.1774); 2530 (23.4427, 10.1757); 2585 (23.662, 10.4232); ]
    3729 (20.6466, 4.91194) -> [ 3385 (19.6255, 6.58764); ]
    3730 (-9.23825, -1.68014) -> [ 235 (-9.5383, -3.61031); 400 (-10.9623, -1.73834); 799 (-9.91292, -3.36455); 3596 (-8.40367, -3.47665); ]
    3731 (4.88691, -2.92446) -> [ 1514 (5.84014, -4.60865); 3108 (6.59604, -3.59524); ]
    3733 (13.226, 6.19217) -> [ 1457 (15.0481, 6.35273); 2566 (14.3135, 7.64258); 2603 (14.6387, 7.53139); 2658 (13.609, 8.04403); ]
    3734 (18.6559, -6.2752) -> [ 938 (20.3163, -6.29067); 1146 (20.4244, -6.27252); 2478 (19.5278, -4.78408); 3265 (20.1725, -5.20753); ]
    3735 (13.9269, 20.8984) -> [ 283 (14.8145, 20.9092); 318 (14.4303, 22.5097); 1043 (14.6995, 22.2411); 1470 (14.6936, 22.1606); 1801 (15.4008, 21.4879); 2124 (13.9925, 22.6633); 3058 (14.9887, 22.3571); ]
    3736 (-5.59108, -5.30853) -> [ ]
    3737 (9.13461, -1.13244) -> [ 1782 (11.0801, -0.853842); ]
    3741 (1.5808, 4.62988) -> [ 1056 (2.59803, 3.08796); 3883 (2.70496, 3.35519); ]
    3743 (9.37217, -8.94955) -> [ 2188 (11.313, -9.07545); 2769 (10.3476, -10.6942); 3375 (10.1932, -10.6213); ]
    3744 (19.4934, 3.28174) -> [ 671 (19.933, 5.09237); ]
    3746 (18.3174, 1.87004) -> [ 932 (19.1295, 3.5215); 1288 (18.0946, 3.40485); ]
    3747 (7.32515, 15.7982) -> [ 23 (8.7575, 15.1786); 75 (8.95502, 15.6821); 554 (9.0534, 15.7943); 1452 (8.77394, 15.8506); ]
    3748 (19.5291, 16.5721) -> [ 132 (19.3901, 18.5299); ]
    3750 (11.1085, 19.929) -> [ 754 (12.5053, 20.9053); 1260 (12.4318, 21.1436); 2707 (12.1895, 19.5611); ]
    3752 (14.3525, -9.61618) -> [ 1350 (16.0987, -9.2245); ]
    3754 (8.86772, -4.54646) -> [ 1790 (10.6273, -3.69743); 3192 (10.8128, -4.49259); ]
    3755 (10.0054, 24.021) -> [ ]
    3756 (22.9469, -3.51306) -> [ 1142 (24.6143, -2.89418); ]
    3759 (15.9299, 10.2388) -> [ 144 (15.4263, 12.1743); 3984 (14.5643, 11.6431); ]
    3760 (22.0606, -6.12465) -> [ 365 (23.5104, -5.1837); 2467 (23.4859, -5.36644); 3101 (23.4097, -4.90719); ]
    3761 (-2.85401, 1.9277) -> [ 2968 (-2.82444, 0.295651); 2974 (-3.8727, 0.475719); ]
    3762 (-11.0098, 1.89848) -> [ 689 (-12.4697, 0.664028); ]
    3763 (11.1801, -4.09758) -> [ 2376 (12.977, -4.30478); 2514 (12.9675, -3.67268); ]
    3765 (13.8118, -3.33021) -> [ 1857 (15.6607, -3.59418); ]
    3766 (-10.8966, 17.6955) -> [ 2487 (-10.5435, 19.4565); 2664 (-11.1916, 19.3403); 3061 (-11.5861, 19.0241); ]
    3770 (2.67031, 8.72544) -> [ 363 (4.08417, 7.66519); 2777 (4.47991, 8.29863); ]
    3771 (11.3343, -2.32232) -> [ 504 (12.9628, -1.74488); 1821 (13.184, -2.98435); 2801 (12.9007, -1.25477); 3515 (13.1647, -1.52663); 3671 (13.1445, -2.38875); ]
    3774 (20.2307, -8.15793) -> [ 1784 (22.1814, -7.93147); 2632 (21.4273, -6.55828); 2659 (21.8893, -7.51381); ]
    3775 (-2.51297, -4.9783) -> [ 486 (-4.32916, -5.23241); 1270 (-1.29428, -5.753); 1661 (-3.59182, -6.35142); 2809 (-3.85112, -5.92077); 3384 (-1.18632, -6.3282); 3899 (-4.2405, -5.58651); ]
    3776 (-10.0592, 5.24956) -> [ 314 (-10.4809, 3.55326); 803 (-11.561, 4.05086); ]
    3777 (1.00529, 16.7986) -> [ 1953 (1.07961, 18.1835); 2418 (0.94677, 18.3608); ]
    3778 (-12.4032, 9.65171) -> [ 2471 (-12.3943, 7.92532); ]
    3779 (-10.031, 8.71766) -> [ 897 (-10.6772, 7.06448); ]
    3780 (15.4604, 3.83707) -> [ 1486 (16.0455, 5.54705); 1742 (16.8911, 5.08659); ]
    3781 (18.595, 8.14191) -> [ 189 (19.0835, 9.92169); 562 (18.8124, 9.87521); 1334 (17.5898, 9.76689); 2068 (17.8759, 9.9972); 3099 (18.5594, 10.0119); 3486 (19.6173, 9.75102); ]
    3782 (-9.50125, 0.662506) -> [ 632 (-11.1974, -0.280482); ]
    3783 (1.16028, 2.11909) -> [ 1646 (2.27855, 0.763394); ]
    3785 (-0.41072, -4.63342) -> [ 1019 (-0.27866, -6.47675); 2158 (-0.713224, -6.50679); 3664 (-0.813324, -6.35886); ]
    3788 (-8.95327, -5.94565) -> [ 1578 (-8.81941, -7.47293); ]
    3789 (-10.8777, 21.6937) -> [ 3094 (-11.0492, 23.4985); ]
    3790 (20.9335, 12.3009) -> [ 821 (20.6037, 13.579); ]
    3791 (15.8387, 8.72303) -> [ 149 (15.3132, 10.1775); 445 (15.8713, 10.0186); ]
    3794 (22.7609, -6.49269) -> [ 971 (24.205, -5.27467); 2306 (24.1761, -5.72151); ]
    3797 (10.006, -0.14006) -> [ 3469 (11.9597, 0.258934); ]
    3798 (2.67352, 4.91428) -> [ 3291 (4.37058, 3.92511); ]
    3800 (14.3435, -5.59669) -> [ 647 (15.8103, -5.52222); 863 (15.5866, -5.52858); 1180 (15.7582, -4.7084); 1945 (16.2029, -5.49161); 2321 (15.5522, -6.89547); ]
    3802 (-1.87282, -7.05041) -> [ 2904 (-2.41602, -8.95336); ]
    3806 (-4.42954, -3.23095) -> [ 596 (-5.25371, -5.01429); 1120 (-5.92072, -4.45991); 1483 (-5.55583, -4.29749); 1704 (-2.90087, -4.32985); 2440 (-5.3483, -4.83521); ]
    3807 (6.56413, 19.4267) -> [ 3485 (8.02793, 20.6695); ]
    3808 (1.86096, 12.2258) -> [ 3044 (3.52495, 13.0348); ]
    3809 (0.0116001, -12.3877) -> [ 841 (1.93775, -12.3362); ]
    3810 (19.7811, 10.0284) -> [ 1137 (19.7027, 11.9684); ]
    3811 (5.34351, 3.85497) -> [ 636 (6.65612, 2.71484); 2170 (6.99841, 4.50396); 2482 (6.9168, 2.96889); ]
    3814 (-10.6362, -2.82167) -> [ 199 (-10.5408, -4.52807); 262 (-9.11303, -3.96175); 354 (-10.7966, -4.76371); 374 (-12.4979, -3.41676); 669 (-11.1567, -4.72946); 716 (-9.76793, -4.2292); 1458 (-11.8703, -3.8865); 1676 (-11.9671, -3.72704); 1848 (-10.617, -4.36033); 2288 (-10.4823, -4.09952); 2853 (-11.3218, -4.40495); 3050 (-11.4533, -4.45685); ]
    3816 (-0.321512, 13.8991) -> [ 2665 (-1.24606, 12.3063); ]
    3818 (12.7965, 7.80391) -> [ 2881 (13.1654, 9.45537); ]
    3819 (-5.89344, 0.0178688) -> [ 714 (-4.84752, -1.16653); 1364 (-7.78449, -0.563505); 3923 (-6.70404, -1.79445); ]
    3822 (15.2442, 5.37295) -> [ 518 (15.4202, 7.24226); 874 (15.4787, 7.27104); 1575 (16.4411, 6.73824); 1935 (16.4789, 6.70981); ]
    3826 (-4.80061, 3.06482) -> [ 1021 (-5.40803, 1.21575); 2360 (-3.86808, 1.44621); ]
    3827 (12.6859, 18.9457) -> [ 2564 (14.1581, 19.0307); 2819 (13.3714, 17.9822); 2846 (13.9944, 19.2705); 3597 (14.5876, 19.5223); 3971 (13.746, 18.4919); ]
    3828 (-3.49401, 16.1552) -> [ 1003 (-4.89828, 15.8886); 2976 (-4.48285, 16.8997); 3020 (-4.89979, 16.1611); ]
    3829 (2.04515, 8.02767) -> [ 2719 (1.83971, 6.05282); ]
    3830 (-3.07116, -10.1496) -> [ ]
    3832 (-12.3742, -9.00106) -> [ 2525 (-11.1623, -10.2332); ]
    3834 (5.85963, 6.14085) -> [ 623 (7.78463, 6.25164); ]
    3835 (-12.3535, 17.7513) -> [ 1789 (-11.9184, 18.7036); 3273 (-12.2626, 19.4252); ]
    3836 (15.8637, 8.85068) -> [ 1209 (15.0068, 10.5733); 1579 (15.4724, 10.779); 2734 (15.2532, 10.6251); ]
    3837 (10.8535, 6.23105) -> [ 788 (12.333, 7.12197); 2615 (12.3046, 7.14604); ]
    3838 (-8.49273, 17.0173) -> [ 939 (-8.36236, 18.439); 3340 (-8.50619, 18.6948); ]
    3839 (1.14919, -4.64985) -> [ 670 (2.84613, -5.52726); 1068 (2.75379, -5.40264); 1985 (2.78389, -5.74204); ]
    3840 (3.42117, 23.1366) -> [ 1379 (3.96695, 24.9529); ]
    3841 (21.8435, 6.0921) -> [ 201 (22.1968, 7.88257); ]
    3846 (2.96185, -8.38343) -> [ 933 (2.9134, -10.0141); 2250 (3.58236, -10.0113); 2362 (2.5802, -9.99789); 2654 (4.45578, -8.5863); 3229 (3.56459, -9.696); 3566 (2.74287, -10.2082); ]
    3847 (4.36187, -2.93858) -> [ 1062 (6.10996, -3.66841); 2930 (5.6508, -4.21165); ]
    3850 (9.01756, -0.980843) -> [ 2799 (10.6695, -0.303122); ]
    3851 (-5.61383, 7.52054) -> [ 80 (-5.82705, 5.63242); 1604 (-6.84276, 6.11569); 3334 (-5.77245, 5.67672); ]
    3852 (24.0727, 14.8637) -> [ 713 (23.1927, 16.2376); 967 (23.0106, 15.9958); 3882 (24.6858, 16.5631); ]
    3854 (-6.40732, -6.42807) -> [ 63 (-7.82942, -7.73445); 274 (-6.03029, -8.03367); 1133 (-4.54912, -7.08545); 1292 (-4.62089, -7.24855); 1739 (-5.24053, -6.96202); 1939 (-4.98394, -7.00127); 2219 (-6.07865, -7.95126); 2319 (-4.77946, -5.36498); 2923 (-5.53955, -8.04514); 3008 (-7.12163, -7.71656); 3364 (-4.64957, -5.87435); ]
    3855 (-3.25718, 4.9066) -> [ 1026 (-3.14185, 3.10986); 1117 (-3.81882, 3.47127); 1247 (-3.48087, 3.00984); 2588 (-3.37624, 3.30816); 3299 (-4.66475, 3.75439); ]
    3856 (21.7142, -3.74241) -> [ 651 (22.8321, -2.3865); 2609 (22.8256, -2.54266); ]
    3857 (24.1575, 21.3835) -> [ 526 (22.463, 22.3173); ]
    3859 (5.02095, 11.0435) -> [ 1509 (6.89358, 11.4575); ]
    3864 (11.1203, -7.08567) -> [ 2081 (12.4373, -6.29746); 3509 (13.0744, -7.17338); ]
    3865 (0.133342, 2.87777) -> [ 254 (1.47635, 1.7788); 830 (1.66652, 2.43176); 1796 (0.828745, 1.21794); 2136 (1.61255, 1.74794); ]
    3866 (5.99848, 13.7887) -> [ 1469 (7.3657, 14.5744); ]
    3868 (24.9957, 22.9312) -> [ 1571 (23.6076, 24.1255); 1723 (23.6999, 23.5045); 2596 (24.2082, 24.3836); 2895 (23.9283, 24.5694); ]
    3869 (5.4337, 1.95071) -> [ 904 (7.32946, 2.10855); 1829 (6.55635, 0.988302); 2140 (6.34477, 0.646462); 2276 (7.24174, 2.08294); 3298 (6.26348, 0.172419); ]
    3870 (-3.17792, -11.7393) -> [ 521 (-1.23472, -11.7545); 3473 (-1.68362, -12.2771); ]
    3871 (9.63641, -3.25571) -> [ 1868 (11.5657, -2.96661); ]
    3873 (11.9716, -1.89878) -> [ 3289 (13.6347, -1.45764); 3331 (13.8328, -1.8092); ]
    3875 (22.3551, -0.0229914) -> [ 607 (24.031, 0.435962); 2016 (23.3978, 1.62332); 2882 (23.3239, 1.34663); 3521 (22.5231, 1.46852); ]
    3876 (-7.77262, 16.3806) -> [ 1380 (-7.62116, 18.3717); 2143 (-7.96298, 18.3046); ]
    3879 (13.1787, 19.5458) -> [ 1160 (14.4952, 20.4322); 1432 (15.1233, 20.0062); ]
    3880 (0.62436, -7.9912) -> [ 1249 (0.378911, -9.02809); 1409 (2.24063, -8.8147); 1560 (1.66325, -8.34127); 1855 (-0.242639, -9.38787); 1974 (-1.27831, -8.47537); 2144 (2.40709, -8.85653); 2203 (2.32856, -8.85814); 2691 (-0.79433, -9.23822); 3032 (-0.968911, -9.13946); ]
    3883 (2.70496, 3.35519) -> [ 44 (4.39726, 2.36327); 3439 (4.31794, 2.37569); ]
    3885 (-10.8876, 14.6707) -> [ 1431 (-12.3156, 15.6657); 2813 (-12.2467, 15.1557); ]
    3887 (21.5742, 17.0372) -> [ 852 (21.2296, 18.581); 1205 (19.7389, 17.2364); 2339 (19.6494, 16.555); 2375 (20.3752, 16.5879); 2703 (20.4721, 18.1384); 3134 (20.0758, 18.1537); 3629 (21.4825, 18.7232); 3862 (21.9989, 18.8514); ]
    3888 (3.03048, -2.71388) -> [ 41 (3.80187, -4.53032); 1075 (4.34024, -3.87512); 1854 (4.35849, -3.98375); 2446 (2.88601, -4.35744); 2733 (4.33254, -4.02964); 3463 (4.40934, -3.10513); 3731 (4.88691, -2.92446); ]
    3891 (14.8233, 1.5494) -> [ 107 (16.2922, 2.4762); 682 (15.4682, 3.18766); 851 (14.8105, 3.1217); 1597 (16.1004, 2.8241); 2117 (15.8136, 3.04658); 3212 (15.4984, 3.32475); ]
    3893 (10.2637, 22.7208) -> [ 913 (11.7621, 23.3434); 1126 (11.7855, 23.1779); 2372 (11.8004, 23.7582); 2708 (11.9949, 23.4501); ]
    3898 (-4.49756, 12.9682) -> [ 511 (-3.55504, 14.1413); 909 (-4.30963, 14.8135); 1618 (-4.38287, 11.926); 2053 (-3.56729, 14.452); 2197 (-4.43522, 11.815); 2389 (-5.43886, 12.1389); 2413 (-4.28013, 11.778); 2481 (-5.76117, 12.9095); 2504 (-4.11452, 12.2002); 2628 (-3.73303, 14.5048); 2803 (-5.00223, 11.7382); 3676 (-4.78795, 11.6957); 3820 (-5.38416, 12.9405); ]
    3899 (-4.2405, -5.58651) -> [ 267 (-3.98609, -7.51969); ]
    3900 (24.4243, 23.1948) -> [ 576 (22.9901, 23.4885); 781 (22.9324, 24.4048); 2873 (23.2832, 24.8322); ]
    3901 (-6.24704, 21.5403) -> [ 380 (-7.48616, 22.5679); 601 (-7.65257, 22.6107); 2534 (-7.22866, 22.469); 3442 (-7.56486, 22.2849); 3576 (-7.54192, 23.0379); ]
    3902 (-10.1119, 0.57628) -> [ 3403 (-10.0278, -1.07985); ]
    3903 (5.27575, 13.1673) -> [ 3764 (6.57966, 13.9226); ]
    3904 (8.00447, 7.0231) -> [ 911 (9.80994, 7.88204); 1339 (9.63191, 8.14171); 3946 (9.87769, 7.72256); ]
    3905 (6.26491, 12.7085) -> [ 7 (7.30044, 13.8086); 1047 (7.96253, 12.9157); 2405 (7.75672, 13.9644); 3867 (7.74562, 13.7183); ]
    3906 (9.87623, 18.1849) -> [ 1072 (11.5696, 17.4851); 1849 (11.8338, 18.0972); ]
    3907 (6.82443, -10.1009) -> [ 1644 (8.37412, -10.9048); 2626 (8.63334, -10.9294); ]
    3909 (7.13428, 23.3117) -> [ 735 (8.2408, 24.1711); ]
    3910 (-3.4842, 18.1316) -> [ 138 (-4.71455, 19.2882); 1325 (-4.92325, 18.427); 1682 (-4.11039, 18.8492); 3173 (-5.43093, 18.0264); 3625 (-5.45489, 18.329); ]
    3911 (-7.64166, -6.20022) -> [ 273 (-6.13482, -7.28303); 516 (-6.24467, -7.07838); 1738 (-6.02087, -5.97025); 2662 (-5.87541, -5.7424); 2977 (-5.99815, -6.81455); 3333 (-6.75819, -7.95596); ]
    3913 (-4.52291, -11.7106) -> [ ]
    3917 (20.9786, 22.7576) -> [ 1024 (21.2354, 24.3468); ]
    3918 (-10.8338, -0.903299) -> [ 2368 (-11.9032, -2.49588); 3286 (-12.3221, -2.076); 3863 (-12.3914, -1.36178); ]
    3919 (11.5995, -8.23028) -> [ 240 (13.3979, -9.03021); ]
    3920 (5.50753, 1.26575) -> [ 1246 (6.74883, -0.208003); 3041 (7.39385, 0.664341); ]
    3921 (-4.16064, -6.40429) -> [ 1447 (-2.79712, -7.79181); 3449 (-4.6638, -8.2534); ]
    3923 (-6.70404, -1.79445) -> [ 995 (-6.32579, -3.10159); 1702 (-6.8946, -3.02723); 2311 (-5.57296, -3.22114); 2359 (-6.84918, -3.74772); 2524 (-5.73246, -3.22883); ]
    3924 (-2.11619, 11.6978) -> [ 1177 (-0.640211, 11.7094); 1994 (-1.19025, 10.5049); 3071 (-1.03619, 10.3842); 3990 (-2.22573, 10.0446); ]
    3926 (-8.21992, 13.1355) -> [ 1954 (-9.44416, 14.693); 3201 (-9.29228, 14.2491); ]
    3928 (0.394508, -10.5463) -> [ 674 (0.929877, -12.1767); 1079 (1.47047, -11.9949); 1343 (2.28923, -10.6667); ]
    3930 (-3.60185, 16.9302) -> [ 25 (-5.2692, 17.3321); 28 (-4.60594, 17.7978); ]
    3932 (8.82746, 23.404) -> [ 1819 (10.6105, 24.1371); 2001 (10.0217, 23.4945); 3133 (10.5903, 23.697); 3283 (10.2899, 23.8127); 3325 (10.6027, 23.9509); ]
    3933 (8.26697, 4.76497) -> [ 1890 (9.86695, 5.88346); 1999 (10.1028, 5.36619); 3107 (9.85752, 5.74716); ]
    3935 (14.2646, 18.3004) -> [ 313 (15.1643, 19.8912); 2009 (15.2237, 18.8816); ]
    3936 (20.1506, 20.1639) -> [ 261 (18.7995, 20.4523); 1217 (18.9167, 21.6083); 2028 (18.5764, 21.0051); 2216 (19.94, 22.034); 2285 (20.9736, 21.8249); 2638 (18.8203, 20.4996); 3471 (19.0265, 21.3127); 3753 (18.9531, 21.2708); ]
    3938 (-12.2061, -6.30976) -> [ 3056 (-11.4063, -7.7851); ]
    3939 (2.3473, 20.9175) -> [ 861 (3.40151, 22.5435); 999 (3.59204, 22.3043); 2275 (4.04289, 21.9445); 2883 (1.82875, 22.7792); 2888 (2.87809, 22.1329); 3062 (2.18889, 22.3349); 3480 (1.73643, 22.5274); ]
    3940 (17.8644, -2.10784) -> [ 1304 (19.5703, -2.4629); ]
    3942 (18.2349, -7.39787) -> [ 2582 (20.1199, -6.85288); ]
    3943 (6.52518, -8.92174) -> [ 129 (7.90997, -8.93188); 130 (8.05874, -9.88979); 286 (8.05567, -8.94242); 1061 (7.09747, -10.0804); 1445 (7.9351, -8.32702); 1844 (7.12997, -10.0533); 2679 (8.06746, -8.20568); 3297 (7.86024, -8.95803); 3994 (5.74521, -10.4766); ]
    3944 (19.8282, -3.54063) -> [ 3711 (21.6683, -2.98026); ]
    3945 (-4.6872, 12.7346) -> [ 16 (-5.25916, 14.6486); 479 (-5.07439, 13.5065); 604 (-3.68976, 13.5846); 826 (-3.65612, 14.1124); 846 (-4.31193, 11.1293); 881 (-6.02393, 14.1818); 1424 (-5.40806, 14.1072); 1491 (-6.24808, 12.4168); 1681 (-6.14393, 12.7883); 1930 (-4.36134, 14.6797); 2133 (-3.67921, 14.206); 2322 (-4.86606, 13.618); 2338 (-5.81912, 11.3249); 2548 (-3.83028, 13.2291); 3007 (-4.12056, 14.2811); 3069 (-6.09759, 13.2657); 3181 (-3.8209, 14.3582); 3186 (-6.14815, 11.5133); 3370 (-4.56355, 14.0964); ]
    3946 (9.87769, 7.72256) -> [ 3346 (10.6149, 9.40592); 3969 (10.952, 9.3231); ]
    3947 (13.9467, 6.06336) -> [ 1059 (15.8626, 6.43577); 1788 (14.7009, 7.91162); 2686 (14.3068, 7.89912); ]
    3948 (2.11065, 3.50471) -> [ 342 (2.38543, 1.69486); ]
    3950 (9.635, -12.0386) -> [ 2877 (11.0699, -11.2962); ]
    3951 (9.2684, 16.857) -> [ 668 (11.0541, 16.3958); 1507 (11.0115, 16.3109); ]
    3952 (-6.5882, 13.7566) -> [ 2039 (-7.67559, 14.9101); ]
    3957 (-3.18703, 8.32715) -> [ 641 (-4.57656, 9.49373); 1237 (-3.71967, 6.54009); 1948 (-2.01269, 6.7458); ]
    3958 (9.23495, 24.7645) -> [ 2270 (10.3923, 24.7792); ]
    3959 (20.5937, -8.09303) -> [ 3189 (22.5007, -7.86373); 3193 (22.3917, -7.3605); ]
    3960 (10.2577, -8.42259) -> [ 611 (12.1641, -8.03293); 902 (10.6811, -10.2468); 1374 (11.0883, -7.18155); 1645 (11.3622, -6.91978); 2314 (11.233, -7.19613); ]
    3961 (4.46233, -5.30923) -> [ 1337 (6.07061, -6.09137); ]
    3962 (23.4396, -9.21945) -> [ 2917 (24.7803, -8.08329); ]
    3963 (23.028, 7.36364) -> [ 815 (23.2065, 9.05536); ]
    3964 (-12.3454, 21.0109) -> [ 3894 (-11.8389, 22.7579); ]
    3965 (22.8322, -4.24764) -> [ 865 (24.2475, -3.6225); 2657 (24.6364, -3.95713); ]
    3966 (15.7706, 0.124844) -> [ 627 (16.5034, 1.92492); 2741 (16.2442, 1.68467); 3366 (17.0245, 1.46974); 3861 (15.9769, 1.73971); ]
    3967 (-8.03769, 8.81458) -> [ 2494 (-8.95147, 7.21137); ]
    3968 (22.2922, -4.26304) -> [ 571 (24.1251, -4.75667); ]
    3972 (17.3156, 23.0246) -> [ 360 (18.4431, 23.4146); 2182 (18.7844, 23.9824); ]
    3973 (21.4529, -4.30931) -> [ 257 (22.0868, -6.20043); 661 (22.7228, -4.92217); 1286 (22.9262, -5.57007); 3140 (23.2486, -5.07343); 3756 (22.9469, -3.51306); 3965 (22.8322, -4.24764); ]
    3976 (6.27366, -6.8945) -> [ 2443 (7.40183, -8.1062); 2507 (8.07557, -7.61122); ]
    3977 (3.95376, -1.06901) -> [ 2408 (5.1197, -2.04492); ]
    3978 (-4.59294, 10.0506) -> [ 187 (-5.72853, 8.80008); 324 (-6.46682, 10.0014); 1174 (-6.27225, 9.06014); 1956 (-4.38359, 8.29757); ]
    3979 (-2.68396, -10.1324) -> [ 2295 (-2.76716, -11.4136); ]
    3981 (17.7086, -8.42479) -> [ 2624 (19.6286, -8.00021); ]
    3982 (17.1496, 6.61081) -> [ 644 (18.3194, 7.85182); 1762 (17.345, 7.85112); 2740 (18.3942, 7.58309); 3149 (17.523, 8.19483); ]
    3983 (4.87514, 22.5135) -> [ 1143 (5.82306, 24.0633); 3693 (6.49559, 23.43); ]
    3986 (3.46902, 12.982) -> [ 825 (5.06855, 13.7798); 3290 (5.03784, 13.9384); ]
    3987 (-0.577478, -0.839973) -> [ 27 (0.989657, -1.85933); 727 (-1.17157, -2.49047); 867 (0.29951, -1.79561); 2104 (-1.13393, -2.48579); 2255 (-0.689286, -2.68852); 2419 (-0.150628, -2.58854); ]
    3988 (13.8591, 1.01006) -> [ 1241 (15.6998, 1.77454); 1656 (15.4946, 1.83117); 1732 (15.1068, 2.49876); 2622 (15.3724, 2.06845); ]
    3989 (5.44784, 10.1842) -> [ 3292 (6.88871, 8.96926); ]
    3990 (-2.22573, 10.0446) -> [ 52 (-3.65138, 9.17014); 472 (-2.15998, 8.38475); 759 (-2.34702, 8.37614); 3478 (-1.83885, 8.2333); 3957 (-3.18703, 8.32715); ]
    3991 (16.5277, -3.87765) -> [ 111 (18.0393, -4.6366); 296 (17.1605, -5.52664); 717 (18.3157, -3.4638); 1285 (17.4982, -5.61331); 3712 (17.617, -2.85382); ]
    3992 (-11.3734, -0.981161) -> [ 371 (-10.2195, -1.72989); 1169 (-10.0746, -2.36131); 2945 (-12.4197, 0.380606); 3814 (-10.6362, -2.82167); ]
    3994 (5.74521, -10.4766) -> [ 429 (7.43992, -11.2325); 517 (7.0573, -11.7712); 2416 (6.54081, -12.2007); 3494 (7.24173, -11.5876); ]
    3996 (15.8906, -10.9729) -> [ 174 (17.6183, -10.4086); 550 (17.0936, -11.0863); 659 (17.1849, -12.0797); 1345 (17.5607, -11.6142); ]
    3997 (4.32958, 3.193) -> [ 708 (6.02624, 2.48058); ]
    3998 (3.40898, 1.50814) -> [ 1825 (5.10614, 0.946859); 2063 (3.82757, -0.406193); 2367 (5.0107, 1.30353); 2476 (3.31809, -0.483354); 2553 (5.24934, 1.81408); 3488 (4.86585, 0.190767); ]
